[OMPT] ompt_initialize (OPCIÓN C: integrador con fugas)
[HWLOC] Nodos NUMA detectados: 2
[HWLOC] Nodo 0: 128 CPUs
[HWLOC] Nodo 1: 128 CPUs
[OMPT] callback 'ompt_callback_thread_begin' registrado (result=5)
[OMPT] callback 'ompt_callback_thread_end' registrado (result=5)
[OMPT] callback 'ompt_callback_parallel_begin' registrado (result=5)
[OMPT] callback 'ompt_callback_parallel_end' registrado (result=5)
[OMPT] callback 'ompt_callback_implicit_task' registrado (result=5)
[OMPT] callback 'ompt_callback_control_tool' registrado (result=5)
[OMPT] Callbacks registrados
[OMPT] Sistema: 0 procesadores lógicos
[OMPT][MON] Monitor (C: integrador con fugas)  período=100ms  warmup=5  T=ref+1.00*MAD  leak=0.50*MAD  cap=8.00*MAD  max_mig=1
[OMPT][PERF] Contadores pausados (esperando start) tid=85231
[OMPT] thread_begin: tipo=ompt_thread_initial    ompt_id=281474976710657 tid=85231 cpu=255 numa=1
[OMPT] implicit_task_begin: parallel_id=0 thread_num=1 team_size=1
[OMPT] parallel_begin: parallel_id=281474976710659 team_size=16
[OMPT][PERF] Contadores pausados (esperando start) tid=85233
[OMPT] thread_begin: tipo=ompt_thread_worker     ompt_id=562949953421313 tid=85233 cpu=215 numa=1
[OMPT][PERF] Contadores pausados (esperando start) tid=85234
[OMPT] thread_begin: tipo=ompt_thread_worker     ompt_id=844424930131969 tid=85234 cpu=223 numa=1
[OMPT][PERF] Contadores pausados (esperando start) tid=85235
[OMPT] thread_begin: tipo=ompt_thread_worker     ompt_id=1125899906842625 tid=85235 cpu=0 numa=0
[OMPT][PERF] Contadores pausados (esperando start) tid=85236
[OMPT] thread_begin: tipo=ompt_thread_worker     ompt_id=1407374883553281 tid=85236 cpu=231 numa=1
[OMPT][PERF] Contadores pausados (esperando start) tid=85237
[OMPT] thread_begin: tipo=ompt_thread_worker     ompt_id=1688849860263937 tid=85237 cpu=239 numa=1
[OMPT][PERF] Contadores pausados (esperando start) tid=85238
[OMPT] thread_begin: tipo=ompt_thread_worker     ompt_id=1970324836974593 tid=85238 cpu=141 numa=0
[OMPT][PERF] Contadores pausados (esperando start) tid=85239
[OMPT] thread_begin: tipo=ompt_thread_worker     ompt_id=2251799813685249 tid=85239 cpu=247 numa=1
[OMPT][PERF] Contadores pausados (esperando start) tid=85240
[OMPT] thread_begin: tipo=ompt_thread_worker     ompt_id=2533274790395905 tid=85240 cpu=199 numa=1
[OMPT][PERF] Contadores pausados (esperando start) tid=85243
[OMPT] thread_begin: tipo=ompt_thread_worker     ompt_id=2814749767106561 tid=85243 cpu=215 numa=1
[OMPT][PERF] Contadores pausados (esperando start) tid=85242
[OMPT] thread_begin: tipo=ompt_thread_worker     ompt_id=3096224743817217 tid=85242 cpu=141 numa=0
[OMPT][PERF] Contadores pausados (esperando start) tid=85241
[OMPT] thread_begin: tipo=ompt_thread_worker     ompt_id=3377699720527873 tid=85241 cpu=207 numa=1
[OMPT][PERF] Contadores pausados (esperando start) tid=85244
[OMPT] thread_begin: tipo=ompt_thread_worker     ompt_id=3659174697238529 tid=85244 cpu=223 numa=1
[OMPT][PERF] Contadores pausados (esperando start) tid=85245
[OMPT] thread_begin: tipo=ompt_thread_worker     ompt_id=3940649673949185 tid=85245 cpu=141 numa=0
[OMPT][PERF] Contadores pausados (esperando start) tid=85246
[OMPT] thread_begin: tipo=ompt_thread_worker     ompt_id=4222124650659841 tid=85246 cpu=239 numa=1
[OMPT] implicit_task_begin: parallel_id=281474976710659 thread_num=12 team_size=16
[OMPT][PERF] Contadores pausados (esperando start) tid=85247
[OMPT] thread_begin: tipo=ompt_thread_worker     ompt_id=4503599627370497 tid=85247 cpu=231 numa=1
[OMPT] implicit_task_begin: parallel_id=281474976710659 thread_num=4 team_size=16
[OMPT] implicit_task_begin: parallel_id=281474976710659 thread_num=6 team_size=16
[OMPT] implicit_task_begin: parallel_id=281474976710659 thread_num=5 team_size=16
[OMPT] implicit_task_begin: parallel_id=281474976710659 thread_num=3 team_size=16
[OMPT] implicit_task_begin: parallel_id=281474976710659 thread_num=14 team_size=16
[OMPT] implicit_task_begin: parallel_id=281474976710659 thread_num=15 team_size=16
[OMPT] implicit_task_begin: parallel_id=281474976710659 thread_num=2 team_size=16
[OMPT] implicit_task_begin: parallel_id=281474976710659 thread_num=13 team_size=16
[OMPT] implicit_task_begin: parallel_id=281474976710659 thread_num=8 team_size=16
[OMPT] implicit_task_begin: parallel_id=281474976710659 thread_num=1 team_size=16
[OMPT] implicit_task_begin: parallel_id=281474976710659 thread_num=11 team_size=16
[OMPT] implicit_task_begin: parallel_id=281474976710659 thread_num=0 team_size=16
[OMPT] implicit_task_begin: parallel_id=281474976710659 thread_num=10 team_size=16
[OMPT] implicit_task_begin: parallel_id=281474976710659 thread_num=9 team_size=16
[OMPT] implicit_task_begin: parallel_id=281474976710659 thread_num=7 team_size=16
[OMPT] implicit_task_end: parallel_id=0 thread_num=0
[OMPT] parallel_end: parallel_id=281474976710659
[OMPT] parallel_begin: parallel_id=281474976710661 team_size=16
[OMPT] implicit_task_end: parallel_id=0 thread_num=12
[OMPT] implicit_task_end: parallel_id=0 thread_num=15
[OMPT] implicit_task_begin: parallel_id=281474976710661 thread_num=12 team_size=16
[OMPT] implicit_task_end: parallel_id=0 thread_num=8
[OMPT] implicit_task_end: parallel_id=0 thread_num=4
[OMPT] implicit_task_end: parallel_id=0 thread_num=11
[OMPT] implicit_task_begin: parallel_id=281474976710661 thread_num=8 team_size=16
[OMPT] implicit_task_begin: parallel_id=281474976710661 thread_num=4 team_size=16
[OMPT] implicit_task_end: parallel_id=0 thread_num=13
[OMPT] implicit_task_begin: parallel_id=281474976710661 thread_num=13 team_size=16
[OMPT] implicit_task_begin: parallel_id=281474976710661 thread_num=0 team_size=16
[OMPT] implicit_task_end: parallel_id=0 thread_num=2
[OMPT] implicit_task_begin: parallel_id=281474976710661 thread_num=2 team_size=16
[OMPT] implicit_task_end: parallel_id=0 thread_num=10
[OMPT] implicit_task_begin: parallel_id=281474976710661 thread_num=10 team_size=16
[OMPT] implicit_task_end: parallel_id=0 thread_num=9
[OMPT] implicit_task_end: parallel_id=0 thread_num=6
[OMPT] implicit_task_end: parallel_id=0 thread_num=5
[OMPT] implicit_task_begin: parallel_id=281474976710661 thread_num=9 team_size=16
[OMPT] implicit_task_begin: parallel_id=281474976710661 thread_num=6 team_size=16
[OMPT] implicit_task_end: parallel_id=0 thread_num=3
[OMPT] implicit_task_end: parallel_id=0 thread_num=7
[OMPT] implicit_task_end: parallel_id=0 thread_num=14
[OMPT] implicit_task_begin: parallel_id=281474976710661 thread_num=7 team_size=16
[OMPT] implicit_task_begin: parallel_id=281474976710661 thread_num=15 team_size=16
[OMPT] implicit_task_begin: parallel_id=281474976710661 thread_num=5 team_size=16
[OMPT] implicit_task_begin: parallel_id=281474976710661 thread_num=14 team_size=16
[OMPT] implicit_task_end: parallel_id=0 thread_num=1
[OMPT] implicit_task_begin: parallel_id=281474976710661 thread_num=11 team_size=16
[OMPT] implicit_task_begin: parallel_id=281474976710661 thread_num=1 team_size=16
[OMPT] implicit_task_begin: parallel_id=281474976710661 thread_num=3 team_size=16
[OMPT] implicit_task_end: parallel_id=0 thread_num=0
[OMPT] parallel_end: parallel_id=281474976710661
[OMPT] parallel_begin: parallel_id=281474976710663 team_size=16
[OMPT] implicit_task_end: parallel_id=0 thread_num=12
[OMPT] implicit_task_begin: parallel_id=281474976710663 thread_num=0 team_size=16
[OMPT] implicit_task_end: parallel_id=0 thread_num=1
[OMPT] implicit_task_end: parallel_id=0 thread_num=13
[OMPT] implicit_task_begin: parallel_id=281474976710663 thread_num=1 team_size=16
[OMPT] implicit_task_begin: parallel_id=281474976710663 thread_num=13 team_size=16
[OMPT] implicit_task_end: parallel_id=0 thread_num=14
[OMPT] implicit_task_end: parallel_id=0 thread_num=15
[OMPT] implicit_task_begin: parallel_id=281474976710663 thread_num=14 team_size=16
[OMPT] implicit_task_begin: parallel_id=281474976710663 thread_num=15 team_size=16
[OMPT] implicit_task_end: parallel_id=0 thread_num=8
[OMPT] implicit_task_end: parallel_id=0 thread_num=4
[OMPT] implicit_task_end: parallel_id=0 thread_num=9
[OMPT] implicit_task_end: parallel_id=0 thread_num=6
[OMPT] implicit_task_begin: parallel_id=281474976710663 thread_num=4 team_size=16
[OMPT] implicit_task_begin: parallel_id=281474976710663 thread_num=6 team_size=16
[OMPT] implicit_task_begin: parallel_id=281474976710663 thread_num=8 team_size=16
[OMPT] implicit_task_end: parallel_id=0 thread_num=2
[OMPT] implicit_task_begin: parallel_id=281474976710663 thread_num=2 team_size=16
[OMPT] implicit_task_end: parallel_id=0 thread_num=7
[OMPT] implicit_task_begin: parallel_id=281474976710663 thread_num=7 team_size=16
[OMPT] implicit_task_end: parallel_id=0 thread_num=5
[OMPT] implicit_task_begin: parallel_id=281474976710663 thread_num=5 team_size=16
[OMPT] implicit_task_begin: parallel_id=281474976710663 thread_num=9 team_size=16
[OMPT] implicit_task_end: parallel_id=0 thread_num=3
[OMPT] implicit_task_begin: parallel_id=281474976710663 thread_num=3 team_size=16
[OMPT] implicit_task_begin: parallel_id=281474976710663 thread_num=12 team_size=16
[OMPT] implicit_task_end: parallel_id=0 thread_num=10
[OMPT] implicit_task_begin: parallel_id=281474976710663 thread_num=10 team_size=16
[OMPT] implicit_task_end: parallel_id=0 thread_num=11
[OMPT] implicit_task_begin: parallel_id=281474976710663 thread_num=11 team_size=16
[OMPT] implicit_task_end: parallel_id=0 thread_num=0
[OMPT] parallel_end: parallel_id=281474976710663
[OMPT] parallel_begin: parallel_id=281474976710665 team_size=16
[OMPT] implicit_task_end: parallel_id=0 thread_num=12
[OMPT] implicit_task_end: parallel_id=0 thread_num=15
[OMPT] implicit_task_end: parallel_id=0 thread_num=3
[OMPT] implicit_task_begin: parallel_id=281474976710665 thread_num=15 team_size=16
[OMPT] implicit_task_end: parallel_id=0 thread_num=4
[OMPT] implicit_task_end: parallel_id=0 thread_num=6
[OMPT] implicit_task_begin: parallel_id=281474976710665 thread_num=4 team_size=16
[OMPT] implicit_task_end: parallel_id=0 thread_num=1
[OMPT] implicit_task_begin: parallel_id=281474976710665 thread_num=0 team_size=16
[OMPT] implicit_task_begin: parallel_id=281474976710665 thread_num=1 team_size=16
[OMPT] implicit_task_begin: parallel_id=281474976710665 thread_num=12 team_size=16
[OMPT] implicit_task_begin: parallel_id=281474976710665 thread_num=3 team_size=16
[OMPT] implicit_task_end: parallel_id=0 thread_num=5
[OMPT] implicit_task_begin: parallel_id=281474976710665 thread_num=5 team_size=16
[OMPT] implicit_task_end: parallel_id=0 thread_num=7
[OMPT] implicit_task_end: parallel_id=0 thread_num=8
[OMPT] implicit_task_end: parallel_id=0 thread_num=10
[OMPT] implicit_task_begin: parallel_id=281474976710665 thread_num=7 team_size=16
[OMPT] implicit_task_end: parallel_id=0 thread_num=13
[OMPT] implicit_task_end: parallel_id=0 thread_num=2
[OMPT] implicit_task_begin: parallel_id=281474976710665 thread_num=2 team_size=16
[OMPT] implicit_task_end: parallel_id=0 thread_num=9
[OMPT] implicit_task_begin: parallel_id=281474976710665 thread_num=6 team_size=16
[OMPT] implicit_task_end: parallel_id=0 thread_num=14
[OMPT] implicit_task_begin: parallel_id=281474976710665 thread_num=8 team_size=16
[OMPT] implicit_task_begin: parallel_id=281474976710665 thread_num=10 team_size=16
[OMPT] implicit_task_begin: parallel_id=281474976710665 thread_num=13 team_size=16
[OMPT] implicit_task_begin: parallel_id=281474976710665 thread_num=14 team_size=16
[OMPT] implicit_task_end: parallel_id=0 thread_num=11
[OMPT] implicit_task_begin: parallel_id=281474976710665 thread_num=9 team_size=16
[OMPT] implicit_task_begin: parallel_id=281474976710665 thread_num=11 team_size=16
[OMPT] implicit_task_end: parallel_id=0 thread_num=0
[OMPT] parallel_end: parallel_id=281474976710665
[OMPT] parallel_begin: parallel_id=281474976710667 team_size=16
[OMPT] implicit_task_end: parallel_id=0 thread_num=12
[OMPT] implicit_task_end: parallel_id=0 thread_num=15
[OMPT] implicit_task_begin: parallel_id=281474976710667 thread_num=12 team_size=16
[OMPT] implicit_task_end: parallel_id=0 thread_num=8
[OMPT] implicit_task_begin: parallel_id=281474976710667 thread_num=15 team_size=16
[OMPT] implicit_task_end: parallel_id=0 thread_num=11
[OMPT] implicit_task_begin: parallel_id=281474976710667 thread_num=8 team_size=16
[OMPT] implicit_task_end: parallel_id=0 thread_num=1
[OMPT] implicit_task_begin: parallel_id=281474976710667 thread_num=11 team_size=16
[OMPT] implicit_task_end: parallel_id=0 thread_num=14
[OMPT] implicit_task_begin: parallel_id=281474976710667 thread_num=0 team_size=16
[OMPT] implicit_task_begin: parallel_id=281474976710667 thread_num=14 team_size=16
[OMPT] implicit_task_end: parallel_id=0 thread_num=10
[OMPT] implicit_task_begin: parallel_id=281474976710667 thread_num=10 team_size=16
[OMPT] implicit_task_end: parallel_id=0 thread_num=9
[OMPT] implicit_task_end: parallel_id=0 thread_num=3
[OMPT] implicit_task_begin: parallel_id=281474976710667 thread_num=9 team_size=16
[OMPT] implicit_task_end: parallel_id=0 thread_num=4
[OMPT] implicit_task_begin: parallel_id=281474976710667 thread_num=1 team_size=16
[OMPT] implicit_task_end: parallel_id=0 thread_num=5
[OMPT] implicit_task_begin: parallel_id=281474976710667 thread_num=4 team_size=16
[OMPT] implicit_task_begin: parallel_id=281474976710667 thread_num=3 team_size=16
[OMPT] implicit_task_end: parallel_id=0 thread_num=7
[OMPT] implicit_task_end: parallel_id=0 thread_num=13
[OMPT] implicit_task_end: parallel_id=0 thread_num=2
[OMPT] implicit_task_begin: parallel_id=281474976710667 thread_num=13 team_size=16
[OMPT] implicit_task_begin: parallel_id=281474976710667 thread_num=5 team_size=16
[OMPT] implicit_task_end: parallel_id=0 thread_num=6
[OMPT] implicit_task_begin: parallel_id=281474976710667 thread_num=7 team_size=16
[OMPT] implicit_task_begin: parallel_id=281474976710667 thread_num=2 team_size=16
[OMPT] implicit_task_begin: parallel_id=281474976710667 thread_num=6 team_size=16
[OMPT] implicit_task_end: parallel_id=0 thread_num=0
[OMPT] parallel_end: parallel_id=281474976710667
[OMPT] control_tool: INICIANDO medicion
[OMPT] parallel_begin: parallel_id=281474976710669 team_size=16
[OMPT] implicit_task_end: parallel_id=0 thread_num=12
[OMPT] implicit_task_end: parallel_id=0 thread_num=8
[OMPT] implicit_task_end: parallel_id=0 thread_num=2
[OMPT] implicit_task_end: parallel_id=0 thread_num=15
[OMPT] implicit_task_begin: parallel_id=281474976710669 thread_num=2 team_size=16
[OMPT] implicit_task_end: parallel_id=0 thread_num=11
[OMPT] implicit_task_begin: parallel_id=281474976710669 thread_num=15 team_size=16
[OMPT] implicit_task_begin: parallel_id=281474976710669 thread_num=11 team_size=16
[OMPT] implicit_task_end: parallel_id=0 thread_num=13
[OMPT] implicit_task_end: parallel_id=0 thread_num=9
[OMPT] implicit_task_begin: parallel_id=281474976710669 thread_num=9 team_size=16
[OMPT] implicit_task_begin: parallel_id=281474976710669 thread_num=12 team_size=16
[OMPT] implicit_task_end: parallel_id=0 thread_num=4
[OMPT] implicit_task_end: parallel_id=0 thread_num=6
[OMPT] implicit_task_begin: parallel_id=281474976710669 thread_num=6 team_size=16
[OMPT] implicit_task_end: parallel_id=0 thread_num=3
[OMPT] implicit_task_begin: parallel_id=281474976710669 thread_num=3 team_size=16
[OMPT] implicit_task_end: parallel_id=0 thread_num=14
[OMPT] implicit_task_begin: parallel_id=281474976710669 thread_num=14 team_size=16
[OMPT] implicit_task_end: parallel_id=0 thread_num=10
[OMPT] implicit_task_begin: parallel_id=281474976710669 thread_num=10 team_size=16
[OMPT] implicit_task_begin: parallel_id=281474976710669 thread_num=13 team_size=16
[OMPT] implicit_task_begin: parallel_id=281474976710669 thread_num=8 team_size=16
[OMPT] implicit_task_end: parallel_id=0 thread_num=5
[OMPT] implicit_task_begin: parallel_id=281474976710669 thread_num=5 team_size=16
[OMPT] implicit_task_end: parallel_id=0 thread_num=7
[OMPT] implicit_task_begin: parallel_id=281474976710669 thread_num=7 team_size=16
[OMPT] implicit_task_begin: parallel_id=281474976710669 thread_num=4 team_size=16
[OMPT] implicit_task_end: parallel_id=0 thread_num=1
[OMPT] implicit_task_begin: parallel_id=281474976710669 thread_num=1 team_size=16
[OMPT] implicit_task_begin: parallel_id=281474976710669 thread_num=0 team_size=16
[OMPT] implicit_task_end: parallel_id=0 thread_num=0
[OMPT] parallel_end: parallel_id=281474976710669
[OMPT] parallel_begin: parallel_id=281474976710671 team_size=16
[OMPT] implicit_task_end: parallel_id=0 thread_num=2
[OMPT] implicit_task_end: parallel_id=0 thread_num=8
[OMPT] implicit_task_end: parallel_id=0 thread_num=10
[OMPT] implicit_task_end: parallel_id=0 thread_num=12
[OMPT] implicit_task_begin: parallel_id=281474976710671 thread_num=10 team_size=16
[OMPT] implicit_task_end: parallel_id=0 thread_num=13
[OMPT] implicit_task_end: parallel_id=0 thread_num=1
[OMPT] implicit_task_begin: parallel_id=281474976710671 thread_num=0 team_size=16
[OMPT] implicit_task_begin: parallel_id=281474976710671 thread_num=2 team_size=16
[OMPT] implicit_task_end: parallel_id=0 thread_num=11
[OMPT] implicit_task_end: parallel_id=0 thread_num=9
[OMPT] implicit_task_begin: parallel_id=281474976710671 thread_num=8 team_size=16
[OMPT] implicit_task_end: parallel_id=0 thread_num=15
[OMPT] implicit_task_end: parallel_id=0 thread_num=14
[OMPT] implicit_task_begin: parallel_id=281474976710671 thread_num=12 team_size=16
[OMPT] implicit_task_end: parallel_id=0 thread_num=4
[OMPT] implicit_task_end: parallel_id=0 thread_num=5
[OMPT] implicit_task_begin: parallel_id=281474976710671 thread_num=4 team_size=16
[OMPT] implicit_task_begin: parallel_id=281474976710671 thread_num=13 team_size=16
[OMPT] implicit_task_end: parallel_id=0 thread_num=3
[OMPT] implicit_task_begin: parallel_id=281474976710671 thread_num=3 team_size=16
[OMPT] implicit_task_begin: parallel_id=281474976710671 thread_num=11 team_size=16
[OMPT] implicit_task_begin: parallel_id=281474976710671 thread_num=9 team_size=16
[OMPT] implicit_task_begin: parallel_id=281474976710671 thread_num=15 team_size=16
[OMPT] implicit_task_end: parallel_id=0 thread_num=6
[OMPT] implicit_task_begin: parallel_id=281474976710671 thread_num=6 team_size=16
[OMPT] implicit_task_end: parallel_id=0 thread_num=7
[OMPT] implicit_task_begin: parallel_id=281474976710671 thread_num=14 team_size=16
[OMPT] implicit_task_begin: parallel_id=281474976710671 thread_num=1 team_size=16
[OMPT] implicit_task_begin: parallel_id=281474976710671 thread_num=7 team_size=16
[OMPT] implicit_task_begin: parallel_id=281474976710671 thread_num=5 team_size=16
[OMPT][WIN100ms] ompt_id=281474976710657 tid=85231  tipo=ompt_thread_initial    cpu=255 numa=1  d_rm=       7  d_instr=1463550248  d_cyc= 373470846  d_all= 9486622  IPC=3.919  ratio_rm=0.0000
[OMPT][WIN100ms] ompt_id=562949953421313 tid=85233  tipo=ompt_thread_worker     cpu= 80 numa=1  d_rm=       4  d_instr=1471885015  d_cyc= 372896317  d_all= 9514815  IPC=3.947  ratio_rm=0.0000
[OMPT][WIN100ms] ompt_id=844424930131969 tid=85234  tipo=ompt_thread_worker     cpu= 88 numa=1  d_rm=      42  d_instr=1473633421  d_cyc= 374129653  d_all= 9534966  IPC=3.939  ratio_rm=0.0000
[OMPT][WIN100ms] ompt_id=1125899906842625 tid=85235  tipo=ompt_thread_worker     cpu=  0 numa=0  d_rm=     269  d_instr=1463024195  d_cyc= 373606416  d_all= 9458200  IPC=3.916  ratio_rm=0.0000
[OMPT][WIN100ms] ompt_id=1407374883553281 tid=85236  tipo=ompt_thread_worker     cpu= 96 numa=1  d_rm=       2  d_instr=1471001470  d_cyc= 373569888  d_all= 9509974  IPC=3.938  ratio_rm=0.0000
[OMPT][WIN100ms] ompt_id=1688849860263937 tid=85237  tipo=ompt_thread_worker     cpu= 98 numa=1  d_rm=       1  d_instr=1470806913  d_cyc= 374262800  d_all= 9509063  IPC=3.930  ratio_rm=0.0000
[OMPT][WIN100ms] ompt_id=1970324836974593 tid=85238  tipo=ompt_thread_worker     cpu= 97 numa=1  d_rm=      25  d_instr=1467796223  d_cyc= 374331156  d_all= 9480875  IPC=3.921  ratio_rm=0.0000
[OMPT][WIN100ms] ompt_id=2251799813685249 tid=85239  tipo=ompt_thread_worker     cpu=247 numa=1  d_rm=       6  d_instr=1471371310  d_cyc= 373940981  d_all= 9498121  IPC=3.935  ratio_rm=0.0000
[OMPT][WIN100ms] ompt_id=2533274790395905 tid=85240  tipo=ompt_thread_worker     cpu=199 numa=1  d_rm=       4  d_instr=1471600426  d_cyc= 373888833  d_all= 9491191  IPC=3.936  ratio_rm=0.0000
[OMPT][WIN100ms] ompt_id=2814749767106561 tid=85243  tipo=ompt_thread_worker     cpu=215 numa=1  d_rm=       2  d_instr=1470600526  d_cyc= 373705022  d_all= 9498602  IPC=3.935  ratio_rm=0.0000
[OMPT][WIN100ms] ompt_id=3096224743817217 tid=85242  tipo=ompt_thread_worker     cpu= 64 numa=1  d_rm=      25  d_instr=1476928163  d_cyc= 374831374  d_all= 9536508  IPC=3.940  ratio_rm=0.0000
[OMPT][WIN100ms] ompt_id=3377699720527873 tid=85241  tipo=ompt_thread_worker     cpu=207 numa=1  d_rm=       4  d_instr=1466948147  d_cyc= 373906517  d_all= 9459334  IPC=3.923  ratio_rm=0.0000
[OMPT][WIN100ms] ompt_id=3659174697238529 tid=85244  tipo=ompt_thread_worker     cpu=223 numa=1  d_rm=      69  d_instr=1471212462  d_cyc= 373751673  d_all= 9499727  IPC=3.936  ratio_rm=0.0000
[OMPT][WIN100ms] ompt_id=3940649673949185 tid=85245  tipo=ompt_thread_worker     cpu=141 numa=0  d_rm=     296  d_instr=1468682867  d_cyc= 374711548  d_all= 9493383  IPC=3.920  ratio_rm=0.0000
[OMPT][WIN100ms] ompt_id=4222124650659841 tid=85246  tipo=ompt_thread_worker     cpu=239 numa=1  d_rm=      10  d_instr=1465851264  d_cyc= 373551069  d_all= 9459990  IPC=3.924  ratio_rm=0.0000
[OMPT][WIN100ms] ompt_id=4503599627370497 tid=85247  tipo=ompt_thread_worker     cpu=231 numa=1  d_rm=       4  d_instr=1469556766  d_cyc= 373885933  d_all= 9481500  IPC=3.930  ratio_rm=0.0000
[OMPT] implicit_task_end: parallel_id=0 thread_num=0
[OMPT] parallel_end: parallel_id=281474976710671
[OMPT] parallel_begin: parallel_id=281474976710673 team_size=16
[OMPT] implicit_task_end: parallel_id=0 thread_num=12
[OMPT] implicit_task_begin: parallel_id=281474976710673 thread_num=0 team_size=16
[OMPT] implicit_task_end: parallel_id=0 thread_num=13
[OMPT] implicit_task_end: parallel_id=0 thread_num=2
[OMPT] implicit_task_begin: parallel_id=281474976710673 thread_num=12 team_size=16
[OMPT] implicit_task_begin: parallel_id=281474976710673 thread_num=13 team_size=16
[OMPT] implicit_task_begin: parallel_id=281474976710673 thread_num=2 team_size=16
[OMPT] implicit_task_end: parallel_id=0 thread_num=15
[OMPT] implicit_task_end: parallel_id=0 thread_num=14
[OMPT] implicit_task_end: parallel_id=0 thread_num=8
[OMPT] implicit_task_end: parallel_id=0 thread_num=11
[OMPT] implicit_task_begin: parallel_id=281474976710673 thread_num=8 team_size=16
[OMPT] implicit_task_end: parallel_id=0 thread_num=4
[OMPT] implicit_task_end: parallel_id=0 thread_num=6
[OMPT] implicit_task_end: parallel_id=0 thread_num=1
[OMPT] implicit_task_begin: parallel_id=281474976710673 thread_num=15 team_size=16
[OMPT] implicit_task_begin: parallel_id=281474976710673 thread_num=4 team_size=16
[OMPT] implicit_task_end: parallel_id=0 thread_num=10
[OMPT] implicit_task_begin: parallel_id=281474976710673 thread_num=1 team_size=16
[OMPT] implicit_task_end: parallel_id=0 thread_num=9
[OMPT] implicit_task_end: parallel_id=0 thread_num=3
[OMPT] implicit_task_begin: parallel_id=281474976710673 thread_num=9 team_size=16
[OMPT] implicit_task_begin: parallel_id=281474976710673 thread_num=3 team_size=16
[OMPT] implicit_task_end: parallel_id=0 thread_num=5
[OMPT] implicit_task_end: parallel_id=0 thread_num=7
[OMPT] implicit_task_begin: parallel_id=281474976710673 thread_num=6 team_size=16
[OMPT] implicit_task_begin: parallel_id=281474976710673 thread_num=10 team_size=16
[OMPT] implicit_task_begin: parallel_id=281474976710673 thread_num=14 team_size=16
[OMPT] implicit_task_begin: parallel_id=281474976710673 thread_num=5 team_size=16
[OMPT] implicit_task_begin: parallel_id=281474976710673 thread_num=11 team_size=16
[OMPT] implicit_task_begin: parallel_id=281474976710673 thread_num=7 team_size=16
[OMPT][WIN100ms] ompt_id=281474976710657 tid=85231  tipo=ompt_thread_initial    cpu=255 numa=1  d_rm=       5  d_instr=1474277594  d_cyc= 375039772  d_all= 9546483  IPC=3.931  ratio_rm=0.0000
[OMPT][WIN100ms] ompt_id=562949953421313 tid=85233  tipo=ompt_thread_worker     cpu= 80 numa=1  d_rm=       4  d_instr=1466994295  d_cyc= 373302782  d_all= 9482919  IPC=3.930  ratio_rm=0.0000
[OMPT][WIN100ms] ompt_id=844424930131969 tid=85234  tipo=ompt_thread_worker     cpu= 88 numa=1  d_rm=      38  d_instr=1465874500  d_cyc= 373881176  d_all= 9475361  IPC=3.921  ratio_rm=0.0000
[OMPT][WIN100ms] ompt_id=1125899906842625 tid=85235  tipo=ompt_thread_worker     cpu=  0 numa=0  d_rm=     306  d_instr=1472015469  d_cyc= 373661387  d_all= 9525096  IPC=3.939  ratio_rm=0.0000
[OMPT][WIN100ms] ompt_id=1407374883553281 tid=85236  tipo=ompt_thread_worker     cpu= 96 numa=1  d_rm=       1  d_instr=1473602486  d_cyc= 373804734  d_all= 9514562  IPC=3.942  ratio_rm=0.0000
[OMPT][WIN100ms] ompt_id=1688849860263937 tid=85237  tipo=ompt_thread_worker     cpu= 98 numa=1  d_rm=       2  d_instr=1475997510  d_cyc= 373902426  d_all= 9525166  IPC=3.948  ratio_rm=0.0000
[OMPT][WIN100ms] ompt_id=1970324836974593 tid=85238  tipo=ompt_thread_worker     cpu= 97 numa=1  d_rm=      44  d_instr=1474313924  d_cyc= 374045623  d_all= 9515775  IPC=3.942  ratio_rm=0.0000
[OMPT][WIN100ms] ompt_id=2251799813685249 tid=85239  tipo=ompt_thread_worker     cpu=247 numa=1  d_rm=       4  d_instr=1468365823  d_cyc= 373589456  d_all= 9479185  IPC=3.930  ratio_rm=0.0000
[OMPT][WIN100ms] ompt_id=2533274790395905 tid=85240  tipo=ompt_thread_worker     cpu=199 numa=1  d_rm=       3  d_instr=1473772502  d_cyc= 373954020  d_all= 9517199  IPC=3.941  ratio_rm=0.0000
[OMPT][WIN100ms] ompt_id=2814749767106561 tid=85243  tipo=ompt_thread_worker     cpu=215 numa=1  d_rm=       0  d_instr=1464770112  d_cyc= 373584611  d_all= 9461842  IPC=3.921  ratio_rm=0.0000
[OMPT][WIN100ms] ompt_id=3096224743817217 tid=85242  tipo=ompt_thread_worker     cpu= 64 numa=1  d_rm=      26  d_instr=1464815172  d_cyc= 373550094  d_all= 9446549  IPC=3.921  ratio_rm=0.0000
[OMPT][WIN100ms] ompt_id=3377699720527873 tid=85241  tipo=ompt_thread_worker     cpu=207 numa=1  d_rm=       4  d_instr=1470974777  d_cyc= 374138908  d_all= 9492629  IPC=3.932  ratio_rm=0.0000
[OMPT][WIN100ms] ompt_id=3659174697238529 tid=85244  tipo=ompt_thread_worker     cpu=223 numa=1  d_rm=      54  d_instr=1477226991  d_cyc= 374109642  d_all= 9536203  IPC=3.949  ratio_rm=0.0000
[OMPT][WIN100ms] ompt_id=3940649673949185 tid=85245  tipo=ompt_thread_worker     cpu=141 numa=0  d_rm=     317  d_instr=1470833338  d_cyc= 374699417  d_all= 9504098  IPC=3.925  ratio_rm=0.0000
[OMPT][WIN100ms] ompt_id=4222124650659841 tid=85246  tipo=ompt_thread_worker     cpu=239 numa=1  d_rm=       4  d_instr=1478187805  d_cyc= 373174253  d_all= 9547428  IPC=3.961  ratio_rm=0.0000
[OMPT][WIN100ms] ompt_id=4503599627370497 tid=85247  tipo=ompt_thread_worker     cpu=231 numa=1  d_rm=       2  d_instr=1468449039  d_cyc= 373838391  d_all= 9491710  IPC=3.928  ratio_rm=0.0000
[OMPT] implicit_task_end: parallel_id=0 thread_num=0
[OMPT] parallel_end: parallel_id=281474976710673
[OMPT] parallel_begin: parallel_id=281474976710675 team_size=16
[OMPT] implicit_task_end: parallel_id=0 thread_num=12
[OMPT] implicit_task_end: parallel_id=0 thread_num=15
[OMPT] implicit_task_begin: parallel_id=281474976710675 thread_num=12 team_size=16
[OMPT] implicit_task_end: parallel_id=0 thread_num=8
[OMPT] implicit_task_end: parallel_id=0 thread_num=10
[OMPT] implicit_task_end: parallel_id=0 thread_num=3
[OMPT] implicit_task_begin: parallel_id=281474976710675 thread_num=10 team_size=16
[OMPT] implicit_task_begin: parallel_id=281474976710675 thread_num=3 team_size=16
[OMPT] implicit_task_end: parallel_id=0 thread_num=1
[OMPT] implicit_task_begin: parallel_id=281474976710675 thread_num=0 team_size=16
[OMPT] implicit_task_end: parallel_id=0 thread_num=2
[OMPT] implicit_task_begin: parallel_id=281474976710675 thread_num=2 team_size=16
[OMPT] implicit_task_begin: parallel_id=281474976710675 thread_num=15 team_size=16
[OMPT] implicit_task_end: parallel_id=0 thread_num=11
[OMPT] implicit_task_begin: parallel_id=281474976710675 thread_num=11 team_size=16
[OMPT] implicit_task_end: parallel_id=0 thread_num=9
[OMPT] implicit_task_begin: parallel_id=281474976710675 thread_num=8 team_size=16
[OMPT] implicit_task_end: parallel_id=0 thread_num=4
[OMPT] implicit_task_begin: parallel_id=281474976710675 thread_num=9 team_size=16
[OMPT] implicit_task_end: parallel_id=0 thread_num=5
[OMPT] implicit_task_begin: parallel_id=281474976710675 thread_num=4 team_size=16
[OMPT] implicit_task_begin: parallel_id=281474976710675 thread_num=5 team_size=16
[OMPT] implicit_task_begin: parallel_id=281474976710675 thread_num=1 team_size=16
[OMPT] implicit_task_end: parallel_id=0 thread_num=7
[OMPT] implicit_task_end: parallel_id=0 thread_num=13
[OMPT] implicit_task_end: parallel_id=0 thread_num=14
[OMPT] implicit_task_end: parallel_id=0 thread_num=6
[OMPT] implicit_task_begin: parallel_id=281474976710675 thread_num=7 team_size=16
[OMPT] implicit_task_begin: parallel_id=281474976710675 thread_num=14 team_size=16
[OMPT] implicit_task_begin: parallel_id=281474976710675 thread_num=13 team_size=16
[OMPT] implicit_task_begin: parallel_id=281474976710675 thread_num=6 team_size=16
[OMPT][WIN100ms] ompt_id=281474976710657 tid=85231  tipo=ompt_thread_initial    cpu=255 numa=1  d_rm=       8  d_instr=1467063534  d_cyc= 373675733  d_all= 9499865  IPC=3.926  ratio_rm=0.0000
[OMPT][WIN100ms] ompt_id=562949953421313 tid=85233  tipo=ompt_thread_worker     cpu= 80 numa=1  d_rm=       7  d_instr=1470829801  d_cyc= 373085654  d_all= 9509981  IPC=3.942  ratio_rm=0.0000
[OMPT][WIN100ms] ompt_id=844424930131969 tid=85234  tipo=ompt_thread_worker     cpu= 88 numa=1  d_rm=      37  d_instr=1481308452  d_cyc= 373677529  d_all= 9575152  IPC=3.964  ratio_rm=0.0000
[OMPT][WIN100ms] ompt_id=1125899906842625 tid=85235  tipo=ompt_thread_worker     cpu=  0 numa=0  d_rm=     279  d_instr=1467992516  d_cyc= 374019355  d_all= 9487032  IPC=3.925  ratio_rm=0.0000
[OMPT][WIN100ms] ompt_id=1407374883553281 tid=85236  tipo=ompt_thread_worker     cpu= 96 numa=1  d_rm=       2  d_instr=1462681796  d_cyc= 372874951  d_all= 9446170  IPC=3.923  ratio_rm=0.0000
[OMPT][WIN100ms] ompt_id=1688849860263937 tid=85237  tipo=ompt_thread_worker     cpu= 98 numa=1  d_rm=       7  d_instr=1471763541  d_cyc= 374085370  d_all= 9498075  IPC=3.934  ratio_rm=0.0000
[OMPT][WIN100ms] ompt_id=1970324836974593 tid=85238  tipo=ompt_thread_worker     cpu= 97 numa=1  d_rm=      28  d_instr=1461383137  d_cyc= 373220861  d_all= 9433666  IPC=3.916  ratio_rm=0.0000
[OMPT][WIN100ms] ompt_id=2251799813685249 tid=85239  tipo=ompt_thread_worker     cpu=247 numa=1  d_rm=       8  d_instr=1472427644  d_cyc= 373506493  d_all= 9506170  IPC=3.942  ratio_rm=0.0000
[OMPT][WIN100ms] ompt_id=2533274790395905 tid=85240  tipo=ompt_thread_worker     cpu=199 numa=1  d_rm=       3  d_instr=1475341061  d_cyc= 373448463  d_all= 9526914  IPC=3.951  ratio_rm=0.0000
[OMPT][WIN100ms] ompt_id=2814749767106561 tid=85243  tipo=ompt_thread_worker     cpu=215 numa=1  d_rm=       0  d_instr=1475650638  d_cyc= 373728430  d_all= 9549415  IPC=3.948  ratio_rm=0.0000
[OMPT][WIN100ms] ompt_id=3096224743817217 tid=85242  tipo=ompt_thread_worker     cpu= 64 numa=1  d_rm=      21  d_instr=1474076019  d_cyc= 374151309  d_all= 9529278  IPC=3.940  ratio_rm=0.0000
[OMPT][WIN100ms] ompt_id=3377699720527873 tid=85241  tipo=ompt_thread_worker     cpu=207 numa=1  d_rm=       3  d_instr=1473881239  d_cyc= 373813431  d_all= 9520460  IPC=3.943  ratio_rm=0.0000
[OMPT][WIN100ms] ompt_id=3659174697238529 tid=85244  tipo=ompt_thread_worker     cpu=223 numa=1  d_rm=      57  d_instr=1463316838  d_cyc= 373956589  d_all= 9451620  IPC=3.913  ratio_rm=0.0000
[OMPT][WIN100ms] ompt_id=3940649673949185 tid=85245  tipo=ompt_thread_worker     cpu=141 numa=0  d_rm=     348  d_instr=1466951018  d_cyc= 373360385  d_all= 9484113  IPC=3.929  ratio_rm=0.0000
[OMPT][WIN100ms] ompt_id=4222124650659841 tid=85246  tipo=ompt_thread_worker     cpu=239 numa=1  d_rm=       4  d_instr=1464193055  d_cyc= 372576545  d_all= 9453407  IPC=3.930  ratio_rm=0.0000
[OMPT][WIN100ms] ompt_id=4503599627370497 tid=85247  tipo=ompt_thread_worker     cpu=231 numa=1  d_rm=       1  d_instr=1477237030  d_cyc= 373748708  d_all= 9547041  IPC=3.952  ratio_rm=0.0000
[OMPT] implicit_task_end: parallel_id=0 thread_num=0
[OMPT] parallel_end: parallel_id=281474976710675
[OMPT] parallel_begin: parallel_id=281474976710677 team_size=16
[OMPT] implicit_task_end: parallel_id=0 thread_num=12
[OMPT] implicit_task_end: parallel_id=0 thread_num=14
[OMPT] implicit_task_begin: parallel_id=281474976710677 thread_num=12 team_size=16
[OMPT] implicit_task_end: parallel_id=0 thread_num=8
[OMPT] implicit_task_end: parallel_id=0 thread_num=10
[OMPT] implicit_task_begin: parallel_id=281474976710677 thread_num=10 team_size=16
[OMPT] implicit_task_end: parallel_id=0 thread_num=1
[OMPT] implicit_task_begin: parallel_id=281474976710677 thread_num=1 team_size=16
[OMPT] implicit_task_end: parallel_id=0 thread_num=4
[OMPT] implicit_task_end: parallel_id=0 thread_num=7
[OMPT] implicit_task_end: parallel_id=0 thread_num=15
[OMPT] implicit_task_end: parallel_id=0 thread_num=13
[OMPT] implicit_task_begin: parallel_id=281474976710677 thread_num=7 team_size=16
[OMPT] implicit_task_end: parallel_id=0 thread_num=2
[OMPT] implicit_task_begin: parallel_id=281474976710677 thread_num=14 team_size=16
[OMPT] implicit_task_begin: parallel_id=281474976710677 thread_num=13 team_size=16
[OMPT] implicit_task_begin: parallel_id=281474976710677 thread_num=2 team_size=16
[OMPT] implicit_task_end: parallel_id=0 thread_num=9
[OMPT] implicit_task_end: parallel_id=0 thread_num=11
[OMPT] implicit_task_end: parallel_id=0 thread_num=3
[OMPT] implicit_task_begin: parallel_id=281474976710677 thread_num=3 team_size=16
[OMPT] implicit_task_begin: parallel_id=281474976710677 thread_num=8 team_size=16
[OMPT] implicit_task_end: parallel_id=0 thread_num=5
[OMPT] implicit_task_begin: parallel_id=281474976710677 thread_num=5 team_size=16
[OMPT] implicit_task_end: parallel_id=0 thread_num=6
[OMPT] implicit_task_begin: parallel_id=281474976710677 thread_num=6 team_size=16
[OMPT] implicit_task_begin: parallel_id=281474976710677 thread_num=4 team_size=16
[OMPT] implicit_task_begin: parallel_id=281474976710677 thread_num=0 team_size=16
[OMPT] implicit_task_begin: parallel_id=281474976710677 thread_num=15 team_size=16
[OMPT] implicit_task_begin: parallel_id=281474976710677 thread_num=9 team_size=16
[OMPT] implicit_task_begin: parallel_id=281474976710677 thread_num=11 team_size=16
[OMPT][WIN100ms] ompt_id=281474976710657 tid=85231  tipo=ompt_thread_initial    cpu=255 numa=1  d_rm=       4  d_instr=1464193770  d_cyc= 372722455  d_all= 9469739  IPC=3.928  ratio_rm=0.0000
[OMPT][WIN100ms] ompt_id=562949953421313 tid=85233  tipo=ompt_thread_worker     cpu=120 numa=1  d_rm=       5  d_instr=1465880174  d_cyc= 373469581  d_all= 9470533  IPC=3.925  ratio_rm=0.0000
[OMPT][WIN100ms] ompt_id=844424930131969 tid=85234  tipo=ompt_thread_worker     cpu= 88 numa=1  d_rm=      42  d_instr=1464443581  d_cyc= 373085925  d_all= 9448698  IPC=3.925  ratio_rm=0.0000
[OMPT][WIN100ms] ompt_id=1125899906842625 tid=85235  tipo=ompt_thread_worker     cpu=  0 numa=0  d_rm=     259  d_instr=1470419515  d_cyc= 373155631  d_all= 9503189  IPC=3.940  ratio_rm=0.0000
[OMPT][WIN100ms] ompt_id=1407374883553281 tid=85236  tipo=ompt_thread_worker     cpu=104 numa=1  d_rm=       3  d_instr=1478806165  d_cyc= 372607977  d_all= 9558942  IPC=3.969  ratio_rm=0.0000
[OMPT][WIN100ms] ompt_id=1688849860263937 tid=85237  tipo=ompt_thread_worker     cpu= 98 numa=1  d_rm=       2  d_instr=1469482218  d_cyc= 373654186  d_all= 9485104  IPC=3.933  ratio_rm=0.0000
[OMPT][WIN100ms] ompt_id=1970324836974593 tid=85238  tipo=ompt_thread_worker     cpu= 81 numa=1  d_rm=      46  d_instr=1479498633  d_cyc= 373475391  d_all= 9565092  IPC=3.961  ratio_rm=0.0000
[OMPT][WIN100ms] ompt_id=2251799813685249 tid=85239  tipo=ompt_thread_worker     cpu=247 numa=1  d_rm=       8  d_instr=1472412525  d_cyc= 374089109  d_all= 9507346  IPC=3.936  ratio_rm=0.0000
[OMPT][WIN100ms] ompt_id=2533274790395905 tid=85240  tipo=ompt_thread_worker     cpu=199 numa=1  d_rm=       3  d_instr=1465584555  d_cyc= 372979817  d_all= 9456963  IPC=3.929  ratio_rm=0.0000
[OMPT][WIN100ms] ompt_id=2814749767106561 tid=85243  tipo=ompt_thread_worker     cpu=215 numa=1  d_rm=       2  d_instr=1466263468  d_cyc= 372737584  d_all= 9476027  IPC=3.934  ratio_rm=0.0000
[OMPT][WIN100ms] ompt_id=3096224743817217 tid=85242  tipo=ompt_thread_worker     cpu= 64 numa=1  d_rm=      28  d_instr=1476206081  d_cyc= 373948571  d_all= 9531226  IPC=3.948  ratio_rm=0.0000
[OMPT][WIN100ms] ompt_id=3377699720527873 tid=85241  tipo=ompt_thread_worker     cpu=207 numa=1  d_rm=       5  d_instr=1471133265  d_cyc= 373037572  d_all= 9495746  IPC=3.944  ratio_rm=0.0000
[OMPT][WIN100ms] ompt_id=3659174697238529 tid=85244  tipo=ompt_thread_worker     cpu=223 numa=1  d_rm=      69  d_instr=1474451212  d_cyc= 374327600  d_all= 9527719  IPC=3.939  ratio_rm=0.0000
[OMPT][WIN100ms] ompt_id=3940649673949185 tid=85245  tipo=ompt_thread_worker     cpu=141 numa=0  d_rm=     335  d_instr=1482913286  d_cyc= 373927044  d_all= 9584121  IPC=3.966  ratio_rm=0.0000
[OMPT][WIN100ms] ompt_id=4222124650659841 tid=85246  tipo=ompt_thread_worker     cpu=239 numa=1  d_rm=       2  d_instr=1477598484  d_cyc= 373427587  d_all= 9551269  IPC=3.957  ratio_rm=0.0000
[OMPT][WIN100ms] ompt_id=4503599627370497 tid=85247  tipo=ompt_thread_worker     cpu=231 numa=1  d_rm=       4  d_instr=1468038278  d_cyc= 372863333  d_all= 9486402  IPC=3.937  ratio_rm=0.0000
[OMPT] implicit_task_end: parallel_id=0 thread_num=0
[OMPT] parallel_end: parallel_id=281474976710677
[OMPT] parallel_begin: parallel_id=281474976710679 team_size=16
[OMPT] implicit_task_end: parallel_id=0 thread_num=12
[OMPT] implicit_task_begin: parallel_id=281474976710679 thread_num=0 team_size=16
[OMPT] implicit_task_end: parallel_id=0 thread_num=14
[OMPT] implicit_task_end: parallel_id=0 thread_num=8
[OMPT] implicit_task_end: parallel_id=0 thread_num=10
[OMPT] implicit_task_begin: parallel_id=281474976710679 thread_num=14 team_size=16
[OMPT] implicit_task_end: parallel_id=0 thread_num=3
[OMPT] implicit_task_begin: parallel_id=281474976710679 thread_num=10 team_size=16
[OMPT] implicit_task_end: parallel_id=0 thread_num=1
[OMPT] implicit_task_end: parallel_id=0 thread_num=13
[OMPT] implicit_task_begin: parallel_id=281474976710679 thread_num=13 team_size=16
[OMPT] implicit_task_end: parallel_id=0 thread_num=11
[OMPT] implicit_task_begin: parallel_id=281474976710679 thread_num=11 team_size=16
[OMPT] implicit_task_end: parallel_id=0 thread_num=9
[OMPT] implicit_task_end: parallel_id=0 thread_num=4
[OMPT] implicit_task_end: parallel_id=0 thread_num=6
[OMPT] implicit_task_begin: parallel_id=281474976710679 thread_num=9 team_size=16
[OMPT] implicit_task_begin: parallel_id=281474976710679 thread_num=4 team_size=16
[OMPT] implicit_task_end: parallel_id=0 thread_num=2
[OMPT] implicit_task_begin: parallel_id=281474976710679 thread_num=2 team_size=16
[OMPT] implicit_task_begin: parallel_id=281474976710679 thread_num=1 team_size=16
[OMPT] implicit_task_begin: parallel_id=281474976710679 thread_num=12 team_size=16
[OMPT] implicit_task_end: parallel_id=0 thread_num=5
[OMPT] implicit_task_end: parallel_id=0 thread_num=7
[OMPT] implicit_task_begin: parallel_id=281474976710679 thread_num=8 team_size=16
[OMPT] implicit_task_begin: parallel_id=281474976710679 thread_num=6 team_size=16
[OMPT] implicit_task_begin: parallel_id=281474976710679 thread_num=7 team_size=16
[OMPT] implicit_task_begin: parallel_id=281474976710679 thread_num=3 team_size=16
[OMPT] implicit_task_end: parallel_id=0 thread_num=15
[OMPT] implicit_task_begin: parallel_id=281474976710679 thread_num=5 team_size=16
[OMPT] implicit_task_begin: parallel_id=281474976710679 thread_num=15 team_size=16
[OMPT][WIN100ms] ompt_id=281474976710657 tid=85231  tipo=ompt_thread_initial    cpu=255 numa=1  d_rm=       6  d_instr=1478816602  d_cyc= 374326154  d_all= 9564391  IPC=3.951  ratio_rm=0.0000
[OMPT][WIN100ms] ompt_id=562949953421313 tid=85233  tipo=ompt_thread_worker     cpu=120 numa=1  d_rm=       2  d_instr=1472663560  d_cyc= 373344381  d_all= 9515760  IPC=3.945  ratio_rm=0.0000
[OMPT][WIN100ms] ompt_id=844424930131969 tid=85234  tipo=ompt_thread_worker     cpu= 88 numa=1  d_rm=      39  d_instr=1467406700  d_cyc= 373329002  d_all= 9471451  IPC=3.931  ratio_rm=0.0000
[OMPT][WIN100ms] ompt_id=1125899906842625 tid=85235  tipo=ompt_thread_worker     cpu=  0 numa=0  d_rm=     274  d_instr=1468097328  d_cyc= 373194076  d_all= 9481233  IPC=3.934  ratio_rm=0.0000
[OMPT][WIN100ms] ompt_id=1407374883553281 tid=85236  tipo=ompt_thread_worker     cpu=104 numa=1  d_rm=       4  d_instr=1462815732  d_cyc= 373091770  d_all= 9435455  IPC=3.921  ratio_rm=0.0000
[OMPT][WIN100ms] ompt_id=1688849860263937 tid=85237  tipo=ompt_thread_worker     cpu= 98 numa=1  d_rm=       5  d_instr=1462722971  d_cyc= 373858141  d_all= 9437117  IPC=3.913  ratio_rm=0.0000
[OMPT][WIN100ms] ompt_id=1970324836974593 tid=85238  tipo=ompt_thread_worker     cpu= 81 numa=1  d_rm=      24  d_instr=1465349570  d_cyc= 373632034  d_all= 9456731  IPC=3.922  ratio_rm=0.0000
[OMPT][WIN100ms] ompt_id=2251799813685249 tid=85239  tipo=ompt_thread_worker     cpu=247 numa=1  d_rm=       4  d_instr=1467964823  d_cyc= 373704786  d_all= 9470974  IPC=3.928  ratio_rm=0.0000
[OMPT][WIN100ms] ompt_id=2533274790395905 tid=85240  tipo=ompt_thread_worker     cpu=199 numa=1  d_rm=       1  d_instr=1469383615  d_cyc= 373392551  d_all= 9482553  IPC=3.935  ratio_rm=0.0000
[OMPT][WIN100ms] ompt_id=2814749767106561 tid=85243  tipo=ompt_thread_worker     cpu=215 numa=1  d_rm=       3  d_instr=1471850316  d_cyc= 373986874  d_all= 9518387  IPC=3.936  ratio_rm=0.0000
[OMPT][WIN100ms] ompt_id=3096224743817217 tid=85242  tipo=ompt_thread_worker     cpu= 64 numa=1  d_rm=      27  d_instr=1471730781  d_cyc= 373983609  d_all= 9497581  IPC=3.935  ratio_rm=0.0000
[OMPT][WIN100ms] ompt_id=3377699720527873 tid=85241  tipo=ompt_thread_worker     cpu=207 numa=1  d_rm=       4  d_instr=1471310255  d_cyc= 373758490  d_all= 9492267  IPC=3.937  ratio_rm=0.0000
[OMPT][WIN100ms] ompt_id=3659174697238529 tid=85244  tipo=ompt_thread_worker     cpu=223 numa=1  d_rm=      74  d_instr=1478593698  d_cyc= 373404518  d_all= 9554003  IPC=3.960  ratio_rm=0.0000
[OMPT][WIN100ms] ompt_id=3940649673949185 tid=85245  tipo=ompt_thread_worker     cpu=141 numa=0  d_rm=     296  d_instr=1453395757  d_cyc= 374062594  d_all= 9389410  IPC=3.885  ratio_rm=0.0000
[OMPT][WIN100ms] ompt_id=4222124650659841 tid=85246  tipo=ompt_thread_worker     cpu=239 numa=1  d_rm=       0  d_instr=1466644334  d_cyc= 373778739  d_all= 9477006  IPC=3.924  ratio_rm=0.0000
[OMPT][WIN100ms] ompt_id=4503599627370497 tid=85247  tipo=ompt_thread_worker     cpu=231 numa=1  d_rm=       0  d_instr=1467985817  d_cyc= 373165303  d_all= 9498968  IPC=3.934  ratio_rm=0.0000
[OMPT] implicit_task_end: parallel_id=0 thread_num=0
[OMPT] parallel_end: parallel_id=281474976710679
[OMPT] parallel_begin: parallel_id=281474976710681 team_size=16
[OMPT] implicit_task_end: parallel_id=0 thread_num=4
[OMPT] implicit_task_begin: parallel_id=281474976710681 thread_num=0 team_size=16
[OMPT] implicit_task_end: parallel_id=0 thread_num=6
[OMPT] implicit_task_begin: parallel_id=281474976710681 thread_num=4 team_size=16
[OMPT] implicit_task_end: parallel_id=0 thread_num=2
[OMPT] implicit_task_end: parallel_id=0 thread_num=8
[OMPT] implicit_task_end: parallel_id=0 thread_num=11
[OMPT] implicit_task_end: parallel_id=0 thread_num=3
[OMPT] implicit_task_begin: parallel_id=281474976710681 thread_num=11 team_size=16
[OMPT] implicit_task_begin: parallel_id=281474976710681 thread_num=3 team_size=16
[OMPT] implicit_task_end: parallel_id=0 thread_num=5
[OMPT] implicit_task_end: parallel_id=0 thread_num=12
[OMPT] implicit_task_end: parallel_id=0 thread_num=15
[OMPT] implicit_task_begin: parallel_id=281474976710681 thread_num=5 team_size=16
[OMPT] implicit_task_end: parallel_id=0 thread_num=1
[OMPT] implicit_task_begin: parallel_id=281474976710681 thread_num=12 team_size=16
[OMPT] implicit_task_begin: parallel_id=281474976710681 thread_num=2 team_size=16
[OMPT] implicit_task_end: parallel_id=0 thread_num=10
[OMPT] implicit_task_begin: parallel_id=281474976710681 thread_num=10 team_size=16
[OMPT] implicit_task_end: parallel_id=0 thread_num=9
[OMPT] implicit_task_begin: parallel_id=281474976710681 thread_num=8 team_size=16
[OMPT] implicit_task_end: parallel_id=0 thread_num=7
[OMPT] implicit_task_end: parallel_id=0 thread_num=14
[OMPT] implicit_task_begin: parallel_id=281474976710681 thread_num=7 team_size=16
[OMPT] implicit_task_begin: parallel_id=281474976710681 thread_num=14 team_size=16
[OMPT] implicit_task_begin: parallel_id=281474976710681 thread_num=6 team_size=16
[OMPT] implicit_task_begin: parallel_id=281474976710681 thread_num=15 team_size=16
[OMPT] implicit_task_begin: parallel_id=281474976710681 thread_num=1 team_size=16
[OMPT] implicit_task_begin: parallel_id=281474976710681 thread_num=9 team_size=16
[OMPT] implicit_task_end: parallel_id=0 thread_num=13
[OMPT] implicit_task_begin: parallel_id=281474976710681 thread_num=13 team_size=16
[OMPT] implicit_task_end: parallel_id=0 thread_num=0
[OMPT] parallel_end: parallel_id=281474976710681
[OMPT] parallel_begin: parallel_id=281474976710683 team_size=16
[OMPT] implicit_task_end: parallel_id=0 thread_num=1
[OMPT] implicit_task_end: parallel_id=0 thread_num=2
[OMPT] implicit_task_begin: parallel_id=281474976710683 thread_num=1 team_size=16
[OMPT] implicit_task_end: parallel_id=0 thread_num=8
[OMPT] implicit_task_end: parallel_id=0 thread_num=10
[OMPT] implicit_task_end: parallel_id=0 thread_num=3
[OMPT] implicit_task_end: parallel_id=0 thread_num=4
[OMPT] implicit_task_begin: parallel_id=281474976710683 thread_num=0 team_size=16
[OMPT] implicit_task_end: parallel_id=0 thread_num=7
[OMPT] implicit_task_end: parallel_id=0 thread_num=9
[OMPT] implicit_task_end: parallel_id=0 thread_num=11
[OMPT] implicit_task_begin: parallel_id=281474976710683 thread_num=8 team_size=16
[OMPT] implicit_task_begin: parallel_id=281474976710683 thread_num=11 team_size=16
[OMPT] implicit_task_begin: parallel_id=281474976710683 thread_num=10 team_size=16
[OMPT] implicit_task_begin: parallel_id=281474976710683 thread_num=3 team_size=16
[OMPT] implicit_task_end: parallel_id=0 thread_num=6
[OMPT] implicit_task_begin: parallel_id=281474976710683 thread_num=6 team_size=16
[OMPT] implicit_task_end: parallel_id=0 thread_num=5
[OMPT] implicit_task_end: parallel_id=0 thread_num=12
[OMPT] implicit_task_end: parallel_id=0 thread_num=15
[OMPT] implicit_task_begin: parallel_id=281474976710683 thread_num=2 team_size=16
[OMPT] implicit_task_begin: parallel_id=281474976710683 thread_num=5 team_size=16
[OMPT] implicit_task_begin: parallel_id=281474976710683 thread_num=4 team_size=16
[OMPT] implicit_task_begin: parallel_id=281474976710683 thread_num=12 team_size=16
[OMPT] implicit_task_begin: parallel_id=281474976710683 thread_num=9 team_size=16
[OMPT] implicit_task_end: parallel_id=0 thread_num=14
[OMPT] implicit_task_begin: parallel_id=281474976710683 thread_num=14 team_size=16
[OMPT] implicit_task_end: parallel_id=0 thread_num=13
[OMPT] implicit_task_begin: parallel_id=281474976710683 thread_num=15 team_size=16
[OMPT] implicit_task_begin: parallel_id=281474976710683 thread_num=7 team_size=16
[OMPT] implicit_task_begin: parallel_id=281474976710683 thread_num=13 team_size=16
[OMPT][WIN100ms] ompt_id=281474976710657 tid=85231  tipo=ompt_thread_initial    cpu=255 numa=1  d_rm=       3  d_instr=1455590486  d_cyc= 373597223  d_all= 9408857  IPC=3.896  ratio_rm=0.0000
[OMPT][WIN100ms] ompt_id=562949953421313 tid=85233  tipo=ompt_thread_worker     cpu=120 numa=1  d_rm=       5  d_instr=1459159468  d_cyc= 372269980  d_all= 9412642  IPC=3.920  ratio_rm=0.0000
[OMPT][WIN100ms] ompt_id=844424930131969 tid=85234  tipo=ompt_thread_worker     cpu= 88 numa=1  d_rm=      79  d_instr=1454846480  d_cyc= 372085907  d_all= 9381383  IPC=3.910  ratio_rm=0.0000
[OMPT][WIN100ms] ompt_id=1125899906842625 tid=85235  tipo=ompt_thread_worker     cpu=  0 numa=0  d_rm=     542  d_instr=1460300179  d_cyc= 372589178  d_all= 9412511  IPC=3.919  ratio_rm=0.0001
[OMPT][WIN100ms] ompt_id=1407374883553281 tid=85236  tipo=ompt_thread_worker     cpu=104 numa=1  d_rm=       7  d_instr=1457207657  d_cyc= 372457687  d_all= 9393258  IPC=3.912  ratio_rm=0.0000
[OMPT][WIN100ms] ompt_id=1688849860263937 tid=85237  tipo=ompt_thread_worker     cpu= 98 numa=1  d_rm=       4  d_instr=1460391149  d_cyc= 373082880  d_all= 9424236  IPC=3.914  ratio_rm=0.0000
[OMPT][WIN100ms] ompt_id=1970324836974593 tid=85238  tipo=ompt_thread_worker     cpu= 81 numa=1  d_rm=      83  d_instr=1459221355  d_cyc= 371931346  d_all= 9413049  IPC=3.923  ratio_rm=0.0000
[OMPT][WIN100ms] ompt_id=2251799813685249 tid=85239  tipo=ompt_thread_worker     cpu=247 numa=1  d_rm=      10  d_instr=1456001017  d_cyc= 371530610  d_all= 9379660  IPC=3.919  ratio_rm=0.0000
[OMPT][WIN100ms] ompt_id=2533274790395905 tid=85240  tipo=ompt_thread_worker     cpu=199 numa=1  d_rm=       1  d_instr=1454481395  d_cyc= 372432290  d_all= 9380842  IPC=3.905  ratio_rm=0.0000
[OMPT][WIN100ms] ompt_id=2814749767106561 tid=85243  tipo=ompt_thread_worker     cpu=215 numa=1  d_rm=       5  d_instr=1456027824  d_cyc= 372852971  d_all= 9416369  IPC=3.905  ratio_rm=0.0000
[OMPT][WIN100ms] ompt_id=3096224743817217 tid=85242  tipo=ompt_thread_worker     cpu= 64 numa=1  d_rm=      62  d_instr=1449850483  d_cyc= 372507348  d_all= 9337368  IPC=3.892  ratio_rm=0.0000
[OMPT][WIN100ms] ompt_id=3377699720527873 tid=85241  tipo=ompt_thread_worker     cpu=207 numa=1  d_rm=       9  d_instr=1450679560  d_cyc= 371526461  d_all= 9337053  IPC=3.905  ratio_rm=0.0000
[OMPT][WIN100ms] ompt_id=3659174697238529 tid=85244  tipo=ompt_thread_worker     cpu=223 numa=1  d_rm=     117  d_instr=1445159458  d_cyc= 371654518  d_all= 9314718  IPC=3.888  ratio_rm=0.0000
[OMPT][WIN100ms] ompt_id=3940649673949185 tid=85245  tipo=ompt_thread_worker     cpu=141 numa=0  d_rm=     620  d_instr=1461173581  d_cyc= 372605353  d_all= 9436720  IPC=3.922  ratio_rm=0.0001
[OMPT][WIN100ms] ompt_id=4222124650659841 tid=85246  tipo=ompt_thread_worker     cpu=239 numa=1  d_rm=       2  d_instr=1454546207  d_cyc= 372761496  d_all= 9376196  IPC=3.902  ratio_rm=0.0000
[OMPT][WIN100ms] ompt_id=4503599627370497 tid=85247  tipo=ompt_thread_worker     cpu=231 numa=1  d_rm=       4  d_instr=1453410494  d_cyc= 372803590  d_all= 9385050  IPC=3.899  ratio_rm=0.0000
[OMPT] implicit_task_end: parallel_id=0 thread_num=0
[OMPT] parallel_end: parallel_id=281474976710683
[OMPT] parallel_begin: parallel_id=281474976710685 team_size=16
[OMPT] implicit_task_end: parallel_id=0 thread_num=4
[OMPT] implicit_task_begin: parallel_id=281474976710685 thread_num=0 team_size=16
[OMPT] implicit_task_end: parallel_id=0 thread_num=5
[OMPT] implicit_task_begin: parallel_id=281474976710685 thread_num=4 team_size=16
[OMPT] implicit_task_end: parallel_id=0 thread_num=8
[OMPT] implicit_task_end: parallel_id=0 thread_num=11
[OMPT] implicit_task_begin: parallel_id=281474976710685 thread_num=8 team_size=16
[OMPT] implicit_task_end: parallel_id=0 thread_num=12
[OMPT] implicit_task_end: parallel_id=0 thread_num=15
[OMPT] implicit_task_end: parallel_id=0 thread_num=6
[OMPT] implicit_task_begin: parallel_id=281474976710685 thread_num=12 team_size=16
[OMPT] implicit_task_begin: parallel_id=281474976710685 thread_num=15 team_size=16
[OMPT] implicit_task_end: parallel_id=0 thread_num=1
[OMPT] implicit_task_begin: parallel_id=281474976710685 thread_num=5 team_size=16
[OMPT] implicit_task_begin: parallel_id=281474976710685 thread_num=1 team_size=16
[OMPT] implicit_task_end: parallel_id=0 thread_num=2
[OMPT] implicit_task_end: parallel_id=0 thread_num=9
[OMPT] implicit_task_begin: parallel_id=281474976710685 thread_num=11 team_size=16
[OMPT] implicit_task_begin: parallel_id=281474976710685 thread_num=9 team_size=16
[OMPT] implicit_task_end: parallel_id=0 thread_num=14
[OMPT] implicit_task_begin: parallel_id=281474976710685 thread_num=14 team_size=16
[OMPT] implicit_task_end: parallel_id=0 thread_num=13
[OMPT] implicit_task_end: parallel_id=0 thread_num=7
[OMPT] implicit_task_begin: parallel_id=281474976710685 thread_num=6 team_size=16
[OMPT] implicit_task_end: parallel_id=0 thread_num=10
[OMPT] implicit_task_begin: parallel_id=281474976710685 thread_num=2 team_size=16
[OMPT] implicit_task_end: parallel_id=0 thread_num=3
[OMPT] implicit_task_begin: parallel_id=281474976710685 thread_num=3 team_size=16
[OMPT] implicit_task_begin: parallel_id=281474976710685 thread_num=13 team_size=16
[OMPT] implicit_task_begin: parallel_id=281474976710685 thread_num=7 team_size=16
[OMPT] implicit_task_begin: parallel_id=281474976710685 thread_num=10 team_size=16
[OMPT][WIN100ms] ompt_id=281474976710657 tid=85231  tipo=ompt_thread_initial    cpu=255 numa=1  d_rm=       2  d_instr=1465590518  d_cyc= 373973873  d_all= 9479830  IPC=3.919  ratio_rm=0.0000
[OMPT][WIN100ms] ompt_id=562949953421313 tid=85233  tipo=ompt_thread_worker     cpu=120 numa=1  d_rm=       2  d_instr=1467754112  d_cyc= 373313158  d_all= 9475681  IPC=3.932  ratio_rm=0.0000
[OMPT][WIN100ms] ompt_id=844424930131969 tid=85234  tipo=ompt_thread_worker     cpu= 88 numa=1  d_rm=      77  d_instr=1471310429  d_cyc= 373187047  d_all= 9502358  IPC=3.943  ratio_rm=0.0000
[OMPT][WIN100ms] ompt_id=1125899906842625 tid=85235  tipo=ompt_thread_worker     cpu=  0 numa=0  d_rm=     292  d_instr=1468212450  d_cyc= 372531165  d_all= 9485554  IPC=3.941  ratio_rm=0.0000
[OMPT][WIN100ms] ompt_id=1407374883553281 tid=85236  tipo=ompt_thread_worker     cpu=104 numa=1  d_rm=       3  d_instr=1472476856  d_cyc= 373891545  d_all= 9502745  IPC=3.938  ratio_rm=0.0000
[OMPT][WIN100ms] ompt_id=1688849860263937 tid=85237  tipo=ompt_thread_worker     cpu= 98 numa=1  d_rm=       3  d_instr=1470582935  d_cyc= 373944377  d_all= 9493481  IPC=3.933  ratio_rm=0.0000
[OMPT][WIN100ms] ompt_id=1970324836974593 tid=85238  tipo=ompt_thread_worker     cpu= 81 numa=1  d_rm=      31  d_instr=1468578133  d_cyc= 373002253  d_all= 9477375  IPC=3.937  ratio_rm=0.0000
[OMPT][WIN100ms] ompt_id=2251799813685249 tid=85239  tipo=ompt_thread_worker     cpu=247 numa=1  d_rm=      12  d_instr=1468644859  d_cyc= 372935979  d_all= 9486593  IPC=3.938  ratio_rm=0.0000
[OMPT][WIN100ms] ompt_id=2533274790395905 tid=85240  tipo=ompt_thread_worker     cpu=199 numa=1  d_rm=       2  d_instr=1472714844  d_cyc= 374055585  d_all= 9524858  IPC=3.937  ratio_rm=0.0000
[OMPT][WIN100ms] ompt_id=2814749767106561 tid=85243  tipo=ompt_thread_worker     cpu=215 numa=1  d_rm=       0  d_instr=1467026536  d_cyc= 373743668  d_all= 9496043  IPC=3.925  ratio_rm=0.0000
[OMPT][WIN100ms] ompt_id=3096224743817217 tid=85242  tipo=ompt_thread_worker     cpu= 64 numa=1  d_rm=      29  d_instr=1468847497  d_cyc= 373249273  d_all= 9498164  IPC=3.935  ratio_rm=0.0000
[OMPT][WIN100ms] ompt_id=3377699720527873 tid=85241  tipo=ompt_thread_worker     cpu=207 numa=1  d_rm=       6  d_instr=1470534132  d_cyc= 373448711  d_all= 9501914  IPC=3.938  ratio_rm=0.0000
[OMPT][WIN100ms] ompt_id=3659174697238529 tid=85244  tipo=ompt_thread_worker     cpu=223 numa=1  d_rm=      59  d_instr=1470353167  d_cyc= 373660423  d_all= 9514467  IPC=3.935  ratio_rm=0.0000
[OMPT][WIN100ms] ompt_id=3940649673949185 tid=85245  tipo=ompt_thread_worker     cpu=141 numa=0  d_rm=     304  d_instr=1468190882  d_cyc= 373771633  d_all= 9506682  IPC=3.928  ratio_rm=0.0000
[OMPT][WIN100ms] ompt_id=4222124650659841 tid=85246  tipo=ompt_thread_worker     cpu=239 numa=1  d_rm=       2  d_instr=1470322163  d_cyc= 373670606  d_all= 9518246  IPC=3.935  ratio_rm=0.0000
[OMPT][WIN100ms] ompt_id=4503599627370497 tid=85247  tipo=ompt_thread_worker     cpu=231 numa=1  d_rm=       2  d_instr=1476028112  d_cyc= 374023285  d_all= 9544188  IPC=3.946  ratio_rm=0.0000
[OMPT] implicit_task_end: parallel_id=0 thread_num=0
[OMPT] parallel_end: parallel_id=281474976710685
[OMPT] parallel_begin: parallel_id=281474976710687 team_size=16
[OMPT] implicit_task_end: parallel_id=0 thread_num=12
[OMPT] implicit_task_end: parallel_id=0 thread_num=14
[OMPT] implicit_task_end: parallel_id=0 thread_num=1
[OMPT] implicit_task_end: parallel_id=0 thread_num=2
[OMPT] implicit_task_end: parallel_id=0 thread_num=4
[OMPT] implicit_task_begin: parallel_id=281474976710687 thread_num=0 team_size=16
[OMPT] implicit_task_end: parallel_id=0 thread_num=7
[OMPT] implicit_task_end: parallel_id=0 thread_num=15
[OMPT] implicit_task_end: parallel_id=0 thread_num=5
[OMPT] implicit_task_end: parallel_id=0 thread_num=6
[OMPT] implicit_task_begin: parallel_id=281474976710687 thread_num=1 team_size=16
[OMPT] implicit_task_begin: parallel_id=281474976710687 thread_num=12 team_size=16
[OMPT] implicit_task_begin: parallel_id=281474976710687 thread_num=2 team_size=16
[OMPT] implicit_task_end: parallel_id=0 thread_num=3
[OMPT] implicit_task_begin: parallel_id=281474976710687 thread_num=3 team_size=16
[OMPT] implicit_task_begin: parallel_id=281474976710687 thread_num=14 team_size=16
[OMPT] implicit_task_begin: parallel_id=281474976710687 thread_num=4 team_size=16
[OMPT] implicit_task_end: parallel_id=0 thread_num=13
[OMPT] implicit_task_begin: parallel_id=281474976710687 thread_num=13 team_size=16
[OMPT] implicit_task_begin: parallel_id=281474976710687 thread_num=7 team_size=16
[OMPT] implicit_task_begin: parallel_id=281474976710687 thread_num=15 team_size=16
[OMPT] implicit_task_begin: parallel_id=281474976710687 thread_num=5 team_size=16
[OMPT] implicit_task_end: parallel_id=0 thread_num=8
[OMPT] implicit_task_end: parallel_id=0 thread_num=11
[OMPT] implicit_task_end: parallel_id=0 thread_num=10
[OMPT] implicit_task_begin: parallel_id=281474976710687 thread_num=11 team_size=16
[OMPT] implicit_task_begin: parallel_id=281474976710687 thread_num=10 team_size=16
[OMPT] implicit_task_end: parallel_id=0 thread_num=9
[OMPT] implicit_task_begin: parallel_id=281474976710687 thread_num=6 team_size=16
[OMPT] implicit_task_begin: parallel_id=281474976710687 thread_num=8 team_size=16
[OMPT] implicit_task_begin: parallel_id=281474976710687 thread_num=9 team_size=16
[OMPT][WIN100ms] ompt_id=281474976710657 tid=85231  tipo=ompt_thread_initial    cpu=255 numa=1  d_rm=      19  d_instr=1454717699  d_cyc= 372930677  d_all= 9412196  IPC=3.901  ratio_rm=0.0000
[OMPT][WIN100ms] ompt_id=562949953421313 tid=85233  tipo=ompt_thread_worker     cpu=120 numa=1  d_rm=       5  d_instr=1462699256  d_cyc= 373416885  d_all= 9445123  IPC=3.917  ratio_rm=0.0000
[OMPT][WIN100ms] ompt_id=844424930131969 tid=85234  tipo=ompt_thread_worker     cpu= 88 numa=1  d_rm=      33  d_instr=1462263699  d_cyc= 373808963  d_all= 9448925  IPC=3.912  ratio_rm=0.0000
[OMPT][WIN100ms] ompt_id=1125899906842625 tid=85235  tipo=ompt_thread_worker     cpu=  0 numa=0  d_rm=     292  d_instr=1464919808  d_cyc= 373178933  d_all= 9465624  IPC=3.926  ratio_rm=0.0000
[OMPT][WIN100ms] ompt_id=1407374883553281 tid=85236  tipo=ompt_thread_worker     cpu=104 numa=1  d_rm=       6  d_instr=1463251796  d_cyc= 373003116  d_all= 9452440  IPC=3.923  ratio_rm=0.0000
[OMPT][WIN100ms] ompt_id=1688849860263937 tid=85237  tipo=ompt_thread_worker     cpu= 98 numa=1  d_rm=       7  d_instr=1463696254  d_cyc= 372011758  d_all= 9464550  IPC=3.935  ratio_rm=0.0000
[OMPT][WIN100ms] ompt_id=1970324836974593 tid=85238  tipo=ompt_thread_worker     cpu= 81 numa=1  d_rm=       5  d_instr=1464643618  d_cyc= 372356026  d_all= 9463193  IPC=3.933  ratio_rm=0.0000
[OMPT][WIN100ms] ompt_id=2251799813685249 tid=85239  tipo=ompt_thread_worker     cpu=247 numa=1  d_rm=      39  d_instr=1468323279  d_cyc= 373076252  d_all= 9487675  IPC=3.936  ratio_rm=0.0000
[OMPT][WIN100ms] ompt_id=2533274790395905 tid=85240  tipo=ompt_thread_worker     cpu=199 numa=1  d_rm=       7  d_instr=1461279583  d_cyc= 372725291  d_all= 9439799  IPC=3.921  ratio_rm=0.0000
[OMPT][WIN100ms] ompt_id=2814749767106561 tid=85243  tipo=ompt_thread_worker     cpu=215 numa=1  d_rm=      48  d_instr=1468313863  d_cyc= 373726925  d_all= 9501861  IPC=3.929  ratio_rm=0.0000
[OMPT][WIN100ms] ompt_id=3096224743817217 tid=85242  tipo=ompt_thread_worker     cpu= 64 numa=1  d_rm=      14  d_instr=1468274547  d_cyc= 373727861  d_all= 9484967  IPC=3.929  ratio_rm=0.0000
[OMPT][WIN100ms] ompt_id=3377699720527873 tid=85241  tipo=ompt_thread_worker     cpu=207 numa=1  d_rm=      23  d_instr=1461870926  d_cyc= 373829714  d_all= 9456509  IPC=3.911  ratio_rm=0.0000
[OMPT][WIN100ms] ompt_id=3659174697238529 tid=85244  tipo=ompt_thread_worker     cpu=223 numa=1  d_rm=      64  d_instr=1461973580  d_cyc= 373976224  d_all= 9458527  IPC=3.909  ratio_rm=0.0000
[OMPT][WIN100ms] ompt_id=3940649673949185 tid=85245  tipo=ompt_thread_worker     cpu=141 numa=0  d_rm=     353  d_instr=1464825793  d_cyc= 373477253  d_all= 9487882  IPC=3.922  ratio_rm=0.0000
[OMPT][WIN100ms] ompt_id=4222124650659841 tid=85246  tipo=ompt_thread_worker     cpu=239 numa=1  d_rm=      41  d_instr=1466666440  d_cyc= 373197709  d_all= 9481278  IPC=3.930  ratio_rm=0.0000
[OMPT][WIN100ms] ompt_id=4503599627370497 tid=85247  tipo=ompt_thread_worker     cpu=231 numa=1  d_rm=      15  d_instr=1461536861  d_cyc= 373191266  d_all= 9454412  IPC=3.916  ratio_rm=0.0000
[OMPT] implicit_task_end: parallel_id=0 thread_num=0
[OMPT] parallel_end: parallel_id=281474976710687
[OMPT] parallel_begin: parallel_id=281474976710689 team_size=16
[OMPT] implicit_task_end: parallel_id=0 thread_num=3
[OMPT] implicit_task_end: parallel_id=0 thread_num=8
[OMPT] implicit_task_end: parallel_id=0 thread_num=10
[OMPT] implicit_task_end: parallel_id=0 thread_num=2
[OMPT] implicit_task_begin: parallel_id=281474976710689 thread_num=10 team_size=16
[OMPT] implicit_task_end: parallel_id=0 thread_num=4
[OMPT] implicit_task_end: parallel_id=0 thread_num=1
[OMPT] implicit_task_begin: parallel_id=281474976710689 thread_num=4 team_size=16
[OMPT] implicit_task_begin: parallel_id=281474976710689 thread_num=3 team_size=16
[OMPT] implicit_task_begin: parallel_id=281474976710689 thread_num=1 team_size=16
[OMPT] implicit_task_end: parallel_id=0 thread_num=9
[OMPT] implicit_task_end: parallel_id=0 thread_num=11
[OMPT] implicit_task_end: parallel_id=0 thread_num=12
[OMPT] implicit_task_end: parallel_id=0 thread_num=15
[OMPT] implicit_task_end: parallel_id=0 thread_num=6
[OMPT] implicit_task_begin: parallel_id=281474976710689 thread_num=2 team_size=16
[OMPT] implicit_task_begin: parallel_id=281474976710689 thread_num=15 team_size=16
[OMPT] implicit_task_begin: parallel_id=281474976710689 thread_num=6 team_size=16
[OMPT] implicit_task_end: parallel_id=0 thread_num=7
[OMPT] implicit_task_end: parallel_id=0 thread_num=5
[OMPT] implicit_task_begin: parallel_id=281474976710689 thread_num=7 team_size=16
[OMPT] implicit_task_begin: parallel_id=281474976710689 thread_num=0 team_size=16
[OMPT] implicit_task_begin: parallel_id=281474976710689 thread_num=9 team_size=16
[OMPT] implicit_task_end: parallel_id=0 thread_num=14
[OMPT] implicit_task_begin: parallel_id=281474976710689 thread_num=14 team_size=16
[OMPT] implicit_task_end: parallel_id=0 thread_num=13
[OMPT] implicit_task_begin: parallel_id=281474976710689 thread_num=11 team_size=16
[OMPT] implicit_task_begin: parallel_id=281474976710689 thread_num=12 team_size=16
[OMPT] implicit_task_begin: parallel_id=281474976710689 thread_num=8 team_size=16
[OMPT] implicit_task_begin: parallel_id=281474976710689 thread_num=5 team_size=16
[OMPT] implicit_task_begin: parallel_id=281474976710689 thread_num=13 team_size=16
[OMPT][WIN100ms] ompt_id=281474976710657 tid=85231  tipo=ompt_thread_initial    cpu=  1 numa=0  d_rm=    5159  d_instr=1462011434  d_cyc= 373064877  d_all= 9456699  IPC=3.919  ratio_rm=0.0005
[OMPT][WIN100ms] ompt_id=562949953421313 tid=85233  tipo=ompt_thread_worker     cpu=120 numa=1  d_rm=       4  d_instr=1473805413  d_cyc= 373782087  d_all= 9528619  IPC=3.943  ratio_rm=0.0000
[OMPT][WIN100ms] ompt_id=844424930131969 tid=85234  tipo=ompt_thread_worker     cpu= 88 numa=1  d_rm=      30  d_instr=1466789573  d_cyc= 373381748  d_all= 9483837  IPC=3.928  ratio_rm=0.0000
[OMPT][WIN100ms] ompt_id=1125899906842625 tid=85235  tipo=ompt_thread_worker     cpu=  0 numa=0  d_rm=     169  d_instr=1469405243  d_cyc= 373613496  d_all= 9499027  IPC=3.933  ratio_rm=0.0000
[OMPT][WIN100ms] ompt_id=1407374883553281 tid=85236  tipo=ompt_thread_worker     cpu=104 numa=1  d_rm=       1  d_instr=1469919145  d_cyc= 373633808  d_all= 9501562  IPC=3.934  ratio_rm=0.0000
[OMPT][WIN100ms] ompt_id=1688849860263937 tid=85237  tipo=ompt_thread_worker     cpu= 98 numa=1  d_rm=       3  d_instr=1466803787  d_cyc= 373243803  d_all= 9483081  IPC=3.930  ratio_rm=0.0000
[OMPT][WIN100ms] ompt_id=1970324836974593 tid=85238  tipo=ompt_thread_worker     cpu= 81 numa=1  d_rm=       3  d_instr=1473943826  d_cyc= 373526867  d_all= 9541174  IPC=3.946  ratio_rm=0.0000
[OMPT][WIN100ms] ompt_id=2251799813685249 tid=85239  tipo=ompt_thread_worker     cpu=247 numa=1  d_rm=      25  d_instr=1472175115  d_cyc= 373343144  d_all= 9520656  IPC=3.943  ratio_rm=0.0000
[OMPT][WIN100ms] ompt_id=2533274790395905 tid=85240  tipo=ompt_thread_worker     cpu=199 numa=1  d_rm=       1  d_instr=1469483302  d_cyc= 372887915  d_all= 9507313  IPC=3.941  ratio_rm=0.0000
[OMPT][WIN100ms] ompt_id=2814749767106561 tid=85243  tipo=ompt_thread_worker     cpu=215 numa=1  d_rm=       4  d_instr=1468860886  d_cyc= 372659837  d_all= 9503500  IPC=3.942  ratio_rm=0.0000
[OMPT][WIN100ms] ompt_id=3096224743817217 tid=85242  tipo=ompt_thread_worker     cpu= 64 numa=1  d_rm=       4  d_instr=1473575598  d_cyc= 374176241  d_all= 9533956  IPC=3.938  ratio_rm=0.0000
[OMPT][WIN100ms] ompt_id=3377699720527873 tid=85241  tipo=ompt_thread_worker     cpu=207 numa=1  d_rm=       5  d_instr=1471251888  d_cyc= 373248633  d_all= 9516097  IPC=3.942  ratio_rm=0.0000
[OMPT][WIN100ms] ompt_id=3659174697238529 tid=85244  tipo=ompt_thread_worker     cpu=223 numa=1  d_rm=      77  d_instr=1468966459  d_cyc= 372992705  d_all= 9509163  IPC=3.938  ratio_rm=0.0000
[OMPT][WIN100ms] ompt_id=3940649673949185 tid=85245  tipo=ompt_thread_worker     cpu=141 numa=0  d_rm=     316  d_instr=1467523545  d_cyc= 373628670  d_all= 9486549  IPC=3.928  ratio_rm=0.0000
[OMPT][WIN100ms] ompt_id=4222124650659841 tid=85246  tipo=ompt_thread_worker     cpu=239 numa=1  d_rm=       3  d_instr=1466730727  d_cyc= 373451692  d_all= 9478847  IPC=3.927  ratio_rm=0.0000
[OMPT][WIN100ms] ompt_id=4503599627370497 tid=85247  tipo=ompt_thread_worker     cpu=231 numa=1  d_rm=       4  d_instr=1475440508  d_cyc= 374169684  d_all= 9550394  IPC=3.943  ratio_rm=0.0000
[OMPT] implicit_task_end: parallel_id=0 thread_num=0
[OMPT] parallel_end: parallel_id=281474976710689
[OMPT] parallel_begin: parallel_id=281474976710691 team_size=16
[OMPT] implicit_task_end: parallel_id=0 thread_num=3
[OMPT] implicit_task_end: parallel_id=0 thread_num=8
[OMPT] implicit_task_end: parallel_id=0 thread_num=10
[OMPT] implicit_task_end: parallel_id=0 thread_num=2
[OMPT] implicit_task_end: parallel_id=0 thread_num=4
[OMPT] implicit_task_end: parallel_id=0 thread_num=6
[OMPT] implicit_task_begin: parallel_id=281474976710691 thread_num=3 team_size=16
[OMPT] implicit_task_begin: parallel_id=281474976710691 thread_num=6 team_size=16
[OMPT] implicit_task_end: parallel_id=0 thread_num=9
[OMPT] implicit_task_end: parallel_id=0 thread_num=11
[OMPT] implicit_task_begin: parallel_id=281474976710691 thread_num=11 team_size=16
[OMPT] implicit_task_begin: parallel_id=281474976710691 thread_num=8 team_size=16
[OMPT] implicit_task_begin: parallel_id=281474976710691 thread_num=0 team_size=16
[OMPT] implicit_task_begin: parallel_id=281474976710691 thread_num=10 team_size=16
[OMPT] implicit_task_begin: parallel_id=281474976710691 thread_num=2 team_size=16
[OMPT] implicit_task_end: parallel_id=0 thread_num=7
[OMPT] implicit_task_end: parallel_id=0 thread_num=5
[OMPT] implicit_task_end: parallel_id=0 thread_num=1
[OMPT] implicit_task_begin: parallel_id=281474976710691 thread_num=5 team_size=16
[OMPT] implicit_task_begin: parallel_id=281474976710691 thread_num=4 team_size=16
[OMPT] implicit_task_begin: parallel_id=281474976710691 thread_num=9 team_size=16
[OMPT] implicit_task_begin: parallel_id=281474976710691 thread_num=1 team_size=16
[OMPT] implicit_task_end: parallel_id=0 thread_num=12
[OMPT] implicit_task_end: parallel_id=0 thread_num=14
[OMPT] implicit_task_begin: parallel_id=281474976710691 thread_num=7 team_size=16
[OMPT] implicit_task_begin: parallel_id=281474976710691 thread_num=14 team_size=16
[OMPT] implicit_task_end: parallel_id=0 thread_num=15
[OMPT] implicit_task_end: parallel_id=0 thread_num=13
[OMPT] implicit_task_begin: parallel_id=281474976710691 thread_num=12 team_size=16
[OMPT] implicit_task_begin: parallel_id=281474976710691 thread_num=15 team_size=16
[OMPT] implicit_task_begin: parallel_id=281474976710691 thread_num=13 team_size=16
[OMPT][WIN100ms] ompt_id=281474976710657 tid=85231  tipo=ompt_thread_initial    cpu=  1 numa=0  d_rm=    8830  d_instr=1460598193  d_cyc= 374186750  d_all= 9462409  IPC=3.903  ratio_rm=0.0009
[OMPT][WIN100ms] ompt_id=562949953421313 tid=85233  tipo=ompt_thread_worker     cpu=120 numa=1  d_rm=       4  d_instr=1456673749  d_cyc= 372567293  d_all= 9401624  IPC=3.910  ratio_rm=0.0000
[OMPT][WIN100ms] ompt_id=844424930131969 tid=85234  tipo=ompt_thread_worker     cpu= 88 numa=1  d_rm=      47  d_instr=1466842840  d_cyc= 373297051  d_all= 9477601  IPC=3.929  ratio_rm=0.0000
[OMPT][WIN100ms] ompt_id=1125899906842625 tid=85235  tipo=ompt_thread_worker     cpu=  0 numa=0  d_rm=     193  d_instr=1468143274  d_cyc= 373754286  d_all= 9488133  IPC=3.928  ratio_rm=0.0000
[OMPT][WIN100ms] ompt_id=1407374883553281 tid=85236  tipo=ompt_thread_worker     cpu=104 numa=1  d_rm=       3  d_instr=1462313360  d_cyc= 372791402  d_all= 9448806  IPC=3.923  ratio_rm=0.0000
[OMPT][WIN100ms] ompt_id=1688849860263937 tid=85237  tipo=ompt_thread_worker     cpu= 98 numa=1  d_rm=       4  d_instr=1469492363  d_cyc= 373575524  d_all= 9495411  IPC=3.934  ratio_rm=0.0000
[OMPT][WIN100ms] ompt_id=1970324836974593 tid=85238  tipo=ompt_thread_worker     cpu= 81 numa=1  d_rm=       3  d_instr=1467705429  d_cyc= 373777462  d_all= 9476247  IPC=3.927  ratio_rm=0.0000
[OMPT][WIN100ms] ompt_id=2251799813685249 tid=85239  tipo=ompt_thread_worker     cpu=247 numa=1  d_rm=      10  d_instr=1462554704  d_cyc= 373188277  d_all= 9456577  IPC=3.919  ratio_rm=0.0000
[OMPT][WIN100ms] ompt_id=2533274790395905 tid=85240  tipo=ompt_thread_worker     cpu=199 numa=1  d_rm=       3  d_instr=1467911417  d_cyc= 373639493  d_all= 9484674  IPC=3.929  ratio_rm=0.0000
[OMPT][WIN100ms] ompt_id=2814749767106561 tid=85243  tipo=ompt_thread_worker     cpu=215 numa=1  d_rm=       2  d_instr=1461006021  d_cyc= 373352191  d_all= 9448334  IPC=3.913  ratio_rm=0.0000
[OMPT][WIN100ms] ompt_id=3096224743817217 tid=85242  tipo=ompt_thread_worker     cpu= 64 numa=1  d_rm=       3  d_instr=1459088552  d_cyc= 373373823  d_all= 9416573  IPC=3.908  ratio_rm=0.0000
[OMPT][WIN100ms] ompt_id=3377699720527873 tid=85241  tipo=ompt_thread_worker     cpu=207 numa=1  d_rm=       4  d_instr=1463615140  d_cyc= 372942934  d_all= 9457661  IPC=3.925  ratio_rm=0.0000
[OMPT][WIN100ms] ompt_id=3659174697238529 tid=85244  tipo=ompt_thread_worker     cpu=223 numa=1  d_rm=      70  d_instr=1467776103  d_cyc= 372548305  d_all= 9487691  IPC=3.940  ratio_rm=0.0000
[OMPT][WIN100ms] ompt_id=3940649673949185 tid=85245  tipo=ompt_thread_worker     cpu=141 numa=0  d_rm=     313  d_instr=1465737149  d_cyc= 373930726  d_all= 9469764  IPC=3.920  ratio_rm=0.0000
[OMPT][WIN100ms] ompt_id=4222124650659841 tid=85246  tipo=ompt_thread_worker     cpu=239 numa=1  d_rm=       3  d_instr=1462628436  d_cyc= 373864676  d_all= 9437997  IPC=3.912  ratio_rm=0.0000
[OMPT][WIN100ms] ompt_id=4503599627370497 tid=85247  tipo=ompt_thread_worker     cpu=231 numa=1  d_rm=       5  d_instr=1459283977  d_cyc= 373467619  d_all= 9408017  IPC=3.907  ratio_rm=0.0000
[OMPT] implicit_task_end: parallel_id=0 thread_num=0
[OMPT] parallel_end: parallel_id=281474976710691
[OMPT] parallel_begin: parallel_id=281474976710693 team_size=16
[OMPT] implicit_task_end: parallel_id=0 thread_num=3
[OMPT] implicit_task_end: parallel_id=0 thread_num=8
[OMPT] implicit_task_end: parallel_id=0 thread_num=10
[OMPT] implicit_task_end: parallel_id=0 thread_num=4
[OMPT] implicit_task_end: parallel_id=0 thread_num=2
[OMPT] implicit_task_begin: parallel_id=281474976710693 thread_num=4 team_size=16
[OMPT] implicit_task_begin: parallel_id=281474976710693 thread_num=0 team_size=16
[OMPT] implicit_task_begin: parallel_id=281474976710693 thread_num=2 team_size=16
[OMPT] implicit_task_begin: parallel_id=281474976710693 thread_num=3 team_size=16
[OMPT] implicit_task_end: parallel_id=0 thread_num=9
[OMPT] implicit_task_end: parallel_id=0 thread_num=11
[OMPT] implicit_task_end: parallel_id=0 thread_num=1
[OMPT] implicit_task_begin: parallel_id=281474976710693 thread_num=8 team_size=16
[OMPT] implicit_task_begin: parallel_id=281474976710693 thread_num=1 team_size=16
[OMPT] implicit_task_begin: parallel_id=281474976710693 thread_num=10 team_size=16
[OMPT] implicit_task_end: parallel_id=0 thread_num=6
[OMPT] implicit_task_begin: parallel_id=281474976710693 thread_num=6 team_size=16
[OMPT] implicit_task_end: parallel_id=0 thread_num=7
[OMPT] implicit_task_end: parallel_id=0 thread_num=5
[OMPT] implicit_task_begin: parallel_id=281474976710693 thread_num=7 team_size=16
[OMPT] implicit_task_end: parallel_id=0 thread_num=12
[OMPT] implicit_task_end: parallel_id=0 thread_num=14
[OMPT] implicit_task_begin: parallel_id=281474976710693 thread_num=12 team_size=16
[OMPT] implicit_task_begin: parallel_id=281474976710693 thread_num=11 team_size=16
[OMPT] implicit_task_end: parallel_id=0 thread_num=15
[OMPT] implicit_task_begin: parallel_id=281474976710693 thread_num=15 team_size=16
[OMPT] implicit_task_end: parallel_id=0 thread_num=13
[OMPT] implicit_task_begin: parallel_id=281474976710693 thread_num=9 team_size=16
[OMPT] implicit_task_begin: parallel_id=281474976710693 thread_num=14 team_size=16
[OMPT] implicit_task_begin: parallel_id=281474976710693 thread_num=5 team_size=16
[OMPT] implicit_task_begin: parallel_id=281474976710693 thread_num=13 team_size=16
[OMPT][WIN100ms] ompt_id=281474976710657 tid=85231  tipo=ompt_thread_initial    cpu=  1 numa=0  d_rm=    8770  d_instr=1477102221  d_cyc= 374677147  d_all= 9571764  IPC=3.942  ratio_rm=0.0009
[OMPT][WIN100ms] ompt_id=562949953421313 tid=85233  tipo=ompt_thread_worker     cpu=120 numa=1  d_rm=       6  d_instr=1478966152  d_cyc= 373636944  d_all= 9584403  IPC=3.958  ratio_rm=0.0000
[OMPT][WIN100ms] ompt_id=844424930131969 tid=85234  tipo=ompt_thread_worker     cpu= 88 numa=1  d_rm=      30  d_instr=1475713108  d_cyc= 373965840  d_all= 9552976  IPC=3.946  ratio_rm=0.0000
[OMPT][WIN100ms] ompt_id=1125899906842625 tid=85235  tipo=ompt_thread_worker     cpu=  0 numa=0  d_rm=     169  d_instr=1472691526  d_cyc= 373909407  d_all= 9526598  IPC=3.939  ratio_rm=0.0000
[OMPT][WIN100ms] ompt_id=1407374883553281 tid=85236  tipo=ompt_thread_worker     cpu=104 numa=1  d_rm=       6  d_instr=1477002010  d_cyc= 373909216  d_all= 9565173  IPC=3.950  ratio_rm=0.0000
[OMPT][WIN100ms] ompt_id=1688849860263937 tid=85237  tipo=ompt_thread_worker     cpu= 98 numa=1  d_rm=       4  d_instr=1470646399  d_cyc= 373159790  d_all= 9514675  IPC=3.941  ratio_rm=0.0000
[OMPT][WIN100ms] ompt_id=1970324836974593 tid=85238  tipo=ompt_thread_worker     cpu= 81 numa=1  d_rm=       4  d_instr=1473079039  d_cyc= 373144076  d_all= 9521380  IPC=3.948  ratio_rm=0.0000
[OMPT][WIN100ms] ompt_id=2251799813685249 tid=85239  tipo=ompt_thread_worker     cpu=247 numa=1  d_rm=       7  d_instr=1472210128  d_cyc= 373353705  d_all= 9515097  IPC=3.943  ratio_rm=0.0000
[OMPT][WIN100ms] ompt_id=2533274790395905 tid=85240  tipo=ompt_thread_worker     cpu=199 numa=1  d_rm=       4  d_instr=1471589838  d_cyc= 373738802  d_all= 9527740  IPC=3.937  ratio_rm=0.0000
[OMPT][WIN100ms] ompt_id=2814749767106561 tid=85243  tipo=ompt_thread_worker     cpu=215 numa=1  d_rm=       3  d_instr=1473151486  d_cyc= 372948819  d_all= 9536590  IPC=3.950  ratio_rm=0.0000
[OMPT][WIN100ms] ompt_id=3096224743817217 tid=85242  tipo=ompt_thread_worker     cpu= 64 numa=1  d_rm=       1  d_instr=1475520028  d_cyc= 373931401  d_all= 9554868  IPC=3.946  ratio_rm=0.0000
[OMPT][WIN100ms] ompt_id=3377699720527873 tid=85241  tipo=ompt_thread_worker     cpu=207 numa=1  d_rm=       5  d_instr=1476455133  d_cyc= 372935543  d_all= 9557714  IPC=3.959  ratio_rm=0.0000
[OMPT][WIN100ms] ompt_id=3659174697238529 tid=85244  tipo=ompt_thread_worker     cpu=223 numa=1  d_rm=      69  d_instr=1469862914  d_cyc= 372766562  d_all= 9492265  IPC=3.943  ratio_rm=0.0000
[OMPT][WIN100ms] ompt_id=3940649673949185 tid=85245  tipo=ompt_thread_worker     cpu=141 numa=0  d_rm=     309  d_instr=1473240838  d_cyc= 374003075  d_all= 9524363  IPC=3.939  ratio_rm=0.0000
[OMPT][WIN100ms] ompt_id=4222124650659841 tid=85246  tipo=ompt_thread_worker     cpu=239 numa=1  d_rm=       0  d_instr=1480670726  d_cyc= 373824127  d_all= 9566798  IPC=3.961  ratio_rm=0.0000
[OMPT][WIN100ms] ompt_id=4503599627370497 tid=85247  tipo=ompt_thread_worker     cpu=231 numa=1  d_rm=       6  d_instr=1471899914  d_cyc= 374326833  d_all= 9517016  IPC=3.932  ratio_rm=0.0000
[OMPT] implicit_task_end: parallel_id=0 thread_num=0
[OMPT] parallel_end: parallel_id=281474976710693
[OMPT] parallel_begin: parallel_id=281474976710695 team_size=16
[OMPT] implicit_task_end: parallel_id=0 thread_num=3
[OMPT] implicit_task_end: parallel_id=0 thread_num=1
[OMPT] implicit_task_end: parallel_id=0 thread_num=2
[OMPT] implicit_task_end: parallel_id=0 thread_num=12
[OMPT] implicit_task_end: parallel_id=0 thread_num=14
[OMPT] implicit_task_end: parallel_id=0 thread_num=4
[OMPT] implicit_task_end: parallel_id=0 thread_num=7
[OMPT] implicit_task_begin: parallel_id=281474976710695 thread_num=14 team_size=16
[OMPT] implicit_task_begin: parallel_id=281474976710695 thread_num=4 team_size=16
[OMPT] implicit_task_end: parallel_id=0 thread_num=8
[OMPT] implicit_task_end: parallel_id=0 thread_num=10
[OMPT] implicit_task_begin: parallel_id=281474976710695 thread_num=1 team_size=16
[OMPT] implicit_task_begin: parallel_id=281474976710695 thread_num=10 team_size=16
[OMPT] implicit_task_end: parallel_id=0 thread_num=15
[OMPT] implicit_task_begin: parallel_id=281474976710695 thread_num=2 team_size=16
[OMPT] implicit_task_begin: parallel_id=281474976710695 thread_num=12 team_size=16
[OMPT] implicit_task_begin: parallel_id=281474976710695 thread_num=15 team_size=16
[OMPT] implicit_task_end: parallel_id=0 thread_num=5
[OMPT] implicit_task_begin: parallel_id=281474976710695 thread_num=5 team_size=16
[OMPT] implicit_task_end: parallel_id=0 thread_num=6
[OMPT] implicit_task_begin: parallel_id=281474976710695 thread_num=3 team_size=16
[OMPT] implicit_task_begin: parallel_id=281474976710695 thread_num=6 team_size=16
[OMPT] implicit_task_begin: parallel_id=281474976710695 thread_num=0 team_size=16
[OMPT] implicit_task_end: parallel_id=0 thread_num=11
[OMPT] implicit_task_begin: parallel_id=281474976710695 thread_num=11 team_size=16
[OMPT] implicit_task_end: parallel_id=0 thread_num=9
[OMPT] implicit_task_begin: parallel_id=281474976710695 thread_num=7 team_size=16
[OMPT] implicit_task_begin: parallel_id=281474976710695 thread_num=9 team_size=16
[OMPT] implicit_task_begin: parallel_id=281474976710695 thread_num=8 team_size=16
[OMPT] implicit_task_end: parallel_id=0 thread_num=13
[OMPT] implicit_task_begin: parallel_id=281474976710695 thread_num=13 team_size=16
[OMPT][WIN100ms] ompt_id=281474976710657 tid=85231  tipo=ompt_thread_initial    cpu=  1 numa=0  d_rm=    8785  d_instr=1466084602  d_cyc= 373740223  d_all= 9499700  IPC=3.923  ratio_rm=0.0009
[OMPT][WIN100ms] ompt_id=562949953421313 tid=85233  tipo=ompt_thread_worker     cpu=120 numa=1  d_rm=       7  d_instr=1468113969  d_cyc= 373422021  d_all= 9498129  IPC=3.932  ratio_rm=0.0000
[OMPT][WIN100ms] ompt_id=844424930131969 tid=85234  tipo=ompt_thread_worker     cpu= 88 numa=1  d_rm=      31  d_instr=1469885729  d_cyc= 373222340  d_all= 9500943  IPC=3.938  ratio_rm=0.0000
[OMPT][WIN100ms] ompt_id=1125899906842625 tid=85235  tipo=ompt_thread_worker     cpu=  0 numa=0  d_rm=     183  d_instr=1469924705  d_cyc= 373268458  d_all= 9508622  IPC=3.938  ratio_rm=0.0000
[OMPT][WIN100ms] ompt_id=1407374883553281 tid=85236  tipo=ompt_thread_worker     cpu=104 numa=1  d_rm=       4  d_instr=1476785614  d_cyc= 373486394  d_all= 9544584  IPC=3.954  ratio_rm=0.0000
[OMPT][WIN100ms] ompt_id=1688849860263937 tid=85237  tipo=ompt_thread_worker     cpu= 98 numa=1  d_rm=       2  d_instr=1476506825  d_cyc= 373946948  d_all= 9555452  IPC=3.948  ratio_rm=0.0000
[OMPT][WIN100ms] ompt_id=1970324836974593 tid=85238  tipo=ompt_thread_worker     cpu= 81 numa=1  d_rm=       4  d_instr=1475979486  d_cyc= 373429409  d_all= 9540359  IPC=3.952  ratio_rm=0.0000
[OMPT][WIN100ms] ompt_id=2251799813685249 tid=85239  tipo=ompt_thread_worker     cpu=247 numa=1  d_rm=       8  d_instr=1474781646  d_cyc= 373507620  d_all= 9534381  IPC=3.948  ratio_rm=0.0000
[OMPT][WIN100ms] ompt_id=2533274790395905 tid=85240  tipo=ompt_thread_worker     cpu=199 numa=1  d_rm=       1  d_instr=1461573928  d_cyc= 373212251  d_all= 9444453  IPC=3.916  ratio_rm=0.0000
[OMPT][WIN100ms] ompt_id=2814749767106561 tid=85243  tipo=ompt_thread_worker     cpu=215 numa=1  d_rm=       4  d_instr=1472487191  d_cyc= 373500026  d_all= 9518491  IPC=3.942  ratio_rm=0.0000
[OMPT][WIN100ms] ompt_id=3096224743817217 tid=85242  tipo=ompt_thread_worker     cpu= 64 numa=1  d_rm=       2  d_instr=1478085496  d_cyc= 374517602  d_all= 9550569  IPC=3.947  ratio_rm=0.0000
[OMPT][WIN100ms] ompt_id=3377699720527873 tid=85241  tipo=ompt_thread_worker     cpu=207 numa=1  d_rm=       6  d_instr=1467205478  d_cyc= 373456501  d_all= 9463452  IPC=3.929  ratio_rm=0.0000
[OMPT][WIN100ms] ompt_id=3659174697238529 tid=85244  tipo=ompt_thread_worker     cpu=223 numa=1  d_rm=      91  d_instr=1477729719  d_cyc= 373508409  d_all= 9545206  IPC=3.956  ratio_rm=0.0000
[OMPT][WIN100ms] ompt_id=3940649673949185 tid=85245  tipo=ompt_thread_worker     cpu=141 numa=0  d_rm=     296  d_instr=1473336435  d_cyc= 373790829  d_all= 9528310  IPC=3.942  ratio_rm=0.0000
[OMPT][WIN100ms] ompt_id=4222124650659841 tid=85246  tipo=ompt_thread_worker     cpu=239 numa=1  d_rm=       1  d_instr=1472289825  d_cyc= 374123722  d_all= 9507287  IPC=3.935  ratio_rm=0.0000
[OMPT][WIN100ms] ompt_id=4503599627370497 tid=85247  tipo=ompt_thread_worker     cpu=231 numa=1  d_rm=       5  d_instr=1482170028  d_cyc= 373995960  d_all= 9578103  IPC=3.963  ratio_rm=0.0000
[OMPT] implicit_task_end: parallel_id=0 thread_num=0
[OMPT] parallel_end: parallel_id=281474976710695
[OMPT] parallel_begin: parallel_id=281474976710697 team_size=16
[OMPT] implicit_task_end: parallel_id=0 thread_num=8
[OMPT] implicit_task_end: parallel_id=0 thread_num=10
[OMPT] implicit_task_end: parallel_id=0 thread_num=3
[OMPT] implicit_task_begin: parallel_id=281474976710697 thread_num=8 team_size=16
[OMPT] implicit_task_end: parallel_id=0 thread_num=2
[OMPT] implicit_task_end: parallel_id=0 thread_num=4
[OMPT] implicit_task_end: parallel_id=0 thread_num=6
[OMPT] implicit_task_end: parallel_id=0 thread_num=1
[OMPT] implicit_task_begin: parallel_id=281474976710697 thread_num=6 team_size=16
[OMPT] implicit_task_end: parallel_id=0 thread_num=9
[OMPT] implicit_task_end: parallel_id=0 thread_num=11
[OMPT] implicit_task_begin: parallel_id=281474976710697 thread_num=1 team_size=16
[OMPT] implicit_task_begin: parallel_id=281474976710697 thread_num=9 team_size=16
[OMPT] implicit_task_begin: parallel_id=281474976710697 thread_num=11 team_size=16
[OMPT] implicit_task_begin: parallel_id=281474976710697 thread_num=3 team_size=16
[OMPT] implicit_task_begin: parallel_id=281474976710697 thread_num=0 team_size=16
[OMPT] implicit_task_begin: parallel_id=281474976710697 thread_num=2 team_size=16
[OMPT] implicit_task_end: parallel_id=0 thread_num=5
[OMPT] implicit_task_end: parallel_id=0 thread_num=7
[OMPT] implicit_task_begin: parallel_id=281474976710697 thread_num=4 team_size=16
[OMPT] implicit_task_end: parallel_id=0 thread_num=12
[OMPT] implicit_task_end: parallel_id=0 thread_num=14
[OMPT] implicit_task_begin: parallel_id=281474976710697 thread_num=10 team_size=16
[OMPT] implicit_task_begin: parallel_id=281474976710697 thread_num=12 team_size=16
[OMPT] implicit_task_begin: parallel_id=281474976710697 thread_num=5 team_size=16
[OMPT] implicit_task_end: parallel_id=0 thread_num=15
[OMPT] implicit_task_begin: parallel_id=281474976710697 thread_num=7 team_size=16
[OMPT] implicit_task_begin: parallel_id=281474976710697 thread_num=14 team_size=16
[OMPT] implicit_task_begin: parallel_id=281474976710697 thread_num=15 team_size=16
[OMPT] implicit_task_end: parallel_id=0 thread_num=13
[OMPT] implicit_task_begin: parallel_id=281474976710697 thread_num=13 team_size=16
[OMPT][WIN100ms] ompt_id=281474976710657 tid=85231  tipo=ompt_thread_initial    cpu=  1 numa=0  d_rm=    9003  d_instr=1472663614  d_cyc= 374123198  d_all= 9533962  IPC=3.936  ratio_rm=0.0009
[OMPT][WIN100ms] ompt_id=562949953421313 tid=85233  tipo=ompt_thread_worker     cpu=120 numa=1  d_rm=       4  d_instr=1474139736  d_cyc= 373621038  d_all= 9535773  IPC=3.946  ratio_rm=0.0000
[OMPT][WIN100ms] ompt_id=844424930131969 tid=85234  tipo=ompt_thread_worker     cpu= 88 numa=1  d_rm=      42  d_instr=1483071184  d_cyc= 373555555  d_all= 9596450  IPC=3.970  ratio_rm=0.0000
[OMPT][WIN100ms] ompt_id=1125899906842625 tid=85235  tipo=ompt_thread_worker     cpu=  0 numa=0  d_rm=     211  d_instr=1469284401  d_cyc= 373428972  d_all= 9504653  IPC=3.935  ratio_rm=0.0000
[OMPT][WIN100ms] ompt_id=1407374883553281 tid=85236  tipo=ompt_thread_worker     cpu=104 numa=1  d_rm=       4  d_instr=1467082843  d_cyc= 372957638  d_all= 9474616  IPC=3.934  ratio_rm=0.0000
[OMPT][WIN100ms] ompt_id=1688849860263937 tid=85237  tipo=ompt_thread_worker     cpu= 98 numa=1  d_rm=       3  d_instr=1468860361  d_cyc= 373677408  d_all= 9481222  IPC=3.931  ratio_rm=0.0000
[OMPT][WIN100ms] ompt_id=1970324836974593 tid=85238  tipo=ompt_thread_worker     cpu= 81 numa=1  d_rm=       3  d_instr=1474298708  d_cyc= 373757773  d_all= 9512582  IPC=3.945  ratio_rm=0.0000
[OMPT][WIN100ms] ompt_id=2251799813685249 tid=85239  tipo=ompt_thread_worker     cpu=247 numa=1  d_rm=       6  d_instr=1475939180  d_cyc= 373610996  d_all= 9531877  IPC=3.950  ratio_rm=0.0000
[OMPT][WIN100ms] ompt_id=2533274790395905 tid=85240  tipo=ompt_thread_worker     cpu=199 numa=1  d_rm=       2  d_instr=1479606032  d_cyc= 374721754  d_all= 9569078  IPC=3.949  ratio_rm=0.0000
[OMPT][WIN100ms] ompt_id=2814749767106561 tid=85243  tipo=ompt_thread_worker     cpu=215 numa=1  d_rm=       2  d_instr=1479678348  d_cyc= 373887287  d_all= 9571611  IPC=3.958  ratio_rm=0.0000
[OMPT][WIN100ms] ompt_id=3096224743817217 tid=85242  tipo=ompt_thread_worker     cpu= 64 numa=1  d_rm=       4  d_instr=1468962045  d_cyc= 373386666  d_all= 9483584  IPC=3.934  ratio_rm=0.0000
[OMPT][WIN100ms] ompt_id=3377699720527873 tid=85241  tipo=ompt_thread_worker     cpu=207 numa=1  d_rm=       6  d_instr=1490730960  d_cyc= 374058917  d_all= 9635037  IPC=3.985  ratio_rm=0.0000
[OMPT][WIN100ms] ompt_id=3659174697238529 tid=85244  tipo=ompt_thread_worker     cpu=223 numa=1  d_rm=      89  d_instr=1473670735  d_cyc= 373202549  d_all= 9520291  IPC=3.949  ratio_rm=0.0000
[OMPT][WIN100ms] ompt_id=3940649673949185 tid=85245  tipo=ompt_thread_worker     cpu=141 numa=0  d_rm=     323  d_instr=1468661884  d_cyc= 374225365  d_all= 9484720  IPC=3.925  ratio_rm=0.0000
[OMPT][WIN100ms] ompt_id=4222124650659841 tid=85246  tipo=ompt_thread_worker     cpu=239 numa=1  d_rm=       2  d_instr=1478231772  d_cyc= 373989498  d_all= 9543718  IPC=3.953  ratio_rm=0.0000
[OMPT][WIN100ms] ompt_id=4503599627370497 tid=85247  tipo=ompt_thread_worker     cpu=231 numa=1  d_rm=       4  d_instr=1476143742  d_cyc= 374090153  d_all= 9533679  IPC=3.946  ratio_rm=0.0000
[OMPT] implicit_task_end: parallel_id=0 thread_num=0
[OMPT] parallel_end: parallel_id=281474976710697
[OMPT] parallel_begin: parallel_id=281474976710699 team_size=16
[OMPT] implicit_task_end: parallel_id=0 thread_num=8
[OMPT] implicit_task_end: parallel_id=0 thread_num=10
[OMPT] implicit_task_end: parallel_id=0 thread_num=4
[OMPT] implicit_task_end: parallel_id=0 thread_num=6
[OMPT] implicit_task_begin: parallel_id=281474976710699 thread_num=6 team_size=16
[OMPT] implicit_task_end: parallel_id=0 thread_num=1
[OMPT] implicit_task_begin: parallel_id=281474976710699 thread_num=0 team_size=16
[OMPT] implicit_task_begin: parallel_id=281474976710699 thread_num=1 team_size=16
[OMPT] implicit_task_end: parallel_id=0 thread_num=3
[OMPT] implicit_task_end: parallel_id=0 thread_num=11
[OMPT] implicit_task_begin: parallel_id=281474976710699 thread_num=11 team_size=16
[OMPT] implicit_task_end: parallel_id=0 thread_num=9
[OMPT] implicit_task_begin: parallel_id=281474976710699 thread_num=8 team_size=16
[OMPT] implicit_task_begin: parallel_id=281474976710699 thread_num=10 team_size=16
[OMPT] implicit_task_end: parallel_id=0 thread_num=2
[OMPT] implicit_task_end: parallel_id=0 thread_num=5
[OMPT] implicit_task_end: parallel_id=0 thread_num=7
[OMPT] implicit_task_end: parallel_id=0 thread_num=12
[OMPT] implicit_task_end: parallel_id=0 thread_num=15
[OMPT] implicit_task_begin: parallel_id=281474976710699 thread_num=4 team_size=16
[OMPT] implicit_task_begin: parallel_id=281474976710699 thread_num=7 team_size=16
[OMPT] implicit_task_begin: parallel_id=281474976710699 thread_num=12 team_size=16
[OMPT] implicit_task_begin: parallel_id=281474976710699 thread_num=2 team_size=16
[OMPT] implicit_task_begin: parallel_id=281474976710699 thread_num=15 team_size=16
[OMPT] implicit_task_begin: parallel_id=281474976710699 thread_num=5 team_size=16
[OMPT] implicit_task_end: parallel_id=0 thread_num=14
[OMPT] implicit_task_begin: parallel_id=281474976710699 thread_num=14 team_size=16
[OMPT] implicit_task_end: parallel_id=0 thread_num=13
[OMPT] implicit_task_begin: parallel_id=281474976710699 thread_num=3 team_size=16
[OMPT] implicit_task_begin: parallel_id=281474976710699 thread_num=9 team_size=16
[OMPT] implicit_task_begin: parallel_id=281474976710699 thread_num=13 team_size=16
[OMPT][WIN100ms] ompt_id=281474976710657 tid=85231  tipo=ompt_thread_initial    cpu=  1 numa=0  d_rm=    8884  d_instr=1474925585  d_cyc= 374463229  d_all= 9552865  IPC=3.939  ratio_rm=0.0009
[OMPT][WIN100ms] ompt_id=562949953421313 tid=85233  tipo=ompt_thread_worker     cpu=120 numa=1  d_rm=       7  d_instr=1474537798  d_cyc= 373870255  d_all= 9532041  IPC=3.944  ratio_rm=0.0000
[OMPT][WIN100ms] ompt_id=844424930131969 tid=85234  tipo=ompt_thread_worker     cpu= 88 numa=1  d_rm=      30  d_instr=1462391415  d_cyc= 372637329  d_all= 9436470  IPC=3.924  ratio_rm=0.0000
[OMPT][WIN100ms] ompt_id=1125899906842625 tid=85235  tipo=ompt_thread_worker     cpu= 32 numa=0  d_rm=     529  d_instr=1475128525  d_cyc= 373247754  d_all= 9538292  IPC=3.952  ratio_rm=0.0001
[OMPT][WIN100ms] ompt_id=1407374883553281 tid=85236  tipo=ompt_thread_worker     cpu=104 numa=1  d_rm=       1  d_instr=1476514369  d_cyc= 373095384  d_all= 9542078  IPC=3.957  ratio_rm=0.0000
[OMPT][WIN100ms] ompt_id=1688849860263937 tid=85237  tipo=ompt_thread_worker     cpu= 98 numa=1  d_rm=       2  d_instr=1476931290  d_cyc= 373399111  d_all= 9545229  IPC=3.955  ratio_rm=0.0000
[OMPT][WIN100ms] ompt_id=1970324836974593 tid=85238  tipo=ompt_thread_worker     cpu= 81 numa=1  d_rm=       3  d_instr=1474706840  d_cyc= 373604085  d_all= 9517043  IPC=3.947  ratio_rm=0.0000
[OMPT][WIN100ms] ompt_id=2251799813685249 tid=85239  tipo=ompt_thread_worker     cpu=247 numa=1  d_rm=       5  d_instr=1474617914  d_cyc= 373215054  d_all= 9522662  IPC=3.951  ratio_rm=0.0000
[OMPT][WIN100ms] ompt_id=2533274790395905 tid=85240  tipo=ompt_thread_worker     cpu=199 numa=1  d_rm=       3  d_instr=1476383661  d_cyc= 373681453  d_all= 9540670  IPC=3.951  ratio_rm=0.0000
[OMPT][WIN100ms] ompt_id=2814749767106561 tid=85243  tipo=ompt_thread_worker     cpu=215 numa=1  d_rm=       1  d_instr=1475696335  d_cyc= 373481423  d_all= 9536743  IPC=3.951  ratio_rm=0.0000
[OMPT][WIN100ms] ompt_id=3096224743817217 tid=85242  tipo=ompt_thread_worker     cpu= 64 numa=1  d_rm=       2  d_instr=1474922060  d_cyc= 373713176  d_all= 9532490  IPC=3.947  ratio_rm=0.0000
[OMPT][WIN100ms] ompt_id=3377699720527873 tid=85241  tipo=ompt_thread_worker     cpu=207 numa=1  d_rm=       4  d_instr=1465243783  d_cyc= 372440343  d_all= 9451630  IPC=3.934  ratio_rm=0.0000
[OMPT][WIN100ms] ompt_id=3659174697238529 tid=85244  tipo=ompt_thread_worker     cpu=223 numa=1  d_rm=      67  d_instr=1469103705  d_cyc= 372951021  d_all= 9489423  IPC=3.939  ratio_rm=0.0000
[OMPT][WIN100ms] ompt_id=3940649673949185 tid=85245  tipo=ompt_thread_worker     cpu=141 numa=0  d_rm=     309  d_instr=1473566911  d_cyc= 374228669  d_all= 9527484  IPC=3.938  ratio_rm=0.0000
[OMPT][WIN100ms] ompt_id=4222124650659841 tid=85246  tipo=ompt_thread_worker     cpu=239 numa=1  d_rm=       2  d_instr=1468060450  d_cyc= 373709966  d_all= 9471247  IPC=3.928  ratio_rm=0.0000
[OMPT][WIN100ms] ompt_id=4503599627370497 tid=85247  tipo=ompt_thread_worker     cpu=231 numa=1  d_rm=       4  d_instr=1471660149  d_cyc= 374284946  d_all= 9506309  IPC=3.932  ratio_rm=0.0000
[OMPT] implicit_task_end: parallel_id=0 thread_num=0
[OMPT] parallel_end: parallel_id=281474976710699
[OMPT] parallel_begin: parallel_id=281474976710701 team_size=16
[OMPT] implicit_task_end: parallel_id=0 thread_num=12
[OMPT] implicit_task_end: parallel_id=0 thread_num=15
[OMPT] implicit_task_end: parallel_id=0 thread_num=8
[OMPT] implicit_task_end: parallel_id=0 thread_num=9
[OMPT] implicit_task_end: parallel_id=0 thread_num=4
[OMPT] implicit_task_end: parallel_id=0 thread_num=1
[OMPT] implicit_task_begin: parallel_id=281474976710701 thread_num=4 team_size=16
[OMPT] implicit_task_begin: parallel_id=281474976710701 thread_num=1 team_size=16
[OMPT] implicit_task_end: parallel_id=0 thread_num=14
[OMPT] implicit_task_begin: parallel_id=281474976710701 thread_num=14 team_size=16
[OMPT] implicit_task_end: parallel_id=0 thread_num=13
[OMPT] implicit_task_begin: parallel_id=281474976710701 thread_num=12 team_size=16
[OMPT] implicit_task_end: parallel_id=0 thread_num=10
[OMPT] implicit_task_begin: parallel_id=281474976710701 thread_num=10 team_size=16
[OMPT] implicit_task_end: parallel_id=0 thread_num=11
[OMPT] implicit_task_begin: parallel_id=281474976710701 thread_num=11 team_size=16
[OMPT] implicit_task_begin: parallel_id=281474976710701 thread_num=8 team_size=16
[OMPT] implicit_task_end: parallel_id=0 thread_num=5
[OMPT] implicit_task_begin: parallel_id=281474976710701 thread_num=5 team_size=16
[OMPT] implicit_task_end: parallel_id=0 thread_num=6
[OMPT] implicit_task_begin: parallel_id=281474976710701 thread_num=6 team_size=16
[OMPT] implicit_task_end: parallel_id=0 thread_num=7
[OMPT] implicit_task_begin: parallel_id=281474976710701 thread_num=9 team_size=16
[OMPT] implicit_task_begin: parallel_id=281474976710701 thread_num=7 team_size=16
[OMPT] implicit_task_end: parallel_id=0 thread_num=3
[OMPT] implicit_task_begin: parallel_id=281474976710701 thread_num=13 team_size=16
[OMPT] implicit_task_begin: parallel_id=281474976710701 thread_num=3 team_size=16
[OMPT] implicit_task_end: parallel_id=0 thread_num=2
[OMPT] implicit_task_begin: parallel_id=281474976710701 thread_num=2 team_size=16
[OMPT] implicit_task_begin: parallel_id=281474976710701 thread_num=0 team_size=16
[OMPT] implicit_task_begin: parallel_id=281474976710701 thread_num=15 team_size=16
[OMPT][WIN100ms] ompt_id=281474976710657 tid=85231  tipo=ompt_thread_initial    cpu=  1 numa=0  d_rm=    9132  d_instr=1465997174  d_cyc= 373154995  d_all= 9480805  IPC=3.929  ratio_rm=0.0010
[OMPT][WIN100ms] ompt_id=562949953421313 tid=85233  tipo=ompt_thread_worker     cpu=120 numa=1  d_rm=       5  d_instr=1473536448  d_cyc= 373825572  d_all= 9523038  IPC=3.942  ratio_rm=0.0000
[OMPT][WIN100ms] ompt_id=844424930131969 tid=85234  tipo=ompt_thread_worker     cpu= 88 numa=1  d_rm=      31  d_instr=1473746038  d_cyc= 372807089  d_all= 9529243  IPC=3.953  ratio_rm=0.0000
[OMPT][WIN100ms] ompt_id=1125899906842625 tid=85235  tipo=ompt_thread_worker     cpu= 32 numa=0  d_rm=     350  d_instr=1469831170  d_cyc= 373284782  d_all= 9499670  IPC=3.938  ratio_rm=0.0000
[OMPT][WIN100ms] ompt_id=1407374883553281 tid=85236  tipo=ompt_thread_worker     cpu=104 numa=1  d_rm=       4  d_instr=1477298962  d_cyc= 373721464  d_all= 9545114  IPC=3.953  ratio_rm=0.0000
[OMPT][WIN100ms] ompt_id=1688849860263937 tid=85237  tipo=ompt_thread_worker     cpu= 98 numa=1  d_rm=       5  d_instr=1481138574  d_cyc= 373791364  d_all= 9567212  IPC=3.962  ratio_rm=0.0000
[OMPT][WIN100ms] ompt_id=1970324836974593 tid=85238  tipo=ompt_thread_worker     cpu= 81 numa=1  d_rm=       2  d_instr=1475817693  d_cyc= 373283541  d_all= 9530485  IPC=3.954  ratio_rm=0.0000
[OMPT][WIN100ms] ompt_id=2251799813685249 tid=85239  tipo=ompt_thread_worker     cpu=247 numa=1  d_rm=       8  d_instr=1470647524  d_cyc= 373451133  d_all= 9501295  IPC=3.938  ratio_rm=0.0000
[OMPT][WIN100ms] ompt_id=2533274790395905 tid=85240  tipo=ompt_thread_worker     cpu=199 numa=1  d_rm=       2  d_instr=1469133624  d_cyc= 373605641  d_all= 9495677  IPC=3.932  ratio_rm=0.0000
[OMPT][WIN100ms] ompt_id=2814749767106561 tid=85243  tipo=ompt_thread_worker     cpu=215 numa=1  d_rm=       4  d_instr=1476685946  d_cyc= 373372487  d_all= 9544960  IPC=3.955  ratio_rm=0.0000
[OMPT][WIN100ms] ompt_id=3096224743817217 tid=85242  tipo=ompt_thread_worker     cpu= 64 numa=1  d_rm=       3  d_instr=1468893976  d_cyc= 373747398  d_all= 9490414  IPC=3.930  ratio_rm=0.0000
[OMPT][WIN100ms] ompt_id=3377699720527873 tid=85241  tipo=ompt_thread_worker     cpu=207 numa=1  d_rm=       5  d_instr=1473416715  d_cyc= 373357460  d_all= 9519108  IPC=3.946  ratio_rm=0.0000
[OMPT][WIN100ms] ompt_id=3659174697238529 tid=85244  tipo=ompt_thread_worker     cpu=223 numa=1  d_rm=      54  d_instr=1480097755  d_cyc= 373820055  d_all= 9571125  IPC=3.959  ratio_rm=0.0000
[OMPT][WIN100ms] ompt_id=3940649673949185 tid=85245  tipo=ompt_thread_worker     cpu=141 numa=0  d_rm=     322  d_instr=1479954867  d_cyc= 373572477  d_all= 9575172  IPC=3.962  ratio_rm=0.0000
[OMPT][WIN100ms] ompt_id=4222124650659841 tid=85246  tipo=ompt_thread_worker     cpu=239 numa=1  d_rm=       1  d_instr=1480313818  d_cyc= 373928351  d_all= 9570763  IPC=3.959  ratio_rm=0.0000
[OMPT][WIN100ms] ompt_id=4503599627370497 tid=85247  tipo=ompt_thread_worker     cpu=231 numa=1  d_rm=       4  d_instr=1475323070  d_cyc= 373029857  d_all= 9538514  IPC=3.955  ratio_rm=0.0000
[OMPT] implicit_task_end: parallel_id=0 thread_num=0
[OMPT] parallel_end: parallel_id=281474976710701
[OMPT] parallel_begin: parallel_id=281474976710703 team_size=16
[OMPT] implicit_task_end: parallel_id=0 thread_num=4
[OMPT] implicit_task_end: parallel_id=0 thread_num=5
[OMPT] implicit_task_begin: parallel_id=281474976710703 thread_num=4 team_size=16
[OMPT] implicit_task_end: parallel_id=0 thread_num=2
[OMPT] implicit_task_begin: parallel_id=281474976710703 thread_num=5 team_size=16
[OMPT] implicit_task_begin: parallel_id=281474976710703 thread_num=0 team_size=16
[OMPT] implicit_task_begin: parallel_id=281474976710703 thread_num=2 team_size=16
[OMPT] implicit_task_end: parallel_id=0 thread_num=1
[OMPT] implicit_task_end: parallel_id=0 thread_num=7
[OMPT] implicit_task_end: parallel_id=0 thread_num=6
[OMPT] implicit_task_end: parallel_id=0 thread_num=12
[OMPT] implicit_task_end: parallel_id=0 thread_num=14
[OMPT] implicit_task_end: parallel_id=0 thread_num=8
[OMPT] implicit_task_end: parallel_id=0 thread_num=11
[OMPT] implicit_task_begin: parallel_id=281474976710703 thread_num=1 team_size=16
[OMPT] implicit_task_begin: parallel_id=281474976710703 thread_num=7 team_size=16
[OMPT] implicit_task_begin: parallel_id=281474976710703 thread_num=8 team_size=16
[OMPT] implicit_task_begin: parallel_id=281474976710703 thread_num=11 team_size=16
[OMPT] implicit_task_end: parallel_id=0 thread_num=15
[OMPT] implicit_task_begin: parallel_id=281474976710703 thread_num=15 team_size=16
[OMPT] implicit_task_end: parallel_id=0 thread_num=13
[OMPT] implicit_task_begin: parallel_id=281474976710703 thread_num=14 team_size=16
[OMPT] implicit_task_end: parallel_id=0 thread_num=3
[OMPT] implicit_task_end: parallel_id=0 thread_num=9
[OMPT] implicit_task_begin: parallel_id=281474976710703 thread_num=6 team_size=16
[OMPT] implicit_task_begin: parallel_id=281474976710703 thread_num=12 team_size=16
[OMPT] implicit_task_begin: parallel_id=281474976710703 thread_num=9 team_size=16
[OMPT] implicit_task_begin: parallel_id=281474976710703 thread_num=13 team_size=16
[OMPT] implicit_task_end: parallel_id=0 thread_num=10
[OMPT] implicit_task_begin: parallel_id=281474976710703 thread_num=10 team_size=16
[OMPT] implicit_task_begin: parallel_id=281474976710703 thread_num=3 team_size=16
[OMPT][WIN100ms] ompt_id=281474976710657 tid=85231  tipo=ompt_thread_initial    cpu=  1 numa=0  d_rm=    8467  d_instr=1465749270  d_cyc= 374531433  d_all= 9480429  IPC=3.914  ratio_rm=0.0009
[OMPT][WIN100ms] ompt_id=562949953421313 tid=85233  tipo=ompt_thread_worker     cpu=120 numa=1  d_rm=       6  d_instr=1471131021  d_cyc= 373380308  d_all= 9502436  IPC=3.940  ratio_rm=0.0000
[OMPT][WIN100ms] ompt_id=844424930131969 tid=85234  tipo=ompt_thread_worker     cpu= 88 numa=1  d_rm=      40  d_instr=1473696771  d_cyc= 373799785  d_all= 9517226  IPC=3.942  ratio_rm=0.0000
[OMPT][WIN100ms] ompt_id=1125899906842625 tid=85235  tipo=ompt_thread_worker     cpu= 32 numa=0  d_rm=     379  d_instr=1471508653  d_cyc= 373316334  d_all= 9503916  IPC=3.942  ratio_rm=0.0000
[OMPT][WIN100ms] ompt_id=1407374883553281 tid=85236  tipo=ompt_thread_worker     cpu=104 numa=1  d_rm=       2  d_instr=1474796042  d_cyc= 373940383  d_all= 9517149  IPC=3.944  ratio_rm=0.0000
[OMPT][WIN100ms] ompt_id=1688849860263937 tid=85237  tipo=ompt_thread_worker     cpu= 98 numa=1  d_rm=       3  d_instr=1467883309  d_cyc= 374138905  d_all= 9467615  IPC=3.923  ratio_rm=0.0000
[OMPT][WIN100ms] ompt_id=1970324836974593 tid=85238  tipo=ompt_thread_worker     cpu= 81 numa=1  d_rm=       2  d_instr=1468006451  d_cyc= 372825590  d_all= 9471152  IPC=3.938  ratio_rm=0.0000
[OMPT][WIN100ms] ompt_id=2251799813685249 tid=85239  tipo=ompt_thread_worker     cpu=247 numa=1  d_rm=       9  d_instr=1476044101  d_cyc= 373679333  d_all= 9533417  IPC=3.950  ratio_rm=0.0000
[OMPT][WIN100ms] ompt_id=2533274790395905 tid=85240  tipo=ompt_thread_worker     cpu=199 numa=1  d_rm=       5  d_instr=1473398524  d_cyc= 373631583  d_all= 9517733  IPC=3.943  ratio_rm=0.0000
[OMPT][WIN100ms] ompt_id=2814749767106561 tid=85243  tipo=ompt_thread_worker     cpu=215 numa=1  d_rm=       4  d_instr=1470538846  d_cyc= 373886225  d_all= 9492716  IPC=3.933  ratio_rm=0.0000
[OMPT][WIN100ms] ompt_id=3096224743817217 tid=85242  tipo=ompt_thread_worker     cpu= 64 numa=1  d_rm=       0  d_instr=1478866889  d_cyc= 373864120  d_all= 9552633  IPC=3.956  ratio_rm=0.0000
[OMPT][WIN100ms] ompt_id=3377699720527873 tid=85241  tipo=ompt_thread_worker     cpu=207 numa=1  d_rm=       5  d_instr=1469172921  d_cyc= 373807494  d_all= 9480500  IPC=3.930  ratio_rm=0.0000
[OMPT][WIN100ms] ompt_id=3659174697238529 tid=85244  tipo=ompt_thread_worker     cpu=223 numa=1  d_rm=      78  d_instr=1464561451  d_cyc= 372776169  d_all= 9449546  IPC=3.929  ratio_rm=0.0000
[OMPT][WIN100ms] ompt_id=3940649673949185 tid=85245  tipo=ompt_thread_worker     cpu=141 numa=0  d_rm=     296  d_instr=1468604782  d_cyc= 373908357  d_all= 9493515  IPC=3.928  ratio_rm=0.0000
[OMPT][WIN100ms] ompt_id=4222124650659841 tid=85246  tipo=ompt_thread_worker     cpu=239 numa=1  d_rm=       3  d_instr=1464723146  d_cyc= 373608806  d_all= 9463248  IPC=3.920  ratio_rm=0.0000
[OMPT][WIN100ms] ompt_id=4503599627370497 tid=85247  tipo=ompt_thread_worker     cpu=231 numa=1  d_rm=       2  d_instr=1466858947  d_cyc= 374119168  d_all= 9494383  IPC=3.921  ratio_rm=0.0000
[OMPT] implicit_task_end: parallel_id=0 thread_num=0
[OMPT] parallel_end: parallel_id=281474976710703
[OMPT] parallel_begin: parallel_id=281474976710705 team_size=16
[OMPT] implicit_task_end: parallel_id=0 thread_num=8
[OMPT] implicit_task_end: parallel_id=0 thread_num=10
[OMPT] implicit_task_end: parallel_id=0 thread_num=2
[OMPT] implicit_task_end: parallel_id=0 thread_num=4
[OMPT] implicit_task_end: parallel_id=0 thread_num=6
[OMPT] implicit_task_end: parallel_id=0 thread_num=1
[OMPT] implicit_task_begin: parallel_id=281474976710705 thread_num=0 team_size=16
[OMPT] implicit_task_end: parallel_id=0 thread_num=3
[OMPT] implicit_task_begin: parallel_id=281474976710705 thread_num=1 team_size=16
[OMPT] implicit_task_end: parallel_id=0 thread_num=12
[OMPT] implicit_task_begin: parallel_id=281474976710705 thread_num=3 team_size=16
[OMPT] implicit_task_end: parallel_id=0 thread_num=11
[OMPT] implicit_task_begin: parallel_id=281474976710705 thread_num=12 team_size=16
[OMPT] implicit_task_begin: parallel_id=281474976710705 thread_num=11 team_size=16
[OMPT] implicit_task_end: parallel_id=0 thread_num=7
[OMPT] implicit_task_end: parallel_id=0 thread_num=5
[OMPT] implicit_task_begin: parallel_id=281474976710705 thread_num=7 team_size=16
[OMPT] implicit_task_begin: parallel_id=281474976710705 thread_num=4 team_size=16
[OMPT] implicit_task_begin: parallel_id=281474976710705 thread_num=6 team_size=16
[OMPT] implicit_task_end: parallel_id=0 thread_num=9
[OMPT] implicit_task_end: parallel_id=0 thread_num=15
[OMPT] implicit_task_begin: parallel_id=281474976710705 thread_num=9 team_size=16
[OMPT] implicit_task_end: parallel_id=0 thread_num=14
[OMPT] implicit_task_begin: parallel_id=281474976710705 thread_num=15 team_size=16
[OMPT] implicit_task_begin: parallel_id=281474976710705 thread_num=14 team_size=16
[OMPT] implicit_task_end: parallel_id=0 thread_num=13
[OMPT] implicit_task_begin: parallel_id=281474976710705 thread_num=8 team_size=16
[OMPT] implicit_task_begin: parallel_id=281474976710705 thread_num=10 team_size=16
[OMPT] implicit_task_begin: parallel_id=281474976710705 thread_num=2 team_size=16
[OMPT] implicit_task_begin: parallel_id=281474976710705 thread_num=5 team_size=16
[OMPT] implicit_task_begin: parallel_id=281474976710705 thread_num=13 team_size=16
[OMPT] implicit_task_end: parallel_id=0 thread_num=0
[OMPT] parallel_end: parallel_id=281474976710705
[OMPT] parallel_begin: parallel_id=281474976710707 team_size=16
[OMPT] implicit_task_end: parallel_id=0 thread_num=12
[OMPT] implicit_task_end: parallel_id=0 thread_num=14
[OMPT] implicit_task_end: parallel_id=0 thread_num=2
[OMPT] implicit_task_end: parallel_id=0 thread_num=4
[OMPT] implicit_task_end: parallel_id=0 thread_num=1
[OMPT] implicit_task_end: parallel_id=0 thread_num=8
[OMPT] implicit_task_end: parallel_id=0 thread_num=11
[OMPT] implicit_task_begin: parallel_id=281474976710707 thread_num=8 team_size=16
[OMPT] implicit_task_end: parallel_id=0 thread_num=15
[OMPT] implicit_task_end: parallel_id=0 thread_num=13
[OMPT] implicit_task_begin: parallel_id=281474976710707 thread_num=12 team_size=16
[OMPT] implicit_task_begin: parallel_id=281474976710707 thread_num=14 team_size=16
[OMPT] implicit_task_end: parallel_id=0 thread_num=5
[OMPT] implicit_task_begin: parallel_id=281474976710707 thread_num=5 team_size=16
[OMPT] implicit_task_end: parallel_id=0 thread_num=7
[OMPT] implicit_task_begin: parallel_id=281474976710707 thread_num=2 team_size=16
[OMPT] implicit_task_begin: parallel_id=281474976710707 thread_num=7 team_size=16
[OMPT] implicit_task_begin: parallel_id=281474976710707 thread_num=4 team_size=16
[OMPT] implicit_task_end: parallel_id=0 thread_num=3
[OMPT] implicit_task_end: parallel_id=0 thread_num=10
[OMPT] implicit_task_begin: parallel_id=281474976710707 thread_num=3 team_size=16
[OMPT] implicit_task_begin: parallel_id=281474976710707 thread_num=1 team_size=16
[OMPT] implicit_task_begin: parallel_id=281474976710707 thread_num=0 team_size=16
[OMPT] implicit_task_begin: parallel_id=281474976710707 thread_num=11 team_size=16
[OMPT] implicit_task_begin: parallel_id=281474976710707 thread_num=15 team_size=16
[OMPT] implicit_task_begin: parallel_id=281474976710707 thread_num=13 team_size=16
[OMPT] implicit_task_end: parallel_id=0 thread_num=6
[OMPT] implicit_task_begin: parallel_id=281474976710707 thread_num=6 team_size=16
[OMPT] implicit_task_begin: parallel_id=281474976710707 thread_num=10 team_size=16
[OMPT] implicit_task_end: parallel_id=0 thread_num=9
[OMPT] implicit_task_begin: parallel_id=281474976710707 thread_num=9 team_size=16
[OMPT][WIN100ms] ompt_id=281474976710657 tid=85231  tipo=ompt_thread_initial    cpu=  1 numa=0  d_rm=   10784  d_instr=1461898241  d_cyc= 372890708  d_all= 9451915  IPC=3.920  ratio_rm=0.0011
[OMPT][WIN100ms] ompt_id=562949953421313 tid=85233  tipo=ompt_thread_worker     cpu=120 numa=1  d_rm=      16  d_instr=1450410743  d_cyc= 371571848  d_all= 9340860  IPC=3.903  ratio_rm=0.0000
[OMPT][WIN100ms] ompt_id=844424930131969 tid=85234  tipo=ompt_thread_worker     cpu= 88 numa=1  d_rm=      90  d_instr=1453239574  d_cyc= 371545005  d_all= 9364747  IPC=3.911  ratio_rm=0.0000
[OMPT][WIN100ms] ompt_id=1125899906842625 tid=85235  tipo=ompt_thread_worker     cpu= 32 numa=0  d_rm=     699  d_instr=1454339098  d_cyc= 372446437  d_all= 9370770  IPC=3.905  ratio_rm=0.0001
[OMPT][WIN100ms] ompt_id=1407374883553281 tid=85236  tipo=ompt_thread_worker     cpu=104 numa=1  d_rm=       5  d_instr=1446560174  d_cyc= 371466954  d_all= 9304303  IPC=3.894  ratio_rm=0.0000
[OMPT][WIN100ms] ompt_id=1688849860263937 tid=85237  tipo=ompt_thread_worker     cpu= 98 numa=1  d_rm=       3  d_instr=1449398590  d_cyc= 372529265  d_all= 9344696  IPC=3.891  ratio_rm=0.0000
[OMPT][WIN100ms] ompt_id=1970324836974593 tid=85238  tipo=ompt_thread_worker     cpu= 81 numa=1  d_rm=       3  d_instr=1450267523  d_cyc= 371654032  d_all= 9337268  IPC=3.902  ratio_rm=0.0000
[OMPT][WIN100ms] ompt_id=2251799813685249 tid=85239  tipo=ompt_thread_worker     cpu=247 numa=1  d_rm=       8  d_instr=1448614690  d_cyc= 372400203  d_all= 9322311  IPC=3.890  ratio_rm=0.0000
[OMPT][WIN100ms] ompt_id=2533274790395905 tid=85240  tipo=ompt_thread_worker     cpu=199 numa=1  d_rm=       2  d_instr=1451863548  d_cyc= 372454988  d_all= 9359001  IPC=3.898  ratio_rm=0.0000
[OMPT][WIN100ms] ompt_id=2814749767106561 tid=85243  tipo=ompt_thread_worker     cpu=215 numa=1  d_rm=       4  d_instr=1448488574  d_cyc= 372123527  d_all= 9355241  IPC=3.892  ratio_rm=0.0000
[OMPT][WIN100ms] ompt_id=3096224743817217 tid=85242  tipo=ompt_thread_worker     cpu= 64 numa=1  d_rm=       4  d_instr=1448626127  d_cyc= 371358937  d_all= 9329056  IPC=3.901  ratio_rm=0.0000
[OMPT][WIN100ms] ompt_id=3377699720527873 tid=85241  tipo=ompt_thread_worker     cpu=207 numa=1  d_rm=       6  d_instr=1452229209  d_cyc= 371561188  d_all= 9354243  IPC=3.908  ratio_rm=0.0000
[OMPT][WIN100ms] ompt_id=3659174697238529 tid=85244  tipo=ompt_thread_worker     cpu=223 numa=1  d_rm=     125  d_instr=1454140420  d_cyc= 372592585  d_all= 9388042  IPC=3.903  ratio_rm=0.0000
[OMPT][WIN100ms] ompt_id=3940649673949185 tid=85245  tipo=ompt_thread_worker     cpu=141 numa=0  d_rm=     615  d_instr=1449210437  d_cyc= 372133346  d_all= 9365833  IPC=3.894  ratio_rm=0.0001
[OMPT][WIN100ms] ompt_id=4222124650659841 tid=85246  tipo=ompt_thread_worker     cpu=239 numa=1  d_rm=       2  d_instr=1453978932  d_cyc= 372779752  d_all= 9389119  IPC=3.900  ratio_rm=0.0000
[OMPT][WIN100ms] ompt_id=4503599627370497 tid=85247  tipo=ompt_thread_worker     cpu=231 numa=1  d_rm=       6  d_instr=1452602831  d_cyc= 372227828  d_all= 9386992  IPC=3.902  ratio_rm=0.0000
[OMPT] implicit_task_end: parallel_id=0 thread_num=0
[OMPT] parallel_end: parallel_id=281474976710707
[OMPT] parallel_begin: parallel_id=281474976710709 team_size=16
[OMPT] implicit_task_end: parallel_id=0 thread_num=4
[OMPT] implicit_task_end: parallel_id=0 thread_num=7
[OMPT] implicit_task_begin: parallel_id=281474976710709 thread_num=4 team_size=16
[OMPT] implicit_task_end: parallel_id=0 thread_num=2
[OMPT] implicit_task_begin: parallel_id=281474976710709 thread_num=7 team_size=16
[OMPT] implicit_task_begin: parallel_id=281474976710709 thread_num=0 team_size=16
[OMPT] implicit_task_begin: parallel_id=281474976710709 thread_num=2 team_size=16
[OMPT] implicit_task_end: parallel_id=0 thread_num=1
[OMPT] implicit_task_end: parallel_id=0 thread_num=3
[OMPT] implicit_task_begin: parallel_id=281474976710709 thread_num=1 team_size=16
[OMPT] implicit_task_begin: parallel_id=281474976710709 thread_num=3 team_size=16
[OMPT] implicit_task_end: parallel_id=0 thread_num=5
[OMPT] implicit_task_end: parallel_id=0 thread_num=6
[OMPT] implicit_task_end: parallel_id=0 thread_num=12
[OMPT] implicit_task_end: parallel_id=0 thread_num=15
[OMPT] implicit_task_end: parallel_id=0 thread_num=8
[OMPT] implicit_task_end: parallel_id=0 thread_num=10
[OMPT] implicit_task_begin: parallel_id=281474976710709 thread_num=6 team_size=16
[OMPT] implicit_task_end: parallel_id=0 thread_num=14
[OMPT] implicit_task_begin: parallel_id=281474976710709 thread_num=10 team_size=16
[OMPT] implicit_task_begin: parallel_id=281474976710709 thread_num=12 team_size=16
[OMPT] implicit_task_begin: parallel_id=281474976710709 thread_num=14 team_size=16
[OMPT] implicit_task_begin: parallel_id=281474976710709 thread_num=5 team_size=16
[OMPT] implicit_task_begin: parallel_id=281474976710709 thread_num=15 team_size=16
[OMPT] implicit_task_end: parallel_id=0 thread_num=11
[OMPT] implicit_task_begin: parallel_id=281474976710709 thread_num=8 team_size=16
[OMPT] implicit_task_end: parallel_id=0 thread_num=13
[OMPT] implicit_task_begin: parallel_id=281474976710709 thread_num=11 team_size=16
[OMPT] implicit_task_end: parallel_id=0 thread_num=9
[OMPT] implicit_task_begin: parallel_id=281474976710709 thread_num=13 team_size=16
[OMPT] implicit_task_begin: parallel_id=281474976710709 thread_num=9 team_size=16
[OMPT][WIN100ms] ompt_id=281474976710657 tid=85231  tipo=ompt_thread_initial    cpu=  1 numa=0  d_rm=    8354  d_instr=1469986990  d_cyc= 374438133  d_all= 9505918  IPC=3.926  ratio_rm=0.0009
[OMPT][WIN100ms] ompt_id=562949953421313 tid=85233  tipo=ompt_thread_worker     cpu=120 numa=1  d_rm=      23  d_instr=1471984525  d_cyc= 373582030  d_all= 9520839  IPC=3.940  ratio_rm=0.0000
[OMPT][WIN100ms] ompt_id=844424930131969 tid=85234  tipo=ompt_thread_worker     cpu= 88 numa=1  d_rm=      36  d_instr=1470750267  d_cyc= 373902664  d_all= 9509440  IPC=3.934  ratio_rm=0.0000
[OMPT][WIN100ms] ompt_id=1125899906842625 tid=85235  tipo=ompt_thread_worker     cpu= 32 numa=0  d_rm=     455  d_instr=1471888172  d_cyc= 374052776  d_all= 9509783  IPC=3.935  ratio_rm=0.0000
[OMPT][WIN100ms] ompt_id=1407374883553281 tid=85236  tipo=ompt_thread_worker     cpu=104 numa=1  d_rm=       2  d_instr=1476262551  d_cyc= 374023012  d_all= 9533321  IPC=3.947  ratio_rm=0.0000
[OMPT][WIN100ms] ompt_id=1688849860263937 tid=85237  tipo=ompt_thread_worker     cpu= 98 numa=1  d_rm=       7  d_instr=1467221649  d_cyc= 373557656  d_all= 9480460  IPC=3.928  ratio_rm=0.0000
[OMPT][WIN100ms] ompt_id=1970324836974593 tid=85238  tipo=ompt_thread_worker     cpu= 81 numa=1  d_rm=       8  d_instr=1472960840  d_cyc= 373102007  d_all= 9508266  IPC=3.948  ratio_rm=0.0000
[OMPT][WIN100ms] ompt_id=2251799813685249 tid=85239  tipo=ompt_thread_worker     cpu=247 numa=1  d_rm=      34  d_instr=1476000165  d_cyc= 374066617  d_all= 9527554  IPC=3.946  ratio_rm=0.0000
[OMPT][WIN100ms] ompt_id=2533274790395905 tid=85240  tipo=ompt_thread_worker     cpu=199 numa=1  d_rm=       6  d_instr=1466716942  d_cyc= 373088787  d_all= 9478444  IPC=3.931  ratio_rm=0.0000
[OMPT][WIN100ms] ompt_id=2814749767106561 tid=85243  tipo=ompt_thread_worker     cpu=215 numa=1  d_rm=      34  d_instr=1471661297  d_cyc= 373677791  d_all= 9520630  IPC=3.938  ratio_rm=0.0000
[OMPT][WIN100ms] ompt_id=3096224743817217 tid=85242  tipo=ompt_thread_worker     cpu= 64 numa=1  d_rm=       9  d_instr=1473602949  d_cyc= 374096707  d_all= 9524777  IPC=3.939  ratio_rm=0.0000
[OMPT][WIN100ms] ompt_id=3377699720527873 tid=85241  tipo=ompt_thread_worker     cpu=207 numa=1  d_rm=      19  d_instr=1470828012  d_cyc= 373386176  d_all= 9512125  IPC=3.939  ratio_rm=0.0000
[OMPT][WIN100ms] ompt_id=3659174697238529 tid=85244  tipo=ompt_thread_worker     cpu=223 numa=1  d_rm=      79  d_instr=1469296792  d_cyc= 372831058  d_all= 9493587  IPC=3.941  ratio_rm=0.0000
[OMPT][WIN100ms] ompt_id=3940649673949185 tid=85245  tipo=ompt_thread_worker     cpu=141 numa=0  d_rm=     368  d_instr=1465765441  d_cyc= 373988317  d_all= 9489873  IPC=3.919  ratio_rm=0.0000
[OMPT][WIN100ms] ompt_id=4222124650659841 tid=85246  tipo=ompt_thread_worker     cpu=239 numa=1  d_rm=      53  d_instr=1470331748  d_cyc= 373711306  d_all= 9506460  IPC=3.934  ratio_rm=0.0000
[OMPT][WIN100ms] ompt_id=4503599627370497 tid=85247  tipo=ompt_thread_worker     cpu=231 numa=1  d_rm=      13  d_instr=1472440008  d_cyc= 373816728  d_all= 9530448  IPC=3.939  ratio_rm=0.0000
[OMPT] implicit_task_end: parallel_id=0 thread_num=0
[OMPT] parallel_end: parallel_id=281474976710709
[OMPT] parallel_begin: parallel_id=281474976710711 team_size=16
[OMPT] implicit_task_end: parallel_id=0 thread_num=12
[OMPT] implicit_task_end: parallel_id=0 thread_num=14
[OMPT] implicit_task_end: parallel_id=0 thread_num=8
[OMPT] implicit_task_end: parallel_id=0 thread_num=10
[OMPT] implicit_task_begin: parallel_id=281474976710711 thread_num=14 team_size=16
[OMPT] implicit_task_end: parallel_id=0 thread_num=1
[OMPT] implicit_task_end: parallel_id=0 thread_num=2
[OMPT] implicit_task_begin: parallel_id=281474976710711 thread_num=1 team_size=16
[OMPT] implicit_task_begin: parallel_id=281474976710711 thread_num=2 team_size=16
[OMPT] implicit_task_begin: parallel_id=281474976710711 thread_num=0 team_size=16
[OMPT] implicit_task_end: parallel_id=0 thread_num=13
[OMPT] implicit_task_begin: parallel_id=281474976710711 thread_num=13 team_size=16
[OMPT] implicit_task_end: parallel_id=0 thread_num=15
[OMPT] implicit_task_begin: parallel_id=281474976710711 thread_num=12 team_size=16
[OMPT] implicit_task_end: parallel_id=0 thread_num=3
[OMPT] implicit_task_begin: parallel_id=281474976710711 thread_num=3 team_size=16
[OMPT] implicit_task_end: parallel_id=0 thread_num=9
[OMPT] implicit_task_end: parallel_id=0 thread_num=11
[OMPT] implicit_task_end: parallel_id=0 thread_num=4
[OMPT] implicit_task_end: parallel_id=0 thread_num=5
[OMPT] implicit_task_begin: parallel_id=281474976710711 thread_num=8 team_size=16
[OMPT] implicit_task_begin: parallel_id=281474976710711 thread_num=5 team_size=16
[OMPT] implicit_task_begin: parallel_id=281474976710711 thread_num=15 team_size=16
[OMPT] implicit_task_begin: parallel_id=281474976710711 thread_num=9 team_size=16
[OMPT] implicit_task_begin: parallel_id=281474976710711 thread_num=11 team_size=16
[OMPT] implicit_task_end: parallel_id=0 thread_num=6
[OMPT] implicit_task_end: parallel_id=0 thread_num=7
[OMPT] implicit_task_begin: parallel_id=281474976710711 thread_num=10 team_size=16
[OMPT] implicit_task_begin: parallel_id=281474976710711 thread_num=6 team_size=16
[OMPT] implicit_task_begin: parallel_id=281474976710711 thread_num=4 team_size=16
[OMPT] implicit_task_begin: parallel_id=281474976710711 thread_num=7 team_size=16
[OMPT][WIN100ms] ompt_id=281474976710657 tid=85231  tipo=ompt_thread_initial    cpu=  1 numa=0  d_rm=    8189  d_instr=1467989884  d_cyc= 374298952  d_all= 9494450  IPC=3.922  ratio_rm=0.0009
[OMPT][WIN100ms] ompt_id=562949953421313 tid=85233  tipo=ompt_thread_worker     cpu=120 numa=1  d_rm=      10  d_instr=1476423230  d_cyc= 373673608  d_all= 9529349  IPC=3.951  ratio_rm=0.0000
[OMPT][WIN100ms] ompt_id=844424930131969 tid=85234  tipo=ompt_thread_worker     cpu= 88 numa=1  d_rm=      38  d_instr=1471966258  d_cyc= 373802711  d_all= 9509032  IPC=3.938  ratio_rm=0.0000
[OMPT][WIN100ms] ompt_id=1125899906842625 tid=85235  tipo=ompt_thread_worker     cpu= 32 numa=0  d_rm=     364  d_instr=1472234806  d_cyc= 373646585  d_all= 9507668  IPC=3.940  ratio_rm=0.0000
[OMPT][WIN100ms] ompt_id=1407374883553281 tid=85236  tipo=ompt_thread_worker     cpu=104 numa=1  d_rm=       5  d_instr=1468183747  d_cyc= 372397927  d_all= 9479292  IPC=3.943  ratio_rm=0.0000
[OMPT][WIN100ms] ompt_id=1688849860263937 tid=85237  tipo=ompt_thread_worker     cpu= 98 numa=1  d_rm=       6  d_instr=1474358245  d_cyc= 374398639  d_all= 9538955  IPC=3.938  ratio_rm=0.0000
[OMPT][WIN100ms] ompt_id=1970324836974593 tid=85238  tipo=ompt_thread_worker     cpu= 81 numa=1  d_rm=       2  d_instr=1475234287  d_cyc= 373867306  d_all= 9543721  IPC=3.946  ratio_rm=0.0000
[OMPT][WIN100ms] ompt_id=2251799813685249 tid=85239  tipo=ompt_thread_worker     cpu=247 numa=1  d_rm=       3  d_instr=1467911622  d_cyc= 373601217  d_all= 9487744  IPC=3.929  ratio_rm=0.0000
[OMPT][WIN100ms] ompt_id=2533274790395905 tid=85240  tipo=ompt_thread_worker     cpu=199 numa=1  d_rm=       2  d_instr=1475171116  d_cyc= 373203078  d_all= 9544660  IPC=3.953  ratio_rm=0.0000
[OMPT][WIN100ms] ompt_id=2814749767106561 tid=85243  tipo=ompt_thread_worker     cpu=215 numa=1  d_rm=       3  d_instr=1474217338  d_cyc= 373045182  d_all= 9552409  IPC=3.952  ratio_rm=0.0000
[OMPT][WIN100ms] ompt_id=3096224743817217 tid=85242  tipo=ompt_thread_worker     cpu= 64 numa=1  d_rm=       3  d_instr=1471205139  d_cyc= 373184212  d_all= 9525312  IPC=3.942  ratio_rm=0.0000
[OMPT][WIN100ms] ompt_id=3377699720527873 tid=85241  tipo=ompt_thread_worker     cpu=207 numa=1  d_rm=      11  d_instr=1474734298  d_cyc= 373154500  d_all= 9540733  IPC=3.952  ratio_rm=0.0000
[OMPT][WIN100ms] ompt_id=3659174697238529 tid=85244  tipo=ompt_thread_worker     cpu=223 numa=1  d_rm=      69  d_instr=1476955636  d_cyc= 373248695  d_all= 9558493  IPC=3.957  ratio_rm=0.0000
[OMPT][WIN100ms] ompt_id=3940649673949185 tid=85245  tipo=ompt_thread_worker     cpu=141 numa=0  d_rm=     291  d_instr=1481428691  d_cyc= 374178526  d_all= 9596405  IPC=3.959  ratio_rm=0.0000
[OMPT][WIN100ms] ompt_id=4222124650659841 tid=85246  tipo=ompt_thread_worker     cpu=239 numa=1  d_rm=       1  d_instr=1477422935  d_cyc= 374199918  d_all= 9574937  IPC=3.948  ratio_rm=0.0000
[OMPT][WIN100ms] ompt_id=4503599627370497 tid=85247  tipo=ompt_thread_worker     cpu=231 numa=1  d_rm=       3  d_instr=1472501621  d_cyc= 373227429  d_all= 9538110  IPC=3.945  ratio_rm=0.0000
[OMPT] implicit_task_end: parallel_id=0 thread_num=0
[OMPT] parallel_end: parallel_id=281474976710711
[OMPT] parallel_begin: parallel_id=281474976710713 team_size=16
[OMPT] implicit_task_end: parallel_id=0 thread_num=8
[OMPT] implicit_task_end: parallel_id=0 thread_num=10
[OMPT] implicit_task_end: parallel_id=0 thread_num=2
[OMPT] implicit_task_end: parallel_id=0 thread_num=4
[OMPT] implicit_task_end: parallel_id=0 thread_num=6
[OMPT] implicit_task_begin: parallel_id=281474976710713 thread_num=4 team_size=16
[OMPT] implicit_task_begin: parallel_id=281474976710713 thread_num=6 team_size=16
[OMPT] implicit_task_end: parallel_id=0 thread_num=1
[OMPT] implicit_task_end: parallel_id=0 thread_num=9
[OMPT] implicit_task_end: parallel_id=0 thread_num=11
[OMPT] implicit_task_begin: parallel_id=281474976710713 thread_num=9 team_size=16
[OMPT] implicit_task_begin: parallel_id=281474976710713 thread_num=11 team_size=16
[OMPT] implicit_task_begin: parallel_id=281474976710713 thread_num=8 team_size=16
[OMPT] implicit_task_begin: parallel_id=281474976710713 thread_num=10 team_size=16
[OMPT] implicit_task_begin: parallel_id=281474976710713 thread_num=2 team_size=16
[OMPT] implicit_task_end: parallel_id=0 thread_num=5
[OMPT] implicit_task_end: parallel_id=0 thread_num=7
[OMPT] implicit_task_end: parallel_id=0 thread_num=3
[OMPT] implicit_task_begin: parallel_id=281474976710713 thread_num=7 team_size=16
[OMPT] implicit_task_begin: parallel_id=281474976710713 thread_num=0 team_size=16
[OMPT] implicit_task_begin: parallel_id=281474976710713 thread_num=3 team_size=16
[OMPT] implicit_task_begin: parallel_id=281474976710713 thread_num=1 team_size=16
[OMPT] implicit_task_end: parallel_id=0 thread_num=12
[OMPT] implicit_task_end: parallel_id=0 thread_num=14
[OMPT] implicit_task_begin: parallel_id=281474976710713 thread_num=5 team_size=16
[OMPT] implicit_task_begin: parallel_id=281474976710713 thread_num=14 team_size=16
[OMPT] implicit_task_end: parallel_id=0 thread_num=15
[OMPT] implicit_task_end: parallel_id=0 thread_num=13
[OMPT] implicit_task_begin: parallel_id=281474976710713 thread_num=12 team_size=16
[OMPT] implicit_task_begin: parallel_id=281474976710713 thread_num=15 team_size=16
[OMPT] implicit_task_begin: parallel_id=281474976710713 thread_num=13 team_size=16
[OMPT][WIN100ms] ompt_id=281474976710657 tid=85231  tipo=ompt_thread_initial    cpu=  1 numa=0  d_rm=    8158  d_instr=1466198628  d_cyc= 373152872  d_all= 9478324  IPC=3.929  ratio_rm=0.0009
[OMPT][WIN100ms] ompt_id=562949953421313 tid=85233  tipo=ompt_thread_worker     cpu=120 numa=1  d_rm=      12  d_instr=1470764652  d_cyc= 372788869  d_all= 9511177  IPC=3.945  ratio_rm=0.0000
[OMPT][WIN100ms] ompt_id=844424930131969 tid=85234  tipo=ompt_thread_worker     cpu= 88 numa=1  d_rm=      28  d_instr=1471625015  d_cyc= 373478507  d_all= 9530805  IPC=3.940  ratio_rm=0.0000
[OMPT][WIN100ms] ompt_id=1125899906842625 tid=85235  tipo=ompt_thread_worker     cpu= 32 numa=0  d_rm=     363  d_instr=1471151259  d_cyc= 373360803  d_all= 9525250  IPC=3.940  ratio_rm=0.0000
[OMPT][WIN100ms] ompt_id=1407374883553281 tid=85236  tipo=ompt_thread_worker     cpu=104 numa=1  d_rm=       2  d_instr=1480225650  d_cyc= 373805514  d_all= 9585156  IPC=3.960  ratio_rm=0.0000
[OMPT][WIN100ms] ompt_id=1688849860263937 tid=85237  tipo=ompt_thread_worker     cpu= 98 numa=1  d_rm=       2  d_instr=1473341246  d_cyc= 373088762  d_all= 9519283  IPC=3.949  ratio_rm=0.0000
[OMPT][WIN100ms] ompt_id=1970324836974593 tid=85238  tipo=ompt_thread_worker     cpu= 81 numa=1  d_rm=       5  d_instr=1474489302  d_cyc= 373770532  d_all= 9540422  IPC=3.945  ratio_rm=0.0000
[OMPT][WIN100ms] ompt_id=2251799813685249 tid=85239  tipo=ompt_thread_worker     cpu=247 numa=1  d_rm=       7  d_instr=1477695853  d_cyc= 373124696  d_all= 9570097  IPC=3.960  ratio_rm=0.0000
[OMPT][WIN100ms] ompt_id=2533274790395905 tid=85240  tipo=ompt_thread_worker     cpu=199 numa=1  d_rm=       3  d_instr=1471608467  d_cyc= 373552243  d_all= 9535393  IPC=3.939  ratio_rm=0.0000
[OMPT][WIN100ms] ompt_id=2814749767106561 tid=85243  tipo=ompt_thread_worker     cpu=215 numa=1  d_rm=       1  d_instr=1471256627  d_cyc= 373363240  d_all= 9540919  IPC=3.941  ratio_rm=0.0000
[OMPT][WIN100ms] ompt_id=3096224743817217 tid=85242  tipo=ompt_thread_worker     cpu= 64 numa=1  d_rm=       2  d_instr=1474838348  d_cyc= 373577899  d_all= 9553341  IPC=3.948  ratio_rm=0.0000
[OMPT][WIN100ms] ompt_id=3377699720527873 tid=85241  tipo=ompt_thread_worker     cpu=207 numa=1  d_rm=       7  d_instr=1472905278  d_cyc= 373785895  d_all= 9540119  IPC=3.941  ratio_rm=0.0000
[OMPT][WIN100ms] ompt_id=3659174697238529 tid=85244  tipo=ompt_thread_worker     cpu=223 numa=1  d_rm=      84  d_instr=1469990095  d_cyc= 372463890  d_all= 9520017  IPC=3.947  ratio_rm=0.0000
[OMPT][WIN100ms] ompt_id=3940649673949185 tid=85245  tipo=ompt_thread_worker     cpu=141 numa=0  d_rm=     295  d_instr=1468200624  d_cyc= 374318778  d_all= 9503072  IPC=3.922  ratio_rm=0.0000
[OMPT][WIN100ms] ompt_id=4222124650659841 tid=85246  tipo=ompt_thread_worker     cpu=239 numa=1  d_rm=       2  d_instr=1468553472  d_cyc= 373877901  d_all= 9491862  IPC=3.928  ratio_rm=0.0000
[OMPT][WIN100ms] ompt_id=4503599627370497 tid=85247  tipo=ompt_thread_worker     cpu=231 numa=1  d_rm=       2  d_instr=1474035153  d_cyc= 373877376  d_all= 9541358  IPC=3.943  ratio_rm=0.0000
[OMPT] implicit_task_end: parallel_id=0 thread_num=0
[OMPT] parallel_end: parallel_id=281474976710713
[OMPT] parallel_begin: parallel_id=281474976710715 team_size=16
[OMPT] implicit_task_end: parallel_id=0 thread_num=12
[OMPT] implicit_task_end: parallel_id=0 thread_num=14
[OMPT] implicit_task_end: parallel_id=0 thread_num=2
[OMPT] implicit_task_begin: parallel_id=281474976710715 thread_num=12 team_size=16
[OMPT] implicit_task_end: parallel_id=0 thread_num=8
[OMPT] implicit_task_begin: parallel_id=281474976710715 thread_num=14 team_size=16
[OMPT] implicit_task_end: parallel_id=0 thread_num=10
[OMPT] implicit_task_begin: parallel_id=281474976710715 thread_num=10 team_size=16
[OMPT] implicit_task_end: parallel_id=0 thread_num=15
[OMPT] implicit_task_end: parallel_id=0 thread_num=13
[OMPT] implicit_task_begin: parallel_id=281474976710715 thread_num=15 team_size=16
[OMPT] implicit_task_end: parallel_id=0 thread_num=3
[OMPT] implicit_task_end: parallel_id=0 thread_num=9
[OMPT] implicit_task_end: parallel_id=0 thread_num=11
[OMPT] implicit_task_begin: parallel_id=281474976710715 thread_num=2 team_size=16
[OMPT] implicit_task_begin: parallel_id=281474976710715 thread_num=11 team_size=16
[OMPT] implicit_task_begin: parallel_id=281474976710715 thread_num=8 team_size=16
[OMPT] implicit_task_begin: parallel_id=281474976710715 thread_num=0 team_size=16
[OMPT] implicit_task_end: parallel_id=0 thread_num=4
[OMPT] implicit_task_end: parallel_id=0 thread_num=6
[OMPT] implicit_task_begin: parallel_id=281474976710715 thread_num=4 team_size=16
[OMPT] implicit_task_begin: parallel_id=281474976710715 thread_num=6 team_size=16
[OMPT] implicit_task_begin: parallel_id=281474976710715 thread_num=13 team_size=16
[OMPT] implicit_task_begin: parallel_id=281474976710715 thread_num=3 team_size=16
[OMPT] implicit_task_begin: parallel_id=281474976710715 thread_num=9 team_size=16
[OMPT] implicit_task_end: parallel_id=0 thread_num=5
[OMPT] implicit_task_end: parallel_id=0 thread_num=1
[OMPT] implicit_task_begin: parallel_id=281474976710715 thread_num=5 team_size=16
[OMPT] implicit_task_end: parallel_id=0 thread_num=7
[OMPT] implicit_task_begin: parallel_id=281474976710715 thread_num=1 team_size=16
[OMPT] implicit_task_begin: parallel_id=281474976710715 thread_num=7 team_size=16
[OMPT][WIN100ms] ompt_id=281474976710657 tid=85231  tipo=ompt_thread_initial    cpu=  1 numa=0  d_rm=    9408  d_instr=1467045111  d_cyc= 373643418  d_all= 9505615  IPC=3.926  ratio_rm=0.0010
[OMPT][WIN100ms] ompt_id=562949953421313 tid=85233  tipo=ompt_thread_worker     cpu=120 numa=1  d_rm=       6  d_instr=1464807138  d_cyc= 372446750  d_all= 9473937  IPC=3.933  ratio_rm=0.0000
[OMPT][WIN100ms] ompt_id=844424930131969 tid=85234  tipo=ompt_thread_worker     cpu= 88 numa=1  d_rm=      42  d_instr=1464911915  d_cyc= 373124824  d_all= 9468208  IPC=3.926  ratio_rm=0.0000
[OMPT][WIN100ms] ompt_id=1125899906842625 tid=85235  tipo=ompt_thread_worker     cpu= 32 numa=0  d_rm=     385  d_instr=1472367713  d_cyc= 373228970  d_all= 9522247  IPC=3.945  ratio_rm=0.0000
[OMPT][WIN100ms] ompt_id=1407374883553281 tid=85236  tipo=ompt_thread_worker     cpu=104 numa=1  d_rm=       3  d_instr=1465864431  d_cyc= 372928896  d_all= 9478863  IPC=3.931  ratio_rm=0.0000
[OMPT][WIN100ms] ompt_id=1688849860263937 tid=85237  tipo=ompt_thread_worker     cpu= 98 numa=1  d_rm=       3  d_instr=1470046495  d_cyc= 374099276  d_all= 9515013  IPC=3.930  ratio_rm=0.0000
[OMPT][WIN100ms] ompt_id=1970324836974593 tid=85238  tipo=ompt_thread_worker     cpu= 81 numa=1  d_rm=       3  d_instr=1474330226  d_cyc= 373825586  d_all= 9522614  IPC=3.944  ratio_rm=0.0000
[OMPT][WIN100ms] ompt_id=2251799813685249 tid=85239  tipo=ompt_thread_worker     cpu=247 numa=1  d_rm=      16  d_instr=1469953519  d_cyc= 373738250  d_all= 9506042  IPC=3.933  ratio_rm=0.0000
[OMPT][WIN100ms] ompt_id=2533274790395905 tid=85240  tipo=ompt_thread_worker     cpu=  0 numa=0  d_rm=    6350  d_instr=1473097831  d_cyc= 373093297  d_all= 9529593  IPC=3.948  ratio_rm=0.0007
[OMPT][WIN100ms] ompt_id=2814749767106561 tid=85243  tipo=ompt_thread_worker     cpu=215 numa=1  d_rm=       1  d_instr=1474326495  d_cyc= 373354258  d_all= 9539503  IPC=3.949  ratio_rm=0.0000
[OMPT][WIN100ms] ompt_id=3096224743817217 tid=85242  tipo=ompt_thread_worker     cpu= 64 numa=1  d_rm=       5  d_instr=1475207246  d_cyc= 374235504  d_all= 9537305  IPC=3.942  ratio_rm=0.0000
[OMPT][WIN100ms] ompt_id=3377699720527873 tid=85241  tipo=ompt_thread_worker     cpu=207 numa=1  d_rm=       7  d_instr=1465865059  d_cyc= 373100808  d_all= 9478438  IPC=3.929  ratio_rm=0.0000
[OMPT][WIN100ms] ompt_id=3659174697238529 tid=85244  tipo=ompt_thread_worker     cpu=223 numa=1  d_rm=      57  d_instr=1475770539  d_cyc= 374106180  d_all= 9548096  IPC=3.945  ratio_rm=0.0000
[OMPT][WIN100ms] ompt_id=3940649673949185 tid=85245  tipo=ompt_thread_worker     cpu=141 numa=0  d_rm=     309  d_instr=1469271219  d_cyc= 373661287  d_all= 9507949  IPC=3.932  ratio_rm=0.0000
[OMPT][WIN100ms] ompt_id=4222124650659841 tid=85246  tipo=ompt_thread_worker     cpu=239 numa=1  d_rm=       5  d_instr=1477047574  d_cyc= 373832731  d_all= 9539538  IPC=3.951  ratio_rm=0.0000
[OMPT][WIN100ms] ompt_id=4503599627370497 tid=85247  tipo=ompt_thread_worker     cpu=231 numa=1  d_rm=       4  d_instr=1469102455  d_cyc= 373739595  d_all= 9490530  IPC=3.931  ratio_rm=0.0000
[OMPT] implicit_task_end: parallel_id=0 thread_num=0
[OMPT] parallel_end: parallel_id=281474976710715
[OMPT] parallel_begin: parallel_id=281474976710717 team_size=16
[OMPT] implicit_task_end: parallel_id=0 thread_num=8
[OMPT] implicit_task_end: parallel_id=0 thread_num=3
[OMPT] implicit_task_end: parallel_id=0 thread_num=12
[OMPT] implicit_task_end: parallel_id=0 thread_num=14
[OMPT] implicit_task_begin: parallel_id=281474976710717 thread_num=12 team_size=16
[OMPT] implicit_task_end: parallel_id=0 thread_num=4
[OMPT] implicit_task_end: parallel_id=0 thread_num=6
[OMPT] implicit_task_end: parallel_id=0 thread_num=1
[OMPT] implicit_task_begin: parallel_id=281474976710717 thread_num=6 team_size=16
[OMPT] implicit_task_end: parallel_id=0 thread_num=10
[OMPT] implicit_task_end: parallel_id=0 thread_num=9
[OMPT] implicit_task_begin: parallel_id=281474976710717 thread_num=8 team_size=16
[OMPT] implicit_task_end: parallel_id=0 thread_num=2
[OMPT] implicit_task_begin: parallel_id=281474976710717 thread_num=3 team_size=16
[OMPT] implicit_task_begin: parallel_id=281474976710717 thread_num=2 team_size=16
[OMPT] implicit_task_end: parallel_id=0 thread_num=15
[OMPT] implicit_task_end: parallel_id=0 thread_num=13
[OMPT] implicit_task_begin: parallel_id=281474976710717 thread_num=0 team_size=16
[OMPT] implicit_task_begin: parallel_id=281474976710717 thread_num=14 team_size=16
[OMPT] implicit_task_end: parallel_id=0 thread_num=5
[OMPT] implicit_task_begin: parallel_id=281474976710717 thread_num=5 team_size=16
[OMPT] implicit_task_end: parallel_id=0 thread_num=7
[OMPT] implicit_task_begin: parallel_id=281474976710717 thread_num=4 team_size=16
[OMPT] implicit_task_begin: parallel_id=281474976710717 thread_num=7 team_size=16
[OMPT] implicit_task_begin: parallel_id=281474976710717 thread_num=1 team_size=16
[OMPT] implicit_task_end: parallel_id=0 thread_num=11
[OMPT] implicit_task_begin: parallel_id=281474976710717 thread_num=11 team_size=16
[OMPT] implicit_task_begin: parallel_id=281474976710717 thread_num=9 team_size=16
[OMPT] implicit_task_begin: parallel_id=281474976710717 thread_num=15 team_size=16
[OMPT] implicit_task_begin: parallel_id=281474976710717 thread_num=13 team_size=16
[OMPT] implicit_task_begin: parallel_id=281474976710717 thread_num=10 team_size=16
[OMPT][WIN100ms] ompt_id=281474976710657 tid=85231  tipo=ompt_thread_initial    cpu=  1 numa=0  d_rm=    9840  d_instr=1474455246  d_cyc= 373832114  d_all= 9551047  IPC=3.944  ratio_rm=0.0010
[OMPT][WIN100ms] ompt_id=562949953421313 tid=85233  tipo=ompt_thread_worker     cpu=120 numa=1  d_rm=       9  d_instr=1472385146  d_cyc= 372721907  d_all= 9531523  IPC=3.950  ratio_rm=0.0000
[OMPT][WIN100ms] ompt_id=844424930131969 tid=85234  tipo=ompt_thread_worker     cpu= 88 numa=1  d_rm=      28  d_instr=1476932358  d_cyc= 373767107  d_all= 9564600  IPC=3.951  ratio_rm=0.0000
[OMPT][WIN100ms] ompt_id=1125899906842625 tid=85235  tipo=ompt_thread_worker     cpu= 32 numa=0  d_rm=     366  d_instr=1477807542  d_cyc= 374124597  d_all= 9564328  IPC=3.950  ratio_rm=0.0000
[OMPT][WIN100ms] ompt_id=1407374883553281 tid=85236  tipo=ompt_thread_worker     cpu=104 numa=1  d_rm=       6  d_instr=1468924640  d_cyc= 372700431  d_all= 9507208  IPC=3.941  ratio_rm=0.0000
[OMPT][WIN100ms] ompt_id=1688849860263937 tid=85237  tipo=ompt_thread_worker     cpu= 98 numa=1  d_rm=       3  d_instr=1475008472  d_cyc= 373443456  d_all= 9538226  IPC=3.950  ratio_rm=0.0000
[OMPT][WIN100ms] ompt_id=1970324836974593 tid=85238  tipo=ompt_thread_worker     cpu= 81 numa=1  d_rm=       2  d_instr=1471257866  d_cyc= 373878939  d_all= 9515376  IPC=3.935  ratio_rm=0.0000
[OMPT][WIN100ms] ompt_id=2251799813685249 tid=85239  tipo=ompt_thread_worker     cpu=247 numa=1  d_rm=       9  d_instr=1472512578  d_cyc= 373461392  d_all= 9521607  IPC=3.943  ratio_rm=0.0000
[OMPT][WIN100ms] ompt_id=2533274790395905 tid=85240  tipo=ompt_thread_worker     cpu=  0 numa=0  d_rm=    6666  d_instr=1472184071  d_cyc= 373695440  d_all= 9531741  IPC=3.940  ratio_rm=0.0007
[OMPT][WIN100ms] ompt_id=2814749767106561 tid=85243  tipo=ompt_thread_worker     cpu=215 numa=1  d_rm=       1  d_instr=1469746333  d_cyc= 372657674  d_all= 9499945  IPC=3.944  ratio_rm=0.0000
[OMPT][WIN100ms] ompt_id=3096224743817217 tid=85242  tipo=ompt_thread_worker     cpu= 64 numa=1  d_rm=       2  d_instr=1470342690  d_cyc= 372864830  d_all= 9510586  IPC=3.943  ratio_rm=0.0000
[OMPT][WIN100ms] ompt_id=3377699720527873 tid=85241  tipo=ompt_thread_worker     cpu=207 numa=1  d_rm=       4  d_instr=1476353893  d_cyc= 373290617  d_all= 9564029  IPC=3.955  ratio_rm=0.0000
[OMPT][WIN100ms] ompt_id=3659174697238529 tid=85244  tipo=ompt_thread_worker     cpu=223 numa=1  d_rm=      55  d_instr=1468238775  d_cyc= 374112103  d_all= 9485712  IPC=3.925  ratio_rm=0.0000
[OMPT][WIN100ms] ompt_id=3940649673949185 tid=85245  tipo=ompt_thread_worker     cpu=141 numa=0  d_rm=     307  d_instr=1475588357  d_cyc= 373134524  d_all= 9535847  IPC=3.955  ratio_rm=0.0000
[OMPT][WIN100ms] ompt_id=4222124650659841 tid=85246  tipo=ompt_thread_worker     cpu=239 numa=1  d_rm=       2  d_instr=1468927474  d_cyc= 373185724  d_all= 9482620  IPC=3.936  ratio_rm=0.0000
[OMPT][WIN100ms] ompt_id=4503599627370497 tid=85247  tipo=ompt_thread_worker     cpu=231 numa=1  d_rm=       1  d_instr=1475443976  d_cyc= 373138082  d_all= 9540997  IPC=3.954  ratio_rm=0.0000
[OMPT] implicit_task_end: parallel_id=0 thread_num=0
[OMPT] parallel_end: parallel_id=281474976710717
[OMPT] parallel_begin: parallel_id=281474976710719 team_size=16
[OMPT] implicit_task_end: parallel_id=0 thread_num=8
[OMPT] implicit_task_begin: parallel_id=281474976710719 thread_num=0 team_size=16
[OMPT] implicit_task_end: parallel_id=0 thread_num=11
[OMPT] implicit_task_end: parallel_id=0 thread_num=2
[OMPT] implicit_task_end: parallel_id=0 thread_num=3
[OMPT] implicit_task_end: parallel_id=0 thread_num=1
[OMPT] implicit_task_begin: parallel_id=281474976710719 thread_num=8 team_size=16
[OMPT] implicit_task_begin: parallel_id=281474976710719 thread_num=1 team_size=16
[OMPT] implicit_task_end: parallel_id=0 thread_num=9
[OMPT] implicit_task_begin: parallel_id=281474976710719 thread_num=9 team_size=16
[OMPT] implicit_task_end: parallel_id=0 thread_num=12
[OMPT] implicit_task_end: parallel_id=0 thread_num=14
[OMPT] implicit_task_begin: parallel_id=281474976710719 thread_num=11 team_size=16
[OMPT] implicit_task_begin: parallel_id=281474976710719 thread_num=2 team_size=16
[OMPT] implicit_task_begin: parallel_id=281474976710719 thread_num=3 team_size=16
[OMPT] implicit_task_end: parallel_id=0 thread_num=10
[OMPT] implicit_task_begin: parallel_id=281474976710719 thread_num=10 team_size=16
[OMPT] implicit_task_end: parallel_id=0 thread_num=13
[OMPT] implicit_task_end: parallel_id=0 thread_num=4
[OMPT] implicit_task_end: parallel_id=0 thread_num=6
[OMPT] implicit_task_begin: parallel_id=281474976710719 thread_num=4 team_size=16
[OMPT] implicit_task_begin: parallel_id=281474976710719 thread_num=6 team_size=16
[OMPT] implicit_task_end: parallel_id=0 thread_num=15
[OMPT] implicit_task_begin: parallel_id=281474976710719 thread_num=13 team_size=16
[OMPT] implicit_task_end: parallel_id=0 thread_num=5
[OMPT] implicit_task_begin: parallel_id=281474976710719 thread_num=15 team_size=16
[OMPT] implicit_task_begin: parallel_id=281474976710719 thread_num=5 team_size=16
[OMPT] implicit_task_end: parallel_id=0 thread_num=7
[OMPT] implicit_task_begin: parallel_id=281474976710719 thread_num=12 team_size=16
[OMPT] implicit_task_begin: parallel_id=281474976710719 thread_num=14 team_size=16
[OMPT] implicit_task_begin: parallel_id=281474976710719 thread_num=7 team_size=16
[OMPT][WIN100ms] ompt_id=281474976710657 tid=85231  tipo=ompt_thread_initial    cpu=  1 numa=0  d_rm=    9602  d_instr=1466043179  d_cyc= 374704738  d_all= 9499104  IPC=3.913  ratio_rm=0.0010
[OMPT][WIN100ms] ompt_id=562949953421313 tid=85233  tipo=ompt_thread_worker     cpu=120 numa=1  d_rm=      10  d_instr=1474115120  d_cyc= 373456301  d_all= 9543606  IPC=3.947  ratio_rm=0.0000
[OMPT][WIN100ms] ompt_id=844424930131969 tid=85234  tipo=ompt_thread_worker     cpu= 88 numa=1  d_rm=     106  d_instr=1466969935  d_cyc= 373178281  d_all= 9488830  IPC=3.931  ratio_rm=0.0000
[OMPT][WIN100ms] ompt_id=1125899906842625 tid=85235  tipo=ompt_thread_worker     cpu= 32 numa=0  d_rm=     373  d_instr=1466505882  d_cyc= 373417211  d_all= 9477907  IPC=3.927  ratio_rm=0.0000
[OMPT][WIN100ms] ompt_id=1407374883553281 tid=85236  tipo=ompt_thread_worker     cpu=104 numa=1  d_rm=       3  d_instr=1470993170  d_cyc= 372777850  d_all= 9517429  IPC=3.946  ratio_rm=0.0000
[OMPT][WIN100ms] ompt_id=1688849860263937 tid=85237  tipo=ompt_thread_worker     cpu= 98 numa=1  d_rm=       5  d_instr=1472100516  d_cyc= 373825416  d_all= 9517207  IPC=3.938  ratio_rm=0.0000
[OMPT][WIN100ms] ompt_id=1970324836974593 tid=85238  tipo=ompt_thread_worker     cpu= 81 numa=1  d_rm=       3  d_instr=1469972970  d_cyc= 373862880  d_all= 9501904  IPC=3.932  ratio_rm=0.0000
[OMPT][WIN100ms] ompt_id=2251799813685249 tid=85239  tipo=ompt_thread_worker     cpu=247 numa=1  d_rm=       8  d_instr=1471168173  d_cyc= 373693011  d_all= 9505314  IPC=3.937  ratio_rm=0.0000
[OMPT][WIN100ms] ompt_id=2533274790395905 tid=85240  tipo=ompt_thread_worker     cpu=  0 numa=0  d_rm=    6682  d_instr=1474898620  d_cyc= 373570269  d_all= 9524174  IPC=3.948  ratio_rm=0.0007
[OMPT][WIN100ms] ompt_id=2814749767106561 tid=85243  tipo=ompt_thread_worker     cpu=215 numa=1  d_rm=       3  d_instr=1474021618  d_cyc= 373371378  d_all= 9538436  IPC=3.948  ratio_rm=0.0000
[OMPT][WIN100ms] ompt_id=3096224743817217 tid=85242  tipo=ompt_thread_worker     cpu= 64 numa=1  d_rm=       5  d_instr=1471302108  d_cyc= 373163792  d_all= 9501842  IPC=3.943  ratio_rm=0.0000
[OMPT][WIN100ms] ompt_id=3377699720527873 tid=85241  tipo=ompt_thread_worker     cpu=207 numa=1  d_rm=       6  d_instr=1472036559  d_cyc= 373485192  d_all= 9501983  IPC=3.941  ratio_rm=0.0000
[OMPT][WIN100ms] ompt_id=3659174697238529 tid=85244  tipo=ompt_thread_worker     cpu=223 numa=1  d_rm=      58  d_instr=1466223272  d_cyc= 372642316  d_all= 9474182  IPC=3.935  ratio_rm=0.0000
[OMPT][WIN100ms] ompt_id=3940649673949185 tid=85245  tipo=ompt_thread_worker     cpu=141 numa=0  d_rm=     301  d_instr=1475279021  d_cyc= 373889857  d_all= 9528616  IPC=3.946  ratio_rm=0.0000
[OMPT][WIN100ms] ompt_id=4222124650659841 tid=85246  tipo=ompt_thread_worker     cpu=239 numa=1  d_rm=       1  d_instr=1473141168  d_cyc= 373163842  d_all= 9518610  IPC=3.948  ratio_rm=0.0000
[OMPT][WIN100ms] ompt_id=4503599627370497 tid=85247  tipo=ompt_thread_worker     cpu=231 numa=1  d_rm=       0  d_instr=1476600475  d_cyc= 373584046  d_all= 9539255  IPC=3.953  ratio_rm=0.0000
[OMPT] implicit_task_end: parallel_id=0 thread_num=0
[OMPT] parallel_end: parallel_id=281474976710719
[OMPT] parallel_begin: parallel_id=281474976710721 team_size=16
[OMPT] implicit_task_end: parallel_id=0 thread_num=8
[OMPT] implicit_task_end: parallel_id=0 thread_num=4
[OMPT] implicit_task_end: parallel_id=0 thread_num=12
[OMPT] implicit_task_begin: parallel_id=281474976710721 thread_num=4 team_size=16
[OMPT] implicit_task_end: parallel_id=0 thread_num=14
[OMPT] implicit_task_begin: parallel_id=281474976710721 thread_num=0 team_size=16
[OMPT] implicit_task_end: parallel_id=0 thread_num=3
[OMPT] implicit_task_end: parallel_id=0 thread_num=9
[OMPT] implicit_task_begin: parallel_id=281474976710721 thread_num=8 team_size=16
[OMPT] implicit_task_begin: parallel_id=281474976710721 thread_num=3 team_size=16
[OMPT] implicit_task_end: parallel_id=0 thread_num=11
[OMPT] implicit_task_end: parallel_id=0 thread_num=6
[OMPT] implicit_task_begin: parallel_id=281474976710721 thread_num=11 team_size=16
[OMPT] implicit_task_begin: parallel_id=281474976710721 thread_num=6 team_size=16
[OMPT] implicit_task_end: parallel_id=0 thread_num=7
[OMPT] implicit_task_end: parallel_id=0 thread_num=5
[OMPT] implicit_task_begin: parallel_id=281474976710721 thread_num=7 team_size=16
[OMPT] implicit_task_end: parallel_id=0 thread_num=2
[OMPT] implicit_task_begin: parallel_id=281474976710721 thread_num=5 team_size=16
[OMPT] implicit_task_end: parallel_id=0 thread_num=13
[OMPT] implicit_task_begin: parallel_id=281474976710721 thread_num=12 team_size=16
[OMPT] implicit_task_end: parallel_id=0 thread_num=1
[OMPT] implicit_task_begin: parallel_id=281474976710721 thread_num=14 team_size=16
[OMPT] implicit_task_end: parallel_id=0 thread_num=10
[OMPT] implicit_task_begin: parallel_id=281474976710721 thread_num=9 team_size=16
[OMPT] implicit_task_begin: parallel_id=281474976710721 thread_num=10 team_size=16
[OMPT] implicit_task_begin: parallel_id=281474976710721 thread_num=2 team_size=16
[OMPT] implicit_task_begin: parallel_id=281474976710721 thread_num=13 team_size=16
[OMPT] implicit_task_begin: parallel_id=281474976710721 thread_num=1 team_size=16
[OMPT] implicit_task_end: parallel_id=0 thread_num=15
[OMPT] implicit_task_begin: parallel_id=281474976710721 thread_num=15 team_size=16
[OMPT][WIN100ms] ompt_id=281474976710657 tid=85231  tipo=ompt_thread_initial    cpu=  1 numa=0  d_rm=    9367  d_instr=1466255823  d_cyc= 374607283  d_all= 9498402  IPC=3.914  ratio_rm=0.0010
[OMPT][WIN100ms] ompt_id=562949953421313 tid=85233  tipo=ompt_thread_worker     cpu=120 numa=1  d_rm=       6  d_instr=1472770812  d_cyc= 372977186  d_all= 9531736  IPC=3.949  ratio_rm=0.0000
[OMPT][WIN100ms] ompt_id=844424930131969 tid=85234  tipo=ompt_thread_worker     cpu= 88 numa=1  d_rm=      39  d_instr=1475166449  d_cyc= 373155624  d_all= 9554436  IPC=3.953  ratio_rm=0.0000
[OMPT][WIN100ms] ompt_id=1125899906842625 tid=85235  tipo=ompt_thread_worker     cpu= 32 numa=0  d_rm=     362  d_instr=1481887338  d_cyc= 374321415  d_all= 9585138  IPC=3.959  ratio_rm=0.0000
[OMPT][WIN100ms] ompt_id=1407374883553281 tid=85236  tipo=ompt_thread_worker     cpu=104 numa=1  d_rm=       1  d_instr=1480342991  d_cyc= 374054656  d_all= 9577877  IPC=3.958  ratio_rm=0.0000
[OMPT][WIN100ms] ompt_id=1688849860263937 tid=85237  tipo=ompt_thread_worker     cpu= 98 numa=1  d_rm=       3  d_instr=1473243251  d_cyc= 373852924  d_all= 9514731  IPC=3.941  ratio_rm=0.0000
[OMPT][WIN100ms] ompt_id=1970324836974593 tid=85238  tipo=ompt_thread_worker     cpu= 81 numa=1  d_rm=       4  d_instr=1474685944  d_cyc= 373766067  d_all= 9521450  IPC=3.945  ratio_rm=0.0000
[OMPT][WIN100ms] ompt_id=2251799813685249 tid=85239  tipo=ompt_thread_worker     cpu=247 numa=1  d_rm=       4  d_instr=1481445944  d_cyc= 373752587  d_all= 9565811  IPC=3.964  ratio_rm=0.0000
[OMPT][WIN100ms] ompt_id=2533274790395905 tid=85240  tipo=ompt_thread_worker     cpu=  0 numa=0  d_rm=    6777  d_instr=1474173692  d_cyc= 373581217  d_all= 9512512  IPC=3.946  ratio_rm=0.0007
[OMPT][WIN100ms] ompt_id=2814749767106561 tid=85243  tipo=ompt_thread_worker     cpu=215 numa=1  d_rm=       1  d_instr=1466062028  d_cyc= 373756643  d_all= 9477099  IPC=3.923  ratio_rm=0.0000
[OMPT][WIN100ms] ompt_id=3096224743817217 tid=85242  tipo=ompt_thread_worker     cpu= 64 numa=1  d_rm=       4  d_instr=1476192340  d_cyc= 373334069  d_all= 9537592  IPC=3.954  ratio_rm=0.0000
[OMPT][WIN100ms] ompt_id=3377699720527873 tid=85241  tipo=ompt_thread_worker     cpu=207 numa=1  d_rm=       5  d_instr=1469840937  d_cyc= 373233878  d_all= 9489623  IPC=3.938  ratio_rm=0.0000
[OMPT][WIN100ms] ompt_id=3659174697238529 tid=85244  tipo=ompt_thread_worker     cpu=223 numa=1  d_rm=      57  d_instr=1475562669  d_cyc= 373512621  d_all= 9536842  IPC=3.951  ratio_rm=0.0000
[OMPT][WIN100ms] ompt_id=3940649673949185 tid=85245  tipo=ompt_thread_worker     cpu=141 numa=0  d_rm=     299  d_instr=1466017648  d_cyc= 373446944  d_all= 9475105  IPC=3.926  ratio_rm=0.0000
[OMPT][WIN100ms] ompt_id=4222124650659841 tid=85246  tipo=ompt_thread_worker     cpu=239 numa=1  d_rm=       3  d_instr=1465093463  d_cyc= 372875111  d_all= 9463141  IPC=3.929  ratio_rm=0.0000
[OMPT][WIN100ms] ompt_id=4503599627370497 tid=85247  tipo=ompt_thread_worker     cpu=231 numa=1  d_rm=       2  d_instr=1470559981  d_cyc= 372896566  d_all= 9501855  IPC=3.944  ratio_rm=0.0000
[OMPT] implicit_task_end: parallel_id=0 thread_num=0
[OMPT] parallel_end: parallel_id=281474976710721
[OMPT] parallel_begin: parallel_id=281474976710723 team_size=16
[OMPT] implicit_task_end: parallel_id=0 thread_num=12
[OMPT] implicit_task_end: parallel_id=0 thread_num=14
[OMPT] implicit_task_end: parallel_id=0 thread_num=2
[OMPT] implicit_task_begin: parallel_id=281474976710723 thread_num=12 team_size=16
[OMPT] implicit_task_begin: parallel_id=281474976710723 thread_num=0 team_size=16
[OMPT] implicit_task_begin: parallel_id=281474976710723 thread_num=14 team_size=16
[OMPT] implicit_task_begin: parallel_id=281474976710723 thread_num=2 team_size=16
[OMPT] implicit_task_end: parallel_id=0 thread_num=3
[OMPT] implicit_task_begin: parallel_id=281474976710723 thread_num=3 team_size=16
[OMPT] implicit_task_end: parallel_id=0 thread_num=1
[OMPT] implicit_task_end: parallel_id=0 thread_num=8
[OMPT] implicit_task_end: parallel_id=0 thread_num=9
[OMPT] implicit_task_end: parallel_id=0 thread_num=15
[OMPT] implicit_task_begin: parallel_id=281474976710723 thread_num=9 team_size=16
[OMPT] implicit_task_end: parallel_id=0 thread_num=4
[OMPT] implicit_task_end: parallel_id=0 thread_num=5
[OMPT] implicit_task_begin: parallel_id=281474976710723 thread_num=1 team_size=16
[OMPT] implicit_task_begin: parallel_id=281474976710723 thread_num=15 team_size=16
[OMPT] implicit_task_end: parallel_id=0 thread_num=10
[OMPT] implicit_task_begin: parallel_id=281474976710723 thread_num=8 team_size=16
[OMPT] implicit_task_begin: parallel_id=281474976710723 thread_num=10 team_size=16
[OMPT] implicit_task_end: parallel_id=0 thread_num=13
[OMPT] implicit_task_end: parallel_id=0 thread_num=6
[OMPT] implicit_task_end: parallel_id=0 thread_num=7
[OMPT] implicit_task_begin: parallel_id=281474976710723 thread_num=5 team_size=16
[OMPT] implicit_task_end: parallel_id=0 thread_num=11
[OMPT] implicit_task_begin: parallel_id=281474976710723 thread_num=7 team_size=16
[OMPT] implicit_task_begin: parallel_id=281474976710723 thread_num=13 team_size=16
[OMPT] implicit_task_begin: parallel_id=281474976710723 thread_num=6 team_size=16
[OMPT] implicit_task_begin: parallel_id=281474976710723 thread_num=4 team_size=16
[OMPT] implicit_task_begin: parallel_id=281474976710723 thread_num=11 team_size=16
[OMPT][WIN100ms] ompt_id=281474976710657 tid=85231  tipo=ompt_thread_initial    cpu=  1 numa=0  d_rm=    9349  d_instr=1465875417  d_cyc= 374565595  d_all= 9494836  IPC=3.914  ratio_rm=0.0010
[OMPT][WIN100ms] ompt_id=562949953421313 tid=85233  tipo=ompt_thread_worker     cpu=120 numa=1  d_rm=       4  d_instr=1470859609  d_cyc= 373382589  d_all= 9504539  IPC=3.939  ratio_rm=0.0000
[OMPT][WIN100ms] ompt_id=844424930131969 tid=85234  tipo=ompt_thread_worker     cpu= 88 numa=1  d_rm=      28  d_instr=1470003165  d_cyc= 374100990  d_all= 9492904  IPC=3.929  ratio_rm=0.0000
[OMPT][WIN100ms] ompt_id=1125899906842625 tid=85235  tipo=ompt_thread_worker     cpu= 32 numa=0  d_rm=     356  d_instr=1460132839  d_cyc= 373961707  d_all= 9415711  IPC=3.904  ratio_rm=0.0000
[OMPT][WIN100ms] ompt_id=1407374883553281 tid=85236  tipo=ompt_thread_worker     cpu=104 numa=1  d_rm=       4  d_instr=1463714541  d_cyc= 372223857  d_all= 9437828  IPC=3.932  ratio_rm=0.0000
[OMPT][WIN100ms] ompt_id=1688849860263937 tid=85237  tipo=ompt_thread_worker     cpu= 98 numa=1  d_rm=       3  d_instr=1470571215  d_cyc= 373730041  d_all= 9487751  IPC=3.935  ratio_rm=0.0000
[OMPT][WIN100ms] ompt_id=1970324836974593 tid=85238  tipo=ompt_thread_worker     cpu= 81 numa=1  d_rm=       3  d_instr=1471741606  d_cyc= 373153141  d_all= 9495747  IPC=3.944  ratio_rm=0.0000
[OMPT][WIN100ms] ompt_id=2251799813685249 tid=85239  tipo=ompt_thread_worker     cpu=247 numa=1  d_rm=       7  d_instr=1457598053  d_cyc= 373211899  d_all= 9395932  IPC=3.906  ratio_rm=0.0000
[OMPT][WIN100ms] ompt_id=2533274790395905 tid=85240  tipo=ompt_thread_worker     cpu=168 numa=0  d_rm=    7271  d_instr=1459401801  d_cyc= 372929099  d_all= 9414125  IPC=3.913  ratio_rm=0.0008
[OMPT][WIN100ms] ompt_id=2814749767106561 tid=85243  tipo=ompt_thread_worker     cpu=215 numa=1  d_rm=       0  d_instr=1472519884  d_cyc= 373082969  d_all= 9520395  IPC=3.947  ratio_rm=0.0000
[OMPT][WIN100ms] ompt_id=3096224743817217 tid=85242  tipo=ompt_thread_worker     cpu= 64 numa=1  d_rm=       4  d_instr=1466666455  d_cyc= 373549735  d_all= 9465898  IPC=3.926  ratio_rm=0.0000
[OMPT][WIN100ms] ompt_id=3377699720527873 tid=85241  tipo=ompt_thread_worker     cpu=207 numa=1  d_rm=       6  d_instr=1471966831  d_cyc= 374001225  d_all= 9498146  IPC=3.936  ratio_rm=0.0000
[OMPT][WIN100ms] ompt_id=3659174697238529 tid=85244  tipo=ompt_thread_worker     cpu=223 numa=1  d_rm=      58  d_instr=1472250868  d_cyc= 373943428  d_all= 9502771  IPC=3.937  ratio_rm=0.0000
[OMPT][WIN100ms] ompt_id=3940649673949185 tid=85245  tipo=ompt_thread_worker     cpu=141 numa=0  d_rm=     306  d_instr=1468917373  d_cyc= 373115102  d_all= 9490947  IPC=3.937  ratio_rm=0.0000
[OMPT][WIN100ms] ompt_id=4222124650659841 tid=85246  tipo=ompt_thread_worker     cpu=239 numa=1  d_rm=       1  d_instr=1479103286  d_cyc= 373806255  d_all= 9553171  IPC=3.957  ratio_rm=0.0000
[OMPT][WIN100ms] ompt_id=4503599627370497 tid=85247  tipo=ompt_thread_worker     cpu=231 numa=1  d_rm=       3  d_instr=1469709244  d_cyc= 373538524  d_all= 9495277  IPC=3.935  ratio_rm=0.0000
[OMPT] implicit_task_end: parallel_id=0 thread_num=0
[OMPT] parallel_end: parallel_id=281474976710723
[OMPT] parallel_begin: parallel_id=281474976710725 team_size=16
[OMPT] implicit_task_end: parallel_id=0 thread_num=12
[OMPT] implicit_task_end: parallel_id=0 thread_num=14
[OMPT] implicit_task_end: parallel_id=0 thread_num=4
[OMPT] implicit_task_begin: parallel_id=281474976710725 thread_num=12 team_size=16
[OMPT] implicit_task_end: parallel_id=0 thread_num=7
[OMPT] implicit_task_begin: parallel_id=281474976710725 thread_num=14 team_size=16
[OMPT] implicit_task_end: parallel_id=0 thread_num=2
[OMPT] implicit_task_begin: parallel_id=281474976710725 thread_num=0 team_size=16
[OMPT] implicit_task_end: parallel_id=0 thread_num=13
[OMPT] implicit_task_begin: parallel_id=281474976710725 thread_num=13 team_size=16
[OMPT] implicit_task_end: parallel_id=0 thread_num=15
[OMPT] implicit_task_end: parallel_id=0 thread_num=5
[OMPT] implicit_task_begin: parallel_id=281474976710725 thread_num=15 team_size=16
[OMPT] implicit_task_end: parallel_id=0 thread_num=6
[OMPT] implicit_task_end: parallel_id=0 thread_num=8
[OMPT] implicit_task_end: parallel_id=0 thread_num=11
[OMPT] implicit_task_end: parallel_id=0 thread_num=3
[OMPT] implicit_task_begin: parallel_id=281474976710725 thread_num=11 team_size=16
[OMPT] implicit_task_end: parallel_id=0 thread_num=1
[OMPT] implicit_task_begin: parallel_id=281474976710725 thread_num=7 team_size=16
[OMPT] implicit_task_begin: parallel_id=281474976710725 thread_num=1 team_size=16
[OMPT] implicit_task_begin: parallel_id=281474976710725 thread_num=5 team_size=16
[OMPT] implicit_task_begin: parallel_id=281474976710725 thread_num=6 team_size=16
[OMPT] implicit_task_end: parallel_id=0 thread_num=10
[OMPT] implicit_task_begin: parallel_id=281474976710725 thread_num=10 team_size=16
[OMPT] implicit_task_begin: parallel_id=281474976710725 thread_num=4 team_size=16
[OMPT] implicit_task_begin: parallel_id=281474976710725 thread_num=8 team_size=16
[OMPT] implicit_task_begin: parallel_id=281474976710725 thread_num=3 team_size=16
[OMPT] implicit_task_begin: parallel_id=281474976710725 thread_num=2 team_size=16
[OMPT] implicit_task_end: parallel_id=0 thread_num=9
[OMPT] implicit_task_begin: parallel_id=281474976710725 thread_num=9 team_size=16
[OMPT][WIN100ms] ompt_id=281474976710657 tid=85231  tipo=ompt_thread_initial    cpu=  1 numa=0  d_rm=    8671  d_instr=1472647930  d_cyc= 374574577  d_all= 9524391  IPC=3.932  ratio_rm=0.0009
[OMPT][WIN100ms] ompt_id=562949953421313 tid=85233  tipo=ompt_thread_worker     cpu=120 numa=1  d_rm=      15  d_instr=1466588017  d_cyc= 373190848  d_all= 9466355  IPC=3.930  ratio_rm=0.0000
[OMPT][WIN100ms] ompt_id=844424930131969 tid=85234  tipo=ompt_thread_worker     cpu= 88 numa=1  d_rm=      29  d_instr=1463057589  d_cyc= 372848305  d_all= 9444823  IPC=3.924  ratio_rm=0.0000
[OMPT][WIN100ms] ompt_id=1125899906842625 tid=85235  tipo=ompt_thread_worker     cpu= 32 numa=0  d_rm=     353  d_instr=1469862600  d_cyc= 373281949  d_all= 9490725  IPC=3.938  ratio_rm=0.0000
[OMPT][WIN100ms] ompt_id=1407374883553281 tid=85236  tipo=ompt_thread_worker     cpu=104 numa=1  d_rm=       3  d_instr=1466725842  d_cyc= 372913658  d_all= 9471119  IPC=3.933  ratio_rm=0.0000
[OMPT][WIN100ms] ompt_id=1688849860263937 tid=85237  tipo=ompt_thread_worker     cpu= 98 numa=1  d_rm=       3  d_instr=1473639194  d_cyc= 373604251  d_all= 9509846  IPC=3.944  ratio_rm=0.0000
[OMPT][WIN100ms] ompt_id=1970324836974593 tid=85238  tipo=ompt_thread_worker     cpu= 81 numa=1  d_rm=       5  d_instr=1472541406  d_cyc= 373186099  d_all= 9504775  IPC=3.946  ratio_rm=0.0000
[OMPT][WIN100ms] ompt_id=2251799813685249 tid=85239  tipo=ompt_thread_worker     cpu=247 numa=1  d_rm=      11  d_instr=1478734521  d_cyc= 373715593  d_all= 9552604  IPC=3.957  ratio_rm=0.0000
[OMPT][WIN100ms] ompt_id=2533274790395905 tid=85240  tipo=ompt_thread_worker     cpu=168 numa=0  d_rm=    6528  d_instr=1465868987  d_cyc= 373260989  d_all= 9470385  IPC=3.927  ratio_rm=0.0007
[OMPT][WIN100ms] ompt_id=2814749767106561 tid=85243  tipo=ompt_thread_worker     cpu=215 numa=1  d_rm=       0  d_instr=1472640649  d_cyc= 374184175  d_all= 9511770  IPC=3.936  ratio_rm=0.0000
[OMPT][WIN100ms] ompt_id=3096224743817217 tid=85242  tipo=ompt_thread_worker     cpu= 64 numa=1  d_rm=       8  d_instr=1471003194  d_cyc= 373910918  d_all= 9497913  IPC=3.934  ratio_rm=0.0000
[OMPT][WIN100ms] ompt_id=3377699720527873 tid=85241  tipo=ompt_thread_worker     cpu=207 numa=1  d_rm=      12  d_instr=1459628170  d_cyc= 373614550  d_all= 9420569  IPC=3.907  ratio_rm=0.0000
[OMPT][WIN100ms] ompt_id=3659174697238529 tid=85244  tipo=ompt_thread_worker     cpu=223 numa=1  d_rm=      64  d_instr=1472600270  d_cyc= 374228348  d_all= 9502516  IPC=3.935  ratio_rm=0.0000
[OMPT][WIN100ms] ompt_id=3940649673949185 tid=85245  tipo=ompt_thread_worker     cpu=141 numa=0  d_rm=     286  d_instr=1479241806  d_cyc= 374498130  d_all= 9558332  IPC=3.950  ratio_rm=0.0000
[OMPT][WIN100ms] ompt_id=4222124650659841 tid=85246  tipo=ompt_thread_worker     cpu=239 numa=1  d_rm=       2  d_instr=1472468845  d_cyc= 373901744  d_all= 9501797  IPC=3.938  ratio_rm=0.0000
[OMPT][WIN100ms] ompt_id=4503599627370497 tid=85247  tipo=ompt_thread_worker     cpu=231 numa=1  d_rm=       2  d_instr=1471570752  d_cyc= 373841994  d_all= 9499832  IPC=3.936  ratio_rm=0.0000
[OMPT] implicit_task_end: parallel_id=0 thread_num=0
[OMPT] parallel_end: parallel_id=281474976710725
[OMPT] parallel_begin: parallel_id=281474976710727 team_size=16
[OMPT] implicit_task_end: parallel_id=0 thread_num=12
[OMPT] implicit_task_end: parallel_id=0 thread_num=14
[OMPT] implicit_task_begin: parallel_id=281474976710727 thread_num=12 team_size=16
[OMPT] implicit_task_end: parallel_id=0 thread_num=4
[OMPT] implicit_task_end: parallel_id=0 thread_num=5
[OMPT] implicit_task_begin: parallel_id=281474976710727 thread_num=0 team_size=16
[OMPT] implicit_task_begin: parallel_id=281474976710727 thread_num=5 team_size=16
[OMPT] implicit_task_end: parallel_id=0 thread_num=1
[OMPT] implicit_task_end: parallel_id=0 thread_num=3
[OMPT] implicit_task_begin: parallel_id=281474976710727 thread_num=3 team_size=16
[OMPT] implicit_task_end: parallel_id=0 thread_num=15
[OMPT] implicit_task_begin: parallel_id=281474976710727 thread_num=15 team_size=16
[OMPT] implicit_task_end: parallel_id=0 thread_num=13
[OMPT] implicit_task_end: parallel_id=0 thread_num=2
[OMPT] implicit_task_begin: parallel_id=281474976710727 thread_num=2 team_size=16
[OMPT] implicit_task_begin: parallel_id=281474976710727 thread_num=14 team_size=16
[OMPT] implicit_task_end: parallel_id=0 thread_num=7
[OMPT] implicit_task_end: parallel_id=0 thread_num=6
[OMPT] implicit_task_begin: parallel_id=281474976710727 thread_num=4 team_size=16
[OMPT] implicit_task_begin: parallel_id=281474976710727 thread_num=6 team_size=16
[OMPT] implicit_task_end: parallel_id=0 thread_num=8
[OMPT] implicit_task_end: parallel_id=0 thread_num=11
[OMPT] implicit_task_begin: parallel_id=281474976710727 thread_num=1 team_size=16
[OMPT] implicit_task_begin: parallel_id=281474976710727 thread_num=13 team_size=16
[OMPT] implicit_task_begin: parallel_id=281474976710727 thread_num=11 team_size=16
[OMPT] implicit_task_end: parallel_id=0 thread_num=10
[OMPT] implicit_task_end: parallel_id=0 thread_num=9
[OMPT] implicit_task_begin: parallel_id=281474976710727 thread_num=8 team_size=16
[OMPT] implicit_task_begin: parallel_id=281474976710727 thread_num=9 team_size=16
[OMPT] implicit_task_begin: parallel_id=281474976710727 thread_num=10 team_size=16
[OMPT] implicit_task_begin: parallel_id=281474976710727 thread_num=7 team_size=16
[OMPT][WIN100ms] ompt_id=281474976710657 tid=85231  tipo=ompt_thread_initial    cpu=  1 numa=0  d_rm=    8410  d_instr=1472969477  d_cyc= 374475060  d_all= 9521249  IPC=3.933  ratio_rm=0.0009
[OMPT][WIN100ms] ompt_id=562949953421313 tid=85233  tipo=ompt_thread_worker     cpu=120 numa=1  d_rm=       4  d_instr=1478455392  d_cyc= 375304386  d_all= 9546468  IPC=3.939  ratio_rm=0.0000
[OMPT][WIN100ms] ompt_id=844424930131969 tid=85234  tipo=ompt_thread_worker     cpu= 88 numa=1  d_rm=      30  d_instr=1479809818  d_cyc= 375811657  d_all= 9558315  IPC=3.938  ratio_rm=0.0000
[OMPT][WIN100ms] ompt_id=1125899906842625 tid=85235  tipo=ompt_thread_worker     cpu= 32 numa=0  d_rm=     342  d_instr=1481824155  d_cyc= 376462147  d_all= 9569252  IPC=3.936  ratio_rm=0.0000
[OMPT][WIN100ms] ompt_id=1407374883553281 tid=85236  tipo=ompt_thread_worker     cpu=104 numa=1  d_rm=       2  d_instr=1482983872  d_cyc= 375361194  d_all= 9576916  IPC=3.951  ratio_rm=0.0000
[OMPT][WIN100ms] ompt_id=1688849860263937 tid=85237  tipo=ompt_thread_worker     cpu= 98 numa=1  d_rm=       3  d_instr=1477140153  d_cyc= 376438247  d_all= 9528669  IPC=3.924  ratio_rm=0.0000
[OMPT][WIN100ms] ompt_id=1970324836974593 tid=85238  tipo=ompt_thread_worker     cpu= 81 numa=1  d_rm=       4  d_instr=1482586361  d_cyc= 375409870  d_all= 9561631  IPC=3.949  ratio_rm=0.0000
[OMPT][WIN100ms] ompt_id=2251799813685249 tid=85239  tipo=ompt_thread_worker     cpu=247 numa=1  d_rm=       9  d_instr=1476094919  d_cyc= 375276089  d_all= 9525133  IPC=3.933  ratio_rm=0.0000
[OMPT][WIN100ms] ompt_id=2533274790395905 tid=85240  tipo=ompt_thread_worker     cpu=168 numa=0  d_rm=    6452  d_instr=1479472021  d_cyc= 375555176  d_all= 9560483  IPC=3.939  ratio_rm=0.0007
[OMPT][WIN100ms] ompt_id=2814749767106561 tid=85243  tipo=ompt_thread_worker     cpu=215 numa=1  d_rm=       2  d_instr=1479252382  d_cyc= 376392997  d_all= 9552458  IPC=3.930  ratio_rm=0.0000
[OMPT][WIN100ms] ompt_id=3096224743817217 tid=85242  tipo=ompt_thread_worker     cpu= 64 numa=1  d_rm=       5  d_instr=1479070839  d_cyc= 376290889  d_all= 9543707  IPC=3.931  ratio_rm=0.0000
[OMPT][WIN100ms] ompt_id=3377699720527873 tid=85241  tipo=ompt_thread_worker     cpu=207 numa=1  d_rm=       2  d_instr=1490949536  d_cyc= 376734294  d_all= 9635424  IPC=3.958  ratio_rm=0.0000
[OMPT][WIN100ms] ompt_id=3659174697238529 tid=85244  tipo=ompt_thread_worker     cpu=223 numa=1  d_rm=      70  d_instr=1479433279  d_cyc= 376440968  d_all= 9549159  IPC=3.930  ratio_rm=0.0000
[OMPT][WIN100ms] ompt_id=3940649673949185 tid=85245  tipo=ompt_thread_worker     cpu=141 numa=0  d_rm=     285  d_instr=1470175065  d_cyc= 375720468  d_all= 9496703  IPC=3.913  ratio_rm=0.0000
[OMPT][WIN100ms] ompt_id=4222124650659841 tid=85246  tipo=ompt_thread_worker     cpu=239 numa=1  d_rm=       3  d_instr=1466683899  d_cyc= 375599854  d_all= 9475046  IPC=3.905  ratio_rm=0.0000
[OMPT][WIN100ms] ompt_id=4503599627370497 tid=85247  tipo=ompt_thread_worker     cpu=231 numa=1  d_rm=       2  d_instr=1477211737  d_cyc= 376057926  d_all= 9561086  IPC=3.928  ratio_rm=0.0000
[OMPT] implicit_task_end: parallel_id=0 thread_num=0
[OMPT] parallel_end: parallel_id=281474976710727
[OMPT] parallel_begin: parallel_id=281474976710729 team_size=16
[OMPT] implicit_task_end: parallel_id=0 thread_num=12
[OMPT] implicit_task_end: parallel_id=0 thread_num=14
[OMPT] implicit_task_end: parallel_id=0 thread_num=2
[OMPT] implicit_task_begin: parallel_id=281474976710729 thread_num=12 team_size=16
[OMPT] implicit_task_begin: parallel_id=281474976710729 thread_num=2 team_size=16
[OMPT] implicit_task_end: parallel_id=0 thread_num=3
[OMPT] implicit_task_end: parallel_id=0 thread_num=8
[OMPT] implicit_task_end: parallel_id=0 thread_num=9
[OMPT] implicit_task_begin: parallel_id=281474976710729 thread_num=0 team_size=16
[OMPT] implicit_task_begin: parallel_id=281474976710729 thread_num=8 team_size=16
[OMPT] implicit_task_end: parallel_id=0 thread_num=1
[OMPT] implicit_task_end: parallel_id=0 thread_num=13
[OMPT] implicit_task_begin: parallel_id=281474976710729 thread_num=1 team_size=16
[OMPT] implicit_task_end: parallel_id=0 thread_num=4
[OMPT] implicit_task_end: parallel_id=0 thread_num=5
[OMPT] implicit_task_begin: parallel_id=281474976710729 thread_num=3 team_size=16
[OMPT] implicit_task_begin: parallel_id=281474976710729 thread_num=5 team_size=16
[OMPT] implicit_task_end: parallel_id=0 thread_num=10
[OMPT] implicit_task_begin: parallel_id=281474976710729 thread_num=10 team_size=16
[OMPT] implicit_task_begin: parallel_id=281474976710729 thread_num=9 team_size=16
[OMPT] implicit_task_end: parallel_id=0 thread_num=15
[OMPT] implicit_task_begin: parallel_id=281474976710729 thread_num=15 team_size=16
[OMPT] implicit_task_end: parallel_id=0 thread_num=6
[OMPT] implicit_task_begin: parallel_id=281474976710729 thread_num=6 team_size=16
[OMPT] implicit_task_end: parallel_id=0 thread_num=7
[OMPT] implicit_task_begin: parallel_id=281474976710729 thread_num=4 team_size=16
[OMPT] implicit_task_begin: parallel_id=281474976710729 thread_num=14 team_size=16
[OMPT] implicit_task_end: parallel_id=0 thread_num=11
[OMPT] implicit_task_begin: parallel_id=281474976710729 thread_num=11 team_size=16
[OMPT] implicit_task_begin: parallel_id=281474976710729 thread_num=13 team_size=16
[OMPT] implicit_task_begin: parallel_id=281474976710729 thread_num=7 team_size=16
[OMPT] implicit_task_end: parallel_id=0 thread_num=0
[OMPT] parallel_end: parallel_id=281474976710729
[OMPT] parallel_begin: parallel_id=281474976710731 team_size=16
[OMPT] implicit_task_end: parallel_id=0 thread_num=4
[OMPT] implicit_task_end: parallel_id=0 thread_num=7
[OMPT] implicit_task_end: parallel_id=0 thread_num=2
[OMPT] implicit_task_begin: parallel_id=281474976710731 thread_num=7 team_size=16
[OMPT] implicit_task_end: parallel_id=0 thread_num=8
[OMPT] implicit_task_end: parallel_id=0 thread_num=11
[OMPT] implicit_task_begin: parallel_id=281474976710731 thread_num=8 team_size=16
[OMPT] implicit_task_begin: parallel_id=281474976710731 thread_num=0 team_size=16
[OMPT] implicit_task_begin: parallel_id=281474976710731 thread_num=11 team_size=16
[OMPT] implicit_task_end: parallel_id=0 thread_num=5
[OMPT] implicit_task_end: parallel_id=0 thread_num=6
[OMPT] implicit_task_end: parallel_id=0 thread_num=12
[OMPT] implicit_task_begin: parallel_id=281474976710731 thread_num=4 team_size=16
[OMPT] implicit_task_end: parallel_id=0 thread_num=14
[OMPT] implicit_task_end: parallel_id=0 thread_num=3
[OMPT] implicit_task_begin: parallel_id=281474976710731 thread_num=6 team_size=16
[OMPT] implicit_task_end: parallel_id=0 thread_num=10
[OMPT] implicit_task_begin: parallel_id=281474976710731 thread_num=3 team_size=16
[OMPT] implicit_task_end: parallel_id=0 thread_num=15
[OMPT] implicit_task_begin: parallel_id=281474976710731 thread_num=10 team_size=16
[OMPT] implicit_task_begin: parallel_id=281474976710731 thread_num=15 team_size=16
[OMPT] implicit_task_end: parallel_id=0 thread_num=13
[OMPT] implicit_task_begin: parallel_id=281474976710731 thread_num=2 team_size=16
[OMPT] implicit_task_begin: parallel_id=281474976710731 thread_num=12 team_size=16
[OMPT] implicit_task_begin: parallel_id=281474976710731 thread_num=14 team_size=16
[OMPT] implicit_task_end: parallel_id=0 thread_num=1
[OMPT] implicit_task_end: parallel_id=0 thread_num=9
[OMPT] implicit_task_begin: parallel_id=281474976710731 thread_num=1 team_size=16
[OMPT] implicit_task_begin: parallel_id=281474976710731 thread_num=13 team_size=16
[OMPT] implicit_task_begin: parallel_id=281474976710731 thread_num=9 team_size=16
[OMPT] implicit_task_begin: parallel_id=281474976710731 thread_num=5 team_size=16
[OMPT][WIN100ms] ompt_id=281474976710657 tid=85231  tipo=ompt_thread_initial    cpu=  1 numa=0  d_rm=   10798  d_instr=1476112845  d_cyc= 375780613  d_all= 9533264  IPC=3.928  ratio_rm=0.0011
[OMPT][WIN100ms] ompt_id=562949953421313 tid=85233  tipo=ompt_thread_worker     cpu=120 numa=1  d_rm=      11  d_instr=1461534542  d_cyc= 372149907  d_all= 9436066  IPC=3.927  ratio_rm=0.0000
[OMPT][WIN100ms] ompt_id=844424930131969 tid=85234  tipo=ompt_thread_worker     cpu= 88 numa=1  d_rm=      62  d_instr=1465606647  d_cyc= 372218943  d_all= 9467791  IPC=3.937  ratio_rm=0.0000
[OMPT][WIN100ms] ompt_id=1125899906842625 tid=85235  tipo=ompt_thread_worker     cpu= 32 numa=0  d_rm=     841  d_instr=1458398069  d_cyc= 371798069  d_all= 9415207  IPC=3.923  ratio_rm=0.0001
[OMPT][WIN100ms] ompt_id=1407374883553281 tid=85236  tipo=ompt_thread_worker     cpu=104 numa=1  d_rm=      50  d_instr=1461740746  d_cyc= 371707777  d_all= 9443743  IPC=3.932  ratio_rm=0.0000
[OMPT][WIN100ms] ompt_id=1688849860263937 tid=85237  tipo=ompt_thread_worker     cpu= 98 numa=1  d_rm=       8  d_instr=1462244656  d_cyc= 372664985  d_all= 9430680  IPC=3.924  ratio_rm=0.0000
[OMPT][WIN100ms] ompt_id=1970324836974593 tid=85238  tipo=ompt_thread_worker     cpu= 81 numa=1  d_rm=       5  d_instr=1459169633  d_cyc= 372468167  d_all= 9403161  IPC=3.918  ratio_rm=0.0000
[OMPT][WIN100ms] ompt_id=2251799813685249 tid=85239  tipo=ompt_thread_worker     cpu=247 numa=1  d_rm=      26  d_instr=1467232486  d_cyc= 372912716  d_all= 9462744  IPC=3.935  ratio_rm=0.0000
[OMPT][WIN100ms] ompt_id=2533274790395905 tid=85240  tipo=ompt_thread_worker     cpu=168 numa=0  d_rm=    7027  d_instr=1471473054  d_cyc= 373446127  d_all= 9499509  IPC=3.940  ratio_rm=0.0007
[OMPT][WIN100ms] ompt_id=2814749767106561 tid=85243  tipo=ompt_thread_worker     cpu=215 numa=1  d_rm=      31  d_instr=1465343636  d_cyc= 372559963  d_all= 9479684  IPC=3.933  ratio_rm=0.0000
[OMPT][WIN100ms] ompt_id=3096224743817217 tid=85242  tipo=ompt_thread_worker     cpu= 64 numa=1  d_rm=      29  d_instr=1462518684  d_cyc= 373090311  d_all= 9448279  IPC=3.920  ratio_rm=0.0000
[OMPT][WIN100ms] ompt_id=3377699720527873 tid=85241  tipo=ompt_thread_worker     cpu=207 numa=1  d_rm=      16  d_instr=1460392191  d_cyc= 372443206  d_all= 9416388  IPC=3.921  ratio_rm=0.0000
[OMPT][WIN100ms] ompt_id=3659174697238529 tid=85244  tipo=ompt_thread_worker     cpu=223 numa=1  d_rm=     161  d_instr=1459532683  d_cyc= 372648678  d_all= 9424957  IPC=3.917  ratio_rm=0.0000
[OMPT][WIN100ms] ompt_id=3940649673949185 tid=85245  tipo=ompt_thread_worker     cpu=141 numa=0  d_rm=     717  d_instr=1463463669  d_cyc= 372116018  d_all= 9462673  IPC=3.933  ratio_rm=0.0001
[OMPT][WIN100ms] ompt_id=4222124650659841 tid=85246  tipo=ompt_thread_worker     cpu=239 numa=1  d_rm=      33  d_instr=1468550064  d_cyc= 372382650  d_all= 9498023  IPC=3.944  ratio_rm=0.0000
[OMPT][WIN100ms] ompt_id=4503599627370497 tid=85247  tipo=ompt_thread_worker     cpu=231 numa=1  d_rm=      13  d_instr=1465219706  d_cyc= 372618970  d_all= 9477895  IPC=3.932  ratio_rm=0.0000
[OMPT] implicit_task_end: parallel_id=0 thread_num=0
[OMPT] parallel_end: parallel_id=281474976710731
[OMPT] parallel_begin: parallel_id=281474976710733 team_size=16
[OMPT] implicit_task_end: parallel_id=0 thread_num=12
[OMPT] implicit_task_end: parallel_id=0 thread_num=14
[OMPT] implicit_task_end: parallel_id=0 thread_num=4
[OMPT] implicit_task_end: parallel_id=0 thread_num=5
[OMPT] implicit_task_begin: parallel_id=281474976710733 thread_num=4 team_size=16
[OMPT] implicit_task_begin: parallel_id=281474976710733 thread_num=0 team_size=16
[OMPT] implicit_task_end: parallel_id=0 thread_num=1
[OMPT] implicit_task_end: parallel_id=0 thread_num=13
[OMPT] implicit_task_begin: parallel_id=281474976710733 thread_num=1 team_size=16
[OMPT] implicit_task_begin: parallel_id=281474976710733 thread_num=13 team_size=16
[OMPT] implicit_task_end: parallel_id=0 thread_num=15
[OMPT] implicit_task_begin: parallel_id=281474976710733 thread_num=15 team_size=16
[OMPT] implicit_task_end: parallel_id=0 thread_num=6
[OMPT] implicit_task_begin: parallel_id=281474976710733 thread_num=6 team_size=16
[OMPT] implicit_task_end: parallel_id=0 thread_num=7
[OMPT] implicit_task_end: parallel_id=0 thread_num=8
[OMPT] implicit_task_end: parallel_id=0 thread_num=11
[OMPT] implicit_task_begin: parallel_id=281474976710733 thread_num=7 team_size=16
[OMPT] implicit_task_end: parallel_id=0 thread_num=2
[OMPT] implicit_task_begin: parallel_id=281474976710733 thread_num=5 team_size=16
[OMPT] implicit_task_begin: parallel_id=281474976710733 thread_num=8 team_size=16
[OMPT] implicit_task_begin: parallel_id=281474976710733 thread_num=12 team_size=16
[OMPT] implicit_task_begin: parallel_id=281474976710733 thread_num=11 team_size=16
[OMPT] implicit_task_end: parallel_id=0 thread_num=9
[OMPT] implicit_task_begin: parallel_id=281474976710733 thread_num=14 team_size=16
[OMPT] implicit_task_end: parallel_id=0 thread_num=3
[OMPT] implicit_task_begin: parallel_id=281474976710733 thread_num=2 team_size=16
[OMPT] implicit_task_begin: parallel_id=281474976710733 thread_num=3 team_size=16
[OMPT] implicit_task_end: parallel_id=0 thread_num=10
[OMPT] implicit_task_begin: parallel_id=281474976710733 thread_num=9 team_size=16
[OMPT] implicit_task_begin: parallel_id=281474976710733 thread_num=10 team_size=16
[OMPT][WIN100ms] ompt_id=281474976710657 tid=85231  tipo=ompt_thread_initial    cpu=  1 numa=0  d_rm=    8212  d_instr=1465189291  d_cyc= 374464546  d_all= 9476933  IPC=3.913  ratio_rm=0.0009
[OMPT][WIN100ms] ompt_id=562949953421313 tid=85233  tipo=ompt_thread_worker     cpu=120 numa=1  d_rm=       4  d_instr=1472509506  d_cyc= 373748809  d_all= 9514489  IPC=3.940  ratio_rm=0.0000
[OMPT][WIN100ms] ompt_id=844424930131969 tid=85234  tipo=ompt_thread_worker     cpu= 88 numa=1  d_rm=      30  d_instr=1469064509  d_cyc= 372900150  d_all= 9486991  IPC=3.940  ratio_rm=0.0000
[OMPT][WIN100ms] ompt_id=1125899906842625 tid=85235  tipo=ompt_thread_worker     cpu= 32 numa=0  d_rm=     393  d_instr=1470655445  d_cyc= 373226820  d_all= 9491703  IPC=3.940  ratio_rm=0.0000
[OMPT][WIN100ms] ompt_id=1407374883553281 tid=85236  tipo=ompt_thread_worker     cpu=104 numa=1  d_rm=      25  d_instr=1471039012  d_cyc= 373747362  d_all= 9495964  IPC=3.936  ratio_rm=0.0000
[OMPT][WIN100ms] ompt_id=1688849860263937 tid=85237  tipo=ompt_thread_worker     cpu= 98 numa=1  d_rm=       4  d_instr=1468724641  d_cyc= 373564312  d_all= 9479864  IPC=3.932  ratio_rm=0.0000
[OMPT][WIN100ms] ompt_id=1970324836974593 tid=85238  tipo=ompt_thread_worker     cpu= 81 numa=1  d_rm=       2  d_instr=1467156680  d_cyc= 373434125  d_all= 9472312  IPC=3.929  ratio_rm=0.0000
[OMPT][WIN100ms] ompt_id=2251799813685249 tid=85239  tipo=ompt_thread_worker     cpu=247 numa=1  d_rm=      33  d_instr=1469117354  d_cyc= 373207397  d_all= 9478199  IPC=3.936  ratio_rm=0.0000
[OMPT][WIN100ms] ompt_id=2533274790395905 tid=85240  tipo=ompt_thread_worker     cpu=168 numa=0  d_rm=    6572  d_instr=1469351042  d_cyc= 373289148  d_all= 9494757  IPC=3.936  ratio_rm=0.0007
[OMPT][WIN100ms] ompt_id=2814749767106561 tid=85243  tipo=ompt_thread_worker     cpu=215 numa=1  d_rm=      29  d_instr=1468095570  d_cyc= 373815334  d_all= 9489957  IPC=3.927  ratio_rm=0.0000
[OMPT][WIN100ms] ompt_id=3096224743817217 tid=85242  tipo=ompt_thread_worker     cpu= 64 numa=1  d_rm=       8  d_instr=1466009142  d_cyc= 373628114  d_all= 9480454  IPC=3.924  ratio_rm=0.0000
[OMPT][WIN100ms] ompt_id=3377699720527873 tid=85241  tipo=ompt_thread_worker     cpu=207 numa=1  d_rm=      11  d_instr=1467942867  d_cyc= 373737089  d_all= 9491784  IPC=3.928  ratio_rm=0.0000
[OMPT][WIN100ms] ompt_id=3659174697238529 tid=85244  tipo=ompt_thread_worker     cpu=223 numa=1  d_rm=      91  d_instr=1468201969  d_cyc= 372958625  d_all= 9497307  IPC=3.937  ratio_rm=0.0000
[OMPT][WIN100ms] ompt_id=3940649673949185 tid=85245  tipo=ompt_thread_worker     cpu=141 numa=0  d_rm=     325  d_instr=1469725320  d_cyc= 374306253  d_all= 9523144  IPC=3.927  ratio_rm=0.0000
[OMPT][WIN100ms] ompt_id=4222124650659841 tid=85246  tipo=ompt_thread_worker     cpu=239 numa=1  d_rm=      41  d_instr=1466322508  d_cyc= 372919489  d_all= 9490357  IPC=3.932  ratio_rm=0.0000
[OMPT][WIN100ms] ompt_id=4503599627370497 tid=85247  tipo=ompt_thread_worker     cpu=231 numa=1  d_rm=      18  d_instr=1470674603  d_cyc= 373478774  d_all= 9511420  IPC=3.938  ratio_rm=0.0000
[OMPT] implicit_task_end: parallel_id=0 thread_num=0
[OMPT] parallel_end: parallel_id=281474976710733
[OMPT] parallel_begin: parallel_id=281474976710735 team_size=16
[OMPT] implicit_task_end: parallel_id=0 thread_num=12
[OMPT] implicit_task_end: parallel_id=0 thread_num=14
[OMPT] implicit_task_end: parallel_id=0 thread_num=4
[OMPT] implicit_task_end: parallel_id=0 thread_num=5
[OMPT] implicit_task_begin: parallel_id=281474976710735 thread_num=14 team_size=16
[OMPT] implicit_task_begin: parallel_id=281474976710735 thread_num=4 team_size=16
[OMPT] implicit_task_end: parallel_id=0 thread_num=1
[OMPT] implicit_task_begin: parallel_id=281474976710735 thread_num=0 team_size=16
[OMPT] implicit_task_begin: parallel_id=281474976710735 thread_num=1 team_size=16
[OMPT] implicit_task_end: parallel_id=0 thread_num=3
[OMPT] implicit_task_begin: parallel_id=281474976710735 thread_num=3 team_size=16
[OMPT] implicit_task_end: parallel_id=0 thread_num=13
[OMPT] implicit_task_begin: parallel_id=281474976710735 thread_num=12 team_size=16
[OMPT] implicit_task_end: parallel_id=0 thread_num=7
[OMPT] implicit_task_end: parallel_id=0 thread_num=6
[OMPT] implicit_task_end: parallel_id=0 thread_num=2
[OMPT] implicit_task_begin: parallel_id=281474976710735 thread_num=6 team_size=16
[OMPT] implicit_task_end: parallel_id=0 thread_num=8
[OMPT] implicit_task_end: parallel_id=0 thread_num=9
[OMPT] implicit_task_begin: parallel_id=281474976710735 thread_num=8 team_size=16
[OMPT] implicit_task_begin: parallel_id=281474976710735 thread_num=9 team_size=16
[OMPT] implicit_task_begin: parallel_id=281474976710735 thread_num=13 team_size=16
[OMPT] implicit_task_begin: parallel_id=281474976710735 thread_num=7 team_size=16
[OMPT] implicit_task_end: parallel_id=0 thread_num=10
[OMPT] implicit_task_end: parallel_id=0 thread_num=11
[OMPT] implicit_task_begin: parallel_id=281474976710735 thread_num=11 team_size=16
[OMPT] implicit_task_begin: parallel_id=281474976710735 thread_num=5 team_size=16
[OMPT] implicit_task_end: parallel_id=0 thread_num=15
[OMPT] implicit_task_begin: parallel_id=281474976710735 thread_num=2 team_size=16
[OMPT] implicit_task_begin: parallel_id=281474976710735 thread_num=10 team_size=16
[OMPT] implicit_task_begin: parallel_id=281474976710735 thread_num=15 team_size=16
[OMPT][WIN100ms] ompt_id=281474976710657 tid=85231  tipo=ompt_thread_initial    cpu=  1 numa=0  d_rm=    8635  d_instr=1469524969  d_cyc= 374335637  d_all= 9504505  IPC=3.926  ratio_rm=0.0009
[OMPT][WIN100ms] ompt_id=562949953421313 tid=85233  tipo=ompt_thread_worker     cpu=120 numa=1  d_rm=       6  d_instr=1473288591  d_cyc= 373638292  d_all= 9513859  IPC=3.943  ratio_rm=0.0000
[OMPT][WIN100ms] ompt_id=844424930131969 tid=85234  tipo=ompt_thread_worker     cpu= 88 numa=1  d_rm=      22  d_instr=1476070943  d_cyc= 372555654  d_all= 9536894  IPC=3.962  ratio_rm=0.0000
[OMPT][WIN100ms] ompt_id=1125899906842625 tid=85235  tipo=ompt_thread_worker     cpu= 32 numa=0  d_rm=     366  d_instr=1475740396  d_cyc= 374053154  d_all= 9537007  IPC=3.945  ratio_rm=0.0000
[OMPT][WIN100ms] ompt_id=1407374883553281 tid=85236  tipo=ompt_thread_worker     cpu=104 numa=1  d_rm=      25  d_instr=1475987393  d_cyc= 373760413  d_all= 9537428  IPC=3.949  ratio_rm=0.0000
[OMPT][WIN100ms] ompt_id=1688849860263937 tid=85237  tipo=ompt_thread_worker     cpu= 98 numa=1  d_rm=       4  d_instr=1476077124  d_cyc= 373080539  d_all= 9549398  IPC=3.956  ratio_rm=0.0000
[OMPT][WIN100ms] ompt_id=1970324836974593 tid=85238  tipo=ompt_thread_worker     cpu= 81 numa=1  d_rm=       2  d_instr=1475475592  d_cyc= 373023419  d_all= 9550200  IPC=3.955  ratio_rm=0.0000
[OMPT][WIN100ms] ompt_id=2251799813685249 tid=85239  tipo=ompt_thread_worker     cpu=247 numa=1  d_rm=       7  d_instr=1471338403  d_cyc= 372890140  d_all= 9514843  IPC=3.946  ratio_rm=0.0000
[OMPT][WIN100ms] ompt_id=2533274790395905 tid=85240  tipo=ompt_thread_worker     cpu=168 numa=0  d_rm=    6626  d_instr=1469637036  d_cyc= 373346318  d_all= 9509975  IPC=3.936  ratio_rm=0.0007
[OMPT][WIN100ms] ompt_id=2814749767106561 tid=85243  tipo=ompt_thread_worker     cpu=  0 numa=0  d_rm=    2770  d_instr=1470135731  d_cyc= 373627096  d_all= 9517946  IPC=3.935  ratio_rm=0.0003
[OMPT][WIN100ms] ompt_id=3096224743817217 tid=85242  tipo=ompt_thread_worker     cpu= 64 numa=1  d_rm=      13  d_instr=1479510859  d_cyc= 373631752  d_all= 9574347  IPC=3.960  ratio_rm=0.0000
[OMPT][WIN100ms] ompt_id=3377699720527873 tid=85241  tipo=ompt_thread_worker     cpu=207 numa=1  d_rm=       4  d_instr=1474400297  d_cyc= 374191969  d_all= 9543982  IPC=3.940  ratio_rm=0.0000
[OMPT][WIN100ms] ompt_id=3659174697238529 tid=85244  tipo=ompt_thread_worker     cpu=223 numa=1  d_rm=     139  d_instr=1477518571  d_cyc= 373510414  d_all= 9569799  IPC=3.956  ratio_rm=0.0000
[OMPT][WIN100ms] ompt_id=3940649673949185 tid=85245  tipo=ompt_thread_worker     cpu=141 numa=0  d_rm=     300  d_instr=1473846592  d_cyc= 373542924  d_all= 9546854  IPC=3.946  ratio_rm=0.0000
[OMPT][WIN100ms] ompt_id=4222124650659841 tid=85246  tipo=ompt_thread_worker     cpu=239 numa=1  d_rm=       2  d_instr=1478940450  d_cyc= 374212167  d_all= 9577130  IPC=3.952  ratio_rm=0.0000
[OMPT][WIN100ms] ompt_id=4503599627370497 tid=85247  tipo=ompt_thread_worker     cpu=231 numa=1  d_rm=       1  d_instr=1472213293  d_cyc= 372932181  d_all= 9538926  IPC=3.948  ratio_rm=0.0000
[OMPT] implicit_task_end: parallel_id=0 thread_num=0
[OMPT] parallel_end: parallel_id=281474976710735
[OMPT] parallel_begin: parallel_id=281474976710737 team_size=16
[OMPT] implicit_task_end: parallel_id=0 thread_num=8
[OMPT] implicit_task_end: parallel_id=0 thread_num=11
[OMPT] implicit_task_end: parallel_id=0 thread_num=9
[OMPT] implicit_task_begin: parallel_id=281474976710737 thread_num=11 team_size=16
[OMPT] implicit_task_begin: parallel_id=281474976710737 thread_num=0 team_size=16
[OMPT] implicit_task_end: parallel_id=0 thread_num=4
[OMPT] implicit_task_end: parallel_id=0 thread_num=7
[OMPT] implicit_task_begin: parallel_id=281474976710737 thread_num=4 team_size=16
[OMPT] implicit_task_end: parallel_id=0 thread_num=2
[OMPT] implicit_task_begin: parallel_id=281474976710737 thread_num=7 team_size=16
[OMPT] implicit_task_end: parallel_id=0 thread_num=12
[OMPT] implicit_task_end: parallel_id=0 thread_num=14
[OMPT] implicit_task_begin: parallel_id=281474976710737 thread_num=2 team_size=16
[OMPT] implicit_task_begin: parallel_id=281474976710737 thread_num=8 team_size=16
[OMPT] implicit_task_begin: parallel_id=281474976710737 thread_num=14 team_size=16
[OMPT] implicit_task_end: parallel_id=0 thread_num=3
[OMPT] implicit_task_end: parallel_id=0 thread_num=5
[OMPT] implicit_task_end: parallel_id=0 thread_num=6
[OMPT] implicit_task_end: parallel_id=0 thread_num=1
[OMPT] implicit_task_end: parallel_id=0 thread_num=10
[OMPT] implicit_task_end: parallel_id=0 thread_num=15
[OMPT] implicit_task_begin: parallel_id=281474976710737 thread_num=10 team_size=16
[OMPT] implicit_task_begin: parallel_id=281474976710737 thread_num=15 team_size=16
[OMPT] implicit_task_end: parallel_id=0 thread_num=13
[OMPT] implicit_task_begin: parallel_id=281474976710737 thread_num=13 team_size=16
[OMPT] implicit_task_begin: parallel_id=281474976710737 thread_num=12 team_size=16
[OMPT] implicit_task_begin: parallel_id=281474976710737 thread_num=9 team_size=16
[OMPT] implicit_task_begin: parallel_id=281474976710737 thread_num=3 team_size=16
[OMPT] implicit_task_begin: parallel_id=281474976710737 thread_num=5 team_size=16
[OMPT] implicit_task_begin: parallel_id=281474976710737 thread_num=1 team_size=16
[OMPT] implicit_task_begin: parallel_id=281474976710737 thread_num=6 team_size=16
[OMPT][WIN100ms] ompt_id=281474976710657 tid=85231  tipo=ompt_thread_initial    cpu=  1 numa=0  d_rm=    9702  d_instr=1462320236  d_cyc= 374424837  d_all= 9451335  IPC=3.906  ratio_rm=0.0010
[OMPT][WIN100ms] ompt_id=562949953421313 tid=85233  tipo=ompt_thread_worker     cpu=120 numa=1  d_rm=       8  d_instr=1466053505  d_cyc= 372505902  d_all= 9465420  IPC=3.936  ratio_rm=0.0000
[OMPT][WIN100ms] ompt_id=844424930131969 tid=85234  tipo=ompt_thread_worker     cpu= 88 numa=1  d_rm=      18  d_instr=1467035106  d_cyc= 373503434  d_all= 9485071  IPC=3.928  ratio_rm=0.0000
[OMPT][WIN100ms] ompt_id=1125899906842625 tid=85235  tipo=ompt_thread_worker     cpu= 32 numa=0  d_rm=     342  d_instr=1464467650  d_cyc= 373215381  d_all= 9469052  IPC=3.924  ratio_rm=0.0000
[OMPT][WIN100ms] ompt_id=1407374883553281 tid=85236  tipo=ompt_thread_worker     cpu=104 numa=1  d_rm=      22  d_instr=1469861885  d_cyc= 373481874  d_all= 9490738  IPC=3.936  ratio_rm=0.0000
[OMPT][WIN100ms] ompt_id=1688849860263937 tid=85237  tipo=ompt_thread_worker     cpu= 98 numa=1  d_rm=       4  d_instr=1465723118  d_cyc= 373448906  d_all= 9473076  IPC=3.925  ratio_rm=0.0000
[OMPT][WIN100ms] ompt_id=1970324836974593 tid=85238  tipo=ompt_thread_worker     cpu= 81 numa=1  d_rm=       4  d_instr=1461899952  d_cyc= 372852342  d_all= 9457689  IPC=3.921  ratio_rm=0.0000
[OMPT][WIN100ms] ompt_id=2251799813685249 tid=85239  tipo=ompt_thread_worker     cpu=247 numa=1  d_rm=      13  d_instr=1472424732  d_cyc= 373950077  d_all= 9514834  IPC=3.937  ratio_rm=0.0000
[OMPT][WIN100ms] ompt_id=2533274790395905 tid=85240  tipo=ompt_thread_worker     cpu=168 numa=0  d_rm=    6120  d_instr=1469558508  d_cyc= 373868107  d_all= 9511484  IPC=3.931  ratio_rm=0.0006
[OMPT][WIN100ms] ompt_id=2814749767106561 tid=85243  tipo=ompt_thread_worker     cpu=  0 numa=0  d_rm=    6667  d_instr=1473732031  d_cyc= 374304577  d_all= 9559557  IPC=3.937  ratio_rm=0.0007
[OMPT][WIN100ms] ompt_id=3096224743817217 tid=85242  tipo=ompt_thread_worker     cpu= 64 numa=1  d_rm=       7  d_instr=1463896597  d_cyc= 372972194  d_all= 9470294  IPC=3.925  ratio_rm=0.0000
[OMPT][WIN100ms] ompt_id=3377699720527873 tid=85241  tipo=ompt_thread_worker     cpu=207 numa=1  d_rm=       6  d_instr=1465193077  d_cyc= 372774680  d_all= 9463943  IPC=3.931  ratio_rm=0.0000
[OMPT][WIN100ms] ompt_id=3659174697238529 tid=85244  tipo=ompt_thread_worker     cpu=223 numa=1  d_rm=      74  d_instr=1459303371  d_cyc= 372645550  d_all= 9433011  IPC=3.916  ratio_rm=0.0000
[OMPT][WIN100ms] ompt_id=3940649673949185 tid=85245  tipo=ompt_thread_worker     cpu=141 numa=0  d_rm=     294  d_instr=1466376229  d_cyc= 373613415  d_all= 9475733  IPC=3.925  ratio_rm=0.0000
[OMPT][WIN100ms] ompt_id=4222124650659841 tid=85246  tipo=ompt_thread_worker     cpu=239 numa=1  d_rm=       3  d_instr=1467045319  d_cyc= 373793036  d_all= 9476017  IPC=3.925  ratio_rm=0.0000
[OMPT][WIN100ms] ompt_id=4503599627370497 tid=85247  tipo=ompt_thread_worker     cpu=231 numa=1  d_rm=       2  d_instr=1470335728  d_cyc= 373402110  d_all= 9505046  IPC=3.938  ratio_rm=0.0000
[OMPT] implicit_task_end: parallel_id=0 thread_num=0
[OMPT] parallel_end: parallel_id=281474976710737
[OMPT] parallel_begin: parallel_id=281474976710739 team_size=16
[OMPT] implicit_task_end: parallel_id=0 thread_num=12
[OMPT] implicit_task_end: parallel_id=0 thread_num=14
[OMPT] implicit_task_begin: parallel_id=281474976710739 thread_num=12 team_size=16
[OMPT] implicit_task_end: parallel_id=0 thread_num=2
[OMPT] implicit_task_begin: parallel_id=281474976710739 thread_num=2 team_size=16
[OMPT] implicit_task_end: parallel_id=0 thread_num=4
[OMPT] implicit_task_end: parallel_id=0 thread_num=5
[OMPT] implicit_task_end: parallel_id=0 thread_num=1
[OMPT] implicit_task_begin: parallel_id=281474976710739 thread_num=0 team_size=16
[OMPT] implicit_task_begin: parallel_id=281474976710739 thread_num=5 team_size=16
[OMPT] implicit_task_end: parallel_id=0 thread_num=3
[OMPT] implicit_task_begin: parallel_id=281474976710739 thread_num=1 team_size=16
[OMPT] implicit_task_end: parallel_id=0 thread_num=13
[OMPT] implicit_task_end: parallel_id=0 thread_num=8
[OMPT] implicit_task_end: parallel_id=0 thread_num=9
[OMPT] implicit_task_begin: parallel_id=281474976710739 thread_num=8 team_size=16
[OMPT] implicit_task_end: parallel_id=0 thread_num=6
[OMPT] implicit_task_end: parallel_id=0 thread_num=7
[OMPT] implicit_task_begin: parallel_id=281474976710739 thread_num=4 team_size=16
[OMPT] implicit_task_end: parallel_id=0 thread_num=15
[OMPT] implicit_task_begin: parallel_id=281474976710739 thread_num=7 team_size=16
[OMPT] implicit_task_begin: parallel_id=281474976710739 thread_num=15 team_size=16
[OMPT] implicit_task_begin: parallel_id=281474976710739 thread_num=3 team_size=16
[OMPT] implicit_task_begin: parallel_id=281474976710739 thread_num=13 team_size=16
[OMPT] implicit_task_end: parallel_id=0 thread_num=11
[OMPT] implicit_task_begin: parallel_id=281474976710739 thread_num=11 team_size=16
[OMPT] implicit_task_end: parallel_id=0 thread_num=10
[OMPT] implicit_task_begin: parallel_id=281474976710739 thread_num=14 team_size=16
[OMPT] implicit_task_begin: parallel_id=281474976710739 thread_num=10 team_size=16
[OMPT] implicit_task_begin: parallel_id=281474976710739 thread_num=9 team_size=16
[OMPT] implicit_task_begin: parallel_id=281474976710739 thread_num=6 team_size=16
[OMPT][WIN100ms] ompt_id=281474976710657 tid=85231  tipo=ompt_thread_initial    cpu=  1 numa=0  d_rm=    9541  d_instr=1469622486  d_cyc= 374388531  d_all= 9519353  IPC=3.925  ratio_rm=0.0010
[OMPT][WIN100ms] ompt_id=562949953421313 tid=85233  tipo=ompt_thread_worker     cpu=120 numa=1  d_rm=       5  d_instr=1474681888  d_cyc= 373767484  d_all= 9541383  IPC=3.945  ratio_rm=0.0000
[OMPT][WIN100ms] ompt_id=844424930131969 tid=85234  tipo=ompt_thread_worker     cpu= 88 numa=1  d_rm=      26  d_instr=1475322008  d_cyc= 373936216  d_all= 9539251  IPC=3.945  ratio_rm=0.0000
[OMPT][WIN100ms] ompt_id=1125899906842625 tid=85235  tipo=ompt_thread_worker     cpu= 32 numa=0  d_rm=     372  d_instr=1471817231  d_cyc= 373647145  d_all= 9528268  IPC=3.939  ratio_rm=0.0000
[OMPT][WIN100ms] ompt_id=1407374883553281 tid=85236  tipo=ompt_thread_worker     cpu=104 numa=1  d_rm=      21  d_instr=1471217821  d_cyc= 373175674  d_all= 9516256  IPC=3.942  ratio_rm=0.0000
[OMPT][WIN100ms] ompt_id=1688849860263937 tid=85237  tipo=ompt_thread_worker     cpu= 98 numa=1  d_rm=       7  d_instr=1479890516  d_cyc= 374377838  d_all= 9570606  IPC=3.953  ratio_rm=0.0000
[OMPT][WIN100ms] ompt_id=1970324836974593 tid=85238  tipo=ompt_thread_worker     cpu= 81 numa=1  d_rm=       6  d_instr=1474205771  d_cyc= 373189834  d_all= 9545101  IPC=3.950  ratio_rm=0.0000
[OMPT][WIN100ms] ompt_id=2251799813685249 tid=85239  tipo=ompt_thread_worker     cpu=247 numa=1  d_rm=       6  d_instr=1470559594  d_cyc= 373394205  d_all= 9510226  IPC=3.938  ratio_rm=0.0000
[OMPT][WIN100ms] ompt_id=2533274790395905 tid=85240  tipo=ompt_thread_worker     cpu=168 numa=0  d_rm=    6286  d_instr=1467193372  d_cyc= 373900898  d_all= 9492526  IPC=3.924  ratio_rm=0.0007
[OMPT][WIN100ms] ompt_id=2814749767106561 tid=85243  tipo=ompt_thread_worker     cpu=  0 numa=0  d_rm=    6790  d_instr=1471510188  d_cyc= 373589160  d_all= 9518397  IPC=3.939  ratio_rm=0.0007
[OMPT][WIN100ms] ompt_id=3096224743817217 tid=85242  tipo=ompt_thread_worker     cpu= 64 numa=1  d_rm=      13  d_instr=1475190743  d_cyc= 373664561  d_all= 9539736  IPC=3.948  ratio_rm=0.0000
[OMPT][WIN100ms] ompt_id=3377699720527873 tid=85241  tipo=ompt_thread_worker     cpu=207 numa=1  d_rm=      13  d_instr=1476179683  d_cyc= 373585028  d_all= 9553317  IPC=3.951  ratio_rm=0.0000
[OMPT][WIN100ms] ompt_id=3659174697238529 tid=85244  tipo=ompt_thread_worker     cpu=223 numa=1  d_rm=      55  d_instr=1483608202  d_cyc= 374430581  d_all= 9613256  IPC=3.962  ratio_rm=0.0000
[OMPT][WIN100ms] ompt_id=3940649673949185 tid=85245  tipo=ompt_thread_worker     cpu=141 numa=0  d_rm=     317  d_instr=1468075827  d_cyc= 373594036  d_all= 9503173  IPC=3.930  ratio_rm=0.0000
[OMPT][WIN100ms] ompt_id=4222124650659841 tid=85246  tipo=ompt_thread_worker     cpu=239 numa=1  d_rm=       4  d_instr=1473425415  d_cyc= 372879773  d_all= 9523311  IPC=3.951  ratio_rm=0.0000
[OMPT][WIN100ms] ompt_id=4503599627370497 tid=85247  tipo=ompt_thread_worker     cpu=231 numa=1  d_rm=       0  d_instr=1471843959  d_cyc= 373447834  d_all= 9514491  IPC=3.941  ratio_rm=0.0000
[OMPT] implicit_task_end: parallel_id=0 thread_num=0
[OMPT] parallel_end: parallel_id=281474976710739
[OMPT] parallel_begin: parallel_id=281474976710741 team_size=16
[OMPT] implicit_task_end: parallel_id=0 thread_num=12
[OMPT] implicit_task_end: parallel_id=0 thread_num=14
[OMPT] implicit_task_end: parallel_id=0 thread_num=4
[OMPT] implicit_task_end: parallel_id=0 thread_num=5
[OMPT] implicit_task_begin: parallel_id=281474976710741 thread_num=14 team_size=16
[OMPT] implicit_task_begin: parallel_id=281474976710741 thread_num=4 team_size=16
[OMPT] implicit_task_end: parallel_id=0 thread_num=1
[OMPT] implicit_task_end: parallel_id=0 thread_num=3
[OMPT] implicit_task_begin: parallel_id=281474976710741 thread_num=0 team_size=16
[OMPT] implicit_task_begin: parallel_id=281474976710741 thread_num=3 team_size=16
[OMPT] implicit_task_end: parallel_id=0 thread_num=13
[OMPT] implicit_task_begin: parallel_id=281474976710741 thread_num=13 team_size=16
[OMPT] implicit_task_end: parallel_id=0 thread_num=15
[OMPT] implicit_task_begin: parallel_id=281474976710741 thread_num=15 team_size=16
[OMPT] implicit_task_begin: parallel_id=281474976710741 thread_num=12 team_size=16
[OMPT] implicit_task_end: parallel_id=0 thread_num=6
[OMPT] implicit_task_begin: parallel_id=281474976710741 thread_num=6 team_size=16
[OMPT] implicit_task_end: parallel_id=0 thread_num=7
[OMPT] implicit_task_end: parallel_id=0 thread_num=8
[OMPT] implicit_task_end: parallel_id=0 thread_num=11
[OMPT] implicit_task_end: parallel_id=0 thread_num=2
[OMPT] implicit_task_begin: parallel_id=281474976710741 thread_num=8 team_size=16
[OMPT] implicit_task_begin: parallel_id=281474976710741 thread_num=5 team_size=16
[OMPT] implicit_task_begin: parallel_id=281474976710741 thread_num=7 team_size=16
[OMPT] implicit_task_end: parallel_id=0 thread_num=10
[OMPT] implicit_task_begin: parallel_id=281474976710741 thread_num=11 team_size=16
[OMPT] implicit_task_begin: parallel_id=281474976710741 thread_num=10 team_size=16
[OMPT] implicit_task_begin: parallel_id=281474976710741 thread_num=2 team_size=16
[OMPT] implicit_task_begin: parallel_id=281474976710741 thread_num=1 team_size=16
[OMPT] implicit_task_end: parallel_id=0 thread_num=9
[OMPT] implicit_task_begin: parallel_id=281474976710741 thread_num=9 team_size=16
[OMPT][WIN100ms] ompt_id=281474976710657 tid=85231  tipo=ompt_thread_initial    cpu=  1 numa=0  d_rm=    9624  d_instr=1471852712  d_cyc= 374097443  d_all= 9528109  IPC=3.934  ratio_rm=0.0010
[OMPT][WIN100ms] ompt_id=562949953421313 tid=85233  tipo=ompt_thread_worker     cpu=120 numa=1  d_rm=       6  d_instr=1466758284  d_cyc= 372476229  d_all= 9485205  IPC=3.938  ratio_rm=0.0000
[OMPT][WIN100ms] ompt_id=844424930131969 tid=85234  tipo=ompt_thread_worker     cpu= 88 numa=1  d_rm=      18  d_instr=1465330553  d_cyc= 372577227  d_all= 9475458  IPC=3.933  ratio_rm=0.0000
[OMPT][WIN100ms] ompt_id=1125899906842625 tid=85235  tipo=ompt_thread_worker     cpu= 32 numa=0  d_rm=     356  d_instr=1475491116  d_cyc= 374190528  d_all= 9550281  IPC=3.943  ratio_rm=0.0000
[OMPT][WIN100ms] ompt_id=1407374883553281 tid=85236  tipo=ompt_thread_worker     cpu=104 numa=1  d_rm=      35  d_instr=1468012401  d_cyc= 373706707  d_all= 9496496  IPC=3.928  ratio_rm=0.0000
[OMPT][WIN100ms] ompt_id=1688849860263937 tid=85237  tipo=ompt_thread_worker     cpu= 98 numa=1  d_rm=       4  d_instr=1470044089  d_cyc= 373305891  d_all= 9504617  IPC=3.938  ratio_rm=0.0000
[OMPT][WIN100ms] ompt_id=1970324836974593 tid=85238  tipo=ompt_thread_worker     cpu= 81 numa=1  d_rm=       4  d_instr=1471032037  d_cyc= 373266842  d_all= 9515962  IPC=3.941  ratio_rm=0.0000
[OMPT][WIN100ms] ompt_id=2251799813685249 tid=85239  tipo=ompt_thread_worker     cpu=247 numa=1  d_rm=       5  d_instr=1475482042  d_cyc= 372943326  d_all= 9542020  IPC=3.956  ratio_rm=0.0000
[OMPT][WIN100ms] ompt_id=2533274790395905 tid=85240  tipo=ompt_thread_worker     cpu=168 numa=0  d_rm=    6269  d_instr=1476003824  d_cyc= 373311398  d_all= 9558611  IPC=3.954  ratio_rm=0.0007
[OMPT][WIN100ms] ompt_id=2814749767106561 tid=85243  tipo=ompt_thread_worker     cpu=  0 numa=0  d_rm=    6835  d_instr=1470438793  d_cyc= 373763804  d_all= 9503763  IPC=3.934  ratio_rm=0.0007
[OMPT][WIN100ms] ompt_id=3096224743817217 tid=85242  tipo=ompt_thread_worker     cpu= 64 numa=1  d_rm=       5  d_instr=1471637324  d_cyc= 373993831  d_all= 9521136  IPC=3.935  ratio_rm=0.0000
[OMPT][WIN100ms] ompt_id=3377699720527873 tid=85241  tipo=ompt_thread_worker     cpu=207 numa=1  d_rm=       3  d_instr=1468291913  d_cyc= 373651304  d_all= 9492124  IPC=3.930  ratio_rm=0.0000
[OMPT][WIN100ms] ompt_id=3659174697238529 tid=85244  tipo=ompt_thread_worker     cpu=223 numa=1  d_rm=      60  d_instr=1466898503  d_cyc= 373192820  d_all= 9463396  IPC=3.931  ratio_rm=0.0000
[OMPT][WIN100ms] ompt_id=3940649673949185 tid=85245  tipo=ompt_thread_worker     cpu=141 numa=0  d_rm=     268  d_instr=1469826040  d_cyc= 374119903  d_all= 9509904  IPC=3.929  ratio_rm=0.0000
[OMPT][WIN100ms] ompt_id=4222124650659841 tid=85246  tipo=ompt_thread_worker     cpu=239 numa=1  d_rm=       0  d_instr=1474467066  d_cyc= 373834386  d_all= 9521798  IPC=3.944  ratio_rm=0.0000
[OMPT][WIN100ms] ompt_id=4503599627370497 tid=85247  tipo=ompt_thread_worker     cpu=231 numa=1  d_rm=       1  d_instr=1474831159  d_cyc= 373607091  d_all= 9529430  IPC=3.948  ratio_rm=0.0000
[OMPT] implicit_task_end: parallel_id=0 thread_num=0
[OMPT] parallel_end: parallel_id=281474976710741
[OMPT] parallel_begin: parallel_id=281474976710743 team_size=16
[OMPT] implicit_task_end: parallel_id=0 thread_num=12
[OMPT] implicit_task_end: parallel_id=0 thread_num=14
[OMPT] implicit_task_begin: parallel_id=281474976710743 thread_num=12 team_size=16
[OMPT] implicit_task_end: parallel_id=0 thread_num=8
[OMPT] implicit_task_end: parallel_id=0 thread_num=9
[OMPT] implicit_task_end: parallel_id=0 thread_num=3
[OMPT] implicit_task_begin: parallel_id=281474976710743 thread_num=0 team_size=16
[OMPT] implicit_task_end: parallel_id=0 thread_num=1
[OMPT] implicit_task_end: parallel_id=0 thread_num=15
[OMPT] implicit_task_begin: parallel_id=281474976710743 thread_num=1 team_size=16
[OMPT] implicit_task_end: parallel_id=0 thread_num=13
[OMPT] implicit_task_end: parallel_id=0 thread_num=2
[OMPT] implicit_task_begin: parallel_id=281474976710743 thread_num=2 team_size=16
[OMPT] implicit_task_begin: parallel_id=281474976710743 thread_num=14 team_size=16
[OMPT] implicit_task_end: parallel_id=0 thread_num=11
[OMPT] implicit_task_begin: parallel_id=281474976710743 thread_num=11 team_size=16
[OMPT] implicit_task_end: parallel_id=0 thread_num=10
[OMPT] implicit_task_begin: parallel_id=281474976710743 thread_num=8 team_size=16
[OMPT] implicit_task_end: parallel_id=0 thread_num=4
[OMPT] implicit_task_end: parallel_id=0 thread_num=6
[OMPT] implicit_task_begin: parallel_id=281474976710743 thread_num=9 team_size=16
[OMPT] implicit_task_begin: parallel_id=281474976710743 thread_num=3 team_size=16
[OMPT] implicit_task_begin: parallel_id=281474976710743 thread_num=15 team_size=16
[OMPT] implicit_task_begin: parallel_id=281474976710743 thread_num=6 team_size=16
[OMPT] implicit_task_begin: parallel_id=281474976710743 thread_num=13 team_size=16
[OMPT] implicit_task_begin: parallel_id=281474976710743 thread_num=10 team_size=16
[OMPT] implicit_task_end: parallel_id=0 thread_num=5
[OMPT] implicit_task_begin: parallel_id=281474976710743 thread_num=4 team_size=16
[OMPT] implicit_task_end: parallel_id=0 thread_num=7
[OMPT] implicit_task_begin: parallel_id=281474976710743 thread_num=5 team_size=16
[OMPT] implicit_task_begin: parallel_id=281474976710743 thread_num=7 team_size=16
[OMPT][WIN100ms] ompt_id=281474976710657 tid=85231  tipo=ompt_thread_initial    cpu=  1 numa=0  d_rm=    9866  d_instr=1468912579  d_cyc= 374152787  d_all= 9518787  IPC=3.926  ratio_rm=0.0010
[OMPT][WIN100ms] ompt_id=562949953421313 tid=85233  tipo=ompt_thread_worker     cpu=120 numa=1  d_rm=       5  d_instr=1481101057  d_cyc= 373523638  d_all= 9595483  IPC=3.965  ratio_rm=0.0000
[OMPT][WIN100ms] ompt_id=844424930131969 tid=85234  tipo=ompt_thread_worker     cpu= 88 numa=1  d_rm=      31  d_instr=1478543346  d_cyc= 373073744  d_all= 9568815  IPC=3.963  ratio_rm=0.0000
[OMPT][WIN100ms] ompt_id=1125899906842625 tid=85235  tipo=ompt_thread_worker     cpu= 32 numa=0  d_rm=     369  d_instr=1465750551  d_cyc= 373216876  d_all= 9485314  IPC=3.927  ratio_rm=0.0000
[OMPT][WIN100ms] ompt_id=1407374883553281 tid=85236  tipo=ompt_thread_worker     cpu=104 numa=1  d_rm=      23  d_instr=1474203094  d_cyc= 372514697  d_all= 9538750  IPC=3.957  ratio_rm=0.0000
[OMPT][WIN100ms] ompt_id=1688849860263937 tid=85237  tipo=ompt_thread_worker     cpu= 98 numa=1  d_rm=       5  d_instr=1470869159  d_cyc= 373850978  d_all= 9513890  IPC=3.934  ratio_rm=0.0000
[OMPT][WIN100ms] ompt_id=1970324836974593 tid=85238  tipo=ompt_thread_worker     cpu= 81 numa=1  d_rm=       4  d_instr=1474085515  d_cyc= 373767116  d_all= 9537824  IPC=3.944  ratio_rm=0.0000
[OMPT][WIN100ms] ompt_id=2251799813685249 tid=85239  tipo=ompt_thread_worker     cpu=247 numa=1  d_rm=       6  d_instr=1470588129  d_cyc= 373789719  d_all= 9501078  IPC=3.934  ratio_rm=0.0000
[OMPT][WIN100ms] ompt_id=2533274790395905 tid=85240  tipo=ompt_thread_worker     cpu=168 numa=0  d_rm=    6228  d_instr=1469526017  d_cyc= 373170767  d_all= 9497291  IPC=3.938  ratio_rm=0.0007
[OMPT][WIN100ms] ompt_id=2814749767106561 tid=85243  tipo=ompt_thread_worker     cpu=  0 numa=0  d_rm=    6606  d_instr=1475983829  d_cyc= 373433473  d_all= 9548581  IPC=3.952  ratio_rm=0.0007
[OMPT][WIN100ms] ompt_id=3096224743817217 tid=85242  tipo=ompt_thread_worker     cpu= 64 numa=1  d_rm=       8  d_instr=1472202608  d_cyc= 373008968  d_all= 9510758  IPC=3.947  ratio_rm=0.0000
[OMPT][WIN100ms] ompt_id=3377699720527873 tid=85241  tipo=ompt_thread_worker     cpu=207 numa=1  d_rm=      12  d_instr=1482077269  d_cyc= 373236866  d_all= 9576034  IPC=3.971  ratio_rm=0.0000
[OMPT][WIN100ms] ompt_id=3659174697238529 tid=85244  tipo=ompt_thread_worker     cpu=223 numa=1  d_rm=      70  d_instr=1472113508  d_cyc= 374164625  d_all= 9511379  IPC=3.934  ratio_rm=0.0000
[OMPT][WIN100ms] ompt_id=3940649673949185 tid=85245  tipo=ompt_thread_worker     cpu=141 numa=0  d_rm=     312  d_instr=1472927762  d_cyc= 373340906  d_all= 9527081  IPC=3.945  ratio_rm=0.0000
[OMPT][WIN100ms] ompt_id=4222124650659841 tid=85246  tipo=ompt_thread_worker     cpu=239 numa=1  d_rm=       3  d_instr=1471708821  d_cyc= 373003126  d_all= 9502585  IPC=3.946  ratio_rm=0.0000
[OMPT][WIN100ms] ompt_id=4503599627370497 tid=85247  tipo=ompt_thread_worker     cpu=231 numa=1  d_rm=       0  d_instr=1471938046  d_cyc= 373082990  d_all= 9519550  IPC=3.945  ratio_rm=0.0000
[OMPT] implicit_task_end: parallel_id=0 thread_num=0
[OMPT] parallel_end: parallel_id=281474976710743
[OMPT] parallel_begin: parallel_id=281474976710745 team_size=16
[OMPT] implicit_task_end: parallel_id=0 thread_num=4
[OMPT] implicit_task_end: parallel_id=0 thread_num=7
[OMPT] implicit_task_begin: parallel_id=281474976710745 thread_num=4 team_size=16
[OMPT] implicit_task_end: parallel_id=0 thread_num=12
[OMPT] implicit_task_end: parallel_id=0 thread_num=15
[OMPT] implicit_task_begin: parallel_id=281474976710745 thread_num=12 team_size=16
[OMPT] implicit_task_begin: parallel_id=281474976710745 thread_num=0 team_size=16
[OMPT] implicit_task_begin: parallel_id=281474976710745 thread_num=15 team_size=16
[OMPT] implicit_task_end: parallel_id=0 thread_num=1
[OMPT] implicit_task_end: parallel_id=0 thread_num=5
[OMPT] implicit_task_begin: parallel_id=281474976710745 thread_num=1 team_size=16
[OMPT] implicit_task_begin: parallel_id=281474976710745 thread_num=5 team_size=16
[OMPT] implicit_task_end: parallel_id=0 thread_num=6
[OMPT] implicit_task_end: parallel_id=0 thread_num=8
[OMPT] implicit_task_end: parallel_id=0 thread_num=11
[OMPT] implicit_task_begin: parallel_id=281474976710745 thread_num=7 team_size=16
[OMPT] implicit_task_end: parallel_id=0 thread_num=14
[OMPT] implicit_task_end: parallel_id=0 thread_num=13
[OMPT] implicit_task_end: parallel_id=0 thread_num=3
[OMPT] implicit_task_begin: parallel_id=281474976710745 thread_num=6 team_size=16
[OMPT] implicit_task_begin: parallel_id=281474976710745 thread_num=3 team_size=16
[OMPT] implicit_task_end: parallel_id=0 thread_num=9
[OMPT] implicit_task_end: parallel_id=0 thread_num=10
[OMPT] implicit_task_begin: parallel_id=281474976710745 thread_num=8 team_size=16
[OMPT] implicit_task_begin: parallel_id=281474976710745 thread_num=10 team_size=16
[OMPT] implicit_task_begin: parallel_id=281474976710745 thread_num=11 team_size=16
[OMPT] implicit_task_end: parallel_id=0 thread_num=2
[OMPT] implicit_task_begin: parallel_id=281474976710745 thread_num=2 team_size=16
[OMPT] implicit_task_begin: parallel_id=281474976710745 thread_num=14 team_size=16
[OMPT] implicit_task_begin: parallel_id=281474976710745 thread_num=13 team_size=16
[OMPT] implicit_task_begin: parallel_id=281474976710745 thread_num=9 team_size=16
[OMPT][WIN100ms] ompt_id=281474976710657 tid=85231  tipo=ompt_thread_initial    cpu=  1 numa=0  d_rm=    9768  d_instr=1474323901  d_cyc= 374417903  d_all= 9548944  IPC=3.938  ratio_rm=0.0010
[OMPT][WIN100ms] ompt_id=562949953421313 tid=85233  tipo=ompt_thread_worker     cpu=120 numa=1  d_rm=      13  d_instr=1470978830  d_cyc= 373496284  d_all= 9512762  IPC=3.938  ratio_rm=0.0000
[OMPT][WIN100ms] ompt_id=844424930131969 tid=85234  tipo=ompt_thread_worker     cpu= 88 numa=1  d_rm=      31  d_instr=1466875119  d_cyc= 372484798  d_all= 9485000  IPC=3.938  ratio_rm=0.0000
[OMPT][WIN100ms] ompt_id=1125899906842625 tid=85235  tipo=ompt_thread_worker     cpu= 32 numa=0  d_rm=     357  d_instr=1478079526  d_cyc= 373563671  d_all= 9564408  IPC=3.957  ratio_rm=0.0000
[OMPT][WIN100ms] ompt_id=1407374883553281 tid=85236  tipo=ompt_thread_worker     cpu=104 numa=1  d_rm=      24  d_instr=1478164690  d_cyc= 374221190  d_all= 9561155  IPC=3.950  ratio_rm=0.0000
[OMPT][WIN100ms] ompt_id=1688849860263937 tid=85237  tipo=ompt_thread_worker     cpu= 98 numa=1  d_rm=       4  d_instr=1479848024  d_cyc= 373953621  d_all= 9558419  IPC=3.957  ratio_rm=0.0000
[OMPT][WIN100ms] ompt_id=1970324836974593 tid=85238  tipo=ompt_thread_worker     cpu= 81 numa=1  d_rm=       4  d_instr=1471247799  d_cyc= 373143098  d_all= 9506648  IPC=3.943  ratio_rm=0.0000
[OMPT][WIN100ms] ompt_id=2251799813685249 tid=85239  tipo=ompt_thread_worker     cpu=247 numa=1  d_rm=       8  d_instr=1477341445  d_cyc= 373753893  d_all= 9546330  IPC=3.953  ratio_rm=0.0000
[OMPT][WIN100ms] ompt_id=2533274790395905 tid=85240  tipo=ompt_thread_worker     cpu=168 numa=0  d_rm=    6512  d_instr=1476516606  d_cyc= 373238886  d_all= 9544464  IPC=3.956  ratio_rm=0.0007
[OMPT][WIN100ms] ompt_id=2814749767106561 tid=85243  tipo=ompt_thread_worker     cpu=  0 numa=0  d_rm=    6680  d_instr=1470469265  d_cyc= 373723727  d_all= 9505073  IPC=3.935  ratio_rm=0.0007
[OMPT][WIN100ms] ompt_id=3096224743817217 tid=85242  tipo=ompt_thread_worker     cpu= 64 numa=1  d_rm=       5  d_instr=1475282505  d_cyc= 373627863  d_all= 9530389  IPC=3.949  ratio_rm=0.0000
[OMPT][WIN100ms] ompt_id=3377699720527873 tid=85241  tipo=ompt_thread_worker     cpu=207 numa=1  d_rm=       8  d_instr=1472002698  d_cyc= 373545057  d_all= 9500893  IPC=3.941  ratio_rm=0.0000
[OMPT][WIN100ms] ompt_id=3659174697238529 tid=85244  tipo=ompt_thread_worker     cpu=223 numa=1  d_rm=      66  d_instr=1478341146  d_cyc= 374172171  d_all= 9551936  IPC=3.951  ratio_rm=0.0000
[OMPT][WIN100ms] ompt_id=3940649673949185 tid=85245  tipo=ompt_thread_worker     cpu=141 numa=0  d_rm=     315  d_instr=1465153099  d_cyc= 373369760  d_all= 9470972  IPC=3.924  ratio_rm=0.0000
[OMPT][WIN100ms] ompt_id=4222124650659841 tid=85246  tipo=ompt_thread_worker     cpu=239 numa=1  d_rm=       3  d_instr=1469062603  d_cyc= 372814718  d_all= 9486587  IPC=3.940  ratio_rm=0.0000
[OMPT][WIN100ms] ompt_id=4503599627370497 tid=85247  tipo=ompt_thread_worker     cpu=231 numa=1  d_rm=       2  d_instr=1475434576  d_cyc= 374133394  d_all= 9535932  IPC=3.944  ratio_rm=0.0000
[OMPT] implicit_task_end: parallel_id=0 thread_num=0
[OMPT] parallel_end: parallel_id=281474976710745
[OMPT] parallel_begin: parallel_id=281474976710747 team_size=16
[OMPT] implicit_task_end: parallel_id=0 thread_num=4
[OMPT] implicit_task_end: parallel_id=0 thread_num=7
[OMPT] implicit_task_end: parallel_id=0 thread_num=2
[OMPT] implicit_task_begin: parallel_id=281474976710747 thread_num=7 team_size=16
[OMPT] implicit_task_end: parallel_id=0 thread_num=1
[OMPT] implicit_task_begin: parallel_id=281474976710747 thread_num=0 team_size=16
[OMPT] implicit_task_begin: parallel_id=281474976710747 thread_num=1 team_size=16
[OMPT] implicit_task_end: parallel_id=0 thread_num=8
[OMPT] implicit_task_end: parallel_id=0 thread_num=9
[OMPT] implicit_task_end: parallel_id=0 thread_num=3
[OMPT] implicit_task_end: parallel_id=0 thread_num=5
[OMPT] implicit_task_end: parallel_id=0 thread_num=6
[OMPT] implicit_task_begin: parallel_id=281474976710747 thread_num=5 team_size=16
[OMPT] implicit_task_begin: parallel_id=281474976710747 thread_num=2 team_size=16
[OMPT] implicit_task_begin: parallel_id=281474976710747 thread_num=6 team_size=16
[OMPT] implicit_task_end: parallel_id=0 thread_num=11
[OMPT] implicit_task_begin: parallel_id=281474976710747 thread_num=11 team_size=16
[OMPT] implicit_task_end: parallel_id=0 thread_num=10
[OMPT] implicit_task_begin: parallel_id=281474976710747 thread_num=8 team_size=16
[OMPT] implicit_task_begin: parallel_id=281474976710747 thread_num=10 team_size=16
[OMPT] implicit_task_begin: parallel_id=281474976710747 thread_num=9 team_size=16
[OMPT] implicit_task_begin: parallel_id=281474976710747 thread_num=3 team_size=16
[OMPT] implicit_task_begin: parallel_id=281474976710747 thread_num=4 team_size=16
[OMPT] implicit_task_end: parallel_id=0 thread_num=12
[OMPT] implicit_task_end: parallel_id=0 thread_num=14
[OMPT] implicit_task_begin: parallel_id=281474976710747 thread_num=12 team_size=16
[OMPT] implicit_task_begin: parallel_id=281474976710747 thread_num=14 team_size=16
[OMPT] implicit_task_end: parallel_id=0 thread_num=13
[OMPT] implicit_task_end: parallel_id=0 thread_num=15
[OMPT] implicit_task_begin: parallel_id=281474976710747 thread_num=15 team_size=16
[OMPT] implicit_task_begin: parallel_id=281474976710747 thread_num=13 team_size=16
[OMPT][WIN100ms] ompt_id=281474976710657 tid=85231  tipo=ompt_thread_initial    cpu=  1 numa=0  d_rm=    9750  d_instr=1470438561  d_cyc= 374252331  d_all= 9518928  IPC=3.929  ratio_rm=0.0010
[OMPT][WIN100ms] ompt_id=562949953421313 tid=85233  tipo=ompt_thread_worker     cpu=120 numa=1  d_rm=       8  d_instr=1478762067  d_cyc= 373671251  d_all= 9551243  IPC=3.957  ratio_rm=0.0000
[OMPT][WIN100ms] ompt_id=844424930131969 tid=85234  tipo=ompt_thread_worker     cpu= 88 numa=1  d_rm=      28  d_instr=1476924548  d_cyc= 373545700  d_all= 9541885  IPC=3.954  ratio_rm=0.0000
[OMPT][WIN100ms] ompt_id=1125899906842625 tid=85235  tipo=ompt_thread_worker     cpu= 32 numa=0  d_rm=     339  d_instr=1475491891  d_cyc= 373461246  d_all= 9524043  IPC=3.951  ratio_rm=0.0000
[OMPT][WIN100ms] ompt_id=1407374883553281 tid=85236  tipo=ompt_thread_worker     cpu=104 numa=1  d_rm=      26  d_instr=1463385234  d_cyc= 372660294  d_all= 9444804  IPC=3.927  ratio_rm=0.0000
[OMPT][WIN100ms] ompt_id=1688849860263937 tid=85237  tipo=ompt_thread_worker     cpu= 98 numa=1  d_rm=       5  d_instr=1476267444  d_cyc= 373540963  d_all= 9525125  IPC=3.952  ratio_rm=0.0000
[OMPT][WIN100ms] ompt_id=1970324836974593 tid=85238  tipo=ompt_thread_worker     cpu= 81 numa=1  d_rm=       6  d_instr=1480081102  d_cyc= 373172755  d_all= 9555997  IPC=3.966  ratio_rm=0.0000
[OMPT][WIN100ms] ompt_id=2251799813685249 tid=85239  tipo=ompt_thread_worker     cpu=247 numa=1  d_rm=      10  d_instr=1475510423  d_cyc= 374055359  d_all= 9527905  IPC=3.945  ratio_rm=0.0000
[OMPT][WIN100ms] ompt_id=2533274790395905 tid=85240  tipo=ompt_thread_worker     cpu=168 numa=0  d_rm=    6055  d_instr=1468486786  d_cyc= 373241366  d_all= 9484488  IPC=3.934  ratio_rm=0.0006
[OMPT][WIN100ms] ompt_id=2814749767106561 tid=85243  tipo=ompt_thread_worker     cpu=  0 numa=0  d_rm=    6969  d_instr=1476230499  d_cyc= 373456215  d_all= 9540867  IPC=3.953  ratio_rm=0.0007
[OMPT][WIN100ms] ompt_id=3096224743817217 tid=85242  tipo=ompt_thread_worker     cpu= 64 numa=1  d_rm=       7  d_instr=1472377277  d_cyc= 373418983  d_all= 9513213  IPC=3.943  ratio_rm=0.0000
[OMPT][WIN100ms] ompt_id=3377699720527873 tid=85241  tipo=ompt_thread_worker     cpu=207 numa=1  d_rm=       7  d_instr=1472891247  d_cyc= 373604566  d_all= 9514044  IPC=3.942  ratio_rm=0.0000
[OMPT][WIN100ms] ompt_id=3659174697238529 tid=85244  tipo=ompt_thread_worker     cpu=223 numa=1  d_rm=      58  d_instr=1462738058  d_cyc= 372529589  d_all= 9442525  IPC=3.927  ratio_rm=0.0000
[OMPT][WIN100ms] ompt_id=3940649673949185 tid=85245  tipo=ompt_thread_worker     cpu=141 numa=0  d_rm=     302  d_instr=1477380936  d_cyc= 374223376  d_all= 9552745  IPC=3.948  ratio_rm=0.0000
[OMPT][WIN100ms] ompt_id=4222124650659841 tid=85246  tipo=ompt_thread_worker     cpu=239 numa=1  d_rm=       1  d_instr=1472536067  d_cyc= 373707394  d_all= 9507685  IPC=3.940  ratio_rm=0.0000
[OMPT][WIN100ms] ompt_id=4503599627370497 tid=85247  tipo=ompt_thread_worker     cpu=231 numa=1  d_rm=       1  d_instr=1472446152  d_cyc= 373455961  d_all= 9507701  IPC=3.943  ratio_rm=0.0000
[OMPT] implicit_task_end: parallel_id=0 thread_num=0
[OMPT] parallel_end: parallel_id=281474976710747
[OMPT] parallel_begin: parallel_id=281474976710749 team_size=16
[OMPT] implicit_task_end: parallel_id=0 thread_num=4
[OMPT] implicit_task_end: parallel_id=0 thread_num=7
[OMPT] implicit_task_begin: parallel_id=281474976710749 thread_num=4 team_size=16
[OMPT] implicit_task_end: parallel_id=0 thread_num=12
[OMPT] implicit_task_end: parallel_id=0 thread_num=14
[OMPT] implicit_task_begin: parallel_id=281474976710749 thread_num=7 team_size=16
[OMPT] implicit_task_end: parallel_id=0 thread_num=2
[OMPT] implicit_task_begin: parallel_id=281474976710749 thread_num=12 team_size=16
[OMPT] implicit_task_begin: parallel_id=281474976710749 thread_num=2 team_size=16
[OMPT] implicit_task_end: parallel_id=0 thread_num=6
[OMPT] implicit_task_begin: parallel_id=281474976710749 thread_num=0 team_size=16
[OMPT] implicit_task_begin: parallel_id=281474976710749 thread_num=6 team_size=16
[OMPT] implicit_task_end: parallel_id=0 thread_num=15
[OMPT] implicit_task_end: parallel_id=0 thread_num=13
[OMPT] implicit_task_end: parallel_id=0 thread_num=8
[OMPT] implicit_task_end: parallel_id=0 thread_num=9
[OMPT] implicit_task_begin: parallel_id=281474976710749 thread_num=8 team_size=16
[OMPT] implicit_task_end: parallel_id=0 thread_num=1
[OMPT] implicit_task_begin: parallel_id=281474976710749 thread_num=14 team_size=16
[OMPT] implicit_task_begin: parallel_id=281474976710749 thread_num=1 team_size=16
[OMPT] implicit_task_begin: parallel_id=281474976710749 thread_num=15 team_size=16
[OMPT] implicit_task_begin: parallel_id=281474976710749 thread_num=13 team_size=16
[OMPT] implicit_task_end: parallel_id=0 thread_num=10
[OMPT] implicit_task_end: parallel_id=0 thread_num=3
[OMPT] implicit_task_begin: parallel_id=281474976710749 thread_num=9 team_size=16
[OMPT] implicit_task_end: parallel_id=0 thread_num=5
[OMPT] implicit_task_begin: parallel_id=281474976710749 thread_num=5 team_size=16
[OMPT] implicit_task_begin: parallel_id=281474976710749 thread_num=10 team_size=16
[OMPT] implicit_task_begin: parallel_id=281474976710749 thread_num=3 team_size=16
[OMPT] implicit_task_end: parallel_id=0 thread_num=11
[OMPT] implicit_task_begin: parallel_id=281474976710749 thread_num=11 team_size=16
[OMPT][WIN100ms] ompt_id=281474976710657 tid=85231  tipo=ompt_thread_initial    cpu=  1 numa=0  d_rm=    9516  d_instr=1470002673  d_cyc= 373996875  d_all= 9506520  IPC=3.931  ratio_rm=0.0010
[OMPT][WIN100ms] ompt_id=562949953421313 tid=85233  tipo=ompt_thread_worker     cpu=169 numa=0  d_rm=    5738  d_instr=1453993777  d_cyc= 373132523  d_all= 9385479  IPC=3.897  ratio_rm=0.0006
[OMPT][WIN100ms] ompt_id=844424930131969 tid=85234  tipo=ompt_thread_worker     cpu= 88 numa=1  d_rm=      30  d_instr=1476735157  d_cyc= 373744151  d_all= 9541595  IPC=3.951  ratio_rm=0.0000
[OMPT][WIN100ms] ompt_id=1125899906842625 tid=85235  tipo=ompt_thread_worker     cpu= 32 numa=0  d_rm=     331  d_instr=1458491614  d_cyc= 373065146  d_all= 9420396  IPC=3.909  ratio_rm=0.0000
[OMPT][WIN100ms] ompt_id=1407374883553281 tid=85236  tipo=ompt_thread_worker     cpu=104 numa=1  d_rm=      29  d_instr=1479801505  d_cyc= 374323269  d_all= 9564496  IPC=3.953  ratio_rm=0.0000
[OMPT][WIN100ms] ompt_id=1688849860263937 tid=85237  tipo=ompt_thread_worker     cpu= 98 numa=1  d_rm=       6  d_instr=1462824931  d_cyc= 372967794  d_all= 9441584  IPC=3.922  ratio_rm=0.0000
[OMPT][WIN100ms] ompt_id=1970324836974593 tid=85238  tipo=ompt_thread_worker     cpu= 81 numa=1  d_rm=       7  d_instr=1472045409  d_cyc= 373530596  d_all= 9500245  IPC=3.941  ratio_rm=0.0000
[OMPT][WIN100ms] ompt_id=2251799813685249 tid=85239  tipo=ompt_thread_worker     cpu=247 numa=1  d_rm=       3  d_instr=1473677375  d_cyc= 374130758  d_all= 9510575  IPC=3.939  ratio_rm=0.0000
[OMPT][WIN100ms] ompt_id=2533274790395905 tid=85240  tipo=ompt_thread_worker     cpu=168 numa=0  d_rm=    6297  d_instr=1468051719  d_cyc= 373506104  d_all= 9485185  IPC=3.930  ratio_rm=0.0007
[OMPT][WIN100ms] ompt_id=2814749767106561 tid=85243  tipo=ompt_thread_worker     cpu= 48 numa=0  d_rm=    7364  d_instr=1472052295  d_cyc= 373715188  d_all= 9512443  IPC=3.939  ratio_rm=0.0008
[OMPT][WIN100ms] ompt_id=3096224743817217 tid=85242  tipo=ompt_thread_worker     cpu= 64 numa=1  d_rm=       8  d_instr=1471547601  d_cyc= 373856115  d_all= 9505733  IPC=3.936  ratio_rm=0.0000
[OMPT][WIN100ms] ompt_id=3377699720527873 tid=85241  tipo=ompt_thread_worker     cpu=207 numa=1  d_rm=       6  d_instr=1475074653  d_cyc= 373984605  d_all= 9522806  IPC=3.944  ratio_rm=0.0000
[OMPT][WIN100ms] ompt_id=3659174697238529 tid=85244  tipo=ompt_thread_worker     cpu=223 numa=1  d_rm=      68  d_instr=1478047669  d_cyc= 373935575  d_all= 9555024  IPC=3.953  ratio_rm=0.0000
[OMPT][WIN100ms] ompt_id=3940649673949185 tid=85245  tipo=ompt_thread_worker     cpu=141 numa=0  d_rm=     302  d_instr=1473589261  d_cyc= 373883498  d_all= 9529704  IPC=3.941  ratio_rm=0.0000
[OMPT][WIN100ms] ompt_id=4222124650659841 tid=85246  tipo=ompt_thread_worker     cpu=239 numa=1  d_rm=       1  d_instr=1471033066  d_cyc= 373676600  d_all= 9514218  IPC=3.937  ratio_rm=0.0000
[OMPT][WIN100ms] ompt_id=4503599627370497 tid=85247  tipo=ompt_thread_worker     cpu=231 numa=1  d_rm=       0  d_instr=1471195311  d_cyc= 373556111  d_all= 9504648  IPC=3.938  ratio_rm=0.0000
[OMPT] implicit_task_end: parallel_id=0 thread_num=0
[OMPT] parallel_end: parallel_id=281474976710749
[OMPT] parallel_begin: parallel_id=281474976710751 team_size=16
[OMPT] implicit_task_end: parallel_id=0 thread_num=12
[OMPT] implicit_task_end: parallel_id=0 thread_num=15
[OMPT] implicit_task_begin: parallel_id=281474976710751 thread_num=12 team_size=16
[OMPT] implicit_task_end: parallel_id=0 thread_num=4
[OMPT] implicit_task_end: parallel_id=0 thread_num=7
[OMPT] implicit_task_begin: parallel_id=281474976710751 thread_num=4 team_size=16
[OMPT] implicit_task_end: parallel_id=0 thread_num=1
[OMPT] implicit_task_begin: parallel_id=281474976710751 thread_num=7 team_size=16
[OMPT] implicit_task_end: parallel_id=0 thread_num=8
[OMPT] implicit_task_end: parallel_id=0 thread_num=10
[OMPT] implicit_task_end: parallel_id=0 thread_num=13
[OMPT] implicit_task_end: parallel_id=0 thread_num=3
[OMPT] implicit_task_end: parallel_id=0 thread_num=2
[OMPT] implicit_task_begin: parallel_id=281474976710751 thread_num=15 team_size=16
[OMPT] implicit_task_begin: parallel_id=281474976710751 thread_num=2 team_size=16
[OMPT] implicit_task_end: parallel_id=0 thread_num=6
[OMPT] implicit_task_begin: parallel_id=281474976710751 thread_num=0 team_size=16
[OMPT] implicit_task_begin: parallel_id=281474976710751 thread_num=6 team_size=16
[OMPT] implicit_task_begin: parallel_id=281474976710751 thread_num=1 team_size=16
[OMPT] implicit_task_end: parallel_id=0 thread_num=9
[OMPT] implicit_task_end: parallel_id=0 thread_num=11
[OMPT] implicit_task_end: parallel_id=0 thread_num=14
[OMPT] implicit_task_begin: parallel_id=281474976710751 thread_num=11 team_size=16
[OMPT] implicit_task_begin: parallel_id=281474976710751 thread_num=14 team_size=16
[OMPT] implicit_task_begin: parallel_id=281474976710751 thread_num=10 team_size=16
[OMPT] implicit_task_begin: parallel_id=281474976710751 thread_num=13 team_size=16
[OMPT] implicit_task_begin: parallel_id=281474976710751 thread_num=3 team_size=16
[OMPT] implicit_task_end: parallel_id=0 thread_num=5
[OMPT] implicit_task_begin: parallel_id=281474976710751 thread_num=5 team_size=16
[OMPT] implicit_task_begin: parallel_id=281474976710751 thread_num=8 team_size=16
[OMPT] implicit_task_begin: parallel_id=281474976710751 thread_num=9 team_size=16
[OMPT][WIN100ms] ompt_id=281474976710657 tid=85231  tipo=ompt_thread_initial    cpu=  1 numa=0  d_rm=    9021  d_instr=1465688810  d_cyc= 373531290  d_all= 9472108  IPC=3.924  ratio_rm=0.0010
[OMPT][WIN100ms] ompt_id=562949953421313 tid=85233  tipo=ompt_thread_worker     cpu=169 numa=0  d_rm=    6994  d_instr=1480276774  d_cyc= 373787453  d_all= 9572261  IPC=3.960  ratio_rm=0.0007
[OMPT][WIN100ms] ompt_id=844424930131969 tid=85234  tipo=ompt_thread_worker     cpu=120 numa=1  d_rm=      23  d_instr=1462540573  d_cyc= 373010034  d_all= 9438488  IPC=3.921  ratio_rm=0.0000
[OMPT][WIN100ms] ompt_id=1125899906842625 tid=85235  tipo=ompt_thread_worker     cpu= 32 numa=0  d_rm=     406  d_instr=1474742743  d_cyc= 373175009  d_all= 9537676  IPC=3.952  ratio_rm=0.0000
[OMPT][WIN100ms] ompt_id=1407374883553281 tid=85236  tipo=ompt_thread_worker     cpu=104 numa=1  d_rm=      26  d_instr=1472762513  d_cyc= 373752249  d_all= 9505012  IPC=3.940  ratio_rm=0.0000
[OMPT][WIN100ms] ompt_id=1688849860263937 tid=85237  tipo=ompt_thread_worker     cpu= 98 numa=1  d_rm=       8  d_instr=1467546716  d_cyc= 372792804  d_all= 9479213  IPC=3.937  ratio_rm=0.0000
[OMPT][WIN100ms] ompt_id=1970324836974593 tid=85238  tipo=ompt_thread_worker     cpu= 81 numa=1  d_rm=      12  d_instr=1461753790  d_cyc= 372709339  d_all= 9432733  IPC=3.922  ratio_rm=0.0000
[OMPT][WIN100ms] ompt_id=2251799813685249 tid=85239  tipo=ompt_thread_worker     cpu=247 numa=1  d_rm=      17  d_instr=1474116794  d_cyc= 374226181  d_all= 9510918  IPC=3.939  ratio_rm=0.0000
[OMPT][WIN100ms] ompt_id=2533274790395905 tid=85240  tipo=ompt_thread_worker     cpu= 16 numa=0  d_rm=    7783  d_instr=1471205946  d_cyc= 372689561  d_all= 9507692  IPC=3.948  ratio_rm=0.0008
[OMPT][WIN100ms] ompt_id=2814749767106561 tid=85243  tipo=ompt_thread_worker     cpu= 48 numa=0  d_rm=    6794  d_instr=1467041802  d_cyc= 373704680  d_all= 9482293  IPC=3.926  ratio_rm=0.0007
[OMPT][WIN100ms] ompt_id=3096224743817217 tid=85242  tipo=ompt_thread_worker     cpu= 64 numa=1  d_rm=      10  d_instr=1471938800  d_cyc= 373226003  d_all= 9509802  IPC=3.944  ratio_rm=0.0000
[OMPT][WIN100ms] ompt_id=3377699720527873 tid=85241  tipo=ompt_thread_worker     cpu=207 numa=1  d_rm=      20  d_instr=1469456820  d_cyc= 372960882  d_all= 9478678  IPC=3.940  ratio_rm=0.0000
[OMPT][WIN100ms] ompt_id=3659174697238529 tid=85244  tipo=ompt_thread_worker     cpu=223 numa=1  d_rm=      84  d_instr=1473515683  d_cyc= 373736352  d_all= 9515086  IPC=3.943  ratio_rm=0.0000
[OMPT][WIN100ms] ompt_id=3940649673949185 tid=85245  tipo=ompt_thread_worker     cpu=141 numa=0  d_rm=     316  d_instr=1470900068  d_cyc= 373204855  d_all= 9514224  IPC=3.941  ratio_rm=0.0000
[OMPT][WIN100ms] ompt_id=4222124650659841 tid=85246  tipo=ompt_thread_worker     cpu=239 numa=1  d_rm=      21  d_instr=1474835023  d_cyc= 372893074  d_all= 9542872  IPC=3.955  ratio_rm=0.0000
[OMPT][WIN100ms] ompt_id=4503599627370497 tid=85247  tipo=ompt_thread_worker     cpu=231 numa=1  d_rm=      14  d_instr=1477410431  d_cyc= 373675497  d_all= 9568072  IPC=3.954  ratio_rm=0.0000
[OMPT] implicit_task_end: parallel_id=0 thread_num=0
[OMPT] parallel_end: parallel_id=281474976710751
[OMPT] parallel_begin: parallel_id=281474976710753 team_size=16
[OMPT] implicit_task_end: parallel_id=0 thread_num=12
[OMPT] implicit_task_end: parallel_id=0 thread_num=14
[OMPT] implicit_task_begin: parallel_id=281474976710753 thread_num=12 team_size=16
[OMPT] implicit_task_end: parallel_id=0 thread_num=4
[OMPT] implicit_task_begin: parallel_id=281474976710753 thread_num=14 team_size=16
[OMPT] implicit_task_end: parallel_id=0 thread_num=5
[OMPT] implicit_task_end: parallel_id=0 thread_num=2
[OMPT] implicit_task_begin: parallel_id=281474976710753 thread_num=0 team_size=16
[OMPT] implicit_task_begin: parallel_id=281474976710753 thread_num=5 team_size=16
[OMPT] implicit_task_end: parallel_id=0 thread_num=3
[OMPT] implicit_task_begin: parallel_id=281474976710753 thread_num=2 team_size=16
[OMPT] implicit_task_end: parallel_id=0 thread_num=15
[OMPT] implicit_task_begin: parallel_id=281474976710753 thread_num=15 team_size=16
[OMPT] implicit_task_end: parallel_id=0 thread_num=13
[OMPT] implicit_task_end: parallel_id=0 thread_num=8
[OMPT] implicit_task_end: parallel_id=0 thread_num=9
[OMPT] implicit_task_end: parallel_id=0 thread_num=11
[OMPT] implicit_task_end: parallel_id=0 thread_num=6
[OMPT] implicit_task_begin: parallel_id=281474976710753 thread_num=11 team_size=16
[OMPT] implicit_task_end: parallel_id=0 thread_num=1
[OMPT] implicit_task_begin: parallel_id=281474976710753 thread_num=6 team_size=16
[OMPT] implicit_task_begin: parallel_id=281474976710753 thread_num=3 team_size=16
[OMPT] implicit_task_begin: parallel_id=281474976710753 thread_num=13 team_size=16
[OMPT] implicit_task_end: parallel_id=0 thread_num=10
[OMPT] implicit_task_begin: parallel_id=281474976710753 thread_num=8 team_size=16
[OMPT] implicit_task_begin: parallel_id=281474976710753 thread_num=10 team_size=16
[OMPT] implicit_task_begin: parallel_id=281474976710753 thread_num=9 team_size=16
[OMPT] implicit_task_begin: parallel_id=281474976710753 thread_num=4 team_size=16
[OMPT] implicit_task_begin: parallel_id=281474976710753 thread_num=1 team_size=16
[OMPT] implicit_task_end: parallel_id=0 thread_num=7
[OMPT] implicit_task_begin: parallel_id=281474976710753 thread_num=7 team_size=16
[OMPT] implicit_task_end: parallel_id=0 thread_num=0
[OMPT] parallel_end: parallel_id=281474976710753
[OMPT] parallel_begin: parallel_id=281474976710755 team_size=16
[OMPT] implicit_task_end: parallel_id=0 thread_num=12
[OMPT] implicit_task_end: parallel_id=0 thread_num=14
[OMPT] implicit_task_begin: parallel_id=281474976710755 thread_num=12 team_size=16
[OMPT] implicit_task_end: parallel_id=0 thread_num=4
[OMPT] implicit_task_end: parallel_id=0 thread_num=5
[OMPT] implicit_task_end: parallel_id=0 thread_num=2
[OMPT] implicit_task_end: parallel_id=0 thread_num=1
[OMPT] implicit_task_begin: parallel_id=281474976710755 thread_num=2 team_size=16
[OMPT] implicit_task_begin: parallel_id=281474976710755 thread_num=0 team_size=16
[OMPT] implicit_task_begin: parallel_id=281474976710755 thread_num=1 team_size=16
[OMPT] implicit_task_end: parallel_id=0 thread_num=13
[OMPT] implicit_task_begin: parallel_id=281474976710755 thread_num=13 team_size=16
[OMPT] implicit_task_end: parallel_id=0 thread_num=15
[OMPT] implicit_task_end: parallel_id=0 thread_num=8
[OMPT] implicit_task_end: parallel_id=0 thread_num=9
[OMPT] implicit_task_end: parallel_id=0 thread_num=7
[OMPT] implicit_task_begin: parallel_id=281474976710755 thread_num=9 team_size=16
[OMPT] implicit_task_begin: parallel_id=281474976710755 thread_num=4 team_size=16
[OMPT] implicit_task_end: parallel_id=0 thread_num=6
[OMPT] implicit_task_begin: parallel_id=281474976710755 thread_num=5 team_size=16
[OMPT] implicit_task_begin: parallel_id=281474976710755 thread_num=15 team_size=16
[OMPT] implicit_task_end: parallel_id=0 thread_num=11
[OMPT] implicit_task_end: parallel_id=0 thread_num=10
[OMPT] implicit_task_begin: parallel_id=281474976710755 thread_num=14 team_size=16
[OMPT] implicit_task_begin: parallel_id=281474976710755 thread_num=10 team_size=16
[OMPT] implicit_task_begin: parallel_id=281474976710755 thread_num=8 team_size=16
[OMPT] implicit_task_end: parallel_id=0 thread_num=3
[OMPT] implicit_task_begin: parallel_id=281474976710755 thread_num=7 team_size=16
[OMPT] implicit_task_begin: parallel_id=281474976710755 thread_num=3 team_size=16
[OMPT] implicit_task_begin: parallel_id=281474976710755 thread_num=6 team_size=16
[OMPT] implicit_task_begin: parallel_id=281474976710755 thread_num=11 team_size=16
[OMPT][WIN100ms] ompt_id=281474976710657 tid=85231  tipo=ompt_thread_initial    cpu=  1 numa=0  d_rm=   10865  d_instr=1470988684  d_cyc= 373958152  d_all= 9514011  IPC=3.934  ratio_rm=0.0011
[OMPT][WIN100ms] ompt_id=562949953421313 tid=85233  tipo=ompt_thread_worker     cpu=169 numa=0  d_rm=    7105  d_instr=1462790964  d_cyc= 372669431  d_all= 9437173  IPC=3.925  ratio_rm=0.0008
[OMPT][WIN100ms] ompt_id=844424930131969 tid=85234  tipo=ompt_thread_worker     cpu=120 numa=1  d_rm=      46  d_instr=1469383630  d_cyc= 373189050  d_all= 9478784  IPC=3.937  ratio_rm=0.0000
[OMPT][WIN100ms] ompt_id=1125899906842625 tid=85235  tipo=ompt_thread_worker     cpu= 32 numa=0  d_rm=     742  d_instr=1463599469  d_cyc= 371969476  d_all= 9446820  IPC=3.935  ratio_rm=0.0001
[OMPT][WIN100ms] ompt_id=1407374883553281 tid=85236  tipo=ompt_thread_worker     cpu=104 numa=1  d_rm=      50  d_instr=1458415703  d_cyc= 371413295  d_all= 9402284  IPC=3.927  ratio_rm=0.0000
[OMPT][WIN100ms] ompt_id=1688849860263937 tid=85237  tipo=ompt_thread_worker     cpu= 98 numa=1  d_rm=       4  d_instr=1466582754  d_cyc= 373440792  d_all= 9463529  IPC=3.927  ratio_rm=0.0000
[OMPT][WIN100ms] ompt_id=1970324836974593 tid=85238  tipo=ompt_thread_worker     cpu= 81 numa=1  d_rm=       8  d_instr=1465787686  d_cyc= 372040087  d_all= 9459402  IPC=3.940  ratio_rm=0.0000
[OMPT][WIN100ms] ompt_id=2251799813685249 tid=85239  tipo=ompt_thread_worker     cpu=247 numa=1  d_rm=      12  d_instr=1454108803  d_cyc= 371088511  d_all= 9372224  IPC=3.918  ratio_rm=0.0000
[OMPT][WIN100ms] ompt_id=2533274790395905 tid=85240  tipo=ompt_thread_worker     cpu= 16 numa=0  d_rm=    7145  d_instr=1462196762  d_cyc= 371647268  d_all= 9438968  IPC=3.934  ratio_rm=0.0008
[OMPT][WIN100ms] ompt_id=2814749767106561 tid=85243  tipo=ompt_thread_worker     cpu= 48 numa=0  d_rm=    6894  d_instr=1463210805  d_cyc= 373330891  d_all= 9466093  IPC=3.919  ratio_rm=0.0007
[OMPT][WIN100ms] ompt_id=3096224743817217 tid=85242  tipo=ompt_thread_worker     cpu= 64 numa=1  d_rm=      10  d_instr=1461097778  d_cyc= 373098723  d_all= 9435482  IPC=3.916  ratio_rm=0.0000
[OMPT][WIN100ms] ompt_id=3377699720527873 tid=85241  tipo=ompt_thread_worker     cpu=207 numa=1  d_rm=       8  d_instr=1464502913  d_cyc= 373310594  d_all= 9433741  IPC=3.923  ratio_rm=0.0000
[OMPT][WIN100ms] ompt_id=3659174697238529 tid=85244  tipo=ompt_thread_worker     cpu=223 numa=1  d_rm=     124  d_instr=1462389618  d_cyc= 373452566  d_all= 9449184  IPC=3.916  ratio_rm=0.0000
[OMPT][WIN100ms] ompt_id=3940649673949185 tid=85245  tipo=ompt_thread_worker     cpu=141 numa=0  d_rm=     624  d_instr=1464908243  d_cyc= 372873174  d_all= 9469668  IPC=3.929  ratio_rm=0.0001
[OMPT][WIN100ms] ompt_id=4222124650659841 tid=85246  tipo=ompt_thread_worker     cpu=239 numa=1  d_rm=       9  d_instr=1459796355  d_cyc= 372390862  d_all= 9421253  IPC=3.920  ratio_rm=0.0000
[OMPT][WIN100ms] ompt_id=4503599627370497 tid=85247  tipo=ompt_thread_worker     cpu=231 numa=1  d_rm=       9  d_instr=1458397080  d_cyc= 372313302  d_all= 9420119  IPC=3.917  ratio_rm=0.0000
[OMPT] implicit_task_end: parallel_id=0 thread_num=0
[OMPT] parallel_end: parallel_id=281474976710755
[OMPT] parallel_begin: parallel_id=281474976710757 team_size=16
[OMPT] implicit_task_end: parallel_id=0 thread_num=12
[OMPT] implicit_task_end: parallel_id=0 thread_num=14
[OMPT] implicit_task_begin: parallel_id=281474976710757 thread_num=12 team_size=16
[OMPT] implicit_task_end: parallel_id=0 thread_num=4
[OMPT] implicit_task_end: parallel_id=0 thread_num=5
[OMPT] implicit_task_end: parallel_id=0 thread_num=3
[OMPT] implicit_task_begin: parallel_id=281474976710757 thread_num=3 team_size=16
[OMPT] implicit_task_end: parallel_id=0 thread_num=2
[OMPT] implicit_task_end: parallel_id=0 thread_num=1
[OMPT] implicit_task_begin: parallel_id=281474976710757 thread_num=2 team_size=16
[OMPT] implicit_task_begin: parallel_id=281474976710757 thread_num=1 team_size=16
[OMPT] implicit_task_end: parallel_id=0 thread_num=13
[OMPT] implicit_task_begin: parallel_id=281474976710757 thread_num=13 team_size=16
[OMPT] implicit_task_end: parallel_id=0 thread_num=15
[OMPT] implicit_task_end: parallel_id=0 thread_num=8
[OMPT] implicit_task_end: parallel_id=0 thread_num=11
[OMPT] implicit_task_end: parallel_id=0 thread_num=6
[OMPT] implicit_task_end: parallel_id=0 thread_num=7
[OMPT] implicit_task_begin: parallel_id=281474976710757 thread_num=4 team_size=16
[OMPT] implicit_task_begin: parallel_id=281474976710757 thread_num=0 team_size=16
[OMPT] implicit_task_begin: parallel_id=281474976710757 thread_num=7 team_size=16
[OMPT] implicit_task_begin: parallel_id=281474976710757 thread_num=5 team_size=16
[OMPT] implicit_task_begin: parallel_id=281474976710757 thread_num=15 team_size=16
[OMPT] implicit_task_end: parallel_id=0 thread_num=9
[OMPT] implicit_task_end: parallel_id=0 thread_num=10
[OMPT] implicit_task_begin: parallel_id=281474976710757 thread_num=8 team_size=16
[OMPT] implicit_task_begin: parallel_id=281474976710757 thread_num=10 team_size=16
[OMPT] implicit_task_begin: parallel_id=281474976710757 thread_num=14 team_size=16
[OMPT] implicit_task_begin: parallel_id=281474976710757 thread_num=11 team_size=16
[OMPT] implicit_task_begin: parallel_id=281474976710757 thread_num=6 team_size=16
[OMPT] implicit_task_begin: parallel_id=281474976710757 thread_num=9 team_size=16
[OMPT][WIN100ms] ompt_id=281474976710657 tid=85231  tipo=ompt_thread_initial    cpu=  1 numa=0  d_rm=    8203  d_instr=1468306592  d_cyc= 373535184  d_all= 9496754  IPC=3.931  ratio_rm=0.0009
[OMPT][WIN100ms] ompt_id=562949953421313 tid=85233  tipo=ompt_thread_worker     cpu=169 numa=0  d_rm=    6765  d_instr=1479189960  d_cyc= 373997322  d_all= 9554044  IPC=3.955  ratio_rm=0.0007
[OMPT][WIN100ms] ompt_id=844424930131969 tid=85234  tipo=ompt_thread_worker     cpu=120 numa=1  d_rm=      25  d_instr=1476096470  d_cyc= 373762949  d_all= 9539752  IPC=3.949  ratio_rm=0.0000
[OMPT][WIN100ms] ompt_id=1125899906842625 tid=85235  tipo=ompt_thread_worker     cpu= 32 numa=0  d_rm=     349  d_instr=1480094771  d_cyc= 374433415  d_all= 9562501  IPC=3.953  ratio_rm=0.0000
[OMPT][WIN100ms] ompt_id=1407374883553281 tid=85236  tipo=ompt_thread_worker     cpu=104 numa=1  d_rm=      25  d_instr=1473755281  d_cyc= 373053988  d_all= 9522785  IPC=3.951  ratio_rm=0.0000
[OMPT][WIN100ms] ompt_id=1688849860263937 tid=85237  tipo=ompt_thread_worker     cpu= 98 numa=1  d_rm=       5  d_instr=1475461254  d_cyc= 373544669  d_all= 9531519  IPC=3.950  ratio_rm=0.0000
[OMPT][WIN100ms] ompt_id=1970324836974593 tid=85238  tipo=ompt_thread_worker     cpu= 81 numa=1  d_rm=       9  d_instr=1474968187  d_cyc= 372760656  d_all= 9529497  IPC=3.957  ratio_rm=0.0000
[OMPT][WIN100ms] ompt_id=2251799813685249 tid=85239  tipo=ompt_thread_worker     cpu=247 numa=1  d_rm=       5  d_instr=1478645236  d_cyc= 373506916  d_all= 9558519  IPC=3.959  ratio_rm=0.0000
[OMPT][WIN100ms] ompt_id=2533274790395905 tid=85240  tipo=ompt_thread_worker     cpu= 16 numa=0  d_rm=    6486  d_instr=1475964135  d_cyc= 373045645  d_all= 9550431  IPC=3.957  ratio_rm=0.0007
[OMPT][WIN100ms] ompt_id=2814749767106561 tid=85243  tipo=ompt_thread_worker     cpu= 48 numa=0  d_rm=    6666  d_instr=1475551981  d_cyc= 373969426  d_all= 9558934  IPC=3.946  ratio_rm=0.0007
[OMPT][WIN100ms] ompt_id=3096224743817217 tid=85242  tipo=ompt_thread_worker     cpu= 64 numa=1  d_rm=      11  d_instr=1475859607  d_cyc= 373534554  d_all= 9548509  IPC=3.951  ratio_rm=0.0000
[OMPT][WIN100ms] ompt_id=3377699720527873 tid=85241  tipo=ompt_thread_worker     cpu=207 numa=1  d_rm=       3  d_instr=1472024735  d_cyc= 373417702  d_all= 9526348  IPC=3.942  ratio_rm=0.0000
[OMPT][WIN100ms] ompt_id=3659174697238529 tid=85244  tipo=ompt_thread_worker     cpu=223 numa=1  d_rm=      58  d_instr=1475610292  d_cyc= 373802691  d_all= 9560243  IPC=3.948  ratio_rm=0.0000
[OMPT][WIN100ms] ompt_id=3940649673949185 tid=85245  tipo=ompt_thread_worker     cpu=141 numa=0  d_rm=     299  d_instr=1476932558  d_cyc= 374113596  d_all= 9561716  IPC=3.948  ratio_rm=0.0000
[OMPT][WIN100ms] ompt_id=4222124650659841 tid=85246  tipo=ompt_thread_worker     cpu=239 numa=1  d_rm=       0  d_instr=1472811868  d_cyc= 372704730  d_all= 9543669  IPC=3.952  ratio_rm=0.0000
[OMPT][WIN100ms] ompt_id=4503599627370497 tid=85247  tipo=ompt_thread_worker     cpu=231 numa=1  d_rm=       0  d_instr=1471163050  d_cyc= 373074036  d_all= 9533338  IPC=3.943  ratio_rm=0.0000
[OMPT] implicit_task_end: parallel_id=0 thread_num=0
[OMPT] parallel_end: parallel_id=281474976710757
[OMPT] parallel_begin: parallel_id=281474976710759 team_size=16
[OMPT] implicit_task_end: parallel_id=0 thread_num=12
[OMPT] implicit_task_end: parallel_id=0 thread_num=14
[OMPT] implicit_task_begin: parallel_id=281474976710759 thread_num=12 team_size=16
[OMPT] implicit_task_begin: parallel_id=281474976710759 thread_num=14 team_size=16
[OMPT] implicit_task_end: parallel_id=0 thread_num=4
[OMPT] implicit_task_end: parallel_id=0 thread_num=5
[OMPT] implicit_task_end: parallel_id=0 thread_num=2
[OMPT] implicit_task_begin: parallel_id=281474976710759 thread_num=5 team_size=16
[OMPT] implicit_task_end: parallel_id=0 thread_num=3
[OMPT] implicit_task_begin: parallel_id=281474976710759 thread_num=2 team_size=16
[OMPT] implicit_task_end: parallel_id=0 thread_num=1
[OMPT] implicit_task_begin: parallel_id=281474976710759 thread_num=1 team_size=16
[OMPT] implicit_task_end: parallel_id=0 thread_num=15
[OMPT] implicit_task_begin: parallel_id=281474976710759 thread_num=15 team_size=16
[OMPT] implicit_task_end: parallel_id=0 thread_num=13
[OMPT] implicit_task_end: parallel_id=0 thread_num=8
[OMPT] implicit_task_end: parallel_id=0 thread_num=9
[OMPT] implicit_task_end: parallel_id=0 thread_num=7
[OMPT] implicit_task_begin: parallel_id=281474976710759 thread_num=9 team_size=16
[OMPT] implicit_task_begin: parallel_id=281474976710759 thread_num=4 team_size=16
[OMPT] implicit_task_begin: parallel_id=281474976710759 thread_num=0 team_size=16
[OMPT] implicit_task_begin: parallel_id=281474976710759 thread_num=7 team_size=16
[OMPT] implicit_task_begin: parallel_id=281474976710759 thread_num=13 team_size=16
[OMPT] implicit_task_end: parallel_id=0 thread_num=11
[OMPT] implicit_task_end: parallel_id=0 thread_num=10
[OMPT] implicit_task_begin: parallel_id=281474976710759 thread_num=8 team_size=16
[OMPT] implicit_task_begin: parallel_id=281474976710759 thread_num=10 team_size=16
[OMPT] implicit_task_end: parallel_id=0 thread_num=6
[OMPT] implicit_task_begin: parallel_id=281474976710759 thread_num=3 team_size=16
[OMPT] implicit_task_begin: parallel_id=281474976710759 thread_num=6 team_size=16
[OMPT] implicit_task_begin: parallel_id=281474976710759 thread_num=11 team_size=16
[OMPT][WIN100ms] ompt_id=281474976710657 tid=85231  tipo=ompt_thread_initial    cpu=  1 numa=0  d_rm=    8478  d_instr=1469330631  d_cyc= 373897243  d_all= 9503081  IPC=3.930  ratio_rm=0.0009
[OMPT][WIN100ms] ompt_id=562949953421313 tid=85233  tipo=ompt_thread_worker     cpu=169 numa=0  d_rm=    6208  d_instr=1472643629  d_cyc= 373984875  d_all= 9503427  IPC=3.938  ratio_rm=0.0007
[OMPT][WIN100ms] ompt_id=844424930131969 tid=85234  tipo=ompt_thread_worker     cpu=120 numa=1  d_rm=      34  d_instr=1475149110  d_cyc= 373754295  d_all= 9518102  IPC=3.947  ratio_rm=0.0000
[OMPT][WIN100ms] ompt_id=1125899906842625 tid=85235  tipo=ompt_thread_worker     cpu= 32 numa=0  d_rm=     347  d_instr=1470447468  d_cyc= 373200041  d_all= 9497572  IPC=3.940  ratio_rm=0.0000
[OMPT][WIN100ms] ompt_id=1407374883553281 tid=85236  tipo=ompt_thread_worker     cpu=104 numa=1  d_rm=      23  d_instr=1475173717  d_cyc= 373109531  d_all= 9531914  IPC=3.954  ratio_rm=0.0000
[OMPT][WIN100ms] ompt_id=1688849860263937 tid=85237  tipo=ompt_thread_worker     cpu= 98 numa=1  d_rm=       4  d_instr=1475235125  d_cyc= 374593313  d_all= 9549862  IPC=3.938  ratio_rm=0.0000
[OMPT][WIN100ms] ompt_id=1970324836974593 tid=85238  tipo=ompt_thread_worker     cpu= 81 numa=1  d_rm=       6  d_instr=1477192744  d_cyc= 372949273  d_all= 9558976  IPC=3.961  ratio_rm=0.0000
[OMPT][WIN100ms] ompt_id=2251799813685249 tid=85239  tipo=ompt_thread_worker     cpu=247 numa=1  d_rm=       7  d_instr=1472485092  d_cyc= 373494564  d_all= 9518802  IPC=3.942  ratio_rm=0.0000
[OMPT][WIN100ms] ompt_id=2533274790395905 tid=85240  tipo=ompt_thread_worker     cpu= 16 numa=0  d_rm=    6493  d_instr=1474782240  d_cyc= 373244480  d_all= 9540473  IPC=3.951  ratio_rm=0.0007
[OMPT][WIN100ms] ompt_id=2814749767106561 tid=85243  tipo=ompt_thread_worker     cpu= 48 numa=0  d_rm=    6528  d_instr=1472046068  d_cyc= 373929554  d_all= 9540004  IPC=3.937  ratio_rm=0.0007
[OMPT][WIN100ms] ompt_id=3096224743817217 tid=85242  tipo=ompt_thread_worker     cpu= 64 numa=1  d_rm=       7  d_instr=1476147502  d_cyc= 373896383  d_all= 9557402  IPC=3.948  ratio_rm=0.0000
[OMPT][WIN100ms] ompt_id=3377699720527873 tid=85241  tipo=ompt_thread_worker     cpu=207 numa=1  d_rm=       9  d_instr=1474199185  d_cyc= 374360030  d_all= 9541979  IPC=3.938  ratio_rm=0.0000
[OMPT][WIN100ms] ompt_id=3659174697238529 tid=85244  tipo=ompt_thread_worker     cpu=223 numa=1  d_rm=      68  d_instr=1472877363  d_cyc= 373709827  d_all= 9528930  IPC=3.941  ratio_rm=0.0000
[OMPT][WIN100ms] ompt_id=3940649673949185 tid=85245  tipo=ompt_thread_worker     cpu=141 numa=0  d_rm=     288  d_instr=1471552158  d_cyc= 373944603  d_all= 9542090  IPC=3.935  ratio_rm=0.0000
[OMPT][WIN100ms] ompt_id=4222124650659841 tid=85246  tipo=ompt_thread_worker     cpu=239 numa=1  d_rm=       1  d_instr=1481204271  d_cyc= 374250349  d_all= 9591367  IPC=3.958  ratio_rm=0.0000
[OMPT][WIN100ms] ompt_id=4503599627370497 tid=85247  tipo=ompt_thread_worker     cpu=231 numa=1  d_rm=       2  d_instr=1479094052  d_cyc= 374037473  d_all= 9585574  IPC=3.954  ratio_rm=0.0000
[OMPT] implicit_task_end: parallel_id=0 thread_num=0
[OMPT] parallel_end: parallel_id=281474976710759
[OMPT] parallel_begin: parallel_id=281474976710761 team_size=16
[OMPT] implicit_task_end: parallel_id=0 thread_num=4
[OMPT] implicit_task_end: parallel_id=0 thread_num=7
[OMPT] implicit_task_end: parallel_id=0 thread_num=3
[OMPT] implicit_task_begin: parallel_id=281474976710761 thread_num=7 team_size=16
[OMPT] implicit_task_begin: parallel_id=281474976710761 thread_num=3 team_size=16
[OMPT] implicit_task_end: parallel_id=0 thread_num=12
[OMPT] implicit_task_end: parallel_id=0 thread_num=2
[OMPT] implicit_task_end: parallel_id=0 thread_num=1
[OMPT] implicit_task_end: parallel_id=0 thread_num=6
[OMPT] implicit_task_begin: parallel_id=281474976710761 thread_num=1 team_size=16
[OMPT] implicit_task_begin: parallel_id=281474976710761 thread_num=4 team_size=16
[OMPT] implicit_task_end: parallel_id=0 thread_num=8
[OMPT] implicit_task_end: parallel_id=0 thread_num=9
[OMPT] implicit_task_end: parallel_id=0 thread_num=15
[OMPT] implicit_task_end: parallel_id=0 thread_num=14
[OMPT] implicit_task_end: parallel_id=0 thread_num=13
[OMPT] implicit_task_begin: parallel_id=281474976710761 thread_num=12 team_size=16
[OMPT] implicit_task_end: parallel_id=0 thread_num=5
[OMPT] implicit_task_begin: parallel_id=281474976710761 thread_num=5 team_size=16
[OMPT] implicit_task_begin: parallel_id=281474976710761 thread_num=6 team_size=16
[OMPT] implicit_task_end: parallel_id=0 thread_num=10
[OMPT] implicit_task_end: parallel_id=0 thread_num=11
[OMPT] implicit_task_begin: parallel_id=281474976710761 thread_num=0 team_size=16
[OMPT] implicit_task_begin: parallel_id=281474976710761 thread_num=11 team_size=16
[OMPT] implicit_task_begin: parallel_id=281474976710761 thread_num=8 team_size=16
[OMPT] implicit_task_begin: parallel_id=281474976710761 thread_num=9 team_size=16
[OMPT] implicit_task_begin: parallel_id=281474976710761 thread_num=15 team_size=16
[OMPT] implicit_task_begin: parallel_id=281474976710761 thread_num=14 team_size=16
[OMPT] implicit_task_begin: parallel_id=281474976710761 thread_num=13 team_size=16
[OMPT] implicit_task_begin: parallel_id=281474976710761 thread_num=2 team_size=16
[OMPT] implicit_task_begin: parallel_id=281474976710761 thread_num=10 team_size=16
[OMPT][WIN100ms] ompt_id=281474976710657 tid=85231  tipo=ompt_thread_initial    cpu=  1 numa=0  d_rm=    8410  d_instr=1467466486  d_cyc= 373238633  d_all= 9491394  IPC=3.932  ratio_rm=0.0009
[OMPT][WIN100ms] ompt_id=562949953421313 tid=85233  tipo=ompt_thread_worker     cpu=169 numa=0  d_rm=    6453  d_instr=1474031197  d_cyc= 373993890  d_all= 9527627  IPC=3.941  ratio_rm=0.0007
[OMPT][WIN100ms] ompt_id=844424930131969 tid=85234  tipo=ompt_thread_worker     cpu=120 numa=1  d_rm=      32  d_instr=1462862239  d_cyc= 372331432  d_all= 9457279  IPC=3.929  ratio_rm=0.0000
[OMPT][WIN100ms] ompt_id=1125899906842625 tid=85235  tipo=ompt_thread_worker     cpu= 32 numa=0  d_rm=     381  d_instr=1476977489  d_cyc= 374284769  d_all= 9558153  IPC=3.946  ratio_rm=0.0000
[OMPT][WIN100ms] ompt_id=1407374883553281 tid=85236  tipo=ompt_thread_worker     cpu=104 numa=1  d_rm=      21  d_instr=1472966175  d_cyc= 373553255  d_all= 9531430  IPC=3.943  ratio_rm=0.0000
[OMPT][WIN100ms] ompt_id=1688849860263937 tid=85237  tipo=ompt_thread_worker     cpu= 98 numa=1  d_rm=       5  d_instr=1472529491  d_cyc= 373293976  d_all= 9521074  IPC=3.945  ratio_rm=0.0000
[OMPT][WIN100ms] ompt_id=1970324836974593 tid=85238  tipo=ompt_thread_worker     cpu= 81 numa=1  d_rm=       8  d_instr=1470792092  d_cyc= 373051033  d_all= 9518281  IPC=3.943  ratio_rm=0.0000
[OMPT][WIN100ms] ompt_id=2251799813685249 tid=85239  tipo=ompt_thread_worker     cpu=247 numa=1  d_rm=      10  d_instr=1476426611  d_cyc= 374000929  d_all= 9551266  IPC=3.948  ratio_rm=0.0000
[OMPT][WIN100ms] ompt_id=2533274790395905 tid=85240  tipo=ompt_thread_worker     cpu= 16 numa=0  d_rm=    6362  d_instr=1470893162  d_cyc= 373019530  d_all= 9529157  IPC=3.943  ratio_rm=0.0007
[OMPT][WIN100ms] ompt_id=2814749767106561 tid=85243  tipo=ompt_thread_worker     cpu= 48 numa=0  d_rm=    6338  d_instr=1474377243  d_cyc= 373697468  d_all= 9545078  IPC=3.945  ratio_rm=0.0007
[OMPT][WIN100ms] ompt_id=3096224743817217 tid=85242  tipo=ompt_thread_worker     cpu= 64 numa=1  d_rm=       5  d_instr=1470280429  d_cyc= 373396235  d_all= 9528246  IPC=3.938  ratio_rm=0.0000
[OMPT][WIN100ms] ompt_id=3377699720527873 tid=85241  tipo=ompt_thread_worker     cpu=207 numa=1  d_rm=       4  d_instr=1475240135  d_cyc= 373585626  d_all= 9540524  IPC=3.949  ratio_rm=0.0000
[OMPT][WIN100ms] ompt_id=3659174697238529 tid=85244  tipo=ompt_thread_worker     cpu=223 numa=1  d_rm=      70  d_instr=1469628662  d_cyc= 372855565  d_all= 9512861  IPC=3.942  ratio_rm=0.0000
[OMPT][WIN100ms] ompt_id=3940649673949185 tid=85245  tipo=ompt_thread_worker     cpu=141 numa=0  d_rm=     301  d_instr=1467904327  d_cyc= 373282414  d_all= 9498694  IPC=3.932  ratio_rm=0.0000
[OMPT][WIN100ms] ompt_id=4222124650659841 tid=85246  tipo=ompt_thread_worker     cpu=239 numa=1  d_rm=       4  d_instr=1467748677  d_cyc= 372774042  d_all= 9488811  IPC=3.937  ratio_rm=0.0000
[OMPT][WIN100ms] ompt_id=4503599627370497 tid=85247  tipo=ompt_thread_worker     cpu=231 numa=1  d_rm=       0  d_instr=1470291046  d_cyc= 373322146  d_all= 9521175  IPC=3.938  ratio_rm=0.0000
[OMPT] implicit_task_end: parallel_id=0 thread_num=0
[OMPT] parallel_end: parallel_id=281474976710761
[OMPT] parallel_begin: parallel_id=281474976710763 team_size=16
[OMPT] implicit_task_end: parallel_id=0 thread_num=12
[OMPT] implicit_task_end: parallel_id=0 thread_num=14
[OMPT] implicit_task_end: parallel_id=0 thread_num=4
[OMPT] implicit_task_end: parallel_id=0 thread_num=5
[OMPT] implicit_task_begin: parallel_id=281474976710763 thread_num=4 team_size=16
[OMPT] implicit_task_end: parallel_id=0 thread_num=8
[OMPT] implicit_task_end: parallel_id=0 thread_num=9
[OMPT] implicit_task_end: parallel_id=0 thread_num=1
[OMPT] implicit_task_begin: parallel_id=281474976710763 thread_num=1 team_size=16
[OMPT] implicit_task_end: parallel_id=0 thread_num=15
[OMPT] implicit_task_begin: parallel_id=281474976710763 thread_num=15 team_size=16
[OMPT] implicit_task_begin: parallel_id=281474976710763 thread_num=12 team_size=16
[OMPT] implicit_task_end: parallel_id=0 thread_num=6
[OMPT] implicit_task_end: parallel_id=0 thread_num=7
[OMPT] implicit_task_begin: parallel_id=281474976710763 thread_num=14 team_size=16
[OMPT] implicit_task_end: parallel_id=0 thread_num=3
[OMPT] implicit_task_end: parallel_id=0 thread_num=2
[OMPT] implicit_task_begin: parallel_id=281474976710763 thread_num=5 team_size=16
[OMPT] implicit_task_end: parallel_id=0 thread_num=11
[OMPT] implicit_task_begin: parallel_id=281474976710763 thread_num=11 team_size=16
[OMPT] implicit_task_end: parallel_id=0 thread_num=10
[OMPT] implicit_task_begin: parallel_id=281474976710763 thread_num=8 team_size=16
[OMPT] implicit_task_begin: parallel_id=281474976710763 thread_num=10 team_size=16
[OMPT] implicit_task_begin: parallel_id=281474976710763 thread_num=0 team_size=16
[OMPT] implicit_task_begin: parallel_id=281474976710763 thread_num=9 team_size=16
[OMPT] implicit_task_end: parallel_id=0 thread_num=13
[OMPT] implicit_task_begin: parallel_id=281474976710763 thread_num=6 team_size=16
[OMPT] implicit_task_begin: parallel_id=281474976710763 thread_num=7 team_size=16
[OMPT] implicit_task_begin: parallel_id=281474976710763 thread_num=3 team_size=16
[OMPT] implicit_task_begin: parallel_id=281474976710763 thread_num=2 team_size=16
[OMPT] implicit_task_begin: parallel_id=281474976710763 thread_num=13 team_size=16
[OMPT][WIN100ms] ompt_id=281474976710657 tid=85231  tipo=ompt_thread_initial    cpu=  1 numa=0  d_rm=    8427  d_instr=1466335513  d_cyc= 373235763  d_all= 9497599  IPC=3.929  ratio_rm=0.0009
[OMPT][WIN100ms] ompt_id=562949953421313 tid=85233  tipo=ompt_thread_worker     cpu=169 numa=0  d_rm=    6083  d_instr=1471364201  d_cyc= 374090264  d_all= 9512227  IPC=3.933  ratio_rm=0.0006
[OMPT][WIN100ms] ompt_id=844424930131969 tid=85234  tipo=ompt_thread_worker     cpu=120 numa=1  d_rm=      19  d_instr=1474703475  d_cyc= 372665429  d_all= 9553712  IPC=3.957  ratio_rm=0.0000
[OMPT][WIN100ms] ompt_id=1125899906842625 tid=85235  tipo=ompt_thread_worker     cpu= 32 numa=0  d_rm=     369  d_instr=1464874756  d_cyc= 372857678  d_all= 9476354  IPC=3.929  ratio_rm=0.0000
[OMPT][WIN100ms] ompt_id=1407374883553281 tid=85236  tipo=ompt_thread_worker     cpu=104 numa=1  d_rm=      36  d_instr=1473748258  d_cyc= 373964665  d_all= 9534493  IPC=3.941  ratio_rm=0.0000
[OMPT][WIN100ms] ompt_id=1688849860263937 tid=85237  tipo=ompt_thread_worker     cpu= 98 numa=1  d_rm=       5  d_instr=1473823012  d_cyc= 373544180  d_all= 9530997  IPC=3.946  ratio_rm=0.0000
[OMPT][WIN100ms] ompt_id=1970324836974593 tid=85238  tipo=ompt_thread_worker     cpu= 81 numa=1  d_rm=      16  d_instr=1470065117  d_cyc= 372731779  d_all= 9513134  IPC=3.944  ratio_rm=0.0000
[OMPT][WIN100ms] ompt_id=2251799813685249 tid=85239  tipo=ompt_thread_worker     cpu=247 numa=1  d_rm=      12  d_instr=1467922921  d_cyc= 372462680  d_all= 9494252  IPC=3.941  ratio_rm=0.0000
[OMPT][WIN100ms] ompt_id=2533274790395905 tid=85240  tipo=ompt_thread_worker     cpu= 16 numa=0  d_rm=    6518  d_instr=1469444760  d_cyc= 373057019  d_all= 9507167  IPC=3.939  ratio_rm=0.0007
[OMPT][WIN100ms] ompt_id=2814749767106561 tid=85243  tipo=ompt_thread_worker     cpu= 48 numa=0  d_rm=    6496  d_instr=1474560295  d_cyc= 373577002  d_all= 9550702  IPC=3.947  ratio_rm=0.0007
[OMPT][WIN100ms] ompt_id=3096224743817217 tid=85242  tipo=ompt_thread_worker     cpu= 64 numa=1  d_rm=       6  d_instr=1470850000  d_cyc= 373214523  d_all= 9511069  IPC=3.941  ratio_rm=0.0000
[OMPT][WIN100ms] ompt_id=3377699720527873 tid=85241  tipo=ompt_thread_worker     cpu=207 numa=1  d_rm=       4  d_instr=1469791826  d_cyc= 373093593  d_all= 9507691  IPC=3.939  ratio_rm=0.0000
[OMPT][WIN100ms] ompt_id=3659174697238529 tid=85244  tipo=ompt_thread_worker     cpu=223 numa=1  d_rm=      67  d_instr=1465562172  d_cyc= 373618126  d_all= 9484978  IPC=3.923  ratio_rm=0.0000
[OMPT][WIN100ms] ompt_id=3940649673949185 tid=85245  tipo=ompt_thread_worker     cpu=141 numa=0  d_rm=     309  d_instr=1471514527  d_cyc= 372833407  d_all= 9522399  IPC=3.947  ratio_rm=0.0000
[OMPT][WIN100ms] ompt_id=4222124650659841 tid=85246  tipo=ompt_thread_worker     cpu=239 numa=1  d_rm=       0  d_instr=1474695090  d_cyc= 373214411  d_all= 9525650  IPC=3.951  ratio_rm=0.0000
[OMPT][WIN100ms] ompt_id=4503599627370497 tid=85247  tipo=ompt_thread_worker     cpu=231 numa=1  d_rm=       0  d_instr=1472727583  d_cyc= 373738102  d_all= 9518394  IPC=3.941  ratio_rm=0.0000
[OMPT] implicit_task_end: parallel_id=0 thread_num=0
[OMPT] parallel_end: parallel_id=281474976710763
[OMPT] parallel_begin: parallel_id=281474976710765 team_size=16
[OMPT] implicit_task_end: parallel_id=0 thread_num=12
[OMPT] implicit_task_end: parallel_id=0 thread_num=14
[OMPT] implicit_task_begin: parallel_id=281474976710765 thread_num=12 team_size=16
[OMPT] implicit_task_begin: parallel_id=281474976710765 thread_num=14 team_size=16
[OMPT] implicit_task_end: parallel_id=0 thread_num=2
[OMPT] implicit_task_end: parallel_id=0 thread_num=4
[OMPT] implicit_task_begin: parallel_id=281474976710765 thread_num=2 team_size=16
[OMPT] implicit_task_end: parallel_id=0 thread_num=7
[OMPT] implicit_task_end: parallel_id=0 thread_num=3
[OMPT] implicit_task_end: parallel_id=0 thread_num=1
[OMPT] implicit_task_begin: parallel_id=281474976710765 thread_num=7 team_size=16
[OMPT] implicit_task_end: parallel_id=0 thread_num=15
[OMPT] implicit_task_begin: parallel_id=281474976710765 thread_num=1 team_size=16
[OMPT] implicit_task_end: parallel_id=0 thread_num=8
[OMPT] implicit_task_end: parallel_id=0 thread_num=9
[OMPT] implicit_task_begin: parallel_id=281474976710765 thread_num=9 team_size=16
[OMPT] implicit_task_begin: parallel_id=281474976710765 thread_num=4 team_size=16
[OMPT] implicit_task_begin: parallel_id=281474976710765 thread_num=0 team_size=16
[OMPT] implicit_task_begin: parallel_id=281474976710765 thread_num=3 team_size=16
[OMPT] implicit_task_end: parallel_id=0 thread_num=13
[OMPT] implicit_task_begin: parallel_id=281474976710765 thread_num=13 team_size=16
[OMPT] implicit_task_end: parallel_id=0 thread_num=11
[OMPT] implicit_task_begin: parallel_id=281474976710765 thread_num=11 team_size=16
[OMPT] implicit_task_end: parallel_id=0 thread_num=10
[OMPT] implicit_task_begin: parallel_id=281474976710765 thread_num=15 team_size=16
[OMPT] implicit_task_end: parallel_id=0 thread_num=5
[OMPT] implicit_task_begin: parallel_id=281474976710765 thread_num=5 team_size=16
[OMPT] implicit_task_end: parallel_id=0 thread_num=6
[OMPT] implicit_task_begin: parallel_id=281474976710765 thread_num=10 team_size=16
[OMPT] implicit_task_begin: parallel_id=281474976710765 thread_num=8 team_size=16
[OMPT] implicit_task_begin: parallel_id=281474976710765 thread_num=6 team_size=16
[OMPT][WIN100ms] ompt_id=281474976710657 tid=85231  tipo=ompt_thread_initial    cpu=  1 numa=0  d_rm=    8197  d_instr=1472016858  d_cyc= 373920412  d_all= 9537306  IPC=3.937  ratio_rm=0.0009
[OMPT][WIN100ms] ompt_id=562949953421313 tid=85233  tipo=ompt_thread_worker     cpu=169 numa=0  d_rm=    6373  d_instr=1469518703  d_cyc= 373832117  d_all= 9503008  IPC=3.931  ratio_rm=0.0007
[OMPT][WIN100ms] ompt_id=844424930131969 tid=85234  tipo=ompt_thread_worker     cpu=120 numa=1  d_rm=      32  d_instr=1476499491  d_cyc= 374053900  d_all= 9557507  IPC=3.947  ratio_rm=0.0000
[OMPT][WIN100ms] ompt_id=1125899906842625 tid=85235  tipo=ompt_thread_worker     cpu= 32 numa=0  d_rm=     369  d_instr=1471912340  d_cyc= 373917280  d_all= 9535362  IPC=3.936  ratio_rm=0.0000
[OMPT][WIN100ms] ompt_id=1407374883553281 tid=85236  tipo=ompt_thread_worker     cpu=104 numa=1  d_rm=      22  d_instr=1465666258  d_cyc= 373282349  d_all= 9482423  IPC=3.926  ratio_rm=0.0000
[OMPT][WIN100ms] ompt_id=1688849860263937 tid=85237  tipo=ompt_thread_worker     cpu= 98 numa=1  d_rm=       4  d_instr=1463145169  d_cyc= 373129300  d_all= 9461032  IPC=3.921  ratio_rm=0.0000
[OMPT][WIN100ms] ompt_id=1970324836974593 tid=85238  tipo=ompt_thread_worker     cpu= 81 numa=1  d_rm=       7  d_instr=1472256302  d_cyc= 372791421  d_all= 9521537  IPC=3.949  ratio_rm=0.0000
[OMPT][WIN100ms] ompt_id=2251799813685249 tid=85239  tipo=ompt_thread_worker     cpu=247 numa=1  d_rm=       5  d_instr=1473019662  d_cyc= 374051763  d_all= 9526711  IPC=3.938  ratio_rm=0.0000
[OMPT][WIN100ms] ompt_id=2533274790395905 tid=85240  tipo=ompt_thread_worker     cpu= 16 numa=0  d_rm=    6247  d_instr=1471983371  d_cyc= 372744255  d_all= 9525664  IPC=3.949  ratio_rm=0.0007
[OMPT][WIN100ms] ompt_id=2814749767106561 tid=85243  tipo=ompt_thread_worker     cpu= 48 numa=0  d_rm=    6430  d_instr=1473980400  d_cyc= 373886555  d_all= 9522435  IPC=3.942  ratio_rm=0.0007
[OMPT][WIN100ms] ompt_id=3096224743817217 tid=85242  tipo=ompt_thread_worker     cpu= 64 numa=1  d_rm=       4  d_instr=1472692214  d_cyc= 373308304  d_all= 9518577  IPC=3.945  ratio_rm=0.0000
[OMPT][WIN100ms] ompt_id=3377699720527873 tid=85241  tipo=ompt_thread_worker     cpu=207 numa=1  d_rm=       5  d_instr=1472607778  d_cyc= 374155279  d_all= 9516481  IPC=3.936  ratio_rm=0.0000
[OMPT][WIN100ms] ompt_id=3659174697238529 tid=85244  tipo=ompt_thread_worker     cpu=223 numa=1  d_rm=      68  d_instr=1480956723  d_cyc= 374095904  d_all= 9566228  IPC=3.959  ratio_rm=0.0000
[OMPT][WIN100ms] ompt_id=3940649673949185 tid=85245  tipo=ompt_thread_worker     cpu=141 numa=0  d_rm=     272  d_instr=1471601743  d_cyc= 373835836  d_all= 9518422  IPC=3.936  ratio_rm=0.0000
[OMPT][WIN100ms] ompt_id=4222124650659841 tid=85246  tipo=ompt_thread_worker     cpu=239 numa=1  d_rm=       2  d_instr=1473667171  d_cyc= 374057389  d_all= 9516507  IPC=3.940  ratio_rm=0.0000
[OMPT][WIN100ms] ompt_id=4503599627370497 tid=85247  tipo=ompt_thread_worker     cpu=231 numa=1  d_rm=       1  d_instr=1475552291  d_cyc= 372946427  d_all= 9538354  IPC=3.956  ratio_rm=0.0000
[OMPT] implicit_task_end: parallel_id=0 thread_num=0
[OMPT] parallel_end: parallel_id=281474976710765
[OMPT] parallel_begin: parallel_id=281474976710767 team_size=16
[OMPT] implicit_task_end: parallel_id=0 thread_num=4
[OMPT] implicit_task_end: parallel_id=0 thread_num=7
[OMPT] implicit_task_begin: parallel_id=281474976710767 thread_num=4 team_size=16
[OMPT] implicit_task_end: parallel_id=0 thread_num=8
[OMPT] implicit_task_begin: parallel_id=281474976710767 thread_num=7 team_size=16
[OMPT] implicit_task_end: parallel_id=0 thread_num=10
[OMPT] implicit_task_begin: parallel_id=281474976710767 thread_num=10 team_size=16
[OMPT] implicit_task_end: parallel_id=0 thread_num=12
[OMPT] implicit_task_end: parallel_id=0 thread_num=14
[OMPT] implicit_task_end: parallel_id=0 thread_num=5
[OMPT] implicit_task_begin: parallel_id=281474976710767 thread_num=14 team_size=16
[OMPT] implicit_task_end: parallel_id=0 thread_num=3
[OMPT] implicit_task_begin: parallel_id=281474976710767 thread_num=3 team_size=16
[OMPT] implicit_task_end: parallel_id=0 thread_num=11
[OMPT] implicit_task_begin: parallel_id=281474976710767 thread_num=8 team_size=16
[OMPT] implicit_task_begin: parallel_id=281474976710767 thread_num=11 team_size=16
[OMPT] implicit_task_begin: parallel_id=281474976710767 thread_num=0 team_size=16
[OMPT] implicit_task_end: parallel_id=0 thread_num=13
[OMPT] implicit_task_begin: parallel_id=281474976710767 thread_num=13 team_size=16
[OMPT] implicit_task_end: parallel_id=0 thread_num=15
[OMPT] implicit_task_begin: parallel_id=281474976710767 thread_num=12 team_size=16
[OMPT] implicit_task_end: parallel_id=0 thread_num=6
[OMPT] implicit_task_end: parallel_id=0 thread_num=1
[OMPT] implicit_task_begin: parallel_id=281474976710767 thread_num=5 team_size=16
[OMPT] implicit_task_begin: parallel_id=281474976710767 thread_num=1 team_size=16
[OMPT] implicit_task_end: parallel_id=0 thread_num=2
[OMPT] implicit_task_begin: parallel_id=281474976710767 thread_num=15 team_size=16
[OMPT] implicit_task_begin: parallel_id=281474976710767 thread_num=6 team_size=16
[OMPT] implicit_task_begin: parallel_id=281474976710767 thread_num=2 team_size=16
[OMPT] implicit_task_end: parallel_id=0 thread_num=9
[OMPT] implicit_task_begin: parallel_id=281474976710767 thread_num=9 team_size=16
[OMPT][WIN100ms] ompt_id=281474976710657 tid=85231  tipo=ompt_thread_initial    cpu=  1 numa=0  d_rm=    8954  d_instr=1469582466  d_cyc= 373610878  d_all= 9525493  IPC=3.933  ratio_rm=0.0009
[OMPT][WIN100ms] ompt_id=562949953421313 tid=85233  tipo=ompt_thread_worker     cpu=169 numa=0  d_rm=    6212  d_instr=1469313688  d_cyc= 372937425  d_all= 9507369  IPC=3.940  ratio_rm=0.0007
[OMPT][WIN100ms] ompt_id=844424930131969 tid=85234  tipo=ompt_thread_worker     cpu=120 numa=1  d_rm=      32  d_instr=1466203059  d_cyc= 372181849  d_all= 9486059  IPC=3.939  ratio_rm=0.0000
[OMPT][WIN100ms] ompt_id=1125899906842625 tid=85235  tipo=ompt_thread_worker     cpu= 32 numa=0  d_rm=     351  d_instr=1475294227  d_cyc= 373781576  d_all= 9541200  IPC=3.947  ratio_rm=0.0000
[OMPT][WIN100ms] ompt_id=1407374883553281 tid=85236  tipo=ompt_thread_worker     cpu=104 numa=1  d_rm=      23  d_instr=1481181740  d_cyc= 373952405  d_all= 9589445  IPC=3.961  ratio_rm=0.0000
[OMPT][WIN100ms] ompt_id=1688849860263937 tid=85237  tipo=ompt_thread_worker     cpu= 64 numa=1  d_rm=      18  d_instr=1471951384  d_cyc= 372818445  d_all= 9532926  IPC=3.948  ratio_rm=0.0000
[OMPT][WIN100ms] ompt_id=1970324836974593 tid=85238  tipo=ompt_thread_worker     cpu= 81 numa=1  d_rm=       6  d_instr=1470398545  d_cyc= 372216518  d_all= 9505602  IPC=3.950  ratio_rm=0.0000
[OMPT][WIN100ms] ompt_id=2251799813685249 tid=85239  tipo=ompt_thread_worker     cpu=247 numa=1  d_rm=      13  d_instr=1473868450  d_cyc= 373587574  d_all= 9523159  IPC=3.945  ratio_rm=0.0000
[OMPT][WIN100ms] ompt_id=2533274790395905 tid=85240  tipo=ompt_thread_worker     cpu= 16 numa=0  d_rm=    6255  d_instr=1474107535  d_cyc= 373345565  d_all= 9519220  IPC=3.948  ratio_rm=0.0007
[OMPT][WIN100ms] ompt_id=2814749767106561 tid=85243  tipo=ompt_thread_worker     cpu= 48 numa=0  d_rm=    6362  d_instr=1472073699  d_cyc= 373651267  d_all= 9517215  IPC=3.940  ratio_rm=0.0007
[OMPT][WIN100ms] ompt_id=3096224743817217 tid=85242  tipo=ompt_thread_worker     cpu=  0 numa=0  d_rm=    5106  d_instr=1458528279  d_cyc= 373996441  d_all= 9424674  IPC=3.900  ratio_rm=0.0005
[OMPT][WIN100ms] ompt_id=3377699720527873 tid=85241  tipo=ompt_thread_worker     cpu=207 numa=1  d_rm=      12  d_instr=1470214631  d_cyc= 372439374  d_all= 9494369  IPC=3.948  ratio_rm=0.0000
[OMPT][WIN100ms] ompt_id=3659174697238529 tid=85244  tipo=ompt_thread_worker     cpu=223 numa=1  d_rm=      79  d_instr=1463710809  d_cyc= 372546381  d_all= 9450730  IPC=3.929  ratio_rm=0.0000
[OMPT][WIN100ms] ompt_id=3940649673949185 tid=85245  tipo=ompt_thread_worker     cpu=141 numa=0  d_rm=     279  d_instr=1470229851  d_cyc= 373990305  d_all= 9497789  IPC=3.931  ratio_rm=0.0000
[OMPT][WIN100ms] ompt_id=4222124650659841 tid=85246  tipo=ompt_thread_worker     cpu=239 numa=1  d_rm=       2  d_instr=1471363267  d_cyc= 373716038  d_all= 9494031  IPC=3.937  ratio_rm=0.0000
[OMPT][WIN100ms] ompt_id=4503599627370497 tid=85247  tipo=ompt_thread_worker     cpu=231 numa=1  d_rm=      14  d_instr=1465653639  d_cyc= 372876762  d_all= 9465775  IPC=3.931  ratio_rm=0.0000
[OMPT] implicit_task_end: parallel_id=0 thread_num=0
[OMPT] parallel_end: parallel_id=281474976710767
[OMPT] parallel_begin: parallel_id=281474976710769 team_size=16
[OMPT] implicit_task_end: parallel_id=0 thread_num=12
[OMPT] implicit_task_end: parallel_id=0 thread_num=14
[OMPT] implicit_task_begin: parallel_id=281474976710769 thread_num=12 team_size=16
[OMPT] implicit_task_begin: parallel_id=281474976710769 thread_num=14 team_size=16
[OMPT] implicit_task_begin: parallel_id=281474976710769 thread_num=0 team_size=16
[OMPT] implicit_task_end: parallel_id=0 thread_num=2
[OMPT] implicit_task_end: parallel_id=0 thread_num=1
[OMPT] implicit_task_begin: parallel_id=281474976710769 thread_num=2 team_size=16
[OMPT] implicit_task_end: parallel_id=0 thread_num=3
[OMPT] implicit_task_begin: parallel_id=281474976710769 thread_num=3 team_size=16
[OMPT] implicit_task_end: parallel_id=0 thread_num=13
[OMPT] implicit_task_end: parallel_id=0 thread_num=8
[OMPT] implicit_task_end: parallel_id=0 thread_num=10
[OMPT] implicit_task_end: parallel_id=0 thread_num=4
[OMPT] implicit_task_end: parallel_id=0 thread_num=7
[OMPT] implicit_task_begin: parallel_id=281474976710769 thread_num=13 team_size=16
[OMPT] implicit_task_end: parallel_id=0 thread_num=11
[OMPT] implicit_task_end: parallel_id=0 thread_num=9
[OMPT] implicit_task_begin: parallel_id=281474976710769 thread_num=8 team_size=16
[OMPT] implicit_task_begin: parallel_id=281474976710769 thread_num=9 team_size=16
[OMPT] implicit_task_begin: parallel_id=281474976710769 thread_num=10 team_size=16
[OMPT] implicit_task_end: parallel_id=0 thread_num=6
[OMPT] implicit_task_end: parallel_id=0 thread_num=5
[OMPT] implicit_task_begin: parallel_id=281474976710769 thread_num=1 team_size=16
[OMPT] implicit_task_begin: parallel_id=281474976710769 thread_num=5 team_size=16
[OMPT] implicit_task_begin: parallel_id=281474976710769 thread_num=4 team_size=16
[OMPT] implicit_task_end: parallel_id=0 thread_num=15
[OMPT] implicit_task_begin: parallel_id=281474976710769 thread_num=7 team_size=16
[OMPT] implicit_task_begin: parallel_id=281474976710769 thread_num=15 team_size=16
[OMPT] implicit_task_begin: parallel_id=281474976710769 thread_num=11 team_size=16
[OMPT] implicit_task_begin: parallel_id=281474976710769 thread_num=6 team_size=16
[OMPT][WIN100ms] ompt_id=281474976710657 tid=85231  tipo=ompt_thread_initial    cpu=  1 numa=0  d_rm=    9541  d_instr=1466301846  d_cyc= 374386542  d_all= 9487414  IPC=3.917  ratio_rm=0.0010
[OMPT][WIN100ms] ompt_id=562949953421313 tid=85233  tipo=ompt_thread_worker     cpu=169 numa=0  d_rm=    6284  d_instr=1462147964  d_cyc= 372910417  d_all= 9453127  IPC=3.921  ratio_rm=0.0007
[OMPT][WIN100ms] ompt_id=844424930131969 tid=85234  tipo=ompt_thread_worker     cpu=120 numa=1  d_rm=      43  d_instr=1466850065  d_cyc= 373537147  d_all= 9480142  IPC=3.927  ratio_rm=0.0000
[OMPT][WIN100ms] ompt_id=1125899906842625 tid=85235  tipo=ompt_thread_worker     cpu= 32 numa=0  d_rm=     369  d_instr=1471958774  d_cyc= 373873761  d_all= 9509265  IPC=3.937  ratio_rm=0.0000
[OMPT][WIN100ms] ompt_id=1407374883553281 tid=85236  tipo=ompt_thread_worker     cpu=104 numa=1  d_rm=      23  d_instr=1463063080  d_cyc= 372120114  d_all= 9437606  IPC=3.932  ratio_rm=0.0000
[OMPT][WIN100ms] ompt_id=1688849860263937 tid=85237  tipo=ompt_thread_worker     cpu= 64 numa=1  d_rm=      12  d_instr=1467105150  d_cyc= 373461798  d_all= 9465844  IPC=3.928  ratio_rm=0.0000
[OMPT][WIN100ms] ompt_id=1970324836974593 tid=85238  tipo=ompt_thread_worker     cpu= 81 numa=1  d_rm=       8  d_instr=1466783399  d_cyc= 372939361  d_all= 9463309  IPC=3.933  ratio_rm=0.0000
[OMPT][WIN100ms] ompt_id=2251799813685249 tid=85239  tipo=ompt_thread_worker     cpu=247 numa=1  d_rm=      16  d_instr=1465865483  d_cyc= 373072731  d_all= 9456718  IPC=3.929  ratio_rm=0.0000
[OMPT][WIN100ms] ompt_id=2533274790395905 tid=85240  tipo=ompt_thread_worker     cpu= 16 numa=0  d_rm=    6382  d_instr=1461068665  d_cyc= 373048797  d_all= 9424084  IPC=3.917  ratio_rm=0.0007
[OMPT][WIN100ms] ompt_id=2814749767106561 tid=85243  tipo=ompt_thread_worker     cpu= 48 numa=0  d_rm=    6622  d_instr=1455677869  d_cyc= 373301268  d_all= 9392682  IPC=3.899  ratio_rm=0.0007
[OMPT][WIN100ms] ompt_id=3096224743817217 tid=85242  tipo=ompt_thread_worker     cpu=  0 numa=0  d_rm=    6705  d_instr=1478244522  d_cyc= 374095891  d_all= 9559659  IPC=3.952  ratio_rm=0.0007
[OMPT][WIN100ms] ompt_id=3377699720527873 tid=85241  tipo=ompt_thread_worker     cpu=207 numa=1  d_rm=       5  d_instr=1472675756  d_cyc= 373824483  d_all= 9501031  IPC=3.939  ratio_rm=0.0000
[OMPT][WIN100ms] ompt_id=3659174697238529 tid=85244  tipo=ompt_thread_worker     cpu=223 numa=1  d_rm=      63  d_instr=1468538902  d_cyc= 373951566  d_all= 9482161  IPC=3.927  ratio_rm=0.0000
[OMPT][WIN100ms] ompt_id=3940649673949185 tid=85245  tipo=ompt_thread_worker     cpu=141 numa=0  d_rm=     313  d_instr=1468492823  d_cyc= 373438774  d_all= 9481656  IPC=3.932  ratio_rm=0.0000
[OMPT][WIN100ms] ompt_id=4222124650659841 tid=85246  tipo=ompt_thread_worker     cpu=239 numa=1  d_rm=       1  d_instr=1467585067  d_cyc= 373903548  d_all= 9469998  IPC=3.925  ratio_rm=0.0000
[OMPT][WIN100ms] ompt_id=4503599627370497 tid=85247  tipo=ompt_thread_worker     cpu=231 numa=1  d_rm=       8  d_instr=1466082764  d_cyc= 372119485  d_all= 9466355  IPC=3.940  ratio_rm=0.0000
[OMPT] implicit_task_end: parallel_id=0 thread_num=0
[OMPT] parallel_end: parallel_id=281474976710769
[OMPT] parallel_begin: parallel_id=281474976710771 team_size=16
[OMPT] implicit_task_end: parallel_id=0 thread_num=12
[OMPT] implicit_task_end: parallel_id=0 thread_num=14
[OMPT] implicit_task_begin: parallel_id=281474976710771 thread_num=12 team_size=16
[OMPT] implicit_task_end: parallel_id=0 thread_num=8
[OMPT] implicit_task_begin: parallel_id=281474976710771 thread_num=14 team_size=16
[OMPT] implicit_task_end: parallel_id=0 thread_num=11
[OMPT] implicit_task_end: parallel_id=0 thread_num=3
[OMPT] implicit_task_end: parallel_id=0 thread_num=2
[OMPT] implicit_task_end: parallel_id=0 thread_num=4
[OMPT] implicit_task_end: parallel_id=0 thread_num=7
[OMPT] implicit_task_end: parallel_id=0 thread_num=15
[OMPT] implicit_task_end: parallel_id=0 thread_num=10
[OMPT] implicit_task_begin: parallel_id=281474976710771 thread_num=7 team_size=16
[OMPT] implicit_task_begin: parallel_id=281474976710771 thread_num=8 team_size=16
[OMPT] implicit_task_begin: parallel_id=281474976710771 thread_num=15 team_size=16
[OMPT] implicit_task_end: parallel_id=0 thread_num=1
[OMPT] implicit_task_begin: parallel_id=281474976710771 thread_num=11 team_size=16
[OMPT] implicit_task_begin: parallel_id=281474976710771 thread_num=3 team_size=16
[OMPT] implicit_task_begin: parallel_id=281474976710771 thread_num=1 team_size=16
[OMPT] implicit_task_end: parallel_id=0 thread_num=5
[OMPT] implicit_task_end: parallel_id=0 thread_num=13
[OMPT] implicit_task_begin: parallel_id=281474976710771 thread_num=2 team_size=16
[OMPT] implicit_task_begin: parallel_id=281474976710771 thread_num=4 team_size=16
[OMPT] implicit_task_begin: parallel_id=281474976710771 thread_num=0 team_size=16
[OMPT] implicit_task_end: parallel_id=0 thread_num=9
[OMPT] implicit_task_begin: parallel_id=281474976710771 thread_num=10 team_size=16
[OMPT] implicit_task_begin: parallel_id=281474976710771 thread_num=9 team_size=16
[OMPT] implicit_task_begin: parallel_id=281474976710771 thread_num=5 team_size=16
[OMPT] implicit_task_begin: parallel_id=281474976710771 thread_num=13 team_size=16
[OMPT] implicit_task_end: parallel_id=0 thread_num=6
[OMPT] implicit_task_begin: parallel_id=281474976710771 thread_num=6 team_size=16
[OMPT][WIN100ms] ompt_id=281474976710657 tid=85231  tipo=ompt_thread_initial    cpu=  1 numa=0  d_rm=    9534  d_instr=1466097481  d_cyc= 373385843  d_all= 9491770  IPC=3.926  ratio_rm=0.0010
[OMPT][WIN100ms] ompt_id=562949953421313 tid=85233  tipo=ompt_thread_worker     cpu=169 numa=0  d_rm=    6335  d_instr=1474205792  d_cyc= 374031941  d_all= 9533865  IPC=3.941  ratio_rm=0.0007
[OMPT][WIN100ms] ompt_id=844424930131969 tid=85234  tipo=ompt_thread_worker     cpu=120 numa=1  d_rm=      39  d_instr=1472880356  d_cyc= 373350695  d_all= 9516738  IPC=3.945  ratio_rm=0.0000
[OMPT][WIN100ms] ompt_id=1125899906842625 tid=85235  tipo=ompt_thread_worker     cpu= 32 numa=0  d_rm=     367  d_instr=1468747983  d_cyc= 373801857  d_all= 9476774  IPC=3.929  ratio_rm=0.0000
[OMPT][WIN100ms] ompt_id=1407374883553281 tid=85236  tipo=ompt_thread_worker     cpu=104 numa=1  d_rm=      23  d_instr=1469975164  d_cyc= 373126333  d_all= 9486479  IPC=3.940  ratio_rm=0.0000
[OMPT][WIN100ms] ompt_id=1688849860263937 tid=85237  tipo=ompt_thread_worker     cpu= 64 numa=1  d_rm=       5  d_instr=1474576507  d_cyc= 373457996  d_all= 9520437  IPC=3.948  ratio_rm=0.0000
[OMPT][WIN100ms] ompt_id=1970324836974593 tid=85238  tipo=ompt_thread_worker     cpu= 81 numa=1  d_rm=       6  d_instr=1471585059  d_cyc= 373104516  d_all= 9505062  IPC=3.944  ratio_rm=0.0000
[OMPT][WIN100ms] ompt_id=2251799813685249 tid=85239  tipo=ompt_thread_worker     cpu=247 numa=1  d_rm=       8  d_instr=1476306467  d_cyc= 373903578  d_all= 9531556  IPC=3.948  ratio_rm=0.0000
[OMPT][WIN100ms] ompt_id=2533274790395905 tid=85240  tipo=ompt_thread_worker     cpu= 16 numa=0  d_rm=    6552  d_instr=1480316598  d_cyc= 373905474  d_all= 9561849  IPC=3.959  ratio_rm=0.0007
[OMPT][WIN100ms] ompt_id=2814749767106561 tid=85243  tipo=ompt_thread_worker     cpu= 48 numa=0  d_rm=    6325  d_instr=1486038865  d_cyc= 374380485  d_all= 9618632  IPC=3.969  ratio_rm=0.0007
[OMPT][WIN100ms] ompt_id=3096224743817217 tid=85242  tipo=ompt_thread_worker     cpu=  0 numa=0  d_rm=    6770  d_instr=1459699600  d_cyc= 368451217  d_all= 9435367  IPC=3.962  ratio_rm=0.0007
[OMPT][WIN100ms] ompt_id=3377699720527873 tid=85241  tipo=ompt_thread_worker     cpu=207 numa=1  d_rm=       2  d_instr=1466265316  d_cyc= 373251971  d_all= 9461283  IPC=3.928  ratio_rm=0.0000
[OMPT][WIN100ms] ompt_id=3659174697238529 tid=85244  tipo=ompt_thread_worker     cpu=223 numa=1  d_rm=      81  d_instr=1476655874  d_cyc= 374090619  d_all= 9541239  IPC=3.947  ratio_rm=0.0000
[OMPT][WIN100ms] ompt_id=3940649673949185 tid=85245  tipo=ompt_thread_worker     cpu=141 numa=0  d_rm=     311  d_instr=1475428317  d_cyc= 373120252  d_all= 9530527  IPC=3.954  ratio_rm=0.0000
[OMPT][WIN100ms] ompt_id=4222124650659841 tid=85246  tipo=ompt_thread_worker     cpu=239 numa=1  d_rm=       0  d_instr=1475385741  d_cyc= 374134940  d_all= 9530195  IPC=3.943  ratio_rm=0.0000
[OMPT][WIN100ms] ompt_id=4503599627370497 tid=85247  tipo=ompt_thread_worker     cpu=231 numa=1  d_rm=      14  d_instr=1477182453  d_cyc= 373556508  d_all= 9551609  IPC=3.954  ratio_rm=0.0000
[OMPT] implicit_task_end: parallel_id=0 thread_num=0
[OMPT] parallel_end: parallel_id=281474976710771
[OMPT] parallel_begin: parallel_id=281474976710773 team_size=16
[OMPT] implicit_task_end: parallel_id=0 thread_num=12
[OMPT] implicit_task_end: parallel_id=0 thread_num=14
[OMPT] implicit_task_begin: parallel_id=281474976710773 thread_num=12 team_size=16
[OMPT] implicit_task_end: parallel_id=0 thread_num=8
[OMPT] implicit_task_begin: parallel_id=281474976710773 thread_num=14 team_size=16
[OMPT] implicit_task_end: parallel_id=0 thread_num=9
[OMPT] implicit_task_begin: parallel_id=281474976710773 thread_num=0 team_size=16
[OMPT] implicit_task_end: parallel_id=0 thread_num=2
[OMPT] implicit_task_end: parallel_id=0 thread_num=13
[OMPT] implicit_task_begin: parallel_id=281474976710773 thread_num=13 team_size=16
[OMPT] implicit_task_end: parallel_id=0 thread_num=3
[OMPT] implicit_task_end: parallel_id=0 thread_num=10
[OMPT] implicit_task_begin: parallel_id=281474976710773 thread_num=3 team_size=16
[OMPT] implicit_task_end: parallel_id=0 thread_num=11
[OMPT] implicit_task_end: parallel_id=0 thread_num=1
[OMPT] implicit_task_begin: parallel_id=281474976710773 thread_num=9 team_size=16
[OMPT] implicit_task_end: parallel_id=0 thread_num=4
[OMPT] implicit_task_end: parallel_id=0 thread_num=6
[OMPT] implicit_task_end: parallel_id=0 thread_num=15
[OMPT] implicit_task_begin: parallel_id=281474976710773 thread_num=10 team_size=16
[OMPT] implicit_task_begin: parallel_id=281474976710773 thread_num=8 team_size=16
[OMPT] implicit_task_begin: parallel_id=281474976710773 thread_num=15 team_size=16
[OMPT] implicit_task_begin: parallel_id=281474976710773 thread_num=11 team_size=16
[OMPT] implicit_task_begin: parallel_id=281474976710773 thread_num=1 team_size=16
[OMPT] implicit_task_end: parallel_id=0 thread_num=5
[OMPT] implicit_task_end: parallel_id=0 thread_num=7
[OMPT] implicit_task_begin: parallel_id=281474976710773 thread_num=2 team_size=16
[OMPT] implicit_task_begin: parallel_id=281474976710773 thread_num=4 team_size=16
[OMPT] implicit_task_begin: parallel_id=281474976710773 thread_num=7 team_size=16
[OMPT] implicit_task_begin: parallel_id=281474976710773 thread_num=6 team_size=16
[OMPT] implicit_task_begin: parallel_id=281474976710773 thread_num=5 team_size=16
[OMPT][WIN100ms] ompt_id=281474976710657 tid=85231  tipo=ompt_thread_initial    cpu=  1 numa=0  d_rm=   10707  d_instr=1471378508  d_cyc= 374281773  d_all= 9517342  IPC=3.931  ratio_rm=0.0011
[OMPT][WIN100ms] ompt_id=562949953421313 tid=85233  tipo=ompt_thread_worker     cpu=169 numa=0  d_rm=    7200  d_instr=1467007316  d_cyc= 373105402  d_all= 9480196  IPC=3.932  ratio_rm=0.0008
[OMPT][WIN100ms] ompt_id=844424930131969 tid=85234  tipo=ompt_thread_worker     cpu=120 numa=1  d_rm=      57  d_instr=1464584290  d_cyc= 372191015  d_all= 9458270  IPC=3.935  ratio_rm=0.0000
[OMPT][WIN100ms] ompt_id=1125899906842625 tid=85235  tipo=ompt_thread_worker     cpu= 32 numa=0  d_rm=     422  d_instr=1461802974  d_cyc= 373849377  d_all= 9441508  IPC=3.910  ratio_rm=0.0000
[OMPT][WIN100ms] ompt_id=1407374883553281 tid=85236  tipo=ompt_thread_worker     cpu=104 numa=1  d_rm=      25  d_instr=1458580422  d_cyc= 372462878  d_all= 9420739  IPC=3.916  ratio_rm=0.0000
[OMPT][WIN100ms] ompt_id=1688849860263937 tid=85237  tipo=ompt_thread_worker     cpu= 64 numa=1  d_rm=      20  d_instr=1462494332  d_cyc= 373331356  d_all= 9441253  IPC=3.917  ratio_rm=0.0000
[OMPT][WIN100ms] ompt_id=1970324836974593 tid=85238  tipo=ompt_thread_worker     cpu= 81 numa=1  d_rm=      25  d_instr=1468443632  d_cyc= 373225709  d_all= 9482177  IPC=3.934  ratio_rm=0.0000
[OMPT][WIN100ms] ompt_id=2251799813685249 tid=85239  tipo=ompt_thread_worker     cpu=247 numa=1  d_rm=      73  d_instr=1463357013  d_cyc= 372812508  d_all= 9439449  IPC=3.925  ratio_rm=0.0000
[OMPT][WIN100ms] ompt_id=2533274790395905 tid=85240  tipo=ompt_thread_worker     cpu= 16 numa=0  d_rm=   14612  d_instr=1298420667  d_cyc= 339687300  d_all= 8389111  IPC=3.822  ratio_rm=0.0017
[OMPT][WIN100ms] ompt_id=2814749767106561 tid=85243  tipo=ompt_thread_worker     cpu= 48 numa=0  d_rm=    7432  d_instr=1456613920  d_cyc= 373013320  d_all= 9408749  IPC=3.905  ratio_rm=0.0008
[OMPT][WIN100ms] ompt_id=3096224743817217 tid=85242  tipo=ompt_thread_worker     cpu=  0 numa=0  d_rm=    7901  d_instr=1477713595  d_cyc= 373457835  d_all= 9559149  IPC=3.957  ratio_rm=0.0008
[OMPT][WIN100ms] ompt_id=3377699720527873 tid=85241  tipo=ompt_thread_worker     cpu=207 numa=1  d_rm=      30  d_instr=1466974586  d_cyc= 373568522  d_all= 9473012  IPC=3.927  ratio_rm=0.0000
[OMPT][WIN100ms] ompt_id=3659174697238529 tid=85244  tipo=ompt_thread_worker     cpu=223 numa=1  d_rm=      70  d_instr=1464391462  d_cyc= 373679526  d_all= 9448828  IPC=3.919  ratio_rm=0.0000
[OMPT][WIN100ms] ompt_id=3940649673949185 tid=85245  tipo=ompt_thread_worker     cpu=141 numa=0  d_rm=     366  d_instr=1464400110  d_cyc= 373998849  d_all= 9459304  IPC=3.916  ratio_rm=0.0000
[OMPT][WIN100ms] ompt_id=4222124650659841 tid=85246  tipo=ompt_thread_worker     cpu=239 numa=1  d_rm=      16  d_instr=1462525864  d_cyc= 373485537  d_all= 9433545  IPC=3.916  ratio_rm=0.0000
[OMPT][WIN100ms] ompt_id=4503599627370497 tid=85247  tipo=ompt_thread_worker     cpu=231 numa=1  d_rm=      68  d_instr=1463402593  d_cyc= 372753890  d_all= 9453777  IPC=3.926  ratio_rm=0.0000
[OMPT] implicit_task_end: parallel_id=0 thread_num=0
[OMPT] parallel_end: parallel_id=281474976710773
[OMPT] parallel_begin: parallel_id=281474976710775 team_size=16
[OMPT] implicit_task_end: parallel_id=0 thread_num=4
[OMPT] implicit_task_end: parallel_id=0 thread_num=5
[OMPT] implicit_task_begin: parallel_id=281474976710775 thread_num=4 team_size=16
[OMPT] implicit_task_end: parallel_id=0 thread_num=12
[OMPT] implicit_task_end: parallel_id=0 thread_num=14
[OMPT] implicit_task_end: parallel_id=0 thread_num=3
[OMPT] implicit_task_end: parallel_id=0 thread_num=2
[OMPT] implicit_task_begin: parallel_id=281474976710775 thread_num=3 team_size=16
[OMPT] implicit_task_end: parallel_id=0 thread_num=1
[OMPT] implicit_task_begin: parallel_id=281474976710775 thread_num=2 team_size=16
[OMPT] implicit_task_end: parallel_id=0 thread_num=7
[OMPT] implicit_task_end: parallel_id=0 thread_num=6
[OMPT] implicit_task_end: parallel_id=0 thread_num=8
[OMPT] implicit_task_begin: parallel_id=281474976710775 thread_num=6 team_size=16
[OMPT] implicit_task_end: parallel_id=0 thread_num=10
[OMPT] implicit_task_begin: parallel_id=281474976710775 thread_num=8 team_size=16
[OMPT] implicit_task_begin: parallel_id=281474976710775 thread_num=5 team_size=16
[OMPT] implicit_task_end: parallel_id=0 thread_num=15
[OMPT] implicit_task_begin: parallel_id=281474976710775 thread_num=14 team_size=16
[OMPT] implicit_task_begin: parallel_id=281474976710775 thread_num=0 team_size=16
[OMPT] implicit_task_begin: parallel_id=281474976710775 thread_num=1 team_size=16
[OMPT] implicit_task_begin: parallel_id=281474976710775 thread_num=7 team_size=16
[OMPT] implicit_task_begin: parallel_id=281474976710775 thread_num=15 team_size=16
[OMPT] implicit_task_end: parallel_id=0 thread_num=9
[OMPT] implicit_task_begin: parallel_id=281474976710775 thread_num=10 team_size=16
[OMPT] implicit_task_begin: parallel_id=281474976710775 thread_num=12 team_size=16
[OMPT] implicit_task_end: parallel_id=0 thread_num=13
[OMPT] implicit_task_end: parallel_id=0 thread_num=11
[OMPT] implicit_task_begin: parallel_id=281474976710775 thread_num=9 team_size=16
[OMPT] implicit_task_begin: parallel_id=281474976710775 thread_num=11 team_size=16
[OMPT] implicit_task_begin: parallel_id=281474976710775 thread_num=13 team_size=16
[OMPT][WIN100ms] ompt_id=281474976710657 tid=85231  tipo=ompt_thread_initial    cpu=  1 numa=0  d_rm=   11831  d_instr=1314011269  d_cyc= 369233916  d_all= 8293994  IPC=3.559  ratio_rm=0.0014
[OMPT][WIN100ms] ompt_id=562949953421313 tid=85233  tipo=ompt_thread_worker     cpu=169 numa=0  d_rm=    6650  d_instr=1321849939  d_cyc= 368756756  d_all= 8332664  IPC=3.585  ratio_rm=0.0008
[OMPT][WIN100ms] ompt_id=844424930131969 tid=85234  tipo=ompt_thread_worker     cpu=120 numa=1  d_rm=      38  d_instr=1325628247  d_cyc= 369149298  d_all= 8360677  IPC=3.591  ratio_rm=0.0000
[OMPT][WIN100ms] ompt_id=1125899906842625 tid=85235  tipo=ompt_thread_worker     cpu= 32 numa=0  d_rm=     432  d_instr=1325932450  d_cyc= 369832106  d_all= 8363993  IPC=3.585  ratio_rm=0.0001
[OMPT][WIN100ms] ompt_id=1407374883553281 tid=85236  tipo=ompt_thread_worker     cpu=104 numa=1  d_rm=      24  d_instr=1335822511  d_cyc= 369784781  d_all= 8431129  IPC=3.612  ratio_rm=0.0000
[OMPT][WIN100ms] ompt_id=1688849860263937 tid=85237  tipo=ompt_thread_worker     cpu= 64 numa=1  d_rm=      23  d_instr=1331892162  d_cyc= 369052859  d_all= 8403905  IPC=3.609  ratio_rm=0.0000
[OMPT][WIN100ms] ompt_id=1970324836974593 tid=85238  tipo=ompt_thread_worker     cpu= 81 numa=1  d_rm=      31  d_instr=1323929386  d_cyc= 368725436  d_all= 8346056  IPC=3.591  ratio_rm=0.0000
[OMPT][WIN100ms] ompt_id=2251799813685249 tid=85239  tipo=ompt_thread_worker     cpu=247 numa=1  d_rm=      21  d_instr=1325058957  d_cyc= 368668305  d_all= 8355466  IPC=3.594  ratio_rm=0.0000
[OMPT][WIN100ms] ompt_id=2533274790395905 tid=85240  tipo=ompt_thread_worker     cpu= 16 numa=0  d_rm=    4883  d_instr=1453170768  d_cyc= 366664836  d_all= 9400383  IPC=3.963  ratio_rm=0.0005
[OMPT][WIN100ms] ompt_id=2814749767106561 tid=85243  tipo=ompt_thread_worker     cpu= 48 numa=0  d_rm=    6839  d_instr=1325827501  d_cyc= 369512888  d_all= 8372300  IPC=3.588  ratio_rm=0.0008
[OMPT][WIN100ms] ompt_id=3096224743817217 tid=85242  tipo=ompt_thread_worker     cpu=  0 numa=0  d_rm=   10824  d_instr=1134632462  d_cyc= 330108011  d_all= 7128688  IPC=3.437  ratio_rm=0.0015
[OMPT][WIN100ms] ompt_id=3377699720527873 tid=85241  tipo=ompt_thread_worker     cpu=207 numa=1  d_rm=     139  d_instr=1324145445  d_cyc= 368993792  d_all= 8343876  IPC=3.589  ratio_rm=0.0000
[OMPT][WIN100ms] ompt_id=3659174697238529 tid=85244  tipo=ompt_thread_worker     cpu=223 numa=1  d_rm=      86  d_instr=1318034225  d_cyc= 368386088  d_all= 8308083  IPC=3.578  ratio_rm=0.0000
[OMPT][WIN100ms] ompt_id=3940649673949185 tid=85245  tipo=ompt_thread_worker     cpu=141 numa=0  d_rm=     357  d_instr=1317870376  d_cyc= 368939803  d_all= 8307739  IPC=3.572  ratio_rm=0.0000
[OMPT][WIN100ms] ompt_id=4222124650659841 tid=85246  tipo=ompt_thread_worker     cpu=239 numa=1  d_rm=      18  d_instr=1322053822  d_cyc= 368833627  d_all= 8332513  IPC=3.584  ratio_rm=0.0000
[OMPT][WIN100ms] ompt_id=4503599627370497 tid=85247  tipo=ompt_thread_worker     cpu=231 numa=1  d_rm=      35  d_instr=1315763223  d_cyc= 368839593  d_all= 8302374  IPC=3.567  ratio_rm=0.0000
[OMPT] implicit_task_end: parallel_id=0 thread_num=0
[OMPT] parallel_end: parallel_id=281474976710775
[OMPT] parallel_begin: parallel_id=281474976710777 team_size=16
[OMPT] implicit_task_end: parallel_id=0 thread_num=12
[OMPT] implicit_task_end: parallel_id=0 thread_num=14
[OMPT] implicit_task_begin: parallel_id=281474976710777 thread_num=12 team_size=16
[OMPT] implicit_task_end: parallel_id=0 thread_num=4
[OMPT] implicit_task_end: parallel_id=0 thread_num=5
[OMPT] implicit_task_end: parallel_id=0 thread_num=3
[OMPT] implicit_task_end: parallel_id=0 thread_num=1
[OMPT] implicit_task_begin: parallel_id=281474976710777 thread_num=0 team_size=16
[OMPT] implicit_task_begin: parallel_id=281474976710777 thread_num=1 team_size=16
[OMPT] implicit_task_end: parallel_id=0 thread_num=15
[OMPT] implicit_task_end: parallel_id=0 thread_num=13
[OMPT] implicit_task_begin: parallel_id=281474976710777 thread_num=15 team_size=16
[OMPT] implicit_task_end: parallel_id=0 thread_num=8
[OMPT] implicit_task_end: parallel_id=0 thread_num=10
[OMPT] implicit_task_begin: parallel_id=281474976710777 thread_num=8 team_size=16
[OMPT] implicit_task_end: parallel_id=0 thread_num=7
[OMPT] implicit_task_begin: parallel_id=281474976710777 thread_num=4 team_size=16
[OMPT] implicit_task_end: parallel_id=0 thread_num=2
[OMPT] implicit_task_begin: parallel_id=281474976710777 thread_num=5 team_size=16
[OMPT] implicit_task_begin: parallel_id=281474976710777 thread_num=3 team_size=16
[OMPT] implicit_task_begin: parallel_id=281474976710777 thread_num=13 team_size=16
[OMPT] implicit_task_end: parallel_id=0 thread_num=9
[OMPT] implicit_task_end: parallel_id=0 thread_num=11
[OMPT] implicit_task_begin: parallel_id=281474976710777 thread_num=10 team_size=16
[OMPT] implicit_task_begin: parallel_id=281474976710777 thread_num=11 team_size=16
[OMPT] implicit_task_end: parallel_id=0 thread_num=6
[OMPT] implicit_task_begin: parallel_id=281474976710777 thread_num=7 team_size=16
[OMPT] implicit_task_begin: parallel_id=281474976710777 thread_num=2 team_size=16
[OMPT] implicit_task_begin: parallel_id=281474976710777 thread_num=6 team_size=16
[OMPT] implicit_task_begin: parallel_id=281474976710777 thread_num=9 team_size=16
[OMPT] implicit_task_begin: parallel_id=281474976710777 thread_num=14 team_size=16
[OMPT][WIN100ms] ompt_id=281474976710657 tid=85231  tipo=ompt_thread_initial    cpu=  1 numa=0  d_rm=   10000  d_instr=1281684779  d_cyc= 368501196  d_all= 8038456  IPC=3.478  ratio_rm=0.0012
[OMPT][WIN100ms] ompt_id=562949953421313 tid=85233  tipo=ompt_thread_worker     cpu=169 numa=0  d_rm=    6726  d_instr=1289171542  d_cyc= 368382026  d_all= 8069682  IPC=3.500  ratio_rm=0.0008
[OMPT][WIN100ms] ompt_id=844424930131969 tid=85234  tipo=ompt_thread_worker     cpu=120 numa=1  d_rm=      42  d_instr=1273246509  d_cyc= 366665255  d_all= 7967527  IPC=3.473  ratio_rm=0.0000
[OMPT][WIN100ms] ompt_id=1125899906842625 tid=85235  tipo=ompt_thread_worker     cpu= 32 numa=0  d_rm=     463  d_instr=1280242811  d_cyc= 367806497  d_all= 8005340  IPC=3.481  ratio_rm=0.0001
[OMPT][WIN100ms] ompt_id=1407374883553281 tid=85236  tipo=ompt_thread_worker     cpu=104 numa=1  d_rm=      24  d_instr=1281028903  d_cyc= 367278854  d_all= 8004534  IPC=3.488  ratio_rm=0.0000
[OMPT][WIN100ms] ompt_id=1688849860263937 tid=85237  tipo=ompt_thread_worker     cpu= 64 numa=1  d_rm=      25  d_instr=1277865048  d_cyc= 367294213  d_all= 7985836  IPC=3.479  ratio_rm=0.0000
[OMPT][WIN100ms] ompt_id=1970324836974593 tid=85238  tipo=ompt_thread_worker     cpu= 81 numa=1  d_rm=      13  d_instr=1287302225  d_cyc= 366928411  d_all= 8053788  IPC=3.508  ratio_rm=0.0000
[OMPT][WIN100ms] ompt_id=2251799813685249 tid=85239  tipo=ompt_thread_worker     cpu=247 numa=1  d_rm=      23  d_instr=1278652389  d_cyc= 367030940  d_all= 7999571  IPC=3.484  ratio_rm=0.0000
[OMPT][WIN100ms] ompt_id=2533274790395905 tid=85240  tipo=ompt_thread_worker     cpu= 16 numa=0  d_rm=    4105  d_instr=1274053823  d_cyc= 362179044  d_all= 8001271  IPC=3.518  ratio_rm=0.0005
[OMPT][WIN100ms] ompt_id=2814749767106561 tid=85243  tipo=ompt_thread_worker     cpu= 48 numa=0  d_rm=   11279  d_instr=1141795112  d_cyc= 339508952  d_all= 7130364  IPC=3.363  ratio_rm=0.0016
[OMPT][WIN100ms] ompt_id=3096224743817217 tid=85242  tipo=ompt_thread_worker     cpu=  0 numa=0  d_rm=    6645  d_instr=1420061893  d_cyc= 364716731  d_all= 9187634  IPC=3.894  ratio_rm=0.0007
[OMPT][WIN100ms] ompt_id=3377699720527873 tid=85241  tipo=ompt_thread_worker     cpu=207 numa=1  d_rm=     104  d_instr=1278955079  d_cyc= 367667106  d_all= 7999788  IPC=3.479  ratio_rm=0.0000
[OMPT][WIN100ms] ompt_id=3659174697238529 tid=85244  tipo=ompt_thread_worker     cpu=223 numa=1  d_rm=      82  d_instr=1276640763  d_cyc= 367847104  d_all= 7991980  IPC=3.471  ratio_rm=0.0000
[OMPT][WIN100ms] ompt_id=3940649673949185 tid=85245  tipo=ompt_thread_worker     cpu=141 numa=0  d_rm=     368  d_instr=1283168450  d_cyc= 367897437  d_all= 8040400  IPC=3.488  ratio_rm=0.0000
[OMPT][WIN100ms] ompt_id=4222124650659841 tid=85246  tipo=ompt_thread_worker     cpu=239 numa=1  d_rm=      13  d_instr=1281584865  d_cyc= 366682517  d_all= 8018683  IPC=3.495  ratio_rm=0.0000
[OMPT][WIN100ms] ompt_id=4503599627370497 tid=85247  tipo=ompt_thread_worker     cpu=231 numa=1  d_rm=      17  d_instr=1294888158  d_cyc= 367730983  d_all= 8120030  IPC=3.521  ratio_rm=0.0000
[OMPT] implicit_task_end: parallel_id=0 thread_num=0
[OMPT] parallel_end: parallel_id=281474976710777
[OMPT] parallel_begin: parallel_id=281474976710779 team_size=16
[OMPT] implicit_task_end: parallel_id=0 thread_num=4
[OMPT] implicit_task_end: parallel_id=0 thread_num=7
[OMPT] implicit_task_begin: parallel_id=281474976710779 thread_num=4 team_size=16
[OMPT] implicit_task_end: parallel_id=0 thread_num=1
[OMPT] implicit_task_begin: parallel_id=281474976710779 thread_num=7 team_size=16
[OMPT] implicit_task_end: parallel_id=0 thread_num=8
[OMPT] implicit_task_end: parallel_id=0 thread_num=9
[OMPT] implicit_task_end: parallel_id=0 thread_num=3
[OMPT] implicit_task_begin: parallel_id=281474976710779 thread_num=3 team_size=16
[OMPT] implicit_task_end: parallel_id=0 thread_num=6
[OMPT] implicit_task_end: parallel_id=0 thread_num=12
[OMPT] implicit_task_end: parallel_id=0 thread_num=14
[OMPT] implicit_task_end: parallel_id=0 thread_num=13
[OMPT] implicit_task_begin: parallel_id=281474976710779 thread_num=12 team_size=16
[OMPT] implicit_task_begin: parallel_id=281474976710779 thread_num=14 team_size=16
[OMPT] implicit_task_end: parallel_id=0 thread_num=10
[OMPT] implicit_task_begin: parallel_id=281474976710779 thread_num=0 team_size=16
[OMPT] implicit_task_begin: parallel_id=281474976710779 thread_num=8 team_size=16
[OMPT] implicit_task_begin: parallel_id=281474976710779 thread_num=10 team_size=16
[OMPT] implicit_task_begin: parallel_id=281474976710779 thread_num=9 team_size=16
[OMPT] implicit_task_end: parallel_id=0 thread_num=5
[OMPT] implicit_task_begin: parallel_id=281474976710779 thread_num=6 team_size=16
[OMPT] implicit_task_begin: parallel_id=281474976710779 thread_num=5 team_size=16
[OMPT] implicit_task_end: parallel_id=0 thread_num=15
[OMPT] implicit_task_end: parallel_id=0 thread_num=2
[OMPT] implicit_task_begin: parallel_id=281474976710779 thread_num=15 team_size=16
[OMPT] implicit_task_begin: parallel_id=281474976710779 thread_num=1 team_size=16
[OMPT] implicit_task_end: parallel_id=0 thread_num=11
[OMPT] implicit_task_begin: parallel_id=281474976710779 thread_num=13 team_size=16
[OMPT] implicit_task_begin: parallel_id=281474976710779 thread_num=11 team_size=16
[OMPT] implicit_task_begin: parallel_id=281474976710779 thread_num=2 team_size=16
[OMPT][WIN100ms] ompt_id=281474976710657 tid=85231  tipo=ompt_thread_initial    cpu=  1 numa=0  d_rm=    9103  d_instr=1296649468  d_cyc= 368496559  d_all= 8134316  IPC=3.519  ratio_rm=0.0011
[OMPT][WIN100ms] ompt_id=562949953421313 tid=85233  tipo=ompt_thread_worker     cpu=169 numa=0  d_rm=    5982  d_instr=1291693523  d_cyc= 367681803  d_all= 8090491  IPC=3.513  ratio_rm=0.0007
[OMPT][WIN100ms] ompt_id=844424930131969 tid=85234  tipo=ompt_thread_worker     cpu=120 numa=1  d_rm=      58  d_instr=1298715070  d_cyc= 367162500  d_all= 8156546  IPC=3.537  ratio_rm=0.0000
[OMPT][WIN100ms] ompt_id=1125899906842625 tid=85235  tipo=ompt_thread_worker     cpu= 32 numa=0  d_rm=     473  d_instr=1302299199  d_cyc= 368745205  d_all= 8170445  IPC=3.532  ratio_rm=0.0001
[OMPT][WIN100ms] ompt_id=1407374883553281 tid=85236  tipo=ompt_thread_worker     cpu=104 numa=1  d_rm=      30  d_instr=1296422389  d_cyc= 368854118  d_all= 8128848  IPC=3.515  ratio_rm=0.0000
[OMPT][WIN100ms] ompt_id=1688849860263937 tid=85237  tipo=ompt_thread_worker     cpu= 64 numa=1  d_rm=      26  d_instr=1294284791  d_cyc= 367768536  d_all= 8118690  IPC=3.519  ratio_rm=0.0000
[OMPT][WIN100ms] ompt_id=1970324836974593 tid=85238  tipo=ompt_thread_worker     cpu= 81 numa=1  d_rm=      16  d_instr=1294280245  d_cyc= 367445535  d_all= 8106864  IPC=3.522  ratio_rm=0.0000
[OMPT][WIN100ms] ompt_id=2251799813685249 tid=85239  tipo=ompt_thread_worker     cpu=247 numa=1  d_rm=      17  d_instr=1304978138  d_cyc= 368988130  d_all= 8186584  IPC=3.537  ratio_rm=0.0000
[OMPT][WIN100ms] ompt_id=2533274790395905 tid=85240  tipo=ompt_thread_worker     cpu= 16 numa=0  d_rm=    3413  d_instr=1305081025  d_cyc= 368421241  d_all= 8192445  IPC=3.542  ratio_rm=0.0004
[OMPT][WIN100ms] ompt_id=2814749767106561 tid=85243  tipo=ompt_thread_worker     cpu= 48 numa=0  d_rm=    6788  d_instr=1393306142  d_cyc= 356804271  d_all= 9025481  IPC=3.905  ratio_rm=0.0008
[OMPT][WIN100ms] ompt_id=3096224743817217 tid=85242  tipo=ompt_thread_worker     cpu= 56 numa=0  d_rm=    3723  d_instr=1295827792  d_cyc= 361891979  d_all= 8178645  IPC=3.581  ratio_rm=0.0005
[OMPT][WIN100ms] ompt_id=3377699720527873 tid=85241  tipo=ompt_thread_worker     cpu=207 numa=1  d_rm=     131  d_instr=1305672989  d_cyc= 368265332  d_all= 8195286  IPC=3.545  ratio_rm=0.0000
[OMPT][WIN100ms] ompt_id=3659174697238529 tid=85244  tipo=ompt_thread_worker     cpu=223 numa=1  d_rm=      99  d_instr=1304829928  d_cyc= 367560099  d_all= 8201757  IPC=3.550  ratio_rm=0.0000
[OMPT][WIN100ms] ompt_id=3940649673949185 tid=85245  tipo=ompt_thread_worker     cpu=141 numa=0  d_rm=     445  d_instr=1292686806  d_cyc= 367508654  d_all= 8113871  IPC=3.517  ratio_rm=0.0001
[OMPT][WIN100ms] ompt_id=4222124650659841 tid=85246  tipo=ompt_thread_worker     cpu=239 numa=1  d_rm=     174  d_instr=1290393122  d_cyc= 368611853  d_all= 8095083  IPC=3.501  ratio_rm=0.0000
[OMPT][WIN100ms] ompt_id=4503599627370497 tid=85247  tipo=ompt_thread_worker     cpu=231 numa=1  d_rm=      38  d_instr=1298263011  d_cyc= 368062547  d_all= 8142569  IPC=3.527  ratio_rm=0.0000
[OMPT] implicit_task_end: parallel_id=0 thread_num=0
[OMPT] parallel_end: parallel_id=281474976710779
[OMPT] parallel_begin: parallel_id=281474976710781 team_size=16
[OMPT] implicit_task_end: parallel_id=0 thread_num=4
[OMPT] implicit_task_end: parallel_id=0 thread_num=5
[OMPT] implicit_task_begin: parallel_id=281474976710781 thread_num=5 team_size=16
[OMPT] implicit_task_end: parallel_id=0 thread_num=12
[OMPT] implicit_task_end: parallel_id=0 thread_num=14
[OMPT] implicit_task_end: parallel_id=0 thread_num=13
[OMPT] implicit_task_end: parallel_id=0 thread_num=3
[OMPT] implicit_task_end: parallel_id=0 thread_num=8
[OMPT] implicit_task_end: parallel_id=0 thread_num=9
[OMPT] implicit_task_begin: parallel_id=281474976710781 thread_num=8 team_size=16
[OMPT] implicit_task_end: parallel_id=0 thread_num=6
[OMPT] implicit_task_begin: parallel_id=281474976710781 thread_num=4 team_size=16
[OMPT] implicit_task_end: parallel_id=0 thread_num=15
[OMPT] implicit_task_begin: parallel_id=281474976710781 thread_num=0 team_size=16
[OMPT] implicit_task_begin: parallel_id=281474976710781 thread_num=12 team_size=16
[OMPT] implicit_task_begin: parallel_id=281474976710781 thread_num=14 team_size=16
[OMPT] implicit_task_begin: parallel_id=281474976710781 thread_num=13 team_size=16
[OMPT] implicit_task_end: parallel_id=0 thread_num=1
[OMPT] implicit_task_begin: parallel_id=281474976710781 thread_num=3 team_size=16
[OMPT] implicit_task_begin: parallel_id=281474976710781 thread_num=1 team_size=16
[OMPT] implicit_task_end: parallel_id=0 thread_num=11
[OMPT] implicit_task_end: parallel_id=0 thread_num=10
[OMPT] implicit_task_end: parallel_id=0 thread_num=2
[OMPT] implicit_task_begin: parallel_id=281474976710781 thread_num=10 team_size=16
[OMPT] implicit_task_begin: parallel_id=281474976710781 thread_num=9 team_size=16
[OMPT] implicit_task_end: parallel_id=0 thread_num=7
[OMPT] implicit_task_begin: parallel_id=281474976710781 thread_num=6 team_size=16
[OMPT] implicit_task_begin: parallel_id=281474976710781 thread_num=15 team_size=16
[OMPT] implicit_task_begin: parallel_id=281474976710781 thread_num=7 team_size=16
[OMPT] implicit_task_begin: parallel_id=281474976710781 thread_num=11 team_size=16
[OMPT] implicit_task_begin: parallel_id=281474976710781 thread_num=2 team_size=16
[OMPT][WIN100ms] ompt_id=281474976710657 tid=85231  tipo=ompt_thread_initial    cpu=  1 numa=0  d_rm=   13980  d_instr=1344613333  d_cyc= 343538865  d_all= 8703838  IPC=3.914  ratio_rm=0.0016
[OMPT][WIN100ms] ompt_id=562949953421313 tid=85233  tipo=ompt_thread_worker     cpu=169 numa=0  d_rm=    7170  d_instr=1467201251  d_cyc= 372994933  d_all= 9487688  IPC=3.934  ratio_rm=0.0008
[OMPT][WIN100ms] ompt_id=844424930131969 tid=85234  tipo=ompt_thread_worker     cpu=120 numa=1  d_rm=      51  d_instr=1468300840  d_cyc= 372234987  d_all= 9489128  IPC=3.945  ratio_rm=0.0000
[OMPT][WIN100ms] ompt_id=1125899906842625 tid=85235  tipo=ompt_thread_worker     cpu= 32 numa=0  d_rm=     473  d_instr=1466829991  d_cyc= 373227343  d_all= 9472627  IPC=3.930  ratio_rm=0.0000
[OMPT][WIN100ms] ompt_id=1407374883553281 tid=85236  tipo=ompt_thread_worker     cpu=104 numa=1  d_rm=      34  d_instr=1465045412  d_cyc= 372966295  d_all= 9463430  IPC=3.928  ratio_rm=0.0000
[OMPT][WIN100ms] ompt_id=1688849860263937 tid=85237  tipo=ompt_thread_worker     cpu= 64 numa=1  d_rm=      19  d_instr=1480258426  d_cyc= 374069880  d_all= 9563207  IPC=3.957  ratio_rm=0.0000
[OMPT][WIN100ms] ompt_id=1970324836974593 tid=85238  tipo=ompt_thread_worker     cpu= 81 numa=1  d_rm=      33  d_instr=1464085622  d_cyc= 372358299  d_all= 9458397  IPC=3.932  ratio_rm=0.0000
[OMPT][WIN100ms] ompt_id=2251799813685249 tid=85239  tipo=ompt_thread_worker     cpu=247 numa=1  d_rm=      33  d_instr=1466293154  d_cyc= 372276768  d_all= 9465893  IPC=3.939  ratio_rm=0.0000
[OMPT][WIN100ms] ompt_id=2533274790395905 tid=85240  tipo=ompt_thread_worker     cpu= 16 numa=0  d_rm=    4355  d_instr=1469341810  d_cyc= 373834910  d_all= 9485767  IPC=3.930  ratio_rm=0.0005
[OMPT][WIN100ms] ompt_id=2814749767106561 tid=85243  tipo=ompt_thread_worker     cpu= 48 numa=0  d_rm=    4013  d_instr=1467650771  d_cyc= 373606616  d_all= 9494704  IPC=3.928  ratio_rm=0.0004
[OMPT][WIN100ms] ompt_id=3096224743817217 tid=85242  tipo=ompt_thread_worker     cpu= 56 numa=0  d_rm=    4260  d_instr=1463680233  d_cyc= 373608030  d_all= 9455631  IPC=3.918  ratio_rm=0.0005
[OMPT][WIN100ms] ompt_id=3377699720527873 tid=85241  tipo=ompt_thread_worker     cpu=207 numa=1  d_rm=     159  d_instr=1466029301  d_cyc= 373137448  d_all= 9464143  IPC=3.929  ratio_rm=0.0000
[OMPT][WIN100ms] ompt_id=3659174697238529 tid=85244  tipo=ompt_thread_worker     cpu=223 numa=1  d_rm=      73  d_instr=1473135486  d_cyc= 373250709  d_all= 9522894  IPC=3.947  ratio_rm=0.0000
[OMPT][WIN100ms] ompt_id=3940649673949185 tid=85245  tipo=ompt_thread_worker     cpu=141 numa=0  d_rm=     435  d_instr=1474357242  d_cyc= 373817949  d_all= 9533871  IPC=3.944  ratio_rm=0.0000
[OMPT][WIN100ms] ompt_id=4222124650659841 tid=85246  tipo=ompt_thread_worker     cpu=239 numa=1  d_rm=     111  d_instr=1479188344  d_cyc= 373436037  d_all= 9564467  IPC=3.961  ratio_rm=0.0000
[OMPT][WIN100ms] ompt_id=4503599627370497 tid=85247  tipo=ompt_thread_worker     cpu=231 numa=1  d_rm=      64  d_instr=1463684026  d_cyc= 370906495  d_all= 9477848  IPC=3.946  ratio_rm=0.0000
[OMPT] implicit_task_end: parallel_id=0 thread_num=0
[OMPT] parallel_end: parallel_id=281474976710781
[OMPT] parallel_begin: parallel_id=281474976710783 team_size=16
[OMPT] implicit_task_end: parallel_id=0 thread_num=12
[OMPT] implicit_task_end: parallel_id=0 thread_num=14
[OMPT] implicit_task_begin: parallel_id=281474976710783 thread_num=12 team_size=16
[OMPT] implicit_task_end: parallel_id=0 thread_num=8
[OMPT] implicit_task_end: parallel_id=0 thread_num=9
[OMPT] implicit_task_begin: parallel_id=281474976710783 thread_num=8 team_size=16
[OMPT] implicit_task_end: parallel_id=0 thread_num=1
[OMPT] implicit_task_begin: parallel_id=281474976710783 thread_num=0 team_size=16
[OMPT] implicit_task_begin: parallel_id=281474976710783 thread_num=1 team_size=16
[OMPT] implicit_task_end: parallel_id=0 thread_num=15
[OMPT] implicit_task_end: parallel_id=0 thread_num=13
[OMPT] implicit_task_end: parallel_id=0 thread_num=4
[OMPT] implicit_task_begin: parallel_id=281474976710783 thread_num=13 team_size=16
[OMPT] implicit_task_end: parallel_id=0 thread_num=5
[OMPT] implicit_task_end: parallel_id=0 thread_num=10
[OMPT] implicit_task_end: parallel_id=0 thread_num=11
[OMPT] implicit_task_begin: parallel_id=281474976710783 thread_num=10 team_size=16
[OMPT] implicit_task_end: parallel_id=0 thread_num=2
[OMPT] implicit_task_end: parallel_id=0 thread_num=3
[OMPT] implicit_task_begin: parallel_id=281474976710783 thread_num=2 team_size=16
[OMPT] implicit_task_begin: parallel_id=281474976710783 thread_num=9 team_size=16
[OMPT] implicit_task_begin: parallel_id=281474976710783 thread_num=15 team_size=16
[OMPT] implicit_task_end: parallel_id=0 thread_num=7
[OMPT] implicit_task_end: parallel_id=0 thread_num=6
[OMPT] implicit_task_begin: parallel_id=281474976710783 thread_num=4 team_size=16
[OMPT] implicit_task_begin: parallel_id=281474976710783 thread_num=7 team_size=16
[OMPT] implicit_task_begin: parallel_id=281474976710783 thread_num=14 team_size=16
[OMPT] implicit_task_begin: parallel_id=281474976710783 thread_num=5 team_size=16
[OMPT] implicit_task_begin: parallel_id=281474976710783 thread_num=11 team_size=16
[OMPT] implicit_task_begin: parallel_id=281474976710783 thread_num=3 team_size=16
[OMPT] implicit_task_begin: parallel_id=281474976710783 thread_num=6 team_size=16
[OMPT][WIN100ms] ompt_id=281474976710657 tid=85231  tipo=ompt_thread_initial    cpu=  1 numa=0  d_rm=    8779  d_instr=1421740253  d_cyc= 363070955  d_all= 9213582  IPC=3.916  ratio_rm=0.0010
[OMPT][WIN100ms] ompt_id=562949953421313 tid=85233  tipo=ompt_thread_worker     cpu=169 numa=0  d_rm=    5670  d_instr=1234995860  d_cyc= 337245964  d_all= 7814402  IPC=3.662  ratio_rm=0.0007
[OMPT][WIN100ms] ompt_id=844424930131969 tid=85234  tipo=ompt_thread_worker     cpu=120 numa=1  d_rm=      44  d_instr=1356270232  d_cyc= 369558512  d_all= 8608690  IPC=3.670  ratio_rm=0.0000
[OMPT][WIN100ms] ompt_id=1125899906842625 tid=85235  tipo=ompt_thread_worker     cpu= 32 numa=0  d_rm=     448  d_instr=1349557403  d_cyc= 369770597  d_all= 8555363  IPC=3.650  ratio_rm=0.0001
[OMPT][WIN100ms] ompt_id=1407374883553281 tid=85236  tipo=ompt_thread_worker     cpu=104 numa=1  d_rm=      25  d_instr=1358868130  d_cyc= 369181758  d_all= 8617942  IPC=3.681  ratio_rm=0.0000
[OMPT][WIN100ms] ompt_id=1688849860263937 tid=85237  tipo=ompt_thread_worker     cpu= 64 numa=1  d_rm=      22  d_instr=1354819260  d_cyc= 369981912  d_all= 8579834  IPC=3.662  ratio_rm=0.0000
[OMPT][WIN100ms] ompt_id=1970324836974593 tid=85238  tipo=ompt_thread_worker     cpu= 81 numa=1  d_rm=      24  d_instr=1360783039  d_cyc= 369941477  d_all= 8628074  IPC=3.678  ratio_rm=0.0000
[OMPT][WIN100ms] ompt_id=2251799813685249 tid=85239  tipo=ompt_thread_worker     cpu=247 numa=1  d_rm=      20  d_instr=1356908756  d_cyc= 370234418  d_all= 8602849  IPC=3.665  ratio_rm=0.0000
[OMPT][WIN100ms] ompt_id=2533274790395905 tid=85240  tipo=ompt_thread_worker     cpu= 16 numa=0  d_rm=    3736  d_instr=1352604799  d_cyc= 370770557  d_all= 8569215  IPC=3.648  ratio_rm=0.0004
[OMPT][WIN100ms] ompt_id=2814749767106561 tid=85243  tipo=ompt_thread_worker     cpu= 48 numa=0  d_rm=    4125  d_instr=1360464030  d_cyc= 369863730  d_all= 8643076  IPC=3.678  ratio_rm=0.0005
[OMPT][WIN100ms] ompt_id=3096224743817217 tid=85242  tipo=ompt_thread_worker     cpu= 56 numa=0  d_rm=    3892  d_instr=1361656334  d_cyc= 370570346  d_all= 8644616  IPC=3.674  ratio_rm=0.0005
[OMPT][WIN100ms] ompt_id=3377699720527873 tid=85241  tipo=ompt_thread_worker     cpu=207 numa=1  d_rm=     111  d_instr=1357759632  d_cyc= 369884093  d_all= 8606318  IPC=3.671  ratio_rm=0.0000
[OMPT][WIN100ms] ompt_id=3659174697238529 tid=85244  tipo=ompt_thread_worker     cpu=223 numa=1  d_rm=      57  d_instr=1348828314  d_cyc= 370378528  d_all= 8543760  IPC=3.642  ratio_rm=0.0000
[OMPT][WIN100ms] ompt_id=3940649673949185 tid=85245  tipo=ompt_thread_worker     cpu=141 numa=0  d_rm=     432  d_instr=1356514209  d_cyc= 370624906  d_all= 8607277  IPC=3.660  ratio_rm=0.0001
[OMPT][WIN100ms] ompt_id=4222124650659841 tid=85246  tipo=ompt_thread_worker     cpu=239 numa=1  d_rm=      94  d_instr=1351572665  d_cyc= 369071638  d_all= 8569214  IPC=3.662  ratio_rm=0.0000
[OMPT][WIN100ms] ompt_id=4503599627370497 tid=85247  tipo=ompt_thread_worker     cpu=231 numa=1  d_rm=      39  d_instr=1360987339  d_cyc= 369449959  d_all= 8637300  IPC=3.684  ratio_rm=0.0000
[OMPT] implicit_task_end: parallel_id=0 thread_num=0
[OMPT] parallel_end: parallel_id=281474976710783
[OMPT] parallel_begin: parallel_id=281474976710785 team_size=16
[OMPT] implicit_task_end: parallel_id=0 thread_num=4
[OMPT] implicit_task_end: parallel_id=0 thread_num=7
[OMPT] implicit_task_begin: parallel_id=281474976710785 thread_num=4 team_size=16
[OMPT] implicit_task_end: parallel_id=0 thread_num=12
[OMPT] implicit_task_end: parallel_id=0 thread_num=14
[OMPT] implicit_task_end: parallel_id=0 thread_num=1
[OMPT] implicit_task_end: parallel_id=0 thread_num=2
[OMPT] implicit_task_begin: parallel_id=281474976710785 thread_num=1 team_size=16
[OMPT] implicit_task_begin: parallel_id=281474976710785 thread_num=0 team_size=16
[OMPT] implicit_task_begin: parallel_id=281474976710785 thread_num=2 team_size=16
[OMPT] implicit_task_end: parallel_id=0 thread_num=5
[OMPT] implicit_task_begin: parallel_id=281474976710785 thread_num=5 team_size=16
[OMPT] implicit_task_end: parallel_id=0 thread_num=8
[OMPT] implicit_task_end: parallel_id=0 thread_num=9
[OMPT] implicit_task_begin: parallel_id=281474976710785 thread_num=7 team_size=16
[OMPT] implicit_task_end: parallel_id=0 thread_num=15
[OMPT] implicit_task_begin: parallel_id=281474976710785 thread_num=12 team_size=16
[OMPT] implicit_task_begin: parallel_id=281474976710785 thread_num=15 team_size=16
[OMPT] implicit_task_end: parallel_id=0 thread_num=3
[OMPT] implicit_task_end: parallel_id=0 thread_num=6
[OMPT] implicit_task_end: parallel_id=0 thread_num=11
[OMPT] implicit_task_end: parallel_id=0 thread_num=10
[OMPT] implicit_task_begin: parallel_id=281474976710785 thread_num=8 team_size=16
[OMPT] implicit_task_end: parallel_id=0 thread_num=13
[OMPT] implicit_task_begin: parallel_id=281474976710785 thread_num=13 team_size=16
[OMPT] implicit_task_begin: parallel_id=281474976710785 thread_num=9 team_size=16
[OMPT] implicit_task_begin: parallel_id=281474976710785 thread_num=14 team_size=16
[OMPT] implicit_task_begin: parallel_id=281474976710785 thread_num=3 team_size=16
[OMPT] implicit_task_begin: parallel_id=281474976710785 thread_num=6 team_size=16
[OMPT] implicit_task_begin: parallel_id=281474976710785 thread_num=11 team_size=16
[OMPT] implicit_task_begin: parallel_id=281474976710785 thread_num=10 team_size=16
[OMPT][WIN100ms] ompt_id=281474976710657 tid=85231  tipo=ompt_thread_initial    cpu=  1 numa=0  d_rm=    9494  d_instr=1325959382  d_cyc= 360247137  d_all= 8437478  IPC=3.681  ratio_rm=0.0011
[OMPT][WIN100ms] ompt_id=562949953421313 tid=85233  tipo=ompt_thread_worker     cpu=169 numa=0  d_rm=    5892  d_instr=1409891469  d_cyc= 356542912  d_all= 9136026  IPC=3.954  ratio_rm=0.0006
[OMPT][WIN100ms] ompt_id=844424930131969 tid=85234  tipo=ompt_thread_worker     cpu=120 numa=1  d_rm=      31  d_instr=1325638995  d_cyc= 368816912  d_all= 8355336  IPC=3.594  ratio_rm=0.0000
[OMPT][WIN100ms] ompt_id=1125899906842625 tid=85235  tipo=ompt_thread_worker     cpu= 32 numa=0  d_rm=     478  d_instr=1311028818  d_cyc= 368027749  d_all= 8257040  IPC=3.562  ratio_rm=0.0001
[OMPT][WIN100ms] ompt_id=1407374883553281 tid=85236  tipo=ompt_thread_worker     cpu=104 numa=1  d_rm=      40  d_instr=1318158106  d_cyc= 369224069  d_all= 8301575  IPC=3.570  ratio_rm=0.0000
[OMPT][WIN100ms] ompt_id=1688849860263937 tid=85237  tipo=ompt_thread_worker     cpu= 64 numa=1  d_rm=       6  d_instr=1315533444  d_cyc= 369050851  d_all= 8279605  IPC=3.565  ratio_rm=0.0000
[OMPT][WIN100ms] ompt_id=1970324836974593 tid=85238  tipo=ompt_thread_worker     cpu= 81 numa=1  d_rm=      11  d_instr=1318587164  d_cyc= 367793438  d_all= 8303085  IPC=3.585  ratio_rm=0.0000
[OMPT][WIN100ms] ompt_id=2251799813685249 tid=85239  tipo=ompt_thread_worker     cpu=247 numa=1  d_rm=      25  d_instr=1321041102  d_cyc= 368826196  d_all= 8314366  IPC=3.582  ratio_rm=0.0000
[OMPT][WIN100ms] ompt_id=2533274790395905 tid=85240  tipo=ompt_thread_worker     cpu= 16 numa=0  d_rm=    3209  d_instr=1317005013  d_cyc= 368441627  d_all= 8296852  IPC=3.575  ratio_rm=0.0004
[OMPT][WIN100ms] ompt_id=2814749767106561 tid=85243  tipo=ompt_thread_worker     cpu= 48 numa=0  d_rm=    3316  d_instr=1312719165  d_cyc= 368937671  d_all= 8274164  IPC=3.558  ratio_rm=0.0004
[OMPT][WIN100ms] ompt_id=3096224743817217 tid=85242  tipo=ompt_thread_worker     cpu= 56 numa=0  d_rm=    3326  d_instr=1309454170  d_cyc= 368811096  d_all= 8249835  IPC=3.550  ratio_rm=0.0004
[OMPT][WIN100ms] ompt_id=3377699720527873 tid=85241  tipo=ompt_thread_worker     cpu=207 numa=1  d_rm=     148  d_instr=1317587090  d_cyc= 368897245  d_all= 8292042  IPC=3.572  ratio_rm=0.0000
[OMPT][WIN100ms] ompt_id=3659174697238529 tid=85244  tipo=ompt_thread_worker     cpu=223 numa=1  d_rm=      70  d_instr=1321673323  d_cyc= 368718183  d_all= 8324547  IPC=3.585  ratio_rm=0.0000
[OMPT][WIN100ms] ompt_id=3940649673949185 tid=85245  tipo=ompt_thread_worker     cpu=141 numa=0  d_rm=     433  d_instr=1313535247  d_cyc= 368804206  d_all= 8275858  IPC=3.562  ratio_rm=0.0001
[OMPT][WIN100ms] ompt_id=4222124650659841 tid=85246  tipo=ompt_thread_worker     cpu=239 numa=1  d_rm=      87  d_instr=1321575895  d_cyc= 368224649  d_all= 8323268  IPC=3.589  ratio_rm=0.0000
[OMPT][WIN100ms] ompt_id=4503599627370497 tid=85247  tipo=ompt_thread_worker     cpu=231 numa=1  d_rm=      19  d_instr=1318101157  d_cyc= 368878551  d_all= 8303477  IPC=3.573  ratio_rm=0.0000
[OMPT] implicit_task_end: parallel_id=0 thread_num=0
[OMPT] parallel_end: parallel_id=281474976710785
[OMPT] parallel_begin: parallel_id=281474976710787 team_size=16
[OMPT] implicit_task_end: parallel_id=0 thread_num=4
[OMPT] implicit_task_end: parallel_id=0 thread_num=6
[OMPT] implicit_task_end: parallel_id=0 thread_num=12
[OMPT] implicit_task_end: parallel_id=0 thread_num=8
[OMPT] implicit_task_end: parallel_id=0 thread_num=3
[OMPT] implicit_task_end: parallel_id=0 thread_num=2
[OMPT] implicit_task_begin: parallel_id=281474976710787 thread_num=3 team_size=16
[OMPT] implicit_task_end: parallel_id=0 thread_num=1
[OMPT] implicit_task_end: parallel_id=0 thread_num=7
[OMPT] implicit_task_end: parallel_id=0 thread_num=5
[OMPT] implicit_task_begin: parallel_id=281474976710787 thread_num=5 team_size=16
[OMPT] implicit_task_begin: parallel_id=281474976710787 thread_num=4 team_size=16
[OMPT] implicit_task_end: parallel_id=0 thread_num=14
[OMPT] implicit_task_begin: parallel_id=281474976710787 thread_num=14 team_size=16
[OMPT] implicit_task_end: parallel_id=0 thread_num=15
[OMPT] implicit_task_end: parallel_id=0 thread_num=13
[OMPT] implicit_task_begin: parallel_id=281474976710787 thread_num=13 team_size=16
[OMPT] implicit_task_begin: parallel_id=281474976710787 thread_num=6 team_size=16
[OMPT] implicit_task_end: parallel_id=0 thread_num=11
[OMPT] implicit_task_end: parallel_id=0 thread_num=10
[OMPT] implicit_task_end: parallel_id=0 thread_num=9
[OMPT] implicit_task_begin: parallel_id=281474976710787 thread_num=12 team_size=16
[OMPT] implicit_task_begin: parallel_id=281474976710787 thread_num=9 team_size=16
[OMPT] implicit_task_begin: parallel_id=281474976710787 thread_num=8 team_size=16
[OMPT] implicit_task_begin: parallel_id=281474976710787 thread_num=0 team_size=16
[OMPT] implicit_task_begin: parallel_id=281474976710787 thread_num=2 team_size=16
[OMPT] implicit_task_begin: parallel_id=281474976710787 thread_num=1 team_size=16
[OMPT] implicit_task_begin: parallel_id=281474976710787 thread_num=7 team_size=16
[OMPT] implicit_task_begin: parallel_id=281474976710787 thread_num=15 team_size=16
[OMPT] implicit_task_begin: parallel_id=281474976710787 thread_num=11 team_size=16
[OMPT] implicit_task_begin: parallel_id=281474976710787 thread_num=10 team_size=16
[OMPT][WIN100ms] ompt_id=281474976710657 tid=85231  tipo=ompt_thread_initial    cpu=  1 numa=0  d_rm=    5773  d_instr=1461813223  d_cyc= 373280937  d_all= 9465436  IPC=3.916  ratio_rm=0.0006
[OMPT][WIN100ms] ompt_id=562949953421313 tid=85233  tipo=ompt_thread_worker     cpu=169 numa=0  d_rm=    3802  d_instr=1467652069  d_cyc= 373036265  d_all= 9472273  IPC=3.934  ratio_rm=0.0004
[OMPT][WIN100ms] ompt_id=844424930131969 tid=85234  tipo=ompt_thread_worker     cpu=120 numa=1  d_rm=      26  d_instr=1466452513  d_cyc= 372231341  d_all= 9464460  IPC=3.940  ratio_rm=0.0000
[OMPT][WIN100ms] ompt_id=1125899906842625 tid=85235  tipo=ompt_thread_worker     cpu= 32 numa=0  d_rm=     420  d_instr=1482043970  d_cyc= 374591721  d_all= 9585063  IPC=3.956  ratio_rm=0.0000
[OMPT][WIN100ms] ompt_id=1407374883553281 tid=85236  tipo=ompt_thread_worker     cpu=104 numa=1  d_rm=      30  d_instr=1471265269  d_cyc= 373045934  d_all= 9496390  IPC=3.944  ratio_rm=0.0000
[OMPT][WIN100ms] ompt_id=1688849860263937 tid=85237  tipo=ompt_thread_worker     cpu= 64 numa=1  d_rm=      24  d_instr=1465276746  d_cyc= 373331500  d_all= 9460178  IPC=3.925  ratio_rm=0.0000
[OMPT][WIN100ms] ompt_id=1970324836974593 tid=85238  tipo=ompt_thread_worker     cpu= 81 numa=1  d_rm=      10  d_instr=1467896562  d_cyc= 372945537  d_all= 9479067  IPC=3.936  ratio_rm=0.0000
[OMPT][WIN100ms] ompt_id=2251799813685249 tid=85239  tipo=ompt_thread_worker     cpu=247 numa=1  d_rm=      28  d_instr=1470665114  d_cyc= 372111490  d_all= 9483325  IPC=3.952  ratio_rm=0.0000
[OMPT][WIN100ms] ompt_id=2533274790395905 tid=85240  tipo=ompt_thread_worker     cpu= 16 numa=0  d_rm=    3175  d_instr=1467354161  d_cyc= 372825981  d_all= 9478877  IPC=3.936  ratio_rm=0.0003
[OMPT][WIN100ms] ompt_id=2814749767106561 tid=85243  tipo=ompt_thread_worker     cpu= 48 numa=0  d_rm=    3283  d_instr=1468173273  d_cyc= 373242137  d_all= 9501443  IPC=3.934  ratio_rm=0.0003
[OMPT][WIN100ms] ompt_id=3096224743817217 tid=85242  tipo=ompt_thread_worker     cpu= 56 numa=0  d_rm=    3411  d_instr=1472345915  d_cyc= 373253624  d_all= 9524249  IPC=3.945  ratio_rm=0.0004
[OMPT][WIN100ms] ompt_id=3377699720527873 tid=85241  tipo=ompt_thread_worker     cpu=207 numa=1  d_rm=     104  d_instr=1462423523  d_cyc= 373006298  d_all= 9440320  IPC=3.921  ratio_rm=0.0000
[OMPT][WIN100ms] ompt_id=3659174697238529 tid=85244  tipo=ompt_thread_worker     cpu=223 numa=1  d_rm=      49  d_instr=1465774330  d_cyc= 372649423  d_all= 9468075  IPC=3.933  ratio_rm=0.0000
[OMPT][WIN100ms] ompt_id=3940649673949185 tid=85245  tipo=ompt_thread_worker     cpu=141 numa=0  d_rm=     468  d_instr=1471600916  d_cyc= 373699662  d_all= 9507338  IPC=3.938  ratio_rm=0.0000
[OMPT][WIN100ms] ompt_id=4222124650659841 tid=85246  tipo=ompt_thread_worker     cpu=239 numa=1  d_rm=      68  d_instr=1476119337  d_cyc= 373258122  d_all= 9530672  IPC=3.955  ratio_rm=0.0000
[OMPT][WIN100ms] ompt_id=4503599627370497 tid=85247  tipo=ompt_thread_worker     cpu=231 numa=1  d_rm=      23  d_instr=1467723285  d_cyc= 372243004  d_all= 9473244  IPC=3.943  ratio_rm=0.0000
[OMPT] implicit_task_end: parallel_id=0 thread_num=0
[OMPT] parallel_end: parallel_id=281474976710787
[OMPT] parallel_begin: parallel_id=281474976710789 team_size=16
[OMPT] implicit_task_end: parallel_id=0 thread_num=8
[OMPT] implicit_task_end: parallel_id=0 thread_num=9
[OMPT] implicit_task_end: parallel_id=0 thread_num=4
[OMPT] implicit_task_end: parallel_id=0 thread_num=12
[OMPT] implicit_task_end: parallel_id=0 thread_num=3
[OMPT] implicit_task_end: parallel_id=0 thread_num=2
[OMPT] implicit_task_begin: parallel_id=281474976710789 thread_num=3 team_size=16
[OMPT] implicit_task_end: parallel_id=0 thread_num=1
[OMPT] implicit_task_begin: parallel_id=281474976710789 thread_num=2 team_size=16
[OMPT] implicit_task_end: parallel_id=0 thread_num=10
[OMPT] implicit_task_end: parallel_id=0 thread_num=11
[OMPT] implicit_task_begin: parallel_id=281474976710789 thread_num=8 team_size=16
[OMPT] implicit_task_begin: parallel_id=281474976710789 thread_num=11 team_size=16
[OMPT] implicit_task_begin: parallel_id=281474976710789 thread_num=9 team_size=16
[OMPT] implicit_task_end: parallel_id=0 thread_num=5
[OMPT] implicit_task_begin: parallel_id=281474976710789 thread_num=5 team_size=16
[OMPT] implicit_task_end: parallel_id=0 thread_num=6
[OMPT] implicit_task_end: parallel_id=0 thread_num=14
[OMPT] implicit_task_begin: parallel_id=281474976710789 thread_num=6 team_size=16
[OMPT] implicit_task_begin: parallel_id=281474976710789 thread_num=14 team_size=16
[OMPT] implicit_task_end: parallel_id=0 thread_num=15
[OMPT] implicit_task_end: parallel_id=0 thread_num=13
[OMPT] implicit_task_begin: parallel_id=281474976710789 thread_num=12 team_size=16
[OMPT] implicit_task_begin: parallel_id=281474976710789 thread_num=0 team_size=16
[OMPT] implicit_task_begin: parallel_id=281474976710789 thread_num=1 team_size=16
[OMPT] implicit_task_begin: parallel_id=281474976710789 thread_num=10 team_size=16
[OMPT] implicit_task_end: parallel_id=0 thread_num=7
[OMPT] implicit_task_begin: parallel_id=281474976710789 thread_num=4 team_size=16
[OMPT] implicit_task_begin: parallel_id=281474976710789 thread_num=15 team_size=16
[OMPT] implicit_task_begin: parallel_id=281474976710789 thread_num=7 team_size=16
[OMPT] implicit_task_begin: parallel_id=281474976710789 thread_num=13 team_size=16
[OMPT][WIN100ms] ompt_id=281474976710657 tid=85231  tipo=ompt_thread_initial    cpu=  1 numa=0  d_rm=    6109  d_instr=1467165487  d_cyc= 373233130  d_all= 9489529  IPC=3.931  ratio_rm=0.0006
[OMPT][WIN100ms] ompt_id=562949953421313 tid=85233  tipo=ompt_thread_worker     cpu=169 numa=0  d_rm=    4020  d_instr=1463230653  d_cyc= 372683786  d_all= 9439021  IPC=3.926  ratio_rm=0.0004
[OMPT][WIN100ms] ompt_id=844424930131969 tid=85234  tipo=ompt_thread_worker     cpu=120 numa=1  d_rm=      33  d_instr=1466529667  d_cyc= 373409581  d_all= 9457335  IPC=3.927  ratio_rm=0.0000
[OMPT][WIN100ms] ompt_id=1125899906842625 tid=85235  tipo=ompt_thread_worker     cpu= 32 numa=0  d_rm=     431  d_instr=1463280320  d_cyc= 373942079  d_all= 9436587  IPC=3.913  ratio_rm=0.0000
[OMPT][WIN100ms] ompt_id=1407374883553281 tid=85236  tipo=ompt_thread_worker     cpu=104 numa=1  d_rm=      30  d_instr=1457153077  d_cyc= 372115939  d_all= 9405005  IPC=3.916  ratio_rm=0.0000
[OMPT][WIN100ms] ompt_id=1688849860263937 tid=85237  tipo=ompt_thread_worker     cpu= 64 numa=1  d_rm=      15  d_instr=1469540125  d_cyc= 373422546  d_all= 9489214  IPC=3.935  ratio_rm=0.0000
[OMPT][WIN100ms] ompt_id=1970324836974593 tid=85238  tipo=ompt_thread_worker     cpu= 81 numa=1  d_rm=      21  d_instr=1462749200  d_cyc= 372818486  d_all= 9441414  IPC=3.923  ratio_rm=0.0000
[OMPT][WIN100ms] ompt_id=2251799813685249 tid=85239  tipo=ompt_thread_worker     cpu=247 numa=1  d_rm=      82  d_instr=1453046522  d_cyc= 371980728  d_all= 9371728  IPC=3.906  ratio_rm=0.0000
[OMPT][WIN100ms] ompt_id=2533274790395905 tid=85240  tipo=ompt_thread_worker     cpu= 16 numa=0  d_rm=    2552  d_instr=1412687105  d_cyc= 360765419  d_all= 9122458  IPC=3.916  ratio_rm=0.0003
[OMPT][WIN100ms] ompt_id=2814749767106561 tid=85243  tipo=ompt_thread_worker     cpu= 48 numa=0  d_rm=    3537  d_instr=1467567350  d_cyc= 373986080  d_all= 9487366  IPC=3.924  ratio_rm=0.0004
[OMPT][WIN100ms] ompt_id=3096224743817217 tid=85242  tipo=ompt_thread_worker     cpu= 56 numa=0  d_rm=    3391  d_instr=1458724351  d_cyc= 372892464  d_all= 9423231  IPC=3.912  ratio_rm=0.0004
[OMPT][WIN100ms] ompt_id=3377699720527873 tid=85241  tipo=ompt_thread_worker     cpu=207 numa=1  d_rm=     147  d_instr=1476677960  d_cyc= 373566355  d_all= 9536198  IPC=3.953  ratio_rm=0.0000
[OMPT][WIN100ms] ompt_id=3659174697238529 tid=85244  tipo=ompt_thread_worker     cpu=223 numa=1  d_rm=      56  d_instr=1456946938  d_cyc= 372559083  d_all= 9405276  IPC=3.911  ratio_rm=0.0000
[OMPT][WIN100ms] ompt_id=3940649673949185 tid=85245  tipo=ompt_thread_worker     cpu=141 numa=0  d_rm=     355  d_instr=1455194945  d_cyc= 372874894  d_all= 9394482  IPC=3.903  ratio_rm=0.0000
[OMPT][WIN100ms] ompt_id=4222124650659841 tid=85246  tipo=ompt_thread_worker     cpu=239 numa=1  d_rm=      88  d_instr=1456373834  d_cyc= 372529990  d_all= 9388061  IPC=3.909  ratio_rm=0.0000
[OMPT][WIN100ms] ompt_id=4503599627370497 tid=85247  tipo=ompt_thread_worker     cpu=231 numa=1  d_rm=      10  d_instr=1459797667  d_cyc= 372360383  d_all= 9425907  IPC=3.920  ratio_rm=0.0000
[OMPT] implicit_task_end: parallel_id=0 thread_num=0
[OMPT] parallel_end: parallel_id=281474976710789
[OMPT] parallel_begin: parallel_id=281474976710791 team_size=16
[OMPT] implicit_task_end: parallel_id=0 thread_num=8
[OMPT] implicit_task_end: parallel_id=0 thread_num=9
[OMPT] implicit_task_begin: parallel_id=281474976710791 thread_num=8 team_size=16
[OMPT] implicit_task_end: parallel_id=0 thread_num=4
[OMPT] implicit_task_begin: parallel_id=281474976710791 thread_num=9 team_size=16
[OMPT] implicit_task_end: parallel_id=0 thread_num=6
[OMPT] implicit_task_end: parallel_id=0 thread_num=2
[OMPT] implicit_task_begin: parallel_id=281474976710791 thread_num=0 team_size=16
[OMPT] implicit_task_begin: parallel_id=281474976710791 thread_num=6 team_size=16
[OMPT] implicit_task_end: parallel_id=0 thread_num=3
[OMPT] implicit_task_begin: parallel_id=281474976710791 thread_num=2 team_size=16
[OMPT] implicit_task_end: parallel_id=0 thread_num=11
[OMPT] implicit_task_end: parallel_id=0 thread_num=10
[OMPT] implicit_task_end: parallel_id=0 thread_num=12
[OMPT] implicit_task_begin: parallel_id=281474976710791 thread_num=10 team_size=16
[OMPT] implicit_task_end: parallel_id=0 thread_num=14
[OMPT] implicit_task_end: parallel_id=0 thread_num=7
[OMPT] implicit_task_end: parallel_id=0 thread_num=5
[OMPT] implicit_task_end: parallel_id=0 thread_num=1
[OMPT] implicit_task_begin: parallel_id=281474976710791 thread_num=3 team_size=16
[OMPT] implicit_task_begin: parallel_id=281474976710791 thread_num=11 team_size=16
[OMPT] implicit_task_begin: parallel_id=281474976710791 thread_num=1 team_size=16
[OMPT] implicit_task_end: parallel_id=0 thread_num=15
[OMPT] implicit_task_end: parallel_id=0 thread_num=13
[OMPT] implicit_task_begin: parallel_id=281474976710791 thread_num=12 team_size=16
[OMPT] implicit_task_begin: parallel_id=281474976710791 thread_num=14 team_size=16
[OMPT] implicit_task_begin: parallel_id=281474976710791 thread_num=4 team_size=16
[OMPT] implicit_task_begin: parallel_id=281474976710791 thread_num=7 team_size=16
[OMPT] implicit_task_begin: parallel_id=281474976710791 thread_num=5 team_size=16
[OMPT] implicit_task_begin: parallel_id=281474976710791 thread_num=15 team_size=16
[OMPT] implicit_task_begin: parallel_id=281474976710791 thread_num=13 team_size=16
[OMPT][WIN100ms] ompt_id=281474976710657 tid=85231  tipo=ompt_thread_initial    cpu=  1 numa=0  d_rm=    5800  d_instr=1429171809  d_cyc= 373392059  d_all= 9197431  IPC=3.828  ratio_rm=0.0006
[OMPT][WIN100ms] ompt_id=562949953421313 tid=85233  tipo=ompt_thread_worker     cpu=169 numa=0  d_rm=    3825  d_instr=1429500808  d_cyc= 372522528  d_all= 9185550  IPC=3.837  ratio_rm=0.0004
[OMPT][WIN100ms] ompt_id=844424930131969 tid=85234  tipo=ompt_thread_worker     cpu=120 numa=1  d_rm=      27  d_instr=1431447210  d_cyc= 372497329  d_all= 9193303  IPC=3.843  ratio_rm=0.0000
[OMPT][WIN100ms] ompt_id=1125899906842625 tid=85235  tipo=ompt_thread_worker     cpu= 32 numa=0  d_rm=     445  d_instr=1430542189  d_cyc= 372373483  d_all= 9189578  IPC=3.842  ratio_rm=0.0000
[OMPT][WIN100ms] ompt_id=1407374883553281 tid=85236  tipo=ompt_thread_worker     cpu=104 numa=1  d_rm=      26  d_instr=1438198663  d_cyc= 371432277  d_all= 9246735  IPC=3.872  ratio_rm=0.0000
[OMPT][WIN100ms] ompt_id=1688849860263937 tid=85237  tipo=ompt_thread_worker     cpu= 64 numa=1  d_rm=      14  d_instr=1426111670  d_cyc= 371716955  d_all= 9156193  IPC=3.837  ratio_rm=0.0000
[OMPT][WIN100ms] ompt_id=1970324836974593 tid=85238  tipo=ompt_thread_worker     cpu= 81 numa=1  d_rm=      35  d_instr=1438230932  d_cyc= 372817806  d_all= 9243510  IPC=3.858  ratio_rm=0.0000
[OMPT][WIN100ms] ompt_id=2251799813685249 tid=85239  tipo=ompt_thread_worker     cpu=247 numa=1  d_rm=      41  d_instr=1438696873  d_cyc= 371879329  d_all= 9250662  IPC=3.869  ratio_rm=0.0000
[OMPT][WIN100ms] ompt_id=2533274790395905 tid=85240  tipo=ompt_thread_worker     cpu= 16 numa=0  d_rm=    1026  d_instr=1384306041  d_cyc= 348626533  d_all= 8959356  IPC=3.971  ratio_rm=0.0001
[OMPT][WIN100ms] ompt_id=2814749767106561 tid=85243  tipo=ompt_thread_worker     cpu= 48 numa=0  d_rm=    3902  d_instr=1431855754  d_cyc= 372484756  d_all= 9209579  IPC=3.844  ratio_rm=0.0004
[OMPT][WIN100ms] ompt_id=3096224743817217 tid=85242  tipo=ompt_thread_worker     cpu= 56 numa=0  d_rm=    3478  d_instr=1405929719  d_cyc= 365292581  d_all= 9044544  IPC=3.849  ratio_rm=0.0004
[OMPT][WIN100ms] ompt_id=3377699720527873 tid=85241  tipo=ompt_thread_worker     cpu=207 numa=1  d_rm=     153  d_instr=1435745692  d_cyc= 372175967  d_all= 9212767  IPC=3.858  ratio_rm=0.0000
[OMPT][WIN100ms] ompt_id=3659174697238529 tid=85244  tipo=ompt_thread_worker     cpu=223 numa=1  d_rm=      72  d_instr=1436603008  d_cyc= 371716356  d_all= 9241801  IPC=3.865  ratio_rm=0.0000
[OMPT][WIN100ms] ompt_id=3940649673949185 tid=85245  tipo=ompt_thread_worker     cpu=141 numa=0  d_rm=     415  d_instr=1433207025  d_cyc= 372680960  d_all= 9220785  IPC=3.846  ratio_rm=0.0000
[OMPT][WIN100ms] ompt_id=4222124650659841 tid=85246  tipo=ompt_thread_worker     cpu=239 numa=1  d_rm=      81  d_instr=1429990977  d_cyc= 372094352  d_all= 9197279  IPC=3.843  ratio_rm=0.0000
[OMPT][WIN100ms] ompt_id=4503599627370497 tid=85247  tipo=ompt_thread_worker     cpu=231 numa=1  d_rm=      25  d_instr=1431437666  d_cyc= 372072262  d_all= 9218095  IPC=3.847  ratio_rm=0.0000
[OMPT] implicit_task_end: parallel_id=0 thread_num=0
[OMPT] parallel_end: parallel_id=281474976710791
[OMPT] parallel_begin: parallel_id=281474976710793 team_size=16
[OMPT] implicit_task_end: parallel_id=0 thread_num=4
[OMPT] implicit_task_end: parallel_id=0 thread_num=7
[OMPT] implicit_task_begin: parallel_id=281474976710793 thread_num=4 team_size=16
[OMPT] implicit_task_begin: parallel_id=281474976710793 thread_num=0 team_size=16
[OMPT] implicit_task_end: parallel_id=0 thread_num=3
[OMPT] implicit_task_end: parallel_id=0 thread_num=1
[OMPT] implicit_task_end: parallel_id=0 thread_num=8
[OMPT] implicit_task_end: parallel_id=0 thread_num=11
[OMPT] implicit_task_end: parallel_id=0 thread_num=5
[OMPT] implicit_task_end: parallel_id=0 thread_num=6
[OMPT] implicit_task_begin: parallel_id=281474976710793 thread_num=5 team_size=16
[OMPT] implicit_task_end: parallel_id=0 thread_num=2
[OMPT] implicit_task_begin: parallel_id=281474976710793 thread_num=7 team_size=16
[OMPT] implicit_task_begin: parallel_id=281474976710793 thread_num=2 team_size=16
[OMPT] implicit_task_begin: parallel_id=281474976710793 thread_num=1 team_size=16
[OMPT] implicit_task_end: parallel_id=0 thread_num=9
[OMPT] implicit_task_end: parallel_id=0 thread_num=10
[OMPT] implicit_task_begin: parallel_id=281474976710793 thread_num=8 team_size=16
[OMPT] implicit_task_begin: parallel_id=281474976710793 thread_num=11 team_size=16
[OMPT] implicit_task_begin: parallel_id=281474976710793 thread_num=10 team_size=16
[OMPT] implicit_task_end: parallel_id=0 thread_num=12
[OMPT] implicit_task_end: parallel_id=0 thread_num=14
[OMPT] implicit_task_begin: parallel_id=281474976710793 thread_num=3 team_size=16
[OMPT] implicit_task_begin: parallel_id=281474976710793 thread_num=12 team_size=16
[OMPT] implicit_task_begin: parallel_id=281474976710793 thread_num=9 team_size=16
[OMPT] implicit_task_begin: parallel_id=281474976710793 thread_num=14 team_size=16
[OMPT] implicit_task_end: parallel_id=0 thread_num=15
[OMPT] implicit_task_begin: parallel_id=281474976710793 thread_num=6 team_size=16
[OMPT] implicit_task_end: parallel_id=0 thread_num=13
[OMPT] implicit_task_begin: parallel_id=281474976710793 thread_num=15 team_size=16
[OMPT] implicit_task_begin: parallel_id=281474976710793 thread_num=13 team_size=16
[OMPT][WIN100ms] ompt_id=281474976710657 tid=85231  tipo=ompt_thread_initial    cpu=  1 numa=0  d_rm=    5828  d_instr=1374724564  d_cyc= 371559622  d_all= 8775879  IPC=3.700  ratio_rm=0.0007
[OMPT][WIN100ms] ompt_id=562949953421313 tid=85233  tipo=ompt_thread_worker     cpu=169 numa=0  d_rm=    3983  d_instr=1382995205  d_cyc= 370324549  d_all= 8813368  IPC=3.735  ratio_rm=0.0005
[OMPT][WIN100ms] ompt_id=844424930131969 tid=85234  tipo=ompt_thread_worker     cpu=120 numa=1  d_rm=      48  d_instr=1378136049  d_cyc= 370082711  d_all= 8776700  IPC=3.724  ratio_rm=0.0000
[OMPT][WIN100ms] ompt_id=1125899906842625 tid=85235  tipo=ompt_thread_worker     cpu= 32 numa=0  d_rm=     457  d_instr=1368954582  d_cyc= 370042349  d_all= 8717467  IPC=3.699  ratio_rm=0.0001
[OMPT][WIN100ms] ompt_id=1407374883553281 tid=85236  tipo=ompt_thread_worker     cpu=104 numa=1  d_rm=      30  d_instr=1378555414  d_cyc= 370829448  d_all= 8778865  IPC=3.717  ratio_rm=0.0000
[OMPT][WIN100ms] ompt_id=1688849860263937 tid=85237  tipo=ompt_thread_worker     cpu= 64 numa=1  d_rm=      16  d_instr=1383408354  d_cyc= 370556219  d_all= 8816675  IPC=3.733  ratio_rm=0.0000
[OMPT][WIN100ms] ompt_id=1970324836974593 tid=85238  tipo=ompt_thread_worker     cpu= 81 numa=1  d_rm=      13  d_instr=1369115941  d_cyc= 369397321  d_all= 8711740  IPC=3.706  ratio_rm=0.0000
[OMPT][WIN100ms] ompt_id=2251799813685249 tid=85239  tipo=ompt_thread_worker     cpu=247 numa=1  d_rm=      31  d_instr=1377313739  d_cyc= 370496422  d_all= 8772397  IPC=3.717  ratio_rm=0.0000
[OMPT][WIN100ms] ompt_id=2533274790395905 tid=85240  tipo=ompt_thread_worker     cpu= 16 numa=0  d_rm=     491  d_instr=1441929475  d_cyc= 366258566  d_all= 9328277  IPC=3.937  ratio_rm=0.0001
[OMPT][WIN100ms] ompt_id=2814749767106561 tid=85243  tipo=ompt_thread_worker     cpu= 48 numa=0  d_rm=    1289  d_instr=1253731833  d_cyc= 338138462  d_all= 7988003  IPC=3.708  ratio_rm=0.0002
[OMPT][WIN100ms] ompt_id=3096224743817217 tid=85242  tipo=ompt_thread_worker     cpu= 56 numa=0  d_rm=     962  d_instr=1287309997  d_cyc= 341259777  d_all= 8236900  IPC=3.772  ratio_rm=0.0001
[OMPT][WIN100ms] ompt_id=3377699720527873 tid=85241  tipo=ompt_thread_worker     cpu=207 numa=1  d_rm=     225  d_instr=1372235468  d_cyc= 370063662  d_all= 8726252  IPC=3.708  ratio_rm=0.0000
[OMPT][WIN100ms] ompt_id=3659174697238529 tid=85244  tipo=ompt_thread_worker     cpu=223 numa=1  d_rm=      60  d_instr=1377483771  d_cyc= 369683209  d_all= 8775842  IPC=3.726  ratio_rm=0.0000
[OMPT][WIN100ms] ompt_id=3940649673949185 tid=85245  tipo=ompt_thread_worker     cpu=141 numa=0  d_rm=     361  d_instr=1382813389  d_cyc= 371307361  d_all= 8818692  IPC=3.724  ratio_rm=0.0000
[OMPT][WIN100ms] ompt_id=4222124650659841 tid=85246  tipo=ompt_thread_worker     cpu=239 numa=1  d_rm=      69  d_instr=1382683243  d_cyc= 371151192  d_all= 8809224  IPC=3.725  ratio_rm=0.0000
[OMPT][WIN100ms] ompt_id=4503599627370497 tid=85247  tipo=ompt_thread_worker     cpu=231 numa=1  d_rm=      17  d_instr=1379424528  d_cyc= 370810515  d_all= 8793417  IPC=3.720  ratio_rm=0.0000
[OMPT] implicit_task_end: parallel_id=0 thread_num=0
[OMPT] parallel_end: parallel_id=281474976710793
[OMPT] parallel_begin: parallel_id=281474976710795 team_size=16
[OMPT] implicit_task_end: parallel_id=0 thread_num=12
[OMPT] implicit_task_end: parallel_id=0 thread_num=14
[OMPT] implicit_task_end: parallel_id=0 thread_num=2
[OMPT] implicit_task_end: parallel_id=0 thread_num=4
[OMPT] implicit_task_begin: parallel_id=281474976710795 thread_num=14 team_size=16
[OMPT] implicit_task_end: parallel_id=0 thread_num=5
[OMPT] implicit_task_begin: parallel_id=281474976710795 thread_num=2 team_size=16
[OMPT] implicit_task_end: parallel_id=0 thread_num=8
[OMPT] implicit_task_begin: parallel_id=281474976710795 thread_num=4 team_size=16
[OMPT] implicit_task_end: parallel_id=0 thread_num=9
[OMPT] implicit_task_begin: parallel_id=281474976710795 thread_num=8 team_size=16
[OMPT] implicit_task_end: parallel_id=0 thread_num=15
[OMPT] implicit_task_begin: parallel_id=281474976710795 thread_num=9 team_size=16
[OMPT] implicit_task_begin: parallel_id=281474976710795 thread_num=12 team_size=16
[OMPT] implicit_task_begin: parallel_id=281474976710795 thread_num=15 team_size=16
[OMPT] implicit_task_end: parallel_id=0 thread_num=6
[OMPT] implicit_task_end: parallel_id=0 thread_num=1
[OMPT] implicit_task_begin: parallel_id=281474976710795 thread_num=6 team_size=16
[OMPT] implicit_task_begin: parallel_id=281474976710795 thread_num=0 team_size=16
[OMPT] implicit_task_end: parallel_id=0 thread_num=3
[OMPT] implicit_task_begin: parallel_id=281474976710795 thread_num=3 team_size=16
[OMPT] implicit_task_begin: parallel_id=281474976710795 thread_num=5 team_size=16
[OMPT] implicit_task_end: parallel_id=0 thread_num=11
[OMPT] implicit_task_end: parallel_id=0 thread_num=10
[OMPT] implicit_task_begin: parallel_id=281474976710795 thread_num=11 team_size=16
[OMPT] implicit_task_end: parallel_id=0 thread_num=13
[OMPT] implicit_task_begin: parallel_id=281474976710795 thread_num=10 team_size=16
[OMPT] implicit_task_begin: parallel_id=281474976710795 thread_num=13 team_size=16
[OMPT] implicit_task_begin: parallel_id=281474976710795 thread_num=1 team_size=16
[OMPT] implicit_task_end: parallel_id=0 thread_num=7
[OMPT] implicit_task_begin: parallel_id=281474976710795 thread_num=7 team_size=16
[OMPT][WIN100ms] ompt_id=281474976710657 tid=85231  tipo=ompt_thread_initial    cpu=  1 numa=0  d_rm=    5549  d_instr=1353872520  d_cyc= 370623268  d_all= 8598457  IPC=3.653  ratio_rm=0.0006
[OMPT][WIN100ms] ompt_id=562949953421313 tid=85233  tipo=ompt_thread_worker     cpu=169 numa=0  d_rm=    3266  d_instr=1348903344  d_cyc= 369694437  d_all= 8540919  IPC=3.649  ratio_rm=0.0004
[OMPT][WIN100ms] ompt_id=844424930131969 tid=85234  tipo=ompt_thread_worker     cpu=120 numa=1  d_rm=      45  d_instr=1356235132  d_cyc= 370406681  d_all= 8592221  IPC=3.661  ratio_rm=0.0000
[OMPT][WIN100ms] ompt_id=1125899906842625 tid=85235  tipo=ompt_thread_worker     cpu= 32 numa=0  d_rm=     455  d_instr=1360098025  d_cyc= 370483575  d_all= 8627632  IPC=3.671  ratio_rm=0.0001
[OMPT][WIN100ms] ompt_id=1407374883553281 tid=85236  tipo=ompt_thread_worker     cpu=104 numa=1  d_rm=      30  d_instr=1358610789  d_cyc= 370384719  d_all= 8601958  IPC=3.668  ratio_rm=0.0000
[OMPT][WIN100ms] ompt_id=1688849860263937 tid=85237  tipo=ompt_thread_worker     cpu= 64 numa=1  d_rm=       9  d_instr=1353301905  d_cyc= 369901695  d_all= 8571298  IPC=3.659  ratio_rm=0.0000
[OMPT][WIN100ms] ompt_id=1970324836974593 tid=85238  tipo=ompt_thread_worker     cpu= 81 numa=1  d_rm=      19  d_instr=1365268773  d_cyc= 370414667  d_all= 8658648  IPC=3.686  ratio_rm=0.0000
[OMPT][WIN100ms] ompt_id=2251799813685249 tid=85239  tipo=ompt_thread_worker     cpu=247 numa=1  d_rm=      25  d_instr=1357931553  d_cyc= 369583280  d_all= 8604221  IPC=3.674  ratio_rm=0.0000
[OMPT][WIN100ms] ompt_id=2533274790395905 tid=85240  tipo=ompt_thread_worker     cpu= 16 numa=0  d_rm=     487  d_instr=1360930344  d_cyc= 371071400  d_all= 8630241  IPC=3.668  ratio_rm=0.0001
[OMPT][WIN100ms] ompt_id=2814749767106561 tid=85243  tipo=ompt_thread_worker     cpu= 48 numa=0  d_rm=     493  d_instr=1439704386  d_cyc= 361669934  d_all= 9321477  IPC=3.981  ratio_rm=0.0001
[OMPT][WIN100ms] ompt_id=3096224743817217 tid=85242  tipo=ompt_thread_worker     cpu= 56 numa=0  d_rm=     574  d_instr=1444335401  d_cyc= 365887214  d_all= 9335495  IPC=3.947  ratio_rm=0.0001
[OMPT][WIN100ms] ompt_id=3377699720527873 tid=85241  tipo=ompt_thread_worker     cpu=207 numa=1  d_rm=     207  d_instr=1360688275  d_cyc= 370855077  d_all= 8618466  IPC=3.669  ratio_rm=0.0000
[OMPT][WIN100ms] ompt_id=3659174697238529 tid=85244  tipo=ompt_thread_worker     cpu=223 numa=1  d_rm=     163  d_instr=1351335661  d_cyc= 369860359  d_all= 8565568  IPC=3.654  ratio_rm=0.0000
[OMPT][WIN100ms] ompt_id=3940649673949185 tid=85245  tipo=ompt_thread_worker     cpu=141 numa=0  d_rm=     426  d_instr=1347572273  d_cyc= 369589658  d_all= 8540807  IPC=3.646  ratio_rm=0.0000
[OMPT][WIN100ms] ompt_id=4222124650659841 tid=85246  tipo=ompt_thread_worker     cpu=239 numa=1  d_rm=      87  d_instr=1358479771  d_cyc= 370374611  d_all= 8605432  IPC=3.668  ratio_rm=0.0000
[OMPT][WIN100ms] ompt_id=4503599627370497 tid=85247  tipo=ompt_thread_worker     cpu=231 numa=1  d_rm=      16  d_instr=1364081691  d_cyc= 370162186  d_all= 8656018  IPC=3.685  ratio_rm=0.0000
[OMPT] implicit_task_end: parallel_id=0 thread_num=0
[OMPT] parallel_end: parallel_id=281474976710795
[OMPT] parallel_begin: parallel_id=281474976710797 team_size=16
[OMPT] implicit_task_end: parallel_id=0 thread_num=12
[OMPT] implicit_task_end: parallel_id=0 thread_num=14
[OMPT] implicit_task_begin: parallel_id=281474976710797 thread_num=12 team_size=16
[OMPT] implicit_task_end: parallel_id=0 thread_num=2
[OMPT] implicit_task_begin: parallel_id=281474976710797 thread_num=0 team_size=16
[OMPT] implicit_task_begin: parallel_id=281474976710797 thread_num=2 team_size=16
[OMPT] implicit_task_end: parallel_id=0 thread_num=8
[OMPT] implicit_task_end: parallel_id=0 thread_num=9
[OMPT] implicit_task_begin: parallel_id=281474976710797 thread_num=8 team_size=16
[OMPT] implicit_task_end: parallel_id=0 thread_num=3
[OMPT] implicit_task_begin: parallel_id=281474976710797 thread_num=3 team_size=16
[OMPT] implicit_task_end: parallel_id=0 thread_num=4
[OMPT] implicit_task_end: parallel_id=0 thread_num=7
[OMPT] implicit_task_end: parallel_id=0 thread_num=10
[OMPT] implicit_task_end: parallel_id=0 thread_num=11
[OMPT] implicit_task_begin: parallel_id=281474976710797 thread_num=10 team_size=16
[OMPT] implicit_task_end: parallel_id=0 thread_num=1
[OMPT] implicit_task_begin: parallel_id=281474976710797 thread_num=11 team_size=16
[OMPT] implicit_task_end: parallel_id=0 thread_num=15
[OMPT] implicit_task_begin: parallel_id=281474976710797 thread_num=9 team_size=16
[OMPT] implicit_task_begin: parallel_id=281474976710797 thread_num=15 team_size=16
[OMPT] implicit_task_end: parallel_id=0 thread_num=13
[OMPT] implicit_task_begin: parallel_id=281474976710797 thread_num=13 team_size=16
[OMPT] implicit_task_end: parallel_id=0 thread_num=5
[OMPT] implicit_task_begin: parallel_id=281474976710797 thread_num=5 team_size=16
[OMPT] implicit_task_end: parallel_id=0 thread_num=6
[OMPT] implicit_task_begin: parallel_id=281474976710797 thread_num=4 team_size=16
[OMPT] implicit_task_begin: parallel_id=281474976710797 thread_num=14 team_size=16
[OMPT] implicit_task_begin: parallel_id=281474976710797 thread_num=7 team_size=16
[OMPT] implicit_task_begin: parallel_id=281474976710797 thread_num=1 team_size=16
[OMPT] implicit_task_begin: parallel_id=281474976710797 thread_num=6 team_size=16
[OMPT][WIN100ms] ompt_id=281474976710657 tid=85231  tipo=ompt_thread_initial    cpu=  1 numa=0  d_rm=    5237  d_instr=1464370747  d_cyc= 374593221  d_all= 9471088  IPC=3.909  ratio_rm=0.0006
[OMPT][WIN100ms] ompt_id=562949953421313 tid=85233  tipo=ompt_thread_worker     cpu=169 numa=0  d_rm=    3314  d_instr=1459275878  d_cyc= 371966048  d_all= 9428901  IPC=3.923  ratio_rm=0.0004
[OMPT][WIN100ms] ompt_id=844424930131969 tid=85234  tipo=ompt_thread_worker     cpu=120 numa=1  d_rm=      63  d_instr=1475837520  d_cyc= 373826994  d_all= 9528264  IPC=3.948  ratio_rm=0.0000
[OMPT][WIN100ms] ompt_id=1125899906842625 tid=85235  tipo=ompt_thread_worker     cpu= 32 numa=0  d_rm=     412  d_instr=1472561905  d_cyc= 373849804  d_all= 9508440  IPC=3.939  ratio_rm=0.0000
[OMPT][WIN100ms] ompt_id=1407374883553281 tid=85236  tipo=ompt_thread_worker     cpu=104 numa=1  d_rm=      23  d_instr=1465750850  d_cyc= 372220858  d_all= 9457954  IPC=3.938  ratio_rm=0.0000
[OMPT][WIN100ms] ompt_id=1688849860263937 tid=85237  tipo=ompt_thread_worker     cpu= 64 numa=1  d_rm=       8  d_instr=1477876653  d_cyc= 373398557  d_all= 9539253  IPC=3.958  ratio_rm=0.0000
[OMPT][WIN100ms] ompt_id=1970324836974593 tid=85238  tipo=ompt_thread_worker     cpu= 81 numa=1  d_rm=      20  d_instr=1461211595  d_cyc= 372709410  d_all= 9424275  IPC=3.921  ratio_rm=0.0000
[OMPT][WIN100ms] ompt_id=2251799813685249 tid=85239  tipo=ompt_thread_worker     cpu=247 numa=1  d_rm=      23  d_instr=1468085473  d_cyc= 372763023  d_all= 9473166  IPC=3.938  ratio_rm=0.0000
[OMPT][WIN100ms] ompt_id=2533274790395905 tid=85240  tipo=ompt_thread_worker     cpu= 16 numa=0  d_rm=     456  d_instr=1465946556  d_cyc= 373976010  d_all= 9461521  IPC=3.920  ratio_rm=0.0000
[OMPT][WIN100ms] ompt_id=2814749767106561 tid=85243  tipo=ompt_thread_worker     cpu= 48 numa=0  d_rm=     508  d_instr=1476100419  d_cyc= 374364354  d_all= 9564185  IPC=3.943  ratio_rm=0.0001
[OMPT][WIN100ms] ompt_id=3096224743817217 tid=85242  tipo=ompt_thread_worker     cpu= 56 numa=0  d_rm=     629  d_instr=1467092539  d_cyc= 374082609  d_all= 9479278  IPC=3.922  ratio_rm=0.0001
[OMPT][WIN100ms] ompt_id=3377699720527873 tid=85241  tipo=ompt_thread_worker     cpu=207 numa=1  d_rm=     200  d_instr=1466080800  d_cyc= 373168001  d_all= 9456385  IPC=3.929  ratio_rm=0.0000
[OMPT][WIN100ms] ompt_id=3659174697238529 tid=85244  tipo=ompt_thread_worker     cpu=223 numa=1  d_rm=     114  d_instr=1464566359  d_cyc= 373166282  d_all= 9483047  IPC=3.925  ratio_rm=0.0000
[OMPT][WIN100ms] ompt_id=3940649673949185 tid=85245  tipo=ompt_thread_worker     cpu=141 numa=0  d_rm=     419  d_instr=1474107134  d_cyc= 372575622  d_all= 9555534  IPC=3.957  ratio_rm=0.0000
[OMPT][WIN100ms] ompt_id=4222124650659841 tid=85246  tipo=ompt_thread_worker     cpu=239 numa=1  d_rm=     185  d_instr=1458668688  d_cyc= 371969318  d_all= 9429109  IPC=3.921  ratio_rm=0.0000
[OMPT][WIN100ms] ompt_id=4503599627370497 tid=85247  tipo=ompt_thread_worker     cpu=231 numa=1  d_rm=      37  d_instr=1458329134  d_cyc= 372292007  d_all= 9429295  IPC=3.917  ratio_rm=0.0000
[OMPT] implicit_task_end: parallel_id=0 thread_num=0
[OMPT] parallel_end: parallel_id=281474976710797
[OMPT] parallel_begin: parallel_id=281474976710799 team_size=16
[OMPT] implicit_task_end: parallel_id=0 thread_num=4
[OMPT] implicit_task_end: parallel_id=0 thread_num=5
[OMPT] implicit_task_begin: parallel_id=281474976710799 thread_num=4 team_size=16
[OMPT] implicit_task_end: parallel_id=0 thread_num=3
[OMPT] implicit_task_begin: parallel_id=281474976710799 thread_num=3 team_size=16
[OMPT] implicit_task_end: parallel_id=0 thread_num=2
[OMPT] implicit_task_end: parallel_id=0 thread_num=12
[OMPT] implicit_task_end: parallel_id=0 thread_num=14
[OMPT] implicit_task_begin: parallel_id=281474976710799 thread_num=14 team_size=16
[OMPT] implicit_task_end: parallel_id=0 thread_num=8
[OMPT] implicit_task_end: parallel_id=0 thread_num=9
[OMPT] implicit_task_begin: parallel_id=281474976710799 thread_num=8 team_size=16
[OMPT] implicit_task_end: parallel_id=0 thread_num=7
[OMPT] implicit_task_begin: parallel_id=281474976710799 thread_num=9 team_size=16
[OMPT] implicit_task_end: parallel_id=0 thread_num=1
[OMPT] implicit_task_begin: parallel_id=281474976710799 thread_num=7 team_size=16
[OMPT] implicit_task_begin: parallel_id=281474976710799 thread_num=2 team_size=16
[OMPT] implicit_task_begin: parallel_id=281474976710799 thread_num=1 team_size=16
[OMPT] implicit_task_end: parallel_id=0 thread_num=13
[OMPT] implicit_task_begin: parallel_id=281474976710799 thread_num=0 team_size=16
[OMPT] implicit_task_begin: parallel_id=281474976710799 thread_num=12 team_size=16
[OMPT] implicit_task_end: parallel_id=0 thread_num=10
[OMPT] implicit_task_end: parallel_id=0 thread_num=11
[OMPT] implicit_task_end: parallel_id=0 thread_num=6
[OMPT] implicit_task_begin: parallel_id=281474976710799 thread_num=11 team_size=16
[OMPT] implicit_task_begin: parallel_id=281474976710799 thread_num=5 team_size=16
[OMPT] implicit_task_end: parallel_id=0 thread_num=15
[OMPT] implicit_task_begin: parallel_id=281474976710799 thread_num=13 team_size=16
[OMPT] implicit_task_begin: parallel_id=281474976710799 thread_num=10 team_size=16
[OMPT] implicit_task_begin: parallel_id=281474976710799 thread_num=15 team_size=16
[OMPT] implicit_task_begin: parallel_id=281474976710799 thread_num=6 team_size=16
[OMPT][WIN100ms] ompt_id=281474976710657 tid=85231  tipo=ompt_thread_initial    cpu=  1 numa=0  d_rm=    3018  d_instr=1334190688  d_cyc= 341930799  d_all= 8639307  IPC=3.902  ratio_rm=0.0003
[OMPT][WIN100ms] ompt_id=562949953421313 tid=85233  tipo=ompt_thread_worker     cpu=169 numa=0  d_rm=    3562  d_instr=1388046808  d_cyc= 370887483  d_all= 8858706  IPC=3.743  ratio_rm=0.0004
[OMPT][WIN100ms] ompt_id=844424930131969 tid=85234  tipo=ompt_thread_worker     cpu=120 numa=1  d_rm=      68  d_instr=1371502650  d_cyc= 369727274  d_all= 8728569  IPC=3.709  ratio_rm=0.0000
[OMPT][WIN100ms] ompt_id=1125899906842625 tid=85235  tipo=ompt_thread_worker     cpu= 32 numa=0  d_rm=     466  d_instr=1377184405  d_cyc= 370983812  d_all= 8763739  IPC=3.712  ratio_rm=0.0001
[OMPT][WIN100ms] ompt_id=1407374883553281 tid=85236  tipo=ompt_thread_worker     cpu=104 numa=1  d_rm=      33  d_instr=1378582122  d_cyc= 370429117  d_all= 8768221  IPC=3.722  ratio_rm=0.0000
[OMPT][WIN100ms] ompt_id=1688849860263937 tid=85237  tipo=ompt_thread_worker     cpu= 64 numa=1  d_rm=      25  d_instr=1370448145  d_cyc= 369234859  d_all= 8721710  IPC=3.712  ratio_rm=0.0000
[OMPT][WIN100ms] ompt_id=1970324836974593 tid=85238  tipo=ompt_thread_worker     cpu= 81 numa=1  d_rm=      29  d_instr=1379259343  d_cyc= 369517046  d_all= 8795227  IPC=3.733  ratio_rm=0.0000
[OMPT][WIN100ms] ompt_id=2251799813685249 tid=85239  tipo=ompt_thread_worker     cpu=247 numa=1  d_rm=      18  d_instr=1378378937  d_cyc= 370396658  d_all= 8776004  IPC=3.721  ratio_rm=0.0000
[OMPT][WIN100ms] ompt_id=2533274790395905 tid=85240  tipo=ompt_thread_worker     cpu= 16 numa=0  d_rm=     558  d_instr=1377368283  d_cyc= 370749918  d_all= 8770572  IPC=3.715  ratio_rm=0.0001
[OMPT][WIN100ms] ompt_id=2814749767106561 tid=85243  tipo=ompt_thread_worker     cpu= 48 numa=0  d_rm=     659  d_instr=1378770706  d_cyc= 369183446  d_all= 8801456  IPC=3.735  ratio_rm=0.0001
[OMPT][WIN100ms] ompt_id=3096224743817217 tid=85242  tipo=ompt_thread_worker     cpu= 56 numa=0  d_rm=     577  d_instr=1378840449  d_cyc= 370685034  d_all= 8792859  IPC=3.720  ratio_rm=0.0001
[OMPT][WIN100ms] ompt_id=3377699720527873 tid=85241  tipo=ompt_thread_worker     cpu=207 numa=1  d_rm=     211  d_instr=1374603763  d_cyc= 371306715  d_all= 8753670  IPC=3.702  ratio_rm=0.0000
[OMPT][WIN100ms] ompt_id=3659174697238529 tid=85244  tipo=ompt_thread_worker     cpu=223 numa=1  d_rm=      82  d_instr=1380202664  d_cyc= 370311645  d_all= 8808121  IPC=3.727  ratio_rm=0.0000
[OMPT][WIN100ms] ompt_id=3940649673949185 tid=85245  tipo=ompt_thread_worker     cpu=141 numa=0  d_rm=     493  d_instr=1375277274  d_cyc= 370649278  d_all= 8770388  IPC=3.710  ratio_rm=0.0001
[OMPT][WIN100ms] ompt_id=4222124650659841 tid=85246  tipo=ompt_thread_worker     cpu=239 numa=1  d_rm=     130  d_instr=1382364660  d_cyc= 370965842  d_all= 8805097  IPC=3.726  ratio_rm=0.0000
[OMPT][WIN100ms] ompt_id=4503599627370497 tid=85247  tipo=ompt_thread_worker     cpu=231 numa=1  d_rm=      36  d_instr=1379079847  d_cyc= 369607420  d_all= 8795170  IPC=3.731  ratio_rm=0.0000
[OMPT] implicit_task_end: parallel_id=0 thread_num=0
[OMPT] parallel_end: parallel_id=281474976710799
[OMPT] parallel_begin: parallel_id=281474976710801 team_size=16
[OMPT] implicit_task_end: parallel_id=0 thread_num=4
[OMPT] implicit_task_end: parallel_id=0 thread_num=5
[OMPT] implicit_task_end: parallel_id=0 thread_num=8
[OMPT] implicit_task_end: parallel_id=0 thread_num=11
[OMPT] implicit_task_end: parallel_id=0 thread_num=2
[OMPT] implicit_task_begin: parallel_id=281474976710801 thread_num=4 team_size=16
[OMPT] implicit_task_begin: parallel_id=281474976710801 thread_num=8 team_size=16
[OMPT] implicit_task_begin: parallel_id=281474976710801 thread_num=11 team_size=16
[OMPT] implicit_task_end: parallel_id=0 thread_num=1
[OMPT] implicit_task_begin: parallel_id=281474976710801 thread_num=2 team_size=16
[OMPT] implicit_task_end: parallel_id=0 thread_num=7
[OMPT] implicit_task_begin: parallel_id=281474976710801 thread_num=5 team_size=16
[OMPT] implicit_task_end: parallel_id=0 thread_num=6
[OMPT] implicit_task_begin: parallel_id=281474976710801 thread_num=7 team_size=16
[OMPT] implicit_task_begin: parallel_id=281474976710801 thread_num=0 team_size=16
[OMPT] implicit_task_begin: parallel_id=281474976710801 thread_num=6 team_size=16
[OMPT] implicit_task_end: parallel_id=0 thread_num=12
[OMPT] implicit_task_end: parallel_id=0 thread_num=14
[OMPT] implicit_task_end: parallel_id=0 thread_num=10
[OMPT] implicit_task_end: parallel_id=0 thread_num=9
[OMPT] implicit_task_begin: parallel_id=281474976710801 thread_num=14 team_size=16
[OMPT] implicit_task_begin: parallel_id=281474976710801 thread_num=1 team_size=16
[OMPT] implicit_task_begin: parallel_id=281474976710801 thread_num=10 team_size=16
[OMPT] implicit_task_end: parallel_id=0 thread_num=15
[OMPT] implicit_task_begin: parallel_id=281474976710801 thread_num=9 team_size=16
[OMPT] implicit_task_end: parallel_id=0 thread_num=13
[OMPT] implicit_task_begin: parallel_id=281474976710801 thread_num=15 team_size=16
[OMPT] implicit_task_begin: parallel_id=281474976710801 thread_num=12 team_size=16
[OMPT] implicit_task_end: parallel_id=0 thread_num=3
[OMPT] implicit_task_begin: parallel_id=281474976710801 thread_num=13 team_size=16
[OMPT] implicit_task_begin: parallel_id=281474976710801 thread_num=3 team_size=16
[OMPT] implicit_task_end: parallel_id=0 thread_num=0
[OMPT] parallel_end: parallel_id=281474976710801
[OMPT] parallel_begin: parallel_id=281474976710803 team_size=16
[OMPT] implicit_task_end: parallel_id=0 thread_num=12
[OMPT] implicit_task_end: parallel_id=0 thread_num=14
[OMPT] implicit_task_begin: parallel_id=281474976710803 thread_num=12 team_size=16
[OMPT] implicit_task_end: parallel_id=0 thread_num=4
[OMPT] implicit_task_end: parallel_id=0 thread_num=5
[OMPT] implicit_task_end: parallel_id=0 thread_num=8
[OMPT] implicit_task_end: parallel_id=0 thread_num=9
[OMPT] implicit_task_begin: parallel_id=281474976710803 thread_num=0 team_size=16
[OMPT] implicit_task_begin: parallel_id=281474976710803 thread_num=9 team_size=16
[OMPT] implicit_task_end: parallel_id=0 thread_num=13
[OMPT] implicit_task_begin: parallel_id=281474976710803 thread_num=13 team_size=16
[OMPT] implicit_task_end: parallel_id=0 thread_num=15
[OMPT] implicit_task_end: parallel_id=0 thread_num=2
[OMPT] implicit_task_begin: parallel_id=281474976710803 thread_num=15 team_size=16
[OMPT] implicit_task_end: parallel_id=0 thread_num=6
[OMPT] implicit_task_end: parallel_id=0 thread_num=7
[OMPT] implicit_task_begin: parallel_id=281474976710803 thread_num=14 team_size=16
[OMPT] implicit_task_begin: parallel_id=281474976710803 thread_num=4 team_size=16
[OMPT] implicit_task_begin: parallel_id=281474976710803 thread_num=7 team_size=16
[OMPT] implicit_task_begin: parallel_id=281474976710803 thread_num=5 team_size=16
[OMPT] implicit_task_end: parallel_id=0 thread_num=10
[OMPT] implicit_task_end: parallel_id=0 thread_num=11
[OMPT] implicit_task_begin: parallel_id=281474976710803 thread_num=10 team_size=16
[OMPT] implicit_task_begin: parallel_id=281474976710803 thread_num=8 team_size=16
[OMPT] implicit_task_end: parallel_id=0 thread_num=3
[OMPT] implicit_task_begin: parallel_id=281474976710803 thread_num=2 team_size=16
[OMPT] implicit_task_begin: parallel_id=281474976710803 thread_num=3 team_size=16
[OMPT] implicit_task_begin: parallel_id=281474976710803 thread_num=6 team_size=16
[OMPT] implicit_task_end: parallel_id=0 thread_num=1
[OMPT] implicit_task_begin: parallel_id=281474976710803 thread_num=11 team_size=16
[OMPT] implicit_task_begin: parallel_id=281474976710803 thread_num=1 team_size=16
[OMPT][WIN100ms] ompt_id=281474976710657 tid=85231  tipo=ompt_thread_initial    cpu=  1 numa=0  d_rm=     515  d_instr=1391418336  d_cyc= 355065479  d_all= 8996709  IPC=3.919  ratio_rm=0.0001
[OMPT][WIN100ms] ompt_id=562949953421313 tid=85233  tipo=ompt_thread_worker     cpu=169 numa=0  d_rm=    2375  d_instr=1358151527  d_cyc= 353324431  d_all= 8741953  IPC=3.844  ratio_rm=0.0003
[OMPT][WIN100ms] ompt_id=844424930131969 tid=85234  tipo=ompt_thread_worker     cpu=120 numa=1  d_rm=     135  d_instr=1372746382  d_cyc= 369077047  d_all= 8746295  IPC=3.719  ratio_rm=0.0000
[OMPT][WIN100ms] ompt_id=1125899906842625 tid=85235  tipo=ompt_thread_worker     cpu= 32 numa=0  d_rm=     680  d_instr=1373970492  d_cyc= 368588581  d_all= 8750541  IPC=3.728  ratio_rm=0.0001
[OMPT][WIN100ms] ompt_id=1407374883553281 tid=85236  tipo=ompt_thread_worker     cpu=104 numa=1  d_rm=      90  d_instr=1376693439  d_cyc= 369679463  d_all= 8762863  IPC=3.724  ratio_rm=0.0000
[OMPT][WIN100ms] ompt_id=1688849860263937 tid=85237  tipo=ompt_thread_worker     cpu= 64 numa=1  d_rm=      76  d_instr=1375805407  d_cyc= 369955730  d_all= 8766823  IPC=3.719  ratio_rm=0.0000
[OMPT][WIN100ms] ompt_id=1970324836974593 tid=85238  tipo=ompt_thread_worker     cpu= 81 numa=1  d_rm=      85  d_instr=1376265651  d_cyc= 368826365  d_all= 8756525  IPC=3.731  ratio_rm=0.0000
[OMPT][WIN100ms] ompt_id=2251799813685249 tid=85239  tipo=ompt_thread_worker     cpu=247 numa=1  d_rm=      98  d_instr=1377732952  d_cyc= 369735318  d_all= 8769961  IPC=3.726  ratio_rm=0.0000
[OMPT][WIN100ms] ompt_id=2533274790395905 tid=85240  tipo=ompt_thread_worker     cpu= 16 numa=0  d_rm=     727  d_instr=1375526339  d_cyc= 369956480  d_all= 8765538  IPC=3.718  ratio_rm=0.0001
[OMPT][WIN100ms] ompt_id=2814749767106561 tid=85243  tipo=ompt_thread_worker     cpu= 48 numa=0  d_rm=     742  d_instr=1374372113  d_cyc= 370290869  d_all= 8768713  IPC=3.712  ratio_rm=0.0001
[OMPT][WIN100ms] ompt_id=3096224743817217 tid=85242  tipo=ompt_thread_worker     cpu= 56 numa=0  d_rm=     814  d_instr=1376882808  d_cyc= 369562603  d_all= 8772792  IPC=3.726  ratio_rm=0.0001
[OMPT][WIN100ms] ompt_id=3377699720527873 tid=85241  tipo=ompt_thread_worker     cpu=207 numa=1  d_rm=     347  d_instr=1380416392  d_cyc= 370515358  d_all= 8793309  IPC=3.726  ratio_rm=0.0000
[OMPT][WIN100ms] ompt_id=3659174697238529 tid=85244  tipo=ompt_thread_worker     cpu=223 numa=1  d_rm=     216  d_instr=1381228611  d_cyc= 369955979  d_all= 8809295  IPC=3.733  ratio_rm=0.0000
[OMPT][WIN100ms] ompt_id=3940649673949185 tid=85245  tipo=ompt_thread_worker     cpu=141 numa=0  d_rm=     605  d_instr=1379300830  d_cyc= 370644664  d_all= 8804647  IPC=3.721  ratio_rm=0.0001
[OMPT][WIN100ms] ompt_id=4222124650659841 tid=85246  tipo=ompt_thread_worker     cpu=239 numa=1  d_rm=     225  d_instr=1380649455  d_cyc= 370085587  d_all= 8789699  IPC=3.731  ratio_rm=0.0000
[OMPT][WIN100ms] ompt_id=4503599627370497 tid=85247  tipo=ompt_thread_worker     cpu=231 numa=1  d_rm=      93  d_instr=1379788127  d_cyc= 370359605  d_all= 8808373  IPC=3.726  ratio_rm=0.0000
[OMPT] implicit_task_end: parallel_id=0 thread_num=0
[OMPT] parallel_end: parallel_id=281474976710803
[OMPT] parallel_begin: parallel_id=281474976710805 team_size=16
[OMPT] implicit_task_end: parallel_id=0 thread_num=12
[OMPT] implicit_task_end: parallel_id=0 thread_num=14
[OMPT] implicit_task_end: parallel_id=0 thread_num=4
[OMPT] implicit_task_end: parallel_id=0 thread_num=7
[OMPT] implicit_task_end: parallel_id=0 thread_num=2
[OMPT] implicit_task_begin: parallel_id=281474976710805 thread_num=14 team_size=16
[OMPT] implicit_task_begin: parallel_id=281474976710805 thread_num=4 team_size=16
[OMPT] implicit_task_end: parallel_id=0 thread_num=8
[OMPT] implicit_task_end: parallel_id=0 thread_num=9
[OMPT] implicit_task_end: parallel_id=0 thread_num=15
[OMPT] implicit_task_end: parallel_id=0 thread_num=13
[OMPT] implicit_task_end: parallel_id=0 thread_num=5
[OMPT] implicit_task_end: parallel_id=0 thread_num=6
[OMPT] implicit_task_begin: parallel_id=281474976710805 thread_num=12 team_size=16
[OMPT] implicit_task_end: parallel_id=0 thread_num=3
[OMPT] implicit_task_end: parallel_id=0 thread_num=1
[OMPT] implicit_task_begin: parallel_id=281474976710805 thread_num=3 team_size=16
[OMPT] implicit_task_end: parallel_id=0 thread_num=11
[OMPT] implicit_task_begin: parallel_id=281474976710805 thread_num=1 team_size=16
[OMPT] implicit_task_end: parallel_id=0 thread_num=10
[OMPT] implicit_task_begin: parallel_id=281474976710805 thread_num=11 team_size=16
[OMPT] implicit_task_begin: parallel_id=281474976710805 thread_num=8 team_size=16
[OMPT] implicit_task_begin: parallel_id=281474976710805 thread_num=10 team_size=16
[OMPT] implicit_task_begin: parallel_id=281474976710805 thread_num=7 team_size=16
[OMPT] implicit_task_begin: parallel_id=281474976710805 thread_num=15 team_size=16
[OMPT] implicit_task_begin: parallel_id=281474976710805 thread_num=0 team_size=16
[OMPT] implicit_task_begin: parallel_id=281474976710805 thread_num=13 team_size=16
[OMPT] implicit_task_begin: parallel_id=281474976710805 thread_num=6 team_size=16
[OMPT] implicit_task_begin: parallel_id=281474976710805 thread_num=5 team_size=16
[OMPT] implicit_task_begin: parallel_id=281474976710805 thread_num=2 team_size=16
[OMPT] implicit_task_begin: parallel_id=281474976710805 thread_num=9 team_size=16
[OMPT][WIN100ms] ompt_id=281474976710657 tid=85231  tipo=ompt_thread_initial    cpu=  1 numa=0  d_rm=     256  d_instr=1376027999  d_cyc= 370677203  d_all= 8767726  IPC=3.712  ratio_rm=0.0000
[OMPT][WIN100ms] ompt_id=562949953421313 tid=85233  tipo=ompt_thread_worker     cpu=169 numa=0  d_rm=     367  d_instr=1360721378  d_cyc= 345872531  d_all= 8808378  IPC=3.934  ratio_rm=0.0000
[OMPT][WIN100ms] ompt_id=844424930131969 tid=85234  tipo=ompt_thread_worker     cpu=120 numa=1  d_rm=     191  d_instr=1380274388  d_cyc= 369942068  d_all= 8797655  IPC=3.731  ratio_rm=0.0000
[OMPT][WIN100ms] ompt_id=1125899906842625 tid=85235  tipo=ompt_thread_worker     cpu= 32 numa=0  d_rm=     428  d_instr=1382215992  d_cyc= 371018545  d_all= 8806603  IPC=3.725  ratio_rm=0.0000
[OMPT][WIN100ms] ompt_id=1407374883553281 tid=85236  tipo=ompt_thread_worker     cpu=104 numa=1  d_rm=      32  d_instr=1381874245  d_cyc= 370811079  d_all= 8799093  IPC=3.727  ratio_rm=0.0000
[OMPT][WIN100ms] ompt_id=1688849860263937 tid=85237  tipo=ompt_thread_worker     cpu= 64 numa=1  d_rm=      38  d_instr=1378837329  d_cyc= 370765652  d_all= 8784518  IPC=3.719  ratio_rm=0.0000
[OMPT][WIN100ms] ompt_id=1970324836974593 tid=85238  tipo=ompt_thread_worker     cpu= 81 numa=1  d_rm=      34  d_instr=1382506216  d_cyc= 370071261  d_all= 8792394  IPC=3.736  ratio_rm=0.0000
[OMPT][WIN100ms] ompt_id=2251799813685249 tid=85239  tipo=ompt_thread_worker     cpu=247 numa=1  d_rm=      50  d_instr=1380663095  d_cyc= 370268117  d_all= 8788991  IPC=3.729  ratio_rm=0.0000
[OMPT][WIN100ms] ompt_id=2533274790395905 tid=85240  tipo=ompt_thread_worker     cpu= 16 numa=0  d_rm=     396  d_instr=1380876582  d_cyc= 370578272  d_all= 8798571  IPC=3.726  ratio_rm=0.0000
[OMPT][WIN100ms] ompt_id=2814749767106561 tid=85243  tipo=ompt_thread_worker     cpu= 48 numa=0  d_rm=     367  d_instr=1382378100  d_cyc= 371400680  d_all= 8822178  IPC=3.722  ratio_rm=0.0000
[OMPT][WIN100ms] ompt_id=3096224743817217 tid=85242  tipo=ompt_thread_worker     cpu= 56 numa=0  d_rm=     478  d_instr=1380154247  d_cyc= 371298752  d_all= 8800479  IPC=3.717  ratio_rm=0.0001
[OMPT][WIN100ms] ompt_id=3377699720527873 tid=85241  tipo=ompt_thread_worker     cpu=207 numa=1  d_rm=     244  d_instr=1378585328  d_cyc= 370637926  d_all= 8768564  IPC=3.719  ratio_rm=0.0000
[OMPT][WIN100ms] ompt_id=3659174697238529 tid=85244  tipo=ompt_thread_worker     cpu=223 numa=1  d_rm=     106  d_instr=1377372126  d_cyc= 370803662  d_all= 8773835  IPC=3.715  ratio_rm=0.0000
[OMPT][WIN100ms] ompt_id=3940649673949185 tid=85245  tipo=ompt_thread_worker     cpu=141 numa=0  d_rm=     434  d_instr=1375945511  d_cyc= 370896171  d_all= 8776291  IPC=3.710  ratio_rm=0.0000
[OMPT][WIN100ms] ompt_id=4222124650659841 tid=85246  tipo=ompt_thread_worker     cpu=239 numa=1  d_rm=     198  d_instr=1383759226  d_cyc= 370998294  d_all= 8809418  IPC=3.730  ratio_rm=0.0000
[OMPT][WIN100ms] ompt_id=4503599627370497 tid=85247  tipo=ompt_thread_worker     cpu=231 numa=1  d_rm=      36  d_instr=1379050086  d_cyc= 370349656  d_all= 8792038  IPC=3.724  ratio_rm=0.0000
[OMPT] implicit_task_end: parallel_id=0 thread_num=0
[OMPT] parallel_end: parallel_id=281474976710805
[OMPT] parallel_begin: parallel_id=281474976710807 team_size=16
[OMPT] implicit_task_end: parallel_id=0 thread_num=12
[OMPT] implicit_task_end: parallel_id=0 thread_num=14
[OMPT] implicit_task_begin: parallel_id=281474976710807 thread_num=12 team_size=16
[OMPT] implicit_task_end: parallel_id=0 thread_num=3
[OMPT] implicit_task_begin: parallel_id=281474976710807 thread_num=14 team_size=16
[OMPT] implicit_task_end: parallel_id=0 thread_num=8
[OMPT] implicit_task_end: parallel_id=0 thread_num=9
[OMPT] implicit_task_end: parallel_id=0 thread_num=2
[OMPT] implicit_task_begin: parallel_id=281474976710807 thread_num=0 team_size=16
[OMPT] implicit_task_begin: parallel_id=281474976710807 thread_num=9 team_size=16
[OMPT] implicit_task_end: parallel_id=0 thread_num=1
[OMPT] implicit_task_begin: parallel_id=281474976710807 thread_num=2 team_size=16
[OMPT] implicit_task_end: parallel_id=0 thread_num=13
[OMPT] implicit_task_begin: parallel_id=281474976710807 thread_num=1 team_size=16
[OMPT] implicit_task_begin: parallel_id=281474976710807 thread_num=13 team_size=16
[OMPT] implicit_task_begin: parallel_id=281474976710807 thread_num=3 team_size=16
[OMPT] implicit_task_end: parallel_id=0 thread_num=11
[OMPT] implicit_task_end: parallel_id=0 thread_num=10
[OMPT] implicit_task_begin: parallel_id=281474976710807 thread_num=8 team_size=16
[OMPT] implicit_task_end: parallel_id=0 thread_num=15
[OMPT] implicit_task_end: parallel_id=0 thread_num=4
[OMPT] implicit_task_end: parallel_id=0 thread_num=6
[OMPT] implicit_task_begin: parallel_id=281474976710807 thread_num=4 team_size=16
[OMPT] implicit_task_begin: parallel_id=281474976710807 thread_num=10 team_size=16
[OMPT] implicit_task_begin: parallel_id=281474976710807 thread_num=6 team_size=16
[OMPT] implicit_task_end: parallel_id=0 thread_num=5
[OMPT] implicit_task_end: parallel_id=0 thread_num=7
[OMPT] implicit_task_begin: parallel_id=281474976710807 thread_num=11 team_size=16
[OMPT] implicit_task_begin: parallel_id=281474976710807 thread_num=15 team_size=16
[OMPT] implicit_task_begin: parallel_id=281474976710807 thread_num=7 team_size=16
[OMPT] implicit_task_begin: parallel_id=281474976710807 thread_num=5 team_size=16
[OMPT][WIN100ms] ompt_id=281474976710657 tid=85231  tipo=ompt_thread_initial    cpu=  1 numa=0  d_rm=     181  d_instr=1465601337  d_cyc= 374412472  d_all= 9477825  IPC=3.914  ratio_rm=0.0000
[OMPT][WIN100ms] ompt_id=562949953421313 tid=85233  tipo=ompt_thread_worker     cpu=169 numa=0  d_rm=     324  d_instr=1470573873  d_cyc= 374075134  d_all= 9492101  IPC=3.931  ratio_rm=0.0000
[OMPT][WIN100ms] ompt_id=844424930131969 tid=85234  tipo=ompt_thread_worker     cpu=120 numa=1  d_rm=      97  d_instr=1472614590  d_cyc= 373602263  d_all= 9506783  IPC=3.942  ratio_rm=0.0000
[OMPT][WIN100ms] ompt_id=1125899906842625 tid=85235  tipo=ompt_thread_worker     cpu= 32 numa=0  d_rm=     378  d_instr=1467714433  d_cyc= 373736840  d_all= 9493492  IPC=3.927  ratio_rm=0.0000
[OMPT][WIN100ms] ompt_id=1407374883553281 tid=85236  tipo=ompt_thread_worker     cpu=104 numa=1  d_rm=      55  d_instr=1464376785  d_cyc= 372652082  d_all= 9460020  IPC=3.930  ratio_rm=0.0000
[OMPT][WIN100ms] ompt_id=1688849860263937 tid=85237  tipo=ompt_thread_worker     cpu= 64 numa=1  d_rm=      31  d_instr=1467606379  d_cyc= 373873307  d_all= 9473903  IPC=3.925  ratio_rm=0.0000
[OMPT][WIN100ms] ompt_id=1970324836974593 tid=85238  tipo=ompt_thread_worker     cpu= 81 numa=1  d_rm=      33  d_instr=1473012652  d_cyc= 373937552  d_all= 9503729  IPC=3.939  ratio_rm=0.0000
[OMPT][WIN100ms] ompt_id=2251799813685249 tid=85239  tipo=ompt_thread_worker     cpu=247 numa=1  d_rm=      42  d_instr=1469146563  d_cyc= 373666499  d_all= 9476280  IPC=3.932  ratio_rm=0.0000
[OMPT][WIN100ms] ompt_id=2533274790395905 tid=85240  tipo=ompt_thread_worker     cpu= 16 numa=0  d_rm=     338  d_instr=1466745326  d_cyc= 373571821  d_all= 9482221  IPC=3.926  ratio_rm=0.0000
[OMPT][WIN100ms] ompt_id=2814749767106561 tid=85243  tipo=ompt_thread_worker     cpu= 48 numa=0  d_rm=     343  d_instr=1463106625  d_cyc= 373421503  d_all= 9467542  IPC=3.918  ratio_rm=0.0000
[OMPT][WIN100ms] ompt_id=3096224743817217 tid=85242  tipo=ompt_thread_worker     cpu= 56 numa=0  d_rm=     374  d_instr=1465614778  d_cyc= 373724233  d_all= 9490198  IPC=3.922  ratio_rm=0.0000
[OMPT][WIN100ms] ompt_id=3377699720527873 tid=85241  tipo=ompt_thread_worker     cpu=207 numa=1  d_rm=     212  d_instr=1471518426  d_cyc= 374091589  d_all= 9511126  IPC=3.934  ratio_rm=0.0000
[OMPT][WIN100ms] ompt_id=3659174697238529 tid=85244  tipo=ompt_thread_worker     cpu=223 numa=1  d_rm=     104  d_instr=1467506934  d_cyc= 374152935  d_all= 9502656  IPC=3.922  ratio_rm=0.0000
[OMPT][WIN100ms] ompt_id=3940649673949185 tid=85245  tipo=ompt_thread_worker     cpu=141 numa=0  d_rm=     297  d_instr=1471806477  d_cyc= 373799470  d_all= 9527584  IPC=3.937  ratio_rm=0.0000
[OMPT][WIN100ms] ompt_id=4222124650659841 tid=85246  tipo=ompt_thread_worker     cpu=239 numa=1  d_rm=     180  d_instr=1468205117  d_cyc= 373557113  d_all= 9492569  IPC=3.930  ratio_rm=0.0000
[OMPT][WIN100ms] ompt_id=4503599627370497 tid=85247  tipo=ompt_thread_worker     cpu=231 numa=1  d_rm=      49  d_instr=1470725739  d_cyc= 372459011  d_all= 9510968  IPC=3.949  ratio_rm=0.0000
[OMPT] implicit_task_end: parallel_id=0 thread_num=0
[OMPT] parallel_end: parallel_id=281474976710807
[OMPT] parallel_begin: parallel_id=281474976710809 team_size=16
[OMPT] implicit_task_end: parallel_id=0 thread_num=12
[OMPT] implicit_task_end: parallel_id=0 thread_num=14
[OMPT] implicit_task_end: parallel_id=0 thread_num=4
[OMPT] implicit_task_end: parallel_id=0 thread_num=5
[OMPT] implicit_task_begin: parallel_id=281474976710809 thread_num=14 team_size=16
[OMPT] implicit_task_begin: parallel_id=281474976710809 thread_num=4 team_size=16
[OMPT] implicit_task_begin: parallel_id=281474976710809 thread_num=5 team_size=16
[OMPT] implicit_task_end: parallel_id=0 thread_num=2
[OMPT] implicit_task_end: parallel_id=0 thread_num=1
[OMPT] implicit_task_begin: parallel_id=281474976710809 thread_num=2 team_size=16
[OMPT] implicit_task_end: parallel_id=0 thread_num=15
[OMPT] implicit_task_end: parallel_id=0 thread_num=13
[OMPT] implicit_task_begin: parallel_id=281474976710809 thread_num=15 team_size=16
[OMPT] implicit_task_end: parallel_id=0 thread_num=7
[OMPT] implicit_task_end: parallel_id=0 thread_num=6
[OMPT] implicit_task_begin: parallel_id=281474976710809 thread_num=7 team_size=16
[OMPT] implicit_task_begin: parallel_id=281474976710809 thread_num=6 team_size=16
[OMPT] implicit_task_begin: parallel_id=281474976710809 thread_num=0 team_size=16
[OMPT] implicit_task_end: parallel_id=0 thread_num=3
[OMPT] implicit_task_end: parallel_id=0 thread_num=8
[OMPT] implicit_task_end: parallel_id=0 thread_num=9
[OMPT] implicit_task_begin: parallel_id=281474976710809 thread_num=13 team_size=16
[OMPT] implicit_task_begin: parallel_id=281474976710809 thread_num=9 team_size=16
[OMPT] implicit_task_begin: parallel_id=281474976710809 thread_num=3 team_size=16
[OMPT] implicit_task_end: parallel_id=0 thread_num=11
[OMPT] implicit_task_end: parallel_id=0 thread_num=10
[OMPT] implicit_task_begin: parallel_id=281474976710809 thread_num=11 team_size=16
[OMPT] implicit_task_begin: parallel_id=281474976710809 thread_num=8 team_size=16
[OMPT] implicit_task_begin: parallel_id=281474976710809 thread_num=1 team_size=16
[OMPT] implicit_task_begin: parallel_id=281474976710809 thread_num=12 team_size=16
[OMPT] implicit_task_begin: parallel_id=281474976710809 thread_num=10 team_size=16
[OMPT][WIN100ms] ompt_id=281474976710657 tid=85231  tipo=ompt_thread_initial    cpu=  1 numa=0  d_rm=     267  d_instr=1463641875  d_cyc= 373821204  d_all= 9463126  IPC=3.915  ratio_rm=0.0000
[OMPT][WIN100ms] ompt_id=562949953421313 tid=85233  tipo=ompt_thread_worker     cpu=169 numa=0  d_rm=     348  d_instr=1468290546  d_cyc= 373064818  d_all= 9488172  IPC=3.936  ratio_rm=0.0000
[OMPT][WIN100ms] ompt_id=844424930131969 tid=85234  tipo=ompt_thread_worker     cpu=120 numa=1  d_rm=      97  d_instr=1472580354  d_cyc= 373881906  d_all= 9508929  IPC=3.939  ratio_rm=0.0000
[OMPT][WIN100ms] ompt_id=1125899906842625 tid=85235  tipo=ompt_thread_worker     cpu= 32 numa=0  d_rm=     395  d_instr=1466624287  d_cyc= 372860122  d_all= 9462038  IPC=3.933  ratio_rm=0.0000
[OMPT][WIN100ms] ompt_id=1407374883553281 tid=85236  tipo=ompt_thread_worker     cpu=104 numa=1  d_rm=      47  d_instr=1477601934  d_cyc= 373934262  d_all= 9554434  IPC=3.952  ratio_rm=0.0000
[OMPT][WIN100ms] ompt_id=1688849860263937 tid=85237  tipo=ompt_thread_worker     cpu= 64 numa=1  d_rm=      36  d_instr=1472637721  d_cyc= 373810291  d_all= 9526940  IPC=3.940  ratio_rm=0.0000
[OMPT][WIN100ms] ompt_id=1970324836974593 tid=85238  tipo=ompt_thread_worker     cpu= 81 numa=1  d_rm=      54  d_instr=1469451308  d_cyc= 373124092  d_all= 9506820  IPC=3.938  ratio_rm=0.0000
[OMPT][WIN100ms] ompt_id=2251799813685249 tid=85239  tipo=ompt_thread_worker     cpu=247 numa=1  d_rm=      42  d_instr=1477584224  d_cyc= 373600699  d_all= 9557580  IPC=3.955  ratio_rm=0.0000
[OMPT][WIN100ms] ompt_id=2533274790395905 tid=85240  tipo=ompt_thread_worker     cpu= 16 numa=0  d_rm=     346  d_instr=1470485329  d_cyc= 372751777  d_all= 9504595  IPC=3.945  ratio_rm=0.0000
[OMPT][WIN100ms] ompt_id=2814749767106561 tid=85243  tipo=ompt_thread_worker     cpu= 48 numa=0  d_rm=     383  d_instr=1468316515  d_cyc= 374258963  d_all= 9519861  IPC=3.923  ratio_rm=0.0000
[OMPT][WIN100ms] ompt_id=3096224743817217 tid=85242  tipo=ompt_thread_worker     cpu= 56 numa=0  d_rm=     452  d_instr=1469225180  d_cyc= 374168269  d_all= 9516920  IPC=3.927  ratio_rm=0.0000
[OMPT][WIN100ms] ompt_id=3377699720527873 tid=85241  tipo=ompt_thread_worker     cpu=207 numa=1  d_rm=     182  d_instr=1469007236  d_cyc= 374022049  d_all= 9491826  IPC=3.928  ratio_rm=0.0000
[OMPT][WIN100ms] ompt_id=3659174697238529 tid=85244  tipo=ompt_thread_worker     cpu=223 numa=1  d_rm=     113  d_instr=1464103307  d_cyc= 372484801  d_all= 9478171  IPC=3.931  ratio_rm=0.0000
[OMPT][WIN100ms] ompt_id=3940649673949185 tid=85245  tipo=ompt_thread_worker     cpu=141 numa=0  d_rm=     366  d_instr=1463956005  d_cyc= 373060371  d_all= 9470693  IPC=3.924  ratio_rm=0.0000
[OMPT][WIN100ms] ompt_id=4222124650659841 tid=85246  tipo=ompt_thread_worker     cpu=239 numa=1  d_rm=     168  d_instr=1467931645  d_cyc= 373820229  d_all= 9499121  IPC=3.927  ratio_rm=0.0000
[OMPT][WIN100ms] ompt_id=4503599627370497 tid=85247  tipo=ompt_thread_worker     cpu=231 numa=1  d_rm=      45  d_instr=1472014807  d_cyc= 373634794  d_all= 9529028  IPC=3.940  ratio_rm=0.0000
[OMPT] implicit_task_end: parallel_id=0 thread_num=0
[OMPT] parallel_end: parallel_id=281474976710809
[OMPT] parallel_begin: parallel_id=281474976710811 team_size=16
[OMPT] implicit_task_end: parallel_id=0 thread_num=12
[OMPT] implicit_task_end: parallel_id=0 thread_num=14
[OMPT] implicit_task_end: parallel_id=0 thread_num=4
[OMPT] implicit_task_end: parallel_id=0 thread_num=6
[OMPT] implicit_task_begin: parallel_id=281474976710811 thread_num=14 team_size=16
[OMPT] implicit_task_begin: parallel_id=281474976710811 thread_num=4 team_size=16
[OMPT] implicit_task_end: parallel_id=0 thread_num=1
[OMPT] implicit_task_begin: parallel_id=281474976710811 thread_num=6 team_size=16
[OMPT] implicit_task_begin: parallel_id=281474976710811 thread_num=0 team_size=16
[OMPT] implicit_task_begin: parallel_id=281474976710811 thread_num=1 team_size=16
[OMPT] implicit_task_end: parallel_id=0 thread_num=2
[OMPT] implicit_task_end: parallel_id=0 thread_num=15
[OMPT] implicit_task_begin: parallel_id=281474976710811 thread_num=2 team_size=16
[OMPT] implicit_task_end: parallel_id=0 thread_num=13
[OMPT] implicit_task_begin: parallel_id=281474976710811 thread_num=15 team_size=16
[OMPT] implicit_task_begin: parallel_id=281474976710811 thread_num=13 team_size=16
[OMPT] implicit_task_end: parallel_id=0 thread_num=5
[OMPT] implicit_task_begin: parallel_id=281474976710811 thread_num=12 team_size=16
[OMPT] implicit_task_end: parallel_id=0 thread_num=7
[OMPT] implicit_task_end: parallel_id=0 thread_num=3
[OMPT] implicit_task_end: parallel_id=0 thread_num=8
[OMPT] implicit_task_end: parallel_id=0 thread_num=11
[OMPT] implicit_task_begin: parallel_id=281474976710811 thread_num=7 team_size=16
[OMPT] implicit_task_begin: parallel_id=281474976710811 thread_num=3 team_size=16
[OMPT] implicit_task_end: parallel_id=0 thread_num=10
[OMPT] implicit_task_end: parallel_id=0 thread_num=9
[OMPT] implicit_task_begin: parallel_id=281474976710811 thread_num=5 team_size=16
[OMPT] implicit_task_begin: parallel_id=281474976710811 thread_num=8 team_size=16
[OMPT] implicit_task_begin: parallel_id=281474976710811 thread_num=11 team_size=16
[OMPT] implicit_task_begin: parallel_id=281474976710811 thread_num=10 team_size=16
[OMPT] implicit_task_begin: parallel_id=281474976710811 thread_num=9 team_size=16
[OMPT][WIN100ms] ompt_id=281474976710657 tid=85231  tipo=ompt_thread_initial    cpu=  1 numa=0  d_rm=     233  d_instr=1464742901  d_cyc= 374470900  d_all= 9474263  IPC=3.911  ratio_rm=0.0000
[OMPT][WIN100ms] ompt_id=562949953421313 tid=85233  tipo=ompt_thread_worker     cpu=169 numa=0  d_rm=     324  d_instr=1475650363  d_cyc= 373983371  d_all= 9529638  IPC=3.946  ratio_rm=0.0000
[OMPT][WIN100ms] ompt_id=844424930131969 tid=85234  tipo=ompt_thread_worker     cpu=120 numa=1  d_rm=     101  d_instr=1467448683  d_cyc= 373483668  d_all= 9480148  IPC=3.929  ratio_rm=0.0000
[OMPT][WIN100ms] ompt_id=1125899906842625 tid=85235  tipo=ompt_thread_worker     cpu= 32 numa=0  d_rm=     407  d_instr=1469918991  d_cyc= 373196681  d_all= 9507413  IPC=3.939  ratio_rm=0.0000
[OMPT][WIN100ms] ompt_id=1407374883553281 tid=85236  tipo=ompt_thread_worker     cpu=104 numa=1  d_rm=      37  d_instr=1466938653  d_cyc= 373579255  d_all= 9475336  IPC=3.927  ratio_rm=0.0000
[OMPT][WIN100ms] ompt_id=1688849860263937 tid=85237  tipo=ompt_thread_worker     cpu= 64 numa=1  d_rm=      37  d_instr=1466012561  d_cyc= 372734496  d_all= 9467355  IPC=3.933  ratio_rm=0.0000
[OMPT][WIN100ms] ompt_id=1970324836974593 tid=85238  tipo=ompt_thread_worker     cpu= 81 numa=1  d_rm=      46  d_instr=1472463751  d_cyc= 373802925  d_all= 9524296  IPC=3.939  ratio_rm=0.0000
[OMPT][WIN100ms] ompt_id=2251799813685249 tid=85239  tipo=ompt_thread_worker     cpu=247 numa=1  d_rm=      55  d_instr=1462522681  d_cyc= 372854885  d_all= 9449639  IPC=3.922  ratio_rm=0.0000
[OMPT][WIN100ms] ompt_id=2533274790395905 tid=85240  tipo=ompt_thread_worker     cpu= 16 numa=0  d_rm=     362  d_instr=1466582972  d_cyc= 372727763  d_all= 9486110  IPC=3.935  ratio_rm=0.0000
[OMPT][WIN100ms] ompt_id=2814749767106561 tid=85243  tipo=ompt_thread_worker     cpu= 48 numa=0  d_rm=     382  d_instr=1472167557  d_cyc= 374268863  d_all= 9543496  IPC=3.933  ratio_rm=0.0000
[OMPT][WIN100ms] ompt_id=3096224743817217 tid=85242  tipo=ompt_thread_worker     cpu= 56 numa=0  d_rm=     403  d_instr=1469665440  d_cyc= 373843313  d_all= 9504891  IPC=3.931  ratio_rm=0.0000
[OMPT][WIN100ms] ompt_id=3377699720527873 tid=85241  tipo=ompt_thread_worker     cpu=207 numa=1  d_rm=     188  d_instr=1468215197  d_cyc= 373766797  d_all= 9490804  IPC=3.928  ratio_rm=0.0000
[OMPT][WIN100ms] ompt_id=3659174697238529 tid=85244  tipo=ompt_thread_worker     cpu=223 numa=1  d_rm=     111  d_instr=1470553008  d_cyc= 373369588  d_all= 9516129  IPC=3.939  ratio_rm=0.0000
[OMPT][WIN100ms] ompt_id=3940649673949185 tid=85245  tipo=ompt_thread_worker     cpu=141 numa=0  d_rm=     347  d_instr=1472844516  d_cyc= 373791360  d_all= 9531954  IPC=3.940  ratio_rm=0.0000
[OMPT][WIN100ms] ompt_id=4222124650659841 tid=85246  tipo=ompt_thread_worker     cpu=239 numa=1  d_rm=     142  d_instr=1473449563  d_cyc= 373807189  d_all= 9528800  IPC=3.942  ratio_rm=0.0000
[OMPT][WIN100ms] ompt_id=4503599627370497 tid=85247  tipo=ompt_thread_worker     cpu=231 numa=1  d_rm=      47  d_instr=1468491290  d_cyc= 373315391  d_all= 9494913  IPC=3.934  ratio_rm=0.0000
[OMPT] implicit_task_end: parallel_id=0 thread_num=0
[OMPT] parallel_end: parallel_id=281474976710811
[OMPT] parallel_begin: parallel_id=281474976710813 team_size=16
[OMPT] implicit_task_end: parallel_id=0 thread_num=12
[OMPT] implicit_task_end: parallel_id=0 thread_num=14
[OMPT] implicit_task_begin: parallel_id=281474976710813 thread_num=12 team_size=16
[OMPT] implicit_task_begin: parallel_id=281474976710813 thread_num=0 team_size=16
[OMPT] implicit_task_end: parallel_id=0 thread_num=4
[OMPT] implicit_task_end: parallel_id=0 thread_num=5
[OMPT] implicit_task_end: parallel_id=0 thread_num=2
[OMPT] implicit_task_end: parallel_id=0 thread_num=1
[OMPT] implicit_task_end: parallel_id=0 thread_num=15
[OMPT] implicit_task_end: parallel_id=0 thread_num=13
[OMPT] implicit_task_begin: parallel_id=281474976710813 thread_num=1 team_size=16
[OMPT] implicit_task_end: parallel_id=0 thread_num=3
[OMPT] implicit_task_begin: parallel_id=281474976710813 thread_num=14 team_size=16
[OMPT] implicit_task_begin: parallel_id=281474976710813 thread_num=15 team_size=16
[OMPT] implicit_task_end: parallel_id=0 thread_num=7
[OMPT] implicit_task_begin: parallel_id=281474976710813 thread_num=3 team_size=16
[OMPT] implicit_task_begin: parallel_id=281474976710813 thread_num=5 team_size=16
[OMPT] implicit_task_begin: parallel_id=281474976710813 thread_num=2 team_size=16
[OMPT] implicit_task_end: parallel_id=0 thread_num=8
[OMPT] implicit_task_end: parallel_id=0 thread_num=9
[OMPT] implicit_task_begin: parallel_id=281474976710813 thread_num=8 team_size=16
[OMPT] implicit_task_end: parallel_id=0 thread_num=6
[OMPT] implicit_task_begin: parallel_id=281474976710813 thread_num=9 team_size=16
[OMPT] implicit_task_begin: parallel_id=281474976710813 thread_num=7 team_size=16
[OMPT] implicit_task_begin: parallel_id=281474976710813 thread_num=6 team_size=16
[OMPT] implicit_task_end: parallel_id=0 thread_num=10
[OMPT] implicit_task_end: parallel_id=0 thread_num=11
[OMPT] implicit_task_begin: parallel_id=281474976710813 thread_num=10 team_size=16
[OMPT] implicit_task_begin: parallel_id=281474976710813 thread_num=13 team_size=16
[OMPT] implicit_task_begin: parallel_id=281474976710813 thread_num=4 team_size=16
[OMPT] implicit_task_begin: parallel_id=281474976710813 thread_num=11 team_size=16
[OMPT][WIN100ms] ompt_id=281474976710657 tid=85231  tipo=ompt_thread_initial    cpu=  1 numa=0  d_rm=     187  d_instr=1468158200  d_cyc= 374649453  d_all= 9512035  IPC=3.919  ratio_rm=0.0000
[OMPT][WIN100ms] ompt_id=562949953421313 tid=85233  tipo=ompt_thread_worker     cpu=169 numa=0  d_rm=     288  d_instr=1469698366  d_cyc= 374123387  d_all= 9505307  IPC=3.928  ratio_rm=0.0000
[OMPT][WIN100ms] ompt_id=844424930131969 tid=85234  tipo=ompt_thread_worker     cpu=120 numa=1  d_rm=     112  d_instr=1468994297  d_cyc= 373478338  d_all= 9505222  IPC=3.933  ratio_rm=0.0000
[OMPT][WIN100ms] ompt_id=1125899906842625 tid=85235  tipo=ompt_thread_worker     cpu= 32 numa=0  d_rm=     343  d_instr=1471625261  d_cyc= 374006169  d_all= 9532673  IPC=3.935  ratio_rm=0.0000
[OMPT][WIN100ms] ompt_id=1407374883553281 tid=85236  tipo=ompt_thread_worker     cpu=104 numa=1  d_rm=      35  d_instr=1467332176  d_cyc= 372847753  d_all= 9492076  IPC=3.935  ratio_rm=0.0000
[OMPT][WIN100ms] ompt_id=1688849860263937 tid=85237  tipo=ompt_thread_worker     cpu= 64 numa=1  d_rm=      36  d_instr=1478038591  d_cyc= 374084243  d_all= 9567827  IPC=3.951  ratio_rm=0.0000
[OMPT][WIN100ms] ompt_id=1970324836974593 tid=85238  tipo=ompt_thread_worker     cpu= 81 numa=1  d_rm=      35  d_instr=1468838191  d_cyc= 373427794  d_all= 9495904  IPC=3.933  ratio_rm=0.0000
[OMPT][WIN100ms] ompt_id=2251799813685249 tid=85239  tipo=ompt_thread_worker     cpu=247 numa=1  d_rm=      43  d_instr=1480151427  d_cyc= 373584635  d_all= 9583709  IPC=3.962  ratio_rm=0.0000
[OMPT][WIN100ms] ompt_id=2533274790395905 tid=85240  tipo=ompt_thread_worker     cpu= 16 numa=0  d_rm=     299  d_instr=1477119586  d_cyc= 373682339  d_all= 9567944  IPC=3.953  ratio_rm=0.0000
[OMPT][WIN100ms] ompt_id=2814749767106561 tid=85243  tipo=ompt_thread_worker     cpu= 48 numa=0  d_rm=     338  d_instr=1466491963  d_cyc= 374325318  d_all= 9496787  IPC=3.918  ratio_rm=0.0000
[OMPT][WIN100ms] ompt_id=3096224743817217 tid=85242  tipo=ompt_thread_worker     cpu= 56 numa=0  d_rm=     384  d_instr=1474165968  d_cyc= 374120177  d_all= 9541003  IPC=3.940  ratio_rm=0.0000
[OMPT][WIN100ms] ompt_id=3377699720527873 tid=85241  tipo=ompt_thread_worker     cpu=207 numa=1  d_rm=     192  d_instr=1472097156  d_cyc= 374072287  d_all= 9516644  IPC=3.935  ratio_rm=0.0000
[OMPT][WIN100ms] ompt_id=3659174697238529 tid=85244  tipo=ompt_thread_worker     cpu=223 numa=1  d_rm=     105  d_instr=1471012693  d_cyc= 374427458  d_all= 9532784  IPC=3.929  ratio_rm=0.0000
[OMPT][WIN100ms] ompt_id=3940649673949185 tid=85245  tipo=ompt_thread_worker     cpu=141 numa=0  d_rm=     327  d_instr=1468191555  d_cyc= 373443160  d_all= 9505694  IPC=3.931  ratio_rm=0.0000
[OMPT][WIN100ms] ompt_id=4222124650659841 tid=85246  tipo=ompt_thread_worker     cpu=239 numa=1  d_rm=     136  d_instr=1466728337  d_cyc= 373585075  d_all= 9480501  IPC=3.926  ratio_rm=0.0000
[OMPT][WIN100ms] ompt_id=4503599627370497 tid=85247  tipo=ompt_thread_worker     cpu=231 numa=1  d_rm=      30  d_instr=1475608017  d_cyc= 373802132  d_all= 9539439  IPC=3.948  ratio_rm=0.0000
[OMPT] implicit_task_end: parallel_id=0 thread_num=0
[OMPT] parallel_end: parallel_id=281474976710813
[OMPT] parallel_begin: parallel_id=281474976710815 team_size=16
[OMPT] implicit_task_end: parallel_id=0 thread_num=12
[OMPT] implicit_task_end: parallel_id=0 thread_num=14
[OMPT] implicit_task_end: parallel_id=0 thread_num=4
[OMPT] implicit_task_begin: parallel_id=281474976710815 thread_num=12 team_size=16
[OMPT] implicit_task_end: parallel_id=0 thread_num=5
[OMPT] implicit_task_begin: parallel_id=281474976710815 thread_num=14 team_size=16
[OMPT] implicit_task_begin: parallel_id=281474976710815 thread_num=4 team_size=16
[OMPT] implicit_task_end: parallel_id=0 thread_num=1
[OMPT] implicit_task_end: parallel_id=0 thread_num=15
[OMPT] implicit_task_end: parallel_id=0 thread_num=13
[OMPT] implicit_task_begin: parallel_id=281474976710815 thread_num=15 team_size=16
[OMPT] implicit_task_begin: parallel_id=281474976710815 thread_num=13 team_size=16
[OMPT] implicit_task_end: parallel_id=0 thread_num=7
[OMPT] implicit_task_end: parallel_id=0 thread_num=6
[OMPT] implicit_task_begin: parallel_id=281474976710815 thread_num=7 team_size=16
[OMPT] implicit_task_end: parallel_id=0 thread_num=8
[OMPT] implicit_task_begin: parallel_id=281474976710815 thread_num=6 team_size=16
[OMPT] implicit_task_end: parallel_id=0 thread_num=10
[OMPT] implicit_task_end: parallel_id=0 thread_num=3
[OMPT] implicit_task_begin: parallel_id=281474976710815 thread_num=10 team_size=16
[OMPT] implicit_task_begin: parallel_id=281474976710815 thread_num=3 team_size=16
[OMPT] implicit_task_begin: parallel_id=281474976710815 thread_num=1 team_size=16
[OMPT] implicit_task_end: parallel_id=0 thread_num=11
[OMPT] implicit_task_end: parallel_id=0 thread_num=9
[OMPT] implicit_task_end: parallel_id=0 thread_num=2
[OMPT] implicit_task_begin: parallel_id=281474976710815 thread_num=9 team_size=16
[OMPT] implicit_task_begin: parallel_id=281474976710815 thread_num=8 team_size=16
[OMPT] implicit_task_begin: parallel_id=281474976710815 thread_num=0 team_size=16
[OMPT] implicit_task_begin: parallel_id=281474976710815 thread_num=2 team_size=16
[OMPT] implicit_task_begin: parallel_id=281474976710815 thread_num=5 team_size=16
[OMPT] implicit_task_begin: parallel_id=281474976710815 thread_num=11 team_size=16
[OMPT][WIN100ms] ompt_id=281474976710657 tid=85231  tipo=ompt_thread_initial    cpu=  1 numa=0  d_rm=     242  d_instr=1464485265  d_cyc= 373449511  d_all= 9491066  IPC=3.922  ratio_rm=0.0000
[OMPT][WIN100ms] ompt_id=562949953421313 tid=85233  tipo=ompt_thread_worker     cpu=169 numa=0  d_rm=     322  d_instr=1466950207  d_cyc= 373649607  d_all= 9489269  IPC=3.926  ratio_rm=0.0000
[OMPT][WIN100ms] ompt_id=844424930131969 tid=85234  tipo=ompt_thread_worker     cpu=120 numa=1  d_rm=     111  d_instr=1473043166  d_cyc= 372677926  d_all= 9532860  IPC=3.953  ratio_rm=0.0000
[OMPT][WIN100ms] ompt_id=1125899906842625 tid=85235  tipo=ompt_thread_worker     cpu= 32 numa=0  d_rm=     395  d_instr=1473349037  d_cyc= 373635213  d_all= 9534250  IPC=3.943  ratio_rm=0.0000
[OMPT][WIN100ms] ompt_id=1407374883553281 tid=85236  tipo=ompt_thread_worker     cpu=104 numa=1  d_rm=      32  d_instr=1478330971  d_cyc= 373931061  d_all= 9575539  IPC=3.953  ratio_rm=0.0000
[OMPT][WIN100ms] ompt_id=1688849860263937 tid=85237  tipo=ompt_thread_worker     cpu= 64 numa=1  d_rm=      29  d_instr=1464259741  d_cyc= 373030910  d_all= 9468892  IPC=3.925  ratio_rm=0.0000
[OMPT][WIN100ms] ompt_id=1970324836974593 tid=85238  tipo=ompt_thread_worker     cpu= 81 numa=1  d_rm=      28  d_instr=1476240094  d_cyc= 373613387  d_all= 9557592  IPC=3.951  ratio_rm=0.0000
[OMPT][WIN100ms] ompt_id=2251799813685249 tid=85239  tipo=ompt_thread_worker     cpu=247 numa=1  d_rm=      38  d_instr=1468562719  d_cyc= 373582518  d_all= 9484662  IPC=3.931  ratio_rm=0.0000
[OMPT][WIN100ms] ompt_id=2533274790395905 tid=85240  tipo=ompt_thread_worker     cpu= 16 numa=0  d_rm=     390  d_instr=1471957819  d_cyc= 372892108  d_all= 9520314  IPC=3.947  ratio_rm=0.0000
[OMPT][WIN100ms] ompt_id=2814749767106561 tid=85243  tipo=ompt_thread_worker     cpu= 48 numa=0  d_rm=     347  d_instr=1473541011  d_cyc= 373786106  d_all= 9541097  IPC=3.942  ratio_rm=0.0000
[OMPT][WIN100ms] ompt_id=3096224743817217 tid=85242  tipo=ompt_thread_worker     cpu= 56 numa=0  d_rm=     413  d_instr=1464745782  d_cyc= 374240527  d_all= 9479882  IPC=3.914  ratio_rm=0.0000
[OMPT][WIN100ms] ompt_id=3377699720527873 tid=85241  tipo=ompt_thread_worker     cpu=207 numa=1  d_rm=     180  d_instr=1469591616  d_cyc= 373641964  d_all= 9514685  IPC=3.933  ratio_rm=0.0000
[OMPT][WIN100ms] ompt_id=3659174697238529 tid=85244  tipo=ompt_thread_worker     cpu=223 numa=1  d_rm=     106  d_instr=1472717793  d_cyc= 374011664  d_all= 9514572  IPC=3.938  ratio_rm=0.0000
[OMPT][WIN100ms] ompt_id=3940649673949185 tid=85245  tipo=ompt_thread_worker     cpu=141 numa=0  d_rm=     341  d_instr=1474554769  d_cyc= 374100658  d_all= 9537146  IPC=3.942  ratio_rm=0.0000
[OMPT][WIN100ms] ompt_id=4222124650659841 tid=85246  tipo=ompt_thread_worker     cpu=239 numa=1  d_rm=     118  d_instr=1474664969  d_cyc= 373879385  d_all= 9524360  IPC=3.944  ratio_rm=0.0000
[OMPT][WIN100ms] ompt_id=4503599627370497 tid=85247  tipo=ompt_thread_worker     cpu=231 numa=1  d_rm=      42  d_instr=1469877762  d_cyc= 373540062  d_all= 9492697  IPC=3.935  ratio_rm=0.0000
[OMPT] implicit_task_end: parallel_id=0 thread_num=0
[OMPT] parallel_end: parallel_id=281474976710815
[OMPT] parallel_begin: parallel_id=281474976710817 team_size=16
[OMPT] implicit_task_end: parallel_id=0 thread_num=8
[OMPT] implicit_task_end: parallel_id=0 thread_num=9
[OMPT] implicit_task_begin: parallel_id=281474976710817 thread_num=8 team_size=16
[OMPT] implicit_task_end: parallel_id=0 thread_num=4
[OMPT] implicit_task_end: parallel_id=0 thread_num=3
[OMPT] implicit_task_begin: parallel_id=281474976710817 thread_num=3 team_size=16
[OMPT] implicit_task_end: parallel_id=0 thread_num=12
[OMPT] implicit_task_end: parallel_id=0 thread_num=14
[OMPT] implicit_task_end: parallel_id=0 thread_num=2
[OMPT] implicit_task_begin: parallel_id=281474976710817 thread_num=14 team_size=16
[OMPT] implicit_task_end: parallel_id=0 thread_num=10
[OMPT] implicit_task_begin: parallel_id=281474976710817 thread_num=2 team_size=16
[OMPT] implicit_task_end: parallel_id=0 thread_num=11
[OMPT] implicit_task_begin: parallel_id=281474976710817 thread_num=10 team_size=16
[OMPT] implicit_task_end: parallel_id=0 thread_num=7
[OMPT] implicit_task_end: parallel_id=0 thread_num=5
[OMPT] implicit_task_begin: parallel_id=281474976710817 thread_num=5 team_size=16
[OMPT] implicit_task_begin: parallel_id=281474976710817 thread_num=9 team_size=16
[OMPT] implicit_task_begin: parallel_id=281474976710817 thread_num=0 team_size=16
[OMPT] implicit_task_begin: parallel_id=281474976710817 thread_num=4 team_size=16
[OMPT] implicit_task_end: parallel_id=0 thread_num=15
[OMPT] implicit_task_end: parallel_id=0 thread_num=13
[OMPT] implicit_task_begin: parallel_id=281474976710817 thread_num=15 team_size=16
[OMPT] implicit_task_begin: parallel_id=281474976710817 thread_num=13 team_size=16
[OMPT] implicit_task_end: parallel_id=0 thread_num=1
[OMPT] implicit_task_begin: parallel_id=281474976710817 thread_num=11 team_size=16
[OMPT] implicit_task_begin: parallel_id=281474976710817 thread_num=7 team_size=16
[OMPT] implicit_task_end: parallel_id=0 thread_num=6
[OMPT] implicit_task_begin: parallel_id=281474976710817 thread_num=12 team_size=16
[OMPT] implicit_task_begin: parallel_id=281474976710817 thread_num=1 team_size=16
[OMPT] implicit_task_begin: parallel_id=281474976710817 thread_num=6 team_size=16
[OMPT][WIN100ms] ompt_id=281474976710657 tid=85231  tipo=ompt_thread_initial    cpu=  1 numa=0  d_rm=     242  d_instr=1467175245  d_cyc= 373661672  d_all= 9504131  IPC=3.926  ratio_rm=0.0000
[OMPT][WIN100ms] ompt_id=562949953421313 tid=85233  tipo=ompt_thread_worker     cpu=169 numa=0  d_rm=     373  d_instr=1472185285  d_cyc= 372691381  d_all= 9523355  IPC=3.950  ratio_rm=0.0000
[OMPT][WIN100ms] ompt_id=844424930131969 tid=85234  tipo=ompt_thread_worker     cpu=120 numa=1  d_rm=     115  d_instr=1471008004  d_cyc= 373434723  d_all= 9512648  IPC=3.939  ratio_rm=0.0000
[OMPT][WIN100ms] ompt_id=1125899906842625 tid=85235  tipo=ompt_thread_worker     cpu= 32 numa=0  d_rm=     432  d_instr=1473690033  d_cyc= 373958418  d_all= 9528922  IPC=3.941  ratio_rm=0.0000
[OMPT][WIN100ms] ompt_id=1407374883553281 tid=85236  tipo=ompt_thread_worker     cpu=104 numa=1  d_rm=      37  d_instr=1465373513  d_cyc= 372404423  d_all= 9458472  IPC=3.935  ratio_rm=0.0000
[OMPT][WIN100ms] ompt_id=1688849860263937 tid=85237  tipo=ompt_thread_worker     cpu= 64 numa=1  d_rm=      32  d_instr=1474211342  d_cyc= 373448232  d_all= 9541344  IPC=3.948  ratio_rm=0.0000
[OMPT][WIN100ms] ompt_id=1970324836974593 tid=85238  tipo=ompt_thread_worker     cpu= 81 numa=1  d_rm=      40  d_instr=1459871275  d_cyc= 372142634  d_all= 9428142  IPC=3.923  ratio_rm=0.0000
[OMPT][WIN100ms] ompt_id=2251799813685249 tid=85239  tipo=ompt_thread_worker     cpu=247 numa=1  d_rm=      51  d_instr=1468384476  d_cyc= 372446075  d_all= 9484142  IPC=3.943  ratio_rm=0.0000
[OMPT][WIN100ms] ompt_id=2533274790395905 tid=85240  tipo=ompt_thread_worker     cpu= 16 numa=0  d_rm=     382  d_instr=1470433238  d_cyc= 374125051  d_all= 9497480  IPC=3.930  ratio_rm=0.0000
[OMPT][WIN100ms] ompt_id=2814749767106561 tid=85243  tipo=ompt_thread_worker     cpu= 48 numa=0  d_rm=     391  d_instr=1464194081  d_cyc= 371841354  d_all= 9476417  IPC=3.938  ratio_rm=0.0000
[OMPT][WIN100ms] ompt_id=3096224743817217 tid=85242  tipo=ompt_thread_worker     cpu= 56 numa=0  d_rm=     448  d_instr=1473024293  d_cyc= 373771839  d_all= 9522544  IPC=3.941  ratio_rm=0.0000
[OMPT][WIN100ms] ompt_id=3377699720527873 tid=85241  tipo=ompt_thread_worker     cpu=207 numa=1  d_rm=     262  d_instr=1469726245  d_cyc= 373353382  d_all= 9497587  IPC=3.937  ratio_rm=0.0000
[OMPT][WIN100ms] ompt_id=3659174697238529 tid=85244  tipo=ompt_thread_worker     cpu=223 numa=1  d_rm=     179  d_instr=1456652365  d_cyc= 372058276  d_all= 9407212  IPC=3.915  ratio_rm=0.0000
[OMPT][WIN100ms] ompt_id=3940649673949185 tid=85245  tipo=ompt_thread_worker     cpu=141 numa=0  d_rm=     376  d_instr=1463486443  d_cyc= 373217368  d_all= 9449250  IPC=3.921  ratio_rm=0.0000
[OMPT][WIN100ms] ompt_id=4222124650659841 tid=85246  tipo=ompt_thread_worker     cpu=239 numa=1  d_rm=     157  d_instr=1469235465  d_cyc= 373766524  d_all= 9486724  IPC=3.931  ratio_rm=0.0000
[OMPT][WIN100ms] ompt_id=4503599627370497 tid=85247  tipo=ompt_thread_worker     cpu=231 numa=1  d_rm=      39  d_instr=1466744857  d_cyc= 373175154  d_all= 9480213  IPC=3.930  ratio_rm=0.0000
[OMPT] implicit_task_end: parallel_id=0 thread_num=0
[OMPT] parallel_end: parallel_id=281474976710817
[OMPT] parallel_begin: parallel_id=281474976710819 team_size=16
[OMPT] implicit_task_end: parallel_id=0 thread_num=12
[OMPT] implicit_task_end: parallel_id=0 thread_num=14
[OMPT] implicit_task_end: parallel_id=0 thread_num=4
[OMPT] implicit_task_end: parallel_id=0 thread_num=7
[OMPT] implicit_task_end: parallel_id=0 thread_num=2
[OMPT] implicit_task_end: parallel_id=0 thread_num=8
[OMPT] implicit_task_begin: parallel_id=281474976710819 thread_num=0 team_size=16
[OMPT] implicit_task_end: parallel_id=0 thread_num=9
[OMPT] implicit_task_begin: parallel_id=281474976710819 thread_num=8 team_size=16
[OMPT] implicit_task_end: parallel_id=0 thread_num=13
[OMPT] implicit_task_end: parallel_id=0 thread_num=5
[OMPT] implicit_task_end: parallel_id=0 thread_num=6
[OMPT] implicit_task_begin: parallel_id=281474976710819 thread_num=9 team_size=16
[OMPT] implicit_task_end: parallel_id=0 thread_num=1
[OMPT] implicit_task_begin: parallel_id=281474976710819 thread_num=4 team_size=16
[OMPT] implicit_task_begin: parallel_id=281474976710819 thread_num=6 team_size=16
[OMPT] implicit_task_end: parallel_id=0 thread_num=11
[OMPT] implicit_task_end: parallel_id=0 thread_num=10
[OMPT] implicit_task_begin: parallel_id=281474976710819 thread_num=11 team_size=16
[OMPT] implicit_task_end: parallel_id=0 thread_num=3
[OMPT] implicit_task_begin: parallel_id=281474976710819 thread_num=7 team_size=16
[OMPT] implicit_task_begin: parallel_id=281474976710819 thread_num=10 team_size=16
[OMPT] implicit_task_end: parallel_id=0 thread_num=15
[OMPT] implicit_task_begin: parallel_id=281474976710819 thread_num=13 team_size=16
[OMPT] implicit_task_begin: parallel_id=281474976710819 thread_num=12 team_size=16
[OMPT] implicit_task_begin: parallel_id=281474976710819 thread_num=15 team_size=16
[OMPT] implicit_task_begin: parallel_id=281474976710819 thread_num=14 team_size=16
[OMPT] implicit_task_begin: parallel_id=281474976710819 thread_num=5 team_size=16
[OMPT] implicit_task_begin: parallel_id=281474976710819 thread_num=1 team_size=16
[OMPT] implicit_task_begin: parallel_id=281474976710819 thread_num=2 team_size=16
[OMPT] implicit_task_begin: parallel_id=281474976710819 thread_num=3 team_size=16
[OMPT][WIN100ms] ompt_id=281474976710657 tid=85231  tipo=ompt_thread_initial    cpu=  1 numa=0  d_rm=     204  d_instr=1468863473  d_cyc= 374255115  d_all= 9518523  IPC=3.925  ratio_rm=0.0000
[OMPT][WIN100ms] ompt_id=562949953421313 tid=85233  tipo=ompt_thread_worker     cpu=169 numa=0  d_rm=     302  d_instr=1461314696  d_cyc= 373349240  d_all= 9449777  IPC=3.914  ratio_rm=0.0000
[OMPT][WIN100ms] ompt_id=844424930131969 tid=85234  tipo=ompt_thread_worker     cpu=120 numa=1  d_rm=     104  d_instr=1467736246  d_cyc= 372962280  d_all= 9489029  IPC=3.935  ratio_rm=0.0000
[OMPT][WIN100ms] ompt_id=1125899906842625 tid=85235  tipo=ompt_thread_worker     cpu= 32 numa=0  d_rm=     383  d_instr=1453267910  d_cyc= 372994710  d_all= 9389268  IPC=3.896  ratio_rm=0.0000
[OMPT][WIN100ms] ompt_id=1407374883553281 tid=85236  tipo=ompt_thread_worker     cpu=104 numa=1  d_rm=      51  d_instr=1464855379  d_cyc= 373510225  d_all= 9473712  IPC=3.922  ratio_rm=0.0000
[OMPT][WIN100ms] ompt_id=1688849860263937 tid=85237  tipo=ompt_thread_worker     cpu= 64 numa=1  d_rm=      30  d_instr=1464733128  d_cyc= 373331640  d_all= 9450019  IPC=3.923  ratio_rm=0.0000
[OMPT][WIN100ms] ompt_id=1970324836974593 tid=85238  tipo=ompt_thread_worker     cpu= 81 numa=1  d_rm=      34  d_instr=1475497453  d_cyc= 373830546  d_all= 9530724  IPC=3.947  ratio_rm=0.0000
[OMPT][WIN100ms] ompt_id=2251799813685249 tid=85239  tipo=ompt_thread_worker     cpu=247 numa=1  d_rm=      68  d_instr=1472767650  d_cyc= 373585778  d_all= 9504968  IPC=3.942  ratio_rm=0.0000
[OMPT][WIN100ms] ompt_id=2533274790395905 tid=85240  tipo=ompt_thread_worker     cpu= 16 numa=0  d_rm=     347  d_instr=1467240492  d_cyc= 374174043  d_all= 9471508  IPC=3.921  ratio_rm=0.0000
[OMPT][WIN100ms] ompt_id=2814749767106561 tid=85243  tipo=ompt_thread_worker     cpu= 48 numa=0  d_rm=     306  d_instr=1474082911  d_cyc= 374361337  d_all= 9539425  IPC=3.938  ratio_rm=0.0000
[OMPT][WIN100ms] ompt_id=3096224743817217 tid=85242  tipo=ompt_thread_worker     cpu= 56 numa=0  d_rm=     425  d_instr=1463727348  d_cyc= 373887394  d_all= 9450030  IPC=3.915  ratio_rm=0.0000
[OMPT][WIN100ms] ompt_id=3377699720527873 tid=85241  tipo=ompt_thread_worker     cpu=207 numa=1  d_rm=     214  d_instr=1475102833  d_cyc= 374229992  d_all= 9529160  IPC=3.942  ratio_rm=0.0000
[OMPT][WIN100ms] ompt_id=3659174697238529 tid=85244  tipo=ompt_thread_worker     cpu=223 numa=1  d_rm=     129  d_instr=1478198161  d_cyc= 373086517  d_all= 9553567  IPC=3.962  ratio_rm=0.0000
[OMPT][WIN100ms] ompt_id=3940649673949185 tid=85245  tipo=ompt_thread_worker     cpu=141 numa=0  d_rm=     352  d_instr=1467753271  d_cyc= 373342617  d_all= 9488774  IPC=3.931  ratio_rm=0.0000
[OMPT][WIN100ms] ompt_id=4222124650659841 tid=85246  tipo=ompt_thread_worker     cpu=239 numa=1  d_rm=     122  d_instr=1464905615  d_cyc= 372680973  d_all= 9457092  IPC=3.931  ratio_rm=0.0000
[OMPT][WIN100ms] ompt_id=4503599627370497 tid=85247  tipo=ompt_thread_worker     cpu=231 numa=1  d_rm=      37  d_instr=1475844945  d_cyc= 373084012  d_all= 9539327  IPC=3.956  ratio_rm=0.0000
[OMPT] implicit_task_end: parallel_id=0 thread_num=0
[OMPT] parallel_end: parallel_id=281474976710819
[OMPT] parallel_begin: parallel_id=281474976710821 team_size=16
[OMPT] implicit_task_end: parallel_id=0 thread_num=12
[OMPT] implicit_task_end: parallel_id=0 thread_num=14
[OMPT] implicit_task_begin: parallel_id=281474976710821 thread_num=12 team_size=16
[OMPT] implicit_task_end: parallel_id=0 thread_num=4
[OMPT] implicit_task_end: parallel_id=0 thread_num=7
[OMPT] implicit_task_begin: parallel_id=281474976710821 thread_num=0 team_size=16
[OMPT] implicit_task_begin: parallel_id=281474976710821 thread_num=7 team_size=16
[OMPT] implicit_task_end: parallel_id=0 thread_num=3
[OMPT] implicit_task_end: parallel_id=0 thread_num=15
[OMPT] implicit_task_end: parallel_id=0 thread_num=13
[OMPT] implicit_task_begin: parallel_id=281474976710821 thread_num=15 team_size=16
[OMPT] implicit_task_end: parallel_id=0 thread_num=8
[OMPT] implicit_task_end: parallel_id=0 thread_num=9
[OMPT] implicit_task_end: parallel_id=0 thread_num=5
[OMPT] implicit_task_end: parallel_id=0 thread_num=6
[OMPT] implicit_task_begin: parallel_id=281474976710821 thread_num=5 team_size=16
[OMPT] implicit_task_end: parallel_id=0 thread_num=1
[OMPT] implicit_task_begin: parallel_id=281474976710821 thread_num=6 team_size=16
[OMPT] implicit_task_begin: parallel_id=281474976710821 thread_num=4 team_size=16
[OMPT] implicit_task_end: parallel_id=0 thread_num=2
[OMPT] implicit_task_begin: parallel_id=281474976710821 thread_num=3 team_size=16
[OMPT] implicit_task_begin: parallel_id=281474976710821 thread_num=13 team_size=16
[OMPT] implicit_task_begin: parallel_id=281474976710821 thread_num=2 team_size=16
[OMPT] implicit_task_end: parallel_id=0 thread_num=10
[OMPT] implicit_task_end: parallel_id=0 thread_num=11
[OMPT] implicit_task_begin: parallel_id=281474976710821 thread_num=10 team_size=16
[OMPT] implicit_task_begin: parallel_id=281474976710821 thread_num=8 team_size=16
[OMPT] implicit_task_begin: parallel_id=281474976710821 thread_num=11 team_size=16
[OMPT] implicit_task_begin: parallel_id=281474976710821 thread_num=14 team_size=16
[OMPT] implicit_task_begin: parallel_id=281474976710821 thread_num=1 team_size=16
[OMPT] implicit_task_begin: parallel_id=281474976710821 thread_num=9 team_size=16
[OMPT][WIN100ms] ompt_id=281474976710657 tid=85231  tipo=ompt_thread_initial    cpu=  1 numa=0  d_rm=     256  d_instr=1463056982  d_cyc= 374304770  d_all= 9477147  IPC=3.909  ratio_rm=0.0000
[OMPT][WIN100ms] ompt_id=562949953421313 tid=85233  tipo=ompt_thread_worker     cpu=169 numa=0  d_rm=     333  d_instr=1474139865  d_cyc= 373116684  d_all= 9531747  IPC=3.951  ratio_rm=0.0000
[OMPT][WIN100ms] ompt_id=844424930131969 tid=85234  tipo=ompt_thread_worker     cpu=120 numa=1  d_rm=      88  d_instr=1460453839  d_cyc= 373002005  d_all= 9430521  IPC=3.915  ratio_rm=0.0000
[OMPT][WIN100ms] ompt_id=1125899906842625 tid=85235  tipo=ompt_thread_worker     cpu= 32 numa=0  d_rm=     366  d_instr=1484062538  d_cyc= 373568012  d_all= 9591946  IPC=3.973  ratio_rm=0.0000
[OMPT][WIN100ms] ompt_id=1407374883553281 tid=85236  tipo=ompt_thread_worker     cpu=104 numa=1  d_rm=      37  d_instr=1473057821  d_cyc= 373148614  d_all= 9517575  IPC=3.948  ratio_rm=0.0000
[OMPT][WIN100ms] ompt_id=1688849860263937 tid=85237  tipo=ompt_thread_worker     cpu= 64 numa=1  d_rm=      33  d_instr=1476584825  d_cyc= 373355705  d_all= 9535287  IPC=3.955  ratio_rm=0.0000
[OMPT][WIN100ms] ompt_id=1970324836974593 tid=85238  tipo=ompt_thread_worker     cpu= 81 numa=1  d_rm=      39  d_instr=1467477739  d_cyc= 373200809  d_all= 9467722  IPC=3.932  ratio_rm=0.0000
[OMPT][WIN100ms] ompt_id=2251799813685249 tid=85239  tipo=ompt_thread_worker     cpu=247 numa=1  d_rm=      54  d_instr=1476769465  d_cyc= 374026699  d_all= 9528989  IPC=3.948  ratio_rm=0.0000
[OMPT][WIN100ms] ompt_id=2533274790395905 tid=85240  tipo=ompt_thread_worker     cpu= 16 numa=0  d_rm=     335  d_instr=1463821108  d_cyc= 373031055  d_all= 9450565  IPC=3.924  ratio_rm=0.0000
[OMPT][WIN100ms] ompt_id=2814749767106561 tid=85243  tipo=ompt_thread_worker     cpu= 48 numa=0  d_rm=     356  d_instr=1464366966  d_cyc= 373346990  d_all= 9464038  IPC=3.922  ratio_rm=0.0000
[OMPT][WIN100ms] ompt_id=3096224743817217 tid=85242  tipo=ompt_thread_worker     cpu= 56 numa=0  d_rm=     393  d_instr=1470403441  d_cyc= 373925210  d_all= 9499693  IPC=3.932  ratio_rm=0.0000
[OMPT][WIN100ms] ompt_id=3377699720527873 tid=85241  tipo=ompt_thread_worker     cpu=207 numa=1  d_rm=     193  d_instr=1463461915  d_cyc= 373093748  d_all= 9435537  IPC=3.923  ratio_rm=0.0000
[OMPT][WIN100ms] ompt_id=3659174697238529 tid=85244  tipo=ompt_thread_worker     cpu=223 numa=1  d_rm=     141  d_instr=1469664906  d_cyc= 373875739  d_all= 9493539  IPC=3.931  ratio_rm=0.0000
[OMPT][WIN100ms] ompt_id=3940649673949185 tid=85245  tipo=ompt_thread_worker     cpu=141 numa=0  d_rm=     385  d_instr=1468554054  d_cyc= 373231268  d_all= 9490688  IPC=3.935  ratio_rm=0.0000
[OMPT][WIN100ms] ompt_id=4222124650659841 tid=85246  tipo=ompt_thread_worker     cpu=239 numa=1  d_rm=     167  d_instr=1469468558  d_cyc= 372537310  d_all= 9494124  IPC=3.944  ratio_rm=0.0000
[OMPT][WIN100ms] ompt_id=4503599627370497 tid=85247  tipo=ompt_thread_worker     cpu=231 numa=1  d_rm=      46  d_instr=1466441655  d_cyc= 373160011  d_all= 9468380  IPC=3.930  ratio_rm=0.0000
[OMPT] implicit_task_end: parallel_id=0 thread_num=0
[OMPT] parallel_end: parallel_id=281474976710821
[OMPT] parallel_begin: parallel_id=281474976710823 team_size=16
[OMPT] implicit_task_end: parallel_id=0 thread_num=12
[OMPT] implicit_task_end: parallel_id=0 thread_num=14
[OMPT] implicit_task_end: parallel_id=0 thread_num=2
[OMPT] implicit_task_end: parallel_id=0 thread_num=4
[OMPT] implicit_task_end: parallel_id=0 thread_num=5
[OMPT] implicit_task_begin: parallel_id=281474976710823 thread_num=0 team_size=16
[OMPT] implicit_task_begin: parallel_id=281474976710823 thread_num=5 team_size=16
[OMPT] implicit_task_end: parallel_id=0 thread_num=1
[OMPT] implicit_task_end: parallel_id=0 thread_num=15
[OMPT] implicit_task_end: parallel_id=0 thread_num=13
[OMPT] implicit_task_begin: parallel_id=281474976710823 thread_num=15 team_size=16
[OMPT] implicit_task_begin: parallel_id=281474976710823 thread_num=13 team_size=16
[OMPT] implicit_task_begin: parallel_id=281474976710823 thread_num=12 team_size=16
[OMPT] implicit_task_end: parallel_id=0 thread_num=6
[OMPT] implicit_task_begin: parallel_id=281474976710823 thread_num=14 team_size=16
[OMPT] implicit_task_begin: parallel_id=281474976710823 thread_num=6 team_size=16
[OMPT] implicit_task_end: parallel_id=0 thread_num=7
[OMPT] implicit_task_end: parallel_id=0 thread_num=3
[OMPT] implicit_task_begin: parallel_id=281474976710823 thread_num=7 team_size=16
[OMPT] implicit_task_begin: parallel_id=281474976710823 thread_num=2 team_size=16
[OMPT] implicit_task_begin: parallel_id=281474976710823 thread_num=4 team_size=16
[OMPT] implicit_task_begin: parallel_id=281474976710823 thread_num=1 team_size=16
[OMPT] implicit_task_end: parallel_id=0 thread_num=8
[OMPT] implicit_task_end: parallel_id=0 thread_num=9
[OMPT] implicit_task_begin: parallel_id=281474976710823 thread_num=8 team_size=16
[OMPT] implicit_task_end: parallel_id=0 thread_num=11
[OMPT] implicit_task_end: parallel_id=0 thread_num=10
[OMPT] implicit_task_begin: parallel_id=281474976710823 thread_num=3 team_size=16
[OMPT] implicit_task_begin: parallel_id=281474976710823 thread_num=9 team_size=16
[OMPT] implicit_task_begin: parallel_id=281474976710823 thread_num=11 team_size=16
[OMPT] implicit_task_begin: parallel_id=281474976710823 thread_num=10 team_size=16
[OMPT][WIN100ms] ompt_id=281474976710657 tid=85231  tipo=ompt_thread_initial    cpu=  1 numa=0  d_rm=    6665  d_instr=1352540193  d_cyc= 346392612  d_all= 8754384  IPC=3.905  ratio_rm=0.0008
[OMPT][WIN100ms] ompt_id=562949953421313 tid=85233  tipo=ompt_thread_worker     cpu=169 numa=0  d_rm=     368  d_instr=1466655869  d_cyc= 373026050  d_all= 9467290  IPC=3.932  ratio_rm=0.0000
[OMPT][WIN100ms] ompt_id=844424930131969 tid=85234  tipo=ompt_thread_worker     cpu=120 numa=1  d_rm=      92  d_instr=1473744165  d_cyc= 372877299  d_all= 9521133  IPC=3.952  ratio_rm=0.0000
[OMPT][WIN100ms] ompt_id=1125899906842625 tid=85235  tipo=ompt_thread_worker     cpu= 32 numa=0  d_rm=     415  d_instr=1452455934  d_cyc= 372429784  d_all= 9371525  IPC=3.900  ratio_rm=0.0000
[OMPT][WIN100ms] ompt_id=1407374883553281 tid=85236  tipo=ompt_thread_worker     cpu=104 numa=1  d_rm=      36  d_instr=1469494221  d_cyc= 372630025  d_all= 9485393  IPC=3.944  ratio_rm=0.0000
[OMPT][WIN100ms] ompt_id=1688849860263937 tid=85237  tipo=ompt_thread_worker     cpu= 64 numa=1  d_rm=      23  d_instr=1466111170  d_cyc= 373677177  d_all= 9460461  IPC=3.923  ratio_rm=0.0000
[OMPT][WIN100ms] ompt_id=1970324836974593 tid=85238  tipo=ompt_thread_worker     cpu= 81 numa=1  d_rm=      34  d_instr=1469027599  d_cyc= 373183808  d_all= 9483521  IPC=3.936  ratio_rm=0.0000
[OMPT][WIN100ms] ompt_id=2251799813685249 tid=85239  tipo=ompt_thread_worker     cpu=247 numa=1  d_rm=      55  d_instr=1459683115  d_cyc= 373101311  d_all= 9413410  IPC=3.912  ratio_rm=0.0000
[OMPT][WIN100ms] ompt_id=2533274790395905 tid=85240  tipo=ompt_thread_worker     cpu= 16 numa=0  d_rm=     422  d_instr=1464434417  d_cyc= 372850014  d_all= 9457984  IPC=3.928  ratio_rm=0.0000
[OMPT][WIN100ms] ompt_id=2814749767106561 tid=85243  tipo=ompt_thread_worker     cpu= 48 numa=0  d_rm=     370  d_instr=1460538601  d_cyc= 374086950  d_all= 9442701  IPC=3.904  ratio_rm=0.0000
[OMPT][WIN100ms] ompt_id=3096224743817217 tid=85242  tipo=ompt_thread_worker     cpu= 56 numa=0  d_rm=     446  d_instr=1464963425  d_cyc= 374007043  d_all= 9466383  IPC=3.917  ratio_rm=0.0000
[OMPT][WIN100ms] ompt_id=3377699720527873 tid=85241  tipo=ompt_thread_worker     cpu=207 numa=1  d_rm=     207  d_instr=1464720015  d_cyc= 373834070  d_all= 9454441  IPC=3.918  ratio_rm=0.0000
[OMPT][WIN100ms] ompt_id=3659174697238529 tid=85244  tipo=ompt_thread_worker     cpu=223 numa=1  d_rm=     138  d_instr=1465042793  d_cyc= 373100217  d_all= 9454816  IPC=3.927  ratio_rm=0.0000
[OMPT][WIN100ms] ompt_id=3940649673949185 tid=85245  tipo=ompt_thread_worker     cpu=141 numa=0  d_rm=     504  d_instr=1460875898  d_cyc= 373501406  d_all= 9439545  IPC=3.911  ratio_rm=0.0001
[OMPT][WIN100ms] ompt_id=4222124650659841 tid=85246  tipo=ompt_thread_worker     cpu=239 numa=1  d_rm=     166  d_instr=1475085284  d_cyc= 373001307  d_all= 9522430  IPC=3.955  ratio_rm=0.0000
[OMPT][WIN100ms] ompt_id=4503599627370497 tid=85247  tipo=ompt_thread_worker     cpu=231 numa=1  d_rm=      63  d_instr=1468045634  d_cyc= 372037040  d_all= 9497101  IPC=3.946  ratio_rm=0.0000
[OMPT] implicit_task_end: parallel_id=0 thread_num=0
[OMPT] parallel_end: parallel_id=281474976710823
[OMPT] parallel_begin: parallel_id=281474976710825 team_size=16
[OMPT] implicit_task_end: parallel_id=0 thread_num=12
[OMPT] implicit_task_end: parallel_id=0 thread_num=14
[OMPT] implicit_task_end: parallel_id=0 thread_num=4
[OMPT] implicit_task_begin: parallel_id=281474976710825 thread_num=12 team_size=16
[OMPT] implicit_task_end: parallel_id=0 thread_num=5
[OMPT] implicit_task_end: parallel_id=0 thread_num=3
[OMPT] implicit_task_begin: parallel_id=281474976710825 thread_num=5 team_size=16
[OMPT] implicit_task_begin: parallel_id=281474976710825 thread_num=4 team_size=16
[OMPT] implicit_task_end: parallel_id=0 thread_num=13
[OMPT] implicit_task_begin: parallel_id=281474976710825 thread_num=13 team_size=16
[OMPT] implicit_task_begin: parallel_id=281474976710825 thread_num=0 team_size=16
[OMPT] implicit_task_end: parallel_id=0 thread_num=8
[OMPT] implicit_task_end: parallel_id=0 thread_num=9
[OMPT] implicit_task_begin: parallel_id=281474976710825 thread_num=8 team_size=16
[OMPT] implicit_task_end: parallel_id=0 thread_num=6
[OMPT] implicit_task_begin: parallel_id=281474976710825 thread_num=9 team_size=16
[OMPT] implicit_task_begin: parallel_id=281474976710825 thread_num=14 team_size=16
[OMPT] implicit_task_end: parallel_id=0 thread_num=2
[OMPT] implicit_task_end: parallel_id=0 thread_num=1
[OMPT] implicit_task_end: parallel_id=0 thread_num=15
[OMPT] implicit_task_begin: parallel_id=281474976710825 thread_num=1 team_size=16
[OMPT] implicit_task_end: parallel_id=0 thread_num=10
[OMPT] implicit_task_end: parallel_id=0 thread_num=11
[OMPT] implicit_task_begin: parallel_id=281474976710825 thread_num=10 team_size=16
[OMPT] implicit_task_end: parallel_id=0 thread_num=7
[OMPT] implicit_task_begin: parallel_id=281474976710825 thread_num=11 team_size=16
[OMPT] implicit_task_begin: parallel_id=281474976710825 thread_num=6 team_size=16
[OMPT] implicit_task_begin: parallel_id=281474976710825 thread_num=2 team_size=16
[OMPT] implicit_task_begin: parallel_id=281474976710825 thread_num=3 team_size=16
[OMPT] implicit_task_begin: parallel_id=281474976710825 thread_num=15 team_size=16
[OMPT] implicit_task_begin: parallel_id=281474976710825 thread_num=7 team_size=16
[OMPT][WIN100ms] ompt_id=281474976710657 tid=85231  tipo=ompt_thread_initial    cpu= 65 numa=1  d_rm=    6790  d_instr=1369210594  d_cyc= 349867898  d_all= 8863127  IPC=3.914  ratio_rm=0.0008
[OMPT][WIN100ms] ompt_id=562949953421313 tid=85233  tipo=ompt_thread_worker     cpu=169 numa=0  d_rm=     404  d_instr=1325075932  d_cyc= 368102811  d_all= 8369122  IPC=3.600  ratio_rm=0.0000
[OMPT][WIN100ms] ompt_id=844424930131969 tid=85234  tipo=ompt_thread_worker     cpu=120 numa=1  d_rm=     202  d_instr=1335391094  d_cyc= 368577140  d_all= 8430224  IPC=3.623  ratio_rm=0.0000
[OMPT][WIN100ms] ompt_id=1125899906842625 tid=85235  tipo=ompt_thread_worker     cpu= 32 numa=0  d_rm=     375  d_instr=1336659690  d_cyc= 369457281  d_all= 8447060  IPC=3.618  ratio_rm=0.0000
[OMPT][WIN100ms] ompt_id=1407374883553281 tid=85236  tipo=ompt_thread_worker     cpu=104 numa=1  d_rm=      36  d_instr=1335593072  d_cyc= 369664063  d_all= 8425303  IPC=3.613  ratio_rm=0.0000
[OMPT][WIN100ms] ompt_id=1688849860263937 tid=85237  tipo=ompt_thread_worker     cpu= 64 numa=1  d_rm=      17  d_instr=1334540621  d_cyc= 369917198  d_all= 8422331  IPC=3.608  ratio_rm=0.0000
[OMPT][WIN100ms] ompt_id=1970324836974593 tid=85238  tipo=ompt_thread_worker     cpu= 81 numa=1  d_rm=      41  d_instr=1337153189  d_cyc= 369130596  d_all= 8438794  IPC=3.622  ratio_rm=0.0000
[OMPT][WIN100ms] ompt_id=2251799813685249 tid=85239  tipo=ompt_thread_worker     cpu=247 numa=1  d_rm=      48  d_instr=1331954638  d_cyc= 369169735  d_all= 8407853  IPC=3.608  ratio_rm=0.0000
[OMPT][WIN100ms] ompt_id=2533274790395905 tid=85240  tipo=ompt_thread_worker     cpu= 16 numa=0  d_rm=     346  d_instr=1335788845  d_cyc= 370144797  d_all= 8439229  IPC=3.609  ratio_rm=0.0000
[OMPT][WIN100ms] ompt_id=2814749767106561 tid=85243  tipo=ompt_thread_worker     cpu= 48 numa=0  d_rm=     352  d_instr=1336955719  d_cyc= 370158086  d_all= 8457201  IPC=3.612  ratio_rm=0.0000
[OMPT][WIN100ms] ompt_id=3096224743817217 tid=85242  tipo=ompt_thread_worker     cpu= 56 numa=0  d_rm=     448  d_instr=1338208246  d_cyc= 369931623  d_all= 8458092  IPC=3.617  ratio_rm=0.0001
[OMPT][WIN100ms] ompt_id=3377699720527873 tid=85241  tipo=ompt_thread_worker     cpu=207 numa=1  d_rm=     204  d_instr=1344580944  d_cyc= 370422349  d_all= 8492876  IPC=3.630  ratio_rm=0.0000
[OMPT][WIN100ms] ompt_id=3659174697238529 tid=85244  tipo=ompt_thread_worker     cpu=223 numa=1  d_rm=     151  d_instr=1337229779  d_cyc= 370082066  d_all= 8445037  IPC=3.613  ratio_rm=0.0000
[OMPT][WIN100ms] ompt_id=3940649673949185 tid=85245  tipo=ompt_thread_worker     cpu=141 numa=0  d_rm=     391  d_instr=1343165213  d_cyc= 370355677  d_all= 8493279  IPC=3.627  ratio_rm=0.0000
[OMPT][WIN100ms] ompt_id=4222124650659841 tid=85246  tipo=ompt_thread_worker     cpu=239 numa=1  d_rm=     140  d_instr=1334341992  d_cyc= 369392788  d_all= 8413424  IPC=3.612  ratio_rm=0.0000
[OMPT][WIN100ms] ompt_id=4503599627370497 tid=85247  tipo=ompt_thread_worker     cpu=231 numa=1  d_rm=      57  d_instr=1331891431  d_cyc= 368779050  d_all= 8410848  IPC=3.612  ratio_rm=0.0000
[OMPT] implicit_task_end: parallel_id=0 thread_num=0
[OMPT] parallel_end: parallel_id=281474976710825
[OMPT] parallel_begin: parallel_id=281474976710827 team_size=16
[OMPT] implicit_task_end: parallel_id=0 thread_num=4
[OMPT] implicit_task_begin: parallel_id=281474976710827 thread_num=0 team_size=16
[OMPT] implicit_task_end: parallel_id=0 thread_num=5
[OMPT] implicit_task_end: parallel_id=0 thread_num=12
[OMPT] implicit_task_end: parallel_id=0 thread_num=14
[OMPT] implicit_task_end: parallel_id=0 thread_num=15
[OMPT] implicit_task_begin: parallel_id=281474976710827 thread_num=12 team_size=16
[OMPT] implicit_task_begin: parallel_id=281474976710827 thread_num=14 team_size=16
[OMPT] implicit_task_end: parallel_id=0 thread_num=7
[OMPT] implicit_task_begin: parallel_id=281474976710827 thread_num=15 team_size=16
[OMPT] implicit_task_end: parallel_id=0 thread_num=6
[OMPT] implicit_task_begin: parallel_id=281474976710827 thread_num=7 team_size=16
[OMPT] implicit_task_end: parallel_id=0 thread_num=1
[OMPT] implicit_task_begin: parallel_id=281474976710827 thread_num=6 team_size=16
[OMPT] implicit_task_begin: parallel_id=281474976710827 thread_num=4 team_size=16
[OMPT] implicit_task_begin: parallel_id=281474976710827 thread_num=1 team_size=16
[OMPT] implicit_task_begin: parallel_id=281474976710827 thread_num=5 team_size=16
[OMPT] implicit_task_end: parallel_id=0 thread_num=13
[OMPT] implicit_task_end: parallel_id=0 thread_num=2
[OMPT] implicit_task_end: parallel_id=0 thread_num=8
[OMPT] implicit_task_end: parallel_id=0 thread_num=9
[OMPT] implicit_task_end: parallel_id=0 thread_num=3
[OMPT] implicit_task_begin: parallel_id=281474976710827 thread_num=9 team_size=16
[OMPT] implicit_task_begin: parallel_id=281474976710827 thread_num=3 team_size=16
[OMPT] implicit_task_end: parallel_id=0 thread_num=10
[OMPT] implicit_task_begin: parallel_id=281474976710827 thread_num=2 team_size=16
[OMPT] implicit_task_begin: parallel_id=281474976710827 thread_num=8 team_size=16
[OMPT] implicit_task_begin: parallel_id=281474976710827 thread_num=10 team_size=16
[OMPT] implicit_task_begin: parallel_id=281474976710827 thread_num=13 team_size=16
[OMPT] implicit_task_end: parallel_id=0 thread_num=11
[OMPT] implicit_task_begin: parallel_id=281474976710827 thread_num=11 team_size=16
[OMPT][WIN100ms] ompt_id=281474976710657 tid=85231  tipo=ompt_thread_initial    cpu= 65 numa=1  d_rm=    5503  d_instr=1456153868  d_cyc= 372115396  d_all= 9419676  IPC=3.913  ratio_rm=0.0006
[OMPT][WIN100ms] ompt_id=562949953421313 tid=85233  tipo=ompt_thread_worker     cpu=169 numa=0  d_rm=     368  d_instr=1430111580  d_cyc= 372901524  d_all= 9181967  IPC=3.835  ratio_rm=0.0000
[OMPT][WIN100ms] ompt_id=844424930131969 tid=85234  tipo=ompt_thread_worker     cpu=120 numa=1  d_rm=     159  d_instr=1419472993  d_cyc= 371564501  d_all= 9101299  IPC=3.820  ratio_rm=0.0000
[OMPT][WIN100ms] ompt_id=1125899906842625 tid=85235  tipo=ompt_thread_worker     cpu= 32 numa=0  d_rm=     403  d_instr=1428835419  d_cyc= 372048047  d_all= 9172112  IPC=3.840  ratio_rm=0.0000
[OMPT][WIN100ms] ompt_id=1407374883553281 tid=85236  tipo=ompt_thread_worker     cpu=104 numa=1  d_rm=      60  d_instr=1419189703  d_cyc= 372118681  d_all= 9096012  IPC=3.814  ratio_rm=0.0000
[OMPT][WIN100ms] ompt_id=1688849860263937 tid=85237  tipo=ompt_thread_worker     cpu= 64 numa=1  d_rm=      18  d_instr=1430784050  d_cyc= 372374378  d_all= 9171889  IPC=3.842  ratio_rm=0.0000
[OMPT][WIN100ms] ompt_id=1970324836974593 tid=85238  tipo=ompt_thread_worker     cpu= 81 numa=1  d_rm=      33  d_instr=1428143707  d_cyc= 372256269  d_all= 9150954  IPC=3.836  ratio_rm=0.0000
[OMPT][WIN100ms] ompt_id=2251799813685249 tid=85239  tipo=ompt_thread_worker     cpu=247 numa=1  d_rm=      49  d_instr=1428047557  d_cyc= 372750721  d_all= 9160103  IPC=3.831  ratio_rm=0.0000
[OMPT][WIN100ms] ompt_id=2533274790395905 tid=85240  tipo=ompt_thread_worker     cpu= 16 numa=0  d_rm=     359  d_instr=1425003197  d_cyc= 371955188  d_all= 9140863  IPC=3.831  ratio_rm=0.0000
[OMPT][WIN100ms] ompt_id=2814749767106561 tid=85243  tipo=ompt_thread_worker     cpu= 48 numa=0  d_rm=     347  d_instr=1424144190  d_cyc= 372632878  d_all= 9143284  IPC=3.822  ratio_rm=0.0000
[OMPT][WIN100ms] ompt_id=3096224743817217 tid=85242  tipo=ompt_thread_worker     cpu= 56 numa=0  d_rm=     445  d_instr=1419747401  d_cyc= 373015387  d_all= 9107444  IPC=3.806  ratio_rm=0.0000
[OMPT][WIN100ms] ompt_id=3377699720527873 tid=85241  tipo=ompt_thread_worker     cpu=207 numa=1  d_rm=     199  d_instr=1418283624  d_cyc= 372409070  d_all= 9080715  IPC=3.808  ratio_rm=0.0000
[OMPT][WIN100ms] ompt_id=3659174697238529 tid=85244  tipo=ompt_thread_worker     cpu=223 numa=1  d_rm=     136  d_instr=1425396325  d_cyc= 372581178  d_all= 9136597  IPC=3.826  ratio_rm=0.0000
[OMPT][WIN100ms] ompt_id=3940649673949185 tid=85245  tipo=ompt_thread_worker     cpu=141 numa=0  d_rm=     348  d_instr=1427520046  d_cyc= 371928042  d_all= 9156607  IPC=3.838  ratio_rm=0.0000
[OMPT][WIN100ms] ompt_id=4222124650659841 tid=85246  tipo=ompt_thread_worker     cpu=239 numa=1  d_rm=     123  d_instr=1425707885  d_cyc= 372771846  d_all= 9137051  IPC=3.825  ratio_rm=0.0000
[OMPT][WIN100ms] ompt_id=4503599627370497 tid=85247  tipo=ompt_thread_worker     cpu=231 numa=1  d_rm=      58  d_instr=1428779962  d_cyc= 372893532  d_all= 9170734  IPC=3.832  ratio_rm=0.0000
[OMPT] implicit_task_end: parallel_id=0 thread_num=0
[OMPT] parallel_end: parallel_id=281474976710827
[OMPT] parallel_begin: parallel_id=281474976710829 team_size=16
[OMPT] implicit_task_end: parallel_id=0 thread_num=4
[OMPT] implicit_task_begin: parallel_id=281474976710829 thread_num=0 team_size=16
[OMPT] implicit_task_end: parallel_id=0 thread_num=5
[OMPT] implicit_task_end: parallel_id=0 thread_num=8
[OMPT] implicit_task_end: parallel_id=0 thread_num=3
[OMPT] implicit_task_begin: parallel_id=281474976710829 thread_num=8 team_size=16
[OMPT] implicit_task_end: parallel_id=0 thread_num=2
[OMPT] implicit_task_end: parallel_id=0 thread_num=12
[OMPT] implicit_task_end: parallel_id=0 thread_num=14
[OMPT] implicit_task_end: parallel_id=0 thread_num=7
[OMPT] implicit_task_begin: parallel_id=281474976710829 thread_num=12 team_size=16
[OMPT] implicit_task_begin: parallel_id=281474976710829 thread_num=14 team_size=16
[OMPT] implicit_task_begin: parallel_id=281474976710829 thread_num=4 team_size=16
[OMPT] implicit_task_begin: parallel_id=281474976710829 thread_num=5 team_size=16
[OMPT] implicit_task_end: parallel_id=0 thread_num=9
[OMPT] implicit_task_end: parallel_id=0 thread_num=10
[OMPT] implicit_task_end: parallel_id=0 thread_num=11
[OMPT] implicit_task_begin: parallel_id=281474976710829 thread_num=10 team_size=16
[OMPT] implicit_task_end: parallel_id=0 thread_num=1
[OMPT] implicit_task_begin: parallel_id=281474976710829 thread_num=11 team_size=16
[OMPT] implicit_task_begin: parallel_id=281474976710829 thread_num=3 team_size=16
[OMPT] implicit_task_begin: parallel_id=281474976710829 thread_num=2 team_size=16
[OMPT] implicit_task_begin: parallel_id=281474976710829 thread_num=1 team_size=16
[OMPT] implicit_task_end: parallel_id=0 thread_num=13
[OMPT] implicit_task_end: parallel_id=0 thread_num=15
[OMPT] implicit_task_begin: parallel_id=281474976710829 thread_num=7 team_size=16
[OMPT] implicit_task_begin: parallel_id=281474976710829 thread_num=9 team_size=16
[OMPT] implicit_task_begin: parallel_id=281474976710829 thread_num=15 team_size=16
[OMPT] implicit_task_begin: parallel_id=281474976710829 thread_num=13 team_size=16
[OMPT] implicit_task_end: parallel_id=0 thread_num=6
[OMPT] implicit_task_begin: parallel_id=281474976710829 thread_num=6 team_size=16
[OMPT][WIN100ms] ompt_id=281474976710657 tid=85231  tipo=ompt_thread_initial    cpu= 65 numa=1  d_rm=    5606  d_instr=1473318969  d_cyc= 374721553  d_all= 9529578  IPC=3.932  ratio_rm=0.0006
[OMPT][WIN100ms] ompt_id=562949953421313 tid=85233  tipo=ompt_thread_worker     cpu=169 numa=0  d_rm=     342  d_instr=1470185220  d_cyc= 373536511  d_all= 9492470  IPC=3.936  ratio_rm=0.0000
[OMPT][WIN100ms] ompt_id=844424930131969 tid=85234  tipo=ompt_thread_worker     cpu=120 numa=1  d_rm=     131  d_instr=1468648958  d_cyc= 372394486  d_all= 9495470  IPC=3.944  ratio_rm=0.0000
[OMPT][WIN100ms] ompt_id=1125899906842625 tid=85235  tipo=ompt_thread_worker     cpu= 32 numa=0  d_rm=     416  d_instr=1469852497  d_cyc= 372483339  d_all= 9492743  IPC=3.946  ratio_rm=0.0000
[OMPT][WIN100ms] ompt_id=1407374883553281 tid=85236  tipo=ompt_thread_worker     cpu=104 numa=1  d_rm=     125  d_instr=1466414101  d_cyc= 373389403  d_all= 9473249  IPC=3.927  ratio_rm=0.0000
[OMPT][WIN100ms] ompt_id=1688849860263937 tid=85237  tipo=ompt_thread_worker     cpu= 64 numa=1  d_rm=      16  d_instr=1464905438  d_cyc= 373180592  d_all= 9447714  IPC=3.925  ratio_rm=0.0000
[OMPT][WIN100ms] ompt_id=1970324836974593 tid=85238  tipo=ompt_thread_worker     cpu= 81 numa=1  d_rm=      33  d_instr=1462038860  d_cyc= 372400874  d_all= 9428930  IPC=3.926  ratio_rm=0.0000
[OMPT][WIN100ms] ompt_id=2251799813685249 tid=85239  tipo=ompt_thread_worker     cpu=247 numa=1  d_rm=      33  d_instr=1470638298  d_cyc= 373058304  d_all= 9495510  IPC=3.942  ratio_rm=0.0000
[OMPT][WIN100ms] ompt_id=2533274790395905 tid=85240  tipo=ompt_thread_worker     cpu= 16 numa=0  d_rm=     356  d_instr=1467873875  d_cyc= 374160831  d_all= 9481483  IPC=3.923  ratio_rm=0.0000
[OMPT][WIN100ms] ompt_id=2814749767106561 tid=85243  tipo=ompt_thread_worker     cpu= 48 numa=0  d_rm=     357  d_instr=1472196591  d_cyc= 373877219  d_all= 9524127  IPC=3.938  ratio_rm=0.0000
[OMPT][WIN100ms] ompt_id=3096224743817217 tid=85242  tipo=ompt_thread_worker     cpu= 56 numa=0  d_rm=     413  d_instr=1465664217  d_cyc= 373827552  d_all= 9474613  IPC=3.921  ratio_rm=0.0000
[OMPT][WIN100ms] ompt_id=3377699720527873 tid=85241  tipo=ompt_thread_worker     cpu=207 numa=1  d_rm=     252  d_instr=1473322116  d_cyc= 373183522  d_all= 9517848  IPC=3.948  ratio_rm=0.0000
[OMPT][WIN100ms] ompt_id=3659174697238529 tid=85244  tipo=ompt_thread_worker     cpu=223 numa=1  d_rm=     148  d_instr=1464926467  d_cyc= 373476322  d_all= 9456758  IPC=3.922  ratio_rm=0.0000
[OMPT][WIN100ms] ompt_id=3940649673949185 tid=85245  tipo=ompt_thread_worker     cpu=141 numa=0  d_rm=     353  d_instr=1456748447  d_cyc= 373203182  d_all= 9411918  IPC=3.903  ratio_rm=0.0000
[OMPT][WIN100ms] ompt_id=4222124650659841 tid=85246  tipo=ompt_thread_worker     cpu=239 numa=1  d_rm=     120  d_instr=1469104504  d_cyc= 373776966  d_all= 9492251  IPC=3.930  ratio_rm=0.0000
[OMPT][WIN100ms] ompt_id=4503599627370497 tid=85247  tipo=ompt_thread_worker     cpu=231 numa=1  d_rm=      45  d_instr=1466210648  d_cyc= 373009284  d_all= 9485215  IPC=3.931  ratio_rm=0.0000
[OMPT] implicit_task_end: parallel_id=0 thread_num=0
[OMPT] parallel_end: parallel_id=281474976710829
[OMPT] parallel_begin: parallel_id=281474976710831 team_size=16
[OMPT] implicit_task_end: parallel_id=0 thread_num=4
[OMPT] implicit_task_begin: parallel_id=281474976710831 thread_num=0 team_size=16
[OMPT] implicit_task_end: parallel_id=0 thread_num=6
[OMPT] implicit_task_end: parallel_id=0 thread_num=8
[OMPT] implicit_task_end: parallel_id=0 thread_num=3
[OMPT] implicit_task_end: parallel_id=0 thread_num=1
[OMPT] implicit_task_begin: parallel_id=281474976710831 thread_num=3 team_size=16
[OMPT] implicit_task_end: parallel_id=0 thread_num=5
[OMPT] implicit_task_end: parallel_id=0 thread_num=7
[OMPT] implicit_task_begin: parallel_id=281474976710831 thread_num=4 team_size=16
[OMPT] implicit_task_end: parallel_id=0 thread_num=12
[OMPT] implicit_task_end: parallel_id=0 thread_num=14
[OMPT] implicit_task_begin: parallel_id=281474976710831 thread_num=7 team_size=16
[OMPT] implicit_task_end: parallel_id=0 thread_num=10
[OMPT] implicit_task_begin: parallel_id=281474976710831 thread_num=12 team_size=16
[OMPT] implicit_task_begin: parallel_id=281474976710831 thread_num=6 team_size=16
[OMPT] implicit_task_begin: parallel_id=281474976710831 thread_num=8 team_size=16
[OMPT] implicit_task_begin: parallel_id=281474976710831 thread_num=10 team_size=16
[OMPT] implicit_task_end: parallel_id=0 thread_num=2
[OMPT] implicit_task_begin: parallel_id=281474976710831 thread_num=1 team_size=16
[OMPT] implicit_task_begin: parallel_id=281474976710831 thread_num=5 team_size=16
[OMPT] implicit_task_begin: parallel_id=281474976710831 thread_num=2 team_size=16
[OMPT] implicit_task_end: parallel_id=0 thread_num=9
[OMPT] implicit_task_end: parallel_id=0 thread_num=15
[OMPT] implicit_task_end: parallel_id=0 thread_num=13
[OMPT] implicit_task_begin: parallel_id=281474976710831 thread_num=15 team_size=16
[OMPT] implicit_task_begin: parallel_id=281474976710831 thread_num=14 team_size=16
[OMPT] implicit_task_end: parallel_id=0 thread_num=11
[OMPT] implicit_task_begin: parallel_id=281474976710831 thread_num=9 team_size=16
[OMPT] implicit_task_begin: parallel_id=281474976710831 thread_num=13 team_size=16
[OMPT] implicit_task_begin: parallel_id=281474976710831 thread_num=11 team_size=16
[OMPT] implicit_task_end: parallel_id=0 thread_num=0
[OMPT] parallel_end: parallel_id=281474976710831
[OMPT] parallel_begin: parallel_id=281474976710833 team_size=16
[OMPT] implicit_task_end: parallel_id=0 thread_num=4
[OMPT] implicit_task_begin: parallel_id=281474976710833 thread_num=0 team_size=16
[OMPT] implicit_task_end: parallel_id=0 thread_num=5
[OMPT] implicit_task_end: parallel_id=0 thread_num=3
[OMPT] implicit_task_begin: parallel_id=281474976710833 thread_num=5 team_size=16
[OMPT] implicit_task_end: parallel_id=0 thread_num=12
[OMPT] implicit_task_end: parallel_id=0 thread_num=14
[OMPT] implicit_task_end: parallel_id=0 thread_num=1
[OMPT] implicit_task_end: parallel_id=0 thread_num=2
[OMPT] implicit_task_end: parallel_id=0 thread_num=6
[OMPT] implicit_task_end: parallel_id=0 thread_num=7
[OMPT] implicit_task_end: parallel_id=0 thread_num=8
[OMPT] implicit_task_end: parallel_id=0 thread_num=11
[OMPT] implicit_task_begin: parallel_id=281474976710833 thread_num=6 team_size=16
[OMPT] implicit_task_begin: parallel_id=281474976710833 thread_num=8 team_size=16
[OMPT] implicit_task_end: parallel_id=0 thread_num=15
[OMPT] implicit_task_end: parallel_id=0 thread_num=13
[OMPT] implicit_task_begin: parallel_id=281474976710833 thread_num=12 team_size=16
[OMPT] implicit_task_begin: parallel_id=281474976710833 thread_num=13 team_size=16
[OMPT] implicit_task_begin: parallel_id=281474976710833 thread_num=1 team_size=16
[OMPT] implicit_task_begin: parallel_id=281474976710833 thread_num=14 team_size=16
[OMPT] implicit_task_begin: parallel_id=281474976710833 thread_num=4 team_size=16
[OMPT] implicit_task_begin: parallel_id=281474976710833 thread_num=2 team_size=16
[OMPT] implicit_task_end: parallel_id=0 thread_num=10
[OMPT] implicit_task_end: parallel_id=0 thread_num=9
[OMPT] implicit_task_begin: parallel_id=281474976710833 thread_num=3 team_size=16
[OMPT] implicit_task_begin: parallel_id=281474976710833 thread_num=9 team_size=16
[OMPT] implicit_task_begin: parallel_id=281474976710833 thread_num=11 team_size=16
[OMPT] implicit_task_begin: parallel_id=281474976710833 thread_num=7 team_size=16
[OMPT] implicit_task_begin: parallel_id=281474976710833 thread_num=15 team_size=16
[OMPT] implicit_task_begin: parallel_id=281474976710833 thread_num=10 team_size=16
[OMPT][WIN100ms] ompt_id=281474976710657 tid=85231  tipo=ompt_thread_initial    cpu= 65 numa=1  d_rm=    7464  d_instr=1459094510  d_cyc= 374436365  d_all= 9434307  IPC=3.897  ratio_rm=0.0008
[OMPT][WIN100ms] ompt_id=562949953421313 tid=85233  tipo=ompt_thread_worker     cpu=169 numa=0  d_rm=     641  d_instr=1455836490  d_cyc= 372402213  d_all= 9375342  IPC=3.909  ratio_rm=0.0001
[OMPT][WIN100ms] ompt_id=844424930131969 tid=85234  tipo=ompt_thread_worker     cpu=120 numa=1  d_rm=     214  d_instr=1457074342  d_cyc= 371875443  d_all= 9393720  IPC=3.918  ratio_rm=0.0000
[OMPT][WIN100ms] ompt_id=1125899906842625 tid=85235  tipo=ompt_thread_worker     cpu= 32 numa=0  d_rm=     683  d_instr=1451405705  d_cyc= 372417665  d_all= 9352371  IPC=3.897  ratio_rm=0.0001
[OMPT][WIN100ms] ompt_id=1407374883553281 tid=85236  tipo=ompt_thread_worker     cpu=104 numa=1  d_rm=     226  d_instr=1458589739  d_cyc= 372234453  d_all= 9403030  IPC=3.918  ratio_rm=0.0000
[OMPT][WIN100ms] ompt_id=1688849860263937 tid=85237  tipo=ompt_thread_worker     cpu= 64 numa=1  d_rm=      25  d_instr=1456214408  d_cyc= 372821468  d_all= 9385818  IPC=3.906  ratio_rm=0.0000
[OMPT][WIN100ms] ompt_id=1970324836974593 tid=85238  tipo=ompt_thread_worker     cpu= 81 numa=1  d_rm=      88  d_instr=1457520892  d_cyc= 372654571  d_all= 9397047  IPC=3.911  ratio_rm=0.0000
[OMPT][WIN100ms] ompt_id=2251799813685249 tid=85239  tipo=ompt_thread_worker     cpu=247 numa=1  d_rm=      63  d_instr=1450589590  d_cyc= 372160026  d_all= 9343465  IPC=3.898  ratio_rm=0.0000
[OMPT][WIN100ms] ompt_id=2533274790395905 tid=85240  tipo=ompt_thread_worker     cpu= 16 numa=0  d_rm=     688  d_instr=1458034389  d_cyc= 372879721  d_all= 9395745  IPC=3.910  ratio_rm=0.0001
[OMPT][WIN100ms] ompt_id=2814749767106561 tid=85243  tipo=ompt_thread_worker     cpu= 48 numa=0  d_rm=     664  d_instr=1451643742  d_cyc= 372427593  d_all= 9396089  IPC=3.898  ratio_rm=0.0001
[OMPT][WIN100ms] ompt_id=3096224743817217 tid=85242  tipo=ompt_thread_worker     cpu= 56 numa=0  d_rm=     793  d_instr=1457887848  d_cyc= 372591780  d_all= 9421467  IPC=3.913  ratio_rm=0.0001
[OMPT][WIN100ms] ompt_id=3377699720527873 tid=85241  tipo=ompt_thread_worker     cpu=207 numa=1  d_rm=     349  d_instr=1452019901  d_cyc= 371876816  d_all= 9350867  IPC=3.905  ratio_rm=0.0000
[OMPT][WIN100ms] ompt_id=3659174697238529 tid=85244  tipo=ompt_thread_worker     cpu=223 numa=1  d_rm=     206  d_instr=1456407811  d_cyc= 372529320  d_all= 9410272  IPC=3.910  ratio_rm=0.0000
[OMPT][WIN100ms] ompt_id=3940649673949185 tid=85245  tipo=ompt_thread_worker     cpu=141 numa=0  d_rm=     634  d_instr=1461533929  d_cyc= 372916798  d_all= 9453160  IPC=3.919  ratio_rm=0.0001
[OMPT][WIN100ms] ompt_id=4222124650659841 tid=85246  tipo=ompt_thread_worker     cpu=239 numa=1  d_rm=     227  d_instr=1451590725  d_cyc= 372458222  d_all= 9367137  IPC=3.897  ratio_rm=0.0000
[OMPT][WIN100ms] ompt_id=4503599627370497 tid=85247  tipo=ompt_thread_worker     cpu=231 numa=1  d_rm=      57  d_instr=1451008069  d_cyc= 371836177  d_all= 9371323  IPC=3.902  ratio_rm=0.0000
[OMPT] implicit_task_end: parallel_id=0 thread_num=0
[OMPT] parallel_end: parallel_id=281474976710833
[OMPT] parallel_begin: parallel_id=281474976710835 team_size=16
[OMPT] implicit_task_end: parallel_id=0 thread_num=4
[OMPT] implicit_task_begin: parallel_id=281474976710835 thread_num=0 team_size=16
[OMPT] implicit_task_end: parallel_id=0 thread_num=12
[OMPT] implicit_task_end: parallel_id=0 thread_num=14
[OMPT] implicit_task_end: parallel_id=0 thread_num=3
[OMPT] implicit_task_end: parallel_id=0 thread_num=2
[OMPT] implicit_task_begin: parallel_id=281474976710835 thread_num=3 team_size=16
[OMPT] implicit_task_end: parallel_id=0 thread_num=5
[OMPT] implicit_task_begin: parallel_id=281474976710835 thread_num=5 team_size=16
[OMPT] implicit_task_end: parallel_id=0 thread_num=6
[OMPT] implicit_task_end: parallel_id=0 thread_num=8
[OMPT] implicit_task_begin: parallel_id=281474976710835 thread_num=6 team_size=16
[OMPT] implicit_task_end: parallel_id=0 thread_num=10
[OMPT] implicit_task_end: parallel_id=0 thread_num=15
[OMPT] implicit_task_begin: parallel_id=281474976710835 thread_num=12 team_size=16
[OMPT] implicit_task_begin: parallel_id=281474976710835 thread_num=14 team_size=16
[OMPT] implicit_task_begin: parallel_id=281474976710835 thread_num=15 team_size=16
[OMPT] implicit_task_end: parallel_id=0 thread_num=1
[OMPT] implicit_task_end: parallel_id=0 thread_num=7
[OMPT] implicit_task_begin: parallel_id=281474976710835 thread_num=2 team_size=16
[OMPT] implicit_task_end: parallel_id=0 thread_num=9
[OMPT] implicit_task_end: parallel_id=0 thread_num=11
[OMPT] implicit_task_begin: parallel_id=281474976710835 thread_num=9 team_size=16
[OMPT] implicit_task_begin: parallel_id=281474976710835 thread_num=8 team_size=16
[OMPT] implicit_task_begin: parallel_id=281474976710835 thread_num=4 team_size=16
[OMPT] implicit_task_end: parallel_id=0 thread_num=13
[OMPT] implicit_task_begin: parallel_id=281474976710835 thread_num=1 team_size=16
[OMPT] implicit_task_begin: parallel_id=281474976710835 thread_num=7 team_size=16
[OMPT] implicit_task_begin: parallel_id=281474976710835 thread_num=11 team_size=16
[OMPT] implicit_task_begin: parallel_id=281474976710835 thread_num=10 team_size=16
[OMPT] implicit_task_begin: parallel_id=281474976710835 thread_num=13 team_size=16
[OMPT][WIN100ms] ompt_id=281474976710657 tid=85231  tipo=ompt_thread_initial    cpu= 65 numa=1  d_rm=    5615  d_instr=1466339487  d_cyc= 374477672  d_all= 9483094  IPC=3.916  ratio_rm=0.0006
[OMPT][WIN100ms] ompt_id=562949953421313 tid=85233  tipo=ompt_thread_worker     cpu=169 numa=0  d_rm=     350  d_instr=1469142698  d_cyc= 372725959  d_all= 9481578  IPC=3.942  ratio_rm=0.0000
[OMPT][WIN100ms] ompt_id=844424930131969 tid=85234  tipo=ompt_thread_worker     cpu=120 numa=1  d_rm=     189  d_instr=1467120109  d_cyc= 373000756  d_all= 9477121  IPC=3.933  ratio_rm=0.0000
[OMPT][WIN100ms] ompt_id=1125899906842625 tid=85235  tipo=ompt_thread_worker     cpu= 32 numa=0  d_rm=     514  d_instr=1473264793  d_cyc= 374073230  d_all= 9519973  IPC=3.938  ratio_rm=0.0001
[OMPT][WIN100ms] ompt_id=1407374883553281 tid=85236  tipo=ompt_thread_worker     cpu=104 numa=1  d_rm=     168  d_instr=1466587159  d_cyc= 372716961  d_all= 9475083  IPC=3.935  ratio_rm=0.0000
[OMPT][WIN100ms] ompt_id=1688849860263937 tid=85237  tipo=ompt_thread_worker     cpu= 64 numa=1  d_rm=      14  d_instr=1469808253  d_cyc= 373590644  d_all= 9484735  IPC=3.934  ratio_rm=0.0000
[OMPT][WIN100ms] ompt_id=1970324836974593 tid=85238  tipo=ompt_thread_worker     cpu= 81 numa=1  d_rm=      50  d_instr=1469964413  d_cyc= 373080690  d_all= 9490508  IPC=3.940  ratio_rm=0.0000
[OMPT][WIN100ms] ompt_id=2251799813685249 tid=85239  tipo=ompt_thread_worker     cpu=247 numa=1  d_rm=      59  d_instr=1469774138  d_cyc= 372413998  d_all= 9495559  IPC=3.947  ratio_rm=0.0000
[OMPT][WIN100ms] ompt_id=2533274790395905 tid=85240  tipo=ompt_thread_worker     cpu= 16 numa=0  d_rm=     415  d_instr=1466958282  d_cyc= 372883901  d_all= 9483851  IPC=3.934  ratio_rm=0.0000
[OMPT][WIN100ms] ompt_id=2814749767106561 tid=85243  tipo=ompt_thread_worker     cpu= 48 numa=0  d_rm=     336  d_instr=1468037038  d_cyc= 373934592  d_all= 9515482  IPC=3.926  ratio_rm=0.0000
[OMPT][WIN100ms] ompt_id=3096224743817217 tid=85242  tipo=ompt_thread_worker     cpu= 56 numa=0  d_rm=     485  d_instr=1469464485  d_cyc= 373686955  d_all= 9514874  IPC=3.932  ratio_rm=0.0001
[OMPT][WIN100ms] ompt_id=3377699720527873 tid=85241  tipo=ompt_thread_worker     cpu=207 numa=1  d_rm=     285  d_instr=1469349189  d_cyc= 373882401  d_all= 9509259  IPC=3.930  ratio_rm=0.0000
[OMPT][WIN100ms] ompt_id=3659174697238529 tid=85244  tipo=ompt_thread_worker     cpu=223 numa=1  d_rm=     117  d_instr=1468875985  d_cyc= 373251874  d_all= 9502200  IPC=3.935  ratio_rm=0.0000
[OMPT][WIN100ms] ompt_id=3940649673949185 tid=85245  tipo=ompt_thread_worker     cpu=141 numa=0  d_rm=     417  d_instr=1464713528  d_cyc= 373021147  d_all= 9482893  IPC=3.927  ratio_rm=0.0000
[OMPT][WIN100ms] ompt_id=4222124650659841 tid=85246  tipo=ompt_thread_worker     cpu=239 numa=1  d_rm=     170  d_instr=1470462336  d_cyc= 373303084  d_all= 9512035  IPC=3.939  ratio_rm=0.0000
[OMPT][WIN100ms] ompt_id=4503599627370497 tid=85247  tipo=ompt_thread_worker     cpu=231 numa=1  d_rm=      40  d_instr=1472943596  d_cyc= 373404383  d_all= 9539838  IPC=3.945  ratio_rm=0.0000
[OMPT] implicit_task_end: parallel_id=0 thread_num=0
[OMPT] parallel_end: parallel_id=281474976710835
[OMPT] parallel_begin: parallel_id=281474976710837 team_size=16
[OMPT] implicit_task_end: parallel_id=0 thread_num=12
[OMPT] implicit_task_begin: parallel_id=281474976710837 thread_num=0 team_size=16
[OMPT] implicit_task_end: parallel_id=0 thread_num=15
[OMPT] implicit_task_end: parallel_id=0 thread_num=4
[OMPT] implicit_task_begin: parallel_id=281474976710837 thread_num=12 team_size=16
[OMPT] implicit_task_end: parallel_id=0 thread_num=8
[OMPT] implicit_task_end: parallel_id=0 thread_num=9
[OMPT] implicit_task_end: parallel_id=0 thread_num=2
[OMPT] implicit_task_begin: parallel_id=281474976710837 thread_num=4 team_size=16
[OMPT] implicit_task_end: parallel_id=0 thread_num=13
[OMPT] implicit_task_end: parallel_id=0 thread_num=3
[OMPT] implicit_task_begin: parallel_id=281474976710837 thread_num=2 team_size=16
[OMPT] implicit_task_begin: parallel_id=281474976710837 thread_num=13 team_size=16
[OMPT] implicit_task_end: parallel_id=0 thread_num=5
[OMPT] implicit_task_begin: parallel_id=281474976710837 thread_num=3 team_size=16
[OMPT] implicit_task_begin: parallel_id=281474976710837 thread_num=5 team_size=16
[OMPT] implicit_task_end: parallel_id=0 thread_num=6
[OMPT] implicit_task_end: parallel_id=0 thread_num=7
[OMPT] implicit_task_end: parallel_id=0 thread_num=1
[OMPT] implicit_task_begin: parallel_id=281474976710837 thread_num=7 team_size=16
[OMPT] implicit_task_begin: parallel_id=281474976710837 thread_num=1 team_size=16
[OMPT] implicit_task_begin: parallel_id=281474976710837 thread_num=15 team_size=16
[OMPT] implicit_task_begin: parallel_id=281474976710837 thread_num=8 team_size=16
[OMPT] implicit_task_end: parallel_id=0 thread_num=14
[OMPT] implicit_task_begin: parallel_id=281474976710837 thread_num=14 team_size=16
[OMPT] implicit_task_begin: parallel_id=281474976710837 thread_num=9 team_size=16
[OMPT] implicit_task_begin: parallel_id=281474976710837 thread_num=6 team_size=16
[OMPT] implicit_task_end: parallel_id=0 thread_num=11
[OMPT] implicit_task_end: parallel_id=0 thread_num=10
[OMPT] implicit_task_begin: parallel_id=281474976710837 thread_num=11 team_size=16
[OMPT] implicit_task_begin: parallel_id=281474976710837 thread_num=10 team_size=16
[OMPT][WIN100ms] ompt_id=281474976710657 tid=85231  tipo=ompt_thread_initial    cpu= 65 numa=1  d_rm=    5574  d_instr=1463864686  d_cyc= 374539104  d_all= 9463711  IPC=3.908  ratio_rm=0.0006
[OMPT][WIN100ms] ompt_id=562949953421313 tid=85233  tipo=ompt_thread_worker     cpu=169 numa=0  d_rm=     335  d_instr=1469424739  d_cyc= 373811201  d_all= 9494496  IPC=3.931  ratio_rm=0.0000
[OMPT][WIN100ms] ompt_id=844424930131969 tid=85234  tipo=ompt_thread_worker     cpu=120 numa=1  d_rm=     122  d_instr=1473157539  d_cyc= 373749729  d_all= 9515354  IPC=3.942  ratio_rm=0.0000
[OMPT][WIN100ms] ompt_id=1125899906842625 tid=85235  tipo=ompt_thread_worker     cpu= 32 numa=0  d_rm=     455  d_instr=1470215041  d_cyc= 373728450  d_all= 9486101  IPC=3.934  ratio_rm=0.0000
[OMPT][WIN100ms] ompt_id=1407374883553281 tid=85236  tipo=ompt_thread_worker     cpu=104 numa=1  d_rm=     107  d_instr=1473522826  d_cyc= 374112118  d_all= 9529260  IPC=3.939  ratio_rm=0.0000
[OMPT][WIN100ms] ompt_id=1688849860263937 tid=85237  tipo=ompt_thread_worker     cpu= 64 numa=1  d_rm=      15  d_instr=1466197057  d_cyc= 373841903  d_all= 9476518  IPC=3.922  ratio_rm=0.0000
[OMPT][WIN100ms] ompt_id=1970324836974593 tid=85238  tipo=ompt_thread_worker     cpu= 81 numa=1  d_rm=      42  d_instr=1467571041  d_cyc= 373174785  d_all= 9493161  IPC=3.933  ratio_rm=0.0000
[OMPT][WIN100ms] ompt_id=2251799813685249 tid=85239  tipo=ompt_thread_worker     cpu=247 numa=1  d_rm=      59  d_instr=1472502681  d_cyc= 373530373  d_all= 9522110  IPC=3.942  ratio_rm=0.0000
[OMPT][WIN100ms] ompt_id=2533274790395905 tid=85240  tipo=ompt_thread_worker     cpu= 16 numa=0  d_rm=     395  d_instr=1469084112  d_cyc= 373363989  d_all= 9508055  IPC=3.935  ratio_rm=0.0000
[OMPT][WIN100ms] ompt_id=2814749767106561 tid=85243  tipo=ompt_thread_worker     cpu= 48 numa=0  d_rm=     373  d_instr=1468366458  d_cyc= 373789491  d_all= 9524222  IPC=3.928  ratio_rm=0.0000
[OMPT][WIN100ms] ompt_id=3096224743817217 tid=85242  tipo=ompt_thread_worker     cpu= 56 numa=0  d_rm=     477  d_instr=1466495688  d_cyc= 373332010  d_all= 9504193  IPC=3.928  ratio_rm=0.0001
[OMPT][WIN100ms] ompt_id=3377699720527873 tid=85241  tipo=ompt_thread_worker     cpu=207 numa=1  d_rm=     230  d_instr=1470326112  d_cyc= 373214298  d_all= 9515059  IPC=3.940  ratio_rm=0.0000
[OMPT][WIN100ms] ompt_id=3659174697238529 tid=85244  tipo=ompt_thread_worker     cpu=223 numa=1  d_rm=     136  d_instr=1474435863  d_cyc= 373882544  d_all= 9537829  IPC=3.944  ratio_rm=0.0000
[OMPT][WIN100ms] ompt_id=3940649673949185 tid=85245  tipo=ompt_thread_worker     cpu=141 numa=0  d_rm=     391  d_instr=1474481987  d_cyc= 374115688  d_all= 9550150  IPC=3.941  ratio_rm=0.0000
[OMPT][WIN100ms] ompt_id=4222124650659841 tid=85246  tipo=ompt_thread_worker     cpu=239 numa=1  d_rm=     141  d_instr=1471817891  d_cyc= 372866885  d_all= 9521202  IPC=3.947  ratio_rm=0.0000
[OMPT][WIN100ms] ompt_id=4503599627370497 tid=85247  tipo=ompt_thread_worker     cpu=231 numa=1  d_rm=      48  d_instr=1468572417  d_cyc= 373064789  d_all= 9501043  IPC=3.937  ratio_rm=0.0000
[OMPT] implicit_task_end: parallel_id=0 thread_num=0
[OMPT] parallel_end: parallel_id=281474976710837
[OMPT] parallel_begin: parallel_id=281474976710839 team_size=16
[OMPT] implicit_task_end: parallel_id=0 thread_num=4
[OMPT] implicit_task_begin: parallel_id=281474976710839 thread_num=0 team_size=16
[OMPT] implicit_task_end: parallel_id=0 thread_num=7
[OMPT] implicit_task_end: parallel_id=0 thread_num=3
[OMPT] implicit_task_end: parallel_id=0 thread_num=2
[OMPT] implicit_task_begin: parallel_id=281474976710839 thread_num=7 team_size=16
[OMPT] implicit_task_end: parallel_id=0 thread_num=12
[OMPT] implicit_task_end: parallel_id=0 thread_num=14
[OMPT] implicit_task_begin: parallel_id=281474976710839 thread_num=2 team_size=16
[OMPT] implicit_task_end: parallel_id=0 thread_num=5
[OMPT] implicit_task_end: parallel_id=0 thread_num=6
[OMPT] implicit_task_begin: parallel_id=281474976710839 thread_num=12 team_size=16
[OMPT] implicit_task_begin: parallel_id=281474976710839 thread_num=14 team_size=16
[OMPT] implicit_task_begin: parallel_id=281474976710839 thread_num=4 team_size=16
[OMPT] implicit_task_end: parallel_id=0 thread_num=1
[OMPT] implicit_task_begin: parallel_id=281474976710839 thread_num=3 team_size=16
[OMPT] implicit_task_begin: parallel_id=281474976710839 thread_num=1 team_size=16
[OMPT] implicit_task_end: parallel_id=0 thread_num=13
[OMPT] implicit_task_begin: parallel_id=281474976710839 thread_num=13 team_size=16
[OMPT] implicit_task_end: parallel_id=0 thread_num=8
[OMPT] implicit_task_end: parallel_id=0 thread_num=11
[OMPT] implicit_task_begin: parallel_id=281474976710839 thread_num=5 team_size=16
[OMPT] implicit_task_end: parallel_id=0 thread_num=15
[OMPT] implicit_task_end: parallel_id=0 thread_num=9
[OMPT] implicit_task_begin: parallel_id=281474976710839 thread_num=15 team_size=16
[OMPT] implicit_task_begin: parallel_id=281474976710839 thread_num=6 team_size=16
[OMPT] implicit_task_begin: parallel_id=281474976710839 thread_num=8 team_size=16
[OMPT] implicit_task_begin: parallel_id=281474976710839 thread_num=11 team_size=16
[OMPT] implicit_task_end: parallel_id=0 thread_num=10
[OMPT] implicit_task_begin: parallel_id=281474976710839 thread_num=9 team_size=16
[OMPT] implicit_task_begin: parallel_id=281474976710839 thread_num=10 team_size=16
[OMPT][WIN100ms] ompt_id=281474976710657 tid=85231  tipo=ompt_thread_initial    cpu= 65 numa=1  d_rm=    5598  d_instr=1463462732  d_cyc= 374530055  d_all= 9466221  IPC=3.907  ratio_rm=0.0006
[OMPT][WIN100ms] ompt_id=562949953421313 tid=85233  tipo=ompt_thread_worker     cpu=169 numa=0  d_rm=     328  d_instr=1471513343  d_cyc= 373846767  d_all= 9505317  IPC=3.936  ratio_rm=0.0000
[OMPT][WIN100ms] ompt_id=844424930131969 tid=85234  tipo=ompt_thread_worker     cpu=120 numa=1  d_rm=     151  d_instr=1466722090  d_cyc= 373727811  d_all= 9480565  IPC=3.925  ratio_rm=0.0000
[OMPT][WIN100ms] ompt_id=1125899906842625 tid=85235  tipo=ompt_thread_worker     cpu= 32 numa=0  d_rm=     418  d_instr=1467395020  d_cyc= 373740203  d_all= 9488423  IPC=3.926  ratio_rm=0.0000
[OMPT][WIN100ms] ompt_id=1407374883553281 tid=85236  tipo=ompt_thread_worker     cpu=104 numa=1  d_rm=     173  d_instr=1466391186  d_cyc= 373529030  d_all= 9483800  IPC=3.926  ratio_rm=0.0000
[OMPT][WIN100ms] ompt_id=1688849860263937 tid=85237  tipo=ompt_thread_worker     cpu= 64 numa=1  d_rm=      16  d_instr=1472134298  d_cyc= 373604477  d_all= 9520882  IPC=3.940  ratio_rm=0.0000
[OMPT][WIN100ms] ompt_id=1970324836974593 tid=85238  tipo=ompt_thread_worker     cpu= 81 numa=1  d_rm=      44  d_instr=1465335643  d_cyc= 372301313  d_all= 9471710  IPC=3.936  ratio_rm=0.0000
[OMPT][WIN100ms] ompt_id=2251799813685249 tid=85239  tipo=ompt_thread_worker     cpu=247 numa=1  d_rm=      50  d_instr=1470968741  d_cyc= 374025948  d_all= 9517131  IPC=3.933  ratio_rm=0.0000
[OMPT][WIN100ms] ompt_id=2533274790395905 tid=85240  tipo=ompt_thread_worker     cpu= 16 numa=0  d_rm=     391  d_instr=1470183478  d_cyc= 372595315  d_all= 9508147  IPC=3.946  ratio_rm=0.0000
[OMPT][WIN100ms] ompt_id=2814749767106561 tid=85243  tipo=ompt_thread_worker     cpu= 48 numa=0  d_rm=     384  d_instr=1466292213  d_cyc= 373829194  d_all= 9503739  IPC=3.922  ratio_rm=0.0000
[OMPT][WIN100ms] ompt_id=3096224743817217 tid=85242  tipo=ompt_thread_worker     cpu= 56 numa=0  d_rm=     420  d_instr=1463329898  d_cyc= 373712239  d_all= 9479088  IPC=3.916  ratio_rm=0.0000
[OMPT][WIN100ms] ompt_id=3377699720527873 tid=85241  tipo=ompt_thread_worker     cpu=207 numa=1  d_rm=     205  d_instr=1464367958  d_cyc= 373508373  d_all= 9476145  IPC=3.921  ratio_rm=0.0000
[OMPT][WIN100ms] ompt_id=3659174697238529 tid=85244  tipo=ompt_thread_worker     cpu=223 numa=1  d_rm=     171  d_instr=1467861329  d_cyc= 373247217  d_all= 9483471  IPC=3.933  ratio_rm=0.0000
[OMPT][WIN100ms] ompt_id=3940649673949185 tid=85245  tipo=ompt_thread_worker     cpu=141 numa=0  d_rm=     331  d_instr=1467002628  d_cyc= 373829832  d_all= 9494197  IPC=3.924  ratio_rm=0.0000
[OMPT][WIN100ms] ompt_id=4222124650659841 tid=85246  tipo=ompt_thread_worker     cpu=239 numa=1  d_rm=     122  d_instr=1465982424  d_cyc= 373754519  d_all= 9472012  IPC=3.922  ratio_rm=0.0000
[OMPT][WIN100ms] ompt_id=4503599627370497 tid=85247  tipo=ompt_thread_worker     cpu=103 numa=1  d_rm=      53  d_instr=1466244583  d_cyc= 372605055  d_all= 9488717  IPC=3.935  ratio_rm=0.0000
[OMPT] implicit_task_end: parallel_id=0 thread_num=0
[OMPT] parallel_end: parallel_id=281474976710839
[OMPT] parallel_begin: parallel_id=281474976710841 team_size=16
[OMPT] implicit_task_end: parallel_id=0 thread_num=4
[OMPT] implicit_task_begin: parallel_id=281474976710841 thread_num=0 team_size=16
[OMPT] implicit_task_end: parallel_id=0 thread_num=7
[OMPT] implicit_task_end: parallel_id=0 thread_num=3
[OMPT] implicit_task_end: parallel_id=0 thread_num=2
[OMPT] implicit_task_end: parallel_id=0 thread_num=1
[OMPT] implicit_task_begin: parallel_id=281474976710841 thread_num=2 team_size=16
[OMPT] implicit_task_end: parallel_id=0 thread_num=5
[OMPT] implicit_task_begin: parallel_id=281474976710841 thread_num=1 team_size=16
[OMPT] implicit_task_begin: parallel_id=281474976710841 thread_num=5 team_size=16
[OMPT] implicit_task_end: parallel_id=0 thread_num=6
[OMPT] implicit_task_end: parallel_id=0 thread_num=8
[OMPT] implicit_task_begin: parallel_id=281474976710841 thread_num=6 team_size=16
[OMPT] implicit_task_end: parallel_id=0 thread_num=11
[OMPT] implicit_task_begin: parallel_id=281474976710841 thread_num=7 team_size=16
[OMPT] implicit_task_end: parallel_id=0 thread_num=12
[OMPT] implicit_task_end: parallel_id=0 thread_num=14
[OMPT] implicit_task_end: parallel_id=0 thread_num=10
[OMPT] implicit_task_end: parallel_id=0 thread_num=9
[OMPT] implicit_task_begin: parallel_id=281474976710841 thread_num=4 team_size=16
[OMPT] implicit_task_begin: parallel_id=281474976710841 thread_num=10 team_size=16
[OMPT] implicit_task_begin: parallel_id=281474976710841 thread_num=14 team_size=16
[OMPT] implicit_task_begin: parallel_id=281474976710841 thread_num=11 team_size=16
[OMPT] implicit_task_end: parallel_id=0 thread_num=15
[OMPT] implicit_task_end: parallel_id=0 thread_num=13
[OMPT] implicit_task_begin: parallel_id=281474976710841 thread_num=15 team_size=16
[OMPT] implicit_task_begin: parallel_id=281474976710841 thread_num=12 team_size=16
[OMPT] implicit_task_begin: parallel_id=281474976710841 thread_num=13 team_size=16
[OMPT] implicit_task_begin: parallel_id=281474976710841 thread_num=8 team_size=16
[OMPT] implicit_task_begin: parallel_id=281474976710841 thread_num=3 team_size=16
[OMPT] implicit_task_begin: parallel_id=281474976710841 thread_num=9 team_size=16
[OMPT][WIN100ms] ompt_id=281474976710657 tid=85231  tipo=ompt_thread_initial    cpu= 65 numa=1  d_rm=    5608  d_instr=1458332731  d_cyc= 374449625  d_all= 9446736  IPC=3.895  ratio_rm=0.0006
[OMPT][WIN100ms] ompt_id=562949953421313 tid=85233  tipo=ompt_thread_worker     cpu=169 numa=0  d_rm=     305  d_instr=1462775263  d_cyc= 373900598  d_all= 9458121  IPC=3.912  ratio_rm=0.0000
[OMPT][WIN100ms] ompt_id=844424930131969 tid=85234  tipo=ompt_thread_worker     cpu=120 numa=1  d_rm=     129  d_instr=1465772207  d_cyc= 373405110  d_all= 9467652  IPC=3.925  ratio_rm=0.0000
[OMPT][WIN100ms] ompt_id=1125899906842625 tid=85235  tipo=ompt_thread_worker     cpu= 32 numa=0  d_rm=     369  d_instr=1463842432  d_cyc= 372977272  d_all= 9466203  IPC=3.925  ratio_rm=0.0000
[OMPT][WIN100ms] ompt_id=1407374883553281 tid=85236  tipo=ompt_thread_worker     cpu=104 numa=1  d_rm=     123  d_instr=1466442238  d_cyc= 372933065  d_all= 9475400  IPC=3.932  ratio_rm=0.0000
[OMPT][WIN100ms] ompt_id=1688849860263937 tid=85237  tipo=ompt_thread_worker     cpu= 64 numa=1  d_rm=      16  d_instr=1465536688  d_cyc= 373637431  d_all= 9476634  IPC=3.922  ratio_rm=0.0000
[OMPT][WIN100ms] ompt_id=1970324836974593 tid=85238  tipo=ompt_thread_worker     cpu= 81 numa=1  d_rm=      35  d_instr=1467983089  d_cyc= 373088002  d_all= 9491923  IPC=3.935  ratio_rm=0.0000
[OMPT][WIN100ms] ompt_id=2251799813685249 tid=85239  tipo=ompt_thread_worker     cpu=247 numa=1  d_rm=      52  d_instr=1465873067  d_cyc= 373303055  d_all= 9471866  IPC=3.927  ratio_rm=0.0000
[OMPT][WIN100ms] ompt_id=2533274790395905 tid=85240  tipo=ompt_thread_worker     cpu= 16 numa=0  d_rm=     303  d_instr=1460340906  d_cyc= 372850209  d_all= 9442544  IPC=3.917  ratio_rm=0.0000
[OMPT][WIN100ms] ompt_id=2814749767106561 tid=85243  tipo=ompt_thread_worker     cpu= 48 numa=0  d_rm=     311  d_instr=1464880223  d_cyc= 373620731  d_all= 9476555  IPC=3.921  ratio_rm=0.0000
[OMPT][WIN100ms] ompt_id=3096224743817217 tid=85242  tipo=ompt_thread_worker     cpu= 56 numa=0  d_rm=     373  d_instr=1468471147  d_cyc= 373861532  d_all= 9505544  IPC=3.928  ratio_rm=0.0000
[OMPT][WIN100ms] ompt_id=3377699720527873 tid=85241  tipo=ompt_thread_worker     cpu=207 numa=1  d_rm=     184  d_instr=1468025227  d_cyc= 373015008  d_all= 9485132  IPC=3.936  ratio_rm=0.0000
[OMPT][WIN100ms] ompt_id=3659174697238529 tid=85244  tipo=ompt_thread_worker     cpu= 95 numa=1  d_rm=     173  d_instr=1465407082  d_cyc= 372340147  d_all= 9473604  IPC=3.936  ratio_rm=0.0000
[OMPT][WIN100ms] ompt_id=3940649673949185 tid=85245  tipo=ompt_thread_worker     cpu=141 numa=0  d_rm=     317  d_instr=1460540240  d_cyc= 373657546  d_all= 9447434  IPC=3.909  ratio_rm=0.0000
[OMPT][WIN100ms] ompt_id=4222124650659841 tid=85246  tipo=ompt_thread_worker     cpu=239 numa=1  d_rm=     114  d_instr=1468090620  d_cyc= 373647779  d_all= 9479592  IPC=3.929  ratio_rm=0.0000
[OMPT][WIN100ms] ompt_id=4503599627370497 tid=85247  tipo=ompt_thread_worker     cpu=103 numa=1  d_rm=      35  d_instr=1469637242  d_cyc= 373643399  d_all= 9504048  IPC=3.933  ratio_rm=0.0000
[OMPT] implicit_task_end: parallel_id=0 thread_num=0
[OMPT] parallel_end: parallel_id=281474976710841
[OMPT] parallel_begin: parallel_id=281474976710843 team_size=16
[OMPT] implicit_task_end: parallel_id=0 thread_num=4
[OMPT] implicit_task_begin: parallel_id=281474976710843 thread_num=0 team_size=16
[OMPT] implicit_task_end: parallel_id=0 thread_num=7
[OMPT] implicit_task_end: parallel_id=0 thread_num=12
[OMPT] implicit_task_end: parallel_id=0 thread_num=14
[OMPT] implicit_task_end: parallel_id=0 thread_num=2
[OMPT] implicit_task_end: parallel_id=0 thread_num=1
[OMPT] implicit_task_begin: parallel_id=281474976710843 thread_num=2 team_size=16
[OMPT] implicit_task_begin: parallel_id=281474976710843 thread_num=1 team_size=16
[OMPT] implicit_task_end: parallel_id=0 thread_num=6
[OMPT] implicit_task_begin: parallel_id=281474976710843 thread_num=4 team_size=16
[OMPT] implicit_task_begin: parallel_id=281474976710843 thread_num=6 team_size=16
[OMPT] implicit_task_end: parallel_id=0 thread_num=8
[OMPT] implicit_task_end: parallel_id=0 thread_num=10
[OMPT] implicit_task_end: parallel_id=0 thread_num=15
[OMPT] implicit_task_begin: parallel_id=281474976710843 thread_num=7 team_size=16
[OMPT] implicit_task_begin: parallel_id=281474976710843 thread_num=15 team_size=16
[OMPT] implicit_task_begin: parallel_id=281474976710843 thread_num=14 team_size=16
[OMPT] implicit_task_begin: parallel_id=281474976710843 thread_num=12 team_size=16
[OMPT] implicit_task_end: parallel_id=0 thread_num=5
[OMPT] implicit_task_begin: parallel_id=281474976710843 thread_num=5 team_size=16
[OMPT] implicit_task_end: parallel_id=0 thread_num=9
[OMPT] implicit_task_end: parallel_id=0 thread_num=11
[OMPT] implicit_task_begin: parallel_id=281474976710843 thread_num=9 team_size=16
[OMPT] implicit_task_begin: parallel_id=281474976710843 thread_num=8 team_size=16
[OMPT] implicit_task_end: parallel_id=0 thread_num=13
[OMPT] implicit_task_begin: parallel_id=281474976710843 thread_num=13 team_size=16
[OMPT] implicit_task_begin: parallel_id=281474976710843 thread_num=10 team_size=16
[OMPT] implicit_task_end: parallel_id=0 thread_num=3
[OMPT] implicit_task_begin: parallel_id=281474976710843 thread_num=11 team_size=16
[OMPT] implicit_task_begin: parallel_id=281474976710843 thread_num=3 team_size=16
[OMPT][WIN100ms] ompt_id=281474976710657 tid=85231  tipo=ompt_thread_initial    cpu= 65 numa=1  d_rm=    5539  d_instr=1461975422  d_cyc= 374487572  d_all= 9468616  IPC=3.904  ratio_rm=0.0006
[OMPT][WIN100ms] ompt_id=562949953421313 tid=85233  tipo=ompt_thread_worker     cpu=169 numa=0  d_rm=     332  d_instr=1465159379  d_cyc= 374199231  d_all= 9481657  IPC=3.915  ratio_rm=0.0000
[OMPT][WIN100ms] ompt_id=844424930131969 tid=85234  tipo=ompt_thread_worker     cpu=120 numa=1  d_rm=     138  d_instr=1475263571  d_cyc= 373344160  d_all= 9538477  IPC=3.951  ratio_rm=0.0000
[OMPT][WIN100ms] ompt_id=1125899906842625 tid=85235  tipo=ompt_thread_worker     cpu= 32 numa=0  d_rm=     477  d_instr=1463713125  d_cyc= 372653553  d_all= 9464373  IPC=3.928  ratio_rm=0.0001
[OMPT][WIN100ms] ompt_id=1407374883553281 tid=85236  tipo=ompt_thread_worker     cpu=104 numa=1  d_rm=     116  d_instr=1469952064  d_cyc= 373422897  d_all= 9503906  IPC=3.936  ratio_rm=0.0000
[OMPT][WIN100ms] ompt_id=1688849860263937 tid=85237  tipo=ompt_thread_worker     cpu= 64 numa=1  d_rm=      13  d_instr=1465016544  d_cyc= 373141343  d_all= 9471761  IPC=3.926  ratio_rm=0.0000
[OMPT][WIN100ms] ompt_id=1970324836974593 tid=85238  tipo=ompt_thread_worker     cpu= 81 numa=1  d_rm=      38  d_instr=1469117776  d_cyc= 373477205  d_all= 9495986  IPC=3.934  ratio_rm=0.0000
[OMPT][WIN100ms] ompt_id=2251799813685249 tid=85239  tipo=ompt_thread_worker     cpu=247 numa=1  d_rm=      56  d_instr=1465349670  d_cyc= 373198033  d_all= 9462307  IPC=3.926  ratio_rm=0.0000
[OMPT][WIN100ms] ompt_id=2533274790395905 tid=85240  tipo=ompt_thread_worker     cpu= 16 numa=0  d_rm=     386  d_instr=1471833290  d_cyc= 373080326  d_all= 9513997  IPC=3.945  ratio_rm=0.0000
[OMPT][WIN100ms] ompt_id=2814749767106561 tid=85243  tipo=ompt_thread_worker     cpu= 48 numa=0  d_rm=     345  d_instr=1467094111  d_cyc= 373849170  d_all= 9501062  IPC=3.924  ratio_rm=0.0000
[OMPT][WIN100ms] ompt_id=3096224743817217 tid=85242  tipo=ompt_thread_worker     cpu= 56 numa=0  d_rm=     425  d_instr=1465858049  d_cyc= 373733848  d_all= 9480152  IPC=3.922  ratio_rm=0.0000
[OMPT][WIN100ms] ompt_id=3377699720527873 tid=85241  tipo=ompt_thread_worker     cpu= 79 numa=1  d_rm=     200  d_instr=1468697099  d_cyc= 373582177  d_all= 9494450  IPC=3.931  ratio_rm=0.0000
[OMPT][WIN100ms] ompt_id=3659174697238529 tid=85244  tipo=ompt_thread_worker     cpu= 95 numa=1  d_rm=     137  d_instr=1462742459  d_cyc= 372965984  d_all= 9449690  IPC=3.922  ratio_rm=0.0000
[OMPT][WIN100ms] ompt_id=3940649673949185 tid=85245  tipo=ompt_thread_worker     cpu=141 numa=0  d_rm=     369  d_instr=1466073856  d_cyc= 373016319  d_all= 9485919  IPC=3.930  ratio_rm=0.0000
[OMPT][WIN100ms] ompt_id=4222124650659841 tid=85246  tipo=ompt_thread_worker     cpu=239 numa=1  d_rm=     153  d_instr=1467069029  d_cyc= 373076723  d_all= 9468135  IPC=3.932  ratio_rm=0.0000
[OMPT][WIN100ms] ompt_id=4503599627370497 tid=85247  tipo=ompt_thread_worker     cpu=103 numa=1  d_rm=      39  d_instr=1468167496  d_cyc= 372990351  d_all= 9477414  IPC=3.936  ratio_rm=0.0000
[OMPT] implicit_task_end: parallel_id=0 thread_num=0
[OMPT] parallel_end: parallel_id=281474976710843
[OMPT] parallel_begin: parallel_id=281474976710845 team_size=16
[OMPT] implicit_task_end: parallel_id=0 thread_num=8
[OMPT] implicit_task_end: parallel_id=0 thread_num=10
[OMPT] implicit_task_end: parallel_id=0 thread_num=12
[OMPT] implicit_task_end: parallel_id=0 thread_num=14
[OMPT] implicit_task_end: parallel_id=0 thread_num=2
[OMPT] implicit_task_begin: parallel_id=281474976710845 thread_num=14 team_size=16
[OMPT] implicit_task_begin: parallel_id=281474976710845 thread_num=0 team_size=16
[OMPT] implicit_task_begin: parallel_id=281474976710845 thread_num=2 team_size=16
[OMPT] implicit_task_end: parallel_id=0 thread_num=11
[OMPT] implicit_task_end: parallel_id=0 thread_num=9
[OMPT] implicit_task_begin: parallel_id=281474976710845 thread_num=8 team_size=16
[OMPT] implicit_task_begin: parallel_id=281474976710845 thread_num=9 team_size=16
[OMPT] implicit_task_end: parallel_id=0 thread_num=15
[OMPT] implicit_task_end: parallel_id=0 thread_num=13
[OMPT] implicit_task_begin: parallel_id=281474976710845 thread_num=15 team_size=16
[OMPT] implicit_task_begin: parallel_id=281474976710845 thread_num=13 team_size=16
[OMPT] implicit_task_end: parallel_id=0 thread_num=1
[OMPT] implicit_task_begin: parallel_id=281474976710845 thread_num=12 team_size=16
[OMPT] implicit_task_begin: parallel_id=281474976710845 thread_num=1 team_size=16
[OMPT] implicit_task_begin: parallel_id=281474976710845 thread_num=11 team_size=16
[OMPT] implicit_task_end: parallel_id=0 thread_num=4
[OMPT] implicit_task_end: parallel_id=0 thread_num=7
[OMPT] implicit_task_end: parallel_id=0 thread_num=3
[OMPT] implicit_task_begin: parallel_id=281474976710845 thread_num=7 team_size=16
[OMPT] implicit_task_end: parallel_id=0 thread_num=5
[OMPT] implicit_task_end: parallel_id=0 thread_num=6
[OMPT] implicit_task_begin: parallel_id=281474976710845 thread_num=4 team_size=16
[OMPT] implicit_task_begin: parallel_id=281474976710845 thread_num=10 team_size=16
[OMPT] implicit_task_begin: parallel_id=281474976710845 thread_num=3 team_size=16
[OMPT] implicit_task_begin: parallel_id=281474976710845 thread_num=5 team_size=16
[OMPT] implicit_task_begin: parallel_id=281474976710845 thread_num=6 team_size=16
[OMPT][WIN100ms] ompt_id=281474976710657 tid=85231  tipo=ompt_thread_initial    cpu=  0 numa=0  d_rm=    3735  d_instr=1467540456  d_cyc= 373605595  d_all= 9508265  IPC=3.928  ratio_rm=0.0004
[OMPT][WIN100ms] ompt_id=562949953421313 tid=85233  tipo=ompt_thread_worker     cpu=169 numa=0  d_rm=     324  d_instr=1463314607  d_cyc= 373318128  d_all= 9462865  IPC=3.920  ratio_rm=0.0000
[OMPT][WIN100ms] ompt_id=844424930131969 tid=85234  tipo=ompt_thread_worker     cpu=120 numa=1  d_rm=     151  d_instr=1458945577  d_cyc= 373570090  d_all= 9430350  IPC=3.905  ratio_rm=0.0000
[OMPT][WIN100ms] ompt_id=1125899906842625 tid=85235  tipo=ompt_thread_worker     cpu= 32 numa=0  d_rm=     384  d_instr=1463390160  d_cyc= 372900836  d_all= 9475560  IPC=3.924  ratio_rm=0.0000
[OMPT][WIN100ms] ompt_id=1407374883553281 tid=85236  tipo=ompt_thread_worker     cpu=104 numa=1  d_rm=     132  d_instr=1461426916  d_cyc= 372021868  d_all= 9440384  IPC=3.928  ratio_rm=0.0000
[OMPT][WIN100ms] ompt_id=1688849860263937 tid=85237  tipo=ompt_thread_worker     cpu= 64 numa=1  d_rm=      76  d_instr=1462359204  d_cyc= 373434815  d_all= 9439331  IPC=3.916  ratio_rm=0.0000
[OMPT][WIN100ms] ompt_id=1970324836974593 tid=85238  tipo=ompt_thread_worker     cpu= 81 numa=1  d_rm=      85  d_instr=1465958526  d_cyc= 373201730  d_all= 9475262  IPC=3.928  ratio_rm=0.0000
[OMPT][WIN100ms] ompt_id=2251799813685249 tid=85239  tipo=ompt_thread_worker     cpu=247 numa=1  d_rm=     105  d_instr=1469931856  d_cyc= 373814431  d_all= 9492598  IPC=3.932  ratio_rm=0.0000
[OMPT][WIN100ms] ompt_id=2533274790395905 tid=85240  tipo=ompt_thread_worker     cpu= 16 numa=0  d_rm=     295  d_instr=1462031430  d_cyc= 373414957  d_all= 9450746  IPC=3.915  ratio_rm=0.0000
[OMPT][WIN100ms] ompt_id=2814749767106561 tid=85243  tipo=ompt_thread_worker     cpu= 48 numa=0  d_rm=     302  d_instr=1460916013  d_cyc= 373407262  d_all= 9446575  IPC=3.912  ratio_rm=0.0000
[OMPT][WIN100ms] ompt_id=3096224743817217 tid=85242  tipo=ompt_thread_worker     cpu= 56 numa=0  d_rm=     377  d_instr=1460006563  d_cyc= 372307365  d_all= 9446501  IPC=3.922  ratio_rm=0.0000
[OMPT][WIN100ms] ompt_id=3377699720527873 tid=85241  tipo=ompt_thread_worker     cpu= 79 numa=1  d_rm=     287  d_instr=1468343480  d_cyc= 373578847  d_all= 9478610  IPC=3.930  ratio_rm=0.0000
[OMPT][WIN100ms] ompt_id=3659174697238529 tid=85244  tipo=ompt_thread_worker     cpu= 95 numa=1  d_rm=     189  d_instr=1465040583  d_cyc= 373060709  d_all= 9461000  IPC=3.927  ratio_rm=0.0000
[OMPT][WIN100ms] ompt_id=3940649673949185 tid=85245  tipo=ompt_thread_worker     cpu=141 numa=0  d_rm=     320  d_instr=1466485486  d_cyc= 373521911  d_all= 9476153  IPC=3.926  ratio_rm=0.0000
[OMPT][WIN100ms] ompt_id=4222124650659841 tid=85246  tipo=ompt_thread_worker     cpu=239 numa=1  d_rm=     202  d_instr=1467976555  d_cyc= 373521156  d_all= 9476915  IPC=3.930  ratio_rm=0.0000
[OMPT][WIN100ms] ompt_id=4503599627370497 tid=85247  tipo=ompt_thread_worker     cpu=103 numa=1  d_rm=     107  d_instr=1468666565  d_cyc= 372394818  d_all= 9496514  IPC=3.944  ratio_rm=0.0000
[OMPT] implicit_task_end: parallel_id=0 thread_num=0
[OMPT] parallel_end: parallel_id=281474976710845
[OMPT] parallel_begin: parallel_id=281474976710847 team_size=16
[OMPT] implicit_task_end: parallel_id=0 thread_num=12
[OMPT] implicit_task_end: parallel_id=0 thread_num=14
[OMPT] implicit_task_begin: parallel_id=281474976710847 thread_num=12 team_size=16
[OMPT] implicit_task_end: parallel_id=0 thread_num=3
[OMPT] implicit_task_begin: parallel_id=281474976710847 thread_num=14 team_size=16
[OMPT] implicit_task_end: parallel_id=0 thread_num=4
[OMPT] implicit_task_end: parallel_id=0 thread_num=7
[OMPT] implicit_task_end: parallel_id=0 thread_num=2
[OMPT] implicit_task_begin: parallel_id=281474976710847 thread_num=7 team_size=16
[OMPT] implicit_task_begin: parallel_id=281474976710847 thread_num=0 team_size=16
[OMPT] implicit_task_begin: parallel_id=281474976710847 thread_num=2 team_size=16
[OMPT] implicit_task_end: parallel_id=0 thread_num=15
[OMPT] implicit_task_end: parallel_id=0 thread_num=8
[OMPT] implicit_task_end: parallel_id=0 thread_num=10
[OMPT] implicit_task_end: parallel_id=0 thread_num=6
[OMPT] implicit_task_end: parallel_id=0 thread_num=5
[OMPT] implicit_task_begin: parallel_id=281474976710847 thread_num=4 team_size=16
[OMPT] implicit_task_begin: parallel_id=281474976710847 thread_num=5 team_size=16
[OMPT] implicit_task_end: parallel_id=0 thread_num=13
[OMPT] implicit_task_begin: parallel_id=281474976710847 thread_num=13 team_size=16
[OMPT] implicit_task_end: parallel_id=0 thread_num=9
[OMPT] implicit_task_end: parallel_id=0 thread_num=11
[OMPT] implicit_task_begin: parallel_id=281474976710847 thread_num=15 team_size=16
[OMPT] implicit_task_begin: parallel_id=281474976710847 thread_num=3 team_size=16
[OMPT] implicit_task_begin: parallel_id=281474976710847 thread_num=8 team_size=16
[OMPT] implicit_task_begin: parallel_id=281474976710847 thread_num=10 team_size=16
[OMPT] implicit_task_begin: parallel_id=281474976710847 thread_num=6 team_size=16
[OMPT] implicit_task_end: parallel_id=0 thread_num=1
[OMPT] implicit_task_begin: parallel_id=281474976710847 thread_num=9 team_size=16
[OMPT] implicit_task_begin: parallel_id=281474976710847 thread_num=1 team_size=16
[OMPT] implicit_task_begin: parallel_id=281474976710847 thread_num=11 team_size=16
[OMPT][WIN100ms] ompt_id=281474976710657 tid=85231  tipo=ompt_thread_initial    cpu=  0 numa=0  d_rm=    3530  d_instr=1459382454  d_cyc= 373746707  d_all= 9456689  IPC=3.905  ratio_rm=0.0004
[OMPT][WIN100ms] ompt_id=562949953421313 tid=85233  tipo=ompt_thread_worker     cpu=169 numa=0  d_rm=     274  d_instr=1467304862  d_cyc= 372097795  d_all= 9486904  IPC=3.943  ratio_rm=0.0000
[OMPT][WIN100ms] ompt_id=844424930131969 tid=85234  tipo=ompt_thread_worker     cpu=120 numa=1  d_rm=     161  d_instr=1473691424  d_cyc= 373581245  d_all= 9533042  IPC=3.945  ratio_rm=0.0000
[OMPT][WIN100ms] ompt_id=1125899906842625 tid=85235  tipo=ompt_thread_worker     cpu= 32 numa=0  d_rm=     331  d_instr=1467982041  d_cyc= 373041855  d_all= 9507080  IPC=3.935  ratio_rm=0.0000
[OMPT][WIN100ms] ompt_id=1407374883553281 tid=85236  tipo=ompt_thread_worker     cpu=104 numa=1  d_rm=     127  d_instr=1473478068  d_cyc= 372774164  d_all= 9528929  IPC=3.953  ratio_rm=0.0000
[OMPT][WIN100ms] ompt_id=1688849860263937 tid=85237  tipo=ompt_thread_worker     cpu= 64 numa=1  d_rm=      72  d_instr=1474711353  d_cyc= 373394166  d_all= 9534833  IPC=3.949  ratio_rm=0.0000
[OMPT][WIN100ms] ompt_id=1970324836974593 tid=85238  tipo=ompt_thread_worker     cpu= 81 numa=1  d_rm=      90  d_instr=1469359289  d_cyc= 372616688  d_all= 9483552  IPC=3.943  ratio_rm=0.0000
[OMPT][WIN100ms] ompt_id=2251799813685249 tid=85239  tipo=ompt_thread_worker     cpu=247 numa=1  d_rm=      94  d_instr=1467152170  d_cyc= 374154487  d_all= 9470146  IPC=3.921  ratio_rm=0.0000
[OMPT][WIN100ms] ompt_id=2533274790395905 tid=85240  tipo=ompt_thread_worker     cpu= 16 numa=0  d_rm=     261  d_instr=1472044315  d_cyc= 372730476  d_all= 9502389  IPC=3.949  ratio_rm=0.0000
[OMPT][WIN100ms] ompt_id=2814749767106561 tid=85243  tipo=ompt_thread_worker     cpu= 48 numa=0  d_rm=     252  d_instr=1466285467  d_cyc= 373712682  d_all= 9484498  IPC=3.924  ratio_rm=0.0000
[OMPT][WIN100ms] ompt_id=3096224743817217 tid=85242  tipo=ompt_thread_worker     cpu= 56 numa=0  d_rm=     333  d_instr=1468561004  d_cyc= 373918857  d_all= 9495765  IPC=3.927  ratio_rm=0.0000
[OMPT][WIN100ms] ompt_id=3377699720527873 tid=85241  tipo=ompt_thread_worker     cpu= 79 numa=1  d_rm=     206  d_instr=1463178189  d_cyc= 373263950  d_all= 9445047  IPC=3.920  ratio_rm=0.0000
[OMPT][WIN100ms] ompt_id=3659174697238529 tid=85244  tipo=ompt_thread_worker     cpu= 95 numa=1  d_rm=     171  d_instr=1474654509  d_cyc= 374041304  d_all= 9526503  IPC=3.942  ratio_rm=0.0000
[OMPT][WIN100ms] ompt_id=3940649673949185 tid=85245  tipo=ompt_thread_worker     cpu=141 numa=0  d_rm=     254  d_instr=1468700917  d_cyc= 373225137  d_all= 9487944  IPC=3.935  ratio_rm=0.0000
[OMPT][WIN100ms] ompt_id=4222124650659841 tid=85246  tipo=ompt_thread_worker     cpu=239 numa=1  d_rm=     178  d_instr=1469689022  d_cyc= 373887752  d_all= 9490864  IPC=3.931  ratio_rm=0.0000
[OMPT][WIN100ms] ompt_id=4503599627370497 tid=85247  tipo=ompt_thread_worker     cpu=103 numa=1  d_rm=      86  d_instr=1467082720  d_cyc= 372613164  d_all= 9477100  IPC=3.937  ratio_rm=0.0000
[OMPT] implicit_task_end: parallel_id=0 thread_num=0
[OMPT] parallel_end: parallel_id=281474976710847
[OMPT] parallel_begin: parallel_id=281474976710849 team_size=16
[OMPT] implicit_task_end: parallel_id=0 thread_num=4
[OMPT] implicit_task_end: parallel_id=0 thread_num=7
[OMPT] implicit_task_end: parallel_id=0 thread_num=8
[OMPT] implicit_task_end: parallel_id=0 thread_num=9
[OMPT] implicit_task_end: parallel_id=0 thread_num=3
[OMPT] implicit_task_end: parallel_id=0 thread_num=12
[OMPT] implicit_task_begin: parallel_id=281474976710849 thread_num=8 team_size=16
[OMPT] implicit_task_end: parallel_id=0 thread_num=14
[OMPT] implicit_task_end: parallel_id=0 thread_num=15
[OMPT] implicit_task_end: parallel_id=0 thread_num=6
[OMPT] implicit_task_end: parallel_id=0 thread_num=1
[OMPT] implicit_task_end: parallel_id=0 thread_num=11
[OMPT] implicit_task_end: parallel_id=0 thread_num=10
[OMPT] implicit_task_begin: parallel_id=281474976710849 thread_num=4 team_size=16
[OMPT] implicit_task_begin: parallel_id=281474976710849 thread_num=6 team_size=16
[OMPT] implicit_task_end: parallel_id=0 thread_num=13
[OMPT] implicit_task_begin: parallel_id=281474976710849 thread_num=12 team_size=16
[OMPT] implicit_task_begin: parallel_id=281474976710849 thread_num=0 team_size=16
[OMPT] implicit_task_begin: parallel_id=281474976710849 thread_num=14 team_size=16
[OMPT] implicit_task_begin: parallel_id=281474976710849 thread_num=3 team_size=16
[OMPT] implicit_task_begin: parallel_id=281474976710849 thread_num=15 team_size=16
[OMPT] implicit_task_end: parallel_id=0 thread_num=2
[OMPT] implicit_task_begin: parallel_id=281474976710849 thread_num=7 team_size=16
[OMPT] implicit_task_begin: parallel_id=281474976710849 thread_num=1 team_size=16
[OMPT] implicit_task_end: parallel_id=0 thread_num=5
[OMPT] implicit_task_begin: parallel_id=281474976710849 thread_num=2 team_size=16
[OMPT] implicit_task_begin: parallel_id=281474976710849 thread_num=11 team_size=16
[OMPT] implicit_task_begin: parallel_id=281474976710849 thread_num=9 team_size=16
[OMPT] implicit_task_begin: parallel_id=281474976710849 thread_num=10 team_size=16
[OMPT] implicit_task_begin: parallel_id=281474976710849 thread_num=5 team_size=16
[OMPT] implicit_task_begin: parallel_id=281474976710849 thread_num=13 team_size=16
[OMPT][WIN100ms] ompt_id=281474976710657 tid=85231  tipo=ompt_thread_initial    cpu=  0 numa=0  d_rm=    3731  d_instr=1454144851  d_cyc= 373160251  d_all= 9423162  IPC=3.897  ratio_rm=0.0004
[OMPT][WIN100ms] ompt_id=562949953421313 tid=85233  tipo=ompt_thread_worker     cpu=169 numa=0  d_rm=     310  d_instr=1459735066  d_cyc= 373854034  d_all= 9433247  IPC=3.905  ratio_rm=0.0000
[OMPT][WIN100ms] ompt_id=844424930131969 tid=85234  tipo=ompt_thread_worker     cpu=120 numa=1  d_rm=     188  d_instr=1459238597  d_cyc= 372521193  d_all= 9409525  IPC=3.917  ratio_rm=0.0000
[OMPT][WIN100ms] ompt_id=1125899906842625 tid=85235  tipo=ompt_thread_worker     cpu= 32 numa=0  d_rm=     419  d_instr=1460326709  d_cyc= 373826130  d_all= 9418044  IPC=3.906  ratio_rm=0.0000
[OMPT][WIN100ms] ompt_id=1407374883553281 tid=85236  tipo=ompt_thread_worker     cpu=104 numa=1  d_rm=     158  d_instr=1459682930  d_cyc= 373096731  d_all= 9408655  IPC=3.912  ratio_rm=0.0000
[OMPT][WIN100ms] ompt_id=1688849860263937 tid=85237  tipo=ompt_thread_worker     cpu= 64 numa=1  d_rm=     165  d_instr=1455921169  d_cyc= 372895599  d_all= 9389479  IPC=3.904  ratio_rm=0.0000
[OMPT][WIN100ms] ompt_id=1970324836974593 tid=85238  tipo=ompt_thread_worker     cpu= 81 numa=1  d_rm=     117  d_instr=1466282991  d_cyc= 373324917  d_all= 9451707  IPC=3.928  ratio_rm=0.0000
[OMPT][WIN100ms] ompt_id=2251799813685249 tid=85239  tipo=ompt_thread_worker     cpu=247 numa=1  d_rm=     183  d_instr=1462838519  d_cyc= 373145585  d_all= 9433377  IPC=3.920  ratio_rm=0.0000
[OMPT][WIN100ms] ompt_id=2533274790395905 tid=85240  tipo=ompt_thread_worker     cpu= 16 numa=0  d_rm=     327  d_instr=1464062102  d_cyc= 373826009  d_all= 9441216  IPC=3.916  ratio_rm=0.0000
[OMPT][WIN100ms] ompt_id=2814749767106561 tid=85243  tipo=ompt_thread_worker     cpu= 48 numa=0  d_rm=     307  d_instr=1461021207  d_cyc= 374012850  d_all= 9442163  IPC=3.906  ratio_rm=0.0000
[OMPT][WIN100ms] ompt_id=3096224743817217 tid=85242  tipo=ompt_thread_worker     cpu= 56 numa=0  d_rm=     388  d_instr=1466019612  d_cyc= 373959999  d_all= 9461290  IPC=3.920  ratio_rm=0.0000
[OMPT][WIN100ms] ompt_id=3377699720527873 tid=85241  tipo=ompt_thread_worker     cpu= 79 numa=1  d_rm=     550  d_instr=1455108476  d_cyc= 374039740  d_all= 9391910  IPC=3.890  ratio_rm=0.0001
[OMPT][WIN100ms] ompt_id=3659174697238529 tid=85244  tipo=ompt_thread_worker     cpu= 95 numa=1  d_rm=     286  d_instr=1459880895  d_cyc= 373129470  d_all= 9409433  IPC=3.913  ratio_rm=0.0000
[OMPT][WIN100ms] ompt_id=3940649673949185 tid=85245  tipo=ompt_thread_worker     cpu=141 numa=0  d_rm=     343  d_instr=1463976111  d_cyc= 373851795  d_all= 9448827  IPC=3.916  ratio_rm=0.0000
[OMPT][WIN100ms] ompt_id=4222124650659841 tid=85246  tipo=ompt_thread_worker     cpu=239 numa=1  d_rm=     224  d_instr=1462277141  d_cyc= 373589922  d_all= 9426154  IPC=3.914  ratio_rm=0.0000
[OMPT][WIN100ms] ompt_id=4503599627370497 tid=85247  tipo=ompt_thread_worker     cpu=103 numa=1  d_rm=     124  d_instr=1460467116  d_cyc= 373368939  d_all= 9425090  IPC=3.912  ratio_rm=0.0000
[OMPT] implicit_task_end: parallel_id=0 thread_num=0
[OMPT] parallel_end: parallel_id=281474976710849
[OMPT] parallel_begin: parallel_id=281474976710851 team_size=16
[OMPT] implicit_task_end: parallel_id=0 thread_num=12
[OMPT] implicit_task_end: parallel_id=0 thread_num=14
[OMPT] implicit_task_begin: parallel_id=281474976710851 thread_num=12 team_size=16
[OMPT] implicit_task_end: parallel_id=0 thread_num=4
[OMPT] implicit_task_end: parallel_id=0 thread_num=6
[OMPT] implicit_task_end: parallel_id=0 thread_num=3
[OMPT] implicit_task_end: parallel_id=0 thread_num=1
[OMPT] implicit_task_begin: parallel_id=281474976710851 thread_num=1 team_size=16
[OMPT] implicit_task_end: parallel_id=0 thread_num=13
[OMPT] implicit_task_begin: parallel_id=281474976710851 thread_num=13 team_size=16
[OMPT] implicit_task_end: parallel_id=0 thread_num=15
[OMPT] implicit_task_begin: parallel_id=281474976710851 thread_num=0 team_size=16
[OMPT] implicit_task_begin: parallel_id=281474976710851 thread_num=15 team_size=16
[OMPT] implicit_task_end: parallel_id=0 thread_num=7
[OMPT] implicit_task_begin: parallel_id=281474976710851 thread_num=14 team_size=16
[OMPT] implicit_task_begin: parallel_id=281474976710851 thread_num=7 team_size=16
[OMPT] implicit_task_end: parallel_id=0 thread_num=5
[OMPT] implicit_task_begin: parallel_id=281474976710851 thread_num=4 team_size=16
[OMPT] implicit_task_begin: parallel_id=281474976710851 thread_num=5 team_size=16
[OMPT] implicit_task_begin: parallel_id=281474976710851 thread_num=6 team_size=16
[OMPT] implicit_task_begin: parallel_id=281474976710851 thread_num=3 team_size=16
[OMPT] implicit_task_end: parallel_id=0 thread_num=2
[OMPT] implicit_task_end: parallel_id=0 thread_num=8
[OMPT] implicit_task_end: parallel_id=0 thread_num=10
[OMPT] implicit_task_begin: parallel_id=281474976710851 thread_num=8 team_size=16
[OMPT] implicit_task_end: parallel_id=0 thread_num=11
[OMPT] implicit_task_end: parallel_id=0 thread_num=9
[OMPT] implicit_task_begin: parallel_id=281474976710851 thread_num=2 team_size=16
[OMPT] implicit_task_begin: parallel_id=281474976710851 thread_num=9 team_size=16
[OMPT] implicit_task_begin: parallel_id=281474976710851 thread_num=11 team_size=16
[OMPT] implicit_task_begin: parallel_id=281474976710851 thread_num=10 team_size=16
[OMPT][WIN100ms] ompt_id=281474976710657 tid=85231  tipo=ompt_thread_initial    cpu=  0 numa=0  d_rm=    3281  d_instr=1457096024  d_cyc= 373625875  d_all= 9426659  IPC=3.900  ratio_rm=0.0003
[OMPT][WIN100ms] ompt_id=562949953421313 tid=85233  tipo=ompt_thread_worker     cpu=169 numa=0  d_rm=     303  d_instr=1463456759  d_cyc= 374017945  d_all= 9448918  IPC=3.913  ratio_rm=0.0000
[OMPT][WIN100ms] ompt_id=844424930131969 tid=85234  tipo=ompt_thread_worker     cpu=120 numa=1  d_rm=     170  d_instr=1450582817  d_cyc= 371812864  d_all= 9352653  IPC=3.901  ratio_rm=0.0000
[OMPT][WIN100ms] ompt_id=1125899906842625 tid=85235  tipo=ompt_thread_worker     cpu= 32 numa=0  d_rm=     409  d_instr=1460930004  d_cyc= 372941517  d_all= 9429379  IPC=3.917  ratio_rm=0.0000
[OMPT][WIN100ms] ompt_id=1407374883553281 tid=85236  tipo=ompt_thread_worker     cpu=104 numa=1  d_rm=      97  d_instr=1465389623  d_cyc= 372707787  d_all= 9448320  IPC=3.932  ratio_rm=0.0000
[OMPT][WIN100ms] ompt_id=1688849860263937 tid=85237  tipo=ompt_thread_worker     cpu= 64 numa=1  d_rm=      82  d_instr=1468764560  d_cyc= 373297782  d_all= 9476297  IPC=3.935  ratio_rm=0.0000
[OMPT][WIN100ms] ompt_id=1970324836974593 tid=85238  tipo=ompt_thread_worker     cpu= 81 numa=1  d_rm=      73  d_instr=1456980976  d_cyc= 372837684  d_all= 9389607  IPC=3.908  ratio_rm=0.0000
[OMPT][WIN100ms] ompt_id=2251799813685249 tid=85239  tipo=ompt_thread_worker     cpu=247 numa=1  d_rm=      78  d_instr=1459320090  d_cyc= 373217663  d_all= 9409035  IPC=3.910  ratio_rm=0.0000
[OMPT][WIN100ms] ompt_id=2533274790395905 tid=85240  tipo=ompt_thread_worker     cpu= 16 numa=0  d_rm=     320  d_instr=1456322431  d_cyc= 372760893  d_all= 9393179  IPC=3.907  ratio_rm=0.0000
[OMPT][WIN100ms] ompt_id=2814749767106561 tid=85243  tipo=ompt_thread_worker     cpu= 48 numa=0  d_rm=     314  d_instr=1461344898  d_cyc= 374027823  d_all= 9435671  IPC=3.907  ratio_rm=0.0000
[OMPT][WIN100ms] ompt_id=3096224743817217 tid=85242  tipo=ompt_thread_worker     cpu= 56 numa=0  d_rm=     384  d_instr=1455218373  d_cyc= 373754975  d_all= 9382499  IPC=3.894  ratio_rm=0.0000
[OMPT][WIN100ms] ompt_id=3377699720527873 tid=85241  tipo=ompt_thread_worker     cpu= 79 numa=1  d_rm=     264  d_instr=1469409957  d_cyc= 373811028  d_all= 9479518  IPC=3.931  ratio_rm=0.0000
[OMPT][WIN100ms] ompt_id=3659174697238529 tid=85244  tipo=ompt_thread_worker     cpu= 95 numa=1  d_rm=     152  d_instr=1466999624  d_cyc= 373713788  d_all= 9460967  IPC=3.925  ratio_rm=0.0000
[OMPT][WIN100ms] ompt_id=3940649673949185 tid=85245  tipo=ompt_thread_worker     cpu=141 numa=0  d_rm=     295  d_instr=1456466933  d_cyc= 373548347  d_all= 9393901  IPC=3.899  ratio_rm=0.0000
[OMPT][WIN100ms] ompt_id=4222124650659841 tid=85246  tipo=ompt_thread_worker     cpu=239 numa=1  d_rm=     181  d_instr=1463220900  d_cyc= 372815975  d_all= 9435057  IPC=3.925  ratio_rm=0.0000
[OMPT][WIN100ms] ompt_id=4503599627370497 tid=85247  tipo=ompt_thread_worker     cpu=103 numa=1  d_rm=      87  d_instr=1462851079  d_cyc= 373259150  d_all= 9445363  IPC=3.919  ratio_rm=0.0000
[OMPT] implicit_task_end: parallel_id=0 thread_num=0
[OMPT] parallel_end: parallel_id=281474976710851
[OMPT] parallel_begin: parallel_id=281474976710853 team_size=16
[OMPT] implicit_task_end: parallel_id=0 thread_num=12
[OMPT] implicit_task_end: parallel_id=0 thread_num=14
[OMPT] implicit_task_end: parallel_id=0 thread_num=2
[OMPT] implicit_task_begin: parallel_id=281474976710853 thread_num=14 team_size=16
[OMPT] implicit_task_end: parallel_id=0 thread_num=1
[OMPT] implicit_task_end: parallel_id=0 thread_num=4
[OMPT] implicit_task_begin: parallel_id=281474976710853 thread_num=2 team_size=16
[OMPT] implicit_task_end: parallel_id=0 thread_num=5
[OMPT] implicit_task_end: parallel_id=0 thread_num=15
[OMPT] implicit_task_end: parallel_id=0 thread_num=13
[OMPT] implicit_task_begin: parallel_id=281474976710853 thread_num=12 team_size=16
[OMPT] implicit_task_begin: parallel_id=281474976710853 thread_num=15 team_size=16
[OMPT] implicit_task_begin: parallel_id=281474976710853 thread_num=0 team_size=16
[OMPT] implicit_task_begin: parallel_id=281474976710853 thread_num=13 team_size=16
[OMPT] implicit_task_end: parallel_id=0 thread_num=6
[OMPT] implicit_task_begin: parallel_id=281474976710853 thread_num=1 team_size=16
[OMPT] implicit_task_begin: parallel_id=281474976710853 thread_num=6 team_size=16
[OMPT] implicit_task_begin: parallel_id=281474976710853 thread_num=5 team_size=16
[OMPT] implicit_task_end: parallel_id=0 thread_num=3
[OMPT] implicit_task_end: parallel_id=0 thread_num=7
[OMPT] implicit_task_end: parallel_id=0 thread_num=8
[OMPT] implicit_task_end: parallel_id=0 thread_num=9
[OMPT] implicit_task_begin: parallel_id=281474976710853 thread_num=8 team_size=16
[OMPT] implicit_task_begin: parallel_id=281474976710853 thread_num=3 team_size=16
[OMPT] implicit_task_begin: parallel_id=281474976710853 thread_num=9 team_size=16
[OMPT] implicit_task_end: parallel_id=0 thread_num=10
[OMPT] implicit_task_end: parallel_id=0 thread_num=11
[OMPT] implicit_task_begin: parallel_id=281474976710853 thread_num=10 team_size=16
[OMPT] implicit_task_begin: parallel_id=281474976710853 thread_num=4 team_size=16
[OMPT] implicit_task_begin: parallel_id=281474976710853 thread_num=11 team_size=16
[OMPT] implicit_task_begin: parallel_id=281474976710853 thread_num=7 team_size=16
[OMPT][WIN100ms] ompt_id=281474976710657 tid=85231  tipo=ompt_thread_initial    cpu=  0 numa=0  d_rm=    3331  d_instr=1463719005  d_cyc= 373941045  d_all= 9467153  IPC=3.914  ratio_rm=0.0004
[OMPT][WIN100ms] ompt_id=562949953421313 tid=85233  tipo=ompt_thread_worker     cpu=169 numa=0  d_rm=     317  d_instr=1465364240  d_cyc= 373784258  d_all= 9460823  IPC=3.920  ratio_rm=0.0000
[OMPT][WIN100ms] ompt_id=844424930131969 tid=85234  tipo=ompt_thread_worker     cpu=120 numa=1  d_rm=     206  d_instr=1475211834  d_cyc= 373903456  d_all= 9528970  IPC=3.945  ratio_rm=0.0000
[OMPT][WIN100ms] ompt_id=1125899906842625 tid=85235  tipo=ompt_thread_worker     cpu= 32 numa=0  d_rm=     400  d_instr=1471458582  d_cyc= 373089007  d_all= 9496258  IPC=3.944  ratio_rm=0.0000
[OMPT][WIN100ms] ompt_id=1407374883553281 tid=85236  tipo=ompt_thread_worker     cpu=104 numa=1  d_rm=     183  d_instr=1455264823  d_cyc= 372039079  d_all= 9385962  IPC=3.912  ratio_rm=0.0000
[OMPT][WIN100ms] ompt_id=1688849860263937 tid=85237  tipo=ompt_thread_worker     cpu= 64 numa=1  d_rm=      83  d_instr=1463210830  d_cyc= 373297977  d_all= 9433592  IPC=3.920  ratio_rm=0.0000
[OMPT][WIN100ms] ompt_id=1970324836974593 tid=85238  tipo=ompt_thread_worker     cpu= 81 numa=1  d_rm=      81  d_instr=1468269887  d_cyc= 373608849  d_all= 9476928  IPC=3.930  ratio_rm=0.0000
[OMPT][WIN100ms] ompt_id=2251799813685249 tid=85239  tipo=ompt_thread_worker     cpu=247 numa=1  d_rm=      99  d_instr=1467091155  d_cyc= 373089854  d_all= 9469370  IPC=3.932  ratio_rm=0.0000
[OMPT][WIN100ms] ompt_id=2533274790395905 tid=85240  tipo=ompt_thread_worker     cpu= 16 numa=0  d_rm=     279  d_instr=1468087724  d_cyc= 373276079  d_all= 9475178  IPC=3.933  ratio_rm=0.0000
[OMPT][WIN100ms] ompt_id=2814749767106561 tid=85243  tipo=ompt_thread_worker     cpu= 48 numa=0  d_rm=     304  d_instr=1465003336  d_cyc= 373986580  d_all= 9465204  IPC=3.917  ratio_rm=0.0000
[OMPT][WIN100ms] ompt_id=3096224743817217 tid=85242  tipo=ompt_thread_worker     cpu= 56 numa=0  d_rm=     394  d_instr=1464991479  d_cyc= 374343124  d_all= 9466381  IPC=3.913  ratio_rm=0.0000
[OMPT][WIN100ms] ompt_id=3377699720527873 tid=85241  tipo=ompt_thread_worker     cpu= 79 numa=1  d_rm=     227  d_instr=1468933949  d_cyc= 374000177  d_all= 9475450  IPC=3.928  ratio_rm=0.0000
[OMPT][WIN100ms] ompt_id=3659174697238529 tid=85244  tipo=ompt_thread_worker     cpu= 95 numa=1  d_rm=     155  d_instr=1466808631  d_cyc= 373291422  d_all= 9456124  IPC=3.929  ratio_rm=0.0000
[OMPT][WIN100ms] ompt_id=3940649673949185 tid=85245  tipo=ompt_thread_worker     cpu=141 numa=0  d_rm=     282  d_instr=1469688181  d_cyc= 373888257  d_all= 9491445  IPC=3.931  ratio_rm=0.0000
[OMPT][WIN100ms] ompt_id=4222124650659841 tid=85246  tipo=ompt_thread_worker     cpu=239 numa=1  d_rm=     182  d_instr=1463061137  d_cyc= 373603188  d_all= 9439588  IPC=3.916  ratio_rm=0.0000
[OMPT][WIN100ms] ompt_id=4503599627370497 tid=85247  tipo=ompt_thread_worker     cpu=103 numa=1  d_rm=      92  d_instr=1463624290  d_cyc= 373601691  d_all= 9461909  IPC=3.918  ratio_rm=0.0000
[OMPT] implicit_task_end: parallel_id=0 thread_num=0
[OMPT] parallel_end: parallel_id=281474976710853
[OMPT] parallel_begin: parallel_id=281474976710855 team_size=16
[OMPT] implicit_task_end: parallel_id=0 thread_num=4
[OMPT] implicit_task_end: parallel_id=0 thread_num=7
[OMPT] implicit_task_end: parallel_id=0 thread_num=8
[OMPT] implicit_task_end: parallel_id=0 thread_num=9
[OMPT] implicit_task_begin: parallel_id=281474976710855 thread_num=0 team_size=16
[OMPT] implicit_task_begin: parallel_id=281474976710855 thread_num=7 team_size=16
[OMPT] implicit_task_end: parallel_id=0 thread_num=1
[OMPT] implicit_task_begin: parallel_id=281474976710855 thread_num=9 team_size=16
[OMPT] implicit_task_end: parallel_id=0 thread_num=2
[OMPT] implicit_task_begin: parallel_id=281474976710855 thread_num=1 team_size=16
[OMPT] implicit_task_end: parallel_id=0 thread_num=5
[OMPT] implicit_task_begin: parallel_id=281474976710855 thread_num=2 team_size=16
[OMPT] implicit_task_end: parallel_id=0 thread_num=6
[OMPT] implicit_task_begin: parallel_id=281474976710855 thread_num=4 team_size=16
[OMPT] implicit_task_begin: parallel_id=281474976710855 thread_num=6 team_size=16
[OMPT] implicit_task_end: parallel_id=0 thread_num=12
[OMPT] implicit_task_end: parallel_id=0 thread_num=15
[OMPT] implicit_task_begin: parallel_id=281474976710855 thread_num=12 team_size=16
[OMPT] implicit_task_end: parallel_id=0 thread_num=11
[OMPT] implicit_task_begin: parallel_id=281474976710855 thread_num=15 team_size=16
[OMPT] implicit_task_begin: parallel_id=281474976710855 thread_num=8 team_size=16
[OMPT] implicit_task_begin: parallel_id=281474976710855 thread_num=11 team_size=16
[OMPT] implicit_task_begin: parallel_id=281474976710855 thread_num=5 team_size=16
[OMPT] implicit_task_end: parallel_id=0 thread_num=14
[OMPT] implicit_task_begin: parallel_id=281474976710855 thread_num=14 team_size=16
[OMPT] implicit_task_end: parallel_id=0 thread_num=13
[OMPT] implicit_task_end: parallel_id=0 thread_num=10
[OMPT] implicit_task_end: parallel_id=0 thread_num=3
[OMPT] implicit_task_begin: parallel_id=281474976710855 thread_num=10 team_size=16
[OMPT] implicit_task_begin: parallel_id=281474976710855 thread_num=13 team_size=16
[OMPT] implicit_task_begin: parallel_id=281474976710855 thread_num=3 team_size=16
[OMPT][WIN100ms] ompt_id=281474976710657 tid=85231  tipo=ompt_thread_initial    cpu=  0 numa=0  d_rm=    3272  d_instr=1464436896  d_cyc= 374412676  d_all= 9472136  IPC=3.911  ratio_rm=0.0003
[OMPT][WIN100ms] ompt_id=562949953421313 tid=85233  tipo=ompt_thread_worker     cpu=169 numa=0  d_rm=     283  d_instr=1483332456  d_cyc= 376523480  d_all= 9573358  IPC=3.940  ratio_rm=0.0000
[OMPT][WIN100ms] ompt_id=844424930131969 tid=85234  tipo=ompt_thread_worker     cpu=120 numa=1  d_rm=     158  d_instr=1475490358  d_cyc= 375594434  d_all= 9521878  IPC=3.928  ratio_rm=0.0000
[OMPT][WIN100ms] ompt_id=1125899906842625 tid=85235  tipo=ompt_thread_worker     cpu= 32 numa=0  d_rm=     385  d_instr=1476294594  d_cyc= 375258276  d_all= 9525858  IPC=3.934  ratio_rm=0.0000
[OMPT][WIN100ms] ompt_id=1407374883553281 tid=85236  tipo=ompt_thread_worker     cpu=104 numa=1  d_rm=     163  d_instr=1483201900  d_cyc= 375796654  d_all= 9584006  IPC=3.947  ratio_rm=0.0000
[OMPT][WIN100ms] ompt_id=1688849860263937 tid=85237  tipo=ompt_thread_worker     cpu= 64 numa=1  d_rm=      97  d_instr=1476604802  d_cyc= 375579024  d_all= 9528440  IPC=3.932  ratio_rm=0.0000
[OMPT][WIN100ms] ompt_id=1970324836974593 tid=85238  tipo=ompt_thread_worker     cpu= 81 numa=1  d_rm=      80  d_instr=1477269943  d_cyc= 375448413  d_all= 9532660  IPC=3.935  ratio_rm=0.0000
[OMPT][WIN100ms] ompt_id=2251799813685249 tid=85239  tipo=ompt_thread_worker     cpu=247 numa=1  d_rm=     103  d_instr=1479653007  d_cyc= 376257189  d_all= 9550588  IPC=3.933  ratio_rm=0.0000
[OMPT][WIN100ms] ompt_id=2533274790395905 tid=85240  tipo=ompt_thread_worker     cpu= 16 numa=0  d_rm=     257  d_instr=1468327879  d_cyc= 375731630  d_all= 9476020  IPC=3.908  ratio_rm=0.0000
[OMPT][WIN100ms] ompt_id=2814749767106561 tid=85243  tipo=ompt_thread_worker     cpu= 48 numa=0  d_rm=     265  d_instr=1479424486  d_cyc= 376205110  d_all= 9569725  IPC=3.932  ratio_rm=0.0000
[OMPT][WIN100ms] ompt_id=3096224743817217 tid=85242  tipo=ompt_thread_worker     cpu= 56 numa=0  d_rm=     346  d_instr=1484032685  d_cyc= 375619448  d_all= 9589092  IPC=3.951  ratio_rm=0.0000
[OMPT][WIN100ms] ompt_id=3377699720527873 tid=85241  tipo=ompt_thread_worker     cpu= 79 numa=1  d_rm=     247  d_instr=1470665115  d_cyc= 376424950  d_all= 9490298  IPC=3.907  ratio_rm=0.0000
[OMPT][WIN100ms] ompt_id=3659174697238529 tid=85244  tipo=ompt_thread_worker     cpu= 95 numa=1  d_rm=     163  d_instr=1475661106  d_cyc= 375495357  d_all= 9532477  IPC=3.930  ratio_rm=0.0000
[OMPT][WIN100ms] ompt_id=3940649673949185 tid=85245  tipo=ompt_thread_worker     cpu=141 numa=0  d_rm=     285  d_instr=1467337312  d_cyc= 375922863  d_all= 9482164  IPC=3.903  ratio_rm=0.0000
[OMPT][WIN100ms] ompt_id=4222124650659841 tid=85246  tipo=ompt_thread_worker     cpu=239 numa=1  d_rm=     168  d_instr=1477750003  d_cyc= 375864320  d_all= 9557367  IPC=3.932  ratio_rm=0.0000
[OMPT][WIN100ms] ompt_id=4503599627370497 tid=85247  tipo=ompt_thread_worker     cpu=103 numa=1  d_rm=     103  d_instr=1480976440  d_cyc= 376201694  d_all= 9573926  IPC=3.937  ratio_rm=0.0000
[OMPT] implicit_task_end: parallel_id=0 thread_num=0
[OMPT] parallel_end: parallel_id=281474976710855
[OMPT] parallel_begin: parallel_id=281474976710857 team_size=16
[OMPT] implicit_task_end: parallel_id=0 thread_num=12
[OMPT] implicit_task_end: parallel_id=0 thread_num=14
[OMPT] implicit_task_end: parallel_id=0 thread_num=8
[OMPT] implicit_task_end: parallel_id=0 thread_num=9
[OMPT] implicit_task_begin: parallel_id=281474976710857 thread_num=0 team_size=16
[OMPT] implicit_task_begin: parallel_id=281474976710857 thread_num=14 team_size=16
[OMPT] implicit_task_begin: parallel_id=281474976710857 thread_num=8 team_size=16
[OMPT] implicit_task_end: parallel_id=0 thread_num=2
[OMPT] implicit_task_end: parallel_id=0 thread_num=15
[OMPT] implicit_task_begin: parallel_id=281474976710857 thread_num=12 team_size=16
[OMPT] implicit_task_end: parallel_id=0 thread_num=10
[OMPT] implicit_task_end: parallel_id=0 thread_num=11
[OMPT] implicit_task_begin: parallel_id=281474976710857 thread_num=10 team_size=16
[OMPT] implicit_task_end: parallel_id=0 thread_num=4
[OMPT] implicit_task_end: parallel_id=0 thread_num=6
[OMPT] implicit_task_end: parallel_id=0 thread_num=3
[OMPT] implicit_task_begin: parallel_id=281474976710857 thread_num=6 team_size=16
[OMPT] implicit_task_begin: parallel_id=281474976710857 thread_num=9 team_size=16
[OMPT] implicit_task_begin: parallel_id=281474976710857 thread_num=3 team_size=16
[OMPT] implicit_task_end: parallel_id=0 thread_num=13
[OMPT] implicit_task_begin: parallel_id=281474976710857 thread_num=2 team_size=16
[OMPT] implicit_task_begin: parallel_id=281474976710857 thread_num=15 team_size=16
[OMPT] implicit_task_end: parallel_id=0 thread_num=5
[OMPT] implicit_task_end: parallel_id=0 thread_num=7
[OMPT] implicit_task_begin: parallel_id=281474976710857 thread_num=11 team_size=16
[OMPT] implicit_task_end: parallel_id=0 thread_num=1
[OMPT] implicit_task_begin: parallel_id=281474976710857 thread_num=7 team_size=16
[OMPT] implicit_task_begin: parallel_id=281474976710857 thread_num=4 team_size=16
[OMPT] implicit_task_begin: parallel_id=281474976710857 thread_num=1 team_size=16
[OMPT] implicit_task_begin: parallel_id=281474976710857 thread_num=13 team_size=16
[OMPT] implicit_task_begin: parallel_id=281474976710857 thread_num=5 team_size=16
[OMPT] implicit_task_end: parallel_id=0 thread_num=0
[OMPT] parallel_end: parallel_id=281474976710857
[OMPT] parallel_begin: parallel_id=281474976710859 team_size=16
[OMPT] implicit_task_end: parallel_id=0 thread_num=12
[OMPT] implicit_task_end: parallel_id=0 thread_num=14
[OMPT] implicit_task_end: parallel_id=0 thread_num=4
[OMPT] implicit_task_end: parallel_id=0 thread_num=7
[OMPT] implicit_task_begin: parallel_id=281474976710859 thread_num=0 team_size=16
[OMPT] implicit_task_end: parallel_id=0 thread_num=3
[OMPT] implicit_task_end: parallel_id=0 thread_num=2
[OMPT] implicit_task_end: parallel_id=0 thread_num=15
[OMPT] implicit_task_begin: parallel_id=281474976710859 thread_num=2 team_size=16
[OMPT] implicit_task_end: parallel_id=0 thread_num=13
[OMPT] implicit_task_begin: parallel_id=281474976710859 thread_num=15 team_size=16
[OMPT] implicit_task_begin: parallel_id=281474976710859 thread_num=13 team_size=16
[OMPT] implicit_task_begin: parallel_id=281474976710859 thread_num=12 team_size=16
[OMPT] implicit_task_end: parallel_id=0 thread_num=1
[OMPT] implicit_task_begin: parallel_id=281474976710859 thread_num=14 team_size=16
[OMPT] implicit_task_begin: parallel_id=281474976710859 thread_num=1 team_size=16
[OMPT] implicit_task_end: parallel_id=0 thread_num=5
[OMPT] implicit_task_end: parallel_id=0 thread_num=6
[OMPT] implicit_task_begin: parallel_id=281474976710859 thread_num=4 team_size=16
[OMPT] implicit_task_end: parallel_id=0 thread_num=8
[OMPT] implicit_task_end: parallel_id=0 thread_num=9
[OMPT] implicit_task_begin: parallel_id=281474976710859 thread_num=3 team_size=16
[OMPT] implicit_task_begin: parallel_id=281474976710859 thread_num=5 team_size=16
[OMPT] implicit_task_begin: parallel_id=281474976710859 thread_num=6 team_size=16
[OMPT] implicit_task_end: parallel_id=0 thread_num=11
[OMPT] implicit_task_end: parallel_id=0 thread_num=10
[OMPT] implicit_task_begin: parallel_id=281474976710859 thread_num=8 team_size=16
[OMPT] implicit_task_begin: parallel_id=281474976710859 thread_num=7 team_size=16
[OMPT] implicit_task_begin: parallel_id=281474976710859 thread_num=10 team_size=16
[OMPT] implicit_task_begin: parallel_id=281474976710859 thread_num=9 team_size=16
[OMPT] implicit_task_begin: parallel_id=281474976710859 thread_num=11 team_size=16
[OMPT][WIN100ms] ompt_id=281474976710657 tid=85231  tipo=ompt_thread_initial    cpu=  0 numa=0  d_rm=    3310  d_instr=1469972048  d_cyc= 376127718  d_all= 9508078  IPC=3.908  ratio_rm=0.0003
[OMPT][WIN100ms] ompt_id=562949953421313 tid=85233  tipo=ompt_thread_worker     cpu=169 numa=0  d_rm=     627  d_instr=1444454364  d_cyc= 371885729  d_all= 9305671  IPC=3.884  ratio_rm=0.0001
[OMPT][WIN100ms] ompt_id=844424930131969 tid=85234  tipo=ompt_thread_worker     cpu=120 numa=1  d_rm=     291  d_instr=1452025981  d_cyc= 372216324  d_all= 9356876  IPC=3.901  ratio_rm=0.0000
[OMPT][WIN100ms] ompt_id=1125899906842625 tid=85235  tipo=ompt_thread_worker     cpu= 32 numa=0  d_rm=     778  d_instr=1446811298  d_cyc= 371720284  d_all= 9314630  IPC=3.892  ratio_rm=0.0001
[OMPT][WIN100ms] ompt_id=1407374883553281 tid=85236  tipo=ompt_thread_worker     cpu=104 numa=1  d_rm=     222  d_instr=1449412302  d_cyc= 370991409  d_all= 9332271  IPC=3.907  ratio_rm=0.0000
[OMPT][WIN100ms] ompt_id=1688849860263937 tid=85237  tipo=ompt_thread_worker     cpu= 64 numa=1  d_rm=     156  d_instr=1450919777  d_cyc= 371900273  d_all= 9342858  IPC=3.901  ratio_rm=0.0000
[OMPT][WIN100ms] ompt_id=1970324836974593 tid=85238  tipo=ompt_thread_worker     cpu= 81 numa=1  d_rm=     161  d_instr=1449409942  d_cyc= 371720285  d_all= 9329893  IPC=3.899  ratio_rm=0.0000
[OMPT][WIN100ms] ompt_id=2251799813685249 tid=85239  tipo=ompt_thread_worker     cpu=247 numa=1  d_rm=     204  d_instr=1446542064  d_cyc= 371382761  d_all= 9308189  IPC=3.895  ratio_rm=0.0000
[OMPT][WIN100ms] ompt_id=2533274790395905 tid=85240  tipo=ompt_thread_worker     cpu= 16 numa=0  d_rm=     643  d_instr=1455192213  d_cyc= 372090719  d_all= 9380857  IPC=3.911  ratio_rm=0.0001
[OMPT][WIN100ms] ompt_id=2814749767106561 tid=85243  tipo=ompt_thread_worker     cpu= 48 numa=0  d_rm=     584  d_instr=1448271496  d_cyc= 372581690  d_all= 9365334  IPC=3.887  ratio_rm=0.0001
[OMPT][WIN100ms] ompt_id=3096224743817217 tid=85242  tipo=ompt_thread_worker     cpu= 56 numa=0  d_rm=     754  d_instr=1446091821  d_cyc= 372843691  d_all= 9329979  IPC=3.879  ratio_rm=0.0001
[OMPT][WIN100ms] ompt_id=3377699720527873 tid=85241  tipo=ompt_thread_worker     cpu= 79 numa=1  d_rm=     476  d_instr=1451487669  d_cyc= 372693469  d_all= 9351702  IPC=3.895  ratio_rm=0.0001
[OMPT][WIN100ms] ompt_id=3659174697238529 tid=85244  tipo=ompt_thread_worker     cpu= 95 numa=1  d_rm=     323  d_instr=1448676064  d_cyc= 372339388  d_all= 9329720  IPC=3.891  ratio_rm=0.0000
[OMPT][WIN100ms] ompt_id=3940649673949185 tid=85245  tipo=ompt_thread_worker     cpu=141 numa=0  d_rm=     620  d_instr=1455468970  d_cyc= 372314169  d_all= 9414918  IPC=3.909  ratio_rm=0.0001
[OMPT][WIN100ms] ompt_id=4222124650659841 tid=85246  tipo=ompt_thread_worker     cpu=239 numa=1  d_rm=     344  d_instr=1450129063  d_cyc= 372589108  d_all= 9348408  IPC=3.892  ratio_rm=0.0000
[OMPT][WIN100ms] ompt_id=4503599627370497 tid=85247  tipo=ompt_thread_worker     cpu=103 numa=1  d_rm=     174  d_instr=1447367956  d_cyc= 372007951  d_all= 9345392  IPC=3.891  ratio_rm=0.0000
[OMPT] implicit_task_end: parallel_id=0 thread_num=0
[OMPT] parallel_end: parallel_id=281474976710859
[OMPT] parallel_begin: parallel_id=281474976710861 team_size=16
[OMPT] implicit_task_end: parallel_id=0 thread_num=4
[OMPT] implicit_task_end: parallel_id=0 thread_num=7
[OMPT] implicit_task_begin: parallel_id=281474976710861 thread_num=4 team_size=16
[OMPT] implicit_task_end: parallel_id=0 thread_num=8
[OMPT] implicit_task_begin: parallel_id=281474976710861 thread_num=0 team_size=16
[OMPT] implicit_task_end: parallel_id=0 thread_num=11
[OMPT] implicit_task_begin: parallel_id=281474976710861 thread_num=8 team_size=16
[OMPT] implicit_task_end: parallel_id=0 thread_num=2
[OMPT] implicit_task_end: parallel_id=0 thread_num=5
[OMPT] implicit_task_begin: parallel_id=281474976710861 thread_num=2 team_size=16
[OMPT] implicit_task_end: parallel_id=0 thread_num=6
[OMPT] implicit_task_end: parallel_id=0 thread_num=10
[OMPT] implicit_task_end: parallel_id=0 thread_num=9
[OMPT] implicit_task_begin: parallel_id=281474976710861 thread_num=7 team_size=16
[OMPT] implicit_task_begin: parallel_id=281474976710861 thread_num=9 team_size=16
[OMPT] implicit_task_end: parallel_id=0 thread_num=1
[OMPT] implicit_task_end: parallel_id=0 thread_num=3
[OMPT] implicit_task_end: parallel_id=0 thread_num=12
[OMPT] implicit_task_end: parallel_id=0 thread_num=14
[OMPT] implicit_task_begin: parallel_id=281474976710861 thread_num=11 team_size=16
[OMPT] implicit_task_begin: parallel_id=281474976710861 thread_num=5 team_size=16
[OMPT] implicit_task_begin: parallel_id=281474976710861 thread_num=6 team_size=16
[OMPT] implicit_task_begin: parallel_id=281474976710861 thread_num=12 team_size=16
[OMPT] implicit_task_begin: parallel_id=281474976710861 thread_num=10 team_size=16
[OMPT] implicit_task_begin: parallel_id=281474976710861 thread_num=14 team_size=16
[OMPT] implicit_task_begin: parallel_id=281474976710861 thread_num=3 team_size=16
[OMPT] implicit_task_end: parallel_id=0 thread_num=13
[OMPT] implicit_task_end: parallel_id=0 thread_num=15
[OMPT] implicit_task_begin: parallel_id=281474976710861 thread_num=1 team_size=16
[OMPT] implicit_task_begin: parallel_id=281474976710861 thread_num=13 team_size=16
[OMPT] implicit_task_begin: parallel_id=281474976710861 thread_num=15 team_size=16
[OMPT][WIN100ms] ompt_id=281474976710657 tid=85231  tipo=ompt_thread_initial    cpu=  0 numa=0  d_rm=    3085  d_instr=1456739131  d_cyc= 374093694  d_all= 9422905  IPC=3.894  ratio_rm=0.0003
[OMPT][WIN100ms] ompt_id=562949953421313 tid=85233  tipo=ompt_thread_worker     cpu=169 numa=0  d_rm=     250  d_instr=1460254473  d_cyc= 373102888  d_all= 9423215  IPC=3.914  ratio_rm=0.0000
[OMPT][WIN100ms] ompt_id=844424930131969 tid=85234  tipo=ompt_thread_worker     cpu=120 numa=1  d_rm=     277  d_instr=1464860415  d_cyc= 373584749  d_all= 9453721  IPC=3.921  ratio_rm=0.0000
[OMPT][WIN100ms] ompt_id=1125899906842625 tid=85235  tipo=ompt_thread_worker     cpu= 32 numa=0  d_rm=     319  d_instr=1466107558  d_cyc= 373194049  d_all= 9466439  IPC=3.929  ratio_rm=0.0000
[OMPT][WIN100ms] ompt_id=1407374883553281 tid=85236  tipo=ompt_thread_worker     cpu=104 numa=1  d_rm=     148  d_instr=1470249763  d_cyc= 373763545  d_all= 9484078  IPC=3.934  ratio_rm=0.0000
[OMPT][WIN100ms] ompt_id=1688849860263937 tid=85237  tipo=ompt_thread_worker     cpu= 64 numa=1  d_rm=      85  d_instr=1464972567  d_cyc= 373157150  d_all= 9446503  IPC=3.926  ratio_rm=0.0000
[OMPT][WIN100ms] ompt_id=1970324836974593 tid=85238  tipo=ompt_thread_worker     cpu= 81 numa=1  d_rm=      86  d_instr=1464572936  d_cyc= 372728144  d_all= 9452630  IPC=3.929  ratio_rm=0.0000
[OMPT][WIN100ms] ompt_id=2251799813685249 tid=85239  tipo=ompt_thread_worker     cpu=247 numa=1  d_rm=     100  d_instr=1468342647  d_cyc= 373273739  d_all= 9479577  IPC=3.934  ratio_rm=0.0000
[OMPT][WIN100ms] ompt_id=2533274790395905 tid=85240  tipo=ompt_thread_worker     cpu= 16 numa=0  d_rm=     268  d_instr=1469434990  d_cyc= 373818651  d_all= 9494541  IPC=3.931  ratio_rm=0.0000
[OMPT][WIN100ms] ompt_id=2814749767106561 tid=85243  tipo=ompt_thread_worker     cpu= 48 numa=0  d_rm=     261  d_instr=1466166417  d_cyc= 373735549  d_all= 9487644  IPC=3.923  ratio_rm=0.0000
[OMPT][WIN100ms] ompt_id=3096224743817217 tid=85242  tipo=ompt_thread_worker     cpu= 56 numa=0  d_rm=     348  d_instr=1469293422  d_cyc= 373594502  d_all= 9500027  IPC=3.933  ratio_rm=0.0000
[OMPT][WIN100ms] ompt_id=3377699720527873 tid=85241  tipo=ompt_thread_worker     cpu= 79 numa=1  d_rm=     302  d_instr=1466167862  d_cyc= 373507502  d_all= 9485726  IPC=3.925  ratio_rm=0.0000
[OMPT][WIN100ms] ompt_id=3659174697238529 tid=85244  tipo=ompt_thread_worker     cpu= 95 numa=1  d_rm=     161  d_instr=1460854589  d_cyc= 372936706  d_all= 9446547  IPC=3.917  ratio_rm=0.0000
[OMPT][WIN100ms] ompt_id=3940649673949185 tid=85245  tipo=ompt_thread_worker     cpu=141 numa=0  d_rm=     248  d_instr=1460995567  d_cyc= 373921827  d_all= 9452103  IPC=3.907  ratio_rm=0.0000
[OMPT][WIN100ms] ompt_id=4222124650659841 tid=85246  tipo=ompt_thread_worker     cpu=239 numa=1  d_rm=     159  d_instr=1464688678  d_cyc= 373690741  d_all= 9467457  IPC=3.920  ratio_rm=0.0000
[OMPT][WIN100ms] ompt_id=4503599627370497 tid=85247  tipo=ompt_thread_worker     cpu=103 numa=1  d_rm=      86  d_instr=1462019725  d_cyc= 373650884  d_all= 9456250  IPC=3.913  ratio_rm=0.0000
[OMPT] implicit_task_end: parallel_id=0 thread_num=0
[OMPT] parallel_end: parallel_id=281474976710861
[OMPT] parallel_begin: parallel_id=281474976710863 team_size=16
[OMPT] implicit_task_end: parallel_id=0 thread_num=8
[OMPT] implicit_task_end: parallel_id=0 thread_num=11
[OMPT] implicit_task_end: parallel_id=0 thread_num=12
[OMPT] implicit_task_end: parallel_id=0 thread_num=4
[OMPT] implicit_task_end: parallel_id=0 thread_num=3
[OMPT] implicit_task_end: parallel_id=0 thread_num=2
[OMPT] implicit_task_end: parallel_id=0 thread_num=1
[OMPT] implicit_task_begin: parallel_id=281474976710863 thread_num=0 team_size=16
[OMPT] implicit_task_end: parallel_id=0 thread_num=10
[OMPT] implicit_task_begin: parallel_id=281474976710863 thread_num=2 team_size=16
[OMPT] implicit_task_begin: parallel_id=281474976710863 thread_num=8 team_size=16
[OMPT] implicit_task_end: parallel_id=0 thread_num=14
[OMPT] implicit_task_begin: parallel_id=281474976710863 thread_num=3 team_size=16
[OMPT] implicit_task_end: parallel_id=0 thread_num=15
[OMPT] implicit_task_begin: parallel_id=281474976710863 thread_num=1 team_size=16
[OMPT] implicit_task_end: parallel_id=0 thread_num=13
[OMPT] implicit_task_begin: parallel_id=281474976710863 thread_num=15 team_size=16
[OMPT] implicit_task_begin: parallel_id=281474976710863 thread_num=11 team_size=16
[OMPT] implicit_task_end: parallel_id=0 thread_num=5
[OMPT] implicit_task_end: parallel_id=0 thread_num=7
[OMPT] implicit_task_end: parallel_id=0 thread_num=6
[OMPT] implicit_task_begin: parallel_id=281474976710863 thread_num=7 team_size=16
[OMPT] implicit_task_begin: parallel_id=281474976710863 thread_num=12 team_size=16
[OMPT] implicit_task_begin: parallel_id=281474976710863 thread_num=4 team_size=16
[OMPT] implicit_task_begin: parallel_id=281474976710863 thread_num=6 team_size=16
[OMPT] implicit_task_end: parallel_id=0 thread_num=9
[OMPT] implicit_task_begin: parallel_id=281474976710863 thread_num=10 team_size=16
[OMPT] implicit_task_begin: parallel_id=281474976710863 thread_num=9 team_size=16
[OMPT] implicit_task_begin: parallel_id=281474976710863 thread_num=13 team_size=16
[OMPT] implicit_task_begin: parallel_id=281474976710863 thread_num=5 team_size=16
[OMPT] implicit_task_begin: parallel_id=281474976710863 thread_num=14 team_size=16
[OMPT][WIN100ms] ompt_id=281474976710657 tid=85231  tipo=ompt_thread_initial    cpu=  0 numa=0  d_rm=    3092  d_instr=1458312901  d_cyc= 373759088  d_all= 9432741  IPC=3.902  ratio_rm=0.0003
[OMPT][WIN100ms] ompt_id=562949953421313 tid=85233  tipo=ompt_thread_worker     cpu=169 numa=0  d_rm=     321  d_instr=1471769439  d_cyc= 374238134  d_all= 9502864  IPC=3.933  ratio_rm=0.0000
[OMPT][WIN100ms] ompt_id=844424930131969 tid=85234  tipo=ompt_thread_worker     cpu=120 numa=1  d_rm=     198  d_instr=1464831034  d_cyc= 373656725  d_all= 9448699  IPC=3.920  ratio_rm=0.0000
[OMPT][WIN100ms] ompt_id=1125899906842625 tid=85235  tipo=ompt_thread_worker     cpu= 32 numa=0  d_rm=     380  d_instr=1470478390  d_cyc= 373920111  d_all= 9483279  IPC=3.933  ratio_rm=0.0000
[OMPT][WIN100ms] ompt_id=1407374883553281 tid=85236  tipo=ompt_thread_worker     cpu=104 numa=1  d_rm=     166  d_instr=1460288268  d_cyc= 372778011  d_all= 9420537  IPC=3.917  ratio_rm=0.0000
[OMPT][WIN100ms] ompt_id=1688849860263937 tid=85237  tipo=ompt_thread_worker     cpu= 64 numa=1  d_rm=      79  d_instr=1464274341  d_cyc= 372955834  d_all= 9460921  IPC=3.926  ratio_rm=0.0000
[OMPT][WIN100ms] ompt_id=1970324836974593 tid=85238  tipo=ompt_thread_worker     cpu= 81 numa=1  d_rm=     104  d_instr=1464714665  d_cyc= 373022166  d_all= 9462669  IPC=3.927  ratio_rm=0.0000
[OMPT][WIN100ms] ompt_id=2251799813685249 tid=85239  tipo=ompt_thread_worker     cpu=247 numa=1  d_rm=     103  d_instr=1463260038  d_cyc= 373210914  d_all= 9443041  IPC=3.921  ratio_rm=0.0000
[OMPT][WIN100ms] ompt_id=2533274790395905 tid=85240  tipo=ompt_thread_worker     cpu= 16 numa=0  d_rm=     339  d_instr=1465157728  d_cyc= 373711457  d_all= 9461802  IPC=3.921  ratio_rm=0.0000
[OMPT][WIN100ms] ompt_id=2814749767106561 tid=85243  tipo=ompt_thread_worker     cpu= 48 numa=0  d_rm=     328  d_instr=1464509536  d_cyc= 373536880  d_all= 9485795  IPC=3.921  ratio_rm=0.0000
[OMPT][WIN100ms] ompt_id=3096224743817217 tid=85242  tipo=ompt_thread_worker     cpu= 56 numa=0  d_rm=     397  d_instr=1460934643  d_cyc= 372798026  d_all= 9449631  IPC=3.919  ratio_rm=0.0000
[OMPT][WIN100ms] ompt_id=3377699720527873 tid=85241  tipo=ompt_thread_worker     cpu= 79 numa=1  d_rm=     219  d_instr=1460473953  d_cyc= 372179608  d_all= 9450827  IPC=3.924  ratio_rm=0.0000
[OMPT][WIN100ms] ompt_id=3659174697238529 tid=85244  tipo=ompt_thread_worker     cpu= 95 numa=1  d_rm=     179  d_instr=1466052273  d_cyc= 373053775  d_all= 9482138  IPC=3.930  ratio_rm=0.0000
[OMPT][WIN100ms] ompt_id=3940649673949185 tid=85245  tipo=ompt_thread_worker     cpu=141 numa=0  d_rm=     320  d_instr=1464401036  d_cyc= 373158696  d_all= 9477099  IPC=3.924  ratio_rm=0.0000
[OMPT][WIN100ms] ompt_id=4222124650659841 tid=85246  tipo=ompt_thread_worker     cpu=239 numa=1  d_rm=     181  d_instr=1461397760  d_cyc= 372677820  d_all= 9446403  IPC=3.921  ratio_rm=0.0000
[OMPT][WIN100ms] ompt_id=4503599627370497 tid=85247  tipo=ompt_thread_worker     cpu=103 numa=1  d_rm=      90  d_instr=1468520661  d_cyc= 373319045  d_all= 9494571  IPC=3.934  ratio_rm=0.0000
[OMPT] implicit_task_end: parallel_id=0 thread_num=0
[OMPT] parallel_end: parallel_id=281474976710863
[OMPT] parallel_begin: parallel_id=281474976710865 team_size=16
[OMPT] implicit_task_end: parallel_id=0 thread_num=4
[OMPT] implicit_task_end: parallel_id=0 thread_num=7
[OMPT] implicit_task_begin: parallel_id=281474976710865 thread_num=4 team_size=16
[OMPT] implicit_task_end: parallel_id=0 thread_num=2
[OMPT] implicit_task_begin: parallel_id=281474976710865 thread_num=7 team_size=16
[OMPT] implicit_task_end: parallel_id=0 thread_num=3
[OMPT] implicit_task_begin: parallel_id=281474976710865 thread_num=2 team_size=16
[OMPT] implicit_task_end: parallel_id=0 thread_num=8
[OMPT] implicit_task_end: parallel_id=0 thread_num=10
[OMPT] implicit_task_end: parallel_id=0 thread_num=12
[OMPT] implicit_task_end: parallel_id=0 thread_num=6
[OMPT] implicit_task_end: parallel_id=0 thread_num=5
[OMPT] implicit_task_begin: parallel_id=281474976710865 thread_num=12 team_size=16
[OMPT] implicit_task_end: parallel_id=0 thread_num=1
[OMPT] implicit_task_begin: parallel_id=281474976710865 thread_num=3 team_size=16
[OMPT] implicit_task_begin: parallel_id=281474976710865 thread_num=1 team_size=16
[OMPT] implicit_task_end: parallel_id=0 thread_num=11
[OMPT] implicit_task_begin: parallel_id=281474976710865 thread_num=8 team_size=16
[OMPT] implicit_task_begin: parallel_id=281474976710865 thread_num=11 team_size=16
[OMPT] implicit_task_end: parallel_id=0 thread_num=14
[OMPT] implicit_task_begin: parallel_id=281474976710865 thread_num=14 team_size=16
[OMPT] implicit_task_end: parallel_id=0 thread_num=13
[OMPT] implicit_task_begin: parallel_id=281474976710865 thread_num=13 team_size=16
[OMPT] implicit_task_end: parallel_id=0 thread_num=15
[OMPT] implicit_task_begin: parallel_id=281474976710865 thread_num=10 team_size=16
[OMPT] implicit_task_begin: parallel_id=281474976710865 thread_num=0 team_size=16
[OMPT] implicit_task_begin: parallel_id=281474976710865 thread_num=6 team_size=16
[OMPT] implicit_task_begin: parallel_id=281474976710865 thread_num=5 team_size=16
[OMPT] implicit_task_end: parallel_id=0 thread_num=9
[OMPT] implicit_task_begin: parallel_id=281474976710865 thread_num=15 team_size=16
[OMPT] implicit_task_begin: parallel_id=281474976710865 thread_num=9 team_size=16
[OMPT][WIN100ms] ompt_id=281474976710657 tid=85231  tipo=ompt_thread_initial    cpu=  0 numa=0  d_rm=    3049  d_instr=1452770420  d_cyc= 372802816  d_all= 9397612  IPC=3.897  ratio_rm=0.0003
[OMPT][WIN100ms] ompt_id=562949953421313 tid=85233  tipo=ompt_thread_worker     cpu=169 numa=0  d_rm=     294  d_instr=1459669917  d_cyc= 373476541  d_all= 9432150  IPC=3.908  ratio_rm=0.0000
[OMPT][WIN100ms] ompt_id=844424930131969 tid=85234  tipo=ompt_thread_worker     cpu=120 numa=1  d_rm=     149  d_instr=1468369563  d_cyc= 373461354  d_all= 9486857  IPC=3.932  ratio_rm=0.0000
[OMPT][WIN100ms] ompt_id=1125899906842625 tid=85235  tipo=ompt_thread_worker     cpu= 32 numa=0  d_rm=     379  d_instr=1462788395  d_cyc= 373274895  d_all= 9448605  IPC=3.919  ratio_rm=0.0000
[OMPT][WIN100ms] ompt_id=1407374883553281 tid=85236  tipo=ompt_thread_worker     cpu=104 numa=1  d_rm=     136  d_instr=1469997328  d_cyc= 373709963  d_all= 9496119  IPC=3.934  ratio_rm=0.0000
[OMPT][WIN100ms] ompt_id=1688849860263937 tid=85237  tipo=ompt_thread_worker     cpu= 64 numa=1  d_rm=      92  d_instr=1464198124  d_cyc= 372233287  d_all= 9461024  IPC=3.934  ratio_rm=0.0000
[OMPT][WIN100ms] ompt_id=1970324836974593 tid=85238  tipo=ompt_thread_worker     cpu= 81 numa=1  d_rm=      92  d_instr=1460158015  d_cyc= 372454044  d_all= 9439862  IPC=3.920  ratio_rm=0.0000
[OMPT][WIN100ms] ompt_id=2251799813685249 tid=85239  tipo=ompt_thread_worker     cpu=247 numa=1  d_rm=      80  d_instr=1469213634  d_cyc= 373981690  d_all= 9500020  IPC=3.929  ratio_rm=0.0000
[OMPT][WIN100ms] ompt_id=2533274790395905 tid=85240  tipo=ompt_thread_worker     cpu= 16 numa=0  d_rm=     398  d_instr=1462925964  d_cyc= 373169803  d_all= 9455824  IPC=3.920  ratio_rm=0.0000
[OMPT][WIN100ms] ompt_id=2814749767106561 tid=85243  tipo=ompt_thread_worker     cpu= 48 numa=0  d_rm=     311  d_instr=1464169164  d_cyc= 373858889  d_all= 9478068  IPC=3.916  ratio_rm=0.0000
[OMPT][WIN100ms] ompt_id=3096224743817217 tid=85242  tipo=ompt_thread_worker     cpu= 56 numa=0  d_rm=     402  d_instr=1461824390  d_cyc= 373622873  d_all= 9463833  IPC=3.913  ratio_rm=0.0000
[OMPT][WIN100ms] ompt_id=3377699720527873 tid=85241  tipo=ompt_thread_worker     cpu= 79 numa=1  d_rm=     212  d_instr=1462634277  d_cyc= 372854950  d_all= 9451925  IPC=3.923  ratio_rm=0.0000
[OMPT][WIN100ms] ompt_id=3659174697238529 tid=85244  tipo=ompt_thread_worker     cpu= 95 numa=1  d_rm=     163  d_instr=1460206783  d_cyc= 372931091  d_all= 9442468  IPC=3.915  ratio_rm=0.0000
[OMPT][WIN100ms] ompt_id=3940649673949185 tid=85245  tipo=ompt_thread_worker     cpu=141 numa=0  d_rm=     286  d_instr=1460521201  d_cyc= 373512212  d_all= 9437668  IPC=3.910  ratio_rm=0.0000
[OMPT][WIN100ms] ompt_id=4222124650659841 tid=85246  tipo=ompt_thread_worker     cpu=239 numa=1  d_rm=     126  d_instr=1463010269  d_cyc= 373343089  d_all= 9459127  IPC=3.919  ratio_rm=0.0000
[OMPT][WIN100ms] ompt_id=4503599627370497 tid=85247  tipo=ompt_thread_worker     cpu=103 numa=1  d_rm=     100  d_instr=1465143012  d_cyc= 372856636  d_all= 9469905  IPC=3.930  ratio_rm=0.0000
[OMPT] implicit_task_end: parallel_id=0 thread_num=0
[OMPT] parallel_end: parallel_id=281474976710865
[OMPT] parallel_begin: parallel_id=281474976710867 team_size=16
[OMPT] implicit_task_end: parallel_id=0 thread_num=12
[OMPT] implicit_task_end: parallel_id=0 thread_num=1
[OMPT] implicit_task_end: parallel_id=0 thread_num=8
[OMPT] implicit_task_begin: parallel_id=281474976710867 thread_num=12 team_size=16
[OMPT] implicit_task_end: parallel_id=0 thread_num=11
[OMPT] implicit_task_begin: parallel_id=281474976710867 thread_num=1 team_size=16
[OMPT] implicit_task_begin: parallel_id=281474976710867 thread_num=8 team_size=16
[OMPT] implicit_task_end: parallel_id=0 thread_num=4
[OMPT] implicit_task_end: parallel_id=0 thread_num=7
[OMPT] implicit_task_end: parallel_id=0 thread_num=15
[OMPT] implicit_task_end: parallel_id=0 thread_num=13
[OMPT] implicit_task_begin: parallel_id=281474976710867 thread_num=7 team_size=16
[OMPT] implicit_task_end: parallel_id=0 thread_num=10
[OMPT] implicit_task_begin: parallel_id=281474976710867 thread_num=15 team_size=16
[OMPT] implicit_task_begin: parallel_id=281474976710867 thread_num=0 team_size=16
[OMPT] implicit_task_begin: parallel_id=281474976710867 thread_num=10 team_size=16
[OMPT] implicit_task_end: parallel_id=0 thread_num=2
[OMPT] implicit_task_end: parallel_id=0 thread_num=14
[OMPT] implicit_task_begin: parallel_id=281474976710867 thread_num=11 team_size=16
[OMPT] implicit_task_begin: parallel_id=281474976710867 thread_num=2 team_size=16
[OMPT] implicit_task_begin: parallel_id=281474976710867 thread_num=14 team_size=16
[OMPT] implicit_task_end: parallel_id=0 thread_num=5
[OMPT] implicit_task_end: parallel_id=0 thread_num=6
[OMPT] implicit_task_begin: parallel_id=281474976710867 thread_num=4 team_size=16
[OMPT] implicit_task_end: parallel_id=0 thread_num=3
[OMPT] implicit_task_begin: parallel_id=281474976710867 thread_num=13 team_size=16
[OMPT] implicit_task_begin: parallel_id=281474976710867 thread_num=3 team_size=16
[OMPT] implicit_task_end: parallel_id=0 thread_num=9
[OMPT] implicit_task_begin: parallel_id=281474976710867 thread_num=5 team_size=16
[OMPT] implicit_task_begin: parallel_id=281474976710867 thread_num=6 team_size=16
[OMPT] implicit_task_begin: parallel_id=281474976710867 thread_num=9 team_size=16
[OMPT][WIN100ms] ompt_id=281474976710657 tid=85231  tipo=ompt_thread_initial    cpu=  0 numa=0  d_rm=    2888  d_instr=1458298718  d_cyc= 373835735  d_all= 9449280  IPC=3.901  ratio_rm=0.0003
[OMPT][WIN100ms] ompt_id=562949953421313 tid=85233  tipo=ompt_thread_worker     cpu=169 numa=0  d_rm=     259  d_instr=1464019763  d_cyc= 374283360  d_all= 9450720  IPC=3.912  ratio_rm=0.0000
[OMPT][WIN100ms] ompt_id=844424930131969 tid=85234  tipo=ompt_thread_worker     cpu=120 numa=1  d_rm=     154  d_instr=1454562565  d_cyc= 373025436  d_all= 9388426  IPC=3.899  ratio_rm=0.0000
[OMPT][WIN100ms] ompt_id=1125899906842625 tid=85235  tipo=ompt_thread_worker     cpu= 32 numa=0  d_rm=     310  d_instr=1455490537  d_cyc= 373140129  d_all= 9402329  IPC=3.901  ratio_rm=0.0000
[OMPT][WIN100ms] ompt_id=1407374883553281 tid=85236  tipo=ompt_thread_worker     cpu=104 numa=1  d_rm=     170  d_instr=1458197799  d_cyc= 372780761  d_all= 9417093  IPC=3.912  ratio_rm=0.0000
[OMPT][WIN100ms] ompt_id=1688849860263937 tid=85237  tipo=ompt_thread_worker     cpu= 64 numa=1  d_rm=      78  d_instr=1458847607  d_cyc= 372998452  d_all= 9426073  IPC=3.911  ratio_rm=0.0000
[OMPT][WIN100ms] ompt_id=1970324836974593 tid=85238  tipo=ompt_thread_worker     cpu= 81 numa=1  d_rm=     104  d_instr=1466891215  d_cyc= 372794919  d_all= 9472633  IPC=3.935  ratio_rm=0.0000
[OMPT][WIN100ms] ompt_id=2251799813685249 tid=85239  tipo=ompt_thread_worker     cpu=247 numa=1  d_rm=      88  d_instr=1462172024  d_cyc= 374002967  d_all= 9441879  IPC=3.910  ratio_rm=0.0000
[OMPT][WIN100ms] ompt_id=2533274790395905 tid=85240  tipo=ompt_thread_worker     cpu= 16 numa=0  d_rm=     232  d_instr=1463487844  d_cyc= 373978948  d_all= 9445342  IPC=3.913  ratio_rm=0.0000
[OMPT][WIN100ms] ompt_id=2814749767106561 tid=85243  tipo=ompt_thread_worker     cpu= 48 numa=0  d_rm=     284  d_instr=1461834155  d_cyc= 373756566  d_all= 9449886  IPC=3.911  ratio_rm=0.0000
[OMPT][WIN100ms] ompt_id=3096224743817217 tid=85242  tipo=ompt_thread_worker     cpu= 56 numa=0  d_rm=     347  d_instr=1464840782  d_cyc= 374021336  d_all= 9460500  IPC=3.916  ratio_rm=0.0000
[OMPT][WIN100ms] ompt_id=3377699720527873 tid=85241  tipo=ompt_thread_worker     cpu= 79 numa=1  d_rm=     211  d_instr=1458545093  d_cyc= 373189474  d_all= 9427135  IPC=3.908  ratio_rm=0.0000
[OMPT][WIN100ms] ompt_id=3659174697238529 tid=85244  tipo=ompt_thread_worker     cpu= 95 numa=1  d_rm=     157  d_instr=1463544023  d_cyc= 373892929  d_all= 9465080  IPC=3.914  ratio_rm=0.0000
[OMPT][WIN100ms] ompt_id=3940649673949185 tid=85245  tipo=ompt_thread_worker     cpu=141 numa=0  d_rm=     243  d_instr=1461368125  d_cyc= 373203525  d_all= 9450813  IPC=3.916  ratio_rm=0.0000
[OMPT][WIN100ms] ompt_id=4222124650659841 tid=85246  tipo=ompt_thread_worker     cpu=239 numa=1  d_rm=     128  d_instr=1461179670  d_cyc= 373228663  d_all= 9430497  IPC=3.915  ratio_rm=0.0000
[OMPT][WIN100ms] ompt_id=4503599627370497 tid=85247  tipo=ompt_thread_worker     cpu=103 numa=1  d_rm=     104  d_instr=1461292187  d_cyc= 373498774  d_all= 9426173  IPC=3.912  ratio_rm=0.0000
[OMPT] implicit_task_end: parallel_id=0 thread_num=0
[OMPT] parallel_end: parallel_id=281474976710867
[OMPT] parallel_begin: parallel_id=281474976710869 team_size=16
[OMPT] implicit_task_end: parallel_id=0 thread_num=12
[OMPT] implicit_task_end: parallel_id=0 thread_num=14
[OMPT] implicit_task_end: parallel_id=0 thread_num=4
[OMPT] implicit_task_end: parallel_id=0 thread_num=1
[OMPT] implicit_task_begin: parallel_id=281474976710869 thread_num=14 team_size=16
[OMPT] implicit_task_begin: parallel_id=281474976710869 thread_num=4 team_size=16
[OMPT] implicit_task_end: parallel_id=0 thread_num=8
[OMPT] implicit_task_end: parallel_id=0 thread_num=9
[OMPT] implicit_task_begin: parallel_id=281474976710869 thread_num=8 team_size=16
[OMPT] implicit_task_end: parallel_id=0 thread_num=13
[OMPT] implicit_task_begin: parallel_id=281474976710869 thread_num=13 team_size=16
[OMPT] implicit_task_end: parallel_id=0 thread_num=15
[OMPT] implicit_task_begin: parallel_id=281474976710869 thread_num=12 team_size=16
[OMPT] implicit_task_begin: parallel_id=281474976710869 thread_num=15 team_size=16
[OMPT] implicit_task_end: parallel_id=0 thread_num=5
[OMPT] implicit_task_end: parallel_id=0 thread_num=6
[OMPT] implicit_task_end: parallel_id=0 thread_num=7
[OMPT] implicit_task_begin: parallel_id=281474976710869 thread_num=0 team_size=16
[OMPT] implicit_task_begin: parallel_id=281474976710869 thread_num=1 team_size=16
[OMPT] implicit_task_begin: parallel_id=281474976710869 thread_num=7 team_size=16
[OMPT] implicit_task_end: parallel_id=0 thread_num=11
[OMPT] implicit_task_end: parallel_id=0 thread_num=10
[OMPT] implicit_task_end: parallel_id=0 thread_num=3
[OMPT] implicit_task_begin: parallel_id=281474976710869 thread_num=10 team_size=16
[OMPT] implicit_task_end: parallel_id=0 thread_num=2
[OMPT] implicit_task_begin: parallel_id=281474976710869 thread_num=9 team_size=16
[OMPT] implicit_task_begin: parallel_id=281474976710869 thread_num=5 team_size=16
[OMPT] implicit_task_begin: parallel_id=281474976710869 thread_num=6 team_size=16
[OMPT] implicit_task_begin: parallel_id=281474976710869 thread_num=11 team_size=16
[OMPT] implicit_task_begin: parallel_id=281474976710869 thread_num=3 team_size=16
[OMPT] implicit_task_begin: parallel_id=281474976710869 thread_num=2 team_size=16
[OMPT][WIN100ms] ompt_id=281474976710657 tid=85231  tipo=ompt_thread_initial    cpu=  0 numa=0  d_rm=    3029  d_instr=1466026055  d_cyc= 373300719  d_all= 9495815  IPC=3.927  ratio_rm=0.0003
[OMPT][WIN100ms] ompt_id=562949953421313 tid=85233  tipo=ompt_thread_worker     cpu=169 numa=0  d_rm=     323  d_instr=1464313013  d_cyc= 373652469  d_all= 9474645  IPC=3.919  ratio_rm=0.0000
[OMPT][WIN100ms] ompt_id=844424930131969 tid=85234  tipo=ompt_thread_worker     cpu=120 numa=1  d_rm=     175  d_instr=1467312390  d_cyc= 372729183  d_all= 9493684  IPC=3.937  ratio_rm=0.0000
[OMPT][WIN100ms] ompt_id=1125899906842625 tid=85235  tipo=ompt_thread_worker     cpu= 32 numa=0  d_rm=     402  d_instr=1473192108  d_cyc= 372991317  d_all= 9529662  IPC=3.950  ratio_rm=0.0000
[OMPT][WIN100ms] ompt_id=1407374883553281 tid=85236  tipo=ompt_thread_worker     cpu=104 numa=1  d_rm=      88  d_instr=1474201363  d_cyc= 373839572  d_all= 9540629  IPC=3.943  ratio_rm=0.0000
[OMPT][WIN100ms] ompt_id=1688849860263937 tid=85237  tipo=ompt_thread_worker     cpu= 64 numa=1  d_rm=      81  d_instr=1470369555  d_cyc= 373210796  d_all= 9512570  IPC=3.940  ratio_rm=0.0000
[OMPT][WIN100ms] ompt_id=1970324836974593 tid=85238  tipo=ompt_thread_worker     cpu= 81 numa=1  d_rm=      83  d_instr=1465372060  d_cyc= 372623954  d_all= 9475342  IPC=3.933  ratio_rm=0.0000
[OMPT][WIN100ms] ompt_id=2251799813685249 tid=85239  tipo=ompt_thread_worker     cpu=247 numa=1  d_rm=      97  d_instr=1469113345  d_cyc= 373378301  d_all= 9489117  IPC=3.935  ratio_rm=0.0000
[OMPT][WIN100ms] ompt_id=2533274790395905 tid=85240  tipo=ompt_thread_worker     cpu= 16 numa=0  d_rm=     251  d_instr=1469782692  d_cyc= 374162833  d_all= 9511059  IPC=3.928  ratio_rm=0.0000
[OMPT][WIN100ms] ompt_id=2814749767106561 tid=85243  tipo=ompt_thread_worker     cpu= 48 numa=0  d_rm=     277  d_instr=1466623185  d_cyc= 373397217  d_all= 9483521  IPC=3.928  ratio_rm=0.0000
[OMPT][WIN100ms] ompt_id=3096224743817217 tid=85242  tipo=ompt_thread_worker     cpu= 56 numa=0  d_rm=     386  d_instr=1469620438  d_cyc= 373493221  d_all= 9504260  IPC=3.935  ratio_rm=0.0000
[OMPT][WIN100ms] ompt_id=3377699720527873 tid=85241  tipo=ompt_thread_worker     cpu= 79 numa=1  d_rm=     248  d_instr=1473150483  d_cyc= 373311474  d_all= 9536018  IPC=3.946  ratio_rm=0.0000
[OMPT][WIN100ms] ompt_id=3659174697238529 tid=85244  tipo=ompt_thread_worker     cpu= 95 numa=1  d_rm=     150  d_instr=1467930110  d_cyc= 373307761  d_all= 9477260  IPC=3.932  ratio_rm=0.0000
[OMPT][WIN100ms] ompt_id=3940649673949185 tid=85245  tipo=ompt_thread_worker     cpu=141 numa=0  d_rm=     327  d_instr=1471520306  d_cyc= 374119180  d_all= 9521300  IPC=3.933  ratio_rm=0.0000
[OMPT][WIN100ms] ompt_id=4222124650659841 tid=85246  tipo=ompt_thread_worker     cpu=239 numa=1  d_rm=     188  d_instr=1472975465  d_cyc= 373654382  d_all= 9516670  IPC=3.942  ratio_rm=0.0000
[OMPT][WIN100ms] ompt_id=4503599627370497 tid=85247  tipo=ompt_thread_worker     cpu=103 numa=1  d_rm=     114  d_instr=1468028145  d_cyc= 373196697  d_all= 9489742  IPC=3.934  ratio_rm=0.0000
[OMPT] implicit_task_end: parallel_id=0 thread_num=0
[OMPT] parallel_end: parallel_id=281474976710869
[OMPT] parallel_begin: parallel_id=281474976710871 team_size=16
[OMPT] implicit_task_end: parallel_id=0 thread_num=12
[OMPT] implicit_task_end: parallel_id=0 thread_num=14
[OMPT] implicit_task_end: parallel_id=0 thread_num=2
[OMPT] implicit_task_begin: parallel_id=281474976710871 thread_num=14 team_size=16
[OMPT] implicit_task_end: parallel_id=0 thread_num=3
[OMPT] implicit_task_end: parallel_id=0 thread_num=8
[OMPT] implicit_task_end: parallel_id=0 thread_num=9
[OMPT] implicit_task_begin: parallel_id=281474976710871 thread_num=8 team_size=16
[OMPT] implicit_task_end: parallel_id=0 thread_num=4
[OMPT] implicit_task_end: parallel_id=0 thread_num=13
[OMPT] implicit_task_begin: parallel_id=281474976710871 thread_num=4 team_size=16
[OMPT] implicit_task_end: parallel_id=0 thread_num=15
[OMPT] implicit_task_begin: parallel_id=281474976710871 thread_num=0 team_size=16
[OMPT] implicit_task_end: parallel_id=0 thread_num=1
[OMPT] implicit_task_begin: parallel_id=281474976710871 thread_num=2 team_size=16
[OMPT] implicit_task_begin: parallel_id=281474976710871 thread_num=1 team_size=16
[OMPT] implicit_task_begin: parallel_id=281474976710871 thread_num=3 team_size=16
[OMPT] implicit_task_end: parallel_id=0 thread_num=11
[OMPT] implicit_task_end: parallel_id=0 thread_num=10
[OMPT] implicit_task_end: parallel_id=0 thread_num=6
[OMPT] implicit_task_end: parallel_id=0 thread_num=5
[OMPT] implicit_task_end: parallel_id=0 thread_num=7
[OMPT] implicit_task_begin: parallel_id=281474976710871 thread_num=9 team_size=16
[OMPT] implicit_task_begin: parallel_id=281474976710871 thread_num=7 team_size=16
[OMPT] implicit_task_begin: parallel_id=281474976710871 thread_num=12 team_size=16
[OMPT] implicit_task_begin: parallel_id=281474976710871 thread_num=15 team_size=16
[OMPT] implicit_task_begin: parallel_id=281474976710871 thread_num=11 team_size=16
[OMPT] implicit_task_begin: parallel_id=281474976710871 thread_num=10 team_size=16
[OMPT] implicit_task_begin: parallel_id=281474976710871 thread_num=6 team_size=16
[OMPT] implicit_task_begin: parallel_id=281474976710871 thread_num=5 team_size=16
[OMPT] implicit_task_begin: parallel_id=281474976710871 thread_num=13 team_size=16
[OMPT][WIN100ms] ompt_id=281474976710657 tid=85231  tipo=ompt_thread_initial    cpu=  0 numa=0  d_rm=    2564  d_instr=1459237570  d_cyc= 373063904  d_all= 9452705  IPC=3.911  ratio_rm=0.0003
[OMPT][WIN100ms] ompt_id=562949953421313 tid=85233  tipo=ompt_thread_worker     cpu=169 numa=0  d_rm=     265  d_instr=1464791453  d_cyc= 373479483  d_all= 9474840  IPC=3.922  ratio_rm=0.0000
[OMPT][WIN100ms] ompt_id=844424930131969 tid=85234  tipo=ompt_thread_worker     cpu=120 numa=1  d_rm=     155  d_instr=1470540138  d_cyc= 373218821  d_all= 9513328  IPC=3.940  ratio_rm=0.0000
[OMPT][WIN100ms] ompt_id=1125899906842625 tid=85235  tipo=ompt_thread_worker     cpu= 32 numa=0  d_rm=     312  d_instr=1465859361  d_cyc= 373285678  d_all= 9474296  IPC=3.927  ratio_rm=0.0000
[OMPT][WIN100ms] ompt_id=1407374883553281 tid=85236  tipo=ompt_thread_worker     cpu=104 numa=1  d_rm=     112  d_instr=1460345192  d_cyc= 373262700  d_all= 9432377  IPC=3.912  ratio_rm=0.0000
[OMPT][WIN100ms] ompt_id=1688849860263937 tid=85237  tipo=ompt_thread_worker     cpu= 64 numa=1  d_rm=      80  d_instr=1462391059  d_cyc= 372562794  d_all= 9453909  IPC=3.925  ratio_rm=0.0000
[OMPT][WIN100ms] ompt_id=1970324836974593 tid=85238  tipo=ompt_thread_worker     cpu= 81 numa=1  d_rm=      76  d_instr=1465690151  d_cyc= 372504662  d_all= 9470806  IPC=3.935  ratio_rm=0.0000
[OMPT][WIN100ms] ompt_id=2251799813685249 tid=85239  tipo=ompt_thread_worker     cpu=247 numa=1  d_rm=      85  d_instr=1465843863  d_cyc= 372861319  d_all= 9462703  IPC=3.931  ratio_rm=0.0000
[OMPT][WIN100ms] ompt_id=2533274790395905 tid=85240  tipo=ompt_thread_worker     cpu= 16 numa=0  d_rm=     235  d_instr=1470145331  d_cyc= 373701602  d_all= 9477006  IPC=3.934  ratio_rm=0.0000
[OMPT][WIN100ms] ompt_id=2814749767106561 tid=85243  tipo=ompt_thread_worker     cpu= 48 numa=0  d_rm=     243  d_instr=1458612234  d_cyc= 373031874  d_all= 9422329  IPC=3.910  ratio_rm=0.0000
[OMPT][WIN100ms] ompt_id=3096224743817217 tid=85242  tipo=ompt_thread_worker     cpu= 56 numa=0  d_rm=     332  d_instr=1456540934  d_cyc= 372810762  d_all= 9399067  IPC=3.907  ratio_rm=0.0000
[OMPT][WIN100ms] ompt_id=3377699720527873 tid=85241  tipo=ompt_thread_worker     cpu= 79 numa=1  d_rm=     200  d_instr=1461732384  d_cyc= 372950977  d_all= 9432942  IPC=3.919  ratio_rm=0.0000
[OMPT][WIN100ms] ompt_id=3659174697238529 tid=85244  tipo=ompt_thread_worker     cpu= 95 numa=1  d_rm=     228  d_instr=1457455929  d_cyc= 372065639  d_all= 9404529  IPC=3.917  ratio_rm=0.0000
[OMPT][WIN100ms] ompt_id=3940649673949185 tid=85245  tipo=ompt_thread_worker     cpu=141 numa=0  d_rm=     271  d_instr=1460620374  d_cyc= 372298583  d_all= 9431319  IPC=3.923  ratio_rm=0.0000
[OMPT][WIN100ms] ompt_id=4222124650659841 tid=85246  tipo=ompt_thread_worker     cpu=239 numa=1  d_rm=     250  d_instr=1472593255  d_cyc= 373623012  d_all= 9498608  IPC=3.941  ratio_rm=0.0000
[OMPT][WIN100ms] ompt_id=4503599627370497 tid=85247  tipo=ompt_thread_worker     cpu=103 numa=1  d_rm=      94  d_instr=1463517168  d_cyc= 372037455  d_all= 9446997  IPC=3.934  ratio_rm=0.0000
[OMPT] implicit_task_end: parallel_id=0 thread_num=0
[OMPT] parallel_end: parallel_id=281474976710871
[OMPT] parallel_begin: parallel_id=281474976710873 team_size=16
[OMPT] implicit_task_end: parallel_id=0 thread_num=12
[OMPT] implicit_task_end: parallel_id=0 thread_num=14
[OMPT] implicit_task_begin: parallel_id=281474976710873 thread_num=12 team_size=16
[OMPT] implicit_task_end: parallel_id=0 thread_num=8
[OMPT] implicit_task_begin: parallel_id=281474976710873 thread_num=14 team_size=16
[OMPT] implicit_task_end: parallel_id=0 thread_num=9
[OMPT] implicit_task_end: parallel_id=0 thread_num=4
[OMPT] implicit_task_end: parallel_id=0 thread_num=5
[OMPT] implicit_task_begin: parallel_id=281474976710873 thread_num=4 team_size=16
[OMPT] implicit_task_end: parallel_id=0 thread_num=2
[OMPT] implicit_task_end: parallel_id=0 thread_num=13
[OMPT] implicit_task_begin: parallel_id=281474976710873 thread_num=2 team_size=16
[OMPT] implicit_task_begin: parallel_id=281474976710873 thread_num=13 team_size=16
[OMPT] implicit_task_end: parallel_id=0 thread_num=15
[OMPT] implicit_task_end: parallel_id=0 thread_num=1
[OMPT] implicit_task_begin: parallel_id=281474976710873 thread_num=15 team_size=16
[OMPT] implicit_task_end: parallel_id=0 thread_num=10
[OMPT] implicit_task_end: parallel_id=0 thread_num=11
[OMPT] implicit_task_begin: parallel_id=281474976710873 thread_num=10 team_size=16
[OMPT] implicit_task_begin: parallel_id=281474976710873 thread_num=8 team_size=16
[OMPT] implicit_task_begin: parallel_id=281474976710873 thread_num=11 team_size=16
[OMPT] implicit_task_end: parallel_id=0 thread_num=7
[OMPT] implicit_task_end: parallel_id=0 thread_num=6
[OMPT] implicit_task_end: parallel_id=0 thread_num=3
[OMPT] implicit_task_begin: parallel_id=281474976710873 thread_num=6 team_size=16
[OMPT] implicit_task_begin: parallel_id=281474976710873 thread_num=0 team_size=16
[OMPT] implicit_task_begin: parallel_id=281474976710873 thread_num=3 team_size=16
[OMPT] implicit_task_begin: parallel_id=281474976710873 thread_num=9 team_size=16
[OMPT] implicit_task_begin: parallel_id=281474976710873 thread_num=5 team_size=16
[OMPT] implicit_task_begin: parallel_id=281474976710873 thread_num=1 team_size=16
[OMPT] implicit_task_begin: parallel_id=281474976710873 thread_num=7 team_size=16
[OMPT][WIN100ms] ompt_id=281474976710657 tid=85231  tipo=ompt_thread_initial    cpu=  1 numa=0  d_rm=     292  d_instr=1306135221  d_cyc= 331178959  d_all= 8455052  IPC=3.944  ratio_rm=0.0000
[OMPT][WIN100ms] ompt_id=562949953421313 tid=85233  tipo=ompt_thread_worker     cpu=169 numa=0  d_rm=     348  d_instr=1398698316  d_cyc= 370749276  d_all= 8950205  IPC=3.773  ratio_rm=0.0000
[OMPT][WIN100ms] ompt_id=844424930131969 tid=85234  tipo=ompt_thread_worker     cpu=120 numa=1  d_rm=     184  d_instr=1402478889  d_cyc= 371244633  d_all= 8964976  IPC=3.778  ratio_rm=0.0000
[OMPT][WIN100ms] ompt_id=1125899906842625 tid=85235  tipo=ompt_thread_worker     cpu= 32 numa=0  d_rm=     532  d_instr=1397892987  d_cyc= 370832754  d_all= 8939502  IPC=3.770  ratio_rm=0.0001
[OMPT][WIN100ms] ompt_id=1407374883553281 tid=85236  tipo=ompt_thread_worker     cpu=104 numa=1  d_rm=     124  d_instr=1404434015  d_cyc= 371534113  d_all= 8987757  IPC=3.780  ratio_rm=0.0000
[OMPT][WIN100ms] ompt_id=1688849860263937 tid=85237  tipo=ompt_thread_worker     cpu= 64 numa=1  d_rm=      79  d_instr=1405916308  d_cyc= 370941187  d_all= 8988872  IPC=3.790  ratio_rm=0.0000
[OMPT][WIN100ms] ompt_id=1970324836974593 tid=85238  tipo=ompt_thread_worker     cpu= 81 numa=1  d_rm=      86  d_instr=1410323463  d_cyc= 370904467  d_all= 9016277  IPC=3.802  ratio_rm=0.0000
[OMPT][WIN100ms] ompt_id=2251799813685249 tid=85239  tipo=ompt_thread_worker     cpu=247 numa=1  d_rm=      93  d_instr=1399625993  d_cyc= 370804633  d_all= 8944115  IPC=3.775  ratio_rm=0.0000
[OMPT][WIN100ms] ompt_id=2533274790395905 tid=85240  tipo=ompt_thread_worker     cpu= 16 numa=0  d_rm=     373  d_instr=1396745335  d_cyc= 371126952  d_all= 8917757  IPC=3.764  ratio_rm=0.0000
[OMPT][WIN100ms] ompt_id=2814749767106561 tid=85243  tipo=ompt_thread_worker     cpu= 48 numa=0  d_rm=     349  d_instr=1401998969  d_cyc= 371611555  d_all= 8988941  IPC=3.773  ratio_rm=0.0000
[OMPT][WIN100ms] ompt_id=3096224743817217 tid=85242  tipo=ompt_thread_worker     cpu= 56 numa=0  d_rm=     464  d_instr=1410427859  d_cyc= 371781488  d_all= 9029814  IPC=3.794  ratio_rm=0.0001
[OMPT][WIN100ms] ompt_id=3377699720527873 tid=85241  tipo=ompt_thread_worker     cpu= 79 numa=1  d_rm=     210  d_instr=1406622731  d_cyc= 370942155  d_all= 8995945  IPC=3.792  ratio_rm=0.0000
[OMPT][WIN100ms] ompt_id=3659174697238529 tid=85244  tipo=ompt_thread_worker     cpu= 95 numa=1  d_rm=     177  d_instr=1410305664  d_cyc= 371917969  d_all= 9024196  IPC=3.792  ratio_rm=0.0000
[OMPT][WIN100ms] ompt_id=3940649673949185 tid=85245  tipo=ompt_thread_worker     cpu=141 numa=0  d_rm=     386  d_instr=1401362842  d_cyc= 371792683  d_all= 8966609  IPC=3.769  ratio_rm=0.0000
[OMPT][WIN100ms] ompt_id=4222124650659841 tid=85246  tipo=ompt_thread_worker     cpu=239 numa=1  d_rm=     205  d_instr=1399183203  d_cyc= 371621403  d_all= 8935934  IPC=3.765  ratio_rm=0.0000
[OMPT][WIN100ms] ompt_id=4503599627370497 tid=85247  tipo=ompt_thread_worker     cpu=103 numa=1  d_rm=     119  d_instr=1403517149  d_cyc= 370256053  d_all= 8998790  IPC=3.791  ratio_rm=0.0000
[OMPT] implicit_task_end: parallel_id=0 thread_num=0
[OMPT] parallel_end: parallel_id=281474976710873
[OMPT] parallel_begin: parallel_id=281474976710875 team_size=16
[OMPT] implicit_task_end: parallel_id=0 thread_num=4
[OMPT] implicit_task_end: parallel_id=0 thread_num=5
[OMPT] implicit_task_begin: parallel_id=281474976710875 thread_num=4 team_size=16
[OMPT] implicit_task_end: parallel_id=0 thread_num=8
[OMPT] implicit_task_begin: parallel_id=281474976710875 thread_num=5 team_size=16
[OMPT] implicit_task_end: parallel_id=0 thread_num=10
[OMPT] implicit_task_end: parallel_id=0 thread_num=12
[OMPT] implicit_task_end: parallel_id=0 thread_num=2
[OMPT] implicit_task_end: parallel_id=0 thread_num=7
[OMPT] implicit_task_begin: parallel_id=281474976710875 thread_num=2 team_size=16
[OMPT] implicit_task_end: parallel_id=0 thread_num=6
[OMPT] implicit_task_end: parallel_id=0 thread_num=3
[OMPT] implicit_task_begin: parallel_id=281474976710875 thread_num=6 team_size=16
[OMPT] implicit_task_end: parallel_id=0 thread_num=9
[OMPT] implicit_task_end: parallel_id=0 thread_num=11
[OMPT] implicit_task_begin: parallel_id=281474976710875 thread_num=9 team_size=16
[OMPT] implicit_task_begin: parallel_id=281474976710875 thread_num=8 team_size=16
[OMPT] implicit_task_end: parallel_id=0 thread_num=1
[OMPT] implicit_task_end: parallel_id=0 thread_num=14
[OMPT] implicit_task_end: parallel_id=0 thread_num=13
[OMPT] implicit_task_end: parallel_id=0 thread_num=15
[OMPT] implicit_task_begin: parallel_id=281474976710875 thread_num=10 team_size=16
[OMPT] implicit_task_begin: parallel_id=281474976710875 thread_num=0 team_size=16
[OMPT] implicit_task_begin: parallel_id=281474976710875 thread_num=7 team_size=16
[OMPT] implicit_task_begin: parallel_id=281474976710875 thread_num=15 team_size=16
[OMPT] implicit_task_begin: parallel_id=281474976710875 thread_num=3 team_size=16
[OMPT] implicit_task_begin: parallel_id=281474976710875 thread_num=11 team_size=16
[OMPT] implicit_task_begin: parallel_id=281474976710875 thread_num=1 team_size=16
[OMPT] implicit_task_begin: parallel_id=281474976710875 thread_num=14 team_size=16
[OMPT] implicit_task_begin: parallel_id=281474976710875 thread_num=13 team_size=16
[OMPT] implicit_task_begin: parallel_id=281474976710875 thread_num=12 team_size=16
[OMPT][WIN100ms] ompt_id=281474976710657 tid=85231  tipo=ompt_thread_initial    cpu=  1 numa=0  d_rm=     239  d_instr=1471488616  d_cyc= 373525435  d_all= 9533106  IPC=3.939  ratio_rm=0.0000
[OMPT][WIN100ms] ompt_id=562949953421313 tid=85233  tipo=ompt_thread_worker     cpu=169 numa=0  d_rm=     287  d_instr=1413698071  d_cyc= 371717923  d_all= 9057604  IPC=3.803  ratio_rm=0.0000
[OMPT][WIN100ms] ompt_id=844424930131969 tid=85234  tipo=ompt_thread_worker     cpu=120 numa=1  d_rm=     169  d_instr=1401675390  d_cyc= 371529866  d_all= 8961123  IPC=3.773  ratio_rm=0.0000
[OMPT][WIN100ms] ompt_id=1125899906842625 tid=85235  tipo=ompt_thread_worker     cpu= 32 numa=0  d_rm=     390  d_instr=1413175551  d_cyc= 371417782  d_all= 9046916  IPC=3.805  ratio_rm=0.0000
[OMPT][WIN100ms] ompt_id=1407374883553281 tid=85236  tipo=ompt_thread_worker     cpu=104 numa=1  d_rm=     167  d_instr=1415142744  d_cyc= 372044021  d_all= 9046550  IPC=3.804  ratio_rm=0.0000
[OMPT][WIN100ms] ompt_id=1688849860263937 tid=85237  tipo=ompt_thread_worker     cpu= 64 numa=1  d_rm=      72  d_instr=1418921719  d_cyc= 372510509  d_all= 9074440  IPC=3.809  ratio_rm=0.0000
[OMPT][WIN100ms] ompt_id=1970324836974593 tid=85238  tipo=ompt_thread_worker     cpu= 81 numa=1  d_rm=      87  d_instr=1409964499  d_cyc= 371568422  d_all= 9007840  IPC=3.795  ratio_rm=0.0000
[OMPT][WIN100ms] ompt_id=2251799813685249 tid=85239  tipo=ompt_thread_worker     cpu=247 numa=1  d_rm=     113  d_instr=1414963353  d_cyc= 371522770  d_all= 9048850  IPC=3.809  ratio_rm=0.0000
[OMPT][WIN100ms] ompt_id=2533274790395905 tid=85240  tipo=ompt_thread_worker     cpu= 16 numa=0  d_rm=     273  d_instr=1413596704  d_cyc= 371612783  d_all= 9039497  IPC=3.804  ratio_rm=0.0000
[OMPT][WIN100ms] ompt_id=2814749767106561 tid=85243  tipo=ompt_thread_worker     cpu= 48 numa=0  d_rm=     307  d_instr=1404388187  d_cyc= 371800002  d_all= 9003790  IPC=3.777  ratio_rm=0.0000
[OMPT][WIN100ms] ompt_id=3096224743817217 tid=85242  tipo=ompt_thread_worker     cpu= 56 numa=0  d_rm=     373  d_instr=1404050350  d_cyc= 371861660  d_all= 8981530  IPC=3.776  ratio_rm=0.0000
[OMPT][WIN100ms] ompt_id=3377699720527873 tid=85241  tipo=ompt_thread_worker     cpu= 79 numa=1  d_rm=     195  d_instr=1403378170  d_cyc= 371775853  d_all= 8971709  IPC=3.775  ratio_rm=0.0000
[OMPT][WIN100ms] ompt_id=3659174697238529 tid=85244  tipo=ompt_thread_worker     cpu= 95 numa=1  d_rm=     205  d_instr=1402342020  d_cyc= 370950125  d_all= 8966605  IPC=3.780  ratio_rm=0.0000
[OMPT][WIN100ms] ompt_id=3940649673949185 tid=85245  tipo=ompt_thread_worker     cpu=141 numa=0  d_rm=     279  d_instr=1407704632  d_cyc= 371707305  d_all= 9010030  IPC=3.787  ratio_rm=0.0000
[OMPT][WIN100ms] ompt_id=4222124650659841 tid=85246  tipo=ompt_thread_worker     cpu=239 numa=1  d_rm=     155  d_instr=1406957836  d_cyc= 371163887  d_all= 8991387  IPC=3.791  ratio_rm=0.0000
[OMPT][WIN100ms] ompt_id=4503599627370497 tid=85247  tipo=ompt_thread_worker     cpu=103 numa=1  d_rm=      89  d_instr=1409595260  d_cyc= 371446495  d_all= 9020187  IPC=3.795  ratio_rm=0.0000
[OMPT] implicit_task_end: parallel_id=0 thread_num=0
[OMPT] parallel_end: parallel_id=281474976710875
[OMPT] parallel_begin: parallel_id=281474976710877 team_size=16
[OMPT] implicit_task_end: parallel_id=0 thread_num=4
[OMPT] implicit_task_end: parallel_id=0 thread_num=7
[OMPT] implicit_task_begin: parallel_id=281474976710877 thread_num=4 team_size=16
[OMPT] implicit_task_end: parallel_id=0 thread_num=12
[OMPT] implicit_task_begin: parallel_id=281474976710877 thread_num=7 team_size=16
[OMPT] implicit_task_end: parallel_id=0 thread_num=14
[OMPT] implicit_task_end: parallel_id=0 thread_num=15
[OMPT] implicit_task_end: parallel_id=0 thread_num=1
[OMPT] implicit_task_begin: parallel_id=281474976710877 thread_num=14 team_size=16
[OMPT] implicit_task_end: parallel_id=0 thread_num=2
[OMPT] implicit_task_begin: parallel_id=281474976710877 thread_num=1 team_size=16
[OMPT] implicit_task_end: parallel_id=0 thread_num=6
[OMPT] implicit_task_begin: parallel_id=281474976710877 thread_num=2 team_size=16
[OMPT] implicit_task_end: parallel_id=0 thread_num=8
[OMPT] implicit_task_end: parallel_id=0 thread_num=9
[OMPT] implicit_task_end: parallel_id=0 thread_num=13
[OMPT] implicit_task_begin: parallel_id=281474976710877 thread_num=12 team_size=16
[OMPT] implicit_task_begin: parallel_id=281474976710877 thread_num=0 team_size=16
[OMPT] implicit_task_end: parallel_id=0 thread_num=5
[OMPT] implicit_task_begin: parallel_id=281474976710877 thread_num=15 team_size=16
[OMPT] implicit_task_end: parallel_id=0 thread_num=10
[OMPT] implicit_task_end: parallel_id=0 thread_num=11
[OMPT] implicit_task_begin: parallel_id=281474976710877 thread_num=10 team_size=16
[OMPT] implicit_task_begin: parallel_id=281474976710877 thread_num=6 team_size=16
[OMPT] implicit_task_begin: parallel_id=281474976710877 thread_num=11 team_size=16
[OMPT] implicit_task_end: parallel_id=0 thread_num=3
[OMPT] implicit_task_begin: parallel_id=281474976710877 thread_num=9 team_size=16
[OMPT] implicit_task_begin: parallel_id=281474976710877 thread_num=13 team_size=16
[OMPT] implicit_task_begin: parallel_id=281474976710877 thread_num=5 team_size=16
[OMPT] implicit_task_begin: parallel_id=281474976710877 thread_num=8 team_size=16
[OMPT] implicit_task_begin: parallel_id=281474976710877 thread_num=3 team_size=16
[OMPT][WIN100ms] ompt_id=281474976710657 tid=85231  tipo=ompt_thread_initial    cpu=  1 numa=0  d_rm=     246  d_instr=1468120309  d_cyc= 373989931  d_all= 9514115  IPC=3.926  ratio_rm=0.0000
[OMPT][WIN100ms] ompt_id=562949953421313 tid=85233  tipo=ompt_thread_worker     cpu=169 numa=0  d_rm=     272  d_instr=1462459813  d_cyc= 374000227  d_all= 9453061  IPC=3.910  ratio_rm=0.0000
[OMPT][WIN100ms] ompt_id=844424930131969 tid=85234  tipo=ompt_thread_worker     cpu=120 numa=1  d_rm=     176  d_instr=1476864699  d_cyc= 373493898  d_all= 9551451  IPC=3.954  ratio_rm=0.0000
[OMPT][WIN100ms] ompt_id=1125899906842625 tid=85235  tipo=ompt_thread_worker     cpu= 32 numa=0  d_rm=     405  d_instr=1454922543  d_cyc= 372543822  d_all= 9388049  IPC=3.905  ratio_rm=0.0000
[OMPT][WIN100ms] ompt_id=1407374883553281 tid=85236  tipo=ompt_thread_worker     cpu=104 numa=1  d_rm=     136  d_instr=1458153202  d_cyc= 373513051  d_all= 9402365  IPC=3.904  ratio_rm=0.0000
[OMPT][WIN100ms] ompt_id=1688849860263937 tid=85237  tipo=ompt_thread_worker     cpu= 64 numa=1  d_rm=      74  d_instr=1460806887  d_cyc= 372605257  d_all= 9418608  IPC=3.921  ratio_rm=0.0000
[OMPT][WIN100ms] ompt_id=1970324836974593 tid=85238  tipo=ompt_thread_worker     cpu= 81 numa=1  d_rm=      89  d_instr=1462039206  d_cyc= 372680813  d_all= 9430556  IPC=3.923  ratio_rm=0.0000
[OMPT][WIN100ms] ompt_id=2251799813685249 tid=85239  tipo=ompt_thread_worker     cpu=247 numa=1  d_rm=      74  d_instr=1470155252  d_cyc= 374069889  d_all= 9483049  IPC=3.930  ratio_rm=0.0000
[OMPT][WIN100ms] ompt_id=2533274790395905 tid=85240  tipo=ompt_thread_worker     cpu= 16 numa=0  d_rm=     310  d_instr=1460088388  d_cyc= 372624915  d_all= 9418465  IPC=3.918  ratio_rm=0.0000
[OMPT][WIN100ms] ompt_id=2814749767106561 tid=85243  tipo=ompt_thread_worker     cpu= 48 numa=0  d_rm=     298  d_instr=1476621710  d_cyc= 374072179  d_all= 9550322  IPC=3.947  ratio_rm=0.0000
[OMPT][WIN100ms] ompt_id=3096224743817217 tid=85242  tipo=ompt_thread_worker     cpu= 56 numa=0  d_rm=     402  d_instr=1466323746  d_cyc= 373910448  d_all= 9469336  IPC=3.922  ratio_rm=0.0000
[OMPT][WIN100ms] ompt_id=3377699720527873 tid=85241  tipo=ompt_thread_worker     cpu= 79 numa=1  d_rm=     203  d_instr=1469983465  d_cyc= 373514036  d_all= 9493961  IPC=3.936  ratio_rm=0.0000
[OMPT][WIN100ms] ompt_id=3659174697238529 tid=85244  tipo=ompt_thread_worker     cpu= 95 numa=1  d_rm=     167  d_instr=1474431801  d_cyc= 373423167  d_all= 9525275  IPC=3.948  ratio_rm=0.0000
[OMPT][WIN100ms] ompt_id=3940649673949185 tid=85245  tipo=ompt_thread_worker     cpu=141 numa=0  d_rm=     315  d_instr=1464310967  d_cyc= 373205323  d_all= 9463797  IPC=3.924  ratio_rm=0.0000
[OMPT][WIN100ms] ompt_id=4222124650659841 tid=85246  tipo=ompt_thread_worker     cpu=239 numa=1  d_rm=     139  d_instr=1474345112  d_cyc= 373887903  d_all= 9514804  IPC=3.943  ratio_rm=0.0000
[OMPT][WIN100ms] ompt_id=4503599627370497 tid=85247  tipo=ompt_thread_worker     cpu=103 numa=1  d_rm=      98  d_instr=1462975302  d_cyc= 373249414  d_all= 9445332  IPC=3.920  ratio_rm=0.0000
[OMPT] implicit_task_end: parallel_id=0 thread_num=0
[OMPT] parallel_end: parallel_id=281474976710877
[OMPT] parallel_begin: parallel_id=281474976710879 team_size=16
[OMPT] implicit_task_end: parallel_id=0 thread_num=12
[OMPT] implicit_task_end: parallel_id=0 thread_num=14
[OMPT] implicit_task_begin: parallel_id=281474976710879 thread_num=12 team_size=16
[OMPT] implicit_task_begin: parallel_id=281474976710879 thread_num=0 team_size=16
[OMPT] implicit_task_begin: parallel_id=281474976710879 thread_num=14 team_size=16
[OMPT] implicit_task_end: parallel_id=0 thread_num=3
[OMPT] implicit_task_begin: parallel_id=281474976710879 thread_num=3 team_size=16
[OMPT] implicit_task_end: parallel_id=0 thread_num=4
[OMPT] implicit_task_end: parallel_id=0 thread_num=5
[OMPT] implicit_task_end: parallel_id=0 thread_num=2
[OMPT] implicit_task_end: parallel_id=0 thread_num=13
[OMPT] implicit_task_begin: parallel_id=281474976710879 thread_num=2 team_size=16
[OMPT] implicit_task_begin: parallel_id=281474976710879 thread_num=13 team_size=16
[OMPT] implicit_task_end: parallel_id=0 thread_num=15
[OMPT] implicit_task_end: parallel_id=0 thread_num=8
[OMPT] implicit_task_end: parallel_id=0 thread_num=9
[OMPT] implicit_task_begin: parallel_id=281474976710879 thread_num=8 team_size=16
[OMPT] implicit_task_begin: parallel_id=281474976710879 thread_num=4 team_size=16
[OMPT] implicit_task_begin: parallel_id=281474976710879 thread_num=9 team_size=16
[OMPT] implicit_task_end: parallel_id=0 thread_num=1
[OMPT] implicit_task_begin: parallel_id=281474976710879 thread_num=5 team_size=16
[OMPT] implicit_task_end: parallel_id=0 thread_num=10
[OMPT] implicit_task_end: parallel_id=0 thread_num=11
[OMPT] implicit_task_begin: parallel_id=281474976710879 thread_num=10 team_size=16
[OMPT] implicit_task_begin: parallel_id=281474976710879 thread_num=15 team_size=16
[OMPT] implicit_task_begin: parallel_id=281474976710879 thread_num=11 team_size=16
[OMPT] implicit_task_end: parallel_id=0 thread_num=6
[OMPT] implicit_task_end: parallel_id=0 thread_num=7
[OMPT] implicit_task_begin: parallel_id=281474976710879 thread_num=6 team_size=16
[OMPT] implicit_task_begin: parallel_id=281474976710879 thread_num=1 team_size=16
[OMPT] implicit_task_begin: parallel_id=281474976710879 thread_num=7 team_size=16
[OMPT][WIN100ms] ompt_id=281474976710657 tid=85231  tipo=ompt_thread_initial    cpu=  1 numa=0  d_rm=     192  d_instr=1472052615  d_cyc= 374464675  d_all= 9517225  IPC=3.931  ratio_rm=0.0000
[OMPT][WIN100ms] ompt_id=562949953421313 tid=85233  tipo=ompt_thread_worker     cpu=169 numa=0  d_rm=     225  d_instr=1465163626  d_cyc= 373238704  d_all= 9463946  IPC=3.926  ratio_rm=0.0000
[OMPT][WIN100ms] ompt_id=844424930131969 tid=85234  tipo=ompt_thread_worker     cpu=120 numa=1  d_rm=     183  d_instr=1467618327  d_cyc= 373180600  d_all= 9465465  IPC=3.933  ratio_rm=0.0000
[OMPT][WIN100ms] ompt_id=1125899906842625 tid=85235  tipo=ompt_thread_worker     cpu= 32 numa=0  d_rm=     334  d_instr=1482661676  d_cyc= 374324243  d_all= 9588657  IPC=3.961  ratio_rm=0.0000
[OMPT][WIN100ms] ompt_id=1407374883553281 tid=85236  tipo=ompt_thread_worker     cpu=104 numa=1  d_rm=     136  d_instr=1469574957  d_cyc= 372829940  d_all= 9487501  IPC=3.942  ratio_rm=0.0000
[OMPT][WIN100ms] ompt_id=1688849860263937 tid=85237  tipo=ompt_thread_worker     cpu= 64 numa=1  d_rm=      80  d_instr=1466737755  d_cyc= 373532181  d_all= 9465929  IPC=3.927  ratio_rm=0.0000
[OMPT][WIN100ms] ompt_id=1970324836974593 tid=85238  tipo=ompt_thread_worker     cpu= 81 numa=1  d_rm=      82  d_instr=1470858931  d_cyc= 373098981  d_all= 9494991  IPC=3.942  ratio_rm=0.0000
[OMPT][WIN100ms] ompt_id=2251799813685249 tid=85239  tipo=ompt_thread_worker     cpu=247 numa=1  d_rm=      89  d_instr=1466478257  d_cyc= 372989220  d_all= 9455797  IPC=3.932  ratio_rm=0.0000
[OMPT][WIN100ms] ompt_id=2533274790395905 tid=85240  tipo=ompt_thread_worker     cpu= 16 numa=0  d_rm=     258  d_instr=1472847957  d_cyc= 373681453  d_all= 9512667  IPC=3.941  ratio_rm=0.0000
[OMPT][WIN100ms] ompt_id=2814749767106561 tid=85243  tipo=ompt_thread_worker     cpu= 48 numa=0  d_rm=     241  d_instr=1460967993  d_cyc= 374182429  d_all= 9440283  IPC=3.904  ratio_rm=0.0000
[OMPT][WIN100ms] ompt_id=3096224743817217 tid=85242  tipo=ompt_thread_worker     cpu= 56 numa=0  d_rm=     339  d_instr=1466566766  d_cyc= 374275094  d_all= 9474754  IPC=3.918  ratio_rm=0.0000
[OMPT][WIN100ms] ompt_id=3377699720527873 tid=85241  tipo=ompt_thread_worker     cpu= 79 numa=1  d_rm=     195  d_instr=1467387921  d_cyc= 374334362  d_all= 9473015  IPC=3.920  ratio_rm=0.0000
[OMPT][WIN100ms] ompt_id=3659174697238529 tid=85244  tipo=ompt_thread_worker     cpu= 95 numa=1  d_rm=     152  d_instr=1474268094  d_cyc= 374119850  d_all= 9518364  IPC=3.941  ratio_rm=0.0000
[OMPT][WIN100ms] ompt_id=3940649673949185 tid=85245  tipo=ompt_thread_worker     cpu=141 numa=0  d_rm=     262  d_instr=1473482636  d_cyc= 374057113  d_all= 9526394  IPC=3.939  ratio_rm=0.0000
[OMPT][WIN100ms] ompt_id=4222124650659841 tid=85246  tipo=ompt_thread_worker     cpu=239 numa=1  d_rm=     206  d_instr=1468061424  d_cyc= 373986216  d_all= 9472683  IPC=3.925  ratio_rm=0.0000
[OMPT][WIN100ms] ompt_id=4503599627370497 tid=85247  tipo=ompt_thread_worker     cpu=103 numa=1  d_rm=      90  d_instr=1472474094  d_cyc= 373050564  d_all= 9512449  IPC=3.947  ratio_rm=0.0000
[OMPT] implicit_task_end: parallel_id=0 thread_num=0
[OMPT] parallel_end: parallel_id=281474976710879
[OMPT] parallel_begin: parallel_id=281474976710881 team_size=16
[OMPT] implicit_task_end: parallel_id=0 thread_num=12
[OMPT] implicit_task_end: parallel_id=0 thread_num=14
[OMPT] implicit_task_end: parallel_id=0 thread_num=4
[OMPT] implicit_task_end: parallel_id=0 thread_num=5
[OMPT] implicit_task_begin: parallel_id=281474976710881 thread_num=14 team_size=16
[OMPT] implicit_task_begin: parallel_id=281474976710881 thread_num=4 team_size=16
[OMPT] implicit_task_begin: parallel_id=281474976710881 thread_num=0 team_size=16
[OMPT] implicit_task_begin: parallel_id=281474976710881 thread_num=5 team_size=16
[OMPT] implicit_task_end: parallel_id=0 thread_num=2
[OMPT] implicit_task_end: parallel_id=0 thread_num=15
[OMPT] implicit_task_begin: parallel_id=281474976710881 thread_num=2 team_size=16
[OMPT] implicit_task_end: parallel_id=0 thread_num=13
[OMPT] implicit_task_begin: parallel_id=281474976710881 thread_num=15 team_size=16
[OMPT] implicit_task_begin: parallel_id=281474976710881 thread_num=13 team_size=16
[OMPT] implicit_task_end: parallel_id=0 thread_num=7
[OMPT] implicit_task_begin: parallel_id=281474976710881 thread_num=12 team_size=16
[OMPT] implicit_task_end: parallel_id=0 thread_num=1
[OMPT] implicit_task_end: parallel_id=0 thread_num=8
[OMPT] implicit_task_begin: parallel_id=281474976710881 thread_num=1 team_size=16
[OMPT] implicit_task_end: parallel_id=0 thread_num=10
[OMPT] implicit_task_begin: parallel_id=281474976710881 thread_num=7 team_size=16
[OMPT] implicit_task_begin: parallel_id=281474976710881 thread_num=10 team_size=16
[OMPT] implicit_task_end: parallel_id=0 thread_num=9
[OMPT] implicit_task_end: parallel_id=0 thread_num=3
[OMPT] implicit_task_begin: parallel_id=281474976710881 thread_num=9 team_size=16
[OMPT] implicit_task_begin: parallel_id=281474976710881 thread_num=8 team_size=16
[OMPT] implicit_task_begin: parallel_id=281474976710881 thread_num=3 team_size=16
[OMPT] implicit_task_end: parallel_id=0 thread_num=6
[OMPT] implicit_task_end: parallel_id=0 thread_num=11
[OMPT] implicit_task_begin: parallel_id=281474976710881 thread_num=6 team_size=16
[OMPT] implicit_task_begin: parallel_id=281474976710881 thread_num=11 team_size=16
[OMPT][WIN100ms] ompt_id=281474976710657 tid=85231  tipo=ompt_thread_initial    cpu=  1 numa=0  d_rm=     247  d_instr=1474999922  d_cyc= 374504425  d_all= 9534866  IPC=3.939  ratio_rm=0.0000
[OMPT][WIN100ms] ompt_id=562949953421313 tid=85233  tipo=ompt_thread_worker     cpu=169 numa=0  d_rm=     258  d_instr=1478419161  d_cyc= 373996128  d_all= 9561310  IPC=3.953  ratio_rm=0.0000
[OMPT][WIN100ms] ompt_id=844424930131969 tid=85234  tipo=ompt_thread_worker     cpu=120 numa=1  d_rm=     169  d_instr=1471307871  d_cyc= 373644799  d_all= 9503576  IPC=3.938  ratio_rm=0.0000
[OMPT][WIN100ms] ompt_id=1125899906842625 tid=85235  tipo=ompt_thread_worker     cpu= 32 numa=0  d_rm=     344  d_instr=1468003431  d_cyc= 373222333  d_all= 9478585  IPC=3.933  ratio_rm=0.0000
[OMPT][WIN100ms] ompt_id=1407374883553281 tid=85236  tipo=ompt_thread_worker     cpu=104 numa=1  d_rm=     112  d_instr=1468863553  d_cyc= 373984385  d_all= 9490549  IPC=3.928  ratio_rm=0.0000
[OMPT][WIN100ms] ompt_id=1688849860263937 tid=85237  tipo=ompt_thread_worker     cpu= 64 numa=1  d_rm=      94  d_instr=1483612573  d_cyc= 374371623  d_all= 9582760  IPC=3.963  ratio_rm=0.0000
[OMPT][WIN100ms] ompt_id=1970324836974593 tid=85238  tipo=ompt_thread_worker     cpu= 81 numa=1  d_rm=      80  d_instr=1473815778  d_cyc= 372733658  d_all= 9520590  IPC=3.954  ratio_rm=0.0000
[OMPT][WIN100ms] ompt_id=2251799813685249 tid=85239  tipo=ompt_thread_worker     cpu=247 numa=1  d_rm=      86  d_instr=1471690635  d_cyc= 373479945  d_all= 9503977  IPC=3.940  ratio_rm=0.0000
[OMPT][WIN100ms] ompt_id=2533274790395905 tid=85240  tipo=ompt_thread_worker     cpu= 16 numa=0  d_rm=     310  d_instr=1472585591  d_cyc= 373408501  d_all= 9515203  IPC=3.944  ratio_rm=0.0000
[OMPT][WIN100ms] ompt_id=2814749767106561 tid=85243  tipo=ompt_thread_worker     cpu= 48 numa=0  d_rm=     295  d_instr=1472567483  d_cyc= 374231951  d_all= 9527793  IPC=3.935  ratio_rm=0.0000
[OMPT][WIN100ms] ompt_id=3096224743817217 tid=85242  tipo=ompt_thread_worker     cpu= 56 numa=0  d_rm=     433  d_instr=1473299779  d_cyc= 374558397  d_all= 9523366  IPC=3.933  ratio_rm=0.0000
[OMPT][WIN100ms] ompt_id=3377699720527873 tid=85241  tipo=ompt_thread_worker     cpu= 79 numa=1  d_rm=     244  d_instr=1474978242  d_cyc= 373891791  d_all= 9525966  IPC=3.945  ratio_rm=0.0000
[OMPT][WIN100ms] ompt_id=3659174697238529 tid=85244  tipo=ompt_thread_worker     cpu= 95 numa=1  d_rm=     157  d_instr=1469930935  d_cyc= 373199226  d_all= 9488293  IPC=3.939  ratio_rm=0.0000
[OMPT][WIN100ms] ompt_id=3940649673949185 tid=85245  tipo=ompt_thread_worker     cpu=141 numa=0  d_rm=     289  d_instr=1469698436  d_cyc= 373903362  d_all= 9497347  IPC=3.931  ratio_rm=0.0000
[OMPT][WIN100ms] ompt_id=4222124650659841 tid=85246  tipo=ompt_thread_worker     cpu=239 numa=1  d_rm=     207  d_instr=1481199956  d_cyc= 373824749  d_all= 9572990  IPC=3.962  ratio_rm=0.0000
[OMPT][WIN100ms] ompt_id=4503599627370497 tid=85247  tipo=ompt_thread_worker     cpu=103 numa=1  d_rm=      95  d_instr=1472916334  d_cyc= 373592083  d_all= 9535551  IPC=3.943  ratio_rm=0.0000
[OMPT] implicit_task_end: parallel_id=0 thread_num=0
[OMPT] parallel_end: parallel_id=281474976710881
[OMPT] parallel_begin: parallel_id=281474976710883 team_size=16
[OMPT] implicit_task_end: parallel_id=0 thread_num=12
[OMPT] implicit_task_end: parallel_id=0 thread_num=14
[OMPT] implicit_task_begin: parallel_id=281474976710883 thread_num=12 team_size=16
[OMPT] implicit_task_end: parallel_id=0 thread_num=3
[OMPT] implicit_task_begin: parallel_id=281474976710883 thread_num=14 team_size=16
[OMPT] implicit_task_begin: parallel_id=281474976710883 thread_num=0 team_size=16
[OMPT] implicit_task_end: parallel_id=0 thread_num=4
[OMPT] implicit_task_end: parallel_id=0 thread_num=6
[OMPT] implicit_task_end: parallel_id=0 thread_num=1
[OMPT] implicit_task_begin: parallel_id=281474976710883 thread_num=6 team_size=16
[OMPT] implicit_task_end: parallel_id=0 thread_num=15
[OMPT] implicit_task_end: parallel_id=0 thread_num=8
[OMPT] implicit_task_end: parallel_id=0 thread_num=9
[OMPT] implicit_task_begin: parallel_id=281474976710883 thread_num=3 team_size=16
[OMPT] implicit_task_begin: parallel_id=281474976710883 thread_num=8 team_size=16
[OMPT] implicit_task_end: parallel_id=0 thread_num=7
[OMPT] implicit_task_end: parallel_id=0 thread_num=5
[OMPT] implicit_task_end: parallel_id=0 thread_num=2
[OMPT] implicit_task_end: parallel_id=0 thread_num=13
[OMPT] implicit_task_begin: parallel_id=281474976710883 thread_num=1 team_size=16
[OMPT] implicit_task_end: parallel_id=0 thread_num=11
[OMPT] implicit_task_end: parallel_id=0 thread_num=10
[OMPT] implicit_task_begin: parallel_id=281474976710883 thread_num=15 team_size=16
[OMPT] implicit_task_begin: parallel_id=281474976710883 thread_num=9 team_size=16
[OMPT] implicit_task_begin: parallel_id=281474976710883 thread_num=4 team_size=16
[OMPT] implicit_task_begin: parallel_id=281474976710883 thread_num=7 team_size=16
[OMPT] implicit_task_begin: parallel_id=281474976710883 thread_num=5 team_size=16
[OMPT] implicit_task_begin: parallel_id=281474976710883 thread_num=2 team_size=16
[OMPT] implicit_task_begin: parallel_id=281474976710883 thread_num=13 team_size=16
[OMPT] implicit_task_begin: parallel_id=281474976710883 thread_num=11 team_size=16
[OMPT] implicit_task_begin: parallel_id=281474976710883 thread_num=10 team_size=16
[OMPT][WIN100ms] ompt_id=281474976710657 tid=85231  tipo=ompt_thread_initial    cpu=  1 numa=0  d_rm=     207  d_instr=1474097809  d_cyc= 374380122  d_all= 9530854  IPC=3.937  ratio_rm=0.0000
[OMPT][WIN100ms] ompt_id=562949953421313 tid=85233  tipo=ompt_thread_worker     cpu=169 numa=0  d_rm=     241  d_instr=1471810628  d_cyc= 373745760  d_all= 9511952  IPC=3.938  ratio_rm=0.0000
[OMPT][WIN100ms] ompt_id=844424930131969 tid=85234  tipo=ompt_thread_worker     cpu=120 numa=1  d_rm=     172  d_instr=1476270573  d_cyc= 373045328  d_all= 9541278  IPC=3.957  ratio_rm=0.0000
[OMPT][WIN100ms] ompt_id=1125899906842625 tid=85235  tipo=ompt_thread_worker     cpu= 32 numa=0  d_rm=     338  d_instr=1478631291  d_cyc= 373956694  d_all= 9556134  IPC=3.954  ratio_rm=0.0000
[OMPT][WIN100ms] ompt_id=1407374883553281 tid=85236  tipo=ompt_thread_worker     cpu=104 numa=1  d_rm=     136  d_instr=1487691131  d_cyc= 372990143  d_all= 9618265  IPC=3.989  ratio_rm=0.0000
[OMPT][WIN100ms] ompt_id=1688849860263937 tid=85237  tipo=ompt_thread_worker     cpu= 64 numa=1  d_rm=      83  d_instr=1464999830  d_cyc= 372972366  d_all= 9455342  IPC=3.928  ratio_rm=0.0000
[OMPT][WIN100ms] ompt_id=1970324836974593 tid=85238  tipo=ompt_thread_worker     cpu= 81 numa=1  d_rm=      90  d_instr=1479513140  d_cyc= 373337147  d_all= 9556815  IPC=3.963  ratio_rm=0.0000
[OMPT][WIN100ms] ompt_id=2251799813685249 tid=85239  tipo=ompt_thread_worker     cpu=247 numa=1  d_rm=      91  d_instr=1476370925  d_cyc= 373329234  d_all= 9538098  IPC=3.955  ratio_rm=0.0000
[OMPT][WIN100ms] ompt_id=2533274790395905 tid=85240  tipo=ompt_thread_worker     cpu= 16 numa=0  d_rm=     233  d_instr=1484420969  d_cyc= 374022416  d_all= 9592617  IPC=3.969  ratio_rm=0.0000
[OMPT][WIN100ms] ompt_id=2814749767106561 tid=85243  tipo=ompt_thread_worker     cpu= 48 numa=0  d_rm=     256  d_instr=1477998309  d_cyc= 373925656  d_all= 9572209  IPC=3.953  ratio_rm=0.0000
[OMPT][WIN100ms] ompt_id=3096224743817217 tid=85242  tipo=ompt_thread_worker     cpu= 56 numa=0  d_rm=     358  d_instr=1471515624  d_cyc= 373892326  d_all= 9517852  IPC=3.936  ratio_rm=0.0000
[OMPT][WIN100ms] ompt_id=3377699720527873 tid=85241  tipo=ompt_thread_worker     cpu= 79 numa=1  d_rm=     196  d_instr=1470160078  d_cyc= 373882282  d_all= 9502221  IPC=3.932  ratio_rm=0.0000
[OMPT][WIN100ms] ompt_id=3659174697238529 tid=85244  tipo=ompt_thread_worker     cpu= 95 numa=1  d_rm=     156  d_instr=1480373590  d_cyc= 374139422  d_all= 9576937  IPC=3.957  ratio_rm=0.0000
[OMPT][WIN100ms] ompt_id=3940649673949185 tid=85245  tipo=ompt_thread_worker     cpu=141 numa=0  d_rm=     270  d_instr=1471613636  d_cyc= 373338240  d_all= 9536050  IPC=3.942  ratio_rm=0.0000
[OMPT][WIN100ms] ompt_id=4222124650659841 tid=85246  tipo=ompt_thread_worker     cpu=239 numa=1  d_rm=     211  d_instr=1471480257  d_cyc= 373892726  d_all= 9506845  IPC=3.936  ratio_rm=0.0000
[OMPT][WIN100ms] ompt_id=4503599627370497 tid=85247  tipo=ompt_thread_worker     cpu=103 numa=1  d_rm=      99  d_instr=1482327037  d_cyc= 373216703  d_all= 9600510  IPC=3.972  ratio_rm=0.0000
[OMPT] implicit_task_end: parallel_id=0 thread_num=0
[OMPT] parallel_end: parallel_id=281474976710883
[OMPT] parallel_begin: parallel_id=281474976710885 team_size=16
[OMPT] implicit_task_end: parallel_id=0 thread_num=12
[OMPT] implicit_task_end: parallel_id=0 thread_num=14
[OMPT] implicit_task_begin: parallel_id=281474976710885 thread_num=12 team_size=16
[OMPT] implicit_task_end: parallel_id=0 thread_num=4
[OMPT] implicit_task_end: parallel_id=0 thread_num=5
[OMPT] implicit_task_end: parallel_id=0 thread_num=8
[OMPT] implicit_task_end: parallel_id=0 thread_num=10
[OMPT] implicit_task_end: parallel_id=0 thread_num=2
[OMPT] implicit_task_end: parallel_id=0 thread_num=1
[OMPT] implicit_task_begin: parallel_id=281474976710885 thread_num=10 team_size=16
[OMPT] implicit_task_end: parallel_id=0 thread_num=15
[OMPT] implicit_task_begin: parallel_id=281474976710885 thread_num=2 team_size=16
[OMPT] implicit_task_end: parallel_id=0 thread_num=3
[OMPT] implicit_task_begin: parallel_id=281474976710885 thread_num=15 team_size=16
[OMPT] implicit_task_end: parallel_id=0 thread_num=7
[OMPT] implicit_task_begin: parallel_id=281474976710885 thread_num=3 team_size=16
[OMPT] implicit_task_end: parallel_id=0 thread_num=6
[OMPT] implicit_task_begin: parallel_id=281474976710885 thread_num=7 team_size=16
[OMPT] implicit_task_begin: parallel_id=281474976710885 thread_num=14 team_size=16
[OMPT] implicit_task_begin: parallel_id=281474976710885 thread_num=6 team_size=16
[OMPT] implicit_task_begin: parallel_id=281474976710885 thread_num=4 team_size=16
[OMPT] implicit_task_begin: parallel_id=281474976710885 thread_num=5 team_size=16
[OMPT] implicit_task_end: parallel_id=0 thread_num=9
[OMPT] implicit_task_end: parallel_id=0 thread_num=11
[OMPT] implicit_task_begin: parallel_id=281474976710885 thread_num=8 team_size=16
[OMPT] implicit_task_begin: parallel_id=281474976710885 thread_num=11 team_size=16
[OMPT] implicit_task_begin: parallel_id=281474976710885 thread_num=1 team_size=16
[OMPT] implicit_task_begin: parallel_id=281474976710885 thread_num=0 team_size=16
[OMPT] implicit_task_begin: parallel_id=281474976710885 thread_num=9 team_size=16
[OMPT] implicit_task_end: parallel_id=0 thread_num=13
[OMPT] implicit_task_begin: parallel_id=281474976710885 thread_num=13 team_size=16
[OMPT] implicit_task_end: parallel_id=0 thread_num=0
[OMPT] parallel_end: parallel_id=281474976710885
[OMPT] parallel_begin: parallel_id=281474976710887 team_size=16
[OMPT] implicit_task_end: parallel_id=0 thread_num=4
[OMPT] implicit_task_end: parallel_id=0 thread_num=7
[OMPT] implicit_task_begin: parallel_id=281474976710887 thread_num=4 team_size=16
[OMPT] implicit_task_end: parallel_id=0 thread_num=2
[OMPT] implicit_task_begin: parallel_id=281474976710887 thread_num=7 team_size=16
[OMPT] implicit_task_end: parallel_id=0 thread_num=12
[OMPT] implicit_task_end: parallel_id=0 thread_num=14
[OMPT] implicit_task_begin: parallel_id=281474976710887 thread_num=2 team_size=16
[OMPT] implicit_task_end: parallel_id=0 thread_num=8
[OMPT] implicit_task_end: parallel_id=0 thread_num=3
[OMPT] implicit_task_begin: parallel_id=281474976710887 thread_num=14 team_size=16
[OMPT] implicit_task_begin: parallel_id=281474976710887 thread_num=8 team_size=16
[OMPT] implicit_task_end: parallel_id=0 thread_num=1
[OMPT] implicit_task_end: parallel_id=0 thread_num=13
[OMPT] implicit_task_begin: parallel_id=281474976710887 thread_num=13 team_size=16
[OMPT] implicit_task_end: parallel_id=0 thread_num=15
[OMPT] implicit_task_begin: parallel_id=281474976710887 thread_num=0 team_size=16
[OMPT] implicit_task_begin: parallel_id=281474976710887 thread_num=12 team_size=16
[OMPT] implicit_task_begin: parallel_id=281474976710887 thread_num=15 team_size=16
[OMPT] implicit_task_end: parallel_id=0 thread_num=11
[OMPT] implicit_task_end: parallel_id=0 thread_num=9
[OMPT] implicit_task_end: parallel_id=0 thread_num=10
[OMPT] implicit_task_end: parallel_id=0 thread_num=5
[OMPT] implicit_task_begin: parallel_id=281474976710887 thread_num=10 team_size=16
[OMPT] implicit_task_begin: parallel_id=281474976710887 thread_num=3 team_size=16
[OMPT] implicit_task_begin: parallel_id=281474976710887 thread_num=5 team_size=16
[OMPT] implicit_task_end: parallel_id=0 thread_num=6
[OMPT] implicit_task_begin: parallel_id=281474976710887 thread_num=1 team_size=16
[OMPT] implicit_task_begin: parallel_id=281474976710887 thread_num=6 team_size=16
[OMPT] implicit_task_begin: parallel_id=281474976710887 thread_num=9 team_size=16
[OMPT] implicit_task_begin: parallel_id=281474976710887 thread_num=11 team_size=16
[OMPT][WIN100ms] ompt_id=281474976710657 tid=85231  tipo=ompt_thread_initial    cpu=  1 numa=0  d_rm=     494  d_instr=1452784075  d_cyc= 372048662  d_all= 9392478  IPC=3.905  ratio_rm=0.0001
[OMPT][WIN100ms] ompt_id=562949953421313 tid=85233  tipo=ompt_thread_worker     cpu=169 numa=0  d_rm=     536  d_instr=1451777691  d_cyc= 371955025  d_all= 9381368  IPC=3.903  ratio_rm=0.0001
[OMPT][WIN100ms] ompt_id=844424930131969 tid=85234  tipo=ompt_thread_worker     cpu=120 numa=1  d_rm=     306  d_instr=1455568005  d_cyc= 372973505  d_all= 9380682  IPC=3.903  ratio_rm=0.0000
[OMPT][WIN100ms] ompt_id=1125899906842625 tid=85235  tipo=ompt_thread_worker     cpu= 32 numa=0  d_rm=     683  d_instr=1455338302  d_cyc= 371946859  d_all= 9372261  IPC=3.913  ratio_rm=0.0001
[OMPT][WIN100ms] ompt_id=1407374883553281 tid=85236  tipo=ompt_thread_worker     cpu=104 numa=1  d_rm=     258  d_instr=1454773207  d_cyc= 372393055  d_all= 9368655  IPC=3.907  ratio_rm=0.0000
[OMPT][WIN100ms] ompt_id=1688849860263937 tid=85237  tipo=ompt_thread_worker     cpu= 64 numa=1  d_rm=     158  d_instr=1455694275  d_cyc= 372044468  d_all= 9389512  IPC=3.913  ratio_rm=0.0000
[OMPT][WIN100ms] ompt_id=1970324836974593 tid=85238  tipo=ompt_thread_worker     cpu= 81 numa=1  d_rm=     169  d_instr=1446522233  d_cyc= 371788559  d_all= 9333101  IPC=3.891  ratio_rm=0.0000
[OMPT][WIN100ms] ompt_id=2251799813685249 tid=85239  tipo=ompt_thread_worker     cpu=247 numa=1  d_rm=     167  d_instr=1456309105  d_cyc= 373050420  d_all= 9382662  IPC=3.904  ratio_rm=0.0000
[OMPT][WIN100ms] ompt_id=2533274790395905 tid=85240  tipo=ompt_thread_worker     cpu= 16 numa=0  d_rm=     641  d_instr=1449486953  d_cyc= 372095001  d_all= 9335764  IPC=3.895  ratio_rm=0.0001
[OMPT][WIN100ms] ompt_id=2814749767106561 tid=85243  tipo=ompt_thread_worker     cpu= 48 numa=0  d_rm=     616  d_instr=1453106215  d_cyc= 372438874  d_all= 9412935  IPC=3.902  ratio_rm=0.0001
[OMPT][WIN100ms] ompt_id=3096224743817217 tid=85242  tipo=ompt_thread_worker     cpu= 56 numa=0  d_rm=     754  d_instr=1460483313  d_cyc= 373423192  d_all= 9447322  IPC=3.911  ratio_rm=0.0001
[OMPT][WIN100ms] ompt_id=3377699720527873 tid=85241  tipo=ompt_thread_worker     cpu= 79 numa=1  d_rm=     425  d_instr=1456197156  d_cyc= 372102580  d_all= 9414233  IPC=3.913  ratio_rm=0.0000
[OMPT][WIN100ms] ompt_id=3659174697238529 tid=85244  tipo=ompt_thread_worker     cpu= 95 numa=1  d_rm=     314  d_instr=1450234082  d_cyc= 372558920  d_all= 9343071  IPC=3.893  ratio_rm=0.0000
[OMPT][WIN100ms] ompt_id=3940649673949185 tid=85245  tipo=ompt_thread_worker     cpu=141 numa=0  d_rm=     535  d_instr=1462223689  d_cyc= 372630412  d_all= 9462013  IPC=3.924  ratio_rm=0.0001
[OMPT][WIN100ms] ompt_id=4222124650659841 tid=85246  tipo=ompt_thread_worker     cpu=239 numa=1  d_rm=     364  d_instr=1454633284  d_cyc= 372566094  d_all= 9382770  IPC=3.904  ratio_rm=0.0000
[OMPT][WIN100ms] ompt_id=4503599627370497 tid=85247  tipo=ompt_thread_worker     cpu=103 numa=1  d_rm=     171  d_instr=1452204250  d_cyc= 371998809  d_all= 9366795  IPC=3.904  ratio_rm=0.0000
[OMPT] implicit_task_end: parallel_id=0 thread_num=0
[OMPT] parallel_end: parallel_id=281474976710887
[OMPT] parallel_begin: parallel_id=281474976710889 team_size=16
[OMPT] implicit_task_end: parallel_id=0 thread_num=12
[OMPT] implicit_task_end: parallel_id=0 thread_num=15
[OMPT] implicit_task_begin: parallel_id=281474976710889 thread_num=12 team_size=16
[OMPT] implicit_task_end: parallel_id=0 thread_num=8
[OMPT] implicit_task_end: parallel_id=0 thread_num=11
[OMPT] implicit_task_end: parallel_id=0 thread_num=2
[OMPT] implicit_task_end: parallel_id=0 thread_num=1
[OMPT] implicit_task_begin: parallel_id=281474976710889 thread_num=2 team_size=16
[OMPT] implicit_task_end: parallel_id=0 thread_num=4
[OMPT] implicit_task_end: parallel_id=0 thread_num=7
[OMPT] implicit_task_begin: parallel_id=281474976710889 thread_num=4 team_size=16
[OMPT] implicit_task_end: parallel_id=0 thread_num=13
[OMPT] implicit_task_begin: parallel_id=281474976710889 thread_num=7 team_size=16
[OMPT] implicit_task_end: parallel_id=0 thread_num=3
[OMPT] implicit_task_begin: parallel_id=281474976710889 thread_num=3 team_size=16
[OMPT] implicit_task_begin: parallel_id=281474976710889 thread_num=15 team_size=16
[OMPT] implicit_task_end: parallel_id=0 thread_num=9
[OMPT] implicit_task_begin: parallel_id=281474976710889 thread_num=8 team_size=16
[OMPT] implicit_task_begin: parallel_id=281474976710889 thread_num=9 team_size=16
[OMPT] implicit_task_begin: parallel_id=281474976710889 thread_num=0 team_size=16
[OMPT] implicit_task_begin: parallel_id=281474976710889 thread_num=11 team_size=16
[OMPT] implicit_task_begin: parallel_id=281474976710889 thread_num=1 team_size=16
[OMPT] implicit_task_end: parallel_id=0 thread_num=6
[OMPT] implicit_task_end: parallel_id=0 thread_num=5
[OMPT] implicit_task_end: parallel_id=0 thread_num=14
[OMPT] implicit_task_begin: parallel_id=281474976710889 thread_num=5 team_size=16
[OMPT] implicit_task_begin: parallel_id=281474976710889 thread_num=13 team_size=16
[OMPT] implicit_task_end: parallel_id=0 thread_num=10
[OMPT] implicit_task_begin: parallel_id=281474976710889 thread_num=6 team_size=16
[OMPT] implicit_task_begin: parallel_id=281474976710889 thread_num=14 team_size=16
[OMPT] implicit_task_begin: parallel_id=281474976710889 thread_num=10 team_size=16
[OMPT][WIN100ms] ompt_id=281474976710657 tid=85231  tipo=ompt_thread_initial    cpu=  1 numa=0  d_rm=     190  d_instr=1460492695  d_cyc= 373559854  d_all= 9446746  IPC=3.910  ratio_rm=0.0000
[OMPT][WIN100ms] ompt_id=562949953421313 tid=85233  tipo=ompt_thread_worker     cpu=169 numa=0  d_rm=     238  d_instr=1465477663  d_cyc= 373215745  d_all= 9466930  IPC=3.927  ratio_rm=0.0000
[OMPT][WIN100ms] ompt_id=844424930131969 tid=85234  tipo=ompt_thread_worker     cpu=120 numa=1  d_rm=     174  d_instr=1469676346  d_cyc= 373416781  d_all= 9483284  IPC=3.936  ratio_rm=0.0000
[OMPT][WIN100ms] ompt_id=1125899906842625 tid=85235  tipo=ompt_thread_worker     cpu= 32 numa=0  d_rm=     302  d_instr=1464319810  d_cyc= 373262053  d_all= 9451862  IPC=3.923  ratio_rm=0.0000
[OMPT][WIN100ms] ompt_id=1407374883553281 tid=85236  tipo=ompt_thread_worker     cpu=104 numa=1  d_rm=     157  d_instr=1464432520  d_cyc= 372741202  d_all= 9446334  IPC=3.929  ratio_rm=0.0000
[OMPT][WIN100ms] ompt_id=1688849860263937 tid=85237  tipo=ompt_thread_worker     cpu= 64 numa=1  d_rm=      86  d_instr=1466377224  d_cyc= 373229696  d_all= 9462394  IPC=3.929  ratio_rm=0.0000
[OMPT][WIN100ms] ompt_id=1970324836974593 tid=85238  tipo=ompt_thread_worker     cpu= 81 numa=1  d_rm=      78  d_instr=1467865187  d_cyc= 372733773  d_all= 9481232  IPC=3.938  ratio_rm=0.0000
[OMPT][WIN100ms] ompt_id=2251799813685249 tid=85239  tipo=ompt_thread_worker     cpu=247 numa=1  d_rm=      97  d_instr=1471242472  d_cyc= 373648813  d_all= 9501943  IPC=3.938  ratio_rm=0.0000
[OMPT][WIN100ms] ompt_id=2533274790395905 tid=85240  tipo=ompt_thread_worker     cpu= 16 numa=0  d_rm=     260  d_instr=1459711597  d_cyc= 372936705  d_all= 9448251  IPC=3.914  ratio_rm=0.0000
[OMPT][WIN100ms] ompt_id=2814749767106561 tid=85243  tipo=ompt_thread_worker     cpu= 48 numa=0  d_rm=     249  d_instr=1469998465  d_cyc= 373196572  d_all= 9510923  IPC=3.939  ratio_rm=0.0000
[OMPT][WIN100ms] ompt_id=3096224743817217 tid=85242  tipo=ompt_thread_worker     cpu= 56 numa=0  d_rm=     330  d_instr=1460324066  d_cyc= 372776441  d_all= 9447202  IPC=3.917  ratio_rm=0.0000
[OMPT][WIN100ms] ompt_id=3377699720527873 tid=85241  tipo=ompt_thread_worker     cpu= 79 numa=1  d_rm=     192  d_instr=1467215466  d_cyc= 373007653  d_all= 9483329  IPC=3.933  ratio_rm=0.0000
[OMPT][WIN100ms] ompt_id=3659174697238529 tid=85244  tipo=ompt_thread_worker     cpu= 95 numa=1  d_rm=     169  d_instr=1470795489  d_cyc= 373800110  d_all= 9510410  IPC=3.935  ratio_rm=0.0000
[OMPT][WIN100ms] ompt_id=3940649673949185 tid=85245  tipo=ompt_thread_worker     cpu=141 numa=0  d_rm=     254  d_instr=1463517838  d_cyc= 372465301  d_all= 9462100  IPC=3.929  ratio_rm=0.0000
[OMPT][WIN100ms] ompt_id=4222124650659841 tid=85246  tipo=ompt_thread_worker     cpu=239 numa=1  d_rm=     166  d_instr=1458985251  d_cyc= 372078846  d_all= 9422432  IPC=3.921  ratio_rm=0.0000
[OMPT][WIN100ms] ompt_id=4503599627370497 tid=85247  tipo=ompt_thread_worker     cpu=103 numa=1  d_rm=      98  d_instr=1468377070  d_cyc= 372951169  d_all= 9496415  IPC=3.937  ratio_rm=0.0000
[OMPT] implicit_task_end: parallel_id=0 thread_num=0
[OMPT] parallel_end: parallel_id=281474976710889
[OMPT] parallel_begin: parallel_id=281474976710891 team_size=16
[OMPT] implicit_task_end: parallel_id=0 thread_num=12
[OMPT] implicit_task_end: parallel_id=0 thread_num=14
[OMPT] implicit_task_end: parallel_id=0 thread_num=4
[OMPT] implicit_task_end: parallel_id=0 thread_num=7
[OMPT] implicit_task_begin: parallel_id=281474976710891 thread_num=14 team_size=16
[OMPT] implicit_task_begin: parallel_id=281474976710891 thread_num=4 team_size=16
[OMPT] implicit_task_end: parallel_id=0 thread_num=3
[OMPT] implicit_task_begin: parallel_id=281474976710891 thread_num=3 team_size=16
[OMPT] implicit_task_end: parallel_id=0 thread_num=2
[OMPT] implicit_task_end: parallel_id=0 thread_num=13
[OMPT] implicit_task_begin: parallel_id=281474976710891 thread_num=2 team_size=16
[OMPT] implicit_task_begin: parallel_id=281474976710891 thread_num=13 team_size=16
[OMPT] implicit_task_end: parallel_id=0 thread_num=15
[OMPT] implicit_task_end: parallel_id=0 thread_num=5
[OMPT] implicit_task_begin: parallel_id=281474976710891 thread_num=15 team_size=16
[OMPT] implicit_task_end: parallel_id=0 thread_num=6
[OMPT] implicit_task_begin: parallel_id=281474976710891 thread_num=12 team_size=16
[OMPT] implicit_task_end: parallel_id=0 thread_num=8
[OMPT] implicit_task_end: parallel_id=0 thread_num=9
[OMPT] implicit_task_end: parallel_id=0 thread_num=1
[OMPT] implicit_task_begin: parallel_id=281474976710891 thread_num=9 team_size=16
[OMPT] implicit_task_begin: parallel_id=281474976710891 thread_num=7 team_size=16
[OMPT] implicit_task_begin: parallel_id=281474976710891 thread_num=5 team_size=16
[OMPT] implicit_task_begin: parallel_id=281474976710891 thread_num=6 team_size=16
[OMPT] implicit_task_end: parallel_id=0 thread_num=10
[OMPT] implicit_task_end: parallel_id=0 thread_num=11
[OMPT] implicit_task_begin: parallel_id=281474976710891 thread_num=10 team_size=16
[OMPT] implicit_task_begin: parallel_id=281474976710891 thread_num=0 team_size=16
[OMPT] implicit_task_begin: parallel_id=281474976710891 thread_num=11 team_size=16
[OMPT] implicit_task_begin: parallel_id=281474976710891 thread_num=1 team_size=16
[OMPT] implicit_task_begin: parallel_id=281474976710891 thread_num=8 team_size=16
[OMPT][WIN100ms] ompt_id=281474976710657 tid=85231  tipo=ompt_thread_initial    cpu=  1 numa=0  d_rm=     227  d_instr=1455626686  d_cyc= 373143242  d_all= 9415806  IPC=3.901  ratio_rm=0.0000
[OMPT][WIN100ms] ompt_id=562949953421313 tid=85233  tipo=ompt_thread_worker     cpu=169 numa=0  d_rm=     272  d_instr=1464360531  d_cyc= 372856136  d_all= 9449517  IPC=3.927  ratio_rm=0.0000
[OMPT][WIN100ms] ompt_id=844424930131969 tid=85234  tipo=ompt_thread_worker     cpu=120 numa=1  d_rm=     148  d_instr=1460049710  d_cyc= 373458596  d_all= 9419376  IPC=3.910  ratio_rm=0.0000
[OMPT][WIN100ms] ompt_id=1125899906842625 tid=85235  tipo=ompt_thread_worker     cpu= 32 numa=0  d_rm=     410  d_instr=1468683832  d_cyc= 374013262  d_all= 9492279  IPC=3.927  ratio_rm=0.0000
[OMPT][WIN100ms] ompt_id=1407374883553281 tid=85236  tipo=ompt_thread_worker     cpu=104 numa=1  d_rm=     127  d_instr=1466429472  d_cyc= 373687518  d_all= 9471161  IPC=3.924  ratio_rm=0.0000
[OMPT][WIN100ms] ompt_id=1688849860263937 tid=85237  tipo=ompt_thread_worker     cpu= 64 numa=1  d_rm=      82  d_instr=1467160437  d_cyc= 373344051  d_all= 9495043  IPC=3.930  ratio_rm=0.0000
[OMPT][WIN100ms] ompt_id=1970324836974593 tid=85238  tipo=ompt_thread_worker     cpu= 81 numa=1  d_rm=      85  d_instr=1467408796  d_cyc= 372577909  d_all= 9482174  IPC=3.939  ratio_rm=0.0000
[OMPT][WIN100ms] ompt_id=2251799813685249 tid=85239  tipo=ompt_thread_worker     cpu=247 numa=1  d_rm=     107  d_instr=1458162275  d_cyc= 373109168  d_all= 9415208  IPC=3.908  ratio_rm=0.0000
[OMPT][WIN100ms] ompt_id=2533274790395905 tid=85240  tipo=ompt_thread_worker     cpu= 16 numa=0  d_rm=     268  d_instr=1464282742  d_cyc= 372804218  d_all= 9471544  IPC=3.928  ratio_rm=0.0000
[OMPT][WIN100ms] ompt_id=2814749767106561 tid=85243  tipo=ompt_thread_worker     cpu= 48 numa=0  d_rm=     296  d_instr=1458672128  d_cyc= 373866268  d_all= 9432889  IPC=3.902  ratio_rm=0.0000
[OMPT][WIN100ms] ompt_id=3096224743817217 tid=85242  tipo=ompt_thread_worker     cpu= 56 numa=0  d_rm=     416  d_instr=1466834743  d_cyc= 373903434  d_all= 9495804  IPC=3.923  ratio_rm=0.0000
[OMPT][WIN100ms] ompt_id=3377699720527873 tid=85241  tipo=ompt_thread_worker     cpu= 79 numa=1  d_rm=     222  d_instr=1466954136  d_cyc= 373904057  d_all= 9487605  IPC=3.923  ratio_rm=0.0000
[OMPT][WIN100ms] ompt_id=3659174697238529 tid=85244  tipo=ompt_thread_worker     cpu= 95 numa=1  d_rm=     205  d_instr=1464000650  d_cyc= 372952868  d_all= 9457633  IPC=3.925  ratio_rm=0.0000
[OMPT][WIN100ms] ompt_id=3940649673949185 tid=85245  tipo=ompt_thread_worker     cpu=141 numa=0  d_rm=     291  d_instr=1464725859  d_cyc= 373424312  d_all= 9462665  IPC=3.922  ratio_rm=0.0000
[OMPT][WIN100ms] ompt_id=4222124650659841 tid=85246  tipo=ompt_thread_worker     cpu=239 numa=1  d_rm=     159  d_instr=1470709598  d_cyc= 373814771  d_all= 9511935  IPC=3.934  ratio_rm=0.0000
[OMPT][WIN100ms] ompt_id=4503599627370497 tid=85247  tipo=ompt_thread_worker     cpu=103 numa=1  d_rm=      89  d_instr=1466451429  d_cyc= 373210610  d_all= 9476100  IPC=3.929  ratio_rm=0.0000
[OMPT] implicit_task_end: parallel_id=0 thread_num=0
[OMPT] parallel_end: parallel_id=281474976710891
[OMPT] parallel_begin: parallel_id=281474976710893 team_size=16
[OMPT] implicit_task_end: parallel_id=0 thread_num=12
[OMPT] implicit_task_end: parallel_id=0 thread_num=14
[OMPT] implicit_task_begin: parallel_id=281474976710893 thread_num=12 team_size=16
[OMPT] implicit_task_end: parallel_id=0 thread_num=3
[OMPT] implicit_task_begin: parallel_id=281474976710893 thread_num=14 team_size=16
[OMPT] implicit_task_end: parallel_id=0 thread_num=1
[OMPT] implicit_task_begin: parallel_id=281474976710893 thread_num=3 team_size=16
[OMPT] implicit_task_end: parallel_id=0 thread_num=8
[OMPT] implicit_task_end: parallel_id=0 thread_num=10
[OMPT] implicit_task_end: parallel_id=0 thread_num=4
[OMPT] implicit_task_end: parallel_id=0 thread_num=5
[OMPT] implicit_task_begin: parallel_id=281474976710893 thread_num=10 team_size=16
[OMPT] implicit_task_begin: parallel_id=281474976710893 thread_num=4 team_size=16
[OMPT] implicit_task_end: parallel_id=0 thread_num=15
[OMPT] implicit_task_begin: parallel_id=281474976710893 thread_num=0 team_size=16
[OMPT] implicit_task_begin: parallel_id=281474976710893 thread_num=1 team_size=16
[OMPT] implicit_task_begin: parallel_id=281474976710893 thread_num=15 team_size=16
[OMPT] implicit_task_end: parallel_id=0 thread_num=11
[OMPT] implicit_task_end: parallel_id=0 thread_num=9
[OMPT] implicit_task_begin: parallel_id=281474976710893 thread_num=11 team_size=16
[OMPT] implicit_task_end: parallel_id=0 thread_num=6
[OMPT] implicit_task_begin: parallel_id=281474976710893 thread_num=9 team_size=16
[OMPT] implicit_task_end: parallel_id=0 thread_num=7
[OMPT] implicit_task_end: parallel_id=0 thread_num=2
[OMPT] implicit_task_end: parallel_id=0 thread_num=13
[OMPT] implicit_task_begin: parallel_id=281474976710893 thread_num=5 team_size=16
[OMPT] implicit_task_begin: parallel_id=281474976710893 thread_num=13 team_size=16
[OMPT] implicit_task_begin: parallel_id=281474976710893 thread_num=8 team_size=16
[OMPT] implicit_task_begin: parallel_id=281474976710893 thread_num=6 team_size=16
[OMPT] implicit_task_begin: parallel_id=281474976710893 thread_num=7 team_size=16
[OMPT] implicit_task_begin: parallel_id=281474976710893 thread_num=2 team_size=16
[OMPT][WIN100ms] ompt_id=281474976710657 tid=85231  tipo=ompt_thread_initial    cpu=  1 numa=0  d_rm=     176  d_instr=1471815922  d_cyc= 374176910  d_all= 9528789  IPC=3.933  ratio_rm=0.0000
[OMPT][WIN100ms] ompt_id=562949953421313 tid=85233  tipo=ompt_thread_worker     cpu=169 numa=0  d_rm=     216  d_instr=1476340446  d_cyc= 373987138  d_all= 9551722  IPC=3.948  ratio_rm=0.0000
[OMPT][WIN100ms] ompt_id=844424930131969 tid=85234  tipo=ompt_thread_worker     cpu=120 numa=1  d_rm=     165  d_instr=1468674857  d_cyc= 372796959  d_all= 9507616  IPC=3.940  ratio_rm=0.0000
[OMPT][WIN100ms] ompt_id=1125899906842625 tid=85235  tipo=ompt_thread_worker     cpu= 32 numa=0  d_rm=     322  d_instr=1471540106  d_cyc= 374183193  d_all= 9513988  IPC=3.933  ratio_rm=0.0000
[OMPT][WIN100ms] ompt_id=1407374883553281 tid=85236  tipo=ompt_thread_worker     cpu=104 numa=1  d_rm=     102  d_instr=1468744131  d_cyc= 373489566  d_all= 9497940  IPC=3.932  ratio_rm=0.0000
[OMPT][WIN100ms] ompt_id=1688849860263937 tid=85237  tipo=ompt_thread_worker     cpu= 64 numa=1  d_rm=      77  d_instr=1467792482  d_cyc= 373439259  d_all= 9498678  IPC=3.930  ratio_rm=0.0000
[OMPT][WIN100ms] ompt_id=1970324836974593 tid=85238  tipo=ompt_thread_worker     cpu= 81 numa=1  d_rm=      94  d_instr=1471043001  d_cyc= 373233478  d_all= 9518848  IPC=3.941  ratio_rm=0.0000
[OMPT][WIN100ms] ompt_id=2251799813685249 tid=85239  tipo=ompt_thread_worker     cpu=247 numa=1  d_rm=     102  d_instr=1474595414  d_cyc= 373393015  d_all= 9540350  IPC=3.949  ratio_rm=0.0000
[OMPT][WIN100ms] ompt_id=2533274790395905 tid=85240  tipo=ompt_thread_worker     cpu= 16 numa=0  d_rm=     245  d_instr=1475113593  d_cyc= 373110024  d_all= 9544475  IPC=3.954  ratio_rm=0.0000
[OMPT][WIN100ms] ompt_id=2814749767106561 tid=85243  tipo=ompt_thread_worker     cpu= 48 numa=0  d_rm=     248  d_instr=1477726582  d_cyc= 374274435  d_all= 9582437  IPC=3.948  ratio_rm=0.0000
[OMPT][WIN100ms] ompt_id=3096224743817217 tid=85242  tipo=ompt_thread_worker     cpu= 56 numa=0  d_rm=     333  d_instr=1474142359  d_cyc= 374361474  d_all= 9551103  IPC=3.938  ratio_rm=0.0000
[OMPT][WIN100ms] ompt_id=3377699720527873 tid=85241  tipo=ompt_thread_worker     cpu= 79 numa=1  d_rm=     209  d_instr=1472331260  d_cyc= 373219797  d_all= 9525815  IPC=3.945  ratio_rm=0.0000
[OMPT][WIN100ms] ompt_id=3659174697238529 tid=85244  tipo=ompt_thread_worker     cpu= 95 numa=1  d_rm=     218  d_instr=1473603690  d_cyc= 374093507  d_all= 9532536  IPC=3.939  ratio_rm=0.0000
[OMPT][WIN100ms] ompt_id=3940649673949185 tid=85245  tipo=ompt_thread_worker     cpu=141 numa=0  d_rm=     249  d_instr=1467569283  d_cyc= 373324857  d_all= 9507028  IPC=3.931  ratio_rm=0.0000
[OMPT][WIN100ms] ompt_id=4222124650659841 tid=85246  tipo=ompt_thread_worker     cpu=239 numa=1  d_rm=     191  d_instr=1475054591  d_cyc= 373769387  d_all= 9539109  IPC=3.946  ratio_rm=0.0000
[OMPT][WIN100ms] ompt_id=4503599627370497 tid=85247  tipo=ompt_thread_worker     cpu=103 numa=1  d_rm=      85  d_instr=1474818257  d_cyc= 373426020  d_all= 9541714  IPC=3.949  ratio_rm=0.0000
[OMPT] implicit_task_end: parallel_id=0 thread_num=0
[OMPT] parallel_end: parallel_id=281474976710893
[OMPT] parallel_begin: parallel_id=281474976710895 team_size=16
[OMPT] implicit_task_end: parallel_id=0 thread_num=12
[OMPT] implicit_task_end: parallel_id=0 thread_num=14
[OMPT] implicit_task_begin: parallel_id=281474976710895 thread_num=12 team_size=16
[OMPT] implicit_task_end: parallel_id=0 thread_num=8
[OMPT] implicit_task_end: parallel_id=0 thread_num=9
[OMPT] implicit_task_end: parallel_id=0 thread_num=4
[OMPT] implicit_task_end: parallel_id=0 thread_num=7
[OMPT] implicit_task_begin: parallel_id=281474976710895 thread_num=9 team_size=16
[OMPT] implicit_task_begin: parallel_id=281474976710895 thread_num=4 team_size=16
[OMPT] implicit_task_begin: parallel_id=281474976710895 thread_num=0 team_size=16
[OMPT] implicit_task_begin: parallel_id=281474976710895 thread_num=7 team_size=16
[OMPT] implicit_task_end: parallel_id=0 thread_num=15
[OMPT] implicit_task_end: parallel_id=0 thread_num=3
[OMPT] implicit_task_begin: parallel_id=281474976710895 thread_num=14 team_size=16
[OMPT] implicit_task_begin: parallel_id=281474976710895 thread_num=3 team_size=16
[OMPT] implicit_task_end: parallel_id=0 thread_num=11
[OMPT] implicit_task_end: parallel_id=0 thread_num=10
[OMPT] implicit_task_begin: parallel_id=281474976710895 thread_num=8 team_size=16
[OMPT] implicit_task_begin: parallel_id=281474976710895 thread_num=10 team_size=16
[OMPT] implicit_task_end: parallel_id=0 thread_num=5
[OMPT] implicit_task_begin: parallel_id=281474976710895 thread_num=5 team_size=16
[OMPT] implicit_task_end: parallel_id=0 thread_num=1
[OMPT] implicit_task_end: parallel_id=0 thread_num=2
[OMPT] implicit_task_end: parallel_id=0 thread_num=13
[OMPT] implicit_task_begin: parallel_id=281474976710895 thread_num=2 team_size=16
[OMPT] implicit_task_begin: parallel_id=281474976710895 thread_num=13 team_size=16
[OMPT] implicit_task_begin: parallel_id=281474976710895 thread_num=11 team_size=16
[OMPT] implicit_task_end: parallel_id=0 thread_num=6
[OMPT] implicit_task_begin: parallel_id=281474976710895 thread_num=1 team_size=16
[OMPT] implicit_task_begin: parallel_id=281474976710895 thread_num=15 team_size=16
[OMPT] implicit_task_begin: parallel_id=281474976710895 thread_num=6 team_size=16
[OMPT][WIN100ms] ompt_id=281474976710657 tid=85231  tipo=ompt_thread_initial    cpu=  1 numa=0  d_rm=     227  d_instr=1463303705  d_cyc= 374149860  d_all= 9475919  IPC=3.911  ratio_rm=0.0000
[OMPT][WIN100ms] ompt_id=562949953421313 tid=85233  tipo=ompt_thread_worker     cpu=169 numa=0  d_rm=     272  d_instr=1465802180  d_cyc= 372896515  d_all= 9480733  IPC=3.931  ratio_rm=0.0000
[OMPT][WIN100ms] ompt_id=844424930131969 tid=85234  tipo=ompt_thread_worker     cpu=120 numa=1  d_rm=     161  d_instr=1471252226  d_cyc= 372779760  d_all= 9520607  IPC=3.947  ratio_rm=0.0000
[OMPT][WIN100ms] ompt_id=1125899906842625 tid=85235  tipo=ompt_thread_worker     cpu= 32 numa=0  d_rm=     371  d_instr=1466565591  d_cyc= 373554751  d_all= 9485826  IPC=3.926  ratio_rm=0.0000
[OMPT][WIN100ms] ompt_id=1407374883553281 tid=85236  tipo=ompt_thread_worker     cpu=104 numa=1  d_rm=     117  d_instr=1472008969  d_cyc= 373558688  d_all= 9516419  IPC=3.941  ratio_rm=0.0000
[OMPT][WIN100ms] ompt_id=1688849860263937 tid=85237  tipo=ompt_thread_worker     cpu= 64 numa=1  d_rm=      72  d_instr=1472890969  d_cyc= 373110451  d_all= 9531811  IPC=3.948  ratio_rm=0.0000
[OMPT][WIN100ms] ompt_id=1970324836974593 tid=85238  tipo=ompt_thread_worker     cpu= 81 numa=1  d_rm=      75  d_instr=1464019495  d_cyc= 372656270  d_all= 9472184  IPC=3.929  ratio_rm=0.0000
[OMPT][WIN100ms] ompt_id=2251799813685249 tid=85239  tipo=ompt_thread_worker     cpu=247 numa=1  d_rm=     110  d_instr=1475806277  d_cyc= 374219097  d_all= 9546258  IPC=3.944  ratio_rm=0.0000
[OMPT][WIN100ms] ompt_id=2533274790395905 tid=85240  tipo=ompt_thread_worker     cpu= 16 numa=0  d_rm=     311  d_instr=1468491952  d_cyc= 373378252  d_all= 9494274  IPC=3.933  ratio_rm=0.0000
[OMPT][WIN100ms] ompt_id=2814749767106561 tid=85243  tipo=ompt_thread_worker     cpu= 48 numa=0  d_rm=     316  d_instr=1459325034  d_cyc= 373137250  d_all= 9455609  IPC=3.911  ratio_rm=0.0000
[OMPT][WIN100ms] ompt_id=3096224743817217 tid=85242  tipo=ompt_thread_worker     cpu= 56 numa=0  d_rm=     410  d_instr=1464158478  d_cyc= 373627920  d_all= 9479432  IPC=3.919  ratio_rm=0.0000
[OMPT][WIN100ms] ompt_id=3377699720527873 tid=85241  tipo=ompt_thread_worker     cpu= 79 numa=1  d_rm=     219  d_instr=1473026699  d_cyc= 374141462  d_all= 9521886  IPC=3.937  ratio_rm=0.0000
[OMPT][WIN100ms] ompt_id=3659174697238529 tid=85244  tipo=ompt_thread_worker     cpu= 95 numa=1  d_rm=     172  d_instr=1471232955  d_cyc= 373629972  d_all= 9511094  IPC=3.938  ratio_rm=0.0000
[OMPT][WIN100ms] ompt_id=3940649673949185 tid=85245  tipo=ompt_thread_worker     cpu=141 numa=0  d_rm=     309  d_instr=1472084639  d_cyc= 373082604  d_all= 9521456  IPC=3.946  ratio_rm=0.0000
[OMPT][WIN100ms] ompt_id=4222124650659841 tid=85246  tipo=ompt_thread_worker     cpu=239 numa=1  d_rm=     177  d_instr=1470371005  d_cyc= 373217532  d_all= 9486387  IPC=3.940  ratio_rm=0.0000
[OMPT][WIN100ms] ompt_id=4503599627370497 tid=85247  tipo=ompt_thread_worker     cpu=103 numa=1  d_rm=      87  d_instr=1461130307  d_cyc= 372309155  d_all= 9437401  IPC=3.925  ratio_rm=0.0000
[OMPT] implicit_task_end: parallel_id=0 thread_num=0
[OMPT] parallel_end: parallel_id=281474976710895
[OMPT] parallel_begin: parallel_id=281474976710897 team_size=16
[OMPT] implicit_task_end: parallel_id=0 thread_num=12
[OMPT] implicit_task_end: parallel_id=0 thread_num=14
[OMPT] implicit_task_begin: parallel_id=281474976710897 thread_num=12 team_size=16
[OMPT] implicit_task_end: parallel_id=0 thread_num=4
[OMPT] implicit_task_end: parallel_id=0 thread_num=7
[OMPT] implicit_task_begin: parallel_id=281474976710897 thread_num=4 team_size=16
[OMPT] implicit_task_begin: parallel_id=281474976710897 thread_num=0 team_size=16
[OMPT] implicit_task_end: parallel_id=0 thread_num=3
[OMPT] implicit_task_begin: parallel_id=281474976710897 thread_num=7 team_size=16
[OMPT] implicit_task_end: parallel_id=0 thread_num=13
[OMPT] implicit_task_begin: parallel_id=281474976710897 thread_num=13 team_size=16
[OMPT] implicit_task_end: parallel_id=0 thread_num=15
[OMPT] implicit_task_end: parallel_id=0 thread_num=8
[OMPT] implicit_task_end: parallel_id=0 thread_num=10
[OMPT] implicit_task_begin: parallel_id=281474976710897 thread_num=8 team_size=16
[OMPT] implicit_task_begin: parallel_id=281474976710897 thread_num=14 team_size=16
[OMPT] implicit_task_end: parallel_id=0 thread_num=6
[OMPT] implicit_task_end: parallel_id=0 thread_num=1
[OMPT] implicit_task_begin: parallel_id=281474976710897 thread_num=6 team_size=16
[OMPT] implicit_task_begin: parallel_id=281474976710897 thread_num=3 team_size=16
[OMPT] implicit_task_begin: parallel_id=281474976710897 thread_num=1 team_size=16
[OMPT] implicit_task_end: parallel_id=0 thread_num=11
[OMPT] implicit_task_end: parallel_id=0 thread_num=9
[OMPT] implicit_task_begin: parallel_id=281474976710897 thread_num=15 team_size=16
[OMPT] implicit_task_end: parallel_id=0 thread_num=5
[OMPT] implicit_task_end: parallel_id=0 thread_num=2
[OMPT] implicit_task_begin: parallel_id=281474976710897 thread_num=10 team_size=16
[OMPT] implicit_task_begin: parallel_id=281474976710897 thread_num=11 team_size=16
[OMPT] implicit_task_begin: parallel_id=281474976710897 thread_num=2 team_size=16
[OMPT] implicit_task_begin: parallel_id=281474976710897 thread_num=9 team_size=16
[OMPT] implicit_task_begin: parallel_id=281474976710897 thread_num=5 team_size=16
[OMPT][WIN100ms] ompt_id=281474976710657 tid=85231  tipo=ompt_thread_initial    cpu=  1 numa=0  d_rm=     185  d_instr=1465973756  d_cyc= 374257406  d_all= 9501591  IPC=3.917  ratio_rm=0.0000
[OMPT][WIN100ms] ompt_id=562949953421313 tid=85233  tipo=ompt_thread_worker     cpu=169 numa=0  d_rm=     224  d_instr=1474916156  d_cyc= 373709743  d_all= 9536882  IPC=3.947  ratio_rm=0.0000
[OMPT][WIN100ms] ompt_id=844424930131969 tid=85234  tipo=ompt_thread_worker     cpu=120 numa=1  d_rm=     179  d_instr=1468647980  d_cyc= 372734510  d_all= 9495485  IPC=3.940  ratio_rm=0.0000
[OMPT][WIN100ms] ompt_id=1125899906842625 tid=85235  tipo=ompt_thread_worker     cpu= 32 numa=0  d_rm=     314  d_instr=1467334864  d_cyc= 373580354  d_all= 9492598  IPC=3.928  ratio_rm=0.0000
[OMPT][WIN100ms] ompt_id=1407374883553281 tid=85236  tipo=ompt_thread_worker     cpu=104 numa=1  d_rm=     109  d_instr=1472555575  d_cyc= 373678038  d_all= 9518438  IPC=3.941  ratio_rm=0.0000
[OMPT][WIN100ms] ompt_id=1688849860263937 tid=85237  tipo=ompt_thread_worker     cpu= 64 numa=1  d_rm=      70  d_instr=1464966097  d_cyc= 373036050  d_all= 9465228  IPC=3.927  ratio_rm=0.0000
[OMPT][WIN100ms] ompt_id=1970324836974593 tid=85238  tipo=ompt_thread_worker     cpu= 81 numa=1  d_rm=      71  d_instr=1471016329  d_cyc= 373617545  d_all= 9514767  IPC=3.937  ratio_rm=0.0000
[OMPT][WIN100ms] ompt_id=2251799813685249 tid=85239  tipo=ompt_thread_worker     cpu=247 numa=1  d_rm=      86  d_instr=1469761563  d_cyc= 373924439  d_all= 9492522  IPC=3.931  ratio_rm=0.0000
[OMPT][WIN100ms] ompt_id=2533274790395905 tid=85240  tipo=ompt_thread_worker     cpu= 16 numa=0  d_rm=     250  d_instr=1468979315  d_cyc= 373666561  d_all= 9493527  IPC=3.931  ratio_rm=0.0000
[OMPT][WIN100ms] ompt_id=2814749767106561 tid=85243  tipo=ompt_thread_worker     cpu= 48 numa=0  d_rm=     244  d_instr=1470002595  d_cyc= 373921535  d_all= 9505801  IPC=3.931  ratio_rm=0.0000
[OMPT][WIN100ms] ompt_id=3096224743817217 tid=85242  tipo=ompt_thread_worker     cpu= 56 numa=0  d_rm=     349  d_instr=1465387698  d_cyc= 374048877  d_all= 9472217  IPC=3.918  ratio_rm=0.0000
[OMPT][WIN100ms] ompt_id=3377699720527873 tid=85241  tipo=ompt_thread_worker     cpu= 79 numa=1  d_rm=     263  d_instr=1458185149  d_cyc= 373122975  d_all= 9410267  IPC=3.908  ratio_rm=0.0000
[OMPT][WIN100ms] ompt_id=3659174697238529 tid=85244  tipo=ompt_thread_worker     cpu= 95 numa=1  d_rm=     153  d_instr=1464705253  d_cyc= 373668097  d_all= 9444598  IPC=3.920  ratio_rm=0.0000
[OMPT][WIN100ms] ompt_id=3940649673949185 tid=85245  tipo=ompt_thread_worker     cpu=141 numa=0  d_rm=     279  d_instr=1469540647  d_cyc= 374126838  d_all= 9494129  IPC=3.928  ratio_rm=0.0000
[OMPT][WIN100ms] ompt_id=4222124650659841 tid=85246  tipo=ompt_thread_worker     cpu=239 numa=1  d_rm=     181  d_instr=1461626802  d_cyc= 373274019  d_all= 9428908  IPC=3.916  ratio_rm=0.0000
[OMPT][WIN100ms] ompt_id=4503599627370497 tid=85247  tipo=ompt_thread_worker     cpu=103 numa=1  d_rm=      86  d_instr=1477462029  d_cyc= 373125598  d_all= 9552593  IPC=3.960  ratio_rm=0.0000
[OMPT] implicit_task_end: parallel_id=0 thread_num=0
[OMPT] parallel_end: parallel_id=281474976710897
[OMPT] parallel_begin: parallel_id=281474976710899 team_size=16
[OMPT] implicit_task_end: parallel_id=0 thread_num=4
[OMPT] implicit_task_end: parallel_id=0 thread_num=6
[OMPT] implicit_task_begin: parallel_id=281474976710899 thread_num=4 team_size=16
[OMPT] implicit_task_end: parallel_id=0 thread_num=2
[OMPT] implicit_task_end: parallel_id=0 thread_num=8
[OMPT] implicit_task_end: parallel_id=0 thread_num=10
[OMPT] implicit_task_end: parallel_id=0 thread_num=12
[OMPT] implicit_task_end: parallel_id=0 thread_num=14
[OMPT] implicit_task_end: parallel_id=0 thread_num=3
[OMPT] implicit_task_begin: parallel_id=281474976710899 thread_num=12 team_size=16
[OMPT] implicit_task_begin: parallel_id=281474976710899 thread_num=14 team_size=16
[OMPT] implicit_task_end: parallel_id=0 thread_num=7
[OMPT] implicit_task_begin: parallel_id=281474976710899 thread_num=0 team_size=16
[OMPT] implicit_task_begin: parallel_id=281474976710899 thread_num=7 team_size=16
[OMPT] implicit_task_end: parallel_id=0 thread_num=9
[OMPT] implicit_task_begin: parallel_id=281474976710899 thread_num=2 team_size=16
[OMPT] implicit_task_begin: parallel_id=281474976710899 thread_num=9 team_size=16
[OMPT] implicit_task_end: parallel_id=0 thread_num=1
[OMPT] implicit_task_begin: parallel_id=281474976710899 thread_num=8 team_size=16
[OMPT] implicit_task_begin: parallel_id=281474976710899 thread_num=1 team_size=16
[OMPT] implicit_task_begin: parallel_id=281474976710899 thread_num=10 team_size=16
[OMPT] implicit_task_end: parallel_id=0 thread_num=13
[OMPT] implicit_task_begin: parallel_id=281474976710899 thread_num=13 team_size=16
[OMPT] implicit_task_end: parallel_id=0 thread_num=15
[OMPT] implicit_task_end: parallel_id=0 thread_num=5
[OMPT] implicit_task_begin: parallel_id=281474976710899 thread_num=15 team_size=16
[OMPT] implicit_task_begin: parallel_id=281474976710899 thread_num=3 team_size=16
[OMPT] implicit_task_begin: parallel_id=281474976710899 thread_num=5 team_size=16
[OMPT] implicit_task_begin: parallel_id=281474976710899 thread_num=6 team_size=16
[OMPT] implicit_task_end: parallel_id=0 thread_num=11
[OMPT] implicit_task_begin: parallel_id=281474976710899 thread_num=11 team_size=16
[OMPT][WIN100ms] ompt_id=281474976710657 tid=85231  tipo=ompt_thread_initial    cpu=  1 numa=0  d_rm=     237  d_instr=1470964417  d_cyc= 374217682  d_all= 9532870  IPC=3.931  ratio_rm=0.0000
[OMPT][WIN100ms] ompt_id=562949953421313 tid=85233  tipo=ompt_thread_worker     cpu=169 numa=0  d_rm=     251  d_instr=1466392787  d_cyc= 373384471  d_all= 9477648  IPC=3.927  ratio_rm=0.0000
[OMPT][WIN100ms] ompt_id=844424930131969 tid=85234  tipo=ompt_thread_worker     cpu=120 numa=1  d_rm=     177  d_instr=1473225187  d_cyc= 373656186  d_all= 9531385  IPC=3.943  ratio_rm=0.0000
[OMPT][WIN100ms] ompt_id=1125899906842625 tid=85235  tipo=ompt_thread_worker     cpu= 32 numa=0  d_rm=     326  d_instr=1466704355  d_cyc= 373272708  d_all= 9486883  IPC=3.929  ratio_rm=0.0000
[OMPT][WIN100ms] ompt_id=1407374883553281 tid=85236  tipo=ompt_thread_worker     cpu=104 numa=1  d_rm=     130  d_instr=1467411512  d_cyc= 374102467  d_all= 9488731  IPC=3.922  ratio_rm=0.0000
[OMPT][WIN100ms] ompt_id=1688849860263937 tid=85237  tipo=ompt_thread_worker     cpu= 64 numa=1  d_rm=      82  d_instr=1470171200  d_cyc= 373229933  d_all= 9511168  IPC=3.939  ratio_rm=0.0000
[OMPT][WIN100ms] ompt_id=1970324836974593 tid=85238  tipo=ompt_thread_worker     cpu= 81 numa=1  d_rm=      79  d_instr=1475786133  d_cyc= 372997942  d_all= 9540470  IPC=3.957  ratio_rm=0.0000
[OMPT][WIN100ms] ompt_id=2251799813685249 tid=85239  tipo=ompt_thread_worker     cpu=247 numa=1  d_rm=      98  d_instr=1471005922  d_cyc= 373704380  d_all= 9491968  IPC=3.936  ratio_rm=0.0000
[OMPT][WIN100ms] ompt_id=2533274790395905 tid=85240  tipo=ompt_thread_worker     cpu= 16 numa=0  d_rm=     341  d_instr=1470775119  d_cyc= 373533534  d_all= 9499221  IPC=3.937  ratio_rm=0.0000
[OMPT][WIN100ms] ompt_id=2814749767106561 tid=85243  tipo=ompt_thread_worker     cpu= 48 numa=0  d_rm=     311  d_instr=1465563125  d_cyc= 373472617  d_all= 9479850  IPC=3.924  ratio_rm=0.0000
[OMPT][WIN100ms] ompt_id=3096224743817217 tid=85242  tipo=ompt_thread_worker     cpu= 56 numa=0  d_rm=     438  d_instr=1474706800  d_cyc= 374124313  d_all= 9537736  IPC=3.942  ratio_rm=0.0000
[OMPT][WIN100ms] ompt_id=3377699720527873 tid=85241  tipo=ompt_thread_worker     cpu= 79 numa=1  d_rm=     204  d_instr=1473053741  d_cyc= 373641156  d_all= 9525909  IPC=3.942  ratio_rm=0.0000
[OMPT][WIN100ms] ompt_id=3659174697238529 tid=85244  tipo=ompt_thread_worker     cpu= 95 numa=1  d_rm=     186  d_instr=1473882518  d_cyc= 373838336  d_all= 9523049  IPC=3.943  ratio_rm=0.0000
[OMPT][WIN100ms] ompt_id=3940649673949185 tid=85245  tipo=ompt_thread_worker     cpu=141 numa=0  d_rm=     345  d_instr=1467404441  d_cyc= 373588728  d_all= 9482234  IPC=3.928  ratio_rm=0.0000
[OMPT][WIN100ms] ompt_id=4222124650659841 tid=85246  tipo=ompt_thread_worker     cpu=239 numa=1  d_rm=     209  d_instr=1472490538  d_cyc= 373968550  d_all= 9522731  IPC=3.937  ratio_rm=0.0000
[OMPT][WIN100ms] ompt_id=4503599627370497 tid=85247  tipo=ompt_thread_worker     cpu=103 numa=1  d_rm=      92  d_instr=1469850691  d_cyc= 373279399  d_all= 9492025  IPC=3.938  ratio_rm=0.0000
[OMPT] implicit_task_end: parallel_id=0 thread_num=0
[OMPT] parallel_end: parallel_id=281474976710899
[OMPT] parallel_begin: parallel_id=281474976710901 team_size=16
[OMPT] implicit_task_end: parallel_id=0 thread_num=12
[OMPT] implicit_task_end: parallel_id=0 thread_num=14
[OMPT] implicit_task_end: parallel_id=0 thread_num=4
[OMPT] implicit_task_begin: parallel_id=281474976710901 thread_num=12 team_size=16
[OMPT] implicit_task_end: parallel_id=0 thread_num=8
[OMPT] implicit_task_begin: parallel_id=281474976710901 thread_num=0 team_size=16
[OMPT] implicit_task_end: parallel_id=0 thread_num=10
[OMPT] implicit_task_end: parallel_id=0 thread_num=2
[OMPT] implicit_task_end: parallel_id=0 thread_num=15
[OMPT] implicit_task_begin: parallel_id=281474976710901 thread_num=10 team_size=16
[OMPT] implicit_task_end: parallel_id=0 thread_num=5
[OMPT] implicit_task_end: parallel_id=0 thread_num=6
[OMPT] implicit_task_begin: parallel_id=281474976710901 thread_num=5 team_size=16
[OMPT] implicit_task_end: parallel_id=0 thread_num=11
[OMPT] implicit_task_end: parallel_id=0 thread_num=9
[OMPT] implicit_task_begin: parallel_id=281474976710901 thread_num=11 team_size=16
[OMPT] implicit_task_begin: parallel_id=281474976710901 thread_num=14 team_size=16
[OMPT] implicit_task_begin: parallel_id=281474976710901 thread_num=4 team_size=16
[OMPT] implicit_task_end: parallel_id=0 thread_num=3
[OMPT] implicit_task_begin: parallel_id=281474976710901 thread_num=8 team_size=16
[OMPT] implicit_task_begin: parallel_id=281474976710901 thread_num=3 team_size=16
[OMPT] implicit_task_end: parallel_id=0 thread_num=13
[OMPT] implicit_task_end: parallel_id=0 thread_num=7
[OMPT] implicit_task_begin: parallel_id=281474976710901 thread_num=2 team_size=16
[OMPT] implicit_task_begin: parallel_id=281474976710901 thread_num=15 team_size=16
[OMPT] implicit_task_begin: parallel_id=281474976710901 thread_num=7 team_size=16
[OMPT] implicit_task_begin: parallel_id=281474976710901 thread_num=6 team_size=16
[OMPT] implicit_task_begin: parallel_id=281474976710901 thread_num=9 team_size=16
[OMPT] implicit_task_begin: parallel_id=281474976710901 thread_num=13 team_size=16
[OMPT] implicit_task_end: parallel_id=0 thread_num=1
[OMPT] implicit_task_begin: parallel_id=281474976710901 thread_num=1 team_size=16
[OMPT][WIN100ms] ompt_id=281474976710657 tid=85231  tipo=ompt_thread_initial    cpu=  1 numa=0  d_rm=     175  d_instr=1469698151  d_cyc= 374188141  d_all= 9518291  IPC=3.928  ratio_rm=0.0000
[OMPT][WIN100ms] ompt_id=562949953421313 tid=85233  tipo=ompt_thread_worker     cpu=169 numa=0  d_rm=     213  d_instr=1470438582  d_cyc= 373459373  d_all= 9518094  IPC=3.937  ratio_rm=0.0000
[OMPT][WIN100ms] ompt_id=844424930131969 tid=85234  tipo=ompt_thread_worker     cpu=120 numa=1  d_rm=     181  d_instr=1472482453  d_cyc= 373327656  d_all= 9530706  IPC=3.944  ratio_rm=0.0000
[OMPT][WIN100ms] ompt_id=1125899906842625 tid=85235  tipo=ompt_thread_worker     cpu= 32 numa=0  d_rm=     327  d_instr=1480535781  d_cyc= 373727178  d_all= 9574129  IPC=3.962  ratio_rm=0.0000
[OMPT][WIN100ms] ompt_id=1407374883553281 tid=85236  tipo=ompt_thread_worker     cpu=104 numa=1  d_rm=     104  d_instr=1472094584  d_cyc= 373357385  d_all= 9508431  IPC=3.943  ratio_rm=0.0000
[OMPT][WIN100ms] ompt_id=1688849860263937 tid=85237  tipo=ompt_thread_worker     cpu= 64 numa=1  d_rm=      88  d_instr=1477081405  d_cyc= 374247634  d_all= 9543301  IPC=3.947  ratio_rm=0.0000
[OMPT][WIN100ms] ompt_id=1970324836974593 tid=85238  tipo=ompt_thread_worker     cpu= 81 numa=1  d_rm=      97  d_instr=1469973993  d_cyc= 373291851  d_all= 9497462  IPC=3.938  ratio_rm=0.0000
[OMPT][WIN100ms] ompt_id=2251799813685249 tid=85239  tipo=ompt_thread_worker     cpu=247 numa=1  d_rm=      90  d_instr=1472050961  d_cyc= 373160375  d_all= 9507382  IPC=3.945  ratio_rm=0.0000
[OMPT][WIN100ms] ompt_id=2533274790395905 tid=85240  tipo=ompt_thread_worker     cpu= 16 numa=0  d_rm=     250  d_instr=1475929143  d_cyc= 373834496  d_all= 9538876  IPC=3.948  ratio_rm=0.0000
[OMPT][WIN100ms] ompt_id=2814749767106561 tid=85243  tipo=ompt_thread_worker     cpu= 48 numa=0  d_rm=     251  d_instr=1483434697  d_cyc= 374480205  d_all= 9602455  IPC=3.961  ratio_rm=0.0000
[OMPT][WIN100ms] ompt_id=3096224743817217 tid=85242  tipo=ompt_thread_worker     cpu= 56 numa=0  d_rm=     329  d_instr=1477980626  d_cyc= 374749335  d_all= 9558391  IPC=3.944  ratio_rm=0.0000
[OMPT][WIN100ms] ompt_id=3377699720527873 tid=85241  tipo=ompt_thread_worker     cpu= 79 numa=1  d_rm=     218  d_instr=1475300558  d_cyc= 373435472  d_all= 9539723  IPC=3.951  ratio_rm=0.0000
[OMPT][WIN100ms] ompt_id=3659174697238529 tid=85244  tipo=ompt_thread_worker     cpu= 95 numa=1  d_rm=     161  d_instr=1468292888  d_cyc= 374124136  d_all= 9485533  IPC=3.925  ratio_rm=0.0000
[OMPT][WIN100ms] ompt_id=3940649673949185 tid=85245  tipo=ompt_thread_worker     cpu=141 numa=0  d_rm=     299  d_instr=1468645140  d_cyc= 373455226  d_all= 9499969  IPC=3.933  ratio_rm=0.0000
[OMPT][WIN100ms] ompt_id=4222124650659841 tid=85246  tipo=ompt_thread_worker     cpu=239 numa=1  d_rm=     185  d_instr=1474655187  d_cyc= 373593412  d_all= 9531468  IPC=3.947  ratio_rm=0.0000
[OMPT][WIN100ms] ompt_id=4503599627370497 tid=85247  tipo=ompt_thread_worker     cpu=103 numa=1  d_rm=     107  d_instr=1468281482  d_cyc= 373009427  d_all= 9491107  IPC=3.936  ratio_rm=0.0000
[OMPT] implicit_task_end: parallel_id=0 thread_num=0
[OMPT] parallel_end: parallel_id=281474976710901
[OMPT] parallel_begin: parallel_id=281474976710903 team_size=16
[OMPT] implicit_task_end: parallel_id=0 thread_num=4
[OMPT] implicit_task_end: parallel_id=0 thread_num=7
[OMPT] implicit_task_end: parallel_id=0 thread_num=12
[OMPT] implicit_task_end: parallel_id=0 thread_num=8
[OMPT] implicit_task_begin: parallel_id=281474976710903 thread_num=0 team_size=16
[OMPT] implicit_task_end: parallel_id=0 thread_num=10
[OMPT] implicit_task_begin: parallel_id=281474976710903 thread_num=12 team_size=16
[OMPT] implicit_task_begin: parallel_id=281474976710903 thread_num=8 team_size=16
[OMPT] implicit_task_end: parallel_id=0 thread_num=5
[OMPT] implicit_task_end: parallel_id=0 thread_num=6
[OMPT] implicit_task_begin: parallel_id=281474976710903 thread_num=4 team_size=16
[OMPT] implicit_task_begin: parallel_id=281474976710903 thread_num=6 team_size=16
[OMPT] implicit_task_end: parallel_id=0 thread_num=14
[OMPT] implicit_task_begin: parallel_id=281474976710903 thread_num=14 team_size=16
[OMPT] implicit_task_end: parallel_id=0 thread_num=15
[OMPT] implicit_task_end: parallel_id=0 thread_num=13
[OMPT] implicit_task_begin: parallel_id=281474976710903 thread_num=15 team_size=16
[OMPT] implicit_task_begin: parallel_id=281474976710903 thread_num=13 team_size=16
[OMPT] implicit_task_end: parallel_id=0 thread_num=9
[OMPT] implicit_task_begin: parallel_id=281474976710903 thread_num=7 team_size=16
[OMPT] implicit_task_begin: parallel_id=281474976710903 thread_num=9 team_size=16
[OMPT] implicit_task_end: parallel_id=0 thread_num=1
[OMPT] implicit_task_end: parallel_id=0 thread_num=3
[OMPT] implicit_task_begin: parallel_id=281474976710903 thread_num=1 team_size=16
[OMPT] implicit_task_end: parallel_id=0 thread_num=2
[OMPT] implicit_task_begin: parallel_id=281474976710903 thread_num=10 team_size=16
[OMPT] implicit_task_begin: parallel_id=281474976710903 thread_num=5 team_size=16
[OMPT] implicit_task_begin: parallel_id=281474976710903 thread_num=2 team_size=16
[OMPT] implicit_task_end: parallel_id=0 thread_num=11
[OMPT] implicit_task_begin: parallel_id=281474976710903 thread_num=3 team_size=16
[OMPT] implicit_task_begin: parallel_id=281474976710903 thread_num=11 team_size=16
[OMPT][WIN100ms] ompt_id=281474976710657 tid=85231  tipo=ompt_thread_initial    cpu=  1 numa=0  d_rm=     243  d_instr=1467207901  d_cyc= 374653017  d_all= 9494805  IPC=3.916  ratio_rm=0.0000
[OMPT][WIN100ms] ompt_id=562949953421313 tid=85233  tipo=ompt_thread_worker     cpu=169 numa=0  d_rm=     260  d_instr=1471997336  d_cyc= 373532728  d_all= 9504463  IPC=3.941  ratio_rm=0.0000
[OMPT][WIN100ms] ompt_id=844424930131969 tid=85234  tipo=ompt_thread_worker     cpu=120 numa=1  d_rm=     159  d_instr=1466222226  d_cyc= 373023392  d_all= 9469822  IPC=3.931  ratio_rm=0.0000
[OMPT][WIN100ms] ompt_id=1125899906842625 tid=85235  tipo=ompt_thread_worker     cpu= 32 numa=0  d_rm=     377  d_instr=1459172360  d_cyc= 372979143  d_all= 9417071  IPC=3.912  ratio_rm=0.0000
[OMPT][WIN100ms] ompt_id=1407374883553281 tid=85236  tipo=ompt_thread_worker     cpu=104 numa=1  d_rm=     154  d_instr=1471191504  d_cyc= 373478893  d_all= 9495259  IPC=3.939  ratio_rm=0.0000
[OMPT][WIN100ms] ompt_id=1688849860263937 tid=85237  tipo=ompt_thread_worker     cpu= 64 numa=1  d_rm=      98  d_instr=1473781199  d_cyc= 373023252  d_all= 9509518  IPC=3.951  ratio_rm=0.0000
[OMPT][WIN100ms] ompt_id=1970324836974593 tid=85238  tipo=ompt_thread_worker     cpu= 81 numa=1  d_rm=     103  d_instr=1471535774  d_cyc= 373614438  d_all= 9496612  IPC=3.939  ratio_rm=0.0000
[OMPT][WIN100ms] ompt_id=2251799813685249 tid=85239  tipo=ompt_thread_worker     cpu=247 numa=1  d_rm=     105  d_instr=1471397799  d_cyc= 373203687  d_all= 9496380  IPC=3.943  ratio_rm=0.0000
[OMPT][WIN100ms] ompt_id=2533274790395905 tid=85240  tipo=ompt_thread_worker     cpu= 16 numa=0  d_rm=     279  d_instr=1466412660  d_cyc= 374304720  d_all= 9468895  IPC=3.918  ratio_rm=0.0000
[OMPT][WIN100ms] ompt_id=2814749767106561 tid=85243  tipo=ompt_thread_worker     cpu= 48 numa=0  d_rm=     273  d_instr=1460306216  d_cyc= 373099572  d_all= 9432160  IPC=3.914  ratio_rm=0.0000
[OMPT][WIN100ms] ompt_id=3096224743817217 tid=85242  tipo=ompt_thread_worker     cpu= 56 numa=0  d_rm=     381  d_instr=1459140330  d_cyc= 373532807  d_all= 9420643  IPC=3.906  ratio_rm=0.0000
[OMPT][WIN100ms] ompt_id=3377699720527873 tid=85241  tipo=ompt_thread_worker     cpu= 79 numa=1  d_rm=     166  d_instr=1469701924  d_cyc= 373597900  d_all= 9485391  IPC=3.934  ratio_rm=0.0000
[OMPT][WIN100ms] ompt_id=3659174697238529 tid=85244  tipo=ompt_thread_worker     cpu= 95 numa=1  d_rm=     184  d_instr=1472895906  d_cyc= 373797465  d_all= 9509636  IPC=3.940  ratio_rm=0.0000
[OMPT][WIN100ms] ompt_id=3940649673949185 tid=85245  tipo=ompt_thread_worker     cpu=141 numa=0  d_rm=     274  d_instr=1473526609  d_cyc= 373916161  d_all= 9523918  IPC=3.941  ratio_rm=0.0000
[OMPT][WIN100ms] ompt_id=4222124650659841 tid=85246  tipo=ompt_thread_worker     cpu=239 numa=1  d_rm=     131  d_instr=1474847514  d_cyc= 373469459  d_all= 9520450  IPC=3.949  ratio_rm=0.0000
[OMPT][WIN100ms] ompt_id=4503599627370497 tid=85247  tipo=ompt_thread_worker     cpu=103 numa=1  d_rm=     105  d_instr=1473244480  d_cyc= 373146847  d_all= 9523099  IPC=3.948  ratio_rm=0.0000
[OMPT] implicit_task_end: parallel_id=0 thread_num=0
[OMPT] parallel_end: parallel_id=281474976710903
[OMPT] parallel_begin: parallel_id=281474976710905 team_size=16
[OMPT] implicit_task_end: parallel_id=0 thread_num=12
[OMPT] implicit_task_end: parallel_id=0 thread_num=14
[OMPT] implicit_task_end: parallel_id=0 thread_num=2
[OMPT] implicit_task_begin: parallel_id=281474976710905 thread_num=0 team_size=16
[OMPT] implicit_task_end: parallel_id=0 thread_num=1
[OMPT] implicit_task_end: parallel_id=0 thread_num=3
[OMPT] implicit_task_begin: parallel_id=281474976710905 thread_num=1 team_size=16
[OMPT] implicit_task_end: parallel_id=0 thread_num=4
[OMPT] implicit_task_end: parallel_id=0 thread_num=5
[OMPT] implicit_task_begin: parallel_id=281474976710905 thread_num=5 team_size=16
[OMPT] implicit_task_begin: parallel_id=281474976710905 thread_num=12 team_size=16
[OMPT] implicit_task_end: parallel_id=0 thread_num=8
[OMPT] implicit_task_end: parallel_id=0 thread_num=9
[OMPT] implicit_task_begin: parallel_id=281474976710905 thread_num=14 team_size=16
[OMPT] implicit_task_begin: parallel_id=281474976710905 thread_num=2 team_size=16
[OMPT] implicit_task_begin: parallel_id=281474976710905 thread_num=3 team_size=16
[OMPT] implicit_task_begin: parallel_id=281474976710905 thread_num=9 team_size=16
[OMPT] implicit_task_begin: parallel_id=281474976710905 thread_num=4 team_size=16
[OMPT] implicit_task_end: parallel_id=0 thread_num=15
[OMPT] implicit_task_end: parallel_id=0 thread_num=13
[OMPT] implicit_task_begin: parallel_id=281474976710905 thread_num=15 team_size=16
[OMPT] implicit_task_end: parallel_id=0 thread_num=10
[OMPT] implicit_task_end: parallel_id=0 thread_num=11
[OMPT] implicit_task_begin: parallel_id=281474976710905 thread_num=10 team_size=16
[OMPT] implicit_task_begin: parallel_id=281474976710905 thread_num=8 team_size=16
[OMPT] implicit_task_begin: parallel_id=281474976710905 thread_num=11 team_size=16
[OMPT] implicit_task_end: parallel_id=0 thread_num=7
[OMPT] implicit_task_end: parallel_id=0 thread_num=6
[OMPT] implicit_task_begin: parallel_id=281474976710905 thread_num=7 team_size=16
[OMPT] implicit_task_begin: parallel_id=281474976710905 thread_num=13 team_size=16
[OMPT] implicit_task_begin: parallel_id=281474976710905 thread_num=6 team_size=16
[OMPT][WIN100ms] ompt_id=281474976710657 tid=85231  tipo=ompt_thread_initial    cpu=  1 numa=0  d_rm=     165  d_instr=1468505547  d_cyc= 374670416  d_all= 9497968  IPC=3.919  ratio_rm=0.0000
[OMPT][WIN100ms] ompt_id=562949953421313 tid=85233  tipo=ompt_thread_worker     cpu=169 numa=0  d_rm=     195  d_instr=1471250920  d_cyc= 373971924  d_all= 9502710  IPC=3.934  ratio_rm=0.0000
[OMPT][WIN100ms] ompt_id=844424930131969 tid=85234  tipo=ompt_thread_worker     cpu=120 numa=1  d_rm=     179  d_instr=1471369320  d_cyc= 373625884  d_all= 9502164  IPC=3.938  ratio_rm=0.0000
[OMPT][WIN100ms] ompt_id=1125899906842625 tid=85235  tipo=ompt_thread_worker     cpu= 32 numa=0  d_rm=     281  d_instr=1481030327  d_cyc= 374169289  d_all= 9576232  IPC=3.958  ratio_rm=0.0000
[OMPT][WIN100ms] ompt_id=1407374883553281 tid=85236  tipo=ompt_thread_worker     cpu=104 numa=1  d_rm=     103  d_instr=1465183415  d_cyc= 373298239  d_all= 9459524  IPC=3.925  ratio_rm=0.0000
[OMPT][WIN100ms] ompt_id=1688849860263937 tid=85237  tipo=ompt_thread_worker     cpu= 64 numa=1  d_rm=      80  d_instr=1469537357  d_cyc= 374225933  d_all= 9483385  IPC=3.927  ratio_rm=0.0000
[OMPT][WIN100ms] ompt_id=1970324836974593 tid=85238  tipo=ompt_thread_worker     cpu= 81 numa=1  d_rm=      95  d_instr=1476435013  d_cyc= 373279766  d_all= 9531681  IPC=3.955  ratio_rm=0.0000
[OMPT][WIN100ms] ompt_id=2251799813685249 tid=85239  tipo=ompt_thread_worker     cpu=247 numa=1  d_rm=      99  d_instr=1478261117  d_cyc= 373486397  d_all= 9541646  IPC=3.958  ratio_rm=0.0000
[OMPT][WIN100ms] ompt_id=2533274790395905 tid=85240  tipo=ompt_thread_worker     cpu= 16 numa=0  d_rm=     234  d_instr=1475309725  d_cyc= 373527725  d_all= 9529122  IPC=3.950  ratio_rm=0.0000
[OMPT][WIN100ms] ompt_id=2814749767106561 tid=85243  tipo=ompt_thread_worker     cpu= 48 numa=0  d_rm=     236  d_instr=1474692366  d_cyc= 374422519  d_all= 9543253  IPC=3.939  ratio_rm=0.0000
[OMPT][WIN100ms] ompt_id=3096224743817217 tid=85242  tipo=ompt_thread_worker     cpu= 56 numa=0  d_rm=     364  d_instr=1476946655  d_cyc= 374239646  d_all= 9546101  IPC=3.947  ratio_rm=0.0000
[OMPT][WIN100ms] ompt_id=3377699720527873 tid=85241  tipo=ompt_thread_worker     cpu= 79 numa=1  d_rm=     191  d_instr=1466907228  d_cyc= 374199099  d_all= 9472844  IPC=3.920  ratio_rm=0.0000
[OMPT][WIN100ms] ompt_id=3659174697238529 tid=85244  tipo=ompt_thread_worker     cpu= 95 numa=1  d_rm=     165  d_instr=1462186912  d_cyc= 373579066  d_all= 9447260  IPC=3.914  ratio_rm=0.0000
[OMPT][WIN100ms] ompt_id=3940649673949185 tid=85245  tipo=ompt_thread_worker     cpu=141 numa=0  d_rm=     226  d_instr=1468371291  d_cyc= 373247261  d_all= 9489988  IPC=3.934  ratio_rm=0.0000
[OMPT][WIN100ms] ompt_id=4222124650659841 tid=85246  tipo=ompt_thread_worker     cpu=239 numa=1  d_rm=     193  d_instr=1470513596  d_cyc= 373427308  d_all= 9490955  IPC=3.938  ratio_rm=0.0000
[OMPT][WIN100ms] ompt_id=4503599627370497 tid=85247  tipo=ompt_thread_worker     cpu=103 numa=1  d_rm=     103  d_instr=1475384371  d_cyc= 373295341  d_all= 9545060  IPC=3.952  ratio_rm=0.0000
[OMPT] implicit_task_end: parallel_id=0 thread_num=0
[OMPT] parallel_end: parallel_id=281474976710905
[OMPT] parallel_begin: parallel_id=281474976710907 team_size=16
[OMPT] implicit_task_end: parallel_id=0 thread_num=12
[OMPT] implicit_task_end: parallel_id=0 thread_num=14
[OMPT] implicit_task_begin: parallel_id=281474976710907 thread_num=12 team_size=16
[OMPT] implicit_task_end: parallel_id=0 thread_num=4
[OMPT] implicit_task_end: parallel_id=0 thread_num=5
[OMPT] implicit_task_begin: parallel_id=281474976710907 thread_num=4 team_size=16
[OMPT] implicit_task_end: parallel_id=0 thread_num=1
[OMPT] implicit_task_end: parallel_id=0 thread_num=3
[OMPT] implicit_task_begin: parallel_id=281474976710907 thread_num=3 team_size=16
[OMPT] implicit_task_end: parallel_id=0 thread_num=2
[OMPT] implicit_task_end: parallel_id=0 thread_num=13
[OMPT] implicit_task_begin: parallel_id=281474976710907 thread_num=2 team_size=16
[OMPT] implicit_task_begin: parallel_id=281474976710907 thread_num=13 team_size=16
[OMPT] implicit_task_end: parallel_id=0 thread_num=15
[OMPT] implicit_task_end: parallel_id=0 thread_num=8
[OMPT] implicit_task_end: parallel_id=0 thread_num=10
[OMPT] implicit_task_begin: parallel_id=281474976710907 thread_num=8 team_size=16
[OMPT] implicit_task_end: parallel_id=0 thread_num=6
[OMPT] implicit_task_end: parallel_id=0 thread_num=7
[OMPT] implicit_task_begin: parallel_id=281474976710907 thread_num=0 team_size=16
[OMPT] implicit_task_begin: parallel_id=281474976710907 thread_num=5 team_size=16
[OMPT] implicit_task_begin: parallel_id=281474976710907 thread_num=1 team_size=16
[OMPT] implicit_task_end: parallel_id=0 thread_num=11
[OMPT] implicit_task_end: parallel_id=0 thread_num=9
[OMPT] implicit_task_begin: parallel_id=281474976710907 thread_num=11 team_size=16
[OMPT] implicit_task_begin: parallel_id=281474976710907 thread_num=15 team_size=16
[OMPT] implicit_task_begin: parallel_id=281474976710907 thread_num=9 team_size=16
[OMPT] implicit_task_begin: parallel_id=281474976710907 thread_num=10 team_size=16
[OMPT] implicit_task_begin: parallel_id=281474976710907 thread_num=14 team_size=16
[OMPT] implicit_task_begin: parallel_id=281474976710907 thread_num=6 team_size=16
[OMPT] implicit_task_begin: parallel_id=281474976710907 thread_num=7 team_size=16
[OMPT][WIN100ms] ompt_id=281474976710657 tid=85231  tipo=ompt_thread_initial    cpu=  1 numa=0  d_rm=     156  d_instr=1467175834  d_cyc= 373830159  d_all= 9489481  IPC=3.925  ratio_rm=0.0000
[OMPT][WIN100ms] ompt_id=562949953421313 tid=85233  tipo=ompt_thread_worker     cpu=169 numa=0  d_rm=     212  d_instr=1465557333  d_cyc= 373225412  d_all= 9468607  IPC=3.927  ratio_rm=0.0000
[OMPT][WIN100ms] ompt_id=844424930131969 tid=85234  tipo=ompt_thread_worker     cpu=120 numa=1  d_rm=     170  d_instr=1474799344  d_cyc= 373326532  d_all= 9527008  IPC=3.950  ratio_rm=0.0000
[OMPT][WIN100ms] ompt_id=1125899906842625 tid=85235  tipo=ompt_thread_worker     cpu= 32 numa=0  d_rm=     272  d_instr=1467735865  d_cyc= 373839064  d_all= 9477037  IPC=3.926  ratio_rm=0.0000
[OMPT][WIN100ms] ompt_id=1407374883553281 tid=85236  tipo=ompt_thread_worker     cpu=104 numa=1  d_rm=     121  d_instr=1482541241  d_cyc= 373907290  d_all= 9580354  IPC=3.965  ratio_rm=0.0000
[OMPT][WIN100ms] ompt_id=1688849860263937 tid=85237  tipo=ompt_thread_worker     cpu= 64 numa=1  d_rm=      81  d_instr=1469303300  d_cyc= 373402224  d_all= 9488288  IPC=3.935  ratio_rm=0.0000
[OMPT][WIN100ms] ompt_id=1970324836974593 tid=85238  tipo=ompt_thread_worker     cpu= 81 numa=1  d_rm=     100  d_instr=1464806326  d_cyc= 372564349  d_all= 9453070  IPC=3.932  ratio_rm=0.0000
[OMPT][WIN100ms] ompt_id=2251799813685249 tid=85239  tipo=ompt_thread_worker     cpu=247 numa=1  d_rm=      95  d_instr=1467938726  d_cyc= 372741731  d_all= 9468298  IPC=3.938  ratio_rm=0.0000
[OMPT][WIN100ms] ompt_id=2533274790395905 tid=85240  tipo=ompt_thread_worker     cpu= 16 numa=0  d_rm=     216  d_instr=1468103449  d_cyc= 373466272  d_all= 9475960  IPC=3.931  ratio_rm=0.0000
[OMPT][WIN100ms] ompt_id=2814749767106561 tid=85243  tipo=ompt_thread_worker     cpu= 48 numa=0  d_rm=     234  d_instr=1464899069  d_cyc= 374075090  d_all= 9472858  IPC=3.916  ratio_rm=0.0000
[OMPT][WIN100ms] ompt_id=3096224743817217 tid=85242  tipo=ompt_thread_worker     cpu= 56 numa=0  d_rm=     312  d_instr=1468063887  d_cyc= 373734954  d_all= 9479584  IPC=3.928  ratio_rm=0.0000
[OMPT][WIN100ms] ompt_id=3377699720527873 tid=85241  tipo=ompt_thread_worker     cpu= 79 numa=1  d_rm=     198  d_instr=1470821339  d_cyc= 373645397  d_all= 9503445  IPC=3.936  ratio_rm=0.0000
[OMPT][WIN100ms] ompt_id=3659174697238529 tid=85244  tipo=ompt_thread_worker     cpu= 95 numa=1  d_rm=     158  d_instr=1487521116  d_cyc= 374111771  d_all= 9630558  IPC=3.976  ratio_rm=0.0000
[OMPT][WIN100ms] ompt_id=3940649673949185 tid=85245  tipo=ompt_thread_worker     cpu=141 numa=0  d_rm=     219  d_instr=1468375898  d_cyc= 373832796  d_all= 9505805  IPC=3.928  ratio_rm=0.0000
[OMPT][WIN100ms] ompt_id=4222124650659841 tid=85246  tipo=ompt_thread_worker     cpu=239 numa=1  d_rm=     189  d_instr=1465859242  d_cyc= 372524216  d_all= 9483318  IPC=3.935  ratio_rm=0.0000
[OMPT][WIN100ms] ompt_id=4503599627370497 tid=85247  tipo=ompt_thread_worker     cpu=103 numa=1  d_rm=     102  d_instr=1459827299  d_cyc= 372609437  d_all= 9440658  IPC=3.918  ratio_rm=0.0000
[OMPT] implicit_task_end: parallel_id=0 thread_num=0
[OMPT] parallel_end: parallel_id=281474976710907
[OMPT] parallel_begin: parallel_id=281474976710909 team_size=16
[OMPT] implicit_task_end: parallel_id=0 thread_num=12
[OMPT] implicit_task_end: parallel_id=0 thread_num=14
[OMPT] implicit_task_end: parallel_id=0 thread_num=2
[OMPT] implicit_task_end: parallel_id=0 thread_num=3
[OMPT] implicit_task_begin: parallel_id=281474976710909 thread_num=2 team_size=16
[OMPT] implicit_task_end: parallel_id=0 thread_num=8
[OMPT] implicit_task_end: parallel_id=0 thread_num=9
[OMPT] implicit_task_begin: parallel_id=281474976710909 thread_num=8 team_size=16
[OMPT] implicit_task_end: parallel_id=0 thread_num=1
[OMPT] implicit_task_end: parallel_id=0 thread_num=13
[OMPT] implicit_task_end: parallel_id=0 thread_num=4
[OMPT] implicit_task_end: parallel_id=0 thread_num=6
[OMPT] implicit_task_begin: parallel_id=281474976710909 thread_num=12 team_size=16
[OMPT] implicit_task_begin: parallel_id=281474976710909 thread_num=14 team_size=16
[OMPT] implicit_task_begin: parallel_id=281474976710909 thread_num=3 team_size=16
[OMPT] implicit_task_begin: parallel_id=281474976710909 thread_num=6 team_size=16
[OMPT] implicit_task_end: parallel_id=0 thread_num=10
[OMPT] implicit_task_end: parallel_id=0 thread_num=15
[OMPT] implicit_task_begin: parallel_id=281474976710909 thread_num=10 team_size=16
[OMPT] implicit_task_begin: parallel_id=281474976710909 thread_num=9 team_size=16
[OMPT] implicit_task_begin: parallel_id=281474976710909 thread_num=15 team_size=16
[OMPT] implicit_task_begin: parallel_id=281474976710909 thread_num=13 team_size=16
[OMPT] implicit_task_end: parallel_id=0 thread_num=5
[OMPT] implicit_task_end: parallel_id=0 thread_num=7
[OMPT] implicit_task_begin: parallel_id=281474976710909 thread_num=4 team_size=16
[OMPT] implicit_task_end: parallel_id=0 thread_num=11
[OMPT] implicit_task_begin: parallel_id=281474976710909 thread_num=0 team_size=16
[OMPT] implicit_task_begin: parallel_id=281474976710909 thread_num=11 team_size=16
[OMPT] implicit_task_begin: parallel_id=281474976710909 thread_num=5 team_size=16
[OMPT] implicit_task_begin: parallel_id=281474976710909 thread_num=7 team_size=16
[OMPT] implicit_task_begin: parallel_id=281474976710909 thread_num=1 team_size=16
[OMPT] implicit_task_end: parallel_id=0 thread_num=0
[OMPT] parallel_end: parallel_id=281474976710909
[OMPT] parallel_begin: parallel_id=281474976710911 team_size=16
[OMPT] implicit_task_end: parallel_id=0 thread_num=12
[OMPT] implicit_task_end: parallel_id=0 thread_num=14
[OMPT] implicit_task_end: parallel_id=0 thread_num=2
[OMPT] implicit_task_end: parallel_id=0 thread_num=8
[OMPT] implicit_task_end: parallel_id=0 thread_num=11
[OMPT] implicit_task_end: parallel_id=0 thread_num=1
[OMPT] implicit_task_end: parallel_id=0 thread_num=15
[OMPT] implicit_task_begin: parallel_id=281474976710911 thread_num=2 team_size=16
[OMPT] implicit_task_end: parallel_id=0 thread_num=13
[OMPT] implicit_task_begin: parallel_id=281474976710911 thread_num=0 team_size=16
[OMPT] implicit_task_begin: parallel_id=281474976710911 thread_num=15 team_size=16
[OMPT] implicit_task_end: parallel_id=0 thread_num=10
[OMPT] implicit_task_end: parallel_id=0 thread_num=4
[OMPT] implicit_task_begin: parallel_id=281474976710911 thread_num=14 team_size=16
[OMPT] implicit_task_end: parallel_id=0 thread_num=5
[OMPT] implicit_task_end: parallel_id=0 thread_num=9
[OMPT] implicit_task_begin: parallel_id=281474976710911 thread_num=12 team_size=16
[OMPT] implicit_task_begin: parallel_id=281474976710911 thread_num=11 team_size=16
[OMPT] implicit_task_begin: parallel_id=281474976710911 thread_num=8 team_size=16
[OMPT] implicit_task_begin: parallel_id=281474976710911 thread_num=1 team_size=16
[OMPT] implicit_task_end: parallel_id=0 thread_num=7
[OMPT] implicit_task_begin: parallel_id=281474976710911 thread_num=13 team_size=16
[OMPT] implicit_task_end: parallel_id=0 thread_num=3
[OMPT] implicit_task_begin: parallel_id=281474976710911 thread_num=4 team_size=16
[OMPT] implicit_task_begin: parallel_id=281474976710911 thread_num=3 team_size=16
[OMPT] implicit_task_begin: parallel_id=281474976710911 thread_num=10 team_size=16
[OMPT] implicit_task_begin: parallel_id=281474976710911 thread_num=9 team_size=16
[OMPT] implicit_task_begin: parallel_id=281474976710911 thread_num=5 team_size=16
[OMPT] implicit_task_end: parallel_id=0 thread_num=6
[OMPT] implicit_task_begin: parallel_id=281474976710911 thread_num=7 team_size=16
[OMPT] implicit_task_begin: parallel_id=281474976710911 thread_num=6 team_size=16
[OMPT][WIN100ms] ompt_id=281474976710657 tid=85231  tipo=ompt_thread_initial    cpu=  1 numa=0  d_rm=     380  d_instr=1455653265  d_cyc= 371485303  d_all= 9417938  IPC=3.918  ratio_rm=0.0000
[OMPT][WIN100ms] ompt_id=562949953421313 tid=85233  tipo=ompt_thread_worker     cpu= 41 numa=0  d_rm=     585  d_instr=1453378447  d_cyc= 371721431  d_all= 9388309  IPC=3.910  ratio_rm=0.0001
[OMPT][WIN100ms] ompt_id=844424930131969 tid=85234  tipo=ompt_thread_worker     cpu=120 numa=1  d_rm=     418  d_instr=1451361443  d_cyc= 372894334  d_all= 9349710  IPC=3.892  ratio_rm=0.0000
[OMPT][WIN100ms] ompt_id=1125899906842625 tid=85235  tipo=ompt_thread_worker     cpu= 32 numa=0  d_rm=     669  d_instr=1450806197  d_cyc= 371914847  d_all= 9353973  IPC=3.901  ratio_rm=0.0001
[OMPT][WIN100ms] ompt_id=1407374883553281 tid=85236  tipo=ompt_thread_worker     cpu=104 numa=1  d_rm=     299  d_instr=1445186027  d_cyc= 370668225  d_all= 9308634  IPC=3.899  ratio_rm=0.0000
[OMPT][WIN100ms] ompt_id=1688849860263937 tid=85237  tipo=ompt_thread_worker     cpu= 64 numa=1  d_rm=     212  d_instr=1451985655  d_cyc= 371856142  d_all= 9350633  IPC=3.905  ratio_rm=0.0000
[OMPT][WIN100ms] ompt_id=1970324836974593 tid=85238  tipo=ompt_thread_worker     cpu= 81 numa=1  d_rm=     192  d_instr=1453965643  d_cyc= 372401336  d_all= 9360526  IPC=3.904  ratio_rm=0.0000
[OMPT][WIN100ms] ompt_id=2251799813685249 tid=85239  tipo=ompt_thread_worker     cpu=247 numa=1  d_rm=     218  d_instr=1448385019  d_cyc= 371917576  d_all= 9319826  IPC=3.894  ratio_rm=0.0000
[OMPT][WIN100ms] ompt_id=2533274790395905 tid=85240  tipo=ompt_thread_worker     cpu= 16 numa=0  d_rm=     509  d_instr=1451418596  d_cyc= 372818178  d_all= 9354138  IPC=3.893  ratio_rm=0.0001
[OMPT][WIN100ms] ompt_id=2814749767106561 tid=85243  tipo=ompt_thread_worker     cpu= 48 numa=0  d_rm=     533  d_instr=1456366371  d_cyc= 372357642  d_all= 9435815  IPC=3.911  ratio_rm=0.0001
[OMPT][WIN100ms] ompt_id=3096224743817217 tid=85242  tipo=ompt_thread_worker     cpu= 56 numa=0  d_rm=     698  d_instr=1453001441  d_cyc= 372640433  d_all= 9385210  IPC=3.899  ratio_rm=0.0001
[OMPT][WIN100ms] ompt_id=3377699720527873 tid=85241  tipo=ompt_thread_worker     cpu= 79 numa=1  d_rm=     461  d_instr=1455150058  d_cyc= 372257270  d_all= 9383926  IPC=3.909  ratio_rm=0.0000
[OMPT][WIN100ms] ompt_id=3659174697238529 tid=85244  tipo=ompt_thread_worker     cpu= 95 numa=1  d_rm=     374  d_instr=1442714703  d_cyc= 371652470  d_all= 9288929  IPC=3.882  ratio_rm=0.0000
[OMPT][WIN100ms] ompt_id=3940649673949185 tid=85245  tipo=ompt_thread_worker     cpu= 13 numa=0  d_rm=     591  d_instr=1455591580  d_cyc= 371962630  d_all= 9407816  IPC=3.913  ratio_rm=0.0001
[OMPT][WIN100ms] ompt_id=4222124650659841 tid=85246  tipo=ompt_thread_worker     cpu=239 numa=1  d_rm=     671  d_instr=1455193977  d_cyc= 372682912  d_all= 9391430  IPC=3.905  ratio_rm=0.0001
[OMPT][WIN100ms] ompt_id=4503599627370497 tid=85247  tipo=ompt_thread_worker     cpu=103 numa=1  d_rm=     259  d_instr=1460636803  d_cyc= 372071001  d_all= 9442681  IPC=3.926  ratio_rm=0.0000
[OMPT] implicit_task_end: parallel_id=0 thread_num=0
[OMPT] parallel_end: parallel_id=281474976710911
[OMPT] parallel_begin: parallel_id=281474976710913 team_size=16
[OMPT] implicit_task_end: parallel_id=0 thread_num=12
[OMPT] implicit_task_end: parallel_id=0 thread_num=14
[OMPT] implicit_task_end: parallel_id=0 thread_num=4
[OMPT] implicit_task_end: parallel_id=0 thread_num=7
[OMPT] implicit_task_begin: parallel_id=281474976710913 thread_num=14 team_size=16
[OMPT] implicit_task_begin: parallel_id=281474976710913 thread_num=4 team_size=16
[OMPT] implicit_task_end: parallel_id=0 thread_num=1
[OMPT] implicit_task_begin: parallel_id=281474976710913 thread_num=7 team_size=16
[OMPT] implicit_task_end: parallel_id=0 thread_num=2
[OMPT] implicit_task_end: parallel_id=0 thread_num=15
[OMPT] implicit_task_end: parallel_id=0 thread_num=13
[OMPT] implicit_task_begin: parallel_id=281474976710913 thread_num=15 team_size=16
[OMPT] implicit_task_begin: parallel_id=281474976710913 thread_num=13 team_size=16
[OMPT] implicit_task_end: parallel_id=0 thread_num=6
[OMPT] implicit_task_end: parallel_id=0 thread_num=5
[OMPT] implicit_task_begin: parallel_id=281474976710913 thread_num=12 team_size=16
[OMPT] implicit_task_begin: parallel_id=281474976710913 thread_num=5 team_size=16
[OMPT] implicit_task_end: parallel_id=0 thread_num=8
[OMPT] implicit_task_end: parallel_id=0 thread_num=11
[OMPT] implicit_task_begin: parallel_id=281474976710913 thread_num=0 team_size=16
[OMPT] implicit_task_begin: parallel_id=281474976710913 thread_num=1 team_size=16
[OMPT] implicit_task_begin: parallel_id=281474976710913 thread_num=2 team_size=16
[OMPT] implicit_task_begin: parallel_id=281474976710913 thread_num=6 team_size=16
[OMPT] implicit_task_end: parallel_id=0 thread_num=10
[OMPT] implicit_task_end: parallel_id=0 thread_num=9
[OMPT] implicit_task_end: parallel_id=0 thread_num=3
[OMPT] implicit_task_begin: parallel_id=281474976710913 thread_num=9 team_size=16
[OMPT] implicit_task_begin: parallel_id=281474976710913 thread_num=8 team_size=16
[OMPT] implicit_task_begin: parallel_id=281474976710913 thread_num=3 team_size=16
[OMPT] implicit_task_begin: parallel_id=281474976710913 thread_num=11 team_size=16
[OMPT] implicit_task_begin: parallel_id=281474976710913 thread_num=10 team_size=16
[OMPT][WIN100ms] ompt_id=281474976710657 tid=85231  tipo=ompt_thread_initial    cpu=  1 numa=0  d_rm=     158  d_instr=1464387456  d_cyc= 373176647  d_all= 9471955  IPC=3.924  ratio_rm=0.0000
[OMPT][WIN100ms] ompt_id=562949953421313 tid=85233  tipo=ompt_thread_worker     cpu= 41 numa=0  d_rm=     205  d_instr=1465792685  d_cyc= 373666611  d_all= 9474903  IPC=3.923  ratio_rm=0.0000
[OMPT][WIN100ms] ompt_id=844424930131969 tid=85234  tipo=ompt_thread_worker     cpu=120 numa=1  d_rm=     227  d_instr=1465491805  d_cyc= 372775128  d_all= 9463469  IPC=3.931  ratio_rm=0.0000
[OMPT][WIN100ms] ompt_id=1125899906842625 tid=85235  tipo=ompt_thread_worker     cpu= 32 numa=0  d_rm=     291  d_instr=1469964248  d_cyc= 372725708  d_all= 9487006  IPC=3.944  ratio_rm=0.0000
[OMPT][WIN100ms] ompt_id=1407374883553281 tid=85236  tipo=ompt_thread_worker     cpu=104 numa=1  d_rm=     126  d_instr=1473966555  d_cyc= 373907318  d_all= 9524075  IPC=3.942  ratio_rm=0.0000
[OMPT][WIN100ms] ompt_id=1688849860263937 tid=85237  tipo=ompt_thread_worker     cpu= 64 numa=1  d_rm=     101  d_instr=1471155275  d_cyc= 373289509  d_all= 9492309  IPC=3.941  ratio_rm=0.0000
[OMPT][WIN100ms] ompt_id=1970324836974593 tid=85238  tipo=ompt_thread_worker     cpu= 81 numa=1  d_rm=      99  d_instr=1468140379  d_cyc= 372758358  d_all= 9474575  IPC=3.939  ratio_rm=0.0000
[OMPT][WIN100ms] ompt_id=2251799813685249 tid=85239  tipo=ompt_thread_worker     cpu=247 numa=1  d_rm=     111  d_instr=1474911975  d_cyc= 373997163  d_all= 9528474  IPC=3.944  ratio_rm=0.0000
[OMPT][WIN100ms] ompt_id=2533274790395905 tid=85240  tipo=ompt_thread_worker     cpu= 16 numa=0  d_rm=     223  d_instr=1466525771  d_cyc= 372831609  d_all= 9487917  IPC=3.933  ratio_rm=0.0000
[OMPT][WIN100ms] ompt_id=2814749767106561 tid=85243  tipo=ompt_thread_worker     cpu= 48 numa=0  d_rm=     233  d_instr=1464322073  d_cyc= 373905686  d_all= 9473997  IPC=3.916  ratio_rm=0.0000
[OMPT][WIN100ms] ompt_id=3096224743817217 tid=85242  tipo=ompt_thread_worker     cpu= 56 numa=0  d_rm=     322  d_instr=1464632825  d_cyc= 373870626  d_all= 9474303  IPC=3.917  ratio_rm=0.0000
[OMPT][WIN100ms] ompt_id=3377699720527873 tid=85241  tipo=ompt_thread_worker     cpu= 79 numa=1  d_rm=     227  d_instr=1468161635  d_cyc= 373701257  d_all= 9495755  IPC=3.929  ratio_rm=0.0000
[OMPT][WIN100ms] ompt_id=3659174697238529 tid=85244  tipo=ompt_thread_worker     cpu= 95 numa=1  d_rm=     175  d_instr=1468779513  d_cyc= 373041600  d_all= 9500389  IPC=3.937  ratio_rm=0.0000
[OMPT][WIN100ms] ompt_id=3940649673949185 tid=85245  tipo=ompt_thread_worker     cpu= 13 numa=0  d_rm=     259  d_instr=1466133693  d_cyc= 373579704  d_all= 9486375  IPC=3.925  ratio_rm=0.0000
[OMPT][WIN100ms] ompt_id=4222124650659841 tid=85246  tipo=ompt_thread_worker     cpu=239 numa=1  d_rm=     183  d_instr=1470656221  d_cyc= 373883778  d_all= 9515141  IPC=3.933  ratio_rm=0.0000
[OMPT][WIN100ms] ompt_id=4503599627370497 tid=85247  tipo=ompt_thread_worker     cpu=103 numa=1  d_rm=     110  d_instr=1469159691  d_cyc= 373104095  d_all= 9497038  IPC=3.938  ratio_rm=0.0000
[OMPT] implicit_task_end: parallel_id=0 thread_num=0
[OMPT] parallel_end: parallel_id=281474976710913
[OMPT] parallel_begin: parallel_id=281474976710915 team_size=16
[OMPT] implicit_task_end: parallel_id=0 thread_num=12
[OMPT] implicit_task_end: parallel_id=0 thread_num=14
[OMPT] implicit_task_begin: parallel_id=281474976710915 thread_num=12 team_size=16
[OMPT] implicit_task_end: parallel_id=0 thread_num=4
[OMPT] implicit_task_end: parallel_id=0 thread_num=7
[OMPT] implicit_task_end: parallel_id=0 thread_num=2
[OMPT] implicit_task_begin: parallel_id=281474976710915 thread_num=7 team_size=16
[OMPT] implicit_task_end: parallel_id=0 thread_num=1
[OMPT] implicit_task_begin: parallel_id=281474976710915 thread_num=2 team_size=16
[OMPT] implicit_task_begin: parallel_id=281474976710915 thread_num=0 team_size=16
[OMPT] implicit_task_begin: parallel_id=281474976710915 thread_num=1 team_size=16
[OMPT] implicit_task_end: parallel_id=0 thread_num=15
[OMPT] implicit_task_end: parallel_id=0 thread_num=13
[OMPT] implicit_task_end: parallel_id=0 thread_num=8
[OMPT] implicit_task_end: parallel_id=0 thread_num=9
[OMPT] implicit_task_begin: parallel_id=281474976710915 thread_num=14 team_size=16
[OMPT] implicit_task_begin: parallel_id=281474976710915 thread_num=9 team_size=16
[OMPT] implicit_task_end: parallel_id=0 thread_num=6
[OMPT] implicit_task_begin: parallel_id=281474976710915 thread_num=4 team_size=16
[OMPT] implicit_task_end: parallel_id=0 thread_num=3
[OMPT] implicit_task_begin: parallel_id=281474976710915 thread_num=15 team_size=16
[OMPT] implicit_task_begin: parallel_id=281474976710915 thread_num=3 team_size=16
[OMPT] implicit_task_begin: parallel_id=281474976710915 thread_num=13 team_size=16
[OMPT] implicit_task_end: parallel_id=0 thread_num=11
[OMPT] implicit_task_end: parallel_id=0 thread_num=10
[OMPT] implicit_task_begin: parallel_id=281474976710915 thread_num=8 team_size=16
[OMPT] implicit_task_end: parallel_id=0 thread_num=5
[OMPT] implicit_task_begin: parallel_id=281474976710915 thread_num=6 team_size=16
[OMPT] implicit_task_begin: parallel_id=281474976710915 thread_num=5 team_size=16
[OMPT] implicit_task_begin: parallel_id=281474976710915 thread_num=10 team_size=16
[OMPT] implicit_task_begin: parallel_id=281474976710915 thread_num=11 team_size=16
[OMPT][WIN100ms] ompt_id=281474976710657 tid=85231  tipo=ompt_thread_initial    cpu=  1 numa=0  d_rm=     247  d_instr=1456597051  d_cyc= 373889474  d_all= 9422561  IPC=3.896  ratio_rm=0.0000
[OMPT][WIN100ms] ompt_id=562949953421313 tid=85233  tipo=ompt_thread_worker     cpu= 41 numa=0  d_rm=     286  d_instr=1464112819  d_cyc= 373881161  d_all= 9449661  IPC=3.916  ratio_rm=0.0000
[OMPT][WIN100ms] ompt_id=844424930131969 tid=85234  tipo=ompt_thread_worker     cpu=120 numa=1  d_rm=     206  d_instr=1466426923  d_cyc= 373108901  d_all= 9460004  IPC=3.930  ratio_rm=0.0000
[OMPT][WIN100ms] ompt_id=1125899906842625 tid=85235  tipo=ompt_thread_worker     cpu= 32 numa=0  d_rm=     417  d_instr=1458818461  d_cyc= 372518356  d_all= 9406360  IPC=3.916  ratio_rm=0.0000
[OMPT][WIN100ms] ompt_id=1407374883553281 tid=85236  tipo=ompt_thread_worker     cpu=104 numa=1  d_rm=     118  d_instr=1457755284  d_cyc= 372440560  d_all= 9401366  IPC=3.914  ratio_rm=0.0000
[OMPT][WIN100ms] ompt_id=1688849860263937 tid=85237  tipo=ompt_thread_worker     cpu= 64 numa=1  d_rm=     102  d_instr=1455934626  d_cyc= 372804953  d_all= 9408981  IPC=3.905  ratio_rm=0.0000
[OMPT][WIN100ms] ompt_id=1970324836974593 tid=85238  tipo=ompt_thread_worker     cpu= 81 numa=1  d_rm=     102  d_instr=1460628027  d_cyc= 372475548  d_all= 9433756  IPC=3.921  ratio_rm=0.0000
[OMPT][WIN100ms] ompt_id=2251799813685249 tid=85239  tipo=ompt_thread_worker     cpu=247 numa=1  d_rm=     115  d_instr=1464017893  d_cyc= 373773568  d_all= 9436909  IPC=3.917  ratio_rm=0.0000
[OMPT][WIN100ms] ompt_id=2533274790395905 tid=85240  tipo=ompt_thread_worker     cpu= 16 numa=0  d_rm=     280  d_instr=1460825639  d_cyc= 372814695  d_all= 9436577  IPC=3.918  ratio_rm=0.0000
[OMPT][WIN100ms] ompt_id=2814749767106561 tid=85243  tipo=ompt_thread_worker     cpu= 48 numa=0  d_rm=     292  d_instr=1463382953  d_cyc= 373567386  d_all= 9464624  IPC=3.917  ratio_rm=0.0000
[OMPT][WIN100ms] ompt_id=3096224743817217 tid=85242  tipo=ompt_thread_worker     cpu= 56 numa=0  d_rm=     367  d_instr=1462318615  d_cyc= 373719924  d_all= 9469815  IPC=3.913  ratio_rm=0.0000
[OMPT][WIN100ms] ompt_id=3377699720527873 tid=85241  tipo=ompt_thread_worker     cpu= 79 numa=1  d_rm=     231  d_instr=1464362697  d_cyc= 373917218  d_all= 9455504  IPC=3.916  ratio_rm=0.0000
[OMPT][WIN100ms] ompt_id=3659174697238529 tid=85244  tipo=ompt_thread_worker     cpu= 95 numa=1  d_rm=     182  d_instr=1466782959  d_cyc= 373847240  d_all= 9476910  IPC=3.923  ratio_rm=0.0000
[OMPT][WIN100ms] ompt_id=3940649673949185 tid=85245  tipo=ompt_thread_worker     cpu= 13 numa=0  d_rm=     321  d_instr=1459663348  d_cyc= 373258338  d_all= 9440383  IPC=3.911  ratio_rm=0.0000
[OMPT][WIN100ms] ompt_id=4222124650659841 tid=85246  tipo=ompt_thread_worker     cpu=239 numa=1  d_rm=     175  d_instr=1459716848  d_cyc= 372921646  d_all= 9420891  IPC=3.914  ratio_rm=0.0000
[OMPT][WIN100ms] ompt_id=4503599627370497 tid=85247  tipo=ompt_thread_worker     cpu=103 numa=1  d_rm=     110  d_instr=1459945464  d_cyc= 372835679  d_all= 9436611  IPC=3.916  ratio_rm=0.0000
[OMPT] implicit_task_end: parallel_id=0 thread_num=0
[OMPT] parallel_end: parallel_id=281474976710915
[OMPT] parallel_begin: parallel_id=281474976710917 team_size=16
[OMPT] implicit_task_end: parallel_id=0 thread_num=12
[OMPT] implicit_task_end: parallel_id=0 thread_num=14
[OMPT] implicit_task_end: parallel_id=0 thread_num=4
[OMPT] implicit_task_end: parallel_id=0 thread_num=7
[OMPT] implicit_task_begin: parallel_id=281474976710917 thread_num=14 team_size=16
[OMPT] implicit_task_begin: parallel_id=281474976710917 thread_num=4 team_size=16
[OMPT] implicit_task_end: parallel_id=0 thread_num=2
[OMPT] implicit_task_begin: parallel_id=281474976710917 thread_num=7 team_size=16
[OMPT] implicit_task_end: parallel_id=0 thread_num=1
[OMPT] implicit_task_begin: parallel_id=281474976710917 thread_num=2 team_size=16
[OMPT] implicit_task_end: parallel_id=0 thread_num=13
[OMPT] implicit_task_begin: parallel_id=281474976710917 thread_num=13 team_size=16
[OMPT] implicit_task_end: parallel_id=0 thread_num=15
[OMPT] implicit_task_end: parallel_id=0 thread_num=6
[OMPT] implicit_task_begin: parallel_id=281474976710917 thread_num=15 team_size=16
[OMPT] implicit_task_end: parallel_id=0 thread_num=5
[OMPT] implicit_task_begin: parallel_id=281474976710917 thread_num=5 team_size=16
[OMPT] implicit_task_end: parallel_id=0 thread_num=3
[OMPT] implicit_task_begin: parallel_id=281474976710917 thread_num=0 team_size=16
[OMPT] implicit_task_begin: parallel_id=281474976710917 thread_num=3 team_size=16
[OMPT] implicit_task_end: parallel_id=0 thread_num=8
[OMPT] implicit_task_end: parallel_id=0 thread_num=11
[OMPT] implicit_task_begin: parallel_id=281474976710917 thread_num=6 team_size=16
[OMPT] implicit_task_begin: parallel_id=281474976710917 thread_num=11 team_size=16
[OMPT] implicit_task_end: parallel_id=0 thread_num=9
[OMPT] implicit_task_end: parallel_id=0 thread_num=10
[OMPT] implicit_task_begin: parallel_id=281474976710917 thread_num=9 team_size=16
[OMPT] implicit_task_begin: parallel_id=281474976710917 thread_num=1 team_size=16
[OMPT] implicit_task_begin: parallel_id=281474976710917 thread_num=8 team_size=16
[OMPT] implicit_task_begin: parallel_id=281474976710917 thread_num=12 team_size=16
[OMPT] implicit_task_begin: parallel_id=281474976710917 thread_num=10 team_size=16
[OMPT][WIN100ms] ompt_id=281474976710657 tid=85231  tipo=ompt_thread_initial    cpu=  1 numa=0  d_rm=     164  d_instr=1461858218  d_cyc= 373993037  d_all= 9455525  IPC=3.909  ratio_rm=0.0000
[OMPT][WIN100ms] ompt_id=562949953421313 tid=85233  tipo=ompt_thread_worker     cpu= 41 numa=0  d_rm=     211  d_instr=1465221525  d_cyc= 373280857  d_all= 9469622  IPC=3.925  ratio_rm=0.0000
[OMPT][WIN100ms] ompt_id=844424930131969 tid=85234  tipo=ompt_thread_worker     cpu=120 numa=1  d_rm=     212  d_instr=1467470226  d_cyc= 373808678  d_all= 9487740  IPC=3.926  ratio_rm=0.0000
[OMPT][WIN100ms] ompt_id=1125899906842625 tid=85235  tipo=ompt_thread_worker     cpu= 32 numa=0  d_rm=     298  d_instr=1472515561  d_cyc= 373635992  d_all= 9530773  IPC=3.941  ratio_rm=0.0000
[OMPT][WIN100ms] ompt_id=1407374883553281 tid=85236  tipo=ompt_thread_worker     cpu=104 numa=1  d_rm=     144  d_instr=1474134388  d_cyc= 373710327  d_all= 9516952  IPC=3.945  ratio_rm=0.0000
[OMPT][WIN100ms] ompt_id=1688849860263937 tid=85237  tipo=ompt_thread_worker     cpu= 64 numa=1  d_rm=     103  d_instr=1467833823  d_cyc= 373841234  d_all= 9501080  IPC=3.926  ratio_rm=0.0000
[OMPT][WIN100ms] ompt_id=1970324836974593 tid=85238  tipo=ompt_thread_worker     cpu= 81 numa=1  d_rm=     111  d_instr=1471182637  d_cyc= 373234835  d_all= 9516168  IPC=3.942  ratio_rm=0.0000
[OMPT][WIN100ms] ompt_id=2251799813685249 tid=85239  tipo=ompt_thread_worker     cpu=247 numa=1  d_rm=     123  d_instr=1473560348  d_cyc= 373828734  d_all= 9517190  IPC=3.942  ratio_rm=0.0000
[OMPT][WIN100ms] ompt_id=2533274790395905 tid=85240  tipo=ompt_thread_worker     cpu= 16 numa=0  d_rm=     252  d_instr=1469613201  d_cyc= 372764274  d_all= 9499610  IPC=3.942  ratio_rm=0.0000
[OMPT][WIN100ms] ompt_id=2814749767106561 tid=85243  tipo=ompt_thread_worker     cpu= 48 numa=0  d_rm=     223  d_instr=1470751764  d_cyc= 374655503  d_all= 9532316  IPC=3.926  ratio_rm=0.0000
[OMPT][WIN100ms] ompt_id=3096224743817217 tid=85242  tipo=ompt_thread_worker     cpu= 56 numa=0  d_rm=     312  d_instr=1464843936  d_cyc= 373886675  d_all= 9486406  IPC=3.918  ratio_rm=0.0000
[OMPT][WIN100ms] ompt_id=3377699720527873 tid=85241  tipo=ompt_thread_worker     cpu= 79 numa=1  d_rm=     223  d_instr=1464610715  d_cyc= 373752637  d_all= 9461655  IPC=3.919  ratio_rm=0.0000
[OMPT][WIN100ms] ompt_id=3659174697238529 tid=85244  tipo=ompt_thread_worker     cpu= 95 numa=1  d_rm=     157  d_instr=1462473064  d_cyc= 372499582  d_all= 9452912  IPC=3.926  ratio_rm=0.0000
[OMPT][WIN100ms] ompt_id=3940649673949185 tid=85245  tipo=ompt_thread_worker     cpu= 13 numa=0  d_rm=     255  d_instr=1467649527  d_cyc= 374177515  d_all= 9504062  IPC=3.922  ratio_rm=0.0000
[OMPT][WIN100ms] ompt_id=4222124650659841 tid=85246  tipo=ompt_thread_worker     cpu=239 numa=1  d_rm=     204  d_instr=1471674318  d_cyc= 373905402  d_all= 9520734  IPC=3.936  ratio_rm=0.0000
[OMPT][WIN100ms] ompt_id=4503599627370497 tid=85247  tipo=ompt_thread_worker     cpu=103 numa=1  d_rm=     109  d_instr=1473356707  d_cyc= 373091151  d_all= 9526790  IPC=3.949  ratio_rm=0.0000
[OMPT] implicit_task_end: parallel_id=0 thread_num=0
[OMPT] parallel_end: parallel_id=281474976710917
[OMPT] parallel_begin: parallel_id=281474976710919 team_size=16
[OMPT] implicit_task_end: parallel_id=0 thread_num=12
[OMPT] implicit_task_end: parallel_id=0 thread_num=14
[OMPT] implicit_task_end: parallel_id=0 thread_num=4
[OMPT] implicit_task_end: parallel_id=0 thread_num=6
[OMPT] implicit_task_begin: parallel_id=281474976710919 thread_num=14 team_size=16
[OMPT] implicit_task_end: parallel_id=0 thread_num=1
[OMPT] implicit_task_begin: parallel_id=281474976710919 thread_num=0 team_size=16
[OMPT] implicit_task_begin: parallel_id=281474976710919 thread_num=6 team_size=16
[OMPT] implicit_task_end: parallel_id=0 thread_num=15
[OMPT] implicit_task_begin: parallel_id=281474976710919 thread_num=12 team_size=16
[OMPT] implicit_task_begin: parallel_id=281474976710919 thread_num=15 team_size=16
[OMPT] implicit_task_end: parallel_id=0 thread_num=7
[OMPT] implicit_task_end: parallel_id=0 thread_num=5
[OMPT] implicit_task_begin: parallel_id=281474976710919 thread_num=7 team_size=16
[OMPT] implicit_task_begin: parallel_id=281474976710919 thread_num=5 team_size=16
[OMPT] implicit_task_end: parallel_id=0 thread_num=2
[OMPT] implicit_task_end: parallel_id=0 thread_num=8
[OMPT] implicit_task_end: parallel_id=0 thread_num=11
[OMPT] implicit_task_begin: parallel_id=281474976710919 thread_num=8 team_size=16
[OMPT] implicit_task_begin: parallel_id=281474976710919 thread_num=1 team_size=16
[OMPT] implicit_task_end: parallel_id=0 thread_num=3
[OMPT] implicit_task_begin: parallel_id=281474976710919 thread_num=4 team_size=16
[OMPT] implicit_task_begin: parallel_id=281474976710919 thread_num=3 team_size=16
[OMPT] implicit_task_end: parallel_id=0 thread_num=9
[OMPT] implicit_task_end: parallel_id=0 thread_num=10
[OMPT] implicit_task_end: parallel_id=0 thread_num=13
[OMPT] implicit_task_begin: parallel_id=281474976710919 thread_num=10 team_size=16
[OMPT] implicit_task_begin: parallel_id=281474976710919 thread_num=13 team_size=16
[OMPT] implicit_task_begin: parallel_id=281474976710919 thread_num=11 team_size=16
[OMPT] implicit_task_begin: parallel_id=281474976710919 thread_num=9 team_size=16
[OMPT] implicit_task_begin: parallel_id=281474976710919 thread_num=2 team_size=16
[OMPT][WIN100ms] ompt_id=281474976710657 tid=85231  tipo=ompt_thread_initial    cpu=  1 numa=0  d_rm=     232  d_instr=1465631932  d_cyc= 374245982  d_all= 9498902  IPC=3.916  ratio_rm=0.0000
[OMPT][WIN100ms] ompt_id=562949953421313 tid=85233  tipo=ompt_thread_worker     cpu= 41 numa=0  d_rm=     253  d_instr=1468574753  d_cyc= 373696359  d_all= 9499686  IPC=3.930  ratio_rm=0.0000
[OMPT][WIN100ms] ompt_id=844424930131969 tid=85234  tipo=ompt_thread_worker     cpu=120 numa=1  d_rm=     187  d_instr=1462568293  d_cyc= 372493534  d_all= 9455869  IPC=3.926  ratio_rm=0.0000
[OMPT][WIN100ms] ompt_id=1125899906842625 tid=85235  tipo=ompt_thread_worker     cpu= 32 numa=0  d_rm=     345  d_instr=1465833949  d_cyc= 372953923  d_all= 9470337  IPC=3.930  ratio_rm=0.0000
[OMPT][WIN100ms] ompt_id=1407374883553281 tid=85236  tipo=ompt_thread_worker     cpu=104 numa=1  d_rm=     178  d_instr=1459117303  d_cyc= 372461783  d_all= 9439453  IPC=3.917  ratio_rm=0.0000
[OMPT][WIN100ms] ompt_id=1688849860263937 tid=85237  tipo=ompt_thread_worker     cpu= 64 numa=1  d_rm=     107  d_instr=1467773108  d_cyc= 373438638  d_all= 9492908  IPC=3.930  ratio_rm=0.0000
[OMPT][WIN100ms] ompt_id=1970324836974593 tid=85238  tipo=ompt_thread_worker     cpu= 81 numa=1  d_rm=     121  d_instr=1472727737  d_cyc= 373897954  d_all= 9529095  IPC=3.939  ratio_rm=0.0000
[OMPT][WIN100ms] ompt_id=2251799813685249 tid=85239  tipo=ompt_thread_worker     cpu=247 numa=1  d_rm=     136  d_instr=1463608461  d_cyc= 373112507  d_all= 9453299  IPC=3.923  ratio_rm=0.0000
[OMPT][WIN100ms] ompt_id=2533274790395905 tid=85240  tipo=ompt_thread_worker     cpu= 16 numa=0  d_rm=     286  d_instr=1467797915  d_cyc= 373400260  d_all= 9494510  IPC=3.931  ratio_rm=0.0000
[OMPT][WIN100ms] ompt_id=2814749767106561 tid=85243  tipo=ompt_thread_worker     cpu= 48 numa=0  d_rm=     284  d_instr=1465413144  d_cyc= 374006774  d_all= 9486745  IPC=3.918  ratio_rm=0.0000
[OMPT][WIN100ms] ompt_id=3096224743817217 tid=85242  tipo=ompt_thread_worker     cpu= 56 numa=0  d_rm=     347  d_instr=1467380878  d_cyc= 374029474  d_all= 9487920  IPC=3.923  ratio_rm=0.0000
[OMPT][WIN100ms] ompt_id=3377699720527873 tid=85241  tipo=ompt_thread_worker     cpu= 79 numa=1  d_rm=     239  d_instr=1470133011  d_cyc= 373644878  d_all= 9507702  IPC=3.935  ratio_rm=0.0000
[OMPT][WIN100ms] ompt_id=3659174697238529 tid=85244  tipo=ompt_thread_worker     cpu= 95 numa=1  d_rm=     190  d_instr=1469966019  d_cyc= 373797787  d_all= 9510740  IPC=3.933  ratio_rm=0.0000
[OMPT][WIN100ms] ompt_id=3940649673949185 tid=85245  tipo=ompt_thread_worker     cpu= 13 numa=0  d_rm=     286  d_instr=1465691597  d_cyc= 373040017  d_all= 9478554  IPC=3.929  ratio_rm=0.0000
[OMPT][WIN100ms] ompt_id=4222124650659841 tid=85246  tipo=ompt_thread_worker     cpu=239 numa=1  d_rm=     244  d_instr=1464474976  d_cyc= 373767224  d_all= 9449220  IPC=3.918  ratio_rm=0.0000
[OMPT][WIN100ms] ompt_id=4503599627370497 tid=85247  tipo=ompt_thread_worker     cpu=103 numa=1  d_rm=     105  d_instr=1464370613  d_cyc= 373628030  d_all= 9455314  IPC=3.919  ratio_rm=0.0000
[OMPT] implicit_task_end: parallel_id=0 thread_num=0
[OMPT] parallel_end: parallel_id=281474976710919
[OMPT] parallel_begin: parallel_id=281474976710921 team_size=16
[OMPT] implicit_task_end: parallel_id=0 thread_num=12
[OMPT] implicit_task_end: parallel_id=0 thread_num=15
[OMPT] implicit_task_begin: parallel_id=281474976710921 thread_num=12 team_size=16
[OMPT] implicit_task_end: parallel_id=0 thread_num=4
[OMPT] implicit_task_begin: parallel_id=281474976710921 thread_num=15 team_size=16
[OMPT] implicit_task_end: parallel_id=0 thread_num=7
[OMPT] implicit_task_end: parallel_id=0 thread_num=8
[OMPT] implicit_task_begin: parallel_id=281474976710921 thread_num=0 team_size=16
[OMPT] implicit_task_end: parallel_id=0 thread_num=9
[OMPT] implicit_task_end: parallel_id=0 thread_num=2
[OMPT] implicit_task_end: parallel_id=0 thread_num=13
[OMPT] implicit_task_begin: parallel_id=281474976710921 thread_num=9 team_size=16
[OMPT] implicit_task_end: parallel_id=0 thread_num=5
[OMPT] implicit_task_begin: parallel_id=281474976710921 thread_num=2 team_size=16
[OMPT] implicit_task_end: parallel_id=0 thread_num=6
[OMPT] implicit_task_end: parallel_id=0 thread_num=1
[OMPT] implicit_task_begin: parallel_id=281474976710921 thread_num=6 team_size=16
[OMPT] implicit_task_begin: parallel_id=281474976710921 thread_num=4 team_size=16
[OMPT] implicit_task_begin: parallel_id=281474976710921 thread_num=1 team_size=16
[OMPT] implicit_task_end: parallel_id=0 thread_num=10
[OMPT] implicit_task_end: parallel_id=0 thread_num=11
[OMPT] implicit_task_begin: parallel_id=281474976710921 thread_num=10 team_size=16
[OMPT] implicit_task_end: parallel_id=0 thread_num=14
[OMPT] implicit_task_begin: parallel_id=281474976710921 thread_num=11 team_size=16
[OMPT] implicit_task_begin: parallel_id=281474976710921 thread_num=14 team_size=16
[OMPT] implicit_task_begin: parallel_id=281474976710921 thread_num=8 team_size=16
[OMPT] implicit_task_end: parallel_id=0 thread_num=3
[OMPT] implicit_task_begin: parallel_id=281474976710921 thread_num=5 team_size=16
[OMPT] implicit_task_begin: parallel_id=281474976710921 thread_num=3 team_size=16
[OMPT] implicit_task_begin: parallel_id=281474976710921 thread_num=13 team_size=16
[OMPT] implicit_task_begin: parallel_id=281474976710921 thread_num=7 team_size=16
[OMPT][WIN100ms] ompt_id=281474976710657 tid=85231  tipo=ompt_thread_initial    cpu=  1 numa=0  d_rm=     174  d_instr=1469631729  d_cyc= 374334025  d_all= 9520488  IPC=3.926  ratio_rm=0.0000
[OMPT][WIN100ms] ompt_id=562949953421313 tid=85233  tipo=ompt_thread_worker     cpu= 41 numa=0  d_rm=     225  d_instr=1470146154  d_cyc= 373861338  d_all= 9514788  IPC=3.932  ratio_rm=0.0000
[OMPT][WIN100ms] ompt_id=844424930131969 tid=85234  tipo=ompt_thread_worker     cpu=120 numa=1  d_rm=     242  d_instr=1475956735  d_cyc= 373868794  d_all= 9551663  IPC=3.948  ratio_rm=0.0000
[OMPT][WIN100ms] ompt_id=1125899906842625 tid=85235  tipo=ompt_thread_worker     cpu= 32 numa=0  d_rm=     277  d_instr=1469762798  d_cyc= 373361384  d_all= 9513095  IPC=3.937  ratio_rm=0.0000
[OMPT][WIN100ms] ompt_id=1407374883553281 tid=85236  tipo=ompt_thread_worker     cpu=104 numa=1  d_rm=     145  d_instr=1476040602  d_cyc= 373437066  d_all= 9555977  IPC=3.953  ratio_rm=0.0000
[OMPT][WIN100ms] ompt_id=1688849860263937 tid=85237  tipo=ompt_thread_worker     cpu= 64 numa=1  d_rm=     123  d_instr=1474791794  d_cyc= 373513155  d_all= 9543446  IPC=3.948  ratio_rm=0.0000
[OMPT][WIN100ms] ompt_id=1970324836974593 tid=85238  tipo=ompt_thread_worker     cpu= 81 numa=1  d_rm=     112  d_instr=1465459358  d_cyc= 373394018  d_all= 9470608  IPC=3.925  ratio_rm=0.0000
[OMPT][WIN100ms] ompt_id=2251799813685249 tid=85239  tipo=ompt_thread_worker     cpu=247 numa=1  d_rm=     120  d_instr=1468689833  d_cyc= 373207177  d_all= 9495741  IPC=3.935  ratio_rm=0.0000
[OMPT][WIN100ms] ompt_id=2533274790395905 tid=85240  tipo=ompt_thread_worker     cpu= 16 numa=0  d_rm=     239  d_instr=1472347893  d_cyc= 373433807  d_all= 9527619  IPC=3.943  ratio_rm=0.0000
[OMPT][WIN100ms] ompt_id=2814749767106561 tid=85243  tipo=ompt_thread_worker     cpu= 48 numa=0  d_rm=     246  d_instr=1471959113  d_cyc= 374033828  d_all= 9517901  IPC=3.935  ratio_rm=0.0000
[OMPT][WIN100ms] ompt_id=3096224743817217 tid=85242  tipo=ompt_thread_worker     cpu= 56 numa=0  d_rm=     312  d_instr=1467092161  d_cyc= 373884361  d_all= 9494016  IPC=3.924  ratio_rm=0.0000
[OMPT][WIN100ms] ompt_id=3377699720527873 tid=85241  tipo=ompt_thread_worker     cpu= 79 numa=1  d_rm=     292  d_instr=1475310769  d_cyc= 374421679  d_all= 9548231  IPC=3.940  ratio_rm=0.0000
[OMPT][WIN100ms] ompt_id=3659174697238529 tid=85244  tipo=ompt_thread_worker     cpu= 95 numa=1  d_rm=     200  d_instr=1468958944  d_cyc= 373982158  d_all= 9481751  IPC=3.928  ratio_rm=0.0000
[OMPT][WIN100ms] ompt_id=3940649673949185 tid=85245  tipo=ompt_thread_worker     cpu= 13 numa=0  d_rm=     255  d_instr=1476068026  d_cyc= 373594111  d_all= 9547402  IPC=3.951  ratio_rm=0.0000
[OMPT][WIN100ms] ompt_id=4222124650659841 tid=85246  tipo=ompt_thread_worker     cpu=239 numa=1  d_rm=     163  d_instr=1470547974  d_cyc= 372977111  d_all= 9491772  IPC=3.943  ratio_rm=0.0000
[OMPT][WIN100ms] ompt_id=4503599627370497 tid=85247  tipo=ompt_thread_worker     cpu=103 numa=1  d_rm=     111  d_instr=1470177331  d_cyc= 374007760  d_all= 9506218  IPC=3.931  ratio_rm=0.0000
[OMPT] implicit_task_end: parallel_id=0 thread_num=0
[OMPT] parallel_end: parallel_id=281474976710921
[OMPT] parallel_begin: parallel_id=281474976710923 team_size=16
[OMPT] implicit_task_end: parallel_id=0 thread_num=12
[OMPT] implicit_task_end: parallel_id=0 thread_num=14
[OMPT] implicit_task_begin: parallel_id=281474976710923 thread_num=12 team_size=16
[OMPT] implicit_task_end: parallel_id=0 thread_num=1
[OMPT] implicit_task_begin: parallel_id=281474976710923 thread_num=14 team_size=16
[OMPT] implicit_task_begin: parallel_id=281474976710923 thread_num=0 team_size=16
[OMPT] implicit_task_begin: parallel_id=281474976710923 thread_num=1 team_size=16
[OMPT] implicit_task_end: parallel_id=0 thread_num=4
[OMPT] implicit_task_end: parallel_id=0 thread_num=5
[OMPT] implicit_task_end: parallel_id=0 thread_num=2
[OMPT] implicit_task_end: parallel_id=0 thread_num=15
[OMPT] implicit_task_end: parallel_id=0 thread_num=13
[OMPT] implicit_task_begin: parallel_id=281474976710923 thread_num=15 team_size=16
[OMPT] implicit_task_end: parallel_id=0 thread_num=8
[OMPT] implicit_task_end: parallel_id=0 thread_num=9
[OMPT] implicit_task_begin: parallel_id=281474976710923 thread_num=8 team_size=16
[OMPT] implicit_task_begin: parallel_id=281474976710923 thread_num=4 team_size=16
[OMPT] implicit_task_end: parallel_id=0 thread_num=6
[OMPT] implicit_task_begin: parallel_id=281474976710923 thread_num=5 team_size=16
[OMPT] implicit_task_begin: parallel_id=281474976710923 thread_num=6 team_size=16
[OMPT] implicit_task_begin: parallel_id=281474976710923 thread_num=2 team_size=16
[OMPT] implicit_task_begin: parallel_id=281474976710923 thread_num=13 team_size=16
[OMPT] implicit_task_end: parallel_id=0 thread_num=11
[OMPT] implicit_task_end: parallel_id=0 thread_num=10
[OMPT] implicit_task_end: parallel_id=0 thread_num=7
[OMPT] implicit_task_begin: parallel_id=281474976710923 thread_num=10 team_size=16
[OMPT] implicit_task_begin: parallel_id=281474976710923 thread_num=9 team_size=16
[OMPT] implicit_task_end: parallel_id=0 thread_num=3
[OMPT] implicit_task_begin: parallel_id=281474976710923 thread_num=11 team_size=16
[OMPT] implicit_task_begin: parallel_id=281474976710923 thread_num=3 team_size=16
[OMPT] implicit_task_begin: parallel_id=281474976710923 thread_num=7 team_size=16
[OMPT][WIN100ms] ompt_id=281474976710657 tid=85231  tipo=ompt_thread_initial    cpu=  1 numa=0  d_rm=     214  d_instr=1468170723  d_cyc= 374669158  d_all= 9516406  IPC=3.919  ratio_rm=0.0000
[OMPT][WIN100ms] ompt_id=562949953421313 tid=85233  tipo=ompt_thread_worker     cpu= 41 numa=0  d_rm=     249  d_instr=1477554758  d_cyc= 374492918  d_all= 9566317  IPC=3.945  ratio_rm=0.0000
[OMPT][WIN100ms] ompt_id=844424930131969 tid=85234  tipo=ompt_thread_worker     cpu=120 numa=1  d_rm=     184  d_instr=1470094786  d_cyc= 373403509  d_all= 9515133  IPC=3.937  ratio_rm=0.0000
[OMPT][WIN100ms] ompt_id=1125899906842625 tid=85235  tipo=ompt_thread_worker     cpu= 32 numa=0  d_rm=     341  d_instr=1468711387  d_cyc= 373123642  d_all= 9500427  IPC=3.936  ratio_rm=0.0000
[OMPT][WIN100ms] ompt_id=1407374883553281 tid=85236  tipo=ompt_thread_worker     cpu=104 numa=1  d_rm=     126  d_instr=1470236518  d_cyc= 373373014  d_all= 9513109  IPC=3.938  ratio_rm=0.0000
[OMPT][WIN100ms] ompt_id=1688849860263937 tid=85237  tipo=ompt_thread_worker     cpu= 64 numa=1  d_rm=     112  d_instr=1469724490  d_cyc= 373680140  d_all= 9505401  IPC=3.933  ratio_rm=0.0000
[OMPT][WIN100ms] ompt_id=1970324836974593 tid=85238  tipo=ompt_thread_worker     cpu= 81 numa=1  d_rm=     104  d_instr=1474168178  d_cyc= 373462266  d_all= 9536564  IPC=3.947  ratio_rm=0.0000
[OMPT][WIN100ms] ompt_id=2251799813685249 tid=85239  tipo=ompt_thread_worker     cpu=247 numa=1  d_rm=     135  d_instr=1468730187  d_cyc= 373379979  d_all= 9501806  IPC=3.934  ratio_rm=0.0000
[OMPT][WIN100ms] ompt_id=2533274790395905 tid=85240  tipo=ompt_thread_worker     cpu= 16 numa=0  d_rm=     273  d_instr=1473033690  d_cyc= 373736306  d_all= 9513281  IPC=3.941  ratio_rm=0.0000
[OMPT][WIN100ms] ompt_id=2814749767106561 tid=85243  tipo=ompt_thread_worker     cpu= 48 numa=0  d_rm=     266  d_instr=1471413358  d_cyc= 374016514  d_all= 9513376  IPC=3.934  ratio_rm=0.0000
[OMPT][WIN100ms] ompt_id=3096224743817217 tid=85242  tipo=ompt_thread_worker     cpu= 56 numa=0  d_rm=     397  d_instr=1482465351  d_cyc= 374228419  d_all= 9585764  IPC=3.961  ratio_rm=0.0000
[OMPT][WIN100ms] ompt_id=3377699720527873 tid=85241  tipo=ompt_thread_worker     cpu= 79 numa=1  d_rm=     216  d_instr=1467519844  d_cyc= 373835589  d_all= 9475798  IPC=3.926  ratio_rm=0.0000
[OMPT][WIN100ms] ompt_id=3659174697238529 tid=85244  tipo=ompt_thread_worker     cpu= 95 numa=1  d_rm=     223  d_instr=1476727530  d_cyc= 374143392  d_all= 9539180  IPC=3.947  ratio_rm=0.0000
[OMPT][WIN100ms] ompt_id=3940649673949185 tid=85245  tipo=ompt_thread_worker     cpu= 13 numa=0  d_rm=     297  d_instr=1468394678  d_cyc= 373265572  d_all= 9480772  IPC=3.934  ratio_rm=0.0000
[OMPT][WIN100ms] ompt_id=4222124650659841 tid=85246  tipo=ompt_thread_worker     cpu=239 numa=1  d_rm=     227  d_instr=1482264008  d_cyc= 374153587  d_all= 9573846  IPC=3.962  ratio_rm=0.0000
[OMPT][WIN100ms] ompt_id=4503599627370497 tid=85247  tipo=ompt_thread_worker     cpu=103 numa=1  d_rm=     107  d_instr=1470341738  d_cyc= 373365688  d_all= 9505126  IPC=3.938  ratio_rm=0.0000
[OMPT] implicit_task_end: parallel_id=0 thread_num=0
[OMPT] parallel_end: parallel_id=281474976710923
[OMPT] parallel_begin: parallel_id=281474976710925 team_size=16
[OMPT] implicit_task_end: parallel_id=0 thread_num=12
[OMPT] implicit_task_end: parallel_id=0 thread_num=15
[OMPT] implicit_task_begin: parallel_id=281474976710925 thread_num=12 team_size=16
[OMPT] implicit_task_begin: parallel_id=281474976710925 thread_num=0 team_size=16
[OMPT] implicit_task_end: parallel_id=0 thread_num=8
[OMPT] implicit_task_end: parallel_id=0 thread_num=11
[OMPT] implicit_task_end: parallel_id=0 thread_num=2
[OMPT] implicit_task_begin: parallel_id=281474976710925 thread_num=11 team_size=16
[OMPT] implicit_task_end: parallel_id=0 thread_num=4
[OMPT] implicit_task_end: parallel_id=0 thread_num=5
[OMPT] implicit_task_begin: parallel_id=281474976710925 thread_num=4 team_size=16
[OMPT] implicit_task_end: parallel_id=0 thread_num=13
[OMPT] implicit_task_end: parallel_id=0 thread_num=3
[OMPT] implicit_task_begin: parallel_id=281474976710925 thread_num=15 team_size=16
[OMPT] implicit_task_end: parallel_id=0 thread_num=9
[OMPT] implicit_task_end: parallel_id=0 thread_num=10
[OMPT] implicit_task_begin: parallel_id=281474976710925 thread_num=8 team_size=16
[OMPT] implicit_task_end: parallel_id=0 thread_num=1
[OMPT] implicit_task_end: parallel_id=0 thread_num=7
[OMPT] implicit_task_begin: parallel_id=281474976710925 thread_num=2 team_size=16
[OMPT] implicit_task_begin: parallel_id=281474976710925 thread_num=7 team_size=16
[OMPT] implicit_task_end: parallel_id=0 thread_num=6
[OMPT] implicit_task_begin: parallel_id=281474976710925 thread_num=5 team_size=16
[OMPT] implicit_task_begin: parallel_id=281474976710925 thread_num=6 team_size=16
[OMPT] implicit_task_begin: parallel_id=281474976710925 thread_num=13 team_size=16
[OMPT] implicit_task_begin: parallel_id=281474976710925 thread_num=3 team_size=16
[OMPT] implicit_task_begin: parallel_id=281474976710925 thread_num=9 team_size=16
[OMPT] implicit_task_begin: parallel_id=281474976710925 thread_num=10 team_size=16
[OMPT] implicit_task_begin: parallel_id=281474976710925 thread_num=1 team_size=16
[OMPT] implicit_task_end: parallel_id=0 thread_num=14
[OMPT] implicit_task_begin: parallel_id=281474976710925 thread_num=14 team_size=16
[OMPT][WIN100ms] ompt_id=281474976710657 tid=85231  tipo=ompt_thread_initial    cpu=  1 numa=0  d_rm=     206  d_instr=1475533824  d_cyc= 374439099  d_all= 9553380  IPC=3.941  ratio_rm=0.0000
[OMPT][WIN100ms] ompt_id=562949953421313 tid=85233  tipo=ompt_thread_worker     cpu= 41 numa=0  d_rm=     256  d_instr=1464279502  d_cyc= 373121942  d_all= 9476649  IPC=3.924  ratio_rm=0.0000
[OMPT][WIN100ms] ompt_id=844424930131969 tid=85234  tipo=ompt_thread_worker     cpu=120 numa=1  d_rm=     160  d_instr=1477608005  d_cyc= 373093914  d_all= 9559013  IPC=3.960  ratio_rm=0.0000
[OMPT][WIN100ms] ompt_id=1125899906842625 tid=85235  tipo=ompt_thread_worker     cpu= 32 numa=0  d_rm=     338  d_instr=1475549910  d_cyc= 373338606  d_all= 9556834  IPC=3.952  ratio_rm=0.0000
[OMPT][WIN100ms] ompt_id=1407374883553281 tid=85236  tipo=ompt_thread_worker     cpu=104 numa=1  d_rm=     134  d_instr=1476130001  d_cyc= 373798713  d_all= 9545981  IPC=3.949  ratio_rm=0.0000
[OMPT][WIN100ms] ompt_id=1688849860263937 tid=85237  tipo=ompt_thread_worker     cpu= 64 numa=1  d_rm=     100  d_instr=1473792930  d_cyc= 373611376  d_all= 9523434  IPC=3.945  ratio_rm=0.0000
[OMPT][WIN100ms] ompt_id=1970324836974593 tid=85238  tipo=ompt_thread_worker     cpu= 81 numa=1  d_rm=     103  d_instr=1474009106  d_cyc= 373168382  d_all= 9515874  IPC=3.950  ratio_rm=0.0000
[OMPT][WIN100ms] ompt_id=2251799813685249 tid=85239  tipo=ompt_thread_worker     cpu=247 numa=1  d_rm=     127  d_instr=1474767816  d_cyc= 373564421  d_all= 9532568  IPC=3.948  ratio_rm=0.0000
[OMPT][WIN100ms] ompt_id=2533274790395905 tid=85240  tipo=ompt_thread_worker     cpu= 16 numa=0  d_rm=     310  d_instr=1472772086  d_cyc= 373207344  d_all= 9511188  IPC=3.946  ratio_rm=0.0000
[OMPT][WIN100ms] ompt_id=2814749767106561 tid=85243  tipo=ompt_thread_worker     cpu= 48 numa=0  d_rm=     291  d_instr=1474516347  d_cyc= 374808657  d_all= 9542417  IPC=3.934  ratio_rm=0.0000
[OMPT][WIN100ms] ompt_id=3096224743817217 tid=85242  tipo=ompt_thread_worker     cpu= 56 numa=0  d_rm=     361  d_instr=1466039016  d_cyc= 373065189  d_all= 9472408  IPC=3.930  ratio_rm=0.0000
[OMPT][WIN100ms] ompt_id=3377699720527873 tid=85241  tipo=ompt_thread_worker     cpu= 79 numa=1  d_rm=     226  d_instr=1466894796  d_cyc= 372911805  d_all= 9483935  IPC=3.934  ratio_rm=0.0000
[OMPT][WIN100ms] ompt_id=3659174697238529 tid=85244  tipo=ompt_thread_worker     cpu= 95 numa=1  d_rm=     219  d_instr=1473287787  d_cyc= 374013752  d_all= 9511542  IPC=3.939  ratio_rm=0.0000
[OMPT][WIN100ms] ompt_id=3940649673949185 tid=85245  tipo=ompt_thread_worker     cpu= 13 numa=0  d_rm=     283  d_instr=1469991088  d_cyc= 373322601  d_all= 9511366  IPC=3.938  ratio_rm=0.0000
[OMPT][WIN100ms] ompt_id=4222124650659841 tid=85246  tipo=ompt_thread_worker     cpu=239 numa=1  d_rm=     153  d_instr=1465110526  d_cyc= 372110766  d_all= 9458913  IPC=3.937  ratio_rm=0.0000
[OMPT][WIN100ms] ompt_id=4503599627370497 tid=85247  tipo=ompt_thread_worker     cpu=103 numa=1  d_rm=     106  d_instr=1475594127  d_cyc= 373552442  d_all= 9545412  IPC=3.950  ratio_rm=0.0000
[OMPT] implicit_task_end: parallel_id=0 thread_num=0
[OMPT] parallel_end: parallel_id=281474976710925
[OMPT] parallel_begin: parallel_id=281474976710927 team_size=16
[OMPT] implicit_task_end: parallel_id=0 thread_num=12
[OMPT] implicit_task_end: parallel_id=0 thread_num=14
[OMPT] implicit_task_end: parallel_id=0 thread_num=3
[OMPT] implicit_task_end: parallel_id=0 thread_num=8
[OMPT] implicit_task_begin: parallel_id=281474976710927 thread_num=14 team_size=16
[OMPT] implicit_task_end: parallel_id=0 thread_num=9
[OMPT] implicit_task_begin: parallel_id=281474976710927 thread_num=3 team_size=16
[OMPT] implicit_task_begin: parallel_id=281474976710927 thread_num=0 team_size=16
[OMPT] implicit_task_end: parallel_id=0 thread_num=2
[OMPT] implicit_task_begin: parallel_id=281474976710927 thread_num=12 team_size=16
[OMPT] implicit_task_begin: parallel_id=281474976710927 thread_num=2 team_size=16
[OMPT] implicit_task_end: parallel_id=0 thread_num=1
[OMPT] implicit_task_end: parallel_id=0 thread_num=10
[OMPT] implicit_task_end: parallel_id=0 thread_num=11
[OMPT] implicit_task_begin: parallel_id=281474976710927 thread_num=10 team_size=16
[OMPT] implicit_task_end: parallel_id=0 thread_num=4
[OMPT] implicit_task_end: parallel_id=0 thread_num=5
[OMPT] implicit_task_end: parallel_id=0 thread_num=15
[OMPT] implicit_task_begin: parallel_id=281474976710927 thread_num=9 team_size=16
[OMPT] implicit_task_begin: parallel_id=281474976710927 thread_num=15 team_size=16
[OMPT] implicit_task_begin: parallel_id=281474976710927 thread_num=1 team_size=16
[OMPT] implicit_task_end: parallel_id=0 thread_num=6
[OMPT] implicit_task_end: parallel_id=0 thread_num=7
[OMPT] implicit_task_begin: parallel_id=281474976710927 thread_num=8 team_size=16
[OMPT] implicit_task_begin: parallel_id=281474976710927 thread_num=11 team_size=16
[OMPT] implicit_task_begin: parallel_id=281474976710927 thread_num=7 team_size=16
[OMPT] implicit_task_begin: parallel_id=281474976710927 thread_num=4 team_size=16
[OMPT] implicit_task_end: parallel_id=0 thread_num=13
[OMPT] implicit_task_begin: parallel_id=281474976710927 thread_num=6 team_size=16
[OMPT] implicit_task_begin: parallel_id=281474976710927 thread_num=5 team_size=16
[OMPT] implicit_task_begin: parallel_id=281474976710927 thread_num=13 team_size=16
[OMPT][WIN100ms] ompt_id=281474976710657 tid=85231  tipo=ompt_thread_initial    cpu=  1 numa=0  d_rm=     154  d_instr=1468036112  d_cyc= 374235342  d_all= 9503419  IPC=3.923  ratio_rm=0.0000
[OMPT][WIN100ms] ompt_id=562949953421313 tid=85233  tipo=ompt_thread_worker     cpu= 41 numa=0  d_rm=     213  d_instr=1469529695  d_cyc= 373335078  d_all= 9498017  IPC=3.936  ratio_rm=0.0000
[OMPT][WIN100ms] ompt_id=844424930131969 tid=85234  tipo=ompt_thread_worker     cpu=120 numa=1  d_rm=     176  d_instr=1470141234  d_cyc= 373616789  d_all= 9488919  IPC=3.935  ratio_rm=0.0000
[OMPT][WIN100ms] ompt_id=1125899906842625 tid=85235  tipo=ompt_thread_worker     cpu= 32 numa=0  d_rm=     260  d_instr=1477651516  d_cyc= 374350233  d_all= 9544486  IPC=3.947  ratio_rm=0.0000
[OMPT][WIN100ms] ompt_id=1407374883553281 tid=85236  tipo=ompt_thread_worker     cpu=104 numa=1  d_rm=     156  d_instr=1470915855  d_cyc= 372588419  d_all= 9495479  IPC=3.948  ratio_rm=0.0000
[OMPT][WIN100ms] ompt_id=1688849860263937 tid=85237  tipo=ompt_thread_worker     cpu= 64 numa=1  d_rm=      95  d_instr=1464406723  d_cyc= 373590710  d_all= 9454383  IPC=3.920  ratio_rm=0.0000
[OMPT][WIN100ms] ompt_id=1970324836974593 tid=85238  tipo=ompt_thread_worker     cpu= 81 numa=1  d_rm=      99  d_instr=1473965117  d_cyc= 373335451  d_all= 9514494  IPC=3.948  ratio_rm=0.0000
[OMPT][WIN100ms] ompt_id=2251799813685249 tid=85239  tipo=ompt_thread_worker     cpu=247 numa=1  d_rm=     101  d_instr=1476957934  d_cyc= 373634841  d_all= 9539189  IPC=3.953  ratio_rm=0.0000
[OMPT][WIN100ms] ompt_id=2533274790395905 tid=85240  tipo=ompt_thread_worker     cpu= 16 numa=0  d_rm=     215  d_instr=1471987520  d_cyc= 373040742  d_all= 9505395  IPC=3.946  ratio_rm=0.0000
[OMPT][WIN100ms] ompt_id=2814749767106561 tid=85243  tipo=ompt_thread_worker     cpu= 48 numa=0  d_rm=     232  d_instr=1467583378  d_cyc= 373476750  d_all= 9487644  IPC=3.930  ratio_rm=0.0000
[OMPT][WIN100ms] ompt_id=3096224743817217 tid=85242  tipo=ompt_thread_worker     cpu= 56 numa=0  d_rm=     313  d_instr=1476301304  d_cyc= 374222391  d_all= 9543713  IPC=3.945  ratio_rm=0.0000
[OMPT][WIN100ms] ompt_id=3377699720527873 tid=85241  tipo=ompt_thread_worker     cpu= 79 numa=1  d_rm=     210  d_instr=1473593949  d_cyc= 373895498  d_all= 9528811  IPC=3.941  ratio_rm=0.0000
[OMPT][WIN100ms] ompt_id=3659174697238529 tid=85244  tipo=ompt_thread_worker     cpu= 95 numa=1  d_rm=     156  d_instr=1473517902  d_cyc= 373668870  d_all= 9515974  IPC=3.943  ratio_rm=0.0000
[OMPT][WIN100ms] ompt_id=3940649673949185 tid=85245  tipo=ompt_thread_worker     cpu= 13 numa=0  d_rm=     240  d_instr=1474877234  d_cyc= 372989842  d_all= 9531574  IPC=3.954  ratio_rm=0.0000
[OMPT][WIN100ms] ompt_id=4222124650659841 tid=85246  tipo=ompt_thread_worker     cpu=239 numa=1  d_rm=     180  d_instr=1469175468  d_cyc= 373997741  d_all= 9489822  IPC=3.928  ratio_rm=0.0000
[OMPT][WIN100ms] ompt_id=4503599627370497 tid=85247  tipo=ompt_thread_worker     cpu=103 numa=1  d_rm=      97  d_instr=1472126336  d_cyc= 373241594  d_all= 9514281  IPC=3.944  ratio_rm=0.0000
[OMPT] implicit_task_end: parallel_id=0 thread_num=0
[OMPT] parallel_end: parallel_id=281474976710927
[OMPT] parallel_begin: parallel_id=281474976710929 team_size=16
[OMPT] implicit_task_end: parallel_id=0 thread_num=12
[OMPT] implicit_task_end: parallel_id=0 thread_num=14
[OMPT] implicit_task_begin: parallel_id=281474976710929 thread_num=12 team_size=16
[OMPT] implicit_task_begin: parallel_id=281474976710929 thread_num=0 team_size=16
[OMPT] implicit_task_begin: parallel_id=281474976710929 thread_num=14 team_size=16
[OMPT] implicit_task_end: parallel_id=0 thread_num=2
[OMPT] implicit_task_end: parallel_id=0 thread_num=8
[OMPT] implicit_task_end: parallel_id=0 thread_num=9
[OMPT] implicit_task_begin: parallel_id=281474976710929 thread_num=8 team_size=16
[OMPT] implicit_task_end: parallel_id=0 thread_num=4
[OMPT] implicit_task_begin: parallel_id=281474976710929 thread_num=9 team_size=16
[OMPT] implicit_task_end: parallel_id=0 thread_num=5
[OMPT] implicit_task_end: parallel_id=0 thread_num=3
[OMPT] implicit_task_begin: parallel_id=281474976710929 thread_num=5 team_size=16
[OMPT] implicit_task_begin: parallel_id=281474976710929 thread_num=2 team_size=16
[OMPT] implicit_task_end: parallel_id=0 thread_num=11
[OMPT] implicit_task_end: parallel_id=0 thread_num=1
[OMPT] implicit_task_begin: parallel_id=281474976710929 thread_num=11 team_size=16
[OMPT] implicit_task_end: parallel_id=0 thread_num=15
[OMPT] implicit_task_end: parallel_id=0 thread_num=6
[OMPT] implicit_task_begin: parallel_id=281474976710929 thread_num=4 team_size=16
[OMPT] implicit_task_end: parallel_id=0 thread_num=13
[OMPT] implicit_task_begin: parallel_id=281474976710929 thread_num=3 team_size=16
[OMPT] implicit_task_begin: parallel_id=281474976710929 thread_num=13 team_size=16
[OMPT] implicit_task_end: parallel_id=0 thread_num=10
[OMPT] implicit_task_end: parallel_id=0 thread_num=7
[OMPT] implicit_task_begin: parallel_id=281474976710929 thread_num=10 team_size=16
[OMPT] implicit_task_begin: parallel_id=281474976710929 thread_num=1 team_size=16
[OMPT] implicit_task_begin: parallel_id=281474976710929 thread_num=15 team_size=16
[OMPT] implicit_task_begin: parallel_id=281474976710929 thread_num=7 team_size=16
[OMPT] implicit_task_begin: parallel_id=281474976710929 thread_num=6 team_size=16
[OMPT][WIN100ms] ompt_id=281474976710657 tid=85231  tipo=ompt_thread_initial    cpu=  1 numa=0  d_rm=     217  d_instr=1474198044  d_cyc= 374297692  d_all= 9535051  IPC=3.939  ratio_rm=0.0000
[OMPT][WIN100ms] ompt_id=562949953421313 tid=85233  tipo=ompt_thread_worker     cpu= 41 numa=0  d_rm=     279  d_instr=1470240372  d_cyc= 373344274  d_all= 9506487  IPC=3.938  ratio_rm=0.0000
[OMPT][WIN100ms] ompt_id=844424930131969 tid=85234  tipo=ompt_thread_worker     cpu=120 numa=1  d_rm=     163  d_instr=1471066821  d_cyc= 373590153  d_all= 9502846  IPC=3.938  ratio_rm=0.0000
[OMPT][WIN100ms] ompt_id=1125899906842625 tid=85235  tipo=ompt_thread_worker     cpu= 32 numa=0  d_rm=     334  d_instr=1469140246  d_cyc= 373339017  d_all= 9486779  IPC=3.935  ratio_rm=0.0000
[OMPT][WIN100ms] ompt_id=1407374883553281 tid=85236  tipo=ompt_thread_worker     cpu=104 numa=1  d_rm=     135  d_instr=1474674242  d_cyc= 373037247  d_all= 9524312  IPC=3.953  ratio_rm=0.0000
[OMPT][WIN100ms] ompt_id=1688849860263937 tid=85237  tipo=ompt_thread_worker     cpu= 64 numa=1  d_rm=     116  d_instr=1485910602  d_cyc= 374620454  d_all= 9606941  IPC=3.966  ratio_rm=0.0000
[OMPT][WIN100ms] ompt_id=1970324836974593 tid=85238  tipo=ompt_thread_worker     cpu= 81 numa=1  d_rm=     110  d_instr=1471271890  d_cyc= 373233566  d_all= 9501338  IPC=3.942  ratio_rm=0.0000
[OMPT][WIN100ms] ompt_id=2251799813685249 tid=85239  tipo=ompt_thread_worker     cpu=247 numa=1  d_rm=     121  d_instr=1473775874  d_cyc= 373488465  d_all= 9518797  IPC=3.946  ratio_rm=0.0000
[OMPT][WIN100ms] ompt_id=2533274790395905 tid=85240  tipo=ompt_thread_worker     cpu= 16 numa=0  d_rm=     264  d_instr=1479573910  d_cyc= 374127639  d_all= 9556827  IPC=3.955  ratio_rm=0.0000
[OMPT][WIN100ms] ompt_id=2814749767106561 tid=85243  tipo=ompt_thread_worker     cpu= 48 numa=0  d_rm=     309  d_instr=1474145783  d_cyc= 374210777  d_all= 9536435  IPC=3.939  ratio_rm=0.0000
[OMPT][WIN100ms] ompt_id=3096224743817217 tid=85242  tipo=ompt_thread_worker     cpu= 56 numa=0  d_rm=     401  d_instr=1463608614  d_cyc= 373273520  d_all= 9461312  IPC=3.921  ratio_rm=0.0000
[OMPT][WIN100ms] ompt_id=3377699720527873 tid=85241  tipo=ompt_thread_worker     cpu= 79 numa=1  d_rm=     236  d_instr=1479705466  d_cyc= 374317536  d_all= 9566574  IPC=3.953  ratio_rm=0.0000
[OMPT][WIN100ms] ompt_id=3659174697238529 tid=85244  tipo=ompt_thread_worker     cpu= 95 numa=1  d_rm=     230  d_instr=1473984669  d_cyc= 374129032  d_all= 9522645  IPC=3.940  ratio_rm=0.0000
[OMPT][WIN100ms] ompt_id=3940649673949185 tid=85245  tipo=ompt_thread_worker     cpu= 13 numa=0  d_rm=     294  d_instr=1468462038  d_cyc= 373489276  d_all= 9492827  IPC=3.932  ratio_rm=0.0000
[OMPT][WIN100ms] ompt_id=4222124650659841 tid=85246  tipo=ompt_thread_worker     cpu=239 numa=1  d_rm=     218  d_instr=1478107606  d_cyc= 374227784  d_all= 9556270  IPC=3.950  ratio_rm=0.0000
[OMPT][WIN100ms] ompt_id=4503599627370497 tid=85247  tipo=ompt_thread_worker     cpu=103 numa=1  d_rm=     118  d_instr=1474675521  d_cyc= 372929280  d_all= 9540291  IPC=3.954  ratio_rm=0.0000
[OMPT] implicit_task_end: parallel_id=0 thread_num=0
[OMPT] parallel_end: parallel_id=281474976710929
[OMPT] parallel_begin: parallel_id=281474976710931 team_size=16
[OMPT] implicit_task_end: parallel_id=0 thread_num=12
[OMPT] implicit_task_end: parallel_id=0 thread_num=14
[OMPT] implicit_task_begin: parallel_id=281474976710931 thread_num=12 team_size=16
[OMPT] implicit_task_end: parallel_id=0 thread_num=4
[OMPT] implicit_task_end: parallel_id=0 thread_num=7
[OMPT] implicit_task_end: parallel_id=0 thread_num=3
[OMPT] implicit_task_begin: parallel_id=281474976710931 thread_num=7 team_size=16
[OMPT] implicit_task_end: parallel_id=0 thread_num=1
[OMPT] implicit_task_begin: parallel_id=281474976710931 thread_num=1 team_size=16
[OMPT] implicit_task_end: parallel_id=0 thread_num=13
[OMPT] implicit_task_begin: parallel_id=281474976710931 thread_num=13 team_size=16
[OMPT] implicit_task_end: parallel_id=0 thread_num=15
[OMPT] implicit_task_end: parallel_id=0 thread_num=8
[OMPT] implicit_task_end: parallel_id=0 thread_num=9
[OMPT] implicit_task_begin: parallel_id=281474976710931 thread_num=8 team_size=16
[OMPT] implicit_task_end: parallel_id=0 thread_num=6
[OMPT] implicit_task_end: parallel_id=0 thread_num=5
[OMPT] implicit_task_begin: parallel_id=281474976710931 thread_num=14 team_size=16
[OMPT] implicit_task_begin: parallel_id=281474976710931 thread_num=4 team_size=16
[OMPT] implicit_task_begin: parallel_id=281474976710931 thread_num=0 team_size=16
[OMPT] implicit_task_begin: parallel_id=281474976710931 thread_num=3 team_size=16
[OMPT] implicit_task_end: parallel_id=0 thread_num=2
[OMPT] implicit_task_end: parallel_id=0 thread_num=11
[OMPT] implicit_task_begin: parallel_id=281474976710931 thread_num=2 team_size=16
[OMPT] implicit_task_begin: parallel_id=281474976710931 thread_num=15 team_size=16
[OMPT] implicit_task_begin: parallel_id=281474976710931 thread_num=11 team_size=16
[OMPT] implicit_task_begin: parallel_id=281474976710931 thread_num=9 team_size=16
[OMPT] implicit_task_begin: parallel_id=281474976710931 thread_num=6 team_size=16
[OMPT] implicit_task_begin: parallel_id=281474976710931 thread_num=5 team_size=16
[OMPT] implicit_task_end: parallel_id=0 thread_num=10
[OMPT] implicit_task_begin: parallel_id=281474976710931 thread_num=10 team_size=16
[OMPT][WIN100ms] ompt_id=281474976710657 tid=85231  tipo=ompt_thread_initial    cpu=  1 numa=0  d_rm=     147  d_instr=1465498250  d_cyc= 373785118  d_all= 9476260  IPC=3.921  ratio_rm=0.0000
[OMPT][WIN100ms] ompt_id=562949953421313 tid=85233  tipo=ompt_thread_worker     cpu= 41 numa=0  d_rm=     187  d_instr=1478464568  d_cyc= 374423155  d_all= 9559399  IPC=3.949  ratio_rm=0.0000
[OMPT][WIN100ms] ompt_id=844424930131969 tid=85234  tipo=ompt_thread_worker     cpu=120 numa=1  d_rm=     192  d_instr=1477539098  d_cyc= 372965542  d_all= 9546740  IPC=3.962  ratio_rm=0.0000
[OMPT][WIN100ms] ompt_id=1125899906842625 tid=85235  tipo=ompt_thread_worker     cpu= 32 numa=0  d_rm=     280  d_instr=1475782691  d_cyc= 373374939  d_all= 9533071  IPC=3.953  ratio_rm=0.0000
[OMPT][WIN100ms] ompt_id=1407374883553281 tid=85236  tipo=ompt_thread_worker     cpu=104 numa=1  d_rm=     134  d_instr=1472066803  d_cyc= 372929558  d_all= 9507658  IPC=3.947  ratio_rm=0.0000
[OMPT][WIN100ms] ompt_id=1688849860263937 tid=85237  tipo=ompt_thread_worker     cpu= 64 numa=1  d_rm=     109  d_instr=1472246751  d_cyc= 373071540  d_all= 9506136  IPC=3.946  ratio_rm=0.0000
[OMPT][WIN100ms] ompt_id=1970324836974593 tid=85238  tipo=ompt_thread_worker     cpu= 81 numa=1  d_rm=     104  d_instr=1478335087  d_cyc= 372865749  d_all= 9553372  IPC=3.965  ratio_rm=0.0000
[OMPT][WIN100ms] ompt_id=2251799813685249 tid=85239  tipo=ompt_thread_worker     cpu=247 numa=1  d_rm=     100  d_instr=1474773724  d_cyc= 374244602  d_all= 9525410  IPC=3.941  ratio_rm=0.0000
[OMPT][WIN100ms] ompt_id=2533274790395905 tid=85240  tipo=ompt_thread_worker     cpu= 16 numa=0  d_rm=     224  d_instr=1474265326  d_cyc= 373448690  d_all= 9516377  IPC=3.948  ratio_rm=0.0000
[OMPT][WIN100ms] ompt_id=2814749767106561 tid=85243  tipo=ompt_thread_worker     cpu= 48 numa=0  d_rm=     214  d_instr=1469534799  d_cyc= 373999539  d_all= 9500323  IPC=3.929  ratio_rm=0.0000
[OMPT][WIN100ms] ompt_id=3096224743817217 tid=85242  tipo=ompt_thread_worker     cpu= 56 numa=0  d_rm=     319  d_instr=1480217097  d_cyc= 373860864  d_all= 9572777  IPC=3.959  ratio_rm=0.0000
[OMPT][WIN100ms] ompt_id=3377699720527873 tid=85241  tipo=ompt_thread_worker     cpu= 79 numa=1  d_rm=     222  d_instr=1465807215  d_cyc= 373662157  d_all= 9465603  IPC=3.923  ratio_rm=0.0000
[OMPT][WIN100ms] ompt_id=3659174697238529 tid=85244  tipo=ompt_thread_worker     cpu= 95 numa=1  d_rm=     191  d_instr=1467655476  d_cyc= 373768533  d_all= 9486859  IPC=3.927  ratio_rm=0.0000
[OMPT][WIN100ms] ompt_id=3940649673949185 tid=85245  tipo=ompt_thread_worker     cpu= 13 numa=0  d_rm=     184  d_instr=1482842381  d_cyc= 374064086  d_all= 9604442  IPC=3.964  ratio_rm=0.0000
[OMPT][WIN100ms] ompt_id=4222124650659841 tid=85246  tipo=ompt_thread_worker     cpu=239 numa=1  d_rm=     174  d_instr=1476352562  d_cyc= 373247276  d_all= 9555025  IPC=3.955  ratio_rm=0.0000
[OMPT][WIN100ms] ompt_id=4503599627370497 tid=85247  tipo=ompt_thread_worker     cpu=103 numa=1  d_rm=     115  d_instr=1472569272  d_cyc= 372788870  d_all= 9537076  IPC=3.950  ratio_rm=0.0000
[OMPT] implicit_task_end: parallel_id=0 thread_num=0
[OMPT] parallel_end: parallel_id=281474976710931
[OMPT] parallel_begin: parallel_id=281474976710933 team_size=16
[OMPT] implicit_task_end: parallel_id=0 thread_num=12
[OMPT] implicit_task_end: parallel_id=0 thread_num=14
[OMPT] implicit_task_begin: parallel_id=281474976710933 thread_num=12 team_size=16
[OMPT] implicit_task_end: parallel_id=0 thread_num=1
[OMPT] implicit_task_end: parallel_id=0 thread_num=3
[OMPT] implicit_task_begin: parallel_id=281474976710933 thread_num=1 team_size=16
[OMPT] implicit_task_begin: parallel_id=281474976710933 thread_num=0 team_size=16
[OMPT] implicit_task_begin: parallel_id=281474976710933 thread_num=3 team_size=16
[OMPT] implicit_task_end: parallel_id=0 thread_num=2
[OMPT] implicit_task_end: parallel_id=0 thread_num=15
[OMPT] implicit_task_begin: parallel_id=281474976710933 thread_num=2 team_size=16
[OMPT] implicit_task_end: parallel_id=0 thread_num=13
[OMPT] implicit_task_begin: parallel_id=281474976710933 thread_num=15 team_size=16
[OMPT] implicit_task_end: parallel_id=0 thread_num=4
[OMPT] implicit_task_end: parallel_id=0 thread_num=5
[OMPT] implicit_task_begin: parallel_id=281474976710933 thread_num=14 team_size=16
[OMPT] implicit_task_begin: parallel_id=281474976710933 thread_num=5 team_size=16
[OMPT] implicit_task_end: parallel_id=0 thread_num=6
[OMPT] implicit_task_end: parallel_id=0 thread_num=7
[OMPT] implicit_task_begin: parallel_id=281474976710933 thread_num=4 team_size=16
[OMPT] implicit_task_end: parallel_id=0 thread_num=8
[OMPT] implicit_task_end: parallel_id=0 thread_num=9
[OMPT] implicit_task_begin: parallel_id=281474976710933 thread_num=8 team_size=16
[OMPT] implicit_task_begin: parallel_id=281474976710933 thread_num=6 team_size=16
[OMPT] implicit_task_begin: parallel_id=281474976710933 thread_num=7 team_size=16
[OMPT] implicit_task_begin: parallel_id=281474976710933 thread_num=9 team_size=16
[OMPT] implicit_task_end: parallel_id=0 thread_num=11
[OMPT] implicit_task_end: parallel_id=0 thread_num=10
[OMPT] implicit_task_begin: parallel_id=281474976710933 thread_num=11 team_size=16
[OMPT] implicit_task_begin: parallel_id=281474976710933 thread_num=13 team_size=16
[OMPT] implicit_task_begin: parallel_id=281474976710933 thread_num=10 team_size=16
[OMPT] implicit_task_end: parallel_id=0 thread_num=0
[OMPT] parallel_end: parallel_id=281474976710933
[OMPT] parallel_begin: parallel_id=281474976710935 team_size=16
[OMPT] implicit_task_end: parallel_id=0 thread_num=4
[OMPT] implicit_task_end: parallel_id=0 thread_num=7
[OMPT] implicit_task_begin: parallel_id=281474976710935 thread_num=4 team_size=16
[OMPT] implicit_task_end: parallel_id=0 thread_num=8
[OMPT] implicit_task_end: parallel_id=0 thread_num=9
[OMPT] implicit_task_end: parallel_id=0 thread_num=2
[OMPT] implicit_task_end: parallel_id=0 thread_num=1
[OMPT] implicit_task_end: parallel_id=0 thread_num=3
[OMPT] implicit_task_end: parallel_id=0 thread_num=5
[OMPT] implicit_task_end: parallel_id=0 thread_num=12
[OMPT] implicit_task_end: parallel_id=0 thread_num=14
[OMPT] implicit_task_end: parallel_id=0 thread_num=13
[OMPT] implicit_task_end: parallel_id=0 thread_num=11
[OMPT] implicit_task_end: parallel_id=0 thread_num=10
[OMPT] implicit_task_begin: parallel_id=281474976710935 thread_num=14 team_size=16
[OMPT] implicit_task_begin: parallel_id=281474976710935 thread_num=8 team_size=16
[OMPT] implicit_task_begin: parallel_id=281474976710935 thread_num=1 team_size=16
[OMPT] implicit_task_begin: parallel_id=281474976710935 thread_num=9 team_size=16
[OMPT] implicit_task_begin: parallel_id=281474976710935 thread_num=2 team_size=16
[OMPT] implicit_task_end: parallel_id=0 thread_num=6
[OMPT] implicit_task_begin: parallel_id=281474976710935 thread_num=11 team_size=16
[OMPT] implicit_task_end: parallel_id=0 thread_num=15
[OMPT] implicit_task_begin: parallel_id=281474976710935 thread_num=6 team_size=16
[OMPT] implicit_task_begin: parallel_id=281474976710935 thread_num=0 team_size=16
[OMPT] implicit_task_begin: parallel_id=281474976710935 thread_num=12 team_size=16
[OMPT] implicit_task_begin: parallel_id=281474976710935 thread_num=15 team_size=16
[OMPT] implicit_task_begin: parallel_id=281474976710935 thread_num=13 team_size=16
[OMPT] implicit_task_begin: parallel_id=281474976710935 thread_num=7 team_size=16
[OMPT] implicit_task_begin: parallel_id=281474976710935 thread_num=3 team_size=16
[OMPT] implicit_task_begin: parallel_id=281474976710935 thread_num=10 team_size=16
[OMPT] implicit_task_begin: parallel_id=281474976710935 thread_num=5 team_size=16
[OMPT][WIN100ms] ompt_id=281474976710657 tid=85231  tipo=ompt_thread_initial    cpu=  1 numa=0  d_rm=     363  d_instr=1465645078  d_cyc= 373232094  d_all= 9474177  IPC=3.927  ratio_rm=0.0000
[OMPT][WIN100ms] ompt_id=562949953421313 tid=85233  tipo=ompt_thread_worker     cpu= 41 numa=0  d_rm=     461  d_instr=1457758549  d_cyc= 373523776  d_all= 9400301  IPC=3.903  ratio_rm=0.0000
[OMPT][WIN100ms] ompt_id=844424930131969 tid=85234  tipo=ompt_thread_worker     cpu=120 numa=1  d_rm=     352  d_instr=1457137402  d_cyc= 372473854  d_all= 9382705  IPC=3.912  ratio_rm=0.0000
[OMPT][WIN100ms] ompt_id=1125899906842625 tid=85235  tipo=ompt_thread_worker     cpu= 32 numa=0  d_rm=     610  d_instr=1454124304  d_cyc= 372495592  d_all= 9368338  IPC=3.904  ratio_rm=0.0001
[OMPT][WIN100ms] ompt_id=1407374883553281 tid=85236  tipo=ompt_thread_worker     cpu=104 numa=1  d_rm=     279  d_instr=1460504390  d_cyc= 372622616  d_all= 9418096  IPC=3.920  ratio_rm=0.0000
[OMPT][WIN100ms] ompt_id=1688849860263937 tid=85237  tipo=ompt_thread_worker     cpu= 64 numa=1  d_rm=     230  d_instr=1454834164  d_cyc= 372659012  d_all= 9373396  IPC=3.904  ratio_rm=0.0000
[OMPT][WIN100ms] ompt_id=1970324836974593 tid=85238  tipo=ompt_thread_worker     cpu= 81 numa=1  d_rm=     217  d_instr=1455127714  d_cyc= 372483854  d_all= 9376648  IPC=3.907  ratio_rm=0.0000
[OMPT][WIN100ms] ompt_id=2251799813685249 tid=85239  tipo=ompt_thread_worker     cpu=247 numa=1  d_rm=     217  d_instr=1456837220  d_cyc= 372346317  d_all= 9382009  IPC=3.913  ratio_rm=0.0000
[OMPT][WIN100ms] ompt_id=2533274790395905 tid=85240  tipo=ompt_thread_worker     cpu= 16 numa=0  d_rm=     488  d_instr=1454739121  d_cyc= 372014491  d_all= 9368265  IPC=3.910  ratio_rm=0.0001
[OMPT][WIN100ms] ompt_id=2814749767106561 tid=85243  tipo=ompt_thread_worker     cpu= 48 numa=0  d_rm=     570  d_instr=1461635800  d_cyc= 373605942  d_all= 9475610  IPC=3.912  ratio_rm=0.0001
[OMPT][WIN100ms] ompt_id=3096224743817217 tid=85242  tipo=ompt_thread_worker     cpu= 56 numa=0  d_rm=     674  d_instr=1455525895  d_cyc= 373008754  d_all= 9401425  IPC=3.902  ratio_rm=0.0001
[OMPT][WIN100ms] ompt_id=3377699720527873 tid=85241  tipo=ompt_thread_worker     cpu= 79 numa=1  d_rm=     440  d_instr=1460535961  d_cyc= 373728553  d_all= 9430492  IPC=3.908  ratio_rm=0.0000
[OMPT][WIN100ms] ompt_id=3659174697238529 tid=85244  tipo=ompt_thread_worker     cpu= 95 numa=1  d_rm=     402  d_instr=1460309246  d_cyc= 372116858  d_all= 9433630  IPC=3.924  ratio_rm=0.0000
[OMPT][WIN100ms] ompt_id=3940649673949185 tid=85245  tipo=ompt_thread_worker     cpu= 13 numa=0  d_rm=     582  d_instr=1450075344  d_cyc= 372022228  d_all= 9367955  IPC=3.898  ratio_rm=0.0001
[OMPT][WIN100ms] ompt_id=4222124650659841 tid=85246  tipo=ompt_thread_worker     cpu=239 numa=1  d_rm=     399  d_instr=1456874977  d_cyc= 372903647  d_all= 9392852  IPC=3.907  ratio_rm=0.0000
[OMPT][WIN100ms] ompt_id=4503599627370497 tid=85247  tipo=ompt_thread_worker     cpu=103 numa=1  d_rm=     203  d_instr=1459421515  d_cyc= 372701958  d_all= 9424722  IPC=3.916  ratio_rm=0.0000
[OMPT] implicit_task_end: parallel_id=0 thread_num=0
[OMPT] parallel_end: parallel_id=281474976710935
[OMPT] parallel_begin: parallel_id=281474976710937 team_size=16
[OMPT] implicit_task_end: parallel_id=0 thread_num=12
[OMPT] implicit_task_end: parallel_id=0 thread_num=14
[OMPT] implicit_task_end: parallel_id=0 thread_num=4
[OMPT] implicit_task_begin: parallel_id=281474976710937 thread_num=12 team_size=16
[OMPT] implicit_task_end: parallel_id=0 thread_num=1
[OMPT] implicit_task_begin: parallel_id=281474976710937 thread_num=14 team_size=16
[OMPT] implicit_task_begin: parallel_id=281474976710937 thread_num=4 team_size=16
[OMPT] implicit_task_end: parallel_id=0 thread_num=2
[OMPT] implicit_task_end: parallel_id=0 thread_num=15
[OMPT] implicit_task_begin: parallel_id=281474976710937 thread_num=2 team_size=16
[OMPT] implicit_task_end: parallel_id=0 thread_num=13
[OMPT] implicit_task_begin: parallel_id=281474976710937 thread_num=13 team_size=16
[OMPT] implicit_task_end: parallel_id=0 thread_num=5
[OMPT] implicit_task_end: parallel_id=0 thread_num=7
[OMPT] implicit_task_end: parallel_id=0 thread_num=6
[OMPT] implicit_task_begin: parallel_id=281474976710937 thread_num=7 team_size=16
[OMPT] implicit_task_begin: parallel_id=281474976710937 thread_num=0 team_size=16
[OMPT] implicit_task_begin: parallel_id=281474976710937 thread_num=6 team_size=16
[OMPT] implicit_task_end: parallel_id=0 thread_num=3
[OMPT] implicit_task_begin: parallel_id=281474976710937 thread_num=1 team_size=16
[OMPT] implicit_task_begin: parallel_id=281474976710937 thread_num=3 team_size=16
[OMPT] implicit_task_begin: parallel_id=281474976710937 thread_num=15 team_size=16
[OMPT] implicit_task_begin: parallel_id=281474976710937 thread_num=5 team_size=16
[OMPT] implicit_task_end: parallel_id=0 thread_num=8
[OMPT] implicit_task_end: parallel_id=0 thread_num=11
[OMPT] implicit_task_end: parallel_id=0 thread_num=10
[OMPT] implicit_task_end: parallel_id=0 thread_num=9
[OMPT] implicit_task_begin: parallel_id=281474976710937 thread_num=8 team_size=16
[OMPT] implicit_task_begin: parallel_id=281474976710937 thread_num=9 team_size=16
[OMPT] implicit_task_begin: parallel_id=281474976710937 thread_num=11 team_size=16
[OMPT] implicit_task_begin: parallel_id=281474976710937 thread_num=10 team_size=16
[OMPT][WIN100ms] ompt_id=281474976710657 tid=85231  tipo=ompt_thread_initial    cpu=  1 numa=0  d_rm=     148  d_instr=1460325945  d_cyc= 373996316  d_all= 9445875  IPC=3.905  ratio_rm=0.0000
[OMPT][WIN100ms] ompt_id=562949953421313 tid=85233  tipo=ompt_thread_worker     cpu= 41 numa=0  d_rm=     188  d_instr=1465277930  d_cyc= 373509169  d_all= 9454724  IPC=3.923  ratio_rm=0.0000
[OMPT][WIN100ms] ompt_id=844424930131969 tid=85234  tipo=ompt_thread_worker     cpu=120 numa=1  d_rm=     174  d_instr=1466948634  d_cyc= 373568112  d_all= 9459525  IPC=3.927  ratio_rm=0.0000
[OMPT][WIN100ms] ompt_id=1125899906842625 tid=85235  tipo=ompt_thread_worker     cpu= 32 numa=0  d_rm=     324  d_instr=1465692039  d_cyc= 373318615  d_all= 9459594  IPC=3.926  ratio_rm=0.0000
[OMPT][WIN100ms] ompt_id=1407374883553281 tid=85236  tipo=ompt_thread_worker     cpu=104 numa=1  d_rm=     148  d_instr=1464955561  d_cyc= 373477847  d_all= 9440839  IPC=3.922  ratio_rm=0.0000
[OMPT][WIN100ms] ompt_id=1688849860263937 tid=85237  tipo=ompt_thread_worker     cpu= 64 numa=1  d_rm=      94  d_instr=1464731394  d_cyc= 373211261  d_all= 9455520  IPC=3.925  ratio_rm=0.0000
[OMPT][WIN100ms] ompt_id=1970324836974593 tid=85238  tipo=ompt_thread_worker     cpu= 81 numa=1  d_rm=     101  d_instr=1466900592  d_cyc= 373060677  d_all= 9454880  IPC=3.932  ratio_rm=0.0000
[OMPT][WIN100ms] ompt_id=2251799813685249 tid=85239  tipo=ompt_thread_worker     cpu=247 numa=1  d_rm=     100  d_instr=1465065256  d_cyc= 373421919  d_all= 9453958  IPC=3.923  ratio_rm=0.0000
[OMPT][WIN100ms] ompt_id=2533274790395905 tid=85240  tipo=ompt_thread_worker     cpu= 16 numa=0  d_rm=     232  d_instr=1462665612  d_cyc= 372620122  d_all= 9446308  IPC=3.925  ratio_rm=0.0000
[OMPT][WIN100ms] ompt_id=2814749767106561 tid=85243  tipo=ompt_thread_worker     cpu= 48 numa=0  d_rm=     239  d_instr=1459620975  d_cyc= 374238047  d_all= 9441188  IPC=3.900  ratio_rm=0.0000
[OMPT][WIN100ms] ompt_id=3096224743817217 tid=85242  tipo=ompt_thread_worker     cpu= 56 numa=0  d_rm=     316  d_instr=1464220053  d_cyc= 373891543  d_all= 9464305  IPC=3.916  ratio_rm=0.0000
[OMPT][WIN100ms] ompt_id=3377699720527873 tid=85241  tipo=ompt_thread_worker     cpu= 79 numa=1  d_rm=     214  d_instr=1461424123  d_cyc= 373318519  d_all= 9443711  IPC=3.915  ratio_rm=0.0000
[OMPT][WIN100ms] ompt_id=3659174697238529 tid=85244  tipo=ompt_thread_worker     cpu= 95 numa=1  d_rm=     189  d_instr=1467663524  d_cyc= 373811506  d_all= 9491393  IPC=3.926  ratio_rm=0.0000
[OMPT][WIN100ms] ompt_id=3940649673949185 tid=85245  tipo=ompt_thread_worker     cpu= 13 numa=0  d_rm=     249  d_instr=1467483455  d_cyc= 373714146  d_all= 9488673  IPC=3.927  ratio_rm=0.0000
[OMPT][WIN100ms] ompt_id=4222124650659841 tid=85246  tipo=ompt_thread_worker     cpu=239 numa=1  d_rm=     167  d_instr=1466764632  d_cyc= 373627670  d_all= 9476231  IPC=3.926  ratio_rm=0.0000
[OMPT][WIN100ms] ompt_id=4503599627370497 tid=85247  tipo=ompt_thread_worker     cpu=103 numa=1  d_rm=     106  d_instr=1465639762  d_cyc= 372950031  d_all= 9477786  IPC=3.930  ratio_rm=0.0000
[OMPT] implicit_task_end: parallel_id=0 thread_num=0
[OMPT] parallel_end: parallel_id=281474976710937
[OMPT] parallel_begin: parallel_id=281474976710939 team_size=16
[OMPT] implicit_task_end: parallel_id=0 thread_num=4
[OMPT] implicit_task_end: parallel_id=0 thread_num=5
[OMPT] implicit_task_end: parallel_id=0 thread_num=12
[OMPT] implicit_task_end: parallel_id=0 thread_num=3
[OMPT] implicit_task_begin: parallel_id=281474976710939 thread_num=5 team_size=16
[OMPT] implicit_task_end: parallel_id=0 thread_num=1
[OMPT] implicit_task_begin: parallel_id=281474976710939 thread_num=3 team_size=16
[OMPT] implicit_task_end: parallel_id=0 thread_num=8
[OMPT] implicit_task_begin: parallel_id=281474976710939 thread_num=1 team_size=16
[OMPT] implicit_task_end: parallel_id=0 thread_num=9
[OMPT] implicit_task_end: parallel_id=0 thread_num=6
[OMPT] implicit_task_begin: parallel_id=281474976710939 thread_num=4 team_size=16
[OMPT] implicit_task_begin: parallel_id=281474976710939 thread_num=9 team_size=16
[OMPT] implicit_task_end: parallel_id=0 thread_num=15
[OMPT] implicit_task_begin: parallel_id=281474976710939 thread_num=0 team_size=16
[OMPT] implicit_task_end: parallel_id=0 thread_num=2
[OMPT] implicit_task_begin: parallel_id=281474976710939 thread_num=12 team_size=16
[OMPT] implicit_task_end: parallel_id=0 thread_num=11
[OMPT] implicit_task_end: parallel_id=0 thread_num=10
[OMPT] implicit_task_begin: parallel_id=281474976710939 thread_num=8 team_size=16
[OMPT] implicit_task_end: parallel_id=0 thread_num=7
[OMPT] implicit_task_end: parallel_id=0 thread_num=14
[OMPT] implicit_task_end: parallel_id=0 thread_num=13
[OMPT] implicit_task_begin: parallel_id=281474976710939 thread_num=7 team_size=16
[OMPT] implicit_task_begin: parallel_id=281474976710939 thread_num=14 team_size=16
[OMPT] implicit_task_begin: parallel_id=281474976710939 thread_num=6 team_size=16
[OMPT] implicit_task_begin: parallel_id=281474976710939 thread_num=13 team_size=16
[OMPT] implicit_task_begin: parallel_id=281474976710939 thread_num=15 team_size=16
[OMPT] implicit_task_begin: parallel_id=281474976710939 thread_num=2 team_size=16
[OMPT] implicit_task_begin: parallel_id=281474976710939 thread_num=11 team_size=16
[OMPT] implicit_task_begin: parallel_id=281474976710939 thread_num=10 team_size=16
[OMPT][WIN100ms] ompt_id=281474976710657 tid=85231  tipo=ompt_thread_initial    cpu=  1 numa=0  d_rm=     219  d_instr=1469146063  d_cyc= 374140021  d_all= 9498807  IPC=3.927  ratio_rm=0.0000
[OMPT][WIN100ms] ompt_id=562949953421313 tid=85233  tipo=ompt_thread_worker     cpu= 41 numa=0  d_rm=     250  d_instr=1474517260  d_cyc= 374296249  d_all= 9526526  IPC=3.939  ratio_rm=0.0000
[OMPT][WIN100ms] ompt_id=844424930131969 tid=85234  tipo=ompt_thread_worker     cpu=120 numa=1  d_rm=     164  d_instr=1469748769  d_cyc= 372958726  d_all= 9493696  IPC=3.941  ratio_rm=0.0000
[OMPT][WIN100ms] ompt_id=1125899906842625 tid=85235  tipo=ompt_thread_worker     cpu= 32 numa=0  d_rm=     366  d_instr=1475172420  d_cyc= 374365145  d_all= 9533292  IPC=3.940  ratio_rm=0.0000
[OMPT][WIN100ms] ompt_id=1407374883553281 tid=85236  tipo=ompt_thread_worker     cpu=104 numa=1  d_rm=     138  d_instr=1473246565  d_cyc= 373598628  d_all= 9522794  IPC=3.943  ratio_rm=0.0000
[OMPT][WIN100ms] ompt_id=1688849860263937 tid=85237  tipo=ompt_thread_worker     cpu= 64 numa=1  d_rm=     125  d_instr=1475049534  d_cyc= 374001595  d_all= 9548280  IPC=3.944  ratio_rm=0.0000
[OMPT][WIN100ms] ompt_id=1970324836974593 tid=85238  tipo=ompt_thread_worker     cpu= 81 numa=1  d_rm=     108  d_instr=1470499812  d_cyc= 373062410  d_all= 9510305  IPC=3.942  ratio_rm=0.0000
[OMPT][WIN100ms] ompt_id=2251799813685249 tid=85239  tipo=ompt_thread_worker     cpu=247 numa=1  d_rm=     112  d_instr=1472858818  d_cyc= 373333082  d_all= 9524542  IPC=3.945  ratio_rm=0.0000
[OMPT][WIN100ms] ompt_id=2533274790395905 tid=85240  tipo=ompt_thread_worker     cpu= 16 numa=0  d_rm=     339  d_instr=1472523316  d_cyc= 373658931  d_all= 9525123  IPC=3.941  ratio_rm=0.0000
[OMPT][WIN100ms] ompt_id=2814749767106561 tid=85243  tipo=ompt_thread_worker     cpu= 48 numa=0  d_rm=     293  d_instr=1476809387  d_cyc= 373512633  d_all= 9574983  IPC=3.954  ratio_rm=0.0000
[OMPT][WIN100ms] ompt_id=3096224743817217 tid=85242  tipo=ompt_thread_worker     cpu= 56 numa=0  d_rm=     389  d_instr=1471989360  d_cyc= 373680102  d_all= 9531190  IPC=3.939  ratio_rm=0.0000
[OMPT][WIN100ms] ompt_id=3377699720527873 tid=85241  tipo=ompt_thread_worker     cpu= 79 numa=1  d_rm=     232  d_instr=1475309910  d_cyc= 374553937  d_all= 9558826  IPC=3.939  ratio_rm=0.0000
[OMPT][WIN100ms] ompt_id=3659174697238529 tid=85244  tipo=ompt_thread_worker     cpu= 95 numa=1  d_rm=     204  d_instr=1467137393  d_cyc= 373416890  d_all= 9482776  IPC=3.929  ratio_rm=0.0000
[OMPT][WIN100ms] ompt_id=3940649673949185 tid=85245  tipo=ompt_thread_worker     cpu= 13 numa=0  d_rm=     313  d_instr=1466281930  d_cyc= 373546109  d_all= 9505432  IPC=3.925  ratio_rm=0.0000
[OMPT][WIN100ms] ompt_id=4222124650659841 tid=85246  tipo=ompt_thread_worker     cpu=239 numa=1  d_rm=     243  d_instr=1467569052  d_cyc= 372769957  d_all= 9496968  IPC=3.937  ratio_rm=0.0000
[OMPT][WIN100ms] ompt_id=4503599627370497 tid=85247  tipo=ompt_thread_worker     cpu=103 numa=1  d_rm=     120  d_instr=1469678278  d_cyc= 373113854  d_all= 9520712  IPC=3.939  ratio_rm=0.0000
[OMPT] implicit_task_end: parallel_id=0 thread_num=0
[OMPT] parallel_end: parallel_id=281474976710939
[OMPT] parallel_begin: parallel_id=281474976710941 team_size=16
[OMPT] implicit_task_end: parallel_id=0 thread_num=12
[OMPT] implicit_task_end: parallel_id=0 thread_num=14
[OMPT] implicit_task_begin: parallel_id=281474976710941 thread_num=12 team_size=16
[OMPT] implicit_task_end: parallel_id=0 thread_num=4
[OMPT] implicit_task_end: parallel_id=0 thread_num=6
[OMPT] implicit_task_end: parallel_id=0 thread_num=1
[OMPT] implicit_task_begin: parallel_id=281474976710941 thread_num=6 team_size=16
[OMPT] implicit_task_end: parallel_id=0 thread_num=3
[OMPT] implicit_task_end: parallel_id=0 thread_num=15
[OMPT] implicit_task_end: parallel_id=0 thread_num=13
[OMPT] implicit_task_begin: parallel_id=281474976710941 thread_num=15 team_size=16
[OMPT] implicit_task_end: parallel_id=0 thread_num=8
[OMPT] implicit_task_end: parallel_id=0 thread_num=11
[OMPT] implicit_task_end: parallel_id=0 thread_num=7
[OMPT] implicit_task_end: parallel_id=0 thread_num=5
[OMPT] implicit_task_begin: parallel_id=281474976710941 thread_num=0 team_size=16
[OMPT] implicit_task_begin: parallel_id=281474976710941 thread_num=7 team_size=16
[OMPT] implicit_task_begin: parallel_id=281474976710941 thread_num=4 team_size=16
[OMPT] implicit_task_begin: parallel_id=281474976710941 thread_num=5 team_size=16
[OMPT] implicit_task_begin: parallel_id=281474976710941 thread_num=1 team_size=16
[OMPT] implicit_task_begin: parallel_id=281474976710941 thread_num=3 team_size=16
[OMPT] implicit_task_begin: parallel_id=281474976710941 thread_num=13 team_size=16
[OMPT] implicit_task_end: parallel_id=0 thread_num=10
[OMPT] implicit_task_end: parallel_id=0 thread_num=9
[OMPT] implicit_task_begin: parallel_id=281474976710941 thread_num=8 team_size=16
[OMPT] implicit_task_begin: parallel_id=281474976710941 thread_num=14 team_size=16
[OMPT] implicit_task_begin: parallel_id=281474976710941 thread_num=11 team_size=16
[OMPT] implicit_task_end: parallel_id=0 thread_num=2
[OMPT] implicit_task_begin: parallel_id=281474976710941 thread_num=10 team_size=16
[OMPT] implicit_task_begin: parallel_id=281474976710941 thread_num=9 team_size=16
[OMPT] implicit_task_begin: parallel_id=281474976710941 thread_num=2 team_size=16
[OMPT][WIN100ms] ompt_id=281474976710657 tid=85231  tipo=ompt_thread_initial    cpu=  1 numa=0  d_rm=     140  d_instr=1466767957  d_cyc= 373904920  d_all= 9486676  IPC=3.923  ratio_rm=0.0000
[OMPT][WIN100ms] ompt_id=562949953421313 tid=85233  tipo=ompt_thread_worker     cpu= 41 numa=0  d_rm=     177  d_instr=1471146752  d_cyc= 373805505  d_all= 9517395  IPC=3.936  ratio_rm=0.0000
[OMPT][WIN100ms] ompt_id=844424930131969 tid=85234  tipo=ompt_thread_worker     cpu=120 numa=1  d_rm=     206  d_instr=1474974485  d_cyc= 372884381  d_all= 9546120  IPC=3.956  ratio_rm=0.0000
[OMPT][WIN100ms] ompt_id=1125899906842625 tid=85235  tipo=ompt_thread_worker     cpu= 32 numa=0  d_rm=     306  d_instr=1476840501  d_cyc= 373470979  d_all= 9547580  IPC=3.954  ratio_rm=0.0000
[OMPT][WIN100ms] ompt_id=1407374883553281 tid=85236  tipo=ompt_thread_worker     cpu=104 numa=1  d_rm=     142  d_instr=1476095744  d_cyc= 373377682  d_all= 9547706  IPC=3.953  ratio_rm=0.0000
[OMPT][WIN100ms] ompt_id=1688849860263937 tid=85237  tipo=ompt_thread_worker     cpu= 64 numa=1  d_rm=     119  d_instr=1476387993  d_cyc= 373489228  d_all= 9547684  IPC=3.953  ratio_rm=0.0000
[OMPT][WIN100ms] ompt_id=1970324836974593 tid=85238  tipo=ompt_thread_worker     cpu= 81 numa=1  d_rm=     104  d_instr=1479125679  d_cyc= 374208505  d_all= 9572923  IPC=3.953  ratio_rm=0.0000
[OMPT][WIN100ms] ompt_id=2251799813685249 tid=85239  tipo=ompt_thread_worker     cpu=247 numa=1  d_rm=     119  d_instr=1476959531  d_cyc= 373885316  d_all= 9559842  IPC=3.950  ratio_rm=0.0000
[OMPT][WIN100ms] ompt_id=2533274790395905 tid=85240  tipo=ompt_thread_worker     cpu= 16 numa=0  d_rm=     246  d_instr=1472184781  d_cyc= 373268478  d_all= 9538824  IPC=3.944  ratio_rm=0.0000
[OMPT][WIN100ms] ompt_id=2814749767106561 tid=85243  tipo=ompt_thread_worker     cpu= 48 numa=0  d_rm=     212  d_instr=1473197547  d_cyc= 374054857  d_all= 9546203  IPC=3.938  ratio_rm=0.0000
[OMPT][WIN100ms] ompt_id=3096224743817217 tid=85242  tipo=ompt_thread_worker     cpu= 56 numa=0  d_rm=     326  d_instr=1473577450  d_cyc= 373990035  d_all= 9553810  IPC=3.940  ratio_rm=0.0000
[OMPT][WIN100ms] ompt_id=3377699720527873 tid=85241  tipo=ompt_thread_worker     cpu= 79 numa=1  d_rm=     232  d_instr=1471827320  d_cyc= 373485936  d_all= 9523877  IPC=3.941  ratio_rm=0.0000
[OMPT][WIN100ms] ompt_id=3659174697238529 tid=85244  tipo=ompt_thread_worker     cpu= 95 numa=1  d_rm=     194  d_instr=1482064916  d_cyc= 374187794  d_all= 9604867  IPC=3.961  ratio_rm=0.0000
[OMPT][WIN100ms] ompt_id=3940649673949185 tid=85245  tipo=ompt_thread_worker     cpu= 13 numa=0  d_rm=     244  d_instr=1473845032  d_cyc= 373586887  d_all= 9540868  IPC=3.945  ratio_rm=0.0000
[OMPT][WIN100ms] ompt_id=4222124650659841 tid=85246  tipo=ompt_thread_worker     cpu=239 numa=1  d_rm=     210  d_instr=1476247773  d_cyc= 372931406  d_all= 9561952  IPC=3.958  ratio_rm=0.0000
[OMPT][WIN100ms] ompt_id=4503599627370497 tid=85247  tipo=ompt_thread_worker     cpu=103 numa=1  d_rm=     111  d_instr=1480416967  d_cyc= 373744279  d_all= 9592840  IPC=3.961  ratio_rm=0.0000
[OMPT] implicit_task_end: parallel_id=0 thread_num=0
[OMPT] parallel_end: parallel_id=281474976710941
[OMPT] parallel_begin: parallel_id=281474976710943 team_size=16
[OMPT] implicit_task_end: parallel_id=0 thread_num=12
[OMPT] implicit_task_end: parallel_id=0 thread_num=14
[OMPT] implicit_task_end: parallel_id=0 thread_num=4
[OMPT] implicit_task_end: parallel_id=0 thread_num=5
[OMPT] implicit_task_begin: parallel_id=281474976710943 thread_num=14 team_size=16
[OMPT] implicit_task_begin: parallel_id=281474976710943 thread_num=4 team_size=16
[OMPT] implicit_task_end: parallel_id=0 thread_num=8
[OMPT] implicit_task_begin: parallel_id=281474976710943 thread_num=5 team_size=16
[OMPT] implicit_task_end: parallel_id=0 thread_num=9
[OMPT] implicit_task_end: parallel_id=0 thread_num=2
[OMPT] implicit_task_end: parallel_id=0 thread_num=13
[OMPT] implicit_task_begin: parallel_id=281474976710943 thread_num=2 team_size=16
[OMPT] implicit_task_begin: parallel_id=281474976710943 thread_num=13 team_size=16
[OMPT] implicit_task_end: parallel_id=0 thread_num=15
[OMPT] implicit_task_end: parallel_id=0 thread_num=7
[OMPT] implicit_task_begin: parallel_id=281474976710943 thread_num=15 team_size=16
[OMPT] implicit_task_end: parallel_id=0 thread_num=6
[OMPT] implicit_task_end: parallel_id=0 thread_num=3
[OMPT] implicit_task_begin: parallel_id=281474976710943 thread_num=6 team_size=16
[OMPT] implicit_task_begin: parallel_id=281474976710943 thread_num=0 team_size=16
[OMPT] implicit_task_begin: parallel_id=281474976710943 thread_num=3 team_size=16
[OMPT] implicit_task_end: parallel_id=0 thread_num=10
[OMPT] implicit_task_end: parallel_id=0 thread_num=11
[OMPT] implicit_task_begin: parallel_id=281474976710943 thread_num=10 team_size=16
[OMPT] implicit_task_begin: parallel_id=281474976710943 thread_num=8 team_size=16
[OMPT] implicit_task_begin: parallel_id=281474976710943 thread_num=11 team_size=16
[OMPT] implicit_task_end: parallel_id=0 thread_num=1
[OMPT] implicit_task_begin: parallel_id=281474976710943 thread_num=9 team_size=16
[OMPT] implicit_task_begin: parallel_id=281474976710943 thread_num=12 team_size=16
[OMPT] implicit_task_begin: parallel_id=281474976710943 thread_num=1 team_size=16
[OMPT] implicit_task_begin: parallel_id=281474976710943 thread_num=7 team_size=16
[OMPT][WIN100ms] ompt_id=281474976710657 tid=85231  tipo=ompt_thread_initial    cpu=  1 numa=0  d_rm=     218  d_instr=1463933804  d_cyc= 373481846  d_all= 9486588  IPC=3.920  ratio_rm=0.0000
[OMPT][WIN100ms] ompt_id=562949953421313 tid=85233  tipo=ompt_thread_worker     cpu= 41 numa=0  d_rm=     267  d_instr=1467716418  d_cyc= 372933582  d_all= 9490165  IPC=3.936  ratio_rm=0.0000
[OMPT][WIN100ms] ompt_id=844424930131969 tid=85234  tipo=ompt_thread_worker     cpu=120 numa=1  d_rm=     170  d_instr=1473040070  d_cyc= 373607566  d_all= 9524448  IPC=3.943  ratio_rm=0.0000
[OMPT][WIN100ms] ompt_id=1125899906842625 tid=85235  tipo=ompt_thread_worker     cpu= 32 numa=0  d_rm=     363  d_instr=1471851522  d_cyc= 373263497  d_all= 9516588  IPC=3.943  ratio_rm=0.0000
[OMPT][WIN100ms] ompt_id=1407374883553281 tid=85236  tipo=ompt_thread_worker     cpu=104 numa=1  d_rm=     102  d_instr=1468721702  d_cyc= 373961930  d_all= 9505771  IPC=3.927  ratio_rm=0.0000
[OMPT][WIN100ms] ompt_id=1688849860263937 tid=85237  tipo=ompt_thread_worker     cpu= 64 numa=1  d_rm=     103  d_instr=1466856314  d_cyc= 374048786  d_all= 9478713  IPC=3.922  ratio_rm=0.0000
[OMPT][WIN100ms] ompt_id=1970324836974593 tid=85238  tipo=ompt_thread_worker     cpu= 81 numa=1  d_rm=     104  d_instr=1469987297  d_cyc= 373126811  d_all= 9504427  IPC=3.940  ratio_rm=0.0000
[OMPT][WIN100ms] ompt_id=2251799813685249 tid=85239  tipo=ompt_thread_worker     cpu=247 numa=1  d_rm=     115  d_instr=1464392915  d_cyc= 372891278  d_all= 9470610  IPC=3.927  ratio_rm=0.0000
[OMPT][WIN100ms] ompt_id=2533274790395905 tid=85240  tipo=ompt_thread_worker     cpu= 16 numa=0  d_rm=     283  d_instr=1469204542  d_cyc= 373146968  d_all= 9508547  IPC=3.937  ratio_rm=0.0000
[OMPT][WIN100ms] ompt_id=2814749767106561 tid=85243  tipo=ompt_thread_worker     cpu= 48 numa=0  d_rm=     280  d_instr=1467512231  d_cyc= 373287309  d_all= 9511926  IPC=3.931  ratio_rm=0.0000
[OMPT][WIN100ms] ompt_id=3096224743817217 tid=85242  tipo=ompt_thread_worker     cpu= 56 numa=0  d_rm=     384  d_instr=1467765800  d_cyc= 373836880  d_all= 9505328  IPC=3.926  ratio_rm=0.0000
[OMPT][WIN100ms] ompt_id=3377699720527873 tid=85241  tipo=ompt_thread_worker     cpu= 79 numa=1  d_rm=     229  d_instr=1469755275  d_cyc= 373130605  d_all= 9504193  IPC=3.939  ratio_rm=0.0000
[OMPT][WIN100ms] ompt_id=3659174697238529 tid=85244  tipo=ompt_thread_worker     cpu= 95 numa=1  d_rm=     167  d_instr=1461611873  d_cyc= 372633886  d_all= 9459360  IPC=3.922  ratio_rm=0.0000
[OMPT][WIN100ms] ompt_id=3940649673949185 tid=85245  tipo=ompt_thread_worker     cpu= 13 numa=0  d_rm=     283  d_instr=1478119451  d_cyc= 373950361  d_all= 9561825  IPC=3.953  ratio_rm=0.0000
[OMPT][WIN100ms] ompt_id=4222124650659841 tid=85246  tipo=ompt_thread_worker     cpu=239 numa=1  d_rm=     212  d_instr=1475572849  d_cyc= 374056711  d_all= 9531266  IPC=3.945  ratio_rm=0.0000
[OMPT][WIN100ms] ompt_id=4503599627370497 tid=85247  tipo=ompt_thread_worker     cpu=103 numa=1  d_rm=     118  d_instr=1464193805  d_cyc= 372005757  d_all= 9473484  IPC=3.936  ratio_rm=0.0000
[OMPT] implicit_task_end: parallel_id=0 thread_num=0
[OMPT] parallel_end: parallel_id=281474976710943
[OMPT] parallel_begin: parallel_id=281474976710945 team_size=16
[OMPT] implicit_task_end: parallel_id=0 thread_num=12
[OMPT] implicit_task_end: parallel_id=0 thread_num=14
[OMPT] implicit_task_begin: parallel_id=281474976710945 thread_num=12 team_size=16
[OMPT] implicit_task_end: parallel_id=0 thread_num=4
[OMPT] implicit_task_end: parallel_id=0 thread_num=5
[OMPT] implicit_task_end: parallel_id=0 thread_num=2
[OMPT] implicit_task_end: parallel_id=0 thread_num=1
[OMPT] implicit_task_begin: parallel_id=281474976710945 thread_num=2 team_size=16
[OMPT] implicit_task_begin: parallel_id=281474976710945 thread_num=0 team_size=16
[OMPT] implicit_task_begin: parallel_id=281474976710945 thread_num=1 team_size=16
[OMPT] implicit_task_end: parallel_id=0 thread_num=15
[OMPT] implicit_task_end: parallel_id=0 thread_num=13
[OMPT] implicit_task_begin: parallel_id=281474976710945 thread_num=15 team_size=16
[OMPT] implicit_task_end: parallel_id=0 thread_num=8
[OMPT] implicit_task_end: parallel_id=0 thread_num=9
[OMPT] implicit_task_end: parallel_id=0 thread_num=6
[OMPT] implicit_task_end: parallel_id=0 thread_num=7
[OMPT] implicit_task_begin: parallel_id=281474976710945 thread_num=4 team_size=16
[OMPT] implicit_task_end: parallel_id=0 thread_num=3
[OMPT] implicit_task_begin: parallel_id=281474976710945 thread_num=3 team_size=16
[OMPT] implicit_task_begin: parallel_id=281474976710945 thread_num=13 team_size=16
[OMPT] implicit_task_end: parallel_id=0 thread_num=10
[OMPT] implicit_task_end: parallel_id=0 thread_num=11
[OMPT] implicit_task_begin: parallel_id=281474976710945 thread_num=10 team_size=16
[OMPT] implicit_task_begin: parallel_id=281474976710945 thread_num=14 team_size=16
[OMPT] implicit_task_begin: parallel_id=281474976710945 thread_num=11 team_size=16
[OMPT] implicit_task_begin: parallel_id=281474976710945 thread_num=9 team_size=16
[OMPT] implicit_task_begin: parallel_id=281474976710945 thread_num=6 team_size=16
[OMPT] implicit_task_begin: parallel_id=281474976710945 thread_num=7 team_size=16
[OMPT] implicit_task_begin: parallel_id=281474976710945 thread_num=5 team_size=16
[OMPT] implicit_task_begin: parallel_id=281474976710945 thread_num=8 team_size=16
[OMPT][WIN100ms] ompt_id=281474976710657 tid=85231  tipo=ompt_thread_initial    cpu=  1 numa=0  d_rm=     144  d_instr=1464717441  d_cyc= 374012578  d_all= 9490323  IPC=3.916  ratio_rm=0.0000
[OMPT][WIN100ms] ompt_id=562949953421313 tid=85233  tipo=ompt_thread_worker     cpu= 41 numa=0  d_rm=     202  d_instr=1467332832  d_cyc= 374132773  d_all= 9497404  IPC=3.922  ratio_rm=0.0000
[OMPT][WIN100ms] ompt_id=844424930131969 tid=85234  tipo=ompt_thread_worker     cpu=120 numa=1  d_rm=     178  d_instr=1467990889  d_cyc= 373680494  d_all= 9488844  IPC=3.928  ratio_rm=0.0000
[OMPT][WIN100ms] ompt_id=1125899906842625 tid=85235  tipo=ompt_thread_worker     cpu= 32 numa=0  d_rm=     289  d_instr=1461616749  d_cyc= 373100662  d_all= 9445987  IPC=3.917  ratio_rm=0.0000
[OMPT][WIN100ms] ompt_id=1407374883553281 tid=85236  tipo=ompt_thread_worker     cpu=104 numa=1  d_rm=     134  d_instr=1467461378  d_cyc= 372819955  d_all= 9481639  IPC=3.936  ratio_rm=0.0000
[OMPT][WIN100ms] ompt_id=1688849860263937 tid=85237  tipo=ompt_thread_worker     cpu= 64 numa=1  d_rm=      98  d_instr=1468649203  d_cyc= 372779373  d_all= 9491137  IPC=3.940  ratio_rm=0.0000
[OMPT][WIN100ms] ompt_id=1970324836974593 tid=85238  tipo=ompt_thread_worker     cpu= 81 numa=1  d_rm=     107  d_instr=1458741517  d_cyc= 372576088  d_all= 9426726  IPC=3.915  ratio_rm=0.0000
[OMPT][WIN100ms] ompt_id=2251799813685249 tid=85239  tipo=ompt_thread_worker     cpu=247 numa=1  d_rm=     135  d_instr=1463277151  d_cyc= 372919694  d_all= 9458492  IPC=3.924  ratio_rm=0.0000
[OMPT][WIN100ms] ompt_id=2533274790395905 tid=85240  tipo=ompt_thread_worker     cpu= 16 numa=0  d_rm=     219  d_instr=1462254196  d_cyc= 372800429  d_all= 9458441  IPC=3.922  ratio_rm=0.0000
[OMPT][WIN100ms] ompt_id=2814749767106561 tid=85243  tipo=ompt_thread_worker     cpu= 48 numa=0  d_rm=     217  d_instr=1461029553  d_cyc= 373752655  d_all= 9437031  IPC=3.909  ratio_rm=0.0000
[OMPT][WIN100ms] ompt_id=3096224743817217 tid=85242  tipo=ompt_thread_worker     cpu= 56 numa=0  d_rm=     323  d_instr=1464326913  d_cyc= 374074840  d_all= 9477125  IPC=3.915  ratio_rm=0.0000
[OMPT][WIN100ms] ompt_id=3377699720527873 tid=85241  tipo=ompt_thread_worker     cpu= 79 numa=1  d_rm=     222  d_instr=1464182330  d_cyc= 373479997  d_all= 9467195  IPC=3.920  ratio_rm=0.0000
[OMPT][WIN100ms] ompt_id=3659174697238529 tid=85244  tipo=ompt_thread_worker     cpu= 95 numa=1  d_rm=     180  d_instr=1471780334  d_cyc= 373930384  d_all= 9498288  IPC=3.936  ratio_rm=0.0000
[OMPT][WIN100ms] ompt_id=3940649673949185 tid=85245  tipo=ompt_thread_worker     cpu= 13 numa=0  d_rm=     235  d_instr=1454330003  d_cyc= 373098955  d_all= 9387200  IPC=3.898  ratio_rm=0.0000
[OMPT][WIN100ms] ompt_id=4222124650659841 tid=85246  tipo=ompt_thread_worker     cpu=239 numa=1  d_rm=     197  d_instr=1462568441  d_cyc= 372531432  d_all= 9432193  IPC=3.926  ratio_rm=0.0000
[OMPT][WIN100ms] ompt_id=4503599627370497 tid=85247  tipo=ompt_thread_worker     cpu=103 numa=1  d_rm=     111  d_instr=1469174060  d_cyc= 373115032  d_all= 9491886  IPC=3.938  ratio_rm=0.0000
[OMPT] implicit_task_end: parallel_id=0 thread_num=0
[OMPT] parallel_end: parallel_id=281474976710945
[OMPT] parallel_begin: parallel_id=281474976710947 team_size=16
[OMPT] implicit_task_end: parallel_id=0 thread_num=8
[OMPT] implicit_task_end: parallel_id=0 thread_num=11
[OMPT] implicit_task_end: parallel_id=0 thread_num=12
[OMPT] implicit_task_begin: parallel_id=281474976710947 thread_num=11 team_size=16
[OMPT] implicit_task_end: parallel_id=0 thread_num=14
[OMPT] implicit_task_begin: parallel_id=281474976710947 thread_num=12 team_size=16
[OMPT] implicit_task_end: parallel_id=0 thread_num=2
[OMPT] implicit_task_begin: parallel_id=281474976710947 thread_num=0 team_size=16
[OMPT] implicit_task_begin: parallel_id=281474976710947 thread_num=2 team_size=16
[OMPT] implicit_task_end: parallel_id=0 thread_num=4
[OMPT] implicit_task_end: parallel_id=0 thread_num=5
[OMPT] implicit_task_end: parallel_id=0 thread_num=9
[OMPT] implicit_task_begin: parallel_id=281474976710947 thread_num=8 team_size=16
[OMPT] implicit_task_begin: parallel_id=281474976710947 thread_num=9 team_size=16
[OMPT] implicit_task_end: parallel_id=0 thread_num=3
[OMPT] implicit_task_end: parallel_id=0 thread_num=13
[OMPT] implicit_task_begin: parallel_id=281474976710947 thread_num=13 team_size=16
[OMPT] implicit_task_end: parallel_id=0 thread_num=15
[OMPT] implicit_task_end: parallel_id=0 thread_num=1
[OMPT] implicit_task_begin: parallel_id=281474976710947 thread_num=15 team_size=16
[OMPT] implicit_task_begin: parallel_id=281474976710947 thread_num=14 team_size=16
[OMPT] implicit_task_begin: parallel_id=281474976710947 thread_num=1 team_size=16
[OMPT] implicit_task_end: parallel_id=0 thread_num=7
[OMPT] implicit_task_end: parallel_id=0 thread_num=6
[OMPT] implicit_task_begin: parallel_id=281474976710947 thread_num=4 team_size=16
[OMPT] implicit_task_end: parallel_id=0 thread_num=10
[OMPT] implicit_task_begin: parallel_id=281474976710947 thread_num=5 team_size=16
[OMPT] implicit_task_begin: parallel_id=281474976710947 thread_num=10 team_size=16
[OMPT] implicit_task_begin: parallel_id=281474976710947 thread_num=3 team_size=16
[OMPT] implicit_task_begin: parallel_id=281474976710947 thread_num=7 team_size=16
[OMPT] implicit_task_begin: parallel_id=281474976710947 thread_num=6 team_size=16
[OMPT][WIN100ms] ompt_id=281474976710657 tid=85231  tipo=ompt_thread_initial    cpu=  1 numa=0  d_rm=     166  d_instr=1471046063  d_cyc= 374167514  d_all= 9532604  IPC=3.932  ratio_rm=0.0000
[OMPT][WIN100ms] ompt_id=562949953421313 tid=85233  tipo=ompt_thread_worker     cpu= 41 numa=0  d_rm=     219  d_instr=1463568732  d_cyc= 373506488  d_all= 9472732  IPC=3.918  ratio_rm=0.0000
[OMPT][WIN100ms] ompt_id=844424930131969 tid=85234  tipo=ompt_thread_worker     cpu=120 numa=1  d_rm=     177  d_instr=1468600629  d_cyc= 373461720  d_all= 9493534  IPC=3.932  ratio_rm=0.0000
[OMPT][WIN100ms] ompt_id=1125899906842625 tid=85235  tipo=ompt_thread_worker     cpu= 32 numa=0  d_rm=     303  d_instr=1470561390  d_cyc= 373132993  d_all= 9516433  IPC=3.941  ratio_rm=0.0000
[OMPT][WIN100ms] ompt_id=1407374883553281 tid=85236  tipo=ompt_thread_worker     cpu=104 numa=1  d_rm=     131  d_instr=1466188994  d_cyc= 372651989  d_all= 9475742  IPC=3.934  ratio_rm=0.0000
[OMPT][WIN100ms] ompt_id=1688849860263937 tid=85237  tipo=ompt_thread_worker     cpu= 64 numa=1  d_rm=      96  d_instr=1471775412  d_cyc= 373418684  d_all= 9518220  IPC=3.941  ratio_rm=0.0000
[OMPT][WIN100ms] ompt_id=1970324836974593 tid=85238  tipo=ompt_thread_worker     cpu= 81 numa=1  d_rm=     108  d_instr=1473090346  d_cyc= 373135473  d_all= 9529837  IPC=3.948  ratio_rm=0.0000
[OMPT][WIN100ms] ompt_id=2251799813685249 tid=85239  tipo=ompt_thread_worker     cpu=247 numa=1  d_rm=     104  d_instr=1470535986  d_cyc= 373206935  d_all= 9509939  IPC=3.940  ratio_rm=0.0000
[OMPT][WIN100ms] ompt_id=2533274790395905 tid=85240  tipo=ompt_thread_worker     cpu= 16 numa=0  d_rm=     231  d_instr=1472357813  d_cyc= 373977673  d_all= 9520908  IPC=3.937  ratio_rm=0.0000
[OMPT][WIN100ms] ompt_id=2814749767106561 tid=85243  tipo=ompt_thread_worker     cpu= 48 numa=0  d_rm=     228  d_instr=1477895769  d_cyc= 374442635  d_all= 9560173  IPC=3.947  ratio_rm=0.0000
[OMPT][WIN100ms] ompt_id=3096224743817217 tid=85242  tipo=ompt_thread_worker     cpu= 56 numa=0  d_rm=     326  d_instr=1468238293  d_cyc= 373302730  d_all= 9494004  IPC=3.933  ratio_rm=0.0000
[OMPT][WIN100ms] ompt_id=3377699720527873 tid=85241  tipo=ompt_thread_worker     cpu= 79 numa=1  d_rm=     258  d_instr=1470805946  d_cyc= 373419755  d_all= 9498174  IPC=3.939  ratio_rm=0.0000
[OMPT][WIN100ms] ompt_id=3659174697238529 tid=85244  tipo=ompt_thread_worker     cpu= 95 numa=1  d_rm=     186  d_instr=1468361404  d_cyc= 373759311  d_all= 9477593  IPC=3.929  ratio_rm=0.0000
[OMPT][WIN100ms] ompt_id=3940649673949185 tid=85245  tipo=ompt_thread_worker     cpu= 13 numa=0  d_rm=     236  d_instr=1476679135  d_cyc= 373924011  d_all= 9548002  IPC=3.949  ratio_rm=0.0000
[OMPT][WIN100ms] ompt_id=4222124650659841 tid=85246  tipo=ompt_thread_worker     cpu=239 numa=1  d_rm=     177  d_instr=1469964767  d_cyc= 373116677  d_all= 9496046  IPC=3.940  ratio_rm=0.0000
[OMPT][WIN100ms] ompt_id=4503599627370497 tid=85247  tipo=ompt_thread_worker     cpu=103 numa=1  d_rm=     109  d_instr=1471236845  d_cyc= 373181221  d_all= 9502894  IPC=3.942  ratio_rm=0.0000
[OMPT] implicit_task_end: parallel_id=0 thread_num=0
[OMPT] parallel_end: parallel_id=281474976710947
[OMPT] parallel_begin: parallel_id=281474976710949 team_size=16
[OMPT] implicit_task_end: parallel_id=0 thread_num=12
[OMPT] implicit_task_end: parallel_id=0 thread_num=14
[OMPT] implicit_task_end: parallel_id=0 thread_num=4
[OMPT] implicit_task_end: parallel_id=0 thread_num=7
[OMPT] implicit_task_begin: parallel_id=281474976710949 thread_num=14 team_size=16
[OMPT] implicit_task_begin: parallel_id=281474976710949 thread_num=0 team_size=16
[OMPT] implicit_task_end: parallel_id=0 thread_num=2
[OMPT] implicit_task_end: parallel_id=0 thread_num=1
[OMPT] implicit_task_begin: parallel_id=281474976710949 thread_num=2 team_size=16
[OMPT] implicit_task_end: parallel_id=0 thread_num=13
[OMPT] implicit_task_begin: parallel_id=281474976710949 thread_num=13 team_size=16
[OMPT] implicit_task_end: parallel_id=0 thread_num=15
[OMPT] implicit_task_end: parallel_id=0 thread_num=5
[OMPT] implicit_task_begin: parallel_id=281474976710949 thread_num=15 team_size=16
[OMPT] implicit_task_end: parallel_id=0 thread_num=6
[OMPT] implicit_task_begin: parallel_id=281474976710949 thread_num=12 team_size=16
[OMPT] implicit_task_begin: parallel_id=281474976710949 thread_num=6 team_size=16
[OMPT] implicit_task_end: parallel_id=0 thread_num=3
[OMPT] implicit_task_end: parallel_id=0 thread_num=8
[OMPT] implicit_task_end: parallel_id=0 thread_num=9
[OMPT] implicit_task_begin: parallel_id=281474976710949 thread_num=7 team_size=16
[OMPT] implicit_task_begin: parallel_id=281474976710949 thread_num=9 team_size=16
[OMPT] implicit_task_begin: parallel_id=281474976710949 thread_num=1 team_size=16
[OMPT] implicit_task_begin: parallel_id=281474976710949 thread_num=5 team_size=16
[OMPT] implicit_task_begin: parallel_id=281474976710949 thread_num=3 team_size=16
[OMPT] implicit_task_end: parallel_id=0 thread_num=11
[OMPT] implicit_task_end: parallel_id=0 thread_num=10
[OMPT] implicit_task_begin: parallel_id=281474976710949 thread_num=8 team_size=16
[OMPT] implicit_task_begin: parallel_id=281474976710949 thread_num=4 team_size=16
[OMPT] implicit_task_begin: parallel_id=281474976710949 thread_num=11 team_size=16
[OMPT] implicit_task_begin: parallel_id=281474976710949 thread_num=10 team_size=16
[OMPT][WIN100ms] ompt_id=281474976710657 tid=85231  tipo=ompt_thread_initial    cpu=  1 numa=0  d_rm=     230  d_instr=1469615068  d_cyc= 374661668  d_all= 9519096  IPC=3.923  ratio_rm=0.0000
[OMPT][WIN100ms] ompt_id=562949953421313 tid=85233  tipo=ompt_thread_worker     cpu= 41 numa=0  d_rm=     263  d_instr=1472961339  d_cyc= 373291300  d_all= 9531757  IPC=3.946  ratio_rm=0.0000
[OMPT][WIN100ms] ompt_id=844424930131969 tid=85234  tipo=ompt_thread_worker     cpu=120 numa=1  d_rm=     186  d_instr=1471166139  d_cyc= 373327736  d_all= 9508033  IPC=3.941  ratio_rm=0.0000
[OMPT][WIN100ms] ompt_id=1125899906842625 tid=85235  tipo=ompt_thread_worker     cpu= 32 numa=0  d_rm=     404  d_instr=1465843875  d_cyc= 372998891  d_all= 9487064  IPC=3.930  ratio_rm=0.0000
[OMPT][WIN100ms] ompt_id=1407374883553281 tid=85236  tipo=ompt_thread_worker     cpu=104 numa=1  d_rm=     137  d_instr=1470925510  d_cyc= 372446455  d_all= 9510483  IPC=3.949  ratio_rm=0.0000
[OMPT][WIN100ms] ompt_id=1688849860263937 tid=85237  tipo=ompt_thread_worker     cpu= 64 numa=1  d_rm=     105  d_instr=1469683867  d_cyc= 373142931  d_all= 9489652  IPC=3.939  ratio_rm=0.0000
[OMPT][WIN100ms] ompt_id=1970324836974593 tid=85238  tipo=ompt_thread_worker     cpu= 81 numa=1  d_rm=     104  d_instr=1470439473  d_cyc= 373398618  d_all= 9495880  IPC=3.938  ratio_rm=0.0000
[OMPT][WIN100ms] ompt_id=2251799813685249 tid=85239  tipo=ompt_thread_worker     cpu=247 numa=1  d_rm=     123  d_instr=1471089945  d_cyc= 373357174  d_all= 9501305  IPC=3.940  ratio_rm=0.0000
[OMPT][WIN100ms] ompt_id=2533274790395905 tid=85240  tipo=ompt_thread_worker     cpu= 16 numa=0  d_rm=     275  d_instr=1469734808  d_cyc= 372742294  d_all= 9492554  IPC=3.943  ratio_rm=0.0000
[OMPT][WIN100ms] ompt_id=2814749767106561 tid=85243  tipo=ompt_thread_worker     cpu= 48 numa=0  d_rm=     284  d_instr=1464060184  d_cyc= 373782564  d_all= 9462527  IPC=3.917  ratio_rm=0.0000
[OMPT][WIN100ms] ompt_id=3096224743817217 tid=85242  tipo=ompt_thread_worker     cpu= 56 numa=0  d_rm=     382  d_instr=1467494473  d_cyc= 373721885  d_all= 9479912  IPC=3.927  ratio_rm=0.0000
[OMPT][WIN100ms] ompt_id=3377699720527873 tid=85241  tipo=ompt_thread_worker     cpu= 79 numa=1  d_rm=     201  d_instr=1471295497  d_cyc= 373592573  d_all= 9497694  IPC=3.938  ratio_rm=0.0000
[OMPT][WIN100ms] ompt_id=3659174697238529 tid=85244  tipo=ompt_thread_worker     cpu= 95 numa=1  d_rm=     192  d_instr=1466774866  d_cyc= 373324527  d_all= 9474165  IPC=3.929  ratio_rm=0.0000
[OMPT][WIN100ms] ompt_id=3940649673949185 tid=85245  tipo=ompt_thread_worker     cpu= 13 numa=0  d_rm=     289  d_instr=1467772436  d_cyc= 373984347  d_all= 9485413  IPC=3.925  ratio_rm=0.0000
[OMPT][WIN100ms] ompt_id=4222124650659841 tid=85246  tipo=ompt_thread_worker     cpu=239 numa=1  d_rm=     194  d_instr=1468102768  d_cyc= 373995993  d_all= 9486036  IPC=3.925  ratio_rm=0.0000
[OMPT][WIN100ms] ompt_id=4503599627370497 tid=85247  tipo=ompt_thread_worker     cpu=103 numa=1  d_rm=     118  d_instr=1471184260  d_cyc= 373456837  d_all= 9503091  IPC=3.939  ratio_rm=0.0000
[OMPT] implicit_task_end: parallel_id=0 thread_num=0
[OMPT] parallel_end: parallel_id=281474976710949
[OMPT] parallel_begin: parallel_id=281474976710951 team_size=16
[OMPT] implicit_task_end: parallel_id=0 thread_num=12
[OMPT] implicit_task_end: parallel_id=0 thread_num=14
[OMPT] implicit_task_begin: parallel_id=281474976710951 thread_num=12 team_size=16
[OMPT] implicit_task_end: parallel_id=0 thread_num=3
[OMPT] implicit_task_begin: parallel_id=281474976710951 thread_num=14 team_size=16
[OMPT] implicit_task_end: parallel_id=0 thread_num=1
[OMPT] implicit_task_begin: parallel_id=281474976710951 thread_num=0 team_size=16
[OMPT] implicit_task_begin: parallel_id=281474976710951 thread_num=1 team_size=16
[OMPT] implicit_task_end: parallel_id=0 thread_num=4
[OMPT] implicit_task_end: parallel_id=0 thread_num=6
[OMPT] implicit_task_end: parallel_id=0 thread_num=15
[OMPT] implicit_task_end: parallel_id=0 thread_num=13
[OMPT] implicit_task_begin: parallel_id=281474976710951 thread_num=15 team_size=16
[OMPT] implicit_task_end: parallel_id=0 thread_num=8
[OMPT] implicit_task_end: parallel_id=0 thread_num=11
[OMPT] implicit_task_end: parallel_id=0 thread_num=7
[OMPT] implicit_task_end: parallel_id=0 thread_num=5
[OMPT] implicit_task_begin: parallel_id=281474976710951 thread_num=7 team_size=16
[OMPT] implicit_task_begin: parallel_id=281474976710951 thread_num=4 team_size=16
[OMPT] implicit_task_begin: parallel_id=281474976710951 thread_num=5 team_size=16
[OMPT] implicit_task_end: parallel_id=0 thread_num=2
[OMPT] implicit_task_begin: parallel_id=281474976710951 thread_num=6 team_size=16
[OMPT] implicit_task_begin: parallel_id=281474976710951 thread_num=2 team_size=16
[OMPT] implicit_task_begin: parallel_id=281474976710951 thread_num=13 team_size=16
[OMPT] implicit_task_end: parallel_id=0 thread_num=10
[OMPT] implicit_task_end: parallel_id=0 thread_num=9
[OMPT] implicit_task_begin: parallel_id=281474976710951 thread_num=3 team_size=16
[OMPT] implicit_task_begin: parallel_id=281474976710951 thread_num=9 team_size=16
[OMPT] implicit_task_begin: parallel_id=281474976710951 thread_num=11 team_size=16
[OMPT] implicit_task_begin: parallel_id=281474976710951 thread_num=10 team_size=16
[OMPT] implicit_task_begin: parallel_id=281474976710951 thread_num=8 team_size=16
[OMPT][WIN100ms] ompt_id=281474976710657 tid=85231  tipo=ompt_thread_initial    cpu=  1 numa=0  d_rm=     164  d_instr=1466718471  d_cyc= 373991129  d_all= 9497524  IPC=3.922  ratio_rm=0.0000
[OMPT][WIN100ms] ompt_id=562949953421313 tid=85233  tipo=ompt_thread_worker     cpu= 41 numa=0  d_rm=     200  d_instr=1476841905  d_cyc= 374342306  d_all= 9546442  IPC=3.945  ratio_rm=0.0000
[OMPT][WIN100ms] ompt_id=844424930131969 tid=85234  tipo=ompt_thread_worker     cpu=120 numa=1  d_rm=     152  d_instr=1473200026  d_cyc= 373044255  d_all= 9516959  IPC=3.949  ratio_rm=0.0000
[OMPT][WIN100ms] ompt_id=1125899906842625 tid=85235  tipo=ompt_thread_worker     cpu= 32 numa=0  d_rm=     280  d_instr=1469223587  d_cyc= 372966755  d_all= 9488383  IPC=3.939  ratio_rm=0.0000
[OMPT][WIN100ms] ompt_id=1407374883553281 tid=85236  tipo=ompt_thread_worker     cpu=104 numa=1  d_rm=     159  d_instr=1476816747  d_cyc= 372937803  d_all= 9539073  IPC=3.960  ratio_rm=0.0000
[OMPT][WIN100ms] ompt_id=1688849860263937 tid=85237  tipo=ompt_thread_worker     cpu= 64 numa=1  d_rm=      89  d_instr=1471680590  d_cyc= 373622505  d_all= 9501282  IPC=3.939  ratio_rm=0.0000
[OMPT][WIN100ms] ompt_id=1970324836974593 tid=85238  tipo=ompt_thread_worker     cpu= 81 numa=1  d_rm=      96  d_instr=1477215956  d_cyc= 373352087  d_all= 9540463  IPC=3.957  ratio_rm=0.0000
[OMPT][WIN100ms] ompt_id=2251799813685249 tid=85239  tipo=ompt_thread_worker     cpu=247 numa=1  d_rm=     111  d_instr=1478656378  d_cyc= 373849255  d_all= 9552666  IPC=3.955  ratio_rm=0.0000
[OMPT][WIN100ms] ompt_id=2533274790395905 tid=85240  tipo=ompt_thread_worker     cpu= 16 numa=0  d_rm=     201  d_instr=1468823004  d_cyc= 372786188  d_all= 9489094  IPC=3.940  ratio_rm=0.0000
[OMPT][WIN100ms] ompt_id=2814749767106561 tid=85243  tipo=ompt_thread_worker     cpu= 48 numa=0  d_rm=     236  d_instr=1469798566  d_cyc= 373912321  d_all= 9511881  IPC=3.931  ratio_rm=0.0000
[OMPT][WIN100ms] ompt_id=3096224743817217 tid=85242  tipo=ompt_thread_worker     cpu= 56 numa=0  d_rm=     321  d_instr=1472872996  d_cyc= 373891633  d_all= 9524628  IPC=3.939  ratio_rm=0.0000
[OMPT][WIN100ms] ompt_id=3377699720527873 tid=85241  tipo=ompt_thread_worker     cpu= 79 numa=1  d_rm=     216  d_instr=1471968024  d_cyc= 373472656  d_all= 9509692  IPC=3.941  ratio_rm=0.0000
[OMPT][WIN100ms] ompt_id=3659174697238529 tid=85244  tipo=ompt_thread_worker     cpu= 95 numa=1  d_rm=     169  d_instr=1470268799  d_cyc= 374267093  d_all= 9507669  IPC=3.928  ratio_rm=0.0000
[OMPT][WIN100ms] ompt_id=3940649673949185 tid=85245  tipo=ompt_thread_worker     cpu= 13 numa=0  d_rm=     207  d_instr=1468769594  d_cyc= 373440160  d_all= 9497394  IPC=3.933  ratio_rm=0.0000
[OMPT][WIN100ms] ompt_id=4222124650659841 tid=85246  tipo=ompt_thread_worker     cpu=239 numa=1  d_rm=     187  d_instr=1483029626  d_cyc= 374069953  d_all= 9580465  IPC=3.965  ratio_rm=0.0000
[OMPT][WIN100ms] ompt_id=4503599627370497 tid=85247  tipo=ompt_thread_worker     cpu=103 numa=1  d_rm=     110  d_instr=1462308949  d_cyc= 373523249  d_all= 9450827  IPC=3.915  ratio_rm=0.0000
[OMPT] implicit_task_end: parallel_id=0 thread_num=0
[OMPT] parallel_end: parallel_id=281474976710951
[OMPT] parallel_begin: parallel_id=281474976710953 team_size=16
[OMPT] implicit_task_end: parallel_id=0 thread_num=8
[OMPT] implicit_task_end: parallel_id=0 thread_num=9
[OMPT] implicit_task_end: parallel_id=0 thread_num=4
[OMPT] implicit_task_end: parallel_id=0 thread_num=12
[OMPT] implicit_task_end: parallel_id=0 thread_num=2
[OMPT] implicit_task_end: parallel_id=0 thread_num=3
[OMPT] implicit_task_end: parallel_id=0 thread_num=1
[OMPT] implicit_task_begin: parallel_id=281474976710953 thread_num=3 team_size=16
[OMPT] implicit_task_end: parallel_id=0 thread_num=10
[OMPT] implicit_task_end: parallel_id=0 thread_num=11
[OMPT] implicit_task_begin: parallel_id=281474976710953 thread_num=10 team_size=16
[OMPT] implicit_task_begin: parallel_id=281474976710953 thread_num=8 team_size=16
[OMPT] implicit_task_begin: parallel_id=281474976710953 thread_num=11 team_size=16
[OMPT] implicit_task_end: parallel_id=0 thread_num=6
[OMPT] implicit_task_end: parallel_id=0 thread_num=7
[OMPT] implicit_task_end: parallel_id=0 thread_num=5
[OMPT] implicit_task_begin: parallel_id=281474976710953 thread_num=7 team_size=16
[OMPT] implicit_task_begin: parallel_id=281474976710953 thread_num=9 team_size=16
[OMPT] implicit_task_begin: parallel_id=281474976710953 thread_num=5 team_size=16
[OMPT] implicit_task_end: parallel_id=0 thread_num=14
[OMPT] implicit_task_begin: parallel_id=281474976710953 thread_num=14 team_size=16
[OMPT] implicit_task_end: parallel_id=0 thread_num=13
[OMPT] implicit_task_begin: parallel_id=281474976710953 thread_num=13 team_size=16
[OMPT] implicit_task_end: parallel_id=0 thread_num=15
[OMPT] implicit_task_begin: parallel_id=281474976710953 thread_num=4 team_size=16
[OMPT] implicit_task_begin: parallel_id=281474976710953 thread_num=0 team_size=16
[OMPT] implicit_task_begin: parallel_id=281474976710953 thread_num=15 team_size=16
[OMPT] implicit_task_begin: parallel_id=281474976710953 thread_num=12 team_size=16
[OMPT] implicit_task_begin: parallel_id=281474976710953 thread_num=2 team_size=16
[OMPT] implicit_task_begin: parallel_id=281474976710953 thread_num=1 team_size=16
[OMPT] implicit_task_begin: parallel_id=281474976710953 thread_num=6 team_size=16
[OMPT][WIN100ms] ompt_id=281474976710657 tid=85231  tipo=ompt_thread_initial    cpu=  1 numa=0  d_rm=     212  d_instr=1460082613  d_cyc= 373335080  d_all= 9444818  IPC=3.911  ratio_rm=0.0000
[OMPT][WIN100ms] ompt_id=562949953421313 tid=85233  tipo=ompt_thread_worker     cpu= 41 numa=0  d_rm=     276  d_instr=1468752662  d_cyc= 373073999  d_all= 9484318  IPC=3.937  ratio_rm=0.0000
[OMPT][WIN100ms] ompt_id=844424930131969 tid=85234  tipo=ompt_thread_worker     cpu=120 numa=1  d_rm=     189  d_instr=1469224036  d_cyc= 372799007  d_all= 9490151  IPC=3.941  ratio_rm=0.0000
[OMPT][WIN100ms] ompt_id=1125899906842625 tid=85235  tipo=ompt_thread_worker     cpu= 32 numa=0  d_rm=     361  d_instr=1476579256  d_cyc= 374080548  d_all= 9544634  IPC=3.947  ratio_rm=0.0000
[OMPT][WIN100ms] ompt_id=1407374883553281 tid=85236  tipo=ompt_thread_worker     cpu=104 numa=1  d_rm=     266  d_instr=1459059029  d_cyc= 372255603  d_all= 9420485  IPC=3.920  ratio_rm=0.0000
[OMPT][WIN100ms] ompt_id=1688849860263937 tid=85237  tipo=ompt_thread_worker     cpu= 64 numa=1  d_rm=     104  d_instr=1471787923  d_cyc= 373380212  d_all= 9501362  IPC=3.942  ratio_rm=0.0000
[OMPT][WIN100ms] ompt_id=1970324836974593 tid=85238  tipo=ompt_thread_worker     cpu= 81 numa=1  d_rm=     113  d_instr=1466986711  d_cyc= 372709638  d_all= 9470941  IPC=3.936  ratio_rm=0.0000
[OMPT][WIN100ms] ompt_id=2251799813685249 tid=85239  tipo=ompt_thread_worker     cpu=247 numa=1  d_rm=     133  d_instr=1477482967  d_cyc= 373661122  d_all= 9542145  IPC=3.954  ratio_rm=0.0000
[OMPT][WIN100ms] ompt_id=2533274790395905 tid=85240  tipo=ompt_thread_worker     cpu= 16 numa=0  d_rm=     292  d_instr=1476577437  d_cyc= 373578408  d_all= 9539040  IPC=3.953  ratio_rm=0.0000
[OMPT][WIN100ms] ompt_id=2814749767106561 tid=85243  tipo=ompt_thread_worker     cpu= 48 numa=0  d_rm=     279  d_instr=1475297676  d_cyc= 374113075  d_all= 9546077  IPC=3.943  ratio_rm=0.0000
[OMPT][WIN100ms] ompt_id=3096224743817217 tid=85242  tipo=ompt_thread_worker     cpu= 56 numa=0  d_rm=     414  d_instr=1473682902  d_cyc= 374350763  d_all= 9531006  IPC=3.937  ratio_rm=0.0000
[OMPT][WIN100ms] ompt_id=3377699720527873 tid=85241  tipo=ompt_thread_worker     cpu= 79 numa=1  d_rm=     216  d_instr=1474862409  d_cyc= 373475331  d_all= 9529196  IPC=3.949  ratio_rm=0.0000
[OMPT][WIN100ms] ompt_id=3659174697238529 tid=85244  tipo=ompt_thread_worker     cpu= 95 numa=1  d_rm=     189  d_instr=1465008976  d_cyc= 372749479  d_all= 9464995  IPC=3.930  ratio_rm=0.0000
[OMPT][WIN100ms] ompt_id=3940649673949185 tid=85245  tipo=ompt_thread_worker     cpu= 13 numa=0  d_rm=     292  d_instr=1473516075  d_cyc= 373708569  d_all= 9530727  IPC=3.943  ratio_rm=0.0000
[OMPT][WIN100ms] ompt_id=4222124650659841 tid=85246  tipo=ompt_thread_worker     cpu=239 numa=1  d_rm=     222  d_instr=1463130843  d_cyc= 372869585  d_all= 9439079  IPC=3.924  ratio_rm=0.0000
[OMPT][WIN100ms] ompt_id=4503599627370497 tid=85247  tipo=ompt_thread_worker     cpu=103 numa=1  d_rm=     118  d_instr=1479492087  d_cyc= 373164332  d_all= 9568598  IPC=3.965  ratio_rm=0.0000
[OMPT] implicit_task_end: parallel_id=0 thread_num=0
[OMPT] parallel_end: parallel_id=281474976710953
[OMPT] parallel_begin: parallel_id=281474976710955 team_size=16
[OMPT] implicit_task_end: parallel_id=0 thread_num=12
[OMPT] implicit_task_end: parallel_id=0 thread_num=14
[OMPT] implicit_task_begin: parallel_id=281474976710955 thread_num=12 team_size=16
[OMPT] implicit_task_end: parallel_id=0 thread_num=3
[OMPT] implicit_task_begin: parallel_id=281474976710955 thread_num=14 team_size=16
[OMPT] implicit_task_begin: parallel_id=281474976710955 thread_num=0 team_size=16
[OMPT] implicit_task_begin: parallel_id=281474976710955 thread_num=3 team_size=16
[OMPT] implicit_task_end: parallel_id=0 thread_num=1
[OMPT] implicit_task_end: parallel_id=0 thread_num=2
[OMPT] implicit_task_end: parallel_id=0 thread_num=4
[OMPT] implicit_task_end: parallel_id=0 thread_num=6
[OMPT] implicit_task_end: parallel_id=0 thread_num=15
[OMPT] implicit_task_end: parallel_id=0 thread_num=8
[OMPT] implicit_task_end: parallel_id=0 thread_num=9
[OMPT] implicit_task_begin: parallel_id=281474976710955 thread_num=8 team_size=16
[OMPT] implicit_task_end: parallel_id=0 thread_num=7
[OMPT] implicit_task_end: parallel_id=0 thread_num=5
[OMPT] implicit_task_begin: parallel_id=281474976710955 thread_num=7 team_size=16
[OMPT] implicit_task_begin: parallel_id=281474976710955 thread_num=2 team_size=16
[OMPT] implicit_task_begin: parallel_id=281474976710955 thread_num=5 team_size=16
[OMPT] implicit_task_begin: parallel_id=281474976710955 thread_num=4 team_size=16
[OMPT] implicit_task_begin: parallel_id=281474976710955 thread_num=6 team_size=16
[OMPT] implicit_task_end: parallel_id=0 thread_num=10
[OMPT] implicit_task_end: parallel_id=0 thread_num=11
[OMPT] implicit_task_begin: parallel_id=281474976710955 thread_num=10 team_size=16
[OMPT] implicit_task_begin: parallel_id=281474976710955 thread_num=15 team_size=16
[OMPT] implicit_task_begin: parallel_id=281474976710955 thread_num=11 team_size=16
[OMPT] implicit_task_begin: parallel_id=281474976710955 thread_num=1 team_size=16
[OMPT] implicit_task_begin: parallel_id=281474976710955 thread_num=9 team_size=16
[OMPT] implicit_task_end: parallel_id=0 thread_num=13
[OMPT] implicit_task_begin: parallel_id=281474976710955 thread_num=13 team_size=16
[OMPT][WIN100ms] ompt_id=281474976710657 tid=85231  tipo=ompt_thread_initial    cpu=  1 numa=0  d_rm=     154  d_instr=1470600675  d_cyc= 374650880  d_all= 9511202  IPC=3.925  ratio_rm=0.0000
[OMPT][WIN100ms] ompt_id=562949953421313 tid=85233  tipo=ompt_thread_worker     cpu= 41 numa=0  d_rm=     195  d_instr=1450584505  d_cyc= 372927218  d_all= 9356405  IPC=3.890  ratio_rm=0.0000
[OMPT][WIN100ms] ompt_id=844424930131969 tid=85234  tipo=ompt_thread_worker     cpu=120 numa=1  d_rm=     215  d_instr=1467169163  d_cyc= 372919704  d_all= 9463875  IPC=3.934  ratio_rm=0.0000
[OMPT][WIN100ms] ompt_id=1125899906842625 tid=85235  tipo=ompt_thread_worker     cpu= 32 numa=0  d_rm=     282  d_instr=1466360433  d_cyc= 374079148  d_all= 9459687  IPC=3.920  ratio_rm=0.0000
[OMPT][WIN100ms] ompt_id=1407374883553281 tid=85236  tipo=ompt_thread_worker     cpu=104 numa=1  d_rm=     130  d_instr=1470713427  d_cyc= 372788523  d_all= 9499031  IPC=3.945  ratio_rm=0.0000
[OMPT][WIN100ms] ompt_id=1688849860263937 tid=85237  tipo=ompt_thread_worker     cpu= 64 numa=1  d_rm=     104  d_instr=1465426202  d_cyc= 373237936  d_all= 9451531  IPC=3.926  ratio_rm=0.0000
[OMPT][WIN100ms] ompt_id=1970324836974593 tid=85238  tipo=ompt_thread_worker     cpu= 81 numa=1  d_rm=     105  d_instr=1464122074  d_cyc= 373254118  d_all= 9445690  IPC=3.923  ratio_rm=0.0000
[OMPT][WIN100ms] ompt_id=2251799813685249 tid=85239  tipo=ompt_thread_worker     cpu=247 numa=1  d_rm=     108  d_instr=1463372513  d_cyc= 373369704  d_all= 9426670  IPC=3.919  ratio_rm=0.0000
[OMPT][WIN100ms] ompt_id=2533274790395905 tid=85240  tipo=ompt_thread_worker     cpu= 16 numa=0  d_rm=     223  d_instr=1472764680  d_cyc= 373319684  d_all= 9498613  IPC=3.945  ratio_rm=0.0000
[OMPT][WIN100ms] ompt_id=2814749767106561 tid=85243  tipo=ompt_thread_worker     cpu= 48 numa=0  d_rm=     226  d_instr=1459503173  d_cyc= 373615856  d_all= 9421207  IPC=3.906  ratio_rm=0.0000
[OMPT][WIN100ms] ompt_id=3096224743817217 tid=85242  tipo=ompt_thread_worker     cpu= 56 numa=0  d_rm=     358  d_instr=1462294243  d_cyc= 373647867  d_all= 9433458  IPC=3.914  ratio_rm=0.0000
[OMPT][WIN100ms] ompt_id=3377699720527873 tid=85241  tipo=ompt_thread_worker     cpu= 79 numa=1  d_rm=     235  d_instr=1460453269  d_cyc= 373216743  d_all= 9417484  IPC=3.913  ratio_rm=0.0000
[OMPT][WIN100ms] ompt_id=3659174697238529 tid=85244  tipo=ompt_thread_worker     cpu= 95 numa=1  d_rm=     173  d_instr=1469232007  d_cyc= 373980112  d_all= 9489683  IPC=3.929  ratio_rm=0.0000
[OMPT][WIN100ms] ompt_id=3940649673949185 tid=85245  tipo=ompt_thread_worker     cpu= 13 numa=0  d_rm=     268  d_instr=1456095414  d_cyc= 372627394  d_all= 9402721  IPC=3.908  ratio_rm=0.0000
[OMPT][WIN100ms] ompt_id=4222124650659841 tid=85246  tipo=ompt_thread_worker     cpu=239 numa=1  d_rm=     174  d_instr=1468248035  d_cyc= 373731211  d_all= 9487084  IPC=3.929  ratio_rm=0.0000
[OMPT][WIN100ms] ompt_id=4503599627370497 tid=85247  tipo=ompt_thread_worker     cpu=103 numa=1  d_rm=     116  d_instr=1463959352  d_cyc= 372432025  d_all= 9466702  IPC=3.931  ratio_rm=0.0000
[OMPT] implicit_task_end: parallel_id=0 thread_num=0
[OMPT] parallel_end: parallel_id=281474976710955
[OMPT] parallel_begin: parallel_id=281474976710957 team_size=16
[OMPT] implicit_task_end: parallel_id=0 thread_num=12
[OMPT] implicit_task_end: parallel_id=0 thread_num=8
[OMPT] implicit_task_end: parallel_id=0 thread_num=3
[OMPT] implicit_task_end: parallel_id=0 thread_num=4
[OMPT] implicit_task_begin: parallel_id=281474976710957 thread_num=8 team_size=16
[OMPT] implicit_task_begin: parallel_id=281474976710957 thread_num=4 team_size=16
[OMPT] implicit_task_end: parallel_id=0 thread_num=2
[OMPT] implicit_task_end: parallel_id=0 thread_num=14
[OMPT] implicit_task_end: parallel_id=0 thread_num=15
[OMPT] implicit_task_begin: parallel_id=281474976710957 thread_num=14 team_size=16
[OMPT] implicit_task_end: parallel_id=0 thread_num=13
[OMPT] implicit_task_begin: parallel_id=281474976710957 thread_num=15 team_size=16
[OMPT] implicit_task_begin: parallel_id=281474976710957 thread_num=13 team_size=16
[OMPT] implicit_task_end: parallel_id=0 thread_num=11
[OMPT] implicit_task_end: parallel_id=0 thread_num=9
[OMPT] implicit_task_begin: parallel_id=281474976710957 thread_num=11 team_size=16
[OMPT] implicit_task_begin: parallel_id=281474976710957 thread_num=12 team_size=16
[OMPT] implicit_task_end: parallel_id=0 thread_num=7
[OMPT] implicit_task_end: parallel_id=0 thread_num=6
[OMPT] implicit_task_begin: parallel_id=281474976710957 thread_num=7 team_size=16
[OMPT] implicit_task_end: parallel_id=0 thread_num=5
[OMPT] implicit_task_end: parallel_id=0 thread_num=1
[OMPT] implicit_task_begin: parallel_id=281474976710957 thread_num=5 team_size=16
[OMPT] implicit_task_begin: parallel_id=281474976710957 thread_num=0 team_size=16
[OMPT] implicit_task_begin: parallel_id=281474976710957 thread_num=1 team_size=16
[OMPT] implicit_task_begin: parallel_id=281474976710957 thread_num=3 team_size=16
[OMPT] implicit_task_begin: parallel_id=281474976710957 thread_num=2 team_size=16
[OMPT] implicit_task_end: parallel_id=0 thread_num=10
[OMPT] implicit_task_begin: parallel_id=281474976710957 thread_num=9 team_size=16
[OMPT] implicit_task_begin: parallel_id=281474976710957 thread_num=10 team_size=16
[OMPT] implicit_task_begin: parallel_id=281474976710957 thread_num=6 team_size=16
[OMPT] implicit_task_end: parallel_id=0 thread_num=0
[OMPT] parallel_end: parallel_id=281474976710957
[OMPT] parallel_begin: parallel_id=281474976710959 team_size=16
[OMPT] implicit_task_end: parallel_id=0 thread_num=12
[OMPT] implicit_task_end: parallel_id=0 thread_num=14
[OMPT] implicit_task_begin: parallel_id=281474976710959 thread_num=12 team_size=16
[OMPT] implicit_task_end: parallel_id=0 thread_num=3
[OMPT] implicit_task_begin: parallel_id=281474976710959 thread_num=14 team_size=16
[OMPT] implicit_task_end: parallel_id=0 thread_num=8
[OMPT] implicit_task_end: parallel_id=0 thread_num=10
[OMPT] implicit_task_end: parallel_id=0 thread_num=1
[OMPT] implicit_task_begin: parallel_id=281474976710959 thread_num=10 team_size=16
[OMPT] implicit_task_end: parallel_id=0 thread_num=2
[OMPT] implicit_task_end: parallel_id=0 thread_num=13
[OMPT] implicit_task_begin: parallel_id=281474976710959 thread_num=2 team_size=16
[OMPT] implicit_task_begin: parallel_id=281474976710959 thread_num=13 team_size=16
[OMPT] implicit_task_end: parallel_id=0 thread_num=4
[OMPT] implicit_task_end: parallel_id=0 thread_num=5
[OMPT] implicit_task_end: parallel_id=0 thread_num=9
[OMPT] implicit_task_end: parallel_id=0 thread_num=11
[OMPT] implicit_task_begin: parallel_id=281474976710959 thread_num=0 team_size=16
[OMPT] implicit_task_begin: parallel_id=281474976710959 thread_num=11 team_size=16
[OMPT] implicit_task_begin: parallel_id=281474976710959 thread_num=1 team_size=16
[OMPT] implicit_task_end: parallel_id=0 thread_num=15
[OMPT] implicit_task_end: parallel_id=0 thread_num=7
[OMPT] implicit_task_begin: parallel_id=281474976710959 thread_num=15 team_size=16
[OMPT] implicit_task_end: parallel_id=0 thread_num=6
[OMPT] implicit_task_begin: parallel_id=281474976710959 thread_num=7 team_size=16
[OMPT] implicit_task_begin: parallel_id=281474976710959 thread_num=4 team_size=16
[OMPT] implicit_task_begin: parallel_id=281474976710959 thread_num=3 team_size=16
[OMPT] implicit_task_begin: parallel_id=281474976710959 thread_num=6 team_size=16
[OMPT] implicit_task_begin: parallel_id=281474976710959 thread_num=5 team_size=16
[OMPT] implicit_task_begin: parallel_id=281474976710959 thread_num=9 team_size=16
[OMPT] implicit_task_begin: parallel_id=281474976710959 thread_num=8 team_size=16
[OMPT][WIN100ms] ompt_id=281474976710657 tid=85231  tipo=ompt_thread_initial    cpu=  1 numa=0  d_rm=     341  d_instr=1458408037  d_cyc= 372518704  d_all= 9432570  IPC=3.915  ratio_rm=0.0000
[OMPT][WIN100ms] ompt_id=562949953421313 tid=85233  tipo=ompt_thread_worker     cpu= 41 numa=0  d_rm=     396  d_instr=1465255516  d_cyc= 372207549  d_all= 9459188  IPC=3.937  ratio_rm=0.0000
[OMPT][WIN100ms] ompt_id=844424930131969 tid=85234  tipo=ompt_thread_worker     cpu=120 numa=1  d_rm=     360  d_instr=1452480649  d_cyc= 372027448  d_all= 9363921  IPC=3.904  ratio_rm=0.0000
[OMPT][WIN100ms] ompt_id=1125899906842625 tid=85235  tipo=ompt_thread_worker     cpu= 32 numa=0  d_rm=     556  d_instr=1449325965  d_cyc= 371500150  d_all= 9344185  IPC=3.901  ratio_rm=0.0001
[OMPT][WIN100ms] ompt_id=1407374883553281 tid=85236  tipo=ompt_thread_worker     cpu=104 numa=1  d_rm=     298  d_instr=1455303486  d_cyc= 371983201  d_all= 9372281  IPC=3.912  ratio_rm=0.0000
[OMPT][WIN100ms] ompt_id=1688849860263937 tid=85237  tipo=ompt_thread_worker     cpu= 64 numa=1  d_rm=     200  d_instr=1453234721  d_cyc= 371540445  d_all= 9356126  IPC=3.911  ratio_rm=0.0000
[OMPT][WIN100ms] ompt_id=1970324836974593 tid=85238  tipo=ompt_thread_worker     cpu= 81 numa=1  d_rm=     238  d_instr=1453946609  d_cyc= 371394797  d_all= 9378157  IPC=3.915  ratio_rm=0.0000
[OMPT][WIN100ms] ompt_id=2251799813685249 tid=85239  tipo=ompt_thread_worker     cpu=247 numa=1  d_rm=     222  d_instr=1450209068  d_cyc= 372230917  d_all= 9333450  IPC=3.896  ratio_rm=0.0000
[OMPT][WIN100ms] ompt_id=2533274790395905 tid=85240  tipo=ompt_thread_worker     cpu= 16 numa=0  d_rm=     444  d_instr=1444192186  d_cyc= 371957163  d_all= 9295268  IPC=3.883  ratio_rm=0.0000
[OMPT][WIN100ms] ompt_id=2814749767106561 tid=85243  tipo=ompt_thread_worker     cpu= 48 numa=0  d_rm=     522  d_instr=1458966687  d_cyc= 372731261  d_all= 9434039  IPC=3.914  ratio_rm=0.0001
[OMPT][WIN100ms] ompt_id=3096224743817217 tid=85242  tipo=ompt_thread_worker     cpu= 56 numa=0  d_rm=     657  d_instr=1458336427  d_cyc= 372792530  d_all= 9412811  IPC=3.912  ratio_rm=0.0001
[OMPT][WIN100ms] ompt_id=3377699720527873 tid=85241  tipo=ompt_thread_worker     cpu= 79 numa=1  d_rm=     377  d_instr=1454420283  d_cyc= 371490522  d_all= 9380705  IPC=3.915  ratio_rm=0.0000
[OMPT][WIN100ms] ompt_id=3659174697238529 tid=85244  tipo=ompt_thread_worker     cpu= 95 numa=1  d_rm=     378  d_instr=1457967651  d_cyc= 372664661  d_all= 9417772  IPC=3.912  ratio_rm=0.0000
[OMPT][WIN100ms] ompt_id=3940649673949185 tid=85245  tipo=ompt_thread_worker     cpu= 13 numa=0  d_rm=     487  d_instr=1461836006  d_cyc= 373129292  d_all= 9450769  IPC=3.918  ratio_rm=0.0001
[OMPT][WIN100ms] ompt_id=4222124650659841 tid=85246  tipo=ompt_thread_worker     cpu=239 numa=1  d_rm=     325  d_instr=1454889241  d_cyc= 373204490  d_all= 9385043  IPC=3.898  ratio_rm=0.0000
[OMPT][WIN100ms] ompt_id=4503599627370497 tid=85247  tipo=ompt_thread_worker     cpu=103 numa=1  d_rm=     219  d_instr=1451874943  d_cyc= 372182574  d_all= 9378814  IPC=3.901  ratio_rm=0.0000
[OMPT] implicit_task_end: parallel_id=0 thread_num=0
[OMPT] parallel_end: parallel_id=281474976710959
[OMPT] parallel_begin: parallel_id=281474976710961 team_size=16
[OMPT] implicit_task_end: parallel_id=0 thread_num=12
[OMPT] implicit_task_end: parallel_id=0 thread_num=14
[OMPT] implicit_task_begin: parallel_id=281474976710961 thread_num=12 team_size=16
[OMPT] implicit_task_end: parallel_id=0 thread_num=3
[OMPT] implicit_task_begin: parallel_id=281474976710961 thread_num=14 team_size=16
[OMPT] implicit_task_begin: parallel_id=281474976710961 thread_num=3 team_size=16
[OMPT] implicit_task_end: parallel_id=0 thread_num=4
[OMPT] implicit_task_end: parallel_id=0 thread_num=7
[OMPT] implicit_task_end: parallel_id=0 thread_num=2
[OMPT] implicit_task_begin: parallel_id=281474976710961 thread_num=0 team_size=16
[OMPT] implicit_task_begin: parallel_id=281474976710961 thread_num=7 team_size=16
[OMPT] implicit_task_end: parallel_id=0 thread_num=15
[OMPT] implicit_task_end: parallel_id=0 thread_num=13
[OMPT] implicit_task_begin: parallel_id=281474976710961 thread_num=15 team_size=16
[OMPT] implicit_task_end: parallel_id=0 thread_num=8
[OMPT] implicit_task_end: parallel_id=0 thread_num=10
[OMPT] implicit_task_end: parallel_id=0 thread_num=6
[OMPT] implicit_task_end: parallel_id=0 thread_num=5
[OMPT] implicit_task_end: parallel_id=0 thread_num=1
[OMPT] implicit_task_begin: parallel_id=281474976710961 thread_num=5 team_size=16
[OMPT] implicit_task_begin: parallel_id=281474976710961 thread_num=2 team_size=16
[OMPT] implicit_task_begin: parallel_id=281474976710961 thread_num=1 team_size=16
[OMPT] implicit_task_begin: parallel_id=281474976710961 thread_num=13 team_size=16
[OMPT] implicit_task_end: parallel_id=0 thread_num=11
[OMPT] implicit_task_end: parallel_id=0 thread_num=9
[OMPT] implicit_task_begin: parallel_id=281474976710961 thread_num=8 team_size=16
[OMPT] implicit_task_begin: parallel_id=281474976710961 thread_num=9 team_size=16
[OMPT] implicit_task_begin: parallel_id=281474976710961 thread_num=10 team_size=16
[OMPT] implicit_task_begin: parallel_id=281474976710961 thread_num=6 team_size=16
[OMPT] implicit_task_begin: parallel_id=281474976710961 thread_num=11 team_size=16
[OMPT] implicit_task_begin: parallel_id=281474976710961 thread_num=4 team_size=16
[OMPT][WIN100ms] ompt_id=281474976710657 tid=85231  tipo=ompt_thread_initial    cpu=  1 numa=0  d_rm=     147  d_instr=1466967841  d_cyc= 374354903  d_all= 9488221  IPC=3.919  ratio_rm=0.0000
[OMPT][WIN100ms] ompt_id=562949953421313 tid=85233  tipo=ompt_thread_worker     cpu= 41 numa=0  d_rm=     173  d_instr=1470404814  d_cyc= 373479146  d_all= 9499412  IPC=3.937  ratio_rm=0.0000
[OMPT][WIN100ms] ompt_id=844424930131969 tid=85234  tipo=ompt_thread_worker     cpu=120 numa=1  d_rm=     239  d_instr=1467765027  d_cyc= 373274301  d_all= 9485259  IPC=3.932  ratio_rm=0.0000
[OMPT][WIN100ms] ompt_id=1125899906842625 tid=85235  tipo=ompt_thread_worker     cpu= 32 numa=0  d_rm=     318  d_instr=1474365367  d_cyc= 374124575  d_all= 9526524  IPC=3.941  ratio_rm=0.0000
[OMPT][WIN100ms] ompt_id=1407374883553281 tid=85236  tipo=ompt_thread_worker     cpu=104 numa=1  d_rm=     175  d_instr=1469639213  d_cyc= 372533164  d_all= 9501779  IPC=3.945  ratio_rm=0.0000
[OMPT][WIN100ms] ompt_id=1688849860263937 tid=85237  tipo=ompt_thread_worker     cpu= 64 numa=1  d_rm=      99  d_instr=1472215160  d_cyc= 373562324  d_all= 9508814  IPC=3.941  ratio_rm=0.0000
[OMPT][WIN100ms] ompt_id=1970324836974593 tid=85238  tipo=ompt_thread_worker     cpu= 81 numa=1  d_rm=     116  d_instr=1472050401  d_cyc= 372844819  d_all= 9509326  IPC=3.948  ratio_rm=0.0000
[OMPT][WIN100ms] ompt_id=2251799813685249 tid=85239  tipo=ompt_thread_worker     cpu=247 numa=1  d_rm=     123  d_instr=1475822862  d_cyc= 374042658  d_all= 9529135  IPC=3.946  ratio_rm=0.0000
[OMPT][WIN100ms] ompt_id=2533274790395905 tid=85240  tipo=ompt_thread_worker     cpu= 16 numa=0  d_rm=     393  d_instr=1469288300  d_cyc= 373159536  d_all= 9506740  IPC=3.937  ratio_rm=0.0000
[OMPT][WIN100ms] ompt_id=2814749767106561 tid=85243  tipo=ompt_thread_worker     cpu= 48 numa=0  d_rm=     220  d_instr=1469842261  d_cyc= 373661229  d_all= 9512660  IPC=3.934  ratio_rm=0.0000
[OMPT][WIN100ms] ompt_id=3096224743817217 tid=85242  tipo=ompt_thread_worker     cpu= 56 numa=0  d_rm=     338  d_instr=1467472736  d_cyc= 373745687  d_all= 9498219  IPC=3.926  ratio_rm=0.0000
[OMPT][WIN100ms] ompt_id=3377699720527873 tid=85241  tipo=ompt_thread_worker     cpu= 79 numa=1  d_rm=     309  d_instr=1474716166  d_cyc= 373543046  d_all= 9530962  IPC=3.948  ratio_rm=0.0000
[OMPT][WIN100ms] ompt_id=3659174697238529 tid=85244  tipo=ompt_thread_worker     cpu= 95 numa=1  d_rm=     167  d_instr=1466941980  d_cyc= 373783211  d_all= 9495598  IPC=3.925  ratio_rm=0.0000
[OMPT][WIN100ms] ompt_id=3940649673949185 tid=85245  tipo=ompt_thread_worker     cpu= 13 numa=0  d_rm=     255  d_instr=1468853806  d_cyc= 373236182  d_all= 9508068  IPC=3.935  ratio_rm=0.0000
[OMPT][WIN100ms] ompt_id=4222124650659841 tid=85246  tipo=ompt_thread_worker     cpu=239 numa=1  d_rm=     217  d_instr=1474514868  d_cyc= 373813302  d_all= 9533633  IPC=3.945  ratio_rm=0.0000
[OMPT][WIN100ms] ompt_id=4503599627370497 tid=85247  tipo=ompt_thread_worker     cpu=103 numa=1  d_rm=     118  d_instr=1473024899  d_cyc= 373482697  d_all= 9545063  IPC=3.944  ratio_rm=0.0000
[OMPT] implicit_task_end: parallel_id=0 thread_num=0
[OMPT] parallel_end: parallel_id=281474976710961
[OMPT] parallel_begin: parallel_id=281474976710963 team_size=16
[OMPT] implicit_task_end: parallel_id=0 thread_num=12
[OMPT] implicit_task_end: parallel_id=0 thread_num=15
[OMPT] implicit_task_end: parallel_id=0 thread_num=4
[OMPT] implicit_task_end: parallel_id=0 thread_num=1
[OMPT] implicit_task_begin: parallel_id=281474976710963 thread_num=15 team_size=16
[OMPT] implicit_task_end: parallel_id=0 thread_num=3
[OMPT] implicit_task_begin: parallel_id=281474976710963 thread_num=4 team_size=16
[OMPT] implicit_task_end: parallel_id=0 thread_num=2
[OMPT] implicit_task_begin: parallel_id=281474976710963 thread_num=3 team_size=16
[OMPT] implicit_task_end: parallel_id=0 thread_num=8
[OMPT] implicit_task_end: parallel_id=0 thread_num=11
[OMPT] implicit_task_begin: parallel_id=281474976710963 thread_num=8 team_size=16
[OMPT] implicit_task_end: parallel_id=0 thread_num=13
[OMPT] implicit_task_begin: parallel_id=281474976710963 thread_num=11 team_size=16
[OMPT] implicit_task_begin: parallel_id=281474976710963 thread_num=13 team_size=16
[OMPT] implicit_task_begin: parallel_id=281474976710963 thread_num=12 team_size=16
[OMPT] implicit_task_end: parallel_id=0 thread_num=5
[OMPT] implicit_task_end: parallel_id=0 thread_num=6
[OMPT] implicit_task_end: parallel_id=0 thread_num=7
[OMPT] implicit_task_begin: parallel_id=281474976710963 thread_num=0 team_size=16
[OMPT] implicit_task_begin: parallel_id=281474976710963 thread_num=1 team_size=16
[OMPT] implicit_task_begin: parallel_id=281474976710963 thread_num=7 team_size=16
[OMPT] implicit_task_end: parallel_id=0 thread_num=9
[OMPT] implicit_task_end: parallel_id=0 thread_num=10
[OMPT] implicit_task_begin: parallel_id=281474976710963 thread_num=2 team_size=16
[OMPT] implicit_task_end: parallel_id=0 thread_num=14
[OMPT] implicit_task_begin: parallel_id=281474976710963 thread_num=10 team_size=16
[OMPT] implicit_task_begin: parallel_id=281474976710963 thread_num=5 team_size=16
[OMPT] implicit_task_begin: parallel_id=281474976710963 thread_num=6 team_size=16
[OMPT] implicit_task_begin: parallel_id=281474976710963 thread_num=9 team_size=16
[OMPT] implicit_task_begin: parallel_id=281474976710963 thread_num=14 team_size=16
[OMPT][WIN100ms] ompt_id=281474976710657 tid=85231  tipo=ompt_thread_initial    cpu=  1 numa=0  d_rm=     215  d_instr=1461762626  d_cyc= 373715730  d_all= 9454932  IPC=3.911  ratio_rm=0.0000
[OMPT][WIN100ms] ompt_id=562949953421313 tid=85233  tipo=ompt_thread_worker     cpu= 41 numa=0  d_rm=     251  d_instr=1467019118  d_cyc= 373555677  d_all= 9472725  IPC=3.927  ratio_rm=0.0000
[OMPT][WIN100ms] ompt_id=844424930131969 tid=85234  tipo=ompt_thread_worker     cpu=120 numa=1  d_rm=     186  d_instr=1473464966  d_cyc= 372744044  d_all= 9503549  IPC=3.953  ratio_rm=0.0000
[OMPT][WIN100ms] ompt_id=1125899906842625 tid=85235  tipo=ompt_thread_worker     cpu= 32 numa=0  d_rm=     357  d_instr=1468727295  d_cyc= 374012181  d_all= 9478233  IPC=3.927  ratio_rm=0.0000
[OMPT][WIN100ms] ompt_id=1407374883553281 tid=85236  tipo=ompt_thread_worker     cpu=104 numa=1  d_rm=     173  d_instr=1470824996  d_cyc= 374064358  d_all= 9507551  IPC=3.932  ratio_rm=0.0000
[OMPT][WIN100ms] ompt_id=1688849860263937 tid=85237  tipo=ompt_thread_worker     cpu= 64 numa=1  d_rm=     108  d_instr=1468270221  d_cyc= 373132627  d_all= 9488132  IPC=3.935  ratio_rm=0.0000
[OMPT][WIN100ms] ompt_id=1970324836974593 tid=85238  tipo=ompt_thread_worker     cpu= 81 numa=1  d_rm=     104  d_instr=1470586401  d_cyc= 372832893  d_all= 9502715  IPC=3.944  ratio_rm=0.0000
[OMPT][WIN100ms] ompt_id=2251799813685249 tid=85239  tipo=ompt_thread_worker     cpu=247 numa=1  d_rm=     109  d_instr=1467967212  d_cyc= 373148966  d_all= 9487564  IPC=3.934  ratio_rm=0.0000
[OMPT][WIN100ms] ompt_id=2533274790395905 tid=85240  tipo=ompt_thread_worker     cpu= 16 numa=0  d_rm=     323  d_instr=1474181265  d_cyc= 373646617  d_all= 9529383  IPC=3.945  ratio_rm=0.0000
[OMPT][WIN100ms] ompt_id=2814749767106561 tid=85243  tipo=ompt_thread_worker     cpu= 48 numa=0  d_rm=     298  d_instr=1470995847  d_cyc= 374635432  d_all= 9537425  IPC=3.926  ratio_rm=0.0000
[OMPT][WIN100ms] ompt_id=3096224743817217 tid=85242  tipo=ompt_thread_worker     cpu= 56 numa=0  d_rm=     373  d_instr=1466282900  d_cyc= 373878920  d_all= 9495132  IPC=3.922  ratio_rm=0.0000
[OMPT][WIN100ms] ompt_id=3377699720527873 tid=85241  tipo=ompt_thread_worker     cpu= 79 numa=1  d_rm=     246  d_instr=1465386701  d_cyc= 373350671  d_all= 9478216  IPC=3.925  ratio_rm=0.0000
[OMPT][WIN100ms] ompt_id=3659174697238529 tid=85244  tipo=ompt_thread_worker     cpu= 95 numa=1  d_rm=     197  d_instr=1468898364  d_cyc= 373441952  d_all= 9513225  IPC=3.933  ratio_rm=0.0000
[OMPT][WIN100ms] ompt_id=3940649673949185 tid=85245  tipo=ompt_thread_worker     cpu= 13 numa=0  d_rm=     277  d_instr=1468221098  d_cyc= 373941882  d_all= 9500213  IPC=3.926  ratio_rm=0.0000
[OMPT][WIN100ms] ompt_id=4222124650659841 tid=85246  tipo=ompt_thread_worker     cpu=239 numa=1  d_rm=     166  d_instr=1459081005  d_cyc= 372566728  d_all= 9431445  IPC=3.916  ratio_rm=0.0000
[OMPT][WIN100ms] ompt_id=4503599627370497 tid=85247  tipo=ompt_thread_worker     cpu=103 numa=1  d_rm=     109  d_instr=1472659771  d_cyc= 373954727  d_all= 9525433  IPC=3.938  ratio_rm=0.0000
[OMPT] implicit_task_end: parallel_id=0 thread_num=0
[OMPT] parallel_end: parallel_id=281474976710963
[OMPT] parallel_begin: parallel_id=281474976710965 team_size=16
[OMPT] implicit_task_end: parallel_id=0 thread_num=12
[OMPT] implicit_task_end: parallel_id=0 thread_num=14
[OMPT] implicit_task_begin: parallel_id=281474976710965 thread_num=12 team_size=16
[OMPT] implicit_task_end: parallel_id=0 thread_num=4
[OMPT] implicit_task_end: parallel_id=0 thread_num=5
[OMPT] implicit_task_begin: parallel_id=281474976710965 thread_num=0 team_size=16
[OMPT] implicit_task_begin: parallel_id=281474976710965 thread_num=5 team_size=16
[OMPT] implicit_task_end: parallel_id=0 thread_num=3
[OMPT] implicit_task_begin: parallel_id=281474976710965 thread_num=3 team_size=16
[OMPT] implicit_task_end: parallel_id=0 thread_num=13
[OMPT] implicit_task_begin: parallel_id=281474976710965 thread_num=13 team_size=16
[OMPT] implicit_task_end: parallel_id=0 thread_num=15
[OMPT] implicit_task_end: parallel_id=0 thread_num=8
[OMPT] implicit_task_begin: parallel_id=281474976710965 thread_num=15 team_size=16
[OMPT] implicit_task_end: parallel_id=0 thread_num=11
[OMPT] implicit_task_end: parallel_id=0 thread_num=7
[OMPT] implicit_task_begin: parallel_id=281474976710965 thread_num=11 team_size=16
[OMPT] implicit_task_end: parallel_id=0 thread_num=1
[OMPT] implicit_task_begin: parallel_id=281474976710965 thread_num=4 team_size=16
[OMPT] implicit_task_end: parallel_id=0 thread_num=2
[OMPT] implicit_task_end: parallel_id=0 thread_num=10
[OMPT] implicit_task_begin: parallel_id=281474976710965 thread_num=2 team_size=16
[OMPT] implicit_task_end: parallel_id=0 thread_num=9
[OMPT] implicit_task_begin: parallel_id=281474976710965 thread_num=8 team_size=16
[OMPT] implicit_task_begin: parallel_id=281474976710965 thread_num=9 team_size=16
[OMPT] implicit_task_begin: parallel_id=281474976710965 thread_num=14 team_size=16
[OMPT] implicit_task_begin: parallel_id=281474976710965 thread_num=7 team_size=16
[OMPT] implicit_task_begin: parallel_id=281474976710965 thread_num=1 team_size=16
[OMPT] implicit_task_begin: parallel_id=281474976710965 thread_num=10 team_size=16
[OMPT] implicit_task_end: parallel_id=0 thread_num=6
[OMPT] implicit_task_begin: parallel_id=281474976710965 thread_num=6 team_size=16
[OMPT][WIN100ms] ompt_id=281474976710657 tid=85231  tipo=ompt_thread_initial    cpu=  1 numa=0  d_rm=     144  d_instr=1468911742  d_cyc= 374655408  d_all= 9500688  IPC=3.921  ratio_rm=0.0000
[OMPT][WIN100ms] ompt_id=562949953421313 tid=85233  tipo=ompt_thread_worker     cpu= 41 numa=0  d_rm=     199  d_instr=1472595343  d_cyc= 373440221  d_all= 9520276  IPC=3.943  ratio_rm=0.0000
[OMPT][WIN100ms] ompt_id=844424930131969 tid=85234  tipo=ompt_thread_worker     cpu=120 numa=1  d_rm=     202  d_instr=1464423935  d_cyc= 373217629  d_all= 9470406  IPC=3.924  ratio_rm=0.0000
[OMPT][WIN100ms] ompt_id=1125899906842625 tid=85235  tipo=ompt_thread_worker     cpu= 32 numa=0  d_rm=     276  d_instr=1476028695  d_cyc= 374150473  d_all= 9543987  IPC=3.945  ratio_rm=0.0000
[OMPT][WIN100ms] ompt_id=1407374883553281 tid=85236  tipo=ompt_thread_worker     cpu=104 numa=1  d_rm=     149  d_instr=1472219074  d_cyc= 373090452  d_all= 9518029  IPC=3.946  ratio_rm=0.0000
[OMPT][WIN100ms] ompt_id=1688849860263937 tid=85237  tipo=ompt_thread_worker     cpu= 64 numa=1  d_rm=      96  d_instr=1477034469  d_cyc= 374267837  d_all= 9546030  IPC=3.946  ratio_rm=0.0000
[OMPT][WIN100ms] ompt_id=1970324836974593 tid=85238  tipo=ompt_thread_worker     cpu= 81 numa=1  d_rm=     107  d_instr=1467290277  d_cyc= 372439558  d_all= 9488502  IPC=3.940  ratio_rm=0.0000
[OMPT][WIN100ms] ompt_id=2251799813685249 tid=85239  tipo=ompt_thread_worker     cpu=247 numa=1  d_rm=     126  d_instr=1471104978  d_cyc= 372896827  d_all= 9507381  IPC=3.945  ratio_rm=0.0000
[OMPT][WIN100ms] ompt_id=2533274790395905 tid=85240  tipo=ompt_thread_worker     cpu= 16 numa=0  d_rm=     226  d_instr=1471298801  d_cyc= 372949194  d_all= 9516724  IPC=3.945  ratio_rm=0.0000
[OMPT][WIN100ms] ompt_id=2814749767106561 tid=85243  tipo=ompt_thread_worker     cpu= 48 numa=0  d_rm=     218  d_instr=1470670054  d_cyc= 374498948  d_all= 9522446  IPC=3.927  ratio_rm=0.0000
[OMPT][WIN100ms] ompt_id=3096224743817217 tid=85242  tipo=ompt_thread_worker     cpu= 56 numa=0  d_rm=     317  d_instr=1474275993  d_cyc= 373969570  d_all= 9545607  IPC=3.942  ratio_rm=0.0000
[OMPT][WIN100ms] ompt_id=3377699720527873 tid=85241  tipo=ompt_thread_worker     cpu= 79 numa=1  d_rm=     230  d_instr=1470767061  d_cyc= 373937368  d_all= 9522908  IPC=3.933  ratio_rm=0.0000
[OMPT][WIN100ms] ompt_id=3659174697238529 tid=85244  tipo=ompt_thread_worker     cpu= 95 numa=1  d_rm=     179  d_instr=1473827957  d_cyc= 374074316  d_all= 9533798  IPC=3.940  ratio_rm=0.0000
[OMPT][WIN100ms] ompt_id=3940649673949185 tid=85245  tipo=ompt_thread_worker     cpu= 13 numa=0  d_rm=     222  d_instr=1474104338  d_cyc= 374169449  d_all= 9546368  IPC=3.940  ratio_rm=0.0000
[OMPT][WIN100ms] ompt_id=4222124650659841 tid=85246  tipo=ompt_thread_worker     cpu=239 numa=1  d_rm=     185  d_instr=1473320820  d_cyc= 372968674  d_all= 9529436  IPC=3.950  ratio_rm=0.0000
[OMPT][WIN100ms] ompt_id=4503599627370497 tid=85247  tipo=ompt_thread_worker     cpu=103 numa=1  d_rm=     110  d_instr=1471340083  d_cyc= 373240415  d_all= 9509731  IPC=3.942  ratio_rm=0.0000
[OMPT] implicit_task_end: parallel_id=0 thread_num=0
[OMPT] parallel_end: parallel_id=281474976710965
[OMPT] parallel_begin: parallel_id=281474976710967 team_size=16
[OMPT] implicit_task_end: parallel_id=0 thread_num=12
[OMPT] implicit_task_end: parallel_id=0 thread_num=14
[OMPT] implicit_task_begin: parallel_id=281474976710967 thread_num=12 team_size=16
[OMPT] implicit_task_end: parallel_id=0 thread_num=3
[OMPT] implicit_task_begin: parallel_id=281474976710967 thread_num=14 team_size=16
[OMPT] implicit_task_end: parallel_id=0 thread_num=1
[OMPT] implicit_task_begin: parallel_id=281474976710967 thread_num=0 team_size=16
[OMPT] implicit_task_begin: parallel_id=281474976710967 thread_num=1 team_size=16
[OMPT] implicit_task_end: parallel_id=0 thread_num=4
[OMPT] implicit_task_end: parallel_id=0 thread_num=6
[OMPT] implicit_task_end: parallel_id=0 thread_num=2
[OMPT] implicit_task_end: parallel_id=0 thread_num=13
[OMPT] implicit_task_end: parallel_id=0 thread_num=15
[OMPT] implicit_task_begin: parallel_id=281474976710967 thread_num=13 team_size=16
[OMPT] implicit_task_begin: parallel_id=281474976710967 thread_num=3 team_size=16
[OMPT] implicit_task_end: parallel_id=0 thread_num=7
[OMPT] implicit_task_end: parallel_id=0 thread_num=5
[OMPT] implicit_task_begin: parallel_id=281474976710967 thread_num=4 team_size=16
[OMPT] implicit_task_begin: parallel_id=281474976710967 thread_num=5 team_size=16
[OMPT] implicit_task_begin: parallel_id=281474976710967 thread_num=6 team_size=16
[OMPT] implicit_task_end: parallel_id=0 thread_num=8
[OMPT] implicit_task_end: parallel_id=0 thread_num=11
[OMPT] implicit_task_begin: parallel_id=281474976710967 thread_num=15 team_size=16
[OMPT] implicit_task_begin: parallel_id=281474976710967 thread_num=11 team_size=16
[OMPT] implicit_task_end: parallel_id=0 thread_num=10
[OMPT] implicit_task_end: parallel_id=0 thread_num=9
[OMPT] implicit_task_begin: parallel_id=281474976710967 thread_num=2 team_size=16
[OMPT] implicit_task_begin: parallel_id=281474976710967 thread_num=8 team_size=16
[OMPT] implicit_task_begin: parallel_id=281474976710967 thread_num=7 team_size=16
[OMPT] implicit_task_begin: parallel_id=281474976710967 thread_num=10 team_size=16
[OMPT] implicit_task_begin: parallel_id=281474976710967 thread_num=9 team_size=16
[OMPT][WIN100ms] ompt_id=281474976710657 tid=85231  tipo=ompt_thread_initial    cpu=  1 numa=0  d_rm=     156  d_instr=1461106008  d_cyc= 374591015  d_all= 9464318  IPC=3.901  ratio_rm=0.0000
[OMPT][WIN100ms] ompt_id=562949953421313 tid=85233  tipo=ompt_thread_worker     cpu= 41 numa=0  d_rm=     203  d_instr=1470498858  d_cyc= 373993253  d_all= 9497475  IPC=3.932  ratio_rm=0.0000
[OMPT][WIN100ms] ompt_id=844424930131969 tid=85234  tipo=ompt_thread_worker     cpu=120 numa=1  d_rm=     190  d_instr=1466821486  d_cyc= 372626759  d_all= 9482856  IPC=3.936  ratio_rm=0.0000
[OMPT][WIN100ms] ompt_id=1125899906842625 tid=85235  tipo=ompt_thread_worker     cpu= 32 numa=0  d_rm=     274  d_instr=1464491482  d_cyc= 373549176  d_all= 9460448  IPC=3.920  ratio_rm=0.0000
[OMPT][WIN100ms] ompt_id=1407374883553281 tid=85236  tipo=ompt_thread_worker     cpu=104 numa=1  d_rm=     136  d_instr=1467540407  d_cyc= 372827256  d_all= 9485340  IPC=3.936  ratio_rm=0.0000
[OMPT][WIN100ms] ompt_id=1688849860263937 tid=85237  tipo=ompt_thread_worker     cpu= 64 numa=1  d_rm=      99  d_instr=1462179986  d_cyc= 373215516  d_all= 9452975  IPC=3.918  ratio_rm=0.0000
[OMPT][WIN100ms] ompt_id=1970324836974593 tid=85238  tipo=ompt_thread_worker     cpu= 81 numa=1  d_rm=     119  d_instr=1470162271  d_cyc= 373312828  d_all= 9507564  IPC=3.938  ratio_rm=0.0000
[OMPT][WIN100ms] ompt_id=2251799813685249 tid=85239  tipo=ompt_thread_worker     cpu=247 numa=1  d_rm=     127  d_instr=1469847229  d_cyc= 372846126  d_all= 9504869  IPC=3.942  ratio_rm=0.0000
[OMPT][WIN100ms] ompt_id=2533274790395905 tid=85240  tipo=ompt_thread_worker     cpu= 16 numa=0  d_rm=     233  d_instr=1464256973  d_cyc= 372612035  d_all= 9466527  IPC=3.930  ratio_rm=0.0000
[OMPT][WIN100ms] ompt_id=2814749767106561 tid=85243  tipo=ompt_thread_worker     cpu= 48 numa=0  d_rm=     249  d_instr=1459944169  d_cyc= 374399838  d_all= 9442005  IPC=3.899  ratio_rm=0.0000
[OMPT][WIN100ms] ompt_id=3096224743817217 tid=85242  tipo=ompt_thread_worker     cpu= 56 numa=0  d_rm=     327  d_instr=1462972788  d_cyc= 373673342  d_all= 9460697  IPC=3.915  ratio_rm=0.0000
[OMPT][WIN100ms] ompt_id=3377699720527873 tid=85241  tipo=ompt_thread_worker     cpu= 79 numa=1  d_rm=     267  d_instr=1465609991  d_cyc= 373694700  d_all= 9477850  IPC=3.922  ratio_rm=0.0000
[OMPT][WIN100ms] ompt_id=3659174697238529 tid=85244  tipo=ompt_thread_worker     cpu= 95 numa=1  d_rm=     165  d_instr=1463057506  d_cyc= 373884735  d_all= 9469037  IPC=3.913  ratio_rm=0.0000
[OMPT][WIN100ms] ompt_id=3940649673949185 tid=85245  tipo=ompt_thread_worker     cpu= 13 numa=0  d_rm=     229  d_instr=1465739874  d_cyc= 373809172  d_all= 9479305  IPC=3.921  ratio_rm=0.0000
[OMPT][WIN100ms] ompt_id=4222124650659841 tid=85246  tipo=ompt_thread_worker     cpu=239 numa=1  d_rm=     199  d_instr=1476286971  d_cyc= 373925597  d_all= 9543799  IPC=3.948  ratio_rm=0.0000
[OMPT][WIN100ms] ompt_id=4503599627370497 tid=85247  tipo=ompt_thread_worker     cpu=103 numa=1  d_rm=     126  d_instr=1469538211  d_cyc= 372614182  d_all= 9486868  IPC=3.944  ratio_rm=0.0000
[OMPT] implicit_task_end: parallel_id=0 thread_num=0
[OMPT] parallel_end: parallel_id=281474976710967
[OMPT] control_tool: PAUSANDO medicion
[OMPT] implicit_task_end: parallel_id=0 thread_num=1
[OMPT] thread_end: ompt_id=281474976710657 tid=85231 cpu=1
[OMPT] implicit_task_end: parallel_id=0 thread_num=13
[OMPT] implicit_task_end: parallel_id=0 thread_num=15
[OMPT] implicit_task_end: parallel_id=0 thread_num=3
[OMPT] thread_end: ompt_id=1125899906842625 tid=85235 cpu=32
[OMPT] implicit_task_end: parallel_id=0 thread_num=10
[OMPT] thread_end: ompt_id=3096224743817217 tid=85242 cpu=56
[OMPT] implicit_task_end: parallel_id=0 thread_num=11
[OMPT] thread_end: ompt_id=2814749767106561 tid=85243 cpu=48
[OMPT] implicit_task_end: parallel_id=0 thread_num=12
[OMPT] thread_end: ompt_id=3659174697238529 tid=85244 cpu=95
[OMPT] implicit_task_end: parallel_id=0 thread_num=6
[OMPT] thread_end: ompt_id=1970324836974593 tid=85238 cpu=81
[OMPT] implicit_task_end: parallel_id=0 thread_num=5
[OMPT] thread_end: ompt_id=1688849860263937 tid=85237 cpu=64
[OMPT] implicit_task_end: parallel_id=0 thread_num=1
[OMPT] thread_end: ompt_id=562949953421313 tid=85233 cpu=41
[OMPT] implicit_task_end: parallel_id=0 thread_num=14
[OMPT] thread_end: ompt_id=4222124650659841 tid=85246 cpu=239
[OMPT] implicit_task_end: parallel_id=0 thread_num=4
[OMPT] thread_end: ompt_id=1407374883553281 tid=85236 cpu=104
[OMPT] implicit_task_end: parallel_id=0 thread_num=9
[OMPT] thread_end: ompt_id=3377699720527873 tid=85241 cpu=79
[OMPT] implicit_task_end: parallel_id=0 thread_num=2
[OMPT] thread_end: ompt_id=844424930131969 tid=85234 cpu=120
[OMPT] implicit_task_end: parallel_id=0 thread_num=7
[OMPT] thread_end: ompt_id=2251799813685249 tid=85239 cpu=247
[OMPT] thread_end: ompt_id=3940649673949185 tid=85245 cpu=13
[OMPT] thread_end: ompt_id=4503599627370497 tid=85247 cpu=103
[OMPT] implicit_task_end: parallel_id=0 thread_num=8
[OMPT] thread_end: ompt_id=2533274790395905 tid=85240 cpu=16
[OMPT] ompt_finalize
[OMPT][MON] Monitor detenido
[OMPT] ===== Tabla final: 16 hilos =====
[OMPT] tid=85231  ompt_id=281474976710657 tipo=ompt_thread_initial    last_cpu=  1 numa=0 migraciones=0 perf=abierto
        remote_fills=577429  instr=202121603405  ipc=3.904
[OMPT] tid=85233  ompt_id=562949953421313 tipo=ompt_thread_worker     last_cpu= 41 numa=0 migraciones=0 perf=abierto
        remote_fills=166604  instr=202499270819  ipc=3.911
[OMPT] tid=85234  ompt_id=844424930131969 tipo=ompt_thread_worker     last_cpu=120 numa=1 migraciones=0 perf=abierto
        remote_fills=16310  instr=202618860142  ipc=3.909
[OMPT] tid=85235  ompt_id=1125899906842625 tipo=ompt_thread_worker     last_cpu= 32 numa=0 migraciones=0 perf=abierto
        remote_fills=53469  instr=202593426018  ipc=3.906
[OMPT] tid=85236  ompt_id=1407374883553281 tipo=ompt_thread_worker     last_cpu=104 numa=1 migraciones=0 perf=abierto
        remote_fills=11264  instr=202655344826  ipc=3.909
[OMPT] tid=85237  ompt_id=1688849860263937 tipo=ompt_thread_worker     last_cpu= 64 numa=1 migraciones=0 perf=abierto
        remote_fills=6882  instr=202658151366  ipc=3.907
[OMPT] tid=85238  ompt_id=1970324836974593 tipo=ompt_thread_worker     last_cpu= 81 numa=1 migraciones=0 perf=abierto
        remote_fills=7681  instr=202670382721  ipc=3.911
[OMPT] tid=85239  ompt_id=2251799813685249 tipo=ompt_thread_worker     last_cpu=247 numa=1 migraciones=0 perf=abierto
        remote_fills=8675  instr=202719891446  ipc=3.909
[OMPT] tid=85240  ompt_id=2533274790395905 tipo=ompt_thread_worker     last_cpu= 16 numa=0 migraciones=0 perf=abierto
        remote_fills=249020  instr=202531448885  ipc=3.911
[OMPT] tid=85243  ompt_id=2814749767106561 tipo=ompt_thread_worker     last_cpu= 48 numa=0 migraciones=0 perf=abierto
        remote_fills=198408  instr=202496621870  ipc=3.907
[OMPT] tid=85242  ompt_id=3096224743817217 tipo=ompt_thread_worker     last_cpu= 56 numa=0 migraciones=0 perf=abierto
        remote_fills=104386  instr=202495652921  ipc=3.908
[OMPT] tid=85241  ompt_id=3377699720527873 tipo=ompt_thread_worker     last_cpu= 79 numa=1 migraciones=0 perf=abierto
        remote_fills=21277  instr=202631458461  ipc=3.906
[OMPT] tid=85244  ompt_id=3659174697238529 tipo=ompt_thread_worker     last_cpu= 95 numa=1 migraciones=0 perf=abierto
        remote_fills=18722  instr=202603042236  ipc=3.906
[OMPT] tid=85245  ompt_id=3940649673949185 tipo=ompt_thread_worker     last_cpu= 13 numa=0 migraciones=0 perf=abierto
        remote_fills=46709  instr=202532291176  ipc=3.903
[OMPT] tid=85246  ompt_id=4222124650659841 tipo=ompt_thread_worker     last_cpu=239 numa=1 migraciones=0 perf=abierto
        remote_fills=16462  instr=202678142226  ipc=3.907
[OMPT] tid=85247  ompt_id=4503599627370497 tipo=ompt_thread_worker     last_cpu=103 numa=1 migraciones=0 perf=abierto
        remote_fills=8073  instr=202683142438  ipc=3.910
