0.100113430,56039,,rD044,48618310,100.00,,
0.100113430,955142,,rFF44,48623540,100.00,,
0.100113430,588779044,,instructions,48627980,100.00,3.39,insn per cycle
0.100113430,173861628,,cycles,48632730,100.00,,
0.200333971,33461,,rD044,55427827,100.00,,
0.200333971,808907,,rFF44,55422597,100.00,,
0.200333971,825752601,,instructions,55418157,100.00,4.09,insn per cycle
0.200333971,201916686,,cycles,55413407,100.00,,
0.300512321,34247,,rD044,52840708,100.00,,
0.300512321,787723,,rFF44,52846338,100.00,,
0.300512321,776943715,,instructions,52851428,100.00,4.05,insn per cycle
0.300512321,191714639,,cycles,52855838,100.00,,
0.400695102,34713,,rD044,54626910,100.00,,
0.400695102,804897,,rFF44,54627700,100.00,,
0.400695102,814364066,,instructions,54622610,100.00,4.10,insn per cycle
0.400695102,198574716,,cycles,54618200,100.00,,
0.500874263,34556,,rD044,55492998,100.00,,
0.500874263,790979,,rFF44,55492898,100.00,,
0.500874263,825631257,,instructions,55498108,100.00,4.09,insn per cycle
0.500874263,201944666,,cycles,55503408,100.00,,
0.601059453,34926,,rD044,52972596,100.00,,
0.601059453,801467,,rFF44,52972316,100.00,,
0.601059453,776194758,,instructions,52971916,100.00,4.04,insn per cycle
0.601059453,192155231,,cycles,52971236,100.00,,
0.701241984,34428,,rD044,54666028,100.00,,
0.701241984,797238,,rFF44,54659988,100.00,,
0.701241984,807988939,,instructions,54655178,100.00,4.07,insn per cycle
0.701241984,198695698,,cycles,54650558,100.00,,
0.801416064,34502,,rD044,54963067,100.00,,
0.801416064,796290,,rFF44,54968777,100.00,,
0.801416064,815135606,,instructions,54974457,100.00,4.08,insn per cycle
0.801416064,200004083,,cycles,54979447,100.00,,
0.901606675,35045,,rD044,52981386,100.00,,
0.901606675,817562,,rFF44,52981546,100.00,,
0.901606675,778578696,,instructions,52981366,100.00,4.05,insn per cycle
0.901606675,192191974,,cycles,52980406,100.00,,
1.001787535,34687,,rD044,55503691,100.00,,
1.001787535,792174,,rFF44,55497821,100.00,,
1.001787535,829486435,,instructions,55492321,100.00,4.11,insn per cycle
1.001787535,201984652,,cycles,55488291,100.00,,
1.101957815,4206,,rD044,54311805,100.00,,
1.101957815,759448,,rFF44,54317505,100.00,,
1.101957815,806123289,,instructions,54322245,100.00,4.08,insn per cycle
1.101957815,197361664,,cycles,54326695,100.00,,
1.202142516,34547,,rD044,52871968,100.00,,
1.202142516,793213,,rFF44,52866268,100.00,,
1.202142516,774779409,,instructions,52861528,100.00,4.04,insn per cycle
1.202142516,191733799,,cycles,52865308,100.00,,
1.302368727,34760,,rD044,55778157,100.00,,
1.302368727,800891,,rFF44,55778157,100.00,,
1.302368727,827580622,,instructions,55778157,100.00,4.08,insn per cycle
1.302368727,203080012,,cycles,55769927,100.00,,
1.402534567,35643,,rD044,54202296,100.00,,
1.402534567,817742,,rFF44,54207986,100.00,,
1.402534567,799922145,,instructions,54213616,100.00,4.06,insn per cycle
1.402534567,196924351,,cycles,54218366,100.00,,
1.502716548,35226,,rD044,52727408,100.00,,
1.502716548,816708,,rFF44,52727728,100.00,,
1.502716548,781386579,,instructions,52727378,100.00,4.09,insn per cycle
1.502716548,191211986,,cycles,52727418,100.00,,
1.602897549,34703,,rD044,52798771,100.00,,
1.602897549,810830,,rFF44,52799161,100.00,,
1.602897549,779240703,,instructions,52798891,100.00,4.07,insn per cycle
1.602897549,191498654,,cycles,52798911,100.00,,
1.703076129,34894,,rD044,52727069,100.00,,
1.703076129,769776,,rFF44,52726809,100.00,,
1.703076129,779603830,,instructions,52727269,100.00,4.08,insn per cycle
1.703076129,191191616,,cycles,52727089,100.00,,
1.803265170,34623,,rD044,52902288,100.00,,
1.803265170,803484,,rFF44,52903168,100.00,,
1.803265170,776613146,,instructions,52902828,100.00,4.05,insn per cycle
1.803265170,191886114,,cycles,52902608,100.00,,
1.903452940,35543,,rD044,53707148,100.00,,
1.903452940,813934,,rFF44,53700128,100.00,,
1.903452940,796957119,,instructions,53694998,100.00,4.09,insn per cycle
1.903452940,195043613,,cycles,53690588,100.00,,
2.003625501,34799,,rD044,53850390,100.00,,
2.003625501,829597,,rFF44,53850390,100.00,,
2.003625501,799961921,,instructions,53850390,100.00,4.09,insn per cycle
2.003625501,195556182,,cycles,53850390,100.00,,
2.103797751,35221,,rD044,53888543,100.00,,
2.103797751,840132,,rFF44,53888543,100.00,,
2.103797751,795885008,,instructions,53888543,100.00,4.07,insn per cycle
2.103797751,195694065,,cycles,53888543,100.00,,
2.203970551,4366,,rD044,53582927,100.00,,
2.203970551,793912,,rFF44,53582927,100.00,,
2.203970551,795281736,,instructions,53582927,100.00,4.09,insn per cycle
2.203970551,194523619,,cycles,53582927,100.00,,
2.304142922,35184,,rD044,53337418,100.00,,
2.304142922,820595,,rFF44,53343488,100.00,,
2.304142922,781951103,,instructions,53348988,100.00,4.04,insn per cycle
2.304142922,193590247,,cycles,53353528,100.00,,
2.404345293,34968,,rD044,52779150,100.00,,
2.404345293,813483,,rFF44,52778760,100.00,,
2.404345293,777943864,,instructions,52778860,100.00,4.06,insn per cycle
2.404345293,191390573,,cycles,52779590,100.00,,
2.504529523,35039,,rD044,52793636,100.00,,
2.504529523,828335,,rFF44,52793766,100.00,,
2.504529523,779517172,,instructions,52793126,100.00,4.07,insn per cycle
2.504529523,191454609,,cycles,52792176,100.00,,
2.604714744,35389,,rD044,52928166,100.00,,
2.604714744,803512,,rFF44,52928236,100.00,,
2.604714744,778654025,,instructions,52928106,100.00,4.06,insn per cycle
2.604714744,191974109,,cycles,52929136,100.00,,
2.704901554,34706,,rD044,53575794,100.00,,
2.704901554,838810,,rFF44,53569914,100.00,,
2.704901554,783487874,,instructions,53565084,100.00,4.03,insn per cycle
2.704901554,194435403,,cycles,53559734,100.00,,
2.805074305,34941,,rD044,53940754,100.00,,
2.805074305,824890,,rFF44,53940754,100.00,,
2.805074305,795824637,,instructions,53940754,100.00,4.06,insn per cycle
2.805074305,195934594,,cycles,53940754,100.00,,
2.905251005,34776,,rD044,53858674,100.00,,
2.905251005,822159,,rFF44,53858674,100.00,,
2.905251005,797905279,,instructions,53858674,100.00,4.08,insn per cycle
2.905251005,195561076,,cycles,53858674,100.00,,
3.005420285,35198,,rD044,53555318,100.00,,
3.005420285,824443,,rFF44,53555318,100.00,,
3.005420285,789909136,,instructions,53555318,100.00,4.06,insn per cycle
3.005420285,194477413,,cycles,53555318,100.00,,
3.105590296,4267,,rD044,53161455,100.00,,
3.105590296,794437,,rFF44,53167275,100.00,,
3.105590296,772214545,,instructions,53172055,100.00,4.00,insn per cycle
3.105590296,192875899,,cycles,53176335,100.00,,
3.205772556,35067,,rD044,52795947,100.00,,
3.205772556,837473,,rFF44,52795957,100.00,,
3.205772556,762959893,,instructions,52796477,100.00,3.98,insn per cycle
3.205772556,191491562,,cycles,52796677,100.00,,
3.305956177,35171,,rD044,52908103,100.00,,
3.305956177,843131,,rFF44,52907873,100.00,,
3.305956177,779515221,,instructions,52907763,100.00,4.06,insn per cycle
3.305956177,191873374,,cycles,52909153,100.00,,
3.406141678,34843,,rD044,52972862,100.00,,
3.406141678,827963,,rFF44,52973422,100.00,,
3.406141678,772741358,,instructions,52973242,100.00,4.02,insn per cycle
3.406141678,192109679,,cycles,52971992,100.00,,
3.506350279,34814,,rD044,52812550,100.00,,
3.506350279,791068,,rFF44,52812490,100.00,,
3.506350279,776492484,,instructions,52812660,100.00,4.05,insn per cycle
3.506350279,191519813,,cycles,52812380,100.00,,
3.606531259,35475,,rD044,52996847,100.00,,
3.606531259,833309,,rFF44,52996267,100.00,,
3.606531259,770220081,,instructions,52996147,100.00,4.01,insn per cycle
3.606531259,192200490,,cycles,52995867,100.00,,
3.706714260,34948,,rD044,52810672,100.00,,
3.706714260,828533,,rFF44,52805152,100.00,,
3.706714260,778623430,,instructions,52800092,100.00,4.07,insn per cycle
3.706714260,191456460,,cycles,52796032,100.00,,
3.806884420,35286,,rD044,53459584,100.00,,
3.806884420,838773,,rFF44,53465394,100.00,,
3.806884420,782053881,,instructions,53465394,100.00,4.03,insn per cycle
3.806884420,194058081,,cycles,53465394,100.00,,
3.907062781,4533,,rD044,53197930,100.00,,
3.907062781,803418,,rFF44,53192120,100.00,,
3.907062781,782616705,,instructions,53192120,100.00,4.06,insn per cycle
3.907062781,192982263,,cycles,53192120,100.00,,
4.007228051,34757,,rD044,52995297,100.00,,
4.007228051,820128,,rFF44,52995297,100.00,,
4.007228051,769913838,,instructions,52995297,100.00,4.00,insn per cycle
4.007228051,192252348,,cycles,52995297,100.00,,
4.107396471,35349,,rD044,53305215,100.00,,
4.107396471,822451,,rFF44,53305215,100.00,,
4.107396471,776970321,,instructions,53305215,100.00,4.02,insn per cycle
4.107396471,193420138,,cycles,53305215,100.00,,
4.207561922,35109,,rD044,53482827,100.00,,
4.207561922,823761,,rFF44,53482827,100.00,,
4.207561922,784772792,,instructions,53482827,100.00,4.04,insn per cycle
4.207561922,194079282,,cycles,53482827,100.00,,
4.307735482,34770,,rD044,53166421,100.00,,
4.307735482,791091,,rFF44,53166421,100.00,,
4.307735482,770829385,,instructions,53166421,100.00,4.00,insn per cycle
4.307735482,192871261,,cycles,53166421,100.00,,
4.407903052,35063,,rD044,53428513,100.00,,
4.407903052,830588,,rFF44,53428513,100.00,,
4.407903052,784595603,,instructions,53428513,100.00,4.05,insn per cycle
4.407903052,193954252,,cycles,53428513,100.00,,
4.508074763,34921,,rD044,53211186,100.00,,
4.508074763,836668,,rFF44,53217276,100.00,,
4.508074763,778496935,,instructions,53222916,100.00,4.03,insn per cycle
4.508074763,193040829,,cycles,53227156,100.00,,
4.608261724,35397,,rD044,53077631,100.00,,
4.608261724,827447,,rFF44,53077271,100.00,,
4.608261724,783552582,,instructions,53076791,100.00,4.07,insn per cycle
4.608261724,192528145,,cycles,53077331,100.00,,
4.708448604,34785,,rD044,52646520,100.00,,
4.708448604,812779,,rFF44,52647150,100.00,,
4.708448604,777760791,,instructions,52647090,100.00,4.07,insn per cycle
4.708448604,190910524,,cycles,52647360,100.00,,
4.808636965,4640,,rD044,52795508,100.00,,
4.808636965,792565,,rFF44,52794748,100.00,,
4.808636965,782875026,,instructions,52795198,100.00,4.09,insn per cycle
4.808636965,191443231,,cycles,52794378,100.00,,
4.908823355,35101,,rD044,52645459,100.00,,
4.908823355,831083,,rFF44,52645479,100.00,,
4.908823355,766605065,,instructions,52645239,100.00,4.02,insn per cycle
4.908823355,190918956,,cycles,52646599,100.00,,
5.009010626,35110,,rD044,52720493,100.00,,
5.009010626,833172,,rFF44,52720853,100.00,,
5.009010626,768036259,,instructions,52720123,100.00,4.02,insn per cycle
5.009010626,191184497,,cycles,52719793,100.00,,
5.109196256,34950,,rD044,52709696,100.00,,
5.109196256,835207,,rFF44,52709266,100.00,,
5.109196256,764783621,,instructions,52736787,100.00,4.00,insn per cycle
5.109196256,191252043,,cycles,52737347,100.00,,
5.209410597,34801,,rD044,53067271,100.00,,
5.209410597,786717,,rFF44,53061721,100.00,,
5.209410597,772205009,,instructions,53029620,100.00,4.01,insn per cycle
5.209410597,192355438,,cycles,53023800,100.00,,
5.309585798,34692,,rD044,53260042,100.00,,
5.309585798,817403,,rFF44,53260042,100.00,,
5.309585798,774162049,,instructions,53267462,100.00,4.00,insn per cycle
5.309585798,193301099,,cycles,53271252,100.00,,
5.409773969,34949,,rD044,53633746,100.00,,
5.409773969,826031,,rFF44,53633746,100.00,,
5.409773969,793232715,,instructions,53626326,100.00,4.07,insn per cycle
5.409773969,194706000,,cycles,53622536,100.00,,
5.509950979,34446,,rD044,53500540,100.00,,
5.509950979,821715,,rFF44,53500540,100.00,,
5.509950979,784569979,,instructions,53500540,100.00,4.04,insn per cycle
5.509950979,194241520,,cycles,53500540,100.00,,
5.610121289,4800,,rD044,53569951,100.00,,
5.610121289,804617,,rFF44,53569951,100.00,,
5.610121289,792704832,,instructions,53569951,100.00,4.08,insn per cycle
5.610121289,194442516,,cycles,53569951,100.00,,
5.710290060,35896,,rD044,53868480,100.00,,
5.710290060,834019,,rFF44,53868480,100.00,,
5.710290060,796360144,,instructions,53868480,100.00,4.07,insn per cycle
5.710290060,195637932,,cycles,53876360,100.00,,
5.810471860,35266,,rD044,53053694,100.00,,
5.810471860,820396,,rFF44,53059274,100.00,,
5.810471860,781596739,,instructions,53064144,100.00,4.06,insn per cycle
5.810471860,192486798,,cycles,53060844,100.00,,
5.910656291,35011,,rD044,52654365,100.00,,
5.910656291,819556,,rFF44,52655045,100.00,,
5.910656291,768807380,,instructions,52654985,100.00,4.03,insn per cycle
5.910656291,190919970,,cycles,52654575,100.00,,
6.010840501,35074,,rD044,52938177,100.00,,
6.010840501,826884,,rFF44,52937877,100.00,,
6.010840501,778324723,,instructions,52938247,100.00,4.05,insn per cycle
6.010840501,192000281,,cycles,52938877,100.00,,
6.111020212,34882,,rD044,52760175,100.00,,
6.111020212,794174,,rFF44,52760005,100.00,,
6.111020212,783519420,,instructions,52759685,100.00,4.10,insn per cycle
6.111020212,191328680,,cycles,52759385,100.00,,
6.211201072,34912,,rD044,53036264,100.00,,
6.211201072,835227,,rFF44,53030474,100.00,,
6.211201072,788810467,,instructions,53025614,100.00,4.10,insn per cycle
6.211201072,192339627,,cycles,53021114,100.00,,
6.311386093,35106,,rD044,53772239,100.00,,
6.311386093,831674,,rFF44,53772239,100.00,,
6.311386093,803406119,,instructions,53772239,100.00,4.11,insn per cycle
6.311386093,195286705,,cycles,53772239,100.00,,
6.411556523,35110,,rD044,53718084,100.00,,
6.411556523,820163,,rFF44,53718084,100.00,,
6.411556523,804196071,,instructions,53718084,100.00,4.12,insn per cycle
6.411556523,195046568,,cycles,53718084,100.00,,
6.511722564,34687,,rD044,53702897,100.00,,
6.511722564,819040,,rFF44,53702897,100.00,,
6.511722564,804594679,,instructions,53702897,100.00,4.13,insn per cycle
6.511722564,195037214,,cycles,53702897,100.00,,
6.611887544,4443,,rD044,53423085,100.00,,
6.611887544,790249,,rFF44,53423085,100.00,,
6.611887544,805036301,,instructions,53423085,100.00,4.15,insn per cycle
6.611887544,193907199,,cycles,53423085,100.00,,
6.712056465,35291,,rD044,53064961,100.00,,
6.712056465,835265,,rFF44,53070891,100.00,,
6.712056465,793222951,,instructions,53075771,100.00,4.12,insn per cycle
6.712056465,192506949,,cycles,53081001,100.00,,
6.812237715,35113,,rD044,52726689,100.00,,
6.812237715,842262,,rFF44,52726849,100.00,,
6.812237715,787518963,,instructions,52726869,100.00,4.12,insn per cycle
6.812237715,191198727,,cycles,52726079,100.00,,
6.912418546,34820,,rD044,52679071,100.00,,
6.912418546,824961,,rFF44,52678971,100.00,,
6.912418546,787717730,,instructions,52678941,100.00,4.12,insn per cycle
6.912418546,191028545,,cycles,52678721,100.00,,
7.012596296,35276,,rD044,52151743,100.00,,
7.012596296,795537,,rFF44,52145753,100.00,,
7.012596296,780770729,,instructions,52140883,100.00,4.13,insn per cycle
7.012596296,188971795,,cycles,52136663,100.00,,
7.112762217,34771,,rD044,53229890,100.00,,
7.112762217,811484,,rFF44,53229890,100.00,,
7.112762217,805304221,,instructions,53229890,100.00,4.16,insn per cycle
7.112762217,193385373,,cycles,53229890,100.00,,
7.212934887,34637,,rD044,53421652,100.00,,
7.212934887,814859,,rFF44,53427442,100.00,,
7.212934887,804611820,,instructions,53432242,100.00,4.15,insn per cycle
7.212934887,193981350,,cycles,53436862,100.00,,
7.313120677,34714,,rD044,52690598,100.00,,
7.313120677,813505,,rFF44,52690588,100.00,,
7.313120677,791092543,,instructions,52691268,100.00,4.14,insn per cycle
7.313120677,191090252,,cycles,52691298,100.00,,
7.413307078,34750,,rD044,52848693,100.00,,
7.413307078,822258,,rFF44,52848783,100.00,,
7.413307078,791402432,,instructions,52848473,100.00,4.13,insn per cycle
7.413307078,191651007,,cycles,52848323,100.00,,
7.513492409,4516,,rD044,53320550,100.00,,
7.513492409,769834,,rFF44,53321120,100.00,,
7.513492409,806816359,,instructions,53320580,100.00,4.17,insn per cycle
7.513492409,193437483,,cycles,53320720,100.00,,
7.613679139,34669,,rD044,53491883,100.00,,
7.613679139,813240,,rFF44,53491273,100.00,,
7.613679139,803512515,,instructions,53491413,100.00,4.14,insn per cycle
7.613679139,194076918,,cycles,53491843,100.00,,
7.713866110,34996,,rD044,52872038,100.00,,
7.713866110,804164,,rFF44,52872148,100.00,,
7.713866110,795495094,,instructions,52872758,100.00,4.15,insn per cycle
7.713866110,191760946,,cycles,52872798,100.00,,
7.814054100,34824,,rD044,52775408,100.00,,
7.814054100,809053,,rFF44,52775218,100.00,,
7.814054100,792322885,,instructions,52774898,100.00,4.14,insn per cycle
7.814054100,191399596,,cycles,52774108,100.00,,
7.914239821,35156,,rD044,52807283,100.00,,
7.914239821,820047,,rFF44,52807083,100.00,,
7.914239821,792205463,,instructions,52807153,100.00,4.14,insn per cycle
7.914239821,191505307,,cycles,52807393,100.00,,
8.014426392,35081,,rD044,52888898,100.00,,
8.014426392,797437,,rFF44,52889058,100.00,,
8.014426392,793785972,,instructions,52889248,100.00,4.14,insn per cycle
8.014426392,191829892,,cycles,52889918,100.00,,
8.114611522,35089,,rD044,52798944,100.00,,
8.114611522,808609,,rFF44,52799264,100.00,,
8.114611522,791984622,,instructions,52799414,100.00,4.14,insn per cycle
8.114611522,191477861,,cycles,52798724,100.00,,
8.214797073,34396,,rD044,52960830,100.00,,
8.214797073,800156,,rFF44,52954800,100.00,,
8.214797073,795767955,,instructions,52949330,100.00,4.14,insn per cycle
8.214797073,192052431,,cycles,52944790,100.00,,
8.314973133,34932,,rD044,53393848,100.00,,
8.314973133,808822,,rFF44,53393848,100.00,,
8.314973133,803136246,,instructions,53393848,100.00,4.14,insn per cycle
8.314973133,193782238,,cycles,53393848,100.00,,
8.415143904,3975,,rD044,53079655,100.00,,
8.415143904,769754,,rFF44,53079655,100.00,,
8.415143904,802245551,,instructions,53088095,100.00,4.16,insn per cycle
8.415143904,192624522,,cycles,53091085,100.00,,
8.515363324,35320,,rD044,53403820,100.00,,
8.515363324,823156,,rFF44,53403820,100.00,,
8.515363324,802681366,,instructions,53395380,100.00,4.14,insn per cycle
8.515363324,193780765,,cycles,53392390,100.00,,
8.615534635,34762,,rD044,53544323,100.00,,
8.615534635,812757,,rFF44,53544323,100.00,,
8.615534635,802956590,,instructions,53544323,100.00,4.13,insn per cycle
8.615534635,194431729,,cycles,53544323,100.00,,
8.715703495,34784,,rD044,53702971,100.00,,
8.715703495,805313,,rFF44,53702971,100.00,,
8.715703495,803705989,,instructions,53702971,100.00,4.12,insn per cycle
8.715703495,194966872,,cycles,53702971,100.00,,
8.815871716,34690,,rD044,53036956,100.00,,
8.815871716,798565,,rFF44,53043076,100.00,,
8.815871716,793948247,,instructions,53048206,100.00,4.13,insn per cycle
8.815871716,192432360,,cycles,53053916,100.00,,
8.916059496,34894,,rD044,52680095,100.00,,
8.916059496,771154,,rFF44,52679755,100.00,,
8.916059496,786517590,,instructions,52679895,100.00,4.12,insn per cycle
8.916059496,191024210,,cycles,52679545,100.00,,
9.016244817,34836,,rD044,52662713,100.00,,
9.016244817,804297,,rFF44,52663143,100.00,,
9.016244817,783950930,,instructions,52662823,100.00,4.11,insn per cycle
9.016244817,190967502,,cycles,52662783,100.00,,
9.116426548,34601,,rD044,52616405,100.00,,
9.116426548,813848,,rFF44,52613835,100.00,,
9.116426548,784392053,,instructions,52608885,100.00,4.11,insn per cycle
9.116426548,190767973,,cycles,52603565,100.00,,
9.216600348,34684,,rD044,53810491,100.00,,
9.216600348,811669,,rFF44,53806851,100.00,,
9.216600348,805946865,,instructions,53806851,100.00,4.12,insn per cycle
9.216600348,195408351,,cycles,53806851,100.00,,
9.316768668,4165,,rD044,53514788,100.00,,
9.316768668,758683,,rFF44,53514788,100.00,,
9.316768668,806053680,,instructions,53514788,100.00,4.15,insn per cycle
9.316768668,194276393,,cycles,53514788,100.00,,
9.416935579,34747,,rD044,53809235,100.00,,
9.416935579,800818,,rFF44,53815075,100.00,,
9.416935579,806415789,,instructions,53820565,100.00,4.13,insn per cycle
9.416935579,195437537,,cycles,53820565,100.00,,
9.517117579,34782,,rD044,53725861,100.00,,
9.517117579,808873,,rFF44,53726071,100.00,,
9.517117579,804983889,,instructions,53726101,100.00,4.13,insn per cycle
9.517117579,195095759,,cycles,53730711,100.00,,
9.617297049,35031,,rD044,52709384,100.00,,
9.617297049,807311,,rFF44,52708854,100.00,,
9.617297049,787408468,,instructions,52709234,100.00,4.12,insn per cycle
9.617297049,191165851,,cycles,52709594,100.00,,
9.717475330,35018,,rD044,52789935,100.00,,
9.717475330,826384,,rFF44,52789735,100.00,,
9.717475330,787826894,,instructions,52789135,100.00,4.11,insn per cycle
9.717475330,191462766,,cycles,52789405,100.00,,
9.817654031,34491,,rD044,52792039,100.00,,
9.817654031,782809,,rFF44,52793459,100.00,,
9.817654031,790704756,,instructions,52792529,100.00,4.13,insn per cycle
9.817654031,191446450,,cycles,52791679,100.00,,
9.917833831,34597,,rD044,52931329,100.00,,
9.917833831,800685,,rFF44,52924589,100.00,,
9.917833831,791701077,,instructions,52920219,100.00,4.12,insn per cycle
9.917833831,191975806,,cycles,52915829,100.00,,
10.018006912,34295,,rD044,53685087,100.00,,
10.018006912,800601,,rFF44,53685087,100.00,,
10.018006912,806526618,,instructions,53685087,100.00,4.14,insn per cycle
10.018006912,194967767,,cycles,53685087,100.00,,
10.118179532,34643,,rD044,53668797,100.00,,
10.118179532,799401,,rFF44,53668797,100.00,,
10.118179532,806381231,,instructions,53668797,100.00,4.14,insn per cycle
10.118179532,194887977,,cycles,53668797,100.00,,
10.218379043,34902,,rD044,53774861,100.00,,
10.218379043,815845,,rFF44,53780371,100.00,,
10.218379043,806729837,,instructions,53780371,100.00,4.13,insn per cycle
10.218379043,195263243,,cycles,53780371,100.00,,
10.318564104,4046,,rD044,53511814,100.00,,
10.318564104,786746,,rFF44,53506304,100.00,,
10.318564104,806587631,,instructions,53506304,100.00,4.15,insn per cycle
10.318564104,194221847,,cycles,53506304,100.00,,
10.418738814,35065,,rD044,52867551,100.00,,
10.418738814,813345,,rFF44,52873711,100.00,,
10.418738814,790171142,,instructions,52878682,100.00,4.12,insn per cycle
10.418738814,191785137,,cycles,52884212,100.00,,
10.518926365,34872,,rD044,52817156,100.00,,
10.518926365,800103,,rFF44,52817076,100.00,,
10.518926365,787178417,,instructions,52817585,100.00,4.11,insn per cycle
10.518926365,191556368,,cycles,52816945,100.00,,
10.619114785,34866,,rD044,52850529,100.00,,
10.619114785,805884,,rFF44,52850899,100.00,,
10.619114785,787243074,,instructions,52849919,100.00,4.11,insn per cycle
10.619114785,191677641,,cycles,52849279,100.00,,
10.719298026,34639,,rD044,52768186,100.00,,
10.719298026,773783,,rFF44,52767346,100.00,,
10.719298026,792121917,,instructions,52767626,100.00,4.14,insn per cycle
10.719298026,191372991,,cycles,52767836,100.00,,
10.819484496,34800,,rD044,53801901,100.00,,
10.819484496,810647,,rFF44,53796291,100.00,,
10.819484496,805942557,,instructions,53791511,100.00,4.13,insn per cycle
10.819484496,195248171,,cycles,53787051,100.00,,
10.919654847,34632,,rD044,53784548,100.00,,
10.919654847,821261,,rFF44,53784548,100.00,,
10.919654847,806647797,,instructions,53784548,100.00,4.13,insn per cycle
10.919654847,195247646,,cycles,53784548,100.00,,
11.019828067,34980,,rD044,53805123,100.00,,
11.019828067,811846,,rFF44,53805123,100.00,,
11.019828067,806588514,,instructions,53805123,100.00,4.13,insn per cycle
11.019828067,195385806,,cycles,53805123,100.00,,
11.119999868,34969,,rD044,53769856,100.00,,
11.119999868,799146,,rFF44,53769856,100.00,,
11.119999868,806591731,,instructions,53769856,100.00,4.13,insn per cycle
11.119999868,195276487,,cycles,53769856,100.00,,
11.220170928,4126,,rD044,53533473,100.00,,
11.220170928,777170,,rFF44,53533473,100.00,,
11.220170928,806823767,,instructions,53533473,100.00,4.15,insn per cycle
11.220170928,194312019,,cycles,53533473,100.00,,
11.320353079,34588,,rD044,53153151,100.00,,
11.320353079,806321,,rFF44,53158411,100.00,,
11.320353079,796584253,,instructions,53164351,100.00,4.13,insn per cycle
11.320353079,192877645,,cycles,53169871,100.00,,
11.420534259,34782,,rD044,53348820,100.00,,
11.420534259,815916,,rFF44,53349760,100.00,,
11.420534259,799088215,,instructions,53348600,100.00,4.13,insn per cycle
11.420534259,193488632,,cycles,53347850,100.00,,
11.520722140,34508,,rD044,52558366,100.00,,
11.520722140,815784,,rFF44,52557556,100.00,,
11.520722140,785203549,,instructions,52558566,100.00,4.12,insn per cycle
11.520722140,190567692,,cycles,52558816,100.00,,
11.620907481,34567,,rD044,52837314,100.00,,
11.620907481,772370,,rFF44,52837674,100.00,,
11.620907481,791568573,,instructions,52836964,100.00,4.13,insn per cycle
11.620907481,191604318,,cycles,52836254,100.00,,
11.721086231,34969,,rD044,52793808,100.00,,
11.721086231,808042,,rFF44,52788058,100.00,,
11.721086231,788998572,,instructions,52782978,100.00,4.12,insn per cycle
11.721086231,191388829,,cycles,52778668,100.00,,
11.821254462,34534,,rD044,53680689,100.00,,
11.821254462,794478,,rFF44,53680689,100.00,,
11.821254462,806380428,,instructions,53688259,100.00,4.14,insn per cycle
11.821254462,194908729,,cycles,53693339,100.00,,
11.921434992,34726,,rD044,53779032,100.00,,
11.921434992,802435,,rFF44,53779032,100.00,,
11.921434992,807639778,,instructions,53771462,100.00,4.14,insn per cycle
11.921434992,195286541,,cycles,53766382,100.00,,
12.021606973,34673,,rD044,53755387,100.00,,
12.021606973,810978,,rFF44,53755387,100.00,,
12.021606973,806573293,,instructions,53755387,100.00,4.13,insn per cycle
12.021606973,195202310,,cycles,53755387,100.00,,
12.121778043,4230,,rD044,53388703,100.00,,
12.121778043,782669,,rFF44,53388703,100.00,,
12.121778043,806525391,,instructions,53388703,100.00,4.16,insn per cycle
12.121778043,193846194,,cycles,53388703,100.00,,
12.221941643,35145,,rD044,53368712,100.00,,
12.221941643,838093,,rFF44,53374382,100.00,,
12.221941643,796518798,,instructions,53379622,100.00,4.11,insn per cycle
12.221941643,193663167,,cycles,53384092,100.00,,
12.322130644,34959,,rD044,52705766,100.00,,
12.322130644,819645,,rFF44,52705936,100.00,,
12.322130644,788511950,,instructions,52706386,100.00,4.13,insn per cycle
12.322130644,191110558,,cycles,52706886,100.00,,
12.422310415,35190,,rD044,52747173,100.00,,
12.422310415,821465,,rFF44,52747183,100.00,,
12.422310415,786667496,,instructions,52746303,100.00,4.11,insn per cycle
12.422310415,191295755,,cycles,52745533,100.00,,
12.522492515,35467,,rD044,52844916,100.00,,
12.522492515,828487,,rFF44,52844576,100.00,,
12.522492515,788590187,,instructions,52845436,100.00,4.11,insn per cycle
12.522492515,191665557,,cycles,52845596,100.00,,
12.622673296,34780,,rD044,53395636,100.00,,
12.622673296,800245,,rFF44,53390126,100.00,,
12.622673296,802197488,,instructions,53384456,100.00,4.14,insn per cycle
12.622673296,193739563,,cycles,53380096,100.00,,
12.722844326,35084,,rD044,53796911,100.00,,
12.722844326,846087,,rFF44,53796911,100.00,,
12.722844326,806930064,,instructions,53796911,100.00,4.13,insn per cycle
12.722844326,195334763,,cycles,53796911,100.00,,
12.823015896,34999,,rD044,53769998,100.00,,
12.823015896,821386,,rFF44,53769998,100.00,,
12.823015896,806709333,,instructions,53777798,100.00,4.13,insn per cycle
12.823015896,195301744,,cycles,53782518,100.00,,
12.923197397,34994,,rD044,53835129,100.00,,
12.923197397,817475,,rFF44,53835129,100.00,,
12.923197397,806745638,,instructions,53827329,100.00,4.13,insn per cycle
12.923197397,195410900,,cycles,53822609,100.00,,
13.023385477,11258,,rD044,53420656,100.00,,
13.023385477,801277,,rFF44,53426586,100.00,,
13.023385477,802299862,,instructions,53431276,100.00,4.14,insn per cycle
13.023385477,193932985,,cycles,53435836,100.00,,
13.123570508,28128,,rD044,52885265,100.00,,
13.123570508,822368,,rFF44,52884465,100.00,,
13.123570508,789757513,,instructions,52884655,100.00,4.12,insn per cycle
13.123570508,191784433,,cycles,52884455,100.00,,
13.223756609,35245,,rD044,52399417,100.00,,
13.223756609,840274,,rFF44,52394287,100.00,,
13.223756609,780624029,,instructions,52389407,100.00,4.11,insn per cycle
13.223756609,189904480,,cycles,52385047,100.00,,
13.323926549,34993,,rD044,52076613,100.00,,
13.323926549,849574,,rFF44,52076613,100.00,,
13.323926549,773529874,,instructions,52076613,100.00,4.10,insn per cycle
13.323926549,188631082,,cycles,52076613,100.00,,
13.424098710,35254,,rD044,51971419,100.00,,
13.424098710,808848,,rFF44,51974579,100.00,,
13.424098710,773705626,,instructions,51974579,100.00,4.11,insn per cycle
13.424098710,188218837,,cycles,51974579,100.00,,
13.524282410,35134,,rD044,52064459,100.00,,
13.524282410,845266,,rFF44,52061299,100.00,,
13.524282410,773861271,,instructions,52061299,100.00,4.11,insn per cycle
13.524282410,188515840,,cycles,52061299,100.00,,
13.624455631,34850,,rD044,52243580,100.00,,
13.624455631,835064,,rFF44,52249440,100.00,,
13.624455631,777591049,,instructions,52253820,100.00,4.11,insn per cycle
13.624455631,189317740,,cycles,52258780,100.00,,
13.724641591,4477,,rD044,52897046,100.00,,
13.724641591,802574,,rFF44,52897276,100.00,,
13.724641591,795130445,,instructions,52898506,100.00,4.15,insn per cycle
13.724641591,191819407,,cycles,52897916,100.00,,
13.824824732,35005,,rD044,52540800,100.00,,
13.824824732,844504,,rFF44,52540110,100.00,,
13.824824732,787663155,,instructions,52540150,100.00,4.13,insn per cycle
13.824824732,190497798,,cycles,52540080,100.00,,
13.925009232,35053,,rD044,52995651,100.00,,
13.925009232,839400,,rFF44,52996371,100.00,,
13.925009232,793393815,,instructions,52995641,100.00,4.13,insn per cycle
13.925009232,192200811,,cycles,52996051,100.00,,
14.025191843,34718,,rD044,52266044,100.00,,
14.025191843,823293,,rFF44,52259924,100.00,,
14.025191843,781984682,,instructions,52255004,100.00,4.13,insn per cycle
14.025191843,189384224,,cycles,52250294,100.00,,
14.125389304,35111,,rD044,51865742,100.00,,
14.125389304,795773,,rFF44,51865742,100.00,,
14.125389304,773451495,,instructions,51865742,100.00,4.12,insn per cycle
14.125389304,187802273,,cycles,51865742,100.00,,
14.225561194,34781,,rD044,52014951,100.00,,
14.225561194,833286,,rFF44,52014951,100.00,,
14.225561194,774538899,,instructions,52014951,100.00,4.11,insn per cycle
14.225561194,188396796,,cycles,52014951,100.00,,
14.325728124,35392,,rD044,51887894,100.00,,
14.325728124,834858,,rFF44,51887894,100.00,,
14.325728124,773382970,,instructions,51887894,100.00,4.12,insn per cycle
14.325728124,187881542,,cycles,51887894,100.00,,
14.425895245,4469,,rD044,51726518,100.00,,
14.425895245,816834,,rFF44,51726518,100.00,,
14.425895245,773439220,,instructions,51726518,100.00,4.13,insn per cycle
14.425895245,187271128,,cycles,51726518,100.00,,
14.526061755,34976,,rD044,53116320,100.00,,
14.526061755,836327,,rFF44,53122140,100.00,,
14.526061755,794379580,,instructions,53126930,100.00,4.12,insn per cycle
14.526061755,192635824,,cycles,53131090,100.00,,
14.626245506,35066,,rD044,53488701,100.00,,
14.626245506,832189,,rFF44,53488031,100.00,,
14.626245506,799981436,,instructions,53487651,100.00,4.12,insn per cycle
14.626245506,194047044,,cycles,53488081,100.00,,
14.726425576,34900,,rD044,53167546,100.00,,
14.726425576,831294,,rFF44,53162396,100.00,,
14.726425576,794631592,,instructions,53157986,100.00,4.12,insn per cycle
14.726425576,192736920,,cycles,53153396,100.00,,
14.826589647,35050,,rD044,51826819,100.00,,
14.826589647,803953,,rFF44,51826819,100.00,,
14.826589647,773529514,,instructions,51826819,100.00,4.12,insn per cycle
14.826589647,187591353,,cycles,51826819,100.00,,
14.926755027,34924,,rD044,52014870,100.00,,
14.926755027,846532,,rFF44,52014870,100.00,,
14.926755027,773531808,,instructions,52014870,100.00,4.11,insn per cycle
14.926755027,188309527,,cycles,52014870,100.00,,
15.026924308,35241,,rD044,52115068,100.00,,
15.026924308,850135,,rFF44,52120808,100.00,,
15.026924308,775283903,,instructions,52125398,100.00,4.11,insn per cycle
15.026924308,188718538,,cycles,52129738,100.00,,
15.127107478,4978,,rD044,52570793,100.00,,
15.127107478,799275,,rFF44,52570593,100.00,,
15.127107478,788950486,,instructions,52571063,100.00,4.14,insn per cycle
15.127107478,190560809,,cycles,52570903,100.00,,
15.227285059,35169,,rD044,53243029,100.00,,
15.227285059,825028,,rFF44,53243409,100.00,,
15.227285059,798589784,,instructions,53243979,100.00,4.14,insn per cycle
15.227285059,193108652,,cycles,53244389,100.00,,
15.327464659,34917,,rD044,53025266,100.00,,
15.327464659,831835,,rFF44,53025106,100.00,,
15.327464659,794535582,,instructions,53024086,100.00,4.13,insn per cycle
15.327464659,192291165,,cycles,53024216,100.00,,
15.427651400,35138,,rD044,52284734,100.00,,
15.427651400,837166,,rFF44,52284194,100.00,,
15.427651400,779613439,,instructions,52284394,100.00,4.12,insn per cycle
15.427651400,189407100,,cycles,52282944,100.00,,
15.527841441,34843,,rD044,51771957,100.00,,
15.527841441,810953,,rFF44,51766737,100.00,,
15.527841441,773311296,,instructions,51761927,100.00,4.13,insn per cycle
15.527841441,187402246,,cycles,51758657,100.00,,
15.628013981,35344,,rD044,52052937,100.00,,
15.628013981,850529,,rFF44,52052937,100.00,,
15.628013981,773512141,,instructions,52052937,100.00,4.10,insn per cycle
15.628013981,188520670,,cycles,52052937,100.00,,
15.728184971,34919,,rD044,51859021,100.00,,
15.728184971,826434,,rFF44,51859021,100.00,,
15.728184971,773270147,,instructions,51859021,100.00,4.12,insn per cycle
15.728184971,187825791,,cycles,51859021,100.00,,
15.828370932,4546,,rD044,52298729,100.00,,
15.828370932,797143,,rFF44,52304539,100.00,,
15.828370932,784948786,,instructions,52310339,100.00,4.14,insn per cycle
15.828370932,189585128,,cycles,52314569,100.00,,
15.928555573,34565,,rD044,52937239,100.00,,
15.928555573,832828,,rFF44,52936969,100.00,,
15.928555573,793638174,,instructions,52935509,100.00,4.13,insn per cycle
15.928555573,191978734,,cycles,52935629,100.00,,
16.028741783,34850,,rD044,53224739,100.00,,
16.028741783,838487,,rFF44,53224589,100.00,,
16.028741783,797447234,,instructions,53225099,100.00,4.13,insn per cycle
16.028741783,193057438,,cycles,53226589,100.00,,
16.128930444,35177,,rD044,52615451,100.00,,
16.128930444,850060,,rFF44,52610061,100.00,,
16.128930444,786357693,,instructions,52605211,100.00,4.12,insn per cycle
16.128930444,190650631,,cycles,52599371,100.00,,
16.229103224,34792,,rD044,51719127,100.00,,
16.229103224,802336,,rFF44,51719127,100.00,,
16.229103224,773227314,,instructions,51719127,100.00,4.13,insn per cycle
16.229103224,187238511,,cycles,51719127,100.00,,
16.329281065,34669,,rD044,51824472,100.00,,
16.329281065,830809,,rFF44,51824472,100.00,,
16.329281065,773468773,,instructions,51832432,100.00,4.12,insn per cycle
16.329281065,187635807,,cycles,51835832,100.00,,
16.429465455,35273,,rD044,51927401,100.00,,
16.429465455,835524,,rFF44,51927401,100.00,,
16.429465455,773447067,,instructions,51919441,100.00,4.11,insn per cycle
16.429465455,187986214,,cycles,51916041,100.00,,
16.529639716,4720,,rD044,52465645,100.00,,
16.529639716,793903,,rFF44,52471755,100.00,,
16.529639716,788898722,,instructions,52477015,100.00,4.15,insn per cycle
16.529639716,190228350,,cycles,52481695,100.00,,
16.629825517,34663,,rD044,52934906,100.00,,
16.629825517,836370,,rFF44,52934456,100.00,,
16.629825517,795207439,,instructions,52934316,100.00,4.14,insn per cycle
16.629825517,191981073,,cycles,52934326,100.00,,
16.730012647,34825,,rD044,53124795,100.00,,
16.730012647,848549,,rFF44,53124685,100.00,,
16.730012647,795124233,,instructions,53124955,100.00,4.13,insn per cycle
16.730012647,192702928,,cycles,53124455,100.00,,
16.830198438,35281,,rD044,52583905,100.00,,
16.830198438,841968,,rFF44,52578355,100.00,,
16.830198438,783603726,,instructions,52572965,100.00,4.11,insn per cycle
16.830198438,190596351,,cycles,52583815,100.00,,
16.930383458,35028,,rD044,51852615,100.00,,
16.930383458,798923,,rFF44,51852615,100.00,,
16.930383458,773285281,,instructions,51852615,100.00,4.12,insn per cycle
16.930383458,187628186,,cycles,51837575,100.00,,
17.030552089,35258,,rD044,51670063,100.00,,
17.030552089,832650,,rFF44,51670063,100.00,,
17.030552089,773300011,,instructions,51670063,100.00,4.13,insn per cycle
17.030552089,187063264,,cycles,51670063,100.00,,
17.130722189,34843,,rD044,51819169,100.00,,
17.130722189,831457,,rFF44,51824839,100.00,,
17.130722189,781992052,,instructions,51829809,100.00,4.17,insn per cycle
17.130722189,187734944,,cycles,51834159,100.00,,
17.230905650,34787,,rD044,53401861,100.00,,
17.230905650,840346,,rFF44,53402281,100.00,,
17.230905650,811527558,,instructions,53402301,100.00,4.19,insn per cycle
17.230905650,193747174,,cycles,53402301,100.00,,
17.331088160,4406,,rD044,52202211,100.00,,
17.331088160,791126,,rFF44,52196121,100.00,,
17.331088160,795085867,,instructions,52191131,100.00,4.20,insn per cycle
17.331088160,189179131,,cycles,52186781,100.00,,
17.431252251,34836,,rD044,51325302,100.00,,
17.431252251,811192,,rFF44,51325302,100.00,,
17.431252251,773259283,,instructions,51325302,100.00,4.16,insn per cycle
17.431252251,185768715,,cycles,51325302,100.00,,
17.531423171,35188,,rD044,51622436,100.00,,
17.531423171,819155,,rFF44,51622436,100.00,,
17.531423171,773408408,,instructions,51622436,100.00,4.14,insn per cycle
17.531423171,186852092,,cycles,51622436,100.00,,
17.631589002,34541,,rD044,51689442,100.00,,
17.631589002,778039,,rFF44,51689442,100.00,,
17.631589002,774125304,,instructions,51689442,100.00,4.14,insn per cycle
17.631589002,187201311,,cycles,51689442,100.00,,
17.731756892,35027,,rD044,52599094,100.00,,
17.731756892,815931,,rFF44,52604754,100.00,,
17.731756892,786492296,,instructions,52610484,100.00,4.12,insn per cycle
17.731756892,190731026,,cycles,52615334,100.00,,
17.831937603,34987,,rD044,52724459,100.00,,
17.831937603,826009,,rFF44,52724319,100.00,,
17.831937603,790761651,,instructions,52723729,100.00,4.14,insn per cycle
17.831937603,191209666,,cycles,52723129,100.00,,
17.932115923,34762,,rD044,52785444,100.00,,
17.932115923,818096,,rFF44,52785644,100.00,,
17.932115923,790957509,,instructions,52785704,100.00,4.13,insn per cycle
17.932115923,191470243,,cycles,52786034,100.00,,
18.032295044,4189,,rD044,52552392,100.00,,
18.032295044,773252,,rFF44,52552532,100.00,,
18.032295044,790179824,,instructions,52552772,100.00,4.15,insn per cycle
18.032295044,190575029,,cycles,52552902,100.00,,
18.132481014,34777,,rD044,51943802,100.00,,
18.132481014,810877,,rFF44,51937942,100.00,,
18.132481014,773419833,,instructions,51932502,100.00,4.11,insn per cycle
18.132481014,188167166,,cycles,51927792,100.00,,
18.232653735,34658,,rD044,51774312,100.00,,
18.232653735,811897,,rFF44,51774312,100.00,,
18.232653735,772257318,,instructions,51774312,100.00,4.12,insn per cycle
18.232653735,187486631,,cycles,51774312,100.00,,
18.332825255,34581,,rD044,51815148,100.00,,
18.332825255,789398,,rFF44,51815148,100.00,,
18.332825255,772648226,,instructions,51815148,100.00,4.12,insn per cycle
18.332825255,187664212,,cycles,51815148,100.00,,
18.432997636,34750,,rD044,52063321,100.00,,
18.432997636,822495,,rFF44,52063321,100.00,,
18.432997636,773515430,,instructions,52063321,100.00,4.10,insn per cycle
18.432997636,188645840,,cycles,52063321,100.00,,
18.533170116,34922,,rD044,52357383,100.00,,
18.533170116,831362,,rFF44,52363363,100.00,,
18.533170116,805871043,,instructions,52368533,100.00,4.25,insn per cycle
18.533170116,189745790,,cycles,52372483,100.00,,
18.633370157,34980,,rD044,53352590,100.00,,
18.633370157,808007,,rFF44,53352860,100.00,,
18.633370157,789022760,,instructions,53352320,100.00,4.08,insn per cycle
18.633370157,193538738,,cycles,53352750,100.00,,
18.733558828,4042,,rD044,51983104,100.00,,
18.733558828,780512,,rFF44,51976854,100.00,,
18.733558828,779864350,,instructions,51972224,100.00,4.14,insn per cycle
18.733558828,188203304,,cycles,51967844,100.00,,
18.833730838,34955,,rD044,51967063,100.00,,
18.833730838,814850,,rFF44,51967063,100.00,,
18.833730838,763999143,,instructions,51967063,100.00,4.06,insn per cycle
18.833730838,188287336,,cycles,51967063,100.00,,
18.933901558,34524,,rD044,51951212,100.00,,
18.933901558,831680,,rFF44,51955472,100.00,,
18.933901558,766331866,,instructions,51955472,100.00,4.07,insn per cycle
18.933901558,188191797,,cycles,51955472,100.00,,
19.034081489,34862,,rD044,51626396,100.00,,
19.034081489,828822,,rFF44,51622136,100.00,,
19.034081489,763075388,,instructions,51622136,100.00,4.08,insn per cycle
19.034081489,186926986,,cycles,51622136,100.00,,
19.134251470,34660,,rD044,52508414,100.00,,
19.134251470,788275,,rFF44,52514214,100.00,,
19.134251470,781619256,,instructions,52519424,100.00,4.11,insn per cycle
19.134251470,190374177,,cycles,52524504,100.00,,
19.234437510,34877,,rD044,52623485,100.00,,
19.234437510,811019,,rFF44,52623655,100.00,,
19.234437510,782912961,,instructions,52623355,100.00,4.10,insn per cycle
19.234437510,190804492,,cycles,52623095,100.00,,
19.334626241,34821,,rD044,52825803,100.00,,
19.334626241,813639,,rFF44,52825333,100.00,,
19.334626241,782366345,,instructions,52826143,100.00,4.08,insn per cycle
19.334626241,191583522,,cycles,52826393,100.00,,
19.434812861,34697,,rD044,51800285,100.00,,
19.434812861,805429,,rFF44,51800545,100.00,,
19.434812861,769100421,,instructions,51799785,100.00,4.10,insn per cycle
19.434812861,187695486,,cycles,51794715,100.00,,
19.534995162,4283,,rD044,51590914,100.00,,
19.534995162,796727,,rFF44,51590495,100.00,,
19.534995162,759167627,,instructions,51591865,100.00,4.07,insn per cycle
19.534995162,186696625,,cycles,51591865,100.00,,
19.635179273,34698,,rD044,51882463,100.00,,
19.635179273,834641,,rFF44,51877122,100.00,,
19.635179273,762845192,,instructions,51870792,100.00,4.06,insn per cycle
19.635179273,187773217,,cycles,51870792,100.00,,
19.735363113,35352,,rD044,52039819,100.00,,
19.735363113,823780,,rFF44,52045499,100.00,,
19.735363113,764429078,,instructions,52050349,100.00,4.05,insn per cycle
19.735363113,188557369,,cycles,52054449,100.00,,
19.835548684,35026,,rD044,52731794,100.00,,
19.835548684,809940,,rFF44,52732014,100.00,,
19.835548684,787629068,,instructions,52732324,100.00,4.12,insn per cycle
19.835548684,191226596,,cycles,52732454,100.00,,
19.935731075,34684,,rD044,52511266,100.00,,
19.935731075,770005,,rFF44,52510896,100.00,,
19.935731075,779415603,,instructions,52510556,100.00,4.09,insn per cycle
19.935731075,190401318,,cycles,52511356,100.00,,
20.035911415,34935,,rD044,52513151,100.00,,
20.035911415,808800,,rFF44,52507621,100.00,,
20.035911415,772330793,,instructions,52502801,100.00,4.06,insn per cycle
20.035911415,190372806,,cycles,52497771,100.00,,
20.136080585,34858,,rD044,51256972,100.00,,
20.136080585,819613,,rFF44,51256972,100.00,,
20.136080585,750727016,,instructions,51256972,100.00,4.05,insn per cycle
20.136080585,185579630,,cycles,51256972,100.00,,
20.236247436,4494,,rD044,51170583,100.00,,
20.236247436,792235,,rFF44,51170583,100.00,,
20.236247436,750945525,,instructions,51170583,100.00,4.06,insn per cycle
20.236247436,185178970,,cycles,51170583,100.00,,
20.336421556,34774,,rD044,51229028,100.00,,
20.336421556,810688,,rFF44,51229028,100.00,,
20.336421556,753030839,,instructions,51229028,100.00,4.06,insn per cycle
20.336421556,185351385,,cycles,51229028,100.00,,
20.436587287,34573,,rD044,52836341,100.00,,
20.436587287,816665,,rFF44,52841901,100.00,,
20.436587287,788563494,,instructions,52846661,100.00,4.11,insn per cycle
20.436587287,191700830,,cycles,52851741,100.00,,
20.536766957,35050,,rD044,52727456,100.00,,
20.536766957,812159,,rFF44,52727607,100.00,,
20.536766957,785766087,,instructions,52727737,100.00,4.11,insn per cycle
20.536766957,191236419,,cycles,52727097,100.00,,
20.636944988,34557,,rD044,51718440,100.00,,
20.636944988,775484,,rFF44,51716799,100.00,,
20.636944988,770067233,,instructions,51711909,100.00,4.11,insn per cycle
20.636944988,187306763,,cycles,51707469,100.00,,
20.737125548,35551,,rD044,51273763,100.00,,
20.737125548,838451,,rFF44,51269693,100.00,,
20.737125548,756550638,,instructions,51269693,100.00,4.08,insn per cycle
20.737125548,185523946,,cycles,51269693,100.00,,
20.837295169,34704,,rD044,51148934,100.00,,
20.837295169,817422,,rFF44,51148934,100.00,,
20.837295169,756454468,,instructions,51148934,100.00,4.09,insn per cycle
20.837295169,185097390,,cycles,51148934,100.00,,
20.937468489,34536,,rD044,52487046,100.00,,
20.937468489,806363,,rFF44,52493076,100.00,,
20.937468489,777368591,,instructions,52498027,100.00,4.08,insn per cycle
20.937468489,190367219,,cycles,52502827,100.00,,
21.037656850,4202,,rD044,52768194,100.00,,
21.037656850,780309,,rFF44,52767754,100.00,,
21.037656850,784277287,,instructions,52767763,100.00,4.10,insn per cycle
21.037656850,191386695,,cycles,52767233,100.00,,
21.137839370,34992,,rD044,51831678,100.00,,
21.137839370,806826,,rFF44,51826088,100.00,,
21.137839370,763956773,,instructions,51821128,100.00,4.07,insn per cycle
21.137839370,187743221,,cycles,51816858,100.00,,
21.238011541,34800,,rD044,51286381,100.00,,
21.238011541,821222,,rFF44,51286381,100.00,,
21.238011541,752313169,,instructions,51294541,100.00,4.05,insn per cycle
21.238011541,185620020,,cycles,51298351,100.00,,
21.338198701,34645,,rD044,51116845,100.00,,
21.338198701,787682,,rFF44,51116845,100.00,,
21.338198701,752128664,,instructions,51108685,100.00,4.07,insn per cycle
21.338198701,184896648,,cycles,51104875,100.00,,
21.438375562,34873,,rD044,52397428,100.00,,
21.438375562,810492,,rFF44,52403728,100.00,,
21.438375562,771263914,,instructions,52409288,100.00,4.06,insn per cycle
21.438375562,189993298,,cycles,52414218,100.00,,
21.538561883,34576,,rD044,52472891,100.00,,
21.538561883,801870,,rFF44,52472531,100.00,,
21.538561883,784108126,,instructions,52471791,100.00,4.12,insn per cycle
21.538561883,190263669,,cycles,52471271,100.00,,
21.638747253,34753,,rD044,52629772,100.00,,
21.638747253,806217,,rFF44,52629632,100.00,,
21.638747253,784629769,,instructions,52629682,100.00,4.11,insn per cycle
21.638747253,190879124,,cycles,52629492,100.00,,
21.738931524,4170,,rD044,51178812,100.00,,
21.738931524,772022,,rFF44,51173012,100.00,,
21.738931524,757223474,,instructions,51168142,100.00,4.09,insn per cycle
21.738931524,185255958,,cycles,51163922,100.00,,
21.839104164,34935,,rD044,51517610,100.00,,
21.839104164,828522,,rFF44,51517610,100.00,,
21.839104164,758887467,,instructions,51517610,100.00,4.07,insn per cycle
21.839104164,186465446,,cycles,51517610,100.00,,
21.939276535,34901,,rD044,51845072,100.00,,
21.939276535,829285,,rFF44,51845072,100.00,,
21.939276535,757811490,,instructions,51845072,100.00,4.04,insn per cycle
21.939276535,187786373,,cycles,51845072,100.00,,
22.039445295,35006,,rD044,51870635,100.00,,
22.039445295,809236,,rFF44,51870635,100.00,,
22.039445295,757750682,,instructions,51870635,100.00,4.03,insn per cycle
22.039445295,187857809,,cycles,51870635,100.00,,
22.139615585,34391,,rD044,52688752,100.00,,
22.139615585,777110,,rFF44,52694582,100.00,,
22.139615585,774780297,,instructions,52699412,100.00,4.05,insn per cycle
22.139615585,191095140,,cycles,52703642,100.00,,
22.239797406,34788,,rD044,53033411,100.00,,
22.239797406,818684,,rFF44,53033671,100.00,,
22.239797406,778160010,,instructions,53033661,100.00,4.05,insn per cycle
22.239797406,192355773,,cycles,53033981,100.00,,
22.339976626,34704,,rD044,52824552,100.00,,
22.339976626,812005,,rFF44,52823902,100.00,,
22.339976626,775722937,,instructions,52824452,100.00,4.05,insn per cycle
22.339976626,191569628,,cycles,52824942,100.00,,
22.440158867,4495,,rD044,49076391,100.00,,
22.440158867,822036,,rFF44,49077011,100.00,,
22.440158867,708236875,,instructions,49077111,100.00,4.00,insn per cycle
22.440158867,177186987,,cycles,49076551,100.00,,
22.540357938,35019,,rD044,51633434,100.00,,
22.540357938,849542,,rFF44,51633044,100.00,,
22.540357938,750806851,,instructions,51632794,100.00,4.01,insn per cycle
22.540357938,187117615,,cycles,51632654,100.00,,
22.640539769,35055,,rD044,52659529,100.00,,
22.640539769,830219,,rFF44,52659609,100.00,,
22.640539769,771615957,,instructions,52659489,100.00,4.04,insn per cycle
22.640539769,190943768,,cycles,52660369,100.00,,
22.740723379,34992,,rD044,52685448,100.00,,
22.740723379,821663,,rFF44,52685238,100.00,,
22.740723379,775760354,,instructions,52684708,100.00,4.06,insn per cycle
22.740723379,191031082,,cycles,52683758,100.00,,
22.840907050,34982,,rD044,52819007,100.00,,
22.840907050,797245,,rFF44,52819777,100.00,,
22.840907050,786445620,,instructions,52820317,100.00,4.11,insn per cycle
22.840907050,191552561,,cycles,52821127,100.00,,
22.941091660,34628,,rD044,52592976,100.00,,
22.941091660,837615,,rFF44,52592096,100.00,,
22.941091660,779899565,,instructions,52592066,100.00,4.09,insn per cycle
22.941091660,190710974,,cycles,52591596,100.00,,
23.041274591,35133,,rD044,51800533,100.00,,
23.041274591,839577,,rFF44,51795103,100.00,,
23.041274591,767350952,,instructions,51790023,100.00,4.09,insn per cycle
23.041274591,187629498,,cycles,51785413,100.00,,
23.141441001,34989,,rD044,51710065,100.00,,
23.141441001,841035,,rFF44,51710065,100.00,,
23.141441001,761840873,,instructions,51710065,100.00,4.07,insn per cycle
23.141441001,187314381,,cycles,51710065,100.00,,
23.241603262,4617,,rD044,51682806,100.00,,
23.241603262,805985,,rFF44,51682806,100.00,,
23.241603262,765475418,,instructions,51682806,100.00,4.09,insn per cycle
23.241603262,187079979,,cycles,51682806,100.00,,
23.341770652,34982,,rD044,51784429,100.00,,
23.341770652,842257,,rFF44,51790319,100.00,,
23.341770652,767378603,,instructions,51793649,100.00,4.09,insn per cycle
23.341770652,187521724,,cycles,51793649,100.00,,
23.441951492,34994,,rD044,52267590,100.00,,
23.441951492,839222,,rFF44,52267540,100.00,,
23.441951492,771987166,,instructions,52269360,100.00,4.08,insn per cycle
23.441951492,189417119,,cycles,52275100,100.00,,
23.542132063,35042,,rD044,52841778,100.00,,
23.542132063,845057,,rFF44,52841388,100.00,,
23.542132063,779356797,,instructions,52841488,100.00,4.07,insn per cycle
23.542132063,191627488,,cycles,52840648,100.00,,
23.642319034,34960,,rD044,52828380,100.00,,
23.642319034,816457,,rFF44,52829460,100.00,,
23.642319034,778599433,,instructions,52829170,100.00,4.06,insn per cycle
23.642319034,191581326,,cycles,52828780,100.00,,
23.742504934,35033,,rD044,53122708,100.00,,
23.742504934,836317,,rFF44,53121768,100.00,,
23.742504934,778086817,,instructions,53121968,100.00,4.04,insn per cycle
23.742504934,192670331,,cycles,53121978,100.00,,
23.842692165,35126,,rD044,52744902,100.00,,
23.842692165,831067,,rFF44,52739312,100.00,,
23.842692165,773542476,,instructions,52734152,100.00,4.05,insn per cycle
23.842692165,191206702,,cycles,52729632,100.00,,
23.942863295,34841,,rD044,51800783,100.00,,
23.942863295,830849,,rFF44,51800783,100.00,,
23.942863295,759428281,,instructions,51800783,100.00,4.05,insn per cycle
23.942863295,187655200,,cycles,51800783,100.00,,
24.043036426,4499,,rD044,51481899,100.00,,
24.043036426,795748,,rFF44,51481899,100.00,,
24.043036426,763135885,,instructions,51489799,100.00,4.09,insn per cycle
24.043036426,186388073,,cycles,51494289,100.00,,
24.143227657,35209,,rD044,51908646,100.00,,
24.143227657,850109,,rFF44,51908646,100.00,,
24.143227657,764499856,,instructions,51900746,100.00,4.07,insn per cycle
24.143227657,187950522,,cycles,51896256,100.00,,
24.243407717,35244,,rD044,51806957,100.00,,
24.243407717,840357,,rFF44,51806957,100.00,,
24.243407717,758628610,,instructions,51806957,100.00,4.04,insn per cycle
24.243407717,187589702,,cycles,51806957,100.00,,
24.343583578,35317,,rD044,51749200,100.00,,
24.343583578,822874,,rFF44,51754900,100.00,,
24.343583578,755925015,,instructions,51760410,100.00,4.03,insn per cycle
24.343583578,187436236,,cycles,51760410,100.00,,
24.443768028,35001,,rD044,52447033,100.00,,
24.443768028,785223,,rFF44,52446793,100.00,,
24.443768028,780077780,,instructions,52446043,100.00,4.10,insn per cycle
24.443768028,190139666,,cycles,52450863,100.00,,
24.543956129,34896,,rD044,52434490,100.00,,
24.543956129,822233,,rFF44,52434740,100.00,,
24.543956129,778897053,,instructions,52434890,100.00,4.10,insn per cycle
24.543956129,190097361,,cycles,52434000,100.00,,
24.644139889,35105,,rD044,52177845,100.00,,
24.644139889,825858,,rFF44,52177785,100.00,,
24.644139889,770856944,,instructions,52178125,100.00,4.08,insn per cycle
24.644139889,189111558,,cycles,52178135,100.00,,
24.744337240,34895,,rD044,52746031,100.00,,
24.744337240,846245,,rFF44,52746341,100.00,,
24.744337240,766887207,,instructions,52745731,100.00,4.01,insn per cycle
24.744337240,191240866,,cycles,52746611,100.00,,
24.844519871,4784,,rD044,51627112,100.00,,
24.844519871,816757,,rFF44,51627123,100.00,,
24.844519871,749216457,,instructions,51622483,100.00,4.01,insn per cycle
24.844519871,186889016,,cycles,51617663,100.00,,
24.944703941,35145,,rD044,51605494,100.00,,
24.944703941,829929,,rFF44,51604843,100.00,,
24.944703941,746959868,,instructions,51609763,100.00,4.00,insn per cycle
24.944703941,186777769,,cycles,51614933,100.00,,
25.044884152,35126,,rD044,51715471,100.00,,
25.044884152,839920,,rFF44,51710151,100.00,,
25.044884152,747114551,,instructions,51705231,100.00,3.99,insn per cycle
25.044884152,187119410,,cycles,51700061,100.00,,
25.145051442,34760,,rD044,51910842,100.00,,
25.145051442,797268,,rFF44,51917282,100.00,,
25.145051442,754568272,,instructions,51922132,100.00,4.01,insn per cycle
25.145051442,188108556,,cycles,51927502,100.00,,
25.245234133,35507,,rD044,52926217,100.00,,
25.245234133,848589,,rFF44,52925797,100.00,,
25.245234133,766957123,,instructions,52926497,100.00,4.00,insn per cycle
25.245234133,191943456,,cycles,52925847,100.00,,
25.345418813,35097,,rD044,52871992,100.00,,
25.345418813,853384,,rFF44,52871872,100.00,,
25.345418813,769017883,,instructions,52871722,100.00,4.01,insn per cycle
25.345418813,191734302,,cycles,52871572,100.00,,
25.445603514,4803,,rD044,52450822,100.00,,
25.445603514,805183,,rFF44,52444922,100.00,,
25.445603514,763416362,,instructions,52439522,100.00,4.02,insn per cycle
25.445603514,190081226,,cycles,52434952,100.00,,
25.545772354,35374,,rD044,51641052,100.00,,
25.545772354,827332,,rFF44,51641052,100.00,,
25.545772354,753091644,,instructions,51641052,100.00,4.03,insn per cycle
25.545772354,186981814,,cycles,51641052,100.00,,
25.645938695,35341,,rD044,51616762,100.00,,
25.645938695,837443,,rFF44,51616762,100.00,,
25.645938695,755455075,,instructions,51616762,100.00,4.04,insn per cycle
25.645938695,186815661,,cycles,51616762,100.00,,
25.746109935,34994,,rD044,51480957,100.00,,
25.746109935,798166,,rFF44,51480957,100.00,,
25.746109935,754820533,,instructions,51480957,100.00,4.05,insn per cycle
25.746109935,186282198,,cycles,51480957,100.00,,
25.846276945,35217,,rD044,52032260,100.00,,
25.846276945,843645,,rFF44,52037990,100.00,,
25.846276945,757422380,,instructions,52042690,100.00,4.02,insn per cycle
25.846276945,188552338,,cycles,52046930,100.00,,
25.946456346,35043,,rD044,52680885,100.00,,
25.946456346,848427,,rFF44,52680955,100.00,,
25.946456346,771339311,,instructions,52680965,100.00,4.04,insn per cycle
25.946456346,191018415,,cycles,52681535,100.00,,
26.046636727,35198,,rD044,52765812,100.00,,
26.046636727,841481,,rFF44,52765432,100.00,,
26.046636727,770689353,,instructions,52765742,100.00,4.03,insn per cycle
26.046636727,191347867,,cycles,52765603,100.00,,
26.146815907,4534,,rD044,51687464,100.00,,
26.146815907,794790,,rFF44,51682044,100.00,,
26.146815907,756712242,,instructions,51677024,100.00,4.04,insn per cycle
26.146815907,187121262,,cycles,51672353,100.00,,
26.246982578,34817,,rD044,51408975,100.00,,
26.246982578,836880,,rFF44,51414285,100.00,,
26.246982578,747257786,,instructions,51414285,100.00,4.02,insn per cycle
26.246982578,186086088,,cycles,51414285,100.00,,
26.347167308,35027,,rD044,51449663,100.00,,
26.347167308,835789,,rFF44,51444353,100.00,,
26.347167308,747229025,,instructions,51444353,100.00,4.01,insn per cycle
26.347167308,186162597,,cycles,51444353,100.00,,
26.447353909,35546,,rD044,51995039,100.00,,
26.447353909,814241,,rFF44,52000720,100.00,,
26.447353909,759045118,,instructions,52005490,100.00,4.03,insn per cycle
26.447353909,188337360,,cycles,52010000,100.00,,
26.547541779,35006,,rD044,52674689,100.00,,
26.547541779,842936,,rFF44,52674548,100.00,,
26.547541779,770699314,,instructions,52674258,100.00,4.03,insn per cycle
26.547541779,191006736,,cycles,52675338,100.00,,
26.647727780,35311,,rD044,52674348,100.00,,
26.647727780,833620,,rFF44,52674528,100.00,,
26.647727780,771485145,,instructions,52674938,100.00,4.04,insn per cycle
26.647727780,190973955,,cycles,52674588,100.00,,
26.747916111,34922,,rD044,51595079,100.00,,
26.747916111,817235,,rFF44,51589359,100.00,,
26.747916111,762460297,,instructions,51584469,100.00,4.08,insn per cycle
26.747916111,186845523,,cycles,51579229,100.00,,
26.848078541,4663,,rD044,51106211,100.00,,
26.848078541,796407,,rFF44,51112061,100.00,,
26.848078541,754829696,,instructions,51116641,100.00,4.08,insn per cycle
26.848078541,184861115,,cycles,51116641,100.00,,
26.948268342,35177,,rD044,51231362,100.00,,
26.948268342,834490,,rFF44,51225512,100.00,,
26.948268342,754015193,,instructions,51220932,100.00,4.07,insn per cycle
26.948268342,185293636,,cycles,51220932,100.00,,
27.048439742,35151,,rD044,52156262,100.00,,
27.048439742,841479,,rFF44,52162142,100.00,,
27.048439742,770832925,,instructions,52167042,100.00,4.08,insn per cycle
27.048439742,189021543,,cycles,52171732,100.00,,
27.148626613,35216,,rD044,52595417,100.00,,
27.148626613,804240,,rFF44,52595267,100.00,,
27.148626613,779327074,,instructions,52595417,100.00,4.09,insn per cycle
27.148626613,190683003,,cycles,52594697,100.00,,
27.248809013,34774,,rD044,52240676,100.00,,
27.248809013,822983,,rFF44,52234946,100.00,,
27.248809013,776084131,,instructions,52229896,100.00,4.10,insn per cycle
27.248809013,189312986,,cycles,52225926,100.00,,
27.348980404,35185,,rD044,51379669,100.00,,
27.348980404,831971,,rFF44,51379669,100.00,,
27.348980404,751751389,,instructions,51379669,100.00,4.04,insn per cycle
27.348980404,185910411,,cycles,51379669,100.00,,
27.449149924,35217,,rD044,50983442,100.00,,
27.449149924,833624,,rFF44,50991102,100.00,,
27.449149924,748235132,,instructions,50995192,100.00,4.06,insn per cycle
27.449149924,184412398,,cycles,50995192,100.00,,
27.549351305,4471,,rD044,51676640,100.00,,
27.549351305,792179,,rFF44,51674930,100.00,,
27.549351305,765864430,,instructions,51675520,100.00,4.09,insn per cycle
27.549351305,187095674,,cycles,51680490,100.00,,
27.649538706,34652,,rD044,52795186,100.00,,
27.649538706,827441,,rFF44,52795156,100.00,,
27.649538706,784682286,,instructions,52795646,100.00,4.10,insn per cycle
27.649538706,191469865,,cycles,52794796,100.00,,
27.749714666,35281,,rD044,51585200,100.00,,
27.749714666,821907,,rFF44,51579280,100.00,,
27.749714666,760099325,,instructions,51574110,100.00,4.07,insn per cycle
27.749714666,186739300,,cycles,51569990,100.00,,
27.849883457,34804,,rD044,50786598,100.00,,
27.849883457,781184,,rFF44,50786598,100.00,,
27.849883457,748262904,,instructions,50786598,100.00,4.08,insn per cycle
27.849883457,183608273,,cycles,50786598,100.00,,
27.950055067,35126,,rD044,51427358,100.00,,
27.950055067,800836,,rFF44,51432968,100.00,,
27.950055067,761302988,,instructions,51438248,100.00,4.09,insn per cycle
27.950055067,186214612,,cycles,51442808,100.00,,
28.050239788,34981,,rD044,52861847,100.00,,
28.050239788,814505,,rFF44,52862247,100.00,,
28.050239788,784459276,,instructions,52861747,100.00,4.09,insn per cycle
28.050239788,191705567,,cycles,52861677,100.00,,
28.150427478,34944,,rD044,52070527,100.00,,
28.150427478,817489,,rFF44,52064517,100.00,,
28.150427478,765263775,,instructions,52059737,100.00,4.06,insn per cycle
28.150427478,188678343,,cycles,52055247,100.00,,
28.250594249,4712,,rD044,51125550,100.00,,
28.250594249,811446,,rFF44,51125550,100.00,,
28.250594249,748280017,,instructions,51125550,100.00,4.05,insn per cycle
28.250594249,184959930,,cycles,51125550,100.00,,
28.350765169,35345,,rD044,51395070,100.00,,
28.350765169,822960,,rFF44,51395070,100.00,,
28.350765169,748234361,,instructions,51395070,100.00,4.02,insn per cycle
28.350765169,185986086,,cycles,51395070,100.00,,
28.450933539,34721,,rD044,51795842,100.00,,
28.450933539,818576,,rFF44,51801552,100.00,,
28.450933539,765540119,,instructions,51806912,100.00,4.08,insn per cycle
28.450933539,187649671,,cycles,51811242,100.00,,
28.551118210,34786,,rD044,52728190,100.00,,
28.551118210,779710,,rFF44,52727740,100.00,,
28.551118210,785218061,,instructions,52727630,100.00,4.11,insn per cycle
28.551118210,191193529,,cycles,52728530,100.00,,
28.651296401,35151,,rD044,51551456,100.00,,
28.651296401,819496,,rFF44,51546196,100.00,,
28.651296401,759840151,,instructions,51540946,100.00,4.07,insn per cycle
28.651296401,186604650,,cycles,51535716,100.00,,
28.751459131,34904,,rD044,51035325,100.00,,
28.751459131,837197,,rFF44,51035325,100.00,,
28.751459131,748330828,,instructions,51035325,100.00,4.06,insn per cycle
28.751459131,184529263,,cycles,51035325,100.00,,
28.851625731,34887,,rD044,51792575,100.00,,
28.851625731,832479,,rFF44,51798845,100.00,,
28.851625731,763994083,,instructions,51804535,100.00,4.07,insn per cycle
28.851625731,187616242,,cycles,51808865,100.00,,
28.951806362,4291,,rD044,52839705,100.00,,
28.951806362,779327,,rFF44,52839125,100.00,,
28.951806362,782629451,,instructions,52838385,100.00,4.08,insn per cycle
28.951806362,191618262,,cycles,52838605,100.00,,
29.051992112,35155,,rD044,52545541,100.00,,
29.051992112,817711,,rFF44,52539851,100.00,,
29.051992112,763730119,,instructions,52534901,100.00,4.01,insn per cycle
29.051992112,190450804,,cycles,52530351,100.00,,
29.152158953,34786,,rD044,51796465,100.00,,
29.152158953,812695,,rFF44,51796465,100.00,,
29.152158953,755100787,,instructions,51796465,100.00,4.03,insn per cycle
29.152158953,187540746,,cycles,51796465,100.00,,
29.252342853,34764,,rD044,51073891,100.00,,
29.252342853,791113,,rFF44,51073891,100.00,,
29.252342853,756442505,,instructions,51073891,100.00,4.10,insn per cycle
29.252342853,184685082,,cycles,51073891,100.00,,
29.352513924,34965,,rD044,51734185,100.00,,
29.352513924,832587,,rFF44,51740055,100.00,,
29.352513924,766620240,,instructions,51744845,100.00,4.09,insn per cycle
29.352513924,187348218,,cycles,51749615,100.00,,
29.452698914,34973,,rD044,52834649,100.00,,
29.452698914,840124,,rFF44,52834679,100.00,,
29.452698914,777616163,,instructions,52835609,100.00,4.06,insn per cycle
29.452698914,191600333,,cycles,52836199,100.00,,
29.552884035,34711,,rD044,52816728,100.00,,
29.552884035,802267,,rFF44,52816738,100.00,,
29.552884035,777582799,,instructions,52816348,100.00,4.06,insn per cycle
29.552884035,191495582,,cycles,52815658,100.00,,
29.653070126,4290,,rD044,51604398,100.00,,
29.653070126,778711,,rFF44,51598488,100.00,,
29.653070126,761402505,,instructions,51593158,100.00,4.08,insn per cycle
29.653070126,186782940,,cycles,51588488,100.00,,
29.753243106,35342,,rD044,51463141,100.00,,
29.753243106,832720,,rFF44,51463141,100.00,,
29.753243106,752934336,,instructions,51463141,100.00,4.04,insn per cycle
29.753243106,186236904,,cycles,51463141,100.00,,
29.853414856,34939,,rD044,51671816,100.00,,
29.853414856,872275,,rFF44,51671816,100.00,,
29.853414856,753374260,,instructions,51671816,100.00,4.03,insn per cycle
29.853414856,187009809,,cycles,51671816,100.00,,
29.953586387,34879,,rD044,51926068,100.00,,
29.953586387,821560,,rFF44,51931638,100.00,,
29.953586387,760603179,,instructions,51936208,100.00,4.04,insn per cycle
29.953586387,188089908,,cycles,51940738,100.00,,
30.053771627,34601,,rD044,52919234,100.00,,
30.053771627,810990,,rFF44,52919534,100.00,,
30.053771627,780136787,,instructions,52919954,100.00,4.06,insn per cycle
30.053771627,191947640,,cycles,52920704,100.00,,
30.153961088,34750,,rD044,53116944,100.00,,
30.153961088,838365,,rFF44,53116674,100.00,,
30.153961088,781149308,,instructions,53116334,100.00,4.05,insn per cycle
30.153961088,192642989,,cycles,53116074,100.00,,
30.254145759,34928,,rD044,51576729,100.00,,
30.254145759,808670,,rFF44,51571129,100.00,,
30.254145759,752742658,,instructions,51566479,100.00,4.03,insn per cycle
30.254145759,186697161,,cycles,51561459,100.00,,
30.354314189,4278,,rD044,51252895,100.00,,
30.354314189,805571,,rFF44,51252895,100.00,,
30.354314189,752339720,,instructions,51252895,100.00,4.06,insn per cycle
30.354314189,185398399,,cycles,51252895,100.00,,
30.454479549,34681,,rD044,51413760,100.00,,
30.454479549,830332,,rFF44,51419370,100.00,,
30.454479549,751277114,,instructions,51424300,100.00,4.04,insn per cycle
30.454479549,186075272,,cycles,51428680,100.00,,
30.554661330,35231,,rD044,52852622,100.00,,
30.554661330,841286,,rFF44,52852892,100.00,,
30.554661330,777439743,,instructions,52852232,100.00,4.06,insn per cycle
30.554661330,191669929,,cycles,52852392,100.00,,
30.654845551,34797,,rD044,53175218,100.00,,
30.654845551,877301,,rFF44,53174478,100.00,,
30.654845551,781863683,,instructions,53175468,100.00,4.05,insn per cycle
30.654845551,192865708,,cycles,53175658,100.00,,
30.755029901,34568,,rD044,51679708,100.00,,
30.755029901,842481,,rFF44,51674568,100.00,,
30.755029901,752975539,,instructions,51669308,100.00,4.02,insn per cycle
30.755029901,187077007,,cycles,51664578,100.00,,
30.855195072,34556,,rD044,51275207,100.00,,
30.855195072,814570,,rFF44,51275207,100.00,,
30.855195072,750041606,,instructions,51275207,100.00,4.04,insn per cycle
30.855195072,185551606,,cycles,51275207,100.00,,
30.955370862,34660,,rD044,51407390,100.00,,
30.955370862,810909,,rFF44,51407390,100.00,,
30.955370862,753970928,,instructions,51407390,100.00,4.05,insn per cycle
30.955370862,186009498,,cycles,51407390,100.00,,
31.055538242,4721,,rD044,51867894,100.00,,
31.055538242,795817,,rFF44,51873524,100.00,,
31.055538242,771562788,,instructions,51878344,100.00,4.11,insn per cycle
31.055538242,187899798,,cycles,51883544,100.00,,
31.155722283,34758,,rD044,53219407,100.00,,
31.155722283,944881,,rFF44,53219467,100.00,,
31.155722283,786010704,,instructions,53220247,100.00,4.07,insn per cycle
31.155722283,193018620,,cycles,53219547,100.00,,
31.255903504,34798,,rD044,52758153,100.00,,
31.255903504,804955,,rFF44,52758163,100.00,,
31.255903504,786226572,,instructions,52757513,100.00,4.11,insn per cycle
31.255903504,191323477,,cycles,52757293,100.00,,
31.356081084,34758,,rD044,52624711,100.00,,
31.356081084,825531,,rFF44,52619011,100.00,,
31.356081084,783093440,,instructions,52614061,100.00,4.10,insn per cycle
31.356081084,190775317,,cycles,52609781,100.00,,
31.456246944,34532,,rD044,51859048,100.00,,
31.456246944,777422,,rFF44,51859048,100.00,,
31.456246944,767321834,,instructions,51859048,100.00,4.08,insn per cycle
31.456246944,187857326,,cycles,51859048,100.00,,
31.556412335,34945,,rD044,51696723,100.00,,
31.556412335,961709,,rFF44,51696723,100.00,,
31.556412335,771691155,,instructions,51696723,100.00,4.12,insn per cycle
31.556412335,187097333,,cycles,51696723,100.00,,
31.656575765,34895,,rD044,51952365,100.00,,
31.656575765,936978,,rFF44,51956915,100.00,,
31.656575765,765930803,,instructions,51956915,100.00,4.07,insn per cycle
31.656575765,188068414,,cycles,51956915,100.00,,
31.756758406,34830,,rD044,52309076,100.00,,
31.756758406,886795,,rFF44,52310226,100.00,,
31.756758406,776030651,,instructions,52315806,100.00,4.09,insn per cycle
31.756758406,189566315,,cycles,52319996,100.00,,
31.856946056,3893,,rD044,52657667,100.00,,
31.856946056,775012,,rFF44,52657727,100.00,,
31.856946056,806326503,,instructions,52657327,100.00,4.22,insn per cycle
31.856946056,190949809,,cycles,52657927,100.00,,
31.957132717,34898,,rD044,51654693,100.00,,
31.957132717,897350,,rFF44,51648933,100.00,,
31.957132717,791566081,,instructions,51643753,100.00,4.23,insn per cycle
31.957132717,186988146,,cycles,51638963,100.00,,
32.057307178,34502,,rD044,50900519,100.00,,
32.057307178,818514,,rFF44,50900519,100.00,,
32.057307178,764735737,,instructions,50908329,100.00,4.15,insn per cycle
32.057307178,184103874,,cycles,50912849,100.00,,
32.157498038,35005,,rD044,51414957,100.00,,
32.157498038,820844,,rFF44,51414957,100.00,,
32.157498038,761339538,,instructions,51407147,100.00,4.09,insn per cycle
32.157498038,186050636,,cycles,51402627,100.00,,
32.257663919,34794,,rD044,53164917,100.00,,
32.257663919,955814,,rFF44,53170187,100.00,,
32.257663919,785496794,,instructions,53175567,100.00,4.07,insn per cycle
32.257663919,192866274,,cycles,53180027,100.00,,
32.357849329,35409,,rD044,52912063,100.00,,
32.357849329,850497,,rFF44,52912663,100.00,,
32.357849329,784693633,,instructions,52911963,100.00,4.09,insn per cycle
32.357849329,191870297,,cycles,52912053,100.00,,
32.458033360,34933,,rD044,52611447,100.00,,
32.458033360,809345,,rFF44,52605577,100.00,,
32.458033360,789923544,,instructions,52600897,100.00,4.14,insn per cycle
32.458033360,190716694,,cycles,52596347,100.00,,
32.558202380,34468,,rD044,51582437,100.00,,
32.558202380,882930,,rFF44,51582437,100.00,,
32.558202380,775322319,,instructions,51582437,100.00,4.15,insn per cycle
32.558202380,186752913,,cycles,51590327,100.00,,
32.658395601,35341,,rD044,51611468,100.00,,
32.658395601,838055,,rFF44,51611468,100.00,,
32.658395601,775410844,,instructions,51611468,100.00,4.15,insn per cycle
32.658395601,186729946,,cycles,51603578,100.00,,
32.758569241,4704,,rD044,51620920,100.00,,
32.758569241,907844,,rFF44,51626950,100.00,,
32.758569241,776214112,,instructions,51626950,100.00,4.16,insn per cycle
32.758569241,186782876,,cycles,51626950,100.00,,
32.858752052,35094,,rD044,52604962,100.00,,
32.858752052,921859,,rFF44,52605222,100.00,,
32.858752052,777460476,,instructions,52610192,100.00,4.08,insn per cycle
32.858752052,190683931,,cycles,52614982,100.00,,
32.958936602,35492,,rD044,52999458,100.00,,
32.958936602,909788,,rFF44,52999168,100.00,,
32.958936602,783343515,,instructions,52998748,100.00,4.08,insn per cycle
32.958936602,192177265,,cycles,52998638,100.00,,
33.059120343,35213,,rD044,52706259,100.00,,
33.059120343,868289,,rFF44,52706299,100.00,,
33.059120343,779582812,,instructions,52706589,100.00,4.08,insn per cycle
33.059120343,191105170,,cycles,52706429,100.00,,
33.159304094,34626,,rD044,52258098,100.00,,
33.159304094,794943,,rFF44,52252058,100.00,,
33.159304094,774847204,,instructions,52247218,100.00,4.09,insn per cycle
33.159304094,189366653,,cycles,52242698,100.00,,
33.259474404,34816,,rD044,51390967,100.00,,
33.259474404,857685,,rFF44,51390967,100.00,,
33.259474404,751065936,,instructions,51390967,100.00,4.04,insn per cycle
33.259474404,185941623,,cycles,51390967,100.00,,
33.359644524,35185,,rD044,51557211,100.00,,
33.359644524,878543,,rFF44,51557211,100.00,,
33.359644524,755529129,,instructions,51557211,100.00,4.05,insn per cycle
33.359644524,186527541,,cycles,51557211,100.00,,
33.459810425,4278,,rD044,51992555,100.00,,
33.459810425,906148,,rFF44,51998655,100.00,,
33.459810425,763124483,,instructions,52003845,100.00,4.05,insn per cycle
33.459810425,188263369,,cycles,52008105,100.00,,
33.559994865,35118,,rD044,53046425,100.00,,
33.559994865,861838,,rFF44,53046225,100.00,,
33.559994865,778986712,,instructions,53046435,100.00,4.05,insn per cycle
33.559994865,192343934,,cycles,53048135,100.00,,
33.660180246,35180,,rD044,53305281,100.00,,
33.660180246,1011074,,rFF44,53305201,100.00,,
33.660180246,778555547,,instructions,53305351,100.00,4.03,insn per cycle
33.660180246,193318434,,cycles,53303961,100.00,,
33.760377367,34927,,rD044,52613909,100.00,,
33.760377367,838452,,rFF44,52608089,100.00,,
33.760377367,771355091,,instructions,52602539,100.00,4.05,insn per cycle
33.760377367,190660205,,cycles,52597969,100.00,,
33.860542597,34868,,rD044,51817081,100.00,,
33.860542597,881878,,rFF44,51817081,100.00,,
33.860542597,754587347,,instructions,51817081,100.00,4.02,insn per cycle
33.860542597,187607504,,cycles,51817081,100.00,,
33.960707377,35137,,rD044,51325635,100.00,,
33.960707377,843449,,rFF44,51325635,100.00,,
33.960707377,754596869,,instructions,51325635,100.00,4.06,insn per cycle
33.960707377,185755433,,cycles,51325635,100.00,,
34.060871688,35689,,rD044,52165079,100.00,,
34.060871688,1030143,,rFF44,52167289,100.00,,
34.060871688,757180474,,instructions,52167289,100.00,4.01,insn per cycle
34.060871688,188867531,,cycles,52167289,100.00,,
34.161046028,34636,,rD044,52074936,100.00,,
34.161046028,830307,,rFF44,52078496,100.00,,
34.161046028,776899970,,instructions,52083306,100.00,4.12,insn per cycle
34.161046028,188616317,,cycles,52087706,100.00,,
34.261224569,4234,,rD044,52902619,100.00,,
34.261224569,867064,,rFF44,52902469,100.00,,
34.261224569,801941211,,instructions,52902499,100.00,4.18,insn per cycle
34.261224569,191780495,,cycles,52902599,100.00,,
34.361402339,35052,,rD044,52706885,100.00,,
34.361402339,836077,,rFF44,52701265,100.00,,
34.361402339,777248680,,instructions,52696425,100.00,4.07,insn per cycle
34.361402339,191029785,,cycles,52691925,100.00,,
34.461566580,35079,,rD044,51608866,100.00,,
34.461566580,846563,,rFF44,51608866,100.00,,
34.461566580,757423544,,instructions,51608866,100.00,4.05,insn per cycle
34.461566580,186802437,,cycles,51608866,100.00,,
34.561730430,34851,,rD044,51873114,100.00,,
34.561730430,846696,,rFF44,51873114,100.00,,
34.561730430,757729188,,instructions,51873114,100.00,4.03,insn per cycle
34.561730430,187823548,,cycles,51873114,100.00,,
34.661895970,34811,,rD044,51464903,100.00,,
34.661895970,800171,,rFF44,51464903,100.00,,
34.661895970,757526434,,instructions,51464903,100.00,4.07,insn per cycle
34.661895970,186256496,,cycles,51464903,100.00,,
34.762061271,35454,,rD044,51899727,100.00,,
34.762061271,901108,,rFF44,51905457,100.00,,
34.762061271,759608087,,instructions,51910257,100.00,4.04,insn per cycle
34.762061271,187863571,,cycles,51914877,100.00,,
34.862239881,35118,,rD044,52947485,100.00,,
34.862239881,856719,,rFF44,52947585,100.00,,
34.862239881,773849376,,instructions,52948115,100.00,4.03,insn per cycle
34.862239881,191972916,,cycles,52948095,100.00,,
34.962414352,35254,,rD044,52911765,100.00,,
34.962414352,879048,,rFF44,52911265,100.00,,
34.962414352,782058971,,instructions,52911135,100.00,4.08,insn per cycle
34.962414352,191858128,,cycles,52911075,100.00,,
35.062599582,4517,,rD044,52430098,100.00,,
35.062599582,801880,,rFF44,52431218,100.00,,
35.062599582,775208791,,instructions,52431528,100.00,4.08,insn per cycle
35.062599582,190054292,,cycles,52431418,100.00,,
35.162786373,34819,,rD044,52195562,100.00,,
35.162786373,837632,,rFF44,52189112,100.00,,
35.162786373,766683816,,instructions,52183602,100.00,4.05,insn per cycle
35.162786373,189111545,,cycles,52179172,100.00,,
35.262957253,35091,,rD044,51749464,100.00,,
35.262957253,865390,,rFF44,51749464,100.00,,
35.262957253,757869331,,instructions,51749464,100.00,4.05,insn per cycle
35.262957253,187297436,,cycles,51749464,100.00,,
35.363121114,34453,,rD044,51519865,100.00,,
35.363121114,826026,,rFF44,51519865,100.00,,
35.363121114,758411918,,instructions,51519865,100.00,4.07,insn per cycle
35.363121114,186413109,,cycles,51519865,100.00,,
35.463290144,35092,,rD044,51806507,100.00,,
35.463290144,907292,,rFF44,51806507,100.00,,
35.463290144,758581210,,instructions,51806507,100.00,4.05,insn per cycle
35.463290144,187502888,,cycles,51806507,100.00,,
35.563460035,35274,,rD044,52554871,100.00,,
35.563460035,918775,,rFF44,52560321,100.00,,
35.563460035,768592886,,instructions,52565231,100.00,4.03,insn per cycle
35.563460035,190481602,,cycles,52570271,100.00,,
35.663643735,34929,,rD044,52403868,100.00,,
35.663643735,837892,,rFF44,52403799,100.00,,
35.663643735,771779475,,instructions,52403869,100.00,4.06,insn per cycle
35.663643735,189949077,,cycles,52403319,100.00,,
35.763829946,4833,,rD044,53030893,100.00,,
35.763829946,859800,,rFF44,53030612,100.00,,
35.763829946,783723141,,instructions,53030142,100.00,4.08,insn per cycle
35.763829946,192271328,,cycles,53030162,100.00,,
35.864009756,35080,,rD044,51776678,100.00,,
35.864009756,832502,,rFF44,51776928,100.00,,
35.864009756,754343555,,instructions,51777588,100.00,4.02,insn per cycle
35.864009756,187535415,,cycles,51773078,100.00,,
35.964190897,34841,,rD044,51575833,100.00,,
35.964190897,827381,,rFF44,51570483,100.00,,
35.964190897,758456243,,instructions,51565313,100.00,4.06,insn per cycle
35.964190897,186625670,,cycles,51565313,100.00,,
36.064369327,35048,,rD044,52089109,100.00,,
36.064369327,1010622,,rFF44,52089109,100.00,,
36.064369327,767471593,,instructions,52089109,100.00,4.07,insn per cycle
36.064369327,188554237,,cycles,52089109,100.00,,
36.164538308,34709,,rD044,51458218,100.00,,
36.164538308,835329,,rFF44,51461708,100.00,,
36.164538308,768707860,,instructions,51461708,100.00,4.13,insn per cycle
36.164538308,186245498,,cycles,51461708,100.00,,
36.264718778,34896,,rD044,53129841,100.00,,
36.264718778,1082622,,rFF44,53132481,100.00,,
36.264718778,791581031,,instructions,53137331,100.00,4.11,insn per cycle
36.264718778,192657801,,cycles,53141961,100.00,,
36.364904159,34842,,rD044,53051084,100.00,,
36.364904159,992337,,rFF44,53051274,100.00,,
36.364904159,792246203,,instructions,53051144,100.00,4.12,insn per cycle
36.364904159,192374000,,cycles,53050894,100.00,,
36.465085050,35166,,rD044,53228438,100.00,,
36.465085050,967534,,rFF44,53228028,100.00,,
36.465085050,791752635,,instructions,53227758,100.00,4.10,insn per cycle
36.465085050,193024813,,cycles,53227908,100.00,,
36.565265790,4456,,rD044,51614299,100.00,,
36.565265790,829452,,rFF44,51608389,100.00,,
36.565265790,776803697,,instructions,51612169,100.00,4.16,insn per cycle
36.565265790,186881391,,cycles,51611679,100.00,,
36.665448861,34812,,rD044,51278808,100.00,,
36.665448861,844012,,rFF44,51278808,100.00,,
36.665448861,771725570,,instructions,51270578,100.00,4.16,insn per cycle
36.665448861,185478332,,cycles,51266538,100.00,,
36.765615881,35121,,rD044,51700693,100.00,,
36.765615881,857321,,rFF44,51700693,100.00,,
36.765615881,770004350,,instructions,51700693,100.00,4.12,insn per cycle
36.765615881,187114448,,cycles,51700693,100.00,,
36.865780561,35151,,rD044,52261317,100.00,,
36.865780561,907297,,rFF44,52267137,100.00,,
36.865780561,784122067,,instructions,52271627,100.00,4.14,insn per cycle
36.865780561,189371584,,cycles,52275667,100.00,,
36.965956382,35096,,rD044,53032413,100.00,,
36.965956382,913050,,rFF44,53032803,100.00,,
36.965956382,796909359,,instructions,53033213,100.00,4.14,insn per cycle
36.965956382,192303824,,cycles,53034223,100.00,,
37.066134402,34801,,rD044,52840937,100.00,,
37.066134402,893784,,rFF44,52840417,100.00,,
37.066134402,797402895,,instructions,52840217,100.00,4.16,insn per cycle
37.066134402,191601174,,cycles,52840007,100.00,,
37.166315263,35135,,rD044,51966963,100.00,,
37.166315263,839224,,rFF44,51961273,100.00,,
37.166315263,778645787,,instructions,51956573,100.00,4.14,insn per cycle
37.166315263,188172011,,cycles,51951733,100.00,,
37.266489963,35193,,rD044,52471426,100.00,,
37.266489963,1116440,,rFF44,52471426,100.00,,
37.266489963,773672523,,instructions,52471426,100.00,4.07,insn per cycle
37.266489963,189973533,,cycles,52471426,100.00,,
37.366662634,34867,,rD044,51530643,100.00,,
37.366662634,849079,,rFF44,51530643,100.00,,
37.366662634,770073148,,instructions,51530643,100.00,4.13,insn per cycle
37.366662634,186457223,,cycles,51530643,100.00,,
37.466836994,4477,,rD044,52013864,100.00,,
37.466836994,837068,,rFF44,52020004,100.00,,
37.466836994,787564929,,instructions,52025694,100.00,4.18,insn per cycle
37.466836994,188372994,,cycles,52030164,100.00,,
37.567022645,35383,,rD044,52900808,100.00,,
37.567022645,882067,,rFF44,52900428,100.00,,
37.567022645,790598560,,instructions,52900598,100.00,4.12,insn per cycle
37.567022645,191834124,,cycles,52901788,100.00,,
37.667204416,34817,,rD044,52919950,100.00,,
37.667204416,863265,,rFF44,52930980,100.00,,
37.667204416,791580744,,instructions,52929800,100.00,4.12,insn per cycle
37.667204416,191900727,,cycles,52929260,100.00,,
37.767400706,35124,,rD044,52717667,100.00,,
37.767400706,834573,,rFF44,52705877,100.00,,
37.767400706,786402925,,instructions,52701197,100.00,4.12,insn per cycle
37.767400706,191047314,,cycles,52696077,100.00,,
37.867584687,35140,,rD044,51494069,100.00,,
37.867584687,840359,,rFF44,51489069,100.00,,
37.867584687,770388932,,instructions,51489069,100.00,4.13,insn per cycle
37.867584687,186373506,,cycles,51489069,100.00,,
37.967756177,34818,,rD044,51481898,100.00,,
37.967756177,852246,,rFF44,51481898,100.00,,
37.967756177,770922302,,instructions,51481898,100.00,4.14,insn per cycle
37.967756177,186285981,,cycles,51481898,100.00,,
38.067925748,34830,,rD044,51784821,100.00,,
38.067925748,881200,,rFF44,51784821,100.00,,
38.067925748,771374272,,instructions,51784821,100.00,4.11,insn per cycle
38.067925748,187482442,,cycles,51784821,100.00,,
38.168100508,34653,,rD044,52239532,100.00,,
38.168100508,832555,,rFF44,52239532,100.00,,
38.168100508,769241354,,instructions,52239532,100.00,4.06,insn per cycle
38.168100508,189238353,,cycles,52239532,100.00,,
38.268271659,34950,,rD044,52933509,100.00,,
38.268271659,910786,,rFF44,52939509,100.00,,
38.268271659,779331740,,instructions,52944689,100.00,4.06,insn per cycle
38.268271659,191954656,,cycles,52949209,100.00,,
38.368455179,4429,,rD044,52608366,100.00,,
38.368455179,806007,,rFF44,52607586,100.00,,
38.368455179,771648448,,instructions,52607106,100.00,4.05,insn per cycle
38.368455179,190723355,,cycles,52607456,100.00,,
38.468639990,35384,,rD044,53133720,100.00,,
38.468639990,1028042,,rFF44,53134270,100.00,,
38.468639990,770464934,,instructions,53134640,100.00,4.00,insn per cycle
38.468639990,192693626,,cycles,53134280,100.00,,
38.568819340,34634,,rD044,51284095,100.00,,
38.568819340,840891,,rFF44,51278325,100.00,,
38.568819340,748959589,,instructions,51273255,100.00,4.04,insn per cycle
38.568819340,185585016,,cycles,51268745,100.00,,
38.668986561,34933,,rD044,51429924,100.00,,
38.668986561,814617,,rFF44,51434684,100.00,,
38.668986561,745149009,,instructions,51440154,100.00,4.00,insn per cycle
38.668986561,186095899,,cycles,51440154,100.00,,
38.769168921,35299,,rD044,51152562,100.00,,
38.769168921,833373,,rFF44,51153622,100.00,,
38.769168921,745593838,,instructions,51151622,100.00,4.03,insn per cycle
38.769168921,185032508,,cycles,51151622,100.00,,
38.869365012,35347,,rD044,52826026,100.00,,
38.869365012,875955,,rFF44,52826426,100.00,,
38.869365012,767437381,,instructions,52828086,100.00,4.01,insn per cycle
38.869365012,191522041,,cycles,52832516,100.00,,
38.969551523,4871,,rD044,52685401,100.00,,
38.969551523,795419,,rFF44,52684731,100.00,,
38.969551523,775832216,,instructions,52684781,100.00,4.06,insn per cycle
38.969551523,191001184,,cycles,52684291,100.00,,
39.069732753,35025,,rD044,52643136,100.00,,
39.069732753,930336,,rFF44,52643266,100.00,,
39.069732753,769520172,,instructions,52642876,100.00,4.03,insn per cycle
39.069732753,190844166,,cycles,52638936,100.00,,
39.169913984,35313,,rD044,51786149,100.00,,
39.169913984,922981,,rFF44,51780469,100.00,,
39.169913984,754908929,,instructions,51775679,100.00,4.03,insn per cycle
39.169913984,187427812,,cycles,51775679,100.00,,
39.270078644,35063,,rD044,51651384,100.00,,
39.270078644,834581,,rFF44,51651384,100.00,,
39.270078644,749564598,,instructions,51651384,100.00,4.01,insn per cycle
39.270078644,186972713,,cycles,51651384,100.00,,
39.370243944,34689,,rD044,51484419,100.00,,
39.370243944,929569,,rFF44,51484419,100.00,,
39.370243944,750734845,,instructions,51484419,100.00,4.03,insn per cycle
39.370243944,186208394,,cycles,51484419,100.00,,
39.470406835,34862,,rD044,52703461,100.00,,
39.470406835,893076,,rFF44,52709351,100.00,,
39.470406835,768155639,,instructions,52714341,100.00,4.02,insn per cycle
39.470406835,191126650,,cycles,52719251,100.00,,
39.570586055,34850,,rD044,52920379,100.00,,
39.570586055,850912,,rFF44,52920069,100.00,,
39.570586055,782065986,,instructions,52920889,100.00,4.08,insn per cycle
39.570586055,191903472,,cycles,52920439,100.00,,
39.670766686,4305,,rD044,52132711,100.00,,
39.670766686,911684,,rFF44,52127131,100.00,,
39.670766686,766094386,,instructions,52121321,100.00,4.06,insn per cycle
39.670766686,188783187,,cycles,52116861,100.00,,
39.770931816,34886,,rD044,51434798,100.00,,
39.770931816,847694,,rFF44,51440788,100.00,,
39.770931816,748329532,,instructions,51440788,100.00,4.02,insn per cycle
39.770931816,186134105,,cycles,51440788,100.00,,
39.871109957,35500,,rD044,51942792,100.00,,
39.871109957,1033824,,rFF44,51936802,100.00,,
39.871109957,750958506,,instructions,51936802,100.00,4.00,insn per cycle
39.871109957,187949518,,cycles,51936802,100.00,,
39.971284487,34765,,rD044,52114736,100.00,,
39.971284487,828464,,rFF44,52120576,100.00,,
39.971284487,760939484,,instructions,52125556,100.00,4.03,insn per cycle
39.971284487,188841445,,cycles,52130076,100.00,,
40.071464358,34808,,rD044,53375323,100.00,,
40.071464358,977290,,rFF44,53375513,100.00,,
40.071464358,783044126,,instructions,53375223,100.00,4.05,insn per cycle
40.071464358,193570161,,cycles,53374863,100.00,,
40.171642968,35031,,rD044,52666583,100.00,,
40.171642968,838751,,rFF44,52660553,100.00,,
40.171642968,771373997,,instructions,52655863,100.00,4.04,insn per cycle
40.171642968,190890371,,cycles,52651703,100.00,,
40.271808789,34742,,rD044,51051377,100.00,,
40.271808789,838942,,rFF44,51058817,100.00,,
40.271808789,748892414,,instructions,51062307,100.00,4.05,insn per cycle
40.271808789,184697043,,cycles,51062307,100.00,,
40.371987779,5319,,rD044,51545957,100.00,,
40.371987779,947475,,rFF44,51538517,100.00,,
40.371987779,750959112,,instructions,51535027,100.00,4.03,insn per cycle
40.371987779,186455178,,cycles,51535027,100.00,,
40.472160050,34955,,rD044,51702493,100.00,,
40.472160050,842761,,rFF44,51708183,100.00,,
40.472160050,756547287,,instructions,51713033,100.00,4.04,insn per cycle
40.472160050,187197636,,cycles,51717523,100.00,,
40.572357590,35305,,rD044,52951206,100.00,,
40.572357590,869251,,rFF44,52951616,100.00,,
40.572357590,775020060,,instructions,52951616,100.00,4.04,insn per cycle
40.572357590,192002072,,cycles,52951696,100.00,,
40.672541681,34813,,rD044,53195789,100.00,,
40.672541681,866933,,rFF44,53196009,100.00,,
40.672541681,781222726,,instructions,53196119,100.00,4.05,insn per cycle
40.672541681,192911052,,cycles,53195949,100.00,,
40.772726651,34502,,rD044,51035050,100.00,,
40.772726651,798008,,rFF44,51034830,100.00,,
40.772726651,749911349,,instructions,51035650,100.00,4.06,insn per cycle
40.772726651,184604262,,cycles,51031250,100.00,,
40.872913612,35223,,rD044,51485331,100.00,,
40.872913612,843691,,rFF44,51479231,100.00,,
40.872913612,748562532,,instructions,51473451,100.00,4.02,insn per cycle
40.872913612,186335013,,cycles,51473451,100.00,,
40.973081803,34935,,rD044,52004916,100.00,,
40.973081803,1051106,,rFF44,52004916,100.00,,
40.973081803,748040628,,instructions,52004916,100.00,3.97,insn per cycle
40.973081803,188232838,,cycles,52004916,100.00,,
41.073244483,4300,,rD044,52441440,100.00,,
41.073244483,833099,,rFF44,52446710,100.00,,
41.073244483,768452819,,instructions,52451670,100.00,4.04,insn per cycle
41.073244483,190107968,,cycles,52456490,100.00,,
41.173421633,34713,,rD044,52934629,100.00,,
41.173421633,888801,,rFF44,52934779,100.00,,
41.173421633,775576108,,instructions,52935489,100.00,4.04,insn per cycle
41.173421633,191963923,,cycles,52936229,100.00,,
41.273602624,34623,,rD044,51953359,100.00,,
41.273602624,825129,,rFF44,51947939,100.00,,
41.273602624,756914601,,instructions,51942269,100.00,4.02,insn per cycle
41.273602624,188144634,,cycles,51936709,100.00,,
41.373772234,35068,,rD044,51761136,100.00,,
41.373772234,1053609,,rFF44,51761136,100.00,,
41.373772234,750061802,,instructions,51761136,100.00,4.01,insn per cycle
41.373772234,187280467,,cycles,51761136,100.00,,
41.473944975,35024,,rD044,51975874,100.00,,
41.473944975,1064023,,rFF44,51975874,100.00,,
41.473944975,750912917,,instructions,51975874,100.00,3.99,insn per cycle
41.473944975,188129439,,cycles,51975874,100.00,,
41.574116055,34674,,rD044,52009715,100.00,,
41.574116055,831755,,rFF44,52015145,100.00,,
41.574116055,762414525,,instructions,52020055,100.00,4.05,insn per cycle
41.574116055,188414297,,cycles,52024685,100.00,,
41.674295896,35034,,rD044,52714086,100.00,,
41.674295896,826537,,rFF44,52714266,100.00,,
41.674295896,777949551,,instructions,52714876,100.00,4.07,insn per cycle
41.674295896,191132092,,cycles,52714976,100.00,,
41.774477886,5006,,rD044,52934129,100.00,,
41.774477886,944837,,rFF44,52933969,100.00,,
41.774477886,774204653,,instructions,52933389,100.00,4.03,insn per cycle
41.774477886,191912798,,cycles,52933209,100.00,,
41.874658447,35121,,rD044,52649340,100.00,,
41.874658447,854090,,rFF44,52643890,100.00,,
41.874658447,771669896,,instructions,52638950,100.00,4.04,insn per cycle
41.874658447,190831239,,cycles,52634400,100.00,,
41.974826727,34741,,rD044,51243013,100.00,,
41.974826727,843227,,rFF44,51243013,100.00,,
41.974826727,752555097,,instructions,51243013,100.00,4.06,insn per cycle
41.974826727,185366286,,cycles,51243013,100.00,,
42.075002088,35256,,rD044,51272822,100.00,,
42.075002088,829673,,rFF44,51272822,100.00,,
42.075002088,755427633,,instructions,51272822,100.00,4.07,insn per cycle
42.075002088,185463688,,cycles,51272822,100.00,,
42.175184368,35645,,rD044,52161268,100.00,,
42.175184368,830720,,rFF44,52167008,100.00,,
42.175184368,772317683,,instructions,52172448,100.00,4.09,insn per cycle
42.175184368,189028763,,cycles,52177268,100.00,,
42.275376189,34816,,rD044,52536516,100.00,,
42.275376189,815259,,rFF44,52536526,100.00,,
42.275376189,783488036,,instructions,52537056,100.00,4.11,insn per cycle
42.275376189,190483137,,cycles,52536416,100.00,,
42.375557390,35058,,rD044,52213735,100.00,,
42.375557390,818246,,rFF44,52211375,100.00,,
42.375557390,776333282,,instructions,52205405,100.00,4.10,insn per cycle
42.375557390,189206362,,cycles,52201225,100.00,,
42.475736010,4307,,rD044,50979092,100.00,,
42.475736010,799848,,rFF44,50975702,100.00,,
42.475736010,754747791,,instructions,50983732,100.00,4.09,insn per cycle
42.475736010,184410056,,cycles,50988112,100.00,,
42.575912931,35060,,rD044,51370008,100.00,,
42.575912931,845475,,rFF44,51370008,100.00,,
42.575912931,757851688,,instructions,51361978,100.00,4.08,insn per cycle
42.575912931,185860555,,cycles,51357598,100.00,,
42.676084851,35130,,rD044,52142767,100.00,,
42.676084851,830427,,rFF44,52148527,100.00,,
42.676084851,778944417,,instructions,52154007,100.00,4.12,insn per cycle
42.676084851,188991807,,cycles,52158847,100.00,,
42.776273042,35223,,rD044,52538589,100.00,,
42.776273042,817181,,rFF44,52538379,100.00,,
42.776273042,788153973,,instructions,52537859,100.00,4.14,insn per cycle
42.776273042,190513278,,cycles,52537799,100.00,,
42.876459842,34812,,rD044,48627395,100.00,,
42.876459842,795851,,rFF44,48621845,100.00,,
42.876459842,717499256,,instructions,48616885,100.00,4.09,insn per cycle
42.876459842,175290653,,cycles,48612105,100.00,,
42.976636163,35009,,rD044,51390661,100.00,,
42.976636163,822729,,rFF44,51396401,100.00,,
42.976636163,766415482,,instructions,51401001,100.00,4.12,insn per cycle
42.976636163,186191868,,cycles,51405761,100.00,,
43.076816343,34760,,rD044,52346682,100.00,,
43.076816343,808125,,rFF44,52346592,100.00,,
43.076816343,785625548,,instructions,52347292,100.00,4.14,insn per cycle
43.076816343,189795746,,cycles,52347132,100.00,,
43.177006214,4393,,rD044,52629178,100.00,,
43.177006214,799562,,rFF44,52629838,100.00,,
43.177006214,794545983,,instructions,52629588,100.00,4.16,insn per cycle
43.177006214,190846993,,cycles,52631118,100.00,,
43.277194015,35001,,rD044,51467716,100.00,,
43.277194015,818721,,rFF44,51461406,100.00,,
43.277194015,766544977,,instructions,51456356,100.00,4.11,insn per cycle
43.277194015,186295529,,cycles,51450226,100.00,,
43.377379415,35163,,rD044,51276537,100.00,,
43.377379415,818289,,rFF44,51276537,100.00,,
43.377379415,761234826,,instructions,51276537,100.00,4.10,insn per cycle
43.377379415,185560526,,cycles,51276537,100.00,,
43.477554936,34857,,rD044,51362952,100.00,,
43.477554936,827396,,rFF44,51362952,100.00,,
43.477554936,763529939,,instructions,51362952,100.00,4.11,insn per cycle
43.477554936,185858112,,cycles,51362952,100.00,,
43.577729036,34656,,rD044,52776265,100.00,,
43.577729036,782334,,rFF44,52781715,100.00,,
43.577729036,793551736,,instructions,52786495,100.00,4.15,insn per cycle
43.577729036,191434169,,cycles,52791225,100.00,,
43.677912977,35210,,rD044,52825670,100.00,,
43.677912977,828201,,rFF44,52826140,100.00,,
43.677912977,784329727,,instructions,52826690,100.00,4.09,insn per cycle
43.677912977,191608198,,cycles,52826910,100.00,,
43.778099968,34588,,rD044,52369155,100.00,,
43.778099968,820574,,rFF44,52363235,100.00,,
43.778099968,775228620,,instructions,52357905,100.00,4.08,insn per cycle
43.778099968,189811630,,cycles,52352955,100.00,,
43.878271938,35192,,rD044,51739733,100.00,,
43.878271938,820577,,rFF44,51739733,100.00,,
43.878271938,759015141,,instructions,51739733,100.00,4.05,insn per cycle
43.878271938,187297221,,cycles,51739733,100.00,,
43.978440218,4176,,rD044,51475990,100.00,,
43.978440218,782164,,rFF44,51484050,100.00,,
43.978440218,758082065,,instructions,51487610,100.00,4.07,insn per cycle
43.978440218,186369703,,cycles,51487610,100.00,,
44.078628729,35011,,rD044,51566561,100.00,,
44.078628729,817719,,rFF44,51558501,100.00,,
44.078628729,750527670,,instructions,51554941,100.00,4.02,insn per cycle
44.078628729,186627462,,cycles,51554941,100.00,,
44.178802640,35068,,rD044,52542174,100.00,,
44.178802640,814069,,rFF44,52548174,100.00,,
44.178802640,770479159,,instructions,52552684,100.00,4.04,insn per cycle
44.178802640,190549773,,cycles,52557254,100.00,,
44.278993080,34712,,rD044,52835479,100.00,,
44.278993080,830427,,rFF44,52835569,100.00,,
44.278993080,778952846,,instructions,52835599,100.00,4.06,insn per cycle
44.278993080,191651537,,cycles,52835739,100.00,,
44.379175271,34768,,rD044,52753325,100.00,,
44.379175271,782796,,rFF44,52753015,100.00,,
44.379175271,773933336,,instructions,52753645,100.00,4.05,insn per cycle
44.379175271,191303585,,cycles,52753736,100.00,,
44.479369841,35206,,rD044,52991489,100.00,,
44.479369841,812888,,rFF44,52991979,100.00,,
44.479369841,775583401,,instructions,52991579,100.00,4.03,insn per cycle
44.479369841,192226936,,cycles,52991308,100.00,,
44.579554912,34887,,rD044,52203472,100.00,,
44.579554912,807402,,rFF44,52197202,100.00,,
44.579554912,762544973,,instructions,52192432,100.00,4.03,insn per cycle
44.579554912,189183707,,cycles,52187902,100.00,,
44.679721342,34677,,rD044,52027099,100.00,,
44.679721342,808704,,rFF44,52027099,100.00,,
44.679721342,761737201,,instructions,52027099,100.00,4.04,insn per cycle
44.679721342,188522311,,cycles,52027099,100.00,,
44.779887513,4304,,rD044,51895141,100.00,,
44.779887513,788518,,rFF44,51902061,100.00,,
44.779887513,762713900,,instructions,51906852,100.00,4.06,insn per cycle
44.779887513,188008987,,cycles,51910112,100.00,,
44.880074374,34585,,rD044,52153134,100.00,,
44.880074374,823137,,rFF44,52146214,100.00,,
44.880074374,761700003,,instructions,52141423,100.00,4.03,insn per cycle
44.880074374,188913175,,cycles,52138163,100.00,,
44.980241884,35009,,rD044,51932368,100.00,,
44.980241884,815899,,rFF44,51932368,100.00,,
44.980241884,763826656,,instructions,51932368,100.00,4.06,insn per cycle
44.980241884,188092006,,cycles,51932368,100.00,,
45.080411134,34672,,rD044,51566624,100.00,,
45.080411134,778215,,rFF44,51571994,100.00,,
45.080411134,770584335,,instructions,51577224,100.00,4.13,insn per cycle
45.080411134,186748681,,cycles,51581474,100.00,,
45.180589595,34853,,rD044,51570884,100.00,,
45.180589595,801549,,rFF44,51571284,100.00,,
45.180589595,768051867,,instructions,51571184,100.00,4.11,insn per cycle
45.180589595,186890810,,cycles,51571145,100.00,,
45.280768965,34333,,rD044,52697925,100.00,,
45.280768965,811162,,rFF44,52697995,100.00,,
45.280768965,782795335,,instructions,52698015,100.00,4.10,insn per cycle
45.280768965,191108910,,cycles,52698464,100.00,,
45.380955776,35044,,rD044,52415772,100.00,,
45.380955776,817802,,rFF44,52416303,100.00,,
45.380955776,788873881,,instructions,52416223,100.00,4.15,insn per cycle
45.380955776,190045729,,cycles,52416373,100.00,,
45.481144257,34978,,rD044,52585266,100.00,,
45.481144257,822336,,rFF44,52584495,100.00,,
45.481144257,776644022,,instructions,52584185,100.00,4.07,insn per cycle
45.481144257,190673906,,cycles,52584005,100.00,,
45.581345607,4304,,rD044,52347571,100.00,,
45.581345607,779065,,rFF44,52341971,100.00,,
45.581345607,773023825,,instructions,52337211,100.00,4.07,insn per cycle
45.581345607,189716349,,cycles,52332581,100.00,,
45.681517258,35234,,rD044,51761547,100.00,,
45.681517258,810220,,rFF44,51761547,100.00,,
45.681517258,753938014,,instructions,51761547,100.00,4.02,insn per cycle
45.681517258,187462322,,cycles,51761547,100.00,,
45.781680548,34857,,rD044,51686413,100.00,,
45.781680548,821090,,rFF44,51691763,100.00,,
45.781680548,759493910,,instructions,51696423,100.00,4.06,insn per cycle
45.781680548,187173124,,cycles,51700673,100.00,,
45.881861929,34830,,rD044,51449752,100.00,,
45.881861929,787084,,rFF44,51444402,100.00,,
45.881861929,754366430,,instructions,51439742,100.00,4.05,insn per cycle
45.881861929,186132112,,cycles,51435492,100.00,,
45.982033149,34947,,rD044,52467927,100.00,,
45.982033149,832797,,rFF44,52474007,100.00,,
45.982033149,768510216,,instructions,52479017,100.00,4.04,insn per cycle
45.982033149,190225896,,cycles,52483377,100.00,,
46.082224590,34374,,rD044,52694519,100.00,,
46.082224590,824186,,rFF44,52694099,100.00,,
46.082224590,773684806,,instructions,52693719,100.00,4.05,insn per cycle
46.082224590,191084755,,cycles,52695039,100.00,,
46.182413371,35110,,rD044,53005495,100.00,,
46.182413371,816695,,rFF44,53005775,100.00,,
46.182413371,786069572,,instructions,53006515,100.00,4.09,insn per cycle
46.182413371,192255290,,cycles,53005405,100.00,,
46.282599831,4227,,rD044,52519046,100.00,,
46.282599831,776930,,rFF44,52513106,100.00,,
46.282599831,780691529,,instructions,52507736,100.00,4.10,insn per cycle
46.282599831,190363812,,cycles,52503166,100.00,,
46.382771622,34860,,rD044,51886265,100.00,,
46.382771622,807891,,rFF44,51894345,100.00,,
46.382771622,755637156,,instructions,51898075,100.00,4.02,insn per cycle
46.382771622,187979194,,cycles,51898075,100.00,,
46.482960452,34879,,rD044,51464262,100.00,,
46.482960452,827334,,rFF44,51456182,100.00,,
46.482960452,744922482,,instructions,51452452,100.00,4.00,insn per cycle
46.482960452,186218273,,cycles,51452452,100.00,,
46.583132843,34695,,rD044,51211015,100.00,,
46.583132843,798315,,rFF44,51211015,100.00,,
46.583132843,742746030,,instructions,51211015,100.00,4.01,insn per cycle
46.583132843,185268834,,cycles,51211015,100.00,,
46.683303573,34585,,rD044,51883352,100.00,,
46.683303573,814112,,rFF44,51889352,100.00,,
46.683303573,758311262,,instructions,51894362,100.00,4.03,insn per cycle
46.683303573,188041522,,cycles,51898452,100.00,,
46.783488994,35060,,rD044,52602232,100.00,,
46.783488994,816832,,rFF44,52602512,100.00,,
46.783488994,772913772,,instructions,52602442,100.00,4.05,insn per cycle
46.783488994,190710507,,cycles,52603082,100.00,,
46.883671675,34773,,rD044,52621240,100.00,,
46.883671675,807252,,rFF44,52620960,100.00,,
46.883671675,774652753,,instructions,52621290,100.00,4.06,insn per cycle
46.883671675,190803162,,cycles,52621350,100.00,,
46.983854185,4446,,rD044,52613168,100.00,,
46.983854185,791629,,rFF44,52607168,100.00,,
46.983854185,773373382,,instructions,52601898,100.00,4.06,insn per cycle
46.983854185,190702283,,cycles,52597108,100.00,,
47.084026465,34926,,rD044,51563491,100.00,,
47.084026465,814111,,rFF44,51563491,100.00,,
47.084026465,749391880,,instructions,51563491,100.00,4.01,insn per cycle
47.084026465,186751216,,cycles,51563491,100.00,,
47.184198296,34770,,rD044,52019029,100.00,,
47.184198296,829431,,rFF44,52019029,100.00,,
47.184198296,770215662,,instructions,52019029,100.00,4.09,insn per cycle
47.184198296,188454835,,cycles,52019029,100.00,,
47.284380537,35032,,rD044,52002485,100.00,,
47.284380537,822374,,rFF44,52002485,100.00,,
47.284380537,767315810,,instructions,52002485,100.00,4.07,insn per cycle
47.284380537,188365434,,cycles,52002485,100.00,,
47.384544277,34827,,rD044,51587121,100.00,,
47.384544277,782436,,rFF44,51587121,100.00,,
47.384544277,756113221,,instructions,51587121,100.00,4.05,insn per cycle
47.384544277,186757823,,cycles,51587121,100.00,,
47.484714577,34910,,rD044,51460262,100.00,,
47.484714577,800275,,rFF44,51460262,100.00,,
47.484714577,758660745,,instructions,51460262,100.00,4.07,insn per cycle
47.484714577,186428162,,cycles,51460262,100.00,,
47.584882548,35022,,rD044,52565336,100.00,,
47.584882548,820378,,rFF44,52571086,100.00,,
47.584882548,774488696,,instructions,52575826,100.00,4.06,insn per cycle
47.584882548,190624155,,cycles,52580906,100.00,,
47.685067648,4030,,rD044,52455093,100.00,,
47.685067648,785483,,rFF44,52454803,100.00,,
47.685067648,771444296,,instructions,52456103,100.00,4.06,insn per cycle
47.685067648,190191882,,cycles,52456283,100.00,,
47.785246969,35007,,rD044,52770170,100.00,,
47.785246969,830810,,rFF44,52770690,100.00,,
47.785246969,793659248,,instructions,52769200,100.00,4.15,insn per cycle
47.785246969,191368567,,cycles,52769160,100.00,,
47.885427069,34856,,rD044,51904962,100.00,,
47.885427069,820579,,rFF44,51898982,100.00,,
47.885427069,787558516,,instructions,51894432,100.00,4.19,insn per cycle
47.885427069,187997325,,cycles,51889212,100.00,,
47.985592790,34947,,rD044,51383777,100.00,,
47.985592790,818041,,rFF44,51383777,100.00,,
47.985592790,776345983,,instructions,51383777,100.00,4.18,insn per cycle
47.985592790,185930403,,cycles,51383777,100.00,,
48.085760310,34806,,rD044,51370399,100.00,,
48.085760310,821077,,rFF44,51373969,100.00,,
48.085760310,776279623,,instructions,51373969,100.00,4.18,insn per cycle
48.085760310,185914764,,cycles,51373969,100.00,,
48.185943881,34470,,rD044,52220873,100.00,,
48.185943881,789287,,rFF44,52223033,100.00,,
48.185943881,795164524,,instructions,52228063,100.00,4.20,insn per cycle
48.185943881,189243874,,cycles,52232263,100.00,,
48.286138131,34449,,rD044,52680254,100.00,,
48.286138131,824371,,rFF44,52680764,100.00,,
48.286138131,790391454,,instructions,52680644,100.00,4.14,insn per cycle
48.286138131,191060113,,cycles,52680804,100.00,,
48.386336222,34874,,rD044,52683238,100.00,,
48.386336222,823257,,rFF44,52682948,100.00,,
48.386336222,781809558,,instructions,52683708,100.00,4.09,insn per cycle
48.386336222,191054482,,cycles,52683988,100.00,,
48.486520943,34664,,rD044,52837354,100.00,,
48.486520943,812906,,rFF44,52837834,100.00,,
48.486520943,784539931,,instructions,52837834,100.00,4.09,insn per cycle
48.486520943,191608170,,cycles,52838024,100.00,,
48.586710953,35090,,rD044,52637526,100.00,,
48.586710953,811203,,rFF44,52631096,100.00,,
48.586710953,779789055,,instructions,52625426,100.00,4.09,insn per cycle
48.586710953,190780456,,cycles,52620596,100.00,,
48.686885214,4127,,rD044,51944075,100.00,,
48.686885214,780960,,rFF44,51951485,100.00,,
48.686885214,773104327,,instructions,51955115,100.00,4.11,insn per cycle
48.686885214,188179714,,cycles,51955115,100.00,,
48.787073625,35195,,rD044,52113157,100.00,,
48.787073625,820519,,rFF44,52105747,100.00,,
48.787073625,772214479,,instructions,52109907,100.00,4.09,insn per cycle
48.787073625,188836808,,cycles,52114367,100.00,,
48.887255585,34717,,rD044,52082064,100.00,,
48.887255585,827242,,rFF44,52082064,100.00,,
48.887255585,772139816,,instructions,52074274,100.00,4.09,insn per cycle
48.887255585,188678586,,cycles,52069814,100.00,,
48.987426655,34661,,rD044,52092937,100.00,,
48.987426655,822118,,rFF44,52092937,100.00,,
48.987426655,770959722,,instructions,52092937,100.00,4.08,insn per cycle
48.987426655,188740872,,cycles,52092937,100.00,,
49.087595556,34353,,rD044,51769620,100.00,,
49.087595556,777786,,rFF44,51769620,100.00,,
49.087595556,769315677,,instructions,51769620,100.00,4.10,insn per cycle
49.087595556,187504738,,cycles,51769620,100.00,,
49.187777716,35145,,rD044,52062041,100.00,,
49.187777716,819981,,rFF44,52066691,100.00,,
49.187777716,769721478,,instructions,52066691,100.00,4.08,insn per cycle
49.187777716,188614180,,cycles,52066691,100.00,,
49.287960577,35197,,rD044,52367560,100.00,,
49.287960577,820787,,rFF44,52368970,100.00,,
49.287960577,777088429,,instructions,52373580,100.00,4.09,insn per cycle
49.287960577,189852059,,cycles,52378180,100.00,,
49.388139477,35407,,rD044,52384881,100.00,,
49.388139477,815826,,rFF44,52384791,100.00,,
49.388139477,777233626,,instructions,52385751,100.00,4.09,insn per cycle
49.388139477,189911876,,cycles,52386971,100.00,,
49.488333218,4388,,rD044,52826516,100.00,,
49.488333218,796678,,rFF44,52826346,100.00,,
49.488333218,788913522,,instructions,52826146,100.00,4.12,insn per cycle
49.488333218,191594865,,cycles,52825516,100.00,,
49.588516099,34665,,rD044,52705884,100.00,,
49.588516099,818898,,rFF44,52705964,100.00,,
49.588516099,782637583,,instructions,52705284,100.00,4.09,insn per cycle
49.588516099,191124928,,cycles,52704564,100.00,,
49.688701439,34616,,rD044,52628934,100.00,,
49.688701439,809883,,rFF44,52628504,100.00,,
49.688701439,782130636,,instructions,52628604,100.00,4.10,insn per cycle
49.688701439,190822801,,cycles,52629235,100.00,,
49.788888730,34918,,rD044,51341964,100.00,,
49.788888730,805502,,rFF44,51341994,100.00,,
49.788888730,758855645,,instructions,51341964,100.00,4.08,insn per cycle
49.788888730,186009610,,cycles,51341293,100.00,,
49.889069550,34936,,rD044,52619550,100.00,,
49.889069550,817673,,rFF44,52614070,100.00,,
49.889069550,789367219,,instructions,52609310,100.00,4.14,insn per cycle
49.889069550,190729842,,cycles,52604880,100.00,,
49.989238231,34991,,rD044,51632601,100.00,,
49.989238231,796479,,rFF44,51632601,100.00,,
49.989238231,770661705,,instructions,51632601,100.00,4.12,insn per cycle
49.989238231,186979944,,cycles,51632601,100.00,,
50.089407411,34717,,rD044,51670879,100.00,,
50.089407411,826280,,rFF44,51670879,100.00,,
50.089407411,770510213,,instructions,51670879,100.00,4.12,insn per cycle
50.089407411,187091547,,cycles,51670879,100.00,,
50.189576322,35212,,rD044,51824609,100.00,,
50.189576322,821087,,rFF44,51824609,100.00,,
50.189576322,770659034,,instructions,51824609,100.00,4.11,insn per cycle
50.189576322,187657812,,cycles,51824609,100.00,,
50.289749712,34903,,rD044,51782922,100.00,,
50.289749712,818303,,rFF44,51782922,100.00,,
50.289749712,770669180,,instructions,51782922,100.00,4.11,insn per cycle
50.289749712,187513654,,cycles,51782922,100.00,,
50.389922753,4419,,rD044,52324594,100.00,,
50.389922753,786168,,rFF44,52330094,100.00,,
50.389922753,784434948,,instructions,52334764,100.00,4.14,insn per cycle
50.389922753,189679617,,cycles,52338784,100.00,,
50.490104413,34857,,rD044,52796678,100.00,,
50.490104413,813369,,rFF44,52796928,100.00,,
50.490104413,789099394,,instructions,52797568,100.00,4.12,insn per cycle
50.490104413,191491931,,cycles,52798298,100.00,,
50.590284273,34881,,rD044,52781108,100.00,,
50.590284273,826435,,rFF44,52781038,100.00,,
50.590284273,784950043,,instructions,52780548,100.00,4.10,insn per cycle
50.590284273,191427475,,cycles,52780638,100.00,,
50.690467144,34727,,rD044,52785185,100.00,,
50.690467144,831939,,rFF44,52785485,100.00,,
50.690467144,782857763,,instructions,52785295,100.00,4.09,insn per cycle
50.690467144,191421940,,cycles,52785725,100.00,,
50.790648095,34882,,rD044,51826328,100.00,,
50.790648095,783782,,rFF44,51820348,100.00,,
50.790648095,768499345,,instructions,51815718,100.00,4.09,insn per cycle
50.790648095,187687893,,cycles,51810448,100.00,,
50.890820975,34748,,rD044,51667001,100.00,,
50.890820975,812618,,rFF44,51667001,100.00,,
50.890820975,766671174,,instructions,51667001,100.00,4.10,insn per cycle
50.890820975,187077414,,cycles,51667001,100.00,,
50.990990896,34868,,rD044,51882474,100.00,,
50.990990896,824379,,rFF44,51882474,100.00,,
50.990990896,767985301,,instructions,51882474,100.00,4.09,insn per cycle
50.990990896,187895287,,cycles,51882474,100.00,,
51.091163736,34735,,rD044,51799951,100.00,,
51.091163736,821096,,rFF44,51805611,100.00,,
51.091163736,766699999,,instructions,51809741,100.00,4.09,insn per cycle
51.091163736,187631453,,cycles,51809741,100.00,,
51.191361927,4353,,rD044,52642606,100.00,,
51.191361927,800902,,rFF44,52642906,100.00,,
51.191361927,787013950,,instructions,52644636,100.00,4.12,insn per cycle
51.191361927,190883673,,cycles,52649336,100.00,,
51.291547617,34913,,rD044,52848906,100.00,,
51.291547617,825112,,rFF44,52849046,100.00,,
51.291547617,785687482,,instructions,52848606,100.00,4.10,insn per cycle
51.291547617,191665118,,cycles,52849576,100.00,,
51.391737168,34921,,rD044,52782004,100.00,,
51.391737168,807753,,rFF44,52781754,100.00,,
51.391737168,781219909,,instructions,52781814,100.00,4.08,insn per cycle
51.391737168,191415661,,cycles,52781154,100.00,,
51.491924269,34765,,rD044,52670998,100.00,,
51.491924269,812276,,rFF44,52670808,100.00,,
51.491924269,779193905,,instructions,52669518,100.00,4.08,insn per cycle
51.491924269,191000276,,cycles,52668678,100.00,,
51.592111379,34913,,rD044,51834723,100.00,,
51.592111379,782297,,rFF44,51835553,100.00,,
51.592111379,765699491,,instructions,51831363,100.00,4.08,insn per cycle
51.592111379,187759871,,cycles,51827193,100.00,,
51.692294490,34519,,rD044,51970537,100.00,,
51.692294490,817758,,rFF44,51964047,100.00,,
51.692294490,765625773,,instructions,51964047,100.00,4.07,insn per cycle
51.692294490,188297934,,cycles,51964047,100.00,,
51.792467240,35140,,rD044,52069071,100.00,,
51.792467240,840188,,rFF44,52069071,100.00,,
51.792467240,765919528,,instructions,52069071,100.00,4.06,insn per cycle
51.792467240,188612799,,cycles,52069071,100.00,,
51.892639931,34562,,rD044,52063018,100.00,,
51.892639931,820850,,rFF44,52063018,100.00,,
51.892639931,765732556,,instructions,52063018,100.00,4.06,insn per cycle
51.892639931,188664315,,cycles,52071228,100.00,,
51.992819021,4283,,rD044,51855901,100.00,,
51.992819021,785735,,rFF44,51863521,100.00,,
51.992819021,765929369,,instructions,51866791,100.00,4.08,insn per cycle
51.992819021,187808646,,cycles,51858581,100.00,,
52.093001462,34622,,rD044,51931212,100.00,,
52.093001462,802714,,rFF44,51923592,100.00,,
52.093001462,766219584,,instructions,51920322,100.00,4.07,insn per cycle
52.093001462,188206353,,cycles,51920322,100.00,,
52.193169792,35128,,rD044,52428491,100.00,,
52.193169792,822883,,rFF44,52434391,100.00,,
52.193169792,771410773,,instructions,52439341,100.00,4.06,insn per cycle
52.193169792,190078665,,cycles,52443961,100.00,,
52.293377083,35048,,rD044,52681678,100.00,,
52.293377083,823721,,rFF44,52681378,100.00,,
52.293377083,776231008,,instructions,52682028,100.00,4.06,insn per cycle
52.293377083,191036767,,cycles,52682618,100.00,,
52.393561354,34766,,rD044,52897737,100.00,,
52.393561354,798183,,rFF44,52897987,100.00,,
52.393561354,783279484,,instructions,52897287,100.00,4.08,insn per cycle
52.393561354,191855776,,cycles,52896917,100.00,,
52.493741704,35028,,rD044,52628468,100.00,,
52.493741704,816955,,rFF44,52629098,100.00,,
52.493741704,775825894,,instructions,52629318,100.00,4.06,insn per cycle
52.493741704,190871949,,cycles,52628938,100.00,,
52.593925725,34708,,rD044,52858226,100.00,,
52.593925725,813456,,rFF44,52857746,100.00,,
52.593925725,781957345,,instructions,52857516,100.00,4.08,insn per cycle
52.593925725,191718683,,cycles,52857876,100.00,,
52.694110255,34547,,rD044,52542890,100.00,,
52.694110255,815378,,rFF44,52536890,100.00,,
52.694110255,774206613,,instructions,52532000,100.00,4.06,insn per cycle
52.694110255,190485245,,cycles,52527180,100.00,,
52.794279526,4297,,rD044,51833460,100.00,,
52.794279526,779506,,rFF44,51833460,100.00,,
52.794279526,765472789,,instructions,51833460,100.00,4.08,insn per cycle
52.794279526,187736711,,cycles,51833460,100.00,,
52.894456366,35047,,rD044,51948330,100.00,,
52.894456366,830118,,rFF44,51948330,100.00,,
52.894456366,767468073,,instructions,51948330,100.00,4.08,insn per cycle
52.894456366,188192272,,cycles,51948330,100.00,,
52.994617807,34859,,rD044,51931527,100.00,,
52.994617807,837476,,rFF44,51931527,100.00,,
52.994617807,769893207,,instructions,51931527,100.00,4.09,insn per cycle
52.994617807,188087637,,cycles,51931527,100.00,,
53.094784247,34834,,rD044,51792958,100.00,,
53.094784247,816560,,rFF44,51792958,100.00,,
53.094784247,769694410,,instructions,51792958,100.00,4.10,insn per cycle
53.094784247,187597011,,cycles,51792958,100.00,,
53.194953827,35228,,rD044,52015689,100.00,,
53.194953827,798810,,rFF44,52021769,100.00,,
53.194953827,774951649,,instructions,52027409,100.00,4.11,insn per cycle
53.194953827,188490792,,cycles,52032129,100.00,,
53.295136398,35386,,rD044,52823253,100.00,,
53.295136398,844016,,rFF44,52822983,100.00,,
53.295136398,784270608,,instructions,52822453,100.00,4.09,insn per cycle
53.295136398,191520419,,cycles,52823273,100.00,,
53.395326749,35031,,rD044,52680597,100.00,,
53.395326749,838230,,rFF44,52680647,100.00,,
53.395326749,783866174,,instructions,52681377,100.00,4.10,insn per cycle
53.395326749,191038661,,cycles,52681437,100.00,,
53.495508429,34594,,rD044,52907551,100.00,,
53.495508429,852859,,rFF44,52906981,100.00,,
53.495508429,790139852,,instructions,52905991,100.00,4.12,insn per cycle
53.495508429,191901289,,cycles,52905971,100.00,,
53.595695000,35148,,rD044,52737727,100.00,,
53.595695000,848581,,rFF44,52732437,100.00,,
53.595695000,783821638,,instructions,52727587,100.00,4.10,insn per cycle
53.595695000,191190538,,cycles,52722007,100.00,,
53.695868160,4272,,rD044,51602121,100.00,,
53.695868160,806784,,rFF44,51602121,100.00,,
53.695868160,766691895,,instructions,51602121,100.00,4.10,insn per cycle
53.695868160,186839728,,cycles,51602121,100.00,,
53.796046811,35169,,rD044,51810860,100.00,,
53.796046811,838729,,rFF44,51810860,100.00,,
53.796046811,766682002,,instructions,51819030,100.00,4.09,insn per cycle
53.796046811,187636817,,cycles,51823580,100.00,,
53.896231111,35129,,rD044,51783293,100.00,,
53.896231111,840083,,rFF44,51783293,100.00,,
53.896231111,766595006,,instructions,51775123,100.00,4.09,insn per cycle
53.896231111,187472728,,cycles,51770573,100.00,,
53.996409202,35181,,rD044,51946888,100.00,,
53.996409202,847337,,rFF44,51952418,100.00,,
53.996409202,769753406,,instructions,51957488,100.00,4.09,insn per cycle
53.996409202,188213766,,cycles,51962028,100.00,,
54.096593633,34928,,rD044,53155110,100.00,,
54.096593633,860312,,rFF44,53155280,100.00,,
54.096593633,790394586,,instructions,53155190,100.00,4.10,insn per cycle
54.096593633,192835398,,cycles,53155290,100.00,,
54.196784003,35369,,rD044,52994525,100.00,,
54.196784003,818210,,rFF44,52994525,100.00,,
54.196784003,790094315,,instructions,52994885,100.00,4.11,insn per cycle
54.196784003,192210289,,cycles,52994975,100.00,,
54.296970214,35043,,rD044,52956721,100.00,,
54.296970214,833126,,rFF44,52951021,100.00,,
54.296970214,786013985,,instructions,52945681,100.00,4.09,insn per cycle
54.296970214,192015382,,cycles,52940951,100.00,,
54.397144554,34854,,rD044,51671755,100.00,,
54.397144554,823630,,rFF44,51677565,100.00,,
54.397144554,761872796,,instructions,51682835,100.00,4.07,insn per cycle
54.397144554,187274728,,cycles,51687255,100.00,,
54.497342835,34831,,rD044,52378122,100.00,,
54.497342835,834989,,rFF44,52376132,100.00,,
54.497342835,774920825,,instructions,52370862,100.00,4.08,insn per cycle
54.497342835,189820730,,cycles,52366442,100.00,,
54.597523236,4207,,rD044,51817623,100.00,,
54.597523236,812993,,rFF44,51813803,100.00,,
54.597523236,768067567,,instructions,51813803,100.00,4.09,insn per cycle
54.597523236,187619639,,cycles,51813803,100.00,,
54.697697916,35230,,rD044,52159320,100.00,,
54.697697916,856222,,rFF44,52159320,100.00,,
54.697697916,768118909,,instructions,52159320,100.00,4.06,insn per cycle
54.697697916,188992003,,cycles,52159320,100.00,,
54.797866697,34857,,rD044,52133333,100.00,,
54.797866697,838718,,rFF44,52133333,100.00,,
54.797866697,768018092,,instructions,52133333,100.00,4.07,insn per cycle
54.797866697,188896257,,cycles,52133333,100.00,,
54.898036847,35108,,rD044,52132448,100.00,,
54.898036847,831967,,rFF44,52139018,100.00,,
54.898036847,767995460,,instructions,52139018,100.00,4.07,insn per cycle
54.898036847,188855224,,cycles,52139018,100.00,,
54.998231708,35044,,rD044,51844154,100.00,,
54.998231708,799820,,rFF44,51844445,100.00,,
54.998231708,768595738,,instructions,51849435,100.00,4.09,insn per cycle
54.998231708,187727616,,cycles,51854225,100.00,,
55.098413418,34893,,rD044,52782603,100.00,,
55.098413418,838568,,rFF44,52781372,100.00,,
55.098413418,780852767,,instructions,52781452,100.00,4.08,insn per cycle
55.098413418,191396106,,cycles,52781632,100.00,,
55.198596839,34754,,rD044,52757040,100.00,,
55.198596839,842220,,rFF44,52757400,100.00,,
55.198596839,782036500,,instructions,52757000,100.00,4.09,insn per cycle
55.198596839,191282513,,cycles,52755990,100.00,,
55.298781069,35364,,rD044,52644439,100.00,,
55.298781069,848095,,rFF44,52644539,100.00,,
55.298781069,779133504,,instructions,52645159,100.00,4.08,insn per cycle
55.298781069,190874051,,cycles,52645419,100.00,,
55.398965520,34600,,rD044,52803558,100.00,,
55.398965520,830871,,rFF44,52802938,100.00,,
55.398965520,784077039,,instructions,52803188,100.00,4.10,insn per cycle
55.398965520,191456634,,cycles,52803638,100.00,,
55.499150431,4276,,rD044,52803118,100.00,,
55.499150431,799769,,rFF44,52803228,100.00,,
55.499150431,788348461,,instructions,52803318,100.00,4.12,insn per cycle
55.499150431,191482326,,cycles,52803898,100.00,,
55.599341411,35116,,rD044,52832319,100.00,,
55.599341411,836572,,rFF44,52826739,100.00,,
55.599341411,782514309,,instructions,52821109,100.00,4.09,insn per cycle
55.599341411,191523415,,cycles,52815859,100.00,,
55.699507462,34800,,rD044,52144503,100.00,,
55.699507462,830853,,rFF44,52144503,100.00,,
55.699507462,771270392,,instructions,52144503,100.00,4.08,insn per cycle
55.699507462,188957089,,cycles,52144503,100.00,,
55.799673832,34910,,rD044,51997888,100.00,,
55.799673832,846643,,rFF44,51997888,100.00,,
55.799673832,772959882,,instructions,51997888,100.00,4.10,insn per cycle
55.799673832,188343458,,cycles,51997888,100.00,,
55.899841782,35119,,rD044,51915469,100.00,,
55.899841782,808709,,rFF44,51915469,100.00,,
55.899841782,774066444,,instructions,51915469,100.00,4.12,insn per cycle
55.899841782,188003345,,cycles,51915469,100.00,,
56.000010403,35038,,rD044,52122976,100.00,,
56.000010403,843787,,rFF44,52128206,100.00,,
56.000010403,774509677,,instructions,52128206,100.00,4.10,insn per cycle
56.000010403,188800057,,cycles,52128206,100.00,,
56.100183763,35048,,rD044,51954608,100.00,,
56.100183763,830283,,rFF44,51949378,100.00,,
56.100183763,774145551,,instructions,51949378,100.00,4.11,insn per cycle
56.100183763,188169048,,cycles,51956968,100.00,,
56.200366834,34962,,rD044,52166998,100.00,,
56.200366834,834579,,rFF44,52172938,100.00,,
56.200366834,777538880,,instructions,52177638,100.00,4.11,insn per cycle
56.200366834,189022783,,cycles,52174648,100.00,,
56.300559785,35270,,rD044,52311133,100.00,,
56.300559785,836478,,rFF44,52310883,100.00,,
56.300559785,781212938,,instructions,52312103,100.00,4.12,insn per cycle
56.300559785,189630984,,cycles,52311783,100.00,,
56.400747585,4354,,rD044,52862667,100.00,,
56.400747585,820680,,rFF44,52862887,100.00,,
56.400747585,791705511,,instructions,52861817,100.00,4.13,insn per cycle
56.400747585,191679993,,cycles,52862147,100.00,,
56.500932716,34847,,rD044,52590088,100.00,,
56.500932716,840490,,rFF44,52589958,100.00,,
56.500932716,780813948,,instructions,52590338,100.00,4.10,insn per cycle
56.500932716,190671730,,cycles,52590298,100.00,,
56.601112766,35188,,rD044,52715543,100.00,,
56.601112766,831130,,rFF44,52715613,100.00,,
56.601112766,782949217,,instructions,52715163,100.00,4.10,insn per cycle
56.601112766,191153119,,cycles,52715693,100.00,,
56.701298557,34620,,rD044,51549212,100.00,,
56.701298557,824764,,rFF44,51549362,100.00,,
56.701298557,762926097,,instructions,51549742,100.00,4.09,insn per cycle
56.701298557,186732967,,cycles,51549182,100.00,,
56.801484417,34926,,rD044,52616927,100.00,,
56.801484417,797365,,rFF44,52616927,100.00,,
56.801484417,784502125,,instructions,52616537,100.00,4.11,insn per cycle
56.801484417,190749306,,cycles,52616697,100.00,,
56.901673428,35182,,rD044,52408745,100.00,,
56.901673428,836715,,rFF44,52402745,100.00,,
56.901673428,778673589,,instructions,52397975,100.00,4.10,insn per cycle
56.901673428,189931742,,cycles,52393275,100.00,,
57.001847069,35454,,rD044,51999570,100.00,,
57.001847069,848750,,rFF44,52007260,100.00,,
57.001847069,770109384,,instructions,52011300,100.00,4.09,insn per cycle
57.001847069,188439860,,cycles,52011300,100.00,,
57.102034549,34731,,rD044,52108219,100.00,,
57.102034549,839492,,rFF44,52103309,100.00,,
57.102034549,770231253,,instructions,52099269,100.00,4.08,insn per cycle
57.102034549,188736226,,cycles,52099269,100.00,,
57.202212430,34973,,rD044,51987947,100.00,,
57.202212430,833581,,rFF44,51985167,100.00,,
57.202212430,768929128,,instructions,51985167,100.00,4.08,insn per cycle
57.202212430,188277171,,cycles,51985167,100.00,,
57.302397840,4246,,rD044,51885321,100.00,,
57.302397840,810748,,rFF44,51885321,100.00,,
57.302397840,771962175,,instructions,51885321,100.00,4.11,insn per cycle
57.302397840,187874418,,cycles,51885321,100.00,,
57.402571651,34770,,rD044,52007210,100.00,,
57.402571651,839589,,rFF44,52007210,100.00,,
57.402571651,771809820,,instructions,52007210,100.00,4.10,insn per cycle
57.402571651,188356899,,cycles,52007210,100.00,,
57.502743891,34790,,rD044,52563008,100.00,,
57.502743891,838370,,rFF44,52568288,100.00,,
57.502743891,782682740,,instructions,52573838,100.00,4.11,insn per cycle
57.502743891,190611400,,cycles,52578408,100.00,,
57.602931102,34997,,rD044,52923522,100.00,,
57.602931102,853381,,rFF44,52924192,100.00,,
57.602931102,789872712,,instructions,52923162,100.00,4.12,insn per cycle
57.602931102,191943837,,cycles,52923022,100.00,,
57.703112383,34851,,rD044,52726293,100.00,,
57.703112383,802115,,rFF44,52726403,100.00,,
57.703112383,787183046,,instructions,52726863,100.00,4.12,insn per cycle
57.703112383,191190406,,cycles,52726863,100.00,,
57.803295113,34797,,rD044,52573015,100.00,,
57.803295113,831629,,rFF44,52572895,100.00,,
57.803295113,782595835,,instructions,52573065,100.00,4.11,insn per cycle
57.803295113,190603739,,cycles,52573525,100.00,,
57.903480344,34879,,rD044,52732590,100.00,,
57.903480344,833333,,rFF44,52726650,100.00,,
57.903480344,784609854,,instructions,52721500,100.00,4.10,insn per cycle
57.903480344,191149077,,cycles,52716610,100.00,,
58.003656274,35380,,rD044,51643120,100.00,,
58.003656274,831883,,rFF44,51643120,100.00,,
58.003656274,771724261,,instructions,51643120,100.00,4.13,insn per cycle
58.003656274,187047626,,cycles,51643120,100.00,,
58.103825475,35182,,rD044,51599348,100.00,,
58.103825475,854762,,rFF44,51599348,100.00,,
58.103825475,772018827,,instructions,51599348,100.00,4.13,insn per cycle
58.103825475,186776905,,cycles,51599348,100.00,,
58.203990415,4380,,rD044,51388363,100.00,,
58.203990415,814522,,rFF44,51388363,100.00,,
58.203990415,771964645,,instructions,51388363,100.00,4.15,insn per cycle
58.203990415,186003351,,cycles,51388363,100.00,,
58.304158916,35010,,rD044,50884069,100.00,,
58.304158916,831875,,rFF44,50889719,100.00,,
58.304158916,758637990,,instructions,50894669,100.00,4.12,insn per cycle
58.304158916,184233253,,cycles,50899359,100.00,,
58.404351426,34428,,rD044,52191589,100.00,,
58.404351426,816453,,rFF44,52185939,100.00,,
58.404351426,785226451,,instructions,52180989,100.00,4.15,insn per cycle
58.404351426,189163893,,cycles,52176299,100.00,,
58.504521317,35391,,rD044,51353367,100.00,,
58.504521317,812874,,rFF44,51353367,100.00,,
58.504521317,771703573,,instructions,51353367,100.00,4.15,insn per cycle
58.504521317,185928256,,cycles,51353367,100.00,,
58.604695307,34836,,rD044,51361894,100.00,,
58.604695307,783752,,rFF44,51361894,100.00,,
58.604695307,771372169,,instructions,51361894,100.00,4.15,insn per cycle
58.604695307,185895328,,cycles,51361894,100.00,,
58.704859587,34853,,rD044,51492582,100.00,,
58.704859587,826959,,rFF44,51495882,100.00,,
58.704859587,775715139,,instructions,51495882,100.00,4.16,insn per cycle
58.704859587,186421917,,cycles,51495882,100.00,,
58.805035858,35034,,rD044,52159434,100.00,,
58.805035858,819855,,rFF44,52162184,100.00,,
58.805035858,787893872,,instructions,52167524,100.00,4.17,insn per cycle
58.805035858,189040853,,cycles,52172084,100.00,,
58.905225759,35381,,rD044,52824147,100.00,,
58.905225759,815634,,rFF44,52824077,100.00,,
58.905225759,794197604,,instructions,52824037,100.00,4.15,insn per cycle
58.905225759,191552005,,cycles,52824877,100.00,,
59.005406649,34471,,rD044,52510390,100.00,,
59.005406649,808973,,rFF44,52510950,100.00,,
59.005406649,788288848,,instructions,52510500,100.00,4.14,insn per cycle
59.005406649,190406255,,cycles,52509220,100.00,,
59.105594620,4348,,rD044,51483382,100.00,,
59.105594620,775671,,rFF44,51482622,100.00,,
59.105594620,775150123,,instructions,51482592,100.00,4.16,insn per cycle
59.105594620,186522540,,cycles,51483042,100.00,,
59.205782141,34807,,rD044,52862745,100.00,,
59.205782141,823882,,rFF44,52863285,100.00,,
59.205782141,794173897,,instructions,52864235,100.00,4.14,insn per cycle
59.205782141,191731042,,cycles,52864895,100.00,,
59.305966841,34855,,rD044,52111572,100.00,,
59.305966841,831934,,rFF44,52105252,100.00,,
59.305966841,774952764,,instructions,52099482,100.00,4.10,insn per cycle
59.305966841,188789549,,cycles,52094252,100.00,,
59.406137672,34755,,rD044,51686311,100.00,,
59.406137672,825996,,rFF44,51686311,100.00,,
59.406137672,764911931,,instructions,51686311,100.00,4.09,insn per cycle
59.406137672,187131892,,cycles,51686311,100.00,,
59.506309922,35002,,rD044,51624604,100.00,,
59.506309922,807078,,rFF44,51624604,100.00,,
59.506309922,764773347,,instructions,51624604,100.00,4.09,insn per cycle
59.506309922,186911807,,cycles,51624604,100.00,,
59.606481923,34527,,rD044,51360701,100.00,,
59.606481923,773542,,rFF44,51360701,100.00,,
59.606481923,764557842,,instructions,51360701,100.00,4.11,insn per cycle
59.606481923,185921467,,cycles,51360701,100.00,,
59.706655043,35109,,rD044,52086872,100.00,,
59.706655043,819298,,rFF44,52092802,100.00,,
59.706655043,771867955,,instructions,52098172,100.00,4.09,insn per cycle
59.706655043,188727506,,cycles,52102322,100.00,,
59.806841454,34837,,rD044,52747918,100.00,,
59.806841454,823925,,rFF44,52747678,100.00,,
59.806841454,784860352,,instructions,52747688,100.00,4.10,insn per cycle
59.806841454,191278029,,cycles,52748018,100.00,,
59.907026344,34675,,rD044,52880363,100.00,,
59.907026344,834682,,rFF44,52880423,100.00,,
59.907026344,784980324,,instructions,52880113,100.00,4.09,insn per cycle
59.907026344,191738565,,cycles,52880013,100.00,,
60.007212465,4575,,rD044,52594093,100.00,,
60.007212465,777125,,rFF44,52588343,100.00,,
60.007212465,785555761,,instructions,52583273,100.00,4.12,insn per cycle
60.007212465,190597389,,cycles,52578893,100.00,,
60.107400325,34656,,rD044,51672405,100.00,,
60.107400325,811284,,rFF44,51672405,100.00,,
60.107400325,764865836,,instructions,51672405,100.00,4.09,insn per cycle
60.107400325,187108153,,cycles,51672405,100.00,,
60.207564616,34706,,rD044,51802458,100.00,,
60.207564616,812718,,rFF44,51809158,100.00,,
60.207564616,765970201,,instructions,51809158,100.00,4.08,insn per cycle
60.207564616,187570637,,cycles,51809158,100.00,,
60.307752496,34681,,rD044,51986409,100.00,,
60.307752496,821014,,rFF44,51979709,100.00,,
60.307752496,762386324,,instructions,51979709,100.00,4.05,insn per cycle
60.307752496,188273582,,cycles,51979709,100.00,,
60.407920837,34913,,rD044,51852470,100.00,,
60.407920837,798443,,rFF44,51852470,100.00,,
60.407920837,762358625,,instructions,51852470,100.00,4.06,insn per cycle
60.407920837,187723711,,cycles,51852470,100.00,,
60.508099137,34650,,rD044,52846557,100.00,,
60.508099137,833939,,rFF44,52852207,100.00,,
60.508099137,776980108,,instructions,52857667,100.00,4.05,insn per cycle
60.508099137,191672789,,cycles,52862427,100.00,,
60.608285758,34880,,rD044,51080212,100.00,,
60.608285758,795545,,rFF44,51080722,100.00,,
60.608285758,749069481,,instructions,51080812,100.00,4.05,insn per cycle
60.608285758,185012977,,cycles,51080622,100.00,,
60.708468469,34372,,rD044,52502115,100.00,,
60.708468469,805295,,rFF44,52501616,100.00,,
60.708468469,773481506,,instructions,52501106,100.00,4.06,insn per cycle
60.708468469,190351574,,cycles,52501026,100.00,,
60.808650619,4533,,rD044,52507582,100.00,,
60.808650619,778942,,rFF44,52507671,100.00,,
60.808650619,777718869,,instructions,52507721,100.00,4.09,insn per cycle
60.808650619,190318324,,cycles,52507151,100.00,,
60.908829410,34841,,rD044,52735837,100.00,,
60.908829410,812327,,rFF44,52736167,100.00,,
60.908829410,777404445,,instructions,52735797,100.00,4.07,insn per cycle
60.908829410,191190979,,cycles,52736997,100.00,,
61.009016220,34854,,rD044,52770907,100.00,,
61.009016220,828190,,rFF44,52770867,100.00,,
61.009016220,776810290,,instructions,52770917,100.00,4.06,insn per cycle
61.009016220,191362986,,cycles,52769717,100.00,,
61.109199031,34435,,rD044,52432709,100.00,,
61.109199031,821374,,rFF44,52426669,100.00,,
61.109199031,771548261,,instructions,52421899,100.00,4.06,insn per cycle
61.109199031,190045089,,cycles,52417979,100.00,,
61.209376591,34768,,rD044,51775142,100.00,,
61.209376591,769740,,rFF44,51775142,100.00,,
61.209376591,762173941,,instructions,51775142,100.00,4.06,insn per cycle
61.209376591,187511271,,cycles,51775142,100.00,,
61.309540692,34358,,rD044,51938964,100.00,,
61.309540692,817072,,rFF44,51938964,100.00,,
61.309540692,762420967,,instructions,51938964,100.00,4.05,insn per cycle
61.309540692,188086572,,cycles,51938964,100.00,,
61.409706972,34931,,rD044,51861564,100.00,,
61.409706972,802386,,rFF44,51867314,100.00,,
61.409706972,763642515,,instructions,51867314,100.00,4.06,insn per cycle
61.409706972,187999720,,cycles,51867314,100.00,,
61.509887433,34617,,rD044,51674441,100.00,,
61.509887433,815017,,rFF44,51668691,100.00,,
61.509887433,763008941,,instructions,51668691,100.00,4.08,insn per cycle
61.509887433,187067819,,cycles,51668691,100.00,,
61.610054803,4252,,rD044,51562488,100.00,,
61.610054803,796135,,rFF44,51565328,100.00,,
61.610054803,763056750,,instructions,51565328,100.00,4.09,insn per cycle
61.610054803,186620368,,cycles,51565328,100.00,,
61.710227093,34865,,rD044,52695825,100.00,,
61.710227093,821506,,rFF44,52698565,100.00,,
61.710227093,780248956,,instructions,52703605,100.00,4.08,insn per cycle
61.710227093,191110081,,cycles,52709016,100.00,,
61.810412694,34883,,rD044,52493369,100.00,,
61.810412694,807648,,rFF44,52493359,100.00,,
61.810412694,778722585,,instructions,52493129,100.00,4.09,insn per cycle
61.810412694,190321815,,cycles,52492438,100.00,,
61.910598615,34807,,rD044,52806397,100.00,,
61.910598615,814319,,rFF44,52805727,100.00,,
61.910598615,783914163,,instructions,52805547,100.00,4.09,insn per cycle
61.910598615,191492930,,cycles,52805257,100.00,,
62.010780175,34744,,rD044,52333822,100.00,,
62.010780175,778115,,rFF44,52328922,100.00,,
62.010780175,777370203,,instructions,52324292,100.00,4.10,insn per cycle
62.010780175,189703774,,cycles,52319862,100.00,,
62.110951096,34870,,rD044,51702263,100.00,,
62.110951096,822571,,rFF44,51702263,100.00,,
62.110951096,763153729,,instructions,51702263,100.00,4.08,insn per cycle
62.110951096,187180920,,cycles,51702263,100.00,,
62.211125006,35058,,rD044,51763259,100.00,,
62.211125006,827898,,rFF44,51763259,100.00,,
62.211125006,763170210,,instructions,51763259,100.00,4.07,insn per cycle
62.211125006,187433511,,cycles,51763259,100.00,,
62.311297847,34539,,rD044,51633865,100.00,,
62.311297847,813457,,rFF44,51641176,100.00,,
62.311297847,763140629,,instructions,51646636,100.00,4.08,insn per cycle
62.311297847,187005185,,cycles,51646636,100.00,,
62.411486447,4342,,rD044,51754429,100.00,,
62.411486447,780990,,rFF44,51753298,100.00,,
62.411486447,766465843,,instructions,51752778,100.00,4.09,insn per cycle
62.411486447,187430846,,cycles,51757768,100.00,,
62.511672578,34765,,rD044,52857993,100.00,,
62.511672578,823196,,rFF44,52858123,100.00,,
62.511672578,797335345,,instructions,52858763,100.00,4.16,insn per cycle
62.511672578,191726264,,cycles,52858633,100.00,,
62.611859698,34670,,rD044,52801844,100.00,,
62.611859698,818814,,rFF44,52801674,100.00,,
62.611859698,804367754,,instructions,52801834,100.00,4.20,insn per cycle
62.611859698,191490249,,cycles,52801374,100.00,,
62.712049429,34795,,rD044,52086542,100.00,,
62.712049429,819350,,rFF44,52080402,100.00,,
62.712049429,792568258,,instructions,52074662,100.00,4.20,insn per cycle
62.712049429,188724067,,cycles,52070262,100.00,,
62.812233790,34705,,rD044,51425366,100.00,,
62.812233790,832109,,rFF44,51428806,100.00,,
62.812233790,777060806,,instructions,51428806,100.00,4.17,insn per cycle
62.812233790,186153629,,cycles,51428806,100.00,,
62.912411310,34955,,rD044,51266400,100.00,,
62.912411310,807481,,rFF44,51262960,100.00,,
62.912411310,776843960,,instructions,51262960,100.00,4.18,insn per cycle
62.912411310,185676760,,cycles,51262960,100.00,,
63.012578871,34792,,rD044,51279052,100.00,,
63.012578871,784450,,rFF44,51283762,100.00,,
63.012578871,776161990,,instructions,51283762,100.00,4.18,insn per cycle
63.012578871,185615754,,cycles,51283762,100.00,,
63.112760641,34773,,rD044,51474466,100.00,,
63.112760641,812538,,rFF44,51475946,100.00,,
63.112760641,766164265,,instructions,51480686,100.00,4.11,insn per cycle
63.112760641,186384300,,cycles,51485456,100.00,,
63.212945522,35054,,rD044,52830244,100.00,,
63.212945522,817760,,rFF44,52830044,100.00,,
63.212945522,790822912,,instructions,52830334,100.00,4.13,insn per cycle
63.212945522,191595976,,cycles,52830244,100.00,,
63.313128362,34498,,rD044,52697969,100.00,,
63.313128362,824796,,rFF44,52697669,100.00,,
63.313128362,790753743,,instructions,52697769,100.00,4.14,insn per cycle
63.313128362,191071058,,cycles,52697989,100.00,,
63.413310253,34907,,rD044,51912530,100.00,,
63.413310253,819216,,rFF44,51906840,100.00,,
63.413310253,775144113,,instructions,51901710,100.00,4.12,insn per cycle
63.413310253,188003998,,cycles,51896810,100.00,,
63.513480123,4092,,rD044,51143131,100.00,,
63.513480123,787408,,rFF44,51143131,100.00,,
63.513480123,764015150,,instructions,51143131,100.00,4.13,insn per cycle
63.513480123,185014646,,cycles,51143131,100.00,,
63.613650204,35019,,rD044,51512581,100.00,,
63.613650204,819671,,rFF44,51512581,100.00,,
63.613650204,762361416,,instructions,51512581,100.00,4.09,insn per cycle
63.613650204,186402540,,cycles,51512581,100.00,,
63.713822244,34998,,rD044,51819809,100.00,,
63.713822244,810137,,rFF44,51827849,100.00,,
63.713822244,761951846,,instructions,51831819,100.00,4.06,insn per cycle
63.713822244,187828048,,cycles,51831819,100.00,,
63.814003884,34976,,rD044,51792564,100.00,,
63.814003884,784969,,rFF44,51790654,100.00,,
63.814003884,761355960,,instructions,51791554,100.00,4.06,insn per cycle
63.814003884,187532827,,cycles,51796284,100.00,,
63.914184595,34689,,rD044,52678636,100.00,,
63.914184595,827299,,rFF44,52678106,100.00,,
63.914184595,775358986,,instructions,52678936,100.00,4.06,insn per cycle
63.914184595,191022110,,cycles,52678416,100.00,,
64.014375056,35006,,rD044,52912106,100.00,,
64.014375056,822808,,rFF44,52912626,100.00,,
64.014375056,777267844,,instructions,52911886,100.00,4.05,insn per cycle
64.014375056,191899360,,cycles,52913266,100.00,,
64.114561666,34556,,rD044,52410990,100.00,,
64.114561666,808189,,rFF44,52410910,100.00,,
64.114561666,771207506,,instructions,52410960,100.00,4.06,insn per cycle
64.114561666,190003164,,cycles,52409690,100.00,,
64.214745577,34935,,rD044,52608482,100.00,,
64.214745577,806681,,rFF44,52608142,100.00,,
64.214745577,774799350,,instructions,52608912,100.00,4.06,insn per cycle
64.214745577,190738239,,cycles,52609072,100.00,,
64.314932577,4505,,rD044,52244351,100.00,,
64.314932577,779667,,rFF44,52238651,100.00,,
64.314932577,773668502,,instructions,52232871,100.00,4.09,insn per cycle
64.314932577,189324045,,cycles,52228391,100.00,,
64.415098998,35220,,rD044,52012792,100.00,,
64.415098998,825848,,rFF44,52012792,100.00,,
64.415098998,762249740,,instructions,52012792,100.00,4.05,insn per cycle
64.415098998,188409578,,cycles,52012792,100.00,,
64.515275068,34716,,rD044,51930898,100.00,,
64.515275068,831565,,rFF44,51930898,100.00,,
64.515275068,762133255,,instructions,51930898,100.00,4.05,insn per cycle
64.515275068,188092110,,cycles,51930898,100.00,,
64.615449189,34646,,rD044,51911406,100.00,,
64.615449189,790435,,rFF44,51911406,100.00,,
64.615449189,762375372,,instructions,51911406,100.00,4.05,insn per cycle
64.615449189,188016199,,cycles,51911406,100.00,,
64.715620519,34776,,rD044,52044071,100.00,,
64.715620519,814040,,rFF44,52044071,100.00,,
64.715620519,762158719,,instructions,52044071,100.00,4.04,insn per cycle
64.715620519,188554646,,cycles,52044071,100.00,,
64.815792320,34956,,rD044,51811818,100.00,,
64.815792320,807311,,rFF44,51817238,100.00,,
64.815792320,768143276,,instructions,51822168,100.00,4.09,insn per cycle
64.815792320,187724457,,cycles,51827318,100.00,,
64.915979960,34569,,rD044,52784730,100.00,,
64.915979960,811655,,rFF44,52784980,100.00,,
64.915979960,787577278,,instructions,52785460,100.00,4.11,insn per cycle
64.915979960,191462129,,cycles,52785450,100.00,,
65.016167641,4415,,rD044,52615657,100.00,,
65.016167641,785479,,rFF44,52615867,100.00,,
65.016167641,787634205,,instructions,52615717,100.00,4.13,insn per cycle
65.016167641,190805123,,cycles,52616047,100.00,,
65.116370292,34968,,rD044,52096038,100.00,,
65.116370292,820650,,rFF44,52090158,100.00,,
65.116370292,774320942,,instructions,52084898,100.00,4.10,insn per cycle
65.116370292,188796826,,cycles,52079428,100.00,,
65.216543072,35028,,rD044,51130602,100.00,,
65.216543072,804832,,rFF44,51130602,100.00,,
65.216543072,769954879,,instructions,51130602,100.00,4.16,insn per cycle
65.216543072,185185308,,cycles,51130602,100.00,,
65.316715873,34917,,rD044,51173475,100.00,,
65.316715873,826481,,rFF44,51173475,100.00,,
65.316715873,772380799,,instructions,51173475,100.00,4.17,insn per cycle
65.316715873,185145754,,cycles,51173475,100.00,,
65.416887723,35213,,rD044,51138443,100.00,,
65.416887723,821687,,rFF44,51138443,100.00,,
65.416887723,772287186,,instructions,51138443,100.00,4.17,insn per cycle
65.416887723,185029410,,cycles,51138443,100.00,,
65.517065294,34623,,rD044,52147057,100.00,,
65.517065294,779139,,rFF44,52152777,100.00,,
65.517065294,795966487,,instructions,52157697,100.00,4.21,insn per cycle
65.517065294,189019789,,cycles,52162147,100.00,,
65.617248704,34502,,rD044,52678504,100.00,,
65.617248704,829439,,rFF44,52679194,100.00,,
65.617248704,803481740,,instructions,52679194,100.00,4.21,insn per cycle
65.617248704,191063937,,cycles,52680084,100.00,,
65.717435235,34985,,rD044,51819526,100.00,,
65.717435235,820255,,rFF44,51813116,100.00,,
65.717435235,785408980,,instructions,51808196,100.00,4.18,insn per cycle
65.717435235,187683082,,cycles,51802856,100.00,,
65.817606995,34653,,rD044,51210670,100.00,,
65.817606995,813148,,rFF44,51214130,100.00,,
65.817606995,772251588,,instructions,51214130,100.00,4.17,insn per cycle
65.817606995,185315283,,cycles,51214130,100.00,,
65.917786816,34600,,rD044,50916013,100.00,,
65.917786816,808865,,rFF44,50912553,100.00,,
65.917786816,772130695,,instructions,50912553,100.00,4.19,insn per cycle
65.917786816,184311699,,cycles,50912553,100.00,,
66.017957666,4137,,rD044,50803237,100.00,,
66.017957666,779901,,rFF44,50803237,100.00,,
66.017957666,773296749,,instructions,50803237,100.00,4.21,insn per cycle
66.017957666,183866790,,cycles,50803237,100.00,,
66.118127117,34979,,rD044,52288298,100.00,,
66.118127117,824328,,rFF44,52294228,100.00,,
66.118127117,797183136,,instructions,52299288,100.00,4.21,insn per cycle
66.118127117,189557594,,cycles,52304008,100.00,,
66.218311877,34940,,rD044,52856057,100.00,,
66.218311877,836308,,rFF44,52856227,100.00,,
66.218311877,806523555,,instructions,52855917,100.00,4.21,insn per cycle
66.218311877,191725252,,cycles,52855907,100.00,,
66.318498168,35042,,rD044,51737247,100.00,,
66.318498168,821396,,rFF44,51734487,100.00,,
66.318498168,781433696,,instructions,51729737,100.00,4.17,insn per cycle
66.318498168,187383984,,cycles,51725027,100.00,,
66.418672718,34811,,rD044,51174997,100.00,,
66.418672718,816473,,rFF44,51171657,100.00,,
66.418672718,771659588,,instructions,51179247,100.00,4.17,insn per cycle
66.418672718,185193535,,cycles,51183037,100.00,,
66.518853419,34851,,rD044,51097994,100.00,,
66.518853419,789029,,rFF44,51102574,100.00,,
66.518853419,771864694,,instructions,51094984,100.00,4.18,insn per cycle
66.518853419,184841465,,cycles,51091194,100.00,,
66.619028889,34566,,rD044,52225499,100.00,,
66.619028889,803026,,rFF44,52226659,100.00,,
66.619028889,795866013,,instructions,52231559,100.00,4.20,insn per cycle
66.619028889,189378213,,cycles,52235759,100.00,,
66.719210690,34802,,rD044,52598881,100.00,,
66.719210690,820428,,rFF44,52598891,100.00,,
66.719210690,799503125,,instructions,52599861,100.00,4.19,insn per cycle
66.719210690,190708243,,cycles,52601011,100.00,,
66.819403361,34748,,rD044,52057925,100.00,,
66.819403361,823393,,rFF44,52052175,100.00,,
66.819403361,787853155,,instructions,52046305,100.00,4.18,insn per cycle
66.819403361,188663384,,cycles,52040955,100.00,,
66.919568231,4105,,rD044,51326853,100.00,,
66.919568231,780669,,rFF44,51326853,100.00,,
66.919568231,770554006,,instructions,51326853,100.00,4.15,insn per cycle
66.919568231,185779120,,cycles,51326853,100.00,,
67.019733981,34836,,rD044,51629876,100.00,,
67.019733981,810720,,rFF44,51629876,100.00,,
67.019733981,771602699,,instructions,51629876,100.00,4.13,insn per cycle
67.019733981,186941014,,cycles,51629876,100.00,,
67.119899552,34784,,rD044,51964890,100.00,,
67.119899552,820695,,rFF44,51964890,100.00,,
67.119899552,772821620,,instructions,51964890,100.00,4.11,insn per cycle
67.119899552,188221378,,cycles,51964890,100.00,,
67.220072412,34516,,rD044,52201263,100.00,,
67.220072412,809490,,rFF44,52207003,100.00,,
67.220072412,775921394,,instructions,52212223,100.00,4.10,insn per cycle
67.220072412,189193074,,cycles,52216593,100.00,,
67.320260543,35055,,rD044,52610593,100.00,,
67.320260543,828690,,rFF44,52610673,100.00,,
67.320260543,782332754,,instructions,52610503,100.00,4.10,insn per cycle
67.320260543,190773762,,cycles,52610903,100.00,,
67.420444533,34627,,rD044,52425591,100.00,,
67.420444533,785996,,rFF44,52425481,100.00,,
67.420444533,783131639,,instructions,52425541,100.00,4.12,insn per cycle
67.420444533,190114657,,cycles,52426271,100.00,,
67.520629594,34603,,rD044,51337244,100.00,,
67.520629594,801436,,rFF44,51337394,100.00,,
67.520629594,763264287,,instructions,51337104,100.00,4.10,insn per cycle
67.520629594,186004864,,cycles,51335844,100.00,,
67.620814184,34619,,rD044,52736373,100.00,,
67.620814184,809067,,rFF44,52736133,100.00,,
67.620814184,786325195,,instructions,52736723,100.00,4.11,insn per cycle
67.620814184,191267567,,cycles,52737394,100.00,,
67.721001615,34645,,rD044,52771153,100.00,,
67.721001615,808780,,rFF44,52772433,100.00,,
67.721001615,786900662,,instructions,52771303,100.00,4.11,insn per cycle
67.721001615,191378398,,cycles,52771102,100.00,,
67.821188896,34715,,rD044,52543607,100.00,,
67.821188896,815099,,rFF44,52542157,100.00,,
67.821188896,783161684,,instructions,52542397,100.00,4.11,insn per cycle
67.821188896,190526053,,cycles,52542217,100.00,,
67.921384486,3999,,rD044,52605718,100.00,,
67.921384486,789488,,rFF44,52605598,100.00,,
67.921384486,792018215,,instructions,52606188,100.00,4.15,insn per cycle
67.921384486,190782108,,cycles,52606738,100.00,,
68.021568277,34897,,rD044,52603435,100.00,,
68.021568277,824539,,rFF44,52598105,100.00,,
68.021568277,779860754,,instructions,52592995,100.00,4.09,insn per cycle
68.021568277,190696781,,cycles,52587915,100.00,,
68.121740787,34543,,rD044,52259627,100.00,,
68.121740787,803437,,rFF44,52259627,100.00,,
68.121740787,770768685,,instructions,52259627,100.00,4.07,insn per cycle
68.121740787,189422089,,cycles,52259627,100.00,,
68.221910908,34705,,rD044,52314770,100.00,,
68.221910908,818503,,rFF44,52314770,100.00,,
68.221910908,771348979,,instructions,52314770,100.00,4.07,insn per cycle
68.221910908,189568733,,cycles,52314770,100.00,,
68.322089928,34486,,rD044,52054072,100.00,,
68.322089928,768463,,rFF44,52054072,100.00,,
68.322089928,771818052,,instructions,52054072,100.00,4.09,insn per cycle
68.322089928,188746227,,cycles,52054072,100.00,,
68.422259949,35085,,rD044,52202603,100.00,,
68.422259949,815565,,rFF44,52202603,100.00,,
68.422259949,771259996,,instructions,52202603,100.00,4.08,insn per cycle
68.422259949,189173025,,cycles,52202603,100.00,,
68.522428419,35237,,rD044,49092290,100.00,,
68.522428419,857895,,rFF44,49097820,100.00,,
68.522428419,710419609,,instructions,49102100,100.00,4.01,insn per cycle
68.522428419,177281273,,cycles,49106970,100.00,,
68.622612450,34900,,rD044,51845965,100.00,,
68.622612450,852859,,rFF44,51846175,100.00,,
68.622612450,764666640,,instructions,51846935,100.00,4.07,insn per cycle
68.622612450,187913021,,cycles,51847195,100.00,,
68.722798470,4438,,rD044,52664947,100.00,,
68.722798470,790305,,rFF44,52664967,100.00,,
68.722798470,784630333,,instructions,52665757,100.00,4.11,insn per cycle
68.722798470,190965273,,cycles,52665267,100.00,,
68.822984881,34849,,rD044,52758291,100.00,,
68.822984881,825830,,rFF44,52757891,100.00,,
68.822984881,781976296,,instructions,52757251,100.00,4.09,insn per cycle
68.822984881,191302856,,cycles,52757161,100.00,,
68.923168611,34973,,rD044,52573174,100.00,,
68.923168611,826660,,rFF44,52573644,100.00,,
68.923168611,779177775,,instructions,52573004,100.00,4.09,insn per cycle
68.923168611,190645172,,cycles,52572564,100.00,,
69.023358062,34969,,rD044,52984725,100.00,,
69.023358062,852343,,rFF44,52984725,100.00,,
69.023358062,784544796,,instructions,52985215,100.00,4.08,insn per cycle
69.023358062,192195715,,cycles,52985865,100.00,,
69.123542113,35609,,rD044,52780903,100.00,,
69.123542113,856564,,rFF44,52780893,100.00,,
69.123542113,790658654,,instructions,52780953,100.00,4.13,insn per cycle
69.123542113,191411881,,cycles,52781093,100.00,,
69.223723243,34838,,rD044,51691996,100.00,,
69.223723243,804095,,rFF44,51686176,100.00,,
69.223723243,775859219,,instructions,51681076,100.00,4.15,insn per cycle
69.223723243,187169757,,cycles,51676176,100.00,,
69.323893354,35112,,rD044,51656592,100.00,,
69.323893354,837344,,rFF44,51662032,100.00,,
69.323893354,771335496,,instructions,51662032,100.00,4.12,insn per cycle
69.323893354,187016777,,cycles,51662032,100.00,,
69.424071434,35161,,rD044,51694908,100.00,,
69.424071434,833564,,rFF44,51689468,100.00,,
69.424071434,771413681,,instructions,51689468,100.00,4.12,insn per cycle
69.424071434,187144224,,cycles,51689468,100.00,,
69.524235554,35169,,rD044,51975304,100.00,,
69.524235554,831586,,rFF44,51981404,100.00,,
69.524235554,776594662,,instructions,51987514,100.00,4.12,insn per cycle
69.524235554,188326729,,cycles,51991964,100.00,,
69.624419985,4318,,rD044,52807373,100.00,,
69.624419985,805899,,rFF44,52806683,100.00,,
69.624419985,795159267,,instructions,52806013,100.00,4.15,insn per cycle
69.624419985,191512979,,cycles,52806293,100.00,,
69.724598086,34834,,rD044,52689740,100.00,,
69.724598086,839141,,rFF44,52689800,100.00,,
69.724598086,791566362,,instructions,52688990,100.00,4.14,insn per cycle
69.724598086,191076871,,cycles,52689520,100.00,,
69.824777196,35042,,rD044,52428535,100.00,,
69.824777196,830781,,rFF44,52423065,100.00,,
69.824777196,794160971,,instructions,52418435,100.00,4.18,insn per cycle
69.824777196,190026981,,cycles,52413175,100.00,,
69.924949487,35053,,rD044,51410817,100.00,,
69.924949487,829164,,rFF44,51410817,100.00,,
69.924949487,774599705,,instructions,51410817,100.00,4.16,insn per cycle
69.924949487,186111863,,cycles,51410817,100.00,,
70.025121027,34869,,rD044,51443859,100.00,,
70.025121027,835193,,rFF44,51447609,100.00,,
70.025121027,774699540,,instructions,51447609,100.00,4.16,insn per cycle
70.025121027,186220440,,cycles,51447609,100.00,,
70.125299638,35416,,rD044,51720687,100.00,,
70.125299638,816775,,rFF44,51722757,100.00,,
70.125299638,777495780,,instructions,51727727,100.00,4.15,insn per cycle
70.125299638,187212669,,cycles,51732177,100.00,,
70.225484408,35048,,rD044,52875089,100.00,,
70.225484408,850067,,rFF44,52875039,100.00,,
70.225484408,798665278,,instructions,52874949,100.00,4.16,insn per cycle
70.225484408,191777396,,cycles,52875279,100.00,,
70.325672269,35063,,rD044,52622839,100.00,,
70.325672269,846723,,rFF44,52622679,100.00,,
70.325672269,785779797,,instructions,52622539,100.00,4.12,insn per cycle
70.325672269,190775554,,cycles,52622389,100.00,,
70.425857980,35142,,rD044,52595966,100.00,,
70.425857980,824723,,rFF44,52595986,100.00,,
70.425857980,783215415,,instructions,52596266,100.00,4.11,insn per cycle
70.425857980,190721155,,cycles,52595876,100.00,,
70.526045040,4131,,rD044,51449128,100.00,,
70.526045040,789662,,rFF44,51443498,100.00,,
70.526045040,766872255,,instructions,51438478,100.00,4.12,insn per cycle
70.526045040,186244533,,cycles,51434238,100.00,,
70.626227711,34968,,rD044,51639007,100.00,,
70.626227711,817628,,rFF44,51644957,100.00,,
70.626227711,765468576,,instructions,51644957,100.00,4.09,insn per cycle
70.626227711,187091172,,cycles,51644957,100.00,,
70.726409841,35028,,rD044,51722004,100.00,,
70.726409841,839349,,rFF44,51716054,100.00,,
70.726409841,764968618,,instructions,51716054,100.00,4.09,insn per cycle
70.726409841,187247763,,cycles,51716054,100.00,,
70.826583362,34984,,rD044,51598423,100.00,,
70.826583362,839196,,rFF44,51601463,100.00,,
70.826583362,764835240,,instructions,51601463,100.00,4.09,insn per cycle
70.826583362,186914880,,cycles,51601463,100.00,,
70.926762832,34616,,rD044,51695602,100.00,,
70.926762832,812177,,rFF44,51692562,100.00,,
70.926762832,764883383,,instructions,51692562,100.00,4.09,insn per cycle
70.926762832,187138159,,cycles,51692562,100.00,,
71.026932083,35045,,rD044,52404362,100.00,,
71.026932083,825977,,rFF44,52410202,100.00,,
71.026932083,779181797,,instructions,52415542,100.00,4.10,insn per cycle
71.026932083,189998947,,cycles,52420192,100.00,,
71.127117453,34931,,rD044,52902838,100.00,,
71.127117453,836090,,rFF44,52902758,100.00,,
71.127117453,785169434,,instructions,52902588,100.00,4.09,insn per cycle
71.127117453,191852739,,cycles,52902248,100.00,,
71.227300964,34727,,rD044,51922576,100.00,,
71.227300964,825083,,rFF44,51916816,100.00,,
71.227300964,769362502,,instructions,51911646,100.00,4.09,insn per cycle
71.227300964,188075987,,cycles,51907336,100.00,,
71.327472064,4244,,rD044,51058097,100.00,,
71.327472064,813689,,rFF44,51058097,100.00,,
71.327472064,755044947,,instructions,51058097,100.00,4.09,insn per cycle
71.327472064,184667632,,cycles,51058097,100.00,,
71.427643615,35088,,rD044,51273022,100.00,,
71.427643615,850354,,rFF44,51273022,100.00,,
71.427643615,754830648,,instructions,51273022,100.00,4.07,insn per cycle
71.427643615,185528037,,cycles,51273022,100.00,,
71.527813025,34784,,rD044,52235188,100.00,,
71.527813025,835970,,rFF44,52240728,100.00,,
71.527813025,771174101,,instructions,52246328,100.00,4.07,insn per cycle
71.527813025,189344496,,cycles,52250858,100.00,,
71.627993296,34865,,rD044,52646001,100.00,,
71.627993296,826015,,rFF44,52646231,100.00,,
71.627993296,781490229,,instructions,52645461,100.00,4.09,insn per cycle
71.627993296,190917861,,cycles,52646141,100.00,,
71.728176566,35163,,rD044,52386707,100.00,,
71.728176566,801334,,rFF44,52380937,100.00,,
71.728176566,778811955,,instructions,52376107,100.00,4.10,insn per cycle
71.728176566,189862601,,cycles,52370897,100.00,,
71.828359907,35202,,rD044,51410934,100.00,,
71.828359907,837997,,rFF44,51410934,100.00,,
71.828359907,757759139,,instructions,51410934,100.00,4.07,insn per cycle
71.828359907,186052639,,cycles,51410934,100.00,,
71.928528827,34864,,rD044,51269363,100.00,,
71.928528827,842635,,rFF44,51269363,100.00,,
71.928528827,757055434,,instructions,51269363,100.00,4.08,insn per cycle
71.928528827,185497473,,cycles,51269363,100.00,,
72.028696208,4442,,rD044,51832850,100.00,,
72.028696208,818308,,rFF44,51838540,100.00,,
72.028696208,770864098,,instructions,51843660,100.00,4.11,insn per cycle
72.028696208,187749332,,cycles,51848740,100.00,,
72.128873738,35549,,rD044,52451303,100.00,,
72.128873738,829974,,rFF44,52452053,100.00,,
72.128873738,778889838,,instructions,52451723,100.00,4.10,insn per cycle
72.128873738,190149053,,cycles,52451333,100.00,,
72.229056269,35325,,rD044,52686173,100.00,,
72.229056269,826820,,rFF44,52685783,100.00,,
72.229056269,782510068,,instructions,52686083,100.00,4.10,insn per cycle
72.229056269,191015734,,cycles,52686943,100.00,,
72.329248859,35383,,rD044,51719605,100.00,,
72.329248859,835386,,rFF44,51717445,100.00,,
72.329248859,762591020,,instructions,51712355,100.00,4.07,insn per cycle
72.329248859,187273200,,cycles,51706805,100.00,,
72.429428370,35136,,rD044,51165525,100.00,,
72.429428370,796670,,rFF44,51161635,100.00,,
72.429428370,756752111,,instructions,51161635,100.00,4.09,insn per cycle
72.429428370,185119679,,cycles,51161635,100.00,,
72.529592600,35322,,rD044,51320641,100.00,,
72.529592600,851650,,rFF44,51320641,100.00,,
72.529592600,756979068,,instructions,51320641,100.00,4.08,insn per cycle
72.529592600,185724884,,cycles,51320641,100.00,,
72.629756421,34984,,rD044,52249604,100.00,,
72.629756421,844955,,rFF44,52255254,100.00,,
72.629756421,774569748,,instructions,52261234,100.00,4.09,insn per cycle
72.629756421,189395664,,cycles,52265634,100.00,,
72.729945691,35052,,rD044,52934274,100.00,,
72.729945691,837359,,rFF44,52934404,100.00,,
72.729945691,790267099,,instructions,52933474,100.00,4.12,insn per cycle
72.729945691,191997663,,cycles,52934014,100.00,,
72.830129132,4240,,rD044,52551249,100.00,,
72.830129132,795128,,rFF44,52545469,100.00,,
72.830129132,787516838,,instructions,52540419,100.00,4.13,insn per cycle
72.830129132,190487528,,cycles,52535479,100.00,,
72.930302262,35129,,rD044,51727741,100.00,,
72.930302262,824889,,rFF44,51727741,100.00,,
72.930302262,764237904,,instructions,51727741,100.00,4.08,insn per cycle
72.930302262,187392905,,cycles,51727741,100.00,,
73.030476413,34940,,rD044,51821121,100.00,,
73.030476413,836755,,rFF44,51821121,100.00,,
73.030476413,763290864,,instructions,51821121,100.00,4.07,insn per cycle
73.030476413,187705794,,cycles,51828621,100.00,,
73.130658973,35079,,rD044,51702289,100.00,,
73.130658973,834857,,rFF44,51702289,100.00,,
73.130658973,763120753,,instructions,51702289,100.00,4.07,insn per cycle
73.130658973,187283590,,cycles,51694789,100.00,,
73.230834924,34897,,rD044,51667197,100.00,,
73.230834924,813273,,rFF44,51667197,100.00,,
73.230834924,765148645,,instructions,51667197,100.00,4.09,insn per cycle
73.230834924,186981739,,cycles,51667197,100.00,,
73.331005334,35340,,rD044,50884561,100.00,,
73.331005334,849305,,rFF44,50890231,100.00,,
73.331005334,784661273,,instructions,50895471,100.00,4.26,insn per cycle
73.331005334,184018458,,cycles,50899861,100.00,,
73.431193045,35201,,rD044,52947945,100.00,,
73.431193045,847858,,rFF44,52947495,100.00,,
73.431193045,820553404,,instructions,52946955,100.00,4.27,insn per cycle
73.431193045,192021669,,cycles,52960465,100.00,,
73.531392546,34847,,rD044,50622585,100.00,,
73.531392546,847939,,rFF44,50624995,100.00,,
73.531392546,780981614,,instructions,50625815,100.00,4.27,insn per cycle
73.531392546,182955698,,cycles,50612935,100.00,,
73.631582886,35419,,rD044,50858733,100.00,,
73.631582886,861733,,rFF44,50856923,100.00,,
73.631582886,782104648,,instructions,50856453,100.00,4.25,insn per cycle
73.631582886,183872538,,cycles,50855623,100.00,,
73.731766327,35155,,rD044,52749677,100.00,,
73.731766327,853636,,rFF44,52749168,100.00,,
73.731766327,824376212,,instructions,52749038,100.00,4.31,insn per cycle
73.731766327,191274880,,cycles,52749058,100.00,,
73.831949417,4486,,rD044,51386404,100.00,,
73.831949417,806892,,rFF44,51381093,100.00,,
73.831949417,776136063,,instructions,51376173,100.00,4.17,insn per cycle
73.831949417,185981688,,cycles,51371963,100.00,,
73.932122688,34785,,rD044,51195806,100.00,,
73.932122688,821196,,rFF44,51195806,100.00,,
73.932122688,769991370,,instructions,51195806,100.00,4.16,insn per cycle
73.932122688,185300467,,cycles,51195806,100.00,,
74.032294988,35271,,rD044,51485372,100.00,,
74.032294988,838148,,rFF44,51485372,100.00,,
74.032294988,771393851,,instructions,51485372,100.00,4.14,insn per cycle
74.032294988,186303856,,cycles,51485372,100.00,,
74.132466649,35145,,rD044,51499704,100.00,,
74.132466649,851051,,rFF44,51505124,100.00,,
74.132466649,771448779,,instructions,51509804,100.00,4.14,insn per cycle
74.132466649,186463179,,cycles,51514435,100.00,,
74.232647979,35428,,rD044,52544372,100.00,,
74.232647979,845544,,rFF44,52544942,100.00,,
74.232647979,792850327,,instructions,52544822,100.00,4.16,insn per cycle
74.232647979,190465166,,cycles,52544541,100.00,,
74.332831130,35358,,rD044,52562789,100.00,,
74.332831130,814843,,rFF44,52562849,100.00,,
74.332831130,795365024,,instructions,52563679,100.00,4.17,insn per cycle
74.332831130,190548986,,cycles,52564249,100.00,,
74.433017370,35099,,rD044,52169000,100.00,,
74.433017370,839990,,rFF44,52162950,100.00,,
74.433017370,787040930,,instructions,52157560,100.00,4.17,insn per cycle
74.433017370,188954720,,cycles,52152640,100.00,,
74.533187791,35259,,rD044,51539827,100.00,,
74.533187791,835628,,rFF44,51543607,100.00,,
74.533187791,766062520,,instructions,51543607,100.00,4.11,insn per cycle
74.533187791,186524825,,cycles,51543607,100.00,,
74.633380292,35137,,rD044,51556831,100.00,,
74.633380292,849843,,rFF44,51553051,100.00,,
74.633380292,767533928,,instructions,51553051,100.00,4.11,insn per cycle
74.633380292,186608144,,cycles,51560751,100.00,,
74.733554712,4603,,rD044,51633250,100.00,,
74.733554712,805602,,rFF44,51638860,100.00,,
74.733554712,773482708,,instructions,51644130,100.00,4.14,insn per cycle
74.733554712,186925353,,cycles,51640990,100.00,,
74.833736792,35074,,rD044,52579057,100.00,,
74.833736792,844963,,rFF44,52579037,100.00,,
74.833736792,786229883,,instructions,52578427,100.00,4.12,insn per cycle
74.833736792,190625894,,cycles,52580257,100.00,,
74.933920633,35127,,rD044,52818480,100.00,,
74.933920633,843085,,rFF44,52818610,100.00,,
74.933920633,789392978,,instructions,52819240,100.00,4.12,insn per cycle
74.933920633,191495420,,cycles,52817490,100.00,,
75.034103484,35096,,rD044,52666251,100.00,,
75.034103484,831669,,rFF44,52666671,100.00,,
75.034103484,787690679,,instructions,52666581,100.00,4.13,insn per cycle
75.034103484,190946028,,cycles,52665881,100.00,,
75.134284384,35287,,rD044,51431335,100.00,,
75.134284384,791797,,rFF44,51425195,100.00,,
75.134284384,767424609,,instructions,51419995,100.00,4.12,insn per cycle
75.134284384,186198984,,cycles,51416055,100.00,,
75.234448484,35256,,rD044,51469248,100.00,,
75.234448484,823271,,rFF44,51469248,100.00,,
75.234448484,766634598,,instructions,51469248,100.00,4.11,insn per cycle
75.234448484,186465968,,cycles,51469248,100.00,,
75.334613015,35419,,rD044,51386791,100.00,,
75.334613015,848128,,rFF44,51386791,100.00,,
75.334613015,765496406,,instructions,51386791,100.00,4.12,insn per cycle
75.334613015,185906841,,cycles,51386791,100.00,,
75.434787325,35015,,rD044,50542319,100.00,,
75.434787325,854663,,rFF44,50542319,100.00,,
75.434787325,767010472,,instructions,50542319,100.00,4.20,insn per cycle
75.434787325,182738329,,cycles,50542319,100.00,,
75.534959916,4618,,rD044,52372335,100.00,,
75.534959916,817626,,rFF44,52378005,100.00,,
75.534959916,804143311,,instructions,52383045,100.00,4.24,insn per cycle
75.534959916,189862752,,cycles,52387675,100.00,,
75.635145946,34975,,rD044,52204034,100.00,,
75.635145946,840708,,rFF44,52198364,100.00,,
75.635145946,798178329,,instructions,52193324,100.00,4.22,insn per cycle
75.635145946,189152987,,cycles,52188694,100.00,,
75.735318327,35572,,rD044,50571187,100.00,,
75.735318327,834306,,rFF44,50571187,100.00,,
75.735318327,766837088,,instructions,50571187,100.00,4.19,insn per cycle
75.735318327,182838906,,cycles,50571187,100.00,,
75.835491497,35183,,rD044,50558768,100.00,,
75.835491497,842130,,rFF44,50558768,100.00,,
75.835491497,766982230,,instructions,50558768,100.00,4.20,insn per cycle
75.835491497,182657261,,cycles,50558768,100.00,,
75.935672018,34690,,rD044,52241814,100.00,,
75.935672018,811300,,rFF44,52247454,100.00,,
75.935672018,795646698,,instructions,52252824,100.00,4.20,insn per cycle
75.935672018,189327490,,cycles,52256794,100.00,,
76.035859719,34623,,rD044,52669456,100.00,,
76.035859719,850254,,rFF44,52669476,100.00,,
76.035859719,799930268,,instructions,52669126,100.00,4.19,insn per cycle
76.035859719,190951491,,cycles,52669556,100.00,,
76.136050989,35364,,rD044,51785399,100.00,,
76.136050989,837670,,rFF44,51779739,100.00,,
76.136050989,773456068,,instructions,51774719,100.00,4.13,insn per cycle
76.136050989,187485581,,cycles,51770319,100.00,,
76.236234660,35137,,rD044,50823616,100.00,,
76.236234660,831395,,rFF44,50828266,100.00,,
76.236234660,767309164,,instructions,50828266,100.00,4.17,insn per cycle
76.236234660,183810316,,cycles,50828266,100.00,,
76.336420850,4517,,rD044,50759387,100.00,,
76.336420850,810437,,rFF44,50754737,100.00,,
76.336420850,768574353,,instructions,50754737,100.00,4.19,insn per cycle
76.336420850,183502848,,cycles,50754737,100.00,,
76.436590741,35022,,rD044,52193263,100.00,,
76.436590741,842494,,rFF44,52199373,100.00,,
76.436590741,792571581,,instructions,52204073,100.00,4.19,insn per cycle
76.436590741,189195464,,cycles,52208723,100.00,,
76.536777752,34997,,rD044,52660395,100.00,,
76.536777752,855721,,rFF44,52660015,100.00,,
76.536777752,799719048,,instructions,52659715,100.00,4.19,insn per cycle
76.536777752,190902961,,cycles,52659615,100.00,,
76.636963062,35442,,rD044,51162667,100.00,,
76.636963062,855210,,rFF44,51156937,100.00,,
76.636963062,775752136,,instructions,51152537,100.00,4.19,insn per cycle
76.636963062,185102351,,cycles,51147987,100.00,,
76.737134393,35543,,rD044,50180692,100.00,,
76.737134393,860802,,rFF44,50180692,100.00,,
76.737134393,766316880,,instructions,50180692,100.00,4.23,insn per cycle
76.737134393,181254711,,cycles,50180692,100.00,,
76.837304133,34854,,rD044,52656444,100.00,,
76.837304133,806236,,rFF44,52661814,100.00,,
76.837304133,817567825,,instructions,52666954,100.00,4.28,insn per cycle
76.837304133,190954140,,cycles,52671294,100.00,,
76.937486074,34916,,rD044,50881902,100.00,,
76.937486074,842971,,rFF44,50876532,100.00,,
76.937486074,782110012,,instructions,50871392,100.00,4.25,insn per cycle
76.937486074,184046177,,cycles,50867052,100.00,,
77.037657694,35161,,rD044,50229470,100.00,,
77.037657694,856746,,rFF44,50229470,100.00,,
77.037657694,766125169,,instructions,50229470,100.00,4.22,insn per cycle
77.037657694,181452386,,cycles,50229470,100.00,,
77.137829344,35036,,rD044,52606432,100.00,,
77.137829344,861831,,rFF44,52612062,100.00,,
77.137829344,814442291,,instructions,52616842,100.00,4.27,insn per cycle
77.137829344,190765029,,cycles,52621232,100.00,,
77.238007375,34861,,rD044,51137533,100.00,,
77.238007375,844742,,rFF44,51131903,100.00,,
77.238007375,785343011,,instructions,51127123,100.00,4.24,insn per cycle
77.238007375,185062610,,cycles,51122733,100.00,,
77.338173395,4473,,rD044,50154715,100.00,,
77.338173395,815728,,rFF44,50154715,100.00,,
77.338173395,765302027,,instructions,50154715,100.00,4.22,insn per cycle
77.338173395,181157234,,cycles,50154715,100.00,,
77.438351066,35169,,rD044,51218692,100.00,,
77.438351066,836529,,rFF44,51224542,100.00,,
77.438351066,792144296,,instructions,51229652,100.00,4.27,insn per cycle
77.438351066,185525376,,cycles,51234172,100.00,,
77.538536016,35331,,rD044,52257177,100.00,,
77.538536016,850816,,rFF44,52251327,100.00,,
77.538536016,808450821,,instructions,52246217,100.00,4.27,insn per cycle
77.538536016,189368999,,cycles,52241697,100.00,,
77.638704657,34959,,rD044,49910753,100.00,,
77.638704657,846800,,rFF44,49910753,100.00,,
77.638704657,765669834,,instructions,49910753,100.00,4.25,insn per cycle
77.638704657,180321659,,cycles,49910753,100.00,,
77.738869627,34826,,rD044,50363734,100.00,,
77.738869627,826067,,rFF44,50369674,100.00,,
77.738869627,775534789,,instructions,50375124,100.00,4.26,insn per cycle
77.738869627,182107627,,cycles,50380474,100.00,,
77.839053108,35265,,rD044,52693683,100.00,,
77.839053108,846225,,rFF44,52693853,100.00,,
77.839053108,816171209,,instructions,52693143,100.00,4.27,insn per cycle
77.839053108,191064361,,cycles,52692913,100.00,,
77.939234758,35103,,rD044,50818171,100.00,,
77.939234758,834574,,rFF44,50812061,100.00,,
77.939234758,773520945,,instructions,50807321,100.00,4.21,insn per cycle
77.939234758,183754410,,cycles,50802201,100.00,,
78.039401559,35141,,rD044,50670690,100.00,,
78.039401559,859326,,rFF44,50670690,100.00,,
78.039401559,766971053,,instructions,50670690,100.00,4.19,insn per cycle
78.039401559,183075488,,cycles,50670690,100.00,,
78.139574929,34796,,rD044,52517773,100.00,,
78.139574929,843246,,rFF44,52523373,100.00,,
78.139574929,804115979,,instructions,52528063,100.00,4.22,insn per cycle
78.139574929,190419096,,cycles,52532523,100.00,,
78.239759880,4590,,rD044,51838481,100.00,,
78.239759880,819849,,rFF44,51838631,100.00,,
78.239759880,797120722,,instructions,51839111,100.00,4.25,insn per cycle
78.239759880,187753568,,cycles,51834651,100.00,,
78.339943891,35128,,rD044,50621432,100.00,,
78.339943891,864591,,rFF44,50615682,100.00,,
78.339943891,766863945,,instructions,50610512,100.00,4.19,insn per cycle
78.339943891,182915738,,cycles,50610512,100.00,,
78.440117211,35023,,rD044,51308886,100.00,,
78.440117211,839469,,rFF44,51315226,100.00,,
78.440117211,781538180,,instructions,51320506,100.00,4.21,insn per cycle
78.440117211,185684251,,cycles,51325146,100.00,,
78.540305672,34719,,rD044,52786566,100.00,,
78.540305672,837343,,rFF44,52786126,100.00,,
78.540305672,808521848,,instructions,52785586,100.00,4.22,insn per cycle
78.540305672,191402198,,cycles,52785376,100.00,,
78.640492242,35054,,rD044,51216754,100.00,,
78.640492242,803187,,rFF44,51210854,100.00,,
78.640492242,767626350,,instructions,51206114,100.00,4.14,insn per cycle
78.640492242,185282120,,cycles,51201684,100.00,,
78.740664823,34926,,rD044,50640033,100.00,,
78.740664823,851368,,rFF44,50640033,100.00,,
78.740664823,754519842,,instructions,50640033,100.00,4.12,insn per cycle
78.740664823,183044651,,cycles,50640033,100.00,,
78.840838343,34909,,rD044,52140474,100.00,,
78.840838343,857066,,rFF44,52146144,100.00,,
78.840838343,783788280,,instructions,52151794,100.00,4.15,insn per cycle
78.840838343,188931230,,cycles,52156514,100.00,,
78.941023894,35156,,rD044,52658655,100.00,,
78.941023894,844671,,rFF44,52652985,100.00,,
78.941023894,792095522,,instructions,52647335,100.00,4.15,insn per cycle
78.941023894,190841543,,cycles,52642615,100.00,,
79.041195594,4873,,rD044,50432382,100.00,,
79.041195594,808024,,rFF44,50432382,100.00,,
79.041195594,754524383,,instructions,50451442,100.00,4.14,insn per cycle
79.041195594,182331008,,cycles,50451442,100.00,,
79.141391465,35258,,rD044,50901381,100.00,,
79.141391465,851864,,rFF44,50907241,100.00,,
79.141391465,756797969,,instructions,50893021,100.00,4.11,insn per cycle
79.141391465,184006800,,cycles,50897481,100.00,,
79.241574896,34911,,rD044,52681426,100.00,,
79.241574896,838329,,rFF44,52681536,100.00,,
79.241574896,794762842,,instructions,52682096,100.00,4.16,insn per cycle
79.241574896,191012886,,cycles,52682166,100.00,,
79.341759766,35173,,rD044,51912245,100.00,,
79.341759766,851767,,rFF44,51906275,100.00,,
79.341759766,778971266,,instructions,51900875,100.00,4.14,insn per cycle
79.341759766,187999180,,cycles,51896345,100.00,,
79.441931467,34810,,rD044,50561684,100.00,,
79.441931467,820566,,rFF44,50567794,100.00,,
79.441931467,754472557,,instructions,50567794,100.00,4.13,insn per cycle
79.441931467,182737813,,cycles,50567794,100.00,,
79.542113737,34905,,rD044,51046110,100.00,,
79.542113737,839315,,rFF44,51046970,100.00,,
79.542113737,753128604,,instructions,51050350,100.00,4.08,insn per cycle
79.542113737,184685635,,cycles,51056360,100.00,,
79.642308718,34998,,rD044,52630536,100.00,,
79.642308718,835669,,rFF44,52629246,100.00,,
79.642308718,781946206,,instructions,52631406,100.00,4.10,insn per cycle
79.642308718,190819308,,cycles,52629716,100.00,,
79.742490439,34779,,rD044,51547041,100.00,,
79.742490439,830131,,rFF44,51547721,100.00,,
79.742490439,762892370,,instructions,51546851,100.00,4.09,insn per cycle
79.742490439,186734306,,cycles,51546741,100.00,,
79.842670969,4576,,rD044,52095329,100.00,,
79.842670969,802791,,rFF44,52088969,100.00,,
79.842670969,777005519,,instructions,52084299,100.00,4.12,insn per cycle
79.842670969,188742513,,cycles,52080089,100.00,,
79.942838560,35115,,rD044,50976431,100.00,,
79.942838560,844425,,rFF44,50976431,100.00,,
79.942838560,751323212,,instructions,50976431,100.00,4.07,insn per cycle
79.942838560,184454774,,cycles,50976431,100.00,,
80.043004830,34902,,rD044,51116822,100.00,,
80.043004830,858614,,rFF44,51116822,100.00,,
80.043004830,751679662,,instructions,51116822,100.00,4.07,insn per cycle
80.043004830,184884950,,cycles,51116822,100.00,,
80.143174970,35029,,rD044,51432223,100.00,,
80.143174970,801100,,rFF44,51437913,100.00,,
80.143174970,762027379,,instructions,51442693,100.00,4.09,insn per cycle
80.143174970,186189412,,cycles,51447203,100.00,,
80.243369261,35029,,rD044,52560265,100.00,,
80.243369261,830489,,rFF44,52561185,100.00,,
80.243369261,780606782,,instructions,52560965,100.00,4.10,insn per cycle
80.243369261,190562648,,cycles,52561355,100.00,,
80.343550442,34950,,rD044,52369270,100.00,,
80.343550442,833521,,rFF44,52362660,100.00,,
80.343550442,778030246,,instructions,52358100,100.00,4.10,insn per cycle
80.343550442,189791569,,cycles,52353200,100.00,,
80.443717342,35318,,rD044,51092770,100.00,,
80.443717342,850944,,rFF44,51092770,100.00,,
80.443717342,751570799,,instructions,51092770,100.00,4.07,insn per cycle
80.443717342,184828827,,cycles,51092770,100.00,,
80.543883952,4487,,rD044,50884075,100.00,,
80.543883952,823871,,rFF44,50884075,100.00,,
80.543883952,751602227,,instructions,50884075,100.00,4.08,insn per cycle
80.543883952,183998080,,cycles,50884075,100.00,,
80.644050103,35291,,rD044,52280621,100.00,,
80.644050103,849010,,rFF44,52286001,100.00,,
80.644050103,777590939,,instructions,52290841,100.00,4.10,insn per cycle
80.644050103,189498334,,cycles,52295941,100.00,,
80.744230263,35152,,rD044,52900810,100.00,,
80.744230263,841596,,rFF44,52901320,100.00,,
80.744230263,795237349,,instructions,52901890,100.00,4.15,insn per cycle
80.744230263,191836445,,cycles,52901260,100.00,,
80.844417104,35098,,rD044,50394952,100.00,,
80.844417104,839290,,rFF44,50389062,100.00,,
80.844417104,752971501,,instructions,50383652,100.00,4.14,insn per cycle
80.844417104,182082084,,cycles,50379182,100.00,,
80.944584604,34586,,rD044,50791487,100.00,,
80.944584604,809408,,rFF44,50797687,100.00,,
80.944584604,763931079,,instructions,50803177,100.00,4.16,insn per cycle
80.944584604,183677437,,cycles,50807537,100.00,,
81.044775935,35004,,rD044,52375775,100.00,,
81.044775935,837340,,rFF44,52375535,100.00,,
81.044775935,791608174,,instructions,52376075,100.00,4.17,insn per cycle
81.044775935,189825648,,cycles,52376615,100.00,,
81.144963596,35060,,rD044,51542233,100.00,,
81.144963596,858368,,rFF44,51536273,100.00,,
81.144963596,771312041,,instructions,51530243,100.00,4.13,insn per cycle
81.144963596,186548946,,cycles,51525343,100.00,,
81.245137696,34805,,rD044,50401220,100.00,,
81.245137696,857627,,rFF44,50401220,100.00,,
81.245137696,753199251,,instructions,50401220,100.00,4.14,insn per cycle
81.245137696,182043585,,cycles,50401220,100.00,,
81.345314367,4266,,rD044,52189510,100.00,,
81.345314367,802021,,rFF44,52195180,100.00,,
81.345314367,792458044,,instructions,52200180,100.00,4.19,insn per cycle
81.345314367,189148800,,cycles,52204960,100.00,,
81.445499287,34779,,rD044,51768369,100.00,,
81.445499287,830392,,rFF44,51762699,100.00,,
81.445499287,780154134,,instructions,51757699,100.00,4.16,insn per cycle
81.445499287,187441163,,cycles,51752919,100.00,,
81.545670718,35287,,rD044,50655975,100.00,,
81.545670718,847530,,rFF44,50655975,100.00,,
81.545670718,752690202,,instructions,50655975,100.00,4.11,insn per cycle
81.545670718,183104380,,cycles,50655975,100.00,,
81.645841718,35103,,rD044,51331555,100.00,,
81.645841718,857525,,rFF44,51336805,100.00,,
81.645841718,792557899,,instructions,51341895,100.00,4.27,insn per cycle
81.645841718,185792083,,cycles,51346425,100.00,,
81.746028609,35267,,rD044,51512942,100.00,,
81.746028609,864698,,rFF44,51511542,100.00,,
81.746028609,810183180,,instructions,51506452,100.00,4.35,insn per cycle
81.746028609,186450826,,cycles,51501922,100.00,,
81.846210540,34996,,rD044,49982800,100.00,,
81.846210540,821711,,rFF44,49985190,100.00,,
81.846210540,779759986,,instructions,49990670,100.00,4.32,insn per cycle
81.846210540,180503696,,cycles,49995630,100.00,,
81.946408340,35249,,rD044,52281703,100.00,,
81.946408340,848191,,rFF44,52275463,100.00,,
81.946408340,826844772,,instructions,52269983,100.00,4.36,insn per cycle
81.946408340,189464028,,cycles,52265023,100.00,,
82.046579461,34944,,rD044,49235952,100.00,,
82.046579461,842436,,rFF44,49235952,100.00,,
82.046579461,769934506,,instructions,49235952,100.00,4.33,insn per cycle
82.046579461,177777267,,cycles,49235952,100.00,,
82.146750901,35223,,rD044,50906642,100.00,,
82.146750901,852063,,rFF44,50912372,100.00,,
82.146750901,774675008,,instructions,50917222,100.00,4.21,insn per cycle
82.146750901,184096771,,cycles,50922682,100.00,,
82.246937742,35030,,rD044,51928490,100.00,,
82.246937742,839649,,rFF44,51928830,100.00,,
82.246937742,757603259,,instructions,51929910,100.00,4.03,insn per cycle
82.246937742,188184654,,cycles,51929160,100.00,,
82.347125062,4511,,rD044,52826993,100.00,,
82.347125062,807372,,rFF44,52826853,100.00,,
82.347125062,773245703,,instructions,52826113,100.00,4.04,insn per cycle
82.347125062,191572361,,cycles,52826733,100.00,,
82.447305673,34969,,rD044,52841129,100.00,,
82.447305673,831628,,rFF44,52841059,100.00,,
82.447305673,770159134,,instructions,52840890,100.00,4.02,insn per cycle
82.447305673,191609879,,cycles,52841420,100.00,,
82.547489334,35327,,rD044,51884073,100.00,,
82.547489334,830809,,rFF44,51878213,100.00,,
82.547489334,750974030,,instructions,51873192,100.00,4.00,insn per cycle
82.547489334,187885016,,cycles,51867332,100.00,,
82.647662154,34894,,rD044,51508369,100.00,,
82.647662154,793623,,rFF44,51508369,100.00,,
82.647662154,748807385,,instructions,51508369,100.00,4.02,insn per cycle
82.647662154,186463036,,cycles,51508369,100.00,,
82.747832504,35126,,rD044,51837274,100.00,,
82.747832504,837987,,rFF44,51837274,100.00,,
82.747832504,753839936,,instructions,51837274,100.00,4.02,insn per cycle
82.747832504,187645748,,cycles,51837274,100.00,,
82.848008805,34867,,rD044,51858921,100.00,,
82.848008805,843555,,rFF44,51858921,100.00,,
82.848008805,754762056,,instructions,51858921,100.00,4.02,insn per cycle
82.848008805,187775096,,cycles,51858921,100.00,,
82.948173376,4500,,rD044,51956329,100.00,,
82.948173376,805050,,rFF44,51961959,100.00,,
82.948173376,758906042,,instructions,51966769,100.00,4.03,insn per cycle
82.948173376,188206249,,cycles,51971319,100.00,,
83.048364386,34847,,rD044,52802043,100.00,,
83.048364386,827255,,rFF44,52802583,100.00,,
83.048364386,770522794,,instructions,52802483,100.00,4.02,insn per cycle
83.048364386,191453091,,cycles,52802594,100.00,,
83.148543987,34863,,rD044,52528699,100.00,,
83.148543987,817408,,rFF44,52528259,100.00,,
83.148543987,772553629,,instructions,52528499,100.00,4.06,insn per cycle
83.148543987,190438396,,cycles,52528148,100.00,,
83.248725487,35207,,rD044,52810705,100.00,,
83.248725487,825492,,rFF44,52810746,100.00,,
83.248725487,774408496,,instructions,52811316,100.00,4.04,insn per cycle
83.248725487,191467403,,cycles,52811256,100.00,,
83.348903608,34828,,rD044,52496987,100.00,,
83.348903608,803828,,rFF44,52491216,100.00,,
83.348903608,772380273,,instructions,52485696,100.00,4.06,insn per cycle
83.348903608,190260330,,cycles,52481446,100.00,,
83.449066728,35357,,rD044,51526612,100.00,,
83.449066728,859434,,rFF44,51526612,100.00,,
83.449066728,762186165,,instructions,51526612,100.00,4.09,insn per cycle
83.449066728,186484475,,cycles,51526612,100.00,,
83.549234098,34898,,rD044,51500005,100.00,,
83.549234098,848594,,rFF44,51500005,100.00,,
83.549234098,764797028,,instructions,51500005,100.00,4.11,insn per cycle
83.549234098,186306151,,cycles,51500005,100.00,,
83.649410249,4203,,rD044,51834780,100.00,,
83.649410249,800010,,rFF44,51841090,100.00,,
83.649410249,776766312,,instructions,51846550,100.00,4.14,insn per cycle
83.649410249,187771266,,cycles,51851860,100.00,,
83.749597390,35036,,rD044,52915320,100.00,,
83.749597390,843900,,rFF44,52915000,100.00,,
83.749597390,790377562,,instructions,52914280,100.00,4.12,insn per cycle
83.749597390,191884140,,cycles,52913490,100.00,,
83.849784380,35413,,rD044,52217067,100.00,,
83.849784380,829338,,rFF44,52211077,100.00,,
83.849784380,780689897,,instructions,52206337,100.00,4.13,insn per cycle
83.849784380,189199866,,cycles,52201817,100.00,,
83.949957391,35100,,rD044,50854497,100.00,,
83.949957391,836735,,rFF44,50854497,100.00,,
83.949957391,758275975,,instructions,50854497,100.00,4.12,insn per cycle
83.949957391,184009840,,cycles,50854497,100.00,,
84.050127591,34996,,rD044,50967266,100.00,,
84.050127591,814294,,rFF44,50970456,100.00,,
84.050127591,756664943,,instructions,50970456,100.00,4.11,insn per cycle
84.050127591,184293943,,cycles,50970456,100.00,,
84.150308532,35064,,rD044,51541195,100.00,,
84.150308532,832734,,rFF44,51544005,100.00,,
84.150308532,764371806,,instructions,51548645,100.00,4.10,insn per cycle
84.150308532,186601402,,cycles,51552815,100.00,,
84.250496362,34683,,rD044,52924106,100.00,,
84.250496362,835810,,rFF44,52924037,100.00,,
84.250496362,791658556,,instructions,52923757,100.00,4.13,insn per cycle
84.250496362,191913108,,cycles,52925007,100.00,,
84.350688003,34813,,rD044,51663640,100.00,,
84.350688003,837202,,rFF44,51663479,100.00,,
84.350688003,766320655,,instructions,51663939,100.00,4.09,insn per cycle
84.350688003,187181641,,cycles,51663289,100.00,,
84.450871143,4483,,rD044,51715539,100.00,,
84.450871143,816856,,rFF44,51709769,100.00,,
84.450871143,770362516,,instructions,51704949,100.00,4.12,insn per cycle
84.450871143,187178963,,cycles,51700179,100.00,,
84.551040064,35058,,rD044,51051050,100.00,,
84.551040064,849791,,rFF44,51051050,100.00,,
84.551040064,755514582,,instructions,51051050,100.00,4.09,insn per cycle
84.551040064,184707923,,cycles,51051050,100.00,,
84.651209974,35311,,rD044,51183075,100.00,,
84.651209974,848940,,rFF44,51186435,100.00,,
84.651209974,759076869,,instructions,51186435,100.00,4.10,insn per cycle
84.651209974,185151116,,cycles,51186435,100.00,,
84.751403095,34781,,rD044,52543539,100.00,,
84.751403095,796091,,rFF44,52545989,100.00,,
84.751403095,793571087,,instructions,52551029,100.00,4.17,insn per cycle
84.751403095,190477325,,cycles,52555729,100.00,,
84.851591956,35146,,rD044,52724764,100.00,,
84.851591956,830339,,rFF44,52724374,100.00,,
84.851591956,796596641,,instructions,52724274,100.00,4.17,insn per cycle
84.851591956,191184515,,cycles,52724594,100.00,,
84.951778356,35005,,rD044,51281561,100.00,,
84.951778356,835132,,rFF44,51276141,100.00,,
84.951778356,760612593,,instructions,51271201,100.00,4.10,insn per cycle
84.951778356,185524638,,cycles,51266181,100.00,,
85.051947707,35000,,rD044,51119485,100.00,,
85.051947707,853003,,rFF44,51119485,100.00,,
85.051947707,753801418,,instructions,51119485,100.00,4.08,insn per cycle
85.051947707,184863350,,cycles,51119485,100.00,,
85.152116387,4468,,rD044,51758338,100.00,,
85.152116387,821812,,rFF44,51763938,100.00,,
85.152116387,769272853,,instructions,51769038,100.00,4.10,insn per cycle
85.152116387,187454986,,cycles,51773868,100.00,,
85.252302877,34902,,rD044,52816362,100.00,,
85.252302877,839288,,rFF44,52817122,100.00,,
85.252302877,787517376,,instructions,52816952,100.00,4.11,insn per cycle
85.252302877,191518098,,cycles,52816622,100.00,,
85.352488178,34910,,rD044,52167093,100.00,,
85.352488178,825145,,rFF44,52160733,100.00,,
85.352488178,772806245,,instructions,52155803,100.00,4.09,insn per cycle
85.352488178,188984662,,cycles,52151303,100.00,,
85.452655488,35141,,rD044,51173189,100.00,,
85.452655488,805866,,rFF44,51173189,100.00,,
85.452655488,756435017,,instructions,51173189,100.00,4.09,insn per cycle
85.452655488,185083954,,cycles,51173189,100.00,,
85.552821269,34708,,rD044,51198785,100.00,,
85.552821269,832786,,rFF44,51206085,100.00,,
85.552821269,755027694,,instructions,51210125,100.00,4.08,insn per cycle
85.552821269,185264251,,cycles,51210125,100.00,,
85.653005519,35214,,rD044,52136008,100.00,,
85.653005519,848408,,rFF44,52134738,100.00,,
85.653005519,770861746,,instructions,52135858,100.00,4.08,insn per cycle
85.653005519,188837424,,cycles,52140758,100.00,,
85.753188120,35189,,rD044,52823676,100.00,,
85.753188120,855847,,rFF44,52823056,100.00,,
85.753188120,787717741,,instructions,52822316,100.00,4.11,insn per cycle
85.753188120,191548663,,cycles,52822716,100.00,,
85.853381101,4340,,rD044,51733463,100.00,,
85.853381101,793777,,rFF44,51728053,100.00,,
85.853381101,774045998,,instructions,51723633,100.00,4.13,insn per cycle
85.853381101,187311000,,cycles,51718333,100.00,,
85.953547451,35023,,rD044,51025228,100.00,,
85.953547451,839194,,rFF44,51025228,100.00,,
85.953547451,755233802,,instructions,51025228,100.00,4.09,insn per cycle
85.953547451,184500655,,cycles,51025228,100.00,,
86.053711061,35204,,rD044,51356959,100.00,,
86.053711061,847192,,rFF44,51362659,100.00,,
86.053711061,781945463,,instructions,51367449,100.00,4.21,insn per cycle
86.053711061,185881470,,cycles,51371969,100.00,,
86.153890372,35076,,rD044,52767318,100.00,,
86.153890372,857534,,rFF44,52761618,100.00,,
86.153890372,819940244,,instructions,52756828,100.00,4.29,insn per cycle
86.153890372,191252112,,cycles,52752308,100.00,,
86.254055552,35141,,rD044,50294790,100.00,,
86.254055552,864212,,rFF44,50300330,100.00,,
86.254055552,765602018,,instructions,50306480,100.00,4.21,insn per cycle
86.254055552,181755587,,cycles,50306480,100.00,,
86.354243143,34836,,rD044,51151475,100.00,,
86.354243143,820999,,rFF44,51152155,100.00,,
86.354243143,779259909,,instructions,51150785,100.00,4.21,insn per cycle
86.354243143,185024292,,cycles,51155745,100.00,,
86.454429553,35007,,rD044,52709217,100.00,,
86.454429553,835978,,rFF44,52708527,100.00,,
86.454429553,791251728,,instructions,52708487,100.00,4.14,insn per cycle
86.454429553,191113261,,cycles,52708837,100.00,,
86.554614564,34972,,rD044,51449728,100.00,,
86.554614564,820942,,rFF44,51450138,100.00,,
86.554614564,767079804,,instructions,51450248,100.00,4.12,insn per cycle
86.554614564,186402398,,cycles,51449388,100.00,,
86.654800315,34773,,rD044,52184928,100.00,,
86.654800315,837852,,rFF44,52178988,100.00,,
86.654800315,777730227,,instructions,52174138,100.00,4.11,insn per cycle
86.654800315,189058275,,cycles,52169688,100.00,,
86.754972515,4807,,rD044,51005307,100.00,,
86.754972515,810825,,rFF44,51005307,100.00,,
86.754972515,760584819,,instructions,51012987,100.00,4.12,insn per cycle
86.754972515,184583412,,cycles,51017647,100.00,,
86.855158086,35155,,rD044,51379463,100.00,,
86.855158086,859335,,rFF44,51379463,100.00,,
86.855158086,760169574,,instructions,51371783,100.00,4.09,insn per cycle
86.855158086,185843152,,cycles,51374973,100.00,,
86.955356217,35248,,rD044,51589105,100.00,,
86.955356217,844178,,rFF44,51594895,100.00,,
86.955356217,775148412,,instructions,51600025,100.00,4.15,insn per cycle
86.955356217,186828650,,cycles,51596635,100.00,,
87.055541877,35489,,rD044,52692122,100.00,,
87.055541877,828553,,rFF44,52691962,100.00,,
87.055541877,795521906,,instructions,52691902,100.00,4.16,insn per cycle
87.055541877,191083809,,cycles,52692452,100.00,,
87.155729348,34701,,rD044,51019421,100.00,,
87.155729348,796535,,rFF44,51013791,100.00,,
87.155729348,781989712,,instructions,51008721,100.00,4.24,insn per cycle
87.155729348,184571773,,cycles,51003711,100.00,,
87.255899248,35260,,rD044,50493452,100.00,,
87.255899248,842537,,rFF44,50493452,100.00,,
87.255899248,764959271,,instructions,50493452,100.00,4.19,insn per cycle
87.255899248,182516098,,cycles,50493452,100.00,,
87.356069939,35448,,rD044,51697080,100.00,,
87.356069939,854460,,rFF44,51702900,100.00,,
87.356069939,786843682,,instructions,51708070,100.00,4.20,insn per cycle
87.356069939,187258549,,cycles,51712920,100.00,,
87.456258290,35398,,rD044,52273407,100.00,,
87.456258290,846056,,rFF44,52267587,100.00,,
87.456258290,796303103,,instructions,52262417,100.00,4.20,insn per cycle
87.456258290,189451732,,cycles,52257567,100.00,,
87.556428400,4735,,rD044,50227139,100.00,,
87.556428400,815495,,rFF44,50227139,100.00,,
87.556428400,756670006,,instructions,50227139,100.00,4.17,insn per cycle
87.556428400,181442050,,cycles,50227139,100.00,,
87.656603530,35568,,rD044,51230680,100.00,,
87.656603530,844082,,rFF44,51236700,100.00,,
87.656603530,768985286,,instructions,51242470,100.00,4.15,insn per cycle
87.656603530,185424165,,cycles,51246870,100.00,,
87.756787981,34633,,rD044,52747424,100.00,,
87.756787981,833947,,rFF44,52747194,100.00,,
87.756787981,798382160,,instructions,52746764,100.00,4.17,insn per cycle
87.756787981,191293057,,cycles,52747594,100.00,,
87.856975571,34959,,rD044,50806554,100.00,,
87.856975571,831738,,rFF44,50800764,100.00,,
87.856975571,761016881,,instructions,50795424,100.00,4.14,insn per cycle
87.856975571,183731383,,cycles,50790194,100.00,,
87.957148082,34750,,rD044,50227268,100.00,,
87.957148082,816414,,rFF44,50227268,100.00,,
87.957148082,752544105,,instructions,50227268,100.00,4.15,insn per cycle
87.957148082,181470669,,cycles,50227268,100.00,,
88.057315192,35255,,rD044,52191121,100.00,,
88.057315192,844987,,rFF44,52197061,100.00,,
88.057315192,779626081,,instructions,52202201,100.00,4.12,insn per cycle
88.057315192,189189081,,cycles,52206211,100.00,,
88.157495333,34989,,rD044,52579404,100.00,,
88.157495333,837383,,rFF44,52579184,100.00,,
88.157495333,788540173,,instructions,52579124,100.00,4.14,insn per cycle
88.157495333,190621325,,cycles,52580334,100.00,,
88.257680634,34954,,rD044,50818243,100.00,,
88.257680634,836682,,rFF44,50812523,100.00,,
88.257680634,754232187,,instructions,50807443,100.00,4.10,insn per cycle
88.257680634,183747102,,cycles,50802223,100.00,,
88.357854324,4940,,rD044,50669332,100.00,,
88.357854324,821807,,rFF44,50669332,100.00,,
88.357854324,759043354,,instructions,50669332,100.00,4.14,insn per cycle
88.357854324,183132090,,cycles,50669332,100.00,,
88.458023414,35156,,rD044,52217065,100.00,,
88.458023414,842623,,rFF44,52222945,100.00,,
88.458023414,784377885,,instructions,52227975,100.00,4.14,insn per cycle
88.458023414,189254187,,cycles,52232725,100.00,,
88.558201395,35014,,rD044,52569785,100.00,,
88.558201395,845874,,rFF44,52569265,100.00,,
88.558201395,787142063,,instructions,52574285,100.00,4.13,insn per cycle
88.558201395,190626017,,cycles,52575445,100.00,,
88.658387766,35249,,rD044,51409553,100.00,,
88.658387766,832583,,rFF44,51410543,100.00,,
88.658387766,761168694,,instructions,51404563,100.00,4.09,insn per cycle
88.658387766,186093075,,cycles,51398653,100.00,,
88.758570526,34889,,rD044,50773454,100.00,,
88.758570526,801712,,rFF44,50767104,100.00,,
88.758570526,752349066,,instructions,50763034,100.00,4.10,insn per cycle
88.758570526,183522863,,cycles,50763034,100.00,,
88.858739137,35043,,rD044,50859757,100.00,,
88.858739137,825631,,rFF44,50859757,100.00,,
88.858739137,752331703,,instructions,50859757,100.00,4.09,insn per cycle
88.858739137,184069112,,cycles,50859757,100.00,,
88.958905467,34735,,rD044,51513331,100.00,,
88.958905467,823842,,rFF44,51513331,100.00,,
88.958905467,754145985,,instructions,51513331,100.00,4.04,insn per cycle
88.958905467,186613699,,cycles,51513331,100.00,,
89.059079428,3728,,rD044,51129216,100.00,,
89.059079428,799269,,rFF44,51129216,100.00,,
89.059079428,753020108,,instructions,51129216,100.00,4.07,insn per cycle
89.059079428,185183007,,cycles,51129216,100.00,,
89.159250118,34871,,rD044,51775530,100.00,,
89.159250118,837982,,rFF44,51781640,100.00,,
89.159250118,755872109,,instructions,51787210,100.00,4.03,insn per cycle
89.159250118,187554298,,cycles,51791730,100.00,,
89.259438139,34849,,rD044,52886252,100.00,,
89.259438139,818665,,rFF44,52885842,100.00,,
89.259438139,777554101,,instructions,52885052,100.00,4.05,insn per cycle
89.259438139,191804243,,cycles,52884842,100.00,,
89.359623699,35024,,rD044,52952596,100.00,,
89.359623699,817793,,rFF44,52952676,100.00,,
89.359623699,777112139,,instructions,52952626,100.00,4.05,insn per cycle
89.359623699,192046190,,cycles,52952466,100.00,,
89.459811500,34305,,rD044,52665035,100.00,,
89.459811500,776282,,rFF44,52664735,100.00,,
89.459811500,776389941,,instructions,52665265,100.00,4.07,insn per cycle
89.459811500,190970594,,cycles,52665455,100.00,,
89.559997440,35331,,rD044,51758539,100.00,,
89.559997440,808173,,rFF44,51753059,100.00,,
89.559997440,758920298,,instructions,51747799,100.00,4.05,insn per cycle
89.559997440,187446522,,cycles,51743459,100.00,,
89.660167811,34516,,rD044,51234632,100.00,,
89.660167811,835877,,rFF44,51234632,100.00,,
89.660167811,767509496,,instructions,51234632,100.00,4.14,insn per cycle
89.660167811,185391955,,cycles,51234632,100.00,,
89.760354591,34740,,rD044,51350940,100.00,,
89.760354591,828882,,rFF44,51354130,100.00,,
89.760354591,767452145,,instructions,51354130,100.00,4.13,insn per cycle
89.760354591,185795899,,cycles,51354130,100.00,,
89.860535472,4332,,rD044,52680297,100.00,,
89.860535472,785497,,rFF44,52683327,100.00,,
89.860535472,782875156,,instructions,52688037,100.00,4.10,insn per cycle
89.860535472,191023781,,cycles,52692867,100.00,,
89.960721183,34697,,rD044,52794406,100.00,,
89.960721183,810040,,rFF44,52794056,100.00,,
89.960721183,776732641,,instructions,52794226,100.00,4.06,insn per cycle
89.960721183,191450969,,cycles,52793707,100.00,,
90.060908253,34558,,rD044,52820021,100.00,,
90.060908253,814582,,rFF44,52819951,100.00,,
90.060908253,779891673,,instructions,52820411,100.00,4.07,insn per cycle
90.060908253,191552371,,cycles,52820230,100.00,,
90.161092714,34809,,rD044,52282799,100.00,,
90.161092714,817932,,rFF44,52283019,100.00,,
90.161092714,769697944,,instructions,52277679,100.00,4.06,insn per cycle
90.161092714,189488212,,cycles,52273549,100.00,,
90.261271784,34782,,rD044,51634003,100.00,,
90.261271784,800908,,rFF44,51636033,100.00,,
90.261271784,759533266,,instructions,51639743,100.00,4.06,insn per cycle
90.261271784,186871182,,cycles,51639743,100.00,,
90.361457535,34970,,rD044,51725957,100.00,,
90.361457535,815752,,rFF44,51717907,100.00,,
90.361457535,758256124,,instructions,51714197,100.00,4.05,insn per cycle
90.361457535,187295079,,cycles,51714197,100.00,,
90.461629615,35335,,rD044,51762621,100.00,,
90.461629615,814694,,rFF44,51762621,100.00,,
90.461629615,759542612,,instructions,51762621,100.00,4.05,insn per cycle
90.461629615,187376906,,cycles,51762621,100.00,,
90.561800686,4127,,rD044,51971673,100.00,,
90.561800686,785068,,rFF44,51977443,100.00,,
90.561800686,765629075,,instructions,51982833,100.00,4.07,insn per cycle
90.561800686,188323541,,cycles,51987213,100.00,,
90.661980966,34529,,rD044,52815684,100.00,,
90.661980966,818087,,rFF44,52815204,100.00,,
90.661980966,778769781,,instructions,52814844,100.00,4.07,insn per cycle
90.661980966,191543384,,cycles,52815414,100.00,,
90.762163127,35193,,rD044,52844433,100.00,,
90.762163127,825071,,rFF44,52845403,100.00,,
90.762163127,778355940,,instructions,52846053,100.00,4.06,insn per cycle
90.762163127,191625335,,cycles,52845903,100.00,,
90.862353608,35003,,rD044,52930022,100.00,,
90.862353608,839446,,rFF44,52929432,100.00,,
90.862353608,779029252,,instructions,52928882,100.00,4.06,insn per cycle
90.862353608,191953211,,cycles,52929062,100.00,,
90.962537088,34957,,rD044,51973556,100.00,,
90.962537088,814281,,rFF44,51967886,100.00,,
90.962537088,760176576,,instructions,51962756,100.00,4.04,insn per cycle
90.962537088,188235378,,cycles,51957776,100.00,,
91.062707479,34516,,rD044,51698973,100.00,,
91.062707479,783364,,rFF44,51698973,100.00,,
91.062707479,759250268,,instructions,51698973,100.00,4.06,insn per cycle
91.062707479,187159528,,cycles,51698973,100.00,,
91.162871299,34675,,rD044,51933557,100.00,,
91.162871299,815629,,rFF44,51933557,100.00,,
91.162871299,758961223,,instructions,51933557,100.00,4.03,insn per cycle
91.162871299,188098581,,cycles,51933557,100.00,,
91.263039269,34447,,rD044,51938877,100.00,,
91.263039269,816650,,rFF44,51938877,100.00,,
91.263039269,760213066,,instructions,51938877,100.00,4.04,insn per cycle
91.263039269,188116808,,cycles,51938877,100.00,,
91.363205850,4519,,rD044,51469883,100.00,,
91.363205850,781825,,rFF44,51480674,100.00,,
91.363205850,758819969,,instructions,51480674,100.00,4.07,insn per cycle
91.363205850,186502048,,cycles,51480674,100.00,,
91.463393370,35036,,rD044,52272990,100.00,,
91.463393370,826315,,rFF44,52267639,100.00,,
91.463393370,765852472,,instructions,52273349,100.00,4.04,insn per cycle
91.463393370,189447250,,cycles,52278269,100.00,,
91.563573331,34979,,rD044,52857699,100.00,,
91.563573331,814722,,rFF44,52857709,100.00,,
91.563573331,776048046,,instructions,52856829,100.00,4.05,insn per cycle
91.563573331,191707781,,cycles,52856369,100.00,,
91.663751301,34671,,rD044,52720238,100.00,,
91.663751301,805009,,rFF44,52720168,100.00,,
91.663751301,777772878,,instructions,52720038,100.00,4.07,insn per cycle
91.663751301,191203074,,cycles,52720138,100.00,,
91.763935172,34819,,rD044,52881092,100.00,,
91.763935172,784167,,rFF44,52881442,100.00,,
91.763935172,781485184,,instructions,52881632,100.00,4.07,insn per cycle
91.763935172,191786283,,cycles,52881392,100.00,,
91.864122043,34827,,rD044,51957783,100.00,,
91.864122043,815790,,rFF44,51952053,100.00,,
91.864122043,760715067,,instructions,51947163,100.00,4.04,insn per cycle
91.864122043,188234851,,cycles,51942843,100.00,,
91.964294433,34938,,rD044,51890634,100.00,,
91.964294433,826928,,rFF44,51890634,100.00,,
91.964294433,759470991,,instructions,51890634,100.00,4.04,insn per cycle
91.964294433,187920912,,cycles,51890634,100.00,,
92.064475794,34926,,rD044,51971755,100.00,,
92.064475794,831604,,rFF44,51971755,100.00,,
92.064475794,758505669,,instructions,51971755,100.00,4.03,insn per cycle
92.064475794,188255673,,cycles,51971755,100.00,,
92.164649544,4531,,rD044,51636516,100.00,,
92.164649544,775155,,rFF44,51636516,100.00,,
92.164649544,759422707,,instructions,51636516,100.00,4.06,insn per cycle
92.164649544,186933328,,cycles,51636516,100.00,,
92.264821345,34623,,rD044,51972128,100.00,,
92.264821345,811977,,rFF44,51972128,100.00,,
92.264821345,758465225,,instructions,51972128,100.00,4.03,insn per cycle
92.264821345,188277706,,cycles,51972128,100.00,,
92.364993875,35493,,rD044,52843784,100.00,,
92.364993875,820228,,rFF44,52849374,100.00,,
92.364993875,773292140,,instructions,52853954,100.00,4.03,insn per cycle
92.364993875,191648149,,cycles,52858304,100.00,,
92.465178576,34752,,rD044,52972150,100.00,,
92.465178576,823588,,rFF44,52972270,100.00,,
92.465178576,775763343,,instructions,52971960,100.00,4.04,insn per cycle
92.465178576,192120751,,cycles,52971650,100.00,,
92.565374806,34858,,rD044,52861414,100.00,,
92.565374806,795198,,rFF44,52861304,100.00,,
92.565374806,778174385,,instructions,52861814,100.00,4.06,insn per cycle
92.565374806,191688388,,cycles,52862564,100.00,,
92.665558747,34482,,rD044,52954076,100.00,,
92.665558747,828737,,rFF44,52948476,100.00,,
92.665558747,777391483,,instructions,52943696,100.00,4.05,insn per cycle
92.665558747,192009411,,cycles,52938906,100.00,,
92.765735197,34894,,rD044,51810177,100.00,,
92.765735197,811463,,rFF44,51810177,100.00,,
92.765735197,759062216,,instructions,51810177,100.00,4.04,insn per cycle
92.765735197,187683245,,cycles,51810177,100.00,,
92.865905888,34767,,rD044,51900502,100.00,,
92.865905888,812935,,rFF44,51900502,100.00,,
92.865905888,758816747,,instructions,51900502,100.00,4.04,insn per cycle
92.865905888,187964056,,cycles,51900502,100.00,,
92.966077378,4466,,rD044,51578373,100.00,,
92.966077378,788679,,rFF44,51578373,100.00,,
92.966077378,759164743,,instructions,51578373,100.00,4.07,insn per cycle
92.966077378,186729411,,cycles,51578373,100.00,,
93.066251269,34829,,rD044,51748380,100.00,,
93.066251269,821934,,rFF44,51748380,100.00,,
93.066251269,758989841,,instructions,51748380,100.00,4.05,insn per cycle
93.066251269,187373179,,cycles,51748380,100.00,,
93.166421759,34501,,rD044,52142307,100.00,,
93.166421759,822230,,rFF44,52147717,100.00,,
93.166421759,766184718,,instructions,52152777,100.00,4.05,insn per cycle
93.166421759,188970574,,cycles,52156987,100.00,,
93.266601660,34652,,rD044,52793166,100.00,,
93.266601660,783347,,rFF44,52793386,100.00,,
93.266601660,779962405,,instructions,52793216,100.00,4.07,insn per cycle
93.266601660,191476175,,cycles,52793716,100.00,,
93.366784130,35086,,rD044,52970899,100.00,,
93.366784130,811918,,rFF44,52970969,100.00,,
93.366784130,779531658,,instructions,52971199,100.00,4.06,insn per cycle
93.366784130,192129955,,cycles,52971089,100.00,,
93.466966981,34993,,rD044,52843356,100.00,,
93.466966981,813108,,rFF44,52842906,100.00,,
93.466966981,777798609,,instructions,52842576,100.00,4.06,insn per cycle
93.466966981,191665999,,cycles,52842266,100.00,,
93.567150381,34659,,rD044,51788876,100.00,,
93.567150381,817909,,rFF44,51783626,100.00,,
93.567150381,759568735,,instructions,51778836,100.00,4.05,insn per cycle
93.567150381,187521441,,cycles,51774546,100.00,,
93.667331162,4614,,rD044,51501538,100.00,,
93.667331162,795267,,rFF44,51508688,100.00,,
93.667331162,759492082,,instructions,51512698,100.00,4.07,insn per cycle
93.667331162,186510936,,cycles,51512698,100.00,,
93.767510293,34948,,rD044,51307052,100.00,,
93.767510293,837256,,rFF44,51304002,100.00,,
93.767510293,758645407,,instructions,51299992,100.00,4.09,insn per cycle
93.767510293,185635974,,cycles,51299992,100.00,,
93.867686923,34568,,rD044,51858694,100.00,,
93.867686923,818417,,rFF44,51860624,100.00,,
93.867686923,768551688,,instructions,51865764,100.00,4.09,insn per cycle
93.867686923,187813983,,cycles,51870474,100.00,,
93.967867613,34978,,rD044,52656576,100.00,,
93.967867613,807008,,rFF44,52656356,100.00,,
93.967867613,782488106,,instructions,52656936,100.00,4.10,insn per cycle
93.967867613,190977239,,cycles,52656736,100.00,,
94.068051404,34673,,rD044,52470401,100.00,,
94.068051404,779209,,rFF44,52470041,100.00,,
94.068051404,779637453,,instructions,52469281,100.00,4.10,insn per cycle
94.068051404,190220943,,cycles,52470311,100.00,,
94.168239014,34928,,rD044,52212748,100.00,,
94.168239014,828336,,rFF44,52207298,100.00,,
94.168239014,772696192,,instructions,52202338,100.00,4.08,insn per cycle
94.168239014,189174719,,cycles,52196798,100.00,,
94.268403565,34882,,rD044,51378845,100.00,,
94.268403565,837679,,rFF44,51378845,100.00,,
94.268403565,758550425,,instructions,51378845,100.00,4.08,insn per cycle
94.268403565,185978504,,cycles,51378845,100.00,,
94.368567165,35136,,rD044,51486321,100.00,,
94.368567165,842563,,rFF44,51486321,100.00,,
94.368567165,758553194,,instructions,51486321,100.00,4.07,insn per cycle
94.368567165,186310200,,cycles,51486321,100.00,,
94.468743676,4450,,rD044,51094835,100.00,,
94.468743676,787546,,rFF44,51094835,100.00,,
94.468743676,758417171,,instructions,51094835,100.00,4.10,insn per cycle
94.468743676,184871377,,cycles,51094835,100.00,,
94.568914916,35127,,rD044,52365194,100.00,,
94.568914916,821287,,rFF44,52370784,100.00,,
94.568914916,777757071,,instructions,52375654,100.00,4.10,insn per cycle
94.568914916,189827565,,cycles,52381154,100.00,,
94.669101797,34817,,rD044,52572022,100.00,,
94.669101797,822837,,rFF44,52572242,100.00,,
94.669101797,780113899,,instructions,52572742,100.00,4.09,insn per cycle
94.669101797,190640392,,cycles,52572522,100.00,,
94.769289637,35236,,rD044,52598028,100.00,,
94.769289637,827901,,rFF44,52597868,100.00,,
94.769289637,783320533,,instructions,52598338,100.00,4.11,insn per cycle
94.769289637,190741002,,cycles,52597238,100.00,,
94.869477218,34594,,rD044,51165719,100.00,,
94.869477218,808830,,rFF44,51160069,100.00,,
94.869477218,762118497,,instructions,51154229,100.00,4.12,insn per cycle
94.869477218,185124609,,cycles,51150049,100.00,,
94.969649469,35084,,rD044,51203638,100.00,,
94.969649469,844760,,rFF44,51203638,100.00,,
94.969649469,753940444,,instructions,51203638,100.00,4.07,insn per cycle
94.969649469,185275028,,cycles,51203638,100.00,,
95.069823689,35187,,rD044,51528541,100.00,,
95.069823689,833421,,rFF44,51534521,100.00,,
95.069823689,759156123,,instructions,51539571,100.00,4.07,insn per cycle
95.069823689,186544357,,cycles,51544161,100.00,,
95.170012820,35099,,rD044,52377533,100.00,,
95.170012820,834792,,rFF44,52377583,100.00,,
95.170012820,776315585,,instructions,52377353,100.00,4.09,insn per cycle
95.170012820,189914294,,cycles,52377973,100.00,,
95.270198980,4847,,rD044,52824127,100.00,,
95.270198980,803489,,rFF44,52823617,100.00,,
95.270198980,788860518,,instructions,52836807,100.00,4.12,insn per cycle
95.270198980,191621234,,cycles,52836187,100.00,,
95.370398521,34960,,rD044,52287958,100.00,,
95.370398521,836936,,rFF44,52282438,100.00,,
95.370398521,776329324,,instructions,52264428,100.00,4.10,insn per cycle
95.370398521,189444992,,cycles,52259838,100.00,,
95.470566641,35006,,rD044,51366070,100.00,,
95.470566641,847915,,rFF44,51366070,100.00,,
95.470566641,758560318,,instructions,51366070,100.00,4.08,insn per cycle
95.470566641,185893690,,cycles,51366070,100.00,,
95.570739952,35012,,rD044,51303541,100.00,,
95.570739952,835085,,rFF44,51306851,100.00,,
95.570739952,758054748,,instructions,51306851,100.00,4.08,insn per cycle
95.570739952,185667504,,cycles,51306851,100.00,,
95.670919573,34956,,rD044,51297854,100.00,,
95.670919573,805159,,rFF44,51300784,100.00,,
95.670919573,760504416,,instructions,51305454,100.00,4.10,insn per cycle
95.670919573,185652637,,cycles,51310134,100.00,,
95.771104253,35139,,rD044,52475154,100.00,,
95.771104253,830894,,rFF44,52474954,100.00,,
95.771104253,779962426,,instructions,52475444,100.00,4.10,insn per cycle
95.771104253,190273309,,cycles,52475194,100.00,,
95.871287284,34739,,rD044,52789627,100.00,,
95.871287284,837090,,rFF44,52789217,100.00,,
95.871287284,782693567,,instructions,52789607,100.00,4.09,insn per cycle
95.871287284,191443388,,cycles,52789897,100.00,,
95.971468764,35408,,rD044,52189967,100.00,,
95.971468764,840927,,rFF44,52190137,100.00,,
95.971468764,772594775,,instructions,52189167,100.00,4.08,insn per cycle
95.971468764,189187616,,cycles,52189327,100.00,,
96.071654775,4225,,rD044,51470039,100.00,,
96.071654775,812435,,rFF44,51464239,100.00,,
96.071654775,763831834,,instructions,51459659,100.00,4.10,insn per cycle
96.071654775,186282009,,cycles,51454779,100.00,,
96.171826325,35173,,rD044,51305933,100.00,,
96.171826325,838195,,rFF44,51305933,100.00,,
96.171826325,758070088,,instructions,51305933,100.00,4.08,insn per cycle
96.171826325,185656454,,cycles,51305933,100.00,,
96.271995246,35146,,rD044,51342404,100.00,,
96.271995246,829225,,rFF44,51342404,100.00,,
96.271995246,758415099,,instructions,51349714,100.00,4.08,insn per cycle
96.271995246,185839677,,cycles,51353844,100.00,,
96.372174076,34743,,rD044,52205028,100.00,,
96.372174076,834806,,rFF44,52211058,100.00,,
96.372174076,774963095,,instructions,52208498,100.00,4.10,insn per cycle
96.372174076,189217097,,cycles,52209768,100.00,,
96.472364307,35689,,rD044,52741183,100.00,,
96.472364307,808469,,rFF44,52741003,100.00,,
96.472364307,785859700,,instructions,52741333,100.00,4.11,insn per cycle
96.472364307,191237110,,cycles,52740973,100.00,,
96.572544377,35031,,rD044,52663028,100.00,,
96.572544377,854247,,rFF44,52657178,100.00,,
96.572544377,781023744,,instructions,52652098,100.00,4.09,insn per cycle
96.572544377,190914225,,cycles,52647058,100.00,,
96.672714528,35275,,rD044,52052595,100.00,,
96.672714528,843860,,rFF44,52052595,100.00,,
96.672714528,758359853,,instructions,52052595,100.00,4.02,insn per cycle
96.672714528,188549890,,cycles,52052595,100.00,,
96.772880718,35477,,rD044,51609214,100.00,,
96.772880718,835712,,rFF44,51609214,100.00,,
96.772880718,758182464,,instructions,51609214,100.00,4.06,insn per cycle
96.772880718,186806110,,cycles,51609214,100.00,,
96.873045119,4500,,rD044,51466899,100.00,,
96.873045119,806083,,rFF44,51466899,100.00,,
96.873045119,758168680,,instructions,51466899,100.00,4.07,insn per cycle
96.873045119,186253990,,cycles,51466899,100.00,,
96.973211859,35146,,rD044,51704325,100.00,,
96.973211859,836659,,rFF44,51709765,100.00,,
96.973211859,766716985,,instructions,51714915,100.00,4.09,insn per cycle
96.973211859,187264846,,cycles,51720035,100.00,,
97.073405590,35125,,rD044,52707243,100.00,,
97.073405590,843236,,rFF44,52707673,100.00,,
97.073405590,783124141,,instructions,52707383,100.00,4.10,insn per cycle
97.073405590,191148780,,cycles,52706813,100.00,,
97.173584410,35039,,rD044,52585895,100.00,,
97.173584410,847362,,rFF44,52585685,100.00,,
97.173584410,779536701,,instructions,52585305,100.00,4.09,insn per cycle
97.173584410,190672306,,cycles,52585285,100.00,,
97.273770100,35051,,rD044,52002646,100.00,,
97.273770100,796185,,rFF44,52004886,100.00,,
97.273770100,771819371,,instructions,52004766,100.00,4.10,insn per cycle
97.273770100,188439826,,cycles,52000236,100.00,,
97.373957200,35271,,rD044,51401955,100.00,,
97.373957200,833470,,rFF44,51394055,100.00,,
97.373957200,757982403,,instructions,51389695,100.00,4.08,insn per cycle
97.373957200,186007739,,cycles,51389695,100.00,,
97.474128611,34809,,rD044,51413852,100.00,,
97.474128611,828465,,rFF44,51413852,100.00,,
97.474128611,758411989,,instructions,51413852,100.00,4.08,insn per cycle
97.474128611,186073069,,cycles,51413852,100.00,,
97.574302591,4580,,rD044,51463877,100.00,,
97.574302591,802137,,rFF44,51469997,100.00,,
97.574302591,762664370,,instructions,51474477,100.00,4.09,insn per cycle
97.574302591,186331435,,cycles,51478927,100.00,,
97.674489651,35355,,rD044,52772979,100.00,,
97.674489651,841614,,rFF44,52772609,100.00,,
97.674489651,783114355,,instructions,52773199,100.00,4.09,insn per cycle
97.674489651,191355658,,cycles,52773969,100.00,,
97.774676241,35030,,rD044,52366798,100.00,,
97.774676241,842136,,rFF44,52366758,100.00,,
97.774676241,776441642,,instructions,52366648,100.00,4.09,insn per cycle
97.774676241,189828112,,cycles,52367268,100.00,,
97.874862471,34692,,rD044,52189817,100.00,,
97.874862471,824179,,rFF44,52184107,100.00,,
97.874862471,778911307,,instructions,52179147,100.00,4.12,insn per cycle
97.874862471,189111615,,cycles,52173307,100.00,,
97.975034562,34983,,rD044,51497049,100.00,,
97.975034562,825262,,rFF44,51497049,100.00,,
97.975034562,762128352,,instructions,51497049,100.00,4.09,insn per cycle
97.975034562,186393464,,cycles,51497049,100.00,,
98.075204252,34867,,rD044,51485401,100.00,,
98.075204252,796962,,rFF44,51485401,100.00,,
98.075204252,759583827,,instructions,51485401,100.00,4.08,insn per cycle
98.075204252,186320650,,cycles,51485401,100.00,,
98.175388353,34803,,rD044,51108059,100.00,,
98.175388353,836102,,rFF44,51108059,100.00,,
98.175388353,755485501,,instructions,51108059,100.00,4.09,insn per cycle
98.175388353,184862139,,cycles,51108059,100.00,,
98.275561133,35209,,rD044,51761722,100.00,,
98.275561133,834237,,rFF44,51767472,100.00,,
98.275561133,774805596,,instructions,51772723,100.00,4.13,insn per cycle
98.275561133,187627129,,cycles,51777013,100.00,,
98.375746543,4291,,rD044,52700250,100.00,,
98.375746543,818419,,rFF44,52694500,100.00,,
98.375746543,807749716,,instructions,52689249,100.00,4.23,insn per cycle
98.375746543,191037414,,cycles,52684959,100.00,,
98.475917773,34904,,rD044,50680731,100.00,,
98.475917773,834880,,rFF44,50680731,100.00,,
98.475917773,761587127,,instructions,50680731,100.00,4.15,insn per cycle
98.475917773,183298240,,cycles,50680731,100.00,,
98.576087493,35139,,rD044,50780190,100.00,,
98.576087493,845252,,rFF44,50780190,100.00,,
98.576087493,761109249,,instructions,50780190,100.00,4.15,insn per cycle
98.576087493,183600433,,cycles,50780190,100.00,,
98.676260974,35020,,rD044,52325866,100.00,,
98.676260974,839675,,rFF44,52331636,100.00,,
98.676260974,793444536,,instructions,52337076,100.00,4.18,insn per cycle
98.676260974,189680961,,cycles,52342207,100.00,,
98.776445384,34839,,rD044,52308396,100.00,,
98.776445384,802980,,rFF44,52302626,100.00,,
98.776445384,797403301,,instructions,52297186,100.00,4.21,insn per cycle
98.776445384,189559553,,cycles,52292055,100.00,,
98.876622894,35054,,rD044,50678763,100.00,,
98.876622894,857884,,rFF44,50678763,100.00,,
98.876622894,761637147,,instructions,50678763,100.00,4.16,insn per cycle
98.876622894,183230213,,cycles,50678763,100.00,,
98.976791273,35076,,rD044,50691801,100.00,,
98.976791273,852434,,rFF44,50697311,100.00,,
98.976791273,764905050,,instructions,50701991,100.00,4.17,insn per cycle
98.976791273,183297440,,cycles,50706381,100.00,,
99.076975283,34898,,rD044,52908232,100.00,,
99.076975283,842189,,rFF44,52908492,100.00,,
99.076975283,805163241,,instructions,52909013,100.00,4.20,insn per cycle
99.076975283,191886801,,cycles,52909393,100.00,,
99.177159464,4710,,rD044,50019943,100.00,,
99.177159464,801070,,rFF44,50020023,100.00,,
99.177159464,756945323,,instructions,50019182,100.00,4.19,insn per cycle
99.177159464,180756058,,cycles,50018952,100.00,,
99.277358954,34488,,rD044,51637479,100.00,,
99.277358954,832587,,rFF44,51637599,100.00,,
99.277358954,787725390,,instructions,51638619,100.00,4.21,insn per cycle
99.277358954,187135343,,cycles,51639409,100.00,,
99.377550554,35257,,rD044,50292557,100.00,,
99.377550554,835781,,rFF44,50286587,100.00,,
99.377550554,762335628,,instructions,50281207,100.00,4.19,insn per cycle
99.377550554,181767263,,cycles,50275877,100.00,,
99.477715524,35057,,rD044,50343372,100.00,,
99.477715524,835417,,rFF44,50343372,100.00,,
99.477715524,761343664,,instructions,50343372,100.00,4.19,insn per cycle
99.477715524,181909324,,cycles,50343372,100.00,,
99.577882685,34275,,rD044,52722261,100.00,,
99.577882685,793166,,rFF44,52728511,100.00,,
99.577882685,811985099,,instructions,52733441,100.00,4.25,insn per cycle
99.577882685,191244812,,cycles,52738281,100.00,,
99.678067075,34645,,rD044,51176122,100.00,,
99.678067075,817527,,rFF44,51169872,100.00,,
99.678067075,780288121,,instructions,51164942,100.00,4.21,insn per cycle
99.678067075,185182229,,cycles,51160102,100.00,,
99.778231495,34828,,rD044,50333017,100.00,,
99.778231495,827728,,rFF44,50333017,100.00,,
99.778231495,761838735,,instructions,50333017,100.00,4.19,insn per cycle
99.778231495,181850940,,cycles,50333017,100.00,,
99.878396575,34707,,rD044,52295016,100.00,,
99.878396575,815658,,rFF44,52301157,100.00,,
99.878396575,798830564,,instructions,52306637,100.00,4.21,insn per cycle
99.878396575,189576924,,cycles,52311637,100.00,,
99.978582065,4228,,rD044,51698389,100.00,,
99.978582065,795024,,rFF44,51692248,100.00,,
99.978582065,790234648,,instructions,51686768,100.00,4.22,insn per cycle
99.978582065,187197719,,cycles,51681768,100.00,,
100.078755386,34701,,rD044,50470184,100.00,,
100.078755386,839369,,rFF44,50470184,100.00,,
100.078755386,762293380,,instructions,50470184,100.00,4.18,insn per cycle
100.078755386,182392647,,cycles,50470184,100.00,,
100.178936026,34761,,rD044,51664058,100.00,,
100.178936026,814114,,rFF44,51669808,100.00,,
100.178936026,787110838,,instructions,51675128,100.00,4.21,insn per cycle
100.178936026,187170128,,cycles,51678958,100.00,,
100.279127116,35032,,rD044,52363118,100.00,,
100.279127116,819052,,rFF44,52365378,100.00,,
100.279127116,802790544,,instructions,52364518,100.00,4.23,insn per cycle
100.279127116,189847955,,cycles,52365588,100.00,,
100.379317446,35121,,rD044,50341669,100.00,,
100.379317446,797799,,rFF44,50333659,100.00,,
100.379317446,761525404,,instructions,50329199,100.00,4.19,insn per cycle
100.379317446,181840700,,cycles,50324299,100.00,,
100.479490177,34720,,rD044,51425645,100.00,,
100.479490177,826253,,rFF44,51431665,100.00,,
100.479490177,784092258,,instructions,51436725,100.00,4.21,insn per cycle
100.479490177,186186641,,cycles,51441555,100.00,,
100.579676587,34682,,rD044,52028037,100.00,,
100.579676587,825848,,rFF44,52028497,100.00,,
100.579676587,792280302,,instructions,52028667,100.00,4.20,insn per cycle
100.579676587,188586964,,cycles,52028207,100.00,,
100.679861928,34890,,rD044,51175612,100.00,,
100.679861928,836659,,rFF44,51169132,100.00,,
100.679861928,772543271,,instructions,51163902,100.00,4.17,insn per cycle
100.679861928,185129609,,cycles,51159532,100.00,,
100.780035448,4683,,rD044,50418556,100.00,,
100.780035448,790860,,rFF44,50418556,100.00,,
100.780035448,759218479,,instructions,50418556,100.00,4.17,insn per cycle
100.780035448,182215568,,cycles,50418556,100.00,,
100.880207228,34810,,rD044,52661797,100.00,,
100.880207228,815206,,rFF44,52667837,100.00,,
100.880207228,800673669,,instructions,52672907,100.00,4.19,insn per cycle
100.880207228,191000551,,cycles,52677397,100.00,,
100.980402489,34872,,rD044,51951076,100.00,,
100.980402489,814278,,rFF44,51945036,100.00,,
100.980402489,786138593,,instructions,51939966,100.00,4.18,insn per cycle
100.980402489,188243078,,cycles,51935476,100.00,,
101.080571579,35108,,rD044,50624378,100.00,,
101.080571579,831764,,rFF44,50624378,100.00,,
101.080571579,760829247,,instructions,50624378,100.00,4.16,insn per cycle
101.080571579,182985167,,cycles,50624378,100.00,,
101.180739319,34692,,rD044,51349723,100.00,,
101.180739319,809343,,rFF44,51355793,100.00,,
101.180739319,771499231,,instructions,51362173,100.00,4.15,insn per cycle
101.180739319,185878020,,cycles,51366373,100.00,,
101.280927450,34751,,rD044,52600495,100.00,,
101.280927450,815255,,rFF44,52600115,100.00,,
101.280927450,795089621,,instructions,52598545,100.00,4.17,insn per cycle
101.280927450,190709190,,cycles,52598875,100.00,,
101.381111780,34847,,rD044,51366232,100.00,,
101.381111780,810855,,rFF44,51360542,100.00,,
101.381111780,765675915,,instructions,51355732,100.00,4.12,insn per cycle
101.381111780,185907621,,cycles,51351202,100.00,,
101.481282030,35020,,rD044,50522244,100.00,,
101.481282030,815526,,rFF44,50522244,100.00,,
101.481282030,750863857,,instructions,50522244,100.00,4.11,insn per cycle
101.481282030,182605518,,cycles,50522244,100.00,,
101.581447781,4183,,rD044,52016968,100.00,,
101.581447781,795440,,rFF44,52022488,100.00,,
101.581447781,797092951,,instructions,52027658,100.00,4.23,insn per cycle
101.581447781,188503370,,cycles,52032438,100.00,,
101.681630501,35154,,rD044,52819503,100.00,,
101.681630501,835603,,rFF44,52820363,100.00,,
101.681630501,794175588,,instructions,52820143,100.00,4.15,insn per cycle
101.681630501,191542693,,cycles,52819703,100.00,,
101.781815492,35224,,rD044,51142794,100.00,,
101.781815492,831483,,rFF44,51136414,100.00,,
101.781815492,765005084,,instructions,51131464,100.00,4.13,insn per cycle
101.781815492,185060197,,cycles,51127124,100.00,,
101.881987422,34971,,rD044,50940103,100.00,,
101.881987422,818710,,rFF44,50940103,100.00,,
101.881987422,760712911,,instructions,50940103,100.00,4.13,insn per cycle
101.881987422,184245782,,cycles,50940103,100.00,,
101.982153612,34630,,rD044,51590636,100.00,,
101.982153612,789366,,rFF44,51596626,100.00,,
101.982153612,775615010,,instructions,51601546,100.00,4.15,insn per cycle
101.982153612,186808863,,cycles,51606066,100.00,,
102.082346293,35012,,rD044,52280929,100.00,,
102.082346293,817263,,rFF44,52280839,100.00,,
102.082346293,789420429,,instructions,52280679,100.00,4.17,insn per cycle
102.082346293,189513191,,cycles,52280519,100.00,,
102.182526303,34958,,rD044,52230296,100.00,,
102.182526303,818288,,rFF44,52224396,100.00,,
102.182526303,785987709,,instructions,52219636,100.00,4.15,insn per cycle
102.182526303,189290042,,cycles,52215276,100.00,,
102.282694864,35106,,rD044,50960578,100.00,,
102.282694864,836178,,rFF44,50960578,100.00,,
102.282694864,761286813,,instructions,50960578,100.00,4.13,insn per cycle
102.282694864,184343318,,cycles,50960578,100.00,,
102.382862304,4223,,rD044,50740772,100.00,,
102.382862304,800624,,rFF44,50740772,100.00,,
102.382862304,760850311,,instructions,50740772,100.00,4.15,insn per cycle
102.382862304,183470569,,cycles,50740772,100.00,,
102.483031295,34603,,rD044,52237418,100.00,,
102.483031295,817348,,rFF44,52243408,100.00,,
102.483031295,787924763,,instructions,52248388,100.00,4.16,insn per cycle
102.483031295,189366473,,cycles,52252708,100.00,,
102.583223505,34653,,rD044,52602619,100.00,,
102.583223505,816687,,rFF44,52602189,100.00,,
102.583223505,793930260,,instructions,52602699,100.00,4.16,insn per cycle
102.583223505,190760962,,cycles,52603079,100.00,,
102.683409746,34920,,rD044,51313875,100.00,,
102.683409746,815535,,rFF44,51308315,100.00,,
102.683409746,770117789,,instructions,51302825,100.00,4.15,insn per cycle
102.683409746,185750413,,cycles,51298125,100.00,,
102.783582466,34487,,rD044,50797122,100.00,,
102.783582466,788052,,rFF44,50797122,100.00,,
102.783582466,761166831,,instructions,50797122,100.00,4.14,insn per cycle
102.783582466,183714473,,cycles,50797122,100.00,,
102.883756576,35291,,rD044,50928316,100.00,,
102.883756576,833433,,rFF44,50928316,100.00,,
102.883756576,760998474,,instructions,50928316,100.00,4.13,insn per cycle
102.883756576,184278725,,cycles,50928316,100.00,,
102.983929477,35208,,rD044,52540438,100.00,,
102.983929477,823041,,rFF44,52546498,100.00,,
102.983929477,790502138,,instructions,52551888,100.00,4.15,insn per cycle
102.983929477,190525524,,cycles,52556678,100.00,,
103.084116217,34529,,rD044,52650232,100.00,,
103.084116217,811983,,rFF44,52649722,100.00,,
103.084116217,794443310,,instructions,52649482,100.00,4.16,insn per cycle
103.084116217,190920397,,cycles,52649232,100.00,,
103.184303978,35080,,rD044,51214984,100.00,,
103.184303978,818102,,rFF44,51209434,100.00,,
103.184303978,765647222,,instructions,51204284,100.00,4.13,insn per cycle
103.184303978,185294565,,cycles,51199744,100.00,,
103.284474748,4891,,rD044,50758319,100.00,,
103.284474748,793235,,rFF44,50758319,100.00,,
103.284474748,761505036,,instructions,50758319,100.00,4.15,insn per cycle
103.284474748,183552197,,cycles,50758319,100.00,,
103.384647578,35038,,rD044,51899183,100.00,,
103.384647578,837143,,rFF44,51904653,100.00,,
103.384647578,779537274,,instructions,51910633,100.00,4.15,insn per cycle
103.384647578,188018160,,cycles,51915313,100.00,,
103.484835099,35266,,rD044,52686010,100.00,,
103.484835099,833535,,rFF44,52686620,100.00,,
103.484835099,792336972,,instructions,52685460,100.00,4.15,insn per cycle
103.484835099,191058358,,cycles,52685650,100.00,,
103.585020430,34519,,rD044,51902651,100.00,,
103.585020430,816865,,rFF44,51896571,100.00,,
103.585020430,778927187,,instructions,51891751,100.00,4.14,insn per cycle
103.585020430,187948639,,cycles,51886881,100.00,,
103.685190210,34166,,rD044,50765559,100.00,,
103.685190210,779603,,rFF44,50770209,100.00,,
103.685190210,760942446,,instructions,50770209,100.00,4.14,insn per cycle
103.685190210,183651342,,cycles,50770209,100.00,,
103.785382460,34750,,rD044,51120989,100.00,,
103.785382460,828636,,rFF44,51121839,100.00,,
103.785382460,763335689,,instructions,51126799,100.00,4.13,insn per cycle
103.785382460,184987969,,cycles,51132389,100.00,,
103.885569171,34765,,rD044,52505369,100.00,,
103.885569171,814416,,rFF44,52505549,100.00,,
103.885569171,791038249,,instructions,52505899,100.00,4.15,insn per cycle
103.885569171,190389674,,cycles,52505399,100.00,,
103.985755391,34551,,rD044,52836465,100.00,,
103.985755391,832095,,rFF44,52836385,100.00,,
103.985755391,796287506,,instructions,52836025,100.00,4.16,insn per cycle
103.985755391,191615032,,cycles,52836275,100.00,,
104.085938472,4427,,rD044,50802082,100.00,,
104.085938472,796421,,rFF44,50796482,100.00,,
104.085938472,762576138,,instructions,50791532,100.00,4.15,insn per cycle
104.085938472,183689848,,cycles,50786192,100.00,,
104.186109962,34954,,rD044,50895351,100.00,,
104.186109962,821958,,rFF44,50903021,100.00,,
104.186109962,761344252,,instructions,50906951,100.00,4.14,insn per cycle
104.186109962,184100908,,cycles,50906951,100.00,,
104.286298332,34853,,rD044,51006221,100.00,,
104.286298332,812658,,rFF44,50998551,100.00,,
104.286298332,765141086,,instructions,50994621,100.00,4.14,insn per cycle
104.286298332,184614961,,cycles,50994621,100.00,,
104.386468973,35043,,rD044,51188833,100.00,,
104.386468973,855827,,rFF44,51188833,100.00,,
104.386468973,754049898,,instructions,51188833,100.00,4.07,insn per cycle
104.386468973,185318942,,cycles,51188833,100.00,,
104.486640893,34915,,rD044,50856977,100.00,,
104.486640893,818916,,rFF44,50863247,100.00,,
104.486640893,759368897,,instructions,50863247,100.00,4.13,insn per cycle
104.486640893,183983602,,cycles,50863247,100.00,,
104.586818854,34806,,rD044,51008332,100.00,,
104.586818854,846480,,rFF44,51007762,100.00,,
104.586818854,767055267,,instructions,51013142,100.00,4.16,insn per cycle
104.586818854,184554869,,cycles,51018162,100.00,,
104.687001194,35172,,rD044,52585930,100.00,,
104.687001194,839540,,rFF44,52586110,100.00,,
104.687001194,799581451,,instructions,52586240,100.00,4.19,insn per cycle
104.687001194,190642283,,cycles,52585470,100.00,,
104.787181934,35092,,rD044,51748237,100.00,,
104.787181934,830018,,rFF44,51745777,100.00,,
104.787181934,788295019,,instructions,51740267,100.00,4.21,insn per cycle
104.787181934,187337570,,cycles,51736017,100.00,,
104.887369465,4284,,rD044,50333996,100.00,,
104.887369465,810505,,rFF44,50330576,100.00,,
104.887369465,763110623,,instructions,50330576,100.00,4.20,insn per cycle
104.887369465,181787239,,cycles,50330576,100.00,,
104.987537625,35286,,rD044,52167468,100.00,,
104.987537625,838470,,rFF44,52173708,100.00,,
104.987537625,796085276,,instructions,52178708,100.00,4.21,insn per cycle
104.987537625,189070334,,cycles,52183278,100.00,,
105.087716436,35127,,rD044,52332181,100.00,,
105.087716436,841839,,rFF44,52325941,100.00,,
105.087716436,795675040,,instructions,52320941,100.00,4.20,insn per cycle
105.087716436,189640531,,cycles,52316371,100.00,,
105.187884206,35114,,rD044,50513619,100.00,,
105.187884206,853055,,rFF44,50513619,100.00,,
105.187884206,761112748,,instructions,50513619,100.00,4.17,insn per cycle
105.187884206,182597981,,cycles,50513619,100.00,,
105.288050346,35016,,rD044,51008844,100.00,,
105.288050346,813142,,rFF44,51014604,100.00,,
105.288050346,777359834,,instructions,51019994,100.00,4.21,insn per cycle
105.288050346,184540234,,cycles,51024474,100.00,,
105.388236137,34958,,rD044,52703657,100.00,,
105.388236137,830731,,rFF44,52703827,100.00,,
105.388236137,808717333,,instructions,52703907,100.00,4.23,insn per cycle
105.388236137,191121938,,cycles,52703727,100.00,,
105.488424677,35033,,rD044,50634333,100.00,,
105.488424677,842565,,rFF44,50628403,100.00,,
105.488424677,768211941,,instructions,50622933,100.00,4.20,insn per cycle
105.488424677,183028841,,cycles,50618633,100.00,,
105.588597898,35313,,rD044,50816541,100.00,,
105.588597898,851634,,rFF44,50822721,100.00,,
105.588597898,767996939,,instructions,50827601,100.00,4.18,insn per cycle
105.588597898,183775758,,cycles,50831891,100.00,,
105.688784008,4583,,rD044,52651290,100.00,,
105.688784008,812500,,rFF44,52650850,100.00,,
105.688784008,808479847,,instructions,52650450,100.00,4.23,insn per cycle
105.688784008,190913205,,cycles,52651100,100.00,,
105.788972989,34970,,rD044,51334453,100.00,,
105.788972989,849232,,rFF44,51332763,100.00,,
105.788972989,773779897,,instructions,51328283,100.00,4.16,insn per cycle
105.788972989,185786287,,cycles,51323343,100.00,,
105.889159270,34993,,rD044,50578878,100.00,,
105.889159270,838493,,rFF44,50574828,100.00,,
105.889159270,762087133,,instructions,50574828,100.00,4.17,insn per cycle
105.889159270,182787519,,cycles,50574828,100.00,,
105.989347510,34892,,rD044,52158691,100.00,,
105.989347510,832186,,rFF44,52164381,100.00,,
105.989347510,790347393,,instructions,52169411,100.00,4.18,insn per cycle
105.989347510,188997128,,cycles,52174341,100.00,,
106.089532661,34972,,rD044,52613320,100.00,,
106.089532661,806128,,rFF44,52607630,100.00,,
106.089532661,800627930,,instructions,52602600,100.00,4.20,insn per cycle
106.089532661,190655793,,cycles,52597670,100.00,,
106.189704521,34891,,rD044,50903987,100.00,,
106.189704521,839331,,rFF44,50903987,100.00,,
106.189704521,761295310,,instructions,50903987,100.00,4.14,insn per cycle
106.189704521,184104827,,cycles,50903987,100.00,,
106.289876301,35015,,rD044,51064550,100.00,,
106.289876301,856432,,rFF44,51064550,100.00,,
106.289876301,760921027,,instructions,51064550,100.00,4.12,insn per cycle
106.289876301,184630512,,cycles,51064550,100.00,,
106.390048552,34804,,rD044,52541484,100.00,,
106.390048552,851069,,rFF44,52547135,100.00,,
106.390048552,787348401,,instructions,52551695,100.00,4.13,insn per cycle
106.390048552,190458109,,cycles,52556285,100.00,,
106.490235742,4081,,rD044,52727828,100.00,,
106.490235742,791701,,rFF44,52728427,100.00,,
106.490235742,793383658,,instructions,52728287,100.00,4.15,insn per cycle
106.490235742,191143268,,cycles,52728137,100.00,,
106.590420553,35155,,rD044,51235518,100.00,,
106.590420553,823036,,rFF44,51229268,100.00,,
106.590420553,761678132,,instructions,51224848,100.00,4.10,insn per cycle
106.590420553,185552796,,cycles,51220408,100.00,,
106.690591253,35105,,rD044,50963168,100.00,,
106.690591253,842898,,rFF44,50963168,100.00,,
106.690591253,750593831,,instructions,50963168,100.00,4.07,insn per cycle
106.690591253,184356231,,cycles,50963168,100.00,,
106.790761004,34908,,rD044,50754168,100.00,,
106.790761004,815011,,rFF44,50754168,100.00,,
106.790761004,756368198,,instructions,50754168,100.00,4.12,insn per cycle
106.790761004,183470717,,cycles,50754168,100.00,,
106.890931364,35180,,rD044,52148683,100.00,,
106.890931364,840487,,rFF44,52148683,100.00,,
106.890931364,755642366,,instructions,52148683,100.00,4.00,insn per cycle
106.890931364,188934036,,cycles,52148683,100.00,,
106.991102894,34810,,rD044,52671578,100.00,,
106.991102894,831494,,rFF44,52677678,100.00,,
106.991102894,771018625,,instructions,52683269,100.00,4.04,insn per cycle
106.991102894,191008105,,cycles,52687899,100.00,,
107.091290005,34812,,rD044,52707768,100.00,,
107.091290005,822640,,rFF44,52707628,100.00,,
107.091290005,773922874,,instructions,52707217,100.00,4.05,insn per cycle
107.091290005,191111598,,cycles,52706897,100.00,,
107.191471265,4143,,rD044,52462099,100.00,,
107.191471265,792768,,rFF44,52462019,100.00,,
107.191471265,775059663,,instructions,52461739,100.00,4.08,insn per cycle
107.191471265,190168668,,cycles,52461939,100.00,,
107.291656866,35196,,rD044,52422470,100.00,,
107.291656866,834208,,rFF44,52416590,100.00,,
107.291656866,766105991,,instructions,52411690,100.00,4.03,insn per cycle
107.291656866,189986952,,cycles,52407180,100.00,,
107.391823616,34953,,rD044,51660359,100.00,,
107.391823616,844946,,rFF44,51660359,100.00,,
107.391823616,754424435,,instructions,51660359,100.00,4.03,insn per cycle
107.391823616,187020590,,cycles,51660359,100.00,,
107.491991767,35053,,rD044,51735353,100.00,,
107.491991767,849714,,rFF44,51735353,100.00,,
107.491991767,754512351,,instructions,51735353,100.00,4.03,insn per cycle
107.491991767,187276334,,cycles,51735353,100.00,,
107.592159047,34494,,rD044,51502527,100.00,,
107.592159047,800946,,rFF44,51506267,100.00,,
107.592159047,754900225,,instructions,51506267,100.00,4.05,insn per cycle
107.592159047,186427141,,cycles,51506267,100.00,,
107.692343947,34969,,rD044,51999299,100.00,,
107.692343947,828260,,rFF44,52001229,100.00,,
107.692343947,760836032,,instructions,52006419,100.00,4.04,insn per cycle
107.692343947,188391983,,cycles,52011199,100.00,,
107.792525748,34923,,rD044,52627975,100.00,,
107.792525748,830771,,rFF44,52628436,100.00,,
107.792525748,773211224,,instructions,52628206,100.00,4.05,insn per cycle
107.792525748,190806322,,cycles,52627636,100.00,,
107.892706608,4271,,rD044,52572392,100.00,,
107.892706608,800594,,rFF44,52571721,100.00,,
107.892706608,775566107,,instructions,52571801,100.00,4.07,insn per cycle
107.892706608,190621451,,cycles,52571941,100.00,,
107.992885789,34979,,rD044,52646803,100.00,,
107.992885789,839574,,rFF44,52646313,100.00,,
107.992885789,774174746,,instructions,52646173,100.00,4.06,insn per cycle
107.992885789,190866085,,cycles,52646373,100.00,,
108.093072189,35022,,rD044,51728297,100.00,,
108.093072189,840750,,rFF44,51723327,100.00,,
108.093072189,755534932,,instructions,51718427,100.00,4.03,insn per cycle
108.093072189,187320943,,cycles,51713877,100.00,,
108.193245879,34827,,rD044,51676405,100.00,,
108.193245879,831629,,rFF44,51676405,100.00,,
108.193245879,754284567,,instructions,51676405,100.00,4.03,insn per cycle
108.193245879,187097511,,cycles,51676405,100.00,,
108.293422930,34873,,rD044,51467300,100.00,,
108.293422930,802185,,rFF44,51467300,100.00,,
108.293422930,754553375,,instructions,51467300,100.00,4.05,insn per cycle
108.293422930,186309928,,cycles,51467300,100.00,,
108.393596370,34778,,rD044,51759629,100.00,,
108.393596370,835258,,rFF44,51759629,100.00,,
108.393596370,755884254,,instructions,51759629,100.00,4.03,insn per cycle
108.393596370,187378176,,cycles,51759629,100.00,,
108.493767380,34923,,rD044,52460896,100.00,,
108.493767380,833058,,rFF44,52466116,100.00,,
108.493767380,769128352,,instructions,52470776,100.00,4.04,insn per cycle
108.493767380,190179678,,cycles,52475796,100.00,,
108.593952941,34831,,rD044,53087885,100.00,,
108.593952941,849735,,rFF44,53088575,100.00,,
108.593952941,795854829,,instructions,53088215,100.00,4.13,insn per cycle
108.593952941,192537083,,cycles,53087415,100.00,,
108.694135791,4665,,rD044,51322079,100.00,,
108.694135791,825831,,rFF44,51316169,100.00,,
108.694135791,775431106,,instructions,51311869,100.00,4.18,insn per cycle
108.694135791,185591352,,cycles,51307649,100.00,,
108.794311561,35400,,rD044,50877015,100.00,,
108.794311561,839272,,rFF44,50882495,100.00,,
108.794311561,765289810,,instructions,50887795,100.00,4.16,insn per cycle
108.794311561,183943874,,cycles,50892535,100.00,,
108.894497162,35048,,rD044,51587552,100.00,,
108.894497162,837928,,rFF44,51587592,100.00,,
108.894497162,781284377,,instructions,51587592,100.00,4.18,insn per cycle
108.894497162,186875846,,cycles,51587272,100.00,,
108.994682653,34761,,rD044,52400209,100.00,,
108.994682653,844962,,rFF44,52394689,100.00,,
108.994682653,797969592,,instructions,52389389,100.00,4.20,insn per cycle
108.994682653,189857663,,cycles,52384969,100.00,,
109.094857143,35215,,rD044,50620493,100.00,,
109.094857143,836574,,rFF44,50620493,100.00,,
109.094857143,764560776,,instructions,50620493,100.00,4.18,insn per cycle
109.094857143,182804444,,cycles,50620493,100.00,,
109.195029423,34948,,rD044,52726499,100.00,,
109.195029423,860126,,rFF44,52733049,100.00,,
109.195029423,798527374,,instructions,52737879,100.00,4.18,insn per cycle
109.195029423,191083652,,cycles,52741889,100.00,,
109.295227854,34916,,rD044,52897038,100.00,,
109.295227854,836593,,rFF44,52890488,100.00,,
109.295227854,794741229,,instructions,52893618,100.00,4.14,insn per cycle
109.295227854,191758821,,cycles,52894968,100.00,,
109.395414405,34904,,rD044,51389408,100.00,,
109.395414405,835753,,rFF44,51389408,100.00,,
109.395414405,752335903,,instructions,51381448,100.00,4.05,insn per cycle
109.395414405,185797891,,cycles,51383848,100.00,,
109.495594955,4738,,rD044,51030859,100.00,,
109.495594955,834956,,rFF44,51036119,100.00,,
109.495594955,765301382,,instructions,51041339,100.00,4.15,insn per cycle
109.495594955,184584072,,cycles,51037979,100.00,,
109.595781445,35011,,rD044,52801009,100.00,,
109.595781445,819390,,rFF44,52801589,100.00,,
109.595781445,796318664,,instructions,52802329,100.00,4.16,insn per cycle
109.595781445,191483628,,cycles,52803599,100.00,,
109.695971276,35073,,rD044,51913911,100.00,,
109.695971276,835782,,rFF44,51908071,100.00,,
109.695971276,792170560,,instructions,51902111,100.00,4.21,insn per cycle
109.695971276,188014029,,cycles,51896441,100.00,,
109.796138606,35016,,rD044,50812907,100.00,,
109.796138606,840086,,rFF44,50812907,100.00,,
109.796138606,762228304,,instructions,50812907,100.00,4.15,insn per cycle
109.796138606,183751468,,cycles,50812907,100.00,,
109.896308007,35325,,rD044,51384912,100.00,,
109.896308007,829297,,rFF44,51390602,100.00,,
109.896308007,769759361,,instructions,51396362,100.00,4.14,insn per cycle
109.896308007,185930440,,cycles,51401332,100.00,,
109.996493737,34662,,rD044,52897801,100.00,,
109.996493737,785964,,rFF44,52897561,100.00,,
109.996493737,807811957,,instructions,52896951,100.00,4.21,insn per cycle
109.996493737,191844945,,cycles,52897371,100.00,,
110.096680237,34853,,rD044,51031978,100.00,,
110.096680237,821047,,rFF44,51031438,100.00,,
110.096680237,759637050,,instructions,51031458,100.00,4.11,insn per cycle
110.096680237,184623560,,cycles,51030118,100.00,,
110.196862748,34982,,rD044,50551878,100.00,,
110.196862748,836150,,rFF44,50546968,100.00,,
110.196862748,750805985,,instructions,50541798,100.00,4.11,insn per cycle
110.196862748,182629021,,cycles,50537748,100.00,,
110.297026528,34646,,rD044,52167121,100.00,,
110.297026528,836029,,rFF44,52172711,100.00,,
110.297026528,806808735,,instructions,52177921,100.00,4.27,insn per cycle
110.297026528,189112347,,cycles,52182951,100.00,,
110.397209099,4238,,rD044,51048350,100.00,,
110.397209099,799395,,rFF44,51042760,100.00,,
110.397209099,787529110,,instructions,51037550,100.00,4.26,insn per cycle
110.397209099,184667124,,cycles,51032520,100.00,,
110.497388779,35038,,rD044,50070772,100.00,,
110.497388779,824178,,rFF44,50076392,100.00,,
110.497388779,763005198,,instructions,50081492,100.00,4.22,insn per cycle
110.497388779,180921518,,cycles,50086232,100.00,,
110.597568320,34864,,rD044,52757738,100.00,,
110.597568320,828045,,rFF44,52757868,100.00,,
110.597568320,815177151,,instructions,52757458,100.00,4.26,insn per cycle
110.597568320,191340872,,cycles,52757398,100.00,,
110.697747970,35270,,rD044,50663191,100.00,,
110.697747970,826934,,rFF44,50657441,100.00,,
110.697747970,773407640,,instructions,50652751,100.00,4.22,insn per cycle
110.697747970,183172948,,cycles,50648071,100.00,,
110.797912110,34764,,rD044,50501489,100.00,,
110.797912110,835187,,rFF44,50507089,100.00,,
110.797912110,767710193,,instructions,50512219,100.00,4.20,insn per cycle
110.797912110,182597816,,cycles,50517179,100.00,,
110.898099431,34619,,rD044,52899575,100.00,,
110.898099431,802242,,rFF44,52899585,100.00,,
110.898099431,803103364,,instructions,52899515,100.00,4.19,insn per cycle
110.898099431,191875750,,cycles,52898625,100.00,,
110.998287302,34518,,rD044,51634413,100.00,,
110.998287302,815476,,rFF44,51628803,100.00,,
110.998287302,773144263,,instructions,51623743,100.00,4.13,insn per cycle
110.998287302,186977733,,cycles,51619673,100.00,,
111.098462072,35357,,rD044,51395886,100.00,,
111.098462072,817299,,rFF44,51401486,100.00,,
111.098462072,759287634,,instructions,51406246,100.00,4.08,insn per cycle
111.098462072,186031759,,cycles,51411886,100.00,,
111.198650863,4135,,rD044,50995074,100.00,,
111.198650863,771312,,rFF44,50989474,100.00,,
111.198650863,759141251,,instructions,50984714,100.00,4.11,insn per cycle
111.198650863,184625036,,cycles,50979074,100.00,,
111.298823143,34978,,rD044,51520314,100.00,,
111.298823143,816764,,rFF44,51526654,100.00,,
111.298823143,766788078,,instructions,51531814,100.00,4.11,insn per cycle
111.298823143,186541823,,cycles,51536474,100.00,,
111.399010014,34832,,rD044,52722187,100.00,,
111.399010014,828736,,rFF44,52721797,100.00,,
111.399010014,790533222,,instructions,52722177,100.00,4.13,insn per cycle
111.399010014,191217103,,cycles,52722577,100.00,,
111.499198745,34735,,rD044,52643410,100.00,,
111.499198745,822056,,rFF44,52643280,100.00,,
111.499198745,779219192,,instructions,52655341,100.00,4.08,insn per cycle
111.499198745,190930355,,cycles,52655711,100.00,,
111.599399835,35137,,rD044,52051975,100.00,,
111.599399835,802704,,rFF44,52046155,100.00,,
111.599399835,769472278,,instructions,52028554,100.00,4.08,insn per cycle
111.599399835,188544715,,cycles,52023124,100.00,,
111.699574016,34630,,rD044,51082867,100.00,,
111.699574016,775692,,rFF44,51082867,100.00,,
111.699574016,760206247,,instructions,51082867,100.00,4.11,insn per cycle
111.699574016,184810194,,cycles,51082867,100.00,,
111.799743636,34840,,rD044,51377599,100.00,,
111.799743636,818421,,rFF44,51377599,100.00,,
111.799743636,760953723,,instructions,51377599,100.00,4.09,insn per cycle
111.799743636,185949442,,cycles,51384859,100.00,,
111.899922616,35021,,rD044,52181328,100.00,,
111.899922616,810956,,rFF44,52187298,100.00,,
111.899922616,778045127,,instructions,52192049,100.00,4.11,insn per cycle
111.899922616,189153845,,cycles,52189359,100.00,,
112.000106347,34973,,rD044,52969739,100.00,,
112.000106347,825536,,rFF44,52969809,100.00,,
112.000106347,785316229,,instructions,52969838,100.00,4.09,insn per cycle
112.000106347,192138798,,cycles,52969428,100.00,,
112.100293928,4342,,rD044,51724822,100.00,,
112.100293928,802059,,rFF44,51726532,100.00,,
112.100293928,781673015,,instructions,51725872,100.00,4.17,insn per cycle
112.100293928,187315796,,cycles,51721712,100.00,,
112.200482778,34991,,rD044,50690492,100.00,,
112.200482778,826317,,rFF44,50688602,100.00,,
112.200482778,763407119,,instructions,50690432,100.00,4.17,insn per cycle
112.200482778,183217612,,cycles,50690432,100.00,,
112.300671979,34587,,rD044,52010278,100.00,,
112.300671979,826150,,rFF44,52009988,100.00,,
112.300671979,790275705,,instructions,52009508,100.00,4.20,insn per cycle
112.300671979,188384985,,cycles,52013838,100.00,,
112.400854659,34749,,rD044,52767372,100.00,,
112.400854659,824528,,rFF44,52761802,100.00,,
112.400854659,797674680,,instructions,52756332,100.00,4.17,insn per cycle
112.400854659,191286500,,cycles,52752002,100.00,,
112.501022879,34952,,rD044,50871854,100.00,,
112.501022879,792605,,rFF44,50871854,100.00,,
112.501022879,748660122,,instructions,50871854,100.00,4.07,insn per cycle
112.501022879,183988055,,cycles,50871854,100.00,,
112.601194350,35034,,rD044,51080095,100.00,,
112.601194350,840598,,rFF44,51080095,100.00,,
112.601194350,757991724,,instructions,51080095,100.00,4.10,insn per cycle
112.601194350,184744012,,cycles,51080095,100.00,,
112.701379450,34780,,rD044,52196731,100.00,,
112.701379450,817951,,rFF44,52202731,100.00,,
112.701379450,768454537,,instructions,52207571,100.00,4.06,insn per cycle
112.701379450,189181803,,cycles,52213061,100.00,,
112.801561181,34890,,rD044,52941696,100.00,,
112.801561181,807863,,rFF44,52941456,100.00,,
112.801561181,784814371,,instructions,52941746,100.00,4.09,insn per cycle
112.801561181,192009590,,cycles,52941006,100.00,,
112.901742221,3942,,rD044,52849511,100.00,,
112.901742221,775069,,rFF44,52849591,100.00,,
112.901742221,783398843,,instructions,52849881,100.00,4.09,insn per cycle
112.901742221,191666359,,cycles,52849771,100.00,,
113.001925552,35084,,rD044,52220172,100.00,,
113.001925552,809998,,rFF44,52214332,100.00,,
113.001925552,765488246,,instructions,52208912,100.00,4.05,insn per cycle
113.001925552,189202192,,cycles,52204272,100.00,,
113.102092872,34836,,rD044,51541533,100.00,,
113.102092872,828535,,rFF44,51541533,100.00,,
113.102092872,758164810,,instructions,51541533,100.00,4.06,insn per cycle
113.102092872,186530875,,cycles,51541533,100.00,,
113.202259082,34946,,rD044,51686436,100.00,,
113.202259082,830708,,rFF44,51686436,100.00,,
113.202259082,761988938,,instructions,51686436,100.00,4.07,insn per cycle
113.202259082,187111351,,cycles,51686436,100.00,,
113.302423683,34868,,rD044,52256456,100.00,,
113.302423683,786765,,rFF44,52261406,100.00,,
113.302423683,767989882,,instructions,52265956,100.00,4.06,insn per cycle
113.302423683,189263843,,cycles,52270126,100.00,,
113.402600363,34989,,rD044,53473878,100.00,,
113.402600363,813284,,rFF44,53474488,100.00,,
113.402600363,804277608,,instructions,53475528,100.00,4.15,insn per cycle
113.402600363,194004119,,cycles,53476038,100.00,,
113.502781104,35081,,rD044,51831283,100.00,,
113.502781104,804871,,rFF44,51825723,100.00,,
113.502781104,767897402,,instructions,51820133,100.00,4.09,insn per cycle
113.502781104,187742928,,cycles,51815453,100.00,,
113.602954824,34886,,rD044,51484430,100.00,,
113.602954824,819374,,rFF44,51484430,100.00,,
113.602954824,756471457,,instructions,51484430,100.00,4.06,insn per cycle
113.602954824,186276842,,cycles,51484430,100.00,,
113.703130034,4152,,rD044,50889593,100.00,,
113.703130034,798433,,rFF44,50895353,100.00,,
113.703130034,760637030,,instructions,50900823,100.00,4.13,insn per cycle
113.703130034,184029460,,cycles,50905283,100.00,,
113.803316535,34820,,rD044,52375931,100.00,,
113.803316535,820800,,rFF44,52375531,100.00,,
113.803316535,784058437,,instructions,52374941,100.00,4.13,insn per cycle
113.803316535,189899438,,cycles,52374571,100.00,,
113.903501746,34813,,rD044,52607393,100.00,,
113.903501746,808925,,rFF44,52607503,100.00,,
113.903501746,786521905,,instructions,52608023,100.00,4.12,insn per cycle
113.903501746,190784872,,cycles,52608693,100.00,,
114.003688776,34747,,rD044,52230879,100.00,,
114.003688776,799028,,rFF44,52225409,100.00,,
114.003688776,772625849,,instructions,52220009,100.00,4.08,insn per cycle
114.003688776,189276488,,cycles,52215249,100.00,,
114.103860007,34945,,rD044,51538409,100.00,,
114.103860007,785560,,rFF44,51543969,100.00,,
114.103860007,760299971,,instructions,51548619,100.00,4.08,insn per cycle
114.103860007,186571566,,cycles,51548619,100.00,,
114.204045947,35333,,rD044,51782434,100.00,,
114.204045947,822453,,rFF44,51780464,100.00,,
114.204045947,759760420,,instructions,51775814,100.00,4.05,insn per cycle
114.204045947,187423672,,cycles,51775814,100.00,,
114.304230278,34638,,rD044,51457117,100.00,,
114.304230278,829410,,rFF44,51453527,100.00,,
114.304230278,761587422,,instructions,51453527,100.00,4.09,insn per cycle
114.304230278,186232460,,cycles,51453527,100.00,,
114.404401118,17221,,rD044,52579420,100.00,,
114.404401118,807306,,rFF44,52584670,100.00,,
114.404401118,775410278,,instructions,52589630,100.00,4.07,insn per cycle
114.404401118,190655650,,cycles,52594240,100.00,,
114.504586439,22309,,rD044,53065769,100.00,,
114.504586439,795099,,rFF44,53065939,100.00,,
114.504586439,784701452,,instructions,53065549,100.00,4.08,insn per cycle
114.504586439,192476669,,cycles,53065229,100.00,,
114.604770509,35336,,rD044,53005781,100.00,,
114.604770509,821057,,rFF44,53006121,100.00,,
114.604770509,782044332,,instructions,53006121,100.00,4.07,insn per cycle
114.604770509,192234559,,cycles,53006211,100.00,,
114.704956440,34644,,rD044,51540000,100.00,,
114.704956440,811249,,rFF44,51534240,100.00,,
114.704956440,763121247,,instructions,51529670,100.00,4.09,insn per cycle
114.704956440,186590556,,cycles,51525290,100.00,,
114.805125451,34487,,rD044,51320060,100.00,,
114.805125451,791321,,rFF44,51320060,100.00,,
114.805125451,760913887,,instructions,51320060,100.00,4.10,insn per cycle
114.805125451,185663344,,cycles,51320060,100.00,,
114.905296341,34826,,rD044,51622367,100.00,,
114.905296341,830600,,rFF44,51622367,100.00,,
114.905296341,758797932,,instructions,51622367,100.00,4.06,insn per cycle
114.905296341,186773546,,cycles,51622367,100.00,,
115.005466391,34574,,rD044,53143398,100.00,,
115.005466391,817843,,rFF44,53149328,100.00,,
115.005466391,788605159,,instructions,53154118,100.00,4.09,insn per cycle
115.005466391,192718872,,cycles,53158678,100.00,,
115.105649682,34884,,rD044,53308386,100.00,,
115.105649682,811065,,rFF44,53308346,100.00,,
115.105649682,788193408,,instructions,53308076,100.00,4.08,insn per cycle
115.105649682,193391913,,cycles,53308306,100.00,,
115.205834773,35007,,rD044,52389508,100.00,,
115.205834773,806427,,rFF44,52383618,100.00,,
115.205834773,769524882,,instructions,52379098,100.00,4.05,insn per cycle
115.205834773,189850789,,cycles,52374308,100.00,,
115.306006173,4129,,rD044,51322974,100.00,,
115.306006173,780911,,rFF44,51322974,100.00,,
115.306006173,756536030,,instructions,51322974,100.00,4.07,insn per cycle
115.306006173,185731153,,cycles,51322974,100.00,,
115.406173843,35162,,rD044,51431578,100.00,,
115.406173843,836591,,rFF44,51431578,100.00,,
115.406173843,756197607,,instructions,51431578,100.00,4.06,insn per cycle
115.406173843,186095871,,cycles,51431578,100.00,,
115.506351224,34675,,rD044,52379647,100.00,,
115.506351224,823967,,rFF44,52385487,100.00,,
115.506351224,775586062,,instructions,52390277,100.00,4.09,insn per cycle
115.506351224,189801449,,cycles,52394927,100.00,,
115.606532784,34611,,rD044,52915989,100.00,,
115.606532784,772123,,rFF44,52916149,100.00,,
115.606532784,782791828,,instructions,52917239,100.00,4.08,insn per cycle
115.606532784,191907085,,cycles,52917409,100.00,,
115.706719755,35194,,rD044,52417461,100.00,,
115.706719755,817915,,rFF44,52411461,100.00,,
115.706719755,780446643,,instructions,52405581,100.00,4.11,insn per cycle
115.706719755,189953507,,cycles,52400761,100.00,,
115.806887925,34814,,rD044,50518130,100.00,,
115.806887925,818550,,rFF44,50518130,100.00,,
115.806887925,762522965,,instructions,50518130,100.00,4.17,insn per cycle
115.806887925,182778543,,cycles,50518130,100.00,,
115.907052865,35301,,rD044,50517884,100.00,,
115.907052865,831455,,rFF44,50517884,100.00,,
115.907052865,765418146,,instructions,50517884,100.00,4.19,insn per cycle
115.907052865,182577758,,cycles,50517884,100.00,,
116.007229276,4424,,rD044,51619437,100.00,,
116.007229276,799596,,rFF44,51625297,100.00,,
116.007229276,768473695,,instructions,51630357,100.00,4.11,insn per cycle
116.007229276,186946777,,cycles,51635107,100.00,,
116.107409076,34701,,rD044,52588988,100.00,,
116.107409076,820161,,rFF44,52588958,100.00,,
116.107409076,780420673,,instructions,52588708,100.00,4.09,insn per cycle
116.107409076,190648884,,cycles,52589298,100.00,,
116.207589837,35116,,rD044,52365057,100.00,,
116.207589837,814254,,rFF44,52359227,100.00,,
116.207589837,783571860,,instructions,52354417,100.00,4.13,insn per cycle
116.207589837,189766597,,cycles,52349077,100.00,,
116.307771508,34999,,rD044,51728193,100.00,,
116.307771508,808669,,rFF44,51728193,100.00,,
116.307771508,760080263,,instructions,51728193,100.00,4.06,insn per cycle
116.307771508,187286849,,cycles,51728193,100.00,,
116.407945048,34779,,rD044,51464710,100.00,,
116.407945048,777677,,rFF44,51464710,100.00,,
116.407945048,762055205,,instructions,51464710,100.00,4.09,insn per cycle
116.407945048,186295032,,cycles,51464710,100.00,,
116.508118048,34798,,rD044,51199410,100.00,,
116.508118048,819248,,rFF44,51199410,100.00,,
116.508118048,750509083,,instructions,51199410,100.00,4.05,insn per cycle
116.508118048,185242655,,cycles,51199410,100.00,,
116.608292539,34565,,rD044,52329113,100.00,,
116.608292539,823719,,rFF44,52335143,100.00,,
116.608292539,770861221,,instructions,52340363,100.00,4.06,insn per cycle
116.608292539,189699806,,cycles,52345003,100.00,,
116.708480589,34668,,rD044,52424715,100.00,,
116.708480589,817026,,rFF44,52424675,100.00,,
116.708480589,771847434,,instructions,52424645,100.00,4.06,insn per cycle
116.708480589,190042104,,cycles,52425635,100.00,,
116.808670800,4218,,rD044,52748368,100.00,,
116.808670800,769887,,rFF44,52747988,100.00,,
116.808670800,780435946,,instructions,52747768,100.00,4.08,insn per cycle
116.808670800,191267707,,cycles,52746788,100.00,,
116.908857350,34702,,rD044,52906285,100.00,,
116.908857350,811628,,rFF44,52907105,100.00,,
116.908857350,776105935,,instructions,52906815,100.00,4.05,insn per cycle
116.908857350,191864844,,cycles,52907465,100.00,,
117.009044421,34928,,rD044,51911853,100.00,,
117.009044421,808311,,rFF44,51905423,100.00,,
117.009044421,760768870,,instructions,51900743,100.00,4.05,insn per cycle
117.009044421,188049671,,cycles,51895443,100.00,,
117.109231252,35137,,rD044,52321507,100.00,,
117.109231252,815074,,rFF44,52321507,100.00,,
117.109231252,762053024,,instructions,52321507,100.00,4.02,insn per cycle
117.109231252,189599652,,cycles,52321507,100.00,,
117.209403522,34956,,rD044,51402568,100.00,,
117.209403522,789331,,rFF44,51405618,100.00,,
117.209403522,753948780,,instructions,51405618,100.00,4.05,insn per cycle
117.209403522,186057411,,cycles,51405618,100.00,,
117.309585363,34600,,rD044,51791479,100.00,,
117.309585363,809525,,rFF44,51788429,100.00,,
117.309585363,762036558,,instructions,51788429,100.00,4.06,insn per cycle
117.309585363,187525306,,cycles,51788429,100.00,,
117.409755683,35082,,rD044,51839397,100.00,,
117.409755683,808196,,rFF44,51839397,100.00,,
117.409755683,756508954,,instructions,51839397,100.00,4.03,insn per cycle
117.409755683,187733423,,cycles,51839397,100.00,,
117.509924963,4035,,rD044,52238699,100.00,,
117.509924963,784556,,rFF44,52244029,100.00,,
117.509924963,781440113,,instructions,52248899,100.00,4.13,insn per cycle
117.509924963,189316530,,cycles,52253249,100.00,,
117.610108374,34902,,rD044,52831229,100.00,,
117.610108374,817525,,rFF44,52831879,100.00,,
117.610108374,794329508,,instructions,52831789,100.00,4.15,insn per cycle
117.610108374,191588660,,cycles,52831929,100.00,,
117.710290874,34866,,rD044,51778347,100.00,,
117.710290874,828044,,rFF44,51780217,100.00,,
117.710290874,772807637,,instructions,51779307,100.00,4.12,insn per cycle
117.710290874,187491456,,cycles,51774817,100.00,,
117.810475145,34870,,rD044,51365520,100.00,,
117.810475145,825282,,rFF44,51357670,100.00,,
117.810475145,753452003,,instructions,51353800,100.00,4.05,insn per cycle
117.810475145,185854131,,cycles,51353800,100.00,,
117.910646785,34794,,rD044,51622400,100.00,,
117.910646785,781059,,rFF44,51622400,100.00,,
117.910646785,760355732,,instructions,51622400,100.00,4.07,insn per cycle
117.910646785,186898412,,cycles,51622400,100.00,,
118.010812375,34625,,rD044,51717952,100.00,,
118.010812375,806783,,rFF44,51717952,100.00,,
118.010812375,759337806,,instructions,51717952,100.00,4.05,insn per cycle
118.010812375,187276045,,cycles,51717952,100.00,,
118.110979996,34753,,rD044,51557591,100.00,,
118.110979996,797160,,rFF44,51557591,100.00,,
118.110979996,758755307,,instructions,51557591,100.00,4.06,insn per cycle
118.110979996,186839265,,cycles,51557591,100.00,,
118.211146996,34702,,rD044,52349788,100.00,,
118.211146996,814034,,rFF44,52356198,100.00,,
118.211146996,775835817,,instructions,52361138,100.00,4.09,insn per cycle
118.211146996,189787524,,cycles,52365108,100.00,,
118.311341787,4426,,rD044,52870146,100.00,,
118.311341787,796467,,rFF44,52869376,100.00,,
118.311341787,783906098,,instructions,52869426,100.00,4.09,insn per cycle
118.311341787,191730907,,cycles,52870106,100.00,,
118.411522397,34563,,rD044,52745113,100.00,,
118.411522397,820802,,rFF44,52745223,100.00,,
118.411522397,781293347,,instructions,52745133,100.00,4.08,insn per cycle
118.411522397,191266743,,cycles,52744673,100.00,,
118.511699158,34487,,rD044,52019452,100.00,,
118.511699158,803206,,rFF44,52013702,100.00,,
118.511699158,764103476,,instructions,52008802,100.00,4.05,insn per cycle
118.511699158,188455640,,cycles,52004612,100.00,,
118.611865298,35075,,rD044,51982093,100.00,,
118.611865298,813137,,rFF44,51982093,100.00,,
118.611865298,759179156,,instructions,51982093,100.00,4.03,insn per cycle
118.611865298,188260659,,cycles,51982093,100.00,,
118.712029528,34854,,rD044,51725719,100.00,,
118.712029528,788204,,rFF44,51725719,100.00,,
118.712029528,757707066,,instructions,51725719,100.00,4.05,insn per cycle
118.712029528,187260239,,cycles,51725719,100.00,,
118.812195018,35022,,rD044,51770231,100.00,,
118.812195018,815018,,rFF44,51770231,100.00,,
118.812195018,757127406,,instructions,51770231,100.00,4.04,insn per cycle
118.812195018,187455780,,cycles,51770231,100.00,,
118.912370509,34702,,rD044,51788356,100.00,,
118.912370509,828577,,rFF44,51794896,100.00,,
118.912370509,761494804,,instructions,51800636,100.00,4.06,insn per cycle
118.912370509,187603702,,cycles,51805046,100.00,,
119.012559379,34702,,rD044,52716970,100.00,,
119.012559379,813996,,rFF44,52716150,100.00,,
119.012559379,776456455,,instructions,52716090,100.00,4.06,insn per cycle
119.012559379,191177515,,cycles,52715530,100.00,,
119.112746560,4255,,rD044,52827491,100.00,,
119.112746560,777325,,rFF44,52827701,100.00,,
119.112746560,788114423,,instructions,52826631,100.00,4.11,insn per cycle
119.112746560,191581118,,cycles,52827251,100.00,,
119.212935390,34595,,rD044,52098576,100.00,,
119.212935390,807785,,rFF44,52092646,100.00,,
119.212935390,777819649,,instructions,52088036,100.00,4.12,insn per cycle
119.212935390,188792036,,cycles,52083566,100.00,,
119.313108831,35026,,rD044,51682173,100.00,,
119.313108831,812845,,rFF44,51682173,100.00,,
119.313108831,760014013,,instructions,51689753,100.00,4.06,insn per cycle
119.313108831,187141216,,cycles,51693103,100.00,,
119.413296461,35174,,rD044,51892958,100.00,,
119.413296461,833637,,rFF44,51892958,100.00,,
119.413296461,761230534,,instructions,51885378,100.00,4.05,insn per cycle
119.413296461,187900163,,cycles,51889678,100.00,,
119.513480882,34735,,rD044,51560654,100.00,,
119.513480882,804477,,rFF44,51560654,100.00,,
119.513480882,761572056,,instructions,51560654,100.00,4.08,insn per cycle
119.513480882,186635700,,cycles,51553004,100.00,,
119.613651173,34958,,rD044,51820516,100.00,,
119.613651173,801320,,rFF44,51820516,100.00,,
119.613651173,759351676,,instructions,51820516,100.00,4.05,insn per cycle
119.613651173,187711913,,cycles,51820516,100.00,,
119.713822153,34744,,rD044,51623918,100.00,,
119.713822153,818660,,rFF44,51623918,100.00,,
119.713822153,761492118,,instructions,51623918,100.00,4.07,insn per cycle
119.713822153,187114812,,cycles,51623918,100.00,,
119.813996163,4622,,rD044,51924805,100.00,,
119.813996163,822351,,rFF44,51924805,100.00,,
119.813996163,761722712,,instructions,51924805,100.00,4.05,insn per cycle
119.813996163,188109584,,cycles,51924805,100.00,,
119.914170424,35231,,rD044,51792703,100.00,,
119.914170424,837494,,rFF44,51798363,100.00,,
119.914170424,756045452,,instructions,51803893,100.00,4.03,insn per cycle
119.914170424,187600909,,cycles,51808763,100.00,,
120.014369324,34795,,rD044,52466090,100.00,,
120.014369324,837529,,rFF44,52466180,100.00,,
120.014369324,776064290,,instructions,52466520,100.00,4.08,insn per cycle
120.014369324,190196234,,cycles,52466370,100.00,,
120.114555515,34818,,rD044,52849924,100.00,,
120.114555515,843590,,rFF44,52849654,100.00,,
120.114555515,784124142,,instructions,52848494,100.00,4.09,insn per cycle
120.114555515,191634296,,cycles,52848224,100.00,,
120.214737955,35156,,rD044,52755573,100.00,,
120.214737955,797182,,rFF44,52750093,100.00,,
120.214737955,785289376,,instructions,52745383,100.00,4.11,insn per cycle
120.214737955,191233412,,cycles,52740933,100.00,,
120.314918906,34783,,rD044,51493544,100.00,,
120.314918906,829685,,rFF44,51493544,100.00,,
120.314918906,761259353,,instructions,51493544,100.00,4.09,insn per cycle
120.314918906,186350487,,cycles,51493544,100.00,,
120.415093366,35085,,rD044,51923451,100.00,,
120.415093366,838965,,rFF44,51923451,100.00,,
120.415093366,758563684,,instructions,51923451,100.00,4.04,insn per cycle
120.415093366,187971526,,cycles,51923451,100.00,,
120.515265736,34773,,rD044,52163590,100.00,,
120.515265736,846952,,rFF44,52169080,100.00,,
120.515265736,762756123,,instructions,52173820,100.00,4.04,insn per cycle
120.515265736,188963961,,cycles,52178630,100.00,,
120.615445587,4168,,rD044,52970388,100.00,,
120.615445587,817926,,rFF44,52971088,100.00,,
120.615445587,791615968,,instructions,52971248,100.00,4.12,insn per cycle
120.615445587,192091918,,cycles,52970588,100.00,,
120.715627468,35033,,rD044,52939858,100.00,,
120.715627468,845678,,rFF44,52939418,100.00,,
120.715627468,779227541,,instructions,52939748,100.00,4.06,insn per cycle
120.715627468,191930257,,cycles,52939858,100.00,,
120.815810918,34949,,rD044,52162203,100.00,,
120.815810918,825064,,rFF44,52161673,100.00,,
120.815810918,768817554,,instructions,52156443,100.00,4.07,insn per cycle
120.815810918,188964547,,cycles,52152183,100.00,,
120.915991179,35044,,rD044,51972593,100.00,,
120.915991179,824580,,rFF44,51967373,100.00,,
120.915991179,758039674,,instructions,51967373,100.00,4.03,insn per cycle
120.915991179,188173266,,cycles,51967373,100.00,,
121.016159099,34933,,rD044,51428634,100.00,,
121.016159099,806719,,rFF44,51428634,100.00,,
121.016159099,756834445,,instructions,51428634,100.00,4.07,insn per cycle
121.016159099,186090032,,cycles,51428634,100.00,,
121.116342060,35015,,rD044,51836160,100.00,,
121.116342060,845242,,rFF44,51842010,100.00,,
121.116342060,755092632,,instructions,51847090,100.00,4.02,insn per cycle
121.116342060,187758655,,cycles,51852120,100.00,,
121.216526580,34777,,rD044,53044304,100.00,,
121.216526580,852389,,rFF44,53044384,100.00,,
121.216526580,788719583,,instructions,53043915,100.00,4.10,insn per cycle
121.216526580,192370299,,cycles,53043515,100.00,,
121.316707671,34942,,rD044,53244423,100.00,,
121.316707671,845128,,rFF44,53244363,100.00,,
121.316707671,787283741,,instructions,53244312,100.00,4.08,insn per cycle
121.316707671,193157710,,cycles,53244372,100.00,,
121.416889081,4934,,rD044,51977417,100.00,,
121.416889081,790897,,rFF44,51971547,100.00,,
121.416889081,768697148,,instructions,51966987,100.00,4.08,insn per cycle
121.416889081,188301996,,cycles,51962297,100.00,,
121.517054582,34947,,rD044,51593236,100.00,,
121.517054582,836422,,rFF44,51600596,100.00,,
121.517054582,761897956,,instructions,51606226,100.00,4.08,insn per cycle
121.517054582,186800910,,cycles,51606226,100.00,,
121.617237972,35281,,rD044,51685444,100.00,,
121.617237972,840686,,rFF44,51678084,100.00,,
121.617237972,759935807,,instructions,51672454,100.00,4.06,insn per cycle
121.617237972,187038025,,cycles,51672454,100.00,,
121.717402633,35283,,rD044,52109760,100.00,,
121.717402633,849866,,rFF44,52115220,100.00,,
121.717402633,772070959,,instructions,52120110,100.00,4.09,insn per cycle
121.717402633,188823368,,cycles,52124300,100.00,,
121.817590663,35075,,rD044,52850397,100.00,,
121.817590663,809972,,rFF44,52851067,100.00,,
121.817590663,793536177,,instructions,52850878,100.00,4.14,insn per cycle
121.817590663,191694517,,cycles,52851908,100.00,,
121.917779774,34909,,rD044,52186256,100.00,,
121.917779774,833686,,rFF44,52186046,100.00,,
121.917779774,770940917,,instructions,52186335,100.00,4.08,insn per cycle
121.917779774,189071429,,cycles,52181115,100.00,,
122.017965775,35134,,rD044,51036211,100.00,,
122.017965775,833750,,rFF44,51030291,100.00,,
122.017965775,754336636,,instructions,51025301,100.00,4.09,insn per cycle
122.017965775,184570885,,cycles,51025301,100.00,,
122.118137155,35109,,rD044,51322864,100.00,,
122.118137155,837360,,rFF44,51329484,100.00,,
122.118137155,761589110,,instructions,51334414,100.00,4.10,insn per cycle
122.118137155,185745837,,cycles,51339164,100.00,,
122.218337966,4384,,rD044,52915430,100.00,,
122.218337966,798520,,rFF44,52914640,100.00,,
122.218337966,799755348,,instructions,52915560,100.00,4.17,insn per cycle
122.218337966,191939666,,cycles,52915780,100.00,,
122.318525006,35100,,rD044,52815640,100.00,,
122.318525006,844297,,rFF44,52815520,100.00,,
122.318525006,785183089,,instructions,52814660,100.00,4.10,insn per cycle
122.318525006,191541027,,cycles,52814130,100.00,,
122.418711737,34902,,rD044,50948676,100.00,,
122.418711737,847949,,rFF44,50942966,100.00,,
122.418711737,758331515,,instructions,50937976,100.00,4.11,insn per cycle
122.418711737,184286576,,cycles,50933536,100.00,,
122.518884857,34837,,rD044,51167622,100.00,,
122.518884857,844895,,rFF44,51167622,100.00,,
122.518884857,756564068,,instructions,51167622,100.00,4.09,insn per cycle
122.518884857,185094191,,cycles,51167622,100.00,,
122.619056588,35069,,rD044,51912342,100.00,,
122.619056588,801523,,rFF44,51918612,100.00,,
122.619056588,781092904,,instructions,51923732,100.00,4.15,insn per cycle
122.619056588,188097807,,cycles,51928152,100.00,,
122.719243928,34713,,rD044,52688318,100.00,,
122.719243928,835598,,rFF44,52687918,100.00,,
122.719243928,791180322,,instructions,52687798,100.00,4.14,insn per cycle
122.719243928,191043955,,cycles,52687758,100.00,,
122.819429208,35034,,rD044,51852929,100.00,,
122.819429208,842259,,rFF44,51847059,100.00,,
122.819429208,766418462,,instructions,51842059,100.00,4.08,insn per cycle
122.819429208,187790221,,cycles,51837679,100.00,,
122.919602109,35150,,rD044,51005620,100.00,,
122.919602109,851178,,rFF44,51005620,100.00,,
122.919602109,759167932,,instructions,51005620,100.00,4.11,insn per cycle
122.919602109,184488696,,cycles,51005620,100.00,,
123.019777239,4285,,rD044,51069608,100.00,,
123.019777239,809410,,rFF44,51075368,100.00,,
123.019777239,756763427,,instructions,51080458,100.00,4.09,insn per cycle
123.019777239,184817759,,cycles,51084638,100.00,,
123.119963650,34701,,rD044,52731784,100.00,,
123.119963650,826446,,rFF44,52732204,100.00,,
123.119963650,786024401,,instructions,52732024,100.00,4.11,insn per cycle
123.119963650,191234719,,cycles,52732934,100.00,,
123.220146490,35051,,rD044,52795414,100.00,,
123.220146490,832940,,rFF44,52795434,100.00,,
123.220146490,784726514,,instructions,52795544,100.00,4.10,insn per cycle
123.220146490,191494627,,cycles,52794474,100.00,,
123.320339601,34855,,rD044,51723278,100.00,,
123.320339601,837763,,rFF44,51717078,100.00,,
123.320339601,772378931,,instructions,51712058,100.00,4.12,insn per cycle
123.320339601,187262229,,cycles,51708038,100.00,,
123.420509601,35293,,rD044,51038388,100.00,,
123.420509601,825068,,rFF44,51038388,100.00,,
123.420509601,755788774,,instructions,51038388,100.00,4.09,insn per cycle
123.420509601,184581053,,cycles,51038388,100.00,,
123.520681072,34886,,rD044,51747038,100.00,,
123.520681072,851259,,rFF44,51752988,100.00,,
123.520681072,771639405,,instructions,51757778,100.00,4.12,insn per cycle
123.520681072,187426086,,cycles,51762038,100.00,,
123.620862022,35071,,rD044,52943068,100.00,,
123.620862022,838300,,rFF44,52943418,100.00,,
123.620862022,792195624,,instructions,52943578,100.00,4.13,insn per cycle
123.620862022,192028791,,cycles,52943858,100.00,,
123.721040443,34793,,rD044,52236114,100.00,,
123.721040443,822807,,rFF44,52229814,100.00,,
123.721040443,777038298,,instructions,52224864,100.00,4.10,insn per cycle
123.721040443,189317396,,cycles,52220324,100.00,,
123.821208453,4443,,rD044,50995484,100.00,,
123.821208453,797596,,rFF44,50995484,100.00,,
123.821208453,754337707,,instructions,50995484,100.00,4.09,insn per cycle
123.821208453,184445090,,cycles,50995484,100.00,,
123.921389133,34952,,rD044,51768102,100.00,,
123.921389133,845721,,rFF44,51768102,100.00,,
123.921389133,757590730,,instructions,51768102,100.00,4.04,insn per cycle
123.921389133,187438397,,cycles,51768102,100.00,,
124.021556994,35362,,rD044,51592200,100.00,,
124.021556994,842463,,rFF44,51598090,100.00,,
124.021556994,762595612,,instructions,51602820,100.00,4.08,insn per cycle
124.021556994,186841381,,cycles,51607600,100.00,,
124.121734544,35248,,rD044,52881975,100.00,,
124.121734544,854834,,rFF44,52881615,100.00,,
124.121734544,786895551,,instructions,52882515,100.00,4.10,insn per cycle
124.121734544,191811636,,cycles,52882715,100.00,,
124.221913935,34952,,rD044,52775290,100.00,,
124.221913935,788755,,rFF44,52775650,100.00,,
124.221913935,784563913,,instructions,52774600,100.00,4.10,insn per cycle
124.221913935,191393252,,cycles,52774070,100.00,,
124.322099175,34606,,rD044,52198737,100.00,,
124.322099175,827366,,rFF44,52192847,100.00,,
124.322099175,770648298,,instructions,52188267,100.00,4.07,insn per cycle
124.322099175,189139006,,cycles,52183817,100.00,,
124.422265416,34722,,rD044,51502553,100.00,,
124.422265416,833491,,rFF44,51502553,100.00,,
124.422265416,760831153,,instructions,51502553,100.00,4.08,insn per cycle
124.422265416,186426886,,cycles,51502553,100.00,,
124.522438766,34898,,rD044,51249903,100.00,,
124.522438766,836140,,rFF44,51249903,100.00,,
124.522438766,762011230,,instructions,51249903,100.00,4.11,insn per cycle
124.522438766,185490637,,cycles,51249903,100.00,,
124.622612727,4925,,rD044,51458511,100.00,,
124.622612727,821605,,rFF44,51464001,100.00,,
124.622612727,766461324,,instructions,51469001,100.00,4.11,insn per cycle
124.622612727,186319518,,cycles,51473941,100.00,,
124.722799527,34975,,rD044,52771543,100.00,,
124.722799527,842385,,rFF44,52772023,100.00,,
124.722799527,785988050,,instructions,52772853,100.00,4.11,insn per cycle
124.722799527,191379672,,cycles,52772603,100.00,,
124.822986868,35119,,rD044,52457679,100.00,,
124.822986868,817867,,rFF44,52457649,100.00,,
124.822986868,778667468,,instructions,52456779,100.00,4.09,insn per cycle
124.822986868,190161331,,cycles,52456179,100.00,,
124.923176938,34821,,rD044,52093140,100.00,,
124.923176938,800857,,rFF44,52087200,100.00,,
124.923176938,775556794,,instructions,52082240,100.00,4.11,insn per cycle
124.923176938,188776023,,cycles,52078150,100.00,,
125.023363779,34534,,rD044,51270438,100.00,,
125.023363779,766601,,rFF44,51270438,100.00,,
125.023363779,760900349,,instructions,51270438,100.00,4.10,insn per cycle
125.023363779,185581444,,cycles,51270438,100.00,,
125.123536369,34812,,rD044,51505136,100.00,,
125.123536369,815072,,rFF44,51505136,100.00,,
125.123536369,757687683,,instructions,51505136,100.00,4.06,insn per cycle
125.123536369,186566366,,cycles,51505136,100.00,,
125.223707190,34726,,rD044,51461156,100.00,,
125.223707190,837400,,rFF44,51461156,100.00,,
125.223707190,755417828,,instructions,51461156,100.00,4.06,insn per cycle
125.223707190,186257851,,cycles,51461156,100.00,,
125.323885250,4261,,rD044,51243542,100.00,,
125.323885250,786406,,rFF44,51249322,100.00,,
125.323885250,761531318,,instructions,51254362,100.00,4.10,insn per cycle
125.323885250,185518529,,cycles,51259052,100.00,,
125.424070391,34726,,rD044,52760824,100.00,,
125.424070391,810808,,rFF44,52760724,100.00,,
125.424070391,782818683,,instructions,52760954,100.00,4.09,insn per cycle
125.424070391,191347568,,cycles,52761334,100.00,,
125.524257031,35331,,rD044,53220757,100.00,,
125.524257031,822679,,rFF44,53220467,100.00,,
125.524257031,792137272,,instructions,53220177,100.00,4.10,insn per cycle
125.524257031,193058217,,cycles,53219947,100.00,,
125.624445032,34834,,rD044,51895453,100.00,,
125.624445032,823596,,rFF44,51890063,100.00,,
125.624445032,761453721,,instructions,51885083,100.00,4.05,insn per cycle
125.624445032,187832777,,cycles,51880243,100.00,,
125.724614783,34620,,rD044,51436681,100.00,,
125.724614783,807016,,rFF44,51436681,100.00,,
125.724614783,758089341,,instructions,51436681,100.00,4.07,insn per cycle
125.724614783,186063124,,cycles,51436681,100.00,,
125.824781543,35370,,rD044,53625152,100.00,,
125.824781543,842746,,rFF44,53631382,100.00,,
125.824781543,795909261,,instructions,53636372,100.00,4.09,insn per cycle
125.824781543,194616147,,cycles,53641232,100.00,,
125.924967424,34907,,rD044,53006341,100.00,,
125.924967424,814657,,rFF44,53000111,100.00,,
125.924967424,781944661,,instructions,52995121,100.00,4.07,insn per cycle
125.924967424,192193917,,cycles,52990261,100.00,,
126.025139214,35094,,rD044,51126728,100.00,,
126.025139214,821548,,rFF44,51126728,100.00,,
126.025139214,754045785,,instructions,51126728,100.00,4.08,insn per cycle
126.025139214,185026951,,cycles,51126728,100.00,,
126.125310254,4395,,rD044,51352784,100.00,,
126.125310254,786396,,rFF44,51352784,100.00,,
126.125310254,756812682,,instructions,51352784,100.00,4.07,insn per cycle
126.125310254,185869716,,cycles,51360484,100.00,,
126.225484955,34933,,rD044,51575155,100.00,,
126.225484955,819428,,rFF44,51581405,100.00,,
126.225484955,756794472,,instructions,51586155,100.00,4.05,insn per cycle
126.225484955,186746729,,cycles,51582895,100.00,,
126.325666585,34789,,rD044,52687069,100.00,,
126.325666585,827029,,rFF44,52686949,100.00,,
126.325666585,777711917,,instructions,52686949,100.00,4.07,insn per cycle
126.325666585,191045272,,cycles,52686839,100.00,,
126.425849596,34910,,rD044,52545348,100.00,,
126.425849596,822269,,rFF44,52544898,100.00,,
126.425849596,779167381,,instructions,52545878,100.00,4.09,insn per cycle
126.425849596,190528003,,cycles,52546258,100.00,,
126.526033506,34864,,rD044,52093397,100.00,,
126.526033506,778473,,rFF44,52087717,100.00,,
126.526033506,772645870,,instructions,52081987,100.00,4.09,insn per cycle
126.526033506,188755860,,cycles,52077277,100.00,,
126.626204376,35006,,rD044,51552980,100.00,,
126.626204376,811047,,rFF44,51552980,100.00,,
126.626204376,760846970,,instructions,51552980,100.00,4.08,insn per cycle
126.626204376,186661378,,cycles,51552980,100.00,,
126.726385457,34851,,rD044,51675922,100.00,,
126.726385457,814948,,rFF44,51675922,100.00,,
126.726385457,756100494,,instructions,51683842,100.00,4.04,insn per cycle
126.726385457,187128465,,cycles,51687972,100.00,,
126.826565458,34562,,rD044,51367196,100.00,,
126.826565458,818382,,rFF44,51367196,100.00,,
126.826565458,756866192,,instructions,51359276,100.00,4.07,insn per cycle
126.826565458,185829422,,cycles,51355146,100.00,,
126.926731818,4448,,rD044,52075329,100.00,,
126.926731818,788770,,rFF44,52081019,100.00,,
126.926731818,771587269,,instructions,52086159,100.00,4.09,insn per cycle
126.926731818,188762128,,cycles,52090189,100.00,,
127.026912688,34600,,rD044,52721085,100.00,,
127.026912688,819057,,rFF44,52721145,100.00,,
127.026912688,783207093,,instructions,52721395,100.00,4.10,insn per cycle
127.026912688,191195534,,cycles,52721605,100.00,,
127.127096289,34735,,rD044,52831383,100.00,,
127.127096289,816022,,rFF44,52831723,100.00,,
127.127096289,774757321,,instructions,52831753,100.00,4.04,insn per cycle
127.127096289,191599981,,cycles,52832143,100.00,,
127.227283560,34944,,rD044,51838595,100.00,,
127.227283560,809908,,rFF44,51832505,100.00,,
127.227283560,763280052,,instructions,51827085,100.00,4.07,insn per cycle
127.227283560,187737381,,cycles,51822455,100.00,,
127.327454800,34497,,rD044,51507328,100.00,,
127.327454800,785755,,rFF44,51507328,100.00,,
127.327454800,761012015,,instructions,51507328,100.00,4.08,insn per cycle
127.327454800,186400270,,cycles,51507328,100.00,,
127.427628150,34804,,rD044,51779082,100.00,,
127.427628150,819865,,rFF44,51779082,100.00,,
127.427628150,758928724,,instructions,51779082,100.00,4.05,insn per cycle
127.427628150,187509966,,cycles,51779082,100.00,,
127.527801940,34718,,rD044,51604201,100.00,,
127.527801940,831530,,rFF44,51609701,100.00,,
127.527801940,756093257,,instructions,51614401,100.00,4.05,insn per cycle
127.527801940,186881171,,cycles,51618801,100.00,,
127.627989501,34867,,rD044,52533074,100.00,,
127.627989501,813835,,rFF44,52533734,100.00,,
127.627989501,772617520,,instructions,52534044,100.00,4.06,insn per cycle
127.627989501,190473083,,cycles,52534394,100.00,,
127.728175791,4481,,rD044,52906192,100.00,,
127.728175791,798049,,rFF44,52905852,100.00,,
127.728175791,824049564,,instructions,52905553,100.00,4.29,insn per cycle
127.728175791,191882775,,cycles,52905853,100.00,,
127.828374952,34735,,rD044,51389354,100.00,,
127.828374952,816755,,rFF44,51383534,100.00,,
127.828374952,794956215,,instructions,51378823,100.00,4.27,insn per cycle
127.828374952,185999425,,cycles,51373773,100.00,,
127.928548773,35034,,rD044,50652228,100.00,,
127.928548773,828522,,rFF44,50652228,100.00,,
127.928548773,779072715,,instructions,50652228,100.00,4.25,insn per cycle
127.928548773,183143554,,cycles,50652228,100.00,,
128.028718573,34787,,rD044,51482416,100.00,,
128.028718573,836935,,rFF44,51488026,100.00,,
128.028718573,797474404,,instructions,51492856,100.00,4.28,insn per cycle
128.028718573,186437548,,cycles,51497956,100.00,,
128.128904634,34705,,rD044,52859201,100.00,,
128.128904634,830260,,rFF44,52859281,100.00,,
128.128904634,809686154,,instructions,52859351,100.00,4.22,insn per cycle
128.128904634,191701004,,cycles,52859601,100.00,,
128.229091234,34712,,rD044,51120090,100.00,,
128.229091234,816463,,rFF44,51114400,100.00,,
128.229091234,777490009,,instructions,51109500,100.00,4.20,insn per cycle
128.229091234,184980124,,cycles,51104150,100.00,,
128.329267565,34943,,rD044,50807521,100.00,,
128.329267565,782847,,rFF44,50807521,100.00,,
128.329267565,761165421,,instructions,50807521,100.00,4.14,insn per cycle
128.329267565,183732392,,cycles,50807521,100.00,,
128.429436115,35052,,rD044,51864420,100.00,,
128.429436115,833496,,rFF44,51870710,100.00,,
128.429436115,795489195,,instructions,51875470,100.00,4.23,insn per cycle
128.429436115,187864063,,cycles,51879940,100.00,,
128.529619116,34659,,rD044,52538515,100.00,,
128.529619116,822431,,rFF44,52532225,100.00,,
128.529619116,821642600,,instructions,52527465,100.00,4.31,insn per cycle
128.529619116,190446632,,cycles,52522995,100.00,,
128.629791426,35182,,rD044,50020709,100.00,,
128.629791426,844541,,rFF44,50027049,100.00,,
128.629791426,788496729,,instructions,50027049,100.00,4.36,insn per cycle
128.629791426,180729695,,cycles,50027049,100.00,,
128.729974717,34989,,rD044,51100781,100.00,,
128.729974717,850514,,rFF44,51100231,100.00,,
128.729974717,817722695,,instructions,51105231,100.00,4.42,insn per cycle
128.729974717,184885331,,cycles,51109401,100.00,,
128.830154717,34922,,rD044,51201792,100.00,,
128.830154717,832672,,rFF44,51196002,100.00,,
128.830154717,829253167,,instructions,51191002,100.00,4.48,insn per cycle
128.830154717,185247630,,cycles,51186832,100.00,,
128.930333678,34917,,rD044,50637439,100.00,,
128.930333678,853832,,rFF44,50643429,100.00,,
128.930333678,811471096,,instructions,50648449,100.00,4.43,insn per cycle
128.930333678,182997242,,cycles,50652889,100.00,,
129.030515749,34604,,rD044,51656533,100.00,,
129.030515749,833100,,rFF44,51650543,100.00,,
129.030515749,837151438,,instructions,51645523,100.00,4.48,insn per cycle
129.030515749,187004764,,cycles,51641083,100.00,,
129.130685179,4458,,rD044,49622829,100.00,,
129.130685179,823769,,rFF44,49628819,100.00,,
129.130685179,796117936,,instructions,49633889,100.00,4.44,insn per cycle
129.130685179,179130658,,cycles,49638359,100.00,,
129.230870389,34574,,rD044,52402730,100.00,,
129.230870389,849962,,rFF44,52396740,100.00,,
129.230870389,851219366,,instructions,52391670,100.00,4.48,insn per cycle
129.230870389,189933591,,cycles,52387200,100.00,,
129.331034980,34912,,rD044,49352595,100.00,,
129.331034980,836964,,rFF44,49352595,100.00,,
129.331034980,788436270,,instructions,49352595,100.00,4.43,insn per cycle
129.331034980,178127588,,cycles,49352595,100.00,,
129.431200730,34896,,rD044,51148750,100.00,,
129.431200730,827814,,rFF44,51154600,100.00,,
129.431200730,826993483,,instructions,51166010,100.00,4.47,insn per cycle
129.431200730,185193036,,cycles,51171330,100.00,,
129.531389641,34917,,rD044,50962736,100.00,,
129.531389641,838376,,rFF44,50956886,100.00,,
129.531389641,819991577,,instructions,50945476,100.00,4.45,insn per cycle
129.531389641,184298319,,cycles,50940156,100.00,,
129.631565741,34784,,rD044,50142755,100.00,,
129.631565741,838719,,rFF44,50148295,100.00,,
129.631565741,803347782,,instructions,50153625,100.00,4.44,insn per cycle
129.631565741,181130205,,cycles,50157985,100.00,,
129.731745762,34685,,rD044,51416668,100.00,,
129.731745762,847811,,rFF44,51411128,100.00,,
129.731745762,831028887,,instructions,51405798,100.00,4.47,insn per cycle
129.731745762,186097653,,cycles,51401438,100.00,,
129.831909882,35066,,rD044,49912841,100.00,,
129.831909882,856499,,rFF44,49918581,100.00,,
129.831909882,795841529,,instructions,49923261,100.00,4.42,insn per cycle
129.831909882,180203970,,cycles,49927401,100.00,,
129.932095763,34707,,rD044,50291762,100.00,,
129.932095763,847749,,rFF44,50291592,100.00,,
129.932095763,807638275,,instructions,50291622,100.00,4.44,insn per cycle
129.932095763,181813458,,cycles,50292372,100.00,,
130.032284754,34939,,rD044,50155460,100.00,,
130.032284754,866881,,rFF44,50149890,100.00,,
130.032284754,800559074,,instructions,50145180,100.00,4.41,insn per cycle
130.032284754,181351584,,cycles,50140290,100.00,,
130.132457544,35180,,rD044,50054017,100.00,,
130.132457544,868814,,rFF44,50060017,100.00,,
130.132457544,795359687,,instructions,50065157,100.00,4.40,insn per cycle
130.132457544,180815100,,cycles,50069157,100.00,,
130.232644875,35292,,rD044,51640743,100.00,,
130.232644875,865449,,rFF44,51634743,100.00,,
130.232644875,831801089,,instructions,51629603,100.00,4.45,insn per cycle
130.232644875,186927242,,cycles,51625603,100.00,,
130.332818685,35328,,rD044,49776613,100.00,,
130.332818685,852941,,rFF44,49782453,100.00,,
130.332818685,795577159,,instructions,49787423,100.00,4.43,insn per cycle
130.332818685,179723204,,cycles,49791763,100.00,,
130.433006306,34861,,rD044,51049794,100.00,,
130.433006306,863487,,rFF44,51043954,100.00,,
130.433006306,826301931,,instructions,51038984,100.00,4.47,insn per cycle
130.433006306,184708026,,cycles,51034644,100.00,,
130.533179496,35114,,rD044,50175469,100.00,,
130.533179496,852224,,rFF44,50181489,100.00,,
130.533179496,761824911,,instructions,50186409,100.00,4.20,insn per cycle
130.533179496,181275181,,cycles,50190769,100.00,,
130.633378557,34929,,rD044,52110862,100.00,,
130.633378557,851343,,rFF44,52108462,100.00,,
130.633378557,813754756,,instructions,52103542,100.00,4.31,insn per cycle
130.633378557,188772726,,cycles,52099182,100.00,,
130.733559117,35174,,rD044,50118879,100.00,,
130.733559117,844894,,rFF44,50115259,100.00,,
130.733559117,751905094,,instructions,50115259,100.00,4.15,insn per cycle
130.733559117,180998673,,cycles,50115259,100.00,,
130.833732308,4248,,rD044,52124364,100.00,,
130.833732308,821855,,rFF44,52129934,100.00,,
130.833732308,793046467,,instructions,52134734,100.00,4.20,insn per cycle
130.833732308,188864777,,cycles,52139444,100.00,,
130.933917069,35089,,rD044,52395690,100.00,,
130.933917069,840907,,rFF44,52390120,100.00,,
130.933917069,776799123,,instructions,52385320,100.00,4.09,insn per cycle
130.933917069,189906863,,cycles,52380610,100.00,,
131.034086829,34905,,rD044,50365814,100.00,,
131.034086829,849760,,rFF44,50365814,100.00,,
131.034086829,743868151,,instructions,50365814,100.00,4.09,insn per cycle
131.034086829,181933685,,cycles,50365814,100.00,,
131.134266589,34902,,rD044,51387160,100.00,,
131.134266589,800234,,rFF44,51392580,100.00,,
131.134266589,764214475,,instructions,51398100,100.00,4.11,insn per cycle
131.134266589,185993347,,cycles,51403470,100.00,,
131.234453190,35230,,rD044,52931439,100.00,,
131.234453190,840951,,rFF44,52931589,100.00,,
131.234453190,807859979,,instructions,52930789,100.00,4.21,insn per cycle
131.234453190,191941769,,cycles,52930099,100.00,,
131.334638900,35396,,rD044,50204528,100.00,,
131.334638900,849588,,rFF44,50198958,100.00,,
131.334638900,752564686,,instructions,50194238,100.00,4.15,insn per cycle
131.334638900,181326712,,cycles,50189558,100.00,,
131.434805941,35005,,rD044,51606194,100.00,,
131.434805941,862613,,rFF44,51612294,100.00,,
131.434805941,780536043,,instructions,51617734,100.00,4.18,insn per cycle
131.434805941,186795300,,cycles,51622254,100.00,,
131.534988861,4366,,rD044,52261187,100.00,,
131.534988861,808707,,rFF44,52255087,100.00,,
131.534988861,789417310,,instructions,52249647,100.00,4.17,insn per cycle
131.534988861,189385051,,cycles,52245127,100.00,,
131.635158582,35094,,rD044,51604243,100.00,,
131.635158582,822831,,rFF44,51604243,100.00,,
131.635158582,759601561,,instructions,51604243,100.00,4.07,insn per cycle
131.635158582,186824511,,cycles,51604243,100.00,,
131.735339742,34943,,rD044,51461213,100.00,,
131.735339742,837851,,rFF44,51461213,100.00,,
131.735339742,757082678,,instructions,51461213,100.00,4.07,insn per cycle
131.735339742,186231622,,cycles,51461213,100.00,,
131.835517693,35025,,rD044,51368153,100.00,,
131.835517693,800342,,rFF44,51373893,100.00,,
131.835517693,766225273,,instructions,51379423,100.00,4.12,insn per cycle
131.835517693,185946078,,cycles,51383603,100.00,,
131.935698213,35167,,rD044,52845328,100.00,,
131.935698213,835276,,rFF44,52845408,100.00,,
131.935698213,794658044,,instructions,52845558,100.00,4.15,insn per cycle
131.935698213,191642248,,cycles,52846248,100.00,,
132.035882674,35049,,rD044,51192669,100.00,,
132.035882674,850830,,rFF44,51186849,100.00,,
132.035882674,772264745,,instructions,51181169,100.00,4.17,insn per cycle
132.035882674,185183219,,cycles,51176299,100.00,,
132.136047494,4726,,rD044,50628641,100.00,,
132.136047494,815946,,rFF44,50628641,100.00,,
132.136047494,740193568,,instructions,50628641,100.00,4.05,insn per cycle
132.136047494,182983610,,cycles,50628641,100.00,,
132.236223215,34995,,rD044,52794693,100.00,,
132.236223215,836332,,rFF44,52800883,100.00,,
132.236223215,775096816,,instructions,52807013,100.00,4.05,insn per cycle
132.236223215,191383061,,cycles,52811773,100.00,,
132.336409335,35277,,rD044,52226092,100.00,,
132.336409335,836545,,rFF44,52219902,100.00,,
132.336409335,787436235,,instructions,52213772,100.00,4.16,insn per cycle
132.336409335,189153687,,cycles,52209012,100.00,,
132.436574306,35511,,rD044,49798189,100.00,,
132.436574306,827300,,rFF44,49803699,100.00,,
132.436574306,756232655,,instructions,49808799,100.00,4.21,insn per cycle
132.436574306,179711560,,cycles,49813279,100.00,,
132.536754096,35007,,rD044,52781118,100.00,,
132.536754096,855371,,rFF44,52775608,100.00,,
132.536754096,824212923,,instructions,52770508,100.00,4.31,insn per cycle
132.536754096,191373824,,cycles,52773668,100.00,,
132.636937747,35230,,rD044,49978422,100.00,,
132.636937747,865924,,rFF44,49978422,100.00,,
132.636937747,761123226,,instructions,49978422,100.00,4.22,insn per cycle
132.636937747,180394387,,cycles,49970782,100.00,,
132.737109807,35070,,rD044,52694533,100.00,,
132.737109807,864635,,rFF44,52699673,100.00,,
132.737109807,823387057,,instructions,52704123,100.00,4.31,insn per cycle
132.737109807,190970438,,cycles,52708843,100.00,,
132.837295728,35145,,rD044,49135811,100.00,,
132.837295728,865372,,rFF44,49136601,100.00,,
132.837295728,758277365,,instructions,49137211,100.00,4.28,insn per cycle
132.837295728,177147842,,cycles,49138131,100.00,,
132.937483958,4269,,rD044,53074576,100.00,,
132.937483958,804870,,rFF44,53075096,100.00,,
132.937483958,817385185,,instructions,53070036,100.00,4.25,insn per cycle
132.937483958,192402612,,cycles,53064396,100.00,,
133.037671839,35095,,rD044,50264168,100.00,,
133.037671839,844239,,rFF44,50257718,100.00,,
133.037671839,743068555,,instructions,50257718,100.00,4.09,insn per cycle
133.037671839,181537345,,cycles,50257718,100.00,,
133.137834829,34813,,rD044,51909422,100.00,,
133.137834829,861677,,rFF44,51914992,100.00,,
133.137834829,776908113,,instructions,51919962,100.00,4.13,insn per cycle
133.137834829,187974037,,cycles,51924792,100.00,,
133.238021000,34769,,rD044,52096192,100.00,,
133.238021000,798992,,rFF44,52090622,100.00,,
133.238021000,795204539,,instructions,52085652,100.00,4.21,insn per cycle
133.238021000,188781185,,cycles,52080822,100.00,,
133.338196460,35115,,rD044,50619226,100.00,,
133.338196460,848107,,rFF44,50619226,100.00,,
133.338196460,756135544,,instructions,50619226,100.00,4.13,insn per cycle
133.338196460,182938836,,cycles,50619226,100.00,,
133.438384621,35045,,rD044,51217903,100.00,,
133.438384621,832138,,rFF44,51223743,100.00,,
133.438384621,771126712,,instructions,51229673,100.00,4.16,insn per cycle
133.438384621,185383121,,cycles,51234283,100.00,,
133.538571411,34805,,rD044,51780456,100.00,,
133.538571411,845072,,rFF44,51774616,100.00,,
133.538571411,808624604,,instructions,51768686,100.00,4.31,insn per cycle
133.538571411,187525313,,cycles,51764076,100.00,,
133.638742222,4362,,rD044,49242332,100.00,,
133.638742222,835814,,rFF44,49248272,100.00,,
133.638742222,771239636,,instructions,49253392,100.00,4.34,insn per cycle
133.638742222,177675966,,cycles,49258182,100.00,,
133.738929292,35030,,rD044,50618256,100.00,,
133.738929292,866443,,rFF44,50612316,100.00,,
133.738929292,795133903,,instructions,50607196,100.00,4.35,insn per cycle
133.738929292,182993503,,cycles,50602406,100.00,,
133.839102473,34902,,rD044,50508000,100.00,,
133.839102473,855423,,rFF44,50513890,100.00,,
133.839102473,779457994,,instructions,50518540,100.00,4.27,insn per cycle
133.839102473,182590392,,cycles,50523010,100.00,,
133.939289053,35242,,rD044,51890814,100.00,,
133.939289053,831628,,rFF44,51884924,100.00,,
133.939289053,787631991,,instructions,51880274,100.00,4.19,insn per cycle
133.939289053,187951306,,cycles,51875804,100.00,,
134.039453004,34948,,rD044,50741646,100.00,,
134.039453004,796220,,rFF44,50741646,100.00,,
134.039453004,746974109,,instructions,50741646,100.00,4.07,insn per cycle
134.039453004,183513808,,cycles,50749456,100.00,,
134.139628664,35337,,rD044,51363664,100.00,,
134.139628664,845371,,rFF44,51369034,100.00,,
134.139628664,760905923,,instructions,51374164,100.00,4.09,insn per cycle
134.139628664,185869929,,cycles,51371574,100.00,,
134.239813115,35002,,rD044,52852705,100.00,,
134.239813115,849177,,rFF44,52852825,100.00,,
134.239813115,790634671,,instructions,52852355,100.00,4.13,insn per cycle
134.239813115,191657384,,cycles,52852005,100.00,,
134.339996205,4801,,rD044,50936903,100.00,,
134.339996205,816372,,rFF44,50931413,100.00,,
134.339996205,757656731,,instructions,50926753,100.00,4.11,insn per cycle
134.339996205,184210993,,cycles,50921883,100.00,,
134.440166466,35298,,rD044,50874263,100.00,,
134.440166466,849508,,rFF44,50874263,100.00,,
134.440166466,747285100,,instructions,50874263,100.00,4.06,insn per cycle
134.440166466,183911195,,cycles,50874263,100.00,,
134.540344216,34947,,rD044,53249336,100.00,,
134.540344216,838343,,rFF44,53255486,100.00,,
134.540344216,803758470,,instructions,53260196,100.00,4.16,insn per cycle
134.540344216,193237332,,cycles,53265186,100.00,,
134.640529297,35019,,rD044,51350508,100.00,,
134.640529297,842959,,rFF44,51344358,100.00,,
134.640529297,770872344,,instructions,51339648,100.00,4.15,insn per cycle
134.640529297,185720457,,cycles,51334658,100.00,,
134.740696577,35056,,rD044,51323019,100.00,,
134.740696577,819854,,rFF44,51328609,100.00,,
134.740696577,780230671,,instructions,51334349,100.00,4.20,insn per cycle
134.740696577,185681241,,cycles,51339889,100.00,,
134.840883708,34976,,rD044,52521543,100.00,,
134.840883708,859538,,rFF44,52515953,100.00,,
134.840883708,796632344,,instructions,52510213,100.00,4.19,insn per cycle
134.840883708,190324849,,cycles,52504673,100.00,,
134.941046268,35313,,rD044,51071276,100.00,,
134.941046268,855087,,rFF44,51071276,100.00,,
134.941046268,753089071,,instructions,51071276,100.00,4.08,insn per cycle
134.941046268,184607885,,cycles,51071276,100.00,,
135.041210959,4357,,rD044,50991444,100.00,,
135.041210959,808169,,rFF44,50991444,100.00,,
135.041210959,753810634,,instructions,50991444,100.00,4.09,insn per cycle
135.041210959,184473496,,cycles,50991444,100.00,,
135.141387619,34679,,rD044,50969917,100.00,,
135.141387619,861571,,rFF44,50975547,100.00,,
135.141387619,759691855,,instructions,50980277,100.00,4.12,insn per cycle
135.141387619,184395722,,cycles,50984917,100.00,,
135.241568430,34844,,rD044,53420217,100.00,,
135.241568430,848141,,rFF44,53421007,100.00,,
135.241568430,811036771,,instructions,53421467,100.00,4.18,insn per cycle
135.241568430,193847317,,cycles,53422007,100.00,,
135.341748680,34931,,rD044,51038233,100.00,,
135.341748680,851545,,rFF44,51031813,100.00,,
135.341748680,759053907,,instructions,51026623,100.00,4.11,insn per cycle
135.341748680,184508922,,cycles,51021443,100.00,,
135.441921361,34973,,rD044,51728093,100.00,,
135.441921361,825944,,rFF44,51733463,100.00,,
135.441921361,761346873,,instructions,51738953,100.00,4.07,insn per cycle
135.441921361,187257663,,cycles,51744083,100.00,,
135.542108441,35220,,rD044,53519388,100.00,,
135.542108441,835984,,rFF44,53519988,100.00,,
135.542108441,805697433,,instructions,53519068,100.00,4.15,insn per cycle
135.542108441,194204457,,cycles,53518578,100.00,,
135.642296682,35391,,rD044,50617318,100.00,,
135.642296682,836896,,rFF44,50611348,100.00,,
135.642296682,752571971,,instructions,50606778,100.00,4.11,insn per cycle
135.642296682,182931704,,cycles,50602138,100.00,,
135.742471043,4670,,rD044,51752903,100.00,,
135.742471043,834689,,rFF44,51758723,100.00,,
135.742471043,802405701,,instructions,51764483,100.00,4.28,insn per cycle
135.742471043,187344058,,cycles,51769473,100.00,,
135.842649033,35421,,rD044,50187804,100.00,,
135.842649033,863901,,rFF44,50181984,100.00,,
135.842649033,756685083,,instructions,50176224,100.00,4.18,insn per cycle
135.842649033,181148658,,cycles,50171234,100.00,,
135.942820553,35070,,rD044,52651301,100.00,,
135.942820553,862448,,rFF44,52656851,100.00,,
135.942820553,805334833,,instructions,52661421,100.00,4.22,insn per cycle
135.942820553,190864067,,cycles,52665711,100.00,,
136.043006384,35164,,rD044,50326702,100.00,,
136.043006384,865578,,rFF44,50321152,100.00,,
136.043006384,764243865,,instructions,50316582,100.00,4.21,insn per cycle
136.043006384,181726944,,cycles,50312292,100.00,,
136.143179445,35002,,rD044,52286241,100.00,,
136.143179445,820928,,rFF44,52286241,100.00,,
136.143179445,819553961,,instructions,52286241,100.00,4.33,insn per cycle
136.143179445,189409861,,cycles,52286241,100.00,,
136.243365855,35120,,rD044,49673035,100.00,,
136.243365855,866509,,rFF44,49678655,100.00,,
136.243365855,759441805,,instructions,49683436,100.00,4.24,insn per cycle
136.243365855,179240321,,cycles,49687816,100.00,,
136.343556586,35441,,rD044,53556523,100.00,,
136.343556586,839651,,rFF44,53556623,100.00,,
136.343556586,810256710,,instructions,53556612,100.00,4.17,insn per cycle
136.343556586,194318167,,cycles,53557072,100.00,,
136.443744746,35054,,rD044,51016394,100.00,,
136.443744746,853287,,rFF44,51010674,100.00,,
136.443744746,761087923,,instructions,51005904,100.00,4.13,insn per cycle
136.443744746,184402868,,cycles,51001064,100.00,,
136.543922667,4456,,rD044,51991453,100.00,,
136.543922667,831781,,rFF44,51997453,100.00,,
136.543922667,783407825,,instructions,52002153,100.00,4.16,insn per cycle
136.543922667,188259705,,cycles,52006473,100.00,,
136.644106587,35271,,rD044,52437196,100.00,,
136.644106587,835923,,rFF44,52431196,100.00,,
136.644106587,793099687,,instructions,52426496,100.00,4.17,insn per cycle
136.644106587,189986150,,cycles,52422176,100.00,,
136.744270378,35574,,rD044,49917641,100.00,,
136.744270378,857565,,rFF44,49922971,100.00,,
136.744270378,770978460,,instructions,49927581,100.00,4.28,insn per cycle
136.744270378,180224578,,cycles,49932401,100.00,,
136.844456278,35799,,rD044,50609576,100.00,,
136.844456278,875043,,rFF44,50604246,100.00,,
136.844456278,802829604,,instructions,50599636,100.00,4.39,insn per cycle
136.844456278,182809440,,cycles,50594816,100.00,,
136.944623689,35035,,rD044,52242522,100.00,,
136.944623689,829523,,rFF44,52248112,100.00,,
136.944623689,818481922,,instructions,52253052,100.00,4.32,insn per cycle
136.944623689,189285087,,cycles,52257362,100.00,,
137.044807169,35156,,rD044,49605293,100.00,,
137.044807169,871649,,rFF44,49599703,100.00,,
137.044807169,754529246,,instructions,49594763,100.00,4.22,insn per cycle
137.044807169,178977748,,cycles,49590453,100.00,,
137.144975530,36036,,rD044,52732828,100.00,,
137.144975530,878799,,rFF44,52732828,100.00,,
137.144975530,818514915,,instructions,52732828,100.00,4.28,insn per cycle
137.144975530,191134979,,cycles,52732828,100.00,,
137.245145730,35100,,rD044,49117039,100.00,,
137.245145730,861212,,rFF44,49117039,100.00,,
137.245145730,752324772,,instructions,49117039,100.00,4.25,insn per cycle
137.245145730,177109727,,cycles,49117039,100.00,,
137.345318371,4726,,rD044,51300252,100.00,,
137.345318371,824362,,rFF44,51300252,100.00,,
137.345318371,820699078,,instructions,51300252,100.00,4.42,insn per cycle
137.345318371,185576066,,cycles,51300252,100.00,,
137.445489451,35254,,rD044,51285048,100.00,,
137.445489451,855449,,rFF44,51290778,100.00,,
137.445489451,799075525,,instructions,51295759,100.00,4.31,insn per cycle
137.445489451,185540033,,cycles,51300559,100.00,,
137.545671882,35123,,rD044,50513638,100.00,,
137.545671882,857929,,rFF44,50507908,100.00,,
137.545671882,774028430,,instructions,50502927,100.00,4.24,insn per cycle
137.545671882,182475182,,cycles,50498127,100.00,,
137.645835642,35338,,rD044,51332411,100.00,,
137.645835642,860282,,rFF44,51338111,100.00,,
137.645835642,784755056,,instructions,51343111,100.00,4.22,insn per cycle
137.645835642,185862304,,cycles,51347281,100.00,,
137.746015313,35457,,rD044,51529213,100.00,,
137.746015313,824028,,rFF44,51523513,100.00,,
137.746015313,783422190,,instructions,51518513,100.00,4.20,insn per cycle
137.746015313,186370603,,cycles,51514343,100.00,,
137.846181483,35172,,rD044,52040276,100.00,,
137.846181483,874161,,rFF44,52040276,100.00,,
137.846181483,809397524,,instructions,52040276,100.00,4.30,insn per cycle
137.846181483,188313267,,cycles,52040276,100.00,,
137.946357344,35024,,rD044,49681954,100.00,,
137.946357344,877590,,rFF44,49687644,100.00,,
137.946357344,765681914,,instructions,49693004,100.00,4.27,insn per cycle
137.946357344,179267072,,cycles,49698214,100.00,,
138.046537494,35105,,rD044,51774066,100.00,,
138.046537494,848904,,rFF44,51768376,100.00,,
138.046537494,780009923,,instructions,51763016,100.00,4.16,insn per cycle
138.046537494,187397816,,cycles,51757806,100.00,,
138.146709294,4368,,rD044,50922483,100.00,,
138.146709294,821677,,rFF44,50928793,100.00,,
138.146709294,749797461,,instructions,50933683,100.00,4.07,insn per cycle
138.146709294,184121823,,cycles,50938053,100.00,,
138.246897085,35192,,rD044,53521244,100.00,,
138.246897085,854852,,rFF44,53520654,100.00,,
138.246897085,793315221,,instructions,53520784,100.00,4.09,insn per cycle
138.246897085,194170901,,cycles,53522084,100.00,,
138.347084416,35184,,rD044,51488967,100.00,,
138.347084416,838770,,rFF44,51483247,100.00,,
138.347084416,756165468,,instructions,51478227,100.00,4.06,insn per cycle
138.347084416,186270792,,cycles,51472557,100.00,,
138.447258516,34973,,rD044,51261965,100.00,,
138.447258516,813773,,rFF44,51268405,100.00,,
138.447258516,753209447,,instructions,51274396,100.00,4.06,insn per cycle
138.447258516,185421265,,cycles,51279146,100.00,,
138.547438887,34821,,rD044,53708458,100.00,,
138.547438887,845785,,rFF44,53707998,100.00,,
138.547438887,797643855,,instructions,53707037,100.00,4.09,insn per cycle
138.547438887,194899605,,cycles,53707817,100.00,,
138.647625268,35177,,rD044,51233537,100.00,,
138.647625268,845407,,rFF44,51227557,100.00,,
138.647625268,752749095,,instructions,51222527,100.00,4.06,insn per cycle
138.647625268,185233978,,cycles,51216997,100.00,,
138.747798008,4671,,rD044,51663257,100.00,,
138.747798008,829236,,rFF44,51668797,100.00,,
138.747798008,763588554,,instructions,51674137,100.00,4.08,insn per cycle
138.747798008,186979096,,cycles,51678807,100.00,,
138.847982238,35002,,rD044,53507895,100.00,,
138.847982238,849416,,rFF44,53508535,100.00,,
138.847982238,793968990,,instructions,53508545,100.00,4.09,insn per cycle
138.847982238,194143886,,cycles,53508285,100.00,,
138.948170169,35016,,rD044,50653218,100.00,,
138.948170169,849332,,rFF44,50650118,100.00,,
138.948170169,764417429,,instructions,50644768,100.00,4.18,insn per cycle
138.948170169,182989663,,cycles,50640358,100.00,,
139.048364520,34968,,rD044,51825838,100.00,,
139.048364520,816836,,rFF44,51828588,100.00,,
139.048364520,798437067,,instructions,51833648,100.00,4.25,insn per cycle
139.048364520,187653246,,cycles,51838828,100.00,,
139.148549590,34986,,rD044,51801135,100.00,,
139.148549590,849433,,rFF44,51795305,100.00,,
139.148549590,773578058,,instructions,51790245,100.00,4.13,insn per cycle
139.148549590,187472685,,cycles,51785065,100.00,,
139.248721181,35229,,rD044,50976666,100.00,,
139.248721181,851558,,rFF44,50982206,100.00,,
139.248721181,759333123,,instructions,50986966,100.00,4.12,insn per cycle
139.248721181,184332533,,cycles,50991706,100.00,,
139.348904051,35172,,rD044,53668239,100.00,,
139.348904051,862061,,rFF44,53668339,100.00,,
139.348904051,812197777,,instructions,53668359,100.00,4.17,insn per cycle
139.348904051,194755361,,cycles,53668609,100.00,,
139.449081702,4734,,rD044,49502059,100.00,,
139.449081702,842448,,rFF44,49502509,100.00,,
139.449081702,753342172,,instructions,49502579,100.00,4.22,insn per cycle
139.449081702,178533917,,cycles,49502229,100.00,,
139.549267492,35755,,rD044,51370258,100.00,,
139.549267492,850210,,rFF44,51372258,100.00,,
139.549267492,792715362,,instructions,51372428,100.00,4.26,insn per cycle
139.549267492,185879995,,cycles,51371328,100.00,,
139.649455703,35333,,rD044,51860836,100.00,,
139.649455703,869619,,rFF44,51858386,100.00,,
139.649455703,783019996,,instructions,51858516,100.00,4.17,insn per cycle
139.649455703,187587615,,cycles,51859206,100.00,,
139.749638513,35270,,rD044,50919907,100.00,,
139.749638513,828091,,rFF44,50921897,100.00,,
139.749638513,770080453,,instructions,50921937,100.00,4.18,insn per cycle
139.749638513,184023340,,cycles,50920087,100.00,,
139.849825354,35394,,rD044,53177559,100.00,,
139.849825354,882218,,rFF44,53175589,100.00,,
139.849825354,813991247,,instructions,53176599,100.00,4.22,insn per cycle
139.849825354,192714302,,cycles,53178989,100.00,,
139.950011245,35521,,rD044,50732718,100.00,,
139.950011245,868811,,rFF44,50727058,100.00,,
139.950011245,776230181,,instructions,50720858,100.00,4.24,insn per cycle
139.950011245,183262098,,cycles,50716088,100.00,,
140.050185845,34816,,rD044,52839599,100.00,,
140.050185845,849942,,rFF44,52845179,100.00,,
140.050185845,807567647,,instructions,52850319,100.00,4.22,insn per cycle
140.050185845,191508337,,cycles,52854509,100.00,,
140.150377986,4543,,rD044,52196502,100.00,,
140.150377986,822971,,rFF44,52190922,100.00,,
140.150377986,794762881,,instructions,52185782,100.00,4.21,insn per cycle
140.150377986,188937549,,cycles,52181592,100.00,,
140.250547626,35047,,rD044,51171460,100.00,,
140.250547626,849591,,rFF44,51177540,100.00,,
140.250547626,777579169,,instructions,51182490,100.00,4.20,insn per cycle
140.250547626,185078169,,cycles,51186650,100.00,,
140.350726387,34904,,rD044,52833961,100.00,,
140.350726387,832573,,rFF44,52833001,100.00,,
140.350726387,827934564,,instructions,52832851,100.00,4.32,insn per cycle
140.350726387,191585389,,cycles,52832851,100.00,,
140.450905037,35155,,rD044,50030140,100.00,,
140.450905037,865134,,rFF44,50025020,100.00,,
140.450905037,775725463,,instructions,50020220,100.00,4.30,insn per cycle
140.450905037,180492627,,cycles,50024090,100.00,,
140.551082248,34866,,rD044,53441600,100.00,,
140.551082248,839749,,rFF44,53447420,100.00,,
140.551082248,807345311,,instructions,53452620,100.00,4.16,insn per cycle
140.551082248,193894619,,cycles,53449030,100.00,,
140.651263559,34813,,rD044,51147605,100.00,,
140.651263559,783290,,rFF44,51141785,100.00,,
140.651263559,770236877,,instructions,51136585,100.00,4.16,insn per cycle
140.651263559,184993218,,cycles,51132145,100.00,,
140.751430339,35061,,rD044,51230115,100.00,,
140.751430339,846901,,rFF44,51235605,100.00,,
140.751430339,759028876,,instructions,51240865,100.00,4.10,insn per cycle
140.751430339,185305012,,cycles,51246565,100.00,,
140.851618939,34628,,rD044,53435512,100.00,,
140.851618939,827567,,rFF44,53435652,100.00,,
140.851618939,805210858,,instructions,53436212,100.00,4.15,insn per cycle
140.851618939,193873679,,cycles,53435122,100.00,,
140.951806900,34753,,rD044,51345299,100.00,,
140.951806900,847601,,rFF44,51339669,100.00,,
140.951806900,776237527,,instructions,51333849,100.00,4.18,insn per cycle
140.951806900,185705754,,cycles,51329239,100.00,,
141.051981061,4402,,rD044,51400212,100.00,,
141.051981061,839430,,rFF44,51400212,100.00,,
141.051981061,814191908,,instructions,51400212,100.00,4.38,insn per cycle
141.051981061,185952186,,cycles,51400212,100.00,,
141.152155781,35545,,rD044,49391550,100.00,,
141.152155781,853597,,rFF44,49397620,100.00,,
141.152155781,774491292,,instructions,49401940,100.00,4.35,insn per cycle
141.152155781,178174190,,cycles,49406990,100.00,,
141.252344352,35270,,rD044,50338685,100.00,,
141.252344352,858284,,rFF44,50332615,100.00,,
141.252344352,789434926,,instructions,50328295,100.00,4.34,insn per cycle
141.252344352,181761806,,cycles,50323245,100.00,,
141.352518862,35231,,rD044,50678349,100.00,,
141.352518862,859757,,rFF44,50678349,100.00,,
141.352518862,801598203,,instructions,50678349,100.00,4.38,insn per cycle
141.352518862,183171799,,cycles,50678349,100.00,,
141.452691682,35634,,rD044,49914548,100.00,,
141.452691682,838751,,rFF44,49920028,100.00,,
141.452691682,795705451,,instructions,49925038,100.00,4.42,insn per cycle
141.452691682,180194865,,cycles,49925038,100.00,,
141.552876583,35243,,rD044,49738937,100.00,,
141.552876583,883010,,rFF44,49733457,100.00,,
141.552876583,798227061,,instructions,49728447,100.00,4.45,insn per cycle
141.552876583,179394933,,cycles,49728447,100.00,,
141.653050173,34897,,rD044,49769112,100.00,,
141.653050173,863316,,rFF44,49769112,100.00,,
141.653050173,796829308,,instructions,49769112,100.00,4.44,insn per cycle
141.653050173,179590255,,cycles,49769112,100.00,,
141.753232884,4582,,rD044,48954183,100.00,,
141.753232884,828343,,rFF44,48959823,100.00,,
141.753232884,783462735,,instructions,48965583,100.00,4.44,insn per cycle
141.753232884,176530411,,cycles,48970213,100.00,,
141.853420675,34948,,rD044,49367062,100.00,,
141.853420675,870935,,rFF44,49367372,100.00,,
141.853420675,790029807,,instructions,49366842,100.00,4.44,insn per cycle
141.853420675,178010319,,cycles,49366872,100.00,,
141.953604305,35611,,rD044,48732942,100.00,,
141.953604305,880673,,rFF44,48726992,100.00,,
141.953604305,779488164,,instructions,48721762,100.00,4.44,insn per cycle
141.953604305,175525804,,cycles,48717102,100.00,,
142.053777276,34931,,rD044,49162862,100.00,,
142.053777276,887858,,rFF44,49162862,100.00,,
142.053777276,771938195,,instructions,49162862,100.00,4.36,insn per cycle
142.053777276,177195225,,cycles,49162862,100.00,,
142.153940326,34947,,rD044,50377686,100.00,,
142.153940326,825016,,rFF44,50383436,100.00,,
142.153940326,761078013,,instructions,50388406,100.00,4.18,insn per cycle
142.153940326,181996408,,cycles,50393156,100.00,,
142.254122897,35279,,rD044,49393077,100.00,,
142.254122897,845651,,rFF44,49393627,100.00,,
142.254122897,738378892,,instructions,49392967,100.00,4.15,insn per cycle
142.254122897,178116473,,cycles,49393197,100.00,,
142.354307057,4118,,rD044,50873979,100.00,,
142.354307057,801527,,rFF44,50867679,100.00,,
142.354307057,774992189,,instructions,50863369,100.00,4.22,insn per cycle
142.354307057,183847650,,cycles,50858389,100.00,,
142.454476738,34857,,rD044,51657323,100.00,,
142.454476738,842069,,rFF44,51657323,100.00,,
142.454476738,780443985,,instructions,51657323,100.00,4.17,insn per cycle
142.454476738,187005626,,cycles,51657323,100.00,,
142.554647978,35449,,rD044,49556423,100.00,,
142.554647978,857818,,rFF44,49562123,100.00,,
142.554647978,740493680,,instructions,49567183,100.00,4.14,insn per cycle
142.554647978,178758572,,cycles,49571833,100.00,,
142.654832169,34878,,rD044,50123219,100.00,,
142.654832169,822018,,rFF44,50117519,100.00,,
142.654832169,756862708,,instructions,50112459,100.00,4.18,insn per cycle
142.654832169,180932261,,cycles,50107809,100.00,,
142.754998549,35085,,rD044,51599864,100.00,,
142.754998549,848590,,rFF44,51599864,100.00,,
142.754998549,780506695,,instructions,51599864,100.00,4.18,insn per cycle
142.754998549,186717061,,cycles,51599864,100.00,,
142.855165230,35109,,rD044,50603008,100.00,,
142.855165230,848877,,rFF44,50608988,100.00,,
142.855165230,756494067,,instructions,50613668,100.00,4.14,insn per cycle
142.855165230,182849249,,cycles,50617928,100.00,,
142.955353420,4479,,rD044,49268565,100.00,,
142.955353420,825720,,rFF44,49268985,100.00,,
142.955353420,780687276,,instructions,49269735,100.00,4.39,insn per cycle
142.955353420,177691214,,cycles,49269935,100.00,,
143.055535881,35070,,rD044,50804781,100.00,,
143.055535881,853347,,rFF44,50798381,100.00,,
143.055535881,783885072,,instructions,50792951,100.00,4.27,insn per cycle
143.055535881,183584783,,cycles,50788491,100.00,,
143.155703711,35236,,rD044,51437813,100.00,,
143.155703711,872572,,rFF44,51437813,100.00,,
143.155703711,790816324,,instructions,51437813,100.00,4.25,insn per cycle
143.155703711,186102494,,cycles,51437813,100.00,,
143.255868692,34899,,rD044,49921223,100.00,,
143.255868692,833692,,rFF44,49927433,100.00,,
143.255868692,775990013,,instructions,49932223,100.00,4.31,insn per cycle
143.255868692,180216939,,cycles,49936473,100.00,,
143.356049412,35058,,rD044,49836245,100.00,,
143.356049412,843507,,rFF44,49830035,100.00,,
143.356049412,753087910,,instructions,49825245,100.00,4.19,insn per cycle
143.356049412,179850255,,cycles,49820995,100.00,,
143.456224752,35409,,rD044,51544956,100.00,,
143.456224752,844249,,rFF44,51544956,100.00,,
143.456224752,786094433,,instructions,51544956,100.00,4.21,insn per cycle
143.456224752,186528586,,cycles,51544956,100.00,,
143.556399193,34863,,rD044,49609766,100.00,,
143.556399193,852443,,rFF44,49615676,100.00,,
143.556399193,776898055,,instructions,49620326,100.00,4.34,insn per cycle
143.556399193,179102713,,cycles,49624766,100.00,,
143.656585923,4543,,rD044,49471389,100.00,,
143.656585923,812072,,rFF44,49465479,100.00,,
143.656585923,750075604,,instructions,49468909,100.00,4.20,insn per cycle
143.656585923,178560693,,cycles,49468149,100.00,,
143.756773204,35213,,rD044,51551252,100.00,,
143.756773204,857085,,rFF44,51551252,100.00,,
143.756773204,784802376,,instructions,51543172,100.00,4.21,insn per cycle
143.756773204,186609449,,cycles,51539492,100.00,,
143.856945264,35280,,rD044,49894568,100.00,,
143.856945264,862110,,rFF44,49900408,100.00,,
143.856945264,758978821,,instructions,49905648,100.00,4.21,insn per cycle
143.856945264,180083367,,cycles,49910248,100.00,,
143.957126175,34964,,rD044,48581380,100.00,,
143.957126175,824020,,rFF44,48580980,100.00,,
143.957126175,755235145,,instructions,48580890,100.00,4.31,insn per cycle
143.957126175,175047100,,cycles,48580690,100.00,,
144.057312766,35166,,rD044,51228419,100.00,,
144.057312766,847147,,rFF44,51222979,100.00,,
144.057312766,788811457,,instructions,51217829,100.00,4.26,insn per cycle
144.057312766,185255856,,cycles,51213429,100.00,,
144.157493366,35112,,rD044,50093034,100.00,,
144.157493366,866490,,rFF44,50093034,100.00,,
144.157493366,787711756,,instructions,50093034,100.00,4.35,insn per cycle
144.157493366,180913686,,cycles,50093034,100.00,,
144.257665587,4468,,rD044,50610291,100.00,,
144.257665587,839760,,rFF44,50616671,100.00,,
144.257665587,772806324,,instructions,50622081,100.00,4.23,insn per cycle
144.257665587,182903324,,cycles,50626841,100.00,,
144.357854067,34838,,rD044,49749936,100.00,,
144.357854067,859264,,rFF44,49743556,100.00,,
144.357854067,744405127,,instructions,49738146,100.00,4.15,insn per cycle
144.357854067,179446991,,cycles,49733386,100.00,,
144.458026858,34661,,rD044,50401879,100.00,,
144.458026858,817231,,rFF44,50401879,100.00,,
144.458026858,787156368,,instructions,50401879,100.00,4.32,insn per cycle
144.458026858,182055731,,cycles,50401879,100.00,,
144.558200798,34798,,rD044,52149951,100.00,,
144.558200798,840545,,rFF44,52166372,100.00,,
144.558200798,786387232,,instructions,52171912,100.00,4.16,insn per cycle
144.558200798,188923733,,cycles,52176752,100.00,,
144.658400589,34938,,rD044,50044733,100.00,,
144.658400589,839735,,rFF44,50028312,100.00,,
144.658400589,745280283,,instructions,50022772,100.00,4.13,insn per cycle
144.658400589,180632555,,cycles,50017932,100.00,,
144.758571889,4429,,rD044,51585119,100.00,,
144.758571889,820640,,rFF44,51585119,100.00,,
144.758571889,793773685,,instructions,51585119,100.00,4.25,insn per cycle
144.758571889,186710520,,cycles,51585119,100.00,,
144.858734630,35007,,rD044,49945358,100.00,,
144.858734630,862050,,rFF44,49951298,100.00,,
144.858734630,729372580,,instructions,49956518,100.00,4.05,insn per cycle
144.858734630,180306900,,cycles,49961228,100.00,,
144.958918910,34921,,rD044,52358197,100.00,,
144.958918910,840245,,rFF44,52352257,100.00,,
144.958918910,776189372,,instructions,52347037,100.00,4.09,insn per cycle
144.958918910,189632000,,cycles,52342327,100.00,,
145.059088961,34928,,rD044,50418150,100.00,,
145.059088961,809092,,rFF44,50423870,100.00,,
145.059088961,740414166,,instructions,50428640,100.00,4.07,insn per cycle
145.059088961,182129255,,cycles,50433480,100.00,,
145.159273501,35121,,rD044,51674064,100.00,,
145.159273501,834609,,rFF44,51668344,100.00,,
145.159273501,765128578,,instructions,51663574,100.00,4.09,insn per cycle
145.159273501,187011057,,cycles,51658734,100.00,,
145.259444882,34676,,rD044,51034875,100.00,,
145.259444882,845249,,rFF44,51040775,100.00,,
145.259444882,748603456,,instructions,51045705,100.00,4.06,insn per cycle
145.259444882,184540396,,cycles,51050215,100.00,,
145.359627082,4391,,rD044,51081444,100.00,,
145.359627082,815433,,rFF44,51075544,100.00,,
145.359627082,756896551,,instructions,51070614,100.00,4.10,insn per cycle
145.359627082,184676693,,cycles,51066104,100.00,,
145.459796403,35209,,rD044,52102172,100.00,,
145.459796403,853236,,rFF44,52108072,100.00,,
145.459796403,770041744,,instructions,52112782,100.00,4.08,insn per cycle
145.459796403,188664387,,cycles,52117722,100.00,,
145.559977953,35123,,rD044,50010837,100.00,,
145.559977953,802262,,rFF44,50004937,100.00,,
145.559977953,735579716,,instructions,50000227,100.00,4.08,insn per cycle
145.559977953,180490439,,cycles,49995287,100.00,,
145.660149614,34688,,rD044,52650354,100.00,,
145.660149614,832366,,rFF44,52655574,100.00,,
145.660149614,781308179,,instructions,52659904,100.00,4.09,insn per cycle
145.660149614,190866907,,cycles,52664444,100.00,,
145.760337874,35061,,rD044,49590825,100.00,,
145.760337874,835788,,rFF44,49585605,100.00,,
145.760337874,725176263,,instructions,49581275,100.00,4.05,insn per cycle
145.760337874,178914853,,cycles,49576735,100.00,,
145.860500925,4270,,rD044,52663739,100.00,,
145.860500925,805665,,rFF44,52669179,100.00,,
145.860500925,784359979,,instructions,52674729,100.00,4.11,insn per cycle
145.860500925,190933994,,cycles,52679139,100.00,,
145.960682465,35084,,rD044,49665972,100.00,,
145.960682465,859435,,rFF44,49660532,100.00,,
145.960682465,726584532,,instructions,49654982,100.00,4.06,insn per cycle
145.960682465,179110796,,cycles,49650572,100.00,,
146.060855956,34811,,rD044,52602509,100.00,,
146.060855956,831388,,rFF44,52602509,100.00,,
146.060855956,785742253,,instructions,52602509,100.00,4.12,insn per cycle
146.060855956,190679179,,cycles,52602509,100.00,,
146.161020216,35060,,rD044,48962244,100.00,,
146.161020216,798650,,rFF44,48962244,100.00,,
146.161020216,721881831,,instructions,48962244,100.00,4.09,insn per cycle
146.161020216,176540407,,cycles,48962244,100.00,,
146.261192926,34500,,rD044,52598186,100.00,,
146.261192926,840083,,rFF44,52598186,100.00,,
146.261192926,785942538,,instructions,52598186,100.00,4.12,insn per cycle
146.261192926,190628467,,cycles,52598186,100.00,,
146.361375947,34865,,rD044,49856874,100.00,,
146.361375947,845352,,rFF44,49862724,100.00,,
146.361375947,733407171,,instructions,49867464,100.00,4.07,insn per cycle
146.361375947,180018462,,cycles,49872014,100.00,,
146.461562487,4190,,rD044,51748672,100.00,,
146.461562487,819675,,rFF44,51742822,100.00,,
146.461562487,774762021,,instructions,51738082,100.00,4.14,insn per cycle
146.461562487,187272535,,cycles,51733532,100.00,,
146.561736618,34983,,rD044,50730158,100.00,,
146.561736618,849204,,rFF44,50735788,100.00,,
146.561736618,761784763,,instructions,50740868,100.00,4.15,insn per cycle
146.561736618,183405947,,cycles,50745668,100.00,,
146.661918899,34918,,rD044,49610203,100.00,,
146.661918899,809174,,rFF44,49604573,100.00,,
146.661918899,753342061,,instructions,49599493,100.00,4.21,insn per cycle
146.661918899,178945330,,cycles,49594693,100.00,,
146.762092229,34634,,rD044,50436113,100.00,,
146.762092229,842376,,rFF44,50436113,100.00,,
146.762092229,791753482,,instructions,50436113,100.00,4.34,insn per cycle
146.762092229,182287388,,cycles,50443613,100.00,,
146.862273920,34862,,rD044,50641691,100.00,,
146.862273920,852851,,rFF44,50641691,100.00,,
146.862273920,795117420,,instructions,50641691,100.00,4.34,insn per cycle
146.862273920,183002643,,cycles,50634191,100.00,,
146.962446440,34999,,rD044,50548650,100.00,,
146.962446440,868126,,rFF44,50555000,100.00,,
146.962446440,789206593,,instructions,50560030,100.00,4.32,insn per cycle
146.962446440,182603001,,cycles,50564611,100.00,,
147.062633751,4412,,rD044,50194474,100.00,,
147.062633751,854050,,rFF44,50194144,100.00,,
147.062633751,784232305,,instructions,50194014,100.00,4.33,insn per cycle
147.062633751,181122076,,cycles,50194023,100.00,,
147.162820971,35480,,rD044,49668046,100.00,,
147.162820971,867041,,rFF44,49667656,100.00,,
147.162820971,760430380,,instructions,49667326,100.00,4.25,insn per cycle
147.162820971,179122678,,cycles,49667396,100.00,,
147.263008132,35678,,rD044,51605565,100.00,,
147.263008132,840242,,rFF44,51599935,100.00,,
147.263008132,786796659,,instructions,51595365,100.00,4.21,insn per cycle
147.263008132,186758320,,cycles,51590705,100.00,,
147.363179162,35354,,rD044,50834543,100.00,,
147.363179162,848006,,rFF44,50839743,100.00,,
147.363179162,769968664,,instructions,50844713,100.00,4.19,insn per cycle
147.363179162,183795308,,cycles,50850263,100.00,,
147.463375953,35467,,rD044,48806460,100.00,,
147.463375953,815510,,rFF44,48807570,100.00,,
147.463375953,736786303,,instructions,48807690,100.00,4.19,insn per cycle
147.463375953,175931953,,cycles,48806680,100.00,,
147.563555273,35085,,rD044,51662082,100.00,,
147.563555273,851775,,rFF44,51655772,100.00,,
147.563555273,785001983,,instructions,51650682,100.00,4.20,insn per cycle
147.563555273,186953203,,cycles,51646142,100.00,,
147.663724554,4303,,rD044,51100738,100.00,,
147.663724554,824878,,rFF44,51106488,100.00,,
147.663724554,777910284,,instructions,51111698,100.00,4.21,insn per cycle
147.663724554,184786371,,cycles,51116198,100.00,,
147.763911935,35416,,rD044,49300066,100.00,,
147.763911935,846098,,rFF44,49299896,100.00,,
147.763911935,737757788,,instructions,49299466,100.00,4.15,insn per cycle
147.763911935,177748148,,cycles,49299166,100.00,,
147.864098685,34878,,rD044,51427786,100.00,,
147.864098685,845203,,rFF44,51422206,100.00,,
147.864098685,776551969,,instructions,51417426,100.00,4.18,insn per cycle
147.864098685,185925061,,cycles,51413226,100.00,,
147.964265696,34886,,rD044,51464691,100.00,,
147.964265696,825890,,rFF44,51464691,100.00,,
147.964265696,790930187,,instructions,51464691,100.00,4.25,insn per cycle
147.964265696,186107032,,cycles,51464691,100.00,,
148.064435896,35157,,rD044,50800319,100.00,,
148.064435896,870238,,rFF44,50805849,100.00,,
148.064435896,785417014,,instructions,50810989,100.00,4.28,insn per cycle
148.064435896,183579593,,cycles,50815279,100.00,,
148.164620267,34896,,rD044,49462913,100.00,,
148.164620267,867387,,rFF44,49463083,100.00,,
148.164620267,757843730,,instructions,49463493,100.00,4.25,insn per cycle
148.164620267,178402065,,cycles,49463803,100.00,,
148.264805977,34706,,rD044,50678855,100.00,,
148.264805977,836560,,rFF44,50673155,100.00,,
148.264805977,781316288,,instructions,50667605,100.00,4.27,insn per cycle
148.264805977,183080445,,cycles,50663005,100.00,,
148.364974298,4143,,rD044,51743591,100.00,,
148.364974298,796118,,rFF44,51743591,100.00,,
148.364974298,791384116,,instructions,51743591,100.00,4.22,insn per cycle
148.364974298,187329445,,cycles,51743591,100.00,,
148.465136548,35043,,rD044,49999008,100.00,,
148.465136548,843342,,rFF44,50005738,100.00,,
148.465136548,738191040,,instructions,50010638,100.00,4.09,insn per cycle
148.465136548,180453207,,cycles,50014858,100.00,,
148.565327089,34692,,rD044,52390407,100.00,,
148.565327089,830458,,rFF44,52383677,100.00,,
148.565327089,783908063,,instructions,52378777,100.00,4.13,insn per cycle
148.565327089,189700770,,cycles,52374557,100.00,,
148.665495129,35153,,rD044,51445579,100.00,,
148.665495129,827750,,rFF44,51451529,100.00,,
148.665495129,768072160,,instructions,51456739,100.00,4.13,insn per cycle
148.665495129,186061238,,cycles,51461529,100.00,,
148.765675699,34964,,rD044,50330395,100.00,,
148.765675699,860539,,rFF44,50324445,100.00,,
148.765675699,753477013,,instructions,50319235,100.00,4.15,insn per cycle
148.765675699,181596973,,cycles,50314445,100.00,,
148.865841440,35164,,rD044,50614031,100.00,,
148.865841440,848447,,rFF44,50614031,100.00,,
148.865841440,785389147,,instructions,50614031,100.00,4.30,insn per cycle
148.865841440,182822045,,cycles,50614031,100.00,,
148.966004330,4506,,rD044,51278052,100.00,,
148.966004330,800466,,rFF44,51278052,100.00,,
148.966004330,786538707,,instructions,51286122,100.00,4.24,insn per cycle
148.966004330,185474380,,cycles,51289432,100.00,,
149.066191791,34813,,rD044,51303719,100.00,,
149.066191791,846357,,rFF44,51303719,100.00,,
149.066191791,794995277,,instructions,51295649,100.00,4.29,insn per cycle
149.066191791,185447533,,cycles,51292339,100.00,,
149.166379782,35028,,rD044,49830046,100.00,,
149.166379782,855748,,rFF44,49835736,100.00,,
149.166379782,763101788,,instructions,49840766,100.00,4.24,insn per cycle
149.166379782,179813499,,cycles,49845046,100.00,,
149.266565972,35706,,rD044,48964323,100.00,,
149.266565972,819725,,rFF44,48964413,100.00,,
149.266565972,752104059,,instructions,48964893,100.00,4.26,insn per cycle
149.266565972,176515084,,cycles,48965733,100.00,,
149.366747673,35094,,rD044,51081712,100.00,,
149.366747673,830724,,rFF44,51075932,100.00,,
149.366747673,776972837,,instructions,51070422,100.00,4.21,insn per cycle
149.366747673,184712262,,cycles,51072922,100.00,,
149.466926013,35213,,rD044,51319062,100.00,,
149.466926013,833223,,rFF44,51325342,100.00,,
149.466926013,775732182,,instructions,51329782,100.00,4.18,insn per cycle
149.466926013,185677480,,cycles,51327822,100.00,,
149.567114304,4310,,rD044,48854264,100.00,,
149.567114304,802280,,rFF44,48853564,100.00,,
149.567114304,745692274,,instructions,48854164,100.00,4.23,insn per cycle
149.567114304,176090025,,cycles,48853184,100.00,,
149.667301475,34941,,rD044,50854541,100.00,,
149.667301475,835756,,rFF44,50848961,100.00,,
149.667301475,774236544,,instructions,50843921,100.00,4.21,insn per cycle
149.667301475,183893671,,cycles,50839241,100.00,,
149.767480725,34896,,rD044,50405654,100.00,,
149.767480725,839885,,rFF44,50411194,100.00,,
149.767480725,752986857,,instructions,50416284,100.00,4.13,insn per cycle
149.767480725,182172476,,cycles,50421034,100.00,,
149.867666536,34667,,rD044,50502862,100.00,,
149.867666536,795017,,rFF44,50497322,100.00,,
149.867666536,761855936,,instructions,50492232,100.00,4.17,insn per cycle
149.867666536,182552645,,cycles,50487482,100.00,,
149.967837016,34911,,rD044,50633173,100.00,,
149.967837016,824793,,rFF44,50639123,100.00,,
149.967837016,753171696,,instructions,50644043,100.00,4.11,insn per cycle
149.967837016,183075715,,cycles,50648923,100.00,,
150.068024387,34779,,rD044,50806925,100.00,,
150.068024387,826256,,rFF44,50800975,100.00,,
150.068024387,754423212,,instructions,50796055,100.00,4.11,insn per cycle
150.068024387,183579400,,cycles,50791175,100.00,,
150.168193477,4065,,rD044,51696134,100.00,,
150.168193477,797312,,rFF44,51701934,100.00,,
150.168193477,788441045,,instructions,51706894,100.00,4.21,insn per cycle
150.168193477,187140644,,cycles,51722474,100.00,,
150.268385478,35110,,rD044,49094061,100.00,,
150.268385478,826731,,rFF44,49088261,100.00,,
150.268385478,731070920,,instructions,49083301,100.00,4.13,insn per cycle
150.268385478,176911716,,cycles,49067721,100.00,,
150.368557378,35216,,rD044,49287549,100.00,,
150.368557378,847857,,rFF44,49287549,100.00,,
150.368557378,750654372,,instructions,49287549,100.00,4.22,insn per cycle
150.368557378,177839048,,cycles,49287549,100.00,,
150.468732389,35112,,rD044,51164896,100.00,,
150.468732389,823785,,rFF44,51164896,100.00,,
150.468732389,763517683,,instructions,51164896,100.00,4.12,insn per cycle
150.468732389,185174877,,cycles,51164896,100.00,,
150.568903919,34868,,rD044,49592505,100.00,,
150.568903919,857782,,rFF44,49592505,100.00,,
150.568903919,727730407,,instructions,49592505,100.00,4.07,insn per cycle
150.568903919,178938573,,cycles,49592505,100.00,,
150.669073720,35129,,rD044,52413974,100.00,,
150.669073720,840964,,rFF44,52419814,100.00,,
150.669073720,788519411,,instructions,52424474,100.00,4.15,insn per cycle
150.669073720,190074218,,cycles,52428734,100.00,,
150.769259040,5028,,rD044,48950947,100.00,,
150.769259040,839311,,rFF44,48945107,100.00,,
150.769259040,728762131,,instructions,48940447,100.00,4.13,insn per cycle
150.769259040,176395257,,cycles,48936187,100.00,,
150.869431661,34947,,rD044,52421052,100.00,,
150.869431661,857274,,rFF44,52421052,100.00,,
150.869431661,791038763,,instructions,52421052,100.00,4.16,insn per cycle
150.869431661,190043207,,cycles,52421052,100.00,,
150.969598031,34947,,rD044,49676947,100.00,,
150.969598031,822311,,rFF44,49683307,100.00,,
150.969598031,724203882,,instructions,49688367,100.00,4.04,insn per cycle
150.969598031,179238835,,cycles,49692587,100.00,,
151.069778882,35020,,rD044,52744750,100.00,,
151.069778882,839045,,rFF44,52738390,100.00,,
151.069778882,787985265,,instructions,52733330,100.00,4.12,insn per cycle
151.069778882,191151826,,cycles,52729110,100.00,,
151.169944272,34839,,rD044,49234938,100.00,,
151.169944272,846956,,rFF44,49240878,100.00,,
151.169944272,724400000,,instructions,49246208,100.00,4.08,insn per cycle
151.169944272,177611654,,cycles,49250388,100.00,,
151.270125942,4430,,rD044,51966220,100.00,,
151.270125942,807452,,rFF44,51960280,100.00,,
151.270125942,786566299,,instructions,51954950,100.00,4.18,insn per cycle
151.270125942,188231888,,cycles,51950770,100.00,,
151.370299153,34982,,rD044,49654786,100.00,,
151.370299153,857378,,rFF44,49660626,100.00,,
151.370299153,732696352,,instructions,49665976,100.00,4.09,insn per cycle
151.370299153,179193029,,cycles,49670946,100.00,,
151.470477834,35100,,rD044,52336565,100.00,,
151.470477834,853833,,rFF44,52330725,100.00,,
151.470477834,781119021,,instructions,52325375,100.00,4.12,insn per cycle
151.470477834,189623896,,cycles,52320405,100.00,,
151.570643444,35398,,rD044,49323112,100.00,,
151.570643444,824024,,rFF44,49328822,100.00,,
151.570643444,730767480,,instructions,49333702,100.00,4.11,insn per cycle
151.570643444,177918722,,cycles,49338682,100.00,,
151.670822134,35051,,rD044,52620379,100.00,,
151.670822134,833683,,rFF44,52622419,100.00,,
151.670822134,780957976,,instructions,52621069,100.00,4.10,insn per cycle
151.670822134,190664216,,cycles,52616089,100.00,,
151.771010005,35077,,rD044,49088811,100.00,,
151.771010005,846836,,rFF44,49081061,100.00,,
151.771010005,725718156,,instructions,49077531,100.00,4.10,insn per cycle
151.771010005,176972870,,cycles,49077531,100.00,,
151.871184405,4926,,rD044,52048545,100.00,,
151.871184405,815763,,rFF44,52048545,100.00,,
151.871184405,789504202,,instructions,52048545,100.00,4.19,insn per cycle
151.871184405,188578366,,cycles,52048545,100.00,,
151.971370826,35530,,rD044,49525867,100.00,,
151.971370826,864683,,rFF44,49531767,100.00,,
151.971370826,726496104,,instructions,49537357,100.00,4.07,insn per cycle
151.971370826,178648523,,cycles,49541497,100.00,,
152.071548736,35252,,rD044,52817265,100.00,,
152.071548736,858449,,rFF44,52811365,100.00,,
152.071548736,789412035,,instructions,52805775,100.00,4.12,insn per cycle
152.071548736,191424922,,cycles,52801635,100.00,,
152.171720267,35288,,rD044,49718128,100.00,,
152.171720267,817806,,rFF44,49723788,100.00,,
152.171720267,730895581,,instructions,49728908,100.00,4.07,insn per cycle
152.171720267,179398830,,cycles,49733238,100.00,,
152.271903628,35379,,rD044,52519075,100.00,,
152.271903628,840107,,rFF44,52513415,100.00,,
152.271903628,787665025,,instructions,52508295,100.00,4.14,insn per cycle
152.271903628,190270622,,cycles,52503965,100.00,,
152.372076538,4673,,rD044,50107372,100.00,,
152.372076538,828299,,rFF44,50113462,100.00,,
152.372076538,743135944,,instructions,50119352,100.00,4.11,insn per cycle
152.372076538,180911478,,cycles,50124332,100.00,,
152.472265029,35079,,rD044,51815074,100.00,,
152.472265029,855865,,rFF44,51808984,100.00,,
152.472265029,776120001,,instructions,51803094,100.00,4.14,insn per cycle
152.472265029,187536125,,cycles,51798114,100.00,,
152.572433259,34912,,rD044,51031726,100.00,,
152.572433259,869166,,rFF44,51037616,100.00,,
152.572433259,752358797,,instructions,51042656,100.00,4.08,insn per cycle
152.572433259,184515437,,cycles,51046676,100.00,,
152.672619540,34982,,rD044,51483731,100.00,,
152.672619540,824508,,rFF44,51477841,100.00,,
152.672619540,765201537,,instructions,51472801,100.00,4.11,insn per cycle
152.672619540,186176741,,cycles,51468781,100.00,,
152.772790400,34953,,rD044,51094650,100.00,,
152.772790400,846188,,rFF44,51100130,100.00,,
152.772790400,759272346,,instructions,51105860,100.00,4.11,insn per cycle
152.772790400,184826856,,cycles,51110280,100.00,,
152.872978681,34923,,rD044,51033941,100.00,,
152.872978681,849871,,rFF44,51028461,100.00,,
152.872978681,756147342,,instructions,51022731,100.00,4.10,insn per cycle
152.872978681,184457400,,cycles,51018311,100.00,,
152.973143321,35686,,rD044,51617167,100.00,,
152.973143321,882002,,rFF44,51622517,100.00,,
152.973143321,794562739,,instructions,51627257,100.00,4.25,insn per cycle
152.973143321,186794646,,cycles,51631627,100.00,,
153.073333622,1414623,,rD044,75896508,100.00,,
153.073333622,18769805,,rFF44,75897508,100.00,,
153.073333622,1213552391,,instructions,75897378,100.00,4.31,insn per cycle
153.073333622,281268651,,cycles,75897798,100.00,,
153.173518172,2444122,,rD044,100183036,100.00,,
153.173518172,33861767,,rFF44,100182746,100.00,,
153.173518172,1633783617,,instructions,100183476,100.00,4.35,insn per cycle
153.173518172,375689976,,cycles,100184356,100.00,,
153.273702693,1751161,,rD044,100184165,100.00,,
153.273702693,28541954,,rFF44,100184355,100.00,,
153.273702693,1751976668,,instructions,100183535,100.00,4.66,insn per cycle
153.273702693,375683952,,cycles,100182745,100.00,,
153.373888254,1674625,,rD044,100185286,100.00,,
153.373888254,29755213,,rFF44,100185246,100.00,,
153.373888254,1674553731,,instructions,100185956,100.00,4.46,insn per cycle
153.373888254,375695822,,cycles,100186106,100.00,,
153.474075374,526670,,rD044,100185535,100.00,,
153.474075374,14638644,,rFF44,100184775,100.00,,
153.474075374,970461873,,instructions,100184935,100.00,2.58,insn per cycle
153.474075374,375690293,,cycles,100184245,100.00,,
153.574257575,53521,,rD044,100181096,100.00,,
153.574257575,7479427,,rFF44,100181486,100.00,,
153.574257575,660926281,,instructions,100180516,100.00,1.76,insn per cycle
153.574257575,375678266,,cycles,100181146,100.00,,
153.674436755,572994,,rD044,100178665,100.00,,
153.674436755,16470909,,rFF44,100178755,100.00,,
153.674436755,1046827853,,instructions,100179415,100.00,2.79,insn per cycle
153.674436755,375671058,,cycles,100179315,100.00,,
153.774619986,25456,,rD044,100161596,100.00,,
153.774619986,7014173,,rFF44,100161216,100.00,,
153.774619986,634107393,,instructions,100160696,100.00,1.69,insn per cycle
153.774619986,375573494,,cycles,100160616,100.00,,
153.874804746,102064,,rD044,100183235,100.00,,
153.874804746,8077083,,rFF44,100183285,100.00,,
153.874804746,675550166,,instructions,100183785,100.00,1.80,insn per cycle
153.874804746,375687600,,cycles,100183926,100.00,,
153.974986077,84371,,rD044,100180536,100.00,,
153.974986077,8344253,,rFF44,100180686,100.00,,
153.974986077,684616594,,instructions,100179716,100.00,1.82,insn per cycle
153.974986077,375673534,,cycles,100179905,100.00,,
154.075163728,42066,,rD044,100177125,100.00,,
154.075163728,7208633,,rFF44,100176855,100.00,,
154.075163728,638782163,,instructions,100177436,100.00,1.70,insn per cycle
154.075163728,375661453,,cycles,100176786,100.00,,
154.175350978,305877,,rD044,100186576,100.00,,
154.175350978,10187519,,rFF44,100187016,100.00,,
154.175350978,747817215,,instructions,100187765,100.00,1.99,insn per cycle
154.175350978,375707829,,cycles,100189115,100.00,,
154.275530709,94502,,rD044,100179256,100.00,,
154.275530709,8539429,,rFF44,100179446,100.00,,
154.275530709,690664374,,instructions,100178266,100.00,1.84,insn per cycle
154.275530709,375662276,,cycles,100176956,100.00,,
154.375710579,35834,,rD044,100179265,100.00,,
154.375710579,6996968,,rFF44,100178795,100.00,,
154.375710579,639327482,,instructions,100179095,100.00,1.70,insn per cycle
154.375710579,375670590,,cycles,100179185,100.00,,
154.475897780,73195,,rD044,100186616,100.00,,
154.475897780,8520774,,rFF44,100186646,100.00,,
154.475897780,690244942,,instructions,100187236,100.00,1.84,insn per cycle
154.475897780,375697351,,cycles,100187006,100.00,,
154.576084941,29910,,rD044,100185305,100.00,,
154.576084941,7040396,,rFF44,100185545,100.00,,
154.576084941,632634552,,instructions,100185405,100.00,1.68,insn per cycle
154.576084941,375697731,,cycles,100186535,100.00,,
154.676271521,84399,,rD044,100186496,100.00,,
154.676271521,7734054,,rFF44,100188216,100.00,,
154.676271521,651207350,,instructions,100188016,100.00,1.73,insn per cycle
154.676271521,375699878,,cycles,100187006,100.00,,
154.776455822,1182715,,rD044,100146235,100.00,,
154.776455822,19528811,,rFF44,100144035,100.00,,
154.776455822,1060118054,,instructions,100143615,100.00,2.82,insn per cycle
154.776455822,375510781,,cycles,100143805,100.00,,
154.876641452,1242150,,rD044,100186346,100.00,,
154.876641452,25032389,,rFF44,100187636,100.00,,
154.876641452,1433011777,,instructions,100188016,100.00,3.81,insn per cycle
154.876641452,375705298,,cycles,100188436,100.00,,
154.976830933,363701,,rD044,100188235,100.00,,
154.976830933,13752085,,rFF44,100186965,100.00,,
154.976830933,872140926,,instructions,100187005,100.00,2.32,insn per cycle
154.976830933,375697014,,cycles,100186165,100.00,,
155.077018363,53565,,rD044,100186326,100.00,,
155.077018363,7111830,,rFF44,100186466,100.00,,
155.077018363,630403137,,instructions,100185786,100.00,1.68,insn per cycle
155.077018363,375695878,,cycles,100185926,100.00,,
155.177202684,51807,,rD044,100183385,100.00,,
155.177202684,7224251,,rFF44,100194765,100.00,,
155.177202684,615848936,,instructions,100195595,100.00,1.64,insn per cycle
155.177202684,375735791,,cycles,100196615,100.00,,
155.277399795,18335,,rD044,100196516,100.00,,
155.277399795,6971277,,rFF44,100185236,100.00,,
155.277399795,627422171,,instructions,100184566,100.00,1.67,insn per cycle
155.277399795,375690386,,cycles,100184466,100.00,,
155.377584355,215591,,rD044,100183905,100.00,,
155.377584355,8985244,,rFF44,100183865,100.00,,
155.377584355,703830924,,instructions,100183795,100.00,1.87,insn per cycle
155.377584355,375684968,,cycles,100183015,100.00,,
155.477770426,32586,,rD044,100185186,100.00,,
155.477770426,7407521,,rFF44,100186336,100.00,,
155.477770426,643653611,,instructions,100186606,100.00,1.71,insn per cycle
155.477770426,375699294,,cycles,100186836,100.00,,
155.577953767,118560,,rD044,100182365,100.00,,
155.577953767,9045983,,rFF44,100181705,100.00,,
155.577953767,702677765,,instructions,100181465,100.00,1.87,insn per cycle
155.577953767,375677107,,cycles,100181666,100.00,,
155.678131077,65197,,rD044,100157776,100.00,,
155.678131077,7448342,,rFF44,100157316,100.00,,
155.678131077,652054530,,instructions,100157746,100.00,1.74,insn per cycle
155.678131077,375562836,,cycles,100158165,100.00,,
155.778312128,48826,,rD044,100180485,100.00,,
155.778312128,7208144,,rFF44,100180835,100.00,,
155.778312128,652145957,,instructions,100181156,100.00,1.74,insn per cycle
155.778312128,375676152,,cycles,100180606,100.00,,
155.878495728,986316,,rD044,100183446,100.00,,
155.878495728,19432015,,rFF44,100183796,100.00,,
155.878495728,1080004953,,instructions,100183745,100.00,2.87,insn per cycle
155.878495728,375686582,,cycles,100183495,100.00,,
155.978682849,126443,,rD044,100186046,100.00,,
155.978682849,8025947,,rFF44,100185826,100.00,,
155.978682849,657679898,,instructions,100186136,100.00,1.75,insn per cycle
155.978682849,375696117,,cycles,100185936,100.00,,
156.078866599,568267,,rD044,100183075,100.00,,
156.078866599,14444504,,rFF44,100183125,100.00,,
156.078866599,917097525,,instructions,100183035,100.00,2.44,insn per cycle
156.078866599,375686605,,cycles,100183505,100.00,,
156.179046160,255239,,rD044,100178666,100.00,,
156.179046160,11542630,,rFF44,100178326,100.00,,
156.179046160,831967099,,instructions,100177626,100.00,2.21,insn per cycle
156.179046160,375665646,,cycles,100177676,100.00,,
156.279235271,50945,,rD044,100178185,100.00,,
156.279235271,7577740,,rFF44,100177765,100.00,,
156.279235271,646534212,,instructions,100177595,100.00,1.72,insn per cycle
156.279235271,375636119,,cycles,100177295,100.00,,
156.379413411,163844,,rD044,100177846,100.00,,
156.379413411,8583677,,rFF44,100177796,100.00,,
156.379413411,687912784,,instructions,100177916,100.00,1.83,insn per cycle
156.379413411,375664470,,cycles,100177546,100.00,,
156.479593872,30796,,rD044,100179065,100.00,,
156.479593872,7382319,,rFF44,100179545,100.00,,
156.479593872,639735132,,instructions,100179655,100.00,1.70,insn per cycle
156.479593872,375675858,,cycles,100180335,100.00,,
156.579773582,23116,,rD044,100178666,100.00,,
156.579773582,6230785,,rFF44,100178806,100.00,,
156.579773582,578461407,,instructions,100178486,100.00,1.54,insn per cycle
156.579773582,375665530,,cycles,100178076,100.00,,
156.679948303,113060,,rD044,100174735,100.00,,
156.679948303,8951061,,rFF44,100174895,100.00,,
156.679948303,686786533,,instructions,100175965,100.00,1.83,insn per cycle
156.679948303,375658520,,cycles,100175965,100.00,,
156.780128023,161712,,rD044,100161236,100.00,,
156.780128023,9232378,,rFF44,100160596,100.00,,
156.780128023,713260350,,instructions,100159786,100.00,1.90,insn per cycle
156.780128023,375570279,,cycles,100159736,100.00,,
156.880304714,94010,,rD044,100175465,100.00,,
156.880304714,9399088,,rFF44,100175875,100.00,,
156.880304714,716594362,,instructions,100175915,100.00,1.91,insn per cycle
156.880304714,375657220,,cycles,100175615,100.00,,
156.980484254,8534,,rD044,100179586,100.00,,
156.980484254,5962482,,rFF44,100179746,100.00,,
156.980484254,553686970,,instructions,100179686,100.00,1.47,insn per cycle
156.980484254,375672688,,cycles,100179676,100.00,,
157.080660955,44760,,rD044,100175345,100.00,,
157.080660955,7259442,,rFF44,100175175,100.00,,
157.080660955,609555487,,instructions,100175095,100.00,1.62,insn per cycle
157.080660955,375657137,,cycles,100175605,100.00,,
157.180846595,8861,,rD044,100184536,100.00,,
157.180846595,6471664,,rFF44,100184476,100.00,,
157.180846595,561934266,,instructions,100184456,100.00,1.50,insn per cycle
157.180846595,375689971,,cycles,100184396,100.00,,
157.281030056,7209,,rD044,100183615,100.00,,
157.281030056,5960120,,rFF44,100183925,100.00,,
157.281030056,555860608,,instructions,100185025,100.00,1.48,insn per cycle
157.281030056,375694614,,cycles,100185595,100.00,,
157.381230457,263107,,rD044,100199826,100.00,,
157.381230457,11395619,,rFF44,100199746,100.00,,
157.381230457,789447304,,instructions,100199096,100.00,2.10,insn per cycle
157.381230457,375747860,,cycles,100199696,100.00,,
157.481416637,9428,,rD044,100184345,100.00,,
157.481416637,6234421,,rFF44,100183655,100.00,,
157.481416637,568929141,,instructions,100183735,100.00,1.51,insn per cycle
157.481416637,375683209,,cycles,100182615,100.00,,
157.581600508,25424,,rD044,100182526,100.00,,
157.581600508,6861214,,rFF44,100182996,100.00,,
157.581600508,598657132,,instructions,100182476,100.00,1.59,insn per cycle
157.581600508,375682034,,cycles,100182246,100.00,,
157.681784318,114471,,rD044,100167895,100.00,,
157.681784318,10690208,,rFF44,100168005,100.00,,
157.681784318,765121045,,instructions,100168295,100.00,2.04,insn per cycle
157.681784318,375601608,,cycles,100168545,100.00,,
157.781968369,60070,,rD044,100183676,100.00,,
157.781968369,6742442,,rFF44,100183726,100.00,,
157.781968369,587750921,,instructions,100184056,100.00,1.56,insn per cycle
157.781968369,375689032,,cycles,100184106,100.00,,
157.882153210,82447,,rD044,100183885,100.00,,
157.882153210,8526403,,rFF44,100183595,100.00,,
157.882153210,690040959,,instructions,100183635,100.00,1.84,insn per cycle
157.882153210,375689367,,cycles,100184115,100.00,,
157.982353230,22609,,rD044,100198676,100.00,,
157.982353230,6396338,,rFF44,100199326,100.00,,
157.982353230,609387612,,instructions,100198506,100.00,1.62,insn per cycle
157.982353230,375741921,,cycles,100198266,100.00,,
158.082539631,22637,,rD044,100186126,100.00,,
158.082539631,7751893,,rFF44,100185226,100.00,,
158.082539631,657042962,,instructions,100185466,100.00,1.75,insn per cycle
158.082539631,375693248,,cycles,100185216,100.00,,
158.182724832,19864,,rD044,100184305,100.00,,
158.182724832,6590633,,rFF44,100184795,100.00,,
158.182724832,567779236,,instructions,100184755,100.00,1.51,insn per cycle
158.182724832,375689569,,cycles,100184245,100.00,,
158.282907622,6456,,rD044,100181886,100.00,,
158.282907622,6132668,,rFF44,100181456,100.00,,
158.282907622,568251907,,instructions,100181686,100.00,1.51,insn per cycle
158.282907622,375681865,,cycles,100182186,100.00,,
158.383088113,716184,,rD044,100180085,100.00,,
158.383088113,26574600,,rFF44,100180165,100.00,,
158.383088113,1557526507,,instructions,100180215,100.00,4.15,insn per cycle
158.383088113,375675013,,cycles,100180355,100.00,,
158.483270683,645475,,rD044,100182426,100.00,,
158.483270683,26048746,,rFF44,100182606,100.00,,
158.483270683,1529129730,,instructions,100182276,100.00,4.07,insn per cycle
158.483270683,375682704,,cycles,100182406,100.00,,
158.583457224,1741434,,rD044,100185835,100.00,,
158.583457224,28710501,,rFF44,100186575,100.00,,
158.583457224,1731568948,,instructions,100187195,100.00,4.61,insn per cycle
158.583457224,375702336,,cycles,100187665,100.00,,
158.683643315,1465829,,rD044,100184656,100.00,,
158.683643315,25404688,,rFF44,100183486,100.00,,
158.683643315,1422695484,,instructions,100182916,100.00,3.79,insn per cycle
158.683643315,375682290,,cycles,100182286,100.00,,
158.783822195,102450,,rD044,100158365,100.00,,
158.783822195,8790927,,rFF44,100158295,100.00,,
158.783822195,725487169,,instructions,100158535,100.00,1.93,insn per cycle
158.783822195,375564893,,cycles,100157895,100.00,,
158.884002586,39499,,rD044,100179336,100.00,,
158.884002586,7150453,,rFF44,100179406,100.00,,
158.884002586,614548770,,instructions,100178966,100.00,1.64,insn per cycle
158.884002586,375670634,,cycles,100179246,100.00,,
158.984184246,246993,,rD044,100181975,100.00,,
158.984184246,10384087,,rFF44,100181875,100.00,,
158.984184246,764273664,,instructions,100182425,100.00,2.03,insn per cycle
158.984184246,375683234,,cycles,100182755,100.00,,
159.084379117,222575,,rD044,100192936,100.00,,
159.084379117,11771394,,rFF44,100193276,100.00,,
159.084379117,809510052,,instructions,100192886,100.00,2.15,insn per cycle
159.084379117,375720942,,cycles,100192346,100.00,,
159.184558987,25203,,rD044,100179185,100.00,,
159.184558987,6614180,,rFF44,100179385,100.00,,
159.184558987,585368089,,instructions,100179205,100.00,1.56,insn per cycle
159.184558987,375670466,,cycles,100179205,100.00,,
159.284731558,33138,,rD044,100171366,100.00,,
159.284731558,7057996,,rFF44,100171036,100.00,,
159.284731558,595913895,,instructions,100171426,100.00,1.59,insn per cycle
159.284731558,375645133,,cycles,100172386,100.00,,
159.384911879,23376,,rD044,100180095,100.00,,
159.384911879,7352005,,rFF44,100180455,100.00,,
159.384911879,637594223,,instructions,100180415,100.00,1.70,insn per cycle
159.384911879,375672528,,cycles,100179695,100.00,,
159.485090329,18901,,rD044,100177056,100.00,,
159.485090329,6714848,,rFF44,100176846,100.00,,
159.485090329,593579685,,instructions,100176546,100.00,1.58,insn per cycle
159.485090329,375662312,,cycles,100176966,100.00,,
159.585269829,23799,,rD044,100179215,100.00,,
159.585269829,6499157,,rFF44,100179115,100.00,,
159.585269829,555410752,,instructions,100179405,100.00,1.48,insn per cycle
159.585269829,375670303,,cycles,100179115,100.00,,
159.685447400,59802,,rD044,100176616,100.00,,
159.685447400,7388573,,rFF44,100176946,100.00,,
159.685447400,633379187,,instructions,100176946,100.00,1.69,insn per cycle
159.685447400,375662813,,cycles,100177106,100.00,,
159.785625741,50096,,rD044,100158495,100.00,,
159.785625741,7292897,,rFF44,100158185,100.00,,
159.785625741,629854502,,instructions,100158395,100.00,1.68,insn per cycle
159.785625741,375563795,,cycles,100157675,100.00,,
159.885803201,82397,,rD044,100178086,100.00,,
159.885803201,8573211,,rFF44,100178206,100.00,,
159.885803201,706320456,,instructions,100178056,100.00,1.88,insn per cycle
159.885803201,375667560,,cycles,100178366,100.00,,
159.985988432,634486,,rD044,100184185,100.00,,
159.985988432,21193191,,rFF44,100184375,100.00,,
159.985988432,1390740286,,instructions,100184995,100.00,3.70,insn per cycle
159.985988432,375694093,,cycles,100185445,100.00,,
160.086177302,900175,,rD044,100187216,100.00,,
160.086177302,21362665,,rFF44,100187006,100.00,,
160.086177302,1192577716,,instructions,100186616,100.00,3.17,insn per cycle
160.086177302,375697611,,cycles,100186386,100.00,,
160.186372533,69279,,rD044,100194105,100.00,,
160.186372533,8960359,,rFF44,100194875,100.00,,
160.186372533,707801453,,instructions,100194045,100.00,1.88,insn per cycle
160.186372533,375727604,,cycles,100194385,100.00,,
160.286559944,30900,,rD044,100176726,100.00,,
160.286559944,6595833,,rFF44,100176036,100.00,,
160.286559944,604291180,,instructions,100177156,100.00,1.61,insn per cycle
160.286559944,375634809,,cycles,100176666,100.00,,
160.386744814,49428,,rD044,100185035,100.00,,
160.386744814,7387312,,rFF44,100185366,100.00,,
160.386744814,629604292,,instructions,100185506,100.00,1.68,insn per cycle
160.386744814,375696053,,cycles,100185966,100.00,,
160.486932235,144994,,rD044,100186026,100.00,,
160.486932235,9475545,,rFF44,100185725,100.00,,
160.486932235,694364217,,instructions,100185405,100.00,1.85,insn per cycle
160.486932235,375692825,,cycles,100185095,100.00,,
160.587117525,6261,,rD044,100184336,100.00,,
160.587117525,5924087,,rFF44,100184126,100.00,,
160.587117525,544873289,,instructions,100183566,100.00,1.45,insn per cycle
160.587117525,375687958,,cycles,100183826,100.00,,
160.687302516,150329,,rD044,100163705,100.00,,
160.687302516,10714101,,rFF44,100163765,100.00,,
160.687302516,758425024,,instructions,100163835,100.00,2.02,insn per cycle
160.687302516,375578960,,cycles,100163975,100.00,,
160.787488897,5605,,rD044,100186046,100.00,,
160.787488897,5622712,,rFF44,100186226,100.00,,
160.787488897,538356051,,instructions,100186306,100.00,1.43,insn per cycle
160.787488897,375697186,,cycles,100186216,100.00,,
160.887671337,81404,,rD044,100182495,100.00,,
160.887671337,9069707,,rFF44,100182655,100.00,,
160.887671337,693422330,,instructions,100182775,100.00,1.85,insn per cycle
160.887671337,375682225,,cycles,100182335,100.00,,
160.987857848,6359,,rD044,100185376,100.00,,
160.987857848,5756461,,rFF44,100186116,100.00,,
160.987857848,548171840,,instructions,100185876,100.00,1.46,insn per cycle
160.987857848,375697757,,cycles,100186426,100.00,,
161.088040088,16073,,rD044,100180945,100.00,,
161.088040088,6924992,,rFF44,100179785,100.00,,
161.088040088,583419508,,instructions,100180535,100.00,1.55,insn per cycle
161.088040088,375674814,,cycles,100180305,100.00,,
161.188227349,10928,,rD044,100185646,100.00,,
161.188227349,6381090,,rFF44,100185606,100.00,,
161.188227349,549144750,,instructions,100185426,100.00,1.46,insn per cycle
161.188227349,375694856,,cycles,100185656,100.00,,
161.288409860,6673,,rD044,100181575,100.00,,
161.288409860,5682920,,rFF44,100181595,100.00,,
161.288409860,542494939,,instructions,100180915,100.00,1.44,insn per cycle
161.288409860,375673987,,cycles,100180015,100.00,,
161.388590150,155778,,rD044,100180666,100.00,,
161.388590150,10746778,,rFF44,100181276,100.00,,
161.388590150,795043788,,instructions,100181646,100.00,2.12,insn per cycle
161.388590150,375681014,,cycles,100181976,100.00,,
161.488772111,81034,,rD044,100181085,100.00,,
161.488772111,8196209,,rFF44,100181285,100.00,,
161.488772111,666604785,,instructions,100180755,100.00,1.77,insn per cycle
161.488772111,375676846,,cycles,100180895,100.00,,
161.588956561,84214,,rD044,100183676,100.00,,
161.588956561,7184368,,rFF44,100182656,100.00,,
161.588956561,622001949,,instructions,100183136,100.00,1.66,insn per cycle
161.588956561,375683875,,cycles,100182736,100.00,,
161.689137612,18045,,rD044,100179925,100.00,,
161.689137612,7111517,,rFF44,100179875,100.00,,
161.689137612,623683553,,instructions,100179495,100.00,1.66,insn per cycle
161.689137612,375676519,,cycles,100180755,100.00,,
161.789327662,172158,,rD044,100161006,100.00,,
161.789327662,9078268,,rFF44,100161306,100.00,,
161.789327662,686322843,,instructions,100161506,100.00,1.83,insn per cycle
161.789327662,375574734,,cycles,100160996,100.00,,
161.889504743,506084,,rD044,100175885,100.00,,
161.889504743,21257588,,rFF44,100176445,100.00,,
161.889504743,1169728563,,instructions,100176235,100.00,3.11,insn per cycle
161.889504743,375658337,,cycles,100175915,100.00,,
161.989687074,177376,,rD044,100181216,100.00,,
161.989687074,10500762,,rFF44,100179996,100.00,,
161.989687074,730533857,,instructions,100180016,100.00,1.94,insn per cycle
161.989687074,375674582,,cycles,100180256,100.00,,
162.089866414,6483,,rD044,100177755,100.00,,
162.089866414,6079300,,rFF44,100178415,100.00,,
162.089866414,559655321,,instructions,100178965,100.00,1.49,insn per cycle
162.089866414,375667836,,cycles,100178375,100.00,,
162.190047825,30393,,rD044,100181886,100.00,,
162.190047825,6483634,,rFF44,100181966,100.00,,
162.190047825,586762254,,instructions,100181726,100.00,1.56,insn per cycle
162.190047825,375681076,,cycles,100182036,100.00,,
162.290224595,78647,,rD044,100175145,100.00,,
162.290224595,8222679,,rFF44,100175235,100.00,,
162.290224595,644965728,,instructions,100175145,100.00,1.72,insn per cycle
162.290224595,375658737,,cycles,100176025,100.00,,
162.390400806,43907,,rD044,100176006,100.00,,
162.390400806,7604411,,rFF44,100175826,100.00,,
162.390400806,613268115,,instructions,100176276,100.00,1.63,insn per cycle
162.390400806,375657154,,cycles,100175366,100.00,,
162.490578016,23427,,rD044,100176755,100.00,,
162.490578016,5970686,,rFF44,100176595,100.00,,
162.490578016,562401935,,instructions,100176415,100.00,1.50,insn per cycle
162.490578016,375658931,,cycles,100176305,100.00,,
162.590754807,18089,,rD044,100175586,100.00,,
162.590754807,6441475,,rFF44,100175786,100.00,,
162.590754807,568935986,,instructions,100175336,100.00,1.51,insn per cycle
162.590754807,375657060,,cycles,100175556,100.00,,
162.690937567,339664,,rD044,100181815,100.00,,
162.690937567,14835674,,rFF44,100182025,100.00,,
162.690937567,881027341,,instructions,100182345,100.00,2.35,insn per cycle
162.690937567,375681963,,cycles,100182165,100.00,,
162.791121478,24653,,rD044,100154626,100.00,,
162.791121478,6238972,,rFF44,100154696,100.00,,
162.791121478,545862147,,instructions,100154336,100.00,1.45,insn per cycle
162.791121478,375551878,,cycles,100154506,100.00,,
162.891295788,36098,,rD044,100172095,100.00,,
162.891295788,6626094,,rFF44,100172165,100.00,,
162.891295788,585229257,,instructions,100172845,100.00,1.56,insn per cycle
162.891295788,375647108,,cycles,100172675,100.00,,
162.991478199,80702,,rD044,100183136,100.00,,
162.991478199,8044209,,rFF44,100183646,100.00,,
162.991478199,620535042,,instructions,100183206,100.00,1.65,insn per cycle
162.991478199,375686346,,cycles,100183616,100.00,,
163.091668010,3051,,rD044,100188515,100.00,,
163.091668010,5183069,,rFF44,100187426,100.00,,
163.091668010,498665688,,instructions,100187526,100.00,1.33,insn per cycle
163.091668010,375702980,,cycles,100187826,100.00,,
163.191854580,40803,,rD044,100185406,100.00,,
163.191854580,7142350,,rFF44,100185915,100.00,,
163.191854580,602898208,,instructions,100185595,100.00,1.60,insn per cycle
163.191854580,375693440,,cycles,100185275,100.00,,
163.292041431,49528,,rD044,100187016,100.00,,
163.292041431,7385873,,rFF44,100186396,100.00,,
163.292041431,598259654,,instructions,100186666,100.00,1.59,insn per cycle
163.292041431,375699417,,cycles,100186866,100.00,,
163.392225411,55341,,rD044,100181645,100.00,,
163.392225411,7175087,,rFF44,100181915,100.00,,
163.392225411,589039976,,instructions,100181405,100.00,1.57,insn per cycle
163.392225411,375678303,,cycles,100181225,100.00,,
163.492406662,31073,,rD044,100181606,100.00,,
163.492406662,7152946,,rFF44,100182156,100.00,,
163.492406662,612076874,,instructions,100182106,100.00,1.63,insn per cycle
163.492406662,375679405,,cycles,100181536,100.00,,
163.592586782,24106,,rD044,100179575,100.00,,
163.592586782,6237381,,rFF44,100179695,100.00,,
163.592586782,565249406,,instructions,100180495,100.00,1.50,insn per cycle
163.592586782,375676733,,cycles,100180755,100.00,,
163.692772783,292461,,rD044,100155285,100.00,,
163.692772783,14161861,,rFF44,100154355,100.00,,
163.692772783,830763853,,instructions,100154015,100.00,2.21,insn per cycle
163.692772783,375551408,,cycles,100154325,100.00,,
163.792953124,6891,,rD044,100179005,100.00,,
163.792953124,6605561,,rFF44,100179595,100.00,,
163.792953124,567199369,,instructions,100179785,100.00,1.51,insn per cycle
163.792953124,375671370,,cycles,100179375,100.00,,
163.893135674,8826,,rD044,100182436,100.00,,
163.893135674,5826424,,rFF44,100182666,100.00,,
163.893135674,530055355,,instructions,100182996,100.00,1.41,insn per cycle
163.893135674,375684693,,cycles,100182866,100.00,,
163.993330375,2358,,rD044,100194535,100.00,,
163.993330375,5395809,,rFF44,100194105,100.00,,
163.993330375,505268708,,instructions,100193805,100.00,1.34,insn per cycle
163.993330375,375724214,,cycles,100193505,100.00,,
164.093511205,41412,,rD044,100179956,100.00,,
164.093511205,7912125,,rFF44,100181026,100.00,,
164.093511205,630894874,,instructions,100180536,100.00,1.68,insn per cycle
164.093511205,375674918,,cycles,100180326,100.00,,
164.193695336,128737,,rD044,100183165,100.00,,
164.193695336,14262085,,rFF44,100182445,100.00,,
164.193695336,900351126,,instructions,100182665,100.00,2.40,insn per cycle
164.193695336,375686705,,cycles,100183545,100.00,,
164.293885457,9652,,rD044,100178636,100.00,,
164.293885457,5896782,,rFF44,100178606,100.00,,
164.293885457,522780259,,instructions,100179146,100.00,1.39,insn per cycle
164.293885457,375644213,,cycles,100180006,100.00,,
164.394068157,17245,,rD044,100182325,100.00,,
164.394068157,6152106,,rFF44,100182175,100.00,,
164.394068157,558677737,,instructions,100181155,100.00,1.49,insn per cycle
164.394068157,375673716,,cycles,100180005,100.00,,
164.494247488,20941,,rD044,100178246,100.00,,
164.494247488,6641747,,rFF44,100178036,100.00,,
164.494247488,616564137,,instructions,100178476,100.00,1.64,insn per cycle
164.494247488,375669115,,cycles,100178786,100.00,,
164.594428748,98863,,rD044,100181045,100.00,,
164.594428748,9965614,,rFF44,100181595,100.00,,
164.594428748,684507977,,instructions,100182275,100.00,1.82,insn per cycle
164.594428748,375681749,,cycles,100182155,100.00,,
164.694611169,7931,,rD044,100180686,100.00,,
164.694611169,5580704,,rFF44,100179936,100.00,,
164.694611169,529469637,,instructions,100179926,100.00,1.41,insn per cycle
164.694611169,375672776,,cycles,100179766,100.00,,
164.794792699,33165,,rD044,100157585,100.00,,
164.794792699,7743861,,rFF44,100157925,100.00,,
164.794792699,609797951,,instructions,100157205,100.00,1.62,insn per cycle
164.794792699,375563431,,cycles,100158655,100.00,,
164.894968460,3680,,rD044,100175436,100.00,,
164.894968460,5771222,,rFF44,100175716,100.00,,
164.894968460,536073043,,instructions,100175966,100.00,1.43,insn per cycle
164.894968460,375653423,,cycles,100174606,100.00,,
164.995147590,2813,,rD044,100178635,100.00,,
164.995147590,5449892,,rFF44,100179205,100.00,,
164.995147590,518120409,,instructions,100179495,100.00,1.38,insn per cycle
164.995147590,375674431,,cycles,100180195,100.00,,
165.095340431,177874,,rD044,100191986,100.00,,
165.095340431,9565367,,rFF44,100191326,100.00,,
165.095340431,722654938,,instructions,100190976,100.00,1.92,insn per cycle
165.095340431,375713992,,cycles,100190766,100.00,,
165.195524442,64226,,rD044,100183375,100.00,,
165.195524442,8715305,,rFF44,100183336,100.00,,
165.195524442,690062777,,instructions,100183846,100.00,1.84,insn per cycle
165.195524442,375687135,,cycles,100183586,100.00,,
165.295705462,43307,,rD044,100179646,100.00,,
165.295705462,7349852,,rFF44,100179765,100.00,,
165.295705462,628410426,,instructions,100179345,100.00,1.67,insn per cycle
165.295705462,375671700,,cycles,100179475,100.00,,
165.395890093,15619,,rD044,100184256,100.00,,
165.395890093,6573750,,rFF44,100184236,100.00,,
165.395890093,622472718,,instructions,100183986,100.00,1.66,insn per cycle
165.395890093,375687989,,cycles,100183816,100.00,,
165.496075843,671041,,rD044,100184865,100.00,,
165.496075843,19090070,,rFF44,100185085,100.00,,
165.496075843,1261905185,,instructions,100185485,100.00,3.36,insn per cycle
165.496075843,375693621,,cycles,100185325,100.00,,
165.596257414,826039,,rD044,100180446,100.00,,
165.596257414,25158989,,rFF44,100180166,100.00,,
165.596257414,1370432128,,instructions,100179746,100.00,3.65,insn per cycle
165.596257414,375674602,,cycles,100180256,100.00,,
165.696441355,1400179,,rD044,100165015,100.00,,
165.696441355,27950081,,rFF44,100164775,100.00,,
165.696441355,1458887799,,instructions,100165365,100.00,3.88,insn per cycle
165.696441355,375589981,,cycles,100164945,100.00,,
165.796627025,460020,,rD044,100185616,100.00,,
165.796627025,14691503,,rFF44,100185926,100.00,,
165.796627025,951922430,,instructions,100185816,100.00,2.53,insn per cycle
165.796627025,375692229,,cycles,100185746,100.00,,
165.896814936,220276,,rD044,100186145,100.00,,
165.896814936,10836125,,rFF44,100186195,100.00,,
165.896814936,799216765,,instructions,100185605,100.00,2.13,insn per cycle
165.896814936,375693180,,cycles,100185225,100.00,,
165.996998636,12924,,rD044,100182906,100.00,,
165.996998636,7242774,,rFF44,100182466,100.00,,
165.996998636,663325936,,instructions,100182886,100.00,1.77,insn per cycle
165.996998636,375684702,,cycles,100182926,100.00,,
166.097182527,106225,,rD044,100183905,100.00,,
166.097182527,9479545,,rFF44,100183705,100.00,,
166.097182527,789334451,,instructions,100183775,100.00,2.10,insn per cycle
166.097182527,375691422,,cycles,100184725,100.00,,
166.197381548,62951,,rD044,100197126,100.00,,
166.197381548,7964199,,rFF44,100197276,100.00,,
166.197381548,691178375,,instructions,100197286,100.00,1.84,insn per cycle
166.197381548,375739069,,cycles,100197456,100.00,,
166.297566018,159580,,rD044,100184045,100.00,,
166.297566018,9433161,,rFF44,100184435,100.00,,
166.297566018,770473768,,instructions,100184105,100.00,2.05,insn per cycle
166.297566018,375690521,,cycles,100184225,100.00,,
166.397751639,24144,,rD044,100185146,100.00,,
166.397751639,7738126,,rFF44,100184476,100.00,,
166.397751639,706506504,,instructions,100184846,100.00,1.88,insn per cycle
166.397751639,375689210,,cycles,100184406,100.00,,
166.497929280,163413,,rD044,100176265,100.00,,
166.497929280,11305942,,rFF44,100176925,100.00,,
166.497929280,867908400,,instructions,100176385,100.00,2.31,insn per cycle
166.497929280,375660267,,cycles,100176425,100.00,,
166.598110590,78727,,rD044,100180776,100.00,,
166.598110590,8205136,,rFF44,100180606,100.00,,
166.598110590,709067170,,instructions,100181896,100.00,1.89,insn per cycle
166.598110590,375682083,,cycles,100181976,100.00,,
166.698295541,104186,,rD044,100184355,100.00,,
166.698295541,8001811,,rFF44,100184515,100.00,,
166.698295541,690905165,,instructions,100183435,100.00,1.84,insn per cycle
166.698295541,375683003,,cycles,100182765,100.00,,
166.798478991,67195,,rD044,100181966,100.00,,
166.798478991,8460127,,rFF44,100181956,100.00,,
166.798478991,719268943,,instructions,100182376,100.00,1.91,insn per cycle
166.798478991,375679706,,cycles,100182366,100.00,,
166.898663422,224363,,rD044,100184085,100.00,,
166.898663422,11338524,,rFF44,100183435,100.00,,
166.898663422,830281333,,instructions,100183005,100.00,2.21,insn per cycle
166.898663422,375686901,,cycles,100183605,100.00,,
166.998844412,24693,,rD044,100180016,100.00,,
166.998844412,7438091,,rFF44,100180046,100.00,,
166.998844412,670072389,,instructions,100180166,100.00,1.78,insn per cycle
166.998844412,375674332,,cycles,100180176,100.00,,
167.099023493,148994,,rD044,100178695,100.00,,
167.099023493,10585571,,rFF44,100178785,100.00,,
167.099023493,789725328,,instructions,100178626,100.00,2.10,insn per cycle
167.099023493,375667955,,cycles,100178476,100.00,,
167.199204263,99988,,rD044,100179946,100.00,,
167.199204263,9171592,,rFF44,100189236,100.00,,
167.199204263,709974490,,instructions,100189205,100.00,1.89,insn per cycle
167.199204263,375708576,,cycles,100189305,100.00,,
167.299396254,16841,,rD044,100191096,100.00,,
167.299396254,6406201,,rFF44,100181936,100.00,,
167.299396254,598438472,,instructions,100183166,100.00,1.59,insn per cycle
167.299396254,375683623,,cycles,100182586,100.00,,
167.399578765,128359,,rD044,100180935,100.00,,
167.399578765,9285491,,rFF44,100180445,100.00,,
167.399578765,705233561,,instructions,100179025,100.00,1.88,insn per cycle
167.399578765,375670369,,cycles,100179195,100.00,,
167.499754045,4860,,rD044,100175016,100.00,,
167.499754045,6094906,,rFF44,100175726,100.00,,
167.499754045,589712722,,instructions,100176016,100.00,1.57,insn per cycle
167.499754045,375660506,,cycles,100176496,100.00,,
167.599934806,10247,,rD044,100179785,100.00,,
167.599934806,6522568,,rFF44,100179465,100.00,,
167.599934806,603616972,,instructions,100179685,100.00,1.61,insn per cycle
167.599934806,375669709,,cycles,100178935,100.00,,
167.700114986,136257,,rD044,100180046,100.00,,
167.700114986,12837245,,rFF44,100179766,100.00,,
167.700114986,852715896,,instructions,100180466,100.00,2.27,insn per cycle
167.700114986,375676909,,cycles,100180866,100.00,,
167.800298097,12153,,rD044,100181185,100.00,,
167.800298097,6506959,,rFF44,100182075,100.00,,
167.800298097,585810475,,instructions,100180985,100.00,1.56,insn per cycle
167.800298097,375677907,,cycles,100181065,100.00,,
167.900476647,22491,,rD044,100179246,100.00,,
167.900476647,6886619,,rFF44,100178716,100.00,,
167.900476647,609026649,,instructions,100179686,100.00,1.62,insn per cycle
167.900476647,375674163,,cycles,100180196,100.00,,
168.000658668,13681,,rD044,100180295,100.00,,
168.000658668,6921088,,rFF44,100180455,100.00,,
168.000658668,611259251,,instructions,100179745,100.00,1.63,insn per cycle
168.000658668,375670520,,cycles,100179095,100.00,,
168.100843958,78398,,rD044,100184366,100.00,,
168.100843958,9074435,,rFF44,100184636,100.00,,
168.100843958,696786502,,instructions,100184766,100.00,1.85,insn per cycle
168.100843958,375691929,,cycles,100184746,100.00,,
168.201029829,6938,,rD044,100185435,100.00,,
168.201029829,7431023,,rFF44,100185295,100.00,,
168.201029829,637126560,,instructions,100185105,100.00,1.70,insn per cycle
168.201029829,375690403,,cycles,100184655,100.00,,
168.301223900,254599,,rD044,100182756,100.00,,
168.301223900,10487667,,rFF44,100183086,100.00,,
168.301223900,737132433,,instructions,100183126,100.00,1.96,insn per cycle
168.301223900,375661093,,cycles,100183896,100.00,,
168.401408660,53676,,rD044,100184705,100.00,,
168.401408660,7592315,,rFF44,100184075,100.00,,
168.401408660,632501142,,instructions,100183685,100.00,1.68,insn per cycle
168.401408660,375685790,,cycles,100183245,100.00,,
168.501595621,14613,,rD044,100185486,100.00,,
168.501595621,7032188,,rFF44,100185586,100.00,,
168.501595621,594332053,,instructions,100185746,100.00,1.58,insn per cycle
168.501595621,375694757,,cycles,100185616,100.00,,
168.601778832,20557,,rD044,100183265,100.00,,
168.601778832,6408349,,rFF44,100183365,100.00,,
168.601778832,565851596,,instructions,100183575,100.00,1.51,insn per cycle
168.601778832,375686506,,cycles,100183435,100.00,,
168.701962452,58898,,rD044,100182406,100.00,,
168.701962452,7304402,,rFF44,100182496,100.00,,
168.701962452,649633465,,instructions,100182456,100.00,1.73,insn per cycle
168.701962452,375684560,,cycles,100182906,100.00,,
168.802147433,915376,,rD044,100184355,100.00,,
168.802147433,27948924,,rFF44,100183845,100.00,,
168.802147433,1576660209,,instructions,100183735,100.00,4.20,insn per cycle
168.802147433,375687328,,cycles,100183625,100.00,,
168.902343533,657819,,rD044,100194596,100.00,,
168.902343533,24370146,,rFF44,100194786,100.00,,
168.902343533,1290659356,,instructions,100194196,100.00,3.44,insn per cycle
168.902343533,375728074,,cycles,100194526,100.00,,
169.002526734,15579,,rD044,100182805,100.00,,
169.002526734,6540202,,rFF44,100182765,100.00,,
169.002526734,591222911,,instructions,100183635,100.00,1.57,insn per cycle
169.002526734,375685092,,cycles,100182976,100.00,,
169.102707645,21995,,rD044,100180096,100.00,,
169.102707645,6531541,,rFF44,100180246,100.00,,
169.102707645,627781307,,instructions,100180866,100.00,1.67,insn per cycle
169.102707645,375676671,,cycles,100180815,100.00,,
169.202888995,68666,,rD044,100180815,100.00,,
169.202888995,10486603,,rFF44,100181076,100.00,,
169.202888995,680153713,,instructions,100179716,100.00,1.81,insn per cycle
169.202888995,375673450,,cycles,100179996,100.00,,
169.303069096,5972,,rD044,100178986,100.00,,
169.303069096,5634699,,rFF44,100178445,100.00,,
169.303069096,530092331,,instructions,100179425,100.00,1.41,insn per cycle
169.303069096,375671673,,cycles,100179455,100.00,,
169.403252656,77480,,rD044,100182546,100.00,,
169.403252656,8236762,,rFF44,100183326,100.00,,
169.403252656,642884141,,instructions,100182976,100.00,1.71,insn per cycle
169.403252656,375683698,,cycles,100182676,100.00,,
169.503435087,248579,,rD044,100181655,100.00,,
169.503435087,9976193,,rFF44,100181345,100.00,,
169.503435087,698918444,,instructions,100181865,100.00,1.86,insn per cycle
169.503435087,375682960,,cycles,100182215,100.00,,
169.603618657,87103,,rD044,100182696,100.00,,
169.603618657,10195644,,rFF44,100183556,100.00,,
169.603618657,758523206,,instructions,100183626,100.00,2.02,insn per cycle
169.603618657,375691217,,cycles,100184896,100.00,,
169.703802128,13298,,rD044,100182965,100.00,,
169.703802128,7253646,,rFF44,100181465,100.00,,
169.703802128,577891519,,instructions,100180845,100.00,1.54,insn per cycle
169.703802128,375673143,,cycles,100179865,100.00,,
169.803985509,11925,,rD044,100182666,100.00,,
169.803985509,5689087,,rFF44,100183326,100.00,,
169.803985509,524583600,,instructions,100183786,100.00,1.40,insn per cycle
169.803985509,375685585,,cycles,100183226,100.00,,
169.904167279,18605,,rD044,100181195,100.00,,
169.904167279,6553947,,rFF44,100181205,100.00,,
169.904167279,556595738,,instructions,100180865,100.00,1.48,insn per cycle
169.904167279,375676817,,cycles,100180835,100.00,,
170.004361690,4072,,rD044,100193196,100.00,,
170.004361690,5655615,,rFF44,100193186,100.00,,
170.004361690,515531696,,instructions,100193736,100.00,1.37,insn per cycle
170.004361690,375728441,,cycles,100194606,100.00,,
170.104540370,7716,,rD044,100177685,100.00,,
170.104540370,6382904,,rFF44,100177175,100.00,,
170.104540370,545774913,,instructions,100176575,100.00,1.45,insn per cycle
170.104540370,375660112,,cycles,100176385,100.00,,
170.204719581,64372,,rD044,100179086,100.00,,
170.204719581,8334925,,rFF44,100179526,100.00,,
170.204719581,670508123,,instructions,100179756,100.00,1.78,insn per cycle
170.204719581,375674815,,cycles,100180126,100.00,,
170.304900201,25145,,rD044,100179165,100.00,,
170.304900201,6870215,,rFF44,100179655,100.00,,
170.304900201,615558912,,instructions,100179215,100.00,1.64,insn per cycle
170.304900201,375667186,,cycles,100178455,100.00,,
170.405083532,13979,,rD044,100182946,100.00,,
170.405083532,6716724,,rFF44,100182856,100.00,,
170.405083532,616186662,,instructions,100183046,100.00,1.64,insn per cycle
170.405083532,375683059,,cycles,100182456,100.00,,
170.505263803,358334,,rD044,100178945,100.00,,
170.505263803,13937326,,rFF44,100179575,100.00,,
170.505263803,881174862,,instructions,100179815,100.00,2.35,insn per cycle
170.505263803,375676917,,cycles,100180725,100.00,,
170.605442543,26280,,rD044,100178516,100.00,,
170.605442543,7082143,,rFF44,100177226,100.00,,
170.605442543,612031155,,instructions,100177556,100.00,1.63,insn per cycle
170.605442543,375663588,,cycles,100177506,100.00,,
170.705623204,24975,,rD044,100180435,100.00,,
170.705623204,7299524,,rFF44,100180525,100.00,,
170.705623204,603110020,,instructions,100180575,100.00,1.61,insn per cycle
170.705623204,375673622,,cycles,100179985,100.00,,
170.805802464,33707,,rD044,100177646,100.00,,
170.805802464,7431625,,rFF44,100177716,100.00,,
170.805802464,659356612,,instructions,100177736,100.00,1.76,insn per cycle
170.805802464,375667938,,cycles,100178476,100.00,,
170.905988915,192250,,rD044,100186115,100.00,,
170.905988915,14460273,,rFF44,100186475,100.00,,
170.905988915,975239462,,instructions,100185835,100.00,2.60,insn per cycle
170.905988915,375691596,,cycles,100185465,100.00,,
171.006175315,29616,,rD044,100185476,100.00,,
171.006175315,7598666,,rFF44,100185026,100.00,,
171.006175315,641504540,,instructions,100185056,100.00,1.71,insn per cycle
171.006175315,375696162,,cycles,100186126,100.00,,
171.106372656,41593,,rD044,100195785,100.00,,
171.106372656,7663472,,rFF44,100196295,100.00,,
171.106372656,649385854,,instructions,100196565,100.00,1.73,insn per cycle
171.106372656,375732976,,cycles,100195625,100.00,,
171.206557337,53421,,rD044,100184336,100.00,,
171.206557337,7387958,,rFF44,100184346,100.00,,
171.206557337,638744974,,instructions,100183786,100.00,1.70,insn per cycle
171.206557337,375686913,,cycles,100183726,100.00,,
171.306743567,22810,,rD044,100185225,100.00,,
171.306743567,6415309,,rFF44,100184785,100.00,,
171.306743567,600607766,,instructions,100185246,100.00,1.60,insn per cycle
171.306743567,375692899,,cycles,100185126,100.00,,
171.406930248,163593,,rD044,100185616,100.00,,
171.406930248,10589670,,rFF44,100186176,100.00,,
171.406930248,765868919,,instructions,100186045,100.00,2.04,insn per cycle
171.406930248,375697831,,cycles,100186435,100.00,,
171.507117109,44384,,rD044,100186776,100.00,,
171.507117109,7498722,,rFF44,100186036,100.00,,
171.507117109,621027997,,instructions,100185976,100.00,1.65,insn per cycle
171.507117109,375692269,,cycles,100184966,100.00,,
171.607301249,3899,,rD044,100182805,100.00,,
171.607301249,6153060,,rFF44,100183325,100.00,,
171.607301249,598896284,,instructions,100182905,100.00,1.59,insn per cycle
171.607301249,375687633,,cycles,100183725,100.00,,
171.707485040,151934,,rD044,100183716,100.00,,
171.707485040,9507704,,rFF44,100183556,100.00,,
171.707485040,711290472,,instructions,100184106,100.00,1.89,insn per cycle
171.707485040,375690274,,cycles,100184426,100.00,,
171.807669120,24122,,rD044,100182615,100.00,,
171.807669120,7839410,,rFF44,100182865,100.00,,
171.807669120,640852568,,instructions,100182445,100.00,1.71,insn per cycle
171.807669120,375686071,,cycles,100183305,100.00,,
171.907853771,9407,,rD044,100184016,100.00,,
171.907853771,6055098,,rFF44,100184106,100.00,,
171.907853771,560883604,,instructions,100184586,100.00,1.49,insn per cycle
171.907853771,375685927,,cycles,100183276,100.00,,
172.008039342,44735,,rD044,100185065,100.00,,
172.008039342,8268127,,rFF44,100184695,100.00,,
172.008039342,660150024,,instructions,100184395,100.00,1.76,insn per cycle
172.008039342,375689778,,cycles,100184295,100.00,,
172.108231832,19493,,rD044,100192006,100.00,,
172.108231832,6980030,,rFF44,100191656,100.00,,
172.108231832,618878684,,instructions,100191726,100.00,1.65,insn per cycle
172.108231832,375717647,,cycles,100191676,100.00,,
172.208410953,477776,,rD044,100177565,100.00,,
172.208410953,16739982,,rFF44,100177425,100.00,,
172.208410953,1015475827,,instructions,100177195,100.00,2.70,insn per cycle
172.208410953,375664558,,cycles,100177625,100.00,,
172.308599503,247663,,rD044,100178196,100.00,,
172.308599503,10663795,,rFF44,100178396,100.00,,
172.308599503,836301955,,instructions,100178586,100.00,2.23,insn per cycle
172.308599503,375638954,,cycles,100177986,100.00,,
172.408782484,40699,,rD044,100181555,100.00,,
172.408782484,9353574,,rFF44,100181995,100.00,,
172.408782484,737469215,,instructions,100182245,100.00,1.96,insn per cycle
172.408782484,375685634,,cycles,100183115,100.00,,
172.508966885,35751,,rD044,100183656,100.00,,
172.508966885,6720745,,rFF44,100183346,100.00,,
172.508966885,582417516,,instructions,100182766,100.00,1.55,insn per cycle
172.508966885,375680325,,cycles,100181836,100.00,,
172.609149755,7324,,rD044,100181695,100.00,,
172.609149755,5975087,,rFF44,100181695,100.00,,
172.609149755,573834307,,instructions,100182825,100.00,1.53,insn per cycle
172.609149755,375683882,,cycles,100182735,100.00,,
172.709335296,74921,,rD044,100185206,100.00,,
172.709335296,8974639,,rFF44,100185906,100.00,,
172.709335296,714769691,,instructions,100185266,100.00,1.90,insn per cycle
172.709335296,375694040,,cycles,100185376,100.00,,
172.809516716,259237,,rD044,100180905,100.00,,
172.809516716,10445751,,rFF44,100180635,100.00,,
172.809516716,756005652,,instructions,100180405,100.00,2.01,insn per cycle
172.809516716,375679936,,cycles,100181725,100.00,,
172.909699147,32993,,rD044,100181156,100.00,,
172.909699147,7053627,,rFF44,100181106,100.00,,
172.909699147,613917897,,instructions,100181496,100.00,1.63,insn per cycle
172.909699147,375676112,,cycles,100180656,100.00,,
173.009880777,29977,,rD044,100180445,100.00,,
173.009880777,8377806,,rFF44,100180255,100.00,,
173.009880777,666152539,,instructions,100180065,100.00,1.77,insn per cycle
173.009880777,375677019,,cycles,100180895,100.00,,
173.110060358,20768,,rD044,100179776,100.00,,
173.110060358,6499396,,rFF44,100180286,100.00,,
173.110060358,589227281,,instructions,100180936,100.00,1.57,insn per cycle
173.110060358,375673439,,cycles,100179946,100.00,,
173.210237998,50181,,rD044,100175965,100.00,,
173.210237998,7325633,,rFF44,100175525,100.00,,
173.210237998,664436052,,instructions,100174565,100.00,1.77,insn per cycle
173.210237998,375651783,,cycles,100174155,100.00,,
173.310415789,51896,,rD044,100177716,100.00,,
173.310415789,7455914,,rFF44,100177656,100.00,,
173.310415789,657828603,,instructions,100177536,100.00,1.75,insn per cycle
173.310415789,375669012,,cycles,100178756,100.00,,
173.410593319,20995,,rD044,100176225,100.00,,
173.410593319,5447125,,rFF44,100176225,100.00,,
173.410593319,605391356,,instructions,100176865,100.00,1.61,insn per cycle
173.410593319,375656542,,cycles,100175375,100.00,,
173.510768260,1362,,rD044,100174086,100.00,,
173.510768260,2425230,,rFF44,100173996,100.00,,
173.510768260,541851830,,instructions,100173376,100.00,1.44,insn per cycle
173.510768260,375651507,,cycles,100174146,100.00,,
173.610953381,1348,,rD044,100184585,100.00,,
173.610953381,2424992,,rFF44,100184935,100.00,,
173.610953381,542040832,,instructions,100185376,100.00,1.44,insn per cycle
173.610953381,375694231,,cycles,100185486,100.00,,
173.711133281,1367,,rD044,100178346,100.00,,
173.711133281,2427454,,rFF44,100177936,100.00,,
173.711133281,542127514,,instructions,100177695,100.00,1.44,insn per cycle
173.711133281,375666082,,cycles,100177925,100.00,,
173.811318412,1585,,rD044,100185086,100.00,,
173.811318412,2427259,,rFF44,100184546,100.00,,
173.811318412,542261797,,instructions,100184636,100.00,1.44,insn per cycle
173.811318412,375689020,,cycles,100184156,100.00,,
173.911501652,1611,,rD044,100182515,100.00,,
173.911501652,2427547,,rFF44,100182925,100.00,,
173.911501652,542152204,,instructions,100183855,100.00,1.44,insn per cycle
173.911501652,375687428,,cycles,100183665,100.00,,
174.011686623,1400,,rD044,100183046,100.00,,
174.011686623,2427326,,rFF44,100183126,100.00,,
174.011686623,542658802,,instructions,100182976,100.00,1.44,insn per cycle
174.011686623,375687080,,cycles,100183576,100.00,,
174.111872473,1427,,rD044,100185905,100.00,,
174.111872473,2427053,,rFF44,100185865,100.00,,
174.111872473,541918054,,instructions,100184955,100.00,1.44,insn per cycle
174.111872473,375693103,,cycles,100185135,100.00,,
174.212057794,1721,,rD044,100184506,100.00,,
174.212057794,2427110,,rFF44,100184506,100.00,,
174.212057794,542374587,,instructions,100184866,100.00,1.44,insn per cycle
174.212057794,375691190,,cycles,100184926,100.00,,
174.312241435,1753,,rD044,100182755,100.00,,
174.312241435,2426306,,rFF44,100183125,100.00,,
174.312241435,542038484,,instructions,100182895,100.00,1.44,insn per cycle
174.312241435,375685648,,cycles,100182935,100.00,,
174.412425095,1562,,rD044,100183306,100.00,,
174.412425095,2427204,,rFF44,100182896,100.00,,
174.412425095,542245771,,instructions,100183226,100.00,1.44,insn per cycle
174.412425095,375683965,,cycles,100182716,100.00,,
174.512610586,1359,,rD044,100183825,100.00,,
174.512610586,2427524,,rFF44,100183635,100.00,,
174.512610586,542057892,,instructions,100183595,100.00,1.44,insn per cycle
174.512610586,375686335,,cycles,100183465,100.00,,
174.612794306,1655,,rD044,100182556,100.00,,
174.612794306,2424700,,rFF44,100183386,100.00,,
174.612794306,541622289,,instructions,100182866,100.00,1.44,insn per cycle
174.612794306,375685217,,cycles,100183026,100.00,,
174.712977937,1399,,rD044,100183415,100.00,,
174.712977937,2425869,,rFF44,100183725,100.00,,
174.712977937,541817043,,instructions,100184335,100.00,1.44,insn per cycle
174.712977937,375695593,,cycles,100185845,100.00,,
174.813164408,1626,,rD044,100185936,100.00,,
174.813164408,2426531,,rFF44,100185036,100.00,,
174.813164408,542215854,,instructions,100184586,100.00,1.44,insn per cycle
174.813164408,375685316,,cycles,100183116,100.00,,
174.913356628,1391,,rD044,100190975,100.00,,
174.913356628,2427285,,rFF44,100190795,100.00,,
174.913356628,542184659,,instructions,100191245,100.00,1.44,insn per cycle
174.913356628,375713372,,cycles,100190635,100.00,,
175.013541989,1536,,rD044,100184526,100.00,,
175.013541989,2427316,,rFF44,100184846,100.00,,
175.013541989,542102770,,instructions,100184266,100.00,1.44,insn per cycle
175.013541989,375693382,,cycles,100185256,100.00,,
175.113726169,1458,,rD044,100183585,100.00,,
175.113726169,2427385,,rFF44,100183545,100.00,,
175.113726169,541816015,,instructions,100183355,100.00,1.44,insn per cycle
175.113726169,375684573,,cycles,100182905,100.00,,
175.213906730,1351,,rD044,100179596,100.00,,
175.213906730,2427413,,rFF44,100179856,100.00,,
175.213906730,541616278,,instructions,100180116,100.00,1.44,insn per cycle
175.213906730,375673203,,cycles,100179886,100.00,,
175.314085351,1649,,rD044,100178355,100.00,,
175.314085351,2429098,,rFF44,100177715,100.00,,
175.314085351,541973464,,instructions,100177555,100.00,1.44,insn per cycle
175.314085351,375663376,,cycles,100177255,100.00,,
175.414265751,1384,,rD044,100178936,100.00,,
175.414265751,2429444,,rFF44,100178906,100.00,,
175.414265751,541772824,,instructions,100179216,100.00,1.44,insn per cycle
175.414265751,375672231,,cycles,100179626,100.00,,
175.514446482,1554,,rD044,100180405,100.00,,
175.514446482,2427479,,rFF44,100181125,100.00,,
175.514446482,541468840,,instructions,100180525,100.00,1.44,insn per cycle
175.514446482,375676747,,cycles,100180805,100.00,,
175.614630172,1607,,rD044,100183566,100.00,,
175.614630172,2429437,,rFF44,100183136,100.00,,
175.614630172,541896843,,instructions,100184146,100.00,1.44,insn per cycle
175.614630172,375688629,,cycles,100183996,100.00,,
175.714808823,1858,,rD044,100176275,100.00,,
175.714808823,2430542,,rFF44,100176275,100.00,,
175.714808823,542153467,,instructions,100175775,100.00,1.44,insn per cycle
175.714808823,375653559,,cycles,100175465,100.00,,
175.814982523,1827,,rD044,100173416,100.00,,
175.814982523,2430574,,rFF44,100173636,100.00,,
175.814982523,542039600,,instructions,100173976,100.00,1.44,insn per cycle
175.814982523,375647262,,cycles,100173786,100.00,,
175.915160944,1816,,rD044,100177835,100.00,,
175.915160944,2427656,,rFF44,100177325,100.00,,
175.915160944,541023948,,instructions,100177255,100.00,1.44,insn per cycle
175.915160944,375664669,,cycles,100177555,100.00,,
176.015346174,1833,,rD044,100184306,100.00,,
176.015346174,2430787,,rFF44,100184896,100.00,,
176.015346174,541863365,,instructions,100185476,100.00,1.44,insn per cycle
176.015346174,375692511,,cycles,100185826,100.00,,
176.115545245,1303,,rD044,100198166,100.00,,
176.115545245,2431189,,rFF44,100197976,100.00,,
176.115545245,542520133,,instructions,100197066,100.00,1.44,insn per cycle
176.115545245,375735826,,cycles,100196626,100.00,,
176.215719416,1391,,rD044,100173625,100.00,,
176.215719416,2428914,,rFF44,100173455,100.00,,
176.215719416,541755834,,instructions,100173585,100.00,1.44,insn per cycle
176.215719416,375651787,,cycles,100174165,100.00,,
176.315904926,1619,,rD044,100174326,100.00,,
176.315904926,2428315,,rFF44,100174696,100.00,,
176.315904926,541260470,,instructions,100175426,100.00,1.44,insn per cycle
176.315904926,375627019,,cycles,100175076,100.00,,
176.416085427,1454,,rD044,100179405,100.00,,
176.416085427,2429284,,rFF44,100179695,100.00,,
176.416085427,541879093,,instructions,100179145,100.00,1.44,insn per cycle
176.416085427,375670744,,cycles,100179015,100.00,,
176.516270737,1430,,rD044,100184896,100.00,,
176.516270737,2430409,,rFF44,100184626,100.00,,
176.516270737,542153389,,instructions,100184566,100.00,1.44,insn per cycle
176.516270737,375689877,,cycles,100184516,100.00,,
176.616456958,1472,,rD044,100185075,100.00,,
176.616456958,2431513,,rFF44,100185325,100.00,,
176.616456958,542563208,,instructions,100185925,100.00,1.44,insn per cycle
176.616456958,375697548,,cycles,100186325,100.00,,
176.716643078,1341,,rD044,100185976,100.00,,
176.716643078,2429139,,rFF44,100186206,100.00,,
176.716643078,541841152,,instructions,100186006,100.00,1.44,insn per cycle
176.716643078,375696925,,cycles,100186196,100.00,,
176.816831479,1422,,rD044,100187345,100.00,,
176.816831479,2429491,,rFF44,100186595,100.00,,
176.816831479,541792603,,instructions,100186635,100.00,1.44,insn per cycle
176.816831479,375696895,,cycles,100186245,100.00,,
176.917016570,1338,,rD044,100184676,100.00,,
176.917016570,2428901,,rFF44,100184686,100.00,,
176.917016570,541765605,,instructions,100184176,100.00,1.44,insn per cycle
176.917016570,375690202,,cycles,100184416,100.00,,
177.017200380,1368,,rD044,100182525,100.00,,
177.017200380,2430272,,rFF44,100192905,100.00,,
177.017200380,541886084,,instructions,100193415,100.00,1.44,insn per cycle
177.017200380,375721699,,cycles,100192805,100.00,,
177.117395271,4585157,,rD044,100194176,100.00,,
177.117395271,26448067,,rFF44,100183706,100.00,,
177.117395271,681746156,,instructions,100183356,100.00,1.81,insn per cycle
177.117395271,375688251,,cycles,100183896,100.00,,
177.217580152,4747146,,rD044,100184055,100.00,,
177.217580152,27448244,,rFF44,100184125,100.00,,
177.217580152,686623975,,instructions,100183945,100.00,1.83,insn per cycle
177.217580152,375689171,,cycles,100184145,100.00,,
177.317758762,4792563,,rD044,100177516,100.00,,
177.317758762,27511620,,rFF44,100177856,100.00,,
177.317758762,687696291,,instructions,100178366,100.00,1.83,insn per cycle
177.317758762,375669243,,cycles,100178816,100.00,,
177.417943273,4747494,,rD044,100183825,100.00,,
177.417943273,27415061,,rFF44,100183245,100.00,,
177.417943273,685798152,,instructions,100183435,100.00,1.83,insn per cycle
177.417943273,375683934,,cycles,100182725,100.00,,
177.518123393,4626361,,rD044,100179286,100.00,,
177.518123393,26724708,,rFF44,100179456,100.00,,
177.518123393,669543781,,instructions,100178616,100.00,1.78,insn per cycle
177.518123393,375667289,,cycles,100178306,100.00,,
177.618308854,4669547,,rD044,100184955,100.00,,
177.618308854,27005679,,rFF44,100185185,100.00,,
177.618308854,679179202,,instructions,100185195,100.00,1.81,insn per cycle
177.618308854,375693361,,cycles,100185245,100.00,,
177.718493114,4694778,,rD044,100166695,100.00,,
177.718493114,27154950,,rFF44,100166925,100.00,,
177.718493114,683135072,,instructions,100167265,100.00,1.82,insn per cycle
177.718493114,375595571,,cycles,100167405,100.00,,
177.818676205,4682977,,rD044,100182005,100.00,,
177.818676205,27042269,,rFF44,100181525,100.00,,
177.818676205,680853035,,instructions,100181986,100.00,1.81,insn per cycle
177.818676205,375680934,,cycles,100181936,100.00,,
177.918857916,4649635,,rD044,100181656,100.00,,
177.918857916,26886209,,rFF44,100181736,100.00,,
177.918857916,676081349,,instructions,100181025,100.00,1.80,insn per cycle
177.918857916,375680204,,cycles,100181815,100.00,,
178.019040976,4120783,,rD044,100183176,100.00,,
178.019040976,26316281,,rFF44,100183986,100.00,,
178.019040976,854301805,,instructions,100184196,100.00,2.27,insn per cycle
178.019040976,375691728,,cycles,100184806,100.00,,
178.119227987,1579457,,rD044,100186045,100.00,,
178.119227987,25121048,,rFF44,100185655,100.00,,
178.119227987,1907175592,,instructions,100185765,100.00,5.08,insn per cycle
178.119227987,375693483,,cycles,100185295,100.00,,
178.219415677,1553877,,rD044,100187096,100.00,,
178.219415677,25144780,,rFF44,100187856,100.00,,
178.219415677,1908990440,,instructions,100188076,100.00,5.08,insn per cycle
178.219415677,375701211,,cycles,100187286,100.00,,
178.319599318,1565529,,rD044,100182345,100.00,,
178.319599318,25118641,,rFF44,100180945,100.00,,
178.319599318,1907011791,,instructions,100180685,100.00,5.08,insn per cycle
178.319599318,375677434,,cycles,100181055,100.00,,
178.419781949,5054538,,rD044,100181896,100.00,,
178.419781949,28139524,,rFF44,100182556,100.00,,
178.419781949,666188665,,instructions,100183106,100.00,1.77,insn per cycle
178.419781949,375682574,,cycles,100182316,100.00,,
178.519962849,6834656,,rD044,100180085,100.00,,
178.519962849,29866160,,rFF44,100180095,100.00,,
178.519962849,40941763,,instructions,100179815,100.00,0.11,insn per cycle
178.519962849,375673202,,cycles,100179925,100.00,,
178.620146060,6913534,,rD044,100182506,100.00,,
178.620146060,30249443,,rFF44,100182486,100.00,,
178.620146060,37736993,,instructions,100182026,100.00,0.10,insn per cycle
178.620146060,375683116,,cycles,100182526,100.00,,
178.720336720,6923604,,rD044,100166545,100.00,,
178.720336720,30230602,,rFF44,100166985,100.00,,
178.720336720,37764704,,instructions,100167465,100.00,0.10,insn per cycle
178.720336720,375590318,,cycles,100167535,100.00,,
178.820518681,5932475,,rD044,100181596,100.00,,
178.820518681,29039824,,rFF44,100180686,100.00,,
178.820518681,121197019,,instructions,100180196,100.00,0.32,insn per cycle
178.820518681,375669149,,cycles,100179686,100.00,,
178.920696911,1649585,,rD044,100177225,100.00,,
178.920696911,24292926,,rFF44,100177895,100.00,,
178.920696911,473934120,,instructions,100177925,100.00,1.26,insn per cycle
178.920696911,375666599,,cycles,100178105,100.00,,
179.020882862,2032179,,rD044,100185716,100.00,,
179.020882862,28543139,,rFF44,100185446,100.00,,
179.020882862,561917837,,instructions,100185636,100.00,1.50,insn per cycle
179.020882862,375696106,,cycles,100185996,100.00,,
179.121061073,2500967,,rD044,106913426,100.00,,
179.121061073,33341124,,rFF44,106960726,100.00,,
179.121061073,717773949,,instructions,107028537,100.00,1.80,insn per cycle
179.121061073,398363526,,cycles,107065177,100.00,,
179.221379975,3913522,,rD044,12824044684,100.00,,
179.221379975,49312815,,rFF44,12872665560,100.00,,
179.221379975,40478885129,,instructions,12914716633,100.00,0.83,insn per cycle
179.221379975,48569671441,,cycles,12955975717,100.00,,
179.322964842,4015346,,rD044,12806732196,100.00,,
179.322964842,50880666,,rFF44,12758095930,100.00,,
179.322964842,40114777616,,instructions,12716005786,100.00,0.84,insn per cycle
179.322964842,47529720051,,cycles,12674738172,100.00,,
179.423268734,53274094,,rD044,8325488595,100.00,,
179.423268734,171830710,,rFF44,8384724341,100.00,,
179.423268734,16884416746,,instructions,8437629797,100.00,0.53,insn per cycle
179.423268734,31832109902,,cycles,8489811971,100.00,,
179.525176784,3066424,,rD044,13036754658,100.00,,
179.525176784,23720233,,rFF44,13018711468,100.00,,
179.525176784,69637180252,,instructions,13001102544,100.00,1.43,insn per cycle
179.525176784,48690248593,,cycles,12984132364,100.00,,
179.626556139,19863431,,rD044,12979904337,100.00,,
179.626556139,112323913,,rFF44,12986830963,100.00,,
179.626556139,86594809198,,instructions,12993264089,100.00,1.78,insn per cycle
179.626556139,48738409886,,cycles,12996958441,100.00,,
179.728115253,4812249,,rD044,12998395694,100.00,,
179.728115253,49300025,,rFF44,12996515946,100.00,,
179.728115253,40741328316,,instructions,12994516767,100.00,0.84,insn per cycle
179.728115253,48730031512,,cycles,12994720608,100.00,,
179.829639186,3688669,,rD044,11643382821,100.00,,
179.829639186,53047020,,rFF44,11597143017,100.00,,
179.829639186,36135385593,,instructions,11557412178,100.00,0.84,insn per cycle
179.829639186,43193096594,,cycles,11518301351,100.00,,
179.929987935,49126904,,rD044,5072905108,100.00,,
179.929987935,275816076,,rFF44,5186878407,100.00,,
179.929987935,6254267815,,instructions,5297527887,100.00,0.31,insn per cycle
179.929987935,20257787654,,cycles,5403051573,100.00,,
180.033852355,127716980,,rD044,13279621731,100.00,,
180.033852355,699357348,,rFF44,13259920020,100.00,,
180.033852355,14565343960,,instructions,13284077424,100.00,0.29,insn per cycle
180.033852355,49809999994,,cycles,13282814296,100.00,,
180.137613214,129921592,,rD044,13297619030,100.00,,
180.137613214,699701961,,rFF44,13323344507,100.00,,
180.137613214,14337149270,,instructions,13300177407,100.00,0.29,insn per cycle
180.137613214,49902285161,,cycles,13307371969,100.00,,
180.241620156,129491322,,rD044,13309967524,100.00,,
180.241620156,699757096,,rFF44,13302647122,100.00,,
180.241620156,14540016286,,instructions,13295507187,100.00,0.29,insn per cycle
180.241620156,49840549988,,cycles,13290856806,100.00,,
180.345422175,128534932,,rD044,13273856672,100.00,,
180.345422175,702955102,,rFF44,13239300411,100.00,,
180.345422175,14458966207,,instructions,13258242036,100.00,0.29,insn per cycle
180.345422175,49716923079,,cycles,13258682694,100.00,,
180.448987791,129810412,,rD044,13267201392,100.00,,
180.448987791,701097970,,rFF44,13306417846,100.00,,
180.448987791,14298105942,,instructions,13295645801,100.00,0.29,insn per cycle
180.448987791,49866107781,,cycles,13297778595,100.00,,
180.552917552,129541633,,rD044,13298809704,100.00,,
180.552917552,700878788,,rFF44,13291428007,100.00,,
180.552917552,14526003678,,instructions,13286181781,100.00,0.29,insn per cycle
180.552917552,49806791711,,cycles,13281897089,100.00,,
180.656627740,128318750,,rD044,13247735524,100.00,,
180.656627740,703163684,,rFF44,13216624141,100.00,,
180.656627740,14391795663,,instructions,13231440075,100.00,0.29,insn per cycle
180.656627740,49622209075,,cycles,13232791163,100.00,,
180.760056305,129646221,,rD044,13269622486,100.00,,
180.760056305,700646835,,rFF44,13309135066,100.00,,
180.760056305,14347657095,,instructions,13297357603,100.00,0.29,insn per cycle
180.760056305,49879357170,,cycles,13301649188,100.00,,
180.864027516,129084212,,rD044,13302714597,100.00,,
180.864027516,698978483,,rFF44,13301023572,100.00,,
180.864027516,14605509254,,instructions,13301438321,100.00,0.29,insn per cycle
180.864027516,49876308675,,cycles,13300513291,100.00,,
180.967903316,128794078,,rD044,13279345467,100.00,,
180.967903316,706105616,,rFF44,13269573303,100.00,,
180.967903316,14413631151,,instructions,13277965924,100.00,0.29,insn per cycle
180.967903316,49771144635,,cycles,13272437571,100.00,,
181.071614844,130208519,,rD044,13294906818,100.00,,
181.071614844,702078010,,rFF44,13306219290,100.00,,
181.071614844,14351059721,,instructions,13299789837,100.00,0.29,insn per cycle
181.071614844,49895346091,,cycles,13305497217,100.00,,
181.175560775,129538628,,rD044,13300855007,100.00,,
181.175560775,699617025,,rFF44,13296066765,100.00,,
181.175560775,14555649257,,instructions,13291529139,100.00,0.29,insn per cycle
181.175560775,49838486687,,cycles,13290312254,100.00,,
181.279384895,128041265,,rD044,13275182797,100.00,,
181.279384895,706205320,,rFF44,13294142935,100.00,,
181.279384895,14492088254,,instructions,13295015309,100.00,0.29,insn per cycle
181.279384895,49860521693,,cycles,13296205456,100.00,,
181.383284015,130176090,,rD044,13313538610,100.00,,
181.383284015,702707686,,rFF44,13301016802,100.00,,
181.383284015,14323852589,,instructions,13299738137,100.00,0.29,insn per cycle
181.383284015,49861928685,,cycles,13296589603,100.00,,
181.487150245,129610332,,rD044,13295235945,100.00,,
181.487150245,699529744,,rFF44,13286899405,100.00,,
181.487150245,14554778135,,instructions,13287042844,100.00,0.29,insn per cycle
181.487150245,49810324781,,cycles,13282840999,100.00,,
181.590912634,128619421,,rD044,13290600244,100.00,,
181.590912634,706900101,,rFF44,13295527593,100.00,,
181.590912634,14420904854,,instructions,13297807373,100.00,0.29,insn per cycle
181.590912634,49879671262,,cycles,13301325211,100.00,,
181.694838394,129584068,,rD044,13297195904,100.00,,
181.694838394,701010005,,rFF44,13301063848,100.00,,
181.694838394,14347545782,,instructions,13303023105,100.00,0.29,insn per cycle
181.694838394,49891849841,,cycles,13304673885,100.00,,
181.798799255,129742858,,rD044,13303588666,100.00,,
181.798799255,698743918,,rFF44,13299908230,100.00,,
181.798799255,14586680419,,instructions,13291935013,100.00,0.29,insn per cycle
181.798799255,49855001281,,cycles,13294859582,100.00,,
181.902695406,128344802,,rD044,13301806336,100.00,,
181.902695406,705775241,,rFF44,13301507191,100.00,,
181.902695406,14479156142,,instructions,13309338317,100.00,0.29,insn per cycle
181.902695406,49900538574,,cycles,13306934212,100.00,,
182.006646526,130299651,,rD044,13302657029,100.00,,
182.006646526,704503614,,rFF44,13306569772,100.00,,
182.006646526,14286627669,,instructions,13303356048,100.00,0.29,insn per cycle
182.006646526,49883469264,,cycles,13302405695,100.00,,
182.110465246,129858648,,rD044,13286964707,100.00,,
182.110465246,697336895,,rFF44,13284499694,100.00,,
182.110465246,14529634881,,instructions,13289164890,100.00,0.29,insn per cycle
182.110465246,49843771299,,cycles,13291775782,100.00,,
182.214431827,128630872,,rD044,13304691636,100.00,,
182.214431827,706646264,,rFF44,13301602365,100.00,,
182.214431827,14512237540,,instructions,13297869960,100.00,0.29,insn per cycle
182.214431827,49852596895,,cycles,13294073166,100.00,,
182.283320763,55581484,,rD044,8042315762,100.00,,
182.283320763,302493403,,rFF44,7927584894,100.00,,
182.283320763,13023357961,,instructions,7817696678,100.00,0.45,insn per cycle
182.283320763,28916058431,,cycles,7711498229,100.00,,
