0.100122417,55147,,rD044,51927288,100.00,,
0.100122417,996528,,rFF44,51932798,100.00,,
0.100122417,655633056,,instructions,51937278,100.00,3.52,insn per cycle
0.100122417,185997908,,cycles,51937278,100.00,,
0.200358447,34771,,rD044,52025207,100.00,,
0.200358447,854744,,rFF44,52019697,100.00,,
0.200358447,759944846,,instructions,52015217,100.00,4.03,insn per cycle
0.200358447,188582100,,cycles,52015217,100.00,,
0.300534556,34831,,rD044,55454702,100.00,,
0.300534556,828750,,rFF44,55462182,100.00,,
0.300534556,828339534,,instructions,55465642,100.00,4.10,insn per cycle
0.300534556,201884098,,cycles,55465642,100.00,,
0.400722594,34648,,rD044,54439854,100.00,,
0.400722594,796826,,rFF44,54438034,100.00,,
0.400722594,815449143,,instructions,54439904,100.00,4.12,insn per cycle
0.400722594,197807157,,cycles,54445484,100.00,,
0.500914823,35016,,rD044,52867175,100.00,,
0.500914823,815574,,rFF44,52866825,100.00,,
0.500914823,783213263,,instructions,52866045,100.00,4.09,insn per cycle
0.500914823,191728993,,cycles,52865285,100.00,,
0.601117672,34708,,rD044,54854324,100.00,,
0.601117672,811725,,rFF44,54849014,100.00,,
0.601117672,822037065,,instructions,54844464,100.00,4.12,insn per cycle
0.601117672,199472861,,cycles,54839644,100.00,,
0.701292621,34744,,rD044,55219388,100.00,,
0.701292621,826373,,rFF44,55224718,100.00,,
0.701292621,825784976,,instructions,55229998,100.00,4.11,insn per cycle
0.701292621,200897263,,cycles,55235298,100.00,,
0.801483869,34573,,rD044,52595115,100.00,,
0.801483869,826718,,rFF44,52595265,100.00,,
0.801483869,776666235,,instructions,52594915,100.00,4.07,insn per cycle
0.801483869,190696249,,cycles,52594535,100.00,,
0.901673828,34672,,rD044,54212768,100.00,,
0.901673828,831428,,rFF44,54207288,100.00,,
0.901673828,810005415,,instructions,54202358,100.00,4.11,insn per cycle
0.901673828,196931351,,cycles,54197438,100.00,,
1.001849567,34777,,rD044,55569222,100.00,,
1.001849567,820754,,rFF44,55569222,100.00,,
1.001849567,836285493,,instructions,55569222,100.00,4.14,insn per cycle
1.001849567,202213489,,cycles,55569222,100.00,,
1.102024625,34960,,rD044,53271281,100.00,,
1.102024625,835160,,rFF44,53276501,100.00,,
1.102024625,792495937,,instructions,53281211,100.00,4.10,insn per cycle
1.102024625,193291140,,cycles,53286011,100.00,,
1.202254075,4482,,rD044,53028918,100.00,,
1.202254075,791353,,rFF44,53023698,100.00,,
1.202254075,791659700,,instructions,53018988,100.00,4.12,insn per cycle
1.202254075,192320825,,cycles,53014188,100.00,,
1.302430553,34604,,rD044,55340708,100.00,,
1.302430553,815555,,rFF44,55340708,100.00,,
1.302430553,827639750,,instructions,55340708,100.00,4.11,insn per cycle
1.302430553,201405754,,cycles,55340708,100.00,,
1.402605092,34582,,rD044,53535977,100.00,,
1.402605092,836741,,rFF44,53535977,100.00,,
1.402605092,796331451,,instructions,53535977,100.00,4.10,insn per cycle
1.402605092,194403546,,cycles,53535977,100.00,,
1.502782151,34984,,rD044,53425567,100.00,,
1.502782151,849379,,rFF44,53425567,100.00,,
1.502782151,800895907,,instructions,53425567,100.00,4.13,insn per cycle
1.502782151,193847044,,cycles,53425567,100.00,,
1.602960929,35389,,rD044,53040238,100.00,,
1.602960929,846795,,rFF44,53044948,100.00,,
1.602960929,787650854,,instructions,53049738,100.00,4.09,insn per cycle
1.602960929,192382951,,cycles,53055178,100.00,,
1.703152488,34940,,rD044,51832086,100.00,,
1.703152488,797779,,rFF44,51827376,100.00,,
1.703152488,770231080,,instructions,51822586,100.00,4.10,insn per cycle
1.703152488,187722241,,cycles,51817146,100.00,,
1.803331426,34514,,rD044,51526374,100.00,,
1.803331426,837658,,rFF44,51526374,100.00,,
1.803331426,756660716,,instructions,51526374,100.00,4.05,insn per cycle
1.803331426,186656308,,cycles,51526374,100.00,,
1.903507725,34682,,rD044,53313559,100.00,,
1.903507725,833135,,rFF44,53313559,100.00,,
1.903507725,797019278,,instructions,53313559,100.00,4.12,insn per cycle
1.903507725,193580731,,cycles,53313559,100.00,,
2.003681574,35361,,rD044,53553432,100.00,,
2.003681574,845995,,rFF44,53553432,100.00,,
2.003681574,802263980,,instructions,53553432,100.00,4.13,insn per cycle
2.003681574,194426430,,cycles,53553432,100.00,,
2.103856592,35307,,rD044,53367262,100.00,,
2.103856592,847590,,rFF44,53367262,100.00,,
2.103856592,796261151,,instructions,53367262,100.00,4.11,insn per cycle
2.103856592,193689689,,cycles,53367262,100.00,,
2.204032131,4018,,rD044,53107666,100.00,,
2.204032131,797652,,rFF44,53107666,100.00,,
2.204032131,795364341,,instructions,53107666,100.00,4.13,insn per cycle
2.204032131,192730715,,cycles,53107666,100.00,,
2.304207290,34873,,rD044,53076977,100.00,,
2.304207290,827979,,rFF44,53082037,100.00,,
2.304207290,783763908,,instructions,53086687,100.00,4.07,insn per cycle
2.304207290,192578884,,cycles,53091997,100.00,,
2.404396748,34997,,rD044,52859660,100.00,,
2.404396748,830923,,rFF44,52860220,100.00,,
2.404396748,780448324,,instructions,52860430,100.00,4.07,insn per cycle
2.404396748,191687746,,cycles,52860070,100.00,,
2.504585877,35048,,rD044,52812128,100.00,,
2.504585877,834679,,rFF44,52811948,100.00,,
2.504585877,785645810,,instructions,52811568,100.00,4.10,insn per cycle
2.504585877,191513511,,cycles,52811998,100.00,,
2.604775106,35033,,rD044,52722119,100.00,,
2.604775106,839897,,rFF44,52722369,100.00,,
2.604775106,782226557,,instructions,52723639,100.00,4.09,insn per cycle
2.604775106,191209870,,cycles,52723359,100.00,,
2.704965825,34756,,rD044,52789839,100.00,,
2.704965825,809083,,rFF44,52789469,100.00,,
2.704965825,781529046,,instructions,52788389,100.00,4.08,insn per cycle
2.704965825,191459877,,cycles,52787859,100.00,,
2.805156203,35034,,rD044,52975237,100.00,,
2.805156203,832066,,rFF44,52969917,100.00,,
2.805156203,781687991,,instructions,52965247,100.00,4.07,insn per cycle
2.805156203,192116728,,cycles,52960677,100.00,,
2.905331622,34567,,rD044,53439126,100.00,,
2.905331622,817997,,rFF44,53446526,100.00,,
2.905331622,799652297,,instructions,53450126,100.00,4.12,insn per cycle
2.905331622,194018925,,cycles,53450126,100.00,,
3.005521861,35038,,rD044,53152258,100.00,,
3.005521861,826413,,rFF44,53148538,100.00,,
3.005521861,790403887,,instructions,53144938,100.00,4.10,insn per cycle
3.005521861,192816284,,cycles,53144938,100.00,,
3.105706830,35196,,rD044,53084942,100.00,,
3.105706830,834402,,rFF44,53089402,100.00,,
3.105706830,772437088,,instructions,53094322,100.00,4.01,insn per cycle
3.105706830,192651850,,cycles,53098362,100.00,,
3.205899909,4303,,rD044,52845463,100.00,,
3.205899909,814709,,rFF44,52837323,100.00,,
3.205899909,777360251,,instructions,52832403,100.00,4.06,insn per cycle
3.205899909,191583223,,cycles,52828363,100.00,,
3.306076347,35502,,rD044,53337802,100.00,,
3.306076347,851321,,rFF44,53341692,100.00,,
3.306076347,791825578,,instructions,53341692,100.00,4.09,insn per cycle
3.306076347,193523522,,cycles,53341692,100.00,,
3.406297137,35001,,rD044,53250838,100.00,,
3.406297137,836934,,rFF44,53252248,100.00,,
3.406297137,787170047,,instructions,53255288,100.00,4.08,insn per cycle
3.406297137,193152541,,cycles,53255288,100.00,,
3.506484885,35252,,rD044,53048838,100.00,,
3.506484885,834159,,rFF44,53043538,100.00,,
3.506484885,781792287,,instructions,53040498,100.00,4.06,insn per cycle
3.506484885,192364211,,cycles,53040498,100.00,,
3.606660874,35183,,rD044,53055464,100.00,,
3.606660874,803669,,rFF44,53059334,100.00,,
3.606660874,784137179,,instructions,53059334,100.00,4.08,insn per cycle
3.606660874,192414359,,cycles,53059334,100.00,,
3.706847603,35627,,rD044,53115508,100.00,,
3.706847603,844895,,rFF44,53111638,100.00,,
3.706847603,785081988,,instructions,53111638,100.00,4.07,insn per cycle
3.706847603,192678888,,cycles,53111638,100.00,,
3.807026371,35157,,rD044,53114927,100.00,,
3.807026371,851246,,rFF44,53114927,100.00,,
3.807026371,787522274,,instructions,53114927,100.00,4.09,insn per cycle
3.807026371,192653967,,cycles,53114927,100.00,,
3.907202760,34915,,rD044,52832212,100.00,,
3.907202760,843291,,rFF44,52832212,100.00,,
3.907202760,775954700,,instructions,52832212,100.00,4.05,insn per cycle
3.907202760,191615221,,cycles,52832212,100.00,,
4.007376839,34909,,rD044,52677398,100.00,,
4.007376839,828038,,rFF44,52677398,100.00,,
4.007376839,770009347,,instructions,52677398,100.00,4.03,insn per cycle
4.007376839,190977261,,cycles,52677398,100.00,,
4.107549597,4367,,rD044,52823496,100.00,,
4.107549597,801491,,rFF44,52831636,100.00,,
4.107549597,783646974,,instructions,52835866,100.00,4.09,insn per cycle
4.107549597,191580516,,cycles,52840346,100.00,,
4.207739736,35151,,rD044,52956163,100.00,,
4.207739736,831922,,rFF44,52948023,100.00,,
4.207739736,778719948,,instructions,52943793,100.00,4.06,insn per cycle
4.207739736,191974279,,cycles,52939313,100.00,,
4.307917045,34967,,rD044,52785088,100.00,,
4.307917045,838538,,rFF44,52785088,100.00,,
4.307917045,771040115,,instructions,52785088,100.00,4.03,insn per cycle
4.307917045,191422165,,cycles,52793408,100.00,,
4.408103073,34771,,rD044,53023222,100.00,,
4.408103073,840956,,rFF44,53023222,100.00,,
4.408103073,791039541,,instructions,53023222,100.00,4.11,insn per cycle
4.408103073,192320247,,cycles,53014902,100.00,,
4.508290052,35278,,rD044,52965485,100.00,,
4.508290052,806814,,rFF44,52965485,100.00,,
4.508290052,783641335,,instructions,52965485,100.00,4.08,insn per cycle
4.508290052,192056164,,cycles,52965485,100.00,,
4.608465071,34818,,rD044,53065808,100.00,,
4.608465071,820048,,rFF44,53065808,100.00,,
4.608465071,789228735,,instructions,53065808,100.00,4.10,insn per cycle
4.608465071,192571520,,cycles,53065808,100.00,,
4.708638579,34541,,rD044,53094052,100.00,,
4.708638579,827675,,rFF44,53094052,100.00,,
4.708638579,794190292,,instructions,53094052,100.00,4.12,insn per cycle
4.708638579,192616915,,cycles,53094052,100.00,,
4.808811968,34831,,rD044,53198314,100.00,,
4.808811968,831936,,rFF44,53203054,100.00,,
4.808811968,795159339,,instructions,53206054,100.00,4.12,insn per cycle
4.808811968,193055950,,cycles,53206054,100.00,,
4.909000557,34850,,rD044,52590344,100.00,,
4.909000557,838288,,rFF44,52585604,100.00,,
4.909000557,773788270,,instructions,52582604,100.00,4.06,insn per cycle
4.909000557,190653342,,cycles,52582604,100.00,,
5.009174365,4910,,rD044,52496820,100.00,,
5.009174365,823070,,rFF44,52496820,100.00,,
5.009174365,774009569,,instructions,52496820,100.00,4.07,insn per cycle
5.009174365,190281718,,cycles,52496820,100.00,,
5.109349704,34934,,rD044,52768086,100.00,,
5.109349704,842504,,rFF44,52768086,100.00,,
5.109349704,773834222,,instructions,52768086,100.00,4.04,insn per cycle
5.109349704,191321503,,cycles,52768086,100.00,,
5.209529553,35115,,rD044,52730819,100.00,,
5.209529553,827323,,rFF44,52730819,100.00,,
5.209529553,773302195,,instructions,52730819,100.00,4.04,insn per cycle
5.209529553,191210640,,cycles,52730819,100.00,,
5.309705571,34778,,rD044,52903370,100.00,,
5.309705571,828824,,rFF44,52903370,100.00,,
5.309705571,782641591,,instructions,52903370,100.00,4.08,insn per cycle
5.309705571,191878126,,cycles,52903370,100.00,,
5.409880270,34717,,rD044,53074710,100.00,,
5.409880270,799057,,rFF44,53074710,100.00,,
5.409880270,787313798,,instructions,53074710,100.00,4.09,insn per cycle
5.409880270,192540289,,cycles,53074710,100.00,,
5.510057239,35105,,rD044,53201728,100.00,,
5.510057239,844905,,rFF44,53201728,100.00,,
5.510057239,792012147,,instructions,53201728,100.00,4.10,insn per cycle
5.510057239,193028496,,cycles,53201728,100.00,,
5.610255017,35362,,rD044,53423772,100.00,,
5.610255017,850697,,rFF44,53423772,100.00,,
5.610255017,787068611,,instructions,53423772,100.00,4.06,insn per cycle
5.610255017,193774041,,cycles,53423772,100.00,,
5.710428376,35149,,rD044,53120924,100.00,,
5.710428376,839475,,rFF44,53126074,100.00,,
5.710428376,794088168,,instructions,53131234,100.00,4.12,insn per cycle
5.710428376,192741241,,cycles,53136014,100.00,,
5.810618195,34821,,rD044,52982054,100.00,,
5.810618195,825662,,rFF44,52982614,100.00,,
5.810618195,792715771,,instructions,52982544,100.00,4.12,insn per cycle
5.810618195,192191605,,cycles,52982314,100.00,,
5.910808334,4629,,rD044,52803974,100.00,,
5.910808334,797688,,rFF44,52804124,100.00,,
5.910808334,778701904,,instructions,52803544,100.00,4.07,insn per cycle
5.910808334,191496978,,cycles,52804244,100.00,,
6.010998462,34905,,rD044,52850385,100.00,,
6.010998462,831368,,rFF44,52849975,100.00,,
6.010998462,790284728,,instructions,52850405,100.00,4.12,insn per cycle
6.010998462,191671525,,cycles,52850635,100.00,,
6.111189431,35167,,rD044,52919259,100.00,,
6.111189431,844603,,rFF44,52919129,100.00,,
6.111189431,789595891,,instructions,52918789,100.00,4.11,insn per cycle
6.111189431,191904968,,cycles,52917909,100.00,,
6.211377940,34792,,rD044,52658245,100.00,,
6.211377940,840212,,rFF44,52658295,100.00,,
6.211377940,789455531,,instructions,52658695,100.00,4.13,insn per cycle
6.211377940,190985547,,cycles,52659805,100.00,,
6.311569289,35329,,rD044,52986951,100.00,,
6.311569289,807403,,rFF44,52987501,100.00,,
6.311569289,796777776,,instructions,52987051,100.00,4.15,insn per cycle
6.311569289,192204288,,cycles,52986621,100.00,,
6.411760898,34938,,rD044,52659167,100.00,,
6.411760898,831798,,rFF44,52658657,100.00,,
6.411760898,788445452,,instructions,52658687,100.00,4.13,insn per cycle
6.411760898,190947152,,cycles,52658107,100.00,,
6.511947406,34703,,rD044,52915480,100.00,,
6.511947406,828625,,rFF44,52913210,100.00,,
6.511947406,796318189,,instructions,52908630,100.00,4.15,insn per cycle
6.511947406,191896232,,cycles,52903930,100.00,,
6.612131875,34650,,rD044,53253333,100.00,,
6.612131875,831378,,rFF44,53250193,100.00,,
6.612131875,805025818,,instructions,53250193,100.00,4.17,insn per cycle
6.612131875,193240951,,cycles,53250193,100.00,,
6.712305204,35385,,rD044,53361883,100.00,,
6.712305204,843871,,rFF44,53361883,100.00,,
6.712305204,805180185,,instructions,53361883,100.00,4.16,insn per cycle
6.712305204,193631550,,cycles,53361883,100.00,,
6.812484343,4054,,rD044,53018083,100.00,,
6.812484343,816784,,rFF44,53018083,100.00,,
6.812484343,805230756,,instructions,53018083,100.00,4.19,insn per cycle
6.812484343,192332982,,cycles,53018083,100.00,,
6.912658681,34830,,rD044,53173108,100.00,,
6.912658681,832710,,rFF44,53173108,100.00,,
6.912658681,805277315,,instructions,53173108,100.00,4.17,insn per cycle
6.912658681,192937111,,cycles,53173108,100.00,,
7.012836110,35957,,rD044,53337147,100.00,,
7.012836110,833707,,rFF44,53337147,100.00,,
7.012836110,805656666,,instructions,53337147,100.00,4.16,insn per cycle
7.012836110,193546236,,cycles,53337147,100.00,,
7.113013418,34866,,rD044,53429892,100.00,,
7.113013418,841182,,rFF44,53429892,100.00,,
7.113013418,806990438,,instructions,53429892,100.00,4.16,insn per cycle
7.113013418,193875747,,cycles,53429892,100.00,,
7.213187817,35463,,rD044,53305475,100.00,,
7.213187817,842834,,rFF44,53305475,100.00,,
7.213187817,805762176,,instructions,53305475,100.00,4.17,insn per cycle
7.213187817,193420063,,cycles,53305475,100.00,,
7.313363776,34604,,rD044,53135597,100.00,,
7.313363776,847872,,rFF44,53129567,100.00,,
7.313363776,805765169,,instructions,53138337,100.00,4.18,insn per cycle
7.313363776,192799808,,cycles,53138337,100.00,,
7.413545584,34700,,rD044,53065009,100.00,,
7.413545584,812057,,rFF44,53071039,100.00,,
7.413545584,805363216,,instructions,53062269,100.00,4.18,insn per cycle
7.413545584,192503618,,cycles,53062269,100.00,,
7.513719033,35365,,rD044,53128772,100.00,,
7.513719033,835220,,rFF44,53128772,100.00,,
7.513719033,804294905,,instructions,53128772,100.00,4.17,insn per cycle
7.513719033,192753803,,cycles,53128772,100.00,,
7.613895482,35001,,rD044,53065268,100.00,,
7.613895482,829865,,rFF44,53065268,100.00,,
7.613895482,802554707,,instructions,53065268,100.00,4.17,insn per cycle
7.613895482,192490725,,cycles,53065268,100.00,,
7.714071570,35195,,rD044,52936341,100.00,,
7.714071570,832124,,rFF44,52941521,100.00,,
7.714071570,801212634,,instructions,52946471,100.00,4.17,insn per cycle
7.714071570,192060138,,cycles,52952161,100.00,,
7.814298369,34759,,rD044,52854298,100.00,,
7.814298369,845803,,rFF44,52849118,100.00,,
7.814298369,800194060,,instructions,52844168,100.00,4.18,insn per cycle
7.814298369,191616670,,cycles,52838478,100.00,,
7.914473148,4291,,rD044,52780935,100.00,,
7.914473148,815959,,rFF44,52780935,100.00,,
7.914473148,800447191,,instructions,52780935,100.00,4.18,insn per cycle
7.914473148,191414957,,cycles,52780935,100.00,,
8.014649227,35192,,rD044,52818699,100.00,,
8.014649227,844663,,rFF44,52823869,100.00,,
8.014649227,796186959,,instructions,52828809,100.00,4.16,insn per cycle
8.014649227,191582052,,cycles,52834509,100.00,,
8.114839316,35195,,rD044,52508062,100.00,,
8.114839316,835084,,rFF44,52508342,100.00,,
8.114839316,792898074,,instructions,52508272,100.00,4.16,insn per cycle
8.114839316,190398711,,cycles,52508282,100.00,,
8.215026984,34715,,rD044,52752629,100.00,,
8.215026984,832382,,rFF44,52752649,100.00,,
8.215026984,796415529,,instructions,52752939,100.00,4.16,insn per cycle
8.215026984,191291997,,cycles,52751969,100.00,,
8.315229563,35219,,rD044,52944143,100.00,,
8.315229563,805434,,rFF44,52944063,100.00,,
8.315229563,800488600,,instructions,52943564,100.00,4.17,insn per cycle
8.315229563,191990273,,cycles,52943284,100.00,,
8.415418122,34899,,rD044,52741071,100.00,,
8.415418122,844039,,rFF44,52740771,100.00,,
8.415418122,795457462,,instructions,52741350,100.00,4.16,insn per cycle
8.415418122,191228439,,cycles,52742540,100.00,,
8.515609891,34855,,rD044,52620872,100.00,,
8.515609891,842094,,rFF44,52621152,100.00,,
8.515609891,794622263,,instructions,52620872,100.00,4.17,insn per cycle
8.515609891,190784812,,cycles,52621232,100.00,,
8.615800740,34996,,rD044,52707706,100.00,,
8.615800740,830238,,rFF44,52707536,100.00,,
8.615800740,799737060,,instructions,52707436,100.00,4.18,insn per cycle
8.615800740,191128231,,cycles,52706886,100.00,,
8.715991679,34866,,rD044,52709277,100.00,,
8.715991679,815204,,rFF44,52708887,100.00,,
8.715991679,805133604,,instructions,52708907,100.00,4.21,insn per cycle
8.715991679,191115316,,cycles,52707887,100.00,,
8.816179147,4165,,rD044,52767896,100.00,,
8.816179147,785076,,rFF44,52768436,100.00,,
8.816179147,810714153,,instructions,52768566,100.00,4.24,insn per cycle
8.816179147,191313313,,cycles,52769686,100.00,,
8.916370936,35177,,rD044,53171411,100.00,,
8.916370936,824235,,rFF44,53171721,100.00,,
8.916370936,814252019,,instructions,53172791,100.00,4.22,insn per cycle
8.916370936,192850472,,cycles,53172831,100.00,,
9.016561915,35121,,rD044,53177544,100.00,,
9.016561915,833515,,rFF44,53177574,100.00,,
9.016561915,813175080,,instructions,53176604,100.00,4.22,insn per cycle
9.016561915,192876347,,cycles,53176494,100.00,,
9.116753814,35104,,rD044,53092116,100.00,,
9.116753814,840161,,rFF44,53091736,100.00,,
9.116753814,812704359,,instructions,53091156,100.00,4.22,insn per cycle
9.116753814,192533301,,cycles,53089916,100.00,,
9.216942633,35192,,rD044,52602300,100.00,,
9.216942633,820254,,rFF44,52602760,100.00,,
9.216942633,802957082,,instructions,52602990,100.00,4.21,insn per cycle
9.216942633,190696820,,cycles,52603970,100.00,,
9.317133441,35251,,rD044,52847679,100.00,,
9.317133441,782811,,rFF44,52847619,100.00,,
9.317133441,812860001,,instructions,52847259,100.00,4.24,insn per cycle
9.317133441,191600499,,cycles,52846139,100.00,,
9.417323150,34987,,rD044,52673400,100.00,,
9.417323150,824150,,rFF44,52673461,100.00,,
9.417323150,808514749,,instructions,52673881,100.00,4.23,insn per cycle
9.417323150,190968779,,cycles,52674541,100.00,,
9.517514179,34861,,rD044,52316125,100.00,,
9.517514179,826349,,rFF44,52315454,100.00,,
9.517514179,804286418,,instructions,52315374,100.00,4.24,insn per cycle
9.517514179,189601885,,cycles,52315654,100.00,,
9.617707918,34823,,rD044,52534985,100.00,,
9.617707918,835680,,rFF44,52535085,100.00,,
9.617707918,805121031,,instructions,52535165,100.00,4.23,insn per cycle
9.617707918,190427886,,cycles,52535195,100.00,,
9.717895877,34542,,rD044,52593055,100.00,,
9.717895877,834622,,rFF44,52592995,100.00,,
9.717895877,807003442,,instructions,52592955,100.00,4.23,insn per cycle
9.717895877,190713294,,cycles,52593365,100.00,,
9.818086925,4397,,rD044,52734197,100.00,,
9.818086925,795772,,rFF44,52734497,100.00,,
9.818086925,812147676,,instructions,52734337,100.00,4.25,insn per cycle
9.818086925,191288741,,cycles,52763477,100.00,,
9.918304825,34790,,rD044,52567685,100.00,,
9.918304825,820472,,rFF44,52568345,100.00,,
9.918304825,805858567,,instructions,52568245,100.00,4.23,insn per cycle
9.918304825,190474697,,cycles,52539195,100.00,,
10.018496463,35273,,rD044,52610485,100.00,,
10.018496463,826302,,rFF44,52609765,100.00,,
10.018496463,804992661,,instructions,52610015,100.00,4.22,insn per cycle
10.018496463,190755547,,cycles,52609945,100.00,,
10.118685242,34821,,rD044,52648690,100.00,,
10.118685242,833139,,rFF44,52649010,100.00,,
10.118685242,806836161,,instructions,52648530,100.00,4.23,insn per cycle
10.118685242,190900062,,cycles,52647700,100.00,,
10.218873121,35000,,rD044,52616534,100.00,,
10.218873121,837130,,rFF44,52616634,100.00,,
10.218873121,806226513,,instructions,52616954,100.00,4.23,insn per cycle
10.218873121,190770178,,cycles,52617424,100.00,,
10.319060890,35313,,rD044,52771238,100.00,,
10.319060890,829442,,rFF44,52771108,100.00,,
10.319060890,808169796,,instructions,52771658,100.00,4.22,insn per cycle
10.319060890,191307562,,cycles,52771438,100.00,,
10.419263789,34770,,rD044,52651325,100.00,,
10.419263789,822806,,rFF44,52650725,100.00,,
10.419263789,806164048,,instructions,52650595,100.00,4.22,insn per cycle
10.419263789,190899368,,cycles,52650345,100.00,,
10.519453937,35107,,rD044,52703075,100.00,,
10.519453937,826855,,rFF44,52703735,100.00,,
10.519453937,807279595,,instructions,52703445,100.00,4.22,insn per cycle
10.519453937,191093492,,cycles,52703485,100.00,,
10.619642096,34983,,rD044,52731474,100.00,,
10.619642096,825674,,rFF44,52731494,100.00,,
10.619642096,808807328,,instructions,52731594,100.00,4.23,insn per cycle
10.619642096,191176263,,cycles,52732334,100.00,,
10.719832955,35185,,rD044,52669510,100.00,,
10.719832955,840048,,rFF44,52669370,100.00,,
10.719832955,802957306,,instructions,52669460,100.00,4.20,insn per cycle
10.719832955,190959904,,cycles,52669140,100.00,,
10.820021824,4584,,rD044,52798457,100.00,,
10.820021824,812988,,rFF44,52798817,100.00,,
10.820021824,806203472,,instructions,52799067,100.00,4.21,insn per cycle
10.820021824,191481492,,cycles,52799557,100.00,,
10.920225843,35582,,rD044,52623246,100.00,,
10.920225843,847596,,rFF44,52622986,100.00,,
10.920225843,795032028,,instructions,52623556,100.00,4.17,insn per cycle
10.920225843,190818978,,cycles,52622976,100.00,,
11.020417672,34759,,rD044,52836866,100.00,,
11.020417672,835061,,rFF44,52836086,100.00,,
11.020417672,799058970,,instructions,52835226,100.00,4.17,insn per cycle
11.020417672,191620378,,cycles,52834766,100.00,,
11.120606000,35246,,rD044,52816474,100.00,,
11.120606000,834186,,rFF44,52816914,100.00,,
11.120606000,799459030,,instructions,52816564,100.00,4.17,insn per cycle
11.120606000,191514126,,cycles,52816304,100.00,,
11.220793939,34728,,rD044,52775023,100.00,,
11.220793939,836752,,rFF44,52775493,100.00,,
11.220793939,797282603,,instructions,52775523,100.00,4.17,insn per cycle
11.220793939,191387443,,cycles,52776713,100.00,,
11.320986588,35034,,rD044,52784462,100.00,,
11.320986588,802386,,rFF44,52784662,100.00,,
11.320986588,802056595,,instructions,52784752,100.00,4.19,insn per cycle
11.320986588,191421605,,cycles,52783642,100.00,,
11.421175787,35134,,rD044,52760784,100.00,,
11.421175787,852988,,rFF44,52760154,100.00,,
11.421175787,799126625,,instructions,52760594,100.00,4.18,insn per cycle
11.421175787,191303964,,cycles,52760824,100.00,,
11.521368386,34659,,rD044,52811761,100.00,,
11.521368386,843867,,rFF44,52812101,100.00,,
11.521368386,800428880,,instructions,52810881,100.00,4.18,insn per cycle
11.521368386,191514542,,cycles,52811051,100.00,,
11.621556524,34915,,rD044,53079775,100.00,,
11.621556524,827947,,rFF44,53074025,100.00,,
11.621556524,805243035,,instructions,53070145,100.00,4.18,insn per cycle
11.621556524,192503278,,cycles,53065335,100.00,,
11.721731843,34889,,rD044,53183031,100.00,,
11.721731843,830238,,rFF44,53186741,100.00,,
11.721731843,806898004,,instructions,53186741,100.00,4.18,insn per cycle
11.721731843,192967641,,cycles,53186741,100.00,,
11.821914402,4600,,rD044,52959399,100.00,,
11.821914402,802918,,rFF44,52955689,100.00,,
11.821914402,808012642,,instructions,52955689,100.00,4.21,insn per cycle
11.821914402,192028756,,cycles,52955689,100.00,,
11.922089420,34975,,rD044,53059736,100.00,,
11.922089420,839553,,rFF44,53059736,100.00,,
11.922089420,806819049,,instructions,53059736,100.00,4.19,insn per cycle
11.922089420,192476500,,cycles,53059736,100.00,,
12.022297899,44986,,rD044,51404821,100.00,,
12.022297899,888348,,rFF44,51410111,100.00,,
12.022297899,766696478,,instructions,51415811,100.00,4.12,insn per cycle
12.022297899,186144106,,cycles,51421871,100.00,,
12.122491358,46441,,rD044,52352374,100.00,,
12.122491358,851004,,rFF44,52352614,100.00,,
12.122491358,784383777,,instructions,52352234,100.00,4.13,insn per cycle
12.122491358,189789643,,cycles,52352134,100.00,,
12.222682917,46496,,rD044,52811932,100.00,,
12.222682917,790269,,rFF44,52811582,100.00,,
12.222682917,798574248,,instructions,52811172,100.00,4.17,insn per cycle
12.222682917,191518778,,cycles,52810042,100.00,,
12.322872946,46440,,rD044,53448348,100.00,,
12.322872946,833280,,rFF44,53443168,100.00,,
12.322872946,806637374,,instructions,53438258,100.00,4.16,insn per cycle
12.322872946,193907725,,cycles,53433428,100.00,,
12.423048454,46154,,rD044,53365820,100.00,,
12.423048454,833529,,rFF44,53368970,100.00,,
12.423048454,806903815,,instructions,53368970,100.00,4.17,insn per cycle
12.423048454,193652222,,cycles,53368970,100.00,,
12.523245153,46352,,rD044,53524538,100.00,,
12.523245153,851506,,rFF44,53521388,100.00,,
12.523245153,807136603,,instructions,53521388,100.00,4.16,insn per cycle
12.523245153,194238137,,cycles,53529458,100.00,,
12.623431222,46443,,rD044,53710726,100.00,,
12.623431222,854359,,rFF44,53710726,100.00,,
12.623431222,807033930,,instructions,53710726,100.00,4.14,insn per cycle
12.623431222,194941626,,cycles,53702656,100.00,,
12.723611881,15999,,rD044,53368296,100.00,,
12.723611881,808847,,rFF44,53368296,100.00,,
12.723611881,807014464,,instructions,53368296,100.00,4.17,insn per cycle
12.723611881,193658250,,cycles,53368296,100.00,,
12.823786019,46156,,rD044,53526883,100.00,,
12.823786019,825600,,rFF44,53526883,100.00,,
12.823786019,806806627,,instructions,53526883,100.00,4.15,insn per cycle
12.823786019,194287461,,cycles,53526883,100.00,,
12.923960568,46717,,rD044,53711640,100.00,,
12.923960568,846031,,rFF44,53711640,100.00,,
12.923960568,806906355,,instructions,53711640,100.00,4.14,insn per cycle
12.923960568,194950394,,cycles,53711640,100.00,,
13.024135036,46784,,rD044,53291949,100.00,,
13.024135036,842739,,rFF44,53291949,100.00,,
13.024135036,800597841,,instructions,53291949,100.00,4.14,insn per cycle
13.024135036,193343710,,cycles,53291949,100.00,,
13.124312395,47554,,rD044,51457953,100.00,,
13.124312395,825926,,rFF44,51457953,100.00,,
13.124312395,775418976,,instructions,51457953,100.00,4.16,insn per cycle
13.124312395,186183492,,cycles,51457953,100.00,,
13.224486244,47168,,rD044,51218095,100.00,,
13.224486244,860015,,rFF44,51218095,100.00,,
13.224486244,773875783,,instructions,51218095,100.00,4.18,insn per cycle
13.224486244,185271953,,cycles,51218095,100.00,,
13.324660402,46660,,rD044,52269383,100.00,,
13.324660402,838922,,rFF44,52274593,100.00,,
13.324660402,794613346,,instructions,52279653,100.00,4.19,insn per cycle
13.324660402,189433216,,cycles,52285423,100.00,,
13.424851941,46482,,rD044,52761212,100.00,,
13.424851941,833736,,rFF44,52761702,100.00,,
13.424851941,804813066,,instructions,52761402,100.00,4.21,insn per cycle
13.424851941,191326214,,cycles,52760472,100.00,,
13.525042100,16178,,rD044,51801434,100.00,,
13.525042100,809196,,rFF44,51795734,100.00,,
13.525042100,790417006,,instructions,51790974,100.00,4.21,insn per cycle
13.525042100,187531873,,cycles,51786134,100.00,,
13.625259059,47203,,rD044,51447378,100.00,,
13.625259059,875707,,rFF44,51447378,100.00,,
13.625259059,774459301,,instructions,51447378,100.00,4.16,insn per cycle
13.625259059,186145400,,cycles,51447378,100.00,,
13.725434158,47195,,rD044,51639433,100.00,,
13.725434158,866827,,rFF44,51644803,100.00,,
13.725434158,778569517,,instructions,51649393,100.00,4.17,insn per cycle
13.725434158,186915642,,cycles,51654483,100.00,,
13.825623576,46200,,rD044,52860529,100.00,,
13.825623576,838019,,rFF44,52860439,100.00,,
13.825623576,807532083,,instructions,52860439,100.00,4.21,insn per cycle
13.825623576,191738034,,cycles,52860199,100.00,,
13.925813295,46562,,rD044,52506195,100.00,,
13.925813295,796796,,rFF44,52500915,100.00,,
13.925813295,803499653,,instructions,52496325,100.00,4.22,insn per cycle
13.925813295,190297767,,cycles,52491475,100.00,,
14.025987804,46962,,rD044,51092062,100.00,,
14.025987804,833497,,rFF44,51099492,100.00,,
14.025987804,773565226,,instructions,51103282,100.00,4.18,insn per cycle
14.025987804,184855320,,cycles,51103282,100.00,,
14.126178923,46728,,rD044,51136627,100.00,,
14.126178923,838810,,rFF44,51129197,100.00,,
14.126178923,774732994,,instructions,51125407,100.00,4.19,insn per cycle
14.126178923,184937803,,cycles,51125407,100.00,,
14.226354771,15751,,rD044,52543123,100.00,,
14.226354771,804392,,rFF44,52548033,100.00,,
14.226354771,806842849,,instructions,52553083,100.00,4.23,insn per cycle
14.226354771,190547488,,cycles,52558103,100.00,,
14.326543220,46864,,rD044,51467484,100.00,,
14.326543220,848945,,rFF44,51467794,100.00,,
14.326543220,780792462,,instructions,51467514,100.00,4.19,insn per cycle
14.326543220,186473336,,cycles,51467334,100.00,,
14.426734019,46688,,rD044,52830193,100.00,,
14.426734019,841748,,rFF44,52824973,100.00,,
14.426734019,801647499,,instructions,52820203,100.00,4.19,insn per cycle
14.426734019,191502274,,cycles,52815363,100.00,,
14.526910557,46755,,rD044,51588892,100.00,,
14.526910557,834969,,rFF44,51588892,100.00,,
14.526910557,773453844,,instructions,51588892,100.00,4.14,insn per cycle
14.526910557,186796430,,cycles,51588892,100.00,,
14.627085716,47075,,rD044,51475121,100.00,,
14.627085716,805712,,rFF44,51475121,100.00,,
14.627085716,773544811,,instructions,51475121,100.00,4.15,insn per cycle
14.627085716,186268265,,cycles,51475121,100.00,,
14.727275945,46433,,rD044,51517126,100.00,,
14.727275945,840045,,rFF44,51517126,100.00,,
14.727275945,773365564,,instructions,51517126,100.00,4.15,insn per cycle
14.727275945,186493880,,cycles,51517126,100.00,,
14.827453224,46439,,rD044,52851834,100.00,,
14.827453224,852178,,rFF44,52857364,100.00,,
14.827453224,797039815,,instructions,52862364,100.00,4.16,insn per cycle
14.827453224,191698121,,cycles,52867424,100.00,,
14.927641572,46374,,rD044,53031612,100.00,,
14.927641572,847389,,rFF44,53031082,100.00,,
14.927641572,804222542,,instructions,53031272,100.00,4.18,insn per cycle
14.927641572,192365894,,cycles,53030912,100.00,,
15.027832601,15981,,rD044,52093064,100.00,,
15.027832601,809441,,rFF44,52095294,100.00,,
15.027832601,787790058,,instructions,52093794,100.00,4.17,insn per cycle
15.027832601,188717538,,cycles,52089094,100.00,,
15.128021550,46831,,rD044,51647795,100.00,,
15.128021550,834448,,rFF44,51640565,100.00,,
15.128021550,773419177,,instructions,51636875,100.00,4.14,insn per cycle
15.128021550,186930055,,cycles,51636875,100.00,,
15.228201959,46541,,rD044,51605010,100.00,,
15.228201959,836513,,rFF44,51605010,100.00,,
15.228201959,774557387,,instructions,51605010,100.00,4.15,insn per cycle
15.228201959,186752459,,cycles,51605010,100.00,,
15.328378597,46755,,rD044,52484775,100.00,,
15.328378597,809390,,rFF44,52489885,100.00,,
15.328378597,793781435,,instructions,52494755,100.00,4.17,insn per cycle
15.328378597,190252844,,cycles,52499895,100.00,,
15.428568206,46271,,rD044,53056554,100.00,,
15.428568206,855334,,rFF44,53056974,100.00,,
15.428568206,802165695,,instructions,53056954,100.00,4.17,insn per cycle
15.428568206,192443173,,cycles,53056774,100.00,,
15.528758175,46713,,rD044,52713341,100.00,,
15.528758175,853985,,rFF44,52707811,100.00,,
15.528758175,793356006,,instructions,52702961,100.00,4.15,insn per cycle
15.528758175,191078621,,cycles,52698001,100.00,,
15.628933554,46786,,rD044,51382851,100.00,,
15.628933554,835751,,rFF44,51382851,100.00,,
15.628933554,773364571,,instructions,51382851,100.00,4.16,insn per cycle
15.628933554,185938022,,cycles,51382851,100.00,,
15.729144583,16425,,rD044,51450548,100.00,,
15.729144583,813908,,rFF44,51450548,100.00,,
15.729144583,773633911,,instructions,51450548,100.00,4.16,insn per cycle
15.729144583,186160409,,cycles,51450548,100.00,,
15.829321891,47244,,rD044,52281267,100.00,,
15.829321891,847537,,rFF44,52286697,100.00,,
15.829321891,785372339,,instructions,52291527,100.00,4.15,insn per cycle
15.829321891,189440556,,cycles,52296107,100.00,,
15.929510120,46269,,rD044,52889537,100.00,,
15.929510120,842654,,rFF44,52889797,100.00,,
15.929510120,799899037,,instructions,52890067,100.00,4.17,insn per cycle
15.929510120,191794694,,cycles,52890027,100.00,,
16.029698569,46758,,rD044,53020517,100.00,,
16.029698569,822918,,rFF44,53014827,100.00,,
16.029698569,804040379,,instructions,53009727,100.00,4.18,insn per cycle
16.029698569,192239343,,cycles,53005187,100.00,,
16.129872288,47186,,rD044,51540941,100.00,,
16.129872288,856290,,rFF44,51540941,100.00,,
16.129872288,773537537,,instructions,51540941,100.00,4.15,insn per cycle
16.129872288,186573892,,cycles,51540941,100.00,,
16.230048176,46770,,rD044,51489489,100.00,,
16.230048176,839570,,rFF44,51489489,100.00,,
16.230048176,773519027,,instructions,51489489,100.00,4.15,insn per cycle
16.230048176,186336140,,cycles,51489489,100.00,,
16.330238445,46874,,rD044,51948842,100.00,,
16.330238445,850872,,rFF44,51954513,100.00,,
16.330238445,778072479,,instructions,51959363,100.00,4.14,insn per cycle
16.330238445,188132472,,cycles,51963923,100.00,,
16.430427754,16148,,rD044,53265579,100.00,,
16.430427754,817437,,rFF44,53265448,100.00,,
16.430427754,809302841,,instructions,53265518,100.00,4.19,insn per cycle
16.430427754,193206446,,cycles,53265788,100.00,,
16.530617512,46549,,rD044,52945146,100.00,,
16.530617512,846038,,rFF44,52945336,100.00,,
16.530617512,800185164,,instructions,52944656,100.00,4.17,insn per cycle
16.530617512,192022697,,cycles,52945346,100.00,,
16.630807101,46564,,rD044,51430160,100.00,,
16.630807101,845102,,rFF44,51424430,100.00,,
16.630807101,776172166,,instructions,51420190,100.00,4.17,insn per cycle
16.630807101,186283196,,cycles,51414670,100.00,,
16.730984600,46799,,rD044,51477328,100.00,,
16.730984600,809866,,rFF44,51477328,100.00,,
16.730984600,773283873,,instructions,51477328,100.00,4.15,insn per cycle
16.730984600,186356913,,cycles,51477328,100.00,,
16.831159549,46917,,rD044,51624428,100.00,,
16.831159549,843874,,rFF44,51624428,100.00,,
16.831159549,773471389,,instructions,51633368,100.00,4.14,insn per cycle
16.831159549,186870577,,cycles,51639168,100.00,,
16.931354197,46922,,rD044,51876145,100.00,,
16.931354197,848517,,rFF44,51880955,100.00,,
16.931354197,776630234,,instructions,51877255,100.00,4.14,insn per cycle
16.931354197,187778656,,cycles,51876505,100.00,,
17.031544476,46940,,rD044,53028352,100.00,,
17.031544476,844539,,rFF44,53028952,100.00,,
17.031544476,802253996,,instructions,53029072,100.00,4.17,insn per cycle
17.031544476,192342400,,cycles,53028532,100.00,,
17.131734905,15568,,rD044,52939432,100.00,,
17.131734905,816346,,rFF44,52939072,100.00,,
17.131734905,805603153,,instructions,52938302,100.00,4.20,insn per cycle
17.131734905,191969460,,cycles,52938812,100.00,,
17.231926524,46848,,rD044,51674902,100.00,,
17.231926524,849133,,rFF44,51669852,100.00,,
17.231926524,777672615,,instructions,51665262,100.00,4.16,insn per cycle
17.231926524,187071590,,cycles,51660242,100.00,,
17.332101942,46886,,rD044,51709343,100.00,,
17.332101942,850478,,rFF44,51709343,100.00,,
17.332101942,773666630,,instructions,51709343,100.00,4.13,insn per cycle
17.332101942,187157184,,cycles,51709343,100.00,,
17.432311641,47030,,rD044,51589111,100.00,,
17.432311641,815092,,rFF44,51594411,100.00,,
17.432311641,773957016,,instructions,51599271,100.00,4.14,insn per cycle
17.432311641,186728382,,cycles,51603851,100.00,,
17.532502780,46760,,rD044,53019176,100.00,,
17.532502780,842682,,rFF44,53019266,100.00,,
17.532502780,797794907,,instructions,53019276,100.00,4.15,insn per cycle
17.532502780,192273792,,cycles,53019646,100.00,,
17.632695439,46570,,rD044,53108076,100.00,,
17.632695439,854967,,rFF44,53107726,100.00,,
17.632695439,798294218,,instructions,53107376,100.00,4.14,insn per cycle
17.632695439,192600213,,cycles,53107716,100.00,,
17.732886168,46456,,rD044,52721330,100.00,,
17.732886168,854957,,rFF44,52716290,100.00,,
17.732886168,793347474,,instructions,52711770,100.00,4.15,insn per cycle
17.732886168,191120464,,cycles,52706480,100.00,,
17.833060757,16571,,rD044,51543839,100.00,,
17.833060757,821012,,rFF44,51543839,100.00,,
17.833060757,772934625,,instructions,51543839,100.00,4.14,insn per cycle
17.833060757,186533592,,cycles,51543839,100.00,,
17.933250705,47350,,rD044,51860871,100.00,,
17.933250705,848416,,rFF44,51860871,100.00,,
17.933250705,772985232,,instructions,51860871,100.00,4.12,insn per cycle
17.933250705,187733262,,cycles,51860871,100.00,,
18.033424734,46662,,rD044,51617775,100.00,,
18.033424734,833901,,rFF44,51617775,100.00,,
18.033424734,772508694,,instructions,51617775,100.00,4.13,insn per cycle
18.033424734,186833996,,cycles,51617775,100.00,,
18.133600453,46612,,rD044,52790674,100.00,,
18.133600453,840689,,rFF44,52795774,100.00,,
18.133600453,793033898,,instructions,52800524,100.00,4.14,insn per cycle
18.133600453,191473909,,cycles,52805444,100.00,,
18.233791161,46436,,rD044,52837721,100.00,,
18.233791161,812626,,rFF44,52837691,100.00,,
18.233791161,798351606,,instructions,52838351,100.00,4.17,insn per cycle
18.233791161,191623495,,cycles,52837901,100.00,,
18.333981270,46585,,rD044,53070458,100.00,,
18.333981270,858086,,rFF44,53065388,100.00,,
18.333981270,796351422,,instructions,53059978,100.00,4.14,insn per cycle
18.333981270,192404378,,cycles,53055508,100.00,,
18.434157249,47117,,rD044,50980370,100.00,,
18.434157249,852242,,rFF44,50980370,100.00,,
18.434157249,774452864,,instructions,50980370,100.00,4.20,insn per cycle
18.434157249,184433259,,cycles,50980370,100.00,,
18.534332497,46822,,rD044,51789568,100.00,,
18.534332497,832332,,rFF44,51789568,100.00,,
18.534332497,761654387,,instructions,51789568,100.00,4.06,insn per cycle
18.534332497,187473745,,cycles,51789568,100.00,,
18.634507816,16291,,rD044,51822142,100.00,,
18.634507816,811136,,rFF44,51828172,100.00,,
18.634507816,773382117,,instructions,51832862,100.00,4.12,insn per cycle
18.634507816,187689112,,cycles,51837862,100.00,,
18.734698695,46491,,rD044,52868224,100.00,,
18.734698695,832491,,rFF44,52868014,100.00,,
18.734698695,779767622,,instructions,52868534,100.00,4.07,insn per cycle
18.734698695,191754974,,cycles,52868484,100.00,,
18.834889214,46377,,rD044,53146366,100.00,,
18.834889214,848811,,rFF44,53145866,100.00,,
18.834889214,789071884,,instructions,53146136,100.00,4.09,insn per cycle
18.834889214,192744563,,cycles,53145776,100.00,,
18.935078433,46535,,rD044,51450882,100.00,,
18.935078433,811865,,rFF44,51450832,100.00,,
18.935078433,760361542,,instructions,51450262,100.00,4.08,insn per cycle
18.935078433,186425678,,cycles,51450762,100.00,,
19.035277822,46516,,rD044,52609192,100.00,,
19.035277822,848400,,rFF44,52609582,100.00,,
19.035277822,779597918,,instructions,52609752,100.00,4.09,insn per cycle
19.035277822,190735681,,cycles,52609392,100.00,,
19.135467010,46675,,rD044,52485195,100.00,,
19.135467010,838361,,rFF44,52479535,100.00,,
19.135467010,777694284,,instructions,52481395,100.00,4.09,insn per cycle
19.135467010,190206574,,cycles,52481495,100.00,,
19.235659319,46763,,rD044,51753795,100.00,,
19.235659319,834103,,rFF44,51753795,100.00,,
19.235659319,759983327,,instructions,51746855,100.00,4.06,insn per cycle
19.235659319,187353915,,cycles,51742025,100.00,,
19.335833498,15927,,rD044,51587802,100.00,,
19.335833498,809781,,rFF44,51587802,100.00,,
19.335833498,761951029,,instructions,51587802,100.00,4.08,insn per cycle
19.335833498,186738302,,cycles,51587802,100.00,,
19.436010327,46735,,rD044,51869653,100.00,,
19.436010327,845314,,rFF44,51869653,100.00,,
19.436010327,758820866,,instructions,51869653,100.00,4.04,insn per cycle
19.436010327,187853470,,cycles,51869653,100.00,,
19.536185665,46615,,rD044,52671377,100.00,,
19.536185665,853080,,rFF44,52677008,100.00,,
19.536185665,776052163,,instructions,52682748,100.00,4.06,insn per cycle
19.536185665,190977542,,cycles,52687708,100.00,,
19.636376454,46661,,rD044,52985607,100.00,,
19.636376454,840113,,rFF44,52984716,100.00,,
19.636376454,779696162,,instructions,52984226,100.00,4.06,insn per cycle
19.636376454,192188802,,cycles,52984676,100.00,,
19.736565223,46121,,rD044,52782748,100.00,,
19.736565223,796109,,rFF44,52782348,100.00,,
19.736565223,785871200,,instructions,52781358,100.00,4.11,insn per cycle
19.736565223,191416868,,cycles,52780848,100.00,,
19.836753902,46503,,rD044,53104323,100.00,,
19.836753902,834074,,rFF44,53105443,100.00,,
19.836753902,775542014,,instructions,53105903,100.00,4.03,insn per cycle
19.836753902,192596740,,cycles,53105433,100.00,,
19.936944141,47016,,rD044,52073787,100.00,,
19.936944141,849553,,rFF44,52068327,100.00,,
19.936944141,751160744,,instructions,52063607,100.00,3.98,insn per cycle
19.936944141,188542239,,cycles,52059177,100.00,,
20.037118799,47033,,rD044,51956477,100.00,,
20.037118799,855762,,rFF44,51956477,100.00,,
20.037118799,751026976,,instructions,51956477,100.00,3.99,insn per cycle
20.037118799,188102496,,cycles,51956477,100.00,,
20.137294208,16700,,rD044,51987147,100.00,,
20.137294208,826217,,rFF44,51987147,100.00,,
20.137294208,751311533,,instructions,51987147,100.00,3.99,insn per cycle
20.137294208,188207044,,cycles,51987147,100.00,,
20.237468336,47406,,rD044,52000182,100.00,,
20.237468336,842219,,rFF44,52000182,100.00,,
20.237468336,752300253,,instructions,52000182,100.00,4.00,insn per cycle
20.237468336,188265253,,cycles,52000182,100.00,,
20.337645825,46601,,rD044,53073372,100.00,,
20.337645825,838906,,rFF44,53078842,100.00,,
20.337645825,778061388,,instructions,53084952,100.00,4.04,insn per cycle
20.337645825,192509797,,cycles,53089962,100.00,,
20.437836154,46383,,rD044,53041973,100.00,,
20.437836154,809243,,rFF44,53041833,100.00,,
20.437836154,779575465,,instructions,53040663,100.00,4.05,insn per cycle
20.437836154,192333281,,cycles,53040633,100.00,,
20.538022853,46502,,rD044,52777767,100.00,,
20.538022853,834812,,rFF44,52778437,100.00,,
20.538022853,772462269,,instructions,52777807,100.00,4.04,insn per cycle
20.538022853,191361700,,cycles,52777287,100.00,,
20.638211311,46462,,rD044,52720415,100.00,,
20.638211311,848186,,rFF44,52714415,100.00,,
20.638211311,771303168,,instructions,52710105,100.00,4.04,insn per cycle
20.638211311,191045305,,cycles,52705645,100.00,,
20.738387690,47090,,rD044,51906924,100.00,,
20.738387690,846240,,rFF44,51906924,100.00,,
20.738387690,756369931,,instructions,51915134,100.00,4.02,insn per cycle
20.738387690,188009646,,cycles,51919174,100.00,,
20.838578889,16574,,rD044,51799321,100.00,,
20.838578889,802867,,rFF44,51799321,100.00,,
20.838578889,754021527,,instructions,51791111,100.00,4.02,insn per cycle
20.838578889,187448984,,cycles,51787071,100.00,,
20.938752688,46552,,rD044,52097812,100.00,,
20.938752688,835447,,rFF44,52097812,100.00,,
20.938752688,752334777,,instructions,52097812,100.00,3.99,insn per cycle
20.938752688,188658547,,cycles,52097812,100.00,,
21.038928266,46857,,rD044,52056719,100.00,,
21.038928266,834207,,rFF44,52056719,100.00,,
21.038928266,753249923,,instructions,52056719,100.00,4.00,insn per cycle
21.038928266,188532013,,cycles,52056719,100.00,,
21.139102955,46468,,rD044,52936896,100.00,,
21.139102955,804866,,rFF44,52942136,100.00,,
21.139102955,773158579,,instructions,52947116,100.00,4.03,insn per cycle
21.139102955,191985616,,cycles,52952446,100.00,,
21.239306924,47023,,rD044,51503548,100.00,,
21.239306924,844305,,rFF44,51503558,100.00,,
21.239306924,743716119,,instructions,51503638,100.00,3.99,insn per cycle
21.239306924,186541053,,cycles,51503618,100.00,,
21.339498293,46204,,rD044,52906169,100.00,,
21.339498293,839575,,rFF44,52906439,100.00,,
21.339498293,768099718,,instructions,52906139,100.00,4.00,insn per cycle
21.339498293,191859328,,cycles,52905649,100.00,,
21.439688251,46569,,rD044,53057719,100.00,,
21.439688251,833304,,rFF44,53057749,100.00,,
21.439688251,777629138,,instructions,53057520,100.00,4.04,insn per cycle
21.439688251,192418429,,cycles,53057800,100.00,,
21.539877690,15962,,rD044,52878953,100.00,,
21.539877690,799563,,rFF44,52873403,100.00,,
21.539877690,780776119,,instructions,52868872,100.00,4.07,insn per cycle
21.539877690,191676952,,cycles,52863772,100.00,,
21.640056229,46829,,rD044,51935193,100.00,,
21.640056229,836683,,rFF44,51935193,100.00,,
21.640056229,757520834,,instructions,51935193,100.00,4.03,insn per cycle
21.640056229,188100304,,cycles,51935193,100.00,,
21.740246678,46828,,rD044,52035413,100.00,,
21.740246678,847148,,rFF44,52035413,100.00,,
21.740246678,759040873,,instructions,52035413,100.00,4.03,insn per cycle
21.740246678,188453805,,cycles,52035413,100.00,,
21.840422276,46710,,rD044,51761140,100.00,,
21.840422276,814569,,rFF44,51761140,100.00,,
21.840422276,757898876,,instructions,51761140,100.00,4.04,insn per cycle
21.840422276,187406802,,cycles,51761140,100.00,,
21.940598235,46910,,rD044,52109965,100.00,,
21.940598235,839388,,rFF44,52109965,100.00,,
21.940598235,757984595,,instructions,52109965,100.00,4.02,insn per cycle
21.940598235,188699311,,cycles,52109965,100.00,,
22.040774474,46546,,rD044,52835138,100.00,,
22.040774474,833951,,rFF44,52840678,100.00,,
22.040774474,770726492,,instructions,52845288,100.00,4.02,insn per cycle
22.040774474,191613311,,cycles,52850038,100.00,,
22.140962972,46663,,rD044,53083130,100.00,,
22.140962972,829324,,rFF44,53083730,100.00,,
22.140962972,779138802,,instructions,53083840,100.00,4.05,insn per cycle
22.140962972,192519225,,cycles,53085320,100.00,,
22.241155351,16062,,rD044,52790336,100.00,,
22.241155351,796049,,rFF44,52789876,100.00,,
22.241155351,778084367,,instructions,52790716,100.00,4.06,insn per cycle
22.241155351,191422709,,cycles,52789266,100.00,,
22.341351140,46573,,rD044,52527317,100.00,,
22.341351140,840789,,rFF44,52521637,100.00,,
22.341351140,768437715,,instructions,52516077,100.00,4.04,insn per cycle
22.341351140,190385963,,cycles,52511297,100.00,,
22.441526839,47041,,rD044,52122515,100.00,,
22.441526839,862929,,rFF44,52122515,100.00,,
22.441526839,756899640,,instructions,52122515,100.00,4.01,insn per cycle
22.441526839,188731383,,cycles,52122515,100.00,,
22.541704827,46705,,rD044,52181369,100.00,,
22.541704827,829466,,rFF44,52188799,100.00,,
22.541704827,762051167,,instructions,52193529,100.00,4.03,insn per cycle
22.541704827,189034392,,cycles,52193529,100.00,,
22.641893896,46973,,rD044,52110384,100.00,,
22.641893896,804623,,rFF44,52102954,100.00,,
22.641893896,762143342,,instructions,52098224,100.00,4.04,insn per cycle
22.641893896,188681096,,cycles,52098224,100.00,,
22.742070315,47110,,rD044,52027913,100.00,,
22.742070315,843566,,rFF44,52027913,100.00,,
22.742070315,762611939,,instructions,52027913,100.00,4.05,insn per cycle
22.742070315,188405146,,cycles,52027913,100.00,,
22.842282294,47110,,rD044,52793704,100.00,,
22.842282294,858637,,rFF44,52799424,100.00,,
22.842282294,782686107,,instructions,52804334,100.00,4.09,insn per cycle
22.842282294,191369747,,cycles,52809414,100.00,,
22.942475193,47018,,rD044,53270128,100.00,,
22.942475193,858416,,rFF44,53269888,100.00,,
22.942475193,791690943,,instructions,53269838,100.00,4.10,insn per cycle
22.942475193,193209207,,cycles,53269639,100.00,,
23.042664712,16037,,rD044,52465305,100.00,,
23.042664712,821904,,rFF44,52463385,100.00,,
23.042664712,784477114,,instructions,52458525,100.00,4.13,insn per cycle
23.042664712,190064674,,cycles,52453644,100.00,,
23.142850450,47306,,rD044,51655562,100.00,,
23.142850450,846869,,rFF44,51652002,100.00,,
23.142850450,768374034,,instructions,51652002,100.00,4.11,insn per cycle
23.142850450,186902684,,cycles,51652002,100.00,,
23.243024059,47116,,rD044,51374347,100.00,,
23.243024059,839504,,rFF44,51374347,100.00,,
23.243024059,764276144,,instructions,51374347,100.00,4.11,insn per cycle
23.243024059,185846679,,cycles,51382167,100.00,,
23.343210418,47079,,rD044,52443295,100.00,,
23.343210418,845892,,rFF44,52448635,100.00,,
23.343210418,780027720,,instructions,52454215,100.00,4.10,insn per cycle
23.343210418,190040883,,cycles,52451355,100.00,,
23.443401237,46304,,rD044,52752356,100.00,,
23.443401237,811582,,rFF44,52752776,100.00,,
23.443401237,786830380,,instructions,52752256,100.00,4.11,insn per cycle
23.443401237,191256654,,cycles,52752746,100.00,,
23.543593135,46746,,rD044,51447078,100.00,,
23.543593135,844329,,rFF44,51447068,100.00,,
23.543593135,755461721,,instructions,51446548,100.00,4.05,insn per cycle
23.543593135,186363919,,cycles,51445448,100.00,,
23.643781804,46508,,rD044,53031911,100.00,,
23.643781804,841017,,rFF44,53031291,100.00,,
23.643781804,780458751,,instructions,53031361,100.00,4.06,insn per cycle
23.643781804,192307791,,cycles,53032101,100.00,,
23.743973373,46527,,rD044,53057159,100.00,,
23.743973373,878549,,rFF44,53052029,100.00,,
23.743973373,780881294,,instructions,53047419,100.00,4.06,insn per cycle
23.743973373,192365147,,cycles,53042329,100.00,,
23.844147112,16522,,rD044,51523627,100.00,,
23.844147112,810015,,rFF44,51523627,100.00,,
23.844147112,759320369,,instructions,51523627,100.00,4.07,insn per cycle
23.844147112,186464429,,cycles,51523627,100.00,,
23.944322240,46827,,rD044,51723928,100.00,,
23.944322240,840786,,rFF44,51723928,100.00,,
23.944322240,764049731,,instructions,51723928,100.00,4.08,insn per cycle
23.944322240,187257440,,cycles,51723928,100.00,,
24.044496359,46724,,rD044,51766526,100.00,,
24.044496359,853804,,rFF44,51766526,100.00,,
24.044496359,766607132,,instructions,51766526,100.00,4.09,insn per cycle
24.044496359,187412847,,cycles,51766526,100.00,,
24.144669708,46518,,rD044,52610651,100.00,,
24.144669708,858922,,rFF44,52615791,100.00,,
24.144669708,776512166,,instructions,52620851,100.00,4.07,insn per cycle
24.144669708,190698937,,cycles,52625851,100.00,,
24.244859426,46482,,rD044,53205511,100.00,,
24.244859426,862049,,rFF44,53205761,100.00,,
24.244859426,786196415,,instructions,53206511,100.00,4.07,insn per cycle
24.244859426,192967666,,cycles,53206391,100.00,,
24.345051875,46684,,rD044,52779036,100.00,,
24.345051875,837544,,rFF44,52773646,100.00,,
24.345051875,786625104,,instructions,52767836,100.00,4.11,insn per cycle
24.345051875,191317482,,cycles,52762956,100.00,,
24.445262364,46687,,rD044,51858593,100.00,,
24.445262364,840603,,rFF44,51858593,100.00,,
24.445262364,761880665,,instructions,51866833,100.00,4.06,insn per cycle
24.445262364,187834106,,cycles,51871453,100.00,,
24.545453073,46731,,rD044,51954489,100.00,,
24.545453073,852261,,rFF44,51954489,100.00,,
24.545453073,758343336,,instructions,51946249,100.00,4.03,insn per cycle
24.545453073,188038131,,cycles,51941629,100.00,,
24.645628643,16580,,rD044,51630800,100.00,,
24.645628643,823890,,rFF44,51630800,100.00,,
24.645628643,747130051,,instructions,51630800,100.00,4.00,insn per cycle
24.645628643,186896368,,cycles,51630800,100.00,,
24.745803011,46905,,rD044,52191084,100.00,,
24.745803011,857798,,rFF44,52196784,100.00,,
24.745803011,755048883,,instructions,52201004,100.00,3.99,insn per cycle
24.745803011,189098041,,cycles,52206064,100.00,,
24.845992970,46644,,rD044,52870035,100.00,,
24.845992970,835312,,rFF44,52869316,100.00,,
24.845992970,776556951,,instructions,52869966,100.00,4.05,insn per cycle
24.845992970,191749471,,cycles,52870016,100.00,,
24.946183239,46426,,rD044,52740239,100.00,,
24.946183239,828687,,rFF44,52735258,100.00,,
24.946183239,776004526,,instructions,52730388,100.00,4.06,insn per cycle
24.946183239,191194734,,cycles,52725278,100.00,,
25.046366448,46720,,rD044,51191896,100.00,,
25.046366448,807613,,rFF44,51194716,100.00,,
25.046366448,747243315,,instructions,51194716,100.00,4.03,insn per cycle
25.046366448,185215056,,cycles,51194716,100.00,,
25.146548517,47152,,rD044,51367950,100.00,,
25.146548517,851813,,rFF44,51365130,100.00,,
25.146548517,747320424,,instructions,51365130,100.00,4.02,insn per cycle
25.146548517,185861705,,cycles,51365130,100.00,,
25.246725745,46928,,rD044,51496012,100.00,,
25.246725745,860067,,rFF44,51501402,100.00,,
25.246725745,749355068,,instructions,51506472,100.00,4.02,insn per cycle
25.246725745,186403008,,cycles,51511192,100.00,,
25.346915774,16135,,rD044,52906609,100.00,,
25.346915774,815736,,rFF44,52906549,100.00,,
25.346915774,780159759,,instructions,52906039,100.00,4.07,insn per cycle
25.346915774,191859931,,cycles,52905969,100.00,,
25.447118234,46528,,rD044,52694805,100.00,,
25.447118234,849222,,rFF44,52695195,100.00,,
25.447118234,779435827,,instructions,52695625,100.00,4.08,insn per cycle
25.447118234,191066588,,cycles,52696465,100.00,,
25.547309703,46996,,rD044,51612458,100.00,,
25.547309703,840197,,rFF44,51612418,100.00,,
25.547309703,760579583,,instructions,51607428,100.00,4.07,insn per cycle
25.547309703,186843682,,cycles,51601938,100.00,,
25.647498552,47300,,rD044,51378111,100.00,,
25.647498552,816883,,rFF44,51372431,100.00,,
25.647498552,755307719,,instructions,51372431,100.00,4.06,insn per cycle
25.647498552,185811408,,cycles,51372431,100.00,,
25.747671521,46682,,rD044,51390999,100.00,,
25.747671521,843885,,rFF44,51396719,100.00,,
25.747671521,753153273,,instructions,51401369,100.00,4.05,insn per cycle
25.747671521,186012653,,cycles,51405959,100.00,,
25.847861789,46741,,rD044,51721063,100.00,,
25.847861789,895335,,rFF44,51721193,100.00,,
25.847861789,756689343,,instructions,51721073,100.00,4.04,insn per cycle
25.847861789,187399531,,cycles,51721153,100.00,,
25.948051859,46444,,rD044,52973426,100.00,,
25.948051859,845287,,rFF44,52972696,100.00,,
25.948051859,783050830,,instructions,52973006,100.00,4.08,insn per cycle
25.948051859,192129748,,cycles,52973046,100.00,,
26.048255208,16198,,rD044,51846134,100.00,,
26.048255208,804163,,rFF44,51841014,100.00,,
26.048255208,764688340,,instructions,51836174,100.00,4.07,insn per cycle
26.048255208,187709233,,cycles,51831464,100.00,,
26.148431768,47131,,rD044,51059627,100.00,,
26.148431768,835394,,rFF44,51059627,100.00,,
26.148431768,747292076,,instructions,51059627,100.00,4.05,insn per cycle
26.148431768,184661190,,cycles,51059627,100.00,,
26.248607286,46982,,rD044,51266782,100.00,,
26.248607286,845692,,rFF44,51272142,100.00,,
26.248607286,750223576,,instructions,51277162,100.00,4.04,insn per cycle
26.248607286,185544310,,cycles,51281962,100.00,,
26.348797416,46161,,rD044,52907330,100.00,,
26.348797416,823152,,rFF44,52907200,100.00,,
26.348797416,785245395,,instructions,52907620,100.00,4.09,insn per cycle
26.348797416,191880754,,cycles,52907060,100.00,,
26.448987755,46393,,rD044,52393913,100.00,,
26.448987755,846342,,rFF44,52388683,100.00,,
26.448987755,773026663,,instructions,52383243,100.00,4.07,insn per cycle
26.448987755,189912944,,cycles,52379003,100.00,,
26.549164154,47143,,rD044,51293092,100.00,,
26.549164154,836204,,rFF44,51296952,100.00,,
26.549164154,750366868,,instructions,51296952,100.00,4.04,insn per cycle
26.549164154,185586321,,cycles,51296952,100.00,,
26.649355743,47284,,rD044,51349434,100.00,,
26.649355743,844782,,rFF44,51345574,100.00,,
26.649355743,753341581,,instructions,51345574,100.00,4.05,insn per cycle
26.649355743,185794827,,cycles,51345574,100.00,,
26.749531341,15934,,rD044,52430496,100.00,,
26.749531341,798704,,rFF44,52435546,100.00,,
26.749531341,780037993,,instructions,52441396,100.00,4.10,insn per cycle
26.749531341,190060251,,cycles,52446516,100.00,,
26.849723700,46648,,rD044,53155951,100.00,,
26.849723700,847950,,rFF44,53155871,100.00,,
26.849723700,782818718,,instructions,53154861,100.00,4.06,insn per cycle
26.849723700,192804315,,cycles,53154941,100.00,,
26.949913710,46208,,rD044,52458816,100.00,,
26.949913710,849951,,rFF44,52453846,100.00,,
26.949913710,765216311,,instructions,52449006,100.00,4.02,insn per cycle
26.949913710,190148568,,cycles,52443806,100.00,,
27.050088709,46452,,rD044,51717434,100.00,,
27.050088709,815274,,rFF44,51717434,100.00,,
27.050088709,751505665,,instructions,51717434,100.00,4.01,insn per cycle
27.050088709,187223316,,cycles,51717434,100.00,,
27.150299738,46978,,rD044,51888066,100.00,,
27.150299738,845106,,rFF44,51888066,100.00,,
27.150299738,755721345,,instructions,51888066,100.00,4.02,insn per cycle
27.150299738,187881595,,cycles,51888066,100.00,,
27.250480007,46982,,rD044,51797969,100.00,,
27.250480007,842049,,rFF44,51797969,100.00,,
27.250480007,751807506,,instructions,51797969,100.00,4.01,insn per cycle
27.250480007,187509389,,cycles,51797969,100.00,,
27.350655936,46731,,rD044,52283680,100.00,,
27.350655936,846108,,rFF44,52288790,100.00,,
27.350655936,762634323,,instructions,52293940,100.00,4.02,insn per cycle
27.350655936,189504024,,cycles,52298850,100.00,,
27.450846945,15800,,rD044,52960319,100.00,,
27.450846945,816096,,rFF44,52960749,100.00,,
27.450846945,782083693,,instructions,52960069,100.00,4.07,insn per cycle
27.450846945,192087865,,cycles,52959869,100.00,,
27.551037534,46527,,rD044,52377632,100.00,,
27.551037534,853367,,rFF44,52372092,100.00,,
27.551037534,766127129,,instructions,52367622,100.00,4.04,insn per cycle
27.551037534,189778153,,cycles,52362912,100.00,,
27.651228113,47041,,rD044,51589946,100.00,,
27.651228113,848752,,rFF44,51589946,100.00,,
27.651228113,748178408,,instructions,51589946,100.00,4.01,insn per cycle
27.651228113,186703786,,cycles,51589946,100.00,,
27.751403342,46838,,rD044,51389484,100.00,,
27.751403342,808546,,rFF44,51394994,100.00,,
27.751403342,748309655,,instructions,51394994,100.00,4.02,insn per cycle
27.751403342,185933959,,cycles,51394994,100.00,,
27.851589721,46825,,rD044,52405770,100.00,,
27.851589721,837851,,rFF44,52405900,100.00,,
27.851589721,764902104,,instructions,52411200,100.00,4.03,insn per cycle
27.851589721,189911122,,cycles,52417010,100.00,,
27.951779679,46580,,rD044,53258109,100.00,,
27.951779679,848863,,rFF44,53257979,100.00,,
27.951779679,779609695,,instructions,53257429,100.00,4.04,insn per cycle
27.951779679,193172740,,cycles,53256899,100.00,,
28.051970328,46378,,rD044,51336953,100.00,,
28.051970328,842705,,rFF44,51336633,100.00,,
28.051970328,747639311,,instructions,51336393,100.00,4.02,insn per cycle
28.051970328,185961059,,cycles,51335823,100.00,,
28.152159257,16760,,rD044,52324367,100.00,,
28.152159257,822087,,rFF44,52319177,100.00,,
28.152159257,767680899,,instructions,52314667,100.00,4.05,insn per cycle
28.152159257,189572917,,cycles,52309957,100.00,,
28.252336186,46662,,rD044,51535611,100.00,,
28.252336186,842470,,rFF44,51535611,100.00,,
28.252336186,748274607,,instructions,51535611,100.00,4.01,insn per cycle
28.252336186,186487107,,cycles,51535611,100.00,,
28.352511365,47176,,rD044,51481190,100.00,,
28.352511365,838269,,rFF44,51481190,100.00,,
28.352511365,748062801,,instructions,51481190,100.00,4.01,insn per cycle
28.352511365,186339381,,cycles,51481190,100.00,,
28.452687613,46773,,rD044,51698241,100.00,,
28.452687613,806958,,rFF44,51703251,100.00,,
28.452687613,754823994,,instructions,51708021,100.00,4.03,insn per cycle
28.452687613,187225416,,cycles,51713561,100.00,,
28.552878323,46390,,rD044,53072313,100.00,,
28.552878323,851280,,rFF44,53072743,100.00,,
28.552878323,777217548,,instructions,53073223,100.00,4.04,insn per cycle
28.552878323,192489501,,cycles,53072943,100.00,,
28.653067381,46351,,rD044,52839977,100.00,,
28.653067381,847490,,rFF44,52839687,100.00,,
28.653067381,774246512,,instructions,52839867,100.00,4.04,insn per cycle
28.653067381,191607689,,cycles,52839937,100.00,,
28.753290981,16152,,rD044,51533369,100.00,,
28.753290981,820528,,rFF44,51528219,100.00,,
28.753290981,752708849,,instructions,51522789,100.00,4.04,insn per cycle
28.753290981,186522289,,cycles,51517459,100.00,,
28.853466699,46715,,rD044,51452378,100.00,,
28.853466699,838966,,rFF44,51452378,100.00,,
28.853466699,748049151,,instructions,51452378,100.00,4.02,insn per cycle
28.853466699,186202075,,cycles,51452378,100.00,,
28.953642018,46892,,rD044,51744696,100.00,,
28.953642018,840341,,rFF44,51750136,100.00,,
28.953642018,751545355,,instructions,51755316,100.00,4.01,insn per cycle
28.953642018,187376366,,cycles,51760346,100.00,,
29.053832987,46804,,rD044,52851247,100.00,,
29.053832987,841132,,rFF44,52850857,100.00,,
29.053832987,779631846,,instructions,52850367,100.00,4.07,insn per cycle
29.053832987,191649591,,cycles,52850457,100.00,,
29.154022336,46415,,rD044,52894775,100.00,,
29.154022336,809030,,rFF44,52895155,100.00,,
29.154022336,793931743,,instructions,52895806,100.00,4.14,insn per cycle
29.154022336,191844138,,cycles,52895686,100.00,,
29.254228655,47147,,rD044,51070836,100.00,,
29.254228655,852416,,rFF44,51065406,100.00,,
29.254228655,757655515,,instructions,51060065,100.00,4.10,insn per cycle
29.254228655,184746519,,cycles,51055065,100.00,,
29.354403484,47322,,rD044,51420791,100.00,,
29.354403484,849205,,rFF44,51425551,100.00,,
29.354403484,755295609,,instructions,51425551,100.00,4.06,insn per cycle
29.354403484,186064001,,cycles,51425551,100.00,,
29.454588842,46880,,rD044,51730990,100.00,,
29.454588842,835949,,rFF44,51731920,100.00,,
29.454588842,759505732,,instructions,51736780,100.00,4.05,insn per cycle
29.454588842,187371267,,cycles,51741410,100.00,,
29.554779531,15593,,rD044,52832241,100.00,,
29.554779531,796905,,rFF44,52832161,100.00,,
29.554779531,785874128,,instructions,52832081,100.00,4.10,insn per cycle
29.554779531,191604656,,cycles,52833011,100.00,,
29.654970100,46454,,rD044,52812846,100.00,,
29.654970100,835755,,rFF44,52807236,100.00,,
29.654970100,779811431,,instructions,52802456,100.00,4.07,insn per cycle
29.654970100,191483860,,cycles,52796896,100.00,,
29.755147849,46704,,rD044,51215739,100.00,,
29.755147849,840235,,rFF44,51215739,100.00,,
29.755147849,752657640,,instructions,51215739,100.00,4.06,insn per cycle
29.755147849,185418048,,cycles,51224149,100.00,,
29.855333078,47013,,rD044,51339460,100.00,,
29.855333078,828504,,rFF44,51339460,100.00,,
29.855333078,751565665,,instructions,51339460,100.00,4.05,insn per cycle
29.855333078,185734838,,cycles,51331050,100.00,,
29.955507736,46514,,rD044,51868793,100.00,,
29.955507736,846131,,rFF44,51874433,100.00,,
29.955507736,760221619,,instructions,51878863,100.00,4.05,insn per cycle
29.955507736,187885924,,cycles,51883323,100.00,,
30.055697936,46462,,rD044,52936416,100.00,,
30.055697936,840960,,rFF44,52935476,100.00,,
30.055697936,780716691,,instructions,52936206,100.00,4.07,insn per cycle
30.055697936,191977014,,cycles,52936216,100.00,,
30.155887204,46302,,rD044,52866767,100.00,,
30.155887204,830061,,rFF44,52867497,100.00,,
30.155887204,780694008,,instructions,52867437,100.00,4.07,insn per cycle
30.155887204,191730917,,cycles,52867577,100.00,,
30.256077963,16161,,rD044,51283481,100.00,,
30.256077963,807592,,rFF44,51278051,100.00,,
30.256077963,754101992,,instructions,51272951,100.00,4.06,insn per cycle
30.256077963,185536409,,cycles,51268341,100.00,,
30.356285752,46710,,rD044,51165503,100.00,,
30.356285752,838231,,rFF44,51165503,100.00,,
30.356285752,751068378,,instructions,51165503,100.00,4.05,insn per cycle
30.356285752,185313018,,cycles,51165503,100.00,,
30.456460062,46922,,rD044,51827102,100.00,,
30.456460062,866481,,rFF44,51827102,100.00,,
30.456460062,749707517,,instructions,51827102,100.00,4.00,insn per cycle
30.456460062,187622588,,cycles,51827102,100.00,,
30.556635230,46822,,rD044,51853033,100.00,,
30.556635230,806581,,rFF44,51858563,100.00,,
30.556635230,753308036,,instructions,51863703,100.00,4.01,insn per cycle
30.556635230,187836866,,cycles,51868873,100.00,,
30.656825189,46484,,rD044,53204809,100.00,,
30.656825189,841997,,rFF44,53205049,100.00,,
30.656825189,776175763,,instructions,53205789,100.00,4.02,insn per cycle
30.656825189,192975308,,cycles,53205669,100.00,,
30.757015938,46325,,rD044,52910308,100.00,,
30.757015938,838473,,rFF44,52910228,100.00,,
30.757015938,772491948,,instructions,52909748,100.00,4.03,insn per cycle
30.757015938,191880477,,cycles,52909328,100.00,,
30.857205716,46372,,rD044,52244784,100.00,,
30.857205716,839058,,rFF44,52239094,100.00,,
30.857205716,763809073,,instructions,52233694,100.00,4.03,insn per cycle
30.857205716,189307344,,cycles,52229064,100.00,,
30.957381685,16172,,rD044,51887373,100.00,,
30.957381685,819079,,rFF44,51887373,100.00,,
30.957381685,761038209,,instructions,51887373,100.00,4.05,insn per cycle
30.957381685,187892901,,cycles,51887373,100.00,,
31.057558994,46899,,rD044,52464643,100.00,,
31.057558994,854775,,rFF44,52464643,100.00,,
31.057558994,764489131,,instructions,52464643,100.00,4.02,insn per cycle
31.057558994,190092472,,cycles,52464643,100.00,,
31.157734753,46447,,rD044,52315565,100.00,,
31.157734753,843821,,rFF44,52324015,100.00,,
31.157734753,766957536,,instructions,52328235,100.00,4.05,insn per cycle
31.157734753,189558962,,cycles,52328235,100.00,,
31.257923662,46716,,rD044,52213979,100.00,,
31.257923662,808176,,rFF44,52205529,100.00,,
31.257923662,765555329,,instructions,52201309,100.00,4.05,insn per cycle
31.257923662,189103584,,cycles,52201309,100.00,,
31.358098540,46511,,rD044,52504603,100.00,,
31.358098540,838265,,rFF44,52510173,100.00,,
31.358098540,771853403,,instructions,52515183,100.00,4.06,insn per cycle
31.358098540,190321946,,cycles,52520233,100.00,,
31.458301459,46615,,rD044,53010687,100.00,,
31.458301459,845041,,rFF44,53011527,100.00,,
31.458301459,791535424,,instructions,53010847,100.00,4.12,insn per cycle
31.458301459,192275983,,cycles,53011827,100.00,,
31.558492848,46176,,rD044,52902785,100.00,,
31.558492848,847985,,rFF44,52902155,100.00,,
31.558492848,784229095,,instructions,52902545,100.00,4.09,insn per cycle
31.558492848,191898945,,cycles,52901425,100.00,,
31.658679587,46410,,rD044,53139737,100.00,,
31.658679587,840111,,rFF44,53139747,100.00,,
31.658679587,784450144,,instructions,53139837,100.00,4.07,insn per cycle
31.658679587,192792908,,cycles,53140637,100.00,,
31.758871806,15975,,rD044,51644605,100.00,,
31.758871806,794241,,rFF44,51638815,100.00,,
31.758871806,770073081,,instructions,51634005,100.00,4.12,insn per cycle
31.758871806,186951383,,cycles,51628295,100.00,,
31.859045765,47183,,rD044,51048142,100.00,,
31.859045765,848501,,rFF44,51048142,100.00,,
31.859045765,771738636,,instructions,51048142,100.00,4.18,insn per cycle
31.859045765,184594536,,cycles,51048142,100.00,,
31.959233754,47017,,rD044,51809199,100.00,,
31.959233754,848364,,rFF44,51815309,100.00,,
31.959233754,772379964,,instructions,51820719,100.00,4.12,insn per cycle
31.959233754,187623007,,cycles,51825549,100.00,,
32.059424953,46763,,rD044,52919755,100.00,,
32.059424953,851971,,rFF44,52919035,100.00,,
32.059424953,776733807,,instructions,52917995,100.00,4.05,insn per cycle
32.059424953,191894676,,cycles,52917955,100.00,,
32.159606372,46561,,rD044,53290207,100.00,,
32.159606372,828409,,rFF44,53290547,100.00,,
32.159606372,785972323,,instructions,53291357,100.00,4.07,insn per cycle
32.159606372,193322406,,cycles,53291998,100.00,,
32.259799261,46614,,rD044,52816380,100.00,,
32.259799261,845590,,rFF44,52815370,100.00,,
32.259799261,774169950,,instructions,52814780,100.00,4.04,insn per cycle
32.259799261,191497548,,cycles,52814689,100.00,,
32.359988539,46861,,rD044,52422375,100.00,,
32.359988539,846837,,rFF44,52417655,100.00,,
32.359988539,775291360,,instructions,52413065,100.00,4.08,insn per cycle
32.359988539,189947342,,cycles,52407725,100.00,,
32.460164658,46436,,rD044,52040162,100.00,,
32.460164658,844937,,rFF44,52040162,100.00,,
32.460164658,774330651,,instructions,52048442,100.00,4.11,insn per cycle
32.460164658,188588286,,cycles,52052252,100.00,,
32.560357787,16345,,rD044,51901850,100.00,,
32.560357787,830356,,rFF44,51901850,100.00,,
32.560357787,775479810,,instructions,51893570,100.00,4.12,insn per cycle
32.560357787,188014226,,cycles,51889760,100.00,,
32.660528355,46934,,rD044,52031572,100.00,,
32.660528355,853719,,rFF44,52031572,100.00,,
32.660528355,774945035,,instructions,52031572,100.00,4.11,insn per cycle
32.660528355,188615269,,cycles,52031572,100.00,,
32.760707614,46684,,rD044,52257516,100.00,,
32.760707614,856507,,rFF44,52257516,100.00,,
32.760707614,763289623,,instructions,52265976,100.00,4.03,insn per cycle
32.760707614,189355513,,cycles,52270726,100.00,,
32.860897873,46945,,rD044,52129263,100.00,,
32.860897873,848668,,rFF44,52132213,100.00,,
32.860897873,761495518,,instructions,52123753,100.00,4.03,insn per cycle
32.860897873,188752388,,cycles,52119003,100.00,,
32.961077782,46708,,rD044,52151990,100.00,,
32.961077782,805448,,rFF44,52149040,100.00,,
32.961077782,760296230,,instructions,52149040,100.00,4.03,insn per cycle
32.961077782,188892555,,cycles,52149040,100.00,,
33.061285551,47032,,rD044,52882645,100.00,,
33.061285551,849476,,rFF44,52888135,100.00,,
33.061285551,773279883,,instructions,52892945,100.00,4.03,insn per cycle
33.061285551,191771759,,cycles,52897635,100.00,,
33.161469640,46780,,rD044,53016634,100.00,,
33.161469640,848776,,rFF44,53016784,100.00,,
33.161469640,772535537,,instructions,53016714,100.00,4.02,insn per cycle
33.161469640,192258750,,cycles,53017424,100.00,,
33.261661479,46633,,rD044,53081242,100.00,,
33.261661479,855053,,rFF44,53081472,100.00,,
33.261661479,776458698,,instructions,53082202,100.00,4.03,insn per cycle
33.261661479,192501664,,cycles,53081412,100.00,,
33.361850637,15989,,rD044,52352052,100.00,,
33.361850637,816795,,rFF44,52351932,100.00,,
33.361850637,768892377,,instructions,52346462,100.00,4.05,insn per cycle
33.361850637,189680668,,cycles,52341852,100.00,,
33.462034686,46883,,rD044,51938337,100.00,,
33.462034686,842172,,rFF44,51932587,100.00,,
33.462034686,754351422,,instructions,51932587,100.00,4.01,insn per cycle
33.462034686,187968839,,cycles,51932587,100.00,,
33.562213805,47018,,rD044,52018282,100.00,,
33.562213805,844146,,rFF44,52018282,100.00,,
33.562213805,755456642,,instructions,52018282,100.00,4.01,insn per cycle
33.562213805,188353381,,cycles,52018282,100.00,,
33.662385333,46729,,rD044,52016794,100.00,,
33.662385333,820168,,rFF44,52016794,100.00,,
33.662385333,756659333,,instructions,52016794,100.00,4.02,insn per cycle
33.662385333,188325073,,cycles,52016794,100.00,,
33.762560342,46427,,rD044,52891987,100.00,,
33.762560342,844462,,rFF44,52897457,100.00,,
33.762560342,770164271,,instructions,52902487,100.00,4.01,insn per cycle
33.762560342,191843056,,cycles,52907197,100.00,,
33.862749901,46647,,rD044,52882882,100.00,,
33.862749901,855107,,rFF44,52883802,100.00,,
33.862749901,778218077,,instructions,52884082,100.00,4.06,insn per cycle
33.862749901,191768179,,cycles,52884422,100.00,,
33.962939600,46727,,rD044,53108808,100.00,,
33.962939600,841849,,rFF44,53107548,100.00,,
33.962939600,781615460,,instructions,53106848,100.00,4.06,insn per cycle
33.962939600,192572702,,cycles,53106758,100.00,,
34.063130569,16665,,rD044,51194496,100.00,,
34.063130569,803067,,rFF44,51189366,100.00,,
34.063130569,762659065,,instructions,51184756,100.00,4.12,insn per cycle
34.063130569,185195337,,cycles,51179796,100.00,,
34.163299067,47114,,rD044,51233596,100.00,,
34.163299067,842912,,rFF44,51233596,100.00,,
34.163299067,768140577,,instructions,51233596,100.00,4.15,insn per cycle
34.163299067,185293693,,cycles,51233596,100.00,,
34.263473846,46811,,rD044,52249115,100.00,,
34.263473846,849303,,rFF44,52254806,100.00,,
34.263473846,765240534,,instructions,52259436,100.00,4.04,insn per cycle
34.263473846,189294741,,cycles,52264536,100.00,,
34.363664535,46992,,rD044,53178116,100.00,,
34.363664535,857301,,rFF44,53177645,100.00,,
34.363664535,776903989,,instructions,53177985,100.00,4.03,insn per cycle
34.363664535,192832183,,cycles,53178015,100.00,,
34.463854304,46359,,rD044,52741322,100.00,,
34.463854304,819336,,rFF44,52741522,100.00,,
34.463854304,771586292,,instructions,52742112,100.00,4.03,insn per cycle
34.463854304,191224546,,cycles,52741902,100.00,,
34.564044772,46500,,rD044,53075919,100.00,,
34.564044772,838303,,rFF44,53075629,100.00,,
34.564044772,776634645,,instructions,53075219,100.00,4.03,insn per cycle
34.564044772,192512167,,cycles,53075379,100.00,,
34.664260722,46792,,rD044,52419661,100.00,,
34.664260722,831060,,rFF44,52414531,100.00,,
34.664260722,765039137,,instructions,52409381,100.00,4.03,insn per cycle
34.664260722,189981909,,cycles,52404301,100.00,,
34.764436081,47155,,rD044,52234819,100.00,,
34.764436081,837383,,rFF44,52234819,100.00,,
34.764436081,758622908,,instructions,52234819,100.00,4.01,insn per cycle
34.764436081,189197787,,cycles,52234819,100.00,,
34.864616580,16447,,rD044,52083927,100.00,,
34.864616580,815263,,rFF44,52083927,100.00,,
34.864616580,757848425,,instructions,52083927,100.00,4.02,insn per cycle
34.864616580,188583393,,cycles,52083927,100.00,,
34.964792968,46677,,rD044,52117609,100.00,,
34.964792968,840602,,rFF44,52117609,100.00,,
34.964792968,757463577,,instructions,52117609,100.00,4.01,insn per cycle
34.964792968,188959409,,cycles,52117609,100.00,,
35.064968887,46719,,rD044,52223699,100.00,,
35.064968887,853825,,rFF44,52223699,100.00,,
35.064968887,757702238,,instructions,52223699,100.00,4.01,insn per cycle
35.064968887,189176221,,cycles,52223699,100.00,,
35.165134856,46612,,rD044,52049845,100.00,,
35.165134856,804051,,rFF44,52049845,100.00,,
35.165134856,757411816,,instructions,52049845,100.00,4.02,insn per cycle
35.165134856,188492901,,cycles,52049845,100.00,,
35.265314244,46561,,rD044,52142843,100.00,,
35.265314244,834632,,rFF44,52142843,100.00,,
35.265314244,757711131,,instructions,52142843,100.00,4.01,insn per cycle
35.265314244,188896488,,cycles,52142843,100.00,,
35.365488463,46204,,rD044,52747952,100.00,,
35.365488463,833586,,rFF44,52753372,100.00,,
35.365488463,766340086,,instructions,52759352,100.00,4.01,insn per cycle
35.365488463,191314263,,cycles,52765092,100.00,,
35.465679132,46753,,rD044,52923500,100.00,,
35.465679132,851444,,rFF44,52923880,100.00,,
35.465679132,767683948,,instructions,52923460,100.00,4.00,insn per cycle
35.465679132,191871988,,cycles,52922510,100.00,,
35.565869551,16086,,rD044,52983896,100.00,,
35.565869551,817925,,rFF44,52984126,100.00,,
35.565869551,773460970,,instructions,52983626,100.00,4.03,insn per cycle
35.565869551,192120722,,cycles,52983656,100.00,,
35.666057359,46692,,rD044,53067628,100.00,,
35.666057359,854821,,rFF44,53067028,100.00,,
35.666057359,770595410,,instructions,53066268,100.00,4.00,insn per cycle
35.666057359,192465793,,cycles,53066978,100.00,,
35.766260129,46601,,rD044,52394324,100.00,,
35.766260129,838129,,rFF44,52388894,100.00,,
35.766260129,758509738,,instructions,52384594,100.00,4.00,insn per cycle
35.766260129,189826666,,cycles,52379064,100.00,,
35.866435707,46456,,rD044,52087505,100.00,,
35.866435707,798582,,rFF44,52087505,100.00,,
35.866435707,756402364,,instructions,52087505,100.00,4.01,insn per cycle
35.866435707,188671200,,cycles,52087505,100.00,,
35.966610906,46642,,rD044,52273300,100.00,,
35.966610906,833350,,rFF44,52273300,100.00,,
35.966610906,762981819,,instructions,52280170,100.00,4.03,insn per cycle
35.966610906,189443137,,cycles,52285180,100.00,,
36.066797035,46851,,rD044,51985475,100.00,,
36.066797035,838487,,rFF44,51985475,100.00,,
36.066797035,768669154,,instructions,51978605,100.00,4.08,insn per cycle
36.066797035,188248654,,cycles,51973595,100.00,,
36.166972043,46761,,rD044,51970287,100.00,,
36.166972043,859556,,rFF44,51970287,100.00,,
36.166972043,766044016,,instructions,51970287,100.00,4.07,insn per cycle
36.166972043,188188396,,cycles,51970287,100.00,,
36.267147992,16479,,rD044,52549473,100.00,,
36.267147992,831802,,rFF44,52555253,100.00,,
36.267147992,784686832,,instructions,52560053,100.00,4.12,insn per cycle
36.267147992,190476209,,cycles,52564683,100.00,,
36.367339001,46186,,rD044,52919154,100.00,,
36.367339001,834915,,rFF44,52919124,100.00,,
36.367339001,783445771,,instructions,52919024,100.00,4.08,insn per cycle
36.367339001,191909886,,cycles,52919454,100.00,,
36.467528220,47068,,rD044,53123062,100.00,,
36.467528220,841212,,rFF44,53122952,100.00,,
36.467528220,784259573,,instructions,53123462,100.00,4.07,insn per cycle
36.467528220,192706416,,cycles,53122822,100.00,,
36.567716968,46517,,rD044,52836632,100.00,,
36.567716968,837110,,rFF44,52836622,100.00,,
36.567716968,786995858,,instructions,52836242,100.00,4.11,insn per cycle
36.567716968,191585503,,cycles,52836092,100.00,,
36.667906287,46540,,rD044,52636590,100.00,,
36.667906287,845270,,rFF44,52630960,100.00,,
36.667906287,782077426,,instructions,52626130,100.00,4.10,insn per cycle
36.667906287,190785992,,cycles,52621860,100.00,,
36.768083266,46383,,rD044,51778028,100.00,,
36.768083266,814519,,rFF44,51778028,100.00,,
36.768083266,769737746,,instructions,51778028,100.00,4.10,insn per cycle
36.768083266,187519742,,cycles,51778028,100.00,,
36.868292065,46611,,rD044,52209675,100.00,,
36.868292065,853358,,rFF44,52209675,100.00,,
36.868292065,770329555,,instructions,52209675,100.00,4.07,insn per cycle
36.868292065,189098855,,cycles,52209675,100.00,,
36.968467424,46606,,rD044,51909510,100.00,,
36.968467424,842748,,rFF44,51909510,100.00,,
36.968467424,773737894,,instructions,51909510,100.00,4.12,insn per cycle
36.968467424,187980345,,cycles,51909510,100.00,,
37.068641132,46865,,rD044,52111773,100.00,,
37.068641132,844421,,rFF44,52117063,100.00,,
37.068641132,771782331,,instructions,52122093,100.00,4.09,insn per cycle
37.068641132,188774530,,cycles,52126563,100.00,,
37.168829461,16058,,rD044,53015681,100.00,,
37.168829461,809587,,rFF44,53015551,100.00,,
37.168829461,791752229,,instructions,53015201,100.00,4.12,insn per cycle
37.168829461,192284804,,cycles,53015341,100.00,,
37.269018050,46400,,rD044,51339699,100.00,,
37.269018050,840219,,rFF44,51339829,100.00,,
37.269018050,760031874,,instructions,51339769,100.00,4.09,insn per cycle
37.269018050,186001069,,cycles,51340349,100.00,,
37.369208419,46267,,rD044,52885340,100.00,,
37.369208419,853996,,rFF44,52885400,100.00,,
37.369208419,790414216,,instructions,52885630,100.00,4.12,insn per cycle
37.369208419,191802857,,cycles,52885420,100.00,,
37.469397657,46350,,rD044,52924586,100.00,,
37.469397657,843435,,rFF44,52924216,100.00,,
37.469397657,786132025,,instructions,52924436,100.00,4.10,insn per cycle
37.469397657,191898543,,cycles,52924566,100.00,,
37.569592196,47179,,rD044,51045990,100.00,,
37.569592196,814209,,rFF44,51046640,100.00,,
37.569592196,748267766,,instructions,51046060,100.00,4.05,insn per cycle
37.569592196,184651451,,cycles,51045820,100.00,,
37.669781855,46924,,rD044,51733181,100.00,,
37.669781855,856680,,rFF44,51732141,100.00,,
37.669781855,760104608,,instructions,51732841,100.00,4.05,insn per cycle
37.669781855,187481106,,cycles,51733301,100.00,,
37.769969764,46445,,rD044,52628202,100.00,,
37.769969764,846491,,rFF44,52629302,100.00,,
37.769969764,779831157,,instructions,52628492,100.00,4.09,insn per cycle
37.769969764,190829895,,cycles,52628222,100.00,,
37.870158373,46461,,rD044,53049485,100.00,,
37.870158373,851353,,rFF44,53049905,100.00,,
37.870158373,788925561,,instructions,53051165,100.00,4.10,insn per cycle
37.870158373,192428972,,cycles,53051075,100.00,,
37.970349031,46562,,rD044,52878746,100.00,,
37.970349031,854156,,rFF44,52877906,100.00,,
37.970349031,783287538,,instructions,52877056,100.00,4.08,insn per cycle
37.970349031,191776561,,cycles,52876906,100.00,,
38.070534910,16017,,rD044,52972661,100.00,,
38.070534910,795761,,rFF44,52973001,100.00,,
38.070534910,787918264,,instructions,52972951,100.00,4.10,insn per cycle
38.070534910,192088740,,cycles,52972411,100.00,,
38.170721739,46791,,rD044,52241143,100.00,,
38.170721739,827511,,rFF44,52235533,100.00,,
38.170721739,761552196,,instructions,52230793,100.00,4.02,insn per cycle
38.170721739,189272290,,cycles,52226513,100.00,,
38.270895298,46486,,rD044,52064095,100.00,,
38.270895298,841022,,rFF44,52064095,100.00,,
38.270895298,752251318,,instructions,52064095,100.00,3.99,insn per cycle
38.270895298,188531129,,cycles,52064095,100.00,,
38.371069297,46969,,rD044,51704710,100.00,,
38.371069297,815368,,rFF44,51704710,100.00,,
38.371069297,746653645,,instructions,51704710,100.00,3.99,insn per cycle
38.371069297,187161768,,cycles,51704710,100.00,,
38.471277876,46816,,rD044,51897634,100.00,,
38.471277876,863503,,rFF44,51897634,100.00,,
38.471277876,746308017,,instructions,51897634,100.00,3.97,insn per cycle
38.471277876,187856825,,cycles,51897634,100.00,,
38.571453274,46490,,rD044,52885240,100.00,,
38.571453274,856892,,rFF44,52891970,100.00,,
38.571453274,762472405,,instructions,52896610,100.00,3.98,insn per cycle
38.571453274,191780596,,cycles,52901330,100.00,,
38.671644383,16235,,rD044,52975977,100.00,,
38.671644383,808914,,rFF44,52974497,100.00,,
38.671644383,770130073,,instructions,52974677,100.00,4.01,insn per cycle
38.671644383,192073108,,cycles,52975147,100.00,,
38.771832352,46936,,rD044,53045405,100.00,,
38.771832352,838106,,rFF44,53046455,100.00,,
38.771832352,767253329,,instructions,53046625,100.00,3.99,insn per cycle
38.771832352,192339503,,cycles,53046245,100.00,,
38.872022711,47062,,rD044,52285837,100.00,,
38.872022711,847608,,rFF44,52279537,100.00,,
38.872022711,751282577,,instructions,52274547,100.00,3.97,insn per cycle
38.872022711,189350255,,cycles,52269737,100.00,,
38.972197660,47207,,rD044,52052603,100.00,,
38.972197660,851435,,rFF44,52052603,100.00,,
38.972197660,748445781,,instructions,52052603,100.00,3.97,insn per cycle
38.972197660,188438690,,cycles,52052603,100.00,,
39.072374069,46757,,rD044,52083797,100.00,,
39.072374069,825125,,rFF44,52083797,100.00,,
39.072374069,752167198,,instructions,52083797,100.00,3.99,insn per cycle
39.072374069,188602877,,cycles,52083797,100.00,,
39.172547097,46835,,rD044,52063841,100.00,,
39.172547097,847792,,rFF44,52063841,100.00,,
39.172547097,753954283,,instructions,52063841,100.00,4.00,insn per cycle
39.172547097,188513168,,cycles,52063841,100.00,,
39.272722146,46586,,rD044,52841289,100.00,,
39.272722146,839306,,rFF44,52845969,100.00,,
39.272722146,766999996,,instructions,52851699,100.00,4.00,insn per cycle
39.272722146,191626597,,cycles,52856439,100.00,,
39.372912915,16104,,rD044,52817343,100.00,,
39.372912915,797524,,rFF44,52817553,100.00,,
39.372912915,772823168,,instructions,52816673,100.00,4.04,insn per cycle
39.372912915,191491896,,cycles,52816613,100.00,,
39.473102034,46163,,rD044,52834885,100.00,,
39.473102034,836079,,rFF44,52835325,100.00,,
39.473102034,769706173,,instructions,52834875,100.00,4.02,insn per cycle
39.473102034,191559797,,cycles,52835225,100.00,,
39.573303603,46818,,rD044,51342093,100.00,,
39.573303603,836158,,rFF44,51342553,100.00,,
39.573303603,744233477,,instructions,51343463,100.00,4.00,insn per cycle
39.573303603,186006271,,cycles,51343733,100.00,,
39.673495361,46605,,rD044,52217023,100.00,,
39.673495361,854856,,rFF44,52211233,100.00,,
39.673495361,756454758,,instructions,52205923,100.00,4.00,insn per cycle
39.673495361,189106039,,cycles,52200623,100.00,,
39.773669440,46865,,rD044,51746942,100.00,,
39.773669440,816236,,rFF44,51746942,100.00,,
39.773669440,749268403,,instructions,51746942,100.00,4.00,insn per cycle
39.773669440,187273858,,cycles,51746942,100.00,,
39.873843809,46868,,rD044,51866786,100.00,,
39.873843809,842182,,rFF44,51866786,100.00,,
39.873843809,749276812,,instructions,51866786,100.00,3.99,insn per cycle
39.873843809,187771189,,cycles,51866786,100.00,,
39.974018408,46647,,rD044,51973514,100.00,,
39.974018408,836208,,rFF44,51979104,100.00,,
39.974018408,752590883,,instructions,51984264,100.00,4.00,insn per cycle
39.974018408,188230273,,cycles,51988944,100.00,,
40.074209037,16205,,rD044,52682737,100.00,,
40.074209037,807226,,rFF44,52682677,100.00,,
40.074209037,776488978,,instructions,52682717,100.00,4.07,insn per cycle
40.074209037,191009926,,cycles,52683027,100.00,,
40.174397926,46775,,rD044,53137391,100.00,,
40.174397926,856716,,rFF44,53137211,100.00,,
40.174397926,774853941,,instructions,53137341,100.00,4.02,insn per cycle
40.174397926,192695162,,cycles,53136981,100.00,,
40.274587485,46967,,rD044,52263013,100.00,,
40.274587485,850463,,rFF44,52257663,100.00,,
40.274587485,756708991,,instructions,52252333,100.00,4.00,insn per cycle
40.274587485,189359754,,cycles,52247703,100.00,,
40.374760503,46661,,rD044,51592603,100.00,,
40.374760503,805238,,rFF44,51592603,100.00,,
40.374760503,749164278,,instructions,51592603,100.00,4.01,insn per cycle
40.374760503,186740369,,cycles,51592603,100.00,,
40.474934782,47109,,rD044,51909205,100.00,,
40.474934782,837465,,rFF44,51912815,100.00,,
40.474934782,749114735,,instructions,51912815,100.00,3.99,insn per cycle
40.474934782,187968872,,cycles,51912815,100.00,,
40.575119910,46551,,rD044,51912939,100.00,,
40.575119910,843525,,rFF44,51915209,100.00,,
40.575119910,750428606,,instructions,51915209,100.00,3.99,insn per cycle
40.575119910,188000811,,cycles,51915209,100.00,,
40.675304249,47215,,rD044,52564488,100.00,,
40.675304249,846499,,rFF44,52564208,100.00,,
40.675304249,761682417,,instructions,52569378,100.00,4.00,insn per cycle
40.675304249,190542189,,cycles,52573848,100.00,,
40.775494118,15872,,rD044,52946759,100.00,,
40.775494118,819216,,rFF44,52946989,100.00,,
40.775494118,776307498,,instructions,52946329,100.00,4.04,insn per cycle
40.775494118,192038531,,cycles,52946639,100.00,,
40.875681877,46578,,rD044,53091875,100.00,,
40.875681877,848828,,rFF44,53091795,100.00,,
40.875681877,770167712,,instructions,53092785,100.00,4.00,insn per cycle
40.875681877,192570509,,cycles,53092235,100.00,,
40.975872735,46523,,rD044,51655433,100.00,,
40.975872735,827365,,rFF44,51649683,100.00,,
40.975872735,746640710,,instructions,51644183,100.00,3.99,insn per cycle
40.975872735,186996892,,cycles,51639953,100.00,,
41.076046814,46994,,rD044,51462954,100.00,,
41.076046814,799228,,rFF44,51462954,100.00,,
41.076046814,742704525,,instructions,51462954,100.00,3.99,insn per cycle
41.076046814,186269343,,cycles,51462954,100.00,,
41.176256623,46758,,rD044,51713380,100.00,,
41.176256623,840287,,rFF44,51713380,100.00,,
41.176256623,745684116,,instructions,51721100,100.00,3.98,insn per cycle
41.176256623,187228491,,cycles,51724930,100.00,,
41.276446292,46994,,rD044,52227197,100.00,,
41.276446292,852349,,rFF44,52232377,100.00,,
41.276446292,753488187,,instructions,52229467,100.00,3.98,insn per cycle
41.276446292,189204228,,cycles,52231007,100.00,,
41.376636431,15776,,rD044,52830092,100.00,,
41.376636431,822474,,rFF44,52831342,100.00,,
41.376636431,770913385,,instructions,52831162,100.00,4.02,insn per cycle
41.376636431,191584751,,cycles,52830052,100.00,,
41.476824090,46175,,rD044,53109401,100.00,,
41.476824090,843291,,rFF44,53108391,100.00,,
41.476824090,772824216,,instructions,53108471,100.00,4.01,insn per cycle
41.476824090,192619218,,cycles,53109641,100.00,,
41.577016809,46974,,rD044,52437254,100.00,,
41.577016809,842645,,rFF44,52431834,100.00,,
41.577016809,760802041,,instructions,52427124,100.00,4.00,insn per cycle
41.577016809,190026813,,cycles,52421694,100.00,,
41.677191107,46524,,rD044,52173205,100.00,,
41.677191107,834910,,rFF44,52173205,100.00,,
41.677191107,760243978,,instructions,52173205,100.00,4.02,insn per cycle
41.677191107,188993229,,cycles,52173205,100.00,,
41.777372536,46980,,rD044,52033708,100.00,,
41.777372536,801670,,rFF44,52033708,100.00,,
41.777372536,755367326,,instructions,52033708,100.00,4.01,insn per cycle
41.777372536,188447216,,cycles,52033708,100.00,,
41.877546225,45794,,rD044,51924749,100.00,,
41.877546225,833139,,rFF44,51924749,100.00,,
41.877546225,754911302,,instructions,51924749,100.00,4.01,insn per cycle
41.877546225,188241813,,cycles,51924749,100.00,,
41.977721593,46826,,rD044,52190400,100.00,,
41.977721593,856215,,rFF44,52193260,100.00,,
41.977721593,754543387,,instructions,52193260,100.00,3.99,insn per cycle
41.977721593,189055850,,cycles,52193260,100.00,,
42.077908312,16175,,rD044,52046571,100.00,,
42.077908312,811129,,rFF44,52043711,100.00,,
42.077908312,753860787,,instructions,52043711,100.00,4.00,insn per cycle
42.077908312,188470899,,cycles,52043711,100.00,,
42.178084971,46822,,rD044,52445726,100.00,,
42.178084971,834158,,rFF44,52451176,100.00,,
42.178084971,759424632,,instructions,52456326,100.00,3.99,insn per cycle
42.178084971,190229403,,cycles,52494346,100.00,,
42.278306980,46805,,rD044,53018945,100.00,,
42.278306980,838993,,rFF44,53019065,100.00,,
42.278306980,768401062,,instructions,53018755,100.00,4.00,insn per cycle
42.278306980,192156514,,cycles,52986025,100.00,,
42.378497579,46683,,rD044,52839200,100.00,,
42.378497579,846039,,rFF44,52838650,100.00,,
42.378497579,769292380,,instructions,52838690,100.00,4.02,insn per cycle
42.378497579,191589701,,cycles,52838410,100.00,,
42.478686658,46560,,rD044,53000382,100.00,,
42.478686658,823638,,rFF44,53000972,100.00,,
42.478686658,773591992,,instructions,53000772,100.00,4.02,insn per cycle
42.478686658,192210387,,cycles,53000542,100.00,,
42.578874777,46739,,rD044,53224836,100.00,,
42.578874777,861666,,rFF44,53224887,100.00,,
42.578874777,774773491,,instructions,53224527,100.00,4.01,insn per cycle
42.578874777,193015385,,cycles,53224977,100.00,,
42.679064196,46606,,rD044,52200231,100.00,,
42.679064196,827387,,rFF44,52199820,100.00,,
42.679064196,764107293,,instructions,52199920,100.00,4.04,insn per cycle
42.679064196,189133377,,cycles,52199030,100.00,,
42.779267275,16929,,rD044,52026759,100.00,,
42.779267275,817172,,rFF44,52021509,100.00,,
42.779267275,762317964,,instructions,52017089,100.00,4.05,insn per cycle
42.779267275,188339454,,cycles,52012749,100.00,,
42.879441454,46310,,rD044,52016949,100.00,,
42.879441454,830189,,rFF44,52024849,100.00,,
42.879441454,762552439,,instructions,52029179,100.00,4.05,insn per cycle
42.879441454,188466591,,cycles,52034339,100.00,,
42.979636543,46875,,rD044,52242166,100.00,,
42.979636543,848380,,rFF44,52234266,100.00,,
42.979636543,761069854,,instructions,52229936,100.00,4.02,insn per cycle
42.979636543,189195739,,cycles,52224776,100.00,,
43.079811291,46569,,rD044,52138903,100.00,,
43.079811291,850094,,rFF44,52138903,100.00,,
43.079811291,760997457,,instructions,52138903,100.00,4.03,insn per cycle
43.079811291,188857354,,cycles,52138903,100.00,,
43.179987440,46240,,rD044,52264117,100.00,,
43.179987440,812147,,rFF44,52269237,100.00,,
43.179987440,767896466,,instructions,52274087,100.00,4.05,insn per cycle
43.179987440,189400647,,cycles,52279137,100.00,,
43.280175659,46337,,rD044,52965192,100.00,,
43.280175659,831006,,rFF44,52965522,100.00,,
43.280175659,775241859,,instructions,52966302,100.00,4.04,insn per cycle
43.280175659,192079947,,cycles,52966062,100.00,,
43.380365658,46781,,rD044,53046982,100.00,,
43.380365658,833358,,rFF44,53047552,100.00,,
43.380365658,777967680,,instructions,53047572,100.00,4.04,insn per cycle
43.380365658,192394494,,cycles,53047192,100.00,,
43.480555816,46926,,rD044,52914945,100.00,,
43.480555816,842787,,rFF44,52913655,100.00,,
43.480555816,779960931,,instructions,52913105,100.00,4.07,insn per cycle
43.480555816,191862175,,cycles,52913695,100.00,,
43.580743865,16202,,rD044,52866013,100.00,,
43.580743865,811139,,rFF44,52861283,100.00,,
43.580743865,781504299,,instructions,52856183,100.00,4.08,insn per cycle
43.580743865,191650750,,cycles,52851163,100.00,,
43.680918164,46626,,rD044,52016461,100.00,,
43.680918164,856574,,rFF44,52022911,100.00,,
43.680918164,758992735,,instructions,52027391,100.00,4.03,insn per cycle
43.680918164,188409764,,cycles,52027391,100.00,,
43.781140313,46886,,rD044,52146582,100.00,,
43.781140313,848703,,rFF44,52145972,100.00,,
43.781140313,758298502,,instructions,52146432,100.00,4.01,insn per cycle
43.781140313,188972429,,cycles,52172732,100.00,,
43.881355992,46603,,rD044,51839091,100.00,,
43.881355992,803115,,rFF44,51833251,100.00,,
43.881355992,758283462,,instructions,51828311,100.00,4.04,insn per cycle
43.881355992,187578563,,cycles,51802011,100.00,,
43.981531450,46626,,rD044,51865172,100.00,,
43.981531450,833222,,rFF44,51870152,100.00,,
43.981531450,753026785,,instructions,51874702,100.00,4.01,insn per cycle
43.981531450,187839995,,cycles,51879832,100.00,,
44.081721149,46631,,rD044,53066016,100.00,,
44.081721149,837960,,rFF44,53066336,100.00,,
44.081721149,773373316,,instructions,53067036,100.00,4.02,insn per cycle
44.081721149,192473671,,cycles,53066476,100.00,,
44.181911988,46451,,rD044,51451952,100.00,,
44.181911988,836963,,rFF44,51452282,100.00,,
44.181911988,745254964,,instructions,51451852,100.00,4.00,insn per cycle
44.181911988,186433980,,cycles,51452192,100.00,,
44.282102237,15685,,rD044,53138261,100.00,,
44.282102237,811384,,rFF44,53138021,100.00,,
44.282102237,785566051,,instructions,53138151,100.00,4.08,insn per cycle
44.282102237,192740331,,cycles,53138051,100.00,,
44.382305156,46838,,rD044,52907536,100.00,,
44.382305156,836657,,rFF44,52907246,100.00,,
44.382305156,766640970,,instructions,52907286,100.00,4.00,insn per cycle
44.382305156,191876343,,cycles,52908076,100.00,,
44.482496855,46778,,rD044,53029429,100.00,,
44.482496855,834883,,rFF44,53030009,100.00,,
44.482496855,770295502,,instructions,53029579,100.00,4.01,insn per cycle
44.482496855,192321540,,cycles,53028539,100.00,,
44.582686634,46537,,rD044,53123342,100.00,,
44.582686634,834647,,rFF44,53123182,100.00,,
44.582686634,772058344,,instructions,53123712,100.00,4.01,insn per cycle
44.582686634,192694442,,cycles,53124103,100.00,,
44.682877623,45834,,rD044,52606757,100.00,,
44.682877623,794322,,rFF44,52601237,100.00,,
44.682877623,768173423,,instructions,52596147,100.00,4.03,insn per cycle
44.682877623,190683748,,cycles,52591196,100.00,,
44.783054542,46849,,rD044,52410693,100.00,,
44.783054542,837582,,rFF44,52413433,100.00,,
44.783054542,762282529,,instructions,52413433,100.00,4.01,insn per cycle
44.783054542,189990046,,cycles,52413433,100.00,,
44.883250220,46363,,rD044,52442120,100.00,,
44.883250220,847158,,rFF44,52439380,100.00,,
44.883250220,762928792,,instructions,52439380,100.00,4.02,insn per cycle
44.883250220,190008592,,cycles,52439380,100.00,,
44.983426989,16399,,rD044,51863672,100.00,,
44.983426989,806078,,rFF44,51863672,100.00,,
44.983426989,766114199,,instructions,51863672,100.00,4.08,insn per cycle
44.983426989,187791840,,cycles,51863672,100.00,,
45.083604178,46706,,rD044,52008872,100.00,,
45.083604178,838589,,rFF44,52008872,100.00,,
45.083604178,768665026,,instructions,52008872,100.00,4.08,insn per cycle
45.083604178,188337556,,cycles,52008872,100.00,,
45.183781537,46799,,rD044,52336766,100.00,,
45.183781537,836915,,rFF44,52342406,100.00,,
45.183781537,773508783,,instructions,52347716,100.00,4.08,insn per cycle
45.183781537,189654117,,cycles,52352446,100.00,,
45.283971496,46333,,rD044,52951865,100.00,,
45.283971496,834903,,rFF44,52951165,100.00,,
45.283971496,774999566,,instructions,52951675,100.00,4.04,insn per cycle
45.283971496,192065515,,cycles,52952945,100.00,,
45.384160474,46860,,rD044,52760811,100.00,,
45.384160474,858570,,rFF44,52761551,100.00,,
45.384160474,782389741,,instructions,52760561,100.00,4.09,insn per cycle
45.384160474,191323376,,cycles,52759651,100.00,,
45.484350733,46894,,rD044,53115332,100.00,,
45.484350733,820641,,rFF44,53115252,100.00,,
45.484350733,780951118,,instructions,53116212,100.00,4.05,insn per cycle
45.484350733,192640074,,cycles,53116252,100.00,,
45.584546662,46513,,rD044,52891978,100.00,,
45.584546662,828767,,rFF44,52891938,100.00,,
45.584546662,772060042,,instructions,52890988,100.00,4.02,insn per cycle
45.584546662,191829010,,cycles,52891158,100.00,,
45.684735661,46402,,rD044,52018819,100.00,,
45.684735661,830341,,rFF44,52013259,100.00,,
45.684735661,757062213,,instructions,52008419,100.00,4.02,insn per cycle
45.684735661,188408666,,cycles,52003119,100.00,,
45.784912719,16413,,rD044,51692118,100.00,,
45.784912719,808065,,rFF44,51692118,100.00,,
45.784912719,758226591,,instructions,51692118,100.00,4.05,insn per cycle
45.784912719,187131393,,cycles,51692118,100.00,,
45.885087498,46962,,rD044,52071051,100.00,,
45.885087498,846437,,rFF44,52071051,100.00,,
45.885087498,754280290,,instructions,52071051,100.00,4.00,insn per cycle
45.885087498,188575431,,cycles,52071051,100.00,,
45.985300447,46517,,rD044,52040694,100.00,,
45.985300447,849801,,rFF44,52040694,100.00,,
45.985300447,754412683,,instructions,52040694,100.00,4.00,insn per cycle
45.985300447,188502508,,cycles,52040694,100.00,,
46.085476086,46845,,rD044,52797043,100.00,,
46.085476086,844053,,rFF44,52802373,100.00,,
46.085476086,768114495,,instructions,52807413,100.00,4.01,insn per cycle
46.085476086,191493554,,cycles,52812863,100.00,,
46.185664885,46052,,rD044,53118060,100.00,,
46.185664885,796219,,rFF44,53118560,100.00,,
46.185664885,787232667,,instructions,53118150,100.00,4.09,insn per cycle
46.185664885,192684879,,cycles,53117610,100.00,,
46.285853834,46355,,rD044,52991993,100.00,,
46.285853834,832507,,rFF44,52991343,100.00,,
46.285853834,775717754,,instructions,52992393,100.00,4.04,insn per cycle
46.285853834,192176316,,cycles,52992303,100.00,,
46.386041882,46348,,rD044,52864208,100.00,,
46.386041882,830067,,rFF44,52863698,100.00,,
46.386041882,767045779,,instructions,52862818,100.00,4.00,insn per cycle
46.386041882,191722307,,cycles,52862578,100.00,,
46.486241741,46647,,rD044,51989861,100.00,,
46.486241741,845353,,rFF44,51985191,100.00,,
46.486241741,753606168,,instructions,51980391,100.00,4.00,insn per cycle
46.486241741,188367076,,cycles,51975811,100.00,,
46.586415900,15945,,rD044,51394751,100.00,,
46.586415900,808521,,rFF44,51394751,100.00,,
46.586415900,745505842,,instructions,51394751,100.00,4.00,insn per cycle
46.586415900,186184118,,cycles,51394751,100.00,,
46.686592359,46325,,rD044,52411022,100.00,,
46.686592359,839518,,rFF44,52411022,100.00,,
46.686592359,763634012,,instructions,52411022,100.00,4.02,insn per cycle
46.686592359,189896874,,cycles,52411022,100.00,,
46.786767787,46936,,rD044,51871681,100.00,,
46.786767787,835516,,rFF44,51871681,100.00,,
46.786767787,750927044,,instructions,51871681,100.00,4.00,insn per cycle
46.786767787,187793475,,cycles,51871681,100.00,,
46.886942956,46344,,rD044,51605253,100.00,,
46.886942956,805543,,rFF44,51612753,100.00,,
46.886942956,750029662,,instructions,51616613,100.00,4.01,insn per cycle
46.886942956,186808409,,cycles,51616613,100.00,,
46.987132615,46512,,rD044,52851729,100.00,,
46.987132615,843746,,rFF44,52849839,100.00,,
46.987132615,766450154,,instructions,52851119,100.00,4.00,insn per cycle
46.987132615,191669140,,cycles,52856669,100.00,,
47.087323124,46353,,rD044,52920803,100.00,,
47.087323124,844382,,rFF44,52920643,100.00,,
47.087323124,776283331,,instructions,52920483,100.00,4.04,insn per cycle
47.087323124,191946474,,cycles,52919633,100.00,,
47.187511903,46802,,rD044,53073027,100.00,,
47.187511903,854918,,rFF44,53072527,100.00,,
47.187511903,780979678,,instructions,53072377,100.00,4.06,insn per cycle
47.187511903,192512356,,cycles,53072187,100.00,,
47.287701351,15706,,rD044,52844722,100.00,,
47.287701351,794232,,rFF44,52839772,100.00,,
47.287701351,780476463,,instructions,52834942,100.00,4.07,insn per cycle
47.287701351,191610210,,cycles,52830432,100.00,,
47.387874760,46560,,rD044,51932562,100.00,,
47.387874760,827053,,rFF44,51932562,100.00,,
47.387874760,757503304,,instructions,51932562,100.00,4.03,insn per cycle
47.387874760,188117283,,cycles,51932562,100.00,,
47.488049449,46676,,rD044,52047218,100.00,,
47.488049449,832911,,rFF44,52047218,100.00,,
47.488049449,759538979,,instructions,52047218,100.00,4.03,insn per cycle
47.488049449,188526805,,cycles,52047218,100.00,,
47.588264218,46878,,rD044,51822022,100.00,,
47.588264218,818776,,rFF44,51822022,100.00,,
47.588264218,750870917,,instructions,51822022,100.00,4.00,insn per cycle
47.588264218,187593868,,cycles,51822022,100.00,,
47.688445287,46637,,rD044,52388048,100.00,,
47.688445287,848564,,rFF44,52388048,100.00,,
47.688445287,763289817,,instructions,52388048,100.00,4.02,insn per cycle
47.688445287,189839925,,cycles,52388048,100.00,,
47.788620645,46800,,rD044,51893563,100.00,,
47.788620645,852570,,rFF44,51893563,100.00,,
47.788620645,775956930,,instructions,51893563,100.00,4.13,insn per cycle
47.788620645,187944184,,cycles,51893563,100.00,,
47.888798424,46711,,rD044,52031976,100.00,,
47.888798424,858433,,rFF44,52037186,100.00,,
47.888798424,777913006,,instructions,52042476,100.00,4.12,insn per cycle
47.888798424,188611874,,cycles,52047516,100.00,,
47.988987523,46411,,rD044,52706065,100.00,,
47.988987523,843059,,rFF44,52705775,100.00,,
47.988987523,796139818,,instructions,52705265,100.00,4.17,insn per cycle
47.988987523,191131326,,cycles,52705156,100.00,,
48.089177682,15957,,rD044,52962816,100.00,,
48.089177682,799908,,rFF44,52963526,100.00,,
48.089177682,807153605,,instructions,52963526,100.00,4.20,insn per cycle
48.089177682,192125393,,cycles,52964105,100.00,,
48.189370231,46199,,rD044,52592689,100.00,,
48.189370231,850240,,rFF44,52587059,100.00,,
48.189370231,793232349,,instructions,52582279,100.00,4.16,insn per cycle
48.189370231,190613207,,cycles,52576769,100.00,,
48.289545429,46707,,rD044,52325440,100.00,,
48.289545429,855357,,rFF44,52325440,100.00,,
48.289545429,768878546,,instructions,52325440,100.00,4.06,insn per cycle
48.289545429,189576773,,cycles,52325440,100.00,,
48.389720458,46150,,rD044,52885635,100.00,,
48.389720458,843521,,rFF44,52885635,100.00,,
48.389720458,772180262,,instructions,52885635,100.00,4.03,insn per cycle
48.389720458,191789883,,cycles,52885635,100.00,,
48.489896027,46780,,rD044,52568435,100.00,,
48.489896027,835921,,rFF44,52568435,100.00,,
48.489896027,772281997,,instructions,52576255,100.00,4.05,insn per cycle
48.489896027,190592264,,cycles,52579925,100.00,,
48.590088675,46259,,rD044,52271902,100.00,,
48.590088675,799169,,rFF44,52271902,100.00,,
48.590088675,772184875,,instructions,52264082,100.00,4.08,insn per cycle
48.590088675,189360074,,cycles,52260412,100.00,,
48.690278764,46777,,rD044,52609427,100.00,,
48.690278764,844931,,rFF44,52609427,100.00,,
48.690278764,773496178,,instructions,52609427,100.00,4.06,insn per cycle
48.690278764,190681555,,cycles,52609427,100.00,,
48.790454113,46198,,rD044,52418296,100.00,,
48.790454113,844565,,rFF44,52418296,100.00,,
48.790454113,772243839,,instructions,52418296,100.00,4.07,insn per cycle
48.790454113,189939627,,cycles,52418296,100.00,,
48.890631202,46209,,rD044,52296815,100.00,,
48.890631202,835343,,rFF44,52302195,100.00,,
48.890631202,771888209,,instructions,52307295,100.00,4.07,insn per cycle
48.890631202,189730020,,cycles,52307295,100.00,,
48.990825900,15907,,rD044,52195913,100.00,,
48.990825900,802029,,rFF44,52190533,100.00,,
48.990825900,769749617,,instructions,52185433,100.00,4.07,insn per cycle
48.990825900,189083964,,cycles,52185433,100.00,,
49.091001959,46434,,rD044,52486711,100.00,,
49.091001959,842412,,rFF44,52486711,100.00,,
49.091001959,769829705,,instructions,52486711,100.00,4.05,insn per cycle
49.091001959,190209914,,cycles,52486711,100.00,,
49.191176248,46729,,rD044,52697419,100.00,,
49.191176248,834642,,rFF44,52704419,100.00,,
49.191176248,775555307,,instructions,52709499,100.00,4.06,insn per cycle
49.191176248,191098739,,cycles,52714029,100.00,,
49.291368737,46375,,rD044,53162193,100.00,,
49.291368737,843577,,rFF44,53160663,100.00,,
49.291368737,783100411,,instructions,53160343,100.00,4.06,insn per cycle
49.291368737,192854511,,cycles,53160783,100.00,,
49.391558675,46275,,rD044,53071671,100.00,,
49.391558675,815089,,rFF44,53071651,100.00,,
49.391558675,786102946,,instructions,53071631,100.00,4.08,insn per cycle
49.391558675,192473615,,cycles,53071431,100.00,,
49.491749434,46189,,rD044,53115862,100.00,,
49.491749434,851549,,rFF44,53116172,100.00,,
49.491749434,781261252,,instructions,53116162,100.00,4.05,insn per cycle
49.491749434,192678566,,cycles,53116682,100.00,,
49.591945013,46776,,rD044,52668320,100.00,,
49.591945013,833367,,rFF44,52667540,100.00,,
49.591945013,773213461,,instructions,52667730,100.00,4.05,insn per cycle
49.591945013,190976556,,cycles,52666940,100.00,,
49.692133752,46570,,rD044,53073120,100.00,,
49.692133752,835125,,rFF44,53073020,100.00,,
49.692133752,782038779,,instructions,53072910,100.00,4.06,insn per cycle
49.692133752,192510392,,cycles,53072770,100.00,,
49.792323851,16425,,rD044,52460426,100.00,,
49.792323851,800453,,rFF44,52455546,100.00,,
49.792323851,775326739,,instructions,52450736,100.00,4.08,insn per cycle
49.792323851,190118235,,cycles,52446376,100.00,,
49.892500260,46563,,rD044,52025250,100.00,,
49.892500260,841568,,rFF44,52025250,100.00,,
49.892500260,770697296,,instructions,52025250,100.00,4.09,insn per cycle
49.892500260,188439746,,cycles,52025250,100.00,,
49.992677518,47502,,rD044,52353791,100.00,,
49.992677518,875423,,rFF44,52353791,100.00,,
49.992677518,771272583,,instructions,52353791,100.00,4.07,insn per cycle
49.992677518,189570467,,cycles,52353791,100.00,,
50.092853347,46529,,rD044,52164313,100.00,,
50.092853347,856424,,rFF44,52168564,100.00,,
50.092853347,770786154,,instructions,52168564,100.00,4.08,insn per cycle
50.092853347,188957521,,cycles,52168564,100.00,,
50.193039906,46743,,rD044,51970649,100.00,,
50.193039906,810512,,rFF44,51973938,100.00,,
50.193039906,770899729,,instructions,51978678,100.00,4.09,insn per cycle
50.193039906,188261498,,cycles,51983098,100.00,,
50.293263435,46865,,rD044,52708241,100.00,,
50.293263435,846631,,rFF44,52706151,100.00,,
50.293263435,780091200,,instructions,52707241,100.00,4.08,insn per cycle
50.293263435,191018659,,cycles,52707461,100.00,,
50.393454804,46874,,rD044,52654231,100.00,,
50.393454804,846690,,rFF44,52653971,100.00,,
50.393454804,781211582,,instructions,52653051,100.00,4.09,insn per cycle
50.393454804,190890050,,cycles,52654741,100.00,,
50.493646493,46159,,rD044,52851170,100.00,,
50.493646493,845205,,rFF44,52851540,100.00,,
50.493646493,781814721,,instructions,52851380,100.00,4.08,insn per cycle
50.493646493,191638082,,cycles,52850930,100.00,,
50.593837512,46266,,rD044,53141700,100.00,,
50.593837512,855443,,rFF44,53142210,100.00,,
50.593837512,786243710,,instructions,53142790,100.00,4.08,insn per cycle
50.593837512,192737572,,cycles,53141810,100.00,,
50.694027930,16029,,rD044,52913905,100.00,,
50.694027930,815950,,rFF44,52907835,100.00,,
50.694027930,784143669,,instructions,52902505,100.00,4.09,insn per cycle
50.694027930,191819380,,cycles,52897605,100.00,,
50.794205299,46495,,rD044,52325913,100.00,,
50.794205299,841372,,rFF44,52325913,100.00,,
50.794205299,767060678,,instructions,52325913,100.00,4.05,insn per cycle
50.794205299,189589314,,cycles,52325913,100.00,,
50.894382368,46688,,rD044,52205401,100.00,,
50.894382368,839264,,rFF44,52205401,100.00,,
50.894382368,766889056,,instructions,52205401,100.00,4.06,insn per cycle
50.894382368,189104618,,cycles,52205401,100.00,,
50.994557257,46731,,rD044,52198181,100.00,,
50.994557257,810512,,rFF44,52198181,100.00,,
50.994557257,768026391,,instructions,52198181,100.00,4.06,insn per cycle
50.994557257,189048841,,cycles,52198181,100.00,,
51.094731945,46615,,rD044,52299087,100.00,,
51.094731945,853414,,rFF44,52299087,100.00,,
51.094731945,766961945,,instructions,52299087,100.00,4.05,insn per cycle
51.094731945,189469034,,cycles,52299087,100.00,,
51.194907964,46621,,rD044,52127348,100.00,,
51.194907964,848280,,rFF44,52132698,100.00,,
51.194907964,766770861,,instructions,52136318,100.00,4.06,insn per cycle
51.194907964,189009866,,cycles,52136318,100.00,,
51.295136754,46921,,rD044,52477211,100.00,,
51.295136754,845156,,rFF44,52480281,100.00,,
51.295136754,766869113,,instructions,52502251,100.00,4.03,insn per cycle
51.295136754,190257588,,cycles,52502251,100.00,,
51.395349092,16410,,rD044,52230798,100.00,,
51.395349092,809250,,rFF44,52222378,100.00,,
51.395349092,765962393,,instructions,52196788,100.00,4.05,insn per cycle
51.395349092,189119218,,cycles,52196788,100.00,,
51.495524941,46286,,rD044,52533826,100.00,,
51.495524941,835448,,rFF44,52539326,100.00,,
51.495524941,767418150,,instructions,52544096,100.00,4.03,insn per cycle
51.495524941,190429568,,cycles,52548626,100.00,,
51.595712930,46715,,rD044,53189455,100.00,,
51.595712930,838790,,rFF44,53189105,100.00,,
51.595712930,779523407,,instructions,53189555,100.00,4.04,insn per cycle
51.595712930,192951821,,cycles,53190395,100.00,,
51.695904529,46588,,rD044,53033066,100.00,,
51.695904529,842910,,rFF44,53033316,100.00,,
51.695904529,782876893,,instructions,53032816,100.00,4.07,insn per cycle
51.695904529,192374893,,cycles,53031956,100.00,,
51.796094618,46215,,rD044,53120270,100.00,,
51.796094618,823672,,rFF44,53133680,100.00,,
51.796094618,782825552,,instructions,53133560,100.00,4.06,insn per cycle
51.796094618,192705424,,cycles,53134070,100.00,,
51.896299777,46361,,rD044,52987268,100.00,,
51.896299777,833407,,rFF44,52973618,100.00,,
51.896299777,779173860,,instructions,52974088,100.00,4.06,insn per cycle
51.896299777,192141937,,cycles,52974038,100.00,,
51.996489406,46487,,rD044,52640463,100.00,,
51.996489406,841738,,rFF44,52635303,100.00,,
51.996489406,771352219,,instructions,52630233,100.00,4.04,insn per cycle
51.996489406,190817756,,cycles,52625263,100.00,,
52.096663584,47046,,rD044,52477601,100.00,,
52.096663584,842701,,rFF44,52477601,100.00,,
52.096663584,767752595,,instructions,52477601,100.00,4.04,insn per cycle
52.096663584,190144193,,cycles,52477601,100.00,,
52.196838823,15976,,rD044,52083586,100.00,,
52.196838823,803310,,rFF44,52083586,100.00,,
52.196838823,765600564,,instructions,52083586,100.00,4.06,insn per cycle
52.196838823,188684425,,cycles,52083586,100.00,,
52.297013532,46673,,rD044,52408865,100.00,,
52.297013532,852331,,rFF44,52408865,100.00,,
52.297013532,765806288,,instructions,52417475,100.00,4.03,insn per cycle
52.297013532,189947847,,cycles,52422615,100.00,,
52.397206161,46751,,rD044,52350019,100.00,,
52.397206161,850139,,rFF44,52350019,100.00,,
52.397206161,765725596,,instructions,52341409,100.00,4.04,insn per cycle
52.397206161,189642090,,cycles,52336269,100.00,,
52.497380539,46801,,rD044,52373167,100.00,,
52.497380539,837188,,rFF44,52373167,100.00,,
52.497380539,765816599,,instructions,52373167,100.00,4.04,insn per cycle
52.497380539,189741296,,cycles,52373167,100.00,,
52.597557088,46500,,rD044,52553463,100.00,,
52.597557088,802207,,rFF44,52558853,100.00,,
52.597557088,769657634,,instructions,52564023,100.00,4.04,insn per cycle
52.597557088,190531161,,cycles,52568643,100.00,,
52.697748287,46198,,rD044,52885906,100.00,,
52.697748287,831828,,rFF44,52886026,100.00,,
52.697748287,776812736,,instructions,52885626,100.00,4.05,insn per cycle
52.697748287,191786188,,cycles,52887046,100.00,,
52.797940496,46363,,rD044,53050454,100.00,,
52.797940496,852822,,rFF44,53050484,100.00,,
52.797940496,775418711,,instructions,53051374,100.00,4.03,insn per cycle
52.797940496,192360048,,cycles,53049724,100.00,,
52.898132174,46482,,rD044,53301050,100.00,,
52.898132174,864278,,rFF44,53300850,100.00,,
52.898132174,786987107,,instructions,53299830,100.00,4.07,insn per cycle
52.898132174,193310641,,cycles,53299900,100.00,,
52.998321103,46947,,rD044,53163710,100.00,,
52.998321103,857819,,rFF44,53163840,100.00,,
52.998321103,787216424,,instructions,53164090,100.00,4.08,insn per cycle
52.998321103,192789036,,cycles,53165550,100.00,,
53.098513432,16307,,rD044,52345515,100.00,,
53.098513432,813876,,rFF44,52340045,100.00,,
53.098513432,778719011,,instructions,52335155,100.00,4.11,insn per cycle
53.098513432,189614278,,cycles,52329235,100.00,,
53.198687271,47085,,rD044,52023555,100.00,,
53.198687271,847948,,rFF44,52023555,100.00,,
53.198687271,770123573,,instructions,52023555,100.00,4.09,insn per cycle
53.198687271,188381380,,cycles,52023555,100.00,,
53.298862959,46538,,rD044,51990472,100.00,,
53.298862959,838076,,rFF44,51990472,100.00,,
53.298862959,770837982,,instructions,51990472,100.00,4.09,insn per cycle
53.298862959,188310697,,cycles,51990472,100.00,,
53.399038028,46965,,rD044,51970305,100.00,,
53.399038028,846418,,rFF44,51970305,100.00,,
53.399038028,769823831,,instructions,51970305,100.00,4.09,insn per cycle
53.399038028,188253586,,cycles,51970305,100.00,,
53.499249787,46093,,rD044,51603664,100.00,,
53.499249787,807338,,rFF44,51603664,100.00,,
53.499249787,770089675,,instructions,51603664,100.00,4.12,insn per cycle
53.499249787,187040007,,cycles,51603664,100.00,,
53.599430946,46937,,rD044,52342404,100.00,,
53.599430946,853891,,rFF44,52342404,100.00,,
53.599430946,766718915,,instructions,52342404,100.00,4.04,insn per cycle
53.599430946,189615643,,cycles,52342404,100.00,,
53.699603695,46660,,rD044,52124935,100.00,,
53.699603695,840951,,rFF44,52124935,100.00,,
53.699603695,766605446,,instructions,52124935,100.00,4.06,insn per cycle
53.699603695,188800745,,cycles,52124935,100.00,,
53.799778573,46728,,rD044,52627266,100.00,,
53.799778573,838961,,rFF44,52632526,100.00,,
53.799778573,776828764,,instructions,52638226,100.00,4.07,insn per cycle
53.799778573,190793801,,cycles,52644336,100.00,,
53.899968462,46633,,rD044,52902565,100.00,,
53.899968462,846483,,rFF44,52902575,100.00,,
53.899968462,780846464,,instructions,52901735,100.00,4.07,insn per cycle
53.899968462,191781252,,cycles,52900645,100.00,,
54.000157141,16163,,rD044,53063201,100.00,,
54.000157141,824039,,rFF44,53063661,100.00,,
54.000157141,788664849,,instructions,53063201,100.00,4.10,insn per cycle
54.000157141,192441557,,cycles,53063711,100.00,,
54.100347640,46448,,rD044,53151431,100.00,,
54.100347640,861939,,rFF44,53151351,100.00,,
54.100347640,785100173,,instructions,53152001,100.00,4.07,insn per cycle
54.100347640,192753262,,cycles,53150811,100.00,,
54.200538039,46844,,rD044,52268484,100.00,,
54.200538039,839247,,rFF44,52262834,100.00,,
54.200538039,769856254,,instructions,52265104,100.00,4.06,insn per cycle
54.200538039,189436217,,cycles,52265554,100.00,,
54.300728978,46676,,rD044,52378168,100.00,,
54.300728978,842867,,rFF44,52378168,100.00,,
54.300728978,768468706,,instructions,52370848,100.00,4.05,insn per cycle
54.300728978,189725216,,cycles,52366058,100.00,,
54.400904876,46550,,rD044,52398241,100.00,,
54.400904876,808142,,rFF44,52398241,100.00,,
54.400904876,769170131,,instructions,52398241,100.00,4.05,insn per cycle
54.400904876,189875421,,cycles,52398241,100.00,,
54.501080265,46892,,rD044,52387846,100.00,,
54.501080265,845488,,rFF44,52387846,100.00,,
54.501080265,768095559,,instructions,52387846,100.00,4.05,insn per cycle
54.501080265,189801692,,cycles,52387846,100.00,,
54.601270684,46713,,rD044,52549193,100.00,,
54.601270684,853868,,rFF44,52549193,100.00,,
54.601270684,768060681,,instructions,52549193,100.00,4.03,insn per cycle
54.601270684,190409026,,cycles,52549193,100.00,,
54.701444046,46775,,rD044,52436771,100.00,,
54.701444046,853366,,rFF44,52436771,100.00,,
54.701444046,768074738,,instructions,52436771,100.00,4.04,insn per cycle
54.701444046,190057005,,cycles,52444971,100.00,,
54.801629979,15918,,rD044,52986116,100.00,,
54.801629979,809742,,rFF44,52991086,100.00,,
54.801629979,782651980,,instructions,52995636,100.00,4.07,insn per cycle
54.801629979,192161220,,cycles,52992616,100.00,,
54.901819051,46787,,rD044,53083918,100.00,,
54.901819051,843711,,rFF44,53084498,100.00,,
54.901819051,779986612,,instructions,53085058,100.00,4.05,insn per cycle
54.901819051,192533193,,cycles,53084888,100.00,,
55.002006264,46307,,rD044,53104485,100.00,,
55.002006264,839372,,rFF44,53104235,100.00,,
55.002006264,783052879,,instructions,53104175,100.00,4.07,insn per cycle
55.002006264,192607235,,cycles,53105155,100.00,,
55.102198366,46957,,rD044,53259739,100.00,,
55.102198366,848906,,rFF44,53259949,100.00,,
55.102198366,783063031,,instructions,53259729,100.00,4.05,insn per cycle
55.102198366,193151622,,cycles,53258729,100.00,,
55.202386449,46469,,rD044,53113679,100.00,,
55.202386449,854077,,rFF44,53113699,100.00,,
55.202386449,781964440,,instructions,53113839,100.00,4.06,insn per cycle
55.202386449,192611713,,cycles,53113429,100.00,,
55.302575312,46601,,rD044,52774676,100.00,,
55.302575312,822100,,rFF44,52769146,100.00,,
55.302575312,777787576,,instructions,52764176,100.00,4.07,insn per cycle
55.302575312,191285348,,cycles,52759596,100.00,,
55.402750824,46579,,rD044,52613419,100.00,,
55.402750824,847955,,rFF44,52613419,100.00,,
55.402750824,771581009,,instructions,52613419,100.00,4.05,insn per cycle
55.402750824,190645982,,cycles,52613419,100.00,,
55.502927737,46649,,rD044,52515931,100.00,,
55.502927737,839336,,rFF44,52515931,100.00,,
55.502927737,771419734,,instructions,52515931,100.00,4.05,insn per cycle
55.502927737,190304391,,cycles,52515931,100.00,,
55.603100779,47242,,rD044,52797146,100.00,,
55.603100779,848134,,rFF44,52797146,100.00,,
55.603100779,772575279,,instructions,52797146,100.00,4.04,insn per cycle
55.603100779,191326875,,cycles,52797146,100.00,,
55.703326622,16376,,rD044,52317541,100.00,,
55.703326622,820983,,rFF44,52317541,100.00,,
55.703326622,771273532,,instructions,52325192,100.00,4.07,insn per cycle
55.703326622,189549718,,cycles,52330132,100.00,,
55.803513815,46137,,rD044,52285970,100.00,,
55.803513815,841599,,rFF44,52285970,100.00,,
55.803513815,773986169,,instructions,52278319,100.00,4.08,insn per cycle
55.803513815,189599028,,cycles,52273379,100.00,,
55.903690008,46735,,rD044,52426207,100.00,,
55.903690008,853718,,rFF44,52426207,100.00,,
55.903690008,774398971,,instructions,52426207,100.00,4.08,insn per cycle
55.903690008,189955941,,cycles,52426207,100.00,,
56.003873881,46604,,rD044,52365683,100.00,,
56.003873881,842705,,rFF44,52365683,100.00,,
56.003873881,774329281,,instructions,52365683,100.00,4.08,insn per cycle
56.003873881,189671550,,cycles,52365683,100.00,,
56.104051743,47022,,rD044,52278999,100.00,,
56.104051743,807593,,rFF44,52286789,100.00,,
56.104051743,774411105,,instructions,52291589,100.00,4.09,insn per cycle
56.104051743,189412999,,cycles,52295189,100.00,,
56.204258086,46649,,rD044,52873375,100.00,,
56.204258086,841056,,rFF44,52870765,100.00,,
56.204258086,784810684,,instructions,52871445,100.00,4.09,insn per cycle
56.204258086,191693050,,cycles,52874125,100.00,,
56.304449409,46495,,rD044,53180995,100.00,,
56.304449409,846428,,rFF44,53180955,100.00,,
56.304449409,792263034,,instructions,53180575,100.00,4.11,insn per cycle
56.304449409,192912992,,cycles,53179385,100.00,,
56.404638752,46474,,rD044,52976728,100.00,,
56.404638752,850915,,rFF44,52977088,100.00,,
56.404638752,783346109,,instructions,52976498,100.00,4.08,insn per cycle
56.404638752,192161947,,cycles,52977048,100.00,,
56.504828564,46508,,rD044,53077989,100.00,,
56.504828564,836506,,rFF44,53077909,100.00,,
56.504828564,780982806,,instructions,53078919,100.00,4.06,insn per cycle
56.504828564,192499956,,cycles,53078269,100.00,,
56.605019527,15828,,rD044,53003190,100.00,,
56.605019527,801981,,rFF44,52997770,100.00,,
56.605019527,786585130,,instructions,52992250,100.00,4.09,insn per cycle
56.605019527,192154096,,cycles,52987260,100.00,,
56.705192640,46743,,rD044,52427173,100.00,,
56.705192640,837231,,rFF44,52427173,100.00,,
56.705192640,770213314,,instructions,52427173,100.00,4.05,insn per cycle
56.705192640,190046057,,cycles,52427173,100.00,,
56.805368153,46596,,rD044,52347716,100.00,,
56.805368153,836469,,rFF44,52347716,100.00,,
56.805368153,771196068,,instructions,52347716,100.00,4.07,insn per cycle
56.805368153,189711030,,cycles,52347716,100.00,,
56.905544535,47019,,rD044,52337594,100.00,,
56.905544535,855707,,rFF44,52337594,100.00,,
56.905544535,770231258,,instructions,52337594,100.00,4.06,insn per cycle
56.905544535,189641952,,cycles,52337594,100.00,,
57.005719708,46663,,rD044,52329515,100.00,,
57.005719708,851244,,rFF44,52329515,100.00,,
57.005719708,770104152,,instructions,52329515,100.00,4.06,insn per cycle
57.005719708,189620333,,cycles,52329515,100.00,,
57.105893970,47204,,rD044,52326223,100.00,,
57.105893970,810833,,rFF44,52333723,100.00,,
57.105893970,768149296,,instructions,52338873,100.00,4.05,insn per cycle
57.105893970,189613385,,cycles,52342603,100.00,,
57.206085193,46368,,rD044,52324803,100.00,,
57.206085193,836585,,rFF44,52325483,100.00,,
57.206085193,771771250,,instructions,52334123,100.00,4.07,insn per cycle
57.206085193,189614127,,cycles,52330393,100.00,,
57.306304096,46618,,rD044,52571327,100.00,,
57.306304096,840384,,rFF44,52567987,100.00,,
57.306304096,776221626,,instructions,52559217,100.00,4.07,insn per cycle
57.306304096,190508969,,cycles,52564017,100.00,,
57.406494358,46398,,rD044,52748185,100.00,,
57.406494358,835551,,rFF44,52748505,100.00,,
57.406494358,783907580,,instructions,52749085,100.00,4.10,insn per cycle
57.406494358,191294370,,cycles,52749915,100.00,,
57.506684861,15770,,rD044,53172912,100.00,,
57.506684861,821029,,rFF44,53172922,100.00,,
57.506684861,792256165,,instructions,53172272,100.00,4.11,insn per cycle
57.506684861,192871752,,cycles,53173072,100.00,,
57.606878754,46567,,rD044,52805525,100.00,,
57.606878754,846052,,rFF44,52805675,100.00,,
57.606878754,780320451,,instructions,52805565,100.00,4.07,insn per cycle
57.606878754,191504050,,cycles,52804205,100.00,,
57.707067376,45956,,rD044,52850035,100.00,,
57.707067376,829568,,rFF44,52850325,100.00,,
57.707067376,782873334,,instructions,52851235,100.00,4.08,insn per cycle
57.707067376,191658699,,cycles,52850915,100.00,,
57.807271689,46664,,rD044,52902154,100.00,,
57.807271689,836325,,rFF44,52896544,100.00,,
57.807271689,783264050,,instructions,52890794,100.00,4.08,insn per cycle
57.807271689,191783465,,cycles,52886044,100.00,,
57.907448671,46493,,rD044,52265933,100.00,,
57.907448671,842072,,rFF44,52265933,100.00,,
57.907448671,771545662,,instructions,52265933,100.00,4.07,insn per cycle
57.907448671,189391546,,cycles,52265933,100.00,,
58.007623784,46784,,rD044,52153707,100.00,,
58.007623784,820170,,rFF44,52153707,100.00,,
58.007623784,772059919,,instructions,52153707,100.00,4.09,insn per cycle
58.007623784,188910081,,cycles,52161217,100.00,,
58.107810866,46734,,rD044,51587646,100.00,,
58.107810866,869822,,rFF44,51592796,100.00,,
58.107810866,757626828,,instructions,51597676,100.00,4.06,insn per cycle
58.107810866,186810766,,cycles,51594606,100.00,,
58.208001079,46769,,rD044,52521226,100.00,,
58.208001079,862523,,rFF44,52521516,100.00,,
58.208001079,774525669,,instructions,52521266,100.00,4.07,insn per cycle
58.208001079,190428906,,cycles,52521496,100.00,,
58.308191382,46337,,rD044,52836301,100.00,,
58.308191382,833910,,rFF44,52835571,100.00,,
58.308191382,783593906,,instructions,52836401,100.00,4.09,insn per cycle
58.308191382,191631781,,cycles,52836151,100.00,,
58.408378214,15927,,rD044,51982554,100.00,,
58.408378214,804937,,rFF44,51977844,100.00,,
58.408378214,771919576,,instructions,51972384,100.00,4.10,insn per cycle
58.408378214,188254418,,cycles,51967964,100.00,,
58.508552637,46382,,rD044,52175878,100.00,,
58.508552637,839974,,rFF44,52180088,100.00,,
58.508552637,771880785,,instructions,52180088,100.00,4.08,insn per cycle
58.508552637,188979463,,cycles,52180088,100.00,,
58.608740260,46754,,rD044,52894853,100.00,,
58.608740260,849029,,rFF44,52890643,100.00,,
58.608740260,772511365,,instructions,52890643,100.00,4.03,insn per cycle
58.608740260,191754788,,cycles,52890643,100.00,,
58.708915502,46471,,rD044,52162083,100.00,,
58.708915502,853829,,rFF44,52162083,100.00,,
58.708915502,775832661,,instructions,52162083,100.00,4.11,insn per cycle
58.708915502,188934701,,cycles,52162083,100.00,,
58.809090215,47105,,rD044,51751130,100.00,,
58.809090215,806175,,rFF44,51751130,100.00,,
58.809090215,775887745,,instructions,51751130,100.00,4.14,insn per cycle
58.809090215,187346253,,cycles,51751130,100.00,,
58.909300778,46246,,rD044,52791244,100.00,,
58.909300778,831354,,rFF44,52796434,100.00,,
58.909300778,794465918,,instructions,52801424,100.00,4.15,insn per cycle
58.909300778,191468830,,cycles,52806004,100.00,,
59.009490190,46646,,rD044,53054973,100.00,,
59.009490190,835378,,rFF44,53054953,100.00,,
59.009490190,797152978,,instructions,53054663,100.00,4.14,insn per cycle
59.009490190,192423599,,cycles,53055073,100.00,,
59.109679593,46245,,rD044,53174896,100.00,,
59.109679593,828150,,rFF44,53175056,100.00,,
59.109679593,803026175,,instructions,53174876,100.00,4.16,insn per cycle
59.109679593,192893252,,cycles,53175156,100.00,,
59.209867196,46754,,rD044,51939780,100.00,,
59.209867196,837121,,rFF44,51939810,100.00,,
59.209867196,777798090,,instructions,51935290,100.00,4.13,insn per cycle
59.209867196,188121764,,cycles,51930020,100.00,,
59.310051058,47069,,rD044,51588886,100.00,,
59.310051058,847357,,rFF44,51583526,100.00,,
59.310051058,765086432,,instructions,51583526,100.00,4.10,insn per cycle
59.310051058,186741011,,cycles,51583526,100.00,,
59.410238801,16335,,rD044,51568199,100.00,,
59.410238801,814650,,rFF44,51576679,100.00,,
59.410238801,765302594,,instructions,51580289,100.00,4.10,insn per cycle
59.410238801,186689399,,cycles,51580289,100.00,,
59.510428143,46798,,rD044,52026677,100.00,,
59.510428143,833782,,rFF44,52018197,100.00,,
59.510428143,764857709,,instructions,52014587,100.00,4.06,insn per cycle
59.510428143,188401452,,cycles,52014587,100.00,,
59.610601986,46736,,rD044,53113059,100.00,,
59.610601986,843934,,rFF44,53118369,100.00,,
59.610601986,784273696,,instructions,53123339,100.00,4.07,insn per cycle
59.610601986,192667533,,cycles,53128139,100.00,,
59.710792109,46520,,rD044,52843248,100.00,,
59.710792109,844884,,rFF44,52843458,100.00,,
59.710792109,781846240,,instructions,52843668,100.00,4.08,insn per cycle
59.710792109,191631063,,cycles,52843688,100.00,,
59.810981231,46596,,rD044,53022899,100.00,,
59.810981231,817046,,rFF44,53022959,100.00,,
59.810981231,787237276,,instructions,53023599,100.00,4.09,insn per cycle
59.810981231,192332351,,cycles,53023699,100.00,,
59.911172814,46369,,rD044,52428407,100.00,,
59.911172814,842436,,rFF44,52422827,100.00,,
59.911172814,774634307,,instructions,52417007,100.00,4.08,insn per cycle
59.911172814,190027297,,cycles,52412087,100.00,,
60.011346486,46677,,rD044,51936744,100.00,,
60.011346486,839947,,rFF44,51936744,100.00,,
60.011346486,765203767,,instructions,51936744,100.00,4.07,insn per cycle
60.011346486,188089324,,cycles,51936744,100.00,,
60.111521579,46939,,rD044,51944717,100.00,,
60.111521579,837216,,rFF44,51948087,100.00,,
60.111521579,764972683,,instructions,51948087,100.00,4.07,insn per cycle
60.111521579,188132747,,cycles,51948087,100.00,,
60.211704452,16346,,rD044,51865461,100.00,,
60.211704452,804594,,rFF44,51862091,100.00,,
60.211704452,765694135,,instructions,51862091,100.00,4.08,insn per cycle
60.211704452,187796695,,cycles,51862091,100.00,,
60.311877344,46508,,rD044,52263295,100.00,,
60.311877344,842595,,rFF44,52263295,100.00,,
60.311877344,762367018,,instructions,52263295,100.00,4.03,insn per cycle
60.311877344,189337790,,cycles,52263295,100.00,,
60.412052827,46869,,rD044,52651465,100.00,,
60.412052827,853578,,rFF44,52656275,100.00,,
60.412052827,768041794,,instructions,52661195,100.00,4.02,insn per cycle
60.412052827,190930206,,cycles,52666005,100.00,,
60.512275510,46237,,rD044,52885530,100.00,,
60.512275510,846281,,rFF44,52885890,100.00,,
60.512275510,770902996,,instructions,52886220,100.00,4.02,insn per cycle
60.512275510,191799456,,cycles,52886270,100.00,,
60.612465023,46663,,rD044,53083672,100.00,,
60.612465023,804016,,rFF44,53084142,100.00,,
60.612465023,778103538,,instructions,53083732,100.00,4.04,insn per cycle
60.612465023,192503985,,cycles,53084182,100.00,,
60.712657695,46821,,rD044,53053400,100.00,,
60.712657695,838919,,rFF44,53053280,100.00,,
60.712657695,774409123,,instructions,53053110,100.00,4.03,insn per cycle
60.712657695,192389833,,cycles,53052620,100.00,,
60.812848038,46579,,rD044,53026549,100.00,,
60.812848038,839645,,rFF44,53026379,100.00,,
60.812848038,774271063,,instructions,53025949,100.00,4.03,insn per cycle
60.812848038,192338323,,cycles,53026159,100.00,,
60.913035991,46453,,rD044,52916615,100.00,,
60.913035991,843875,,rFF44,52916145,100.00,,
60.913035991,774067222,,instructions,52916635,100.00,4.03,insn per cycle
60.913035991,191915097,,cycles,52916195,100.00,,
61.013239234,16444,,rD044,52222377,100.00,,
61.013239234,821077,,rFF44,52217497,100.00,,
61.013239234,765570221,,instructions,52212767,100.00,4.05,insn per cycle
61.013239234,189210661,,cycles,52208177,100.00,,
61.113416356,46473,,rD044,52338195,100.00,,
61.113416356,843249,,rFF44,52338195,100.00,,
61.113416356,762449759,,instructions,52338195,100.00,4.02,insn per cycle
61.113416356,189655544,,cycles,52346975,100.00,,
61.213603449,46950,,rD044,52380237,100.00,,
61.213603449,839132,,rFF44,52380237,100.00,,
61.213603449,762611251,,instructions,52380237,100.00,4.02,insn per cycle
61.213603449,189780643,,cycles,52371457,100.00,,
61.313777661,46347,,rD044,52242217,100.00,,
61.313777661,825923,,rFF44,52242217,100.00,,
61.313777661,762227001,,instructions,52242217,100.00,4.03,insn per cycle
61.313777661,189296557,,cycles,52250657,100.00,,
61.413963184,46822,,rD044,52167026,100.00,,
61.413963184,802884,,rFF44,52167026,100.00,,
61.413963184,764313073,,instructions,52167026,100.00,4.04,insn per cycle
61.413963184,188983676,,cycles,52158586,100.00,,
61.514138977,46394,,rD044,52046920,100.00,,
61.514138977,843559,,rFF44,52046920,100.00,,
61.514138977,763242071,,instructions,52046920,100.00,4.05,insn per cycle
61.514138977,188512797,,cycles,52046920,100.00,,
61.614317639,46620,,rD044,52900177,100.00,,
61.614317639,859442,,rFF44,52905617,100.00,,
61.614317639,776331391,,instructions,52910317,100.00,4.05,insn per cycle
61.614317639,191863138,,cycles,52914797,100.00,,
61.714505312,46666,,rD044,53193471,100.00,,
61.714505312,840289,,rFF44,53193591,100.00,,
61.714505312,782987975,,instructions,53193531,100.00,4.06,insn per cycle
61.714505312,192946036,,cycles,53194092,100.00,,
61.814693624,15533,,rD044,53183934,100.00,,
61.814693624,799685,,rFF44,53183654,100.00,,
61.814693624,787765368,,instructions,53184524,100.00,4.08,insn per cycle
61.814693624,192924273,,cycles,53184063,100.00,,
61.914883927,46715,,rD044,52477176,100.00,,
61.914883927,827105,,rFF44,52471896,100.00,,
61.914883927,773628431,,instructions,52466386,100.00,4.07,insn per cycle
61.914883927,190228271,,cycles,52461806,100.00,,
62.015059340,46715,,rD044,51967260,100.00,,
62.015059340,841987,,rFF44,51967260,100.00,,
62.015059340,763335503,,instructions,51967260,100.00,4.06,insn per cycle
62.015059340,188238072,,cycles,51967260,100.00,,
62.115268922,47031,,rD044,52042609,100.00,,
62.115268922,847492,,rFF44,52042609,100.00,,
62.115268922,763288492,,instructions,52042609,100.00,4.05,insn per cycle
62.115268922,188468428,,cycles,52042609,100.00,,
62.215444505,46587,,rD044,51983797,100.00,,
62.215444505,818181,,rFF44,51988707,100.00,,
62.215444505,763367165,,instructions,51992437,100.00,4.05,insn per cycle
62.215444505,188263525,,cycles,51992437,100.00,,
62.315631427,46671,,rD044,52143138,100.00,,
62.315631427,836229,,rFF44,52143428,100.00,,
62.315631427,765828728,,instructions,52144678,100.00,4.05,insn per cycle
62.315631427,188874465,,cycles,52149618,100.00,,
62.415820990,46259,,rD044,53055295,100.00,,
62.415820990,829346,,rFF44,53055265,100.00,,
62.415820990,783442832,,instructions,53055045,100.00,4.07,insn per cycle
62.415820990,192434273,,cycles,53054465,100.00,,
62.516008933,46841,,rD044,52768151,100.00,,
62.516008933,839895,,rFF44,52767981,100.00,,
62.516008933,797577995,,instructions,52768011,100.00,4.17,insn per cycle
62.516008933,191359280,,cycles,52768371,100.00,,
62.616195845,46100,,rD044,52772697,100.00,,
62.616195845,840147,,rFF44,52773027,100.00,,
62.616195845,798316019,,instructions,52772887,100.00,4.17,insn per cycle
62.616195845,191365265,,cycles,52773517,100.00,,
62.716386648,16141,,rD044,51835129,100.00,,
62.716386648,822965,,rFF44,51836699,100.00,,
62.716386648,783065999,,instructions,51836609,100.00,4.17,insn per cycle
62.716386648,187739133,,cycles,51831259,100.00,,
62.816576631,46773,,rD044,51899086,100.00,,
62.816576631,850212,,rFF44,51892186,100.00,,
62.816576631,777135231,,instructions,51887626,100.00,4.14,insn per cycle
62.816576631,187893319,,cycles,51887626,100.00,,
62.916750763,47129,,rD044,51893583,100.00,,
62.916750763,843984,,rFF44,51893583,100.00,,
62.916750763,777337836,,instructions,51893583,100.00,4.14,insn per cycle
62.916750763,187911748,,cycles,51893583,100.00,,
63.016925756,47071,,rD044,52017620,100.00,,
63.016925756,839158,,rFF44,52023400,100.00,,
63.016925756,775006938,,instructions,52028030,100.00,4.11,insn per cycle
63.016925756,188436671,,cycles,52032870,100.00,,
63.117115379,46420,,rD044,52704037,100.00,,
63.117115379,830195,,rFF44,52703777,100.00,,
63.117115379,783794648,,instructions,52703677,100.00,4.10,insn per cycle
63.117115379,191107347,,cycles,52704227,100.00,,
63.217306762,37787,,rD044,50240244,100.00,,
63.217306762,817176,,rFF44,50234724,100.00,,
63.217306762,741795411,,instructions,50230194,100.00,4.08,insn per cycle
63.217306762,181644572,,cycles,50224804,100.00,,
63.317489604,34555,,rD044,51426348,100.00,,
63.317489604,867624,,rFF44,51426348,100.00,,
63.317489604,764176131,,instructions,51426348,100.00,4.10,insn per cycle
63.317489604,186191970,,cycles,51426348,100.00,,
63.417664617,35111,,rD044,51707617,100.00,,
63.417664617,850872,,rFF44,51707617,100.00,,
63.417664617,764230808,,instructions,51707617,100.00,4.08,insn per cycle
63.417664617,187172179,,cycles,51707617,100.00,,
63.517838609,34826,,rD044,53074913,100.00,,
63.517838609,841812,,rFF44,53080123,100.00,,
63.517838609,792646901,,instructions,53085173,100.00,4.12,insn per cycle
63.517838609,192490386,,cycles,53090383,100.00,,
63.618027932,4333,,rD044,53720660,100.00,,
63.618027932,801941,,rFF44,53715450,100.00,,
63.618027932,801098874,,instructions,53710400,100.00,4.11,insn per cycle
63.618027932,194892480,,cycles,53705190,100.00,,
63.718208094,35638,,rD044,52101746,100.00,,
63.718208094,840297,,rFF44,52104106,100.00,,
63.718208094,762350376,,instructions,52104106,100.00,4.04,insn per cycle
63.718208094,188722279,,cycles,52104106,100.00,,
63.818389307,34970,,rD044,51904851,100.00,,
63.818389307,847444,,rFF44,51909921,100.00,,
63.818389307,761130170,,instructions,51914611,100.00,4.05,insn per cycle
63.818389307,188005523,,cycles,51919381,100.00,,
63.918579670,35275,,rD044,52077862,100.00,,
63.918579670,855304,,rFF44,52070432,100.00,,
63.918579670,761455787,,instructions,52065742,100.00,4.04,insn per cycle
63.918579670,188616672,,cycles,52060972,100.00,,
64.018754332,35011,,rD044,51819295,100.00,,
64.018754332,805926,,rFF44,51819295,100.00,,
64.018754332,761171883,,instructions,51819295,100.00,4.06,insn per cycle
64.018754332,187636331,,cycles,51819295,100.00,,
64.118930675,34771,,rD044,52213199,100.00,,
64.118930675,826205,,rFF44,52218689,100.00,,
64.118930675,769780152,,instructions,52223129,100.00,4.07,insn per cycle
64.118930675,189251350,,cycles,52227819,100.00,,
64.219119318,34885,,rD044,52859017,100.00,,
64.219119318,832185,,rFF44,52859187,100.00,,
64.219119318,785397206,,instructions,52859337,100.00,4.10,insn per cycle
64.219119318,191676460,,cycles,52859487,100.00,,
64.319310660,34698,,rD044,52914815,100.00,,
64.319310660,838459,,rFF44,52914205,100.00,,
64.319310660,789049098,,instructions,52915075,100.00,4.11,insn per cycle
64.319310660,191940976,,cycles,52914885,100.00,,
64.419501193,4701,,rD044,51863039,100.00,,
64.419501193,842626,,rFF44,51857989,100.00,,
64.419501193,770199904,,instructions,51852529,100.00,4.10,insn per cycle
64.419501193,187813820,,cycles,51847879,100.00,,
64.519673865,34977,,rD044,51593383,100.00,,
64.519673865,850745,,rFF44,51593383,100.00,,
64.519673865,762489879,,instructions,51600983,100.00,4.08,insn per cycle
64.519673865,186827262,,cycles,51604383,100.00,,
64.619863108,35258,,rD044,51667065,100.00,,
64.619863108,845043,,rFF44,51667065,100.00,,
64.619863108,762644015,,instructions,51659465,100.00,4.08,insn per cycle
64.619863108,187047044,,cycles,51656065,100.00,,
64.720038580,34990,,rD044,51665029,100.00,,
64.720038580,832618,,rFF44,51670539,100.00,,
64.720038580,763245551,,instructions,51675539,100.00,4.08,insn per cycle
64.720038580,187103202,,cycles,51680439,100.00,,
64.820242543,34924,,rD044,52959260,100.00,,
64.820242543,794564,,rFF44,52959430,100.00,,
64.820242543,791482460,,instructions,52960200,100.00,4.12,insn per cycle
64.820242543,192127792,,cycles,52960000,100.00,,
64.920433666,34826,,rD044,52738413,100.00,,
64.920433666,832066,,rFF44,52738103,100.00,,
64.920433666,786083363,,instructions,52737093,100.00,4.11,insn per cycle
64.920433666,191249086,,cycles,52736703,100.00,,
65.020622639,34526,,rD044,52232049,100.00,,
65.020622639,841644,,rFF44,52226679,100.00,,
65.020622639,776770742,,instructions,52221919,100.00,4.10,insn per cycle
65.020622639,189325603,,cycles,52217609,100.00,,
65.120796561,35152,,rD044,51586978,100.00,,
65.120796561,851004,,rFF44,51586978,100.00,,
65.120796561,763968450,,instructions,51586978,100.00,4.09,insn per cycle
65.120796561,186766652,,cycles,51586978,100.00,,
65.220972184,4180,,rD044,50987839,100.00,,
65.220972184,803498,,rFF44,50991919,100.00,,
65.220972184,772214697,,instructions,50991919,100.00,4.19,insn per cycle
65.220972184,184460428,,cycles,50991919,100.00,,
65.321157786,34733,,rD044,51934435,100.00,,
65.321157786,833317,,rFF44,51935705,100.00,,
65.321157786,787841472,,instructions,51940745,100.00,4.19,insn per cycle
65.321157786,188181274,,cycles,51945655,100.00,,
65.421346718,34834,,rD044,52892116,100.00,,
65.421346718,845718,,rFF44,52892236,100.00,,
65.421346718,803051968,,instructions,52892306,100.00,4.19,insn per cycle
65.421346718,191820331,,cycles,52892586,100.00,,
65.521535671,35182,,rD044,51173210,100.00,,
65.521535671,831718,,rFF44,51172470,100.00,,
65.521535671,776216514,,instructions,51171970,100.00,4.19,insn per cycle
65.521535671,185390932,,cycles,51172120,100.00,,
65.621728194,34891,,rD044,51908371,100.00,,
65.621728194,850689,,rFF44,51903641,100.00,,
65.621728194,790378150,,instructions,51899031,100.00,4.20,insn per cycle
65.621728194,188071261,,cycles,51901791,100.00,,
65.721910686,34855,,rD044,51019244,100.00,,
65.721910686,804786,,rFF44,51019244,100.00,,
65.721910686,772029328,,instructions,51019244,100.00,4.18,insn per cycle
65.721910686,184564257,,cycles,51011144,100.00,,
65.822084399,34741,,rD044,51260881,100.00,,
65.822084399,840724,,rFF44,51260881,100.00,,
65.822084399,772409514,,instructions,51268901,100.00,4.16,insn per cycle
65.822084399,185573901,,cycles,51280031,100.00,,
65.922284431,34847,,rD044,52060372,100.00,,
65.922284431,834668,,rFF44,52065772,100.00,,
65.922284431,788345977,,instructions,52063502,100.00,4.18,insn per cycle
65.922284431,188605789,,cycles,52056842,100.00,,
66.022474464,35269,,rD044,52894906,100.00,,
66.022474464,849658,,rFF44,52895116,100.00,,
66.022474464,801703053,,instructions,52893906,100.00,4.18,insn per cycle
66.022474464,191866363,,cycles,52894256,100.00,,
66.122662636,34510,,rD044,52463966,100.00,,
66.122662636,845601,,rFF44,52458356,100.00,,
66.122662636,797285015,,instructions,52453816,100.00,4.19,insn per cycle
66.122662636,190186008,,cycles,52448996,100.00,,
66.222839209,3955,,rD044,50994061,100.00,,
66.222839209,823001,,rFF44,50994061,100.00,,
66.222839209,772471649,,instructions,50994061,100.00,4.19,insn per cycle
66.222839209,184513967,,cycles,50994061,100.00,,
66.323015032,35004,,rD044,51410032,100.00,,
66.323015032,844680,,rFF44,51410032,100.00,,
66.323015032,771655064,,instructions,51410032,100.00,4.15,insn per cycle
66.323015032,186075663,,cycles,51410032,100.00,,
66.423190454,35043,,rD044,51450298,100.00,,
66.423190454,835941,,rFF44,51455648,100.00,,
66.423190454,773403423,,instructions,51460408,100.00,4.15,insn per cycle
66.423190454,186293388,,cycles,51465298,100.00,,
66.523380387,35176,,rD044,52802382,100.00,,
66.523380387,835383,,rFF44,52802812,100.00,,
66.523380387,797311319,,instructions,52802922,100.00,4.16,insn per cycle
66.523380387,191523089,,cycles,52802682,100.00,,
66.623569609,34743,,rD044,52660190,100.00,,
66.623569609,835833,,rFF44,52659390,100.00,,
66.623569609,796045784,,instructions,52659350,100.00,4.17,insn per cycle
66.623569609,190982923,,cycles,52660180,100.00,,
66.723760292,34892,,rD044,52081715,100.00,,
66.723760292,816022,,rFF44,52076735,100.00,,
66.723760292,788663630,,instructions,52071905,100.00,4.18,insn per cycle
66.723760292,188693035,,cycles,52066425,100.00,,
66.823936025,35177,,rD044,51422434,100.00,,
66.823936025,850400,,rFF44,51422434,100.00,,
66.823936025,771178646,,instructions,51422434,100.00,4.14,insn per cycle
66.823936025,186133239,,cycles,51422434,100.00,,
66.924124187,34594,,rD044,51589920,100.00,,
66.924124187,827899,,rFF44,51589920,100.00,,
66.924124187,771485283,,instructions,51589920,100.00,4.13,insn per cycle
66.924124187,186840805,,cycles,51589920,100.00,,
67.024299490,35111,,rD044,51689860,100.00,,
67.024299490,828082,,rFF44,51689860,100.00,,
67.024299490,771637620,,instructions,51689860,100.00,4.12,insn per cycle
67.024299490,187154155,,cycles,51689860,100.00,,
67.124475682,34731,,rD044,52427062,100.00,,
67.124475682,828922,,rFF44,52432032,100.00,,
67.124475682,785285879,,instructions,52437322,100.00,4.13,insn per cycle
67.124475682,190108374,,cycles,52441402,100.00,,
67.224662275,4256,,rD044,52459627,100.00,,
67.224662275,796998,,rFF44,52459787,100.00,,
67.224662275,791209299,,instructions,52459287,100.00,4.16,insn per cycle
67.224662275,190220976,,cycles,52459977,100.00,,
67.324849977,35104,,rD044,52889455,100.00,,
67.324849977,846436,,rFF44,52889345,100.00,,
67.324849977,792852212,,instructions,52889135,100.00,4.13,insn per cycle
67.324849977,191844562,,cycles,52890355,100.00,,
67.425038770,35176,,rD044,52541117,100.00,,
67.425038770,847789,,rFF44,52536097,100.00,,
67.425038770,787697926,,instructions,52531517,100.00,4.14,insn per cycle
67.425038770,190465081,,cycles,52525527,100.00,,
67.525248783,35059,,rD044,51751413,100.00,,
67.525248783,827090,,rFF44,51751413,100.00,,
67.525248783,776150399,,instructions,51751413,100.00,4.14,insn per cycle
67.525248783,187471002,,cycles,51751413,100.00,,
67.625430785,35202,,rD044,51892243,100.00,,
67.625430785,828091,,rFF44,51892243,100.00,,
67.625430785,776398181,,instructions,51892243,100.00,4.13,insn per cycle
67.625430785,187972498,,cycles,51892243,100.00,,
67.725604238,34706,,rD044,51545676,100.00,,
67.725604238,801957,,rFF44,51551136,100.00,,
67.725604238,776475937,,instructions,51551136,100.00,4.16,insn per cycle
67.725604238,186646140,,cycles,51551136,100.00,,
67.825789371,34652,,rD044,51409959,100.00,,
67.825789371,819610,,rFF44,51404499,100.00,,
67.825789371,775863591,,instructions,51404499,100.00,4.16,insn per cycle
67.825789371,186304164,,cycles,51404499,100.00,,
67.925965173,34881,,rD044,51481261,100.00,,
67.925965173,847264,,rFF44,51481261,100.00,,
67.925965173,774954478,,instructions,51481261,100.00,4.16,insn per cycle
67.925965173,186357294,,cycles,51481261,100.00,,
68.026142426,35142,,rD044,52048240,100.00,,
68.026142426,838047,,rFF44,52053310,100.00,,
68.026142426,774123169,,instructions,52057980,100.00,4.10,insn per cycle
68.026142426,188613014,,cycles,52062910,100.00,,
68.126331109,4076,,rD044,52335208,100.00,,
68.126331109,793413,,rFF44,52335598,100.00,,
68.126331109,785824381,,instructions,52335398,100.00,4.14,insn per cycle
68.126331109,189770805,,cycles,52335418,100.00,,
68.226520441,34644,,rD044,52430117,100.00,,
68.226520441,820432,,rFF44,52429787,100.00,,
68.226520441,784093051,,instructions,52430497,100.00,4.13,insn per cycle
68.226520441,190075974,,cycles,52430107,100.00,,
68.326709734,34837,,rD044,50300651,100.00,,
68.326709734,842297,,rFF44,50295521,100.00,,
68.326709734,741738348,,instructions,50290341,100.00,4.08,insn per cycle
68.326709734,181827742,,cycles,50285781,100.00,,
68.426888056,34911,,rD044,51934703,100.00,,
68.426888056,859173,,rFF44,51934703,100.00,,
68.426888056,771403889,,instructions,51934703,100.00,4.10,insn per cycle
68.426888056,188199828,,cycles,51934703,100.00,,
68.527063229,35006,,rD044,52072920,100.00,,
68.527063229,814885,,rFF44,52072920,100.00,,
68.527063229,770965660,,instructions,52072920,100.00,4.09,insn per cycle
68.527063229,188607582,,cycles,52072920,100.00,,
68.627254251,34978,,rD044,52383912,100.00,,
68.627254251,838531,,rFF44,52383912,100.00,,
68.627254251,771594402,,instructions,52383912,100.00,4.06,insn per cycle
68.627254251,189870005,,cycles,52383912,100.00,,
68.727436914,35066,,rD044,52179962,100.00,,
68.727436914,830760,,rFF44,52185162,100.00,,
68.727436914,771821380,,instructions,52190752,100.00,4.08,insn per cycle
68.727436914,189136473,,cycles,52195192,100.00,,
68.827626197,35229,,rD044,52833170,100.00,,
68.827626197,827189,,rFF44,52833190,100.00,,
68.827626197,774318389,,instructions,52832760,100.00,4.04,insn per cycle
68.827626197,191610076,,cycles,52832360,100.00,,
68.927814549,34892,,rD044,52799774,100.00,,
68.927814549,832175,,rFF44,52800044,100.00,,
68.927814549,784872681,,instructions,52799574,100.00,4.10,insn per cycle
68.927814549,191481408,,cycles,52800614,100.00,,
69.028004172,4312,,rD044,53030780,100.00,,
69.028004172,815098,,rFF44,53030650,100.00,,
69.028004172,793087832,,instructions,53030860,100.00,4.12,insn per cycle
69.028004172,192331360,,cycles,53030830,100.00,,
69.128196435,34980,,rD044,52509836,100.00,,
69.128196435,846114,,rFF44,52510016,100.00,,
69.128196435,780229215,,instructions,52510866,100.00,4.10,insn per cycle
69.128196435,190424827,,cycles,52510536,100.00,,
69.228388047,34922,,rD044,52880115,100.00,,
69.228388047,832040,,rFF44,52880455,100.00,,
69.228388047,785521203,,instructions,52879465,100.00,4.10,insn per cycle
69.228388047,191793247,,cycles,52879155,100.00,,
69.328577280,34875,,rD044,52477642,100.00,,
69.328577280,829771,,rFF44,52471762,100.00,,
69.328577280,778600503,,instructions,52467002,100.00,4.09,insn per cycle
69.328577280,190202404,,cycles,52462592,100.00,,
69.428753413,34922,,rD044,52028906,100.00,,
69.428753413,801257,,rFF44,52028906,100.00,,
69.428753413,772401310,,instructions,52028906,100.00,4.10,insn per cycle
69.428753413,188463590,,cycles,52028906,100.00,,
69.528928525,34898,,rD044,52147032,100.00,,
69.528928525,838507,,rFF44,52147032,100.00,,
69.528928525,771348479,,instructions,52155342,100.00,4.08,insn per cycle
69.528928525,188938445,,cycles,52161362,100.00,,
69.629128498,34947,,rD044,52259470,100.00,,
69.629128498,843938,,rFF44,52267210,100.00,,
69.629128498,771299778,,instructions,52263630,100.00,4.07,insn per cycle
69.629128498,189326937,,cycles,52262000,100.00,,
69.729322581,34916,,rD044,52021996,100.00,,
69.729322581,850373,,rFF44,52014256,100.00,,
69.729322581,771627537,,instructions,52009526,100.00,4.10,insn per cycle
69.729322581,188380502,,cycles,52005136,100.00,,
69.829498214,4307,,rD044,51942288,100.00,,
69.829498214,802775,,rFF44,51947648,100.00,,
69.829498214,780418665,,instructions,51953018,100.00,4.15,insn per cycle
69.829498214,188163221,,cycles,51958008,100.00,,
69.929688466,34980,,rD044,52721249,100.00,,
69.929688466,831944,,rFF44,52721129,100.00,,
69.929688466,788568571,,instructions,52720709,100.00,4.13,insn per cycle
69.929688466,191138002,,cycles,52721459,100.00,,
70.029879429,34896,,rD044,52916242,100.00,,
70.029879429,837929,,rFF44,52917012,100.00,,
70.029879429,792692827,,instructions,52917422,100.00,4.13,insn per cycle
70.029879429,191905310,,cycles,52917622,100.00,,
70.130074022,34773,,rD044,51180202,100.00,,
70.130074022,826756,,rFF44,51179422,100.00,,
70.130074022,761420301,,instructions,51178612,100.00,4.11,insn per cycle
70.130074022,185364106,,cycles,51177412,100.00,,
70.230297435,35154,,rD044,52928159,100.00,,
70.230297435,850868,,rFF44,52928549,100.00,,
70.230297435,791431070,,instructions,52928759,100.00,4.12,insn per cycle
70.230297435,191979181,,cycles,52929379,100.00,,
70.330488847,35010,,rD044,52784369,100.00,,
70.330488847,808242,,rFF44,52784709,100.00,,
70.330488847,782083677,,instructions,52785159,100.00,4.09,insn per cycle
70.330488847,191425071,,cycles,52784179,100.00,,
70.430679800,34886,,rD044,52241011,100.00,,
70.430679800,823226,,rFF44,52235051,100.00,,
70.430679800,770855037,,instructions,52229841,100.00,4.07,insn per cycle
70.430679800,189287037,,cycles,52225461,100.00,,
70.530855933,35243,,rD044,52075893,100.00,,
70.530855933,829543,,rFF44,52075893,100.00,,
70.530855933,764579153,,instructions,52075893,100.00,4.05,insn per cycle
70.530855933,188697721,,cycles,52075893,100.00,,
70.631031405,34882,,rD044,51921024,100.00,,
70.631031405,820100,,rFF44,51924184,100.00,,
70.631031405,765501977,,instructions,51924184,100.00,4.07,insn per cycle
70.631031405,188228978,,cycles,51924184,100.00,,
70.731232108,4822,,rD044,51818285,100.00,,
70.731232108,814092,,rFF44,51815125,100.00,,
70.731232108,764883622,,instructions,51815125,100.00,4.08,insn per cycle
70.731232108,187649056,,cycles,51815125,100.00,,
70.831408620,34769,,rD044,52035954,100.00,,
70.831408620,849379,,rFF44,52035954,100.00,,
70.831408620,764894244,,instructions,52035954,100.00,4.06,insn per cycle
70.831408620,188513178,,cycles,52035954,100.00,,
70.931584043,34908,,rD044,52116784,100.00,,
70.931584043,844551,,rFF44,52116784,100.00,,
70.931584043,763965803,,instructions,52116784,100.00,4.05,insn per cycle
70.931584043,188812914,,cycles,52116784,100.00,,
71.031760006,34742,,rD044,51450984,100.00,,
71.031760006,797876,,rFF44,51450984,100.00,,
71.031760006,755201209,,instructions,51450984,100.00,4.05,insn per cycle
71.031760006,186245563,,cycles,51450984,100.00,,
71.131933388,35117,,rD044,52187667,100.00,,
71.131933388,835107,,rFF44,52193167,100.00,,
71.131933388,764806587,,instructions,52197597,100.00,4.04,insn per cycle
71.131933388,189124678,,cycles,52202337,100.00,,
71.232123371,34843,,rD044,52759333,100.00,,
71.232123371,838905,,rFF44,52759593,100.00,,
71.232123371,774206654,,instructions,52759603,100.00,4.05,insn per cycle
71.232123371,191339756,,cycles,52759493,100.00,,
71.332312993,34912,,rD044,52954784,100.00,,
71.332312993,845688,,rFF44,52954864,100.00,,
71.332312993,780059526,,instructions,52955224,100.00,4.06,insn per cycle
71.332312993,192046833,,cycles,52955784,100.00,,
71.432502686,4496,,rD044,51681695,100.00,,
71.432502686,812149,,rFF44,51675855,100.00,,
71.432502686,767089110,,instructions,51671055,100.00,4.10,insn per cycle
71.432502686,187082459,,cycles,51665865,100.00,,
71.532678759,34929,,rD044,51118873,100.00,,
71.532678759,832449,,rFF44,51118873,100.00,,
71.532678759,754780082,,instructions,51118873,100.00,4.08,insn per cycle
71.532678759,184933763,,cycles,51118873,100.00,,
71.632853771,34882,,rD044,51182969,100.00,,
71.632853771,833135,,rFF44,51182969,100.00,,
71.632853771,755122166,,instructions,51182969,100.00,4.08,insn per cycle
71.632853771,185199003,,cycles,51182969,100.00,,
71.733029714,35158,,rD044,52590178,100.00,,
71.733029714,838596,,rFF44,52595908,100.00,,
71.733029714,780924446,,instructions,52601348,100.00,4.09,insn per cycle
71.733029714,190732478,,cycles,52606418,100.00,,
71.833254877,34647,,rD044,52597134,100.00,,
71.833254877,800472,,rFF44,52596794,100.00,,
71.833254877,786807603,,instructions,52596524,100.00,4.13,insn per cycle
71.833254877,190736364,,cycles,52596784,100.00,,
71.933445099,35057,,rD044,51804258,100.00,,
71.933445099,840815,,rFF44,51806748,100.00,,
71.933445099,769534053,,instructions,51805188,100.00,4.10,insn per cycle
71.933445099,187660906,,cycles,51799858,100.00,,
72.033633912,35125,,rD044,51216932,100.00,,
72.033633912,839798,,rFF44,51209052,100.00,,
72.033633912,756952840,,instructions,51205442,100.00,4.08,insn per cycle
72.033633912,185339942,,cycles,51205442,100.00,,
72.133810045,35176,,rD044,51265707,100.00,,
72.133810045,832353,,rFF44,51265707,100.00,,
72.133810045,757119414,,instructions,51265707,100.00,4.08,insn per cycle
72.133810045,185488229,,cycles,51265707,100.00,,
72.233984207,4447,,rD044,51729849,100.00,,
72.233984207,797733,,rFF44,51736119,100.00,,
72.233984207,770959093,,instructions,51742579,100.00,4.11,insn per cycle
72.233984207,187401681,,cycles,51748059,100.00,,
72.334176800,34637,,rD044,52580025,100.00,,
72.334176800,831239,,rFF44,52578655,100.00,,
72.334176800,781963579,,instructions,52577395,100.00,4.10,insn per cycle
72.334176800,190645804,,cycles,52576755,100.00,,
72.434367102,34946,,rD044,50882352,100.00,,
72.434367102,828530,,rFF44,50882602,100.00,,
72.434367102,753932355,,instructions,50882462,100.00,4.09,insn per cycle
72.434367102,184280344,,cycles,50882352,100.00,,
72.534557945,35060,,rD044,52863511,100.00,,
72.534557945,853285,,rFF44,52863891,100.00,,
72.534557945,787152945,,instructions,52863811,100.00,4.11,insn per cycle
72.534557945,191730422,,cycles,52863891,100.00,,
72.634748278,35141,,rD044,51138106,100.00,,
72.634748278,802112,,rFF44,51132576,100.00,,
72.634748278,759544973,,instructions,51127596,100.00,4.11,insn per cycle
72.634748278,185004255,,cycles,51122786,100.00,,
72.734924120,35185,,rD044,51518371,100.00,,
72.734924120,841271,,rFF44,51518371,100.00,,
72.734924120,763724684,,instructions,51518371,100.00,4.10,insn per cycle
72.734924120,186424874,,cycles,51518371,100.00,,
72.835099583,34863,,rD044,51448413,100.00,,
72.835099583,834344,,rFF44,51448413,100.00,,
72.835099583,763774712,,instructions,51448413,100.00,4.10,insn per cycle
72.835099583,186238445,,cycles,51448413,100.00,,
72.935288866,35504,,rD044,51525008,100.00,,
72.935288866,833868,,rFF44,51530348,100.00,,
72.935288866,767237703,,instructions,51534998,100.00,4.11,insn per cycle
72.935288866,186704054,,cycles,51540298,100.00,,
73.035479988,4269,,rD044,52856940,100.00,,
73.035479988,810355,,rFF44,52856540,100.00,,
73.035479988,792821869,,instructions,52856920,100.00,4.14,insn per cycle
73.035479988,191675372,,cycles,52856670,100.00,,
73.135672671,34915,,rD044,52727361,100.00,,
73.135672671,838254,,rFF44,52727511,100.00,,
73.135672671,787754700,,instructions,52727961,100.00,4.12,insn per cycle
73.135672671,191194851,,cycles,52727391,100.00,,
73.235862603,34996,,rD044,51504145,100.00,,
73.235862603,833461,,rFF44,51499055,100.00,,
73.235862603,778447704,,instructions,51493575,100.00,4.17,insn per cycle
73.235862603,186461858,,cycles,51489095,100.00,,
73.336038566,35055,,rD044,49877019,100.00,,
73.336038566,846724,,rFF44,49877019,100.00,,
73.336038566,772660292,,instructions,49877019,100.00,4.29,insn per cycle
73.336038566,180079235,,cycles,49877019,100.00,,
73.436258599,34598,,rD044,49709339,100.00,,
73.436258599,843867,,rFF44,49713319,100.00,,
73.436258599,772347173,,instructions,49713319,100.00,4.30,insn per cycle
73.436258599,179648393,,cycles,49713319,100.00,,
73.536447122,35184,,rD044,50124600,100.00,,
73.536447122,838430,,rFF44,50126190,100.00,,
73.536447122,774213762,,instructions,50131160,100.00,4.27,insn per cycle
73.536447122,181184841,,cycles,50136330,100.00,,
73.636642474,34885,,rD044,52409714,100.00,,
73.636642474,854871,,rFF44,52409724,100.00,,
73.636642474,811673531,,instructions,52409354,100.00,4.27,insn per cycle
73.636642474,190026361,,cycles,52409654,100.00,,
73.736833717,35279,,rD044,51825315,100.00,,
73.736833717,866107,,rFF44,51819735,100.00,,
73.736833717,798991181,,instructions,51815135,100.00,4.26,insn per cycle
73.736833717,187650049,,cycles,51809665,100.00,,
73.837010700,35280,,rD044,51488440,100.00,,
73.837010700,841369,,rFF44,51488440,100.00,,
73.837010700,770059608,,instructions,51488440,100.00,4.13,insn per cycle
73.837010700,186433778,,cycles,51497000,100.00,,
73.937196782,34799,,rD044,51451951,100.00,,
73.937196782,842141,,rFF44,51451951,100.00,,
73.937196782,770510416,,instructions,51451951,100.00,4.14,insn per cycle
73.937196782,186180868,,cycles,51443391,100.00,,
74.037373755,4677,,rD044,51745773,100.00,,
74.037373755,814705,,rFF44,51751693,100.00,,
74.037373755,779864576,,instructions,51756433,100.00,4.16,insn per cycle
74.037373755,187398922,,cycles,51760903,100.00,,
74.137563328,34881,,rD044,52750754,100.00,,
74.137563328,845744,,rFF44,52751014,100.00,,
74.137563328,797847291,,instructions,52751474,100.00,4.17,insn per cycle
74.137563328,191281000,,cycles,52752114,100.00,,
74.237753080,35177,,rD044,52601599,100.00,,
74.237753080,852820,,rFF44,52600939,100.00,,
74.237753080,794503771,,instructions,52601019,100.00,4.17,insn per cycle
74.237753080,190730892,,cycles,52601449,100.00,,
74.337944953,35107,,rD044,51836748,100.00,,
74.337944953,855250,,rFF44,51831228,100.00,,
74.337944953,778887375,,instructions,51825948,100.00,4.15,insn per cycle
74.337944953,187717442,,cycles,51820408,100.00,,
74.438122265,34840,,rD044,50969150,100.00,,
74.438122265,813728,,rFF44,50969150,100.00,,
74.438122265,766599031,,instructions,50969150,100.00,4.16,insn per cycle
74.438122265,184348153,,cycles,50969150,100.00,,
74.538295588,35180,,rD044,51432772,100.00,,
74.538295588,832593,,rFF44,51432772,100.00,,
74.538295588,766167566,,instructions,51432772,100.00,4.12,insn per cycle
74.538295588,186145285,,cycles,51432772,100.00,,
74.638473260,34768,,rD044,52385251,100.00,,
74.638473260,840066,,rFF44,52390051,100.00,,
74.638473260,785811545,,instructions,52394811,100.00,4.14,insn per cycle
74.638473260,189929924,,cycles,52399651,100.00,,
74.738662033,34872,,rD044,51197207,100.00,,
74.738662033,834103,,rFF44,51198278,100.00,,
74.738662033,765789314,,instructions,51198038,100.00,4.13,insn per cycle
74.738662033,185463319,,cycles,51198278,100.00,,
74.838854466,4128,,rD044,52645027,100.00,,
74.838854466,819473,,rFF44,52644706,100.00,,
74.838854466,795850818,,instructions,52645246,100.00,4.17,insn per cycle
74.838854466,190908006,,cycles,52644896,100.00,,
74.939044498,34635,,rD044,52472086,100.00,,
74.939044498,838374,,rFF44,52466536,100.00,,
74.939044498,789398232,,instructions,52461476,100.00,4.15,insn per cycle
74.939044498,190202751,,cycles,52456746,100.00,,
75.039235011,34907,,rD044,51534298,100.00,,
75.039235011,844119,,rFF44,51534298,100.00,,
75.039235011,767443911,,instructions,51534298,100.00,4.11,insn per cycle
75.039235011,186542678,,cycles,51534298,100.00,,
75.139411164,35021,,rD044,51347657,100.00,,
75.139411164,840577,,rFF44,51347657,100.00,,
75.139411164,767341404,,instructions,51347657,100.00,4.13,insn per cycle
75.139411164,185821670,,cycles,51347657,100.00,,
75.239585236,35045,,rD044,51505409,100.00,,
75.239585236,811564,,rFF44,51510749,100.00,,
75.239585236,772567665,,instructions,51515639,100.00,4.14,insn per cycle
75.239585236,186468396,,cycles,51520259,100.00,,
75.339772979,34776,,rD044,52691087,100.00,,
75.339772979,848909,,rFF44,52691607,100.00,,
75.339772979,802280857,,instructions,52691357,100.00,4.20,insn per cycle
75.339772979,191092918,,cycles,52692437,100.00,,
75.439963201,34968,,rD044,51793777,100.00,,
75.439963201,862340,,rFF44,51787917,100.00,,
75.439963201,792813454,,instructions,51783277,100.00,4.23,insn per cycle
75.439963201,187577539,,cycles,51777577,100.00,,
75.540144214,35190,,rD044,50586956,100.00,,
75.540144214,850219,,rFF44,50586956,100.00,,
75.540144214,767125992,,instructions,50586956,100.00,4.19,insn per cycle
75.540144214,182870604,,cycles,50586956,100.00,,
75.640319627,4396,,rD044,51347104,100.00,,
75.640319627,810888,,rFF44,51352814,100.00,,
75.640319627,788619125,,instructions,51357404,100.00,4.24,insn per cycle
75.640319627,185894543,,cycles,51362994,100.00,,
75.740507149,34775,,rD044,52119035,100.00,,
75.740507149,839065,,rFF44,52119475,100.00,,
75.740507149,800832388,,instructions,52119735,100.00,4.24,insn per cycle
75.740507149,188891731,,cycles,52119025,100.00,,
75.840696582,35010,,rD044,51128196,100.00,,
75.840696582,848476,,rFF44,51122046,100.00,,
75.840696582,779907533,,instructions,51117196,100.00,4.22,insn per cycle
75.840696582,185009599,,cycles,51112316,100.00,,
75.940872284,35273,,rD044,50683419,100.00,,
75.940872284,861560,,rFF44,50683419,100.00,,
75.940872284,766629702,,instructions,50683419,100.00,4.18,insn per cycle
75.940872284,183236509,,cycles,50683419,100.00,,
76.041044997,35151,,rD044,52040176,100.00,,
76.041044997,860559,,rFF44,52045516,100.00,,
76.041044997,793611366,,instructions,52050656,100.00,4.21,insn per cycle
76.041044997,188590760,,cycles,52055506,100.00,,
76.141271000,34984,,rD044,52783031,100.00,,
76.141271000,813492,,rFF44,52777691,100.00,,
76.141271000,809741726,,instructions,52772551,100.00,4.23,insn per cycle
76.141271000,191348934,,cycles,52767701,100.00,,
76.241445632,35101,,rD044,50718516,100.00,,
76.241445632,847519,,rFF44,50718516,100.00,,
76.241445632,767651183,,instructions,50718516,100.00,4.19,insn per cycle
76.241445632,183392794,,cycles,50718516,100.00,,
76.341620805,34969,,rD044,50817784,100.00,,
76.341620805,850126,,rFF44,50817784,100.00,,
76.341620805,768711000,,instructions,50817784,100.00,4.18,insn per cycle
76.341620805,183741351,,cycles,50817784,100.00,,
76.441795347,34905,,rD044,52551855,100.00,,
76.441795347,857315,,rFF44,52557585,100.00,,
76.441795347,805137644,,instructions,52562495,100.00,4.23,insn per cycle
76.441795347,190557288,,cycles,52566715,100.00,,
76.541986720,35070,,rD044,52231272,100.00,,
76.541986720,862026,,rFF44,52225542,100.00,,
76.541986720,798147081,,instructions,52220632,100.00,4.22,insn per cycle
76.541986720,189263444,,cycles,52216412,100.00,,
76.642160452,4610,,rD044,50580525,100.00,,
76.642160452,816153,,rFF44,50580525,100.00,,
76.642160452,764554805,,instructions,50580525,100.00,4.18,insn per cycle
76.642160452,182839593,,cycles,50580525,100.00,,
76.742334345,35148,,rD044,50932531,100.00,,
76.742334345,849292,,rFF44,50937301,100.00,,
76.742334345,778059006,,instructions,50942311,100.00,4.22,insn per cycle
76.742334345,184248533,,cycles,50948251,100.00,,
76.842525547,34716,,rD044,52898520,100.00,,
76.842525547,840157,,rFF44,52898900,100.00,,
76.842525547,817692680,,instructions,52898680,100.00,4.26,insn per cycle
76.842525547,191844561,,cycles,52897490,100.00,,
76.942716710,34515,,rD044,50229985,100.00,,
76.942716710,832270,,rFF44,50224835,100.00,,
76.942716710,769621185,,instructions,50220045,100.00,4.24,insn per cycle
76.942716710,181719557,,cycles,50223605,100.00,,
77.042902413,35089,,rD044,50252161,100.00,,
77.042902413,834929,,rFF44,50252161,100.00,,
77.042902413,766164501,,instructions,50252161,100.00,4.22,insn per cycle
77.042902413,181509220,,cycles,50243851,100.00,,
77.143077695,34844,,rD044,51980352,100.00,,
77.143077695,862022,,rFF44,51986162,100.00,,
77.143077695,799552749,,instructions,51990852,100.00,4.24,insn per cycle
77.143077695,188357088,,cycles,51996632,100.00,,
77.243301648,34796,,rD044,52508430,100.00,,
77.243301648,845100,,rFF44,52502620,100.00,,
77.243301648,799675291,,instructions,52497930,100.00,4.20,insn per cycle
77.243301648,190321648,,cycles,52492150,100.00,,
77.343476860,35221,,rD044,50292175,100.00,,
77.343476860,850812,,rFF44,50297815,100.00,,
77.343476860,765848254,,instructions,50297815,100.00,4.21,insn per cycle
77.343476860,181722149,,cycles,50297815,100.00,,
77.443665463,34962,,rD044,51335350,100.00,,
77.443665463,854465,,rFF44,51335210,100.00,,
77.443665463,785365990,,instructions,51340130,100.00,4.23,insn per cycle
77.443665463,185807863,,cycles,51344860,100.00,,
77.543856126,4060,,rD044,52417931,100.00,,
77.543856126,814189,,rFF44,52412431,100.00,,
77.543856126,815378105,,instructions,52407511,100.00,4.29,insn per cycle
77.543856126,190007728,,cycles,52402781,100.00,,
77.644034318,34943,,rD044,50276523,100.00,,
77.644034318,871087,,rFF44,50276523,100.00,,
77.644034318,766004759,,instructions,50276523,100.00,4.22,insn per cycle
77.644034318,181608076,,cycles,50276523,100.00,,
77.744212451,35427,,rD044,51380590,100.00,,
77.744212451,867157,,rFF44,51386000,100.00,,
77.744212451,790722786,,instructions,51390800,100.00,4.25,insn per cycle
77.744212451,185984862,,cycles,51395360,100.00,,
77.844406523,35420,,rD044,52087640,100.00,,
77.844406523,842831,,rFF44,52082230,100.00,,
77.844406523,809116683,,instructions,52077430,100.00,4.29,insn per cycle
77.844406523,188758163,,cycles,52072870,100.00,,
77.944582576,34562,,rD044,50002478,100.00,,
77.944582576,801199,,rFF44,50002478,100.00,,
77.944582576,765999260,,instructions,50002478,100.00,4.24,insn per cycle
77.944582576,180702047,,cycles,50002478,100.00,,
78.044757358,35075,,rD044,50700856,100.00,,
78.044757358,846620,,rFF44,50706086,100.00,,
78.044757358,780748485,,instructions,50711336,100.00,4.26,insn per cycle
78.044757358,183381279,,cycles,50716226,100.00,,
78.144947461,34966,,rD044,52560976,100.00,,
78.144947461,849074,,rFF44,52555746,100.00,,
78.144947461,820898730,,instructions,52550496,100.00,4.31,insn per cycle
78.144947461,190521927,,cycles,52545606,100.00,,
78.245123513,34927,,rD044,49812475,100.00,,
78.245123513,864011,,rFF44,49812475,100.00,,
78.245123513,766899949,,instructions,49812475,100.00,4.26,insn per cycle
78.245123513,179911238,,cycles,49812475,100.00,,
78.345296706,34978,,rD044,51108372,100.00,,
78.345296706,850288,,rFF44,51113222,100.00,,
78.345296706,792678172,,instructions,51118012,100.00,4.29,insn per cycle
78.345296706,184945413,,cycles,51122532,100.00,,
78.445484389,35198,,rD044,51923462,100.00,,
78.445484389,851580,,rFF44,51921342,100.00,,
78.445484389,809114677,,instructions,51916552,100.00,4.30,insn per cycle
78.445484389,188095199,,cycles,51912032,100.00,,
78.545667631,9808,,rD044,48766155,100.00,,
78.545667631,830985,,rFF44,48768796,100.00,,
78.545667631,736393079,,instructions,48774306,100.00,4.19,insn per cycle
78.545667631,175870698,,cycles,48779376,100.00,,
78.645859714,46261,,rD044,51735731,100.00,,
78.645859714,853930,,rFF44,51730360,100.00,,
78.645859714,784040712,,instructions,51724850,100.00,4.18,insn per cycle
78.645859714,187450751,,cycles,51719780,100.00,,
78.746037257,47364,,rD044,50387161,100.00,,
78.746037257,862277,,rFF44,50387161,100.00,,
78.746037257,754700052,,instructions,50387161,100.00,4.15,insn per cycle
78.746037257,182073962,,cycles,50387161,100.00,,
78.846246960,47207,,rD044,51370815,100.00,,
78.846246960,836764,,rFF44,51375975,100.00,,
78.846246960,774520404,,instructions,51381485,100.00,4.17,insn per cycle
78.846246960,185926779,,cycles,51386145,100.00,,
78.946435752,46348,,rD044,52824337,100.00,,
78.946435752,843829,,rFF44,52819177,100.00,,
78.946435752,801860031,,instructions,52813667,100.00,4.19,insn per cycle
78.946435752,191521765,,cycles,52809007,100.00,,
79.046611795,46462,,rD044,50065675,100.00,,
79.046611795,829508,,rFF44,50065675,100.00,,
79.046611795,754240284,,instructions,50065675,100.00,4.17,insn per cycle
79.046611795,181029461,,cycles,50065675,100.00,,
79.146785407,46965,,rD044,50349831,100.00,,
79.146785407,847476,,rFF44,50354891,100.00,,
79.146785407,754692754,,instructions,50359511,100.00,4.15,insn per cycle
79.146785407,181925015,,cycles,50363671,100.00,,
79.246973650,16043,,rD044,52986949,100.00,,
79.246973650,816549,,rFF44,52987159,100.00,,
79.246973650,811064458,,instructions,52987189,100.00,4.22,insn per cycle
79.246973650,192177049,,cycles,52988329,100.00,,
79.347162973,47075,,rD044,50748162,100.00,,
79.347162973,857139,,rFF44,50742892,100.00,,
79.347162973,765014878,,instructions,50738242,100.00,4.17,insn per cycle
79.347162973,183477582,,cycles,50732942,100.00,,
79.447338895,47079,,rD044,50577914,100.00,,
79.447338895,863972,,rFF44,50577914,100.00,,
79.447338895,754978107,,instructions,50577914,100.00,4.13,insn per cycle
79.447338895,182808414,,cycles,50577914,100.00,,
79.547513798,46528,,rD044,52709274,100.00,,
79.547513798,838893,,rFF44,52714094,100.00,,
79.547513798,782228069,,instructions,52719414,100.00,4.09,insn per cycle
79.547513798,191156157,,cycles,52725354,100.00,,
79.647705340,46490,,rD044,52777819,100.00,,
79.647705340,810298,,rFF44,52778399,100.00,,
79.647705340,781372465,,instructions,52777859,100.00,4.08,insn per cycle
79.647705340,191375356,,cycles,52776949,100.00,,
79.747895853,46896,,rD044,51803578,100.00,,
79.747895853,847490,,rFF44,51800758,100.00,,
79.747895853,759428590,,instructions,51795978,100.00,4.05,insn per cycle
79.747895853,187539382,,cycles,51790948,100.00,,
79.848077586,47174,,rD044,51272758,100.00,,
79.848077586,848561,,rFF44,51270178,100.00,,
79.848077586,751464364,,instructions,51270178,100.00,4.05,insn per cycle
79.848077586,185482628,,cycles,51270178,100.00,,
79.948267218,16569,,rD044,51507403,100.00,,
79.948267218,835034,,rFF44,51513173,100.00,,
79.948267218,759017538,,instructions,51517843,100.00,4.07,insn per cycle
79.948267218,186445984,,cycles,51522823,100.00,,
80.048456591,46419,,rD044,53056889,100.00,,
80.048456591,862059,,rFF44,53056839,100.00,,
80.048456591,783041024,,instructions,53056579,100.00,4.07,insn per cycle
80.048456591,192407263,,cycles,53056470,100.00,,
80.148645384,46605,,rD044,52766901,100.00,,
80.148645384,839338,,rFF44,52761181,100.00,,
80.148645384,779638182,,instructions,52756771,100.00,4.08,insn per cycle
80.148645384,191256508,,cycles,52751900,100.00,,
80.248820586,47187,,rD044,51200009,100.00,,
80.248820586,847068,,rFF44,51200009,100.00,,
80.248820586,751658138,,instructions,51200009,100.00,4.06,insn per cycle
80.248820586,185313372,,cycles,51200009,100.00,,
80.348999979,46989,,rD044,51330348,100.00,,
80.348999979,825352,,rFF44,51330348,100.00,,
80.348999979,751861989,,instructions,51330348,100.00,4.05,insn per cycle
80.348999979,185658040,,cycles,51330348,100.00,,
80.449174481,47665,,rD044,51361244,100.00,,
80.449174481,859835,,rFF44,51361244,100.00,,
80.449174481,751618575,,instructions,51361244,100.00,4.04,insn per cycle
80.449174481,185855302,,cycles,51361244,100.00,,
80.549350124,46592,,rD044,52469313,100.00,,
80.549350124,856627,,rFF44,52474953,100.00,,
80.549350124,769200931,,instructions,52479703,100.00,4.04,insn per cycle
80.549350124,190247842,,cycles,52484303,100.00,,
80.649540366,46620,,rD044,52997956,100.00,,
80.649540366,852601,,rFF44,52997766,100.00,,
80.649540366,792746186,,instructions,52997616,100.00,4.12,insn per cycle
80.649540366,192193105,,cycles,52997936,100.00,,
80.749729059,16479,,rD044,51181411,100.00,,
80.749729059,817221,,rFF44,51175961,100.00,,
80.749729059,763086870,,instructions,51171361,100.00,4.12,insn per cycle
80.749729059,185105286,,cycles,51166441,100.00,,
80.849910551,46753,,rD044,50694483,100.00,,
80.849910551,842394,,rFF44,50694483,100.00,,
80.849910551,754252592,,instructions,50694483,100.00,4.11,insn per cycle
80.849910551,183384184,,cycles,50694483,100.00,,
80.950085514,46976,,rD044,51691126,100.00,,
80.950085514,851467,,rFF44,51696806,100.00,,
80.950085514,771607385,,instructions,51701496,100.00,4.12,insn per cycle
80.950085514,187253566,,cycles,51737686,100.00,,
81.050305737,46836,,rD044,52965332,100.00,,
81.050305737,865094,,rFF44,52964852,100.00,,
81.050305737,795293533,,instructions,52965112,100.00,4.14,insn per cycle
81.050305737,191946716,,cycles,52934372,100.00,,
81.150496970,47186,,rD044,50925185,100.00,,
81.150496970,835361,,rFF44,50925665,100.00,,
81.150496970,759534491,,instructions,50920715,100.00,4.13,insn per cycle
81.150496970,184110662,,cycles,50915265,100.00,,
81.250683672,47072,,rD044,50763616,100.00,,
81.250683672,850547,,rFF44,50757936,100.00,,
81.250683672,753199442,,instructions,50757936,100.00,4.10,insn per cycle
81.250683672,183497229,,cycles,50757936,100.00,,
81.350859035,46855,,rD044,52636788,100.00,,
81.350859035,839287,,rFF44,52641778,100.00,,
81.350859035,791476937,,instructions,52646758,100.00,4.15,insn per cycle
81.350859035,190857003,,cycles,52652008,100.00,,
81.451050307,46482,,rD044,52141242,100.00,,
81.451050307,842720,,rFF44,52136252,100.00,,
81.451050307,781392145,,instructions,52131272,100.00,4.14,insn per cycle
81.451050307,188867626,,cycles,52126022,100.00,,
81.551246110,16676,,rD044,50490058,100.00,,
81.551246110,820047,,rFF44,50497638,100.00,,
81.551246110,753504748,,instructions,50501398,100.00,4.13,insn per cycle
81.551246110,182445623,,cycles,50501398,100.00,,
81.651436993,46969,,rD044,51662671,100.00,,
81.651436993,873274,,rFF44,51660581,100.00,,
81.651436993,818488666,,instructions,51661861,100.00,4.38,insn per cycle
81.651436993,187077354,,cycles,51666661,100.00,,
81.751628005,47288,,rD044,50320233,100.00,,
81.751628005,868847,,rFF44,50314743,100.00,,
81.751628005,788343498,,instructions,50309703,100.00,4.34,insn per cycle
81.751628005,181766511,,cycles,50304903,100.00,,
81.851804308,46778,,rD044,51267182,100.00,,
81.851804308,855774,,rFF44,51272242,100.00,,
81.851804308,808833540,,instructions,51277012,100.00,4.36,insn per cycle
81.851804308,185507820,,cycles,51281782,100.00,,
81.951993611,47579,,rD044,50721780,100.00,,
81.951993611,855813,,rFF44,50716720,100.00,,
81.951993611,798013259,,instructions,50711950,100.00,4.35,insn per cycle
81.951993611,183384277,,cycles,50707180,100.00,,
82.052169483,47230,,rD044,51013496,100.00,,
82.052169483,864558,,rFF44,51018536,100.00,,
82.052169483,804829467,,instructions,51023626,100.00,4.36,insn per cycle
82.052169483,184517459,,cycles,51029306,100.00,,
82.152360046,46620,,rD044,52375124,100.00,,
82.152360046,818839,,rFF44,52375334,100.00,,
82.152360046,791387736,,instructions,52370244,100.00,4.17,insn per cycle
82.152360046,189814312,,cycles,52364564,100.00,,
82.252545019,46671,,rD044,51567700,100.00,,
82.252545019,854774,,rFF44,51568400,100.00,,
82.252545019,748984566,,instructions,51568400,100.00,4.01,insn per cycle
82.252545019,186652162,,cycles,51568400,100.00,,
82.352730471,46904,,rD044,51921672,100.00,,
82.352730471,908434,,rFF44,51915722,100.00,,
82.352730471,750042403,,instructions,51915722,100.00,3.99,insn per cycle
82.352730471,187961250,,cycles,51915722,100.00,,
82.452903734,16261,,rD044,51938194,100.00,,
82.452903734,795860,,rFF44,51943644,100.00,,
82.452903734,757848667,,instructions,51948604,100.00,4.03,insn per cycle
82.452903734,188157425,,cycles,51953064,100.00,,
82.553092866,46724,,rD044,52247741,100.00,,
82.553092866,827321,,rFF44,52280091,100.00,,
82.553092866,761996363,,instructions,52280541,100.00,4.02,insn per cycle
82.553092866,189494771,,cycles,52281431,100.00,,
82.653317869,47018,,rD044,53014199,100.00,,
82.653317869,840065,,rFF44,52981519,100.00,,
82.653317869,774073205,,instructions,52982529,100.00,4.03,insn per cycle
82.653317869,192152599,,cycles,52982319,100.00,,
82.753511212,46996,,rD044,52926739,100.00,,
82.753511212,855188,,rFF44,52921619,100.00,,
82.753511212,776181230,,instructions,52915199,100.00,4.05,insn per cycle
82.753511212,191880535,,cycles,52910059,100.00,,
82.853686185,46764,,rD044,51603459,100.00,,
82.853686185,822058,,rFF44,51603459,100.00,,
82.853686185,755030667,,instructions,51603459,100.00,4.04,insn per cycle
82.853686185,186775927,,cycles,51603459,100.00,,
82.953861137,47201,,rD044,51747241,100.00,,
82.953861137,836478,,rFF44,51747241,100.00,,
82.953861137,754915876,,instructions,51747241,100.00,4.03,insn per cycle
82.953861137,187292742,,cycles,51747241,100.00,,
83.054036389,46629,,rD044,51622053,100.00,,
83.054036389,836911,,rFF44,51622053,100.00,,
83.054036389,756079359,,instructions,51622053,100.00,4.05,insn per cycle
83.054036389,186869050,,cycles,51622053,100.00,,
83.154212552,16044,,rD044,51294427,100.00,,
83.154212552,794757,,rFF44,51294427,100.00,,
83.154212552,757919773,,instructions,51294427,100.00,4.08,insn per cycle
83.154212552,185813203,,cycles,51294427,100.00,,
83.254388225,46369,,rD044,52642610,100.00,,
83.254388225,842896,,rFF44,52647540,100.00,,
83.254388225,775904217,,instructions,52652210,100.00,4.07,insn per cycle
83.254388225,190859329,,cycles,52657820,100.00,,
83.354578807,46671,,rD044,53032095,100.00,,
83.354578807,857077,,rFF44,53032285,100.00,,
83.354578807,782362738,,instructions,53032755,100.00,4.07,insn per cycle
83.354578807,192305518,,cycles,53032435,100.00,,
83.454768820,46241,,rD044,52341899,100.00,,
83.454768820,853350,,rFF44,52336779,100.00,,
83.454768820,788362416,,instructions,52331639,100.00,4.16,insn per cycle
83.454768820,189707424,,cycles,52326349,100.00,,
83.554946532,46822,,rD044,51033759,100.00,,
83.554946532,803299,,rFF44,51033759,100.00,,
83.554946532,764695684,,instructions,51033759,100.00,4.14,insn per cycle
83.554946532,184566218,,cycles,51033759,100.00,,
83.655124045,47096,,rD044,51060216,100.00,,
83.655124045,841394,,rFF44,51060216,100.00,,
83.655124045,761801956,,instructions,51060216,100.00,4.12,insn per cycle
83.655124045,184785081,,cycles,51060216,100.00,,
83.755301847,46943,,rD044,51214895,100.00,,
83.755301847,862358,,rFF44,51214895,100.00,,
83.755301847,758511695,,instructions,51214895,100.00,4.09,insn per cycle
83.755301847,185367716,,cycles,51214895,100.00,,
83.855478010,16813,,rD044,51012190,100.00,,
83.855478010,835078,,rFF44,51012190,100.00,,
83.855478010,759045514,,instructions,51012190,100.00,4.12,insn per cycle
83.855478010,184451925,,cycles,51012190,100.00,,
83.955654433,46586,,rD044,53016534,100.00,,
83.955654433,867342,,rFF44,53022604,100.00,,
83.955654433,793671241,,instructions,53027354,100.00,4.13,insn per cycle
83.955654433,192308570,,cycles,53032454,100.00,,
84.055839775,46779,,rD044,53015374,100.00,,
84.055839775,918526,,rFF44,53009304,100.00,,
84.055839775,789737520,,instructions,53004554,100.00,4.11,insn per cycle
84.055839775,192170418,,cycles,52999454,100.00,,
84.156013688,47725,,rD044,50883137,100.00,,
84.156013688,842004,,rFF44,50883137,100.00,,
84.156013688,756573976,,instructions,50883137,100.00,4.11,insn per cycle
84.156013688,184038777,,cycles,50883137,100.00,,
84.256190570,46864,,rD044,50870213,100.00,,
84.256190570,821588,,rFF44,50875963,100.00,,
84.256190570,757009196,,instructions,50881113,100.00,4.12,insn per cycle
84.256190570,183929939,,cycles,50886513,100.00,,
84.356381713,46455,,rD044,53060440,100.00,,
84.356381713,844604,,rFF44,53060210,100.00,,
84.356381713,797622380,,instructions,53060010,100.00,4.15,insn per cycle
84.356381713,192427322,,cycles,53059320,100.00,,
84.456571955,46776,,rD044,52326058,100.00,,
84.456571955,856166,,rFF44,52320538,100.00,,
84.456571955,782187467,,instructions,52315588,100.00,4.13,insn per cycle
84.456571955,189591241,,cycles,52310878,100.00,,
84.556748398,47071,,rD044,50781447,100.00,,
84.556748398,861529,,rFF44,50781447,100.00,,
84.556748398,755809572,,instructions,50781447,100.00,4.12,insn per cycle
84.556748398,183613030,,cycles,50781447,100.00,,
84.656923410,16778,,rD044,51078093,100.00,,
84.656923410,826330,,rFF44,51083543,100.00,,
84.656923410,767768566,,instructions,51088533,100.00,4.16,insn per cycle
84.656923410,184775478,,cycles,51093963,100.00,,
84.757115153,46176,,rD044,53007350,100.00,,
84.757115153,832668,,rFF44,53007110,100.00,,
84.757115153,806142617,,instructions,53007030,100.00,4.19,insn per cycle
84.757115153,192278903,,cycles,53006520,100.00,,
84.857307395,46556,,rD044,51873926,100.00,,
84.857307395,833846,,rFF44,51868716,100.00,,
84.857307395,782202260,,instructions,51863806,100.00,4.16,insn per cycle
84.857307395,187916892,,cycles,51858886,100.00,,
84.957485008,46863,,rD044,50754466,100.00,,
84.957485008,846766,,rFF44,50762016,100.00,,
84.957485008,753819429,,instructions,50766416,100.00,4.11,insn per cycle
84.957485008,183559233,,cycles,50771796,100.00,,
85.057681221,47256,,rD044,51097578,100.00,,
85.057681221,840706,,rFF44,51095798,100.00,,
85.057681221,756278144,,instructions,51096558,100.00,4.09,insn per cycle
85.057681221,184695227,,cycles,51095738,100.00,,
85.157875713,46835,,rD044,53161291,100.00,,
85.157875713,867240,,rFF44,53161271,100.00,,
85.157875713,793774197,,instructions,53161561,100.00,4.12,insn per cycle
85.157875713,192791984,,cycles,53161561,100.00,,
85.258065436,46656,,rD044,52160229,100.00,,
85.258065436,844717,,rFF44,52154479,100.00,,
85.258065436,779847905,,instructions,52149029,100.00,4.13,insn per cycle
85.258065436,188919909,,cycles,52144469,100.00,,
85.358276419,16838,,rD044,50950782,100.00,,
85.358276419,828636,,rFF44,50950782,100.00,,
85.358276419,755904876,,instructions,50950782,100.00,4.10,insn per cycle
85.358276419,184196243,,cycles,50950782,100.00,,
85.458450641,47272,,rD044,51316779,100.00,,
85.458450641,846643,,rFF44,51322219,100.00,,
85.458450641,759237440,,instructions,51327029,100.00,4.09,insn per cycle
85.458450641,185710870,,cycles,51332709,100.00,,
85.558642784,46873,,rD044,53057496,100.00,,
85.558642784,853247,,rFF44,53057196,100.00,,
85.558642784,792415453,,instructions,53057536,100.00,4.12,insn per cycle
85.558642784,192417079,,cycles,53056586,100.00,,
85.658832867,46649,,rD044,52152890,100.00,,
85.658832867,857765,,rFF44,52154050,100.00,,
85.658832867,782726821,,instructions,52148900,100.00,4.14,insn per cycle
85.658832867,188917767,,cycles,52144170,100.00,,
85.759024649,47447,,rD044,50561463,100.00,,
85.759024649,824827,,rFF44,50555163,100.00,,
85.759024649,755502320,,instructions,50555163,100.00,4.14,insn per cycle
85.759024649,182688946,,cycles,50555163,100.00,,
85.859202822,46944,,rD044,51514944,100.00,,
85.859202822,837464,,rFF44,51520154,100.00,,
85.859202822,771668633,,instructions,51524954,100.00,4.14,insn per cycle
85.859202822,186536328,,cycles,51529704,100.00,,
85.959392895,46477,,rD044,52945693,100.00,,
85.959392895,839591,,rFF44,52945393,100.00,,
85.959392895,799561616,,instructions,52945363,100.00,4.16,insn per cycle
85.959392895,192019590,,cycles,52945763,100.00,,
86.059580437,47276,,rD044,50158184,100.00,,
86.059580437,850566,,rFF44,50153274,100.00,,
86.059580437,776580114,,instructions,50148504,100.00,4.29,insn per cycle
86.059580437,181121635,,cycles,50143354,100.00,,
86.159755680,47432,,rD044,51480544,100.00,,
86.159755680,871020,,rFF44,51486334,100.00,,
86.159755680,798436455,,instructions,51490894,100.00,4.29,insn per cycle
86.159755680,186296917,,cycles,51495474,100.00,,
86.259946292,16213,,rD044,52241487,100.00,,
86.259946292,829683,,rFF44,52235697,100.00,,
86.259946292,802368646,,instructions,52231137,100.00,4.24,insn per cycle
86.259946292,189283735,,cycles,52226557,100.00,,
86.360123295,46881,,rD044,50338224,100.00,,
86.360123295,845101,,rFF44,50338224,100.00,,
86.360123295,762867690,,instructions,50338224,100.00,4.19,insn per cycle
86.360123295,181860270,,cycles,50338224,100.00,,
86.460300037,47082,,rD044,51503487,100.00,,
86.460300037,844005,,rFF44,51508817,100.00,,
86.460300037,772803216,,instructions,51513507,100.00,4.14,insn per cycle
86.460300037,186466920,,cycles,51518417,100.00,,
86.560489010,46775,,rD044,53074350,100.00,,
86.560489010,838532,,rFF44,53073910,100.00,,
86.560489010,800571297,,instructions,53073650,100.00,4.16,insn per cycle
86.560489010,192498397,,cycles,53074260,100.00,,
86.660679463,46613,,rD044,51783072,100.00,,
86.660679463,809205,,rFF44,51778182,100.00,,
86.660679463,779175049,,instructions,51773752,100.00,4.16,insn per cycle
86.660679463,187506060,,cycles,51768232,100.00,,
86.760859015,47060,,rD044,51044858,100.00,,
86.760859015,858470,,rFF44,51044858,100.00,,
86.760859015,760326716,,instructions,51044858,100.00,4.12,insn per cycle
86.760859015,184608202,,cycles,51044858,100.00,,
86.861035678,46752,,rD044,51353287,100.00,,
86.861035678,850430,,rFF44,51358117,100.00,,
86.861035678,765397823,,instructions,51363317,100.00,4.12,insn per cycle
86.861035678,185873149,,cycles,51367927,100.00,,
86.961242581,46207,,rD044,52868573,100.00,,
86.961242581,833932,,rFF44,52868923,100.00,,
86.961242581,793989649,,instructions,52868153,100.00,4.14,insn per cycle
86.961242581,191741350,,cycles,52868453,100.00,,
87.061430983,16331,,rD044,52174904,100.00,,
87.061430983,800095,,rFF44,52169724,100.00,,
87.061430983,790866318,,instructions,52165294,100.00,4.18,insn per cycle
87.061430983,189045235,,cycles,52160384,100.00,,
87.161605526,47077,,rD044,50772691,100.00,,
87.161605526,836535,,rFF44,50772691,100.00,,
87.161605526,764662651,,instructions,50772691,100.00,4.16,insn per cycle
87.161605526,183641810,,cycles,50772691,100.00,,
87.261782078,47079,,rD044,50799509,100.00,,
87.261782078,850617,,rFF44,50804289,100.00,,
87.261782078,764891188,,instructions,50808319,100.00,4.16,insn per cycle
87.261782078,183680691,,cycles,50808319,100.00,,
87.361970911,46935,,rD044,52679369,100.00,,
87.361970911,875000,,rFF44,52679739,100.00,,
87.361970911,795937285,,instructions,52680489,100.00,4.17,insn per cycle
87.361970911,190985506,,cycles,52685469,100.00,,
87.462160604,46551,,rD044,51839079,100.00,,
87.462160604,812499,,rFF44,51833929,100.00,,
87.462160604,783668549,,instructions,51829149,100.00,4.17,insn per cycle
87.462160604,187760079,,cycles,51824169,100.00,,
87.562335756,47246,,rD044,50801616,100.00,,
87.562335756,844752,,rFF44,50805856,100.00,,
87.562335756,756515563,,instructions,50805856,100.00,4.12,insn per cycle
87.562335756,183665271,,cycles,50805856,100.00,,
87.662520339,47460,,rD044,51136693,100.00,,
87.662520339,847909,,rFF44,51138243,100.00,,
87.662520339,759761677,,instructions,51143123,100.00,4.11,insn per cycle
87.662520339,185021606,,cycles,51148133,100.00,,
87.762712581,46392,,rD044,52577883,100.00,,
87.762712581,840576,,rFF44,52577313,100.00,,
87.762712581,788293097,,instructions,52577083,100.00,4.14,insn per cycle
87.762712581,190618490,,cycles,52577513,100.00,,
87.862903824,16013,,rD044,51943071,100.00,,
87.862903824,808222,,rFF44,51937851,100.00,,
87.862903824,779104913,,instructions,51933201,100.00,4.14,insn per cycle
87.862903824,188160336,,cycles,51927761,100.00,,
87.963081247,47086,,rD044,50885619,100.00,,
87.963081247,868158,,rFF44,50885619,100.00,,
87.963081247,752298951,,instructions,50885619,100.00,4.09,insn per cycle
87.963081247,183945779,,cycles,50885619,100.00,,
88.063289090,46815,,rD044,51391467,100.00,,
88.063289090,848137,,rFF44,51396627,100.00,,
88.063289090,762637470,,instructions,51401377,100.00,4.10,insn per cycle
88.063289090,185995206,,cycles,51405757,100.00,,
88.163478992,46799,,rD044,52952826,100.00,,
88.163478992,837925,,rFF44,52953076,100.00,,
88.163478992,792418473,,instructions,52953816,100.00,4.13,insn per cycle
88.163478992,192040083,,cycles,52954706,100.00,,
88.263671695,46924,,rD044,51321915,100.00,,
88.263671695,800830,,rFF44,51322345,100.00,,
88.263671695,771068379,,instructions,51316855,100.00,4.15,insn per cycle
88.263671695,185730410,,cycles,51311585,100.00,,
88.363858968,47395,,rD044,50921483,100.00,,
88.363858968,851940,,rFF44,50921564,100.00,,
88.363858968,759057695,,instructions,50924404,100.00,4.12,insn per cycle
88.363858968,184132028,,cycles,50924404,100.00,,
88.464051330,46583,,rD044,52088751,100.00,,
88.464051330,858498,,rFF44,52088200,100.00,,
88.464051330,779994158,,instructions,52090560,100.00,4.13,insn per cycle
88.464051330,188675353,,cycles,52095280,100.00,,
88.564253543,46725,,rD044,52863755,100.00,,
88.564253543,852533,,rFF44,52863995,100.00,,
88.564253543,785507424,,instructions,52863285,100.00,4.10,insn per cycle
88.564253543,191688514,,cycles,52863385,100.00,,
88.664444176,16150,,rD044,51300611,100.00,,
88.664444176,797610,,rFF44,51300221,100.00,,
88.664444176,764866884,,instructions,51300461,100.00,4.12,insn per cycle
88.664444176,185671205,,cycles,51298581,100.00,,
88.764633939,46694,,rD044,50856058,100.00,,
88.764633939,835835,,rFF44,50850838,100.00,,
88.764633939,752343718,,instructions,50846108,100.00,4.09,insn per cycle
88.764633939,183915523,,cycles,50843168,100.00,,
88.864811751,46954,,rD044,51208150,100.00,,
88.864811751,859825,,rFF44,51208150,100.00,,
88.864811751,754395695,,instructions,51208150,100.00,4.07,insn per cycle
88.864811751,185395443,,cycles,51208150,100.00,,
88.964988534,46822,,rD044,51317387,100.00,,
88.964988534,821357,,rFF44,51323037,100.00,,
88.964988534,755473545,,instructions,51327987,100.00,4.07,insn per cycle
88.964988534,185740081,,cycles,51332507,100.00,,
89.065177587,46477,,rD044,52821563,100.00,,
89.065177587,846442,,rFF44,52821503,100.00,,
89.065177587,782357260,,instructions,52821403,100.00,4.08,insn per cycle
89.065177587,191581665,,cycles,52821323,100.00,,
89.165368879,46565,,rD044,52809872,100.00,,
89.165368879,842562,,rFF44,52809512,100.00,,
89.165368879,781366028,,instructions,52809532,100.00,4.08,insn per cycle
89.165368879,191493544,,cycles,52809822,100.00,,
89.265560062,46542,,rD044,51536201,100.00,,
89.265560062,820846,,rFF44,51536201,100.00,,
89.265560062,756312914,,instructions,51535861,100.00,4.05,insn per cycle
89.265560062,186738233,,cycles,51536271,100.00,,
89.365750885,16151,,rD044,52100718,100.00,,
89.365750885,807460,,rFF44,52099698,100.00,,
89.365750885,765747336,,instructions,52095168,100.00,4.06,insn per cycle
89.365750885,188685678,,cycles,52090028,100.00,,
89.465936107,47342,,rD044,51894272,100.00,,
89.465936107,846398,,rFF44,51896162,100.00,,
89.465936107,757042825,,instructions,51896162,100.00,4.03,insn per cycle
89.465936107,187887970,,cycles,51896162,100.00,,
89.566127450,46541,,rD044,51630743,100.00,,
89.566127450,844598,,rFF44,51624643,100.00,,
89.566127450,761757237,,instructions,51624643,100.00,4.08,insn per cycle
89.566127450,186862488,,cycles,51624643,100.00,,
89.666302852,46356,,rD044,52961785,100.00,,
89.666302852,839548,,rFF44,52967175,100.00,,
89.666302852,796777605,,instructions,52972296,100.00,4.15,insn per cycle
89.666302852,192009574,,cycles,52976746,100.00,,
89.766494895,46039,,rD044,53339770,100.00,,
89.766494895,785986,,rFF44,53334380,100.00,,
89.766494895,804962784,,instructions,53329259,100.00,4.16,insn per cycle
89.766494895,193461668,,cycles,53324809,100.00,,
89.866670458,46483,,rD044,51589121,100.00,,
89.866670458,822035,,rFF44,51589121,100.00,,
89.866670458,759521293,,instructions,51589121,100.00,4.07,insn per cycle
89.866670458,186724092,,cycles,51589121,100.00,,
89.966846680,46386,,rD044,51749388,100.00,,
89.966846680,834874,,rFF44,51749388,100.00,,
89.966846680,759570786,,instructions,51749388,100.00,4.05,insn per cycle
89.966846680,187331410,,cycles,51749388,100.00,,
90.067023993,46751,,rD044,51803862,100.00,,
90.067023993,837283,,rFF44,51803862,100.00,,
90.067023993,759858654,,instructions,51803862,100.00,4.05,insn per cycle
90.067023993,187564832,,cycles,51803862,100.00,,
90.167200595,16195,,rD044,52745435,100.00,,
90.167200595,820876,,rFF44,52750725,100.00,,
90.167200595,783787161,,instructions,52755555,100.00,4.10,insn per cycle
90.167200595,191269707,,cycles,52759725,100.00,,
90.267388138,46228,,rD044,52869961,100.00,,
90.267388138,843145,,rFF44,52869881,100.00,,
90.267388138,783761244,,instructions,52870701,100.00,4.09,insn per cycle
90.267388138,191761520,,cycles,52871501,100.00,,
90.367580510,46691,,rD044,52895640,100.00,,
90.367580510,841968,,rFF44,52890430,100.00,,
90.367580510,777500069,,instructions,52884780,100.00,4.05,insn per cycle
90.367580510,191781721,,cycles,52879810,100.00,,
90.467758303,46339,,rD044,52043245,100.00,,
90.467758303,838264,,rFF44,52043245,100.00,,
90.467758303,759396744,,instructions,52043245,100.00,4.03,insn per cycle
90.467758303,188529885,,cycles,52043245,100.00,,
90.567932695,46536,,rD044,51841013,100.00,,
90.567932695,806228,,rFF44,51841013,100.00,,
90.567932695,758653248,,instructions,51841013,100.00,4.04,insn per cycle
90.567932695,187694576,,cycles,51841013,100.00,,
90.668138958,47001,,rD044,52097156,100.00,,
90.668138958,850567,,rFF44,52097156,100.00,,
90.668138958,759883282,,instructions,52097156,100.00,4.03,insn per cycle
90.668138958,188681268,,cycles,52097156,100.00,,
90.768316981,46462,,rD044,51931647,100.00,,
90.768316981,856219,,rFF44,51936867,100.00,,
90.768316981,758454301,,instructions,51941467,100.00,4.03,insn per cycle
90.768316981,188098566,,cycles,51941467,100.00,,
90.868506833,46551,,rD044,52757750,100.00,,
90.868506833,851384,,rFF44,52757730,100.00,,
90.868506833,772256599,,instructions,52758080,100.00,4.04,insn per cycle
90.868506833,191318889,,cycles,52763050,100.00,,
90.968697326,15750,,rD044,53132769,100.00,,
90.968697326,804403,,rFF44,53132999,100.00,,
90.968697326,782305853,,instructions,53133439,100.00,4.06,insn per cycle
90.968697326,192727830,,cycles,53134339,100.00,,
91.068890919,46511,,rD044,53003364,100.00,,
91.068890919,836261,,rFF44,53003514,100.00,,
91.068890919,777435946,,instructions,53002574,100.00,4.04,insn per cycle
91.068890919,192222748,,cycles,53002244,100.00,,
91.169081181,46488,,rD044,52785260,100.00,,
91.169081181,842153,,rFF44,52779680,100.00,,
91.169081181,772898026,,instructions,52775230,100.00,4.04,insn per cycle
91.169081181,191327159,,cycles,52769690,100.00,,
91.269271974,47048,,rD044,51962675,100.00,,
91.269271974,850182,,rFF44,51962675,100.00,,
91.269271974,759375217,,instructions,51962675,100.00,4.04,insn per cycle
91.269271974,188183562,,cycles,51962675,100.00,,
91.369446807,47189,,rD044,51952751,100.00,,
91.369446807,834639,,rFF44,51952751,100.00,,
91.369446807,758958478,,instructions,51952751,100.00,4.03,insn per cycle
91.369446807,188101447,,cycles,51952751,100.00,,
91.469621899,46450,,rD044,52147052,100.00,,
91.469621899,850598,,rFF44,52147052,100.00,,
91.469621899,759313371,,instructions,52147052,100.00,4.02,insn per cycle
91.469621899,188888657,,cycles,52147052,100.00,,
91.569798642,46660,,rD044,52321030,100.00,,
91.569798642,840389,,rFF44,52326280,100.00,,
91.569798642,762926571,,instructions,52330700,100.00,4.02,insn per cycle
91.569798642,189598244,,cycles,52335190,100.00,,
91.669987114,46275,,rD044,53030786,100.00,,
91.669987114,835259,,rFF44,53030946,100.00,,
91.669987114,777486305,,instructions,53030956,100.00,4.04,insn per cycle
91.669987114,192348333,,cycles,53031056,100.00,,
91.770173097,16139,,rD044,53152609,100.00,,
91.770173097,809601,,rFF44,53152989,100.00,,
91.770173097,782977759,,instructions,53152859,100.00,4.06,insn per cycle
91.770173097,192779537,,cycles,53153339,100.00,,
91.870361460,46376,,rD044,52901807,100.00,,
91.870361460,843925,,rFF44,52901917,100.00,,
91.870361460,777693345,,instructions,52901647,100.00,4.05,insn per cycle
91.870361460,191868811,,cycles,52901867,100.00,,
91.970551402,46784,,rD044,52029965,100.00,,
91.970551402,847046,,rFF44,52024065,100.00,,
91.970551402,761804430,,instructions,52020035,100.00,4.04,insn per cycle
91.970551402,188472807,,cycles,52014745,100.00,,
92.070728715,47274,,rD044,51944846,100.00,,
92.070728715,850594,,rFF44,51944846,100.00,,
92.070728715,759104362,,instructions,51944846,100.00,4.04,insn per cycle
92.070728715,188112400,,cycles,51944846,100.00,,
92.170904657,46912,,rD044,51499293,100.00,,
92.170904657,808448,,rFF44,51499293,100.00,,
92.170904657,759597968,,instructions,51499293,100.00,4.07,insn per cycle
92.170904657,186420266,,cycles,51499293,100.00,,
92.271078730,46495,,rD044,52057329,100.00,,
92.271078730,844237,,rFF44,52062759,100.00,,
92.271078730,765188702,,instructions,52067369,100.00,4.06,insn per cycle
92.271078730,188557218,,cycles,52071849,100.00,,
92.371301943,46248,,rD044,52991727,100.00,,
92.371301943,835252,,rFF44,52991907,100.00,,
92.371301943,788531090,,instructions,52992617,100.00,4.10,insn per cycle
92.371301943,192225239,,cycles,52992807,100.00,,
92.471492666,46800,,rD044,53058482,100.00,,
92.471492666,857061,,rFF44,53058352,100.00,,
92.471492666,785944587,,instructions,53058082,100.00,4.08,insn per cycle
92.471492666,192439818,,cycles,53059912,100.00,,
92.571683788,16046,,rD044,51708368,100.00,,
92.571683788,819334,,rFF44,51702888,100.00,,
92.571683788,765811508,,instructions,51697838,100.00,4.09,insn per cycle
92.571683788,187207582,,cycles,51691338,100.00,,
92.671859021,46881,,rD044,51601869,100.00,,
92.671859021,845138,,rFF44,51601869,100.00,,
92.671859021,758844990,,instructions,51601869,100.00,4.06,insn per cycle
92.671859021,186781844,,cycles,51601869,100.00,,
92.772033603,46805,,rD044,51606772,100.00,,
92.772033603,836113,,rFF44,51606772,100.00,,
92.772033603,759767064,,instructions,51606772,100.00,4.07,insn per cycle
92.772033603,186798973,,cycles,51606772,100.00,,
92.872210696,47036,,rD044,52683495,100.00,,
92.872210696,846684,,rFF44,52689005,100.00,,
92.872210696,779590415,,instructions,52693595,100.00,4.08,insn per cycle
92.872210696,191069460,,cycles,52698925,100.00,,
92.972402319,46192,,rD044,52833959,100.00,,
92.972402319,800786,,rFF44,52833419,100.00,,
92.972402319,784556979,,instructions,52833859,100.00,4.09,insn per cycle
92.972402319,191608867,,cycles,52833439,100.00,,
93.072591331,46989,,rD044,53093123,100.00,,
93.072591331,854938,,rFF44,53093843,100.00,,
93.072591331,777559365,,instructions,53094343,100.00,4.04,insn per cycle
93.072591331,192600303,,cycles,53094633,100.00,,
93.172783564,46382,,rD044,52172524,100.00,,
93.172783564,845740,,rFF44,52172224,100.00,,
93.172783564,761695484,,instructions,52166694,100.00,4.03,insn per cycle
93.172783564,189006028,,cycles,52161494,100.00,,
93.272967896,47505,,rD044,52242140,100.00,,
93.272967896,844887,,rFF44,52236750,100.00,,
93.272967896,759259645,,instructions,52236750,100.00,4.01,insn per cycle
93.272967896,189191577,,cycles,52236750,100.00,,
93.373144659,16494,,rD044,52026093,100.00,,
93.373144659,813210,,rFF44,52026093,100.00,,
93.373144659,759536861,,instructions,52026093,100.00,4.03,insn per cycle
93.373144659,188343385,,cycles,52026093,100.00,,
93.473320591,46598,,rD044,52149738,100.00,,
93.473320591,843503,,rFF44,52155388,100.00,,
93.473320591,760312960,,instructions,52159898,100.00,4.02,insn per cycle
93.473320591,188932029,,cycles,52164618,100.00,,
93.573516654,46816,,rD044,53127798,100.00,,
93.573516654,851386,,rFF44,53127548,100.00,,
93.573516654,773711372,,instructions,53127798,100.00,4.02,insn per cycle
93.573516654,192683966,,cycles,53127648,100.00,,
93.673704207,46360,,rD044,53044410,100.00,,
93.673704207,816072,,rFF44,53044040,100.00,,
93.673704207,781382904,,instructions,53043770,100.00,4.06,insn per cycle
93.673704207,192402498,,cycles,53044970,100.00,,
93.773894319,46265,,rD044,52824725,100.00,,
93.773894319,843839,,rFF44,52824765,100.00,,
93.773894319,770649045,,instructions,52825275,100.00,4.02,insn per cycle
93.773894319,191539888,,cycles,52824365,100.00,,
93.874084892,47419,,rD044,49723585,100.00,,
93.874084892,846755,,rFF44,49718515,100.00,,
93.874084892,711031841,,instructions,49713515,100.00,3.96,insn per cycle
93.874084892,179444397,,cycles,49708655,100.00,,
93.974277395,46411,,rD044,52099974,100.00,,
93.974277395,853667,,rFF44,52099974,100.00,,
93.974277395,758865788,,instructions,52099974,100.00,4.02,insn per cycle
93.974277395,188836163,,cycles,52099974,100.00,,
94.074452177,16360,,rD044,52475921,100.00,,
94.074452177,813217,,rFF44,52481291,100.00,,
94.074452177,769426465,,instructions,52486531,100.00,4.04,insn per cycle
94.074452177,190258438,,cycles,52491111,100.00,,
94.174639430,46596,,rD044,53119333,100.00,,
94.174639430,852082,,rFF44,53118983,100.00,,
94.174639430,775941459,,instructions,53118943,100.00,4.03,insn per cycle
94.174639430,192654966,,cycles,53119263,100.00,,
94.274828732,46713,,rD044,53164179,100.00,,
94.274828732,854555,,rFF44,53165099,100.00,,
94.274828732,777492640,,instructions,53164509,100.00,4.03,insn per cycle
94.274828732,192822910,,cycles,53164399,100.00,,
94.375019495,46579,,rD044,52937127,100.00,,
94.375019495,847549,,rFF44,52936567,100.00,,
94.375019495,773500130,,instructions,52936427,100.00,4.03,insn per cycle
94.375019495,191937835,,cycles,52936367,100.00,,
94.475208427,46612,,rD044,52127435,100.00,,
94.475208427,794749,,rFF44,52126245,100.00,,
94.475208427,765503852,,instructions,52121775,100.00,4.05,insn per cycle
94.475208427,188871712,,cycles,52117045,100.00,,
94.575393730,46601,,rD044,52219414,100.00,,
94.575393730,836349,,rFF44,52215224,100.00,,
94.575393730,759972324,,instructions,52215224,100.00,4.02,insn per cycle
94.575393730,189138282,,cycles,52215224,100.00,,
94.675567913,47084,,rD044,52304113,100.00,,
94.675567913,848301,,rFF44,52304113,100.00,,
94.675567913,762046676,,instructions,52304113,100.00,4.02,insn per cycle
94.675567913,189416734,,cycles,52304113,100.00,,
94.775744125,16282,,rD044,51458405,100.00,,
94.775744125,819741,,rFF44,51458405,100.00,,
94.775744125,757807263,,instructions,51458405,100.00,4.07,insn per cycle
94.775744125,186185763,,cycles,51458405,100.00,,
94.875918868,46696,,rD044,52629164,100.00,,
94.875918868,856018,,rFF44,52635244,100.00,,
94.875918868,772041203,,instructions,52639774,100.00,4.05,insn per cycle
94.875918868,190794962,,cycles,52644134,100.00,,
94.976123891,46677,,rD044,53027644,100.00,,
94.976123891,839436,,rFF44,53027484,100.00,,
94.976123891,783135514,,instructions,53027644,100.00,4.07,insn per cycle
94.976123891,192322413,,cycles,53028254,100.00,,
95.076312563,46479,,rD044,52989103,100.00,,
95.076312563,833974,,rFF44,52983183,100.00,,
95.076312563,780859728,,instructions,52978493,100.00,4.06,insn per cycle
95.076312563,192145343,,cycles,52973523,100.00,,
95.176492076,46619,,rD044,52008706,100.00,,
95.176492076,836533,,rFF44,52008706,100.00,,
95.176492076,758229529,,instructions,52008706,100.00,4.02,insn per cycle
95.176492076,188410512,,cycles,52008706,100.00,,
95.276667518,46619,,rD044,51939509,100.00,,
95.276667518,814040,,rFF44,51945219,100.00,,
95.276667518,758489119,,instructions,51945219,100.00,4.03,insn per cycle
95.276667518,188117520,,cycles,51945219,100.00,,
95.376854851,47243,,rD044,52033038,100.00,,
95.376854851,853996,,rFF44,52027328,100.00,,
95.376854851,758153014,,instructions,52027328,100.00,4.02,insn per cycle
95.376854851,188424269,,cycles,52027328,100.00,,
95.477029373,46625,,rD044,52018057,100.00,,
95.477029373,847146,,rFF44,52018057,100.00,,
95.477029373,758329853,,instructions,52018057,100.00,4.02,insn per cycle
95.477029373,188422330,,cycles,52018057,100.00,,
95.577204826,16285,,rD044,51727487,100.00,,
95.577204826,809336,,rFF44,51727487,100.00,,
95.577204826,758311991,,instructions,51727487,100.00,4.05,insn per cycle
95.577204826,187278800,,cycles,51727487,100.00,,
95.677376438,46846,,rD044,53121429,100.00,,
95.677376438,840123,,rFF44,53126719,100.00,,
95.677376438,775069749,,instructions,53131399,100.00,4.02,insn per cycle
95.677376438,192685183,,cycles,53137309,100.00,,
95.777567291,46267,,rD044,52850422,100.00,,
95.777567291,832983,,rFF44,52850462,100.00,,
95.777567291,775215382,,instructions,52850542,100.00,4.04,insn per cycle
95.777567291,191652654,,cycles,52849702,100.00,,
95.877755643,46222,,rD044,53013050,100.00,,
95.877755643,838869,,rFF44,53013400,100.00,,
95.877755643,777756569,,instructions,53013280,100.00,4.04,insn per cycle
95.877755643,192285775,,cycles,53013030,100.00,,
95.977947156,46226,,rD044,52559714,100.00,,
95.977947156,814404,,rFF44,52554034,100.00,,
95.977947156,772746607,,instructions,52549394,100.00,4.06,insn per cycle
95.977947156,190512829,,cycles,52544574,100.00,,
96.078123849,46695,,rD044,51996678,100.00,,
96.078123849,843025,,rFF44,51996678,100.00,,
96.078123849,757780100,,instructions,51996678,100.00,4.02,insn per cycle
96.078123849,188326403,,cycles,51996678,100.00,,
96.178297321,46768,,rD044,51931427,100.00,,
96.178297321,824833,,rFF44,51931427,100.00,,
96.178297321,758046629,,instructions,51931427,100.00,4.03,insn per cycle
96.178297321,188201403,,cycles,51931427,100.00,,
96.278472984,46453,,rD044,51976555,100.00,,
96.278472984,832329,,rFF44,51976555,100.00,,
96.278472984,758117450,,instructions,51976555,100.00,4.03,insn per cycle
96.278472984,188226620,,cycles,51976555,100.00,,
96.378656076,16389,,rD044,51760002,100.00,,
96.378656076,807257,,rFF44,51760002,100.00,,
96.378656076,758128270,,instructions,51760002,100.00,4.05,insn per cycle
96.378656076,187404462,,cycles,51768572,100.00,,
96.478839679,46371,,rD044,52229962,100.00,,
96.478839679,843658,,rFF44,52235542,100.00,,
96.478839679,763178943,,instructions,52240122,100.00,4.03,insn per cycle
96.478839679,189279707,,cycles,52236222,100.00,,
96.579029702,46403,,rD044,53069875,100.00,,
96.579029702,851789,,rFF44,53069805,100.00,,
96.579029702,777946652,,instructions,53069905,100.00,4.04,insn per cycle
96.579029702,192493514,,cycles,53070575,100.00,,
96.679249575,46327,,rD044,52963436,100.00,,
96.679249575,841129,,rFF44,52963216,100.00,,
96.679249575,775769018,,instructions,52963796,100.00,4.04,insn per cycle
96.679249575,192077172,,cycles,52963076,100.00,,
96.779440517,46453,,rD044,53131913,100.00,,
96.779440517,801659,,rFF44,53132103,100.00,,
96.779440517,783000380,,instructions,53131863,100.00,4.06,insn per cycle
96.779440517,192727087,,cycles,53132543,100.00,,
96.879631240,46593,,rD044,52042024,100.00,,
96.879631240,834638,,rFF44,52036544,100.00,,
96.879631240,757973213,,instructions,52031524,100.00,4.02,insn per cycle
96.879631240,188494206,,cycles,52026224,100.00,,
96.979806712,46889,,rD044,52058668,100.00,,
96.979806712,842204,,rFF44,52058668,100.00,,
96.979806712,759609064,,instructions,52058668,100.00,4.03,insn per cycle
96.979806712,188558077,,cycles,52058668,100.00,,
97.079984155,16077,,rD044,51745761,100.00,,
97.079984155,816498,,rFF44,51745761,100.00,,
97.079984155,757853205,,instructions,51754031,100.00,4.04,insn per cycle
97.079984155,187374529,,cycles,51758271,100.00,,
97.180171218,46375,,rD044,51956656,100.00,,
97.180171218,844752,,rFF44,51962626,100.00,,
97.180171218,758145130,,instructions,51959396,100.00,4.03,insn per cycle
97.180171218,188175827,,cycles,51955156,100.00,,
97.280362070,46615,,rD044,52498107,100.00,,
97.280362070,834471,,rFF44,52497097,100.00,,
97.280362070,767529158,,instructions,52496957,100.00,4.03,insn per cycle
97.280362070,190345945,,cycles,52501397,100.00,,
97.380550553,46261,,rD044,52980260,100.00,,
97.380550553,828100,,rFF44,52980420,100.00,,
97.380550553,777932775,,instructions,52981150,100.00,4.05,insn per cycle
97.380550553,192166722,,cycles,52981430,100.00,,
97.480739526,46507,,rD044,53051799,100.00,,
97.480739526,799036,,rFF44,53052619,100.00,,
97.480739526,781462301,,instructions,53051799,100.00,4.06,insn per cycle
97.480739526,192447504,,cycles,53051679,100.00,,
97.580932088,46307,,rD044,52726861,100.00,,
97.580932088,840990,,rFF44,52720921,100.00,,
97.580932088,772603980,,instructions,52716111,100.00,4.04,insn per cycle
97.580932088,191135733,,cycles,52711511,100.00,,
97.681115961,46818,,rD044,52162691,100.00,,
97.681115961,853878,,rFF44,52162691,100.00,,
97.681115961,758370272,,instructions,52162691,100.00,4.01,insn per cycle
97.681115961,188932339,,cycles,52162691,100.00,,
97.781290054,46540,,rD044,52030590,100.00,,
97.781290054,849521,,rFF44,52030590,100.00,,
97.781290054,758840344,,instructions,52030590,100.00,4.03,insn per cycle
97.781290054,188454226,,cycles,52030590,100.00,,
97.881468936,16047,,rD044,51730802,100.00,,
97.881468936,801361,,rFF44,51730802,100.00,,
97.881468936,759780077,,instructions,51730802,100.00,4.06,insn per cycle
97.881468936,187259916,,cycles,51730802,100.00,,
97.981644249,46639,,rD044,52324627,100.00,,
97.981644249,831190,,rFF44,52324627,100.00,,
97.981644249,762975102,,instructions,52324627,100.00,4.02,insn per cycle
97.981644249,189586280,,cycles,52324627,100.00,,
98.081820251,46891,,rD044,52992234,100.00,,
98.081820251,834612,,rFF44,52997894,100.00,,
98.081820251,771888176,,instructions,53002574,100.00,4.02,insn per cycle
98.081820251,192244018,,cycles,53007054,100.00,,
98.182008214,46575,,rD044,53065949,100.00,,
98.182008214,841077,,rFF44,53065609,100.00,,
98.182008214,781420913,,instructions,53065709,100.00,4.06,insn per cycle
98.182008214,192486908,,cycles,53065839,100.00,,
98.282198896,46583,,rD044,52721900,100.00,,
98.282198896,820265,,rFF44,52716580,100.00,,
98.282198896,783033286,,instructions,52711800,100.00,4.10,insn per cycle
98.282198896,191087227,,cycles,52707190,100.00,,
98.382375569,47254,,rD044,51209088,100.00,,
98.382375569,860889,,rFF44,51209088,100.00,,
98.382375569,760790119,,instructions,51209088,100.00,4.11,insn per cycle
98.382375569,185256487,,cycles,51209088,100.00,,
98.482552671,46742,,rD044,51554763,100.00,,
98.482552671,842110,,rFF44,51554763,100.00,,
98.482552671,760948247,,instructions,51554763,100.00,4.08,insn per cycle
98.482552671,186636225,,cycles,51554763,100.00,,
98.582729274,16579,,rD044,51281404,100.00,,
98.582729274,823702,,rFF44,51281404,100.00,,
98.582729274,761512112,,instructions,51281404,100.00,4.11,insn per cycle
98.582729274,185477629,,cycles,51281404,100.00,,
98.682909117,46497,,rD044,52690393,100.00,,
98.682909117,847283,,rFF44,52696203,100.00,,
98.682909117,785924896,,instructions,52700953,100.00,4.11,insn per cycle
98.682909117,191029571,,cycles,52705653,100.00,,
98.783098179,46577,,rD044,53044437,100.00,,
98.783098179,856010,,rFF44,53061178,100.00,,
98.783098179,794553676,,instructions,53061298,100.00,4.13,insn per cycle
98.783098179,192401588,,cycles,53061568,100.00,,
98.883318992,46680,,rD044,51659488,100.00,,
98.883318992,849140,,rFF44,51636937,100.00,,
98.883318992,772551483,,instructions,51632067,100.00,4.13,insn per cycle
98.883318992,186916823,,cycles,51627097,100.00,,
98.983495025,46833,,rD044,51262056,100.00,,
98.983495025,828974,,rFF44,51262056,100.00,,
98.983495025,762867359,,instructions,51262056,100.00,4.11,insn per cycle
98.983495025,185403072,,cycles,51262056,100.00,,
99.083672717,47162,,rD044,51522906,100.00,,
99.083672717,847934,,rFF44,51527996,100.00,,
99.083672717,765738128,,instructions,51533246,100.00,4.11,insn per cycle
99.083672717,186475080,,cycles,51538156,100.00,,
99.183866580,46195,,rD044,53234108,100.00,,
99.183866580,842344,,rFF44,53234318,100.00,,
99.183866580,798601176,,instructions,53233818,100.00,4.14,insn per cycle
99.183866580,193110199,,cycles,53234328,100.00,,
99.284058693,46613,,rD044,52595747,100.00,,
99.284058693,846715,,rFF44,52594717,100.00,,
99.284058693,788201252,,instructions,52589967,100.00,4.13,insn per cycle
99.284058693,190639735,,cycles,52584547,100.00,,
99.384257235,16986,,rD044,51036990,100.00,,
99.384257235,837981,,rFF44,51032720,100.00,,
99.384257235,761670157,,instructions,51032720,100.00,4.13,insn per cycle
99.384257235,184519555,,cycles,51032720,100.00,,
99.484432218,47615,,rD044,51440618,100.00,,
99.484432218,869631,,rFF44,51440618,100.00,,
99.484432218,763116849,,instructions,51440618,100.00,4.10,insn per cycle
99.484432218,186046146,,cycles,51440618,100.00,,
99.584605710,46911,,rD044,52798093,100.00,,
99.584605710,856177,,rFF44,52803713,100.00,,
99.584605710,784291397,,instructions,52808143,100.00,4.10,insn per cycle
99.584605710,191392254,,cycles,52813353,100.00,,
99.684795853,47118,,rD044,52924138,100.00,,
99.684795853,843424,,rFF44,52923848,100.00,,
99.684795853,798632998,,instructions,52925028,100.00,4.16,insn per cycle
99.684795853,191903406,,cycles,52926118,100.00,,
99.784986406,47166,,rD044,51653165,100.00,,
99.784986406,822161,,rFF44,51647835,100.00,,
99.784986406,770866739,,instructions,51642225,100.00,4.12,insn per cycle
99.784986406,186883801,,cycles,51635925,100.00,,
99.885161228,46990,,rD044,51261613,100.00,,
99.885161228,855528,,rFF44,51261613,100.00,,
99.885161228,762158252,,instructions,51261613,100.00,4.11,insn per cycle
99.885161228,185448420,,cycles,51261613,100.00,,
99.985337561,47053,,rD044,51409755,100.00,,
99.985337561,866279,,rFF44,51414955,100.00,,
99.985337561,761960750,,instructions,51420495,100.00,4.09,insn per cycle
99.985337561,186077193,,cycles,51425095,100.00,,
100.085526843,46118,,rD044,52754546,100.00,,
100.085526843,846631,,rFF44,52755146,100.00,,
100.085526843,793924389,,instructions,52754586,100.00,4.15,insn per cycle
100.085526843,191262125,,cycles,52754266,100.00,,
100.185716926,16057,,rD044,52647199,100.00,,
100.185716926,806772,,rFF44,52641399,100.00,,
100.185716926,794406860,,instructions,52636419,100.00,4.16,insn per cycle
100.185716926,190815816,,cycles,52632139,100.00,,
100.285892198,46612,,rD044,50967090,100.00,,
100.285892198,839770,,rFF44,50967090,100.00,,
100.285892198,761876839,,instructions,50967090,100.00,4.13,insn per cycle
100.285892198,184327412,,cycles,50967090,100.00,,
100.386067471,47269,,rD044,51255572,100.00,,
100.386067471,856167,,rFF44,51255572,100.00,,
100.386067471,761441361,,instructions,51255572,100.00,4.11,insn per cycle
100.386067471,185404094,,cycles,51255572,100.00,,
100.486275724,47229,,rD044,52221344,100.00,,
100.486275724,862516,,rFF44,52227214,100.00,,
100.486275724,780670397,,instructions,52232694,100.00,4.13,insn per cycle
100.486275724,189232548,,cycles,52237444,100.00,,
100.586464856,46286,,rD044,52693058,100.00,,
100.586464856,823281,,rFF44,52692028,100.00,,
100.586464856,793825970,,instructions,52691378,100.00,4.15,insn per cycle
100.586464856,191061646,,cycles,52691778,100.00,,
100.686655219,46649,,rD044,51954210,100.00,,
100.686655219,848314,,rFF44,51949370,100.00,,
100.686655219,773176287,,instructions,51944540,100.00,4.11,insn per cycle
100.686655219,188156528,,cycles,51939390,100.00,,
100.786830692,46716,,rD044,51259834,100.00,,
100.786830692,835180,,rFF44,51259834,100.00,,
100.786830692,759625412,,instructions,51259834,100.00,4.09,insn per cycle
100.786830692,185591660,,cycles,51259834,100.00,,
100.887006564,47291,,rD044,51354750,100.00,,
100.887006564,846421,,rFF44,51354750,100.00,,
100.887006564,760779849,,instructions,51354750,100.00,4.09,insn per cycle
100.887006564,185811993,,cycles,51363110,100.00,,
100.987191867,16098,,rD044,52291832,100.00,,
100.987191867,810746,,rFF44,52297332,100.00,,
100.987191867,778462982,,instructions,52302262,100.00,4.11,insn per cycle
100.987191867,189489224,,cycles,52299872,100.00,,
101.087382619,46537,,rD044,53125428,100.00,,
101.087382619,847271,,rFF44,53125498,100.00,,
101.087382619,796548801,,instructions,53126128,100.00,4.13,insn per cycle
101.087382619,192722065,,cycles,53125208,100.00,,
101.187571392,46768,,rD044,51981114,100.00,,
101.187571392,849966,,rFF44,51975544,100.00,,
101.187571392,769485123,,instructions,51969984,100.00,4.09,insn per cycle
101.187571392,188271448,,cycles,51964934,100.00,,
101.287747025,46758,,rD044,51169578,100.00,,
101.287747025,836732,,rFF44,51169578,100.00,,
101.287747025,756162775,,instructions,51169578,100.00,4.08,insn per cycle
101.287747025,185148115,,cycles,51169578,100.00,,
101.387923087,47079,,rD044,51150206,100.00,,
101.387923087,811610,,rFF44,51150206,100.00,,
101.387923087,749697034,,instructions,51150206,100.00,4.05,insn per cycle
101.387923087,185023149,,cycles,51150206,100.00,,
101.488098430,46445,,rD044,52961078,100.00,,
101.488098430,835626,,rFF44,52966868,100.00,,
101.488098430,791552547,,instructions,52971618,100.00,4.12,insn per cycle
101.488098430,192134993,,cycles,52976008,100.00,,
101.588309123,46841,,rD044,53329178,100.00,,
101.588309123,860320,,rFF44,53328668,100.00,,
101.588309123,794097262,,instructions,53328338,100.00,4.11,insn per cycle
101.588309123,193420350,,cycles,53328958,100.00,,
101.688497235,46951,,rD044,51781384,100.00,,
101.688497235,855525,,rFF44,51783524,100.00,,
101.688497235,762412385,,instructions,51783114,100.00,4.07,insn per cycle
101.688497235,187516072,,cycles,51778104,100.00,,
101.788687578,16390,,rD044,51467492,100.00,,
101.788687578,821284,,rFF44,51460072,100.00,,
101.788687578,760840277,,instructions,51456062,100.00,4.09,insn per cycle
101.788687578,186205719,,cycles,51456062,100.00,,
101.888870430,47167,,rD044,51794424,100.00,,
101.888870430,852246,,rFF44,51794424,100.00,,
101.888870430,761892236,,instructions,51794424,100.00,4.06,insn per cycle
101.888870430,187486015,,cycles,51794424,100.00,,
101.989046563,46408,,rD044,52995497,100.00,,
101.989046563,833720,,rFF44,53000777,100.00,,
101.989046563,787778287,,instructions,53005647,100.00,4.10,insn per cycle
101.989046563,192250020,,cycles,53010717,100.00,,
102.089284976,46506,,rD044,52982014,100.00,,
102.089284976,842093,,rFF44,52982704,100.00,,
102.089284976,782138679,,instructions,52982994,100.00,4.07,insn per cycle
102.089284976,192132010,,cycles,52982874,100.00,,
102.189477029,46440,,rD044,52680857,100.00,,
102.189477029,816341,,rFF44,52674887,100.00,,
102.189477029,781000971,,instructions,52669727,100.00,4.09,insn per cycle
102.189477029,190976897,,cycles,52664777,100.00,,
102.289653201,46723,,rD044,51701449,100.00,,
102.289653201,857905,,rFF44,51701449,100.00,,
102.289653201,760917420,,instructions,51701449,100.00,4.06,insn per cycle
102.289653201,187205183,,cycles,51709569,100.00,,
102.389838004,47021,,rD044,51799406,100.00,,
102.389838004,855637,,rFF44,51799406,100.00,,
102.389838004,761086256,,instructions,51807716,100.00,4.06,insn per cycle
102.389838004,187525763,,cycles,51804276,100.00,,
102.490026307,16325,,rD044,51372207,100.00,,
102.490026307,807237,,rFF44,51378127,100.00,,
102.490026307,761295290,,instructions,51374677,100.00,4.09,insn per cycle
102.490026307,185917250,,cycles,51374547,100.00,,
102.590232339,46889,,rD044,53346963,100.00,,
102.590232339,847073,,rFF44,53346783,100.00,,
102.590232339,796441657,,instructions,53346933,100.00,4.12,insn per cycle
102.590232339,193519338,,cycles,53347933,100.00,,
102.690423412,46759,,rD044,52818810,100.00,,
102.690423412,842204,,rFF44,52813070,100.00,,
102.690423412,795108802,,instructions,52808060,100.00,4.15,insn per cycle
102.690423412,191488772,,cycles,52802510,100.00,,
102.790597234,47707,,rD044,51194954,100.00,,
102.790597234,864405,,rFF44,51194954,100.00,,
102.790597234,760991552,,instructions,51194954,100.00,4.11,insn per cycle
102.790597234,185151184,,cycles,51194954,100.00,,
102.890771037,46997,,rD044,51249857,100.00,,
102.890771037,866029,,rFF44,51249857,100.00,,
102.890771037,761745061,,instructions,51249857,100.00,4.11,insn per cycle
102.890771037,185351288,,cycles,51249857,100.00,,
102.990946710,47015,,rD044,53013037,100.00,,
102.990946710,830071,,rFF44,53018567,100.00,,
102.990946710,797245032,,instructions,53023567,100.00,4.15,insn per cycle
102.990946710,192275757,,cycles,53028147,100.00,,
103.091134782,46306,,rD044,52149464,100.00,,
103.091134782,837468,,rFF44,52149694,100.00,,
103.091134782,780750086,,instructions,52149324,100.00,4.13,insn per cycle
103.091134782,189027494,,cycles,52150064,100.00,,
103.191322475,46538,,rD044,51674944,100.00,,
103.191322475,833198,,rFF44,51669184,100.00,,
103.191322475,773627299,,instructions,51664554,100.00,4.14,insn per cycle
103.191322475,187086801,,cycles,51659234,100.00,,
103.291499137,46957,,rD044,51071620,100.00,,
103.291499137,847369,,rFF44,51071620,100.00,,
103.291499137,761199196,,instructions,51071620,100.00,4.12,insn per cycle
103.291499137,184720657,,cycles,51071620,100.00,,
103.391673850,16165,,rD044,51566666,100.00,,
103.391673850,826394,,rFF44,51571786,100.00,,
103.391673850,773378809,,instructions,51576566,100.00,4.14,insn per cycle
103.391673850,186653162,,cycles,51581666,100.00,,
103.491862412,46554,,rD044,53035423,100.00,,
103.491862412,859935,,rFF44,53035623,100.00,,
103.491862412,798073708,,instructions,53035684,100.00,4.15,insn per cycle
103.491862412,192376698,,cycles,53035734,100.00,,
103.592051395,47040,,rD044,52198878,100.00,,
103.592051395,841047,,rFF44,52198848,100.00,,
103.592051395,780076703,,instructions,52199287,100.00,4.12,insn per cycle
103.592051395,189119863,,cycles,52194137,100.00,,
103.692281988,47491,,rD044,51119861,100.00,,
103.692281988,840392,,rFF44,51114571,100.00,,
103.692281988,761529971,,instructions,51109291,100.00,4.12,insn per cycle
103.692281988,184856404,,cycles,51109291,100.00,,
103.792463151,46818,,rD044,51314202,100.00,,
103.792463151,814786,,rFF44,51319092,100.00,,
103.792463151,767392070,,instructions,51324152,100.00,4.13,insn per cycle
103.792463151,185673855,,cycles,51329402,100.00,,
103.892652923,46550,,rD044,53225791,100.00,,
103.892652923,853079,,rFF44,53226561,100.00,,
103.892652923,799845144,,instructions,53225711,100.00,4.14,insn per cycle
103.892652923,193102013,,cycles,53225281,100.00,,
103.992841546,46671,,rD044,52288891,100.00,,
103.992841546,853314,,rFF44,52289011,100.00,,
103.992841546,785373989,,instructions,52287891,100.00,4.14,insn per cycle
103.992841546,189510907,,cycles,52283071,100.00,,
104.093028209,46920,,rD044,51062960,100.00,,
104.093028209,847026,,rFF44,51057180,100.00,,
104.093028209,760962958,,instructions,51054090,100.00,4.12,insn per cycle
104.093028209,184647843,,cycles,51054090,100.00,,
104.193201781,16408,,rD044,51116821,100.00,,
104.193201781,812078,,rFF44,51122071,100.00,,
104.193201781,771456343,,instructions,51126771,100.00,4.17,insn per cycle
104.193201781,184950686,,cycles,51131951,100.00,,
104.293393294,46687,,rD044,52968588,100.00,,
104.293393294,835366,,rFF44,52968418,100.00,,
104.293393294,800121518,,instructions,52968488,100.00,4.16,insn per cycle
104.293393294,192131991,,cycles,52969398,100.00,,
104.393584017,46779,,rD044,52099843,100.00,,
104.393584017,833082,,rFF44,52094763,100.00,,
104.393584017,775266644,,instructions,52089993,100.00,4.11,insn per cycle
104.393584017,188775988,,cycles,52083903,100.00,,
104.493761879,46902,,rD044,51087669,100.00,,
104.493761879,849920,,rFF44,51087669,100.00,,
104.493761879,760727801,,instructions,51087669,100.00,4.12,insn per cycle
104.493761879,184767354,,cycles,51087669,100.00,,
104.593938302,47184,,rD044,51132015,100.00,,
104.593938302,831466,,rFF44,51137145,100.00,,
104.593938302,773478334,,instructions,51142125,100.00,4.18,insn per cycle
104.593938302,185008815,,cycles,51147165,100.00,,
104.694125274,46977,,rD044,53026217,100.00,,
104.694125274,845092,,rFF44,53026367,100.00,,
104.694125274,808448545,,instructions,53026277,100.00,4.20,insn per cycle
104.694125274,192363862,,cycles,53026247,100.00,,
104.794316437,46816,,rD044,51028542,100.00,,
104.794316437,835609,,rFF44,51023262,100.00,,
104.794316437,773954487,,instructions,51018372,100.00,4.19,insn per cycle
104.794316437,184630978,,cycles,51013362,100.00,,
104.894491209,47125,,rD044,50592663,100.00,,
104.894491209,847577,,rFF44,50597913,100.00,,
104.894491209,768053198,,instructions,50602903,100.00,4.20,insn per cycle
104.894491209,182903033,,cycles,50607763,100.00,,
104.994682342,46598,,rD044,52923757,100.00,,
104.994682342,843948,,rFF44,52923677,100.00,,
104.994682342,808574568,,instructions,52923447,100.00,4.21,insn per cycle
104.994682342,191923544,,cycles,52923247,100.00,,
105.094873085,16539,,rD044,51125812,100.00,,
105.094873085,823118,,rFF44,51127842,100.00,,
105.094873085,779497663,,instructions,51128612,100.00,4.21,insn per cycle
105.094873085,184975576,,cycles,51123952,100.00,,
105.195065268,47397,,rD044,50885799,100.00,,
105.195065268,869174,,rFF44,50886509,100.00,,
105.195065268,761639820,,instructions,50885619,100.00,4.14,insn per cycle
105.195065268,183964716,,cycles,50888409,100.00,,
105.295292701,46461,,rD044,53022560,100.00,,
105.295292701,850276,,rFF44,53019900,100.00,,
105.295292701,803113507,,instructions,53019940,100.00,4.18,insn per cycle
105.295292701,192296751,,cycles,53021790,100.00,,
105.395483663,46698,,rD044,52052866,100.00,,
105.395483663,829971,,rFF44,52053106,100.00,,
105.395483663,785581382,,instructions,52053686,100.00,4.16,insn per cycle
105.395483663,188698147,,cycles,52054026,100.00,,
105.495675656,46614,,rD044,50869512,100.00,,
105.495675656,810351,,rFF44,50864022,100.00,,
105.495675656,763963135,,instructions,50858762,100.00,4.15,insn per cycle
105.495675656,183917356,,cycles,50853782,100.00,,
105.595860398,47043,,rD044,51166398,100.00,,
105.595860398,861439,,rFF44,51166398,100.00,,
105.595860398,762255959,,instructions,51166398,100.00,4.12,insn per cycle
105.595860398,185060607,,cycles,51166398,100.00,,
105.696035121,46553,,rD044,52870016,100.00,,
105.696035121,860479,,rFF44,52875246,100.00,,
105.696035121,794820579,,instructions,52880287,100.00,4.15,insn per cycle
105.696035121,191747874,,cycles,52885007,100.00,,
105.796237973,46415,,rD044,53024581,100.00,,
105.796237973,855191,,rFF44,53019351,100.00,,
105.796237973,793874223,,instructions,53014310,100.00,4.13,insn per cycle
105.796237973,192253522,,cycles,53009590,100.00,,
105.896413366,16402,,rD044,50945334,100.00,,
105.896413366,808024,,rFF44,50945334,100.00,,
105.896413366,761666885,,instructions,50945334,100.00,4.13,insn per cycle
105.896413366,184246039,,cycles,50945334,100.00,,
105.996589098,47429,,rD044,51128018,100.00,,
105.996589098,851298,,rFF44,51128018,100.00,,
105.996589098,760471840,,instructions,51128018,100.00,4.11,insn per cycle
105.996589098,184865666,,cycles,51128018,100.00,,
106.096766881,46888,,rD044,52839284,100.00,,
106.096766881,846925,,rFF44,52844234,100.00,,
106.096766881,805842247,,instructions,52849534,100.00,4.20,insn per cycle
106.096766881,191661257,,cycles,52854534,100.00,,
106.196957074,46482,,rD044,51998274,100.00,,
106.196957074,849507,,rFF44,51993324,100.00,,
106.196957074,786760631,,instructions,51996154,100.00,4.18,insn per cycle
106.196957074,188389446,,cycles,51995434,100.00,,
106.297144616,47259,,rD044,50795625,100.00,,
106.297144616,833118,,rFF44,50795625,100.00,,
106.297144616,760607218,,instructions,50787495,100.00,4.14,insn per cycle
106.297144616,183564813,,cycles,50783215,100.00,,
106.397321309,46560,,rD044,51803604,100.00,,
106.397321309,848062,,rFF44,51809354,100.00,,
106.397321309,776333607,,instructions,51814184,100.00,4.14,insn per cycle
106.397321309,187629895,,cycles,51818294,100.00,,
106.497510831,46566,,rD044,52869783,100.00,,
106.497510831,836163,,rFF44,52869103,100.00,,
106.497510831,794250920,,instructions,52869543,100.00,4.14,insn per cycle
106.497510831,191731715,,cycles,52870443,100.00,,
106.597701914,46891,,rD044,51589953,100.00,,
106.597701914,831934,,rFF44,51584883,100.00,,
106.597701914,770443894,,instructions,51579613,100.00,4.12,insn per cycle
106.597701914,186797939,,cycles,51574603,100.00,,
106.697875346,16757,,rD044,50951241,100.00,,
106.697875346,817722,,rFF44,50956531,100.00,,
106.697875346,750739129,,instructions,50960121,100.00,4.07,insn per cycle
106.697875346,184248465,,cycles,50960121,100.00,,
106.798064889,46776,,rD044,51933332,100.00,,
106.798064889,854421,,rFF44,51933602,100.00,,
106.798064889,781519866,,instructions,51934562,100.00,4.15,insn per cycle
106.798064889,188106000,,cycles,51939272,100.00,,
106.898286512,46137,,rD044,52882172,100.00,,
106.898286512,838772,,rFF44,52882332,100.00,,
106.898286512,779816698,,instructions,52882802,100.00,4.07,insn per cycle
106.898286512,191805277,,cycles,52882712,100.00,,
106.998475995,46391,,rD044,52437026,100.00,,
106.998475995,829973,,rFF44,52437016,100.00,,
106.998475995,770521578,,instructions,52437016,100.00,4.05,insn per cycle
106.998475995,190154150,,cycles,52436667,100.00,,
107.098666298,46613,,rD044,51630020,100.00,,
107.098666298,791074,,rFF44,51627150,100.00,,
107.098666298,757014006,,instructions,51622130,100.00,4.05,insn per cycle
107.098666298,186889509,,cycles,51617859,100.00,,
107.198848980,46643,,rD044,51844616,100.00,,
107.198848980,840058,,rFF44,51841776,100.00,,
107.198848980,755909299,,instructions,51841776,100.00,4.03,insn per cycle
107.198848980,187677467,,cycles,51850556,100.00,,
107.299033593,46839,,rD044,51801439,100.00,,
107.299033593,843844,,rFF44,51801439,100.00,,
107.299033593,754828380,,instructions,51801439,100.00,4.02,insn per cycle
107.299033593,187550868,,cycles,51792659,100.00,,
107.399207885,16081,,rD044,52301092,100.00,,
107.399207885,825884,,rFF44,52306912,100.00,,
107.399207885,768859105,,instructions,52311722,100.00,4.06,insn per cycle
107.399207885,189583323,,cycles,52316512,100.00,,
107.499397608,46443,,rD044,52860691,100.00,,
107.499397608,842355,,rFF44,52860131,100.00,,
107.499397608,775926009,,instructions,52859841,100.00,4.05,insn per cycle
107.499397608,191718780,,cycles,52859471,100.00,,
107.599585801,46561,,rD044,53037103,100.00,,
107.599585801,839048,,rFF44,53037023,100.00,,
107.599585801,778180569,,instructions,53037283,100.00,4.05,insn per cycle
107.599585801,192343908,,cycles,53037673,100.00,,
107.699773533,46537,,rD044,52069050,100.00,,
107.699773533,826581,,rFF44,52069090,100.00,,
107.699773533,762059164,,instructions,52069310,100.00,4.04,insn per cycle
107.699773533,188747604,,cycles,52068940,100.00,,
107.799965056,46525,,rD044,51599435,100.00,,
107.799965056,797850,,rFF44,51594215,100.00,,
107.799965056,755043532,,instructions,51589215,100.00,4.04,insn per cycle
107.799965056,186783323,,cycles,51584775,100.00,,
107.900142438,46975,,rD044,51840170,100.00,,
107.900142438,850144,,rFF44,51840170,100.00,,
107.900142438,754657401,,instructions,51840170,100.00,4.02,insn per cycle
107.900142438,187685460,,cycles,51840170,100.00,,
108.000319381,46879,,rD044,51741236,100.00,,
108.000319381,855804,,rFF44,51745086,100.00,,
108.000319381,755143943,,instructions,51745086,100.00,4.03,insn per cycle
108.000319381,187350701,,cycles,51745086,100.00,,
108.100506423,15884,,rD044,52340676,100.00,,
108.100506423,805849,,rFF44,52341926,100.00,,
108.100506423,770532779,,instructions,52347256,100.00,4.06,insn per cycle
108.100506423,189725307,,cycles,52352086,100.00,,
108.200696386,46629,,rD044,53064555,100.00,,
108.200696386,831373,,rFF44,53064845,100.00,,
108.200696386,781584216,,instructions,53064325,100.00,4.06,insn per cycle
108.200696386,192501982,,cycles,53064395,100.00,,
108.300887409,46522,,rD044,52907165,100.00,,
108.300887409,832208,,rFF44,52901775,100.00,,
108.300887409,778204302,,instructions,52896965,100.00,4.06,insn per cycle
108.300887409,191836080,,cycles,52892065,100.00,,
108.401063551,47028,,rD044,51745508,100.00,,
108.401063551,842626,,rFF44,51748998,100.00,,
108.401063551,755906343,,instructions,51748998,100.00,4.03,insn per cycle
108.401063551,187403521,,cycles,51748998,100.00,,
108.501284004,46873,,rD044,51369909,100.00,,
108.501284004,813409,,rFF44,51371280,100.00,,
108.501284004,755510787,,instructions,51375550,100.00,4.06,insn per cycle
108.501284004,185967781,,cycles,51378890,100.00,,
108.601473077,47018,,rD044,51228269,100.00,,
108.601473077,864987,,rFF44,51229268,100.00,,
108.601473077,764864734,,instructions,51230388,100.00,4.13,insn per cycle
108.601473077,185344034,,cycles,51231588,100.00,,
108.701665800,46612,,rD044,53169169,100.00,,
108.701665800,852526,,rFF44,53168879,100.00,,
108.701665800,809272157,,instructions,53168869,100.00,4.20,insn per cycle
108.701665800,192884426,,cycles,53168979,100.00,,
108.801856523,47016,,rD044,51139341,100.00,,
108.801856523,839574,,rFF44,51138371,100.00,,
108.801856523,774104725,,instructions,51132991,100.00,4.18,insn per cycle
108.801856523,184999686,,cycles,51128341,100.00,,
108.902042305,16787,,rD044,50584617,100.00,,
108.902042305,819633,,rFF44,50584577,100.00,,
108.902042305,764830603,,instructions,50589317,100.00,4.18,insn per cycle
108.902042305,182854988,,cycles,50593897,100.00,,
109.002248568,46959,,rD044,53007375,100.00,,
109.002248568,857063,,rFF44,53008635,100.00,,
109.002248568,805026304,,instructions,53008995,100.00,4.19,insn per cycle
109.002248568,192268916,,cycles,53009445,100.00,,
109.102439201,46498,,rD044,51391372,100.00,,
109.102439201,852707,,rFF44,51385552,100.00,,
109.102439201,779211830,,instructions,51380452,100.00,4.19,insn per cycle
109.102439201,185975195,,cycles,51375422,100.00,,
109.202616233,47138,,rD044,50799312,100.00,,
109.202616233,854382,,rFF44,50799312,100.00,,
109.202616233,763599429,,instructions,50799312,100.00,4.16,insn per cycle
109.202616233,183694601,,cycles,50799312,100.00,,
109.302792486,36971,,rD044,50798732,100.00,,
109.302792486,816239,,rFF44,50798732,100.00,,
109.302792486,759289120,,instructions,50798732,100.00,4.13,insn per cycle
109.302792486,183891277,,cycles,50798732,100.00,,
109.402968428,34728,,rD044,50978083,100.00,,
109.402968428,847287,,rFF44,50978083,100.00,,
109.402968428,753337996,,instructions,50978083,100.00,4.08,insn per cycle
109.402968428,184514818,,cycles,50978083,100.00,,
109.503143941,35335,,rD044,50530920,100.00,,
109.503143941,848476,,rFF44,50536460,100.00,,
109.503143941,762094590,,instructions,50541230,100.00,4.17,insn per cycle
109.503143941,182686198,,cycles,50543890,100.00,,
109.603339523,35036,,rD044,51912960,100.00,,
109.603339523,846170,,rFF44,51913160,100.00,,
109.603339523,787784331,,instructions,51913530,100.00,4.19,insn per cycle
109.603339523,188051159,,cycles,51915400,100.00,,
109.703531086,35103,,rD044,52523541,100.00,,
109.703531086,862927,,rFF44,52517801,100.00,,
109.703531086,805903634,,instructions,52512661,100.00,4.23,insn per cycle
109.703531086,190415629,,cycles,52508131,100.00,,
109.803705349,4755,,rD044,50666513,100.00,,
109.803705349,828574,,rFF44,50666513,100.00,,
109.803705349,763954605,,instructions,50666513,100.00,4.17,insn per cycle
109.803705349,183118488,,cycles,50666513,100.00,,
109.903877761,34838,,rD044,51109432,100.00,,
109.903877761,844956,,rFF44,51115152,100.00,,
109.903877761,762474205,,instructions,51120042,100.00,4.12,insn per cycle
109.903877761,184908522,,cycles,51125242,100.00,,
110.004068534,34895,,rD044,52914507,100.00,,
110.004068534,838483,,rFF44,52913827,100.00,,
110.004068534,800792952,,instructions,52914137,100.00,4.17,insn per cycle
110.004068534,191917088,,cycles,52913338,100.00,,
110.104290297,34946,,rD044,51809647,100.00,,
110.104290297,839721,,rFF44,51804607,100.00,,
110.104290297,768688732,,instructions,51799407,100.00,4.10,insn per cycle
110.104290297,187628936,,cycles,51795006,100.00,,
110.204464740,35301,,rD044,50281978,100.00,,
110.204464740,834043,,rFF44,50281978,100.00,,
110.204464740,757202737,,instructions,50281978,100.00,4.17,insn per cycle
110.204464740,181664035,,cycles,50290138,100.00,,
110.304651552,34607,,rD044,52110110,100.00,,
110.304651552,862669,,rFF44,52115230,100.00,,
110.304651552,794226751,,instructions,52119910,100.00,4.21,insn per cycle
110.304651552,188838314,,cycles,52116240,100.00,,
110.404843335,35281,,rD044,52185807,100.00,,
110.404843335,850422,,rFF44,52180687,100.00,,
110.404843335,798475072,,instructions,52176007,100.00,4.22,insn per cycle
110.404843335,189112908,,cycles,52171517,100.00,,
110.505019557,34933,,rD044,50401368,100.00,,
110.505019557,852018,,rFF44,50401368,100.00,,
110.505019557,759865217,,instructions,50401368,100.00,4.17,insn per cycle
110.505019557,182147285,,cycles,50401368,100.00,,
110.605195660,4319,,rD044,51435613,100.00,,
110.605195660,823831,,rFF44,51441293,100.00,,
110.605195660,785294178,,instructions,51446293,100.00,4.22,insn per cycle
110.605195660,186197673,,cycles,51450943,100.00,,
110.705383652,34704,,rD044,52784961,100.00,,
110.705383652,848156,,rFF44,52779281,100.00,,
110.705383652,807684800,,instructions,52774281,100.00,4.22,insn per cycle
110.705383652,191372378,,cycles,52769631,100.00,,
110.805558365,35151,,rD044,50771998,100.00,,
110.805558365,854708,,rFF44,50771998,100.00,,
110.805558365,762373512,,instructions,50771998,100.00,4.15,insn per cycle
110.805558365,183619449,,cycles,50771998,100.00,,
110.905734347,34987,,rD044,51293015,100.00,,
110.905734347,858750,,rFF44,51293015,100.00,,
110.905734347,753819822,,instructions,51293015,100.00,4.06,insn per cycle
110.905734347,185609814,,cycles,51293015,100.00,,
111.005909600,34972,,rD044,52135198,100.00,,
111.005909600,811694,,rFF44,52140718,100.00,,
111.005909600,772404051,,instructions,52145688,100.00,4.09,insn per cycle
111.005909600,188930846,,cycles,52151038,100.00,,
111.106102683,34862,,rD044,52840456,100.00,,
111.106102683,833601,,rFF44,52840446,100.00,,
111.106102683,781632284,,instructions,52840046,100.00,4.08,insn per cycle
111.106102683,191609002,,cycles,52839476,100.00,,
111.206324136,34815,,rD044,52899195,100.00,,
111.206324136,831153,,rFF44,52899705,100.00,,
111.206324136,780825562,,instructions,52900295,100.00,4.07,insn per cycle
111.206324136,191833596,,cycles,52900325,100.00,,
111.306515038,35178,,rD044,52060063,100.00,,
111.306515038,834329,,rFF44,52054043,100.00,,
111.306515038,769162583,,instructions,52048883,100.00,4.08,insn per cycle
111.306515038,188619270,,cycles,52044073,100.00,,
111.406689421,4882,,rD044,51470910,100.00,,
111.406689421,824886,,rFF44,51470910,100.00,,
111.406689421,762324009,,instructions,51470910,100.00,4.09,insn per cycle
111.406689421,186289404,,cycles,51470910,100.00,,
111.506864553,35074,,rD044,51824557,100.00,,
111.506864553,827403,,rFF44,51824557,100.00,,
111.506864553,757722498,,instructions,51824557,100.00,4.03,insn per cycle
111.506864553,187840600,,cycles,51824557,100.00,,
111.607039696,35000,,rD044,51868709,100.00,,
111.607039696,840995,,rFF44,51873749,100.00,,
111.607039696,760273165,,instructions,51873749,100.00,4.05,insn per cycle
111.607039696,187827928,,cycles,51873749,100.00,,
111.707240759,35004,,rD044,51234110,100.00,,
111.707240759,830720,,rFF44,51229070,100.00,,
111.707240759,760055431,,instructions,51229070,100.00,4.10,insn per cycle
111.707240759,185353515,,cycles,51229070,100.00,,
111.807416561,34946,,rD044,52769038,100.00,,
111.807416561,800075,,rFF44,52774198,100.00,,
111.807416561,791891754,,instructions,52779418,100.00,4.14,insn per cycle
111.807416561,191426610,,cycles,52784178,100.00,,
111.907605344,34736,,rD044,52686827,100.00,,
111.907605344,838931,,rFF44,52687257,100.00,,
111.907605344,788627142,,instructions,52686957,100.00,4.13,insn per cycle
111.907605344,191089031,,cycles,52686687,100.00,,
112.007795266,35188,,rD044,51765310,100.00,,
112.007795266,857651,,rFF44,51759720,100.00,,
112.007795266,765177293,,instructions,51754800,100.00,4.08,insn per cycle
112.007795266,187445425,,cycles,51750310,100.00,,
112.107971709,35054,,rD044,50673975,100.00,,
112.107971709,857553,,rFF44,50673975,100.00,,
112.107971709,760605204,,instructions,50673975,100.00,4.15,insn per cycle
112.107971709,183175215,,cycles,50673975,100.00,,
112.208144801,4287,,rD044,51942067,100.00,,
112.208144801,813335,,rFF44,51948037,100.00,,
112.208144801,798119479,,instructions,51952737,100.00,4.24,insn per cycle
112.208144801,188179326,,cycles,51957777,100.00,,
112.308336364,35005,,rD044,52058234,100.00,,
112.308336364,834510,,rFF44,52052264,100.00,,
112.308336364,795965662,,instructions,52047564,100.00,4.22,insn per cycle
112.308336364,188584011,,cycles,52042524,100.00,,
112.408510917,35267,,rD044,50598105,100.00,,
112.408510917,850729,,rFF44,50598105,100.00,,
112.408510917,755145460,,instructions,50598105,100.00,4.13,insn per cycle
112.408510917,182904443,,cycles,50598105,100.00,,
112.508687069,35198,,rD044,50836329,100.00,,
112.508687069,845073,,rFF44,50841519,100.00,,
112.508687069,754120486,,instructions,50847039,100.00,4.10,insn per cycle
112.508687069,183906255,,cycles,50851419,100.00,,
112.608877082,34668,,rD044,52805818,100.00,,
112.608877082,815239,,rFF44,52805968,100.00,,
112.608877082,799390572,,instructions,52805018,100.00,4.17,insn per cycle
112.608877082,191502638,,cycles,52805538,100.00,,
112.709066504,35100,,rD044,52582050,100.00,,
112.709066504,833395,,rFF44,52576710,100.00,,
112.709066504,783220048,,instructions,52572140,100.00,4.11,insn per cycle
112.709066504,190608239,,cycles,52567240,100.00,,
112.809278738,35061,,rD044,51278861,100.00,,
112.809278738,831522,,rFF44,51278861,100.00,,
112.809278738,760782464,,instructions,51278861,100.00,4.10,insn per cycle
112.809278738,185594492,,cycles,51278861,100.00,,
112.909454640,35076,,rD044,51732714,100.00,,
112.909454640,833942,,rFF44,51732714,100.00,,
112.909454640,760727497,,instructions,51732714,100.00,4.06,insn per cycle
112.909454640,187290475,,cycles,51732714,100.00,,
113.009630882,5371,,rD044,51436277,100.00,,
113.009630882,805848,,rFF44,51441447,100.00,,
113.009630882,759918442,,instructions,51446327,100.00,4.08,insn per cycle
113.009630882,186204219,,cycles,51451227,100.00,,
113.109821085,34852,,rD044,52745087,100.00,,
113.109821085,844122,,rFF44,52746007,100.00,,
113.109821085,795042989,,instructions,52746237,100.00,4.16,insn per cycle
113.109821085,191291109,,cycles,52746047,100.00,,
113.210012898,34750,,rD044,52572357,100.00,,
113.210012898,840762,,rFF44,52566267,100.00,,
113.210012898,788099796,,instructions,52561157,100.00,4.14,insn per cycle
113.210012898,190539748,,cycles,52556447,100.00,,
113.310189020,34984,,rD044,51329670,100.00,,
113.310189020,829202,,rFF44,51329670,100.00,,
113.310189020,759414666,,instructions,51329670,100.00,4.09,insn per cycle
113.310189020,185769396,,cycles,51329670,100.00,,
113.410363083,34872,,rD044,50851541,100.00,,
113.410363083,801165,,rFF44,50851541,100.00,,
113.410363083,754577370,,instructions,50851541,100.00,4.10,insn per cycle
113.410363083,183868609,,cycles,50851541,100.00,,
113.510537795,35252,,rD044,51914352,100.00,,
113.510537795,829129,,rFF44,51920082,100.00,,
113.510537795,770060325,,instructions,51924282,100.00,4.09,insn per cycle
113.510537795,188108778,,cycles,51929352,100.00,,
113.610733788,34621,,rD044,52664152,100.00,,
113.610733788,837826,,rFF44,52663923,100.00,,
113.610733788,781417203,,instructions,52665563,100.00,4.09,insn per cycle
113.610733788,190966785,,cycles,52665843,100.00,,
113.710926521,35007,,rD044,52530789,100.00,,
113.710926521,852618,,rFF44,52525288,100.00,,
113.710926521,785538974,,instructions,52519448,100.00,4.13,insn per cycle
113.710926521,190415721,,cycles,52514098,100.00,,
113.811102803,4246,,rD044,50904498,100.00,,
113.811102803,800000,,rFF44,50904498,100.00,,
113.811102803,761460909,,instructions,50904498,100.00,4.13,insn per cycle
113.811102803,184287311,,cycles,50904498,100.00,,
113.911292116,34822,,rD044,51297070,100.00,,
113.911292116,828864,,rFF44,51297070,100.00,,
113.911292116,761301734,,instructions,51297070,100.00,4.10,insn per cycle
113.911292116,185625991,,cycles,51297070,100.00,,
114.011465268,34965,,rD044,51487845,100.00,,
114.011465268,829420,,rFF44,51487845,100.00,,
114.011465268,759763796,,instructions,51487845,100.00,4.08,insn per cycle
114.011465268,186436749,,cycles,51487845,100.00,,
114.111640961,34711,,rD044,51487898,100.00,,
114.111640961,830563,,rFF44,51487898,100.00,,
114.111640961,759369495,,instructions,51487898,100.00,4.07,insn per cycle
114.111640961,186360334,,cycles,51487898,100.00,,
114.211816943,34898,,rD044,52903824,100.00,,
114.211816943,813772,,rFF44,52909164,100.00,,
114.211816943,792971828,,instructions,52913884,100.00,4.13,insn per cycle
114.211816943,191926135,,cycles,52918514,100.00,,
114.312007786,34726,,rD044,52811335,100.00,,
114.312007786,847891,,rFF44,52811225,100.00,,
114.312007786,789989550,,instructions,52811765,100.00,4.12,insn per cycle
114.312007786,191537771,,cycles,52812345,100.00,,
114.412197499,34788,,rD044,51950755,100.00,,
114.412197499,840856,,rFF44,51945525,100.00,,
114.412197499,767506917,,instructions,51940265,100.00,4.08,insn per cycle
114.412197499,188193731,,cycles,51935055,100.00,,
114.512373891,34859,,rD044,51647160,100.00,,
114.512373891,826054,,rFF44,51647160,100.00,,
114.512373891,757729102,,instructions,51647160,100.00,4.05,insn per cycle
114.512373891,187004399,,cycles,51647160,100.00,,
114.612548463,4324,,rD044,51250537,100.00,,
114.612548463,805040,,rFF44,51250537,100.00,,
114.612548463,760809912,,instructions,51250537,100.00,4.10,insn per cycle
114.612548463,185442042,,cycles,51250537,100.00,,
114.712725226,34697,,rD044,51562947,100.00,,
114.712725226,835176,,rFF44,51568137,100.00,,
114.712725226,768572155,,instructions,51573277,100.00,4.12,insn per cycle
114.712725226,186734435,,cycles,51578837,100.00,,
114.812916449,34836,,rD044,52946887,100.00,,
114.812916449,846428,,rFF44,52947117,100.00,,
114.812916449,792708827,,instructions,52946627,100.00,4.13,insn per cycle
114.812916449,192045104,,cycles,52946697,100.00,,
114.913118101,34994,,rD044,52525594,100.00,,
114.913118101,837199,,rFF44,52524924,100.00,,
114.913118101,780981388,,instructions,52525104,100.00,4.10,insn per cycle
114.913118101,190451067,,cycles,52524374,100.00,,
115.013308804,35234,,rD044,51578341,100.00,,
115.013308804,800206,,rFF44,51573591,100.00,,
115.013308804,766891599,,instructions,51568761,100.00,4.11,insn per cycle
115.013308804,186732832,,cycles,51563861,100.00,,
115.113480827,34996,,rD044,51625418,100.00,,
115.113480827,833379,,rFF44,51631558,100.00,,
115.113480827,758894298,,instructions,51631558,100.00,4.06,insn per cycle
115.113480827,186900546,,cycles,51631558,100.00,,
115.213666969,34858,,rD044,51587136,100.00,,
115.213666969,832699,,rFF44,51580996,100.00,,
115.213666969,759364737,,instructions,51580996,100.00,4.07,insn per cycle
115.213666969,186736757,,cycles,51580996,100.00,,
115.313842282,34568,,rD044,52340887,100.00,,
115.313842282,838924,,rFF44,52346637,100.00,,
115.313842282,771207914,,instructions,52351617,100.00,4.06,insn per cycle
115.313842282,189739403,,cycles,52356207,100.00,,
115.414033655,4468,,rD044,52858873,100.00,,
115.414033655,821814,,rFF44,52859773,100.00,,
115.414033655,794922457,,instructions,52859723,100.00,4.15,insn per cycle
115.414033655,191711657,,cycles,52859373,100.00,,
115.514236917,34817,,rD044,52105904,100.00,,
115.514236917,836798,,rFF44,52099254,100.00,,
115.514236917,774261275,,instructions,52094324,100.00,4.10,insn per cycle
115.514236917,188742895,,cycles,52090084,100.00,,
115.614411870,34912,,rD044,51227060,100.00,,
115.614411870,830599,,rFF44,51227060,100.00,,
115.614411870,754121539,,instructions,51227060,100.00,4.07,insn per cycle
115.614411870,185370865,,cycles,51227060,100.00,,
115.714586962,35021,,rD044,50577179,100.00,,
115.714586962,804071,,rFF44,50577179,100.00,,
115.714586962,758875819,,instructions,50577179,100.00,4.15,insn per cycle
115.714586962,182799275,,cycles,50577179,100.00,,
115.814762885,34713,,rD044,52593911,100.00,,
115.814762885,839238,,rFF44,52599491,100.00,,
115.814762885,807254988,,instructions,52604551,100.00,4.23,insn per cycle
115.814762885,190767219,,cycles,52609671,100.00,,
115.914954998,34660,,rD044,51494042,100.00,,
115.914954998,848608,,rFF44,51488462,100.00,,
115.914954998,787422537,,instructions,51483402,100.00,4.22,insn per cycle
115.914954998,186417931,,cycles,51478282,100.00,,
116.015130760,34887,,rD044,50830654,100.00,,
116.015130760,857113,,rFF44,50830654,100.00,,
116.015130760,749166569,,instructions,50839404,100.00,4.07,insn per cycle
116.015130760,183846928,,cycles,50843664,100.00,,
116.115321493,34967,,rD044,50488407,100.00,,
116.115321493,842680,,rFF44,50488407,100.00,,
116.115321493,755849935,,instructions,50479657,100.00,4.14,insn per cycle
116.115321493,182588467,,cycles,50475397,100.00,,
116.215498025,4265,,rD044,52794264,100.00,,
116.215498025,796332,,rFF44,52799634,100.00,,
116.215498025,797763465,,instructions,52804534,100.00,4.17,insn per cycle
116.215498025,191509572,,cycles,52809264,100.00,,
116.315686508,34923,,rD044,52627626,100.00,,
116.315686508,822833,,rFF44,52627506,100.00,,
116.315686508,782704400,,instructions,52627606,100.00,4.10,insn per cycle
116.315686508,190830343,,cycles,52628106,100.00,,
116.415876070,34747,,rD044,51794099,100.00,,
116.415876070,839391,,rFF44,51788849,100.00,,
116.415876070,769093626,,instructions,51791829,100.00,4.10,insn per cycle
116.415876070,187617206,,cycles,51791279,100.00,,
116.516065153,35305,,rD044,51187896,100.00,,
116.516065153,841429,,rFF44,51187896,100.00,,
116.516065153,752154234,,instructions,51179916,100.00,4.06,insn per cycle
116.516065153,185171125,,cycles,51175236,100.00,,
116.616275706,34733,,rD044,51425204,100.00,,
116.616275706,818651,,rFF44,51425204,100.00,,
116.616275706,760655198,,instructions,51425204,100.00,4.09,insn per cycle
116.616275706,186157836,,cycles,51425204,100.00,,
116.716450298,35270,,rD044,51770203,100.00,,
116.716450298,834271,,rFF44,51775533,100.00,,
116.716450298,760013418,,instructions,51780623,100.00,4.05,insn per cycle
116.716450298,187554084,,cycles,51785553,100.00,,
116.816642441,35207,,rD044,52777571,100.00,,
116.816642441,833533,,rFF44,52777321,100.00,,
116.816642441,782903905,,instructions,52776971,100.00,4.09,insn per cycle
116.816642441,191396131,,cycles,52776861,100.00,,
116.916830964,34729,,rD044,52855704,100.00,,
116.916830964,826502,,rFF44,52855514,100.00,,
116.916830964,781623775,,instructions,52855634,100.00,4.08,insn per cycle
116.916830964,191723008,,cycles,52855534,100.00,,
117.017018986,4605,,rD044,52022936,100.00,,
117.017018986,798444,,rFF44,52018046,100.00,,
117.017018986,775952436,,instructions,52013186,100.00,4.12,insn per cycle
117.017018986,188483281,,cycles,52008466,100.00,,
117.117192409,34852,,rD044,51613361,100.00,,
117.117192409,845090,,rFF44,51613361,100.00,,
117.117192409,761104839,,instructions,51613361,100.00,4.07,insn per cycle
117.117192409,186907135,,cycles,51613361,100.00,,
117.217368141,35095,,rD044,51329763,100.00,,
117.217368141,851439,,rFF44,51329763,100.00,,
117.217368141,754961252,,instructions,51329763,100.00,4.06,insn per cycle
117.217368141,185781290,,cycles,51329763,100.00,,
117.317543494,34721,,rD044,51356314,100.00,,
117.317543494,800022,,rFF44,51356314,100.00,,
117.317543494,763604155,,instructions,51356314,100.00,4.11,insn per cycle
117.317543494,185852398,,cycles,51356314,100.00,,
117.417718966,34929,,rD044,52240969,100.00,,
117.417718966,828197,,rFF44,52246179,100.00,,
117.417718966,773242639,,instructions,52250809,100.00,4.08,insn per cycle
117.417718966,189389336,,cycles,52255099,100.00,,
117.517906429,34853,,rD044,52813362,100.00,,
117.517906429,827925,,rFF44,52813292,100.00,,
117.517906429,799605840,,instructions,52813502,100.00,4.17,insn per cycle
117.517906429,191525079,,cycles,52813962,100.00,,
117.618102342,35049,,rD044,51170347,100.00,,
117.618102342,836209,,rFF44,51165207,100.00,,
117.618102342,770652484,,instructions,51160367,100.00,4.16,insn per cycle
117.618102342,185139906,,cycles,51155617,100.00,,
117.718292905,4262,,rD044,50726094,100.00,,
117.718292905,825721,,rFF44,50726094,100.00,,
117.718292905,758497121,,instructions,50726094,100.00,4.14,insn per cycle
117.718292905,183411882,,cycles,50726094,100.00,,
117.818468027,35111,,rD044,51993039,100.00,,
117.818468027,850464,,rFF44,51998429,100.00,,
117.818468027,773056981,,instructions,52003529,100.00,4.10,insn per cycle
117.818468027,188375872,,cycles,52008479,100.00,,
117.918659280,34909,,rD044,52861271,100.00,,
117.918659280,833753,,rFF44,52862091,100.00,,
117.918659280,787826869,,instructions,52861461,100.00,4.11,insn per cycle
117.918659280,191715090,,cycles,52861241,100.00,,
118.018847943,34679,,rD044,52505839,100.00,,
118.018847943,823544,,rFF44,52499629,100.00,,
118.018847943,783184234,,instructions,52495159,100.00,4.12,insn per cycle
118.018847943,190317260,,cycles,52490429,100.00,,
118.119023795,35291,,rD044,51248282,100.00,,
118.119023795,804007,,rFF44,51248282,100.00,,
118.119023795,759760794,,instructions,51248282,100.00,4.10,insn per cycle
118.119023795,185462529,,cycles,51248282,100.00,,
118.219199617,35168,,rD044,51209800,100.00,,
118.219199617,845922,,rFF44,51215650,100.00,,
118.219199617,761460142,,instructions,51215650,100.00,4.11,insn per cycle
118.219199617,185318577,,cycles,51215650,100.00,,
118.319387870,34692,,rD044,51353420,100.00,,
118.319387870,846947,,rFF44,51352890,100.00,,
118.319387870,763461422,,instructions,51357980,100.00,4.11,insn per cycle
118.319387870,185941717,,cycles,51362850,100.00,,
118.419579883,35133,,rD044,51351892,100.00,,
118.419579883,830504,,rFF44,51351672,100.00,,
118.419579883,766159374,,instructions,51351332,100.00,4.12,insn per cycle
118.419579883,186049238,,cycles,51351482,100.00,,
118.519766716,4226,,rD044,52669794,100.00,,
118.519766716,788370,,rFF44,52670384,100.00,,
118.519766716,785802049,,instructions,52670784,100.00,4.11,insn per cycle
118.519766716,190985350,,cycles,52671194,100.00,,
118.619958208,34785,,rD044,52722778,100.00,,
118.619958208,822328,,rFF44,52722788,100.00,,
118.619958208,785866255,,instructions,52722808,100.00,4.11,insn per cycle
118.619958208,191210246,,cycles,52722318,100.00,,
118.720147861,35039,,rD044,51322810,100.00,,
118.720147861,831287,,rFF44,51317110,100.00,,
118.720147861,759008521,,instructions,51311940,100.00,4.09,insn per cycle
118.720147861,185767265,,cycles,51307000,100.00,,
118.820326914,35136,,rD044,51561303,100.00,,
118.820326914,848233,,rFF44,51561303,100.00,,
118.820326914,758705874,,instructions,51569033,100.00,4.06,insn per cycle
118.820326914,186695390,,cycles,51575423,100.00,,
118.920517026,35141,,rD044,51239979,100.00,,
118.920517026,814457,,rFF44,51239979,100.00,,
118.920517026,759178461,,instructions,51232249,100.00,4.10,insn per cycle
118.920517026,185365320,,cycles,51225859,100.00,,
119.020691929,35064,,rD044,52605008,100.00,,
119.020691929,829520,,rFF44,52610258,100.00,,
119.020691929,780395692,,instructions,52615418,100.00,4.09,insn per cycle
119.020691929,190807755,,cycles,52620898,100.00,,
119.120883531,34808,,rD044,52583363,100.00,,
119.120883531,826697,,rFF44,52583543,100.00,,
119.120883531,791134956,,instructions,52582913,100.00,4.15,insn per cycle
119.120883531,190636530,,cycles,52582754,100.00,,
119.221072674,34744,,rD044,51728318,100.00,,
119.221072674,828183,,rFF44,51722888,100.00,,
119.221072674,775660543,,instructions,51718358,100.00,4.14,insn per cycle
119.221072674,187364786,,cycles,51713037,100.00,,
119.321282177,4493,,rD044,51103874,100.00,,
119.321282177,811773,,rFF44,51103874,100.00,,
119.321282177,758976761,,instructions,51103874,100.00,4.10,insn per cycle
119.321282177,184911668,,cycles,51113324,100.00,,
119.421468660,35128,,rD044,51376135,100.00,,
119.421468660,856096,,rFF44,51376135,100.00,,
119.421468660,761290137,,instructions,51376135,100.00,4.09,insn per cycle
119.421468660,185915712,,cycles,51366685,100.00,,
119.521645202,35133,,rD044,51343623,100.00,,
119.521645202,848097,,rFF44,51343623,100.00,,
119.521645202,761401437,,instructions,51350713,100.00,4.09,insn per cycle
119.521645202,186001585,,cycles,51356363,100.00,,
119.621839715,34977,,rD044,51605637,100.00,,
119.621839715,839329,,rFF44,51609957,100.00,,
119.621839715,760569230,,instructions,51602867,100.00,4.07,insn per cycle
119.621839715,186974273,,cycles,51597217,100.00,,
119.722024497,34765,,rD044,52428236,100.00,,
119.722024497,800263,,rFF44,52428866,100.00,,
119.722024497,782111531,,instructions,52434716,100.00,4.11,insn per cycle
119.722024497,190082527,,cycles,52438836,100.00,,
119.822229120,35023,,rD044,52773844,100.00,,
119.822229120,830758,,rFF44,52774034,100.00,,
119.822229120,784532912,,instructions,52772294,100.00,4.10,insn per cycle
119.822229120,191390243,,cycles,52772464,100.00,,
119.922414623,35053,,rD044,52340376,100.00,,
119.922414623,831699,,rFF44,52335236,100.00,,
119.922414623,779127922,,instructions,52331126,100.00,4.11,insn per cycle
119.922414623,189699341,,cycles,52326836,100.00,,
120.022590235,35348,,rD044,50981505,100.00,,
120.022590235,845681,,rFF44,50985535,100.00,,
120.022590235,760291706,,instructions,50985535,100.00,4.12,insn per cycle
120.022590235,184595646,,cycles,50985535,100.00,,
120.122774688,4649,,rD044,51100173,100.00,,
120.122774688,816947,,rFF44,51096143,100.00,,
120.122774688,758741252,,instructions,51096143,100.00,4.10,insn per cycle
120.122774688,184846577,,cycles,51096143,100.00,,
120.222952050,35630,,rD044,51174852,100.00,,
120.222952050,835775,,rFF44,51174852,100.00,,
120.222952050,759736716,,instructions,51174852,100.00,4.10,insn per cycle
120.222952050,185187847,,cycles,51174852,100.00,,
120.323129093,35242,,rD044,52282117,100.00,,
120.323129093,824998,,rFF44,52287307,100.00,,
120.323129093,781915165,,instructions,52292977,100.00,4.12,insn per cycle
120.323129093,189555347,,cycles,52297777,100.00,,
120.423319775,35014,,rD044,52691427,100.00,,
120.423319775,828540,,rFF44,52691497,100.00,,
120.423319775,779732479,,instructions,52691087,100.00,4.08,insn per cycle
120.423319775,191071183,,cycles,52691017,100.00,,
120.523509018,34658,,rD044,52170703,100.00,,
120.523509018,803706,,rFF44,52165443,100.00,,
120.523509018,781090606,,instructions,52160183,100.00,4.13,insn per cycle
120.523509018,189095317,,cycles,52155453,100.00,,
120.623681781,34533,,rD044,51262918,100.00,,
120.623681781,856110,,rFF44,51262918,100.00,,
120.623681781,759137298,,instructions,51262918,100.00,4.09,insn per cycle
120.623681781,185480521,,cycles,51262918,100.00,,
120.723861863,35204,,rD044,51495461,100.00,,
120.723861863,841168,,rFF44,51495461,100.00,,
120.723861863,760129785,,instructions,51495461,100.00,4.08,insn per cycle
120.723861863,186407462,,cycles,51495461,100.00,,
120.824038036,35166,,rD044,51892625,100.00,,
120.824038036,834304,,rFF44,51897665,100.00,,
120.824038036,768030109,,instructions,51902626,100.00,4.08,insn per cycle
120.824038036,188013443,,cycles,51907196,100.00,,
120.924241518,4281,,rD044,52721305,100.00,,
120.924241518,794510,,rFF44,52722145,100.00,,
120.924241518,790484796,,instructions,52722634,100.00,4.13,insn per cycle
120.924241518,191213398,,cycles,52722554,100.00,,
121.024432151,34785,,rD044,52511621,100.00,,
121.024432151,831940,,rFF44,52505741,100.00,,
121.024432151,779880047,,instructions,52500291,100.00,4.10,insn per cycle
121.024432151,190379126,,cycles,52495801,100.00,,
121.124605804,34782,,rD044,51058785,100.00,,
121.124605804,850498,,rFF44,51058785,100.00,,
121.124605804,756320863,,instructions,51058785,100.00,4.09,insn per cycle
121.124605804,184719882,,cycles,51058785,100.00,,
121.224779946,35311,,rD044,51151789,100.00,,
121.224779946,855883,,rFF44,51151789,100.00,,
121.224779946,758790946,,instructions,51151789,100.00,4.10,insn per cycle
121.224779946,185083837,,cycles,51151789,100.00,,
121.324955869,34743,,rD044,52151500,100.00,,
121.324955869,800130,,rFF44,52156780,100.00,,
121.324955869,782923594,,instructions,52161430,100.00,4.14,insn per cycle
121.324955869,189026630,,cycles,52166330,100.00,,
121.425146051,34734,,rD044,52784593,100.00,,
121.425146051,831551,,rFF44,52784783,100.00,,
121.425146051,787647741,,instructions,52785133,100.00,4.11,insn per cycle
121.425146051,191437087,,cycles,52785073,100.00,,
121.525336274,34796,,rD044,52220657,100.00,,
121.525336274,832048,,rFF44,52215187,100.00,,
121.525336274,781839268,,instructions,52210187,100.00,4.13,insn per cycle
121.525336274,189259273,,cycles,52205347,100.00,,
121.625515837,34830,,rD044,51576662,100.00,,
121.625515837,834507,,rFF44,51576662,100.00,,
121.625515837,758677269,,instructions,51576662,100.00,4.06,insn per cycle
121.625515837,186740437,,cycles,51576662,100.00,,
121.725688609,4795,,rD044,51074760,100.00,,
121.725688609,817986,,rFF44,51074760,100.00,,
121.725688609,756441030,,instructions,51074760,100.00,4.09,insn per cycle
121.725688609,184810353,,cycles,51074760,100.00,,
121.825863392,35130,,rD044,51178081,100.00,,
121.825863392,846407,,rFF44,51178081,100.00,,
121.825863392,753604567,,instructions,51178081,100.00,4.07,insn per cycle
121.825863392,185187167,,cycles,51178081,100.00,,
121.926039414,34926,,rD044,52808575,100.00,,
121.926039414,832351,,rFF44,52813755,100.00,,
121.926039414,784943848,,instructions,52818885,100.00,4.10,insn per cycle
121.926039414,191537959,,cycles,52823185,100.00,,
122.026261697,35018,,rD044,52879708,100.00,,
122.026261697,834627,,rFF44,52880388,100.00,,
122.026261697,788255790,,instructions,52879848,100.00,4.11,insn per cycle
122.026261697,191799369,,cycles,52880158,100.00,,
122.126448560,34854,,rD044,51599282,100.00,,
122.126448560,794180,,rFF44,51593422,100.00,,
122.126448560,769027872,,instructions,51588832,100.00,4.12,insn per cycle
122.126448560,186851837,,cycles,51584222,100.00,,
122.226623512,35089,,rD044,51380572,100.00,,
122.226623512,850080,,rFF44,51380572,100.00,,
122.226623512,762737390,,instructions,51380572,100.00,4.10,insn per cycle
122.226623512,185959181,,cycles,51380572,100.00,,
122.326800935,34772,,rD044,51291414,100.00,,
122.326800935,852570,,rFF44,51291414,100.00,,
122.326800935,756417850,,instructions,51298854,100.00,4.07,insn per cycle
122.326800935,185653897,,cycles,51302604,100.00,,
122.426990427,35033,,rD044,52135943,100.00,,
122.426990427,845592,,rFF44,52141193,100.00,,
122.426990427,779685128,,instructions,52138493,100.00,4.13,insn per cycle
122.426990427,188960678,,cycles,52139303,100.00,,
122.527180200,4445,,rD044,52699498,100.00,,
122.527180200,794432,,rFF44,52699688,100.00,,
122.527180200,793998207,,instructions,52699928,100.00,4.15,insn per cycle
122.527180200,191135881,,cycles,52700358,100.00,,
122.627374813,34689,,rD044,51163730,100.00,,
122.627374813,834333,,rFF44,51158290,100.00,,
122.627374813,764322454,,instructions,51153310,100.00,4.13,insn per cycle
122.627374813,185110253,,cycles,51148320,100.00,,
122.727552795,35053,,rD044,51489295,100.00,,
122.727552795,841956,,rFF44,51489295,100.00,,
122.727552795,757787728,,instructions,51489295,100.00,4.07,insn per cycle
122.727552795,186356928,,cycles,51489295,100.00,,
122.827727298,34721,,rD044,51580205,100.00,,
122.827727298,811714,,rFF44,51585835,100.00,,
122.827727298,761817549,,instructions,51590225,100.00,4.08,insn per cycle
122.827727298,186788166,,cycles,51594915,100.00,,
122.927915860,35112,,rD044,52536142,100.00,,
122.927915860,847437,,rFF44,52535892,100.00,,
122.927915860,779209017,,instructions,52536892,100.00,4.09,insn per cycle
122.927915860,190520964,,cycles,52537402,100.00,,
123.028121813,34851,,rD044,52645378,100.00,,
123.028121813,838065,,rFF44,52645208,100.00,,
123.028121813,774792036,,instructions,52644868,100.00,4.06,insn per cycle
123.028121813,190878687,,cycles,52644688,100.00,,
123.128311176,35209,,rD044,52706746,100.00,,
123.128311176,835581,,rFF44,52701536,100.00,,
123.128311176,781111660,,instructions,52696486,100.00,4.09,insn per cycle
123.128311176,191089085,,cycles,52691466,100.00,,
123.228486098,4169,,rD044,51256977,100.00,,
123.228486098,792766,,rFF44,51256977,100.00,,
123.228486098,757809910,,instructions,51256977,100.00,4.09,insn per cycle
123.228486098,185505525,,cycles,51256977,100.00,,
123.328659931,34690,,rD044,51006384,100.00,,
123.328659931,855182,,rFF44,51006384,100.00,,
123.328659931,759923381,,instructions,51006384,100.00,4.12,insn per cycle
123.328659931,184447752,,cycles,51006384,100.00,,
123.428833713,35020,,rD044,52245875,100.00,,
123.428833713,851701,,rFF44,52250945,100.00,,
123.428833713,781587580,,instructions,52255565,100.00,4.13,insn per cycle
123.428833713,189382097,,cycles,52260755,100.00,,
123.529022356,34537,,rD044,52829176,100.00,,
123.529022356,849926,,rFF44,52829316,100.00,,
123.529022356,798435904,,instructions,52829856,100.00,4.17,insn per cycle
123.529022356,191609758,,cycles,52829096,100.00,,
123.629213788,34864,,rD044,51171760,100.00,,
123.629213788,799139,,rFF44,51166550,100.00,,
123.629213788,757059119,,instructions,51161390,100.00,4.09,insn per cycle
123.629213788,185146688,,cycles,51156960,100.00,,
123.729388501,35102,,rD044,51140522,100.00,,
123.729388501,837835,,rFF44,51140522,100.00,,
123.729388501,759316094,,instructions,51140522,100.00,4.10,insn per cycle
123.729388501,184997233,,cycles,51140522,100.00,,
123.829564223,35061,,rD044,52211240,100.00,,
123.829564223,835568,,rFF44,52216970,100.00,,
123.829564223,770287512,,instructions,52221440,100.00,4.07,insn per cycle
123.829564223,189236275,,cycles,52226130,100.00,,
123.929754616,34886,,rD044,52976770,100.00,,
123.929754616,842189,,rFF44,52976350,100.00,,
123.929754616,797056001,,instructions,52976710,100.00,4.15,insn per cycle
123.929754616,192175727,,cycles,52976940,100.00,,
124.029944949,4863,,rD044,51323234,100.00,,
124.029944949,820026,,rFF44,51317924,100.00,,
124.029944949,766103995,,instructions,51313094,100.00,4.13,insn per cycle
124.029944949,185715385,,cycles,51308174,100.00,,
124.130120101,35302,,rD044,51247240,100.00,,
124.130120101,838363,,rFF44,51247240,100.00,,
124.130120101,762574541,,instructions,51247240,100.00,4.11,insn per cycle
124.130120101,185437277,,cycles,51247240,100.00,,
124.230296924,35380,,rD044,51374191,100.00,,
124.230296924,827770,,rFF44,51374191,100.00,,
124.230296924,760321817,,instructions,51374191,100.00,4.09,insn per cycle
124.230296924,185882065,,cycles,51374191,100.00,,
124.330472556,35152,,rD044,52238630,100.00,,
124.330472556,820822,,rFF44,52244320,100.00,,
124.330472556,777545294,,instructions,52249350,100.00,4.11,insn per cycle
124.330472556,189326536,,cycles,52254160,100.00,,
124.430662699,34637,,rD044,52115159,100.00,,
124.430662699,836132,,rFF44,52114489,100.00,,
124.430662699,780898764,,instructions,52114399,100.00,4.14,insn per cycle
124.430662699,188841353,,cycles,52114169,100.00,,
124.530851251,34749,,rD044,52617919,100.00,,
124.530851251,808953,,rFF44,52618699,100.00,,
124.530851251,790208515,,instructions,52618729,100.00,4.14,insn per cycle
124.530851251,190815563,,cycles,52619429,100.00,,
124.631041874,35008,,rD044,49092253,100.00,,
124.631041874,861650,,rFF44,49092343,100.00,,
124.631041874,722913249,,instructions,49092433,100.00,4.08,insn per cycle
124.631041874,177154683,,cycles,49091744,100.00,,
124.731244567,34563,,rD044,51629116,100.00,,
124.731244567,843801,,rFF44,51628536,100.00,,
124.731244567,774308627,,instructions,51628396,100.00,4.14,insn per cycle
124.731244567,187096302,,cycles,51628155,100.00,,
124.831430969,4350,,rD044,52587993,100.00,,
124.831430969,801034,,rFF44,52582683,100.00,,
124.831430969,788343139,,instructions,52577763,100.00,4.14,insn per cycle
124.831430969,190612133,,cycles,52573413,100.00,,
124.931607032,35139,,rD044,50901908,100.00,,
124.931607032,830754,,rFF44,50901908,100.00,,
124.931607032,756746464,,instructions,50901908,100.00,4.11,insn per cycle
124.931607032,184123157,,cycles,50901908,100.00,,
125.031783695,34889,,rD044,50939601,100.00,,
125.031783695,845215,,rFF44,50939601,100.00,,
125.031783695,759357361,,instructions,50939601,100.00,4.12,insn per cycle
125.031783695,184262823,,cycles,50939601,100.00,,
125.131957527,34947,,rD044,52387859,100.00,,
125.131957527,851927,,rFF44,52393059,100.00,,
125.131957527,785832922,,instructions,52398359,100.00,4.14,insn per cycle
125.131957527,189920234,,cycles,52403849,100.00,,
125.232146350,34922,,rD044,52770651,100.00,,
125.232146350,821745,,rFF44,52770651,100.00,,
125.232146350,788581726,,instructions,52770521,100.00,4.12,insn per cycle
125.232146350,191374105,,cycles,52769791,100.00,,
125.332334702,35074,,rD044,51201832,100.00,,
125.332334702,839235,,rFF44,51196632,100.00,,
125.332334702,767145752,,instructions,51191462,100.00,4.14,insn per cycle
125.332334702,185265035,,cycles,51186702,100.00,,
125.432507645,34929,,rD044,51078178,100.00,,
125.432507645,843028,,rFF44,51078178,100.00,,
125.432507645,756165033,,instructions,51078178,100.00,4.09,insn per cycle
125.432507645,184786217,,cycles,51078178,100.00,,
125.532689118,34733,,rD044,51640901,100.00,,
125.532689118,839260,,rFF44,51646181,100.00,,
125.532689118,772702286,,instructions,51651541,100.00,4.13,insn per cycle
125.532689118,187040871,,cycles,51656521,100.00,,
125.632881140,4333,,rD044,52638283,100.00,,
125.632881140,809069,,rFF44,52638713,100.00,,
125.632881140,794550778,,instructions,52638203,100.00,4.16,insn per cycle
125.632881140,190836802,,cycles,52638133,100.00,,
125.733070123,34839,,rD044,52066150,100.00,,
125.733070123,841517,,rFF44,52060440,100.00,,
125.733070123,774027977,,instructions,52055590,100.00,4.10,insn per cycle
125.733070123,188691596,,cycles,52050680,100.00,,
125.833260405,35232,,rD044,50882405,100.00,,
125.833260405,850553,,rFF44,50882405,100.00,,
125.833260405,753811425,,instructions,50882405,100.00,4.10,insn per cycle
125.833260405,184004207,,cycles,50882405,100.00,,
125.933434418,35279,,rD044,51285280,100.00,,
125.933434418,827869,,rFF44,51285280,100.00,,
125.933434418,757237762,,instructions,51285280,100.00,4.08,insn per cycle
125.933434418,185630655,,cycles,51285280,100.00,,
126.033615441,34848,,rD044,51897531,100.00,,
126.033615441,797784,,rFF44,51902581,100.00,,
126.033615441,764687838,,instructions,51908151,100.00,4.07,insn per cycle
126.033615441,188043695,,cycles,51913081,100.00,,
126.133804673,34961,,rD044,52903316,100.00,,
126.133804673,832309,,rFF44,52903556,100.00,,
126.133804673,783025050,,instructions,52902756,100.00,4.08,insn per cycle
126.133804673,191880362,,cycles,52902186,100.00,,
126.233991826,34643,,rD044,52629198,100.00,,
126.233991826,840331,,rFF44,52629418,100.00,,
126.233991826,780757644,,instructions,52629958,100.00,4.09,insn per cycle
126.233991826,190843246,,cycles,52630808,100.00,,
126.334182479,35110,,rD044,51649723,100.00,,
126.334182479,851197,,rFF44,51644213,100.00,,
126.334182479,755559076,,instructions,51638903,100.00,4.04,insn per cycle
126.334182479,186976919,,cycles,51633693,100.00,,
126.434358761,4519,,rD044,51289100,100.00,,
126.434358761,812164,,rFF44,51289100,100.00,,
126.434358761,755956487,,instructions,51289100,100.00,4.07,insn per cycle
126.434358761,185592261,,cycles,51289100,100.00,,
126.534541024,35064,,rD044,51770565,100.00,,
126.534541024,840608,,rFF44,51770565,100.00,,
126.534541024,760166204,,instructions,51770565,100.00,4.06,insn per cycle
126.534541024,187452351,,cycles,51770565,100.00,,
126.634717136,34906,,rD044,52580477,100.00,,
126.634717136,835493,,rFF44,52585807,100.00,,
126.634717136,776842578,,instructions,52590177,100.00,4.07,insn per cycle
126.634717136,190657549,,cycles,52595317,100.00,,
126.734904555,34768,,rD044,52979000,100.00,,
126.734904555,835779,,rFF44,52979700,100.00,,
126.734904555,776029312,,instructions,52979540,100.00,4.04,insn per cycle
126.734904555,192157817,,cycles,52979191,100.00,,
126.835092394,35161,,rD044,52825339,100.00,,
126.835092394,818117,,rFF44,52819309,100.00,,
126.835092394,784073031,,instructions,52815099,100.00,4.09,insn per cycle
126.835092394,191525102,,cycles,52810308,100.00,,
126.935303763,34797,,rD044,51704258,100.00,,
126.935303763,841484,,rFF44,51704258,100.00,,
126.935303763,760692310,,instructions,51704258,100.00,4.06,insn per cycle
126.935303763,187333257,,cycles,51704258,100.00,,
127.035478351,35039,,rD044,51584487,100.00,,
127.035478351,838537,,rFF44,51584487,100.00,,
127.035478351,757470015,,instructions,51584487,100.00,4.06,insn per cycle
127.035478351,186724358,,cycles,51584487,100.00,,
127.135652070,35280,,rD044,51745863,100.00,,
127.135652070,832074,,rFF44,51745863,100.00,,
127.135652070,757310521,,instructions,51745863,100.00,4.04,insn per cycle
127.135652070,187339928,,cycles,51745863,100.00,,
127.235826778,4258,,rD044,51590206,100.00,,
127.235826778,804242,,rFF44,51595476,100.00,,
127.235826778,759274597,,instructions,51600116,100.00,4.06,insn per cycle
127.235826778,186801859,,cycles,51605256,100.00,,
127.336017307,34864,,rD044,52886057,100.00,,
127.336017307,830714,,rFF44,52885877,100.00,,
127.336017307,780591486,,instructions,52886537,100.00,4.07,insn per cycle
127.336017307,191804269,,cycles,52886237,100.00,,
127.436207195,34940,,rD044,52642675,100.00,,
127.436207195,845732,,rFF44,52642995,100.00,,
127.436207195,773960962,,instructions,52642305,100.00,4.05,insn per cycle
127.436207195,190887887,,cycles,52641825,100.00,,
127.536394734,35155,,rD044,52665897,100.00,,
127.536394734,851850,,rFF44,52665917,100.00,,
127.536394734,773759492,,instructions,52666157,100.00,4.05,insn per cycle
127.536394734,190979654,,cycles,52666747,100.00,,
127.636586453,35170,,rD044,51655579,100.00,,
127.636586453,801333,,rFF44,51650149,100.00,,
127.636586453,772069723,,instructions,51645299,100.00,4.13,insn per cycle
127.636586453,187021791,,cycles,51640349,100.00,,
127.736759151,34906,,rD044,51184537,100.00,,
127.736759151,846720,,rFF44,51184537,100.00,,
127.736759151,786296514,,instructions,51184537,100.00,4.25,insn per cycle
127.736759151,185168845,,cycles,51184537,100.00,,
127.836934510,35190,,rD044,51303631,100.00,,
127.836934510,847119,,rFF44,51308781,100.00,,
127.836934510,790546064,,instructions,51313111,100.00,4.26,insn per cycle
127.836934510,185694057,,cycles,51318261,100.00,,
127.937123918,34819,,rD044,52970264,100.00,,
127.937123918,855902,,rFF44,52970084,100.00,,
127.937123918,820646678,,instructions,52970434,100.00,4.27,insn per cycle
127.937123918,192139878,,cycles,52969674,100.00,,
128.037313907,35038,,rD044,51743596,100.00,,
128.037313907,861415,,rFF44,51738626,100.00,,
128.037313907,796533084,,instructions,51733946,100.00,4.25,insn per cycle
128.037313907,187400910,,cycles,51729556,100.00,,
128.137488356,4517,,rD044,50904661,100.00,,
128.137488356,818057,,rFF44,50904661,100.00,,
128.137488356,767371262,,instructions,50904661,100.00,4.17,insn per cycle
128.137488356,184081307,,cycles,50904661,100.00,,
128.237663744,34920,,rD044,50949119,100.00,,
128.237663744,835377,,rFF44,50954659,100.00,,
128.237663744,770094596,,instructions,50959639,100.00,4.18,insn per cycle
128.237663744,184376273,,cycles,50964609,100.00,,
128.337851853,34728,,rD044,52778590,100.00,,
128.337851853,837100,,rFF44,52778530,100.00,,
128.337851853,799469378,,instructions,52778260,100.00,4.18,insn per cycle
128.337851853,191403043,,cycles,52777960,100.00,,
128.438041121,34946,,rD044,52300918,100.00,,
128.438041121,837087,,rFF44,52295438,100.00,,
128.438041121,801477828,,instructions,52290728,100.00,4.23,insn per cycle
128.438041121,189536291,,cycles,52286058,100.00,,
128.538251140,35423,,rD044,50365438,100.00,,
128.538251140,864011,,rFF44,50365438,100.00,,
128.538251140,783673725,,instructions,50365438,100.00,4.30,insn per cycle
128.538251140,182046594,,cycles,50365438,100.00,,
128.638427199,35178,,rD044,50900423,100.00,,
128.638427199,872795,,rFF44,50906083,100.00,,
128.638427199,805171532,,instructions,50910973,100.00,4.37,insn per cycle
128.638427199,184143464,,cycles,50915383,100.00,,
128.738616887,35102,,rD044,52049191,100.00,,
128.738616887,855086,,rFF44,52043531,100.00,,
128.738616887,842055863,,instructions,52046801,100.00,4.46,insn per cycle
128.738616887,188608320,,cycles,52046611,100.00,,
128.838808206,34973,,rD044,49325586,100.00,,
128.838808206,829218,,rFF44,49325586,100.00,,
128.838808206,788802876,,instructions,49317426,100.00,4.44,insn per cycle
128.838808206,177837993,,cycles,49313206,100.00,,
128.938981305,35241,,rD044,52431758,100.00,,
128.938981305,855473,,rFF44,52436868,100.00,,
128.938981305,855432150,,instructions,52441998,100.00,4.50,insn per cycle
128.938981305,190071988,,cycles,52446808,100.00,,
129.039170953,35567,,rD044,49019630,100.00,,
129.039170953,864745,,rFF44,49014520,100.00,,
129.039170953,793060115,,instructions,49009390,100.00,4.49,insn per cycle
129.039170953,176733066,,cycles,49004580,100.00,,
129.139347862,35031,,rD044,51717026,100.00,,
129.139347862,866390,,rFF44,51722666,100.00,,
129.139347862,853320308,,instructions,51727416,100.00,4.55,insn per cycle
129.139347862,187349886,,cycles,51732126,100.00,,
129.239535640,35150,,rD044,49111058,100.00,,
129.239535640,867991,,rFF44,49105418,100.00,,
129.239535640,794016222,,instructions,49100668,100.00,4.48,insn per cycle
129.239535640,177222623,,cycles,49095958,100.00,,
129.339710879,35076,,rD044,51273214,100.00,,
129.339710879,856866,,rFF44,51278904,100.00,,
129.339710879,838673558,,instructions,51284074,100.00,4.52,insn per cycle
129.339710879,185608669,,cycles,51288634,100.00,,
129.439900528,34969,,rD044,49826478,100.00,,
129.439900528,853519,,rFF44,49820788,100.00,,
129.439900528,808821714,,instructions,49815618,100.00,4.50,insn per cycle
129.439900528,179905376,,cycles,49811058,100.00,,
129.540074196,34762,,rD044,51023449,100.00,,
129.540074196,850304,,rFF44,51028979,100.00,,
129.540074196,837821297,,instructions,51034149,100.00,4.54,insn per cycle
129.540074196,184635213,,cycles,51038699,100.00,,
129.640279505,35208,,rD044,49576280,100.00,,
129.640279505,865576,,rFF44,49570750,100.00,,
129.640279505,803446530,,instructions,49565580,100.00,4.49,insn per cycle
129.640279505,178861822,,cycles,49561030,100.00,,
129.740455503,39959,,rD044,48573820,100.00,,
129.740455503,887064,,rFF44,48573820,100.00,,
129.740455503,778596071,,instructions,48573820,100.00,4.45,insn per cycle
129.740455503,175119568,,cycles,48573820,100.00,,
129.840633882,47573,,rD044,50839360,100.00,,
129.840633882,893665,,rFF44,50845190,100.00,,
129.840633882,821378351,,instructions,50850190,100.00,4.47,insn per cycle
129.840633882,183937304,,cycles,50854310,100.00,,
129.940824891,47633,,rD044,50128507,100.00,,
129.940824891,874448,,rFF44,50122677,100.00,,
129.940824891,805348945,,instructions,50117677,100.00,4.45,insn per cycle
129.940824891,180987293,,cycles,50113557,100.00,,
130.040998579,47157,,rD044,51657002,100.00,,
130.040998579,872566,,rFF44,51662232,100.00,,
130.040998579,831005184,,instructions,51667242,100.00,4.44,insn per cycle
130.040998579,186970069,,cycles,51671902,100.00,,
130.141188038,16972,,rD044,49654336,100.00,,
130.141188038,836734,,rFF44,49655226,100.00,,
130.141188038,796473955,,instructions,49655616,100.00,4.45,insn per cycle
130.141188038,179169445,,cycles,49653676,100.00,,
130.241378937,47333,,rD044,52268630,100.00,,
130.241378937,885956,,rFF44,52267990,100.00,,
130.241378937,833494042,,instructions,52267420,100.00,4.40,insn per cycle
130.241378937,189273070,,cycles,52269500,100.00,,
130.341567735,47839,,rD044,49718212,100.00,,
130.341567735,883488,,rFF44,49712732,100.00,,
130.341567735,792873338,,instructions,49707902,100.00,4.42,insn per cycle
130.341567735,179395207,,cycles,49703102,100.00,,
130.441742414,47151,,rD044,52167108,100.00,,
130.441742414,865320,,rFF44,52172468,100.00,,
130.441742414,825884118,,instructions,52177698,100.00,4.37,insn per cycle
130.441742414,188942480,,cycles,52182938,100.00,,
130.541932683,47478,,rD044,49874068,100.00,,
130.541932683,851977,,rFF44,49876028,100.00,,
130.541932683,760111604,,instructions,49874588,100.00,4.22,insn per cycle
130.541932683,180039944,,cycles,49869348,100.00,,
130.642123491,46847,,rD044,51765369,100.00,,
130.642123491,858916,,rFF44,51763469,100.00,,
130.642123491,800257321,,instructions,51765149,100.00,4.27,insn per cycle
130.642123491,187352369,,cycles,51770559,100.00,,
130.742315970,46695,,rD044,51426190,100.00,,
130.742315970,818928,,rFF44,51420770,100.00,,
130.742315970,771581967,,instructions,51423570,100.00,4.15,insn per cycle
130.742315970,186125296,,cycles,51421850,100.00,,
130.842507149,47228,,rD044,50381908,100.00,,
130.842507149,866844,,rFF44,50381908,100.00,,
130.842507149,750824993,,instructions,50373638,100.00,4.13,insn per cycle
130.842507149,181957137,,cycles,50369948,100.00,,
130.942683217,46571,,rD044,52712738,100.00,,
130.942683217,846328,,rFF44,52718018,100.00,,
130.942683217,788364704,,instructions,52723638,100.00,4.12,insn per cycle
130.942683217,191164112,,cycles,52728818,100.00,,
131.042873406,16126,,rD044,52057081,100.00,,
131.042873406,802518,,rFF44,52057651,100.00,,
131.042873406,775522395,,instructions,52052031,100.00,4.11,insn per cycle
131.042873406,188548912,,cycles,52046851,100.00,,
131.143061535,47355,,rD044,50890768,100.00,,
131.143061535,853248,,rFF44,50884918,100.00,,
131.143061535,755057529,,instructions,50884918,100.00,4.11,insn per cycle
131.143061535,183925938,,cycles,50884918,100.00,,
131.243277544,46787,,rD044,52092457,100.00,,
131.243277544,853307,,rFF44,52097497,100.00,,
131.243277544,790858374,,instructions,52102157,100.00,4.19,insn per cycle
131.243277544,188695537,,cycles,52107107,100.00,,
131.343465452,46827,,rD044,52130755,100.00,,
131.343465452,854133,,rFF44,52125715,100.00,,
131.343465452,779419317,,instructions,52121055,100.00,4.13,insn per cycle
131.343465452,188785363,,cycles,52116105,100.00,,
131.443640421,47128,,rD044,49682223,100.00,,
131.443640421,837343,,rFF44,49682223,100.00,,
131.443640421,750699161,,instructions,49682223,100.00,4.19,insn per cycle
131.443640421,179304479,,cycles,49682223,100.00,,
131.543819029,46789,,rD044,52587104,100.00,,
131.543819029,838891,,rFF44,52592744,100.00,,
131.543819029,790976367,,instructions,52597494,100.00,4.15,insn per cycle
131.543819029,190673091,,cycles,52602684,100.00,,
131.644009008,46541,,rD044,52961365,100.00,,
131.644009008,828802,,rFF44,52961606,100.00,,
131.644009008,783825329,,instructions,52962226,100.00,4.08,insn per cycle
131.644009008,192070773,,cycles,52961906,100.00,,
131.744199336,16515,,rD044,51543101,100.00,,
131.744199336,809556,,rFF44,51537220,100.00,,
131.744199336,763033347,,instructions,51531850,100.00,4.09,insn per cycle
131.744199336,186516403,,cycles,51526980,100.00,,
131.844376565,46992,,rD044,51152056,100.00,,
131.844376565,848053,,rFF44,51152056,100.00,,
131.844376565,759908790,,instructions,51152056,100.00,4.11,insn per cycle
131.844376565,185027319,,cycles,51152056,100.00,,
131.944549873,46929,,rD044,52169243,100.00,,
131.944549873,863235,,rFF44,52174493,100.00,,
131.944549873,782882773,,instructions,52179303,100.00,4.14,insn per cycle
131.944549873,188979815,,cycles,52184413,100.00,,
132.044741262,46708,,rD044,51406172,100.00,,
132.044741262,816607,,rFF44,51406182,100.00,,
132.044741262,763349610,,instructions,51406942,100.00,4.10,insn per cycle
132.044741262,186236902,,cycles,51406632,100.00,,
132.144931261,46560,,rD044,51991477,100.00,,
132.144931261,843609,,rFF44,51986217,100.00,,
132.144931261,760839832,,instructions,51980647,100.00,4.04,insn per cycle
132.144931261,188277073,,cycles,51975847,100.00,,
132.245137500,46920,,rD044,51043163,100.00,,
132.245137500,849968,,rFF44,51043163,100.00,,
132.245137500,747438166,,instructions,51043163,100.00,4.05,insn per cycle
132.245137500,184577912,,cycles,51043163,100.00,,
132.345321198,16319,,rD044,51710891,100.00,,
132.345321198,814638,,rFF44,51716331,100.00,,
132.345321198,772931444,,instructions,51720311,100.00,4.13,insn per cycle
132.345321198,187252770,,cycles,51724731,100.00,,
132.445508207,46753,,rD044,52633889,100.00,,
132.445508207,852618,,rFF44,52628449,100.00,,
132.445508207,802136581,,instructions,52624469,100.00,4.20,insn per cycle
132.445508207,190759722,,cycles,52620049,100.00,,
132.545681995,47431,,rD044,50419956,100.00,,
132.545681995,880046,,rFF44,50419956,100.00,,
132.545681995,761723648,,instructions,50419956,100.00,4.18,insn per cycle
132.545681995,182078710,,cycles,50419956,100.00,,
132.645856564,46970,,rD044,51905531,100.00,,
132.645856564,871184,,rFF44,51910761,100.00,,
132.645856564,793813595,,instructions,51916621,100.00,4.22,insn per cycle
132.645856564,187969305,,cycles,51922321,100.00,,
132.746046713,47067,,rD044,50654147,100.00,,
132.746046713,827997,,rFF44,50648917,100.00,,
132.746046713,790513575,,instructions,50643057,100.00,4.32,insn per cycle
132.746046713,183007274,,cycles,50637357,100.00,,
132.846236891,47172,,rD044,51074163,100.00,,
132.846236891,856186,,rFF44,51080123,100.00,,
132.846236891,779166336,,instructions,51084853,100.00,4.22,insn per cycle
132.846236891,184701940,,cycles,51090353,100.00,,
132.946426460,46742,,rD044,52257419,100.00,,
132.946426460,844142,,rFF44,52251459,100.00,,
132.946426460,791485320,,instructions,52246729,100.00,4.18,insn per cycle
132.946426460,189323502,,cycles,52241229,100.00,,
133.046601018,47777,,rD044,50558935,100.00,,
133.046601018,861673,,rFF44,50558935,100.00,,
133.046601018,743395747,,instructions,50558935,100.00,4.07,insn per cycle
133.046601018,182630889,,cycles,50558935,100.00,,
133.146773947,16206,,rD044,51886653,100.00,,
133.146773947,831907,,rFF44,51892033,100.00,,
133.146773947,780500771,,instructions,51896493,100.00,4.15,insn per cycle
133.146773947,187908673,,cycles,51901343,100.00,,
133.246961956,46515,,rD044,52866832,100.00,,
133.246961956,841013,,rFF44,52861452,100.00,,
133.246961956,796224008,,instructions,52856992,100.00,4.15,insn per cycle
133.246961956,191675218,,cycles,52852142,100.00,,
133.347138744,46877,,rD044,50824632,100.00,,
133.347138744,840845,,rFF44,50824632,100.00,,
133.347138744,755830030,,instructions,50824632,100.00,4.11,insn per cycle
133.347138744,183760147,,cycles,50824632,100.00,,
133.447314863,47512,,rD044,51191043,100.00,,
133.447314863,818765,,rFF44,51196493,100.00,,
133.447314863,762032968,,instructions,51201283,100.00,4.12,insn per cycle
133.447314863,185143778,,cycles,51206543,100.00,,
133.547504881,46604,,rD044,52834252,100.00,,
133.547504881,857413,,rFF44,52828802,100.00,,
133.547504881,816190400,,instructions,52824012,100.00,4.26,insn per cycle
133.547504881,191500691,,cycles,52818752,100.00,,
133.647683640,47459,,rD044,49196709,100.00,,
133.647683640,872555,,rFF44,49196709,100.00,,
133.647683640,749944300,,instructions,49196709,100.00,4.23,insn per cycle
133.647683640,177449493,,cycles,49196709,100.00,,
133.747856368,46698,,rD044,51964107,100.00,,
133.747856368,867310,,rFF44,51969417,100.00,,
133.747856368,795981912,,instructions,51974667,100.00,4.23,insn per cycle
133.747856368,188257559,,cycles,51979668,100.00,,
133.848046037,46739,,rD044,50909116,100.00,,
133.848046037,852941,,rFF44,50903806,100.00,,
133.848046037,770147181,,instructions,50898556,100.00,4.18,insn per cycle
133.848046037,184034484,,cycles,50893555,100.00,,
133.948235436,16435,,rD044,51072991,100.00,,
133.948235436,802176,,rFF44,51077951,100.00,,
133.948235436,749907733,,instructions,51082071,100.00,4.06,insn per cycle
133.948235436,184751975,,cycles,51082071,100.00,,
134.048420724,46331,,rD044,52904917,100.00,,
134.048420724,835483,,rFF44,52905977,100.00,,
134.048420724,770401068,,instructions,52906987,100.00,4.02,insn per cycle
134.048420724,191824690,,cycles,52912097,100.00,,
134.148610003,46454,,rD044,53059476,100.00,,
134.148610003,842060,,rFF44,53059156,100.00,,
134.148610003,779510874,,instructions,53059126,100.00,4.05,insn per cycle
134.148610003,192445128,,cycles,53058496,100.00,,
134.248798812,46565,,rD044,51457760,100.00,,
134.248798812,809254,,rFF44,51457410,100.00,,
134.248798812,753935415,,instructions,51457520,100.00,4.04,insn per cycle
134.248798812,186418606,,cycles,51457910,100.00,,
134.348989331,46585,,rD044,51577571,100.00,,
134.348989331,840722,,rFF44,51572221,100.00,,
134.348989331,751072730,,instructions,51567011,100.00,4.02,insn per cycle
134.348989331,186703148,,cycles,51562141,100.00,,
134.449169049,16620,,rD044,51431755,100.00,,
134.449169049,810201,,rFF44,51431755,100.00,,
134.449169049,746606336,,instructions,51431755,100.00,4.01,insn per cycle
134.449169049,186064631,,cycles,51431755,100.00,,
134.549343238,46657,,rD044,52002746,100.00,,
134.549343238,842676,,rFF44,52007466,100.00,,
134.549343238,770021356,,instructions,52012206,100.00,4.09,insn per cycle
134.549343238,188373520,,cycles,52017586,100.00,,
134.649530256,46585,,rD044,53132460,100.00,,
134.649530256,851811,,rFF44,53133360,100.00,,
134.649530256,797246551,,instructions,53133760,100.00,4.14,insn per cycle
134.649530256,192729852,,cycles,53133520,100.00,,
134.749720205,47121,,rD044,51023786,100.00,,
134.749720205,862902,,rFF44,51018166,100.00,,
134.749720205,764043916,,instructions,51013026,100.00,4.14,insn per cycle
134.749720205,184478619,,cycles,51007886,100.00,,
134.849897433,47225,,rD044,50950265,100.00,,
134.849897433,835399,,rFF44,50955515,100.00,,
134.849897433,757769509,,instructions,50960125,100.00,4.11,insn per cycle
134.849897433,184245078,,cycles,50964755,100.00,,
134.950086432,46363,,rD044,52905096,100.00,,
134.950086432,838478,,rFF44,52904816,100.00,,
134.950086432,785680378,,instructions,52905266,100.00,4.09,insn per cycle
134.950086432,191996792,,cycles,52937056,100.00,,
135.050310031,46314,,rD044,53081493,100.00,,
135.050310031,834215,,rFF44,53081744,100.00,,
135.050310031,782658075,,instructions,53081944,100.00,4.07,insn per cycle
135.050310031,192389322,,cycles,53050444,100.00,,
135.150500110,47218,,rD044,51024754,100.00,,
135.150500110,834497,,rFF44,51019533,100.00,,
135.150500110,761654614,,instructions,51014273,100.00,4.13,insn per cycle
135.150500110,184519895,,cycles,51009353,100.00,,
135.250674828,16623,,rD044,50371172,100.00,,
135.250674828,820659,,rFF44,50376832,100.00,,
135.250674828,753487140,,instructions,50381842,100.00,4.14,insn per cycle
135.250674828,182021279,,cycles,50386552,100.00,,
135.350863727,46657,,rD044,52891506,100.00,,
135.350863727,855882,,rFF44,52891226,100.00,,
135.350863727,791849252,,instructions,52891986,100.00,4.13,insn per cycle
135.350863727,191805343,,cycles,52891756,100.00,,
135.451053626,46951,,rD044,51992154,100.00,,
135.451053626,846670,,rFF44,51986774,100.00,,
135.451053626,774561778,,instructions,51981004,100.00,4.11,insn per cycle
135.451053626,188310023,,cycles,51984674,100.00,,
135.551249754,47511,,rD044,50771395,100.00,,
135.551249754,814196,,rFF44,50771395,100.00,,
135.551249754,750739161,,instructions,50771395,100.00,4.09,insn per cycle
135.551249754,183471308,,cycles,50763245,100.00,,
135.651425953,46621,,rD044,52395734,100.00,,
135.651425953,853846,,rFF44,52400654,100.00,,
135.651425953,789207434,,instructions,52404934,100.00,4.16,insn per cycle
135.651425953,189847753,,cycles,52410874,100.00,,
135.751614551,47048,,rD044,50293274,100.00,,
135.751614551,856078,,rFF44,50288354,100.00,,
135.751614551,771319284,,instructions,50284074,100.00,4.25,insn per cycle
135.751614551,181658996,,cycles,50278134,100.00,,
135.851788140,47149,,rD044,51532633,100.00,,
135.851788140,863452,,rFF44,51538193,100.00,,
135.851788140,782500336,,instructions,51543153,100.00,4.20,insn per cycle
135.851788140,186517693,,cycles,51548563,100.00,,
135.951979549,16216,,rD044,51330870,100.00,,
135.951979549,831875,,rFF44,51325310,100.00,,
135.951979549,785296212,,instructions,51320350,100.00,4.23,insn per cycle
135.951979549,185734925,,cycles,51314940,100.00,,
136.052155577,47551,,rD044,50171694,100.00,,
136.052155577,868202,,rFF44,50176544,100.00,,
136.052155577,758476603,,instructions,50181314,100.00,4.19,insn per cycle
136.052155577,181212633,,cycles,50186344,100.00,,
136.152345396,46705,,rD044,52341583,100.00,,
136.152345396,844162,,rFF44,52336733,100.00,,
136.152345396,812888163,,instructions,52331963,100.00,4.29,insn per cycle
136.152345396,189666008,,cycles,52326933,100.00,,
136.252520274,47343,,rD044,49577326,100.00,,
136.252520274,822100,,rFF44,49577326,100.00,,
136.252520274,753193730,,instructions,49577326,100.00,4.21,insn per cycle
136.252520274,178884621,,cycles,49577326,100.00,,
136.352694783,46724,,rD044,52627982,100.00,,
136.352694783,846003,,rFF44,52633132,100.00,,
136.352694783,794617476,,instructions,52637542,100.00,4.16,insn per cycle
136.352694783,190833939,,cycles,52642592,100.00,,
136.452882371,46643,,rD044,52184294,100.00,,
136.452882371,850620,,rFF44,52179144,100.00,,
136.452882371,782863584,,instructions,52174734,100.00,4.14,insn per cycle
136.452882371,189032232,,cycles,52169684,100.00,,
136.553057060,46685,,rD044,50466414,100.00,,
136.553057060,849112,,rFF44,50466414,100.00,,
136.553057060,754496602,,instructions,50466414,100.00,4.13,insn per cycle
136.553057060,182526759,,cycles,50466414,100.00,,
136.653278389,17021,,rD044,51005481,100.00,,
136.653278389,829915,,rFF44,51011101,100.00,,
136.653278389,761340004,,instructions,51016021,100.00,4.13,insn per cycle
136.653278389,184442195,,cycles,51020521,100.00,,
136.753467248,46580,,rD044,52441790,100.00,,
136.753467248,848135,,rFF44,52436170,100.00,,
136.753467248,813655732,,instructions,52431250,100.00,4.28,insn per cycle
136.753467248,190050104,,cycles,52426750,100.00,,
136.853642476,47842,,rD044,48977813,100.00,,
136.853642476,858048,,rFF44,48983643,100.00,,
136.853642476,756431429,,instructions,48988243,100.00,4.28,insn per cycle
136.853642476,176641546,,cycles,48993683,100.00,,
136.953832775,46507,,rD044,53199836,100.00,,
136.953832775,864360,,rFF44,53194006,100.00,,
136.953832775,816972325,,instructions,53189406,100.00,4.23,insn per cycle
136.953832775,192918182,,cycles,53183966,100.00,,
137.054010143,47221,,rD044,49734768,100.00,,
137.054010143,831596,,rFF44,49734768,100.00,,
137.054010143,752084227,,instructions,49734768,100.00,4.19,insn per cycle
137.054010143,179531925,,cycles,49734768,100.00,,
137.154183132,46792,,rD044,52047792,100.00,,
137.154183132,872412,,rFF44,52053462,100.00,,
137.154183132,799827574,,instructions,52058232,100.00,4.24,insn per cycle
137.154183132,188561405,,cycles,52063482,100.00,,
137.254373150,47240,,rD044,50227981,100.00,,
137.254373150,858699,,rFF44,50222311,100.00,,
137.254373150,770784447,,instructions,50217541,100.00,4.25,insn per cycle
137.254373150,181400676,,cycles,50212291,100.00,,
137.354549329,47451,,rD044,51495105,100.00,,
137.354549329,862145,,rFF44,51500825,100.00,,
137.354549329,806650413,,instructions,51505565,100.00,4.33,insn per cycle
137.354549329,186399427,,cycles,51511095,100.00,,
137.454739537,17201,,rD044,49906825,100.00,,
137.454739537,824163,,rFF44,49901105,100.00,,
137.454739537,768597090,,instructions,49896365,100.00,4.27,insn per cycle
137.454739537,180144513,,cycles,49890835,100.00,,
137.554919766,46859,,rD044,51631148,100.00,,
137.554919766,854675,,rFF44,51636948,100.00,,
137.554919766,780203696,,instructions,51641528,100.00,4.17,insn per cycle
137.554919766,186897377,,cycles,51646528,100.00,,
137.655123665,46428,,rD044,52199876,100.00,,
137.655123665,857912,,rFF44,52194076,100.00,,
137.655123665,789077585,,instructions,52189496,100.00,4.17,insn per cycle
137.655123665,189138085,,cycles,52184496,100.00,,
137.755298003,47273,,rD044,50159841,100.00,,
137.755298003,828209,,rFF44,50159841,100.00,,
137.755298003,750362775,,instructions,50159841,100.00,4.14,insn per cycle
137.755298003,181126085,,cycles,50159841,100.00,,
137.855474322,46602,,rD044,52233444,100.00,,
137.855474322,857881,,rFF44,52233444,100.00,,
137.855474322,808896223,,instructions,52233444,100.00,4.27,insn per cycle
137.855474322,189239175,,cycles,52233444,100.00,,
137.955653150,47542,,rD044,48855904,100.00,,
137.955653150,869911,,rFF44,48861324,100.00,,
137.955653150,747142733,,instructions,48866024,100.00,4.24,insn per cycle
137.955653150,176112396,,cycles,48870874,100.00,,
138.055844759,46418,,rD044,52874344,100.00,,
138.055844759,850697,,rFF44,52868924,100.00,,
138.055844759,798273575,,instructions,52864224,100.00,4.16,insn per cycle
138.055844759,191710917,,cycles,52859374,100.00,,
138.156024458,16726,,rD044,50657177,100.00,,
138.156024458,820281,,rFF44,50657177,100.00,,
138.156024458,744369169,,instructions,50657177,100.00,4.07,insn per cycle
138.156024458,183102145,,cycles,50657177,100.00,,
138.256199336,47070,,rD044,50924467,100.00,,
138.256199336,855829,,rFF44,50924467,100.00,,
138.256199336,744386276,,instructions,50924467,100.00,4.04,insn per cycle
138.256199336,184168563,,cycles,50924467,100.00,,
138.356373105,46301,,rD044,52692185,100.00,,
138.356373105,822105,,rFF44,52697785,100.00,,
138.356373105,778911888,,instructions,52702465,100.00,4.08,insn per cycle
138.356373105,191083088,,cycles,52707095,100.00,,
138.456563613,46665,,rD044,52612244,100.00,,
138.456563613,819975,,rFF44,52606644,100.00,,
138.456563613,776707534,,instructions,52601964,100.00,4.07,insn per cycle
138.456563613,190719311,,cycles,52597334,100.00,,
138.556741352,46738,,rD044,51013300,100.00,,
138.556741352,839039,,rFF44,51013300,100.00,,
138.556741352,745700066,,instructions,51013300,100.00,4.04,insn per cycle
138.556741352,184514138,,cycles,51013300,100.00,,
138.656915050,16481,,rD044,50832377,100.00,,
138.656915050,818567,,rFF44,50832377,100.00,,
138.656915050,745870427,,instructions,50832377,100.00,4.06,insn per cycle
138.656915050,183755224,,cycles,50832377,100.00,,
138.757090339,46768,,rD044,51567150,100.00,,
138.757090339,855682,,rFF44,51572440,100.00,,
138.757090339,757012750,,instructions,51590010,100.00,4.05,insn per cycle
138.757090339,186917458,,cycles,51595180,100.00,,
138.857292958,46046,,rD044,52904179,100.00,,
138.857292958,848576,,rFF44,52903849,100.00,,
138.857292958,780073594,,instructions,52891479,100.00,4.07,insn per cycle
138.857292958,191831612,,cycles,52891829,100.00,,
138.957483116,46611,,rD044,51713333,100.00,,
138.957483116,837582,,rFF44,51708373,100.00,,
138.957483116,782435816,,instructions,51703173,100.00,4.18,insn per cycle
138.957483116,187254408,,cycles,51697653,100.00,,
139.057658935,47783,,rD044,49845674,100.00,,
139.057658935,832713,,rFF44,49851224,100.00,,
139.057658935,754645971,,instructions,49856294,100.00,4.19,insn per cycle
139.057658935,179910257,,cycles,49860754,100.00,,
139.157847283,46493,,rD044,53124428,100.00,,
139.157847283,846808,,rFF44,53124228,100.00,,
139.157847283,799734154,,instructions,53123958,100.00,4.15,insn per cycle
139.157847283,192658334,,cycles,53124888,100.00,,
139.258038642,47383,,rD044,51699591,100.00,,
139.258038642,849056,,rFF44,51694241,100.00,,
139.258038642,772793864,,instructions,51689441,100.00,4.13,insn per cycle
139.258038642,187140277,,cycles,51684051,100.00,,
139.358246291,16736,,rD044,50474858,100.00,,
139.358246291,842616,,rFF44,50474858,100.00,,
139.358246291,753233946,,instructions,50474858,100.00,4.13,insn per cycle
139.358246291,182323731,,cycles,50474858,100.00,,
139.458420069,46216,,rD044,52795018,100.00,,
139.458420069,862100,,rFF44,52795018,100.00,,
139.458420069,809698076,,instructions,52795018,100.00,4.23,insn per cycle
139.458420069,191422508,,cycles,52795018,100.00,,
139.558594698,47572,,rD044,49018896,100.00,,
139.558594698,869706,,rFF44,49024166,100.00,,
139.558594698,739453789,,instructions,49030386,100.00,4.18,insn per cycle
139.558594698,176731513,,cycles,49034976,100.00,,
139.658783016,46722,,rD044,52593198,100.00,,
139.658783016,815079,,rFF44,52587928,100.00,,
139.658783016,803440821,,instructions,52581708,100.00,4.22,insn per cycle
139.658783016,190603880,,cycles,52577118,100.00,,
139.758956725,47619,,rD044,49839358,100.00,,
139.758956725,866859,,rFF44,49839358,100.00,,
139.758956725,744709452,,instructions,49839358,100.00,4.14,insn per cycle
139.758956725,179877599,,cycles,49839358,100.00,,
139.859130804,47311,,rD044,52236696,100.00,,
139.859130804,868112,,rFF44,52242916,100.00,,
139.859130804,789721575,,instructions,52247996,100.00,4.17,insn per cycle
139.859130804,189290764,,cycles,52253086,100.00,,
139.959321072,46920,,rD044,51792606,100.00,,
139.959321072,869961,,rFF44,51786386,100.00,,
139.959321072,794453167,,instructions,51781306,100.00,4.24,insn per cycle
139.959321072,187429431,,cycles,51776216,100.00,,
140.059498021,16667,,rD044,50947641,100.00,,
140.059498021,821844,,rFF44,50947641,100.00,,
140.059498021,772346353,,instructions,50947641,100.00,4.20,insn per cycle
140.059498021,184097414,,cycles,50947641,100.00,,
140.159671449,46657,,rD044,52060763,100.00,,
140.159671449,835518,,rFF44,52066613,100.00,,
140.159671449,785618326,,instructions,52071443,100.00,4.17,insn per cycle
140.159671449,188583096,,cycles,52076403,100.00,,
140.259860978,46491,,rD044,53229183,100.00,,
140.259860978,849597,,rFF44,53228863,100.00,,
140.259860978,810456639,,instructions,53229443,100.00,4.20,insn per cycle
140.259860978,193039272,,cycles,53230433,100.00,,
140.360052956,47297,,rD044,50501435,100.00,,
140.360052956,856401,,rFF44,50495905,100.00,,
140.360052956,769634662,,instructions,50490495,100.00,4.22,insn per cycle
140.360052956,182480967,,cycles,50484545,100.00,,
140.460242685,47068,,rD044,50736382,100.00,,
140.460242685,838580,,rFF44,50736382,100.00,,
140.460242685,776428293,,instructions,50736382,100.00,4.23,insn per cycle
140.460242685,183375008,,cycles,50736382,100.00,,
140.560417494,46536,,rD044,52870099,100.00,,
140.560417494,861623,,rFF44,52875809,100.00,,
140.560417494,800592220,,instructions,52880579,100.00,4.18,insn per cycle
140.560417494,191722282,,cycles,52885389,100.00,,
140.660604172,46585,,rD044,52101375,100.00,,
140.660604172,829589,,rFF44,52095665,100.00,,
140.660604172,781535014,,instructions,52098905,100.00,4.14,insn per cycle
140.660604172,188739660,,cycles,52098935,100.00,,
140.760794861,47253,,rD044,51174879,100.00,,
140.760794861,855682,,rFF44,51174879,100.00,,
140.760794861,754949552,,instructions,51166869,100.00,4.08,insn per cycle
140.760794861,184978168,,cycles,51162029,100.00,,
140.860965519,16376,,rD044,51358800,100.00,,
140.860965519,821730,,rFF44,51364670,100.00,,
140.860965519,761614081,,instructions,51370730,100.00,4.10,insn per cycle
140.860965519,185840566,,cycles,51376330,100.00,,
140.961157458,46794,,rD044,52955604,100.00,,
140.961157458,853186,,rFF44,52954784,100.00,,
140.961157458,794675694,,instructions,52953424,100.00,4.14,insn per cycle
140.961157458,192039631,,cycles,52952794,100.00,,
141.061344897,46784,,rD044,50511867,100.00,,
141.061344897,855407,,rFF44,50506817,100.00,,
141.061344897,781966122,,instructions,50502117,100.00,4.28,insn per cycle
141.061344897,182731505,,cycles,50497147,100.00,,
141.161519275,47635,,rD044,49538725,100.00,,
141.161519275,878747,,rFF44,49544575,100.00,,
141.161519275,776399800,,instructions,49550115,100.00,4.34,insn per cycle
141.161519275,178708175,,cycles,49554816,100.00,,
141.261709534,47562,,rD044,50148790,100.00,,
141.261709534,831467,,rFF44,50142940,100.00,,
141.261709534,788224385,,instructions,50137400,100.00,4.35,insn per cycle
141.261709534,181131762,,cycles,50132699,100.00,,
141.361881812,47146,,rD044,51214077,100.00,,
141.361881812,872349,,rFF44,51214077,100.00,,
141.361881812,801292603,,instructions,51214077,100.00,4.33,insn per cycle
141.361881812,185240558,,cycles,51214077,100.00,,
141.462055771,47647,,rD044,49140282,100.00,,
141.462055771,880509,,rFF44,49145622,100.00,,
141.462055771,764382476,,instructions,49150502,100.00,4.31,insn per cycle
141.462055771,177217761,,cycles,49155752,100.00,,
141.562281810,17073,,rD044,49089207,100.00,,
141.562281810,867089,,rFF44,49089217,100.00,,
141.562281810,780880372,,instructions,49089637,100.00,4.41,insn per cycle
141.562281810,176918417,,cycles,49089717,100.00,,
141.662474999,47161,,rD044,49481349,100.00,,
141.662474999,889685,,rFF44,49475999,100.00,,
141.662474999,782119995,,instructions,49470699,100.00,4.38,insn per cycle
141.662474999,178466916,,cycles,49465369,100.00,,
141.762651687,47997,,rD044,50204336,100.00,,
141.762651687,873225,,rFF44,50204336,100.00,,
141.762651687,794421441,,instructions,50204336,100.00,4.38,insn per cycle
141.762651687,181352976,,cycles,50204336,100.00,,
141.862827416,47626,,rD044,49526172,100.00,,
141.862827416,849087,,rFF44,49526172,100.00,,
141.862827416,791309132,,instructions,49526172,100.00,4.43,insn per cycle
141.862827416,178718904,,cycles,49526172,100.00,,
141.963003244,47742,,rD044,48629883,100.00,,
141.963003244,885484,,rFF44,48629883,100.00,,
141.963003244,776931371,,instructions,48629883,100.00,4.43,insn per cycle
141.963003244,175198270,,cycles,48629883,100.00,,
142.063180443,48057,,rD044,48736927,100.00,,
142.063180443,903464,,rFF44,48736927,100.00,,
142.063180443,769635439,,instructions,48736927,100.00,4.38,insn per cycle
142.063180443,175574154,,cycles,48736927,100.00,,
142.163356291,16673,,rD044,50543666,100.00,,
142.163356291,846095,,rFF44,50548896,100.00,,
142.163356291,768036570,,instructions,50553976,100.00,4.20,insn per cycle
142.163356291,182704362,,cycles,50559306,100.00,,
142.263545870,47668,,rD044,48918887,100.00,,
142.263545870,858135,,rFF44,48913657,100.00,,
142.263545870,725323877,,instructions,48908577,100.00,4.11,insn per cycle
142.263545870,176282649,,cycles,48903247,100.00,,
142.363720028,46881,,rD044,51622859,100.00,,
142.363720028,852907,,rFF44,51622859,100.00,,
142.363720028,779079271,,instructions,51622859,100.00,4.17,insn per cycle
142.363720028,186889847,,cycles,51622859,100.00,,
142.463894857,47586,,rD044,50272281,100.00,,
142.463894857,833445,,rFF44,50277851,100.00,,
142.463894857,750310687,,instructions,50282821,100.00,4.13,insn per cycle
142.463894857,181565865,,cycles,50287391,100.00,,
142.564084946,47051,,rD044,50269237,100.00,,
142.564084946,862221,,rFF44,50263667,100.00,,
142.564084946,746658777,,instructions,50258697,100.00,4.11,insn per cycle
142.564084946,181557395,,cycles,50254127,100.00,,
142.664272034,47100,,rD044,51347079,100.00,,
142.664272034,875819,,rFF44,51352469,100.00,,
142.664272034,769351635,,instructions,51357399,100.00,4.14,insn per cycle
142.664272034,185820066,,cycles,51362239,100.00,,
142.764462123,16977,,rD044,48906651,100.00,,
142.764462123,842820,,rFF44,48906561,100.00,,
142.764462123,728288714,,instructions,48906711,100.00,4.13,insn per cycle
142.764462123,176268798,,cycles,48906541,100.00,,
142.864650832,46911,,rD044,51659780,100.00,,
142.864650832,855222,,rFF44,51654480,100.00,,
142.864650832,779913568,,instructions,51649400,100.00,4.17,insn per cycle
142.864650832,186951770,,cycles,51644730,100.00,,
142.964823120,47202,,rD044,50405564,100.00,,
142.964823120,832738,,rFF44,50411224,100.00,,
142.964823120,778676465,,instructions,50415754,100.00,4.28,insn per cycle
142.964823120,182107696,,cycles,50420084,100.00,,
143.065013199,47872,,rD044,49066657,100.00,,
143.065013199,874027,,rFF44,49060997,100.00,,
143.065013199,754904071,,instructions,49056467,100.00,4.27,insn per cycle
143.065013199,176833667,,cycles,49052137,100.00,,
143.165187027,47125,,rD044,51677965,100.00,,
143.165187027,870242,,rFF44,51677965,100.00,,
143.165187027,792183600,,instructions,51677965,100.00,4.23,insn per cycle
143.165187027,187099799,,cycles,51677965,100.00,,
143.265361296,16947,,rD044,48801400,100.00,,
143.265361296,841837,,rFF44,48806600,100.00,,
143.265361296,743366506,,instructions,48811520,100.00,4.22,insn per cycle
143.265361296,176058721,,cycles,48815910,100.00,,
143.365549884,47891,,rD044,51008488,100.00,,
143.365549884,875887,,rFF44,51003288,100.00,,
143.365549884,787578941,,instructions,50998368,100.00,4.27,insn per cycle
143.365549884,184409788,,cycles,50993978,100.00,,
143.465722463,47344,,rD044,51105892,100.00,,
143.465722463,868393,,rFF44,51111182,100.00,,
143.465722463,772390016,,instructions,51116132,100.00,4.18,insn per cycle
143.465722463,184842071,,cycles,51120822,100.00,,
143.565910972,47734,,rD044,49138992,100.00,,
143.565910972,868445,,rFF44,49133702,100.00,,
143.565910972,743880588,,instructions,49128752,100.00,4.20,insn per cycle
143.565910972,177101094,,cycles,49124062,100.00,,
143.666084920,47045,,rD044,51411640,100.00,,
143.666084920,842262,,rFF44,51411640,100.00,,
143.666084920,797902310,,instructions,51411640,100.00,4.29,insn per cycle
143.666084920,186035147,,cycles,51411640,100.00,,
143.766275929,47639,,rD044,50498142,100.00,,
143.766275929,889331,,rFF44,50503642,100.00,,
143.766275929,755210976,,instructions,50508892,100.00,4.14,insn per cycle
143.766275929,182462866,,cycles,50513312,100.00,,
143.866464768,47763,,rD044,50108984,100.00,,
143.866464768,884963,,rFF44,50103484,100.00,,
143.866464768,751032348,,instructions,50098234,100.00,4.15,insn per cycle
143.866464768,180877448,,cycles,50093814,100.00,,
143.966638836,16752,,rD044,50368866,100.00,,
143.966638836,833982,,rFF44,50368866,100.00,,
143.966638836,790693428,,instructions,50368866,100.00,4.34,insn per cycle
143.966638836,182034502,,cycles,50368866,100.00,,
144.066813644,47659,,rD044,49699926,100.00,,
144.066813644,877358,,rFF44,49705376,100.00,,
144.066813644,750719116,,instructions,49711006,100.00,4.19,insn per cycle
144.066813644,179336912,,cycles,49715476,100.00,,
144.167005813,47682,,rD044,49896401,100.00,,
144.167005813,876034,,rFF44,49897081,100.00,,
144.167005813,762705360,,instructions,49891451,100.00,4.24,insn per cycle
144.167005813,180060995,,cycles,49886981,100.00,,
144.267192512,47217,,rD044,50544157,100.00,,
144.267192512,849295,,rFF44,50538027,100.00,,
144.267192512,788123257,,instructions,50538027,100.00,4.32,insn per cycle
144.267192512,182620225,,cycles,50538027,100.00,,
144.367374810,47241,,rD044,49988607,100.00,,
144.367374810,882114,,rFF44,49994557,100.00,,
144.367374810,745376579,,instructions,50000567,100.00,4.13,insn per cycle
144.367374810,180502012,,cycles,50006137,100.00,,
144.467566899,16707,,rD044,50636915,100.00,,
144.467566899,826818,,rFF44,50630965,100.00,,
144.467566899,770471342,,instructions,50624955,100.00,4.21,insn per cycle
144.467566899,183021056,,cycles,50619385,100.00,,
144.567741388,46934,,rD044,51193250,100.00,,
144.567741388,865230,,rFF44,51198540,100.00,,
144.567741388,783626178,,instructions,51203150,100.00,4.23,insn per cycle
144.567741388,185184351,,cycles,51208370,100.00,,
144.667930566,47261,,rD044,49999510,100.00,,
144.667930566,849182,,rFF44,49994220,100.00,,
144.667930566,740635597,,instructions,49998190,100.00,4.10,insn per cycle
144.667930566,180542702,,cycles,49998780,100.00,,
144.768122975,46832,,rD044,52001562,100.00,,
144.768122975,833058,,rFF44,52006502,100.00,,
144.768122975,784689759,,instructions,52002412,100.00,4.17,insn per cycle
144.768122975,188278160,,cycles,52001582,100.00,,
144.868310184,47089,,rD044,49202759,100.00,,
144.868310184,861188,,rFF44,49197819,100.00,,
144.868310184,737361358,,instructions,49193329,100.00,4.15,insn per cycle
144.868310184,177495160,,cycles,49188349,100.00,,
144.968486532,46902,,rD044,52236108,100.00,,
144.968486532,865373,,rFF44,52241638,100.00,,
144.968486532,769168142,,instructions,52246198,100.00,4.06,insn per cycle
144.968486532,189231894,,cycles,52250768,100.00,,
145.068676921,16336,,rD044,48851121,100.00,,
145.068676921,838740,,rFF44,48850671,100.00,,
145.068676921,706904340,,instructions,48851331,100.00,4.01,insn per cycle
145.068676921,176079666,,cycles,48852401,100.00,,
145.168869339,35563,,rD044,50762805,100.00,,
145.168869339,849434,,rFF44,50757725,100.00,,
145.168869339,750170231,,instructions,50752505,100.00,4.08,insn per cycle
145.168869339,183677461,,cycles,50746865,100.00,,
145.269043868,34828,,rD044,49133568,100.00,,
145.269043868,823991,,rFF44,49138448,100.00,,
145.269043868,720785932,,instructions,49143308,100.00,4.07,insn per cycle
145.269043868,177262134,,cycles,49148568,100.00,,
145.369265447,34640,,rD044,52650814,100.00,,
145.369265447,849490,,rFF44,52645934,100.00,,
145.369265447,784267388,,instructions,52641074,100.00,4.11,insn per cycle
145.369265447,190859080,,cycles,52635814,100.00,,
145.469441215,34471,,rD044,48976294,100.00,,
145.469441215,847020,,rFF44,48976294,100.00,,
145.469441215,720378126,,instructions,48976294,100.00,4.08,insn per cycle
145.469441215,176760253,,cycles,48976294,100.00,,
145.569620904,4466,,rD044,51090973,100.00,,
145.569620904,815227,,rFF44,51096603,100.00,,
145.569620904,758920829,,instructions,51102103,100.00,4.11,insn per cycle
145.569620904,184829083,,cycles,51106783,100.00,,
145.669810703,35025,,rD044,50497432,100.00,,
145.669810703,836812,,rFF44,50491802,100.00,,
145.669810703,745649189,,instructions,50486302,100.00,4.09,insn per cycle
145.669810703,182492993,,cycles,50481622,100.00,,
145.769984711,34981,,rD044,50803389,100.00,,
145.769984711,815261,,rFF44,50808909,100.00,,
145.769984711,750817397,,instructions,50813399,100.00,4.09,insn per cycle
145.769984711,183722909,,cycles,50818039,100.00,,
145.870171540,35531,,rD044,51125849,100.00,,
145.870171540,842573,,rFF44,51120329,100.00,,
145.870171540,755685730,,instructions,51115839,100.00,4.09,insn per cycle
145.870171540,184950480,,cycles,51111199,100.00,,
145.970346348,35237,,rD044,50175013,100.00,,
145.970346348,868982,,rFF44,50180083,100.00,,
145.970346348,731145304,,instructions,50185003,100.00,4.03,insn per cycle
145.970346348,181253634,,cycles,50189543,100.00,,
146.070533467,4190,,rD044,51702612,100.00,,
146.070533467,814221,,rFF44,51697542,100.00,,
146.070533467,779188392,,instructions,51692622,100.00,4.16,insn per cycle
146.070533467,187238379,,cycles,51688082,100.00,,
146.170710506,35154,,rD044,49083592,100.00,,
146.170710506,849154,,rFF44,49089152,100.00,,
146.170710506,725187327,,instructions,49094262,100.00,4.09,insn per cycle
146.170710506,177097161,,cycles,49099242,100.00,,
146.270900294,34918,,rD044,52128366,100.00,,
146.270900294,844012,,rFF44,52122806,100.00,,
146.270900294,782397387,,instructions,52117696,100.00,4.14,insn per cycle
146.270900294,188851582,,cycles,52112716,100.00,,
146.371074993,35193,,rD044,49144855,100.00,,
146.371074993,816777,,rFF44,49150515,100.00,,
146.371074993,727511273,,instructions,49155355,100.00,4.10,insn per cycle
146.371074993,177249824,,cycles,49159755,100.00,,
146.471278582,34849,,rD044,52082617,100.00,,
146.471278582,847017,,rFF44,52076957,100.00,,
146.471278582,780040568,,instructions,52072117,100.00,4.13,insn per cycle
146.471278582,188716327,,cycles,52067717,100.00,,
146.571453550,4306,,rD044,49031528,100.00,,
146.571453550,836195,,rFF44,49036338,100.00,,
146.571453550,727276932,,instructions,49041518,100.00,4.11,insn per cycle
146.571453550,176834628,,cycles,49046628,100.00,,
146.671641499,34874,,rD044,52158228,100.00,,
146.671641499,848116,,rFF44,52153418,100.00,,
146.671641499,781385427,,instructions,52148238,100.00,4.13,insn per cycle
146.671641499,188985369,,cycles,52143128,100.00,,
146.771816027,35081,,rD044,49303280,100.00,,
146.771816027,862530,,rFF44,49309010,100.00,,
146.771816027,742756706,,instructions,49313690,100.00,4.18,insn per cycle
146.771816027,177854678,,cycles,49318160,100.00,,
146.872003156,34845,,rD044,50084411,100.00,,
146.872003156,852968,,rFF44,50078681,100.00,,
146.872003156,777667365,,instructions,50074001,100.00,4.30,insn per cycle
146.872003156,180878916,,cycles,50069531,100.00,,
146.972177214,35306,,rD044,50389801,100.00,,
146.972177214,815130,,rFF44,50395971,100.00,,
146.972177214,795098144,,instructions,50395971,100.00,4.36,insn per cycle
146.972177214,182172861,,cycles,50395971,100.00,,
147.072364453,34964,,rD044,49217267,100.00,,
147.072364453,861674,,rFF44,49216397,100.00,,
147.072364453,767705981,,instructions,49221437,100.00,4.32,insn per cycle
147.072364453,177550656,,cycles,49226317,100.00,,
147.172554501,35350,,rD044,49093873,100.00,,
147.172554501,865808,,rFF44,49093603,100.00,,
147.172554501,763034148,,instructions,49088563,100.00,4.31,insn per cycle
147.172554501,177051227,,cycles,49083683,100.00,,
147.272740110,4562,,rD044,50949822,100.00,,
147.272740110,813725,,rFF44,50944792,100.00,,
147.272740110,800237088,,instructions,50953322,100.00,4.34,insn per cycle
147.272740110,184351359,,cycles,50957152,100.00,,
147.372931139,35537,,rD044,48000954,100.00,,
147.372931139,836695,,rFF44,48006664,100.00,,
147.372931139,725699017,,instructions,48002974,100.00,4.19,insn per cycle
147.372931139,173000999,,cycles,48004104,100.00,,
147.473123177,35142,,rD044,50845289,100.00,,
147.473123177,843494,,rFF44,50839579,100.00,,
147.473123177,782395032,,instructions,50834739,100.00,4.25,insn per cycle
147.473123177,183895674,,cycles,50829779,100.00,,
147.573298216,35137,,rD044,50167440,100.00,,
147.573298216,830999,,rFF44,50173060,100.00,,
147.573298216,770358863,,instructions,50177740,100.00,4.25,insn per cycle
147.573298216,181295303,,cycles,50182930,100.00,,
147.673489495,35030,,rD044,48390161,100.00,,
147.673489495,859567,,rFF44,48384541,100.00,,
147.673489495,735922457,,instructions,48379861,100.00,4.22,insn per cycle
147.673489495,174542714,,cycles,48374671,100.00,,
147.773662953,35256,,rD044,51146383,100.00,,
147.773662953,860726,,rFF44,51146383,100.00,,
147.773662953,785188538,,instructions,51146383,100.00,4.24,insn per cycle
147.773662953,185026257,,cycles,51146383,100.00,,
147.873839342,4617,,rD044,48622113,100.00,,
147.873839342,817519,,rFF44,48627733,100.00,,
147.873839342,741200080,,instructions,48632363,100.00,4.23,insn per cycle
147.873839342,175274418,,cycles,48636763,100.00,,
147.974030570,35044,,rD044,50253417,100.00,,
147.974030570,848030,,rFF44,50253067,100.00,,
147.974030570,765272566,,instructions,50251577,100.00,4.21,insn per cycle
147.974030570,181582022,,cycles,50247177,100.00,,
148.074237719,34733,,rD044,50842724,100.00,,
148.074237719,857671,,rFF44,50837454,100.00,,
148.074237719,791283573,,instructions,50834314,100.00,4.30,insn per cycle
148.074237719,183857141,,cycles,50834314,100.00,,
148.174413868,35300,,rD044,48844057,100.00,,
148.174413868,852746,,rFF44,48849387,100.00,,
148.174413868,762803727,,instructions,48854547,100.00,4.33,insn per cycle
148.174413868,176112626,,cycles,48859427,100.00,,
148.274604266,35467,,rD044,49181571,100.00,,
148.274604266,869267,,rFF44,49176241,100.00,,
148.274604266,763421482,,instructions,49171081,100.00,4.30,insn per cycle
148.274604266,177371355,,cycles,49166201,100.00,,
148.374779845,34762,,rD044,50917390,100.00,,
148.374779845,848572,,rFF44,50925420,100.00,,
148.374779845,798367962,,instructions,50929220,100.00,4.33,insn per cycle
148.374779845,184247570,,cycles,50929220,100.00,,
148.474970443,4997,,rD044,49412447,100.00,,
148.474970443,824145,,rFF44,49409407,100.00,,
148.474970443,752635064,,instructions,49410317,100.00,4.22,insn per cycle
148.474970443,178267234,,cycles,49415387,100.00,,
148.575160752,34956,,rD044,50866983,100.00,,
148.575160752,836600,,rFF44,50861993,100.00,,
148.575160752,767745250,,instructions,50857283,100.00,4.17,insn per cycle
148.575160752,183990086,,cycles,50852213,100.00,,
148.675335251,34906,,rD044,49841672,100.00,,
148.675335251,838792,,rFF44,49847732,100.00,,
148.675335251,749772826,,instructions,49853352,100.00,4.16,insn per cycle
148.675335251,180078883,,cycles,49857962,100.00,,
148.775524699,35145,,rD044,51021754,100.00,,
148.775524699,829938,,rFF44,51015694,100.00,,
148.775524699,772007288,,instructions,51010074,100.00,4.18,insn per cycle
148.775524699,184525138,,cycles,51005464,100.00,,
148.875700298,34763,,rD044,50116987,100.00,,
148.875700298,859754,,rFF44,50122567,100.00,,
148.875700298,757665632,,instructions,50127687,100.00,4.18,insn per cycle
148.875700298,181090054,,cycles,50132257,100.00,,
148.975890257,35069,,rD044,48803130,100.00,,
148.975890257,855691,,rFF44,48797550,100.00,,
148.975890257,755183998,,instructions,48792430,100.00,4.29,insn per cycle
148.975890257,175870151,,cycles,48787860,100.00,,
149.076067245,4477,,rD044,51130749,100.00,,
149.076067245,813624,,rFF44,51130749,100.00,,
149.076067245,786540585,,instructions,51130749,100.00,4.25,insn per cycle
149.076067245,185039189,,cycles,51138709,100.00,,
149.176285754,35608,,rD044,49874574,100.00,,
149.176285754,864279,,rFF44,49880184,100.00,,
149.176285754,772094745,,instructions,49885454,100.00,4.29,insn per cycle
149.176285754,180139709,,cycles,49882094,100.00,,
149.276476713,35471,,rD044,48874753,100.00,,
149.276476713,868227,,rFF44,48869143,100.00,,
149.276476713,743686602,,instructions,48863873,100.00,4.22,insn per cycle
149.276476713,176180948,,cycles,48859273,100.00,,
149.376651581,34854,,rD044,50276079,100.00,,
149.376651581,840986,,rFF44,50276079,100.00,,
149.376651581,783847953,,instructions,50276079,100.00,4.31,insn per cycle
149.376651581,181728645,,cycles,50276079,100.00,,
149.476824410,35111,,rD044,50158279,100.00,,
149.476824410,852698,,rFF44,50163599,100.00,,
149.476824410,759846978,,instructions,50168449,100.00,4.19,insn per cycle
149.476824410,181255868,,cycles,50173699,100.00,,
149.577016769,35500,,rD044,49719203,100.00,,
149.577016769,829076,,rFF44,49713883,100.00,,
149.577016769,751025216,,instructions,49709033,100.00,4.18,insn per cycle
149.577016769,179719143,,cycles,49703783,100.00,,
149.677191197,4576,,rD044,49700207,100.00,,
149.677191197,821903,,rFF44,49705387,100.00,,
149.677191197,762956085,,instructions,49710147,100.00,4.25,insn per cycle
149.677191197,179489438,,cycles,49715107,100.00,,
149.777379326,34855,,rD044,49319008,100.00,,
149.777379326,857310,,rFF44,49321568,100.00,,
149.777379326,745265054,,instructions,49322228,100.00,4.19,insn per cycle
149.777379326,177961080,,cycles,49317268,100.00,,
149.877570824,35286,,rD044,50298692,100.00,,
149.877570824,850520,,rFF44,50296212,100.00,,
149.877570824,756265763,,instructions,50295682,100.00,4.16,insn per cycle
149.877570824,181938426,,cycles,50300382,100.00,,
149.977758853,35234,,rD044,50510839,100.00,,
149.977758853,818954,,rFF44,50505579,100.00,,
149.977758853,758425359,,instructions,50500689,100.00,4.15,insn per cycle
149.977758853,182584990,,cycles,50495989,100.00,,
150.077931892,34927,,rD044,50589881,100.00,,
150.077931892,842070,,rFF44,50595321,100.00,,
150.077931892,760721129,,instructions,50599981,100.00,4.16,insn per cycle
150.077931892,182902060,,cycles,50606291,100.00,,
150.178121990,4635,,rD044,49982046,100.00,,
150.178121990,808242,,rFF44,49976606,100.00,,
150.178121990,747636927,,instructions,49971946,100.00,4.14,insn per cycle
150.178121990,180528415,,cycles,49965636,100.00,,
150.278297519,35212,,rD044,48297018,100.00,,
150.278297519,867030,,rFF44,48297018,100.00,,
150.278297519,725359190,,instructions,48297018,100.00,4.17,insn per cycle
150.278297519,174129209,,cycles,48297018,100.00,,
150.378473187,34743,,rD044,51227253,100.00,,
150.378473187,853677,,rFF44,51232603,100.00,,
150.378473187,777287215,,instructions,51237933,100.00,4.19,insn per cycle
150.378473187,185501813,,cycles,51242413,100.00,,
150.478660666,34964,,rD044,48426923,100.00,,
150.478660666,837079,,rFF44,48421573,100.00,,
150.478660666,742821087,,instructions,48416243,100.00,4.26,insn per cycle
150.478660666,174408925,,cycles,48411763,100.00,,
150.578836524,35139,,rD044,52171296,100.00,,
150.578836524,854272,,rFF44,52171296,100.00,,
150.578836524,788653450,,instructions,52171296,100.00,4.17,insn per cycle
150.578836524,189074437,,cycles,52171296,100.00,,
150.679010353,34843,,rD044,49108426,100.00,,
150.679010353,846611,,rFF44,49113416,100.00,,
150.679010353,727930894,,instructions,49117376,100.00,4.11,insn per cycle
150.679010353,177125224,,cycles,49117376,100.00,,
150.779198042,4350,,rD044,52550679,100.00,,
150.779198042,817170,,rFF44,52545689,100.00,,
150.779198042,793618966,,instructions,52541729,100.00,4.17,insn per cycle
150.779198042,190445093,,cycles,52541729,100.00,,
150.879373610,35387,,rD044,48740483,100.00,,
150.879373610,862974,,rFF44,48745653,100.00,,
150.879373610,723908553,,instructions,48750313,100.00,4.12,insn per cycle
150.879373610,175717288,,cycles,48753393,100.00,,
150.979561929,34939,,rD044,52261518,100.00,,
150.979561929,856651,,rFF44,52256348,100.00,,
150.979561929,791143960,,instructions,52251688,100.00,4.18,insn per cycle
150.979561929,189389038,,cycles,52248608,100.00,,
151.079736767,35244,,rD044,49711632,100.00,,
151.079736767,831256,,rFF44,49711632,100.00,,
151.079736767,723464933,,instructions,49711632,100.00,4.03,insn per cycle
151.079736767,179412171,,cycles,49711632,100.00,,
151.179912166,34911,,rD044,52051403,100.00,,
151.179912166,838103,,rFF44,52056693,100.00,,
151.179912166,778664946,,instructions,52061543,100.00,4.13,insn per cycle
151.179912166,188649495,,cycles,52066643,100.00,,
151.280102984,35182,,rD044,49668225,100.00,,
151.280102984,842145,,rFF44,49662935,100.00,,
151.280102984,732619599,,instructions,49658085,100.00,4.09,insn per cycle
151.280102984,179313999,,cycles,49652985,100.00,,
151.380312853,4441,,rD044,51430870,100.00,,
151.380312853,816736,,rFF44,51436000,100.00,,
151.380312853,775233483,,instructions,51440710,100.00,4.16,insn per cycle
151.380312853,186165488,,cycles,51445500,100.00,,
151.480502562,35024,,rD044,49880132,100.00,,
151.480502562,855694,,rFF44,49875002,100.00,,
151.480502562,738515034,,instructions,49870292,100.00,4.10,insn per cycle
151.480502562,180112864,,cycles,49865502,100.00,,
151.580682450,34733,,rD044,51258819,100.00,,
151.580682450,827844,,rFF44,51264819,100.00,,
151.580682450,759434122,,instructions,51269709,100.00,4.09,insn per cycle
151.580682450,185527071,,cycles,51274709,100.00,,
151.680869960,35374,,rD044,50362062,100.00,,
151.680869960,857531,,rFF44,50356062,100.00,,
151.680869960,752101872,,instructions,50351172,100.00,4.13,insn per cycle
151.680869960,182002756,,cycles,50346172,100.00,,
151.781044598,35096,,rD044,50542825,100.00,,
151.781044598,844292,,rFF44,50547845,100.00,,
151.781044598,739258769,,instructions,50553275,100.00,4.05,insn per cycle
151.781044598,182718160,,cycles,50557395,100.00,,
151.881246248,4195,,rD044,51504910,100.00,,
151.881246248,807627,,rFF44,51499890,100.00,,
151.881246248,775351612,,instructions,51494460,100.00,4.16,insn per cycle
151.881246248,186439300,,cycles,51490340,100.00,,
151.981419706,35343,,rD044,49626563,100.00,,
151.981419706,864157,,rFF44,49632563,100.00,,
151.981419706,734223411,,instructions,49638043,100.00,4.10,insn per cycle
151.981419706,179142765,,cycles,49643623,100.00,,
152.081610855,35128,,rD044,52145423,100.00,,
152.081610855,850251,,rFF44,52139423,100.00,,
152.081610855,780303011,,instructions,52133943,100.00,4.13,insn per cycle
152.081610855,188964809,,cycles,52128363,100.00,,
152.181787704,35443,,rD044,49071019,100.00,,
152.181787704,826319,,rFF44,49071019,100.00,,
152.181787704,725746790,,instructions,49071019,100.00,4.10,insn per cycle
152.181787704,176998076,,cycles,49071019,100.00,,
152.281962182,35002,,rD044,52026412,100.00,,
152.281962182,847034,,rFF44,52031602,100.00,,
152.281962182,776493786,,instructions,52036752,100.00,4.12,insn per cycle
152.281962182,188491927,,cycles,52041112,100.00,,
152.382151451,35118,,rD044,50037507,100.00,,
152.382151451,846965,,rFF44,50032317,100.00,,
152.382151451,742832699,,instructions,50027167,100.00,4.11,insn per cycle
152.382151451,180699565,,cycles,50022807,100.00,,
152.482326510,4239,,rD044,51075287,100.00,,
152.482326510,818224,,rFF44,51080607,100.00,,
152.482326510,764600476,,instructions,51085237,100.00,4.14,insn per cycle
152.482326510,184822138,,cycles,51089977,100.00,,
152.582513369,34730,,rD044,50556667,100.00,,
152.582513369,853143,,rFF44,50551347,100.00,,
152.582513369,754727730,,instructions,50546717,100.00,4.13,insn per cycle
152.582513369,182719234,,cycles,50541977,100.00,,
152.682688787,35038,,rD044,50894317,100.00,,
152.682688787,834210,,rFF44,50899677,100.00,,
152.682688787,756883785,,instructions,50904267,100.00,4.11,insn per cycle
152.682688787,184071383,,cycles,50908827,100.00,,
152.782878336,34837,,rD044,51205071,100.00,,
152.782878336,852965,,rFF44,51199711,100.00,,
152.782878336,759920765,,instructions,51195121,100.00,4.10,insn per cycle
152.782878336,185260553,,cycles,51190561,100.00,,
152.883056025,34929,,rD044,49965212,100.00,,
152.883056025,851245,,rFF44,49970652,100.00,,
152.883056025,737400588,,instructions,49975352,100.00,4.09,insn per cycle
152.883056025,180455256,,cycles,49980872,100.00,,
152.983260014,4433,,rD044,51727517,100.00,,
152.983260014,805224,,rFF44,51722077,100.00,,
152.983260014,777952046,,instructions,51717377,100.00,4.15,insn per cycle
152.983260014,187294039,,cycles,51711857,100.00,,
153.083436533,35458,,rD044,49281367,100.00,,
153.083436533,864095,,rFF44,49287477,100.00,,
153.083436533,739324902,,instructions,49291907,100.00,4.16,insn per cycle
153.083436533,177813738,,cycles,49296417,100.00,,
153.183624592,942505,,rD044,66805212,100.00,,
153.183624592,12198169,,rFF44,66805002,100.00,,
153.183624592,1073089239,,instructions,66805022,100.00,4.36,insn per cycle
153.183624592,246022970,,cycles,66805512,100.00,,
153.283813220,2435114,,rD044,100160025,100.00,,
153.283813220,33443528,,rFF44,100160225,100.00,,
153.283813220,1621941640,,instructions,100160025,100.00,4.32,insn per cycle
153.283813220,375537939,,cycles,100159475,100.00,,
153.384003829,2103695,,rD044,100190596,100.00,,
153.384003829,30119518,,rFF44,100190626,100.00,,
153.384003829,1768800214,,instructions,100190996,100.00,4.71,insn per cycle
153.384003829,375719194,,cycles,100192206,100.00,,
153.484193098,1307334,,rD044,100188155,100.00,,
153.484193098,28213683,,rFF44,100188085,100.00,,
153.484193098,1659852866,,instructions,100187995,100.00,4.42,insn per cycle
153.484193098,375700509,,cycles,100187135,100.00,,
153.584390736,1042019,,rD044,100184316,100.00,,
153.584390736,20566513,,rFF44,100183426,100.00,,
153.584390736,1187654430,,instructions,100183926,100.00,3.16,insn per cycle
153.584390736,375664895,,cycles,100184796,100.00,,
153.684579065,48619,,rD044,100188575,100.00,,
153.684579065,7054865,,rFF44,100189725,100.00,,
153.684579065,638250985,,instructions,100188835,100.00,1.70,insn per cycle
153.684579065,375700849,,cycles,100187245,100.00,,
153.784763814,574687,,rD044,100184586,100.00,,
153.784763814,16471937,,rFF44,100184746,100.00,,
153.784763814,1053282087,,instructions,100185136,100.00,2.80,insn per cycle
153.784763814,375694786,,cycles,100185626,100.00,,
153.884953772,26267,,rD044,100188265,100.00,,
153.884953772,7424882,,rFF44,100188275,100.00,,
153.884953772,652844624,,instructions,100188865,100.00,1.74,insn per cycle
153.884953772,375706355,,cycles,100188725,100.00,,
153.985141241,91438,,rD044,100147285,100.00,,
153.985141241,7966811,,rFF44,100146105,100.00,,
153.985141241,668366038,,instructions,100145505,100.00,1.78,insn per cycle
153.985141241,375517521,,cycles,100146145,100.00,,
154.085327180,73988,,rD044,100184245,100.00,,
154.085327180,8475582,,rFF44,100184735,100.00,,
154.085327180,690924082,,instructions,100185335,100.00,1.84,insn per cycle
154.085327180,375692188,,cycles,100184775,100.00,,
154.185514888,39343,,rD044,100187346,100.00,,
154.185514888,6944075,,rFF44,100187506,100.00,,
154.185514888,624843238,,instructions,100187686,100.00,1.66,insn per cycle
154.185514888,375704250,,cycles,100188156,100.00,,
154.285702007,243361,,rD044,100186805,100.00,,
154.285702007,9675719,,rFF44,100186195,100.00,,
154.285702007,730333353,,instructions,100185546,100.00,1.94,insn per cycle
154.285702007,375691175,,cycles,100184656,100.00,,
154.385886475,138303,,rD044,100182696,100.00,,
154.385886475,9331040,,rFF44,100183336,100.00,,
154.385886475,722166180,,instructions,100183745,100.00,1.92,insn per cycle
154.385886475,375688148,,cycles,100183865,100.00,,
154.486073984,32521,,rD044,100187486,100.00,,
154.486073984,6604384,,rFF44,100187506,100.00,,
154.486073984,617656862,,instructions,100187636,100.00,1.64,insn per cycle
154.486073984,375702573,,cycles,100187706,100.00,,
154.586296133,81165,,rD044,100220945,100.00,,
154.586296133,8961557,,rFF44,100220625,100.00,,
154.586296133,713169083,,instructions,100219425,100.00,1.90,insn per cycle
154.586296133,375822756,,cycles,100219755,100.00,,
154.686482552,25901,,rD044,100185046,100.00,,
154.686482552,6813946,,rFF44,100185616,100.00,,
154.686482552,628682623,,instructions,100186156,100.00,1.67,insn per cycle
154.686482552,375694382,,cycles,100185536,100.00,,
154.786669940,33958,,rD044,100187975,100.00,,
154.786669940,7037203,,rFF44,100187635,100.00,,
154.786669940,613972480,,instructions,100188315,100.00,1.63,insn per cycle
154.786669940,375705088,,cycles,100188375,100.00,,
154.886859169,1232918,,rD044,100188076,100.00,,
154.886859169,20386020,,rFF44,100187586,100.00,,
154.886859169,1097888720,,instructions,100186906,100.00,2.92,insn per cycle
154.886859169,375703756,,cycles,100188026,100.00,,
154.987047848,828096,,rD044,100170835,100.00,,
154.987047848,19905110,,rFF44,100171335,100.00,,
154.987047848,1263007445,,instructions,100171245,100.00,3.36,insn per cycle
154.987047848,375610934,,cycles,100170315,100.00,,
155.087251467,733540,,rD044,100202346,100.00,,
155.087251467,18845390,,rFF44,100202776,100.00,,
155.087251467,1043942602,,instructions,100202436,100.00,2.78,insn per cycle
155.087251467,375761798,,cycles,100203476,100.00,,
155.187440755,51584,,rD044,100187905,100.00,,
155.187440755,7319524,,rFF44,100187556,100.00,,
155.187440755,637913418,,instructions,100187576,100.00,1.70,insn per cycle
155.187440755,375698448,,cycles,100186636,100.00,,
155.287629544,48147,,rD044,100188146,100.00,,
155.287629544,7059033,,rFF44,100188335,100.00,,
155.287629544,615700309,,instructions,100189395,100.00,1.64,insn per cycle
155.287629544,375708094,,cycles,100189195,100.00,,
155.387818943,17909,,rD044,100189376,100.00,,
155.387818943,6601666,,rFF44,100188886,100.00,,
155.387818943,608558767,,instructions,100188546,100.00,1.62,insn per cycle
155.387818943,375704063,,cycles,100188936,100.00,,
155.488030951,12646,,rD044,100211305,100.00,,
155.488030951,6764960,,rFF44,100211315,100.00,,
155.488030951,620264165,,instructions,100210415,100.00,1.65,insn per cycle
155.488030951,375785616,,cycles,100209835,100.00,,
155.588230220,223009,,rD044,100197566,100.00,,
155.588230220,10166822,,rFF44,100197576,100.00,,
155.588230220,749930559,,instructions,100198366,100.00,2.00,insn per cycle
155.588230220,375742895,,cycles,100198476,100.00,,
155.688415659,110181,,rD044,100184955,100.00,,
155.688415659,8560353,,rFF44,100185795,100.00,,
155.688415659,684755231,,instructions,100186055,100.00,1.82,insn per cycle
155.688415659,375699397,,cycles,100186855,100.00,,
155.788603797,64328,,rD044,100187726,100.00,,
155.788603797,7462865,,rFF44,100187126,100.00,,
155.788603797,649052399,,instructions,100186816,100.00,1.73,insn per cycle
155.788603797,375698537,,cycles,100186636,100.00,,
155.888792086,49669,,rD044,100187385,100.00,,
155.888792086,7555109,,rFF44,100186705,100.00,,
155.888792086,664476494,,instructions,100186795,100.00,1.77,insn per cycle
155.888792086,375698509,,cycles,100186625,100.00,,
155.988979805,637540,,rD044,100187786,100.00,,
155.988979805,14637850,,rFF44,100188806,100.00,,
155.988979805,896608791,,instructions,100188826,100.00,2.39,insn per cycle
155.988979805,375706911,,cycles,100188856,100.00,,
156.089170683,440860,,rD044,100159305,100.00,,
156.089170683,12893042,,rFF44,100158896,100.00,,
156.089170683,846982422,,instructions,100157926,100.00,2.26,insn per cycle
156.089170683,375563063,,cycles,100157816,100.00,,
156.189355882,575042,,rD044,100184956,100.00,,
156.189355882,14304215,,rFF44,100184915,100.00,,
156.189355882,911609626,,instructions,100185245,100.00,2.43,insn per cycle
156.189355882,375693622,,cycles,100185325,100.00,,
156.289542311,273898,,rD044,100184886,100.00,,
156.289542311,11436949,,rFF44,100184946,100.00,,
156.289542311,825298372,,instructions,100184916,100.00,2.20,insn per cycle
156.289542311,375692999,,cycles,100185146,100.00,,
156.389728699,51161,,rD044,100186075,100.00,,
156.389728699,7268500,,rFF44,100185955,100.00,,
156.389728699,634615835,,instructions,100186425,100.00,1.69,insn per cycle
156.389728699,375696774,,cycles,100186175,100.00,,
156.489915208,170190,,rD044,100185986,100.00,,
156.489915208,8818990,,rFF44,100186106,100.00,,
156.489915208,694097068,,instructions,100185856,100.00,1.85,insn per cycle
156.489915208,375699117,,cycles,100186776,100.00,,
156.590103077,33198,,rD044,100218765,100.00,,
156.590103077,7601501,,rFF44,100218465,100.00,,
156.590103077,655707370,,instructions,100218525,100.00,1.74,insn per cycle
156.590103077,375814262,,cycles,100217495,100.00,,
156.690319906,20965,,rD044,100183846,100.00,,
156.690319906,6484840,,rFF44,100184056,100.00,,
156.690319906,589951551,,instructions,100184806,100.00,1.57,insn per cycle
156.690319906,375689992,,cycles,100184356,100.00,,
156.790506674,100479,,rD044,100186015,100.00,,
156.790506674,8634920,,rFF44,100186335,100.00,,
156.790506674,671663119,,instructions,100185875,100.00,1.79,insn per cycle
156.790506674,375697736,,cycles,100186415,100.00,,
156.890693103,144272,,rD044,100185796,100.00,,
156.890693103,8513775,,rFF44,100185596,100.00,,
156.890693103,682574121,,instructions,100186416,100.00,1.82,insn per cycle
156.890693103,375697108,,cycles,100186256,100.00,,
156.990881412,87724,,rD044,100135175,100.00,,
156.990881412,9470783,,rFF44,100135735,100.00,,
156.990881412,726198971,,instructions,100134545,100.00,1.93,insn per cycle
156.990881412,375478098,,cycles,100135535,100.00,,
157.091073630,28624,,rD044,100191066,100.00,,
157.091073630,6838904,,rFF44,100190346,100.00,,
157.091073630,585771773,,instructions,100190566,100.00,1.56,insn per cycle
157.091073630,375711479,,cycles,100190086,100.00,,
157.191269829,42289,,rD044,100195916,100.00,,
157.191269829,7212683,,rFF44,100195926,100.00,,
157.191269829,607277097,,instructions,100195876,100.00,1.62,insn per cycle
157.191269829,375736018,,cycles,100196626,100.00,,
157.291458048,6815,,rD044,100186705,100.00,,
157.291458048,6359795,,rFF44,100186605,100.00,,
157.291458048,564629353,,instructions,100186425,100.00,1.50,insn per cycle
157.291458048,375693260,,cycles,100185215,100.00,,
157.391645786,5531,,rD044,100186786,100.00,,
157.391645786,6002717,,rFF44,100186566,100.00,,
157.391645786,550207340,,instructions,100186906,100.00,1.46,insn per cycle
157.391645786,375701205,,cycles,100187346,100.00,,
157.491833325,268116,,rD044,100187495,100.00,,
157.491833325,11145739,,rFF44,100187205,100.00,,
157.491833325,775713131,,instructions,100187005,100.00,2.06,insn per cycle
157.491833325,375698731,,cycles,100186695,100.00,,
157.592026454,8112,,rD044,100181336,100.00,,
157.592026454,6522953,,rFF44,100181806,100.00,,
157.592026454,581573557,,instructions,100182766,100.00,1.55,insn per cycle
157.592026454,375656983,,cycles,100182836,100.00,,
157.692224662,21578,,rD044,100197685,100.00,,
157.692224662,6834545,,rFF44,100198045,100.00,,
157.692224662,601840983,,instructions,100197415,100.00,1.60,insn per cycle
157.692224662,375741360,,cycles,100197895,100.00,,
157.792410661,116006,,rD044,100185096,100.00,,
157.792410661,10669113,,rFF44,100184816,100.00,,
157.792410661,765117124,,instructions,100184376,100.00,2.04,insn per cycle
157.792410661,375688605,,cycles,100183946,100.00,,
157.892596870,52677,,rD044,100185275,100.00,,
157.892596870,6832756,,rFF44,100185935,100.00,,
157.892596870,585695063,,instructions,100187125,100.00,1.56,insn per cycle
157.892596870,375699503,,cycles,100186915,100.00,,
157.992784448,64065,,rD044,100158786,100.00,,
157.992784448,7327801,,rFF44,100157556,100.00,,
157.992784448,642570531,,instructions,100156866,100.00,1.71,insn per cycle
157.992784448,375556070,,cycles,100157966,100.00,,
158.092974947,31126,,rD044,100189935,100.00,,
158.092974947,7151784,,rFF44,100190305,100.00,,
158.092974947,634398415,,instructions,100189905,100.00,1.69,insn per cycle
158.092974947,375706084,,cycles,100188485,100.00,,
158.193162346,33322,,rD044,100187186,100.00,,
158.193162346,7908720,,rFF44,100187106,100.00,,
158.193162346,674938491,,instructions,100187936,100.00,1.80,insn per cycle
158.193162346,375706912,,cycles,100188856,100.00,,
158.293353924,20909,,rD044,100190526,100.00,,
158.293353924,6886115,,rFF44,100191496,100.00,,
158.293353924,575658040,,instructions,100190526,100.00,1.53,insn per cycle
158.293353924,375710353,,cycles,100189806,100.00,,
158.393543283,10240,,rD044,100188165,100.00,,
158.393543283,6058431,,rFF44,100187205,100.00,,
158.393543283,559768193,,instructions,100187755,100.00,1.49,insn per cycle
158.393543283,375702782,,cycles,100187735,100.00,,
158.493732422,596997,,rD044,100189316,100.00,,
158.493732422,22534151,,rFF44,100189966,100.00,,
158.493732422,1353780797,,instructions,100189086,100.00,3.60,insn per cycle
158.493732422,375708797,,cycles,100189366,100.00,,
158.593922880,697789,,rD044,100189355,100.00,,
158.593922880,25917118,,rFF44,100189015,100.00,,
158.593922880,1538223848,,instructions,100189405,100.00,4.09,insn per cycle
158.593922880,375709082,,cycles,100189445,100.00,,
158.694141549,1484264,,rD044,100217536,100.00,,
158.694141549,28324161,,rFF44,100218506,100.00,,
158.694141549,1709492920,,instructions,100218646,100.00,4.55,insn per cycle
158.694141549,375820679,,cycles,100219206,100.00,,
158.794331168,1680970,,rD044,100188675,100.00,,
158.794331168,27933906,,rFF44,100187635,100.00,,
158.794331168,1538771596,,instructions,100187815,100.00,4.10,insn per cycle
158.794331168,375699199,,cycles,100186815,100.00,,
158.894517067,201799,,rD044,100185396,100.00,,
158.894517067,10329006,,rFF44,100184806,100.00,,
158.894517067,805992564,,instructions,100185056,100.00,2.15,insn per cycle
158.894517067,375695074,,cycles,100185706,100.00,,
158.994704665,13534,,rD044,100152325,100.00,,
158.994704665,7008979,,rFF44,100152545,100.00,,
158.994704665,606440630,,instructions,100152245,100.00,1.61,insn per cycle
158.994704665,375541528,,cycles,100151815,100.00,,
159.094892054,45341,,rD044,100186866,100.00,,
159.094892054,7787241,,rFF44,100187466,100.00,,
159.094892054,679260984,,instructions,100186956,100.00,1.81,insn per cycle
159.094892054,375701024,,cycles,100187346,100.00,,
159.195082223,476404,,rD044,100190245,100.00,,
159.195082223,14881509,,rFF44,100190016,100.00,,
159.195082223,921643615,,instructions,100189836,100.00,2.45,insn per cycle
159.195082223,375753403,,cycles,100201246,100.00,,
159.295282041,25317,,rD044,100198016,100.00,,
159.295282041,6855394,,rFF44,100197985,100.00,,
159.295282041,598515259,,instructions,100199215,100.00,1.59,insn per cycle
159.295282041,375704868,,cycles,100188335,100.00,,
159.395469720,26285,,rD044,100187786,100.00,,
159.395469720,6691935,,rFF44,100187646,100.00,,
159.395469720,579827808,,instructions,100186896,100.00,1.54,insn per cycle
159.395469720,375696851,,cycles,100186186,100.00,,
159.495658289,13645,,rD044,100187165,100.00,,
159.495658289,6200601,,rFF44,100186795,100.00,,
159.495658289,585873196,,instructions,100187065,100.00,1.56,insn per cycle
159.495658289,375699150,,cycles,100186785,100.00,,
159.595846387,19745,,rD044,100188366,100.00,,
159.595846387,7513683,,rFF44,100189186,100.00,,
159.595846387,635561408,,instructions,100189386,100.00,1.69,insn per cycle
159.595846387,375707756,,cycles,100189106,100.00,,
159.696033856,30462,,rD044,100185625,100.00,,
159.696033856,7122943,,rFF44,100185115,100.00,,
159.696033856,579912335,,instructions,100184565,100.00,1.54,insn per cycle
159.696033856,375694939,,cycles,100185665,100.00,,
159.796233885,54312,,rD044,100199096,100.00,,
159.796233885,7283010,,rFF44,100199436,100.00,,
159.796233885,626856609,,instructions,100199376,100.00,1.67,insn per cycle
159.796233885,375743762,,cycles,100198696,100.00,,
159.896422743,51808,,rD044,100188155,100.00,,
159.896422743,7207976,,rFF44,100187975,100.00,,
159.896422743,625363585,,instructions,100187875,100.00,1.66,insn per cycle
159.896422743,375703385,,cycles,100187925,100.00,,
159.996611752,79903,,rD044,100134655,100.00,,
159.996611752,8539297,,rFF44,100134035,100.00,,
159.996611752,699307752,,instructions,100136065,100.00,1.86,insn per cycle
159.996611752,375482316,,cycles,100136475,100.00,,
160.096800871,493643,,rD044,100189395,100.00,,
160.096800871,17624911,,rFF44,100190805,100.00,,
160.096800871,1212023499,,instructions,100189135,100.00,3.23,insn per cycle
160.096800871,375706815,,cycles,100188675,100.00,,
160.196988769,991920,,rD044,100186596,100.00,,
160.196988769,24987226,,rFF44,100185536,100.00,,
160.196988769,1373048126,,instructions,100185536,100.00,3.65,insn per cycle
160.196988769,375694266,,cycles,100185496,100.00,,
160.297176178,74243,,rD044,100185966,100.00,,
160.297176178,8889482,,rFF44,100186376,100.00,,
160.297176178,711445125,,instructions,100186326,100.00,1.89,insn per cycle
160.297176178,375698672,,cycles,100186666,100.00,,
160.397362907,25107,,rD044,100185965,100.00,,
160.397362907,6330166,,rFF44,100185195,100.00,,
160.397362907,595366802,,instructions,100186185,100.00,1.58,insn per cycle
160.397362907,375694433,,cycles,100185535,100.00,,
160.497551805,4411,,rD044,100188846,100.00,,
160.497551805,6151224,,rFF44,100189706,100.00,,
160.497551805,562095511,,instructions,100188256,100.00,1.50,insn per cycle
160.497551805,375703641,,cycles,100188796,100.00,,
160.597755314,199742,,rD044,100202895,100.00,,
160.597755314,10972764,,rFF44,100202775,100.00,,
160.597755314,779224506,,instructions,100202875,100.00,2.07,insn per cycle
160.597755314,375759832,,cycles,100202965,100.00,,
160.697940483,3976,,rD044,100183636,100.00,,
160.697940483,6126318,,rFF44,100183816,100.00,,
160.697940483,545372487,,instructions,100183876,100.00,1.45,insn per cycle
160.697940483,375691199,,cycles,100184686,100.00,,
160.798127241,160034,,rD044,100186655,100.00,,
160.798127241,10121350,,rFF44,100187225,100.00,,
160.798127241,738408833,,instructions,100187135,100.00,1.97,insn per cycle
160.798127241,375696239,,cycles,100186025,100.00,,
160.898315790,7408,,rD044,100187286,100.00,,
160.898315790,6256470,,rFF44,100186376,100.00,,
160.898315790,561161796,,instructions,100186516,100.00,1.49,insn per cycle
160.898315790,375697541,,cycles,100186356,100.00,,
160.998504249,67268,,rD044,100158715,100.00,,
160.998504249,8210730,,rFF44,100158465,100.00,,
160.998504249,668604245,,instructions,100159045,100.00,1.78,insn per cycle
160.998504249,375570010,,cycles,100160145,100.00,,
161.098694377,12996,,rD044,100189776,100.00,,
161.098694377,6795019,,rFF44,100190126,100.00,,
161.098694377,577328540,,instructions,100190116,100.00,1.54,insn per cycle
161.098694377,375709526,,cycles,100189396,100.00,,
161.198880756,17590,,rD044,100184885,100.00,,
161.198880756,6812918,,rFF44,100184865,100.00,,
161.198880756,581308285,,instructions,100185235,100.00,1.55,insn per cycle
161.198880756,375694079,,cycles,100185445,100.00,,
161.299068165,12009,,rD044,100187456,100.00,,
161.299068165,6496547,,rFF44,100187426,100.00,,
161.299068165,556072519,,instructions,100186406,100.00,1.48,insn per cycle
161.299068165,375696904,,cycles,100186196,100.00,,
161.399291074,7121,,rD044,100221656,100.00,,
161.399291074,5607083,,rFF44,100221826,100.00,,
161.399291074,535230151,,instructions,100222556,100.00,1.42,insn per cycle
161.399291074,375834535,,cycles,100222896,100.00,,
161.499479412,159491,,rD044,100187605,100.00,,
161.499479412,10710137,,rFF44,100186915,100.00,,
161.499479412,783633306,,instructions,100187015,100.00,2.09,insn per cycle
161.499479412,375699158,,cycles,100186805,100.00,,
161.599670881,38779,,rD044,100180205,100.00,,
161.599670881,6865115,,rFF44,100180305,100.00,,
161.599670881,622348465,,instructions,100180555,100.00,1.66,insn per cycle
161.599670881,375648396,,cycles,100180575,100.00,,
161.699859350,110424,,rD044,100187545,100.00,,
161.699859350,8074280,,rFF44,100187635,100.00,,
161.699859350,657640714,,instructions,100186895,100.00,1.75,insn per cycle
161.699859350,375700074,,cycles,100186875,100.00,,
161.800046638,14821,,rD044,100187126,100.00,,
161.800046638,6575203,,rFF44,100187366,100.00,,
161.800046638,591183450,,instructions,100188066,100.00,1.57,insn per cycle
161.800046638,375701984,,cycles,100187556,100.00,,
161.900248727,23049,,rD044,100200485,100.00,,
161.900248727,6995196,,rFF44,100200635,100.00,,
161.900248727,639275478,,instructions,100200035,100.00,1.70,insn per cycle
161.900248727,375750423,,cycles,100200465,100.00,,
162.000435766,590973,,rD044,100154276,100.00,,
162.000435766,21247540,,rFF44,100154706,100.00,,
162.000435766,1126094422,,instructions,100154906,100.00,3.00,insn per cycle
162.000435766,375551327,,cycles,100154546,100.00,,
162.100626835,225895,,rD044,100188945,100.00,,
162.100626835,12746821,,rFF44,100189165,100.00,,
162.100626835,844195537,,instructions,100188955,100.00,2.25,insn per cycle
162.100626835,375706639,,cycles,100188785,100.00,,
162.200814623,17867,,rD044,100187536,100.00,,
162.200814623,6911010,,rFF44,100186406,100.00,,
162.200814623,591393611,,instructions,100187016,100.00,1.57,insn per cycle
162.200814623,375700259,,cycles,100186916,100.00,,
162.301001402,34016,,rD044,100186136,100.00,,
162.301001402,6362107,,rFF44,100186546,100.00,,
162.301001402,575525446,,instructions,100185336,100.00,1.53,insn per cycle
162.301001402,375694386,,cycles,100185706,100.00,,
162.401186780,87647,,rD044,100184565,100.00,,
162.401186780,8364703,,rFF44,100186025,100.00,,
162.401186780,652913778,,instructions,100186315,100.00,1.74,insn per cycle
162.401186780,375698266,,cycles,100186565,100.00,,
162.501375379,13739,,rD044,100187796,100.00,,
162.501375379,6090518,,rFF44,100186186,100.00,,
162.501375379,570030642,,instructions,100186356,100.00,1.52,insn per cycle
162.501375379,375696084,,cycles,100185976,100.00,,
162.601562778,36454,,rD044,100186355,100.00,,
162.601562778,7121875,,rFF44,100187165,100.00,,
162.601562778,592789879,,instructions,100186855,100.00,1.58,insn per cycle
162.601562778,375702179,,cycles,100187605,100.00,,
162.701752426,42337,,rD044,100189636,100.00,,
162.701752426,6897610,,rFF44,100188766,100.00,,
162.701752426,589152122,,instructions,100189036,100.00,1.57,insn per cycle
162.701752426,375710126,,cycles,100189716,100.00,,
162.801940295,314352,,rD044,100186665,100.00,,
162.801940295,14604098,,rFF44,100187085,100.00,,
162.801940295,869105656,,instructions,100187115,100.00,2.31,insn per cycle
162.801940295,375695496,,cycles,100185825,100.00,,
162.902128994,10006,,rD044,100187786,100.00,,
162.902128994,5738792,,rFF44,100187656,100.00,,
162.902128994,533669377,,instructions,100188596,100.00,1.42,insn per cycle
162.902128994,375707637,,cycles,100189066,100.00,,
163.002318382,49209,,rD044,100137145,100.00,,
163.002318382,6682118,,rFF44,100137125,100.00,,
163.002318382,582032824,,instructions,100136315,100.00,1.55,insn per cycle
163.002318382,375480734,,cycles,100135945,100.00,,
163.102505301,78788,,rD044,100186626,100.00,,
163.102505301,7940885,,rFF44,100187136,100.00,,
163.102505301,633391306,,instructions,100186826,100.00,1.69,insn per cycle
163.102505301,375699594,,cycles,100186926,100.00,,
163.202692410,4771,,rD044,100185425,100.00,,
163.202692410,5902990,,rFF44,100185175,100.00,,
163.202692410,517684849,,instructions,100186415,100.00,1.38,insn per cycle
163.202692410,375698818,,cycles,100186705,100.00,,
163.302882078,43101,,rD044,100189506,100.00,,
163.302882078,6955375,,rFF44,100190066,100.00,,
163.302882078,588551611,,instructions,100188786,100.00,1.57,insn per cycle
163.302882078,375705665,,cycles,100188526,100.00,,
163.403073177,47583,,rD044,100190255,100.00,,
163.403073177,7575225,,rFF44,100190175,100.00,,
163.403073177,603542642,,instructions,100190285,100.00,1.61,insn per cycle
163.403073177,375710634,,cycles,100189866,100.00,,
163.503302216,59645,,rD044,100228246,100.00,,
163.503302216,7091788,,rFF44,100227486,100.00,,
163.503302216,588263446,,instructions,100228246,100.00,1.57,insn per cycle
163.503302216,375855012,,cycles,100229165,100.00,,
163.603499065,28498,,rD044,100195966,100.00,,
163.603499065,6648341,,rFF44,100196136,100.00,,
163.603499065,590780503,,instructions,100195196,100.00,1.57,insn per cycle
163.603499065,375722377,,cycles,100194636,100.00,,
163.703690874,24479,,rD044,100190735,100.00,,
163.703690874,6434443,,rFF44,100190495,100.00,,
163.703690874,573546982,,instructions,100190795,100.00,1.53,insn per cycle
163.703690874,375715106,,cycles,100191055,100.00,,
163.803877742,313143,,rD044,100186426,100.00,,
163.803877742,14098760,,rFF44,100186566,100.00,,
163.803877742,825663670,,instructions,100186576,100.00,2.20,insn per cycle
163.803877742,375696364,,cycles,100186046,100.00,,
163.904064821,5431,,rD044,100186985,100.00,,
163.904064821,7030074,,rFF44,100187285,100.00,,
163.904064821,586667928,,instructions,100187425,100.00,1.56,insn per cycle
163.904064821,375700582,,cycles,100187175,100.00,,
164.004268030,5866,,rD044,100201526,100.00,,
164.004268030,5383369,,rFF44,100201136,100.00,,
164.004268030,519529549,,instructions,100201616,100.00,1.38,insn per cycle
164.004268030,375760287,,cycles,100203116,100.00,,
164.104457898,3745,,rD044,100160755,100.00,,
164.104457898,5773697,,rFF44,100161285,100.00,,
164.104457898,517138439,,instructions,100161736,100.00,1.38,insn per cycle
164.104457898,375574242,,cycles,100160656,100.00,,
164.204648087,5507,,rD044,100189786,100.00,,
164.204648087,6043308,,rFF44,100189266,100.00,,
164.204648087,547017547,,instructions,100188385,100.00,1.46,insn per cycle
164.204648087,375702846,,cycles,100187775,100.00,,
164.304835676,162146,,rD044,100186736,100.00,,
164.304835676,14882818,,rFF44,100187066,100.00,,
164.304835676,931544388,,instructions,100186956,100.00,2.48,insn per cycle
164.304835676,375701504,,cycles,100187436,100.00,,
164.405023614,20719,,rD044,100187165,100.00,,
164.405023614,7275667,,rFF44,100187235,100.00,,
164.405023614,577526831,,instructions,100187205,100.00,1.54,insn per cycle
164.405023614,375700617,,cycles,100187185,100.00,,
164.505223683,19140,,rD044,100199806,100.00,,
164.505223683,5820937,,rFF44,100199616,100.00,,
164.505223683,536062774,,instructions,100199156,100.00,1.43,insn per cycle
164.505223683,375744818,,cycles,100198976,100.00,,
164.605411822,19312,,rD044,100186535,100.00,,
164.605411822,6776203,,rFF44,100186495,100.00,,
164.605411822,623302375,,instructions,100187155,100.00,1.66,insn per cycle
164.605411822,375701185,,cycles,100187335,100.00,,
164.705600430,95252,,rD044,100188236,100.00,,
164.705600430,10055951,,rFF44,100187946,100.00,,
164.705600430,696102612,,instructions,100187786,100.00,1.85,insn per cycle
164.705600430,375703691,,cycles,100188016,100.00,,
164.805787849,5834,,rD044,100186105,100.00,,
164.805787849,5317948,,rFF44,100186555,100.00,,
164.805787849,516652590,,instructions,100187395,100.00,1.38,insn per cycle
164.805787849,375701227,,cycles,100187335,100.00,,
164.905976848,34872,,rD044,100189526,100.00,,
164.905976848,7001600,,rFF44,100189696,100.00,,
164.905976848,592625281,,instructions,100188996,100.00,1.58,insn per cycle
164.905976848,375709788,,cycles,100189546,100.00,,
165.006167956,5665,,rD044,100158305,100.00,,
165.006167956,6782287,,rFF44,100157665,100.00,,
165.006167956,564269899,,instructions,100157445,100.00,1.50,insn per cycle
165.006167956,375561051,,cycles,100157315,100.00,,
165.106356765,2474,,rD044,100188416,100.00,,
165.106356765,5515673,,rFF44,100188866,100.00,,
165.106356765,520036635,,instructions,100189426,100.00,1.38,insn per cycle
165.106356765,375705034,,cycles,100188366,100.00,,
165.206543314,161590,,rD044,100186085,100.00,,
165.206543314,9337755,,rFF44,100185805,100.00,,
165.206543314,700952790,,instructions,100185326,100.00,1.87,insn per cycle
165.206543314,375698841,,cycles,100186716,100.00,,
165.306735372,59804,,rD044,100190816,100.00,,
165.306735372,8866334,,rFF44,100190676,100.00,,
165.306735372,701513244,,instructions,100191045,100.00,1.87,insn per cycle
165.306735372,375713422,,cycles,100190595,100.00,,
165.406923061,38675,,rD044,100186966,100.00,,
165.406923061,7414614,,rFF44,100187086,100.00,,
165.406923061,633595371,,instructions,100186606,100.00,1.69,insn per cycle
165.406923061,375701154,,cycles,100187336,100.00,,
165.507142740,11031,,rD044,100218645,100.00,,
165.507142740,5999947,,rFF44,100218755,100.00,,
165.507142740,586730850,,instructions,100219015,100.00,1.56,insn per cycle
165.507142740,375816617,,cycles,100218115,100.00,,
165.607336649,556679,,rD044,100183886,100.00,,
165.607336649,15362401,,rFF44,100183976,100.00,,
165.607336649,1088988030,,instructions,100183746,100.00,2.90,insn per cycle
165.607336649,375656214,,cycles,100183676,100.00,,
165.707544608,518751,,rD044,100207695,100.00,,
165.707544608,24169882,,rFF44,100207705,100.00,,
165.707544608,1414352933,,instructions,100207555,100.00,3.76,insn per cycle
165.707544608,375777441,,cycles,100207665,100.00,,
165.807735536,1472605,,rD044,100190256,100.00,,
165.807735536,28147735,,rFF44,100189986,100.00,,
165.807735536,1410143660,,instructions,100190786,100.00,3.75,insn per cycle
165.807735536,375713155,,cycles,100190526,100.00,,
165.907926845,478273,,rD044,100189725,100.00,,
165.907926845,15378600,,rFF44,100190306,100.00,,
165.907926845,986882041,,instructions,100190446,100.00,2.63,insn per cycle
165.907926845,375712095,,cycles,100190266,100.00,,
166.008115554,520570,,rD044,100145246,100.00,,
166.008115554,14960515,,rFF44,100145225,100.00,,
166.008115554,961657457,,instructions,100143925,100.00,2.56,insn per cycle
166.008115554,375509989,,cycles,100144365,100.00,,
166.108303792,16214,,rD044,100188436,100.00,,
166.108303792,7290797,,rFF44,100187956,100.00,,
166.108303792,662085499,,instructions,100188806,100.00,1.76,insn per cycle
166.108303792,375704710,,cycles,100188286,100.00,,
166.208493401,82401,,rD044,100188075,100.00,,
166.208493401,9040102,,rFF44,100188095,100.00,,
166.208493401,763289751,,instructions,100188025,100.00,2.03,insn per cycle
166.208493401,375705570,,cycles,100188405,100.00,,
166.308682940,59960,,rD044,100188766,100.00,,
166.308682940,8107165,,rFF44,100188916,100.00,,
166.308682940,706512131,,instructions,100189126,100.00,1.88,insn per cycle
166.308682940,375707948,,cycles,100189246,100.00,,
166.408870658,180101,,rD044,100187335,100.00,,
166.408870658,9327994,,rFF44,100187255,100.00,,
166.408870658,760808846,,instructions,100186525,100.00,2.03,insn per cycle
166.408870658,375696646,,cycles,100186125,100.00,,
166.509057647,32359,,rD044,100186686,100.00,,
166.509057647,7995319,,rFF44,100187246,100.00,,
166.509057647,717644393,,instructions,100188326,100.00,1.91,insn per cycle
166.509057647,375708090,,cycles,100189176,100.00,,
166.609259036,159914,,rD044,100200065,100.00,,
166.609259036,11324996,,rFF44,100200145,100.00,,
166.609259036,871964865,,instructions,100199665,100.00,2.32,insn per cycle
166.609259036,375745604,,cycles,100199175,100.00,,
166.709448144,71290,,rD044,100187986,100.00,,
166.709448144,8221254,,rFF44,100187256,100.00,,
166.709448144,709963751,,instructions,100186526,100.00,1.89,insn per cycle
166.709448144,375699243,,cycles,100186826,100.00,,
166.809634523,105299,,rD044,100186085,100.00,,
166.809634523,8019655,,rFF44,100186255,100.00,,
166.809634523,691188687,,instructions,100186195,100.00,1.84,insn per cycle
166.809634523,375695655,,cycles,100185865,100.00,,
166.909823402,70890,,rD044,100188166,100.00,,
166.909823402,8149477,,rFF44,100188276,100.00,,
166.909823402,704879194,,instructions,100189296,100.00,1.88,insn per cycle
166.909823402,375709353,,cycles,100189516,100.00,,
167.010011720,232159,,rD044,100166205,100.00,,
167.010011720,11413924,,rFF44,100166115,100.00,,
167.010011720,834031507,,instructions,100165686,100.00,2.22,insn per cycle
167.010011720,375593925,,cycles,100165766,100.00,,
167.110200669,27612,,rD044,100187906,100.00,,
167.110200669,7719577,,rFF44,100188226,100.00,,
167.110200669,689848005,,instructions,100187395,100.00,1.84,insn per cycle
167.110200669,375701976,,cycles,100187565,100.00,,
167.210387238,147132,,rD044,100186066,100.00,,
167.210387238,10575846,,rFF44,100186156,100.00,,
167.210387238,783406644,,instructions,100186546,100.00,2.09,insn per cycle
167.210387238,375696061,,cycles,100185826,100.00,,
167.310574316,87581,,rD044,100186655,100.00,,
167.310574316,8523403,,rFF44,100185605,100.00,,
167.310574316,694034574,,instructions,100185965,100.00,1.85,insn per cycle
167.310574316,375694700,,cycles,100185705,100.00,,
167.410762835,17322,,rD044,100187236,100.00,,
167.410762835,6539510,,rFF44,100188116,100.00,,
167.410762835,597205867,,instructions,100188076,100.00,1.59,insn per cycle
167.410762835,375707138,,cycles,100188966,100.00,,
167.510951084,114016,,rD044,100187655,100.00,,
167.510951084,9883522,,rFF44,100187175,100.00,,
167.510951084,736820071,,instructions,100187115,100.00,1.96,insn per cycle
167.510951084,375697282,,cycles,100186295,100.00,,
167.611138992,6958,,rD044,100186576,100.00,,
167.611138992,6215900,,rFF44,100186906,100.00,,
167.611138992,586105654,,instructions,100186786,100.00,1.56,insn per cycle
167.611138992,375699382,,cycles,100186856,100.00,,
167.711327461,8776,,rD044,100187925,100.00,,
167.711327461,6605859,,rFF44,100187615,100.00,,
167.711327461,606741746,,instructions,100187225,100.00,1.61,insn per cycle
167.711327461,375701412,,cycles,100187395,100.00,,
167.811513930,138254,,rD044,100186646,100.00,,
167.811513930,12163535,,rFF44,100186466,100.00,,
167.811513930,828841268,,instructions,100187496,100.00,2.21,insn per cycle
167.811513930,375702760,,cycles,100187766,100.00,,
167.911703828,16928,,rD044,100188895,100.00,,
167.911703828,6586926,,rFF44,100188995,100.00,,
167.911703828,591384019,,instructions,100188585,100.00,1.57,insn per cycle
167.911703828,375704640,,cycles,100188255,100.00,,
168.011893237,9929,,rD044,100169566,100.00,,
168.011893237,6574004,,rFF44,100169886,100.00,,
168.011893237,595899330,,instructions,100169896,100.00,1.59,insn per cycle
168.011893237,375608605,,cycles,100170156,100.00,,
168.112083896,26311,,rD044,100189505,100.00,,
168.112083896,7295292,,rFF44,100189405,100.00,,
168.112083896,623455588,,instructions,100189095,100.00,1.66,insn per cycle
168.112083896,375826654,,cycles,100220546,100.00,,
168.212302785,21839,,rD044,100217776,100.00,,
168.212302785,7053674,,rFF44,100217986,100.00,,
168.212302785,621591792,,instructions,100218326,100.00,1.65,insn per cycle
168.212302785,375698295,,cycles,100186605,100.00,,
168.312493593,63398,,rD044,100190816,100.00,,
168.312493593,9779417,,rFF44,100190596,100.00,,
168.312493593,729572795,,instructions,100190656,100.00,1.94,insn per cycle
168.312493593,375715427,,cycles,100191186,100.00,,
168.412682382,227830,,rD044,100187525,100.00,,
168.412682382,9161145,,rFF44,100187375,100.00,,
168.412682382,689868652,,instructions,100186985,100.00,1.84,insn per cycle
168.412682382,375698588,,cycles,100186635,100.00,,
168.512872171,68910,,rD044,100189576,100.00,,
168.512872171,8490415,,rFF44,100189606,100.00,,
168.512872171,664657555,,instructions,100189476,100.00,1.77,insn per cycle
168.512872171,375707577,,cycles,100189056,100.00,,
168.613061019,56041,,rD044,100187155,100.00,,
168.613061019,7709813,,rFF44,100187575,100.00,,
168.613061019,622695148,,instructions,100188415,100.00,1.66,insn per cycle
168.613061019,375709170,,cycles,100189465,100.00,,
168.713263068,21289,,rD044,100200886,100.00,,
168.713263068,6324280,,rFF44,100200376,100.00,,
168.713263068,559900899,,instructions,100200596,100.00,1.49,insn per cycle
168.713263068,375747946,,cycles,100199816,100.00,,
168.813451937,25494,,rD044,100188255,100.00,,
168.813451937,6623564,,rFF44,100188365,100.00,,
168.813451937,608852744,,instructions,100187725,100.00,1.62,insn per cycle
168.813451937,375700336,,cycles,100187885,100.00,,
168.913639055,917915,,rD044,100187756,100.00,,
168.913639055,25104641,,rFF44,100187236,100.00,,
168.913639055,1416684182,,instructions,100187386,100.00,3.77,insn per cycle
168.913639055,375699409,,cycles,100186886,100.00,,
169.013827264,552667,,rD044,100186155,100.00,,
169.013827264,23799275,,rFF44,100186445,100.00,,
169.013827264,1373629015,,instructions,100186325,100.00,3.66,insn per cycle
169.013827264,375698873,,cycles,100186725,100.00,,
169.114014753,175923,,rD044,100187126,100.00,,
169.114014753,10507656,,rFF44,100186956,100.00,,
169.114014753,702884907,,instructions,100186526,100.00,1.87,insn per cycle
169.114014753,375697339,,cycles,100186286,100.00,,
169.214202531,21645,,rD044,100186796,100.00,,
169.214202531,6375535,,rFF44,100187006,100.00,,
169.214202531,613073986,,instructions,100187276,100.00,1.63,insn per cycle
169.214202531,375701857,,cycles,100187546,100.00,,
169.314390840,72589,,rD044,100187135,100.00,,
169.314390840,10761345,,rFF44,100187645,100.00,,
169.314390840,710076823,,instructions,100187535,100.00,1.89,insn per cycle
169.314390840,375704393,,cycles,100188165,100.00,,
169.414580469,6081,,rD044,100189316,100.00,,
169.414580469,5674383,,rFF44,100189076,100.00,,
169.414580469,528111750,,instructions,100188786,100.00,1.41,insn per cycle
169.414580469,375703556,,cycles,100188006,100.00,,
169.514766737,59100,,rD044,100185165,100.00,,
169.514766737,7490722,,rFF44,100185185,100.00,,
169.514766737,616690590,,instructions,100185325,100.00,1.64,insn per cycle
169.514766737,375692868,,cycles,100185105,100.00,,
169.614959566,31697,,rD044,100182416,100.00,,
169.614959566,6621590,,rFF44,100183506,100.00,,
169.614959566,579028679,,instructions,100183416,100.00,1.54,insn per cycle
169.614959566,375662683,,cycles,100184146,100.00,,
169.715148535,239374,,rD044,100188225,100.00,,
169.715148535,11884347,,rFF44,100187535,100.00,,
169.715148535,815184341,,instructions,100188635,100.00,2.17,insn per cycle
169.715148535,375705094,,cycles,100188385,100.00,,
169.815340033,81701,,rD044,100190276,100.00,,
169.815340033,9706158,,rFF44,100189786,100.00,,
169.815340033,669972004,,instructions,100189396,100.00,1.78,insn per cycle
169.815340033,375709520,,cycles,100189576,100.00,,
169.915529632,6411,,rD044,100189105,100.00,,
169.915529632,5388351,,rFF44,100189305,100.00,,
169.915529632,505973655,,instructions,100189175,100.00,1.35,insn per cycle
169.915529632,375708245,,cycles,100189215,100.00,,
170.015719571,18704,,rD044,100188816,100.00,,
170.015719571,6833963,,rFF44,100188536,100.00,,
170.015719571,573282060,,instructions,100187846,100.00,1.53,insn per cycle
170.015719571,375701309,,cycles,100187366,100.00,,
170.115906609,3908,,rD044,100186525,100.00,,
170.115906609,5401020,,rFF44,100186515,100.00,,
170.115906609,509369898,,instructions,100187015,100.00,1.36,insn per cycle
170.115906609,375700435,,cycles,100187145,100.00,,
170.216094258,3536,,rD044,100187436,100.00,,
170.216094258,6466061,,rFF44,100216936,100.00,,
170.216094258,545953714,,instructions,100217416,100.00,1.45,insn per cycle
170.216094258,375817035,,cycles,100218226,100.00,,
170.316313077,11892,,rD044,100216966,100.00,,
170.316313077,6412057,,rFF44,100187286,100.00,,
170.316313077,595015370,,instructions,100186616,100.00,1.58,insn per cycle
170.316313077,375695872,,cycles,100185926,100.00,,
170.416500726,81901,,rD044,100187475,100.00,,
170.416500726,8720358,,rFF44,100187645,100.00,,
170.416500726,684968080,,instructions,100188315,100.00,1.82,insn per cycle
170.416500726,375704692,,cycles,100188275,100.00,,
170.516689354,15152,,rD044,100187646,100.00,,
170.516689354,6651864,,rFF44,100187106,100.00,,
170.516689354,605467288,,instructions,100186396,100.00,1.61,insn per cycle
170.516689354,375697389,,cycles,100186326,100.00,,
170.616874183,365439,,rD044,100183735,100.00,,
170.616874183,14012875,,rFF44,100184475,100.00,,
170.616874183,880993147,,instructions,100184945,100.00,2.34,insn per cycle
170.616874183,375693324,,cycles,100185235,100.00,,
170.717064252,24018,,rD044,100189416,100.00,,
170.717064252,6819443,,rFF44,100189066,100.00,,
170.717064252,609863827,,instructions,100188776,100.00,1.62,insn per cycle
170.717064252,375702111,,cycles,100188416,100.00,,
170.817276550,27086,,rD044,100211335,100.00,,
170.817276550,7450057,,rFF44,100211675,100.00,,
170.817276550,612713721,,instructions,100211855,100.00,1.63,insn per cycle
170.817276550,375792493,,cycles,100211685,100.00,,
170.917465229,38636,,rD044,100187896,100.00,,
170.917465229,7488252,,rFF44,100187696,100.00,,
170.917465229,655459119,,instructions,100187846,100.00,1.74,insn per cycle
170.917465229,375705596,,cycles,100188516,100.00,,
171.017654108,111766,,rD044,100188905,100.00,,
171.017654108,11816229,,rFF44,100189095,100.00,,
171.017654108,878681595,,instructions,100188905,100.00,2.34,insn per cycle
171.017654108,375705403,,cycles,100188456,100.00,,
171.117843476,104571,,rD044,100188196,100.00,,
171.117843476,10451412,,rFF44,100188026,100.00,,
171.117843476,750772537,,instructions,100187306,100.00,2.00,insn per cycle
171.117843476,375700113,,cycles,100187065,100.00,,
171.218031755,43849,,rD044,100187126,100.00,,
171.218031755,7416836,,rFF44,100187226,100.00,,
171.218031755,638452068,,instructions,100188126,100.00,1.70,insn per cycle
171.218031755,375706236,,cycles,100188686,100.00,,
171.318247264,45500,,rD044,100214385,100.00,,
171.318247264,6708399,,rFF44,100214535,100.00,,
171.318247264,613837014,,instructions,100214865,100.00,1.63,insn per cycle
171.318247264,375801877,,cycles,100214185,100.00,,
171.418435293,26084,,rD044,100187696,100.00,,
171.418435293,7021893,,rFF44,100187356,100.00,,
171.418435293,616802399,,instructions,100186956,100.00,1.64,insn per cycle
171.418435293,375701412,,cycles,100187396,100.00,,
171.518623581,175226,,rD044,100187685,100.00,,
171.518623581,10948864,,rFF44,100187555,100.00,,
171.518623581,783274476,,instructions,100187305,100.00,2.08,insn per cycle
171.518623581,375700634,,cycles,100187195,100.00,,
171.618810760,39811,,rD044,100186456,100.00,,
171.618810760,7168910,,rFF44,100187606,100.00,,
171.618810760,613657916,,instructions,100187666,100.00,1.63,insn per cycle
171.618810760,375704805,,cycles,100188306,100.00,,
171.719000989,5927,,rD044,100189165,100.00,,
171.719000989,6326974,,rFF44,100188205,100.00,,
171.719000989,597314474,,instructions,100188435,100.00,1.59,insn per cycle
171.719000989,375702164,,cycles,100187565,100.00,,
171.819187677,154045,,rD044,100185596,100.00,,
171.819187677,9572038,,rFF44,100185516,100.00,,
171.819187677,717728063,,instructions,100185876,100.00,1.91,insn per cycle
171.819187677,375698003,,cycles,100186516,100.00,,
171.919376486,21501,,rD044,100188775,100.00,,
171.919376486,7607750,,rFF44,100188745,100.00,,
171.919376486,639037768,,instructions,100188435,100.00,1.70,insn per cycle
171.919376486,375704552,,cycles,100188245,100.00,,
172.019565945,7957,,rD044,100187616,100.00,,
172.019565945,6186945,,rFF44,100187626,100.00,,
172.019565945,557540460,,instructions,100186896,100.00,1.48,insn per cycle
172.019565945,375700486,,cycles,100187116,100.00,,
172.119752863,34376,,rD044,100187406,100.00,,
172.119752863,7252953,,rFF44,100187596,100.00,,
172.119752863,634455920,,instructions,100188426,100.00,1.69,insn per cycle
172.119752863,375705123,,cycles,100188416,100.00,,
172.219941242,24299,,rD044,100187305,100.00,,
172.219941242,7395094,,rFF44,100186945,100.00,,
172.219941242,627917909,,instructions,100186855,100.00,1.67,insn per cycle
172.219941242,375697312,,cycles,100186305,100.00,,
172.320130511,454147,,rD044,100188116,100.00,,
172.320130511,14837056,,rFF44,100188526,100.00,,
172.320130511,945587462,,instructions,100188216,100.00,2.52,insn per cycle
172.320130511,375704954,,cycles,100188346,100.00,,
172.420319109,33753,,rD044,100187745,100.00,,
172.420319109,9568728,,rFF44,100187575,100.00,,
172.420319109,742648107,,instructions,100187615,100.00,1.98,insn per cycle
172.420319109,375702668,,cycles,100187735,100.00,,
172.520506778,277465,,rD044,100187136,100.00,,
172.520506778,13169195,,rFF44,100187336,100.00,,
172.520506778,927227806,,instructions,100187816,100.00,2.47,insn per cycle
172.520506778,375703428,,cycles,100187936,100.00,,
172.620696967,31517,,rD044,100189375,100.00,,
172.620696967,6496459,,rFF44,100189045,100.00,,
172.620696967,575702314,,instructions,100188825,100.00,1.53,insn per cycle
172.620696967,375707222,,cycles,100188945,100.00,,
172.720887435,9022,,rD044,100189926,100.00,,
172.720887435,6254776,,rFF44,100189876,100.00,,
172.720887435,583105993,,instructions,100189756,100.00,1.55,insn per cycle
172.720887435,375710160,,cycles,100189736,100.00,,
172.821076024,58482,,rD044,100187465,100.00,,
172.821076024,7735961,,rFF44,100187915,100.00,,
172.821076024,669260510,,instructions,100187745,100.00,1.78,insn per cycle
172.821076024,375701094,,cycles,100187315,100.00,,
172.921295223,75540,,rD044,100218946,100.00,,
172.921295223,7358981,,rFF44,100218976,100.00,,
172.921295223,612747972,,instructions,100219386,100.00,1.63,insn per cycle
172.921295223,375821884,,cycles,100219516,100.00,,
173.021486142,224684,,rD044,100189725,100.00,,
173.021486142,11373858,,rFF44,100189916,100.00,,
173.021486142,803234369,,instructions,100189326,100.00,2.14,insn per cycle
173.021486142,375710923,,cycles,100189946,100.00,,
173.121673980,31182,,rD044,100186596,100.00,,
173.121673980,8163692,,rFF44,100186265,100.00,,
173.121673980,660066261,,instructions,100186325,100.00,1.76,insn per cycle
173.121673980,375697451,,cycles,100186345,100.00,,
173.221860369,20165,,rD044,100185566,100.00,,
173.221860369,6432441,,rFF44,100186056,100.00,,
173.221860369,581013102,,instructions,100186086,100.00,1.55,insn per cycle
173.221860369,375694775,,cycles,100185566,100.00,,
173.322046817,46676,,rD044,100186145,100.00,,
173.322046817,7400995,,rFF44,100185635,100.00,,
173.322046817,664877084,,instructions,100186175,100.00,1.77,insn per cycle
173.322046817,375698908,,cycles,100186755,100.00,,
173.422247766,63934,,rD044,100199936,100.00,,
173.422247766,7518703,,rFF44,100200376,100.00,,
173.422247766,660250314,,instructions,100200416,100.00,1.76,insn per cycle
173.422247766,375747027,,cycles,100199596,100.00,,
173.522437415,21273,,rD044,100189485,100.00,,
173.522437415,6074181,,rFF44,100189425,100.00,,
173.522437415,612878108,,instructions,100188795,100.00,1.63,insn per cycle
173.522437415,375709409,,cycles,100189525,100.00,,
173.622627984,1463,,rD044,100178186,100.00,,
173.622627984,2425496,,rFF44,100177416,100.00,,
173.622627984,541846907,,instructions,100177386,100.00,1.44,insn per cycle
173.622627984,375637722,,cycles,100177286,100.00,,
173.722814772,1482,,rD044,100186235,100.00,,
173.722814772,2424759,,rFF44,100186765,100.00,,
173.722814772,541866325,,instructions,100187095,100.00,1.44,insn per cycle
173.722814772,375699313,,cycles,100186825,100.00,,
173.823002211,1498,,rD044,100186136,100.00,,
173.823002211,2424535,,rFF44,100185856,100.00,,
173.823002211,541654341,,instructions,100185556,100.00,1.44,insn per cycle
173.823002211,375693469,,cycles,100185296,100.00,,
173.923188170,1258,,rD044,100185195,100.00,,
173.923188170,2427361,,rFF44,100185765,100.00,,
173.923188170,541965790,,instructions,100186245,100.00,1.44,insn per cycle
173.923188170,375700367,,cycles,100187105,100.00,,
174.023377108,1415,,rD044,100189076,100.00,,
174.023377108,2427245,,rFF44,100189116,100.00,,
174.023377108,542117301,,instructions,100189046,100.00,1.44,insn per cycle
174.023377108,375703572,,cycles,100187986,100.00,,
174.123565027,1371,,rD044,100186635,100.00,,
174.123565027,2427879,,rFF44,100185835,100.00,,
174.123565027,542560025,,instructions,100185625,100.00,1.44,insn per cycle
174.123565027,375696449,,cycles,100186066,100.00,,
174.223751676,1824,,rD044,100185756,100.00,,
174.223751676,2427443,,rFF44,100185876,100.00,,
174.223751676,542091143,,instructions,100185856,100.00,1.44,insn per cycle
174.223751676,375695011,,cycles,100185705,100.00,,
174.323939064,1380,,rD044,100186606,100.00,,
174.323939064,2427429,,rFF44,100186466,100.00,,
174.323939064,542031425,,instructions,100186636,100.00,1.44,insn per cycle
174.323939064,375697473,,cycles,100186336,100.00,,
174.424125963,1286,,rD044,100186085,100.00,,
174.424125963,2424796,,rFF44,100186465,100.00,,
174.424125963,541808045,,instructions,100185885,100.00,1.44,insn per cycle
174.424125963,375698028,,cycles,100186505,100.00,,
174.524313531,1379,,rD044,100187266,100.00,,
174.524313531,2426431,,rFF44,100186686,100.00,,
174.524313531,542265387,,instructions,100186936,100.00,1.44,insn per cycle
174.524313531,375698882,,cycles,100186726,100.00,,
174.624499640,1438,,rD044,100185005,100.00,,
174.624499640,2426595,,rFF44,100185895,100.00,,
174.624499640,541569131,,instructions,100186185,100.00,1.44,insn per cycle
174.624499640,375697981,,cycles,100186475,100.00,,
174.724686819,1309,,rD044,100186466,100.00,,
174.724686819,2425196,,rFF44,100185876,100.00,,
174.724686819,541593395,,instructions,100186206,100.00,1.44,insn per cycle
174.724686819,375697184,,cycles,100186266,100.00,,
174.824874707,1401,,rD044,100187045,100.00,,
174.824874707,2427056,,rFF44,100187215,100.00,,
174.824874707,542063253,,instructions,100186855,100.00,1.44,insn per cycle
174.824874707,375700488,,cycles,100187155,100.00,,
174.925060356,1308,,rD044,100184776,100.00,,
174.925060356,2428015,,rFF44,100184776,100.00,,
174.925060356,542483078,,instructions,100184426,100.00,1.44,insn per cycle
174.925060356,375688025,,cycles,100183836,100.00,,
175.025277775,1421,,rD044,100217215,100.00,,
175.025277775,2428143,,rFF44,100217945,100.00,,
175.025277775,542190672,,instructions,100219215,100.00,1.44,insn per cycle
175.025277775,375819874,,cycles,100218995,100.00,,
175.125468254,1479,,rD044,100188786,100.00,,
175.125468254,2427344,,rFF44,100188226,100.00,,
175.125468254,542131030,,instructions,100187206,100.00,1.44,insn per cycle
175.125468254,375703877,,cycles,100188046,100.00,,
175.225656402,1852,,rD044,100187865,100.00,,
175.225656402,2425726,,rFF44,100187075,100.00,,
175.225656402,541314921,,instructions,100187556,100.00,1.44,insn per cycle
175.225656402,375700511,,cycles,100187156,100.00,,
175.325844491,1411,,rD044,100187006,100.00,,
175.325844491,2428946,,rFF44,100187766,100.00,,
175.325844491,541974989,,instructions,100187655,100.00,1.44,insn per cycle
175.325844491,375704059,,cycles,100188115,100.00,,
175.426034170,1431,,rD044,100189726,100.00,,
175.426034170,2429554,,rFF44,100189296,100.00,,
175.426034170,542171231,,instructions,100188986,100.00,1.44,insn per cycle
175.426034170,375703001,,cycles,100187816,100.00,,
175.526237428,1346,,rD044,100201945,100.00,,
175.526237428,2430464,,rFF44,100202485,100.00,,
175.526237428,541938197,,instructions,100203305,100.00,1.44,insn per cycle
175.526237428,375761122,,cycles,100203315,100.00,,
175.626426057,1397,,rD044,100187656,100.00,,
175.626426057,2427531,,rFF44,100187256,100.00,,
175.626426057,541345925,,instructions,100186206,100.00,1.44,insn per cycle
175.626426057,375696603,,cycles,100186086,100.00,,
175.726611686,1406,,rD044,100185185,100.00,,
175.726611686,2429340,,rFF44,100185255,100.00,,
175.726611686,541771536,,instructions,100185205,100.00,1.44,insn per cycle
175.726611686,375695881,,cycles,100185965,100.00,,
175.826800954,2123,,rD044,100188806,100.00,,
175.826800954,2429996,,rFF44,100189336,100.00,,
175.826800954,542000561,,instructions,100190486,100.00,1.44,insn per cycle
175.826800954,375711440,,cycles,100190866,100.00,,
175.926992493,1361,,rD044,100190205,100.00,,
175.926992493,2431600,,rFF44,100189535,100.00,,
175.926992493,542445549,,instructions,100188325,100.00,1.44,insn per cycle
175.926992493,375701461,,cycles,100187415,100.00,,
176.027178872,1432,,rD044,100185546,100.00,,
176.027178872,2429681,,rFF44,100185926,100.00,,
176.027178872,541469403,,instructions,100186716,100.00,1.44,insn per cycle
176.027178872,375701661,,cycles,100187466,100.00,,
176.127367200,1513,,rD044,100187805,100.00,,
176.127367200,2432255,,rFF44,100188125,100.00,,
176.127367200,542273493,,instructions,100187525,100.00,1.44,insn per cycle
176.127367200,375699078,,cycles,100186775,100.00,,
176.227555069,1780,,rD044,100187276,100.00,,
176.227555069,2431496,,rFF44,100186406,100.00,,
176.227555069,542378154,,instructions,100186836,100.00,1.44,insn per cycle
176.227555069,375700900,,cycles,100187266,100.00,,
176.327743678,1446,,rD044,100187625,100.00,,
176.327743678,2429291,,rFF44,100188945,100.00,,
176.327743678,541838670,,instructions,100188346,100.00,1.44,insn per cycle
176.327743678,375705218,,cycles,100188416,100.00,,
176.427933746,1646,,rD044,100188956,100.00,,
176.427933746,2428781,,rFF44,100187776,100.00,,
176.427933746,541528463,,instructions,100187485,100.00,1.44,insn per cycle
176.427933746,375700017,,cycles,100187025,100.00,,
176.528120945,1452,,rD044,100186466,100.00,,
176.528120945,2429606,,rFF44,100186396,100.00,,
176.528120945,541704940,,instructions,100187276,100.00,1.44,insn per cycle
176.528120945,375702869,,cycles,100187786,100.00,,
176.628309144,1400,,rD044,100187805,100.00,,
176.628309144,2429444,,rFF44,100188945,100.00,,
176.628309144,541985271,,instructions,100188605,100.00,1.44,insn per cycle
176.628309144,375703804,,cycles,100188025,100.00,,
176.728498512,1399,,rD044,100188176,100.00,,
176.728498512,2430640,,rFF44,100187526,100.00,,
176.728498512,542215620,,instructions,100187346,100.00,1.44,insn per cycle
176.728498512,375701022,,cycles,100187306,100.00,,
176.828684271,1598,,rD044,100185345,100.00,,
176.828684271,2429194,,rFF44,100185045,100.00,,
176.828684271,541951655,,instructions,100184955,100.00,1.44,insn per cycle
176.828684271,375692583,,cycles,100185045,100.00,,
176.928870580,1252,,rD044,100185726,100.00,,
176.928870580,2429942,,rFF44,100186376,100.00,,
176.928870580,541729786,,instructions,100187536,100.00,1.44,insn per cycle
176.928870580,375702454,,cycles,100187676,100.00,,
177.029059458,1696,,rD044,100187395,100.00,,
177.029059458,2429179,,rFF44,100187705,100.00,,
177.029059458,541795024,,instructions,100186305,100.00,1.44,insn per cycle
177.029059458,375695497,,cycles,100185805,100.00,,
177.129278357,1337,,rD044,100218456,100.00,,
177.129278357,2430020,,rFF44,100217606,100.00,,
177.129278357,541786754,,instructions,100218396,100.00,1.44,insn per cycle
177.129278357,375821255,,cycles,100219376,100.00,,
177.229465106,3667014,,rD044,100186575,100.00,,
177.229465106,21545722,,rFF44,100186395,100.00,,
177.229465106,653733958,,instructions,100186215,100.00,1.74,insn per cycle
177.229465106,375699199,,cycles,100186785,100.00,,
177.329654274,4745772,,rD044,100188406,100.00,,
177.329654274,27438544,,rFF44,100188476,100.00,,
177.329654274,686339381,,instructions,100188006,100.00,1.83,insn per cycle
177.329654274,375699348,,cycles,100186856,100.00,,
177.429840223,4793756,,rD044,100184035,100.00,,
177.429840223,27605153,,rFF44,100183806,100.00,,
177.429840223,689775222,,instructions,100184386,100.00,1.84,insn per cycle
177.429840223,375692568,,cycles,100185046,100.00,,
177.530027062,4751409,,rD044,100151086,100.00,,
177.530027062,27397682,,rFF44,100151855,100.00,,
177.530027062,684218824,,instructions,100151985,100.00,1.82,insn per cycle
177.530027062,375533909,,cycles,100151495,100.00,,
177.630230331,4674267,,rD044,100190276,100.00,,
177.630230331,27061432,,rFF44,100189876,100.00,,
177.630230331,677585671,,instructions,100190256,100.00,1.80,insn per cycle
177.630230331,375689781,,cycles,100190886,100.00,,
177.730419159,4625458,,rD044,100187965,100.00,,
177.730419159,26763232,,rFF44,100187475,100.00,,
177.730419159,672878768,,instructions,100186835,100.00,1.79,insn per cycle
177.730419159,375698705,,cycles,100186675,100.00,,
177.830605468,4754298,,rD044,100185646,100.00,,
177.830605468,27306831,,rFF44,100186176,100.00,,
177.830605468,685858989,,instructions,100186696,100.00,1.83,insn per cycle
177.830605468,375698790,,cycles,100186706,100.00,,
177.930793077,4749994,,rD044,100186785,100.00,,
177.930793077,27340319,,rFF44,100186275,100.00,,
177.930793077,688129250,,instructions,100185485,100.00,1.83,insn per cycle
177.930793077,375692080,,cycles,100184905,100.00,,
178.030980615,4739762,,rD044,100186746,100.00,,
178.030980615,27303099,,rFF44,100187066,100.00,,
178.030980615,686103451,,instructions,100188086,100.00,1.83,insn per cycle
178.030980615,375707303,,cycles,100188976,100.00,,
178.131168734,4708235,,rD044,100186915,100.00,,
178.131168734,27079905,,rFF44,100186795,100.00,,
178.131168734,683293409,,instructions,100186215,100.00,1.82,insn per cycle
178.131168734,375692766,,cycles,100185105,100.00,,
178.231356223,1600843,,rD044,100187976,100.00,,
178.231356223,25090757,,rFF44,100188216,100.00,,
178.231356223,1904786349,,instructions,100188606,100.00,5.07,insn per cycle
178.231356223,375707065,,cycles,100188896,100.00,,
178.331545301,1598395,,rD044,100188615,100.00,,
178.331545301,25094179,,rFF44,100188885,100.00,,
178.331545301,1905168806,,instructions,100188115,100.00,5.07,insn per cycle
178.331545301,375705053,,cycles,100188365,100.00,,
178.431736790,1599074,,rD044,100191236,100.00,,
178.431736790,25136874,,rFF44,100191106,100.00,,
178.431736790,1908430805,,instructions,100191026,100.00,5.08,insn per cycle
178.431736790,375714846,,cycles,100190976,100.00,,
178.531926849,4253788,,rD044,100187675,100.00,,
178.531926849,27285684,,rFF44,100187616,100.00,,
178.531926849,949306609,,instructions,100187976,100.00,2.53,insn per cycle
178.531926849,375704316,,cycles,100188146,100.00,,
178.632118147,6925395,,rD044,100190766,100.00,,
178.632118147,30116078,,rFF44,100190655,100.00,,
178.632118147,37589091,,instructions,100190595,100.00,0.10,insn per cycle
178.632118147,375712077,,cycles,100190275,100.00,,
178.732309486,6867294,,rD044,100190696,100.00,,
178.732309486,29142065,,rFF44,100191286,100.00,,
178.732309486,40035780,,instructions,100191316,100.00,0.11,insn per cycle
178.732309486,375716746,,cycles,100191476,100.00,,
178.832498015,6945953,,rD044,100187535,100.00,,
178.832498015,29978447,,rFF44,100186185,100.00,,
178.832498015,37447038,,instructions,100185855,100.00,0.10,insn per cycle
178.832498015,375693996,,cycles,100186015,100.00,,
178.932687213,6962182,,rD044,100188346,100.00,,
178.932687213,29552691,,rFF44,100189486,100.00,,
178.932687213,36878748,,instructions,100190136,100.00,0.10,insn per cycle
178.932687213,375714659,,cycles,100190906,100.00,,
179.032876752,1703693,,rD044,100167605,100.00,,
179.032876752,24612534,,rFF44,100167455,100.00,,
179.032876752,469093246,,instructions,100167455,100.00,1.25,insn per cycle
179.032876752,375596133,,cycles,100167125,100.00,,
179.133065691,1797988,,rD044,100188716,100.00,,
179.133065691,26433721,,rFF44,100188476,100.00,,
179.133065691,518412008,,instructions,100188236,100.00,1.38,insn per cycle
179.133065691,375703042,,cycles,100187826,100.00,,
179.233287120,2660657,,rD044,100220945,100.00,,
179.233287120,35506215,,rFF44,100220835,100.00,,
179.233287120,705127620,,instructions,100220935,100.00,1.88,insn per cycle
179.233287120,375827263,,cycles,100220995,100.00,,
179.333481878,3726077,,rD044,1391081495,100.00,,
179.333481878,37910968,,rFF44,1391970135,100.00,,
179.333481878,5089488553,,instructions,1392742680,100.00,0.97,insn per cycle
179.333481878,5224216879,,cycles,1393506491,100.00,,
179.433868619,3874717,,rD044,1606150546,100.00,,
179.433868619,40629209,,rFF44,1606141587,100.00,,
179.433868619,5794605084,,instructions,1606160617,100.00,0.96,insn per cycle
179.433868619,6023092292,,cycles,1606164216,100.00,,
179.534256690,8083169,,rD044,1100698516,100.00,,
179.534256690,58657951,,rFF44,1103501418,100.00,,
179.534256690,2061746358,,instructions,1105789282,100.00,0.50,insn per cycle
179.534256690,4154946403,,cycles,1108102452,100.00,,
179.635276918,11035547,,rD044,1615017258,100.00,,
179.635276918,67527281,,rFF44,1613175763,100.00,,
179.635276918,2282152495,,instructions,1611555292,100.00,0.38,insn per cycle
179.635276918,6037061258,,cycles,1609900062,100.00,,
179.735846011,8204131,,rD044,1609052292,100.00,,
179.735846011,40612197,,rFF44,1608799716,100.00,,
179.735846011,4515854140,,instructions,1608617662,100.00,0.75,insn per cycle
179.735846011,6031726205,,cycles,1608465242,100.00,,
179.836369393,4780628,,rD044,1559340808,100.00,,
179.836369393,22689291,,rFF44,1558517806,100.00,,
179.836369393,6478940695,,instructions,1557913572,100.00,1.11,insn per cycle
179.836369393,5839710098,,cycles,1557307182,100.00,,
179.936727674,5341,,rD044,1605762766,100.00,,
179.936727674,397454,,rFF44,1605801486,100.00,,
179.936727674,13380713117,,instructions,1605798416,100.00,2.22,insn per cycle
179.936727674,6021738032,,cycles,1605803486,100.00,,
180.037084105,5118,,rD044,1605798836,100.00,,
180.037084105,394747,,rFF44,1606174036,100.00,,
180.037084105,13386814256,,instructions,1606208066,100.00,2.22,insn per cycle
180.037084105,6023279251,,cycles,1606221712,100.00,,
180.137472755,5059,,rD044,1606077006,100.00,,
180.137472755,390659,,rFF44,1605693216,100.00,,
180.137472755,13384294003,,instructions,1605686569,100.00,2.22,insn per cycle
180.137472755,6021358927,,cycles,1605701816,100.00,,
180.237831886,4835,,rD044,1605650615,100.00,,
180.237831886,388535,,rFF44,1605650367,100.00,,
180.237831886,13383083365,,instructions,1605646048,100.00,2.22,insn per cycle
180.237831886,6021041415,,cycles,1605627955,100.00,,
180.338183847,5152,,rD044,1605635673,100.00,,
180.338183847,395691,,rFF44,1605623700,100.00,,
180.338183847,13382875470,,instructions,1605590946,100.00,2.22,insn per cycle
180.338183847,6020917066,,cycles,1605583566,100.00,,
180.438538467,5082,,rD044,1605671365,100.00,,
180.438538467,385526,,rFF44,1605699536,100.00,,
180.438538467,13385453575,,instructions,1605736666,100.00,2.22,insn per cycle
180.438538467,6021540447,,cycles,1605750136,100.00,,
180.538897548,4636,,rD044,1605501383,100.00,,
180.538897548,401926,,rFF44,1605418983,100.00,,
180.538897548,13380546492,,instructions,1605351853,100.00,2.22,insn per cycle
180.538897548,6019649600,,cycles,1605313673,100.00,,
180.639245538,5309,,rD044,1605625656,100.00,,
180.639245538,397118,,rFF44,1605728526,100.00,,
180.639245538,13384107417,,instructions,1605799206,100.00,2.22,insn per cycle
180.639245538,6021899048,,cycles,1605845796,100.00,,
180.739605179,4666,,rD044,1605751296,100.00,,
180.739605179,389773,,rFF44,1605735586,100.00,,
180.739605179,13385533806,,instructions,1605768646,100.00,2.22,insn per cycle
180.739605179,6021787815,,cycles,1605816027,100.00,,
180.839972209,6125683,,rD044,1606656790,100.00,,
180.839972209,52384505,,rFF44,1607721482,100.00,,
180.839972209,6949253658,,instructions,1608505182,100.00,1.15,insn per cycle
180.839972209,6033909718,,cycles,1609073704,100.00,,
180.940556113,6959697,,rD044,1608513268,100.00,,
180.940556113,79987505,,rFF44,1607495656,100.00,,
180.940556113,4311748411,,instructions,1606708754,100.00,0.72,insn per cycle
180.940556113,6022999614,,cycles,1606140759,100.00,,
181.040933453,4320989,,rD044,1605981896,100.00,,
181.040933453,43357843,,rFF44,1605974948,100.00,,
181.040933453,5487361127,,instructions,1605982214,100.00,0.91,insn per cycle
181.040933453,6022944154,,cycles,1606131496,100.00,,
181.141337184,3266049,,rD044,679779781,100.00,,
181.141337184,44193096,,rFF44,679767149,100.00,,
181.141337184,2526761910,,instructions,679794725,100.00,0.99,insn per cycle
181.141337184,2548193348,,cycles,679677425,100.00,,
181.241709215,11606135,,rD044,1606749036,100.00,,
181.241709215,122053864,,rFF44,1608019384,100.00,,
181.241709215,2400732158,,instructions,1608991602,100.00,0.40,insn per cycle
181.241709215,6037286849,,cycles,1609947852,100.00,,
181.342355839,11441801,,rD044,1610289732,100.00,,
181.342355839,123354729,,rFF44,1610077647,100.00,,
181.342355839,2428827216,,instructions,1609989292,100.00,0.40,insn per cycle
181.342355839,6036864735,,cycles,1609836302,100.00,,
181.442973882,11419092,,rD044,1610081783,100.00,,
181.442973882,125031246,,rFF44,1610581033,100.00,,
181.442973882,2400178390,,instructions,1611017741,100.00,0.40,insn per cycle
181.442973882,6042732650,,cycles,1611434216,100.00,,
181.543717127,10992626,,rD044,1611631445,100.00,,
181.543717127,130766785,,rFF44,1611441402,100.00,,
181.543717127,2393441279,,instructions,1611273476,100.00,0.40,insn per cycle
181.543717127,6042529705,,cycles,1611350392,100.00,,
181.644423122,10982630,,rD044,1610964242,100.00,,
181.644423122,131090884,,rFF44,1610872724,100.00,,
181.644423122,2399099763,,instructions,1611026643,100.00,0.40,insn per cycle
181.644423122,6041317108,,cycles,1611153242,100.00,,
181.745143886,11556358,,rD044,1611314761,100.00,,
181.745143886,123470092,,rFF44,1611160086,100.00,,
181.745143886,2444152180,,instructions,1610835054,100.00,0.40,insn per cycle
181.745143886,6039492088,,cycles,1610539328,100.00,,
181.845797970,11433209,,rD044,1610705939,100.00,,
181.845797970,123741414,,rFF44,1611110074,100.00,,
181.845797970,2426751151,,instructions,1611659736,100.00,0.40,insn per cycle
181.845797970,6043428805,,cycles,1611606732,100.00,,
181.946523215,11419130,,rD044,1611282562,100.00,,
181.946523215,124611204,,rFF44,1610686632,100.00,,
181.946523215,2405073074,,instructions,1610138952,100.00,0.40,insn per cycle
181.946523215,6037163693,,cycles,1609942882,100.00,,
182.047139039,10941086,,rD044,1609798044,100.00,,
182.047139039,130852706,,rFF44,1610210766,100.00,,
182.047139039,2389811130,,instructions,1610305982,100.00,0.40,insn per cycle
182.047139039,6038954659,,cycles,1610452943,100.00,,
182.147825833,10903591,,rD044,1611138201,100.00,,
182.147825833,130363363,,rFF44,1611234102,100.00,,
182.147825833,2412306362,,instructions,1611995767,100.00,0.40,insn per cycle
182.147825833,6045341593,,cycles,1612098747,100.00,,
182.248580208,11480996,,rD044,1611577822,100.00,,
182.248580208,124066462,,rFF44,1611292948,100.00,,
182.248580208,2443928427,,instructions,1610348628,100.00,0.40,insn per cycle
182.248580208,6038522929,,cycles,1610347278,100.00,,
182.349252112,11436480,,rD044,1610728427,100.00,,
182.349252112,123801188,,rFF44,1610802787,100.00,,
182.349252112,2426413184,,instructions,1610853202,100.00,0.40,insn per cycle
182.349252112,6039731297,,cycles,1610626074,100.00,,
182.449895786,11470188,,rD044,1610570587,100.00,,
182.449895786,124354649,,rFF44,1611239232,100.00,,
182.449895786,2416479664,,instructions,1611761777,100.00,0.40,insn per cycle
182.449895786,6045364327,,cycles,1612099075,100.00,,
182.550652831,11060023,,rD044,1611919588,100.00,,
182.550652831,131525083,,rFF44,1611589515,100.00,,
182.550652831,2390268641,,instructions,1611535253,100.00,0.40,insn per cycle
182.550652831,6044252647,,cycles,1611806615,100.00,,
182.651406696,11009448,,rD044,1611972405,100.00,,
182.651406696,130261835,,rFF44,1611627145,100.00,,
182.651406696,2396753156,,instructions,1611325241,100.00,0.40,insn per cycle
182.651406696,6041684713,,cycles,1611120565,100.00,,
182.752116930,11462103,,rD044,1611049465,100.00,,
182.752116930,124621830,,rFF44,1610802744,100.00,,
182.752116930,2441057288,,instructions,1610415629,100.00,0.40,insn per cycle
182.752116930,6037009322,,cycles,1609877322,100.00,,
182.852703573,11397511,,rD044,1609578842,100.00,,
182.852703573,123770623,,rFF44,1609604553,100.00,,
182.852703573,2423511981,,instructions,1609751732,100.00,0.40,insn per cycle
182.852703573,6037223257,,cycles,1609929282,100.00,,
182.953336617,11482204,,rD044,1610549533,100.00,,
182.953336617,124114609,,rFF44,1611463365,100.00,,
182.953336617,2417150057,,instructions,1612209555,100.00,0.40,insn per cycle
182.953336617,6047509186,,cycles,1612692828,100.00,,
183.054150833,11114901,,rD044,1612549027,100.00,,
183.054150833,131201463,,rFF44,1612123306,100.00,,
183.054150833,2388594105,,instructions,1611692715,100.00,0.40,insn per cycle
183.054150833,6042756822,,cycles,1611409282,100.00,,
183.154864527,11021922,,rD044,1611565555,100.00,,
183.154864527,130145698,,rFF44,1611624794,100.00,,
183.154864527,2401334689,,instructions,1612063785,100.00,0.40,insn per cycle
183.154864527,6045045739,,cycles,1612019438,100.00,,
183.255597201,11437751,,rD044,1611568544,100.00,,
183.255597201,125647982,,rFF44,1611449452,100.00,,
183.255597201,2438313144,,instructions,1611014973,100.00,0.40,insn per cycle
183.255597201,6042291186,,cycles,1611281222,100.00,,
183.356305296,11461801,,rD044,1611432443,100.00,,
183.356305296,123876230,,rFF44,1611555907,100.00,,
183.356305296,2422858238,,instructions,1611577594,100.00,0.40,insn per cycle
183.356305296,6042601899,,cycles,1611393873,100.00,,
183.457033481,11464382,,rD044,1611649874,100.00,,
183.457033481,123899609,,rFF44,1611705613,100.00,,
183.457033481,2418931019,,instructions,1611962966,100.00,0.40,insn per cycle
183.457033481,6044878937,,cycles,1611971137,100.00,,
183.557779717,11142744,,rD044,1611851716,100.00,,
183.557779717,130480348,,rFF44,1611686665,100.00,,
183.557779717,2383433510,,instructions,1611498784,100.00,0.39,insn per cycle
183.557779717,6042632564,,cycles,1611377460,100.00,,
183.658488372,10923568,,rD044,1611461031,100.00,,
183.658488372,130227643,,rFF44,1611373555,100.00,,
183.658488372,2396613286,,instructions,1611217248,100.00,0.40,insn per cycle
183.658488372,6041973726,,cycles,1611200480,100.00,,
183.759179657,11426150,,rD044,1610841589,100.00,,
183.759179657,125852733,,rFF44,1611174737,100.00,,
183.759179657,2433712022,,instructions,1611469542,100.00,0.40,insn per cycle
183.759179657,6043727519,,cycles,1611664974,100.00,,
183.859920692,11446778,,rD044,1611995076,100.00,,
183.859920692,123661905,,rFF44,1611888473,100.00,,
183.859920692,2420716077,,instructions,1611506672,100.00,0.40,insn per cycle
183.859920692,6042578681,,cycles,1611360256,100.00,,
183.960631587,11378821,,rD044,1611468843,100.00,,
183.960631587,123800468,,rFF44,1611524074,100.00,,
183.960631587,2421011987,,instructions,1611846368,100.00,0.40,insn per cycle
183.960631587,6045259247,,cycles,1612074832,100.00,,
184.061388703,11250449,,rD044,1611909206,100.00,,
184.061388703,129399076,,rFF44,1611820116,100.00,,
184.061388703,2384413967,,instructions,1611754103,100.00,0.39,insn per cycle
184.061388703,6043935928,,cycles,1611744718,100.00,,
184.162126888,10972296,,rD044,1611411515,100.00,,
184.162126888,130602398,,rFF44,1611111202,100.00,,
184.162126888,2396324955,,instructions,1611028404,100.00,0.40,insn per cycle
184.162126888,6040541148,,cycles,1610813922,100.00,,
184.262806093,11367445,,rD044,1610885572,100.00,,
184.262806093,126631791,,rFF44,1610586136,100.00,,
184.262806093,2438838329,,instructions,1610240785,100.00,0.40,insn per cycle
184.262806093,6038625668,,cycles,1610308572,100.00,,
184.363433367,11444685,,rD044,1610011322,100.00,,
184.363433367,123473366,,rFF44,1610160848,100.00,,
184.363433367,2417875422,,instructions,1610190882,100.00,0.40,insn per cycle
184.363433367,6036857359,,cycles,1609835712,100.00,,
184.464050631,11404187,,rD044,1610044782,100.00,,
184.464050631,123725421,,rFF44,1610228427,100.00,,
184.464050631,2424305537,,instructions,1610432392,100.00,0.40,insn per cycle
184.464050631,6040226690,,cycles,1610729191,100.00,,
184.564729566,11234113,,rD044,1610771370,100.00,,
184.564729566,128751021,,rFF44,1610596653,100.00,,
184.564729566,2378773875,,instructions,1610365882,100.00,0.39,insn per cycle
184.564729566,6038962120,,cycles,1610399058,100.00,,
184.665385530,10909336,,rD044,1610505779,100.00,,
184.665385530,130626552,,rFF44,1610469452,100.00,,
184.665385530,2399353033,,instructions,1610639740,100.00,0.40,insn per cycle
184.665385530,6039957858,,cycles,1610658993,100.00,,
184.766059855,11177861,,rD044,1610786763,100.00,,
184.766059855,127015458,,rFF44,1610877376,100.00,,
184.766059855,2439009451,,instructions,1611013240,100.00,0.40,insn per cycle
184.766059855,6041175276,,cycles,1610986812,100.00,,
184.866748380,11464090,,rD044,1611192335,100.00,,
184.866748380,123470436,,rFF44,1611545614,100.00,,
184.866748380,2406933729,,instructions,1611610862,100.00,0.40,insn per cycle
184.866748380,6043404404,,cycles,1611580148,100.00,,
184.967458085,11420951,,rD044,1611265082,100.00,,
184.967458085,123621797,,rFF44,1611068112,100.00,,
184.967458085,2428590572,,instructions,1610916613,100.00,0.40,insn per cycle
184.967458085,6040823246,,cycles,1610891872,100.00,,
185.068143820,11319703,,rD044,1610725765,100.00,,
185.068143820,127342868,,rFF44,1610849690,100.00,,
185.068143820,2380376079,,instructions,1610921377,100.00,0.39,insn per cycle
185.068143820,6041173637,,cycles,1611006343,100.00,,
185.168836745,10886474,,rD044,1611140265,100.00,,
185.168836745,130768786,,rFF44,1611048600,100.00,,
185.168836745,2392054741,,instructions,1610993252,100.00,0.40,insn per cycle
185.168836745,6040804686,,cycles,1610891004,100.00,,
185.269526410,11087289,,rD044,1610891540,100.00,,
185.269526410,128504834,,rFF44,1610984302,100.00,,
185.269526410,2431316114,,instructions,1610894100,100.00,0.40,insn per cycle
185.269526410,6041339061,,cycles,1611025435,100.00,,
185.370240095,11594149,,rD044,1611428757,100.00,,
185.370240095,123379339,,rFF44,1611493102,100.00,,
185.370240095,2413710373,,instructions,1611710880,100.00,0.40,insn per cycle
185.370240095,6043947348,,cycles,1611726577,100.00,,
185.470956560,11440026,,rD044,1611404818,100.00,,
185.470956560,123609769,,rFF44,1611295238,100.00,,
185.470956560,2427516614,,instructions,1611354076,100.00,0.40,insn per cycle
185.470956560,6042025466,,cycles,1611215223,100.00,,
185.571660595,11337456,,rD044,1611266212,100.00,,
185.571660595,126720546,,rFF44,1611312725,100.00,,
185.571660595,2388101253,,instructions,1611010834,100.00,0.40,insn per cycle
185.571660595,6041098396,,cycles,1611100542,100.00,,
185.672366610,10901687,,rD044,1611005662,100.00,,
185.672366610,130834347,,rFF44,1610954123,100.00,,
185.672366610,2396927573,,instructions,1611105412,100.00,0.40,insn per cycle
185.672366610,6041446638,,cycles,1611056601,100.00,,
185.773059895,10983171,,rD044,1611013321,100.00,,
185.773059895,129434371,,rFF44,1610533984,100.00,,
185.773059895,2428911581,,instructions,1610260532,100.00,0.40,insn per cycle
185.773059895,6037182802,,cycles,1609924457,100.00,,
185.873662279,11595218,,rD044,1609729892,100.00,,
185.873662279,123178523,,rFF44,1610007432,100.00,,
185.873662279,2411579506,,instructions,1610160886,100.00,0.40,insn per cycle
185.873662279,6040591409,,cycles,1610827674,100.00,,
185.974358264,11436078,,rD044,1610907838,100.00,,
185.974358264,123346925,,rFF44,1610992212,100.00,,
185.974358264,2419729913,,instructions,1610921223,100.00,0.40,insn per cycle
185.974358264,6040134499,,cycles,1610727251,100.00,,
186.075043988,11393128,,rD044,1611072982,100.00,,
186.075043988,125907849,,rFF44,1611383157,100.00,,
186.075043988,2399043043,,instructions,1611546702,100.00,0.40,insn per cycle
186.075043988,6042476153,,cycles,1611335063,100.00,,
186.175754993,10967619,,rD044,1611287151,100.00,,
186.175754993,130652692,,rFF44,1611473872,100.00,,
186.175754993,2400237528,,instructions,1611807685,100.00,0.40,insn per cycle
186.175754993,6044955673,,cycles,1611992617,100.00,,
186.276505359,10983732,,rD044,1611810249,100.00,,
186.276505359,130783173,,rFF44,1610774016,100.00,,
186.276505359,2396944398,,instructions,1609909175,100.00,0.40,insn per cycle
186.276505359,6034721276,,cycles,1609269162,100.00,,
186.377049592,11525427,,rD044,1608912672,100.00,,
186.377049592,122563366,,rFF44,1609188999,100.00,,
186.377049592,2432344348,,instructions,1609552962,100.00,0.40,insn per cycle
186.377049592,6037413125,,cycles,1609978542,100.00,,
186.477699537,11397936,,rD044,1610331922,100.00,,
186.477699537,123596659,,rFF44,1610425470,100.00,,
186.477699537,2425588624,,instructions,1610466272,100.00,0.40,insn per cycle
186.477699537,6039765773,,cycles,1610612424,100.00,,
186.578370361,11407518,,rD044,1610613865,100.00,,
186.578370361,124867272,,rFF44,1610775269,100.00,,
186.578370361,2397116789,,instructions,1610912972,100.00,0.40,insn per cycle
186.578370361,6041039644,,cycles,1610949144,100.00,,
186.679046166,10981906,,rD044,1610870430,100.00,,
186.679046166,130411322,,rFF44,1610765142,100.00,,
186.679046166,2388254167,,instructions,1610587517,100.00,0.40,insn per cycle
186.679046166,6039711516,,cycles,1610591904,100.00,,
186.779721881,10994595,,rD044,1610893697,100.00,,
186.779721881,131541829,,rFF44,1610854882,100.00,,
186.779721881,2381227277,,instructions,1610775553,100.00,0.39,insn per cycle
186.779721881,6040218432,,cycles,1610733592,100.00,,
186.880387645,11463887,,rD044,1610670902,100.00,,
186.880387645,123283956,,rFF44,1610978585,100.00,,
186.880387645,2437544254,,instructions,1611169292,100.00,0.40,insn per cycle
186.880387645,6042007020,,cycles,1611205699,100.00,,
186.981087250,11409289,,rD044,1611058549,100.00,,
186.981087250,123472752,,rFF44,1611017384,100.00,,
186.981087250,2424423012,,instructions,1611433429,100.00,0.40,insn per cycle
186.981087250,6042640827,,cycles,1611411260,100.00,,
187.081816475,11375414,,rD044,1611826730,100.00,,
187.081816475,123710614,,rFF44,1611704539,100.00,,
187.081816475,2413541441,,instructions,1611125870,100.00,0.40,insn per cycle
187.081816475,6040906674,,cycles,1610912492,100.00,,
187.182486510,11001792,,rD044,1610454442,100.00,,
187.182486510,131116725,,rFF44,1610450619,100.00,,
187.182486510,2387879321,,instructions,1610961302,100.00,0.40,insn per cycle
187.182486510,6042175797,,cycles,1611253024,100.00,,
187.283192155,10972205,,rD044,1611116450,100.00,,
187.283192155,129979031,,rFF44,1611161664,100.00,,
187.283192155,2393954851,,instructions,1610903607,100.00,0.40,insn per cycle
187.283192155,6040340802,,cycles,1610762896,100.00,,
187.383880330,11421007,,rD044,1611255300,100.00,,
187.383880330,124623618,,rFF44,1611398407,100.00,,
187.383880330,2439567438,,instructions,1611378903,100.00,0.40,insn per cycle
187.383880330,6042066201,,cycles,1611227822,100.00,,
187.484559995,11388498,,rD044,1610920332,100.00,,
187.484559995,123494721,,rFF44,1611045683,100.00,,
187.484559995,2426243501,,instructions,1611097502,100.00,0.40,insn per cycle
187.484559995,6042197065,,cycles,1611250123,100.00,,
187.585282350,11422992,,rD044,1611608493,100.00,,
187.585282350,124203136,,rFF44,1611885462,100.00,,
187.585282350,2416696096,,instructions,1612331338,100.00,0.40,insn per cycle
187.585282350,6048554410,,cycles,1612956450,100.00,,
187.686111996,11121294,,rD044,1612800370,100.00,,
187.686111996,130307006,,rFF44,1612065208,100.00,,
187.686111996,2384405262,,instructions,1611494562,100.00,0.39,insn per cycle
187.686111996,6040795219,,cycles,1610885642,100.00,,
187.786771321,10966238,,rD044,1611021521,100.00,,
187.786771321,129991414,,rFF44,1611439422,100.00,,
187.786771321,2400591801,,instructions,1611636125,100.00,0.40,insn per cycle
187.786771321,6044192409,,cycles,1611790375,100.00,,
187.887509246,11377450,,rD044,1611371376,100.00,,
187.887509246,125814404,,rFF44,1611412333,100.00,,
187.887509246,2436239302,,instructions,1611586465,100.00,0.40,insn per cycle
187.887509246,6043735138,,cycles,1611667903,100.00,,
187.988244322,11417128,,rD044,1611875242,100.00,,
187.988244322,123619222,,rFF44,1611750997,100.00,,
187.988244322,2424206597,,instructions,1611514521,100.00,0.40,insn per cycle
187.988244322,6042877402,,cycles,1611440147,100.00,,
188.088970317,11433626,,rD044,1611082981,100.00,,
188.088970317,124069889,,rFF44,1611534868,100.00,,
188.088970317,2401886457,,instructions,1611734112,100.00,0.40,insn per cycle
188.088970317,6043860199,,cycles,1611820298,100.00,,
188.189744153,11227347,,rD044,1612433125,100.00,,
188.189744153,129653015,,rFF44,1612079225,100.00,,
188.189744153,2378125679,,instructions,1611911785,100.00,0.39,insn per cycle
188.189744153,6044529672,,cycles,1611877785,100.00,,
188.290470008,10943257,,rD044,1611644895,100.00,,
188.290470008,130352179,,rFF44,1611676586,100.00,,
188.290470008,2396391933,,instructions,1611867965,100.00,0.40,insn per cycle
188.290470008,6044004960,,cycles,1611743394,100.00,,
188.391227394,11328165,,rD044,1611621073,100.00,,
188.391227394,126358528,,rFF44,1611187014,100.00,,
188.391227394,2435700749,,instructions,1610617416,100.00,0.40,insn per cycle
188.391227394,6037876428,,cycles,1610109776,100.00,,
188.491823857,11422512,,rD044,1609603542,100.00,,
188.491823857,123300337,,rFF44,1609470812,100.00,,
188.491823857,2419366469,,instructions,1609427751,100.00,0.40,insn per cycle
188.491823857,6035963214,,cycles,1609595032,100.00,,
188.592437721,11366098,,rD044,1610000205,100.00,,
188.592437721,123441099,,rFF44,1610232522,100.00,,
188.592437721,2424595072,,instructions,1610560210,100.00,0.40,insn per cycle
188.592437721,6040511639,,cycles,1610807942,100.00,,
188.693118516,11264750,,rD044,1610738004,100.00,,
188.693118516,128284539,,rFF44,1610630376,100.00,,
188.693118516,2382110031,,instructions,1610559987,100.00,0.39,insn per cycle
188.693118516,6039399546,,cycles,1610512622,100.00,,
188.793780661,10919244,,rD044,1610803023,100.00,,
188.793780661,130491482,,rFF44,1611306604,100.00,,
188.793780661,2398775518,,instructions,1611544532,100.00,0.40,insn per cycle
188.793780661,6043883578,,cycles,1611703637,100.00,,
188.894510546,11218885,,rD044,1611623644,100.00,,
188.894510546,127735249,,rFF44,1611347242,100.00,,
188.894510546,2430957271,,instructions,1611163834,100.00,0.40,insn per cycle
188.894510546,6040957968,,cycles,1610932193,100.00,,
188.995202241,11552930,,rD044,1610623855,100.00,,
188.995202241,123499222,,rFF44,1610634618,100.00,,
188.995202241,2409023703,,instructions,1610792236,100.00,0.40,insn per cycle
188.995202241,6041402239,,cycles,1611072705,100.00,,
189.095901626,11436258,,rD044,1611280425,100.00,,
189.095901626,123884958,,rFF44,1611338622,100.00,,
189.095901626,2423838141,,instructions,1611646095,100.00,0.40,insn per cycle
189.095901626,6043750365,,cycles,1611671965,100.00,,
189.196634341,11297686,,rD044,1611856535,100.00,,
189.196634341,127560146,,rFF44,1611643602,100.00,,
189.196634341,2387915851,,instructions,1611125164,100.00,0.40,insn per cycle
189.196634341,6040870431,,cycles,1610906012,100.00,,
189.297315256,10946201,,rD044,1610703182,100.00,,
189.297315256,130658604,,rFF44,1610852044,100.00,,
189.297315256,2388405434,,instructions,1610792253,100.00,0.40,insn per cycle
189.297315256,6040080027,,cycles,1610718666,100.00,,
189.397988051,11095825,,rD044,1610831237,100.00,,
189.397988051,128564728,,rFF44,1610869166,100.00,,
189.397988051,2432611458,,instructions,1611123594,100.00,0.40,insn per cycle
189.397988051,6042872605,,cycles,1611432104,100.00,,
189.498717206,11657990,,rD044,1611694403,100.00,,
189.498717206,123550999,,rFF44,1611815936,100.00,,
189.498717206,2410189302,,instructions,1611696096,100.00,0.40,insn per cycle
189.498717206,6043047387,,cycles,1611488142,100.00,,
189.599425401,11474026,,rD044,1610545422,100.00,,
189.599425401,123670528,,rFF44,1610437114,100.00,,
189.599425401,2424929722,,instructions,1610352842,100.00,0.40,insn per cycle
189.599425401,6037758785,,cycles,1610346662,100.00,,
189.700119606,11365880,,rD044,1610971230,100.00,,
189.700119606,126699321,,rFF44,1610822752,100.00,,
189.700119606,2384009432,,instructions,1610819176,100.00,0.39,insn per cycle
189.700119606,6040490530,,cycles,1610801498,100.00,,
189.800789701,10954238,,rD044,1610893630,100.00,,
189.800789701,131063797,,rFF44,1611028723,100.00,,
189.800789701,2391884136,,instructions,1611205684,100.00,0.40,insn per cycle
189.800789701,6042077464,,cycles,1611222802,100.00,,
189.901482415,11037452,,rD044,1610816132,100.00,,
189.901482415,129309471,,rFF44,1610404929,100.00,,
189.901482415,2423118625,,instructions,1610008202,100.00,0.40,insn per cycle
189.901482415,6036668419,,cycles,1609785982,100.00,,
190.002098749,11656834,,rD044,1610099412,100.00,,
190.002098749,123386144,,rFF44,1610543059,100.00,,
190.002098749,2409289349,,instructions,1610875421,100.00,0.40,insn per cycle
190.002098749,6041620163,,cycles,1611131973,100.00,,
190.102815315,11415127,,rD044,1611170381,100.00,,
190.102815315,123306425,,rFF44,1611197752,100.00,,
190.102815315,2431764376,,instructions,1611108450,100.00,0.40,insn per cycle
190.102815315,6041257184,,cycles,1611009136,100.00,,
190.203505189,11350618,,rD044,1611080658,100.00,,
190.203505189,126040360,,rFF44,1610826386,100.00,,
190.203505189,2391776202,,instructions,1610668510,100.00,0.40,insn per cycle
190.203505189,6038634899,,cycles,1610335132,100.00,,
190.304135774,10917686,,rD044,1609742802,100.00,,
190.304135774,130358334,,rFF44,1609773824,100.00,,
190.304135774,2394770610,,instructions,1609892442,100.00,0.40,insn per cycle
190.304135774,6038215017,,cycles,1610195632,100.00,,
190.404792018,10967385,,rD044,1610249122,100.00,,
190.404792018,130643959,,rFF44,1609565754,100.00,,
190.404792018,2409278385,,instructions,1609002252,100.00,0.40,insn per cycle
190.404792018,6031935677,,cycles,1608583662,100.00,,
190.505309901,11572943,,rD044,1608371312,100.00,,
190.505309901,122521229,,rFF44,1608907724,100.00,,
190.505309901,2429294394,,instructions,1609391162,100.00,0.40,insn per cycle
190.505309901,6036924633,,cycles,1609846582,100.00,,
190.605953715,11429395,,rD044,1610397642,100.00,,
190.605953715,123606903,,rFF44,1610617052,100.00,,
190.605953715,2414179188,,instructions,1610513812,100.00,0.40,insn per cycle
190.605953715,6038994227,,cycles,1610409092,100.00,,
190.706609520,11406539,,rD044,1610657575,100.00,,
190.706609520,125259296,,rFF44,1610888208,100.00,,
190.706609520,2399625417,,instructions,1611416213,100.00,0.40,insn per cycle
190.706609520,6043879021,,cycles,1611703288,100.00,,
190.807332945,10982608,,rD044,1611551834,100.00,,
190.807332945,130492913,,rFF44,1611656234,100.00,,
190.807332945,2397198984,,instructions,1611473817,100.00,0.40,insn per cycle
190.807332945,6042045520,,cycles,1611219282,100.00,,
190.908029130,10951896,,rD044,1610992363,100.00,,
190.908029130,130936885,,rFF44,1610568809,100.00,,
190.908029130,2391602635,,instructions,1610460792,100.00,0.40,insn per cycle
190.908029130,6039525688,,cycles,1610565895,100.00,,
191.008706005,11533501,,rD044,1610568976,100.00,,
191.008706005,123416889,,rFF44,1610995199,100.00,,
191.008706005,2435805249,,instructions,1611268866,100.00,0.40,insn per cycle
191.008706005,6042680492,,cycles,1611455595,100.00,,
191.109439730,11512642,,rD044,1611687744,100.00,,
191.109439730,123783830,,rFF44,1611566885,100.00,,
191.109439730,2422822030,,instructions,1611448104,100.00,0.40,insn per cycle
191.109439730,6042329133,,cycles,1611294632,100.00,,
191.210143125,11431509,,rD044,1610781932,100.00,,
191.210143125,124314733,,rFF44,1610281479,100.00,,
191.210143125,2409737809,,instructions,1609834112,100.00,0.40,insn per cycle
191.210143125,6034882782,,cycles,1609373072,100.00,,
191.310735329,10991941,,rD044,1609800362,100.00,,
191.310735329,130961939,,rFF44,1610177186,100.00,,
191.310735329,2391663566,,instructions,1610664202,100.00,0.40,insn per cycle
191.310735329,6042973380,,cycles,1611463305,100.00,,
191.411459004,10993916,,rD044,1611633463,100.00,,
191.411459004,130455795,,rFF44,1611597964,100.00,,
191.411459004,2391993360,,instructions,1611323660,100.00,0.40,insn per cycle
191.411459004,6042232783,,cycles,1611265745,100.00,,
191.512182289,11521920,,rD044,1611264577,100.00,,
191.512182289,124490875,,rFF44,1610766974,100.00,,
191.512182289,2432081753,,instructions,1610475900,100.00,0.40,insn per cycle
191.512182289,6037838897,,cycles,1610096852,100.00,,
191.612800973,11369960,,rD044,1610085542,100.00,,
191.612800973,123539274,,rFF44,1610368741,100.00,,
191.612800973,2423267532,,instructions,1610528682,100.00,0.40,insn per cycle
191.612800973,6040006017,,cycles,1610672465,100.00,,
191.713463668,11439526,,rD044,1610837668,100.00,,
191.713463668,123989589,,rFF44,1611585917,100.00,,
191.713463668,2413747327,,instructions,1612034838,100.00,0.40,insn per cycle
191.713463668,6045289510,,cycles,1612083585,100.00,,
191.814234144,11076929,,rD044,1612104772,100.00,,
191.814234144,131074704,,rFF44,1611617208,100.00,,
191.814234144,2381237221,,instructions,1611529702,100.00,0.39,insn per cycle
191.814234144,6043574797,,cycles,1611623074,100.00,,
191.914946009,10967698,,rD044,1611336105,100.00,,
191.914946009,130092057,,rFF44,1611407202,100.00,,
191.914946009,2392369565,,instructions,1611350212,100.00,0.40,insn per cycle
191.914946009,6042308500,,cycles,1611289806,100.00,,
192.015642624,11432710,,rD044,1610960951,100.00,,
192.015642624,124989184,,rFF44,1610689071,100.00,,
192.015642624,2429963459,,instructions,1610710132,100.00,0.40,insn per cycle
192.015642624,6040113407,,cycles,1610736301,100.00,,
192.116340869,11416758,,rD044,1611408705,100.00,,
192.116340869,123661247,,rFF44,1611767674,100.00,,
192.116340869,2419850114,,instructions,1611713937,100.00,0.40,insn per cycle
192.116340869,6043811309,,cycles,1611690550,100.00,,
192.217079004,11410762,,rD044,1611559061,100.00,,
192.217079004,123950651,,rFF44,1611580416,100.00,,
192.217079004,2413716886,,instructions,1611681332,100.00,0.40,insn per cycle
192.217079004,6043939248,,cycles,1611751740,100.00,,
192.317822189,11171445,,rD044,1611744649,100.00,,
192.317822189,130009630,,rFF44,1611415610,100.00,,
192.317822189,2374347973,,instructions,1611172268,100.00,0.39,insn per cycle
192.317822189,6040924881,,cycles,1610918552,100.00,,
192.418485834,10920630,,rD044,1610646454,100.00,,
192.418485834,130107234,,rFF44,1610879900,100.00,,
192.418485834,2402471770,,instructions,1610955692,100.00,0.40,insn per cycle
192.418485834,6042827602,,cycles,1611424597,100.00,,
192.519233280,11402355,,rD044,1611913896,100.00,,
192.519233280,126087692,,rFF44,1611272182,100.00,,
192.519233280,2438056564,,instructions,1610742988,100.00,0.40,insn per cycle
192.519233280,6036349394,,cycles,1609702893,100.00,,
192.619797203,11457374,,rD044,1608858168,100.00,,
192.619797203,123431057,,rFF44,1609106272,100.00,,
192.619797203,2421016472,,instructions,1609486002,100.00,0.40,insn per cycle
192.619797203,6038091665,,cycles,1610161612,100.00,,
192.720454337,11329206,,rD044,1610632936,100.00,,
192.720454337,123632009,,rFF44,1610957915,100.00,,
192.720454337,2432414464,,instructions,1611333292,100.00,0.40,insn per cycle
192.720454337,6042808353,,cycles,1611419652,100.00,,
192.821162232,11179165,,rD044,1611270823,100.00,,
192.821162232,128838021,,rFF44,1611482675,100.00,,
192.821162232,2382227301,,instructions,1611613572,100.00,0.39,insn per cycle
192.821162232,6042690058,,cycles,1611391817,100.00,,
192.921876798,10954598,,rD044,1611564444,100.00,,
192.921876798,130214171,,rFF44,1611328682,100.00,,
192.921876798,2389456240,,instructions,1611039513,100.00,0.40,insn per cycle
192.921876798,6042445876,,cycles,1611322253,100.00,,
193.022599303,11196511,,rD044,1611325964,100.00,,
193.022599303,126926825,,rFF44,1611392163,100.00,,
193.022599303,2439022656,,instructions,1611604906,100.00,0.40,insn per cycle
193.022599303,6043303148,,cycles,1611578931,100.00,,
193.123343648,11472373,,rD044,1611803833,100.00,,
193.123343648,123323147,,rFF44,1611479546,100.00,,
193.123343648,2417446317,,instructions,1610932455,100.00,0.40,insn per cycle
193.123343648,6039148532,,cycles,1610447108,100.00,,
193.223966352,11436720,,rD044,1610020055,100.00,,
193.223966352,123862263,,rFF44,1610246972,100.00,,
193.223966352,2421133714,,instructions,1610593322,100.00,0.40,insn per cycle
193.223966352,6041156106,,cycles,1611007112,100.00,,
193.324668747,11291918,,rD044,1611074154,100.00,,
193.324668747,128059272,,rFF44,1611040781,100.00,,
193.324668747,2381156134,,instructions,1611080435,100.00,0.39,insn per cycle
193.324668747,6041441396,,cycles,1611054726,100.00,,
193.425360222,10890711,,rD044,1611290928,100.00,,
193.425360222,130816170,,rFF44,1611239359,100.00,,
193.425360222,2397607310,,instructions,1611304074,100.00,0.40,insn per cycle
193.425360222,6043075379,,cycles,1611491774,100.00,,
193.526092758,11129885,,rD044,1611361662,100.00,,
193.526092758,127893981,,rFF44,1611306332,100.00,,
193.526092758,2436539887,,instructions,1611119245,100.00,0.40,insn per cycle
193.526092758,6041928919,,cycles,1611187792,100.00,,
193.626796003,11567861,,rD044,1611226390,100.00,,
193.626796003,123311823,,rFF44,1611336806,100.00,,
193.626796003,2420974372,,instructions,1611449331,100.00,0.40,insn per cycle
193.626796003,6041165824,,cycles,1611106691,100.00,,
193.727499798,11402545,,rD044,1611054632,100.00,,
193.727499798,123670591,,rFF44,1610926342,100.00,,
193.727499798,2426859466,,instructions,1610879258,100.00,0.40,insn per cycle
193.727499798,6040455810,,cycles,1610798127,100.00,,
193.828166402,11379792,,rD044,1610565368,100.00,,
193.828166402,126862700,,rFF44,1610885324,100.00,,
193.828166402,2382371634,,instructions,1611278382,100.00,0.39,insn per cycle
193.828166402,6043340112,,cycles,1611560163,100.00,,
193.928900178,10943568,,rD044,1611964484,100.00,,
193.928900178,131132953,,rFF44,1611971476,100.00,,
193.928900178,2395680938,,instructions,1611838074,100.00,0.40,insn per cycle
193.928900178,6044338557,,cycles,1611831357,100.00,,
193.964052537,1547026,,rD044,514020754,100.00,,
193.964052537,23248309,,rFF44,511619410,100.00,,
193.964052537,1217489163,,instructions,509444868,100.00,0.64,insn per cycle
193.964052537,1902426354,,cycles,507362744,100.00,,
