modo,clase,thp,bytes,nivel_esperado,cpu_mide,cpu_calienta,nodo_mem,saltos,ns_min,ns_media,ns_p95
A,local,1,8192,L1d,0,-1,0,46822397,1.0704,1.0712,1.0722
A,local,1,12288,L1d,0,-1,0,46873095,1.0706,1.0718,1.0737
A,local,1,16384,L1d,0,-1,0,46148450,1.0700,1.0754,1.0984
A,local,1,24576,L1d,0,-1,0,46842356,1.0704,1.0720,1.0735
A,local,1,28672,L1d,0,-1,0,46864089,1.0722,1.0735,1.0753
A,local,1,32768,L1d,0,-1,0,40066831,1.1830,1.2021,1.2265
A,local,1,40960,L2,0,-1,0,13340466,3.7419,3.7478,3.7555
A,local,1,49152,L2,0,-1,0,13327664,3.7429,3.7512,3.7659
A,local,1,65536,L2,0,-1,0,13300366,3.7596,3.7642,3.7700
A,local,1,98304,L2,0,-1,0,13345272,3.7598,3.7682,3.7761
A,local,1,131072,L2,0,-1,0,13303728,3.7600,3.7665,3.7803
A,local,1,196608,L2,0,-1,0,13279172,3.7629,3.7692,3.7766
A,local,1,262144,L2,0,-1,0,13273707,3.7566,3.7662,3.7721
A,local,1,393216,L2,0,-1,0,13305852,3.7559,3.7722,3.7850
A,local,1,524288,L2,0,-1,0,13306383,3.7552,3.7742,3.7925
A,local,1,786432,L2,0,-1,0,13299658,3.7621,3.8021,3.8248
A,local,1,1048576,L2,0,-1,0,12538241,4.0926,4.1571,4.2057
A,local,1,1572864,L3_propia,0,-1,0,4963779,9.7899,10.0080,10.1447
A,local,1,2097152,L3_propia,0,-1,0,4577945,10.5020,10.8461,11.2243
A,local,1,3145728,L3_propia,0,-1,0,4077074,11.7180,11.8901,12.0016
A,local,1,4194304,L3_propia,0,-1,0,3864314,12.4433,12.5258,12.6117
A,local,1,6291456,L3_propia,0,-1,0,3821020,13.0062,13.2953,13.5755
A,local,1,8388608,L3_propia,0,-1,0,3363871,13.7245,13.8403,14.0281
A,local,1,12582912,L3_propia,0,-1,0,3880917,14.6170,14.7757,14.9892
A,local,1,16777216,L3_propia,0,-1,0,3355225,15.2170,15.7513,16.4338
A,local,1,25165824,L3_propia,0,-1,0,2727914,16.2859,17.4366,18.5118
A,local,1,29360128,L3_propia,0,-1,0,2634604,16.7460,18.4629,19.9507
A,local,1,33554432,L3_propia,0,-1,0,2147339,18.2341,21.2137,23.3048
A,local,1,41943040,DRAM,0,-1,0,1066039,44.7509,45.6742,47.4607
A,local,1,50331648,DRAM,0,-1,0,800832,60.2079,60.6818,61.0594
A,local,1,67108864,DRAM,0,-1,0,663964,76.2864,76.8663,77.9465
A,local,1,100663296,DRAM,0,-1,0,540425,87.1024,90.9387,96.9988
A,local,1,134217728,DRAM,0,-1,0,519564,93.0529,93.5227,94.3719
A,local,1,201326592,DRAM,0,-1,0,482389,99.6921,100.8894,105.5989
A,local,1,268435456,DRAM,0,-1,0,474674,103.1569,104.1018,105.6975
A,local,1,402653184,DRAM,0,-1,0,480090,105.7183,106.3677,106.6432
A,local,1,536870912,DRAM,0,-1,0,465604,107.9822,108.2645,109.2199
A,local,1,805306368,DRAM,0,-1,0,448779,109.7434,110.5561,111.2187
A,local,1,1073741824,DRAM,0,-1,0,446830,110.5741,110.7990,111.1560
A,local,1,1610612736,DRAM,0,-1,0,444736,111.6838,111.9209,112.1028
A,local,1,2147483648,DRAM,0,-1,0,465655,105.7967,111.1118,112.2220
A,remoto,1,8192,L1d,0,-1,1,46868482,1.0701,1.0713,1.0732
A,remoto,1,12288,L1d,0,-1,1,46152497,1.0702,1.0719,1.0745
A,remoto,1,16384,L1d,0,-1,1,46872876,1.0707,1.0719,1.0724
A,remoto,1,24576,L1d,0,-1,1,46073819,1.0716,1.0727,1.0735
A,remoto,1,28672,L1d,0,-1,1,46853110,1.0720,1.0733,1.0749
A,remoto,1,32768,L1d,0,-1,1,39570423,1.2019,1.2137,1.2201
A,remoto,1,40960,L2,0,-1,1,13398162,3.7491,3.7525,3.7587
A,remoto,1,49152,L2,0,-1,1,13002700,3.7449,3.7529,3.7645
A,remoto,1,65536,L2,0,-1,1,13300861,3.7608,3.7665,3.7718
A,remoto,1,98304,L2,0,-1,1,13286917,3.7602,3.7682,3.7782
A,remoto,1,131072,L2,0,-1,1,13293965,3.7644,3.7696,3.7762
A,remoto,1,196608,L2,0,-1,1,13343652,3.7616,3.7713,3.7792
A,remoto,1,262144,L2,0,-1,1,13347570,3.7613,3.7866,3.8705
A,remoto,1,393216,L2,0,-1,1,13305993,3.7618,3.7858,3.8076
A,remoto,1,524288,L2,0,-1,1,13303002,3.7569,3.7875,3.8084
A,remoto,1,786432,L2,0,-1,1,13236074,3.7629,3.8328,3.8901
A,remoto,1,1048576,L2,0,-1,1,12145488,4.1220,4.2156,4.2898
A,remoto,1,1572864,L3_propia,0,-1,1,5056767,9.9769,10.3139,10.6267
A,remoto,1,2097152,L3_propia,0,-1,1,4474651,11.1987,11.6416,11.9774
A,remoto,1,3145728,L3_propia,0,-1,1,4224591,12.5810,12.8628,13.1780
A,remoto,1,4194304,L3_propia,0,-1,1,2618319,13.1774,13.6956,14.2666
A,remoto,1,6291456,L3_propia,0,-1,1,3057154,13.6601,14.2283,14.8301
A,remoto,1,8388608,L3_propia,0,-1,1,3043551,14.3959,15.1984,16.0909
A,remoto,1,12582912,L3_propia,0,-1,1,2970305,15.9056,16.9712,18.2659
A,remoto,1,16777216,L3_propia,0,-1,1,2562312,17.1094,18.8815,20.3710
A,remoto,1,25165824,L3_propia,0,-1,1,2939682,23.8574,24.4771,25.4828
A,remoto,1,29360128,L3_propia,0,-1,1,2032619,27.1754,28.5526,29.8816
A,remoto,1,33554432,L3_propia,0,-1,1,1186011,33.4423,38.1077,46.5639
A,remoto,1,41943040,DRAM,0,-1,1,573476,82.5528,87.5274,92.7165
A,remoto,1,50331648,DRAM,0,-1,1,431559,119.2169,123.0849,126.0150
A,remoto,1,67108864,DRAM,0,-1,1,351053,150.2665,152.3809,154.5213
A,remoto,1,100663296,DRAM,0,-1,1,307708,171.5212,172.1710,172.9245
A,remoto,1,134217728,DRAM,0,-1,1,283443,176.3483,177.0298,177.8976
A,remoto,1,201326592,DRAM,0,-1,1,287983,181.4045,183.7589,184.8587
A,remoto,1,268435456,DRAM,0,-1,1,264194,186.1300,188.0378,188.8932
A,remoto,1,402653184,DRAM,0,-1,1,260633,193.8783,196.3574,199.8547
A,remoto,1,536870912,DRAM,0,-1,1,258505,193.2999,194.0398,194.4814
A,remoto,1,805306368,DRAM,0,-1,1,253449,196.2060,197.3299,201.4858
A,remoto,1,1073741824,DRAM,0,-1,1,252409,197.5312,197.7005,197.9058
A,remoto,1,1610612736,DRAM,0,-1,1,251170,198.4229,199.1331,199.9129
A,remoto,1,2147483648,DRAM,0,-1,1,251338,198.9842,199.6863,200.3155
A,local,0,8192,L1d,0,-1,0,46864309,1.0698,1.0715,1.0738
A,local,0,12288,L1d,0,-1,0,46870679,1.0706,1.0715,1.0729
A,local,0,16384,L1d,0,-1,0,46873095,1.0702,1.0716,1.0736
A,local,0,24576,L1d,0,-1,0,46853110,1.0715,1.0729,1.0743
A,local,0,28672,L1d,0,-1,0,46829195,1.0717,1.0727,1.0751
A,local,0,32768,L1d,0,-1,0,40281487,1.1992,1.2074,1.2132
A,local,0,40960,L2,0,-1,0,13336907,3.7464,3.7504,3.7621
A,local,0,49152,L2,0,-1,0,13348657,3.7468,3.7501,3.7536
A,local,0,65536,L2,0,-1,0,13286582,3.7629,3.7653,3.7673
A,local,0,98304,L2,0,-1,0,13216516,3.7651,3.7687,3.7758
A,local,0,131072,L2,0,-1,0,13246980,3.7627,3.7678,3.7716
A,local,0,196608,L2,0,-1,0,13287288,3.7671,3.7735,3.7772
A,local,0,262144,L2,0,-1,0,13034427,3.7731,3.7789,3.7904
A,local,0,393216,L2,0,-1,0,10018413,4.9305,4.9381,4.9433
A,local,0,524288,L2,0,-1,0,9420693,5.3232,5.3343,5.3524
A,local,0,786432,L2,0,-1,0,7443599,6.6691,6.7120,6.7369
A,local,0,1048576,L2,0,-1,0,6310904,7.9898,8.0107,8.0378
A,local,0,1572864,L3_propia,0,-1,0,4313937,11.4229,11.5097,11.6917
A,local,0,2097152,L3_propia,0,-1,0,3855063,12.9991,13.1208,13.3946
A,local,0,3145728,L3_propia,0,-1,0,3600589,13.8159,13.9462,14.0997
A,local,0,4194304,L3_propia,0,-1,0,3436396,14.6235,14.7187,14.7767
A,local,0,6291456,L3_propia,0,-1,0,3096925,15.4020,15.4541,15.5488
A,local,0,8388608,L3_propia,0,-1,0,3099892,16.0392,16.1620,16.2960
A,local,0,12582912,L3_propia,0,-1,0,2894212,17.2429,17.3737,17.5512
A,local,0,16777216,L3_propia,0,-1,0,2443679,20.0292,20.2300,20.4068
A,local,0,25165824,L3_propia,0,-1,0,1717322,27.2223,27.6369,27.9446
A,local,0,29360128,L3_propia,0,-1,0,1382967,34.4325,34.8138,35.2141
A,local,0,33554432,L3_propia,0,-1,0,1205038,42.0607,42.2846,42.5438
A,local,0,41943040,DRAM,0,-1,0,883869,57.0353,57.6679,58.3887
A,local,0,50331648,DRAM,0,-1,0,704511,70.3930,70.6358,71.2334
A,local,0,67108864,DRAM,0,-1,0,585259,85.2670,85.6854,85.8376
A,local,0,100663296,DRAM,0,-1,0,504914,98.2522,100.0831,104.3212
A,local,0,134217728,DRAM,0,-1,0,468410,105.1458,105.3337,105.5956
A,local,0,201326592,DRAM,0,-1,0,458251,109.5766,112.0781,112.6944
A,local,0,268435456,DRAM,0,-1,0,420103,116.4345,117.0318,118.2506
A,local,0,402653184,DRAM,0,-1,0,422231,120.1423,120.7893,121.0634
A,local,0,536870912,DRAM,0,-1,0,407470,123.1431,123.3960,123.5796
A,local,0,805306368,DRAM,0,-1,0,384298,126.1912,127.3180,129.5876
A,local,0,1073741824,DRAM,0,-1,0,384963,128.4119,128.9028,129.4265
A,local,0,1610612736,DRAM,0,-1,0,378665,131.0623,131.1950,131.6520
A,local,0,2147483648,DRAM,0,-1,0,367600,133.4091,135.9791,139.1763
A,remoto,0,8192,L1d,0,-1,1,46868702,1.0705,1.0714,1.0720
A,remoto,0,12288,L1d,0,-1,1,46872876,1.0708,1.0721,1.0749
A,remoto,0,16384,L1d,0,-1,1,46859697,1.0708,1.0720,1.0737
A,remoto,0,24576,L1d,0,-1,1,46859697,1.0717,1.0726,1.0745
A,remoto,0,28672,L1d,0,-1,1,45856204,1.0723,1.0738,1.0750
A,remoto,0,32768,L1d,0,-1,1,40044369,1.1991,1.2097,1.2176
A,remoto,0,40960,L2,0,-1,1,13399814,3.7498,3.7524,3.7553
A,remoto,0,49152,L2,0,-1,1,13353470,3.7507,3.7548,3.7617
A,remoto,0,65536,L2,0,-1,1,13346697,3.7648,3.7682,3.7716
A,remoto,0,98304,L2,0,-1,1,13288171,3.7694,3.7716,3.7745
A,remoto,0,131072,L2,0,-1,1,13352043,3.7686,3.7747,3.7816
A,remoto,0,196608,L2,0,-1,1,13291527,3.7758,3.7798,3.7840
A,remoto,0,262144,L2,0,-1,1,13290820,3.7825,3.7871,3.7958
A,remoto,0,393216,L2,0,-1,1,11469205,4.3468,4.3542,4.3607
A,remoto,0,524288,L2,0,-1,1,10474593,4.7566,4.7616,4.7708
A,remoto,0,786432,L2,0,-1,1,7144046,6.7412,6.7652,6.8153
A,remoto,0,1048576,L2,0,-1,1,5751059,8.6478,8.7060,8.7508
A,remoto,0,1572864,L3_propia,0,-1,1,4323413,11.8292,11.9221,11.9962
A,remoto,0,2097152,L3_propia,0,-1,1,3747870,13.2259,13.2956,13.4490
A,remoto,0,3145728,L3_propia,0,-1,1,3419826,14.3033,14.4019,14.5103
A,remoto,0,4194304,L3_propia,0,-1,1,3249933,15.1535,15.3324,15.4825
A,remoto,0,6291456,L3_propia,0,-1,1,3148765,16.4010,16.5439,16.6473
A,remoto,0,8388608,L3_propia,0,-1,1,2801698,17.2520,17.6649,17.9868
A,remoto,0,12582912,L3_propia,0,-1,1,2445687,19.2841,19.9530,20.6105
A,remoto,0,16777216,L3_propia,0,-1,1,2184219,23.9513,24.9350,26.0447
A,remoto,0,25165824,L3_propia,0,-1,1,1073371,39.5223,42.7408,44.8297
A,remoto,0,29360128,L3_propia,0,-1,1,770726,61.1283,63.6206,65.2375
A,remoto,0,33554432,L3_propia,0,-1,1,664072,83.8409,86.2191,88.6128
A,remoto,0,41943040,DRAM,0,-1,1,455843,120.6435,124.0272,125.9367
A,remoto,0,50331648,DRAM,0,-1,1,385299,138.1819,143.1718,145.0281
A,remoto,0,67108864,DRAM,0,-1,1,321218,163.8775,164.8761,165.6348
A,remoto,0,100663296,DRAM,0,-1,1,283734,184.1437,185.4822,186.4046
A,remoto,0,134217728,DRAM,0,-1,1,309232,192.4287,193.4155,194.0290
A,remoto,0,201326592,DRAM,0,-1,1,269924,201.1235,201.5152,202.0241
A,remoto,0,268435456,DRAM,0,-1,1,245652,203.9516,204.9943,205.5150
A,remoto,0,402653184,DRAM,0,-1,1,240234,209.5442,211.8829,213.6384
A,remoto,0,536870912,DRAM,0,-1,1,231310,213.8014,214.2425,214.7306
A,remoto,0,805306368,DRAM,0,-1,1,223150,218.7701,220.0302,223.3933
A,remoto,0,1073741824,DRAM,0,-1,1,225003,221.1720,221.5864,222.1656
A,remoto,0,1610612736,DRAM,0,-1,1,220307,225.3488,225.7524,226.6166
A,remoto,0,2147483648,DRAM,0,-1,1,218112,228.9267,229.4729,229.9032
B,smt,0,64,c2c,0,128,0,60000,17.8767,17.9540,18.0966
B,mismo_ccd,0,64,c2c,0,1,0,60000,27.0188,27.1845,27.3127
B,otro_ccd,0,64,c2c,0,8,0,60000,148.4083,166.9446,186.3894
B,otro_ccd_lejano,0,64,c2c,0,63,0,60000,182.8364,189.2114,198.6535
B,otro_nodo,0,64,c2c,0,64,0,60000,297.6617,319.7535,335.4827
C,mismo_ccd,1,16777216,lectura_cache_ajena,0,1,0,262144,13.3257,14.3923,16.1247
C,otro_ccd,1,16777216,lectura_cache_ajena,0,8,0,262144,63.2269,66.9990,72.4298
C,otro_nodo,1,16777216,lectura_cache_ajena,0,64,0,262144,107.1227,111.7958,121.0300
B,mismo_ccd,0,64,c2c,0,1,0,60000,27.0110,27.0110,27.0110
B,mismo_ccd,0,64,c2c,0,2,0,60000,27.1030,27.1030,27.1030
B,mismo_ccd,0,64,c2c,0,3,0,60000,27.2737,27.2737,27.2737
B,mismo_ccd,0,64,c2c,0,4,0,60000,27.3495,27.3495,27.3495
B,mismo_ccd,0,64,c2c,0,5,0,60000,27.2073,27.2073,27.2073
B,mismo_ccd,0,64,c2c,0,6,0,60000,27.0994,27.0994,27.0994
B,mismo_ccd,0,64,c2c,0,7,0,60000,27.2062,27.2062,27.2062
B,otro_ccd,0,64,c2c,0,8,0,60000,256.9561,256.9561,256.9561
B,otro_ccd,0,64,c2c,0,9,0,60000,271.9716,271.9716,271.9716
B,otro_ccd,0,64,c2c,0,10,0,60000,239.9344,239.9344,239.9344
B,otro_ccd,0,64,c2c,0,11,0,60000,293.3160,293.3160,293.3160
B,otro_ccd,0,64,c2c,0,12,0,60000,352.7538,352.7538,352.7538
B,otro_ccd,0,64,c2c,0,13,0,60000,339.3062,339.3062,339.3062
B,otro_ccd,0,64,c2c,0,14,0,60000,327.5990,327.5990,327.5990
B,otro_ccd,0,64,c2c,0,15,0,60000,154.9275,154.9275,154.9275
B,otro_ccd,0,64,c2c,0,16,0,60000,178.3682,178.3682,178.3682
B,otro_ccd,0,64,c2c,0,17,0,60000,183.3411,183.3411,183.3411
B,otro_ccd,0,64,c2c,0,18,0,60000,173.3456,173.3456,173.3456
B,otro_ccd,0,64,c2c,0,19,0,60000,180.3374,180.3374,180.3374
B,otro_ccd,0,64,c2c,0,20,0,60000,171.1784,171.1784,171.1784
B,otro_ccd,0,64,c2c,0,21,0,60000,174.0043,174.0043,174.0043
B,otro_ccd,0,64,c2c,0,22,0,60000,183.6288,183.6288,183.6288
B,otro_ccd,0,64,c2c,0,23,0,60000,174.0989,174.0989,174.0989
B,otro_ccd,0,64,c2c,0,24,0,60000,153.7640,153.7640,153.7640
B,otro_ccd,0,64,c2c,0,25,0,60000,183.1192,183.1192,183.1192
B,otro_ccd,0,64,c2c,0,26,0,60000,173.3910,173.3910,173.3910
B,otro_ccd,0,64,c2c,0,27,0,60000,180.2986,180.2986,180.2986
B,otro_ccd,0,64,c2c,0,28,0,60000,171.3734,171.3734,171.3734
B,otro_ccd,0,64,c2c,0,29,0,60000,173.5107,173.5107,173.5107
B,otro_ccd,0,64,c2c,0,30,0,60000,182.8899,182.8899,182.8899
B,otro_ccd,0,64,c2c,0,31,0,60000,173.7861,173.7861,173.7861
B,otro_ccd,0,64,c2c,0,32,0,60000,186.6908,186.6908,186.6908
B,otro_ccd,0,64,c2c,0,33,0,60000,188.0387,188.0387,188.0387
B,otro_ccd,0,64,c2c,0,34,0,60000,187.2026,187.2026,187.2026
B,otro_ccd,0,64,c2c,0,35,0,60000,186.8730,186.8730,186.8730
B,otro_ccd,0,64,c2c,0,36,0,60000,181.4078,181.4078,181.4078
B,otro_ccd,0,64,c2c,0,37,0,60000,185.0404,185.0404,185.0404
B,otro_ccd,0,64,c2c,0,38,0,60000,191.3047,191.3047,191.3047
B,otro_ccd,0,64,c2c,0,39,0,60000,185.4292,185.4292,185.4292
B,otro_ccd,0,64,c2c,0,40,0,60000,188.2938,188.2938,188.2938
B,otro_ccd,0,64,c2c,0,41,0,60000,203.1587,203.1587,203.1587
B,otro_ccd,0,64,c2c,0,42,0,60000,179.6697,179.6697,179.6697
B,otro_ccd,0,64,c2c,0,43,0,60000,189.2343,189.2343,189.2343
B,otro_ccd,0,64,c2c,0,44,0,60000,179.7380,179.7380,179.7380
B,otro_ccd,0,64,c2c,0,45,0,60000,184.4886,184.4886,184.4886
B,otro_ccd,0,64,c2c,0,46,0,60000,189.8969,189.8969,189.8969
B,otro_ccd,0,64,c2c,0,47,0,60000,189.0778,189.0778,189.0778
B,otro_ccd,0,64,c2c,0,48,0,60000,161.0087,161.0087,161.0087
B,otro_ccd,0,64,c2c,0,49,0,60000,200.9756,200.9756,200.9756
B,otro_ccd,0,64,c2c,0,50,0,60000,184.3015,184.3015,184.3015
B,otro_ccd,0,64,c2c,0,51,0,60000,191.0823,191.0823,191.0823
B,otro_ccd,0,64,c2c,0,52,0,60000,181.1489,181.1489,181.1489
B,otro_ccd,0,64,c2c,0,53,0,60000,185.2136,185.2136,185.2136
B,otro_ccd,0,64,c2c,0,54,0,60000,191.4703,191.4703,191.4703
B,otro_ccd,0,64,c2c,0,55,0,60000,184.8204,184.8204,184.8204
B,otro_ccd,0,64,c2c,0,56,0,60000,188.5478,188.5478,188.5478
B,otro_ccd,0,64,c2c,0,57,0,60000,203.9446,203.9446,203.9446
B,otro_ccd,0,64,c2c,0,58,0,60000,179.1994,179.1994,179.1994
B,otro_ccd,0,64,c2c,0,59,0,60000,188.7714,188.7714,188.7714
B,otro_ccd,0,64,c2c,0,60,0,60000,181.4756,181.4756,181.4756
B,otro_ccd,0,64,c2c,0,61,0,60000,185.1604,185.1604,185.1604
B,otro_ccd,0,64,c2c,0,62,0,60000,189.0783,189.0783,189.0783
B,otro_ccd,0,64,c2c,0,63,0,60000,185.9734,185.9734,185.9734
B,otro_nodo,0,64,c2c,0,64,0,60000,321.9285,321.9285,321.9285
B,otro_nodo,0,64,c2c,0,65,0,60000,327.6060,327.6060,327.6060
B,otro_nodo,0,64,c2c,0,66,0,60000,303.8437,303.8437,303.8437
B,otro_nodo,0,64,c2c,0,67,0,60000,321.0564,321.0564,321.0564
B,otro_nodo,0,64,c2c,0,68,0,60000,304.4745,304.4745,304.4745
B,otro_nodo,0,64,c2c,0,69,0,60000,307.4435,307.4435,307.4435
B,otro_nodo,0,64,c2c,0,70,0,60000,320.9547,320.9547,320.9547
B,otro_nodo,0,64,c2c,0,71,0,60000,309.0742,309.0742,309.0742
B,otro_nodo,0,64,c2c,0,72,0,60000,321.6054,321.6054,321.6054
B,otro_nodo,0,64,c2c,0,73,0,60000,327.6878,327.6878,327.6878
B,otro_nodo,0,64,c2c,0,74,0,60000,302.4056,302.4056,302.4056
B,otro_nodo,0,64,c2c,0,75,0,60000,317.9890,317.9890,317.9890
B,otro_nodo,0,64,c2c,0,76,0,60000,301.2255,301.2255,301.2255
B,otro_nodo,0,64,c2c,0,77,0,60000,304.7331,304.7331,304.7331
B,otro_nodo,0,64,c2c,0,78,0,60000,319.6908,319.6908,319.6908
B,otro_nodo,0,64,c2c,0,79,0,60000,316.4813,316.4813,316.4813
B,otro_nodo,0,64,c2c,0,80,0,60000,335.5535,335.5535,335.5535
B,otro_nodo,0,64,c2c,0,81,0,60000,338.2663,338.2663,338.2663
B,otro_nodo,0,64,c2c,0,82,0,60000,325.0629,325.0629,325.0629
B,otro_nodo,0,64,c2c,0,83,0,60000,333.3449,333.3449,333.3449
B,otro_nodo,0,64,c2c,0,84,0,60000,325.2253,325.2253,325.2253
B,otro_nodo,0,64,c2c,0,85,0,60000,323.4113,323.4113,323.4113
B,otro_nodo,0,64,c2c,0,86,0,60000,333.1402,333.1402,333.1402
B,otro_nodo,0,64,c2c,0,87,0,60000,326.7213,326.7213,326.7213
B,otro_nodo,0,64,c2c,0,88,0,60000,334.6675,334.6675,334.6675
B,otro_nodo,0,64,c2c,0,89,0,60000,337.2278,337.2278,337.2278
B,otro_nodo,0,64,c2c,0,90,0,60000,322.8839,322.8839,322.8839
B,otro_nodo,0,64,c2c,0,91,0,60000,333.7232,333.7232,333.7232
B,otro_nodo,0,64,c2c,0,92,0,60000,325.9221,325.9221,325.9221
B,otro_nodo,0,64,c2c,0,93,0,60000,328.4474,328.4474,328.4474
B,otro_nodo,0,64,c2c,0,94,0,60000,331.6819,331.6819,331.6819
B,otro_nodo,0,64,c2c,0,95,0,60000,328.6391,328.6391,328.6391
B,otro_nodo,0,64,c2c,0,96,0,60000,327.1678,327.1678,327.1678
B,otro_nodo,0,64,c2c,0,97,0,60000,332.2831,332.2831,332.2831
B,otro_nodo,0,64,c2c,0,98,0,60000,311.7091,311.7091,311.7091
B,otro_nodo,0,64,c2c,0,99,0,60000,328.3051,328.3051,328.3051
B,otro_nodo,0,64,c2c,0,100,0,60000,316.5195,316.5195,316.5195
B,otro_nodo,0,64,c2c,0,101,0,60000,320.3536,320.3536,320.3536
B,otro_nodo,0,64,c2c,0,102,0,60000,316.4938,316.4938,316.4938
B,otro_nodo,0,64,c2c,0,103,0,60000,319.0611,319.0611,319.0611
B,otro_nodo,0,64,c2c,0,104,0,60000,315.6112,315.6112,315.6112
B,otro_nodo,0,64,c2c,0,105,0,60000,316.0518,316.0518,316.0518
B,otro_nodo,0,64,c2c,0,106,0,60000,317.3553,317.3553,317.3553
B,otro_nodo,0,64,c2c,0,107,0,60000,313.3982,313.3982,313.3982
B,otro_nodo,0,64,c2c,0,108,0,60000,317.4775,317.4775,317.4775
B,otro_nodo,0,64,c2c,0,109,0,60000,319.0954,319.0954,319.0954
B,otro_nodo,0,64,c2c,0,110,0,60000,313.5555,313.5555,313.5555
B,otro_nodo,0,64,c2c,0,111,0,60000,320.7682,320.7682,320.7682
B,otro_nodo,0,64,c2c,0,112,0,60000,315.2741,315.2741,315.2741
B,otro_nodo,0,64,c2c,0,113,0,60000,329.5743,329.5743,329.5743
B,otro_nodo,0,64,c2c,0,114,0,60000,321.9182,321.9182,321.9182
B,otro_nodo,0,64,c2c,0,115,0,60000,313.6574,313.6574,313.6574
B,otro_nodo,0,64,c2c,0,116,0,60000,321.1830,321.1830,321.1830
B,otro_nodo,0,64,c2c,0,117,0,60000,329.5931,329.5931,329.5931
B,otro_nodo,0,64,c2c,0,118,0,60000,315.0666,315.0666,315.0666
B,otro_nodo,0,64,c2c,0,119,0,60000,330.2500,330.2500,330.2500
B,otro_nodo,0,64,c2c,0,120,0,60000,312.5236,312.5236,312.5236
B,otro_nodo,0,64,c2c,0,121,0,60000,325.0178,325.0178,325.0178
B,otro_nodo,0,64,c2c,0,122,0,60000,311.0047,311.0047,311.0047
B,otro_nodo,0,64,c2c,0,123,0,60000,322.5614,322.5614,322.5614
B,otro_nodo,0,64,c2c,0,124,0,60000,305.4145,305.4145,305.4145
B,otro_nodo,0,64,c2c,0,125,0,60000,313.1052,313.1052,313.1052
B,otro_nodo,0,64,c2c,0,126,0,60000,321.2576,321.2576,321.2576
B,otro_nodo,0,64,c2c,0,127,0,60000,313.8261,313.8261,313.8261
B,mismo_ccd,0,64,c2c,1,2,0,60000,27.3796,27.3796,27.3796
B,mismo_ccd,0,64,c2c,1,3,0,60000,27.3978,27.3978,27.3978
B,mismo_ccd,0,64,c2c,1,4,0,60000,27.1840,27.1840,27.1840
B,mismo_ccd,0,64,c2c,1,5,0,60000,27.0958,27.0958,27.0958
B,mismo_ccd,0,64,c2c,1,6,0,60000,27.2664,27.2664,27.2664
B,mismo_ccd,0,64,c2c,1,7,0,60000,27.0554,27.0554,27.0554
B,otro_ccd,0,64,c2c,1,8,0,60000,181.7863,181.7863,181.7863
B,otro_ccd,0,64,c2c,1,9,0,60000,154.2540,154.2540,154.2540
B,otro_ccd,0,64,c2c,1,10,0,60000,181.8256,181.8256,181.8256
B,otro_ccd,0,64,c2c,1,11,0,60000,182.3192,182.3192,182.3192
B,otro_ccd,0,64,c2c,1,12,0,60000,168.0125,168.0125,168.0125
B,otro_ccd,0,64,c2c,1,13,0,60000,176.7281,176.7281,176.7281
B,otro_ccd,0,64,c2c,1,14,0,60000,166.6350,166.6350,166.6350
B,otro_ccd,0,64,c2c,1,15,0,60000,154.5458,154.5458,154.5458
B,otro_ccd,0,64,c2c,1,16,0,60000,173.3693,173.3693,173.3693
B,otro_ccd,0,64,c2c,1,17,0,60000,184.8394,184.8394,184.8394
B,otro_ccd,0,64,c2c,1,18,0,60000,195.8549,195.8549,195.8549
B,otro_ccd,0,64,c2c,1,19,0,60000,201.7583,201.7583,201.7583
B,otro_ccd,0,64,c2c,1,20,0,60000,189.6618,189.6618,189.6618
B,otro_ccd,0,64,c2c,1,21,0,60000,189.6284,189.6284,189.6284
B,otro_ccd,0,64,c2c,1,22,0,60000,188.7353,188.7353,188.7353
B,otro_ccd,0,64,c2c,1,23,0,60000,187.9865,187.9865,187.9865
B,otro_ccd,0,64,c2c,1,24,0,60000,201.7743,201.7743,201.7743
B,otro_ccd,0,64,c2c,1,25,0,60000,185.1012,185.1012,185.1012
B,otro_ccd,0,64,c2c,1,26,0,60000,196.2754,196.2754,196.2754
B,otro_ccd,0,64,c2c,1,27,0,60000,202.0422,202.0422,202.0422
B,otro_ccd,0,64,c2c,1,28,0,60000,189.2781,189.2781,189.2781
B,otro_ccd,0,64,c2c,1,29,0,60000,189.9576,189.9576,189.9576
B,otro_ccd,0,64,c2c,1,30,0,60000,188.8687,188.8687,188.8687
B,otro_ccd,0,64,c2c,1,31,0,60000,188.7982,188.7982,188.7982
B,otro_ccd,0,64,c2c,1,32,0,60000,200.3233,200.3233,200.3233
B,otro_ccd,0,64,c2c,1,33,0,60000,175.1474,175.1474,175.1474
B,otro_ccd,0,64,c2c,1,34,0,60000,190.2123,190.2123,190.2123
B,otro_ccd,0,64,c2c,1,35,0,60000,195.6642,195.6642,195.6642
B,otro_ccd,0,64,c2c,1,36,0,60000,185.9135,185.9135,185.9135
B,otro_ccd,0,64,c2c,1,37,0,60000,189.0649,189.0649,189.0649
B,otro_ccd,0,64,c2c,1,38,0,60000,189.3503,189.3503,189.3503
B,otro_ccd,0,64,c2c,1,39,0,60000,190.9212,190.9212,190.9212
B,otro_ccd,0,64,c2c,1,40,0,60000,188.0568,188.0568,188.0568
B,otro_ccd,0,64,c2c,1,41,0,60000,185.7861,185.7861,185.7861
B,otro_ccd,0,64,c2c,1,42,0,60000,187.1816,187.1816,187.1816
B,otro_ccd,0,64,c2c,1,43,0,60000,191.8198,191.8198,191.8198
B,otro_ccd,0,64,c2c,1,44,0,60000,189.5305,189.5305,189.5305
B,otro_ccd,0,64,c2c,1,45,0,60000,184.3296,184.3296,184.3296
B,otro_ccd,0,64,c2c,1,46,0,60000,188.1991,188.1991,188.1991
B,otro_ccd,0,64,c2c,1,47,0,60000,188.8308,188.8308,188.8308
B,otro_ccd,0,64,c2c,1,48,0,60000,188.6151,188.6151,188.6151
B,otro_ccd,0,64,c2c,1,49,0,60000,186.3663,186.3663,186.3663
B,otro_ccd,0,64,c2c,1,50,0,60000,186.1882,186.1882,186.1882
B,otro_ccd,0,64,c2c,1,51,0,60000,189.2199,189.2199,189.2199
B,otro_ccd,0,64,c2c,1,52,0,60000,189.8379,189.8379,189.8379
B,otro_ccd,0,64,c2c,1,53,0,60000,183.1719,183.1719,183.1719
B,otro_ccd,0,64,c2c,1,54,0,60000,189.2073,189.2073,189.2073
B,otro_ccd,0,64,c2c,1,55,0,60000,190.6812,190.6812,190.6812
B,otro_ccd,0,64,c2c,1,56,0,60000,188.8020,188.8020,188.8020
B,otro_ccd,0,64,c2c,1,57,0,60000,185.5381,185.5381,185.5381
B,otro_ccd,0,64,c2c,1,58,0,60000,186.8804,186.8804,186.8804
B,otro_ccd,0,64,c2c,1,59,0,60000,191.8071,191.8071,191.8071
B,otro_ccd,0,64,c2c,1,60,0,60000,189.9451,189.9451,189.9451
B,otro_ccd,0,64,c2c,1,61,0,60000,189.0688,189.0688,189.0688
B,otro_ccd,0,64,c2c,1,62,0,60000,189.4281,189.4281,189.4281
B,otro_ccd,0,64,c2c,1,63,0,60000,190.8227,190.8227,190.8227
B,otro_nodo,0,64,c2c,1,64,0,60000,326.5400,326.5400,326.5400
B,otro_nodo,0,64,c2c,1,65,0,60000,316.5664,316.5664,316.5664
B,otro_nodo,0,64,c2c,1,66,0,60000,321.0059,321.0059,321.0059
B,otro_nodo,0,64,c2c,1,67,0,60000,325.2526,325.2526,325.2526
B,otro_nodo,0,64,c2c,1,68,0,60000,321.8757,321.8757,321.8757
B,otro_nodo,0,64,c2c,1,69,0,60000,313.7497,313.7497,313.7497
B,otro_nodo,0,64,c2c,1,70,0,60000,317.8026,317.8026,317.8026
B,otro_nodo,0,64,c2c,1,71,0,60000,321.0003,321.0003,321.0003
B,otro_nodo,0,64,c2c,1,72,0,60000,325.9910,325.9910,325.9910
B,otro_nodo,0,64,c2c,1,73,0,60000,315.0322,315.0322,315.0322
B,otro_nodo,0,64,c2c,1,74,0,60000,319.2273,319.2273,319.2273
B,otro_nodo,0,64,c2c,1,75,0,60000,328.2328,328.2328,328.2328
B,otro_nodo,0,64,c2c,1,76,0,60000,318.8197,318.8197,318.8197
B,otro_nodo,0,64,c2c,1,77,0,60000,311.4286,311.4286,311.4286
B,otro_nodo,0,64,c2c,1,78,0,60000,319.8519,319.8519,319.8519
B,otro_nodo,0,64,c2c,1,79,0,60000,319.9411,319.9411,319.9411
B,otro_nodo,0,64,c2c,1,80,0,60000,337.2543,337.2543,337.2543
B,otro_nodo,0,64,c2c,1,81,0,60000,308.9598,308.9598,308.9598
B,otro_nodo,0,64,c2c,1,82,0,60000,323.8695,323.8695,323.8695
B,otro_nodo,0,64,c2c,1,83,0,60000,331.5246,331.5246,331.5246
B,otro_nodo,0,64,c2c,1,84,0,60000,315.0521,315.0521,315.0521
B,otro_nodo,0,64,c2c,1,85,0,60000,327.1267,327.1267,327.1267
B,otro_nodo,0,64,c2c,1,86,0,60000,314.8576,314.8576,314.8576
B,otro_nodo,0,64,c2c,1,87,0,60000,315.3613,315.3613,315.3613
B,otro_nodo,0,64,c2c,1,88,0,60000,331.9842,331.9842,331.9842
B,otro_nodo,0,64,c2c,1,89,0,60000,309.3604,309.3604,309.3604
B,otro_nodo,0,64,c2c,1,90,0,60000,320.0041,320.0041,320.0041
B,otro_nodo,0,64,c2c,1,91,0,60000,328.3688,328.3688,328.3688
B,otro_nodo,0,64,c2c,1,92,0,60000,312.2191,312.2191,312.2191
B,otro_nodo,0,64,c2c,1,93,0,60000,324.3866,324.3866,324.3866
B,otro_nodo,0,64,c2c,1,94,0,60000,313.2812,313.2812,313.2812
B,otro_nodo,0,64,c2c,1,95,0,60000,315.3754,315.3754,315.3754
B,otro_nodo,0,64,c2c,1,96,0,60000,332.6216,332.6216,332.6216
B,otro_nodo,0,64,c2c,1,97,0,60000,298.8843,298.8843,298.8843
B,otro_nodo,0,64,c2c,1,98,0,60000,328.8460,328.8460,328.8460
B,otro_nodo,0,64,c2c,1,99,0,60000,325.6820,325.6820,325.6820
B,otro_nodo,0,64,c2c,1,100,0,60000,312.4126,312.4126,312.4126
B,otro_nodo,0,64,c2c,1,101,0,60000,319.6152,319.6152,319.6152
B,otro_nodo,0,64,c2c,1,102,0,60000,326.0197,326.0197,326.0197
B,otro_nodo,0,64,c2c,1,103,0,60000,321.6775,321.6775,321.6775
B,otro_nodo,0,64,c2c,1,104,0,60000,336.8042,336.8042,336.8042
B,otro_nodo,0,64,c2c,1,105,0,60000,312.7626,312.7626,312.7626
B,otro_nodo,0,64,c2c,1,106,0,60000,327.4117,327.4117,327.4117
B,otro_nodo,0,64,c2c,1,107,0,60000,329.8326,329.8326,329.8326
B,otro_nodo,0,64,c2c,1,108,0,60000,329.1826,329.1826,329.1826
B,otro_nodo,0,64,c2c,1,109,0,60000,327.8476,327.8476,327.8476
B,otro_nodo,0,64,c2c,1,110,0,60000,328.6388,328.6388,328.6388
B,otro_nodo,0,64,c2c,1,111,0,60000,328.0962,328.0962,328.0962
B,otro_nodo,0,64,c2c,1,112,0,60000,337.1278,337.1278,337.1278
B,otro_nodo,0,64,c2c,1,113,0,60000,327.1974,327.1974,327.1974
B,otro_nodo,0,64,c2c,1,114,0,60000,335.5909,335.5909,335.5909
B,otro_nodo,0,64,c2c,1,115,0,60000,331.5808,331.5808,331.5808
B,otro_nodo,0,64,c2c,1,116,0,60000,335.9910,335.9910,335.9910
B,otro_nodo,0,64,c2c,1,117,0,60000,329.5793,329.5793,329.5793
B,otro_nodo,0,64,c2c,1,118,0,60000,328.5469,328.5469,328.5469
B,otro_nodo,0,64,c2c,1,119,0,60000,333.4757,333.4757,333.4757
B,otro_nodo,0,64,c2c,1,120,0,60000,336.5884,336.5884,336.5884
B,otro_nodo,0,64,c2c,1,121,0,60000,321.3526,321.3526,321.3526
B,otro_nodo,0,64,c2c,1,122,0,60000,330.3703,330.3703,330.3703
B,otro_nodo,0,64,c2c,1,123,0,60000,332.9312,332.9312,332.9312
B,otro_nodo,0,64,c2c,1,124,0,60000,312.9022,312.9022,312.9022
B,otro_nodo,0,64,c2c,1,125,0,60000,328.2182,328.2182,328.2182
B,otro_nodo,0,64,c2c,1,126,0,60000,311.7011,311.7011,311.7011
B,otro_nodo,0,64,c2c,1,127,0,60000,312.9888,312.9888,312.9888
B,mismo_ccd,0,64,c2c,2,3,0,60000,27.4102,27.4102,27.4102
B,mismo_ccd,0,64,c2c,2,4,0,60000,27.5791,27.5791,27.5791
B,mismo_ccd,0,64,c2c,2,5,0,60000,27.2111,27.2111,27.2111
B,mismo_ccd,0,64,c2c,2,6,0,60000,27.5719,27.5719,27.5719
B,mismo_ccd,0,64,c2c,2,7,0,60000,27.1693,27.1693,27.1693
B,otro_ccd,0,64,c2c,2,8,0,60000,187.4690,187.4690,187.4690
B,otro_ccd,0,64,c2c,2,9,0,60000,162.4412,162.4412,162.4412
B,otro_ccd,0,64,c2c,2,10,0,60000,127.0208,127.0208,127.0208
B,otro_ccd,0,64,c2c,2,11,0,60000,184.4981,184.4981,184.4981
B,otro_ccd,0,64,c2c,2,12,0,60000,168.6549,168.6549,168.6549
B,otro_ccd,0,64,c2c,2,13,0,60000,180.8634,180.8634,180.8634
B,otro_ccd,0,64,c2c,2,14,0,60000,183.5359,183.5359,183.5359
B,otro_ccd,0,64,c2c,2,15,0,60000,168.9047,168.9047,168.9047
B,otro_ccd,0,64,c2c,2,16,0,60000,187.2083,187.2083,187.2083
B,otro_ccd,0,64,c2c,2,17,0,60000,174.1450,174.1450,174.1450
B,otro_ccd,0,64,c2c,2,18,0,60000,134.7988,134.7988,134.7988
B,otro_ccd,0,64,c2c,2,19,0,60000,186.9905,186.9905,186.9905
B,otro_ccd,0,64,c2c,2,20,0,60000,173.6177,173.6177,173.6177
B,otro_ccd,0,64,c2c,2,21,0,60000,178.7574,178.7574,178.7574
B,otro_ccd,0,64,c2c,2,22,0,60000,185.9181,185.9181,185.9181
B,otro_ccd,0,64,c2c,2,23,0,60000,173.6193,173.6193,173.6193
B,otro_ccd,0,64,c2c,2,24,0,60000,184.3828,184.3828,184.3828
B,otro_ccd,0,64,c2c,2,25,0,60000,172.5034,172.5034,172.5034
B,otro_ccd,0,64,c2c,2,26,0,60000,179.4990,179.4990,179.4990
B,otro_ccd,0,64,c2c,2,27,0,60000,184.4976,184.4976,184.4976
B,otro_ccd,0,64,c2c,2,28,0,60000,173.1120,173.1120,173.1120
B,otro_ccd,0,64,c2c,2,29,0,60000,178.7938,178.7938,178.7938
B,otro_ccd,0,64,c2c,2,30,0,60000,185.9427,185.9427,185.9427
B,otro_ccd,0,64,c2c,2,31,0,60000,174.1879,174.1879,174.1879
B,otro_ccd,0,64,c2c,2,32,0,60000,187.7174,187.7174,187.7174
B,otro_ccd,0,64,c2c,2,33,0,60000,187.1159,187.1159,187.1159
B,otro_ccd,0,64,c2c,2,34,0,60000,194.0151,194.0151,194.0151
B,otro_ccd,0,64,c2c,2,35,0,60000,186.0639,186.0639,186.0639
B,otro_ccd,0,64,c2c,2,36,0,60000,188.7352,188.7352,188.7352
B,otro_ccd,0,64,c2c,2,37,0,60000,187.8977,187.8977,187.8977
B,otro_ccd,0,64,c2c,2,38,0,60000,189.8162,189.8162,189.8162
B,otro_ccd,0,64,c2c,2,39,0,60000,188.5590,188.5590,188.5590
B,otro_ccd,0,64,c2c,2,40,0,60000,187.0960,187.0960,187.0960
B,otro_ccd,0,64,c2c,2,41,0,60000,184.2531,184.2531,184.2531
B,otro_ccd,0,64,c2c,2,42,0,60000,189.2508,189.2508,189.2508
B,otro_ccd,0,64,c2c,2,43,0,60000,187.9121,187.9121,187.9121
B,otro_ccd,0,64,c2c,2,44,0,60000,188.4165,188.4165,188.4165
B,otro_ccd,0,64,c2c,2,45,0,60000,186.8977,186.8977,186.8977
B,otro_ccd,0,64,c2c,2,46,0,60000,187.9149,187.9149,187.9149
B,otro_ccd,0,64,c2c,2,47,0,60000,188.6345,188.6345,188.6345
B,otro_ccd,0,64,c2c,2,48,0,60000,199.9748,199.9748,199.9748
B,otro_ccd,0,64,c2c,2,49,0,60000,177.8338,177.8338,177.8338
B,otro_ccd,0,64,c2c,2,50,0,60000,187.1288,187.1288,187.1288
B,otro_ccd,0,64,c2c,2,51,0,60000,198.8552,198.8552,198.8552
B,otro_ccd,0,64,c2c,2,52,0,60000,186.8424,186.8424,186.8424
B,otro_ccd,0,64,c2c,2,53,0,60000,191.8453,191.8453,191.8453
B,otro_ccd,0,64,c2c,2,54,0,60000,198.6223,198.6223,198.6223
B,otro_ccd,0,64,c2c,2,55,0,60000,186.6744,186.6744,186.6744
B,otro_ccd,0,64,c2c,2,56,0,60000,199.3126,199.3126,199.3126
B,otro_ccd,0,64,c2c,2,57,0,60000,176.0773,176.0773,176.0773
B,otro_ccd,0,64,c2c,2,58,0,60000,186.2879,186.2879,186.2879
B,otro_ccd,0,64,c2c,2,59,0,60000,196.9083,196.9083,196.9083
B,otro_ccd,0,64,c2c,2,60,0,60000,185.1513,185.1513,185.1513
B,otro_ccd,0,64,c2c,2,61,0,60000,190.5232,190.5232,190.5232
B,otro_ccd,0,64,c2c,2,62,0,60000,195.4470,195.4470,195.4470
B,otro_ccd,0,64,c2c,2,63,0,60000,190.1906,190.1906,190.1906
B,otro_nodo,0,64,c2c,2,64,0,60000,315.2753,315.2753,315.2753
B,otro_nodo,0,64,c2c,2,65,0,60000,319.7610,319.7610,319.7610
B,otro_nodo,0,64,c2c,2,66,0,60000,321.8927,321.8927,321.8927
B,otro_nodo,0,64,c2c,2,67,0,60000,314.8650,314.8650,314.8650
B,otro_nodo,0,64,c2c,2,68,0,60000,323.7174,323.7174,323.7174
B,otro_nodo,0,64,c2c,2,69,0,60000,314.0274,314.0274,314.0274
B,otro_nodo,0,64,c2c,2,70,0,60000,315.2099,315.2099,315.2099
B,otro_nodo,0,64,c2c,2,71,0,60000,323.2846,323.2846,323.2846
B,otro_nodo,0,64,c2c,2,72,0,60000,315.4860,315.4860,315.4860
B,otro_nodo,0,64,c2c,2,73,0,60000,317.3781,317.3781,317.3781
B,otro_nodo,0,64,c2c,2,74,0,60000,323.1268,323.1268,323.1268
B,otro_nodo,0,64,c2c,2,75,0,60000,317.0606,317.0606,317.0606
B,otro_nodo,0,64,c2c,2,76,0,60000,321.5196,321.5196,321.5196
B,otro_nodo,0,64,c2c,2,77,0,60000,314.8559,314.8559,314.8559
B,otro_nodo,0,64,c2c,2,78,0,60000,315.3850,315.3850,315.3850
B,otro_nodo,0,64,c2c,2,79,0,60000,320.9896,320.9896,320.9896
B,otro_nodo,0,64,c2c,2,80,0,60000,321.5315,321.5315,321.5315
B,otro_nodo,0,64,c2c,2,81,0,60000,323.8940,323.8940,323.8940
B,otro_nodo,0,64,c2c,2,82,0,60000,332.6419,332.6419,332.6419
B,otro_nodo,0,64,c2c,2,83,0,60000,320.2096,320.2096,320.2096
B,otro_nodo,0,64,c2c,2,84,0,60000,315.7893,315.7893,315.7893
B,otro_nodo,0,64,c2c,2,85,0,60000,329.2422,329.2422,329.2422
B,otro_nodo,0,64,c2c,2,86,0,60000,334.4464,334.4464,334.4464
B,otro_nodo,0,64,c2c,2,87,0,60000,315.9740,315.9740,315.9740
B,otro_nodo,0,64,c2c,2,88,0,60000,332.8005,332.8005,332.8005
B,otro_nodo,0,64,c2c,2,89,0,60000,309.7445,309.7445,309.7445
B,otro_nodo,0,64,c2c,2,90,0,60000,315.5629,315.5629,315.5629
B,otro_nodo,0,64,c2c,2,91,0,60000,333.4394,333.4394,333.4394
B,otro_nodo,0,64,c2c,2,92,0,60000,316.7210,316.7210,316.7210
B,otro_nodo,0,64,c2c,2,93,0,60000,326.2575,326.2575,326.2575
B,otro_nodo,0,64,c2c,2,94,0,60000,333.8306,333.8306,333.8306
B,otro_nodo,0,64,c2c,2,95,0,60000,315.5828,315.5828,315.5828
B,otro_nodo,0,64,c2c,2,96,0,60000,328.1043,328.1043,328.1043
B,otro_nodo,0,64,c2c,2,97,0,60000,310.4240,310.4240,310.4240
B,otro_nodo,0,64,c2c,2,98,0,60000,313.7046,313.7046,313.7046
B,otro_nodo,0,64,c2c,2,99,0,60000,328.1808,328.1808,328.1808
B,otro_nodo,0,64,c2c,2,100,0,60000,310.8961,310.8961,310.8961
B,otro_nodo,0,64,c2c,2,101,0,60000,324.4500,324.4500,324.4500
B,otro_nodo,0,64,c2c,2,102,0,60000,327.1125,327.1125,327.1125
B,otro_nodo,0,64,c2c,2,103,0,60000,311.1151,311.1151,311.1151
B,otro_nodo,0,64,c2c,2,104,0,60000,328.8313,328.8313,328.8313
B,otro_nodo,0,64,c2c,2,105,0,60000,311.0961,311.0961,311.0961
B,otro_nodo,0,64,c2c,2,106,0,60000,315.2959,315.2959,315.2959
B,otro_nodo,0,64,c2c,2,107,0,60000,325.7720,325.7720,325.7720
B,otro_nodo,0,64,c2c,2,108,0,60000,312.7348,312.7348,312.7348
B,otro_nodo,0,64,c2c,2,109,0,60000,328.7903,328.7903,328.7903
B,otro_nodo,0,64,c2c,2,110,0,60000,321.2575,321.2575,321.2575
B,otro_nodo,0,64,c2c,2,111,0,60000,311.9674,311.9674,311.9674
B,otro_nodo,0,64,c2c,2,112,0,60000,333.2342,333.2342,333.2342
B,otro_nodo,0,64,c2c,2,113,0,60000,312.7811,312.7811,312.7811
B,otro_nodo,0,64,c2c,2,114,0,60000,317.7494,317.7494,317.7494
B,otro_nodo,0,64,c2c,2,115,0,60000,333.1750,333.1750,333.1750
B,otro_nodo,0,64,c2c,2,116,0,60000,314.0042,314.0042,314.0042
B,otro_nodo,0,64,c2c,2,117,0,60000,326.6401,326.6401,326.6401
B,otro_nodo,0,64,c2c,2,118,0,60000,333.4739,333.4739,333.4739
B,otro_nodo,0,64,c2c,2,119,0,60000,313.4182,313.4182,313.4182
B,otro_nodo,0,64,c2c,2,120,0,60000,332.9621,332.9621,332.9621
B,otro_nodo,0,64,c2c,2,121,0,60000,309.2849,309.2849,309.2849
B,otro_nodo,0,64,c2c,2,122,0,60000,316.5498,316.5498,316.5498
B,otro_nodo,0,64,c2c,2,123,0,60000,332.2409,332.2409,332.2409
B,otro_nodo,0,64,c2c,2,124,0,60000,317.4791,317.4791,317.4791
B,otro_nodo,0,64,c2c,2,125,0,60000,327.8884,327.8884,327.8884
B,otro_nodo,0,64,c2c,2,126,0,60000,329.9845,329.9845,329.9845
B,otro_nodo,0,64,c2c,2,127,0,60000,329.2403,329.2403,329.2403
B,mismo_ccd,0,64,c2c,3,4,0,60000,27.3128,27.3128,27.3128
B,mismo_ccd,0,64,c2c,3,5,0,60000,27.3291,27.3291,27.3291
B,mismo_ccd,0,64,c2c,3,6,0,60000,27.1622,27.1622,27.1622
B,mismo_ccd,0,64,c2c,3,7,0,60000,27.2906,27.2906,27.2906
B,otro_ccd,0,64,c2c,3,8,0,60000,184.6835,184.6835,184.6835
B,otro_ccd,0,64,c2c,3,9,0,60000,197.5121,197.5121,197.5121
B,otro_ccd,0,64,c2c,3,10,0,60000,196.8072,196.8072,196.8072
B,otro_ccd,0,64,c2c,3,11,0,60000,191.6550,191.6550,191.6550
B,otro_ccd,0,64,c2c,3,12,0,60000,189.5778,189.5778,189.5778
B,otro_ccd,0,64,c2c,3,13,0,60000,188.1530,188.1530,188.1530
B,otro_ccd,0,64,c2c,3,14,0,60000,189.4712,189.4712,189.4712
B,otro_ccd,0,64,c2c,3,15,0,60000,192.4990,192.4990,192.4990
B,otro_ccd,0,64,c2c,3,16,0,60000,189.4034,189.4034,189.4034
B,otro_ccd,0,64,c2c,3,17,0,60000,203.4880,203.4880,203.4880
B,otro_ccd,0,64,c2c,3,18,0,60000,202.7511,202.7511,202.7511
B,otro_ccd,0,64,c2c,3,19,0,60000,198.2439,198.2439,198.2439
B,otro_ccd,0,64,c2c,3,20,0,60000,194.3726,194.3726,194.3726
B,otro_ccd,0,64,c2c,3,21,0,60000,190.6681,190.6681,190.6681
B,otro_ccd,0,64,c2c,3,22,0,60000,189.8254,189.8254,189.8254
B,otro_ccd,0,64,c2c,3,23,0,60000,199.2711,199.2711,199.2711
B,otro_ccd,0,64,c2c,3,24,0,60000,189.2573,189.2573,189.2573
B,otro_ccd,0,64,c2c,3,25,0,60000,199.1490,199.1490,199.1490
B,otro_ccd,0,64,c2c,3,26,0,60000,202.1016,202.1016,202.1016
B,otro_ccd,0,64,c2c,3,27,0,60000,198.5251,198.5251,198.5251
B,otro_ccd,0,64,c2c,3,28,0,60000,198.3630,198.3630,198.3630
B,otro_ccd,0,64,c2c,3,29,0,60000,190.0099,190.0099,190.0099
B,otro_ccd,0,64,c2c,3,30,0,60000,189.2923,189.2923,189.2923
B,otro_ccd,0,64,c2c,3,31,0,60000,198.9221,198.9221,198.9221
B,otro_ccd,0,64,c2c,3,32,0,60000,180.9820,180.9820,180.9820
B,otro_ccd,0,64,c2c,3,33,0,60000,200.2724,200.2724,200.2724
B,otro_ccd,0,64,c2c,3,34,0,60000,199.0641,199.0641,199.0641
B,otro_ccd,0,64,c2c,3,35,0,60000,188.4008,188.4008,188.4008
B,otro_ccd,0,64,c2c,3,36,0,60000,192.0382,192.0382,192.0382
B,otro_ccd,0,64,c2c,3,37,0,60000,187.7955,187.7955,187.7955
B,otro_ccd,0,64,c2c,3,38,0,60000,188.1034,188.1034,188.1034
B,otro_ccd,0,64,c2c,3,39,0,60000,198.2495,198.2495,198.2495
B,otro_ccd,0,64,c2c,3,40,0,60000,178.7414,178.7414,178.7414
B,otro_ccd,0,64,c2c,3,41,0,60000,198.4787,198.4787,198.4787
B,otro_ccd,0,64,c2c,3,42,0,60000,197.6291,197.6291,197.6291
B,otro_ccd,0,64,c2c,3,43,0,60000,186.8520,186.8520,186.8520
B,otro_ccd,0,64,c2c,3,44,0,60000,190.5366,190.5366,190.5366
B,otro_ccd,0,64,c2c,3,45,0,60000,189.1011,189.1011,189.1011
B,otro_ccd,0,64,c2c,3,46,0,60000,188.7928,188.7928,188.7928
B,otro_ccd,0,64,c2c,3,47,0,60000,188.8801,188.8801,188.8801
B,otro_ccd,0,64,c2c,3,48,0,60000,180.5593,180.5593,180.5593
B,otro_ccd,0,64,c2c,3,49,0,60000,200.3242,200.3242,200.3242
B,otro_ccd,0,64,c2c,3,50,0,60000,198.6495,198.6495,198.6495
B,otro_ccd,0,64,c2c,3,51,0,60000,188.2320,188.2320,188.2320
B,otro_ccd,0,64,c2c,3,52,0,60000,191.8546,191.8546,191.8546
B,otro_ccd,0,64,c2c,3,53,0,60000,187.9338,187.9338,187.9338
B,otro_ccd,0,64,c2c,3,54,0,60000,188.2709,188.2709,188.2709
B,otro_ccd,0,64,c2c,3,55,0,60000,198.2386,198.2386,198.2386
B,otro_ccd,0,64,c2c,3,56,0,60000,177.8259,177.8259,177.8259
B,otro_ccd,0,64,c2c,3,57,0,60000,198.4831,198.4831,198.4831
B,otro_ccd,0,64,c2c,3,58,0,60000,197.4893,197.4893,197.4893
B,otro_ccd,0,64,c2c,3,59,0,60000,187.4312,187.4312,187.4312
B,otro_ccd,0,64,c2c,3,60,0,60000,190.7084,190.7084,190.7084
B,otro_ccd,0,64,c2c,3,61,0,60000,187.3403,187.3403,187.3403
B,otro_ccd,0,64,c2c,3,62,0,60000,187.5942,187.5942,187.5942
B,otro_ccd,0,64,c2c,3,63,0,60000,196.7174,196.7174,196.7174
B,otro_nodo,0,64,c2c,3,64,0,60000,318.6652,318.6652,318.6652
B,otro_nodo,0,64,c2c,3,65,0,60000,326.5773,326.5773,326.5773
B,otro_nodo,0,64,c2c,3,66,0,60000,324.3682,324.3682,324.3682
B,otro_nodo,0,64,c2c,3,67,0,60000,313.2090,313.2090,313.2090
B,otro_nodo,0,64,c2c,3,68,0,60000,325.7256,325.7256,325.7256
B,otro_nodo,0,64,c2c,3,69,0,60000,310.6263,310.6263,310.6263
B,otro_nodo,0,64,c2c,3,70,0,60000,309.2130,309.2130,309.2130
B,otro_nodo,0,64,c2c,3,71,0,60000,324.2881,324.2881,324.2881
B,otro_nodo,0,64,c2c,3,72,0,60000,304.5265,304.5265,304.5265
B,otro_nodo,0,64,c2c,3,73,0,60000,327.3653,327.3653,327.3653
B,otro_nodo,0,64,c2c,3,74,0,60000,327.0376,327.0376,327.0376
B,otro_nodo,0,64,c2c,3,75,0,60000,312.9394,312.9394,312.9394
B,otro_nodo,0,64,c2c,3,76,0,60000,327.7062,327.7062,327.7062
B,otro_nodo,0,64,c2c,3,77,0,60000,308.2953,308.2953,308.2953
B,otro_nodo,0,64,c2c,3,78,0,60000,307.9677,307.9677,307.9677
B,otro_nodo,0,64,c2c,3,79,0,60000,323.6997,323.6997,323.6997
B,otro_nodo,0,64,c2c,3,80,0,60000,308.0535,308.0535,308.0535
B,otro_nodo,0,64,c2c,3,81,0,60000,331.6570,331.6570,331.6570
B,otro_nodo,0,64,c2c,3,82,0,60000,333.9343,333.9343,333.9343
B,otro_nodo,0,64,c2c,3,83,0,60000,317.3607,317.3607,317.3607
B,otro_nodo,0,64,c2c,3,84,0,60000,328.9066,328.9066,328.9066
B,otro_nodo,0,64,c2c,3,85,0,60000,316.3664,316.3664,316.3664
B,otro_nodo,0,64,c2c,3,86,0,60000,315.9569,315.9569,315.9569
B,otro_nodo,0,64,c2c,3,87,0,60000,334.7614,334.7614,334.7614
B,otro_nodo,0,64,c2c,3,88,0,60000,323.5908,323.5908,323.5908
B,otro_nodo,0,64,c2c,3,89,0,60000,331.5004,331.5004,331.5004
B,otro_nodo,0,64,c2c,3,90,0,60000,330.4366,330.4366,330.4366
B,otro_nodo,0,64,c2c,3,91,0,60000,329.5461,329.5461,329.5461
B,otro_nodo,0,64,c2c,3,92,0,60000,326.4166,326.4166,326.4166
B,otro_nodo,0,64,c2c,3,93,0,60000,322.6610,322.6610,322.6610
B,otro_nodo,0,64,c2c,3,94,0,60000,324.7045,324.7045,324.7045
B,otro_nodo,0,64,c2c,3,95,0,60000,327.0314,327.0314,327.0314
B,otro_nodo,0,64,c2c,3,96,0,60000,316.5183,316.5183,316.5183
B,otro_nodo,0,64,c2c,3,97,0,60000,328.0830,328.0830,328.0830
B,otro_nodo,0,64,c2c,3,98,0,60000,327.2225,327.2225,327.2225
B,otro_nodo,0,64,c2c,3,99,0,60000,323.3113,323.3113,323.3113
B,otro_nodo,0,64,c2c,3,100,0,60000,323.7029,323.7029,323.7029
B,otro_nodo,0,64,c2c,3,101,0,60000,324.0603,324.0603,324.0603
B,otro_nodo,0,64,c2c,3,102,0,60000,323.2019,323.2019,323.2019
B,otro_nodo,0,64,c2c,3,103,0,60000,324.9527,324.9527,324.9527
B,otro_nodo,0,64,c2c,3,104,0,60000,314.2834,314.2834,314.2834
B,otro_nodo,0,64,c2c,3,105,0,60000,327.4859,327.4859,327.4859
B,otro_nodo,0,64,c2c,3,106,0,60000,325.8267,325.8267,325.8267
B,otro_nodo,0,64,c2c,3,107,0,60000,320.7532,320.7532,320.7532
B,otro_nodo,0,64,c2c,3,108,0,60000,328.4523,328.4523,328.4523
B,otro_nodo,0,64,c2c,3,109,0,60000,323.2098,323.2098,323.2098
B,otro_nodo,0,64,c2c,3,110,0,60000,323.2026,323.2026,323.2026
B,otro_nodo,0,64,c2c,3,111,0,60000,332.0250,332.0250,332.0250
B,otro_nodo,0,64,c2c,3,112,0,60000,324.5723,324.5723,324.5723
B,otro_nodo,0,64,c2c,3,113,0,60000,336.3213,336.3213,336.3213
B,otro_nodo,0,64,c2c,3,114,0,60000,337.1020,337.1020,337.1020
B,otro_nodo,0,64,c2c,3,115,0,60000,335.6340,335.6340,335.6340
B,otro_nodo,0,64,c2c,3,116,0,60000,334.0325,334.0325,334.0325
B,otro_nodo,0,64,c2c,3,117,0,60000,328.7604,328.7604,328.7604
B,otro_nodo,0,64,c2c,3,118,0,60000,329.4539,329.4539,329.4539
B,otro_nodo,0,64,c2c,3,119,0,60000,335.4336,335.4336,335.4336
B,otro_nodo,0,64,c2c,3,120,0,60000,328.9490,328.9490,328.9490
B,otro_nodo,0,64,c2c,3,121,0,60000,336.8140,336.8140,336.8140
B,otro_nodo,0,64,c2c,3,122,0,60000,333.6775,333.6775,333.6775
B,otro_nodo,0,64,c2c,3,123,0,60000,333.6547,333.6547,333.6547
B,otro_nodo,0,64,c2c,3,124,0,60000,334.1698,334.1698,334.1698
B,otro_nodo,0,64,c2c,3,125,0,60000,327.9382,327.9382,327.9382
B,otro_nodo,0,64,c2c,3,126,0,60000,327.3163,327.3163,327.3163
B,otro_nodo,0,64,c2c,3,127,0,60000,328.9687,328.9687,328.9687
B,mismo_ccd,0,64,c2c,4,5,0,60000,27.3359,27.3359,27.3359
B,mismo_ccd,0,64,c2c,4,6,0,60000,27.0258,27.0258,27.0258
B,mismo_ccd,0,64,c2c,4,7,0,60000,27.1110,27.1110,27.1110
B,otro_ccd,0,64,c2c,4,8,0,60000,188.1881,188.1881,188.1881
B,otro_ccd,0,64,c2c,4,9,0,60000,189.0489,189.0489,189.0489
B,otro_ccd,0,64,c2c,4,10,0,60000,185.9776,185.9776,185.9776
B,otro_ccd,0,64,c2c,4,11,0,60000,190.3527,190.3527,190.3527
B,otro_ccd,0,64,c2c,4,12,0,60000,189.8622,189.8622,189.8622
B,otro_ccd,0,64,c2c,4,13,0,60000,189.7507,189.7507,189.7507
B,otro_ccd,0,64,c2c,4,14,0,60000,188.4797,188.4797,188.4797
B,otro_ccd,0,64,c2c,4,15,0,60000,190.0874,190.0874,190.0874
B,otro_ccd,0,64,c2c,4,16,0,60000,190.5298,190.5298,190.5298
B,otro_ccd,0,64,c2c,4,17,0,60000,196.9054,196.9054,196.9054
B,otro_ccd,0,64,c2c,4,18,0,60000,190.1712,190.1712,190.1712
B,otro_ccd,0,64,c2c,4,19,0,60000,191.2754,191.2754,191.2754
B,otro_ccd,0,64,c2c,4,20,0,60000,193.2520,193.2520,193.2520
B,otro_ccd,0,64,c2c,4,21,0,60000,189.1760,189.1760,189.1760
B,otro_ccd,0,64,c2c,4,22,0,60000,190.3548,190.3548,190.3548
B,otro_ccd,0,64,c2c,4,23,0,60000,193.8597,193.8597,193.8597
B,otro_ccd,0,64,c2c,4,24,0,60000,190.6449,190.6449,190.6449
B,otro_ccd,0,64,c2c,4,25,0,60000,197.2100,197.2100,197.2100
B,otro_ccd,0,64,c2c,4,26,0,60000,190.2504,190.2504,190.2504
B,otro_ccd,0,64,c2c,4,27,0,60000,191.1707,191.1707,191.1707
B,otro_ccd,0,64,c2c,4,28,0,60000,192.9695,192.9695,192.9695
B,otro_ccd,0,64,c2c,4,29,0,60000,189.6285,189.6285,189.6285
B,otro_ccd,0,64,c2c,4,30,0,60000,190.6178,190.6178,190.6178
B,otro_ccd,0,64,c2c,4,31,0,60000,193.8343,193.8343,193.8343
B,otro_ccd,0,64,c2c,4,32,0,60000,184.0820,184.0820,184.0820
B,otro_ccd,0,64,c2c,4,33,0,60000,191.9103,191.9103,191.9103
B,otro_ccd,0,64,c2c,4,34,0,60000,180.7944,180.7944,180.7944
B,otro_ccd,0,64,c2c,4,35,0,60000,186.7833,186.7833,186.7833
B,otro_ccd,0,64,c2c,4,36,0,60000,189.6512,189.6512,189.6512
B,otro_ccd,0,64,c2c,4,37,0,60000,186.2468,186.2468,186.2468
B,otro_ccd,0,64,c2c,4,38,0,60000,189.1743,189.1743,189.1743
B,otro_ccd,0,64,c2c,4,39,0,60000,191.6890,191.6890,191.6890
B,otro_ccd,0,64,c2c,4,40,0,60000,183.7643,183.7643,183.7643
B,otro_ccd,0,64,c2c,4,41,0,60000,189.9229,189.9229,189.9229
B,otro_ccd,0,64,c2c,4,42,0,60000,181.5792,181.5792,181.5792
B,otro_ccd,0,64,c2c,4,43,0,60000,183.5222,183.5222,183.5222
B,otro_ccd,0,64,c2c,4,44,0,60000,189.8970,189.8970,189.8970
B,otro_ccd,0,64,c2c,4,45,0,60000,185.5707,185.5707,185.5707
B,otro_ccd,0,64,c2c,4,46,0,60000,187.8850,187.8850,187.8850
B,otro_ccd,0,64,c2c,4,47,0,60000,188.8731,188.8731,188.8731
B,otro_ccd,0,64,c2c,4,48,0,60000,188.5639,188.5639,188.5639
B,otro_ccd,0,64,c2c,4,49,0,60000,187.1428,187.1428,187.1428
B,otro_ccd,0,64,c2c,4,50,0,60000,371.3197,371.3197,371.3197
B,otro_ccd,0,64,c2c,4,51,0,60000,376.0020,376.0020,376.0020
B,otro_ccd,0,64,c2c,4,52,0,60000,314.8808,314.8808,314.8808
B,otro_ccd,0,64,c2c,4,53,0,60000,314.9764,314.9764,314.9764
B,otro_ccd,0,64,c2c,4,54,0,60000,357.5192,357.5192,357.5192
B,otro_ccd,0,64,c2c,4,55,0,60000,283.3623,283.3623,283.3623
B,otro_ccd,0,64,c2c,4,56,0,60000,323.8692,323.8692,323.8692
B,otro_ccd,0,64,c2c,4,57,0,60000,294.4622,294.4622,294.4622
B,otro_ccd,0,64,c2c,4,58,0,60000,175.9480,175.9480,175.9480
B,otro_ccd,0,64,c2c,4,59,0,60000,191.5463,191.5463,191.5463
B,otro_ccd,0,64,c2c,4,60,0,60000,186.2598,186.2598,186.2598
B,otro_ccd,0,64,c2c,4,61,0,60000,191.5947,191.5947,191.5947
B,otro_ccd,0,64,c2c,4,62,0,60000,186.7645,186.7645,186.7645
B,otro_ccd,0,64,c2c,4,63,0,60000,187.0676,187.0676,187.0676
B,otro_nodo,0,64,c2c,4,64,0,60000,318.9688,318.9688,318.9688
B,otro_nodo,0,64,c2c,4,65,0,60000,314.5138,314.5138,314.5138
B,otro_nodo,0,64,c2c,4,66,0,60000,315.9760,315.9760,315.9760
B,otro_nodo,0,64,c2c,4,67,0,60000,321.3209,321.3209,321.3209
B,otro_nodo,0,64,c2c,4,68,0,60000,314.2566,314.2566,314.2566
B,otro_nodo,0,64,c2c,4,69,0,60000,321.8539,321.8539,321.8539
B,otro_nodo,0,64,c2c,4,70,0,60000,307.6470,307.6470,307.6470
B,otro_nodo,0,64,c2c,4,71,0,60000,310.6997,310.6997,310.6997
B,otro_nodo,0,64,c2c,4,72,0,60000,318.3496,318.3496,318.3496
B,otro_nodo,0,64,c2c,4,73,0,60000,312.9500,312.9500,312.9500
B,otro_nodo,0,64,c2c,4,74,0,60000,316.3592,316.3592,316.3592
B,otro_nodo,0,64,c2c,4,75,0,60000,320.0468,320.0468,320.0468
B,otro_nodo,0,64,c2c,4,76,0,60000,311.8619,311.8619,311.8619
B,otro_nodo,0,64,c2c,4,77,0,60000,320.5812,320.5812,320.5812
B,otro_nodo,0,64,c2c,4,78,0,60000,308.9309,308.9309,308.9309
B,otro_nodo,0,64,c2c,4,79,0,60000,311.5846,311.5846,311.5846
B,otro_nodo,0,64,c2c,4,80,0,60000,312.7676,312.7676,312.7676
B,otro_nodo,0,64,c2c,4,81,0,60000,327.2904,327.2904,327.2904
B,otro_nodo,0,64,c2c,4,82,0,60000,312.2767,312.2767,312.2767
B,otro_nodo,0,64,c2c,4,83,0,60000,316.2681,316.2681,316.2681
B,otro_nodo,0,64,c2c,4,84,0,60000,327.0171,327.0171,327.0171
B,otro_nodo,0,64,c2c,4,85,0,60000,314.2956,314.2956,314.2956
B,otro_nodo,0,64,c2c,4,86,0,60000,326.0882,326.0882,326.0882
B,otro_nodo,0,64,c2c,4,87,0,60000,325.6468,325.6468,325.6468
B,otro_nodo,0,64,c2c,4,88,0,60000,311.1158,311.1158,311.1158
B,otro_nodo,0,64,c2c,4,89,0,60000,329.6594,329.6594,329.6594
B,otro_nodo,0,64,c2c,4,90,0,60000,309.1914,309.1914,309.1914
B,otro_nodo,0,64,c2c,4,91,0,60000,313.2342,313.2342,313.2342
B,otro_nodo,0,64,c2c,4,92,0,60000,327.4188,327.4188,327.4188
B,otro_nodo,0,64,c2c,4,93,0,60000,314.3464,314.3464,314.3464
B,otro_nodo,0,64,c2c,4,94,0,60000,326.5036,326.5036,326.5036
B,otro_nodo,0,64,c2c,4,95,0,60000,326.5968,326.5968,326.5968
B,otro_nodo,0,64,c2c,4,96,0,60000,308.4438,308.4438,308.4438
B,otro_nodo,0,64,c2c,4,97,0,60000,323.5134,323.5134,323.5134
B,otro_nodo,0,64,c2c,4,98,0,60000,307.9262,307.9262,307.9262
B,otro_nodo,0,64,c2c,4,99,0,60000,309.7035,309.7035,309.7035
B,otro_nodo,0,64,c2c,4,100,0,60000,324.6052,324.6052,324.6052
B,otro_nodo,0,64,c2c,4,101,0,60000,312.3155,312.3155,312.3155
B,otro_nodo,0,64,c2c,4,102,0,60000,320.1002,320.1002,320.1002
B,otro_nodo,0,64,c2c,4,103,0,60000,327.4772,327.4772,327.4772
B,otro_nodo,0,64,c2c,4,104,0,60000,308.7686,308.7686,308.7686
B,otro_nodo,0,64,c2c,4,105,0,60000,323.4790,323.4790,323.4790
B,otro_nodo,0,64,c2c,4,106,0,60000,306.1990,306.1990,306.1990
B,otro_nodo,0,64,c2c,4,107,0,60000,308.1266,308.1266,308.1266
B,otro_nodo,0,64,c2c,4,108,0,60000,328.6600,328.6600,328.6600
B,otro_nodo,0,64,c2c,4,109,0,60000,309.4217,309.4217,309.4217
B,otro_nodo,0,64,c2c,4,110,0,60000,319.2501,319.2501,319.2501
B,otro_nodo,0,64,c2c,4,111,0,60000,326.6214,326.6214,326.6214
B,otro_nodo,0,64,c2c,4,112,0,60000,313.6426,313.6426,313.6426
B,otro_nodo,0,64,c2c,4,113,0,60000,330.0839,330.0839,330.0839
B,otro_nodo,0,64,c2c,4,114,0,60000,310.5201,310.5201,310.5201
B,otro_nodo,0,64,c2c,4,115,0,60000,316.7159,316.7159,316.7159
B,otro_nodo,0,64,c2c,4,116,0,60000,327.2448,327.2448,327.2448
B,otro_nodo,0,64,c2c,4,117,0,60000,314.4972,314.4972,314.4972
B,otro_nodo,0,64,c2c,4,118,0,60000,328.0505,328.0505,328.0505
B,otro_nodo,0,64,c2c,4,119,0,60000,322.4549,322.4549,322.4549
B,otro_nodo,0,64,c2c,4,120,0,60000,312.8563,312.8563,312.8563
B,otro_nodo,0,64,c2c,4,121,0,60000,327.8007,327.8007,327.8007
B,otro_nodo,0,64,c2c,4,122,0,60000,317.7779,317.7779,317.7779
B,otro_nodo,0,64,c2c,4,123,0,60000,327.2001,327.2001,327.2001
B,otro_nodo,0,64,c2c,4,124,0,60000,329.1297,329.1297,329.1297
B,otro_nodo,0,64,c2c,4,125,0,60000,326.1582,326.1582,326.1582
B,otro_nodo,0,64,c2c,4,126,0,60000,325.4375,325.4375,325.4375
B,otro_nodo,0,64,c2c,4,127,0,60000,330.6876,330.6876,330.6876
B,mismo_ccd,0,64,c2c,5,6,0,60000,27.6194,27.6194,27.6194
B,mismo_ccd,0,64,c2c,5,7,0,60000,27.0637,27.0637,27.0637
B,otro_ccd,0,64,c2c,5,8,0,60000,186.3085,186.3085,186.3085
B,otro_ccd,0,64,c2c,5,9,0,60000,188.9240,188.9240,188.9240
B,otro_ccd,0,64,c2c,5,10,0,60000,192.1352,192.1352,192.1352
B,otro_ccd,0,64,c2c,5,11,0,60000,185.9802,185.9802,185.9802
B,otro_ccd,0,64,c2c,5,12,0,60000,189.9469,189.9469,189.9469
B,otro_ccd,0,64,c2c,5,13,0,60000,189.2514,189.2514,189.2514
B,otro_ccd,0,64,c2c,5,14,0,60000,189.9122,189.9122,189.9122
B,otro_ccd,0,64,c2c,5,15,0,60000,188.6159,188.6159,188.6159
B,otro_ccd,0,64,c2c,5,16,0,60000,190.5189,190.5189,190.5189
B,otro_ccd,0,64,c2c,5,17,0,60000,190.8675,190.8675,190.8675
B,otro_ccd,0,64,c2c,5,18,0,60000,200.4888,200.4888,200.4888
B,otro_ccd,0,64,c2c,5,19,0,60000,190.1797,190.1797,190.1797
B,otro_ccd,0,64,c2c,5,20,0,60000,192.3287,192.3287,192.3287
B,otro_ccd,0,64,c2c,5,21,0,60000,193.1536,193.1536,193.1536
B,otro_ccd,0,64,c2c,5,22,0,60000,175.0670,175.0670,175.0670
B,otro_ccd,0,64,c2c,5,23,0,60000,172.7986,172.7986,172.7986
B,otro_ccd,0,64,c2c,5,24,0,60000,171.0547,171.0547,171.0547
B,otro_ccd,0,64,c2c,5,25,0,60000,174.1068,174.1068,174.1068
B,otro_ccd,0,64,c2c,5,26,0,60000,185.9158,185.9158,185.9158
B,otro_ccd,0,64,c2c,5,27,0,60000,173.3876,173.3876,173.3876
B,otro_ccd,0,64,c2c,5,28,0,60000,177.0317,177.0317,177.0317
B,otro_ccd,0,64,c2c,5,29,0,60000,182.2181,182.2181,182.2181
B,otro_ccd,0,64,c2c,5,30,0,60000,176.8495,176.8495,176.8495
B,otro_ccd,0,64,c2c,5,31,0,60000,172.7726,172.7726,172.7726
B,otro_ccd,0,64,c2c,5,32,0,60000,186.4932,186.4932,186.4932
B,otro_ccd,0,64,c2c,5,33,0,60000,188.5729,188.5729,188.5729
B,otro_ccd,0,64,c2c,5,34,0,60000,188.9822,188.9822,188.9822
B,otro_ccd,0,64,c2c,5,35,0,60000,187.3622,187.3622,187.3622
B,otro_ccd,0,64,c2c,5,36,0,60000,188.1989,188.1989,188.1989
B,otro_ccd,0,64,c2c,5,37,0,60000,186.3758,186.3758,186.3758
B,otro_ccd,0,64,c2c,5,38,0,60000,192.9874,192.9874,192.9874
B,otro_ccd,0,64,c2c,5,39,0,60000,184.9534,184.9534,184.9534
B,otro_ccd,0,64,c2c,5,40,0,60000,187.1377,187.1377,187.1377
B,otro_ccd,0,64,c2c,5,41,0,60000,187.1668,187.1668,187.1668
B,otro_ccd,0,64,c2c,5,42,0,60000,191.9098,191.9098,191.9098
B,otro_ccd,0,64,c2c,5,43,0,60000,186.4419,186.4419,186.4419
B,otro_ccd,0,64,c2c,5,44,0,60000,191.8035,191.8035,191.8035
B,otro_ccd,0,64,c2c,5,45,0,60000,189.2342,189.2342,189.2342
B,otro_ccd,0,64,c2c,5,46,0,60000,186.6214,186.6214,186.6214
B,otro_ccd,0,64,c2c,5,47,0,60000,188.9314,188.9314,188.9314
B,otro_ccd,0,64,c2c,5,48,0,60000,187.5402,187.5402,187.5402
B,otro_ccd,0,64,c2c,5,49,0,60000,186.6682,186.6682,186.6682
B,otro_ccd,0,64,c2c,5,50,0,60000,195.3882,195.3882,195.3882
B,otro_ccd,0,64,c2c,5,51,0,60000,188.1607,188.1607,188.1607
B,otro_ccd,0,64,c2c,5,52,0,60000,185.3172,185.3172,185.3172
B,otro_ccd,0,64,c2c,5,53,0,60000,188.2986,188.2986,188.2986
B,otro_ccd,0,64,c2c,5,54,0,60000,188.2098,188.2098,188.2098
B,otro_ccd,0,64,c2c,5,55,0,60000,189.8379,189.8379,189.8379
B,otro_ccd,0,64,c2c,5,56,0,60000,180.8530,180.8530,180.8530
B,otro_ccd,0,64,c2c,5,57,0,60000,184.0884,184.0884,184.0884
B,otro_ccd,0,64,c2c,5,58,0,60000,192.6029,192.6029,192.6029
B,otro_ccd,0,64,c2c,5,59,0,60000,185.9201,185.9201,185.9201
B,otro_ccd,0,64,c2c,5,60,0,60000,191.7041,191.7041,191.7041
B,otro_ccd,0,64,c2c,5,61,0,60000,188.1619,188.1619,188.1619
B,otro_ccd,0,64,c2c,5,62,0,60000,185.8958,185.8958,185.8958
B,otro_ccd,0,64,c2c,5,63,0,60000,188.5105,188.5105,188.5105
B,otro_nodo,0,64,c2c,5,64,0,60000,309.8731,309.8731,309.8731
B,otro_nodo,0,64,c2c,5,65,0,60000,316.1300,316.1300,316.1300
B,otro_nodo,0,64,c2c,5,66,0,60000,326.8345,326.8345,326.8345
B,otro_nodo,0,64,c2c,5,67,0,60000,311.4119,311.4119,311.4119
B,otro_nodo,0,64,c2c,5,68,0,60000,321.8190,321.8190,321.8190
B,otro_nodo,0,64,c2c,5,69,0,60000,325.4572,325.4572,325.4572
B,otro_nodo,0,64,c2c,5,70,0,60000,325.6483,325.6483,325.6483
B,otro_nodo,0,64,c2c,5,71,0,60000,327.9654,327.9654,327.9654
B,otro_nodo,0,64,c2c,5,72,0,60000,313.3726,313.3726,313.3726
B,otro_nodo,0,64,c2c,5,73,0,60000,314.8650,314.8650,314.8650
B,otro_nodo,0,64,c2c,5,74,0,60000,329.2901,329.2901,329.2901
B,otro_nodo,0,64,c2c,5,75,0,60000,312.1722,312.1722,312.1722
B,otro_nodo,0,64,c2c,5,76,0,60000,326.6702,326.6702,326.6702
B,otro_nodo,0,64,c2c,5,77,0,60000,323.8447,323.8447,323.8447
B,otro_nodo,0,64,c2c,5,78,0,60000,326.3072,326.3072,326.3072
B,otro_nodo,0,64,c2c,5,79,0,60000,325.4461,325.4461,325.4461
B,otro_nodo,0,64,c2c,5,80,0,60000,325.6175,325.6175,325.6175
B,otro_nodo,0,64,c2c,5,81,0,60000,329.2472,329.2472,329.2472
B,otro_nodo,0,64,c2c,5,82,0,60000,333.1980,333.1980,333.1980
B,otro_nodo,0,64,c2c,5,83,0,60000,327.2330,327.2330,327.2330
B,otro_nodo,0,64,c2c,5,84,0,60000,332.4030,332.4030,332.4030
B,otro_nodo,0,64,c2c,5,85,0,60000,333.6369,333.6369,333.6369
B,otro_nodo,0,64,c2c,5,86,0,60000,326.3773,326.3773,326.3773
B,otro_nodo,0,64,c2c,5,87,0,60000,313.3073,313.3073,313.3073
B,otro_nodo,0,64,c2c,5,88,0,60000,317.4190,317.4190,317.4190
B,otro_nodo,0,64,c2c,5,89,0,60000,322.3508,322.3508,322.3508
B,otro_nodo,0,64,c2c,5,90,0,60000,315.9605,315.9605,315.9605
B,otro_nodo,0,64,c2c,5,91,0,60000,317.8838,317.8838,317.8838
B,otro_nodo,0,64,c2c,5,92,0,60000,317.4772,317.4772,317.4772
B,otro_nodo,0,64,c2c,5,93,0,60000,312.0028,312.0028,312.0028
B,otro_nodo,0,64,c2c,5,94,0,60000,321.5130,321.5130,321.5130
B,otro_nodo,0,64,c2c,5,95,0,60000,313.8786,313.8786,313.8786
B,otro_nodo,0,64,c2c,5,96,0,60000,313.9769,313.9769,313.9769
B,otro_nodo,0,64,c2c,5,97,0,60000,319.5346,319.5346,319.5346
B,otro_nodo,0,64,c2c,5,98,0,60000,314.0258,314.0258,314.0258
B,otro_nodo,0,64,c2c,5,99,0,60000,315.7139,315.7139,315.7139
B,otro_nodo,0,64,c2c,5,100,0,60000,310.8357,310.8357,310.8357
B,otro_nodo,0,64,c2c,5,101,0,60000,314.1396,314.1396,314.1396
B,otro_nodo,0,64,c2c,5,102,0,60000,324.8149,324.8149,324.8149
B,otro_nodo,0,64,c2c,5,103,0,60000,307.4387,307.4387,307.4387
B,otro_nodo,0,64,c2c,5,104,0,60000,313.6000,313.6000,313.6000
B,otro_nodo,0,64,c2c,5,105,0,60000,316.8158,316.8158,316.8158
B,otro_nodo,0,64,c2c,5,106,0,60000,313.9373,313.9373,313.9373
B,otro_nodo,0,64,c2c,5,107,0,60000,315.4454,315.4454,315.4454
B,otro_nodo,0,64,c2c,5,108,0,60000,322.0202,322.0202,322.0202
B,otro_nodo,0,64,c2c,5,109,0,60000,328.8007,328.8007,328.8007
B,otro_nodo,0,64,c2c,5,110,0,60000,324.3787,324.3787,324.3787
B,otro_nodo,0,64,c2c,5,111,0,60000,320.4327,320.4327,320.4327
B,otro_nodo,0,64,c2c,5,112,0,60000,323.4003,323.4003,323.4003
B,otro_nodo,0,64,c2c,5,113,0,60000,327.1195,327.1195,327.1195
B,otro_nodo,0,64,c2c,5,114,0,60000,331.3709,331.3709,331.3709
B,otro_nodo,0,64,c2c,5,115,0,60000,323.8031,323.8031,323.8031
B,otro_nodo,0,64,c2c,5,116,0,60000,322.9351,322.9351,322.9351
B,otro_nodo,0,64,c2c,5,117,0,60000,326.4616,326.4616,326.4616
B,otro_nodo,0,64,c2c,5,118,0,60000,329.5274,329.5274,329.5274
B,otro_nodo,0,64,c2c,5,119,0,60000,327.9706,327.9706,327.9706
B,otro_nodo,0,64,c2c,5,120,0,60000,317.4970,317.4970,317.4970
B,otro_nodo,0,64,c2c,5,121,0,60000,323.4471,323.4471,323.4471
B,otro_nodo,0,64,c2c,5,122,0,60000,328.0691,328.0691,328.0691
B,otro_nodo,0,64,c2c,5,123,0,60000,321.6183,321.6183,321.6183
B,otro_nodo,0,64,c2c,5,124,0,60000,327.1281,327.1281,327.1281
B,otro_nodo,0,64,c2c,5,125,0,60000,323.6800,323.6800,323.6800
B,otro_nodo,0,64,c2c,5,126,0,60000,326.5709,326.5709,326.5709
B,otro_nodo,0,64,c2c,5,127,0,60000,324.8996,324.8996,324.8996
B,mismo_ccd,0,64,c2c,6,7,0,60000,27.7067,27.7067,27.7067
B,otro_ccd,0,64,c2c,6,8,0,60000,167.0039,167.0039,167.0039
B,otro_ccd,0,64,c2c,6,9,0,60000,182.2204,182.2204,182.2204
B,otro_ccd,0,64,c2c,6,10,0,60000,164.6858,164.6858,164.6858
B,otro_ccd,0,64,c2c,6,11,0,60000,165.9900,165.9900,165.9900
B,otro_ccd,0,64,c2c,6,12,0,60000,185.4902,185.4902,185.4902
B,otro_ccd,0,64,c2c,6,13,0,60000,167.6751,167.6751,167.6751
B,otro_ccd,0,64,c2c,6,14,0,60000,148.7691,148.7691,148.7691
B,otro_ccd,0,64,c2c,6,15,0,60000,166.0985,166.0985,166.0985
B,otro_ccd,0,64,c2c,6,16,0,60000,120.9930,120.9930,120.9930
B,otro_ccd,0,64,c2c,6,17,0,60000,173.8694,173.8694,173.8694
B,otro_ccd,0,64,c2c,6,18,0,60000,181.0373,181.0373,181.0373
B,otro_ccd,0,64,c2c,6,19,0,60000,183.4526,183.4526,183.4526
B,otro_ccd,0,64,c2c,6,20,0,60000,181.2272,181.2272,181.2272
B,otro_ccd,0,64,c2c,6,21,0,60000,179.9416,179.9416,179.9416
B,otro_ccd,0,64,c2c,6,22,0,60000,177.7321,177.7321,177.7321
B,otro_ccd,0,64,c2c,6,23,0,60000,179.8353,179.8353,179.8353
B,otro_ccd,0,64,c2c,6,24,0,60000,178.6630,178.6630,178.6630
B,otro_ccd,0,64,c2c,6,25,0,60000,182.9155,182.9155,182.9155
B,otro_ccd,0,64,c2c,6,26,0,60000,180.8347,180.8347,180.8347
B,otro_ccd,0,64,c2c,6,27,0,60000,183.2560,183.2560,183.2560
B,otro_ccd,0,64,c2c,6,28,0,60000,181.2632,181.2632,181.2632
B,otro_ccd,0,64,c2c,6,29,0,60000,199.0074,199.0074,199.0074
B,otro_ccd,0,64,c2c,6,30,0,60000,195.1173,195.1173,195.1173
B,otro_ccd,0,64,c2c,6,31,0,60000,197.1839,197.1839,197.1839
B,otro_ccd,0,64,c2c,6,32,0,60000,192.2223,192.2223,192.2223
B,otro_ccd,0,64,c2c,6,33,0,60000,193.9590,193.9590,193.9590
B,otro_ccd,0,64,c2c,6,34,0,60000,189.6796,189.6796,189.6796
B,otro_ccd,0,64,c2c,6,35,0,60000,196.4750,196.4750,196.4750
B,otro_ccd,0,64,c2c,6,36,0,60000,193.9167,193.9167,193.9167
B,otro_ccd,0,64,c2c,6,37,0,60000,193.7172,193.7172,193.7172
B,otro_ccd,0,64,c2c,6,38,0,60000,191.7523,191.7523,191.7523
B,otro_ccd,0,64,c2c,6,39,0,60000,192.7202,192.7202,192.7202
B,otro_ccd,0,64,c2c,6,40,0,60000,188.1724,188.1724,188.1724
B,otro_ccd,0,64,c2c,6,41,0,60000,196.9064,196.9064,196.9064
B,otro_ccd,0,64,c2c,6,42,0,60000,189.3371,189.3371,189.3371
B,otro_ccd,0,64,c2c,6,43,0,60000,191.7923,191.7923,191.7923
B,otro_ccd,0,64,c2c,6,44,0,60000,192.9882,192.9882,192.9882
B,otro_ccd,0,64,c2c,6,45,0,60000,191.8418,191.8418,191.8418
B,otro_ccd,0,64,c2c,6,46,0,60000,188.2881,188.2881,188.2881
B,otro_ccd,0,64,c2c,6,47,0,60000,189.8371,189.8371,189.8371
B,otro_ccd,0,64,c2c,6,48,0,60000,187.0886,187.0886,187.0886
B,otro_ccd,0,64,c2c,6,49,0,60000,188.1302,188.1302,188.1302
B,otro_ccd,0,64,c2c,6,50,0,60000,186.4873,186.4873,186.4873
B,otro_ccd,0,64,c2c,6,51,0,60000,197.1950,197.1950,197.1950
B,otro_ccd,0,64,c2c,6,52,0,60000,194.9136,194.9136,194.9136
B,otro_ccd,0,64,c2c,6,53,0,60000,190.0767,190.0767,190.0767
B,otro_ccd,0,64,c2c,6,54,0,60000,193.0556,193.0556,193.0556
B,otro_ccd,0,64,c2c,6,55,0,60000,187.5899,187.5899,187.5899
B,otro_ccd,0,64,c2c,6,56,0,60000,186.7291,186.7291,186.7291
B,otro_ccd,0,64,c2c,6,57,0,60000,195.7016,195.7016,195.7016
B,otro_ccd,0,64,c2c,6,58,0,60000,184.6665,184.6665,184.6665
B,otro_ccd,0,64,c2c,6,59,0,60000,196.3690,196.3690,196.3690
B,otro_ccd,0,64,c2c,6,60,0,60000,192.5613,192.5613,192.5613
B,otro_ccd,0,64,c2c,6,61,0,60000,187.9087,187.9087,187.9087
B,otro_ccd,0,64,c2c,6,62,0,60000,191.3540,191.3540,191.3540
B,otro_ccd,0,64,c2c,6,63,0,60000,185.9191,185.9191,185.9191
B,otro_nodo,0,64,c2c,6,64,0,60000,313.4216,313.4216,313.4216
B,otro_nodo,0,64,c2c,6,65,0,60000,328.4248,328.4248,328.4248
B,otro_nodo,0,64,c2c,6,66,0,60000,311.3145,311.3145,311.3145
B,otro_nodo,0,64,c2c,6,67,0,60000,327.0516,327.0516,327.0516
B,otro_nodo,0,64,c2c,6,68,0,60000,324.4859,324.4859,324.4859
B,otro_nodo,0,64,c2c,6,69,0,60000,313.2413,313.2413,313.2413
B,otro_nodo,0,64,c2c,6,70,0,60000,324.2694,324.2694,324.2694
B,otro_nodo,0,64,c2c,6,71,0,60000,325.2827,325.2827,325.2827
B,otro_nodo,0,64,c2c,6,72,0,60000,331.2368,331.2368,331.2368
B,otro_nodo,0,64,c2c,6,73,0,60000,313.2769,313.2769,313.2769
B,otro_nodo,0,64,c2c,6,74,0,60000,324.9894,324.9894,324.9894
B,otro_nodo,0,64,c2c,6,75,0,60000,314.2679,314.2679,314.2679
B,otro_nodo,0,64,c2c,6,76,0,60000,314.3631,314.3631,314.3631
B,otro_nodo,0,64,c2c,6,77,0,60000,326.8914,326.8914,326.8914
B,otro_nodo,0,64,c2c,6,78,0,60000,315.7696,315.7696,315.7696
B,otro_nodo,0,64,c2c,6,79,0,60000,329.5961,329.5961,329.5961
B,otro_nodo,0,64,c2c,6,80,0,60000,328.6311,328.6311,328.6311
B,otro_nodo,0,64,c2c,6,81,0,60000,322.0657,322.0657,322.0657
B,otro_nodo,0,64,c2c,6,82,0,60000,328.3359,328.3359,328.3359
B,otro_nodo,0,64,c2c,6,83,0,60000,319.0392,319.0392,319.0392
B,otro_nodo,0,64,c2c,6,84,0,60000,318.3994,318.3994,318.3994
B,otro_nodo,0,64,c2c,6,85,0,60000,331.3692,331.3692,331.3692
B,otro_nodo,0,64,c2c,6,86,0,60000,316.1287,316.1287,316.1287
B,otro_nodo,0,64,c2c,6,87,0,60000,329.1693,329.1693,329.1693
B,otro_nodo,0,64,c2c,6,88,0,60000,326.3498,326.3498,326.3498
B,otro_nodo,0,64,c2c,6,89,0,60000,320.6144,320.6144,320.6144
B,otro_nodo,0,64,c2c,6,90,0,60000,326.2046,326.2046,326.2046
B,otro_nodo,0,64,c2c,6,91,0,60000,318.0616,318.0616,318.0616
B,otro_nodo,0,64,c2c,6,92,0,60000,317.7152,317.7152,317.7152
B,otro_nodo,0,64,c2c,6,93,0,60000,337.4392,337.4392,337.4392
B,otro_nodo,0,64,c2c,6,94,0,60000,331.7038,331.7038,331.7038
B,otro_nodo,0,64,c2c,6,95,0,60000,335.2305,335.2305,335.2305
B,otro_nodo,0,64,c2c,6,96,0,60000,328.5062,328.5062,328.5062
B,otro_nodo,0,64,c2c,6,97,0,60000,327.1327,327.1327,327.1327
B,otro_nodo,0,64,c2c,6,98,0,60000,324.4006,324.4006,324.4006
B,otro_nodo,0,64,c2c,6,99,0,60000,324.7606,324.7606,324.7606
B,otro_nodo,0,64,c2c,6,100,0,60000,325.1726,325.1726,325.1726
B,otro_nodo,0,64,c2c,6,101,0,60000,329.1352,329.1352,329.1352
B,otro_nodo,0,64,c2c,6,102,0,60000,322.8654,322.8654,322.8654
B,otro_nodo,0,64,c2c,6,103,0,60000,326.0623,326.0623,326.0623
B,otro_nodo,0,64,c2c,6,104,0,60000,326.7334,326.7334,326.7334
B,otro_nodo,0,64,c2c,6,105,0,60000,324.2608,324.2608,324.2608
B,otro_nodo,0,64,c2c,6,106,0,60000,324.3193,324.3193,324.3193
B,otro_nodo,0,64,c2c,6,107,0,60000,325.3670,325.3670,325.3670
B,otro_nodo,0,64,c2c,6,108,0,60000,323.7092,323.7092,323.7092
B,otro_nodo,0,64,c2c,6,109,0,60000,327.0352,327.0352,327.0352
B,otro_nodo,0,64,c2c,6,110,0,60000,324.2521,324.2521,324.2521
B,otro_nodo,0,64,c2c,6,111,0,60000,328.1707,328.1707,328.1707
B,otro_nodo,0,64,c2c,6,112,0,60000,335.4664,335.4664,335.4664
B,otro_nodo,0,64,c2c,6,113,0,60000,332.9563,332.9563,332.9563
B,otro_nodo,0,64,c2c,6,114,0,60000,327.6450,327.6450,327.6450
B,otro_nodo,0,64,c2c,6,115,0,60000,320.7751,320.7751,320.7751
B,otro_nodo,0,64,c2c,6,116,0,60000,321.4445,321.4445,321.4445
B,otro_nodo,0,64,c2c,6,117,0,60000,331.8736,331.8736,331.8736
B,otro_nodo,0,64,c2c,6,118,0,60000,317.9504,317.9504,317.9504
B,otro_nodo,0,64,c2c,6,119,0,60000,328.7200,328.7200,328.7200
B,otro_nodo,0,64,c2c,6,120,0,60000,327.6690,327.6690,327.6690
B,otro_nodo,0,64,c2c,6,121,0,60000,320.9973,320.9973,320.9973
B,otro_nodo,0,64,c2c,6,122,0,60000,325.5322,325.5322,325.5322
B,otro_nodo,0,64,c2c,6,123,0,60000,320.7418,320.7418,320.7418
B,otro_nodo,0,64,c2c,6,124,0,60000,318.1444,318.1444,318.1444
B,otro_nodo,0,64,c2c,6,125,0,60000,328.8209,328.8209,328.8209
B,otro_nodo,0,64,c2c,6,126,0,60000,315.9414,315.9414,315.9414
B,otro_nodo,0,64,c2c,6,127,0,60000,328.4854,328.4854,328.4854
B,otro_ccd,0,64,c2c,7,8,0,60000,180.4222,180.4222,180.4222
B,otro_ccd,0,64,c2c,7,9,0,60000,174.6431,174.6431,174.6431
B,otro_ccd,0,64,c2c,7,10,0,60000,179.9993,179.9993,179.9993
B,otro_ccd,0,64,c2c,7,11,0,60000,172.8881,172.8881,172.8881
B,otro_ccd,0,64,c2c,7,12,0,60000,154.9009,154.9009,154.9009
B,otro_ccd,0,64,c2c,7,13,0,60000,184.7862,184.7862,184.7862
B,otro_ccd,0,64,c2c,7,14,0,60000,164.3771,164.3771,164.3771
B,otro_ccd,0,64,c2c,7,15,0,60000,119.2111,119.2111,119.2111
B,otro_ccd,0,64,c2c,7,16,0,60000,159.5612,159.5612,159.5612
B,otro_ccd,0,64,c2c,7,17,0,60000,184.6599,184.6599,184.6599
B,otro_ccd,0,64,c2c,7,18,0,60000,175.5959,175.5959,175.5959
B,otro_ccd,0,64,c2c,7,19,0,60000,187.3943,187.3943,187.3943
B,otro_ccd,0,64,c2c,7,20,0,60000,179.6255,179.6255,179.6255
B,otro_ccd,0,64,c2c,7,21,0,60000,186.0680,186.0680,186.0680
B,otro_ccd,0,64,c2c,7,22,0,60000,175.9337,175.9337,175.9337
B,otro_ccd,0,64,c2c,7,23,0,60000,183.9862,183.9862,183.9862
B,otro_ccd,0,64,c2c,7,24,0,60000,177.0285,177.0285,177.0285
B,otro_ccd,0,64,c2c,7,25,0,60000,185.0342,185.0342,185.0342
B,otro_ccd,0,64,c2c,7,26,0,60000,175.5884,175.5884,175.5884
B,otro_ccd,0,64,c2c,7,27,0,60000,186.9257,186.9257,186.9257
B,otro_ccd,0,64,c2c,7,28,0,60000,179.7149,179.7149,179.7149
B,otro_ccd,0,64,c2c,7,29,0,60000,183.4048,183.4048,183.4048
B,otro_ccd,0,64,c2c,7,30,0,60000,175.7285,175.7285,175.7285
B,otro_ccd,0,64,c2c,7,31,0,60000,183.8350,183.8350,183.8350
B,otro_ccd,0,64,c2c,7,32,0,60000,187.6040,187.6040,187.6040
B,otro_ccd,0,64,c2c,7,33,0,60000,201.5401,201.5401,201.5401
B,otro_ccd,0,64,c2c,7,34,0,60000,185.5044,185.5044,185.5044
B,otro_ccd,0,64,c2c,7,35,0,60000,200.9621,200.9621,200.9621
B,otro_ccd,0,64,c2c,7,36,0,60000,192.0906,192.0906,192.0906
B,otro_ccd,0,64,c2c,7,37,0,60000,188.8311,188.8311,188.8311
B,otro_ccd,0,64,c2c,7,38,0,60000,189.0912,189.0912,189.0912
B,otro_ccd,0,64,c2c,7,39,0,60000,191.5132,191.5132,191.5132
B,otro_ccd,0,64,c2c,7,40,0,60000,185.6116,185.6116,185.6116
B,otro_ccd,0,64,c2c,7,41,0,60000,196.9147,196.9147,196.9147
B,otro_ccd,0,64,c2c,7,42,0,60000,184.7839,184.7839,184.7839
B,otro_ccd,0,64,c2c,7,43,0,60000,192.9994,192.9994,192.9994
B,otro_ccd,0,64,c2c,7,44,0,60000,189.5769,189.5769,189.5769
B,otro_ccd,0,64,c2c,7,45,0,60000,192.1290,192.1290,192.1290
B,otro_ccd,0,64,c2c,7,46,0,60000,188.6142,188.6142,188.6142
B,otro_ccd,0,64,c2c,7,47,0,60000,190.3568,190.3568,190.3568
B,otro_ccd,0,64,c2c,7,48,0,60000,186.9937,186.9937,186.9937
B,otro_ccd,0,64,c2c,7,49,0,60000,202.9587,202.9587,202.9587
B,otro_ccd,0,64,c2c,7,50,0,60000,185.7135,185.7135,185.7135
B,otro_ccd,0,64,c2c,7,51,0,60000,199.2011,199.2011,199.2011
B,otro_ccd,0,64,c2c,7,52,0,60000,189.1391,189.1391,189.1391
B,otro_ccd,0,64,c2c,7,53,0,60000,188.5473,188.5473,188.5473
B,otro_ccd,0,64,c2c,7,54,0,60000,188.5639,188.5639,188.5639
B,otro_ccd,0,64,c2c,7,55,0,60000,191.5259,191.5259,191.5259
B,otro_ccd,0,64,c2c,7,56,0,60000,185.6918,185.6918,185.6918
B,otro_ccd,0,64,c2c,7,57,0,60000,198.6694,198.6694,198.6694
B,otro_ccd,0,64,c2c,7,58,0,60000,186.1790,186.1790,186.1790
B,otro_ccd,0,64,c2c,7,59,0,60000,189.1156,189.1156,189.1156
B,otro_ccd,0,64,c2c,7,60,0,60000,184.7554,184.7554,184.7554
B,otro_ccd,0,64,c2c,7,61,0,60000,188.4933,188.4933,188.4933
B,otro_ccd,0,64,c2c,7,62,0,60000,186.1036,186.1036,186.1036
B,otro_ccd,0,64,c2c,7,63,0,60000,187.9537,187.9537,187.9537
B,otro_nodo,0,64,c2c,7,64,0,60000,319.5344,319.5344,319.5344
B,otro_nodo,0,64,c2c,7,65,0,60000,336.8378,336.8378,336.8378
B,otro_nodo,0,64,c2c,7,66,0,60000,326.5345,326.5345,326.5345
B,otro_nodo,0,64,c2c,7,67,0,60000,334.2783,334.2783,334.2783
B,otro_nodo,0,64,c2c,7,68,0,60000,325.3019,325.3019,325.3019
B,otro_nodo,0,64,c2c,7,69,0,60000,329.1571,329.1571,329.1571
B,otro_nodo,0,64,c2c,7,70,0,60000,326.4814,326.4814,326.4814
B,otro_nodo,0,64,c2c,7,71,0,60000,327.0788,327.0788,327.0788
B,otro_nodo,0,64,c2c,7,72,0,60000,325.2013,325.2013,325.2013
B,otro_nodo,0,64,c2c,7,73,0,60000,336.1496,336.1496,336.1496
B,otro_nodo,0,64,c2c,7,74,0,60000,329.6239,329.6239,329.6239
B,otro_nodo,0,64,c2c,7,75,0,60000,333.5289,333.5289,333.5289
B,otro_nodo,0,64,c2c,7,76,0,60000,326.2638,326.2638,326.2638
B,otro_nodo,0,64,c2c,7,77,0,60000,329.0904,329.0904,329.0904
B,otro_nodo,0,64,c2c,7,78,0,60000,322.7119,322.7119,322.7119
B,otro_nodo,0,64,c2c,7,79,0,60000,323.6144,323.6144,323.6144
B,otro_nodo,0,64,c2c,7,80,0,60000,326.5584,326.5584,326.5584
B,otro_nodo,0,64,c2c,7,81,0,60000,336.2529,336.2529,336.2529
B,otro_nodo,0,64,c2c,7,82,0,60000,326.8453,326.8453,326.8453
B,otro_nodo,0,64,c2c,7,83,0,60000,336.0294,336.0294,336.0294
B,otro_nodo,0,64,c2c,7,84,0,60000,333.2752,333.2752,333.2752
B,otro_nodo,0,64,c2c,7,85,0,60000,334.8116,334.8116,334.8116
B,otro_nodo,0,64,c2c,7,86,0,60000,331.5722,331.5722,331.5722
B,otro_nodo,0,64,c2c,7,87,0,60000,333.5685,333.5685,333.5685
B,otro_nodo,0,64,c2c,7,88,0,60000,324.2310,324.2310,324.2310
B,otro_nodo,0,64,c2c,7,89,0,60000,335.6816,335.6816,335.6816
B,otro_nodo,0,64,c2c,7,90,0,60000,321.1614,321.1614,321.1614
B,otro_nodo,0,64,c2c,7,91,0,60000,334.8901,334.8901,334.8901
B,otro_nodo,0,64,c2c,7,92,0,60000,332.8373,332.8373,332.8373
B,otro_nodo,0,64,c2c,7,93,0,60000,335.0290,335.0290,335.0290
B,otro_nodo,0,64,c2c,7,94,0,60000,331.1425,331.1425,331.1425
B,otro_nodo,0,64,c2c,7,95,0,60000,331.1656,331.1656,331.1656
B,otro_nodo,0,64,c2c,7,96,0,60000,328.2951,328.2951,328.2951
B,otro_nodo,0,64,c2c,7,97,0,60000,334.6266,334.6266,334.6266
B,otro_nodo,0,64,c2c,7,98,0,60000,323.1087,323.1087,323.1087
B,otro_nodo,0,64,c2c,7,99,0,60000,336.4405,336.4405,336.4405
B,otro_nodo,0,64,c2c,7,100,0,60000,331.3165,331.3165,331.3165
B,otro_nodo,0,64,c2c,7,101,0,60000,334.6515,334.6515,334.6515
B,otro_nodo,0,64,c2c,7,102,0,60000,326.4061,326.4061,326.4061
B,otro_nodo,0,64,c2c,7,103,0,60000,331.1709,331.1709,331.1709
B,otro_nodo,0,64,c2c,7,104,0,60000,321.8545,321.8545,321.8545
B,otro_nodo,0,64,c2c,7,105,0,60000,327.2882,327.2882,327.2882
B,otro_nodo,0,64,c2c,7,106,0,60000,320.7278,320.7278,320.7278
B,otro_nodo,0,64,c2c,7,107,0,60000,325.6735,325.6735,325.6735
B,otro_nodo,0,64,c2c,7,108,0,60000,324.8280,324.8280,324.8280
B,otro_nodo,0,64,c2c,7,109,0,60000,333.8092,333.8092,333.8092
B,otro_nodo,0,64,c2c,7,110,0,60000,328.1459,328.1459,328.1459
B,otro_nodo,0,64,c2c,7,111,0,60000,331.3317,331.3317,331.3317
B,otro_nodo,0,64,c2c,7,112,0,60000,336.2122,336.2122,336.2122
B,otro_nodo,0,64,c2c,7,113,0,60000,334.0888,334.0888,334.0888
B,otro_nodo,0,64,c2c,7,114,0,60000,334.6335,334.6335,334.6335
B,otro_nodo,0,64,c2c,7,115,0,60000,335.0206,335.0206,335.0206
B,otro_nodo,0,64,c2c,7,116,0,60000,326.2295,326.2295,326.2295
B,otro_nodo,0,64,c2c,7,117,0,60000,334.9995,334.9995,334.9995
B,otro_nodo,0,64,c2c,7,118,0,60000,325.9051,325.9051,325.9051
B,otro_nodo,0,64,c2c,7,119,0,60000,332.7149,332.7149,332.7149
B,otro_nodo,0,64,c2c,7,120,0,60000,332.9887,332.9887,332.9887
B,otro_nodo,0,64,c2c,7,121,0,60000,332.4859,332.4859,332.4859
B,otro_nodo,0,64,c2c,7,122,0,60000,315.4891,315.4891,315.4891
B,otro_nodo,0,64,c2c,7,123,0,60000,333.4499,333.4499,333.4499
B,otro_nodo,0,64,c2c,7,124,0,60000,327.5519,327.5519,327.5519
B,otro_nodo,0,64,c2c,7,125,0,60000,318.8932,318.8932,318.8932
B,otro_nodo,0,64,c2c,7,126,0,60000,329.2493,329.2493,329.2493
B,otro_nodo,0,64,c2c,7,127,0,60000,315.1422,315.1422,315.1422
B,mismo_ccd,0,64,c2c,8,9,0,60000,27.2043,27.2043,27.2043
B,mismo_ccd,0,64,c2c,8,10,0,60000,27.3913,27.3913,27.3913
B,mismo_ccd,0,64,c2c,8,11,0,60000,27.0648,27.0648,27.0648
B,mismo_ccd,0,64,c2c,8,12,0,60000,26.9855,26.9855,26.9855
B,mismo_ccd,0,64,c2c,8,13,0,60000,27.3473,27.3473,27.3473
B,mismo_ccd,0,64,c2c,8,14,0,60000,27.1014,27.1014,27.1014
B,mismo_ccd,0,64,c2c,8,15,0,60000,27.5041,27.5041,27.5041
B,otro_ccd,0,64,c2c,8,16,0,60000,118.0634,118.0634,118.0634
B,otro_ccd,0,64,c2c,8,17,0,60000,154.9056,154.9056,154.9056
B,otro_ccd,0,64,c2c,8,18,0,60000,178.8086,178.8086,178.8086
B,otro_ccd,0,64,c2c,8,19,0,60000,170.5244,170.5244,170.5244
B,otro_ccd,0,64,c2c,8,20,0,60000,173.3837,173.3837,173.3837
B,otro_ccd,0,64,c2c,8,21,0,60000,180.5443,180.5443,180.5443
B,otro_ccd,0,64,c2c,8,22,0,60000,172.7508,172.7508,172.7508
B,otro_ccd,0,64,c2c,8,23,0,60000,176.3407,176.3407,176.3407
B,otro_ccd,0,64,c2c,8,24,0,60000,169.0520,169.0520,169.0520
B,otro_ccd,0,64,c2c,8,25,0,60000,173.0047,173.0047,173.0047
B,otro_ccd,0,64,c2c,8,26,0,60000,178.6566,178.6566,178.6566
B,otro_ccd,0,64,c2c,8,27,0,60000,170.2925,170.2925,170.2925
B,otro_ccd,0,64,c2c,8,28,0,60000,173.2069,173.2069,173.2069
B,otro_ccd,0,64,c2c,8,29,0,60000,179.8041,179.8041,179.8041
B,otro_ccd,0,64,c2c,8,30,0,60000,173.7802,173.7802,173.7802
B,otro_ccd,0,64,c2c,8,31,0,60000,174.9509,174.9509,174.9509
B,otro_ccd,0,64,c2c,8,32,0,60000,187.4851,187.4851,187.4851
B,otro_ccd,0,64,c2c,8,33,0,60000,188.8618,188.8618,188.8618
B,otro_ccd,0,64,c2c,8,34,0,60000,191.7803,191.7803,191.7803
B,otro_ccd,0,64,c2c,8,35,0,60000,184.9245,184.9245,184.9245
B,otro_ccd,0,64,c2c,8,36,0,60000,188.1205,188.1205,188.1205
B,otro_ccd,0,64,c2c,8,37,0,60000,195.4475,195.4475,195.4475
B,otro_ccd,0,64,c2c,8,38,0,60000,189.0726,189.0726,189.0726
B,otro_ccd,0,64,c2c,8,39,0,60000,190.9697,190.9697,190.9697
B,otro_ccd,0,64,c2c,8,40,0,60000,182.8246,182.8246,182.8246
B,otro_ccd,0,64,c2c,8,41,0,60000,188.3794,188.3794,188.3794
B,otro_ccd,0,64,c2c,8,42,0,60000,191.7326,191.7326,191.7326
B,otro_ccd,0,64,c2c,8,43,0,60000,184.2359,184.2359,184.2359
B,otro_ccd,0,64,c2c,8,44,0,60000,187.8987,187.8987,187.8987
B,otro_ccd,0,64,c2c,8,45,0,60000,192.5804,192.5804,192.5804
B,otro_ccd,0,64,c2c,8,46,0,60000,187.0986,187.0986,187.0986
B,otro_ccd,0,64,c2c,8,47,0,60000,187.1230,187.1230,187.1230
B,otro_ccd,0,64,c2c,8,48,0,60000,171.3561,171.3561,171.3561
B,otro_ccd,0,64,c2c,8,49,0,60000,178.9497,178.9497,178.9497
B,otro_ccd,0,64,c2c,8,50,0,60000,189.4040,189.4040,189.4040
B,otro_ccd,0,64,c2c,8,51,0,60000,175.0796,175.0796,175.0796
B,otro_ccd,0,64,c2c,8,52,0,60000,183.3642,183.3642,183.3642
B,otro_ccd,0,64,c2c,8,53,0,60000,188.1948,188.1948,188.1948
B,otro_ccd,0,64,c2c,8,54,0,60000,183.7424,183.7424,183.7424
B,otro_ccd,0,64,c2c,8,55,0,60000,187.4618,187.4618,187.4618
B,otro_ccd,0,64,c2c,8,56,0,60000,170.6951,170.6951,170.6951
B,otro_ccd,0,64,c2c,8,57,0,60000,179.9250,179.9250,179.9250
B,otro_ccd,0,64,c2c,8,58,0,60000,187.8496,187.8496,187.8496
B,otro_ccd,0,64,c2c,8,59,0,60000,175.9597,175.9597,175.9597
B,otro_ccd,0,64,c2c,8,60,0,60000,180.2884,180.2884,180.2884
B,otro_ccd,0,64,c2c,8,61,0,60000,187.5648,187.5648,187.5648
B,otro_ccd,0,64,c2c,8,62,0,60000,180.0004,180.0004,180.0004
B,otro_ccd,0,64,c2c,8,63,0,60000,186.9139,186.9139,186.9139
B,otro_nodo,0,64,c2c,8,64,0,60000,318.3403,318.3403,318.3403
B,otro_nodo,0,64,c2c,8,65,0,60000,325.0531,325.0531,325.0531
B,otro_nodo,0,64,c2c,8,66,0,60000,327.7129,327.7129,327.7129
B,otro_nodo,0,64,c2c,8,67,0,60000,315.2675,315.2675,315.2675
B,otro_nodo,0,64,c2c,8,68,0,60000,325.8496,325.8496,325.8496
B,otro_nodo,0,64,c2c,8,69,0,60000,329.9780,329.9780,329.9780
B,otro_nodo,0,64,c2c,8,70,0,60000,323.2631,323.2631,323.2631
B,otro_nodo,0,64,c2c,8,71,0,60000,317.8212,317.8212,317.8212
B,otro_nodo,0,64,c2c,8,72,0,60000,315.9073,315.9073,315.9073
B,otro_nodo,0,64,c2c,8,73,0,60000,320.1513,320.1513,320.1513
B,otro_nodo,0,64,c2c,8,74,0,60000,328.6019,328.6019,328.6019
B,otro_nodo,0,64,c2c,8,75,0,60000,314.2861,314.2861,314.2861
B,otro_nodo,0,64,c2c,8,76,0,60000,326.3697,326.3697,326.3697
B,otro_nodo,0,64,c2c,8,77,0,60000,330.3790,330.3790,330.3790
B,otro_nodo,0,64,c2c,8,78,0,60000,320.2428,320.2428,320.2428
B,otro_nodo,0,64,c2c,8,79,0,60000,326.4503,326.4503,326.4503
B,otro_nodo,0,64,c2c,8,80,0,60000,319.4273,319.4273,319.4273
B,otro_nodo,0,64,c2c,8,81,0,60000,325.1309,325.1309,325.1309
B,otro_nodo,0,64,c2c,8,82,0,60000,335.1137,335.1137,335.1137
B,otro_nodo,0,64,c2c,8,83,0,60000,325.0681,325.0681,325.0681
B,otro_nodo,0,64,c2c,8,84,0,60000,323.0379,323.0379,323.0379
B,otro_nodo,0,64,c2c,8,85,0,60000,333.7078,333.7078,333.7078
B,otro_nodo,0,64,c2c,8,86,0,60000,324.7154,324.7154,324.7154
B,otro_nodo,0,64,c2c,8,87,0,60000,335.1105,335.1105,335.1105
B,otro_nodo,0,64,c2c,8,88,0,60000,315.1624,315.1624,315.1624
B,otro_nodo,0,64,c2c,8,89,0,60000,326.0809,326.0809,326.0809
B,otro_nodo,0,64,c2c,8,90,0,60000,335.2923,335.2923,335.2923
B,otro_nodo,0,64,c2c,8,91,0,60000,320.1054,320.1054,320.1054
B,otro_nodo,0,64,c2c,8,92,0,60000,321.2743,321.2743,321.2743
B,otro_nodo,0,64,c2c,8,93,0,60000,333.2316,333.2316,333.2316
B,otro_nodo,0,64,c2c,8,94,0,60000,325.7912,325.7912,325.7912
B,otro_nodo,0,64,c2c,8,95,0,60000,332.8102,332.8102,332.8102
B,otro_nodo,0,64,c2c,8,96,0,60000,312.3201,312.3201,312.3201
B,otro_nodo,0,64,c2c,8,97,0,60000,318.0455,318.0455,318.0455
B,otro_nodo,0,64,c2c,8,98,0,60000,327.9012,327.9012,327.9012
B,otro_nodo,0,64,c2c,8,99,0,60000,319.5955,319.5955,319.5955
B,otro_nodo,0,64,c2c,8,100,0,60000,325.3310,325.3310,325.3310
B,otro_nodo,0,64,c2c,8,101,0,60000,329.7721,329.7721,329.7721
B,otro_nodo,0,64,c2c,8,102,0,60000,318.9883,318.9883,318.9883
B,otro_nodo,0,64,c2c,8,103,0,60000,324.6736,324.6736,324.6736
B,otro_nodo,0,64,c2c,8,104,0,60000,309.2733,309.2733,309.2733
B,otro_nodo,0,64,c2c,8,105,0,60000,315.9730,315.9730,315.9730
B,otro_nodo,0,64,c2c,8,106,0,60000,328.3412,328.3412,328.3412
B,otro_nodo,0,64,c2c,8,107,0,60000,318.1344,318.1344,318.1344
B,otro_nodo,0,64,c2c,8,108,0,60000,321.9466,321.9466,321.9466
B,otro_nodo,0,64,c2c,8,109,0,60000,314.3955,314.3955,314.3955
B,otro_nodo,0,64,c2c,8,110,0,60000,318.3404,318.3404,318.3404
B,otro_nodo,0,64,c2c,8,111,0,60000,323.2705,323.2705,323.2705
B,otro_nodo,0,64,c2c,8,112,0,60000,306.3838,306.3838,306.3838
B,otro_nodo,0,64,c2c,8,113,0,60000,318.0879,318.0879,318.0879
B,otro_nodo,0,64,c2c,8,114,0,60000,321.2234,321.2234,321.2234
B,otro_nodo,0,64,c2c,8,115,0,60000,310.7647,310.7647,310.7647
B,otro_nodo,0,64,c2c,8,116,0,60000,324.0225,324.0225,324.0225
B,otro_nodo,0,64,c2c,8,117,0,60000,323.2826,323.2826,323.2826
B,otro_nodo,0,64,c2c,8,118,0,60000,324.9794,324.9794,324.9794
B,otro_nodo,0,64,c2c,8,119,0,60000,316.7214,316.7214,316.7214
B,otro_nodo,0,64,c2c,8,120,0,60000,318.7621,318.7621,318.7621
B,otro_nodo,0,64,c2c,8,121,0,60000,313.5904,313.5904,313.5904
B,otro_nodo,0,64,c2c,8,122,0,60000,321.2125,321.2125,321.2125
B,otro_nodo,0,64,c2c,8,123,0,60000,326.0803,326.0803,326.0803
B,otro_nodo,0,64,c2c,8,124,0,60000,316.7670,316.7670,316.7670
B,otro_nodo,0,64,c2c,8,125,0,60000,319.7839,319.7839,319.7839
B,otro_nodo,0,64,c2c,8,126,0,60000,326.5414,326.5414,326.5414
B,otro_nodo,0,64,c2c,8,127,0,60000,315.3797,315.3797,315.3797
B,mismo_ccd,0,64,c2c,9,10,0,60000,27.0417,27.0417,27.0417
B,mismo_ccd,0,64,c2c,9,11,0,60000,27.5697,27.5697,27.5697
B,mismo_ccd,0,64,c2c,9,12,0,60000,27.3224,27.3224,27.3224
B,mismo_ccd,0,64,c2c,9,13,0,60000,27.3227,27.3227,27.3227
B,mismo_ccd,0,64,c2c,9,14,0,60000,27.5508,27.5508,27.5508
B,mismo_ccd,0,64,c2c,9,15,0,60000,27.6300,27.6300,27.6300
B,otro_ccd,0,64,c2c,9,16,0,60000,174.5299,174.5299,174.5299
B,otro_ccd,0,64,c2c,9,17,0,60000,184.2522,184.2522,184.2522
B,otro_ccd,0,64,c2c,9,18,0,60000,171.8312,171.8312,171.8312
B,otro_ccd,0,64,c2c,9,19,0,60000,185.9905,185.9905,185.9905
B,otro_ccd,0,64,c2c,9,20,0,60000,185.7576,185.7576,185.7576
B,otro_ccd,0,64,c2c,9,21,0,60000,177.6805,177.6805,177.6805
B,otro_ccd,0,64,c2c,9,22,0,60000,172.3112,172.3112,172.3112
B,otro_ccd,0,64,c2c,9,23,0,60000,173.8236,173.8236,173.8236
B,otro_ccd,0,64,c2c,9,24,0,60000,171.8797,171.8797,171.8797
B,otro_ccd,0,64,c2c,9,25,0,60000,184.5643,184.5643,184.5643
B,otro_ccd,0,64,c2c,9,26,0,60000,170.5593,170.5593,170.5593
B,otro_ccd,0,64,c2c,9,27,0,60000,185.6418,185.6418,185.6418
B,otro_ccd,0,64,c2c,9,28,0,60000,183.5248,183.5248,183.5248
B,otro_ccd,0,64,c2c,9,29,0,60000,179.5851,179.5851,179.5851
B,otro_ccd,0,64,c2c,9,30,0,60000,172.7790,172.7790,172.7790
B,otro_ccd,0,64,c2c,9,31,0,60000,173.6866,173.6866,173.6866
B,otro_ccd,0,64,c2c,9,32,0,60000,186.4539,186.4539,186.4539
B,otro_ccd,0,64,c2c,9,33,0,60000,198.5001,198.5001,198.5001
B,otro_ccd,0,64,c2c,9,34,0,60000,181.9287,181.9287,181.9287
B,otro_ccd,0,64,c2c,9,35,0,60000,197.6859,197.6859,197.6859
B,otro_ccd,0,64,c2c,9,36,0,60000,194.6545,194.6545,194.6545
B,otro_ccd,0,64,c2c,9,37,0,60000,186.5724,186.5724,186.5724
B,otro_ccd,0,64,c2c,9,38,0,60000,189.2750,189.2750,189.2750
B,otro_ccd,0,64,c2c,9,39,0,60000,185.8130,185.8130,185.8130
B,otro_ccd,0,64,c2c,9,40,0,60000,183.8961,183.8961,183.8961
B,otro_ccd,0,64,c2c,9,41,0,60000,204.8563,204.8563,204.8563
B,otro_ccd,0,64,c2c,9,42,0,60000,180.6338,180.6338,180.6338
B,otro_ccd,0,64,c2c,9,43,0,60000,193.6793,193.6793,193.6793
B,otro_ccd,0,64,c2c,9,44,0,60000,192.6474,192.6474,192.6474
B,otro_ccd,0,64,c2c,9,45,0,60000,186.6974,186.6974,186.6974
B,otro_ccd,0,64,c2c,9,46,0,60000,190.6871,190.6871,190.6871
B,otro_ccd,0,64,c2c,9,47,0,60000,184.4908,184.4908,184.4908
B,otro_ccd,0,64,c2c,9,48,0,60000,183.5693,183.5693,183.5693
B,otro_ccd,0,64,c2c,9,49,0,60000,204.7247,204.7247,204.7247
B,otro_ccd,0,64,c2c,9,50,0,60000,181.5290,181.5290,181.5290
B,otro_ccd,0,64,c2c,9,51,0,60000,196.6791,196.6791,196.6791
B,otro_ccd,0,64,c2c,9,52,0,60000,195.1114,195.1114,195.1114
B,otro_ccd,0,64,c2c,9,53,0,60000,186.5033,186.5033,186.5033
B,otro_ccd,0,64,c2c,9,54,0,60000,190.4431,190.4431,190.4431
B,otro_ccd,0,64,c2c,9,55,0,60000,185.5586,185.5586,185.5586
B,otro_ccd,0,64,c2c,9,56,0,60000,183.3035,183.3035,183.3035
B,otro_ccd,0,64,c2c,9,57,0,60000,202.3720,202.3720,202.3720
B,otro_ccd,0,64,c2c,9,58,0,60000,179.8490,179.8490,179.8490
B,otro_ccd,0,64,c2c,9,59,0,60000,193.4675,193.4675,193.4675
B,otro_ccd,0,64,c2c,9,60,0,60000,192.2731,192.2731,192.2731
B,otro_ccd,0,64,c2c,9,61,0,60000,186.5799,186.5799,186.5799
B,otro_ccd,0,64,c2c,9,62,0,60000,190.6458,190.6458,190.6458
B,otro_ccd,0,64,c2c,9,63,0,60000,188.2170,188.2170,188.2170
B,otro_nodo,0,64,c2c,9,64,0,60000,318.5574,318.5574,318.5574
B,otro_nodo,0,64,c2c,9,65,0,60000,331.3779,331.3779,331.3779
B,otro_nodo,0,64,c2c,9,66,0,60000,319.7353,319.7353,319.7353
B,otro_nodo,0,64,c2c,9,67,0,60000,334.1365,334.1365,334.1365
B,otro_nodo,0,64,c2c,9,68,0,60000,331.9984,331.9984,331.9984
B,otro_nodo,0,64,c2c,9,69,0,60000,326.4267,326.4267,326.4267
B,otro_nodo,0,64,c2c,9,70,0,60000,326.4750,326.4750,326.4750
B,otro_nodo,0,64,c2c,9,71,0,60000,320.3987,320.3987,320.3987
B,otro_nodo,0,64,c2c,9,72,0,60000,316.2484,316.2484,316.2484
B,otro_nodo,0,64,c2c,9,73,0,60000,334.7739,334.7739,334.7739
B,otro_nodo,0,64,c2c,9,74,0,60000,316.5622,316.5622,316.5622
B,otro_nodo,0,64,c2c,9,75,0,60000,331.4361,331.4361,331.4361
B,otro_nodo,0,64,c2c,9,76,0,60000,328.9145,328.9145,328.9145
B,otro_nodo,0,64,c2c,9,77,0,60000,326.8724,326.8724,326.8724
B,otro_nodo,0,64,c2c,9,78,0,60000,324.0774,324.0774,324.0774
B,otro_nodo,0,64,c2c,9,79,0,60000,316.5959,316.5959,316.5959
B,otro_nodo,0,64,c2c,9,80,0,60000,328.8083,328.8083,328.8083
B,otro_nodo,0,64,c2c,9,81,0,60000,339.0040,339.0040,339.0040
B,otro_nodo,0,64,c2c,9,82,0,60000,318.9734,318.9734,318.9734
B,otro_nodo,0,64,c2c,9,83,0,60000,333.7453,333.7453,333.7453
B,otro_nodo,0,64,c2c,9,84,0,60000,332.0469,332.0469,332.0469
B,otro_nodo,0,64,c2c,9,85,0,60000,328.0603,328.0603,328.0603
B,otro_nodo,0,64,c2c,9,86,0,60000,315.8910,315.8910,315.8910
B,otro_nodo,0,64,c2c,9,87,0,60000,328.4845,328.4845,328.4845
B,otro_nodo,0,64,c2c,9,88,0,60000,322.3961,322.3961,322.3961
B,otro_nodo,0,64,c2c,9,89,0,60000,325.5171,325.5171,325.5171
B,otro_nodo,0,64,c2c,9,90,0,60000,317.4043,317.4043,317.4043
B,otro_nodo,0,64,c2c,9,91,0,60000,319.3993,319.3993,319.3993
B,otro_nodo,0,64,c2c,9,92,0,60000,315.8187,315.8187,315.8187
B,otro_nodo,0,64,c2c,9,93,0,60000,327.3828,327.3828,327.3828
B,otro_nodo,0,64,c2c,9,94,0,60000,316.4042,316.4042,316.4042
B,otro_nodo,0,64,c2c,9,95,0,60000,325.7871,325.7871,325.7871
B,otro_nodo,0,64,c2c,9,96,0,60000,320.2509,320.2509,320.2509
B,otro_nodo,0,64,c2c,9,97,0,60000,319.9501,319.9501,319.9501
B,otro_nodo,0,64,c2c,9,98,0,60000,311.6230,311.6230,311.6230
B,otro_nodo,0,64,c2c,9,99,0,60000,314.7712,314.7712,314.7712
B,otro_nodo,0,64,c2c,9,100,0,60000,315.1723,315.1723,315.1723
B,otro_nodo,0,64,c2c,9,101,0,60000,330.3656,330.3656,330.3656
B,otro_nodo,0,64,c2c,9,102,0,60000,314.2819,314.2819,314.2819
B,otro_nodo,0,64,c2c,9,103,0,60000,323.3222,323.3222,323.3222
B,otro_nodo,0,64,c2c,9,104,0,60000,318.0319,318.0319,318.0319
B,otro_nodo,0,64,c2c,9,105,0,60000,320.3581,320.3581,320.3581
B,otro_nodo,0,64,c2c,9,106,0,60000,306.3629,306.3629,306.3629
B,otro_nodo,0,64,c2c,9,107,0,60000,325.4568,325.4568,325.4568
B,otro_nodo,0,64,c2c,9,108,0,60000,322.3806,322.3806,322.3806
B,otro_nodo,0,64,c2c,9,109,0,60000,313.4568,313.4568,313.4568
B,otro_nodo,0,64,c2c,9,110,0,60000,324.6225,324.6225,324.6225
B,otro_nodo,0,64,c2c,9,111,0,60000,309.4097,309.4097,309.4097
B,otro_nodo,0,64,c2c,9,112,0,60000,315.4515,315.4515,315.4515
B,otro_nodo,0,64,c2c,9,113,0,60000,334.3781,334.3781,334.3781
B,otro_nodo,0,64,c2c,9,114,0,60000,310.6516,310.6516,310.6516
B,otro_nodo,0,64,c2c,9,115,0,60000,332.3571,332.3571,332.3571
B,otro_nodo,0,64,c2c,9,116,0,60000,330.2698,330.2698,330.2698
B,otro_nodo,0,64,c2c,9,117,0,60000,315.3006,315.3006,315.3006
B,otro_nodo,0,64,c2c,9,118,0,60000,321.9616,321.9616,321.9616
B,otro_nodo,0,64,c2c,9,119,0,60000,317.6045,317.6045,317.6045
B,otro_nodo,0,64,c2c,9,120,0,60000,312.3825,312.3825,312.3825
B,otro_nodo,0,64,c2c,9,121,0,60000,334.2373,334.2373,334.2373
B,otro_nodo,0,64,c2c,9,122,0,60000,306.2823,306.2823,306.2823
B,otro_nodo,0,64,c2c,9,123,0,60000,330.1240,330.1240,330.1240
B,otro_nodo,0,64,c2c,9,124,0,60000,329.7956,329.7956,329.7956
B,otro_nodo,0,64,c2c,9,125,0,60000,315.6557,315.6557,315.6557
B,otro_nodo,0,64,c2c,9,126,0,60000,324.4180,324.4180,324.4180
B,otro_nodo,0,64,c2c,9,127,0,60000,325.5679,325.5679,325.5679
B,mismo_ccd,0,64,c2c,10,11,0,60000,27.1336,27.1336,27.1336
B,mismo_ccd,0,64,c2c,10,12,0,60000,27.0877,27.0877,27.0877
B,mismo_ccd,0,64,c2c,10,13,0,60000,27.2315,27.2315,27.2315
B,mismo_ccd,0,64,c2c,10,14,0,60000,27.0885,27.0885,27.0885
B,mismo_ccd,0,64,c2c,10,15,0,60000,27.1714,27.1714,27.1714
B,otro_ccd,0,64,c2c,10,16,0,60000,188.4672,188.4672,188.4672
B,otro_ccd,0,64,c2c,10,17,0,60000,195.6751,195.6751,195.6751
B,otro_ccd,0,64,c2c,10,18,0,60000,188.3153,188.3153,188.3153
B,otro_ccd,0,64,c2c,10,19,0,60000,189.5343,189.5343,189.5343
B,otro_ccd,0,64,c2c,10,20,0,60000,193.4352,193.4352,193.4352
B,otro_ccd,0,64,c2c,10,21,0,60000,189.2802,189.2802,189.2802
B,otro_ccd,0,64,c2c,10,22,0,60000,188.8300,188.8300,188.8300
B,otro_ccd,0,64,c2c,10,23,0,60000,193.9891,193.9891,193.9891
B,otro_ccd,0,64,c2c,10,24,0,60000,188.6558,188.6558,188.6558
B,otro_ccd,0,64,c2c,10,25,0,60000,196.3045,196.3045,196.3045
B,otro_ccd,0,64,c2c,10,26,0,60000,187.7866,187.7866,187.7866
B,otro_ccd,0,64,c2c,10,27,0,60000,190.1585,190.1585,190.1585
B,otro_ccd,0,64,c2c,10,28,0,60000,193.7200,193.7200,193.7200
B,otro_ccd,0,64,c2c,10,29,0,60000,189.5197,189.5197,189.5197
B,otro_ccd,0,64,c2c,10,30,0,60000,191.4660,191.4660,191.4660
B,otro_ccd,0,64,c2c,10,31,0,60000,193.1951,193.1951,193.1951
B,otro_ccd,0,64,c2c,10,32,0,60000,185.1435,185.1435,185.1435
B,otro_ccd,0,64,c2c,10,33,0,60000,188.5801,188.5801,188.5801
B,otro_ccd,0,64,c2c,10,34,0,60000,182.8281,182.8281,182.8281
B,otro_ccd,0,64,c2c,10,35,0,60000,187.7444,187.7444,187.7444
B,otro_ccd,0,64,c2c,10,36,0,60000,186.5849,186.5849,186.5849
B,otro_ccd,0,64,c2c,10,37,0,60000,186.7229,186.7229,186.7229
B,otro_ccd,0,64,c2c,10,38,0,60000,185.1728,185.1728,185.1728
B,otro_ccd,0,64,c2c,10,39,0,60000,186.6533,186.6533,186.6533
B,otro_ccd,0,64,c2c,10,40,0,60000,185.1808,185.1808,185.1808
B,otro_ccd,0,64,c2c,10,41,0,60000,188.8885,188.8885,188.8885
B,otro_ccd,0,64,c2c,10,42,0,60000,182.6017,182.6017,182.6017
B,otro_ccd,0,64,c2c,10,43,0,60000,188.7515,188.7515,188.7515
B,otro_ccd,0,64,c2c,10,44,0,60000,185.3353,185.3353,185.3353
B,otro_ccd,0,64,c2c,10,45,0,60000,187.7847,187.7847,187.7847
B,otro_ccd,0,64,c2c,10,46,0,60000,186.9194,186.9194,186.9194
B,otro_ccd,0,64,c2c,10,47,0,60000,185.0742,185.0742,185.0742
B,otro_ccd,0,64,c2c,10,48,0,60000,184.8471,184.8471,184.8471
B,otro_ccd,0,64,c2c,10,49,0,60000,188.7710,188.7710,188.7710
B,otro_ccd,0,64,c2c,10,50,0,60000,183.0444,183.0444,183.0444
B,otro_ccd,0,64,c2c,10,51,0,60000,187.4839,187.4839,187.4839
B,otro_ccd,0,64,c2c,10,52,0,60000,186.2202,186.2202,186.2202
B,otro_ccd,0,64,c2c,10,53,0,60000,187.9397,187.9397,187.9397
B,otro_ccd,0,64,c2c,10,54,0,60000,189.2875,189.2875,189.2875
B,otro_ccd,0,64,c2c,10,55,0,60000,189.2606,189.2606,189.2606
B,otro_ccd,0,64,c2c,10,56,0,60000,184.7951,184.7951,184.7951
B,otro_ccd,0,64,c2c,10,57,0,60000,190.3141,190.3141,190.3141
B,otro_ccd,0,64,c2c,10,58,0,60000,183.1315,183.1315,183.1315
B,otro_ccd,0,64,c2c,10,59,0,60000,187.7297,187.7297,187.7297
B,otro_ccd,0,64,c2c,10,60,0,60000,189.5844,189.5844,189.5844
B,otro_ccd,0,64,c2c,10,61,0,60000,186.8935,186.8935,186.8935
B,otro_ccd,0,64,c2c,10,62,0,60000,188.6186,188.6186,188.6186
B,otro_ccd,0,64,c2c,10,63,0,60000,190.5748,190.5748,190.5748
B,otro_nodo,0,64,c2c,10,64,0,60000,315.5535,315.5535,315.5535
B,otro_nodo,0,64,c2c,10,65,0,60000,325.5897,325.5897,325.5897
B,otro_nodo,0,64,c2c,10,66,0,60000,316.3452,316.3452,316.3452
B,otro_nodo,0,64,c2c,10,67,0,60000,315.1536,315.1536,315.1536
B,otro_nodo,0,64,c2c,10,68,0,60000,320.3438,320.3438,320.3438
B,otro_nodo,0,64,c2c,10,69,0,60000,317.2155,317.2155,317.2155
B,otro_nodo,0,64,c2c,10,70,0,60000,316.3192,316.3192,316.3192
B,otro_nodo,0,64,c2c,10,71,0,60000,318.7278,318.7278,318.7278
B,otro_nodo,0,64,c2c,10,72,0,60000,313.9709,313.9709,313.9709
B,otro_nodo,0,64,c2c,10,73,0,60000,324.7622,324.7622,324.7622
B,otro_nodo,0,64,c2c,10,74,0,60000,297.4204,297.4204,297.4204
B,otro_nodo,0,64,c2c,10,75,0,60000,304.2882,304.2882,304.2882
B,otro_nodo,0,64,c2c,10,76,0,60000,319.9842,319.9842,319.9842
B,otro_nodo,0,64,c2c,10,77,0,60000,304.7201,304.7201,304.7201
B,otro_nodo,0,64,c2c,10,78,0,60000,315.9848,315.9848,315.9848
B,otro_nodo,0,64,c2c,10,79,0,60000,316.6905,316.6905,316.6905
B,otro_nodo,0,64,c2c,10,80,0,60000,307.4108,307.4108,307.4108
B,otro_nodo,0,64,c2c,10,81,0,60000,330.8080,330.8080,330.8080
B,otro_nodo,0,64,c2c,10,82,0,60000,309.9938,309.9938,309.9938
B,otro_nodo,0,64,c2c,10,83,0,60000,312.7865,312.7865,312.7865
B,otro_nodo,0,64,c2c,10,84,0,60000,322.0001,322.0001,322.0001
B,otro_nodo,0,64,c2c,10,85,0,60000,309.0704,309.0704,309.0704
B,otro_nodo,0,64,c2c,10,86,0,60000,323.4478,323.4478,323.4478
B,otro_nodo,0,64,c2c,10,87,0,60000,324.5142,324.5142,324.5142
B,otro_nodo,0,64,c2c,10,88,0,60000,305.6503,305.6503,305.6503
B,otro_nodo,0,64,c2c,10,89,0,60000,328.0248,328.0248,328.0248
B,otro_nodo,0,64,c2c,10,90,0,60000,307.8869,307.8869,307.8869
B,otro_nodo,0,64,c2c,10,91,0,60000,309.4703,309.4703,309.4703
B,otro_nodo,0,64,c2c,10,92,0,60000,327.2374,327.2374,327.2374
B,otro_nodo,0,64,c2c,10,93,0,60000,308.8153,308.8153,308.8153
B,otro_nodo,0,64,c2c,10,94,0,60000,323.7456,323.7456,323.7456
B,otro_nodo,0,64,c2c,10,95,0,60000,326.6279,326.6279,326.6279
B,otro_nodo,0,64,c2c,10,96,0,60000,322.3493,322.3493,322.3493
B,otro_nodo,0,64,c2c,10,97,0,60000,329.4277,329.4277,329.4277
B,otro_nodo,0,64,c2c,10,98,0,60000,319.1855,319.1855,319.1855
B,otro_nodo,0,64,c2c,10,99,0,60000,326.2272,326.2272,326.2272
B,otro_nodo,0,64,c2c,10,100,0,60000,327.6333,327.6333,327.6333
B,otro_nodo,0,64,c2c,10,101,0,60000,328.3576,328.3576,328.3576
B,otro_nodo,0,64,c2c,10,102,0,60000,328.8530,328.8530,328.8530
B,otro_nodo,0,64,c2c,10,103,0,60000,323.1408,323.1408,323.1408
B,otro_nodo,0,64,c2c,10,104,0,60000,318.2112,318.2112,318.2112
B,otro_nodo,0,64,c2c,10,105,0,60000,329.1038,329.1038,329.1038
B,otro_nodo,0,64,c2c,10,106,0,60000,317.4064,317.4064,317.4064
B,otro_nodo,0,64,c2c,10,107,0,60000,327.2274,327.2274,327.2274
B,otro_nodo,0,64,c2c,10,108,0,60000,325.3304,325.3304,325.3304
B,otro_nodo,0,64,c2c,10,109,0,60000,326.5070,326.5070,326.5070
B,otro_nodo,0,64,c2c,10,110,0,60000,326.7450,326.7450,326.7450
B,otro_nodo,0,64,c2c,10,111,0,60000,322.5210,322.5210,322.5210
B,otro_nodo,0,64,c2c,10,112,0,60000,323.3472,323.3472,323.3472
B,otro_nodo,0,64,c2c,10,113,0,60000,337.0741,337.0741,337.0741
B,otro_nodo,0,64,c2c,10,114,0,60000,326.6284,326.6284,326.6284
B,otro_nodo,0,64,c2c,10,115,0,60000,329.9218,329.9218,329.9218
B,otro_nodo,0,64,c2c,10,116,0,60000,334.7681,334.7681,334.7681
B,otro_nodo,0,64,c2c,10,117,0,60000,310.9830,310.9830,310.9830
B,otro_nodo,0,64,c2c,10,118,0,60000,326.2783,326.2783,326.2783
B,otro_nodo,0,64,c2c,10,119,0,60000,327.9373,327.9373,327.9373
B,otro_nodo,0,64,c2c,10,120,0,60000,306.5959,306.5959,306.5959
B,otro_nodo,0,64,c2c,10,121,0,60000,324.6485,324.6485,324.6485
B,otro_nodo,0,64,c2c,10,122,0,60000,310.8228,310.8228,310.8228
B,otro_nodo,0,64,c2c,10,123,0,60000,313.7166,313.7166,313.7166
B,otro_nodo,0,64,c2c,10,124,0,60000,322.6750,322.6750,322.6750
B,otro_nodo,0,64,c2c,10,125,0,60000,311.7920,311.7920,311.7920
B,otro_nodo,0,64,c2c,10,126,0,60000,323.8432,323.8432,323.8432
B,otro_nodo,0,64,c2c,10,127,0,60000,322.4544,322.4544,322.4544
B,mismo_ccd,0,64,c2c,11,12,0,60000,27.3328,27.3328,27.3328
B,mismo_ccd,0,64,c2c,11,13,0,60000,27.1102,27.1102,27.1102
B,mismo_ccd,0,64,c2c,11,14,0,60000,27.3423,27.3423,27.3423
B,mismo_ccd,0,64,c2c,11,15,0,60000,27.1634,27.1634,27.1634
B,otro_ccd,0,64,c2c,11,16,0,60000,184.8016,184.8016,184.8016
B,otro_ccd,0,64,c2c,11,17,0,60000,167.4969,167.4969,167.4969
B,otro_ccd,0,64,c2c,11,18,0,60000,176.3554,176.3554,176.3554
B,otro_ccd,0,64,c2c,11,19,0,60000,178.5203,178.5203,178.5203
B,otro_ccd,0,64,c2c,11,20,0,60000,172.1898,172.1898,172.1898
B,otro_ccd,0,64,c2c,11,21,0,60000,173.0893,173.0893,173.0893
B,otro_ccd,0,64,c2c,11,22,0,60000,173.7444,173.7444,173.7444
B,otro_ccd,0,64,c2c,11,23,0,60000,173.0969,173.0969,173.0969
B,otro_ccd,0,64,c2c,11,24,0,60000,185.7640,185.7640,185.7640
B,otro_ccd,0,64,c2c,11,25,0,60000,164.9695,164.9695,164.9695
B,otro_ccd,0,64,c2c,11,26,0,60000,178.9067,178.9067,178.9067
B,otro_ccd,0,64,c2c,11,27,0,60000,180.3911,180.3911,180.3911
B,otro_ccd,0,64,c2c,11,28,0,60000,173.4500,173.4500,173.4500
B,otro_ccd,0,64,c2c,11,29,0,60000,175.1536,175.1536,175.1536
B,otro_ccd,0,64,c2c,11,30,0,60000,173.8013,173.8013,173.8013
B,otro_ccd,0,64,c2c,11,31,0,60000,173.0743,173.0743,173.0743
B,otro_ccd,0,64,c2c,11,32,0,60000,186.4075,186.4075,186.4075
B,otro_ccd,0,64,c2c,11,33,0,60000,183.2378,183.2378,183.2378
B,otro_ccd,0,64,c2c,11,34,0,60000,187.0977,187.0977,187.0977
B,otro_ccd,0,64,c2c,11,35,0,60000,188.8191,188.8191,188.8191
B,otro_ccd,0,64,c2c,11,36,0,60000,190.8955,190.8955,190.8955
B,otro_ccd,0,64,c2c,11,37,0,60000,189.1656,189.1656,189.1656
B,otro_ccd,0,64,c2c,11,38,0,60000,190.6643,190.6643,190.6643
B,otro_ccd,0,64,c2c,11,39,0,60000,187.1698,187.1698,187.1698
B,otro_ccd,0,64,c2c,11,40,0,60000,191.2030,191.2030,191.2030
B,otro_ccd,0,64,c2c,11,41,0,60000,187.0254,187.0254,187.0254
B,otro_ccd,0,64,c2c,11,42,0,60000,187.1666,187.1666,187.1666
B,otro_ccd,0,64,c2c,11,43,0,60000,186.2168,186.2168,186.2168
B,otro_ccd,0,64,c2c,11,44,0,60000,187.6739,187.6739,187.6739
B,otro_ccd,0,64,c2c,11,45,0,60000,180.4232,180.4232,180.4232
B,otro_ccd,0,64,c2c,11,46,0,60000,188.4199,188.4199,188.4199
B,otro_ccd,0,64,c2c,11,47,0,60000,184.7080,184.7080,184.7080
B,otro_ccd,0,64,c2c,11,48,0,60000,197.1065,197.1065,197.1065
B,otro_ccd,0,64,c2c,11,49,0,60000,173.2943,173.2943,173.2943
B,otro_ccd,0,64,c2c,11,50,0,60000,190.1113,190.1113,190.1113
B,otro_ccd,0,64,c2c,11,51,0,60000,190.7693,190.7693,190.7693
B,otro_ccd,0,64,c2c,11,52,0,60000,185.4504,185.4504,185.4504
B,otro_ccd,0,64,c2c,11,53,0,60000,188.0556,188.0556,188.0556
B,otro_ccd,0,64,c2c,11,54,0,60000,185.0372,185.0372,185.0372
B,otro_ccd,0,64,c2c,11,55,0,60000,179.4039,179.4039,179.4039
B,otro_ccd,0,64,c2c,11,56,0,60000,197.5884,197.5884,197.5884
B,otro_ccd,0,64,c2c,11,57,0,60000,173.5277,173.5277,173.5277
B,otro_ccd,0,64,c2c,11,58,0,60000,191.2237,191.2237,191.2237
B,otro_ccd,0,64,c2c,11,59,0,60000,189.2178,189.2178,189.2178
B,otro_ccd,0,64,c2c,11,60,0,60000,183.0182,183.0182,183.0182
B,otro_ccd,0,64,c2c,11,61,0,60000,187.1622,187.1622,187.1622
B,otro_ccd,0,64,c2c,11,62,0,60000,182.6998,182.6998,182.6998
B,otro_ccd,0,64,c2c,11,63,0,60000,177.3672,177.3672,177.3672
B,otro_nodo,0,64,c2c,11,64,0,60000,323.3997,323.3997,323.3997
B,otro_nodo,0,64,c2c,11,65,0,60000,317.2179,317.2179,317.2179
B,otro_nodo,0,64,c2c,11,66,0,60000,313.7413,313.7413,313.7413
B,otro_nodo,0,64,c2c,11,67,0,60000,314.3751,314.3751,314.3751
B,otro_nodo,0,64,c2c,11,68,0,60000,320.0694,320.0694,320.0694
B,otro_nodo,0,64,c2c,11,69,0,60000,309.6523,309.6523,309.6523
B,otro_nodo,0,64,c2c,11,70,0,60000,318.8948,318.8948,318.8948
B,otro_nodo,0,64,c2c,11,71,0,60000,314.7739,314.7739,314.7739
B,otro_nodo,0,64,c2c,11,72,0,60000,312.6682,312.6682,312.6682
B,otro_nodo,0,64,c2c,11,73,0,60000,314.0341,314.0341,314.0341
B,otro_nodo,0,64,c2c,11,74,0,60000,310.8275,310.8275,310.8275
B,otro_nodo,0,64,c2c,11,75,0,60000,310.8220,310.8220,310.8220
B,otro_nodo,0,64,c2c,11,76,0,60000,319.0101,319.0101,319.0101
B,otro_nodo,0,64,c2c,11,77,0,60000,304.3825,304.3825,304.3825
B,otro_nodo,0,64,c2c,11,78,0,60000,317.2845,317.2845,317.2845
B,otro_nodo,0,64,c2c,11,79,0,60000,315.8088,315.8088,315.8088
B,otro_nodo,0,64,c2c,11,80,0,60000,317.8693,317.8693,317.8693
B,otro_nodo,0,64,c2c,11,81,0,60000,314.6777,314.6777,314.6777
B,otro_nodo,0,64,c2c,11,82,0,60000,313.1618,313.1618,313.1618
B,otro_nodo,0,64,c2c,11,83,0,60000,314.1334,314.1334,314.1334
B,otro_nodo,0,64,c2c,11,84,0,60000,323.2342,323.2342,323.2342
B,otro_nodo,0,64,c2c,11,85,0,60000,312.1727,312.1727,312.1727
B,otro_nodo,0,64,c2c,11,86,0,60000,312.5730,312.5730,312.5730
B,otro_nodo,0,64,c2c,11,87,0,60000,307.9633,307.9633,307.9633
B,otro_nodo,0,64,c2c,11,88,0,60000,334.6426,334.6426,334.6426
B,otro_nodo,0,64,c2c,11,89,0,60000,305.3846,305.3846,305.3846
B,otro_nodo,0,64,c2c,11,90,0,60000,327.8262,327.8262,327.8262
B,otro_nodo,0,64,c2c,11,91,0,60000,327.4328,327.4328,327.4328
B,otro_nodo,0,64,c2c,11,92,0,60000,311.4553,311.4553,311.4553
B,otro_nodo,0,64,c2c,11,93,0,60000,322.6851,322.6851,322.6851
B,otro_nodo,0,64,c2c,11,94,0,60000,312.0297,312.0297,312.0297
B,otro_nodo,0,64,c2c,11,95,0,60000,308.1922,308.1922,308.1922
B,otro_nodo,0,64,c2c,11,96,0,60000,328.0316,328.0316,328.0316
B,otro_nodo,0,64,c2c,11,97,0,60000,300.5784,300.5784,300.5784
B,otro_nodo,0,64,c2c,11,98,0,60000,328.1180,328.1180,328.1180
B,otro_nodo,0,64,c2c,11,99,0,60000,322.9080,322.9080,322.9080
B,otro_nodo,0,64,c2c,11,100,0,60000,311.4020,311.4020,311.4020
B,otro_nodo,0,64,c2c,11,101,0,60000,316.7264,316.7264,316.7264
B,otro_nodo,0,64,c2c,11,102,0,60000,309.6030,309.6030,309.6030
B,otro_nodo,0,64,c2c,11,103,0,60000,310.0508,310.0508,310.0508
B,otro_nodo,0,64,c2c,11,104,0,60000,325.3907,325.3907,325.3907
B,otro_nodo,0,64,c2c,11,105,0,60000,300.2153,300.2153,300.2153
B,otro_nodo,0,64,c2c,11,106,0,60000,326.0817,326.0817,326.0817
B,otro_nodo,0,64,c2c,11,107,0,60000,324.1795,324.1795,324.1795
B,otro_nodo,0,64,c2c,11,108,0,60000,309.3976,309.3976,309.3976
B,otro_nodo,0,64,c2c,11,109,0,60000,314.6925,314.6925,314.6925
B,otro_nodo,0,64,c2c,11,110,0,60000,306.0702,306.0702,306.0702
B,otro_nodo,0,64,c2c,11,111,0,60000,307.6437,307.6437,307.6437
B,otro_nodo,0,64,c2c,11,112,0,60000,332.7816,332.7816,332.7816
B,otro_nodo,0,64,c2c,11,113,0,60000,307.2111,307.2111,307.2111
B,otro_nodo,0,64,c2c,11,114,0,60000,327.0168,327.0168,327.0168
B,otro_nodo,0,64,c2c,11,115,0,60000,327.6854,327.6854,327.6854
B,otro_nodo,0,64,c2c,11,116,0,60000,314.9677,314.9677,314.9677
B,otro_nodo,0,64,c2c,11,117,0,60000,321.9024,321.9024,321.9024
B,otro_nodo,0,64,c2c,11,118,0,60000,315.4816,315.4816,315.4816
B,otro_nodo,0,64,c2c,11,119,0,60000,312.4395,312.4395,312.4395
B,otro_nodo,0,64,c2c,11,120,0,60000,330.1351,330.1351,330.1351
B,otro_nodo,0,64,c2c,11,121,0,60000,308.8373,308.8373,308.8373
B,otro_nodo,0,64,c2c,11,122,0,60000,326.7062,326.7062,326.7062
B,otro_nodo,0,64,c2c,11,123,0,60000,325.6271,325.6271,325.6271
B,otro_nodo,0,64,c2c,11,124,0,60000,313.0137,313.0137,313.0137
B,otro_nodo,0,64,c2c,11,125,0,60000,318.1794,318.1794,318.1794
B,otro_nodo,0,64,c2c,11,126,0,60000,310.8678,310.8678,310.8678
B,otro_nodo,0,64,c2c,11,127,0,60000,308.4989,308.4989,308.4989
B,mismo_ccd,0,64,c2c,12,13,0,60000,27.3886,27.3886,27.3886
B,mismo_ccd,0,64,c2c,12,14,0,60000,27.4044,27.4044,27.4044
B,mismo_ccd,0,64,c2c,12,15,0,60000,27.1456,27.1456,27.1456
B,otro_ccd,0,64,c2c,12,16,0,60000,202.7449,202.7449,202.7449
B,otro_ccd,0,64,c2c,12,17,0,60000,190.3308,190.3308,190.3308
B,otro_ccd,0,64,c2c,12,18,0,60000,202.7137,202.7137,202.7137
B,otro_ccd,0,64,c2c,12,19,0,60000,190.4710,190.4710,190.4710
B,otro_ccd,0,64,c2c,12,20,0,60000,200.8573,200.8573,200.8573
B,otro_ccd,0,64,c2c,12,21,0,60000,194.1335,194.1335,194.1335
B,otro_ccd,0,64,c2c,12,22,0,60000,192.1441,192.1441,192.1441
B,otro_ccd,0,64,c2c,12,23,0,60000,188.7873,188.7873,188.7873
B,otro_ccd,0,64,c2c,12,24,0,60000,202.5384,202.5384,202.5384
B,otro_ccd,0,64,c2c,12,25,0,60000,190.6134,190.6134,190.6134
B,otro_ccd,0,64,c2c,12,26,0,60000,202.2804,202.2804,202.2804
B,otro_ccd,0,64,c2c,12,27,0,60000,190.9563,190.9563,190.9563
B,otro_ccd,0,64,c2c,12,28,0,60000,201.1208,201.1208,201.1208
B,otro_ccd,0,64,c2c,12,29,0,60000,194.2749,194.2749,194.2749
B,otro_ccd,0,64,c2c,12,30,0,60000,192.2782,192.2782,192.2782
B,otro_ccd,0,64,c2c,12,31,0,60000,189.9152,189.9152,189.9152
B,otro_ccd,0,64,c2c,12,32,0,60000,196.3172,196.3172,196.3172
B,otro_ccd,0,64,c2c,12,33,0,60000,188.8555,188.8555,188.8555
B,otro_ccd,0,64,c2c,12,34,0,60000,198.7217,198.7217,198.7217
B,otro_ccd,0,64,c2c,12,35,0,60000,183.7551,183.7551,183.7551
B,otro_ccd,0,64,c2c,12,36,0,60000,187.7302,187.7302,187.7302
B,otro_ccd,0,64,c2c,12,37,0,60000,191.0206,191.0206,191.0206
B,otro_ccd,0,64,c2c,12,38,0,60000,184.2524,184.2524,184.2524
B,otro_ccd,0,64,c2c,12,39,0,60000,189.5633,189.5633,189.5633
B,otro_ccd,0,64,c2c,12,40,0,60000,196.5984,196.5984,196.5984
B,otro_ccd,0,64,c2c,12,41,0,60000,185.6165,185.6165,185.6165
B,otro_ccd,0,64,c2c,12,42,0,60000,198.3388,198.3388,198.3388
B,otro_ccd,0,64,c2c,12,43,0,60000,180.7618,180.7618,180.7618
B,otro_ccd,0,64,c2c,12,44,0,60000,189.1024,189.1024,189.1024
B,otro_ccd,0,64,c2c,12,45,0,60000,187.2849,187.2849,187.2849
B,otro_ccd,0,64,c2c,12,46,0,60000,184.3627,184.3627,184.3627
B,otro_ccd,0,64,c2c,12,47,0,60000,188.0696,188.0696,188.0696
B,otro_ccd,0,64,c2c,12,48,0,60000,188.8032,188.8032,188.8032
B,otro_ccd,0,64,c2c,12,49,0,60000,188.8757,188.8757,188.8757
B,otro_ccd,0,64,c2c,12,50,0,60000,189.2540,189.2540,189.2540
B,otro_ccd,0,64,c2c,12,51,0,60000,188.3878,188.3878,188.3878
B,otro_ccd,0,64,c2c,12,52,0,60000,196.9315,196.9315,196.9315
B,otro_ccd,0,64,c2c,12,53,0,60000,186.6665,186.6665,186.6665
B,otro_ccd,0,64,c2c,12,54,0,60000,188.2656,188.2656,188.2656
B,otro_ccd,0,64,c2c,12,55,0,60000,187.1678,187.1678,187.1678
B,otro_ccd,0,64,c2c,12,56,0,60000,188.0822,188.0822,188.0822
B,otro_ccd,0,64,c2c,12,57,0,60000,185.0543,185.0543,185.0543
B,otro_ccd,0,64,c2c,12,58,0,60000,198.5926,198.5926,198.5926
B,otro_ccd,0,64,c2c,12,59,0,60000,179.8908,179.8908,179.8908
B,otro_ccd,0,64,c2c,12,60,0,60000,189.1839,189.1839,189.1839
B,otro_ccd,0,64,c2c,12,61,0,60000,189.3970,189.3970,189.3970
B,otro_ccd,0,64,c2c,12,62,0,60000,184.7018,184.7018,184.7018
B,otro_ccd,0,64,c2c,12,63,0,60000,188.0257,188.0257,188.0257
B,otro_nodo,0,64,c2c,12,64,0,60000,325.6551,325.6551,325.6551
B,otro_nodo,0,64,c2c,12,65,0,60000,325.2914,325.2914,325.2914
B,otro_nodo,0,64,c2c,12,66,0,60000,323.2144,323.2144,323.2144
B,otro_nodo,0,64,c2c,12,67,0,60000,320.4625,320.4625,320.4625
B,otro_nodo,0,64,c2c,12,68,0,60000,327.6577,327.6577,327.6577
B,otro_nodo,0,64,c2c,12,69,0,60000,327.1700,327.1700,327.1700
B,otro_nodo,0,64,c2c,12,70,0,60000,321.0875,321.0875,321.0875
B,otro_nodo,0,64,c2c,12,71,0,60000,317.4847,317.4847,317.4847
B,otro_nodo,0,64,c2c,12,72,0,60000,325.6890,325.6890,325.6890
B,otro_nodo,0,64,c2c,12,73,0,60000,321.7329,321.7329,321.7329
B,otro_nodo,0,64,c2c,12,74,0,60000,323.1059,323.1059,323.1059
B,otro_nodo,0,64,c2c,12,75,0,60000,318.8958,318.8958,318.8958
B,otro_nodo,0,64,c2c,12,76,0,60000,326.2128,326.2128,326.2128
B,otro_nodo,0,64,c2c,12,77,0,60000,327.4815,327.4815,327.4815
B,otro_nodo,0,64,c2c,12,78,0,60000,310.6517,310.6517,310.6517
B,otro_nodo,0,64,c2c,12,79,0,60000,317.9760,317.9760,317.9760
B,otro_nodo,0,64,c2c,12,80,0,60000,330.4945,330.4945,330.4945
B,otro_nodo,0,64,c2c,12,81,0,60000,313.1986,313.1986,313.1986
B,otro_nodo,0,64,c2c,12,82,0,60000,332.7124,332.7124,332.7124
B,otro_nodo,0,64,c2c,12,83,0,60000,312.3094,312.3094,312.3094
B,otro_nodo,0,64,c2c,12,84,0,60000,318.2545,318.2545,318.2545
B,otro_nodo,0,64,c2c,12,85,0,60000,326.6804,326.6804,326.6804
B,otro_nodo,0,64,c2c,12,86,0,60000,312.1477,312.1477,312.1477
B,otro_nodo,0,64,c2c,12,87,0,60000,324.1079,324.1079,324.1079
B,otro_nodo,0,64,c2c,12,88,0,60000,328.3658,328.3658,328.3658
B,otro_nodo,0,64,c2c,12,89,0,60000,311.1890,311.1890,311.1890
B,otro_nodo,0,64,c2c,12,90,0,60000,333.9795,333.9795,333.9795
B,otro_nodo,0,64,c2c,12,91,0,60000,310.7493,310.7493,310.7493
B,otro_nodo,0,64,c2c,12,92,0,60000,315.8476,315.8476,315.8476
B,otro_nodo,0,64,c2c,12,93,0,60000,324.5599,324.5599,324.5599
B,otro_nodo,0,64,c2c,12,94,0,60000,314.6092,314.6092,314.6092
B,otro_nodo,0,64,c2c,12,95,0,60000,324.5864,324.5864,324.5864
B,otro_nodo,0,64,c2c,12,96,0,60000,329.6364,329.6364,329.6364
B,otro_nodo,0,64,c2c,12,97,0,60000,308.4974,308.4974,308.4974
B,otro_nodo,0,64,c2c,12,98,0,60000,329.2528,329.2528,329.2528
B,otro_nodo,0,64,c2c,12,99,0,60000,319.3043,319.3043,319.3043
B,otro_nodo,0,64,c2c,12,100,0,60000,328.3348,328.3348,328.3348
B,otro_nodo,0,64,c2c,12,101,0,60000,328.4425,328.4425,328.4425
B,otro_nodo,0,64,c2c,12,102,0,60000,327.3946,327.3946,327.3946
B,otro_nodo,0,64,c2c,12,103,0,60000,320.3377,320.3377,320.3377
B,otro_nodo,0,64,c2c,12,104,0,60000,327.1081,327.1081,327.1081
B,otro_nodo,0,64,c2c,12,105,0,60000,318.8676,318.8676,318.8676
B,otro_nodo,0,64,c2c,12,106,0,60000,326.5234,326.5234,326.5234
B,otro_nodo,0,64,c2c,12,107,0,60000,317.2372,317.2372,317.2372
B,otro_nodo,0,64,c2c,12,108,0,60000,326.8766,326.8766,326.8766
B,otro_nodo,0,64,c2c,12,109,0,60000,330.1704,330.1704,330.1704
B,otro_nodo,0,64,c2c,12,110,0,60000,325.4133,325.4133,325.4133
B,otro_nodo,0,64,c2c,12,111,0,60000,318.6340,318.6340,318.6340
B,otro_nodo,0,64,c2c,12,112,0,60000,331.9647,331.9647,331.9647
B,otro_nodo,0,64,c2c,12,113,0,60000,323.3900,323.3900,323.3900
B,otro_nodo,0,64,c2c,12,114,0,60000,332.8026,332.8026,332.8026
B,otro_nodo,0,64,c2c,12,115,0,60000,327.1051,327.1051,327.1051
B,otro_nodo,0,64,c2c,12,116,0,60000,333.1996,333.1996,333.1996
B,otro_nodo,0,64,c2c,12,117,0,60000,327.8888,327.8888,327.8888
B,otro_nodo,0,64,c2c,12,118,0,60000,328.7575,328.7575,328.7575
B,otro_nodo,0,64,c2c,12,119,0,60000,326.7960,326.7960,326.7960
B,otro_nodo,0,64,c2c,12,120,0,60000,333.2948,333.2948,333.2948
B,otro_nodo,0,64,c2c,12,121,0,60000,321.4068,321.4068,321.4068
B,otro_nodo,0,64,c2c,12,122,0,60000,331.1130,331.1130,331.1130
B,otro_nodo,0,64,c2c,12,123,0,60000,323.0222,323.0222,323.0222
B,otro_nodo,0,64,c2c,12,124,0,60000,334.9907,334.9907,334.9907
B,otro_nodo,0,64,c2c,12,125,0,60000,334.1250,334.1250,334.1250
B,otro_nodo,0,64,c2c,12,126,0,60000,326.9828,326.9828,326.9828
B,otro_nodo,0,64,c2c,12,127,0,60000,327.3901,327.3901,327.3901
B,mismo_ccd,0,64,c2c,13,14,0,60000,27.1055,27.1055,27.1055
B,mismo_ccd,0,64,c2c,13,15,0,60000,27.3575,27.3575,27.3575
B,otro_ccd,0,64,c2c,13,16,0,60000,191.2381,191.2381,191.2381
B,otro_ccd,0,64,c2c,13,17,0,60000,189.7643,189.7643,189.7643
B,otro_ccd,0,64,c2c,13,18,0,60000,188.0591,188.0591,188.0591
B,otro_ccd,0,64,c2c,13,19,0,60000,204.0908,204.0908,204.0908
B,otro_ccd,0,64,c2c,13,20,0,60000,189.7824,189.7824,189.7824
B,otro_ccd,0,64,c2c,13,21,0,60000,200.0431,200.0431,200.0431
B,otro_ccd,0,64,c2c,13,22,0,60000,191.2892,191.2892,191.2892
B,otro_ccd,0,64,c2c,13,23,0,60000,196.1472,196.1472,196.1472
B,otro_ccd,0,64,c2c,13,24,0,60000,191.5354,191.5354,191.5354
B,otro_ccd,0,64,c2c,13,25,0,60000,189.8662,189.8662,189.8662
B,otro_ccd,0,64,c2c,13,26,0,60000,186.5993,186.5993,186.5993
B,otro_ccd,0,64,c2c,13,27,0,60000,202.4424,202.4424,202.4424
B,otro_ccd,0,64,c2c,13,28,0,60000,190.3127,190.3127,190.3127
B,otro_ccd,0,64,c2c,13,29,0,60000,198.7711,198.7711,198.7711
B,otro_ccd,0,64,c2c,13,30,0,60000,190.4267,190.4267,190.4267
B,otro_ccd,0,64,c2c,13,31,0,60000,196.5143,196.5143,196.5143
B,otro_ccd,0,64,c2c,13,32,0,60000,189.9559,189.9559,189.9559
B,otro_ccd,0,64,c2c,13,33,0,60000,187.8745,187.8745,187.8745
B,otro_ccd,0,64,c2c,13,34,0,60000,189.8679,189.8679,189.8679
B,otro_ccd,0,64,c2c,13,35,0,60000,196.7348,196.7348,196.7348
B,otro_ccd,0,64,c2c,13,36,0,60000,189.2253,189.2253,189.2253
B,otro_ccd,0,64,c2c,13,37,0,60000,193.6657,193.6657,193.6657
B,otro_ccd,0,64,c2c,13,38,0,60000,189.9354,189.9354,189.9354
B,otro_ccd,0,64,c2c,13,39,0,60000,193.7905,193.7905,193.7905
B,otro_ccd,0,64,c2c,13,40,0,60000,189.9853,189.9853,189.9853
B,otro_ccd,0,64,c2c,13,41,0,60000,187.3457,187.3457,187.3457
B,otro_ccd,0,64,c2c,13,42,0,60000,189.6418,189.6418,189.6418
B,otro_ccd,0,64,c2c,13,43,0,60000,192.6247,192.6247,192.6247
B,otro_ccd,0,64,c2c,13,44,0,60000,188.2191,188.2191,188.2191
B,otro_ccd,0,64,c2c,13,45,0,60000,191.6580,191.6580,191.6580
B,otro_ccd,0,64,c2c,13,46,0,60000,189.1492,189.1492,189.1492
B,otro_ccd,0,64,c2c,13,47,0,60000,190.7131,190.7131,190.7131
B,otro_ccd,0,64,c2c,13,48,0,60000,186.5188,186.5188,186.5188
B,otro_ccd,0,64,c2c,13,49,0,60000,188.2088,188.2088,188.2088
B,otro_ccd,0,64,c2c,13,50,0,60000,190.5011,190.5011,190.5011
B,otro_ccd,0,64,c2c,13,51,0,60000,187.7879,187.7879,187.7879
B,otro_ccd,0,64,c2c,13,52,0,60000,188.8061,188.8061,188.8061
B,otro_ccd,0,64,c2c,13,53,0,60000,188.1032,188.1032,188.1032
B,otro_ccd,0,64,c2c,13,54,0,60000,187.8272,187.8272,187.8272
B,otro_ccd,0,64,c2c,13,55,0,60000,193.9687,193.9687,193.9687
B,otro_ccd,0,64,c2c,13,56,0,60000,186.7473,186.7473,186.7473
B,otro_ccd,0,64,c2c,13,57,0,60000,187.7152,187.7152,187.7152
B,otro_ccd,0,64,c2c,13,58,0,60000,189.5291,189.5291,189.5291
B,otro_ccd,0,64,c2c,13,59,0,60000,188.6955,188.6955,188.6955
B,otro_ccd,0,64,c2c,13,60,0,60000,188.0811,188.0811,188.0811
B,otro_ccd,0,64,c2c,13,61,0,60000,186.7740,186.7740,186.7740
B,otro_ccd,0,64,c2c,13,62,0,60000,187.2222,187.2222,187.2222
B,otro_ccd,0,64,c2c,13,63,0,60000,190.6855,190.6855,190.6855
B,otro_nodo,0,64,c2c,13,64,0,60000,321.9850,321.9850,321.9850
B,otro_nodo,0,64,c2c,13,65,0,60000,315.0368,315.0368,315.0368
B,otro_nodo,0,64,c2c,13,66,0,60000,319.1971,319.1971,319.1971
B,otro_nodo,0,64,c2c,13,67,0,60000,331.8015,331.8015,331.8015
B,otro_nodo,0,64,c2c,13,68,0,60000,316.1597,316.1597,316.1597
B,otro_nodo,0,64,c2c,13,69,0,60000,331.5977,331.5977,331.5977
B,otro_nodo,0,64,c2c,13,70,0,60000,325.8222,325.8222,325.8222
B,otro_nodo,0,64,c2c,13,71,0,60000,322.2179,322.2179,322.2179
B,otro_nodo,0,64,c2c,13,72,0,60000,330.3961,330.3961,330.3961
B,otro_nodo,0,64,c2c,13,73,0,60000,318.5451,318.5451,318.5451
B,otro_nodo,0,64,c2c,13,74,0,60000,325.8824,325.8824,325.8824
B,otro_nodo,0,64,c2c,13,75,0,60000,327.2325,327.2325,327.2325
B,otro_nodo,0,64,c2c,13,76,0,60000,322.4136,322.4136,322.4136
B,otro_nodo,0,64,c2c,13,77,0,60000,317.1344,317.1344,317.1344
B,otro_nodo,0,64,c2c,13,78,0,60000,317.9693,317.9693,317.9693
B,otro_nodo,0,64,c2c,13,79,0,60000,316.9449,316.9449,316.9449
B,otro_nodo,0,64,c2c,13,80,0,60000,317.8699,317.8699,317.8699
B,otro_nodo,0,64,c2c,13,81,0,60000,317.0876,317.0876,317.0876
B,otro_nodo,0,64,c2c,13,82,0,60000,317.1291,317.1291,317.1291
B,otro_nodo,0,64,c2c,13,83,0,60000,313.1621,313.1621,313.1621
B,otro_nodo,0,64,c2c,13,84,0,60000,321.8705,321.8705,321.8705
B,otro_nodo,0,64,c2c,13,85,0,60000,309.0095,309.0095,309.0095
B,otro_nodo,0,64,c2c,13,86,0,60000,326.0315,326.0315,326.0315
B,otro_nodo,0,64,c2c,13,87,0,60000,326.7897,326.7897,326.7897
B,otro_nodo,0,64,c2c,13,88,0,60000,317.2606,317.2606,317.2606
B,otro_nodo,0,64,c2c,13,89,0,60000,316.0067,316.0067,316.0067
B,otro_nodo,0,64,c2c,13,90,0,60000,316.1564,316.1564,316.1564
B,otro_nodo,0,64,c2c,13,91,0,60000,311.6412,311.6412,311.6412
B,otro_nodo,0,64,c2c,13,92,0,60000,324.0471,324.0471,324.0471
B,otro_nodo,0,64,c2c,13,93,0,60000,310.6248,310.6248,310.6248
B,otro_nodo,0,64,c2c,13,94,0,60000,324.4563,324.4563,324.4563
B,otro_nodo,0,64,c2c,13,95,0,60000,327.7650,327.7650,327.7650
B,otro_nodo,0,64,c2c,13,96,0,60000,316.2795,316.2795,316.2795
B,otro_nodo,0,64,c2c,13,97,0,60000,312.0714,312.0714,312.0714
B,otro_nodo,0,64,c2c,13,98,0,60000,312.5822,312.5822,312.5822
B,otro_nodo,0,64,c2c,13,99,0,60000,314.8187,314.8187,314.8187
B,otro_nodo,0,64,c2c,13,100,0,60000,313.7219,313.7219,313.7219
B,otro_nodo,0,64,c2c,13,101,0,60000,314.5801,314.5801,314.5801
B,otro_nodo,0,64,c2c,13,102,0,60000,311.9462,311.9462,311.9462
B,otro_nodo,0,64,c2c,13,103,0,60000,305.4709,305.4709,305.4709
B,otro_nodo,0,64,c2c,13,104,0,60000,325.4314,325.4314,325.4314
B,otro_nodo,0,64,c2c,13,105,0,60000,299.6349,299.6349,299.6349
B,otro_nodo,0,64,c2c,13,106,0,60000,322.9320,322.9320,322.9320
B,otro_nodo,0,64,c2c,13,107,0,60000,327.6339,327.6339,327.6339
B,otro_nodo,0,64,c2c,13,108,0,60000,312.6600,312.6600,312.6600
B,otro_nodo,0,64,c2c,13,109,0,60000,313.7287,313.7287,313.7287
B,otro_nodo,0,64,c2c,13,110,0,60000,311.4892,311.4892,311.4892
B,otro_nodo,0,64,c2c,13,111,0,60000,309.4250,309.4250,309.4250
B,otro_nodo,0,64,c2c,13,112,0,60000,334.1371,334.1371,334.1371
B,otro_nodo,0,64,c2c,13,113,0,60000,311.9105,311.9105,311.9105
B,otro_nodo,0,64,c2c,13,114,0,60000,325.9531,325.9531,325.9531
B,otro_nodo,0,64,c2c,13,115,0,60000,327.7729,327.7729,327.7729
B,otro_nodo,0,64,c2c,13,116,0,60000,313.1559,313.1559,313.1559
B,otro_nodo,0,64,c2c,13,117,0,60000,322.1428,322.1428,322.1428
B,otro_nodo,0,64,c2c,13,118,0,60000,315.6470,315.6470,315.6470
B,otro_nodo,0,64,c2c,13,119,0,60000,314.4716,314.4716,314.4716
B,otro_nodo,0,64,c2c,13,120,0,60000,330.3544,330.3544,330.3544
B,otro_nodo,0,64,c2c,13,121,0,60000,310.5450,310.5450,310.5450
B,otro_nodo,0,64,c2c,13,122,0,60000,326.2516,326.2516,326.2516
B,otro_nodo,0,64,c2c,13,123,0,60000,322.8005,322.8005,322.8005
B,otro_nodo,0,64,c2c,13,124,0,60000,316.4646,316.4646,316.4646
B,otro_nodo,0,64,c2c,13,125,0,60000,316.9962,316.9962,316.9962
B,otro_nodo,0,64,c2c,13,126,0,60000,313.5548,313.5548,313.5548
B,otro_nodo,0,64,c2c,13,127,0,60000,309.0247,309.0247,309.0247
B,mismo_ccd,0,64,c2c,14,15,0,60000,27.0077,27.0077,27.0077
B,otro_ccd,0,64,c2c,14,16,0,60000,171.1000,171.1000,171.1000
B,otro_ccd,0,64,c2c,14,17,0,60000,174.4007,174.4007,174.4007
B,otro_ccd,0,64,c2c,14,18,0,60000,180.4993,180.4993,180.4993
B,otro_ccd,0,64,c2c,14,19,0,60000,174.8594,174.8594,174.8594
B,otro_ccd,0,64,c2c,14,20,0,60000,178.0584,178.0584,178.0584
B,otro_ccd,0,64,c2c,14,21,0,60000,174.4067,174.4067,174.4067
B,otro_ccd,0,64,c2c,14,22,0,60000,179.4720,179.4720,179.4720
B,otro_ccd,0,64,c2c,14,23,0,60000,173.2906,173.2906,173.2906
B,otro_ccd,0,64,c2c,14,24,0,60000,172.8434,172.8434,172.8434
B,otro_ccd,0,64,c2c,14,25,0,60000,174.5607,174.5607,174.5607
B,otro_ccd,0,64,c2c,14,26,0,60000,180.2620,180.2620,180.2620
B,otro_ccd,0,64,c2c,14,27,0,60000,176.1891,176.1891,176.1891
B,otro_ccd,0,64,c2c,14,28,0,60000,177.6725,177.6725,177.6725
B,otro_ccd,0,64,c2c,14,29,0,60000,188.5506,188.5506,188.5506
B,otro_ccd,0,64,c2c,14,30,0,60000,195.3175,195.3175,195.3175
B,otro_ccd,0,64,c2c,14,31,0,60000,189.3302,189.3302,189.3302
B,otro_ccd,0,64,c2c,14,32,0,60000,185.6906,185.6906,185.6906
B,otro_ccd,0,64,c2c,14,33,0,60000,189.9901,189.9901,189.9901
B,otro_ccd,0,64,c2c,14,34,0,60000,192.5066,192.5066,192.5066
B,otro_ccd,0,64,c2c,14,35,0,60000,183.7925,183.7925,183.7925
B,otro_ccd,0,64,c2c,14,36,0,60000,192.3496,192.3496,192.3496
B,otro_ccd,0,64,c2c,14,37,0,60000,187.3784,187.3784,187.3784
B,otro_ccd,0,64,c2c,14,38,0,60000,187.1640,187.1640,187.1640
B,otro_ccd,0,64,c2c,14,39,0,60000,190.0048,190.0048,190.0048
B,otro_ccd,0,64,c2c,14,40,0,60000,184.7307,184.7307,184.7307
B,otro_ccd,0,64,c2c,14,41,0,60000,190.8330,190.8330,190.8330
B,otro_ccd,0,64,c2c,14,42,0,60000,191.2306,191.2306,191.2306
B,otro_ccd,0,64,c2c,14,43,0,60000,187.0548,187.0548,187.0548
B,otro_ccd,0,64,c2c,14,44,0,60000,189.6083,189.6083,189.6083
B,otro_ccd,0,64,c2c,14,45,0,60000,185.6802,185.6802,185.6802
B,otro_ccd,0,64,c2c,14,46,0,60000,185.1709,185.1709,185.1709
B,otro_ccd,0,64,c2c,14,47,0,60000,189.2207,189.2207,189.2207
B,otro_ccd,0,64,c2c,14,48,0,60000,188.2854,188.2854,188.2854
B,otro_ccd,0,64,c2c,14,49,0,60000,184.4708,184.4708,184.4708
B,otro_ccd,0,64,c2c,14,50,0,60000,189.3502,189.3502,189.3502
B,otro_ccd,0,64,c2c,14,51,0,60000,186.9882,186.9882,186.9882
B,otro_ccd,0,64,c2c,14,52,0,60000,189.2280,189.2280,189.2280
B,otro_ccd,0,64,c2c,14,53,0,60000,191.5481,191.5481,191.5481
B,otro_ccd,0,64,c2c,14,54,0,60000,189.4454,189.4454,189.4454
B,otro_ccd,0,64,c2c,14,55,0,60000,186.4454,186.4454,186.4454
B,otro_ccd,0,64,c2c,14,56,0,60000,188.3689,188.3689,188.3689
B,otro_ccd,0,64,c2c,14,57,0,60000,187.7050,187.7050,187.7050
B,otro_ccd,0,64,c2c,14,58,0,60000,190.2056,190.2056,190.2056
B,otro_ccd,0,64,c2c,14,59,0,60000,189.1524,189.1524,189.1524
B,otro_ccd,0,64,c2c,14,60,0,60000,188.3517,188.3517,188.3517
B,otro_ccd,0,64,c2c,14,61,0,60000,190.8462,190.8462,190.8462
B,otro_ccd,0,64,c2c,14,62,0,60000,189.3666,189.3666,189.3666
B,otro_ccd,0,64,c2c,14,63,0,60000,185.6490,185.6490,185.6490
B,otro_nodo,0,64,c2c,14,64,0,60000,317.1764,317.1764,317.1764
B,otro_nodo,0,64,c2c,14,65,0,60000,310.5615,310.5615,310.5615
B,otro_nodo,0,64,c2c,14,66,0,60000,315.0773,315.0773,315.0773
B,otro_nodo,0,64,c2c,14,67,0,60000,317.3926,317.3926,317.3926
B,otro_nodo,0,64,c2c,14,68,0,60000,315.3453,315.3453,315.3453
B,otro_nodo,0,64,c2c,14,69,0,60000,317.9731,317.9731,317.9731
B,otro_nodo,0,64,c2c,14,70,0,60000,323.4859,323.4859,323.4859
B,otro_nodo,0,64,c2c,14,71,0,60000,308.5785,308.5785,308.5785
B,otro_nodo,0,64,c2c,14,72,0,60000,308.2150,308.2150,308.2150
B,otro_nodo,0,64,c2c,14,73,0,60000,319.1782,319.1782,319.1782
B,otro_nodo,0,64,c2c,14,74,0,60000,329.2918,329.2918,329.2918
B,otro_nodo,0,64,c2c,14,75,0,60000,308.9529,308.9529,308.9529
B,otro_nodo,0,64,c2c,14,76,0,60000,324.3002,324.3002,324.3002
B,otro_nodo,0,64,c2c,14,77,0,60000,305.5095,305.5095,305.5095
B,otro_nodo,0,64,c2c,14,78,0,60000,309.7713,309.7713,309.7713
B,otro_nodo,0,64,c2c,14,79,0,60000,316.5402,316.5402,316.5402
B,otro_nodo,0,64,c2c,14,80,0,60000,312.6877,312.6877,312.6877
B,otro_nodo,0,64,c2c,14,81,0,60000,326.6731,326.6731,326.6731
B,otro_nodo,0,64,c2c,14,82,0,60000,329.2056,329.2056,329.2056
B,otro_nodo,0,64,c2c,14,83,0,60000,314.5190,314.5190,314.5190
B,otro_nodo,0,64,c2c,14,84,0,60000,329.1295,329.1295,329.1295
B,otro_nodo,0,64,c2c,14,85,0,60000,314.5712,314.5712,314.5712
B,otro_nodo,0,64,c2c,14,86,0,60000,313.4801,313.4801,313.4801
B,otro_nodo,0,64,c2c,14,87,0,60000,324.9780,324.9780,324.9780
B,otro_nodo,0,64,c2c,14,88,0,60000,311.8287,311.8287,311.8287
B,otro_nodo,0,64,c2c,14,89,0,60000,324.9139,324.9139,324.9139
B,otro_nodo,0,64,c2c,14,90,0,60000,327.5471,327.5471,327.5471
B,otro_nodo,0,64,c2c,14,91,0,60000,316.6542,316.6542,316.6542
B,otro_nodo,0,64,c2c,14,92,0,60000,327.6068,327.6068,327.6068
B,otro_nodo,0,64,c2c,14,93,0,60000,322.5326,322.5326,322.5326
B,otro_nodo,0,64,c2c,14,94,0,60000,328.5633,328.5633,328.5633
B,otro_nodo,0,64,c2c,14,95,0,60000,327.3238,327.3238,327.3238
B,otro_nodo,0,64,c2c,14,96,0,60000,318.3349,318.3349,318.3349
B,otro_nodo,0,64,c2c,14,97,0,60000,327.3954,327.3954,327.3954
B,otro_nodo,0,64,c2c,14,98,0,60000,333.9492,333.9492,333.9492
B,otro_nodo,0,64,c2c,14,99,0,60000,326.3172,326.3172,326.3172
B,otro_nodo,0,64,c2c,14,100,0,60000,330.1924,330.1924,330.1924
B,otro_nodo,0,64,c2c,14,101,0,60000,322.3710,322.3710,322.3710
B,otro_nodo,0,64,c2c,14,102,0,60000,326.2862,326.2862,326.2862
B,otro_nodo,0,64,c2c,14,103,0,60000,326.5713,326.5713,326.5713
B,otro_nodo,0,64,c2c,14,104,0,60000,319.7462,319.7462,319.7462
B,otro_nodo,0,64,c2c,14,105,0,60000,327.0700,327.0700,327.0700
B,otro_nodo,0,64,c2c,14,106,0,60000,332.8163,332.8163,332.8163
B,otro_nodo,0,64,c2c,14,107,0,60000,326.0795,326.0795,326.0795
B,otro_nodo,0,64,c2c,14,108,0,60000,328.6532,328.6532,328.6532
B,otro_nodo,0,64,c2c,14,109,0,60000,319.3402,319.3402,319.3402
B,otro_nodo,0,64,c2c,14,110,0,60000,327.5230,327.5230,327.5230
B,otro_nodo,0,64,c2c,14,111,0,60000,324.4969,324.4969,324.4969
B,otro_nodo,0,64,c2c,14,112,0,60000,327.8831,327.8831,327.8831
B,otro_nodo,0,64,c2c,14,113,0,60000,335.8397,335.8397,335.8397
B,otro_nodo,0,64,c2c,14,114,0,60000,334.1345,334.1345,334.1345
B,otro_nodo,0,64,c2c,14,115,0,60000,326.8265,326.8265,326.8265
B,otro_nodo,0,64,c2c,14,116,0,60000,318.2943,318.2943,318.2943
B,otro_nodo,0,64,c2c,14,117,0,60000,323.7648,323.7648,323.7648
B,otro_nodo,0,64,c2c,14,118,0,60000,326.4595,326.4595,326.4595
B,otro_nodo,0,64,c2c,14,119,0,60000,313.0338,313.0338,313.0338
B,otro_nodo,0,64,c2c,14,120,0,60000,324.0526,324.0526,324.0526
B,otro_nodo,0,64,c2c,14,121,0,60000,313.6800,313.6800,313.6800
B,otro_nodo,0,64,c2c,14,122,0,60000,317.3530,317.3530,317.3530
B,otro_nodo,0,64,c2c,14,123,0,60000,325.0297,325.0297,325.0297
B,otro_nodo,0,64,c2c,14,124,0,60000,315.1196,315.1196,315.1196
B,otro_nodo,0,64,c2c,14,125,0,60000,328.9838,328.9838,328.9838
B,otro_nodo,0,64,c2c,14,126,0,60000,325.2090,325.2090,325.2090
B,otro_nodo,0,64,c2c,14,127,0,60000,317.8472,317.8472,317.8472
B,otro_ccd,0,64,c2c,15,16,0,60000,173.1333,173.1333,173.1333
B,otro_ccd,0,64,c2c,15,17,0,60000,179.0053,179.0053,179.0053
B,otro_ccd,0,64,c2c,15,18,0,60000,178.2405,178.2405,178.2405
B,otro_ccd,0,64,c2c,15,19,0,60000,177.0642,177.0642,177.0642
B,otro_ccd,0,64,c2c,15,20,0,60000,164.3224,164.3224,164.3224
B,otro_ccd,0,64,c2c,15,21,0,60000,173.0933,173.0933,173.0933
B,otro_ccd,0,64,c2c,15,22,0,60000,172.8718,172.8718,172.8718
B,otro_ccd,0,64,c2c,15,23,0,60000,180.5789,180.5789,180.5789
B,otro_ccd,0,64,c2c,15,24,0,60000,173.5063,173.5063,173.5063
B,otro_ccd,0,64,c2c,15,25,0,60000,178.1038,178.1038,178.1038
B,otro_ccd,0,64,c2c,15,26,0,60000,176.7881,176.7881,176.7881
B,otro_ccd,0,64,c2c,15,27,0,60000,177.3438,177.3438,177.3438
B,otro_ccd,0,64,c2c,15,28,0,60000,175.5252,175.5252,175.5252
B,otro_ccd,0,64,c2c,15,29,0,60000,175.6872,175.6872,175.6872
B,otro_ccd,0,64,c2c,15,30,0,60000,174.9109,174.9109,174.9109
B,otro_ccd,0,64,c2c,15,31,0,60000,175.1800,175.1800,175.1800
B,otro_ccd,0,64,c2c,15,32,0,60000,188.5521,188.5521,188.5521
B,otro_ccd,0,64,c2c,15,33,0,60000,190.0458,190.0458,190.0458
B,otro_ccd,0,64,c2c,15,34,0,60000,189.3606,189.3606,189.3606
B,otro_ccd,0,64,c2c,15,35,0,60000,190.3007,190.3007,190.3007
B,otro_ccd,0,64,c2c,15,36,0,60000,188.1342,188.1342,188.1342
B,otro_ccd,0,64,c2c,15,37,0,60000,189.4176,189.4176,189.4176
B,otro_ccd,0,64,c2c,15,38,0,60000,188.8961,188.8961,188.8961
B,otro_ccd,0,64,c2c,15,39,0,60000,189.2737,189.2737,189.2737
B,otro_ccd,0,64,c2c,15,40,0,60000,187.3224,187.3224,187.3224
B,otro_ccd,0,64,c2c,15,41,0,60000,190.1975,190.1975,190.1975
B,otro_ccd,0,64,c2c,15,42,0,60000,188.5603,188.5603,188.5603
B,otro_ccd,0,64,c2c,15,43,0,60000,190.3551,190.3551,190.3551
B,otro_ccd,0,64,c2c,15,44,0,60000,187.7061,187.7061,187.7061
B,otro_ccd,0,64,c2c,15,45,0,60000,185.6194,185.6194,185.6194
B,otro_ccd,0,64,c2c,15,46,0,60000,186.2722,186.2722,186.2722
B,otro_ccd,0,64,c2c,15,47,0,60000,189.4500,189.4500,189.4500
B,otro_ccd,0,64,c2c,15,48,0,60000,185.0666,185.0666,185.0666
B,otro_ccd,0,64,c2c,15,49,0,60000,189.4473,189.4473,189.4473
B,otro_ccd,0,64,c2c,15,50,0,60000,189.3476,189.3476,189.3476
B,otro_ccd,0,64,c2c,15,51,0,60000,186.4661,186.4661,186.4661
B,otro_ccd,0,64,c2c,15,52,0,60000,188.5394,188.5394,188.5394
B,otro_ccd,0,64,c2c,15,53,0,60000,185.4262,185.4262,185.4262
B,otro_ccd,0,64,c2c,15,54,0,60000,186.7570,186.7570,186.7570
B,otro_ccd,0,64,c2c,15,55,0,60000,189.4162,189.4162,189.4162
B,otro_ccd,0,64,c2c,15,56,0,60000,186.0651,186.0651,186.0651
B,otro_ccd,0,64,c2c,15,57,0,60000,189.8364,189.8364,189.8364
B,otro_ccd,0,64,c2c,15,58,0,60000,188.7775,188.7775,188.7775
B,otro_ccd,0,64,c2c,15,59,0,60000,187.4390,187.4390,187.4390
B,otro_ccd,0,64,c2c,15,60,0,60000,187.6833,187.6833,187.6833
B,otro_ccd,0,64,c2c,15,61,0,60000,185.6488,185.6488,185.6488
B,otro_ccd,0,64,c2c,15,62,0,60000,186.1797,186.1797,186.1797
B,otro_ccd,0,64,c2c,15,63,0,60000,188.4283,188.4283,188.4283
B,otro_nodo,0,64,c2c,15,64,0,60000,310.6254,310.6254,310.6254
B,otro_nodo,0,64,c2c,15,65,0,60000,326.9758,326.9758,326.9758
B,otro_nodo,0,64,c2c,15,66,0,60000,325.7394,325.7394,325.7394
B,otro_nodo,0,64,c2c,15,67,0,60000,325.5071,325.5071,325.5071
B,otro_nodo,0,64,c2c,15,68,0,60000,324.3942,324.3942,324.3942
B,otro_nodo,0,64,c2c,15,69,0,60000,322.7021,322.7021,322.7021
B,otro_nodo,0,64,c2c,15,70,0,60000,323.7689,323.7689,323.7689
B,otro_nodo,0,64,c2c,15,71,0,60000,325.4557,325.4557,325.4557
B,otro_nodo,0,64,c2c,15,72,0,60000,320.0394,320.0394,320.0394
B,otro_nodo,0,64,c2c,15,73,0,60000,327.6149,327.6149,327.6149
B,otro_nodo,0,64,c2c,15,74,0,60000,325.3167,325.3167,325.3167
B,otro_nodo,0,64,c2c,15,75,0,60000,325.3218,325.3218,325.3218
B,otro_nodo,0,64,c2c,15,76,0,60000,324.8365,324.8365,324.8365
B,otro_nodo,0,64,c2c,15,77,0,60000,324.5952,324.5952,324.5952
B,otro_nodo,0,64,c2c,15,78,0,60000,324.8229,324.8229,324.8229
B,otro_nodo,0,64,c2c,15,79,0,60000,324.8097,324.8097,324.8097
B,otro_nodo,0,64,c2c,15,80,0,60000,323.7689,323.7689,323.7689
B,otro_nodo,0,64,c2c,15,81,0,60000,337.9296,337.9296,337.9296
B,otro_nodo,0,64,c2c,15,82,0,60000,334.8337,334.8337,334.8337
B,otro_nodo,0,64,c2c,15,83,0,60000,332.1766,332.1766,332.1766
B,otro_nodo,0,64,c2c,15,84,0,60000,334.7429,334.7429,334.7429
B,otro_nodo,0,64,c2c,15,85,0,60000,331.5225,331.5225,331.5225
B,otro_nodo,0,64,c2c,15,86,0,60000,330.7827,330.7827,330.7827
B,otro_nodo,0,64,c2c,15,87,0,60000,333.8931,333.8931,333.8931
B,otro_nodo,0,64,c2c,15,88,0,60000,309.7279,309.7279,309.7279
B,otro_nodo,0,64,c2c,15,89,0,60000,327.3388,327.3388,327.3388
B,otro_nodo,0,64,c2c,15,90,0,60000,326.9360,326.9360,326.9360
B,otro_nodo,0,64,c2c,15,91,0,60000,312.4078,312.4078,312.4078
B,otro_nodo,0,64,c2c,15,92,0,60000,327.9871,327.9871,327.9871
B,otro_nodo,0,64,c2c,15,93,0,60000,317.7132,317.7132,317.7132
B,otro_nodo,0,64,c2c,15,94,0,60000,316.0132,316.0132,316.0132
B,otro_nodo,0,64,c2c,15,95,0,60000,326.9572,326.9572,326.9572
B,otro_nodo,0,64,c2c,15,96,0,60000,309.2894,309.2894,309.2894
B,otro_nodo,0,64,c2c,15,97,0,60000,324.6366,324.6366,324.6366
B,otro_nodo,0,64,c2c,15,98,0,60000,321.6139,321.6139,321.6139
B,otro_nodo,0,64,c2c,15,99,0,60000,315.5826,315.5826,315.5826
B,otro_nodo,0,64,c2c,15,100,0,60000,323.5627,323.5627,323.5627
B,otro_nodo,0,64,c2c,15,101,0,60000,313.3644,313.3644,313.3644
B,otro_nodo,0,64,c2c,15,102,0,60000,312.7823,312.7823,312.7823
B,otro_nodo,0,64,c2c,15,103,0,60000,327.0747,327.0747,327.0747
B,otro_nodo,0,64,c2c,15,104,0,60000,307.9377,307.9377,307.9377
B,otro_nodo,0,64,c2c,15,105,0,60000,323.8525,323.8525,323.8525
B,otro_nodo,0,64,c2c,15,106,0,60000,323.1643,323.1643,323.1643
B,otro_nodo,0,64,c2c,15,107,0,60000,315.9515,315.9515,315.9515
B,otro_nodo,0,64,c2c,15,108,0,60000,328.9490,328.9490,328.9490
B,otro_nodo,0,64,c2c,15,109,0,60000,324.0030,324.0030,324.0030
B,otro_nodo,0,64,c2c,15,110,0,60000,324.3347,324.3347,324.3347
B,otro_nodo,0,64,c2c,15,111,0,60000,313.2495,313.2495,313.2495
B,otro_nodo,0,64,c2c,15,112,0,60000,326.5010,326.5010,326.5010
B,otro_nodo,0,64,c2c,15,113,0,60000,318.2179,318.2179,318.2179
B,otro_nodo,0,64,c2c,15,114,0,60000,319.0896,319.0896,319.0896
B,otro_nodo,0,64,c2c,15,115,0,60000,327.0613,327.0613,327.0613
B,otro_nodo,0,64,c2c,15,116,0,60000,316.3336,316.3336,316.3336
B,otro_nodo,0,64,c2c,15,117,0,60000,327.3042,327.3042,327.3042
B,otro_nodo,0,64,c2c,15,118,0,60000,328.2456,328.2456,328.2456
B,otro_nodo,0,64,c2c,15,119,0,60000,313.3300,313.3300,313.3300
B,otro_nodo,0,64,c2c,15,120,0,60000,321.7244,321.7244,321.7244
B,otro_nodo,0,64,c2c,15,121,0,60000,316.8887,316.8887,316.8887
B,otro_nodo,0,64,c2c,15,122,0,60000,315.5348,315.5348,315.5348
B,otro_nodo,0,64,c2c,15,123,0,60000,328.0716,328.0716,328.0716
B,otro_nodo,0,64,c2c,15,124,0,60000,313.9244,313.9244,313.9244
B,otro_nodo,0,64,c2c,15,125,0,60000,326.4424,326.4424,326.4424
B,otro_nodo,0,64,c2c,15,126,0,60000,325.0396,325.0396,325.0396
B,otro_nodo,0,64,c2c,15,127,0,60000,312.6539,312.6539,312.6539
B,mismo_ccd,0,64,c2c,16,17,0,60000,27.0340,27.0340,27.0340
B,mismo_ccd,0,64,c2c,16,18,0,60000,27.0824,27.0824,27.0824
B,mismo_ccd,0,64,c2c,16,19,0,60000,27.3442,27.3442,27.3442
B,mismo_ccd,0,64,c2c,16,20,0,60000,27.0375,27.0375,27.0375
B,mismo_ccd,0,64,c2c,16,21,0,60000,27.1435,27.1435,27.1435
B,mismo_ccd,0,64,c2c,16,22,0,60000,27.0938,27.0938,27.0938
B,mismo_ccd,0,64,c2c,16,23,0,60000,27.3546,27.3546,27.3546
B,otro_ccd,0,64,c2c,16,24,0,60000,155.6637,155.6637,155.6637
B,otro_ccd,0,64,c2c,16,25,0,60000,186.9938,186.9938,186.9938
B,otro_ccd,0,64,c2c,16,26,0,60000,189.3661,189.3661,189.3661
B,otro_ccd,0,64,c2c,16,27,0,60000,195.6781,195.6781,195.6781
B,otro_ccd,0,64,c2c,16,28,0,60000,186.2776,186.2776,186.2776
B,otro_ccd,0,64,c2c,16,29,0,60000,190.2432,190.2432,190.2432
B,otro_ccd,0,64,c2c,16,30,0,60000,185.5424,185.5424,185.5424
B,otro_ccd,0,64,c2c,16,31,0,60000,188.7183,188.7183,188.7183
B,otro_ccd,0,64,c2c,16,32,0,60000,187.1516,187.1516,187.1516
B,otro_ccd,0,64,c2c,16,33,0,60000,186.8041,186.8041,186.8041
B,otro_ccd,0,64,c2c,16,34,0,60000,186.6156,186.6156,186.6156
B,otro_ccd,0,64,c2c,16,35,0,60000,189.1077,189.1077,189.1077
B,otro_ccd,0,64,c2c,16,36,0,60000,187.0719,187.0719,187.0719
B,otro_ccd,0,64,c2c,16,37,0,60000,186.3836,186.3836,186.3836
B,otro_ccd,0,64,c2c,16,38,0,60000,183.8471,183.8471,183.8471
B,otro_ccd,0,64,c2c,16,39,0,60000,188.1685,188.1685,188.1685
B,otro_ccd,0,64,c2c,16,40,0,60000,187.8832,187.8832,187.8832
B,otro_ccd,0,64,c2c,16,41,0,60000,173.4580,173.4580,173.4580
B,otro_ccd,0,64,c2c,16,42,0,60000,191.5851,191.5851,191.5851
B,otro_ccd,0,64,c2c,16,43,0,60000,195.3061,195.3061,195.3061
B,otro_ccd,0,64,c2c,16,44,0,60000,182.8995,182.8995,182.8995
B,otro_ccd,0,64,c2c,16,45,0,60000,191.0831,191.0831,191.0831
B,otro_ccd,0,64,c2c,16,46,0,60000,181.0622,181.0622,181.0622
B,otro_ccd,0,64,c2c,16,47,0,60000,184.1100,184.1100,184.1100
B,otro_ccd,0,64,c2c,16,48,0,60000,199.2555,199.2555,199.2555
B,otro_ccd,0,64,c2c,16,49,0,60000,175.8468,175.8468,175.8468
B,otro_ccd,0,64,c2c,16,50,0,60000,190.4793,190.4793,190.4793
B,otro_ccd,0,64,c2c,16,51,0,60000,198.1276,198.1276,198.1276
B,otro_ccd,0,64,c2c,16,52,0,60000,188.8410,188.8410,188.8410
B,otro_ccd,0,64,c2c,16,53,0,60000,190.9359,190.9359,190.9359
B,otro_ccd,0,64,c2c,16,54,0,60000,183.5196,183.5196,183.5196
B,otro_ccd,0,64,c2c,16,55,0,60000,185.8406,185.8406,185.8406
B,otro_ccd,0,64,c2c,16,56,0,60000,196.0806,196.0806,196.0806
B,otro_ccd,0,64,c2c,16,57,0,60000,173.6863,173.6863,173.6863
B,otro_ccd,0,64,c2c,16,58,0,60000,191.5595,191.5595,191.5595
B,otro_ccd,0,64,c2c,16,59,0,60000,194.9904,194.9904,194.9904
B,otro_ccd,0,64,c2c,16,60,0,60000,182.1771,182.1771,182.1771
B,otro_ccd,0,64,c2c,16,61,0,60000,191.1003,191.1003,191.1003
B,otro_ccd,0,64,c2c,16,62,0,60000,187.7291,187.7291,187.7291
B,otro_ccd,0,64,c2c,16,63,0,60000,191.0804,191.0804,191.0804
B,otro_nodo,0,64,c2c,16,64,0,60000,329.5065,329.5065,329.5065
B,otro_nodo,0,64,c2c,16,65,0,60000,308.9212,308.9212,308.9212
B,otro_nodo,0,64,c2c,16,66,0,60000,314.4134,314.4134,314.4134
B,otro_nodo,0,64,c2c,16,67,0,60000,328.3287,328.3287,328.3287
B,otro_nodo,0,64,c2c,16,68,0,60000,314.0529,314.0529,314.0529
B,otro_nodo,0,64,c2c,16,69,0,60000,315.5525,315.5525,315.5525
B,otro_nodo,0,64,c2c,16,70,0,60000,313.6227,313.6227,313.6227
B,otro_nodo,0,64,c2c,16,71,0,60000,317.0451,317.0451,317.0451
B,otro_nodo,0,64,c2c,16,72,0,60000,325.2616,325.2616,325.2616
B,otro_nodo,0,64,c2c,16,73,0,60000,305.9671,305.9671,305.9671
B,otro_nodo,0,64,c2c,16,74,0,60000,314.2444,314.2444,314.2444
B,otro_nodo,0,64,c2c,16,75,0,60000,325.7424,325.7424,325.7424
B,otro_nodo,0,64,c2c,16,76,0,60000,313.2478,313.2478,313.2478
B,otro_nodo,0,64,c2c,16,77,0,60000,315.2822,315.2822,315.2822
B,otro_nodo,0,64,c2c,16,78,0,60000,309.6333,309.6333,309.6333
B,otro_nodo,0,64,c2c,16,79,0,60000,320.8486,320.8486,320.8486
B,otro_nodo,0,64,c2c,16,80,0,60000,329.3434,329.3434,329.3434
B,otro_nodo,0,64,c2c,16,81,0,60000,317.7752,317.7752,317.7752
B,otro_nodo,0,64,c2c,16,82,0,60000,322.4315,322.4315,322.4315
B,otro_nodo,0,64,c2c,16,83,0,60000,329.3285,329.3285,329.3285
B,otro_nodo,0,64,c2c,16,84,0,60000,316.2540,316.2540,316.2540
B,otro_nodo,0,64,c2c,16,85,0,60000,316.9351,316.9351,316.9351
B,otro_nodo,0,64,c2c,16,86,0,60000,315.5362,315.5362,315.5362
B,otro_nodo,0,64,c2c,16,87,0,60000,320.0102,320.0102,320.0102
B,otro_nodo,0,64,c2c,16,88,0,60000,323.8052,323.8052,323.8052
B,otro_nodo,0,64,c2c,16,89,0,60000,312.1841,312.1841,312.1841
B,otro_nodo,0,64,c2c,16,90,0,60000,317.9897,317.9897,317.9897
B,otro_nodo,0,64,c2c,16,91,0,60000,322.2842,322.2842,322.2842
B,otro_nodo,0,64,c2c,16,92,0,60000,315.5373,315.5373,315.5373
B,otro_nodo,0,64,c2c,16,93,0,60000,315.6367,315.6367,315.6367
B,otro_nodo,0,64,c2c,16,94,0,60000,314.3757,314.3757,314.3757
B,otro_nodo,0,64,c2c,16,95,0,60000,315.1157,315.1157,315.1157
B,otro_nodo,0,64,c2c,16,96,0,60000,329.2872,329.2872,329.2872
B,otro_nodo,0,64,c2c,16,97,0,60000,310.0100,310.0100,310.0100
B,otro_nodo,0,64,c2c,16,98,0,60000,315.5517,315.5517,315.5517
B,otro_nodo,0,64,c2c,16,99,0,60000,329.1560,329.1560,329.1560
B,otro_nodo,0,64,c2c,16,100,0,60000,316.2941,316.2941,316.2941
B,otro_nodo,0,64,c2c,16,101,0,60000,315.6903,315.6903,315.6903
B,otro_nodo,0,64,c2c,16,102,0,60000,311.7413,311.7413,311.7413
B,otro_nodo,0,64,c2c,16,103,0,60000,315.3993,315.3993,315.3993
B,otro_nodo,0,64,c2c,16,104,0,60000,324.5084,324.5084,324.5084
B,otro_nodo,0,64,c2c,16,105,0,60000,318.7105,318.7105,318.7105
B,otro_nodo,0,64,c2c,16,106,0,60000,325.4991,325.4991,325.4991
B,otro_nodo,0,64,c2c,16,107,0,60000,335.1301,335.1301,335.1301
B,otro_nodo,0,64,c2c,16,108,0,60000,327.7141,327.7141,327.7141
B,otro_nodo,0,64,c2c,16,109,0,60000,322.3654,322.3654,322.3654
B,otro_nodo,0,64,c2c,16,110,0,60000,326.9906,326.9906,326.9906
B,otro_nodo,0,64,c2c,16,111,0,60000,325.0924,325.0924,325.0924
B,otro_nodo,0,64,c2c,16,112,0,60000,337.7886,337.7886,337.7886
B,otro_nodo,0,64,c2c,16,113,0,60000,323.9126,323.9126,323.9126
B,otro_nodo,0,64,c2c,16,114,0,60000,330.3960,330.3960,330.3960
B,otro_nodo,0,64,c2c,16,115,0,60000,334.2187,334.2187,334.2187
B,otro_nodo,0,64,c2c,16,116,0,60000,331.0418,331.0418,331.0418
B,otro_nodo,0,64,c2c,16,117,0,60000,331.3212,331.3212,331.3212
B,otro_nodo,0,64,c2c,16,118,0,60000,328.1320,328.1320,328.1320
B,otro_nodo,0,64,c2c,16,119,0,60000,333.4127,333.4127,333.4127
B,otro_nodo,0,64,c2c,16,120,0,60000,333.1376,333.1376,333.1376
B,otro_nodo,0,64,c2c,16,121,0,60000,327.3024,327.3024,327.3024
B,otro_nodo,0,64,c2c,16,122,0,60000,328.6259,328.6259,328.6259
B,otro_nodo,0,64,c2c,16,123,0,60000,332.2213,332.2213,332.2213
B,otro_nodo,0,64,c2c,16,124,0,60000,329.4155,329.4155,329.4155
B,otro_nodo,0,64,c2c,16,125,0,60000,329.6400,329.6400,329.6400
B,otro_nodo,0,64,c2c,16,126,0,60000,320.7011,320.7011,320.7011
B,otro_nodo,0,64,c2c,16,127,0,60000,324.4539,324.4539,324.4539
B,mismo_ccd,0,64,c2c,17,18,0,60000,27.8474,27.8474,27.8474
B,mismo_ccd,0,64,c2c,17,19,0,60000,27.0734,27.0734,27.0734
B,mismo_ccd,0,64,c2c,17,20,0,60000,27.1591,27.1591,27.1591
B,mismo_ccd,0,64,c2c,17,21,0,60000,27.3155,27.3155,27.3155
B,mismo_ccd,0,64,c2c,17,22,0,60000,27.2246,27.2246,27.2246
B,mismo_ccd,0,64,c2c,17,23,0,60000,27.0948,27.0948,27.0948
B,otro_ccd,0,64,c2c,17,24,0,60000,186.1768,186.1768,186.1768
B,otro_ccd,0,64,c2c,17,25,0,60000,189.0778,189.0778,189.0778
B,otro_ccd,0,64,c2c,17,26,0,60000,195.8727,195.8727,195.8727
B,otro_ccd,0,64,c2c,17,27,0,60000,185.7662,185.7662,185.7662
B,otro_ccd,0,64,c2c,17,28,0,60000,189.0933,189.0933,189.0933
B,otro_ccd,0,64,c2c,17,29,0,60000,191.2292,191.2292,191.2292
B,otro_ccd,0,64,c2c,17,30,0,60000,190.2724,190.2724,190.2724
B,otro_ccd,0,64,c2c,17,31,0,60000,190.1271,190.1271,190.1271
B,otro_ccd,0,64,c2c,17,32,0,60000,177.0244,177.0244,177.0244
B,otro_ccd,0,64,c2c,17,33,0,60000,180.8496,180.8496,180.8496
B,otro_ccd,0,64,c2c,17,34,0,60000,196.8032,196.8032,196.8032
B,otro_ccd,0,64,c2c,17,35,0,60000,172.3663,172.3663,172.3663
B,otro_ccd,0,64,c2c,17,36,0,60000,188.3044,188.3044,188.3044
B,otro_ccd,0,64,c2c,17,37,0,60000,193.1211,193.1211,193.1211
B,otro_ccd,0,64,c2c,17,38,0,60000,188.6379,188.6379,188.6379
B,otro_ccd,0,64,c2c,17,39,0,60000,186.6144,186.6144,186.6144
B,otro_ccd,0,64,c2c,17,40,0,60000,187.2832,187.2832,187.2832
B,otro_ccd,0,64,c2c,17,41,0,60000,186.8944,186.8944,186.8944
B,otro_ccd,0,64,c2c,17,42,0,60000,188.8089,188.8089,188.8089
B,otro_ccd,0,64,c2c,17,43,0,60000,185.5087,185.5087,185.5087
B,otro_ccd,0,64,c2c,17,44,0,60000,183.9071,183.9071,183.9071
B,otro_ccd,0,64,c2c,17,45,0,60000,185.4317,185.4317,185.4317
B,otro_ccd,0,64,c2c,17,46,0,60000,188.4430,188.4430,188.4430
B,otro_ccd,0,64,c2c,17,47,0,60000,186.5177,186.5177,186.5177
B,otro_ccd,0,64,c2c,17,48,0,60000,177.9841,177.9841,177.9841
B,otro_ccd,0,64,c2c,17,49,0,60000,180.4686,180.4686,180.4686
B,otro_ccd,0,64,c2c,17,50,0,60000,197.6826,197.6826,197.6826
B,otro_ccd,0,64,c2c,17,51,0,60000,171.6553,171.6553,171.6553
B,otro_ccd,0,64,c2c,17,52,0,60000,189.0169,189.0169,189.0169
B,otro_ccd,0,64,c2c,17,53,0,60000,192.0990,192.0990,192.0990
B,otro_ccd,0,64,c2c,17,54,0,60000,187.2068,187.2068,187.2068
B,otro_ccd,0,64,c2c,17,55,0,60000,189.3102,189.3102,189.3102
B,otro_ccd,0,64,c2c,17,56,0,60000,175.1574,175.1574,175.1574
B,otro_ccd,0,64,c2c,17,57,0,60000,177.9460,177.9460,177.9460
B,otro_ccd,0,64,c2c,17,58,0,60000,175.9642,175.9642,175.9642
B,otro_ccd,0,64,c2c,17,59,0,60000,181.6882,181.6882,181.6882
B,otro_ccd,0,64,c2c,17,60,0,60000,182.2572,182.2572,182.2572
B,otro_ccd,0,64,c2c,17,61,0,60000,186.0157,186.0157,186.0157
B,otro_ccd,0,64,c2c,17,62,0,60000,191.2936,191.2936,191.2936
B,otro_ccd,0,64,c2c,17,63,0,60000,183.9834,183.9834,183.9834
B,otro_nodo,0,64,c2c,17,64,0,60000,305.3548,305.3548,305.3548
B,otro_nodo,0,64,c2c,17,65,0,60000,314.9109,314.9109,314.9109
B,otro_nodo,0,64,c2c,17,66,0,60000,327.4962,327.4962,327.4962
B,otro_nodo,0,64,c2c,17,67,0,60000,306.6931,306.6931,306.6931
B,otro_nodo,0,64,c2c,17,68,0,60000,315.2933,315.2933,315.2933
B,otro_nodo,0,64,c2c,17,69,0,60000,319.5658,319.5658,319.5658
B,otro_nodo,0,64,c2c,17,70,0,60000,316.3702,316.3702,316.3702
B,otro_nodo,0,64,c2c,17,71,0,60000,316.0089,316.0089,316.0089
B,otro_nodo,0,64,c2c,17,72,0,60000,302.5107,302.5107,302.5107
B,otro_nodo,0,64,c2c,17,73,0,60000,312.7154,312.7154,312.7154
B,otro_nodo,0,64,c2c,17,74,0,60000,326.7327,326.7327,326.7327
B,otro_nodo,0,64,c2c,17,75,0,60000,305.8226,305.8226,305.8226
B,otro_nodo,0,64,c2c,17,76,0,60000,314.7816,314.7816,314.7816
B,otro_nodo,0,64,c2c,17,77,0,60000,319.2040,319.2040,319.2040
B,otro_nodo,0,64,c2c,17,78,0,60000,320.0093,320.0093,320.0093
B,otro_nodo,0,64,c2c,17,79,0,60000,310.7723,310.7723,310.7723
B,otro_nodo,0,64,c2c,17,80,0,60000,315.4938,315.4938,315.4938
B,otro_nodo,0,64,c2c,17,81,0,60000,316.2986,316.2986,316.2986
B,otro_nodo,0,64,c2c,17,82,0,60000,327.0385,327.0385,327.0385
B,otro_nodo,0,64,c2c,17,83,0,60000,315.0725,315.0725,315.0725
B,otro_nodo,0,64,c2c,17,84,0,60000,317.1195,317.1195,317.1195
B,otro_nodo,0,64,c2c,17,85,0,60000,324.9591,324.9591,324.9591
B,otro_nodo,0,64,c2c,17,86,0,60000,319.9907,319.9907,319.9907
B,otro_nodo,0,64,c2c,17,87,0,60000,317.2106,317.2106,317.2106
B,otro_nodo,0,64,c2c,17,88,0,60000,313.8232,313.8232,313.8232
B,otro_nodo,0,64,c2c,17,89,0,60000,314.9594,314.9594,314.9594
B,otro_nodo,0,64,c2c,17,90,0,60000,322.8982,322.8982,322.8982
B,otro_nodo,0,64,c2c,17,91,0,60000,314.8398,314.8398,314.8398
B,otro_nodo,0,64,c2c,17,92,0,60000,314.9738,314.9738,314.9738
B,otro_nodo,0,64,c2c,17,93,0,60000,324.7545,324.7545,324.7545
B,otro_nodo,0,64,c2c,17,94,0,60000,319.1282,319.1282,319.1282
B,otro_nodo,0,64,c2c,17,95,0,60000,316.5392,316.5392,316.5392
B,otro_nodo,0,64,c2c,17,96,0,60000,307.9337,307.9337,307.9337
B,otro_nodo,0,64,c2c,17,97,0,60000,315.1431,315.1431,315.1431
B,otro_nodo,0,64,c2c,17,98,0,60000,327.5862,327.5862,327.5862
B,otro_nodo,0,64,c2c,17,99,0,60000,311.5042,311.5042,311.5042
B,otro_nodo,0,64,c2c,17,100,0,60000,315.9343,315.9343,315.9343
B,otro_nodo,0,64,c2c,17,101,0,60000,318.9586,318.9586,318.9586
B,otro_nodo,0,64,c2c,17,102,0,60000,327.1824,327.1824,327.1824
B,otro_nodo,0,64,c2c,17,103,0,60000,329.4662,329.4662,329.4662
B,otro_nodo,0,64,c2c,17,104,0,60000,316.3835,316.3835,316.3835
B,otro_nodo,0,64,c2c,17,105,0,60000,323.9722,323.9722,323.9722
B,otro_nodo,0,64,c2c,17,106,0,60000,337.5899,337.5899,337.5899
B,otro_nodo,0,64,c2c,17,107,0,60000,317.6395,317.6395,317.6395
B,otro_nodo,0,64,c2c,17,108,0,60000,322.7268,322.7268,322.7268
B,otro_nodo,0,64,c2c,17,109,0,60000,331.6052,331.6052,331.6052
B,otro_nodo,0,64,c2c,17,110,0,60000,321.4297,321.4297,321.4297
B,otro_nodo,0,64,c2c,17,111,0,60000,323.5424,323.5424,323.5424
B,otro_nodo,0,64,c2c,17,112,0,60000,329.4770,329.4770,329.4770
B,otro_nodo,0,64,c2c,17,113,0,60000,325.5412,325.5412,325.5412
B,otro_nodo,0,64,c2c,17,114,0,60000,339.3970,339.3970,339.3970
B,otro_nodo,0,64,c2c,17,115,0,60000,329.3422,329.3422,329.3422
B,otro_nodo,0,64,c2c,17,116,0,60000,333.3556,333.3556,333.3556
B,otro_nodo,0,64,c2c,17,117,0,60000,332.6660,332.6660,332.6660
B,otro_nodo,0,64,c2c,17,118,0,60000,331.3004,331.3004,331.3004
B,otro_nodo,0,64,c2c,17,119,0,60000,333.8904,333.8904,333.8904
B,otro_nodo,0,64,c2c,17,120,0,60000,325.5553,325.5553,325.5553
B,otro_nodo,0,64,c2c,17,121,0,60000,324.0683,324.0683,324.0683
B,otro_nodo,0,64,c2c,17,122,0,60000,337.7721,337.7721,337.7721
B,otro_nodo,0,64,c2c,17,123,0,60000,329.7457,329.7457,329.7457
B,otro_nodo,0,64,c2c,17,124,0,60000,328.5263,328.5263,328.5263
B,otro_nodo,0,64,c2c,17,125,0,60000,337.2046,337.2046,337.2046
B,otro_nodo,0,64,c2c,17,126,0,60000,332.6568,332.6568,332.6568
B,otro_nodo,0,64,c2c,17,127,0,60000,327.3020,327.3020,327.3020
B,mismo_ccd,0,64,c2c,18,19,0,60000,27.4966,27.4966,27.4966
B,mismo_ccd,0,64,c2c,18,20,0,60000,27.4290,27.4290,27.4290
B,mismo_ccd,0,64,c2c,18,21,0,60000,27.5258,27.5258,27.5258
B,mismo_ccd,0,64,c2c,18,22,0,60000,28.2954,28.2954,28.2954
B,mismo_ccd,0,64,c2c,18,23,0,60000,27.3073,27.3073,27.3073
B,otro_ccd,0,64,c2c,18,24,0,60000,200.9312,200.9312,200.9312
B,otro_ccd,0,64,c2c,18,25,0,60000,188.5862,188.5862,188.5862
B,otro_ccd,0,64,c2c,18,26,0,60000,199.0280,199.0280,199.0280
B,otro_ccd,0,64,c2c,18,27,0,60000,188.4693,188.4693,188.4693
B,otro_ccd,0,64,c2c,18,28,0,60000,194.7826,194.7826,194.7826
B,otro_ccd,0,64,c2c,18,29,0,60000,192.2390,192.2390,192.2390
B,otro_ccd,0,64,c2c,18,30,0,60000,190.4704,190.4704,190.4704
B,otro_ccd,0,64,c2c,18,31,0,60000,189.6527,189.6527,189.6527
B,otro_ccd,0,64,c2c,18,32,0,60000,193.1077,193.1077,193.1077
B,otro_ccd,0,64,c2c,18,33,0,60000,187.8053,187.8053,187.8053
B,otro_ccd,0,64,c2c,18,34,0,60000,198.5625,198.5625,198.5625
B,otro_ccd,0,64,c2c,18,35,0,60000,183.5732,183.5732,183.5732
B,otro_ccd,0,64,c2c,18,36,0,60000,189.7419,189.7419,189.7419
B,otro_ccd,0,64,c2c,18,37,0,60000,194.0822,194.0822,194.0822
B,otro_ccd,0,64,c2c,18,38,0,60000,182.7018,182.7018,182.7018
B,otro_ccd,0,64,c2c,18,39,0,60000,188.2885,188.2885,188.2885
B,otro_ccd,0,64,c2c,18,40,0,60000,198.4881,198.4881,198.4881
B,otro_ccd,0,64,c2c,18,41,0,60000,182.7091,182.7091,182.7091
B,otro_ccd,0,64,c2c,18,42,0,60000,198.5054,198.5054,198.5054
B,otro_ccd,0,64,c2c,18,43,0,60000,180.8087,180.8087,180.8087
B,otro_ccd,0,64,c2c,18,44,0,60000,187.7865,187.7865,187.7865
B,otro_ccd,0,64,c2c,18,45,0,60000,191.3839,191.3839,191.3839
B,otro_ccd,0,64,c2c,18,46,0,60000,187.9967,187.9967,187.9967
B,otro_ccd,0,64,c2c,18,47,0,60000,188.9151,188.9151,188.9151
B,otro_ccd,0,64,c2c,18,48,0,60000,188.8134,188.8134,188.8134
B,otro_ccd,0,64,c2c,18,49,0,60000,187.0825,187.0825,187.0825
B,otro_ccd,0,64,c2c,18,50,0,60000,189.1314,189.1314,189.1314
B,otro_ccd,0,64,c2c,18,51,0,60000,188.4699,188.4699,188.4699
B,otro_ccd,0,64,c2c,18,52,0,60000,194.5245,194.5245,194.5245
B,otro_ccd,0,64,c2c,18,53,0,60000,186.4448,186.4448,186.4448
B,otro_ccd,0,64,c2c,18,54,0,60000,191.2213,191.2213,191.2213
B,otro_ccd,0,64,c2c,18,55,0,60000,187.9323,187.9323,187.9323
B,otro_ccd,0,64,c2c,18,56,0,60000,370.6130,370.6130,370.6130
B,otro_ccd,0,64,c2c,18,57,0,60000,379.8207,379.8207,379.8207
B,otro_ccd,0,64,c2c,18,58,0,60000,248.9669,248.9669,248.9669
B,otro_ccd,0,64,c2c,18,59,0,60000,320.1782,320.1782,320.1782
B,otro_ccd,0,64,c2c,18,60,0,60000,325.9874,325.9874,325.9874
B,otro_ccd,0,64,c2c,18,61,0,60000,224.5531,224.5531,224.5531
B,otro_ccd,0,64,c2c,18,62,0,60000,293.5735,293.5735,293.5735
B,otro_ccd,0,64,c2c,18,63,0,60000,365.5567,365.5567,365.5567
B,otro_nodo,0,64,c2c,18,64,0,60000,309.5951,309.5951,309.5951
B,otro_nodo,0,64,c2c,18,65,0,60000,313.9264,313.9264,313.9264
B,otro_nodo,0,64,c2c,18,66,0,60000,320.0535,320.0535,320.0535
B,otro_nodo,0,64,c2c,18,67,0,60000,312.8669,312.8669,312.8669
B,otro_nodo,0,64,c2c,18,68,0,60000,312.6143,312.6143,312.6143
B,otro_nodo,0,64,c2c,18,69,0,60000,321.6862,321.6862,321.6862
B,otro_nodo,0,64,c2c,18,70,0,60000,316.4090,316.4090,316.4090
B,otro_nodo,0,64,c2c,18,71,0,60000,319.5470,319.5470,319.5470
B,otro_nodo,0,64,c2c,18,72,0,60000,309.3372,309.3372,309.3372
B,otro_nodo,0,64,c2c,18,73,0,60000,312.8533,312.8533,312.8533
B,otro_nodo,0,64,c2c,18,74,0,60000,319.7533,319.7533,319.7533
B,otro_nodo,0,64,c2c,18,75,0,60000,314.4593,314.4593,314.4593
B,otro_nodo,0,64,c2c,18,76,0,60000,311.7801,311.7801,311.7801
B,otro_nodo,0,64,c2c,18,77,0,60000,319.8873,319.8873,319.8873
B,otro_nodo,0,64,c2c,18,78,0,60000,315.5969,315.5969,315.5969
B,otro_nodo,0,64,c2c,18,79,0,60000,316.7449,316.7449,316.7449
B,otro_nodo,0,64,c2c,18,80,0,60000,315.7265,315.7265,315.7265
B,otro_nodo,0,64,c2c,18,81,0,60000,321.4744,321.4744,321.4744
B,otro_nodo,0,64,c2c,18,82,0,60000,325.7511,325.7511,325.7511
B,otro_nodo,0,64,c2c,18,83,0,60000,317.0360,317.0360,317.0360
B,otro_nodo,0,64,c2c,18,84,0,60000,317.6534,317.6534,317.6534
B,otro_nodo,0,64,c2c,18,85,0,60000,320.6537,320.6537,320.6537
B,otro_nodo,0,64,c2c,18,86,0,60000,316.3100,316.3100,316.3100
B,otro_nodo,0,64,c2c,18,87,0,60000,323.4862,323.4862,323.4862
B,otro_nodo,0,64,c2c,18,88,0,60000,313.5525,313.5525,313.5525
B,otro_nodo,0,64,c2c,18,89,0,60000,317.5325,317.5325,317.5325
B,otro_nodo,0,64,c2c,18,90,0,60000,321.9589,321.9589,321.9589
B,otro_nodo,0,64,c2c,18,91,0,60000,315.1208,315.1208,315.1208
B,otro_nodo,0,64,c2c,18,92,0,60000,317.5553,317.5553,317.5553
B,otro_nodo,0,64,c2c,18,93,0,60000,323.0621,323.0621,323.0621
B,otro_nodo,0,64,c2c,18,94,0,60000,315.1267,315.1267,315.1267
B,otro_nodo,0,64,c2c,18,95,0,60000,326.8199,326.8199,326.8199
B,otro_nodo,0,64,c2c,18,96,0,60000,309.7742,309.7742,309.7742
B,otro_nodo,0,64,c2c,18,97,0,60000,317.9695,317.9695,317.9695
B,otro_nodo,0,64,c2c,18,98,0,60000,321.4353,321.4353,321.4353
B,otro_nodo,0,64,c2c,18,99,0,60000,313.4080,313.4080,313.4080
B,otro_nodo,0,64,c2c,18,100,0,60000,314.4980,314.4980,314.4980
B,otro_nodo,0,64,c2c,18,101,0,60000,321.3638,321.3638,321.3638
B,otro_nodo,0,64,c2c,18,102,0,60000,317.4040,317.4040,317.4040
B,otro_nodo,0,64,c2c,18,103,0,60000,316.6954,316.6954,316.6954
B,otro_nodo,0,64,c2c,18,104,0,60000,309.2379,309.2379,309.2379
B,otro_nodo,0,64,c2c,18,105,0,60000,316.6710,316.6710,316.6710
B,otro_nodo,0,64,c2c,18,106,0,60000,321.8090,321.8090,321.8090
B,otro_nodo,0,64,c2c,18,107,0,60000,311.6138,311.6138,311.6138
B,otro_nodo,0,64,c2c,18,108,0,60000,315.2502,315.2502,315.2502
B,otro_nodo,0,64,c2c,18,109,0,60000,317.5159,317.5159,317.5159
B,otro_nodo,0,64,c2c,18,110,0,60000,315.0616,315.0616,315.0616
B,otro_nodo,0,64,c2c,18,111,0,60000,316.6904,316.6904,316.6904
B,otro_nodo,0,64,c2c,18,112,0,60000,316.8809,316.8809,316.8809
B,otro_nodo,0,64,c2c,18,113,0,60000,324.8203,324.8203,324.8203
B,otro_nodo,0,64,c2c,18,114,0,60000,322.5376,322.5376,322.5376
B,otro_nodo,0,64,c2c,18,115,0,60000,317.3801,317.3801,317.3801
B,otro_nodo,0,64,c2c,18,116,0,60000,316.4992,316.4992,316.4992
B,otro_nodo,0,64,c2c,18,117,0,60000,324.6925,324.6925,324.6925
B,otro_nodo,0,64,c2c,18,118,0,60000,318.4416,318.4416,318.4416
B,otro_nodo,0,64,c2c,18,119,0,60000,325.9597,325.9597,325.9597
B,otro_nodo,0,64,c2c,18,120,0,60000,314.3231,314.3231,314.3231
B,otro_nodo,0,64,c2c,18,121,0,60000,320.5653,320.5653,320.5653
B,otro_nodo,0,64,c2c,18,122,0,60000,324.7967,324.7967,324.7967
B,otro_nodo,0,64,c2c,18,123,0,60000,315.9037,315.9037,315.9037
B,otro_nodo,0,64,c2c,18,124,0,60000,314.9404,314.9404,314.9404
B,otro_nodo,0,64,c2c,18,125,0,60000,327.4167,327.4167,327.4167
B,otro_nodo,0,64,c2c,18,126,0,60000,317.0085,317.0085,317.0085
B,otro_nodo,0,64,c2c,18,127,0,60000,322.3830,322.3830,322.3830
B,mismo_ccd,0,64,c2c,19,20,0,60000,27.3229,27.3229,27.3229
B,mismo_ccd,0,64,c2c,19,21,0,60000,26.9879,26.9879,26.9879
B,mismo_ccd,0,64,c2c,19,22,0,60000,27.1746,27.1746,27.1746
B,mismo_ccd,0,64,c2c,19,23,0,60000,27.2546,27.2546,27.2546
B,otro_ccd,0,64,c2c,19,24,0,60000,192.1180,192.1180,192.1180
B,otro_ccd,0,64,c2c,19,25,0,60000,193.5118,193.5118,193.5118
B,otro_ccd,0,64,c2c,19,26,0,60000,188.5156,188.5156,188.5156
B,otro_ccd,0,64,c2c,19,27,0,60000,188.9803,188.9803,188.9803
B,otro_ccd,0,64,c2c,19,28,0,60000,188.2537,188.2537,188.2537
B,otro_ccd,0,64,c2c,19,29,0,60000,185.9088,185.9088,185.9088
B,otro_ccd,0,64,c2c,19,30,0,60000,190.9715,190.9715,190.9715
B,otro_ccd,0,64,c2c,19,31,0,60000,188.3024,188.3024,188.3024
B,otro_ccd,0,64,c2c,19,32,0,60000,193.1134,193.1134,193.1134
B,otro_ccd,0,64,c2c,19,33,0,60000,195.2272,195.2272,195.2272
B,otro_ccd,0,64,c2c,19,34,0,60000,185.0368,185.0368,185.0368
B,otro_ccd,0,64,c2c,19,35,0,60000,187.3744,187.3744,187.3744
B,otro_ccd,0,64,c2c,19,36,0,60000,184.7494,184.7494,184.7494
B,otro_ccd,0,64,c2c,19,37,0,60000,178.3373,178.3373,178.3373
B,otro_ccd,0,64,c2c,19,38,0,60000,191.9054,191.9054,191.9054
B,otro_ccd,0,64,c2c,19,39,0,60000,185.0998,185.0998,185.0998
B,otro_ccd,0,64,c2c,19,40,0,60000,190.6467,190.6467,190.6467
B,otro_ccd,0,64,c2c,19,41,0,60000,192.8536,192.8536,192.8536
B,otro_ccd,0,64,c2c,19,42,0,60000,186.9755,186.9755,186.9755
B,otro_ccd,0,64,c2c,19,43,0,60000,189.9847,189.9847,189.9847
B,otro_ccd,0,64,c2c,19,44,0,60000,183.1164,183.1164,183.1164
B,otro_ccd,0,64,c2c,19,45,0,60000,179.1768,179.1768,179.1768
B,otro_ccd,0,64,c2c,19,46,0,60000,190.6422,190.6422,190.6422
B,otro_ccd,0,64,c2c,19,47,0,60000,185.2725,185.2725,185.2725
B,otro_ccd,0,64,c2c,19,48,0,60000,194.4711,194.4711,194.4711
B,otro_ccd,0,64,c2c,19,49,0,60000,197.0248,197.0248,197.0248
B,otro_ccd,0,64,c2c,19,50,0,60000,186.1236,186.1236,186.1236
B,otro_ccd,0,64,c2c,19,51,0,60000,191.8426,191.8426,191.8426
B,otro_ccd,0,64,c2c,19,52,0,60000,186.7334,186.7334,186.7334
B,otro_ccd,0,64,c2c,19,53,0,60000,180.2990,180.2990,180.2990
B,otro_ccd,0,64,c2c,19,54,0,60000,193.0401,193.0401,193.0401
B,otro_ccd,0,64,c2c,19,55,0,60000,184.7367,184.7367,184.7367
B,otro_ccd,0,64,c2c,19,56,0,60000,193.3973,193.3973,193.3973
B,otro_ccd,0,64,c2c,19,57,0,60000,195.2599,195.2599,195.2599
B,otro_ccd,0,64,c2c,19,58,0,60000,186.3508,186.3508,186.3508
B,otro_ccd,0,64,c2c,19,59,0,60000,190.2928,190.2928,190.2928
B,otro_ccd,0,64,c2c,19,60,0,60000,182.8942,182.8942,182.8942
B,otro_ccd,0,64,c2c,19,61,0,60000,177.4688,177.4688,177.4688
B,otro_ccd,0,64,c2c,19,62,0,60000,191.2706,191.2706,191.2706
B,otro_ccd,0,64,c2c,19,63,0,60000,187.4948,187.4948,187.4948
B,otro_nodo,0,64,c2c,19,64,0,60000,318.2262,318.2262,318.2262
B,otro_nodo,0,64,c2c,19,65,0,60000,320.1658,320.1658,320.1658
B,otro_nodo,0,64,c2c,19,66,0,60000,316.1808,316.1808,316.1808
B,otro_nodo,0,64,c2c,19,67,0,60000,313.8376,313.8376,313.8376
B,otro_nodo,0,64,c2c,19,68,0,60000,312.8544,312.8544,312.8544
B,otro_nodo,0,64,c2c,19,69,0,60000,310.3359,310.3359,310.3359
B,otro_nodo,0,64,c2c,19,70,0,60000,313.9494,313.9494,313.9494
B,otro_nodo,0,64,c2c,19,71,0,60000,312.9855,312.9855,312.9855
B,otro_nodo,0,64,c2c,19,72,0,60000,317.8171,317.8171,317.8171
B,otro_nodo,0,64,c2c,19,73,0,60000,319.7545,319.7545,319.7545
B,otro_nodo,0,64,c2c,19,74,0,60000,313.1381,313.1381,313.1381
B,otro_nodo,0,64,c2c,19,75,0,60000,313.6943,313.6943,313.6943
B,otro_nodo,0,64,c2c,19,76,0,60000,314.6913,314.6913,314.6913
B,otro_nodo,0,64,c2c,19,77,0,60000,311.6849,311.6849,311.6849
B,otro_nodo,0,64,c2c,19,78,0,60000,316.7376,316.7376,316.7376
B,otro_nodo,0,64,c2c,19,79,0,60000,312.1091,312.1091,312.1091
B,otro_nodo,0,64,c2c,19,80,0,60000,325.7581,325.7581,325.7581
B,otro_nodo,0,64,c2c,19,81,0,60000,323.2673,323.2673,323.2673
B,otro_nodo,0,64,c2c,19,82,0,60000,318.4036,318.4036,318.4036
B,otro_nodo,0,64,c2c,19,83,0,60000,319.4124,319.4124,319.4124
B,otro_nodo,0,64,c2c,19,84,0,60000,323.6441,323.6441,323.6441
B,otro_nodo,0,64,c2c,19,85,0,60000,325.7362,325.7362,325.7362
B,otro_nodo,0,64,c2c,19,86,0,60000,337.6103,337.6103,337.6103
B,otro_nodo,0,64,c2c,19,87,0,60000,322.8085,322.8085,322.8085
B,otro_nodo,0,64,c2c,19,88,0,60000,332.5215,332.5215,332.5215
B,otro_nodo,0,64,c2c,19,89,0,60000,333.9468,333.9468,333.9468
B,otro_nodo,0,64,c2c,19,90,0,60000,321.9860,321.9860,321.9860
B,otro_nodo,0,64,c2c,19,91,0,60000,326.1497,326.1497,326.1497
B,otro_nodo,0,64,c2c,19,92,0,60000,322.7379,322.7379,322.7379
B,otro_nodo,0,64,c2c,19,93,0,60000,324.0214,324.0214,324.0214
B,otro_nodo,0,64,c2c,19,94,0,60000,334.0262,334.0262,334.0262
B,otro_nodo,0,64,c2c,19,95,0,60000,322.5388,322.5388,322.5388
B,otro_nodo,0,64,c2c,19,96,0,60000,333.1357,333.1357,333.1357
B,otro_nodo,0,64,c2c,19,97,0,60000,337.0576,337.0576,337.0576
B,otro_nodo,0,64,c2c,19,98,0,60000,320.2942,320.2942,320.2942
B,otro_nodo,0,64,c2c,19,99,0,60000,325.9212,325.9212,325.9212
B,otro_nodo,0,64,c2c,19,100,0,60000,317.3339,317.3339,317.3339
B,otro_nodo,0,64,c2c,19,101,0,60000,319.9207,319.9207,319.9207
B,otro_nodo,0,64,c2c,19,102,0,60000,333.1374,333.1374,333.1374
B,otro_nodo,0,64,c2c,19,103,0,60000,320.1995,320.1995,320.1995
B,otro_nodo,0,64,c2c,19,104,0,60000,334.1070,334.1070,334.1070
B,otro_nodo,0,64,c2c,19,105,0,60000,334.5355,334.5355,334.5355
B,otro_nodo,0,64,c2c,19,106,0,60000,317.3437,317.3437,317.3437
B,otro_nodo,0,64,c2c,19,107,0,60000,317.0203,317.0203,317.0203
B,otro_nodo,0,64,c2c,19,108,0,60000,316.4387,316.4387,316.4387
B,otro_nodo,0,64,c2c,19,109,0,60000,312.8100,312.8100,312.8100
B,otro_nodo,0,64,c2c,19,110,0,60000,316.5449,316.5449,316.5449
B,otro_nodo,0,64,c2c,19,111,0,60000,316.0857,316.0857,316.0857
B,otro_nodo,0,64,c2c,19,112,0,60000,324.3079,324.3079,324.3079
B,otro_nodo,0,64,c2c,19,113,0,60000,326.3646,326.3646,326.3646
B,otro_nodo,0,64,c2c,19,114,0,60000,315.9914,315.9914,315.9914
B,otro_nodo,0,64,c2c,19,115,0,60000,324.1657,324.1657,324.1657
B,otro_nodo,0,64,c2c,19,116,0,60000,317.7055,317.7055,317.7055
B,otro_nodo,0,64,c2c,19,117,0,60000,313.2930,313.2930,313.2930
B,otro_nodo,0,64,c2c,19,118,0,60000,319.4596,319.4596,319.4596
B,otro_nodo,0,64,c2c,19,119,0,60000,317.7840,317.7840,317.7840
B,otro_nodo,0,64,c2c,19,120,0,60000,322.2962,322.2962,322.2962
B,otro_nodo,0,64,c2c,19,121,0,60000,326.2632,326.2632,326.2632
B,otro_nodo,0,64,c2c,19,122,0,60000,313.3432,313.3432,313.3432
B,otro_nodo,0,64,c2c,19,123,0,60000,319.0828,319.0828,319.0828
B,otro_nodo,0,64,c2c,19,124,0,60000,310.8022,310.8022,310.8022
B,otro_nodo,0,64,c2c,19,125,0,60000,315.5037,315.5037,315.5037
B,otro_nodo,0,64,c2c,19,126,0,60000,324.6025,324.6025,324.6025
B,otro_nodo,0,64,c2c,19,127,0,60000,314.9562,314.9562,314.9562
B,mismo_ccd,0,64,c2c,20,21,0,60000,27.2162,27.2162,27.2162
B,mismo_ccd,0,64,c2c,20,22,0,60000,27.1798,27.1798,27.1798
B,mismo_ccd,0,64,c2c,20,23,0,60000,27.1805,27.1805,27.1805
B,otro_ccd,0,64,c2c,20,24,0,60000,170.3333,170.3333,170.3333
B,otro_ccd,0,64,c2c,20,25,0,60000,163.6499,163.6499,163.6499
B,otro_ccd,0,64,c2c,20,26,0,60000,170.6310,170.6310,170.6310
B,otro_ccd,0,64,c2c,20,27,0,60000,169.3451,169.3451,169.3451
B,otro_ccd,0,64,c2c,20,28,0,60000,163.0585,163.0585,163.0585
B,otro_ccd,0,64,c2c,20,29,0,60000,150.0920,150.0920,150.0920
B,otro_ccd,0,64,c2c,20,30,0,60000,153.5897,153.5897,153.5897
B,otro_ccd,0,64,c2c,20,31,0,60000,164.8947,164.8947,164.8947
B,otro_ccd,0,64,c2c,20,32,0,60000,129.3128,129.3128,129.3128
B,otro_ccd,0,64,c2c,20,33,0,60000,185.9285,185.9285,185.9285
B,otro_ccd,0,64,c2c,20,34,0,60000,191.7393,191.7393,191.7393
B,otro_ccd,0,64,c2c,20,35,0,60000,189.8109,189.8109,189.8109
B,otro_ccd,0,64,c2c,20,36,0,60000,184.4822,184.4822,184.4822
B,otro_ccd,0,64,c2c,20,37,0,60000,185.4544,185.4544,185.4544
B,otro_ccd,0,64,c2c,20,38,0,60000,188.4969,188.4969,188.4969
B,otro_ccd,0,64,c2c,20,39,0,60000,184.9353,184.9353,184.9353
B,otro_ccd,0,64,c2c,20,40,0,60000,189.7284,189.7284,189.7284
B,otro_ccd,0,64,c2c,20,41,0,60000,186.2575,186.2575,186.2575
B,otro_ccd,0,64,c2c,20,42,0,60000,193.8783,193.8783,193.8783
B,otro_ccd,0,64,c2c,20,43,0,60000,187.7768,187.7768,187.7768
B,otro_ccd,0,64,c2c,20,44,0,60000,190.0399,190.0399,190.0399
B,otro_ccd,0,64,c2c,20,45,0,60000,185.6905,185.6905,185.6905
B,otro_ccd,0,64,c2c,20,46,0,60000,187.1552,187.1552,187.1552
B,otro_ccd,0,64,c2c,20,47,0,60000,188.9445,188.9445,188.9445
B,otro_ccd,0,64,c2c,20,48,0,60000,191.7261,191.7261,191.7261
B,otro_ccd,0,64,c2c,20,49,0,60000,187.0897,187.0897,187.0897
B,otro_ccd,0,64,c2c,20,50,0,60000,194.8295,194.8295,194.8295
B,otro_ccd,0,64,c2c,20,51,0,60000,190.0326,190.0326,190.0326
B,otro_ccd,0,64,c2c,20,52,0,60000,187.9736,187.9736,187.9736
B,otro_ccd,0,64,c2c,20,53,0,60000,185.3458,185.3458,185.3458
B,otro_ccd,0,64,c2c,20,54,0,60000,188.4978,188.4978,188.4978
B,otro_ccd,0,64,c2c,20,55,0,60000,188.5582,188.5582,188.5582
B,otro_ccd,0,64,c2c,20,56,0,60000,189.9059,189.9059,189.9059
B,otro_ccd,0,64,c2c,20,57,0,60000,186.0971,186.0971,186.0971
B,otro_ccd,0,64,c2c,20,58,0,60000,194.4528,194.4528,194.4528
B,otro_ccd,0,64,c2c,20,59,0,60000,188.3582,188.3582,188.3582
B,otro_ccd,0,64,c2c,20,60,0,60000,190.2744,190.2744,190.2744
B,otro_ccd,0,64,c2c,20,61,0,60000,186.1534,186.1534,186.1534
B,otro_ccd,0,64,c2c,20,62,0,60000,186.7179,186.7179,186.7179
B,otro_ccd,0,64,c2c,20,63,0,60000,187.6160,187.6160,187.6160
B,otro_nodo,0,64,c2c,20,64,0,60000,335.5651,335.5651,335.5651
B,otro_nodo,0,64,c2c,20,65,0,60000,324.9648,324.9648,324.9648
B,otro_nodo,0,64,c2c,20,66,0,60000,331.1689,331.1689,331.1689
B,otro_nodo,0,64,c2c,20,67,0,60000,331.7816,331.7816,331.7816
B,otro_nodo,0,64,c2c,20,68,0,60000,327.9636,327.9636,327.9636
B,otro_nodo,0,64,c2c,20,69,0,60000,328.4894,328.4894,328.4894
B,otro_nodo,0,64,c2c,20,70,0,60000,331.3930,331.3930,331.3930
B,otro_nodo,0,64,c2c,20,71,0,60000,326.5592,326.5592,326.5592
B,otro_nodo,0,64,c2c,20,72,0,60000,332.8787,332.8787,332.8787
B,otro_nodo,0,64,c2c,20,73,0,60000,322.8079,322.8079,322.8079
B,otro_nodo,0,64,c2c,20,74,0,60000,333.4532,333.4532,333.4532
B,otro_nodo,0,64,c2c,20,75,0,60000,332.4827,332.4827,332.4827
B,otro_nodo,0,64,c2c,20,76,0,60000,327.3742,327.3742,327.3742
B,otro_nodo,0,64,c2c,20,77,0,60000,326.2382,326.2382,326.2382
B,otro_nodo,0,64,c2c,20,78,0,60000,329.5767,329.5767,329.5767
B,otro_nodo,0,64,c2c,20,79,0,60000,320.6101,320.6101,320.6101
B,otro_nodo,0,64,c2c,20,80,0,60000,337.6790,337.6790,337.6790
B,otro_nodo,0,64,c2c,20,81,0,60000,325.6859,325.6859,325.6859
B,otro_nodo,0,64,c2c,20,82,0,60000,332.0900,332.0900,332.0900
B,otro_nodo,0,64,c2c,20,83,0,60000,335.1571,335.1571,335.1571
B,otro_nodo,0,64,c2c,20,84,0,60000,323.2892,323.2892,323.2892
B,otro_nodo,0,64,c2c,20,85,0,60000,327.5821,327.5821,327.5821
B,otro_nodo,0,64,c2c,20,86,0,60000,322.8239,322.8239,322.8239
B,otro_nodo,0,64,c2c,20,87,0,60000,321.7880,321.7880,321.7880
B,otro_nodo,0,64,c2c,20,88,0,60000,324.3179,324.3179,324.3179
B,otro_nodo,0,64,c2c,20,89,0,60000,313.4618,313.4618,313.4618
B,otro_nodo,0,64,c2c,20,90,0,60000,323.4897,323.4897,323.4897
B,otro_nodo,0,64,c2c,20,91,0,60000,323.2549,323.2549,323.2549
B,otro_nodo,0,64,c2c,20,92,0,60000,320.4101,320.4101,320.4101
B,otro_nodo,0,64,c2c,20,93,0,60000,324.9718,324.9718,324.9718
B,otro_nodo,0,64,c2c,20,94,0,60000,323.7293,323.7293,323.7293
B,otro_nodo,0,64,c2c,20,95,0,60000,320.5458,320.5458,320.5458
B,otro_nodo,0,64,c2c,20,96,0,60000,328.0690,328.0690,328.0690
B,otro_nodo,0,64,c2c,20,97,0,60000,315.4463,315.4463,315.4463
B,otro_nodo,0,64,c2c,20,98,0,60000,325.2602,325.2602,325.2602
B,otro_nodo,0,64,c2c,20,99,0,60000,323.4070,323.4070,323.4070
B,otro_nodo,0,64,c2c,20,100,0,60000,317.7443,317.7443,317.7443
B,otro_nodo,0,64,c2c,20,101,0,60000,318.7313,318.7313,318.7313
B,otro_nodo,0,64,c2c,20,102,0,60000,319.4273,319.4273,319.4273
B,otro_nodo,0,64,c2c,20,103,0,60000,318.5969,318.5969,318.5969
B,otro_nodo,0,64,c2c,20,104,0,60000,323.8059,323.8059,323.8059
B,otro_nodo,0,64,c2c,20,105,0,60000,313.0777,313.0777,313.0777
B,otro_nodo,0,64,c2c,20,106,0,60000,320.7544,320.7544,320.7544
B,otro_nodo,0,64,c2c,20,107,0,60000,325.8252,325.8252,325.8252
B,otro_nodo,0,64,c2c,20,108,0,60000,313.8331,313.8331,313.8331
B,otro_nodo,0,64,c2c,20,109,0,60000,317.7122,317.7122,317.7122
B,otro_nodo,0,64,c2c,20,110,0,60000,322.7388,322.7388,322.7388
B,otro_nodo,0,64,c2c,20,111,0,60000,313.3423,313.3423,313.3423
B,otro_nodo,0,64,c2c,20,112,0,60000,329.5026,329.5026,329.5026
B,otro_nodo,0,64,c2c,20,113,0,60000,315.7451,315.7451,315.7451
B,otro_nodo,0,64,c2c,20,114,0,60000,323.3381,323.3381,323.3381
B,otro_nodo,0,64,c2c,20,115,0,60000,327.6204,327.6204,327.6204
B,otro_nodo,0,64,c2c,20,116,0,60000,323.3432,323.3432,323.3432
B,otro_nodo,0,64,c2c,20,117,0,60000,325.7043,325.7043,325.7043
B,otro_nodo,0,64,c2c,20,118,0,60000,327.4050,327.4050,327.4050
B,otro_nodo,0,64,c2c,20,119,0,60000,323.0177,323.0177,323.0177
B,otro_nodo,0,64,c2c,20,120,0,60000,325.1090,325.1090,325.1090
B,otro_nodo,0,64,c2c,20,121,0,60000,312.5244,312.5244,312.5244
B,otro_nodo,0,64,c2c,20,122,0,60000,322.4463,322.4463,322.4463
B,otro_nodo,0,64,c2c,20,123,0,60000,325.2479,325.2479,325.2479
B,otro_nodo,0,64,c2c,20,124,0,60000,320.1031,320.1031,320.1031
B,otro_nodo,0,64,c2c,20,125,0,60000,327.3118,327.3118,327.3118
B,otro_nodo,0,64,c2c,20,126,0,60000,323.2082,323.2082,323.2082
B,otro_nodo,0,64,c2c,20,127,0,60000,328.1486,328.1486,328.1486
B,mismo_ccd,0,64,c2c,21,22,0,60000,27.0855,27.0855,27.0855
B,mismo_ccd,0,64,c2c,21,23,0,60000,27.3757,27.3757,27.3757
B,otro_ccd,0,64,c2c,21,24,0,60000,188.3067,188.3067,188.3067
B,otro_ccd,0,64,c2c,21,25,0,60000,200.5407,200.5407,200.5407
B,otro_ccd,0,64,c2c,21,26,0,60000,188.5850,188.5850,188.5850
B,otro_ccd,0,64,c2c,21,27,0,60000,198.7480,198.7480,198.7480
B,otro_ccd,0,64,c2c,21,28,0,60000,192.7332,192.7332,192.7332
B,otro_ccd,0,64,c2c,21,29,0,60000,196.3467,196.3467,196.3467
B,otro_ccd,0,64,c2c,21,30,0,60000,190.2877,190.2877,190.2877
B,otro_ccd,0,64,c2c,21,31,0,60000,190.7888,190.7888,190.7888
B,otro_ccd,0,64,c2c,21,32,0,60000,188.9907,188.9907,188.9907
B,otro_ccd,0,64,c2c,21,33,0,60000,187.9576,187.9576,187.9576
B,otro_ccd,0,64,c2c,21,34,0,60000,187.8451,187.8451,187.8451
B,otro_ccd,0,64,c2c,21,35,0,60000,188.4231,188.4231,188.4231
B,otro_ccd,0,64,c2c,21,36,0,60000,187.6828,187.6828,187.6828
B,otro_ccd,0,64,c2c,21,37,0,60000,196.4559,196.4559,196.4559
B,otro_ccd,0,64,c2c,21,38,0,60000,187.4502,187.4502,187.4502
B,otro_ccd,0,64,c2c,21,39,0,60000,190.3492,190.3492,190.3492
B,otro_ccd,0,64,c2c,21,40,0,60000,187.8853,187.8853,187.8853
B,otro_ccd,0,64,c2c,21,41,0,60000,186.7825,186.7825,186.7825
B,otro_ccd,0,64,c2c,21,42,0,60000,184.8155,184.8155,184.8155
B,otro_ccd,0,64,c2c,21,43,0,60000,199.3411,199.3411,199.3411
B,otro_ccd,0,64,c2c,21,44,0,60000,190.0830,190.0830,190.0830
B,otro_ccd,0,64,c2c,21,45,0,60000,191.1442,191.1442,191.1442
B,otro_ccd,0,64,c2c,21,46,0,60000,191.2761,191.2761,191.2761
B,otro_ccd,0,64,c2c,21,47,0,60000,186.2912,186.2912,186.2912
B,otro_ccd,0,64,c2c,21,48,0,60000,184.5691,184.5691,184.5691
B,otro_ccd,0,64,c2c,21,49,0,60000,203.6182,203.6182,203.6182
B,otro_ccd,0,64,c2c,21,50,0,60000,185.2625,185.2625,185.2625
B,otro_ccd,0,64,c2c,21,51,0,60000,201.8424,201.8424,201.8424
B,otro_ccd,0,64,c2c,21,52,0,60000,192.4858,192.4858,192.4858
B,otro_ccd,0,64,c2c,21,53,0,60000,184.4619,184.4619,184.4619
B,otro_ccd,0,64,c2c,21,54,0,60000,189.1330,189.1330,189.1330
B,otro_ccd,0,64,c2c,21,55,0,60000,187.5241,187.5241,187.5241
B,otro_ccd,0,64,c2c,21,56,0,60000,184.3415,184.3415,184.3415
B,otro_ccd,0,64,c2c,21,57,0,60000,202.8634,202.8634,202.8634
B,otro_ccd,0,64,c2c,21,58,0,60000,184.0915,184.0915,184.0915
B,otro_ccd,0,64,c2c,21,59,0,60000,199.0929,199.0929,199.0929
B,otro_ccd,0,64,c2c,21,60,0,60000,191.2568,191.2568,191.2568
B,otro_ccd,0,64,c2c,21,61,0,60000,191.3124,191.3124,191.3124
B,otro_ccd,0,64,c2c,21,62,0,60000,190.1517,190.1517,190.1517
B,otro_ccd,0,64,c2c,21,63,0,60000,188.6986,188.6986,188.6986
B,otro_nodo,0,64,c2c,21,64,0,60000,316.4308,316.4308,316.4308
B,otro_nodo,0,64,c2c,21,65,0,60000,324.0227,324.0227,324.0227
B,otro_nodo,0,64,c2c,21,66,0,60000,315.0981,315.0981,315.0981
B,otro_nodo,0,64,c2c,21,67,0,60000,326.1080,326.1080,326.1080
B,otro_nodo,0,64,c2c,21,68,0,60000,319.7197,319.7197,319.7197
B,otro_nodo,0,64,c2c,21,69,0,60000,324.8516,324.8516,324.8516
B,otro_nodo,0,64,c2c,21,70,0,60000,315.0714,315.0714,315.0714
B,otro_nodo,0,64,c2c,21,71,0,60000,319.2203,319.2203,319.2203
B,otro_nodo,0,64,c2c,21,72,0,60000,319.5362,319.5362,319.5362
B,otro_nodo,0,64,c2c,21,73,0,60000,323.0113,323.0113,323.0113
B,otro_nodo,0,64,c2c,21,74,0,60000,314.5775,314.5775,314.5775
B,otro_nodo,0,64,c2c,21,75,0,60000,329.9153,329.9153,329.9153
B,otro_nodo,0,64,c2c,21,76,0,60000,319.1145,319.1145,319.1145
B,otro_nodo,0,64,c2c,21,77,0,60000,323.0828,323.0828,323.0828
B,otro_nodo,0,64,c2c,21,78,0,60000,313.8972,313.8972,313.8972
B,otro_nodo,0,64,c2c,21,79,0,60000,318.3649,318.3649,318.3649
B,otro_nodo,0,64,c2c,21,80,0,60000,320.5009,320.5009,320.5009
B,otro_nodo,0,64,c2c,21,81,0,60000,330.6176,330.6176,330.6176
B,otro_nodo,0,64,c2c,21,82,0,60000,317.3198,317.3198,317.3198
B,otro_nodo,0,64,c2c,21,83,0,60000,329.7420,329.7420,329.7420
B,otro_nodo,0,64,c2c,21,84,0,60000,323.2288,323.2288,323.2288
B,otro_nodo,0,64,c2c,21,85,0,60000,325.2694,325.2694,325.2694
B,otro_nodo,0,64,c2c,21,86,0,60000,323.0926,323.0926,323.0926
B,otro_nodo,0,64,c2c,21,87,0,60000,326.8993,326.8993,326.8993
B,otro_nodo,0,64,c2c,21,88,0,60000,319.2263,319.2263,319.2263
B,otro_nodo,0,64,c2c,21,89,0,60000,325.7398,325.7398,325.7398
B,otro_nodo,0,64,c2c,21,90,0,60000,318.1744,318.1744,318.1744
B,otro_nodo,0,64,c2c,21,91,0,60000,323.7111,323.7111,323.7111
B,otro_nodo,0,64,c2c,21,92,0,60000,324.6807,324.6807,324.6807
B,otro_nodo,0,64,c2c,21,93,0,60000,325.1992,325.1992,325.1992
B,otro_nodo,0,64,c2c,21,94,0,60000,319.7718,319.7718,319.7718
B,otro_nodo,0,64,c2c,21,95,0,60000,325.0225,325.0225,325.0225
B,otro_nodo,0,64,c2c,21,96,0,60000,317.2235,317.2235,317.2235
B,otro_nodo,0,64,c2c,21,97,0,60000,322.0882,322.0882,322.0882
B,otro_nodo,0,64,c2c,21,98,0,60000,317.1774,317.1774,317.1774
B,otro_nodo,0,64,c2c,21,99,0,60000,326.4443,326.4443,326.4443
B,otro_nodo,0,64,c2c,21,100,0,60000,319.6019,319.6019,319.6019
B,otro_nodo,0,64,c2c,21,101,0,60000,325.0296,325.0296,325.0296
B,otro_nodo,0,64,c2c,21,102,0,60000,314.9641,314.9641,314.9641
B,otro_nodo,0,64,c2c,21,103,0,60000,321.2548,321.2548,321.2548
B,otro_nodo,0,64,c2c,21,104,0,60000,314.3697,314.3697,314.3697
B,otro_nodo,0,64,c2c,21,105,0,60000,323.6938,323.6938,323.6938
B,otro_nodo,0,64,c2c,21,106,0,60000,326.1671,326.1671,326.1671
B,otro_nodo,0,64,c2c,21,107,0,60000,335.9198,335.9198,335.9198
B,otro_nodo,0,64,c2c,21,108,0,60000,326.6943,326.6943,326.6943
B,otro_nodo,0,64,c2c,21,109,0,60000,336.6055,336.6055,336.6055
B,otro_nodo,0,64,c2c,21,110,0,60000,320.8812,320.8812,320.8812
B,otro_nodo,0,64,c2c,21,111,0,60000,329.6812,329.6812,329.6812
B,otro_nodo,0,64,c2c,21,112,0,60000,332.6961,332.6961,332.6961
B,otro_nodo,0,64,c2c,21,113,0,60000,341.3394,341.3394,341.3394
B,otro_nodo,0,64,c2c,21,114,0,60000,331.6964,331.6964,331.6964
B,otro_nodo,0,64,c2c,21,115,0,60000,337.4959,337.4959,337.4959
B,otro_nodo,0,64,c2c,21,116,0,60000,335.1262,335.1262,335.1262
B,otro_nodo,0,64,c2c,21,117,0,60000,339.4140,339.4140,339.4140
B,otro_nodo,0,64,c2c,21,118,0,60000,330.5459,330.5459,330.5459
B,otro_nodo,0,64,c2c,21,119,0,60000,334.0673,334.0673,334.0673
B,otro_nodo,0,64,c2c,21,120,0,60000,330.3626,330.3626,330.3626
B,otro_nodo,0,64,c2c,21,121,0,60000,333.6890,333.6890,333.6890
B,otro_nodo,0,64,c2c,21,122,0,60000,328.5763,328.5763,328.5763
B,otro_nodo,0,64,c2c,21,123,0,60000,336.0008,336.0008,336.0008
B,otro_nodo,0,64,c2c,21,124,0,60000,335.7074,335.7074,335.7074
B,otro_nodo,0,64,c2c,21,125,0,60000,334.8962,334.8962,334.8962
B,otro_nodo,0,64,c2c,21,126,0,60000,327.9702,327.9702,327.9702
B,otro_nodo,0,64,c2c,21,127,0,60000,325.0385,325.0385,325.0385
B,mismo_ccd,0,64,c2c,22,23,0,60000,27.3853,27.3853,27.3853
B,otro_ccd,0,64,c2c,22,24,0,60000,189.9480,189.9480,189.9480
B,otro_ccd,0,64,c2c,22,25,0,60000,188.9764,188.9764,188.9764
B,otro_ccd,0,64,c2c,22,26,0,60000,189.6379,189.6379,189.6379
B,otro_ccd,0,64,c2c,22,27,0,60000,192.4116,192.4116,192.4116
B,otro_ccd,0,64,c2c,22,28,0,60000,188.3581,188.3581,188.3581
B,otro_ccd,0,64,c2c,22,29,0,60000,189.8148,189.8148,189.8148
B,otro_ccd,0,64,c2c,22,30,0,60000,189.5176,189.5176,189.5176
B,otro_ccd,0,64,c2c,22,31,0,60000,190.0246,190.0246,190.0246
B,otro_ccd,0,64,c2c,22,32,0,60000,190.6121,190.6121,190.6121
B,otro_ccd,0,64,c2c,22,33,0,60000,179.7200,179.7200,179.7200
B,otro_ccd,0,64,c2c,22,34,0,60000,189.4319,189.4319,189.4319
B,otro_ccd,0,64,c2c,22,35,0,60000,192.2726,192.2726,192.2726
B,otro_ccd,0,64,c2c,22,36,0,60000,184.8967,184.8967,184.8967
B,otro_ccd,0,64,c2c,22,37,0,60000,188.2840,188.2840,188.2840
B,otro_ccd,0,64,c2c,22,38,0,60000,187.5829,187.5829,187.5829
B,otro_ccd,0,64,c2c,22,39,0,60000,183.4623,183.4623,183.4623
B,otro_ccd,0,64,c2c,22,40,0,60000,190.0328,190.0328,190.0328
B,otro_ccd,0,64,c2c,22,41,0,60000,179.2102,179.2102,179.2102
B,otro_ccd,0,64,c2c,22,42,0,60000,188.9647,188.9647,188.9647
B,otro_ccd,0,64,c2c,22,43,0,60000,192.0866,192.0866,192.0866
B,otro_ccd,0,64,c2c,22,44,0,60000,188.6207,188.6207,188.6207
B,otro_ccd,0,64,c2c,22,45,0,60000,185.1667,185.1667,185.1667
B,otro_ccd,0,64,c2c,22,46,0,60000,189.0129,189.0129,189.0129
B,otro_ccd,0,64,c2c,22,47,0,60000,189.9997,189.9997,189.9997
B,otro_ccd,0,64,c2c,22,48,0,60000,190.8985,190.8985,190.8985
B,otro_ccd,0,64,c2c,22,49,0,60000,180.6950,180.6950,180.6950
B,otro_ccd,0,64,c2c,22,50,0,60000,189.9682,189.9682,189.9682
B,otro_ccd,0,64,c2c,22,51,0,60000,193.1525,193.1525,193.1525
B,otro_ccd,0,64,c2c,22,52,0,60000,185.1856,185.1856,185.1856
B,otro_ccd,0,64,c2c,22,53,0,60000,187.9485,187.9485,187.9485
B,otro_ccd,0,64,c2c,22,54,0,60000,187.4827,187.4827,187.4827
B,otro_ccd,0,64,c2c,22,55,0,60000,185.0067,185.0067,185.0067
B,otro_ccd,0,64,c2c,22,56,0,60000,188.6221,188.6221,188.6221
B,otro_ccd,0,64,c2c,22,57,0,60000,180.0094,180.0094,180.0094
B,otro_ccd,0,64,c2c,22,58,0,60000,188.9271,188.9271,188.9271
B,otro_ccd,0,64,c2c,22,59,0,60000,191.0353,191.0353,191.0353
B,otro_ccd,0,64,c2c,22,60,0,60000,186.1760,186.1760,186.1760
B,otro_ccd,0,64,c2c,22,61,0,60000,189.4843,189.4843,189.4843
B,otro_ccd,0,64,c2c,22,62,0,60000,186.9915,186.9915,186.9915
B,otro_ccd,0,64,c2c,22,63,0,60000,186.2447,186.2447,186.2447
B,otro_nodo,0,64,c2c,22,64,0,60000,321.9721,321.9721,321.9721
B,otro_nodo,0,64,c2c,22,65,0,60000,313.8917,313.8917,313.8917
B,otro_nodo,0,64,c2c,22,66,0,60000,314.7525,314.7525,314.7525
B,otro_nodo,0,64,c2c,22,67,0,60000,319.6208,319.6208,319.6208
B,otro_nodo,0,64,c2c,22,68,0,60000,317.9880,317.9880,317.9880
B,otro_nodo,0,64,c2c,22,69,0,60000,315.2369,315.2369,315.2369
B,otro_nodo,0,64,c2c,22,70,0,60000,315.1409,315.1409,315.1409
B,otro_nodo,0,64,c2c,22,71,0,60000,319.6159,319.6159,319.6159
B,otro_nodo,0,64,c2c,22,72,0,60000,321.7167,321.7167,321.7167
B,otro_nodo,0,64,c2c,22,73,0,60000,312.2719,312.2719,312.2719
B,otro_nodo,0,64,c2c,22,74,0,60000,312.8731,312.8731,312.8731
B,otro_nodo,0,64,c2c,22,75,0,60000,320.7855,320.7855,320.7855
B,otro_nodo,0,64,c2c,22,76,0,60000,314.5981,314.5981,314.5981
B,otro_nodo,0,64,c2c,22,77,0,60000,315.1940,315.1940,315.1940
B,otro_nodo,0,64,c2c,22,78,0,60000,316.1631,316.1631,316.1631
B,otro_nodo,0,64,c2c,22,79,0,60000,316.4311,316.4311,316.4311
B,otro_nodo,0,64,c2c,22,80,0,60000,322.8247,322.8247,322.8247
B,otro_nodo,0,64,c2c,22,81,0,60000,317.2269,317.2269,317.2269
B,otro_nodo,0,64,c2c,22,82,0,60000,320.9213,320.9213,320.9213
B,otro_nodo,0,64,c2c,22,83,0,60000,323.7346,323.7346,323.7346
B,otro_nodo,0,64,c2c,22,84,0,60000,320.5110,320.5110,320.5110
B,otro_nodo,0,64,c2c,22,85,0,60000,320.0061,320.0061,320.0061
B,otro_nodo,0,64,c2c,22,86,0,60000,322.4285,322.4285,322.4285
B,otro_nodo,0,64,c2c,22,87,0,60000,325.8612,325.8612,325.8612
B,otro_nodo,0,64,c2c,22,88,0,60000,325.9562,325.9562,325.9562
B,otro_nodo,0,64,c2c,22,89,0,60000,314.8420,314.8420,314.8420
B,otro_nodo,0,64,c2c,22,90,0,60000,317.7346,317.7346,317.7346
B,otro_nodo,0,64,c2c,22,91,0,60000,327.7770,327.7770,327.7770
B,otro_nodo,0,64,c2c,22,92,0,60000,320.2257,320.2257,320.2257
B,otro_nodo,0,64,c2c,22,93,0,60000,318.1313,318.1313,318.1313
B,otro_nodo,0,64,c2c,22,94,0,60000,319.9872,319.9872,319.9872
B,otro_nodo,0,64,c2c,22,95,0,60000,323.2373,323.2373,323.2373
B,otro_nodo,0,64,c2c,22,96,0,60000,321.7648,321.7648,321.7648
B,otro_nodo,0,64,c2c,22,97,0,60000,315.9637,315.9637,315.9637
B,otro_nodo,0,64,c2c,22,98,0,60000,314.1083,314.1083,314.1083
B,otro_nodo,0,64,c2c,22,99,0,60000,320.4397,320.4397,320.4397
B,otro_nodo,0,64,c2c,22,100,0,60000,312.6374,312.6374,312.6374
B,otro_nodo,0,64,c2c,22,101,0,60000,315.4414,315.4414,315.4414
B,otro_nodo,0,64,c2c,22,102,0,60000,315.2059,315.2059,315.2059
B,otro_nodo,0,64,c2c,22,103,0,60000,318.9387,318.9387,318.9387
B,otro_nodo,0,64,c2c,22,104,0,60000,319.3444,319.3444,319.3444
B,otro_nodo,0,64,c2c,22,105,0,60000,315.3158,315.3158,315.3158
B,otro_nodo,0,64,c2c,22,106,0,60000,312.7857,312.7857,312.7857
B,otro_nodo,0,64,c2c,22,107,0,60000,319.4086,319.4086,319.4086
B,otro_nodo,0,64,c2c,22,108,0,60000,325.8075,325.8075,325.8075
B,otro_nodo,0,64,c2c,22,109,0,60000,325.5017,325.5017,325.5017
B,otro_nodo,0,64,c2c,22,110,0,60000,325.3945,325.3945,325.3945
B,otro_nodo,0,64,c2c,22,111,0,60000,325.9490,325.9490,325.9490
B,otro_nodo,0,64,c2c,22,112,0,60000,335.0702,335.0702,335.0702
B,otro_nodo,0,64,c2c,22,113,0,60000,330.4033,330.4033,330.4033
B,otro_nodo,0,64,c2c,22,114,0,60000,335.2947,335.2947,335.2947
B,otro_nodo,0,64,c2c,22,115,0,60000,333.6646,333.6646,333.6646
B,otro_nodo,0,64,c2c,22,116,0,60000,328.8557,328.8557,328.8557
B,otro_nodo,0,64,c2c,22,117,0,60000,333.5016,333.5016,333.5016
B,otro_nodo,0,64,c2c,22,118,0,60000,330.4240,330.4240,330.4240
B,otro_nodo,0,64,c2c,22,119,0,60000,335.5170,335.5170,335.5170
B,otro_nodo,0,64,c2c,22,120,0,60000,335.8652,335.8652,335.8652
B,otro_nodo,0,64,c2c,22,121,0,60000,322.1042,322.1042,322.1042
B,otro_nodo,0,64,c2c,22,122,0,60000,329.5800,329.5800,329.5800
B,otro_nodo,0,64,c2c,22,123,0,60000,333.5323,333.5323,333.5323
B,otro_nodo,0,64,c2c,22,124,0,60000,327.4890,327.4890,327.4890
B,otro_nodo,0,64,c2c,22,125,0,60000,332.9204,332.9204,332.9204
B,otro_nodo,0,64,c2c,22,126,0,60000,327.8792,327.8792,327.8792
B,otro_nodo,0,64,c2c,22,127,0,60000,330.7692,330.7692,330.7692
B,otro_ccd,0,64,c2c,23,24,0,60000,195.7731,195.7731,195.7731
B,otro_ccd,0,64,c2c,23,25,0,60000,185.7664,185.7664,185.7664
B,otro_ccd,0,64,c2c,23,26,0,60000,189.3447,189.3447,189.3447
B,otro_ccd,0,64,c2c,23,27,0,60000,190.7023,190.7023,190.7023
B,otro_ccd,0,64,c2c,23,28,0,60000,189.1492,189.1492,189.1492
B,otro_ccd,0,64,c2c,23,29,0,60000,188.6862,188.6862,188.6862
B,otro_ccd,0,64,c2c,23,30,0,60000,188.8302,188.8302,188.8302
B,otro_ccd,0,64,c2c,23,31,0,60000,190.4232,190.4232,190.4232
B,otro_ccd,0,64,c2c,23,32,0,60000,192.9253,192.9253,192.9253
B,otro_ccd,0,64,c2c,23,33,0,60000,185.1813,185.1813,185.1813
B,otro_ccd,0,64,c2c,23,34,0,60000,189.2245,189.2245,189.2245
B,otro_ccd,0,64,c2c,23,35,0,60000,190.3324,190.3324,190.3324
B,otro_ccd,0,64,c2c,23,36,0,60000,181.9440,181.9440,181.9440
B,otro_ccd,0,64,c2c,23,37,0,60000,188.1659,188.1659,188.1659
B,otro_ccd,0,64,c2c,23,38,0,60000,189.3582,189.3582,189.3582
B,otro_ccd,0,64,c2c,23,39,0,60000,189.5810,189.5810,189.5810
B,otro_ccd,0,64,c2c,23,40,0,60000,193.0248,193.0248,193.0248
B,otro_ccd,0,64,c2c,23,41,0,60000,185.3221,185.3221,185.3221
B,otro_ccd,0,64,c2c,23,42,0,60000,189.5439,189.5439,189.5439
B,otro_ccd,0,64,c2c,23,43,0,60000,190.5827,190.5827,190.5827
B,otro_ccd,0,64,c2c,23,44,0,60000,186.9051,186.9051,186.9051
B,otro_ccd,0,64,c2c,23,45,0,60000,187.6507,187.6507,187.6507
B,otro_ccd,0,64,c2c,23,46,0,60000,184.5635,184.5635,184.5635
B,otro_ccd,0,64,c2c,23,47,0,60000,186.1889,186.1889,186.1889
B,otro_ccd,0,64,c2c,23,48,0,60000,189.1384,189.1384,189.1384
B,otro_ccd,0,64,c2c,23,49,0,60000,185.2766,185.2766,185.2766
B,otro_ccd,0,64,c2c,23,50,0,60000,187.0279,187.0279,187.0279
B,otro_ccd,0,64,c2c,23,51,0,60000,183.1466,183.1466,183.1466
B,otro_ccd,0,64,c2c,23,52,0,60000,181.8340,181.8340,181.8340
B,otro_ccd,0,64,c2c,23,53,0,60000,181.7783,181.7783,181.7783
B,otro_ccd,0,64,c2c,23,54,0,60000,189.7084,189.7084,189.7084
B,otro_ccd,0,64,c2c,23,55,0,60000,188.6599,188.6599,188.6599
B,otro_ccd,0,64,c2c,23,56,0,60000,187.5264,187.5264,187.5264
B,otro_ccd,0,64,c2c,23,57,0,60000,184.5981,184.5981,184.5981
B,otro_ccd,0,64,c2c,23,58,0,60000,187.2931,187.2931,187.2931
B,otro_ccd,0,64,c2c,23,59,0,60000,186.1876,186.1876,186.1876
B,otro_ccd,0,64,c2c,23,60,0,60000,188.4670,188.4670,188.4670
B,otro_ccd,0,64,c2c,23,61,0,60000,181.0551,181.0551,181.0551
B,otro_ccd,0,64,c2c,23,62,0,60000,188.4234,188.4234,188.4234
B,otro_ccd,0,64,c2c,23,63,0,60000,189.2300,189.2300,189.2300
B,otro_nodo,0,64,c2c,23,64,0,60000,333.4357,333.4357,333.4357
B,otro_nodo,0,64,c2c,23,65,0,60000,313.7865,313.7865,313.7865
B,otro_nodo,0,64,c2c,23,66,0,60000,326.4561,326.4561,326.4561
B,otro_nodo,0,64,c2c,23,67,0,60000,328.7578,328.7578,328.7578
B,otro_nodo,0,64,c2c,23,68,0,60000,338.4522,338.4522,338.4522
B,otro_nodo,0,64,c2c,23,69,0,60000,339.2779,339.2779,339.2779
B,otro_nodo,0,64,c2c,23,70,0,60000,333.2843,333.2843,333.2843
B,otro_nodo,0,64,c2c,23,71,0,60000,338.8956,338.8956,338.8956
B,otro_nodo,0,64,c2c,23,72,0,60000,336.1118,336.1118,336.1118
B,otro_nodo,0,64,c2c,23,73,0,60000,326.0475,326.0475,326.0475
B,otro_nodo,0,64,c2c,23,74,0,60000,333.6920,333.6920,333.6920
B,otro_nodo,0,64,c2c,23,75,0,60000,314.6413,314.6413,314.6413
B,otro_nodo,0,64,c2c,23,76,0,60000,317.9664,317.9664,317.9664
B,otro_nodo,0,64,c2c,23,77,0,60000,318.9545,318.9545,318.9545
B,otro_nodo,0,64,c2c,23,78,0,60000,318.5630,318.5630,318.5630
B,otro_nodo,0,64,c2c,23,79,0,60000,318.1503,318.1503,318.1503
B,otro_nodo,0,64,c2c,23,80,0,60000,324.0628,324.0628,324.0628
B,otro_nodo,0,64,c2c,23,81,0,60000,326.6317,326.6317,326.6317
B,otro_nodo,0,64,c2c,23,82,0,60000,323.2740,323.2740,323.2740
B,otro_nodo,0,64,c2c,23,83,0,60000,323.1598,323.1598,323.1598
B,otro_nodo,0,64,c2c,23,84,0,60000,320.9209,320.9209,320.9209
B,otro_nodo,0,64,c2c,23,85,0,60000,323.1162,323.1162,323.1162
B,otro_nodo,0,64,c2c,23,86,0,60000,326.3583,326.3583,326.3583
B,otro_nodo,0,64,c2c,23,87,0,60000,327.0011,327.0011,327.0011
B,otro_nodo,0,64,c2c,23,88,0,60000,322.3376,322.3376,322.3376
B,otro_nodo,0,64,c2c,23,89,0,60000,326.3772,326.3772,326.3772
B,otro_nodo,0,64,c2c,23,90,0,60000,321.8606,321.8606,321.8606
B,otro_nodo,0,64,c2c,23,91,0,60000,322.2345,322.2345,322.2345
B,otro_nodo,0,64,c2c,23,92,0,60000,321.4031,321.4031,321.4031
B,otro_nodo,0,64,c2c,23,93,0,60000,324.8562,324.8562,324.8562
B,otro_nodo,0,64,c2c,23,94,0,60000,325.9668,325.9668,325.9668
B,otro_nodo,0,64,c2c,23,95,0,60000,326.2738,326.2738,326.2738
B,otro_nodo,0,64,c2c,23,96,0,60000,327.0589,327.0589,327.0589
B,otro_nodo,0,64,c2c,23,97,0,60000,320.2384,320.2384,320.2384
B,otro_nodo,0,64,c2c,23,98,0,60000,321.8512,321.8512,321.8512
B,otro_nodo,0,64,c2c,23,99,0,60000,317.4144,317.4144,317.4144
B,otro_nodo,0,64,c2c,23,100,0,60000,321.2498,321.2498,321.2498
B,otro_nodo,0,64,c2c,23,101,0,60000,321.6017,321.6017,321.6017
B,otro_nodo,0,64,c2c,23,102,0,60000,319.7169,319.7169,319.7169
B,otro_nodo,0,64,c2c,23,103,0,60000,318.9758,318.9758,318.9758
B,otro_nodo,0,64,c2c,23,104,0,60000,323.9307,323.9307,323.9307
B,otro_nodo,0,64,c2c,23,105,0,60000,317.9998,317.9998,317.9998
B,otro_nodo,0,64,c2c,23,106,0,60000,320.4845,320.4845,320.4845
B,otro_nodo,0,64,c2c,23,107,0,60000,317.0284,317.0284,317.0284
B,otro_nodo,0,64,c2c,23,108,0,60000,318.5443,318.5443,318.5443
B,otro_nodo,0,64,c2c,23,109,0,60000,320.2082,320.2082,320.2082
B,otro_nodo,0,64,c2c,23,110,0,60000,318.3570,318.3570,318.3570
B,otro_nodo,0,64,c2c,23,111,0,60000,318.4038,318.4038,318.4038
B,otro_nodo,0,64,c2c,23,112,0,60000,326.8174,326.8174,326.8174
B,otro_nodo,0,64,c2c,23,113,0,60000,325.0419,325.0419,325.0419
B,otro_nodo,0,64,c2c,23,114,0,60000,324.9347,324.9347,324.9347
B,otro_nodo,0,64,c2c,23,115,0,60000,329.0880,329.0880,329.0880
B,otro_nodo,0,64,c2c,23,116,0,60000,327.5114,327.5114,327.5114
B,otro_nodo,0,64,c2c,23,117,0,60000,325.2280,325.2280,325.2280
B,otro_nodo,0,64,c2c,23,118,0,60000,325.8416,325.8416,325.8416
B,otro_nodo,0,64,c2c,23,119,0,60000,326.3575,326.3575,326.3575
B,otro_nodo,0,64,c2c,23,120,0,60000,322.0729,322.0729,322.0729
B,otro_nodo,0,64,c2c,23,121,0,60000,328.4629,328.4629,328.4629
B,otro_nodo,0,64,c2c,23,122,0,60000,326.5618,326.5618,326.5618
B,otro_nodo,0,64,c2c,23,123,0,60000,323.3116,323.3116,323.3116
B,otro_nodo,0,64,c2c,23,124,0,60000,326.2398,326.2398,326.2398
B,otro_nodo,0,64,c2c,23,125,0,60000,328.8543,328.8543,328.8543
B,otro_nodo,0,64,c2c,23,126,0,60000,327.9681,327.9681,327.9681
B,otro_nodo,0,64,c2c,23,127,0,60000,321.3069,321.3069,321.3069
B,mismo_ccd,0,64,c2c,24,25,0,60000,28.6301,28.6301,28.6301
B,mismo_ccd,0,64,c2c,24,26,0,60000,27.0705,27.0705,27.0705
B,mismo_ccd,0,64,c2c,24,27,0,60000,27.4461,27.4461,27.4461
B,mismo_ccd,0,64,c2c,24,28,0,60000,27.0296,27.0296,27.0296
B,mismo_ccd,0,64,c2c,24,29,0,60000,27.1718,27.1718,27.1718
B,mismo_ccd,0,64,c2c,24,30,0,60000,26.9829,26.9829,26.9829
B,mismo_ccd,0,64,c2c,24,31,0,60000,27.4922,27.4922,27.4922
B,otro_ccd,0,64,c2c,24,32,0,60000,128.4560,128.4560,128.4560
B,otro_ccd,0,64,c2c,24,33,0,60000,184.2784,184.2784,184.2784
B,otro_ccd,0,64,c2c,24,34,0,60000,187.4353,187.4353,187.4353
B,otro_ccd,0,64,c2c,24,35,0,60000,184.8417,184.8417,184.8417
B,otro_ccd,0,64,c2c,24,36,0,60000,176.2674,176.2674,176.2674
B,otro_ccd,0,64,c2c,24,37,0,60000,185.7706,185.7706,185.7706
B,otro_ccd,0,64,c2c,24,38,0,60000,191.5760,191.5760,191.5760
B,otro_ccd,0,64,c2c,24,39,0,60000,185.0194,185.0194,185.0194
B,otro_ccd,0,64,c2c,24,40,0,60000,189.2267,189.2267,189.2267
B,otro_ccd,0,64,c2c,24,41,0,60000,198.5394,198.5394,198.5394
B,otro_ccd,0,64,c2c,24,42,0,60000,177.1248,177.1248,177.1248
B,otro_ccd,0,64,c2c,24,43,0,60000,188.0413,188.0413,188.0413
B,otro_ccd,0,64,c2c,24,44,0,60000,176.0888,176.0888,176.0888
B,otro_ccd,0,64,c2c,24,45,0,60000,183.5491,183.5491,183.5491
B,otro_ccd,0,64,c2c,24,46,0,60000,188.6330,188.6330,188.6330
B,otro_ccd,0,64,c2c,24,47,0,60000,182.2482,182.2482,182.2482
B,otro_ccd,0,64,c2c,24,48,0,60000,188.6225,188.6225,188.6225
B,otro_ccd,0,64,c2c,24,49,0,60000,188.5100,188.5100,188.5100
B,otro_ccd,0,64,c2c,24,50,0,60000,185.7456,185.7456,185.7456
B,otro_ccd,0,64,c2c,24,51,0,60000,187.4984,187.4984,187.4984
B,otro_ccd,0,64,c2c,24,52,0,60000,183.6590,183.6590,183.6590
B,otro_ccd,0,64,c2c,24,53,0,60000,188.8375,188.8375,188.8375
B,otro_ccd,0,64,c2c,24,54,0,60000,187.5607,187.5607,187.5607
B,otro_ccd,0,64,c2c,24,55,0,60000,189.0626,189.0626,189.0626
B,otro_ccd,0,64,c2c,24,56,0,60000,187.7523,187.7523,187.7523
B,otro_ccd,0,64,c2c,24,57,0,60000,188.2746,188.2746,188.2746
B,otro_ccd,0,64,c2c,24,58,0,60000,177.4596,177.4596,177.4596
B,otro_ccd,0,64,c2c,24,59,0,60000,189.4581,189.4581,189.4581
B,otro_ccd,0,64,c2c,24,60,0,60000,175.4949,175.4949,175.4949
B,otro_ccd,0,64,c2c,24,61,0,60000,186.9099,186.9099,186.9099
B,otro_ccd,0,64,c2c,24,62,0,60000,188.7596,188.7596,188.7596
B,otro_ccd,0,64,c2c,24,63,0,60000,187.3696,187.3696,187.3696
B,otro_nodo,0,64,c2c,24,64,0,60000,317.7043,317.7043,317.7043
B,otro_nodo,0,64,c2c,24,65,0,60000,326.5908,326.5908,326.5908
B,otro_nodo,0,64,c2c,24,66,0,60000,309.9736,309.9736,309.9736
B,otro_nodo,0,64,c2c,24,67,0,60000,317.5715,317.5715,317.5715
B,otro_nodo,0,64,c2c,24,68,0,60000,308.5190,308.5190,308.5190
B,otro_nodo,0,64,c2c,24,69,0,60000,314.2600,314.2600,314.2600
B,otro_nodo,0,64,c2c,24,70,0,60000,317.3083,317.3083,317.3083
B,otro_nodo,0,64,c2c,24,71,0,60000,312.9268,312.9268,312.9268
B,otro_nodo,0,64,c2c,24,72,0,60000,316.8834,316.8834,316.8834
B,otro_nodo,0,64,c2c,24,73,0,60000,326.6866,326.6866,326.6866
B,otro_nodo,0,64,c2c,24,74,0,60000,305.8721,305.8721,305.8721
B,otro_nodo,0,64,c2c,24,75,0,60000,317.2322,317.2322,317.2322
B,otro_nodo,0,64,c2c,24,76,0,60000,307.3806,307.3806,307.3806
B,otro_nodo,0,64,c2c,24,77,0,60000,312.1629,312.1629,312.1629
B,otro_nodo,0,64,c2c,24,78,0,60000,316.7801,316.7801,316.7801
B,otro_nodo,0,64,c2c,24,79,0,60000,311.8313,311.8313,311.8313
B,otro_nodo,0,64,c2c,24,80,0,60000,320.4785,320.4785,320.4785
B,otro_nodo,0,64,c2c,24,81,0,60000,328.6508,328.6508,328.6508
B,otro_nodo,0,64,c2c,24,82,0,60000,316.4383,316.4383,316.4383
B,otro_nodo,0,64,c2c,24,83,0,60000,319.6383,319.6383,319.6383
B,otro_nodo,0,64,c2c,24,84,0,60000,316.2157,316.2157,316.2157
B,otro_nodo,0,64,c2c,24,85,0,60000,318.9189,318.9189,318.9189
B,otro_nodo,0,64,c2c,24,86,0,60000,320.6804,320.6804,320.6804
B,otro_nodo,0,64,c2c,24,87,0,60000,319.3722,319.3722,319.3722
B,otro_nodo,0,64,c2c,24,88,0,60000,319.9734,319.9734,319.9734
B,otro_nodo,0,64,c2c,24,89,0,60000,325.3518,325.3518,325.3518
B,otro_nodo,0,64,c2c,24,90,0,60000,319.0085,319.0085,319.0085
B,otro_nodo,0,64,c2c,24,91,0,60000,319.9770,319.9770,319.9770
B,otro_nodo,0,64,c2c,24,92,0,60000,314.7101,314.7101,314.7101
B,otro_nodo,0,64,c2c,24,93,0,60000,318.8542,318.8542,318.8542
B,otro_nodo,0,64,c2c,24,94,0,60000,318.8392,318.8392,318.8392
B,otro_nodo,0,64,c2c,24,95,0,60000,316.9756,316.9756,316.9756
B,otro_nodo,0,64,c2c,24,96,0,60000,318.3005,318.3005,318.3005
B,otro_nodo,0,64,c2c,24,97,0,60000,324.3299,324.3299,324.3299
B,otro_nodo,0,64,c2c,24,98,0,60000,314.0531,314.0531,314.0531
B,otro_nodo,0,64,c2c,24,99,0,60000,317.3557,317.3557,317.3557
B,otro_nodo,0,64,c2c,24,100,0,60000,316.5165,316.5165,316.5165
B,otro_nodo,0,64,c2c,24,101,0,60000,320.5705,320.5705,320.5705
B,otro_nodo,0,64,c2c,24,102,0,60000,329.6972,329.6972,329.6972
B,otro_nodo,0,64,c2c,24,103,0,60000,317.9112,317.9112,317.9112
B,otro_nodo,0,64,c2c,24,104,0,60000,327.8542,327.8542,327.8542
B,otro_nodo,0,64,c2c,24,105,0,60000,329.8345,329.8345,329.8345
B,otro_nodo,0,64,c2c,24,106,0,60000,313.6626,313.6626,313.6626
B,otro_nodo,0,64,c2c,24,107,0,60000,329.2522,329.2522,329.2522
B,otro_nodo,0,64,c2c,24,108,0,60000,316.2308,316.2308,316.2308
B,otro_nodo,0,64,c2c,24,109,0,60000,316.6234,316.6234,316.6234
B,otro_nodo,0,64,c2c,24,110,0,60000,330.0012,330.0012,330.0012
B,otro_nodo,0,64,c2c,24,111,0,60000,317.6397,317.6397,317.6397
B,otro_nodo,0,64,c2c,24,112,0,60000,335.9729,335.9729,335.9729
B,otro_nodo,0,64,c2c,24,113,0,60000,344.2596,344.2596,344.2596
B,otro_nodo,0,64,c2c,24,114,0,60000,321.8803,321.8803,321.8803
B,otro_nodo,0,64,c2c,24,115,0,60000,334.6244,334.6244,334.6244
B,otro_nodo,0,64,c2c,24,116,0,60000,323.1409,323.1409,323.1409
B,otro_nodo,0,64,c2c,24,117,0,60000,323.2655,323.2655,323.2655
B,otro_nodo,0,64,c2c,24,118,0,60000,334.3606,334.3606,334.3606
B,otro_nodo,0,64,c2c,24,119,0,60000,322.2279,322.2279,322.2279
B,otro_nodo,0,64,c2c,24,120,0,60000,336.0307,336.0307,336.0307
B,otro_nodo,0,64,c2c,24,121,0,60000,339.7634,339.7634,339.7634
B,otro_nodo,0,64,c2c,24,122,0,60000,314.8364,314.8364,314.8364
B,otro_nodo,0,64,c2c,24,123,0,60000,325.7247,325.7247,325.7247
B,otro_nodo,0,64,c2c,24,124,0,60000,313.8369,313.8369,313.8369
B,otro_nodo,0,64,c2c,24,125,0,60000,315.8973,315.8973,315.8973
B,otro_nodo,0,64,c2c,24,126,0,60000,323.8135,323.8135,323.8135
B,otro_nodo,0,64,c2c,24,127,0,60000,314.1009,314.1009,314.1009
B,mismo_ccd,0,64,c2c,25,26,0,60000,27.3851,27.3851,27.3851
B,mismo_ccd,0,64,c2c,25,27,0,60000,27.4897,27.4897,27.4897
B,mismo_ccd,0,64,c2c,25,28,0,60000,27.2578,27.2578,27.2578
B,mismo_ccd,0,64,c2c,25,29,0,60000,27.1834,27.1834,27.1834
B,mismo_ccd,0,64,c2c,25,30,0,60000,27.6343,27.6343,27.6343
B,mismo_ccd,0,64,c2c,25,31,0,60000,27.2661,27.2661,27.2661
B,otro_ccd,0,64,c2c,25,32,0,60000,204.9277,204.9277,204.9277
B,otro_ccd,0,64,c2c,25,33,0,60000,172.7516,172.7516,172.7516
B,otro_ccd,0,64,c2c,25,34,0,60000,189.5137,189.5137,189.5137
B,otro_ccd,0,64,c2c,25,35,0,60000,195.0932,195.0932,195.0932
B,otro_ccd,0,64,c2c,25,36,0,60000,185.7092,185.7092,185.7092
B,otro_ccd,0,64,c2c,25,37,0,60000,189.7229,189.7229,189.7229
B,otro_ccd,0,64,c2c,25,38,0,60000,187.1399,187.1399,187.1399
B,otro_ccd,0,64,c2c,25,39,0,60000,186.0638,186.0638,186.0638
B,otro_ccd,0,64,c2c,25,40,0,60000,199.5018,199.5018,199.5018
B,otro_ccd,0,64,c2c,25,41,0,60000,171.9976,171.9976,171.9976
B,otro_ccd,0,64,c2c,25,42,0,60000,184.3229,184.3229,184.3229
B,otro_ccd,0,64,c2c,25,43,0,60000,188.5446,188.5446,188.5446
B,otro_ccd,0,64,c2c,25,44,0,60000,186.1789,186.1789,186.1789
B,otro_ccd,0,64,c2c,25,45,0,60000,186.6959,186.6959,186.6959
B,otro_ccd,0,64,c2c,25,46,0,60000,186.8594,186.8594,186.8594
B,otro_ccd,0,64,c2c,25,47,0,60000,186.1360,186.1360,186.1360
B,otro_ccd,0,64,c2c,25,48,0,60000,187.4689,187.4689,187.4689
B,otro_ccd,0,64,c2c,25,49,0,60000,172.7056,172.7056,172.7056
B,otro_ccd,0,64,c2c,25,50,0,60000,184.2095,184.2095,184.2095
B,otro_ccd,0,64,c2c,25,51,0,60000,190.0049,190.0049,190.0049
B,otro_ccd,0,64,c2c,25,52,0,60000,185.4521,185.4521,185.4521
B,otro_ccd,0,64,c2c,25,53,0,60000,186.7693,186.7693,186.7693
B,otro_ccd,0,64,c2c,25,54,0,60000,186.2397,186.2397,186.2397
B,otro_ccd,0,64,c2c,25,55,0,60000,185.4015,185.4015,185.4015
B,otro_ccd,0,64,c2c,25,56,0,60000,183.0203,183.0203,183.0203
B,otro_ccd,0,64,c2c,25,57,0,60000,172.2367,172.2367,172.2367
B,otro_ccd,0,64,c2c,25,58,0,60000,183.8440,183.8440,183.8440
B,otro_ccd,0,64,c2c,25,59,0,60000,188.6255,188.6255,188.6255
B,otro_ccd,0,64,c2c,25,60,0,60000,185.9758,185.9758,185.9758
B,otro_ccd,0,64,c2c,25,61,0,60000,186.7026,186.7026,186.7026
B,otro_ccd,0,64,c2c,25,62,0,60000,188.4831,188.4831,188.4831
B,otro_ccd,0,64,c2c,25,63,0,60000,188.8176,188.8176,188.8176
B,otro_nodo,0,64,c2c,25,64,0,60000,323.4234,323.4234,323.4234
B,otro_nodo,0,64,c2c,25,65,0,60000,306.2038,306.2038,306.2038
B,otro_nodo,0,64,c2c,25,66,0,60000,316.0005,316.0005,316.0005
B,otro_nodo,0,64,c2c,25,67,0,60000,318.6520,318.6520,318.6520
B,otro_nodo,0,64,c2c,25,68,0,60000,318.9388,318.9388,318.9388
B,otro_nodo,0,64,c2c,25,69,0,60000,314.4611,314.4611,314.4611
B,otro_nodo,0,64,c2c,25,70,0,60000,315.5713,315.5713,315.5713
B,otro_nodo,0,64,c2c,25,71,0,60000,317.8017,317.8017,317.8017
B,otro_nodo,0,64,c2c,25,72,0,60000,323.0488,323.0488,323.0488
B,otro_nodo,0,64,c2c,25,73,0,60000,306.1642,306.1642,306.1642
B,otro_nodo,0,64,c2c,25,74,0,60000,315.5146,315.5146,315.5146
B,otro_nodo,0,64,c2c,25,75,0,60000,319.2732,319.2732,319.2732
B,otro_nodo,0,64,c2c,25,76,0,60000,312.7305,312.7305,312.7305
B,otro_nodo,0,64,c2c,25,77,0,60000,311.5519,311.5519,311.5519
B,otro_nodo,0,64,c2c,25,78,0,60000,311.9648,311.9648,311.9648
B,otro_nodo,0,64,c2c,25,79,0,60000,313.7649,313.7649,313.7649
B,otro_nodo,0,64,c2c,25,80,0,60000,328.6032,328.6032,328.6032
B,otro_nodo,0,64,c2c,25,81,0,60000,311.8026,311.8026,311.8026
B,otro_nodo,0,64,c2c,25,82,0,60000,321.2846,321.2846,321.2846
B,otro_nodo,0,64,c2c,25,83,0,60000,323.6430,323.6430,323.6430
B,otro_nodo,0,64,c2c,25,84,0,60000,325.6691,325.6691,325.6691
B,otro_nodo,0,64,c2c,25,85,0,60000,330.0458,330.0458,330.0458
B,otro_nodo,0,64,c2c,25,86,0,60000,327.0666,327.0666,327.0666
B,otro_nodo,0,64,c2c,25,87,0,60000,328.8381,328.8381,328.8381
B,otro_nodo,0,64,c2c,25,88,0,60000,337.3610,337.3610,337.3610
B,otro_nodo,0,64,c2c,25,89,0,60000,321.5216,321.5216,321.5216
B,otro_nodo,0,64,c2c,25,90,0,60000,334.0385,334.0385,334.0385
B,otro_nodo,0,64,c2c,25,91,0,60000,330.8559,330.8559,330.8559
B,otro_nodo,0,64,c2c,25,92,0,60000,330.2107,330.2107,330.2107
B,otro_nodo,0,64,c2c,25,93,0,60000,329.3991,329.3991,329.3991
B,otro_nodo,0,64,c2c,25,94,0,60000,327.5134,327.5134,327.5134
B,otro_nodo,0,64,c2c,25,95,0,60000,328.5471,328.5471,328.5471
B,otro_nodo,0,64,c2c,25,96,0,60000,332.5287,332.5287,332.5287
B,otro_nodo,0,64,c2c,25,97,0,60000,316.3680,316.3680,316.3680
B,otro_nodo,0,64,c2c,25,98,0,60000,327.8004,327.8004,327.8004
B,otro_nodo,0,64,c2c,25,99,0,60000,331.4635,331.4635,331.4635
B,otro_nodo,0,64,c2c,25,100,0,60000,324.2424,324.2424,324.2424
B,otro_nodo,0,64,c2c,25,101,0,60000,324.1159,324.1159,324.1159
B,otro_nodo,0,64,c2c,25,102,0,60000,321.7392,321.7392,321.7392
B,otro_nodo,0,64,c2c,25,103,0,60000,321.0194,321.0194,321.0194
B,otro_nodo,0,64,c2c,25,104,0,60000,334.5895,334.5895,334.5895
B,otro_nodo,0,64,c2c,25,105,0,60000,305.8733,305.8733,305.8733
B,otro_nodo,0,64,c2c,25,106,0,60000,316.9847,316.9847,316.9847
B,otro_nodo,0,64,c2c,25,107,0,60000,322.1049,322.1049,322.1049
B,otro_nodo,0,64,c2c,25,108,0,60000,319.2867,319.2867,319.2867
B,otro_nodo,0,64,c2c,25,109,0,60000,314.3679,314.3679,314.3679
B,otro_nodo,0,64,c2c,25,110,0,60000,318.8810,318.8810,318.8810
B,otro_nodo,0,64,c2c,25,111,0,60000,318.1664,318.1664,318.1664
B,otro_nodo,0,64,c2c,25,112,0,60000,330.4959,330.4959,330.4959
B,otro_nodo,0,64,c2c,25,113,0,60000,315.6542,315.6542,315.6542
B,otro_nodo,0,64,c2c,25,114,0,60000,327.3405,327.3405,327.3405
B,otro_nodo,0,64,c2c,25,115,0,60000,325.5484,325.5484,325.5484
B,otro_nodo,0,64,c2c,25,116,0,60000,319.6483,319.6483,319.6483
B,otro_nodo,0,64,c2c,25,117,0,60000,316.9522,316.9522,316.9522
B,otro_nodo,0,64,c2c,25,118,0,60000,318.6460,318.6460,318.6460
B,otro_nodo,0,64,c2c,25,119,0,60000,319.4099,319.4099,319.4099
B,otro_nodo,0,64,c2c,25,120,0,60000,327.8891,327.8891,327.8891
B,otro_nodo,0,64,c2c,25,121,0,60000,312.6362,312.6362,312.6362
B,otro_nodo,0,64,c2c,25,122,0,60000,320.8362,320.8362,320.8362
B,otro_nodo,0,64,c2c,25,123,0,60000,320.7502,320.7502,320.7502
B,otro_nodo,0,64,c2c,25,124,0,60000,316.6133,316.6133,316.6133
B,otro_nodo,0,64,c2c,25,125,0,60000,317.3747,317.3747,317.3747
B,otro_nodo,0,64,c2c,25,126,0,60000,316.1229,316.1229,316.1229
B,otro_nodo,0,64,c2c,25,127,0,60000,317.3113,317.3113,317.3113
B,mismo_ccd,0,64,c2c,26,27,0,60000,27.5683,27.5683,27.5683
B,mismo_ccd,0,64,c2c,26,28,0,60000,27.9409,27.9409,27.9409
B,mismo_ccd,0,64,c2c,26,29,0,60000,27.3820,27.3820,27.3820
B,mismo_ccd,0,64,c2c,26,30,0,60000,27.5531,27.5531,27.5531
B,mismo_ccd,0,64,c2c,26,31,0,60000,27.3013,27.3013,27.3013
B,otro_ccd,0,64,c2c,26,32,0,60000,197.1723,197.1723,197.1723
B,otro_ccd,0,64,c2c,26,33,0,60000,181.5689,181.5689,181.5689
B,otro_ccd,0,64,c2c,26,34,0,60000,188.5888,188.5888,188.5888
B,otro_ccd,0,64,c2c,26,35,0,60000,199.3159,199.3159,199.3159
B,otro_ccd,0,64,c2c,26,36,0,60000,185.4881,185.4881,185.4881
B,otro_ccd,0,64,c2c,26,37,0,60000,189.7717,189.7717,189.7717
B,otro_ccd,0,64,c2c,26,38,0,60000,194.6715,194.6715,194.6715
B,otro_ccd,0,64,c2c,26,39,0,60000,185.5112,185.5112,185.5112
B,otro_ccd,0,64,c2c,26,40,0,60000,196.4221,196.4221,196.4221
B,otro_ccd,0,64,c2c,26,41,0,60000,179.3353,179.3353,179.3353
B,otro_ccd,0,64,c2c,26,42,0,60000,187.1651,187.1651,187.1651
B,otro_ccd,0,64,c2c,26,43,0,60000,196.4606,196.4606,196.4606
B,otro_ccd,0,64,c2c,26,44,0,60000,185.1195,185.1195,185.1195
B,otro_ccd,0,64,c2c,26,45,0,60000,189.2508,189.2508,189.2508
B,otro_ccd,0,64,c2c,26,46,0,60000,197.4526,197.4526,197.4526
B,otro_ccd,0,64,c2c,26,47,0,60000,188.3818,188.3818,188.3818
B,otro_ccd,0,64,c2c,26,48,0,60000,197.7393,197.7393,197.7393
B,otro_ccd,0,64,c2c,26,49,0,60000,177.2667,177.2667,177.2667
B,otro_ccd,0,64,c2c,26,50,0,60000,185.0270,185.0270,185.0270
B,otro_ccd,0,64,c2c,26,51,0,60000,197.5894,197.5894,197.5894
B,otro_ccd,0,64,c2c,26,52,0,60000,186.2610,186.2610,186.2610
B,otro_ccd,0,64,c2c,26,53,0,60000,190.6376,190.6376,190.6376
B,otro_ccd,0,64,c2c,26,54,0,60000,195.8377,195.8377,195.8377
B,otro_ccd,0,64,c2c,26,55,0,60000,184.9012,184.9012,184.9012
B,otro_ccd,0,64,c2c,26,56,0,60000,197.2114,197.2114,197.2114
B,otro_ccd,0,64,c2c,26,57,0,60000,174.3554,174.3554,174.3554
B,otro_ccd,0,64,c2c,26,58,0,60000,184.0290,184.0290,184.0290
B,otro_ccd,0,64,c2c,26,59,0,60000,196.4906,196.4906,196.4906
B,otro_ccd,0,64,c2c,26,60,0,60000,185.3206,185.3206,185.3206
B,otro_ccd,0,64,c2c,26,61,0,60000,189.8531,189.8531,189.8531
B,otro_ccd,0,64,c2c,26,62,0,60000,193.6530,193.6530,193.6530
B,otro_ccd,0,64,c2c,26,63,0,60000,184.6307,184.6307,184.6307
B,otro_nodo,0,64,c2c,26,64,0,60000,328.5193,328.5193,328.5193
B,otro_nodo,0,64,c2c,26,65,0,60000,319.7378,319.7378,319.7378
B,otro_nodo,0,64,c2c,26,66,0,60000,329.5654,329.5654,329.5654
B,otro_nodo,0,64,c2c,26,67,0,60000,328.0756,328.0756,328.0756
B,otro_nodo,0,64,c2c,26,68,0,60000,316.5208,316.5208,316.5208
B,otro_nodo,0,64,c2c,26,69,0,60000,318.8126,318.8126,318.8126
B,otro_nodo,0,64,c2c,26,70,0,60000,321.1924,321.1924,321.1924
B,otro_nodo,0,64,c2c,26,71,0,60000,314.0142,314.0142,314.0142
B,otro_nodo,0,64,c2c,26,72,0,60000,325.0692,325.0692,325.0692
B,otro_nodo,0,64,c2c,26,73,0,60000,309.4591,309.4591,309.4591
B,otro_nodo,0,64,c2c,26,74,0,60000,321.8364,321.8364,321.8364
B,otro_nodo,0,64,c2c,26,75,0,60000,323.4335,323.4335,323.4335
B,otro_nodo,0,64,c2c,26,76,0,60000,313.9848,313.9848,313.9848
B,otro_nodo,0,64,c2c,26,77,0,60000,318.3229,318.3229,318.3229
B,otro_nodo,0,64,c2c,26,78,0,60000,321.2900,321.2900,321.2900
B,otro_nodo,0,64,c2c,26,79,0,60000,311.6273,311.6273,311.6273
B,otro_nodo,0,64,c2c,26,80,0,60000,324.8849,324.8849,324.8849
B,otro_nodo,0,64,c2c,26,81,0,60000,315.6855,315.6855,315.6855
B,otro_nodo,0,64,c2c,26,82,0,60000,321.6441,321.6441,321.6441
B,otro_nodo,0,64,c2c,26,83,0,60000,326.1007,326.1007,326.1007
B,otro_nodo,0,64,c2c,26,84,0,60000,320.0929,320.0929,320.0929
B,otro_nodo,0,64,c2c,26,85,0,60000,324.9804,324.9804,324.9804
B,otro_nodo,0,64,c2c,26,86,0,60000,319.8899,319.8899,319.8899
B,otro_nodo,0,64,c2c,26,87,0,60000,319.4108,319.4108,319.4108
B,otro_nodo,0,64,c2c,26,88,0,60000,324.2040,324.2040,324.2040
B,otro_nodo,0,64,c2c,26,89,0,60000,319.1766,319.1766,319.1766
B,otro_nodo,0,64,c2c,26,90,0,60000,327.0490,327.0490,327.0490
B,otro_nodo,0,64,c2c,26,91,0,60000,326.3292,326.3292,326.3292
B,otro_nodo,0,64,c2c,26,92,0,60000,319.1977,319.1977,319.1977
B,otro_nodo,0,64,c2c,26,93,0,60000,328.3888,328.3888,328.3888
B,otro_nodo,0,64,c2c,26,94,0,60000,324.1017,324.1017,324.1017
B,otro_nodo,0,64,c2c,26,95,0,60000,316.9299,316.9299,316.9299
B,otro_nodo,0,64,c2c,26,96,0,60000,325.2900,325.2900,325.2900
B,otro_nodo,0,64,c2c,26,97,0,60000,314.9264,314.9264,314.9264
B,otro_nodo,0,64,c2c,26,98,0,60000,321.1894,321.1894,321.1894
B,otro_nodo,0,64,c2c,26,99,0,60000,328.5530,328.5530,328.5530
B,otro_nodo,0,64,c2c,26,100,0,60000,317.6473,317.6473,317.6473
B,otro_nodo,0,64,c2c,26,101,0,60000,319.2168,319.2168,319.2168
B,otro_nodo,0,64,c2c,26,102,0,60000,323.1825,323.1825,323.1825
B,otro_nodo,0,64,c2c,26,103,0,60000,316.4981,316.4981,316.4981
B,otro_nodo,0,64,c2c,26,104,0,60000,328.1025,328.1025,328.1025
B,otro_nodo,0,64,c2c,26,105,0,60000,313.4069,313.4069,313.4069
B,otro_nodo,0,64,c2c,26,106,0,60000,322.9371,322.9371,322.9371
B,otro_nodo,0,64,c2c,26,107,0,60000,325.9663,325.9663,325.9663
B,otro_nodo,0,64,c2c,26,108,0,60000,317.0508,317.0508,317.0508
B,otro_nodo,0,64,c2c,26,109,0,60000,319.2638,319.2638,319.2638
B,otro_nodo,0,64,c2c,26,110,0,60000,319.7056,319.7056,319.7056
B,otro_nodo,0,64,c2c,26,111,0,60000,314.2188,314.2188,314.2188
B,otro_nodo,0,64,c2c,26,112,0,60000,326.3010,326.3010,326.3010
B,otro_nodo,0,64,c2c,26,113,0,60000,315.8796,315.8796,315.8796
B,otro_nodo,0,64,c2c,26,114,0,60000,325.4580,325.4580,325.4580
B,otro_nodo,0,64,c2c,26,115,0,60000,325.8062,325.8062,325.8062
B,otro_nodo,0,64,c2c,26,116,0,60000,325.2949,325.2949,325.2949
B,otro_nodo,0,64,c2c,26,117,0,60000,327.7588,327.7588,327.7588
B,otro_nodo,0,64,c2c,26,118,0,60000,324.7856,324.7856,324.7856
B,otro_nodo,0,64,c2c,26,119,0,60000,322.6845,322.6845,322.6845
B,otro_nodo,0,64,c2c,26,120,0,60000,323.5280,323.5280,323.5280
B,otro_nodo,0,64,c2c,26,121,0,60000,315.8881,315.8881,315.8881
B,otro_nodo,0,64,c2c,26,122,0,60000,325.9633,325.9633,325.9633
B,otro_nodo,0,64,c2c,26,123,0,60000,322.9729,322.9729,322.9729
B,otro_nodo,0,64,c2c,26,124,0,60000,320.8898,320.8898,320.8898
B,otro_nodo,0,64,c2c,26,125,0,60000,323.0088,323.0088,323.0088
B,otro_nodo,0,64,c2c,26,126,0,60000,327.3940,327.3940,327.3940
B,otro_nodo,0,64,c2c,26,127,0,60000,319.1494,319.1494,319.1494
B,mismo_ccd,0,64,c2c,27,28,0,60000,27.5469,27.5469,27.5469
B,mismo_ccd,0,64,c2c,27,29,0,60000,27.3487,27.3487,27.3487
B,mismo_ccd,0,64,c2c,27,30,0,60000,27.0874,27.0874,27.0874
B,mismo_ccd,0,64,c2c,27,31,0,60000,27.3494,27.3494,27.3494
B,otro_ccd,0,64,c2c,27,32,0,60000,184.3608,184.3608,184.3608
B,otro_ccd,0,64,c2c,27,33,0,60000,197.7152,197.7152,197.7152
B,otro_ccd,0,64,c2c,27,34,0,60000,197.4022,197.4022,197.4022
B,otro_ccd,0,64,c2c,27,35,0,60000,192.6886,192.6886,192.6886
B,otro_ccd,0,64,c2c,27,36,0,60000,189.8021,189.8021,189.8021
B,otro_ccd,0,64,c2c,27,37,0,60000,189.2812,189.2812,189.2812
B,otro_ccd,0,64,c2c,27,38,0,60000,189.4416,189.4416,189.4416
B,otro_ccd,0,64,c2c,27,39,0,60000,194.1902,194.1902,194.1902
B,otro_ccd,0,64,c2c,27,40,0,60000,184.8821,184.8821,184.8821
B,otro_ccd,0,64,c2c,27,41,0,60000,195.6673,195.6673,195.6673
B,otro_ccd,0,64,c2c,27,42,0,60000,194.8040,194.8040,194.8040
B,otro_ccd,0,64,c2c,27,43,0,60000,189.3761,189.3761,189.3761
B,otro_ccd,0,64,c2c,27,44,0,60000,190.9077,190.9077,190.9077
B,otro_ccd,0,64,c2c,27,45,0,60000,188.2737,188.2737,188.2737
B,otro_ccd,0,64,c2c,27,46,0,60000,188.9902,188.9902,188.9902
B,otro_ccd,0,64,c2c,27,47,0,60000,191.3663,191.3663,191.3663
B,otro_ccd,0,64,c2c,27,48,0,60000,178.2217,178.2217,178.2217
B,otro_ccd,0,64,c2c,27,49,0,60000,185.9311,185.9311,185.9311
B,otro_ccd,0,64,c2c,27,50,0,60000,188.1274,188.1274,188.1274
B,otro_ccd,0,64,c2c,27,51,0,60000,187.3929,187.3929,187.3929
B,otro_ccd,0,64,c2c,27,52,0,60000,184.1437,184.1437,184.1437
B,otro_ccd,0,64,c2c,27,53,0,60000,189.2405,189.2405,189.2405
B,otro_ccd,0,64,c2c,27,54,0,60000,189.5494,189.5494,189.5494
B,otro_ccd,0,64,c2c,27,55,0,60000,187.9735,187.9735,187.9735
B,otro_ccd,0,64,c2c,27,56,0,60000,184.6203,184.6203,184.6203
B,otro_ccd,0,64,c2c,27,57,0,60000,186.1901,186.1901,186.1901
B,otro_ccd,0,64,c2c,27,58,0,60000,187.9705,187.9705,187.9705
B,otro_ccd,0,64,c2c,27,59,0,60000,188.6694,188.6694,188.6694
B,otro_ccd,0,64,c2c,27,60,0,60000,184.3243,184.3243,184.3243
B,otro_ccd,0,64,c2c,27,61,0,60000,187.8524,187.8524,187.8524
B,otro_ccd,0,64,c2c,27,62,0,60000,189.0130,189.0130,189.0130
B,otro_ccd,0,64,c2c,27,63,0,60000,188.1447,188.1447,188.1447
B,otro_nodo,0,64,c2c,27,64,0,60000,314.9953,314.9953,314.9953
B,otro_nodo,0,64,c2c,27,65,0,60000,336.5495,336.5495,336.5495
B,otro_nodo,0,64,c2c,27,66,0,60000,333.1089,333.1089,333.1089
B,otro_nodo,0,64,c2c,27,67,0,60000,322.3438,322.3438,322.3438
B,otro_nodo,0,64,c2c,27,68,0,60000,326.6445,326.6445,326.6445
B,otro_nodo,0,64,c2c,27,69,0,60000,322.9300,322.9300,322.9300
B,otro_nodo,0,64,c2c,27,70,0,60000,320.7609,320.7609,320.7609
B,otro_nodo,0,64,c2c,27,71,0,60000,331.1509,331.1509,331.1509
B,otro_nodo,0,64,c2c,27,72,0,60000,315.6141,315.6141,315.6141
B,otro_nodo,0,64,c2c,27,73,0,60000,333.4770,333.4770,333.4770
B,otro_nodo,0,64,c2c,27,74,0,60000,329.9431,329.9431,329.9431
B,otro_nodo,0,64,c2c,27,75,0,60000,327.5436,327.5436,327.5436
B,otro_nodo,0,64,c2c,27,76,0,60000,326.3050,326.3050,326.3050
B,otro_nodo,0,64,c2c,27,77,0,60000,325.7772,325.7772,325.7772
B,otro_nodo,0,64,c2c,27,78,0,60000,326.1585,326.1585,326.1585
B,otro_nodo,0,64,c2c,27,79,0,60000,321.6524,321.6524,321.6524
B,otro_nodo,0,64,c2c,27,80,0,60000,324.8342,324.8342,324.8342
B,otro_nodo,0,64,c2c,27,81,0,60000,331.4034,331.4034,331.4034
B,otro_nodo,0,64,c2c,27,82,0,60000,333.3894,333.3894,333.3894
B,otro_nodo,0,64,c2c,27,83,0,60000,334.1094,334.1094,334.1094
B,otro_nodo,0,64,c2c,27,84,0,60000,332.1638,332.1638,332.1638
B,otro_nodo,0,64,c2c,27,85,0,60000,327.3620,327.3620,327.3620
B,otro_nodo,0,64,c2c,27,86,0,60000,327.8873,327.8873,327.8873
B,otro_nodo,0,64,c2c,27,87,0,60000,336.2438,336.2438,336.2438
B,otro_nodo,0,64,c2c,27,88,0,60000,322.3689,322.3689,322.3689
B,otro_nodo,0,64,c2c,27,89,0,60000,334.5107,334.5107,334.5107
B,otro_nodo,0,64,c2c,27,90,0,60000,337.1612,337.1612,337.1612
B,otro_nodo,0,64,c2c,27,91,0,60000,338.2656,338.2656,338.2656
B,otro_nodo,0,64,c2c,27,92,0,60000,330.1616,330.1616,330.1616
B,otro_nodo,0,64,c2c,27,93,0,60000,327.2113,327.2113,327.2113
B,otro_nodo,0,64,c2c,27,94,0,60000,325.7696,325.7696,325.7696
B,otro_nodo,0,64,c2c,27,95,0,60000,332.9439,332.9439,332.9439
B,otro_nodo,0,64,c2c,27,96,0,60000,314.4700,314.4700,314.4700
B,otro_nodo,0,64,c2c,27,97,0,60000,327.0437,327.0437,327.0437
B,otro_nodo,0,64,c2c,27,98,0,60000,327.1347,327.1347,327.1347
B,otro_nodo,0,64,c2c,27,99,0,60000,321.3430,321.3430,321.3430
B,otro_nodo,0,64,c2c,27,100,0,60000,316.6684,316.6684,316.6684
B,otro_nodo,0,64,c2c,27,101,0,60000,316.7378,316.7378,316.7378
B,otro_nodo,0,64,c2c,27,102,0,60000,314.5065,314.5065,314.5065
B,otro_nodo,0,64,c2c,27,103,0,60000,322.1601,322.1601,322.1601
B,otro_nodo,0,64,c2c,27,104,0,60000,313.3660,313.3660,313.3660
B,otro_nodo,0,64,c2c,27,105,0,60000,326.5789,326.5789,326.5789
B,otro_nodo,0,64,c2c,27,106,0,60000,324.7805,324.7805,324.7805
B,otro_nodo,0,64,c2c,27,107,0,60000,319.3480,319.3480,319.3480
B,otro_nodo,0,64,c2c,27,108,0,60000,318.9242,318.9242,318.9242
B,otro_nodo,0,64,c2c,27,109,0,60000,315.6257,315.6257,315.6257
B,otro_nodo,0,64,c2c,27,110,0,60000,313.5244,313.5244,313.5244
B,otro_nodo,0,64,c2c,27,111,0,60000,318.8996,318.8996,318.8996
B,otro_nodo,0,64,c2c,27,112,0,60000,316.9102,316.9102,316.9102
B,otro_nodo,0,64,c2c,27,113,0,60000,329.1033,329.1033,329.1033
B,otro_nodo,0,64,c2c,27,114,0,60000,326.6623,326.6623,326.6623
B,otro_nodo,0,64,c2c,27,115,0,60000,324.6871,324.6871,324.6871
B,otro_nodo,0,64,c2c,27,116,0,60000,321.6834,321.6834,321.6834
B,otro_nodo,0,64,c2c,27,117,0,60000,321.0726,321.0726,321.0726
B,otro_nodo,0,64,c2c,27,118,0,60000,322.0397,322.0397,322.0397
B,otro_nodo,0,64,c2c,27,119,0,60000,324.7662,324.7662,324.7662
B,otro_nodo,0,64,c2c,27,120,0,60000,312.9813,312.9813,312.9813
B,otro_nodo,0,64,c2c,27,121,0,60000,323.8451,323.8451,323.8451
B,otro_nodo,0,64,c2c,27,122,0,60000,322.4755,322.4755,322.4755
B,otro_nodo,0,64,c2c,27,123,0,60000,329.1653,329.1653,329.1653
B,otro_nodo,0,64,c2c,27,124,0,60000,322.3785,322.3785,322.3785
B,otro_nodo,0,64,c2c,27,125,0,60000,322.7329,322.7329,322.7329
B,otro_nodo,0,64,c2c,27,126,0,60000,319.9293,319.9293,319.9293
B,otro_nodo,0,64,c2c,27,127,0,60000,327.0662,327.0662,327.0662
B,mismo_ccd,0,64,c2c,28,29,0,60000,27.4545,27.4545,27.4545
B,mismo_ccd,0,64,c2c,28,30,0,60000,27.0408,27.0408,27.0408
B,mismo_ccd,0,64,c2c,28,31,0,60000,27.0911,27.0911,27.0911
B,otro_ccd,0,64,c2c,28,32,0,60000,183.7521,183.7521,183.7521
B,otro_ccd,0,64,c2c,28,33,0,60000,187.5246,187.5246,187.5246
B,otro_ccd,0,64,c2c,28,34,0,60000,185.4954,185.4954,185.4954
B,otro_ccd,0,64,c2c,28,35,0,60000,183.3989,183.3989,183.3989
B,otro_ccd,0,64,c2c,28,36,0,60000,186.2358,186.2358,186.2358
B,otro_ccd,0,64,c2c,28,37,0,60000,184.1260,184.1260,184.1260
B,otro_ccd,0,64,c2c,28,38,0,60000,184.0805,184.0805,184.0805
B,otro_ccd,0,64,c2c,28,39,0,60000,185.1443,185.1443,185.1443
B,otro_ccd,0,64,c2c,28,40,0,60000,185.7302,185.7302,185.7302
B,otro_ccd,0,64,c2c,28,41,0,60000,189.3650,189.3650,189.3650
B,otro_ccd,0,64,c2c,28,42,0,60000,184.3883,184.3883,184.3883
B,otro_ccd,0,64,c2c,28,43,0,60000,189.4747,189.4747,189.4747
B,otro_ccd,0,64,c2c,28,44,0,60000,190.4435,190.4435,190.4435
B,otro_ccd,0,64,c2c,28,45,0,60000,188.3396,188.3396,188.3396
B,otro_ccd,0,64,c2c,28,46,0,60000,187.6508,187.6508,187.6508
B,otro_ccd,0,64,c2c,28,47,0,60000,189.4022,189.4022,189.4022
B,otro_ccd,0,64,c2c,28,48,0,60000,179.6765,179.6765,179.6765
B,otro_ccd,0,64,c2c,28,49,0,60000,187.6993,187.6993,187.6993
B,otro_ccd,0,64,c2c,28,50,0,60000,177.5874,177.5874,177.5874
B,otro_ccd,0,64,c2c,28,51,0,60000,184.1828,184.1828,184.1828
B,otro_ccd,0,64,c2c,28,52,0,60000,184.6272,184.6272,184.6272
B,otro_ccd,0,64,c2c,28,53,0,60000,183.6738,183.6738,183.6738
B,otro_ccd,0,64,c2c,28,54,0,60000,185.3547,185.3547,185.3547
B,otro_ccd,0,64,c2c,28,55,0,60000,181.6908,181.6908,181.6908
B,otro_ccd,0,64,c2c,28,56,0,60000,178.2143,178.2143,178.2143
B,otro_ccd,0,64,c2c,28,57,0,60000,184.6122,184.6122,184.6122
B,otro_ccd,0,64,c2c,28,58,0,60000,177.6679,177.6679,177.6679
B,otro_ccd,0,64,c2c,28,59,0,60000,185.4733,185.4733,185.4733
B,otro_ccd,0,64,c2c,28,60,0,60000,185.0148,185.0148,185.0148
B,otro_ccd,0,64,c2c,28,61,0,60000,184.9680,184.9680,184.9680
B,otro_ccd,0,64,c2c,28,62,0,60000,181.0254,181.0254,181.0254
B,otro_ccd,0,64,c2c,28,63,0,60000,186.9099,186.9099,186.9099
B,otro_nodo,0,64,c2c,28,64,0,60000,325.5244,325.5244,325.5244
B,otro_nodo,0,64,c2c,28,65,0,60000,329.1939,329.1939,329.1939
B,otro_nodo,0,64,c2c,28,66,0,60000,320.8386,320.8386,320.8386
B,otro_nodo,0,64,c2c,28,67,0,60000,323.6606,323.6606,323.6606
B,otro_nodo,0,64,c2c,28,68,0,60000,327.8471,327.8471,327.8471
B,otro_nodo,0,64,c2c,28,69,0,60000,325.4362,325.4362,325.4362
B,otro_nodo,0,64,c2c,28,70,0,60000,326.4235,326.4235,326.4235
B,otro_nodo,0,64,c2c,28,71,0,60000,328.7421,328.7421,328.7421
B,otro_nodo,0,64,c2c,28,72,0,60000,324.0096,324.0096,324.0096
B,otro_nodo,0,64,c2c,28,73,0,60000,327.1027,327.1027,327.1027
B,otro_nodo,0,64,c2c,28,74,0,60000,321.3764,321.3764,321.3764
B,otro_nodo,0,64,c2c,28,75,0,60000,328.1893,328.1893,328.1893
B,otro_nodo,0,64,c2c,28,76,0,60000,325.6549,325.6549,325.6549
B,otro_nodo,0,64,c2c,28,77,0,60000,327.1497,327.1497,327.1497
B,otro_nodo,0,64,c2c,28,78,0,60000,329.5042,329.5042,329.5042
B,otro_nodo,0,64,c2c,28,79,0,60000,327.4524,327.4524,327.4524
B,otro_nodo,0,64,c2c,28,80,0,60000,324.8395,324.8395,324.8395
B,otro_nodo,0,64,c2c,28,81,0,60000,332.6221,332.6221,332.6221
B,otro_nodo,0,64,c2c,28,82,0,60000,325.0490,325.0490,325.0490
B,otro_nodo,0,64,c2c,28,83,0,60000,323.7721,323.7721,323.7721
B,otro_nodo,0,64,c2c,28,84,0,60000,336.7076,336.7076,336.7076
B,otro_nodo,0,64,c2c,28,85,0,60000,324.1173,324.1173,324.1173
B,otro_nodo,0,64,c2c,28,86,0,60000,328.3980,328.3980,328.3980
B,otro_nodo,0,64,c2c,28,87,0,60000,333.0976,333.0976,333.0976
B,otro_nodo,0,64,c2c,28,88,0,60000,326.9193,326.9193,326.9193
B,otro_nodo,0,64,c2c,28,89,0,60000,334.9035,334.9035,334.9035
B,otro_nodo,0,64,c2c,28,90,0,60000,324.8481,324.8481,324.8481
B,otro_nodo,0,64,c2c,28,91,0,60000,321.8864,321.8864,321.8864
B,otro_nodo,0,64,c2c,28,92,0,60000,334.2470,334.2470,334.2470
B,otro_nodo,0,64,c2c,28,93,0,60000,322.1038,322.1038,322.1038
B,otro_nodo,0,64,c2c,28,94,0,60000,326.6647,326.6647,326.6647
B,otro_nodo,0,64,c2c,28,95,0,60000,332.3441,332.3441,332.3441
B,otro_nodo,0,64,c2c,28,96,0,60000,317.7834,317.7834,317.7834
B,otro_nodo,0,64,c2c,28,97,0,60000,328.7722,328.7722,328.7722
B,otro_nodo,0,64,c2c,28,98,0,60000,316.7770,316.7770,316.7770
B,otro_nodo,0,64,c2c,28,99,0,60000,326.0516,326.0516,326.0516
B,otro_nodo,0,64,c2c,28,100,0,60000,325.4604,325.4604,325.4604
B,otro_nodo,0,64,c2c,28,101,0,60000,322.0009,322.0009,322.0009
B,otro_nodo,0,64,c2c,28,102,0,60000,323.0053,323.0053,323.0053
B,otro_nodo,0,64,c2c,28,103,0,60000,328.2830,328.2830,328.2830
B,otro_nodo,0,64,c2c,28,104,0,60000,331.0285,331.0285,331.0285
B,otro_nodo,0,64,c2c,28,105,0,60000,334.6838,334.6838,334.6838
B,otro_nodo,0,64,c2c,28,106,0,60000,322.7721,322.7721,322.7721
B,otro_nodo,0,64,c2c,28,107,0,60000,324.9721,324.9721,324.9721
B,otro_nodo,0,64,c2c,28,108,0,60000,329.1995,329.1995,329.1995
B,otro_nodo,0,64,c2c,28,109,0,60000,326.6288,326.6288,326.6288
B,otro_nodo,0,64,c2c,28,110,0,60000,326.1408,326.1408,326.1408
B,otro_nodo,0,64,c2c,28,111,0,60000,314.7106,314.7106,314.7106
B,otro_nodo,0,64,c2c,28,112,0,60000,321.6472,321.6472,321.6472
B,otro_nodo,0,64,c2c,28,113,0,60000,328.7754,328.7754,328.7754
B,otro_nodo,0,64,c2c,28,114,0,60000,321.2210,321.2210,321.2210
B,otro_nodo,0,64,c2c,28,115,0,60000,325.8719,325.8719,325.8719
B,otro_nodo,0,64,c2c,28,116,0,60000,328.2279,328.2279,328.2279
B,otro_nodo,0,64,c2c,28,117,0,60000,323.9154,323.9154,323.9154
B,otro_nodo,0,64,c2c,28,118,0,60000,325.8532,325.8532,325.8532
B,otro_nodo,0,64,c2c,28,119,0,60000,324.8461,324.8461,324.8461
B,otro_nodo,0,64,c2c,28,120,0,60000,327.4989,327.4989,327.4989
B,otro_nodo,0,64,c2c,28,121,0,60000,327.5015,327.5015,327.5015
B,otro_nodo,0,64,c2c,28,122,0,60000,319.4102,319.4102,319.4102
B,otro_nodo,0,64,c2c,28,123,0,60000,325.0933,325.0933,325.0933
B,otro_nodo,0,64,c2c,28,124,0,60000,321.7987,321.7987,321.7987
B,otro_nodo,0,64,c2c,28,125,0,60000,324.1337,324.1337,324.1337
B,otro_nodo,0,64,c2c,28,126,0,60000,320.0084,320.0084,320.0084
B,otro_nodo,0,64,c2c,28,127,0,60000,320.9736,320.9736,320.9736
B,mismo_ccd,0,64,c2c,29,30,0,60000,27.2459,27.2459,27.2459
B,mismo_ccd,0,64,c2c,29,31,0,60000,27.1344,27.1344,27.1344
B,otro_ccd,0,64,c2c,29,32,0,60000,185.5698,185.5698,185.5698
B,otro_ccd,0,64,c2c,29,33,0,60000,196.1296,196.1296,196.1296
B,otro_ccd,0,64,c2c,29,34,0,60000,197.1295,197.1295,197.1295
B,otro_ccd,0,64,c2c,29,35,0,60000,194.4685,194.4685,194.4685
B,otro_ccd,0,64,c2c,29,36,0,60000,187.4990,187.4990,187.4990
B,otro_ccd,0,64,c2c,29,37,0,60000,188.3865,188.3865,188.3865
B,otro_ccd,0,64,c2c,29,38,0,60000,188.8506,188.8506,188.8506
B,otro_ccd,0,64,c2c,29,39,0,60000,189.2487,189.2487,189.2487
B,otro_ccd,0,64,c2c,29,40,0,60000,186.0737,186.0737,186.0737
B,otro_ccd,0,64,c2c,29,41,0,60000,191.8317,191.8317,191.8317
B,otro_ccd,0,64,c2c,29,42,0,60000,190.3021,190.3021,190.3021
B,otro_ccd,0,64,c2c,29,43,0,60000,193.8609,193.8609,193.8609
B,otro_ccd,0,64,c2c,29,44,0,60000,186.5510,186.5510,186.5510
B,otro_ccd,0,64,c2c,29,45,0,60000,188.3378,188.3378,188.3378
B,otro_ccd,0,64,c2c,29,46,0,60000,187.1332,187.1332,187.1332
B,otro_ccd,0,64,c2c,29,47,0,60000,188.4229,188.4229,188.4229
B,otro_ccd,0,64,c2c,29,48,0,60000,187.0985,187.0985,187.0985
B,otro_ccd,0,64,c2c,29,49,0,60000,189.9888,189.9888,189.9888
B,otro_ccd,0,64,c2c,29,50,0,60000,190.6349,190.6349,190.6349
B,otro_ccd,0,64,c2c,29,51,0,60000,194.4824,194.4824,194.4824
B,otro_ccd,0,64,c2c,29,52,0,60000,187.2844,187.2844,187.2844
B,otro_ccd,0,64,c2c,29,53,0,60000,188.6012,188.6012,188.6012
B,otro_ccd,0,64,c2c,29,54,0,60000,188.6428,188.6428,188.6428
B,otro_ccd,0,64,c2c,29,55,0,60000,188.9202,188.9202,188.9202
B,otro_ccd,0,64,c2c,29,56,0,60000,186.3140,186.3140,186.3140
B,otro_ccd,0,64,c2c,29,57,0,60000,189.6717,189.6717,189.6717
B,otro_ccd,0,64,c2c,29,58,0,60000,187.6049,187.6049,187.6049
B,otro_ccd,0,64,c2c,29,59,0,60000,193.9996,193.9996,193.9996
B,otro_ccd,0,64,c2c,29,60,0,60000,186.1082,186.1082,186.1082
B,otro_ccd,0,64,c2c,29,61,0,60000,190.0794,190.0794,190.0794
B,otro_ccd,0,64,c2c,29,62,0,60000,189.0213,189.0213,189.0213
B,otro_ccd,0,64,c2c,29,63,0,60000,186.9960,186.9960,186.9960
B,otro_nodo,0,64,c2c,29,64,0,60000,312.2098,312.2098,312.2098
B,otro_nodo,0,64,c2c,29,65,0,60000,319.4517,319.4517,319.4517
B,otro_nodo,0,64,c2c,29,66,0,60000,317.7027,317.7027,317.7027
B,otro_nodo,0,64,c2c,29,67,0,60000,321.0381,321.0381,321.0381
B,otro_nodo,0,64,c2c,29,68,0,60000,312.3226,312.3226,312.3226
B,otro_nodo,0,64,c2c,29,69,0,60000,315.7082,315.7082,315.7082
B,otro_nodo,0,64,c2c,29,70,0,60000,315.6441,315.6441,315.6441
B,otro_nodo,0,64,c2c,29,71,0,60000,316.3036,316.3036,316.3036
B,otro_nodo,0,64,c2c,29,72,0,60000,311.8714,311.8714,311.8714
B,otro_nodo,0,64,c2c,29,73,0,60000,318.8247,318.8247,318.8247
B,otro_nodo,0,64,c2c,29,74,0,60000,317.6725,317.6725,317.6725
B,otro_nodo,0,64,c2c,29,75,0,60000,319.0200,319.0200,319.0200
B,otro_nodo,0,64,c2c,29,76,0,60000,315.3087,315.3087,315.3087
B,otro_nodo,0,64,c2c,29,77,0,60000,324.8626,324.8626,324.8626
B,otro_nodo,0,64,c2c,29,78,0,60000,324.4087,324.4087,324.4087
B,otro_nodo,0,64,c2c,29,79,0,60000,330.2839,330.2839,330.2839
B,otro_nodo,0,64,c2c,29,80,0,60000,327.6303,327.6303,327.6303
B,otro_nodo,0,64,c2c,29,81,0,60000,339.4477,339.4477,339.4477
B,otro_nodo,0,64,c2c,29,82,0,60000,335.0083,335.0083,335.0083
B,otro_nodo,0,64,c2c,29,83,0,60000,336.5404,336.5404,336.5404
B,otro_nodo,0,64,c2c,29,84,0,60000,334.9565,334.9565,334.9565
B,otro_nodo,0,64,c2c,29,85,0,60000,331.2341,331.2341,331.2341
B,otro_nodo,0,64,c2c,29,86,0,60000,329.8074,329.8074,329.8074
B,otro_nodo,0,64,c2c,29,87,0,60000,331.9102,331.9102,331.9102
B,otro_nodo,0,64,c2c,29,88,0,60000,328.0725,328.0725,328.0725
B,otro_nodo,0,64,c2c,29,89,0,60000,333.4192,333.4192,333.4192
B,otro_nodo,0,64,c2c,29,90,0,60000,333.5427,333.5427,333.5427
B,otro_nodo,0,64,c2c,29,91,0,60000,333.0117,333.0117,333.0117
B,otro_nodo,0,64,c2c,29,92,0,60000,333.5766,333.5766,333.5766
B,otro_nodo,0,64,c2c,29,93,0,60000,328.5919,328.5919,328.5919
B,otro_nodo,0,64,c2c,29,94,0,60000,327.1049,327.1049,327.1049
B,otro_nodo,0,64,c2c,29,95,0,60000,332.2028,332.2028,332.2028
B,otro_nodo,0,64,c2c,29,96,0,60000,316.0640,316.0640,316.0640
B,otro_nodo,0,64,c2c,29,97,0,60000,332.1109,332.1109,332.1109
B,otro_nodo,0,64,c2c,29,98,0,60000,331.2656,331.2656,331.2656
B,otro_nodo,0,64,c2c,29,99,0,60000,321.2747,321.2747,321.2747
B,otro_nodo,0,64,c2c,29,100,0,60000,317.3607,317.3607,317.3607
B,otro_nodo,0,64,c2c,29,101,0,60000,316.2917,316.2917,316.2917
B,otro_nodo,0,64,c2c,29,102,0,60000,316.8933,316.8933,316.8933
B,otro_nodo,0,64,c2c,29,103,0,60000,323.8698,323.8698,323.8698
B,otro_nodo,0,64,c2c,29,104,0,60000,314.1800,314.1800,314.1800
B,otro_nodo,0,64,c2c,29,105,0,60000,325.9376,325.9376,325.9376
B,otro_nodo,0,64,c2c,29,106,0,60000,325.9944,325.9944,325.9944
B,otro_nodo,0,64,c2c,29,107,0,60000,320.0958,320.0958,320.0958
B,otro_nodo,0,64,c2c,29,108,0,60000,317.3361,317.3361,317.3361
B,otro_nodo,0,64,c2c,29,109,0,60000,315.2392,315.2392,315.2392
B,otro_nodo,0,64,c2c,29,110,0,60000,313.0836,313.0836,313.0836
B,otro_nodo,0,64,c2c,29,111,0,60000,321.7729,321.7729,321.7729
B,otro_nodo,0,64,c2c,29,112,0,60000,314.3413,314.3413,314.3413
B,otro_nodo,0,64,c2c,29,113,0,60000,326.4914,326.4914,326.4914
B,otro_nodo,0,64,c2c,29,114,0,60000,327.7393,327.7393,327.7393
B,otro_nodo,0,64,c2c,29,115,0,60000,322.5350,322.5350,322.5350
B,otro_nodo,0,64,c2c,29,116,0,60000,326.6048,326.6048,326.6048
B,otro_nodo,0,64,c2c,29,117,0,60000,320.7295,320.7295,320.7295
B,otro_nodo,0,64,c2c,29,118,0,60000,322.3868,322.3868,322.3868
B,otro_nodo,0,64,c2c,29,119,0,60000,325.2825,325.2825,325.2825
B,otro_nodo,0,64,c2c,29,120,0,60000,315.4736,315.4736,315.4736
B,otro_nodo,0,64,c2c,29,121,0,60000,323.7907,323.7907,323.7907
B,otro_nodo,0,64,c2c,29,122,0,60000,323.6910,323.6910,323.6910
B,otro_nodo,0,64,c2c,29,123,0,60000,320.6365,320.6365,320.6365
B,otro_nodo,0,64,c2c,29,124,0,60000,321.0344,321.0344,321.0344
B,otro_nodo,0,64,c2c,29,125,0,60000,324.6103,324.6103,324.6103
B,otro_nodo,0,64,c2c,29,126,0,60000,321.9282,321.9282,321.9282
B,otro_nodo,0,64,c2c,29,127,0,60000,324.4128,324.4128,324.4128
B,mismo_ccd,0,64,c2c,30,31,0,60000,27.8066,27.8066,27.8066
B,otro_ccd,0,64,c2c,30,32,0,60000,186.4683,186.4683,186.4683
B,otro_ccd,0,64,c2c,30,33,0,60000,190.4418,190.4418,190.4418
B,otro_ccd,0,64,c2c,30,34,0,60000,187.8059,187.8059,187.8059
B,otro_ccd,0,64,c2c,30,35,0,60000,185.8126,185.8126,185.8126
B,otro_ccd,0,64,c2c,30,36,0,60000,191.3187,191.3187,191.3187
B,otro_ccd,0,64,c2c,30,37,0,60000,187.5562,187.5562,187.5562
B,otro_ccd,0,64,c2c,30,38,0,60000,186.5982,186.5982,186.5982
B,otro_ccd,0,64,c2c,30,39,0,60000,191.5155,191.5155,191.5155
B,otro_ccd,0,64,c2c,30,40,0,60000,184.6092,184.6092,184.6092
B,otro_ccd,0,64,c2c,30,41,0,60000,188.9580,188.9580,188.9580
B,otro_ccd,0,64,c2c,30,42,0,60000,187.5861,187.5861,187.5861
B,otro_ccd,0,64,c2c,30,43,0,60000,185.6858,185.6858,185.6858
B,otro_ccd,0,64,c2c,30,44,0,60000,184.9906,184.9906,184.9906
B,otro_ccd,0,64,c2c,30,45,0,60000,186.2938,186.2938,186.2938
B,otro_ccd,0,64,c2c,30,46,0,60000,189.1241,189.1241,189.1241
B,otro_ccd,0,64,c2c,30,47,0,60000,185.1823,185.1823,185.1823
B,otro_ccd,0,64,c2c,30,48,0,60000,183.5916,183.5916,183.5916
B,otro_ccd,0,64,c2c,30,49,0,60000,189.2375,189.2375,189.2375
B,otro_ccd,0,64,c2c,30,50,0,60000,188.7448,188.7448,188.7448
B,otro_ccd,0,64,c2c,30,51,0,60000,184.0599,184.0599,184.0599
B,otro_ccd,0,64,c2c,30,52,0,60000,188.4706,188.4706,188.4706
B,otro_ccd,0,64,c2c,30,53,0,60000,189.0099,189.0099,189.0099
B,otro_ccd,0,64,c2c,30,54,0,60000,186.0826,186.0826,186.0826
B,otro_ccd,0,64,c2c,30,55,0,60000,189.9450,189.9450,189.9450
B,otro_ccd,0,64,c2c,30,56,0,60000,188.1605,188.1605,188.1605
B,otro_ccd,0,64,c2c,30,57,0,60000,189.1445,189.1445,189.1445
B,otro_ccd,0,64,c2c,30,58,0,60000,187.4046,187.4046,187.4046
B,otro_ccd,0,64,c2c,30,59,0,60000,187.6012,187.6012,187.6012
B,otro_ccd,0,64,c2c,30,60,0,60000,188.9141,188.9141,188.9141
B,otro_ccd,0,64,c2c,30,61,0,60000,189.0442,189.0442,189.0442
B,otro_ccd,0,64,c2c,30,62,0,60000,185.1008,185.1008,185.1008
B,otro_ccd,0,64,c2c,30,63,0,60000,190.1941,190.1941,190.1941
B,otro_nodo,0,64,c2c,30,64,0,60000,323.6949,323.6949,323.6949
B,otro_nodo,0,64,c2c,30,65,0,60000,330.1724,330.1724,330.1724
B,otro_nodo,0,64,c2c,30,66,0,60000,312.8751,312.8751,312.8751
B,otro_nodo,0,64,c2c,30,67,0,60000,317.6402,317.6402,317.6402
B,otro_nodo,0,64,c2c,30,68,0,60000,314.9228,314.9228,314.9228
B,otro_nodo,0,64,c2c,30,69,0,60000,313.9931,313.9931,313.9931
B,otro_nodo,0,64,c2c,30,70,0,60000,318.2906,318.2906,318.2906
B,otro_nodo,0,64,c2c,30,71,0,60000,313.2174,313.2174,313.2174
B,otro_nodo,0,64,c2c,30,72,0,60000,314.8791,314.8791,314.8791
B,otro_nodo,0,64,c2c,30,73,0,60000,321.0310,321.0310,321.0310
B,otro_nodo,0,64,c2c,30,74,0,60000,311.4458,311.4458,311.4458
B,otro_nodo,0,64,c2c,30,75,0,60000,316.4980,316.4980,316.4980
B,otro_nodo,0,64,c2c,30,76,0,60000,312.2643,312.2643,312.2643
B,otro_nodo,0,64,c2c,30,77,0,60000,312.8595,312.8595,312.8595
B,otro_nodo,0,64,c2c,30,78,0,60000,315.4634,315.4634,315.4634
B,otro_nodo,0,64,c2c,30,79,0,60000,313.5990,313.5990,313.5990
B,otro_nodo,0,64,c2c,30,80,0,60000,323.3265,323.3265,323.3265
B,otro_nodo,0,64,c2c,30,81,0,60000,326.6954,326.6954,326.6954
B,otro_nodo,0,64,c2c,30,82,0,60000,313.5497,313.5497,313.5497
B,otro_nodo,0,64,c2c,30,83,0,60000,323.2322,323.2322,323.2322
B,otro_nodo,0,64,c2c,30,84,0,60000,318.4467,318.4467,318.4467
B,otro_nodo,0,64,c2c,30,85,0,60000,319.1061,319.1061,319.1061
B,otro_nodo,0,64,c2c,30,86,0,60000,319.0142,319.0142,319.0142
B,otro_nodo,0,64,c2c,30,87,0,60000,325.8039,325.8039,325.8039
B,otro_nodo,0,64,c2c,30,88,0,60000,320.3347,320.3347,320.3347
B,otro_nodo,0,64,c2c,30,89,0,60000,321.0598,321.0598,321.0598
B,otro_nodo,0,64,c2c,30,90,0,60000,315.6311,315.6311,315.6311
B,otro_nodo,0,64,c2c,30,91,0,60000,318.6153,318.6153,318.6153
B,otro_nodo,0,64,c2c,30,92,0,60000,318.5394,318.5394,318.5394
B,otro_nodo,0,64,c2c,30,93,0,60000,319.2225,319.2225,319.2225
B,otro_nodo,0,64,c2c,30,94,0,60000,316.8249,316.8249,316.8249
B,otro_nodo,0,64,c2c,30,95,0,60000,323.5735,323.5735,323.5735
B,otro_nodo,0,64,c2c,30,96,0,60000,317.4071,317.4071,317.4071
B,otro_nodo,0,64,c2c,30,97,0,60000,323.4789,323.4789,323.4789
B,otro_nodo,0,64,c2c,30,98,0,60000,315.4811,315.4811,315.4811
B,otro_nodo,0,64,c2c,30,99,0,60000,318.0699,318.0699,318.0699
B,otro_nodo,0,64,c2c,30,100,0,60000,311.8409,311.8409,311.8409
B,otro_nodo,0,64,c2c,30,101,0,60000,315.0837,315.0837,315.0837
B,otro_nodo,0,64,c2c,30,102,0,60000,312.8813,312.8813,312.8813
B,otro_nodo,0,64,c2c,30,103,0,60000,319.0163,319.0163,319.0163
B,otro_nodo,0,64,c2c,30,104,0,60000,315.7013,315.7013,315.7013
B,otro_nodo,0,64,c2c,30,105,0,60000,323.4410,323.4410,323.4410
B,otro_nodo,0,64,c2c,30,106,0,60000,315.4567,315.4567,315.4567
B,otro_nodo,0,64,c2c,30,107,0,60000,316.9488,316.9488,316.9488
B,otro_nodo,0,64,c2c,30,108,0,60000,317.5225,317.5225,317.5225
B,otro_nodo,0,64,c2c,30,109,0,60000,317.4207,317.4207,317.4207
B,otro_nodo,0,64,c2c,30,110,0,60000,318.1184,318.1184,318.1184
B,otro_nodo,0,64,c2c,30,111,0,60000,318.8153,318.8153,318.8153
B,otro_nodo,0,64,c2c,30,112,0,60000,322.8006,322.8006,322.8006
B,otro_nodo,0,64,c2c,30,113,0,60000,324.3727,324.3727,324.3727
B,otro_nodo,0,64,c2c,30,114,0,60000,319.5165,319.5165,319.5165
B,otro_nodo,0,64,c2c,30,115,0,60000,323.8454,323.8454,323.8454
B,otro_nodo,0,64,c2c,30,116,0,60000,323.2088,323.2088,323.2088
B,otro_nodo,0,64,c2c,30,117,0,60000,325.3931,325.3931,325.3931
B,otro_nodo,0,64,c2c,30,118,0,60000,320.4413,320.4413,320.4413
B,otro_nodo,0,64,c2c,30,119,0,60000,323.5967,323.5967,323.5967
B,otro_nodo,0,64,c2c,30,120,0,60000,320.1991,320.1991,320.1991
B,otro_nodo,0,64,c2c,30,121,0,60000,321.8262,321.8262,321.8262
B,otro_nodo,0,64,c2c,30,122,0,60000,315.5250,315.5250,315.5250
B,otro_nodo,0,64,c2c,30,123,0,60000,319.5240,319.5240,319.5240
B,otro_nodo,0,64,c2c,30,124,0,60000,318.0955,318.0955,318.0955
B,otro_nodo,0,64,c2c,30,125,0,60000,321.8852,321.8852,321.8852
B,otro_nodo,0,64,c2c,30,126,0,60000,314.9025,314.9025,314.9025
B,otro_nodo,0,64,c2c,30,127,0,60000,325.6248,325.6248,325.6248
B,otro_ccd,0,64,c2c,31,32,0,60000,185.9555,185.9555,185.9555
B,otro_ccd,0,64,c2c,31,33,0,60000,187.1649,187.1649,187.1649
B,otro_ccd,0,64,c2c,31,34,0,60000,189.7404,189.7404,189.7404
B,otro_ccd,0,64,c2c,31,35,0,60000,189.0239,189.0239,189.0239
B,otro_ccd,0,64,c2c,31,36,0,60000,188.7391,188.7391,188.7391
B,otro_ccd,0,64,c2c,31,37,0,60000,187.8024,187.8024,187.8024
B,otro_ccd,0,64,c2c,31,38,0,60000,189.5829,189.5829,189.5829
B,otro_ccd,0,64,c2c,31,39,0,60000,189.5722,189.5722,189.5722
B,otro_ccd,0,64,c2c,31,40,0,60000,189.8223,189.8223,189.8223
B,otro_ccd,0,64,c2c,31,41,0,60000,189.3667,189.3667,189.3667
B,otro_ccd,0,64,c2c,31,42,0,60000,189.2213,189.2213,189.2213
B,otro_ccd,0,64,c2c,31,43,0,60000,188.7265,188.7265,188.7265
B,otro_ccd,0,64,c2c,31,44,0,60000,188.2740,188.2740,188.2740
B,otro_ccd,0,64,c2c,31,45,0,60000,188.4306,188.4306,188.4306
B,otro_ccd,0,64,c2c,31,46,0,60000,190.2432,190.2432,190.2432
B,otro_ccd,0,64,c2c,31,47,0,60000,188.4173,188.4173,188.4173
B,otro_ccd,0,64,c2c,31,48,0,60000,184.2922,184.2922,184.2922
B,otro_ccd,0,64,c2c,31,49,0,60000,185.1122,185.1122,185.1122
B,otro_ccd,0,64,c2c,31,50,0,60000,184.5215,184.5215,184.5215
B,otro_ccd,0,64,c2c,31,51,0,60000,186.2552,186.2552,186.2552
B,otro_ccd,0,64,c2c,31,52,0,60000,187.6368,187.6368,187.6368
B,otro_ccd,0,64,c2c,31,53,0,60000,185.3647,185.3647,185.3647
B,otro_ccd,0,64,c2c,31,54,0,60000,186.4374,186.4374,186.4374
B,otro_ccd,0,64,c2c,31,55,0,60000,189.2318,189.2318,189.2318
B,otro_ccd,0,64,c2c,31,56,0,60000,186.2344,186.2344,186.2344
B,otro_ccd,0,64,c2c,31,57,0,60000,187.5231,187.5231,187.5231
B,otro_ccd,0,64,c2c,31,58,0,60000,189.1125,189.1125,189.1125
B,otro_ccd,0,64,c2c,31,59,0,60000,186.0145,186.0145,186.0145
B,otro_ccd,0,64,c2c,31,60,0,60000,191.2029,191.2029,191.2029
B,otro_ccd,0,64,c2c,31,61,0,60000,189.3574,189.3574,189.3574
B,otro_ccd,0,64,c2c,31,62,0,60000,185.1540,185.1540,185.1540
B,otro_ccd,0,64,c2c,31,63,0,60000,191.6205,191.6205,191.6205
B,otro_nodo,0,64,c2c,31,64,0,60000,320.4748,320.4748,320.4748
B,otro_nodo,0,64,c2c,31,65,0,60000,322.4205,322.4205,322.4205
B,otro_nodo,0,64,c2c,31,66,0,60000,317.3118,317.3118,317.3118
B,otro_nodo,0,64,c2c,31,67,0,60000,310.9899,310.9899,310.9899
B,otro_nodo,0,64,c2c,31,68,0,60000,316.9959,316.9959,316.9959
B,otro_nodo,0,64,c2c,31,69,0,60000,319.2552,319.2552,319.2552
B,otro_nodo,0,64,c2c,31,70,0,60000,314.9224,314.9224,314.9224
B,otro_nodo,0,64,c2c,31,71,0,60000,315.5300,315.5300,315.5300
B,otro_nodo,0,64,c2c,31,72,0,60000,319.7538,319.7538,319.7538
B,otro_nodo,0,64,c2c,31,73,0,60000,320.8385,320.8385,320.8385
B,otro_nodo,0,64,c2c,31,74,0,60000,312.8417,312.8417,312.8417
B,otro_nodo,0,64,c2c,31,75,0,60000,312.7555,312.7555,312.7555
B,otro_nodo,0,64,c2c,31,76,0,60000,315.1464,315.1464,315.1464
B,otro_nodo,0,64,c2c,31,77,0,60000,317.5176,317.5176,317.5176
B,otro_nodo,0,64,c2c,31,78,0,60000,317.5926,317.5926,317.5926
B,otro_nodo,0,64,c2c,31,79,0,60000,315.2790,315.2790,315.2790
B,otro_nodo,0,64,c2c,31,80,0,60000,326.3326,326.3326,326.3326
B,otro_nodo,0,64,c2c,31,81,0,60000,320.9265,320.9265,320.9265
B,otro_nodo,0,64,c2c,31,82,0,60000,319.9821,319.9821,319.9821
B,otro_nodo,0,64,c2c,31,83,0,60000,318.8015,318.8015,318.8015
B,otro_nodo,0,64,c2c,31,84,0,60000,321.4453,321.4453,321.4453
B,otro_nodo,0,64,c2c,31,85,0,60000,319.9581,319.9581,319.9581
B,otro_nodo,0,64,c2c,31,86,0,60000,321.9978,321.9978,321.9978
B,otro_nodo,0,64,c2c,31,87,0,60000,322.8270,322.8270,322.8270
B,otro_nodo,0,64,c2c,31,88,0,60000,325.5496,325.5496,325.5496
B,otro_nodo,0,64,c2c,31,89,0,60000,327.3537,327.3537,327.3537
B,otro_nodo,0,64,c2c,31,90,0,60000,318.8574,318.8574,318.8574
B,otro_nodo,0,64,c2c,31,91,0,60000,318.1328,318.1328,318.1328
B,otro_nodo,0,64,c2c,31,92,0,60000,321.4675,321.4675,321.4675
B,otro_nodo,0,64,c2c,31,93,0,60000,320.7095,320.7095,320.7095
B,otro_nodo,0,64,c2c,31,94,0,60000,320.8273,320.8273,320.8273
B,otro_nodo,0,64,c2c,31,95,0,60000,320.9415,320.9415,320.9415
B,otro_nodo,0,64,c2c,31,96,0,60000,320.9137,320.9137,320.9137
B,otro_nodo,0,64,c2c,31,97,0,60000,324.3089,324.3089,324.3089
B,otro_nodo,0,64,c2c,31,98,0,60000,325.0014,325.0014,325.0014
B,otro_nodo,0,64,c2c,31,99,0,60000,324.9480,324.9480,324.9480
B,otro_nodo,0,64,c2c,31,100,0,60000,327.6730,327.6730,327.6730
B,otro_nodo,0,64,c2c,31,101,0,60000,322.6439,322.6439,322.6439
B,otro_nodo,0,64,c2c,31,102,0,60000,327.0759,327.0759,327.0759
B,otro_nodo,0,64,c2c,31,103,0,60000,326.3613,326.3613,326.3613
B,otro_nodo,0,64,c2c,31,104,0,60000,325.0256,325.0256,325.0256
B,otro_nodo,0,64,c2c,31,105,0,60000,324.7984,324.7984,324.7984
B,otro_nodo,0,64,c2c,31,106,0,60000,327.2998,327.2998,327.2998
B,otro_nodo,0,64,c2c,31,107,0,60000,322.2207,322.2207,322.2207
B,otro_nodo,0,64,c2c,31,108,0,60000,326.8442,326.8442,326.8442
B,otro_nodo,0,64,c2c,31,109,0,60000,326.3385,326.3385,326.3385
B,otro_nodo,0,64,c2c,31,110,0,60000,325.0431,325.0431,325.0431
B,otro_nodo,0,64,c2c,31,111,0,60000,324.7140,324.7140,324.7140
B,otro_nodo,0,64,c2c,31,112,0,60000,328.9527,328.9527,328.9527
B,otro_nodo,0,64,c2c,31,113,0,60000,329.0183,329.0183,329.0183
B,otro_nodo,0,64,c2c,31,114,0,60000,329.5894,329.5894,329.5894
B,otro_nodo,0,64,c2c,31,115,0,60000,322.8238,322.8238,322.8238
B,otro_nodo,0,64,c2c,31,116,0,60000,331.4977,331.4977,331.4977
B,otro_nodo,0,64,c2c,31,117,0,60000,331.2275,331.2275,331.2275
B,otro_nodo,0,64,c2c,31,118,0,60000,326.3329,326.3329,326.3329
B,otro_nodo,0,64,c2c,31,119,0,60000,321.6073,321.6073,321.6073
B,otro_nodo,0,64,c2c,31,120,0,60000,328.9119,328.9119,328.9119
B,otro_nodo,0,64,c2c,31,121,0,60000,323.1341,323.1341,323.1341
B,otro_nodo,0,64,c2c,31,122,0,60000,317.2647,317.2647,317.2647
B,otro_nodo,0,64,c2c,31,123,0,60000,320.4007,320.4007,320.4007
B,otro_nodo,0,64,c2c,31,124,0,60000,319.7914,319.7914,319.7914
B,otro_nodo,0,64,c2c,31,125,0,60000,316.8635,316.8635,316.8635
B,otro_nodo,0,64,c2c,31,126,0,60000,320.8397,320.8397,320.8397
B,otro_nodo,0,64,c2c,31,127,0,60000,320.5727,320.5727,320.5727
B,mismo_ccd,0,64,c2c,32,33,0,60000,27.3740,27.3740,27.3740
B,mismo_ccd,0,64,c2c,32,34,0,60000,27.4183,27.4183,27.4183
B,mismo_ccd,0,64,c2c,32,35,0,60000,27.2494,27.2494,27.2494
B,mismo_ccd,0,64,c2c,32,36,0,60000,27.3499,27.3499,27.3499
B,mismo_ccd,0,64,c2c,32,37,0,60000,27.1082,27.1082,27.1082
B,mismo_ccd,0,64,c2c,32,38,0,60000,27.2624,27.2624,27.2624
B,mismo_ccd,0,64,c2c,32,39,0,60000,27.2074,27.2074,27.2074
B,otro_ccd,0,64,c2c,32,40,0,60000,130.5338,130.5338,130.5338
B,otro_ccd,0,64,c2c,32,41,0,60000,146.0370,146.0370,146.0370
B,otro_ccd,0,64,c2c,32,42,0,60000,203.8913,203.8913,203.8913
B,otro_ccd,0,64,c2c,32,43,0,60000,190.9371,190.9371,190.9371
B,otro_ccd,0,64,c2c,32,44,0,60000,197.9343,197.9343,197.9343
B,otro_ccd,0,64,c2c,32,45,0,60000,186.5712,186.5712,186.5712
B,otro_ccd,0,64,c2c,32,46,0,60000,189.9029,189.9029,189.9029
B,otro_ccd,0,64,c2c,32,47,0,60000,195.5930,195.5930,195.5930
B,otro_ccd,0,64,c2c,32,48,0,60000,190.4760,190.4760,190.4760
B,otro_ccd,0,64,c2c,32,49,0,60000,200.2328,200.2328,200.2328
B,otro_ccd,0,64,c2c,32,50,0,60000,203.5615,203.5615,203.5615
B,otro_ccd,0,64,c2c,32,51,0,60000,192.9050,192.9050,192.9050
B,otro_ccd,0,64,c2c,32,52,0,60000,205.4236,205.4236,205.4236
B,otro_ccd,0,64,c2c,32,53,0,60000,190.2678,190.2678,190.2678
B,otro_ccd,0,64,c2c,32,54,0,60000,195.0166,195.0166,195.0166
B,otro_ccd,0,64,c2c,32,55,0,60000,200.9572,200.9572,200.9572
B,otro_ccd,0,64,c2c,32,56,0,60000,189.8883,189.8883,189.8883
B,otro_ccd,0,64,c2c,32,57,0,60000,198.7704,198.7704,198.7704
B,otro_ccd,0,64,c2c,32,58,0,60000,202.2854,202.2854,202.2854
B,otro_ccd,0,64,c2c,32,59,0,60000,188.7345,188.7345,188.7345
B,otro_ccd,0,64,c2c,32,60,0,60000,202.3454,202.3454,202.3454
B,otro_ccd,0,64,c2c,32,61,0,60000,189.6148,189.6148,189.6148
B,otro_ccd,0,64,c2c,32,62,0,60000,194.6950,194.6950,194.6950
B,otro_ccd,0,64,c2c,32,63,0,60000,199.9411,199.9411,199.9411
B,otro_nodo,0,64,c2c,32,64,0,60000,319.3758,319.3758,319.3758
B,otro_nodo,0,64,c2c,32,65,0,60000,331.0657,331.0657,331.0657
B,otro_nodo,0,64,c2c,32,66,0,60000,333.8065,333.8065,333.8065
B,otro_nodo,0,64,c2c,32,67,0,60000,319.4118,319.4118,319.4118
B,otro_nodo,0,64,c2c,32,68,0,60000,330.4958,330.4958,330.4958
B,otro_nodo,0,64,c2c,32,69,0,60000,315.9940,315.9940,315.9940
B,otro_nodo,0,64,c2c,32,70,0,60000,323.4431,323.4431,323.4431
B,otro_nodo,0,64,c2c,32,71,0,60000,327.0572,327.0572,327.0572
B,otro_nodo,0,64,c2c,32,72,0,60000,318.8865,318.8865,318.8865
B,otro_nodo,0,64,c2c,32,73,0,60000,325.2415,325.2415,325.2415
B,otro_nodo,0,64,c2c,32,74,0,60000,333.5060,333.5060,333.5060
B,otro_nodo,0,64,c2c,32,75,0,60000,319.0257,319.0257,319.0257
B,otro_nodo,0,64,c2c,32,76,0,60000,327.1074,327.1074,327.1074
B,otro_nodo,0,64,c2c,32,77,0,60000,315.9927,315.9927,315.9927
B,otro_nodo,0,64,c2c,32,78,0,60000,322.5604,322.5604,322.5604
B,otro_nodo,0,64,c2c,32,79,0,60000,326.0030,326.0030,326.0030
B,otro_nodo,0,64,c2c,32,80,0,60000,319.4717,319.4717,319.4717
B,otro_nodo,0,64,c2c,32,81,0,60000,338.4434,338.4434,338.4434
B,otro_nodo,0,64,c2c,32,82,0,60000,337.2709,337.2709,337.2709
B,otro_nodo,0,64,c2c,32,83,0,60000,320.8450,320.8450,320.8450
B,otro_nodo,0,64,c2c,32,84,0,60000,333.0216,333.0216,333.0216
B,otro_nodo,0,64,c2c,32,85,0,60000,323.4489,323.4489,323.4489
B,otro_nodo,0,64,c2c,32,86,0,60000,328.7853,328.7853,328.7853
B,otro_nodo,0,64,c2c,32,87,0,60000,333.8330,333.8330,333.8330
B,otro_nodo,0,64,c2c,32,88,0,60000,321.5196,321.5196,321.5196
B,otro_nodo,0,64,c2c,32,89,0,60000,328.6928,328.6928,328.6928
B,otro_nodo,0,64,c2c,32,90,0,60000,337.0237,337.0237,337.0237
B,otro_nodo,0,64,c2c,32,91,0,60000,326.2047,326.2047,326.2047
B,otro_nodo,0,64,c2c,32,92,0,60000,333.3879,333.3879,333.3879
B,otro_nodo,0,64,c2c,32,93,0,60000,320.1781,320.1781,320.1781
B,otro_nodo,0,64,c2c,32,94,0,60000,326.9979,326.9979,326.9979
B,otro_nodo,0,64,c2c,32,95,0,60000,330.6926,330.6926,330.6926
B,otro_nodo,0,64,c2c,32,96,0,60000,316.8873,316.8873,316.8873
B,otro_nodo,0,64,c2c,32,97,0,60000,322.4599,322.4599,322.4599
B,otro_nodo,0,64,c2c,32,98,0,60000,330.6878,330.6878,330.6878
B,otro_nodo,0,64,c2c,32,99,0,60000,325.4463,325.4463,325.4463
B,otro_nodo,0,64,c2c,32,100,0,60000,324.7070,324.7070,324.7070
B,otro_nodo,0,64,c2c,32,101,0,60000,317.2326,317.2326,317.2326
B,otro_nodo,0,64,c2c,32,102,0,60000,327.9559,327.9559,327.9559
B,otro_nodo,0,64,c2c,32,103,0,60000,322.9800,322.9800,322.9800
B,otro_nodo,0,64,c2c,32,104,0,60000,316.1052,316.1052,316.1052
B,otro_nodo,0,64,c2c,32,105,0,60000,327.7595,327.7595,327.7595
B,otro_nodo,0,64,c2c,32,106,0,60000,329.2845,329.2845,329.2845
B,otro_nodo,0,64,c2c,32,107,0,60000,322.8787,322.8787,322.8787
B,otro_nodo,0,64,c2c,32,108,0,60000,323.2221,323.2221,323.2221
B,otro_nodo,0,64,c2c,32,109,0,60000,304.4590,304.4590,304.4590
B,otro_nodo,0,64,c2c,32,110,0,60000,314.9743,314.9743,314.9743
B,otro_nodo,0,64,c2c,32,111,0,60000,324.9727,324.9727,324.9727
B,otro_nodo,0,64,c2c,32,112,0,60000,311.3209,311.3209,311.3209
B,otro_nodo,0,64,c2c,32,113,0,60000,332.6787,332.6787,332.6787
B,otro_nodo,0,64,c2c,32,114,0,60000,334.3692,334.3692,334.3692
B,otro_nodo,0,64,c2c,32,115,0,60000,313.1785,313.1785,313.1785
B,otro_nodo,0,64,c2c,32,116,0,60000,335.5266,335.5266,335.5266
B,otro_nodo,0,64,c2c,32,117,0,60000,313.4218,313.4218,313.4218
B,otro_nodo,0,64,c2c,32,118,0,60000,317.4301,317.4301,317.4301
B,otro_nodo,0,64,c2c,32,119,0,60000,335.2181,335.2181,335.2181
B,otro_nodo,0,64,c2c,32,120,0,60000,307.5132,307.5132,307.5132
B,otro_nodo,0,64,c2c,32,121,0,60000,328.6152,328.6152,328.6152
B,otro_nodo,0,64,c2c,32,122,0,60000,336.7142,336.7142,336.7142
B,otro_nodo,0,64,c2c,32,123,0,60000,316.5342,316.5342,316.5342
B,otro_nodo,0,64,c2c,32,124,0,60000,332.8070,332.8070,332.8070
B,otro_nodo,0,64,c2c,32,125,0,60000,311.1884,311.1884,311.1884
B,otro_nodo,0,64,c2c,32,126,0,60000,314.6942,314.6942,314.6942
B,otro_nodo,0,64,c2c,32,127,0,60000,333.6671,333.6671,333.6671
B,mismo_ccd,0,64,c2c,33,34,0,60000,27.1368,27.1368,27.1368
B,mismo_ccd,0,64,c2c,33,35,0,60000,28.6014,28.6014,28.6014
B,mismo_ccd,0,64,c2c,33,36,0,60000,27.3741,27.3741,27.3741
B,mismo_ccd,0,64,c2c,33,37,0,60000,27.8513,27.8513,27.8513
B,mismo_ccd,0,64,c2c,33,38,0,60000,27.4329,27.4329,27.4329
B,mismo_ccd,0,64,c2c,33,39,0,60000,28.0262,28.0262,28.0262
B,otro_ccd,0,64,c2c,33,40,0,60000,180.7477,180.7477,180.7477
B,otro_ccd,0,64,c2c,33,41,0,60000,175.6702,175.6702,175.6702
B,otro_ccd,0,64,c2c,33,42,0,60000,174.2294,174.2294,174.2294
B,otro_ccd,0,64,c2c,33,43,0,60000,174.0612,174.0612,174.0612
B,otro_ccd,0,64,c2c,33,44,0,60000,172.9360,172.9360,172.9360
B,otro_ccd,0,64,c2c,33,45,0,60000,183.8483,183.8483,183.8483
B,otro_ccd,0,64,c2c,33,46,0,60000,168.1716,168.1716,168.1716
B,otro_ccd,0,64,c2c,33,47,0,60000,181.6058,181.6058,181.6058
B,otro_ccd,0,64,c2c,33,48,0,60000,174.2936,174.2936,174.2936
B,otro_ccd,0,64,c2c,33,49,0,60000,187.4684,187.4684,187.4684
B,otro_ccd,0,64,c2c,33,50,0,60000,172.6809,172.6809,172.6809
B,otro_ccd,0,64,c2c,33,51,0,60000,184.4582,184.4582,184.4582
B,otro_ccd,0,64,c2c,33,52,0,60000,184.9560,184.9560,184.9560
B,otro_ccd,0,64,c2c,33,53,0,60000,184.1107,184.1107,184.1107
B,otro_ccd,0,64,c2c,33,54,0,60000,179.8410,179.8410,179.8410
B,otro_ccd,0,64,c2c,33,55,0,60000,175.9977,175.9977,175.9977
B,otro_ccd,0,64,c2c,33,56,0,60000,174.1492,174.1492,174.1492
B,otro_ccd,0,64,c2c,33,57,0,60000,186.3221,186.3221,186.3221
B,otro_ccd,0,64,c2c,33,58,0,60000,190.1983,190.1983,190.1983
B,otro_ccd,0,64,c2c,33,59,0,60000,200.1930,200.1930,200.1930
B,otro_ccd,0,64,c2c,33,60,0,60000,203.0472,203.0472,203.0472
B,otro_ccd,0,64,c2c,33,61,0,60000,199.6190,199.6190,199.6190
B,otro_ccd,0,64,c2c,33,62,0,60000,196.1501,196.1501,196.1501
B,otro_ccd,0,64,c2c,33,63,0,60000,189.9049,189.9049,189.9049
B,otro_nodo,0,64,c2c,33,64,0,60000,317.2770,317.2770,317.2770
B,otro_nodo,0,64,c2c,33,65,0,60000,337.3640,337.3640,337.3640
B,otro_nodo,0,64,c2c,33,66,0,60000,320.2129,320.2129,320.2129
B,otro_nodo,0,64,c2c,33,67,0,60000,332.2952,332.2952,332.2952
B,otro_nodo,0,64,c2c,33,68,0,60000,332.4721,332.4721,332.4721
B,otro_nodo,0,64,c2c,33,69,0,60000,326.4314,326.4314,326.4314
B,otro_nodo,0,64,c2c,33,70,0,60000,329.3563,329.3563,329.3563
B,otro_nodo,0,64,c2c,33,71,0,60000,318.1924,318.1924,318.1924
B,otro_nodo,0,64,c2c,33,72,0,60000,315.8914,315.8914,315.8914
B,otro_nodo,0,64,c2c,33,73,0,60000,334.4739,334.4739,334.4739
B,otro_nodo,0,64,c2c,33,74,0,60000,319.5073,319.5073,319.5073
B,otro_nodo,0,64,c2c,33,75,0,60000,336.6402,336.6402,336.6402
B,otro_nodo,0,64,c2c,33,76,0,60000,330.5543,330.5543,330.5543
B,otro_nodo,0,64,c2c,33,77,0,60000,326.1483,326.1483,326.1483
B,otro_nodo,0,64,c2c,33,78,0,60000,328.9889,328.9889,328.9889
B,otro_nodo,0,64,c2c,33,79,0,60000,321.1305,321.1305,321.1305
B,otro_nodo,0,64,c2c,33,80,0,60000,332.2614,332.2614,332.2614
B,otro_nodo,0,64,c2c,33,81,0,60000,341.4667,341.4667,341.4667
B,otro_nodo,0,64,c2c,33,82,0,60000,323.0687,323.0687,323.0687
B,otro_nodo,0,64,c2c,33,83,0,60000,338.5594,338.5594,338.5594
B,otro_nodo,0,64,c2c,33,84,0,60000,331.7993,331.7993,331.7993
B,otro_nodo,0,64,c2c,33,85,0,60000,334.3689,334.3689,334.3689
B,otro_nodo,0,64,c2c,33,86,0,60000,334.4820,334.4820,334.4820
B,otro_nodo,0,64,c2c,33,87,0,60000,333.5206,333.5206,333.5206
B,otro_nodo,0,64,c2c,33,88,0,60000,331.0293,331.0293,331.0293
B,otro_nodo,0,64,c2c,33,89,0,60000,339.6165,339.6165,339.6165
B,otro_nodo,0,64,c2c,33,90,0,60000,322.3144,322.3144,322.3144
B,otro_nodo,0,64,c2c,33,91,0,60000,333.4104,333.4104,333.4104
B,otro_nodo,0,64,c2c,33,92,0,60000,330.9217,330.9217,330.9217
B,otro_nodo,0,64,c2c,33,93,0,60000,333.3895,333.3895,333.3895
B,otro_nodo,0,64,c2c,33,94,0,60000,331.8789,331.8789,331.8789
B,otro_nodo,0,64,c2c,33,95,0,60000,331.9197,331.9197,331.9197
B,otro_nodo,0,64,c2c,33,96,0,60000,322.1875,322.1875,322.1875
B,otro_nodo,0,64,c2c,33,97,0,60000,335.8551,335.8551,335.8551
B,otro_nodo,0,64,c2c,33,98,0,60000,324.0960,324.0960,324.0960
B,otro_nodo,0,64,c2c,33,99,0,60000,334.6305,334.6305,334.6305
B,otro_nodo,0,64,c2c,33,100,0,60000,333.4953,333.4953,333.4953
B,otro_nodo,0,64,c2c,33,101,0,60000,323.8498,323.8498,323.8498
B,otro_nodo,0,64,c2c,33,102,0,60000,329.2351,329.2351,329.2351
B,otro_nodo,0,64,c2c,33,103,0,60000,320.2921,320.2921,320.2921
B,otro_nodo,0,64,c2c,33,104,0,60000,319.8782,319.8782,319.8782
B,otro_nodo,0,64,c2c,33,105,0,60000,332.9355,332.9355,332.9355
B,otro_nodo,0,64,c2c,33,106,0,60000,312.8040,312.8040,312.8040
B,otro_nodo,0,64,c2c,33,107,0,60000,328.9911,328.9911,328.9911
B,otro_nodo,0,64,c2c,33,108,0,60000,325.0424,325.0424,325.0424
B,otro_nodo,0,64,c2c,33,109,0,60000,328.7838,328.7838,328.7838
B,otro_nodo,0,64,c2c,33,110,0,60000,328.0390,328.0390,328.0390
B,otro_nodo,0,64,c2c,33,111,0,60000,318.4145,318.4145,318.4145
B,otro_nodo,0,64,c2c,33,112,0,60000,324.8812,324.8812,324.8812
B,otro_nodo,0,64,c2c,33,113,0,60000,337.5778,337.5778,337.5778
B,otro_nodo,0,64,c2c,33,114,0,60000,321.8274,321.8274,321.8274
B,otro_nodo,0,64,c2c,33,115,0,60000,336.2342,336.2342,336.2342
B,otro_nodo,0,64,c2c,33,116,0,60000,335.7081,335.7081,335.7081
B,otro_nodo,0,64,c2c,33,117,0,60000,326.6029,326.6029,326.6029
B,otro_nodo,0,64,c2c,33,118,0,60000,328.4008,328.4008,328.4008
B,otro_nodo,0,64,c2c,33,119,0,60000,325.8152,325.8152,325.8152
B,otro_nodo,0,64,c2c,33,120,0,60000,324.2732,324.2732,324.2732
B,otro_nodo,0,64,c2c,33,121,0,60000,333.8824,333.8824,333.8824
B,otro_nodo,0,64,c2c,33,122,0,60000,319.6330,319.6330,319.6330
B,otro_nodo,0,64,c2c,33,123,0,60000,330.4418,330.4418,330.4418
B,otro_nodo,0,64,c2c,33,124,0,60000,329.3239,329.3239,329.3239
B,otro_nodo,0,64,c2c,33,125,0,60000,328.1289,328.1289,328.1289
B,otro_nodo,0,64,c2c,33,126,0,60000,324.5601,324.5601,324.5601
B,otro_nodo,0,64,c2c,33,127,0,60000,324.5985,324.5985,324.5985
B,mismo_ccd,0,64,c2c,34,35,0,60000,27.3971,27.3971,27.3971
B,mismo_ccd,0,64,c2c,34,36,0,60000,27.1517,27.1517,27.1517
B,mismo_ccd,0,64,c2c,34,37,0,60000,27.6515,27.6515,27.6515
B,mismo_ccd,0,64,c2c,34,38,0,60000,27.1406,27.1406,27.1406
B,mismo_ccd,0,64,c2c,34,39,0,60000,27.2797,27.2797,27.2797
B,otro_ccd,0,64,c2c,34,40,0,60000,174.9856,174.9856,174.9856
B,otro_ccd,0,64,c2c,34,41,0,60000,183.1989,183.1989,183.1989
B,otro_ccd,0,64,c2c,34,42,0,60000,175.2507,175.2507,175.2507
B,otro_ccd,0,64,c2c,34,43,0,60000,180.2727,180.2727,180.2727
B,otro_ccd,0,64,c2c,34,44,0,60000,186.4395,186.4395,186.4395
B,otro_ccd,0,64,c2c,34,45,0,60000,178.8195,178.8195,178.8195
B,otro_ccd,0,64,c2c,34,46,0,60000,180.0353,180.0353,180.0353
B,otro_ccd,0,64,c2c,34,47,0,60000,184.8335,184.8335,184.8335
B,otro_ccd,0,64,c2c,34,48,0,60000,174.3600,174.3600,174.3600
B,otro_ccd,0,64,c2c,34,49,0,60000,183.5339,183.5339,183.5339
B,otro_ccd,0,64,c2c,34,50,0,60000,175.0003,175.0003,175.0003
B,otro_ccd,0,64,c2c,34,51,0,60000,175.3384,175.3384,175.3384
B,otro_ccd,0,64,c2c,34,52,0,60000,179.7941,179.7941,179.7941
B,otro_ccd,0,64,c2c,34,53,0,60000,174.0609,174.0609,174.0609
B,otro_ccd,0,64,c2c,34,54,0,60000,172.9022,172.9022,172.9022
B,otro_ccd,0,64,c2c,34,55,0,60000,179.0210,179.0210,179.0210
B,otro_ccd,0,64,c2c,34,56,0,60000,175.0028,175.0028,175.0028
B,otro_ccd,0,64,c2c,34,57,0,60000,179.4110,179.4110,179.4110
B,otro_ccd,0,64,c2c,34,58,0,60000,173.1786,173.1786,173.1786
B,otro_ccd,0,64,c2c,34,59,0,60000,171.0085,171.0085,171.0085
B,otro_ccd,0,64,c2c,34,60,0,60000,176.1401,176.1401,176.1401
B,otro_ccd,0,64,c2c,34,61,0,60000,171.1528,171.1528,171.1528
B,otro_ccd,0,64,c2c,34,62,0,60000,173.4758,173.4758,173.4758
B,otro_ccd,0,64,c2c,34,63,0,60000,177.8228,177.8228,177.8228
B,otro_nodo,0,64,c2c,34,64,0,60000,310.6813,310.6813,310.6813
B,otro_nodo,0,64,c2c,34,65,0,60000,322.6244,322.6244,322.6244
B,otro_nodo,0,64,c2c,34,66,0,60000,309.4426,309.4426,309.4426
B,otro_nodo,0,64,c2c,34,67,0,60000,306.9688,306.9688,306.9688
B,otro_nodo,0,64,c2c,34,68,0,60000,327.0779,327.0779,327.0779
B,otro_nodo,0,64,c2c,34,69,0,60000,308.7584,308.7584,308.7584
B,otro_nodo,0,64,c2c,34,70,0,60000,318.4953,318.4953,318.4953
B,otro_nodo,0,64,c2c,34,71,0,60000,327.0592,327.0592,327.0592
B,otro_nodo,0,64,c2c,34,72,0,60000,323.8049,323.8049,323.8049
B,otro_nodo,0,64,c2c,34,73,0,60000,332.1330,332.1330,332.1330
B,otro_nodo,0,64,c2c,34,74,0,60000,327.0102,327.0102,327.0102
B,otro_nodo,0,64,c2c,34,75,0,60000,323.6753,323.6753,323.6753
B,otro_nodo,0,64,c2c,34,76,0,60000,330.0911,330.0911,330.0911
B,otro_nodo,0,64,c2c,34,77,0,60000,328.3267,328.3267,328.3267
B,otro_nodo,0,64,c2c,34,78,0,60000,326.3350,326.3350,326.3350
B,otro_nodo,0,64,c2c,34,79,0,60000,321.6529,321.6529,321.6529
B,otro_nodo,0,64,c2c,34,80,0,60000,336.3537,336.3537,336.3537
B,otro_nodo,0,64,c2c,34,81,0,60000,337.8063,337.8063,337.8063
B,otro_nodo,0,64,c2c,34,82,0,60000,330.6903,330.6903,330.6903
B,otro_nodo,0,64,c2c,34,83,0,60000,328.4755,328.4755,328.4755
B,otro_nodo,0,64,c2c,34,84,0,60000,333.2792,333.2792,333.2792
B,otro_nodo,0,64,c2c,34,85,0,60000,333.9177,333.9177,333.9177
B,otro_nodo,0,64,c2c,34,86,0,60000,332.6472,332.6472,332.6472
B,otro_nodo,0,64,c2c,34,87,0,60000,333.0536,333.0536,333.0536
B,otro_nodo,0,64,c2c,34,88,0,60000,335.1758,335.1758,335.1758
B,otro_nodo,0,64,c2c,34,89,0,60000,333.2874,333.2874,333.2874
B,otro_nodo,0,64,c2c,34,90,0,60000,329.1276,329.1276,329.1276
B,otro_nodo,0,64,c2c,34,91,0,60000,328.4098,328.4098,328.4098
B,otro_nodo,0,64,c2c,34,92,0,60000,332.0333,332.0333,332.0333
B,otro_nodo,0,64,c2c,34,93,0,60000,333.0367,333.0367,333.0367
B,otro_nodo,0,64,c2c,34,94,0,60000,329.9644,329.9644,329.9644
B,otro_nodo,0,64,c2c,34,95,0,60000,332.2772,332.2772,332.2772
B,otro_nodo,0,64,c2c,34,96,0,60000,329.1068,329.1068,329.1068
B,otro_nodo,0,64,c2c,34,97,0,60000,331.2529,331.2529,331.2529
B,otro_nodo,0,64,c2c,34,98,0,60000,324.0486,324.0486,324.0486
B,otro_nodo,0,64,c2c,34,99,0,60000,325.0320,325.0320,325.0320
B,otro_nodo,0,64,c2c,34,100,0,60000,327.1574,327.1574,327.1574
B,otro_nodo,0,64,c2c,34,101,0,60000,326.3006,326.3006,326.3006
B,otro_nodo,0,64,c2c,34,102,0,60000,332.8637,332.8637,332.8637
B,otro_nodo,0,64,c2c,34,103,0,60000,322.0509,322.0509,322.0509
B,otro_nodo,0,64,c2c,34,104,0,60000,326.2325,326.2325,326.2325
B,otro_nodo,0,64,c2c,34,105,0,60000,333.0623,333.0623,333.0623
B,otro_nodo,0,64,c2c,34,106,0,60000,317.4122,317.4122,317.4122
B,otro_nodo,0,64,c2c,34,107,0,60000,330.6545,330.6545,330.6545
B,otro_nodo,0,64,c2c,34,108,0,60000,336.1642,336.1642,336.1642
B,otro_nodo,0,64,c2c,34,109,0,60000,325.6821,325.6821,325.6821
B,otro_nodo,0,64,c2c,34,110,0,60000,333.2973,333.2973,333.2973
B,otro_nodo,0,64,c2c,34,111,0,60000,319.7508,319.7508,319.7508
B,otro_nodo,0,64,c2c,34,112,0,60000,330.2361,330.2361,330.2361
B,otro_nodo,0,64,c2c,34,113,0,60000,340.1213,340.1213,340.1213
B,otro_nodo,0,64,c2c,34,114,0,60000,323.6575,323.6575,323.6575
B,otro_nodo,0,64,c2c,34,115,0,60000,334.6140,334.6140,334.6140
B,otro_nodo,0,64,c2c,34,116,0,60000,335.1358,335.1358,335.1358
B,otro_nodo,0,64,c2c,34,117,0,60000,325.3233,325.3233,325.3233
B,otro_nodo,0,64,c2c,34,118,0,60000,333.3046,333.3046,333.3046
B,otro_nodo,0,64,c2c,34,119,0,60000,322.3492,322.3492,322.3492
B,otro_nodo,0,64,c2c,34,120,0,60000,324.6855,324.6855,324.6855
B,otro_nodo,0,64,c2c,34,121,0,60000,335.4918,335.4918,335.4918
B,otro_nodo,0,64,c2c,34,122,0,60000,324.7464,324.7464,324.7464
B,otro_nodo,0,64,c2c,34,123,0,60000,335.2454,335.2454,335.2454
B,otro_nodo,0,64,c2c,34,124,0,60000,330.2008,330.2008,330.2008
B,otro_nodo,0,64,c2c,34,125,0,60000,324.2808,324.2808,324.2808
B,otro_nodo,0,64,c2c,34,126,0,60000,332.4113,332.4113,332.4113
B,otro_nodo,0,64,c2c,34,127,0,60000,323.6888,323.6888,323.6888
B,mismo_ccd,0,64,c2c,35,36,0,60000,27.4237,27.4237,27.4237
B,mismo_ccd,0,64,c2c,35,37,0,60000,27.6831,27.6831,27.6831
B,mismo_ccd,0,64,c2c,35,38,0,60000,27.3732,27.3732,27.3732
B,mismo_ccd,0,64,c2c,35,39,0,60000,28.4495,28.4495,28.4495
B,otro_ccd,0,64,c2c,35,40,0,60000,199.6472,199.6472,199.6472
B,otro_ccd,0,64,c2c,35,41,0,60000,190.1600,190.1600,190.1600
B,otro_ccd,0,64,c2c,35,42,0,60000,191.4963,191.4963,191.4963
B,otro_ccd,0,64,c2c,35,43,0,60000,189.4874,189.4874,189.4874
B,otro_ccd,0,64,c2c,35,44,0,60000,190.7527,190.7527,190.7527
B,otro_ccd,0,64,c2c,35,45,0,60000,196.3937,196.3937,196.3937
B,otro_ccd,0,64,c2c,35,46,0,60000,189.9908,189.9908,189.9908
B,otro_ccd,0,64,c2c,35,47,0,60000,195.0422,195.0422,195.0422
B,otro_ccd,0,64,c2c,35,48,0,60000,200.3171,200.3171,200.3171
B,otro_ccd,0,64,c2c,35,49,0,60000,196.1569,196.1569,196.1569
B,otro_ccd,0,64,c2c,35,50,0,60000,200.2768,200.2768,200.2768
B,otro_ccd,0,64,c2c,35,51,0,60000,175.9622,175.9622,175.9622
B,otro_ccd,0,64,c2c,35,52,0,60000,177.9143,177.9143,177.9143
B,otro_ccd,0,64,c2c,35,53,0,60000,187.2204,187.2204,187.2204
B,otro_ccd,0,64,c2c,35,54,0,60000,175.2670,175.2670,175.2670
B,otro_ccd,0,64,c2c,35,55,0,60000,185.2333,185.2333,185.2333
B,otro_ccd,0,64,c2c,35,56,0,60000,187.0268,187.0268,187.0268
B,otro_ccd,0,64,c2c,35,57,0,60000,180.0896,180.0896,180.0896
B,otro_ccd,0,64,c2c,35,58,0,60000,180.6367,180.6367,180.6367
B,otro_ccd,0,64,c2c,35,59,0,60000,173.6503,173.6503,173.6503
B,otro_ccd,0,64,c2c,35,60,0,60000,175.3642,175.3642,175.3642
B,otro_ccd,0,64,c2c,35,61,0,60000,184.6737,184.6737,184.6737
B,otro_ccd,0,64,c2c,35,62,0,60000,176.6236,176.6236,176.6236
B,otro_ccd,0,64,c2c,35,63,0,60000,183.4233,183.4233,183.4233
B,otro_nodo,0,64,c2c,35,64,0,60000,325.9066,325.9066,325.9066
B,otro_nodo,0,64,c2c,35,65,0,60000,314.9752,314.9752,314.9752
B,otro_nodo,0,64,c2c,35,66,0,60000,324.1462,324.1462,324.1462
B,otro_nodo,0,64,c2c,35,67,0,60000,311.1601,311.1601,311.1601
B,otro_nodo,0,64,c2c,35,68,0,60000,313.1951,313.1951,313.1951
B,otro_nodo,0,64,c2c,35,69,0,60000,328.6740,328.6740,328.6740
B,otro_nodo,0,64,c2c,35,70,0,60000,310.8713,310.8713,310.8713
B,otro_nodo,0,64,c2c,35,71,0,60000,327.5689,327.5689,327.5689
B,otro_nodo,0,64,c2c,35,72,0,60000,326.9551,326.9551,326.9551
B,otro_nodo,0,64,c2c,35,73,0,60000,325.6925,325.6925,325.6925
B,otro_nodo,0,64,c2c,35,74,0,60000,329.0306,329.0306,329.0306
B,otro_nodo,0,64,c2c,35,75,0,60000,322.3249,322.3249,322.3249
B,otro_nodo,0,64,c2c,35,76,0,60000,324.4476,324.4476,324.4476
B,otro_nodo,0,64,c2c,35,77,0,60000,322.8282,322.8282,322.8282
B,otro_nodo,0,64,c2c,35,78,0,60000,328.7157,328.7157,328.7157
B,otro_nodo,0,64,c2c,35,79,0,60000,327.5392,327.5392,327.5392
B,otro_nodo,0,64,c2c,35,80,0,60000,338.2780,338.2780,338.2780
B,otro_nodo,0,64,c2c,35,81,0,60000,334.1257,334.1257,334.1257
B,otro_nodo,0,64,c2c,35,82,0,60000,329.1607,329.1607,329.1607
B,otro_nodo,0,64,c2c,35,83,0,60000,327.2185,327.2185,327.2185
B,otro_nodo,0,64,c2c,35,84,0,60000,330.7757,330.7757,330.7757
B,otro_nodo,0,64,c2c,35,85,0,60000,332.3599,332.3599,332.3599
B,otro_nodo,0,64,c2c,35,86,0,60000,329.2855,329.2855,329.2855
B,otro_nodo,0,64,c2c,35,87,0,60000,333.0279,333.0279,333.0279
B,otro_nodo,0,64,c2c,35,88,0,60000,333.9882,333.9882,333.9882
B,otro_nodo,0,64,c2c,35,89,0,60000,331.1371,331.1371,331.1371
B,otro_nodo,0,64,c2c,35,90,0,60000,328.1636,328.1636,328.1636
B,otro_nodo,0,64,c2c,35,91,0,60000,324.9662,324.9662,324.9662
B,otro_nodo,0,64,c2c,35,92,0,60000,327.6923,327.6923,327.6923
B,otro_nodo,0,64,c2c,35,93,0,60000,331.8408,331.8408,331.8408
B,otro_nodo,0,64,c2c,35,94,0,60000,325.9633,325.9633,325.9633
B,otro_nodo,0,64,c2c,35,95,0,60000,331.7910,331.7910,331.7910
B,otro_nodo,0,64,c2c,35,96,0,60000,334.1236,334.1236,334.1236
B,otro_nodo,0,64,c2c,35,97,0,60000,328.1372,328.1372,328.1372
B,otro_nodo,0,64,c2c,35,98,0,60000,331.8297,331.8297,331.8297
B,otro_nodo,0,64,c2c,35,99,0,60000,318.7473,318.7473,318.7473
B,otro_nodo,0,64,c2c,35,100,0,60000,325.6489,325.6489,325.6489
B,otro_nodo,0,64,c2c,35,101,0,60000,336.1156,336.1156,336.1156
B,otro_nodo,0,64,c2c,35,102,0,60000,321.3837,321.3837,321.3837
B,otro_nodo,0,64,c2c,35,103,0,60000,332.0373,332.0373,332.0373
B,otro_nodo,0,64,c2c,35,104,0,60000,333.6650,333.6650,333.6650
B,otro_nodo,0,64,c2c,35,105,0,60000,326.5966,326.5966,326.5966
B,otro_nodo,0,64,c2c,35,106,0,60000,328.9610,328.9610,328.9610
B,otro_nodo,0,64,c2c,35,107,0,60000,317.9037,317.9037,317.9037
B,otro_nodo,0,64,c2c,35,108,0,60000,322.4220,322.4220,322.4220
B,otro_nodo,0,64,c2c,35,109,0,60000,332.5991,332.5991,332.5991
B,otro_nodo,0,64,c2c,35,110,0,60000,322.1071,322.1071,322.1071
B,otro_nodo,0,64,c2c,35,111,0,60000,332.7522,332.7522,332.7522
B,otro_nodo,0,64,c2c,35,112,0,60000,338.6059,338.6059,338.6059
B,otro_nodo,0,64,c2c,35,113,0,60000,330.5788,330.5788,330.5788
B,otro_nodo,0,64,c2c,35,114,0,60000,335.5507,335.5507,335.5507
B,otro_nodo,0,64,c2c,35,115,0,60000,315.8359,315.8359,315.8359
B,otro_nodo,0,64,c2c,35,116,0,60000,313.2164,313.2164,313.2164
B,otro_nodo,0,64,c2c,35,117,0,60000,336.2545,336.2545,336.2545
B,otro_nodo,0,64,c2c,35,118,0,60000,311.4490,311.4490,311.4490
B,otro_nodo,0,64,c2c,35,119,0,60000,334.9386,334.9386,334.9386
B,otro_nodo,0,64,c2c,35,120,0,60000,332.9399,332.9399,332.9399
B,otro_nodo,0,64,c2c,35,121,0,60000,313.4040,313.4040,313.4040
B,otro_nodo,0,64,c2c,35,122,0,60000,326.3077,326.3077,326.3077
B,otro_nodo,0,64,c2c,35,123,0,60000,314.4889,314.4889,314.4889
B,otro_nodo,0,64,c2c,35,124,0,60000,313.6465,313.6465,313.6465
B,otro_nodo,0,64,c2c,35,125,0,60000,334.7451,334.7451,334.7451
B,otro_nodo,0,64,c2c,35,126,0,60000,315.4406,315.4406,315.4406
B,otro_nodo,0,64,c2c,35,127,0,60000,333.3663,333.3663,333.3663
B,mismo_ccd,0,64,c2c,36,37,0,60000,27.3845,27.3845,27.3845
B,mismo_ccd,0,64,c2c,36,38,0,60000,27.1648,27.1648,27.1648
B,mismo_ccd,0,64,c2c,36,39,0,60000,27.2937,27.2937,27.2937
B,otro_ccd,0,64,c2c,36,40,0,60000,161.5476,161.5476,161.5476
B,otro_ccd,0,64,c2c,36,41,0,60000,165.5682,165.5682,165.5682
B,otro_ccd,0,64,c2c,36,42,0,60000,183.2540,183.2540,183.2540
B,otro_ccd,0,64,c2c,36,43,0,60000,167.1999,167.1999,167.1999
B,otro_ccd,0,64,c2c,36,44,0,60000,176.2861,176.2861,176.2861
B,otro_ccd,0,64,c2c,36,45,0,60000,181.9464,181.9464,181.9464
B,otro_ccd,0,64,c2c,36,46,0,60000,188.7738,188.7738,188.7738
B,otro_ccd,0,64,c2c,36,47,0,60000,191.3409,191.3409,191.3409
B,otro_ccd,0,64,c2c,36,48,0,60000,187.8353,187.8353,187.8353
B,otro_ccd,0,64,c2c,36,49,0,60000,195.2872,195.2872,195.2872
B,otro_ccd,0,64,c2c,36,50,0,60000,199.7509,199.7509,199.7509
B,otro_ccd,0,64,c2c,36,51,0,60000,191.2086,191.2086,191.2086
B,otro_ccd,0,64,c2c,36,52,0,60000,191.1285,191.1285,191.1285
B,otro_ccd,0,64,c2c,36,53,0,60000,200.6317,200.6317,200.6317
B,otro_ccd,0,64,c2c,36,54,0,60000,187.4459,187.4459,187.4459
B,otro_ccd,0,64,c2c,36,55,0,60000,197.4861,197.4861,197.4861
B,otro_ccd,0,64,c2c,36,56,0,60000,186.9597,186.9597,186.9597
B,otro_ccd,0,64,c2c,36,57,0,60000,193.0114,193.0114,193.0114
B,otro_ccd,0,64,c2c,36,58,0,60000,199.6098,199.6098,199.6098
B,otro_ccd,0,64,c2c,36,59,0,60000,189.6712,189.6712,189.6712
B,otro_ccd,0,64,c2c,36,60,0,60000,190.0536,190.0536,190.0536
B,otro_ccd,0,64,c2c,36,61,0,60000,197.9362,197.9362,197.9362
B,otro_ccd,0,64,c2c,36,62,0,60000,189.4649,189.4649,189.4649
B,otro_ccd,0,64,c2c,36,63,0,60000,196.4760,196.4760,196.4760
B,otro_nodo,0,64,c2c,36,64,0,60000,313.3649,313.3649,313.3649
B,otro_nodo,0,64,c2c,36,65,0,60000,320.7948,320.7948,320.7948
B,otro_nodo,0,64,c2c,36,66,0,60000,326.7460,326.7460,326.7460
B,otro_nodo,0,64,c2c,36,67,0,60000,327.2514,327.2514,327.2514
B,otro_nodo,0,64,c2c,36,68,0,60000,318.9305,318.9305,318.9305
B,otro_nodo,0,64,c2c,36,69,0,60000,326.8523,326.8523,326.8523
B,otro_nodo,0,64,c2c,36,70,0,60000,320.2471,320.2471,320.2471
B,otro_nodo,0,64,c2c,36,71,0,60000,326.4347,326.4347,326.4347
B,otro_nodo,0,64,c2c,36,72,0,60000,320.4042,320.4042,320.4042
B,otro_nodo,0,64,c2c,36,73,0,60000,329.1235,329.1235,329.1235
B,otro_nodo,0,64,c2c,36,74,0,60000,324.4482,324.4482,324.4482
B,otro_nodo,0,64,c2c,36,75,0,60000,328.4818,328.4818,328.4818
B,otro_nodo,0,64,c2c,36,76,0,60000,315.6939,315.6939,315.6939
B,otro_nodo,0,64,c2c,36,77,0,60000,327.0646,327.0646,327.0646
B,otro_nodo,0,64,c2c,36,78,0,60000,324.6026,324.6026,324.6026
B,otro_nodo,0,64,c2c,36,79,0,60000,324.7691,324.7691,324.7691
B,otro_nodo,0,64,c2c,36,80,0,60000,323.2345,323.2345,323.2345
B,otro_nodo,0,64,c2c,36,81,0,60000,334.7926,334.7926,334.7926
B,otro_nodo,0,64,c2c,36,82,0,60000,338.2237,338.2237,338.2237
B,otro_nodo,0,64,c2c,36,83,0,60000,328.6991,328.6991,328.6991
B,otro_nodo,0,64,c2c,36,84,0,60000,319.6782,319.6782,319.6782
B,otro_nodo,0,64,c2c,36,85,0,60000,337.3887,337.3887,337.3887
B,otro_nodo,0,64,c2c,36,86,0,60000,331.0539,331.0539,331.0539
B,otro_nodo,0,64,c2c,36,87,0,60000,332.8279,332.8279,332.8279
B,otro_nodo,0,64,c2c,36,88,0,60000,313.8459,313.8459,313.8459
B,otro_nodo,0,64,c2c,36,89,0,60000,324.7694,324.7694,324.7694
B,otro_nodo,0,64,c2c,36,90,0,60000,335.0995,335.0995,335.0995
B,otro_nodo,0,64,c2c,36,91,0,60000,323.6340,323.6340,323.6340
B,otro_nodo,0,64,c2c,36,92,0,60000,323.6403,323.6403,323.6403
B,otro_nodo,0,64,c2c,36,93,0,60000,336.7289,336.7289,336.7289
B,otro_nodo,0,64,c2c,36,94,0,60000,325.6217,325.6217,325.6217
B,otro_nodo,0,64,c2c,36,95,0,60000,333.1226,333.1226,333.1226
B,otro_nodo,0,64,c2c,36,96,0,60000,314.5701,314.5701,314.5701
B,otro_nodo,0,64,c2c,36,97,0,60000,327.9996,327.9996,327.9996
B,otro_nodo,0,64,c2c,36,98,0,60000,330.3386,330.3386,330.3386
B,otro_nodo,0,64,c2c,36,99,0,60000,316.5500,316.5500,316.5500
B,otro_nodo,0,64,c2c,36,100,0,60000,328.4854,328.4854,328.4854
B,otro_nodo,0,64,c2c,36,101,0,60000,332.3416,332.3416,332.3416
B,otro_nodo,0,64,c2c,36,102,0,60000,318.0676,318.0676,318.0676
B,otro_nodo,0,64,c2c,36,103,0,60000,329.4065,329.4065,329.4065
B,otro_nodo,0,64,c2c,36,104,0,60000,317.8343,317.8343,317.8343
B,otro_nodo,0,64,c2c,36,105,0,60000,324.0792,324.0792,324.0792
B,otro_nodo,0,64,c2c,36,106,0,60000,330.4299,330.4299,330.4299
B,otro_nodo,0,64,c2c,36,107,0,60000,316.4157,316.4157,316.4157
B,otro_nodo,0,64,c2c,36,108,0,60000,323.4136,323.4136,323.4136
B,otro_nodo,0,64,c2c,36,109,0,60000,329.2575,329.2575,329.2575
B,otro_nodo,0,64,c2c,36,110,0,60000,317.0046,317.0046,317.0046
B,otro_nodo,0,64,c2c,36,111,0,60000,322.9184,322.9184,322.9184
B,otro_nodo,0,64,c2c,36,112,0,60000,321.4078,321.4078,321.4078
B,otro_nodo,0,64,c2c,36,113,0,60000,330.1460,330.1460,330.1460
B,otro_nodo,0,64,c2c,36,114,0,60000,327.1402,327.1402,327.1402
B,otro_nodo,0,64,c2c,36,115,0,60000,328.8728,328.8728,328.8728
B,otro_nodo,0,64,c2c,36,116,0,60000,321.5354,321.5354,321.5354
B,otro_nodo,0,64,c2c,36,117,0,60000,325.0732,325.0732,325.0732
B,otro_nodo,0,64,c2c,36,118,0,60000,320.1882,320.1882,320.1882
B,otro_nodo,0,64,c2c,36,119,0,60000,325.9167,325.9167,325.9167
B,otro_nodo,0,64,c2c,36,120,0,60000,317.7959,317.7959,317.7959
B,otro_nodo,0,64,c2c,36,121,0,60000,326.1708,326.1708,326.1708
B,otro_nodo,0,64,c2c,36,122,0,60000,327.3331,327.3331,327.3331
B,otro_nodo,0,64,c2c,36,123,0,60000,327.3362,327.3362,327.3362
B,otro_nodo,0,64,c2c,36,124,0,60000,319.0137,319.0137,319.0137
B,otro_nodo,0,64,c2c,36,125,0,60000,325.9526,325.9526,325.9526
B,otro_nodo,0,64,c2c,36,126,0,60000,329.2197,329.2197,329.2197
B,otro_nodo,0,64,c2c,36,127,0,60000,321.0809,321.0809,321.0809
B,mismo_ccd,0,64,c2c,37,38,0,60000,27.3479,27.3479,27.3479
B,mismo_ccd,0,64,c2c,37,39,0,60000,27.1573,27.1573,27.1573
B,otro_ccd,0,64,c2c,37,40,0,60000,186.0144,186.0144,186.0144
B,otro_ccd,0,64,c2c,37,41,0,60000,186.0830,186.0830,186.0830
B,otro_ccd,0,64,c2c,37,42,0,60000,190.8233,190.8233,190.8233
B,otro_ccd,0,64,c2c,37,43,0,60000,193.9492,193.9492,193.9492
B,otro_ccd,0,64,c2c,37,44,0,60000,191.0553,191.0553,191.0553
B,otro_ccd,0,64,c2c,37,45,0,60000,188.4015,188.4015,188.4015
B,otro_ccd,0,64,c2c,37,46,0,60000,191.1464,191.1464,191.1464
B,otro_ccd,0,64,c2c,37,47,0,60000,189.8649,189.8649,189.8649
B,otro_ccd,0,64,c2c,37,48,0,60000,197.5771,197.5771,197.5771
B,otro_ccd,0,64,c2c,37,49,0,60000,189.5770,189.5770,189.5770
B,otro_ccd,0,64,c2c,37,50,0,60000,195.3699,195.3699,195.3699
B,otro_ccd,0,64,c2c,37,51,0,60000,199.5720,199.5720,199.5720
B,otro_ccd,0,64,c2c,37,52,0,60000,196.9790,196.9790,196.9790
B,otro_ccd,0,64,c2c,37,53,0,60000,191.0968,191.0968,191.0968
B,otro_ccd,0,64,c2c,37,54,0,60000,195.0771,195.0771,195.0771
B,otro_ccd,0,64,c2c,37,55,0,60000,190.5425,190.5425,190.5425
B,otro_ccd,0,64,c2c,37,56,0,60000,202.0565,202.0565,202.0565
B,otro_ccd,0,64,c2c,37,57,0,60000,188.7590,188.7590,188.7590
B,otro_ccd,0,64,c2c,37,58,0,60000,195.5653,195.5653,195.5653
B,otro_ccd,0,64,c2c,37,59,0,60000,199.9397,199.9397,199.9397
B,otro_ccd,0,64,c2c,37,60,0,60000,195.1997,195.1997,195.1997
B,otro_ccd,0,64,c2c,37,61,0,60000,190.1759,190.1759,190.1759
B,otro_ccd,0,64,c2c,37,62,0,60000,191.9434,191.9434,191.9434
B,otro_ccd,0,64,c2c,37,63,0,60000,188.6604,188.6604,188.6604
B,otro_nodo,0,64,c2c,37,64,0,60000,323.5455,323.5455,323.5455
B,otro_nodo,0,64,c2c,37,65,0,60000,322.0947,322.0947,322.0947
B,otro_nodo,0,64,c2c,37,66,0,60000,323.2633,323.2633,323.2633
B,otro_nodo,0,64,c2c,37,67,0,60000,326.9551,326.9551,326.9551
B,otro_nodo,0,64,c2c,37,68,0,60000,327.6564,327.6564,327.6564
B,otro_nodo,0,64,c2c,37,69,0,60000,314.7765,314.7765,314.7765
B,otro_nodo,0,64,c2c,37,70,0,60000,324.9222,324.9222,324.9222
B,otro_nodo,0,64,c2c,37,71,0,60000,324.9652,324.9652,324.9652
B,otro_nodo,0,64,c2c,37,72,0,60000,323.4596,323.4596,323.4596
B,otro_nodo,0,64,c2c,37,73,0,60000,320.4807,320.4807,320.4807
B,otro_nodo,0,64,c2c,37,74,0,60000,322.9899,322.9899,322.9899
B,otro_nodo,0,64,c2c,37,75,0,60000,326.5116,326.5116,326.5116
B,otro_nodo,0,64,c2c,37,76,0,60000,328.5846,328.5846,328.5846
B,otro_nodo,0,64,c2c,37,77,0,60000,316.9121,316.9121,316.9121
B,otro_nodo,0,64,c2c,37,78,0,60000,324.8599,324.8599,324.8599
B,otro_nodo,0,64,c2c,37,79,0,60000,322.9333,322.9333,322.9333
B,otro_nodo,0,64,c2c,37,80,0,60000,331.0889,331.0889,331.0889
B,otro_nodo,0,64,c2c,37,81,0,60000,320.0659,320.0659,320.0659
B,otro_nodo,0,64,c2c,37,82,0,60000,326.3804,326.3804,326.3804
B,otro_nodo,0,64,c2c,37,83,0,60000,328.6404,328.6404,328.6404
B,otro_nodo,0,64,c2c,37,84,0,60000,322.5875,322.5875,322.5875
B,otro_nodo,0,64,c2c,37,85,0,60000,312.9289,312.9289,312.9289
B,otro_nodo,0,64,c2c,37,86,0,60000,324.7927,324.7927,324.7927
B,otro_nodo,0,64,c2c,37,87,0,60000,327.8477,327.8477,327.8477
B,otro_nodo,0,64,c2c,37,88,0,60000,323.7092,323.7092,323.7092
B,otro_nodo,0,64,c2c,37,89,0,60000,319.0550,319.0550,319.0550
B,otro_nodo,0,64,c2c,37,90,0,60000,316.5688,316.5688,316.5688
B,otro_nodo,0,64,c2c,37,91,0,60000,318.4987,318.4987,318.4987
B,otro_nodo,0,64,c2c,37,92,0,60000,321.1987,321.1987,321.1987
B,otro_nodo,0,64,c2c,37,93,0,60000,313.4161,313.4161,313.4161
B,otro_nodo,0,64,c2c,37,94,0,60000,320.6148,320.6148,320.6148
B,otro_nodo,0,64,c2c,37,95,0,60000,329.3681,329.3681,329.3681
B,otro_nodo,0,64,c2c,37,96,0,60000,317.0324,317.0324,317.0324
B,otro_nodo,0,64,c2c,37,97,0,60000,313.9700,313.9700,313.9700
B,otro_nodo,0,64,c2c,37,98,0,60000,314.7674,314.7674,314.7674
B,otro_nodo,0,64,c2c,37,99,0,60000,313.0961,313.0961,313.0961
B,otro_nodo,0,64,c2c,37,100,0,60000,324.7114,324.7114,324.7114
B,otro_nodo,0,64,c2c,37,101,0,60000,307.2566,307.2566,307.2566
B,otro_nodo,0,64,c2c,37,102,0,60000,321.9225,321.9225,321.9225
B,otro_nodo,0,64,c2c,37,103,0,60000,319.7318,319.7318,319.7318
B,otro_nodo,0,64,c2c,37,104,0,60000,316.9338,316.9338,316.9338
B,otro_nodo,0,64,c2c,37,105,0,60000,317.5408,317.5408,317.5408
B,otro_nodo,0,64,c2c,37,106,0,60000,327.3182,327.3182,327.3182
B,otro_nodo,0,64,c2c,37,107,0,60000,326.4000,326.4000,326.4000
B,otro_nodo,0,64,c2c,37,108,0,60000,326.8476,326.8476,326.8476
B,otro_nodo,0,64,c2c,37,109,0,60000,315.6401,315.6401,315.6401
B,otro_nodo,0,64,c2c,37,110,0,60000,328.1045,328.1045,328.1045
B,otro_nodo,0,64,c2c,37,111,0,60000,322.8365,322.8365,322.8365
B,otro_nodo,0,64,c2c,37,112,0,60000,336.9628,336.9628,336.9628
B,otro_nodo,0,64,c2c,37,113,0,60000,325.3071,325.3071,325.3071
B,otro_nodo,0,64,c2c,37,114,0,60000,329.9900,329.9900,329.9900
B,otro_nodo,0,64,c2c,37,115,0,60000,331.9006,331.9006,331.9006
B,otro_nodo,0,64,c2c,37,116,0,60000,333.3664,333.3664,333.3664
B,otro_nodo,0,64,c2c,37,117,0,60000,326.3298,326.3298,326.3298
B,otro_nodo,0,64,c2c,37,118,0,60000,331.5867,331.5867,331.5867
B,otro_nodo,0,64,c2c,37,119,0,60000,329.7121,329.7121,329.7121
B,otro_nodo,0,64,c2c,37,120,0,60000,334.3042,334.3042,334.3042
B,otro_nodo,0,64,c2c,37,121,0,60000,329.4688,329.4688,329.4688
B,otro_nodo,0,64,c2c,37,122,0,60000,327.3842,327.3842,327.3842
B,otro_nodo,0,64,c2c,37,123,0,60000,328.7457,328.7457,328.7457
B,otro_nodo,0,64,c2c,37,124,0,60000,332.3951,332.3951,332.3951
B,otro_nodo,0,64,c2c,37,125,0,60000,323.2974,323.2974,323.2974
B,otro_nodo,0,64,c2c,37,126,0,60000,319.3855,319.3855,319.3855
B,otro_nodo,0,64,c2c,37,127,0,60000,325.1461,325.1461,325.1461
B,mismo_ccd,0,64,c2c,38,39,0,60000,27.1655,27.1655,27.1655
B,otro_ccd,0,64,c2c,38,40,0,60000,189.3100,189.3100,189.3100
B,otro_ccd,0,64,c2c,38,41,0,60000,192.0717,192.0717,192.0717
B,otro_ccd,0,64,c2c,38,42,0,60000,196.7789,196.7789,196.7789
B,otro_ccd,0,64,c2c,38,43,0,60000,189.2344,189.2344,189.2344
B,otro_ccd,0,64,c2c,38,44,0,60000,197.5565,197.5565,197.5565
B,otro_ccd,0,64,c2c,38,45,0,60000,190.8871,190.8871,190.8871
B,otro_ccd,0,64,c2c,38,46,0,60000,193.4521,193.4521,193.4521
B,otro_ccd,0,64,c2c,38,47,0,60000,190.5638,190.5638,190.5638
B,otro_ccd,0,64,c2c,38,48,0,60000,192.1777,192.1777,192.1777
B,otro_ccd,0,64,c2c,38,49,0,60000,199.0281,199.0281,199.0281
B,otro_ccd,0,64,c2c,38,50,0,60000,199.6436,199.6436,199.6436
B,otro_ccd,0,64,c2c,38,51,0,60000,199.5245,199.5245,199.5245
B,otro_ccd,0,64,c2c,38,52,0,60000,203.9854,203.9854,203.9854
B,otro_ccd,0,64,c2c,38,53,0,60000,195.1307,195.1307,195.1307
B,otro_ccd,0,64,c2c,38,54,0,60000,201.0008,201.0008,201.0008
B,otro_ccd,0,64,c2c,38,55,0,60000,196.4859,196.4859,196.4859
B,otro_ccd,0,64,c2c,38,56,0,60000,190.4829,190.4829,190.4829
B,otro_ccd,0,64,c2c,38,57,0,60000,197.5438,197.5438,197.5438
B,otro_ccd,0,64,c2c,38,58,0,60000,203.1304,203.1304,203.1304
B,otro_ccd,0,64,c2c,38,59,0,60000,196.1165,196.1165,196.1165
B,otro_ccd,0,64,c2c,38,60,0,60000,199.3200,199.3200,199.3200
B,otro_ccd,0,64,c2c,38,61,0,60000,191.2933,191.2933,191.2933
B,otro_ccd,0,64,c2c,38,62,0,60000,200.3564,200.3564,200.3564
B,otro_ccd,0,64,c2c,38,63,0,60000,190.7455,190.7455,190.7455
B,otro_nodo,0,64,c2c,38,64,0,60000,317.1845,317.1845,317.1845
B,otro_nodo,0,64,c2c,38,65,0,60000,327.8979,327.8979,327.8979
B,otro_nodo,0,64,c2c,38,66,0,60000,329.9950,329.9950,329.9950
B,otro_nodo,0,64,c2c,38,67,0,60000,323.1653,323.1653,323.1653
B,otro_nodo,0,64,c2c,38,68,0,60000,325.1919,325.1919,325.1919
B,otro_nodo,0,64,c2c,38,69,0,60000,319.7054,319.7054,319.7054
B,otro_nodo,0,64,c2c,38,70,0,60000,326.9886,326.9886,326.9886
B,otro_nodo,0,64,c2c,38,71,0,60000,321.0757,321.0757,321.0757
B,otro_nodo,0,64,c2c,38,72,0,60000,315.9030,315.9030,315.9030
B,otro_nodo,0,64,c2c,38,73,0,60000,321.4047,321.4047,321.4047
B,otro_nodo,0,64,c2c,38,74,0,60000,325.6983,325.6983,325.6983
B,otro_nodo,0,64,c2c,38,75,0,60000,321.9473,321.9473,321.9473
B,otro_nodo,0,64,c2c,38,76,0,60000,323.3050,323.3050,323.3050
B,otro_nodo,0,64,c2c,38,77,0,60000,318.1403,318.1403,318.1403
B,otro_nodo,0,64,c2c,38,78,0,60000,326.7763,326.7763,326.7763
B,otro_nodo,0,64,c2c,38,79,0,60000,322.5589,322.5589,322.5589
B,otro_nodo,0,64,c2c,38,80,0,60000,327.0609,327.0609,327.0609
B,otro_nodo,0,64,c2c,38,81,0,60000,325.6219,325.6219,325.6219
B,otro_nodo,0,64,c2c,38,82,0,60000,335.5346,335.5346,335.5346
B,otro_nodo,0,64,c2c,38,83,0,60000,326.8621,326.8621,326.8621
B,otro_nodo,0,64,c2c,38,84,0,60000,330.9772,330.9772,330.9772
B,otro_nodo,0,64,c2c,38,85,0,60000,328.8991,328.8991,328.8991
B,otro_nodo,0,64,c2c,38,86,0,60000,328.4285,328.4285,328.4285
B,otro_nodo,0,64,c2c,38,87,0,60000,328.3741,328.3741,328.3741
B,otro_nodo,0,64,c2c,38,88,0,60000,330.5336,330.5336,330.5336
B,otro_nodo,0,64,c2c,38,89,0,60000,329.3164,329.3164,329.3164
B,otro_nodo,0,64,c2c,38,90,0,60000,334.0017,334.0017,334.0017
B,otro_nodo,0,64,c2c,38,91,0,60000,329.5971,329.5971,329.5971
B,otro_nodo,0,64,c2c,38,92,0,60000,329.3689,329.3689,329.3689
B,otro_nodo,0,64,c2c,38,93,0,60000,327.3016,327.3016,327.3016
B,otro_nodo,0,64,c2c,38,94,0,60000,327.6425,327.6425,327.6425
B,otro_nodo,0,64,c2c,38,95,0,60000,326.5336,326.5336,326.5336
B,otro_nodo,0,64,c2c,38,96,0,60000,322.7022,322.7022,322.7022
B,otro_nodo,0,64,c2c,38,97,0,60000,323.8981,323.8981,323.8981
B,otro_nodo,0,64,c2c,38,98,0,60000,325.7244,325.7244,325.7244
B,otro_nodo,0,64,c2c,38,99,0,60000,326.8529,326.8529,326.8529
B,otro_nodo,0,64,c2c,38,100,0,60000,325.9644,325.9644,325.9644
B,otro_nodo,0,64,c2c,38,101,0,60000,314.6273,314.6273,314.6273
B,otro_nodo,0,64,c2c,38,102,0,60000,313.2092,313.2092,313.2092
B,otro_nodo,0,64,c2c,38,103,0,60000,328.9734,328.9734,328.9734
B,otro_nodo,0,64,c2c,38,104,0,60000,310.8530,310.8530,310.8530
B,otro_nodo,0,64,c2c,38,105,0,60000,324.3536,324.3536,324.3536
B,otro_nodo,0,64,c2c,38,106,0,60000,324.8215,324.8215,324.8215
B,otro_nodo,0,64,c2c,38,107,0,60000,314.0201,314.0201,314.0201
B,otro_nodo,0,64,c2c,38,108,0,60000,321.5325,321.5325,321.5325
B,otro_nodo,0,64,c2c,38,109,0,60000,314.9884,314.9884,314.9884
B,otro_nodo,0,64,c2c,38,110,0,60000,313.5004,313.5004,313.5004
B,otro_nodo,0,64,c2c,38,111,0,60000,324.9243,324.9243,324.9243
B,otro_nodo,0,64,c2c,38,112,0,60000,315.4776,315.4776,315.4776
B,otro_nodo,0,64,c2c,38,113,0,60000,331.0631,331.0631,331.0631
B,otro_nodo,0,64,c2c,38,114,0,60000,332.5134,332.5134,332.5134
B,otro_nodo,0,64,c2c,38,115,0,60000,316.4166,316.4166,316.4166
B,otro_nodo,0,64,c2c,38,116,0,60000,334.9759,334.9759,334.9759
B,otro_nodo,0,64,c2c,38,117,0,60000,311.5347,311.5347,311.5347
B,otro_nodo,0,64,c2c,38,118,0,60000,319.5390,319.5390,319.5390
B,otro_nodo,0,64,c2c,38,119,0,60000,326.7351,326.7351,326.7351
B,otro_nodo,0,64,c2c,38,120,0,60000,315.9579,315.9579,315.9579
B,otro_nodo,0,64,c2c,38,121,0,60000,328.7300,328.7300,328.7300
B,otro_nodo,0,64,c2c,38,122,0,60000,333.3885,333.3885,333.3885
B,otro_nodo,0,64,c2c,38,123,0,60000,323.9757,323.9757,323.9757
B,otro_nodo,0,64,c2c,38,124,0,60000,317.3363,317.3363,317.3363
B,otro_nodo,0,64,c2c,38,125,0,60000,323.7855,323.7855,323.7855
B,otro_nodo,0,64,c2c,38,126,0,60000,328.1481,328.1481,328.1481
B,otro_nodo,0,64,c2c,38,127,0,60000,311.5385,311.5385,311.5385
B,otro_ccd,0,64,c2c,39,40,0,60000,178.4497,178.4497,178.4497
B,otro_ccd,0,64,c2c,39,41,0,60000,171.5459,171.5459,171.5459
B,otro_ccd,0,64,c2c,39,42,0,60000,169.9575,169.9575,169.9575
B,otro_ccd,0,64,c2c,39,43,0,60000,183.0915,183.0915,183.0915
B,otro_ccd,0,64,c2c,39,44,0,60000,169.3171,169.3171,169.3171
B,otro_ccd,0,64,c2c,39,45,0,60000,186.4986,186.4986,186.4986
B,otro_ccd,0,64,c2c,39,46,0,60000,186.8381,186.8381,186.8381
B,otro_ccd,0,64,c2c,39,47,0,60000,169.8336,169.8336,169.8336
B,otro_ccd,0,64,c2c,39,48,0,60000,174.0730,174.0730,174.0730
B,otro_ccd,0,64,c2c,39,49,0,60000,186.7974,186.7974,186.7974
B,otro_ccd,0,64,c2c,39,50,0,60000,184.9689,184.9689,184.9689
B,otro_ccd,0,64,c2c,39,51,0,60000,183.6479,183.6479,183.6479
B,otro_ccd,0,64,c2c,39,52,0,60000,181.5182,181.5182,181.5182
B,otro_ccd,0,64,c2c,39,53,0,60000,178.9461,178.9461,178.9461
B,otro_ccd,0,64,c2c,39,54,0,60000,178.7467,178.7467,178.7467
B,otro_ccd,0,64,c2c,39,55,0,60000,183.1040,183.1040,183.1040
B,otro_ccd,0,64,c2c,39,56,0,60000,189.2834,189.2834,189.2834
B,otro_ccd,0,64,c2c,39,57,0,60000,201.0402,201.0402,201.0402
B,otro_ccd,0,64,c2c,39,58,0,60000,199.6730,199.6730,199.6730
B,otro_ccd,0,64,c2c,39,59,0,60000,199.1774,199.1774,199.1774
B,otro_ccd,0,64,c2c,39,60,0,60000,198.2177,198.2177,198.2177
B,otro_ccd,0,64,c2c,39,61,0,60000,196.1769,196.1769,196.1769
B,otro_ccd,0,64,c2c,39,62,0,60000,196.1760,196.1760,196.1760
B,otro_ccd,0,64,c2c,39,63,0,60000,196.5872,196.5872,196.5872
B,otro_nodo,0,64,c2c,39,64,0,60000,313.6027,313.6027,313.6027
B,otro_nodo,0,64,c2c,39,65,0,60000,330.7773,330.7773,330.7773
B,otro_nodo,0,64,c2c,39,66,0,60000,332.4004,332.4004,332.4004
B,otro_nodo,0,64,c2c,39,67,0,60000,325.7690,325.7690,325.7690
B,otro_nodo,0,64,c2c,39,68,0,60000,329.0156,329.0156,329.0156
B,otro_nodo,0,64,c2c,39,69,0,60000,324.7762,324.7762,324.7762
B,otro_nodo,0,64,c2c,39,70,0,60000,324.7449,324.7449,324.7449
B,otro_nodo,0,64,c2c,39,71,0,60000,333.1347,333.1347,333.1347
B,otro_nodo,0,64,c2c,39,72,0,60000,312.1240,312.1240,312.1240
B,otro_nodo,0,64,c2c,39,73,0,60000,331.3964,331.3964,331.3964
B,otro_nodo,0,64,c2c,39,74,0,60000,329.8810,329.8810,329.8810
B,otro_nodo,0,64,c2c,39,75,0,60000,326.7956,326.7956,326.7956
B,otro_nodo,0,64,c2c,39,76,0,60000,327.6003,327.6003,327.6003
B,otro_nodo,0,64,c2c,39,77,0,60000,330.2620,330.2620,330.2620
B,otro_nodo,0,64,c2c,39,78,0,60000,327.9450,327.9450,327.9450
B,otro_nodo,0,64,c2c,39,79,0,60000,323.4915,323.4915,323.4915
B,otro_nodo,0,64,c2c,39,80,0,60000,328.8789,328.8789,328.8789
B,otro_nodo,0,64,c2c,39,81,0,60000,333.7522,333.7522,333.7522
B,otro_nodo,0,64,c2c,39,82,0,60000,334.3984,334.3984,334.3984
B,otro_nodo,0,64,c2c,39,83,0,60000,333.5449,333.5449,333.5449
B,otro_nodo,0,64,c2c,39,84,0,60000,335.6139,335.6139,335.6139
B,otro_nodo,0,64,c2c,39,85,0,60000,333.6507,333.6507,333.6507
B,otro_nodo,0,64,c2c,39,86,0,60000,335.5838,335.5838,335.5838
B,otro_nodo,0,64,c2c,39,87,0,60000,337.0763,337.0763,337.0763
B,otro_nodo,0,64,c2c,39,88,0,60000,327.1399,327.1399,327.1399
B,otro_nodo,0,64,c2c,39,89,0,60000,336.1339,336.1339,336.1339
B,otro_nodo,0,64,c2c,39,90,0,60000,336.2292,336.2292,336.2292
B,otro_nodo,0,64,c2c,39,91,0,60000,334.6160,334.6160,334.6160
B,otro_nodo,0,64,c2c,39,92,0,60000,333.0655,333.0655,333.0655
B,otro_nodo,0,64,c2c,39,93,0,60000,335.0875,335.0875,335.0875
B,otro_nodo,0,64,c2c,39,94,0,60000,335.9668,335.9668,335.9668
B,otro_nodo,0,64,c2c,39,95,0,60000,334.8196,334.8196,334.8196
B,otro_nodo,0,64,c2c,39,96,0,60000,322.5211,322.5211,322.5211
B,otro_nodo,0,64,c2c,39,97,0,60000,334.1374,334.1374,334.1374
B,otro_nodo,0,64,c2c,39,98,0,60000,331.0332,331.0332,331.0332
B,otro_nodo,0,64,c2c,39,99,0,60000,324.4223,324.4223,324.4223
B,otro_nodo,0,64,c2c,39,100,0,60000,324.8902,324.8902,324.8902
B,otro_nodo,0,64,c2c,39,101,0,60000,328.9471,328.9471,328.9471
B,otro_nodo,0,64,c2c,39,102,0,60000,328.5820,328.5820,328.5820
B,otro_nodo,0,64,c2c,39,103,0,60000,318.9316,318.9316,318.9316
B,otro_nodo,0,64,c2c,39,104,0,60000,318.0766,318.0766,318.0766
B,otro_nodo,0,64,c2c,39,105,0,60000,323.8754,323.8754,323.8754
B,otro_nodo,0,64,c2c,39,106,0,60000,324.8877,324.8877,324.8877
B,otro_nodo,0,64,c2c,39,107,0,60000,325.9260,325.9260,325.9260
B,otro_nodo,0,64,c2c,39,108,0,60000,325.1437,325.1437,325.1437
B,otro_nodo,0,64,c2c,39,109,0,60000,325.5866,325.5866,325.5866
B,otro_nodo,0,64,c2c,39,110,0,60000,324.5051,324.5051,324.5051
B,otro_nodo,0,64,c2c,39,111,0,60000,325.6386,325.6386,325.6386
B,otro_nodo,0,64,c2c,39,112,0,60000,327.9160,327.9160,327.9160
B,otro_nodo,0,64,c2c,39,113,0,60000,333.3965,333.3965,333.3965
B,otro_nodo,0,64,c2c,39,114,0,60000,334.3175,334.3175,334.3175
B,otro_nodo,0,64,c2c,39,115,0,60000,329.1028,329.1028,329.1028
B,otro_nodo,0,64,c2c,39,116,0,60000,331.4434,331.4434,331.4434
B,otro_nodo,0,64,c2c,39,117,0,60000,326.7545,326.7545,326.7545
B,otro_nodo,0,64,c2c,39,118,0,60000,327.6238,327.6238,327.6238
B,otro_nodo,0,64,c2c,39,119,0,60000,328.9070,328.9070,328.9070
B,otro_nodo,0,64,c2c,39,120,0,60000,326.6251,326.6251,326.6251
B,otro_nodo,0,64,c2c,39,121,0,60000,327.1557,327.1557,327.1557
B,otro_nodo,0,64,c2c,39,122,0,60000,328.6315,328.6315,328.6315
B,otro_nodo,0,64,c2c,39,123,0,60000,325.6167,325.6167,325.6167
B,otro_nodo,0,64,c2c,39,124,0,60000,325.6943,325.6943,325.6943
B,otro_nodo,0,64,c2c,39,125,0,60000,323.8908,323.8908,323.8908
B,otro_nodo,0,64,c2c,39,126,0,60000,326.0788,326.0788,326.0788
B,otro_nodo,0,64,c2c,39,127,0,60000,324.6465,324.6465,324.6465
B,mismo_ccd,0,64,c2c,40,41,0,60000,27.2127,27.2127,27.2127
B,mismo_ccd,0,64,c2c,40,42,0,60000,27.0971,27.0971,27.0971
B,mismo_ccd,0,64,c2c,40,43,0,60000,27.7645,27.7645,27.7645
B,mismo_ccd,0,64,c2c,40,44,0,60000,27.0106,27.0106,27.0106
B,mismo_ccd,0,64,c2c,40,45,0,60000,27.1446,27.1446,27.1446
B,mismo_ccd,0,64,c2c,40,46,0,60000,27.0993,27.0993,27.0993
B,mismo_ccd,0,64,c2c,40,47,0,60000,27.5294,27.5294,27.5294
B,otro_ccd,0,64,c2c,40,48,0,60000,173.4088,173.4088,173.4088
B,otro_ccd,0,64,c2c,40,49,0,60000,169.8298,169.8298,169.8298
B,otro_ccd,0,64,c2c,40,50,0,60000,173.9193,173.9193,173.9193
B,otro_ccd,0,64,c2c,40,51,0,60000,185.9561,185.9561,185.9561
B,otro_ccd,0,64,c2c,40,52,0,60000,173.0573,173.0573,173.0573
B,otro_ccd,0,64,c2c,40,53,0,60000,175.4441,175.4441,175.4441
B,otro_ccd,0,64,c2c,40,54,0,60000,173.5813,173.5813,173.5813
B,otro_ccd,0,64,c2c,40,55,0,60000,175.8376,175.8376,175.8376
B,otro_ccd,0,64,c2c,40,56,0,60000,184.7594,184.7594,184.7594
B,otro_ccd,0,64,c2c,40,57,0,60000,170.0661,170.0661,170.0661
B,otro_ccd,0,64,c2c,40,58,0,60000,172.5273,172.5273,172.5273
B,otro_ccd,0,64,c2c,40,59,0,60000,186.3691,186.3691,186.3691
B,otro_ccd,0,64,c2c,40,60,0,60000,175.5581,175.5581,175.5581
B,otro_ccd,0,64,c2c,40,61,0,60000,173.6730,173.6730,173.6730
B,otro_ccd,0,64,c2c,40,62,0,60000,174.0659,174.0659,174.0659
B,otro_ccd,0,64,c2c,40,63,0,60000,175.8182,175.8182,175.8182
B,otro_nodo,0,64,c2c,40,64,0,60000,322.6249,322.6249,322.6249
B,otro_nodo,0,64,c2c,40,65,0,60000,300.4386,300.4386,300.4386
B,otro_nodo,0,64,c2c,40,66,0,60000,319.9629,319.9629,319.9629
B,otro_nodo,0,64,c2c,40,67,0,60000,325.8227,325.8227,325.8227
B,otro_nodo,0,64,c2c,40,68,0,60000,307.4427,307.4427,307.4427
B,otro_nodo,0,64,c2c,40,69,0,60000,321.1303,321.1303,321.1303
B,otro_nodo,0,64,c2c,40,70,0,60000,311.0993,311.0993,311.0993
B,otro_nodo,0,64,c2c,40,71,0,60000,310.4101,310.4101,310.4101
B,otro_nodo,0,64,c2c,40,72,0,60000,324.5673,324.5673,324.5673
B,otro_nodo,0,64,c2c,40,73,0,60000,300.6230,300.6230,300.6230
B,otro_nodo,0,64,c2c,40,74,0,60000,318.7207,318.7207,318.7207
B,otro_nodo,0,64,c2c,40,75,0,60000,319.3297,319.3297,319.3297
B,otro_nodo,0,64,c2c,40,76,0,60000,329.8703,329.8703,329.8703
B,otro_nodo,0,64,c2c,40,77,0,60000,324.6158,324.6158,324.6158
B,otro_nodo,0,64,c2c,40,78,0,60000,328.0903,328.0903,328.0903
B,otro_nodo,0,64,c2c,40,79,0,60000,324.3026,324.3026,324.3026
B,otro_nodo,0,64,c2c,40,80,0,60000,339.3966,339.3966,339.3966
B,otro_nodo,0,64,c2c,40,81,0,60000,325.5807,325.5807,325.5807
B,otro_nodo,0,64,c2c,40,82,0,60000,333.4734,333.4734,333.4734
B,otro_nodo,0,64,c2c,40,83,0,60000,322.4091,322.4091,322.4091
B,otro_nodo,0,64,c2c,40,84,0,60000,334.7040,334.7040,334.7040
B,otro_nodo,0,64,c2c,40,85,0,60000,330.6122,330.6122,330.6122
B,otro_nodo,0,64,c2c,40,86,0,60000,333.1982,333.1982,333.1982
B,otro_nodo,0,64,c2c,40,87,0,60000,326.2027,326.2027,326.2027
B,otro_nodo,0,64,c2c,40,88,0,60000,334.4750,334.4750,334.4750
B,otro_nodo,0,64,c2c,40,89,0,60000,327.8879,327.8879,327.8879
B,otro_nodo,0,64,c2c,40,90,0,60000,331.3341,331.3341,331.3341
B,otro_nodo,0,64,c2c,40,91,0,60000,321.2767,321.2767,321.2767
B,otro_nodo,0,64,c2c,40,92,0,60000,336.7802,336.7802,336.7802
B,otro_nodo,0,64,c2c,40,93,0,60000,330.7671,330.7671,330.7671
B,otro_nodo,0,64,c2c,40,94,0,60000,330.9249,330.9249,330.9249
B,otro_nodo,0,64,c2c,40,95,0,60000,323.4116,323.4116,323.4116
B,otro_nodo,0,64,c2c,40,96,0,60000,331.6728,331.6728,331.6728
B,otro_nodo,0,64,c2c,40,97,0,60000,323.4478,323.4478,323.4478
B,otro_nodo,0,64,c2c,40,98,0,60000,326.2157,326.2157,326.2157
B,otro_nodo,0,64,c2c,40,99,0,60000,324.5365,324.5365,324.5365
B,otro_nodo,0,64,c2c,40,100,0,60000,326.2809,326.2809,326.2809
B,otro_nodo,0,64,c2c,40,101,0,60000,323.8885,323.8885,323.8885
B,otro_nodo,0,64,c2c,40,102,0,60000,323.2577,323.2577,323.2577
B,otro_nodo,0,64,c2c,40,103,0,60000,325.8881,325.8881,325.8881
B,otro_nodo,0,64,c2c,40,104,0,60000,330.3790,330.3790,330.3790
B,otro_nodo,0,64,c2c,40,105,0,60000,318.0155,318.0155,318.0155
B,otro_nodo,0,64,c2c,40,106,0,60000,332.2878,332.2878,332.2878
B,otro_nodo,0,64,c2c,40,107,0,60000,319.3495,319.3495,319.3495
B,otro_nodo,0,64,c2c,40,108,0,60000,328.1934,328.1934,328.1934
B,otro_nodo,0,64,c2c,40,109,0,60000,331.6737,331.6737,331.6737
B,otro_nodo,0,64,c2c,40,110,0,60000,317.9717,317.9717,317.9717
B,otro_nodo,0,64,c2c,40,111,0,60000,325.8243,325.8243,325.8243
B,otro_nodo,0,64,c2c,40,112,0,60000,347.0431,347.0431,347.0431
B,otro_nodo,0,64,c2c,40,113,0,60000,325.4077,325.4077,325.4077
B,otro_nodo,0,64,c2c,40,114,0,60000,336.5040,336.5040,336.5040
B,otro_nodo,0,64,c2c,40,115,0,60000,322.5480,322.5480,322.5480
B,otro_nodo,0,64,c2c,40,116,0,60000,330.7282,330.7282,330.7282
B,otro_nodo,0,64,c2c,40,117,0,60000,333.3472,333.3472,333.3472
B,otro_nodo,0,64,c2c,40,118,0,60000,325.8886,325.8886,325.8886
B,otro_nodo,0,64,c2c,40,119,0,60000,336.3550,336.3550,336.3550
B,otro_nodo,0,64,c2c,40,120,0,60000,339.8112,339.8112,339.8112
B,otro_nodo,0,64,c2c,40,121,0,60000,328.4159,328.4159,328.4159
B,otro_nodo,0,64,c2c,40,122,0,60000,335.6712,335.6712,335.6712
B,otro_nodo,0,64,c2c,40,123,0,60000,320.1508,320.1508,320.1508
B,otro_nodo,0,64,c2c,40,124,0,60000,326.3862,326.3862,326.3862
B,otro_nodo,0,64,c2c,40,125,0,60000,331.7871,331.7871,331.7871
B,otro_nodo,0,64,c2c,40,126,0,60000,327.6348,327.6348,327.6348
B,otro_nodo,0,64,c2c,40,127,0,60000,331.3664,331.3664,331.3664
B,mismo_ccd,0,64,c2c,41,42,0,60000,27.9637,27.9637,27.9637
B,mismo_ccd,0,64,c2c,41,43,0,60000,27.7865,27.7865,27.7865
B,mismo_ccd,0,64,c2c,41,44,0,60000,27.4517,27.4517,27.4517
B,mismo_ccd,0,64,c2c,41,45,0,60000,27.4146,27.4146,27.4146
B,mismo_ccd,0,64,c2c,41,46,0,60000,27.3056,27.3056,27.3056
B,mismo_ccd,0,64,c2c,41,47,0,60000,27.5289,27.5289,27.5289
B,otro_ccd,0,64,c2c,41,48,0,60000,187.5665,187.5665,187.5665
B,otro_ccd,0,64,c2c,41,49,0,60000,200.3078,200.3078,200.3078
B,otro_ccd,0,64,c2c,41,50,0,60000,203.3977,203.3977,203.3977
B,otro_ccd,0,64,c2c,41,51,0,60000,195.6379,195.6379,195.6379
B,otro_ccd,0,64,c2c,41,52,0,60000,197.4836,197.4836,197.4836
B,otro_ccd,0,64,c2c,41,53,0,60000,187.8947,187.8947,187.8947
B,otro_ccd,0,64,c2c,41,54,0,60000,190.6466,190.6466,190.6466
B,otro_ccd,0,64,c2c,41,55,0,60000,199.0076,199.0076,199.0076
B,otro_ccd,0,64,c2c,41,56,0,60000,188.3259,188.3259,188.3259
B,otro_ccd,0,64,c2c,41,57,0,60000,199.7369,199.7369,199.7369
B,otro_ccd,0,64,c2c,41,58,0,60000,202.5387,202.5387,202.5387
B,otro_ccd,0,64,c2c,41,59,0,60000,193.9265,193.9265,193.9265
B,otro_ccd,0,64,c2c,41,60,0,60000,194.2977,194.2977,194.2977
B,otro_ccd,0,64,c2c,41,61,0,60000,173.6197,173.6197,173.6197
B,otro_ccd,0,64,c2c,41,62,0,60000,175.6473,175.6473,175.6473
B,otro_ccd,0,64,c2c,41,63,0,60000,183.7337,183.7337,183.7337
B,otro_nodo,0,64,c2c,41,64,0,60000,303.7537,303.7537,303.7537
B,otro_nodo,0,64,c2c,41,65,0,60000,321.3918,321.3918,321.3918
B,otro_nodo,0,64,c2c,41,66,0,60000,323.5982,323.5982,323.5982
B,otro_nodo,0,64,c2c,41,67,0,60000,314.5142,314.5142,314.5142
B,otro_nodo,0,64,c2c,41,68,0,60000,330.0031,330.0031,330.0031
B,otro_nodo,0,64,c2c,41,69,0,60000,306.6617,306.6617,306.6617
B,otro_nodo,0,64,c2c,41,70,0,60000,312.1812,312.1812,312.1812
B,otro_nodo,0,64,c2c,41,71,0,60000,324.5050,324.5050,324.5050
B,otro_nodo,0,64,c2c,41,72,0,60000,300.4389,300.4389,300.4389
B,otro_nodo,0,64,c2c,41,73,0,60000,327.2779,327.2779,327.2779
B,otro_nodo,0,64,c2c,41,74,0,60000,322.2536,322.2536,322.2536
B,otro_nodo,0,64,c2c,41,75,0,60000,312.6143,312.6143,312.6143
B,otro_nodo,0,64,c2c,41,76,0,60000,324.5814,324.5814,324.5814
B,otro_nodo,0,64,c2c,41,77,0,60000,308.8518,308.8518,308.8518
B,otro_nodo,0,64,c2c,41,78,0,60000,311.3418,311.3418,311.3418
B,otro_nodo,0,64,c2c,41,79,0,60000,322.6911,322.6911,322.6911
B,otro_nodo,0,64,c2c,41,80,0,60000,309.2029,309.2029,309.2029
B,otro_nodo,0,64,c2c,41,81,0,60000,329.6048,329.6048,329.6048
B,otro_nodo,0,64,c2c,41,82,0,60000,334.8862,334.8862,334.8862
B,otro_nodo,0,64,c2c,41,83,0,60000,330.0806,330.0806,330.0806
B,otro_nodo,0,64,c2c,41,84,0,60000,326.9967,326.9967,326.9967
B,otro_nodo,0,64,c2c,41,85,0,60000,325.6747,325.6747,325.6747
B,otro_nodo,0,64,c2c,41,86,0,60000,327.7306,327.7306,327.7306
B,otro_nodo,0,64,c2c,41,87,0,60000,331.3928,331.3928,331.3928
B,otro_nodo,0,64,c2c,41,88,0,60000,323.8008,323.8008,323.8008
B,otro_nodo,0,64,c2c,41,89,0,60000,328.2006,328.2006,328.2006
B,otro_nodo,0,64,c2c,41,90,0,60000,332.3903,332.3903,332.3903
B,otro_nodo,0,64,c2c,41,91,0,60000,329.1649,329.1649,329.1649
B,otro_nodo,0,64,c2c,41,92,0,60000,328.1832,328.1832,328.1832
B,otro_nodo,0,64,c2c,41,93,0,60000,325.0338,325.0338,325.0338
B,otro_nodo,0,64,c2c,41,94,0,60000,326.7933,326.7933,326.7933
B,otro_nodo,0,64,c2c,41,95,0,60000,330.1757,330.1757,330.1757
B,otro_nodo,0,64,c2c,41,96,0,60000,318.9982,318.9982,318.9982
B,otro_nodo,0,64,c2c,41,97,0,60000,327.0877,327.0877,327.0877
B,otro_nodo,0,64,c2c,41,98,0,60000,325.9211,325.9211,325.9211
B,otro_nodo,0,64,c2c,41,99,0,60000,328.1426,328.1426,328.1426
B,otro_nodo,0,64,c2c,41,100,0,60000,323.7293,323.7293,323.7293
B,otro_nodo,0,64,c2c,41,101,0,60000,329.1114,329.1114,329.1114
B,otro_nodo,0,64,c2c,41,102,0,60000,325.5387,325.5387,325.5387
B,otro_nodo,0,64,c2c,41,103,0,60000,325.7988,325.7988,325.7988
B,otro_nodo,0,64,c2c,41,104,0,60000,314.0511,314.0511,314.0511
B,otro_nodo,0,64,c2c,41,105,0,60000,332.3180,332.3180,332.3180
B,otro_nodo,0,64,c2c,41,106,0,60000,334.9186,334.9186,334.9186
B,otro_nodo,0,64,c2c,41,107,0,60000,324.4740,324.4740,324.4740
B,otro_nodo,0,64,c2c,41,108,0,60000,328.6054,328.6054,328.6054
B,otro_nodo,0,64,c2c,41,109,0,60000,316.8268,316.8268,316.8268
B,otro_nodo,0,64,c2c,41,110,0,60000,321.1261,321.1261,321.1261
B,otro_nodo,0,64,c2c,41,111,0,60000,332.8788,332.8788,332.8788
B,otro_nodo,0,64,c2c,41,112,0,60000,318.3716,318.3716,318.3716
B,otro_nodo,0,64,c2c,41,113,0,60000,332.2094,332.2094,332.2094
B,otro_nodo,0,64,c2c,41,114,0,60000,335.7735,335.7735,335.7735
B,otro_nodo,0,64,c2c,41,115,0,60000,327.8156,327.8156,327.8156
B,otro_nodo,0,64,c2c,41,116,0,60000,337.0286,337.0286,337.0286
B,otro_nodo,0,64,c2c,41,117,0,60000,327.9648,327.9648,327.9648
B,otro_nodo,0,64,c2c,41,118,0,60000,321.7671,321.7671,321.7671
B,otro_nodo,0,64,c2c,41,119,0,60000,330.6629,330.6629,330.6629
B,otro_nodo,0,64,c2c,41,120,0,60000,314.7831,314.7831,314.7831
B,otro_nodo,0,64,c2c,41,121,0,60000,337.8450,337.8450,337.8450
B,otro_nodo,0,64,c2c,41,122,0,60000,331.5819,331.5819,331.5819
B,otro_nodo,0,64,c2c,41,123,0,60000,327.5742,327.5742,327.5742
B,otro_nodo,0,64,c2c,41,124,0,60000,334.9646,334.9646,334.9646
B,otro_nodo,0,64,c2c,41,125,0,60000,311.3374,311.3374,311.3374
B,otro_nodo,0,64,c2c,41,126,0,60000,315.6562,315.6562,315.6562
B,otro_nodo,0,64,c2c,41,127,0,60000,335.4450,335.4450,335.4450
B,mismo_ccd,0,64,c2c,42,43,0,60000,27.3058,27.3058,27.3058
B,mismo_ccd,0,64,c2c,42,44,0,60000,27.0533,27.0533,27.0533
B,mismo_ccd,0,64,c2c,42,45,0,60000,27.4820,27.4820,27.4820
B,mismo_ccd,0,64,c2c,42,46,0,60000,27.0899,27.0899,27.0899
B,mismo_ccd,0,64,c2c,42,47,0,60000,27.4484,27.4484,27.4484
B,otro_ccd,0,64,c2c,42,48,0,60000,169.6302,169.6302,169.6302
B,otro_ccd,0,64,c2c,42,49,0,60000,176.1398,176.1398,176.1398
B,otro_ccd,0,64,c2c,42,50,0,60000,182.5769,182.5769,182.5769
B,otro_ccd,0,64,c2c,42,51,0,60000,175.4058,175.4058,175.4058
B,otro_ccd,0,64,c2c,42,52,0,60000,172.2469,172.2469,172.2469
B,otro_ccd,0,64,c2c,42,53,0,60000,183.3860,183.3860,183.3860
B,otro_ccd,0,64,c2c,42,54,0,60000,173.0077,173.0077,173.0077
B,otro_ccd,0,64,c2c,42,55,0,60000,181.6359,181.6359,181.6359
B,otro_ccd,0,64,c2c,42,56,0,60000,171.0964,171.0964,171.0964
B,otro_ccd,0,64,c2c,42,57,0,60000,174.5692,174.5692,174.5692
B,otro_ccd,0,64,c2c,42,58,0,60000,179.1948,179.1948,179.1948
B,otro_ccd,0,64,c2c,42,59,0,60000,174.5749,174.5749,174.5749
B,otro_ccd,0,64,c2c,42,60,0,60000,173.4003,173.4003,173.4003
B,otro_ccd,0,64,c2c,42,61,0,60000,179.9745,179.9745,179.9745
B,otro_ccd,0,64,c2c,42,62,0,60000,190.3762,190.3762,190.3762
B,otro_ccd,0,64,c2c,42,63,0,60000,198.2416,198.2416,198.2416
B,otro_nodo,0,64,c2c,42,64,0,60000,313.3566,313.3566,313.3566
B,otro_nodo,0,64,c2c,42,65,0,60000,326.5010,326.5010,326.5010
B,otro_nodo,0,64,c2c,42,66,0,60000,327.0776,327.0776,327.0776
B,otro_nodo,0,64,c2c,42,67,0,60000,315.0762,315.0762,315.0762
B,otro_nodo,0,64,c2c,42,68,0,60000,312.1516,312.1516,312.1516
B,otro_nodo,0,64,c2c,42,69,0,60000,327.6002,327.6002,327.6002
B,otro_nodo,0,64,c2c,42,70,0,60000,318.8683,318.8683,318.8683
B,otro_nodo,0,64,c2c,42,71,0,60000,325.7381,325.7381,325.7381
B,otro_nodo,0,64,c2c,42,72,0,60000,318.3203,318.3203,318.3203
B,otro_nodo,0,64,c2c,42,73,0,60000,323.4677,323.4677,323.4677
B,otro_nodo,0,64,c2c,42,74,0,60000,325.9025,325.9025,325.9025
B,otro_nodo,0,64,c2c,42,75,0,60000,315.8861,315.8861,315.8861
B,otro_nodo,0,64,c2c,42,76,0,60000,316.7267,316.7267,316.7267
B,otro_nodo,0,64,c2c,42,77,0,60000,326.0682,326.0682,326.0682
B,otro_nodo,0,64,c2c,42,78,0,60000,319.0374,319.0374,319.0374
B,otro_nodo,0,64,c2c,42,79,0,60000,323.2663,323.2663,323.2663
B,otro_nodo,0,64,c2c,42,80,0,60000,320.1797,320.1797,320.1797
B,otro_nodo,0,64,c2c,42,81,0,60000,328.1717,328.1717,328.1717
B,otro_nodo,0,64,c2c,42,82,0,60000,328.8469,328.8469,328.8469
B,otro_nodo,0,64,c2c,42,83,0,60000,321.5920,321.5920,321.5920
B,otro_nodo,0,64,c2c,42,84,0,60000,321.0909,321.0909,321.0909
B,otro_nodo,0,64,c2c,42,85,0,60000,336.7271,336.7271,336.7271
B,otro_nodo,0,64,c2c,42,86,0,60000,327.3947,327.3947,327.3947
B,otro_nodo,0,64,c2c,42,87,0,60000,332.4663,332.4663,332.4663
B,otro_nodo,0,64,c2c,42,88,0,60000,325.8173,325.8173,325.8173
B,otro_nodo,0,64,c2c,42,89,0,60000,331.8932,331.8932,331.8932
B,otro_nodo,0,64,c2c,42,90,0,60000,333.4121,333.4121,333.4121
B,otro_nodo,0,64,c2c,42,91,0,60000,321.6815,321.6815,321.6815
B,otro_nodo,0,64,c2c,42,92,0,60000,320.8155,320.8155,320.8155
B,otro_nodo,0,64,c2c,42,93,0,60000,333.1685,333.1685,333.1685
B,otro_nodo,0,64,c2c,42,94,0,60000,324.4624,324.4624,324.4624
B,otro_nodo,0,64,c2c,42,95,0,60000,333.0096,333.0096,333.0096
B,otro_nodo,0,64,c2c,42,96,0,60000,316.7393,316.7393,316.7393
B,otro_nodo,0,64,c2c,42,97,0,60000,325.7670,325.7670,325.7670
B,otro_nodo,0,64,c2c,42,98,0,60000,330.7369,330.7369,330.7369
B,otro_nodo,0,64,c2c,42,99,0,60000,324.0436,324.0436,324.0436
B,otro_nodo,0,64,c2c,42,100,0,60000,326.7884,326.7884,326.7884
B,otro_nodo,0,64,c2c,42,101,0,60000,332.5389,332.5389,332.5389
B,otro_nodo,0,64,c2c,42,102,0,60000,328.2162,328.2162,328.2162
B,otro_nodo,0,64,c2c,42,103,0,60000,328.2406,328.2406,328.2406
B,otro_nodo,0,64,c2c,42,104,0,60000,313.7085,313.7085,313.7085
B,otro_nodo,0,64,c2c,42,105,0,60000,319.2105,319.2105,319.2105
B,otro_nodo,0,64,c2c,42,106,0,60000,329.5646,329.5646,329.5646
B,otro_nodo,0,64,c2c,42,107,0,60000,312.0839,312.0839,312.0839
B,otro_nodo,0,64,c2c,42,108,0,60000,325.3444,325.3444,325.3444
B,otro_nodo,0,64,c2c,42,109,0,60000,332.5633,332.5633,332.5633
B,otro_nodo,0,64,c2c,42,110,0,60000,314.7995,314.7995,314.7995
B,otro_nodo,0,64,c2c,42,111,0,60000,329.8204,329.8204,329.8204
B,otro_nodo,0,64,c2c,42,112,0,60000,315.9039,315.9039,315.9039
B,otro_nodo,0,64,c2c,42,113,0,60000,322.6053,322.6053,322.6053
B,otro_nodo,0,64,c2c,42,114,0,60000,335.5758,335.5758,335.5758
B,otro_nodo,0,64,c2c,42,115,0,60000,324.1617,324.1617,324.1617
B,otro_nodo,0,64,c2c,42,116,0,60000,325.5455,325.5455,325.5455
B,otro_nodo,0,64,c2c,42,117,0,60000,332.5127,332.5127,332.5127
B,otro_nodo,0,64,c2c,42,118,0,60000,326.2865,326.2865,326.2865
B,otro_nodo,0,64,c2c,42,119,0,60000,330.7651,330.7651,330.7651
B,otro_nodo,0,64,c2c,42,120,0,60000,312.5118,312.5118,312.5118
B,otro_nodo,0,64,c2c,42,121,0,60000,327.8171,327.8171,327.8171
B,otro_nodo,0,64,c2c,42,122,0,60000,336.9773,336.9773,336.9773
B,otro_nodo,0,64,c2c,42,123,0,60000,321.5736,321.5736,321.5736
B,otro_nodo,0,64,c2c,42,124,0,60000,322.6096,322.6096,322.6096
B,otro_nodo,0,64,c2c,42,125,0,60000,333.2565,333.2565,333.2565
B,otro_nodo,0,64,c2c,42,126,0,60000,321.5884,321.5884,321.5884
B,otro_nodo,0,64,c2c,42,127,0,60000,324.5768,324.5768,324.5768
B,mismo_ccd,0,64,c2c,43,44,0,60000,27.3858,27.3858,27.3858
B,mismo_ccd,0,64,c2c,43,45,0,60000,26.9997,26.9997,26.9997
B,mismo_ccd,0,64,c2c,43,46,0,60000,27.2453,27.2453,27.2453
B,mismo_ccd,0,64,c2c,43,47,0,60000,27.2274,27.2274,27.2274
B,otro_ccd,0,64,c2c,43,48,0,60000,178.6170,178.6170,178.6170
B,otro_ccd,0,64,c2c,43,49,0,60000,184.8748,184.8748,184.8748
B,otro_ccd,0,64,c2c,43,50,0,60000,172.9829,172.9829,172.9829
B,otro_ccd,0,64,c2c,43,51,0,60000,173.7909,173.7909,173.7909
B,otro_ccd,0,64,c2c,43,52,0,60000,172.9126,172.9126,172.9126
B,otro_ccd,0,64,c2c,43,53,0,60000,173.8715,173.8715,173.8715
B,otro_ccd,0,64,c2c,43,54,0,60000,176.8511,176.8511,176.8511
B,otro_ccd,0,64,c2c,43,55,0,60000,172.1418,172.1418,172.1418
B,otro_ccd,0,64,c2c,43,56,0,60000,179.4394,179.4394,179.4394
B,otro_ccd,0,64,c2c,43,57,0,60000,181.9125,181.9125,181.9125
B,otro_ccd,0,64,c2c,43,58,0,60000,172.4399,172.4399,172.4399
B,otro_ccd,0,64,c2c,43,59,0,60000,138.4239,138.4239,138.4239
B,otro_ccd,0,64,c2c,43,60,0,60000,173.5608,173.5608,173.5608
B,otro_ccd,0,64,c2c,43,61,0,60000,171.4044,171.4044,171.4044
B,otro_ccd,0,64,c2c,43,62,0,60000,175.4425,175.4425,175.4425
B,otro_ccd,0,64,c2c,43,63,0,60000,190.6165,190.6165,190.6165
B,otro_nodo,0,64,c2c,43,64,0,60000,331.8673,331.8673,331.8673
B,otro_nodo,0,64,c2c,43,65,0,60000,333.9996,333.9996,333.9996
B,otro_nodo,0,64,c2c,43,66,0,60000,312.3911,312.3911,312.3911
B,otro_nodo,0,64,c2c,43,67,0,60000,323.8026,323.8026,323.8026
B,otro_nodo,0,64,c2c,43,68,0,60000,312.5279,312.5279,312.5279
B,otro_nodo,0,64,c2c,43,69,0,60000,318.7250,318.7250,318.7250
B,otro_nodo,0,64,c2c,43,70,0,60000,330.4391,330.4391,330.4391
B,otro_nodo,0,64,c2c,43,71,0,60000,311.9635,311.9635,311.9635
B,otro_nodo,0,64,c2c,43,72,0,60000,330.3704,330.3704,330.3704
B,otro_nodo,0,64,c2c,43,73,0,60000,331.1815,331.1815,331.1815
B,otro_nodo,0,64,c2c,43,74,0,60000,312.0966,312.0966,312.0966
B,otro_nodo,0,64,c2c,43,75,0,60000,328.1934,328.1934,328.1934
B,otro_nodo,0,64,c2c,43,76,0,60000,313.4054,313.4054,313.4054
B,otro_nodo,0,64,c2c,43,77,0,60000,315.8899,315.8899,315.8899
B,otro_nodo,0,64,c2c,43,78,0,60000,327.5110,327.5110,327.5110
B,otro_nodo,0,64,c2c,43,79,0,60000,314.6185,314.6185,314.6185
B,otro_nodo,0,64,c2c,43,80,0,60000,333.0957,333.0957,333.0957
B,otro_nodo,0,64,c2c,43,81,0,60000,336.8543,336.8543,336.8543
B,otro_nodo,0,64,c2c,43,82,0,60000,323.8242,323.8242,323.8242
B,otro_nodo,0,64,c2c,43,83,0,60000,329.1702,329.1702,329.1702
B,otro_nodo,0,64,c2c,43,84,0,60000,327.1285,327.1285,327.1285
B,otro_nodo,0,64,c2c,43,85,0,60000,321.2745,321.2745,321.2745
B,otro_nodo,0,64,c2c,43,86,0,60000,322.0868,322.0868,322.0868
B,otro_nodo,0,64,c2c,43,87,0,60000,328.2944,328.2944,328.2944
B,otro_nodo,0,64,c2c,43,88,0,60000,327.4576,327.4576,327.4576
B,otro_nodo,0,64,c2c,43,89,0,60000,328.6767,328.6767,328.6767
B,otro_nodo,0,64,c2c,43,90,0,60000,328.4423,328.4423,328.4423
B,otro_nodo,0,64,c2c,43,91,0,60000,325.8322,325.8322,325.8322
B,otro_nodo,0,64,c2c,43,92,0,60000,325.1654,325.1654,325.1654
B,otro_nodo,0,64,c2c,43,93,0,60000,320.7372,320.7372,320.7372
B,otro_nodo,0,64,c2c,43,94,0,60000,316.5353,316.5353,316.5353
B,otro_nodo,0,64,c2c,43,95,0,60000,325.6643,325.6643,325.6643
B,otro_nodo,0,64,c2c,43,96,0,60000,318.5517,318.5517,318.5517
B,otro_nodo,0,64,c2c,43,97,0,60000,326.5459,326.5459,326.5459
B,otro_nodo,0,64,c2c,43,98,0,60000,327.5647,327.5647,327.5647
B,otro_nodo,0,64,c2c,43,99,0,60000,318.0686,318.0686,318.0686
B,otro_nodo,0,64,c2c,43,100,0,60000,326.6342,326.6342,326.6342
B,otro_nodo,0,64,c2c,43,101,0,60000,321.9646,321.9646,321.9646
B,otro_nodo,0,64,c2c,43,102,0,60000,324.8926,324.8926,324.8926
B,otro_nodo,0,64,c2c,43,103,0,60000,325.4743,325.4743,325.4743
B,otro_nodo,0,64,c2c,43,104,0,60000,323.6552,323.6552,323.6552
B,otro_nodo,0,64,c2c,43,105,0,60000,324.5423,324.5423,324.5423
B,otro_nodo,0,64,c2c,43,106,0,60000,316.0672,316.0672,316.0672
B,otro_nodo,0,64,c2c,43,107,0,60000,310.4394,310.4394,310.4394
B,otro_nodo,0,64,c2c,43,108,0,60000,316.3143,316.3143,316.3143
B,otro_nodo,0,64,c2c,43,109,0,60000,313.8624,313.8624,313.8624
B,otro_nodo,0,64,c2c,43,110,0,60000,313.2873,313.2873,313.2873
B,otro_nodo,0,64,c2c,43,111,0,60000,315.7827,315.7827,315.7827
B,otro_nodo,0,64,c2c,43,112,0,60000,319.1007,319.1007,319.1007
B,otro_nodo,0,64,c2c,43,113,0,60000,320.4021,320.4021,320.4021
B,otro_nodo,0,64,c2c,43,114,0,60000,326.5654,326.5654,326.5654
B,otro_nodo,0,64,c2c,43,115,0,60000,316.3530,316.3530,316.3530
B,otro_nodo,0,64,c2c,43,116,0,60000,323.5650,323.5650,323.5650
B,otro_nodo,0,64,c2c,43,117,0,60000,319.4853,319.4853,319.4853
B,otro_nodo,0,64,c2c,43,118,0,60000,315.7427,315.7427,315.7427
B,otro_nodo,0,64,c2c,43,119,0,60000,322.9635,322.9635,322.9635
B,otro_nodo,0,64,c2c,43,120,0,60000,316.0953,316.0953,316.0953
B,otro_nodo,0,64,c2c,43,121,0,60000,319.2676,319.2676,319.2676
B,otro_nodo,0,64,c2c,43,122,0,60000,320.5421,320.5421,320.5421
B,otro_nodo,0,64,c2c,43,123,0,60000,313.4672,313.4672,313.4672
B,otro_nodo,0,64,c2c,43,124,0,60000,319.3744,319.3744,319.3744
B,otro_nodo,0,64,c2c,43,125,0,60000,316.7008,316.7008,316.7008
B,otro_nodo,0,64,c2c,43,126,0,60000,309.9433,309.9433,309.9433
B,otro_nodo,0,64,c2c,43,127,0,60000,321.8538,321.8538,321.8538
B,mismo_ccd,0,64,c2c,44,45,0,60000,27.0523,27.0523,27.0523
B,mismo_ccd,0,64,c2c,44,46,0,60000,27.2882,27.2882,27.2882
B,mismo_ccd,0,64,c2c,44,47,0,60000,27.2676,27.2676,27.2676
B,otro_ccd,0,64,c2c,44,48,0,60000,203.2389,203.2389,203.2389
B,otro_ccd,0,64,c2c,44,49,0,60000,190.3807,190.3807,190.3807
B,otro_ccd,0,64,c2c,44,50,0,60000,200.9646,200.9646,200.9646
B,otro_ccd,0,64,c2c,44,51,0,60000,204.2263,204.2263,204.2263
B,otro_ccd,0,64,c2c,44,52,0,60000,192.9320,192.9320,192.9320
B,otro_ccd,0,64,c2c,44,53,0,60000,196.2802,196.2802,196.2802
B,otro_ccd,0,64,c2c,44,54,0,60000,200.0720,200.0720,200.0720
B,otro_ccd,0,64,c2c,44,55,0,60000,193.4084,193.4084,193.4084
B,otro_ccd,0,64,c2c,44,56,0,60000,201.5390,201.5390,201.5390
B,otro_ccd,0,64,c2c,44,57,0,60000,190.6017,190.6017,190.6017
B,otro_ccd,0,64,c2c,44,58,0,60000,200.2343,200.2343,200.2343
B,otro_ccd,0,64,c2c,44,59,0,60000,200.2134,200.2134,200.2134
B,otro_ccd,0,64,c2c,44,60,0,60000,191.7672,191.7672,191.7672
B,otro_ccd,0,64,c2c,44,61,0,60000,195.0767,195.0767,195.0767
B,otro_ccd,0,64,c2c,44,62,0,60000,197.6987,197.6987,197.6987
B,otro_ccd,0,64,c2c,44,63,0,60000,189.8400,189.8400,189.8400
B,otro_nodo,0,64,c2c,44,64,0,60000,323.2837,323.2837,323.2837
B,otro_nodo,0,64,c2c,44,65,0,60000,315.7878,315.7878,315.7878
B,otro_nodo,0,64,c2c,44,66,0,60000,327.4276,327.4276,327.4276
B,otro_nodo,0,64,c2c,44,67,0,60000,333.1248,333.1248,333.1248
B,otro_nodo,0,64,c2c,44,68,0,60000,321.0594,321.0594,321.0594
B,otro_nodo,0,64,c2c,44,69,0,60000,325.8236,325.8236,325.8236
B,otro_nodo,0,64,c2c,44,70,0,60000,333.9002,333.9002,333.9002
B,otro_nodo,0,64,c2c,44,71,0,60000,318.1192,318.1192,318.1192
B,otro_nodo,0,64,c2c,44,72,0,60000,331.7249,331.7249,331.7249
B,otro_nodo,0,64,c2c,44,73,0,60000,319.5185,319.5185,319.5185
B,otro_nodo,0,64,c2c,44,74,0,60000,328.0905,328.0905,328.0905
B,otro_nodo,0,64,c2c,44,75,0,60000,332.2119,332.2119,332.2119
B,otro_nodo,0,64,c2c,44,76,0,60000,318.3029,318.3029,318.3029
B,otro_nodo,0,64,c2c,44,77,0,60000,326.5649,326.5649,326.5649
B,otro_nodo,0,64,c2c,44,78,0,60000,330.5289,330.5289,330.5289
B,otro_nodo,0,64,c2c,44,79,0,60000,317.2178,317.2178,317.2178
B,otro_nodo,0,64,c2c,44,80,0,60000,335.7150,335.7150,335.7150
B,otro_nodo,0,64,c2c,44,81,0,60000,319.1009,319.1009,319.1009
B,otro_nodo,0,64,c2c,44,82,0,60000,329.5257,329.5257,329.5257
B,otro_nodo,0,64,c2c,44,83,0,60000,336.5479,336.5479,336.5479
B,otro_nodo,0,64,c2c,44,84,0,60000,321.5844,321.5844,321.5844
B,otro_nodo,0,64,c2c,44,85,0,60000,332.9088,332.9088,332.9088
B,otro_nodo,0,64,c2c,44,86,0,60000,331.1385,331.1385,331.1385
B,otro_nodo,0,64,c2c,44,87,0,60000,323.4343,323.4343,323.4343
B,otro_nodo,0,64,c2c,44,88,0,60000,336.1647,336.1647,336.1647
B,otro_nodo,0,64,c2c,44,89,0,60000,320.4722,320.4722,320.4722
B,otro_nodo,0,64,c2c,44,90,0,60000,328.2466,328.2466,328.2466
B,otro_nodo,0,64,c2c,44,91,0,60000,336.0579,336.0579,336.0579
B,otro_nodo,0,64,c2c,44,92,0,60000,326.6098,326.6098,326.6098
B,otro_nodo,0,64,c2c,44,93,0,60000,328.6572,328.6572,328.6572
B,otro_nodo,0,64,c2c,44,94,0,60000,335.9463,335.9463,335.9463
B,otro_nodo,0,64,c2c,44,95,0,60000,326.2878,326.2878,326.2878
B,otro_nodo,0,64,c2c,44,96,0,60000,336.5067,336.5067,336.5067
B,otro_nodo,0,64,c2c,44,97,0,60000,314.8578,314.8578,314.8578
B,otro_nodo,0,64,c2c,44,98,0,60000,325.8102,325.8102,325.8102
B,otro_nodo,0,64,c2c,44,99,0,60000,332.4152,332.4152,332.4152
B,otro_nodo,0,64,c2c,44,100,0,60000,325.3055,325.3055,325.3055
B,otro_nodo,0,64,c2c,44,101,0,60000,325.5855,325.5855,325.5855
B,otro_nodo,0,64,c2c,44,102,0,60000,332.7203,332.7203,332.7203
B,otro_nodo,0,64,c2c,44,103,0,60000,324.7882,324.7882,324.7882
B,otro_nodo,0,64,c2c,44,104,0,60000,331.3317,331.3317,331.3317
B,otro_nodo,0,64,c2c,44,105,0,60000,314.8053,314.8053,314.8053
B,otro_nodo,0,64,c2c,44,106,0,60000,321.4230,321.4230,321.4230
B,otro_nodo,0,64,c2c,44,107,0,60000,329.3717,329.3717,329.3717
B,otro_nodo,0,64,c2c,44,108,0,60000,323.6761,323.6761,323.6761
B,otro_nodo,0,64,c2c,44,109,0,60000,320.4968,320.4968,320.4968
B,otro_nodo,0,64,c2c,44,110,0,60000,325.1595,325.1595,325.1595
B,otro_nodo,0,64,c2c,44,111,0,60000,322.3249,322.3249,322.3249
B,otro_nodo,0,64,c2c,44,112,0,60000,330.8066,330.8066,330.8066
B,otro_nodo,0,64,c2c,44,113,0,60000,325.6609,325.6609,325.6609
B,otro_nodo,0,64,c2c,44,114,0,60000,332.2301,332.2301,332.2301
B,otro_nodo,0,64,c2c,44,115,0,60000,330.7530,330.7530,330.7530
B,otro_nodo,0,64,c2c,44,116,0,60000,326.3490,326.3490,326.3490
B,otro_nodo,0,64,c2c,44,117,0,60000,325.9480,325.9480,325.9480
B,otro_nodo,0,64,c2c,44,118,0,60000,327.8170,327.8170,327.8170
B,otro_nodo,0,64,c2c,44,119,0,60000,323.8113,323.8113,323.8113
B,otro_nodo,0,64,c2c,44,120,0,60000,325.0479,325.0479,325.0479
B,otro_nodo,0,64,c2c,44,121,0,60000,320.2235,320.2235,320.2235
B,otro_nodo,0,64,c2c,44,122,0,60000,328.8259,328.8259,328.8259
B,otro_nodo,0,64,c2c,44,123,0,60000,327.6531,327.6531,327.6531
B,otro_nodo,0,64,c2c,44,124,0,60000,321.3701,321.3701,321.3701
B,otro_nodo,0,64,c2c,44,125,0,60000,322.6480,322.6480,322.6480
B,otro_nodo,0,64,c2c,44,126,0,60000,324.1267,324.1267,324.1267
B,otro_nodo,0,64,c2c,44,127,0,60000,325.5361,325.5361,325.5361
B,mismo_ccd,0,64,c2c,45,46,0,60000,27.0236,27.0236,27.0236
B,mismo_ccd,0,64,c2c,45,47,0,60000,27.7794,27.7794,27.7794
B,otro_ccd,0,64,c2c,45,48,0,60000,173.4771,173.4771,173.4771
B,otro_ccd,0,64,c2c,45,49,0,60000,183.0126,183.0126,183.0126
B,otro_ccd,0,64,c2c,45,50,0,60000,173.1633,173.1633,173.1633
B,otro_ccd,0,64,c2c,45,51,0,60000,186.3771,186.3771,186.3771
B,otro_ccd,0,64,c2c,45,52,0,60000,181.5790,181.5790,181.5790
B,otro_ccd,0,64,c2c,45,53,0,60000,185.2161,185.2161,185.2161
B,otro_ccd,0,64,c2c,45,54,0,60000,173.8587,173.8587,173.8587
B,otro_ccd,0,64,c2c,45,55,0,60000,178.3376,178.3376,178.3376
B,otro_ccd,0,64,c2c,45,56,0,60000,173.1271,173.1271,173.1271
B,otro_ccd,0,64,c2c,45,57,0,60000,185.3279,185.3279,185.3279
B,otro_ccd,0,64,c2c,45,58,0,60000,172.7691,172.7691,172.7691
B,otro_ccd,0,64,c2c,45,59,0,60000,186.8947,186.8947,186.8947
B,otro_ccd,0,64,c2c,45,60,0,60000,178.4927,178.4927,178.4927
B,otro_ccd,0,64,c2c,45,61,0,60000,185.0834,185.0834,185.0834
B,otro_ccd,0,64,c2c,45,62,0,60000,174.3763,174.3763,174.3763
B,otro_ccd,0,64,c2c,45,63,0,60000,179.4362,179.4362,179.4362
B,otro_nodo,0,64,c2c,45,64,0,60000,309.7968,309.7968,309.7968
B,otro_nodo,0,64,c2c,45,65,0,60000,327.0080,327.0080,327.0080
B,otro_nodo,0,64,c2c,45,66,0,60000,307.0457,307.0457,307.0457
B,otro_nodo,0,64,c2c,45,67,0,60000,325.0813,325.0813,325.0813
B,otro_nodo,0,64,c2c,45,68,0,60000,329.5238,329.5238,329.5238
B,otro_nodo,0,64,c2c,45,69,0,60000,325.0519,325.0519,325.0519
B,otro_nodo,0,64,c2c,45,70,0,60000,312.7094,312.7094,312.7094
B,otro_nodo,0,64,c2c,45,71,0,60000,325.2483,325.2483,325.2483
B,otro_nodo,0,64,c2c,45,72,0,60000,317.3812,317.3812,317.3812
B,otro_nodo,0,64,c2c,45,73,0,60000,317.7443,317.7443,317.7443
B,otro_nodo,0,64,c2c,45,74,0,60000,317.2278,317.2278,317.2278
B,otro_nodo,0,64,c2c,45,75,0,60000,315.0462,315.0462,315.0462
B,otro_nodo,0,64,c2c,45,76,0,60000,313.8428,313.8428,313.8428
B,otro_nodo,0,64,c2c,45,77,0,60000,323.3800,323.3800,323.3800
B,otro_nodo,0,64,c2c,45,78,0,60000,308.4598,308.4598,308.4598
B,otro_nodo,0,64,c2c,45,79,0,60000,320.7903,320.7903,320.7903
B,otro_nodo,0,64,c2c,45,80,0,60000,325.2489,325.2489,325.2489
B,otro_nodo,0,64,c2c,45,81,0,60000,327.6778,327.6778,327.6778
B,otro_nodo,0,64,c2c,45,82,0,60000,322.2517,322.2517,322.2517
B,otro_nodo,0,64,c2c,45,83,0,60000,322.8619,322.8619,322.8619
B,otro_nodo,0,64,c2c,45,84,0,60000,318.9544,318.9544,318.9544
B,otro_nodo,0,64,c2c,45,85,0,60000,330.5900,330.5900,330.5900
B,otro_nodo,0,64,c2c,45,86,0,60000,313.6359,313.6359,313.6359
B,otro_nodo,0,64,c2c,45,87,0,60000,326.8829,326.8829,326.8829
B,otro_nodo,0,64,c2c,45,88,0,60000,326.9616,326.9616,326.9616
B,otro_nodo,0,64,c2c,45,89,0,60000,330.1428,330.1428,330.1428
B,otro_nodo,0,64,c2c,45,90,0,60000,323.8820,323.8820,323.8820
B,otro_nodo,0,64,c2c,45,91,0,60000,337.8160,337.8160,337.8160
B,otro_nodo,0,64,c2c,45,92,0,60000,334.8414,334.8414,334.8414
B,otro_nodo,0,64,c2c,45,93,0,60000,329.6691,329.6691,329.6691
B,otro_nodo,0,64,c2c,45,94,0,60000,332.3546,332.3546,332.3546
B,otro_nodo,0,64,c2c,45,95,0,60000,325.8208,325.8208,325.8208
B,otro_nodo,0,64,c2c,45,96,0,60000,319.0394,319.0394,319.0394
B,otro_nodo,0,64,c2c,45,97,0,60000,336.6531,336.6531,336.6531
B,otro_nodo,0,64,c2c,45,98,0,60000,319.6224,319.6224,319.6224
B,otro_nodo,0,64,c2c,45,99,0,60000,335.4032,335.4032,335.4032
B,otro_nodo,0,64,c2c,45,100,0,60000,328.3779,328.3779,328.3779
B,otro_nodo,0,64,c2c,45,101,0,60000,325.3102,325.3102,325.3102
B,otro_nodo,0,64,c2c,45,102,0,60000,324.1574,324.1574,324.1574
B,otro_nodo,0,64,c2c,45,103,0,60000,326.8019,326.8019,326.8019
B,otro_nodo,0,64,c2c,45,104,0,60000,319.7688,319.7688,319.7688
B,otro_nodo,0,64,c2c,45,105,0,60000,331.9956,331.9956,331.9956
B,otro_nodo,0,64,c2c,45,106,0,60000,317.2816,317.2816,317.2816
B,otro_nodo,0,64,c2c,45,107,0,60000,335.3594,335.3594,335.3594
B,otro_nodo,0,64,c2c,45,108,0,60000,326.0378,326.0378,326.0378
B,otro_nodo,0,64,c2c,45,109,0,60000,324.2175,324.2175,324.2175
B,otro_nodo,0,64,c2c,45,110,0,60000,322.2755,322.2755,322.2755
B,otro_nodo,0,64,c2c,45,111,0,60000,327.3496,327.3496,327.3496
B,otro_nodo,0,64,c2c,45,112,0,60000,330.3042,330.3042,330.3042
B,otro_nodo,0,64,c2c,45,113,0,60000,336.5501,336.5501,336.5501
B,otro_nodo,0,64,c2c,45,114,0,60000,327.4267,327.4267,327.4267
B,otro_nodo,0,64,c2c,45,115,0,60000,335.9942,335.9942,335.9942
B,otro_nodo,0,64,c2c,45,116,0,60000,336.0567,336.0567,336.0567
B,otro_nodo,0,64,c2c,45,117,0,60000,337.3026,337.3026,337.3026
B,otro_nodo,0,64,c2c,45,118,0,60000,330.3633,330.3633,330.3633
B,otro_nodo,0,64,c2c,45,119,0,60000,336.5616,336.5616,336.5616
B,otro_nodo,0,64,c2c,45,120,0,60000,327.8005,327.8005,327.8005
B,otro_nodo,0,64,c2c,45,121,0,60000,337.0753,337.0753,337.0753
B,otro_nodo,0,64,c2c,45,122,0,60000,326.6350,326.6350,326.6350
B,otro_nodo,0,64,c2c,45,123,0,60000,333.3487,333.3487,333.3487
B,otro_nodo,0,64,c2c,45,124,0,60000,333.8537,333.8537,333.8537
B,otro_nodo,0,64,c2c,45,125,0,60000,333.7593,333.7593,333.7593
B,otro_nodo,0,64,c2c,45,126,0,60000,327.2519,327.2519,327.2519
B,otro_nodo,0,64,c2c,45,127,0,60000,332.5456,332.5456,332.5456
B,mismo_ccd,0,64,c2c,46,47,0,60000,27.4949,27.4949,27.4949
B,otro_ccd,0,64,c2c,46,48,0,60000,196.0085,196.0085,196.0085
B,otro_ccd,0,64,c2c,46,49,0,60000,189.6232,189.6232,189.6232
B,otro_ccd,0,64,c2c,46,50,0,60000,188.4015,188.4015,188.4015
B,otro_ccd,0,64,c2c,46,51,0,60000,198.4061,198.4061,198.4061
B,otro_ccd,0,64,c2c,46,52,0,60000,173.3694,173.3694,173.3694
B,otro_ccd,0,64,c2c,46,53,0,60000,173.4746,173.4746,173.4746
B,otro_ccd,0,64,c2c,46,54,0,60000,171.7835,171.7835,171.7835
B,otro_ccd,0,64,c2c,46,55,0,60000,174.3834,174.3834,174.3834
B,otro_ccd,0,64,c2c,46,56,0,60000,173.1793,173.1793,173.1793
B,otro_ccd,0,64,c2c,46,57,0,60000,172.3706,172.3706,172.3706
B,otro_ccd,0,64,c2c,46,58,0,60000,174.3437,174.3437,174.3437
B,otro_ccd,0,64,c2c,46,59,0,60000,177.0134,177.0134,177.0134
B,otro_ccd,0,64,c2c,46,60,0,60000,173.7224,173.7224,173.7224
B,otro_ccd,0,64,c2c,46,61,0,60000,174.3394,174.3394,174.3394
B,otro_ccd,0,64,c2c,46,62,0,60000,174.7803,174.7803,174.7803
B,otro_ccd,0,64,c2c,46,63,0,60000,171.7566,171.7566,171.7566
B,otro_nodo,0,64,c2c,46,64,0,60000,327.9871,327.9871,327.9871
B,otro_nodo,0,64,c2c,46,65,0,60000,314.6374,314.6374,314.6374
B,otro_nodo,0,64,c2c,46,66,0,60000,318.9224,318.9224,318.9224
B,otro_nodo,0,64,c2c,46,67,0,60000,329.4108,329.4108,329.4108
B,otro_nodo,0,64,c2c,46,68,0,60000,316.5596,316.5596,316.5596
B,otro_nodo,0,64,c2c,46,69,0,60000,316.5150,316.5150,316.5150
B,otro_nodo,0,64,c2c,46,70,0,60000,318.8557,318.8557,318.8557
B,otro_nodo,0,64,c2c,46,71,0,60000,324.7288,324.7288,324.7288
B,otro_nodo,0,64,c2c,46,72,0,60000,324.9970,324.9970,324.9970
B,otro_nodo,0,64,c2c,46,73,0,60000,317.9654,317.9654,317.9654
B,otro_nodo,0,64,c2c,46,74,0,60000,318.0321,318.0321,318.0321
B,otro_nodo,0,64,c2c,46,75,0,60000,330.0098,330.0098,330.0098
B,otro_nodo,0,64,c2c,46,76,0,60000,316.6627,316.6627,316.6627
B,otro_nodo,0,64,c2c,46,77,0,60000,315.2512,315.2512,315.2512
B,otro_nodo,0,64,c2c,46,78,0,60000,319.6924,319.6924,319.6924
B,otro_nodo,0,64,c2c,46,79,0,60000,318.8529,318.8529,318.8529
B,otro_nodo,0,64,c2c,46,80,0,60000,329.4579,329.4579,329.4579
B,otro_nodo,0,64,c2c,46,81,0,60000,320.6128,320.6128,320.6128
B,otro_nodo,0,64,c2c,46,82,0,60000,328.2800,328.2800,328.2800
B,otro_nodo,0,64,c2c,46,83,0,60000,327.9765,327.9765,327.9765
B,otro_nodo,0,64,c2c,46,84,0,60000,323.1294,323.1294,323.1294
B,otro_nodo,0,64,c2c,46,85,0,60000,328.6512,328.6512,328.6512
B,otro_nodo,0,64,c2c,46,86,0,60000,326.3744,326.3744,326.3744
B,otro_nodo,0,64,c2c,46,87,0,60000,322.6988,322.6988,322.6988
B,otro_nodo,0,64,c2c,46,88,0,60000,327.2172,327.2172,327.2172
B,otro_nodo,0,64,c2c,46,89,0,60000,318.4215,318.4215,318.4215
B,otro_nodo,0,64,c2c,46,90,0,60000,329.8992,329.8992,329.8992
B,otro_nodo,0,64,c2c,46,91,0,60000,325.6638,325.6638,325.6638
B,otro_nodo,0,64,c2c,46,92,0,60000,322.8303,322.8303,322.8303
B,otro_nodo,0,64,c2c,46,93,0,60000,329.0324,329.0324,329.0324
B,otro_nodo,0,64,c2c,46,94,0,60000,314.7314,314.7314,314.7314
B,otro_nodo,0,64,c2c,46,95,0,60000,312.8836,312.8836,312.8836
B,otro_nodo,0,64,c2c,46,96,0,60000,323.9266,323.9266,323.9266
B,otro_nodo,0,64,c2c,46,97,0,60000,304.9928,304.9928,304.9928
B,otro_nodo,0,64,c2c,46,98,0,60000,318.3753,318.3753,318.3753
B,otro_nodo,0,64,c2c,46,99,0,60000,324.5450,324.5450,324.5450
B,otro_nodo,0,64,c2c,46,100,0,60000,307.5442,307.5442,307.5442
B,otro_nodo,0,64,c2c,46,101,0,60000,320.7096,320.7096,320.7096
B,otro_nodo,0,64,c2c,46,102,0,60000,310.7809,310.7809,310.7809
B,otro_nodo,0,64,c2c,46,103,0,60000,313.9860,313.9860,313.9860
B,otro_nodo,0,64,c2c,46,104,0,60000,328.5264,328.5264,328.5264
B,otro_nodo,0,64,c2c,46,105,0,60000,305.2558,305.2558,305.2558
B,otro_nodo,0,64,c2c,46,106,0,60000,319.2037,319.2037,319.2037
B,otro_nodo,0,64,c2c,46,107,0,60000,327.8172,327.8172,327.8172
B,otro_nodo,0,64,c2c,46,108,0,60000,308.3729,308.3729,308.3729
B,otro_nodo,0,64,c2c,46,109,0,60000,317.0319,317.0319,317.0319
B,otro_nodo,0,64,c2c,46,110,0,60000,312.9317,312.9317,312.9317
B,otro_nodo,0,64,c2c,46,111,0,60000,314.4643,314.4643,314.4643
B,otro_nodo,0,64,c2c,46,112,0,60000,328.6974,328.6974,328.6974
B,otro_nodo,0,64,c2c,46,113,0,60000,313.6812,313.6812,313.6812
B,otro_nodo,0,64,c2c,46,114,0,60000,326.8683,326.8683,326.8683
B,otro_nodo,0,64,c2c,46,115,0,60000,315.1849,315.1849,315.1849
B,otro_nodo,0,64,c2c,46,116,0,60000,319.3015,319.3015,319.3015
B,otro_nodo,0,64,c2c,46,117,0,60000,317.1982,317.1982,317.1982
B,otro_nodo,0,64,c2c,46,118,0,60000,322.0123,322.0123,322.0123
B,otro_nodo,0,64,c2c,46,119,0,60000,314.8647,314.8647,314.8647
B,otro_nodo,0,64,c2c,46,120,0,60000,322.6406,322.6406,322.6406
B,otro_nodo,0,64,c2c,46,121,0,60000,317.4026,317.4026,317.4026
B,otro_nodo,0,64,c2c,46,122,0,60000,321.0904,321.0904,321.0904
B,otro_nodo,0,64,c2c,46,123,0,60000,330.1110,330.1110,330.1110
B,otro_nodo,0,64,c2c,46,124,0,60000,335.2378,335.2378,335.2378
B,otro_nodo,0,64,c2c,46,125,0,60000,328.9426,328.9426,328.9426
B,otro_nodo,0,64,c2c,46,126,0,60000,336.7993,336.7993,336.7993
B,otro_nodo,0,64,c2c,46,127,0,60000,321.0575,321.0575,321.0575
B,otro_ccd,0,64,c2c,47,48,0,60000,203.6634,203.6634,203.6634
B,otro_ccd,0,64,c2c,47,49,0,60000,197.3361,197.3361,197.3361
B,otro_ccd,0,64,c2c,47,50,0,60000,202.4868,202.4868,202.4868
B,otro_ccd,0,64,c2c,47,51,0,60000,193.0223,193.0223,193.0223
B,otro_ccd,0,64,c2c,47,52,0,60000,199.3298,199.3298,199.3298
B,otro_ccd,0,64,c2c,47,53,0,60000,200.4063,200.4063,200.4063
B,otro_ccd,0,64,c2c,47,54,0,60000,196.8651,196.8651,196.8651
B,otro_ccd,0,64,c2c,47,55,0,60000,198.0046,198.0046,198.0046
B,otro_ccd,0,64,c2c,47,56,0,60000,202.3188,202.3188,202.3188
B,otro_ccd,0,64,c2c,47,57,0,60000,195.4808,195.4808,195.4808
B,otro_ccd,0,64,c2c,47,58,0,60000,199.0961,199.0961,199.0961
B,otro_ccd,0,64,c2c,47,59,0,60000,191.8298,191.8298,191.8298
B,otro_ccd,0,64,c2c,47,60,0,60000,197.4493,197.4493,197.4493
B,otro_ccd,0,64,c2c,47,61,0,60000,198.3358,198.3358,198.3358
B,otro_ccd,0,64,c2c,47,62,0,60000,196.0006,196.0006,196.0006
B,otro_ccd,0,64,c2c,47,63,0,60000,195.3711,195.3711,195.3711
B,otro_nodo,0,64,c2c,47,64,0,60000,322.0187,322.0187,322.0187
B,otro_nodo,0,64,c2c,47,65,0,60000,323.5764,323.5764,323.5764
B,otro_nodo,0,64,c2c,47,66,0,60000,330.7130,330.7130,330.7130
B,otro_nodo,0,64,c2c,47,67,0,60000,320.1852,320.1852,320.1852
B,otro_nodo,0,64,c2c,47,68,0,60000,326.9112,326.9112,326.9112
B,otro_nodo,0,64,c2c,47,69,0,60000,333.4763,333.4763,333.4763
B,otro_nodo,0,64,c2c,47,70,0,60000,322.9851,322.9851,322.9851
B,otro_nodo,0,64,c2c,47,71,0,60000,330.3545,330.3545,330.3545
B,otro_nodo,0,64,c2c,47,72,0,60000,332.2537,332.2537,332.2537
B,otro_nodo,0,64,c2c,47,73,0,60000,322.1333,322.1333,322.1333
B,otro_nodo,0,64,c2c,47,74,0,60000,329.9385,329.9385,329.9385
B,otro_nodo,0,64,c2c,47,75,0,60000,318.7270,318.7270,318.7270
B,otro_nodo,0,64,c2c,47,76,0,60000,324.4725,324.4725,324.4725
B,otro_nodo,0,64,c2c,47,77,0,60000,330.4234,330.4234,330.4234
B,otro_nodo,0,64,c2c,47,78,0,60000,322.6550,322.6550,322.6550
B,otro_nodo,0,64,c2c,47,79,0,60000,330.7175,330.7175,330.7175
B,otro_nodo,0,64,c2c,47,80,0,60000,338.7709,338.7709,338.7709
B,otro_nodo,0,64,c2c,47,81,0,60000,326.6499,326.6499,326.6499
B,otro_nodo,0,64,c2c,47,82,0,60000,336.3402,336.3402,336.3402
B,otro_nodo,0,64,c2c,47,83,0,60000,326.1487,326.1487,326.1487
B,otro_nodo,0,64,c2c,47,84,0,60000,328.2180,328.2180,328.2180
B,otro_nodo,0,64,c2c,47,85,0,60000,332.7397,332.7397,332.7397
B,otro_nodo,0,64,c2c,47,86,0,60000,326.3282,326.3282,326.3282
B,otro_nodo,0,64,c2c,47,87,0,60000,334.7775,334.7775,334.7775
B,otro_nodo,0,64,c2c,47,88,0,60000,332.8540,332.8540,332.8540
B,otro_nodo,0,64,c2c,47,89,0,60000,322.5301,322.5301,322.5301
B,otro_nodo,0,64,c2c,47,90,0,60000,335.5947,335.5947,335.5947
B,otro_nodo,0,64,c2c,47,91,0,60000,327.7995,327.7995,327.7995
B,otro_nodo,0,64,c2c,47,92,0,60000,325.5766,325.5766,325.5766
B,otro_nodo,0,64,c2c,47,93,0,60000,335.5131,335.5131,335.5131
B,otro_nodo,0,64,c2c,47,94,0,60000,326.3756,326.3756,326.3756
B,otro_nodo,0,64,c2c,47,95,0,60000,331.5285,331.5285,331.5285
B,otro_nodo,0,64,c2c,47,96,0,60000,333.4679,333.4679,333.4679
B,otro_nodo,0,64,c2c,47,97,0,60000,328.0327,328.0327,328.0327
B,otro_nodo,0,64,c2c,47,98,0,60000,329.5562,329.5562,329.5562
B,otro_nodo,0,64,c2c,47,99,0,60000,325.1264,325.1264,325.1264
B,otro_nodo,0,64,c2c,47,100,0,60000,325.0023,325.0023,325.0023
B,otro_nodo,0,64,c2c,47,101,0,60000,333.0888,333.0888,333.0888
B,otro_nodo,0,64,c2c,47,102,0,60000,328.1662,328.1662,328.1662
B,otro_nodo,0,64,c2c,47,103,0,60000,328.8413,328.8413,328.8413
B,otro_nodo,0,64,c2c,47,104,0,60000,331.1160,331.1160,331.1160
B,otro_nodo,0,64,c2c,47,105,0,60000,327.5523,327.5523,327.5523
B,otro_nodo,0,64,c2c,47,106,0,60000,330.1485,330.1485,330.1485
B,otro_nodo,0,64,c2c,47,107,0,60000,310.5073,310.5073,310.5073
B,otro_nodo,0,64,c2c,47,108,0,60000,315.0486,315.0486,315.0486
B,otro_nodo,0,64,c2c,47,109,0,60000,326.0958,326.0958,326.0958
B,otro_nodo,0,64,c2c,47,110,0,60000,313.2556,313.2556,313.2556
B,otro_nodo,0,64,c2c,47,111,0,60000,324.1573,324.1573,324.1573
B,otro_nodo,0,64,c2c,47,112,0,60000,331.5662,331.5662,331.5662
B,otro_nodo,0,64,c2c,47,113,0,60000,314.8103,314.8103,314.8103
B,otro_nodo,0,64,c2c,47,114,0,60000,330.4117,330.4117,330.4117
B,otro_nodo,0,64,c2c,47,115,0,60000,314.2622,314.2622,314.2622
B,otro_nodo,0,64,c2c,47,116,0,60000,318.5000,318.5000,318.5000
B,otro_nodo,0,64,c2c,47,117,0,60000,328.3658,328.3658,328.3658
B,otro_nodo,0,64,c2c,47,118,0,60000,315.8679,315.8679,315.8679
B,otro_nodo,0,64,c2c,47,119,0,60000,327.6658,327.6658,327.6658
B,otro_nodo,0,64,c2c,47,120,0,60000,329.4811,329.4811,329.4811
B,otro_nodo,0,64,c2c,47,121,0,60000,311.2076,311.2076,311.2076
B,otro_nodo,0,64,c2c,47,122,0,60000,328.9646,328.9646,328.9646
B,otro_nodo,0,64,c2c,47,123,0,60000,316.4520,316.4520,316.4520
B,otro_nodo,0,64,c2c,47,124,0,60000,314.2032,314.2032,314.2032
B,otro_nodo,0,64,c2c,47,125,0,60000,328.5891,328.5891,328.5891
B,otro_nodo,0,64,c2c,47,126,0,60000,311.8557,311.8557,311.8557
B,otro_nodo,0,64,c2c,47,127,0,60000,326.2344,326.2344,326.2344
B,mismo_ccd,0,64,c2c,48,49,0,60000,27.9794,27.9794,27.9794
B,mismo_ccd,0,64,c2c,48,50,0,60000,27.1566,27.1566,27.1566
B,mismo_ccd,0,64,c2c,48,51,0,60000,27.3296,27.3296,27.3296
B,mismo_ccd,0,64,c2c,48,52,0,60000,27.1464,27.1464,27.1464
B,mismo_ccd,0,64,c2c,48,53,0,60000,27.2609,27.2609,27.2609
B,mismo_ccd,0,64,c2c,48,54,0,60000,27.1681,27.1681,27.1681
B,mismo_ccd,0,64,c2c,48,55,0,60000,27.3149,27.3149,27.3149
B,otro_ccd,0,64,c2c,48,56,0,60000,130.5802,130.5802,130.5802
B,otro_ccd,0,64,c2c,48,57,0,60000,202.8138,202.8138,202.8138
B,otro_ccd,0,64,c2c,48,58,0,60000,185.5897,185.5897,185.5897
B,otro_ccd,0,64,c2c,48,59,0,60000,190.1261,190.1261,190.1261
B,otro_ccd,0,64,c2c,48,60,0,60000,183.9787,183.9787,183.9787
B,otro_ccd,0,64,c2c,48,61,0,60000,189.8953,189.8953,189.8953
B,otro_ccd,0,64,c2c,48,62,0,60000,190.4275,190.4275,190.4275
B,otro_ccd,0,64,c2c,48,63,0,60000,187.7450,187.7450,187.7450
B,otro_nodo,0,64,c2c,48,64,0,60000,326.0513,326.0513,326.0513
B,otro_nodo,0,64,c2c,48,65,0,60000,331.5703,331.5703,331.5703
B,otro_nodo,0,64,c2c,48,66,0,60000,318.5918,318.5918,318.5918
B,otro_nodo,0,64,c2c,48,67,0,60000,326.8490,326.8490,326.8490
B,otro_nodo,0,64,c2c,48,68,0,60000,319.9206,319.9206,319.9206
B,otro_nodo,0,64,c2c,48,69,0,60000,326.8911,326.8911,326.8911
B,otro_nodo,0,64,c2c,48,70,0,60000,323.4665,323.4665,323.4665
B,otro_nodo,0,64,c2c,48,71,0,60000,317.7506,317.7506,317.7506
B,otro_nodo,0,64,c2c,48,72,0,60000,324.0733,324.0733,324.0733
B,otro_nodo,0,64,c2c,48,73,0,60000,339.4036,339.4036,339.4036
B,otro_nodo,0,64,c2c,48,74,0,60000,317.6330,317.6330,317.6330
B,otro_nodo,0,64,c2c,48,75,0,60000,326.1371,326.1371,326.1371
B,otro_nodo,0,64,c2c,48,76,0,60000,319.9464,319.9464,319.9464
B,otro_nodo,0,64,c2c,48,77,0,60000,315.1884,315.1884,315.1884
B,otro_nodo,0,64,c2c,48,78,0,60000,323.5895,323.5895,323.5895
B,otro_nodo,0,64,c2c,48,79,0,60000,312.7789,312.7789,312.7789
B,otro_nodo,0,64,c2c,48,80,0,60000,338.4238,338.4238,338.4238
B,otro_nodo,0,64,c2c,48,81,0,60000,339.9713,339.9713,339.9713
B,otro_nodo,0,64,c2c,48,82,0,60000,321.3827,321.3827,321.3827
B,otro_nodo,0,64,c2c,48,83,0,60000,336.9977,336.9977,336.9977
B,otro_nodo,0,64,c2c,48,84,0,60000,321.9407,321.9407,321.9407
B,otro_nodo,0,64,c2c,48,85,0,60000,325.7685,325.7685,325.7685
B,otro_nodo,0,64,c2c,48,86,0,60000,335.2718,335.2718,335.2718
B,otro_nodo,0,64,c2c,48,87,0,60000,327.3912,327.3912,327.3912
B,otro_nodo,0,64,c2c,48,88,0,60000,333.8890,333.8890,333.8890
B,otro_nodo,0,64,c2c,48,89,0,60000,337.6224,337.6224,337.6224
B,otro_nodo,0,64,c2c,48,90,0,60000,318.9122,318.9122,318.9122
B,otro_nodo,0,64,c2c,48,91,0,60000,334.3658,334.3658,334.3658
B,otro_nodo,0,64,c2c,48,92,0,60000,314.9786,314.9786,314.9786
B,otro_nodo,0,64,c2c,48,93,0,60000,324.4598,324.4598,324.4598
B,otro_nodo,0,64,c2c,48,94,0,60000,320.4950,320.4950,320.4950
B,otro_nodo,0,64,c2c,48,95,0,60000,322.1921,322.1921,322.1921
B,otro_nodo,0,64,c2c,48,96,0,60000,317.3137,317.3137,317.3137
B,otro_nodo,0,64,c2c,48,97,0,60000,327.8529,327.8529,327.8529
B,otro_nodo,0,64,c2c,48,98,0,60000,315.4127,315.4127,315.4127
B,otro_nodo,0,64,c2c,48,99,0,60000,316.3251,316.3251,316.3251
B,otro_nodo,0,64,c2c,48,100,0,60000,313.7755,313.7755,313.7755
B,otro_nodo,0,64,c2c,48,101,0,60000,316.7718,316.7718,316.7718
B,otro_nodo,0,64,c2c,48,102,0,60000,317.2209,317.2209,317.2209
B,otro_nodo,0,64,c2c,48,103,0,60000,315.6405,315.6405,315.6405
B,otro_nodo,0,64,c2c,48,104,0,60000,315.5535,315.5535,315.5535
B,otro_nodo,0,64,c2c,48,105,0,60000,323.1859,323.1859,323.1859
B,otro_nodo,0,64,c2c,48,106,0,60000,312.8717,312.8717,312.8717
B,otro_nodo,0,64,c2c,48,107,0,60000,315.0036,315.0036,315.0036
B,otro_nodo,0,64,c2c,48,108,0,60000,313.1887,313.1887,313.1887
B,otro_nodo,0,64,c2c,48,109,0,60000,318.0122,318.0122,318.0122
B,otro_nodo,0,64,c2c,48,110,0,60000,315.1448,315.1448,315.1448
B,otro_nodo,0,64,c2c,48,111,0,60000,316.7914,316.7914,316.7914
B,otro_nodo,0,64,c2c,48,112,0,60000,329.4418,329.4418,329.4418
B,otro_nodo,0,64,c2c,48,113,0,60000,331.4477,331.4477,331.4477
B,otro_nodo,0,64,c2c,48,114,0,60000,326.3450,326.3450,326.3450
B,otro_nodo,0,64,c2c,48,115,0,60000,332.3226,332.3226,332.3226
B,otro_nodo,0,64,c2c,48,116,0,60000,321.6010,321.6010,321.6010
B,otro_nodo,0,64,c2c,48,117,0,60000,329.1930,329.1930,329.1930
B,otro_nodo,0,64,c2c,48,118,0,60000,328.8336,328.8336,328.8336
B,otro_nodo,0,64,c2c,48,119,0,60000,329.3381,329.3381,329.3381
B,otro_nodo,0,64,c2c,48,120,0,60000,327.7014,327.7014,327.7014
B,otro_nodo,0,64,c2c,48,121,0,60000,330.8915,330.8915,330.8915
B,otro_nodo,0,64,c2c,48,122,0,60000,319.7381,319.7381,319.7381
B,otro_nodo,0,64,c2c,48,123,0,60000,324.9288,324.9288,324.9288
B,otro_nodo,0,64,c2c,48,124,0,60000,322.2895,322.2895,322.2895
B,otro_nodo,0,64,c2c,48,125,0,60000,327.6080,327.6080,327.6080
B,otro_nodo,0,64,c2c,48,126,0,60000,326.5256,326.5256,326.5256
B,otro_nodo,0,64,c2c,48,127,0,60000,328.8980,328.8980,328.8980
B,mismo_ccd,0,64,c2c,49,50,0,60000,27.3741,27.3741,27.3741
B,mismo_ccd,0,64,c2c,49,51,0,60000,27.4442,27.4442,27.4442
B,mismo_ccd,0,64,c2c,49,52,0,60000,27.2032,27.2032,27.2032
B,mismo_ccd,0,64,c2c,49,53,0,60000,27.1757,27.1757,27.1757
B,mismo_ccd,0,64,c2c,49,54,0,60000,27.2946,27.2946,27.2946
B,mismo_ccd,0,64,c2c,49,55,0,60000,27.1978,27.1978,27.1978
B,otro_ccd,0,64,c2c,49,56,0,60000,202.4922,202.4922,202.4922
B,otro_ccd,0,64,c2c,49,57,0,60000,186.1910,186.1910,186.1910
B,otro_ccd,0,64,c2c,49,58,0,60000,190.6781,190.6781,190.6781
B,otro_ccd,0,64,c2c,49,59,0,60000,194.5421,194.5421,194.5421
B,otro_ccd,0,64,c2c,49,60,0,60000,190.1031,190.1031,190.1031
B,otro_ccd,0,64,c2c,49,61,0,60000,189.5888,189.5888,189.5888
B,otro_ccd,0,64,c2c,49,62,0,60000,188.7079,188.7079,188.7079
B,otro_ccd,0,64,c2c,49,63,0,60000,189.4250,189.4250,189.4250
B,otro_nodo,0,64,c2c,49,64,0,60000,333.9387,333.9387,333.9387
B,otro_nodo,0,64,c2c,49,65,0,60000,319.7943,319.7943,319.7943
B,otro_nodo,0,64,c2c,49,66,0,60000,324.2756,324.2756,324.2756
B,otro_nodo,0,64,c2c,49,67,0,60000,330.6639,330.6639,330.6639
B,otro_nodo,0,64,c2c,49,68,0,60000,325.9997,325.9997,325.9997
B,otro_nodo,0,64,c2c,49,69,0,60000,327.2154,327.2154,327.2154
B,otro_nodo,0,64,c2c,49,70,0,60000,325.0682,325.0682,325.0682
B,otro_nodo,0,64,c2c,49,71,0,60000,325.9088,325.9088,325.9088
B,otro_nodo,0,64,c2c,49,72,0,60000,339.9235,339.9235,339.9235
B,otro_nodo,0,64,c2c,49,73,0,60000,317.7549,317.7549,317.7549
B,otro_nodo,0,64,c2c,49,74,0,60000,322.7681,322.7681,322.7681
B,otro_nodo,0,64,c2c,49,75,0,60000,329.0109,329.0109,329.0109
B,otro_nodo,0,64,c2c,49,76,0,60000,322.3786,322.3786,322.3786
B,otro_nodo,0,64,c2c,49,77,0,60000,324.6493,324.6493,324.6493
B,otro_nodo,0,64,c2c,49,78,0,60000,313.3253,313.3253,313.3253
B,otro_nodo,0,64,c2c,49,79,0,60000,316.8521,316.8521,316.8521
B,otro_nodo,0,64,c2c,49,80,0,60000,339.6580,339.6580,339.6580
B,otro_nodo,0,64,c2c,49,81,0,60000,319.4208,319.4208,319.4208
B,otro_nodo,0,64,c2c,49,82,0,60000,336.3306,336.3306,336.3306
B,otro_nodo,0,64,c2c,49,83,0,60000,332.6454,332.6454,332.6454
B,otro_nodo,0,64,c2c,49,84,0,60000,323.9760,323.9760,323.9760
B,otro_nodo,0,64,c2c,49,85,0,60000,328.1121,328.1121,328.1121
B,otro_nodo,0,64,c2c,49,86,0,60000,326.0187,326.0187,326.0187
B,otro_nodo,0,64,c2c,49,87,0,60000,325.3971,325.3971,325.3971
B,otro_nodo,0,64,c2c,49,88,0,60000,337.5310,337.5310,337.5310
B,otro_nodo,0,64,c2c,49,89,0,60000,317.4306,317.4306,317.4306
B,otro_nodo,0,64,c2c,49,90,0,60000,334.0177,334.0177,334.0177
B,otro_nodo,0,64,c2c,49,91,0,60000,332.6072,332.6072,332.6072
B,otro_nodo,0,64,c2c,49,92,0,60000,328.1398,328.1398,328.1398
B,otro_nodo,0,64,c2c,49,93,0,60000,330.0006,330.0006,330.0006
B,otro_nodo,0,64,c2c,49,94,0,60000,326.1283,326.1283,326.1283
B,otro_nodo,0,64,c2c,49,95,0,60000,325.7668,325.7668,325.7668
B,otro_nodo,0,64,c2c,49,96,0,60000,335.7421,335.7421,335.7421
B,otro_nodo,0,64,c2c,49,97,0,60000,319.4142,319.4142,319.4142
B,otro_nodo,0,64,c2c,49,98,0,60000,330.4898,330.4898,330.4898
B,otro_nodo,0,64,c2c,49,99,0,60000,337.8491,337.8491,337.8491
B,otro_nodo,0,64,c2c,49,100,0,60000,315.1152,315.1152,315.1152
B,otro_nodo,0,64,c2c,49,101,0,60000,314.0714,314.0714,314.0714
B,otro_nodo,0,64,c2c,49,102,0,60000,311.5131,311.5131,311.5131
B,otro_nodo,0,64,c2c,49,103,0,60000,315.3457,315.3457,315.3457
B,otro_nodo,0,64,c2c,49,104,0,60000,329.2657,329.2657,329.2657
B,otro_nodo,0,64,c2c,49,105,0,60000,306.1905,306.1905,306.1905
B,otro_nodo,0,64,c2c,49,106,0,60000,315.7113,315.7113,315.7113
B,otro_nodo,0,64,c2c,49,107,0,60000,321.3467,321.3467,321.3467
B,otro_nodo,0,64,c2c,49,108,0,60000,313.2552,313.2552,313.2552
B,otro_nodo,0,64,c2c,49,109,0,60000,315.0339,315.0339,315.0339
B,otro_nodo,0,64,c2c,49,110,0,60000,315.1382,315.1382,315.1382
B,otro_nodo,0,64,c2c,49,111,0,60000,315.0847,315.0847,315.0847
B,otro_nodo,0,64,c2c,49,112,0,60000,329.1209,329.1209,329.1209
B,otro_nodo,0,64,c2c,49,113,0,60000,313.9282,313.9282,313.9282
B,otro_nodo,0,64,c2c,49,114,0,60000,324.1888,324.1888,324.1888
B,otro_nodo,0,64,c2c,49,115,0,60000,323.6278,323.6278,323.6278
B,otro_nodo,0,64,c2c,49,116,0,60000,321.0588,321.0588,321.0588
B,otro_nodo,0,64,c2c,49,117,0,60000,317.8760,317.8760,317.8760
B,otro_nodo,0,64,c2c,49,118,0,60000,317.1190,317.1190,317.1190
B,otro_nodo,0,64,c2c,49,119,0,60000,319.0553,319.0553,319.0553
B,otro_nodo,0,64,c2c,49,120,0,60000,326.4422,326.4422,326.4422
B,otro_nodo,0,64,c2c,49,121,0,60000,314.6143,314.6143,314.6143
B,otro_nodo,0,64,c2c,49,122,0,60000,337.3972,337.3972,337.3972
B,otro_nodo,0,64,c2c,49,123,0,60000,334.5833,334.5833,334.5833
B,otro_nodo,0,64,c2c,49,124,0,60000,320.9579,320.9579,320.9579
B,otro_nodo,0,64,c2c,49,125,0,60000,327.5085,327.5085,327.5085
B,otro_nodo,0,64,c2c,49,126,0,60000,326.0752,326.0752,326.0752
B,otro_nodo,0,64,c2c,49,127,0,60000,321.4484,321.4484,321.4484
B,mismo_ccd,0,64,c2c,50,51,0,60000,27.4749,27.4749,27.4749
B,mismo_ccd,0,64,c2c,50,52,0,60000,27.4039,27.4039,27.4039
B,mismo_ccd,0,64,c2c,50,53,0,60000,27.4557,27.4557,27.4557
B,mismo_ccd,0,64,c2c,50,54,0,60000,27.4214,27.4214,27.4214
B,mismo_ccd,0,64,c2c,50,55,0,60000,27.2581,27.2581,27.2581
B,otro_ccd,0,64,c2c,50,56,0,60000,199.1032,199.1032,199.1032
B,otro_ccd,0,64,c2c,50,57,0,60000,186.1921,186.1921,186.1921
B,otro_ccd,0,64,c2c,50,58,0,60000,192.8422,192.8422,192.8422
B,otro_ccd,0,64,c2c,50,59,0,60000,197.4869,197.4869,197.4869
B,otro_ccd,0,64,c2c,50,60,0,60000,189.9956,189.9956,189.9956
B,otro_ccd,0,64,c2c,50,61,0,60000,190.6602,190.6602,190.6602
B,otro_ccd,0,64,c2c,50,62,0,60000,196.8217,196.8217,196.8217
B,otro_ccd,0,64,c2c,50,63,0,60000,189.1448,189.1448,189.1448
B,otro_nodo,0,64,c2c,50,64,0,60000,330.6478,330.6478,330.6478
B,otro_nodo,0,64,c2c,50,65,0,60000,329.8911,329.8911,329.8911
B,otro_nodo,0,64,c2c,50,66,0,60000,331.7232,331.7232,331.7232
B,otro_nodo,0,64,c2c,50,67,0,60000,324.5148,324.5148,324.5148
B,otro_nodo,0,64,c2c,50,68,0,60000,326.8453,326.8453,326.8453
B,otro_nodo,0,64,c2c,50,69,0,60000,324.6198,324.6198,324.6198
B,otro_nodo,0,64,c2c,50,70,0,60000,322.6344,322.6344,322.6344
B,otro_nodo,0,64,c2c,50,71,0,60000,327.1674,327.1674,327.1674
B,otro_nodo,0,64,c2c,50,72,0,60000,323.7339,323.7339,323.7339
B,otro_nodo,0,64,c2c,50,73,0,60000,326.9550,326.9550,326.9550
B,otro_nodo,0,64,c2c,50,74,0,60000,333.7542,333.7542,333.7542
B,otro_nodo,0,64,c2c,50,75,0,60000,324.8174,324.8174,324.8174
B,otro_nodo,0,64,c2c,50,76,0,60000,326.0000,326.0000,326.0000
B,otro_nodo,0,64,c2c,50,77,0,60000,327.1592,327.1592,327.1592
B,otro_nodo,0,64,c2c,50,78,0,60000,320.7987,320.7987,320.7987
B,otro_nodo,0,64,c2c,50,79,0,60000,326.0308,326.0308,326.0308
B,otro_nodo,0,64,c2c,50,80,0,60000,340.8708,340.8708,340.8708
B,otro_nodo,0,64,c2c,50,81,0,60000,327.9002,327.9002,327.9002
B,otro_nodo,0,64,c2c,50,82,0,60000,333.9365,333.9365,333.9365
B,otro_nodo,0,64,c2c,50,83,0,60000,339.7196,339.7196,339.7196
B,otro_nodo,0,64,c2c,50,84,0,60000,337.0746,337.0746,337.0746
B,otro_nodo,0,64,c2c,50,85,0,60000,327.8647,327.8647,327.8647
B,otro_nodo,0,64,c2c,50,86,0,60000,331.5611,331.5611,331.5611
B,otro_nodo,0,64,c2c,50,87,0,60000,322.1768,322.1768,322.1768
B,otro_nodo,0,64,c2c,50,88,0,60000,333.4491,333.4491,333.4491
B,otro_nodo,0,64,c2c,50,89,0,60000,314.2040,314.2040,314.2040
B,otro_nodo,0,64,c2c,50,90,0,60000,329.3534,329.3534,329.3534
B,otro_nodo,0,64,c2c,50,91,0,60000,331.6205,331.6205,331.6205
B,otro_nodo,0,64,c2c,50,92,0,60000,319.7289,319.7289,319.7289
B,otro_nodo,0,64,c2c,50,93,0,60000,319.7282,319.7282,319.7282
B,otro_nodo,0,64,c2c,50,94,0,60000,327.8513,327.8513,327.8513
B,otro_nodo,0,64,c2c,50,95,0,60000,319.1521,319.1521,319.1521
B,otro_nodo,0,64,c2c,50,96,0,60000,322.1357,322.1357,322.1357
B,otro_nodo,0,64,c2c,50,97,0,60000,313.5473,313.5473,313.5473
B,otro_nodo,0,64,c2c,50,98,0,60000,318.4764,318.4764,318.4764
B,otro_nodo,0,64,c2c,50,99,0,60000,325.9952,325.9952,325.9952
B,otro_nodo,0,64,c2c,50,100,0,60000,313.6997,313.6997,313.6997
B,otro_nodo,0,64,c2c,50,101,0,60000,322.0783,322.0783,322.0783
B,otro_nodo,0,64,c2c,50,102,0,60000,328.1940,328.1940,328.1940
B,otro_nodo,0,64,c2c,50,103,0,60000,312.1857,312.1857,312.1857
B,otro_nodo,0,64,c2c,50,104,0,60000,322.9181,322.9181,322.9181
B,otro_nodo,0,64,c2c,50,105,0,60000,310.3986,310.3986,310.3986
B,otro_nodo,0,64,c2c,50,106,0,60000,319.7642,319.7642,319.7642
B,otro_nodo,0,64,c2c,50,107,0,60000,326.1018,326.1018,326.1018
B,otro_nodo,0,64,c2c,50,108,0,60000,326.1892,326.1892,326.1892
B,otro_nodo,0,64,c2c,50,109,0,60000,324.0086,324.0086,324.0086
B,otro_nodo,0,64,c2c,50,110,0,60000,324.5402,324.5402,324.5402
B,otro_nodo,0,64,c2c,50,111,0,60000,326.7285,326.7285,326.7285
B,otro_nodo,0,64,c2c,50,112,0,60000,332.0482,332.0482,332.0482
B,otro_nodo,0,64,c2c,50,113,0,60000,327.8677,327.8677,327.8677
B,otro_nodo,0,64,c2c,50,114,0,60000,334.5201,334.5201,334.5201
B,otro_nodo,0,64,c2c,50,115,0,60000,332.1639,332.1639,332.1639
B,otro_nodo,0,64,c2c,50,116,0,60000,335.7735,335.7735,335.7735
B,otro_nodo,0,64,c2c,50,117,0,60000,332.8755,332.8755,332.8755
B,otro_nodo,0,64,c2c,50,118,0,60000,337.8315,337.8315,337.8315
B,otro_nodo,0,64,c2c,50,119,0,60000,332.1340,332.1340,332.1340
B,otro_nodo,0,64,c2c,50,120,0,60000,339.6226,339.6226,339.6226
B,otro_nodo,0,64,c2c,50,121,0,60000,322.2493,322.2493,322.2493
B,otro_nodo,0,64,c2c,50,122,0,60000,333.4323,333.4323,333.4323
B,otro_nodo,0,64,c2c,50,123,0,60000,338.0857,338.0857,338.0857
B,otro_nodo,0,64,c2c,50,124,0,60000,331.1954,331.1954,331.1954
B,otro_nodo,0,64,c2c,50,125,0,60000,329.3178,329.3178,329.3178
B,otro_nodo,0,64,c2c,50,126,0,60000,332.1780,332.1780,332.1780
B,otro_nodo,0,64,c2c,50,127,0,60000,328.8381,328.8381,328.8381
B,mismo_ccd,0,64,c2c,51,52,0,60000,27.4336,27.4336,27.4336
B,mismo_ccd,0,64,c2c,51,53,0,60000,28.0249,28.0249,28.0249
B,mismo_ccd,0,64,c2c,51,54,0,60000,27.3045,27.3045,27.3045
B,mismo_ccd,0,64,c2c,51,55,0,60000,27.4053,27.4053,27.4053
B,otro_ccd,0,64,c2c,51,56,0,60000,185.1341,185.1341,185.1341
B,otro_ccd,0,64,c2c,51,57,0,60000,199.6911,199.6911,199.6911
B,otro_ccd,0,64,c2c,51,58,0,60000,198.1700,198.1700,198.1700
B,otro_ccd,0,64,c2c,51,59,0,60000,193.5884,193.5884,193.5884
B,otro_ccd,0,64,c2c,51,60,0,60000,191.3344,191.3344,191.3344
B,otro_ccd,0,64,c2c,51,61,0,60000,189.5563,189.5563,189.5563
B,otro_ccd,0,64,c2c,51,62,0,60000,189.2442,189.2442,189.2442
B,otro_ccd,0,64,c2c,51,63,0,60000,196.9678,196.9678,196.9678
B,otro_nodo,0,64,c2c,51,64,0,60000,316.4377,316.4377,316.4377
B,otro_nodo,0,64,c2c,51,65,0,60000,330.9114,330.9114,330.9114
B,otro_nodo,0,64,c2c,51,66,0,60000,331.4562,331.4562,331.4562
B,otro_nodo,0,64,c2c,51,67,0,60000,322.9313,322.9313,322.9313
B,otro_nodo,0,64,c2c,51,68,0,60000,333.4494,333.4494,333.4494
B,otro_nodo,0,64,c2c,51,69,0,60000,321.2368,321.2368,321.2368
B,otro_nodo,0,64,c2c,51,70,0,60000,319.4455,319.4455,319.4455
B,otro_nodo,0,64,c2c,51,71,0,60000,338.2249,338.2249,338.2249
B,otro_nodo,0,64,c2c,51,72,0,60000,315.9870,315.9870,315.9870
B,otro_nodo,0,64,c2c,51,73,0,60000,330.5873,330.5873,330.5873
B,otro_nodo,0,64,c2c,51,74,0,60000,333.1850,333.1850,333.1850
B,otro_nodo,0,64,c2c,51,75,0,60000,326.6539,326.6539,326.6539
B,otro_nodo,0,64,c2c,51,76,0,60000,324.8200,324.8200,324.8200
B,otro_nodo,0,64,c2c,51,77,0,60000,317.8579,317.8579,317.8579
B,otro_nodo,0,64,c2c,51,78,0,60000,316.3460,316.3460,316.3460
B,otro_nodo,0,64,c2c,51,79,0,60000,329.0869,329.0869,329.0869
B,otro_nodo,0,64,c2c,51,80,0,60000,320.9572,320.9572,320.9572
B,otro_nodo,0,64,c2c,51,81,0,60000,337.2699,337.2699,337.2699
B,otro_nodo,0,64,c2c,51,82,0,60000,335.5554,335.5554,335.5554
B,otro_nodo,0,64,c2c,51,83,0,60000,330.3684,330.3684,330.3684
B,otro_nodo,0,64,c2c,51,84,0,60000,335.3488,335.3488,335.3488
B,otro_nodo,0,64,c2c,51,85,0,60000,322.7414,322.7414,322.7414
B,otro_nodo,0,64,c2c,51,86,0,60000,321.6544,321.6544,321.6544
B,otro_nodo,0,64,c2c,51,87,0,60000,331.0490,331.0490,331.0490
B,otro_nodo,0,64,c2c,51,88,0,60000,320.2713,320.2713,320.2713
B,otro_nodo,0,64,c2c,51,89,0,60000,335.0232,335.0232,335.0232
B,otro_nodo,0,64,c2c,51,90,0,60000,334.4912,334.4912,334.4912
B,otro_nodo,0,64,c2c,51,91,0,60000,329.0944,329.0944,329.0944
B,otro_nodo,0,64,c2c,51,92,0,60000,339.4478,339.4478,339.4478
B,otro_nodo,0,64,c2c,51,93,0,60000,323.8123,323.8123,323.8123
B,otro_nodo,0,64,c2c,51,94,0,60000,323.6528,323.6528,323.6528
B,otro_nodo,0,64,c2c,51,95,0,60000,331.9893,331.9893,331.9893
B,otro_nodo,0,64,c2c,51,96,0,60000,314.3514,314.3514,314.3514
B,otro_nodo,0,64,c2c,51,97,0,60000,329.0950,329.0950,329.0950
B,otro_nodo,0,64,c2c,51,98,0,60000,326.0615,326.0615,326.0615
B,otro_nodo,0,64,c2c,51,99,0,60000,321.3650,321.3650,321.3650
B,otro_nodo,0,64,c2c,51,100,0,60000,318.9777,318.9777,318.9777
B,otro_nodo,0,64,c2c,51,101,0,60000,316.7619,316.7619,316.7619
B,otro_nodo,0,64,c2c,51,102,0,60000,312.6715,312.6715,312.6715
B,otro_nodo,0,64,c2c,51,103,0,60000,319.9838,319.9838,319.9838
B,otro_nodo,0,64,c2c,51,104,0,60000,313.0441,313.0441,313.0441
B,otro_nodo,0,64,c2c,51,105,0,60000,324.6948,324.6948,324.6948
B,otro_nodo,0,64,c2c,51,106,0,60000,323.4224,323.4224,323.4224
B,otro_nodo,0,64,c2c,51,107,0,60000,320.4719,320.4719,320.4719
B,otro_nodo,0,64,c2c,51,108,0,60000,317.7838,317.7838,317.7838
B,otro_nodo,0,64,c2c,51,109,0,60000,315.8748,315.8748,315.8748
B,otro_nodo,0,64,c2c,51,110,0,60000,314.2573,314.2573,314.2573
B,otro_nodo,0,64,c2c,51,111,0,60000,318.4123,318.4123,318.4123
B,otro_nodo,0,64,c2c,51,112,0,60000,318.4891,318.4891,318.4891
B,otro_nodo,0,64,c2c,51,113,0,60000,327.0564,327.0564,327.0564
B,otro_nodo,0,64,c2c,51,114,0,60000,326.5045,326.5045,326.5045
B,otro_nodo,0,64,c2c,51,115,0,60000,325.7903,325.7903,325.7903
B,otro_nodo,0,64,c2c,51,116,0,60000,328.9421,328.9421,328.9421
B,otro_nodo,0,64,c2c,51,117,0,60000,323.2601,323.2601,323.2601
B,otro_nodo,0,64,c2c,51,118,0,60000,324.3678,324.3678,324.3678
B,otro_nodo,0,64,c2c,51,119,0,60000,327.9879,327.9879,327.9879
B,otro_nodo,0,64,c2c,51,120,0,60000,315.6973,315.6973,315.6973
B,otro_nodo,0,64,c2c,51,121,0,60000,329.0519,329.0519,329.0519
B,otro_nodo,0,64,c2c,51,122,0,60000,327.4069,327.4069,327.4069
B,otro_nodo,0,64,c2c,51,123,0,60000,324.5179,324.5179,324.5179
B,otro_nodo,0,64,c2c,51,124,0,60000,329.1485,329.1485,329.1485
B,otro_nodo,0,64,c2c,51,125,0,60000,322.0449,322.0449,322.0449
B,otro_nodo,0,64,c2c,51,126,0,60000,320.6547,320.6547,320.6547
B,otro_nodo,0,64,c2c,51,127,0,60000,327.1815,327.1815,327.1815
B,mismo_ccd,0,64,c2c,52,53,0,60000,27.5627,27.5627,27.5627
B,mismo_ccd,0,64,c2c,52,54,0,60000,27.1112,27.1112,27.1112
B,mismo_ccd,0,64,c2c,52,55,0,60000,27.1685,27.1685,27.1685
B,otro_ccd,0,64,c2c,52,56,0,60000,175.7399,175.7399,175.7399
B,otro_ccd,0,64,c2c,52,57,0,60000,170.1246,170.1246,170.1246
B,otro_ccd,0,64,c2c,52,58,0,60000,176.0999,176.0999,176.0999
B,otro_ccd,0,64,c2c,52,59,0,60000,184.9569,184.9569,184.9569
B,otro_ccd,0,64,c2c,52,60,0,60000,167.7529,167.7529,167.7529
B,otro_ccd,0,64,c2c,52,61,0,60000,181.4973,181.4973,181.4973
B,otro_ccd,0,64,c2c,52,62,0,60000,167.7430,167.7430,167.7430
B,otro_ccd,0,64,c2c,52,63,0,60000,168.2531,168.2531,168.2531
B,otro_nodo,0,64,c2c,52,64,0,60000,265.7654,265.7654,265.7654
B,otro_nodo,0,64,c2c,52,65,0,60000,325.2141,325.2141,325.2141
B,otro_nodo,0,64,c2c,52,66,0,60000,313.9288,313.9288,313.9288
B,otro_nodo,0,64,c2c,52,67,0,60000,317.1401,317.1401,317.1401
B,otro_nodo,0,64,c2c,52,68,0,60000,321.3441,321.3441,321.3441
B,otro_nodo,0,64,c2c,52,69,0,60000,315.2697,315.2697,315.2697
B,otro_nodo,0,64,c2c,52,70,0,60000,317.1069,317.1069,317.1069
B,otro_nodo,0,64,c2c,52,71,0,60000,321.4400,321.4400,321.4400
B,otro_nodo,0,64,c2c,52,72,0,60000,313.0940,313.0940,313.0940
B,otro_nodo,0,64,c2c,52,73,0,60000,321.6759,321.6759,321.6759
B,otro_nodo,0,64,c2c,52,74,0,60000,311.0157,311.0157,311.0157
B,otro_nodo,0,64,c2c,52,75,0,60000,317.2666,317.2666,317.2666
B,otro_nodo,0,64,c2c,52,76,0,60000,316.4717,316.4717,316.4717
B,otro_nodo,0,64,c2c,52,77,0,60000,314.3908,314.3908,314.3908
B,otro_nodo,0,64,c2c,52,78,0,60000,317.4656,317.4656,317.4656
B,otro_nodo,0,64,c2c,52,79,0,60000,318.3295,318.3295,318.3295
B,otro_nodo,0,64,c2c,52,80,0,60000,316.6547,316.6547,316.6547
B,otro_nodo,0,64,c2c,52,81,0,60000,327.1691,327.1691,327.1691
B,otro_nodo,0,64,c2c,52,82,0,60000,313.5852,313.5852,313.5852
B,otro_nodo,0,64,c2c,52,83,0,60000,318.2787,318.2787,318.2787
B,otro_nodo,0,64,c2c,52,84,0,60000,320.1269,320.1269,320.1269
B,otro_nodo,0,64,c2c,52,85,0,60000,318.6832,318.6832,318.6832
B,otro_nodo,0,64,c2c,52,86,0,60000,331.2845,331.2845,331.2845
B,otro_nodo,0,64,c2c,52,87,0,60000,328.8432,328.8432,328.8432
B,otro_nodo,0,64,c2c,52,88,0,60000,325.3287,325.3287,325.3287
B,otro_nodo,0,64,c2c,52,89,0,60000,334.0769,334.0769,334.0769
B,otro_nodo,0,64,c2c,52,90,0,60000,323.1508,323.1508,323.1508
B,otro_nodo,0,64,c2c,52,91,0,60000,323.6636,323.6636,323.6636
B,otro_nodo,0,64,c2c,52,92,0,60000,332.4617,332.4617,332.4617
B,otro_nodo,0,64,c2c,52,93,0,60000,325.5909,325.5909,325.5909
B,otro_nodo,0,64,c2c,52,94,0,60000,328.7685,328.7685,328.7685
B,otro_nodo,0,64,c2c,52,95,0,60000,331.2788,331.2788,331.2788
B,otro_nodo,0,64,c2c,52,96,0,60000,320.5091,320.5091,320.5091
B,otro_nodo,0,64,c2c,52,97,0,60000,332.6453,332.6453,332.6453
B,otro_nodo,0,64,c2c,52,98,0,60000,315.4558,315.4558,315.4558
B,otro_nodo,0,64,c2c,52,99,0,60000,325.7613,325.7613,325.7613
B,otro_nodo,0,64,c2c,52,100,0,60000,328.1479,328.1479,328.1479
B,otro_nodo,0,64,c2c,52,101,0,60000,323.2486,323.2486,323.2486
B,otro_nodo,0,64,c2c,52,102,0,60000,322.6281,322.6281,322.6281
B,otro_nodo,0,64,c2c,52,103,0,60000,329.2768,329.2768,329.2768
B,otro_nodo,0,64,c2c,52,104,0,60000,319.4910,319.4910,319.4910
B,otro_nodo,0,64,c2c,52,105,0,60000,331.0165,331.0165,331.0165
B,otro_nodo,0,64,c2c,52,106,0,60000,326.9745,326.9745,326.9745
B,otro_nodo,0,64,c2c,52,107,0,60000,325.5360,325.5360,325.5360
B,otro_nodo,0,64,c2c,52,108,0,60000,329.8504,329.8504,329.8504
B,otro_nodo,0,64,c2c,52,109,0,60000,322.6992,322.6992,322.6992
B,otro_nodo,0,64,c2c,52,110,0,60000,319.0718,319.0718,319.0718
B,otro_nodo,0,64,c2c,52,111,0,60000,328.9687,328.9687,328.9687
B,otro_nodo,0,64,c2c,52,112,0,60000,328.0959,328.0959,328.0959
B,otro_nodo,0,64,c2c,52,113,0,60000,330.8663,330.8663,330.8663
B,otro_nodo,0,64,c2c,52,114,0,60000,328.0330,328.0330,328.0330
B,otro_nodo,0,64,c2c,52,115,0,60000,333.4522,333.4522,333.4522
B,otro_nodo,0,64,c2c,52,116,0,60000,333.8316,333.8316,333.8316
B,otro_nodo,0,64,c2c,52,117,0,60000,333.7477,333.7477,333.7477
B,otro_nodo,0,64,c2c,52,118,0,60000,329.1303,329.1303,329.1303
B,otro_nodo,0,64,c2c,52,119,0,60000,336.1032,336.1032,336.1032
B,otro_nodo,0,64,c2c,52,120,0,60000,327.9303,327.9303,327.9303
B,otro_nodo,0,64,c2c,52,121,0,60000,333.6985,333.6985,333.6985
B,otro_nodo,0,64,c2c,52,122,0,60000,323.5598,323.5598,323.5598
B,otro_nodo,0,64,c2c,52,123,0,60000,330.2437,330.2437,330.2437
B,otro_nodo,0,64,c2c,52,124,0,60000,334.0096,334.0096,334.0096
B,otro_nodo,0,64,c2c,52,125,0,60000,329.7874,329.7874,329.7874
B,otro_nodo,0,64,c2c,52,126,0,60000,331.1564,331.1564,331.1564
B,otro_nodo,0,64,c2c,52,127,0,60000,333.8307,333.8307,333.8307
B,mismo_ccd,0,64,c2c,53,54,0,60000,27.6359,27.6359,27.6359
B,mismo_ccd,0,64,c2c,53,55,0,60000,26.9831,26.9831,26.9831
B,otro_ccd,0,64,c2c,53,56,0,60000,162.6234,162.6234,162.6234
B,otro_ccd,0,64,c2c,53,57,0,60000,166.6443,166.6443,166.6443
B,otro_ccd,0,64,c2c,53,58,0,60000,155.0516,155.0516,155.0516
B,otro_ccd,0,64,c2c,53,59,0,60000,162.6307,162.6307,162.6307
B,otro_ccd,0,64,c2c,53,60,0,60000,166.3889,166.3889,166.3889
B,otro_ccd,0,64,c2c,53,61,0,60000,167.7344,167.7344,167.7344
B,otro_ccd,0,64,c2c,53,62,0,60000,168.4989,168.4989,168.4989
B,otro_ccd,0,64,c2c,53,63,0,60000,167.3781,167.3781,167.3781
B,otro_nodo,0,64,c2c,53,64,0,60000,312.7867,312.7867,312.7867
B,otro_nodo,0,64,c2c,53,65,0,60000,315.1948,315.1948,315.1948
B,otro_nodo,0,64,c2c,53,66,0,60000,318.4267,318.4267,318.4267
B,otro_nodo,0,64,c2c,53,67,0,60000,314.1272,314.1272,314.1272
B,otro_nodo,0,64,c2c,53,68,0,60000,312.8028,312.8028,312.8028
B,otro_nodo,0,64,c2c,53,69,0,60000,317.5892,317.5892,317.5892
B,otro_nodo,0,64,c2c,53,70,0,60000,317.5227,317.5227,317.5227
B,otro_nodo,0,64,c2c,53,71,0,60000,314.9976,314.9976,314.9976
B,otro_nodo,0,64,c2c,53,72,0,60000,311.4655,311.4655,311.4655
B,otro_nodo,0,64,c2c,53,73,0,60000,313.0441,313.0441,313.0441
B,otro_nodo,0,64,c2c,53,74,0,60000,321.8148,321.8148,321.8148
B,otro_nodo,0,64,c2c,53,75,0,60000,311.5272,311.5272,311.5272
B,otro_nodo,0,64,c2c,53,76,0,60000,314.4158,314.4158,314.4158
B,otro_nodo,0,64,c2c,53,77,0,60000,315.9926,315.9926,315.9926
B,otro_nodo,0,64,c2c,53,78,0,60000,316.4406,316.4406,316.4406
B,otro_nodo,0,64,c2c,53,79,0,60000,315.2078,315.2078,315.2078
B,otro_nodo,0,64,c2c,53,80,0,60000,313.5163,313.5163,313.5163
B,otro_nodo,0,64,c2c,53,81,0,60000,316.5372,316.5372,316.5372
B,otro_nodo,0,64,c2c,53,82,0,60000,326.2632,326.2632,326.2632
B,otro_nodo,0,64,c2c,53,83,0,60000,313.7905,313.7905,313.7905
B,otro_nodo,0,64,c2c,53,84,0,60000,320.1417,320.1417,320.1417
B,otro_nodo,0,64,c2c,53,85,0,60000,325.3102,325.3102,325.3102
B,otro_nodo,0,64,c2c,53,86,0,60000,327.6747,327.6747,327.6747
B,otro_nodo,0,64,c2c,53,87,0,60000,318.8210,318.8210,318.8210
B,otro_nodo,0,64,c2c,53,88,0,60000,313.8742,313.8742,313.8742
B,otro_nodo,0,64,c2c,53,89,0,60000,315.2074,315.2074,315.2074
B,otro_nodo,0,64,c2c,53,90,0,60000,323.9351,323.9351,323.9351
B,otro_nodo,0,64,c2c,53,91,0,60000,312.4657,312.4657,312.4657
B,otro_nodo,0,64,c2c,53,92,0,60000,320.1536,320.1536,320.1536
B,otro_nodo,0,64,c2c,53,93,0,60000,323.2457,323.2457,323.2457
B,otro_nodo,0,64,c2c,53,94,0,60000,323.7522,323.7522,323.7522
B,otro_nodo,0,64,c2c,53,95,0,60000,316.7355,316.7355,316.7355
B,otro_nodo,0,64,c2c,53,96,0,60000,317.5755,317.5755,317.5755
B,otro_nodo,0,64,c2c,53,97,0,60000,315.9070,315.9070,315.9070
B,otro_nodo,0,64,c2c,53,98,0,60000,321.3985,321.3985,321.3985
B,otro_nodo,0,64,c2c,53,99,0,60000,318.7877,318.7877,318.7877
B,otro_nodo,0,64,c2c,53,100,0,60000,315.3343,315.3343,315.3343
B,otro_nodo,0,64,c2c,53,101,0,60000,317.4073,317.4073,317.4073
B,otro_nodo,0,64,c2c,53,102,0,60000,322.9815,322.9815,322.9815
B,otro_nodo,0,64,c2c,53,103,0,60000,314.8380,314.8380,314.8380
B,otro_nodo,0,64,c2c,53,104,0,60000,314.1230,314.1230,314.1230
B,otro_nodo,0,64,c2c,53,105,0,60000,318.0779,318.0779,318.0779
B,otro_nodo,0,64,c2c,53,106,0,60000,319.4632,319.4632,319.4632
B,otro_nodo,0,64,c2c,53,107,0,60000,317.6015,317.6015,317.6015
B,otro_nodo,0,64,c2c,53,108,0,60000,314.6969,314.6969,314.6969
B,otro_nodo,0,64,c2c,53,109,0,60000,316.6442,316.6442,316.6442
B,otro_nodo,0,64,c2c,53,110,0,60000,321.4646,321.4646,321.4646
B,otro_nodo,0,64,c2c,53,111,0,60000,315.8899,315.8899,315.8899
B,otro_nodo,0,64,c2c,53,112,0,60000,318.4922,318.4922,318.4922
B,otro_nodo,0,64,c2c,53,113,0,60000,319.7672,319.7672,319.7672
B,otro_nodo,0,64,c2c,53,114,0,60000,323.8954,323.8954,323.8954
B,otro_nodo,0,64,c2c,53,115,0,60000,317.7759,317.7759,317.7759
B,otro_nodo,0,64,c2c,53,116,0,60000,321.2234,321.2234,321.2234
B,otro_nodo,0,64,c2c,53,117,0,60000,322.2862,322.2862,322.2862
B,otro_nodo,0,64,c2c,53,118,0,60000,321.9514,321.9514,321.9514
B,otro_nodo,0,64,c2c,53,119,0,60000,320.2948,320.2948,320.2948
B,otro_nodo,0,64,c2c,53,120,0,60000,316.3079,316.3079,316.3079
B,otro_nodo,0,64,c2c,53,121,0,60000,319.1177,319.1177,319.1177
B,otro_nodo,0,64,c2c,53,122,0,60000,318.8257,318.8257,318.8257
B,otro_nodo,0,64,c2c,53,123,0,60000,323.6641,323.6641,323.6641
B,otro_nodo,0,64,c2c,53,124,0,60000,318.6333,318.6333,318.6333
B,otro_nodo,0,64,c2c,53,125,0,60000,332.6508,332.6508,332.6508
B,otro_nodo,0,64,c2c,53,126,0,60000,332.1873,332.1873,332.1873
B,otro_nodo,0,64,c2c,53,127,0,60000,332.1930,332.1930,332.1930
B,mismo_ccd,0,64,c2c,54,55,0,60000,27.7734,27.7734,27.7734
B,otro_ccd,0,64,c2c,54,56,0,60000,190.6985,190.6985,190.6985
B,otro_ccd,0,64,c2c,54,57,0,60000,195.7289,195.7289,195.7289
B,otro_ccd,0,64,c2c,54,58,0,60000,186.6502,186.6502,186.6502
B,otro_ccd,0,64,c2c,54,59,0,60000,188.9038,188.9038,188.9038
B,otro_ccd,0,64,c2c,54,60,0,60000,189.0999,189.0999,189.0999
B,otro_ccd,0,64,c2c,54,61,0,60000,189.5743,189.5743,189.5743
B,otro_ccd,0,64,c2c,54,62,0,60000,189.5417,189.5417,189.5417
B,otro_ccd,0,64,c2c,54,63,0,60000,189.5838,189.5838,189.5838
B,otro_nodo,0,64,c2c,54,64,0,60000,327.1111,327.1111,327.1111
B,otro_nodo,0,64,c2c,54,65,0,60000,328.0102,328.0102,328.0102
B,otro_nodo,0,64,c2c,54,66,0,60000,326.1810,326.1810,326.1810
B,otro_nodo,0,64,c2c,54,67,0,60000,326.6322,326.6322,326.6322
B,otro_nodo,0,64,c2c,54,68,0,60000,328.5622,328.5622,328.5622
B,otro_nodo,0,64,c2c,54,69,0,60000,327.8872,327.8872,327.8872
B,otro_nodo,0,64,c2c,54,70,0,60000,317.6486,317.6486,317.6486
B,otro_nodo,0,64,c2c,54,71,0,60000,334.4270,334.4270,334.4270
B,otro_nodo,0,64,c2c,54,72,0,60000,324.3909,324.3909,324.3909
B,otro_nodo,0,64,c2c,54,73,0,60000,324.6610,324.6610,324.6610
B,otro_nodo,0,64,c2c,54,74,0,60000,312.0135,312.0135,312.0135
B,otro_nodo,0,64,c2c,54,75,0,60000,330.1632,330.1632,330.1632
B,otro_nodo,0,64,c2c,54,76,0,60000,317.0589,317.0589,317.0589
B,otro_nodo,0,64,c2c,54,77,0,60000,319.9053,319.9053,319.9053
B,otro_nodo,0,64,c2c,54,78,0,60000,326.5196,326.5196,326.5196
B,otro_nodo,0,64,c2c,54,79,0,60000,326.3022,326.3022,326.3022
B,otro_nodo,0,64,c2c,54,80,0,60000,336.6695,336.6695,336.6695
B,otro_nodo,0,64,c2c,54,81,0,60000,340.3712,340.3712,340.3712
B,otro_nodo,0,64,c2c,54,82,0,60000,326.1432,326.1432,326.1432
B,otro_nodo,0,64,c2c,54,83,0,60000,332.4181,332.4181,332.4181
B,otro_nodo,0,64,c2c,54,84,0,60000,324.2407,324.2407,324.2407
B,otro_nodo,0,64,c2c,54,85,0,60000,326.7582,326.7582,326.7582
B,otro_nodo,0,64,c2c,54,86,0,60000,332.7694,332.7694,332.7694
B,otro_nodo,0,64,c2c,54,87,0,60000,329.7579,329.7579,329.7579
B,otro_nodo,0,64,c2c,54,88,0,60000,338.3151,338.3151,338.3151
B,otro_nodo,0,64,c2c,54,89,0,60000,337.9432,337.9432,337.9432
B,otro_nodo,0,64,c2c,54,90,0,60000,326.3307,326.3307,326.3307
B,otro_nodo,0,64,c2c,54,91,0,60000,335.6101,335.6101,335.6101
B,otro_nodo,0,64,c2c,54,92,0,60000,324.3802,324.3802,324.3802
B,otro_nodo,0,64,c2c,54,93,0,60000,324.1648,324.1648,324.1648
B,otro_nodo,0,64,c2c,54,94,0,60000,332.2979,332.2979,332.2979
B,otro_nodo,0,64,c2c,54,95,0,60000,325.2371,325.2371,325.2371
B,otro_nodo,0,64,c2c,54,96,0,60000,327.8658,327.8658,327.8658
B,otro_nodo,0,64,c2c,54,97,0,60000,334.9530,334.9530,334.9530
B,otro_nodo,0,64,c2c,54,98,0,60000,319.3036,319.3036,319.3036
B,otro_nodo,0,64,c2c,54,99,0,60000,330.4003,330.4003,330.4003
B,otro_nodo,0,64,c2c,54,100,0,60000,324.3443,324.3443,324.3443
B,otro_nodo,0,64,c2c,54,101,0,60000,324.8223,324.8223,324.8223
B,otro_nodo,0,64,c2c,54,102,0,60000,326.3946,326.3946,326.3946
B,otro_nodo,0,64,c2c,54,103,0,60000,321.9289,321.9289,321.9289
B,otro_nodo,0,64,c2c,54,104,0,60000,329.6379,329.6379,329.6379
B,otro_nodo,0,64,c2c,54,105,0,60000,338.8314,338.8314,338.8314
B,otro_nodo,0,64,c2c,54,106,0,60000,315.3798,315.3798,315.3798
B,otro_nodo,0,64,c2c,54,107,0,60000,328.6556,328.6556,328.6556
B,otro_nodo,0,64,c2c,54,108,0,60000,320.4146,320.4146,320.4146
B,otro_nodo,0,64,c2c,54,109,0,60000,325.7718,325.7718,325.7718
B,otro_nodo,0,64,c2c,54,110,0,60000,320.2276,320.2276,320.2276
B,otro_nodo,0,64,c2c,54,111,0,60000,320.5994,320.5994,320.5994
B,otro_nodo,0,64,c2c,54,112,0,60000,339.0353,339.0353,339.0353
B,otro_nodo,0,64,c2c,54,113,0,60000,335.6903,335.6903,335.6903
B,otro_nodo,0,64,c2c,54,114,0,60000,325.3500,325.3500,325.3500
B,otro_nodo,0,64,c2c,54,115,0,60000,337.5784,337.5784,337.5784
B,otro_nodo,0,64,c2c,54,116,0,60000,323.0658,323.0658,323.0658
B,otro_nodo,0,64,c2c,54,117,0,60000,327.1265,327.1265,327.1265
B,otro_nodo,0,64,c2c,54,118,0,60000,320.2543,320.2543,320.2543
B,otro_nodo,0,64,c2c,54,119,0,60000,326.9368,326.9368,326.9368
B,otro_nodo,0,64,c2c,54,120,0,60000,320.6584,320.6584,320.6584
B,otro_nodo,0,64,c2c,54,121,0,60000,323.5114,323.5114,323.5114
B,otro_nodo,0,64,c2c,54,122,0,60000,317.7144,317.7144,317.7144
B,otro_nodo,0,64,c2c,54,123,0,60000,319.7105,319.7105,319.7105
B,otro_nodo,0,64,c2c,54,124,0,60000,317.0790,317.0790,317.0790
B,otro_nodo,0,64,c2c,54,125,0,60000,321.1914,321.1914,321.1914
B,otro_nodo,0,64,c2c,54,126,0,60000,315.5723,315.5723,315.5723
B,otro_nodo,0,64,c2c,54,127,0,60000,327.3252,327.3252,327.3252
B,otro_ccd,0,64,c2c,55,56,0,60000,166.7041,166.7041,166.7041
B,otro_ccd,0,64,c2c,55,57,0,60000,168.4699,168.4699,168.4699
B,otro_ccd,0,64,c2c,55,58,0,60000,179.6321,179.6321,179.6321
B,otro_ccd,0,64,c2c,55,59,0,60000,168.9485,168.9485,168.9485
B,otro_ccd,0,64,c2c,55,60,0,60000,169.5617,169.5617,169.5617
B,otro_ccd,0,64,c2c,55,61,0,60000,179.1847,179.1847,179.1847
B,otro_ccd,0,64,c2c,55,62,0,60000,166.5925,166.5925,166.5925
B,otro_ccd,0,64,c2c,55,63,0,60000,181.3640,181.3640,181.3640
B,otro_nodo,0,64,c2c,55,64,0,60000,318.5071,318.5071,318.5071
B,otro_nodo,0,64,c2c,55,65,0,60000,321.4999,321.4999,321.4999
B,otro_nodo,0,64,c2c,55,66,0,60000,325.8021,325.8021,325.8021
B,otro_nodo,0,64,c2c,55,67,0,60000,320.0546,320.0546,320.0546
B,otro_nodo,0,64,c2c,55,68,0,60000,325.8564,325.8564,325.8564
B,otro_nodo,0,64,c2c,55,69,0,60000,326.8554,326.8554,326.8554
B,otro_nodo,0,64,c2c,55,70,0,60000,324.2675,324.2675,324.2675
B,otro_nodo,0,64,c2c,55,71,0,60000,323.8220,323.8220,323.8220
B,otro_nodo,0,64,c2c,55,72,0,60000,326.5519,326.5519,326.5519
B,otro_nodo,0,64,c2c,55,73,0,60000,324.2579,324.2579,324.2579
B,otro_nodo,0,64,c2c,55,74,0,60000,325.6419,325.6419,325.6419
B,otro_nodo,0,64,c2c,55,75,0,60000,320.9115,320.9115,320.9115
B,otro_nodo,0,64,c2c,55,76,0,60000,324.2724,324.2724,324.2724
B,otro_nodo,0,64,c2c,55,77,0,60000,326.1592,326.1592,326.1592
B,otro_nodo,0,64,c2c,55,78,0,60000,323.4170,323.4170,323.4170
B,otro_nodo,0,64,c2c,55,79,0,60000,323.1932,323.1932,323.1932
B,otro_nodo,0,64,c2c,55,80,0,60000,329.6079,329.6079,329.6079
B,otro_nodo,0,64,c2c,55,81,0,60000,330.1989,330.1989,330.1989
B,otro_nodo,0,64,c2c,55,82,0,60000,329.7760,329.7760,329.7760
B,otro_nodo,0,64,c2c,55,83,0,60000,324.7154,324.7154,324.7154
B,otro_nodo,0,64,c2c,55,84,0,60000,331.6540,331.6540,331.6540
B,otro_nodo,0,64,c2c,55,85,0,60000,330.7308,330.7308,330.7308
B,otro_nodo,0,64,c2c,55,86,0,60000,327.3453,327.3453,327.3453
B,otro_nodo,0,64,c2c,55,87,0,60000,325.2605,325.2605,325.2605
B,otro_nodo,0,64,c2c,55,88,0,60000,337.5542,337.5542,337.5542
B,otro_nodo,0,64,c2c,55,89,0,60000,335.3989,335.3989,335.3989
B,otro_nodo,0,64,c2c,55,90,0,60000,327.8590,327.8590,327.8590
B,otro_nodo,0,64,c2c,55,91,0,60000,329.7454,329.7454,329.7454
B,otro_nodo,0,64,c2c,55,92,0,60000,324.5773,324.5773,324.5773
B,otro_nodo,0,64,c2c,55,93,0,60000,327.0106,327.0106,327.0106
B,otro_nodo,0,64,c2c,55,94,0,60000,332.8824,332.8824,332.8824
B,otro_nodo,0,64,c2c,55,95,0,60000,323.3581,323.3581,323.3581
B,otro_nodo,0,64,c2c,55,96,0,60000,332.7520,332.7520,332.7520
B,otro_nodo,0,64,c2c,55,97,0,60000,332.7108,332.7108,332.7108
B,otro_nodo,0,64,c2c,55,98,0,60000,322.9365,322.9365,322.9365
B,otro_nodo,0,64,c2c,55,99,0,60000,326.2341,326.2341,326.2341
B,otro_nodo,0,64,c2c,55,100,0,60000,327.5297,327.5297,327.5297
B,otro_nodo,0,64,c2c,55,101,0,60000,323.6158,323.6158,323.6158
B,otro_nodo,0,64,c2c,55,102,0,60000,329.4740,329.4740,329.4740
B,otro_nodo,0,64,c2c,55,103,0,60000,326.7425,326.7425,326.7425
B,otro_nodo,0,64,c2c,55,104,0,60000,330.4488,330.4488,330.4488
B,otro_nodo,0,64,c2c,55,105,0,60000,331.0832,331.0832,331.0832
B,otro_nodo,0,64,c2c,55,106,0,60000,322.5286,322.5286,322.5286
B,otro_nodo,0,64,c2c,55,107,0,60000,326.3189,326.3189,326.3189
B,otro_nodo,0,64,c2c,55,108,0,60000,320.0572,320.0572,320.0572
B,otro_nodo,0,64,c2c,55,109,0,60000,316.7618,316.7618,316.7618
B,otro_nodo,0,64,c2c,55,110,0,60000,314.3291,314.3291,314.3291
B,otro_nodo,0,64,c2c,55,111,0,60000,320.0099,320.0099,320.0099
B,otro_nodo,0,64,c2c,55,112,0,60000,323.7493,323.7493,323.7493
B,otro_nodo,0,64,c2c,55,113,0,60000,325.7940,325.7940,325.7940
B,otro_nodo,0,64,c2c,55,114,0,60000,323.2248,323.2248,323.2248
B,otro_nodo,0,64,c2c,55,115,0,60000,324.1850,324.1850,324.1850
B,otro_nodo,0,64,c2c,55,116,0,60000,328.4246,328.4246,328.4246
B,otro_nodo,0,64,c2c,55,117,0,60000,321.6714,321.6714,321.6714
B,otro_nodo,0,64,c2c,55,118,0,60000,324.9764,324.9764,324.9764
B,otro_nodo,0,64,c2c,55,119,0,60000,326.6472,326.6472,326.6472
B,otro_nodo,0,64,c2c,55,120,0,60000,326.2694,326.2694,326.2694
B,otro_nodo,0,64,c2c,55,121,0,60000,323.3050,323.3050,323.3050
B,otro_nodo,0,64,c2c,55,122,0,60000,317.3863,317.3863,317.3863
B,otro_nodo,0,64,c2c,55,123,0,60000,318.6242,318.6242,318.6242
B,otro_nodo,0,64,c2c,55,124,0,60000,321.6431,321.6431,321.6431
B,otro_nodo,0,64,c2c,55,125,0,60000,320.0909,320.0909,320.0909
B,otro_nodo,0,64,c2c,55,126,0,60000,320.9217,320.9217,320.9217
B,otro_nodo,0,64,c2c,55,127,0,60000,322.6587,322.6587,322.6587
B,mismo_ccd,0,64,c2c,56,57,0,60000,27.5111,27.5111,27.5111
B,mismo_ccd,0,64,c2c,56,58,0,60000,27.4230,27.4230,27.4230
B,mismo_ccd,0,64,c2c,56,59,0,60000,27.2276,27.2276,27.2276
B,mismo_ccd,0,64,c2c,56,60,0,60000,27.3573,27.3573,27.3573
B,mismo_ccd,0,64,c2c,56,61,0,60000,27.1319,27.1319,27.1319
B,mismo_ccd,0,64,c2c,56,62,0,60000,27.3605,27.3605,27.3605
B,mismo_ccd,0,64,c2c,56,63,0,60000,27.1954,27.1954,27.1954
B,otro_nodo,0,64,c2c,56,64,0,60000,301.9438,301.9438,301.9438
B,otro_nodo,0,64,c2c,56,65,0,60000,325.3104,325.3104,325.3104
B,otro_nodo,0,64,c2c,56,66,0,60000,327.5076,327.5076,327.5076
B,otro_nodo,0,64,c2c,56,67,0,60000,319.8554,319.8554,319.8554
B,otro_nodo,0,64,c2c,56,68,0,60000,322.5238,322.5238,322.5238
B,otro_nodo,0,64,c2c,56,69,0,60000,321.4663,321.4663,321.4663
B,otro_nodo,0,64,c2c,56,70,0,60000,325.3833,325.3833,325.3833
B,otro_nodo,0,64,c2c,56,71,0,60000,322.5672,322.5672,322.5672
B,otro_nodo,0,64,c2c,56,72,0,60000,316.8653,316.8653,316.8653
B,otro_nodo,0,64,c2c,56,73,0,60000,325.9534,325.9534,325.9534
B,otro_nodo,0,64,c2c,56,74,0,60000,328.5355,328.5355,328.5355
B,otro_nodo,0,64,c2c,56,75,0,60000,326.3565,326.3565,326.3565
B,otro_nodo,0,64,c2c,56,76,0,60000,323.1255,323.1255,323.1255
B,otro_nodo,0,64,c2c,56,77,0,60000,320.0871,320.0871,320.0871
B,otro_nodo,0,64,c2c,56,78,0,60000,325.8977,325.8977,325.8977
B,otro_nodo,0,64,c2c,56,79,0,60000,325.2269,325.2269,325.2269
B,otro_nodo,0,64,c2c,56,80,0,60000,327.5425,327.5425,327.5425
B,otro_nodo,0,64,c2c,56,81,0,60000,337.8136,337.8136,337.8136
B,otro_nodo,0,64,c2c,56,82,0,60000,338.3295,338.3295,338.3295
B,otro_nodo,0,64,c2c,56,83,0,60000,336.7947,336.7947,336.7947
B,otro_nodo,0,64,c2c,56,84,0,60000,331.0938,331.0938,331.0938
B,otro_nodo,0,64,c2c,56,85,0,60000,325.2826,325.2826,325.2826
B,otro_nodo,0,64,c2c,56,86,0,60000,332.1290,332.1290,332.1290
B,otro_nodo,0,64,c2c,56,87,0,60000,332.8605,332.8605,332.8605
B,otro_nodo,0,64,c2c,56,88,0,60000,327.9728,327.9728,327.9728
B,otro_nodo,0,64,c2c,56,89,0,60000,337.4670,337.4670,337.4670
B,otro_nodo,0,64,c2c,56,90,0,60000,337.0262,337.0262,337.0262
B,otro_nodo,0,64,c2c,56,91,0,60000,333.8804,333.8804,333.8804
B,otro_nodo,0,64,c2c,56,92,0,60000,329.7415,329.7415,329.7415
B,otro_nodo,0,64,c2c,56,93,0,60000,326.5509,326.5509,326.5509
B,otro_nodo,0,64,c2c,56,94,0,60000,334.7992,334.7992,334.7992
B,otro_nodo,0,64,c2c,56,95,0,60000,334.9790,334.9790,334.9790
B,otro_nodo,0,64,c2c,56,96,0,60000,325.4417,325.4417,325.4417
B,otro_nodo,0,64,c2c,56,97,0,60000,333.8518,333.8518,333.8518
B,otro_nodo,0,64,c2c,56,98,0,60000,334.1868,334.1868,334.1868
B,otro_nodo,0,64,c2c,56,99,0,60000,327.2184,327.2184,327.2184
B,otro_nodo,0,64,c2c,56,100,0,60000,336.4969,336.4969,336.4969
B,otro_nodo,0,64,c2c,56,101,0,60000,316.2497,316.2497,316.2497
B,otro_nodo,0,64,c2c,56,102,0,60000,321.3057,321.3057,321.3057
B,otro_nodo,0,64,c2c,56,103,0,60000,332.6643,332.6643,332.6643
B,otro_nodo,0,64,c2c,56,104,0,60000,313.4112,313.4112,313.4112
B,otro_nodo,0,64,c2c,56,105,0,60000,330.8730,330.8730,330.8730
B,otro_nodo,0,64,c2c,56,106,0,60000,330.3012,330.3012,330.3012
B,otro_nodo,0,64,c2c,56,107,0,60000,323.6795,323.6795,323.6795
B,otro_nodo,0,64,c2c,56,108,0,60000,332.0746,332.0746,332.0746
B,otro_nodo,0,64,c2c,56,109,0,60000,316.9766,316.9766,316.9766
B,otro_nodo,0,64,c2c,56,110,0,60000,327.3195,327.3195,327.3195
B,otro_nodo,0,64,c2c,56,111,0,60000,332.4840,332.4840,332.4840
B,otro_nodo,0,64,c2c,56,112,0,60000,324.4671,324.4671,324.4671
B,otro_nodo,0,64,c2c,56,113,0,60000,330.4287,330.4287,330.4287
B,otro_nodo,0,64,c2c,56,114,0,60000,341.8171,341.8171,341.8171
B,otro_nodo,0,64,c2c,56,115,0,60000,328.3011,328.3011,328.3011
B,otro_nodo,0,64,c2c,56,116,0,60000,332.7348,332.7348,332.7348
B,otro_nodo,0,64,c2c,56,117,0,60000,326.1173,326.1173,326.1173
B,otro_nodo,0,64,c2c,56,118,0,60000,329.1340,329.1340,329.1340
B,otro_nodo,0,64,c2c,56,119,0,60000,331.5273,331.5273,331.5273
B,otro_nodo,0,64,c2c,56,120,0,60000,320.7396,320.7396,320.7396
B,otro_nodo,0,64,c2c,56,121,0,60000,338.6815,338.6815,338.6815
B,otro_nodo,0,64,c2c,56,122,0,60000,336.9877,336.9877,336.9877
B,otro_nodo,0,64,c2c,56,123,0,60000,318.4275,318.4275,318.4275
B,otro_nodo,0,64,c2c,56,124,0,60000,330.3094,330.3094,330.3094
B,otro_nodo,0,64,c2c,56,125,0,60000,313.7119,313.7119,313.7119
B,otro_nodo,0,64,c2c,56,126,0,60000,321.7431,321.7431,321.7431
B,otro_nodo,0,64,c2c,56,127,0,60000,324.0591,324.0591,324.0591
B,mismo_ccd,0,64,c2c,57,58,0,60000,27.0284,27.0284,27.0284
B,mismo_ccd,0,64,c2c,57,59,0,60000,28.0237,28.0237,28.0237
B,mismo_ccd,0,64,c2c,57,60,0,60000,27.5456,27.5456,27.5456
B,mismo_ccd,0,64,c2c,57,61,0,60000,27.8294,27.8294,27.8294
B,mismo_ccd,0,64,c2c,57,62,0,60000,27.5165,27.5165,27.5165
B,mismo_ccd,0,64,c2c,57,63,0,60000,27.2697,27.2697,27.2697
B,otro_nodo,0,64,c2c,57,64,0,60000,315.2963,315.2963,315.2963
B,otro_nodo,0,64,c2c,57,65,0,60000,326.5464,326.5464,326.5464
B,otro_nodo,0,64,c2c,57,66,0,60000,309.5911,309.5911,309.5911
B,otro_nodo,0,64,c2c,57,67,0,60000,322.7147,322.7147,322.7147
B,otro_nodo,0,64,c2c,57,68,0,60000,319.3197,319.3197,319.3197
B,otro_nodo,0,64,c2c,57,69,0,60000,318.0289,318.0289,318.0289
B,otro_nodo,0,64,c2c,57,70,0,60000,315.3807,315.3807,315.3807
B,otro_nodo,0,64,c2c,57,71,0,60000,314.3635,314.3635,314.3635
B,otro_nodo,0,64,c2c,57,72,0,60000,314.9743,314.9743,314.9743
B,otro_nodo,0,64,c2c,57,73,0,60000,323.0721,323.0721,323.0721
B,otro_nodo,0,64,c2c,57,74,0,60000,321.5100,321.5100,321.5100
B,otro_nodo,0,64,c2c,57,75,0,60000,334.0750,334.0750,334.0750
B,otro_nodo,0,64,c2c,57,76,0,60000,334.8086,334.8086,334.8086
B,otro_nodo,0,64,c2c,57,77,0,60000,325.0590,325.0590,325.0590
B,otro_nodo,0,64,c2c,57,78,0,60000,329.0087,329.0087,329.0087
B,otro_nodo,0,64,c2c,57,79,0,60000,318.8363,318.8363,318.8363
B,otro_nodo,0,64,c2c,57,80,0,60000,325.0873,325.0873,325.0873
B,otro_nodo,0,64,c2c,57,81,0,60000,342.1722,342.1722,342.1722
B,otro_nodo,0,64,c2c,57,82,0,60000,320.2358,320.2358,320.2358
B,otro_nodo,0,64,c2c,57,83,0,60000,340.1688,340.1688,340.1688
B,otro_nodo,0,64,c2c,57,84,0,60000,337.6450,337.6450,337.6450
B,otro_nodo,0,64,c2c,57,85,0,60000,328.8377,328.8377,328.8377
B,otro_nodo,0,64,c2c,57,86,0,60000,331.6702,331.6702,331.6702
B,otro_nodo,0,64,c2c,57,87,0,60000,320.9408,320.9408,320.9408
B,otro_nodo,0,64,c2c,57,88,0,60000,326.9044,326.9044,326.9044
B,otro_nodo,0,64,c2c,57,89,0,60000,350.2489,350.2489,350.2489
B,otro_nodo,0,64,c2c,57,90,0,60000,320.0485,320.0485,320.0485
B,otro_nodo,0,64,c2c,57,91,0,60000,338.1007,338.1007,338.1007
B,otro_nodo,0,64,c2c,57,92,0,60000,336.4379,336.4379,336.4379
B,otro_nodo,0,64,c2c,57,93,0,60000,325.4288,325.4288,325.4288
B,otro_nodo,0,64,c2c,57,94,0,60000,334.7998,334.7998,334.7998
B,otro_nodo,0,64,c2c,57,95,0,60000,332.4411,332.4411,332.4411
B,otro_nodo,0,64,c2c,57,96,0,60000,325.9515,325.9515,325.9515
B,otro_nodo,0,64,c2c,57,97,0,60000,339.7437,339.7437,339.7437
B,otro_nodo,0,64,c2c,57,98,0,60000,326.0853,326.0853,326.0853
B,otro_nodo,0,64,c2c,57,99,0,60000,330.7076,330.7076,330.7076
B,otro_nodo,0,64,c2c,57,100,0,60000,328.5281,328.5281,328.5281
B,otro_nodo,0,64,c2c,57,101,0,60000,330.8211,330.8211,330.8211
B,otro_nodo,0,64,c2c,57,102,0,60000,324.4809,324.4809,324.4809
B,otro_nodo,0,64,c2c,57,103,0,60000,327.6382,327.6382,327.6382
B,otro_nodo,0,64,c2c,57,104,0,60000,324.7778,324.7778,324.7778
B,otro_nodo,0,64,c2c,57,105,0,60000,335.8320,335.8320,335.8320
B,otro_nodo,0,64,c2c,57,106,0,60000,322.6459,322.6459,322.6459
B,otro_nodo,0,64,c2c,57,107,0,60000,328.8516,328.8516,328.8516
B,otro_nodo,0,64,c2c,57,108,0,60000,324.3261,324.3261,324.3261
B,otro_nodo,0,64,c2c,57,109,0,60000,328.8493,328.8493,328.8493
B,otro_nodo,0,64,c2c,57,110,0,60000,327.4041,327.4041,327.4041
B,otro_nodo,0,64,c2c,57,111,0,60000,325.1127,325.1127,325.1127
B,otro_nodo,0,64,c2c,57,112,0,60000,330.6850,330.6850,330.6850
B,otro_nodo,0,64,c2c,57,113,0,60000,335.6762,335.6762,335.6762
B,otro_nodo,0,64,c2c,57,114,0,60000,326.2720,326.2720,326.2720
B,otro_nodo,0,64,c2c,57,115,0,60000,332.3705,332.3705,332.3705
B,otro_nodo,0,64,c2c,57,116,0,60000,337.9999,337.9999,337.9999
B,otro_nodo,0,64,c2c,57,117,0,60000,328.2552,328.2552,328.2552
B,otro_nodo,0,64,c2c,57,118,0,60000,327.5785,327.5785,327.5785
B,otro_nodo,0,64,c2c,57,119,0,60000,320.1438,320.1438,320.1438
B,otro_nodo,0,64,c2c,57,120,0,60000,316.2206,316.2206,316.2206
B,otro_nodo,0,64,c2c,57,121,0,60000,330.9842,330.9842,330.9842
B,otro_nodo,0,64,c2c,57,122,0,60000,315.8325,315.8325,315.8325
B,otro_nodo,0,64,c2c,57,123,0,60000,326.5555,326.5555,326.5555
B,otro_nodo,0,64,c2c,57,124,0,60000,325.4888,325.4888,325.4888
B,otro_nodo,0,64,c2c,57,125,0,60000,322.9033,322.9033,322.9033
B,otro_nodo,0,64,c2c,57,126,0,60000,324.3826,324.3826,324.3826
B,otro_nodo,0,64,c2c,57,127,0,60000,317.4712,317.4712,317.4712
B,mismo_ccd,0,64,c2c,58,59,0,60000,27.3888,27.3888,27.3888
B,mismo_ccd,0,64,c2c,58,60,0,60000,27.1719,27.1719,27.1719
B,mismo_ccd,0,64,c2c,58,61,0,60000,27.3946,27.3946,27.3946
B,mismo_ccd,0,64,c2c,58,62,0,60000,27.0919,27.0919,27.0919
B,mismo_ccd,0,64,c2c,58,63,0,60000,27.2876,27.2876,27.2876
B,otro_nodo,0,64,c2c,58,64,0,60000,311.3105,311.3105,311.3105
B,otro_nodo,0,64,c2c,58,65,0,60000,324.0927,324.0927,324.0927
B,otro_nodo,0,64,c2c,58,66,0,60000,312.1893,312.1893,312.1893
B,otro_nodo,0,64,c2c,58,67,0,60000,316.6953,316.6953,316.6953
B,otro_nodo,0,64,c2c,58,68,0,60000,321.6520,321.6520,321.6520
B,otro_nodo,0,64,c2c,58,69,0,60000,323.2638,323.2638,323.2638
B,otro_nodo,0,64,c2c,58,70,0,60000,316.7713,316.7713,316.7713
B,otro_nodo,0,64,c2c,58,71,0,60000,325.4181,325.4181,325.4181
B,otro_nodo,0,64,c2c,58,72,0,60000,324.4976,324.4976,324.4976
B,otro_nodo,0,64,c2c,58,73,0,60000,326.2686,326.2686,326.2686
B,otro_nodo,0,64,c2c,58,74,0,60000,320.3433,320.3433,320.3433
B,otro_nodo,0,64,c2c,58,75,0,60000,326.8093,326.8093,326.8093
B,otro_nodo,0,64,c2c,58,76,0,60000,325.9683,325.9683,325.9683
B,otro_nodo,0,64,c2c,58,77,0,60000,327.0939,327.0939,327.0939
B,otro_nodo,0,64,c2c,58,78,0,60000,317.9167,317.9167,317.9167
B,otro_nodo,0,64,c2c,58,79,0,60000,325.8840,325.8840,325.8840
B,otro_nodo,0,64,c2c,58,80,0,60000,328.6730,328.6730,328.6730
B,otro_nodo,0,64,c2c,58,81,0,60000,330.4088,330.4088,330.4088
B,otro_nodo,0,64,c2c,58,82,0,60000,322.3179,322.3179,322.3179
B,otro_nodo,0,64,c2c,58,83,0,60000,333.4037,333.4037,333.4037
B,otro_nodo,0,64,c2c,58,84,0,60000,326.1364,326.1364,326.1364
B,otro_nodo,0,64,c2c,58,85,0,60000,329.0695,329.0695,329.0695
B,otro_nodo,0,64,c2c,58,86,0,60000,325.3444,325.3444,325.3444
B,otro_nodo,0,64,c2c,58,87,0,60000,323.7972,323.7972,323.7972
B,otro_nodo,0,64,c2c,58,88,0,60000,325.3088,325.3088,325.3088
B,otro_nodo,0,64,c2c,58,89,0,60000,329.4774,329.4774,329.4774
B,otro_nodo,0,64,c2c,58,90,0,60000,318.5392,318.5392,318.5392
B,otro_nodo,0,64,c2c,58,91,0,60000,325.0385,325.0385,325.0385
B,otro_nodo,0,64,c2c,58,92,0,60000,330.8234,330.8234,330.8234
B,otro_nodo,0,64,c2c,58,93,0,60000,323.5972,323.5972,323.5972
B,otro_nodo,0,64,c2c,58,94,0,60000,329.9881,329.9881,329.9881
B,otro_nodo,0,64,c2c,58,95,0,60000,331.7906,331.7906,331.7906
B,otro_nodo,0,64,c2c,58,96,0,60000,316.4972,316.4972,316.4972
B,otro_nodo,0,64,c2c,58,97,0,60000,334.3196,334.3196,334.3196
B,otro_nodo,0,64,c2c,58,98,0,60000,313.1576,313.1576,313.1576
B,otro_nodo,0,64,c2c,58,99,0,60000,318.0745,318.0745,318.0745
B,otro_nodo,0,64,c2c,58,100,0,60000,329.6977,329.6977,329.6977
B,otro_nodo,0,64,c2c,58,101,0,60000,317.9902,317.9902,317.9902
B,otro_nodo,0,64,c2c,58,102,0,60000,324.0687,324.0687,324.0687
B,otro_nodo,0,64,c2c,58,103,0,60000,330.2573,330.2573,330.2573
B,otro_nodo,0,64,c2c,58,104,0,60000,319.7673,319.7673,319.7673
B,otro_nodo,0,64,c2c,58,105,0,60000,332.8275,332.8275,332.8275
B,otro_nodo,0,64,c2c,58,106,0,60000,316.3828,316.3828,316.3828
B,otro_nodo,0,64,c2c,58,107,0,60000,322.1342,322.1342,322.1342
B,otro_nodo,0,64,c2c,58,108,0,60000,329.2823,329.2823,329.2823
B,otro_nodo,0,64,c2c,58,109,0,60000,318.1398,318.1398,318.1398
B,otro_nodo,0,64,c2c,58,110,0,60000,324.5499,324.5499,324.5499
B,otro_nodo,0,64,c2c,58,111,0,60000,329.9008,329.9008,329.9008
B,otro_nodo,0,64,c2c,58,112,0,60000,326.7453,326.7453,326.7453
B,otro_nodo,0,64,c2c,58,113,0,60000,331.5975,331.5975,331.5975
B,otro_nodo,0,64,c2c,58,114,0,60000,324.2707,324.2707,324.2707
B,otro_nodo,0,64,c2c,58,115,0,60000,321.6848,321.6848,321.6848
B,otro_nodo,0,64,c2c,58,116,0,60000,333.5350,333.5350,333.5350
B,otro_nodo,0,64,c2c,58,117,0,60000,323.5157,323.5157,323.5157
B,otro_nodo,0,64,c2c,58,118,0,60000,330.6799,330.6799,330.6799
B,otro_nodo,0,64,c2c,58,119,0,60000,335.9607,335.9607,335.9607
B,otro_nodo,0,64,c2c,58,120,0,60000,323.2112,323.2112,323.2112
B,otro_nodo,0,64,c2c,58,121,0,60000,333.3294,333.3294,333.3294
B,otro_nodo,0,64,c2c,58,122,0,60000,321.4000,321.4000,321.4000
B,otro_nodo,0,64,c2c,58,123,0,60000,326.9023,326.9023,326.9023
B,otro_nodo,0,64,c2c,58,124,0,60000,333.0085,333.0085,333.0085
B,otro_nodo,0,64,c2c,58,125,0,60000,325.7814,325.7814,325.7814
B,otro_nodo,0,64,c2c,58,126,0,60000,327.9627,327.9627,327.9627
B,otro_nodo,0,64,c2c,58,127,0,60000,332.6290,332.6290,332.6290
B,mismo_ccd,0,64,c2c,59,60,0,60000,27.4682,27.4682,27.4682
B,mismo_ccd,0,64,c2c,59,61,0,60000,27.0579,27.0579,27.0579
B,mismo_ccd,0,64,c2c,59,62,0,60000,27.5912,27.5912,27.5912
B,mismo_ccd,0,64,c2c,59,63,0,60000,27.1843,27.1843,27.1843
B,otro_nodo,0,64,c2c,59,64,0,60000,333.0661,333.0661,333.0661
B,otro_nodo,0,64,c2c,59,65,0,60000,307.6899,307.6899,307.6899
B,otro_nodo,0,64,c2c,59,66,0,60000,316.1416,316.1416,316.1416
B,otro_nodo,0,64,c2c,59,67,0,60000,318.9837,318.9837,318.9837
B,otro_nodo,0,64,c2c,59,68,0,60000,316.9418,316.9418,316.9418
B,otro_nodo,0,64,c2c,59,69,0,60000,313.9412,313.9412,313.9412
B,otro_nodo,0,64,c2c,59,70,0,60000,314.4798,314.4798,314.4798
B,otro_nodo,0,64,c2c,59,71,0,60000,312.9314,312.9314,312.9314
B,otro_nodo,0,64,c2c,59,72,0,60000,323.5116,323.5116,323.5116
B,otro_nodo,0,64,c2c,59,73,0,60000,307.4049,307.4049,307.4049
B,otro_nodo,0,64,c2c,59,74,0,60000,315.8986,315.8986,315.8986
B,otro_nodo,0,64,c2c,59,75,0,60000,319.2580,319.2580,319.2580
B,otro_nodo,0,64,c2c,59,76,0,60000,315.8839,315.8839,315.8839
B,otro_nodo,0,64,c2c,59,77,0,60000,310.7281,310.7281,310.7281
B,otro_nodo,0,64,c2c,59,78,0,60000,314.7253,314.7253,314.7253
B,otro_nodo,0,64,c2c,59,79,0,60000,311.5962,311.5962,311.5962
B,otro_nodo,0,64,c2c,59,80,0,60000,327.9135,327.9135,327.9135
B,otro_nodo,0,64,c2c,59,81,0,60000,312.8817,312.8817,312.8817
B,otro_nodo,0,64,c2c,59,82,0,60000,327.0796,327.0796,327.0796
B,otro_nodo,0,64,c2c,59,83,0,60000,323.9358,323.9358,323.9358
B,otro_nodo,0,64,c2c,59,84,0,60000,317.2202,317.2202,317.2202
B,otro_nodo,0,64,c2c,59,85,0,60000,317.6694,317.6694,317.6694
B,otro_nodo,0,64,c2c,59,86,0,60000,326.3215,326.3215,326.3215
B,otro_nodo,0,64,c2c,59,87,0,60000,321.7476,321.7476,321.7476
B,otro_nodo,0,64,c2c,59,88,0,60000,326.0740,326.0740,326.0740
B,otro_nodo,0,64,c2c,59,89,0,60000,316.0217,316.0217,316.0217
B,otro_nodo,0,64,c2c,59,90,0,60000,324.0094,324.0094,324.0094
B,otro_nodo,0,64,c2c,59,91,0,60000,327.6652,327.6652,327.6652
B,otro_nodo,0,64,c2c,59,92,0,60000,324.1218,324.1218,324.1218
B,otro_nodo,0,64,c2c,59,93,0,60000,315.4105,315.4105,315.4105
B,otro_nodo,0,64,c2c,59,94,0,60000,322.4557,322.4557,322.4557
B,otro_nodo,0,64,c2c,59,95,0,60000,319.7783,319.7783,319.7783
B,otro_nodo,0,64,c2c,59,96,0,60000,326.7768,326.7768,326.7768
B,otro_nodo,0,64,c2c,59,97,0,60000,309.3050,309.3050,309.3050
B,otro_nodo,0,64,c2c,59,98,0,60000,319.3891,319.3891,319.3891
B,otro_nodo,0,64,c2c,59,99,0,60000,320.5016,320.5016,320.5016
B,otro_nodo,0,64,c2c,59,100,0,60000,319.8846,319.8846,319.8846
B,otro_nodo,0,64,c2c,59,101,0,60000,318.3659,318.3659,318.3659
B,otro_nodo,0,64,c2c,59,102,0,60000,316.3353,316.3353,316.3353
B,otro_nodo,0,64,c2c,59,103,0,60000,316.1383,316.1383,316.1383
B,otro_nodo,0,64,c2c,59,104,0,60000,328.6475,328.6475,328.6475
B,otro_nodo,0,64,c2c,59,105,0,60000,308.6212,308.6212,308.6212
B,otro_nodo,0,64,c2c,59,106,0,60000,316.9300,316.9300,316.9300
B,otro_nodo,0,64,c2c,59,107,0,60000,320.7741,320.7741,320.7741
B,otro_nodo,0,64,c2c,59,108,0,60000,312.2324,312.2324,312.2324
B,otro_nodo,0,64,c2c,59,109,0,60000,320.2650,320.2650,320.2650
B,otro_nodo,0,64,c2c,59,110,0,60000,312.7057,312.7057,312.7057
B,otro_nodo,0,64,c2c,59,111,0,60000,314.6172,314.6172,314.6172
B,otro_nodo,0,64,c2c,59,112,0,60000,331.3301,331.3301,331.3301
B,otro_nodo,0,64,c2c,59,113,0,60000,316.7458,316.7458,316.7458
B,otro_nodo,0,64,c2c,59,114,0,60000,323.4306,323.4306,323.4306
B,otro_nodo,0,64,c2c,59,115,0,60000,327.3403,327.3403,327.3403
B,otro_nodo,0,64,c2c,59,116,0,60000,324.1182,324.1182,324.1182
B,otro_nodo,0,64,c2c,59,117,0,60000,319.5824,319.5824,319.5824
B,otro_nodo,0,64,c2c,59,118,0,60000,320.0241,320.0241,320.0241
B,otro_nodo,0,64,c2c,59,119,0,60000,318.3596,318.3596,318.3596
B,otro_nodo,0,64,c2c,59,120,0,60000,326.2265,326.2265,326.2265
B,otro_nodo,0,64,c2c,59,121,0,60000,314.0663,314.0663,314.0663
B,otro_nodo,0,64,c2c,59,122,0,60000,328.9667,328.9667,328.9667
B,otro_nodo,0,64,c2c,59,123,0,60000,324.1317,324.1317,324.1317
B,otro_nodo,0,64,c2c,59,124,0,60000,317.8632,317.8632,317.8632
B,otro_nodo,0,64,c2c,59,125,0,60000,317.3264,317.3264,317.3264
B,otro_nodo,0,64,c2c,59,126,0,60000,317.4194,317.4194,317.4194
B,otro_nodo,0,64,c2c,59,127,0,60000,317.6304,317.6304,317.6304
B,mismo_ccd,0,64,c2c,60,61,0,60000,27.3749,27.3749,27.3749
B,mismo_ccd,0,64,c2c,60,62,0,60000,28.3414,28.3414,28.3414
B,mismo_ccd,0,64,c2c,60,63,0,60000,27.1717,27.1717,27.1717
B,otro_nodo,0,64,c2c,60,64,0,60000,335.4386,335.4386,335.4386
B,otro_nodo,0,64,c2c,60,65,0,60000,321.1129,321.1129,321.1129
B,otro_nodo,0,64,c2c,60,66,0,60000,332.9252,332.9252,332.9252
B,otro_nodo,0,64,c2c,60,67,0,60000,315.1655,315.1655,315.1655
B,otro_nodo,0,64,c2c,60,68,0,60000,323.7718,323.7718,323.7718
B,otro_nodo,0,64,c2c,60,69,0,60000,333.2317,333.2317,333.2317
B,otro_nodo,0,64,c2c,60,70,0,60000,326.1542,326.1542,326.1542
B,otro_nodo,0,64,c2c,60,71,0,60000,325.9933,325.9933,325.9933
B,otro_nodo,0,64,c2c,60,72,0,60000,333.2145,333.2145,333.2145
B,otro_nodo,0,64,c2c,60,73,0,60000,318.1449,318.1449,318.1449
B,otro_nodo,0,64,c2c,60,74,0,60000,331.6255,331.6255,331.6255
B,otro_nodo,0,64,c2c,60,75,0,60000,316.7625,316.7625,316.7625
B,otro_nodo,0,64,c2c,60,76,0,60000,320.4670,320.4670,320.4670
B,otro_nodo,0,64,c2c,60,77,0,60000,330.8642,330.8642,330.8642
B,otro_nodo,0,64,c2c,60,78,0,60000,324.2032,324.2032,324.2032
B,otro_nodo,0,64,c2c,60,79,0,60000,323.6253,323.6253,323.6253
B,otro_nodo,0,64,c2c,60,80,0,60000,346.2152,346.2152,346.2152
B,otro_nodo,0,64,c2c,60,81,0,60000,323.3512,323.3512,323.3512
B,otro_nodo,0,64,c2c,60,82,0,60000,341.9263,341.9263,341.9263
B,otro_nodo,0,64,c2c,60,83,0,60000,331.9171,331.9171,331.9171
B,otro_nodo,0,64,c2c,60,84,0,60000,339.4130,339.4130,339.4130
B,otro_nodo,0,64,c2c,60,85,0,60000,334.8888,334.8888,334.8888
B,otro_nodo,0,64,c2c,60,86,0,60000,331.9739,331.9739,331.9739
B,otro_nodo,0,64,c2c,60,87,0,60000,328.5424,328.5424,328.5424
B,otro_nodo,0,64,c2c,60,88,0,60000,336.0338,336.0338,336.0338
B,otro_nodo,0,64,c2c,60,89,0,60000,330.5221,330.5221,330.5221
B,otro_nodo,0,64,c2c,60,90,0,60000,337.5939,337.5939,337.5939
B,otro_nodo,0,64,c2c,60,91,0,60000,331.2594,331.2594,331.2594
B,otro_nodo,0,64,c2c,60,92,0,60000,337.4211,337.4211,337.4211
B,otro_nodo,0,64,c2c,60,93,0,60000,337.7238,337.7238,337.7238
B,otro_nodo,0,64,c2c,60,94,0,60000,332.3967,332.3967,332.3967
B,otro_nodo,0,64,c2c,60,95,0,60000,330.4173,330.4173,330.4173
B,otro_nodo,0,64,c2c,60,96,0,60000,332.9509,332.9509,332.9509
B,otro_nodo,0,64,c2c,60,97,0,60000,327.0968,327.0968,327.0968
B,otro_nodo,0,64,c2c,60,98,0,60000,332.0164,332.0164,332.0164
B,otro_nodo,0,64,c2c,60,99,0,60000,321.5062,321.5062,321.5062
B,otro_nodo,0,64,c2c,60,100,0,60000,334.3603,334.3603,334.3603
B,otro_nodo,0,64,c2c,60,101,0,60000,333.6122,333.6122,333.6122
B,otro_nodo,0,64,c2c,60,102,0,60000,328.6028,328.6028,328.6028
B,otro_nodo,0,64,c2c,60,103,0,60000,325.5700,325.5700,325.5700
B,otro_nodo,0,64,c2c,60,104,0,60000,331.1507,331.1507,331.1507
B,otro_nodo,0,64,c2c,60,105,0,60000,315.1836,315.1836,315.1836
B,otro_nodo,0,64,c2c,60,106,0,60000,329.3085,329.3085,329.3085
B,otro_nodo,0,64,c2c,60,107,0,60000,313.9702,313.9702,313.9702
B,otro_nodo,0,64,c2c,60,108,0,60000,319.8606,319.8606,319.8606
B,otro_nodo,0,64,c2c,60,109,0,60000,318.3853,318.3853,318.3853
B,otro_nodo,0,64,c2c,60,110,0,60000,316.2183,316.2183,316.2183
B,otro_nodo,0,64,c2c,60,111,0,60000,311.1917,311.1917,311.1917
B,otro_nodo,0,64,c2c,60,112,0,60000,327.4048,327.4048,327.4048
B,otro_nodo,0,64,c2c,60,113,0,60000,317.9206,317.9206,317.9206
B,otro_nodo,0,64,c2c,60,114,0,60000,327.0867,327.0867,327.0867
B,otro_nodo,0,64,c2c,60,115,0,60000,316.9392,316.9392,316.9392
B,otro_nodo,0,64,c2c,60,116,0,60000,326.6330,326.6330,326.6330
B,otro_nodo,0,64,c2c,60,117,0,60000,325.0109,325.0109,325.0109
B,otro_nodo,0,64,c2c,60,118,0,60000,326.1813,326.1813,326.1813
B,otro_nodo,0,64,c2c,60,119,0,60000,321.3604,321.3604,321.3604
B,otro_nodo,0,64,c2c,60,120,0,60000,326.8997,326.8997,326.8997
B,otro_nodo,0,64,c2c,60,121,0,60000,313.5716,313.5716,313.5716
B,otro_nodo,0,64,c2c,60,122,0,60000,325.4056,325.4056,325.4056
B,otro_nodo,0,64,c2c,60,123,0,60000,313.1304,313.1304,313.1304
B,otro_nodo,0,64,c2c,60,124,0,60000,322.3354,322.3354,322.3354
B,otro_nodo,0,64,c2c,60,125,0,60000,329.5839,329.5839,329.5839
B,otro_nodo,0,64,c2c,60,126,0,60000,323.9392,323.9392,323.9392
B,otro_nodo,0,64,c2c,60,127,0,60000,317.1918,317.1918,317.1918
B,mismo_ccd,0,64,c2c,61,62,0,60000,27.2257,27.2257,27.2257
B,mismo_ccd,0,64,c2c,61,63,0,60000,27.5046,27.5046,27.5046
B,otro_nodo,0,64,c2c,61,64,0,60000,314.4440,314.4440,314.4440
B,otro_nodo,0,64,c2c,61,65,0,60000,315.8187,315.8187,315.8187
B,otro_nodo,0,64,c2c,61,66,0,60000,313.3662,313.3662,313.3662
B,otro_nodo,0,64,c2c,61,67,0,60000,324.5802,324.5802,324.5802
B,otro_nodo,0,64,c2c,61,68,0,60000,315.3217,315.3217,315.3217
B,otro_nodo,0,64,c2c,61,69,0,60000,321.7205,321.7205,321.7205
B,otro_nodo,0,64,c2c,61,70,0,60000,316.9056,316.9056,316.9056
B,otro_nodo,0,64,c2c,61,71,0,60000,318.9342,318.9342,318.9342
B,otro_nodo,0,64,c2c,61,72,0,60000,314.9201,314.9201,314.9201
B,otro_nodo,0,64,c2c,61,73,0,60000,315.3327,315.3327,315.3327
B,otro_nodo,0,64,c2c,61,74,0,60000,314.9604,314.9604,314.9604
B,otro_nodo,0,64,c2c,61,75,0,60000,323.8271,323.8271,323.8271
B,otro_nodo,0,64,c2c,61,76,0,60000,315.5297,315.5297,315.5297
B,otro_nodo,0,64,c2c,61,77,0,60000,320.4407,320.4407,320.4407
B,otro_nodo,0,64,c2c,61,78,0,60000,313.6691,313.6691,313.6691
B,otro_nodo,0,64,c2c,61,79,0,60000,316.9589,316.9589,316.9589
B,otro_nodo,0,64,c2c,61,80,0,60000,323.5233,323.5233,323.5233
B,otro_nodo,0,64,c2c,61,81,0,60000,321.4663,321.4663,321.4663
B,otro_nodo,0,64,c2c,61,82,0,60000,329.1716,329.1716,329.1716
B,otro_nodo,0,64,c2c,61,83,0,60000,326.9204,326.9204,326.9204
B,otro_nodo,0,64,c2c,61,84,0,60000,325.5078,325.5078,325.5078
B,otro_nodo,0,64,c2c,61,85,0,60000,325.6260,325.6260,325.6260
B,otro_nodo,0,64,c2c,61,86,0,60000,325.2892,325.2892,325.2892
B,otro_nodo,0,64,c2c,61,87,0,60000,328.6660,328.6660,328.6660
B,otro_nodo,0,64,c2c,61,88,0,60000,322.7305,322.7305,322.7305
B,otro_nodo,0,64,c2c,61,89,0,60000,321.0712,321.0712,321.0712
B,otro_nodo,0,64,c2c,61,90,0,60000,328.8794,328.8794,328.8794
B,otro_nodo,0,64,c2c,61,91,0,60000,326.6011,326.6011,326.6011
B,otro_nodo,0,64,c2c,61,92,0,60000,324.4710,324.4710,324.4710
B,otro_nodo,0,64,c2c,61,93,0,60000,324.1087,324.1087,324.1087
B,otro_nodo,0,64,c2c,61,94,0,60000,322.7311,322.7311,322.7311
B,otro_nodo,0,64,c2c,61,95,0,60000,326.8166,326.8166,326.8166
B,otro_nodo,0,64,c2c,61,96,0,60000,314.8476,314.8476,314.8476
B,otro_nodo,0,64,c2c,61,97,0,60000,316.8685,316.8685,316.8685
B,otro_nodo,0,64,c2c,61,98,0,60000,318.4415,318.4415,318.4415
B,otro_nodo,0,64,c2c,61,99,0,60000,324.6887,324.6887,324.6887
B,otro_nodo,0,64,c2c,61,100,0,60000,317.0810,317.0810,317.0810
B,otro_nodo,0,64,c2c,61,101,0,60000,320.8717,320.8717,320.8717
B,otro_nodo,0,64,c2c,61,102,0,60000,327.9911,327.9911,327.9911
B,otro_nodo,0,64,c2c,61,103,0,60000,322.9560,322.9560,322.9560
B,otro_nodo,0,64,c2c,61,104,0,60000,328.2410,328.2410,328.2410
B,otro_nodo,0,64,c2c,61,105,0,60000,321.5179,321.5179,321.5179
B,otro_nodo,0,64,c2c,61,106,0,60000,323.8250,323.8250,323.8250
B,otro_nodo,0,64,c2c,61,107,0,60000,324.9552,324.9552,324.9552
B,otro_nodo,0,64,c2c,61,108,0,60000,326.0875,326.0875,326.0875
B,otro_nodo,0,64,c2c,61,109,0,60000,321.9991,321.9991,321.9991
B,otro_nodo,0,64,c2c,61,110,0,60000,325.0176,325.0176,325.0176
B,otro_nodo,0,64,c2c,61,111,0,60000,321.7321,321.7321,321.7321
B,otro_nodo,0,64,c2c,61,112,0,60000,335.2728,335.2728,335.2728
B,otro_nodo,0,64,c2c,61,113,0,60000,324.5826,324.5826,324.5826
B,otro_nodo,0,64,c2c,61,114,0,60000,331.1398,331.1398,331.1398
B,otro_nodo,0,64,c2c,61,115,0,60000,332.2041,332.2041,332.2041
B,otro_nodo,0,64,c2c,61,116,0,60000,335.5259,335.5259,335.5259
B,otro_nodo,0,64,c2c,61,117,0,60000,323.7903,323.7903,323.7903
B,otro_nodo,0,64,c2c,61,118,0,60000,334.1271,334.1271,334.1271
B,otro_nodo,0,64,c2c,61,119,0,60000,327.9841,327.9841,327.9841
B,otro_nodo,0,64,c2c,61,120,0,60000,333.8211,333.8211,333.8211
B,otro_nodo,0,64,c2c,61,121,0,60000,325.8250,325.8250,325.8250
B,otro_nodo,0,64,c2c,61,122,0,60000,326.0672,326.0672,326.0672
B,otro_nodo,0,64,c2c,61,123,0,60000,329.9683,329.9683,329.9683
B,otro_nodo,0,64,c2c,61,124,0,60000,331.2638,331.2638,331.2638
B,otro_nodo,0,64,c2c,61,125,0,60000,320.4334,320.4334,320.4334
B,otro_nodo,0,64,c2c,61,126,0,60000,331.3791,331.3791,331.3791
B,otro_nodo,0,64,c2c,61,127,0,60000,326.7739,326.7739,326.7739
B,mismo_ccd,0,64,c2c,62,63,0,60000,27.1563,27.1563,27.1563
B,otro_nodo,0,64,c2c,62,64,0,60000,326.0036,326.0036,326.0036
B,otro_nodo,0,64,c2c,62,65,0,60000,327.4588,327.4588,327.4588
B,otro_nodo,0,64,c2c,62,66,0,60000,326.6155,326.6155,326.6155
B,otro_nodo,0,64,c2c,62,67,0,60000,327.0577,327.0577,327.0577
B,otro_nodo,0,64,c2c,62,68,0,60000,337.3355,337.3355,337.3355
B,otro_nodo,0,64,c2c,62,69,0,60000,322.4222,322.4222,322.4222
B,otro_nodo,0,64,c2c,62,70,0,60000,325.2440,325.2440,325.2440
B,otro_nodo,0,64,c2c,62,71,0,60000,326.6831,326.6831,326.6831
B,otro_nodo,0,64,c2c,62,72,0,60000,316.6495,316.6495,316.6495
B,otro_nodo,0,64,c2c,62,73,0,60000,329.1883,329.1883,329.1883
B,otro_nodo,0,64,c2c,62,74,0,60000,338.5006,338.5006,338.5006
B,otro_nodo,0,64,c2c,62,75,0,60000,325.7612,325.7612,325.7612
B,otro_nodo,0,64,c2c,62,76,0,60000,332.6387,332.6387,332.6387
B,otro_nodo,0,64,c2c,62,77,0,60000,318.4896,318.4896,318.4896
B,otro_nodo,0,64,c2c,62,78,0,60000,327.3513,327.3513,327.3513
B,otro_nodo,0,64,c2c,62,79,0,60000,328.3794,328.3794,328.3794
B,otro_nodo,0,64,c2c,62,80,0,60000,324.0329,324.0329,324.0329
B,otro_nodo,0,64,c2c,62,81,0,60000,335.1390,335.1390,335.1390
B,otro_nodo,0,64,c2c,62,82,0,60000,338.4614,338.4614,338.4614
B,otro_nodo,0,64,c2c,62,83,0,60000,329.4151,329.4151,329.4151
B,otro_nodo,0,64,c2c,62,84,0,60000,338.0163,338.0163,338.0163
B,otro_nodo,0,64,c2c,62,85,0,60000,325.8065,325.8065,325.8065
B,otro_nodo,0,64,c2c,62,86,0,60000,332.9334,332.9334,332.9334
B,otro_nodo,0,64,c2c,62,87,0,60000,336.4855,336.4855,336.4855
B,otro_nodo,0,64,c2c,62,88,0,60000,326.6237,326.6237,326.6237
B,otro_nodo,0,64,c2c,62,89,0,60000,335.6567,335.6567,335.6567
B,otro_nodo,0,64,c2c,62,90,0,60000,333.4547,333.4547,333.4547
B,otro_nodo,0,64,c2c,62,91,0,60000,327.0519,327.0519,327.0519
B,otro_nodo,0,64,c2c,62,92,0,60000,333.8634,333.8634,333.8634
B,otro_nodo,0,64,c2c,62,93,0,60000,321.1823,321.1823,321.1823
B,otro_nodo,0,64,c2c,62,94,0,60000,328.0989,328.0989,328.0989
B,otro_nodo,0,64,c2c,62,95,0,60000,329.1607,329.1607,329.1607
B,otro_nodo,0,64,c2c,62,96,0,60000,324.4044,324.4044,324.4044
B,otro_nodo,0,64,c2c,62,97,0,60000,329.9950,329.9950,329.9950
B,otro_nodo,0,64,c2c,62,98,0,60000,335.0237,335.0237,335.0237
B,otro_nodo,0,64,c2c,62,99,0,60000,321.8462,321.8462,321.8462
B,otro_nodo,0,64,c2c,62,100,0,60000,334.9754,334.9754,334.9754
B,otro_nodo,0,64,c2c,62,101,0,60000,326.0391,326.0391,326.0391
B,otro_nodo,0,64,c2c,62,102,0,60000,323.9459,323.9459,323.9459
B,otro_nodo,0,64,c2c,62,103,0,60000,327.3910,327.3910,327.3910
B,otro_nodo,0,64,c2c,62,104,0,60000,322.0286,322.0286,322.0286
B,otro_nodo,0,64,c2c,62,105,0,60000,328.4806,328.4806,328.4806
B,otro_nodo,0,64,c2c,62,106,0,60000,335.5189,335.5189,335.5189
B,otro_nodo,0,64,c2c,62,107,0,60000,326.7758,326.7758,326.7758
B,otro_nodo,0,64,c2c,62,108,0,60000,331.8993,331.8993,331.8993
B,otro_nodo,0,64,c2c,62,109,0,60000,317.8572,317.8572,317.8572
B,otro_nodo,0,64,c2c,62,110,0,60000,321.8978,321.8978,321.8978
B,otro_nodo,0,64,c2c,62,111,0,60000,312.7196,312.7196,312.7196
B,otro_nodo,0,64,c2c,62,112,0,60000,321.2994,321.2994,321.2994
B,otro_nodo,0,64,c2c,62,113,0,60000,328.1887,328.1887,328.1887
B,otro_nodo,0,64,c2c,62,114,0,60000,323.5349,323.5349,323.5349
B,otro_nodo,0,64,c2c,62,115,0,60000,323.4364,323.4364,323.4364
B,otro_nodo,0,64,c2c,62,116,0,60000,319.7164,319.7164,319.7164
B,otro_nodo,0,64,c2c,62,117,0,60000,324.9908,324.9908,324.9908
B,otro_nodo,0,64,c2c,62,118,0,60000,324.4448,324.4448,324.4448
B,otro_nodo,0,64,c2c,62,119,0,60000,321.1044,321.1044,321.1044
B,otro_nodo,0,64,c2c,62,120,0,60000,318.7457,318.7457,318.7457
B,otro_nodo,0,64,c2c,62,121,0,60000,322.4598,322.4598,322.4598
B,otro_nodo,0,64,c2c,62,122,0,60000,321.5228,321.5228,321.5228
B,otro_nodo,0,64,c2c,62,123,0,60000,324.9934,324.9934,324.9934
B,otro_nodo,0,64,c2c,62,124,0,60000,328.7958,328.7958,328.7958
B,otro_nodo,0,64,c2c,62,125,0,60000,322.1994,322.1994,322.1994
B,otro_nodo,0,64,c2c,62,126,0,60000,326.5844,326.5844,326.5844
B,otro_nodo,0,64,c2c,62,127,0,60000,321.0716,321.0716,321.0716
B,otro_nodo,0,64,c2c,63,64,0,60000,320.5495,320.5495,320.5495
B,otro_nodo,0,64,c2c,63,65,0,60000,317.2931,317.2931,317.2931
B,otro_nodo,0,64,c2c,63,66,0,60000,318.0919,318.0919,318.0919
B,otro_nodo,0,64,c2c,63,67,0,60000,326.5823,326.5823,326.5823
B,otro_nodo,0,64,c2c,63,68,0,60000,324.6601,324.6601,324.6601
B,otro_nodo,0,64,c2c,63,69,0,60000,322.6135,322.6135,322.6135
B,otro_nodo,0,64,c2c,63,70,0,60000,325.1790,325.1790,325.1790
B,otro_nodo,0,64,c2c,63,71,0,60000,326.6754,326.6754,326.6754
B,otro_nodo,0,64,c2c,63,72,0,60000,321.4882,321.4882,321.4882
B,otro_nodo,0,64,c2c,63,73,0,60000,323.5119,323.5119,323.5119
B,otro_nodo,0,64,c2c,63,74,0,60000,327.7800,327.7800,327.7800
B,otro_nodo,0,64,c2c,63,75,0,60000,329.2720,329.2720,329.2720
B,otro_nodo,0,64,c2c,63,76,0,60000,326.2146,326.2146,326.2146
B,otro_nodo,0,64,c2c,63,77,0,60000,326.8229,326.8229,326.8229
B,otro_nodo,0,64,c2c,63,78,0,60000,326.2349,326.2349,326.2349
B,otro_nodo,0,64,c2c,63,79,0,60000,326.4085,326.4085,326.4085
B,otro_nodo,0,64,c2c,63,80,0,60000,326.7253,326.7253,326.7253
B,otro_nodo,0,64,c2c,63,81,0,60000,331.0357,331.0357,331.0357
B,otro_nodo,0,64,c2c,63,82,0,60000,328.1996,328.1996,328.1996
B,otro_nodo,0,64,c2c,63,83,0,60000,334.9037,334.9037,334.9037
B,otro_nodo,0,64,c2c,63,84,0,60000,330.1546,330.1546,330.1546
B,otro_nodo,0,64,c2c,63,85,0,60000,335.8519,335.8519,335.8519
B,otro_nodo,0,64,c2c,63,86,0,60000,334.0615,334.0615,334.0615
B,otro_nodo,0,64,c2c,63,87,0,60000,329.0688,329.0688,329.0688
B,otro_nodo,0,64,c2c,63,88,0,60000,324.7343,324.7343,324.7343
B,otro_nodo,0,64,c2c,63,89,0,60000,334.4597,334.4597,334.4597
B,otro_nodo,0,64,c2c,63,90,0,60000,335.6740,335.6740,335.6740
B,otro_nodo,0,64,c2c,63,91,0,60000,330.9040,330.9040,330.9040
B,otro_nodo,0,64,c2c,63,92,0,60000,336.6219,336.6219,336.6219
B,otro_nodo,0,64,c2c,63,93,0,60000,322.8622,322.8622,322.8622
B,otro_nodo,0,64,c2c,63,94,0,60000,324.4811,324.4811,324.4811
B,otro_nodo,0,64,c2c,63,95,0,60000,335.7266,335.7266,335.7266
B,otro_nodo,0,64,c2c,63,96,0,60000,318.9145,318.9145,318.9145
B,otro_nodo,0,64,c2c,63,97,0,60000,335.9939,335.9939,335.9939
B,otro_nodo,0,64,c2c,63,98,0,60000,330.8865,330.8865,330.8865
B,otro_nodo,0,64,c2c,63,99,0,60000,323.9207,323.9207,323.9207
B,otro_nodo,0,64,c2c,63,100,0,60000,329.9891,329.9891,329.9891
B,otro_nodo,0,64,c2c,63,101,0,60000,321.2665,321.2665,321.2665
B,otro_nodo,0,64,c2c,63,102,0,60000,321.5771,321.5771,321.5771
B,otro_nodo,0,64,c2c,63,103,0,60000,332.1413,332.1413,332.1413
B,otro_nodo,0,64,c2c,63,104,0,60000,316.8090,316.8090,316.8090
B,otro_nodo,0,64,c2c,63,105,0,60000,333.1059,333.1059,333.1059
B,otro_nodo,0,64,c2c,63,106,0,60000,330.7418,330.7418,330.7418
B,otro_nodo,0,64,c2c,63,107,0,60000,317.6732,317.6732,317.6732
B,otro_nodo,0,64,c2c,63,108,0,60000,328.3047,328.3047,328.3047
B,otro_nodo,0,64,c2c,63,109,0,60000,318.2478,318.2478,318.2478
B,otro_nodo,0,64,c2c,63,110,0,60000,318.5728,318.5728,318.5728
B,otro_nodo,0,64,c2c,63,111,0,60000,316.2273,316.2273,316.2273
B,otro_nodo,0,64,c2c,63,112,0,60000,317.7667,317.7667,317.7667
B,otro_nodo,0,64,c2c,63,113,0,60000,323.8704,323.8704,323.8704
B,otro_nodo,0,64,c2c,63,114,0,60000,322.4873,322.4873,322.4873
B,otro_nodo,0,64,c2c,63,115,0,60000,323.6227,323.6227,323.6227
B,otro_nodo,0,64,c2c,63,116,0,60000,321.7601,321.7601,321.7601
B,otro_nodo,0,64,c2c,63,117,0,60000,323.2196,323.2196,323.2196
B,otro_nodo,0,64,c2c,63,118,0,60000,324.7248,324.7248,324.7248
B,otro_nodo,0,64,c2c,63,119,0,60000,324.7023,324.7023,324.7023
B,otro_nodo,0,64,c2c,63,120,0,60000,314.7284,314.7284,314.7284
B,otro_nodo,0,64,c2c,63,121,0,60000,323.6952,323.6952,323.6952
B,otro_nodo,0,64,c2c,63,122,0,60000,326.8154,326.8154,326.8154
B,otro_nodo,0,64,c2c,63,123,0,60000,324.1314,324.1314,324.1314
B,otro_nodo,0,64,c2c,63,124,0,60000,325.2138,325.2138,325.2138
B,otro_nodo,0,64,c2c,63,125,0,60000,325.3983,325.3983,325.3983
B,otro_nodo,0,64,c2c,63,126,0,60000,325.8187,325.8187,325.8187
B,otro_nodo,0,64,c2c,63,127,0,60000,324.7630,324.7630,324.7630
B,mismo_ccd,0,64,c2c,64,65,1,60000,27.2936,27.2936,27.2936
B,mismo_ccd,0,64,c2c,64,66,1,60000,27.1865,27.1865,27.1865
B,mismo_ccd,0,64,c2c,64,67,1,60000,27.4729,27.4729,27.4729
B,mismo_ccd,0,64,c2c,64,68,1,60000,27.1533,27.1533,27.1533
B,mismo_ccd,0,64,c2c,64,69,1,60000,27.2409,27.2409,27.2409
B,mismo_ccd,0,64,c2c,64,70,1,60000,27.2078,27.2078,27.2078
B,mismo_ccd,0,64,c2c,64,71,1,60000,27.3361,27.3361,27.3361
B,otro_ccd,0,64,c2c,64,72,1,60000,230.3817,230.3817,230.3817
B,otro_ccd,0,64,c2c,64,73,1,60000,279.2367,279.2367,279.2367
B,otro_ccd,0,64,c2c,64,74,1,60000,303.7495,303.7495,303.7495
B,otro_ccd,0,64,c2c,64,75,1,60000,240.2086,240.2086,240.2086
B,otro_ccd,0,64,c2c,64,76,1,60000,307.9994,307.9994,307.9994
B,otro_ccd,0,64,c2c,64,77,1,60000,304.4794,304.4794,304.4794
B,otro_ccd,0,64,c2c,64,78,1,60000,325.8360,325.8360,325.8360
B,otro_ccd,0,64,c2c,64,79,1,60000,340.1292,340.1292,340.1292
B,otro_ccd,0,64,c2c,64,80,1,60000,245.3155,245.3155,245.3155
B,otro_ccd,0,64,c2c,64,81,1,60000,346.7071,346.7071,346.7071
B,otro_ccd,0,64,c2c,64,82,1,60000,282.1170,282.1170,282.1170
B,otro_ccd,0,64,c2c,64,83,1,60000,253.7466,253.7466,253.7466
B,otro_ccd,0,64,c2c,64,84,1,60000,361.2793,361.2793,361.2793
B,otro_ccd,0,64,c2c,64,85,1,60000,272.4888,272.4888,272.4888
B,otro_ccd,0,64,c2c,64,86,1,60000,332.9615,332.9615,332.9615
B,otro_ccd,0,64,c2c,64,87,1,60000,332.2413,332.2413,332.2413
B,otro_ccd,0,64,c2c,64,88,1,60000,260.6009,260.6009,260.6009
B,otro_ccd,0,64,c2c,64,89,1,60000,350.7893,350.7893,350.7893
B,otro_ccd,0,64,c2c,64,90,1,60000,240.9696,240.9696,240.9696
B,otro_ccd,0,64,c2c,64,91,1,60000,245.1395,245.1395,245.1395
B,otro_ccd,0,64,c2c,64,92,1,60000,330.8854,330.8854,330.8854
B,otro_ccd,0,64,c2c,64,93,1,60000,288.3707,288.3707,288.3707
B,otro_ccd,0,64,c2c,64,94,1,60000,350.2931,350.2931,350.2931
B,otro_ccd,0,64,c2c,64,95,1,60000,261.8650,261.8650,261.8650
B,otro_ccd,0,64,c2c,64,96,1,60000,265.5486,265.5486,265.5486
B,otro_ccd,0,64,c2c,64,97,1,60000,312.9219,312.9219,312.9219
B,otro_ccd,0,64,c2c,64,98,1,60000,210.8783,210.8783,210.8783
B,otro_ccd,0,64,c2c,64,99,1,60000,261.6774,261.6774,261.6774
B,otro_ccd,0,64,c2c,64,100,1,60000,329.7909,329.7909,329.7909
B,otro_ccd,0,64,c2c,64,101,1,60000,355.8056,355.8056,355.8056
B,otro_ccd,0,64,c2c,64,102,1,60000,290.5055,290.5055,290.5055
B,otro_ccd,0,64,c2c,64,103,1,60000,287.5122,287.5122,287.5122
B,otro_ccd,0,64,c2c,64,104,1,60000,238.4442,238.4442,238.4442
B,otro_ccd,0,64,c2c,64,105,1,60000,355.9575,355.9575,355.9575
B,otro_ccd,0,64,c2c,64,106,1,60000,244.6037,244.6037,244.6037
B,otro_ccd,0,64,c2c,64,107,1,60000,252.6851,252.6851,252.6851
B,otro_ccd,0,64,c2c,64,108,1,60000,262.4233,262.4233,262.4233
B,otro_ccd,0,64,c2c,64,109,1,60000,346.4629,346.4629,346.4629
B,otro_ccd,0,64,c2c,64,110,1,60000,317.6254,317.6254,317.6254
B,otro_ccd,0,64,c2c,64,111,1,60000,301.3091,301.3091,301.3091
B,otro_ccd,0,64,c2c,64,112,1,60000,284.9315,284.9315,284.9315
B,otro_ccd,0,64,c2c,64,113,1,60000,274.6191,274.6191,274.6191
B,otro_ccd,0,64,c2c,64,114,1,60000,221.5527,221.5527,221.5527
B,otro_ccd,0,64,c2c,64,115,1,60000,260.4431,260.4431,260.4431
B,otro_ccd,0,64,c2c,64,116,1,60000,333.9051,333.9051,333.9051
B,otro_ccd,0,64,c2c,64,117,1,60000,283.7505,283.7505,283.7505
B,otro_ccd,0,64,c2c,64,118,1,60000,312.3582,312.3582,312.3582
B,otro_ccd,0,64,c2c,64,119,1,60000,317.0048,317.0048,317.0048
B,otro_ccd,0,64,c2c,64,120,1,60000,256.8933,256.8933,256.8933
B,otro_ccd,0,64,c2c,64,121,1,60000,274.6978,274.6978,274.6978
B,otro_ccd,0,64,c2c,64,122,1,60000,270.1416,270.1416,270.1416
B,otro_ccd,0,64,c2c,64,123,1,60000,250.5412,250.5412,250.5412
B,otro_ccd,0,64,c2c,64,124,1,60000,300.2958,300.2958,300.2958
B,otro_ccd,0,64,c2c,64,125,1,60000,280.5477,280.5477,280.5477
B,otro_ccd,0,64,c2c,64,126,1,60000,320.7658,320.7658,320.7658
B,otro_ccd,0,64,c2c,64,127,1,60000,267.9709,267.9709,267.9709
B,mismo_ccd,0,64,c2c,65,66,1,60000,27.4919,27.4919,27.4919
B,mismo_ccd,0,64,c2c,65,67,1,60000,27.1322,27.1322,27.1322
B,mismo_ccd,0,64,c2c,65,68,1,60000,27.1667,27.1667,27.1667
B,mismo_ccd,0,64,c2c,65,69,1,60000,27.3681,27.3681,27.3681
B,mismo_ccd,0,64,c2c,65,70,1,60000,27.5396,27.5396,27.5396
B,mismo_ccd,0,64,c2c,65,71,1,60000,27.2408,27.2408,27.2408
B,otro_ccd,0,64,c2c,65,72,1,60000,324.5902,324.5902,324.5902
B,otro_ccd,0,64,c2c,65,73,1,60000,249.0219,249.0219,249.0219
B,otro_ccd,0,64,c2c,65,74,1,60000,262.4171,262.4171,262.4171
B,otro_ccd,0,64,c2c,65,75,1,60000,321.6717,321.6717,321.6717
B,otro_ccd,0,64,c2c,65,76,1,60000,217.7325,217.7325,217.7325
B,otro_ccd,0,64,c2c,65,77,1,60000,256.9768,256.9768,256.9768
B,otro_ccd,0,64,c2c,65,78,1,60000,246.0977,246.0977,246.0977
B,otro_ccd,0,64,c2c,65,79,1,60000,274.6689,274.6689,274.6689
B,otro_ccd,0,64,c2c,65,80,1,60000,334.9826,334.9826,334.9826
B,otro_ccd,0,64,c2c,65,81,1,60000,246.9896,246.9896,246.9896
B,otro_ccd,0,64,c2c,65,82,1,60000,275.8421,275.8421,275.8421
B,otro_ccd,0,64,c2c,65,83,1,60000,350.0722,350.0722,350.0722
B,otro_ccd,0,64,c2c,65,84,1,60000,304.9016,304.9016,304.9016
B,otro_ccd,0,64,c2c,65,85,1,60000,257.5461,257.5461,257.5461
B,otro_ccd,0,64,c2c,65,86,1,60000,343.8830,343.8830,343.8830
B,otro_ccd,0,64,c2c,65,87,1,60000,315.0057,315.0057,315.0057
B,otro_ccd,0,64,c2c,65,88,1,60000,331.1731,331.1731,331.1731
B,otro_ccd,0,64,c2c,65,89,1,60000,346.1933,346.1933,346.1933
B,otro_ccd,0,64,c2c,65,90,1,60000,272.5485,272.5485,272.5485
B,otro_ccd,0,64,c2c,65,91,1,60000,309.0383,309.0383,309.0383
B,otro_ccd,0,64,c2c,65,92,1,60000,269.2998,269.2998,269.2998
B,otro_ccd,0,64,c2c,65,93,1,60000,355.5795,355.5795,355.5795
B,otro_ccd,0,64,c2c,65,94,1,60000,318.5570,318.5570,318.5570
B,otro_ccd,0,64,c2c,65,95,1,60000,372.3807,372.3807,372.3807
B,otro_ccd,0,64,c2c,65,96,1,60000,298.6244,298.6244,298.6244
B,otro_ccd,0,64,c2c,65,97,1,60000,293.3502,293.3502,293.3502
B,otro_ccd,0,64,c2c,65,98,1,60000,265.2763,265.2763,265.2763
B,otro_ccd,0,64,c2c,65,99,1,60000,314.6768,314.6768,314.6768
B,otro_ccd,0,64,c2c,65,100,1,60000,359.9147,359.9147,359.9147
B,otro_ccd,0,64,c2c,65,101,1,60000,268.1001,268.1001,268.1001
B,otro_ccd,0,64,c2c,65,102,1,60000,290.5682,290.5682,290.5682
B,otro_ccd,0,64,c2c,65,103,1,60000,317.5500,317.5500,317.5500
B,otro_ccd,0,64,c2c,65,104,1,60000,287.5406,287.5406,287.5406
B,otro_ccd,0,64,c2c,65,105,1,60000,306.7831,306.7831,306.7831
B,otro_ccd,0,64,c2c,65,106,1,60000,280.7206,280.7206,280.7206
B,otro_ccd,0,64,c2c,65,107,1,60000,335.2987,335.2987,335.2987
B,otro_ccd,0,64,c2c,65,108,1,60000,269.0832,269.0832,269.0832
B,otro_ccd,0,64,c2c,65,109,1,60000,283.4089,283.4089,283.4089
B,otro_ccd,0,64,c2c,65,110,1,60000,319.0348,319.0348,319.0348
B,otro_ccd,0,64,c2c,65,111,1,60000,276.3625,276.3625,276.3625
B,otro_ccd,0,64,c2c,65,112,1,60000,324.8604,324.8604,324.8604
B,otro_ccd,0,64,c2c,65,113,1,60000,338.3524,338.3524,338.3524
B,otro_ccd,0,64,c2c,65,114,1,60000,257.5358,257.5358,257.5358
B,otro_ccd,0,64,c2c,65,115,1,60000,339.8147,339.8147,339.8147
B,otro_ccd,0,64,c2c,65,116,1,60000,325.5362,325.5362,325.5362
B,otro_ccd,0,64,c2c,65,117,1,60000,245.8454,245.8454,245.8454
B,otro_ccd,0,64,c2c,65,118,1,60000,299.4780,299.4780,299.4780
B,otro_ccd,0,64,c2c,65,119,1,60000,317.9442,317.9442,317.9442
B,otro_ccd,0,64,c2c,65,120,1,60000,286.3402,286.3402,286.3402
B,otro_ccd,0,64,c2c,65,121,1,60000,330.5694,330.5694,330.5694
B,otro_ccd,0,64,c2c,65,122,1,60000,256.1103,256.1103,256.1103
B,otro_ccd,0,64,c2c,65,123,1,60000,318.7905,318.7905,318.7905
B,otro_ccd,0,64,c2c,65,124,1,60000,335.0332,335.0332,335.0332
B,otro_ccd,0,64,c2c,65,125,1,60000,223.8513,223.8513,223.8513
B,otro_ccd,0,64,c2c,65,126,1,60000,317.0454,317.0454,317.0454
B,otro_ccd,0,64,c2c,65,127,1,60000,323.6677,323.6677,323.6677
B,mismo_ccd,0,64,c2c,66,67,1,60000,27.2267,27.2267,27.2267
B,mismo_ccd,0,64,c2c,66,68,1,60000,27.4082,27.4082,27.4082
B,mismo_ccd,0,64,c2c,66,69,1,60000,27.2367,27.2367,27.2367
B,mismo_ccd,0,64,c2c,66,70,1,60000,27.5085,27.5085,27.5085
B,mismo_ccd,0,64,c2c,66,71,1,60000,27.3110,27.3110,27.3110
B,otro_ccd,0,64,c2c,66,72,1,60000,227.5830,227.5830,227.5830
B,otro_ccd,0,64,c2c,66,73,1,60000,362.7055,362.7055,362.7055
B,otro_ccd,0,64,c2c,66,74,1,60000,246.7746,246.7746,246.7746
B,otro_ccd,0,64,c2c,66,75,1,60000,342.2403,342.2403,342.2403
B,otro_ccd,0,64,c2c,66,76,1,60000,246.8145,246.8145,246.8145
B,otro_ccd,0,64,c2c,66,77,1,60000,235.6995,235.6995,235.6995
B,otro_ccd,0,64,c2c,66,78,1,60000,251.6436,251.6436,251.6436
B,otro_ccd,0,64,c2c,66,79,1,60000,267.1782,267.1782,267.1782
B,otro_ccd,0,64,c2c,66,80,1,60000,260.9116,260.9116,260.9116
B,otro_ccd,0,64,c2c,66,81,1,60000,358.8872,358.8872,358.8872
B,otro_ccd,0,64,c2c,66,82,1,60000,271.0509,271.0509,271.0509
B,otro_ccd,0,64,c2c,66,83,1,60000,338.5310,338.5310,338.5310
B,otro_ccd,0,64,c2c,66,84,1,60000,241.6293,241.6293,241.6293
B,otro_ccd,0,64,c2c,66,85,1,60000,235.8523,235.8523,235.8523
B,otro_ccd,0,64,c2c,66,86,1,60000,244.0829,244.0829,244.0829
B,otro_ccd,0,64,c2c,66,87,1,60000,280.5873,280.5873,280.5873
B,otro_ccd,0,64,c2c,66,88,1,60000,259.3322,259.3322,259.3322
B,otro_ccd,0,64,c2c,66,89,1,60000,289.4290,289.4290,289.4290
B,otro_ccd,0,64,c2c,66,90,1,60000,264.1903,264.1903,264.1903
B,otro_ccd,0,64,c2c,66,91,1,60000,268.7099,268.7099,268.7099
B,otro_ccd,0,64,c2c,66,92,1,60000,252.2806,252.2806,252.2806
B,otro_ccd,0,64,c2c,66,93,1,60000,254.3360,254.3360,254.3360
B,otro_ccd,0,64,c2c,66,94,1,60000,371.6739,371.6739,371.6739
B,otro_ccd,0,64,c2c,66,95,1,60000,305.7604,305.7604,305.7604
B,otro_ccd,0,64,c2c,66,96,1,60000,269.2322,269.2322,269.2322
B,otro_ccd,0,64,c2c,66,97,1,60000,366.6957,366.6957,366.6957
B,otro_ccd,0,64,c2c,66,98,1,60000,258.4219,258.4219,258.4219
B,otro_ccd,0,64,c2c,66,99,1,60000,365.2449,365.2449,365.2449
B,otro_ccd,0,64,c2c,66,100,1,60000,267.0428,267.0428,267.0428
B,otro_ccd,0,64,c2c,66,101,1,60000,241.7772,241.7772,241.7772
B,otro_ccd,0,64,c2c,66,102,1,60000,321.3068,321.3068,321.3068
B,otro_ccd,0,64,c2c,66,103,1,60000,318.9270,318.9270,318.9270
B,otro_ccd,0,64,c2c,66,104,1,60000,268.2358,268.2358,268.2358
B,otro_ccd,0,64,c2c,66,105,1,60000,331.9342,331.9342,331.9342
B,otro_ccd,0,64,c2c,66,106,1,60000,247.8975,247.8975,247.8975
B,otro_ccd,0,64,c2c,66,107,1,60000,363.1821,363.1821,363.1821
B,otro_ccd,0,64,c2c,66,108,1,60000,292.2866,292.2866,292.2866
B,otro_ccd,0,64,c2c,66,109,1,60000,233.1876,233.1876,233.1876
B,otro_ccd,0,64,c2c,66,110,1,60000,295.2138,295.2138,295.2138
B,otro_ccd,0,64,c2c,66,111,1,60000,272.1501,272.1501,272.1501
B,otro_ccd,0,64,c2c,66,112,1,60000,258.9071,258.9071,258.9071
B,otro_ccd,0,64,c2c,66,113,1,60000,326.6453,326.6453,326.6453
B,otro_ccd,0,64,c2c,66,114,1,60000,249.1859,249.1859,249.1859
B,otro_ccd,0,64,c2c,66,115,1,60000,333.8400,333.8400,333.8400
B,otro_ccd,0,64,c2c,66,116,1,60000,250.6604,250.6604,250.6604
B,otro_ccd,0,64,c2c,66,117,1,60000,232.1074,232.1074,232.1074
B,otro_ccd,0,64,c2c,66,118,1,60000,312.0702,312.0702,312.0702
B,otro_ccd,0,64,c2c,66,119,1,60000,347.8616,347.8616,347.8616
B,otro_ccd,0,64,c2c,66,120,1,60000,263.9827,263.9827,263.9827
B,otro_ccd,0,64,c2c,66,121,1,60000,301.1588,301.1588,301.1588
B,otro_ccd,0,64,c2c,66,122,1,60000,241.5786,241.5786,241.5786
B,otro_ccd,0,64,c2c,66,123,1,60000,313.1072,313.1072,313.1072
B,otro_ccd,0,64,c2c,66,124,1,60000,254.4825,254.4825,254.4825
B,otro_ccd,0,64,c2c,66,125,1,60000,255.4231,255.4231,255.4231
B,otro_ccd,0,64,c2c,66,126,1,60000,276.1467,276.1467,276.1467
B,otro_ccd,0,64,c2c,66,127,1,60000,338.3924,338.3924,338.3924
B,mismo_ccd,0,64,c2c,67,68,1,60000,27.2821,27.2821,27.2821
B,mismo_ccd,0,64,c2c,67,69,1,60000,27.4709,27.4709,27.4709
B,mismo_ccd,0,64,c2c,67,70,1,60000,27.3113,27.3113,27.3113
B,mismo_ccd,0,64,c2c,67,71,1,60000,27.6443,27.6443,27.6443
B,otro_ccd,0,64,c2c,67,72,1,60000,273.4300,273.4300,273.4300
B,otro_ccd,0,64,c2c,67,73,1,60000,265.3172,265.3172,265.3172
B,otro_ccd,0,64,c2c,67,74,1,60000,321.2898,321.2898,321.2898
B,otro_ccd,0,64,c2c,67,75,1,60000,289.8215,289.8215,289.8215
B,otro_ccd,0,64,c2c,67,76,1,60000,269.5671,269.5671,269.5671
B,otro_ccd,0,64,c2c,67,77,1,60000,260.8005,260.8005,260.8005
B,otro_ccd,0,64,c2c,67,78,1,60000,262.6726,262.6726,262.6726
B,otro_ccd,0,64,c2c,67,79,1,60000,268.5996,268.5996,268.5996
B,otro_ccd,0,64,c2c,67,80,1,60000,317.7557,317.7557,317.7557
B,otro_ccd,0,64,c2c,67,81,1,60000,229.2716,229.2716,229.2716
B,otro_ccd,0,64,c2c,67,82,1,60000,311.5986,311.5986,311.5986
B,otro_ccd,0,64,c2c,67,83,1,60000,258.9409,258.9409,258.9409
B,otro_ccd,0,64,c2c,67,84,1,60000,261.1898,261.1898,261.1898
B,otro_ccd,0,64,c2c,67,85,1,60000,283.7991,283.7991,283.7991
B,otro_ccd,0,64,c2c,67,86,1,60000,353.4869,353.4869,353.4869
B,otro_ccd,0,64,c2c,67,87,1,60000,317.4507,317.4507,317.4507
B,otro_ccd,0,64,c2c,67,88,1,60000,310.2583,310.2583,310.2583
B,otro_ccd,0,64,c2c,67,89,1,60000,262.8161,262.8161,262.8161
B,otro_ccd,0,64,c2c,67,90,1,60000,309.0788,309.0788,309.0788
B,otro_ccd,0,64,c2c,67,91,1,60000,247.2278,247.2278,247.2278
B,otro_ccd,0,64,c2c,67,92,1,60000,292.7141,292.7141,292.7141
B,otro_ccd,0,64,c2c,67,93,1,60000,242.6979,242.6979,242.6979
B,otro_ccd,0,64,c2c,67,94,1,60000,282.8888,282.8888,282.8888
B,otro_ccd,0,64,c2c,67,95,1,60000,337.9788,337.9788,337.9788
B,otro_ccd,0,64,c2c,67,96,1,60000,311.4996,311.4996,311.4996
B,otro_ccd,0,64,c2c,67,97,1,60000,254.9908,254.9908,254.9908
B,otro_ccd,0,64,c2c,67,98,1,60000,310.6330,310.6330,310.6330
B,otro_ccd,0,64,c2c,67,99,1,60000,257.6224,257.6224,257.6224
B,otro_ccd,0,64,c2c,67,100,1,60000,269.1695,269.1695,269.1695
B,otro_ccd,0,64,c2c,67,101,1,60000,286.5581,286.5581,286.5581
B,otro_ccd,0,64,c2c,67,102,1,60000,335.2227,335.2227,335.2227
B,otro_ccd,0,64,c2c,67,103,1,60000,348.8158,348.8158,348.8158
B,otro_ccd,0,64,c2c,67,104,1,60000,362.8830,362.8830,362.8830
B,otro_ccd,0,64,c2c,67,105,1,60000,234.9011,234.9011,234.9011
B,otro_ccd,0,64,c2c,67,106,1,60000,362.8604,362.8604,362.8604
B,otro_ccd,0,64,c2c,67,107,1,60000,237.6156,237.6156,237.6156
B,otro_ccd,0,64,c2c,67,108,1,60000,260.9064,260.9064,260.9064
B,otro_ccd,0,64,c2c,67,109,1,60000,220.5599,220.5599,220.5599
B,otro_ccd,0,64,c2c,67,110,1,60000,330.4916,330.4916,330.4916
B,otro_ccd,0,64,c2c,67,111,1,60000,357.6769,357.6769,357.6769
B,otro_ccd,0,64,c2c,67,112,1,60000,334.3936,334.3936,334.3936
B,otro_ccd,0,64,c2c,67,113,1,60000,228.9968,228.9968,228.9968
B,otro_ccd,0,64,c2c,67,114,1,60000,357.4354,357.4354,357.4354
B,otro_ccd,0,64,c2c,67,115,1,60000,266.1524,266.1524,266.1524
B,otro_ccd,0,64,c2c,67,116,1,60000,214.6337,214.6337,214.6337
B,otro_ccd,0,64,c2c,67,117,1,60000,264.9461,264.9461,264.9461
B,otro_ccd,0,64,c2c,67,118,1,60000,324.5065,324.5065,324.5065
B,otro_ccd,0,64,c2c,67,119,1,60000,314.7706,314.7706,314.7706
B,otro_ccd,0,64,c2c,67,120,1,60000,337.0472,337.0472,337.0472
B,otro_ccd,0,64,c2c,67,121,1,60000,288.1080,288.1080,288.1080
B,otro_ccd,0,64,c2c,67,122,1,60000,317.9534,317.9534,317.9534
B,otro_ccd,0,64,c2c,67,123,1,60000,262.5527,262.5527,262.5527
B,otro_ccd,0,64,c2c,67,124,1,60000,264.2428,264.2428,264.2428
B,otro_ccd,0,64,c2c,67,125,1,60000,229.8601,229.8601,229.8601
B,otro_ccd,0,64,c2c,67,126,1,60000,300.9731,300.9731,300.9731
B,otro_ccd,0,64,c2c,67,127,1,60000,274.8312,274.8312,274.8312
B,mismo_ccd,0,64,c2c,68,69,1,60000,27.6431,27.6431,27.6431
B,mismo_ccd,0,64,c2c,68,70,1,60000,27.1596,27.1596,27.1596
B,mismo_ccd,0,64,c2c,68,71,1,60000,27.4007,27.4007,27.4007
B,otro_ccd,0,64,c2c,68,72,1,60000,253.5185,253.5185,253.5185
B,otro_ccd,0,64,c2c,68,73,1,60000,282.3013,282.3013,282.3013
B,otro_ccd,0,64,c2c,68,74,1,60000,311.9737,311.9737,311.9737
B,otro_ccd,0,64,c2c,68,75,1,60000,257.6269,257.6269,257.6269
B,otro_ccd,0,64,c2c,68,76,1,60000,305.4933,305.4933,305.4933
B,otro_ccd,0,64,c2c,68,77,1,60000,309.1091,309.1091,309.1091
B,otro_ccd,0,64,c2c,68,78,1,60000,242.8536,242.8536,242.8536
B,otro_ccd,0,64,c2c,68,79,1,60000,273.9316,273.9316,273.9316
B,otro_ccd,0,64,c2c,68,80,1,60000,299.1844,299.1844,299.1844
B,otro_ccd,0,64,c2c,68,81,1,60000,228.7857,228.7857,228.7857
B,otro_ccd,0,64,c2c,68,82,1,60000,341.4908,341.4908,341.4908
B,otro_ccd,0,64,c2c,68,83,1,60000,262.7708,262.7708,262.7708
B,otro_ccd,0,64,c2c,68,84,1,60000,361.9795,361.9795,361.9795
B,otro_ccd,0,64,c2c,68,85,1,60000,281.6246,281.6246,281.6246
B,otro_ccd,0,64,c2c,68,86,1,60000,304.3236,304.3236,304.3236
B,otro_ccd,0,64,c2c,68,87,1,60000,324.5688,324.5688,324.5688
B,otro_ccd,0,64,c2c,68,88,1,60000,315.9557,315.9557,315.9557
B,otro_ccd,0,64,c2c,68,89,1,60000,271.6809,271.6809,271.6809
B,otro_ccd,0,64,c2c,68,90,1,60000,346.4977,346.4977,346.4977
B,otro_ccd,0,64,c2c,68,91,1,60000,244.6199,244.6199,244.6199
B,otro_ccd,0,64,c2c,68,92,1,60000,323.8989,323.8989,323.8989
B,otro_ccd,0,64,c2c,68,93,1,60000,345.2976,345.2976,345.2976
B,otro_ccd,0,64,c2c,68,94,1,60000,291.0844,291.0844,291.0844
B,otro_ccd,0,64,c2c,68,95,1,60000,330.8721,330.8721,330.8721
B,otro_ccd,0,64,c2c,68,96,1,60000,308.3172,308.3172,308.3172
B,otro_ccd,0,64,c2c,68,97,1,60000,240.0974,240.0974,240.0974
B,otro_ccd,0,64,c2c,68,98,1,60000,357.7230,357.7230,357.7230
B,otro_ccd,0,64,c2c,68,99,1,60000,276.9512,276.9512,276.9512
B,otro_ccd,0,64,c2c,68,100,1,60000,339.6169,339.6169,339.6169
B,otro_ccd,0,64,c2c,68,101,1,60000,290.0828,290.0828,290.0828
B,otro_ccd,0,64,c2c,68,102,1,60000,303.8407,303.8407,303.8407
B,otro_ccd,0,64,c2c,68,103,1,60000,324.6889,324.6889,324.6889
B,otro_ccd,0,64,c2c,68,104,1,60000,307.5594,307.5594,307.5594
B,otro_ccd,0,64,c2c,68,105,1,60000,281.4642,281.4642,281.4642
B,otro_ccd,0,64,c2c,68,106,1,60000,341.8165,341.8165,341.8165
B,otro_ccd,0,64,c2c,68,107,1,60000,298.7512,298.7512,298.7512
B,otro_ccd,0,64,c2c,68,108,1,60000,335.8758,335.8758,335.8758
B,otro_ccd,0,64,c2c,68,109,1,60000,276.9898,276.9898,276.9898
B,otro_ccd,0,64,c2c,68,110,1,60000,357.3703,357.3703,357.3703
B,otro_ccd,0,64,c2c,68,111,1,60000,270.4786,270.4786,270.4786
B,otro_ccd,0,64,c2c,68,112,1,60000,342.7949,342.7949,342.7949
B,otro_ccd,0,64,c2c,68,113,1,60000,242.6552,242.6552,242.6552
B,otro_ccd,0,64,c2c,68,114,1,60000,324.1642,324.1642,324.1642
B,otro_ccd,0,64,c2c,68,115,1,60000,327.9565,327.9565,327.9565
B,otro_ccd,0,64,c2c,68,116,1,60000,315.0679,315.0679,315.0679
B,otro_ccd,0,64,c2c,68,117,1,60000,275.1054,275.1054,275.1054
B,otro_ccd,0,64,c2c,68,118,1,60000,349.2114,349.2114,349.2114
B,otro_ccd,0,64,c2c,68,119,1,60000,321.6022,321.6022,321.6022
B,otro_ccd,0,64,c2c,68,120,1,60000,350.6415,350.6415,350.6415
B,otro_ccd,0,64,c2c,68,121,1,60000,259.2964,259.2964,259.2964
B,otro_ccd,0,64,c2c,68,122,1,60000,335.7442,335.7442,335.7442
B,otro_ccd,0,64,c2c,68,123,1,60000,267.7348,267.7348,267.7348
B,otro_ccd,0,64,c2c,68,124,1,60000,361.5033,361.5033,361.5033
B,otro_ccd,0,64,c2c,68,125,1,60000,328.9649,328.9649,328.9649
B,otro_ccd,0,64,c2c,68,126,1,60000,256.2468,256.2468,256.2468
B,otro_ccd,0,64,c2c,68,127,1,60000,280.9570,280.9570,280.9570
B,mismo_ccd,0,64,c2c,69,70,1,60000,27.5024,27.5024,27.5024
B,mismo_ccd,0,64,c2c,69,71,1,60000,27.1367,27.1367,27.1367
B,otro_ccd,0,64,c2c,69,72,1,60000,282.0971,282.0971,282.0971
B,otro_ccd,0,64,c2c,69,73,1,60000,352.9705,352.9705,352.9705
B,otro_ccd,0,64,c2c,69,74,1,60000,238.3892,238.3892,238.3892
B,otro_ccd,0,64,c2c,69,75,1,60000,334.8913,334.8913,334.8913
B,otro_ccd,0,64,c2c,69,76,1,60000,332.4948,332.4948,332.4948
B,otro_ccd,0,64,c2c,69,77,1,60000,356.3039,356.3039,356.3039
B,otro_ccd,0,64,c2c,69,78,1,60000,280.5518,280.5518,280.5518
B,otro_ccd,0,64,c2c,69,79,1,60000,339.2096,339.2096,339.2096
B,otro_ccd,0,64,c2c,69,80,1,60000,328.4765,328.4765,328.4765
B,otro_ccd,0,64,c2c,69,81,1,60000,349.7655,349.7655,349.7655
B,otro_ccd,0,64,c2c,69,82,1,60000,262.1324,262.1324,262.1324
B,otro_ccd,0,64,c2c,69,83,1,60000,296.8392,296.8392,296.8392
B,otro_ccd,0,64,c2c,69,84,1,60000,253.9307,253.9307,253.9307
B,otro_ccd,0,64,c2c,69,85,1,60000,368.0251,368.0251,368.0251
B,otro_ccd,0,64,c2c,69,86,1,60000,248.4974,248.4974,248.4974
B,otro_ccd,0,64,c2c,69,87,1,60000,233.2498,233.2498,233.2498
B,otro_ccd,0,64,c2c,69,88,1,60000,325.1861,325.1861,325.1861
B,otro_ccd,0,64,c2c,69,89,1,60000,288.6175,288.6175,288.6175
B,otro_ccd,0,64,c2c,69,90,1,60000,366.5140,366.5140,366.5140
B,otro_ccd,0,64,c2c,69,91,1,60000,341.5875,341.5875,341.5875
B,otro_ccd,0,64,c2c,69,92,1,60000,213.6075,213.6075,213.6075
B,otro_ccd,0,64,c2c,69,93,1,60000,341.8505,341.8505,341.8505
B,otro_ccd,0,64,c2c,69,94,1,60000,295.8113,295.8113,295.8113
B,otro_ccd,0,64,c2c,69,95,1,60000,361.4913,361.4913,361.4913
B,otro_ccd,0,64,c2c,69,96,1,60000,251.1070,251.1070,251.1070
B,otro_ccd,0,64,c2c,69,97,1,60000,362.2663,362.2663,362.2663
B,otro_ccd,0,64,c2c,69,98,1,60000,283.3601,283.3601,283.3601
B,otro_ccd,0,64,c2c,69,99,1,60000,314.0351,314.0351,314.0351
B,otro_ccd,0,64,c2c,69,100,1,60000,242.8043,242.8043,242.8043
B,otro_ccd,0,64,c2c,69,101,1,60000,323.8764,323.8764,323.8764
B,otro_ccd,0,64,c2c,69,102,1,60000,341.8965,341.8965,341.8965
B,otro_ccd,0,64,c2c,69,103,1,60000,340.3698,340.3698,340.3698
B,otro_ccd,0,64,c2c,69,104,1,60000,304.3704,304.3704,304.3704
B,otro_ccd,0,64,c2c,69,105,1,60000,312.5342,312.5342,312.5342
B,otro_ccd,0,64,c2c,69,106,1,60000,266.3250,266.3250,266.3250
B,otro_ccd,0,64,c2c,69,107,1,60000,347.8417,347.8417,347.8417
B,otro_ccd,0,64,c2c,69,108,1,60000,250.1074,250.1074,250.1074
B,otro_ccd,0,64,c2c,69,109,1,60000,314.6767,314.6767,314.6767
B,otro_ccd,0,64,c2c,69,110,1,60000,359.6518,359.6518,359.6518
B,otro_ccd,0,64,c2c,69,111,1,60000,324.2175,324.2175,324.2175
B,otro_ccd,0,64,c2c,69,112,1,60000,338.4943,338.4943,338.4943
B,otro_ccd,0,64,c2c,69,113,1,60000,307.1681,307.1681,307.1681
B,otro_ccd,0,64,c2c,69,114,1,60000,333.4433,333.4433,333.4433
B,otro_ccd,0,64,c2c,69,115,1,60000,364.0008,364.0008,364.0008
B,otro_ccd,0,64,c2c,69,116,1,60000,241.0871,241.0871,241.0871
B,otro_ccd,0,64,c2c,69,117,1,60000,333.9315,333.9315,333.9315
B,otro_ccd,0,64,c2c,69,118,1,60000,361.5162,361.5162,361.5162
B,otro_ccd,0,64,c2c,69,119,1,60000,305.6670,305.6670,305.6670
B,otro_ccd,0,64,c2c,69,120,1,60000,347.1781,347.1781,347.1781
B,otro_ccd,0,64,c2c,69,121,1,60000,315.1117,315.1117,315.1117
B,otro_ccd,0,64,c2c,69,122,1,60000,351.1199,351.1199,351.1199
B,otro_ccd,0,64,c2c,69,123,1,60000,334.3559,334.3559,334.3559
B,otro_ccd,0,64,c2c,69,124,1,60000,278.9800,278.9800,278.9800
B,otro_ccd,0,64,c2c,69,125,1,60000,322.0936,322.0936,322.0936
B,otro_ccd,0,64,c2c,69,126,1,60000,296.0199,296.0199,296.0199
B,otro_ccd,0,64,c2c,69,127,1,60000,283.2276,283.2276,283.2276
B,mismo_ccd,0,64,c2c,70,71,1,60000,27.5754,27.5754,27.5754
B,otro_ccd,0,64,c2c,70,72,1,60000,264.0743,264.0743,264.0743
B,otro_ccd,0,64,c2c,70,73,1,60000,308.0365,308.0365,308.0365
B,otro_ccd,0,64,c2c,70,74,1,60000,294.1077,294.1077,294.1077
B,otro_ccd,0,64,c2c,70,75,1,60000,337.4881,337.4881,337.4881
B,otro_ccd,0,64,c2c,70,76,1,60000,289.7112,289.7112,289.7112
B,otro_ccd,0,64,c2c,70,77,1,60000,289.2628,289.2628,289.2628
B,otro_ccd,0,64,c2c,70,78,1,60000,246.5168,246.5168,246.5168
B,otro_ccd,0,64,c2c,70,79,1,60000,304.3806,304.3806,304.3806
B,otro_ccd,0,64,c2c,70,80,1,60000,258.1779,258.1779,258.1779
B,otro_ccd,0,64,c2c,70,81,1,60000,313.3611,313.3611,313.3611
B,otro_ccd,0,64,c2c,70,82,1,60000,284.2516,284.2516,284.2516
B,otro_ccd,0,64,c2c,70,83,1,60000,319.6080,319.6080,319.6080
B,otro_ccd,0,64,c2c,70,84,1,60000,298.2943,298.2943,298.2943
B,otro_ccd,0,64,c2c,70,85,1,60000,297.8058,297.8058,297.8058
B,otro_ccd,0,64,c2c,70,86,1,60000,259.9771,259.9771,259.9771
B,otro_ccd,0,64,c2c,70,87,1,60000,335.6173,335.6173,335.6173
B,otro_ccd,0,64,c2c,70,88,1,60000,340.8500,340.8500,340.8500
B,otro_ccd,0,64,c2c,70,89,1,60000,295.8752,295.8752,295.8752
B,otro_ccd,0,64,c2c,70,90,1,60000,275.8405,275.8405,275.8405
B,otro_ccd,0,64,c2c,70,91,1,60000,341.1121,341.1121,341.1121
B,otro_ccd,0,64,c2c,70,92,1,60000,289.0762,289.0762,289.0762
B,otro_ccd,0,64,c2c,70,93,1,60000,294.5251,294.5251,294.5251
B,otro_ccd,0,64,c2c,70,94,1,60000,176.7826,176.7826,176.7826
B,otro_ccd,0,64,c2c,70,95,1,60000,193.1097,193.1097,193.1097
B,otro_ccd,0,64,c2c,70,96,1,60000,190.9036,190.9036,190.9036
B,otro_ccd,0,64,c2c,70,97,1,60000,189.3761,189.3761,189.3761
B,otro_ccd,0,64,c2c,70,98,1,60000,189.2754,189.2754,189.2754
B,otro_ccd,0,64,c2c,70,99,1,60000,192.3057,192.3057,192.3057
B,otro_ccd,0,64,c2c,70,100,1,60000,188.3750,188.3750,188.3750
B,otro_ccd,0,64,c2c,70,101,1,60000,189.7318,189.7318,189.7318
B,otro_ccd,0,64,c2c,70,102,1,60000,375.4184,375.4184,375.4184
B,otro_ccd,0,64,c2c,70,103,1,60000,377.8176,377.8176,377.8176
B,otro_ccd,0,64,c2c,70,104,1,60000,370.1295,370.1295,370.1295
B,otro_ccd,0,64,c2c,70,105,1,60000,366.3938,366.3938,366.3938
B,otro_ccd,0,64,c2c,70,106,1,60000,359.6303,359.6303,359.6303
B,otro_ccd,0,64,c2c,70,107,1,60000,371.8158,371.8158,371.8158
B,otro_ccd,0,64,c2c,70,108,1,60000,368.8252,368.8252,368.8252
B,otro_ccd,0,64,c2c,70,109,1,60000,361.6839,361.6839,361.6839
B,otro_ccd,0,64,c2c,70,110,1,60000,308.6764,308.6764,308.6764
B,otro_ccd,0,64,c2c,70,111,1,60000,269.6206,269.6206,269.6206
B,otro_ccd,0,64,c2c,70,112,1,60000,303.4282,303.4282,303.4282
B,otro_ccd,0,64,c2c,70,113,1,60000,288.3014,288.3014,288.3014
B,otro_ccd,0,64,c2c,70,114,1,60000,336.8371,336.8371,336.8371
B,otro_ccd,0,64,c2c,70,115,1,60000,315.5866,315.5866,315.5866
B,otro_ccd,0,64,c2c,70,116,1,60000,345.4221,345.4221,345.4221
B,otro_ccd,0,64,c2c,70,117,1,60000,313.7023,313.7023,313.7023
B,otro_ccd,0,64,c2c,70,118,1,60000,343.1328,343.1328,343.1328
B,otro_ccd,0,64,c2c,70,119,1,60000,288.3839,288.3839,288.3839
B,otro_ccd,0,64,c2c,70,120,1,60000,309.9621,309.9621,309.9621
B,otro_ccd,0,64,c2c,70,121,1,60000,289.2697,289.2697,289.2697
B,otro_ccd,0,64,c2c,70,122,1,60000,309.4634,309.4634,309.4634
B,otro_ccd,0,64,c2c,70,123,1,60000,259.9579,259.9579,259.9579
B,otro_ccd,0,64,c2c,70,124,1,60000,310.6537,310.6537,310.6537
B,otro_ccd,0,64,c2c,70,125,1,60000,370.2962,370.2962,370.2962
B,otro_ccd,0,64,c2c,70,126,1,60000,340.4397,340.4397,340.4397
B,otro_ccd,0,64,c2c,70,127,1,60000,288.7636,288.7636,288.7636
B,otro_ccd,0,64,c2c,71,72,1,60000,252.3436,252.3436,252.3436
B,otro_ccd,0,64,c2c,71,73,1,60000,292.6585,292.6585,292.6585
B,otro_ccd,0,64,c2c,71,74,1,60000,256.2790,256.2790,256.2790
B,otro_ccd,0,64,c2c,71,75,1,60000,325.8312,325.8312,325.8312
B,otro_ccd,0,64,c2c,71,76,1,60000,315.4020,315.4020,315.4020
B,otro_ccd,0,64,c2c,71,77,1,60000,362.1184,362.1184,362.1184
B,otro_ccd,0,64,c2c,71,78,1,60000,283.7217,283.7217,283.7217
B,otro_ccd,0,64,c2c,71,79,1,60000,321.3020,321.3020,321.3020
B,otro_ccd,0,64,c2c,71,80,1,60000,259.6057,259.6057,259.6057
B,otro_ccd,0,64,c2c,71,81,1,60000,313.5936,313.5936,313.5936
B,otro_ccd,0,64,c2c,71,82,1,60000,269.1057,269.1057,269.1057
B,otro_ccd,0,64,c2c,71,83,1,60000,289.4076,289.4076,289.4076
B,otro_ccd,0,64,c2c,71,84,1,60000,327.3600,327.3600,327.3600
B,otro_ccd,0,64,c2c,71,85,1,60000,331.6460,331.6460,331.6460
B,otro_ccd,0,64,c2c,71,86,1,60000,336.8895,336.8895,336.8895
B,otro_ccd,0,64,c2c,71,87,1,60000,305.2952,305.2952,305.2952
B,otro_ccd,0,64,c2c,71,88,1,60000,374.8568,374.8568,374.8568
B,otro_ccd,0,64,c2c,71,89,1,60000,358.3850,358.3850,358.3850
B,otro_ccd,0,64,c2c,71,90,1,60000,367.6476,367.6476,367.6476
B,otro_ccd,0,64,c2c,71,91,1,60000,369.5802,369.5802,369.5802
B,otro_ccd,0,64,c2c,71,92,1,60000,357.1876,357.1876,357.1876
B,otro_ccd,0,64,c2c,71,93,1,60000,372.1610,372.1610,372.1610
B,otro_ccd,0,64,c2c,71,94,1,60000,292.0998,292.0998,292.0998
B,otro_ccd,0,64,c2c,71,95,1,60000,321.5768,321.5768,321.5768
B,otro_ccd,0,64,c2c,71,96,1,60000,274.4827,274.4827,274.4827
B,otro_ccd,0,64,c2c,71,97,1,60000,309.4311,309.4311,309.4311
B,otro_ccd,0,64,c2c,71,98,1,60000,293.9319,293.9319,293.9319
B,otro_ccd,0,64,c2c,71,99,1,60000,294.4551,294.4551,294.4551
B,otro_ccd,0,64,c2c,71,100,1,60000,339.6936,339.6936,339.6936
B,otro_ccd,0,64,c2c,71,101,1,60000,366.8832,366.8832,366.8832
B,otro_ccd,0,64,c2c,71,102,1,60000,315.2308,315.2308,315.2308
B,otro_ccd,0,64,c2c,71,103,1,60000,318.7184,318.7184,318.7184
B,otro_ccd,0,64,c2c,71,104,1,60000,273.4767,273.4767,273.4767
B,otro_ccd,0,64,c2c,71,105,1,60000,307.7252,307.7252,307.7252
B,otro_ccd,0,64,c2c,71,106,1,60000,253.1859,253.1859,253.1859
B,otro_ccd,0,64,c2c,71,107,1,60000,297.2880,297.2880,297.2880
B,otro_ccd,0,64,c2c,71,108,1,60000,323.6955,323.6955,323.6955
B,otro_ccd,0,64,c2c,71,109,1,60000,329.5112,329.5112,329.5112
B,otro_ccd,0,64,c2c,71,110,1,60000,328.2521,328.2521,328.2521
B,otro_ccd,0,64,c2c,71,111,1,60000,319.2553,319.2553,319.2553
B,otro_ccd,0,64,c2c,71,112,1,60000,315.2569,315.2569,315.2569
B,otro_ccd,0,64,c2c,71,113,1,60000,315.2468,315.2468,315.2468
B,otro_ccd,0,64,c2c,71,114,1,60000,259.1923,259.1923,259.1923
B,otro_ccd,0,64,c2c,71,115,1,60000,347.8934,347.8934,347.8934
B,otro_ccd,0,64,c2c,71,116,1,60000,299.1677,299.1677,299.1677
B,otro_ccd,0,64,c2c,71,117,1,60000,364.9931,364.9931,364.9931
B,otro_ccd,0,64,c2c,71,118,1,60000,296.3362,296.3362,296.3362
B,otro_ccd,0,64,c2c,71,119,1,60000,320.5431,320.5431,320.5431
B,otro_ccd,0,64,c2c,71,120,1,60000,356.0563,356.0563,356.0563
B,otro_ccd,0,64,c2c,71,121,1,60000,323.1457,323.1457,323.1457
B,otro_ccd,0,64,c2c,71,122,1,60000,323.7485,323.7485,323.7485
B,otro_ccd,0,64,c2c,71,123,1,60000,366.2124,366.2124,366.2124
B,otro_ccd,0,64,c2c,71,124,1,60000,306.1121,306.1121,306.1121
B,otro_ccd,0,64,c2c,71,125,1,60000,361.4740,361.4740,361.4740
B,otro_ccd,0,64,c2c,71,126,1,60000,287.6700,287.6700,287.6700
B,otro_ccd,0,64,c2c,71,127,1,60000,317.3713,317.3713,317.3713
B,mismo_ccd,0,64,c2c,72,73,1,60000,28.1914,28.1914,28.1914
B,mismo_ccd,0,64,c2c,72,74,1,60000,27.2769,27.2769,27.2769
B,mismo_ccd,0,64,c2c,72,75,1,60000,27.8407,27.8407,27.8407
B,mismo_ccd,0,64,c2c,72,76,1,60000,27.5714,27.5714,27.5714
B,mismo_ccd,0,64,c2c,72,77,1,60000,27.4763,27.4763,27.4763
B,mismo_ccd,0,64,c2c,72,78,1,60000,28.0349,28.0349,28.0349
B,mismo_ccd,0,64,c2c,72,79,1,60000,27.3109,27.3109,27.3109
B,otro_ccd,0,64,c2c,72,80,1,60000,253.5686,253.5686,253.5686
B,otro_ccd,0,64,c2c,72,81,1,60000,282.2352,282.2352,282.2352
B,otro_ccd,0,64,c2c,72,82,1,60000,208.5487,208.5487,208.5487
B,otro_ccd,0,64,c2c,72,83,1,60000,225.5895,225.5895,225.5895
B,otro_ccd,0,64,c2c,72,84,1,60000,271.2800,271.2800,271.2800
B,otro_ccd,0,64,c2c,72,85,1,60000,253.6257,253.6257,253.6257
B,otro_ccd,0,64,c2c,72,86,1,60000,277.9725,277.9725,277.9725
B,otro_ccd,0,64,c2c,72,87,1,60000,289.5384,289.5384,289.5384
B,otro_ccd,0,64,c2c,72,88,1,60000,235.3459,235.3459,235.3459
B,otro_ccd,0,64,c2c,72,89,1,60000,274.4449,274.4449,274.4449
B,otro_ccd,0,64,c2c,72,90,1,60000,271.0105,271.0105,271.0105
B,otro_ccd,0,64,c2c,72,91,1,60000,246.0272,246.0272,246.0272
B,otro_ccd,0,64,c2c,72,92,1,60000,250.8923,250.8923,250.8923
B,otro_ccd,0,64,c2c,72,93,1,60000,225.1342,225.1342,225.1342
B,otro_ccd,0,64,c2c,72,94,1,60000,262.5123,262.5123,262.5123
B,otro_ccd,0,64,c2c,72,95,1,60000,358.1194,358.1194,358.1194
B,otro_ccd,0,64,c2c,72,96,1,60000,289.8805,289.8805,289.8805
B,otro_ccd,0,64,c2c,72,97,1,60000,260.9771,260.9771,260.9771
B,otro_ccd,0,64,c2c,72,98,1,60000,316.6817,316.6817,316.6817
B,otro_ccd,0,64,c2c,72,99,1,60000,268.8331,268.8331,268.8331
B,otro_ccd,0,64,c2c,72,100,1,60000,260.4790,260.4790,260.4790
B,otro_ccd,0,64,c2c,72,101,1,60000,312.1752,312.1752,312.1752
B,otro_ccd,0,64,c2c,72,102,1,60000,259.3941,259.3941,259.3941
B,otro_ccd,0,64,c2c,72,103,1,60000,314.5915,314.5915,314.5915
B,otro_ccd,0,64,c2c,72,104,1,60000,250.1530,250.1530,250.1530
B,otro_ccd,0,64,c2c,72,105,1,60000,273.2631,273.2631,273.2631
B,otro_ccd,0,64,c2c,72,106,1,60000,283.4529,283.4529,283.4529
B,otro_ccd,0,64,c2c,72,107,1,60000,246.6781,246.6781,246.6781
B,otro_ccd,0,64,c2c,72,108,1,60000,257.1862,257.1862,257.1862
B,otro_ccd,0,64,c2c,72,109,1,60000,290.2642,290.2642,290.2642
B,otro_ccd,0,64,c2c,72,110,1,60000,212.4940,212.4940,212.4940
B,otro_ccd,0,64,c2c,72,111,1,60000,301.5161,301.5161,301.5161
B,otro_ccd,0,64,c2c,72,112,1,60000,255.8191,255.8191,255.8191
B,otro_ccd,0,64,c2c,72,113,1,60000,249.0400,249.0400,249.0400
B,otro_ccd,0,64,c2c,72,114,1,60000,261.6044,261.6044,261.6044
B,otro_ccd,0,64,c2c,72,115,1,60000,253.2786,253.2786,253.2786
B,otro_ccd,0,64,c2c,72,116,1,60000,252.4326,252.4326,252.4326
B,otro_ccd,0,64,c2c,72,117,1,60000,293.9173,293.9173,293.9173
B,otro_ccd,0,64,c2c,72,118,1,60000,261.3775,261.3775,261.3775
B,otro_ccd,0,64,c2c,72,119,1,60000,311.9661,311.9661,311.9661
B,otro_ccd,0,64,c2c,72,120,1,60000,275.9922,275.9922,275.9922
B,otro_ccd,0,64,c2c,72,121,1,60000,256.5525,256.5525,256.5525
B,otro_ccd,0,64,c2c,72,122,1,60000,295.5338,295.5338,295.5338
B,otro_ccd,0,64,c2c,72,123,1,60000,234.4452,234.4452,234.4452
B,otro_ccd,0,64,c2c,72,124,1,60000,287.5564,287.5564,287.5564
B,otro_ccd,0,64,c2c,72,125,1,60000,274.6860,274.6860,274.6860
B,otro_ccd,0,64,c2c,72,126,1,60000,274.4973,274.4973,274.4973
B,otro_ccd,0,64,c2c,72,127,1,60000,306.4319,306.4319,306.4319
B,mismo_ccd,0,64,c2c,73,74,1,60000,27.3463,27.3463,27.3463
B,mismo_ccd,0,64,c2c,73,75,1,60000,28.7047,28.7047,28.7047
B,mismo_ccd,0,64,c2c,73,76,1,60000,27.1784,27.1784,27.1784
B,mismo_ccd,0,64,c2c,73,77,1,60000,27.5235,27.5235,27.5235
B,mismo_ccd,0,64,c2c,73,78,1,60000,27.4398,27.4398,27.4398
B,mismo_ccd,0,64,c2c,73,79,1,60000,27.3677,27.3677,27.3677
B,otro_ccd,0,64,c2c,73,80,1,60000,254.3208,254.3208,254.3208
B,otro_ccd,0,64,c2c,73,81,1,60000,295.7244,295.7244,295.7244
B,otro_ccd,0,64,c2c,73,82,1,60000,320.4442,320.4442,320.4442
B,otro_ccd,0,64,c2c,73,83,1,60000,272.7673,272.7673,272.7673
B,otro_ccd,0,64,c2c,73,84,1,60000,309.3936,309.3936,309.3936
B,otro_ccd,0,64,c2c,73,85,1,60000,225.1155,225.1155,225.1155
B,otro_ccd,0,64,c2c,73,86,1,60000,249.4748,249.4748,249.4748
B,otro_ccd,0,64,c2c,73,87,1,60000,315.3323,315.3323,315.3323
B,otro_ccd,0,64,c2c,73,88,1,60000,232.6361,232.6361,232.6361
B,otro_ccd,0,64,c2c,73,89,1,60000,360.3458,360.3458,360.3458
B,otro_ccd,0,64,c2c,73,90,1,60000,255.2200,255.2200,255.2200
B,otro_ccd,0,64,c2c,73,91,1,60000,212.9394,212.9394,212.9394
B,otro_ccd,0,64,c2c,73,92,1,60000,292.4405,292.4405,292.4405
B,otro_ccd,0,64,c2c,73,93,1,60000,259.7788,259.7788,259.7788
B,otro_ccd,0,64,c2c,73,94,1,60000,276.9246,276.9246,276.9246
B,otro_ccd,0,64,c2c,73,95,1,60000,230.5716,230.5716,230.5716
B,otro_ccd,0,64,c2c,73,96,1,60000,257.0295,257.0295,257.0295
B,otro_ccd,0,64,c2c,73,97,1,60000,244.3847,244.3847,244.3847
B,otro_ccd,0,64,c2c,73,98,1,60000,246.7511,246.7511,246.7511
B,otro_ccd,0,64,c2c,73,99,1,60000,254.5380,254.5380,254.5380
B,otro_ccd,0,64,c2c,73,100,1,60000,294.3552,294.3552,294.3552
B,otro_ccd,0,64,c2c,73,101,1,60000,241.6164,241.6164,241.6164
B,otro_ccd,0,64,c2c,73,102,1,60000,277.5426,277.5426,277.5426
B,otro_ccd,0,64,c2c,73,103,1,60000,278.2176,278.2176,278.2176
B,otro_ccd,0,64,c2c,73,104,1,60000,207.4197,207.4197,207.4197
B,otro_ccd,0,64,c2c,73,105,1,60000,245.9367,245.9367,245.9367
B,otro_ccd,0,64,c2c,73,106,1,60000,277.8587,277.8587,277.8587
B,otro_ccd,0,64,c2c,73,107,1,60000,265.2684,265.2684,265.2684
B,otro_ccd,0,64,c2c,73,108,1,60000,309.3904,309.3904,309.3904
B,otro_ccd,0,64,c2c,73,109,1,60000,236.5515,236.5515,236.5515
B,otro_ccd,0,64,c2c,73,110,1,60000,230.2240,230.2240,230.2240
B,otro_ccd,0,64,c2c,73,111,1,60000,262.4822,262.4822,262.4822
B,otro_ccd,0,64,c2c,73,112,1,60000,281.7856,281.7856,281.7856
B,otro_ccd,0,64,c2c,73,113,1,60000,265.2028,265.2028,265.2028
B,otro_ccd,0,64,c2c,73,114,1,60000,318.8667,318.8667,318.8667
B,otro_ccd,0,64,c2c,73,115,1,60000,258.3264,258.3264,258.3264
B,otro_ccd,0,64,c2c,73,116,1,60000,365.3581,365.3581,365.3581
B,otro_ccd,0,64,c2c,73,117,1,60000,263.9299,263.9299,263.9299
B,otro_ccd,0,64,c2c,73,118,1,60000,272.2869,272.2869,272.2869
B,otro_ccd,0,64,c2c,73,119,1,60000,328.7846,328.7846,328.7846
B,otro_ccd,0,64,c2c,73,120,1,60000,254.1193,254.1193,254.1193
B,otro_ccd,0,64,c2c,73,121,1,60000,352.2148,352.2148,352.2148
B,otro_ccd,0,64,c2c,73,122,1,60000,344.7526,344.7526,344.7526
B,otro_ccd,0,64,c2c,73,123,1,60000,259.0478,259.0478,259.0478
B,otro_ccd,0,64,c2c,73,124,1,60000,297.8826,297.8826,297.8826
B,otro_ccd,0,64,c2c,73,125,1,60000,257.1315,257.1315,257.1315
B,otro_ccd,0,64,c2c,73,126,1,60000,223.3925,223.3925,223.3925
B,otro_ccd,0,64,c2c,73,127,1,60000,251.3540,251.3540,251.3540
B,mismo_ccd,0,64,c2c,74,75,1,60000,27.5493,27.5493,27.5493
B,mismo_ccd,0,64,c2c,74,76,1,60000,27.1909,27.1909,27.1909
B,mismo_ccd,0,64,c2c,74,77,1,60000,27.2863,27.2863,27.2863
B,mismo_ccd,0,64,c2c,74,78,1,60000,27.2230,27.2230,27.2230
B,mismo_ccd,0,64,c2c,74,79,1,60000,27.3511,27.3511,27.3511
B,otro_ccd,0,64,c2c,74,80,1,60000,247.2969,247.2969,247.2969
B,otro_ccd,0,64,c2c,74,81,1,60000,261.8832,261.8832,261.8832
B,otro_ccd,0,64,c2c,74,82,1,60000,305.6430,305.6430,305.6430
B,otro_ccd,0,64,c2c,74,83,1,60000,233.9391,233.9391,233.9391
B,otro_ccd,0,64,c2c,74,84,1,60000,335.1751,335.1751,335.1751
B,otro_ccd,0,64,c2c,74,85,1,60000,275.7586,275.7586,275.7586
B,otro_ccd,0,64,c2c,74,86,1,60000,229.6932,229.6932,229.6932
B,otro_ccd,0,64,c2c,74,87,1,60000,312.0534,312.0534,312.0534
B,otro_ccd,0,64,c2c,74,88,1,60000,229.8749,229.8749,229.8749
B,otro_ccd,0,64,c2c,74,89,1,60000,272.8085,272.8085,272.8085
B,otro_ccd,0,64,c2c,74,90,1,60000,318.9910,318.9910,318.9910
B,otro_ccd,0,64,c2c,74,91,1,60000,230.9849,230.9849,230.9849
B,otro_ccd,0,64,c2c,74,92,1,60000,322.1076,322.1076,322.1076
B,otro_ccd,0,64,c2c,74,93,1,60000,324.6383,324.6383,324.6383
B,otro_ccd,0,64,c2c,74,94,1,60000,239.2889,239.2889,239.2889
B,otro_ccd,0,64,c2c,74,95,1,60000,310.1023,310.1023,310.1023
B,otro_ccd,0,64,c2c,74,96,1,60000,250.4652,250.4652,250.4652
B,otro_ccd,0,64,c2c,74,97,1,60000,265.8345,265.8345,265.8345
B,otro_ccd,0,64,c2c,74,98,1,60000,345.6680,345.6680,345.6680
B,otro_ccd,0,64,c2c,74,99,1,60000,255.6460,255.6460,255.6460
B,otro_ccd,0,64,c2c,74,100,1,60000,369.7024,369.7024,369.7024
B,otro_ccd,0,64,c2c,74,101,1,60000,320.4695,320.4695,320.4695
B,otro_ccd,0,64,c2c,74,102,1,60000,330.9309,330.9309,330.9309
B,otro_ccd,0,64,c2c,74,103,1,60000,243.7116,243.7116,243.7116
B,otro_ccd,0,64,c2c,74,104,1,60000,265.5652,265.5652,265.5652
B,otro_ccd,0,64,c2c,74,105,1,60000,260.3427,260.3427,260.3427
B,otro_ccd,0,64,c2c,74,106,1,60000,341.2171,341.2171,341.2171
B,otro_ccd,0,64,c2c,74,107,1,60000,243.2218,243.2218,243.2218
B,otro_ccd,0,64,c2c,74,108,1,60000,330.4383,330.4383,330.4383
B,otro_ccd,0,64,c2c,74,109,1,60000,353.4816,353.4816,353.4816
B,otro_ccd,0,64,c2c,74,110,1,60000,332.3388,332.3388,332.3388
B,otro_ccd,0,64,c2c,74,111,1,60000,358.9136,358.9136,358.9136
B,otro_ccd,0,64,c2c,74,112,1,60000,233.3381,233.3381,233.3381
B,otro_ccd,0,64,c2c,74,113,1,60000,267.0468,267.0468,267.0468
B,otro_ccd,0,64,c2c,74,114,1,60000,352.1842,352.1842,352.1842
B,otro_ccd,0,64,c2c,74,115,1,60000,257.1055,257.1055,257.1055
B,otro_ccd,0,64,c2c,74,116,1,60000,348.0744,348.0744,348.0744
B,otro_ccd,0,64,c2c,74,117,1,60000,294.5807,294.5807,294.5807
B,otro_ccd,0,64,c2c,74,118,1,60000,260.2512,260.2512,260.2512
B,otro_ccd,0,64,c2c,74,119,1,60000,320.5174,320.5174,320.5174
B,otro_ccd,0,64,c2c,74,120,1,60000,258.6439,258.6439,258.6439
B,otro_ccd,0,64,c2c,74,121,1,60000,272.2161,272.2161,272.2161
B,otro_ccd,0,64,c2c,74,122,1,60000,312.2430,312.2430,312.2430
B,otro_ccd,0,64,c2c,74,123,1,60000,232.3314,232.3314,232.3314
B,otro_ccd,0,64,c2c,74,124,1,60000,317.1071,317.1071,317.1071
B,otro_ccd,0,64,c2c,74,125,1,60000,309.5569,309.5569,309.5569
B,otro_ccd,0,64,c2c,74,126,1,60000,286.4764,286.4764,286.4764
B,otro_ccd,0,64,c2c,74,127,1,60000,311.5921,311.5921,311.5921
B,mismo_ccd,0,64,c2c,75,76,1,60000,27.4507,27.4507,27.4507
B,mismo_ccd,0,64,c2c,75,77,1,60000,27.3097,27.3097,27.3097
B,mismo_ccd,0,64,c2c,75,78,1,60000,27.6112,27.6112,27.6112
B,mismo_ccd,0,64,c2c,75,79,1,60000,27.2374,27.2374,27.2374
B,otro_ccd,0,64,c2c,75,80,1,60000,278.3744,278.3744,278.3744
B,otro_ccd,0,64,c2c,75,81,1,60000,305.0205,305.0205,305.0205
B,otro_ccd,0,64,c2c,75,82,1,60000,264.4848,264.4848,264.4848
B,otro_ccd,0,64,c2c,75,83,1,60000,307.2892,307.2892,307.2892
B,otro_ccd,0,64,c2c,75,84,1,60000,277.7090,277.7090,277.7090
B,otro_ccd,0,64,c2c,75,85,1,60000,252.2005,252.2005,252.2005
B,otro_ccd,0,64,c2c,75,86,1,60000,264.7806,264.7806,264.7806
B,otro_ccd,0,64,c2c,75,87,1,60000,258.9400,258.9400,258.9400
B,otro_ccd,0,64,c2c,75,88,1,60000,271.1638,271.1638,271.1638
B,otro_ccd,0,64,c2c,75,89,1,60000,302.5990,302.5990,302.5990
B,otro_ccd,0,64,c2c,75,90,1,60000,260.3162,260.3162,260.3162
B,otro_ccd,0,64,c2c,75,91,1,60000,284.4995,284.4995,284.4995
B,otro_ccd,0,64,c2c,75,92,1,60000,292.5770,292.5770,292.5770
B,otro_ccd,0,64,c2c,75,93,1,60000,274.2025,274.2025,274.2025
B,otro_ccd,0,64,c2c,75,94,1,60000,285.9878,285.9878,285.9878
B,otro_ccd,0,64,c2c,75,95,1,60000,284.5242,284.5242,284.5242
B,otro_ccd,0,64,c2c,75,96,1,60000,311.9891,311.9891,311.9891
B,otro_ccd,0,64,c2c,75,97,1,60000,289.7541,289.7541,289.7541
B,otro_ccd,0,64,c2c,75,98,1,60000,224.2265,224.2265,224.2265
B,otro_ccd,0,64,c2c,75,99,1,60000,338.4408,338.4408,338.4408
B,otro_ccd,0,64,c2c,75,100,1,60000,278.7386,278.7386,278.7386
B,otro_ccd,0,64,c2c,75,101,1,60000,270.0022,270.0022,270.0022
B,otro_ccd,0,64,c2c,75,102,1,60000,292.8440,292.8440,292.8440
B,otro_ccd,0,64,c2c,75,103,1,60000,309.5708,309.5708,309.5708
B,otro_ccd,0,64,c2c,75,104,1,60000,272.8536,272.8536,272.8536
B,otro_ccd,0,64,c2c,75,105,1,60000,311.4948,311.4948,311.4948
B,otro_ccd,0,64,c2c,75,106,1,60000,240.3226,240.3226,240.3226
B,otro_ccd,0,64,c2c,75,107,1,60000,307.3049,307.3049,307.3049
B,otro_ccd,0,64,c2c,75,108,1,60000,274.8509,274.8509,274.8509
B,otro_ccd,0,64,c2c,75,109,1,60000,237.1450,237.1450,237.1450
B,otro_ccd,0,64,c2c,75,110,1,60000,288.6564,288.6564,288.6564
B,otro_ccd,0,64,c2c,75,111,1,60000,284.7712,284.7712,284.7712
B,otro_ccd,0,64,c2c,75,112,1,60000,309.4351,309.4351,309.4351
B,otro_ccd,0,64,c2c,75,113,1,60000,248.5526,248.5526,248.5526
B,otro_ccd,0,64,c2c,75,114,1,60000,259.7395,259.7395,259.7395
B,otro_ccd,0,64,c2c,75,115,1,60000,330.1281,330.1281,330.1281
B,otro_ccd,0,64,c2c,75,116,1,60000,264.6301,264.6301,264.6301
B,otro_ccd,0,64,c2c,75,117,1,60000,246.8397,246.8397,246.8397
B,otro_ccd,0,64,c2c,75,118,1,60000,302.0805,302.0805,302.0805
B,otro_ccd,0,64,c2c,75,119,1,60000,321.7014,321.7014,321.7014
B,otro_ccd,0,64,c2c,75,120,1,60000,271.5521,271.5521,271.5521
B,otro_ccd,0,64,c2c,75,121,1,60000,347.4609,347.4609,347.4609
B,otro_ccd,0,64,c2c,75,122,1,60000,239.4380,239.4380,239.4380
B,otro_ccd,0,64,c2c,75,123,1,60000,354.9602,354.9602,354.9602
B,otro_ccd,0,64,c2c,75,124,1,60000,287.6727,287.6727,287.6727
B,otro_ccd,0,64,c2c,75,125,1,60000,266.0828,266.0828,266.0828
B,otro_ccd,0,64,c2c,75,126,1,60000,358.2075,358.2075,358.2075
B,otro_ccd,0,64,c2c,75,127,1,60000,331.0697,331.0697,331.0697
B,mismo_ccd,0,64,c2c,76,77,1,60000,27.4739,27.4739,27.4739
B,mismo_ccd,0,64,c2c,76,78,1,60000,27.4182,27.4182,27.4182
B,mismo_ccd,0,64,c2c,76,79,1,60000,27.0971,27.0971,27.0971
B,otro_ccd,0,64,c2c,76,80,1,60000,355.4369,355.4369,355.4369
B,otro_ccd,0,64,c2c,76,81,1,60000,302.5868,302.5868,302.5868
B,otro_ccd,0,64,c2c,76,82,1,60000,270.8244,270.8244,270.8244
B,otro_ccd,0,64,c2c,76,83,1,60000,315.0492,315.0492,315.0492
B,otro_ccd,0,64,c2c,76,84,1,60000,251.1110,251.1110,251.1110
B,otro_ccd,0,64,c2c,76,85,1,60000,347.6669,347.6669,347.6669
B,otro_ccd,0,64,c2c,76,86,1,60000,355.7174,355.7174,355.7174
B,otro_ccd,0,64,c2c,76,87,1,60000,275.4610,275.4610,275.4610
B,otro_ccd,0,64,c2c,76,88,1,60000,361.4087,361.4087,361.4087
B,otro_ccd,0,64,c2c,76,89,1,60000,312.2478,312.2478,312.2478
B,otro_ccd,0,64,c2c,76,90,1,60000,272.8943,272.8943,272.8943
B,otro_ccd,0,64,c2c,76,91,1,60000,314.4574,314.4574,314.4574
B,otro_ccd,0,64,c2c,76,92,1,60000,254.1316,254.1316,254.1316
B,otro_ccd,0,64,c2c,76,93,1,60000,346.7937,346.7937,346.7937
B,otro_ccd,0,64,c2c,76,94,1,60000,270.9619,270.9619,270.9619
B,otro_ccd,0,64,c2c,76,95,1,60000,269.6224,269.6224,269.6224
B,otro_ccd,0,64,c2c,76,96,1,60000,269.3930,269.3930,269.3930
B,otro_ccd,0,64,c2c,76,97,1,60000,312.6112,312.6112,312.6112
B,otro_ccd,0,64,c2c,76,98,1,60000,237.9989,237.9989,237.9989
B,otro_ccd,0,64,c2c,76,99,1,60000,301.2022,301.2022,301.2022
B,otro_ccd,0,64,c2c,76,100,1,60000,276.6177,276.6177,276.6177
B,otro_ccd,0,64,c2c,76,101,1,60000,319.4127,319.4127,319.4127
B,otro_ccd,0,64,c2c,76,102,1,60000,292.0358,292.0358,292.0358
B,otro_ccd,0,64,c2c,76,103,1,60000,275.1125,275.1125,275.1125
B,otro_ccd,0,64,c2c,76,104,1,60000,293.5117,293.5117,293.5117
B,otro_ccd,0,64,c2c,76,105,1,60000,309.0769,309.0769,309.0769
B,otro_ccd,0,64,c2c,76,106,1,60000,277.1358,277.1358,277.1358
B,otro_ccd,0,64,c2c,76,107,1,60000,314.9592,314.9592,314.9592
B,otro_ccd,0,64,c2c,76,108,1,60000,278.7858,278.7858,278.7858
B,otro_ccd,0,64,c2c,76,109,1,60000,336.3435,336.3435,336.3435
B,otro_ccd,0,64,c2c,76,110,1,60000,296.2965,296.2965,296.2965
B,otro_ccd,0,64,c2c,76,111,1,60000,270.1680,270.1680,270.1680
B,otro_ccd,0,64,c2c,76,112,1,60000,327.0124,327.0124,327.0124
B,otro_ccd,0,64,c2c,76,113,1,60000,322.0065,322.0065,322.0065
B,otro_ccd,0,64,c2c,76,114,1,60000,258.7508,258.7508,258.7508
B,otro_ccd,0,64,c2c,76,115,1,60000,316.5141,316.5141,316.5141
B,otro_ccd,0,64,c2c,76,116,1,60000,238.5941,238.5941,238.5941
B,otro_ccd,0,64,c2c,76,117,1,60000,320.0303,320.0303,320.0303
B,otro_ccd,0,64,c2c,76,118,1,60000,291.2182,291.2182,291.2182
B,otro_ccd,0,64,c2c,76,119,1,60000,282.1914,282.1914,282.1914
B,otro_ccd,0,64,c2c,76,120,1,60000,300.1796,300.1796,300.1796
B,otro_ccd,0,64,c2c,76,121,1,60000,361.5405,361.5405,361.5405
B,otro_ccd,0,64,c2c,76,122,1,60000,285.5525,285.5525,285.5525
B,otro_ccd,0,64,c2c,76,123,1,60000,317.0279,317.0279,317.0279
B,otro_ccd,0,64,c2c,76,124,1,60000,249.6517,249.6517,249.6517
B,otro_ccd,0,64,c2c,76,125,1,60000,318.7252,318.7252,318.7252
B,otro_ccd,0,64,c2c,76,126,1,60000,277.2675,277.2675,277.2675
B,otro_ccd,0,64,c2c,76,127,1,60000,343.3111,343.3111,343.3111
B,mismo_ccd,0,64,c2c,77,78,1,60000,27.5555,27.5555,27.5555
B,mismo_ccd,0,64,c2c,77,79,1,60000,27.2466,27.2466,27.2466
B,otro_ccd,0,64,c2c,77,80,1,60000,292.1205,292.1205,292.1205
B,otro_ccd,0,64,c2c,77,81,1,60000,222.9679,222.9679,222.9679
B,otro_ccd,0,64,c2c,77,82,1,60000,338.1221,338.1221,338.1221
B,otro_ccd,0,64,c2c,77,83,1,60000,244.7060,244.7060,244.7060
B,otro_ccd,0,64,c2c,77,84,1,60000,337.1791,337.1791,337.1791
B,otro_ccd,0,64,c2c,77,85,1,60000,271.7534,271.7534,271.7534
B,otro_ccd,0,64,c2c,77,86,1,60000,340.1567,340.1567,340.1567
B,otro_ccd,0,64,c2c,77,87,1,60000,235.4411,235.4411,235.4411
B,otro_ccd,0,64,c2c,77,88,1,60000,226.5737,226.5737,226.5737
B,otro_ccd,0,64,c2c,77,89,1,60000,277.7681,277.7681,277.7681
B,otro_ccd,0,64,c2c,77,90,1,60000,292.4397,292.4397,292.4397
B,otro_ccd,0,64,c2c,77,91,1,60000,317.2735,317.2735,317.2735
B,otro_ccd,0,64,c2c,77,92,1,60000,334.9404,334.9404,334.9404
B,otro_ccd,0,64,c2c,77,93,1,60000,282.0827,282.0827,282.0827
B,otro_ccd,0,64,c2c,77,94,1,60000,351.4292,351.4292,351.4292
B,otro_ccd,0,64,c2c,77,95,1,60000,270.7284,270.7284,270.7284
B,otro_ccd,0,64,c2c,77,96,1,60000,348.7162,348.7162,348.7162
B,otro_ccd,0,64,c2c,77,97,1,60000,261.3482,261.3482,261.3482
B,otro_ccd,0,64,c2c,77,98,1,60000,367.3449,367.3449,367.3449
B,otro_ccd,0,64,c2c,77,99,1,60000,357.2421,357.2421,357.2421
B,otro_ccd,0,64,c2c,77,100,1,60000,351.0053,351.0053,351.0053
B,otro_ccd,0,64,c2c,77,101,1,60000,245.9408,245.9408,245.9408
B,otro_ccd,0,64,c2c,77,102,1,60000,369.0867,369.0867,369.0867
B,otro_ccd,0,64,c2c,77,103,1,60000,271.9874,271.9874,271.9874
B,otro_ccd,0,64,c2c,77,104,1,60000,294.4438,294.4438,294.4438
B,otro_ccd,0,64,c2c,77,105,1,60000,258.8068,258.8068,258.8068
B,otro_ccd,0,64,c2c,77,106,1,60000,336.1618,336.1618,336.1618
B,otro_ccd,0,64,c2c,77,107,1,60000,359.7414,359.7414,359.7414
B,otro_ccd,0,64,c2c,77,108,1,60000,334.2347,334.2347,334.2347
B,otro_ccd,0,64,c2c,77,109,1,60000,246.8415,246.8415,246.8415
B,otro_ccd,0,64,c2c,77,110,1,60000,310.8515,310.8515,310.8515
B,otro_ccd,0,64,c2c,77,111,1,60000,261.2756,261.2756,261.2756
B,otro_ccd,0,64,c2c,77,112,1,60000,237.7531,237.7531,237.7531
B,otro_ccd,0,64,c2c,77,113,1,60000,269.7839,269.7839,269.7839
B,otro_ccd,0,64,c2c,77,114,1,60000,293.3433,293.3433,293.3433
B,otro_ccd,0,64,c2c,77,115,1,60000,293.2089,293.2089,293.2089
B,otro_ccd,0,64,c2c,77,116,1,60000,333.6425,333.6425,333.6425
B,otro_ccd,0,64,c2c,77,117,1,60000,257.0193,257.0193,257.0193
B,otro_ccd,0,64,c2c,77,118,1,60000,327.7639,327.7639,327.7639
B,otro_ccd,0,64,c2c,77,119,1,60000,311.4944,311.4944,311.4944
B,otro_ccd,0,64,c2c,77,120,1,60000,262.8095,262.8095,262.8095
B,otro_ccd,0,64,c2c,77,121,1,60000,263.9104,263.9104,263.9104
B,otro_ccd,0,64,c2c,77,122,1,60000,327.3882,327.3882,327.3882
B,otro_ccd,0,64,c2c,77,123,1,60000,328.9495,328.9495,328.9495
B,otro_ccd,0,64,c2c,77,124,1,60000,311.2508,311.2508,311.2508
B,otro_ccd,0,64,c2c,77,125,1,60000,258.8300,258.8300,258.8300
B,otro_ccd,0,64,c2c,77,126,1,60000,334.9190,334.9190,334.9190
B,otro_ccd,0,64,c2c,77,127,1,60000,276.6643,276.6643,276.6643
B,mismo_ccd,0,64,c2c,78,79,1,60000,26.9654,26.9654,26.9654
B,otro_ccd,0,64,c2c,78,80,1,60000,296.5316,296.5316,296.5316
B,otro_ccd,0,64,c2c,78,81,1,60000,264.7454,264.7454,264.7454
B,otro_ccd,0,64,c2c,78,82,1,60000,321.4579,321.4579,321.4579
B,otro_ccd,0,64,c2c,78,83,1,60000,309.0187,309.0187,309.0187
B,otro_ccd,0,64,c2c,78,84,1,60000,330.5181,330.5181,330.5181
B,otro_ccd,0,64,c2c,78,85,1,60000,300.7055,300.7055,300.7055
B,otro_ccd,0,64,c2c,78,86,1,60000,319.8852,319.8852,319.8852
B,otro_ccd,0,64,c2c,78,87,1,60000,294.8383,294.8383,294.8383
B,otro_ccd,0,64,c2c,78,88,1,60000,294.4282,294.4282,294.4282
B,otro_ccd,0,64,c2c,78,89,1,60000,280.2587,280.2587,280.2587
B,otro_ccd,0,64,c2c,78,90,1,60000,344.2603,344.2603,344.2603
B,otro_ccd,0,64,c2c,78,91,1,60000,341.9740,341.9740,341.9740
B,otro_ccd,0,64,c2c,78,92,1,60000,309.0535,309.0535,309.0535
B,otro_ccd,0,64,c2c,78,93,1,60000,276.5382,276.5382,276.5382
B,otro_ccd,0,64,c2c,78,94,1,60000,319.7990,319.7990,319.7990
B,otro_ccd,0,64,c2c,78,95,1,60000,293.1689,293.1689,293.1689
B,otro_ccd,0,64,c2c,78,96,1,60000,300.5585,300.5585,300.5585
B,otro_ccd,0,64,c2c,78,97,1,60000,286.0900,286.0900,286.0900
B,otro_ccd,0,64,c2c,78,98,1,60000,361.8713,361.8713,361.8713
B,otro_ccd,0,64,c2c,78,99,1,60000,339.0993,339.0993,339.0993
B,otro_ccd,0,64,c2c,78,100,1,60000,313.6636,313.6636,313.6636
B,otro_ccd,0,64,c2c,78,101,1,60000,300.2210,300.2210,300.2210
B,otro_ccd,0,64,c2c,78,102,1,60000,327.1104,327.1104,327.1104
B,otro_ccd,0,64,c2c,78,103,1,60000,295.9312,295.9312,295.9312
B,otro_ccd,0,64,c2c,78,104,1,60000,330.4021,330.4021,330.4021
B,otro_ccd,0,64,c2c,78,105,1,60000,289.4410,289.4410,289.4410
B,otro_ccd,0,64,c2c,78,106,1,60000,341.4256,341.4256,341.4256
B,otro_ccd,0,64,c2c,78,107,1,60000,242.7643,242.7643,242.7643
B,otro_ccd,0,64,c2c,78,108,1,60000,321.0275,321.0275,321.0275
B,otro_ccd,0,64,c2c,78,109,1,60000,298.3296,298.3296,298.3296
B,otro_ccd,0,64,c2c,78,110,1,60000,326.4634,326.4634,326.4634
B,otro_ccd,0,64,c2c,78,111,1,60000,255.7542,255.7542,255.7542
B,otro_ccd,0,64,c2c,78,112,1,60000,322.7615,322.7615,322.7615
B,otro_ccd,0,64,c2c,78,113,1,60000,337.8682,337.8682,337.8682
B,otro_ccd,0,64,c2c,78,114,1,60000,308.1802,308.1802,308.1802
B,otro_ccd,0,64,c2c,78,115,1,60000,301.4450,301.4450,301.4450
B,otro_ccd,0,64,c2c,78,116,1,60000,369.3791,369.3791,369.3791
B,otro_ccd,0,64,c2c,78,117,1,60000,310.1036,310.1036,310.1036
B,otro_ccd,0,64,c2c,78,118,1,60000,314.3296,314.3296,314.3296
B,otro_ccd,0,64,c2c,78,119,1,60000,262.5583,262.5583,262.5583
B,otro_ccd,0,64,c2c,78,120,1,60000,332.0001,332.0001,332.0001
B,otro_ccd,0,64,c2c,78,121,1,60000,259.8367,259.8367,259.8367
B,otro_ccd,0,64,c2c,78,122,1,60000,310.6043,310.6043,310.6043
B,otro_ccd,0,64,c2c,78,123,1,60000,280.4859,280.4859,280.4859
B,otro_ccd,0,64,c2c,78,124,1,60000,303.6972,303.6972,303.6972
B,otro_ccd,0,64,c2c,78,125,1,60000,322.9310,322.9310,322.9310
B,otro_ccd,0,64,c2c,78,126,1,60000,303.1037,303.1037,303.1037
B,otro_ccd,0,64,c2c,78,127,1,60000,257.9668,257.9668,257.9668
B,otro_ccd,0,64,c2c,79,80,1,60000,253.6493,253.6493,253.6493
B,otro_ccd,0,64,c2c,79,81,1,60000,309.4361,309.4361,309.4361
B,otro_ccd,0,64,c2c,79,82,1,60000,350.0739,350.0739,350.0739
B,otro_ccd,0,64,c2c,79,83,1,60000,334.3068,334.3068,334.3068
B,otro_ccd,0,64,c2c,79,84,1,60000,244.3695,244.3695,244.3695
B,otro_ccd,0,64,c2c,79,85,1,60000,366.5766,366.5766,366.5766
B,otro_ccd,0,64,c2c,79,86,1,60000,279.3063,279.3063,279.3063
B,otro_ccd,0,64,c2c,79,87,1,60000,333.6713,333.6713,333.6713
B,otro_ccd,0,64,c2c,79,88,1,60000,326.8013,326.8013,326.8013
B,otro_ccd,0,64,c2c,79,89,1,60000,355.9925,355.9925,355.9925
B,otro_ccd,0,64,c2c,79,90,1,60000,362.7035,362.7035,362.7035
B,otro_ccd,0,64,c2c,79,91,1,60000,314.9684,314.9684,314.9684
B,otro_ccd,0,64,c2c,79,92,1,60000,283.8950,283.8950,283.8950
B,otro_ccd,0,64,c2c,79,93,1,60000,360.0569,360.0569,360.0569
B,otro_ccd,0,64,c2c,79,94,1,60000,293.5128,293.5128,293.5128
B,otro_ccd,0,64,c2c,79,95,1,60000,290.9304,290.9304,290.9304
B,otro_ccd,0,64,c2c,79,96,1,60000,362.8428,362.8428,362.8428
B,otro_ccd,0,64,c2c,79,97,1,60000,359.1819,359.1819,359.1819
B,otro_ccd,0,64,c2c,79,98,1,60000,339.8955,339.8955,339.8955
B,otro_ccd,0,64,c2c,79,99,1,60000,353.0561,353.0561,353.0561
B,otro_ccd,0,64,c2c,79,100,1,60000,257.3149,257.3149,257.3149
B,otro_ccd,0,64,c2c,79,101,1,60000,365.5869,365.5869,365.5869
B,otro_ccd,0,64,c2c,79,102,1,60000,361.5903,361.5903,361.5903
B,otro_ccd,0,64,c2c,79,103,1,60000,354.5048,354.5048,354.5048
B,otro_ccd,0,64,c2c,79,104,1,60000,339.0866,339.0866,339.0866
B,otro_ccd,0,64,c2c,79,105,1,60000,331.8425,331.8425,331.8425
B,otro_ccd,0,64,c2c,79,106,1,60000,258.1846,258.1846,258.1846
B,otro_ccd,0,64,c2c,79,107,1,60000,341.6136,341.6136,341.6136
B,otro_ccd,0,64,c2c,79,108,1,60000,306.8297,306.8297,306.8297
B,otro_ccd,0,64,c2c,79,109,1,60000,294.7196,294.7196,294.7196
B,otro_ccd,0,64,c2c,79,110,1,60000,307.4184,307.4184,307.4184
B,otro_ccd,0,64,c2c,79,111,1,60000,344.9030,344.9030,344.9030
B,otro_ccd,0,64,c2c,79,112,1,60000,321.7678,321.7678,321.7678
B,otro_ccd,0,64,c2c,79,113,1,60000,349.2679,349.2679,349.2679
B,otro_ccd,0,64,c2c,79,114,1,60000,366.4260,366.4260,366.4260
B,otro_ccd,0,64,c2c,79,115,1,60000,343.6007,343.6007,343.6007
B,otro_ccd,0,64,c2c,79,116,1,60000,301.8973,301.8973,301.8973
B,otro_ccd,0,64,c2c,79,117,1,60000,330.5186,330.5186,330.5186
B,otro_ccd,0,64,c2c,79,118,1,60000,271.5878,271.5878,271.5878
B,otro_ccd,0,64,c2c,79,119,1,60000,335.4683,335.4683,335.4683
B,otro_ccd,0,64,c2c,79,120,1,60000,280.8186,280.8186,280.8186
B,otro_ccd,0,64,c2c,79,121,1,60000,316.8500,316.8500,316.8500
B,otro_ccd,0,64,c2c,79,122,1,60000,274.7258,274.7258,274.7258
B,otro_ccd,0,64,c2c,79,123,1,60000,288.8246,288.8246,288.8246
B,otro_ccd,0,64,c2c,79,124,1,60000,239.1431,239.1431,239.1431
B,otro_ccd,0,64,c2c,79,125,1,60000,351.0587,351.0587,351.0587
B,otro_ccd,0,64,c2c,79,126,1,60000,302.2768,302.2768,302.2768
B,otro_ccd,0,64,c2c,79,127,1,60000,295.3801,295.3801,295.3801
B,mismo_ccd,0,64,c2c,80,81,1,60000,27.5758,27.5758,27.5758
B,mismo_ccd,0,64,c2c,80,82,1,60000,27.5934,27.5934,27.5934
B,mismo_ccd,0,64,c2c,80,83,1,60000,27.1317,27.1317,27.1317
B,mismo_ccd,0,64,c2c,80,84,1,60000,27.4444,27.4444,27.4444
B,mismo_ccd,0,64,c2c,80,85,1,60000,27.3528,27.3528,27.3528
B,mismo_ccd,0,64,c2c,80,86,1,60000,27.3424,27.3424,27.3424
B,mismo_ccd,0,64,c2c,80,87,1,60000,27.2588,27.2588,27.2588
B,otro_ccd,0,64,c2c,80,88,1,60000,245.1315,245.1315,245.1315
B,otro_ccd,0,64,c2c,80,89,1,60000,305.2234,305.2234,305.2234
B,otro_ccd,0,64,c2c,80,90,1,60000,238.0201,238.0201,238.0201
B,otro_ccd,0,64,c2c,80,91,1,60000,362.5492,362.5492,362.5492
B,otro_ccd,0,64,c2c,80,92,1,60000,238.1052,238.1052,238.1052
B,otro_ccd,0,64,c2c,80,93,1,60000,298.2828,298.2828,298.2828
B,otro_ccd,0,64,c2c,80,94,1,60000,325.7317,325.7317,325.7317
B,otro_ccd,0,64,c2c,80,95,1,60000,283.7533,283.7533,283.7533
B,otro_ccd,0,64,c2c,80,96,1,60000,302.2956,302.2956,302.2956
B,otro_ccd,0,64,c2c,80,97,1,60000,297.9637,297.9637,297.9637
B,otro_ccd,0,64,c2c,80,98,1,60000,290.5877,290.5877,290.5877
B,otro_ccd,0,64,c2c,80,99,1,60000,328.1997,328.1997,328.1997
B,otro_ccd,0,64,c2c,80,100,1,60000,290.2237,290.2237,290.2237
B,otro_ccd,0,64,c2c,80,101,1,60000,300.7423,300.7423,300.7423
B,otro_ccd,0,64,c2c,80,102,1,60000,288.5820,288.5820,288.5820
B,otro_ccd,0,64,c2c,80,103,1,60000,305.0740,305.0740,305.0740
B,otro_ccd,0,64,c2c,80,104,1,60000,290.4345,290.4345,290.4345
B,otro_ccd,0,64,c2c,80,105,1,60000,297.3751,297.3751,297.3751
B,otro_ccd,0,64,c2c,80,106,1,60000,301.9532,301.9532,301.9532
B,otro_ccd,0,64,c2c,80,107,1,60000,318.1432,318.1432,318.1432
B,otro_ccd,0,64,c2c,80,108,1,60000,282.8455,282.8455,282.8455
B,otro_ccd,0,64,c2c,80,109,1,60000,294.0616,294.0616,294.0616
B,otro_ccd,0,64,c2c,80,110,1,60000,275.5843,275.5843,275.5843
B,otro_ccd,0,64,c2c,80,111,1,60000,297.5470,297.5470,297.5470
B,otro_ccd,0,64,c2c,80,112,1,60000,305.7962,305.7962,305.7962
B,otro_ccd,0,64,c2c,80,113,1,60000,291.3456,291.3456,291.3456
B,otro_ccd,0,64,c2c,80,114,1,60000,292.3625,292.3625,292.3625
B,otro_ccd,0,64,c2c,80,115,1,60000,326.9259,326.9259,326.9259
B,otro_ccd,0,64,c2c,80,116,1,60000,296.6250,296.6250,296.6250
B,otro_ccd,0,64,c2c,80,117,1,60000,304.7922,304.7922,304.7922
B,otro_ccd,0,64,c2c,80,118,1,60000,308.9152,308.9152,308.9152
B,otro_ccd,0,64,c2c,80,119,1,60000,291.0233,291.0233,291.0233
B,otro_ccd,0,64,c2c,80,120,1,60000,154.0823,154.0823,154.0823
B,otro_ccd,0,64,c2c,80,121,1,60000,182.1264,182.1264,182.1264
B,otro_ccd,0,64,c2c,80,122,1,60000,186.8904,186.8904,186.8904
B,otro_ccd,0,64,c2c,80,123,1,60000,175.4844,175.4844,175.4844
B,otro_ccd,0,64,c2c,80,124,1,60000,180.8620,180.8620,180.8620
B,otro_ccd,0,64,c2c,80,125,1,60000,187.0519,187.0519,187.0519
B,otro_ccd,0,64,c2c,80,126,1,60000,184.9906,184.9906,184.9906
B,otro_ccd,0,64,c2c,80,127,1,60000,186.1190,186.1190,186.1190
B,mismo_ccd,0,64,c2c,81,82,1,60000,27.2445,27.2445,27.2445
B,mismo_ccd,0,64,c2c,81,83,1,60000,27.1402,27.1402,27.1402
B,mismo_ccd,0,64,c2c,81,84,1,60000,27.3094,27.3094,27.3094
B,mismo_ccd,0,64,c2c,81,85,1,60000,27.1586,27.1586,27.1586
B,mismo_ccd,0,64,c2c,81,86,1,60000,27.2044,27.2044,27.2044
B,mismo_ccd,0,64,c2c,81,87,1,60000,27.1644,27.1644,27.1644
B,otro_ccd,0,64,c2c,81,88,1,60000,376.3990,376.3990,376.3990
B,otro_ccd,0,64,c2c,81,89,1,60000,364.9861,364.9861,364.9861
B,otro_ccd,0,64,c2c,81,90,1,60000,373.3090,373.3090,373.3090
B,otro_ccd,0,64,c2c,81,91,1,60000,325.1367,325.1367,325.1367
B,otro_ccd,0,64,c2c,81,92,1,60000,275.1950,275.1950,275.1950
B,otro_ccd,0,64,c2c,81,93,1,60000,319.4543,319.4543,319.4543
B,otro_ccd,0,64,c2c,81,94,1,60000,300.9215,300.9215,300.9215
B,otro_ccd,0,64,c2c,81,95,1,60000,298.6581,298.6581,298.6581
B,otro_ccd,0,64,c2c,81,96,1,60000,293.5008,293.5008,293.5008
B,otro_ccd,0,64,c2c,81,97,1,60000,283.4759,283.4759,283.4759
B,otro_ccd,0,64,c2c,81,98,1,60000,318.9057,318.9057,318.9057
B,otro_ccd,0,64,c2c,81,99,1,60000,317.2326,317.2326,317.2326
B,otro_ccd,0,64,c2c,81,100,1,60000,283.8589,283.8589,283.8589
B,otro_ccd,0,64,c2c,81,101,1,60000,340.8018,340.8018,340.8018
B,otro_ccd,0,64,c2c,81,102,1,60000,310.4435,310.4435,310.4435
B,otro_ccd,0,64,c2c,81,103,1,60000,297.1992,297.1992,297.1992
B,otro_ccd,0,64,c2c,81,104,1,60000,304.8825,304.8825,304.8825
B,otro_ccd,0,64,c2c,81,105,1,60000,284.4497,284.4497,284.4497
B,otro_ccd,0,64,c2c,81,106,1,60000,301.9531,301.9531,301.9531
B,otro_ccd,0,64,c2c,81,107,1,60000,272.8745,272.8745,272.8745
B,otro_ccd,0,64,c2c,81,108,1,60000,309.6059,309.6059,309.6059
B,otro_ccd,0,64,c2c,81,109,1,60000,309.7983,309.7983,309.7983
B,otro_ccd,0,64,c2c,81,110,1,60000,282.5928,282.5928,282.5928
B,otro_ccd,0,64,c2c,81,111,1,60000,287.8858,287.8858,287.8858
B,otro_ccd,0,64,c2c,81,112,1,60000,279.8243,279.8243,279.8243
B,otro_ccd,0,64,c2c,81,113,1,60000,292.5925,292.5925,292.5925
B,otro_ccd,0,64,c2c,81,114,1,60000,295.8042,295.8042,295.8042
B,otro_ccd,0,64,c2c,81,115,1,60000,303.4232,303.4232,303.4232
B,otro_ccd,0,64,c2c,81,116,1,60000,290.8992,290.8992,290.8992
B,otro_ccd,0,64,c2c,81,117,1,60000,313.9457,313.9457,313.9457
B,otro_ccd,0,64,c2c,81,118,1,60000,314.3248,314.3248,314.3248
B,otro_ccd,0,64,c2c,81,119,1,60000,338.1638,338.1638,338.1638
B,otro_ccd,0,64,c2c,81,120,1,60000,280.7055,280.7055,280.7055
B,otro_ccd,0,64,c2c,81,121,1,60000,301.4527,301.4527,301.4527
B,otro_ccd,0,64,c2c,81,122,1,60000,301.4510,301.4510,301.4510
B,otro_ccd,0,64,c2c,81,123,1,60000,316.9919,316.9919,316.9919
B,otro_ccd,0,64,c2c,81,124,1,60000,298.9338,298.9338,298.9338
B,otro_ccd,0,64,c2c,81,125,1,60000,320.8185,320.8185,320.8185
B,otro_ccd,0,64,c2c,81,126,1,60000,295.8021,295.8021,295.8021
B,otro_ccd,0,64,c2c,81,127,1,60000,298.2323,298.2323,298.2323
B,mismo_ccd,0,64,c2c,82,83,1,60000,27.2987,27.2987,27.2987
B,mismo_ccd,0,64,c2c,82,84,1,60000,27.4198,27.4198,27.4198
B,mismo_ccd,0,64,c2c,82,85,1,60000,27.2601,27.2601,27.2601
B,mismo_ccd,0,64,c2c,82,86,1,60000,27.4855,27.4855,27.4855
B,mismo_ccd,0,64,c2c,82,87,1,60000,27.2694,27.2694,27.2694
B,otro_ccd,0,64,c2c,82,88,1,60000,303.2398,303.2398,303.2398
B,otro_ccd,0,64,c2c,82,89,1,60000,319.2091,319.2091,319.2091
B,otro_ccd,0,64,c2c,82,90,1,60000,297.8604,297.8604,297.8604
B,otro_ccd,0,64,c2c,82,91,1,60000,321.6806,321.6806,321.6806
B,otro_ccd,0,64,c2c,82,92,1,60000,293.6278,293.6278,293.6278
B,otro_ccd,0,64,c2c,82,93,1,60000,319.1292,319.1292,319.1292
B,otro_ccd,0,64,c2c,82,94,1,60000,272.8037,272.8037,272.8037
B,otro_ccd,0,64,c2c,82,95,1,60000,284.8480,284.8480,284.8480
B,otro_ccd,0,64,c2c,82,96,1,60000,285.3278,285.3278,285.3278
B,otro_ccd,0,64,c2c,82,97,1,60000,285.4264,285.4264,285.4264
B,otro_ccd,0,64,c2c,82,98,1,60000,275.9191,275.9191,275.9191
B,otro_ccd,0,64,c2c,82,99,1,60000,317.7498,317.7498,317.7498
B,otro_ccd,0,64,c2c,82,100,1,60000,285.4754,285.4754,285.4754
B,otro_ccd,0,64,c2c,82,101,1,60000,325.4394,325.4394,325.4394
B,otro_ccd,0,64,c2c,82,102,1,60000,286.9913,286.9913,286.9913
B,otro_ccd,0,64,c2c,82,103,1,60000,282.4522,282.4522,282.4522
B,otro_ccd,0,64,c2c,82,104,1,60000,285.1666,285.1666,285.1666
B,otro_ccd,0,64,c2c,82,105,1,60000,274.4177,274.4177,274.4177
B,otro_ccd,0,64,c2c,82,106,1,60000,283.4343,283.4343,283.4343
B,otro_ccd,0,64,c2c,82,107,1,60000,304.8484,304.8484,304.8484
B,otro_ccd,0,64,c2c,82,108,1,60000,281.4452,281.4452,281.4452
B,otro_ccd,0,64,c2c,82,109,1,60000,296.0466,296.0466,296.0466
B,otro_ccd,0,64,c2c,82,110,1,60000,281.0030,281.0030,281.0030
B,otro_ccd,0,64,c2c,82,111,1,60000,291.1637,291.1637,291.1637
B,otro_ccd,0,64,c2c,82,112,1,60000,301.6228,301.6228,301.6228
B,otro_ccd,0,64,c2c,82,113,1,60000,284.6531,284.6531,284.6531
B,otro_ccd,0,64,c2c,82,114,1,60000,301.1173,301.1173,301.1173
B,otro_ccd,0,64,c2c,82,115,1,60000,310.8722,310.8722,310.8722
B,otro_ccd,0,64,c2c,82,116,1,60000,283.7417,283.7417,283.7417
B,otro_ccd,0,64,c2c,82,117,1,60000,316.3877,316.3877,316.3877
B,otro_ccd,0,64,c2c,82,118,1,60000,302.1917,302.1917,302.1917
B,otro_ccd,0,64,c2c,82,119,1,60000,296.0187,296.0187,296.0187
B,otro_ccd,0,64,c2c,82,120,1,60000,313.2697,313.2697,313.2697
B,otro_ccd,0,64,c2c,82,121,1,60000,268.2697,268.2697,268.2697
B,otro_ccd,0,64,c2c,82,122,1,60000,300.6761,300.6761,300.6761
B,otro_ccd,0,64,c2c,82,123,1,60000,303.1646,303.1646,303.1646
B,otro_ccd,0,64,c2c,82,124,1,60000,280.2172,280.2172,280.2172
B,otro_ccd,0,64,c2c,82,125,1,60000,319.9683,319.9683,319.9683
B,otro_ccd,0,64,c2c,82,126,1,60000,280.3885,280.3885,280.3885
B,otro_ccd,0,64,c2c,82,127,1,60000,283.9810,283.9810,283.9810
B,mismo_ccd,0,64,c2c,83,84,1,60000,27.3042,27.3042,27.3042
B,mismo_ccd,0,64,c2c,83,85,1,60000,27.3845,27.3845,27.3845
B,mismo_ccd,0,64,c2c,83,86,1,60000,27.2382,27.2382,27.2382
B,mismo_ccd,0,64,c2c,83,87,1,60000,27.4079,27.4079,27.4079
B,otro_ccd,0,64,c2c,83,88,1,60000,268.3552,268.3552,268.3552
B,otro_ccd,0,64,c2c,83,89,1,60000,275.1615,275.1615,275.1615
B,otro_ccd,0,64,c2c,83,90,1,60000,294.0172,294.0172,294.0172
B,otro_ccd,0,64,c2c,83,91,1,60000,273.6557,273.6557,273.6557
B,otro_ccd,0,64,c2c,83,92,1,60000,300.7756,300.7756,300.7756
B,otro_ccd,0,64,c2c,83,93,1,60000,271.4994,271.4994,271.4994
B,otro_ccd,0,64,c2c,83,94,1,60000,287.8368,287.8368,287.8368
B,otro_ccd,0,64,c2c,83,95,1,60000,283.1951,283.1951,283.1951
B,otro_ccd,0,64,c2c,83,96,1,60000,298.6081,298.6081,298.6081
B,otro_ccd,0,64,c2c,83,97,1,60000,299.3393,299.3393,299.3393
B,otro_ccd,0,64,c2c,83,98,1,60000,314.5724,314.5724,314.5724
B,otro_ccd,0,64,c2c,83,99,1,60000,286.3107,286.3107,286.3107
B,otro_ccd,0,64,c2c,83,100,1,60000,315.4948,315.4948,315.4948
B,otro_ccd,0,64,c2c,83,101,1,60000,297.5266,297.5266,297.5266
B,otro_ccd,0,64,c2c,83,102,1,60000,314.1807,314.1807,314.1807
B,otro_ccd,0,64,c2c,83,103,1,60000,292.1500,292.1500,292.1500
B,otro_ccd,0,64,c2c,83,104,1,60000,282.3999,282.3999,282.3999
B,otro_ccd,0,64,c2c,83,105,1,60000,272.9459,272.9459,272.9459
B,otro_ccd,0,64,c2c,83,106,1,60000,325.9447,325.9447,325.9447
B,otro_ccd,0,64,c2c,83,107,1,60000,293.6961,293.6961,293.6961
B,otro_ccd,0,64,c2c,83,108,1,60000,314.2213,314.2213,314.2213
B,otro_ccd,0,64,c2c,83,109,1,60000,297.6414,297.6414,297.6414
B,otro_ccd,0,64,c2c,83,110,1,60000,290.7994,290.7994,290.7994
B,otro_ccd,0,64,c2c,83,111,1,60000,276.1036,276.1036,276.1036
B,otro_ccd,0,64,c2c,83,112,1,60000,279.8775,279.8775,279.8775
B,otro_ccd,0,64,c2c,83,113,1,60000,281.7141,281.7141,281.7141
B,otro_ccd,0,64,c2c,83,114,1,60000,326.2537,326.2537,326.2537
B,otro_ccd,0,64,c2c,83,115,1,60000,286.9933,286.9933,286.9933
B,otro_ccd,0,64,c2c,83,116,1,60000,327.3480,327.3480,327.3480
B,otro_ccd,0,64,c2c,83,117,1,60000,283.5294,283.5294,283.5294
B,otro_ccd,0,64,c2c,83,118,1,60000,306.8593,306.8593,306.8593
B,otro_ccd,0,64,c2c,83,119,1,60000,285.2553,285.2553,285.2553
B,otro_ccd,0,64,c2c,83,120,1,60000,283.8699,283.8699,283.8699
B,otro_ccd,0,64,c2c,83,121,1,60000,306.8295,306.8295,306.8295
B,otro_ccd,0,64,c2c,83,122,1,60000,308.4693,308.4693,308.4693
B,otro_ccd,0,64,c2c,83,123,1,60000,316.9803,316.9803,316.9803
B,otro_ccd,0,64,c2c,83,124,1,60000,317.3769,317.3769,317.3769
B,otro_ccd,0,64,c2c,83,125,1,60000,314.3555,314.3555,314.3555
B,otro_ccd,0,64,c2c,83,126,1,60000,304.6489,304.6489,304.6489
B,otro_ccd,0,64,c2c,83,127,1,60000,287.2441,287.2441,287.2441
B,mismo_ccd,0,64,c2c,84,85,1,60000,27.4264,27.4264,27.4264
B,mismo_ccd,0,64,c2c,84,86,1,60000,27.3523,27.3523,27.3523
B,mismo_ccd,0,64,c2c,84,87,1,60000,27.4156,27.4156,27.4156
B,otro_ccd,0,64,c2c,84,88,1,60000,282.9433,282.9433,282.9433
B,otro_ccd,0,64,c2c,84,89,1,60000,287.7673,287.7673,287.7673
B,otro_ccd,0,64,c2c,84,90,1,60000,327.0147,327.0147,327.0147
B,otro_ccd,0,64,c2c,84,91,1,60000,291.0951,291.0951,291.0951
B,otro_ccd,0,64,c2c,84,92,1,60000,308.5148,308.5148,308.5148
B,otro_ccd,0,64,c2c,84,93,1,60000,290.1796,290.1796,290.1796
B,otro_ccd,0,64,c2c,84,94,1,60000,322.0698,322.0698,322.0698
B,otro_ccd,0,64,c2c,84,95,1,60000,285.1931,285.1931,285.1931
B,otro_ccd,0,64,c2c,84,96,1,60000,293.6199,293.6199,293.6199
B,otro_ccd,0,64,c2c,84,97,1,60000,300.8678,300.8678,300.8678
B,otro_ccd,0,64,c2c,84,98,1,60000,315.7933,315.7933,315.7933
B,otro_ccd,0,64,c2c,84,99,1,60000,292.0798,292.0798,292.0798
B,otro_ccd,0,64,c2c,84,100,1,60000,328.3530,328.3530,328.3530
B,otro_ccd,0,64,c2c,84,101,1,60000,305.6025,305.6025,305.6025
B,otro_ccd,0,64,c2c,84,102,1,60000,327.2107,327.2107,327.2107
B,otro_ccd,0,64,c2c,84,103,1,60000,282.5688,282.5688,282.5688
B,otro_ccd,0,64,c2c,84,104,1,60000,296.9765,296.9765,296.9765
B,otro_ccd,0,64,c2c,84,105,1,60000,330.3156,330.3156,330.3156
B,otro_ccd,0,64,c2c,84,106,1,60000,317.1017,317.1017,317.1017
B,otro_ccd,0,64,c2c,84,107,1,60000,277.3889,277.3889,277.3889
B,otro_ccd,0,64,c2c,84,108,1,60000,331.9202,331.9202,331.9202
B,otro_ccd,0,64,c2c,84,109,1,60000,307.8313,307.8313,307.8313
B,otro_ccd,0,64,c2c,84,110,1,60000,333.3191,333.3191,333.3191
B,otro_ccd,0,64,c2c,84,111,1,60000,351.6680,351.6680,351.6680
B,otro_ccd,0,64,c2c,84,112,1,60000,288.7603,288.7603,288.7603
B,otro_ccd,0,64,c2c,84,113,1,60000,277.9253,277.9253,277.9253
B,otro_ccd,0,64,c2c,84,114,1,60000,313.0115,313.0115,313.0115
B,otro_ccd,0,64,c2c,84,115,1,60000,292.9250,292.9250,292.9250
B,otro_ccd,0,64,c2c,84,116,1,60000,325.2059,325.2059,325.2059
B,otro_ccd,0,64,c2c,84,117,1,60000,296.3287,296.3287,296.3287
B,otro_ccd,0,64,c2c,84,118,1,60000,345.0892,345.0892,345.0892
B,otro_ccd,0,64,c2c,84,119,1,60000,294.1671,294.1671,294.1671
B,otro_ccd,0,64,c2c,84,120,1,60000,309.3960,309.3960,309.3960
B,otro_ccd,0,64,c2c,84,121,1,60000,320.8883,320.8883,320.8883
B,otro_ccd,0,64,c2c,84,122,1,60000,310.5484,310.5484,310.5484
B,otro_ccd,0,64,c2c,84,123,1,60000,301.3810,301.3810,301.3810
B,otro_ccd,0,64,c2c,84,124,1,60000,320.9888,320.9888,320.9888
B,otro_ccd,0,64,c2c,84,125,1,60000,328.9620,328.9620,328.9620
B,otro_ccd,0,64,c2c,84,126,1,60000,321.9404,321.9404,321.9404
B,otro_ccd,0,64,c2c,84,127,1,60000,324.3398,324.3398,324.3398
B,mismo_ccd,0,64,c2c,85,86,1,60000,27.2216,27.2216,27.2216
B,mismo_ccd,0,64,c2c,85,87,1,60000,27.3078,27.3078,27.3078
B,otro_ccd,0,64,c2c,85,88,1,60000,292.2608,292.2608,292.2608
B,otro_ccd,0,64,c2c,85,89,1,60000,276.5807,276.5807,276.5807
B,otro_ccd,0,64,c2c,85,90,1,60000,285.0853,285.0853,285.0853
B,otro_ccd,0,64,c2c,85,91,1,60000,361.6419,361.6419,361.6419
B,otro_ccd,0,64,c2c,85,92,1,60000,302.5639,302.5639,302.5639
B,otro_ccd,0,64,c2c,85,93,1,60000,317.1926,317.1926,317.1926
B,otro_ccd,0,64,c2c,85,94,1,60000,317.9259,317.9259,317.9259
B,otro_ccd,0,64,c2c,85,95,1,60000,327.8885,327.8885,327.8885
B,otro_ccd,0,64,c2c,85,96,1,60000,294.1971,294.1971,294.1971
B,otro_ccd,0,64,c2c,85,97,1,60000,282.5082,282.5082,282.5082
B,otro_ccd,0,64,c2c,85,98,1,60000,334.3546,334.3546,334.3546
B,otro_ccd,0,64,c2c,85,99,1,60000,313.9477,313.9477,313.9477
B,otro_ccd,0,64,c2c,85,100,1,60000,332.2723,332.2723,332.2723
B,otro_ccd,0,64,c2c,85,101,1,60000,323.4196,323.4196,323.4196
B,otro_ccd,0,64,c2c,85,102,1,60000,312.7170,312.7170,312.7170
B,otro_ccd,0,64,c2c,85,103,1,60000,319.1660,319.1660,319.1660
B,otro_ccd,0,64,c2c,85,104,1,60000,287.1743,287.1743,287.1743
B,otro_ccd,0,64,c2c,85,105,1,60000,301.0606,301.0606,301.0606
B,otro_ccd,0,64,c2c,85,106,1,60000,289.7457,289.7457,289.7457
B,otro_ccd,0,64,c2c,85,107,1,60000,312.2241,312.2241,312.2241
B,otro_ccd,0,64,c2c,85,108,1,60000,311.6273,311.6273,311.6273
B,otro_ccd,0,64,c2c,85,109,1,60000,318.0418,318.0418,318.0418
B,otro_ccd,0,64,c2c,85,110,1,60000,324.8011,324.8011,324.8011
B,otro_ccd,0,64,c2c,85,111,1,60000,325.0183,325.0183,325.0183
B,otro_ccd,0,64,c2c,85,112,1,60000,289.9582,289.9582,289.9582
B,otro_ccd,0,64,c2c,85,113,1,60000,291.0753,291.0753,291.0753
B,otro_ccd,0,64,c2c,85,114,1,60000,295.9280,295.9280,295.9280
B,otro_ccd,0,64,c2c,85,115,1,60000,338.8430,338.8430,338.8430
B,otro_ccd,0,64,c2c,85,116,1,60000,296.4628,296.4628,296.4628
B,otro_ccd,0,64,c2c,85,117,1,60000,321.8219,321.8219,321.8219
B,otro_ccd,0,64,c2c,85,118,1,60000,308.4267,308.4267,308.4267
B,otro_ccd,0,64,c2c,85,119,1,60000,332.1081,332.1081,332.1081
B,otro_ccd,0,64,c2c,85,120,1,60000,281.1750,281.1750,281.1750
B,otro_ccd,0,64,c2c,85,121,1,60000,289.8320,289.8320,289.8320
B,otro_ccd,0,64,c2c,85,122,1,60000,316.8754,316.8754,316.8754
B,otro_ccd,0,64,c2c,85,123,1,60000,310.4257,310.4257,310.4257
B,otro_ccd,0,64,c2c,85,124,1,60000,301.4464,301.4464,301.4464
B,otro_ccd,0,64,c2c,85,125,1,60000,302.4205,302.4205,302.4205
B,otro_ccd,0,64,c2c,85,126,1,60000,292.6175,292.6175,292.6175
B,otro_ccd,0,64,c2c,85,127,1,60000,335.3714,335.3714,335.3714
B,mismo_ccd,0,64,c2c,86,87,1,60000,27.3242,27.3242,27.3242
B,otro_ccd,0,64,c2c,86,88,1,60000,290.0195,290.0195,290.0195
B,otro_ccd,0,64,c2c,86,89,1,60000,283.9621,283.9621,283.9621
B,otro_ccd,0,64,c2c,86,90,1,60000,303.4435,303.4435,303.4435
B,otro_ccd,0,64,c2c,86,91,1,60000,324.1142,324.1142,324.1142
B,otro_ccd,0,64,c2c,86,92,1,60000,323.0532,323.0532,323.0532
B,otro_ccd,0,64,c2c,86,93,1,60000,310.0933,310.0933,310.0933
B,otro_ccd,0,64,c2c,86,94,1,60000,270.4846,270.4846,270.4846
B,otro_ccd,0,64,c2c,86,95,1,60000,313.6591,313.6591,313.6591
B,otro_ccd,0,64,c2c,86,96,1,60000,299.9966,299.9966,299.9966
B,otro_ccd,0,64,c2c,86,97,1,60000,321.6213,321.6213,321.6213
B,otro_ccd,0,64,c2c,86,98,1,60000,304.8689,304.8689,304.8689
B,otro_ccd,0,64,c2c,86,99,1,60000,306.3782,306.3782,306.3782
B,otro_ccd,0,64,c2c,86,100,1,60000,290.4859,290.4859,290.4859
B,otro_ccd,0,64,c2c,86,101,1,60000,326.7103,326.7103,326.7103
B,otro_ccd,0,64,c2c,86,102,1,60000,286.4322,286.4322,286.4322
B,otro_ccd,0,64,c2c,86,103,1,60000,339.6847,339.6847,339.6847
B,otro_ccd,0,64,c2c,86,104,1,60000,298.4612,298.4612,298.4612
B,otro_ccd,0,64,c2c,86,105,1,60000,328.8441,328.8441,328.8441
B,otro_ccd,0,64,c2c,86,106,1,60000,297.7450,297.7450,297.7450
B,otro_ccd,0,64,c2c,86,107,1,60000,303.9048,303.9048,303.9048
B,otro_ccd,0,64,c2c,86,108,1,60000,303.0186,303.0186,303.0186
B,otro_ccd,0,64,c2c,86,109,1,60000,326.1303,326.1303,326.1303
B,otro_ccd,0,64,c2c,86,110,1,60000,280.3386,280.3386,280.3386
B,otro_ccd,0,64,c2c,86,111,1,60000,307.7978,307.7978,307.7978
B,otro_ccd,0,64,c2c,86,112,1,60000,304.8625,304.8625,304.8625
B,otro_ccd,0,64,c2c,86,113,1,60000,340.5291,340.5291,340.5291
B,otro_ccd,0,64,c2c,86,114,1,60000,307.9920,307.9920,307.9920
B,otro_ccd,0,64,c2c,86,115,1,60000,340.4762,340.4762,340.4762
B,otro_ccd,0,64,c2c,86,116,1,60000,274.7455,274.7455,274.7455
B,otro_ccd,0,64,c2c,86,117,1,60000,310.7854,310.7854,310.7854
B,otro_ccd,0,64,c2c,86,118,1,60000,310.4331,310.4331,310.4331
B,otro_ccd,0,64,c2c,86,119,1,60000,290.3177,290.3177,290.3177
B,otro_ccd,0,64,c2c,86,120,1,60000,270.2545,270.2545,270.2545
B,otro_ccd,0,64,c2c,86,121,1,60000,335.0710,335.0710,335.0710
B,otro_ccd,0,64,c2c,86,122,1,60000,303.8228,303.8228,303.8228
B,otro_ccd,0,64,c2c,86,123,1,60000,348.1612,348.1612,348.1612
B,otro_ccd,0,64,c2c,86,124,1,60000,250.6418,250.6418,250.6418
B,otro_ccd,0,64,c2c,86,125,1,60000,317.5711,317.5711,317.5711
B,otro_ccd,0,64,c2c,86,126,1,60000,355.8133,355.8133,355.8133
B,otro_ccd,0,64,c2c,86,127,1,60000,336.1981,336.1981,336.1981
B,otro_ccd,0,64,c2c,87,88,1,60000,300.8100,300.8100,300.8100
B,otro_ccd,0,64,c2c,87,89,1,60000,238.1633,238.1633,238.1633
B,otro_ccd,0,64,c2c,87,90,1,60000,317.4779,317.4779,317.4779
B,otro_ccd,0,64,c2c,87,91,1,60000,225.9850,225.9850,225.9850
B,otro_ccd,0,64,c2c,87,92,1,60000,290.9796,290.9796,290.9796
B,otro_ccd,0,64,c2c,87,93,1,60000,283.1700,283.1700,283.1700
B,otro_ccd,0,64,c2c,87,94,1,60000,302.8516,302.8516,302.8516
B,otro_ccd,0,64,c2c,87,95,1,60000,277.5556,277.5556,277.5556
B,otro_ccd,0,64,c2c,87,96,1,60000,309.7167,309.7167,309.7167
B,otro_ccd,0,64,c2c,87,97,1,60000,256.9062,256.9062,256.9062
B,otro_ccd,0,64,c2c,87,98,1,60000,320.9123,320.9123,320.9123
B,otro_ccd,0,64,c2c,87,99,1,60000,257.7429,257.7429,257.7429
B,otro_ccd,0,64,c2c,87,100,1,60000,252.3704,252.3704,252.3704
B,otro_ccd,0,64,c2c,87,101,1,60000,288.2074,288.2074,288.2074
B,otro_ccd,0,64,c2c,87,102,1,60000,286.8372,286.8372,286.8372
B,otro_ccd,0,64,c2c,87,103,1,60000,264.2180,264.2180,264.2180
B,otro_ccd,0,64,c2c,87,104,1,60000,344.6825,344.6825,344.6825
B,otro_ccd,0,64,c2c,87,105,1,60000,238.5494,238.5494,238.5494
B,otro_ccd,0,64,c2c,87,106,1,60000,342.9028,342.9028,342.9028
B,otro_ccd,0,64,c2c,87,107,1,60000,257.4844,257.4844,257.4844
B,otro_ccd,0,64,c2c,87,108,1,60000,300.0069,300.0069,300.0069
B,otro_ccd,0,64,c2c,87,109,1,60000,270.5807,270.5807,270.5807
B,otro_ccd,0,64,c2c,87,110,1,60000,309.0708,309.0708,309.0708
B,otro_ccd,0,64,c2c,87,111,1,60000,261.1257,261.1257,261.1257
B,otro_ccd,0,64,c2c,87,112,1,60000,269.8843,269.8843,269.8843
B,otro_ccd,0,64,c2c,87,113,1,60000,354.3998,354.3998,354.3998
B,otro_ccd,0,64,c2c,87,114,1,60000,312.3357,312.3357,312.3357
B,otro_ccd,0,64,c2c,87,115,1,60000,331.5142,331.5142,331.5142
B,otro_ccd,0,64,c2c,87,116,1,60000,290.7935,290.7935,290.7935
B,otro_ccd,0,64,c2c,87,117,1,60000,290.3281,290.3281,290.3281
B,otro_ccd,0,64,c2c,87,118,1,60000,297.5868,297.5868,297.5868
B,otro_ccd,0,64,c2c,87,119,1,60000,287.1566,287.1566,287.1566
B,otro_ccd,0,64,c2c,87,120,1,60000,313.3110,313.3110,313.3110
B,otro_ccd,0,64,c2c,87,121,1,60000,349.0880,349.0880,349.0880
B,otro_ccd,0,64,c2c,87,122,1,60000,319.0962,319.0962,319.0962
B,otro_ccd,0,64,c2c,87,123,1,60000,304.5665,304.5665,304.5665
B,otro_ccd,0,64,c2c,87,124,1,60000,313.4324,313.4324,313.4324
B,otro_ccd,0,64,c2c,87,125,1,60000,291.7254,291.7254,291.7254
B,otro_ccd,0,64,c2c,87,126,1,60000,343.9175,343.9175,343.9175
B,otro_ccd,0,64,c2c,87,127,1,60000,332.7375,332.7375,332.7375
B,mismo_ccd,0,64,c2c,88,89,1,60000,28.1692,28.1692,28.1692
B,mismo_ccd,0,64,c2c,88,90,1,60000,27.0290,27.0290,27.0290
B,mismo_ccd,0,64,c2c,88,91,1,60000,27.2902,27.2902,27.2902
B,mismo_ccd,0,64,c2c,88,92,1,60000,27.1908,27.1908,27.1908
B,mismo_ccd,0,64,c2c,88,93,1,60000,27.2617,27.2617,27.2617
B,mismo_ccd,0,64,c2c,88,94,1,60000,27.1133,27.1133,27.1133
B,mismo_ccd,0,64,c2c,88,95,1,60000,27.2426,27.2426,27.2426
B,otro_ccd,0,64,c2c,88,96,1,60000,262.4744,262.4744,262.4744
B,otro_ccd,0,64,c2c,88,97,1,60000,212.1212,212.1212,212.1212
B,otro_ccd,0,64,c2c,88,98,1,60000,308.8682,308.8682,308.8682
B,otro_ccd,0,64,c2c,88,99,1,60000,234.1280,234.1280,234.1280
B,otro_ccd,0,64,c2c,88,100,1,60000,357.8401,357.8401,357.8401
B,otro_ccd,0,64,c2c,88,101,1,60000,297.2590,297.2590,297.2590
B,otro_ccd,0,64,c2c,88,102,1,60000,329.8393,329.8393,329.8393
B,otro_ccd,0,64,c2c,88,103,1,60000,344.6943,344.6943,344.6943
B,otro_ccd,0,64,c2c,88,104,1,60000,236.6955,236.6955,236.6955
B,otro_ccd,0,64,c2c,88,105,1,60000,246.2110,246.2110,246.2110
B,otro_ccd,0,64,c2c,88,106,1,60000,243.1410,243.1410,243.1410
B,otro_ccd,0,64,c2c,88,107,1,60000,278.7575,278.7575,278.7575
B,otro_ccd,0,64,c2c,88,108,1,60000,310.9015,310.9015,310.9015
B,otro_ccd,0,64,c2c,88,109,1,60000,333.2093,333.2093,333.2093
B,otro_ccd,0,64,c2c,88,110,1,60000,323.0158,323.0158,323.0158
B,otro_ccd,0,64,c2c,88,111,1,60000,312.4859,312.4859,312.4859
B,otro_ccd,0,64,c2c,88,112,1,60000,277.0323,277.0323,277.0323
B,otro_ccd,0,64,c2c,88,113,1,60000,219.8077,219.8077,219.8077
B,otro_ccd,0,64,c2c,88,114,1,60000,324.2737,324.2737,324.2737
B,otro_ccd,0,64,c2c,88,115,1,60000,314.0714,314.0714,314.0714
B,otro_ccd,0,64,c2c,88,116,1,60000,331.8986,331.8986,331.8986
B,otro_ccd,0,64,c2c,88,117,1,60000,326.7858,326.7858,326.7858
B,otro_ccd,0,64,c2c,88,118,1,60000,350.9528,350.9528,350.9528
B,otro_ccd,0,64,c2c,88,119,1,60000,329.9646,329.9646,329.9646
B,otro_ccd,0,64,c2c,88,120,1,60000,243.0954,243.0954,243.0954
B,otro_ccd,0,64,c2c,88,121,1,60000,265.9984,265.9984,265.9984
B,otro_ccd,0,64,c2c,88,122,1,60000,304.0144,304.0144,304.0144
B,otro_ccd,0,64,c2c,88,123,1,60000,261.8873,261.8873,261.8873
B,otro_ccd,0,64,c2c,88,124,1,60000,310.0877,310.0877,310.0877
B,otro_ccd,0,64,c2c,88,125,1,60000,313.0465,313.0465,313.0465
B,otro_ccd,0,64,c2c,88,126,1,60000,356.7174,356.7174,356.7174
B,otro_ccd,0,64,c2c,88,127,1,60000,287.4010,287.4010,287.4010
B,mismo_ccd,0,64,c2c,89,90,1,60000,27.4572,27.4572,27.4572
B,mismo_ccd,0,64,c2c,89,91,1,60000,27.3669,27.3669,27.3669
B,mismo_ccd,0,64,c2c,89,92,1,60000,27.2716,27.2716,27.2716
B,mismo_ccd,0,64,c2c,89,93,1,60000,27.1189,27.1189,27.1189
B,mismo_ccd,0,64,c2c,89,94,1,60000,27.3419,27.3419,27.3419
B,mismo_ccd,0,64,c2c,89,95,1,60000,27.1721,27.1721,27.1721
B,otro_ccd,0,64,c2c,89,96,1,60000,217.0483,217.0483,217.0483
B,otro_ccd,0,64,c2c,89,97,1,60000,308.4363,308.4363,308.4363
B,otro_ccd,0,64,c2c,89,98,1,60000,258.8949,258.8949,258.8949
B,otro_ccd,0,64,c2c,89,99,1,60000,258.4329,258.4329,258.4329
B,otro_ccd,0,64,c2c,89,100,1,60000,315.0145,315.0145,315.0145
B,otro_ccd,0,64,c2c,89,101,1,60000,239.3401,239.3401,239.3401
B,otro_ccd,0,64,c2c,89,102,1,60000,278.5079,278.5079,278.5079
B,otro_ccd,0,64,c2c,89,103,1,60000,322.9022,322.9022,322.9022
B,otro_ccd,0,64,c2c,89,104,1,60000,261.5379,261.5379,261.5379
B,otro_ccd,0,64,c2c,89,105,1,60000,302.5615,302.5615,302.5615
B,otro_ccd,0,64,c2c,89,106,1,60000,253.4109,253.4109,253.4109
B,otro_ccd,0,64,c2c,89,107,1,60000,258.3648,258.3648,258.3648
B,otro_ccd,0,64,c2c,89,108,1,60000,281.3410,281.3410,281.3410
B,otro_ccd,0,64,c2c,89,109,1,60000,250.1837,250.1837,250.1837
B,otro_ccd,0,64,c2c,89,110,1,60000,289.2222,289.2222,289.2222
B,otro_ccd,0,64,c2c,89,111,1,60000,324.5492,324.5492,324.5492
B,otro_ccd,0,64,c2c,89,112,1,60000,275.3762,275.3762,275.3762
B,otro_ccd,0,64,c2c,89,113,1,60000,359.4068,359.4068,359.4068
B,otro_ccd,0,64,c2c,89,114,1,60000,267.1703,267.1703,267.1703
B,otro_ccd,0,64,c2c,89,115,1,60000,266.2948,266.2948,266.2948
B,otro_ccd,0,64,c2c,89,116,1,60000,311.5104,311.5104,311.5104
B,otro_ccd,0,64,c2c,89,117,1,60000,301.4699,301.4699,301.4699
B,otro_ccd,0,64,c2c,89,118,1,60000,249.4061,249.4061,249.4061
B,otro_ccd,0,64,c2c,89,119,1,60000,264.8329,264.8329,264.8329
B,otro_ccd,0,64,c2c,89,120,1,60000,267.8762,267.8762,267.8762
B,otro_ccd,0,64,c2c,89,121,1,60000,344.3420,344.3420,344.3420
B,otro_ccd,0,64,c2c,89,122,1,60000,239.6296,239.6296,239.6296
B,otro_ccd,0,64,c2c,89,123,1,60000,252.0617,252.0617,252.0617
B,otro_ccd,0,64,c2c,89,124,1,60000,338.0838,338.0838,338.0838
B,otro_ccd,0,64,c2c,89,125,1,60000,255.3014,255.3014,255.3014
B,otro_ccd,0,64,c2c,89,126,1,60000,320.1428,320.1428,320.1428
B,otro_ccd,0,64,c2c,89,127,1,60000,313.8898,313.8898,313.8898
B,mismo_ccd,0,64,c2c,90,91,1,60000,27.4461,27.4461,27.4461
B,mismo_ccd,0,64,c2c,90,92,1,60000,27.4094,27.4094,27.4094
B,mismo_ccd,0,64,c2c,90,93,1,60000,27.4905,27.4905,27.4905
B,mismo_ccd,0,64,c2c,90,94,1,60000,27.3257,27.3257,27.3257
B,mismo_ccd,0,64,c2c,90,95,1,60000,27.1859,27.1859,27.1859
B,otro_ccd,0,64,c2c,90,96,1,60000,260.2441,260.2441,260.2441
B,otro_ccd,0,64,c2c,90,97,1,60000,344.1615,344.1615,344.1615
B,otro_ccd,0,64,c2c,90,98,1,60000,253.7048,253.7048,253.7048
B,otro_ccd,0,64,c2c,90,99,1,60000,286.1064,286.1064,286.1064
B,otro_ccd,0,64,c2c,90,100,1,60000,288.5552,288.5552,288.5552
B,otro_ccd,0,64,c2c,90,101,1,60000,273.7464,273.7464,273.7464
B,otro_ccd,0,64,c2c,90,102,1,60000,286.0442,286.0442,286.0442
B,otro_ccd,0,64,c2c,90,103,1,60000,307.6740,307.6740,307.6740
B,otro_ccd,0,64,c2c,90,104,1,60000,263.3682,263.3682,263.3682
B,otro_ccd,0,64,c2c,90,105,1,60000,306.7317,306.7317,306.7317
B,otro_ccd,0,64,c2c,90,106,1,60000,286.8304,286.8304,286.8304
B,otro_ccd,0,64,c2c,90,107,1,60000,263.2737,263.2737,263.2737
B,otro_ccd,0,64,c2c,90,108,1,60000,303.6321,303.6321,303.6321
B,otro_ccd,0,64,c2c,90,109,1,60000,241.7293,241.7293,241.7293
B,otro_ccd,0,64,c2c,90,110,1,60000,262.9390,262.9390,262.9390
B,otro_ccd,0,64,c2c,90,111,1,60000,347.4148,347.4148,347.4148
B,otro_ccd,0,64,c2c,90,112,1,60000,285.9958,285.9958,285.9958
B,otro_ccd,0,64,c2c,90,113,1,60000,339.0465,339.0465,339.0465
B,otro_ccd,0,64,c2c,90,114,1,60000,229.8950,229.8950,229.8950
B,otro_ccd,0,64,c2c,90,115,1,60000,260.9546,260.9546,260.9546
B,otro_ccd,0,64,c2c,90,116,1,60000,270.7043,270.7043,270.7043
B,otro_ccd,0,64,c2c,90,117,1,60000,267.2151,267.2151,267.2151
B,otro_ccd,0,64,c2c,90,118,1,60000,258.9677,258.9677,258.9677
B,otro_ccd,0,64,c2c,90,119,1,60000,326.3794,326.3794,326.3794
B,otro_ccd,0,64,c2c,90,120,1,60000,267.8578,267.8578,267.8578
B,otro_ccd,0,64,c2c,90,121,1,60000,311.9147,311.9147,311.9147
B,otro_ccd,0,64,c2c,90,122,1,60000,234.9935,234.9935,234.9935
B,otro_ccd,0,64,c2c,90,123,1,60000,242.4356,242.4356,242.4356
B,otro_ccd,0,64,c2c,90,124,1,60000,268.7852,268.7852,268.7852
B,otro_ccd,0,64,c2c,90,125,1,60000,266.1631,266.1631,266.1631
B,otro_ccd,0,64,c2c,90,126,1,60000,252.4035,252.4035,252.4035
B,otro_ccd,0,64,c2c,90,127,1,60000,372.2387,372.2387,372.2387
B,mismo_ccd,0,64,c2c,91,92,1,60000,27.3320,27.3320,27.3320
B,mismo_ccd,0,64,c2c,91,93,1,60000,27.4827,27.4827,27.4827
B,mismo_ccd,0,64,c2c,91,94,1,60000,27.3458,27.3458,27.3458
B,mismo_ccd,0,64,c2c,91,95,1,60000,27.3413,27.3413,27.3413
B,otro_ccd,0,64,c2c,91,96,1,60000,344.5199,344.5199,344.5199
B,otro_ccd,0,64,c2c,91,97,1,60000,273.1006,273.1006,273.1006
B,otro_ccd,0,64,c2c,91,98,1,60000,223.3399,223.3399,223.3399
B,otro_ccd,0,64,c2c,91,99,1,60000,255.6083,255.6083,255.6083
B,otro_ccd,0,64,c2c,91,100,1,60000,266.7672,266.7672,266.7672
B,otro_ccd,0,64,c2c,91,101,1,60000,268.1627,268.1627,268.1627
B,otro_ccd,0,64,c2c,91,102,1,60000,339.2771,339.2771,339.2771
B,otro_ccd,0,64,c2c,91,103,1,60000,274.1351,274.1351,274.1351
B,otro_ccd,0,64,c2c,91,104,1,60000,309.8358,309.8358,309.8358
B,otro_ccd,0,64,c2c,91,105,1,60000,232.5748,232.5748,232.5748
B,otro_ccd,0,64,c2c,91,106,1,60000,295.7348,295.7348,295.7348
B,otro_ccd,0,64,c2c,91,107,1,60000,212.6686,212.6686,212.6686
B,otro_ccd,0,64,c2c,91,108,1,60000,261.8495,261.8495,261.8495
B,otro_ccd,0,64,c2c,91,109,1,60000,322.8441,322.8441,322.8441
B,otro_ccd,0,64,c2c,91,110,1,60000,321.0805,321.0805,321.0805
B,otro_ccd,0,64,c2c,91,111,1,60000,286.5838,286.5838,286.5838
B,otro_ccd,0,64,c2c,91,112,1,60000,330.9535,330.9535,330.9535
B,otro_ccd,0,64,c2c,91,113,1,60000,277.7457,277.7457,277.7457
B,otro_ccd,0,64,c2c,91,114,1,60000,297.4161,297.4161,297.4161
B,otro_ccd,0,64,c2c,91,115,1,60000,234.0184,234.0184,234.0184
B,otro_ccd,0,64,c2c,91,116,1,60000,346.1710,346.1710,346.1710
B,otro_ccd,0,64,c2c,91,117,1,60000,291.6433,291.6433,291.6433
B,otro_ccd,0,64,c2c,91,118,1,60000,333.7459,333.7459,333.7459
B,otro_ccd,0,64,c2c,91,119,1,60000,265.6878,265.6878,265.6878
B,otro_ccd,0,64,c2c,91,120,1,60000,334.8490,334.8490,334.8490
B,otro_ccd,0,64,c2c,91,121,1,60000,296.0335,296.0335,296.0335
B,otro_ccd,0,64,c2c,91,122,1,60000,248.1356,248.1356,248.1356
B,otro_ccd,0,64,c2c,91,123,1,60000,236.5435,236.5435,236.5435
B,otro_ccd,0,64,c2c,91,124,1,60000,335.4348,335.4348,335.4348
B,otro_ccd,0,64,c2c,91,125,1,60000,311.7043,311.7043,311.7043
B,otro_ccd,0,64,c2c,91,126,1,60000,286.5908,286.5908,286.5908
B,otro_ccd,0,64,c2c,91,127,1,60000,247.4568,247.4568,247.4568
B,mismo_ccd,0,64,c2c,92,93,1,60000,27.5171,27.5171,27.5171
B,mismo_ccd,0,64,c2c,92,94,1,60000,27.0700,27.0700,27.0700
B,mismo_ccd,0,64,c2c,92,95,1,60000,27.0889,27.0889,27.0889
B,otro_ccd,0,64,c2c,92,96,1,60000,309.5399,309.5399,309.5399
B,otro_ccd,0,64,c2c,92,97,1,60000,234.0756,234.0756,234.0756
B,otro_ccd,0,64,c2c,92,98,1,60000,291.2901,291.2901,291.2901
B,otro_ccd,0,64,c2c,92,99,1,60000,239.8597,239.8597,239.8597
B,otro_ccd,0,64,c2c,92,100,1,60000,241.8236,241.8236,241.8236
B,otro_ccd,0,64,c2c,92,101,1,60000,324.7951,324.7951,324.7951
B,otro_ccd,0,64,c2c,92,102,1,60000,337.9831,337.9831,337.9831
B,otro_ccd,0,64,c2c,92,103,1,60000,247.5303,247.5303,247.5303
B,otro_ccd,0,64,c2c,92,104,1,60000,362.7422,362.7422,362.7422
B,otro_ccd,0,64,c2c,92,105,1,60000,276.6246,276.6246,276.6246
B,otro_ccd,0,64,c2c,92,106,1,60000,306.9585,306.9585,306.9585
B,otro_ccd,0,64,c2c,92,107,1,60000,289.3307,289.3307,289.3307
B,otro_ccd,0,64,c2c,92,108,1,60000,245.4659,245.4659,245.4659
B,otro_ccd,0,64,c2c,92,109,1,60000,234.2281,234.2281,234.2281
B,otro_ccd,0,64,c2c,92,110,1,60000,348.1065,348.1065,348.1065
B,otro_ccd,0,64,c2c,92,111,1,60000,290.6512,290.6512,290.6512
B,otro_ccd,0,64,c2c,92,112,1,60000,295.5233,295.5233,295.5233
B,otro_ccd,0,64,c2c,92,113,1,60000,293.1655,293.1655,293.1655
B,otro_ccd,0,64,c2c,92,114,1,60000,363.3732,363.3732,363.3732
B,otro_ccd,0,64,c2c,92,115,1,60000,273.8740,273.8740,273.8740
B,otro_ccd,0,64,c2c,92,116,1,60000,273.7503,273.7503,273.7503
B,otro_ccd,0,64,c2c,92,117,1,60000,273.8639,273.8639,273.8639
B,otro_ccd,0,64,c2c,92,118,1,60000,358.9580,358.9580,358.9580
B,otro_ccd,0,64,c2c,92,119,1,60000,302.9516,302.9516,302.9516
B,otro_ccd,0,64,c2c,92,120,1,60000,304.8430,304.8430,304.8430
B,otro_ccd,0,64,c2c,92,121,1,60000,289.8169,289.8169,289.8169
B,otro_ccd,0,64,c2c,92,122,1,60000,304.5229,304.5229,304.5229
B,otro_ccd,0,64,c2c,92,123,1,60000,341.0140,341.0140,341.0140
B,otro_ccd,0,64,c2c,92,124,1,60000,275.9019,275.9019,275.9019
B,otro_ccd,0,64,c2c,92,125,1,60000,278.1042,278.1042,278.1042
B,otro_ccd,0,64,c2c,92,126,1,60000,363.2810,363.2810,363.2810
B,otro_ccd,0,64,c2c,92,127,1,60000,317.6666,317.6666,317.6666
B,mismo_ccd,0,64,c2c,93,94,1,60000,27.6221,27.6221,27.6221
B,mismo_ccd,0,64,c2c,93,95,1,60000,26.9869,26.9869,26.9869
B,otro_ccd,0,64,c2c,93,96,1,60000,268.6761,268.6761,268.6761
B,otro_ccd,0,64,c2c,93,97,1,60000,274.3799,274.3799,274.3799
B,otro_ccd,0,64,c2c,93,98,1,60000,267.4208,267.4208,267.4208
B,otro_ccd,0,64,c2c,93,99,1,60000,346.0985,346.0985,346.0985
B,otro_ccd,0,64,c2c,93,100,1,60000,291.7337,291.7337,291.7337
B,otro_ccd,0,64,c2c,93,101,1,60000,233.7687,233.7687,233.7687
B,otro_ccd,0,64,c2c,93,102,1,60000,356.4546,356.4546,356.4546
B,otro_ccd,0,64,c2c,93,103,1,60000,326.1520,326.1520,326.1520
B,otro_ccd,0,64,c2c,93,104,1,60000,333.7592,333.7592,333.7592
B,otro_ccd,0,64,c2c,93,105,1,60000,298.9385,298.9385,298.9385
B,otro_ccd,0,64,c2c,93,106,1,60000,283.6699,283.6699,283.6699
B,otro_ccd,0,64,c2c,93,107,1,60000,309.2876,309.2876,309.2876
B,otro_ccd,0,64,c2c,93,108,1,60000,343.0548,343.0548,343.0548
B,otro_ccd,0,64,c2c,93,109,1,60000,344.1331,344.1331,344.1331
B,otro_ccd,0,64,c2c,93,110,1,60000,275.9694,275.9694,275.9694
B,otro_ccd,0,64,c2c,93,111,1,60000,366.7242,366.7242,366.7242
B,otro_ccd,0,64,c2c,93,112,1,60000,296.0490,296.0490,296.0490
B,otro_ccd,0,64,c2c,93,113,1,60000,332.7527,332.7527,332.7527
B,otro_ccd,0,64,c2c,93,114,1,60000,250.3240,250.3240,250.3240
B,otro_ccd,0,64,c2c,93,115,1,60000,343.7828,343.7828,343.7828
B,otro_ccd,0,64,c2c,93,116,1,60000,354.2909,354.2909,354.2909
B,otro_ccd,0,64,c2c,93,117,1,60000,317.1783,317.1783,317.1783
B,otro_ccd,0,64,c2c,93,118,1,60000,330.9274,330.9274,330.9274
B,otro_ccd,0,64,c2c,93,119,1,60000,367.8960,367.8960,367.8960
B,otro_ccd,0,64,c2c,93,120,1,60000,330.2020,330.2020,330.2020
B,otro_ccd,0,64,c2c,93,121,1,60000,336.0693,336.0693,336.0693
B,otro_ccd,0,64,c2c,93,122,1,60000,284.3009,284.3009,284.3009
B,otro_ccd,0,64,c2c,93,123,1,60000,335.7351,335.7351,335.7351
B,otro_ccd,0,64,c2c,93,124,1,60000,363.6955,363.6955,363.6955
B,otro_ccd,0,64,c2c,93,125,1,60000,365.9441,365.9441,365.9441
B,otro_ccd,0,64,c2c,93,126,1,60000,299.1926,299.1926,299.1926
B,otro_ccd,0,64,c2c,93,127,1,60000,362.0055,362.0055,362.0055
B,mismo_ccd,0,64,c2c,94,95,1,60000,27.3103,27.3103,27.3103
B,otro_ccd,0,64,c2c,94,96,1,60000,268.1642,268.1642,268.1642
B,otro_ccd,0,64,c2c,94,97,1,60000,317.2103,317.2103,317.2103
B,otro_ccd,0,64,c2c,94,98,1,60000,311.2919,311.2919,311.2919
B,otro_ccd,0,64,c2c,94,99,1,60000,297.2903,297.2903,297.2903
B,otro_ccd,0,64,c2c,94,100,1,60000,254.4347,254.4347,254.4347
B,otro_ccd,0,64,c2c,94,101,1,60000,314.4236,314.4236,314.4236
B,otro_ccd,0,64,c2c,94,102,1,60000,250.9086,250.9086,250.9086
B,otro_ccd,0,64,c2c,94,103,1,60000,292.2171,292.2171,292.2171
B,otro_ccd,0,64,c2c,94,104,1,60000,318.4286,318.4286,318.4286
B,otro_ccd,0,64,c2c,94,105,1,60000,296.0299,296.0299,296.0299
B,otro_ccd,0,64,c2c,94,106,1,60000,320.2019,320.2019,320.2019
B,otro_ccd,0,64,c2c,94,107,1,60000,363.2485,363.2485,363.2485
B,otro_ccd,0,64,c2c,94,108,1,60000,149.3258,149.3258,149.3258
B,otro_ccd,0,64,c2c,94,109,1,60000,188.2104,188.2104,188.2104
B,otro_ccd,0,64,c2c,94,110,1,60000,188.0530,188.0530,188.0530
B,otro_ccd,0,64,c2c,94,111,1,60000,190.0857,190.0857,190.0857
B,otro_ccd,0,64,c2c,94,112,1,60000,187.5048,187.5048,187.5048
B,otro_ccd,0,64,c2c,94,113,1,60000,189.1587,189.1587,189.1587
B,otro_ccd,0,64,c2c,94,114,1,60000,179.6563,179.6563,179.6563
B,otro_ccd,0,64,c2c,94,115,1,60000,187.3811,187.3811,187.3811
B,otro_ccd,0,64,c2c,94,116,1,60000,379.2027,379.2027,379.2027
B,otro_ccd,0,64,c2c,94,117,1,60000,373.7154,373.7154,373.7154
B,otro_ccd,0,64,c2c,94,118,1,60000,374.2028,374.2028,374.2028
B,otro_ccd,0,64,c2c,94,119,1,60000,377.6083,377.6083,377.6083
B,otro_ccd,0,64,c2c,94,120,1,60000,373.9465,373.9465,373.9465
B,otro_ccd,0,64,c2c,94,121,1,60000,372.3416,372.3416,372.3416
B,otro_ccd,0,64,c2c,94,122,1,60000,377.6659,377.6659,377.6659
B,otro_ccd,0,64,c2c,94,123,1,60000,374.9171,374.9171,374.9171
B,otro_ccd,0,64,c2c,94,124,1,60000,377.8873,377.8873,377.8873
B,otro_ccd,0,64,c2c,94,125,1,60000,350.9132,350.9132,350.9132
B,otro_ccd,0,64,c2c,94,126,1,60000,333.0411,333.0411,333.0411
B,otro_ccd,0,64,c2c,94,127,1,60000,263.0820,263.0820,263.0820
B,otro_ccd,0,64,c2c,95,96,1,60000,258.5237,258.5237,258.5237
B,otro_ccd,0,64,c2c,95,97,1,60000,327.9413,327.9413,327.9413
B,otro_ccd,0,64,c2c,95,98,1,60000,369.5187,369.5187,369.5187
B,otro_ccd,0,64,c2c,95,99,1,60000,311.8622,311.8622,311.8622
B,otro_ccd,0,64,c2c,95,100,1,60000,350.2049,350.2049,350.2049
B,otro_ccd,0,64,c2c,95,101,1,60000,359.4542,359.4542,359.4542
B,otro_ccd,0,64,c2c,95,102,1,60000,300.7422,300.7422,300.7422
B,otro_ccd,0,64,c2c,95,103,1,60000,368.4989,368.4989,368.4989
B,otro_ccd,0,64,c2c,95,104,1,60000,372.2992,372.2992,372.2992
B,otro_ccd,0,64,c2c,95,105,1,60000,374.5860,374.5860,374.5860
B,otro_ccd,0,64,c2c,95,106,1,60000,366.8230,366.8230,366.8230
B,otro_ccd,0,64,c2c,95,107,1,60000,373.7294,373.7294,373.7294
B,otro_ccd,0,64,c2c,95,108,1,60000,371.3870,371.3870,371.3870
B,otro_ccd,0,64,c2c,95,109,1,60000,370.3560,370.3560,370.3560
B,otro_ccd,0,64,c2c,95,110,1,60000,379.1633,379.1633,379.1633
B,otro_ccd,0,64,c2c,95,111,1,60000,326.0045,326.0045,326.0045
B,otro_ccd,0,64,c2c,95,112,1,60000,365.3340,365.3340,365.3340
B,otro_ccd,0,64,c2c,95,113,1,60000,374.7009,374.7009,374.7009
B,otro_ccd,0,64,c2c,95,114,1,60000,306.6169,306.6169,306.6169
B,otro_ccd,0,64,c2c,95,115,1,60000,359.0819,359.0819,359.0819
B,otro_ccd,0,64,c2c,95,116,1,60000,272.7255,272.7255,272.7255
B,otro_ccd,0,64,c2c,95,117,1,60000,295.3494,295.3494,295.3494
B,otro_ccd,0,64,c2c,95,118,1,60000,300.1028,300.1028,300.1028
B,otro_ccd,0,64,c2c,95,119,1,60000,300.0831,300.0831,300.0831
B,otro_ccd,0,64,c2c,95,120,1,60000,365.4084,365.4084,365.4084
B,otro_ccd,0,64,c2c,95,121,1,60000,347.4712,347.4712,347.4712
B,otro_ccd,0,64,c2c,95,122,1,60000,318.7928,318.7928,318.7928
B,otro_ccd,0,64,c2c,95,123,1,60000,302.4326,302.4326,302.4326
B,otro_ccd,0,64,c2c,95,124,1,60000,338.8216,338.8216,338.8216
B,otro_ccd,0,64,c2c,95,125,1,60000,345.6172,345.6172,345.6172
B,otro_ccd,0,64,c2c,95,126,1,60000,330.4714,330.4714,330.4714
B,otro_ccd,0,64,c2c,95,127,1,60000,334.3326,334.3326,334.3326
B,mismo_ccd,0,64,c2c,96,97,1,60000,27.6055,27.6055,27.6055
B,mismo_ccd,0,64,c2c,96,98,1,60000,27.4622,27.4622,27.4622
B,mismo_ccd,0,64,c2c,96,99,1,60000,27.3156,27.3156,27.3156
B,mismo_ccd,0,64,c2c,96,100,1,60000,27.4844,27.4844,27.4844
B,mismo_ccd,0,64,c2c,96,101,1,60000,27.2947,27.2947,27.2947
B,mismo_ccd,0,64,c2c,96,102,1,60000,27.3567,27.3567,27.3567
B,mismo_ccd,0,64,c2c,96,103,1,60000,27.2353,27.2353,27.2353
B,otro_ccd,0,64,c2c,96,104,1,60000,308.8018,308.8018,308.8018
B,otro_ccd,0,64,c2c,96,105,1,60000,262.2720,262.2720,262.2720
B,otro_ccd,0,64,c2c,96,106,1,60000,262.5781,262.5781,262.5781
B,otro_ccd,0,64,c2c,96,107,1,60000,307.0712,307.0712,307.0712
B,otro_ccd,0,64,c2c,96,108,1,60000,269.1587,269.1587,269.1587
B,otro_ccd,0,64,c2c,96,109,1,60000,332.4735,332.4735,332.4735
B,otro_ccd,0,64,c2c,96,110,1,60000,265.3418,265.3418,265.3418
B,otro_ccd,0,64,c2c,96,111,1,60000,234.2575,234.2575,234.2575
B,otro_ccd,0,64,c2c,96,112,1,60000,311.7607,311.7607,311.7607
B,otro_ccd,0,64,c2c,96,113,1,60000,223.4065,223.4065,223.4065
B,otro_ccd,0,64,c2c,96,114,1,60000,281.1094,281.1094,281.1094
B,otro_ccd,0,64,c2c,96,115,1,60000,299.2349,299.2349,299.2349
B,otro_ccd,0,64,c2c,96,116,1,60000,271.7272,271.7272,271.7272
B,otro_ccd,0,64,c2c,96,117,1,60000,334.0300,334.0300,334.0300
B,otro_ccd,0,64,c2c,96,118,1,60000,317.7150,317.7150,317.7150
B,otro_ccd,0,64,c2c,96,119,1,60000,290.8682,290.8682,290.8682
B,otro_ccd,0,64,c2c,96,120,1,60000,304.2896,304.2896,304.2896
B,otro_ccd,0,64,c2c,96,121,1,60000,268.6566,268.6566,268.6566
B,otro_ccd,0,64,c2c,96,122,1,60000,252.6344,252.6344,252.6344
B,otro_ccd,0,64,c2c,96,123,1,60000,265.6285,265.6285,265.6285
B,otro_ccd,0,64,c2c,96,124,1,60000,242.3593,242.3593,242.3593
B,otro_ccd,0,64,c2c,96,125,1,60000,305.7938,305.7938,305.7938
B,otro_ccd,0,64,c2c,96,126,1,60000,256.0881,256.0881,256.0881
B,otro_ccd,0,64,c2c,96,127,1,60000,250.8288,250.8288,250.8288
B,mismo_ccd,0,64,c2c,97,98,1,60000,27.0073,27.0073,27.0073
B,mismo_ccd,0,64,c2c,97,99,1,60000,29.0550,29.0550,29.0550
B,mismo_ccd,0,64,c2c,97,100,1,60000,27.2734,27.2734,27.2734
B,mismo_ccd,0,64,c2c,97,101,1,60000,28.2846,28.2846,28.2846
B,mismo_ccd,0,64,c2c,97,102,1,60000,27.4677,27.4677,27.4677
B,mismo_ccd,0,64,c2c,97,103,1,60000,27.3301,27.3301,27.3301
B,otro_ccd,0,64,c2c,97,104,1,60000,266.8409,266.8409,266.8409
B,otro_ccd,0,64,c2c,97,105,1,60000,247.3528,247.3528,247.3528
B,otro_ccd,0,64,c2c,97,106,1,60000,315.1877,315.1877,315.1877
B,otro_ccd,0,64,c2c,97,107,1,60000,253.2338,253.2338,253.2338
B,otro_ccd,0,64,c2c,97,108,1,60000,242.3368,242.3368,242.3368
B,otro_ccd,0,64,c2c,97,109,1,60000,266.2679,266.2679,266.2679
B,otro_ccd,0,64,c2c,97,110,1,60000,271.3875,271.3875,271.3875
B,otro_ccd,0,64,c2c,97,111,1,60000,262.4463,262.4463,262.4463
B,otro_ccd,0,64,c2c,97,112,1,60000,238.2209,238.2209,238.2209
B,otro_ccd,0,64,c2c,97,113,1,60000,236.3092,236.3092,236.3092
B,otro_ccd,0,64,c2c,97,114,1,60000,303.6015,303.6015,303.6015
B,otro_ccd,0,64,c2c,97,115,1,60000,270.2466,270.2466,270.2466
B,otro_ccd,0,64,c2c,97,116,1,60000,255.1711,255.1711,255.1711
B,otro_ccd,0,64,c2c,97,117,1,60000,225.9266,225.9266,225.9266
B,otro_ccd,0,64,c2c,97,118,1,60000,220.1966,220.1966,220.1966
B,otro_ccd,0,64,c2c,97,119,1,60000,274.3200,274.3200,274.3200
B,otro_ccd,0,64,c2c,97,120,1,60000,259.5729,259.5729,259.5729
B,otro_ccd,0,64,c2c,97,121,1,60000,286.9757,286.9757,286.9757
B,otro_ccd,0,64,c2c,97,122,1,60000,288.7499,288.7499,288.7499
B,otro_ccd,0,64,c2c,97,123,1,60000,240.0759,240.0759,240.0759
B,otro_ccd,0,64,c2c,97,124,1,60000,282.3649,282.3649,282.3649
B,otro_ccd,0,64,c2c,97,125,1,60000,252.3503,252.3503,252.3503
B,otro_ccd,0,64,c2c,97,126,1,60000,266.3860,266.3860,266.3860
B,otro_ccd,0,64,c2c,97,127,1,60000,259.0368,259.0368,259.0368
B,mismo_ccd,0,64,c2c,98,99,1,60000,27.2739,27.2739,27.2739
B,mismo_ccd,0,64,c2c,98,100,1,60000,27.1701,27.1701,27.1701
B,mismo_ccd,0,64,c2c,98,101,1,60000,27.2544,27.2544,27.2544
B,mismo_ccd,0,64,c2c,98,102,1,60000,27.2157,27.2157,27.2157
B,mismo_ccd,0,64,c2c,98,103,1,60000,27.1282,27.1282,27.1282
B,otro_ccd,0,64,c2c,98,104,1,60000,318.9392,318.9392,318.9392
B,otro_ccd,0,64,c2c,98,105,1,60000,237.7519,237.7519,237.7519
B,otro_ccd,0,64,c2c,98,106,1,60000,292.9726,292.9726,292.9726
B,otro_ccd,0,64,c2c,98,107,1,60000,281.5584,281.5584,281.5584
B,otro_ccd,0,64,c2c,98,108,1,60000,266.1093,266.1093,266.1093
B,otro_ccd,0,64,c2c,98,109,1,60000,313.7276,313.7276,313.7276
B,otro_ccd,0,64,c2c,98,110,1,60000,279.1898,279.1898,279.1898
B,otro_ccd,0,64,c2c,98,111,1,60000,270.7472,270.7472,270.7472
B,otro_ccd,0,64,c2c,98,112,1,60000,330.0262,330.0262,330.0262
B,otro_ccd,0,64,c2c,98,113,1,60000,254.0683,254.0683,254.0683
B,otro_ccd,0,64,c2c,98,114,1,60000,324.2602,324.2602,324.2602
B,otro_ccd,0,64,c2c,98,115,1,60000,300.9132,300.9132,300.9132
B,otro_ccd,0,64,c2c,98,116,1,60000,275.6508,275.6508,275.6508
B,otro_ccd,0,64,c2c,98,117,1,60000,313.9908,313.9908,313.9908
B,otro_ccd,0,64,c2c,98,118,1,60000,248.5350,248.5350,248.5350
B,otro_ccd,0,64,c2c,98,119,1,60000,251.9463,251.9463,251.9463
B,otro_ccd,0,64,c2c,98,120,1,60000,333.5825,333.5825,333.5825
B,otro_ccd,0,64,c2c,98,121,1,60000,265.7404,265.7404,265.7404
B,otro_ccd,0,64,c2c,98,122,1,60000,321.3978,321.3978,321.3978
B,otro_ccd,0,64,c2c,98,123,1,60000,296.1022,296.1022,296.1022
B,otro_ccd,0,64,c2c,98,124,1,60000,221.9661,221.9661,221.9661
B,otro_ccd,0,64,c2c,98,125,1,60000,296.4048,296.4048,296.4048
B,otro_ccd,0,64,c2c,98,126,1,60000,293.4572,293.4572,293.4572
B,otro_ccd,0,64,c2c,98,127,1,60000,364.2409,364.2409,364.2409
B,mismo_ccd,0,64,c2c,99,100,1,60000,27.2943,27.2943,27.2943
B,mismo_ccd,0,64,c2c,99,101,1,60000,27.1102,27.1102,27.1102
B,mismo_ccd,0,64,c2c,99,102,1,60000,27.5064,27.5064,27.5064
B,mismo_ccd,0,64,c2c,99,103,1,60000,27.1647,27.1647,27.1647
B,otro_ccd,0,64,c2c,99,104,1,60000,243.8405,243.8405,243.8405
B,otro_ccd,0,64,c2c,99,105,1,60000,309.0733,309.0733,309.0733
B,otro_ccd,0,64,c2c,99,106,1,60000,240.4086,240.4086,240.4086
B,otro_ccd,0,64,c2c,99,107,1,60000,266.4451,266.4451,266.4451
B,otro_ccd,0,64,c2c,99,108,1,60000,266.9389,266.9389,266.9389
B,otro_ccd,0,64,c2c,99,109,1,60000,243.6676,243.6676,243.6676
B,otro_ccd,0,64,c2c,99,110,1,60000,316.5751,316.5751,316.5751
B,otro_ccd,0,64,c2c,99,111,1,60000,325.5043,325.5043,325.5043
B,otro_ccd,0,64,c2c,99,112,1,60000,255.8480,255.8480,255.8480
B,otro_ccd,0,64,c2c,99,113,1,60000,327.1413,327.1413,327.1413
B,otro_ccd,0,64,c2c,99,114,1,60000,266.7637,266.7637,266.7637
B,otro_ccd,0,64,c2c,99,115,1,60000,238.4872,238.4872,238.4872
B,otro_ccd,0,64,c2c,99,116,1,60000,291.1825,291.1825,291.1825
B,otro_ccd,0,64,c2c,99,117,1,60000,316.7780,316.7780,316.7780
B,otro_ccd,0,64,c2c,99,118,1,60000,265.9111,265.9111,265.9111
B,otro_ccd,0,64,c2c,99,119,1,60000,329.4827,329.4827,329.4827
B,otro_ccd,0,64,c2c,99,120,1,60000,220.8098,220.8098,220.8098
B,otro_ccd,0,64,c2c,99,121,1,60000,360.7668,360.7668,360.7668
B,otro_ccd,0,64,c2c,99,122,1,60000,256.8794,256.8794,256.8794
B,otro_ccd,0,64,c2c,99,123,1,60000,242.3049,242.3049,242.3049
B,otro_ccd,0,64,c2c,99,124,1,60000,333.1644,333.1644,333.1644
B,otro_ccd,0,64,c2c,99,125,1,60000,268.2434,268.2434,268.2434
B,otro_ccd,0,64,c2c,99,126,1,60000,345.9496,345.9496,345.9496
B,otro_ccd,0,64,c2c,99,127,1,60000,353.0871,353.0871,353.0871
B,mismo_ccd,0,64,c2c,100,101,1,60000,27.2752,27.2752,27.2752
B,mismo_ccd,0,64,c2c,100,102,1,60000,27.4508,27.4508,27.4508
B,mismo_ccd,0,64,c2c,100,103,1,60000,27.0997,27.0997,27.0997
B,otro_ccd,0,64,c2c,100,104,1,60000,234.7450,234.7450,234.7450
B,otro_ccd,0,64,c2c,100,105,1,60000,322.0116,322.0116,322.0116
B,otro_ccd,0,64,c2c,100,106,1,60000,248.2947,248.2947,248.2947
B,otro_ccd,0,64,c2c,100,107,1,60000,290.2380,290.2380,290.2380
B,otro_ccd,0,64,c2c,100,108,1,60000,264.2239,264.2239,264.2239
B,otro_ccd,0,64,c2c,100,109,1,60000,256.9543,256.9543,256.9543
B,otro_ccd,0,64,c2c,100,110,1,60000,242.8215,242.8215,242.8215
B,otro_ccd,0,64,c2c,100,111,1,60000,296.4015,296.4015,296.4015
B,otro_ccd,0,64,c2c,100,112,1,60000,253.4104,253.4104,253.4104
B,otro_ccd,0,64,c2c,100,113,1,60000,357.2201,357.2201,357.2201
B,otro_ccd,0,64,c2c,100,114,1,60000,246.4006,246.4006,246.4006
B,otro_ccd,0,64,c2c,100,115,1,60000,367.0925,367.0925,367.0925
B,otro_ccd,0,64,c2c,100,116,1,60000,266.1273,266.1273,266.1273
B,otro_ccd,0,64,c2c,100,117,1,60000,245.9323,245.9323,245.9323
B,otro_ccd,0,64,c2c,100,118,1,60000,310.6806,310.6806,310.6806
B,otro_ccd,0,64,c2c,100,119,1,60000,329.8853,329.8853,329.8853
B,otro_ccd,0,64,c2c,100,120,1,60000,260.6265,260.6265,260.6265
B,otro_ccd,0,64,c2c,100,121,1,60000,346.3527,346.3527,346.3527
B,otro_ccd,0,64,c2c,100,122,1,60000,239.0180,239.0180,239.0180
B,otro_ccd,0,64,c2c,100,123,1,60000,257.5765,257.5765,257.5765
B,otro_ccd,0,64,c2c,100,124,1,60000,249.8275,249.8275,249.8275
B,otro_ccd,0,64,c2c,100,125,1,60000,261.6212,261.6212,261.6212
B,otro_ccd,0,64,c2c,100,126,1,60000,238.9274,238.9274,238.9274
B,otro_ccd,0,64,c2c,100,127,1,60000,366.7825,366.7825,366.7825
B,mismo_ccd,0,64,c2c,101,102,1,60000,27.0836,27.0836,27.0836
B,mismo_ccd,0,64,c2c,101,103,1,60000,27.4959,27.4959,27.4959
B,otro_ccd,0,64,c2c,101,104,1,60000,338.9834,338.9834,338.9834
B,otro_ccd,0,64,c2c,101,105,1,60000,276.8586,276.8586,276.8586
B,otro_ccd,0,64,c2c,101,106,1,60000,303.3187,303.3187,303.3187
B,otro_ccd,0,64,c2c,101,107,1,60000,258.0621,258.0621,258.0621
B,otro_ccd,0,64,c2c,101,108,1,60000,327.8621,327.8621,327.8621
B,otro_ccd,0,64,c2c,101,109,1,60000,256.4885,256.4885,256.4885
B,otro_ccd,0,64,c2c,101,110,1,60000,352.5800,352.5800,352.5800
B,otro_ccd,0,64,c2c,101,111,1,60000,238.0469,238.0469,238.0469
B,otro_ccd,0,64,c2c,101,112,1,60000,332.7742,332.7742,332.7742
B,otro_ccd,0,64,c2c,101,113,1,60000,271.1753,271.1753,271.1753
B,otro_ccd,0,64,c2c,101,114,1,60000,315.2624,315.2624,315.2624
B,otro_ccd,0,64,c2c,101,115,1,60000,271.5006,271.5006,271.5006
B,otro_ccd,0,64,c2c,101,116,1,60000,315.0376,315.0376,315.0376
B,otro_ccd,0,64,c2c,101,117,1,60000,235.0203,235.0203,235.0203
B,otro_ccd,0,64,c2c,101,118,1,60000,257.5023,257.5023,257.5023
B,otro_ccd,0,64,c2c,101,119,1,60000,267.7080,267.7080,267.7080
B,otro_ccd,0,64,c2c,101,120,1,60000,310.9567,310.9567,310.9567
B,otro_ccd,0,64,c2c,101,121,1,60000,304.3042,304.3042,304.3042
B,otro_ccd,0,64,c2c,101,122,1,60000,308.0694,308.0694,308.0694
B,otro_ccd,0,64,c2c,101,123,1,60000,263.7578,263.7578,263.7578
B,otro_ccd,0,64,c2c,101,124,1,60000,315.0891,315.0891,315.0891
B,otro_ccd,0,64,c2c,101,125,1,60000,255.1705,255.1705,255.1705
B,otro_ccd,0,64,c2c,101,126,1,60000,260.4694,260.4694,260.4694
B,otro_ccd,0,64,c2c,101,127,1,60000,286.4791,286.4791,286.4791
B,mismo_ccd,0,64,c2c,102,103,1,60000,27.2578,27.2578,27.2578
B,otro_ccd,0,64,c2c,102,104,1,60000,273.5397,273.5397,273.5397
B,otro_ccd,0,64,c2c,102,105,1,60000,251.6252,251.6252,251.6252
B,otro_ccd,0,64,c2c,102,106,1,60000,315.8305,315.8305,315.8305
B,otro_ccd,0,64,c2c,102,107,1,60000,336.9391,336.9391,336.9391
B,otro_ccd,0,64,c2c,102,108,1,60000,318.1716,318.1716,318.1716
B,otro_ccd,0,64,c2c,102,109,1,60000,295.7472,295.7472,295.7472
B,otro_ccd,0,64,c2c,102,110,1,60000,291.1586,291.1586,291.1586
B,otro_ccd,0,64,c2c,102,111,1,60000,355.1555,355.1555,355.1555
B,otro_ccd,0,64,c2c,102,112,1,60000,353.0749,353.0749,353.0749
B,otro_ccd,0,64,c2c,102,113,1,60000,269.5078,269.5078,269.5078
B,otro_ccd,0,64,c2c,102,114,1,60000,317.2900,317.2900,317.2900
B,otro_ccd,0,64,c2c,102,115,1,60000,286.3077,286.3077,286.3077
B,otro_ccd,0,64,c2c,102,116,1,60000,312.5771,312.5771,312.5771
B,otro_ccd,0,64,c2c,102,117,1,60000,238.0896,238.0896,238.0896
B,otro_ccd,0,64,c2c,102,118,1,60000,352.5490,352.5490,352.5490
B,otro_ccd,0,64,c2c,102,119,1,60000,305.8115,305.8115,305.8115
B,otro_ccd,0,64,c2c,102,120,1,60000,331.5231,331.5231,331.5231
B,otro_ccd,0,64,c2c,102,121,1,60000,312.9202,312.9202,312.9202
B,otro_ccd,0,64,c2c,102,122,1,60000,360.6689,360.6689,360.6689
B,otro_ccd,0,64,c2c,102,123,1,60000,307.9803,307.9803,307.9803
B,otro_ccd,0,64,c2c,102,124,1,60000,320.1701,320.1701,320.1701
B,otro_ccd,0,64,c2c,102,125,1,60000,249.2025,249.2025,249.2025
B,otro_ccd,0,64,c2c,102,126,1,60000,306.5433,306.5433,306.5433
B,otro_ccd,0,64,c2c,102,127,1,60000,310.2599,310.2599,310.2599
B,otro_ccd,0,64,c2c,103,104,1,60000,323.0366,323.0366,323.0366
B,otro_ccd,0,64,c2c,103,105,1,60000,332.4879,332.4879,332.4879
B,otro_ccd,0,64,c2c,103,106,1,60000,275.0642,275.0642,275.0642
B,otro_ccd,0,64,c2c,103,107,1,60000,300.3152,300.3152,300.3152
B,otro_ccd,0,64,c2c,103,108,1,60000,318.4070,318.4070,318.4070
B,otro_ccd,0,64,c2c,103,109,1,60000,355.2399,355.2399,355.2399
B,otro_ccd,0,64,c2c,103,110,1,60000,271.6259,271.6259,271.6259
B,otro_ccd,0,64,c2c,103,111,1,60000,330.3087,330.3087,330.3087
B,otro_ccd,0,64,c2c,103,112,1,60000,310.1139,310.1139,310.1139
B,otro_ccd,0,64,c2c,103,113,1,60000,304.9429,304.9429,304.9429
B,otro_ccd,0,64,c2c,103,114,1,60000,259.6238,259.6238,259.6238
B,otro_ccd,0,64,c2c,103,115,1,60000,320.4163,320.4163,320.4163
B,otro_ccd,0,64,c2c,103,116,1,60000,362.9796,362.9796,362.9796
B,otro_ccd,0,64,c2c,103,117,1,60000,308.6618,308.6618,308.6618
B,otro_ccd,0,64,c2c,103,118,1,60000,309.6514,309.6514,309.6514
B,otro_ccd,0,64,c2c,103,119,1,60000,346.2059,346.2059,346.2059
B,otro_ccd,0,64,c2c,103,120,1,60000,287.0333,287.0333,287.0333
B,otro_ccd,0,64,c2c,103,121,1,60000,321.2745,321.2745,321.2745
B,otro_ccd,0,64,c2c,103,122,1,60000,315.6527,315.6527,315.6527
B,otro_ccd,0,64,c2c,103,123,1,60000,287.1671,287.1671,287.1671
B,otro_ccd,0,64,c2c,103,124,1,60000,330.4120,330.4120,330.4120
B,otro_ccd,0,64,c2c,103,125,1,60000,333.2151,333.2151,333.2151
B,otro_ccd,0,64,c2c,103,126,1,60000,250.3953,250.3953,250.3953
B,otro_ccd,0,64,c2c,103,127,1,60000,325.8646,325.8646,325.8646
B,mismo_ccd,0,64,c2c,104,105,1,60000,27.2263,27.2263,27.2263
B,mismo_ccd,0,64,c2c,104,106,1,60000,27.4985,27.4985,27.4985
B,mismo_ccd,0,64,c2c,104,107,1,60000,27.9312,27.9312,27.9312
B,mismo_ccd,0,64,c2c,104,108,1,60000,27.3597,27.3597,27.3597
B,mismo_ccd,0,64,c2c,104,109,1,60000,27.4786,27.4786,27.4786
B,mismo_ccd,0,64,c2c,104,110,1,60000,27.3944,27.3944,27.3944
B,mismo_ccd,0,64,c2c,104,111,1,60000,27.3049,27.3049,27.3049
B,otro_ccd,0,64,c2c,104,112,1,60000,249.9579,249.9579,249.9579
B,otro_ccd,0,64,c2c,104,113,1,60000,285.6611,285.6611,285.6611
B,otro_ccd,0,64,c2c,104,114,1,60000,247.1719,247.1719,247.1719
B,otro_ccd,0,64,c2c,104,115,1,60000,247.4158,247.4158,247.4158
B,otro_ccd,0,64,c2c,104,116,1,60000,287.6400,287.6400,287.6400
B,otro_ccd,0,64,c2c,104,117,1,60000,263.1250,263.1250,263.1250
B,otro_ccd,0,64,c2c,104,118,1,60000,272.2968,272.2968,272.2968
B,otro_ccd,0,64,c2c,104,119,1,60000,328.2254,328.2254,328.2254
B,otro_ccd,0,64,c2c,104,120,1,60000,248.5877,248.5877,248.5877
B,otro_ccd,0,64,c2c,104,121,1,60000,353.1581,353.1581,353.1581
B,otro_ccd,0,64,c2c,104,122,1,60000,258.6831,258.6831,258.6831
B,otro_ccd,0,64,c2c,104,123,1,60000,242.8592,242.8592,242.8592
B,otro_ccd,0,64,c2c,104,124,1,60000,330.0930,330.0930,330.0930
B,otro_ccd,0,64,c2c,104,125,1,60000,242.7920,242.7920,242.7920
B,otro_ccd,0,64,c2c,104,126,1,60000,295.4373,295.4373,295.4373
B,otro_ccd,0,64,c2c,104,127,1,60000,308.7168,308.7168,308.7168
B,mismo_ccd,0,64,c2c,105,106,1,60000,27.5617,27.5617,27.5617
B,mismo_ccd,0,64,c2c,105,107,1,60000,27.1693,27.1693,27.1693
B,mismo_ccd,0,64,c2c,105,108,1,60000,27.2804,27.2804,27.2804
B,mismo_ccd,0,64,c2c,105,109,1,60000,27.5227,27.5227,27.5227
B,mismo_ccd,0,64,c2c,105,110,1,60000,27.2363,27.2363,27.2363
B,mismo_ccd,0,64,c2c,105,111,1,60000,27.4572,27.4572,27.4572
B,otro_ccd,0,64,c2c,105,112,1,60000,256.6706,256.6706,256.6706
B,otro_ccd,0,64,c2c,105,113,1,60000,252.9499,252.9499,252.9499
B,otro_ccd,0,64,c2c,105,114,1,60000,250.7012,250.7012,250.7012
B,otro_ccd,0,64,c2c,105,115,1,60000,277.5798,277.5798,277.5798
B,otro_ccd,0,64,c2c,105,116,1,60000,265.4422,265.4422,265.4422
B,otro_ccd,0,64,c2c,105,117,1,60000,260.9148,260.9148,260.9148
B,otro_ccd,0,64,c2c,105,118,1,60000,299.2525,299.2525,299.2525
B,otro_ccd,0,64,c2c,105,119,1,60000,271.4796,271.4796,271.4796
B,otro_ccd,0,64,c2c,105,120,1,60000,264.7469,264.7469,264.7469
B,otro_ccd,0,64,c2c,105,121,1,60000,262.5503,262.5503,262.5503
B,otro_ccd,0,64,c2c,105,122,1,60000,263.1752,263.1752,263.1752
B,otro_ccd,0,64,c2c,105,123,1,60000,257.5499,257.5499,257.5499
B,otro_ccd,0,64,c2c,105,124,1,60000,273.9454,273.9454,273.9454
B,otro_ccd,0,64,c2c,105,125,1,60000,268.5388,268.5388,268.5388
B,otro_ccd,0,64,c2c,105,126,1,60000,360.2587,360.2587,360.2587
B,otro_ccd,0,64,c2c,105,127,1,60000,285.5406,285.5406,285.5406
B,mismo_ccd,0,64,c2c,106,107,1,60000,27.3993,27.3993,27.3993
B,mismo_ccd,0,64,c2c,106,108,1,60000,27.0540,27.0540,27.0540
B,mismo_ccd,0,64,c2c,106,109,1,60000,27.5975,27.5975,27.5975
B,mismo_ccd,0,64,c2c,106,110,1,60000,27.3191,27.3191,27.3191
B,mismo_ccd,0,64,c2c,106,111,1,60000,27.4595,27.4595,27.4595
B,otro_ccd,0,64,c2c,106,112,1,60000,250.3493,250.3493,250.3493
B,otro_ccd,0,64,c2c,106,113,1,60000,336.7229,336.7229,336.7229
B,otro_ccd,0,64,c2c,106,114,1,60000,279.4000,279.4000,279.4000
B,otro_ccd,0,64,c2c,106,115,1,60000,228.2494,228.2494,228.2494
B,otro_ccd,0,64,c2c,106,116,1,60000,300.5247,300.5247,300.5247
B,otro_ccd,0,64,c2c,106,117,1,60000,266.8229,266.8229,266.8229
B,otro_ccd,0,64,c2c,106,118,1,60000,323.3545,323.3545,323.3545
B,otro_ccd,0,64,c2c,106,119,1,60000,293.2582,293.2582,293.2582
B,otro_ccd,0,64,c2c,106,120,1,60000,277.1838,277.1838,277.1838
B,otro_ccd,0,64,c2c,106,121,1,60000,305.9993,305.9993,305.9993
B,otro_ccd,0,64,c2c,106,122,1,60000,234.8105,234.8105,234.8105
B,otro_ccd,0,64,c2c,106,123,1,60000,258.9006,258.9006,258.9006
B,otro_ccd,0,64,c2c,106,124,1,60000,316.7003,316.7003,316.7003
B,otro_ccd,0,64,c2c,106,125,1,60000,305.0078,305.0078,305.0078
B,otro_ccd,0,64,c2c,106,126,1,60000,326.2771,326.2771,326.2771
B,otro_ccd,0,64,c2c,106,127,1,60000,278.9317,278.9317,278.9317
B,mismo_ccd,0,64,c2c,107,108,1,60000,27.3605,27.3605,27.3605
B,mismo_ccd,0,64,c2c,107,109,1,60000,27.1014,27.1014,27.1014
B,mismo_ccd,0,64,c2c,107,110,1,60000,27.3445,27.3445,27.3445
B,mismo_ccd,0,64,c2c,107,111,1,60000,27.1201,27.1201,27.1201
B,otro_ccd,0,64,c2c,107,112,1,60000,266.7489,266.7489,266.7489
B,otro_ccd,0,64,c2c,107,113,1,60000,283.2035,283.2035,283.2035
B,otro_ccd,0,64,c2c,107,114,1,60000,278.2643,278.2643,278.2643
B,otro_ccd,0,64,c2c,107,115,1,60000,331.4579,331.4579,331.4579
B,otro_ccd,0,64,c2c,107,116,1,60000,288.6103,288.6103,288.6103
B,otro_ccd,0,64,c2c,107,117,1,60000,320.2376,320.2376,320.2376
B,otro_ccd,0,64,c2c,107,118,1,60000,343.6696,343.6696,343.6696
B,otro_ccd,0,64,c2c,107,119,1,60000,280.2474,280.2474,280.2474
B,otro_ccd,0,64,c2c,107,120,1,60000,255.4720,255.4720,255.4720
B,otro_ccd,0,64,c2c,107,121,1,60000,251.7594,251.7594,251.7594
B,otro_ccd,0,64,c2c,107,122,1,60000,292.5858,292.5858,292.5858
B,otro_ccd,0,64,c2c,107,123,1,60000,314.7890,314.7890,314.7890
B,otro_ccd,0,64,c2c,107,124,1,60000,239.7084,239.7084,239.7084
B,otro_ccd,0,64,c2c,107,125,1,60000,330.8338,330.8338,330.8338
B,otro_ccd,0,64,c2c,107,126,1,60000,295.4235,295.4235,295.4235
B,otro_ccd,0,64,c2c,107,127,1,60000,362.2709,362.2709,362.2709
B,mismo_ccd,0,64,c2c,108,109,1,60000,27.3931,27.3931,27.3931
B,mismo_ccd,0,64,c2c,108,110,1,60000,27.3218,27.3218,27.3218
B,mismo_ccd,0,64,c2c,108,111,1,60000,27.2605,27.2605,27.2605
B,otro_ccd,0,64,c2c,108,112,1,60000,242.4898,242.4898,242.4898
B,otro_ccd,0,64,c2c,108,113,1,60000,252.7698,252.7698,252.7698
B,otro_ccd,0,64,c2c,108,114,1,60000,321.9927,321.9927,321.9927
B,otro_ccd,0,64,c2c,108,115,1,60000,364.6286,364.6286,364.6286
B,otro_ccd,0,64,c2c,108,116,1,60000,249.7214,249.7214,249.7214
B,otro_ccd,0,64,c2c,108,117,1,60000,318.4690,318.4690,318.4690
B,otro_ccd,0,64,c2c,108,118,1,60000,250.5832,250.5832,250.5832
B,otro_ccd,0,64,c2c,108,119,1,60000,317.6246,317.6246,317.6246
B,otro_ccd,0,64,c2c,108,120,1,60000,254.4122,254.4122,254.4122
B,otro_ccd,0,64,c2c,108,121,1,60000,227.8863,227.8863,227.8863
B,otro_ccd,0,64,c2c,108,122,1,60000,293.0471,293.0471,293.0471
B,otro_ccd,0,64,c2c,108,123,1,60000,299.0675,299.0675,299.0675
B,otro_ccd,0,64,c2c,108,124,1,60000,234.8673,234.8673,234.8673
B,otro_ccd,0,64,c2c,108,125,1,60000,336.4032,336.4032,336.4032
B,otro_ccd,0,64,c2c,108,126,1,60000,356.0050,356.0050,356.0050
B,otro_ccd,0,64,c2c,108,127,1,60000,322.9495,322.9495,322.9495
B,mismo_ccd,0,64,c2c,109,110,1,60000,27.3239,27.3239,27.3239
B,mismo_ccd,0,64,c2c,109,111,1,60000,27.2428,27.2428,27.2428
B,otro_ccd,0,64,c2c,109,112,1,60000,323.2594,323.2594,323.2594
B,otro_ccd,0,64,c2c,109,113,1,60000,265.2789,265.2789,265.2789
B,otro_ccd,0,64,c2c,109,114,1,60000,312.6581,312.6581,312.6581
B,otro_ccd,0,64,c2c,109,115,1,60000,250.0766,250.0766,250.0766
B,otro_ccd,0,64,c2c,109,116,1,60000,364.9359,364.9359,364.9359
B,otro_ccd,0,64,c2c,109,117,1,60000,278.1016,278.1016,278.1016
B,otro_ccd,0,64,c2c,109,118,1,60000,374.0694,374.0694,374.0694
B,otro_ccd,0,64,c2c,109,119,1,60000,267.0722,267.0722,267.0722
B,otro_ccd,0,64,c2c,109,120,1,60000,350.5151,350.5151,350.5151
B,otro_ccd,0,64,c2c,109,121,1,60000,234.8585,234.8585,234.8585
B,otro_ccd,0,64,c2c,109,122,1,60000,269.3216,269.3216,269.3216
B,otro_ccd,0,64,c2c,109,123,1,60000,266.1847,266.1847,266.1847
B,otro_ccd,0,64,c2c,109,124,1,60000,312.5153,312.5153,312.5153
B,otro_ccd,0,64,c2c,109,125,1,60000,324.9926,324.9926,324.9926
B,otro_ccd,0,64,c2c,109,126,1,60000,308.9181,308.9181,308.9181
B,otro_ccd,0,64,c2c,109,127,1,60000,265.0608,265.0608,265.0608
B,mismo_ccd,0,64,c2c,110,111,1,60000,27.5551,27.5551,27.5551
B,otro_ccd,0,64,c2c,110,112,1,60000,247.6543,247.6543,247.6543
B,otro_ccd,0,64,c2c,110,113,1,60000,245.8781,245.8781,245.8781
B,otro_ccd,0,64,c2c,110,114,1,60000,311.1351,311.1351,311.1351
B,otro_ccd,0,64,c2c,110,115,1,60000,330.7800,330.7800,330.7800
B,otro_ccd,0,64,c2c,110,116,1,60000,324.9093,324.9093,324.9093
B,otro_ccd,0,64,c2c,110,117,1,60000,323.3546,323.3546,323.3546
B,otro_ccd,0,64,c2c,110,118,1,60000,343.9484,343.9484,343.9484
B,otro_ccd,0,64,c2c,110,119,1,60000,326.1462,326.1462,326.1462
B,otro_ccd,0,64,c2c,110,120,1,60000,314.7328,314.7328,314.7328
B,otro_ccd,0,64,c2c,110,121,1,60000,279.0223,279.0223,279.0223
B,otro_ccd,0,64,c2c,110,122,1,60000,320.5273,320.5273,320.5273
B,otro_ccd,0,64,c2c,110,123,1,60000,273.8476,273.8476,273.8476
B,otro_ccd,0,64,c2c,110,124,1,60000,329.7349,329.7349,329.7349
B,otro_ccd,0,64,c2c,110,125,1,60000,311.9658,311.9658,311.9658
B,otro_ccd,0,64,c2c,110,126,1,60000,308.2646,308.2646,308.2646
B,otro_ccd,0,64,c2c,110,127,1,60000,287.3505,287.3505,287.3505
B,otro_ccd,0,64,c2c,111,112,1,60000,295.0226,295.0226,295.0226
B,otro_ccd,0,64,c2c,111,113,1,60000,326.3336,326.3336,326.3336
B,otro_ccd,0,64,c2c,111,114,1,60000,320.3463,320.3463,320.3463
B,otro_ccd,0,64,c2c,111,115,1,60000,316.3226,316.3226,316.3226
B,otro_ccd,0,64,c2c,111,116,1,60000,256.3691,256.3691,256.3691
B,otro_ccd,0,64,c2c,111,117,1,60000,362.3473,362.3473,362.3473
B,otro_ccd,0,64,c2c,111,118,1,60000,309.6672,309.6672,309.6672
B,otro_ccd,0,64,c2c,111,119,1,60000,313.9001,313.9001,313.9001
B,otro_ccd,0,64,c2c,111,120,1,60000,269.8213,269.8213,269.8213
B,otro_ccd,0,64,c2c,111,121,1,60000,301.1408,301.1408,301.1408
B,otro_ccd,0,64,c2c,111,122,1,60000,311.6360,311.6360,311.6360
B,otro_ccd,0,64,c2c,111,123,1,60000,308.7445,308.7445,308.7445
B,otro_ccd,0,64,c2c,111,124,1,60000,355.4823,355.4823,355.4823
B,otro_ccd,0,64,c2c,111,125,1,60000,366.3992,366.3992,366.3992
B,otro_ccd,0,64,c2c,111,126,1,60000,286.5324,286.5324,286.5324
B,otro_ccd,0,64,c2c,111,127,1,60000,360.6612,360.6612,360.6612
B,mismo_ccd,0,64,c2c,112,113,1,60000,27.4850,27.4850,27.4850
B,mismo_ccd,0,64,c2c,112,114,1,60000,28.4919,28.4919,28.4919
B,mismo_ccd,0,64,c2c,112,115,1,60000,27.3944,27.3944,27.3944
B,mismo_ccd,0,64,c2c,112,116,1,60000,27.5727,27.5727,27.5727
B,mismo_ccd,0,64,c2c,112,117,1,60000,27.0973,27.0973,27.0973
B,mismo_ccd,0,64,c2c,112,118,1,60000,27.8215,27.8215,27.8215
B,mismo_ccd,0,64,c2c,112,119,1,60000,27.3562,27.3562,27.3562
B,otro_ccd,0,64,c2c,112,120,1,60000,322.3329,322.3329,322.3329
B,otro_ccd,0,64,c2c,112,121,1,60000,260.5676,260.5676,260.5676
B,otro_ccd,0,64,c2c,112,122,1,60000,255.3949,255.3949,255.3949
B,otro_ccd,0,64,c2c,112,123,1,60000,323.4113,323.4113,323.4113
B,otro_ccd,0,64,c2c,112,124,1,60000,240.1348,240.1348,240.1348
B,otro_ccd,0,64,c2c,112,125,1,60000,332.8891,332.8891,332.8891
B,otro_ccd,0,64,c2c,112,126,1,60000,279.1386,279.1386,279.1386
B,otro_ccd,0,64,c2c,112,127,1,60000,224.1136,224.1136,224.1136
B,mismo_ccd,0,64,c2c,113,114,1,60000,27.1933,27.1933,27.1933
B,mismo_ccd,0,64,c2c,113,115,1,60000,27.4312,27.4312,27.4312
B,mismo_ccd,0,64,c2c,113,116,1,60000,27.3342,27.3342,27.3342
B,mismo_ccd,0,64,c2c,113,117,1,60000,27.2915,27.2915,27.2915
B,mismo_ccd,0,64,c2c,113,118,1,60000,27.3078,27.3078,27.3078
B,mismo_ccd,0,64,c2c,113,119,1,60000,27.2815,27.2815,27.2815
B,otro_ccd,0,64,c2c,113,120,1,60000,262.3762,262.3762,262.3762
B,otro_ccd,0,64,c2c,113,121,1,60000,265.5887,265.5887,265.5887
B,otro_ccd,0,64,c2c,113,122,1,60000,328.9493,328.9493,328.9493
B,otro_ccd,0,64,c2c,113,123,1,60000,259.2680,259.2680,259.2680
B,otro_ccd,0,64,c2c,113,124,1,60000,247.8725,247.8725,247.8725
B,otro_ccd,0,64,c2c,113,125,1,60000,215.6235,215.6235,215.6235
B,otro_ccd,0,64,c2c,113,126,1,60000,263.8477,263.8477,263.8477
B,otro_ccd,0,64,c2c,113,127,1,60000,231.7106,231.7106,231.7106
B,mismo_ccd,0,64,c2c,114,115,1,60000,27.2327,27.2327,27.2327
B,mismo_ccd,0,64,c2c,114,116,1,60000,27.1130,27.1130,27.1130
B,mismo_ccd,0,64,c2c,114,117,1,60000,27.2976,27.2976,27.2976
B,mismo_ccd,0,64,c2c,114,118,1,60000,27.0491,27.0491,27.0491
B,mismo_ccd,0,64,c2c,114,119,1,60000,27.2170,27.2170,27.2170
B,otro_ccd,0,64,c2c,114,120,1,60000,310.5646,310.5646,310.5646
B,otro_ccd,0,64,c2c,114,121,1,60000,262.7315,262.7315,262.7315
B,otro_ccd,0,64,c2c,114,122,1,60000,329.0381,329.0381,329.0381
B,otro_ccd,0,64,c2c,114,123,1,60000,244.0572,244.0572,244.0572
B,otro_ccd,0,64,c2c,114,124,1,60000,248.5253,248.5253,248.5253
B,otro_ccd,0,64,c2c,114,125,1,60000,301.0452,301.0452,301.0452
B,otro_ccd,0,64,c2c,114,126,1,60000,290.1470,290.1470,290.1470
B,otro_ccd,0,64,c2c,114,127,1,60000,250.2174,250.2174,250.2174
B,mismo_ccd,0,64,c2c,115,116,1,60000,27.5705,27.5705,27.5705
B,mismo_ccd,0,64,c2c,115,117,1,60000,27.1027,27.1027,27.1027
B,mismo_ccd,0,64,c2c,115,118,1,60000,27.6738,27.6738,27.6738
B,mismo_ccd,0,64,c2c,115,119,1,60000,27.1318,27.1318,27.1318
B,otro_ccd,0,64,c2c,115,120,1,60000,235.8249,235.8249,235.8249
B,otro_ccd,0,64,c2c,115,121,1,60000,355.3593,355.3593,355.3593
B,otro_ccd,0,64,c2c,115,122,1,60000,234.9586,234.9586,234.9586
B,otro_ccd,0,64,c2c,115,123,1,60000,250.7482,250.7482,250.7482
B,otro_ccd,0,64,c2c,115,124,1,60000,303.7907,303.7907,303.7907
B,otro_ccd,0,64,c2c,115,125,1,60000,309.8092,309.8092,309.8092
B,otro_ccd,0,64,c2c,115,126,1,60000,283.1763,283.1763,283.1763
B,otro_ccd,0,64,c2c,115,127,1,60000,367.5995,367.5995,367.5995
B,mismo_ccd,0,64,c2c,116,117,1,60000,27.2490,27.2490,27.2490
B,mismo_ccd,0,64,c2c,116,118,1,60000,28.5232,28.5232,28.5232
B,mismo_ccd,0,64,c2c,116,119,1,60000,27.1142,27.1142,27.1142
B,otro_ccd,0,64,c2c,116,120,1,60000,252.6604,252.6604,252.6604
B,otro_ccd,0,64,c2c,116,121,1,60000,345.0066,345.0066,345.0066
B,otro_ccd,0,64,c2c,116,122,1,60000,271.8497,271.8497,271.8497
B,otro_ccd,0,64,c2c,116,123,1,60000,297.9699,297.9699,297.9699
B,otro_ccd,0,64,c2c,116,124,1,60000,213.2463,213.2463,213.2463
B,otro_ccd,0,64,c2c,116,125,1,60000,253.5958,253.5958,253.5958
B,otro_ccd,0,64,c2c,116,126,1,60000,321.1830,321.1830,321.1830
B,otro_ccd,0,64,c2c,116,127,1,60000,312.2771,312.2771,312.2771
B,mismo_ccd,0,64,c2c,117,118,1,60000,27.2046,27.2046,27.2046
B,mismo_ccd,0,64,c2c,117,119,1,60000,27.3765,27.3765,27.3765
B,otro_ccd,0,64,c2c,117,120,1,60000,260.6300,260.6300,260.6300
B,otro_ccd,0,64,c2c,117,121,1,60000,262.2363,262.2363,262.2363
B,otro_ccd,0,64,c2c,117,122,1,60000,323.6255,323.6255,323.6255
B,otro_ccd,0,64,c2c,117,123,1,60000,258.2121,258.2121,258.2121
B,otro_ccd,0,64,c2c,117,124,1,60000,302.4763,302.4763,302.4763
B,otro_ccd,0,64,c2c,117,125,1,60000,260.5461,260.5461,260.5461
B,otro_ccd,0,64,c2c,117,126,1,60000,351.7736,351.7736,351.7736
B,otro_ccd,0,64,c2c,117,127,1,60000,280.0556,280.0556,280.0556
B,mismo_ccd,0,64,c2c,118,119,1,60000,27.1906,27.1906,27.1906
B,otro_ccd,0,64,c2c,118,120,1,60000,302.9335,302.9335,302.9335
B,otro_ccd,0,64,c2c,118,121,1,60000,256.6444,256.6444,256.6444
B,otro_ccd,0,64,c2c,118,122,1,60000,365.1847,365.1847,365.1847
B,otro_ccd,0,64,c2c,118,123,1,60000,260.0382,260.0382,260.0382
B,otro_ccd,0,64,c2c,118,124,1,60000,283.9700,283.9700,283.9700
B,otro_ccd,0,64,c2c,118,125,1,60000,278.0707,278.0707,278.0707
B,otro_ccd,0,64,c2c,118,126,1,60000,304.6962,304.6962,304.6962
B,otro_ccd,0,64,c2c,118,127,1,60000,237.1422,237.1422,237.1422
B,otro_ccd,0,64,c2c,119,120,1,60000,270.4121,270.4121,270.4121
B,otro_ccd,0,64,c2c,119,121,1,60000,339.3779,339.3779,339.3779
B,otro_ccd,0,64,c2c,119,122,1,60000,261.9717,261.9717,261.9717
B,otro_ccd,0,64,c2c,119,123,1,60000,287.1508,287.1508,287.1508
B,otro_ccd,0,64,c2c,119,124,1,60000,286.1821,286.1821,286.1821
B,otro_ccd,0,64,c2c,119,125,1,60000,359.8426,359.8426,359.8426
B,otro_ccd,0,64,c2c,119,126,1,60000,246.6051,246.6051,246.6051
B,otro_ccd,0,64,c2c,119,127,1,60000,362.8294,362.8294,362.8294
B,mismo_ccd,0,64,c2c,120,121,1,60000,27.0003,27.0003,27.0003
B,mismo_ccd,0,64,c2c,120,122,1,60000,27.3609,27.3609,27.3609
B,mismo_ccd,0,64,c2c,120,123,1,60000,28.2668,28.2668,28.2668
B,mismo_ccd,0,64,c2c,120,124,1,60000,27.5938,27.5938,27.5938
B,mismo_ccd,0,64,c2c,120,125,1,60000,27.6001,27.6001,27.6001
B,mismo_ccd,0,64,c2c,120,126,1,60000,27.3611,27.3611,27.3611
B,mismo_ccd,0,64,c2c,120,127,1,60000,27.2828,27.2828,27.2828
B,mismo_ccd,0,64,c2c,121,122,1,60000,27.4016,27.4016,27.4016
B,mismo_ccd,0,64,c2c,121,123,1,60000,27.2002,27.2002,27.2002
B,mismo_ccd,0,64,c2c,121,124,1,60000,27.7352,27.7352,27.7352
B,mismo_ccd,0,64,c2c,121,125,1,60000,27.6829,27.6829,27.6829
B,mismo_ccd,0,64,c2c,121,126,1,60000,27.2800,27.2800,27.2800
B,mismo_ccd,0,64,c2c,121,127,1,60000,27.3516,27.3516,27.3516
B,mismo_ccd,0,64,c2c,122,123,1,60000,27.4564,27.4564,27.4564
B,mismo_ccd,0,64,c2c,122,124,1,60000,27.0387,27.0387,27.0387
B,mismo_ccd,0,64,c2c,122,125,1,60000,27.2592,27.2592,27.2592
B,mismo_ccd,0,64,c2c,122,126,1,60000,27.2097,27.2097,27.2097
B,mismo_ccd,0,64,c2c,122,127,1,60000,27.3417,27.3417,27.3417
B,mismo_ccd,0,64,c2c,123,124,1,60000,27.3944,27.3944,27.3944
B,mismo_ccd,0,64,c2c,123,125,1,60000,27.0703,27.0703,27.0703
B,mismo_ccd,0,64,c2c,123,126,1,60000,27.3368,27.3368,27.3368
B,mismo_ccd,0,64,c2c,123,127,1,60000,27.3793,27.3793,27.3793
B,mismo_ccd,0,64,c2c,124,125,1,60000,27.4196,27.4196,27.4196
B,mismo_ccd,0,64,c2c,124,126,1,60000,27.1199,27.1199,27.1199
B,mismo_ccd,0,64,c2c,124,127,1,60000,27.4710,27.4710,27.4710
B,mismo_ccd,0,64,c2c,125,126,1,60000,27.3157,27.3157,27.3157
B,mismo_ccd,0,64,c2c,125,127,1,60000,27.1039,27.1039,27.1039
B,mismo_ccd,0,64,c2c,126,127,1,60000,27.3469,27.3469,27.3469
