[OMPT] ompt_initialize (OPCIÓN C: integrador con fugas)
[HWLOC] Nodos NUMA detectados: 2
[HWLOC] Nodo 0: 128 CPUs
[HWLOC] Nodo 1: 128 CPUs
[OMPT] callback 'ompt_callback_thread_begin' registrado (result=5)
[OMPT] callback 'ompt_callback_thread_end' registrado (result=5)
[OMPT] callback 'ompt_callback_parallel_begin' registrado (result=5)
[OMPT] callback 'ompt_callback_parallel_end' registrado (result=5)
[OMPT] callback 'ompt_callback_implicit_task' registrado (result=5)
[OMPT] callback 'ompt_callback_control_tool' registrado (result=5)
[OMPT] Callbacks registrados
[OMPT] Sistema: 0 procesadores lógicos
[OMPT][MON] Monitor (C: integrador con fugas)  período=100ms  warmup=5  T=ref+1.00*MAD  leak=0.50*MAD  cap=8.00*MAD  max_mig=1
[OMPT][PERF] Contadores pausados (esperando start) tid=1054906
[OMPT] thread_begin: tipo=ompt_thread_initial    ompt_id=281474976710657 tid=1054906 cpu=255 numa=1
[OMPT] implicit_task_begin: parallel_id=0 thread_num=1 team_size=1
[OMPT] parallel_begin: parallel_id=281474976710659 team_size=32
[OMPT][PERF] Contadores pausados (esperando start) tid=1054928
[OMPT] thread_begin: tipo=ompt_thread_worker     ompt_id=562949953421313 tid=1054928 cpu=159 numa=0
[OMPT][PERF] Contadores pausados (esperando start) tid=1054929
[OMPT] thread_begin: tipo=ompt_thread_worker     ompt_id=844424930131969 tid=1054929 cpu=66 numa=1
[OMPT][PERF] Contadores pausados (esperando start) tid=1054930
[OMPT] thread_begin: tipo=ompt_thread_worker     ompt_id=1125899906842625 tid=1054930 cpu=44 numa=0
[OMPT][PERF] Contadores pausados (esperando start) tid=1054931
[OMPT] thread_begin: tipo=ompt_thread_worker     ompt_id=1407374883553281 tid=1054931 cpu=84 numa=1
[OMPT][PERF] Contadores pausados (esperando start) tid=1054932
[OMPT] thread_begin: tipo=ompt_thread_worker     ompt_id=1688849860263937 tid=1054932 cpu=191 numa=0
[OMPT][PERF] Contadores pausados (esperando start) tid=1054933
[OMPT] thread_begin: tipo=ompt_thread_worker     ompt_id=1970324836974593 tid=1054933 cpu=66 numa=1
[OMPT][PERF] Contadores pausados (esperando start) tid=1054935
[OMPT] thread_begin: tipo=ompt_thread_worker     ompt_id=2251799813685249 tid=1054935 cpu=84 numa=1
[OMPT][PERF] Contadores pausados (esperando start) tid=1054934
[OMPT] thread_begin: tipo=ompt_thread_worker     ompt_id=2533274790395905 tid=1054934 cpu=139 numa=0
[OMPT][PERF] Contadores pausados (esperando start) tid=1054937
[OMPT] thread_begin: tipo=ompt_thread_worker     ompt_id=2814749767106561 tid=1054937 cpu=84 numa=1
[OMPT][PERF] Contadores pausados (esperando start) tid=1054936
[OMPT] thread_begin: tipo=ompt_thread_worker     ompt_id=3096224743817217 tid=1054936 cpu=0 numa=0
[OMPT][PERF] Contadores pausados (esperando start) tid=1054938
[OMPT] thread_begin: tipo=ompt_thread_worker     ompt_id=3377699720527873 tid=1054938 cpu=231 numa=1
[OMPT][PERF] Contadores pausados (esperando start) tid=1054940
[OMPT] thread_begin: tipo=ompt_thread_worker     ompt_id=3940649673949185 tid=1054940 cpu=44 numa=0
[OMPT][PERF] Contadores pausados (esperando start) tid=1054939
[OMPT] thread_begin: tipo=ompt_thread_worker     ompt_id=3659174697238529 tid=1054939 cpu=36 numa=0
[OMPT][PERF] Contadores pausados (esperando start) tid=1054942
[OMPT] thread_begin: tipo=ompt_thread_worker     ompt_id=4222124650659841 tid=1054942 cpu=191 numa=0
[OMPT][PERF] Contadores pausados (esperando start) tid=1054941
[OMPT] thread_begin: tipo=ompt_thread_worker     ompt_id=4503599627370497 tid=1054941 cpu=64 numa=1
[OMPT][PERF] Contadores pausados (esperando start) tid=1054944
[OMPT] thread_begin: tipo=ompt_thread_worker     ompt_id=4785074604081153 tid=1054944 cpu=139 numa=0
[OMPT][PERF] Contadores pausados (esperando start) tid=1054943
[OMPT] thread_begin: tipo=ompt_thread_worker     ompt_id=5066549580791809 tid=1054943 cpu=110 numa=1
[OMPT][PERF] Contadores pausados (esperando start) tid=1054945
[OMPT] thread_begin: tipo=ompt_thread_worker     ompt_id=5348024557502465 tid=1054945 cpu=159 numa=0
[OMPT][PERF] Contadores pausados (esperando start) tid=1054946
[OMPT] thread_begin: tipo=ompt_thread_worker     ompt_id=5629499534213121 tid=1054946 cpu=0 numa=0
[OMPT][PERF] Contadores pausados (esperando start) tid=1054947
[OMPT] thread_begin: tipo=ompt_thread_worker     ompt_id=5910974510923777 tid=1054947 cpu=64 numa=1
[OMPT][PERF] Contadores pausados (esperando start) tid=1054948
[OMPT] thread_begin: tipo=ompt_thread_worker     ompt_id=6192449487634433 tid=1054948 cpu=37 numa=0
[OMPT][PERF] Contadores pausados (esperando start) tid=1054949
[OMPT] thread_begin: tipo=ompt_thread_worker     ompt_id=6473924464345089 tid=1054949 cpu=64 numa=1
[OMPT][PERF] Contadores pausados (esperando start) tid=1054950
[OMPT] thread_begin: tipo=ompt_thread_worker     ompt_id=6755399441055745 tid=1054950 cpu=139 numa=0
[OMPT][PERF] Contadores pausados (esperando start) tid=1054951
[OMPT] thread_begin: tipo=ompt_thread_worker     ompt_id=7036874417766401 tid=1054951 cpu=64 numa=1
[OMPT][PERF] Contadores pausados (esperando start) tid=1054952
[OMPT] thread_begin: tipo=ompt_thread_worker     ompt_id=7318349394477057 tid=1054952 cpu=110 numa=1
[OMPT][PERF] Contadores pausados (esperando start) tid=1054953
[OMPT] thread_begin: tipo=ompt_thread_worker     ompt_id=7599824371187713 tid=1054953 cpu=44 numa=0
[OMPT][PERF] Contadores pausados (esperando start) tid=1054954
[OMPT] thread_begin: tipo=ompt_thread_worker     ompt_id=7881299347898369 tid=1054954 cpu=110 numa=1
[OMPT][PERF] Contadores pausados (esperando start) tid=1054955
[OMPT] thread_begin: tipo=ompt_thread_worker     ompt_id=8162774324609025 tid=1054955 cpu=191 numa=0
[OMPT][PERF] Contadores pausados (esperando start) tid=1054956
[OMPT] thread_begin: tipo=ompt_thread_worker     ompt_id=8444249301319681 tid=1054956 cpu=110 numa=1
[OMPT][PERF] Contadores pausados (esperando start) tid=1054957
[OMPT] thread_begin: tipo=ompt_thread_worker     ompt_id=8725724278030337 tid=1054957 cpu=159 numa=0
[OMPT][PERF] Contadores pausados (esperando start) tid=1054958
[OMPT] thread_begin: tipo=ompt_thread_worker     ompt_id=9007199254740993 tid=1054958 cpu=110 numa=1
[OMPT] implicit_task_begin: parallel_id=281474976710659 thread_num=2 team_size=32
[OMPT] implicit_task_begin: parallel_id=281474976710659 thread_num=14 team_size=32
[OMPT] implicit_task_begin: parallel_id=281474976710659 thread_num=12 team_size=32
[OMPT] implicit_task_begin: parallel_id=281474976710659 thread_num=8 team_size=32
[OMPT] implicit_task_begin: parallel_id=281474976710659 thread_num=11 team_size=32
[OMPT] implicit_task_begin: parallel_id=281474976710659 thread_num=4 team_size=32
[OMPT] implicit_task_begin: parallel_id=281474976710659 thread_num=7 team_size=32
[OMPT] implicit_task_begin: parallel_id=281474976710659 thread_num=9 team_size=32
[OMPT] implicit_task_begin: parallel_id=281474976710659 thread_num=3 team_size=32
[OMPT] implicit_task_begin: parallel_id=281474976710659 thread_num=10 team_size=32
[OMPT] implicit_task_begin: parallel_id=281474976710659 thread_num=13 team_size=32
[OMPT] implicit_task_begin: parallel_id=281474976710659 thread_num=28 team_size=32
[OMPT] implicit_task_begin: parallel_id=281474976710659 thread_num=18 team_size=32
[OMPT] implicit_task_begin: parallel_id=281474976710659 thread_num=15 team_size=32
[OMPT] implicit_task_begin: parallel_id=281474976710659 thread_num=6 team_size=32
[OMPT] implicit_task_begin: parallel_id=281474976710659 thread_num=24 team_size=32
[OMPT] implicit_task_begin: parallel_id=281474976710659 thread_num=25 team_size=32
[OMPT] implicit_task_begin: parallel_id=281474976710659 thread_num=19 team_size=32
[OMPT] implicit_task_begin: parallel_id=281474976710659 thread_num=20 team_size=32
[OMPT] implicit_task_begin: parallel_id=281474976710659 thread_num=27 team_size=32
[OMPT] implicit_task_begin: parallel_id=281474976710659 thread_num=29 team_size=32
[OMPT] implicit_task_begin: parallel_id=281474976710659 thread_num=31 team_size=32
[OMPT] implicit_task_begin: parallel_id=281474976710659 thread_num=16 team_size=32
[OMPT] implicit_task_begin: parallel_id=281474976710659 thread_num=22 team_size=32
[OMPT] implicit_task_begin: parallel_id=281474976710659 thread_num=26 team_size=32
[OMPT] implicit_task_begin: parallel_id=281474976710659 thread_num=21 team_size=32
[OMPT] implicit_task_begin: parallel_id=281474976710659 thread_num=30 team_size=32
[OMPT] implicit_task_begin: parallel_id=281474976710659 thread_num=17 team_size=32
[OMPT] implicit_task_begin: parallel_id=281474976710659 thread_num=0 team_size=32
[OMPT] implicit_task_begin: parallel_id=281474976710659 thread_num=5 team_size=32
[OMPT] implicit_task_begin: parallel_id=281474976710659 thread_num=23 team_size=32
[OMPT] implicit_task_begin: parallel_id=281474976710659 thread_num=1 team_size=32
[OMPT] implicit_task_end: parallel_id=0 thread_num=0
[OMPT] parallel_end: parallel_id=281474976710659
[OMPT] parallel_begin: parallel_id=281474976710661 team_size=32
[OMPT] implicit_task_end: parallel_id=0 thread_num=12
[OMPT] implicit_task_end: parallel_id=0 thread_num=2
[OMPT] implicit_task_end: parallel_id=0 thread_num=1
[OMPT] implicit_task_begin: parallel_id=281474976710661 thread_num=12 team_size=32
[OMPT] implicit_task_end: parallel_id=0 thread_num=4
[OMPT] implicit_task_begin: parallel_id=281474976710661 thread_num=2 team_size=32
[OMPT] implicit_task_end: parallel_id=0 thread_num=3
[OMPT] implicit_task_end: parallel_id=0 thread_num=6
[OMPT] implicit_task_end: parallel_id=0 thread_num=5
[OMPT] implicit_task_end: parallel_id=0 thread_num=16
[OMPT] implicit_task_begin: parallel_id=281474976710661 thread_num=4 team_size=32
[OMPT] implicit_task_end: parallel_id=0 thread_num=8
[OMPT] implicit_task_begin: parallel_id=281474976710661 thread_num=3 team_size=32
[OMPT] implicit_task_end: parallel_id=0 thread_num=14
[OMPT] implicit_task_end: parallel_id=0 thread_num=24
[OMPT] implicit_task_begin: parallel_id=281474976710661 thread_num=8 team_size=32
[OMPT] implicit_task_end: parallel_id=0 thread_num=10
[OMPT] implicit_task_end: parallel_id=0 thread_num=15
[OMPT] implicit_task_end: parallel_id=0 thread_num=27
[OMPT] implicit_task_end: parallel_id=0 thread_num=7
[OMPT] implicit_task_begin: parallel_id=281474976710661 thread_num=14 team_size=32
[OMPT] implicit_task_begin: parallel_id=281474976710661 thread_num=24 team_size=32
[OMPT] implicit_task_end: parallel_id=0 thread_num=28
[OMPT] implicit_task_begin: parallel_id=281474976710661 thread_num=5 team_size=32
[OMPT] implicit_task_begin: parallel_id=281474976710661 thread_num=15 team_size=32
[OMPT] implicit_task_end: parallel_id=0 thread_num=30
[OMPT] implicit_task_end: parallel_id=0 thread_num=20
[OMPT] implicit_task_end: parallel_id=0 thread_num=18
[OMPT] implicit_task_begin: parallel_id=281474976710661 thread_num=20 team_size=32
[OMPT] implicit_task_end: parallel_id=0 thread_num=23
[OMPT] implicit_task_end: parallel_id=0 thread_num=22
[OMPT] implicit_task_begin: parallel_id=281474976710661 thread_num=0 team_size=32
[OMPT] implicit_task_begin: parallel_id=281474976710661 thread_num=22 team_size=32
[OMPT] implicit_task_begin: parallel_id=281474976710661 thread_num=1 team_size=32
[OMPT] implicit_task_end: parallel_id=0 thread_num=26
[OMPT] implicit_task_end: parallel_id=0 thread_num=25
[OMPT] implicit_task_begin: parallel_id=281474976710661 thread_num=25 team_size=32
[OMPT] implicit_task_begin: parallel_id=281474976710661 thread_num=6 team_size=32
[OMPT] implicit_task_begin: parallel_id=281474976710661 thread_num=27 team_size=32
[OMPT] implicit_task_begin: parallel_id=281474976710661 thread_num=10 team_size=32
[OMPT] implicit_task_end: parallel_id=0 thread_num=31
[OMPT] implicit_task_begin: parallel_id=281474976710661 thread_num=31 team_size=32
[OMPT] implicit_task_end: parallel_id=0 thread_num=19
[OMPT] implicit_task_end: parallel_id=0 thread_num=29
[OMPT] implicit_task_begin: parallel_id=281474976710661 thread_num=28 team_size=32
[OMPT] implicit_task_begin: parallel_id=281474976710661 thread_num=29 team_size=32
[OMPT] implicit_task_begin: parallel_id=281474976710661 thread_num=7 team_size=32
[OMPT] implicit_task_begin: parallel_id=281474976710661 thread_num=30 team_size=32
[OMPT] implicit_task_end: parallel_id=0 thread_num=17
[OMPT] implicit_task_begin: parallel_id=281474976710661 thread_num=17 team_size=32
[OMPT] implicit_task_begin: parallel_id=281474976710661 thread_num=18 team_size=32
[OMPT] implicit_task_end: parallel_id=0 thread_num=13
[OMPT] implicit_task_begin: parallel_id=281474976710661 thread_num=13 team_size=32
[OMPT] implicit_task_end: parallel_id=0 thread_num=9
[OMPT] implicit_task_begin: parallel_id=281474976710661 thread_num=9 team_size=32
[OMPT] implicit_task_begin: parallel_id=281474976710661 thread_num=23 team_size=32
[OMPT] implicit_task_end: parallel_id=0 thread_num=11
[OMPT] implicit_task_begin: parallel_id=281474976710661 thread_num=26 team_size=32
[OMPT] implicit_task_begin: parallel_id=281474976710661 thread_num=11 team_size=32
[OMPT] implicit_task_begin: parallel_id=281474976710661 thread_num=16 team_size=32
[OMPT] implicit_task_begin: parallel_id=281474976710661 thread_num=19 team_size=32
[OMPT] implicit_task_end: parallel_id=0 thread_num=21
[OMPT] implicit_task_begin: parallel_id=281474976710661 thread_num=21 team_size=32
[OMPT] implicit_task_end: parallel_id=0 thread_num=0
[OMPT] parallel_end: parallel_id=281474976710661
[OMPT] parallel_begin: parallel_id=281474976710663 team_size=32
[OMPT] implicit_task_end: parallel_id=0 thread_num=12
[OMPT] implicit_task_end: parallel_id=0 thread_num=3
[OMPT] implicit_task_end: parallel_id=0 thread_num=8
[OMPT] implicit_task_end: parallel_id=0 thread_num=4
[OMPT] implicit_task_end: parallel_id=0 thread_num=10
[OMPT] implicit_task_end: parallel_id=0 thread_num=5
[OMPT] implicit_task_end: parallel_id=0 thread_num=1
[OMPT] implicit_task_end: parallel_id=0 thread_num=7
[OMPT] implicit_task_begin: parallel_id=281474976710663 thread_num=5 team_size=32
[OMPT] implicit_task_begin: parallel_id=281474976710663 thread_num=10 team_size=32
[OMPT] implicit_task_end: parallel_id=0 thread_num=15
[OMPT] implicit_task_begin: parallel_id=281474976710663 thread_num=3 team_size=32
[OMPT] implicit_task_end: parallel_id=0 thread_num=6
[OMPT] implicit_task_begin: parallel_id=281474976710663 thread_num=7 team_size=32
[OMPT] implicit_task_end: parallel_id=0 thread_num=16
[OMPT] implicit_task_end: parallel_id=0 thread_num=18
[OMPT] implicit_task_end: parallel_id=0 thread_num=9
[OMPT] implicit_task_end: parallel_id=0 thread_num=2
[OMPT] implicit_task_begin: parallel_id=281474976710663 thread_num=9 team_size=32
[OMPT] implicit_task_end: parallel_id=0 thread_num=11
[OMPT] implicit_task_begin: parallel_id=281474976710663 thread_num=8 team_size=32
[OMPT] implicit_task_end: parallel_id=0 thread_num=13
[OMPT] implicit_task_begin: parallel_id=281474976710663 thread_num=4 team_size=32
[OMPT] implicit_task_end: parallel_id=0 thread_num=14
[OMPT] implicit_task_begin: parallel_id=281474976710663 thread_num=13 team_size=32
[OMPT] implicit_task_begin: parallel_id=281474976710663 thread_num=14 team_size=32
[OMPT] implicit_task_begin: parallel_id=281474976710663 thread_num=15 team_size=32
[OMPT] implicit_task_begin: parallel_id=281474976710663 thread_num=6 team_size=32
[OMPT] implicit_task_end: parallel_id=0 thread_num=20
[OMPT] implicit_task_end: parallel_id=0 thread_num=23
[OMPT] implicit_task_end: parallel_id=0 thread_num=21
[OMPT] implicit_task_end: parallel_id=0 thread_num=28
[OMPT] implicit_task_end: parallel_id=0 thread_num=31
[OMPT] implicit_task_begin: parallel_id=281474976710663 thread_num=23 team_size=32
[OMPT] implicit_task_begin: parallel_id=281474976710663 thread_num=28 team_size=32
[OMPT] implicit_task_begin: parallel_id=281474976710663 thread_num=31 team_size=32
[OMPT] implicit_task_begin: parallel_id=281474976710663 thread_num=16 team_size=32
[OMPT] implicit_task_begin: parallel_id=281474976710663 thread_num=21 team_size=32
[OMPT] implicit_task_begin: parallel_id=281474976710663 thread_num=18 team_size=32
[OMPT] implicit_task_begin: parallel_id=281474976710663 thread_num=0 team_size=32
[OMPT] implicit_task_begin: parallel_id=281474976710663 thread_num=2 team_size=32
[OMPT] implicit_task_begin: parallel_id=281474976710663 thread_num=11 team_size=32
[OMPT] implicit_task_begin: parallel_id=281474976710663 thread_num=1 team_size=32
[OMPT] implicit_task_end: parallel_id=0 thread_num=22
[OMPT] implicit_task_end: parallel_id=0 thread_num=19
[OMPT] implicit_task_end: parallel_id=0 thread_num=24
[OMPT] implicit_task_begin: parallel_id=281474976710663 thread_num=19 team_size=32
[OMPT] implicit_task_end: parallel_id=0 thread_num=25
[OMPT] implicit_task_end: parallel_id=0 thread_num=29
[OMPT] implicit_task_begin: parallel_id=281474976710663 thread_num=20 team_size=32
[OMPT] implicit_task_begin: parallel_id=281474976710663 thread_num=25 team_size=32
[OMPT] implicit_task_begin: parallel_id=281474976710663 thread_num=29 team_size=32
[OMPT] implicit_task_begin: parallel_id=281474976710663 thread_num=12 team_size=32
[OMPT] implicit_task_begin: parallel_id=281474976710663 thread_num=22 team_size=32
[OMPT] implicit_task_end: parallel_id=0 thread_num=27
[OMPT] implicit_task_begin: parallel_id=281474976710663 thread_num=27 team_size=32
[OMPT] implicit_task_end: parallel_id=0 thread_num=26
[OMPT] implicit_task_begin: parallel_id=281474976710663 thread_num=26 team_size=32
[OMPT] implicit_task_begin: parallel_id=281474976710663 thread_num=24 team_size=32
[OMPT] implicit_task_end: parallel_id=0 thread_num=30
[OMPT] implicit_task_end: parallel_id=0 thread_num=17
[OMPT] implicit_task_begin: parallel_id=281474976710663 thread_num=30 team_size=32
[OMPT] implicit_task_begin: parallel_id=281474976710663 thread_num=17 team_size=32
[OMPT] implicit_task_end: parallel_id=0 thread_num=0
[OMPT] parallel_end: parallel_id=281474976710663
[OMPT] parallel_begin: parallel_id=281474976710665 team_size=32
[OMPT] implicit_task_end: parallel_id=0 thread_num=16
[OMPT] implicit_task_end: parallel_id=0 thread_num=17
[OMPT] implicit_task_end: parallel_id=0 thread_num=24
[OMPT] implicit_task_end: parallel_id=0 thread_num=25
[OMPT] implicit_task_end: parallel_id=0 thread_num=1
[OMPT] implicit_task_end: parallel_id=0 thread_num=8
[OMPT] implicit_task_end: parallel_id=0 thread_num=11
[OMPT] implicit_task_end: parallel_id=0 thread_num=3
[OMPT] implicit_task_end: parallel_id=0 thread_num=19
[OMPT] implicit_task_begin: parallel_id=281474976710665 thread_num=11 team_size=32
[OMPT] implicit_task_end: parallel_id=0 thread_num=18
[OMPT] implicit_task_begin: parallel_id=281474976710665 thread_num=3 team_size=32
[OMPT] implicit_task_begin: parallel_id=281474976710665 thread_num=19 team_size=32
[OMPT] implicit_task_end: parallel_id=0 thread_num=12
[OMPT] implicit_task_end: parallel_id=0 thread_num=15
[OMPT] implicit_task_end: parallel_id=0 thread_num=4
[OMPT] implicit_task_end: parallel_id=0 thread_num=27
[OMPT] implicit_task_begin: parallel_id=281474976710665 thread_num=15 team_size=32
[OMPT] implicit_task_begin: parallel_id=281474976710665 thread_num=4 team_size=32
[OMPT] implicit_task_end: parallel_id=0 thread_num=2
[OMPT] implicit_task_begin: parallel_id=281474976710665 thread_num=24 team_size=32
[OMPT] implicit_task_end: parallel_id=0 thread_num=9
[OMPT] implicit_task_begin: parallel_id=281474976710665 thread_num=9 team_size=32
[OMPT] implicit_task_end: parallel_id=0 thread_num=10
[OMPT] implicit_task_begin: parallel_id=281474976710665 thread_num=0 team_size=32
[OMPT] implicit_task_begin: parallel_id=281474976710665 thread_num=25 team_size=32
[OMPT] implicit_task_begin: parallel_id=281474976710665 thread_num=8 team_size=32
[OMPT] implicit_task_end: parallel_id=0 thread_num=28
[OMPT] implicit_task_end: parallel_id=0 thread_num=31
[OMPT] implicit_task_end: parallel_id=0 thread_num=20
[OMPT] implicit_task_begin: parallel_id=281474976710665 thread_num=28 team_size=32
[OMPT] implicit_task_begin: parallel_id=281474976710665 thread_num=31 team_size=32
[OMPT] implicit_task_end: parallel_id=0 thread_num=22
[OMPT] implicit_task_begin: parallel_id=281474976710665 thread_num=18 team_size=32
[OMPT] implicit_task_end: parallel_id=0 thread_num=14
[OMPT] implicit_task_end: parallel_id=0 thread_num=13
[OMPT] implicit_task_end: parallel_id=0 thread_num=7
[OMPT] implicit_task_begin: parallel_id=281474976710665 thread_num=14 team_size=32
[OMPT] implicit_task_end: parallel_id=0 thread_num=5
[OMPT] implicit_task_begin: parallel_id=281474976710665 thread_num=22 team_size=32
[OMPT] implicit_task_begin: parallel_id=281474976710665 thread_num=13 team_size=32
[OMPT] implicit_task_begin: parallel_id=281474976710665 thread_num=12 team_size=32
[OMPT] implicit_task_end: parallel_id=0 thread_num=26
[OMPT] implicit_task_begin: parallel_id=281474976710665 thread_num=2 team_size=32
[OMPT] implicit_task_begin: parallel_id=281474976710665 thread_num=26 team_size=32
[OMPT] implicit_task_begin: parallel_id=281474976710665 thread_num=10 team_size=32
[OMPT] implicit_task_end: parallel_id=0 thread_num=30
[OMPT] implicit_task_begin: parallel_id=281474976710665 thread_num=30 team_size=32
[OMPT] implicit_task_end: parallel_id=0 thread_num=29
[OMPT] implicit_task_begin: parallel_id=281474976710665 thread_num=29 team_size=32
[OMPT] implicit_task_begin: parallel_id=281474976710665 thread_num=1 team_size=32
[OMPT] implicit_task_end: parallel_id=0 thread_num=23
[OMPT] implicit_task_begin: parallel_id=281474976710665 thread_num=23 team_size=32
[OMPT] implicit_task_end: parallel_id=0 thread_num=21
[OMPT] implicit_task_begin: parallel_id=281474976710665 thread_num=21 team_size=32
[OMPT] implicit_task_begin: parallel_id=281474976710665 thread_num=17 team_size=32
[OMPT] implicit_task_begin: parallel_id=281474976710665 thread_num=20 team_size=32
[OMPT] implicit_task_end: parallel_id=0 thread_num=6
[OMPT] implicit_task_begin: parallel_id=281474976710665 thread_num=6 team_size=32
[OMPT] implicit_task_begin: parallel_id=281474976710665 thread_num=7 team_size=32
[OMPT] implicit_task_begin: parallel_id=281474976710665 thread_num=5 team_size=32
[OMPT] implicit_task_begin: parallel_id=281474976710665 thread_num=16 team_size=32
[OMPT] implicit_task_begin: parallel_id=281474976710665 thread_num=27 team_size=32
[OMPT] implicit_task_end: parallel_id=0 thread_num=0
[OMPT] parallel_end: parallel_id=281474976710665
[OMPT] parallel_begin: parallel_id=281474976710667 team_size=32
[OMPT] implicit_task_end: parallel_id=0 thread_num=16
[OMPT] implicit_task_end: parallel_id=0 thread_num=4
[OMPT] implicit_task_end: parallel_id=0 thread_num=3
[OMPT] implicit_task_end: parallel_id=0 thread_num=28
[OMPT] implicit_task_end: parallel_id=0 thread_num=12
[OMPT] implicit_task_begin: parallel_id=281474976710667 thread_num=4 team_size=32
[OMPT] implicit_task_end: parallel_id=0 thread_num=5
[OMPT] implicit_task_end: parallel_id=0 thread_num=8
[OMPT] implicit_task_begin: parallel_id=281474976710667 thread_num=12 team_size=32
[OMPT] implicit_task_end: parallel_id=0 thread_num=1
[OMPT] implicit_task_begin: parallel_id=281474976710667 thread_num=5 team_size=32
[OMPT] implicit_task_end: parallel_id=0 thread_num=19
[OMPT] implicit_task_end: parallel_id=0 thread_num=14
[OMPT] implicit_task_end: parallel_id=0 thread_num=10
[OMPT] implicit_task_end: parallel_id=0 thread_num=30
[OMPT] implicit_task_begin: parallel_id=281474976710667 thread_num=10 team_size=32
[OMPT] implicit_task_end: parallel_id=0 thread_num=24
[OMPT] implicit_task_begin: parallel_id=281474976710667 thread_num=16 team_size=32
[OMPT] implicit_task_begin: parallel_id=281474976710667 thread_num=30 team_size=32
[OMPT] implicit_task_end: parallel_id=0 thread_num=2
[OMPT] implicit_task_begin: parallel_id=281474976710667 thread_num=3 team_size=32
[OMPT] implicit_task_end: parallel_id=0 thread_num=7
[OMPT] implicit_task_end: parallel_id=0 thread_num=29
[OMPT] implicit_task_begin: parallel_id=281474976710667 thread_num=2 team_size=32
[OMPT] implicit_task_end: parallel_id=0 thread_num=25
[OMPT] implicit_task_begin: parallel_id=281474976710667 thread_num=24 team_size=32
[OMPT] implicit_task_begin: parallel_id=281474976710667 thread_num=0 team_size=32
[OMPT] implicit_task_end: parallel_id=0 thread_num=20
[OMPT] implicit_task_begin: parallel_id=281474976710667 thread_num=25 team_size=32
[OMPT] implicit_task_end: parallel_id=0 thread_num=21
[OMPT] implicit_task_end: parallel_id=0 thread_num=11
[OMPT] implicit_task_end: parallel_id=0 thread_num=6
[OMPT] implicit_task_begin: parallel_id=281474976710667 thread_num=21 team_size=32
[OMPT] implicit_task_begin: parallel_id=281474976710667 thread_num=11 team_size=32
[OMPT] implicit_task_begin: parallel_id=281474976710667 thread_num=6 team_size=32
[OMPT] implicit_task_end: parallel_id=0 thread_num=27
[OMPT] implicit_task_end: parallel_id=0 thread_num=31
[OMPT] implicit_task_begin: parallel_id=281474976710667 thread_num=27 team_size=32
[OMPT] implicit_task_begin: parallel_id=281474976710667 thread_num=31 team_size=32
[OMPT] implicit_task_end: parallel_id=0 thread_num=13
[OMPT] implicit_task_end: parallel_id=0 thread_num=15
[OMPT] implicit_task_begin: parallel_id=281474976710667 thread_num=7 team_size=32
[OMPT] implicit_task_begin: parallel_id=281474976710667 thread_num=15 team_size=32
[OMPT] implicit_task_end: parallel_id=0 thread_num=17
[OMPT] implicit_task_begin: parallel_id=281474976710667 thread_num=29 team_size=32
[OMPT] implicit_task_begin: parallel_id=281474976710667 thread_num=17 team_size=32
[OMPT] implicit_task_begin: parallel_id=281474976710667 thread_num=8 team_size=32
[OMPT] implicit_task_end: parallel_id=0 thread_num=22
[OMPT] implicit_task_begin: parallel_id=281474976710667 thread_num=22 team_size=32
[OMPT] implicit_task_end: parallel_id=0 thread_num=23
[OMPT] implicit_task_begin: parallel_id=281474976710667 thread_num=23 team_size=32
[OMPT] implicit_task_begin: parallel_id=281474976710667 thread_num=1 team_size=32
[OMPT] implicit_task_begin: parallel_id=281474976710667 thread_num=20 team_size=32
[OMPT] implicit_task_begin: parallel_id=281474976710667 thread_num=19 team_size=32
[OMPT] implicit_task_begin: parallel_id=281474976710667 thread_num=14 team_size=32
[OMPT] implicit_task_end: parallel_id=0 thread_num=9
[OMPT] implicit_task_begin: parallel_id=281474976710667 thread_num=9 team_size=32
[OMPT] implicit_task_end: parallel_id=0 thread_num=26
[OMPT] implicit_task_begin: parallel_id=281474976710667 thread_num=26 team_size=32
[OMPT] implicit_task_begin: parallel_id=281474976710667 thread_num=28 team_size=32
[OMPT] implicit_task_begin: parallel_id=281474976710667 thread_num=13 team_size=32
[OMPT] implicit_task_end: parallel_id=0 thread_num=18
[OMPT] implicit_task_begin: parallel_id=281474976710667 thread_num=18 team_size=32
[OMPT] implicit_task_end: parallel_id=0 thread_num=0
[OMPT] parallel_end: parallel_id=281474976710667
[OMPT] parallel_begin: parallel_id=281474976710669 team_size=32
[OMPT] implicit_task_begin: parallel_id=281474976710669 thread_num=0 team_size=32
[OMPT] implicit_task_end: parallel_id=0 thread_num=16
[OMPT] implicit_task_end: parallel_id=0 thread_num=3
[OMPT] implicit_task_end: parallel_id=0 thread_num=2
[OMPT] implicit_task_end: parallel_id=0 thread_num=20
[OMPT] implicit_task_end: parallel_id=0 thread_num=12
[OMPT] implicit_task_end: parallel_id=0 thread_num=23
[OMPT] implicit_task_end: parallel_id=0 thread_num=4
[OMPT] implicit_task_end: parallel_id=0 thread_num=14
[OMPT] implicit_task_begin: parallel_id=281474976710669 thread_num=3 team_size=32
[OMPT] implicit_task_end: parallel_id=0 thread_num=28
[OMPT] implicit_task_end: parallel_id=0 thread_num=24
[OMPT] implicit_task_end: parallel_id=0 thread_num=31
[OMPT] implicit_task_end: parallel_id=0 thread_num=19
[OMPT] implicit_task_end: parallel_id=0 thread_num=27
[OMPT] implicit_task_end: parallel_id=0 thread_num=8
[OMPT] implicit_task_begin: parallel_id=281474976710669 thread_num=16 team_size=32
[OMPT] implicit_task_end: parallel_id=0 thread_num=22
[OMPT] implicit_task_end: parallel_id=0 thread_num=11
[OMPT] implicit_task_begin: parallel_id=281474976710669 thread_num=2 team_size=32
[OMPT] implicit_task_begin: parallel_id=281474976710669 thread_num=24 team_size=32
[OMPT] implicit_task_end: parallel_id=0 thread_num=21
[OMPT] implicit_task_end: parallel_id=0 thread_num=15
[OMPT] implicit_task_begin: parallel_id=281474976710669 thread_num=11 team_size=32
[OMPT] implicit_task_begin: parallel_id=281474976710669 thread_num=31 team_size=32
[OMPT] implicit_task_end: parallel_id=0 thread_num=13
[OMPT] implicit_task_begin: parallel_id=281474976710669 thread_num=22 team_size=32
[OMPT] implicit_task_end: parallel_id=0 thread_num=7
[OMPT] implicit_task_end: parallel_id=0 thread_num=6
[OMPT] implicit_task_end: parallel_id=0 thread_num=5
[OMPT] implicit_task_begin: parallel_id=281474976710669 thread_num=27 team_size=32
[OMPT] implicit_task_begin: parallel_id=281474976710669 thread_num=13 team_size=32
[OMPT] implicit_task_begin: parallel_id=281474976710669 thread_num=23 team_size=32
[OMPT] implicit_task_begin: parallel_id=281474976710669 thread_num=14 team_size=32
[OMPT] implicit_task_end: parallel_id=0 thread_num=30
[OMPT] implicit_task_end: parallel_id=0 thread_num=29
[OMPT] implicit_task_begin: parallel_id=281474976710669 thread_num=30 team_size=32
[OMPT] implicit_task_end: parallel_id=0 thread_num=18
[OMPT] implicit_task_begin: parallel_id=281474976710669 thread_num=12 team_size=32
[OMPT] implicit_task_end: parallel_id=0 thread_num=26
[OMPT] implicit_task_begin: parallel_id=281474976710669 thread_num=26 team_size=32
[OMPT] implicit_task_end: parallel_id=0 thread_num=17
[OMPT] implicit_task_begin: parallel_id=281474976710669 thread_num=17 team_size=32
[OMPT] implicit_task_begin: parallel_id=281474976710669 thread_num=28 team_size=32
[OMPT] implicit_task_end: parallel_id=0 thread_num=10
[OMPT] implicit_task_end: parallel_id=0 thread_num=9
[OMPT] implicit_task_begin: parallel_id=281474976710669 thread_num=9 team_size=32
[OMPT] implicit_task_begin: parallel_id=281474976710669 thread_num=4 team_size=32
[OMPT] implicit_task_end: parallel_id=0 thread_num=1
[OMPT] implicit_task_begin: parallel_id=281474976710669 thread_num=1 team_size=32
[OMPT] implicit_task_begin: parallel_id=281474976710669 thread_num=8 team_size=32
[OMPT] implicit_task_begin: parallel_id=281474976710669 thread_num=15 team_size=32
[OMPT] implicit_task_begin: parallel_id=281474976710669 thread_num=21 team_size=32
[OMPT] implicit_task_begin: parallel_id=281474976710669 thread_num=19 team_size=32
[OMPT] implicit_task_begin: parallel_id=281474976710669 thread_num=7 team_size=32
[OMPT] implicit_task_begin: parallel_id=281474976710669 thread_num=6 team_size=32
[OMPT] implicit_task_begin: parallel_id=281474976710669 thread_num=5 team_size=32
[OMPT] implicit_task_begin: parallel_id=281474976710669 thread_num=29 team_size=32
[OMPT] implicit_task_begin: parallel_id=281474976710669 thread_num=18 team_size=32
[OMPT] implicit_task_end: parallel_id=0 thread_num=25
[OMPT] implicit_task_begin: parallel_id=281474976710669 thread_num=25 team_size=32
[OMPT] implicit_task_begin: parallel_id=281474976710669 thread_num=10 team_size=32
[OMPT] implicit_task_begin: parallel_id=281474976710669 thread_num=20 team_size=32
[OMPT] implicit_task_end: parallel_id=0 thread_num=0
[OMPT] parallel_end: parallel_id=281474976710669
[OMPT] parallel_begin: parallel_id=281474976710671 team_size=32
[OMPT] implicit_task_end: parallel_id=0 thread_num=16
[OMPT] implicit_task_end: parallel_id=0 thread_num=3
[OMPT] implicit_task_begin: parallel_id=281474976710671 thread_num=0 team_size=32
[OMPT] implicit_task_end: parallel_id=0 thread_num=28
[OMPT] implicit_task_end: parallel_id=0 thread_num=19
[OMPT] implicit_task_end: parallel_id=0 thread_num=24
[OMPT] implicit_task_begin: parallel_id=281474976710671 thread_num=16 team_size=32
[OMPT] implicit_task_end: parallel_id=0 thread_num=4
[OMPT] implicit_task_end: parallel_id=0 thread_num=27
[OMPT] implicit_task_begin: parallel_id=281474976710671 thread_num=28 team_size=32
[OMPT] implicit_task_end: parallel_id=0 thread_num=26
[OMPT] implicit_task_begin: parallel_id=281474976710671 thread_num=4 team_size=32
[OMPT] implicit_task_begin: parallel_id=281474976710671 thread_num=27 team_size=32
[OMPT] implicit_task_end: parallel_id=0 thread_num=18
[OMPT] implicit_task_begin: parallel_id=281474976710671 thread_num=26 team_size=32
[OMPT] implicit_task_end: parallel_id=0 thread_num=2
[OMPT] implicit_task_end: parallel_id=0 thread_num=1
[OMPT] implicit_task_end: parallel_id=0 thread_num=8
[OMPT] implicit_task_end: parallel_id=0 thread_num=29
[OMPT] implicit_task_end: parallel_id=0 thread_num=25
[OMPT] implicit_task_end: parallel_id=0 thread_num=11
[OMPT] implicit_task_end: parallel_id=0 thread_num=7
[OMPT] implicit_task_begin: parallel_id=281474976710671 thread_num=25 team_size=32
[OMPT] implicit_task_end: parallel_id=0 thread_num=10
[OMPT] implicit_task_end: parallel_id=0 thread_num=17
[OMPT] implicit_task_end: parallel_id=0 thread_num=20
[OMPT] implicit_task_begin: parallel_id=281474976710671 thread_num=17 team_size=32
[OMPT] implicit_task_end: parallel_id=0 thread_num=22
[OMPT] implicit_task_begin: parallel_id=281474976710671 thread_num=18 team_size=32
[OMPT] implicit_task_end: parallel_id=0 thread_num=30
[OMPT] implicit_task_begin: parallel_id=281474976710671 thread_num=22 team_size=32
[OMPT] implicit_task_begin: parallel_id=281474976710671 thread_num=30 team_size=32
[OMPT] implicit_task_end: parallel_id=0 thread_num=9
[OMPT] implicit_task_begin: parallel_id=281474976710671 thread_num=1 team_size=32
[OMPT] implicit_task_begin: parallel_id=281474976710671 thread_num=24 team_size=32
[OMPT] implicit_task_end: parallel_id=0 thread_num=5
[OMPT] implicit_task_begin: parallel_id=281474976710671 thread_num=29 team_size=32
[OMPT] implicit_task_begin: parallel_id=281474976710671 thread_num=5 team_size=32
[OMPT] implicit_task_begin: parallel_id=281474976710671 thread_num=11 team_size=32
[OMPT] implicit_task_begin: parallel_id=281474976710671 thread_num=7 team_size=32
[OMPT] implicit_task_begin: parallel_id=281474976710671 thread_num=3 team_size=32
[OMPT] implicit_task_begin: parallel_id=281474976710671 thread_num=10 team_size=32
[OMPT] implicit_task_end: parallel_id=0 thread_num=31
[OMPT] implicit_task_end: parallel_id=0 thread_num=12
[OMPT] implicit_task_end: parallel_id=0 thread_num=21
[OMPT] implicit_task_begin: parallel_id=281474976710671 thread_num=12 team_size=32
[OMPT] implicit_task_begin: parallel_id=281474976710671 thread_num=20 team_size=32
[OMPT] implicit_task_begin: parallel_id=281474976710671 thread_num=21 team_size=32
[OMPT] implicit_task_begin: parallel_id=281474976710671 thread_num=2 team_size=32
[OMPT] implicit_task_begin: parallel_id=281474976710671 thread_num=9 team_size=32
[OMPT] implicit_task_begin: parallel_id=281474976710671 thread_num=8 team_size=32
[OMPT] implicit_task_end: parallel_id=0 thread_num=6
[OMPT] implicit_task_begin: parallel_id=281474976710671 thread_num=6 team_size=32
[OMPT] implicit_task_begin: parallel_id=281474976710671 thread_num=31 team_size=32
[OMPT] implicit_task_end: parallel_id=0 thread_num=15
[OMPT] implicit_task_begin: parallel_id=281474976710671 thread_num=15 team_size=32
[OMPT] implicit_task_end: parallel_id=0 thread_num=13
[OMPT] implicit_task_begin: parallel_id=281474976710671 thread_num=13 team_size=32
[OMPT] implicit_task_end: parallel_id=0 thread_num=14
[OMPT] implicit_task_begin: parallel_id=281474976710671 thread_num=14 team_size=32
[OMPT] implicit_task_end: parallel_id=0 thread_num=23
[OMPT] implicit_task_begin: parallel_id=281474976710671 thread_num=19 team_size=32
[OMPT] implicit_task_begin: parallel_id=281474976710671 thread_num=23 team_size=32
[OMPT] implicit_task_end: parallel_id=0 thread_num=0
[OMPT] parallel_end: parallel_id=281474976710671
[OMPT] parallel_begin: parallel_id=281474976710673 team_size=32
[OMPT] implicit_task_end: parallel_id=0 thread_num=16
[OMPT] implicit_task_begin: parallel_id=281474976710673 thread_num=0 team_size=32
[OMPT] implicit_task_end: parallel_id=0 thread_num=17
[OMPT] implicit_task_end: parallel_id=0 thread_num=18
[OMPT] implicit_task_end: parallel_id=0 thread_num=8
[OMPT] implicit_task_end: parallel_id=0 thread_num=3
[OMPT] implicit_task_end: parallel_id=0 thread_num=1
[OMPT] implicit_task_end: parallel_id=0 thread_num=2
[OMPT] implicit_task_begin: parallel_id=281474976710673 thread_num=8 team_size=32
[OMPT] implicit_task_begin: parallel_id=281474976710673 thread_num=3 team_size=32
[OMPT] implicit_task_begin: parallel_id=281474976710673 thread_num=1 team_size=32
[OMPT] implicit_task_end: parallel_id=0 thread_num=20
[OMPT] implicit_task_end: parallel_id=0 thread_num=23
[OMPT] implicit_task_end: parallel_id=0 thread_num=4
[OMPT] implicit_task_end: parallel_id=0 thread_num=6
[OMPT] implicit_task_begin: parallel_id=281474976710673 thread_num=17 team_size=32
[OMPT] implicit_task_end: parallel_id=0 thread_num=12
[OMPT] implicit_task_end: parallel_id=0 thread_num=15
[OMPT] implicit_task_end: parallel_id=0 thread_num=13
[OMPT] implicit_task_end: parallel_id=0 thread_num=11
[OMPT] implicit_task_end: parallel_id=0 thread_num=9
[OMPT] implicit_task_end: parallel_id=0 thread_num=10
[OMPT] implicit_task_begin: parallel_id=281474976710673 thread_num=6 team_size=32
[OMPT] implicit_task_end: parallel_id=0 thread_num=28
[OMPT] implicit_task_begin: parallel_id=281474976710673 thread_num=11 team_size=32
[OMPT] implicit_task_end: parallel_id=0 thread_num=30
[OMPT] implicit_task_begin: parallel_id=281474976710673 thread_num=9 team_size=32
[OMPT] implicit_task_end: parallel_id=0 thread_num=21
[OMPT] implicit_task_end: parallel_id=0 thread_num=5
[OMPT] implicit_task_end: parallel_id=0 thread_num=7
[OMPT] implicit_task_begin: parallel_id=281474976710673 thread_num=12 team_size=32
[OMPT] implicit_task_begin: parallel_id=281474976710673 thread_num=13 team_size=32
[OMPT] implicit_task_begin: parallel_id=281474976710673 thread_num=4 team_size=32
[OMPT] implicit_task_end: parallel_id=0 thread_num=14
[OMPT] implicit_task_begin: parallel_id=281474976710673 thread_num=23 team_size=32
[OMPT] implicit_task_begin: parallel_id=281474976710673 thread_num=14 team_size=32
[OMPT] implicit_task_end: parallel_id=0 thread_num=24
[OMPT] implicit_task_end: parallel_id=0 thread_num=25
[OMPT] implicit_task_end: parallel_id=0 thread_num=31
[OMPT] implicit_task_end: parallel_id=0 thread_num=29
[OMPT] implicit_task_begin: parallel_id=281474976710673 thread_num=25 team_size=32
[OMPT] implicit_task_begin: parallel_id=281474976710673 thread_num=10 team_size=32
[OMPT] implicit_task_end: parallel_id=0 thread_num=22
[OMPT] implicit_task_end: parallel_id=0 thread_num=19
[OMPT] implicit_task_begin: parallel_id=281474976710673 thread_num=22 team_size=32
[OMPT] implicit_task_begin: parallel_id=281474976710673 thread_num=19 team_size=32
[OMPT] implicit_task_begin: parallel_id=281474976710673 thread_num=20 team_size=32
[OMPT] implicit_task_begin: parallel_id=281474976710673 thread_num=16 team_size=32
[OMPT] implicit_task_begin: parallel_id=281474976710673 thread_num=21 team_size=32
[OMPT] implicit_task_begin: parallel_id=281474976710673 thread_num=7 team_size=32
[OMPT] implicit_task_begin: parallel_id=281474976710673 thread_num=30 team_size=32
[OMPT] implicit_task_begin: parallel_id=281474976710673 thread_num=18 team_size=32
[OMPT] implicit_task_begin: parallel_id=281474976710673 thread_num=2 team_size=32
[OMPT] implicit_task_end: parallel_id=0 thread_num=26
[OMPT] implicit_task_begin: parallel_id=281474976710673 thread_num=26 team_size=32
[OMPT] implicit_task_end: parallel_id=0 thread_num=27
[OMPT] implicit_task_begin: parallel_id=281474976710673 thread_num=27 team_size=32
[OMPT] implicit_task_begin: parallel_id=281474976710673 thread_num=24 team_size=32
[OMPT] implicit_task_begin: parallel_id=281474976710673 thread_num=31 team_size=32
[OMPT] implicit_task_begin: parallel_id=281474976710673 thread_num=29 team_size=32
[OMPT] implicit_task_begin: parallel_id=281474976710673 thread_num=28 team_size=32
[OMPT] implicit_task_begin: parallel_id=281474976710673 thread_num=15 team_size=32
[OMPT] implicit_task_begin: parallel_id=281474976710673 thread_num=5 team_size=32
[OMPT] implicit_task_end: parallel_id=0 thread_num=0
[OMPT] parallel_end: parallel_id=281474976710673
[OMPT] control_tool: INICIANDO medicion
[OMPT] parallel_begin: parallel_id=281474976710675 team_size=32
[OMPT] implicit_task_end: parallel_id=0 thread_num=8
[OMPT] implicit_task_end: parallel_id=0 thread_num=11
[OMPT] implicit_task_end: parallel_id=0 thread_num=9
[OMPT] implicit_task_end: parallel_id=0 thread_num=16
[OMPT] implicit_task_end: parallel_id=0 thread_num=18
[OMPT] implicit_task_end: parallel_id=0 thread_num=17
[OMPT] implicit_task_begin: parallel_id=281474976710675 thread_num=8 team_size=32
[OMPT] implicit_task_begin: parallel_id=281474976710675 thread_num=11 team_size=32
[OMPT] implicit_task_end: parallel_id=0 thread_num=12
[OMPT] implicit_task_begin: parallel_id=281474976710675 thread_num=17 team_size=32
[OMPT] implicit_task_begin: parallel_id=281474976710675 thread_num=9 team_size=32
[OMPT] implicit_task_end: parallel_id=0 thread_num=15
[OMPT] implicit_task_end: parallel_id=0 thread_num=4
[OMPT] implicit_task_end: parallel_id=0 thread_num=3
[OMPT] implicit_task_begin: parallel_id=281474976710675 thread_num=4 team_size=32
[OMPT] implicit_task_begin: parallel_id=281474976710675 thread_num=3 team_size=32
[OMPT] implicit_task_end: parallel_id=0 thread_num=24
[OMPT] implicit_task_end: parallel_id=0 thread_num=27
[OMPT] implicit_task_begin: parallel_id=281474976710675 thread_num=24 team_size=32
[OMPT] implicit_task_begin: parallel_id=281474976710675 thread_num=27 team_size=32
[OMPT] implicit_task_begin: parallel_id=281474976710675 thread_num=0 team_size=32
[OMPT] implicit_task_begin: parallel_id=281474976710675 thread_num=16 team_size=32
[OMPT] implicit_task_begin: parallel_id=281474976710675 thread_num=18 team_size=32
[OMPT] implicit_task_end: parallel_id=0 thread_num=14
[OMPT] implicit_task_end: parallel_id=0 thread_num=13
[OMPT] implicit_task_begin: parallel_id=281474976710675 thread_num=14 team_size=32
[OMPT] implicit_task_begin: parallel_id=281474976710675 thread_num=13 team_size=32
[OMPT] implicit_task_begin: parallel_id=281474976710675 thread_num=12 team_size=32
[OMPT] implicit_task_end: parallel_id=0 thread_num=7
[OMPT] implicit_task_begin: parallel_id=281474976710675 thread_num=7 team_size=32
[OMPT] implicit_task_end: parallel_id=0 thread_num=6
[OMPT] implicit_task_end: parallel_id=0 thread_num=5
[OMPT] implicit_task_end: parallel_id=0 thread_num=28
[OMPT] implicit_task_begin: parallel_id=281474976710675 thread_num=6 team_size=32
[OMPT] implicit_task_end: parallel_id=0 thread_num=31
[OMPT] implicit_task_begin: parallel_id=281474976710675 thread_num=5 team_size=32
[OMPT] implicit_task_end: parallel_id=0 thread_num=19
[OMPT] implicit_task_begin: parallel_id=281474976710675 thread_num=31 team_size=32
[OMPT] implicit_task_end: parallel_id=0 thread_num=10
[OMPT] implicit_task_end: parallel_id=0 thread_num=2
[OMPT] implicit_task_end: parallel_id=0 thread_num=20
[OMPT] implicit_task_end: parallel_id=0 thread_num=23
[OMPT] implicit_task_end: parallel_id=0 thread_num=30
[OMPT] implicit_task_end: parallel_id=0 thread_num=29
[OMPT] implicit_task_begin: parallel_id=281474976710675 thread_num=15 team_size=32
[OMPT] implicit_task_end: parallel_id=0 thread_num=1
[OMPT] implicit_task_begin: parallel_id=281474976710675 thread_num=20 team_size=32
[OMPT] implicit_task_end: parallel_id=0 thread_num=25
[OMPT] implicit_task_begin: parallel_id=281474976710675 thread_num=23 team_size=32
[OMPT] implicit_task_begin: parallel_id=281474976710675 thread_num=19 team_size=32
[OMPT] implicit_task_begin: parallel_id=281474976710675 thread_num=29 team_size=32
[OMPT] implicit_task_begin: parallel_id=281474976710675 thread_num=25 team_size=32
[OMPT] implicit_task_begin: parallel_id=281474976710675 thread_num=30 team_size=32
[OMPT] implicit_task_begin: parallel_id=281474976710675 thread_num=2 team_size=32
[OMPT] implicit_task_begin: parallel_id=281474976710675 thread_num=28 team_size=32
[OMPT] implicit_task_begin: parallel_id=281474976710675 thread_num=1 team_size=32
[OMPT] implicit_task_end: parallel_id=0 thread_num=26
[OMPT] implicit_task_begin: parallel_id=281474976710675 thread_num=10 team_size=32
[OMPT] implicit_task_begin: parallel_id=281474976710675 thread_num=26 team_size=32
[OMPT] implicit_task_end: parallel_id=0 thread_num=21
[OMPT] implicit_task_begin: parallel_id=281474976710675 thread_num=21 team_size=32
[OMPT] implicit_task_end: parallel_id=0 thread_num=22
[OMPT] implicit_task_begin: parallel_id=281474976710675 thread_num=22 team_size=32
[OMPT] implicit_task_end: parallel_id=0 thread_num=0
[OMPT] parallel_end: parallel_id=281474976710675
[OMPT] parallel_begin: parallel_id=281474976710677 team_size=32
[OMPT] implicit_task_end: parallel_id=0 thread_num=16
[OMPT] implicit_task_end: parallel_id=0 thread_num=2
[OMPT] implicit_task_end: parallel_id=0 thread_num=20
[OMPT] implicit_task_end: parallel_id=0 thread_num=4
[OMPT] implicit_task_end: parallel_id=0 thread_num=23
[OMPT] implicit_task_end: parallel_id=0 thread_num=3
[OMPT] implicit_task_begin: parallel_id=281474976710677 thread_num=20 team_size=32
[OMPT] implicit_task_begin: parallel_id=281474976710677 thread_num=0 team_size=32
[OMPT] implicit_task_end: parallel_id=0 thread_num=17
[OMPT] implicit_task_end: parallel_id=0 thread_num=28
[OMPT] implicit_task_begin: parallel_id=281474976710677 thread_num=23 team_size=32
[OMPT] implicit_task_begin: parallel_id=281474976710677 thread_num=17 team_size=32
[OMPT] implicit_task_end: parallel_id=0 thread_num=30
[OMPT] implicit_task_begin: parallel_id=281474976710677 thread_num=2 team_size=32
[OMPT] implicit_task_end: parallel_id=0 thread_num=18
[OMPT] implicit_task_begin: parallel_id=281474976710677 thread_num=28 team_size=32
[OMPT] implicit_task_begin: parallel_id=281474976710677 thread_num=30 team_size=32
[OMPT] implicit_task_begin: parallel_id=281474976710677 thread_num=4 team_size=32
[OMPT] implicit_task_begin: parallel_id=281474976710677 thread_num=3 team_size=32
[OMPT] implicit_task_begin: parallel_id=281474976710677 thread_num=16 team_size=32
[OMPT] implicit_task_end: parallel_id=0 thread_num=7
[OMPT] implicit_task_begin: parallel_id=281474976710677 thread_num=7 team_size=32
[OMPT] implicit_task_end: parallel_id=0 thread_num=6
[OMPT] implicit_task_end: parallel_id=0 thread_num=5
[OMPT] implicit_task_end: parallel_id=0 thread_num=8
[OMPT] implicit_task_begin: parallel_id=281474976710677 thread_num=6 team_size=32
[OMPT] implicit_task_end: parallel_id=0 thread_num=9
[OMPT] implicit_task_end: parallel_id=0 thread_num=1
[OMPT] implicit_task_end: parallel_id=0 thread_num=12
[OMPT] implicit_task_end: parallel_id=0 thread_num=14
[OMPT] implicit_task_end: parallel_id=0 thread_num=24
[OMPT] implicit_task_end: parallel_id=0 thread_num=19
[OMPT] implicit_task_end: parallel_id=0 thread_num=26
[OMPT] implicit_task_begin: parallel_id=281474976710677 thread_num=18 team_size=32
[OMPT] implicit_task_end: parallel_id=0 thread_num=21
[OMPT] implicit_task_end: parallel_id=0 thread_num=11
[OMPT] implicit_task_end: parallel_id=0 thread_num=10
[OMPT] implicit_task_begin: parallel_id=281474976710677 thread_num=24 team_size=32
[OMPT] implicit_task_begin: parallel_id=281474976710677 thread_num=5 team_size=32
[OMPT] implicit_task_end: parallel_id=0 thread_num=29
[OMPT] implicit_task_end: parallel_id=0 thread_num=31
[OMPT] implicit_task_begin: parallel_id=281474976710677 thread_num=8 team_size=32
[OMPT] implicit_task_begin: parallel_id=281474976710677 thread_num=26 team_size=32
[OMPT] implicit_task_begin: parallel_id=281474976710677 thread_num=21 team_size=32
[OMPT] implicit_task_begin: parallel_id=281474976710677 thread_num=9 team_size=32
[OMPT] implicit_task_begin: parallel_id=281474976710677 thread_num=1 team_size=32
[OMPT] implicit_task_begin: parallel_id=281474976710677 thread_num=14 team_size=32
[OMPT] implicit_task_end: parallel_id=0 thread_num=25
[OMPT] implicit_task_begin: parallel_id=281474976710677 thread_num=12 team_size=32
[OMPT] implicit_task_begin: parallel_id=281474976710677 thread_num=11 team_size=32
[OMPT] implicit_task_begin: parallel_id=281474976710677 thread_num=29 team_size=32
[OMPT] implicit_task_begin: parallel_id=281474976710677 thread_num=10 team_size=32
[OMPT] implicit_task_begin: parallel_id=281474976710677 thread_num=25 team_size=32
[OMPT] implicit_task_begin: parallel_id=281474976710677 thread_num=19 team_size=32
[OMPT] implicit_task_end: parallel_id=0 thread_num=13
[OMPT] implicit_task_end: parallel_id=0 thread_num=15
[OMPT] implicit_task_end: parallel_id=0 thread_num=27
[OMPT] implicit_task_begin: parallel_id=281474976710677 thread_num=13 team_size=32
[OMPT] implicit_task_begin: parallel_id=281474976710677 thread_num=31 team_size=32
[OMPT] implicit_task_begin: parallel_id=281474976710677 thread_num=15 team_size=32
[OMPT] implicit_task_begin: parallel_id=281474976710677 thread_num=27 team_size=32
[OMPT] implicit_task_end: parallel_id=0 thread_num=22
[OMPT] implicit_task_begin: parallel_id=281474976710677 thread_num=22 team_size=32
[OMPT] implicit_task_end: parallel_id=0 thread_num=0
[OMPT] parallel_end: parallel_id=281474976710677
[OMPT] parallel_begin: parallel_id=281474976710679 team_size=32
[OMPT] implicit_task_end: parallel_id=0 thread_num=12
[OMPT] implicit_task_end: parallel_id=0 thread_num=2
[OMPT] implicit_task_end: parallel_id=0 thread_num=14
[OMPT] implicit_task_end: parallel_id=0 thread_num=16
[OMPT] implicit_task_end: parallel_id=0 thread_num=4
[OMPT] implicit_task_end: parallel_id=0 thread_num=28
[OMPT] implicit_task_end: parallel_id=0 thread_num=3
[OMPT] implicit_task_end: parallel_id=0 thread_num=31
[OMPT] implicit_task_begin: parallel_id=281474976710679 thread_num=16 team_size=32
[OMPT] implicit_task_end: parallel_id=0 thread_num=15
[OMPT] implicit_task_end: parallel_id=0 thread_num=13
[OMPT] implicit_task_end: parallel_id=0 thread_num=17
[OMPT] implicit_task_end: parallel_id=0 thread_num=24
[OMPT] implicit_task_end: parallel_id=0 thread_num=25
[OMPT] implicit_task_begin: parallel_id=281474976710679 thread_num=17 team_size=32
[OMPT] implicit_task_end: parallel_id=0 thread_num=6
[OMPT] implicit_task_begin: parallel_id=281474976710679 thread_num=24 team_size=32
[OMPT] implicit_task_end: parallel_id=0 thread_num=5
[OMPT] implicit_task_end: parallel_id=0 thread_num=19
[OMPT] implicit_task_begin: parallel_id=281474976710679 thread_num=25 team_size=32
[OMPT] implicit_task_begin: parallel_id=281474976710679 thread_num=2 team_size=32
[OMPT] implicit_task_begin: parallel_id=281474976710679 thread_num=3 team_size=32
[OMPT] implicit_task_begin: parallel_id=281474976710679 thread_num=15 team_size=32
[OMPT] implicit_task_end: parallel_id=0 thread_num=7
[OMPT] implicit_task_end: parallel_id=0 thread_num=8
[OMPT] implicit_task_end: parallel_id=0 thread_num=11
[OMPT] implicit_task_begin: parallel_id=281474976710679 thread_num=6 team_size=32
[OMPT] implicit_task_begin: parallel_id=281474976710679 thread_num=14 team_size=32
[OMPT] implicit_task_end: parallel_id=0 thread_num=1
[OMPT] implicit_task_begin: parallel_id=281474976710679 thread_num=8 team_size=32
[OMPT] implicit_task_begin: parallel_id=281474976710679 thread_num=4 team_size=32
[OMPT] implicit_task_begin: parallel_id=281474976710679 thread_num=12 team_size=32
[OMPT] implicit_task_begin: parallel_id=281474976710679 thread_num=28 team_size=32
[OMPT] implicit_task_end: parallel_id=0 thread_num=20
[OMPT] implicit_task_end: parallel_id=0 thread_num=23
[OMPT] implicit_task_end: parallel_id=0 thread_num=27
[OMPT] implicit_task_end: parallel_id=0 thread_num=26
[OMPT] implicit_task_begin: parallel_id=281474976710679 thread_num=20 team_size=32
[OMPT] implicit_task_begin: parallel_id=281474976710679 thread_num=23 team_size=32
[OMPT] implicit_task_begin: parallel_id=281474976710679 thread_num=27 team_size=32
[OMPT] implicit_task_begin: parallel_id=281474976710679 thread_num=13 team_size=32
[OMPT] implicit_task_begin: parallel_id=281474976710679 thread_num=26 team_size=32
[OMPT] implicit_task_begin: parallel_id=281474976710679 thread_num=19 team_size=32
[OMPT] implicit_task_end: parallel_id=0 thread_num=10
[OMPT] implicit_task_begin: parallel_id=281474976710679 thread_num=10 team_size=32
[OMPT] implicit_task_end: parallel_id=0 thread_num=9
[OMPT] implicit_task_begin: parallel_id=281474976710679 thread_num=9 team_size=32
[OMPT] implicit_task_begin: parallel_id=281474976710679 thread_num=5 team_size=32
[OMPT] implicit_task_begin: parallel_id=281474976710679 thread_num=11 team_size=32
[OMPT] implicit_task_end: parallel_id=0 thread_num=30
[OMPT] implicit_task_begin: parallel_id=281474976710679 thread_num=30 team_size=32
[OMPT] implicit_task_end: parallel_id=0 thread_num=29
[OMPT] implicit_task_begin: parallel_id=281474976710679 thread_num=7 team_size=32
[OMPT] implicit_task_begin: parallel_id=281474976710679 thread_num=29 team_size=32
[OMPT] implicit_task_begin: parallel_id=281474976710679 thread_num=1 team_size=32
[OMPT] implicit_task_begin: parallel_id=281474976710679 thread_num=0 team_size=32
[OMPT] implicit_task_end: parallel_id=0 thread_num=21
[OMPT] implicit_task_begin: parallel_id=281474976710679 thread_num=21 team_size=32
[OMPT] implicit_task_end: parallel_id=0 thread_num=22
[OMPT] implicit_task_begin: parallel_id=281474976710679 thread_num=22 team_size=32
[OMPT] implicit_task_begin: parallel_id=281474976710679 thread_num=31 team_size=32
[OMPT] implicit_task_end: parallel_id=0 thread_num=18
[OMPT] implicit_task_begin: parallel_id=281474976710679 thread_num=18 team_size=32
[OMPT] implicit_task_end: parallel_id=0 thread_num=0
[OMPT] parallel_end: parallel_id=281474976710679
[OMPT] parallel_begin: parallel_id=281474976710681 team_size=32
[OMPT] implicit_task_end: parallel_id=0 thread_num=12
[OMPT] implicit_task_begin: parallel_id=281474976710681 thread_num=0 team_size=32
[OMPT] implicit_task_end: parallel_id=0 thread_num=15
[OMPT] implicit_task_end: parallel_id=0 thread_num=16
[OMPT] implicit_task_end: parallel_id=0 thread_num=28
[OMPT] implicit_task_end: parallel_id=0 thread_num=24
[OMPT] implicit_task_end: parallel_id=0 thread_num=29
[OMPT] implicit_task_begin: parallel_id=281474976710681 thread_num=28 team_size=32
[OMPT] implicit_task_end: parallel_id=0 thread_num=14
[OMPT] implicit_task_begin: parallel_id=281474976710681 thread_num=24 team_size=32
[OMPT] implicit_task_end: parallel_id=0 thread_num=4
[OMPT] implicit_task_end: parallel_id=0 thread_num=7
[OMPT] implicit_task_begin: parallel_id=281474976710681 thread_num=12 team_size=32
[OMPT] implicit_task_begin: parallel_id=281474976710681 thread_num=15 team_size=32
[OMPT] implicit_task_begin: parallel_id=281474976710681 thread_num=4 team_size=32
[OMPT] implicit_task_end: parallel_id=0 thread_num=20
[OMPT] implicit_task_end: parallel_id=0 thread_num=22
[OMPT] implicit_task_begin: parallel_id=281474976710681 thread_num=7 team_size=32
[OMPT] implicit_task_end: parallel_id=0 thread_num=1
[OMPT] implicit_task_end: parallel_id=0 thread_num=18
[OMPT] implicit_task_begin: parallel_id=281474976710681 thread_num=20 team_size=32
[OMPT] implicit_task_begin: parallel_id=281474976710681 thread_num=22 team_size=32
[OMPT] implicit_task_end: parallel_id=0 thread_num=31
[OMPT] implicit_task_end: parallel_id=0 thread_num=30
[OMPT] implicit_task_end: parallel_id=0 thread_num=27
[OMPT] implicit_task_begin: parallel_id=281474976710681 thread_num=27 team_size=32
[OMPT] implicit_task_end: parallel_id=0 thread_num=25
[OMPT] implicit_task_begin: parallel_id=281474976710681 thread_num=25 team_size=32
[OMPT] implicit_task_end: parallel_id=0 thread_num=26
[OMPT] implicit_task_begin: parallel_id=281474976710681 thread_num=26 team_size=32
[OMPT] implicit_task_end: parallel_id=0 thread_num=8
[OMPT] implicit_task_end: parallel_id=0 thread_num=11
[OMPT] implicit_task_begin: parallel_id=281474976710681 thread_num=8 team_size=32
[OMPT] implicit_task_end: parallel_id=0 thread_num=2
[OMPT] implicit_task_begin: parallel_id=281474976710681 thread_num=11 team_size=32
[OMPT] implicit_task_begin: parallel_id=281474976710681 thread_num=2 team_size=32
[OMPT] implicit_task_end: parallel_id=0 thread_num=6
[OMPT] implicit_task_begin: parallel_id=281474976710681 thread_num=29 team_size=32
[OMPT] implicit_task_end: parallel_id=0 thread_num=19
[OMPT] implicit_task_begin: parallel_id=281474976710681 thread_num=6 team_size=32
[OMPT] implicit_task_begin: parallel_id=281474976710681 thread_num=19 team_size=32
[OMPT] implicit_task_end: parallel_id=0 thread_num=23
[OMPT] implicit_task_begin: parallel_id=281474976710681 thread_num=23 team_size=32
[OMPT] implicit_task_begin: parallel_id=281474976710681 thread_num=14 team_size=32
[OMPT] implicit_task_end: parallel_id=0 thread_num=21
[OMPT] implicit_task_begin: parallel_id=281474976710681 thread_num=21 team_size=32
[OMPT] implicit_task_end: parallel_id=0 thread_num=17
[OMPT] implicit_task_begin: parallel_id=281474976710681 thread_num=17 team_size=32
[OMPT] implicit_task_end: parallel_id=0 thread_num=3
[OMPT] implicit_task_begin: parallel_id=281474976710681 thread_num=3 team_size=32
[OMPT] implicit_task_begin: parallel_id=281474976710681 thread_num=18 team_size=32
[OMPT] implicit_task_begin: parallel_id=281474976710681 thread_num=1 team_size=32
[OMPT] implicit_task_begin: parallel_id=281474976710681 thread_num=16 team_size=32
[OMPT] implicit_task_begin: parallel_id=281474976710681 thread_num=31 team_size=32
[OMPT] implicit_task_begin: parallel_id=281474976710681 thread_num=30 team_size=32
[OMPT] implicit_task_end: parallel_id=0 thread_num=10
[OMPT] implicit_task_end: parallel_id=0 thread_num=9
[OMPT] implicit_task_begin: parallel_id=281474976710681 thread_num=9 team_size=32
[OMPT] implicit_task_end: parallel_id=0 thread_num=13
[OMPT] implicit_task_begin: parallel_id=281474976710681 thread_num=13 team_size=32
[OMPT] implicit_task_end: parallel_id=0 thread_num=5
[OMPT] implicit_task_begin: parallel_id=281474976710681 thread_num=5 team_size=32
[OMPT] implicit_task_begin: parallel_id=281474976710681 thread_num=10 team_size=32
[OMPT] implicit_task_end: parallel_id=0 thread_num=0
[OMPT] parallel_end: parallel_id=281474976710681
[OMPT] parallel_begin: parallel_id=281474976710683 team_size=32
[OMPT] implicit_task_end: parallel_id=0 thread_num=16
[OMPT] implicit_task_end: parallel_id=0 thread_num=12
[OMPT] implicit_task_end: parallel_id=0 thread_num=28
[OMPT] implicit_task_end: parallel_id=0 thread_num=15
[OMPT] implicit_task_begin: parallel_id=281474976710683 thread_num=16 team_size=32
[OMPT] implicit_task_end: parallel_id=0 thread_num=8
[OMPT] implicit_task_begin: parallel_id=281474976710683 thread_num=15 team_size=32
[OMPT] implicit_task_end: parallel_id=0 thread_num=3
[OMPT] implicit_task_end: parallel_id=0 thread_num=1
[OMPT] implicit_task_begin: parallel_id=281474976710683 thread_num=28 team_size=32
[OMPT] implicit_task_end: parallel_id=0 thread_num=20
[OMPT] implicit_task_end: parallel_id=0 thread_num=23
[OMPT] implicit_task_end: parallel_id=0 thread_num=24
[OMPT] implicit_task_end: parallel_id=0 thread_num=26
[OMPT] implicit_task_end: parallel_id=0 thread_num=14
[OMPT] implicit_task_end: parallel_id=0 thread_num=13
[OMPT] implicit_task_begin: parallel_id=281474976710683 thread_num=23 team_size=32
[OMPT] implicit_task_end: parallel_id=0 thread_num=30
[OMPT] implicit_task_begin: parallel_id=281474976710683 thread_num=14 team_size=32
[OMPT] implicit_task_end: parallel_id=0 thread_num=31
[OMPT] implicit_task_begin: parallel_id=281474976710683 thread_num=24 team_size=32
[OMPT] implicit_task_begin: parallel_id=281474976710683 thread_num=26 team_size=32
[OMPT] implicit_task_begin: parallel_id=281474976710683 thread_num=13 team_size=32
[OMPT] implicit_task_begin: parallel_id=281474976710683 thread_num=12 team_size=32
[OMPT] implicit_task_begin: parallel_id=281474976710683 thread_num=1 team_size=32
[OMPT] implicit_task_end: parallel_id=0 thread_num=2
[OMPT] implicit_task_begin: parallel_id=281474976710683 thread_num=2 team_size=32
[OMPT] implicit_task_end: parallel_id=0 thread_num=9
[OMPT] implicit_task_begin: parallel_id=281474976710683 thread_num=9 team_size=32
[OMPT] implicit_task_end: parallel_id=0 thread_num=10
[OMPT] implicit_task_begin: parallel_id=281474976710683 thread_num=0 team_size=32
[OMPT] implicit_task_end: parallel_id=0 thread_num=17
[OMPT] implicit_task_begin: parallel_id=281474976710683 thread_num=10 team_size=32
[OMPT] implicit_task_begin: parallel_id=281474976710683 thread_num=17 team_size=32
[OMPT] implicit_task_end: parallel_id=0 thread_num=22
[OMPT] implicit_task_end: parallel_id=0 thread_num=21
[OMPT] implicit_task_begin: parallel_id=281474976710683 thread_num=22 team_size=32
[OMPT] implicit_task_begin: parallel_id=281474976710683 thread_num=21 team_size=32
[OMPT] implicit_task_end: parallel_id=0 thread_num=18
[OMPT] implicit_task_begin: parallel_id=281474976710683 thread_num=20 team_size=32
[OMPT] implicit_task_begin: parallel_id=281474976710683 thread_num=18 team_size=32
[OMPT] implicit_task_end: parallel_id=0 thread_num=27
[OMPT] implicit_task_begin: parallel_id=281474976710683 thread_num=27 team_size=32
[OMPT] implicit_task_end: parallel_id=0 thread_num=4
[OMPT] implicit_task_end: parallel_id=0 thread_num=7
[OMPT] implicit_task_end: parallel_id=0 thread_num=29
[OMPT] implicit_task_begin: parallel_id=281474976710683 thread_num=7 team_size=32
[OMPT] implicit_task_begin: parallel_id=281474976710683 thread_num=31 team_size=32
[OMPT] implicit_task_begin: parallel_id=281474976710683 thread_num=30 team_size=32
[OMPT] implicit_task_end: parallel_id=0 thread_num=11
[OMPT] implicit_task_begin: parallel_id=281474976710683 thread_num=8 team_size=32
[OMPT] implicit_task_begin: parallel_id=281474976710683 thread_num=3 team_size=32
[OMPT] implicit_task_end: parallel_id=0 thread_num=25
[OMPT] implicit_task_begin: parallel_id=281474976710683 thread_num=11 team_size=32
[OMPT] implicit_task_end: parallel_id=0 thread_num=5
[OMPT] implicit_task_end: parallel_id=0 thread_num=6
[OMPT] implicit_task_end: parallel_id=0 thread_num=19
[OMPT] implicit_task_begin: parallel_id=281474976710683 thread_num=6 team_size=32
[OMPT] implicit_task_begin: parallel_id=281474976710683 thread_num=25 team_size=32
[OMPT] implicit_task_begin: parallel_id=281474976710683 thread_num=19 team_size=32
[OMPT] implicit_task_begin: parallel_id=281474976710683 thread_num=29 team_size=32
[OMPT] implicit_task_begin: parallel_id=281474976710683 thread_num=5 team_size=32
[OMPT] implicit_task_begin: parallel_id=281474976710683 thread_num=4 team_size=32
[OMPT] implicit_task_end: parallel_id=0 thread_num=0
[OMPT] parallel_end: parallel_id=281474976710683
[OMPT] parallel_begin: parallel_id=281474976710685 team_size=32
[OMPT] implicit_task_end: parallel_id=0 thread_num=12
[OMPT] implicit_task_end: parallel_id=0 thread_num=1
[OMPT] implicit_task_end: parallel_id=0 thread_num=14
[OMPT] implicit_task_end: parallel_id=0 thread_num=4
[OMPT] implicit_task_end: parallel_id=0 thread_num=7
[OMPT] implicit_task_end: parallel_id=0 thread_num=3
[OMPT] implicit_task_begin: parallel_id=281474976710685 thread_num=14 team_size=32
[OMPT] implicit_task_begin: parallel_id=281474976710685 thread_num=0 team_size=32
[OMPT] implicit_task_end: parallel_id=0 thread_num=8
[OMPT] implicit_task_end: parallel_id=0 thread_num=15
[OMPT] implicit_task_end: parallel_id=0 thread_num=9
[OMPT] implicit_task_end: parallel_id=0 thread_num=13
[OMPT] implicit_task_begin: parallel_id=281474976710685 thread_num=12 team_size=32
[OMPT] implicit_task_begin: parallel_id=281474976710685 thread_num=8 team_size=32
[OMPT] implicit_task_end: parallel_id=0 thread_num=6
[OMPT] implicit_task_end: parallel_id=0 thread_num=2
[OMPT] implicit_task_begin: parallel_id=281474976710685 thread_num=4 team_size=32
[OMPT] implicit_task_begin: parallel_id=281474976710685 thread_num=6 team_size=32
[OMPT] implicit_task_begin: parallel_id=281474976710685 thread_num=2 team_size=32
[OMPT] implicit_task_begin: parallel_id=281474976710685 thread_num=7 team_size=32
[OMPT] implicit_task_end: parallel_id=0 thread_num=11
[OMPT] implicit_task_end: parallel_id=0 thread_num=10
[OMPT] implicit_task_begin: parallel_id=281474976710685 thread_num=10 team_size=32
[OMPT] implicit_task_begin: parallel_id=281474976710685 thread_num=1 team_size=32
[OMPT] implicit_task_begin: parallel_id=281474976710685 thread_num=13 team_size=32
[OMPT] implicit_task_begin: parallel_id=281474976710685 thread_num=9 team_size=32
[OMPT] implicit_task_end: parallel_id=0 thread_num=5
[OMPT] implicit_task_begin: parallel_id=281474976710685 thread_num=5 team_size=32
[OMPT] implicit_task_begin: parallel_id=281474976710685 thread_num=15 team_size=32
[OMPT] implicit_task_begin: parallel_id=281474976710685 thread_num=3 team_size=32
[OMPT] implicit_task_begin: parallel_id=281474976710685 thread_num=11 team_size=32
[OMPT] implicit_task_end: parallel_id=0 thread_num=16
[OMPT] implicit_task_end: parallel_id=0 thread_num=28
[OMPT] implicit_task_begin: parallel_id=281474976710685 thread_num=16 team_size=32
[OMPT] implicit_task_end: parallel_id=0 thread_num=29
[OMPT] implicit_task_end: parallel_id=0 thread_num=24
[OMPT] implicit_task_end: parallel_id=0 thread_num=17
[OMPT] implicit_task_end: parallel_id=0 thread_num=20
[OMPT] implicit_task_end: parallel_id=0 thread_num=19
[OMPT] implicit_task_end: parallel_id=0 thread_num=21
[OMPT] implicit_task_end: parallel_id=0 thread_num=31
[OMPT] implicit_task_end: parallel_id=0 thread_num=30
[OMPT] implicit_task_begin: parallel_id=281474976710685 thread_num=28 team_size=32
[OMPT] implicit_task_begin: parallel_id=281474976710685 thread_num=24 team_size=32
[OMPT] implicit_task_end: parallel_id=0 thread_num=27
[OMPT] implicit_task_begin: parallel_id=281474976710685 thread_num=31 team_size=32
[OMPT] implicit_task_end: parallel_id=0 thread_num=26
[OMPT] implicit_task_end: parallel_id=0 thread_num=23
[OMPT] implicit_task_end: parallel_id=0 thread_num=22
[OMPT] implicit_task_begin: parallel_id=281474976710685 thread_num=19 team_size=32
[OMPT] implicit_task_begin: parallel_id=281474976710685 thread_num=29 team_size=32
[OMPT] implicit_task_begin: parallel_id=281474976710685 thread_num=23 team_size=32
[OMPT] implicit_task_end: parallel_id=0 thread_num=18
[OMPT] implicit_task_begin: parallel_id=281474976710685 thread_num=30 team_size=32
[OMPT] implicit_task_end: parallel_id=0 thread_num=25
[OMPT] implicit_task_begin: parallel_id=281474976710685 thread_num=26 team_size=32
[OMPT] implicit_task_begin: parallel_id=281474976710685 thread_num=27 team_size=32
[OMPT] implicit_task_begin: parallel_id=281474976710685 thread_num=18 team_size=32
[OMPT] implicit_task_begin: parallel_id=281474976710685 thread_num=17 team_size=32
[OMPT] implicit_task_begin: parallel_id=281474976710685 thread_num=20 team_size=32
[OMPT] implicit_task_begin: parallel_id=281474976710685 thread_num=21 team_size=32
[OMPT] implicit_task_begin: parallel_id=281474976710685 thread_num=22 team_size=32
[OMPT] implicit_task_begin: parallel_id=281474976710685 thread_num=25 team_size=32
[OMPT] implicit_task_end: parallel_id=0 thread_num=0
[OMPT] parallel_end: parallel_id=281474976710685
[OMPT] parallel_begin: parallel_id=281474976710687 team_size=32
[OMPT] implicit_task_end: parallel_id=0 thread_num=16
[OMPT] implicit_task_end: parallel_id=0 thread_num=2
[OMPT] implicit_task_end: parallel_id=0 thread_num=17
[OMPT] implicit_task_end: parallel_id=0 thread_num=8
[OMPT] implicit_task_end: parallel_id=0 thread_num=4
[OMPT] implicit_task_end: parallel_id=0 thread_num=11
[OMPT] implicit_task_end: parallel_id=0 thread_num=7
[OMPT] implicit_task_end: parallel_id=0 thread_num=12
[OMPT] implicit_task_begin: parallel_id=281474976710687 thread_num=0 team_size=32
[OMPT] implicit_task_end: parallel_id=0 thread_num=14
[OMPT] implicit_task_end: parallel_id=0 thread_num=20
[OMPT] implicit_task_begin: parallel_id=281474976710687 thread_num=11 team_size=32
[OMPT] implicit_task_end: parallel_id=0 thread_num=22
[OMPT] implicit_task_begin: parallel_id=281474976710687 thread_num=8 team_size=32
[OMPT] implicit_task_begin: parallel_id=281474976710687 thread_num=14 team_size=32
[OMPT] implicit_task_begin: parallel_id=281474976710687 thread_num=12 team_size=32
[OMPT] implicit_task_end: parallel_id=0 thread_num=10
[OMPT] implicit_task_begin: parallel_id=281474976710687 thread_num=20 team_size=32
[OMPT] implicit_task_begin: parallel_id=281474976710687 thread_num=17 team_size=32
[OMPT] implicit_task_begin: parallel_id=281474976710687 thread_num=22 team_size=32
[OMPT] implicit_task_end: parallel_id=0 thread_num=5
[OMPT] implicit_task_begin: parallel_id=281474976710687 thread_num=2 team_size=32
[OMPT] implicit_task_begin: parallel_id=281474976710687 thread_num=5 team_size=32
[OMPT] implicit_task_begin: parallel_id=281474976710687 thread_num=7 team_size=32
[OMPT] implicit_task_begin: parallel_id=281474976710687 thread_num=4 team_size=32
[OMPT] implicit_task_end: parallel_id=0 thread_num=1
[OMPT] implicit_task_begin: parallel_id=281474976710687 thread_num=1 team_size=32
[OMPT] implicit_task_end: parallel_id=0 thread_num=15
[OMPT] implicit_task_begin: parallel_id=281474976710687 thread_num=15 team_size=32
[OMPT] implicit_task_end: parallel_id=0 thread_num=13
[OMPT] implicit_task_end: parallel_id=0 thread_num=19
[OMPT] implicit_task_end: parallel_id=0 thread_num=24
[OMPT] implicit_task_end: parallel_id=0 thread_num=26
[OMPT] implicit_task_end: parallel_id=0 thread_num=18
[OMPT] implicit_task_end: parallel_id=0 thread_num=21
[OMPT] implicit_task_begin: parallel_id=281474976710687 thread_num=24 team_size=32
[OMPT] implicit_task_begin: parallel_id=281474976710687 thread_num=18 team_size=32
[OMPT] implicit_task_begin: parallel_id=281474976710687 thread_num=26 team_size=32
[OMPT] implicit_task_begin: parallel_id=281474976710687 thread_num=21 team_size=32
[OMPT] implicit_task_end: parallel_id=0 thread_num=28
[OMPT] implicit_task_end: parallel_id=0 thread_num=29
[OMPT] implicit_task_begin: parallel_id=281474976710687 thread_num=28 team_size=32
[OMPT] implicit_task_end: parallel_id=0 thread_num=6
[OMPT] implicit_task_begin: parallel_id=281474976710687 thread_num=10 team_size=32
[OMPT] implicit_task_begin: parallel_id=281474976710687 thread_num=13 team_size=32
[OMPT] implicit_task_begin: parallel_id=281474976710687 thread_num=29 team_size=32
[OMPT] implicit_task_begin: parallel_id=281474976710687 thread_num=6 team_size=32
[OMPT] implicit_task_begin: parallel_id=281474976710687 thread_num=19 team_size=32
[OMPT] implicit_task_end: parallel_id=0 thread_num=25
[OMPT] implicit_task_begin: parallel_id=281474976710687 thread_num=25 team_size=32
[OMPT] implicit_task_end: parallel_id=0 thread_num=27
[OMPT] implicit_task_begin: parallel_id=281474976710687 thread_num=27 team_size=32
[OMPT] implicit_task_end: parallel_id=0 thread_num=23
[OMPT] implicit_task_begin: parallel_id=281474976710687 thread_num=23 team_size=32
[OMPT] implicit_task_begin: parallel_id=281474976710687 thread_num=16 team_size=32
[OMPT] implicit_task_end: parallel_id=0 thread_num=9
[OMPT] implicit_task_begin: parallel_id=281474976710687 thread_num=9 team_size=32
[OMPT] implicit_task_end: parallel_id=0 thread_num=30
[OMPT] implicit_task_begin: parallel_id=281474976710687 thread_num=30 team_size=32
[OMPT] implicit_task_end: parallel_id=0 thread_num=31
[OMPT] implicit_task_begin: parallel_id=281474976710687 thread_num=31 team_size=32
[OMPT] implicit_task_end: parallel_id=0 thread_num=3
[OMPT] implicit_task_begin: parallel_id=281474976710687 thread_num=3 team_size=32
[OMPT][WIN100ms] ompt_id=281474976710657 tid=1054906 tipo=ompt_thread_initial    cpu=150 numa=0  d_rm= 1592270  d_instr= 323244241  d_cyc= 363520627  d_all=13390363  IPC=0.889  ratio_rm=0.1189
[OMPT][WIN100ms] ompt_id=562949953421313 tid=1054928 tipo=ompt_thread_worker     cpu=159 numa=0  d_rm= 1637563  d_instr= 343431206  d_cyc= 375677989  d_all=13773817  IPC=0.914  ratio_rm=0.1189
[OMPT][WIN100ms] ompt_id=844424930131969 tid=1054929 tipo=ompt_thread_worker     cpu= 66 numa=1  d_rm= 1758510  d_instr= 289021062  d_cyc= 390485862  d_all=13949025  IPC=0.740  ratio_rm=0.1261
[OMPT][WIN100ms] ompt_id=1125899906842625 tid=1054930 tipo=ompt_thread_worker     cpu=  8 numa=0  d_rm= 1686151  d_instr= 355114817  d_cyc= 387112314  d_all=14579475  IPC=0.917  ratio_rm=0.1157
[OMPT][WIN100ms] ompt_id=1407374883553281 tid=1054931 tipo=ompt_thread_worker     cpu=121 numa=1  d_rm= 1830526  d_instr= 357941333  d_cyc= 397341844  d_all=15112770  IPC=0.901  ratio_rm=0.1211
[OMPT][WIN100ms] ompt_id=1688849860263937 tid=1054932 tipo=ompt_thread_worker     cpu=208 numa=1  d_rm= 1881342  d_instr= 313024392  d_cyc= 408985090  d_all=14759434  IPC=0.765  ratio_rm=0.1275
[OMPT][WIN100ms] ompt_id=1970324836974593 tid=1054933 tipo=ompt_thread_worker     cpu= 87 numa=1  d_rm= 1914540  d_instr= 318588802  d_cyc= 416484539  d_all=15139054  IPC=0.765  ratio_rm=0.1265
[OMPT][WIN100ms] ompt_id=2251799813685249 tid=1054935 tipo=ompt_thread_worker     cpu= 97 numa=1  d_rm= 1928426  d_instr= 312026486  d_cyc= 423119246  d_all=15344620  IPC=0.737  ratio_rm=0.1257
[OMPT][WIN100ms] ompt_id=2533274790395905 tid=1054934 tipo=ompt_thread_worker     cpu=139 numa=0  d_rm= 1942557  d_instr= 391854596  d_cyc= 424416268  d_all=16821462  IPC=0.923  ratio_rm=0.1155
[OMPT][WIN100ms] ompt_id=2814749767106561 tid=1054937 tipo=ompt_thread_worker     cpu= 86 numa=1  d_rm= 1923013  d_instr= 322872880  d_cyc= 434805774  d_all=15632178  IPC=0.743  ratio_rm=0.1230
[OMPT] implicit_task_end: parallel_id=0 thread_num=0
[OMPT] parallel_end: parallel_id=281474976710687
[OMPT] parallel_begin: parallel_id=281474976710689 team_size=32
[OMPT] implicit_task_end: parallel_id=0 thread_num=12
[OMPT] implicit_task_end: parallel_id=0 thread_num=4
[OMPT] implicit_task_end: parallel_id=0 thread_num=14
[OMPT] implicit_task_end: parallel_id=0 thread_num=1
[OMPT] implicit_task_end: parallel_id=0 thread_num=3
[OMPT] implicit_task_end: parallel_id=0 thread_num=16
[OMPT] implicit_task_end: parallel_id=0 thread_num=20
[OMPT] implicit_task_end: parallel_id=0 thread_num=28
[OMPT] implicit_task_end: parallel_id=0 thread_num=22
[OMPT] implicit_task_end: parallel_id=0 thread_num=30
[OMPT] implicit_task_end: parallel_id=0 thread_num=7
[OMPT] implicit_task_end: parallel_id=0 thread_num=5
[OMPT] implicit_task_end: parallel_id=0 thread_num=24
[OMPT] implicit_task_end: parallel_id=0 thread_num=27
[OMPT] implicit_task_end: parallel_id=0 thread_num=19
[OMPT] implicit_task_end: parallel_id=0 thread_num=17
[OMPT] implicit_task_end: parallel_id=0 thread_num=2
[OMPT] implicit_task_end: parallel_id=0 thread_num=15
[OMPT] implicit_task_end: parallel_id=0 thread_num=21
[OMPT] implicit_task_end: parallel_id=0 thread_num=23
[OMPT] implicit_task_end: parallel_id=0 thread_num=31
[OMPT] implicit_task_end: parallel_id=0 thread_num=29
[OMPT] implicit_task_end: parallel_id=0 thread_num=13
[OMPT] implicit_task_end: parallel_id=0 thread_num=6
[OMPT] implicit_task_end: parallel_id=0 thread_num=8
[OMPT] implicit_task_end: parallel_id=0 thread_num=11
[OMPT] implicit_task_end: parallel_id=0 thread_num=9
[OMPT] implicit_task_end: parallel_id=0 thread_num=26
[OMPT] implicit_task_end: parallel_id=0 thread_num=10
[OMPT] implicit_task_end: parallel_id=0 thread_num=25
[OMPT] implicit_task_end: parallel_id=0 thread_num=18
[OMPT][WIN100ms] ompt_id=3096224743817217 tid=1054936 tipo=ompt_thread_worker     cpu=  0 numa=0  d_rm= 1903344  d_instr= 392043631  d_cyc= 432793188  d_all=16305577  IPC=0.906  ratio_rm=0.1167
[OMPT][WIN100ms] ompt_id=3377699720527873 tid=1054938 tipo=ompt_thread_worker     cpu=231 numa=1  d_rm= 2079661  d_instr= 330100868  d_cyc= 448361532  d_all=16363837  IPC=0.736  ratio_rm=0.1271
[OMPT][WIN100ms] ompt_id=3940649673949185 tid=1054940 tipo=ompt_thread_worker     cpu= 45 numa=0  d_rm= 1867716  d_instr= 388402095  d_cyc= 442086077  d_all=15900686  IPC=0.879  ratio_rm=0.1175
[OMPT][WIN100ms] ompt_id=3659174697238529 tid=1054939 tipo=ompt_thread_worker     cpu= 56 numa=0  d_rm= 1891170  d_instr= 400217640  d_cyc= 451270569  d_all=16044255  IPC=0.887  ratio_rm=0.1179
[OMPT][WIN100ms] ompt_id=4222124650659841 tid=1054942 tipo=ompt_thread_worker     cpu=191 numa=0  d_rm= 1904192  d_instr= 400799088  d_cyc= 457022992  d_all=16281212  IPC=0.877  ratio_rm=0.1170
[OMPT][WIN100ms] ompt_id=4503599627370497 tid=1054941 tipo=ompt_thread_worker     cpu= 64 numa=1  d_rm= 1934334  d_instr= 328790860  d_cyc= 473501369  d_all=16061657  IPC=0.694  ratio_rm=0.1204
[OMPT][WIN100ms] ompt_id=4785074604081153 tid=1054944 tipo=ompt_thread_worker     cpu= 21 numa=0  d_rm= 1951053  d_instr= 390898615  d_cyc= 470795463  d_all=16369916  IPC=0.830  ratio_rm=0.1192
[OMPT][WIN100ms] ompt_id=5066549580791809 tid=1054943 tipo=ompt_thread_worker     cpu=120 numa=1  d_rm= 1861459  d_instr= 388341634  d_cyc= 475840923  d_all=16327242  IPC=0.816  ratio_rm=0.1140
[OMPT][WIN100ms] ompt_id=5348024557502465 tid=1054945 tipo=ompt_thread_worker     cpu=  1 numa=0  d_rm= 1897702  d_instr= 394138722  d_cyc= 480040312  d_all=16072534  IPC=0.821  ratio_rm=0.1181
[OMPT][WIN100ms] ompt_id=5629499534213121 tid=1054946 tipo=ompt_thread_worker     cpu= 89 numa=1  d_rm= 1946982  d_instr= 344248710  d_cyc= 492323492  d_all=16216976  IPC=0.699  ratio_rm=0.1201
[OMPT][WIN100ms] ompt_id=5910974510923777 tid=1054947 tipo=ompt_thread_worker     cpu= 88 numa=1  d_rm= 1768798  d_instr= 401705890  d_cyc= 492960695  d_all=16074267  IPC=0.815  ratio_rm=0.1100
[OMPT][WIN100ms] ompt_id=6192449487634433 tid=1054948 tipo=ompt_thread_worker     cpu= 37 numa=0  d_rm= 1882110  d_instr= 396297044  d_cyc= 499019099  d_all=16053342  IPC=0.794  ratio_rm=0.1172
[OMPT][WIN100ms] ompt_id=6473924464345089 tid=1054949 tipo=ompt_thread_worker     cpu= 65 numa=1  d_rm= 2012995  d_instr= 332985418  d_cyc= 515630742  d_all=16154532  IPC=0.646  ratio_rm=0.1246
[OMPT][WIN100ms] ompt_id=6755399441055745 tid=1054950 tipo=ompt_thread_worker     cpu=237 numa=1  d_rm= 2067473  d_instr= 308160468  d_cyc= 523230668  d_all=16184919  IPC=0.589  ratio_rm=0.1277
[OMPT][WIN100ms] ompt_id=7036874417766401 tid=1054951 tipo=ompt_thread_worker     cpu=112 numa=1  d_rm= 1604836  d_instr= 424206346  d_cyc= 515782613  d_all=15977963  IPC=0.822  ratio_rm=0.1004
[OMPT][WIN100ms] ompt_id=7318349394477057 tid=1054952 tipo=ompt_thread_worker     cpu=239 numa=1  d_rm= 2081412  d_instr= 307884997  d_cyc= 534832071  d_all=16134841  IPC=0.576  ratio_rm=0.1290
[OMPT][WIN100ms] ompt_id=7599824371187713 tid=1054953 tipo=ompt_thread_worker     cpu= 38 numa=0  d_rm= 1869898  d_instr= 396433088  d_cyc= 532070234  d_all=16121416  IPC=0.745  ratio_rm=0.1160
[OMPT][WIN100ms] ompt_id=7881299347898369 tid=1054954 tipo=ompt_thread_worker     cpu= 46 numa=0  d_rm= 1852563  d_instr= 392799614  d_cyc= 537728979  d_all=16372701  IPC=0.730  ratio_rm=0.1131
[OMPT][WIN100ms] ompt_id=8162774324609025 tid=1054955 tipo=ompt_thread_worker     cpu= 72 numa=1  d_rm= 1570614  d_instr= 423450589  d_cyc= 540595992  d_all=16084244  IPC=0.783  ratio_rm=0.0976
[OMPT][WIN100ms] ompt_id=8444249301319681 tid=1054956 tipo=ompt_thread_worker     cpu=236 numa=1  d_rm= 1978797  d_instr= 307575303  d_cyc= 559951617  d_all=16296587  IPC=0.549  ratio_rm=0.1214
[OMPT][WIN100ms] ompt_id=8725724278030337 tid=1054957 tipo=ompt_thread_worker     cpu= 25 numa=0  d_rm= 1869599  d_instr= 399072294  d_cyc= 554264727  d_all=16087341  IPC=0.720  ratio_rm=0.1162
[OMPT][WIN100ms] ompt_id=9007199254740993 tid=1054958 tipo=ompt_thread_worker     cpu= 96 numa=1  d_rm= 1997877  d_instr= 325375802  d_cyc= 569877725  d_all=16341231  IPC=0.571  ratio_rm=0.1223
[OMPT] implicit_task_begin: parallel_id=281474976710689 thread_num=15 team_size=32
[OMPT] implicit_task_begin: parallel_id=281474976710689 thread_num=12 team_size=32
[OMPT] implicit_task_begin: parallel_id=281474976710689 thread_num=9 team_size=32
[OMPT] implicit_task_begin: parallel_id=281474976710689 thread_num=3 team_size=32
[OMPT] implicit_task_begin: parallel_id=281474976710689 thread_num=7 team_size=32
[OMPT] implicit_task_begin: parallel_id=281474976710689 thread_num=16 team_size=32
[OMPT] implicit_task_begin: parallel_id=281474976710689 thread_num=4 team_size=32
[OMPT] implicit_task_begin: parallel_id=281474976710689 thread_num=20 team_size=32
[OMPT] implicit_task_begin: parallel_id=281474976710689 thread_num=19 team_size=32
[OMPT] implicit_task_begin: parallel_id=281474976710689 thread_num=11 team_size=32
[OMPT] implicit_task_begin: parallel_id=281474976710689 thread_num=8 team_size=32
[OMPT] implicit_task_begin: parallel_id=281474976710689 thread_num=31 team_size=32
[OMPT] implicit_task_begin: parallel_id=281474976710689 thread_num=25 team_size=32
[OMPT] implicit_task_begin: parallel_id=281474976710689 thread_num=29 team_size=32
[OMPT] implicit_task_begin: parallel_id=281474976710689 thread_num=23 team_size=32
[OMPT] implicit_task_begin: parallel_id=281474976710689 thread_num=28 team_size=32
[OMPT] implicit_task_begin: parallel_id=281474976710689 thread_num=2 team_size=32
[OMPT] implicit_task_begin: parallel_id=281474976710689 thread_num=22 team_size=32
[OMPT] implicit_task_begin: parallel_id=281474976710689 thread_num=14 team_size=32
[OMPT] implicit_task_begin: parallel_id=281474976710689 thread_num=18 team_size=32
[OMPT] implicit_task_begin: parallel_id=281474976710689 thread_num=6 team_size=32
[OMPT] implicit_task_begin: parallel_id=281474976710689 thread_num=10 team_size=32
[OMPT] implicit_task_begin: parallel_id=281474976710689 thread_num=5 team_size=32
[OMPT] implicit_task_begin: parallel_id=281474976710689 thread_num=13 team_size=32
[OMPT] implicit_task_begin: parallel_id=281474976710689 thread_num=26 team_size=32
[OMPT] implicit_task_begin: parallel_id=281474976710689 thread_num=21 team_size=32
[OMPT] implicit_task_begin: parallel_id=281474976710689 thread_num=27 team_size=32
[OMPT] implicit_task_begin: parallel_id=281474976710689 thread_num=24 team_size=32
[OMPT] implicit_task_begin: parallel_id=281474976710689 thread_num=0 team_size=32
[OMPT] implicit_task_begin: parallel_id=281474976710689 thread_num=1 team_size=32
[OMPT] implicit_task_begin: parallel_id=281474976710689 thread_num=17 team_size=32
[OMPT] implicit_task_begin: parallel_id=281474976710689 thread_num=30 team_size=32
[OMPT] implicit_task_end: parallel_id=0 thread_num=0
[OMPT] parallel_end: parallel_id=281474976710689
[OMPT] parallel_begin: parallel_id=281474976710691 team_size=32
[OMPT] implicit_task_end: parallel_id=0 thread_num=12
[OMPT] implicit_task_begin: parallel_id=281474976710691 thread_num=0 team_size=32
[OMPT] implicit_task_end: parallel_id=0 thread_num=15
[OMPT] implicit_task_begin: parallel_id=281474976710691 thread_num=12 team_size=32
[OMPT] implicit_task_end: parallel_id=0 thread_num=16
[OMPT] implicit_task_end: parallel_id=0 thread_num=2
[OMPT] implicit_task_end: parallel_id=0 thread_num=18
[OMPT] implicit_task_end: parallel_id=0 thread_num=1
[OMPT] implicit_task_end: parallel_id=0 thread_num=3
[OMPT] implicit_task_begin: parallel_id=281474976710691 thread_num=1 team_size=32
[OMPT] implicit_task_begin: parallel_id=281474976710691 thread_num=3 team_size=32
[OMPT] implicit_task_end: parallel_id=0 thread_num=4
[OMPT] implicit_task_end: parallel_id=0 thread_num=7
[OMPT] implicit_task_end: parallel_id=0 thread_num=5
[OMPT] implicit_task_end: parallel_id=0 thread_num=20
[OMPT] implicit_task_end: parallel_id=0 thread_num=19
[OMPT] implicit_task_end: parallel_id=0 thread_num=22
[OMPT] implicit_task_end: parallel_id=0 thread_num=24
[OMPT] implicit_task_begin: parallel_id=281474976710691 thread_num=22 team_size=32
[OMPT] implicit_task_end: parallel_id=0 thread_num=25
[OMPT] implicit_task_begin: parallel_id=281474976710691 thread_num=20 team_size=32
[OMPT] implicit_task_begin: parallel_id=281474976710691 thread_num=19 team_size=32
[OMPT] implicit_task_end: parallel_id=0 thread_num=8
[OMPT] implicit_task_end: parallel_id=0 thread_num=11
[OMPT] implicit_task_begin: parallel_id=281474976710691 thread_num=24 team_size=32
[OMPT] implicit_task_end: parallel_id=0 thread_num=13
[OMPT] implicit_task_begin: parallel_id=281474976710691 thread_num=8 team_size=32
[OMPT] implicit_task_begin: parallel_id=281474976710691 thread_num=4 team_size=32
[OMPT] implicit_task_begin: parallel_id=281474976710691 thread_num=7 team_size=32
[OMPT] implicit_task_begin: parallel_id=281474976710691 thread_num=15 team_size=32
[OMPT] implicit_task_begin: parallel_id=281474976710691 thread_num=13 team_size=32
[OMPT] implicit_task_end: parallel_id=0 thread_num=23
[OMPT] implicit_task_begin: parallel_id=281474976710691 thread_num=23 team_size=32
[OMPT] implicit_task_end: parallel_id=0 thread_num=21
[OMPT] implicit_task_begin: parallel_id=281474976710691 thread_num=21 team_size=32
[OMPT] implicit_task_end: parallel_id=0 thread_num=28
[OMPT] implicit_task_end: parallel_id=0 thread_num=29
[OMPT] implicit_task_begin: parallel_id=281474976710691 thread_num=5 team_size=32
[OMPT] implicit_task_end: parallel_id=0 thread_num=17
[OMPT] implicit_task_end: parallel_id=0 thread_num=26
[OMPT] implicit_task_begin: parallel_id=281474976710691 thread_num=17 team_size=32
[OMPT] implicit_task_begin: parallel_id=281474976710691 thread_num=26 team_size=32
[OMPT] implicit_task_end: parallel_id=0 thread_num=27
[OMPT] implicit_task_begin: parallel_id=281474976710691 thread_num=16 team_size=32
[OMPT] implicit_task_begin: parallel_id=281474976710691 thread_num=27 team_size=32
[OMPT] implicit_task_begin: parallel_id=281474976710691 thread_num=2 team_size=32
[OMPT] implicit_task_begin: parallel_id=281474976710691 thread_num=18 team_size=32
[OMPT] implicit_task_end: parallel_id=0 thread_num=10
[OMPT] implicit_task_begin: parallel_id=281474976710691 thread_num=10 team_size=32
[OMPT] implicit_task_end: parallel_id=0 thread_num=6
[OMPT] implicit_task_begin: parallel_id=281474976710691 thread_num=6 team_size=32
[OMPT] implicit_task_begin: parallel_id=281474976710691 thread_num=11 team_size=32
[OMPT] implicit_task_begin: parallel_id=281474976710691 thread_num=25 team_size=32
[OMPT] implicit_task_end: parallel_id=0 thread_num=30
[OMPT] implicit_task_begin: parallel_id=281474976710691 thread_num=30 team_size=32
[OMPT] implicit_task_end: parallel_id=0 thread_num=31
[OMPT] implicit_task_begin: parallel_id=281474976710691 thread_num=31 team_size=32
[OMPT] implicit_task_begin: parallel_id=281474976710691 thread_num=28 team_size=32
[OMPT] implicit_task_begin: parallel_id=281474976710691 thread_num=29 team_size=32
[OMPT] implicit_task_end: parallel_id=0 thread_num=9
[OMPT] implicit_task_begin: parallel_id=281474976710691 thread_num=9 team_size=32
[OMPT] implicit_task_end: parallel_id=0 thread_num=14
[OMPT] implicit_task_begin: parallel_id=281474976710691 thread_num=14 team_size=32
[OMPT] implicit_task_end: parallel_id=0 thread_num=0
[OMPT] parallel_end: parallel_id=281474976710691
[OMPT] parallel_begin: parallel_id=281474976710693 team_size=32
[OMPT] implicit_task_end: parallel_id=0 thread_num=12
[OMPT] implicit_task_end: parallel_id=0 thread_num=3
[OMPT] implicit_task_end: parallel_id=0 thread_num=15
[OMPT] implicit_task_begin: parallel_id=281474976710693 thread_num=12 team_size=32
[OMPT] implicit_task_begin: parallel_id=281474976710693 thread_num=3 team_size=32
[OMPT] implicit_task_begin: parallel_id=281474976710693 thread_num=15 team_size=32
[OMPT] implicit_task_end: parallel_id=0 thread_num=8
[OMPT] implicit_task_end: parallel_id=0 thread_num=11
[OMPT] implicit_task_begin: parallel_id=281474976710693 thread_num=0 team_size=32
[OMPT] implicit_task_end: parallel_id=0 thread_num=14
[OMPT] implicit_task_end: parallel_id=0 thread_num=13
[OMPT] implicit_task_end: parallel_id=0 thread_num=4
[OMPT] implicit_task_end: parallel_id=0 thread_num=16
[OMPT] implicit_task_end: parallel_id=0 thread_num=6
[OMPT] implicit_task_end: parallel_id=0 thread_num=1
[OMPT] implicit_task_begin: parallel_id=281474976710693 thread_num=16 team_size=32
[OMPT] implicit_task_end: parallel_id=0 thread_num=9
[OMPT] implicit_task_begin: parallel_id=281474976710693 thread_num=8 team_size=32
[OMPT] implicit_task_begin: parallel_id=281474976710693 thread_num=6 team_size=32
[OMPT] implicit_task_begin: parallel_id=281474976710693 thread_num=11 team_size=32
[OMPT] implicit_task_begin: parallel_id=281474976710693 thread_num=1 team_size=32
[OMPT] implicit_task_begin: parallel_id=281474976710693 thread_num=14 team_size=32
[OMPT] implicit_task_end: parallel_id=0 thread_num=5
[OMPT] implicit_task_end: parallel_id=0 thread_num=7
[OMPT] implicit_task_begin: parallel_id=281474976710693 thread_num=7 team_size=32
[OMPT] implicit_task_end: parallel_id=0 thread_num=17
[OMPT] implicit_task_begin: parallel_id=281474976710693 thread_num=17 team_size=32
[OMPT] implicit_task_end: parallel_id=0 thread_num=18
[OMPT] implicit_task_begin: parallel_id=281474976710693 thread_num=18 team_size=32
[OMPT] implicit_task_end: parallel_id=0 thread_num=24
[OMPT] implicit_task_end: parallel_id=0 thread_num=27
[OMPT] implicit_task_end: parallel_id=0 thread_num=25
[OMPT] implicit_task_end: parallel_id=0 thread_num=19
[OMPT] implicit_task_begin: parallel_id=281474976710693 thread_num=24 team_size=32
[OMPT] implicit_task_end: parallel_id=0 thread_num=20
[OMPT] implicit_task_end: parallel_id=0 thread_num=2
[OMPT] implicit_task_end: parallel_id=0 thread_num=22
[OMPT] implicit_task_end: parallel_id=0 thread_num=10
[OMPT] implicit_task_begin: parallel_id=281474976710693 thread_num=9 team_size=32
[OMPT] implicit_task_begin: parallel_id=281474976710693 thread_num=5 team_size=32
[OMPT] implicit_task_begin: parallel_id=281474976710693 thread_num=13 team_size=32
[OMPT] implicit_task_end: parallel_id=0 thread_num=26
[OMPT] implicit_task_end: parallel_id=0 thread_num=28
[OMPT] implicit_task_begin: parallel_id=281474976710693 thread_num=19 team_size=32
[OMPT] implicit_task_end: parallel_id=0 thread_num=29
[OMPT] implicit_task_end: parallel_id=0 thread_num=21
[OMPT] implicit_task_begin: parallel_id=281474976710693 thread_num=4 team_size=32
[OMPT] implicit_task_begin: parallel_id=281474976710693 thread_num=25 team_size=32
[OMPT] implicit_task_begin: parallel_id=281474976710693 thread_num=10 team_size=32
[OMPT] implicit_task_begin: parallel_id=281474976710693 thread_num=20 team_size=32
[OMPT] implicit_task_end: parallel_id=0 thread_num=30
[OMPT] implicit_task_begin: parallel_id=281474976710693 thread_num=26 team_size=32
[OMPT] implicit_task_begin: parallel_id=281474976710693 thread_num=21 team_size=32
[OMPT] implicit_task_end: parallel_id=0 thread_num=31
[OMPT] implicit_task_begin: parallel_id=281474976710693 thread_num=29 team_size=32
[OMPT] implicit_task_begin: parallel_id=281474976710693 thread_num=22 team_size=32
[OMPT] implicit_task_begin: parallel_id=281474976710693 thread_num=28 team_size=32
[OMPT] implicit_task_begin: parallel_id=281474976710693 thread_num=31 team_size=32
[OMPT] implicit_task_end: parallel_id=0 thread_num=23
[OMPT] implicit_task_begin: parallel_id=281474976710693 thread_num=23 team_size=32
[OMPT] implicit_task_begin: parallel_id=281474976710693 thread_num=2 team_size=32
[OMPT] implicit_task_begin: parallel_id=281474976710693 thread_num=30 team_size=32
[OMPT] implicit_task_begin: parallel_id=281474976710693 thread_num=27 team_size=32
[OMPT] implicit_task_end: parallel_id=0 thread_num=0
[OMPT] parallel_end: parallel_id=281474976710693
[OMPT] parallel_begin: parallel_id=281474976710695 team_size=32
[OMPT] implicit_task_end: parallel_id=0 thread_num=16
[OMPT] implicit_task_end: parallel_id=0 thread_num=1
[OMPT] implicit_task_end: parallel_id=0 thread_num=28
[OMPT] implicit_task_end: parallel_id=0 thread_num=4
[OMPT] implicit_task_begin: parallel_id=281474976710695 thread_num=16 team_size=32
[OMPT] implicit_task_end: parallel_id=0 thread_num=30
[OMPT] implicit_task_end: parallel_id=0 thread_num=3
[OMPT] implicit_task_end: parallel_id=0 thread_num=8
[OMPT] implicit_task_begin: parallel_id=281474976710695 thread_num=0 team_size=32
[OMPT] implicit_task_begin: parallel_id=281474976710695 thread_num=3 team_size=32
[OMPT] implicit_task_end: parallel_id=0 thread_num=10
[OMPT] implicit_task_end: parallel_id=0 thread_num=20
[OMPT] implicit_task_begin: parallel_id=281474976710695 thread_num=8 team_size=32
[OMPT] implicit_task_end: parallel_id=0 thread_num=22
[OMPT] implicit_task_end: parallel_id=0 thread_num=7
[OMPT] implicit_task_begin: parallel_id=281474976710695 thread_num=22 team_size=32
[OMPT] implicit_task_begin: parallel_id=281474976710695 thread_num=7 team_size=32
[OMPT] implicit_task_begin: parallel_id=281474976710695 thread_num=1 team_size=32
[OMPT] implicit_task_end: parallel_id=0 thread_num=6
[OMPT] implicit_task_begin: parallel_id=281474976710695 thread_num=30 team_size=32
[OMPT] implicit_task_begin: parallel_id=281474976710695 thread_num=6 team_size=32
[OMPT] implicit_task_end: parallel_id=0 thread_num=29
[OMPT] implicit_task_end: parallel_id=0 thread_num=2
[OMPT] implicit_task_end: parallel_id=0 thread_num=12
[OMPT] implicit_task_end: parallel_id=0 thread_num=15
[OMPT] implicit_task_begin: parallel_id=281474976710695 thread_num=12 team_size=32
[OMPT] implicit_task_begin: parallel_id=281474976710695 thread_num=28 team_size=32
[OMPT] implicit_task_begin: parallel_id=281474976710695 thread_num=15 team_size=32
[OMPT] implicit_task_end: parallel_id=0 thread_num=11
[OMPT] implicit_task_end: parallel_id=0 thread_num=9
[OMPT] implicit_task_begin: parallel_id=281474976710695 thread_num=4 team_size=32
[OMPT] implicit_task_end: parallel_id=0 thread_num=24
[OMPT] implicit_task_end: parallel_id=0 thread_num=19
[OMPT] implicit_task_end: parallel_id=0 thread_num=27
[OMPT] implicit_task_end: parallel_id=0 thread_num=23
[OMPT] implicit_task_end: parallel_id=0 thread_num=21
[OMPT] implicit_task_end: parallel_id=0 thread_num=31
[OMPT] implicit_task_begin: parallel_id=281474976710695 thread_num=10 team_size=32
[OMPT] implicit_task_begin: parallel_id=281474976710695 thread_num=19 team_size=32
[OMPT] implicit_task_begin: parallel_id=281474976710695 thread_num=20 team_size=32
[OMPT] implicit_task_begin: parallel_id=281474976710695 thread_num=23 team_size=32
[OMPT] implicit_task_begin: parallel_id=281474976710695 thread_num=29 team_size=32
[OMPT] implicit_task_begin: parallel_id=281474976710695 thread_num=27 team_size=32
[OMPT] implicit_task_begin: parallel_id=281474976710695 thread_num=2 team_size=32
[OMPT] implicit_task_end: parallel_id=0 thread_num=14
[OMPT] implicit_task_begin: parallel_id=281474976710695 thread_num=14 team_size=32
[OMPT] implicit_task_end: parallel_id=0 thread_num=13
[OMPT] implicit_task_begin: parallel_id=281474976710695 thread_num=13 team_size=32
[OMPT] implicit_task_end: parallel_id=0 thread_num=17
[OMPT] implicit_task_begin: parallel_id=281474976710695 thread_num=17 team_size=32
[OMPT] implicit_task_begin: parallel_id=281474976710695 thread_num=11 team_size=32
[OMPT] implicit_task_begin: parallel_id=281474976710695 thread_num=9 team_size=32
[OMPT] implicit_task_end: parallel_id=0 thread_num=25
[OMPT] implicit_task_begin: parallel_id=281474976710695 thread_num=25 team_size=32
[OMPT] implicit_task_end: parallel_id=0 thread_num=26
[OMPT] implicit_task_begin: parallel_id=281474976710695 thread_num=26 team_size=32
[OMPT] implicit_task_end: parallel_id=0 thread_num=18
[OMPT] implicit_task_begin: parallel_id=281474976710695 thread_num=18 team_size=32
[OMPT] implicit_task_begin: parallel_id=281474976710695 thread_num=24 team_size=32
[OMPT] implicit_task_end: parallel_id=0 thread_num=5
[OMPT] implicit_task_begin: parallel_id=281474976710695 thread_num=5 team_size=32
[OMPT] implicit_task_begin: parallel_id=281474976710695 thread_num=31 team_size=32
[OMPT] implicit_task_begin: parallel_id=281474976710695 thread_num=21 team_size=32
[OMPT] implicit_task_end: parallel_id=0 thread_num=0
[OMPT] parallel_end: parallel_id=281474976710695
[OMPT] parallel_begin: parallel_id=281474976710697 team_size=32
[OMPT] implicit_task_end: parallel_id=0 thread_num=12
[OMPT] implicit_task_end: parallel_id=0 thread_num=2
[OMPT] implicit_task_begin: parallel_id=281474976710697 thread_num=12 team_size=32
[OMPT] implicit_task_end: parallel_id=0 thread_num=4
[OMPT] implicit_task_end: parallel_id=0 thread_num=7
[OMPT] implicit_task_end: parallel_id=0 thread_num=3
[OMPT] implicit_task_begin: parallel_id=281474976710697 thread_num=4 team_size=32
[OMPT] implicit_task_begin: parallel_id=281474976710697 thread_num=3 team_size=32
[OMPT] implicit_task_begin: parallel_id=281474976710697 thread_num=0 team_size=32
[OMPT] implicit_task_end: parallel_id=0 thread_num=14
[OMPT] implicit_task_end: parallel_id=0 thread_num=15
[OMPT] implicit_task_end: parallel_id=0 thread_num=13
[OMPT] implicit_task_begin: parallel_id=281474976710697 thread_num=15 team_size=32
[OMPT] implicit_task_end: parallel_id=0 thread_num=16
[OMPT] implicit_task_end: parallel_id=0 thread_num=8
[OMPT] implicit_task_end: parallel_id=0 thread_num=20
[OMPT] implicit_task_begin: parallel_id=281474976710697 thread_num=16 team_size=32
[OMPT] implicit_task_end: parallel_id=0 thread_num=22
[OMPT] implicit_task_end: parallel_id=0 thread_num=5
[OMPT] implicit_task_end: parallel_id=0 thread_num=1
[OMPT] implicit_task_begin: parallel_id=281474976710697 thread_num=13 team_size=32
[OMPT] implicit_task_end: parallel_id=0 thread_num=28
[OMPT] implicit_task_end: parallel_id=0 thread_num=30
[OMPT] implicit_task_begin: parallel_id=281474976710697 thread_num=20 team_size=32
[OMPT] implicit_task_end: parallel_id=0 thread_num=17
[OMPT] implicit_task_begin: parallel_id=281474976710697 thread_num=2 team_size=32
[OMPT] implicit_task_begin: parallel_id=281474976710697 thread_num=28 team_size=32
[OMPT] implicit_task_end: parallel_id=0 thread_num=24
[OMPT] implicit_task_end: parallel_id=0 thread_num=27
[OMPT] implicit_task_end: parallel_id=0 thread_num=11
[OMPT] implicit_task_end: parallel_id=0 thread_num=9
[OMPT] implicit_task_end: parallel_id=0 thread_num=10
[OMPT] implicit_task_begin: parallel_id=281474976710697 thread_num=24 team_size=32
[OMPT] implicit_task_end: parallel_id=0 thread_num=21
[OMPT] implicit_task_begin: parallel_id=281474976710697 thread_num=11 team_size=32
[OMPT] implicit_task_begin: parallel_id=281474976710697 thread_num=10 team_size=32
[OMPT] implicit_task_begin: parallel_id=281474976710697 thread_num=7 team_size=32
[OMPT] implicit_task_begin: parallel_id=281474976710697 thread_num=27 team_size=32
[OMPT] implicit_task_begin: parallel_id=281474976710697 thread_num=14 team_size=32
[OMPT] implicit_task_begin: parallel_id=281474976710697 thread_num=22 team_size=32
[OMPT] implicit_task_end: parallel_id=0 thread_num=19
[OMPT] implicit_task_begin: parallel_id=281474976710697 thread_num=5 team_size=32
[OMPT] implicit_task_begin: parallel_id=281474976710697 thread_num=19 team_size=32
[OMPT] implicit_task_end: parallel_id=0 thread_num=29
[OMPT] implicit_task_end: parallel_id=0 thread_num=18
[OMPT] implicit_task_begin: parallel_id=281474976710697 thread_num=1 team_size=32
[OMPT] implicit_task_begin: parallel_id=281474976710697 thread_num=30 team_size=32
[OMPT] implicit_task_begin: parallel_id=281474976710697 thread_num=18 team_size=32
[OMPT] implicit_task_begin: parallel_id=281474976710697 thread_num=17 team_size=32
[OMPT] implicit_task_end: parallel_id=0 thread_num=6
[OMPT] implicit_task_begin: parallel_id=281474976710697 thread_num=6 team_size=32
[OMPT] implicit_task_end: parallel_id=0 thread_num=26
[OMPT] implicit_task_begin: parallel_id=281474976710697 thread_num=26 team_size=32
[OMPT] implicit_task_end: parallel_id=0 thread_num=25
[OMPT] implicit_task_begin: parallel_id=281474976710697 thread_num=25 team_size=32
[OMPT] implicit_task_end: parallel_id=0 thread_num=23
[OMPT] implicit_task_begin: parallel_id=281474976710697 thread_num=23 team_size=32
[OMPT] implicit_task_begin: parallel_id=281474976710697 thread_num=8 team_size=32
[OMPT] implicit_task_begin: parallel_id=281474976710697 thread_num=21 team_size=32
[OMPT] implicit_task_end: parallel_id=0 thread_num=31
[OMPT] implicit_task_begin: parallel_id=281474976710697 thread_num=31 team_size=32
[OMPT] implicit_task_begin: parallel_id=281474976710697 thread_num=29 team_size=32
[OMPT] implicit_task_begin: parallel_id=281474976710697 thread_num=9 team_size=32
[OMPT][WIN100ms] ompt_id=281474976710657 tid=1054906 tipo=ompt_thread_initial    cpu=150 numa=0  d_rm= 2097013  d_instr= 392623887  d_cyc= 573786716  d_all=17463783  IPC=0.684  ratio_rm=0.1201
[OMPT][WIN100ms] ompt_id=562949953421313 tid=1054928 tipo=ompt_thread_worker     cpu=159 numa=0  d_rm= 2003675  d_instr= 395229854  d_cyc= 564675548  d_all=16997729  IPC=0.700  ratio_rm=0.1179
[OMPT][WIN100ms] ompt_id=844424930131969 tid=1054929 tipo=ompt_thread_worker     cpu= 66 numa=1  d_rm= 2156646  d_instr= 323621307  d_cyc= 571197199  d_all=17114626  IPC=0.567  ratio_rm=0.1260
[OMPT][WIN100ms] ompt_id=1125899906842625 tid=1054930 tipo=ompt_thread_worker     cpu=  8 numa=0  d_rm= 1985909  d_instr= 400008720  d_cyc= 565559251  d_all=17810550  IPC=0.707  ratio_rm=0.1115
[OMPT][WIN100ms] ompt_id=1407374883553281 tid=1054931 tipo=ompt_thread_worker     cpu=121 numa=1  d_rm= 2107327  d_instr= 389591073  d_cyc= 564211979  d_all=17715655  IPC=0.691  ratio_rm=0.1190
[OMPT][WIN100ms] ompt_id=1688849860263937 tid=1054932 tipo=ompt_thread_worker     cpu=208 numa=1  d_rm= 2157401  d_instr= 330820316  d_cyc= 568500596  d_all=17248657  IPC=0.582  ratio_rm=0.1251
[OMPT][WIN100ms] ompt_id=1970324836974593 tid=1054933 tipo=ompt_thread_worker     cpu= 87 numa=1  d_rm= 2140584  d_instr= 332717137  d_cyc= 568555200  d_all=17335782  IPC=0.585  ratio_rm=0.1235
[OMPT][WIN100ms] ompt_id=2251799813685249 tid=1054935 tipo=ompt_thread_worker     cpu= 97 numa=1  d_rm= 2123595  d_instr= 324148639  d_cyc= 568776110  d_all=17225562  IPC=0.570  ratio_rm=0.1233
[OMPT][WIN100ms] ompt_id=2533274790395905 tid=1054934 tipo=ompt_thread_worker     cpu=139 numa=0  d_rm= 1975431  d_instr= 396865376  d_cyc= 560439498  d_all=17099123  IPC=0.708  ratio_rm=0.1155
[OMPT] implicit_task_end: parallel_id=0 thread_num=0
[OMPT] parallel_end: parallel_id=281474976710697
[OMPT] parallel_begin: parallel_id=281474976710699 team_size=32
[OMPT] implicit_task_end: parallel_id=0 thread_num=12
[OMPT] implicit_task_end: parallel_id=0 thread_num=15
[OMPT] implicit_task_end: parallel_id=0 thread_num=1
[OMPT] implicit_task_end: parallel_id=0 thread_num=16
[OMPT] implicit_task_end: parallel_id=0 thread_num=28
[OMPT] implicit_task_end: parallel_id=0 thread_num=8
[OMPT] implicit_task_end: parallel_id=0 thread_num=11
[OMPT] implicit_task_end: parallel_id=0 thread_num=3
[OMPT] implicit_task_end: parallel_id=0 thread_num=14
[OMPT] implicit_task_end: parallel_id=0 thread_num=13
[OMPT] implicit_task_end: parallel_id=0 thread_num=4
[OMPT] implicit_task_end: parallel_id=0 thread_num=7
[OMPT] implicit_task_end: parallel_id=0 thread_num=18
[OMPT] implicit_task_end: parallel_id=0 thread_num=24
[OMPT] implicit_task_end: parallel_id=0 thread_num=19
[OMPT] implicit_task_end: parallel_id=0 thread_num=20
[OMPT] implicit_task_end: parallel_id=0 thread_num=22
[OMPT] implicit_task_end: parallel_id=0 thread_num=21
[OMPT] implicit_task_end: parallel_id=0 thread_num=31
[OMPT] implicit_task_end: parallel_id=0 thread_num=9
[OMPT] implicit_task_end: parallel_id=0 thread_num=10
[OMPT] implicit_task_end: parallel_id=0 thread_num=5
[OMPT] implicit_task_end: parallel_id=0 thread_num=6
[OMPT] implicit_task_end: parallel_id=0 thread_num=17
[OMPT] implicit_task_end: parallel_id=0 thread_num=27
[OMPT] implicit_task_end: parallel_id=0 thread_num=25
[OMPT] implicit_task_end: parallel_id=0 thread_num=26
[OMPT] implicit_task_end: parallel_id=0 thread_num=23
[OMPT] implicit_task_end: parallel_id=0 thread_num=30
[OMPT] implicit_task_end: parallel_id=0 thread_num=29
[OMPT] implicit_task_end: parallel_id=0 thread_num=2
[OMPT][WIN100ms] ompt_id=2814749767106561 tid=1054937 tipo=ompt_thread_worker     cpu= 86 numa=1  d_rm= 2057917  d_instr= 325443998  d_cyc= 568996587  d_all=16938496  IPC=0.572  ratio_rm=0.1215
[OMPT][WIN100ms] ompt_id=3096224743817217 tid=1054936 tipo=ompt_thread_worker     cpu=  0 numa=0  d_rm= 1938451  d_instr= 382397476  d_cyc= 558618190  d_all=16595743  IPC=0.685  ratio_rm=0.1168
[OMPT][WIN100ms] ompt_id=3377699720527873 tid=1054938 tipo=ompt_thread_worker     cpu=231 numa=1  d_rm= 2106883  d_instr= 311533784  d_cyc= 570230128  d_all=16586077  IPC=0.546  ratio_rm=0.1270
[OMPT][WIN100ms] ompt_id=3940649673949185 tid=1054940 tipo=ompt_thread_worker     cpu= 45 numa=0  d_rm= 1913661  d_instr= 372323041  d_cyc= 560075021  d_all=16194526  IPC=0.665  ratio_rm=0.1182
[OMPT][WIN100ms] ompt_id=3659174697238529 tid=1054939 tipo=ompt_thread_worker     cpu= 56 numa=0  d_rm= 1924341  d_instr= 385896448  d_cyc= 562309860  d_all=16384032  IPC=0.686  ratio_rm=0.1175
[OMPT][WIN100ms] ompt_id=4222124650659841 tid=1054942 tipo=ompt_thread_worker     cpu=191 numa=0  d_rm= 1941052  d_instr= 386589845  d_cyc= 561968589  d_all=16621015  IPC=0.688  ratio_rm=0.1168
[OMPT][WIN100ms] ompt_id=4503599627370497 tid=1054941 tipo=ompt_thread_worker     cpu= 64 numa=1  d_rm= 1985343  d_instr= 310308307  d_cyc= 567623143  d_all=16330267  IPC=0.547  ratio_rm=0.1216
[OMPT][WIN100ms] ompt_id=4785074604081153 tid=1054944 tipo=ompt_thread_worker     cpu= 21 numa=0  d_rm= 1997069  d_instr= 371596269  d_cyc= 559393728  d_all=16719878  IPC=0.664  ratio_rm=0.1194
[OMPT][WIN100ms] ompt_id=5066549580791809 tid=1054943 tipo=ompt_thread_worker     cpu=120 numa=1  d_rm= 1934555  d_instr= 376896811  d_cyc= 560935654  d_all=16723066  IPC=0.672  ratio_rm=0.1157
[OMPT][WIN100ms] ompt_id=5348024557502465 tid=1054945 tipo=ompt_thread_worker     cpu=  1 numa=0  d_rm= 1938190  d_instr= 375501612  d_cyc= 558881709  d_all=16322663  IPC=0.672  ratio_rm=0.1187
[OMPT][WIN100ms] ompt_id=5629499534213121 tid=1054946 tipo=ompt_thread_worker     cpu= 89 numa=1  d_rm= 1951705  d_instr= 379794245  d_cyc= 559710666  d_all=16418221  IPC=0.679  ratio_rm=0.1189
[OMPT][WIN100ms] ompt_id=5910974510923777 tid=1054947 tipo=ompt_thread_worker     cpu= 88 numa=1  d_rm= 1952531  d_instr= 385404269  d_cyc= 559965237  d_all=16480624  IPC=0.688  ratio_rm=0.1185
[OMPT][WIN100ms] ompt_id=6192449487634433 tid=1054948 tipo=ompt_thread_worker     cpu= 37 numa=0  d_rm= 1933701  d_instr= 377345730  d_cyc= 560088439  d_all=16360519  IPC=0.674  ratio_rm=0.1182
[OMPT][WIN100ms] ompt_id=6473924464345089 tid=1054949 tipo=ompt_thread_worker     cpu= 65 numa=1  d_rm= 2048133  d_instr= 314532032  d_cyc= 570211000  d_all=16348065  IPC=0.552  ratio_rm=0.1253
[OMPT][WIN100ms] ompt_id=6755399441055745 tid=1054950 tipo=ompt_thread_worker     cpu=237 numa=1  d_rm= 2083403  d_instr= 317819911  d_cyc= 567876071  d_all=16387340  IPC=0.560  ratio_rm=0.1271
[OMPT][WIN100ms] ompt_id=7036874417766401 tid=1054951 tipo=ompt_thread_worker     cpu=112 numa=1  d_rm= 1657686  d_instr= 410586958  d_cyc= 556716495  d_all=16421807  IPC=0.738  ratio_rm=0.1009
[OMPT][WIN100ms] ompt_id=7318349394477057 tid=1054952 tipo=ompt_thread_worker     cpu=239 numa=1  d_rm= 2112835  d_instr= 320033383  d_cyc= 568021854  d_all=16357205  IPC=0.563  ratio_rm=0.1292
[OMPT][WIN100ms] ompt_id=7599824371187713 tid=1054953 tipo=ompt_thread_worker     cpu= 38 numa=0  d_rm= 1933460  d_instr= 378987855  d_cyc= 560883722  d_all=16474658  IPC=0.676  ratio_rm=0.1174
[OMPT][WIN100ms] ompt_id=7881299347898369 tid=1054954 tipo=ompt_thread_worker     cpu= 46 numa=0  d_rm= 1906073  d_instr= 377449162  d_cyc= 561442020  d_all=16719221  IPC=0.672  ratio_rm=0.1140
[OMPT][WIN100ms] ompt_id=8162774324609025 tid=1054955 tipo=ompt_thread_worker     cpu= 72 numa=1  d_rm= 1633987  d_instr= 407661557  d_cyc= 556004612  d_all=16516310  IPC=0.733  ratio_rm=0.0989
[OMPT][WIN100ms] ompt_id=8444249301319681 tid=1054956 tipo=ompt_thread_worker     cpu=236 numa=1  d_rm= 1994871  d_instr= 316235880  d_cyc= 566462636  d_all=16498146  IPC=0.558  ratio_rm=0.1209
[OMPT][WIN100ms] ompt_id=8725724278030337 tid=1054957 tipo=ompt_thread_worker     cpu= 25 numa=0  d_rm= 1919881  d_instr= 384572357  d_cyc= 558157740  d_all=16417114  IPC=0.689  ratio_rm=0.1169
[OMPT][WIN100ms] ompt_id=9007199254740993 tid=1054958 tipo=ompt_thread_worker     cpu= 96 numa=1  d_rm= 2038052  d_instr= 309222612  d_cyc= 566051090  d_all=16556422  IPC=0.546  ratio_rm=0.1231
[OMPT] implicit_task_begin: parallel_id=281474976710699 thread_num=27 team_size=32
[OMPT] implicit_task_begin: parallel_id=281474976710699 thread_num=13 team_size=32
[OMPT] implicit_task_begin: parallel_id=281474976710699 thread_num=16 team_size=32
[OMPT] implicit_task_begin: parallel_id=281474976710699 thread_num=4 team_size=32
[OMPT] implicit_task_begin: parallel_id=281474976710699 thread_num=0 team_size=32
[OMPT] implicit_task_begin: parallel_id=281474976710699 thread_num=17 team_size=32
[OMPT] implicit_task_begin: parallel_id=281474976710699 thread_num=26 team_size=32
[OMPT] implicit_task_begin: parallel_id=281474976710699 thread_num=18 team_size=32
[OMPT] implicit_task_begin: parallel_id=281474976710699 thread_num=9 team_size=32
[OMPT] implicit_task_begin: parallel_id=281474976710699 thread_num=6 team_size=32
[OMPT] implicit_task_begin: parallel_id=281474976710699 thread_num=10 team_size=32
[OMPT] implicit_task_begin: parallel_id=281474976710699 thread_num=1 team_size=32
[OMPT] implicit_task_begin: parallel_id=281474976710699 thread_num=30 team_size=32
[OMPT] implicit_task_begin: parallel_id=281474976710699 thread_num=11 team_size=32
[OMPT] implicit_task_begin: parallel_id=281474976710699 thread_num=8 team_size=32
[OMPT] implicit_task_begin: parallel_id=281474976710699 thread_num=31 team_size=32
[OMPT] implicit_task_begin: parallel_id=281474976710699 thread_num=29 team_size=32
[OMPT] implicit_task_begin: parallel_id=281474976710699 thread_num=25 team_size=32
[OMPT] implicit_task_begin: parallel_id=281474976710699 thread_num=23 team_size=32
[OMPT] implicit_task_begin: parallel_id=281474976710699 thread_num=21 team_size=32
[OMPT] implicit_task_begin: parallel_id=281474976710699 thread_num=14 team_size=32
[OMPT] implicit_task_begin: parallel_id=281474976710699 thread_num=2 team_size=32
[OMPT] implicit_task_begin: parallel_id=281474976710699 thread_num=5 team_size=32
[OMPT] implicit_task_begin: parallel_id=281474976710699 thread_num=24 team_size=32
[OMPT] implicit_task_begin: parallel_id=281474976710699 thread_num=20 team_size=32
[OMPT] implicit_task_begin: parallel_id=281474976710699 thread_num=19 team_size=32
[OMPT] implicit_task_begin: parallel_id=281474976710699 thread_num=28 team_size=32
[OMPT] implicit_task_begin: parallel_id=281474976710699 thread_num=3 team_size=32
[OMPT] implicit_task_begin: parallel_id=281474976710699 thread_num=15 team_size=32
[OMPT] implicit_task_begin: parallel_id=281474976710699 thread_num=7 team_size=32
[OMPT] implicit_task_begin: parallel_id=281474976710699 thread_num=22 team_size=32
[OMPT] implicit_task_begin: parallel_id=281474976710699 thread_num=12 team_size=32
[OMPT] implicit_task_end: parallel_id=0 thread_num=0
[OMPT] parallel_end: parallel_id=281474976710699
[OMPT] parallel_begin: parallel_id=281474976710701 team_size=32
[OMPT] implicit_task_end: parallel_id=0 thread_num=16
[OMPT] implicit_task_end: parallel_id=0 thread_num=1
[OMPT] implicit_task_end: parallel_id=0 thread_num=28
[OMPT] implicit_task_end: parallel_id=0 thread_num=19
[OMPT] implicit_task_begin: parallel_id=281474976710701 thread_num=1 team_size=32
[OMPT] implicit_task_end: parallel_id=0 thread_num=3
[OMPT] implicit_task_end: parallel_id=0 thread_num=2
[OMPT] implicit_task_end: parallel_id=0 thread_num=18
[OMPT] implicit_task_begin: parallel_id=281474976710701 thread_num=19 team_size=32
[OMPT] implicit_task_end: parallel_id=0 thread_num=24
[OMPT] implicit_task_end: parallel_id=0 thread_num=26
[OMPT] implicit_task_end: parallel_id=0 thread_num=20
[OMPT] implicit_task_end: parallel_id=0 thread_num=21
[OMPT] implicit_task_end: parallel_id=0 thread_num=17
[OMPT] implicit_task_end: parallel_id=0 thread_num=12
[OMPT] implicit_task_end: parallel_id=0 thread_num=31
[OMPT] implicit_task_end: parallel_id=0 thread_num=30
[OMPT] implicit_task_begin: parallel_id=281474976710701 thread_num=26 team_size=32
[OMPT] implicit_task_end: parallel_id=0 thread_num=4
[OMPT] implicit_task_end: parallel_id=0 thread_num=7
[OMPT] implicit_task_end: parallel_id=0 thread_num=8
[OMPT] implicit_task_end: parallel_id=0 thread_num=11
[OMPT] implicit_task_begin: parallel_id=281474976710701 thread_num=28 team_size=32
[OMPT] implicit_task_begin: parallel_id=281474976710701 thread_num=4 team_size=32
[OMPT] implicit_task_begin: parallel_id=281474976710701 thread_num=2 team_size=32
[OMPT] implicit_task_begin: parallel_id=281474976710701 thread_num=11 team_size=32
[OMPT] implicit_task_begin: parallel_id=281474976710701 thread_num=18 team_size=32
[OMPT] implicit_task_end: parallel_id=0 thread_num=25
[OMPT] implicit_task_end: parallel_id=0 thread_num=23
[OMPT] implicit_task_begin: parallel_id=281474976710701 thread_num=24 team_size=32
[OMPT] implicit_task_begin: parallel_id=281474976710701 thread_num=25 team_size=32
[OMPT] implicit_task_begin: parallel_id=281474976710701 thread_num=23 team_size=32
[OMPT] implicit_task_end: parallel_id=0 thread_num=13
[OMPT] implicit_task_begin: parallel_id=281474976710701 thread_num=13 team_size=32
[OMPT] implicit_task_end: parallel_id=0 thread_num=14
[OMPT] implicit_task_begin: parallel_id=281474976710701 thread_num=14 team_size=32
[OMPT] implicit_task_begin: parallel_id=281474976710701 thread_num=20 team_size=32
[OMPT] implicit_task_begin: parallel_id=281474976710701 thread_num=16 team_size=32
[OMPT] implicit_task_begin: parallel_id=281474976710701 thread_num=12 team_size=32
[OMPT] implicit_task_begin: parallel_id=281474976710701 thread_num=17 team_size=32
[OMPT] implicit_task_begin: parallel_id=281474976710701 thread_num=21 team_size=32
[OMPT] implicit_task_begin: parallel_id=281474976710701 thread_num=30 team_size=32
[OMPT] implicit_task_end: parallel_id=0 thread_num=29
[OMPT] implicit_task_begin: parallel_id=281474976710701 thread_num=29 team_size=32
[OMPT] implicit_task_end: parallel_id=0 thread_num=6
[OMPT] implicit_task_end: parallel_id=0 thread_num=5
[OMPT] implicit_task_end: parallel_id=0 thread_num=9
[OMPT] implicit_task_begin: parallel_id=281474976710701 thread_num=6 team_size=32
[OMPT] implicit_task_end: parallel_id=0 thread_num=10
[OMPT] implicit_task_begin: parallel_id=281474976710701 thread_num=10 team_size=32
[OMPT] implicit_task_begin: parallel_id=281474976710701 thread_num=31 team_size=32
[OMPT] implicit_task_begin: parallel_id=281474976710701 thread_num=8 team_size=32
[OMPT] implicit_task_begin: parallel_id=281474976710701 thread_num=3 team_size=32
[OMPT] implicit_task_begin: parallel_id=281474976710701 thread_num=0 team_size=32
[OMPT] implicit_task_begin: parallel_id=281474976710701 thread_num=7 team_size=32
[OMPT] implicit_task_end: parallel_id=0 thread_num=27
[OMPT] implicit_task_begin: parallel_id=281474976710701 thread_num=27 team_size=32
[OMPT] implicit_task_end: parallel_id=0 thread_num=22
[OMPT] implicit_task_begin: parallel_id=281474976710701 thread_num=22 team_size=32
[OMPT] implicit_task_end: parallel_id=0 thread_num=15
[OMPT] implicit_task_begin: parallel_id=281474976710701 thread_num=15 team_size=32
[OMPT] implicit_task_begin: parallel_id=281474976710701 thread_num=5 team_size=32
[OMPT] implicit_task_begin: parallel_id=281474976710701 thread_num=9 team_size=32
[OMPT] implicit_task_end: parallel_id=0 thread_num=0
[OMPT] parallel_end: parallel_id=281474976710701
[OMPT] parallel_begin: parallel_id=281474976710703 team_size=32
[OMPT] implicit_task_end: parallel_id=0 thread_num=12
[OMPT] implicit_task_begin: parallel_id=281474976710703 thread_num=0 team_size=32
[OMPT] implicit_task_end: parallel_id=0 thread_num=14
[OMPT] implicit_task_end: parallel_id=0 thread_num=4
[OMPT] implicit_task_end: parallel_id=0 thread_num=7
[OMPT] implicit_task_begin: parallel_id=281474976710703 thread_num=14 team_size=32
[OMPT] implicit_task_end: parallel_id=0 thread_num=2
[OMPT] implicit_task_begin: parallel_id=281474976710703 thread_num=4 team_size=32
[OMPT] implicit_task_begin: parallel_id=281474976710703 thread_num=2 team_size=32
[OMPT] implicit_task_end: parallel_id=0 thread_num=13
[OMPT] implicit_task_begin: parallel_id=281474976710703 thread_num=12 team_size=32
[OMPT] implicit_task_end: parallel_id=0 thread_num=16
[OMPT] implicit_task_end: parallel_id=0 thread_num=17
[OMPT] implicit_task_begin: parallel_id=281474976710703 thread_num=16 team_size=32
[OMPT] implicit_task_end: parallel_id=0 thread_num=19
[OMPT] implicit_task_end: parallel_id=0 thread_num=8
[OMPT] implicit_task_end: parallel_id=0 thread_num=1
[OMPT] implicit_task_end: parallel_id=0 thread_num=3
[OMPT] implicit_task_begin: parallel_id=281474976710703 thread_num=7 team_size=32
[OMPT] implicit_task_begin: parallel_id=281474976710703 thread_num=19 team_size=32
[OMPT] implicit_task_begin: parallel_id=281474976710703 thread_num=13 team_size=32
[OMPT] implicit_task_begin: parallel_id=281474976710703 thread_num=8 team_size=32
[OMPT] implicit_task_begin: parallel_id=281474976710703 thread_num=3 team_size=32
[OMPT] implicit_task_begin: parallel_id=281474976710703 thread_num=1 team_size=32
[OMPT] implicit_task_end: parallel_id=0 thread_num=18
[OMPT] implicit_task_begin: parallel_id=281474976710703 thread_num=18 team_size=32
[OMPT] implicit_task_end: parallel_id=0 thread_num=20
[OMPT] implicit_task_end: parallel_id=0 thread_num=22
[OMPT] implicit_task_end: parallel_id=0 thread_num=6
[OMPT] implicit_task_begin: parallel_id=281474976710703 thread_num=17 team_size=32
[OMPT] implicit_task_end: parallel_id=0 thread_num=5
[OMPT] implicit_task_end: parallel_id=0 thread_num=11
[OMPT] implicit_task_end: parallel_id=0 thread_num=10
[OMPT] implicit_task_begin: parallel_id=281474976710703 thread_num=6 team_size=32
[OMPT] implicit_task_end: parallel_id=0 thread_num=15
[OMPT] implicit_task_begin: parallel_id=281474976710703 thread_num=10 team_size=32
[OMPT] implicit_task_end: parallel_id=0 thread_num=28
[OMPT] implicit_task_begin: parallel_id=281474976710703 thread_num=15 team_size=32
[OMPT] implicit_task_end: parallel_id=0 thread_num=29
[OMPT] implicit_task_begin: parallel_id=281474976710703 thread_num=28 team_size=32
[OMPT] implicit_task_begin: parallel_id=281474976710703 thread_num=22 team_size=32
[OMPT] implicit_task_end: parallel_id=0 thread_num=9
[OMPT] implicit_task_begin: parallel_id=281474976710703 thread_num=29 team_size=32
[OMPT] implicit_task_begin: parallel_id=281474976710703 thread_num=5 team_size=32
[OMPT] implicit_task_end: parallel_id=0 thread_num=24
[OMPT] implicit_task_end: parallel_id=0 thread_num=26
[OMPT] implicit_task_end: parallel_id=0 thread_num=21
[OMPT] implicit_task_end: parallel_id=0 thread_num=30
[OMPT] implicit_task_end: parallel_id=0 thread_num=31
[OMPT] implicit_task_begin: parallel_id=281474976710703 thread_num=20 team_size=32
[OMPT] implicit_task_begin: parallel_id=281474976710703 thread_num=24 team_size=32
[OMPT] implicit_task_begin: parallel_id=281474976710703 thread_num=31 team_size=32
[OMPT] implicit_task_begin: parallel_id=281474976710703 thread_num=9 team_size=32
[OMPT] implicit_task_begin: parallel_id=281474976710703 thread_num=11 team_size=32
[OMPT] implicit_task_begin: parallel_id=281474976710703 thread_num=30 team_size=32
[OMPT] implicit_task_end: parallel_id=0 thread_num=27
[OMPT] implicit_task_end: parallel_id=0 thread_num=25
[OMPT] implicit_task_end: parallel_id=0 thread_num=23
[OMPT] implicit_task_begin: parallel_id=281474976710703 thread_num=26 team_size=32
[OMPT] implicit_task_begin: parallel_id=281474976710703 thread_num=21 team_size=32
[OMPT] implicit_task_begin: parallel_id=281474976710703 thread_num=27 team_size=32
[OMPT] implicit_task_begin: parallel_id=281474976710703 thread_num=25 team_size=32
[OMPT] implicit_task_begin: parallel_id=281474976710703 thread_num=23 team_size=32
[OMPT] implicit_task_end: parallel_id=0 thread_num=0
[OMPT] parallel_end: parallel_id=281474976710703
[OMPT] parallel_begin: parallel_id=281474976710705 team_size=32
[OMPT] implicit_task_end: parallel_id=0 thread_num=12
[OMPT] implicit_task_begin: parallel_id=281474976710705 thread_num=0 team_size=32
[OMPT] implicit_task_end: parallel_id=0 thread_num=15
[OMPT] implicit_task_begin: parallel_id=281474976710705 thread_num=12 team_size=32
[OMPT] implicit_task_end: parallel_id=0 thread_num=4
[OMPT] implicit_task_end: parallel_id=0 thread_num=8
[OMPT] implicit_task_end: parallel_id=0 thread_num=11
[OMPT] implicit_task_begin: parallel_id=281474976710705 thread_num=4 team_size=32
[OMPT] implicit_task_end: parallel_id=0 thread_num=2
[OMPT] implicit_task_end: parallel_id=0 thread_num=14
[OMPT] implicit_task_begin: parallel_id=281474976710705 thread_num=8 team_size=32
[OMPT] implicit_task_end: parallel_id=0 thread_num=16
[OMPT] implicit_task_end: parallel_id=0 thread_num=28
[OMPT] implicit_task_begin: parallel_id=281474976710705 thread_num=15 team_size=32
[OMPT] implicit_task_end: parallel_id=0 thread_num=31
[OMPT] implicit_task_begin: parallel_id=281474976710705 thread_num=16 team_size=32
[OMPT] implicit_task_end: parallel_id=0 thread_num=3
[OMPT] implicit_task_end: parallel_id=0 thread_num=9
[OMPT] implicit_task_begin: parallel_id=281474976710705 thread_num=31 team_size=32
[OMPT] implicit_task_begin: parallel_id=281474976710705 thread_num=3 team_size=32
[OMPT] implicit_task_end: parallel_id=0 thread_num=13
[OMPT] implicit_task_begin: parallel_id=281474976710705 thread_num=13 team_size=32
[OMPT] implicit_task_end: parallel_id=0 thread_num=17
[OMPT] implicit_task_begin: parallel_id=281474976710705 thread_num=17 team_size=32
[OMPT] implicit_task_end: parallel_id=0 thread_num=24
[OMPT] implicit_task_end: parallel_id=0 thread_num=27
[OMPT] implicit_task_end: parallel_id=0 thread_num=7
[OMPT] implicit_task_end: parallel_id=0 thread_num=19
[OMPT] implicit_task_begin: parallel_id=281474976710705 thread_num=24 team_size=32
[OMPT] implicit_task_begin: parallel_id=281474976710705 thread_num=7 team_size=32
[OMPT] implicit_task_begin: parallel_id=281474976710705 thread_num=27 team_size=32
[OMPT] implicit_task_end: parallel_id=0 thread_num=6
[OMPT] implicit_task_begin: parallel_id=281474976710705 thread_num=14 team_size=32
[OMPT] implicit_task_begin: parallel_id=281474976710705 thread_num=19 team_size=32
[OMPT] implicit_task_end: parallel_id=0 thread_num=30
[OMPT] implicit_task_begin: parallel_id=281474976710705 thread_num=6 team_size=32
[OMPT] implicit_task_begin: parallel_id=281474976710705 thread_num=30 team_size=32
[OMPT] implicit_task_end: parallel_id=0 thread_num=29
[OMPT] implicit_task_end: parallel_id=0 thread_num=5
[OMPT] implicit_task_end: parallel_id=0 thread_num=10
[OMPT] implicit_task_begin: parallel_id=281474976710705 thread_num=29 team_size=32
[OMPT] implicit_task_begin: parallel_id=281474976710705 thread_num=10 team_size=32
[OMPT] implicit_task_begin: parallel_id=281474976710705 thread_num=28 team_size=32
[OMPT] implicit_task_end: parallel_id=0 thread_num=1
[OMPT] implicit_task_begin: parallel_id=281474976710705 thread_num=9 team_size=32
[OMPT] implicit_task_begin: parallel_id=281474976710705 thread_num=1 team_size=32
[OMPT] implicit_task_end: parallel_id=0 thread_num=18
[OMPT] implicit_task_begin: parallel_id=281474976710705 thread_num=18 team_size=32
[OMPT] implicit_task_end: parallel_id=0 thread_num=25
[OMPT] implicit_task_end: parallel_id=0 thread_num=26
[OMPT] implicit_task_begin: parallel_id=281474976710705 thread_num=25 team_size=32
[OMPT] implicit_task_begin: parallel_id=281474976710705 thread_num=2 team_size=32
[OMPT] implicit_task_begin: parallel_id=281474976710705 thread_num=5 team_size=32
[OMPT] implicit_task_begin: parallel_id=281474976710705 thread_num=11 team_size=32
[OMPT] implicit_task_begin: parallel_id=281474976710705 thread_num=26 team_size=32
[OMPT] implicit_task_end: parallel_id=0 thread_num=20
[OMPT] implicit_task_end: parallel_id=0 thread_num=21
[OMPT] implicit_task_begin: parallel_id=281474976710705 thread_num=20 team_size=32
[OMPT] implicit_task_begin: parallel_id=281474976710705 thread_num=21 team_size=32
[OMPT] implicit_task_end: parallel_id=0 thread_num=23
[OMPT] implicit_task_begin: parallel_id=281474976710705 thread_num=23 team_size=32
[OMPT] implicit_task_end: parallel_id=0 thread_num=22
[OMPT] implicit_task_begin: parallel_id=281474976710705 thread_num=22 team_size=32
[OMPT] implicit_task_end: parallel_id=0 thread_num=0
[OMPT] parallel_end: parallel_id=281474976710705
[OMPT] parallel_begin: parallel_id=281474976710707 team_size=32
[OMPT] implicit_task_end: parallel_id=0 thread_num=16
[OMPT] implicit_task_end: parallel_id=0 thread_num=8
[OMPT] implicit_task_end: parallel_id=0 thread_num=17
[OMPT] implicit_task_end: parallel_id=0 thread_num=20
[OMPT] implicit_task_end: parallel_id=0 thread_num=12
[OMPT] implicit_task_begin: parallel_id=281474976710707 thread_num=8 team_size=32
[OMPT] implicit_task_end: parallel_id=0 thread_num=14
[OMPT] implicit_task_begin: parallel_id=281474976710707 thread_num=0 team_size=32
[OMPT] implicit_task_end: parallel_id=0 thread_num=24
[OMPT] implicit_task_begin: parallel_id=281474976710707 thread_num=12 team_size=32
[OMPT] implicit_task_end: parallel_id=0 thread_num=27
[OMPT] implicit_task_begin: parallel_id=281474976710707 thread_num=14 team_size=32
[OMPT] implicit_task_end: parallel_id=0 thread_num=19
[OMPT] implicit_task_end: parallel_id=0 thread_num=11
[OMPT] implicit_task_end: parallel_id=0 thread_num=9
[OMPT] implicit_task_begin: parallel_id=281474976710707 thread_num=16 team_size=32
[OMPT] implicit_task_begin: parallel_id=281474976710707 thread_num=24 team_size=32
[OMPT] implicit_task_end: parallel_id=0 thread_num=4
[OMPT] implicit_task_begin: parallel_id=281474976710707 thread_num=11 team_size=32
[OMPT] implicit_task_begin: parallel_id=281474976710707 thread_num=9 team_size=32
[OMPT] implicit_task_end: parallel_id=0 thread_num=3
[OMPT] implicit_task_end: parallel_id=0 thread_num=22
[OMPT] implicit_task_begin: parallel_id=281474976710707 thread_num=17 team_size=32
[OMPT] implicit_task_begin: parallel_id=281474976710707 thread_num=3 team_size=32
[OMPT] implicit_task_begin: parallel_id=281474976710707 thread_num=22 team_size=32
[OMPT] implicit_task_end: parallel_id=0 thread_num=15
[OMPT] implicit_task_end: parallel_id=0 thread_num=1
[OMPT] implicit_task_end: parallel_id=0 thread_num=2
[OMPT] implicit_task_begin: parallel_id=281474976710707 thread_num=1 team_size=32
[OMPT] implicit_task_begin: parallel_id=281474976710707 thread_num=2 team_size=32
[OMPT] implicit_task_end: parallel_id=0 thread_num=18
[OMPT] implicit_task_begin: parallel_id=281474976710707 thread_num=18 team_size=32
[OMPT] implicit_task_end: parallel_id=0 thread_num=26
[OMPT] implicit_task_end: parallel_id=0 thread_num=28
[OMPT] implicit_task_end: parallel_id=0 thread_num=10
[OMPT] implicit_task_end: parallel_id=0 thread_num=7
[OMPT] implicit_task_end: parallel_id=0 thread_num=5
[OMPT] implicit_task_end: parallel_id=0 thread_num=6
[OMPT] implicit_task_begin: parallel_id=281474976710707 thread_num=4 team_size=32
[OMPT] implicit_task_begin: parallel_id=281474976710707 thread_num=19 team_size=32
[OMPT] implicit_task_begin: parallel_id=281474976710707 thread_num=10 team_size=32
[OMPT] implicit_task_end: parallel_id=0 thread_num=23
[OMPT] implicit_task_end: parallel_id=0 thread_num=13
[OMPT] implicit_task_begin: parallel_id=281474976710707 thread_num=15 team_size=32
[OMPT] implicit_task_begin: parallel_id=281474976710707 thread_num=23 team_size=32
[OMPT] implicit_task_begin: parallel_id=281474976710707 thread_num=13 team_size=32
[OMPT] implicit_task_begin: parallel_id=281474976710707 thread_num=20 team_size=32
[OMPT] implicit_task_end: parallel_id=0 thread_num=25
[OMPT] implicit_task_begin: parallel_id=281474976710707 thread_num=25 team_size=32
[OMPT] implicit_task_end: parallel_id=0 thread_num=29
[OMPT] implicit_task_begin: parallel_id=281474976710707 thread_num=29 team_size=32
[OMPT] implicit_task_end: parallel_id=0 thread_num=30
[OMPT] implicit_task_begin: parallel_id=281474976710707 thread_num=30 team_size=32
[OMPT] implicit_task_end: parallel_id=0 thread_num=31
[OMPT] implicit_task_begin: parallel_id=281474976710707 thread_num=31 team_size=32
[OMPT] implicit_task_begin: parallel_id=281474976710707 thread_num=28 team_size=32
[OMPT] implicit_task_begin: parallel_id=281474976710707 thread_num=27 team_size=32
[OMPT] implicit_task_begin: parallel_id=281474976710707 thread_num=6 team_size=32
[OMPT] implicit_task_begin: parallel_id=281474976710707 thread_num=5 team_size=32
[OMPT] implicit_task_begin: parallel_id=281474976710707 thread_num=7 team_size=32
[OMPT] implicit_task_end: parallel_id=0 thread_num=21
[OMPT] implicit_task_begin: parallel_id=281474976710707 thread_num=21 team_size=32
[OMPT] implicit_task_begin: parallel_id=281474976710707 thread_num=26 team_size=32
[OMPT][WIN100ms] ompt_id=281474976710657 tid=1054906 tipo=ompt_thread_initial    cpu=150 numa=0  d_rm= 1983715  d_instr= 373975306  d_cyc= 559072609  d_all=16711677  IPC=0.669  ratio_rm=0.1187
[OMPT][WIN100ms] ompt_id=562949953421313 tid=1054928 tipo=ompt_thread_worker     cpu=159 numa=0  d_rm= 1909494  d_instr= 383216850  d_cyc= 556892161  d_all=16486420  IPC=0.688  ratio_rm=0.1158
[OMPT][WIN100ms] ompt_id=844424930131969 tid=1054929 tipo=ompt_thread_worker     cpu= 66 numa=1  d_rm= 2104585  d_instr= 314170169  d_cyc= 564508042  d_all=16719781  IPC=0.557  ratio_rm=0.1259
[OMPT][WIN100ms] ompt_id=1125899906842625 tid=1054930 tipo=ompt_thread_worker     cpu=  8 numa=0  d_rm= 1918034  d_instr= 381780157  d_cyc= 556052957  d_all=16885563  IPC=0.687  ratio_rm=0.1136
[OMPT][WIN100ms] ompt_id=1407374883553281 tid=1054931 tipo=ompt_thread_worker     cpu=121 numa=1  d_rm= 2043906  d_instr= 380893891  d_cyc= 558036639  d_all=16962339  IPC=0.683  ratio_rm=0.1205
[OMPT][WIN100ms] ompt_id=1688849860263937 tid=1054932 tipo=ompt_thread_worker     cpu=208 numa=1  d_rm= 2099939  d_instr= 322361571  d_cyc= 562024853  d_all=16671806  IPC=0.574  ratio_rm=0.1260
[OMPT][WIN100ms] ompt_id=1970324836974593 tid=1054933 tipo=ompt_thread_worker     cpu= 87 numa=1  d_rm= 2109366  d_instr= 324746736  d_cyc= 564414479  d_all=16811124  IPC=0.575  ratio_rm=0.1255
[OMPT][WIN100ms] ompt_id=2251799813685249 tid=1054935 tipo=ompt_thread_worker     cpu= 97 numa=1  d_rm= 2092119  d_instr= 319768229  d_cyc= 566896648  d_all=17005110  IPC=0.564  ratio_rm=0.1230
[OMPT] implicit_task_end: parallel_id=0 thread_num=0
[OMPT] parallel_end: parallel_id=281474976710707
[OMPT] parallel_begin: parallel_id=281474976710709 team_size=32
[OMPT] implicit_task_end: parallel_id=0 thread_num=4
[OMPT] implicit_task_end: parallel_id=0 thread_num=1
[OMPT] implicit_task_end: parallel_id=0 thread_num=6
[OMPT] implicit_task_end: parallel_id=0 thread_num=12
[OMPT] implicit_task_end: parallel_id=0 thread_num=15
[OMPT] implicit_task_end: parallel_id=0 thread_num=3
[OMPT] implicit_task_end: parallel_id=0 thread_num=2
[OMPT] implicit_task_end: parallel_id=0 thread_num=5
[OMPT] implicit_task_end: parallel_id=0 thread_num=16
[OMPT] implicit_task_end: parallel_id=0 thread_num=19
[OMPT] implicit_task_end: parallel_id=0 thread_num=13
[OMPT] implicit_task_end: parallel_id=0 thread_num=8
[OMPT] implicit_task_end: parallel_id=0 thread_num=11
[OMPT] implicit_task_end: parallel_id=0 thread_num=7
[OMPT] implicit_task_end: parallel_id=0 thread_num=24
[OMPT] implicit_task_end: parallel_id=0 thread_num=27
[OMPT] implicit_task_end: parallel_id=0 thread_num=20
[OMPT] implicit_task_end: parallel_id=0 thread_num=18
[OMPT] implicit_task_end: parallel_id=0 thread_num=17
[OMPT] implicit_task_end: parallel_id=0 thread_num=14
[OMPT] implicit_task_end: parallel_id=0 thread_num=9
[OMPT] implicit_task_end: parallel_id=0 thread_num=10
[OMPT] implicit_task_end: parallel_id=0 thread_num=26
[OMPT] implicit_task_end: parallel_id=0 thread_num=25
[OMPT] implicit_task_end: parallel_id=0 thread_num=22
[OMPT] implicit_task_end: parallel_id=0 thread_num=23
[OMPT] implicit_task_end: parallel_id=0 thread_num=21
[OMPT] implicit_task_end: parallel_id=0 thread_num=28
[OMPT] implicit_task_end: parallel_id=0 thread_num=29
[OMPT] implicit_task_end: parallel_id=0 thread_num=31
[OMPT] implicit_task_end: parallel_id=0 thread_num=30
[OMPT][WIN100ms] ompt_id=2533274790395905 tid=1054934 tipo=ompt_thread_worker     cpu=139 numa=0  d_rm= 1988196  d_instr= 386020396  d_cyc= 557651093  d_all=17099364  IPC=0.692  ratio_rm=0.1163
[OMPT][WIN100ms] ompt_id=2814749767106561 tid=1054937 tipo=ompt_thread_worker     cpu= 86 numa=1  d_rm= 2018703  d_instr= 314376607  d_cyc= 564887802  d_all=16408578  IPC=0.557  ratio_rm=0.1230
[OMPT][WIN100ms] ompt_id=3096224743817217 tid=1054936 tipo=ompt_thread_worker     cpu=  0 numa=0  d_rm= 1948990  d_instr= 377620047  d_cyc= 556905738  d_all=16602256  IPC=0.678  ratio_rm=0.1174
[OMPT][WIN100ms] ompt_id=3377699720527873 tid=1054938 tipo=ompt_thread_worker     cpu=231 numa=1  d_rm= 2103534  d_instr= 312379466  d_cyc= 566464080  d_all=16584346  IPC=0.551  ratio_rm=0.1268
[OMPT][WIN100ms] ompt_id=3940649673949185 tid=1054940 tipo=ompt_thread_worker     cpu= 45 numa=0  d_rm= 1902122  d_instr= 373222959  d_cyc= 556598863  d_all=16192829  IPC=0.671  ratio_rm=0.1175
[OMPT][WIN100ms] ompt_id=3659174697238529 tid=1054939 tipo=ompt_thread_worker     cpu= 56 numa=0  d_rm= 1919711  d_instr= 379927028  d_cyc= 557935608  d_all=16380968  IPC=0.681  ratio_rm=0.1172
[OMPT][WIN100ms] ompt_id=4222124650659841 tid=1054942 tipo=ompt_thread_worker     cpu=191 numa=0  d_rm= 1931014  d_instr= 379461366  d_cyc= 556574831  d_all=16623264  IPC=0.682  ratio_rm=0.1162
[OMPT][WIN100ms] ompt_id=4503599627370497 tid=1054941 tipo=ompt_thread_worker     cpu= 64 numa=1  d_rm= 1995217  d_instr= 309229553  d_cyc= 567240322  d_all=16325234  IPC=0.545  ratio_rm=0.1222
[OMPT][WIN100ms] ompt_id=4785074604081153 tid=1054944 tipo=ompt_thread_worker     cpu= 21 numa=0  d_rm= 1989972  d_instr= 373212396  d_cyc= 559238184  d_all=16712742  IPC=0.667  ratio_rm=0.1191
[OMPT][WIN100ms] ompt_id=5066549580791809 tid=1054943 tipo=ompt_thread_worker     cpu=120 numa=1  d_rm= 1936223  d_instr= 376363554  d_cyc= 559728769  d_all=16719411  IPC=0.672  ratio_rm=0.1158
[OMPT][WIN100ms] ompt_id=5348024557502465 tid=1054945 tipo=ompt_thread_worker     cpu=  1 numa=0  d_rm= 1947447  d_instr= 377295014  d_cyc= 558455933  d_all=16323095  IPC=0.676  ratio_rm=0.1193
[OMPT][WIN100ms] ompt_id=5629499534213121 tid=1054946 tipo=ompt_thread_worker     cpu= 89 numa=1  d_rm= 1970172  d_instr= 383087407  d_cyc= 558920272  d_all=16424227  IPC=0.685  ratio_rm=0.1200
[OMPT][WIN100ms] ompt_id=5910974510923777 tid=1054947 tipo=ompt_thread_worker     cpu= 88 numa=1  d_rm= 1984372  d_instr= 384543193  d_cyc= 555813108  d_all=16484363  IPC=0.692  ratio_rm=0.1204
[OMPT][WIN100ms] ompt_id=6192449487634433 tid=1054948 tipo=ompt_thread_worker     cpu= 37 numa=0  d_rm= 1921933  d_instr= 377669726  d_cyc= 557490379  d_all=16355147  IPC=0.677  ratio_rm=0.1175
[OMPT][WIN100ms] ompt_id=6473924464345089 tid=1054949 tipo=ompt_thread_worker     cpu= 65 numa=1  d_rm= 2062323  d_instr= 312592070  d_cyc= 565835319  d_all=16344817  IPC=0.552  ratio_rm=0.1262
[OMPT][WIN100ms] ompt_id=6755399441055745 tid=1054950 tipo=ompt_thread_worker     cpu=237 numa=1  d_rm= 2080289  d_instr= 317933837  d_cyc= 563752446  d_all=16388925  IPC=0.564  ratio_rm=0.1269
[OMPT][WIN100ms] ompt_id=7036874417766401 tid=1054951 tipo=ompt_thread_worker     cpu=112 numa=1  d_rm= 1660284  d_instr= 409710895  d_cyc= 552510769  d_all=16421544  IPC=0.742  ratio_rm=0.1011
[OMPT][WIN100ms] ompt_id=7318349394477057 tid=1054952 tipo=ompt_thread_worker     cpu=239 numa=1  d_rm= 2107002  d_instr= 318612615  d_cyc= 563017655  d_all=16362366  IPC=0.566  ratio_rm=0.1288
[OMPT][WIN100ms] ompt_id=7599824371187713 tid=1054953 tipo=ompt_thread_worker     cpu= 38 numa=0  d_rm= 1921916  d_instr= 380108310  d_cyc= 555941821  d_all=16476496  IPC=0.684  ratio_rm=0.1166
[OMPT][WIN100ms] ompt_id=7881299347898369 tid=1054954 tipo=ompt_thread_worker     cpu= 46 numa=0  d_rm= 1902411  d_instr= 377178829  d_cyc= 556159633  d_all=16718539  IPC=0.678  ratio_rm=0.1138
[OMPT][WIN100ms] ompt_id=8162774324609025 tid=1054955 tipo=ompt_thread_worker     cpu= 72 numa=1  d_rm= 1627054  d_instr= 406005813  d_cyc= 550859965  d_all=16512448  IPC=0.737  ratio_rm=0.0985
[OMPT][WIN100ms] ompt_id=8444249301319681 tid=1054956 tipo=ompt_thread_worker     cpu=236 numa=1  d_rm= 1990030  d_instr= 315364498  d_cyc= 563787987  d_all=16488408  IPC=0.559  ratio_rm=0.1207
[OMPT][WIN100ms] ompt_id=8725724278030337 tid=1054957 tipo=ompt_thread_worker     cpu= 25 numa=0  d_rm= 1924193  d_instr= 383476417  d_cyc= 554716900  d_all=16406110  IPC=0.691  ratio_rm=0.1173
[OMPT][WIN100ms] ompt_id=9007199254740993 tid=1054958 tipo=ompt_thread_worker     cpu= 96 numa=1  d_rm= 2029754  d_instr= 310015340  d_cyc= 564574502  d_all=16548263  IPC=0.549  ratio_rm=0.1227
[OMPT] implicit_task_begin: parallel_id=281474976710709 thread_num=1 team_size=32
[OMPT] implicit_task_begin: parallel_id=281474976710709 thread_num=30 team_size=32
[OMPT] implicit_task_begin: parallel_id=281474976710709 thread_num=2 team_size=32
[OMPT] implicit_task_begin: parallel_id=281474976710709 thread_num=22 team_size=32
[OMPT] implicit_task_begin: parallel_id=281474976710709 thread_num=14 team_size=32
[OMPT] implicit_task_begin: parallel_id=281474976710709 thread_num=6 team_size=32
[OMPT] implicit_task_begin: parallel_id=281474976710709 thread_num=10 team_size=32
[OMPT] implicit_task_begin: parallel_id=281474976710709 thread_num=5 team_size=32
[OMPT] implicit_task_begin: parallel_id=281474976710709 thread_num=15 team_size=32
[OMPT] implicit_task_begin: parallel_id=281474976710709 thread_num=12 team_size=32
[OMPT] implicit_task_begin: parallel_id=281474976710709 thread_num=24 team_size=32
[OMPT] implicit_task_begin: parallel_id=281474976710709 thread_num=7 team_size=32
[OMPT] implicit_task_begin: parallel_id=281474976710709 thread_num=3 team_size=32
[OMPT] implicit_task_begin: parallel_id=281474976710709 thread_num=19 team_size=32
[OMPT] implicit_task_begin: parallel_id=281474976710709 thread_num=20 team_size=32
[OMPT] implicit_task_begin: parallel_id=281474976710709 thread_num=4 team_size=32
[OMPT] implicit_task_begin: parallel_id=281474976710709 thread_num=16 team_size=32
[OMPT] implicit_task_begin: parallel_id=281474976710709 thread_num=28 team_size=32
[OMPT] implicit_task_begin: parallel_id=281474976710709 thread_num=25 team_size=32
[OMPT] implicit_task_begin: parallel_id=281474976710709 thread_num=29 team_size=32
[OMPT] implicit_task_begin: parallel_id=281474976710709 thread_num=17 team_size=32
[OMPT] implicit_task_begin: parallel_id=281474976710709 thread_num=9 team_size=32
[OMPT] implicit_task_begin: parallel_id=281474976710709 thread_num=27 team_size=32
[OMPT] implicit_task_begin: parallel_id=281474976710709 thread_num=0 team_size=32
[OMPT] implicit_task_begin: parallel_id=281474976710709 thread_num=23 team_size=32
[OMPT] implicit_task_begin: parallel_id=281474976710709 thread_num=13 team_size=32
[OMPT] implicit_task_begin: parallel_id=281474976710709 thread_num=11 team_size=32
[OMPT] implicit_task_begin: parallel_id=281474976710709 thread_num=8 team_size=32
[OMPT] implicit_task_begin: parallel_id=281474976710709 thread_num=18 team_size=32
[OMPT] implicit_task_begin: parallel_id=281474976710709 thread_num=21 team_size=32
[OMPT] implicit_task_begin: parallel_id=281474976710709 thread_num=31 team_size=32
[OMPT] implicit_task_begin: parallel_id=281474976710709 thread_num=26 team_size=32
[OMPT] implicit_task_end: parallel_id=0 thread_num=0
[OMPT] parallel_end: parallel_id=281474976710709
[OMPT] parallel_begin: parallel_id=281474976710711 team_size=32
[OMPT] implicit_task_end: parallel_id=0 thread_num=16
[OMPT] implicit_task_end: parallel_id=0 thread_num=2
[OMPT] implicit_task_end: parallel_id=0 thread_num=24
[OMPT] implicit_task_begin: parallel_id=281474976710711 thread_num=16 team_size=32
[OMPT] implicit_task_end: parallel_id=0 thread_num=20
[OMPT] implicit_task_begin: parallel_id=281474976710711 thread_num=2 team_size=32
[OMPT] implicit_task_end: parallel_id=0 thread_num=3
[OMPT] implicit_task_begin: parallel_id=281474976710711 thread_num=0 team_size=32
[OMPT] implicit_task_end: parallel_id=0 thread_num=17
[OMPT] implicit_task_end: parallel_id=0 thread_num=28
[OMPT] implicit_task_end: parallel_id=0 thread_num=29
[OMPT] implicit_task_begin: parallel_id=281474976710711 thread_num=20 team_size=32
[OMPT] implicit_task_begin: parallel_id=281474976710711 thread_num=17 team_size=32
[OMPT] implicit_task_end: parallel_id=0 thread_num=26
[OMPT] implicit_task_end: parallel_id=0 thread_num=12
[OMPT] implicit_task_end: parallel_id=0 thread_num=14
[OMPT] implicit_task_begin: parallel_id=281474976710711 thread_num=29 team_size=32
[OMPT] implicit_task_end: parallel_id=0 thread_num=27
[OMPT] implicit_task_end: parallel_id=0 thread_num=25
[OMPT] implicit_task_begin: parallel_id=281474976710711 thread_num=3 team_size=32
[OMPT] implicit_task_end: parallel_id=0 thread_num=23
[OMPT] implicit_task_begin: parallel_id=281474976710711 thread_num=14 team_size=32
[OMPT] implicit_task_end: parallel_id=0 thread_num=21
[OMPT] implicit_task_begin: parallel_id=281474976710711 thread_num=25 team_size=32
[OMPT] implicit_task_end: parallel_id=0 thread_num=22
[OMPT] implicit_task_end: parallel_id=0 thread_num=4
[OMPT] implicit_task_begin: parallel_id=281474976710711 thread_num=23 team_size=32
[OMPT] implicit_task_begin: parallel_id=281474976710711 thread_num=24 team_size=32
[OMPT] implicit_task_end: parallel_id=0 thread_num=18
[OMPT] implicit_task_begin: parallel_id=281474976710711 thread_num=27 team_size=32
[OMPT] implicit_task_end: parallel_id=0 thread_num=31
[OMPT] implicit_task_end: parallel_id=0 thread_num=15
[OMPT] implicit_task_end: parallel_id=0 thread_num=13
[OMPT] implicit_task_begin: parallel_id=281474976710711 thread_num=31 team_size=32
[OMPT] implicit_task_begin: parallel_id=281474976710711 thread_num=28 team_size=32
[OMPT] implicit_task_begin: parallel_id=281474976710711 thread_num=13 team_size=32
[OMPT] implicit_task_end: parallel_id=0 thread_num=1
[OMPT] implicit_task_begin: parallel_id=281474976710711 thread_num=1 team_size=32
[OMPT] implicit_task_begin: parallel_id=281474976710711 thread_num=21 team_size=32
[OMPT] implicit_task_end: parallel_id=0 thread_num=7
[OMPT] implicit_task_begin: parallel_id=281474976710711 thread_num=7 team_size=32
[OMPT] implicit_task_end: parallel_id=0 thread_num=6
[OMPT] implicit_task_end: parallel_id=0 thread_num=5
[OMPT] implicit_task_begin: parallel_id=281474976710711 thread_num=22 team_size=32
[OMPT] implicit_task_begin: parallel_id=281474976710711 thread_num=4 team_size=32
[OMPT] implicit_task_begin: parallel_id=281474976710711 thread_num=5 team_size=32
[OMPT] implicit_task_end: parallel_id=0 thread_num=30
[OMPT] implicit_task_begin: parallel_id=281474976710711 thread_num=30 team_size=32
[OMPT] implicit_task_begin: parallel_id=281474976710711 thread_num=12 team_size=32
[OMPT] implicit_task_begin: parallel_id=281474976710711 thread_num=18 team_size=32
[OMPT] implicit_task_end: parallel_id=0 thread_num=19
[OMPT] implicit_task_end: parallel_id=0 thread_num=8
[OMPT] implicit_task_end: parallel_id=0 thread_num=11
[OMPT] implicit_task_end: parallel_id=0 thread_num=10
[OMPT] implicit_task_begin: parallel_id=281474976710711 thread_num=26 team_size=32
[OMPT] implicit_task_begin: parallel_id=281474976710711 thread_num=11 team_size=32
[OMPT] implicit_task_begin: parallel_id=281474976710711 thread_num=6 team_size=32
[OMPT] implicit_task_end: parallel_id=0 thread_num=9
[OMPT] implicit_task_begin: parallel_id=281474976710711 thread_num=19 team_size=32
[OMPT] implicit_task_begin: parallel_id=281474976710711 thread_num=10 team_size=32
[OMPT] implicit_task_begin: parallel_id=281474976710711 thread_num=8 team_size=32
[OMPT] implicit_task_begin: parallel_id=281474976710711 thread_num=15 team_size=32
[OMPT] implicit_task_begin: parallel_id=281474976710711 thread_num=9 team_size=32
[OMPT] implicit_task_end: parallel_id=0 thread_num=0
[OMPT] parallel_end: parallel_id=281474976710711
[OMPT] parallel_begin: parallel_id=281474976710713 team_size=32
[OMPT] implicit_task_end: parallel_id=0 thread_num=12
[OMPT] implicit_task_end: parallel_id=0 thread_num=1
[OMPT] implicit_task_end: parallel_id=0 thread_num=13
[OMPT] implicit_task_begin: parallel_id=281474976710713 thread_num=1 team_size=32
[OMPT] implicit_task_begin: parallel_id=281474976710713 thread_num=13 team_size=32
[OMPT] implicit_task_end: parallel_id=0 thread_num=2
[OMPT] implicit_task_begin: parallel_id=281474976710713 thread_num=0 team_size=32
[OMPT] implicit_task_begin: parallel_id=281474976710713 thread_num=2 team_size=32
[OMPT] implicit_task_end: parallel_id=0 thread_num=8
[OMPT] implicit_task_end: parallel_id=0 thread_num=11
[OMPT] implicit_task_end: parallel_id=0 thread_num=14
[OMPT] implicit_task_end: parallel_id=0 thread_num=15
[OMPT] implicit_task_begin: parallel_id=281474976710713 thread_num=12 team_size=32
[OMPT] implicit_task_begin: parallel_id=281474976710713 thread_num=8 team_size=32
[OMPT] implicit_task_end: parallel_id=0 thread_num=16
[OMPT] implicit_task_begin: parallel_id=281474976710713 thread_num=15 team_size=32
[OMPT] implicit_task_end: parallel_id=0 thread_num=24
[OMPT] implicit_task_begin: parallel_id=281474976710713 thread_num=16 team_size=32
[OMPT] implicit_task_end: parallel_id=0 thread_num=25
[OMPT] implicit_task_end: parallel_id=0 thread_num=10
[OMPT] implicit_task_end: parallel_id=0 thread_num=4
[OMPT] implicit_task_begin: parallel_id=281474976710713 thread_num=24 team_size=32
[OMPT] implicit_task_end: parallel_id=0 thread_num=7
[OMPT] implicit_task_end: parallel_id=0 thread_num=28
[OMPT] implicit_task_begin: parallel_id=281474976710713 thread_num=25 team_size=32
[OMPT] implicit_task_end: parallel_id=0 thread_num=31
[OMPT] implicit_task_end: parallel_id=0 thread_num=19
[OMPT] implicit_task_end: parallel_id=0 thread_num=20
[OMPT] implicit_task_end: parallel_id=0 thread_num=17
[OMPT] implicit_task_end: parallel_id=0 thread_num=3
[OMPT] implicit_task_end: parallel_id=0 thread_num=27
[OMPT] implicit_task_begin: parallel_id=281474976710713 thread_num=19 team_size=32
[OMPT] implicit_task_begin: parallel_id=281474976710713 thread_num=20 team_size=32
[OMPT] implicit_task_begin: parallel_id=281474976710713 thread_num=31 team_size=32
[OMPT] implicit_task_begin: parallel_id=281474976710713 thread_num=11 team_size=32
[OMPT] implicit_task_begin: parallel_id=281474976710713 thread_num=4 team_size=32
[OMPT] implicit_task_begin: parallel_id=281474976710713 thread_num=17 team_size=32
[OMPT] implicit_task_begin: parallel_id=281474976710713 thread_num=27 team_size=32
[OMPT] implicit_task_end: parallel_id=0 thread_num=6
[OMPT] implicit_task_begin: parallel_id=281474976710713 thread_num=10 team_size=32
[OMPT] implicit_task_end: parallel_id=0 thread_num=18
[OMPT] implicit_task_end: parallel_id=0 thread_num=29
[OMPT] implicit_task_end: parallel_id=0 thread_num=30
[OMPT] implicit_task_begin: parallel_id=281474976710713 thread_num=29 team_size=32
[OMPT] implicit_task_begin: parallel_id=281474976710713 thread_num=30 team_size=32
[OMPT] implicit_task_begin: parallel_id=281474976710713 thread_num=14 team_size=32
[OMPT] implicit_task_end: parallel_id=0 thread_num=22
[OMPT] implicit_task_end: parallel_id=0 thread_num=21
[OMPT] implicit_task_end: parallel_id=0 thread_num=26
[OMPT] implicit_task_begin: parallel_id=281474976710713 thread_num=26 team_size=32
[OMPT] implicit_task_end: parallel_id=0 thread_num=9
[OMPT] implicit_task_begin: parallel_id=281474976710713 thread_num=9 team_size=32
[OMPT] implicit_task_begin: parallel_id=281474976710713 thread_num=3 team_size=32
[OMPT] implicit_task_end: parallel_id=0 thread_num=5
[OMPT] implicit_task_begin: parallel_id=281474976710713 thread_num=5 team_size=32
[OMPT] implicit_task_begin: parallel_id=281474976710713 thread_num=7 team_size=32
[OMPT] implicit_task_end: parallel_id=0 thread_num=23
[OMPT] implicit_task_begin: parallel_id=281474976710713 thread_num=23 team_size=32
[OMPT] implicit_task_begin: parallel_id=281474976710713 thread_num=22 team_size=32
[OMPT] implicit_task_begin: parallel_id=281474976710713 thread_num=28 team_size=32
[OMPT] implicit_task_begin: parallel_id=281474976710713 thread_num=21 team_size=32
[OMPT] implicit_task_begin: parallel_id=281474976710713 thread_num=6 team_size=32
[OMPT] implicit_task_begin: parallel_id=281474976710713 thread_num=18 team_size=32
[OMPT] implicit_task_end: parallel_id=0 thread_num=0
[OMPT] parallel_end: parallel_id=281474976710713
[OMPT] parallel_begin: parallel_id=281474976710715 team_size=32
[OMPT] implicit_task_end: parallel_id=0 thread_num=16
[OMPT] implicit_task_end: parallel_id=0 thread_num=2
[OMPT] implicit_task_end: parallel_id=0 thread_num=24
[OMPT] implicit_task_end: parallel_id=0 thread_num=27
[OMPT] implicit_task_begin: parallel_id=281474976710715 thread_num=2 team_size=32
[OMPT] implicit_task_begin: parallel_id=281474976710715 thread_num=27 team_size=32
[OMPT] implicit_task_end: parallel_id=0 thread_num=3
[OMPT] implicit_task_begin: parallel_id=281474976710715 thread_num=3 team_size=32
[OMPT] implicit_task_begin: parallel_id=281474976710715 thread_num=0 team_size=32
[OMPT] implicit_task_end: parallel_id=0 thread_num=17
[OMPT] implicit_task_begin: parallel_id=281474976710715 thread_num=17 team_size=32
[OMPT] implicit_task_end: parallel_id=0 thread_num=28
[OMPT] implicit_task_end: parallel_id=0 thread_num=31
[OMPT] implicit_task_end: parallel_id=0 thread_num=18
[OMPT] implicit_task_begin: parallel_id=281474976710715 thread_num=28 team_size=32
[OMPT] implicit_task_end: parallel_id=0 thread_num=20
[OMPT] implicit_task_end: parallel_id=0 thread_num=21
[OMPT] implicit_task_begin: parallel_id=281474976710715 thread_num=16 team_size=32
[OMPT] implicit_task_end: parallel_id=0 thread_num=26
[OMPT] implicit_task_end: parallel_id=0 thread_num=25
[OMPT] implicit_task_begin: parallel_id=281474976710715 thread_num=20 team_size=32
[OMPT] implicit_task_begin: parallel_id=281474976710715 thread_num=26 team_size=32
[OMPT] implicit_task_begin: parallel_id=281474976710715 thread_num=21 team_size=32
[OMPT] implicit_task_end: parallel_id=0 thread_num=12
[OMPT] implicit_task_end: parallel_id=0 thread_num=15
[OMPT] implicit_task_begin: parallel_id=281474976710715 thread_num=25 team_size=32
[OMPT] implicit_task_begin: parallel_id=281474976710715 thread_num=24 team_size=32
[OMPT] implicit_task_begin: parallel_id=281474976710715 thread_num=12 team_size=32
[OMPT] implicit_task_end: parallel_id=0 thread_num=29
[OMPT] implicit_task_end: parallel_id=0 thread_num=30
[OMPT] implicit_task_begin: parallel_id=281474976710715 thread_num=30 team_size=32
[OMPT] implicit_task_end: parallel_id=0 thread_num=19
[OMPT] implicit_task_end: parallel_id=0 thread_num=4
[OMPT] implicit_task_end: parallel_id=0 thread_num=7
[OMPT] implicit_task_end: parallel_id=0 thread_num=23
[OMPT] implicit_task_end: parallel_id=0 thread_num=22
[OMPT] implicit_task_begin: parallel_id=281474976710715 thread_num=31 team_size=32
[OMPT] implicit_task_end: parallel_id=0 thread_num=8
[OMPT] implicit_task_end: parallel_id=0 thread_num=1
[OMPT] implicit_task_end: parallel_id=0 thread_num=9
[OMPT] implicit_task_begin: parallel_id=281474976710715 thread_num=1 team_size=32
[OMPT] implicit_task_end: parallel_id=0 thread_num=14
[OMPT] implicit_task_begin: parallel_id=281474976710715 thread_num=29 team_size=32
[OMPT] implicit_task_begin: parallel_id=281474976710715 thread_num=19 team_size=32
[OMPT] implicit_task_end: parallel_id=0 thread_num=6
[OMPT] implicit_task_end: parallel_id=0 thread_num=5
[OMPT] implicit_task_begin: parallel_id=281474976710715 thread_num=4 team_size=32
[OMPT] implicit_task_begin: parallel_id=281474976710715 thread_num=6 team_size=32
[OMPT] implicit_task_begin: parallel_id=281474976710715 thread_num=18 team_size=32
[OMPT] implicit_task_begin: parallel_id=281474976710715 thread_num=7 team_size=32
[OMPT] implicit_task_begin: parallel_id=281474976710715 thread_num=23 team_size=32
[OMPT] implicit_task_end: parallel_id=0 thread_num=11
[OMPT] implicit_task_end: parallel_id=0 thread_num=10
[OMPT] implicit_task_begin: parallel_id=281474976710715 thread_num=11 team_size=32
[OMPT] implicit_task_end: parallel_id=0 thread_num=13
[OMPT] implicit_task_begin: parallel_id=281474976710715 thread_num=9 team_size=32
[OMPT] implicit_task_begin: parallel_id=281474976710715 thread_num=13 team_size=32
[OMPT] implicit_task_begin: parallel_id=281474976710715 thread_num=14 team_size=32
[OMPT] implicit_task_begin: parallel_id=281474976710715 thread_num=5 team_size=32
[OMPT] implicit_task_begin: parallel_id=281474976710715 thread_num=8 team_size=32
[OMPT] implicit_task_begin: parallel_id=281474976710715 thread_num=10 team_size=32
[OMPT] implicit_task_begin: parallel_id=281474976710715 thread_num=15 team_size=32
[OMPT] implicit_task_begin: parallel_id=281474976710715 thread_num=22 team_size=32
[OMPT] implicit_task_end: parallel_id=0 thread_num=0
[OMPT] parallel_end: parallel_id=281474976710715
[OMPT] parallel_begin: parallel_id=281474976710717 team_size=32
[OMPT] implicit_task_end: parallel_id=0 thread_num=12
[OMPT] implicit_task_end: parallel_id=0 thread_num=1
[OMPT] implicit_task_end: parallel_id=0 thread_num=15
[OMPT] implicit_task_begin: parallel_id=281474976710717 thread_num=12 team_size=32
[OMPT] implicit_task_end: parallel_id=0 thread_num=16
[OMPT] implicit_task_end: parallel_id=0 thread_num=4
[OMPT] implicit_task_end: parallel_id=0 thread_num=28
[OMPT] implicit_task_end: parallel_id=0 thread_num=24
[OMPT] implicit_task_end: parallel_id=0 thread_num=30
[OMPT] implicit_task_end: parallel_id=0 thread_num=26
[OMPT] implicit_task_end: parallel_id=0 thread_num=14
[OMPT] implicit_task_begin: parallel_id=281474976710717 thread_num=28 team_size=32
[OMPT] implicit_task_end: parallel_id=0 thread_num=13
[OMPT] implicit_task_begin: parallel_id=281474976710717 thread_num=15 team_size=32
[OMPT] implicit_task_begin: parallel_id=281474976710717 thread_num=24 team_size=32
[OMPT] implicit_task_end: parallel_id=0 thread_num=17
[OMPT] implicit_task_end: parallel_id=0 thread_num=20
[OMPT] implicit_task_end: parallel_id=0 thread_num=19
[OMPT] implicit_task_end: parallel_id=0 thread_num=23
[OMPT] implicit_task_begin: parallel_id=281474976710717 thread_num=20 team_size=32
[OMPT] implicit_task_end: parallel_id=0 thread_num=7
[OMPT] implicit_task_end: parallel_id=0 thread_num=6
[OMPT] implicit_task_begin: parallel_id=281474976710717 thread_num=23 team_size=32
[OMPT] implicit_task_begin: parallel_id=281474976710717 thread_num=7 team_size=32
[OMPT] implicit_task_end: parallel_id=0 thread_num=8
[OMPT] implicit_task_end: parallel_id=0 thread_num=11
[OMPT] implicit_task_end: parallel_id=0 thread_num=2
[OMPT] implicit_task_begin: parallel_id=281474976710717 thread_num=16 team_size=32
[OMPT] implicit_task_begin: parallel_id=281474976710717 thread_num=4 team_size=32
[OMPT] implicit_task_begin: parallel_id=281474976710717 thread_num=8 team_size=32
[OMPT] implicit_task_end: parallel_id=0 thread_num=29
[OMPT] implicit_task_begin: parallel_id=281474976710717 thread_num=2 team_size=32
[OMPT] implicit_task_end: parallel_id=0 thread_num=25
[OMPT] implicit_task_begin: parallel_id=281474976710717 thread_num=29 team_size=32
[OMPT] implicit_task_end: parallel_id=0 thread_num=27
[OMPT] implicit_task_begin: parallel_id=281474976710717 thread_num=0 team_size=32
[OMPT] implicit_task_begin: parallel_id=281474976710717 thread_num=27 team_size=32
[OMPT] implicit_task_begin: parallel_id=281474976710717 thread_num=30 team_size=32
[OMPT] implicit_task_end: parallel_id=0 thread_num=18
[OMPT] implicit_task_begin: parallel_id=281474976710717 thread_num=18 team_size=32
[OMPT] implicit_task_begin: parallel_id=281474976710717 thread_num=13 team_size=32
[OMPT] implicit_task_begin: parallel_id=281474976710717 thread_num=14 team_size=32
[OMPT] implicit_task_end: parallel_id=0 thread_num=22
[OMPT] implicit_task_begin: parallel_id=281474976710717 thread_num=22 team_size=32
[OMPT] implicit_task_end: parallel_id=0 thread_num=21
[OMPT] implicit_task_begin: parallel_id=281474976710717 thread_num=21 team_size=32
[OMPT] implicit_task_begin: parallel_id=281474976710717 thread_num=26 team_size=32
[OMPT] implicit_task_end: parallel_id=0 thread_num=3
[OMPT] implicit_task_begin: parallel_id=281474976710717 thread_num=3 team_size=32
[OMPT] implicit_task_begin: parallel_id=281474976710717 thread_num=19 team_size=32
[OMPT] implicit_task_begin: parallel_id=281474976710717 thread_num=17 team_size=32
[OMPT] implicit_task_end: parallel_id=0 thread_num=5
[OMPT] implicit_task_begin: parallel_id=281474976710717 thread_num=5 team_size=32
[OMPT] implicit_task_end: parallel_id=0 thread_num=10
[OMPT] implicit_task_end: parallel_id=0 thread_num=9
[OMPT] implicit_task_begin: parallel_id=281474976710717 thread_num=10 team_size=32
[OMPT] implicit_task_begin: parallel_id=281474976710717 thread_num=6 team_size=32
[OMPT] implicit_task_end: parallel_id=0 thread_num=31
[OMPT] implicit_task_begin: parallel_id=281474976710717 thread_num=11 team_size=32
[OMPT] implicit_task_begin: parallel_id=281474976710717 thread_num=31 team_size=32
[OMPT] implicit_task_begin: parallel_id=281474976710717 thread_num=25 team_size=32
[OMPT] implicit_task_begin: parallel_id=281474976710717 thread_num=9 team_size=32
[OMPT] implicit_task_begin: parallel_id=281474976710717 thread_num=1 team_size=32
[OMPT][WIN100ms] ompt_id=281474976710657 tid=1054906 tipo=ompt_thread_initial    cpu=150 numa=0  d_rm= 1957408  d_instr= 370981779  d_cyc= 557790516  d_all=16541321  IPC=0.665  ratio_rm=0.1183
[OMPT][WIN100ms] ompt_id=562949953421313 tid=1054928 tipo=ompt_thread_worker     cpu=159 numa=0  d_rm= 1883891  d_instr= 378182497  d_cyc= 553776366  d_all=16163188  IPC=0.683  ratio_rm=0.1166
[OMPT][WIN100ms] ompt_id=844424930131969 tid=1054929 tipo=ompt_thread_worker     cpu= 66 numa=1  d_rm= 2078660  d_instr= 312274715  d_cyc= 566057145  d_all=16569477  IPC=0.552  ratio_rm=0.1255
[OMPT][WIN100ms] ompt_id=1125899906842625 tid=1054930 tipo=ompt_thread_worker     cpu=  8 numa=0  d_rm= 1886393  d_instr= 378330435  d_cyc= 555247273  d_all=16584558  IPC=0.681  ratio_rm=0.1137
[OMPT][WIN100ms] ompt_id=1407374883553281 tid=1054931 tipo=ompt_thread_worker     cpu=121 numa=1  d_rm= 2029610  d_instr= 372765870  d_cyc= 555870065  d_all=16800017  IPC=0.671  ratio_rm=0.1208
[OMPT][WIN100ms] ompt_id=1688849860263937 tid=1054932 tipo=ompt_thread_worker     cpu=208 numa=1  d_rm= 2088377  d_instr= 370613485  d_cyc= 556842599  d_all=17317709  IPC=0.666  ratio_rm=0.1206
[OMPT][WIN100ms] ompt_id=1970324836974593 tid=1054933 tipo=ompt_thread_worker     cpu= 87 numa=1  d_rm= 2088043  d_instr= 372522108  d_cyc= 555558133  d_all=17457365  IPC=0.671  ratio_rm=0.1196
[OMPT][WIN100ms] ompt_id=2251799813685249 tid=1054935 tipo=ompt_thread_worker     cpu= 97 numa=1  d_rm= 2036365  d_instr= 310638724  d_cyc= 560485757  d_all=16406221  IPC=0.554  ratio_rm=0.1241
[OMPT][WIN100ms] ompt_id=2533274790395905 tid=1054934 tipo=ompt_thread_worker     cpu=139 numa=0  d_rm= 1978944  d_instr= 380892562  d_cyc= 554858564  d_all=17089608  IPC=0.686  ratio_rm=0.1158
[OMPT] implicit_task_end: parallel_id=0 thread_num=0
[OMPT] parallel_end: parallel_id=281474976710717
[OMPT] parallel_begin: parallel_id=281474976710719 team_size=32
[OMPT] implicit_task_end: parallel_id=0 thread_num=12
[OMPT] implicit_task_end: parallel_id=0 thread_num=4
[OMPT] implicit_task_end: parallel_id=0 thread_num=13
[OMPT] implicit_task_end: parallel_id=0 thread_num=6
[OMPT] implicit_task_end: parallel_id=0 thread_num=2
[OMPT] implicit_task_end: parallel_id=0 thread_num=1
[OMPT] implicit_task_end: parallel_id=0 thread_num=3
[OMPT] implicit_task_end: parallel_id=0 thread_num=15
[OMPT] implicit_task_end: parallel_id=0 thread_num=14
[OMPT] implicit_task_end: parallel_id=0 thread_num=7
[OMPT] implicit_task_end: parallel_id=0 thread_num=5
[OMPT] implicit_task_end: parallel_id=0 thread_num=8
[OMPT] implicit_task_end: parallel_id=0 thread_num=10
[OMPT] implicit_task_end: parallel_id=0 thread_num=11
[OMPT] implicit_task_end: parallel_id=0 thread_num=9
[OMPT] implicit_task_end: parallel_id=0 thread_num=16
[OMPT] implicit_task_end: parallel_id=0 thread_num=24
[OMPT] implicit_task_end: parallel_id=0 thread_num=20
[OMPT] implicit_task_end: parallel_id=0 thread_num=27
[OMPT] implicit_task_end: parallel_id=0 thread_num=25
[OMPT] implicit_task_end: parallel_id=0 thread_num=17
[OMPT] implicit_task_end: parallel_id=0 thread_num=28
[OMPT] implicit_task_end: parallel_id=0 thread_num=29
[OMPT] implicit_task_end: parallel_id=0 thread_num=22
[OMPT] implicit_task_end: parallel_id=0 thread_num=21
[OMPT] implicit_task_end: parallel_id=0 thread_num=23
[OMPT] implicit_task_end: parallel_id=0 thread_num=18
[OMPT] implicit_task_end: parallel_id=0 thread_num=19
[OMPT] implicit_task_end: parallel_id=0 thread_num=26
[OMPT] implicit_task_end: parallel_id=0 thread_num=31
[OMPT] implicit_task_end: parallel_id=0 thread_num=30
[OMPT][WIN100ms] ompt_id=2814749767106561 tid=1054937 tipo=ompt_thread_worker     cpu=113 numa=1  d_rm= 1979831  d_instr= 355679491  d_cyc= 557537615  d_all=16415037  IPC=0.638  ratio_rm=0.1206
[OMPT][WIN100ms] ompt_id=3096224743817217 tid=1054936 tipo=ompt_thread_worker     cpu=  0 numa=0  d_rm= 1948474  d_instr= 376375630  d_cyc= 555281146  d_all=16590291  IPC=0.678  ratio_rm=0.1174
[OMPT][WIN100ms] ompt_id=3377699720527873 tid=1054938 tipo=ompt_thread_worker     cpu=231 numa=1  d_rm= 2105882  d_instr= 310052076  d_cyc= 564551653  d_all=16588878  IPC=0.549  ratio_rm=0.1269
[OMPT][WIN100ms] ompt_id=3940649673949185 tid=1054940 tipo=ompt_thread_worker     cpu= 45 numa=0  d_rm= 1903812  d_instr= 371629612  d_cyc= 554423918  d_all=16189149  IPC=0.670  ratio_rm=0.1176
[OMPT][WIN100ms] ompt_id=3659174697238529 tid=1054939 tipo=ompt_thread_worker     cpu= 56 numa=0  d_rm= 1931948  d_instr= 381180213  d_cyc= 554985294  d_all=16371185  IPC=0.687  ratio_rm=0.1180
[OMPT][WIN100ms] ompt_id=4222124650659841 tid=1054942 tipo=ompt_thread_worker     cpu=191 numa=0  d_rm= 1930619  d_instr= 382445335  d_cyc= 554703455  d_all=16616247  IPC=0.689  ratio_rm=0.1162
[OMPT][WIN100ms] ompt_id=4503599627370497 tid=1054941 tipo=ompt_thread_worker     cpu= 64 numa=1  d_rm= 1983521  d_instr= 308053771  d_cyc= 564379367  d_all=16323829  IPC=0.546  ratio_rm=0.1215
[OMPT][WIN100ms] ompt_id=4785074604081153 tid=1054944 tipo=ompt_thread_worker     cpu= 21 numa=0  d_rm= 2001076  d_instr= 374154311  d_cyc= 557289547  d_all=16713210  IPC=0.671  ratio_rm=0.1197
[OMPT][WIN100ms] ompt_id=5066549580791809 tid=1054943 tipo=ompt_thread_worker     cpu=120 numa=1  d_rm= 1938744  d_instr= 373446237  d_cyc= 556791328  d_all=16715870  IPC=0.671  ratio_rm=0.1160
[OMPT][WIN100ms] ompt_id=5348024557502465 tid=1054945 tipo=ompt_thread_worker     cpu=  1 numa=0  d_rm= 1954927  d_instr= 373234217  d_cyc= 553320067  d_all=16324492  IPC=0.675  ratio_rm=0.1198
[OMPT][WIN100ms] ompt_id=5629499534213121 tid=1054946 tipo=ompt_thread_worker     cpu= 89 numa=1  d_rm= 1939543  d_instr= 380350096  d_cyc= 552973942  d_all=16426283  IPC=0.688  ratio_rm=0.1181
[OMPT][WIN100ms] ompt_id=5910974510923777 tid=1054947 tipo=ompt_thread_worker     cpu= 88 numa=1  d_rm= 1924527  d_instr= 389192798  d_cyc= 555562272  d_all=16484625  IPC=0.701  ratio_rm=0.1167
[OMPT][WIN100ms] ompt_id=6192449487634433 tid=1054948 tipo=ompt_thread_worker     cpu= 37 numa=0  d_rm= 1914623  d_instr= 377919481  d_cyc= 555333079  d_all=16358149  IPC=0.681  ratio_rm=0.1170
[OMPT][WIN100ms] ompt_id=6473924464345089 tid=1054949 tipo=ompt_thread_worker     cpu= 65 numa=1  d_rm= 2051611  d_instr= 310866935  d_cyc= 562293386  d_all=16341678  IPC=0.553  ratio_rm=0.1255
[OMPT][WIN100ms] ompt_id=6755399441055745 tid=1054950 tipo=ompt_thread_worker     cpu=237 numa=1  d_rm= 2072586  d_instr= 317865450  d_cyc= 562969121  d_all=16383789  IPC=0.565  ratio_rm=0.1265
[OMPT][WIN100ms] ompt_id=7036874417766401 tid=1054951 tipo=ompt_thread_worker     cpu=112 numa=1  d_rm= 1952293  d_instr= 381625306  d_cyc= 557002731  d_all=16433520  IPC=0.685  ratio_rm=0.1188
[OMPT][WIN100ms] ompt_id=7318349394477057 tid=1054952 tipo=ompt_thread_worker     cpu=239 numa=1  d_rm= 2100853  d_instr= 317760258  d_cyc= 563643055  d_all=16363043  IPC=0.564  ratio_rm=0.1284
[OMPT][WIN100ms] ompt_id=7599824371187713 tid=1054953 tipo=ompt_thread_worker     cpu= 38 numa=0  d_rm= 1923223  d_instr= 377942953  d_cyc= 555136351  d_all=16481731  IPC=0.681  ratio_rm=0.1167
[OMPT][WIN100ms] ompt_id=7881299347898369 tid=1054954 tipo=ompt_thread_worker     cpu= 46 numa=0  d_rm= 1904796  d_instr= 376785505  d_cyc= 557186297  d_all=16707618  IPC=0.676  ratio_rm=0.1140
[OMPT][WIN100ms] ompt_id=8162774324609025 tid=1054955 tipo=ompt_thread_worker     cpu= 72 numa=1  d_rm= 1626163  d_instr= 407682525  d_cyc= 552178358  d_all=16518136  IPC=0.738  ratio_rm=0.0984
[OMPT][WIN100ms] ompt_id=8444249301319681 tid=1054956 tipo=ompt_thread_worker     cpu=236 numa=1  d_rm= 1989598  d_instr= 313446442  d_cyc= 563944176  d_all=16490509  IPC=0.556  ratio_rm=0.1207
[OMPT][WIN100ms] ompt_id=8725724278030337 tid=1054957 tipo=ompt_thread_worker     cpu= 25 numa=0  d_rm= 1920711  d_instr= 383146919  d_cyc= 554152578  d_all=16407467  IPC=0.691  ratio_rm=0.1171
[OMPT][WIN100ms] ompt_id=9007199254740993 tid=1054958 tipo=ompt_thread_worker     cpu= 96 numa=1  d_rm= 2048171  d_instr= 311106964  d_cyc= 562933088  d_all=16546191  IPC=0.553  ratio_rm=0.1238
[OMPT] implicit_task_begin: parallel_id=281474976710719 thread_num=20 team_size=32
[OMPT] implicit_task_begin: parallel_id=281474976710719 thread_num=19 team_size=32
[OMPT] implicit_task_begin: parallel_id=281474976710719 thread_num=3 team_size=32
[OMPT] implicit_task_begin: parallel_id=281474976710719 thread_num=7 team_size=32
[OMPT] implicit_task_begin: parallel_id=281474976710719 thread_num=10 team_size=32
[OMPT] implicit_task_begin: parallel_id=281474976710719 thread_num=24 team_size=32
[OMPT] implicit_task_begin: parallel_id=281474976710719 thread_num=28 team_size=32
[OMPT] implicit_task_begin: parallel_id=281474976710719 thread_num=31 team_size=32
[OMPT] implicit_task_begin: parallel_id=281474976710719 thread_num=25 team_size=32
[OMPT] implicit_task_begin: parallel_id=281474976710719 thread_num=29 team_size=32
[OMPT] implicit_task_begin: parallel_id=281474976710719 thread_num=0 team_size=32
[OMPT] implicit_task_begin: parallel_id=281474976710719 thread_num=17 team_size=32
[OMPT] implicit_task_begin: parallel_id=281474976710719 thread_num=11 team_size=32
[OMPT] implicit_task_begin: parallel_id=281474976710719 thread_num=8 team_size=32
[OMPT] implicit_task_begin: parallel_id=281474976710719 thread_num=16 team_size=32
[OMPT] implicit_task_begin: parallel_id=281474976710719 thread_num=26 team_size=32
[OMPT] implicit_task_begin: parallel_id=281474976710719 thread_num=21 team_size=32
[OMPT] implicit_task_begin: parallel_id=281474976710719 thread_num=23 team_size=32
[OMPT] implicit_task_begin: parallel_id=281474976710719 thread_num=6 team_size=32
[OMPT] implicit_task_begin: parallel_id=281474976710719 thread_num=5 team_size=32
[OMPT] implicit_task_begin: parallel_id=281474976710719 thread_num=15 team_size=32
[OMPT] implicit_task_begin: parallel_id=281474976710719 thread_num=2 team_size=32
[OMPT] implicit_task_begin: parallel_id=281474976710719 thread_num=4 team_size=32
[OMPT] implicit_task_begin: parallel_id=281474976710719 thread_num=14 team_size=32
[OMPT] implicit_task_begin: parallel_id=281474976710719 thread_num=22 team_size=32
[OMPT] implicit_task_begin: parallel_id=281474976710719 thread_num=13 team_size=32
[OMPT] implicit_task_begin: parallel_id=281474976710719 thread_num=30 team_size=32
[OMPT] implicit_task_begin: parallel_id=281474976710719 thread_num=18 team_size=32
[OMPT] implicit_task_begin: parallel_id=281474976710719 thread_num=1 team_size=32
[OMPT] implicit_task_begin: parallel_id=281474976710719 thread_num=9 team_size=32
[OMPT] implicit_task_begin: parallel_id=281474976710719 thread_num=27 team_size=32
[OMPT] implicit_task_begin: parallel_id=281474976710719 thread_num=12 team_size=32
[OMPT] implicit_task_end: parallel_id=0 thread_num=0
[OMPT] parallel_end: parallel_id=281474976710719
[OMPT] parallel_begin: parallel_id=281474976710721 team_size=32
[OMPT] implicit_task_end: parallel_id=0 thread_num=12
[OMPT] implicit_task_end: parallel_id=0 thread_num=3
[OMPT] implicit_task_end: parallel_id=0 thread_num=13
[OMPT] implicit_task_begin: parallel_id=281474976710721 thread_num=12 team_size=32
[OMPT] implicit_task_begin: parallel_id=281474976710721 thread_num=3 team_size=32
[OMPT] implicit_task_end: parallel_id=0 thread_num=16
[OMPT] implicit_task_end: parallel_id=0 thread_num=8
[OMPT] implicit_task_end: parallel_id=0 thread_num=18
[OMPT] implicit_task_end: parallel_id=0 thread_num=9
[OMPT] implicit_task_end: parallel_id=0 thread_num=11
[OMPT] implicit_task_begin: parallel_id=281474976710721 thread_num=0 team_size=32
[OMPT] implicit_task_begin: parallel_id=281474976710721 thread_num=8 team_size=32
[OMPT] implicit_task_end: parallel_id=0 thread_num=14
[OMPT] implicit_task_begin: parallel_id=281474976710721 thread_num=13 team_size=32
[OMPT] implicit_task_end: parallel_id=0 thread_num=24
[OMPT] implicit_task_end: parallel_id=0 thread_num=27
[OMPT] implicit_task_end: parallel_id=0 thread_num=28
[OMPT] implicit_task_end: parallel_id=0 thread_num=30
[OMPT] implicit_task_end: parallel_id=0 thread_num=1
[OMPT] implicit_task_begin: parallel_id=281474976710721 thread_num=28 team_size=32
[OMPT] implicit_task_begin: parallel_id=281474976710721 thread_num=30 team_size=32
[OMPT] implicit_task_begin: parallel_id=281474976710721 thread_num=1 team_size=32
[OMPT] implicit_task_end: parallel_id=0 thread_num=2
[OMPT] implicit_task_end: parallel_id=0 thread_num=10
[OMPT] implicit_task_begin: parallel_id=281474976710721 thread_num=2 team_size=32
[OMPT] implicit_task_begin: parallel_id=281474976710721 thread_num=16 team_size=32
[OMPT] implicit_task_end: parallel_id=0 thread_num=4
[OMPT] implicit_task_end: parallel_id=0 thread_num=7
[OMPT] implicit_task_begin: parallel_id=281474976710721 thread_num=4 team_size=32
[OMPT] implicit_task_begin: parallel_id=281474976710721 thread_num=7 team_size=32
[OMPT] implicit_task_begin: parallel_id=281474976710721 thread_num=18 team_size=32
[OMPT] implicit_task_end: parallel_id=0 thread_num=17
[OMPT] implicit_task_begin: parallel_id=281474976710721 thread_num=17 team_size=32
[OMPT] implicit_task_begin: parallel_id=281474976710721 thread_num=14 team_size=32
[OMPT] implicit_task_end: parallel_id=0 thread_num=25
[OMPT] implicit_task_end: parallel_id=0 thread_num=26
[OMPT] implicit_task_begin: parallel_id=281474976710721 thread_num=24 team_size=32
[OMPT] implicit_task_begin: parallel_id=281474976710721 thread_num=25 team_size=32
[OMPT] implicit_task_begin: parallel_id=281474976710721 thread_num=26 team_size=32
[OMPT] implicit_task_end: parallel_id=0 thread_num=19
[OMPT] implicit_task_end: parallel_id=0 thread_num=29
[OMPT] implicit_task_end: parallel_id=0 thread_num=31
[OMPT] implicit_task_begin: parallel_id=281474976710721 thread_num=29 team_size=32
[OMPT] implicit_task_end: parallel_id=0 thread_num=20
[OMPT] implicit_task_begin: parallel_id=281474976710721 thread_num=31 team_size=32
[OMPT] implicit_task_end: parallel_id=0 thread_num=22
[OMPT] implicit_task_begin: parallel_id=281474976710721 thread_num=10 team_size=32
[OMPT] implicit_task_begin: parallel_id=281474976710721 thread_num=22 team_size=32
[OMPT] implicit_task_end: parallel_id=0 thread_num=6
[OMPT] implicit_task_end: parallel_id=0 thread_num=15
[OMPT] implicit_task_begin: parallel_id=281474976710721 thread_num=9 team_size=32
[OMPT] implicit_task_begin: parallel_id=281474976710721 thread_num=15 team_size=32
[OMPT] implicit_task_begin: parallel_id=281474976710721 thread_num=27 team_size=32
[OMPT] implicit_task_begin: parallel_id=281474976710721 thread_num=19 team_size=32
[OMPT] implicit_task_end: parallel_id=0 thread_num=21
[OMPT] implicit_task_begin: parallel_id=281474976710721 thread_num=21 team_size=32
[OMPT] implicit_task_end: parallel_id=0 thread_num=23
[OMPT] implicit_task_begin: parallel_id=281474976710721 thread_num=23 team_size=32
[OMPT] implicit_task_begin: parallel_id=281474976710721 thread_num=20 team_size=32
[OMPT] implicit_task_end: parallel_id=0 thread_num=5
[OMPT] implicit_task_begin: parallel_id=281474976710721 thread_num=5 team_size=32
[OMPT] implicit_task_begin: parallel_id=281474976710721 thread_num=6 team_size=32
[OMPT] implicit_task_begin: parallel_id=281474976710721 thread_num=11 team_size=32
[OMPT] implicit_task_end: parallel_id=0 thread_num=0
[OMPT] parallel_end: parallel_id=281474976710721
[OMPT] parallel_begin: parallel_id=281474976710723 team_size=32
[OMPT] implicit_task_end: parallel_id=0 thread_num=16
[OMPT] implicit_task_end: parallel_id=0 thread_num=1
[OMPT] implicit_task_end: parallel_id=0 thread_num=28
[OMPT] implicit_task_end: parallel_id=0 thread_num=8
[OMPT] implicit_task_begin: parallel_id=281474976710723 thread_num=16 team_size=32
[OMPT] implicit_task_end: parallel_id=0 thread_num=30
[OMPT] implicit_task_end: parallel_id=0 thread_num=10
[OMPT] implicit_task_begin: parallel_id=281474976710723 thread_num=28 team_size=32
[OMPT] implicit_task_end: parallel_id=0 thread_num=2
[OMPT] implicit_task_end: parallel_id=0 thread_num=17
[OMPT] implicit_task_begin: parallel_id=281474976710723 thread_num=10 team_size=32
[OMPT] implicit_task_end: parallel_id=0 thread_num=20
[OMPT] implicit_task_end: parallel_id=0 thread_num=23
[OMPT] implicit_task_end: parallel_id=0 thread_num=12
[OMPT] implicit_task_begin: parallel_id=281474976710723 thread_num=20 team_size=32
[OMPT] implicit_task_end: parallel_id=0 thread_num=15
[OMPT] implicit_task_end: parallel_id=0 thread_num=31
[OMPT] implicit_task_end: parallel_id=0 thread_num=29
[OMPT] implicit_task_begin: parallel_id=281474976710723 thread_num=23 team_size=32
[OMPT] implicit_task_end: parallel_id=0 thread_num=9
[OMPT] implicit_task_begin: parallel_id=281474976710723 thread_num=0 team_size=32
[OMPT] implicit_task_begin: parallel_id=281474976710723 thread_num=12 team_size=32
[OMPT] implicit_task_begin: parallel_id=281474976710723 thread_num=8 team_size=32
[OMPT] implicit_task_begin: parallel_id=281474976710723 thread_num=31 team_size=32
[OMPT] implicit_task_begin: parallel_id=281474976710723 thread_num=9 team_size=32
[OMPT] implicit_task_begin: parallel_id=281474976710723 thread_num=29 team_size=32
[OMPT] implicit_task_end: parallel_id=0 thread_num=18
[OMPT] implicit_task_end: parallel_id=0 thread_num=22
[OMPT] implicit_task_begin: parallel_id=281474976710723 thread_num=1 team_size=32
[OMPT] implicit_task_end: parallel_id=0 thread_num=21
[OMPT] implicit_task_begin: parallel_id=281474976710723 thread_num=30 team_size=32
[OMPT] implicit_task_begin: parallel_id=281474976710723 thread_num=21 team_size=32
[OMPT] implicit_task_end: parallel_id=0 thread_num=19
[OMPT] implicit_task_end: parallel_id=0 thread_num=14
[OMPT] implicit_task_end: parallel_id=0 thread_num=4
[OMPT] implicit_task_end: parallel_id=0 thread_num=11
[OMPT] implicit_task_end: parallel_id=0 thread_num=6
[OMPT] implicit_task_begin: parallel_id=281474976710723 thread_num=4 team_size=32
[OMPT] implicit_task_end: parallel_id=0 thread_num=3
[OMPT] implicit_task_begin: parallel_id=281474976710723 thread_num=17 team_size=32
[OMPT] implicit_task_begin: parallel_id=281474976710723 thread_num=6 team_size=32
[OMPT] implicit_task_begin: parallel_id=281474976710723 thread_num=3 team_size=32
[OMPT] implicit_task_begin: parallel_id=281474976710723 thread_num=2 team_size=32
[OMPT] implicit_task_begin: parallel_id=281474976710723 thread_num=18 team_size=32
[OMPT] implicit_task_end: parallel_id=0 thread_num=13
[OMPT] implicit_task_begin: parallel_id=281474976710723 thread_num=19 team_size=32
[OMPT] implicit_task_begin: parallel_id=281474976710723 thread_num=13 team_size=32
[OMPT] implicit_task_end: parallel_id=0 thread_num=7
[OMPT] implicit_task_end: parallel_id=0 thread_num=5
[OMPT] implicit_task_begin: parallel_id=281474976710723 thread_num=7 team_size=32
[OMPT] implicit_task_begin: parallel_id=281474976710723 thread_num=14 team_size=32
[OMPT] implicit_task_begin: parallel_id=281474976710723 thread_num=5 team_size=32
[OMPT] implicit_task_end: parallel_id=0 thread_num=24
[OMPT] implicit_task_begin: parallel_id=281474976710723 thread_num=11 team_size=32
[OMPT] implicit_task_end: parallel_id=0 thread_num=25
[OMPT] implicit_task_begin: parallel_id=281474976710723 thread_num=15 team_size=32
[OMPT] implicit_task_begin: parallel_id=281474976710723 thread_num=25 team_size=32
[OMPT] implicit_task_end: parallel_id=0 thread_num=27
[OMPT] implicit_task_begin: parallel_id=281474976710723 thread_num=27 team_size=32
[OMPT] implicit_task_begin: parallel_id=281474976710723 thread_num=22 team_size=32
[OMPT] implicit_task_begin: parallel_id=281474976710723 thread_num=24 team_size=32
[OMPT] implicit_task_end: parallel_id=0 thread_num=26
[OMPT] implicit_task_begin: parallel_id=281474976710723 thread_num=26 team_size=32
[OMPT] implicit_task_end: parallel_id=0 thread_num=0
[OMPT] parallel_end: parallel_id=281474976710723
[OMPT] parallel_begin: parallel_id=281474976710725 team_size=32
[OMPT] implicit_task_end: parallel_id=0 thread_num=12
[OMPT] implicit_task_end: parallel_id=0 thread_num=1
[OMPT] implicit_task_begin: parallel_id=281474976710725 thread_num=12 team_size=32
[OMPT] implicit_task_begin: parallel_id=281474976710725 thread_num=1 team_size=32
[OMPT] implicit_task_end: parallel_id=0 thread_num=8
[OMPT] implicit_task_end: parallel_id=0 thread_num=11
[OMPT] implicit_task_begin: parallel_id=281474976710725 thread_num=8 team_size=32
[OMPT] implicit_task_end: parallel_id=0 thread_num=3
[OMPT] implicit_task_begin: parallel_id=281474976710725 thread_num=0 team_size=32
[OMPT] implicit_task_end: parallel_id=0 thread_num=14
[OMPT] implicit_task_end: parallel_id=0 thread_num=15
[OMPT] implicit_task_end: parallel_id=0 thread_num=13
[OMPT] implicit_task_end: parallel_id=0 thread_num=16
[OMPT] implicit_task_begin: parallel_id=281474976710725 thread_num=15 team_size=32
[OMPT] implicit_task_end: parallel_id=0 thread_num=18
[OMPT] implicit_task_end: parallel_id=0 thread_num=9
[OMPT] implicit_task_end: parallel_id=0 thread_num=2
[OMPT] implicit_task_begin: parallel_id=281474976710725 thread_num=11 team_size=32
[OMPT] implicit_task_begin: parallel_id=281474976710725 thread_num=2 team_size=32
[OMPT] implicit_task_begin: parallel_id=281474976710725 thread_num=3 team_size=32
[OMPT] implicit_task_end: parallel_id=0 thread_num=4
[OMPT] implicit_task_end: parallel_id=0 thread_num=7
[OMPT] implicit_task_begin: parallel_id=281474976710725 thread_num=4 team_size=32
[OMPT] implicit_task_begin: parallel_id=281474976710725 thread_num=7 team_size=32
[OMPT] implicit_task_end: parallel_id=0 thread_num=24
[OMPT] implicit_task_end: parallel_id=0 thread_num=27
[OMPT] implicit_task_end: parallel_id=0 thread_num=19
[OMPT] implicit_task_end: parallel_id=0 thread_num=17
[OMPT] implicit_task_begin: parallel_id=281474976710725 thread_num=27 team_size=32
[OMPT] implicit_task_begin: parallel_id=281474976710725 thread_num=13 team_size=32
[OMPT] implicit_task_begin: parallel_id=281474976710725 thread_num=16 team_size=32
[OMPT] implicit_task_end: parallel_id=0 thread_num=10
[OMPT] implicit_task_begin: parallel_id=281474976710725 thread_num=17 team_size=32
[OMPT] implicit_task_begin: parallel_id=281474976710725 thread_num=9 team_size=32
[OMPT] implicit_task_begin: parallel_id=281474976710725 thread_num=10 team_size=32
[OMPT] implicit_task_begin: parallel_id=281474976710725 thread_num=18 team_size=32
[OMPT] implicit_task_begin: parallel_id=281474976710725 thread_num=14 team_size=32
[OMPT] implicit_task_end: parallel_id=0 thread_num=6
[OMPT] implicit_task_end: parallel_id=0 thread_num=28
[OMPT] implicit_task_end: parallel_id=0 thread_num=31
[OMPT] implicit_task_end: parallel_id=0 thread_num=20
[OMPT] implicit_task_end: parallel_id=0 thread_num=21
[OMPT] implicit_task_end: parallel_id=0 thread_num=26
[OMPT] implicit_task_end: parallel_id=0 thread_num=25
[OMPT] implicit_task_begin: parallel_id=281474976710725 thread_num=31 team_size=32
[OMPT] implicit_task_begin: parallel_id=281474976710725 thread_num=20 team_size=32
[OMPT] implicit_task_end: parallel_id=0 thread_num=5
[OMPT] implicit_task_begin: parallel_id=281474976710725 thread_num=21 team_size=32
[OMPT] implicit_task_end: parallel_id=0 thread_num=30
[OMPT] implicit_task_begin: parallel_id=281474976710725 thread_num=25 team_size=32
[OMPT] implicit_task_begin: parallel_id=281474976710725 thread_num=5 team_size=32
[OMPT] implicit_task_begin: parallel_id=281474976710725 thread_num=30 team_size=32
[OMPT] implicit_task_end: parallel_id=0 thread_num=23
[OMPT] implicit_task_begin: parallel_id=281474976710725 thread_num=23 team_size=32
[OMPT] implicit_task_end: parallel_id=0 thread_num=22
[OMPT] implicit_task_begin: parallel_id=281474976710725 thread_num=22 team_size=32
[OMPT] implicit_task_begin: parallel_id=281474976710725 thread_num=6 team_size=32
[OMPT] implicit_task_begin: parallel_id=281474976710725 thread_num=24 team_size=32
[OMPT] implicit_task_begin: parallel_id=281474976710725 thread_num=19 team_size=32
[OMPT] implicit_task_begin: parallel_id=281474976710725 thread_num=28 team_size=32
[OMPT] implicit_task_begin: parallel_id=281474976710725 thread_num=26 team_size=32
[OMPT] implicit_task_end: parallel_id=0 thread_num=29
[OMPT] implicit_task_begin: parallel_id=281474976710725 thread_num=29 team_size=32
[OMPT] implicit_task_end: parallel_id=0 thread_num=0
[OMPT] parallel_end: parallel_id=281474976710725
[OMPT] parallel_begin: parallel_id=281474976710727 team_size=32
[OMPT] implicit_task_end: parallel_id=0 thread_num=12
[OMPT] implicit_task_end: parallel_id=0 thread_num=1
[OMPT] implicit_task_end: parallel_id=0 thread_num=13
[OMPT] implicit_task_end: parallel_id=0 thread_num=8
[OMPT] implicit_task_end: parallel_id=0 thread_num=16
[OMPT] implicit_task_end: parallel_id=0 thread_num=2
[OMPT] implicit_task_begin: parallel_id=281474976710727 thread_num=8 team_size=32
[OMPT] implicit_task_end: parallel_id=0 thread_num=3
[OMPT] implicit_task_begin: parallel_id=281474976710727 thread_num=0 team_size=32
[OMPT] implicit_task_begin: parallel_id=281474976710727 thread_num=2 team_size=32
[OMPT] implicit_task_end: parallel_id=0 thread_num=15
[OMPT] implicit_task_begin: parallel_id=281474976710727 thread_num=15 team_size=32
[OMPT] implicit_task_end: parallel_id=0 thread_num=4
[OMPT] implicit_task_end: parallel_id=0 thread_num=7
[OMPT] implicit_task_end: parallel_id=0 thread_num=5
[OMPT] implicit_task_end: parallel_id=0 thread_num=10
[OMPT] implicit_task_end: parallel_id=0 thread_num=9
[OMPT] implicit_task_begin: parallel_id=281474976710727 thread_num=13 team_size=32
[OMPT] implicit_task_end: parallel_id=0 thread_num=17
[OMPT] implicit_task_begin: parallel_id=281474976710727 thread_num=5 team_size=32
[OMPT] implicit_task_end: parallel_id=0 thread_num=24
[OMPT] implicit_task_end: parallel_id=0 thread_num=20
[OMPT] implicit_task_begin: parallel_id=281474976710727 thread_num=24 team_size=32
[OMPT] implicit_task_begin: parallel_id=281474976710727 thread_num=17 team_size=32
[OMPT] implicit_task_end: parallel_id=0 thread_num=23
[OMPT] implicit_task_end: parallel_id=0 thread_num=14
[OMPT] implicit_task_begin: parallel_id=281474976710727 thread_num=12 team_size=32
[OMPT] implicit_task_begin: parallel_id=281474976710727 thread_num=3 team_size=32
[OMPT] implicit_task_end: parallel_id=0 thread_num=6
[OMPT] implicit_task_begin: parallel_id=281474976710727 thread_num=23 team_size=32
[OMPT] implicit_task_begin: parallel_id=281474976710727 thread_num=14 team_size=32
[OMPT] implicit_task_begin: parallel_id=281474976710727 thread_num=1 team_size=32
[OMPT] implicit_task_begin: parallel_id=281474976710727 thread_num=6 team_size=32
[OMPT] implicit_task_end: parallel_id=0 thread_num=11
[OMPT] implicit_task_begin: parallel_id=281474976710727 thread_num=7 team_size=32
[OMPT] implicit_task_begin: parallel_id=281474976710727 thread_num=9 team_size=32
[OMPT] implicit_task_end: parallel_id=0 thread_num=18
[OMPT] implicit_task_begin: parallel_id=281474976710727 thread_num=18 team_size=32
[OMPT] implicit_task_begin: parallel_id=281474976710727 thread_num=10 team_size=32
[OMPT] implicit_task_end: parallel_id=0 thread_num=27
[OMPT] implicit_task_begin: parallel_id=281474976710727 thread_num=27 team_size=32
[OMPT] implicit_task_end: parallel_id=0 thread_num=26
[OMPT] implicit_task_begin: parallel_id=281474976710727 thread_num=26 team_size=32
[OMPT] implicit_task_end: parallel_id=0 thread_num=25
[OMPT] implicit_task_end: parallel_id=0 thread_num=19
[OMPT] implicit_task_begin: parallel_id=281474976710727 thread_num=25 team_size=32
[OMPT] implicit_task_begin: parallel_id=281474976710727 thread_num=19 team_size=32
[OMPT] implicit_task_end: parallel_id=0 thread_num=21
[OMPT] implicit_task_begin: parallel_id=281474976710727 thread_num=21 team_size=32
[OMPT] implicit_task_end: parallel_id=0 thread_num=22
[OMPT] implicit_task_begin: parallel_id=281474976710727 thread_num=16 team_size=32
[OMPT] implicit_task_end: parallel_id=0 thread_num=28
[OMPT] implicit_task_end: parallel_id=0 thread_num=31
[OMPT] implicit_task_begin: parallel_id=281474976710727 thread_num=20 team_size=32
[OMPT] implicit_task_begin: parallel_id=281474976710727 thread_num=28 team_size=32
[OMPT] implicit_task_begin: parallel_id=281474976710727 thread_num=4 team_size=32
[OMPT] implicit_task_begin: parallel_id=281474976710727 thread_num=31 team_size=32
[OMPT] implicit_task_begin: parallel_id=281474976710727 thread_num=22 team_size=32
[OMPT] implicit_task_end: parallel_id=0 thread_num=30
[OMPT] implicit_task_begin: parallel_id=281474976710727 thread_num=30 team_size=32
[OMPT] implicit_task_end: parallel_id=0 thread_num=29
[OMPT] implicit_task_begin: parallel_id=281474976710727 thread_num=11 team_size=32
[OMPT] implicit_task_begin: parallel_id=281474976710727 thread_num=29 team_size=32
[OMPT][WIN100ms] ompt_id=281474976710657 tid=1054906 tipo=ompt_thread_initial    cpu=150 numa=0  d_rm= 1961605  d_instr= 369863641  d_cyc= 556217141  d_all=16626131  IPC=0.665  ratio_rm=0.1180
[OMPT][WIN100ms] ompt_id=562949953421313 tid=1054928 tipo=ompt_thread_worker     cpu=159 numa=0  d_rm= 1906368  d_instr= 379070441  d_cyc= 555017458  d_all=16439863  IPC=0.683  ratio_rm=0.1160
[OMPT][WIN100ms] ompt_id=844424930131969 tid=1054929 tipo=ompt_thread_worker     cpu= 66 numa=1  d_rm= 2109735  d_instr= 310654613  d_cyc= 564146609  d_all=16698548  IPC=0.551  ratio_rm=0.1263
[OMPT][WIN100ms] ompt_id=1125899906842625 tid=1054930 tipo=ompt_thread_worker     cpu=  8 numa=0  d_rm= 1902016  d_instr= 379728050  d_cyc= 554785728  d_all=16831437  IPC=0.684  ratio_rm=0.1130
[OMPT][WIN100ms] ompt_id=1407374883553281 tid=1054931 tipo=ompt_thread_worker     cpu=121 numa=1  d_rm= 2025744  d_instr= 370623314  d_cyc= 554377225  d_all=16763931  IPC=0.669  ratio_rm=0.1208
[OMPT][WIN100ms] ompt_id=1688849860263937 tid=1054932 tipo=ompt_thread_worker     cpu=208 numa=1  d_rm= 2002126  d_instr= 380706961  d_cyc= 554051521  d_all=16740101  IPC=0.687  ratio_rm=0.1196
[OMPT][WIN100ms] ompt_id=1970324836974593 tid=1054933 tipo=ompt_thread_worker     cpu= 87 numa=1  d_rm= 2009315  d_instr= 382328570  d_cyc= 554169892  d_all=16828404  IPC=0.690  ratio_rm=0.1194
[OMPT][WIN100ms] ompt_id=2251799813685249 tid=1054935 tipo=ompt_thread_worker     cpu= 97 numa=1  d_rm= 2018276  d_instr= 382624665  d_cyc= 555971283  d_all=17402105  IPC=0.688  ratio_rm=0.1160
[OMPT][WIN100ms] ompt_id=2533274790395905 tid=1054934 tipo=ompt_thread_worker     cpu=139 numa=0  d_rm= 1968796  d_instr= 381782166  d_cyc= 554531459  d_all=17098455  IPC=0.688  ratio_rm=0.1151
[OMPT] implicit_task_end: parallel_id=0 thread_num=0
[OMPT] parallel_end: parallel_id=281474976710727
[OMPT] parallel_begin: parallel_id=281474976710729 team_size=32
[OMPT] implicit_task_end: parallel_id=0 thread_num=16
[OMPT] implicit_task_end: parallel_id=0 thread_num=1
[OMPT] implicit_task_end: parallel_id=0 thread_num=20
[OMPT] implicit_task_end: parallel_id=0 thread_num=8
[OMPT] implicit_task_end: parallel_id=0 thread_num=21
[OMPT] implicit_task_end: parallel_id=0 thread_num=12
[OMPT] implicit_task_end: parallel_id=0 thread_num=4
[OMPT] implicit_task_end: parallel_id=0 thread_num=14
[OMPT] implicit_task_end: parallel_id=0 thread_num=24
[OMPT] implicit_task_end: parallel_id=0 thread_num=19
[OMPT] implicit_task_end: parallel_id=0 thread_num=25
[OMPT] implicit_task_end: parallel_id=0 thread_num=17
[OMPT] implicit_task_end: parallel_id=0 thread_num=22
[OMPT] implicit_task_end: parallel_id=0 thread_num=2
[OMPT] implicit_task_end: parallel_id=0 thread_num=11
[OMPT] implicit_task_end: parallel_id=0 thread_num=10
[OMPT] implicit_task_end: parallel_id=0 thread_num=9
[OMPT] implicit_task_end: parallel_id=0 thread_num=15
[OMPT] implicit_task_end: parallel_id=0 thread_num=3
[OMPT] implicit_task_end: parallel_id=0 thread_num=13
[OMPT] implicit_task_end: parallel_id=0 thread_num=7
[OMPT] implicit_task_end: parallel_id=0 thread_num=28
[OMPT] implicit_task_end: parallel_id=0 thread_num=30
[OMPT] implicit_task_end: parallel_id=0 thread_num=6
[OMPT] implicit_task_end: parallel_id=0 thread_num=26
[OMPT] implicit_task_end: parallel_id=0 thread_num=27
[OMPT] implicit_task_end: parallel_id=0 thread_num=18
[OMPT] implicit_task_end: parallel_id=0 thread_num=23
[OMPT] implicit_task_end: parallel_id=0 thread_num=29
[OMPT] implicit_task_end: parallel_id=0 thread_num=31
[OMPT] implicit_task_end: parallel_id=0 thread_num=5
[OMPT][WIN100ms] ompt_id=2814749767106561 tid=1054937 tipo=ompt_thread_worker     cpu=113 numa=1  d_rm= 1918808  d_instr= 366495343  d_cyc= 553363799  d_all=16419130  IPC=0.662  ratio_rm=0.1169
[OMPT][WIN100ms] ompt_id=3096224743817217 tid=1054936 tipo=ompt_thread_worker     cpu=  0 numa=0  d_rm= 1932096  d_instr= 373027952  d_cyc= 551025710  d_all=16594146  IPC=0.677  ratio_rm=0.1164
[OMPT][WIN100ms] ompt_id=3377699720527873 tid=1054938 tipo=ompt_thread_worker     cpu=231 numa=1  d_rm= 1972276  d_instr= 372542080  d_cyc= 549019166  d_all=16596538  IPC=0.679  ratio_rm=0.1188
[OMPT][WIN100ms] ompt_id=3940649673949185 tid=1054940 tipo=ompt_thread_worker     cpu= 45 numa=0  d_rm= 1905054  d_instr= 368854906  d_cyc= 551065377  d_all=16185508  IPC=0.669  ratio_rm=0.1177
[OMPT][WIN100ms] ompt_id=3659174697238529 tid=1054939 tipo=ompt_thread_worker     cpu= 56 numa=0  d_rm= 1920028  d_instr= 378065749  d_cyc= 551737680  d_all=16372225  IPC=0.685  ratio_rm=0.1173
[OMPT][WIN100ms] ompt_id=4222124650659841 tid=1054942 tipo=ompt_thread_worker     cpu=191 numa=0  d_rm= 1933089  d_instr= 378157171  d_cyc= 549899340  d_all=16625016  IPC=0.688  ratio_rm=0.1163
[OMPT][WIN100ms] ompt_id=4503599627370497 tid=1054941 tipo=ompt_thread_worker     cpu= 64 numa=1  d_rm= 1993533  d_instr= 305221199  d_cyc= 559079623  d_all=16323081  IPC=0.546  ratio_rm=0.1221
[OMPT][WIN100ms] ompt_id=4785074604081153 tid=1054944 tipo=ompt_thread_worker     cpu= 21 numa=0  d_rm= 2004339  d_instr= 370183366  d_cyc= 551562349  d_all=16718088  IPC=0.671  ratio_rm=0.1199
[OMPT][WIN100ms] ompt_id=5066549580791809 tid=1054943 tipo=ompt_thread_worker     cpu=120 numa=1  d_rm= 1935129  d_instr= 369234083  d_cyc= 551564514  d_all=16713974  IPC=0.669  ratio_rm=0.1158
[OMPT][WIN100ms] ompt_id=5348024557502465 tid=1054945 tipo=ompt_thread_worker     cpu=  1 numa=0  d_rm= 1948017  d_instr= 372536900  d_cyc= 549675897  d_all=16321355  IPC=0.678  ratio_rm=0.1194
[OMPT][WIN100ms] ompt_id=5629499534213121 tid=1054946 tipo=ompt_thread_worker     cpu= 89 numa=1  d_rm= 1926267  d_instr= 373289952  d_cyc= 548313849  d_all=16425324  IPC=0.681  ratio_rm=0.1173
[OMPT][WIN100ms] ompt_id=5910974510923777 tid=1054947 tipo=ompt_thread_worker     cpu= 88 numa=1  d_rm= 1917879  d_instr= 380572125  d_cyc= 548582921  d_all=16477833  IPC=0.694  ratio_rm=0.1164
[OMPT][WIN100ms] ompt_id=6192449487634433 tid=1054948 tipo=ompt_thread_worker     cpu= 37 numa=0  d_rm= 1918926  d_instr= 376822086  d_cyc= 551713931  d_all=16359322  IPC=0.683  ratio_rm=0.1173
[OMPT][WIN100ms] ompt_id=6473924464345089 tid=1054949 tipo=ompt_thread_worker     cpu= 65 numa=1  d_rm= 2075970  d_instr= 308572946  d_cyc= 559319610  d_all=16342830  IPC=0.552  ratio_rm=0.1270
[OMPT][WIN100ms] ompt_id=6755399441055745 tid=1054950 tipo=ompt_thread_worker     cpu=237 numa=1  d_rm= 2092433  d_instr= 315722430  d_cyc= 558672775  d_all=16379748  IPC=0.565  ratio_rm=0.1277
[OMPT][WIN100ms] ompt_id=7036874417766401 tid=1054951 tipo=ompt_thread_worker     cpu=112 numa=1  d_rm= 2010894  d_instr= 370899703  d_cyc= 549234839  d_all=16447651  IPC=0.675  ratio_rm=0.1223
[OMPT][WIN100ms] ompt_id=7318349394477057 tid=1054952 tipo=ompt_thread_worker     cpu=239 numa=1  d_rm= 2113765  d_instr= 316978638  d_cyc= 558307345  d_all=16359531  IPC=0.568  ratio_rm=0.1292
[OMPT][WIN100ms] ompt_id=7599824371187713 tid=1054953 tipo=ompt_thread_worker     cpu= 38 numa=0  d_rm= 1918931  d_instr= 377810620  d_cyc= 549396336  d_all=16478099  IPC=0.688  ratio_rm=0.1165
[OMPT][WIN100ms] ompt_id=7881299347898369 tid=1054954 tipo=ompt_thread_worker     cpu= 46 numa=0  d_rm= 1907617  d_instr= 372203815  d_cyc= 550723074  d_all=16707510  IPC=0.676  ratio_rm=0.1142
[OMPT][WIN100ms] ompt_id=8162774324609025 tid=1054955 tipo=ompt_thread_worker     cpu= 72 numa=1  d_rm= 1948072  d_instr= 371083154  d_cyc= 550171495  d_all=16543575  IPC=0.674  ratio_rm=0.1178
[OMPT][WIN100ms] ompt_id=8444249301319681 tid=1054956 tipo=ompt_thread_worker     cpu=236 numa=1  d_rm= 1989610  d_instr= 312752191  d_cyc= 558741439  d_all=16487975  IPC=0.560  ratio_rm=0.1207
[OMPT][WIN100ms] ompt_id=8725724278030337 tid=1054957 tipo=ompt_thread_worker     cpu= 25 numa=0  d_rm= 1924403  d_instr= 379004650  d_cyc= 551593818  d_all=16404333  IPC=0.687  ratio_rm=0.1173
[OMPT][WIN100ms] ompt_id=9007199254740993 tid=1054958 tipo=ompt_thread_worker     cpu= 73 numa=1  d_rm= 1949122  d_instr= 370500935  d_cyc= 551764719  d_all=16574078  IPC=0.671  ratio_rm=0.1176
[OMPT] implicit_task_begin: parallel_id=281474976710729 thread_num=3 team_size=32
[OMPT] implicit_task_begin: parallel_id=281474976710729 thread_num=27 team_size=32
[OMPT] implicit_task_begin: parallel_id=281474976710729 thread_num=13 team_size=32
[OMPT] implicit_task_begin: parallel_id=281474976710729 thread_num=11 team_size=32
[OMPT] implicit_task_begin: parallel_id=281474976710729 thread_num=8 team_size=32
[OMPT] implicit_task_begin: parallel_id=281474976710729 thread_num=1 team_size=32
[OMPT] implicit_task_begin: parallel_id=281474976710729 thread_num=30 team_size=32
[OMPT] implicit_task_begin: parallel_id=281474976710729 thread_num=9 team_size=32
[OMPT] implicit_task_begin: parallel_id=281474976710729 thread_num=18 team_size=32
[OMPT] implicit_task_begin: parallel_id=281474976710729 thread_num=2 team_size=32
[OMPT] implicit_task_begin: parallel_id=281474976710729 thread_num=14 team_size=32
[OMPT] implicit_task_begin: parallel_id=281474976710729 thread_num=22 team_size=32
[OMPT] implicit_task_begin: parallel_id=281474976710729 thread_num=29 team_size=32
[OMPT] implicit_task_begin: parallel_id=281474976710729 thread_num=25 team_size=32
[OMPT] implicit_task_begin: parallel_id=281474976710729 thread_num=23 team_size=32
[OMPT] implicit_task_begin: parallel_id=281474976710729 thread_num=6 team_size=32
[OMPT] implicit_task_begin: parallel_id=281474976710729 thread_num=5 team_size=32
[OMPT] implicit_task_begin: parallel_id=281474976710729 thread_num=24 team_size=32
[OMPT] implicit_task_begin: parallel_id=281474976710729 thread_num=0 team_size=32
[OMPT] implicit_task_begin: parallel_id=281474976710729 thread_num=10 team_size=32
[OMPT] implicit_task_begin: parallel_id=281474976710729 thread_num=15 team_size=32
[OMPT] implicit_task_begin: parallel_id=281474976710729 thread_num=7 team_size=32
[OMPT] implicit_task_begin: parallel_id=281474976710729 thread_num=19 team_size=32
[OMPT] implicit_task_begin: parallel_id=281474976710729 thread_num=26 team_size=32
[OMPT] implicit_task_begin: parallel_id=281474976710729 thread_num=12 team_size=32
[OMPT] implicit_task_begin: parallel_id=281474976710729 thread_num=20 team_size=32
[OMPT] implicit_task_begin: parallel_id=281474976710729 thread_num=31 team_size=32
[OMPT] implicit_task_begin: parallel_id=281474976710729 thread_num=21 team_size=32
[OMPT] implicit_task_begin: parallel_id=281474976710729 thread_num=16 team_size=32
[OMPT] implicit_task_begin: parallel_id=281474976710729 thread_num=17 team_size=32
[OMPT] implicit_task_begin: parallel_id=281474976710729 thread_num=28 team_size=32
[OMPT] implicit_task_begin: parallel_id=281474976710729 thread_num=4 team_size=32
[OMPT] implicit_task_end: parallel_id=0 thread_num=0
[OMPT] parallel_end: parallel_id=281474976710729
[OMPT] parallel_begin: parallel_id=281474976710731 team_size=32
[OMPT] implicit_task_end: parallel_id=0 thread_num=12
[OMPT] implicit_task_end: parallel_id=0 thread_num=4
[OMPT] implicit_task_end: parallel_id=0 thread_num=15
[OMPT] implicit_task_end: parallel_id=0 thread_num=7
[OMPT] implicit_task_end: parallel_id=0 thread_num=3
[OMPT] implicit_task_end: parallel_id=0 thread_num=16
[OMPT] implicit_task_begin: parallel_id=281474976710731 thread_num=15 team_size=32
[OMPT] implicit_task_begin: parallel_id=281474976710731 thread_num=7 team_size=32
[OMPT] implicit_task_begin: parallel_id=281474976710731 thread_num=16 team_size=32
[OMPT] implicit_task_begin: parallel_id=281474976710731 thread_num=0 team_size=32
[OMPT] implicit_task_begin: parallel_id=281474976710731 thread_num=3 team_size=32
[OMPT] implicit_task_end: parallel_id=0 thread_num=14
[OMPT] implicit_task_end: parallel_id=0 thread_num=5
[OMPT] implicit_task_begin: parallel_id=281474976710731 thread_num=14 team_size=32
[OMPT] implicit_task_begin: parallel_id=281474976710731 thread_num=4 team_size=32
[OMPT] implicit_task_begin: parallel_id=281474976710731 thread_num=5 team_size=32
[OMPT] implicit_task_end: parallel_id=0 thread_num=18
[OMPT] implicit_task_begin: parallel_id=281474976710731 thread_num=18 team_size=32
[OMPT] implicit_task_end: parallel_id=0 thread_num=19
[OMPT] implicit_task_end: parallel_id=0 thread_num=20
[OMPT] implicit_task_begin: parallel_id=281474976710731 thread_num=19 team_size=32
[OMPT] implicit_task_end: parallel_id=0 thread_num=23
[OMPT] implicit_task_end: parallel_id=0 thread_num=28
[OMPT] implicit_task_end: parallel_id=0 thread_num=31
[OMPT] implicit_task_end: parallel_id=0 thread_num=2
[OMPT] implicit_task_end: parallel_id=0 thread_num=1
[OMPT] implicit_task_begin: parallel_id=281474976710731 thread_num=31 team_size=32
[OMPT] implicit_task_begin: parallel_id=281474976710731 thread_num=28 team_size=32
[OMPT] implicit_task_begin: parallel_id=281474976710731 thread_num=1 team_size=32
[OMPT] implicit_task_end: parallel_id=0 thread_num=13
[OMPT] implicit_task_end: parallel_id=0 thread_num=8
[OMPT] implicit_task_end: parallel_id=0 thread_num=11
[OMPT] implicit_task_end: parallel_id=0 thread_num=22
[OMPT] implicit_task_begin: parallel_id=281474976710731 thread_num=8 team_size=32
[OMPT] implicit_task_end: parallel_id=0 thread_num=21
[OMPT] implicit_task_begin: parallel_id=281474976710731 thread_num=22 team_size=32
[OMPT] implicit_task_begin: parallel_id=281474976710731 thread_num=21 team_size=32
[OMPT] implicit_task_end: parallel_id=0 thread_num=30
[OMPT] implicit_task_begin: parallel_id=281474976710731 thread_num=30 team_size=32
[OMPT] implicit_task_end: parallel_id=0 thread_num=29
[OMPT] implicit_task_begin: parallel_id=281474976710731 thread_num=29 team_size=32
[OMPT] implicit_task_end: parallel_id=0 thread_num=17
[OMPT] implicit_task_end: parallel_id=0 thread_num=6
[OMPT] implicit_task_begin: parallel_id=281474976710731 thread_num=23 team_size=32
[OMPT] implicit_task_begin: parallel_id=281474976710731 thread_num=12 team_size=32
[OMPT] implicit_task_begin: parallel_id=281474976710731 thread_num=6 team_size=32
[OMPT] implicit_task_begin: parallel_id=281474976710731 thread_num=13 team_size=32
[OMPT] implicit_task_end: parallel_id=0 thread_num=10
[OMPT] implicit_task_end: parallel_id=0 thread_num=9
[OMPT] implicit_task_begin: parallel_id=281474976710731 thread_num=20 team_size=32
[OMPT] implicit_task_begin: parallel_id=281474976710731 thread_num=10 team_size=32
[OMPT] implicit_task_begin: parallel_id=281474976710731 thread_num=11 team_size=32
[OMPT] implicit_task_end: parallel_id=0 thread_num=24
[OMPT] implicit_task_begin: parallel_id=281474976710731 thread_num=17 team_size=32
[OMPT] implicit_task_end: parallel_id=0 thread_num=25
[OMPT] implicit_task_begin: parallel_id=281474976710731 thread_num=9 team_size=32
[OMPT] implicit_task_begin: parallel_id=281474976710731 thread_num=25 team_size=32
[OMPT] implicit_task_begin: parallel_id=281474976710731 thread_num=2 team_size=32
[OMPT] implicit_task_end: parallel_id=0 thread_num=27
[OMPT] implicit_task_begin: parallel_id=281474976710731 thread_num=24 team_size=32
[OMPT] implicit_task_end: parallel_id=0 thread_num=26
[OMPT] implicit_task_begin: parallel_id=281474976710731 thread_num=26 team_size=32
[OMPT] implicit_task_begin: parallel_id=281474976710731 thread_num=27 team_size=32
[OMPT] implicit_task_end: parallel_id=0 thread_num=0
[OMPT] parallel_end: parallel_id=281474976710731
[OMPT] parallel_begin: parallel_id=281474976710733 team_size=32
[OMPT] implicit_task_end: parallel_id=0 thread_num=16
[OMPT] implicit_task_end: parallel_id=0 thread_num=1
[OMPT] implicit_task_end: parallel_id=0 thread_num=28
[OMPT] implicit_task_end: parallel_id=0 thread_num=31
[OMPT] implicit_task_end: parallel_id=0 thread_num=4
[OMPT] implicit_task_begin: parallel_id=281474976710733 thread_num=28 team_size=32
[OMPT] implicit_task_end: parallel_id=0 thread_num=7
[OMPT] implicit_task_begin: parallel_id=281474976710733 thread_num=4 team_size=32
[OMPT] implicit_task_end: parallel_id=0 thread_num=3
[OMPT] implicit_task_end: parallel_id=0 thread_num=17
[OMPT] implicit_task_end: parallel_id=0 thread_num=24
[OMPT] implicit_task_end: parallel_id=0 thread_num=18
[OMPT] implicit_task_end: parallel_id=0 thread_num=20
[OMPT] implicit_task_end: parallel_id=0 thread_num=19
[OMPT] implicit_task_end: parallel_id=0 thread_num=22
[OMPT] implicit_task_begin: parallel_id=281474976710733 thread_num=16 team_size=32
[OMPT] implicit_task_begin: parallel_id=281474976710733 thread_num=1 team_size=32
[OMPT] implicit_task_begin: parallel_id=281474976710733 thread_num=19 team_size=32
[OMPT] implicit_task_begin: parallel_id=281474976710733 thread_num=22 team_size=32
[OMPT] implicit_task_end: parallel_id=0 thread_num=12
[OMPT] implicit_task_end: parallel_id=0 thread_num=14
[OMPT] implicit_task_begin: parallel_id=281474976710733 thread_num=12 team_size=32
[OMPT] implicit_task_begin: parallel_id=281474976710733 thread_num=14 team_size=32
[OMPT] implicit_task_begin: parallel_id=281474976710733 thread_num=31 team_size=32
[OMPT] implicit_task_end: parallel_id=0 thread_num=5
[OMPT] implicit_task_begin: parallel_id=281474976710733 thread_num=7 team_size=32
[OMPT] implicit_task_begin: parallel_id=281474976710733 thread_num=0 team_size=32
[OMPT] implicit_task_begin: parallel_id=281474976710733 thread_num=5 team_size=32
[OMPT] implicit_task_begin: parallel_id=281474976710733 thread_num=3 team_size=32
[OMPT] implicit_task_begin: parallel_id=281474976710733 thread_num=17 team_size=32
[OMPT] implicit_task_end: parallel_id=0 thread_num=25
[OMPT] implicit_task_end: parallel_id=0 thread_num=27
[OMPT] implicit_task_begin: parallel_id=281474976710733 thread_num=25 team_size=32
[OMPT] implicit_task_end: parallel_id=0 thread_num=26
[OMPT] implicit_task_begin: parallel_id=281474976710733 thread_num=26 team_size=32
[OMPT] implicit_task_begin: parallel_id=281474976710733 thread_num=24 team_size=32
[OMPT] implicit_task_begin: parallel_id=281474976710733 thread_num=18 team_size=32
[OMPT] implicit_task_end: parallel_id=0 thread_num=23
[OMPT] implicit_task_begin: parallel_id=281474976710733 thread_num=23 team_size=32
[OMPT] implicit_task_end: parallel_id=0 thread_num=21
[OMPT] implicit_task_begin: parallel_id=281474976710733 thread_num=21 team_size=32
[OMPT] implicit_task_end: parallel_id=0 thread_num=8
[OMPT] implicit_task_end: parallel_id=0 thread_num=11
[OMPT] implicit_task_end: parallel_id=0 thread_num=30
[OMPT] implicit_task_begin: parallel_id=281474976710733 thread_num=8 team_size=32
[OMPT] implicit_task_begin: parallel_id=281474976710733 thread_num=11 team_size=32
[OMPT] implicit_task_begin: parallel_id=281474976710733 thread_num=30 team_size=32
[OMPT] implicit_task_end: parallel_id=0 thread_num=15
[OMPT] implicit_task_end: parallel_id=0 thread_num=13
[OMPT] implicit_task_end: parallel_id=0 thread_num=6
[OMPT] implicit_task_end: parallel_id=0 thread_num=2
[OMPT] implicit_task_begin: parallel_id=281474976710733 thread_num=27 team_size=32
[OMPT] implicit_task_begin: parallel_id=281474976710733 thread_num=6 team_size=32
[OMPT] implicit_task_end: parallel_id=0 thread_num=10
[OMPT] implicit_task_end: parallel_id=0 thread_num=9
[OMPT] implicit_task_end: parallel_id=0 thread_num=29
[OMPT] implicit_task_begin: parallel_id=281474976710733 thread_num=15 team_size=32
[OMPT] implicit_task_begin: parallel_id=281474976710733 thread_num=13 team_size=32
[OMPT] implicit_task_begin: parallel_id=281474976710733 thread_num=2 team_size=32
[OMPT] implicit_task_begin: parallel_id=281474976710733 thread_num=20 team_size=32
[OMPT] implicit_task_begin: parallel_id=281474976710733 thread_num=10 team_size=32
[OMPT] implicit_task_begin: parallel_id=281474976710733 thread_num=9 team_size=32
[OMPT] implicit_task_begin: parallel_id=281474976710733 thread_num=29 team_size=32
[OMPT] implicit_task_end: parallel_id=0 thread_num=0
[OMPT] parallel_end: parallel_id=281474976710733
[OMPT] parallel_begin: parallel_id=281474976710735 team_size=32
[OMPT] implicit_task_end: parallel_id=0 thread_num=12
[OMPT] implicit_task_end: parallel_id=0 thread_num=4
[OMPT] implicit_task_end: parallel_id=0 thread_num=15
[OMPT] implicit_task_end: parallel_id=0 thread_num=6
[OMPT] implicit_task_begin: parallel_id=281474976710735 thread_num=4 team_size=32
[OMPT] implicit_task_end: parallel_id=0 thread_num=3
[OMPT] implicit_task_begin: parallel_id=281474976710735 thread_num=6 team_size=32
[OMPT] implicit_task_begin: parallel_id=281474976710735 thread_num=15 team_size=32
[OMPT] implicit_task_begin: parallel_id=281474976710735 thread_num=0 team_size=32
[OMPT] implicit_task_end: parallel_id=0 thread_num=13
[OMPT] implicit_task_end: parallel_id=0 thread_num=14
[OMPT] implicit_task_end: parallel_id=0 thread_num=8
[OMPT] implicit_task_end: parallel_id=0 thread_num=11
[OMPT] implicit_task_end: parallel_id=0 thread_num=7
[OMPT] implicit_task_end: parallel_id=0 thread_num=5
[OMPT] implicit_task_begin: parallel_id=281474976710735 thread_num=8 team_size=32
[OMPT] implicit_task_end: parallel_id=0 thread_num=16
[OMPT] implicit_task_end: parallel_id=0 thread_num=2
[OMPT] implicit_task_end: parallel_id=0 thread_num=18
[OMPT] implicit_task_begin: parallel_id=281474976710735 thread_num=2 team_size=32
[OMPT] implicit_task_begin: parallel_id=281474976710735 thread_num=7 team_size=32
[OMPT] implicit_task_begin: parallel_id=281474976710735 thread_num=16 team_size=32
[OMPT] implicit_task_begin: parallel_id=281474976710735 thread_num=18 team_size=32
[OMPT] implicit_task_begin: parallel_id=281474976710735 thread_num=13 team_size=32
[OMPT] implicit_task_end: parallel_id=0 thread_num=10
[OMPT] implicit_task_begin: parallel_id=281474976710735 thread_num=12 team_size=32
[OMPT] implicit_task_begin: parallel_id=281474976710735 thread_num=11 team_size=32
[OMPT] implicit_task_begin: parallel_id=281474976710735 thread_num=10 team_size=32
[OMPT] implicit_task_end: parallel_id=0 thread_num=24
[OMPT] implicit_task_begin: parallel_id=281474976710735 thread_num=5 team_size=32
[OMPT] implicit_task_end: parallel_id=0 thread_num=25
[OMPT] implicit_task_end: parallel_id=0 thread_num=19
[OMPT] implicit_task_end: parallel_id=0 thread_num=20
[OMPT] implicit_task_end: parallel_id=0 thread_num=22
[OMPT] implicit_task_end: parallel_id=0 thread_num=1
[OMPT] implicit_task_begin: parallel_id=281474976710735 thread_num=3 team_size=32
[OMPT] implicit_task_begin: parallel_id=281474976710735 thread_num=14 team_size=32
[OMPT] implicit_task_end: parallel_id=0 thread_num=9
[OMPT] implicit_task_begin: parallel_id=281474976710735 thread_num=20 team_size=32
[OMPT] implicit_task_begin: parallel_id=281474976710735 thread_num=19 team_size=32
[OMPT] implicit_task_begin: parallel_id=281474976710735 thread_num=9 team_size=32
[OMPT] implicit_task_begin: parallel_id=281474976710735 thread_num=24 team_size=32
[OMPT] implicit_task_begin: parallel_id=281474976710735 thread_num=22 team_size=32
[OMPT] implicit_task_end: parallel_id=0 thread_num=17
[OMPT] implicit_task_end: parallel_id=0 thread_num=23
[OMPT] implicit_task_end: parallel_id=0 thread_num=21
[OMPT] implicit_task_begin: parallel_id=281474976710735 thread_num=23 team_size=32
[OMPT] implicit_task_begin: parallel_id=281474976710735 thread_num=25 team_size=32
[OMPT] implicit_task_begin: parallel_id=281474976710735 thread_num=21 team_size=32
[OMPT] implicit_task_end: parallel_id=0 thread_num=26
[OMPT] implicit_task_end: parallel_id=0 thread_num=27
[OMPT] implicit_task_begin: parallel_id=281474976710735 thread_num=1 team_size=32
[OMPT] implicit_task_begin: parallel_id=281474976710735 thread_num=27 team_size=32
[OMPT] implicit_task_begin: parallel_id=281474976710735 thread_num=17 team_size=32
[OMPT] implicit_task_end: parallel_id=0 thread_num=28
[OMPT] implicit_task_end: parallel_id=0 thread_num=31
[OMPT] implicit_task_begin: parallel_id=281474976710735 thread_num=26 team_size=32
[OMPT] implicit_task_begin: parallel_id=281474976710735 thread_num=28 team_size=32
[OMPT] implicit_task_begin: parallel_id=281474976710735 thread_num=31 team_size=32
[OMPT] implicit_task_end: parallel_id=0 thread_num=30
[OMPT] implicit_task_end: parallel_id=0 thread_num=29
[OMPT] implicit_task_begin: parallel_id=281474976710735 thread_num=29 team_size=32
[OMPT] implicit_task_begin: parallel_id=281474976710735 thread_num=30 team_size=32
[OMPT] implicit_task_end: parallel_id=0 thread_num=0
[OMPT] parallel_end: parallel_id=281474976710735
[OMPT] parallel_begin: parallel_id=281474976710737 team_size=32
[OMPT] implicit_task_end: parallel_id=0 thread_num=12
[OMPT] implicit_task_end: parallel_id=0 thread_num=1
[OMPT] implicit_task_begin: parallel_id=281474976710737 thread_num=12 team_size=32
[OMPT] implicit_task_end: parallel_id=0 thread_num=8
[OMPT] implicit_task_end: parallel_id=0 thread_num=2
[OMPT] implicit_task_end: parallel_id=0 thread_num=4
[OMPT] implicit_task_end: parallel_id=0 thread_num=7
[OMPT] implicit_task_end: parallel_id=0 thread_num=3
[OMPT] implicit_task_begin: parallel_id=281474976710737 thread_num=0 team_size=32
[OMPT] implicit_task_begin: parallel_id=281474976710737 thread_num=7 team_size=32
[OMPT] implicit_task_end: parallel_id=0 thread_num=15
[OMPT] implicit_task_end: parallel_id=0 thread_num=14
[OMPT] implicit_task_end: parallel_id=0 thread_num=13
[OMPT] implicit_task_end: parallel_id=0 thread_num=11
[OMPT] implicit_task_begin: parallel_id=281474976710737 thread_num=1 team_size=32
[OMPT] implicit_task_begin: parallel_id=281474976710737 thread_num=13 team_size=32
[OMPT] implicit_task_end: parallel_id=0 thread_num=10
[OMPT] implicit_task_end: parallel_id=0 thread_num=16
[OMPT] implicit_task_begin: parallel_id=281474976710737 thread_num=10 team_size=32
[OMPT] implicit_task_end: parallel_id=0 thread_num=19
[OMPT] implicit_task_end: parallel_id=0 thread_num=6
[OMPT] implicit_task_begin: parallel_id=281474976710737 thread_num=2 team_size=32
[OMPT] implicit_task_begin: parallel_id=281474976710737 thread_num=4 team_size=32
[OMPT] implicit_task_begin: parallel_id=281474976710737 thread_num=15 team_size=32
[OMPT] implicit_task_begin: parallel_id=281474976710737 thread_num=6 team_size=32
[OMPT] implicit_task_begin: parallel_id=281474976710737 thread_num=8 team_size=32
[OMPT] implicit_task_begin: parallel_id=281474976710737 thread_num=11 team_size=32
[OMPT] implicit_task_end: parallel_id=0 thread_num=9
[OMPT] implicit_task_begin: parallel_id=281474976710737 thread_num=9 team_size=32
[OMPT] implicit_task_end: parallel_id=0 thread_num=24
[OMPT] implicit_task_end: parallel_id=0 thread_num=27
[OMPT] implicit_task_begin: parallel_id=281474976710737 thread_num=24 team_size=32
[OMPT] implicit_task_end: parallel_id=0 thread_num=28
[OMPT] implicit_task_end: parallel_id=0 thread_num=31
[OMPT] implicit_task_end: parallel_id=0 thread_num=17
[OMPT] implicit_task_begin: parallel_id=281474976710737 thread_num=31 team_size=32
[OMPT] implicit_task_begin: parallel_id=281474976710737 thread_num=17 team_size=32
[OMPT] implicit_task_begin: parallel_id=281474976710737 thread_num=16 team_size=32
[OMPT] implicit_task_end: parallel_id=0 thread_num=5
[OMPT] implicit_task_begin: parallel_id=281474976710737 thread_num=19 team_size=32
[OMPT] implicit_task_begin: parallel_id=281474976710737 thread_num=5 team_size=32
[OMPT] implicit_task_begin: parallel_id=281474976710737 thread_num=3 team_size=32
[OMPT] implicit_task_begin: parallel_id=281474976710737 thread_num=14 team_size=32
[OMPT] implicit_task_end: parallel_id=0 thread_num=26
[OMPT] implicit_task_end: parallel_id=0 thread_num=25
[OMPT] implicit_task_end: parallel_id=0 thread_num=18
[OMPT] implicit_task_end: parallel_id=0 thread_num=30
[OMPT] implicit_task_begin: parallel_id=281474976710737 thread_num=25 team_size=32
[OMPT] implicit_task_begin: parallel_id=281474976710737 thread_num=30 team_size=32
[OMPT] implicit_task_end: parallel_id=0 thread_num=29
[OMPT] implicit_task_begin: parallel_id=281474976710737 thread_num=28 team_size=32
[OMPT] implicit_task_begin: parallel_id=281474976710737 thread_num=29 team_size=32
[OMPT] implicit_task_begin: parallel_id=281474976710737 thread_num=26 team_size=32
[OMPT] implicit_task_begin: parallel_id=281474976710737 thread_num=27 team_size=32
[OMPT] implicit_task_begin: parallel_id=281474976710737 thread_num=18 team_size=32
[OMPT] implicit_task_end: parallel_id=0 thread_num=20
[OMPT] implicit_task_end: parallel_id=0 thread_num=22
[OMPT] implicit_task_begin: parallel_id=281474976710737 thread_num=20 team_size=32
[OMPT] implicit_task_begin: parallel_id=281474976710737 thread_num=22 team_size=32
[OMPT] implicit_task_end: parallel_id=0 thread_num=23
[OMPT] implicit_task_begin: parallel_id=281474976710737 thread_num=23 team_size=32
[OMPT] implicit_task_end: parallel_id=0 thread_num=21
[OMPT] implicit_task_begin: parallel_id=281474976710737 thread_num=21 team_size=32
[OMPT][WIN100ms] ompt_id=281474976710657 tid=1054906 tipo=ompt_thread_initial    cpu=150 numa=0  d_rm= 1967082  d_instr= 367724776  d_cyc= 551745986  d_all=16624758  IPC=0.666  ratio_rm=0.1183
[OMPT][WIN100ms] ompt_id=562949953421313 tid=1054928 tipo=ompt_thread_worker     cpu=159 numa=0  d_rm= 1926474  d_instr= 377172519  d_cyc= 550093004  d_all=16388262  IPC=0.686  ratio_rm=0.1176
[OMPT][WIN100ms] ompt_id=844424930131969 tid=1054929 tipo=ompt_thread_worker     cpu= 66 numa=1  d_rm= 2091537  d_instr= 308622842  d_cyc= 557218820  d_all=16639014  IPC=0.554  ratio_rm=0.1257
[OMPT][WIN100ms] ompt_id=1125899906842625 tid=1054930 tipo=ompt_thread_worker     cpu=  8 numa=0  d_rm= 1907169  d_instr= 377631218  d_cyc= 549057299  d_all=16800352  IPC=0.688  ratio_rm=0.1135
[OMPT][WIN100ms] ompt_id=1407374883553281 tid=1054931 tipo=ompt_thread_worker     cpu=121 numa=1  d_rm= 2045519  d_instr= 374664175  d_cyc= 552862062  d_all=17001169  IPC=0.678  ratio_rm=0.1203
[OMPT][WIN100ms] ompt_id=1688849860263937 tid=1054932 tipo=ompt_thread_worker     cpu=208 numa=1  d_rm= 1992293  d_instr= 377589489  d_cyc= 549074101  d_all=16498909  IPC=0.688  ratio_rm=0.1208
[OMPT][WIN100ms] ompt_id=1970324836974593 tid=1054933 tipo=ompt_thread_worker     cpu= 87 numa=1  d_rm= 1983713  d_instr= 380092466  d_cyc= 548483164  d_all=16635674  IPC=0.693  ratio_rm=0.1192
[OMPT][WIN100ms] ompt_id=2251799813685249 tid=1054935 tipo=ompt_thread_worker     cpu= 97 numa=1  d_rm= 1956342  d_instr= 378519639  d_cyc= 548958904  d_all=16751089  IPC=0.690  ratio_rm=0.1168
[OMPT][WIN100ms] ompt_id=2533274790395905 tid=1054934 tipo=ompt_thread_worker     cpu=139 numa=0  d_rm= 1974189  d_instr= 380641447  d_cyc= 551864905  d_all=17084193  IPC=0.690  ratio_rm=0.1156
[OMPT] implicit_task_end: parallel_id=0 thread_num=0
[OMPT] parallel_end: parallel_id=281474976710737
[OMPT] parallel_begin: parallel_id=281474976710739 team_size=32
[OMPT] implicit_task_end: parallel_id=0 thread_num=16
[OMPT] implicit_task_end: parallel_id=0 thread_num=8
[OMPT] implicit_task_end: parallel_id=0 thread_num=24
[OMPT] implicit_task_end: parallel_id=0 thread_num=9
[OMPT] implicit_task_end: parallel_id=0 thread_num=4
[OMPT] implicit_task_end: parallel_id=0 thread_num=7
[OMPT] implicit_task_end: parallel_id=0 thread_num=1
[OMPT] implicit_task_end: parallel_id=0 thread_num=28
[OMPT] implicit_task_end: parallel_id=0 thread_num=31
[OMPT] implicit_task_end: parallel_id=0 thread_num=20
[OMPT] implicit_task_end: parallel_id=0 thread_num=23
[OMPT] implicit_task_end: parallel_id=0 thread_num=10
[OMPT] implicit_task_end: parallel_id=0 thread_num=11
[OMPT] implicit_task_end: parallel_id=0 thread_num=12
[OMPT] implicit_task_end: parallel_id=0 thread_num=15
[OMPT] implicit_task_end: parallel_id=0 thread_num=27
[OMPT] implicit_task_end: parallel_id=0 thread_num=25
[OMPT] implicit_task_end: parallel_id=0 thread_num=6
[OMPT] implicit_task_end: parallel_id=0 thread_num=5
[OMPT] implicit_task_end: parallel_id=0 thread_num=3
[OMPT] implicit_task_end: parallel_id=0 thread_num=2
[OMPT] implicit_task_end: parallel_id=0 thread_num=29
[OMPT] implicit_task_end: parallel_id=0 thread_num=30
[OMPT] implicit_task_end: parallel_id=0 thread_num=18
[OMPT] implicit_task_end: parallel_id=0 thread_num=19
[OMPT] implicit_task_end: parallel_id=0 thread_num=22
[OMPT] implicit_task_end: parallel_id=0 thread_num=21
[OMPT] implicit_task_end: parallel_id=0 thread_num=17
[OMPT] implicit_task_end: parallel_id=0 thread_num=14
[OMPT] implicit_task_end: parallel_id=0 thread_num=13
[OMPT] implicit_task_end: parallel_id=0 thread_num=26
[OMPT][WIN100ms] ompt_id=2814749767106561 tid=1054937 tipo=ompt_thread_worker     cpu=113 numa=1  d_rm= 1907256  d_instr= 369134941  d_cyc= 552255465  d_all=16420773  IPC=0.668  ratio_rm=0.1161
[OMPT][WIN100ms] ompt_id=3096224743817217 tid=1054936 tipo=ompt_thread_worker     cpu=  0 numa=0  d_rm= 1920460  d_instr= 373421198  d_cyc= 552291328  d_all=16598570  IPC=0.676  ratio_rm=0.1157
[OMPT][WIN100ms] ompt_id=3377699720527873 tid=1054938 tipo=ompt_thread_worker     cpu=231 numa=1  d_rm= 1988244  d_instr= 379046732  d_cyc= 552384574  d_all=16605098  IPC=0.686  ratio_rm=0.1197
[OMPT][WIN100ms] ompt_id=3940649673949185 tid=1054940 tipo=ompt_thread_worker     cpu= 45 numa=0  d_rm= 1915366  d_instr= 370344008  d_cyc= 549179568  d_all=16181908  IPC=0.674  ratio_rm=0.1184
[OMPT][WIN100ms] ompt_id=3659174697238529 tid=1054939 tipo=ompt_thread_worker     cpu= 56 numa=0  d_rm= 1913678  d_instr= 379589468  d_cyc= 550888314  d_all=16374152  IPC=0.689  ratio_rm=0.1169
[OMPT][WIN100ms] ompt_id=4222124650659841 tid=1054942 tipo=ompt_thread_worker     cpu=191 numa=0  d_rm= 1924216  d_instr= 380499099  d_cyc= 552672857  d_all=16615940  IPC=0.688  ratio_rm=0.1158
[OMPT][WIN100ms] ompt_id=4503599627370497 tid=1054941 tipo=ompt_thread_worker     cpu= 64 numa=1  d_rm= 1996086  d_instr= 306585396  d_cyc= 559992511  d_all=16322650  IPC=0.547  ratio_rm=0.1223
[OMPT][WIN100ms] ompt_id=4785074604081153 tid=1054944 tipo=ompt_thread_worker     cpu= 21 numa=0  d_rm= 1998314  d_instr= 368439606  d_cyc= 550156190  d_all=16718499  IPC=0.670  ratio_rm=0.1195
[OMPT][WIN100ms] ompt_id=5066549580791809 tid=1054943 tipo=ompt_thread_worker     cpu=120 numa=1  d_rm= 1930301  d_instr= 371815310  d_cyc= 552648634  d_all=16716185  IPC=0.673  ratio_rm=0.1155
[OMPT][WIN100ms] ompt_id=5348024557502465 tid=1054945 tipo=ompt_thread_worker     cpu=  1 numa=0  d_rm= 1955876  d_instr= 371139703  d_cyc= 550798971  d_all=16320940  IPC=0.674  ratio_rm=0.1198
[OMPT][WIN100ms] ompt_id=5629499534213121 tid=1054946 tipo=ompt_thread_worker     cpu= 89 numa=1  d_rm= 1932560  d_instr= 375738802  d_cyc= 550988153  d_all=16420331  IPC=0.682  ratio_rm=0.1177
[OMPT][WIN100ms] ompt_id=5910974510923777 tid=1054947 tipo=ompt_thread_worker     cpu= 88 numa=1  d_rm= 1918186  d_instr= 380544286  d_cyc= 548466122  d_all=16477757  IPC=0.694  ratio_rm=0.1164
[OMPT][WIN100ms] ompt_id=6192449487634433 tid=1054948 tipo=ompt_thread_worker     cpu= 37 numa=0  d_rm= 1910496  d_instr= 376391550  d_cyc= 550633542  d_all=16361268  IPC=0.684  ratio_rm=0.1168
[OMPT][WIN100ms] ompt_id=6473924464345089 tid=1054949 tipo=ompt_thread_worker     cpu= 65 numa=1  d_rm= 2060356  d_instr= 311402555  d_cyc= 560873610  d_all=16342454  IPC=0.555  ratio_rm=0.1261
[OMPT][WIN100ms] ompt_id=6755399441055745 tid=1054950 tipo=ompt_thread_worker     cpu=237 numa=1  d_rm= 2087256  d_instr= 315433614  d_cyc= 559670673  d_all=16385164  IPC=0.564  ratio_rm=0.1274
[OMPT][WIN100ms] ompt_id=7036874417766401 tid=1054951 tipo=ompt_thread_worker     cpu=112 numa=1  d_rm= 2013679  d_instr= 372084043  d_cyc= 550861963  d_all=16450777  IPC=0.675  ratio_rm=0.1224
[OMPT][WIN100ms] ompt_id=7318349394477057 tid=1054952 tipo=ompt_thread_worker     cpu=239 numa=1  d_rm= 2109135  d_instr= 316750006  d_cyc= 558914149  d_all=16355791  IPC=0.567  ratio_rm=0.1290
[OMPT][WIN100ms] ompt_id=7599824371187713 tid=1054953 tipo=ompt_thread_worker     cpu= 38 numa=0  d_rm= 1916362  d_instr= 377295122  d_cyc= 550531784  d_all=16477108  IPC=0.685  ratio_rm=0.1163
[OMPT][WIN100ms] ompt_id=7881299347898369 tid=1054954 tipo=ompt_thread_worker     cpu= 46 numa=0  d_rm= 1908605  d_instr= 374112772  d_cyc= 551015555  d_all=16712490  IPC=0.679  ratio_rm=0.1142
[OMPT][WIN100ms] ompt_id=8162774324609025 tid=1054955 tipo=ompt_thread_worker     cpu= 72 numa=1  d_rm= 1954123  d_instr= 376825868  d_cyc= 550563636  d_all=16546059  IPC=0.684  ratio_rm=0.1181
[OMPT][WIN100ms] ompt_id=8444249301319681 tid=1054956 tipo=ompt_thread_worker     cpu=236 numa=1  d_rm= 2002285  d_instr= 309808179  d_cyc= 558400883  d_all=16490701  IPC=0.555  ratio_rm=0.1214
[OMPT][WIN100ms] ompt_id=8725724278030337 tid=1054957 tipo=ompt_thread_worker     cpu= 25 numa=0  d_rm= 1922451  d_instr= 378889592  d_cyc= 550434506  d_all=16411607  IPC=0.688  ratio_rm=0.1171
[OMPT][WIN100ms] ompt_id=9007199254740993 tid=1054958 tipo=ompt_thread_worker     cpu= 73 numa=1  d_rm= 1948976  d_instr= 379154357  d_cyc= 553904448  d_all=16566839  IPC=0.685  ratio_rm=0.1176
[OMPT] implicit_task_begin: parallel_id=281474976710739 thread_num=20 team_size=32
[OMPT] implicit_task_begin: parallel_id=281474976710739 thread_num=19 team_size=32
[OMPT] implicit_task_begin: parallel_id=281474976710739 thread_num=16 team_size=32
[OMPT] implicit_task_begin: parallel_id=281474976710739 thread_num=4 team_size=32
[OMPT] implicit_task_begin: parallel_id=281474976710739 thread_num=28 team_size=32
[OMPT] implicit_task_begin: parallel_id=281474976710739 thread_num=31 team_size=32
[OMPT] implicit_task_begin: parallel_id=281474976710739 thread_num=6 team_size=32
[OMPT] implicit_task_begin: parallel_id=281474976710739 thread_num=5 team_size=32
[OMPT] implicit_task_begin: parallel_id=281474976710739 thread_num=17 team_size=32
[OMPT] implicit_task_begin: parallel_id=281474976710739 thread_num=0 team_size=32
[OMPT] implicit_task_begin: parallel_id=281474976710739 thread_num=29 team_size=32
[OMPT] implicit_task_begin: parallel_id=281474976710739 thread_num=25 team_size=32
[OMPT] implicit_task_begin: parallel_id=281474976710739 thread_num=23 team_size=32
[OMPT] implicit_task_begin: parallel_id=281474976710739 thread_num=24 team_size=32
[OMPT] implicit_task_begin: parallel_id=281474976710739 thread_num=10 team_size=32
[OMPT] implicit_task_begin: parallel_id=281474976710739 thread_num=14 team_size=32
[OMPT] implicit_task_begin: parallel_id=281474976710739 thread_num=2 team_size=32
[OMPT] implicit_task_begin: parallel_id=281474976710739 thread_num=22 team_size=32
[OMPT] implicit_task_begin: parallel_id=281474976710739 thread_num=27 team_size=32
[OMPT] implicit_task_begin: parallel_id=281474976710739 thread_num=13 team_size=32
[OMPT] implicit_task_begin: parallel_id=281474976710739 thread_num=21 team_size=32
[OMPT] implicit_task_begin: parallel_id=281474976710739 thread_num=26 team_size=32
[OMPT] implicit_task_begin: parallel_id=281474976710739 thread_num=11 team_size=32
[OMPT] implicit_task_begin: parallel_id=281474976710739 thread_num=8 team_size=32
[OMPT] implicit_task_begin: parallel_id=281474976710739 thread_num=15 team_size=32
[OMPT] implicit_task_begin: parallel_id=281474976710739 thread_num=1 team_size=32
[OMPT] implicit_task_begin: parallel_id=281474976710739 thread_num=3 team_size=32
[OMPT] implicit_task_begin: parallel_id=281474976710739 thread_num=18 team_size=32
[OMPT] implicit_task_begin: parallel_id=281474976710739 thread_num=30 team_size=32
[OMPT] implicit_task_begin: parallel_id=281474976710739 thread_num=9 team_size=32
[OMPT] implicit_task_begin: parallel_id=281474976710739 thread_num=7 team_size=32
[OMPT] implicit_task_begin: parallel_id=281474976710739 thread_num=12 team_size=32
[OMPT] implicit_task_end: parallel_id=0 thread_num=0
[OMPT] parallel_end: parallel_id=281474976710739
[OMPT] parallel_begin: parallel_id=281474976710741 team_size=32
[OMPT] implicit_task_end: parallel_id=0 thread_num=16
[OMPT] implicit_task_end: parallel_id=0 thread_num=8
[OMPT] implicit_task_end: parallel_id=0 thread_num=24
[OMPT] implicit_task_end: parallel_id=0 thread_num=18
[OMPT] implicit_task_begin: parallel_id=281474976710741 thread_num=16 team_size=32
[OMPT] implicit_task_end: parallel_id=0 thread_num=12
[OMPT] implicit_task_begin: parallel_id=281474976710741 thread_num=8 team_size=32
[OMPT] implicit_task_end: parallel_id=0 thread_num=15
[OMPT] implicit_task_end: parallel_id=0 thread_num=3
[OMPT] implicit_task_end: parallel_id=0 thread_num=17
[OMPT] implicit_task_end: parallel_id=0 thread_num=28
[OMPT] implicit_task_begin: parallel_id=281474976710741 thread_num=12 team_size=32
[OMPT] implicit_task_end: parallel_id=0 thread_num=31
[OMPT] implicit_task_end: parallel_id=0 thread_num=30
[OMPT] implicit_task_begin: parallel_id=281474976710741 thread_num=31 team_size=32
[OMPT] implicit_task_end: parallel_id=0 thread_num=10
[OMPT] implicit_task_begin: parallel_id=281474976710741 thread_num=30 team_size=32
[OMPT] implicit_task_begin: parallel_id=281474976710741 thread_num=10 team_size=32
[OMPT] implicit_task_end: parallel_id=0 thread_num=26
[OMPT] implicit_task_end: parallel_id=0 thread_num=27
[OMPT] implicit_task_begin: parallel_id=281474976710741 thread_num=26 team_size=32
[OMPT] implicit_task_end: parallel_id=0 thread_num=25
[OMPT] implicit_task_end: parallel_id=0 thread_num=1
[OMPT] implicit_task_end: parallel_id=0 thread_num=14
[OMPT] implicit_task_begin: parallel_id=281474976710741 thread_num=1 team_size=32
[OMPT] implicit_task_end: parallel_id=0 thread_num=13
[OMPT] implicit_task_begin: parallel_id=281474976710741 thread_num=14 team_size=32
[OMPT] implicit_task_begin: parallel_id=281474976710741 thread_num=13 team_size=32
[OMPT] implicit_task_begin: parallel_id=281474976710741 thread_num=0 team_size=32
[OMPT] implicit_task_begin: parallel_id=281474976710741 thread_num=24 team_size=32
[OMPT] implicit_task_begin: parallel_id=281474976710741 thread_num=18 team_size=32
[OMPT] implicit_task_begin: parallel_id=281474976710741 thread_num=15 team_size=32
[OMPT] implicit_task_end: parallel_id=0 thread_num=19
[OMPT] implicit_task_begin: parallel_id=281474976710741 thread_num=17 team_size=32
[OMPT] implicit_task_begin: parallel_id=281474976710741 thread_num=19 team_size=32
[OMPT] implicit_task_end: parallel_id=0 thread_num=20
[OMPT] implicit_task_end: parallel_id=0 thread_num=23
[OMPT] implicit_task_begin: parallel_id=281474976710741 thread_num=20 team_size=32
[OMPT] implicit_task_begin: parallel_id=281474976710741 thread_num=3 team_size=32
[OMPT] implicit_task_begin: parallel_id=281474976710741 thread_num=23 team_size=32
[OMPT] implicit_task_end: parallel_id=0 thread_num=29
[OMPT] implicit_task_begin: parallel_id=281474976710741 thread_num=28 team_size=32
[OMPT] implicit_task_begin: parallel_id=281474976710741 thread_num=29 team_size=32
[OMPT] implicit_task_end: parallel_id=0 thread_num=9
[OMPT] implicit_task_begin: parallel_id=281474976710741 thread_num=9 team_size=32
[OMPT] implicit_task_begin: parallel_id=281474976710741 thread_num=27 team_size=32
[OMPT] implicit_task_end: parallel_id=0 thread_num=4
[OMPT] implicit_task_end: parallel_id=0 thread_num=7
[OMPT] implicit_task_end: parallel_id=0 thread_num=6
[OMPT] implicit_task_end: parallel_id=0 thread_num=21
[OMPT] implicit_task_end: parallel_id=0 thread_num=22
[OMPT] implicit_task_end: parallel_id=0 thread_num=2
[OMPT] implicit_task_begin: parallel_id=281474976710741 thread_num=6 team_size=32
[OMPT] implicit_task_begin: parallel_id=281474976710741 thread_num=22 team_size=32
[OMPT] implicit_task_end: parallel_id=0 thread_num=5
[OMPT] implicit_task_begin: parallel_id=281474976710741 thread_num=21 team_size=32
[OMPT] implicit_task_begin: parallel_id=281474976710741 thread_num=4 team_size=32
[OMPT] implicit_task_begin: parallel_id=281474976710741 thread_num=5 team_size=32
[OMPT] implicit_task_begin: parallel_id=281474976710741 thread_num=25 team_size=32
[OMPT] implicit_task_end: parallel_id=0 thread_num=11
[OMPT] implicit_task_begin: parallel_id=281474976710741 thread_num=7 team_size=32
[OMPT] implicit_task_begin: parallel_id=281474976710741 thread_num=2 team_size=32
[OMPT] implicit_task_begin: parallel_id=281474976710741 thread_num=11 team_size=32
[OMPT] implicit_task_end: parallel_id=0 thread_num=0
[OMPT] parallel_end: parallel_id=281474976710741
[OMPT] parallel_begin: parallel_id=281474976710743 team_size=32
[OMPT] implicit_task_end: parallel_id=0 thread_num=12
[OMPT] implicit_task_end: parallel_id=0 thread_num=3
[OMPT] implicit_task_end: parallel_id=0 thread_num=13
[OMPT] implicit_task_end: parallel_id=0 thread_num=4
[OMPT] implicit_task_end: parallel_id=0 thread_num=7
[OMPT] implicit_task_end: parallel_id=0 thread_num=8
[OMPT] implicit_task_end: parallel_id=0 thread_num=11
[OMPT] implicit_task_end: parallel_id=0 thread_num=2
[OMPT] implicit_task_end: parallel_id=0 thread_num=15
[OMPT] implicit_task_end: parallel_id=0 thread_num=14
[OMPT] implicit_task_begin: parallel_id=281474976710743 thread_num=12 team_size=32
[OMPT] implicit_task_begin: parallel_id=281474976710743 thread_num=7 team_size=32
[OMPT] implicit_task_begin: parallel_id=281474976710743 thread_num=15 team_size=32
[OMPT] implicit_task_begin: parallel_id=281474976710743 thread_num=3 team_size=32
[OMPT] implicit_task_begin: parallel_id=281474976710743 thread_num=14 team_size=32
[OMPT] implicit_task_begin: parallel_id=281474976710743 thread_num=2 team_size=32
[OMPT] implicit_task_end: parallel_id=0 thread_num=5
[OMPT] implicit_task_end: parallel_id=0 thread_num=6
[OMPT] implicit_task_begin: parallel_id=281474976710743 thread_num=5 team_size=32
[OMPT] implicit_task_begin: parallel_id=281474976710743 thread_num=13 team_size=32
[OMPT] implicit_task_begin: parallel_id=281474976710743 thread_num=6 team_size=32
[OMPT] implicit_task_end: parallel_id=0 thread_num=1
[OMPT] implicit_task_begin: parallel_id=281474976710743 thread_num=1 team_size=32
[OMPT] implicit_task_end: parallel_id=0 thread_num=10
[OMPT] implicit_task_end: parallel_id=0 thread_num=9
[OMPT] implicit_task_begin: parallel_id=281474976710743 thread_num=9 team_size=32
[OMPT] implicit_task_begin: parallel_id=281474976710743 thread_num=4 team_size=32
[OMPT] implicit_task_begin: parallel_id=281474976710743 thread_num=0 team_size=32
[OMPT] implicit_task_begin: parallel_id=281474976710743 thread_num=8 team_size=32
[OMPT] implicit_task_begin: parallel_id=281474976710743 thread_num=11 team_size=32
[OMPT] implicit_task_end: parallel_id=0 thread_num=16
[OMPT] implicit_task_end: parallel_id=0 thread_num=24
[OMPT] implicit_task_end: parallel_id=0 thread_num=19
[OMPT] implicit_task_end: parallel_id=0 thread_num=18
[OMPT] implicit_task_end: parallel_id=0 thread_num=17
[OMPT] implicit_task_end: parallel_id=0 thread_num=28
[OMPT] implicit_task_end: parallel_id=0 thread_num=31
[OMPT] implicit_task_end: parallel_id=0 thread_num=30
[OMPT] implicit_task_begin: parallel_id=281474976710743 thread_num=10 team_size=32
[OMPT] implicit_task_begin: parallel_id=281474976710743 thread_num=28 team_size=32
[OMPT] implicit_task_begin: parallel_id=281474976710743 thread_num=17 team_size=32
[OMPT] implicit_task_begin: parallel_id=281474976710743 thread_num=31 team_size=32
[OMPT] implicit_task_begin: parallel_id=281474976710743 thread_num=30 team_size=32
[OMPT] implicit_task_end: parallel_id=0 thread_num=25
[OMPT] implicit_task_end: parallel_id=0 thread_num=20
[OMPT] implicit_task_end: parallel_id=0 thread_num=23
[OMPT] implicit_task_end: parallel_id=0 thread_num=29
[OMPT] implicit_task_begin: parallel_id=281474976710743 thread_num=19 team_size=32
[OMPT] implicit_task_begin: parallel_id=281474976710743 thread_num=25 team_size=32
[OMPT] implicit_task_begin: parallel_id=281474976710743 thread_num=16 team_size=32
[OMPT] implicit_task_begin: parallel_id=281474976710743 thread_num=29 team_size=32
[OMPT] implicit_task_begin: parallel_id=281474976710743 thread_num=18 team_size=32
[OMPT] implicit_task_begin: parallel_id=281474976710743 thread_num=20 team_size=32
[OMPT] implicit_task_end: parallel_id=0 thread_num=26
[OMPT] implicit_task_begin: parallel_id=281474976710743 thread_num=24 team_size=32
[OMPT] implicit_task_end: parallel_id=0 thread_num=21
[OMPT] implicit_task_end: parallel_id=0 thread_num=22
[OMPT] implicit_task_begin: parallel_id=281474976710743 thread_num=23 team_size=32
[OMPT] implicit_task_begin: parallel_id=281474976710743 thread_num=22 team_size=32
[OMPT] implicit_task_begin: parallel_id=281474976710743 thread_num=26 team_size=32
[OMPT] implicit_task_begin: parallel_id=281474976710743 thread_num=21 team_size=32
[OMPT] implicit_task_end: parallel_id=0 thread_num=27
[OMPT] implicit_task_begin: parallel_id=281474976710743 thread_num=27 team_size=32
[OMPT] implicit_task_end: parallel_id=0 thread_num=0
[OMPT] parallel_end: parallel_id=281474976710743
[OMPT] parallel_begin: parallel_id=281474976710745 team_size=32
[OMPT] implicit_task_end: parallel_id=0 thread_num=16
[OMPT] implicit_task_end: parallel_id=0 thread_num=4
[OMPT] implicit_task_begin: parallel_id=281474976710745 thread_num=0 team_size=32
[OMPT] implicit_task_end: parallel_id=0 thread_num=24
[OMPT] implicit_task_end: parallel_id=0 thread_num=7
[OMPT] implicit_task_end: parallel_id=0 thread_num=25
[OMPT] implicit_task_end: parallel_id=0 thread_num=1
[OMPT] implicit_task_end: parallel_id=0 thread_num=5
[OMPT] implicit_task_begin: parallel_id=281474976710745 thread_num=25 team_size=32
[OMPT] implicit_task_end: parallel_id=0 thread_num=28
[OMPT] implicit_task_end: parallel_id=0 thread_num=31
[OMPT] implicit_task_end: parallel_id=0 thread_num=18
[OMPT] implicit_task_end: parallel_id=0 thread_num=20
[OMPT] implicit_task_begin: parallel_id=281474976710745 thread_num=1 team_size=32
[OMPT] implicit_task_end: parallel_id=0 thread_num=21
[OMPT] implicit_task_end: parallel_id=0 thread_num=12
[OMPT] implicit_task_begin: parallel_id=281474976710745 thread_num=4 team_size=32
[OMPT] implicit_task_end: parallel_id=0 thread_num=14
[OMPT] implicit_task_begin: parallel_id=281474976710745 thread_num=20 team_size=32
[OMPT] implicit_task_begin: parallel_id=281474976710745 thread_num=21 team_size=32
[OMPT] implicit_task_end: parallel_id=0 thread_num=26
[OMPT] implicit_task_end: parallel_id=0 thread_num=27
[OMPT] implicit_task_begin: parallel_id=281474976710745 thread_num=26 team_size=32
[OMPT] implicit_task_begin: parallel_id=281474976710745 thread_num=24 team_size=32
[OMPT] implicit_task_begin: parallel_id=281474976710745 thread_num=7 team_size=32
[OMPT] implicit_task_end: parallel_id=0 thread_num=3
[OMPT] implicit_task_end: parallel_id=0 thread_num=6
[OMPT] implicit_task_end: parallel_id=0 thread_num=30
[OMPT] implicit_task_begin: parallel_id=281474976710745 thread_num=6 team_size=32
[OMPT] implicit_task_begin: parallel_id=281474976710745 thread_num=30 team_size=32
[OMPT] implicit_task_end: parallel_id=0 thread_num=29
[OMPT] implicit_task_begin: parallel_id=281474976710745 thread_num=5 team_size=32
[OMPT] implicit_task_begin: parallel_id=281474976710745 thread_num=29 team_size=32
[OMPT] implicit_task_begin: parallel_id=281474976710745 thread_num=28 team_size=32
[OMPT] implicit_task_end: parallel_id=0 thread_num=19
[OMPT] implicit_task_begin: parallel_id=281474976710745 thread_num=31 team_size=32
[OMPT] implicit_task_begin: parallel_id=281474976710745 thread_num=19 team_size=32
[OMPT] implicit_task_begin: parallel_id=281474976710745 thread_num=18 team_size=32
[OMPT] implicit_task_end: parallel_id=0 thread_num=23
[OMPT] implicit_task_begin: parallel_id=281474976710745 thread_num=23 team_size=32
[OMPT] implicit_task_end: parallel_id=0 thread_num=22
[OMPT] implicit_task_begin: parallel_id=281474976710745 thread_num=22 team_size=32
[OMPT] implicit_task_end: parallel_id=0 thread_num=15
[OMPT] implicit_task_begin: parallel_id=281474976710745 thread_num=15 team_size=32
[OMPT] implicit_task_end: parallel_id=0 thread_num=13
[OMPT] implicit_task_end: parallel_id=0 thread_num=8
[OMPT] implicit_task_end: parallel_id=0 thread_num=11
[OMPT] implicit_task_begin: parallel_id=281474976710745 thread_num=16 team_size=32
[OMPT] implicit_task_begin: parallel_id=281474976710745 thread_num=8 team_size=32
[OMPT] implicit_task_begin: parallel_id=281474976710745 thread_num=14 team_size=32
[OMPT] implicit_task_begin: parallel_id=281474976710745 thread_num=11 team_size=32
[OMPT] implicit_task_begin: parallel_id=281474976710745 thread_num=27 team_size=32
[OMPT] implicit_task_begin: parallel_id=281474976710745 thread_num=3 team_size=32
[OMPT] implicit_task_end: parallel_id=0 thread_num=17
[OMPT] implicit_task_begin: parallel_id=281474976710745 thread_num=13 team_size=32
[OMPT] implicit_task_begin: parallel_id=281474976710745 thread_num=17 team_size=32
[OMPT] implicit_task_end: parallel_id=0 thread_num=2
[OMPT] implicit_task_begin: parallel_id=281474976710745 thread_num=2 team_size=32
[OMPT] implicit_task_end: parallel_id=0 thread_num=9
[OMPT] implicit_task_begin: parallel_id=281474976710745 thread_num=9 team_size=32
[OMPT] implicit_task_begin: parallel_id=281474976710745 thread_num=12 team_size=32
[OMPT] implicit_task_end: parallel_id=0 thread_num=10
[OMPT] implicit_task_begin: parallel_id=281474976710745 thread_num=10 team_size=32
[OMPT] implicit_task_end: parallel_id=0 thread_num=0
[OMPT] parallel_end: parallel_id=281474976710745
[OMPT] parallel_begin: parallel_id=281474976710747 team_size=32
[OMPT] implicit_task_end: parallel_id=0 thread_num=16
[OMPT] implicit_task_end: parallel_id=0 thread_num=3
[OMPT] implicit_task_end: parallel_id=0 thread_num=28
[OMPT] implicit_task_end: parallel_id=0 thread_num=12
[OMPT] implicit_task_end: parallel_id=0 thread_num=4
[OMPT] implicit_task_end: parallel_id=0 thread_num=8
[OMPT] implicit_task_end: parallel_id=0 thread_num=7
[OMPT] implicit_task_begin: parallel_id=281474976710747 thread_num=12 team_size=32
[OMPT] implicit_task_begin: parallel_id=281474976710747 thread_num=4 team_size=32
[OMPT] implicit_task_end: parallel_id=0 thread_num=9
[OMPT] implicit_task_begin: parallel_id=281474976710747 thread_num=8 team_size=32
[OMPT] implicit_task_end: parallel_id=0 thread_num=20
[OMPT] implicit_task_end: parallel_id=0 thread_num=18
[OMPT] implicit_task_end: parallel_id=0 thread_num=23
[OMPT] implicit_task_begin: parallel_id=281474976710747 thread_num=20 team_size=32
[OMPT] implicit_task_end: parallel_id=0 thread_num=31
[OMPT] implicit_task_end: parallel_id=0 thread_num=30
[OMPT] implicit_task_end: parallel_id=0 thread_num=29
[OMPT] implicit_task_begin: parallel_id=281474976710747 thread_num=31 team_size=32
[OMPT] implicit_task_end: parallel_id=0 thread_num=14
[OMPT] implicit_task_begin: parallel_id=281474976710747 thread_num=28 team_size=32
[OMPT] implicit_task_begin: parallel_id=281474976710747 thread_num=14 team_size=32
[OMPT] implicit_task_end: parallel_id=0 thread_num=13
[OMPT] implicit_task_begin: parallel_id=281474976710747 thread_num=13 team_size=32
[OMPT] implicit_task_end: parallel_id=0 thread_num=6
[OMPT] implicit_task_end: parallel_id=0 thread_num=5
[OMPT] implicit_task_end: parallel_id=0 thread_num=2
[OMPT] implicit_task_begin: parallel_id=281474976710747 thread_num=6 team_size=32
[OMPT] implicit_task_begin: parallel_id=281474976710747 thread_num=5 team_size=32
[OMPT] implicit_task_begin: parallel_id=281474976710747 thread_num=2 team_size=32
[OMPT] implicit_task_end: parallel_id=0 thread_num=10
[OMPT] implicit_task_end: parallel_id=0 thread_num=1
[OMPT] implicit_task_begin: parallel_id=281474976710747 thread_num=10 team_size=32
[OMPT] implicit_task_begin: parallel_id=281474976710747 thread_num=1 team_size=32
[OMPT] implicit_task_end: parallel_id=0 thread_num=17
[OMPT] implicit_task_begin: parallel_id=281474976710747 thread_num=17 team_size=32
[OMPT] implicit_task_begin: parallel_id=281474976710747 thread_num=7 team_size=32
[OMPT] implicit_task_begin: parallel_id=281474976710747 thread_num=9 team_size=32
[OMPT] implicit_task_end: parallel_id=0 thread_num=19
[OMPT] implicit_task_end: parallel_id=0 thread_num=24
[OMPT] implicit_task_begin: parallel_id=281474976710747 thread_num=19 team_size=32
[OMPT] implicit_task_end: parallel_id=0 thread_num=26
[OMPT] implicit_task_end: parallel_id=0 thread_num=22
[OMPT] implicit_task_begin: parallel_id=281474976710747 thread_num=26 team_size=32
[OMPT] implicit_task_begin: parallel_id=281474976710747 thread_num=16 team_size=32
[OMPT] implicit_task_begin: parallel_id=281474976710747 thread_num=22 team_size=32
[OMPT] implicit_task_begin: parallel_id=281474976710747 thread_num=3 team_size=32
[OMPT] implicit_task_begin: parallel_id=281474976710747 thread_num=23 team_size=32
[OMPT] implicit_task_begin: parallel_id=281474976710747 thread_num=29 team_size=32
[OMPT] implicit_task_end: parallel_id=0 thread_num=15
[OMPT] implicit_task_end: parallel_id=0 thread_num=11
[OMPT] implicit_task_begin: parallel_id=281474976710747 thread_num=0 team_size=32
[OMPT] implicit_task_end: parallel_id=0 thread_num=25
[OMPT] implicit_task_begin: parallel_id=281474976710747 thread_num=11 team_size=32
[OMPT] implicit_task_begin: parallel_id=281474976710747 thread_num=25 team_size=32
[OMPT] implicit_task_begin: parallel_id=281474976710747 thread_num=24 team_size=32
[OMPT] implicit_task_end: parallel_id=0 thread_num=21
[OMPT] implicit_task_begin: parallel_id=281474976710747 thread_num=18 team_size=32
[OMPT] implicit_task_begin: parallel_id=281474976710747 thread_num=30 team_size=32
[OMPT] implicit_task_begin: parallel_id=281474976710747 thread_num=15 team_size=32
[OMPT] implicit_task_end: parallel_id=0 thread_num=27
[OMPT] implicit_task_begin: parallel_id=281474976710747 thread_num=21 team_size=32
[OMPT] implicit_task_begin: parallel_id=281474976710747 thread_num=27 team_size=32
[OMPT][WIN100ms] ompt_id=281474976710657 tid=1054906 tipo=ompt_thread_initial    cpu=150 numa=0  d_rm= 1952010  d_instr= 367009507  d_cyc= 552911322  d_all=16546244  IPC=0.664  ratio_rm=0.1180
[OMPT][WIN100ms] ompt_id=562949953421313 tid=1054928 tipo=ompt_thread_worker     cpu=159 numa=0  d_rm= 1923092  d_instr= 376561694  d_cyc= 552649537  d_all=16395280  IPC=0.681  ratio_rm=0.1173
[OMPT][WIN100ms] ompt_id=844424930131969 tid=1054929 tipo=ompt_thread_worker     cpu= 66 numa=1  d_rm= 2105919  d_instr= 309472543  d_cyc= 559031885  d_all=16692372  IPC=0.554  ratio_rm=0.1262
[OMPT][WIN100ms] ompt_id=1125899906842625 tid=1054930 tipo=ompt_thread_worker     cpu=  8 numa=0  d_rm= 1907496  d_instr= 377243551  d_cyc= 550508986  d_all=16832313  IPC=0.685  ratio_rm=0.1133
[OMPT][WIN100ms] ompt_id=1407374883553281 tid=1054931 tipo=ompt_thread_worker     cpu=121 numa=1  d_rm= 2044074  d_instr= 373388312  d_cyc= 553536298  d_all=16993306  IPC=0.675  ratio_rm=0.1203
[OMPT][WIN100ms] ompt_id=1688849860263937 tid=1054932 tipo=ompt_thread_worker     cpu=208 numa=1  d_rm= 2013506  d_instr= 383797099  d_cyc= 553065043  d_all=16904728  IPC=0.694  ratio_rm=0.1191
[OMPT][WIN100ms] ompt_id=1970324836974593 tid=1054933 tipo=ompt_thread_worker     cpu= 87 numa=1  d_rm= 2013962  d_instr= 385361880  d_cyc= 553173426  d_all=16930688  IPC=0.697  ratio_rm=0.1190
[OMPT][WIN100ms] ompt_id=2251799813685249 tid=1054935 tipo=ompt_thread_worker     cpu= 97 numa=1  d_rm= 1957086  d_instr= 380833672  d_cyc= 553380812  d_all=16754354  IPC=0.688  ratio_rm=0.1168
[OMPT][WIN100ms] ompt_id=2533274790395905 tid=1054934 tipo=ompt_thread_worker     cpu=139 numa=0  d_rm= 1979946  d_instr= 380221628  d_cyc= 554075942  d_all=17096409  IPC=0.686  ratio_rm=0.1158
[OMPT] implicit_task_end: parallel_id=0 thread_num=0
[OMPT] parallel_end: parallel_id=281474976710747
[OMPT] parallel_begin: parallel_id=281474976710749 team_size=32
[OMPT] implicit_task_end: parallel_id=0 thread_num=12
[OMPT] implicit_task_end: parallel_id=0 thread_num=15
[OMPT] implicit_task_end: parallel_id=0 thread_num=16
[OMPT] implicit_task_end: parallel_id=0 thread_num=17
[OMPT] implicit_task_end: parallel_id=0 thread_num=24
[OMPT] implicit_task_end: parallel_id=0 thread_num=26
[OMPT] implicit_task_end: parallel_id=0 thread_num=2
[OMPT] implicit_task_end: parallel_id=0 thread_num=1
[OMPT] implicit_task_end: parallel_id=0 thread_num=13
[OMPT] implicit_task_end: parallel_id=0 thread_num=4
[OMPT] implicit_task_end: parallel_id=0 thread_num=7
[OMPT] implicit_task_end: parallel_id=0 thread_num=28
[OMPT] implicit_task_end: parallel_id=0 thread_num=31
[OMPT] implicit_task_end: parallel_id=0 thread_num=20
[OMPT] implicit_task_end: parallel_id=0 thread_num=21
[OMPT] implicit_task_end: parallel_id=0 thread_num=8
[OMPT] implicit_task_end: parallel_id=0 thread_num=27
[OMPT] implicit_task_end: parallel_id=0 thread_num=9
[OMPT] implicit_task_end: parallel_id=0 thread_num=25
[OMPT] implicit_task_end: parallel_id=0 thread_num=5
[OMPT] implicit_task_end: parallel_id=0 thread_num=6
[OMPT] implicit_task_end: parallel_id=0 thread_num=19
[OMPT] implicit_task_end: parallel_id=0 thread_num=29
[OMPT] implicit_task_end: parallel_id=0 thread_num=30
[OMPT] implicit_task_end: parallel_id=0 thread_num=22
[OMPT] implicit_task_end: parallel_id=0 thread_num=23
[OMPT] implicit_task_end: parallel_id=0 thread_num=18
[OMPT] implicit_task_end: parallel_id=0 thread_num=11
[OMPT] implicit_task_end: parallel_id=0 thread_num=10
[OMPT] implicit_task_end: parallel_id=0 thread_num=3
[OMPT] implicit_task_end: parallel_id=0 thread_num=14
[OMPT][WIN100ms] ompt_id=2814749767106561 tid=1054937 tipo=ompt_thread_worker     cpu=113 numa=1  d_rm= 1916234  d_instr= 367722450  d_cyc= 553502701  d_all=16418943  IPC=0.664  ratio_rm=0.1167
[OMPT][WIN100ms] ompt_id=3096224743817217 tid=1054936 tipo=ompt_thread_worker     cpu=  2 numa=0  d_rm= 1938566  d_instr= 369623261  d_cyc= 552970982  d_all=16600824  IPC=0.668  ratio_rm=0.1168
[OMPT][WIN100ms] ompt_id=3377699720527873 tid=1054938 tipo=ompt_thread_worker     cpu=231 numa=1  d_rm= 1984552  d_instr= 375227469  d_cyc= 550314396  d_all=16610575  IPC=0.682  ratio_rm=0.1195
[OMPT][WIN100ms] ompt_id=3940649673949185 tid=1054940 tipo=ompt_thread_worker     cpu= 45 numa=0  d_rm= 1910114  d_instr= 367858787  d_cyc= 550898253  d_all=16189774  IPC=0.668  ratio_rm=0.1180
[OMPT][WIN100ms] ompt_id=3659174697238529 tid=1054939 tipo=ompt_thread_worker     cpu= 56 numa=0  d_rm= 1916609  d_instr= 379252364  d_cyc= 551229926  d_all=16378824  IPC=0.688  ratio_rm=0.1170
[OMPT][WIN100ms] ompt_id=4222124650659841 tid=1054942 tipo=ompt_thread_worker     cpu=191 numa=0  d_rm= 1937099  d_instr= 378884083  d_cyc= 550743686  d_all=16618562  IPC=0.688  ratio_rm=0.1166
[OMPT][WIN100ms] ompt_id=4503599627370497 tid=1054941 tipo=ompt_thread_worker     cpu= 64 numa=1  d_rm= 1989018  d_instr= 306155616  d_cyc= 559809543  d_all=16328265  IPC=0.547  ratio_rm=0.1218
[OMPT][WIN100ms] ompt_id=4785074604081153 tid=1054944 tipo=ompt_thread_worker     cpu= 21 numa=0  d_rm= 2005886  d_instr= 369642763  d_cyc= 552435774  d_all=16714077  IPC=0.669  ratio_rm=0.1200
[OMPT][WIN100ms] ompt_id=5066549580791809 tid=1054943 tipo=ompt_thread_worker     cpu=120 numa=1  d_rm= 1927396  d_instr= 369221535  d_cyc= 552546603  d_all=16715707  IPC=0.668  ratio_rm=0.1153
[OMPT][WIN100ms] ompt_id=5348024557502465 tid=1054945 tipo=ompt_thread_worker     cpu=  1 numa=0  d_rm= 1965611  d_instr= 367013940  d_cyc= 553343443  d_all=16314379  IPC=0.663  ratio_rm=0.1205
[OMPT][WIN100ms] ompt_id=5629499534213121 tid=1054946 tipo=ompt_thread_worker     cpu= 89 numa=1  d_rm= 1938918  d_instr= 371625691  d_cyc= 551999969  d_all=16421338  IPC=0.673  ratio_rm=0.1181
[OMPT][WIN100ms] ompt_id=5910974510923777 tid=1054947 tipo=ompt_thread_worker     cpu= 88 numa=1  d_rm= 1931253  d_instr= 379455177  d_cyc= 552439516  d_all=16476973  IPC=0.687  ratio_rm=0.1172
[OMPT][WIN100ms] ompt_id=6192449487634433 tid=1054948 tipo=ompt_thread_worker     cpu= 37 numa=0  d_rm= 1904949  d_instr= 376908850  d_cyc= 553073730  d_all=16363097  IPC=0.681  ratio_rm=0.1164
[OMPT][WIN100ms] ompt_id=6473924464345089 tid=1054949 tipo=ompt_thread_worker     cpu= 65 numa=1  d_rm= 2062939  d_instr= 308859451  d_cyc= 561374632  d_all=16345987  IPC=0.550  ratio_rm=0.1262
[OMPT][WIN100ms] ompt_id=6755399441055745 tid=1054950 tipo=ompt_thread_worker     cpu=237 numa=1  d_rm= 2091928  d_instr= 315907497  d_cyc= 560641736  d_all=16389796  IPC=0.563  ratio_rm=0.1276
[OMPT][WIN100ms] ompt_id=7036874417766401 tid=1054951 tipo=ompt_thread_worker     cpu=112 numa=1  d_rm= 2006891  d_instr= 372300662  d_cyc= 552521488  d_all=16448937  IPC=0.674  ratio_rm=0.1220
[OMPT][WIN100ms] ompt_id=7318349394477057 tid=1054952 tipo=ompt_thread_worker     cpu=239 numa=1  d_rm= 2118331  d_instr= 316483742  d_cyc= 559742296  d_all=16356163  IPC=0.565  ratio_rm=0.1295
[OMPT][WIN100ms] ompt_id=7599824371187713 tid=1054953 tipo=ompt_thread_worker     cpu= 38 numa=0  d_rm= 1918125  d_instr= 378055374  d_cyc= 553394679  d_all=16475859  IPC=0.683  ratio_rm=0.1164
[OMPT][WIN100ms] ompt_id=7881299347898369 tid=1054954 tipo=ompt_thread_worker     cpu= 46 numa=0  d_rm= 1912257  d_instr= 371121810  d_cyc= 551715745  d_all=16715637  IPC=0.673  ratio_rm=0.1144
[OMPT][WIN100ms] ompt_id=8162774324609025 tid=1054955 tipo=ompt_thread_worker     cpu= 72 numa=1  d_rm= 1950320  d_instr= 380153242  d_cyc= 551806503  d_all=16541944  IPC=0.689  ratio_rm=0.1179
[OMPT][WIN100ms] ompt_id=8444249301319681 tid=1054956 tipo=ompt_thread_worker     cpu=236 numa=1  d_rm= 1993550  d_instr= 311522998  d_cyc= 559729930  d_all=16490273  IPC=0.557  ratio_rm=0.1209
[OMPT][WIN100ms] ompt_id=8725724278030337 tid=1054957 tipo=ompt_thread_worker     cpu= 25 numa=0  d_rm= 1929859  d_instr= 378314286  d_cyc= 552081900  d_all=16417976  IPC=0.685  ratio_rm=0.1175
[OMPT][WIN100ms] ompt_id=9007199254740993 tid=1054958 tipo=ompt_thread_worker     cpu= 73 numa=1  d_rm= 1940183  d_instr= 381843154  d_cyc= 553153016  d_all=16574840  IPC=0.690  ratio_rm=0.1171
[OMPT] implicit_task_begin: parallel_id=281474976710749 thread_num=6 team_size=32
[OMPT] implicit_task_begin: parallel_id=281474976710749 thread_num=5 team_size=32
[OMPT] implicit_task_begin: parallel_id=281474976710749 thread_num=7 team_size=32
[OMPT] implicit_task_begin: parallel_id=281474976710749 thread_num=3 team_size=32
[OMPT] implicit_task_begin: parallel_id=281474976710749 thread_num=11 team_size=32
[OMPT] implicit_task_begin: parallel_id=281474976710749 thread_num=8 team_size=32
[OMPT] implicit_task_begin: parallel_id=281474976710749 thread_num=14 team_size=32
[OMPT] implicit_task_begin: parallel_id=281474976710749 thread_num=2 team_size=32
[OMPT] implicit_task_begin: parallel_id=281474976710749 thread_num=22 team_size=32
[OMPT] implicit_task_begin: parallel_id=281474976710749 thread_num=18 team_size=32
[OMPT] implicit_task_begin: parallel_id=281474976710749 thread_num=9 team_size=32
[OMPT] implicit_task_begin: parallel_id=281474976710749 thread_num=26 team_size=32
[OMPT] implicit_task_begin: parallel_id=281474976710749 thread_num=21 team_size=32
[OMPT] implicit_task_begin: parallel_id=281474976710749 thread_num=1 team_size=32
[OMPT] implicit_task_begin: parallel_id=281474976710749 thread_num=28 team_size=32
[OMPT] implicit_task_begin: parallel_id=281474976710749 thread_num=30 team_size=32
[OMPT] implicit_task_begin: parallel_id=281474976710749 thread_num=20 team_size=32
[OMPT] implicit_task_begin: parallel_id=281474976710749 thread_num=19 team_size=32
[OMPT] implicit_task_begin: parallel_id=281474976710749 thread_num=31 team_size=32
[OMPT] implicit_task_begin: parallel_id=281474976710749 thread_num=15 team_size=32
[OMPT] implicit_task_begin: parallel_id=281474976710749 thread_num=12 team_size=32
[OMPT] implicit_task_begin: parallel_id=281474976710749 thread_num=24 team_size=32
[OMPT] implicit_task_begin: parallel_id=281474976710749 thread_num=10 team_size=32
[OMPT] implicit_task_begin: parallel_id=281474976710749 thread_num=0 team_size=32
[OMPT] implicit_task_begin: parallel_id=281474976710749 thread_num=23 team_size=32
[OMPT] implicit_task_begin: parallel_id=281474976710749 thread_num=29 team_size=32
[OMPT] implicit_task_begin: parallel_id=281474976710749 thread_num=25 team_size=32
[OMPT] implicit_task_begin: parallel_id=281474976710749 thread_num=27 team_size=32
[OMPT] implicit_task_begin: parallel_id=281474976710749 thread_num=17 team_size=32
[OMPT] implicit_task_begin: parallel_id=281474976710749 thread_num=16 team_size=32
[OMPT] implicit_task_begin: parallel_id=281474976710749 thread_num=13 team_size=32
[OMPT] implicit_task_begin: parallel_id=281474976710749 thread_num=4 team_size=32
[OMPT] implicit_task_end: parallel_id=0 thread_num=0
[OMPT] parallel_end: parallel_id=281474976710749
[OMPT] parallel_begin: parallel_id=281474976710751 team_size=32
[OMPT] implicit_task_end: parallel_id=0 thread_num=12
[OMPT] implicit_task_end: parallel_id=0 thread_num=2
[OMPT] implicit_task_end: parallel_id=0 thread_num=15
[OMPT] implicit_task_end: parallel_id=0 thread_num=4
[OMPT] implicit_task_end: parallel_id=0 thread_num=16
[OMPT] implicit_task_end: parallel_id=0 thread_num=7
[OMPT] implicit_task_end: parallel_id=0 thread_num=6
[OMPT] implicit_task_end: parallel_id=0 thread_num=5
[OMPT] implicit_task_begin: parallel_id=281474976710751 thread_num=4 team_size=32
[OMPT] implicit_task_begin: parallel_id=281474976710751 thread_num=7 team_size=32
[OMPT] implicit_task_end: parallel_id=0 thread_num=14
[OMPT] implicit_task_begin: parallel_id=281474976710751 thread_num=2 team_size=32
[OMPT] implicit_task_begin: parallel_id=281474976710751 thread_num=12 team_size=32
[OMPT] implicit_task_end: parallel_id=0 thread_num=28
[OMPT] implicit_task_begin: parallel_id=281474976710751 thread_num=5 team_size=32
[OMPT] implicit_task_end: parallel_id=0 thread_num=24
[OMPT] implicit_task_end: parallel_id=0 thread_num=29
[OMPT] implicit_task_begin: parallel_id=281474976710751 thread_num=24 team_size=32
[OMPT] implicit_task_end: parallel_id=0 thread_num=19
[OMPT] implicit_task_begin: parallel_id=281474976710751 thread_num=29 team_size=32
[OMPT] implicit_task_end: parallel_id=0 thread_num=3
[OMPT] implicit_task_begin: parallel_id=281474976710751 thread_num=16 team_size=32
[OMPT] implicit_task_begin: parallel_id=281474976710751 thread_num=19 team_size=32
[OMPT] implicit_task_begin: parallel_id=281474976710751 thread_num=0 team_size=32
[OMPT] implicit_task_end: parallel_id=0 thread_num=13
[OMPT] implicit_task_begin: parallel_id=281474976710751 thread_num=6 team_size=32
[OMPT] implicit_task_begin: parallel_id=281474976710751 thread_num=13 team_size=32
[OMPT] implicit_task_end: parallel_id=0 thread_num=31
[OMPT] implicit_task_begin: parallel_id=281474976710751 thread_num=31 team_size=32
[OMPT] implicit_task_end: parallel_id=0 thread_num=30
[OMPT] implicit_task_begin: parallel_id=281474976710751 thread_num=30 team_size=32
[OMPT] implicit_task_end: parallel_id=0 thread_num=8
[OMPT] implicit_task_end: parallel_id=0 thread_num=11
[OMPT] implicit_task_begin: parallel_id=281474976710751 thread_num=28 team_size=32
[OMPT] implicit_task_begin: parallel_id=281474976710751 thread_num=8 team_size=32
[OMPT] implicit_task_begin: parallel_id=281474976710751 thread_num=11 team_size=32
[OMPT] implicit_task_end: parallel_id=0 thread_num=25
[OMPT] implicit_task_end: parallel_id=0 thread_num=27
[OMPT] implicit_task_begin: parallel_id=281474976710751 thread_num=25 team_size=32
[OMPT] implicit_task_begin: parallel_id=281474976710751 thread_num=27 team_size=32
[OMPT] implicit_task_end: parallel_id=0 thread_num=26
[OMPT] implicit_task_begin: parallel_id=281474976710751 thread_num=26 team_size=32
[OMPT] implicit_task_end: parallel_id=0 thread_num=20
[OMPT] implicit_task_end: parallel_id=0 thread_num=23
[OMPT] implicit_task_begin: parallel_id=281474976710751 thread_num=15 team_size=32
[OMPT] implicit_task_begin: parallel_id=281474976710751 thread_num=20 team_size=32
[OMPT] implicit_task_end: parallel_id=0 thread_num=1
[OMPT] implicit_task_begin: parallel_id=281474976710751 thread_num=1 team_size=32
[OMPT] implicit_task_end: parallel_id=0 thread_num=18
[OMPT] implicit_task_begin: parallel_id=281474976710751 thread_num=18 team_size=32
[OMPT] implicit_task_begin: parallel_id=281474976710751 thread_num=14 team_size=32
[OMPT] implicit_task_end: parallel_id=0 thread_num=10
[OMPT] implicit_task_begin: parallel_id=281474976710751 thread_num=10 team_size=32
[OMPT] implicit_task_end: parallel_id=0 thread_num=17
[OMPT] implicit_task_begin: parallel_id=281474976710751 thread_num=17 team_size=32
[OMPT] implicit_task_end: parallel_id=0 thread_num=22
[OMPT] implicit_task_begin: parallel_id=281474976710751 thread_num=22 team_size=32
[OMPT] implicit_task_end: parallel_id=0 thread_num=21
[OMPT] implicit_task_begin: parallel_id=281474976710751 thread_num=21 team_size=32
[OMPT] implicit_task_begin: parallel_id=281474976710751 thread_num=3 team_size=32
[OMPT] implicit_task_begin: parallel_id=281474976710751 thread_num=23 team_size=32
[OMPT] implicit_task_end: parallel_id=0 thread_num=9
[OMPT] implicit_task_begin: parallel_id=281474976710751 thread_num=9 team_size=32
[OMPT] implicit_task_end: parallel_id=0 thread_num=0
[OMPT] parallel_end: parallel_id=281474976710751
[OMPT] parallel_begin: parallel_id=281474976710753 team_size=32
[OMPT] implicit_task_end: parallel_id=0 thread_num=12
[OMPT] implicit_task_end: parallel_id=0 thread_num=2
[OMPT] implicit_task_end: parallel_id=0 thread_num=14
[OMPT] implicit_task_begin: parallel_id=281474976710753 thread_num=12 team_size=32
[OMPT] implicit_task_end: parallel_id=0 thread_num=4
[OMPT] implicit_task_begin: parallel_id=281474976710753 thread_num=2 team_size=32
[OMPT] implicit_task_begin: parallel_id=281474976710753 thread_num=14 team_size=32
[OMPT] implicit_task_end: parallel_id=0 thread_num=5
[OMPT] implicit_task_begin: parallel_id=281474976710753 thread_num=0 team_size=32
[OMPT] implicit_task_begin: parallel_id=281474976710753 thread_num=4 team_size=32
[OMPT] implicit_task_end: parallel_id=0 thread_num=15
[OMPT] implicit_task_end: parallel_id=0 thread_num=16
[OMPT] implicit_task_end: parallel_id=0 thread_num=13
[OMPT] implicit_task_end: parallel_id=0 thread_num=24
[OMPT] implicit_task_end: parallel_id=0 thread_num=7
[OMPT] implicit_task_end: parallel_id=0 thread_num=25
[OMPT] implicit_task_end: parallel_id=0 thread_num=3
[OMPT] implicit_task_end: parallel_id=0 thread_num=28
[OMPT] implicit_task_begin: parallel_id=281474976710753 thread_num=25 team_size=32
[OMPT] implicit_task_end: parallel_id=0 thread_num=30
[OMPT] implicit_task_begin: parallel_id=281474976710753 thread_num=28 team_size=32
[OMPT] implicit_task_begin: parallel_id=281474976710753 thread_num=30 team_size=32
[OMPT] implicit_task_end: parallel_id=0 thread_num=19
[OMPT] implicit_task_begin: parallel_id=281474976710753 thread_num=5 team_size=32
[OMPT] implicit_task_begin: parallel_id=281474976710753 thread_num=16 team_size=32
[OMPT] implicit_task_begin: parallel_id=281474976710753 thread_num=19 team_size=32
[OMPT] implicit_task_end: parallel_id=0 thread_num=27
[OMPT] implicit_task_begin: parallel_id=281474976710753 thread_num=27 team_size=32
[OMPT] implicit_task_end: parallel_id=0 thread_num=26
[OMPT] implicit_task_begin: parallel_id=281474976710753 thread_num=26 team_size=32
[OMPT] implicit_task_begin: parallel_id=281474976710753 thread_num=13 team_size=32
[OMPT] implicit_task_end: parallel_id=0 thread_num=1
[OMPT] implicit_task_begin: parallel_id=281474976710753 thread_num=1 team_size=32
[OMPT] implicit_task_end: parallel_id=0 thread_num=6
[OMPT] implicit_task_begin: parallel_id=281474976710753 thread_num=15 team_size=32
[OMPT] implicit_task_end: parallel_id=0 thread_num=8
[OMPT] implicit_task_end: parallel_id=0 thread_num=11
[OMPT] implicit_task_begin: parallel_id=281474976710753 thread_num=24 team_size=32
[OMPT] implicit_task_end: parallel_id=0 thread_num=31
[OMPT] implicit_task_begin: parallel_id=281474976710753 thread_num=11 team_size=32
[OMPT] implicit_task_begin: parallel_id=281474976710753 thread_num=7 team_size=32
[OMPT] implicit_task_begin: parallel_id=281474976710753 thread_num=31 team_size=32
[OMPT] implicit_task_begin: parallel_id=281474976710753 thread_num=3 team_size=32
[OMPT] implicit_task_end: parallel_id=0 thread_num=20
[OMPT] implicit_task_end: parallel_id=0 thread_num=21
[OMPT] implicit_task_end: parallel_id=0 thread_num=17
[OMPT] implicit_task_end: parallel_id=0 thread_num=18
[OMPT] implicit_task_begin: parallel_id=281474976710753 thread_num=6 team_size=32
[OMPT] implicit_task_begin: parallel_id=281474976710753 thread_num=17 team_size=32
[OMPT] implicit_task_end: parallel_id=0 thread_num=10
[OMPT] implicit_task_begin: parallel_id=281474976710753 thread_num=8 team_size=32
[OMPT] implicit_task_begin: parallel_id=281474976710753 thread_num=10 team_size=32
[OMPT] implicit_task_end: parallel_id=0 thread_num=23
[OMPT] implicit_task_begin: parallel_id=281474976710753 thread_num=20 team_size=32
[OMPT] implicit_task_begin: parallel_id=281474976710753 thread_num=21 team_size=32
[OMPT] implicit_task_begin: parallel_id=281474976710753 thread_num=18 team_size=32
[OMPT] implicit_task_end: parallel_id=0 thread_num=9
[OMPT] implicit_task_begin: parallel_id=281474976710753 thread_num=9 team_size=32
[OMPT] implicit_task_end: parallel_id=0 thread_num=29
[OMPT] implicit_task_begin: parallel_id=281474976710753 thread_num=29 team_size=32
[OMPT] implicit_task_end: parallel_id=0 thread_num=22
[OMPT] implicit_task_begin: parallel_id=281474976710753 thread_num=22 team_size=32
[OMPT] implicit_task_begin: parallel_id=281474976710753 thread_num=23 team_size=32
[OMPT] implicit_task_end: parallel_id=0 thread_num=0
[OMPT] parallel_end: parallel_id=281474976710753
[OMPT] parallel_begin: parallel_id=281474976710755 team_size=32
[OMPT] implicit_task_end: parallel_id=0 thread_num=16
[OMPT] implicit_task_end: parallel_id=0 thread_num=2
[OMPT] implicit_task_end: parallel_id=0 thread_num=17
[OMPT] implicit_task_end: parallel_id=0 thread_num=18
[OMPT] implicit_task_begin: parallel_id=281474976710755 thread_num=16 team_size=32
[OMPT] implicit_task_end: parallel_id=0 thread_num=12
[OMPT] implicit_task_begin: parallel_id=281474976710755 thread_num=17 team_size=32
[OMPT] implicit_task_begin: parallel_id=281474976710755 thread_num=2 team_size=32
[OMPT] implicit_task_end: parallel_id=0 thread_num=14
[OMPT] implicit_task_begin: parallel_id=281474976710755 thread_num=12 team_size=32
[OMPT] implicit_task_end: parallel_id=0 thread_num=24
[OMPT] implicit_task_end: parallel_id=0 thread_num=19
[OMPT] implicit_task_end: parallel_id=0 thread_num=4
[OMPT] implicit_task_end: parallel_id=0 thread_num=7
[OMPT] implicit_task_begin: parallel_id=281474976710755 thread_num=18 team_size=32
[OMPT] implicit_task_begin: parallel_id=281474976710755 thread_num=19 team_size=32
[OMPT] implicit_task_begin: parallel_id=281474976710755 thread_num=4 team_size=32
[OMPT] implicit_task_begin: parallel_id=281474976710755 thread_num=7 team_size=32
[OMPT] implicit_task_end: parallel_id=0 thread_num=15
[OMPT] implicit_task_begin: parallel_id=281474976710755 thread_num=15 team_size=32
[OMPT] implicit_task_end: parallel_id=0 thread_num=13
[OMPT] implicit_task_begin: parallel_id=281474976710755 thread_num=0 team_size=32
[OMPT] implicit_task_begin: parallel_id=281474976710755 thread_num=14 team_size=32
[OMPT] implicit_task_end: parallel_id=0 thread_num=28
[OMPT] implicit_task_end: parallel_id=0 thread_num=31
[OMPT] implicit_task_end: parallel_id=0 thread_num=20
[OMPT] implicit_task_begin: parallel_id=281474976710755 thread_num=28 team_size=32
[OMPT] implicit_task_end: parallel_id=0 thread_num=21
[OMPT] implicit_task_end: parallel_id=0 thread_num=27
[OMPT] implicit_task_end: parallel_id=0 thread_num=26
[OMPT] implicit_task_begin: parallel_id=281474976710755 thread_num=20 team_size=32
[OMPT] implicit_task_begin: parallel_id=281474976710755 thread_num=24 team_size=32
[OMPT] implicit_task_end: parallel_id=0 thread_num=5
[OMPT] implicit_task_end: parallel_id=0 thread_num=8
[OMPT] implicit_task_end: parallel_id=0 thread_num=1
[OMPT] implicit_task_begin: parallel_id=281474976710755 thread_num=13 team_size=32
[OMPT] implicit_task_begin: parallel_id=281474976710755 thread_num=5 team_size=32
[OMPT] implicit_task_begin: parallel_id=281474976710755 thread_num=8 team_size=32
[OMPT] implicit_task_end: parallel_id=0 thread_num=22
[OMPT] implicit_task_begin: parallel_id=281474976710755 thread_num=1 team_size=32
[OMPT] implicit_task_begin: parallel_id=281474976710755 thread_num=22 team_size=32
[OMPT] implicit_task_begin: parallel_id=281474976710755 thread_num=31 team_size=32
[OMPT] implicit_task_end: parallel_id=0 thread_num=25
[OMPT] implicit_task_begin: parallel_id=281474976710755 thread_num=21 team_size=32
[OMPT] implicit_task_begin: parallel_id=281474976710755 thread_num=26 team_size=32
[OMPT] implicit_task_begin: parallel_id=281474976710755 thread_num=25 team_size=32
[OMPT] implicit_task_end: parallel_id=0 thread_num=6
[OMPT] implicit_task_begin: parallel_id=281474976710755 thread_num=27 team_size=32
[OMPT] implicit_task_end: parallel_id=0 thread_num=3
[OMPT] implicit_task_begin: parallel_id=281474976710755 thread_num=3 team_size=32
[OMPT] implicit_task_end: parallel_id=0 thread_num=11
[OMPT] implicit_task_end: parallel_id=0 thread_num=10
[OMPT] implicit_task_begin: parallel_id=281474976710755 thread_num=10 team_size=32
[OMPT] implicit_task_end: parallel_id=0 thread_num=9
[OMPT] implicit_task_begin: parallel_id=281474976710755 thread_num=9 team_size=32
[OMPT] implicit_task_end: parallel_id=0 thread_num=29
[OMPT] implicit_task_end: parallel_id=0 thread_num=30
[OMPT] implicit_task_begin: parallel_id=281474976710755 thread_num=30 team_size=32
[OMPT] implicit_task_end: parallel_id=0 thread_num=23
[OMPT] implicit_task_begin: parallel_id=281474976710755 thread_num=23 team_size=32
[OMPT] implicit_task_begin: parallel_id=281474976710755 thread_num=6 team_size=32
[OMPT] implicit_task_begin: parallel_id=281474976710755 thread_num=11 team_size=32
[OMPT] implicit_task_begin: parallel_id=281474976710755 thread_num=29 team_size=32
[OMPT] implicit_task_end: parallel_id=0 thread_num=0
[OMPT] parallel_end: parallel_id=281474976710755
[OMPT] parallel_begin: parallel_id=281474976710757 team_size=32
[OMPT] implicit_task_end: parallel_id=0 thread_num=12
[OMPT] implicit_task_end: parallel_id=0 thread_num=2
[OMPT] implicit_task_end: parallel_id=0 thread_num=13
[OMPT] implicit_task_end: parallel_id=0 thread_num=4
[OMPT] implicit_task_begin: parallel_id=281474976710757 thread_num=2 team_size=32
[OMPT] implicit_task_end: parallel_id=0 thread_num=7
[OMPT] implicit_task_end: parallel_id=0 thread_num=3
[OMPT] implicit_task_begin: parallel_id=281474976710757 thread_num=4 team_size=32
[OMPT] implicit_task_begin: parallel_id=281474976710757 thread_num=7 team_size=32
[OMPT] implicit_task_end: parallel_id=0 thread_num=1
[OMPT] implicit_task_begin: parallel_id=281474976710757 thread_num=1 team_size=32
[OMPT] implicit_task_end: parallel_id=0 thread_num=15
[OMPT] implicit_task_begin: parallel_id=281474976710757 thread_num=15 team_size=32
[OMPT] implicit_task_begin: parallel_id=281474976710757 thread_num=12 team_size=32
[OMPT] implicit_task_end: parallel_id=0 thread_num=16
[OMPT] implicit_task_end: parallel_id=0 thread_num=24
[OMPT] implicit_task_end: parallel_id=0 thread_num=20
[OMPT] implicit_task_end: parallel_id=0 thread_num=22
[OMPT] implicit_task_begin: parallel_id=281474976710757 thread_num=24 team_size=32
[OMPT] implicit_task_end: parallel_id=0 thread_num=6
[OMPT] implicit_task_begin: parallel_id=281474976710757 thread_num=3 team_size=32
[OMPT] implicit_task_begin: parallel_id=281474976710757 thread_num=13 team_size=32
[OMPT] implicit_task_begin: parallel_id=281474976710757 thread_num=0 team_size=32
[OMPT] implicit_task_end: parallel_id=0 thread_num=14
[OMPT] implicit_task_end: parallel_id=0 thread_num=17
[OMPT] implicit_task_end: parallel_id=0 thread_num=28
[OMPT] implicit_task_begin: parallel_id=281474976710757 thread_num=6 team_size=32
[OMPT] implicit_task_end: parallel_id=0 thread_num=29
[OMPT] implicit_task_end: parallel_id=0 thread_num=8
[OMPT] implicit_task_end: parallel_id=0 thread_num=27
[OMPT] implicit_task_end: parallel_id=0 thread_num=10
[OMPT] implicit_task_end: parallel_id=0 thread_num=25
[OMPT] implicit_task_begin: parallel_id=281474976710757 thread_num=29 team_size=32
[OMPT] implicit_task_end: parallel_id=0 thread_num=26
[OMPT] implicit_task_begin: parallel_id=281474976710757 thread_num=25 team_size=32
[OMPT] implicit_task_end: parallel_id=0 thread_num=23
[OMPT] implicit_task_begin: parallel_id=281474976710757 thread_num=20 team_size=32
[OMPT] implicit_task_begin: parallel_id=281474976710757 thread_num=8 team_size=32
[OMPT] implicit_task_end: parallel_id=0 thread_num=18
[OMPT] implicit_task_begin: parallel_id=281474976710757 thread_num=23 team_size=32
[OMPT] implicit_task_begin: parallel_id=281474976710757 thread_num=18 team_size=32
[OMPT] implicit_task_end: parallel_id=0 thread_num=30
[OMPT] implicit_task_end: parallel_id=0 thread_num=19
[OMPT] implicit_task_begin: parallel_id=281474976710757 thread_num=14 team_size=32
[OMPT] implicit_task_begin: parallel_id=281474976710757 thread_num=19 team_size=32
[OMPT] implicit_task_begin: parallel_id=281474976710757 thread_num=16 team_size=32
[OMPT] implicit_task_begin: parallel_id=281474976710757 thread_num=28 team_size=32
[OMPT] implicit_task_end: parallel_id=0 thread_num=11
[OMPT] implicit_task_end: parallel_id=0 thread_num=9
[OMPT] implicit_task_begin: parallel_id=281474976710757 thread_num=27 team_size=32
[OMPT] implicit_task_begin: parallel_id=281474976710757 thread_num=9 team_size=32
[OMPT] implicit_task_end: parallel_id=0 thread_num=21
[OMPT] implicit_task_end: parallel_id=0 thread_num=5
[OMPT] implicit_task_begin: parallel_id=281474976710757 thread_num=21 team_size=32
[OMPT] implicit_task_begin: parallel_id=281474976710757 thread_num=10 team_size=32
[OMPT] implicit_task_begin: parallel_id=281474976710757 thread_num=5 team_size=32
[OMPT] implicit_task_end: parallel_id=0 thread_num=31
[OMPT] implicit_task_begin: parallel_id=281474976710757 thread_num=31 team_size=32
[OMPT] implicit_task_begin: parallel_id=281474976710757 thread_num=17 team_size=32
[OMPT] implicit_task_begin: parallel_id=281474976710757 thread_num=30 team_size=32
[OMPT] implicit_task_begin: parallel_id=281474976710757 thread_num=22 team_size=32
[OMPT] implicit_task_begin: parallel_id=281474976710757 thread_num=11 team_size=32
[OMPT] implicit_task_begin: parallel_id=281474976710757 thread_num=26 team_size=32
[OMPT][WIN100ms] ompt_id=281474976710657 tid=1054906 tipo=ompt_thread_initial    cpu=150 numa=0  d_rm= 1978224  d_instr= 369588952  d_cyc= 553096702  d_all=16762522  IPC=0.668  ratio_rm=0.1180
[OMPT][WIN100ms] ompt_id=562949953421313 tid=1054928 tipo=ompt_thread_worker     cpu=159 numa=0  d_rm= 1915039  d_instr= 374801539  d_cyc= 549728742  d_all=16449276  IPC=0.682  ratio_rm=0.1164
[OMPT][WIN100ms] ompt_id=844424930131969 tid=1054929 tipo=ompt_thread_worker     cpu= 66 numa=1  d_rm= 2102705  d_instr= 312892763  d_cyc= 562353719  d_all=16745491  IPC=0.556  ratio_rm=0.1256
[OMPT][WIN100ms] ompt_id=1125899906842625 tid=1054930 tipo=ompt_thread_worker     cpu=  8 numa=0  d_rm= 1918400  d_instr= 377471823  d_cyc= 548324471  d_all=17041851  IPC=0.688  ratio_rm=0.1126
[OMPT][WIN100ms] ompt_id=1407374883553281 tid=1054931 tipo=ompt_thread_worker     cpu=121 numa=1  d_rm= 2047641  d_instr= 375118434  d_cyc= 553697649  d_all=17028671  IPC=0.677  ratio_rm=0.1202
[OMPT][WIN100ms] ompt_id=1688849860263937 tid=1054932 tipo=ompt_thread_worker     cpu=208 numa=1  d_rm= 2001614  d_instr= 378553449  d_cyc= 550972303  d_all=16610130  IPC=0.687  ratio_rm=0.1205
[OMPT][WIN100ms] ompt_id=1970324836974593 tid=1054933 tipo=ompt_thread_worker     cpu= 87 numa=1  d_rm= 2001267  d_instr= 381951434  d_cyc= 548845420  d_all=16797641  IPC=0.696  ratio_rm=0.1191
[OMPT][WIN100ms] ompt_id=2251799813685249 tid=1054935 tipo=ompt_thread_worker     cpu= 97 numa=1  d_rm= 1948860  d_instr= 376299938  d_cyc= 547414047  d_all=16742382  IPC=0.687  ratio_rm=0.1164
[OMPT][WIN100ms] ompt_id=2533274790395905 tid=1054934 tipo=ompt_thread_worker     cpu=139 numa=0  d_rm= 1972920  d_instr= 379508734  d_cyc= 550718107  d_all=17087660  IPC=0.689  ratio_rm=0.1155
[OMPT] implicit_task_end: parallel_id=0 thread_num=0
[OMPT] parallel_end: parallel_id=281474976710757
[OMPT] parallel_begin: parallel_id=281474976710759 team_size=32
[OMPT] implicit_task_end: parallel_id=0 thread_num=16
[OMPT] implicit_task_end: parallel_id=0 thread_num=3
[OMPT] implicit_task_end: parallel_id=0 thread_num=19
[OMPT] implicit_task_end: parallel_id=0 thread_num=4
[OMPT] implicit_task_end: parallel_id=0 thread_num=2
[OMPT] implicit_task_end: parallel_id=0 thread_num=12
[OMPT] implicit_task_end: parallel_id=0 thread_num=1
[OMPT] implicit_task_end: parallel_id=0 thread_num=24
[OMPT] implicit_task_end: parallel_id=0 thread_num=27
[OMPT] implicit_task_end: parallel_id=0 thread_num=20
[OMPT] implicit_task_end: parallel_id=0 thread_num=22
[OMPT] implicit_task_end: parallel_id=0 thread_num=18
[OMPT] implicit_task_end: parallel_id=0 thread_num=17
[OMPT] implicit_task_end: parallel_id=0 thread_num=7
[OMPT] implicit_task_end: parallel_id=0 thread_num=6
[OMPT] implicit_task_end: parallel_id=0 thread_num=5
[OMPT] implicit_task_end: parallel_id=0 thread_num=15
[OMPT] implicit_task_end: parallel_id=0 thread_num=14
[OMPT] implicit_task_end: parallel_id=0 thread_num=13
[OMPT][WIN100ms] ompt_id=2814749767106561 tid=1054937 tipo=ompt_thread_worker     cpu=113 numa=1  d_rm= 1920603  d_instr= 364284970  d_cyc= 549475198  d_all=16420584  IPC=0.663  ratio_rm=0.1170
[OMPT] implicit_task_end: parallel_id=0 thread_num=26
[OMPT] implicit_task_end: parallel_id=0 thread_num=25
[OMPT] implicit_task_end: parallel_id=0 thread_num=23
[OMPT] implicit_task_end: parallel_id=0 thread_num=21
[OMPT] implicit_task_end: parallel_id=0 thread_num=28
[OMPT] implicit_task_end: parallel_id=0 thread_num=29
[OMPT] implicit_task_end: parallel_id=0 thread_num=8
[OMPT] implicit_task_end: parallel_id=0 thread_num=10
[OMPT] implicit_task_end: parallel_id=0 thread_num=30
[OMPT] implicit_task_end: parallel_id=0 thread_num=9
[OMPT] implicit_task_end: parallel_id=0 thread_num=11
[OMPT] implicit_task_end: parallel_id=0 thread_num=31
[OMPT][WIN100ms] ompt_id=3096224743817217 tid=1054936 tipo=ompt_thread_worker     cpu=  2 numa=0  d_rm= 1931242  d_instr= 373183382  d_cyc= 548565097  d_all=16594328  IPC=0.680  ratio_rm=0.1164
[OMPT][WIN100ms] ompt_id=3377699720527873 tid=1054938 tipo=ompt_thread_worker     cpu=231 numa=1  d_rm= 1992252  d_instr= 377733901  d_cyc= 548562878  d_all=16605893  IPC=0.689  ratio_rm=0.1200
[OMPT][WIN100ms] ompt_id=3940649673949185 tid=1054940 tipo=ompt_thread_worker     cpu= 45 numa=0  d_rm= 1918426  d_instr= 366777500  d_cyc= 546004640  d_all=16185275  IPC=0.672  ratio_rm=0.1185
[OMPT][WIN100ms] ompt_id=3659174697238529 tid=1054939 tipo=ompt_thread_worker     cpu= 56 numa=0  d_rm= 1915263  d_instr= 378807412  d_cyc= 548320831  d_all=16372935  IPC=0.691  ratio_rm=0.1170
[OMPT][WIN100ms] ompt_id=4222124650659841 tid=1054942 tipo=ompt_thread_worker     cpu=191 numa=0  d_rm= 1939356  d_instr= 377740553  d_cyc= 546045515  d_all=16613748  IPC=0.692  ratio_rm=0.1167
[OMPT][WIN100ms] ompt_id=4503599627370497 tid=1054941 tipo=ompt_thread_worker     cpu= 64 numa=1  d_rm= 1982062  d_instr= 305506800  d_cyc= 554589637  d_all=16323702  IPC=0.551  ratio_rm=0.1214
[OMPT][WIN100ms] ompt_id=4785074604081153 tid=1054944 tipo=ompt_thread_worker     cpu= 21 numa=0  d_rm= 1997266  d_instr= 368916888  d_cyc= 545599796  d_all=16715226  IPC=0.676  ratio_rm=0.1195
[OMPT][WIN100ms] ompt_id=5066549580791809 tid=1054943 tipo=ompt_thread_worker     cpu=120 numa=1  d_rm= 1920836  d_instr= 370329440  d_cyc= 546800014  d_all=16720064  IPC=0.677  ratio_rm=0.1149
[OMPT][WIN100ms] ompt_id=5348024557502465 tid=1054945 tipo=ompt_thread_worker     cpu=  1 numa=0  d_rm= 1955550  d_instr= 369989778  d_cyc= 543925476  d_all=16318447  IPC=0.680  ratio_rm=0.1198
[OMPT][WIN100ms] ompt_id=5629499534213121 tid=1054946 tipo=ompt_thread_worker     cpu= 89 numa=1  d_rm= 1948571  d_instr= 378271110  d_cyc= 545049402  d_all=16420376  IPC=0.694  ratio_rm=0.1187
[OMPT][WIN100ms] ompt_id=5910974510923777 tid=1054947 tipo=ompt_thread_worker     cpu= 88 numa=1  d_rm= 1955277  d_instr= 381661801  d_cyc= 542727675  d_all=16480242  IPC=0.703  ratio_rm=0.1186
[OMPT][WIN100ms] ompt_id=6192449487634433 tid=1054948 tipo=ompt_thread_worker     cpu= 37 numa=0  d_rm= 1896011  d_instr= 375250783  d_cyc= 544833506  d_all=16363637  IPC=0.689  ratio_rm=0.1159
[OMPT][WIN100ms] ompt_id=6473924464345089 tid=1054949 tipo=ompt_thread_worker     cpu= 65 numa=1  d_rm= 2051875  d_instr= 311059105  d_cyc= 552745589  d_all=16343166  IPC=0.563  ratio_rm=0.1255
[OMPT][WIN100ms] ompt_id=6755399441055745 tid=1054950 tipo=ompt_thread_worker     cpu=237 numa=1  d_rm= 2087313  d_instr= 314142643  d_cyc= 551089455  d_all=16380417  IPC=0.570  ratio_rm=0.1274
[OMPT][WIN100ms] ompt_id=7036874417766401 tid=1054951 tipo=ompt_thread_worker     cpu=112 numa=1  d_rm= 2010301  d_instr= 370725881  d_cyc= 544859192  d_all=16446456  IPC=0.680  ratio_rm=0.1222
[OMPT][WIN100ms] ompt_id=7318349394477057 tid=1054952 tipo=ompt_thread_worker     cpu=239 numa=1  d_rm= 2106307  d_instr= 314627871  d_cyc= 550942524  d_all=16355670  IPC=0.571  ratio_rm=0.1288
[OMPT][WIN100ms] ompt_id=7599824371187713 tid=1054953 tipo=ompt_thread_worker     cpu= 38 numa=0  d_rm= 1910443  d_instr= 375258262  d_cyc= 542821959  d_all=16476162  IPC=0.691  ratio_rm=0.1160
[OMPT][WIN100ms] ompt_id=7881299347898369 tid=1054954 tipo=ompt_thread_worker     cpu= 46 numa=0  d_rm= 1902203  d_instr= 370420269  d_cyc= 544047560  d_all=16708733  IPC=0.681  ratio_rm=0.1138
[OMPT][WIN100ms] ompt_id=8162774324609025 tid=1054955 tipo=ompt_thread_worker     cpu= 72 numa=1  d_rm= 1944949  d_instr= 375580627  d_cyc= 541911204  d_all=16539219  IPC=0.693  ratio_rm=0.1176
[OMPT][WIN100ms] ompt_id=8444249301319681 tid=1054956 tipo=ompt_thread_worker     cpu=236 numa=1  d_rm= 1997216  d_instr= 311143784  d_cyc= 550687232  d_all=16487473  IPC=0.565  ratio_rm=0.1211
[OMPT][WIN100ms] ompt_id=8725724278030337 tid=1054957 tipo=ompt_thread_worker     cpu= 25 numa=0  d_rm= 1925726  d_instr= 378347804  d_cyc= 542172569  d_all=16410751  IPC=0.698  ratio_rm=0.1173
[OMPT][WIN100ms] ompt_id=9007199254740993 tid=1054958 tipo=ompt_thread_worker     cpu= 73 numa=1  d_rm= 1926780  d_instr= 376935817  d_cyc= 542209641  d_all=16574531  IPC=0.695  ratio_rm=0.1162
[OMPT] implicit_task_begin: parallel_id=281474976710759 thread_num=11 team_size=32
[OMPT] implicit_task_begin: parallel_id=281474976710759 thread_num=8 team_size=32
[OMPT] implicit_task_begin: parallel_id=281474976710759 thread_num=1 team_size=32
[OMPT] implicit_task_begin: parallel_id=281474976710759 thread_num=30 team_size=32
[OMPT] implicit_task_begin: parallel_id=281474976710759 thread_num=7 team_size=32
[OMPT] implicit_task_begin: parallel_id=281474976710759 thread_num=3 team_size=32
[OMPT] implicit_task_begin: parallel_id=281474976710759 thread_num=6 team_size=32
[OMPT] implicit_task_begin: parallel_id=281474976710759 thread_num=5 team_size=32
[OMPT] implicit_task_begin: parallel_id=281474976710759 thread_num=16 team_size=32
[OMPT] implicit_task_begin: parallel_id=281474976710759 thread_num=4 team_size=32
[OMPT] implicit_task_begin: parallel_id=281474976710759 thread_num=24 team_size=32
[OMPT] implicit_task_begin: parallel_id=281474976710759 thread_num=10 team_size=32
[OMPT] implicit_task_begin: parallel_id=281474976710759 thread_num=23 team_size=32
[OMPT] implicit_task_begin: parallel_id=281474976710759 thread_num=29 team_size=32
[OMPT] implicit_task_begin: parallel_id=281474976710759 thread_num=25 team_size=32
[OMPT] implicit_task_begin: parallel_id=281474976710759 thread_num=27 team_size=32
[OMPT] implicit_task_begin: parallel_id=281474976710759 thread_num=13 team_size=32
[OMPT] implicit_task_begin: parallel_id=281474976710759 thread_num=31 team_size=32
[OMPT] implicit_task_begin: parallel_id=281474976710759 thread_num=28 team_size=32
[OMPT] implicit_task_begin: parallel_id=281474976710759 thread_num=20 team_size=32
[OMPT] implicit_task_begin: parallel_id=281474976710759 thread_num=19 team_size=32
[OMPT] implicit_task_begin: parallel_id=281474976710759 thread_num=26 team_size=32
[OMPT] implicit_task_begin: parallel_id=281474976710759 thread_num=15 team_size=32
[OMPT] implicit_task_begin: parallel_id=281474976710759 thread_num=0 team_size=32
[OMPT] implicit_task_begin: parallel_id=281474976710759 thread_num=9 team_size=32
[OMPT] implicit_task_begin: parallel_id=281474976710759 thread_num=2 team_size=32
[OMPT] implicit_task_begin: parallel_id=281474976710759 thread_num=12 team_size=32
[OMPT] implicit_task_begin: parallel_id=281474976710759 thread_num=17 team_size=32
[OMPT] implicit_task_begin: parallel_id=281474976710759 thread_num=18 team_size=32
[OMPT] implicit_task_begin: parallel_id=281474976710759 thread_num=21 team_size=32
[OMPT] implicit_task_begin: parallel_id=281474976710759 thread_num=22 team_size=32
[OMPT] implicit_task_begin: parallel_id=281474976710759 thread_num=14 team_size=32
[OMPT] implicit_task_end: parallel_id=0 thread_num=0
[OMPT] parallel_end: parallel_id=281474976710759
[OMPT] parallel_begin: parallel_id=281474976710761 team_size=32
[OMPT] implicit_task_end: parallel_id=0 thread_num=12
[OMPT] implicit_task_end: parallel_id=0 thread_num=2
[OMPT] implicit_task_end: parallel_id=0 thread_num=13
[OMPT] implicit_task_begin: parallel_id=281474976710761 thread_num=12 team_size=32
[OMPT] implicit_task_end: parallel_id=0 thread_num=16
[OMPT] implicit_task_begin: parallel_id=281474976710761 thread_num=2 team_size=32
[OMPT] implicit_task_end: parallel_id=0 thread_num=28
[OMPT] implicit_task_begin: parallel_id=281474976710761 thread_num=13 team_size=32
[OMPT] implicit_task_begin: parallel_id=281474976710761 thread_num=16 team_size=32
[OMPT] implicit_task_end: parallel_id=0 thread_num=30
[OMPT] implicit_task_end: parallel_id=0 thread_num=15
[OMPT] implicit_task_end: parallel_id=0 thread_num=14
[OMPT] implicit_task_end: parallel_id=0 thread_num=4
[OMPT] implicit_task_begin: parallel_id=281474976710761 thread_num=15 team_size=32
[OMPT] implicit_task_end: parallel_id=0 thread_num=5
[OMPT] implicit_task_end: parallel_id=0 thread_num=8
[OMPT] implicit_task_end: parallel_id=0 thread_num=11
[OMPT] implicit_task_end: parallel_id=0 thread_num=24
[OMPT] implicit_task_end: parallel_id=0 thread_num=27
[OMPT] implicit_task_begin: parallel_id=281474976710761 thread_num=11 team_size=32
[OMPT] implicit_task_end: parallel_id=0 thread_num=31
[OMPT] implicit_task_begin: parallel_id=281474976710761 thread_num=27 team_size=32
[OMPT] implicit_task_end: parallel_id=0 thread_num=29
[OMPT] implicit_task_begin: parallel_id=281474976710761 thread_num=28 team_size=32
[OMPT] implicit_task_begin: parallel_id=281474976710761 thread_num=0 team_size=32
[OMPT] implicit_task_begin: parallel_id=281474976710761 thread_num=29 team_size=32
[OMPT] implicit_task_begin: parallel_id=281474976710761 thread_num=30 team_size=32
[OMPT] implicit_task_end: parallel_id=0 thread_num=7
[OMPT] implicit_task_begin: parallel_id=281474976710761 thread_num=7 team_size=32
[OMPT] implicit_task_end: parallel_id=0 thread_num=19
[OMPT] implicit_task_begin: parallel_id=281474976710761 thread_num=14 team_size=32
[OMPT] implicit_task_end: parallel_id=0 thread_num=6
[OMPT] implicit_task_end: parallel_id=0 thread_num=20
[OMPT] implicit_task_end: parallel_id=0 thread_num=21
[OMPT] implicit_task_begin: parallel_id=281474976710761 thread_num=4 team_size=32
[OMPT] implicit_task_begin: parallel_id=281474976710761 thread_num=21 team_size=32
[OMPT] implicit_task_end: parallel_id=0 thread_num=18
[OMPT] implicit_task_begin: parallel_id=281474976710761 thread_num=18 team_size=32
[OMPT] implicit_task_end: parallel_id=0 thread_num=10
[OMPT] implicit_task_begin: parallel_id=281474976710761 thread_num=10 team_size=32
[OMPT] implicit_task_end: parallel_id=0 thread_num=3
[OMPT] implicit_task_begin: parallel_id=281474976710761 thread_num=3 team_size=32
[OMPT] implicit_task_begin: parallel_id=281474976710761 thread_num=5 team_size=32
[OMPT] implicit_task_end: parallel_id=0 thread_num=25
[OMPT] implicit_task_end: parallel_id=0 thread_num=26
[OMPT] implicit_task_begin: parallel_id=281474976710761 thread_num=26 team_size=32
[OMPT] implicit_task_begin: parallel_id=281474976710761 thread_num=8 team_size=32
[OMPT] implicit_task_begin: parallel_id=281474976710761 thread_num=24 team_size=32
[OMPT] implicit_task_end: parallel_id=0 thread_num=1
[OMPT] implicit_task_begin: parallel_id=281474976710761 thread_num=1 team_size=32
[OMPT] implicit_task_begin: parallel_id=281474976710761 thread_num=31 team_size=32
[OMPT] implicit_task_begin: parallel_id=281474976710761 thread_num=19 team_size=32
[OMPT] implicit_task_begin: parallel_id=281474976710761 thread_num=6 team_size=32
[OMPT] implicit_task_end: parallel_id=0 thread_num=23
[OMPT] implicit_task_begin: parallel_id=281474976710761 thread_num=23 team_size=32
[OMPT] implicit_task_end: parallel_id=0 thread_num=22
[OMPT] implicit_task_begin: parallel_id=281474976710761 thread_num=22 team_size=32
[OMPT] implicit_task_begin: parallel_id=281474976710761 thread_num=20 team_size=32
[OMPT] implicit_task_end: parallel_id=0 thread_num=17
[OMPT] implicit_task_begin: parallel_id=281474976710761 thread_num=17 team_size=32
[OMPT] implicit_task_end: parallel_id=0 thread_num=9
[OMPT] implicit_task_begin: parallel_id=281474976710761 thread_num=9 team_size=32
[OMPT] implicit_task_begin: parallel_id=281474976710761 thread_num=25 team_size=32
[OMPT] implicit_task_end: parallel_id=0 thread_num=0
[OMPT] parallel_end: parallel_id=281474976710761
[OMPT] parallel_begin: parallel_id=281474976710763 team_size=32
[OMPT] implicit_task_end: parallel_id=0 thread_num=16
[OMPT] implicit_task_end: parallel_id=0 thread_num=3
[OMPT] implicit_task_end: parallel_id=0 thread_num=24
[OMPT] implicit_task_end: parallel_id=0 thread_num=18
[OMPT] implicit_task_begin: parallel_id=281474976710763 thread_num=3 team_size=32
[OMPT] implicit_task_end: parallel_id=0 thread_num=4
[OMPT] implicit_task_end: parallel_id=0 thread_num=8
[OMPT] implicit_task_end: parallel_id=0 thread_num=6
[OMPT] implicit_task_begin: parallel_id=281474976710763 thread_num=18 team_size=32
[OMPT] implicit_task_begin: parallel_id=281474976710763 thread_num=8 team_size=32
[OMPT] implicit_task_end: parallel_id=0 thread_num=20
[OMPT] implicit_task_end: parallel_id=0 thread_num=22
[OMPT] implicit_task_begin: parallel_id=281474976710763 thread_num=6 team_size=32
[OMPT] implicit_task_end: parallel_id=0 thread_num=12
[OMPT] implicit_task_end: parallel_id=0 thread_num=15
[OMPT] implicit_task_begin: parallel_id=281474976710763 thread_num=22 team_size=32
[OMPT] implicit_task_end: parallel_id=0 thread_num=26
[OMPT] implicit_task_begin: parallel_id=281474976710763 thread_num=16 team_size=32
[OMPT] implicit_task_begin: parallel_id=281474976710763 thread_num=26 team_size=32
[OMPT] implicit_task_end: parallel_id=0 thread_num=7
[OMPT] implicit_task_begin: parallel_id=281474976710763 thread_num=24 team_size=32
[OMPT] implicit_task_begin: parallel_id=281474976710763 thread_num=7 team_size=32
[OMPT] implicit_task_end: parallel_id=0 thread_num=1
[OMPT] implicit_task_begin: parallel_id=281474976710763 thread_num=1 team_size=32
[OMPT] implicit_task_begin: parallel_id=281474976710763 thread_num=0 team_size=32
[OMPT] implicit_task_end: parallel_id=0 thread_num=2
[OMPT] implicit_task_begin: parallel_id=281474976710763 thread_num=2 team_size=32
[OMPT] implicit_task_end: parallel_id=0 thread_num=11
[OMPT] implicit_task_end: parallel_id=0 thread_num=10
[OMPT] implicit_task_begin: parallel_id=281474976710763 thread_num=10 team_size=32
[OMPT] implicit_task_end: parallel_id=0 thread_num=9
[OMPT] implicit_task_begin: parallel_id=281474976710763 thread_num=9 team_size=32
[OMPT] implicit_task_end: parallel_id=0 thread_num=17
[OMPT] implicit_task_begin: parallel_id=281474976710763 thread_num=17 team_size=32
[OMPT] implicit_task_end: parallel_id=0 thread_num=19
[OMPT] implicit_task_begin: parallel_id=281474976710763 thread_num=19 team_size=32
[OMPT] implicit_task_end: parallel_id=0 thread_num=23
[OMPT] implicit_task_end: parallel_id=0 thread_num=21
[OMPT] implicit_task_end: parallel_id=0 thread_num=28
[OMPT] implicit_task_begin: parallel_id=281474976710763 thread_num=23 team_size=32
[OMPT] implicit_task_end: parallel_id=0 thread_num=29
[OMPT] implicit_task_begin: parallel_id=281474976710763 thread_num=20 team_size=32
[OMPT] implicit_task_begin: parallel_id=281474976710763 thread_num=28 team_size=32
[OMPT] implicit_task_end: parallel_id=0 thread_num=14
[OMPT] implicit_task_begin: parallel_id=281474976710763 thread_num=12 team_size=32
[OMPT] implicit_task_begin: parallel_id=281474976710763 thread_num=14 team_size=32
[OMPT] implicit_task_begin: parallel_id=281474976710763 thread_num=15 team_size=32
[OMPT] implicit_task_end: parallel_id=0 thread_num=25
[OMPT] implicit_task_end: parallel_id=0 thread_num=5
[OMPT] implicit_task_begin: parallel_id=281474976710763 thread_num=25 team_size=32
[OMPT] implicit_task_begin: parallel_id=281474976710763 thread_num=4 team_size=32
[OMPT] implicit_task_begin: parallel_id=281474976710763 thread_num=11 team_size=32
[OMPT] implicit_task_begin: parallel_id=281474976710763 thread_num=5 team_size=32
[OMPT] implicit_task_end: parallel_id=0 thread_num=31
[OMPT] implicit_task_end: parallel_id=0 thread_num=30
[OMPT] implicit_task_begin: parallel_id=281474976710763 thread_num=31 team_size=32
[OMPT] implicit_task_begin: parallel_id=281474976710763 thread_num=21 team_size=32
[OMPT] implicit_task_end: parallel_id=0 thread_num=27
[OMPT] implicit_task_end: parallel_id=0 thread_num=13
[OMPT] implicit_task_begin: parallel_id=281474976710763 thread_num=27 team_size=32
[OMPT] implicit_task_begin: parallel_id=281474976710763 thread_num=30 team_size=32
[OMPT] implicit_task_begin: parallel_id=281474976710763 thread_num=13 team_size=32
[OMPT] implicit_task_begin: parallel_id=281474976710763 thread_num=29 team_size=32
[OMPT] implicit_task_end: parallel_id=0 thread_num=0
[OMPT] parallel_end: parallel_id=281474976710763
[OMPT] parallel_begin: parallel_id=281474976710765 team_size=32
[OMPT] implicit_task_end: parallel_id=0 thread_num=12
[OMPT] implicit_task_end: parallel_id=0 thread_num=1
[OMPT] implicit_task_end: parallel_id=0 thread_num=15
[OMPT] implicit_task_begin: parallel_id=281474976710765 thread_num=12 team_size=32
[OMPT] implicit_task_begin: parallel_id=281474976710765 thread_num=15 team_size=32
[OMPT] implicit_task_end: parallel_id=0 thread_num=4
[OMPT] implicit_task_end: parallel_id=0 thread_num=8
[OMPT] implicit_task_end: parallel_id=0 thread_num=5
[OMPT] implicit_task_end: parallel_id=0 thread_num=10
[OMPT] implicit_task_begin: parallel_id=281474976710765 thread_num=0 team_size=32
[OMPT] implicit_task_end: parallel_id=0 thread_num=14
[OMPT] implicit_task_begin: parallel_id=281474976710765 thread_num=8 team_size=32
[OMPT] implicit_task_end: parallel_id=0 thread_num=2
[OMPT] implicit_task_begin: parallel_id=281474976710765 thread_num=10 team_size=32
[OMPT] implicit_task_begin: parallel_id=281474976710765 thread_num=1 team_size=32
[OMPT] implicit_task_end: parallel_id=0 thread_num=6
[OMPT] implicit_task_begin: parallel_id=281474976710765 thread_num=14 team_size=32
[OMPT] implicit_task_end: parallel_id=0 thread_num=7
[OMPT] implicit_task_begin: parallel_id=281474976710765 thread_num=6 team_size=32
[OMPT] implicit_task_end: parallel_id=0 thread_num=9
[OMPT] implicit_task_begin: parallel_id=281474976710765 thread_num=9 team_size=32
[OMPT] implicit_task_end: parallel_id=0 thread_num=3
[OMPT] implicit_task_begin: parallel_id=281474976710765 thread_num=3 team_size=32
[OMPT] implicit_task_begin: parallel_id=281474976710765 thread_num=4 team_size=32
[OMPT] implicit_task_end: parallel_id=0 thread_num=16
[OMPT] implicit_task_end: parallel_id=0 thread_num=24
[OMPT] implicit_task_end: parallel_id=0 thread_num=19
[OMPT] implicit_task_end: parallel_id=0 thread_num=26
[OMPT] implicit_task_end: parallel_id=0 thread_num=11
[OMPT] implicit_task_begin: parallel_id=281474976710765 thread_num=19 team_size=32
[OMPT] implicit_task_begin: parallel_id=281474976710765 thread_num=7 team_size=32
[OMPT] implicit_task_begin: parallel_id=281474976710765 thread_num=11 team_size=32
[OMPT] implicit_task_end: parallel_id=0 thread_num=17
[OMPT] implicit_task_begin: parallel_id=281474976710765 thread_num=17 team_size=32
[OMPT] implicit_task_end: parallel_id=0 thread_num=20
[OMPT] implicit_task_end: parallel_id=0 thread_num=23
[OMPT] implicit_task_begin: parallel_id=281474976710765 thread_num=16 team_size=32
[OMPT] implicit_task_end: parallel_id=0 thread_num=13
[OMPT] implicit_task_begin: parallel_id=281474976710765 thread_num=23 team_size=32
[OMPT] implicit_task_end: parallel_id=0 thread_num=27
[OMPT] implicit_task_begin: parallel_id=281474976710765 thread_num=27 team_size=32
[OMPT] implicit_task_end: parallel_id=0 thread_num=25
[OMPT] implicit_task_begin: parallel_id=281474976710765 thread_num=25 team_size=32
[OMPT] implicit_task_begin: parallel_id=281474976710765 thread_num=24 team_size=32
[OMPT] implicit_task_begin: parallel_id=281474976710765 thread_num=2 team_size=32
[OMPT] implicit_task_begin: parallel_id=281474976710765 thread_num=5 team_size=32
[OMPT] implicit_task_end: parallel_id=0 thread_num=18
[OMPT] implicit_task_begin: parallel_id=281474976710765 thread_num=18 team_size=32
[OMPT] implicit_task_begin: parallel_id=281474976710765 thread_num=26 team_size=32
[OMPT] implicit_task_end: parallel_id=0 thread_num=22
[OMPT] implicit_task_begin: parallel_id=281474976710765 thread_num=22 team_size=32
[OMPT] implicit_task_end: parallel_id=0 thread_num=21
[OMPT] implicit_task_begin: parallel_id=281474976710765 thread_num=21 team_size=32
[OMPT] implicit_task_begin: parallel_id=281474976710765 thread_num=20 team_size=32
[OMPT] implicit_task_end: parallel_id=0 thread_num=28
[OMPT] implicit_task_end: parallel_id=0 thread_num=30
[OMPT] implicit_task_begin: parallel_id=281474976710765 thread_num=13 team_size=32
[OMPT] implicit_task_begin: parallel_id=281474976710765 thread_num=28 team_size=32
[OMPT] implicit_task_begin: parallel_id=281474976710765 thread_num=30 team_size=32
[OMPT] implicit_task_end: parallel_id=0 thread_num=29
[OMPT] implicit_task_begin: parallel_id=281474976710765 thread_num=29 team_size=32
[OMPT] implicit_task_end: parallel_id=0 thread_num=31
[OMPT] implicit_task_begin: parallel_id=281474976710765 thread_num=31 team_size=32
[OMPT] implicit_task_end: parallel_id=0 thread_num=0
[OMPT] parallel_end: parallel_id=281474976710765
[OMPT] parallel_begin: parallel_id=281474976710767 team_size=32
[OMPT] implicit_task_end: parallel_id=0 thread_num=12
[OMPT] implicit_task_begin: parallel_id=281474976710767 thread_num=0 team_size=32
[OMPT] implicit_task_end: parallel_id=0 thread_num=15
[OMPT] implicit_task_begin: parallel_id=281474976710767 thread_num=12 team_size=32
[OMPT] implicit_task_end: parallel_id=0 thread_num=8
[OMPT] implicit_task_end: parallel_id=0 thread_num=11
[OMPT] implicit_task_begin: parallel_id=281474976710767 thread_num=8 team_size=32
[OMPT] implicit_task_end: parallel_id=0 thread_num=16
[OMPT] implicit_task_end: parallel_id=0 thread_num=1
[OMPT] implicit_task_end: parallel_id=0 thread_num=17
[OMPT] implicit_task_end: parallel_id=0 thread_num=14
[OMPT] implicit_task_begin: parallel_id=281474976710767 thread_num=1 team_size=32
[OMPT] implicit_task_end: parallel_id=0 thread_num=13
[OMPT] implicit_task_begin: parallel_id=281474976710767 thread_num=14 team_size=32
[OMPT] implicit_task_begin: parallel_id=281474976710767 thread_num=13 team_size=32
[OMPT] implicit_task_end: parallel_id=0 thread_num=10
[OMPT] implicit_task_end: parallel_id=0 thread_num=4
[OMPT] implicit_task_begin: parallel_id=281474976710767 thread_num=10 team_size=32
[OMPT] implicit_task_end: parallel_id=0 thread_num=5
[OMPT] implicit_task_end: parallel_id=0 thread_num=24
[OMPT] implicit_task_end: parallel_id=0 thread_num=27
[OMPT] implicit_task_end: parallel_id=0 thread_num=26
[OMPT] implicit_task_begin: parallel_id=281474976710767 thread_num=27 team_size=32
[OMPT] implicit_task_begin: parallel_id=281474976710767 thread_num=26 team_size=32
[OMPT] implicit_task_end: parallel_id=0 thread_num=20
[OMPT] implicit_task_end: parallel_id=0 thread_num=21
[OMPT] implicit_task_begin: parallel_id=281474976710767 thread_num=16 team_size=32
[OMPT] implicit_task_begin: parallel_id=281474976710767 thread_num=17 team_size=32
[OMPT] implicit_task_begin: parallel_id=281474976710767 thread_num=20 team_size=32
[OMPT] implicit_task_begin: parallel_id=281474976710767 thread_num=21 team_size=32
[OMPT] implicit_task_end: parallel_id=0 thread_num=2
[OMPT] implicit_task_end: parallel_id=0 thread_num=3
[OMPT] implicit_task_begin: parallel_id=281474976710767 thread_num=2 team_size=32
[OMPT] implicit_task_end: parallel_id=0 thread_num=9
[OMPT] implicit_task_end: parallel_id=0 thread_num=6
[OMPT] implicit_task_begin: parallel_id=281474976710767 thread_num=9 team_size=32
[OMPT] implicit_task_begin: parallel_id=281474976710767 thread_num=4 team_size=32
[OMPT] implicit_task_begin: parallel_id=281474976710767 thread_num=11 team_size=32
[OMPT] implicit_task_begin: parallel_id=281474976710767 thread_num=5 team_size=32
[OMPT] implicit_task_end: parallel_id=0 thread_num=25
[OMPT] implicit_task_begin: parallel_id=281474976710767 thread_num=24 team_size=32
[OMPT] implicit_task_end: parallel_id=0 thread_num=18
[OMPT] implicit_task_begin: parallel_id=281474976710767 thread_num=18 team_size=32
[OMPT] implicit_task_end: parallel_id=0 thread_num=19
[OMPT] implicit_task_end: parallel_id=0 thread_num=23
[OMPT] implicit_task_begin: parallel_id=281474976710767 thread_num=19 team_size=32
[OMPT] implicit_task_begin: parallel_id=281474976710767 thread_num=23 team_size=32
[OMPT] implicit_task_end: parallel_id=0 thread_num=22
[OMPT] implicit_task_begin: parallel_id=281474976710767 thread_num=22 team_size=32
[OMPT] implicit_task_begin: parallel_id=281474976710767 thread_num=3 team_size=32
[OMPT] implicit_task_end: parallel_id=0 thread_num=7
[OMPT] implicit_task_begin: parallel_id=281474976710767 thread_num=7 team_size=32
[OMPT] implicit_task_begin: parallel_id=281474976710767 thread_num=6 team_size=32
[OMPT] implicit_task_end: parallel_id=0 thread_num=28
[OMPT] implicit_task_end: parallel_id=0 thread_num=31
[OMPT] implicit_task_begin: parallel_id=281474976710767 thread_num=25 team_size=32
[OMPT] implicit_task_begin: parallel_id=281474976710767 thread_num=31 team_size=32
[OMPT] implicit_task_begin: parallel_id=281474976710767 thread_num=15 team_size=32
[OMPT] implicit_task_end: parallel_id=0 thread_num=29
[OMPT] implicit_task_begin: parallel_id=281474976710767 thread_num=29 team_size=32
[OMPT] implicit_task_end: parallel_id=0 thread_num=30
[OMPT] implicit_task_begin: parallel_id=281474976710767 thread_num=30 team_size=32
[OMPT] implicit_task_begin: parallel_id=281474976710767 thread_num=28 team_size=32
[OMPT][WIN100ms] ompt_id=281474976710657 tid=1054906 tipo=ompt_thread_initial    cpu=150 numa=0  d_rm= 1961808  d_instr= 368065861  d_cyc= 543536165  d_all=16599023  IPC=0.677  ratio_rm=0.1182
[OMPT][WIN100ms] ompt_id=562949953421313 tid=1054928 tipo=ompt_thread_worker     cpu=159 numa=0  d_rm= 1890541  d_instr= 376758484  d_cyc= 541269083  d_all=16326284  IPC=0.696  ratio_rm=0.1158
[OMPT][WIN100ms] ompt_id=844424930131969 tid=1054929 tipo=ompt_thread_worker     cpu= 66 numa=1  d_rm= 2084813  d_instr= 308318979  d_cyc= 550154589  d_all=16576756  IPC=0.560  ratio_rm=0.1258
[OMPT][WIN100ms] ompt_id=1125899906842625 tid=1054930 tipo=ompt_thread_worker     cpu=  8 numa=0  d_rm= 1886570  d_instr= 376188186  d_cyc= 541149011  d_all=16626548  IPC=0.695  ratio_rm=0.1135
[OMPT][WIN100ms] ompt_id=1407374883553281 tid=1054931 tipo=ompt_thread_worker     cpu=121 numa=1  d_rm= 2017394  d_instr= 370819519  d_cyc= 541194952  d_all=16733645  IPC=0.685  ratio_rm=0.1206
[OMPT][WIN100ms] ompt_id=1688849860263937 tid=1054932 tipo=ompt_thread_worker     cpu=208 numa=1  d_rm= 1969026  d_instr= 377783205  d_cyc= 539306545  d_all=16639764  IPC=0.700  ratio_rm=0.1183
[OMPT][WIN100ms] ompt_id=1970324836974593 tid=1054933 tipo=ompt_thread_worker     cpu= 87 numa=1  d_rm= 1950245  d_instr= 383332392  d_cyc= 539605547  d_all=16612930  IPC=0.710  ratio_rm=0.1174
[OMPT][WIN100ms] ompt_id=2251799813685249 tid=1054935 tipo=ompt_thread_worker     cpu= 97 numa=1  d_rm= 1950033  d_instr= 380367836  d_cyc= 541273218  d_all=16748673  IPC=0.703  ratio_rm=0.1164
[OMPT][WIN100ms] ompt_id=2533274790395905 tid=1054934 tipo=ompt_thread_worker     cpu=139 numa=0  d_rm= 1972097  d_instr= 380466601  d_cyc= 542270724  d_all=17093288  IPC=0.702  ratio_rm=0.1154
[OMPT] implicit_task_end: parallel_id=0 thread_num=0
[OMPT] parallel_end: parallel_id=281474976710767
[OMPT] parallel_begin: parallel_id=281474976710769 team_size=32
[OMPT] implicit_task_end: parallel_id=0 thread_num=12
[OMPT] implicit_task_end: parallel_id=0 thread_num=1
[OMPT] implicit_task_end: parallel_id=0 thread_num=13
[OMPT] implicit_task_end: parallel_id=0 thread_num=4
[OMPT] implicit_task_end: parallel_id=0 thread_num=8
[OMPT] implicit_task_end: parallel_id=0 thread_num=2
[OMPT] implicit_task_end: parallel_id=0 thread_num=3
[OMPT] implicit_task_end: parallel_id=0 thread_num=15
[OMPT] implicit_task_end: parallel_id=0 thread_num=14
[OMPT] implicit_task_end: parallel_id=0 thread_num=16
[OMPT] implicit_task_end: parallel_id=0 thread_num=17
[OMPT] implicit_task_end: parallel_id=0 thread_num=20
[OMPT] implicit_task_end: parallel_id=0 thread_num=6
[OMPT] implicit_task_end: parallel_id=0 thread_num=11
[OMPT] implicit_task_end: parallel_id=0 thread_num=9
[OMPT] implicit_task_end: parallel_id=0 thread_num=28
[OMPT] implicit_task_end: parallel_id=0 thread_num=30
[OMPT] implicit_task_end: parallel_id=0 thread_num=19
[OMPT] implicit_task_end: parallel_id=0 thread_num=18
[OMPT] implicit_task_end: parallel_id=0 thread_num=7
[OMPT] implicit_task_end: parallel_id=0 thread_num=23
[OMPT] implicit_task_end: parallel_id=0 thread_num=22
[OMPT] implicit_task_end: parallel_id=0 thread_num=21
[OMPT] implicit_task_end: parallel_id=0 thread_num=5
[OMPT] implicit_task_end: parallel_id=0 thread_num=10
[OMPT] implicit_task_end: parallel_id=0 thread_num=31
[OMPT] implicit_task_end: parallel_id=0 thread_num=29
[OMPT][WIN100ms] ompt_id=2814749767106561 tid=1054937 tipo=ompt_thread_worker     cpu=113 numa=1  d_rm= 1919934  d_instr= 370506245  d_cyc= 544398570  d_all=16417072  IPC=0.681  ratio_rm=0.1169
[OMPT] implicit_task_end: parallel_id=0 thread_num=24
[OMPT] implicit_task_end: parallel_id=0 thread_num=25
[OMPT] implicit_task_end: parallel_id=0 thread_num=26
[OMPT] implicit_task_end: parallel_id=0 thread_num=27
[OMPT][WIN100ms] ompt_id=3096224743817217 tid=1054936 tipo=ompt_thread_worker     cpu=  2 numa=0  d_rm= 1935060  d_instr= 370601176  d_cyc= 542666819  d_all=16596566  IPC=0.683  ratio_rm=0.1166
[OMPT][WIN100ms] ompt_id=3377699720527873 tid=1054938 tipo=ompt_thread_worker     cpu=231 numa=1  d_rm= 1976585  d_instr= 375023790  d_cyc= 543238777  d_all=16608183  IPC=0.690  ratio_rm=0.1190
[OMPT][WIN100ms] ompt_id=3940649673949185 tid=1054940 tipo=ompt_thread_worker     cpu= 45 numa=0  d_rm= 1907440  d_instr= 368701805  d_cyc= 541667553  d_all=16190415  IPC=0.681  ratio_rm=0.1178
[OMPT][WIN100ms] ompt_id=3659174697238529 tid=1054939 tipo=ompt_thread_worker     cpu= 56 numa=0  d_rm= 1917794  d_instr= 379106118  d_cyc= 543735688  d_all=16376234  IPC=0.697  ratio_rm=0.1171
[OMPT][WIN100ms] ompt_id=4222124650659841 tid=1054942 tipo=ompt_thread_worker     cpu=191 numa=0  d_rm= 1934218  d_instr= 378704132  d_cyc= 542389181  d_all=16620243  IPC=0.698  ratio_rm=0.1164
[OMPT][WIN100ms] ompt_id=4503599627370497 tid=1054941 tipo=ompt_thread_worker     cpu= 64 numa=1  d_rm= 1984433  d_instr= 305383096  d_cyc= 551935253  d_all=16321020  IPC=0.553  ratio_rm=0.1216
[OMPT][WIN100ms] ompt_id=4785074604081153 tid=1054944 tipo=ompt_thread_worker     cpu= 21 numa=0  d_rm= 1997911  d_instr= 369610820  d_cyc= 542720271  d_all=16719874  IPC=0.681  ratio_rm=0.1195
[OMPT][WIN100ms] ompt_id=5066549580791809 tid=1054943 tipo=ompt_thread_worker     cpu=120 numa=1  d_rm= 1927062  d_instr= 371113337  d_cyc= 543571667  d_all=16714811  IPC=0.683  ratio_rm=0.1153
[OMPT][WIN100ms] ompt_id=5348024557502465 tid=1054945 tipo=ompt_thread_worker     cpu=  1 numa=0  d_rm= 1957079  d_instr= 370691683  d_cyc= 541538678  d_all=16319037  IPC=0.685  ratio_rm=0.1199
[OMPT][WIN100ms] ompt_id=5629499534213121 tid=1054946 tipo=ompt_thread_worker     cpu= 89 numa=1  d_rm= 1929263  d_instr= 371416786  d_cyc= 540468814  d_all=16417885  IPC=0.687  ratio_rm=0.1175
[OMPT][WIN100ms] ompt_id=5910974510923777 tid=1054947 tipo=ompt_thread_worker     cpu= 88 numa=1  d_rm= 1905714  d_instr= 378764976  d_cyc= 538844582  d_all=16471916  IPC=0.703  ratio_rm=0.1157
[OMPT][WIN100ms] ompt_id=6192449487634433 tid=1054948 tipo=ompt_thread_worker     cpu= 37 numa=0  d_rm= 1910577  d_instr= 376832484  d_cyc= 540441217  d_all=16358115  IPC=0.697  ratio_rm=0.1168
[OMPT][WIN100ms] ompt_id=6473924464345089 tid=1054949 tipo=ompt_thread_worker     cpu= 65 numa=1  d_rm= 2051919  d_instr= 309128159  d_cyc= 548076724  d_all=16342108  IPC=0.564  ratio_rm=0.1256
[OMPT][WIN100ms] ompt_id=6755399441055745 tid=1054950 tipo=ompt_thread_worker     cpu=237 numa=1  d_rm= 2099964  d_instr= 317888946  d_cyc= 546082814  d_all=16377957  IPC=0.582  ratio_rm=0.1282
[OMPT][WIN100ms] ompt_id=7036874417766401 tid=1054951 tipo=ompt_thread_worker     cpu=112 numa=1  d_rm= 2014606  d_instr= 362527973  d_cyc= 539207745  d_all=16442700  IPC=0.672  ratio_rm=0.1225
[OMPT][WIN100ms] ompt_id=7318349394477057 tid=1054952 tipo=ompt_thread_worker     cpu=239 numa=1  d_rm= 2116689  d_instr= 317556416  d_cyc= 543678609  d_all=16351150  IPC=0.584  ratio_rm=0.1295
[SCHED][LEAKY] tid=1054952 ratio=0.1295 T=0.1242 bucket=0.0439 > cap=0.0400 -> PENDIENTE (mig=0)
[OMPT][WIN100ms] ompt_id=7599824371187713 tid=1054953 tipo=ompt_thread_worker     cpu= 38 numa=0  d_rm= 1914146  d_instr= 378165863  d_cyc= 538781630  d_all=16472325  IPC=0.702  ratio_rm=0.1162
[OMPT][WIN100ms] ompt_id=7881299347898369 tid=1054954 tipo=ompt_thread_worker     cpu= 46 numa=0  d_rm= 1907714  d_instr= 374345940  d_cyc= 538500329  d_all=16706896  IPC=0.695  ratio_rm=0.1142
[OMPT][WIN100ms] ompt_id=8162774324609025 tid=1054955 tipo=ompt_thread_worker     cpu= 72 numa=1  d_rm= 1949272  d_instr= 374550737  d_cyc= 535862470  d_all=16543699  IPC=0.699  ratio_rm=0.1178
[OMPT][WIN100ms] ompt_id=8444249301319681 tid=1054956 tipo=ompt_thread_worker     cpu=112 numa=1  d_rm= 1996304  d_instr= 323944317  d_cyc= 544804191  d_all=16498518  IPC=0.595  ratio_rm=0.1210
[OMPT][WIN100ms] ompt_id=8725724278030337 tid=1054957 tipo=ompt_thread_worker     cpu= 25 numa=0  d_rm= 1916992  d_instr= 380520733  d_cyc= 537747809  d_all=16407943  IPC=0.708  ratio_rm=0.1168
[OMPT][WIN100ms] ompt_id=9007199254740993 tid=1054958 tipo=ompt_thread_worker     cpu= 73 numa=1  d_rm= 1928766  d_instr= 378490467  d_cyc= 537232292  d_all=16575150  IPC=0.705  ratio_rm=0.1164
[OMPT] implicit_task_begin: parallel_id=281474976710769 thread_num=28 team_size=32
[OMPT] implicit_task_begin: parallel_id=281474976710769 thread_num=31 team_size=32
[OMPT] implicit_task_begin: parallel_id=281474976710769 thread_num=6 team_size=32
[OMPT] implicit_task_begin: parallel_id=281474976710769 thread_num=5 team_size=32
[OMPT] implicit_task_begin: parallel_id=281474976710769 thread_num=23 team_size=32
[OMPT] implicit_task_begin: parallel_id=281474976710769 thread_num=24 team_size=32
[OMPT] implicit_task_begin: parallel_id=281474976710769 thread_num=1 team_size=32
[OMPT] implicit_task_begin: parallel_id=281474976710769 thread_num=30 team_size=32
[OMPT] implicit_task_begin: parallel_id=281474976710769 thread_num=2 team_size=32
[OMPT] implicit_task_begin: parallel_id=281474976710769 thread_num=14 team_size=32
[OMPT] implicit_task_begin: parallel_id=281474976710769 thread_num=22 team_size=32
[SCHED] MIGRACIÓN tid=1054952 ompt_id=7318349394477057  nodo 1 → nodo 0  (total migraciones: 1)
[OMPT] implicit_task_begin: parallel_id=281474976710769 thread_num=25 team_size=32
[OMPT] implicit_task_begin: parallel_id=281474976710769 thread_num=3 team_size=32
[OMPT] implicit_task_begin: parallel_id=281474976710769 thread_num=11 team_size=32
[OMPT] implicit_task_begin: parallel_id=281474976710769 thread_num=7 team_size=32
[OMPT] implicit_task_begin: parallel_id=281474976710769 thread_num=8 team_size=32
[OMPT] implicit_task_begin: parallel_id=281474976710769 thread_num=19 team_size=32
[OMPT] implicit_task_begin: parallel_id=281474976710769 thread_num=20 team_size=32
[OMPT] implicit_task_begin: parallel_id=281474976710769 thread_num=29 team_size=32
[OMPT] implicit_task_begin: parallel_id=281474976710769 thread_num=27 team_size=32
[OMPT] implicit_task_begin: parallel_id=281474976710769 thread_num=26 team_size=32
[OMPT] implicit_task_begin: parallel_id=281474976710769 thread_num=21 team_size=32
[OMPT] implicit_task_begin: parallel_id=281474976710769 thread_num=13 team_size=32
[OMPT] implicit_task_begin: parallel_id=281474976710769 thread_num=10 team_size=32
[OMPT] implicit_task_begin: parallel_id=281474976710769 thread_num=16 team_size=32
[OMPT] implicit_task_begin: parallel_id=281474976710769 thread_num=15 team_size=32
[OMPT] implicit_task_begin: parallel_id=281474976710769 thread_num=18 team_size=32
[OMPT] implicit_task_begin: parallel_id=281474976710769 thread_num=0 team_size=32
[OMPT] implicit_task_begin: parallel_id=281474976710769 thread_num=17 team_size=32
[OMPT] implicit_task_begin: parallel_id=281474976710769 thread_num=12 team_size=32
[OMPT] implicit_task_begin: parallel_id=281474976710769 thread_num=9 team_size=32
[OMPT] implicit_task_begin: parallel_id=281474976710769 thread_num=4 team_size=32
[OMPT] implicit_task_end: parallel_id=0 thread_num=0
[OMPT] parallel_end: parallel_id=281474976710769
[OMPT] parallel_begin: parallel_id=281474976710771 team_size=32
[OMPT] implicit_task_end: parallel_id=0 thread_num=16
[OMPT] implicit_task_end: parallel_id=0 thread_num=3
[OMPT] implicit_task_end: parallel_id=0 thread_num=28
[OMPT] implicit_task_end: parallel_id=0 thread_num=4
[OMPT] implicit_task_end: parallel_id=0 thread_num=8
[OMPT] implicit_task_end: parallel_id=0 thread_num=29
[OMPT] implicit_task_end: parallel_id=0 thread_num=10
[OMPT] implicit_task_end: parallel_id=0 thread_num=1
[OMPT] implicit_task_begin: parallel_id=281474976710771 thread_num=8 team_size=32
[OMPT] implicit_task_end: parallel_id=0 thread_num=17
[OMPT] implicit_task_begin: parallel_id=281474976710771 thread_num=29 team_size=32
[OMPT] implicit_task_begin: parallel_id=281474976710771 thread_num=10 team_size=32
[OMPT] implicit_task_end: parallel_id=0 thread_num=24
[OMPT] implicit_task_begin: parallel_id=281474976710771 thread_num=17 team_size=32
[OMPT] implicit_task_end: parallel_id=0 thread_num=25
[OMPT] implicit_task_begin: parallel_id=281474976710771 thread_num=24 team_size=32
[OMPT] implicit_task_begin: parallel_id=281474976710771 thread_num=25 team_size=32
[OMPT] implicit_task_end: parallel_id=0 thread_num=31
[OMPT] implicit_task_end: parallel_id=0 thread_num=30
[OMPT] implicit_task_begin: parallel_id=281474976710771 thread_num=31 team_size=32
[OMPT] implicit_task_begin: parallel_id=281474976710771 thread_num=30 team_size=32
[OMPT] implicit_task_end: parallel_id=0 thread_num=5
[OMPT] implicit_task_end: parallel_id=0 thread_num=12
[OMPT] implicit_task_end: parallel_id=0 thread_num=15
[OMPT] implicit_task_begin: parallel_id=281474976710771 thread_num=5 team_size=32
[OMPT] implicit_task_end: parallel_id=0 thread_num=11
[OMPT] implicit_task_begin: parallel_id=281474976710771 thread_num=15 team_size=32
[OMPT] implicit_task_end: parallel_id=0 thread_num=2
[OMPT] implicit_task_end: parallel_id=0 thread_num=19
[OMPT] implicit_task_end: parallel_id=0 thread_num=20
[OMPT] implicit_task_end: parallel_id=0 thread_num=23
[OMPT] implicit_task_begin: parallel_id=281474976710771 thread_num=1 team_size=32
[OMPT] implicit_task_begin: parallel_id=281474976710771 thread_num=19 team_size=32
[OMPT] implicit_task_begin: parallel_id=281474976710771 thread_num=20 team_size=32
[OMPT] implicit_task_end: parallel_id=0 thread_num=27
[OMPT] implicit_task_end: parallel_id=0 thread_num=26
[OMPT] implicit_task_begin: parallel_id=281474976710771 thread_num=27 team_size=32
[OMPT] implicit_task_begin: parallel_id=281474976710771 thread_num=3 team_size=32
[OMPT] implicit_task_end: parallel_id=0 thread_num=7
[OMPT] implicit_task_begin: parallel_id=281474976710771 thread_num=7 team_size=32
[OMPT] implicit_task_end: parallel_id=0 thread_num=6
[OMPT] implicit_task_begin: parallel_id=281474976710771 thread_num=6 team_size=32
[OMPT] implicit_task_end: parallel_id=0 thread_num=13
[OMPT] implicit_task_begin: parallel_id=281474976710771 thread_num=13 team_size=32
[OMPT] implicit_task_begin: parallel_id=281474976710771 thread_num=12 team_size=32
[OMPT] implicit_task_end: parallel_id=0 thread_num=9
[OMPT] implicit_task_begin: parallel_id=281474976710771 thread_num=9 team_size=32
[OMPT] implicit_task_begin: parallel_id=281474976710771 thread_num=4 team_size=32
[OMPT] implicit_task_begin: parallel_id=281474976710771 thread_num=11 team_size=32
[OMPT] implicit_task_begin: parallel_id=281474976710771 thread_num=0 team_size=32
[OMPT] implicit_task_begin: parallel_id=281474976710771 thread_num=2 team_size=32
[OMPT] implicit_task_end: parallel_id=0 thread_num=22
[OMPT] implicit_task_begin: parallel_id=281474976710771 thread_num=22 team_size=32
[OMPT] implicit_task_end: parallel_id=0 thread_num=21
[OMPT] implicit_task_begin: parallel_id=281474976710771 thread_num=21 team_size=32
[OMPT] implicit_task_end: parallel_id=0 thread_num=18
[OMPT] implicit_task_begin: parallel_id=281474976710771 thread_num=18 team_size=32
[OMPT] implicit_task_begin: parallel_id=281474976710771 thread_num=23 team_size=32
[OMPT] implicit_task_begin: parallel_id=281474976710771 thread_num=16 team_size=32
[OMPT] implicit_task_begin: parallel_id=281474976710771 thread_num=26 team_size=32
[OMPT] implicit_task_begin: parallel_id=281474976710771 thread_num=28 team_size=32
[OMPT] implicit_task_end: parallel_id=0 thread_num=14
[OMPT] implicit_task_begin: parallel_id=281474976710771 thread_num=14 team_size=32
[OMPT] implicit_task_end: parallel_id=0 thread_num=0
[OMPT] parallel_end: parallel_id=281474976710771
[OMPT] parallel_begin: parallel_id=281474976710773 team_size=32
[OMPT] implicit_task_end: parallel_id=0 thread_num=16
[OMPT] implicit_task_end: parallel_id=0 thread_num=1
[OMPT] implicit_task_end: parallel_id=0 thread_num=24
[OMPT] implicit_task_end: parallel_id=0 thread_num=20
[OMPT] implicit_task_begin: parallel_id=281474976710773 thread_num=24 team_size=32
[OMPT] implicit_task_end: parallel_id=0 thread_num=12
[OMPT] implicit_task_begin: parallel_id=281474976710773 thread_num=1 team_size=32
[OMPT] implicit_task_end: parallel_id=0 thread_num=15
[OMPT] implicit_task_end: parallel_id=0 thread_num=2
[OMPT] implicit_task_begin: parallel_id=281474976710773 thread_num=20 team_size=32
[OMPT] implicit_task_end: parallel_id=0 thread_num=18
[OMPT] implicit_task_begin: parallel_id=281474976710773 thread_num=15 team_size=32
[OMPT] implicit_task_begin: parallel_id=281474976710773 thread_num=12 team_size=32
[OMPT] implicit_task_end: parallel_id=0 thread_num=19
[OMPT] implicit_task_end: parallel_id=0 thread_num=8
[OMPT] implicit_task_begin: parallel_id=281474976710773 thread_num=19 team_size=32
[OMPT] implicit_task_end: parallel_id=0 thread_num=11
[OMPT] implicit_task_begin: parallel_id=281474976710773 thread_num=16 team_size=32
[OMPT] implicit_task_begin: parallel_id=281474976710773 thread_num=8 team_size=32
[OMPT] implicit_task_end: parallel_id=0 thread_num=25
[OMPT] implicit_task_end: parallel_id=0 thread_num=26
[OMPT] implicit_task_end: parallel_id=0 thread_num=27
[OMPT] implicit_task_begin: parallel_id=281474976710773 thread_num=26 team_size=32
[OMPT] implicit_task_end: parallel_id=0 thread_num=22
[OMPT] implicit_task_begin: parallel_id=281474976710773 thread_num=27 team_size=32
[OMPT] implicit_task_end: parallel_id=0 thread_num=21
[OMPT] implicit_task_begin: parallel_id=281474976710773 thread_num=22 team_size=32
[OMPT] implicit_task_begin: parallel_id=281474976710773 thread_num=21 team_size=32
[OMPT] implicit_task_end: parallel_id=0 thread_num=13
[OMPT] implicit_task_begin: parallel_id=281474976710773 thread_num=0 team_size=32
[OMPT] implicit_task_begin: parallel_id=281474976710773 thread_num=13 team_size=32
[OMPT] implicit_task_end: parallel_id=0 thread_num=28
[OMPT] implicit_task_end: parallel_id=0 thread_num=31
[OMPT] implicit_task_begin: parallel_id=281474976710773 thread_num=2 team_size=32
[OMPT] implicit_task_begin: parallel_id=281474976710773 thread_num=31 team_size=32
[OMPT] implicit_task_begin: parallel_id=281474976710773 thread_num=18 team_size=32
[OMPT] implicit_task_end: parallel_id=0 thread_num=4
[OMPT] implicit_task_end: parallel_id=0 thread_num=9
[OMPT] implicit_task_end: parallel_id=0 thread_num=5
[OMPT] implicit_task_begin: parallel_id=281474976710773 thread_num=25 team_size=32
[OMPT] implicit_task_end: parallel_id=0 thread_num=23
[OMPT] implicit_task_begin: parallel_id=281474976710773 thread_num=5 team_size=32
[OMPT] implicit_task_end: parallel_id=0 thread_num=3
[OMPT] implicit_task_begin: parallel_id=281474976710773 thread_num=3 team_size=32
[OMPT] implicit_task_end: parallel_id=0 thread_num=14
[OMPT] implicit_task_begin: parallel_id=281474976710773 thread_num=14 team_size=32
[OMPT] implicit_task_end: parallel_id=0 thread_num=17
[OMPT] implicit_task_begin: parallel_id=281474976710773 thread_num=17 team_size=32
[OMPT] implicit_task_end: parallel_id=0 thread_num=30
[OMPT] implicit_task_begin: parallel_id=281474976710773 thread_num=30 team_size=32
[OMPT] implicit_task_end: parallel_id=0 thread_num=29
[OMPT] implicit_task_begin: parallel_id=281474976710773 thread_num=28 team_size=32
[OMPT] implicit_task_begin: parallel_id=281474976710773 thread_num=29 team_size=32
[OMPT] implicit_task_end: parallel_id=0 thread_num=7
[OMPT] implicit_task_begin: parallel_id=281474976710773 thread_num=7 team_size=32
[OMPT] implicit_task_end: parallel_id=0 thread_num=6
[OMPT] implicit_task_begin: parallel_id=281474976710773 thread_num=4 team_size=32
[OMPT] implicit_task_begin: parallel_id=281474976710773 thread_num=9 team_size=32
[OMPT] implicit_task_end: parallel_id=0 thread_num=10
[OMPT] implicit_task_begin: parallel_id=281474976710773 thread_num=10 team_size=32
[OMPT] implicit_task_begin: parallel_id=281474976710773 thread_num=11 team_size=32
[OMPT] implicit_task_begin: parallel_id=281474976710773 thread_num=23 team_size=32
[OMPT] implicit_task_begin: parallel_id=281474976710773 thread_num=6 team_size=32
[OMPT] implicit_task_end: parallel_id=0 thread_num=0
[OMPT] parallel_end: parallel_id=281474976710773
[OMPT] parallel_begin: parallel_id=281474976710775 team_size=32
[OMPT] implicit_task_end: parallel_id=0 thread_num=12
[OMPT] implicit_task_end: parallel_id=0 thread_num=2
[OMPT] implicit_task_end: parallel_id=0 thread_num=13
[OMPT] implicit_task_end: parallel_id=0 thread_num=3
[OMPT] implicit_task_end: parallel_id=0 thread_num=4
[OMPT] implicit_task_begin: parallel_id=281474976710775 thread_num=3 team_size=32
[OMPT] implicit_task_end: parallel_id=0 thread_num=7
[OMPT] implicit_task_end: parallel_id=0 thread_num=6
[OMPT] implicit_task_begin: parallel_id=281474976710775 thread_num=7 team_size=32
[OMPT] implicit_task_end: parallel_id=0 thread_num=14
[OMPT] implicit_task_end: parallel_id=0 thread_num=8
[OMPT] implicit_task_begin: parallel_id=281474976710775 thread_num=14 team_size=32
[OMPT] implicit_task_end: parallel_id=0 thread_num=11
[OMPT] implicit_task_begin: parallel_id=281474976710775 thread_num=2 team_size=32
[OMPT] implicit_task_begin: parallel_id=281474976710775 thread_num=8 team_size=32
[OMPT] implicit_task_end: parallel_id=0 thread_num=16
[OMPT] implicit_task_end: parallel_id=0 thread_num=28
[OMPT] implicit_task_end: parallel_id=0 thread_num=19
[OMPT] implicit_task_end: parallel_id=0 thread_num=31
[OMPT] implicit_task_begin: parallel_id=281474976710775 thread_num=28 team_size=32
[OMPT] implicit_task_end: parallel_id=0 thread_num=15
[OMPT] implicit_task_begin: parallel_id=281474976710775 thread_num=12 team_size=32
[OMPT] implicit_task_begin: parallel_id=281474976710775 thread_num=6 team_size=32
[OMPT] implicit_task_end: parallel_id=0 thread_num=10
[OMPT] implicit_task_begin: parallel_id=281474976710775 thread_num=19 team_size=32
[OMPT] implicit_task_begin: parallel_id=281474976710775 thread_num=31 team_size=32
[OMPT] implicit_task_begin: parallel_id=281474976710775 thread_num=13 team_size=32
[OMPT] implicit_task_begin: parallel_id=281474976710775 thread_num=10 team_size=32
[OMPT] implicit_task_begin: parallel_id=281474976710775 thread_num=11 team_size=32
[OMPT] implicit_task_end: parallel_id=0 thread_num=5
[OMPT] implicit_task_end: parallel_id=0 thread_num=18
[OMPT] implicit_task_begin: parallel_id=281474976710775 thread_num=18 team_size=32
[OMPT] implicit_task_begin: parallel_id=281474976710775 thread_num=0 team_size=32
[OMPT] implicit_task_end: parallel_id=0 thread_num=17
[OMPT] implicit_task_begin: parallel_id=281474976710775 thread_num=17 team_size=32
[OMPT] implicit_task_end: parallel_id=0 thread_num=20
[OMPT] implicit_task_end: parallel_id=0 thread_num=23
[OMPT] implicit_task_begin: parallel_id=281474976710775 thread_num=20 team_size=32
[OMPT] implicit_task_end: parallel_id=0 thread_num=1
[OMPT] implicit_task_end: parallel_id=0 thread_num=30
[OMPT] implicit_task_begin: parallel_id=281474976710775 thread_num=30 team_size=32
[OMPT] implicit_task_begin: parallel_id=281474976710775 thread_num=4 team_size=32
[OMPT] implicit_task_end: parallel_id=0 thread_num=9
[OMPT] implicit_task_begin: parallel_id=281474976710775 thread_num=9 team_size=32
[OMPT] implicit_task_begin: parallel_id=281474976710775 thread_num=15 team_size=32
[OMPT] implicit_task_begin: parallel_id=281474976710775 thread_num=5 team_size=32
[OMPT] implicit_task_end: parallel_id=0 thread_num=24
[OMPT] implicit_task_end: parallel_id=0 thread_num=27
[OMPT] implicit_task_begin: parallel_id=281474976710775 thread_num=24 team_size=32
[OMPT] implicit_task_end: parallel_id=0 thread_num=22
[OMPT] implicit_task_end: parallel_id=0 thread_num=21
[OMPT] implicit_task_begin: parallel_id=281474976710775 thread_num=16 team_size=32
[OMPT] implicit_task_begin: parallel_id=281474976710775 thread_num=21 team_size=32
[OMPT] implicit_task_begin: parallel_id=281474976710775 thread_num=23 team_size=32
[OMPT] implicit_task_begin: parallel_id=281474976710775 thread_num=1 team_size=32
[OMPT] implicit_task_end: parallel_id=0 thread_num=26
[OMPT] implicit_task_end: parallel_id=0 thread_num=25
[OMPT] implicit_task_begin: parallel_id=281474976710775 thread_num=27 team_size=32
[OMPT] implicit_task_begin: parallel_id=281474976710775 thread_num=25 team_size=32
[OMPT] implicit_task_begin: parallel_id=281474976710775 thread_num=22 team_size=32
[OMPT] implicit_task_end: parallel_id=0 thread_num=29
[OMPT] implicit_task_begin: parallel_id=281474976710775 thread_num=26 team_size=32
[OMPT] implicit_task_begin: parallel_id=281474976710775 thread_num=29 team_size=32
[OMPT] implicit_task_end: parallel_id=0 thread_num=0
[OMPT] parallel_end: parallel_id=281474976710775
[OMPT] parallel_begin: parallel_id=281474976710777 team_size=32
[OMPT] implicit_task_end: parallel_id=0 thread_num=12
[OMPT] implicit_task_end: parallel_id=0 thread_num=2
[OMPT] implicit_task_end: parallel_id=0 thread_num=13
[OMPT] implicit_task_end: parallel_id=0 thread_num=8
[OMPT] implicit_task_end: parallel_id=0 thread_num=4
[OMPT] implicit_task_begin: parallel_id=281474976710777 thread_num=13 team_size=32
[OMPT] implicit_task_end: parallel_id=0 thread_num=9
[OMPT] implicit_task_begin: parallel_id=281474976710777 thread_num=0 team_size=32
[OMPT] implicit_task_end: parallel_id=0 thread_num=1
[OMPT] implicit_task_begin: parallel_id=281474976710777 thread_num=9 team_size=32
[OMPT] implicit_task_end: parallel_id=0 thread_num=15
[OMPT] implicit_task_end: parallel_id=0 thread_num=16
[OMPT] implicit_task_end: parallel_id=0 thread_num=18
[OMPT] implicit_task_begin: parallel_id=281474976710777 thread_num=16 team_size=32
[OMPT] implicit_task_end: parallel_id=0 thread_num=20
[OMPT] implicit_task_end: parallel_id=0 thread_num=7
[OMPT] implicit_task_end: parallel_id=0 thread_num=6
[OMPT] implicit_task_end: parallel_id=0 thread_num=5
[OMPT] implicit_task_begin: parallel_id=281474976710777 thread_num=8 team_size=32
[OMPT] implicit_task_begin: parallel_id=281474976710777 thread_num=20 team_size=32
[OMPT] implicit_task_end: parallel_id=0 thread_num=3
[OMPT] implicit_task_begin: parallel_id=281474976710777 thread_num=4 team_size=32
[OMPT] implicit_task_end: parallel_id=0 thread_num=14
[OMPT] implicit_task_begin: parallel_id=281474976710777 thread_num=5 team_size=32
[OMPT] implicit_task_begin: parallel_id=281474976710777 thread_num=7 team_size=32
[OMPT] implicit_task_begin: parallel_id=281474976710777 thread_num=14 team_size=32
[OMPT] implicit_task_end: parallel_id=0 thread_num=17
[OMPT] implicit_task_end: parallel_id=0 thread_num=28
[OMPT] implicit_task_end: parallel_id=0 thread_num=30
[OMPT] implicit_task_begin: parallel_id=281474976710777 thread_num=2 team_size=32
[OMPT] implicit_task_begin: parallel_id=281474976710777 thread_num=28 team_size=32
[OMPT] implicit_task_end: parallel_id=0 thread_num=11
[OMPT] implicit_task_begin: parallel_id=281474976710777 thread_num=18 team_size=32
[OMPT] implicit_task_begin: parallel_id=281474976710777 thread_num=11 team_size=32
[OMPT] implicit_task_end: parallel_id=0 thread_num=22
[OMPT] implicit_task_end: parallel_id=0 thread_num=10
[OMPT] implicit_task_end: parallel_id=0 thread_num=21
[OMPT] implicit_task_begin: parallel_id=281474976710777 thread_num=10 team_size=32
[OMPT] implicit_task_begin: parallel_id=281474976710777 thread_num=1 team_size=32
[OMPT] implicit_task_begin: parallel_id=281474976710777 thread_num=12 team_size=32
[OMPT] implicit_task_begin: parallel_id=281474976710777 thread_num=3 team_size=32
[OMPT] implicit_task_begin: parallel_id=281474976710777 thread_num=15 team_size=32
[OMPT] implicit_task_begin: parallel_id=281474976710777 thread_num=17 team_size=32
[OMPT] implicit_task_end: parallel_id=0 thread_num=19
[OMPT] implicit_task_end: parallel_id=0 thread_num=31
[OMPT] implicit_task_begin: parallel_id=281474976710777 thread_num=19 team_size=32
[OMPT] implicit_task_begin: parallel_id=281474976710777 thread_num=31 team_size=32
[OMPT] implicit_task_end: parallel_id=0 thread_num=29
[OMPT] implicit_task_begin: parallel_id=281474976710777 thread_num=29 team_size=32
[OMPT] implicit_task_end: parallel_id=0 thread_num=24
[OMPT] implicit_task_end: parallel_id=0 thread_num=27
[OMPT] implicit_task_begin: parallel_id=281474976710777 thread_num=30 team_size=32
[OMPT] implicit_task_end: parallel_id=0 thread_num=23
[OMPT] implicit_task_begin: parallel_id=281474976710777 thread_num=22 team_size=32
[OMPT] implicit_task_begin: parallel_id=281474976710777 thread_num=27 team_size=32
[OMPT] implicit_task_begin: parallel_id=281474976710777 thread_num=6 team_size=32
[OMPT] implicit_task_begin: parallel_id=281474976710777 thread_num=21 team_size=32
[OMPT] implicit_task_end: parallel_id=0 thread_num=26
[OMPT] implicit_task_end: parallel_id=0 thread_num=25
[OMPT] implicit_task_begin: parallel_id=281474976710777 thread_num=24 team_size=32
[OMPT] implicit_task_begin: parallel_id=281474976710777 thread_num=25 team_size=32
[OMPT] implicit_task_begin: parallel_id=281474976710777 thread_num=23 team_size=32
[OMPT] implicit_task_begin: parallel_id=281474976710777 thread_num=26 team_size=32
[OMPT][WIN100ms] ompt_id=281474976710657 tid=1054906 tipo=ompt_thread_initial    cpu=150 numa=0  d_rm= 1951225  d_instr= 368103496  d_cyc= 536574741  d_all=16593946  IPC=0.686  ratio_rm=0.1176
[OMPT][WIN100ms] ompt_id=562949953421313 tid=1054928 tipo=ompt_thread_worker     cpu=159 numa=0  d_rm= 1897801  d_instr= 376512891  d_cyc= 535436401  d_all=16308379  IPC=0.703  ratio_rm=0.1164
[OMPT][WIN100ms] ompt_id=844424930131969 tid=1054929 tipo=ompt_thread_worker     cpu= 66 numa=1  d_rm= 2100313  d_instr= 310577148  d_cyc= 544927491  d_all=16661167  IPC=0.570  ratio_rm=0.1261
[OMPT][WIN100ms] ompt_id=1125899906842625 tid=1054930 tipo=ompt_thread_worker     cpu=  8 numa=0  d_rm= 1903879  d_instr= 378448599  d_cyc= 535832926  d_all=16821036  IPC=0.706  ratio_rm=0.1132
[OMPT][WIN100ms] ompt_id=1407374883553281 tid=1054931 tipo=ompt_thread_worker     cpu=121 numa=1  d_rm= 2041811  d_instr= 371381496  d_cyc= 536022143  d_all=16905106  IPC=0.693  ratio_rm=0.1208
[OMPT][WIN100ms] ompt_id=1688849860263937 tid=1054932 tipo=ompt_thread_worker     cpu=208 numa=1  d_rm= 1995318  d_instr= 382096119  d_cyc= 536108617  d_all=16664202  IPC=0.713  ratio_rm=0.1197
[OMPT][WIN100ms] ompt_id=1970324836974593 tid=1054933 tipo=ompt_thread_worker     cpu= 87 numa=1  d_rm= 1981984  d_instr= 384808234  d_cyc= 534504882  d_all=16724271  IPC=0.720  ratio_rm=0.1185
[OMPT][WIN100ms] ompt_id=2251799813685249 tid=1054935 tipo=ompt_thread_worker     cpu= 97 numa=1  d_rm= 1956869  d_instr= 378901840  d_cyc= 536890698  d_all=16745989  IPC=0.706  ratio_rm=0.1169
[OMPT][WIN100ms] ompt_id=2533274790395905 tid=1054934 tipo=ompt_thread_worker     cpu=139 numa=0  d_rm= 1975022  d_instr= 380450492  d_cyc= 535927268  d_all=17086159  IPC=0.710  ratio_rm=0.1156
[OMPT][WIN100ms] ompt_id=2814749767106561 tid=1054937 tipo=ompt_thread_worker     cpu=113 numa=1  d_rm= 1919410  d_instr= 368300126  d_cyc= 535373432  d_all=16418245  IPC=0.688  ratio_rm=0.1169
[OMPT] implicit_task_end: parallel_id=0 thread_num=0
[OMPT] parallel_end: parallel_id=281474976710777
[OMPT] parallel_begin: parallel_id=281474976710779 team_size=32
[OMPT] implicit_task_end: parallel_id=0 thread_num=16
[OMPT] implicit_task_end: parallel_id=0 thread_num=1
[OMPT] implicit_task_end: parallel_id=0 thread_num=28
[OMPT] implicit_task_end: parallel_id=0 thread_num=8
[OMPT] implicit_task_end: parallel_id=0 thread_num=29
[OMPT] implicit_task_end: parallel_id=0 thread_num=9
[OMPT] implicit_task_end: parallel_id=0 thread_num=3
[OMPT] implicit_task_end: parallel_id=0 thread_num=20
[OMPT] implicit_task_end: parallel_id=0 thread_num=22
[OMPT] implicit_task_end: parallel_id=0 thread_num=17
[OMPT] implicit_task_end: parallel_id=0 thread_num=18
[OMPT] implicit_task_end: parallel_id=0 thread_num=31
[OMPT] implicit_task_end: parallel_id=0 thread_num=30
[OMPT] implicit_task_end: parallel_id=0 thread_num=11
[OMPT] implicit_task_end: parallel_id=0 thread_num=10
[OMPT] implicit_task_end: parallel_id=0 thread_num=4
[OMPT] implicit_task_end: parallel_id=0 thread_num=7
[OMPT] implicit_task_end: parallel_id=0 thread_num=12
[OMPT] implicit_task_end: parallel_id=0 thread_num=2
[OMPT] implicit_task_end: parallel_id=0 thread_num=15
[OMPT] implicit_task_end: parallel_id=0 thread_num=19
[OMPT] implicit_task_end: parallel_id=0 thread_num=21
[OMPT] implicit_task_end: parallel_id=0 thread_num=23
[OMPT] implicit_task_end: parallel_id=0 thread_num=5
[OMPT] implicit_task_end: parallel_id=0 thread_num=14
[OMPT] implicit_task_end: parallel_id=0 thread_num=13
[OMPT] implicit_task_end: parallel_id=0 thread_num=24
[OMPT] implicit_task_end: parallel_id=0 thread_num=27
[OMPT] implicit_task_end: parallel_id=0 thread_num=6
[OMPT] implicit_task_end: parallel_id=0 thread_num=26
[OMPT] implicit_task_end: parallel_id=0 thread_num=25
[OMPT][WIN100ms] ompt_id=3096224743817217 tid=1054936 tipo=ompt_thread_worker     cpu=  2 numa=0  d_rm= 2023845  d_instr= 308840960  d_cyc= 542727229  d_all=16528872  IPC=0.569  ratio_rm=0.1224
[OMPT][WIN100ms] ompt_id=3377699720527873 tid=1054938 tipo=ompt_thread_worker     cpu=231 numa=1  d_rm= 1977699  d_instr= 375003006  d_cyc= 532643936  d_all=16604130  IPC=0.704  ratio_rm=0.1191
[OMPT][WIN100ms] ompt_id=3940649673949185 tid=1054940 tipo=ompt_thread_worker     cpu= 45 numa=0  d_rm= 1898144  d_instr= 371370501  d_cyc= 533488125  d_all=16181771  IPC=0.696  ratio_rm=0.1173
[OMPT][WIN100ms] ompt_id=3659174697238529 tid=1054939 tipo=ompt_thread_worker     cpu= 56 numa=0  d_rm= 1914459  d_instr= 378518687  d_cyc= 532103500  d_all=16371971  IPC=0.711  ratio_rm=0.1169
[OMPT][WIN100ms] ompt_id=4222124650659841 tid=1054942 tipo=ompt_thread_worker     cpu=191 numa=0  d_rm= 1930632  d_instr= 380980346  d_cyc= 533771669  d_all=16632100  IPC=0.714  ratio_rm=0.1161
[OMPT][WIN100ms] ompt_id=4503599627370497 tid=1054941 tipo=ompt_thread_worker     cpu= 64 numa=1  d_rm= 2000907  d_instr= 307182486  d_cyc= 541687355  d_all=16325044  IPC=0.567  ratio_rm=0.1226
[OMPT][WIN100ms] ompt_id=4785074604081153 tid=1054944 tipo=ompt_thread_worker     cpu= 21 numa=0  d_rm= 1998332  d_instr= 371878081  d_cyc= 533597705  d_all=16716929  IPC=0.697  ratio_rm=0.1195
[OMPT][WIN100ms] ompt_id=5066549580791809 tid=1054943 tipo=ompt_thread_worker     cpu=120 numa=1  d_rm= 1937995  d_instr= 370744253  d_cyc= 533134433  d_all=16713142  IPC=0.695  ratio_rm=0.1160
[OMPT][WIN100ms] ompt_id=5348024557502465 tid=1054945 tipo=ompt_thread_worker     cpu=  1 numa=0  d_rm= 2050660  d_instr= 310275856  d_cyc= 540865265  d_all=16303947  IPC=0.574  ratio_rm=0.1258
[OMPT][WIN100ms] ompt_id=5629499534213121 tid=1054946 tipo=ompt_thread_worker     cpu= 89 numa=1  d_rm= 1953299  d_instr= 381318660  d_cyc= 531723293  d_all=16417627  IPC=0.717  ratio_rm=0.1190
[OMPT][WIN100ms] ompt_id=5910974510923777 tid=1054947 tipo=ompt_thread_worker     cpu= 88 numa=1  d_rm= 1959590  d_instr= 385273985  d_cyc= 532860463  d_all=16475245  IPC=0.723  ratio_rm=0.1189
[OMPT][WIN100ms] ompt_id=6192449487634433 tid=1054948 tipo=ompt_thread_worker     cpu= 37 numa=0  d_rm= 1909043  d_instr= 376629744  d_cyc= 531897885  d_all=16359927  IPC=0.708  ratio_rm=0.1167
[OMPT][WIN100ms] ompt_id=6473924464345089 tid=1054949 tipo=ompt_thread_worker     cpu= 65 numa=1  d_rm= 2074306  d_instr= 309200938  d_cyc= 540845031  d_all=16341298  IPC=0.572  ratio_rm=0.1269
[OMPT][WIN100ms] ompt_id=6755399441055745 tid=1054950 tipo=ompt_thread_worker     cpu=237 numa=1  d_rm= 1969649  d_instr= 378622305  d_cyc= 529226865  d_all=16410598  IPC=0.715  ratio_rm=0.1200
[OMPT][WIN100ms] ompt_id=7036874417766401 tid=1054951 tipo=ompt_thread_worker     cpu=104 numa=1  d_rm= 1980482  d_instr= 388003665  d_cyc= 528667055  d_all=16442346  IPC=0.734  ratio_rm=0.1205
[OMPT][WIN100ms] ompt_id=7599824371187713 tid=1054953 tipo=ompt_thread_worker     cpu= 38 numa=0  d_rm= 1914143  d_instr= 378846912  d_cyc= 526614749  d_all=16473083  IPC=0.719  ratio_rm=0.1162
[OMPT][WIN100ms] ompt_id=7881299347898369 tid=1054954 tipo=ompt_thread_worker     cpu= 46 numa=0  d_rm= 1893181  d_instr= 375438740  d_cyc= 528444119  d_all=16705688  IPC=0.710  ratio_rm=0.1133
[OMPT][WIN100ms] ompt_id=8162774324609025 tid=1054955 tipo=ompt_thread_worker     cpu= 72 numa=1  d_rm= 1949152  d_instr= 379915827  d_cyc= 525556020  d_all=16541028  IPC=0.723  ratio_rm=0.1178
[OMPT][WIN100ms] ompt_id=8444249301319681 tid=1054956 tipo=ompt_thread_worker     cpu=112 numa=1  d_rm= 1942747  d_instr= 367986847  d_cyc= 527986097  d_all=16500679  IPC=0.697  ratio_rm=0.1177
[OMPT][WIN100ms] ompt_id=8725724278030337 tid=1054957 tipo=ompt_thread_worker     cpu= 25 numa=0  d_rm= 1916557  d_instr= 379621304  d_cyc= 526161246  d_all=16410595  IPC=0.721  ratio_rm=0.1168
[OMPT][WIN100ms] ompt_id=9007199254740993 tid=1054958 tipo=ompt_thread_worker     cpu= 73 numa=1  d_rm= 1933570  d_instr= 380703205  d_cyc= 527280775  d_all=16567008  IPC=0.722  ratio_rm=0.1167
[OMPT] implicit_task_begin: parallel_id=281474976710779 thread_num=27 team_size=32
[OMPT] implicit_task_begin: parallel_id=281474976710779 thread_num=13 team_size=32
[OMPT] implicit_task_begin: parallel_id=281474976710779 thread_num=20 team_size=32
[OMPT] implicit_task_begin: parallel_id=281474976710779 thread_num=19 team_size=32
[OMPT] implicit_task_begin: parallel_id=281474976710779 thread_num=6 team_size=32
[OMPT] implicit_task_begin: parallel_id=281474976710779 thread_num=5 team_size=32
[OMPT] implicit_task_begin: parallel_id=281474976710779 thread_num=14 team_size=32
[OMPT] implicit_task_begin: parallel_id=281474976710779 thread_num=22 team_size=32
[OMPT] implicit_task_begin: parallel_id=281474976710779 thread_num=7 team_size=32
[OMPT] implicit_task_begin: parallel_id=281474976710779 thread_num=3 team_size=32
[OMPT] implicit_task_begin: parallel_id=281474976710779 thread_num=1 team_size=32
[OMPT] implicit_task_begin: parallel_id=281474976710779 thread_num=30 team_size=32
[OMPT] implicit_task_begin: parallel_id=281474976710779 thread_num=2 team_size=32
[OMPT] implicit_task_begin: parallel_id=281474976710779 thread_num=24 team_size=32
[OMPT] implicit_task_begin: parallel_id=281474976710779 thread_num=23 team_size=32
[OMPT] implicit_task_begin: parallel_id=281474976710779 thread_num=29 team_size=32
[OMPT] implicit_task_begin: parallel_id=281474976710779 thread_num=10 team_size=32
[OMPT] implicit_task_begin: parallel_id=281474976710779 thread_num=28 team_size=32
[OMPT] implicit_task_begin: parallel_id=281474976710779 thread_num=31 team_size=32
[OMPT] implicit_task_begin: parallel_id=281474976710779 thread_num=26 team_size=32
[OMPT] implicit_task_begin: parallel_id=281474976710779 thread_num=21 team_size=32
[OMPT] implicit_task_begin: parallel_id=281474976710779 thread_num=4 team_size=32
[OMPT] implicit_task_begin: parallel_id=281474976710779 thread_num=16 team_size=32
[OMPT] implicit_task_begin: parallel_id=281474976710779 thread_num=11 team_size=32
[OMPT] implicit_task_begin: parallel_id=281474976710779 thread_num=8 team_size=32
[OMPT] implicit_task_begin: parallel_id=281474976710779 thread_num=15 team_size=32
[OMPT] implicit_task_begin: parallel_id=281474976710779 thread_num=9 team_size=32
[OMPT] implicit_task_begin: parallel_id=281474976710779 thread_num=18 team_size=32
[OMPT] implicit_task_begin: parallel_id=281474976710779 thread_num=12 team_size=32
[OMPT] implicit_task_begin: parallel_id=281474976710779 thread_num=17 team_size=32
[OMPT] implicit_task_begin: parallel_id=281474976710779 thread_num=25 team_size=32
[OMPT] implicit_task_begin: parallel_id=281474976710779 thread_num=0 team_size=32
[OMPT] implicit_task_end: parallel_id=0 thread_num=0
[OMPT] parallel_end: parallel_id=281474976710779
[OMPT] parallel_begin: parallel_id=281474976710781 team_size=32
[OMPT] implicit_task_end: parallel_id=0 thread_num=16
[OMPT] implicit_task_end: parallel_id=0 thread_num=3
[OMPT] implicit_task_end: parallel_id=0 thread_num=28
[OMPT] implicit_task_end: parallel_id=0 thread_num=24
[OMPT] implicit_task_begin: parallel_id=281474976710781 thread_num=16 team_size=32
[OMPT] implicit_task_end: parallel_id=0 thread_num=25
[OMPT] implicit_task_end: parallel_id=0 thread_num=2
[OMPT] implicit_task_begin: parallel_id=281474976710781 thread_num=0 team_size=32
[OMPT] implicit_task_end: parallel_id=0 thread_num=17
[OMPT] implicit_task_end: parallel_id=0 thread_num=20
[OMPT] implicit_task_begin: parallel_id=281474976710781 thread_num=25 team_size=32
[OMPT] implicit_task_end: parallel_id=0 thread_num=21
[OMPT] implicit_task_end: parallel_id=0 thread_num=18
[OMPT] implicit_task_end: parallel_id=0 thread_num=31
[OMPT] implicit_task_end: parallel_id=0 thread_num=30
[OMPT] implicit_task_end: parallel_id=0 thread_num=12
[OMPT] implicit_task_begin: parallel_id=281474976710781 thread_num=18 team_size=32
[OMPT] implicit_task_begin: parallel_id=281474976710781 thread_num=21 team_size=32
[OMPT] implicit_task_end: parallel_id=0 thread_num=14
[OMPT] implicit_task_begin: parallel_id=281474976710781 thread_num=12 team_size=32
[OMPT] implicit_task_end: parallel_id=0 thread_num=29
[OMPT] implicit_task_end: parallel_id=0 thread_num=27
[OMPT] implicit_task_begin: parallel_id=281474976710781 thread_num=29 team_size=32
[OMPT] implicit_task_begin: parallel_id=281474976710781 thread_num=3 team_size=32
[OMPT] implicit_task_end: parallel_id=0 thread_num=19
[OMPT] implicit_task_begin: parallel_id=281474976710781 thread_num=19 team_size=32
[OMPT] implicit_task_begin: parallel_id=281474976710781 thread_num=17 team_size=32
[OMPT] implicit_task_end: parallel_id=0 thread_num=22
[OMPT] implicit_task_begin: parallel_id=281474976710781 thread_num=22 team_size=32
[OMPT] implicit_task_end: parallel_id=0 thread_num=23
[OMPT] implicit_task_begin: parallel_id=281474976710781 thread_num=20 team_size=32
[OMPT] implicit_task_begin: parallel_id=281474976710781 thread_num=23 team_size=32
[OMPT] implicit_task_begin: parallel_id=281474976710781 thread_num=31 team_size=32
[OMPT] implicit_task_end: parallel_id=0 thread_num=4
[OMPT] implicit_task_end: parallel_id=0 thread_num=7
[OMPT] implicit_task_end: parallel_id=0 thread_num=15
[OMPT] implicit_task_begin: parallel_id=281474976710781 thread_num=7 team_size=32
[OMPT] implicit_task_end: parallel_id=0 thread_num=13
[OMPT] implicit_task_end: parallel_id=0 thread_num=8
[OMPT] implicit_task_begin: parallel_id=281474976710781 thread_num=28 team_size=32
[OMPT] implicit_task_end: parallel_id=0 thread_num=11
[OMPT] implicit_task_begin: parallel_id=281474976710781 thread_num=14 team_size=32
[OMPT] implicit_task_begin: parallel_id=281474976710781 thread_num=8 team_size=32
[OMPT] implicit_task_end: parallel_id=0 thread_num=1
[OMPT] implicit_task_begin: parallel_id=281474976710781 thread_num=27 team_size=32
[OMPT] implicit_task_begin: parallel_id=281474976710781 thread_num=1 team_size=32
[OMPT] implicit_task_begin: parallel_id=281474976710781 thread_num=2 team_size=32
[OMPT] implicit_task_end: parallel_id=0 thread_num=6
[OMPT] implicit_task_end: parallel_id=0 thread_num=5
[OMPT] implicit_task_begin: parallel_id=281474976710781 thread_num=4 team_size=32
[OMPT] implicit_task_begin: parallel_id=281474976710781 thread_num=6 team_size=32
[OMPT] implicit_task_begin: parallel_id=281474976710781 thread_num=15 team_size=32
[OMPT] implicit_task_begin: parallel_id=281474976710781 thread_num=13 team_size=32
[OMPT] implicit_task_end: parallel_id=0 thread_num=10
[OMPT] implicit_task_end: parallel_id=0 thread_num=9
[OMPT] implicit_task_begin: parallel_id=281474976710781 thread_num=9 team_size=32
[OMPT] implicit_task_end: parallel_id=0 thread_num=26
[OMPT] implicit_task_begin: parallel_id=281474976710781 thread_num=26 team_size=32
[OMPT] implicit_task_begin: parallel_id=281474976710781 thread_num=11 team_size=32
[OMPT] implicit_task_begin: parallel_id=281474976710781 thread_num=24 team_size=32
[OMPT] implicit_task_begin: parallel_id=281474976710781 thread_num=30 team_size=32
[OMPT] implicit_task_begin: parallel_id=281474976710781 thread_num=5 team_size=32
[OMPT] implicit_task_begin: parallel_id=281474976710781 thread_num=10 team_size=32
[OMPT] implicit_task_end: parallel_id=0 thread_num=0
[OMPT] parallel_end: parallel_id=281474976710781
[OMPT] parallel_begin: parallel_id=281474976710783 team_size=32
[OMPT] implicit_task_end: parallel_id=0 thread_num=16
[OMPT] implicit_task_end: parallel_id=0 thread_num=3
[OMPT] implicit_task_end: parallel_id=0 thread_num=24
[OMPT] implicit_task_end: parallel_id=0 thread_num=8
[OMPT] implicit_task_begin: parallel_id=281474976710783 thread_num=3 team_size=32
[OMPT] implicit_task_end: parallel_id=0 thread_num=26
[OMPT] implicit_task_end: parallel_id=0 thread_num=9
[OMPT] implicit_task_end: parallel_id=0 thread_num=1
[OMPT] implicit_task_end: parallel_id=0 thread_num=28
[OMPT] implicit_task_begin: parallel_id=281474976710783 thread_num=8 team_size=32
[OMPT] implicit_task_end: parallel_id=0 thread_num=18
[OMPT] implicit_task_end: parallel_id=0 thread_num=17
[OMPT] implicit_task_end: parallel_id=0 thread_num=20
[OMPT] implicit_task_end: parallel_id=0 thread_num=22
[OMPT] implicit_task_end: parallel_id=0 thread_num=4
[OMPT] implicit_task_end: parallel_id=0 thread_num=7
[OMPT] implicit_task_end: parallel_id=0 thread_num=27
[OMPT] implicit_task_begin: parallel_id=281474976710783 thread_num=22 team_size=32
[OMPT] implicit_task_begin: parallel_id=281474976710783 thread_num=7 team_size=32
[OMPT] implicit_task_begin: parallel_id=281474976710783 thread_num=4 team_size=32
[OMPT] implicit_task_begin: parallel_id=281474976710783 thread_num=27 team_size=32
[OMPT] implicit_task_end: parallel_id=0 thread_num=10
[OMPT] implicit_task_end: parallel_id=0 thread_num=2
[OMPT] implicit_task_begin: parallel_id=281474976710783 thread_num=10 team_size=32
[OMPT] implicit_task_begin: parallel_id=281474976710783 thread_num=2 team_size=32
[OMPT] implicit_task_begin: parallel_id=281474976710783 thread_num=24 team_size=32
[OMPT] implicit_task_end: parallel_id=0 thread_num=31
[OMPT] implicit_task_begin: parallel_id=281474976710783 thread_num=31 team_size=32
[OMPT] implicit_task_end: parallel_id=0 thread_num=30
[OMPT] implicit_task_begin: parallel_id=281474976710783 thread_num=30 team_size=32
[OMPT] implicit_task_end: parallel_id=0 thread_num=29
[OMPT] implicit_task_begin: parallel_id=281474976710783 thread_num=29 team_size=32
[OMPT] implicit_task_begin: parallel_id=281474976710783 thread_num=26 team_size=32
[OMPT] implicit_task_begin: parallel_id=281474976710783 thread_num=28 team_size=32
[OMPT] implicit_task_begin: parallel_id=281474976710783 thread_num=18 team_size=32
[OMPT] implicit_task_begin: parallel_id=281474976710783 thread_num=9 team_size=32
[OMPT] implicit_task_end: parallel_id=0 thread_num=19
[OMPT] implicit_task_begin: parallel_id=281474976710783 thread_num=19 team_size=32
[OMPT] implicit_task_begin: parallel_id=281474976710783 thread_num=17 team_size=32
[OMPT] implicit_task_end: parallel_id=0 thread_num=25
[OMPT] implicit_task_begin: parallel_id=281474976710783 thread_num=25 team_size=32
[OMPT] implicit_task_begin: parallel_id=281474976710783 thread_num=1 team_size=32
[OMPT] implicit_task_end: parallel_id=0 thread_num=23
[OMPT] implicit_task_end: parallel_id=0 thread_num=21
[OMPT] implicit_task_begin: parallel_id=281474976710783 thread_num=23 team_size=32
[OMPT] implicit_task_begin: parallel_id=281474976710783 thread_num=21 team_size=32
[OMPT] implicit_task_begin: parallel_id=281474976710783 thread_num=16 team_size=32
[OMPT] implicit_task_end: parallel_id=0 thread_num=5
[OMPT] implicit_task_end: parallel_id=0 thread_num=6
[OMPT] implicit_task_begin: parallel_id=281474976710783 thread_num=5 team_size=32
[OMPT] implicit_task_begin: parallel_id=281474976710783 thread_num=20 team_size=32
[OMPT] implicit_task_end: parallel_id=0 thread_num=11
[OMPT] implicit_task_end: parallel_id=0 thread_num=12
[OMPT] implicit_task_end: parallel_id=0 thread_num=15
[OMPT] implicit_task_end: parallel_id=0 thread_num=13
[OMPT] implicit_task_begin: parallel_id=281474976710783 thread_num=12 team_size=32
[OMPT] implicit_task_begin: parallel_id=281474976710783 thread_num=6 team_size=32
[OMPT] implicit_task_begin: parallel_id=281474976710783 thread_num=11 team_size=32
[OMPT] implicit_task_end: parallel_id=0 thread_num=14
[OMPT] implicit_task_begin: parallel_id=281474976710783 thread_num=14 team_size=32
[OMPT] implicit_task_begin: parallel_id=281474976710783 thread_num=15 team_size=32
[OMPT] implicit_task_begin: parallel_id=281474976710783 thread_num=13 team_size=32
[OMPT] implicit_task_begin: parallel_id=281474976710783 thread_num=0 team_size=32
[OMPT] implicit_task_end: parallel_id=0 thread_num=0
[OMPT] parallel_end: parallel_id=281474976710783
[OMPT] parallel_begin: parallel_id=281474976710785 team_size=32
[OMPT] implicit_task_end: parallel_id=0 thread_num=12
[OMPT] implicit_task_end: parallel_id=0 thread_num=2
[OMPT] implicit_task_end: parallel_id=0 thread_num=15
[OMPT] implicit_task_end: parallel_id=0 thread_num=8
[OMPT] implicit_task_end: parallel_id=0 thread_num=4
[OMPT] implicit_task_end: parallel_id=0 thread_num=10
[OMPT] implicit_task_end: parallel_id=0 thread_num=6
[OMPT] implicit_task_end: parallel_id=0 thread_num=1
[OMPT] implicit_task_end: parallel_id=0 thread_num=14
[OMPT] implicit_task_end: parallel_id=0 thread_num=13
[OMPT] implicit_task_begin: parallel_id=281474976710785 thread_num=12 team_size=32
[OMPT] implicit_task_end: parallel_id=0 thread_num=16
[OMPT] implicit_task_begin: parallel_id=281474976710785 thread_num=14 team_size=32
[OMPT] implicit_task_end: parallel_id=0 thread_num=17
[OMPT] implicit_task_begin: parallel_id=281474976710785 thread_num=2 team_size=32
[OMPT] implicit_task_begin: parallel_id=281474976710785 thread_num=16 team_size=32
[OMPT] implicit_task_end: parallel_id=0 thread_num=24
[OMPT] implicit_task_end: parallel_id=0 thread_num=5
[OMPT] implicit_task_end: parallel_id=0 thread_num=25
[OMPT] implicit_task_begin: parallel_id=281474976710785 thread_num=8 team_size=32
[OMPT] implicit_task_begin: parallel_id=281474976710785 thread_num=0 team_size=32
[OMPT] implicit_task_begin: parallel_id=281474976710785 thread_num=10 team_size=32
[OMPT] implicit_task_begin: parallel_id=281474976710785 thread_num=24 team_size=32
[OMPT] implicit_task_begin: parallel_id=281474976710785 thread_num=4 team_size=32
[OMPT] implicit_task_begin: parallel_id=281474976710785 thread_num=5 team_size=32
[OMPT] implicit_task_begin: parallel_id=281474976710785 thread_num=6 team_size=32
[OMPT] implicit_task_end: parallel_id=0 thread_num=11
[OMPT] implicit_task_end: parallel_id=0 thread_num=18
[OMPT] implicit_task_begin: parallel_id=281474976710785 thread_num=11 team_size=32
[OMPT] implicit_task_end: parallel_id=0 thread_num=19
[OMPT] implicit_task_begin: parallel_id=281474976710785 thread_num=1 team_size=32
[OMPT] implicit_task_begin: parallel_id=281474976710785 thread_num=17 team_size=32
[OMPT] implicit_task_begin: parallel_id=281474976710785 thread_num=19 team_size=32
[OMPT] implicit_task_begin: parallel_id=281474976710785 thread_num=15 team_size=32
[OMPT] implicit_task_end: parallel_id=0 thread_num=7
[OMPT] implicit_task_begin: parallel_id=281474976710785 thread_num=7 team_size=32
[OMPT] implicit_task_end: parallel_id=0 thread_num=27
[OMPT] implicit_task_begin: parallel_id=281474976710785 thread_num=27 team_size=32
[OMPT] implicit_task_end: parallel_id=0 thread_num=26
[OMPT] implicit_task_begin: parallel_id=281474976710785 thread_num=26 team_size=32
[OMPT] implicit_task_begin: parallel_id=281474976710785 thread_num=25 team_size=32
[OMPT] implicit_task_end: parallel_id=0 thread_num=28
[OMPT] implicit_task_end: parallel_id=0 thread_num=31
[OMPT] implicit_task_begin: parallel_id=281474976710785 thread_num=18 team_size=32
[OMPT] implicit_task_begin: parallel_id=281474976710785 thread_num=28 team_size=32
[OMPT] implicit_task_begin: parallel_id=281474976710785 thread_num=31 team_size=32
[OMPT] implicit_task_end: parallel_id=0 thread_num=20
[OMPT] implicit_task_end: parallel_id=0 thread_num=21
[OMPT] implicit_task_end: parallel_id=0 thread_num=9
[OMPT] implicit_task_begin: parallel_id=281474976710785 thread_num=20 team_size=32
[OMPT] implicit_task_begin: parallel_id=281474976710785 thread_num=21 team_size=32
[OMPT] implicit_task_end: parallel_id=0 thread_num=29
[OMPT] implicit_task_end: parallel_id=0 thread_num=30
[OMPT] implicit_task_begin: parallel_id=281474976710785 thread_num=29 team_size=32
[OMPT] implicit_task_begin: parallel_id=281474976710785 thread_num=30 team_size=32
[OMPT] implicit_task_end: parallel_id=0 thread_num=23
[OMPT] implicit_task_end: parallel_id=0 thread_num=3
[OMPT] implicit_task_begin: parallel_id=281474976710785 thread_num=23 team_size=32
[OMPT] implicit_task_begin: parallel_id=281474976710785 thread_num=13 team_size=32
[OMPT] implicit_task_end: parallel_id=0 thread_num=22
[OMPT] implicit_task_begin: parallel_id=281474976710785 thread_num=22 team_size=32
[OMPT] implicit_task_begin: parallel_id=281474976710785 thread_num=3 team_size=32
[OMPT] implicit_task_begin: parallel_id=281474976710785 thread_num=9 team_size=32
[OMPT] implicit_task_end: parallel_id=0 thread_num=0
[OMPT] parallel_end: parallel_id=281474976710785
[OMPT] parallel_begin: parallel_id=281474976710787 team_size=32
[OMPT] implicit_task_end: parallel_id=0 thread_num=16
[OMPT] implicit_task_end: parallel_id=0 thread_num=1
[OMPT] implicit_task_end: parallel_id=0 thread_num=24
[OMPT] implicit_task_end: parallel_id=0 thread_num=8
[OMPT] implicit_task_end: parallel_id=0 thread_num=26
[OMPT] implicit_task_end: parallel_id=0 thread_num=4
[OMPT] implicit_task_end: parallel_id=0 thread_num=3
[OMPT] implicit_task_end: parallel_id=0 thread_num=2
[OMPT] implicit_task_end: parallel_id=0 thread_num=17
[OMPT] implicit_task_begin: parallel_id=281474976710787 thread_num=8 team_size=32
[OMPT] implicit_task_end: parallel_id=0 thread_num=18
[OMPT] implicit_task_begin: parallel_id=281474976710787 thread_num=26 team_size=32
[OMPT] implicit_task_end: parallel_id=0 thread_num=19
[OMPT] implicit_task_end: parallel_id=0 thread_num=28
[OMPT] implicit_task_end: parallel_id=0 thread_num=31
[OMPT] implicit_task_end: parallel_id=0 thread_num=12
[OMPT] implicit_task_begin: parallel_id=281474976710787 thread_num=16 team_size=32
[OMPT] implicit_task_end: parallel_id=0 thread_num=14
[OMPT] implicit_task_begin: parallel_id=281474976710787 thread_num=28 team_size=32
[OMPT] implicit_task_begin: parallel_id=281474976710787 thread_num=1 team_size=32
[OMPT] implicit_task_begin: parallel_id=281474976710787 thread_num=12 team_size=32
[OMPT] implicit_task_begin: parallel_id=281474976710787 thread_num=14 team_size=32
[OMPT] implicit_task_end: parallel_id=0 thread_num=11
[OMPT] implicit_task_end: parallel_id=0 thread_num=9
[OMPT] implicit_task_end: parallel_id=0 thread_num=10
[OMPT] implicit_task_end: parallel_id=0 thread_num=7
[OMPT] implicit_task_end: parallel_id=0 thread_num=6
[OMPT] implicit_task_begin: parallel_id=281474976710787 thread_num=10 team_size=32
[OMPT] implicit_task_end: parallel_id=0 thread_num=20
[OMPT] implicit_task_begin: parallel_id=281474976710787 thread_num=24 team_size=32
[OMPT] implicit_task_end: parallel_id=0 thread_num=22
[OMPT] implicit_task_begin: parallel_id=281474976710787 thread_num=2 team_size=32
[OMPT] implicit_task_begin: parallel_id=281474976710787 thread_num=6 team_size=32
[OMPT] implicit_task_begin: parallel_id=281474976710787 thread_num=22 team_size=32
[OMPT] implicit_task_begin: parallel_id=281474976710787 thread_num=17 team_size=32
[OMPT] implicit_task_begin: parallel_id=281474976710787 thread_num=3 team_size=32
[OMPT] implicit_task_end: parallel_id=0 thread_num=29
[OMPT] implicit_task_begin: parallel_id=281474976710787 thread_num=29 team_size=32
[OMPT] implicit_task_begin: parallel_id=281474976710787 thread_num=19 team_size=32
[OMPT] implicit_task_end: parallel_id=0 thread_num=15
[OMPT] implicit_task_begin: parallel_id=281474976710787 thread_num=15 team_size=32
[OMPT] implicit_task_end: parallel_id=0 thread_num=13
[OMPT] implicit_task_begin: parallel_id=281474976710787 thread_num=13 team_size=32
[OMPT] implicit_task_begin: parallel_id=281474976710787 thread_num=31 team_size=32
[OMPT] implicit_task_end: parallel_id=0 thread_num=27
[OMPT] implicit_task_end: parallel_id=0 thread_num=25
[OMPT] implicit_task_begin: parallel_id=281474976710787 thread_num=11 team_size=32
[OMPT] implicit_task_begin: parallel_id=281474976710787 thread_num=9 team_size=32
[OMPT] implicit_task_end: parallel_id=0 thread_num=5
[OMPT] implicit_task_begin: parallel_id=281474976710787 thread_num=0 team_size=32
[OMPT] implicit_task_begin: parallel_id=281474976710787 thread_num=5 team_size=32
[OMPT] implicit_task_begin: parallel_id=281474976710787 thread_num=7 team_size=32
[OMPT] implicit_task_end: parallel_id=0 thread_num=23
[OMPT] implicit_task_end: parallel_id=0 thread_num=21
[OMPT] implicit_task_begin: parallel_id=281474976710787 thread_num=23 team_size=32
[OMPT] implicit_task_begin: parallel_id=281474976710787 thread_num=21 team_size=32
[OMPT] implicit_task_begin: parallel_id=281474976710787 thread_num=20 team_size=32
[OMPT] implicit_task_end: parallel_id=0 thread_num=30
[OMPT] implicit_task_begin: parallel_id=281474976710787 thread_num=30 team_size=32
[OMPT] implicit_task_begin: parallel_id=281474976710787 thread_num=27 team_size=32
[OMPT] implicit_task_begin: parallel_id=281474976710787 thread_num=25 team_size=32
[OMPT] implicit_task_begin: parallel_id=281474976710787 thread_num=4 team_size=32
[OMPT] implicit_task_begin: parallel_id=281474976710787 thread_num=18 team_size=32
[OMPT][WIN100ms] ompt_id=281474976710657 tid=1054906 tipo=ompt_thread_initial    cpu=150 numa=0  d_rm= 1949889  d_instr= 367598899  d_cyc= 526066734  d_all=16580193  IPC=0.699  ratio_rm=0.1176
[OMPT][WIN100ms] ompt_id=562949953421313 tid=1054928 tipo=ompt_thread_worker     cpu=159 numa=0  d_rm= 1930910  d_instr= 375912683  d_cyc= 525577665  d_all=16433239  IPC=0.715  ratio_rm=0.1175
[OMPT][WIN100ms] ompt_id=844424930131969 tid=1054929 tipo=ompt_thread_worker     cpu= 66 numa=1  d_rm= 2104339  d_instr= 309275720  d_cyc= 533905366  d_all=16664145  IPC=0.579  ratio_rm=0.1263
[OMPT][WIN100ms] ompt_id=1125899906842625 tid=1054930 tipo=ompt_thread_worker     cpu=  8 numa=0  d_rm= 1907010  d_instr= 378159213  d_cyc= 525940019  d_all=16884195  IPC=0.719  ratio_rm=0.1129
[OMPT][WIN100ms] ompt_id=1407374883553281 tid=1054931 tipo=ompt_thread_worker     cpu=121 numa=1  d_rm= 2021075  d_instr= 370684309  d_cyc= 525368867  d_all=16790208  IPC=0.706  ratio_rm=0.1204
[OMPT][WIN100ms] ompt_id=1688849860263937 tid=1054932 tipo=ompt_thread_worker     cpu=208 numa=1  d_rm= 1988672  d_instr= 380150180  d_cyc= 524968396  d_all=16592645  IPC=0.724  ratio_rm=0.1199
[OMPT][WIN100ms] ompt_id=1970324836974593 tid=1054933 tipo=ompt_thread_worker     cpu= 87 numa=1  d_rm= 1981141  d_instr= 384158051  d_cyc= 526544833  d_all=16775015  IPC=0.730  ratio_rm=0.1181
[OMPT][WIN100ms] ompt_id=2251799813685249 tid=1054935 tipo=ompt_thread_worker     cpu= 97 numa=1  d_rm= 1953241  d_instr= 380618273  d_cyc= 528536020  d_all=16743844  IPC=0.720  ratio_rm=0.1167
[OMPT][WIN100ms] ompt_id=2533274790395905 tid=1054934 tipo=ompt_thread_worker     cpu=139 numa=0  d_rm= 1968342  d_instr= 383074541  d_cyc= 528938442  d_all=17087384  IPC=0.724  ratio_rm=0.1152
[OMPT] implicit_task_end: parallel_id=0 thread_num=0
[OMPT] parallel_end: parallel_id=281474976710787
[OMPT] parallel_begin: parallel_id=281474976710789 team_size=32
[OMPT] implicit_task_end: parallel_id=0 thread_num=12
[OMPT] implicit_task_end: parallel_id=0 thread_num=2
[OMPT] implicit_task_end: parallel_id=0 thread_num=13
[OMPT] implicit_task_end: parallel_id=0 thread_num=4
[OMPT] implicit_task_end: parallel_id=0 thread_num=7
[OMPT] implicit_task_end: parallel_id=0 thread_num=1
[OMPT] implicit_task_end: parallel_id=0 thread_num=3
[OMPT] implicit_task_end: parallel_id=0 thread_num=15
[OMPT] implicit_task_end: parallel_id=0 thread_num=14
[OMPT] implicit_task_end: parallel_id=0 thread_num=16
[OMPT] implicit_task_end: parallel_id=0 thread_num=8
[OMPT] implicit_task_end: parallel_id=0 thread_num=19
[OMPT] implicit_task_end: parallel_id=0 thread_num=9
[OMPT] implicit_task_end: parallel_id=0 thread_num=20
[OMPT] implicit_task_end: parallel_id=0 thread_num=22
[OMPT] implicit_task_end: parallel_id=0 thread_num=18
[OMPT] implicit_task_end: parallel_id=0 thread_num=17
[OMPT] implicit_task_end: parallel_id=0 thread_num=24
[OMPT] implicit_task_end: parallel_id=0 thread_num=25
[OMPT] implicit_task_end: parallel_id=0 thread_num=11
[OMPT] implicit_task_end: parallel_id=0 thread_num=10
[OMPT] implicit_task_end: parallel_id=0 thread_num=28
[OMPT] implicit_task_end: parallel_id=0 thread_num=30
[OMPT] implicit_task_end: parallel_id=0 thread_num=23
[OMPT] implicit_task_end: parallel_id=0 thread_num=21
[OMPT] implicit_task_end: parallel_id=0 thread_num=5
[OMPT] implicit_task_end: parallel_id=0 thread_num=27
[OMPT] implicit_task_end: parallel_id=0 thread_num=26
[OMPT][WIN100ms] ompt_id=2814749767106561 tid=1054937 tipo=ompt_thread_worker     cpu=113 numa=1  d_rm= 1925166  d_instr= 372889463  d_cyc= 528928969  d_all=16417030  IPC=0.705  ratio_rm=0.1173
[OMPT] implicit_task_end: parallel_id=0 thread_num=29
[OMPT] implicit_task_end: parallel_id=0 thread_num=31
[OMPT] implicit_task_end: parallel_id=0 thread_num=6
[OMPT][WIN100ms] ompt_id=3096224743817217 tid=1054936 tipo=ompt_thread_worker     cpu=  2 numa=0  d_rm= 2030570  d_instr= 311030455  d_cyc= 536172120  d_all=16623154  IPC=0.580  ratio_rm=0.1222
[OMPT][WIN100ms] ompt_id=3377699720527873 tid=1054938 tipo=ompt_thread_worker     cpu=231 numa=1  d_rm= 1975288  d_instr= 373254538  d_cyc= 529044569  d_all=16597855  IPC=0.706  ratio_rm=0.1190
[OMPT][WIN100ms] ompt_id=3940649673949185 tid=1054940 tipo=ompt_thread_worker     cpu= 45 numa=0  d_rm= 1896209  d_instr= 369368735  d_cyc= 529111250  d_all=16188340  IPC=0.698  ratio_rm=0.1171
[OMPT][WIN100ms] ompt_id=3659174697238529 tid=1054939 tipo=ompt_thread_worker     cpu= 56 numa=0  d_rm= 1917322  d_instr= 375813181  d_cyc= 530785790  d_all=16369724  IPC=0.708  ratio_rm=0.1171
[OMPT][WIN100ms] ompt_id=4222124650659841 tid=1054942 tipo=ompt_thread_worker     cpu=191 numa=0  d_rm= 1933293  d_instr= 378408256  d_cyc= 531470785  d_all=16616746  IPC=0.712  ratio_rm=0.1163
[OMPT][WIN100ms] ompt_id=4503599627370497 tid=1054941 tipo=ompt_thread_worker     cpu= 64 numa=1  d_rm= 2000897  d_instr= 307718253  d_cyc= 541756666  d_all=16324744  IPC=0.568  ratio_rm=0.1226
[OMPT][WIN100ms] ompt_id=4785074604081153 tid=1054944 tipo=ompt_thread_worker     cpu= 21 numa=0  d_rm= 1982670  d_instr= 370137390  d_cyc= 532001680  d_all=16723683  IPC=0.696  ratio_rm=0.1186
[OMPT][WIN100ms] ompt_id=5066549580791809 tid=1054943 tipo=ompt_thread_worker     cpu=120 numa=1  d_rm= 1932667  d_instr= 370771585  d_cyc= 532565338  d_all=16707054  IPC=0.696  ratio_rm=0.1157
[OMPT][WIN100ms] ompt_id=5348024557502465 tid=1054945 tipo=ompt_thread_worker     cpu=  1 numa=0  d_rm= 2051168  d_instr= 309021888  d_cyc= 539342784  d_all=16298670  IPC=0.573  ratio_rm=0.1258
[OMPT][WIN100ms] ompt_id=5629499534213121 tid=1054946 tipo=ompt_thread_worker     cpu= 89 numa=1  d_rm= 1967704  d_instr= 380271595  d_cyc= 532115400  d_all=16413267  IPC=0.715  ratio_rm=0.1199
[OMPT][WIN100ms] ompt_id=5910974510923777 tid=1054947 tipo=ompt_thread_worker     cpu= 88 numa=1  d_rm= 1975999  d_instr= 382112636  d_cyc= 530174263  d_all=16473877  IPC=0.721  ratio_rm=0.1199
[OMPT][WIN100ms] ompt_id=6192449487634433 tid=1054948 tipo=ompt_thread_worker     cpu= 37 numa=0  d_rm= 1905168  d_instr= 376704848  d_cyc= 533364856  d_all=16357403  IPC=0.706  ratio_rm=0.1165
[OMPT][WIN100ms] ompt_id=6473924464345089 tid=1054949 tipo=ompt_thread_worker     cpu= 65 numa=1  d_rm= 2073622  d_instr= 310075069  d_cyc= 543561731  d_all=16343604  IPC=0.570  ratio_rm=0.1269
[OMPT][WIN100ms] ompt_id=6755399441055745 tid=1054950 tipo=ompt_thread_worker     cpu=237 numa=1  d_rm= 2032154  d_instr= 370171175  d_cyc= 534195127  d_all=16401229  IPC=0.693  ratio_rm=0.1239
[OMPT][WIN100ms] ompt_id=7036874417766401 tid=1054951 tipo=ompt_thread_worker     cpu=104 numa=1  d_rm= 2069902  d_instr= 370537884  d_cyc= 534345842  d_all=16430492  IPC=0.693  ratio_rm=0.1260
[OMPT][WIN100ms] ompt_id=7318349394477057 tid=1054952 tipo=ompt_thread_worker     cpu=  0 numa=0  d_rm= 1971882  d_instr= 307118000  d_cyc= 542363573  d_all=16335531  IPC=0.566  ratio_rm=0.1207
[OMPT][WIN100ms] ompt_id=7599824371187713 tid=1054953 tipo=ompt_thread_worker     cpu= 38 numa=0  d_rm= 1901632  d_instr= 376446847  d_cyc= 538900143  d_all=16476617  IPC=0.699  ratio_rm=0.1154
[OMPT][WIN100ms] ompt_id=7881299347898369 tid=1054954 tipo=ompt_thread_worker     cpu= 46 numa=0  d_rm= 1901209  d_instr= 372631654  d_cyc= 539410816  d_all=16708188  IPC=0.691  ratio_rm=0.1138
[OMPT][WIN100ms] ompt_id=8162774324609025 tid=1054955 tipo=ompt_thread_worker     cpu= 72 numa=1  d_rm= 1951950  d_instr= 378296199  d_cyc= 539165860  d_all=16544337  IPC=0.702  ratio_rm=0.1180
[OMPT][WIN100ms] ompt_id=8444249301319681 tid=1054956 tipo=ompt_thread_worker     cpu=112 numa=1  d_rm= 1926348  d_instr= 370030458  d_cyc= 541975313  d_all=16500267  IPC=0.683  ratio_rm=0.1167
[OMPT][WIN100ms] ompt_id=8725724278030337 tid=1054957 tipo=ompt_thread_worker     cpu= 25 numa=0  d_rm= 1910975  d_instr= 376345795  d_cyc= 539501528  d_all=16411869  IPC=0.698  ratio_rm=0.1164
[OMPT][WIN100ms] ompt_id=9007199254740993 tid=1054958 tipo=ompt_thread_worker     cpu= 73 numa=1  d_rm= 1944206  d_instr= 380377231  d_cyc= 541005870  d_all=16564835  IPC=0.703  ratio_rm=0.1174
[OMPT] implicit_task_begin: parallel_id=281474976710789 thread_num=13 team_size=32
[OMPT] implicit_task_begin: parallel_id=281474976710789 thread_num=27 team_size=32
[OMPT] implicit_task_begin: parallel_id=281474976710789 thread_num=17 team_size=32
[OMPT] implicit_task_begin: parallel_id=281474976710789 thread_num=0 team_size=32
[OMPT] implicit_task_begin: parallel_id=281474976710789 thread_num=29 team_size=32
[OMPT] implicit_task_begin: parallel_id=281474976710789 thread_num=10 team_size=32
[OMPT] implicit_task_begin: parallel_id=281474976710789 thread_num=26 team_size=32
[OMPT] implicit_task_begin: parallel_id=281474976710789 thread_num=21 team_size=32
[OMPT] implicit_task_begin: parallel_id=281474976710789 thread_num=23 team_size=32
[OMPT] implicit_task_begin: parallel_id=281474976710789 thread_num=24 team_size=32
[OMPT] implicit_task_begin: parallel_id=281474976710789 thread_num=31 team_size=32
[OMPT] implicit_task_begin: parallel_id=281474976710789 thread_num=28 team_size=32
[OMPT] implicit_task_begin: parallel_id=281474976710789 thread_num=11 team_size=32
[OMPT] implicit_task_begin: parallel_id=281474976710789 thread_num=8 team_size=32
[OMPT] implicit_task_begin: parallel_id=281474976710789 thread_num=25 team_size=32
[OMPT] implicit_task_begin: parallel_id=281474976710789 thread_num=14 team_size=32
[OMPT] implicit_task_begin: parallel_id=281474976710789 thread_num=22 team_size=32
[OMPT] implicit_task_begin: parallel_id=281474976710789 thread_num=2 team_size=32
[OMPT] implicit_task_begin: parallel_id=281474976710789 thread_num=9 team_size=32
[OMPT] implicit_task_begin: parallel_id=281474976710789 thread_num=18 team_size=32
[OMPT] implicit_task_begin: parallel_id=281474976710789 thread_num=19 team_size=32
[OMPT] implicit_task_begin: parallel_id=281474976710789 thread_num=20 team_size=32
[OMPT] implicit_task_begin: parallel_id=281474976710789 thread_num=1 team_size=32
[OMPT] implicit_task_begin: parallel_id=281474976710789 thread_num=30 team_size=32
[OMPT] implicit_task_begin: parallel_id=281474976710789 thread_num=6 team_size=32
[OMPT] implicit_task_begin: parallel_id=281474976710789 thread_num=5 team_size=32
[OMPT] implicit_task_begin: parallel_id=281474976710789 thread_num=16 team_size=32
[OMPT] implicit_task_begin: parallel_id=281474976710789 thread_num=4 team_size=32
[OMPT] implicit_task_begin: parallel_id=281474976710789 thread_num=7 team_size=32
[OMPT] implicit_task_begin: parallel_id=281474976710789 thread_num=15 team_size=32
[OMPT] implicit_task_begin: parallel_id=281474976710789 thread_num=3 team_size=32
[OMPT] implicit_task_begin: parallel_id=281474976710789 thread_num=12 team_size=32
[OMPT] implicit_task_end: parallel_id=0 thread_num=0
[OMPT] parallel_end: parallel_id=281474976710789
[OMPT] parallel_begin: parallel_id=281474976710791 team_size=32
[OMPT] implicit_task_end: parallel_id=0 thread_num=16
[OMPT] implicit_task_end: parallel_id=0 thread_num=2
[OMPT] implicit_task_end: parallel_id=0 thread_num=28
[OMPT] implicit_task_end: parallel_id=0 thread_num=17
[OMPT] implicit_task_end: parallel_id=0 thread_num=30
[OMPT] implicit_task_end: parallel_id=0 thread_num=29
[OMPT] implicit_task_end: parallel_id=0 thread_num=8
[OMPT] implicit_task_begin: parallel_id=281474976710791 thread_num=28 team_size=32
[OMPT] implicit_task_end: parallel_id=0 thread_num=11
[OMPT] implicit_task_begin: parallel_id=281474976710791 thread_num=0 team_size=32
[OMPT] implicit_task_begin: parallel_id=281474976710791 thread_num=17 team_size=32
[OMPT] implicit_task_end: parallel_id=0 thread_num=18
[OMPT] implicit_task_begin: parallel_id=281474976710791 thread_num=11 team_size=32
[OMPT] implicit_task_begin: parallel_id=281474976710791 thread_num=8 team_size=32
[OMPT] implicit_task_begin: parallel_id=281474976710791 thread_num=30 team_size=32
[OMPT] implicit_task_end: parallel_id=0 thread_num=24
[OMPT] implicit_task_end: parallel_id=0 thread_num=25
[OMPT] implicit_task_begin: parallel_id=281474976710791 thread_num=16 team_size=32
[OMPT] implicit_task_end: parallel_id=0 thread_num=31
[OMPT] implicit_task_begin: parallel_id=281474976710791 thread_num=24 team_size=32
[OMPT] implicit_task_end: parallel_id=0 thread_num=4
[OMPT] implicit_task_begin: parallel_id=281474976710791 thread_num=25 team_size=32
[OMPT] implicit_task_end: parallel_id=0 thread_num=7
[OMPT] implicit_task_end: parallel_id=0 thread_num=1
[OMPT] implicit_task_begin: parallel_id=281474976710791 thread_num=7 team_size=32
[OMPT] implicit_task_begin: parallel_id=281474976710791 thread_num=1 team_size=32
[OMPT] implicit_task_end: parallel_id=0 thread_num=10
[OMPT] implicit_task_begin: parallel_id=281474976710791 thread_num=29 team_size=32
[OMPT] implicit_task_begin: parallel_id=281474976710791 thread_num=10 team_size=32
[OMPT] implicit_task_end: parallel_id=0 thread_num=20
[OMPT] implicit_task_end: parallel_id=0 thread_num=23
[OMPT] implicit_task_begin: parallel_id=281474976710791 thread_num=18 team_size=32
[OMPT] implicit_task_end: parallel_id=0 thread_num=12
[OMPT] implicit_task_end: parallel_id=0 thread_num=27
[OMPT] implicit_task_begin: parallel_id=281474976710791 thread_num=20 team_size=32
[OMPT] implicit_task_end: parallel_id=0 thread_num=26
[OMPT] implicit_task_end: parallel_id=0 thread_num=3
[OMPT] implicit_task_begin: parallel_id=281474976710791 thread_num=27 team_size=32
[OMPT] implicit_task_begin: parallel_id=281474976710791 thread_num=26 team_size=32
[OMPT] implicit_task_end: parallel_id=0 thread_num=5
[OMPT] implicit_task_begin: parallel_id=281474976710791 thread_num=2 team_size=32
[OMPT] implicit_task_end: parallel_id=0 thread_num=9
[OMPT] implicit_task_begin: parallel_id=281474976710791 thread_num=9 team_size=32
[OMPT] implicit_task_end: parallel_id=0 thread_num=19
[OMPT] implicit_task_begin: parallel_id=281474976710791 thread_num=19 team_size=32
[OMPT] implicit_task_end: parallel_id=0 thread_num=22
[OMPT] implicit_task_begin: parallel_id=281474976710791 thread_num=22 team_size=32
[OMPT] implicit_task_end: parallel_id=0 thread_num=21
[OMPT] implicit_task_begin: parallel_id=281474976710791 thread_num=21 team_size=32
[OMPT] implicit_task_end: parallel_id=0 thread_num=15
[OMPT] implicit_task_begin: parallel_id=281474976710791 thread_num=15 team_size=32
[OMPT] implicit_task_end: parallel_id=0 thread_num=14
[OMPT] implicit_task_begin: parallel_id=281474976710791 thread_num=14 team_size=32
[OMPT] implicit_task_end: parallel_id=0 thread_num=13
[OMPT] implicit_task_begin: parallel_id=281474976710791 thread_num=13 team_size=32
[OMPT] implicit_task_begin: parallel_id=281474976710791 thread_num=23 team_size=32
[OMPT] implicit_task_begin: parallel_id=281474976710791 thread_num=12 team_size=32
[OMPT] implicit_task_begin: parallel_id=281474976710791 thread_num=31 team_size=32
[OMPT] implicit_task_begin: parallel_id=281474976710791 thread_num=3 team_size=32
[OMPT] implicit_task_end: parallel_id=0 thread_num=6
[OMPT] implicit_task_begin: parallel_id=281474976710791 thread_num=4 team_size=32
[OMPT] implicit_task_begin: parallel_id=281474976710791 thread_num=5 team_size=32
[OMPT] implicit_task_begin: parallel_id=281474976710791 thread_num=6 team_size=32
[OMPT] implicit_task_end: parallel_id=0 thread_num=0
[OMPT] parallel_end: parallel_id=281474976710791
[OMPT] parallel_begin: parallel_id=281474976710793 team_size=32
[OMPT] implicit_task_end: parallel_id=0 thread_num=16
[OMPT] implicit_task_end: parallel_id=0 thread_num=3
[OMPT] implicit_task_end: parallel_id=0 thread_num=24
[OMPT] implicit_task_begin: parallel_id=281474976710793 thread_num=16 team_size=32
[OMPT] implicit_task_begin: parallel_id=281474976710793 thread_num=3 team_size=32
[OMPT] implicit_task_end: parallel_id=0 thread_num=27
[OMPT] implicit_task_begin: parallel_id=281474976710793 thread_num=24 team_size=32
[OMPT] implicit_task_end: parallel_id=0 thread_num=12
[OMPT] implicit_task_end: parallel_id=0 thread_num=15
[OMPT] implicit_task_end: parallel_id=0 thread_num=17
[OMPT] implicit_task_begin: parallel_id=281474976710793 thread_num=15 team_size=32
[OMPT] implicit_task_begin: parallel_id=281474976710793 thread_num=17 team_size=32
[OMPT] implicit_task_end: parallel_id=0 thread_num=20
[OMPT] implicit_task_end: parallel_id=0 thread_num=18
[OMPT] implicit_task_end: parallel_id=0 thread_num=28
[OMPT] implicit_task_end: parallel_id=0 thread_num=4
[OMPT] implicit_task_end: parallel_id=0 thread_num=30
[OMPT] implicit_task_end: parallel_id=0 thread_num=25
[OMPT] implicit_task_begin: parallel_id=281474976710793 thread_num=28 team_size=32
[OMPT] implicit_task_begin: parallel_id=281474976710793 thread_num=4 team_size=32
[OMPT] implicit_task_end: parallel_id=0 thread_num=2
[OMPT] implicit_task_begin: parallel_id=281474976710793 thread_num=0 team_size=32
[OMPT] implicit_task_end: parallel_id=0 thread_num=1
[OMPT] implicit_task_end: parallel_id=0 thread_num=14
[OMPT] implicit_task_begin: parallel_id=281474976710793 thread_num=2 team_size=32
[OMPT] implicit_task_begin: parallel_id=281474976710793 thread_num=1 team_size=32
[OMPT] implicit_task_begin: parallel_id=281474976710793 thread_num=14 team_size=32
[OMPT] implicit_task_begin: parallel_id=281474976710793 thread_num=12 team_size=32
[OMPT] implicit_task_end: parallel_id=0 thread_num=19
[OMPT] implicit_task_end: parallel_id=0 thread_num=21
[OMPT] implicit_task_end: parallel_id=0 thread_num=22
[OMPT] implicit_task_begin: parallel_id=281474976710793 thread_num=21 team_size=32
[OMPT] implicit_task_end: parallel_id=0 thread_num=31
[OMPT] implicit_task_end: parallel_id=0 thread_num=29
[OMPT] implicit_task_begin: parallel_id=281474976710793 thread_num=31 team_size=32
[OMPT] implicit_task_begin: parallel_id=281474976710793 thread_num=29 team_size=32
[OMPT] implicit_task_end: parallel_id=0 thread_num=7
[OMPT] implicit_task_begin: parallel_id=281474976710793 thread_num=7 team_size=32
[OMPT] implicit_task_end: parallel_id=0 thread_num=5
[OMPT] implicit_task_begin: parallel_id=281474976710793 thread_num=30 team_size=32
[OMPT] implicit_task_begin: parallel_id=281474976710793 thread_num=18 team_size=32
[OMPT] implicit_task_begin: parallel_id=281474976710793 thread_num=5 team_size=32
[OMPT] implicit_task_begin: parallel_id=281474976710793 thread_num=25 team_size=32
[OMPT] implicit_task_begin: parallel_id=281474976710793 thread_num=27 team_size=32
[OMPT] implicit_task_end: parallel_id=0 thread_num=13
[OMPT] implicit_task_begin: parallel_id=281474976710793 thread_num=13 team_size=32
[OMPT] implicit_task_end: parallel_id=0 thread_num=23
[OMPT] implicit_task_begin: parallel_id=281474976710793 thread_num=19 team_size=32
[OMPT] implicit_task_begin: parallel_id=281474976710793 thread_num=23 team_size=32
[OMPT] implicit_task_begin: parallel_id=281474976710793 thread_num=22 team_size=32
[OMPT] implicit_task_begin: parallel_id=281474976710793 thread_num=20 team_size=32
[OMPT] implicit_task_end: parallel_id=0 thread_num=6
[OMPT] implicit_task_end: parallel_id=0 thread_num=26
[OMPT] implicit_task_begin: parallel_id=281474976710793 thread_num=26 team_size=32
[OMPT] implicit_task_end: parallel_id=0 thread_num=8
[OMPT] implicit_task_end: parallel_id=0 thread_num=11
[OMPT] implicit_task_begin: parallel_id=281474976710793 thread_num=6 team_size=32
[OMPT] implicit_task_begin: parallel_id=281474976710793 thread_num=8 team_size=32
[OMPT] implicit_task_end: parallel_id=0 thread_num=10
[OMPT] implicit_task_begin: parallel_id=281474976710793 thread_num=11 team_size=32
[OMPT] implicit_task_begin: parallel_id=281474976710793 thread_num=10 team_size=32
[OMPT] implicit_task_end: parallel_id=0 thread_num=9
[OMPT] implicit_task_begin: parallel_id=281474976710793 thread_num=9 team_size=32
[OMPT] implicit_task_end: parallel_id=0 thread_num=0
[OMPT] parallel_end: parallel_id=281474976710793
[OMPT] parallel_begin: parallel_id=281474976710795 team_size=32
[OMPT] implicit_task_end: parallel_id=0 thread_num=16
[OMPT] implicit_task_end: parallel_id=0 thread_num=2
[OMPT] implicit_task_end: parallel_id=0 thread_num=24
[OMPT] implicit_task_end: parallel_id=0 thread_num=8
[OMPT] implicit_task_end: parallel_id=0 thread_num=12
[OMPT] implicit_task_end: parallel_id=0 thread_num=15
[OMPT] implicit_task_begin: parallel_id=281474976710795 thread_num=8 team_size=32
[OMPT] implicit_task_begin: parallel_id=281474976710795 thread_num=0 team_size=32
[OMPT] implicit_task_begin: parallel_id=281474976710795 thread_num=24 team_size=32
[OMPT] implicit_task_begin: parallel_id=281474976710795 thread_num=12 team_size=32
[OMPT] implicit_task_end: parallel_id=0 thread_num=28
[OMPT] implicit_task_end: parallel_id=0 thread_num=31
[OMPT] implicit_task_begin: parallel_id=281474976710795 thread_num=28 team_size=32
[OMPT] implicit_task_begin: parallel_id=281474976710795 thread_num=31 team_size=32
[OMPT] implicit_task_end: parallel_id=0 thread_num=20
[OMPT] implicit_task_end: parallel_id=0 thread_num=23
[OMPT] implicit_task_end: parallel_id=0 thread_num=18
[OMPT] implicit_task_begin: parallel_id=281474976710795 thread_num=20 team_size=32
[OMPT] implicit_task_begin: parallel_id=281474976710795 thread_num=23 team_size=32
[OMPT] implicit_task_end: parallel_id=0 thread_num=25
[OMPT] implicit_task_begin: parallel_id=281474976710795 thread_num=25 team_size=32
[OMPT] implicit_task_end: parallel_id=0 thread_num=26
[OMPT] implicit_task_end: parallel_id=0 thread_num=27
[OMPT] implicit_task_end: parallel_id=0 thread_num=11
[OMPT] implicit_task_begin: parallel_id=281474976710795 thread_num=27 team_size=32
[OMPT] implicit_task_end: parallel_id=0 thread_num=4
[OMPT] implicit_task_end: parallel_id=0 thread_num=7
[OMPT] implicit_task_begin: parallel_id=281474976710795 thread_num=2 team_size=32
[OMPT] implicit_task_begin: parallel_id=281474976710795 thread_num=7 team_size=32
[OMPT] implicit_task_end: parallel_id=0 thread_num=14
[OMPT] implicit_task_begin: parallel_id=281474976710795 thread_num=14 team_size=32
[OMPT] implicit_task_end: parallel_id=0 thread_num=3
[OMPT] implicit_task_begin: parallel_id=281474976710795 thread_num=3 team_size=32
[OMPT] implicit_task_end: parallel_id=0 thread_num=1
[OMPT] implicit_task_begin: parallel_id=281474976710795 thread_num=1 team_size=32
[OMPT] implicit_task_end: parallel_id=0 thread_num=29
[OMPT] implicit_task_end: parallel_id=0 thread_num=30
[OMPT] implicit_task_begin: parallel_id=281474976710795 thread_num=29 team_size=32
[OMPT] implicit_task_begin: parallel_id=281474976710795 thread_num=30 team_size=32
[OMPT] implicit_task_end: parallel_id=0 thread_num=19
[OMPT] implicit_task_end: parallel_id=0 thread_num=21
[OMPT] implicit_task_begin: parallel_id=281474976710795 thread_num=21 team_size=32
[OMPT] implicit_task_end: parallel_id=0 thread_num=22
[OMPT] implicit_task_begin: parallel_id=281474976710795 thread_num=22 team_size=32
[OMPT] implicit_task_begin: parallel_id=281474976710795 thread_num=16 team_size=32
[OMPT] implicit_task_begin: parallel_id=281474976710795 thread_num=18 team_size=32
[OMPT] implicit_task_begin: parallel_id=281474976710795 thread_num=26 team_size=32
[OMPT] implicit_task_begin: parallel_id=281474976710795 thread_num=11 team_size=32
[OMPT] implicit_task_end: parallel_id=0 thread_num=9
[OMPT] implicit_task_begin: parallel_id=281474976710795 thread_num=9 team_size=32
[OMPT] implicit_task_end: parallel_id=0 thread_num=5
[OMPT] implicit_task_end: parallel_id=0 thread_num=6
[OMPT] implicit_task_end: parallel_id=0 thread_num=10
[OMPT] implicit_task_begin: parallel_id=281474976710795 thread_num=5 team_size=32
[OMPT] implicit_task_begin: parallel_id=281474976710795 thread_num=4 team_size=32
[OMPT] implicit_task_begin: parallel_id=281474976710795 thread_num=6 team_size=32
[OMPT] implicit_task_end: parallel_id=0 thread_num=13
[OMPT] implicit_task_begin: parallel_id=281474976710795 thread_num=15 team_size=32
[OMPT] implicit_task_end: parallel_id=0 thread_num=17
[OMPT] implicit_task_begin: parallel_id=281474976710795 thread_num=17 team_size=32
[OMPT] implicit_task_begin: parallel_id=281474976710795 thread_num=19 team_size=32
[OMPT] implicit_task_begin: parallel_id=281474976710795 thread_num=10 team_size=32
[OMPT] implicit_task_begin: parallel_id=281474976710795 thread_num=13 team_size=32
[OMPT] implicit_task_end: parallel_id=0 thread_num=0
[OMPT] parallel_end: parallel_id=281474976710795
[OMPT] parallel_begin: parallel_id=281474976710797 team_size=32
[OMPT] implicit_task_end: parallel_id=0 thread_num=12
[OMPT] implicit_task_end: parallel_id=0 thread_num=2
[OMPT] implicit_task_begin: parallel_id=281474976710797 thread_num=12 team_size=32
[OMPT] implicit_task_end: parallel_id=0 thread_num=8
[OMPT] implicit_task_end: parallel_id=0 thread_num=11
[OMPT] implicit_task_end: parallel_id=0 thread_num=9
[OMPT] implicit_task_begin: parallel_id=281474976710797 thread_num=8 team_size=32
[OMPT] implicit_task_begin: parallel_id=281474976710797 thread_num=11 team_size=32
[OMPT] implicit_task_end: parallel_id=0 thread_num=1
[OMPT] implicit_task_begin: parallel_id=281474976710797 thread_num=1 team_size=32
[OMPT] implicit_task_end: parallel_id=0 thread_num=14
[OMPT] implicit_task_begin: parallel_id=281474976710797 thread_num=14 team_size=32
[OMPT] implicit_task_end: parallel_id=0 thread_num=15
[OMPT] implicit_task_begin: parallel_id=281474976710797 thread_num=15 team_size=32
[OMPT] implicit_task_end: parallel_id=0 thread_num=13
[OMPT] implicit_task_begin: parallel_id=281474976710797 thread_num=13 team_size=32
[OMPT] implicit_task_end: parallel_id=0 thread_num=4
[OMPT] implicit_task_end: parallel_id=0 thread_num=7
[OMPT] implicit_task_end: parallel_id=0 thread_num=10
[OMPT] implicit_task_begin: parallel_id=281474976710797 thread_num=7 team_size=32
[OMPT] implicit_task_begin: parallel_id=281474976710797 thread_num=2 team_size=32
[OMPT] implicit_task_end: parallel_id=0 thread_num=16
[OMPT] implicit_task_end: parallel_id=0 thread_num=17
[OMPT] implicit_task_begin: parallel_id=281474976710797 thread_num=16 team_size=32
[OMPT] implicit_task_end: parallel_id=0 thread_num=24
[OMPT] implicit_task_end: parallel_id=0 thread_num=25
[OMPT] implicit_task_end: parallel_id=0 thread_num=6
[OMPT] implicit_task_begin: parallel_id=281474976710797 thread_num=25 team_size=32
[OMPT] implicit_task_begin: parallel_id=281474976710797 thread_num=10 team_size=32
[OMPT] implicit_task_end: parallel_id=0 thread_num=20
[OMPT] implicit_task_end: parallel_id=0 thread_num=21
[OMPT] implicit_task_end: parallel_id=0 thread_num=18
[OMPT] implicit_task_begin: parallel_id=281474976710797 thread_num=9 team_size=32
[OMPT] implicit_task_end: parallel_id=0 thread_num=19
[OMPT] implicit_task_begin: parallel_id=281474976710797 thread_num=0 team_size=32
[OMPT] implicit_task_begin: parallel_id=281474976710797 thread_num=21 team_size=32
[OMPT] implicit_task_begin: parallel_id=281474976710797 thread_num=19 team_size=32
[OMPT] implicit_task_begin: parallel_id=281474976710797 thread_num=17 team_size=32
[OMPT] implicit_task_end: parallel_id=0 thread_num=27
[OMPT] implicit_task_end: parallel_id=0 thread_num=5
[OMPT] implicit_task_begin: parallel_id=281474976710797 thread_num=4 team_size=32
[OMPT] implicit_task_begin: parallel_id=281474976710797 thread_num=5 team_size=32
[OMPT] implicit_task_end: parallel_id=0 thread_num=3
[OMPT] implicit_task_begin: parallel_id=281474976710797 thread_num=3 team_size=32
[OMPT] implicit_task_end: parallel_id=0 thread_num=23
[OMPT] implicit_task_begin: parallel_id=281474976710797 thread_num=23 team_size=32
[OMPT] implicit_task_end: parallel_id=0 thread_num=22
[OMPT] implicit_task_begin: parallel_id=281474976710797 thread_num=22 team_size=32
[OMPT] implicit_task_begin: parallel_id=281474976710797 thread_num=6 team_size=32
[OMPT] implicit_task_begin: parallel_id=281474976710797 thread_num=20 team_size=32
[OMPT] implicit_task_begin: parallel_id=281474976710797 thread_num=18 team_size=32
[OMPT] implicit_task_end: parallel_id=0 thread_num=26
[OMPT] implicit_task_begin: parallel_id=281474976710797 thread_num=26 team_size=32
[OMPT] implicit_task_begin: parallel_id=281474976710797 thread_num=27 team_size=32
[OMPT] implicit_task_begin: parallel_id=281474976710797 thread_num=24 team_size=32
[OMPT] implicit_task_end: parallel_id=0 thread_num=28
[OMPT] implicit_task_end: parallel_id=0 thread_num=31
[OMPT] implicit_task_begin: parallel_id=281474976710797 thread_num=28 team_size=32
[OMPT] implicit_task_begin: parallel_id=281474976710797 thread_num=31 team_size=32
[OMPT] implicit_task_end: parallel_id=0 thread_num=30
[OMPT] implicit_task_begin: parallel_id=281474976710797 thread_num=30 team_size=32
[OMPT] implicit_task_end: parallel_id=0 thread_num=29
[OMPT] implicit_task_begin: parallel_id=281474976710797 thread_num=29 team_size=32
[OMPT][WIN100ms] ompt_id=281474976710657 tid=1054906 tipo=ompt_thread_initial    cpu=150 numa=0  d_rm= 1960865  d_instr= 371491103  d_cyc= 542252766  d_all=16651265  IPC=0.685  ratio_rm=0.1178
[OMPT][WIN100ms] ompt_id=562949953421313 tid=1054928 tipo=ompt_thread_worker     cpu=159 numa=0  d_rm= 1922436  d_instr= 377651324  d_cyc= 541340518  d_all=16455455  IPC=0.698  ratio_rm=0.1168
[OMPT][WIN100ms] ompt_id=844424930131969 tid=1054929 tipo=ompt_thread_worker     cpu= 66 numa=1  d_rm= 2109674  d_instr= 310617943  d_cyc= 550113729  d_all=16689241  IPC=0.565  ratio_rm=0.1264
[OMPT][WIN100ms] ompt_id=1125899906842625 tid=1054930 tipo=ompt_thread_worker     cpu=  8 numa=0  d_rm= 1904416  d_instr= 377586339  d_cyc= 540606889  d_all=16888105  IPC=0.698  ratio_rm=0.1128
[OMPT][WIN100ms] ompt_id=1407374883553281 tid=1054931 tipo=ompt_thread_worker     cpu=121 numa=1  d_rm= 2059846  d_instr= 371882900  d_cyc= 540788706  d_all=17008640  IPC=0.688  ratio_rm=0.1211
[OMPT][WIN100ms] ompt_id=1688849860263937 tid=1054932 tipo=ompt_thread_worker     cpu=208 numa=1  d_rm= 2020236  d_instr= 381109554  d_cyc= 540961714  d_all=16800904  IPC=0.705  ratio_rm=0.1202
[OMPT][WIN100ms] ompt_id=1970324836974593 tid=1054933 tipo=ompt_thread_worker     cpu= 87 numa=1  d_rm= 2026488  d_instr= 382846990  d_cyc= 539763828  d_all=16885938  IPC=0.709  ratio_rm=0.1200
[OMPT][WIN100ms] ompt_id=2251799813685249 tid=1054935 tipo=ompt_thread_worker     cpu= 97 numa=1  d_rm= 1965122  d_instr= 382725977  d_cyc= 541872046  d_all=16750483  IPC=0.706  ratio_rm=0.1173
[OMPT][WIN100ms] ompt_id=2533274790395905 tid=1054934 tipo=ompt_thread_worker     cpu=139 numa=0  d_rm= 1972470  d_instr= 383684423  d_cyc= 543985863  d_all=17094594  IPC=0.705  ratio_rm=0.1154
[OMPT] implicit_task_end: parallel_id=0 thread_num=0
[OMPT] parallel_end: parallel_id=281474976710797
[OMPT] parallel_begin: parallel_id=281474976710799 team_size=32
[OMPT] implicit_task_end: parallel_id=0 thread_num=12
[OMPT] implicit_task_end: parallel_id=0 thread_num=1
[OMPT] implicit_task_end: parallel_id=0 thread_num=14
[OMPT] implicit_task_end: parallel_id=0 thread_num=16
[OMPT] implicit_task_end: parallel_id=0 thread_num=28
[OMPT] implicit_task_end: parallel_id=0 thread_num=18
[OMPT] implicit_task_end: parallel_id=0 thread_num=31
[OMPT] implicit_task_end: parallel_id=0 thread_num=2
[OMPT] implicit_task_end: parallel_id=0 thread_num=4
[OMPT] implicit_task_end: parallel_id=0 thread_num=13
[OMPT] implicit_task_end: parallel_id=0 thread_num=6
[OMPT] implicit_task_end: parallel_id=0 thread_num=19
[OMPT] implicit_task_end: parallel_id=0 thread_num=8
[OMPT] implicit_task_end: parallel_id=0 thread_num=11
[OMPT] implicit_task_end: parallel_id=0 thread_num=24
[OMPT] implicit_task_end: parallel_id=0 thread_num=27
[OMPT] implicit_task_end: parallel_id=0 thread_num=30
[OMPT] implicit_task_end: parallel_id=0 thread_num=29
[OMPT] implicit_task_end: parallel_id=0 thread_num=15
[OMPT] implicit_task_end: parallel_id=0 thread_num=7
[OMPT] implicit_task_end: parallel_id=0 thread_num=5
[OMPT] implicit_task_end: parallel_id=0 thread_num=20
[OMPT] implicit_task_end: parallel_id=0 thread_num=23
[OMPT] implicit_task_end: parallel_id=0 thread_num=10
[OMPT] implicit_task_end: parallel_id=0 thread_num=17
[OMPT] implicit_task_end: parallel_id=0 thread_num=25
[OMPT] implicit_task_end: parallel_id=0 thread_num=26
[OMPT] implicit_task_end: parallel_id=0 thread_num=22
[OMPT] implicit_task_end: parallel_id=0 thread_num=21
[OMPT] implicit_task_end: parallel_id=0 thread_num=9
[OMPT] implicit_task_end: parallel_id=0 thread_num=3
[OMPT][WIN100ms] ompt_id=2814749767106561 tid=1054937 tipo=ompt_thread_worker     cpu=113 numa=1  d_rm= 1929007  d_instr= 371566857  d_cyc= 542081086  d_all=16425023  IPC=0.685  ratio_rm=0.1174
[OMPT][WIN100ms] ompt_id=3096224743817217 tid=1054936 tipo=ompt_thread_worker     cpu=  2 numa=0  d_rm= 2029340  d_instr= 309070921  d_cyc= 549904605  d_all=16581061  IPC=0.562  ratio_rm=0.1224
[OMPT][WIN100ms] ompt_id=3377699720527873 tid=1054938 tipo=ompt_thread_worker     cpu=231 numa=1  d_rm= 1991831  d_instr= 380384229  d_cyc= 543283791  d_all=16602400  IPC=0.700  ratio_rm=0.1200
[OMPT][WIN100ms] ompt_id=3940649673949185 tid=1054940 tipo=ompt_thread_worker     cpu= 45 numa=0  d_rm= 1900436  d_instr= 369047693  d_cyc= 539985513  d_all=16185120  IPC=0.683  ratio_rm=0.1174
[OMPT][WIN100ms] ompt_id=3659174697238529 tid=1054939 tipo=ompt_thread_worker     cpu= 56 numa=0  d_rm= 1916292  d_instr= 378259104  d_cyc= 542133990  d_all=16380568  IPC=0.698  ratio_rm=0.1170
[OMPT][WIN100ms] ompt_id=4222124650659841 tid=1054942 tipo=ompt_thread_worker     cpu=191 numa=0  d_rm= 1933669  d_instr= 378516092  d_cyc= 541732641  d_all=16618218  IPC=0.699  ratio_rm=0.1164
[OMPT][WIN100ms] ompt_id=4503599627370497 tid=1054941 tipo=ompt_thread_worker     cpu= 64 numa=1  d_rm= 2009578  d_instr= 306583733  d_cyc= 552123449  d_all=16323146  IPC=0.555  ratio_rm=0.1231
[OMPT][WIN100ms] ompt_id=4785074604081153 tid=1054944 tipo=ompt_thread_worker     cpu= 21 numa=0  d_rm= 1994338  d_instr= 371967069  d_cyc= 543036766  d_all=16715423  IPC=0.685  ratio_rm=0.1193
[OMPT][WIN100ms] ompt_id=5066549580791809 tid=1054943 tipo=ompt_thread_worker     cpu=120 numa=1  d_rm= 1947199  d_instr= 369637430  d_cyc= 544823533  d_all=16711698  IPC=0.678  ratio_rm=0.1165
[OMPT][WIN100ms] ompt_id=5348024557502465 tid=1054945 tipo=ompt_thread_worker     cpu=  1 numa=0  d_rm= 2044025  d_instr= 309004519  d_cyc= 551034498  d_all=16303363  IPC=0.561  ratio_rm=0.1254
[OMPT][WIN100ms] ompt_id=5629499534213121 tid=1054946 tipo=ompt_thread_worker     cpu= 89 numa=1  d_rm= 1944230  d_instr= 373749182  d_cyc= 541478341  d_all=16418205  IPC=0.690  ratio_rm=0.1184
[OMPT][WIN100ms] ompt_id=5910974510923777 tid=1054947 tipo=ompt_thread_worker     cpu= 88 numa=1  d_rm= 1942581  d_instr= 379796695  d_cyc= 542764435  d_all=16474513  IPC=0.700  ratio_rm=0.1179
[OMPT][WIN100ms] ompt_id=6192449487634433 tid=1054948 tipo=ompt_thread_worker     cpu= 37 numa=0  d_rm= 1910374  d_instr= 378422651  d_cyc= 545687119  d_all=16355859  IPC=0.693  ratio_rm=0.1168
[OMPT][WIN100ms] ompt_id=6473924464345089 tid=1054949 tipo=ompt_thread_worker     cpu= 65 numa=1  d_rm= 2062760  d_instr= 309321459  d_cyc= 554238095  d_all=16342711  IPC=0.558  ratio_rm=0.1262
[OMPT][WIN100ms] ompt_id=6755399441055745 tid=1054950 tipo=ompt_thread_worker     cpu=237 numa=1  d_rm= 1970571  d_instr= 380164827  d_cyc= 547591540  d_all=16414948  IPC=0.694  ratio_rm=0.1200
[OMPT][WIN100ms] ompt_id=7036874417766401 tid=1054951 tipo=ompt_thread_worker     cpu=104 numa=1  d_rm= 1978232  d_instr= 388063796  d_cyc= 547716123  d_all=16444878  IPC=0.709  ratio_rm=0.1203
[OMPT][WIN100ms] ompt_id=7318349394477057 tid=1054952 tipo=ompt_thread_worker     cpu=  0 numa=0  d_rm= 1977354  d_instr= 307651834  d_cyc= 558660796  d_all=16332917  IPC=0.551  ratio_rm=0.1211
[OMPT][WIN100ms] ompt_id=7599824371187713 tid=1054953 tipo=ompt_thread_worker     cpu= 38 numa=0  d_rm= 1904639  d_instr= 378044809  d_cyc= 547505295  d_all=16475634  IPC=0.690  ratio_rm=0.1156
[OMPT][WIN100ms] ompt_id=7881299347898369 tid=1054954 tipo=ompt_thread_worker     cpu= 46 numa=0  d_rm= 1896370  d_instr= 373539195  d_cyc= 549308308  d_all=16706327  IPC=0.680  ratio_rm=0.1135
[OMPT][WIN100ms] ompt_id=8162774324609025 tid=1054955 tipo=ompt_thread_worker     cpu= 72 numa=1  d_rm= 1950712  d_instr= 377650047  d_cyc= 549392295  d_all=16541494  IPC=0.687  ratio_rm=0.1179
[OMPT][WIN100ms] ompt_id=8444249301319681 tid=1054956 tipo=ompt_thread_worker     cpu=112 numa=1  d_rm= 1944777  d_instr= 369683255  d_cyc= 549742694  d_all=16503079  IPC=0.672  ratio_rm=0.1178
[OMPT][WIN100ms] ompt_id=8725724278030337 tid=1054957 tipo=ompt_thread_worker     cpu= 25 numa=0  d_rm= 1912737  d_instr= 378273397  d_cyc= 548832510  d_all=16415420  IPC=0.689  ratio_rm=0.1165
[OMPT][WIN100ms] ompt_id=9007199254740993 tid=1054958 tipo=ompt_thread_worker     cpu= 73 numa=1  d_rm= 1930741  d_instr= 377054036  d_cyc= 549210429  d_all=16571219  IPC=0.687  ratio_rm=0.1165
[OMPT] implicit_task_begin: parallel_id=281474976710799 thread_num=20 team_size=32
[OMPT] implicit_task_begin: parallel_id=281474976710799 thread_num=19 team_size=32
[OMPT] implicit_task_begin: parallel_id=281474976710799 thread_num=3 team_size=32
[OMPT] implicit_task_begin: parallel_id=281474976710799 thread_num=7 team_size=32
[OMPT] implicit_task_begin: parallel_id=281474976710799 thread_num=2 team_size=32
[OMPT] implicit_task_begin: parallel_id=281474976710799 thread_num=14 team_size=32
[OMPT] implicit_task_begin: parallel_id=281474976710799 thread_num=22 team_size=32
[OMPT] implicit_task_begin: parallel_id=281474976710799 thread_num=11 team_size=32
[OMPT] implicit_task_begin: parallel_id=281474976710799 thread_num=8 team_size=32
[OMPT] implicit_task_begin: parallel_id=281474976710799 thread_num=6 team_size=32
[OMPT] implicit_task_begin: parallel_id=281474976710799 thread_num=5 team_size=32
[OMPT] implicit_task_begin: parallel_id=281474976710799 thread_num=23 team_size=32
[OMPT] implicit_task_begin: parallel_id=281474976710799 thread_num=24 team_size=32
[OMPT] implicit_task_begin: parallel_id=281474976710799 thread_num=26 team_size=32
[OMPT] implicit_task_begin: parallel_id=281474976710799 thread_num=21 team_size=32
[OMPT] implicit_task_begin: parallel_id=281474976710799 thread_num=9 team_size=32
[OMPT] implicit_task_begin: parallel_id=281474976710799 thread_num=1 team_size=32
[OMPT] implicit_task_begin: parallel_id=281474976710799 thread_num=18 team_size=32
[OMPT] implicit_task_begin: parallel_id=281474976710799 thread_num=25 team_size=32
[OMPT] implicit_task_begin: parallel_id=281474976710799 thread_num=30 team_size=32
[OMPT] implicit_task_begin: parallel_id=281474976710799 thread_num=29 team_size=32
[OMPT] implicit_task_begin: parallel_id=281474976710799 thread_num=10 team_size=32
[OMPT] implicit_task_begin: parallel_id=281474976710799 thread_num=16 team_size=32
[OMPT] implicit_task_begin: parallel_id=281474976710799 thread_num=4 team_size=32
[OMPT] implicit_task_begin: parallel_id=281474976710799 thread_num=28 team_size=32
[OMPT] implicit_task_begin: parallel_id=281474976710799 thread_num=31 team_size=32
[OMPT] implicit_task_begin: parallel_id=281474976710799 thread_num=15 team_size=32
[OMPT] implicit_task_begin: parallel_id=281474976710799 thread_num=0 team_size=32
[OMPT] implicit_task_begin: parallel_id=281474976710799 thread_num=27 team_size=32
[OMPT] implicit_task_begin: parallel_id=281474976710799 thread_num=12 team_size=32
[OMPT] implicit_task_begin: parallel_id=281474976710799 thread_num=13 team_size=32
[OMPT] implicit_task_begin: parallel_id=281474976710799 thread_num=17 team_size=32
[OMPT] implicit_task_end: parallel_id=0 thread_num=0
[OMPT] parallel_end: parallel_id=281474976710799
[OMPT] parallel_begin: parallel_id=281474976710801 team_size=32
[OMPT] implicit_task_end: parallel_id=0 thread_num=16
[OMPT] implicit_task_end: parallel_id=0 thread_num=3
[OMPT] implicit_task_end: parallel_id=0 thread_num=17
[OMPT] implicit_task_end: parallel_id=0 thread_num=24
[OMPT] implicit_task_end: parallel_id=0 thread_num=25
[OMPT] implicit_task_end: parallel_id=0 thread_num=2
[OMPT] implicit_task_begin: parallel_id=281474976710801 thread_num=0 team_size=32
[OMPT] implicit_task_end: parallel_id=0 thread_num=1
[OMPT] implicit_task_begin: parallel_id=281474976710801 thread_num=2 team_size=32
[OMPT] implicit_task_end: parallel_id=0 thread_num=18
[OMPT] implicit_task_begin: parallel_id=281474976710801 thread_num=18 team_size=32
[OMPT] implicit_task_end: parallel_id=0 thread_num=19
[OMPT] implicit_task_end: parallel_id=0 thread_num=20
[OMPT] implicit_task_end: parallel_id=0 thread_num=23
[OMPT] implicit_task_begin: parallel_id=281474976710801 thread_num=16 team_size=32
[OMPT] implicit_task_begin: parallel_id=281474976710801 thread_num=19 team_size=32
[OMPT] implicit_task_begin: parallel_id=281474976710801 thread_num=20 team_size=32
[OMPT] implicit_task_begin: parallel_id=281474976710801 thread_num=3 team_size=32
[OMPT] implicit_task_begin: parallel_id=281474976710801 thread_num=23 team_size=32
[OMPT] implicit_task_end: parallel_id=0 thread_num=8
[OMPT] implicit_task_end: parallel_id=0 thread_num=11
[OMPT] implicit_task_end: parallel_id=0 thread_num=4
[OMPT] implicit_task_begin: parallel_id=281474976710801 thread_num=8 team_size=32
[OMPT] implicit_task_end: parallel_id=0 thread_num=7
[OMPT] implicit_task_end: parallel_id=0 thread_num=27
[OMPT] implicit_task_end: parallel_id=0 thread_num=26
[OMPT] implicit_task_begin: parallel_id=281474976710801 thread_num=27 team_size=32
[OMPT] implicit_task_begin: parallel_id=281474976710801 thread_num=26 team_size=32
[OMPT] implicit_task_begin: parallel_id=281474976710801 thread_num=24 team_size=32
[OMPT] implicit_task_begin: parallel_id=281474976710801 thread_num=25 team_size=32
[OMPT] implicit_task_end: parallel_id=0 thread_num=21
[OMPT] implicit_task_end: parallel_id=0 thread_num=22
[OMPT] implicit_task_end: parallel_id=0 thread_num=12
[OMPT] implicit_task_begin: parallel_id=281474976710801 thread_num=22 team_size=32
[OMPT] implicit_task_end: parallel_id=0 thread_num=14
[OMPT] implicit_task_begin: parallel_id=281474976710801 thread_num=12 team_size=32
[OMPT] implicit_task_begin: parallel_id=281474976710801 thread_num=14 team_size=32
[OMPT] implicit_task_end: parallel_id=0 thread_num=5
[OMPT] implicit_task_begin: parallel_id=281474976710801 thread_num=4 team_size=32
[OMPT] implicit_task_begin: parallel_id=281474976710801 thread_num=7 team_size=32
[OMPT] implicit_task_begin: parallel_id=281474976710801 thread_num=5 team_size=32
[OMPT] implicit_task_end: parallel_id=0 thread_num=28
[OMPT] implicit_task_end: parallel_id=0 thread_num=31
[OMPT] implicit_task_begin: parallel_id=281474976710801 thread_num=28 team_size=32
[OMPT] implicit_task_begin: parallel_id=281474976710801 thread_num=31 team_size=32
[OMPT] implicit_task_begin: parallel_id=281474976710801 thread_num=21 team_size=32
[OMPT] implicit_task_begin: parallel_id=281474976710801 thread_num=17 team_size=32
[OMPT] implicit_task_end: parallel_id=0 thread_num=15
[OMPT] implicit_task_end: parallel_id=0 thread_num=13
[OMPT] implicit_task_begin: parallel_id=281474976710801 thread_num=15 team_size=32
[OMPT] implicit_task_end: parallel_id=0 thread_num=10
[OMPT] implicit_task_begin: parallel_id=281474976710801 thread_num=11 team_size=32
[OMPT] implicit_task_end: parallel_id=0 thread_num=9
[OMPT] implicit_task_begin: parallel_id=281474976710801 thread_num=9 team_size=32
[OMPT] implicit_task_end: parallel_id=0 thread_num=29
[OMPT] implicit_task_begin: parallel_id=281474976710801 thread_num=29 team_size=32
[OMPT] implicit_task_end: parallel_id=0 thread_num=30
[OMPT] implicit_task_begin: parallel_id=281474976710801 thread_num=30 team_size=32
[OMPT] implicit_task_begin: parallel_id=281474976710801 thread_num=1 team_size=32
[OMPT] implicit_task_begin: parallel_id=281474976710801 thread_num=13 team_size=32
[OMPT] implicit_task_end: parallel_id=0 thread_num=6
[OMPT] implicit_task_begin: parallel_id=281474976710801 thread_num=10 team_size=32
[OMPT] implicit_task_begin: parallel_id=281474976710801 thread_num=6 team_size=32
[OMPT] implicit_task_end: parallel_id=0 thread_num=0
[OMPT] parallel_end: parallel_id=281474976710801
[OMPT] parallel_begin: parallel_id=281474976710803 team_size=32
[OMPT] implicit_task_end: parallel_id=0 thread_num=16
[OMPT] implicit_task_end: parallel_id=0 thread_num=3
[OMPT] implicit_task_end: parallel_id=0 thread_num=17
[OMPT] implicit_task_end: parallel_id=0 thread_num=18
[OMPT] implicit_task_begin: parallel_id=281474976710803 thread_num=17 team_size=32
[OMPT] implicit_task_end: parallel_id=0 thread_num=12
[OMPT] implicit_task_end: parallel_id=0 thread_num=15
[OMPT] implicit_task_end: parallel_id=0 thread_num=2
[OMPT] implicit_task_begin: parallel_id=281474976710803 thread_num=15 team_size=32
[OMPT] implicit_task_end: parallel_id=0 thread_num=28
[OMPT] implicit_task_end: parallel_id=0 thread_num=30
[OMPT] implicit_task_end: parallel_id=0 thread_num=24
[OMPT] implicit_task_end: parallel_id=0 thread_num=27
[OMPT] implicit_task_end: parallel_id=0 thread_num=8
[OMPT] implicit_task_end: parallel_id=0 thread_num=11
[OMPT] implicit_task_end: parallel_id=0 thread_num=9
[OMPT] implicit_task_begin: parallel_id=281474976710803 thread_num=3 team_size=32
[OMPT] implicit_task_begin: parallel_id=281474976710803 thread_num=24 team_size=32
[OMPT] implicit_task_end: parallel_id=0 thread_num=14
[OMPT] implicit_task_end: parallel_id=0 thread_num=13
[OMPT] implicit_task_begin: parallel_id=281474976710803 thread_num=11 team_size=32
[OMPT] implicit_task_begin: parallel_id=281474976710803 thread_num=0 team_size=32
[OMPT] implicit_task_begin: parallel_id=281474976710803 thread_num=12 team_size=32
[OMPT] implicit_task_begin: parallel_id=281474976710803 thread_num=9 team_size=32
[OMPT] implicit_task_end: parallel_id=0 thread_num=19
[OMPT] implicit_task_end: parallel_id=0 thread_num=29
[OMPT] implicit_task_begin: parallel_id=281474976710803 thread_num=2 team_size=32
[OMPT] implicit_task_begin: parallel_id=281474976710803 thread_num=19 team_size=32
[OMPT] implicit_task_begin: parallel_id=281474976710803 thread_num=28 team_size=32
[OMPT] implicit_task_begin: parallel_id=281474976710803 thread_num=29 team_size=32
[OMPT] implicit_task_end: parallel_id=0 thread_num=4
[OMPT] implicit_task_end: parallel_id=0 thread_num=7
[OMPT] implicit_task_end: parallel_id=0 thread_num=5
[OMPT] implicit_task_end: parallel_id=0 thread_num=25
[OMPT] implicit_task_end: parallel_id=0 thread_num=26
[OMPT] implicit_task_begin: parallel_id=281474976710803 thread_num=16 team_size=32
[OMPT] implicit_task_begin: parallel_id=281474976710803 thread_num=5 team_size=32
[OMPT] implicit_task_begin: parallel_id=281474976710803 thread_num=26 team_size=32
[OMPT] implicit_task_begin: parallel_id=281474976710803 thread_num=18 team_size=32
[OMPT] implicit_task_end: parallel_id=0 thread_num=1
[OMPT] implicit_task_begin: parallel_id=281474976710803 thread_num=8 team_size=32
[OMPT] implicit_task_begin: parallel_id=281474976710803 thread_num=14 team_size=32
[OMPT] implicit_task_begin: parallel_id=281474976710803 thread_num=27 team_size=32
[OMPT] implicit_task_end: parallel_id=0 thread_num=31
[OMPT] implicit_task_begin: parallel_id=281474976710803 thread_num=31 team_size=32
[OMPT] implicit_task_begin: parallel_id=281474976710803 thread_num=13 team_size=32
[OMPT] implicit_task_end: parallel_id=0 thread_num=6
[OMPT] implicit_task_begin: parallel_id=281474976710803 thread_num=4 team_size=32
[OMPT] implicit_task_begin: parallel_id=281474976710803 thread_num=30 team_size=32
[OMPT] implicit_task_begin: parallel_id=281474976710803 thread_num=7 team_size=32
[OMPT] implicit_task_end: parallel_id=0 thread_num=10
[OMPT] implicit_task_begin: parallel_id=281474976710803 thread_num=10 team_size=32
[OMPT] implicit_task_begin: parallel_id=281474976710803 thread_num=25 team_size=32
[OMPT] implicit_task_begin: parallel_id=281474976710803 thread_num=1 team_size=32
[OMPT] implicit_task_end: parallel_id=0 thread_num=20
[OMPT] implicit_task_end: parallel_id=0 thread_num=22
[OMPT] implicit_task_begin: parallel_id=281474976710803 thread_num=6 team_size=32
[OMPT] implicit_task_end: parallel_id=0 thread_num=21
[OMPT] implicit_task_begin: parallel_id=281474976710803 thread_num=22 team_size=32
[OMPT] implicit_task_begin: parallel_id=281474976710803 thread_num=21 team_size=32
[OMPT] implicit_task_end: parallel_id=0 thread_num=23
[OMPT] implicit_task_begin: parallel_id=281474976710803 thread_num=20 team_size=32
[OMPT] implicit_task_begin: parallel_id=281474976710803 thread_num=23 team_size=32
[OMPT] implicit_task_end: parallel_id=0 thread_num=0
[OMPT] parallel_end: parallel_id=281474976710803
[OMPT] parallel_begin: parallel_id=281474976710805 team_size=32
[OMPT] implicit_task_end: parallel_id=0 thread_num=12
[OMPT] implicit_task_end: parallel_id=0 thread_num=1
[OMPT] implicit_task_end: parallel_id=0 thread_num=15
[OMPT] implicit_task_begin: parallel_id=281474976710805 thread_num=12 team_size=32
[OMPT] implicit_task_end: parallel_id=0 thread_num=16
[OMPT] implicit_task_end: parallel_id=0 thread_num=17
[OMPT] implicit_task_end: parallel_id=0 thread_num=24
[OMPT] implicit_task_begin: parallel_id=281474976710805 thread_num=16 team_size=32
[OMPT] implicit_task_end: parallel_id=0 thread_num=27
[OMPT] implicit_task_end: parallel_id=0 thread_num=3
[OMPT] implicit_task_end: parallel_id=0 thread_num=13
[OMPT] implicit_task_begin: parallel_id=281474976710805 thread_num=3 team_size=32
[OMPT] implicit_task_begin: parallel_id=281474976710805 thread_num=1 team_size=32
[OMPT] implicit_task_begin: parallel_id=281474976710805 thread_num=13 team_size=32
[OMPT] implicit_task_end: parallel_id=0 thread_num=28
[OMPT] implicit_task_end: parallel_id=0 thread_num=31
[OMPT] implicit_task_end: parallel_id=0 thread_num=2
[OMPT] implicit_task_begin: parallel_id=281474976710805 thread_num=31 team_size=32
[OMPT] implicit_task_end: parallel_id=0 thread_num=18
[OMPT] implicit_task_end: parallel_id=0 thread_num=20
[OMPT] implicit_task_end: parallel_id=0 thread_num=23
[OMPT] implicit_task_begin: parallel_id=281474976710805 thread_num=17 team_size=32
[OMPT] implicit_task_end: parallel_id=0 thread_num=26
[OMPT] implicit_task_begin: parallel_id=281474976710805 thread_num=20 team_size=32
[OMPT] implicit_task_end: parallel_id=0 thread_num=14
[OMPT] implicit_task_begin: parallel_id=281474976710805 thread_num=26 team_size=32
[OMPT] implicit_task_begin: parallel_id=281474976710805 thread_num=0 team_size=32
[OMPT] implicit_task_begin: parallel_id=281474976710805 thread_num=24 team_size=32
[OMPT] implicit_task_begin: parallel_id=281474976710805 thread_num=27 team_size=32
[OMPT] implicit_task_end: parallel_id=0 thread_num=4
[OMPT] implicit_task_end: parallel_id=0 thread_num=7
[OMPT] implicit_task_begin: parallel_id=281474976710805 thread_num=15 team_size=32
[OMPT] implicit_task_begin: parallel_id=281474976710805 thread_num=4 team_size=32
[OMPT] implicit_task_end: parallel_id=0 thread_num=30
[OMPT] implicit_task_end: parallel_id=0 thread_num=29
[OMPT] implicit_task_begin: parallel_id=281474976710805 thread_num=2 team_size=32
[OMPT] implicit_task_begin: parallel_id=281474976710805 thread_num=29 team_size=32
[OMPT] implicit_task_begin: parallel_id=281474976710805 thread_num=18 team_size=32
[OMPT] implicit_task_end: parallel_id=0 thread_num=21
[OMPT] implicit_task_begin: parallel_id=281474976710805 thread_num=21 team_size=32
[OMPT] implicit_task_end: parallel_id=0 thread_num=22
[OMPT] implicit_task_begin: parallel_id=281474976710805 thread_num=22 team_size=32
[OMPT] implicit_task_end: parallel_id=0 thread_num=25
[OMPT] implicit_task_begin: parallel_id=281474976710805 thread_num=23 team_size=32
[OMPT] implicit_task_begin: parallel_id=281474976710805 thread_num=14 team_size=32
[OMPT] implicit_task_end: parallel_id=0 thread_num=6
[OMPT] implicit_task_end: parallel_id=0 thread_num=5
[OMPT] implicit_task_begin: parallel_id=281474976710805 thread_num=7 team_size=32
[OMPT] implicit_task_begin: parallel_id=281474976710805 thread_num=6 team_size=32
[OMPT] implicit_task_begin: parallel_id=281474976710805 thread_num=28 team_size=32
[OMPT] implicit_task_begin: parallel_id=281474976710805 thread_num=5 team_size=32
[OMPT] implicit_task_begin: parallel_id=281474976710805 thread_num=30 team_size=32
[OMPT] implicit_task_end: parallel_id=0 thread_num=8
[OMPT] implicit_task_end: parallel_id=0 thread_num=11
[OMPT] implicit_task_begin: parallel_id=281474976710805 thread_num=25 team_size=32
[OMPT] implicit_task_end: parallel_id=0 thread_num=19
[OMPT] implicit_task_begin: parallel_id=281474976710805 thread_num=11 team_size=32
[OMPT] implicit_task_begin: parallel_id=281474976710805 thread_num=8 team_size=32
[OMPT] implicit_task_end: parallel_id=0 thread_num=9
[OMPT] implicit_task_end: parallel_id=0 thread_num=10
[OMPT] implicit_task_begin: parallel_id=281474976710805 thread_num=19 team_size=32
[OMPT] implicit_task_begin: parallel_id=281474976710805 thread_num=10 team_size=32
[OMPT] implicit_task_begin: parallel_id=281474976710805 thread_num=9 team_size=32
[OMPT] implicit_task_end: parallel_id=0 thread_num=0
[OMPT] parallel_end: parallel_id=281474976710805
[OMPT] parallel_begin: parallel_id=281474976710807 team_size=32
[OMPT] implicit_task_end: parallel_id=0 thread_num=12
[OMPT] implicit_task_end: parallel_id=0 thread_num=1
[OMPT] implicit_task_end: parallel_id=0 thread_num=13
[OMPT] implicit_task_begin: parallel_id=281474976710807 thread_num=1 team_size=32
[OMPT] implicit_task_end: parallel_id=0 thread_num=8
[OMPT] implicit_task_end: parallel_id=0 thread_num=11
[OMPT] implicit_task_end: parallel_id=0 thread_num=9
[OMPT] implicit_task_end: parallel_id=0 thread_num=3
[OMPT] implicit_task_begin: parallel_id=281474976710807 thread_num=11 team_size=32
[OMPT] implicit_task_begin: parallel_id=281474976710807 thread_num=3 team_size=32
[OMPT] implicit_task_end: parallel_id=0 thread_num=14
[OMPT] implicit_task_end: parallel_id=0 thread_num=15
[OMPT] implicit_task_begin: parallel_id=281474976710807 thread_num=12 team_size=32
[OMPT] implicit_task_end: parallel_id=0 thread_num=4
[OMPT] implicit_task_begin: parallel_id=281474976710807 thread_num=15 team_size=32
[OMPT] implicit_task_end: parallel_id=0 thread_num=7
[OMPT] implicit_task_end: parallel_id=0 thread_num=16
[OMPT] implicit_task_end: parallel_id=0 thread_num=18
[OMPT] implicit_task_end: parallel_id=0 thread_num=2
[OMPT] implicit_task_begin: parallel_id=281474976710807 thread_num=8 team_size=32
[OMPT] implicit_task_begin: parallel_id=281474976710807 thread_num=7 team_size=32
[OMPT] implicit_task_begin: parallel_id=281474976710807 thread_num=2 team_size=32
[OMPT] implicit_task_begin: parallel_id=281474976710807 thread_num=14 team_size=32
[OMPT] implicit_task_begin: parallel_id=281474976710807 thread_num=13 team_size=32
[OMPT] implicit_task_end: parallel_id=0 thread_num=5
[OMPT] implicit_task_end: parallel_id=0 thread_num=20
[OMPT] implicit_task_end: parallel_id=0 thread_num=23
[OMPT] implicit_task_end: parallel_id=0 thread_num=10
[OMPT] implicit_task_begin: parallel_id=281474976710807 thread_num=20 team_size=32
[OMPT] implicit_task_end: parallel_id=0 thread_num=28
[OMPT] implicit_task_end: parallel_id=0 thread_num=31
[OMPT] implicit_task_begin: parallel_id=281474976710807 thread_num=23 team_size=32
[OMPT] implicit_task_end: parallel_id=0 thread_num=24
[OMPT] implicit_task_begin: parallel_id=281474976710807 thread_num=31 team_size=32
[OMPT] implicit_task_end: parallel_id=0 thread_num=27
[OMPT] implicit_task_begin: parallel_id=281474976710807 thread_num=18 team_size=32
[OMPT] implicit_task_begin: parallel_id=281474976710807 thread_num=10 team_size=32
[OMPT] implicit_task_begin: parallel_id=281474976710807 thread_num=24 team_size=32
[OMPT] implicit_task_begin: parallel_id=281474976710807 thread_num=9 team_size=32
[OMPT] implicit_task_end: parallel_id=0 thread_num=6
[OMPT] implicit_task_end: parallel_id=0 thread_num=17
[OMPT] implicit_task_begin: parallel_id=281474976710807 thread_num=17 team_size=32
[OMPT] implicit_task_end: parallel_id=0 thread_num=22
[OMPT] implicit_task_begin: parallel_id=281474976710807 thread_num=22 team_size=32
[OMPT] implicit_task_end: parallel_id=0 thread_num=21
[OMPT] implicit_task_begin: parallel_id=281474976710807 thread_num=21 team_size=32
[OMPT] implicit_task_end: parallel_id=0 thread_num=19
[OMPT] implicit_task_end: parallel_id=0 thread_num=29
[OMPT] implicit_task_begin: parallel_id=281474976710807 thread_num=19 team_size=32
[OMPT] implicit_task_begin: parallel_id=281474976710807 thread_num=29 team_size=32
[OMPT] implicit_task_end: parallel_id=0 thread_num=30
[OMPT] implicit_task_begin: parallel_id=281474976710807 thread_num=30 team_size=32
[OMPT] implicit_task_begin: parallel_id=281474976710807 thread_num=28 team_size=32
[OMPT] implicit_task_begin: parallel_id=281474976710807 thread_num=4 team_size=32
[OMPT] implicit_task_end: parallel_id=0 thread_num=26
[OMPT] implicit_task_begin: parallel_id=281474976710807 thread_num=26 team_size=32
[OMPT] implicit_task_end: parallel_id=0 thread_num=25
[OMPT] implicit_task_begin: parallel_id=281474976710807 thread_num=16 team_size=32
[OMPT] implicit_task_begin: parallel_id=281474976710807 thread_num=25 team_size=32
[OMPT] implicit_task_begin: parallel_id=281474976710807 thread_num=27 team_size=32
[OMPT] implicit_task_begin: parallel_id=281474976710807 thread_num=6 team_size=32
[OMPT] implicit_task_begin: parallel_id=281474976710807 thread_num=5 team_size=32
[OMPT] implicit_task_begin: parallel_id=281474976710807 thread_num=0 team_size=32
[OMPT][WIN100ms] ompt_id=281474976710657 tid=1054906 tipo=ompt_thread_initial    cpu=150 numa=0  d_rm= 1937013  d_instr= 365849765  d_cyc= 547582430  d_all=16511159  IPC=0.668  ratio_rm=0.1173
[OMPT][WIN100ms] ompt_id=562949953421313 tid=1054928 tipo=ompt_thread_worker     cpu=159 numa=0  d_rm= 1903203  d_instr= 374227241  d_cyc= 547211031  d_all=16298262  IPC=0.684  ratio_rm=0.1168
[OMPT][WIN100ms] ompt_id=844424930131969 tid=1054929 tipo=ompt_thread_worker     cpu= 66 numa=1  d_rm= 2102716  d_instr= 311137168  d_cyc= 557595332  d_all=16647211  IPC=0.558  ratio_rm=0.1263
[OMPT][WIN100ms] ompt_id=1125899906842625 tid=1054930 tipo=ompt_thread_worker     cpu=  8 numa=0  d_rm= 1896864  d_instr= 379197235  d_cyc= 548961180  d_all=16817936  IPC=0.691  ratio_rm=0.1128
[OMPT][WIN100ms] ompt_id=1407374883553281 tid=1054931 tipo=ompt_thread_worker     cpu=121 numa=1  d_rm= 2029219  d_instr= 369198921  d_cyc= 547886925  d_all=16821361  IPC=0.674  ratio_rm=0.1206
[OMPT][WIN100ms] ompt_id=1688849860263937 tid=1054932 tipo=ompt_thread_worker     cpu=208 numa=1  d_rm= 1993723  d_instr= 378154403  d_cyc= 547311956  d_all=16487898  IPC=0.691  ratio_rm=0.1209
[OMPT][WIN100ms] ompt_id=1970324836974593 tid=1054933 tipo=ompt_thread_worker     cpu= 87 numa=1  d_rm= 1982921  d_instr= 379618567  d_cyc= 545838085  d_all=16579555  IPC=0.695  ratio_rm=0.1196
[OMPT][WIN100ms] ompt_id=2251799813685249 tid=1054935 tipo=ompt_thread_worker     cpu= 97 numa=1  d_rm= 1963260  d_instr= 379220850  d_cyc= 546128175  d_all=16748104  IPC=0.694  ratio_rm=0.1172
[OMPT][WIN100ms] ompt_id=2533274790395905 tid=1054934 tipo=ompt_thread_worker     cpu=139 numa=0  d_rm= 1964776  d_instr= 380677781  d_cyc= 548816104  d_all=17092167  IPC=0.694  ratio_rm=0.1150
[OMPT] implicit_task_end: parallel_id=0 thread_num=0
[OMPT] parallel_end: parallel_id=281474976710807
[OMPT] parallel_begin: parallel_id=281474976710809 team_size=32
[OMPT] implicit_task_end: parallel_id=0 thread_num=12
[OMPT] implicit_task_end: parallel_id=0 thread_num=1
[OMPT] implicit_task_end: parallel_id=0 thread_num=13
[OMPT] implicit_task_end: parallel_id=0 thread_num=8
[OMPT] implicit_task_end: parallel_id=0 thread_num=4
[OMPT] implicit_task_end: parallel_id=0 thread_num=10
[OMPT] implicit_task_end: parallel_id=0 thread_num=6
[OMPT] implicit_task_end: parallel_id=0 thread_num=15
[OMPT] implicit_task_end: parallel_id=0 thread_num=14
[OMPT] implicit_task_end: parallel_id=0 thread_num=16
[OMPT] implicit_task_end: parallel_id=0 thread_num=19
[OMPT] implicit_task_end: parallel_id=0 thread_num=28
[OMPT] implicit_task_end: parallel_id=0 thread_num=30
[OMPT] implicit_task_end: parallel_id=0 thread_num=7
[OMPT] implicit_task_end: parallel_id=0 thread_num=3
[OMPT] implicit_task_end: parallel_id=0 thread_num=2
[OMPT] implicit_task_end: parallel_id=0 thread_num=20
[OMPT] implicit_task_end: parallel_id=0 thread_num=22
[OMPT] implicit_task_end: parallel_id=0 thread_num=18
[OMPT] implicit_task_end: parallel_id=0 thread_num=11
[OMPT] implicit_task_end: parallel_id=0 thread_num=9
[OMPT] implicit_task_end: parallel_id=0 thread_num=29
[OMPT] implicit_task_end: parallel_id=0 thread_num=31
[OMPT] implicit_task_end: parallel_id=0 thread_num=5
[OMPT] implicit_task_end: parallel_id=0 thread_num=23
[OMPT] implicit_task_end: parallel_id=0 thread_num=21
[OMPT] implicit_task_end: parallel_id=0 thread_num=17
[OMPT] implicit_task_end: parallel_id=0 thread_num=24
[OMPT] implicit_task_end: parallel_id=0 thread_num=26
[OMPT][WIN100ms] ompt_id=2814749767106561 tid=1054937 tipo=ompt_thread_worker     cpu=113 numa=1  d_rm= 1931530  d_instr= 368969367  d_cyc= 548792645  d_all=16424592  IPC=0.672  ratio_rm=0.1176
[OMPT] implicit_task_end: parallel_id=0 thread_num=27
[OMPT] implicit_task_end: parallel_id=0 thread_num=25
[OMPT][WIN100ms] ompt_id=3096224743817217 tid=1054936 tipo=ompt_thread_worker     cpu=  2 numa=0  d_rm= 1975454  d_instr= 340553418  d_cyc= 553744516  d_all=16585665  IPC=0.615  ratio_rm=0.1191
[OMPT][WIN100ms] ompt_id=3377699720527873 tid=1054938 tipo=ompt_thread_worker     cpu=231 numa=1  d_rm= 1994654  d_instr= 379994649  d_cyc= 549874676  d_all=16604707  IPC=0.691  ratio_rm=0.1201
[OMPT][WIN100ms] ompt_id=3940649673949185 tid=1054940 tipo=ompt_thread_worker     cpu= 45 numa=0  d_rm= 1895137  d_instr= 368301047  d_cyc= 547957033  d_all=16184362  IPC=0.672  ratio_rm=0.1171
[OMPT][WIN100ms] ompt_id=3659174697238529 tid=1054939 tipo=ompt_thread_worker     cpu= 56 numa=0  d_rm= 1912139  d_instr= 378483652  d_cyc= 549132258  d_all=16378557  IPC=0.689  ratio_rm=0.1167
[OMPT][WIN100ms] ompt_id=4222124650659841 tid=1054942 tipo=ompt_thread_worker     cpu=191 numa=0  d_rm= 1920575  d_instr= 379227561  d_cyc= 549455871  d_all=16618523  IPC=0.690  ratio_rm=0.1156
[OMPT][WIN100ms] ompt_id=4503599627370497 tid=1054941 tipo=ompt_thread_worker     cpu= 64 numa=1  d_rm= 2002484  d_instr= 306076439  d_cyc= 556960600  d_all=16321047  IPC=0.550  ratio_rm=0.1227
[OMPT][WIN100ms] ompt_id=4785074604081153 tid=1054944 tipo=ompt_thread_worker     cpu= 21 numa=0  d_rm= 2007643  d_instr= 370296669  d_cyc= 549144696  d_all=16717101  IPC=0.674  ratio_rm=0.1201
[OMPT][WIN100ms] ompt_id=5066549580791809 tid=1054943 tipo=ompt_thread_worker     cpu=120 numa=1  d_rm= 1936662  d_instr= 370216813  d_cyc= 548637794  d_all=16720408  IPC=0.675  ratio_rm=0.1158
[OMPT][WIN100ms] ompt_id=5348024557502465 tid=1054945 tipo=ompt_thread_worker     cpu=  1 numa=0  d_rm= 1986311  d_instr= 340767536  d_cyc= 553056274  d_all=16311243  IPC=0.616  ratio_rm=0.1218
[OMPT][WIN100ms] ompt_id=5629499534213121 tid=1054946 tipo=ompt_thread_worker     cpu= 89 numa=1  d_rm= 1962293  d_instr= 372213491  d_cyc= 547926832  d_all=16421040  IPC=0.679  ratio_rm=0.1195
[OMPT][WIN100ms] ompt_id=5910974510923777 tid=1054947 tipo=ompt_thread_worker     cpu= 88 numa=1  d_rm= 1965814  d_instr= 379496001  d_cyc= 548066316  d_all=16473728  IPC=0.692  ratio_rm=0.1193
[OMPT][WIN100ms] ompt_id=6192449487634433 tid=1054948 tipo=ompt_thread_worker     cpu= 37 numa=0  d_rm= 1906640  d_instr= 377427654  d_cyc= 548536939  d_all=16361613  IPC=0.688  ratio_rm=0.1165
[OMPT][WIN100ms] ompt_id=6473924464345089 tid=1054949 tipo=ompt_thread_worker     cpu= 65 numa=1  d_rm= 2075009  d_instr= 310831247  d_cyc= 557511306  d_all=16341226  IPC=0.558  ratio_rm=0.1270
[OMPT][WIN100ms] ompt_id=6755399441055745 tid=1054950 tipo=ompt_thread_worker     cpu=237 numa=1  d_rm= 1992212  d_instr= 381366398  d_cyc= 547383648  d_all=16407412  IPC=0.697  ratio_rm=0.1214
[OMPT][WIN100ms] ompt_id=7036874417766401 tid=1054951 tipo=ompt_thread_worker     cpu=104 numa=1  d_rm= 2012867  d_instr= 385989029  d_cyc= 545587169  d_all=16445907  IPC=0.707  ratio_rm=0.1224
[OMPT][WIN100ms] ompt_id=7318349394477057 tid=1054952 tipo=ompt_thread_worker     cpu= 48 numa=0  d_rm= 1832315  d_instr= 348301633  d_cyc= 548635143  d_all=16349952  IPC=0.635  ratio_rm=0.1121
[OMPT][WIN100ms] ompt_id=7599824371187713 tid=1054953 tipo=ompt_thread_worker     cpu= 38 numa=0  d_rm= 1914953  d_instr= 377446322  d_cyc= 547148636  d_all=16475616  IPC=0.690  ratio_rm=0.1162
[OMPT][WIN100ms] ompt_id=7881299347898369 tid=1054954 tipo=ompt_thread_worker     cpu= 46 numa=0  d_rm= 1902194  d_instr= 372312021  d_cyc= 548092406  d_all=16708357  IPC=0.679  ratio_rm=0.1138
[OMPT][WIN100ms] ompt_id=8162774324609025 tid=1054955 tipo=ompt_thread_worker     cpu= 72 numa=1  d_rm= 1946358  d_instr= 376489862  d_cyc= 546354312  d_all=16544055  IPC=0.689  ratio_rm=0.1176
[OMPT][WIN100ms] ompt_id=8444249301319681 tid=1054956 tipo=ompt_thread_worker     cpu=112 numa=1  d_rm= 1942635  d_instr= 368542331  d_cyc= 549565151  d_all=16502143  IPC=0.671  ratio_rm=0.1177
[OMPT][WIN100ms] ompt_id=8725724278030337 tid=1054957 tipo=ompt_thread_worker     cpu= 25 numa=0  d_rm= 1904131  d_instr= 375894813  d_cyc= 547546477  d_all=16407483  IPC=0.687  ratio_rm=0.1161
[OMPT][WIN100ms] ompt_id=9007199254740993 tid=1054958 tipo=ompt_thread_worker     cpu= 73 numa=1  d_rm= 1932010  d_instr= 379816834  d_cyc= 549821173  d_all=16571837  IPC=0.691  ratio_rm=0.1166
[OMPT] implicit_task_begin: parallel_id=281474976710809 thread_num=25 team_size=32
[OMPT] implicit_task_begin: parallel_id=281474976710809 thread_num=26 team_size=32
[OMPT] implicit_task_begin: parallel_id=281474976710809 thread_num=0 team_size=32
[OMPT] implicit_task_begin: parallel_id=281474976710809 thread_num=17 team_size=32
[OMPT] implicit_task_begin: parallel_id=281474976710809 thread_num=28 team_size=32
[OMPT] implicit_task_begin: parallel_id=281474976710809 thread_num=31 team_size=32
[OMPT] implicit_task_begin: parallel_id=281474976710809 thread_num=11 team_size=32
[OMPT] implicit_task_begin: parallel_id=281474976710809 thread_num=8 team_size=32
[OMPT] implicit_task_begin: parallel_id=281474976710809 thread_num=4 team_size=32
[OMPT] implicit_task_begin: parallel_id=281474976710809 thread_num=16 team_size=32
[OMPT] implicit_task_begin: parallel_id=281474976710809 thread_num=12 team_size=32
[OMPT] implicit_task_begin: parallel_id=281474976710809 thread_num=15 team_size=32
[OMPT] implicit_task_begin: parallel_id=281474976710809 thread_num=20 team_size=32
[OMPT] implicit_task_begin: parallel_id=281474976710809 thread_num=19 team_size=32
[OMPT] implicit_task_begin: parallel_id=281474976710809 thread_num=27 team_size=32
[OMPT] implicit_task_begin: parallel_id=281474976710809 thread_num=13 team_size=32
[OMPT] implicit_task_begin: parallel_id=281474976710809 thread_num=6 team_size=32
[OMPT] implicit_task_begin: parallel_id=281474976710809 thread_num=5 team_size=32
[OMPT] implicit_task_begin: parallel_id=281474976710809 thread_num=29 team_size=32
[OMPT] implicit_task_begin: parallel_id=281474976710809 thread_num=21 team_size=32
[OMPT] implicit_task_begin: parallel_id=281474976710809 thread_num=10 team_size=32
[OMPT] implicit_task_begin: parallel_id=281474976710809 thread_num=24 team_size=32
[OMPT] implicit_task_begin: parallel_id=281474976710809 thread_num=23 team_size=32
[OMPT] implicit_task_begin: parallel_id=281474976710809 thread_num=1 team_size=32
[OMPT] implicit_task_begin: parallel_id=281474976710809 thread_num=18 team_size=32
[OMPT] implicit_task_begin: parallel_id=281474976710809 thread_num=2 team_size=32
[OMPT] implicit_task_begin: parallel_id=281474976710809 thread_num=9 team_size=32
[OMPT] implicit_task_begin: parallel_id=281474976710809 thread_num=22 team_size=32
[OMPT] implicit_task_begin: parallel_id=281474976710809 thread_num=3 team_size=32
[OMPT] implicit_task_begin: parallel_id=281474976710809 thread_num=30 team_size=32
[OMPT] implicit_task_begin: parallel_id=281474976710809 thread_num=14 team_size=32
[OMPT] implicit_task_begin: parallel_id=281474976710809 thread_num=7 team_size=32
[OMPT] implicit_task_end: parallel_id=0 thread_num=0
[OMPT] parallel_end: parallel_id=281474976710809
[OMPT] parallel_begin: parallel_id=281474976710811 team_size=32
[OMPT] implicit_task_end: parallel_id=0 thread_num=16
[OMPT] implicit_task_end: parallel_id=0 thread_num=3
[OMPT] implicit_task_end: parallel_id=0 thread_num=17
[OMPT] implicit_task_end: parallel_id=0 thread_num=18
[OMPT] implicit_task_end: parallel_id=0 thread_num=4
[OMPT] implicit_task_begin: parallel_id=281474976710811 thread_num=3 team_size=32
[OMPT] implicit_task_end: parallel_id=0 thread_num=5
[OMPT] implicit_task_begin: parallel_id=281474976710811 thread_num=0 team_size=32
[OMPT] implicit_task_end: parallel_id=0 thread_num=28
[OMPT] implicit_task_end: parallel_id=0 thread_num=20
[OMPT] implicit_task_end: parallel_id=0 thread_num=23
[OMPT] implicit_task_end: parallel_id=0 thread_num=24
[OMPT] implicit_task_end: parallel_id=0 thread_num=26
[OMPT] implicit_task_begin: parallel_id=281474976710811 thread_num=16 team_size=32
[OMPT] implicit_task_begin: parallel_id=281474976710811 thread_num=20 team_size=32
[OMPT] implicit_task_begin: parallel_id=281474976710811 thread_num=17 team_size=32
[OMPT] implicit_task_end: parallel_id=0 thread_num=7
[OMPT] implicit_task_begin: parallel_id=281474976710811 thread_num=18 team_size=32
[OMPT] implicit_task_end: parallel_id=0 thread_num=6
[OMPT] implicit_task_end: parallel_id=0 thread_num=2
[OMPT] implicit_task_begin: parallel_id=281474976710811 thread_num=6 team_size=32
[OMPT] implicit_task_end: parallel_id=0 thread_num=12
[OMPT] implicit_task_begin: parallel_id=281474976710811 thread_num=2 team_size=32
[OMPT] implicit_task_end: parallel_id=0 thread_num=15
[OMPT] implicit_task_end: parallel_id=0 thread_num=1
[OMPT] implicit_task_end: parallel_id=0 thread_num=31
[OMPT] implicit_task_begin: parallel_id=281474976710811 thread_num=1 team_size=32
[OMPT] implicit_task_begin: parallel_id=281474976710811 thread_num=31 team_size=32
[OMPT] implicit_task_end: parallel_id=0 thread_num=29
[OMPT] implicit_task_end: parallel_id=0 thread_num=19
[OMPT] implicit_task_begin: parallel_id=281474976710811 thread_num=29 team_size=32
[OMPT] implicit_task_end: parallel_id=0 thread_num=22
[OMPT] implicit_task_begin: parallel_id=281474976710811 thread_num=19 team_size=32
[OMPT] implicit_task_begin: parallel_id=281474976710811 thread_num=22 team_size=32
[OMPT] implicit_task_begin: parallel_id=281474976710811 thread_num=28 team_size=32
[OMPT] implicit_task_end: parallel_id=0 thread_num=21
[OMPT] implicit_task_begin: parallel_id=281474976710811 thread_num=21 team_size=32
[OMPT] implicit_task_end: parallel_id=0 thread_num=27
[OMPT] implicit_task_begin: parallel_id=281474976710811 thread_num=27 team_size=32
[OMPT] implicit_task_end: parallel_id=0 thread_num=25
[OMPT] implicit_task_end: parallel_id=0 thread_num=8
[OMPT] implicit_task_end: parallel_id=0 thread_num=11
[OMPT] implicit_task_begin: parallel_id=281474976710811 thread_num=24 team_size=32
[OMPT] implicit_task_begin: parallel_id=281474976710811 thread_num=11 team_size=32
[OMPT] implicit_task_begin: parallel_id=281474976710811 thread_num=4 team_size=32
[OMPT] implicit_task_begin: parallel_id=281474976710811 thread_num=23 team_size=32
[OMPT] implicit_task_begin: parallel_id=281474976710811 thread_num=26 team_size=32
[OMPT] implicit_task_end: parallel_id=0 thread_num=13
[OMPT] implicit_task_begin: parallel_id=281474976710811 thread_num=7 team_size=32
[OMPT] implicit_task_begin: parallel_id=281474976710811 thread_num=13 team_size=32
[OMPT] implicit_task_end: parallel_id=0 thread_num=14
[OMPT] implicit_task_begin: parallel_id=281474976710811 thread_num=14 team_size=32
[OMPT] implicit_task_begin: parallel_id=281474976710811 thread_num=15 team_size=32
[OMPT] implicit_task_end: parallel_id=0 thread_num=30
[OMPT] implicit_task_begin: parallel_id=281474976710811 thread_num=30 team_size=32
[OMPT] implicit_task_begin: parallel_id=281474976710811 thread_num=5 team_size=32
[OMPT] implicit_task_begin: parallel_id=281474976710811 thread_num=25 team_size=32
[OMPT] implicit_task_end: parallel_id=0 thread_num=10
[OMPT] implicit_task_begin: parallel_id=281474976710811 thread_num=10 team_size=32
[OMPT] implicit_task_begin: parallel_id=281474976710811 thread_num=8 team_size=32
[OMPT] implicit_task_begin: parallel_id=281474976710811 thread_num=12 team_size=32
[OMPT] implicit_task_end: parallel_id=0 thread_num=9
[OMPT] implicit_task_begin: parallel_id=281474976710811 thread_num=9 team_size=32
[OMPT] implicit_task_end: parallel_id=0 thread_num=0
[OMPT] parallel_end: parallel_id=281474976710811
[OMPT] parallel_begin: parallel_id=281474976710813 team_size=32
[OMPT] implicit_task_end: parallel_id=0 thread_num=12
[OMPT] implicit_task_end: parallel_id=0 thread_num=1
[OMPT] implicit_task_end: parallel_id=0 thread_num=14
[OMPT] implicit_task_end: parallel_id=0 thread_num=16
[OMPT] implicit_task_end: parallel_id=0 thread_num=17
[OMPT] implicit_task_end: parallel_id=0 thread_num=28
[OMPT] implicit_task_begin: parallel_id=281474976710813 thread_num=14 team_size=32
[OMPT] implicit_task_begin: parallel_id=281474976710813 thread_num=16 team_size=32
[OMPT] implicit_task_end: parallel_id=0 thread_num=30
[OMPT] implicit_task_end: parallel_id=0 thread_num=2
[OMPT] implicit_task_end: parallel_id=0 thread_num=15
[OMPT] implicit_task_begin: parallel_id=281474976710813 thread_num=12 team_size=32
[OMPT] implicit_task_begin: parallel_id=281474976710813 thread_num=2 team_size=32
[OMPT] implicit_task_end: parallel_id=0 thread_num=4
[OMPT] implicit_task_end: parallel_id=0 thread_num=7
[OMPT] implicit_task_end: parallel_id=0 thread_num=18
[OMPT] implicit_task_begin: parallel_id=281474976710813 thread_num=18 team_size=32
[OMPT] implicit_task_end: parallel_id=0 thread_num=24
[OMPT] implicit_task_end: parallel_id=0 thread_num=27
[OMPT] implicit_task_end: parallel_id=0 thread_num=8
[OMPT] implicit_task_end: parallel_id=0 thread_num=11
[OMPT] implicit_task_end: parallel_id=0 thread_num=31
[OMPT] implicit_task_begin: parallel_id=281474976710813 thread_num=8 team_size=32
[OMPT] implicit_task_end: parallel_id=0 thread_num=29
[OMPT] implicit_task_begin: parallel_id=281474976710813 thread_num=31 team_size=32
[OMPT] implicit_task_begin: parallel_id=281474976710813 thread_num=27 team_size=32
[OMPT] implicit_task_begin: parallel_id=281474976710813 thread_num=28 team_size=32
[OMPT] implicit_task_begin: parallel_id=281474976710813 thread_num=29 team_size=32
[OMPT] implicit_task_begin: parallel_id=281474976710813 thread_num=30 team_size=32
[OMPT] implicit_task_end: parallel_id=0 thread_num=13
[OMPT] implicit_task_begin: parallel_id=281474976710813 thread_num=13 team_size=32
[OMPT] implicit_task_begin: parallel_id=281474976710813 thread_num=15 team_size=32
[OMPT] implicit_task_begin: parallel_id=281474976710813 thread_num=1 team_size=32
[OMPT] implicit_task_end: parallel_id=0 thread_num=19
[OMPT] implicit_task_end: parallel_id=0 thread_num=6
[OMPT] implicit_task_begin: parallel_id=281474976710813 thread_num=19 team_size=32
[OMPT] implicit_task_end: parallel_id=0 thread_num=5
[OMPT] implicit_task_begin: parallel_id=281474976710813 thread_num=6 team_size=32
[OMPT] implicit_task_begin: parallel_id=281474976710813 thread_num=5 team_size=32
[OMPT] implicit_task_end: parallel_id=0 thread_num=20
[OMPT] implicit_task_end: parallel_id=0 thread_num=23
[OMPT] implicit_task_begin: parallel_id=281474976710813 thread_num=4 team_size=32
[OMPT] implicit_task_begin: parallel_id=281474976710813 thread_num=7 team_size=32
[OMPT] implicit_task_begin: parallel_id=281474976710813 thread_num=23 team_size=32
[OMPT] implicit_task_end: parallel_id=0 thread_num=26
[OMPT] implicit_task_end: parallel_id=0 thread_num=9
[OMPT] implicit_task_begin: parallel_id=281474976710813 thread_num=26 team_size=32
[OMPT] implicit_task_begin: parallel_id=281474976710813 thread_num=9 team_size=32
[OMPT] implicit_task_end: parallel_id=0 thread_num=10
[OMPT] implicit_task_begin: parallel_id=281474976710813 thread_num=10 team_size=32
[OMPT] implicit_task_begin: parallel_id=281474976710813 thread_num=0 team_size=32
[OMPT] implicit_task_begin: parallel_id=281474976710813 thread_num=11 team_size=32
[OMPT] implicit_task_end: parallel_id=0 thread_num=22
[OMPT] implicit_task_begin: parallel_id=281474976710813 thread_num=22 team_size=32
[OMPT] implicit_task_end: parallel_id=0 thread_num=21
[OMPT] implicit_task_begin: parallel_id=281474976710813 thread_num=21 team_size=32
[OMPT] implicit_task_begin: parallel_id=281474976710813 thread_num=20 team_size=32
[OMPT] implicit_task_end: parallel_id=0 thread_num=3
[OMPT] implicit_task_begin: parallel_id=281474976710813 thread_num=3 team_size=32
[OMPT] implicit_task_end: parallel_id=0 thread_num=25
[OMPT] implicit_task_begin: parallel_id=281474976710813 thread_num=24 team_size=32
[OMPT] implicit_task_begin: parallel_id=281474976710813 thread_num=25 team_size=32
[OMPT] implicit_task_begin: parallel_id=281474976710813 thread_num=17 team_size=32
[OMPT] implicit_task_end: parallel_id=0 thread_num=0
[OMPT] parallel_end: parallel_id=281474976710813
[OMPT] parallel_begin: parallel_id=281474976710815 team_size=32
[OMPT] implicit_task_end: parallel_id=0 thread_num=8
[OMPT] implicit_task_end: parallel_id=0 thread_num=2
[OMPT] implicit_task_end: parallel_id=0 thread_num=16
[OMPT] implicit_task_end: parallel_id=0 thread_num=4
[OMPT] implicit_task_end: parallel_id=0 thread_num=28
[OMPT] implicit_task_end: parallel_id=0 thread_num=24
[OMPT] implicit_task_begin: parallel_id=281474976710815 thread_num=4 team_size=32
[OMPT] implicit_task_end: parallel_id=0 thread_num=29
[OMPT] implicit_task_end: parallel_id=0 thread_num=26
[OMPT] implicit_task_begin: parallel_id=281474976710815 thread_num=0 team_size=32
[OMPT] implicit_task_end: parallel_id=0 thread_num=10
[OMPT] implicit_task_end: parallel_id=0 thread_num=9
[OMPT] implicit_task_end: parallel_id=0 thread_num=18
[OMPT] implicit_task_begin: parallel_id=281474976710815 thread_num=24 team_size=32
[OMPT] implicit_task_end: parallel_id=0 thread_num=17
[OMPT] implicit_task_end: parallel_id=0 thread_num=20
[OMPT] implicit_task_begin: parallel_id=281474976710815 thread_num=29 team_size=32
[OMPT] implicit_task_end: parallel_id=0 thread_num=23
[OMPT] implicit_task_begin: parallel_id=281474976710815 thread_num=18 team_size=32
[OMPT] implicit_task_end: parallel_id=0 thread_num=19
[OMPT] implicit_task_begin: parallel_id=281474976710815 thread_num=2 team_size=32
[OMPT] implicit_task_end: parallel_id=0 thread_num=5
[OMPT] implicit_task_begin: parallel_id=281474976710815 thread_num=19 team_size=32
[OMPT] implicit_task_begin: parallel_id=281474976710815 thread_num=17 team_size=32
[OMPT] implicit_task_end: parallel_id=0 thread_num=1
[OMPT] implicit_task_begin: parallel_id=281474976710815 thread_num=5 team_size=32
[OMPT] implicit_task_end: parallel_id=0 thread_num=31
[OMPT] implicit_task_end: parallel_id=0 thread_num=30
[OMPT] implicit_task_begin: parallel_id=281474976710815 thread_num=16 team_size=32
[OMPT] implicit_task_begin: parallel_id=281474976710815 thread_num=1 team_size=32
[OMPT] implicit_task_begin: parallel_id=281474976710815 thread_num=30 team_size=32
[OMPT] implicit_task_end: parallel_id=0 thread_num=25
[OMPT] implicit_task_begin: parallel_id=281474976710815 thread_num=28 team_size=32
[OMPT] implicit_task_end: parallel_id=0 thread_num=11
[OMPT] implicit_task_begin: parallel_id=281474976710815 thread_num=8 team_size=32
[OMPT] implicit_task_begin: parallel_id=281474976710815 thread_num=25 team_size=32
[OMPT] implicit_task_begin: parallel_id=281474976710815 thread_num=11 team_size=32
[OMPT] implicit_task_begin: parallel_id=281474976710815 thread_num=26 team_size=32
[OMPT] implicit_task_end: parallel_id=0 thread_num=22
[OMPT] implicit_task_begin: parallel_id=281474976710815 thread_num=22 team_size=32
[OMPT] implicit_task_begin: parallel_id=281474976710815 thread_num=10 team_size=32
[OMPT] implicit_task_begin: parallel_id=281474976710815 thread_num=9 team_size=32
[OMPT] implicit_task_end: parallel_id=0 thread_num=12
[OMPT] implicit_task_end: parallel_id=0 thread_num=15
[OMPT] implicit_task_begin: parallel_id=281474976710815 thread_num=20 team_size=32
[OMPT] implicit_task_begin: parallel_id=281474976710815 thread_num=15 team_size=32
[OMPT] implicit_task_begin: parallel_id=281474976710815 thread_num=31 team_size=32
[OMPT] implicit_task_begin: parallel_id=281474976710815 thread_num=23 team_size=32
[OMPT] implicit_task_end: parallel_id=0 thread_num=27
[OMPT] implicit_task_end: parallel_id=0 thread_num=7
[OMPT] implicit_task_begin: parallel_id=281474976710815 thread_num=7 team_size=32
[OMPT] implicit_task_end: parallel_id=0 thread_num=21
[OMPT] implicit_task_begin: parallel_id=281474976710815 thread_num=21 team_size=32
[OMPT] implicit_task_end: parallel_id=0 thread_num=6
[OMPT] implicit_task_end: parallel_id=0 thread_num=14
[OMPT] implicit_task_begin: parallel_id=281474976710815 thread_num=14 team_size=32
[OMPT] implicit_task_begin: parallel_id=281474976710815 thread_num=12 team_size=32
[OMPT] implicit_task_end: parallel_id=0 thread_num=3
[OMPT] implicit_task_begin: parallel_id=281474976710815 thread_num=3 team_size=32
[OMPT] implicit_task_begin: parallel_id=281474976710815 thread_num=27 team_size=32
[OMPT] implicit_task_begin: parallel_id=281474976710815 thread_num=6 team_size=32
[OMPT] implicit_task_end: parallel_id=0 thread_num=13
[OMPT] implicit_task_begin: parallel_id=281474976710815 thread_num=13 team_size=32
[OMPT] implicit_task_end: parallel_id=0 thread_num=0
[OMPT] parallel_end: parallel_id=281474976710815
[OMPT] parallel_begin: parallel_id=281474976710817 team_size=32
[OMPT] implicit_task_end: parallel_id=0 thread_num=12
[OMPT] implicit_task_end: parallel_id=0 thread_num=1
[OMPT] implicit_task_end: parallel_id=0 thread_num=13
[OMPT] implicit_task_begin: parallel_id=281474976710817 thread_num=1 team_size=32
[OMPT] implicit_task_begin: parallel_id=281474976710817 thread_num=13 team_size=32
[OMPT] implicit_task_end: parallel_id=0 thread_num=3
[OMPT] implicit_task_begin: parallel_id=281474976710817 thread_num=3 team_size=32
[OMPT] implicit_task_begin: parallel_id=281474976710817 thread_num=0 team_size=32
[OMPT] implicit_task_end: parallel_id=0 thread_num=15
[OMPT] implicit_task_begin: parallel_id=281474976710817 thread_num=15 team_size=32
[OMPT] implicit_task_end: parallel_id=0 thread_num=14
[OMPT] implicit_task_begin: parallel_id=281474976710817 thread_num=12 team_size=32
[OMPT] implicit_task_begin: parallel_id=281474976710817 thread_num=14 team_size=32
[OMPT] implicit_task_end: parallel_id=0 thread_num=8
[OMPT] implicit_task_end: parallel_id=0 thread_num=11
[OMPT] implicit_task_end: parallel_id=0 thread_num=4
[OMPT] implicit_task_end: parallel_id=0 thread_num=16
[OMPT] implicit_task_end: parallel_id=0 thread_num=6
[OMPT] implicit_task_end: parallel_id=0 thread_num=28
[OMPT] implicit_task_end: parallel_id=0 thread_num=31
[OMPT] implicit_task_begin: parallel_id=281474976710817 thread_num=4 team_size=32
[OMPT] implicit_task_end: parallel_id=0 thread_num=9
[OMPT] implicit_task_end: parallel_id=0 thread_num=7
[OMPT] implicit_task_end: parallel_id=0 thread_num=5
[OMPT] implicit_task_end: parallel_id=0 thread_num=2
[OMPT] implicit_task_end: parallel_id=0 thread_num=18
[OMPT] implicit_task_end: parallel_id=0 thread_num=17
[OMPT] implicit_task_begin: parallel_id=281474976710817 thread_num=5 team_size=32
[OMPT] implicit_task_end: parallel_id=0 thread_num=24
[OMPT] implicit_task_begin: parallel_id=281474976710817 thread_num=9 team_size=32
[OMPT] implicit_task_end: parallel_id=0 thread_num=27
[OMPT] implicit_task_begin: parallel_id=281474976710817 thread_num=17 team_size=32
[OMPT] implicit_task_begin: parallel_id=281474976710817 thread_num=16 team_size=32
[OMPT] implicit_task_end: parallel_id=0 thread_num=29
[OMPT] implicit_task_begin: parallel_id=281474976710817 thread_num=24 team_size=32
[OMPT] implicit_task_begin: parallel_id=281474976710817 thread_num=6 team_size=32
[OMPT] implicit_task_begin: parallel_id=281474976710817 thread_num=11 team_size=32
[OMPT] implicit_task_begin: parallel_id=281474976710817 thread_num=27 team_size=32
[OMPT] implicit_task_end: parallel_id=0 thread_num=19
[OMPT] implicit_task_begin: parallel_id=281474976710817 thread_num=31 team_size=32
[OMPT] implicit_task_begin: parallel_id=281474976710817 thread_num=2 team_size=32
[OMPT] implicit_task_begin: parallel_id=281474976710817 thread_num=19 team_size=32
[OMPT] implicit_task_begin: parallel_id=281474976710817 thread_num=18 team_size=32
[OMPT] implicit_task_begin: parallel_id=281474976710817 thread_num=7 team_size=32
[OMPT] implicit_task_end: parallel_id=0 thread_num=26
[OMPT] implicit_task_end: parallel_id=0 thread_num=25
[OMPT] implicit_task_end: parallel_id=0 thread_num=10
[OMPT] implicit_task_begin: parallel_id=281474976710817 thread_num=25 team_size=32
[OMPT] implicit_task_begin: parallel_id=281474976710817 thread_num=10 team_size=32
[OMPT] implicit_task_end: parallel_id=0 thread_num=30
[OMPT] implicit_task_begin: parallel_id=281474976710817 thread_num=30 team_size=32
[OMPT] implicit_task_begin: parallel_id=281474976710817 thread_num=29 team_size=32
[OMPT] implicit_task_begin: parallel_id=281474976710817 thread_num=28 team_size=32
[OMPT] implicit_task_end: parallel_id=0 thread_num=20
[OMPT] implicit_task_end: parallel_id=0 thread_num=21
[OMPT] implicit_task_begin: parallel_id=281474976710817 thread_num=26 team_size=32
[OMPT] implicit_task_begin: parallel_id=281474976710817 thread_num=20 team_size=32
[OMPT] implicit_task_begin: parallel_id=281474976710817 thread_num=8 team_size=32
[OMPT] implicit_task_end: parallel_id=0 thread_num=23
[OMPT] implicit_task_end: parallel_id=0 thread_num=22
[OMPT] implicit_task_begin: parallel_id=281474976710817 thread_num=21 team_size=32
[OMPT] implicit_task_begin: parallel_id=281474976710817 thread_num=23 team_size=32
[OMPT] implicit_task_begin: parallel_id=281474976710817 thread_num=22 team_size=32
[OMPT][WIN100ms] ompt_id=281474976710657 tid=1054906 tipo=ompt_thread_initial    cpu=150 numa=0  d_rm= 1967770  d_instr= 369441293  d_cyc= 551080967  d_all=16704298  IPC=0.670  ratio_rm=0.1178
[OMPT][WIN100ms] ompt_id=562949953421313 tid=1054928 tipo=ompt_thread_worker     cpu=159 numa=0  d_rm= 1898003  d_instr= 372711514  d_cyc= 550640843  d_all=16311707  IPC=0.677  ratio_rm=0.1164
[OMPT][WIN100ms] ompt_id=844424930131969 tid=1054929 tipo=ompt_thread_worker     cpu= 66 numa=1  d_rm= 2108636  d_instr= 310198925  d_cyc= 558770303  d_all=16623932  IPC=0.555  ratio_rm=0.1268
[OMPT][WIN100ms] ompt_id=1125899906842625 tid=1054930 tipo=ompt_thread_worker     cpu=  8 numa=0  d_rm= 1908756  d_instr= 374709728  d_cyc= 549387876  d_all=16819814  IPC=0.682  ratio_rm=0.1135
[OMPT][WIN100ms] ompt_id=1407374883553281 tid=1054931 tipo=ompt_thread_worker     cpu=121 numa=1  d_rm= 2046529  d_instr= 371454065  d_cyc= 551176941  d_all=16931526  IPC=0.674  ratio_rm=0.1209
[OMPT][WIN100ms] ompt_id=1688849860263937 tid=1054932 tipo=ompt_thread_worker     cpu=208 numa=1  d_rm= 2005220  d_instr= 381008076  d_cyc= 549917403  d_all=16840725  IPC=0.693  ratio_rm=0.1191
[OMPT][WIN100ms] ompt_id=1970324836974593 tid=1054933 tipo=ompt_thread_worker     cpu= 87 numa=1  d_rm= 1997481  d_instr= 384253571  d_cyc= 549850782  d_all=16909180  IPC=0.699  ratio_rm=0.1181
[OMPT][WIN100ms] ompt_id=2251799813685249 tid=1054935 tipo=ompt_thread_worker     cpu= 97 numa=1  d_rm= 1954565  d_instr= 378884952  d_cyc= 548078797  d_all=16753342  IPC=0.691  ratio_rm=0.1167
[OMPT][WIN100ms] ompt_id=2533274790395905 tid=1054934 tipo=ompt_thread_worker     cpu=139 numa=0  d_rm= 1955914  d_instr= 376301517  d_cyc= 549605028  d_all=17094504  IPC=0.685  ratio_rm=0.1144
[OMPT] implicit_task_end: parallel_id=0 thread_num=0
[OMPT] parallel_end: parallel_id=281474976710817
[OMPT] parallel_begin: parallel_id=281474976710819 team_size=32
[OMPT] implicit_task_end: parallel_id=0 thread_num=12
[OMPT] implicit_task_end: parallel_id=0 thread_num=2
[OMPT] implicit_task_end: parallel_id=0 thread_num=4
[OMPT] implicit_task_end: parallel_id=0 thread_num=16
[OMPT] implicit_task_end: parallel_id=0 thread_num=7
[OMPT] implicit_task_end: parallel_id=0 thread_num=17
[OMPT] implicit_task_end: parallel_id=0 thread_num=1
[OMPT] implicit_task_end: parallel_id=0 thread_num=3
[OMPT] implicit_task_end: parallel_id=0 thread_num=13
[OMPT] implicit_task_end: parallel_id=0 thread_num=5
[OMPT] implicit_task_end: parallel_id=0 thread_num=6
[OMPT] implicit_task_end: parallel_id=0 thread_num=20
[OMPT] implicit_task_end: parallel_id=0 thread_num=21
[OMPT] implicit_task_end: parallel_id=0 thread_num=28
[OMPT] implicit_task_end: parallel_id=0 thread_num=30
[OMPT] implicit_task_end: parallel_id=0 thread_num=19
[OMPT][WIN100ms] ompt_id=2814749767106561 tid=1054937 tipo=ompt_thread_worker     cpu=113 numa=1  d_rm= 1924017  d_instr= 366631792  d_cyc= 549725933  d_all=16421564  IPC=0.667  ratio_rm=0.1172
[OMPT] implicit_task_end: parallel_id=0 thread_num=8
[OMPT] implicit_task_end: parallel_id=0 thread_num=11
[OMPT] implicit_task_end: parallel_id=0 thread_num=14
[OMPT] implicit_task_end: parallel_id=0 thread_num=15
[OMPT] implicit_task_end: parallel_id=0 thread_num=22
[OMPT] implicit_task_end: parallel_id=0 thread_num=18
[OMPT] implicit_task_end: parallel_id=0 thread_num=31
[OMPT] implicit_task_end: parallel_id=0 thread_num=29
[OMPT] implicit_task_end: parallel_id=0 thread_num=24
[OMPT] implicit_task_end: parallel_id=0 thread_num=26
[OMPT] implicit_task_end: parallel_id=0 thread_num=25
[OMPT] implicit_task_end: parallel_id=0 thread_num=10
[OMPT] implicit_task_end: parallel_id=0 thread_num=23
[OMPT] implicit_task_end: parallel_id=0 thread_num=27
[OMPT] implicit_task_end: parallel_id=0 thread_num=9
[OMPT][WIN100ms] ompt_id=3096224743817217 tid=1054936 tipo=ompt_thread_worker     cpu=  2 numa=0  d_rm= 1911417  d_instr= 371959250  d_cyc= 550996153  d_all=16592673  IPC=0.675  ratio_rm=0.1152
[OMPT][WIN100ms] ompt_id=3377699720527873 tid=1054938 tipo=ompt_thread_worker     cpu=231 numa=1  d_rm= 1989622  d_instr= 376806410  d_cyc= 550301027  d_all=16604645  IPC=0.685  ratio_rm=0.1198
[OMPT][WIN100ms] ompt_id=3940649673949185 tid=1054940 tipo=ompt_thread_worker     cpu= 45 numa=0  d_rm= 1898270  d_instr= 369104982  d_cyc= 549549362  d_all=16193354  IPC=0.672  ratio_rm=0.1172
[OMPT][WIN100ms] ompt_id=3659174697238529 tid=1054939 tipo=ompt_thread_worker     cpu= 56 numa=0  d_rm= 1911950  d_instr= 375297492  d_cyc= 548722339  d_all=16372438  IPC=0.684  ratio_rm=0.1168
[OMPT][WIN100ms] ompt_id=4222124650659841 tid=1054942 tipo=ompt_thread_worker     cpu=191 numa=0  d_rm= 1936473  d_instr= 378223803  d_cyc= 549737068  d_all=16613576  IPC=0.688  ratio_rm=0.1166
[OMPT][WIN100ms] ompt_id=4503599627370497 tid=1054941 tipo=ompt_thread_worker     cpu= 64 numa=1  d_rm= 2005300  d_instr= 305834355  d_cyc= 559611247  d_all=16327554  IPC=0.547  ratio_rm=0.1228
[OMPT][WIN100ms] ompt_id=4785074604081153 tid=1054944 tipo=ompt_thread_worker     cpu= 21 numa=0  d_rm= 2009720  d_instr= 370989396  d_cyc= 551377408  d_all=16715055  IPC=0.673  ratio_rm=0.1202
[OMPT][WIN100ms] ompt_id=5066549580791809 tid=1054943 tipo=ompt_thread_worker     cpu=120 numa=1  d_rm= 1934341  d_instr= 370481252  d_cyc= 552508315  d_all=16716467  IPC=0.671  ratio_rm=0.1157
[OMPT][WIN100ms] ompt_id=5348024557502465 tid=1054945 tipo=ompt_thread_worker     cpu=  1 numa=0  d_rm= 1937355  d_instr= 371359018  d_cyc= 551532632  d_all=16314854  IPC=0.673  ratio_rm=0.1187
[OMPT][WIN100ms] ompt_id=5629499534213121 tid=1054946 tipo=ompt_thread_worker     cpu= 89 numa=1  d_rm= 1939642  d_instr= 378838260  d_cyc= 548937275  d_all=16417603  IPC=0.690  ratio_rm=0.1181
[OMPT][WIN100ms] ompt_id=5910974510923777 tid=1054947 tipo=ompt_thread_worker     cpu= 88 numa=1  d_rm= 1951005  d_instr= 382394080  d_cyc= 547169811  d_all=16478583  IPC=0.699  ratio_rm=0.1184
[OMPT][WIN100ms] ompt_id=6192449487634433 tid=1054948 tipo=ompt_thread_worker     cpu= 37 numa=0  d_rm= 1901172  d_instr= 374809178  d_cyc= 549001207  d_all=16361868  IPC=0.683  ratio_rm=0.1162
[OMPT][WIN100ms] ompt_id=6473924464345089 tid=1054949 tipo=ompt_thread_worker     cpu= 65 numa=1  d_rm= 2075645  d_instr= 310175804  d_cyc= 557099772  d_all=16340071  IPC=0.557  ratio_rm=0.1270
[OMPT][WIN100ms] ompt_id=6755399441055745 tid=1054950 tipo=ompt_thread_worker     cpu=237 numa=1  d_rm= 2010281  d_instr= 371365497  d_cyc= 548599489  d_all=16408030  IPC=0.677  ratio_rm=0.1225
[OMPT][WIN100ms] ompt_id=7036874417766401 tid=1054951 tipo=ompt_thread_worker     cpu=104 numa=1  d_rm= 2049902  d_instr= 372516967  d_cyc= 546323562  d_all=16433065  IPC=0.682  ratio_rm=0.1247
[OMPT][WIN100ms] ompt_id=7318349394477057 tid=1054952 tipo=ompt_thread_worker     cpu= 48 numa=0  d_rm= 1587657  d_instr= 402211302  d_cyc= 542490127  d_all=16346168  IPC=0.741  ratio_rm=0.0971
[OMPT][WIN100ms] ompt_id=7599824371187713 tid=1054953 tipo=ompt_thread_worker     cpu= 38 numa=0  d_rm= 1909688  d_instr= 375333568  d_cyc= 546462204  d_all=16473945  IPC=0.687  ratio_rm=0.1159
[OMPT][WIN100ms] ompt_id=7881299347898369 tid=1054954 tipo=ompt_thread_worker     cpu= 46 numa=0  d_rm= 1893380  d_instr= 372975696  d_cyc= 547232859  d_all=16708593  IPC=0.682  ratio_rm=0.1133
[OMPT][WIN100ms] ompt_id=8162774324609025 tid=1054955 tipo=ompt_thread_worker     cpu= 72 numa=1  d_rm= 1959510  d_instr= 378269339  d_cyc= 544420419  d_all=16545116  IPC=0.695  ratio_rm=0.1184
[OMPT][WIN100ms] ompt_id=8444249301319681 tid=1054956 tipo=ompt_thread_worker     cpu=112 numa=1  d_rm= 1936388  d_instr= 368182541  d_cyc= 546838764  d_all=16504205  IPC=0.673  ratio_rm=0.1173
[OMPT][WIN100ms] ompt_id=8725724278030337 tid=1054957 tipo=ompt_thread_worker     cpu= 25 numa=0  d_rm= 1899281  d_instr= 375872600  d_cyc= 544666900  d_all=16408655  IPC=0.690  ratio_rm=0.1157
[OMPT][WIN100ms] ompt_id=9007199254740993 tid=1054958 tipo=ompt_thread_worker     cpu= 73 numa=1  d_rm= 1938919  d_instr= 379619367  d_cyc= 544593842  d_all=16568174  IPC=0.697  ratio_rm=0.1170
[OMPT] implicit_task_begin: parallel_id=281474976710819 thread_num=1 team_size=32
[OMPT] implicit_task_begin: parallel_id=281474976710819 thread_num=30 team_size=32
[OMPT] implicit_task_begin: parallel_id=281474976710819 thread_num=23 team_size=32
[OMPT] implicit_task_begin: parallel_id=281474976710819 thread_num=24 team_size=32
[OMPT] implicit_task_begin: parallel_id=281474976710819 thread_num=0 team_size=32
[OMPT] implicit_task_begin: parallel_id=281474976710819 thread_num=17 team_size=32
[OMPT] implicit_task_begin: parallel_id=281474976710819 thread_num=25 team_size=32
[OMPT] implicit_task_begin: parallel_id=281474976710819 thread_num=16 team_size=32
[OMPT] implicit_task_begin: parallel_id=281474976710819 thread_num=4 team_size=32
[OMPT] implicit_task_begin: parallel_id=281474976710819 thread_num=11 team_size=32
[OMPT] implicit_task_begin: parallel_id=281474976710819 thread_num=8 team_size=32
[OMPT] implicit_task_begin: parallel_id=281474976710819 thread_num=27 team_size=32
[OMPT] implicit_task_begin: parallel_id=281474976710819 thread_num=13 team_size=32
[OMPT] implicit_task_begin: parallel_id=281474976710819 thread_num=10 team_size=32
[OMPT] implicit_task_begin: parallel_id=281474976710819 thread_num=29 team_size=32
[OMPT] implicit_task_begin: parallel_id=281474976710819 thread_num=6 team_size=32
[OMPT] implicit_task_begin: parallel_id=281474976710819 thread_num=5 team_size=32
[OMPT] implicit_task_begin: parallel_id=281474976710819 thread_num=7 team_size=32
[OMPT] implicit_task_begin: parallel_id=281474976710819 thread_num=21 team_size=32
[OMPT] implicit_task_begin: parallel_id=281474976710819 thread_num=26 team_size=32
[OMPT] implicit_task_begin: parallel_id=281474976710819 thread_num=28 team_size=32
[OMPT] implicit_task_begin: parallel_id=281474976710819 thread_num=31 team_size=32
[OMPT] implicit_task_begin: parallel_id=281474976710819 thread_num=3 team_size=32
[OMPT] implicit_task_begin: parallel_id=281474976710819 thread_num=20 team_size=32
[OMPT] implicit_task_begin: parallel_id=281474976710819 thread_num=19 team_size=32
[OMPT] implicit_task_begin: parallel_id=281474976710819 thread_num=14 team_size=32
[OMPT] implicit_task_begin: parallel_id=281474976710819 thread_num=22 team_size=32
[OMPT] implicit_task_begin: parallel_id=281474976710819 thread_num=15 team_size=32
[OMPT] implicit_task_begin: parallel_id=281474976710819 thread_num=2 team_size=32
[OMPT] implicit_task_begin: parallel_id=281474976710819 thread_num=18 team_size=32
[OMPT] implicit_task_begin: parallel_id=281474976710819 thread_num=9 team_size=32
[OMPT] implicit_task_begin: parallel_id=281474976710819 thread_num=12 team_size=32
[OMPT] implicit_task_end: parallel_id=0 thread_num=0
[OMPT] parallel_end: parallel_id=281474976710819
[OMPT] parallel_begin: parallel_id=281474976710821 team_size=32
[OMPT] implicit_task_end: parallel_id=0 thread_num=12
[OMPT] implicit_task_end: parallel_id=0 thread_num=2
[OMPT] implicit_task_end: parallel_id=0 thread_num=13
[OMPT] implicit_task_end: parallel_id=0 thread_num=3
[OMPT] implicit_task_end: parallel_id=0 thread_num=16
[OMPT] implicit_task_end: parallel_id=0 thread_num=28
[OMPT] implicit_task_end: parallel_id=0 thread_num=20
[OMPT] implicit_task_end: parallel_id=0 thread_num=30
[OMPT] implicit_task_end: parallel_id=0 thread_num=23
[OMPT] implicit_task_end: parallel_id=0 thread_num=14
[OMPT] implicit_task_begin: parallel_id=281474976710821 thread_num=12 team_size=32
[OMPT] implicit_task_end: parallel_id=0 thread_num=4
[OMPT] implicit_task_end: parallel_id=0 thread_num=7
[OMPT] implicit_task_end: parallel_id=0 thread_num=6
[OMPT] implicit_task_end: parallel_id=0 thread_num=17
[OMPT] implicit_task_begin: parallel_id=281474976710821 thread_num=23 team_size=32
[OMPT] implicit_task_end: parallel_id=0 thread_num=18
[OMPT] implicit_task_end: parallel_id=0 thread_num=19
[OMPT] implicit_task_end: parallel_id=0 thread_num=24
[OMPT] implicit_task_begin: parallel_id=281474976710821 thread_num=6 team_size=32
[OMPT] implicit_task_end: parallel_id=0 thread_num=25
[OMPT] implicit_task_end: parallel_id=0 thread_num=8
[OMPT] implicit_task_begin: parallel_id=281474976710821 thread_num=4 team_size=32
[OMPT] implicit_task_end: parallel_id=0 thread_num=31
[OMPT] implicit_task_begin: parallel_id=281474976710821 thread_num=16 team_size=32
[OMPT] implicit_task_begin: parallel_id=281474976710821 thread_num=30 team_size=32
[OMPT] implicit_task_begin: parallel_id=281474976710821 thread_num=7 team_size=32
[OMPT] implicit_task_end: parallel_id=0 thread_num=29
[OMPT] implicit_task_begin: parallel_id=281474976710821 thread_num=8 team_size=32
[OMPT] implicit_task_begin: parallel_id=281474976710821 thread_num=0 team_size=32
[OMPT] implicit_task_begin: parallel_id=281474976710821 thread_num=29 team_size=32
[OMPT] implicit_task_end: parallel_id=0 thread_num=21
[OMPT] implicit_task_end: parallel_id=0 thread_num=15
[OMPT] implicit_task_begin: parallel_id=281474976710821 thread_num=15 team_size=32
[OMPT] implicit_task_begin: parallel_id=281474976710821 thread_num=20 team_size=32
[OMPT] implicit_task_begin: parallel_id=281474976710821 thread_num=2 team_size=32
[OMPT] implicit_task_begin: parallel_id=281474976710821 thread_num=13 team_size=32
[OMPT] implicit_task_begin: parallel_id=281474976710821 thread_num=17 team_size=32
[OMPT] implicit_task_begin: parallel_id=281474976710821 thread_num=3 team_size=32
[OMPT] implicit_task_begin: parallel_id=281474976710821 thread_num=18 team_size=32
[OMPT] implicit_task_end: parallel_id=0 thread_num=27
[OMPT] implicit_task_begin: parallel_id=281474976710821 thread_num=27 team_size=32
[OMPT] implicit_task_end: parallel_id=0 thread_num=26
[OMPT] implicit_task_begin: parallel_id=281474976710821 thread_num=26 team_size=32
[OMPT] implicit_task_end: parallel_id=0 thread_num=1
[OMPT] implicit_task_begin: parallel_id=281474976710821 thread_num=1 team_size=32
[OMPT] implicit_task_begin: parallel_id=281474976710821 thread_num=14 team_size=32
[OMPT] implicit_task_begin: parallel_id=281474976710821 thread_num=24 team_size=32
[OMPT] implicit_task_end: parallel_id=0 thread_num=9
[OMPT] implicit_task_begin: parallel_id=281474976710821 thread_num=9 team_size=32
[OMPT] implicit_task_end: parallel_id=0 thread_num=10
[OMPT] implicit_task_begin: parallel_id=281474976710821 thread_num=10 team_size=32
[OMPT] implicit_task_end: parallel_id=0 thread_num=11
[OMPT] implicit_task_begin: parallel_id=281474976710821 thread_num=19 team_size=32
[OMPT] implicit_task_begin: parallel_id=281474976710821 thread_num=11 team_size=32
[OMPT] implicit_task_end: parallel_id=0 thread_num=22
[OMPT] implicit_task_begin: parallel_id=281474976710821 thread_num=22 team_size=32
[OMPT] implicit_task_begin: parallel_id=281474976710821 thread_num=28 team_size=32
[OMPT] implicit_task_begin: parallel_id=281474976710821 thread_num=31 team_size=32
[OMPT] implicit_task_begin: parallel_id=281474976710821 thread_num=25 team_size=32
[OMPT] implicit_task_begin: parallel_id=281474976710821 thread_num=21 team_size=32
[OMPT] implicit_task_end: parallel_id=0 thread_num=5
[OMPT] implicit_task_begin: parallel_id=281474976710821 thread_num=5 team_size=32
[OMPT] implicit_task_end: parallel_id=0 thread_num=0
[OMPT] parallel_end: parallel_id=281474976710821
[OMPT] parallel_begin: parallel_id=281474976710823 team_size=32
[OMPT] implicit_task_end: parallel_id=0 thread_num=12
[OMPT] implicit_task_end: parallel_id=0 thread_num=1
[OMPT] implicit_task_end: parallel_id=0 thread_num=15
[OMPT] implicit_task_begin: parallel_id=281474976710823 thread_num=12 team_size=32
[OMPT] implicit_task_end: parallel_id=0 thread_num=16
[OMPT] implicit_task_begin: parallel_id=281474976710823 thread_num=15 team_size=32
[OMPT] implicit_task_end: parallel_id=0 thread_num=19
[OMPT] implicit_task_begin: parallel_id=281474976710823 thread_num=16 team_size=32
[OMPT] implicit_task_end: parallel_id=0 thread_num=28
[OMPT] implicit_task_end: parallel_id=0 thread_num=14
[OMPT] implicit_task_end: parallel_id=0 thread_num=13
[OMPT] implicit_task_begin: parallel_id=281474976710823 thread_num=1 team_size=32
[OMPT] implicit_task_begin: parallel_id=281474976710823 thread_num=13 team_size=32
[OMPT] implicit_task_end: parallel_id=0 thread_num=20
[OMPT] implicit_task_end: parallel_id=0 thread_num=23
[OMPT] implicit_task_end: parallel_id=0 thread_num=2
[OMPT] implicit_task_end: parallel_id=0 thread_num=18
[OMPT] implicit_task_begin: parallel_id=281474976710823 thread_num=23 team_size=32
[OMPT] implicit_task_begin: parallel_id=281474976710823 thread_num=2 team_size=32
[OMPT] implicit_task_end: parallel_id=0 thread_num=24
[OMPT] implicit_task_end: parallel_id=0 thread_num=26
[OMPT] implicit_task_begin: parallel_id=281474976710823 thread_num=24 team_size=32
[OMPT] implicit_task_begin: parallel_id=281474976710823 thread_num=26 team_size=32
[OMPT] implicit_task_end: parallel_id=0 thread_num=30
[OMPT] implicit_task_begin: parallel_id=281474976710823 thread_num=30 team_size=32
[OMPT] implicit_task_end: parallel_id=0 thread_num=29
[OMPT] implicit_task_begin: parallel_id=281474976710823 thread_num=19 team_size=32
[OMPT] implicit_task_begin: parallel_id=281474976710823 thread_num=29 team_size=32
[OMPT] implicit_task_end: parallel_id=0 thread_num=4
[OMPT] implicit_task_end: parallel_id=0 thread_num=7
[OMPT] implicit_task_begin: parallel_id=281474976710823 thread_num=4 team_size=32
[OMPT] implicit_task_begin: parallel_id=281474976710823 thread_num=7 team_size=32
[OMPT] implicit_task_end: parallel_id=0 thread_num=8
[OMPT] implicit_task_end: parallel_id=0 thread_num=11
[OMPT] implicit_task_end: parallel_id=0 thread_num=22
[OMPT] implicit_task_begin: parallel_id=281474976710823 thread_num=8 team_size=32
[OMPT] implicit_task_begin: parallel_id=281474976710823 thread_num=11 team_size=32
[OMPT] implicit_task_begin: parallel_id=281474976710823 thread_num=20 team_size=32
[OMPT] implicit_task_begin: parallel_id=281474976710823 thread_num=22 team_size=32
[OMPT] implicit_task_end: parallel_id=0 thread_num=17
[OMPT] implicit_task_begin: parallel_id=281474976710823 thread_num=0 team_size=32
[OMPT] implicit_task_begin: parallel_id=281474976710823 thread_num=17 team_size=32
[OMPT] implicit_task_end: parallel_id=0 thread_num=27
[OMPT] implicit_task_begin: parallel_id=281474976710823 thread_num=27 team_size=32
[OMPT] implicit_task_end: parallel_id=0 thread_num=3
[OMPT] implicit_task_begin: parallel_id=281474976710823 thread_num=3 team_size=32
[OMPT] implicit_task_end: parallel_id=0 thread_num=31
[OMPT] implicit_task_begin: parallel_id=281474976710823 thread_num=31 team_size=32
[OMPT] implicit_task_end: parallel_id=0 thread_num=6
[OMPT] implicit_task_end: parallel_id=0 thread_num=5
[OMPT] implicit_task_begin: parallel_id=281474976710823 thread_num=28 team_size=32
[OMPT] implicit_task_begin: parallel_id=281474976710823 thread_num=6 team_size=32
[OMPT] implicit_task_begin: parallel_id=281474976710823 thread_num=5 team_size=32
[OMPT] implicit_task_begin: parallel_id=281474976710823 thread_num=14 team_size=32
[OMPT] implicit_task_end: parallel_id=0 thread_num=10
[OMPT] implicit_task_end: parallel_id=0 thread_num=9
[OMPT] implicit_task_begin: parallel_id=281474976710823 thread_num=9 team_size=32
[OMPT] implicit_task_end: parallel_id=0 thread_num=21
[OMPT] implicit_task_begin: parallel_id=281474976710823 thread_num=21 team_size=32
[OMPT] implicit_task_begin: parallel_id=281474976710823 thread_num=18 team_size=32
[OMPT] implicit_task_end: parallel_id=0 thread_num=25
[OMPT] implicit_task_begin: parallel_id=281474976710823 thread_num=10 team_size=32
[OMPT] implicit_task_begin: parallel_id=281474976710823 thread_num=25 team_size=32
[OMPT] implicit_task_end: parallel_id=0 thread_num=0
[OMPT] parallel_end: parallel_id=281474976710823
[OMPT] parallel_begin: parallel_id=281474976710825 team_size=32
[OMPT] implicit_task_end: parallel_id=0 thread_num=8
[OMPT] implicit_task_end: parallel_id=0 thread_num=1
[OMPT] implicit_task_end: parallel_id=0 thread_num=9
[OMPT] implicit_task_begin: parallel_id=281474976710825 thread_num=8 team_size=32
[OMPT] implicit_task_end: parallel_id=0 thread_num=4
[OMPT] implicit_task_begin: parallel_id=281474976710825 thread_num=9 team_size=32
[OMPT] implicit_task_end: parallel_id=0 thread_num=7
[OMPT] implicit_task_end: parallel_id=0 thread_num=3
[OMPT] implicit_task_begin: parallel_id=281474976710825 thread_num=4 team_size=32
[OMPT] implicit_task_begin: parallel_id=281474976710825 thread_num=7 team_size=32
[OMPT] implicit_task_end: parallel_id=0 thread_num=2
[OMPT] implicit_task_end: parallel_id=0 thread_num=11
[OMPT] implicit_task_end: parallel_id=0 thread_num=10
[OMPT] implicit_task_end: parallel_id=0 thread_num=16
[OMPT] implicit_task_begin: parallel_id=281474976710825 thread_num=11 team_size=32
[OMPT] implicit_task_end: parallel_id=0 thread_num=24
[OMPT] implicit_task_begin: parallel_id=281474976710825 thread_num=10 team_size=32
[OMPT] implicit_task_end: parallel_id=0 thread_num=27
[OMPT] implicit_task_end: parallel_id=0 thread_num=6
[OMPT] implicit_task_end: parallel_id=0 thread_num=12
[OMPT] implicit_task_begin: parallel_id=281474976710825 thread_num=3 team_size=32
[OMPT] implicit_task_end: parallel_id=0 thread_num=15
[OMPT] implicit_task_begin: parallel_id=281474976710825 thread_num=0 team_size=32
[OMPT] implicit_task_begin: parallel_id=281474976710825 thread_num=12 team_size=32
[OMPT] implicit_task_end: parallel_id=0 thread_num=18
[OMPT] implicit_task_end: parallel_id=0 thread_num=19
[OMPT] implicit_task_end: parallel_id=0 thread_num=17
[OMPT] implicit_task_begin: parallel_id=281474976710825 thread_num=6 team_size=32
[OMPT] implicit_task_end: parallel_id=0 thread_num=28
[OMPT] implicit_task_begin: parallel_id=281474976710825 thread_num=15 team_size=32
[OMPT] implicit_task_end: parallel_id=0 thread_num=31
[OMPT] implicit_task_end: parallel_id=0 thread_num=5
[OMPT] implicit_task_begin: parallel_id=281474976710825 thread_num=16 team_size=32
[OMPT] implicit_task_end: parallel_id=0 thread_num=26
[OMPT] implicit_task_begin: parallel_id=281474976710825 thread_num=28 team_size=32
[OMPT] implicit_task_begin: parallel_id=281474976710825 thread_num=31 team_size=32
[OMPT] implicit_task_begin: parallel_id=281474976710825 thread_num=24 team_size=32
[OMPT] implicit_task_begin: parallel_id=281474976710825 thread_num=5 team_size=32
[OMPT] implicit_task_end: parallel_id=0 thread_num=13
[OMPT] implicit_task_end: parallel_id=0 thread_num=14
[OMPT] implicit_task_begin: parallel_id=281474976710825 thread_num=2 team_size=32
[OMPT] implicit_task_begin: parallel_id=281474976710825 thread_num=14 team_size=32
[OMPT] implicit_task_end: parallel_id=0 thread_num=20
[OMPT] implicit_task_begin: parallel_id=281474976710825 thread_num=18 team_size=32
[OMPT] implicit_task_end: parallel_id=0 thread_num=23
[OMPT] implicit_task_begin: parallel_id=281474976710825 thread_num=20 team_size=32
[OMPT] implicit_task_begin: parallel_id=281474976710825 thread_num=1 team_size=32
[OMPT] implicit_task_begin: parallel_id=281474976710825 thread_num=23 team_size=32
[OMPT] implicit_task_begin: parallel_id=281474976710825 thread_num=17 team_size=32
[OMPT] implicit_task_end: parallel_id=0 thread_num=25
[OMPT] implicit_task_begin: parallel_id=281474976710825 thread_num=26 team_size=32
[OMPT] implicit_task_begin: parallel_id=281474976710825 thread_num=13 team_size=32
[OMPT] implicit_task_end: parallel_id=0 thread_num=21
[OMPT] implicit_task_begin: parallel_id=281474976710825 thread_num=21 team_size=32
[OMPT] implicit_task_end: parallel_id=0 thread_num=22
[OMPT] implicit_task_begin: parallel_id=281474976710825 thread_num=22 team_size=32
[OMPT] implicit_task_end: parallel_id=0 thread_num=29
[OMPT] implicit_task_begin: parallel_id=281474976710825 thread_num=19 team_size=32
[OMPT] implicit_task_end: parallel_id=0 thread_num=30
[OMPT] implicit_task_begin: parallel_id=281474976710825 thread_num=30 team_size=32
[OMPT] implicit_task_begin: parallel_id=281474976710825 thread_num=27 team_size=32
[OMPT] implicit_task_begin: parallel_id=281474976710825 thread_num=25 team_size=32
[OMPT] implicit_task_begin: parallel_id=281474976710825 thread_num=29 team_size=32
[OMPT] implicit_task_end: parallel_id=0 thread_num=0
[OMPT] parallel_end: parallel_id=281474976710825
[OMPT] parallel_begin: parallel_id=281474976710827 team_size=32
[OMPT] implicit_task_end: parallel_id=0 thread_num=16
[OMPT] implicit_task_end: parallel_id=0 thread_num=2
[OMPT] implicit_task_end: parallel_id=0 thread_num=20
[OMPT] implicit_task_end: parallel_id=0 thread_num=4
[OMPT] implicit_task_end: parallel_id=0 thread_num=21
[OMPT] implicit_task_end: parallel_id=0 thread_num=6
[OMPT] implicit_task_begin: parallel_id=281474976710827 thread_num=2 team_size=32
[OMPT] implicit_task_end: parallel_id=0 thread_num=1
[OMPT] implicit_task_begin: parallel_id=281474976710827 thread_num=4 team_size=32
[OMPT] implicit_task_end: parallel_id=0 thread_num=19
[OMPT] implicit_task_begin: parallel_id=281474976710827 thread_num=6 team_size=32
[OMPT] implicit_task_begin: parallel_id=281474976710827 thread_num=21 team_size=32
[OMPT] implicit_task_begin: parallel_id=281474976710827 thread_num=19 team_size=32
[OMPT] implicit_task_end: parallel_id=0 thread_num=28
[OMPT] implicit_task_end: parallel_id=0 thread_num=31
[OMPT] implicit_task_begin: parallel_id=281474976710827 thread_num=28 team_size=32
[OMPT] implicit_task_begin: parallel_id=281474976710827 thread_num=31 team_size=32
[OMPT] implicit_task_end: parallel_id=0 thread_num=24
[OMPT] implicit_task_end: parallel_id=0 thread_num=26
[OMPT] implicit_task_end: parallel_id=0 thread_num=27
[OMPT] implicit_task_end: parallel_id=0 thread_num=7
[OMPT] implicit_task_end: parallel_id=0 thread_num=5
[OMPT] implicit_task_begin: parallel_id=281474976710827 thread_num=24 team_size=32
[OMPT] implicit_task_end: parallel_id=0 thread_num=12
[OMPT] implicit_task_begin: parallel_id=281474976710827 thread_num=5 team_size=32
[OMPT] implicit_task_begin: parallel_id=281474976710827 thread_num=26 team_size=32
[OMPT] implicit_task_end: parallel_id=0 thread_num=14
[OMPT] implicit_task_begin: parallel_id=281474976710827 thread_num=20 team_size=32
[OMPT] implicit_task_end: parallel_id=0 thread_num=17
[OMPT] implicit_task_end: parallel_id=0 thread_num=18
[OMPT] implicit_task_begin: parallel_id=281474976710827 thread_num=18 team_size=32
[OMPT] implicit_task_end: parallel_id=0 thread_num=30
[OMPT] implicit_task_begin: parallel_id=281474976710827 thread_num=30 team_size=32
[OMPT] implicit_task_end: parallel_id=0 thread_num=29
[OMPT] implicit_task_end: parallel_id=0 thread_num=22
[OMPT] implicit_task_begin: parallel_id=281474976710827 thread_num=29 team_size=32
[OMPT] implicit_task_begin: parallel_id=281474976710827 thread_num=22 team_size=32
[OMPT] implicit_task_begin: parallel_id=281474976710827 thread_num=16 team_size=32
[OMPT] implicit_task_end: parallel_id=0 thread_num=25
[OMPT] implicit_task_end: parallel_id=0 thread_num=23
[OMPT] implicit_task_begin: parallel_id=281474976710827 thread_num=25 team_size=32
[OMPT] implicit_task_begin: parallel_id=281474976710827 thread_num=7 team_size=32
[OMPT] implicit_task_begin: parallel_id=281474976710827 thread_num=23 team_size=32
[OMPT] implicit_task_end: parallel_id=0 thread_num=15
[OMPT] implicit_task_begin: parallel_id=281474976710827 thread_num=15 team_size=32
[OMPT] implicit_task_end: parallel_id=0 thread_num=13
[OMPT] implicit_task_begin: parallel_id=281474976710827 thread_num=13 team_size=32
[OMPT] implicit_task_end: parallel_id=0 thread_num=8
[OMPT] implicit_task_end: parallel_id=0 thread_num=11
[OMPT] implicit_task_begin: parallel_id=281474976710827 thread_num=12 team_size=32
[OMPT] implicit_task_begin: parallel_id=281474976710827 thread_num=8 team_size=32
[OMPT] implicit_task_begin: parallel_id=281474976710827 thread_num=27 team_size=32
[OMPT] implicit_task_begin: parallel_id=281474976710827 thread_num=11 team_size=32
[OMPT] implicit_task_begin: parallel_id=281474976710827 thread_num=0 team_size=32
[OMPT] implicit_task_begin: parallel_id=281474976710827 thread_num=17 team_size=32
[OMPT] implicit_task_begin: parallel_id=281474976710827 thread_num=1 team_size=32
[OMPT] implicit_task_end: parallel_id=0 thread_num=9
[OMPT] implicit_task_begin: parallel_id=281474976710827 thread_num=9 team_size=32
[OMPT] implicit_task_end: parallel_id=0 thread_num=10
[OMPT] implicit_task_begin: parallel_id=281474976710827 thread_num=14 team_size=32
[OMPT] implicit_task_end: parallel_id=0 thread_num=3
[OMPT] implicit_task_begin: parallel_id=281474976710827 thread_num=3 team_size=32
[OMPT] implicit_task_begin: parallel_id=281474976710827 thread_num=10 team_size=32
[OMPT][WIN100ms] ompt_id=281474976710657 tid=1054906 tipo=ompt_thread_initial    cpu=150 numa=0  d_rm= 1936777  d_instr= 366467180  d_cyc= 543889088  d_all=16512064  IPC=0.674  ratio_rm=0.1173
[OMPT][WIN100ms] ompt_id=562949953421313 tid=1054928 tipo=ompt_thread_worker     cpu=159 numa=0  d_rm= 1897346  d_instr= 374096345  d_cyc= 542379594  d_all=16254978  IPC=0.690  ratio_rm=0.1167
[OMPT][WIN100ms] ompt_id=844424930131969 tid=1054929 tipo=ompt_thread_worker     cpu= 66 numa=1  d_rm= 2115943  d_instr= 311173567  d_cyc= 553392795  d_all=16707366  IPC=0.562  ratio_rm=0.1266
[OMPT][WIN100ms] ompt_id=1125899906842625 tid=1054930 tipo=ompt_thread_worker     cpu=  8 numa=0  d_rm= 1887654  d_instr= 375288892  d_cyc= 542275791  d_all=16698966  IPC=0.692  ratio_rm=0.1130
[OMPT][WIN100ms] ompt_id=1407374883553281 tid=1054931 tipo=ompt_thread_worker     cpu=121 numa=1  d_rm= 2046071  d_instr= 374211505  d_cyc= 546551168  d_all=17022711  IPC=0.685  ratio_rm=0.1202
[OMPT][WIN100ms] ompt_id=1688849860263937 tid=1054932 tipo=ompt_thread_worker     cpu=208 numa=1  d_rm= 1983769  d_instr= 376290467  d_cyc= 542979440  d_all=16529652  IPC=0.693  ratio_rm=0.1200
[OMPT][WIN100ms] ompt_id=1970324836974593 tid=1054933 tipo=ompt_thread_worker     cpu= 87 numa=1  d_rm= 1968228  d_instr= 381766019  d_cyc= 545072166  d_all=16717887  IPC=0.700  ratio_rm=0.1177
[OMPT][WIN100ms] ompt_id=2251799813685249 tid=1054935 tipo=ompt_thread_worker     cpu= 97 numa=1  d_rm= 1953563  d_instr= 377830256  d_cyc= 542503580  d_all=16690601  IPC=0.696  ratio_rm=0.1170
[OMPT][WIN100ms] ompt_id=2533274790395905 tid=1054934 tipo=ompt_thread_worker     cpu=139 numa=0  d_rm= 1971391  d_instr= 379758612  d_cyc= 545524623  d_all=17086010  IPC=0.696  ratio_rm=0.1154
[OMPT][WIN100ms] ompt_id=2814749767106561 tid=1054937 tipo=ompt_thread_worker     cpu=113 numa=1  d_rm= 1926744  d_instr= 367640649  d_cyc= 544416681  d_all=16424749  IPC=0.675  ratio_rm=0.1173
[OMPT] implicit_task_end: parallel_id=0 thread_num=0
[OMPT] parallel_end: parallel_id=281474976710827
[OMPT] parallel_begin: parallel_id=281474976710829 team_size=32
[OMPT] implicit_task_end: parallel_id=0 thread_num=12
[OMPT] implicit_task_end: parallel_id=0 thread_num=1
[OMPT] implicit_task_end: parallel_id=0 thread_num=13
[OMPT] implicit_task_end: parallel_id=0 thread_num=4
[OMPT] implicit_task_end: parallel_id=0 thread_num=7
[OMPT] implicit_task_end: parallel_id=0 thread_num=3
[OMPT] implicit_task_end: parallel_id=0 thread_num=14
[OMPT] implicit_task_end: parallel_id=0 thread_num=15
[OMPT] implicit_task_end: parallel_id=0 thread_num=16
[OMPT] implicit_task_end: parallel_id=0 thread_num=24
[OMPT] implicit_task_end: parallel_id=0 thread_num=27
[OMPT] implicit_task_end: parallel_id=0 thread_num=26
[OMPT] implicit_task_end: parallel_id=0 thread_num=2
[OMPT] implicit_task_end: parallel_id=0 thread_num=8
[OMPT] implicit_task_end: parallel_id=0 thread_num=28
[OMPT] implicit_task_end: parallel_id=0 thread_num=20
[OMPT] implicit_task_end: parallel_id=0 thread_num=19
[OMPT] implicit_task_end: parallel_id=0 thread_num=21
[OMPT] implicit_task_end: parallel_id=0 thread_num=18
[OMPT] implicit_task_end: parallel_id=0 thread_num=17
[OMPT] implicit_task_end: parallel_id=0 thread_num=25
[OMPT] implicit_task_end: parallel_id=0 thread_num=9
[OMPT] implicit_task_end: parallel_id=0 thread_num=11
[OMPT] implicit_task_end: parallel_id=0 thread_num=10
[OMPT] implicit_task_end: parallel_id=0 thread_num=30
[OMPT] implicit_task_end: parallel_id=0 thread_num=31
[OMPT] implicit_task_end: parallel_id=0 thread_num=29
[OMPT] implicit_task_end: parallel_id=0 thread_num=22
[OMPT] implicit_task_end: parallel_id=0 thread_num=23
[OMPT] implicit_task_end: parallel_id=0 thread_num=6
[OMPT] implicit_task_end: parallel_id=0 thread_num=5
[OMPT][WIN100ms] ompt_id=3096224743817217 tid=1054936 tipo=ompt_thread_worker     cpu=  2 numa=0  d_rm= 1924032  d_instr= 373162629  d_cyc= 543326479  d_all=16590801  IPC=0.687  ratio_rm=0.1160
[OMPT][WIN100ms] ompt_id=3377699720527873 tid=1054938 tipo=ompt_thread_worker     cpu=231 numa=1  d_rm= 1992969  d_instr= 379487750  d_cyc= 543170524  d_all=16596953  IPC=0.699  ratio_rm=0.1201
[OMPT][WIN100ms] ompt_id=3940649673949185 tid=1054940 tipo=ompt_thread_worker     cpu= 45 numa=0  d_rm= 1902357  d_instr= 369454988  d_cyc= 541555768  d_all=16180109  IPC=0.682  ratio_rm=0.1176
[OMPT][WIN100ms] ompt_id=3659174697238529 tid=1054939 tipo=ompt_thread_worker     cpu= 56 numa=0  d_rm= 1916400  d_instr= 378498590  d_cyc= 541683451  d_all=16371143  IPC=0.699  ratio_rm=0.1171
[OMPT][WIN100ms] ompt_id=4222124650659841 tid=1054942 tipo=ompt_thread_worker     cpu=191 numa=0  d_rm= 1933471  d_instr= 378870784  d_cyc= 542941017  d_all=16615309  IPC=0.698  ratio_rm=0.1164
[OMPT][WIN100ms] ompt_id=4503599627370497 tid=1054941 tipo=ompt_thread_worker     cpu= 64 numa=1  d_rm= 2000735  d_instr= 305450755  d_cyc= 549202626  d_all=16324166  IPC=0.556  ratio_rm=0.1226
[OMPT][WIN100ms] ompt_id=4785074604081153 tid=1054944 tipo=ompt_thread_worker     cpu= 21 numa=0  d_rm= 1994100  d_instr= 369544888  d_cyc= 540621188  d_all=16719348  IPC=0.684  ratio_rm=0.1193
[OMPT][WIN100ms] ompt_id=5066549580791809 tid=1054943 tipo=ompt_thread_worker     cpu=120 numa=1  d_rm= 1929780  d_instr= 371299716  d_cyc= 542223771  d_all=16716335  IPC=0.685  ratio_rm=0.1154
[OMPT][WIN100ms] ompt_id=5348024557502465 tid=1054945 tipo=ompt_thread_worker     cpu=  1 numa=0  d_rm= 1941987  d_instr= 372294578  d_cyc= 540566040  d_all=16321990  IPC=0.689  ratio_rm=0.1190
[OMPT][WIN100ms] ompt_id=5629499534213121 tid=1054946 tipo=ompt_thread_worker     cpu= 89 numa=1  d_rm= 1933000  d_instr= 374610058  d_cyc= 541230580  d_all=16421845  IPC=0.692  ratio_rm=0.1177
[OMPT][WIN100ms] ompt_id=5910974510923777 tid=1054947 tipo=ompt_thread_worker     cpu= 88 numa=1  d_rm= 1918130  d_instr= 381634738  d_cyc= 541311620  d_all=16473780  IPC=0.705  ratio_rm=0.1164
[OMPT][WIN100ms] ompt_id=6192449487634433 tid=1054948 tipo=ompt_thread_worker     cpu= 37 numa=0  d_rm= 1903067  d_instr= 374350489  d_cyc= 542574374  d_all=16358261  IPC=0.690  ratio_rm=0.1163
[OMPT][WIN100ms] ompt_id=6473924464345089 tid=1054949 tipo=ompt_thread_worker     cpu= 65 numa=1  d_rm= 2072885  d_instr= 309010094  d_cyc= 551196536  d_all=16339918  IPC=0.561  ratio_rm=0.1269
[OMPT][WIN100ms] ompt_id=6755399441055745 tid=1054950 tipo=ompt_thread_worker     cpu=237 numa=1  d_rm= 1999757  d_instr= 377846429  d_cyc= 544285376  d_all=16403781  IPC=0.694  ratio_rm=0.1219
[OMPT][WIN100ms] ompt_id=7036874417766401 tid=1054951 tipo=ompt_thread_worker     cpu=104 numa=1  d_rm= 2024298  d_instr= 380529238  d_cyc= 543543743  d_all=16432296  IPC=0.700  ratio_rm=0.1232
[OMPT][WIN100ms] ompt_id=7318349394477057 tid=1054952 tipo=ompt_thread_worker     cpu= 48 numa=0  d_rm= 1576044  d_instr= 401598919  d_cyc= 539982632  d_all=16343538  IPC=0.744  ratio_rm=0.0964
[OMPT][WIN100ms] ompt_id=7599824371187713 tid=1054953 tipo=ompt_thread_worker     cpu= 38 numa=0  d_rm= 1897514  d_instr= 377118787  d_cyc= 546264233  d_all=16473648  IPC=0.690  ratio_rm=0.1152
[OMPT][WIN100ms] ompt_id=7881299347898369 tid=1054954 tipo=ompt_thread_worker     cpu= 46 numa=0  d_rm= 1910806  d_instr= 372686121  d_cyc= 545321791  d_all=16703791  IPC=0.683  ratio_rm=0.1144
[OMPT][WIN100ms] ompt_id=8162774324609025 tid=1054955 tipo=ompt_thread_worker     cpu= 72 numa=1  d_rm= 1952057  d_instr= 377976815  d_cyc= 544677959  d_all=16542746  IPC=0.694  ratio_rm=0.1180
[OMPT][WIN100ms] ompt_id=8444249301319681 tid=1054956 tipo=ompt_thread_worker     cpu=112 numa=1  d_rm= 1939107  d_instr= 367723305  d_cyc= 546723232  d_all=16505181  IPC=0.673  ratio_rm=0.1175
[OMPT][WIN100ms] ompt_id=8725724278030337 tid=1054957 tipo=ompt_thread_worker     cpu= 25 numa=0  d_rm= 1916340  d_instr= 380348836  d_cyc= 546439829  d_all=16407971  IPC=0.696  ratio_rm=0.1168
[OMPT][WIN100ms] ompt_id=9007199254740993 tid=1054958 tipo=ompt_thread_worker     cpu= 73 numa=1  d_rm= 1944488  d_instr= 379385985  d_cyc= 546197127  d_all=16567601  IPC=0.695  ratio_rm=0.1174
[OMPT] implicit_task_begin: parallel_id=281474976710829 thread_num=6 team_size=32
[OMPT] implicit_task_begin: parallel_id=281474976710829 thread_num=5 team_size=32
[OMPT] implicit_task_begin: parallel_id=281474976710829 thread_num=10 team_size=32
[OMPT] implicit_task_begin: parallel_id=281474976710829 thread_num=29 team_size=32
[OMPT] implicit_task_begin: parallel_id=281474976710829 thread_num=26 team_size=32
[OMPT] implicit_task_begin: parallel_id=281474976710829 thread_num=21 team_size=32
[OMPT] implicit_task_begin: parallel_id=281474976710829 thread_num=20 team_size=32
[OMPT] implicit_task_begin: parallel_id=281474976710829 thread_num=19 team_size=32
[OMPT] implicit_task_begin: parallel_id=281474976710829 thread_num=18 team_size=32
[OMPT] implicit_task_begin: parallel_id=281474976710829 thread_num=9 team_size=32
[OMPT] implicit_task_begin: parallel_id=281474976710829 thread_num=1 team_size=32
[OMPT] implicit_task_begin: parallel_id=281474976710829 thread_num=30 team_size=32
[OMPT] implicit_task_begin: parallel_id=281474976710829 thread_num=28 team_size=32
[OMPT] implicit_task_begin: parallel_id=281474976710829 thread_num=31 team_size=32
[OMPT] implicit_task_begin: parallel_id=281474976710829 thread_num=14 team_size=32
[OMPT] implicit_task_begin: parallel_id=281474976710829 thread_num=2 team_size=32
[OMPT] implicit_task_begin: parallel_id=281474976710829 thread_num=22 team_size=32
[OMPT] implicit_task_begin: parallel_id=281474976710829 thread_num=0 team_size=32
[OMPT] implicit_task_begin: parallel_id=281474976710829 thread_num=17 team_size=32
[OMPT] implicit_task_begin: parallel_id=281474976710829 thread_num=15 team_size=32
[OMPT] implicit_task_begin: parallel_id=281474976710829 thread_num=12 team_size=32
[OMPT] implicit_task_begin: parallel_id=281474976710829 thread_num=4 team_size=32
[OMPT] implicit_task_begin: parallel_id=281474976710829 thread_num=16 team_size=32
[OMPT] implicit_task_begin: parallel_id=281474976710829 thread_num=24 team_size=32
[OMPT] implicit_task_begin: parallel_id=281474976710829 thread_num=23 team_size=32
[OMPT] implicit_task_begin: parallel_id=281474976710829 thread_num=11 team_size=32
[OMPT] implicit_task_begin: parallel_id=281474976710829 thread_num=8 team_size=32
[OMPT] implicit_task_begin: parallel_id=281474976710829 thread_num=25 team_size=32
[OMPT] implicit_task_begin: parallel_id=281474976710829 thread_num=27 team_size=32
[OMPT] implicit_task_begin: parallel_id=281474976710829 thread_num=7 team_size=32
[OMPT] implicit_task_begin: parallel_id=281474976710829 thread_num=3 team_size=32
[OMPT] implicit_task_begin: parallel_id=281474976710829 thread_num=13 team_size=32
[OMPT] implicit_task_end: parallel_id=0 thread_num=0
[OMPT] parallel_end: parallel_id=281474976710829
[OMPT] parallel_begin: parallel_id=281474976710831 team_size=32
[OMPT] implicit_task_end: parallel_id=0 thread_num=16
[OMPT] implicit_task_end: parallel_id=0 thread_num=8
[OMPT] implicit_task_end: parallel_id=0 thread_num=17
[OMPT] implicit_task_end: parallel_id=0 thread_num=28
[OMPT] implicit_task_end: parallel_id=0 thread_num=4
[OMPT] implicit_task_end: parallel_id=0 thread_num=12
[OMPT] implicit_task_end: parallel_id=0 thread_num=7
[OMPT] implicit_task_end: parallel_id=0 thread_num=1
[OMPT] implicit_task_begin: parallel_id=281474976710831 thread_num=4 team_size=32
[OMPT] implicit_task_end: parallel_id=0 thread_num=3
[OMPT] implicit_task_begin: parallel_id=281474976710831 thread_num=7 team_size=32
[OMPT] implicit_task_begin: parallel_id=281474976710831 thread_num=1 team_size=32
[OMPT] implicit_task_begin: parallel_id=281474976710831 thread_num=3 team_size=32
[OMPT] implicit_task_end: parallel_id=0 thread_num=18
[OMPT] implicit_task_end: parallel_id=0 thread_num=24
[OMPT] implicit_task_begin: parallel_id=281474976710831 thread_num=16 team_size=32
[OMPT] implicit_task_end: parallel_id=0 thread_num=25
[OMPT] implicit_task_end: parallel_id=0 thread_num=29
[OMPT] implicit_task_end: parallel_id=0 thread_num=30
[OMPT] implicit_task_begin: parallel_id=281474976710831 thread_num=24 team_size=32
[OMPT] implicit_task_begin: parallel_id=281474976710831 thread_num=30 team_size=32
[OMPT] implicit_task_end: parallel_id=0 thread_num=5
[OMPT] implicit_task_begin: parallel_id=281474976710831 thread_num=29 team_size=32
[OMPT] implicit_task_end: parallel_id=0 thread_num=2
[OMPT] implicit_task_end: parallel_id=0 thread_num=15
[OMPT] implicit_task_end: parallel_id=0 thread_num=14
[OMPT] implicit_task_begin: parallel_id=281474976710831 thread_num=15 team_size=32
[OMPT] implicit_task_begin: parallel_id=281474976710831 thread_num=14 team_size=32
[OMPT] implicit_task_begin: parallel_id=281474976710831 thread_num=0 team_size=32
[OMPT] implicit_task_end: parallel_id=0 thread_num=13
[OMPT] implicit_task_begin: parallel_id=281474976710831 thread_num=13 team_size=32
[OMPT] implicit_task_begin: parallel_id=281474976710831 thread_num=28 team_size=32
[OMPT] implicit_task_begin: parallel_id=281474976710831 thread_num=12 team_size=32
[OMPT] implicit_task_end: parallel_id=0 thread_num=20
[OMPT] implicit_task_end: parallel_id=0 thread_num=23
[OMPT] implicit_task_begin: parallel_id=281474976710831 thread_num=17 team_size=32
[OMPT] implicit_task_end: parallel_id=0 thread_num=19
[OMPT] implicit_task_end: parallel_id=0 thread_num=9
[OMPT] implicit_task_begin: parallel_id=281474976710831 thread_num=18 team_size=32
[OMPT] implicit_task_begin: parallel_id=281474976710831 thread_num=23 team_size=32
[OMPT] implicit_task_end: parallel_id=0 thread_num=11
[OMPT] implicit_task_begin: parallel_id=281474976710831 thread_num=9 team_size=32
[OMPT] implicit_task_begin: parallel_id=281474976710831 thread_num=11 team_size=32
[OMPT] implicit_task_end: parallel_id=0 thread_num=27
[OMPT] implicit_task_begin: parallel_id=281474976710831 thread_num=27 team_size=32
[OMPT] implicit_task_end: parallel_id=0 thread_num=26
[OMPT] implicit_task_begin: parallel_id=281474976710831 thread_num=26 team_size=32
[OMPT] implicit_task_end: parallel_id=0 thread_num=31
[OMPT] implicit_task_begin: parallel_id=281474976710831 thread_num=31 team_size=32
[OMPT] implicit_task_end: parallel_id=0 thread_num=6
[OMPT] implicit_task_begin: parallel_id=281474976710831 thread_num=8 team_size=32
[OMPT] implicit_task_begin: parallel_id=281474976710831 thread_num=25 team_size=32
[OMPT] implicit_task_begin: parallel_id=281474976710831 thread_num=5 team_size=32
[OMPT] implicit_task_begin: parallel_id=281474976710831 thread_num=2 team_size=32
[OMPT] implicit_task_end: parallel_id=0 thread_num=22
[OMPT] implicit_task_begin: parallel_id=281474976710831 thread_num=22 team_size=32
[OMPT] implicit_task_end: parallel_id=0 thread_num=21
[OMPT] implicit_task_begin: parallel_id=281474976710831 thread_num=21 team_size=32
[OMPT] implicit_task_begin: parallel_id=281474976710831 thread_num=20 team_size=32
[OMPT] implicit_task_end: parallel_id=0 thread_num=10
[OMPT] implicit_task_begin: parallel_id=281474976710831 thread_num=19 team_size=32
[OMPT] implicit_task_begin: parallel_id=281474976710831 thread_num=10 team_size=32
[OMPT] implicit_task_begin: parallel_id=281474976710831 thread_num=6 team_size=32
[OMPT] implicit_task_end: parallel_id=0 thread_num=0
[OMPT] parallel_end: parallel_id=281474976710831
[OMPT] parallel_begin: parallel_id=281474976710833 team_size=32
[OMPT] implicit_task_end: parallel_id=0 thread_num=12
[OMPT] implicit_task_end: parallel_id=0 thread_num=1
[OMPT] implicit_task_end: parallel_id=0 thread_num=14
[OMPT] implicit_task_end: parallel_id=0 thread_num=16
[OMPT] implicit_task_end: parallel_id=0 thread_num=4
[OMPT] implicit_task_end: parallel_id=0 thread_num=20
[OMPT] implicit_task_end: parallel_id=0 thread_num=7
[OMPT] implicit_task_end: parallel_id=0 thread_num=2
[OMPT] implicit_task_begin: parallel_id=281474976710833 thread_num=0 team_size=32
[OMPT] implicit_task_begin: parallel_id=281474976710833 thread_num=7 team_size=32
[OMPT] implicit_task_begin: parallel_id=281474976710833 thread_num=2 team_size=32
[OMPT] implicit_task_end: parallel_id=0 thread_num=13
[OMPT] implicit_task_begin: parallel_id=281474976710833 thread_num=20 team_size=32
[OMPT] implicit_task_begin: parallel_id=281474976710833 thread_num=1 team_size=32
[OMPT] implicit_task_end: parallel_id=0 thread_num=17
[OMPT] implicit_task_begin: parallel_id=281474976710833 thread_num=17 team_size=32
[OMPT] implicit_task_end: parallel_id=0 thread_num=19
[OMPT] implicit_task_begin: parallel_id=281474976710833 thread_num=19 team_size=32
[OMPT] implicit_task_end: parallel_id=0 thread_num=18
[OMPT] implicit_task_begin: parallel_id=281474976710833 thread_num=18 team_size=32
[OMPT] implicit_task_end: parallel_id=0 thread_num=28
[OMPT] implicit_task_end: parallel_id=0 thread_num=31
[OMPT] implicit_task_end: parallel_id=0 thread_num=24
[OMPT] implicit_task_end: parallel_id=0 thread_num=27
[OMPT] implicit_task_end: parallel_id=0 thread_num=6
[OMPT] implicit_task_begin: parallel_id=281474976710833 thread_num=27 team_size=32
[OMPT] implicit_task_end: parallel_id=0 thread_num=3
[OMPT] implicit_task_end: parallel_id=0 thread_num=23
[OMPT] implicit_task_begin: parallel_id=281474976710833 thread_num=6 team_size=32
[OMPT] implicit_task_begin: parallel_id=281474976710833 thread_num=3 team_size=32
[OMPT] implicit_task_end: parallel_id=0 thread_num=22
[OMPT] implicit_task_begin: parallel_id=281474976710833 thread_num=22 team_size=32
[OMPT] implicit_task_end: parallel_id=0 thread_num=21
[OMPT] implicit_task_begin: parallel_id=281474976710833 thread_num=16 team_size=32
[OMPT] implicit_task_begin: parallel_id=281474976710833 thread_num=4 team_size=32
[OMPT] implicit_task_end: parallel_id=0 thread_num=15
[OMPT] implicit_task_begin: parallel_id=281474976710833 thread_num=15 team_size=32
[OMPT] implicit_task_begin: parallel_id=281474976710833 thread_num=13 team_size=32
[OMPT] implicit_task_end: parallel_id=0 thread_num=8
[OMPT] implicit_task_end: parallel_id=0 thread_num=11
[OMPT] implicit_task_end: parallel_id=0 thread_num=30
[OMPT] implicit_task_begin: parallel_id=281474976710833 thread_num=8 team_size=32
[OMPT] implicit_task_end: parallel_id=0 thread_num=29
[OMPT] implicit_task_begin: parallel_id=281474976710833 thread_num=30 team_size=32
[OMPT] implicit_task_begin: parallel_id=281474976710833 thread_num=31 team_size=32
[OMPT] implicit_task_begin: parallel_id=281474976710833 thread_num=14 team_size=32
[OMPT] implicit_task_begin: parallel_id=281474976710833 thread_num=29 team_size=32
[OMPT] implicit_task_end: parallel_id=0 thread_num=25
[OMPT] implicit_task_end: parallel_id=0 thread_num=5
[OMPT] implicit_task_begin: parallel_id=281474976710833 thread_num=25 team_size=32
[OMPT] implicit_task_begin: parallel_id=281474976710833 thread_num=24 team_size=32
[OMPT] implicit_task_begin: parallel_id=281474976710833 thread_num=23 team_size=32
[OMPT] implicit_task_begin: parallel_id=281474976710833 thread_num=21 team_size=32
[OMPT] implicit_task_begin: parallel_id=281474976710833 thread_num=12 team_size=32
[OMPT] implicit_task_end: parallel_id=0 thread_num=10
[OMPT] implicit_task_begin: parallel_id=281474976710833 thread_num=10 team_size=32
[OMPT] implicit_task_end: parallel_id=0 thread_num=9
[OMPT] implicit_task_begin: parallel_id=281474976710833 thread_num=9 team_size=32
[OMPT] implicit_task_begin: parallel_id=281474976710833 thread_num=11 team_size=32
[OMPT] implicit_task_begin: parallel_id=281474976710833 thread_num=28 team_size=32
[OMPT] implicit_task_end: parallel_id=0 thread_num=26
[OMPT] implicit_task_begin: parallel_id=281474976710833 thread_num=26 team_size=32
[OMPT] implicit_task_begin: parallel_id=281474976710833 thread_num=5 team_size=32
[OMPT] implicit_task_end: parallel_id=0 thread_num=0
[OMPT] parallel_end: parallel_id=281474976710833
[OMPT] parallel_begin: parallel_id=281474976710835 team_size=32
[OMPT] implicit_task_end: parallel_id=0 thread_num=12
[OMPT] implicit_task_end: parallel_id=0 thread_num=3
[OMPT] implicit_task_end: parallel_id=0 thread_num=13
[OMPT] implicit_task_begin: parallel_id=281474976710835 thread_num=3 team_size=32
[OMPT] implicit_task_end: parallel_id=0 thread_num=4
[OMPT] implicit_task_end: parallel_id=0 thread_num=7
[OMPT] implicit_task_end: parallel_id=0 thread_num=2
[OMPT] implicit_task_begin: parallel_id=281474976710835 thread_num=7 team_size=32
[OMPT] implicit_task_end: parallel_id=0 thread_num=1
[OMPT] implicit_task_begin: parallel_id=281474976710835 thread_num=0 team_size=32
[OMPT] implicit_task_begin: parallel_id=281474976710835 thread_num=2 team_size=32
[OMPT] implicit_task_begin: parallel_id=281474976710835 thread_num=1 team_size=32
[OMPT] implicit_task_end: parallel_id=0 thread_num=15
[OMPT] implicit_task_begin: parallel_id=281474976710835 thread_num=12 team_size=32
[OMPT] implicit_task_begin: parallel_id=281474976710835 thread_num=15 team_size=32
[OMPT] implicit_task_end: parallel_id=0 thread_num=8
[OMPT] implicit_task_begin: parallel_id=281474976710835 thread_num=13 team_size=32
[OMPT] implicit_task_end: parallel_id=0 thread_num=10
[OMPT] implicit_task_begin: parallel_id=281474976710835 thread_num=8 team_size=32
[OMPT] implicit_task_end: parallel_id=0 thread_num=6
[OMPT] implicit_task_end: parallel_id=0 thread_num=5
[OMPT] implicit_task_begin: parallel_id=281474976710835 thread_num=10 team_size=32
[OMPT] implicit_task_begin: parallel_id=281474976710835 thread_num=4 team_size=32
[OMPT] implicit_task_end: parallel_id=0 thread_num=14
[OMPT] implicit_task_end: parallel_id=0 thread_num=11
[OMPT] implicit_task_begin: parallel_id=281474976710835 thread_num=5 team_size=32
[OMPT] implicit_task_end: parallel_id=0 thread_num=9
[OMPT] implicit_task_begin: parallel_id=281474976710835 thread_num=6 team_size=32
[OMPT] implicit_task_begin: parallel_id=281474976710835 thread_num=9 team_size=32
[OMPT] implicit_task_end: parallel_id=0 thread_num=16
[OMPT] implicit_task_end: parallel_id=0 thread_num=19
[OMPT] implicit_task_end: parallel_id=0 thread_num=24
[OMPT] implicit_task_begin: parallel_id=281474976710835 thread_num=14 team_size=32
[OMPT] implicit_task_end: parallel_id=0 thread_num=27
[OMPT] implicit_task_end: parallel_id=0 thread_num=26
[OMPT] implicit_task_end: parallel_id=0 thread_num=17
[OMPT] implicit_task_begin: parallel_id=281474976710835 thread_num=24 team_size=32
[OMPT] implicit_task_begin: parallel_id=281474976710835 thread_num=26 team_size=32
[OMPT] implicit_task_begin: parallel_id=281474976710835 thread_num=17 team_size=32
[OMPT] implicit_task_begin: parallel_id=281474976710835 thread_num=27 team_size=32
[OMPT] implicit_task_begin: parallel_id=281474976710835 thread_num=19 team_size=32
[OMPT] implicit_task_end: parallel_id=0 thread_num=25
[OMPT] implicit_task_end: parallel_id=0 thread_num=18
[OMPT] implicit_task_begin: parallel_id=281474976710835 thread_num=25 team_size=32
[OMPT] implicit_task_end: parallel_id=0 thread_num=28
[OMPT] implicit_task_begin: parallel_id=281474976710835 thread_num=16 team_size=32
[OMPT] implicit_task_begin: parallel_id=281474976710835 thread_num=11 team_size=32
[OMPT] implicit_task_begin: parallel_id=281474976710835 thread_num=28 team_size=32
[OMPT] implicit_task_end: parallel_id=0 thread_num=20
[OMPT] implicit_task_begin: parallel_id=281474976710835 thread_num=18 team_size=32
[OMPT] implicit_task_end: parallel_id=0 thread_num=22
[OMPT] implicit_task_end: parallel_id=0 thread_num=21
[OMPT] implicit_task_end: parallel_id=0 thread_num=30
[OMPT] implicit_task_begin: parallel_id=281474976710835 thread_num=22 team_size=32
[OMPT] implicit_task_end: parallel_id=0 thread_num=29
[OMPT] implicit_task_end: parallel_id=0 thread_num=31
[OMPT] implicit_task_begin: parallel_id=281474976710835 thread_num=29 team_size=32
[OMPT] implicit_task_begin: parallel_id=281474976710835 thread_num=21 team_size=32
[OMPT] implicit_task_begin: parallel_id=281474976710835 thread_num=20 team_size=32
[OMPT] implicit_task_end: parallel_id=0 thread_num=23
[OMPT] implicit_task_begin: parallel_id=281474976710835 thread_num=30 team_size=32
[OMPT] implicit_task_begin: parallel_id=281474976710835 thread_num=23 team_size=32
[OMPT] implicit_task_begin: parallel_id=281474976710835 thread_num=31 team_size=32
[OMPT] implicit_task_end: parallel_id=0 thread_num=0
[OMPT] parallel_end: parallel_id=281474976710835
[OMPT] parallel_begin: parallel_id=281474976710837 team_size=32
[OMPT] implicit_task_end: parallel_id=0 thread_num=12
[OMPT] implicit_task_end: parallel_id=0 thread_num=2
[OMPT] implicit_task_begin: parallel_id=281474976710837 thread_num=12 team_size=32
[OMPT] implicit_task_end: parallel_id=0 thread_num=4
[OMPT] implicit_task_end: parallel_id=0 thread_num=7
[OMPT] implicit_task_end: parallel_id=0 thread_num=1
[OMPT] implicit_task_begin: parallel_id=281474976710837 thread_num=1 team_size=32
[OMPT] implicit_task_end: parallel_id=0 thread_num=3
[OMPT] implicit_task_begin: parallel_id=281474976710837 thread_num=3 team_size=32
[OMPT] implicit_task_end: parallel_id=0 thread_num=15
[OMPT] implicit_task_end: parallel_id=0 thread_num=14
[OMPT] implicit_task_begin: parallel_id=281474976710837 thread_num=15 team_size=32
[OMPT] implicit_task_begin: parallel_id=281474976710837 thread_num=14 team_size=32
[OMPT] implicit_task_end: parallel_id=0 thread_num=13
[OMPT] implicit_task_end: parallel_id=0 thread_num=8
[OMPT] implicit_task_begin: parallel_id=281474976710837 thread_num=2 team_size=32
[OMPT] implicit_task_end: parallel_id=0 thread_num=9
[OMPT] implicit_task_end: parallel_id=0 thread_num=6
[OMPT] implicit_task_begin: parallel_id=281474976710837 thread_num=4 team_size=32
[OMPT] implicit_task_begin: parallel_id=281474976710837 thread_num=7 team_size=32
[OMPT] implicit_task_end: parallel_id=0 thread_num=16
[OMPT] implicit_task_begin: parallel_id=281474976710837 thread_num=6 team_size=32
[OMPT] implicit_task_end: parallel_id=0 thread_num=18
[OMPT] implicit_task_end: parallel_id=0 thread_num=28
[OMPT] implicit_task_begin: parallel_id=281474976710837 thread_num=18 team_size=32
[OMPT] implicit_task_end: parallel_id=0 thread_num=31
[OMPT] implicit_task_end: parallel_id=0 thread_num=11
[OMPT] implicit_task_end: parallel_id=0 thread_num=5
[OMPT] implicit_task_begin: parallel_id=281474976710837 thread_num=31 team_size=32
[OMPT] implicit_task_begin: parallel_id=281474976710837 thread_num=9 team_size=32
[OMPT] implicit_task_end: parallel_id=0 thread_num=24
[OMPT] implicit_task_end: parallel_id=0 thread_num=20
[OMPT] implicit_task_end: parallel_id=0 thread_num=17
[OMPT] implicit_task_end: parallel_id=0 thread_num=22
[OMPT] implicit_task_end: parallel_id=0 thread_num=19
[OMPT] implicit_task_begin: parallel_id=281474976710837 thread_num=16 team_size=32
[OMPT] implicit_task_begin: parallel_id=281474976710837 thread_num=13 team_size=32
[OMPT] implicit_task_begin: parallel_id=281474976710837 thread_num=19 team_size=32
[OMPT] implicit_task_end: parallel_id=0 thread_num=30
[OMPT] implicit_task_begin: parallel_id=281474976710837 thread_num=22 team_size=32
[OMPT] implicit_task_begin: parallel_id=281474976710837 thread_num=30 team_size=32
[OMPT] implicit_task_begin: parallel_id=281474976710837 thread_num=8 team_size=32
[OMPT] implicit_task_begin: parallel_id=281474976710837 thread_num=28 team_size=32
[OMPT] implicit_task_begin: parallel_id=281474976710837 thread_num=0 team_size=32
[OMPT] implicit_task_begin: parallel_id=281474976710837 thread_num=11 team_size=32
[OMPT] implicit_task_begin: parallel_id=281474976710837 thread_num=5 team_size=32
[OMPT] implicit_task_end: parallel_id=0 thread_num=27
[OMPT] implicit_task_begin: parallel_id=281474976710837 thread_num=27 team_size=32
[OMPT] implicit_task_end: parallel_id=0 thread_num=26
[OMPT] implicit_task_end: parallel_id=0 thread_num=23
[OMPT] implicit_task_begin: parallel_id=281474976710837 thread_num=26 team_size=32
[OMPT] implicit_task_end: parallel_id=0 thread_num=21
[OMPT] implicit_task_begin: parallel_id=281474976710837 thread_num=24 team_size=32
[OMPT] implicit_task_begin: parallel_id=281474976710837 thread_num=23 team_size=32
[OMPT] implicit_task_begin: parallel_id=281474976710837 thread_num=21 team_size=32
[OMPT] implicit_task_end: parallel_id=0 thread_num=29
[OMPT] implicit_task_begin: parallel_id=281474976710837 thread_num=17 team_size=32
[OMPT] implicit_task_end: parallel_id=0 thread_num=25
[OMPT] implicit_task_end: parallel_id=0 thread_num=10
[OMPT] implicit_task_begin: parallel_id=281474976710837 thread_num=25 team_size=32
[OMPT] implicit_task_begin: parallel_id=281474976710837 thread_num=10 team_size=32
[OMPT] implicit_task_begin: parallel_id=281474976710837 thread_num=29 team_size=32
[OMPT] implicit_task_begin: parallel_id=281474976710837 thread_num=20 team_size=32
[OMPT][WIN100ms] ompt_id=281474976710657 tid=1054906 tipo=ompt_thread_initial    cpu=150 numa=0  d_rm= 1973606  d_instr= 368563501  d_cyc= 548390821  d_all=16691475  IPC=0.672  ratio_rm=0.1182
[OMPT][WIN100ms] ompt_id=562949953421313 tid=1054928 tipo=ompt_thread_worker     cpu=159 numa=0  d_rm= 1932470  d_instr= 380493358  d_cyc= 549121393  d_all=16563548  IPC=0.693  ratio_rm=0.1167
[OMPT][WIN100ms] ompt_id=844424930131969 tid=1054929 tipo=ompt_thread_worker     cpu= 66 numa=1  d_rm= 2116859  d_instr= 312646380  d_cyc= 556280325  d_all=16701458  IPC=0.562  ratio_rm=0.1267
[SCHED][LEAKY] tid=1054929 ratio=0.1267 T=0.1223 bucket=0.0429 > cap=0.0400 -> PENDIENTE (mig=0)
[OMPT][WIN100ms] ompt_id=1125899906842625 tid=1054930 tipo=ompt_thread_worker     cpu=  8 numa=0  d_rm= 1916148  d_instr= 381440009  d_cyc= 548685892  d_all=17045843  IPC=0.695  ratio_rm=0.1124
[OMPT][WIN100ms] ompt_id=1407374883553281 tid=1054931 tipo=ompt_thread_worker     cpu=121 numa=1  d_rm= 2049616  d_instr= 371906838  d_cyc= 549446513  d_all=16958726  IPC=0.677  ratio_rm=0.1209
[OMPT][WIN100ms] ompt_id=1688849860263937 tid=1054932 tipo=ompt_thread_worker     cpu=208 numa=1  d_rm= 1991177  d_instr= 378325481  d_cyc= 544597283  d_all=16699037  IPC=0.695  ratio_rm=0.1192
[OMPT][WIN100ms] ompt_id=1970324836974593 tid=1054933 tipo=ompt_thread_worker     cpu= 87 numa=1  d_rm= 1977164  d_instr= 384002671  d_cyc= 545780837  d_all=16876164  IPC=0.704  ratio_rm=0.1172
[OMPT][WIN100ms] ompt_id=2251799813685249 tid=1054935 tipo=ompt_thread_worker     cpu= 97 numa=1  d_rm= 1965151  d_instr= 377178746  d_cyc= 545967936  d_all=16796126  IPC=0.691  ratio_rm=0.1170
[OMPT][WIN100ms] ompt_id=2533274790395905 tid=1054934 tipo=ompt_thread_worker     cpu=139 numa=0  d_rm= 1968049  d_instr= 383766976  d_cyc= 549477284  d_all=17095178  IPC=0.698  ratio_rm=0.1151
[OMPT] implicit_task_end: parallel_id=0 thread_num=0
[OMPT] parallel_end: parallel_id=281474976710837
[OMPT] parallel_begin: parallel_id=281474976710839 team_size=32
[OMPT] implicit_task_end: parallel_id=0 thread_num=16
[OMPT] implicit_task_end: parallel_id=0 thread_num=4
[OMPT] implicit_task_end: parallel_id=0 thread_num=17
[OMPT] implicit_task_end: parallel_id=0 thread_num=20
[OMPT] implicit_task_end: parallel_id=0 thread_num=8
[OMPT] implicit_task_end: parallel_id=0 thread_num=23
[OMPT] implicit_task_end: parallel_id=0 thread_num=10
[OMPT] implicit_task_end: parallel_id=0 thread_num=1
[OMPT] implicit_task_end: parallel_id=0 thread_num=7
[OMPT] implicit_task_end: parallel_id=0 thread_num=5
[OMPT] implicit_task_end: parallel_id=0 thread_num=18
[OMPT] implicit_task_end: parallel_id=0 thread_num=28
[OMPT] implicit_task_end: parallel_id=0 thread_num=29
[OMPT] implicit_task_end: parallel_id=0 thread_num=19
[OMPT] implicit_task_end: parallel_id=0 thread_num=12
[OMPT] implicit_task_end: parallel_id=0 thread_num=22
[OMPT] implicit_task_end: parallel_id=0 thread_num=21
[OMPT] implicit_task_end: parallel_id=0 thread_num=2
[OMPT] implicit_task_end: parallel_id=0 thread_num=11
[OMPT] implicit_task_end: parallel_id=0 thread_num=9
[OMPT] implicit_task_end: parallel_id=0 thread_num=3
[OMPT] implicit_task_end: parallel_id=0 thread_num=6
[OMPT] implicit_task_end: parallel_id=0 thread_num=30
[OMPT] implicit_task_end: parallel_id=0 thread_num=31
[OMPT] implicit_task_end: parallel_id=0 thread_num=24
[OMPT] implicit_task_end: parallel_id=0 thread_num=26
[OMPT] implicit_task_end: parallel_id=0 thread_num=14
[OMPT][WIN100ms] ompt_id=2814749767106561 tid=1054937 tipo=ompt_thread_worker     cpu=113 numa=1  d_rm= 1919840  d_instr= 370438120  d_cyc= 547201194  d_all=16416972  IPC=0.677  ratio_rm=0.1169
[OMPT] implicit_task_end: parallel_id=0 thread_num=27
[OMPT] implicit_task_end: parallel_id=0 thread_num=25
[OMPT] implicit_task_end: parallel_id=0 thread_num=13
[OMPT] implicit_task_end: parallel_id=0 thread_num=15
[OMPT][WIN100ms] ompt_id=3096224743817217 tid=1054936 tipo=ompt_thread_worker     cpu=  2 numa=0  d_rm= 1930075  d_instr= 375144448  d_cyc= 548385434  d_all=16594660  IPC=0.684  ratio_rm=0.1163
[OMPT][WIN100ms] ompt_id=3377699720527873 tid=1054938 tipo=ompt_thread_worker     cpu=231 numa=1  d_rm= 1989289  d_instr= 373557419  d_cyc= 548041509  d_all=16605425  IPC=0.682  ratio_rm=0.1198
[OMPT][WIN100ms] ompt_id=3940649673949185 tid=1054940 tipo=ompt_thread_worker     cpu= 45 numa=0  d_rm= 1902182  d_instr= 366640453  d_cyc= 547149735  d_all=16185496  IPC=0.670  ratio_rm=0.1175
[OMPT][WIN100ms] ompt_id=3659174697238529 tid=1054939 tipo=ompt_thread_worker     cpu= 56 numa=0  d_rm= 1918139  d_instr= 375729819  d_cyc= 547143444  d_all=16372343  IPC=0.687  ratio_rm=0.1172
[OMPT][WIN100ms] ompt_id=4222124650659841 tid=1054942 tipo=ompt_thread_worker     cpu=191 numa=0  d_rm= 1929341  d_instr= 377259780  d_cyc= 547996670  d_all=16615714  IPC=0.688  ratio_rm=0.1161
[OMPT][WIN100ms] ompt_id=4503599627370497 tid=1054941 tipo=ompt_thread_worker     cpu= 64 numa=1  d_rm= 2008190  d_instr= 305191228  d_cyc= 557026026  d_all=16321983  IPC=0.548  ratio_rm=0.1230
[OMPT][WIN100ms] ompt_id=4785074604081153 tid=1054944 tipo=ompt_thread_worker     cpu= 21 numa=0  d_rm= 2003566  d_instr= 369436904  d_cyc= 549809461  d_all=16712596  IPC=0.672  ratio_rm=0.1199
[OMPT][WIN100ms] ompt_id=5066549580791809 tid=1054943 tipo=ompt_thread_worker     cpu=120 numa=1  d_rm= 1943767  d_instr= 367402865  d_cyc= 549168596  d_all=16712465  IPC=0.669  ratio_rm=0.1163
[OMPT][WIN100ms] ompt_id=5348024557502465 tid=1054945 tipo=ompt_thread_worker     cpu=  1 numa=0  d_rm= 1943682  d_instr= 371868593  d_cyc= 548466153  d_all=16317412  IPC=0.678  ratio_rm=0.1191
[OMPT][WIN100ms] ompt_id=5629499534213121 tid=1054946 tipo=ompt_thread_worker     cpu= 89 numa=1  d_rm= 1926078  d_instr= 369849223  d_cyc= 547535965  d_all=16412851  IPC=0.675  ratio_rm=0.1174
[OMPT][WIN100ms] ompt_id=5910974510923777 tid=1054947 tipo=ompt_thread_worker     cpu= 88 numa=1  d_rm= 1914105  d_instr= 376890012  d_cyc= 545761475  d_all=16474383  IPC=0.691  ratio_rm=0.1162
[OMPT][WIN100ms] ompt_id=6192449487634433 tid=1054948 tipo=ompt_thread_worker     cpu= 37 numa=0  d_rm= 1915447  d_instr= 374898187  d_cyc= 545502945  d_all=16356448  IPC=0.687  ratio_rm=0.1171
[OMPT][WIN100ms] ompt_id=6473924464345089 tid=1054949 tipo=ompt_thread_worker     cpu= 65 numa=1  d_rm= 2075430  d_instr= 308821732  d_cyc= 554800145  d_all=16336684  IPC=0.557  ratio_rm=0.1270
[SCHED][LEAKY] tid=1054949 ratio=0.1270 T=0.1227 bucket=0.0440 > cap=0.0400 -> PENDIENTE (mig=0)
[OMPT][WIN100ms] ompt_id=6755399441055745 tid=1054950 tipo=ompt_thread_worker     cpu=237 numa=1  d_rm= 1973130  d_instr= 374833786  d_cyc= 545294797  d_all=16409325  IPC=0.687  ratio_rm=0.1202
[OMPT][WIN100ms] ompt_id=7036874417766401 tid=1054951 tipo=ompt_thread_worker     cpu=104 numa=1  d_rm= 1983212  d_instr= 383010344  d_cyc= 543690848  d_all=16441990  IPC=0.704  ratio_rm=0.1206
[OMPT][WIN100ms] ompt_id=7318349394477057 tid=1054952 tipo=ompt_thread_worker     cpu= 48 numa=0  d_rm= 1578873  d_instr= 400572024  d_cyc= 541272792  d_all=16350180  IPC=0.740  ratio_rm=0.0966
[OMPT][WIN100ms] ompt_id=7599824371187713 tid=1054953 tipo=ompt_thread_worker     cpu= 38 numa=0  d_rm= 1907519  d_instr= 375663488  d_cyc= 544103362  d_all=16502356  IPC=0.690  ratio_rm=0.1156
[OMPT][WIN100ms] ompt_id=7881299347898369 tid=1054954 tipo=ompt_thread_worker     cpu= 46 numa=0  d_rm= 1899137  d_instr= 371691874  d_cyc= 546098729  d_all=16707647  IPC=0.681  ratio_rm=0.1137
[OMPT][WIN100ms] ompt_id=8162774324609025 tid=1054955 tipo=ompt_thread_worker     cpu= 72 numa=1  d_rm= 1956552  d_instr= 375956366  d_cyc= 542082600  d_all=16543741  IPC=0.694  ratio_rm=0.1183
[OMPT][WIN100ms] ompt_id=8444249301319681 tid=1054956 tipo=ompt_thread_worker     cpu=112 numa=1  d_rm= 1929512  d_instr= 367415993  d_cyc= 544026988  d_all=16501692  IPC=0.675  ratio_rm=0.1169
[OMPT][WIN100ms] ompt_id=8725724278030337 tid=1054957 tipo=ompt_thread_worker     cpu= 25 numa=0  d_rm= 1906858  d_instr= 377696678  d_cyc= 542507569  d_all=16407882  IPC=0.696  ratio_rm=0.1162
[OMPT][WIN100ms] ompt_id=9007199254740993 tid=1054958 tipo=ompt_thread_worker     cpu= 73 numa=1  d_rm= 1934613  d_instr= 377484990  d_cyc= 541605510  d_all=16564727  IPC=0.697  ratio_rm=0.1168
[OMPT] implicit_task_begin: parallel_id=281474976710839 thread_num=15 team_size=32
[OMPT] implicit_task_begin: parallel_id=281474976710839 thread_num=7 team_size=32
[OMPT] implicit_task_begin: parallel_id=281474976710839 thread_num=3 team_size=32
[OMPT] implicit_task_begin: parallel_id=281474976710839 thread_num=1 team_size=32
[OMPT] implicit_task_begin: parallel_id=281474976710839 thread_num=30 team_size=32
[OMPT] implicit_task_begin: parallel_id=281474976710839 thread_num=14 team_size=32
[OMPT] implicit_task_begin: parallel_id=281474976710839 thread_num=16 team_size=32
[OMPT] implicit_task_begin: parallel_id=281474976710839 thread_num=4 team_size=32
[SCHED] MIGRACIÓN tid=1054949 ompt_id=6473924464345089  nodo 1 → nodo 0  (total migraciones: 1)
[OMPT] implicit_task_begin: parallel_id=281474976710839 thread_num=31 team_size=32
[OMPT] implicit_task_begin: parallel_id=281474976710839 thread_num=28 team_size=32
[OMPT] implicit_task_begin: parallel_id=281474976710839 thread_num=12 team_size=32
[SCHED] MIGRACIÓN tid=1054929 ompt_id=844424930131969  nodo 1 → nodo 0  (total migraciones: 1)
[OMPT] implicit_task_begin: parallel_id=281474976710839 thread_num=2 team_size=32
[OMPT] implicit_task_begin: parallel_id=281474976710839 thread_num=10 team_size=32
[OMPT] implicit_task_begin: parallel_id=281474976710839 thread_num=29 team_size=32
[OMPT] implicit_task_begin: parallel_id=281474976710839 thread_num=22 team_size=32
[OMPT] implicit_task_begin: parallel_id=281474976710839 thread_num=19 team_size=32
[OMPT] implicit_task_begin: parallel_id=281474976710839 thread_num=20 team_size=32
[OMPT] implicit_task_begin: parallel_id=281474976710839 thread_num=6 team_size=32
[OMPT] implicit_task_begin: parallel_id=281474976710839 thread_num=5 team_size=32
[OMPT] implicit_task_begin: parallel_id=281474976710839 thread_num=0 team_size=32
[OMPT] implicit_task_begin: parallel_id=281474976710839 thread_num=17 team_size=32
[OMPT] implicit_task_begin: parallel_id=281474976710839 thread_num=18 team_size=32
[OMPT] implicit_task_begin: parallel_id=281474976710839 thread_num=27 team_size=32
[OMPT] implicit_task_begin: parallel_id=281474976710839 thread_num=13 team_size=32
[OMPT] implicit_task_begin: parallel_id=281474976710839 thread_num=9 team_size=32
[OMPT] implicit_task_begin: parallel_id=281474976710839 thread_num=11 team_size=32
[OMPT] implicit_task_begin: parallel_id=281474976710839 thread_num=8 team_size=32
[OMPT] implicit_task_begin: parallel_id=281474976710839 thread_num=23 team_size=32
[OMPT] implicit_task_begin: parallel_id=281474976710839 thread_num=24 team_size=32
[OMPT] implicit_task_begin: parallel_id=281474976710839 thread_num=25 team_size=32
[OMPT] implicit_task_begin: parallel_id=281474976710839 thread_num=26 team_size=32
[OMPT] implicit_task_begin: parallel_id=281474976710839 thread_num=21 team_size=32
[OMPT] implicit_task_end: parallel_id=0 thread_num=0
[OMPT] parallel_end: parallel_id=281474976710839
[OMPT] parallel_begin: parallel_id=281474976710841 team_size=32
[OMPT] implicit_task_end: parallel_id=0 thread_num=12
[OMPT] implicit_task_end: parallel_id=0 thread_num=2
[OMPT] implicit_task_end: parallel_id=0 thread_num=13
[OMPT] implicit_task_end: parallel_id=0 thread_num=8
[OMPT] implicit_task_end: parallel_id=0 thread_num=16
[OMPT] implicit_task_end: parallel_id=0 thread_num=4
[OMPT] implicit_task_begin: parallel_id=281474976710841 thread_num=2 team_size=32
[OMPT] implicit_task_end: parallel_id=0 thread_num=24
[OMPT] implicit_task_begin: parallel_id=281474976710841 thread_num=4 team_size=32
[OMPT] implicit_task_end: parallel_id=0 thread_num=1
[OMPT] implicit_task_begin: parallel_id=281474976710841 thread_num=13 team_size=32
[OMPT] implicit_task_begin: parallel_id=281474976710841 thread_num=12 team_size=32
[OMPT] implicit_task_end: parallel_id=0 thread_num=11
[OMPT] implicit_task_end: parallel_id=0 thread_num=10
[OMPT] implicit_task_end: parallel_id=0 thread_num=28
[OMPT] implicit_task_end: parallel_id=0 thread_num=17
[OMPT] implicit_task_end: parallel_id=0 thread_num=30
[OMPT] implicit_task_end: parallel_id=0 thread_num=18
[OMPT] implicit_task_begin: parallel_id=281474976710841 thread_num=10 team_size=32
[OMPT] implicit_task_end: parallel_id=0 thread_num=3
[OMPT] implicit_task_begin: parallel_id=281474976710841 thread_num=28 team_size=32
[OMPT] implicit_task_begin: parallel_id=281474976710841 thread_num=30 team_size=32
[OMPT] implicit_task_end: parallel_id=0 thread_num=6
[OMPT] implicit_task_end: parallel_id=0 thread_num=19
[OMPT] implicit_task_end: parallel_id=0 thread_num=15
[OMPT] implicit_task_begin: parallel_id=281474976710841 thread_num=6 team_size=32
[OMPT] implicit_task_begin: parallel_id=281474976710841 thread_num=16 team_size=32
[OMPT] implicit_task_begin: parallel_id=281474976710841 thread_num=19 team_size=32
[OMPT] implicit_task_end: parallel_id=0 thread_num=27
[OMPT] implicit_task_begin: parallel_id=281474976710841 thread_num=27 team_size=32
[OMPT] implicit_task_end: parallel_id=0 thread_num=25
[OMPT] implicit_task_begin: parallel_id=281474976710841 thread_num=25 team_size=32
[OMPT] implicit_task_end: parallel_id=0 thread_num=26
[OMPT] implicit_task_begin: parallel_id=281474976710841 thread_num=26 team_size=32
[OMPT] implicit_task_end: parallel_id=0 thread_num=14
[OMPT] implicit_task_begin: parallel_id=281474976710841 thread_num=14 team_size=32
[OMPT] implicit_task_end: parallel_id=0 thread_num=9
[OMPT] implicit_task_begin: parallel_id=281474976710841 thread_num=9 team_size=32
[OMPT] implicit_task_begin: parallel_id=281474976710841 thread_num=24 team_size=32
[OMPT] implicit_task_begin: parallel_id=281474976710841 thread_num=1 team_size=32
[OMPT] implicit_task_end: parallel_id=0 thread_num=29
[OMPT] implicit_task_begin: parallel_id=281474976710841 thread_num=29 team_size=32
[OMPT] implicit_task_begin: parallel_id=281474976710841 thread_num=11 team_size=32
[OMPT] implicit_task_end: parallel_id=0 thread_num=7
[OMPT] implicit_task_begin: parallel_id=281474976710841 thread_num=7 team_size=32
[OMPT] implicit_task_begin: parallel_id=281474976710841 thread_num=17 team_size=32
[OMPT] implicit_task_begin: parallel_id=281474976710841 thread_num=18 team_size=32
[OMPT] implicit_task_begin: parallel_id=281474976710841 thread_num=3 team_size=32
[OMPT] implicit_task_end: parallel_id=0 thread_num=5
[OMPT] implicit_task_begin: parallel_id=281474976710841 thread_num=8 team_size=32
[OMPT] implicit_task_end: parallel_id=0 thread_num=20
[OMPT] implicit_task_end: parallel_id=0 thread_num=21
[OMPT] implicit_task_begin: parallel_id=281474976710841 thread_num=0 team_size=32
[OMPT] implicit_task_begin: parallel_id=281474976710841 thread_num=15 team_size=32
[OMPT] implicit_task_begin: parallel_id=281474976710841 thread_num=20 team_size=32
[OMPT] implicit_task_begin: parallel_id=281474976710841 thread_num=5 team_size=32
[OMPT] implicit_task_end: parallel_id=0 thread_num=23
[OMPT] implicit_task_end: parallel_id=0 thread_num=22
[OMPT] implicit_task_begin: parallel_id=281474976710841 thread_num=23 team_size=32
[OMPT] implicit_task_begin: parallel_id=281474976710841 thread_num=22 team_size=32
[OMPT] implicit_task_begin: parallel_id=281474976710841 thread_num=21 team_size=32
[OMPT] implicit_task_end: parallel_id=0 thread_num=31
[OMPT] implicit_task_begin: parallel_id=281474976710841 thread_num=31 team_size=32
[OMPT] implicit_task_end: parallel_id=0 thread_num=0
[OMPT] parallel_end: parallel_id=281474976710841
[OMPT] parallel_begin: parallel_id=281474976710843 team_size=32
[OMPT] implicit_task_end: parallel_id=0 thread_num=16
[OMPT] implicit_task_end: parallel_id=0 thread_num=1
[OMPT] implicit_task_end: parallel_id=0 thread_num=19
[OMPT] implicit_task_begin: parallel_id=281474976710843 thread_num=1 team_size=32
[OMPT] implicit_task_end: parallel_id=0 thread_num=12
[OMPT] implicit_task_end: parallel_id=0 thread_num=8
[OMPT] implicit_task_end: parallel_id=0 thread_num=11
[OMPT] implicit_task_end: parallel_id=0 thread_num=3
[OMPT] implicit_task_end: parallel_id=0 thread_num=13
[OMPT] implicit_task_begin: parallel_id=281474976710843 thread_num=11 team_size=32
[OMPT] implicit_task_begin: parallel_id=281474976710843 thread_num=12 team_size=32
[OMPT] implicit_task_begin: parallel_id=281474976710843 thread_num=13 team_size=32
[OMPT] implicit_task_end: parallel_id=0 thread_num=20
[OMPT] implicit_task_end: parallel_id=0 thread_num=23
[OMPT] implicit_task_end: parallel_id=0 thread_num=24
[OMPT] implicit_task_end: parallel_id=0 thread_num=27
[OMPT] implicit_task_end: parallel_id=0 thread_num=4
[OMPT] implicit_task_begin: parallel_id=281474976710843 thread_num=16 team_size=32
[OMPT] implicit_task_end: parallel_id=0 thread_num=5
[OMPT] implicit_task_end: parallel_id=0 thread_num=9
[OMPT] implicit_task_end: parallel_id=0 thread_num=14
[OMPT] implicit_task_begin: parallel_id=281474976710843 thread_num=23 team_size=32
[OMPT] implicit_task_begin: parallel_id=281474976710843 thread_num=19 team_size=32
[OMPT] implicit_task_begin: parallel_id=281474976710843 thread_num=9 team_size=32
[OMPT] implicit_task_begin: parallel_id=281474976710843 thread_num=8 team_size=32
[OMPT] implicit_task_begin: parallel_id=281474976710843 thread_num=0 team_size=32
[OMPT] implicit_task_begin: parallel_id=281474976710843 thread_num=3 team_size=32
[OMPT] implicit_task_end: parallel_id=0 thread_num=28
[OMPT] implicit_task_end: parallel_id=0 thread_num=31
[OMPT] implicit_task_begin: parallel_id=281474976710843 thread_num=28 team_size=32
[OMPT] implicit_task_begin: parallel_id=281474976710843 thread_num=31 team_size=32
[OMPT] implicit_task_end: parallel_id=0 thread_num=21
[OMPT] implicit_task_begin: parallel_id=281474976710843 thread_num=20 team_size=32
[OMPT] implicit_task_begin: parallel_id=281474976710843 thread_num=21 team_size=32
[OMPT] implicit_task_end: parallel_id=0 thread_num=25
[OMPT] implicit_task_end: parallel_id=0 thread_num=6
[OMPT] implicit_task_end: parallel_id=0 thread_num=7
[OMPT] implicit_task_end: parallel_id=0 thread_num=15
[OMPT] implicit_task_begin: parallel_id=281474976710843 thread_num=6 team_size=32
[OMPT] implicit_task_end: parallel_id=0 thread_num=10
[OMPT] implicit_task_begin: parallel_id=281474976710843 thread_num=24 team_size=32
[OMPT] implicit_task_begin: parallel_id=281474976710843 thread_num=4 team_size=32
[OMPT] implicit_task_begin: parallel_id=281474976710843 thread_num=10 team_size=32
[OMPT] implicit_task_begin: parallel_id=281474976710843 thread_num=5 team_size=32
[OMPT] implicit_task_end: parallel_id=0 thread_num=18
[OMPT] implicit_task_begin: parallel_id=281474976710843 thread_num=18 team_size=32
[OMPT] implicit_task_begin: parallel_id=281474976710843 thread_num=27 team_size=32
[OMPT] implicit_task_end: parallel_id=0 thread_num=30
[OMPT] implicit_task_begin: parallel_id=281474976710843 thread_num=30 team_size=32
[OMPT] implicit_task_end: parallel_id=0 thread_num=29
[OMPT] implicit_task_begin: parallel_id=281474976710843 thread_num=29 team_size=32
[OMPT] implicit_task_end: parallel_id=0 thread_num=22
[OMPT] implicit_task_begin: parallel_id=281474976710843 thread_num=22 team_size=32
[OMPT] implicit_task_end: parallel_id=0 thread_num=26
[OMPT] implicit_task_begin: parallel_id=281474976710843 thread_num=26 team_size=32
[OMPT] implicit_task_begin: parallel_id=281474976710843 thread_num=25 team_size=32
[OMPT] implicit_task_begin: parallel_id=281474976710843 thread_num=7 team_size=32
[OMPT] implicit_task_begin: parallel_id=281474976710843 thread_num=15 team_size=32
[OMPT] implicit_task_end: parallel_id=0 thread_num=2
[OMPT] implicit_task_begin: parallel_id=281474976710843 thread_num=2 team_size=32
[OMPT] implicit_task_end: parallel_id=0 thread_num=17
[OMPT] implicit_task_begin: parallel_id=281474976710843 thread_num=17 team_size=32
[OMPT] implicit_task_begin: parallel_id=281474976710843 thread_num=14 team_size=32
[OMPT] implicit_task_end: parallel_id=0 thread_num=0
[OMPT] parallel_end: parallel_id=281474976710843
[OMPT] parallel_begin: parallel_id=281474976710845 team_size=32
[OMPT] implicit_task_end: parallel_id=0 thread_num=16
[OMPT] implicit_task_end: parallel_id=0 thread_num=2
[OMPT] implicit_task_end: parallel_id=0 thread_num=28
[OMPT] implicit_task_end: parallel_id=0 thread_num=4
[OMPT] implicit_task_begin: parallel_id=281474976710845 thread_num=16 team_size=32
[OMPT] implicit_task_end: parallel_id=0 thread_num=30
[OMPT] implicit_task_begin: parallel_id=281474976710845 thread_num=28 team_size=32
[OMPT] implicit_task_begin: parallel_id=281474976710845 thread_num=4 team_size=32
[OMPT] implicit_task_end: parallel_id=0 thread_num=3
[OMPT] implicit_task_begin: parallel_id=281474976710845 thread_num=0 team_size=32
[OMPT] implicit_task_begin: parallel_id=281474976710845 thread_num=30 team_size=32
[OMPT] implicit_task_begin: parallel_id=281474976710845 thread_num=3 team_size=32
[OMPT] implicit_task_end: parallel_id=0 thread_num=20
[OMPT] implicit_task_end: parallel_id=0 thread_num=23
[OMPT] implicit_task_begin: parallel_id=281474976710845 thread_num=20 team_size=32
[OMPT] implicit_task_end: parallel_id=0 thread_num=31
[OMPT] implicit_task_end: parallel_id=0 thread_num=29
[OMPT] implicit_task_begin: parallel_id=281474976710845 thread_num=31 team_size=32
[OMPT] implicit_task_end: parallel_id=0 thread_num=12
[OMPT] implicit_task_end: parallel_id=0 thread_num=15
[OMPT] implicit_task_end: parallel_id=0 thread_num=7
[OMPT] implicit_task_begin: parallel_id=281474976710845 thread_num=15 team_size=32
[OMPT] implicit_task_begin: parallel_id=281474976710845 thread_num=7 team_size=32
[OMPT] implicit_task_end: parallel_id=0 thread_num=6
[OMPT] implicit_task_end: parallel_id=0 thread_num=8
[OMPT] implicit_task_end: parallel_id=0 thread_num=1
[OMPT] implicit_task_end: parallel_id=0 thread_num=9
[OMPT] implicit_task_end: parallel_id=0 thread_num=17
[OMPT] implicit_task_end: parallel_id=0 thread_num=19
[OMPT] implicit_task_begin: parallel_id=281474976710845 thread_num=17 team_size=32
[OMPT] implicit_task_end: parallel_id=0 thread_num=21
[OMPT] implicit_task_end: parallel_id=0 thread_num=18
[OMPT] implicit_task_begin: parallel_id=281474976710845 thread_num=18 team_size=32
[OMPT] implicit_task_end: parallel_id=0 thread_num=24
[OMPT] implicit_task_end: parallel_id=0 thread_num=26
[OMPT] implicit_task_begin: parallel_id=281474976710845 thread_num=23 team_size=32
[OMPT] implicit_task_begin: parallel_id=281474976710845 thread_num=26 team_size=32
[OMPT] implicit_task_begin: parallel_id=281474976710845 thread_num=29 team_size=32
[OMPT] implicit_task_end: parallel_id=0 thread_num=14
[OMPT] implicit_task_end: parallel_id=0 thread_num=13
[OMPT] implicit_task_begin: parallel_id=281474976710845 thread_num=14 team_size=32
[OMPT] implicit_task_end: parallel_id=0 thread_num=5
[OMPT] implicit_task_begin: parallel_id=281474976710845 thread_num=5 team_size=32
[OMPT] implicit_task_end: parallel_id=0 thread_num=11
[OMPT] implicit_task_begin: parallel_id=281474976710845 thread_num=11 team_size=32
[OMPT] implicit_task_end: parallel_id=0 thread_num=10
[OMPT] implicit_task_begin: parallel_id=281474976710845 thread_num=6 team_size=32
[OMPT] implicit_task_begin: parallel_id=281474976710845 thread_num=10 team_size=32
[OMPT] implicit_task_begin: parallel_id=281474976710845 thread_num=2 team_size=32
[OMPT] implicit_task_begin: parallel_id=281474976710845 thread_num=1 team_size=32
[OMPT] implicit_task_begin: parallel_id=281474976710845 thread_num=8 team_size=32
[OMPT] implicit_task_begin: parallel_id=281474976710845 thread_num=9 team_size=32
[OMPT] implicit_task_end: parallel_id=0 thread_num=22
[OMPT] implicit_task_begin: parallel_id=281474976710845 thread_num=19 team_size=32
[OMPT] implicit_task_begin: parallel_id=281474976710845 thread_num=22 team_size=32
[OMPT] implicit_task_begin: parallel_id=281474976710845 thread_num=21 team_size=32
[OMPT] implicit_task_end: parallel_id=0 thread_num=25
[OMPT] implicit_task_begin: parallel_id=281474976710845 thread_num=24 team_size=32
[OMPT] implicit_task_begin: parallel_id=281474976710845 thread_num=12 team_size=32
[OMPT] implicit_task_begin: parallel_id=281474976710845 thread_num=13 team_size=32
[OMPT] implicit_task_end: parallel_id=0 thread_num=27
[OMPT][WIN100ms] ompt_id=281474976710657 tid=1054906 tipo=ompt_thread_initial    cpu=150 numa=0  d_rm= 1819886  d_instr= 366508354  d_cyc= 539191838  d_all=15675525  IPC=0.680  ratio_rm=0.1161
[OMPT][WIN100ms] ompt_id=562949953421313 tid=1054928 tipo=ompt_thread_worker     cpu=159 numa=0  d_rm= 1705744  d_instr= 888689774  d_cyc=1165192092  d_all=15049695  IPC=0.763  ratio_rm=0.1133
[OMPT][WIN100ms] ompt_id=1125899906842625 tid=1054930 tipo=ompt_thread_worker     cpu=  8 numa=0  d_rm= 1642772  d_instr= 878061121  d_cyc=1150640294  d_all=14786587  IPC=0.763  ratio_rm=0.1111
[OMPT][WIN100ms] ompt_id=1407374883553281 tid=1054931 tipo=ompt_thread_worker     cpu=121 numa=1  d_rm= 1724787  d_instr= 871012347  d_cyc=1149438636  d_all=14576556  IPC=0.758  ratio_rm=0.1183
[OMPT][WIN100ms] ompt_id=1688849860263937 tid=1054932 tipo=ompt_thread_worker     cpu=208 numa=1  d_rm= 1654202  d_instr= 867811766  d_cyc=1140925029  d_all=14061275  IPC=0.761  ratio_rm=0.1176
[OMPT][WIN100ms] ompt_id=1970324836974593 tid=1054933 tipo=ompt_thread_worker     cpu= 87 numa=1  d_rm= 1584076  d_instr= 865805988  d_cyc=1134713283  d_all=13611377  IPC=0.763  ratio_rm=0.1164
[OMPT][WIN100ms] ompt_id=2251799813685249 tid=1054935 tipo=ompt_thread_worker     cpu= 97 numa=1  d_rm= 1569230  d_instr= 870784657  d_cyc=1143439105  d_all=13441612  IPC=0.762  ratio_rm=0.1167
[OMPT][WIN100ms] ompt_id=2533274790395905 tid=1054934 tipo=ompt_thread_worker     cpu=139 numa=0  d_rm= 1587958  d_instr= 853140272  d_cyc=1122283111  d_all=13684449  IPC=0.760  ratio_rm=0.1160
[OMPT][WIN100ms] ompt_id=2814749767106561 tid=1054937 tipo=ompt_thread_worker     cpu=113 numa=1  d_rm= 1547419  d_instr= 843243592  d_cyc=1120643381  d_all=13138427  IPC=0.752  ratio_rm=0.1178
[OMPT][WIN100ms] ompt_id=3096224743817217 tid=1054936 tipo=ompt_thread_worker     cpu=  2 numa=0  d_rm= 1643228  d_instr= 804385474  d_cyc=1136877068  d_all=13299089  IPC=0.708  ratio_rm=0.1236
[OMPT][WIN100ms] ompt_id=3377699720527873 tid=1054938 tipo=ompt_thread_worker     cpu=231 numa=1  d_rm= 1605267  d_instr= 843996806  d_cyc=1107023118  d_all=13285165  IPC=0.762  ratio_rm=0.1208
[OMPT][WIN100ms] ompt_id=3940649673949185 tid=1054940 tipo=ompt_thread_worker     cpu= 45 numa=0  d_rm= 1527350  d_instr= 289657452  d_cyc= 425768484  d_all=12952458  IPC=0.680  ratio_rm=0.1179
[OMPT][WIN100ms] ompt_id=3659174697238529 tid=1054939 tipo=ompt_thread_worker     cpu= 56 numa=0  d_rm= 1541057  d_instr= 300356823  d_cyc= 424384392  d_all=13090392  IPC=0.708  ratio_rm=0.1177
[OMPT][WIN100ms] ompt_id=4222124650659841 tid=1054942 tipo=ompt_thread_worker     cpu=191 numa=0  d_rm= 1474838  d_instr= 842117524  d_cyc=1079960038  d_all=13291813  IPC=0.780  ratio_rm=0.1110
[OMPT][WIN100ms] ompt_id=4503599627370497 tid=1054941 tipo=ompt_thread_worker     cpu= 64 numa=1  d_rm= 1293839  d_instr= 858554711  d_cyc=1074498622  d_all=13069914  IPC=0.799  ratio_rm=0.0990
[OMPT][WIN100ms] ompt_id=4785074604081153 tid=1054944 tipo=ompt_thread_worker     cpu= 21 numa=0  d_rm= 1602195  d_instr= 837153502  d_cyc=1080377669  d_all=13399975  IPC=0.775  ratio_rm=0.1196
[OMPT][WIN100ms] ompt_id=5066549580791809 tid=1054943 tipo=ompt_thread_worker     cpu=120 numa=1  d_rm= 1554320  d_instr= 881547122  d_cyc=1124276724  d_all=13367817  IPC=0.784  ratio_rm=0.1163
[OMPT][WIN100ms] ompt_id=5348024557502465 tid=1054945 tipo=ompt_thread_worker     cpu=  1 numa=0  d_rm= 1648829  d_instr= 802078278  d_cyc=1089624378  d_all=13066393  IPC=0.736  ratio_rm=0.1262
[OMPT][WIN100ms] ompt_id=5629499534213121 tid=1054946 tipo=ompt_thread_worker     cpu= 89 numa=1  d_rm= 1566241  d_instr= 845262597  d_cyc=1062200215  d_all=13125721  IPC=0.796  ratio_rm=0.1193
[OMPT][WIN100ms] ompt_id=5910974510923777 tid=1054947 tipo=ompt_thread_worker     cpu= 88 numa=1  d_rm= 1566570  d_instr= 886676110  d_cyc=1102892721  d_all=13173392  IPC=0.804  ratio_rm=0.1189
[OMPT][WIN100ms] ompt_id=6192449487634433 tid=1054948 tipo=ompt_thread_worker     cpu= 37 numa=0  d_rm= 1525799  d_instr= 332478739  d_cyc= 422975922  d_all=13078152  IPC=0.786  ratio_rm=0.1167
[OMPT][WIN100ms] ompt_id=6755399441055745 tid=1054950 tipo=ompt_thread_worker     cpu=237 numa=1  d_rm= 1542301  d_instr= 840849158  d_cyc=1032019825  d_all=13193765  IPC=0.815  ratio_rm=0.1169
[OMPT][WIN100ms] ompt_id=7036874417766401 tid=1054951 tipo=ompt_thread_worker     cpu=104 numa=1  d_rm= 1630189  d_instr= 339288104  d_cyc= 414358730  d_all=13125013  IPC=0.819  ratio_rm=0.1242
[OMPT][WIN100ms] ompt_id=7318349394477057 tid=1054952 tipo=ompt_thread_worker     cpu= 48 numa=0  d_rm= 1107628  d_instr= 238837744  d_cyc= 423428530  d_all= 9958490  IPC=0.564  ratio_rm=0.1112
[OMPT][WIN100ms] ompt_id=7599824371187713 tid=1054953 tipo=ompt_thread_worker     cpu= 38 numa=0  d_rm= 1453564  d_instr= 842343853  d_cyc=1015548303  d_all=13199530  IPC=0.829  ratio_rm=0.1101
[OMPT][WIN100ms] ompt_id=7881299347898369 tid=1054954 tipo=ompt_thread_worker     cpu= 46 numa=0  d_rm= 1141582  d_instr= 239736876  d_cyc= 424259524  d_all=10187417  IPC=0.565  ratio_rm=0.1121
[OMPT][WIN100ms] ompt_id=8162774324609025 tid=1054955 tipo=ompt_thread_worker     cpu= 72 numa=1  d_rm= 1561272  d_instr= 847466038  d_cyc=1017843277  d_all=13211380  IPC=0.833  ratio_rm=0.1182
[OMPT][WIN100ms] ompt_id=8444249301319681 tid=1054956 tipo=ompt_thread_worker     cpu=112 numa=1  d_rm= 1544920  d_instr= 837822692  d_cyc=1012774665  d_all=13182043  IPC=0.827  ratio_rm=0.1172
[OMPT][WIN100ms] ompt_id=8725724278030337 tid=1054957 tipo=ompt_thread_worker     cpu= 25 numa=0  d_rm= 1529324  d_instr= 843923308  d_cyc=1004777719  d_all=13115972  IPC=0.840  ratio_rm=0.1166
[OMPT][WIN100ms] ompt_id=9007199254740993 tid=1054958 tipo=ompt_thread_worker     cpu= 73 numa=1  d_rm= 1540019  d_instr= 844741040  d_cyc= 998754596  d_all=13229918  IPC=0.846  ratio_rm=0.1164
[OMPT] implicit_task_begin: parallel_id=281474976710845 thread_num=25 team_size=32
[OMPT] implicit_task_begin: parallel_id=281474976710845 thread_num=27 team_size=32
[OMPT] implicit_task_end: parallel_id=0 thread_num=0
[OMPT] parallel_end: parallel_id=281474976710845
[OMPT] parallel_begin: parallel_id=281474976710847 team_size=32
[OMPT] implicit_task_end: parallel_id=0 thread_num=12
[OMPT] implicit_task_end: parallel_id=0 thread_num=13
[OMPT] implicit_task_end: parallel_id=0 thread_num=4
[OMPT] implicit_task_begin: parallel_id=281474976710847 thread_num=12 team_size=32
[OMPT] implicit_task_end: parallel_id=0 thread_num=15
[OMPT] implicit_task_end: parallel_id=0 thread_num=14
[OMPT] implicit_task_end: parallel_id=0 thread_num=7
[OMPT] implicit_task_end: parallel_id=0 thread_num=6
[OMPT] implicit_task_begin: parallel_id=281474976710847 thread_num=4 team_size=32
[OMPT] implicit_task_end: parallel_id=0 thread_num=3
[OMPT] implicit_task_end: parallel_id=0 thread_num=16
[OMPT] implicit_task_begin: parallel_id=281474976710847 thread_num=14 team_size=32
[OMPT] implicit_task_begin: parallel_id=281474976710847 thread_num=15 team_size=32
[OMPT] implicit_task_end: parallel_id=0 thread_num=24
[OMPT] implicit_task_begin: parallel_id=281474976710847 thread_num=13 team_size=32
[OMPT] implicit_task_end: parallel_id=0 thread_num=25
[OMPT] implicit_task_end: parallel_id=0 thread_num=1
[OMPT] implicit_task_end: parallel_id=0 thread_num=5
[OMPT] implicit_task_end: parallel_id=0 thread_num=26
[OMPT] implicit_task_begin: parallel_id=281474976710847 thread_num=5 team_size=32
[OMPT] implicit_task_end: parallel_id=0 thread_num=20
[OMPT] implicit_task_begin: parallel_id=281474976710847 thread_num=3 team_size=32
[OMPT] implicit_task_begin: parallel_id=281474976710847 thread_num=7 team_size=32
[OMPT] implicit_task_end: parallel_id=0 thread_num=21
[OMPT] implicit_task_begin: parallel_id=281474976710847 thread_num=1 team_size=32
[OMPT] implicit_task_begin: parallel_id=281474976710847 thread_num=0 team_size=32
[OMPT] implicit_task_end: parallel_id=0 thread_num=22
[OMPT] implicit_task_begin: parallel_id=281474976710847 thread_num=20 team_size=32
[OMPT] implicit_task_begin: parallel_id=281474976710847 thread_num=6 team_size=32
[OMPT] implicit_task_begin: parallel_id=281474976710847 thread_num=26 team_size=32
[OMPT] implicit_task_begin: parallel_id=281474976710847 thread_num=22 team_size=32
[OMPT] implicit_task_begin: parallel_id=281474976710847 thread_num=21 team_size=32
[OMPT] implicit_task_end: parallel_id=0 thread_num=28
[OMPT] implicit_task_end: parallel_id=0 thread_num=17
[OMPT] implicit_task_end: parallel_id=0 thread_num=18
[OMPT] implicit_task_end: parallel_id=0 thread_num=30
[OMPT] implicit_task_end: parallel_id=0 thread_num=2
[OMPT] implicit_task_begin: parallel_id=281474976710847 thread_num=17 team_size=32
[OMPT] implicit_task_begin: parallel_id=281474976710847 thread_num=30 team_size=32
[OMPT] implicit_task_end: parallel_id=0 thread_num=29
[OMPT] implicit_task_end: parallel_id=0 thread_num=8
[OMPT] implicit_task_begin: parallel_id=281474976710847 thread_num=16 team_size=32
[OMPT] implicit_task_begin: parallel_id=281474976710847 thread_num=29 team_size=32
[OMPT] implicit_task_begin: parallel_id=281474976710847 thread_num=25 team_size=32
[OMPT] implicit_task_end: parallel_id=0 thread_num=11
[OMPT] implicit_task_end: parallel_id=0 thread_num=10
[OMPT] implicit_task_end: parallel_id=0 thread_num=9
[OMPT] implicit_task_end: parallel_id=0 thread_num=23
[OMPT] implicit_task_end: parallel_id=0 thread_num=31
[OMPT] implicit_task_begin: parallel_id=281474976710847 thread_num=28 team_size=32
[OMPT] implicit_task_begin: parallel_id=281474976710847 thread_num=11 team_size=32
[OMPT] implicit_task_begin: parallel_id=281474976710847 thread_num=18 team_size=32
[OMPT] implicit_task_begin: parallel_id=281474976710847 thread_num=2 team_size=32
[OMPT] implicit_task_begin: parallel_id=281474976710847 thread_num=31 team_size=32
[OMPT] implicit_task_end: parallel_id=0 thread_num=27
[OMPT] implicit_task_end: parallel_id=0 thread_num=19
[OMPT] implicit_task_begin: parallel_id=281474976710847 thread_num=8 team_size=32
[OMPT] implicit_task_begin: parallel_id=281474976710847 thread_num=23 team_size=32
[OMPT] implicit_task_begin: parallel_id=281474976710847 thread_num=19 team_size=32
[OMPT] implicit_task_begin: parallel_id=281474976710847 thread_num=24 team_size=32
[OMPT] implicit_task_begin: parallel_id=281474976710847 thread_num=9 team_size=32
[OMPT] implicit_task_begin: parallel_id=281474976710847 thread_num=27 team_size=32
[OMPT] implicit_task_begin: parallel_id=281474976710847 thread_num=10 team_size=32
[OMPT] implicit_task_end: parallel_id=0 thread_num=0
[OMPT] parallel_end: parallel_id=281474976710847
[OMPT] parallel_begin: parallel_id=281474976710849 team_size=32
[OMPT] implicit_task_end: parallel_id=0 thread_num=16
[OMPT] implicit_task_end: parallel_id=0 thread_num=1
[OMPT] implicit_task_end: parallel_id=0 thread_num=28
[OMPT] implicit_task_end: parallel_id=0 thread_num=24
[OMPT] implicit_task_begin: parallel_id=281474976710849 thread_num=1 team_size=32
[OMPT] implicit_task_begin: parallel_id=281474976710849 thread_num=28 team_size=32
[OMPT] implicit_task_end: parallel_id=0 thread_num=27
[OMPT] implicit_task_end: parallel_id=0 thread_num=4
[OMPT] implicit_task_begin: parallel_id=281474976710849 thread_num=0 team_size=32
[OMPT] implicit_task_end: parallel_id=0 thread_num=6
[OMPT] implicit_task_end: parallel_id=0 thread_num=19
[OMPT] implicit_task_end: parallel_id=0 thread_num=18
[OMPT] implicit_task_begin: parallel_id=281474976710849 thread_num=6 team_size=32
[OMPT] implicit_task_end: parallel_id=0 thread_num=31
[OMPT] implicit_task_end: parallel_id=0 thread_num=30
[OMPT] implicit_task_begin: parallel_id=281474976710849 thread_num=19 team_size=32
[OMPT] implicit_task_begin: parallel_id=281474976710849 thread_num=31 team_size=32
[OMPT] implicit_task_end: parallel_id=0 thread_num=29
[OMPT] implicit_task_begin: parallel_id=281474976710849 thread_num=27 team_size=32
[OMPT] implicit_task_begin: parallel_id=281474976710849 thread_num=30 team_size=32
[OMPT] implicit_task_begin: parallel_id=281474976710849 thread_num=16 team_size=32
[OMPT] implicit_task_begin: parallel_id=281474976710849 thread_num=18 team_size=32
[OMPT] implicit_task_end: parallel_id=0 thread_num=3
[OMPT] implicit_task_begin: parallel_id=281474976710849 thread_num=3 team_size=32
[OMPT] implicit_task_end: parallel_id=0 thread_num=12
[OMPT] implicit_task_end: parallel_id=0 thread_num=15
[OMPT] implicit_task_end: parallel_id=0 thread_num=14
[OMPT] implicit_task_end: parallel_id=0 thread_num=2
[OMPT] implicit_task_end: parallel_id=0 thread_num=17
[OMPT] implicit_task_begin: parallel_id=281474976710849 thread_num=14 team_size=32
[OMPT] implicit_task_begin: parallel_id=281474976710849 thread_num=2 team_size=32
[OMPT] implicit_task_end: parallel_id=0 thread_num=7
[OMPT] implicit_task_begin: parallel_id=281474976710849 thread_num=7 team_size=32
[OMPT] implicit_task_end: parallel_id=0 thread_num=5
[OMPT] implicit_task_begin: parallel_id=281474976710849 thread_num=5 team_size=32
[OMPT] implicit_task_begin: parallel_id=281474976710849 thread_num=24 team_size=32
[OMPT] implicit_task_begin: parallel_id=281474976710849 thread_num=4 team_size=32
[OMPT] implicit_task_end: parallel_id=0 thread_num=8
[OMPT] implicit_task_begin: parallel_id=281474976710849 thread_num=29 team_size=32
[OMPT] implicit_task_end: parallel_id=0 thread_num=9
[OMPT] implicit_task_begin: parallel_id=281474976710849 thread_num=8 team_size=32
[OMPT] implicit_task_end: parallel_id=0 thread_num=13
[OMPT] implicit_task_begin: parallel_id=281474976710849 thread_num=15 team_size=32
[OMPT] implicit_task_begin: parallel_id=281474976710849 thread_num=13 team_size=32
[OMPT] implicit_task_begin: parallel_id=281474976710849 thread_num=17 team_size=32
[OMPT] implicit_task_end: parallel_id=0 thread_num=20
[OMPT] implicit_task_end: parallel_id=0 thread_num=23
[OMPT] implicit_task_begin: parallel_id=281474976710849 thread_num=20 team_size=32
[OMPT] implicit_task_begin: parallel_id=281474976710849 thread_num=12 team_size=32
[OMPT] implicit_task_begin: parallel_id=281474976710849 thread_num=9 team_size=32
[OMPT] implicit_task_end: parallel_id=0 thread_num=25
[OMPT] implicit_task_end: parallel_id=0 thread_num=26
[OMPT] implicit_task_begin: parallel_id=281474976710849 thread_num=25 team_size=32
[OMPT] implicit_task_end: parallel_id=0 thread_num=21
[OMPT] implicit_task_begin: parallel_id=281474976710849 thread_num=26 team_size=32
[OMPT] implicit_task_end: parallel_id=0 thread_num=22
[OMPT] implicit_task_end: parallel_id=0 thread_num=10
[OMPT] implicit_task_begin: parallel_id=281474976710849 thread_num=22 team_size=32
[OMPT] implicit_task_begin: parallel_id=281474976710849 thread_num=10 team_size=32
[OMPT] implicit_task_begin: parallel_id=281474976710849 thread_num=21 team_size=32
[OMPT] implicit_task_end: parallel_id=0 thread_num=11
[OMPT] implicit_task_begin: parallel_id=281474976710849 thread_num=23 team_size=32
[OMPT] implicit_task_begin: parallel_id=281474976710849 thread_num=11 team_size=32
[OMPT] implicit_task_end: parallel_id=0 thread_num=0
[OMPT] parallel_end: parallel_id=281474976710849
[OMPT] parallel_begin: parallel_id=281474976710851 team_size=32
[OMPT] implicit_task_end: parallel_id=0 thread_num=12
[OMPT] implicit_task_end: parallel_id=0 thread_num=8
[OMPT] implicit_task_end: parallel_id=0 thread_num=15
[OMPT] implicit_task_end: parallel_id=0 thread_num=10
[OMPT] implicit_task_end: parallel_id=0 thread_num=3
[OMPT] implicit_task_end: parallel_id=0 thread_num=4
[OMPT] implicit_task_end: parallel_id=0 thread_num=1
[OMPT] implicit_task_begin: parallel_id=281474976710851 thread_num=0 team_size=32
[OMPT] implicit_task_begin: parallel_id=281474976710851 thread_num=15 team_size=32
[OMPT] implicit_task_end: parallel_id=0 thread_num=13
[OMPT] implicit_task_begin: parallel_id=281474976710851 thread_num=3 team_size=32
[OMPT] implicit_task_begin: parallel_id=281474976710851 thread_num=1 team_size=32
[OMPT] implicit_task_end: parallel_id=0 thread_num=11
[OMPT] implicit_task_begin: parallel_id=281474976710851 thread_num=11 team_size=32
[OMPT] implicit_task_end: parallel_id=0 thread_num=9
[OMPT] implicit_task_begin: parallel_id=281474976710851 thread_num=9 team_size=32
[OMPT] implicit_task_end: parallel_id=0 thread_num=16
[OMPT] implicit_task_end: parallel_id=0 thread_num=28
[OMPT] implicit_task_begin: parallel_id=281474976710851 thread_num=16 team_size=32
[OMPT] implicit_task_end: parallel_id=0 thread_num=31
[OMPT] implicit_task_begin: parallel_id=281474976710851 thread_num=12 team_size=32
[OMPT] implicit_task_end: parallel_id=0 thread_num=2
[OMPT] implicit_task_begin: parallel_id=281474976710851 thread_num=8 team_size=32
[OMPT] implicit_task_end: parallel_id=0 thread_num=7
[OMPT] implicit_task_begin: parallel_id=281474976710851 thread_num=2 team_size=32
[OMPT] implicit_task_end: parallel_id=0 thread_num=6
[OMPT] implicit_task_begin: parallel_id=281474976710851 thread_num=13 team_size=32
[OMPT] implicit_task_end: parallel_id=0 thread_num=17
[OMPT] implicit_task_end: parallel_id=0 thread_num=18
[OMPT] implicit_task_begin: parallel_id=281474976710851 thread_num=6 team_size=32
[OMPT] implicit_task_begin: parallel_id=281474976710851 thread_num=17 team_size=32
[OMPT] implicit_task_end: parallel_id=0 thread_num=20
[OMPT] implicit_task_end: parallel_id=0 thread_num=23
[OMPT] implicit_task_end: parallel_id=0 thread_num=29
[OMPT] implicit_task_begin: parallel_id=281474976710851 thread_num=20 team_size=32
[OMPT] implicit_task_begin: parallel_id=281474976710851 thread_num=28 team_size=32
[OMPT] implicit_task_begin: parallel_id=281474976710851 thread_num=29 team_size=32
[OMPT] implicit_task_begin: parallel_id=281474976710851 thread_num=31 team_size=32
[OMPT] implicit_task_end: parallel_id=0 thread_num=5
[OMPT] implicit_task_begin: parallel_id=281474976710851 thread_num=7 team_size=32
[OMPT] implicit_task_begin: parallel_id=281474976710851 thread_num=10 team_size=32
[OMPT] implicit_task_end: parallel_id=0 thread_num=14
[OMPT] implicit_task_begin: parallel_id=281474976710851 thread_num=18 team_size=32
[OMPT] implicit_task_begin: parallel_id=281474976710851 thread_num=14 team_size=32
[OMPT] implicit_task_end: parallel_id=0 thread_num=24
[OMPT] implicit_task_end: parallel_id=0 thread_num=27
[OMPT] implicit_task_begin: parallel_id=281474976710851 thread_num=24 team_size=32
[OMPT] implicit_task_begin: parallel_id=281474976710851 thread_num=27 team_size=32
[OMPT] implicit_task_end: parallel_id=0 thread_num=21
[OMPT] implicit_task_begin: parallel_id=281474976710851 thread_num=23 team_size=32
[OMPT] implicit_task_begin: parallel_id=281474976710851 thread_num=5 team_size=32
[OMPT] implicit_task_begin: parallel_id=281474976710851 thread_num=4 team_size=32
[OMPT] implicit_task_end: parallel_id=0 thread_num=19
[OMPT] implicit_task_end: parallel_id=0 thread_num=25
[OMPT] implicit_task_begin: parallel_id=281474976710851 thread_num=19 team_size=32
[OMPT] implicit_task_end: parallel_id=0 thread_num=26
[OMPT] implicit_task_begin: parallel_id=281474976710851 thread_num=26 team_size=32
[OMPT] implicit_task_end: parallel_id=0 thread_num=22
[OMPT] implicit_task_begin: parallel_id=281474976710851 thread_num=22 team_size=32
[OMPT] implicit_task_end: parallel_id=0 thread_num=30
[OMPT] implicit_task_begin: parallel_id=281474976710851 thread_num=30 team_size=32
[OMPT] implicit_task_begin: parallel_id=281474976710851 thread_num=25 team_size=32
[OMPT] implicit_task_begin: parallel_id=281474976710851 thread_num=21 team_size=32
[OMPT] implicit_task_end: parallel_id=0 thread_num=0
[OMPT] parallel_end: parallel_id=281474976710851
[OMPT] parallel_begin: parallel_id=281474976710853 team_size=32
[OMPT] implicit_task_end: parallel_id=0 thread_num=16
[OMPT] implicit_task_end: parallel_id=0 thread_num=3
[OMPT] implicit_task_end: parallel_id=0 thread_num=20
[OMPT] implicit_task_begin: parallel_id=281474976710853 thread_num=16 team_size=32
[OMPT] implicit_task_end: parallel_id=0 thread_num=22
[OMPT] implicit_task_end: parallel_id=0 thread_num=12
[OMPT] implicit_task_end: parallel_id=0 thread_num=1
[OMPT] implicit_task_end: parallel_id=0 thread_num=8
[OMPT] implicit_task_begin: parallel_id=281474976710853 thread_num=0 team_size=32
[OMPT] implicit_task_end: parallel_id=0 thread_num=11
[OMPT] implicit_task_end: parallel_id=0 thread_num=17
[OMPT] implicit_task_begin: parallel_id=281474976710853 thread_num=8 team_size=32
[OMPT] implicit_task_end: parallel_id=0 thread_num=28
[OMPT] implicit_task_end: parallel_id=0 thread_num=19
[OMPT] implicit_task_end: parallel_id=0 thread_num=30
[OMPT] implicit_task_end: parallel_id=0 thread_num=18
[OMPT] implicit_task_end: parallel_id=0 thread_num=4
[OMPT] implicit_task_begin: parallel_id=281474976710853 thread_num=30 team_size=32
[OMPT] implicit_task_end: parallel_id=0 thread_num=7
[OMPT] implicit_task_end: parallel_id=0 thread_num=5
[OMPT] implicit_task_end: parallel_id=0 thread_num=15
[OMPT] implicit_task_end: parallel_id=0 thread_num=14
[OMPT] implicit_task_end: parallel_id=0 thread_num=13
[OMPT] implicit_task_begin: parallel_id=281474976710853 thread_num=5 team_size=32
[OMPT] implicit_task_begin: parallel_id=281474976710853 thread_num=12 team_size=32
[OMPT] implicit_task_begin: parallel_id=281474976710853 thread_num=1 team_size=32
[OMPT] implicit_task_begin: parallel_id=281474976710853 thread_num=14 team_size=32
[OMPT] implicit_task_begin: parallel_id=281474976710853 thread_num=22 team_size=32
[OMPT] implicit_task_end: parallel_id=0 thread_num=9
[OMPT] implicit_task_end: parallel_id=0 thread_num=10
[OMPT] implicit_task_begin: parallel_id=281474976710853 thread_num=11 team_size=32
[OMPT] implicit_task_begin: parallel_id=281474976710853 thread_num=17 team_size=32
[OMPT] implicit_task_end: parallel_id=0 thread_num=31
[OMPT] implicit_task_end: parallel_id=0 thread_num=29
[OMPT] implicit_task_begin: parallel_id=281474976710853 thread_num=29 team_size=32
[OMPT] implicit_task_begin: parallel_id=281474976710853 thread_num=19 team_size=32
[OMPT] implicit_task_begin: parallel_id=281474976710853 thread_num=18 team_size=32
[OMPT] implicit_task_begin: parallel_id=281474976710853 thread_num=3 team_size=32
[OMPT] implicit_task_end: parallel_id=0 thread_num=23
[OMPT] implicit_task_end: parallel_id=0 thread_num=6
[OMPT] implicit_task_begin: parallel_id=281474976710853 thread_num=23 team_size=32
[OMPT] implicit_task_end: parallel_id=0 thread_num=2
[OMPT] implicit_task_begin: parallel_id=281474976710853 thread_num=4 team_size=32
[OMPT] implicit_task_begin: parallel_id=281474976710853 thread_num=7 team_size=32
[OMPT] implicit_task_end: parallel_id=0 thread_num=21
[OMPT] implicit_task_begin: parallel_id=281474976710853 thread_num=20 team_size=32
[OMPT] implicit_task_begin: parallel_id=281474976710853 thread_num=21 team_size=32
[OMPT] implicit_task_begin: parallel_id=281474976710853 thread_num=15 team_size=32
[OMPT] implicit_task_begin: parallel_id=281474976710853 thread_num=13 team_size=32
[OMPT] implicit_task_end: parallel_id=0 thread_num=24
[OMPT] implicit_task_begin: parallel_id=281474976710853 thread_num=9 team_size=32
[OMPT] implicit_task_end: parallel_id=0 thread_num=25
[OMPT] implicit_task_begin: parallel_id=281474976710853 thread_num=24 team_size=32
[OMPT] implicit_task_begin: parallel_id=281474976710853 thread_num=10 team_size=32
[OMPT] implicit_task_begin: parallel_id=281474976710853 thread_num=25 team_size=32
[OMPT] implicit_task_begin: parallel_id=281474976710853 thread_num=31 team_size=32
[OMPT] implicit_task_begin: parallel_id=281474976710853 thread_num=6 team_size=32
[OMPT] implicit_task_begin: parallel_id=281474976710853 thread_num=2 team_size=32
[OMPT] implicit_task_end: parallel_id=0 thread_num=27
[OMPT] implicit_task_begin: parallel_id=281474976710853 thread_num=27 team_size=32
[OMPT] implicit_task_begin: parallel_id=281474976710853 thread_num=28 team_size=32
[OMPT] implicit_task_end: parallel_id=0 thread_num=26
[OMPT] implicit_task_begin: parallel_id=281474976710853 thread_num=26 team_size=32
[OMPT][WIN100ms] ompt_id=281474976710657 tid=1054906 tipo=ompt_thread_initial    cpu= 22 numa=0  d_rm= 1502835  d_instr= 901889854  d_cyc=1111165584  d_all=12289029  IPC=0.812  ratio_rm=0.1223
[OMPT][WIN100ms] ompt_id=562949953421313 tid=1054928 tipo=ompt_thread_worker     cpu=159 numa=0  d_rm= 1523024  d_instr= 284269254  d_cyc= 320765666  d_all=12709579  IPC=0.886  ratio_rm=0.1198
[OMPT][WIN100ms] ompt_id=844424930131969 tid=1054929 tipo=ompt_thread_worker     cpu= 49 numa=0  d_rm= 1554526  d_instr= 281102460  d_cyc= 325600091  d_all=13119256  IPC=0.863  ratio_rm=0.1185
[OMPT][WIN100ms] ompt_id=1125899906842625 tid=1054930 tipo=ompt_thread_worker     cpu=  8 numa=0  d_rm= 1547457  d_instr= 293149057  d_cyc= 333041081  d_all=13457956  IPC=0.880  ratio_rm=0.1150
[OMPT][WIN100ms] ompt_id=1407374883553281 tid=1054931 tipo=ompt_thread_worker     cpu=121 numa=1  d_rm= 1657190  d_instr= 288975444  d_cyc= 337801869  d_all=13502110  IPC=0.855  ratio_rm=0.1227
[OMPT] implicit_task_end: parallel_id=0 thread_num=0
[OMPT] parallel_end: parallel_id=281474976710853
[OMPT] parallel_begin: parallel_id=281474976710855 team_size=32
[OMPT] implicit_task_end: parallel_id=0 thread_num=16
[OMPT] implicit_task_end: parallel_id=0 thread_num=12
[OMPT] implicit_task_end: parallel_id=0 thread_num=19
[OMPT] implicit_task_end: parallel_id=0 thread_num=14
[OMPT] implicit_task_end: parallel_id=0 thread_num=2
[OMPT] implicit_task_end: parallel_id=0 thread_num=1
[OMPT] implicit_task_end: parallel_id=0 thread_num=28
[OMPT] implicit_task_end: parallel_id=0 thread_num=30
[OMPT] implicit_task_end: parallel_id=0 thread_num=17
[OMPT] implicit_task_end: parallel_id=0 thread_num=20
[OMPT] implicit_task_end: parallel_id=0 thread_num=22
[OMPT] implicit_task_end: parallel_id=0 thread_num=18
[OMPT] implicit_task_end: parallel_id=0 thread_num=8
[OMPT] implicit_task_end: parallel_id=0 thread_num=15
[OMPT] implicit_task_end: parallel_id=0 thread_num=10
[OMPT] implicit_task_end: parallel_id=0 thread_num=13
[OMPT] implicit_task_end: parallel_id=0 thread_num=4
[OMPT] implicit_task_end: parallel_id=0 thread_num=7
[OMPT] implicit_task_end: parallel_id=0 thread_num=29
[OMPT] implicit_task_end: parallel_id=0 thread_num=23
[OMPT] implicit_task_end: parallel_id=0 thread_num=24
[OMPT] implicit_task_end: parallel_id=0 thread_num=25
[OMPT] implicit_task_end: parallel_id=0 thread_num=9
[OMPT] implicit_task_end: parallel_id=0 thread_num=11
[OMPT] implicit_task_end: parallel_id=0 thread_num=3
[OMPT] implicit_task_end: parallel_id=0 thread_num=6
[OMPT] implicit_task_end: parallel_id=0 thread_num=31
[OMPT] implicit_task_end: parallel_id=0 thread_num=21
[OMPT] implicit_task_end: parallel_id=0 thread_num=27
[OMPT] implicit_task_end: parallel_id=0 thread_num=26
[OMPT] implicit_task_end: parallel_id=0 thread_num=5
[OMPT][WIN100ms] ompt_id=1688849860263937 tid=1054932 tipo=ompt_thread_worker     cpu=208 numa=1  d_rm= 1617563  d_instr= 304401986  d_cyc= 342490135  d_all=13319609  IPC=0.889  ratio_rm=0.1214
[OMPT][WIN100ms] ompt_id=1970324836974593 tid=1054933 tipo=ompt_thread_worker     cpu= 87 numa=1  d_rm= 1607017  d_instr= 306992874  d_cyc= 348100692  d_all=13390387  IPC=0.882  ratio_rm=0.1200
[OMPT][WIN100ms] ompt_id=2251799813685249 tid=1054935 tipo=ompt_thread_worker     cpu= 97 numa=1  d_rm= 1576429  d_instr= 303679167  d_cyc= 352491513  d_all=13367602  IPC=0.862  ratio_rm=0.1179
[OMPT][WIN100ms] ompt_id=2533274790395905 tid=1054934 tipo=ompt_thread_worker     cpu=139 numa=0  d_rm= 1599518  d_instr= 304720762  d_cyc= 359286152  d_all=13661726  IPC=0.848  ratio_rm=0.1171
[OMPT][WIN100ms] ompt_id=2814749767106561 tid=1054937 tipo=ompt_thread_worker     cpu=113 numa=1  d_rm= 1560522  d_instr= 295705042  d_cyc= 363804940  d_all=13113015  IPC=0.813  ratio_rm=0.1190
[OMPT][WIN100ms] ompt_id=3096224743817217 tid=1054936 tipo=ompt_thread_worker     cpu=  2 numa=0  d_rm= 1663364  d_instr= 247797090  d_cyc= 376907526  d_all=13246512  IPC=0.657  ratio_rm=0.1256
[OMPT][WIN100ms] ompt_id=3377699720527873 tid=1054938 tipo=ompt_thread_worker     cpu=231 numa=1  d_rm= 1601306  d_instr= 302281524  d_cyc= 376762156  d_all=13258998  IPC=0.802  ratio_rm=0.1208
[OMPT][WIN100ms] ompt_id=3940649673949185 tid=1054940 tipo=ompt_thread_worker     cpu= 45 numa=0  d_rm= 1550678  d_instr= 410304412  d_cyc= 523991685  d_all=12933974  IPC=0.783  ratio_rm=0.1199
[OMPT][WIN100ms] ompt_id=3659174697238529 tid=1054939 tipo=ompt_thread_worker     cpu= 56 numa=0  d_rm= 1556416  d_instr= 411736771  d_cyc= 526658246  d_all=13077365  IPC=0.782  ratio_rm=0.1190
[OMPT][WIN100ms] ompt_id=4222124650659841 tid=1054942 tipo=ompt_thread_worker     cpu=191 numa=0  d_rm= 1580945  d_instr= 297237267  d_cyc= 396102801  d_all=13276116  IPC=0.750  ratio_rm=0.1191
[OMPT][WIN100ms] ompt_id=4503599627370497 tid=1054941 tipo=ompt_thread_worker     cpu= 64 numa=1  d_rm= 1383111  d_instr= 322104306  d_cyc= 399200972  d_all=13064567  IPC=0.807  ratio_rm=0.1059
[OMPT][WIN100ms] ompt_id=4785074604081153 tid=1054944 tipo=ompt_thread_worker     cpu= 21 numa=0  d_rm= 1618578  d_instr= 295786572  d_cyc= 406282647  d_all=13363369  IPC=0.728  ratio_rm=0.1211
[OMPT][WIN100ms] ompt_id=5066549580791809 tid=1054943 tipo=ompt_thread_worker     cpu=120 numa=1  d_rm= 1567989  d_instr= 390833910  d_cyc= 530925327  d_all=13355939  IPC=0.736  ratio_rm=0.1174
[OMPT][WIN100ms] ompt_id=5348024557502465 tid=1054945 tipo=ompt_thread_worker     cpu=  1 numa=0  d_rm= 1687090  d_instr= 246448303  d_cyc= 424327574  d_all=13032196  IPC=0.581  ratio_rm=0.1295
[OMPT][WIN100ms] ompt_id=5629499534213121 tid=1054946 tipo=ompt_thread_worker     cpu= 89 numa=1  d_rm= 1601489  d_instr= 299575656  d_cyc= 422998758  d_all=13120430  IPC=0.708  ratio_rm=0.1221
[OMPT][WIN100ms] ompt_id=5910974510923777 tid=1054947 tipo=ompt_thread_worker     cpu= 88 numa=1  d_rm= 1626591  d_instr= 384250638  d_cyc= 530570262  d_all=13171391  IPC=0.724  ratio_rm=0.1235
[OMPT][WIN100ms] ompt_id=6192449487634433 tid=1054948 tipo=ompt_thread_worker     cpu= 37 numa=0  d_rm= 1540397  d_instr= 379573340  d_cyc= 531578701  d_all=13080455  IPC=0.714  ratio_rm=0.1178
[OMPT][WIN100ms] ompt_id=6473924464345089 tid=1054949 tipo=ompt_thread_worker     cpu=128 numa=0  d_rm= 1639124  d_instr= 245923579  d_cyc= 449867026  d_all=13179956  IPC=0.547  ratio_rm=0.1244
[OMPT][WIN100ms] ompt_id=6755399441055745 tid=1054950 tipo=ompt_thread_worker     cpu=237 numa=1  d_rm= 1592012  d_instr= 303908086  d_cyc= 447172219  d_all=13128742  IPC=0.680  ratio_rm=0.1213
[OMPT][WIN100ms] ompt_id=7036874417766401 tid=1054951 tipo=ompt_thread_worker     cpu=104 numa=1  d_rm= 1590036  d_instr= 379614131  d_cyc= 537812714  d_all=13151216  IPC=0.706  ratio_rm=0.1209
[OMPT][WIN100ms] ompt_id=7318349394477057 tid=1054952 tipo=ompt_thread_worker     cpu= 48 numa=0  d_rm= 1856931  d_instr= 366108794  d_cyc= 550398070  d_all=16386318  IPC=0.665  ratio_rm=0.1133
[OMPT][WIN100ms] ompt_id=7599824371187713 tid=1054953 tipo=ompt_thread_worker     cpu= 38 numa=0  d_rm= 1557224  d_instr= 301151152  d_cyc= 466310171  d_all=13182185  IPC=0.646  ratio_rm=0.1181
[OMPT][WIN100ms] ompt_id=7881299347898369 tid=1054954 tipo=ompt_thread_worker     cpu= 46 numa=0  d_rm= 1908677  d_instr= 364790810  d_cyc= 551083911  d_all=16728766  IPC=0.662  ratio_rm=0.1141
[OMPT][WIN100ms] ompt_id=8162774324609025 tid=1054955 tipo=ompt_thread_worker     cpu= 72 numa=1  d_rm= 1579730  d_instr= 302159516  d_cyc= 476373537  d_all=13233853  IPC=0.634  ratio_rm=0.1194
[OMPT][WIN100ms] ompt_id=8444249301319681 tid=1054956 tipo=ompt_thread_worker     cpu=112 numa=1  d_rm= 1570648  d_instr= 294729571  d_cyc= 483248423  d_all=13203872  IPC=0.610  ratio_rm=0.1190
[OMPT][WIN100ms] ompt_id=8725724278030337 tid=1054957 tipo=ompt_thread_worker     cpu= 25 numa=0  d_rm= 1550395  d_instr= 303935146  d_cyc= 488286679  d_all=13126425  IPC=0.622  ratio_rm=0.1181
[OMPT][WIN100ms] ompt_id=9007199254740993 tid=1054958 tipo=ompt_thread_worker     cpu= 73 numa=1  d_rm= 1564747  d_instr= 302731506  d_cyc= 492909081  d_all=13264347  IPC=0.614  ratio_rm=0.1180
[OMPT] implicit_task_begin: parallel_id=281474976710855 thread_num=20 team_size=32
[OMPT] implicit_task_begin: parallel_id=281474976710855 thread_num=19 team_size=32
[OMPT] implicit_task_begin: parallel_id=281474976710855 thread_num=4 team_size=32
[OMPT] implicit_task_begin: parallel_id=281474976710855 thread_num=16 team_size=32
[OMPT] implicit_task_begin: parallel_id=281474976710855 thread_num=14 team_size=32
[OMPT] implicit_task_begin: parallel_id=281474976710855 thread_num=10 team_size=32
[OMPT] implicit_task_begin: parallel_id=281474976710855 thread_num=29 team_size=32
[OMPT] implicit_task_begin: parallel_id=281474976710855 thread_num=2 team_size=32
[OMPT] implicit_task_begin: parallel_id=281474976710855 thread_num=25 team_size=32
[OMPT] implicit_task_begin: parallel_id=281474976710855 thread_num=6 team_size=32
[OMPT] implicit_task_begin: parallel_id=281474976710855 thread_num=5 team_size=32
[OMPT] implicit_task_begin: parallel_id=281474976710855 thread_num=28 team_size=32
[OMPT] implicit_task_begin: parallel_id=281474976710855 thread_num=31 team_size=32
[OMPT] implicit_task_begin: parallel_id=281474976710855 thread_num=24 team_size=32
[OMPT] implicit_task_begin: parallel_id=281474976710855 thread_num=23 team_size=32
[OMPT] implicit_task_begin: parallel_id=281474976710855 thread_num=15 team_size=32
[OMPT] implicit_task_begin: parallel_id=281474976710855 thread_num=11 team_size=32
[OMPT] implicit_task_begin: parallel_id=281474976710855 thread_num=8 team_size=32
[OMPT] implicit_task_begin: parallel_id=281474976710855 thread_num=7 team_size=32
[OMPT] implicit_task_begin: parallel_id=281474976710855 thread_num=12 team_size=32
[OMPT] implicit_task_begin: parallel_id=281474976710855 thread_num=1 team_size=32
[OMPT] implicit_task_begin: parallel_id=281474976710855 thread_num=27 team_size=32
[OMPT] implicit_task_begin: parallel_id=281474976710855 thread_num=21 team_size=32
[OMPT] implicit_task_begin: parallel_id=281474976710855 thread_num=3 team_size=32
[OMPT] implicit_task_begin: parallel_id=281474976710855 thread_num=0 team_size=32
[OMPT] implicit_task_begin: parallel_id=281474976710855 thread_num=26 team_size=32
[OMPT] implicit_task_begin: parallel_id=281474976710855 thread_num=13 team_size=32
[OMPT] implicit_task_begin: parallel_id=281474976710855 thread_num=9 team_size=32
[OMPT] implicit_task_begin: parallel_id=281474976710855 thread_num=18 team_size=32
[OMPT] implicit_task_begin: parallel_id=281474976710855 thread_num=22 team_size=32
[OMPT] implicit_task_begin: parallel_id=281474976710855 thread_num=30 team_size=32
[OMPT] implicit_task_begin: parallel_id=281474976710855 thread_num=17 team_size=32
[OMPT] implicit_task_end: parallel_id=0 thread_num=0
[OMPT] parallel_end: parallel_id=281474976710855
[OMPT] parallel_begin: parallel_id=281474976710857 team_size=32
[OMPT] implicit_task_end: parallel_id=0 thread_num=16
[OMPT] implicit_task_end: parallel_id=0 thread_num=2
[OMPT] implicit_task_end: parallel_id=0 thread_num=17
[OMPT] implicit_task_end: parallel_id=0 thread_num=19
[OMPT] implicit_task_begin: parallel_id=281474976710857 thread_num=2 team_size=32
[OMPT] implicit_task_begin: parallel_id=281474976710857 thread_num=17 team_size=32
[OMPT] implicit_task_end: parallel_id=0 thread_num=4
[OMPT] implicit_task_end: parallel_id=0 thread_num=12
[OMPT] implicit_task_end: parallel_id=0 thread_num=1
[OMPT] implicit_task_end: parallel_id=0 thread_num=14
[OMPT] implicit_task_end: parallel_id=0 thread_num=28
[OMPT] implicit_task_begin: parallel_id=281474976710857 thread_num=4 team_size=32
[OMPT] implicit_task_end: parallel_id=0 thread_num=31
[OMPT] implicit_task_end: parallel_id=0 thread_num=18
[OMPT] implicit_task_end: parallel_id=0 thread_num=3
[OMPT] implicit_task_begin: parallel_id=281474976710857 thread_num=28 team_size=32
[OMPT] implicit_task_begin: parallel_id=281474976710857 thread_num=31 team_size=32
[OMPT] implicit_task_begin: parallel_id=281474976710857 thread_num=18 team_size=32
[OMPT] implicit_task_end: parallel_id=0 thread_num=5
[OMPT] implicit_task_end: parallel_id=0 thread_num=15
[OMPT] implicit_task_end: parallel_id=0 thread_num=20
[OMPT] implicit_task_begin: parallel_id=281474976710857 thread_num=15 team_size=32
[OMPT] implicit_task_end: parallel_id=0 thread_num=22
[OMPT] implicit_task_begin: parallel_id=281474976710857 thread_num=20 team_size=32
[OMPT] implicit_task_end: parallel_id=0 thread_num=13
[OMPT] implicit_task_begin: parallel_id=281474976710857 thread_num=12 team_size=32
[OMPT] implicit_task_begin: parallel_id=281474976710857 thread_num=13 team_size=32
[OMPT] implicit_task_end: parallel_id=0 thread_num=30
[OMPT] implicit_task_end: parallel_id=0 thread_num=29
[OMPT] implicit_task_end: parallel_id=0 thread_num=8
[OMPT] implicit_task_end: parallel_id=0 thread_num=11
[OMPT] implicit_task_begin: parallel_id=281474976710857 thread_num=29 team_size=32
[OMPT] implicit_task_begin: parallel_id=281474976710857 thread_num=16 team_size=32
[OMPT] implicit_task_end: parallel_id=0 thread_num=7
[OMPT] implicit_task_begin: parallel_id=281474976710857 thread_num=3 team_size=32
[OMPT] implicit_task_begin: parallel_id=281474976710857 thread_num=11 team_size=32
[OMPT] implicit_task_begin: parallel_id=281474976710857 thread_num=7 team_size=32
[OMPT] implicit_task_begin: parallel_id=281474976710857 thread_num=1 team_size=32
[OMPT] implicit_task_begin: parallel_id=281474976710857 thread_num=0 team_size=32
[OMPT] implicit_task_begin: parallel_id=281474976710857 thread_num=5 team_size=32
[OMPT] implicit_task_end: parallel_id=0 thread_num=23
[OMPT] implicit_task_end: parallel_id=0 thread_num=21
[OMPT] implicit_task_begin: parallel_id=281474976710857 thread_num=22 team_size=32
[OMPT] implicit_task_begin: parallel_id=281474976710857 thread_num=19 team_size=32
[OMPT] implicit_task_end: parallel_id=0 thread_num=24
[OMPT] implicit_task_end: parallel_id=0 thread_num=25
[OMPT] implicit_task_end: parallel_id=0 thread_num=9
[OMPT] implicit_task_begin: parallel_id=281474976710857 thread_num=24 team_size=32
[OMPT] implicit_task_end: parallel_id=0 thread_num=10
[OMPT] implicit_task_begin: parallel_id=281474976710857 thread_num=14 team_size=32
[OMPT] implicit_task_begin: parallel_id=281474976710857 thread_num=9 team_size=32
[OMPT] implicit_task_begin: parallel_id=281474976710857 thread_num=10 team_size=32
[OMPT] implicit_task_end: parallel_id=0 thread_num=6
[OMPT] implicit_task_end: parallel_id=0 thread_num=27
[OMPT] implicit_task_begin: parallel_id=281474976710857 thread_num=6 team_size=32
[OMPT] implicit_task_begin: parallel_id=281474976710857 thread_num=27 team_size=32
[OMPT] implicit_task_begin: parallel_id=281474976710857 thread_num=21 team_size=32
[OMPT] implicit_task_begin: parallel_id=281474976710857 thread_num=25 team_size=32
[OMPT] implicit_task_begin: parallel_id=281474976710857 thread_num=8 team_size=32
[OMPT] implicit_task_end: parallel_id=0 thread_num=26
[OMPT] implicit_task_begin: parallel_id=281474976710857 thread_num=26 team_size=32
[OMPT] implicit_task_begin: parallel_id=281474976710857 thread_num=23 team_size=32
[OMPT] implicit_task_begin: parallel_id=281474976710857 thread_num=30 team_size=32
[OMPT] implicit_task_end: parallel_id=0 thread_num=0
[OMPT] parallel_end: parallel_id=281474976710857
[OMPT] parallel_begin: parallel_id=281474976710859 team_size=32
[OMPT] implicit_task_end: parallel_id=0 thread_num=12
[OMPT] implicit_task_end: parallel_id=0 thread_num=1
[OMPT] implicit_task_begin: parallel_id=281474976710859 thread_num=12 team_size=32
[OMPT] implicit_task_end: parallel_id=0 thread_num=4
[OMPT] implicit_task_begin: parallel_id=281474976710859 thread_num=1 team_size=32
[OMPT] implicit_task_end: parallel_id=0 thread_num=7
[OMPT] implicit_task_end: parallel_id=0 thread_num=3
[OMPT] implicit_task_begin: parallel_id=281474976710859 thread_num=7 team_size=32
[OMPT] implicit_task_begin: parallel_id=281474976710859 thread_num=3 team_size=32
[OMPT] implicit_task_end: parallel_id=0 thread_num=8
[OMPT] implicit_task_end: parallel_id=0 thread_num=11
[OMPT] implicit_task_begin: parallel_id=281474976710859 thread_num=8 team_size=32
[OMPT] implicit_task_end: parallel_id=0 thread_num=15
[OMPT] implicit_task_begin: parallel_id=281474976710859 thread_num=11 team_size=32
[OMPT] implicit_task_end: parallel_id=0 thread_num=14
[OMPT] implicit_task_end: parallel_id=0 thread_num=5
[OMPT] implicit_task_begin: parallel_id=281474976710859 thread_num=14 team_size=32
[OMPT] implicit_task_begin: parallel_id=281474976710859 thread_num=4 team_size=32
[OMPT] implicit_task_begin: parallel_id=281474976710859 thread_num=5 team_size=32
[OMPT] implicit_task_begin: parallel_id=281474976710859 thread_num=0 team_size=32
[OMPT] implicit_task_end: parallel_id=0 thread_num=10
[OMPT] implicit_task_end: parallel_id=0 thread_num=9
[OMPT] implicit_task_begin: parallel_id=281474976710859 thread_num=9 team_size=32
[OMPT] implicit_task_end: parallel_id=0 thread_num=13
[OMPT] implicit_task_begin: parallel_id=281474976710859 thread_num=13 team_size=32
[OMPT] implicit_task_end: parallel_id=0 thread_num=16
[OMPT] implicit_task_end: parallel_id=0 thread_num=18
[OMPT] implicit_task_end: parallel_id=0 thread_num=20
[OMPT] implicit_task_end: parallel_id=0 thread_num=2
[OMPT] implicit_task_end: parallel_id=0 thread_num=21
[OMPT] implicit_task_begin: parallel_id=281474976710859 thread_num=15 team_size=32
[OMPT] implicit_task_end: parallel_id=0 thread_num=17
[OMPT] implicit_task_begin: parallel_id=281474976710859 thread_num=20 team_size=32
[OMPT] implicit_task_end: parallel_id=0 thread_num=24
[OMPT] implicit_task_end: parallel_id=0 thread_num=19
[OMPT] implicit_task_end: parallel_id=0 thread_num=26
[OMPT] implicit_task_begin: parallel_id=281474976710859 thread_num=16 team_size=32
[OMPT] implicit_task_end: parallel_id=0 thread_num=6
[OMPT] implicit_task_begin: parallel_id=281474976710859 thread_num=18 team_size=32
[OMPT] implicit_task_end: parallel_id=0 thread_num=23
[OMPT] implicit_task_end: parallel_id=0 thread_num=22
[OMPT] implicit_task_begin: parallel_id=281474976710859 thread_num=6 team_size=32
[OMPT] implicit_task_begin: parallel_id=281474976710859 thread_num=19 team_size=32
[OMPT] implicit_task_begin: parallel_id=281474976710859 thread_num=21 team_size=32
[OMPT] implicit_task_begin: parallel_id=281474976710859 thread_num=23 team_size=32
[OMPT] implicit_task_begin: parallel_id=281474976710859 thread_num=26 team_size=32
[OMPT] implicit_task_begin: parallel_id=281474976710859 thread_num=22 team_size=32
[OMPT] implicit_task_end: parallel_id=0 thread_num=25
[OMPT] implicit_task_end: parallel_id=0 thread_num=27
[OMPT] implicit_task_begin: parallel_id=281474976710859 thread_num=25 team_size=32
[OMPT] implicit_task_begin: parallel_id=281474976710859 thread_num=24 team_size=32
[OMPT] implicit_task_begin: parallel_id=281474976710859 thread_num=27 team_size=32
[OMPT] implicit_task_begin: parallel_id=281474976710859 thread_num=10 team_size=32
[OMPT] implicit_task_begin: parallel_id=281474976710859 thread_num=17 team_size=32
[OMPT] implicit_task_begin: parallel_id=281474976710859 thread_num=2 team_size=32
[OMPT] implicit_task_end: parallel_id=0 thread_num=28
[OMPT] implicit_task_end: parallel_id=0 thread_num=31
[OMPT] implicit_task_begin: parallel_id=281474976710859 thread_num=28 team_size=32
[OMPT] implicit_task_begin: parallel_id=281474976710859 thread_num=31 team_size=32
[OMPT] implicit_task_end: parallel_id=0 thread_num=29
[OMPT] implicit_task_begin: parallel_id=281474976710859 thread_num=29 team_size=32
[OMPT] implicit_task_end: parallel_id=0 thread_num=30
[OMPT] implicit_task_begin: parallel_id=281474976710859 thread_num=30 team_size=32
[OMPT] implicit_task_end: parallel_id=0 thread_num=0
[OMPT] parallel_end: parallel_id=281474976710859
[OMPT] parallel_begin: parallel_id=281474976710861 team_size=32
[OMPT] implicit_task_end: parallel_id=0 thread_num=16
[OMPT] implicit_task_end: parallel_id=0 thread_num=8
[OMPT] implicit_task_end: parallel_id=0 thread_num=19
[OMPT] implicit_task_end: parallel_id=0 thread_num=12
[OMPT] implicit_task_end: parallel_id=0 thread_num=15
[OMPT] implicit_task_begin: parallel_id=281474976710861 thread_num=8 team_size=32
[OMPT] implicit_task_end: parallel_id=0 thread_num=3
[OMPT] implicit_task_end: parallel_id=0 thread_num=1
[OMPT] implicit_task_begin: parallel_id=281474976710861 thread_num=15 team_size=32
[OMPT] implicit_task_begin: parallel_id=281474976710861 thread_num=12 team_size=32
[OMPT] implicit_task_begin: parallel_id=281474976710861 thread_num=3 team_size=32
[OMPT] implicit_task_begin: parallel_id=281474976710861 thread_num=1 team_size=32
[OMPT] implicit_task_end: parallel_id=0 thread_num=24
[OMPT] implicit_task_end: parallel_id=0 thread_num=27
[OMPT] implicit_task_end: parallel_id=0 thread_num=18
[OMPT] implicit_task_end: parallel_id=0 thread_num=11
[OMPT] implicit_task_begin: parallel_id=281474976710861 thread_num=24 team_size=32
[OMPT] implicit_task_end: parallel_id=0 thread_num=9
[OMPT] implicit_task_begin: parallel_id=281474976710861 thread_num=11 team_size=32
[OMPT] implicit_task_begin: parallel_id=281474976710861 thread_num=16 team_size=32
[OMPT] implicit_task_begin: parallel_id=281474976710861 thread_num=27 team_size=32
[OMPT] implicit_task_end: parallel_id=0 thread_num=4
[OMPT] implicit_task_end: parallel_id=0 thread_num=14
[OMPT] implicit_task_end: parallel_id=0 thread_num=5
[OMPT] implicit_task_begin: parallel_id=281474976710861 thread_num=14 team_size=32
[OMPT] implicit_task_end: parallel_id=0 thread_num=20
[OMPT] implicit_task_end: parallel_id=0 thread_num=23
[OMPT] implicit_task_end: parallel_id=0 thread_num=28
[OMPT] implicit_task_end: parallel_id=0 thread_num=25
[OMPT] implicit_task_begin: parallel_id=281474976710861 thread_num=23 team_size=32
[OMPT] implicit_task_end: parallel_id=0 thread_num=26
[OMPT] implicit_task_begin: parallel_id=281474976710861 thread_num=28 team_size=32
[OMPT] implicit_task_begin: parallel_id=281474976710861 thread_num=25 team_size=32
[OMPT] implicit_task_end: parallel_id=0 thread_num=10
[OMPT] implicit_task_begin: parallel_id=281474976710861 thread_num=9 team_size=32
[OMPT] implicit_task_begin: parallel_id=281474976710861 thread_num=10 team_size=32
[OMPT] implicit_task_end: parallel_id=0 thread_num=7
[OMPT] implicit_task_begin: parallel_id=281474976710861 thread_num=7 team_size=32
[OMPT] implicit_task_end: parallel_id=0 thread_num=13
[OMPT] implicit_task_begin: parallel_id=281474976710861 thread_num=13 team_size=32
[OMPT] implicit_task_end: parallel_id=0 thread_num=2
[OMPT] implicit_task_begin: parallel_id=281474976710861 thread_num=2 team_size=32
[OMPT] implicit_task_end: parallel_id=0 thread_num=6
[OMPT] implicit_task_begin: parallel_id=281474976710861 thread_num=6 team_size=32
[OMPT] implicit_task_begin: parallel_id=281474976710861 thread_num=19 team_size=32
[OMPT] implicit_task_begin: parallel_id=281474976710861 thread_num=0 team_size=32
[OMPT] implicit_task_end: parallel_id=0 thread_num=17
[OMPT] implicit_task_begin: parallel_id=281474976710861 thread_num=17 team_size=32
[OMPT] implicit_task_end: parallel_id=0 thread_num=21
[OMPT] implicit_task_begin: parallel_id=281474976710861 thread_num=21 team_size=32
[OMPT] implicit_task_end: parallel_id=0 thread_num=22
[OMPT] implicit_task_begin: parallel_id=281474976710861 thread_num=22 team_size=32
[OMPT] implicit_task_begin: parallel_id=281474976710861 thread_num=5 team_size=32
[OMPT] implicit_task_begin: parallel_id=281474976710861 thread_num=20 team_size=32
[OMPT] implicit_task_end: parallel_id=0 thread_num=31
[OMPT] implicit_task_begin: parallel_id=281474976710861 thread_num=31 team_size=32
[OMPT] implicit_task_end: parallel_id=0 thread_num=30
[OMPT] implicit_task_begin: parallel_id=281474976710861 thread_num=30 team_size=32
[OMPT] implicit_task_end: parallel_id=0 thread_num=29
[OMPT] implicit_task_begin: parallel_id=281474976710861 thread_num=18 team_size=32
[OMPT] implicit_task_begin: parallel_id=281474976710861 thread_num=26 team_size=32
[OMPT] implicit_task_begin: parallel_id=281474976710861 thread_num=4 team_size=32
[OMPT] implicit_task_begin: parallel_id=281474976710861 thread_num=29 team_size=32
[OMPT] implicit_task_end: parallel_id=0 thread_num=0
[OMPT] parallel_end: parallel_id=281474976710861
[OMPT] parallel_begin: parallel_id=281474976710863 team_size=32
[OMPT] implicit_task_end: parallel_id=0 thread_num=16
[OMPT] implicit_task_end: parallel_id=0 thread_num=2
[OMPT] implicit_task_end: parallel_id=0 thread_num=19
[OMPT] implicit_task_end: parallel_id=0 thread_num=18
[OMPT] implicit_task_end: parallel_id=0 thread_num=12
[OMPT] implicit_task_begin: parallel_id=281474976710863 thread_num=2 team_size=32
[OMPT] implicit_task_end: parallel_id=0 thread_num=15
[OMPT] implicit_task_end: parallel_id=0 thread_num=13
[OMPT] implicit_task_begin: parallel_id=281474976710863 thread_num=15 team_size=32
[OMPT] implicit_task_end: parallel_id=0 thread_num=20
[OMPT] implicit_task_end: parallel_id=0 thread_num=17
[OMPT] implicit_task_end: parallel_id=0 thread_num=22
[OMPT] implicit_task_begin: parallel_id=281474976710863 thread_num=20 team_size=32
[OMPT] implicit_task_end: parallel_id=0 thread_num=24
[OMPT] implicit_task_end: parallel_id=0 thread_num=25
[OMPT] implicit_task_begin: parallel_id=281474976710863 thread_num=19 team_size=32
[OMPT] implicit_task_begin: parallel_id=281474976710863 thread_num=18 team_size=32
[OMPT] implicit_task_end: parallel_id=0 thread_num=1
[OMPT] implicit_task_begin: parallel_id=281474976710863 thread_num=24 team_size=32
[OMPT] implicit_task_begin: parallel_id=281474976710863 thread_num=25 team_size=32
[OMPT] implicit_task_begin: parallel_id=281474976710863 thread_num=12 team_size=32
[OMPT] implicit_task_begin: parallel_id=281474976710863 thread_num=1 team_size=32
[OMPT] implicit_task_begin: parallel_id=281474976710863 thread_num=0 team_size=32
[OMPT] implicit_task_end: parallel_id=0 thread_num=3
[OMPT] implicit_task_begin: parallel_id=281474976710863 thread_num=13 team_size=32
[OMPT] implicit_task_end: parallel_id=0 thread_num=23
[OMPT] implicit_task_end: parallel_id=0 thread_num=28
[OMPT] implicit_task_end: parallel_id=0 thread_num=31
[OMPT] implicit_task_end: parallel_id=0 thread_num=29
[OMPT] implicit_task_begin: parallel_id=281474976710863 thread_num=31 team_size=32
[OMPT] implicit_task_begin: parallel_id=281474976710863 thread_num=22 team_size=32
[OMPT] implicit_task_end: parallel_id=0 thread_num=4
[OMPT] implicit_task_begin: parallel_id=281474976710863 thread_num=16 team_size=32
[OMPT] implicit_task_end: parallel_id=0 thread_num=7
[OMPT] implicit_task_end: parallel_id=0 thread_num=8
[OMPT] implicit_task_end: parallel_id=0 thread_num=27
[OMPT] implicit_task_end: parallel_id=0 thread_num=10
[OMPT] implicit_task_end: parallel_id=0 thread_num=14
[OMPT] implicit_task_end: parallel_id=0 thread_num=30
[OMPT] implicit_task_begin: parallel_id=281474976710863 thread_num=27 team_size=32
[OMPT] implicit_task_begin: parallel_id=281474976710863 thread_num=23 team_size=32
[OMPT] implicit_task_end: parallel_id=0 thread_num=21
[OMPT] implicit_task_begin: parallel_id=281474976710863 thread_num=17 team_size=32
[OMPT] implicit_task_begin: parallel_id=281474976710863 thread_num=14 team_size=32
[OMPT] implicit_task_begin: parallel_id=281474976710863 thread_num=21 team_size=32
[OMPT] implicit_task_begin: parallel_id=281474976710863 thread_num=30 team_size=32
[OMPT] implicit_task_begin: parallel_id=281474976710863 thread_num=29 team_size=32
[OMPT] implicit_task_end: parallel_id=0 thread_num=5
[OMPT] implicit_task_begin: parallel_id=281474976710863 thread_num=4 team_size=32
[OMPT] implicit_task_begin: parallel_id=281474976710863 thread_num=7 team_size=32
[OMPT] implicit_task_begin: parallel_id=281474976710863 thread_num=5 team_size=32
[OMPT] implicit_task_end: parallel_id=0 thread_num=11
[OMPT] implicit_task_begin: parallel_id=281474976710863 thread_num=11 team_size=32
[OMPT] implicit_task_end: parallel_id=0 thread_num=9
[OMPT] implicit_task_begin: parallel_id=281474976710863 thread_num=9 team_size=32
[OMPT] implicit_task_end: parallel_id=0 thread_num=26
[OMPT] implicit_task_begin: parallel_id=281474976710863 thread_num=26 team_size=32
[OMPT] implicit_task_begin: parallel_id=281474976710863 thread_num=3 team_size=32
[OMPT] implicit_task_begin: parallel_id=281474976710863 thread_num=8 team_size=32
[OMPT] implicit_task_begin: parallel_id=281474976710863 thread_num=10 team_size=32
[OMPT] implicit_task_begin: parallel_id=281474976710863 thread_num=28 team_size=32
[OMPT] implicit_task_end: parallel_id=0 thread_num=6
[OMPT] implicit_task_begin: parallel_id=281474976710863 thread_num=6 team_size=32
[OMPT][WIN100ms] ompt_id=281474976710657 tid=1054906 tipo=ompt_thread_initial    cpu= 22 numa=0  d_rm= 1818537  d_instr= 341457402  d_cyc= 550822025  d_all=15372400  IPC=0.620  ratio_rm=0.1183
[OMPT][WIN100ms] ompt_id=562949953421313 tid=1054928 tipo=ompt_thread_worker     cpu=159 numa=0  d_rm= 1757915  d_instr= 348044926  d_cyc= 551331278  d_all=14821366  IPC=0.631  ratio_rm=0.1186
[OMPT][WIN100ms] ompt_id=844424930131969 tid=1054929 tipo=ompt_thread_worker     cpu= 49 numa=0  d_rm= 1806628  d_instr= 350283196  d_cyc= 551979611  d_all=15267764  IPC=0.635  ratio_rm=0.1183
[OMPT][WIN100ms] ompt_id=1125899906842625 tid=1054930 tipo=ompt_thread_worker     cpu=  8 numa=0  d_rm= 1780646  d_instr= 351552195  d_cyc= 550162945  d_all=15505826  IPC=0.639  ratio_rm=0.1148
[OMPT][WIN100ms] ompt_id=1407374883553281 tid=1054931 tipo=ompt_thread_worker     cpu=121 numa=1  d_rm= 1940386  d_instr= 347958368  d_cyc= 551089425  d_all=15892997  IPC=0.631  ratio_rm=0.1221
[OMPT][WIN100ms] ompt_id=1688849860263937 tid=1054932 tipo=ompt_thread_worker     cpu=208 numa=1  d_rm= 1941472  d_instr= 358272348  d_cyc= 552729822  d_all=16144939  IPC=0.648  ratio_rm=0.1203
[OMPT][WIN100ms] ompt_id=1970324836974593 tid=1054933 tipo=ompt_thread_worker     cpu= 87 numa=1  d_rm= 1990162  d_instr= 364221102  d_cyc= 551973295  d_all=16604557  IPC=0.660  ratio_rm=0.1199
[OMPT][WIN100ms] ompt_id=2251799813685249 tid=1054935 tipo=ompt_thread_worker     cpu= 97 numa=1  d_rm= 1958518  d_instr= 365915507  d_cyc= 552508567  d_all=16751180  IPC=0.662  ratio_rm=0.1169
[OMPT][WIN100ms] ompt_id=2533274790395905 tid=1054934 tipo=ompt_thread_worker     cpu=139 numa=0  d_rm= 1979523  d_instr= 370461068  d_cyc= 554166179  d_all=17090456  IPC=0.669  ratio_rm=0.1158
[OMPT] implicit_task_end: parallel_id=0 thread_num=0
[OMPT] parallel_end: parallel_id=281474976710863
[OMPT] parallel_begin: parallel_id=281474976710865 team_size=32
[OMPT] implicit_task_end: parallel_id=0 thread_num=12
[OMPT] implicit_task_end: parallel_id=0 thread_num=15
[OMPT] implicit_task_end: parallel_id=0 thread_num=13
[OMPT] implicit_task_end: parallel_id=0 thread_num=4
[OMPT] implicit_task_end: parallel_id=0 thread_num=7
[OMPT] implicit_task_end: parallel_id=0 thread_num=8
[OMPT] implicit_task_end: parallel_id=0 thread_num=11
[OMPT] implicit_task_end: parallel_id=0 thread_num=1
[OMPT] implicit_task_end: parallel_id=0 thread_num=14
[OMPT] implicit_task_end: parallel_id=0 thread_num=16
[OMPT] implicit_task_end: parallel_id=0 thread_num=17
[OMPT] implicit_task_end: parallel_id=0 thread_num=5
[OMPT] implicit_task_end: parallel_id=0 thread_num=3
[OMPT] implicit_task_end: parallel_id=0 thread_num=10
[OMPT] implicit_task_end: parallel_id=0 thread_num=9
[OMPT] implicit_task_end: parallel_id=0 thread_num=2
[OMPT] implicit_task_end: parallel_id=0 thread_num=20
[OMPT] implicit_task_end: parallel_id=0 thread_num=22
[OMPT] implicit_task_end: parallel_id=0 thread_num=24
[OMPT] implicit_task_end: parallel_id=0 thread_num=28
[OMPT] implicit_task_end: parallel_id=0 thread_num=18
[OMPT] implicit_task_end: parallel_id=0 thread_num=31
[OMPT] implicit_task_end: parallel_id=0 thread_num=6
[OMPT] implicit_task_end: parallel_id=0 thread_num=19
[OMPT] implicit_task_end: parallel_id=0 thread_num=23
[OMPT] implicit_task_end: parallel_id=0 thread_num=21
[OMPT] implicit_task_end: parallel_id=0 thread_num=25
[OMPT] implicit_task_end: parallel_id=0 thread_num=26
[OMPT] implicit_task_end: parallel_id=0 thread_num=29
[OMPT] implicit_task_end: parallel_id=0 thread_num=27
[OMPT] implicit_task_end: parallel_id=0 thread_num=30
[OMPT][WIN100ms] ompt_id=2814749767106561 tid=1054937 tipo=ompt_thread_worker     cpu=113 numa=1  d_rm= 1923419  d_instr= 365722007  d_cyc= 551938704  d_all=16421151  IPC=0.663  ratio_rm=0.1171
[OMPT][WIN100ms] ompt_id=3096224743817217 tid=1054936 tipo=ompt_thread_worker     cpu=  2 numa=0  d_rm= 2038188  d_instr= 308089678  d_cyc= 560321576  d_all=16573537  IPC=0.550  ratio_rm=0.1230
[OMPT][WIN100ms] ompt_id=3377699720527873 tid=1054938 tipo=ompt_thread_worker     cpu=231 numa=1  d_rm= 1995186  d_instr= 373289744  d_cyc= 553366878  d_all=16604452  IPC=0.675  ratio_rm=0.1202
[OMPT][WIN100ms] ompt_id=3940649673949185 tid=1054940 tipo=ompt_thread_worker     cpu= 45 numa=0  d_rm= 1916815  d_instr= 363765314  d_cyc= 550535607  d_all=16189263  IPC=0.661  ratio_rm=0.1184
[OMPT][WIN100ms] ompt_id=3659174697238529 tid=1054939 tipo=ompt_thread_worker     cpu= 56 numa=0  d_rm= 1924460  d_instr= 375540345  d_cyc= 552143001  d_all=16378081  IPC=0.680  ratio_rm=0.1175
[OMPT][WIN100ms] ompt_id=4222124650659841 tid=1054942 tipo=ompt_thread_worker     cpu=191 numa=0  d_rm= 1936626  d_instr= 374504644  d_cyc= 552681891  d_all=16616074  IPC=0.678  ratio_rm=0.1166
[OMPT][WIN100ms] ompt_id=4503599627370497 tid=1054941 tipo=ompt_thread_worker     cpu= 64 numa=1  d_rm= 1645158  d_instr= 399343323  d_cyc= 548443989  d_all=16327730  IPC=0.728  ratio_rm=0.1008
[OMPT][WIN100ms] ompt_id=4785074604081153 tid=1054944 tipo=ompt_thread_worker     cpu= 21 numa=0  d_rm= 1995024  d_instr= 368334936  d_cyc= 551097828  d_all=16714711  IPC=0.668  ratio_rm=0.1194
[OMPT][WIN100ms] ompt_id=5066549580791809 tid=1054943 tipo=ompt_thread_worker     cpu=120 numa=1  d_rm= 1921171  d_instr= 367699442  d_cyc= 550791798  d_all=16711691  IPC=0.668  ratio_rm=0.1150
[OMPT][WIN100ms] ompt_id=5348024557502465 tid=1054945 tipo=ompt_thread_worker     cpu=  1 numa=0  d_rm= 2063295  d_instr= 308381228  d_cyc= 557509002  d_all=16295630  IPC=0.553  ratio_rm=0.1266
[OMPT][WIN100ms] ompt_id=5629499534213121 tid=1054946 tipo=ompt_thread_worker     cpu= 89 numa=1  d_rm= 1934061  d_instr= 376795504  d_cyc= 548828420  d_all=16416124  IPC=0.687  ratio_rm=0.1178
[OMPT][WIN100ms] ompt_id=5910974510923777 tid=1054947 tipo=ompt_thread_worker     cpu= 88 numa=1  d_rm= 1923541  d_instr= 382446993  d_cyc= 548564491  d_all=16477810  IPC=0.697  ratio_rm=0.1167
[OMPT][WIN100ms] ompt_id=6192449487634433 tid=1054948 tipo=ompt_thread_worker     cpu= 37 numa=0  d_rm= 1892935  d_instr= 375051889  d_cyc= 549732987  d_all=16362896  IPC=0.682  ratio_rm=0.1157
[OMPT][WIN100ms] ompt_id=6473924464345089 tid=1054949 tipo=ompt_thread_worker     cpu=128 numa=0  d_rm= 2017998  d_instr= 309336824  d_cyc= 557427103  d_all=16467718  IPC=0.555  ratio_rm=0.1225
[OMPT][WIN100ms] ompt_id=6755399441055745 tid=1054950 tipo=ompt_thread_worker     cpu=237 numa=1  d_rm= 1987252  d_instr= 377242510  d_cyc= 548919441  d_all=16411362  IPC=0.687  ratio_rm=0.1211
[OMPT][WIN100ms] ompt_id=7036874417766401 tid=1054951 tipo=ompt_thread_worker     cpu=104 numa=1  d_rm= 2013202  d_instr= 384045880  d_cyc= 547555335  d_all=16444098  IPC=0.701  ratio_rm=0.1224
[OMPT][WIN100ms] ompt_id=7318349394477057 tid=1054952 tipo=ompt_thread_worker     cpu= 48 numa=0  d_rm= 1864697  d_instr= 373484614  d_cyc= 550644316  d_all=16354211  IPC=0.678  ratio_rm=0.1140
[OMPT][WIN100ms] ompt_id=7599824371187713 tid=1054953 tipo=ompt_thread_worker     cpu= 38 numa=0  d_rm= 1910876  d_instr= 361079746  d_cyc= 548706254  d_all=17223261  IPC=0.658  ratio_rm=0.1109
[OMPT][WIN100ms] ompt_id=7881299347898369 tid=1054954 tipo=ompt_thread_worker     cpu= 46 numa=0  d_rm= 1902360  d_instr= 370361004  d_cyc= 550291866  d_all=16708726  IPC=0.673  ratio_rm=0.1139
[OMPT][WIN100ms] ompt_id=8162774324609025 tid=1054955 tipo=ompt_thread_worker     cpu= 72 numa=1  d_rm= 1943417  d_instr= 377389290  d_cyc= 547098394  d_all=16544937  IPC=0.690  ratio_rm=0.1175
[OMPT][WIN100ms] ompt_id=8444249301319681 tid=1054956 tipo=ompt_thread_worker     cpu=112 numa=1  d_rm= 1932092  d_instr= 368075715  d_cyc= 549008301  d_all=16509832  IPC=0.670  ratio_rm=0.1170
[OMPT][WIN100ms] ompt_id=8725724278030337 tid=1054957 tipo=ompt_thread_worker     cpu= 25 numa=0  d_rm= 1918870  d_instr= 372305194  d_cyc= 547064541  d_all=16404791  IPC=0.681  ratio_rm=0.1170
[OMPT][WIN100ms] ompt_id=9007199254740993 tid=1054958 tipo=ompt_thread_worker     cpu= 73 numa=1  d_rm= 1931782  d_instr= 379981411  d_cyc= 548634197  d_all=16566162  IPC=0.693  ratio_rm=0.1166
[OMPT] implicit_task_begin: parallel_id=281474976710865 thread_num=25 team_size=32
[OMPT] implicit_task_begin: parallel_id=281474976710865 thread_num=2 team_size=32
[OMPT] implicit_task_begin: parallel_id=281474976710865 thread_num=29 team_size=32
[OMPT] implicit_task_begin: parallel_id=281474976710865 thread_num=10 team_size=32
[OMPT] implicit_task_begin: parallel_id=281474976710865 thread_num=26 team_size=32
[OMPT] implicit_task_begin: parallel_id=281474976710865 thread_num=21 team_size=32
[OMPT] implicit_task_begin: parallel_id=281474976710865 thread_num=7 team_size=32
[OMPT] implicit_task_begin: parallel_id=281474976710865 thread_num=3 team_size=32
[OMPT] implicit_task_begin: parallel_id=281474976710865 thread_num=0 team_size=32
[OMPT] implicit_task_begin: parallel_id=281474976710865 thread_num=17 team_size=32
[OMPT] implicit_task_begin: parallel_id=281474976710865 thread_num=23 team_size=32
[OMPT] implicit_task_begin: parallel_id=281474976710865 thread_num=24 team_size=32
[OMPT] implicit_task_begin: parallel_id=281474976710865 thread_num=11 team_size=32
[OMPT] implicit_task_begin: parallel_id=281474976710865 thread_num=8 team_size=32
[OMPT] implicit_task_begin: parallel_id=281474976710865 thread_num=4 team_size=32
[OMPT] implicit_task_begin: parallel_id=281474976710865 thread_num=16 team_size=32
[OMPT] implicit_task_begin: parallel_id=281474976710865 thread_num=19 team_size=32
[OMPT] implicit_task_begin: parallel_id=281474976710865 thread_num=20 team_size=32
[OMPT] implicit_task_begin: parallel_id=281474976710865 thread_num=14 team_size=32
[OMPT] implicit_task_begin: parallel_id=281474976710865 thread_num=28 team_size=32
[OMPT] implicit_task_begin: parallel_id=281474976710865 thread_num=31 team_size=32
[OMPT] implicit_task_begin: parallel_id=281474976710865 thread_num=9 team_size=32
[OMPT] implicit_task_begin: parallel_id=281474976710865 thread_num=18 team_size=32
[OMPT] implicit_task_begin: parallel_id=281474976710865 thread_num=15 team_size=32
[OMPT] implicit_task_begin: parallel_id=281474976710865 thread_num=12 team_size=32
[OMPT] implicit_task_begin: parallel_id=281474976710865 thread_num=1 team_size=32
[OMPT] implicit_task_begin: parallel_id=281474976710865 thread_num=22 team_size=32
[OMPT] implicit_task_begin: parallel_id=281474976710865 thread_num=30 team_size=32
[OMPT] implicit_task_begin: parallel_id=281474976710865 thread_num=6 team_size=32
[OMPT] implicit_task_begin: parallel_id=281474976710865 thread_num=5 team_size=32
[OMPT] implicit_task_begin: parallel_id=281474976710865 thread_num=13 team_size=32
[OMPT] implicit_task_begin: parallel_id=281474976710865 thread_num=27 team_size=32
[OMPT] implicit_task_end: parallel_id=0 thread_num=0
[OMPT] parallel_end: parallel_id=281474976710865
[OMPT] parallel_begin: parallel_id=281474976710867 team_size=32
[OMPT] implicit_task_end: parallel_id=0 thread_num=16
[OMPT] implicit_task_end: parallel_id=0 thread_num=2
[OMPT] implicit_task_end: parallel_id=0 thread_num=28
[OMPT] implicit_task_end: parallel_id=0 thread_num=20
[OMPT] implicit_task_end: parallel_id=0 thread_num=29
[OMPT] implicit_task_end: parallel_id=0 thread_num=22
[OMPT] implicit_task_end: parallel_id=0 thread_num=3
[OMPT] implicit_task_end: parallel_id=0 thread_num=1
[OMPT] implicit_task_begin: parallel_id=281474976710867 thread_num=0 team_size=32
[OMPT] implicit_task_end: parallel_id=0 thread_num=17
[OMPT] implicit_task_begin: parallel_id=281474976710867 thread_num=20 team_size=32
[OMPT] implicit_task_end: parallel_id=0 thread_num=24
[OMPT] implicit_task_begin: parallel_id=281474976710867 thread_num=17 team_size=32
[OMPT] implicit_task_end: parallel_id=0 thread_num=25
[OMPT] implicit_task_begin: parallel_id=281474976710867 thread_num=22 team_size=32
[OMPT] implicit_task_begin: parallel_id=281474976710867 thread_num=1 team_size=32
[OMPT] implicit_task_end: parallel_id=0 thread_num=31
[OMPT] implicit_task_end: parallel_id=0 thread_num=30
[OMPT] implicit_task_begin: parallel_id=281474976710867 thread_num=16 team_size=32
[OMPT] implicit_task_end: parallel_id=0 thread_num=12
[OMPT] implicit_task_begin: parallel_id=281474976710867 thread_num=28 team_size=32
[OMPT] implicit_task_end: parallel_id=0 thread_num=15
[OMPT] implicit_task_begin: parallel_id=281474976710867 thread_num=31 team_size=32
[OMPT] implicit_task_end: parallel_id=0 thread_num=23
[OMPT] implicit_task_end: parallel_id=0 thread_num=21
[OMPT] implicit_task_begin: parallel_id=281474976710867 thread_num=15 team_size=32
[OMPT] implicit_task_end: parallel_id=0 thread_num=19
[OMPT] implicit_task_begin: parallel_id=281474976710867 thread_num=23 team_size=32
[OMPT] implicit_task_begin: parallel_id=281474976710867 thread_num=29 team_size=32
[OMPT] implicit_task_end: parallel_id=0 thread_num=27
[OMPT] implicit_task_begin: parallel_id=281474976710867 thread_num=21 team_size=32
[OMPT] implicit_task_begin: parallel_id=281474976710867 thread_num=27 team_size=32
[OMPT] implicit_task_begin: parallel_id=281474976710867 thread_num=24 team_size=32
[OMPT] implicit_task_begin: parallel_id=281474976710867 thread_num=3 team_size=32
[OMPT] implicit_task_end: parallel_id=0 thread_num=13
[OMPT] implicit_task_end: parallel_id=0 thread_num=14
[OMPT] implicit_task_begin: parallel_id=281474976710867 thread_num=30 team_size=32
[OMPT] implicit_task_end: parallel_id=0 thread_num=18
[OMPT] implicit_task_begin: parallel_id=281474976710867 thread_num=18 team_size=32
[OMPT] implicit_task_begin: parallel_id=281474976710867 thread_num=2 team_size=32
[OMPT] implicit_task_begin: parallel_id=281474976710867 thread_num=12 team_size=32
[OMPT] implicit_task_begin: parallel_id=281474976710867 thread_num=19 team_size=32
[OMPT] implicit_task_end: parallel_id=0 thread_num=26
[OMPT] implicit_task_begin: parallel_id=281474976710867 thread_num=26 team_size=32
[OMPT] implicit_task_end: parallel_id=0 thread_num=4
[OMPT] implicit_task_end: parallel_id=0 thread_num=7
[OMPT] implicit_task_end: parallel_id=0 thread_num=6
[OMPT] implicit_task_begin: parallel_id=281474976710867 thread_num=14 team_size=32
[OMPT] implicit_task_end: parallel_id=0 thread_num=8
[OMPT] implicit_task_end: parallel_id=0 thread_num=11
[OMPT] implicit_task_begin: parallel_id=281474976710867 thread_num=6 team_size=32
[OMPT] implicit_task_end: parallel_id=0 thread_num=5
[OMPT] implicit_task_begin: parallel_id=281474976710867 thread_num=13 team_size=32
[OMPT] implicit_task_begin: parallel_id=281474976710867 thread_num=8 team_size=32
[OMPT] implicit_task_begin: parallel_id=281474976710867 thread_num=7 team_size=32
[OMPT] implicit_task_begin: parallel_id=281474976710867 thread_num=25 team_size=32
[OMPT] implicit_task_begin: parallel_id=281474976710867 thread_num=5 team_size=32
[OMPT] implicit_task_end: parallel_id=0 thread_num=10
[OMPT] implicit_task_begin: parallel_id=281474976710867 thread_num=4 team_size=32
[OMPT] implicit_task_begin: parallel_id=281474976710867 thread_num=10 team_size=32
[OMPT] implicit_task_begin: parallel_id=281474976710867 thread_num=11 team_size=32
[OMPT] implicit_task_end: parallel_id=0 thread_num=9
[OMPT] implicit_task_begin: parallel_id=281474976710867 thread_num=9 team_size=32
[OMPT] implicit_task_end: parallel_id=0 thread_num=0
[OMPT] parallel_end: parallel_id=281474976710867
[OMPT] parallel_begin: parallel_id=281474976710869 team_size=32
[OMPT] implicit_task_end: parallel_id=0 thread_num=16
[OMPT] implicit_task_end: parallel_id=0 thread_num=1
[OMPT] implicit_task_end: parallel_id=0 thread_num=28
[OMPT] implicit_task_end: parallel_id=0 thread_num=31
[OMPT] implicit_task_end: parallel_id=0 thread_num=29
[OMPT] implicit_task_begin: parallel_id=281474976710869 thread_num=28 team_size=32
[OMPT] implicit_task_begin: parallel_id=281474976710869 thread_num=31 team_size=32
[OMPT] implicit_task_end: parallel_id=0 thread_num=2
[OMPT] implicit_task_begin: parallel_id=281474976710869 thread_num=0 team_size=32
[OMPT] implicit_task_begin: parallel_id=281474976710869 thread_num=29 team_size=32
[OMPT] implicit_task_end: parallel_id=0 thread_num=17
[OMPT] implicit_task_begin: parallel_id=281474976710869 thread_num=2 team_size=32
[OMPT] implicit_task_end: parallel_id=0 thread_num=19
[OMPT] implicit_task_end: parallel_id=0 thread_num=24
[OMPT] implicit_task_end: parallel_id=0 thread_num=25
[OMPT] implicit_task_begin: parallel_id=281474976710869 thread_num=19 team_size=32
[OMPT] implicit_task_end: parallel_id=0 thread_num=18
[OMPT] implicit_task_end: parallel_id=0 thread_num=30
[OMPT] implicit_task_begin: parallel_id=281474976710869 thread_num=24 team_size=32
[OMPT] implicit_task_begin: parallel_id=281474976710869 thread_num=25 team_size=32
[OMPT] implicit_task_begin: parallel_id=281474976710869 thread_num=30 team_size=32
[OMPT] implicit_task_begin: parallel_id=281474976710869 thread_num=1 team_size=32
[OMPT] implicit_task_end: parallel_id=0 thread_num=3
[OMPT] implicit_task_begin: parallel_id=281474976710869 thread_num=3 team_size=32
[OMPT] implicit_task_begin: parallel_id=281474976710869 thread_num=17 team_size=32
[OMPT] implicit_task_end: parallel_id=0 thread_num=20
[OMPT] implicit_task_end: parallel_id=0 thread_num=23
[OMPT] implicit_task_begin: parallel_id=281474976710869 thread_num=20 team_size=32
[OMPT] implicit_task_end: parallel_id=0 thread_num=27
[OMPT] implicit_task_end: parallel_id=0 thread_num=26
[OMPT] implicit_task_end: parallel_id=0 thread_num=4
[OMPT] implicit_task_begin: parallel_id=281474976710869 thread_num=16 team_size=32
[OMPT] implicit_task_begin: parallel_id=281474976710869 thread_num=26 team_size=32
[OMPT] implicit_task_begin: parallel_id=281474976710869 thread_num=18 team_size=32
[OMPT] implicit_task_end: parallel_id=0 thread_num=12
[OMPT] implicit_task_end: parallel_id=0 thread_num=22
[OMPT] implicit_task_end: parallel_id=0 thread_num=15
[OMPT] implicit_task_end: parallel_id=0 thread_num=21
[OMPT] implicit_task_begin: parallel_id=281474976710869 thread_num=27 team_size=32
[OMPT] implicit_task_begin: parallel_id=281474976710869 thread_num=21 team_size=32
[OMPT] implicit_task_end: parallel_id=0 thread_num=7
[OMPT] implicit_task_end: parallel_id=0 thread_num=6
[OMPT] implicit_task_begin: parallel_id=281474976710869 thread_num=4 team_size=32
[OMPT] implicit_task_end: parallel_id=0 thread_num=8
[OMPT] implicit_task_begin: parallel_id=281474976710869 thread_num=6 team_size=32
[OMPT] implicit_task_end: parallel_id=0 thread_num=10
[OMPT] implicit_task_end: parallel_id=0 thread_num=13
[OMPT] implicit_task_begin: parallel_id=281474976710869 thread_num=8 team_size=32
[OMPT] implicit_task_end: parallel_id=0 thread_num=14
[OMPT] implicit_task_begin: parallel_id=281474976710869 thread_num=13 team_size=32
[OMPT] implicit_task_begin: parallel_id=281474976710869 thread_num=22 team_size=32
[OMPT] implicit_task_begin: parallel_id=281474976710869 thread_num=14 team_size=32
[OMPT] implicit_task_begin: parallel_id=281474976710869 thread_num=7 team_size=32
[OMPT] implicit_task_end: parallel_id=0 thread_num=5
[OMPT] implicit_task_begin: parallel_id=281474976710869 thread_num=5 team_size=32
[OMPT] implicit_task_end: parallel_id=0 thread_num=9
[OMPT] implicit_task_begin: parallel_id=281474976710869 thread_num=9 team_size=32
[OMPT] implicit_task_begin: parallel_id=281474976710869 thread_num=12 team_size=32
[OMPT] implicit_task_begin: parallel_id=281474976710869 thread_num=23 team_size=32
[OMPT] implicit_task_begin: parallel_id=281474976710869 thread_num=10 team_size=32
[OMPT] implicit_task_begin: parallel_id=281474976710869 thread_num=15 team_size=32
[OMPT] implicit_task_end: parallel_id=0 thread_num=11
[OMPT] implicit_task_begin: parallel_id=281474976710869 thread_num=11 team_size=32
[OMPT] implicit_task_end: parallel_id=0 thread_num=0
[OMPT] parallel_end: parallel_id=281474976710869
[OMPT] parallel_begin: parallel_id=281474976710871 team_size=32
[OMPT] implicit_task_end: parallel_id=0 thread_num=8
[OMPT] implicit_task_end: parallel_id=0 thread_num=12
[OMPT] implicit_task_end: parallel_id=0 thread_num=11
[OMPT] implicit_task_end: parallel_id=0 thread_num=13
[OMPT] implicit_task_begin: parallel_id=281474976710871 thread_num=8 team_size=32
[OMPT] implicit_task_end: parallel_id=0 thread_num=3
[OMPT] implicit_task_begin: parallel_id=281474976710871 thread_num=11 team_size=32
[OMPT] implicit_task_begin: parallel_id=281474976710871 thread_num=13 team_size=32
[OMPT] implicit_task_end: parallel_id=0 thread_num=1
[OMPT] implicit_task_begin: parallel_id=281474976710871 thread_num=1 team_size=32
[OMPT] implicit_task_end: parallel_id=0 thread_num=10
[OMPT] implicit_task_end: parallel_id=0 thread_num=15
[OMPT] implicit_task_begin: parallel_id=281474976710871 thread_num=15 team_size=32
[OMPT] implicit_task_end: parallel_id=0 thread_num=14
[OMPT] implicit_task_end: parallel_id=0 thread_num=4
[OMPT] implicit_task_end: parallel_id=0 thread_num=7
[OMPT] implicit_task_end: parallel_id=0 thread_num=16
[OMPT] implicit_task_end: parallel_id=0 thread_num=28
[OMPT] implicit_task_begin: parallel_id=281474976710871 thread_num=16 team_size=32
[OMPT] implicit_task_begin: parallel_id=281474976710871 thread_num=12 team_size=32
[OMPT] implicit_task_end: parallel_id=0 thread_num=31
[OMPT] implicit_task_end: parallel_id=0 thread_num=30
[OMPT] implicit_task_begin: parallel_id=281474976710871 thread_num=0 team_size=32
[OMPT] implicit_task_begin: parallel_id=281474976710871 thread_num=10 team_size=32
[OMPT] implicit_task_begin: parallel_id=281474976710871 thread_num=30 team_size=32
[OMPT] implicit_task_end: parallel_id=0 thread_num=5
[OMPT] implicit_task_end: parallel_id=0 thread_num=18
[OMPT] implicit_task_begin: parallel_id=281474976710871 thread_num=5 team_size=32
[OMPT] implicit_task_end: parallel_id=0 thread_num=24
[OMPT] implicit_task_end: parallel_id=0 thread_num=25
[OMPT] implicit_task_end: parallel_id=0 thread_num=19
[OMPT] implicit_task_begin: parallel_id=281474976710871 thread_num=25 team_size=32
[OMPT] implicit_task_end: parallel_id=0 thread_num=2
[OMPT] implicit_task_begin: parallel_id=281474976710871 thread_num=4 team_size=32
[OMPT] implicit_task_begin: parallel_id=281474976710871 thread_num=7 team_size=32
[OMPT] implicit_task_begin: parallel_id=281474976710871 thread_num=2 team_size=32
[OMPT] implicit_task_end: parallel_id=0 thread_num=29
[OMPT] implicit_task_begin: parallel_id=281474976710871 thread_num=3 team_size=32
[OMPT] implicit_task_begin: parallel_id=281474976710871 thread_num=29 team_size=32
[OMPT] implicit_task_begin: parallel_id=281474976710871 thread_num=28 team_size=32
[OMPT] implicit_task_begin: parallel_id=281474976710871 thread_num=31 team_size=32
[OMPT] implicit_task_end: parallel_id=0 thread_num=6
[OMPT] implicit_task_begin: parallel_id=281474976710871 thread_num=18 team_size=32
[OMPT] implicit_task_end: parallel_id=0 thread_num=27
[OMPT] implicit_task_begin: parallel_id=281474976710871 thread_num=27 team_size=32
[OMPT] implicit_task_end: parallel_id=0 thread_num=17
[OMPT] implicit_task_begin: parallel_id=281474976710871 thread_num=17 team_size=32
[OMPT] implicit_task_end: parallel_id=0 thread_num=26
[OMPT] implicit_task_begin: parallel_id=281474976710871 thread_num=26 team_size=32
[OMPT] implicit_task_begin: parallel_id=281474976710871 thread_num=24 team_size=32
[OMPT] implicit_task_end: parallel_id=0 thread_num=20
[OMPT] implicit_task_end: parallel_id=0 thread_num=23
[OMPT] implicit_task_begin: parallel_id=281474976710871 thread_num=20 team_size=32
[OMPT] implicit_task_begin: parallel_id=281474976710871 thread_num=23 team_size=32
[OMPT] implicit_task_begin: parallel_id=281474976710871 thread_num=14 team_size=32
[OMPT] implicit_task_begin: parallel_id=281474976710871 thread_num=6 team_size=32
[OMPT] implicit_task_end: parallel_id=0 thread_num=21
[OMPT] implicit_task_begin: parallel_id=281474976710871 thread_num=21 team_size=32
[OMPT] implicit_task_end: parallel_id=0 thread_num=22
[OMPT] implicit_task_begin: parallel_id=281474976710871 thread_num=22 team_size=32
[OMPT] implicit_task_end: parallel_id=0 thread_num=9
[OMPT] implicit_task_begin: parallel_id=281474976710871 thread_num=9 team_size=32
[OMPT] implicit_task_begin: parallel_id=281474976710871 thread_num=19 team_size=32
[OMPT] implicit_task_end: parallel_id=0 thread_num=0
[OMPT] parallel_end: parallel_id=281474976710871
[OMPT] parallel_begin: parallel_id=281474976710873 team_size=32
[OMPT] implicit_task_end: parallel_id=0 thread_num=16
[OMPT] implicit_task_end: parallel_id=0 thread_num=1
[OMPT] implicit_task_end: parallel_id=0 thread_num=19
[OMPT] implicit_task_begin: parallel_id=281474976710873 thread_num=16 team_size=32
[OMPT] implicit_task_end: parallel_id=0 thread_num=12
[OMPT] implicit_task_end: parallel_id=0 thread_num=15
[OMPT] implicit_task_begin: parallel_id=281474976710873 thread_num=19 team_size=32
[OMPT] implicit_task_begin: parallel_id=281474976710873 thread_num=12 team_size=32
[OMPT] implicit_task_end: parallel_id=0 thread_num=8
[OMPT] implicit_task_end: parallel_id=0 thread_num=11
[OMPT] implicit_task_begin: parallel_id=281474976710873 thread_num=0 team_size=32
[OMPT] implicit_task_end: parallel_id=0 thread_num=17
[OMPT] implicit_task_end: parallel_id=0 thread_num=20
[OMPT] implicit_task_end: parallel_id=0 thread_num=23
[OMPT] implicit_task_end: parallel_id=0 thread_num=18
[OMPT] implicit_task_end: parallel_id=0 thread_num=24
[OMPT] implicit_task_end: parallel_id=0 thread_num=4
[OMPT] implicit_task_begin: parallel_id=281474976710873 thread_num=23 team_size=32
[OMPT] implicit_task_end: parallel_id=0 thread_num=25
[OMPT] implicit_task_begin: parallel_id=281474976710873 thread_num=1 team_size=32
[OMPT] implicit_task_begin: parallel_id=281474976710873 thread_num=4 team_size=32
[OMPT] implicit_task_begin: parallel_id=281474976710873 thread_num=25 team_size=32
[OMPT] implicit_task_end: parallel_id=0 thread_num=3
[OMPT] implicit_task_begin: parallel_id=281474976710873 thread_num=3 team_size=32
[OMPT] implicit_task_end: parallel_id=0 thread_num=9
[OMPT] implicit_task_begin: parallel_id=281474976710873 thread_num=9 team_size=32
[OMPT] implicit_task_end: parallel_id=0 thread_num=10
[OMPT] implicit_task_begin: parallel_id=281474976710873 thread_num=8 team_size=32
[OMPT] implicit_task_begin: parallel_id=281474976710873 thread_num=10 team_size=32
[OMPT] implicit_task_begin: parallel_id=281474976710873 thread_num=11 team_size=32
[OMPT] implicit_task_begin: parallel_id=281474976710873 thread_num=17 team_size=32
[OMPT] implicit_task_end: parallel_id=0 thread_num=22
[OMPT] implicit_task_begin: parallel_id=281474976710873 thread_num=22 team_size=32
[OMPT] implicit_task_end: parallel_id=0 thread_num=28
[OMPT] implicit_task_end: parallel_id=0 thread_num=31
[OMPT] implicit_task_begin: parallel_id=281474976710873 thread_num=28 team_size=32
[OMPT] implicit_task_begin: parallel_id=281474976710873 thread_num=31 team_size=32
[OMPT] implicit_task_begin: parallel_id=281474976710873 thread_num=20 team_size=32
[OMPT] implicit_task_end: parallel_id=0 thread_num=27
[OMPT] implicit_task_end: parallel_id=0 thread_num=26
[OMPT] implicit_task_begin: parallel_id=281474976710873 thread_num=27 team_size=32
[OMPT] implicit_task_end: parallel_id=0 thread_num=7
[OMPT] implicit_task_begin: parallel_id=281474976710873 thread_num=26 team_size=32
[OMPT] implicit_task_end: parallel_id=0 thread_num=5
[OMPT] implicit_task_end: parallel_id=0 thread_num=13
[OMPT] implicit_task_end: parallel_id=0 thread_num=14
[OMPT] implicit_task_begin: parallel_id=281474976710873 thread_num=13 team_size=32
[OMPT] implicit_task_begin: parallel_id=281474976710873 thread_num=15 team_size=32
[OMPT] implicit_task_begin: parallel_id=281474976710873 thread_num=14 team_size=32
[OMPT] implicit_task_end: parallel_id=0 thread_num=29
[OMPT] implicit_task_begin: parallel_id=281474976710873 thread_num=29 team_size=32
[OMPT] implicit_task_end: parallel_id=0 thread_num=30
[OMPT] implicit_task_begin: parallel_id=281474976710873 thread_num=30 team_size=32
[OMPT] implicit_task_end: parallel_id=0 thread_num=21
[OMPT] implicit_task_begin: parallel_id=281474976710873 thread_num=21 team_size=32
[OMPT] implicit_task_begin: parallel_id=281474976710873 thread_num=24 team_size=32
[OMPT] implicit_task_begin: parallel_id=281474976710873 thread_num=7 team_size=32
[OMPT] implicit_task_end: parallel_id=0 thread_num=6
[OMPT] implicit_task_begin: parallel_id=281474976710873 thread_num=6 team_size=32
[OMPT] implicit_task_begin: parallel_id=281474976710873 thread_num=18 team_size=32
[OMPT] implicit_task_begin: parallel_id=281474976710873 thread_num=5 team_size=32
[OMPT] implicit_task_end: parallel_id=0 thread_num=2
[OMPT] implicit_task_begin: parallel_id=281474976710873 thread_num=2 team_size=32
[OMPT][WIN100ms] ompt_id=281474976710657 tid=1054906 tipo=ompt_thread_initial    cpu= 22 numa=0  d_rm= 1936528  d_instr= 367729859  d_cyc= 548902653  d_all=16519878  IPC=0.670  ratio_rm=0.1172
[OMPT][WIN100ms] ompt_id=562949953421313 tid=1054928 tipo=ompt_thread_worker     cpu=159 numa=0  d_rm= 1914340  d_instr= 374934601  d_cyc= 548290672  d_all=16311143  IPC=0.684  ratio_rm=0.1174
[OMPT][WIN100ms] ompt_id=844424930131969 tid=1054929 tipo=ompt_thread_worker     cpu= 49 numa=0  d_rm= 1878399  d_instr= 374571751  d_cyc= 546029765  d_all=16370813  IPC=0.686  ratio_rm=0.1147
[OMPT][WIN100ms] ompt_id=1125899906842625 tid=1054930 tipo=ompt_thread_worker     cpu=  8 numa=0  d_rm= 1887885  d_instr= 375194025  d_cyc= 547555152  d_all=16702487  IPC=0.685  ratio_rm=0.1130
[OMPT][WIN100ms] ompt_id=1407374883553281 tid=1054931 tipo=ompt_thread_worker     cpu=121 numa=1  d_rm= 2028500  d_instr= 370522459  d_cyc= 547458571  d_all=16929632  IPC=0.677  ratio_rm=0.1198
[OMPT][WIN100ms] ompt_id=1688849860263937 tid=1054932 tipo=ompt_thread_worker     cpu=208 numa=1  d_rm= 1969933  d_instr= 378431917  d_cyc= 546450270  d_all=16479911  IPC=0.693  ratio_rm=0.1195
[OMPT][WIN100ms] ompt_id=1970324836974593 tid=1054933 tipo=ompt_thread_worker     cpu= 87 numa=1  d_rm= 1972837  d_instr= 381019609  d_cyc= 546037284  d_all=16605928  IPC=0.698  ratio_rm=0.1188
[OMPT][WIN100ms] ompt_id=2251799813685249 tid=1054935 tipo=ompt_thread_worker     cpu= 97 numa=1  d_rm= 1952179  d_instr= 378404292  d_cyc= 546210831  d_all=16741272  IPC=0.693  ratio_rm=0.1166
[OMPT][WIN100ms] ompt_id=2533274790395905 tid=1054934 tipo=ompt_thread_worker     cpu=139 numa=0  d_rm= 1967892  d_instr= 376262262  d_cyc= 547800348  d_all=17090228  IPC=0.687  ratio_rm=0.1151
[OMPT][WIN100ms] ompt_id=2814749767106561 tid=1054937 tipo=ompt_thread_worker     cpu=113 numa=1  d_rm= 1923896  d_instr= 370317131  d_cyc= 548114953  d_all=16417466  IPC=0.676  ratio_rm=0.1172
[OMPT] implicit_task_end: parallel_id=0 thread_num=0
[OMPT] parallel_end: parallel_id=281474976710873
[OMPT] parallel_begin: parallel_id=281474976710875 team_size=32
[OMPT] implicit_task_end: parallel_id=0 thread_num=12
[OMPT] implicit_task_end: parallel_id=0 thread_num=3
[OMPT] implicit_task_end: parallel_id=0 thread_num=13
[OMPT] implicit_task_end: parallel_id=0 thread_num=16
[OMPT] implicit_task_end: parallel_id=0 thread_num=28
[OMPT] implicit_task_end: parallel_id=0 thread_num=24
[OMPT] implicit_task_end: parallel_id=0 thread_num=27
[OMPT] implicit_task_end: parallel_id=0 thread_num=15
[OMPT] implicit_task_end: parallel_id=0 thread_num=14
[OMPT] implicit_task_end: parallel_id=0 thread_num=4
[OMPT] implicit_task_end: parallel_id=0 thread_num=7
[OMPT] implicit_task_end: parallel_id=0 thread_num=6
[OMPT] implicit_task_end: parallel_id=0 thread_num=17
[OMPT] implicit_task_end: parallel_id=0 thread_num=20
[OMPT] implicit_task_end: parallel_id=0 thread_num=23
[OMPT] implicit_task_end: parallel_id=0 thread_num=2
[OMPT] implicit_task_end: parallel_id=0 thread_num=31
[OMPT] implicit_task_end: parallel_id=0 thread_num=29
[OMPT] implicit_task_end: parallel_id=0 thread_num=30
[OMPT] implicit_task_end: parallel_id=0 thread_num=1
[OMPT] implicit_task_end: parallel_id=0 thread_num=25
[OMPT] implicit_task_end: parallel_id=0 thread_num=26
[OMPT] implicit_task_end: parallel_id=0 thread_num=8
[OMPT] implicit_task_end: parallel_id=0 thread_num=10
[OMPT] implicit_task_end: parallel_id=0 thread_num=9
[OMPT] implicit_task_end: parallel_id=0 thread_num=19
[OMPT] implicit_task_end: parallel_id=0 thread_num=21
[OMPT] implicit_task_end: parallel_id=0 thread_num=22
[OMPT] implicit_task_end: parallel_id=0 thread_num=5
[OMPT] implicit_task_end: parallel_id=0 thread_num=11
[OMPT] implicit_task_end: parallel_id=0 thread_num=18
[OMPT][WIN100ms] ompt_id=3096224743817217 tid=1054936 tipo=ompt_thread_worker     cpu=  2 numa=0  d_rm= 2032164  d_instr= 307301921  d_cyc= 555237937  d_all=16494326  IPC=0.553  ratio_rm=0.1232
[OMPT][WIN100ms] ompt_id=3377699720527873 tid=1054938 tipo=ompt_thread_worker     cpu=231 numa=1  d_rm= 1975746  d_instr= 378926127  d_cyc= 547514650  d_all=16600807  IPC=0.692  ratio_rm=0.1190
[OMPT][WIN100ms] ompt_id=3940649673949185 tid=1054940 tipo=ompt_thread_worker     cpu= 45 numa=0  d_rm= 1895517  d_instr= 366723133  d_cyc= 546239908  d_all=16186196  IPC=0.671  ratio_rm=0.1171
[OMPT][WIN100ms] ompt_id=3659174697238529 tid=1054939 tipo=ompt_thread_worker     cpu= 56 numa=0  d_rm= 1920502  d_instr= 375951869  d_cyc= 545991719  d_all=16373084  IPC=0.689  ratio_rm=0.1173
[OMPT][WIN100ms] ompt_id=4222124650659841 tid=1054942 tipo=ompt_thread_worker     cpu=191 numa=0  d_rm= 1934056  d_instr= 377281775  d_cyc= 547085218  d_all=16612355  IPC=0.690  ratio_rm=0.1164
[OMPT][WIN100ms] ompt_id=4503599627370497 tid=1054941 tipo=ompt_thread_worker     cpu= 64 numa=1  d_rm= 1623380  d_instr= 398976022  d_cyc= 542706026  d_all=16326617  IPC=0.735  ratio_rm=0.0994
[OMPT][WIN100ms] ompt_id=4785074604081153 tid=1054944 tipo=ompt_thread_worker     cpu= 21 numa=0  d_rm= 1996409  d_instr= 372340506  d_cyc= 548412128  d_all=16712231  IPC=0.679  ratio_rm=0.1195
[OMPT][WIN100ms] ompt_id=5066549580791809 tid=1054943 tipo=ompt_thread_worker     cpu=120 numa=1  d_rm= 1924727  d_instr= 370793079  d_cyc= 550891940  d_all=16706177  IPC=0.673  ratio_rm=0.1152
[OMPT][WIN100ms] ompt_id=5348024557502465 tid=1054945 tipo=ompt_thread_worker     cpu=  1 numa=0  d_rm= 2065295  d_instr= 310354395  d_cyc= 555697455  d_all=16300349  IPC=0.558  ratio_rm=0.1267
[OMPT][WIN100ms] ompt_id=5629499534213121 tid=1054946 tipo=ompt_thread_worker     cpu= 89 numa=1  d_rm= 1929264  d_instr= 378795699  d_cyc= 548325686  d_all=16416424  IPC=0.691  ratio_rm=0.1175
[OMPT][WIN100ms] ompt_id=5910974510923777 tid=1054947 tipo=ompt_thread_worker     cpu= 88 numa=1  d_rm= 1912499  d_instr= 382926339  d_cyc= 548307285  d_all=16478144  IPC=0.698  ratio_rm=0.1161
[OMPT][WIN100ms] ompt_id=6192449487634433 tid=1054948 tipo=ompt_thread_worker     cpu= 37 numa=0  d_rm= 1930599  d_instr= 369953134  d_cyc= 550204328  d_all=16353809  IPC=0.672  ratio_rm=0.1181
[OMPT][WIN100ms] ompt_id=6473924464345089 tid=1054949 tipo=ompt_thread_worker     cpu=128 numa=0  d_rm= 2021194  d_instr= 311955487  d_cyc= 558046234  d_all=16493011  IPC=0.559  ratio_rm=0.1225
[OMPT][WIN100ms] ompt_id=6755399441055745 tid=1054950 tipo=ompt_thread_worker     cpu=237 numa=1  d_rm= 1972380  d_instr= 379997988  d_cyc= 550202347  d_all=16410867  IPC=0.691  ratio_rm=0.1202
[OMPT][WIN100ms] ompt_id=7036874417766401 tid=1054951 tipo=ompt_thread_worker     cpu=104 numa=1  d_rm= 1973014  d_instr= 387395750  d_cyc= 547661507  d_all=16445387  IPC=0.707  ratio_rm=0.1200
[OMPT][WIN100ms] ompt_id=7318349394477057 tid=1054952 tipo=ompt_thread_worker     cpu= 48 numa=0  d_rm= 1879600  d_instr= 377281739  d_cyc= 551462367  d_all=16353441  IPC=0.684  ratio_rm=0.1149
[OMPT][WIN100ms] ompt_id=7599824371187713 tid=1054953 tipo=ompt_thread_worker     cpu= 36 numa=0  d_rm= 1913557  d_instr= 356860779  d_cyc= 526408508  d_all=16531315  IPC=0.678  ratio_rm=0.1158
[OMPT][WIN100ms] ompt_id=7881299347898369 tid=1054954 tipo=ompt_thread_worker     cpu= 46 numa=0  d_rm= 1900654  d_instr= 371142476  d_cyc= 552696330  d_all=16709112  IPC=0.672  ratio_rm=0.1137
[OMPT][WIN100ms] ompt_id=8162774324609025 tid=1054955 tipo=ompt_thread_worker     cpu= 72 numa=1  d_rm= 1950143  d_instr= 380126028  d_cyc= 551837030  d_all=16540302  IPC=0.689  ratio_rm=0.1179
[OMPT][WIN100ms] ompt_id=8444249301319681 tid=1054956 tipo=ompt_thread_worker     cpu=112 numa=1  d_rm= 1922974  d_instr= 370422010  d_cyc= 553151518  d_all=16504602  IPC=0.670  ratio_rm=0.1165
[OMPT][WIN100ms] ompt_id=8725724278030337 tid=1054957 tipo=ompt_thread_worker     cpu= 25 numa=0  d_rm= 1927813  d_instr= 377648278  d_cyc= 552104615  d_all=16410952  IPC=0.684  ratio_rm=0.1175
[OMPT][WIN100ms] ompt_id=9007199254740993 tid=1054958 tipo=ompt_thread_worker     cpu= 73 numa=1  d_rm= 1929316  d_instr= 381207496  d_cyc= 553448642  d_all=16568408  IPC=0.689  ratio_rm=0.1164
[OMPT] implicit_task_begin: parallel_id=281474976710875 thread_num=18 team_size=32
[OMPT] implicit_task_begin: parallel_id=281474976710875 thread_num=9 team_size=32
[OMPT] implicit_task_begin: parallel_id=281474976710875 thread_num=22 team_size=32
[OMPT] implicit_task_begin: parallel_id=281474976710875 thread_num=28 team_size=32
[OMPT] implicit_task_begin: parallel_id=281474976710875 thread_num=31 team_size=32
[OMPT] implicit_task_begin: parallel_id=281474976710875 thread_num=16 team_size=32
[OMPT] implicit_task_begin: parallel_id=281474976710875 thread_num=4 team_size=32
[OMPT] implicit_task_begin: parallel_id=281474976710875 thread_num=2 team_size=32
[OMPT] implicit_task_begin: parallel_id=281474976710875 thread_num=25 team_size=32
[OMPT] implicit_task_begin: parallel_id=281474976710875 thread_num=0 team_size=32
[OMPT] implicit_task_begin: parallel_id=281474976710875 thread_num=17 team_size=32
[OMPT] implicit_task_begin: parallel_id=281474976710875 thread_num=11 team_size=32
[OMPT] implicit_task_begin: parallel_id=281474976710875 thread_num=8 team_size=32
[OMPT] implicit_task_begin: parallel_id=281474976710875 thread_num=6 team_size=32
[OMPT] implicit_task_begin: parallel_id=281474976710875 thread_num=5 team_size=32
[OMPT] implicit_task_begin: parallel_id=281474976710875 thread_num=23 team_size=32
[OMPT] implicit_task_begin: parallel_id=281474976710875 thread_num=24 team_size=32
[OMPT] implicit_task_begin: parallel_id=281474976710875 thread_num=10 team_size=32
[OMPT] implicit_task_begin: parallel_id=281474976710875 thread_num=29 team_size=32
[OMPT] implicit_task_begin: parallel_id=281474976710875 thread_num=27 team_size=32
[OMPT] implicit_task_begin: parallel_id=281474976710875 thread_num=13 team_size=32
[OMPT] implicit_task_begin: parallel_id=281474976710875 thread_num=14 team_size=32
[OMPT] implicit_task_begin: parallel_id=281474976710875 thread_num=21 team_size=32
[OMPT] implicit_task_begin: parallel_id=281474976710875 thread_num=26 team_size=32
[OMPT] implicit_task_begin: parallel_id=281474976710875 thread_num=1 team_size=32
[OMPT] implicit_task_begin: parallel_id=281474976710875 thread_num=30 team_size=32
[OMPT] implicit_task_begin: parallel_id=281474976710875 thread_num=20 team_size=32
[OMPT] implicit_task_begin: parallel_id=281474976710875 thread_num=19 team_size=32
[OMPT] implicit_task_begin: parallel_id=281474976710875 thread_num=7 team_size=32
[OMPT] implicit_task_begin: parallel_id=281474976710875 thread_num=15 team_size=32
[OMPT] implicit_task_begin: parallel_id=281474976710875 thread_num=3 team_size=32
[OMPT] implicit_task_begin: parallel_id=281474976710875 thread_num=12 team_size=32
[OMPT] implicit_task_end: parallel_id=0 thread_num=0
[OMPT] parallel_end: parallel_id=281474976710875
[OMPT] parallel_begin: parallel_id=281474976710877 team_size=32
[OMPT] implicit_task_end: parallel_id=0 thread_num=8
[OMPT] implicit_task_end: parallel_id=0 thread_num=1
[OMPT] implicit_task_end: parallel_id=0 thread_num=10
[OMPT] implicit_task_end: parallel_id=0 thread_num=4
[OMPT] implicit_task_begin: parallel_id=281474976710877 thread_num=1 team_size=32
[OMPT] implicit_task_end: parallel_id=0 thread_num=7
[OMPT] implicit_task_begin: parallel_id=281474976710877 thread_num=10 team_size=32
[OMPT] implicit_task_end: parallel_id=0 thread_num=12
[OMPT] implicit_task_end: parallel_id=0 thread_num=3
[OMPT] implicit_task_end: parallel_id=0 thread_num=15
[OMPT] implicit_task_begin: parallel_id=281474976710877 thread_num=12 team_size=32
[OMPT] implicit_task_begin: parallel_id=281474976710877 thread_num=3 team_size=32
[OMPT] implicit_task_begin: parallel_id=281474976710877 thread_num=15 team_size=32
[OMPT] implicit_task_end: parallel_id=0 thread_num=16
[OMPT] implicit_task_end: parallel_id=0 thread_num=6
[OMPT] implicit_task_begin: parallel_id=281474976710877 thread_num=16 team_size=32
[OMPT] implicit_task_begin: parallel_id=281474976710877 thread_num=4 team_size=32
[OMPT] implicit_task_begin: parallel_id=281474976710877 thread_num=7 team_size=32
[OMPT] implicit_task_begin: parallel_id=281474976710877 thread_num=6 team_size=32
[OMPT] implicit_task_end: parallel_id=0 thread_num=14
[OMPT] implicit_task_end: parallel_id=0 thread_num=13
[OMPT] implicit_task_begin: parallel_id=281474976710877 thread_num=14 team_size=32
[OMPT] implicit_task_end: parallel_id=0 thread_num=9
[OMPT] implicit_task_begin: parallel_id=281474976710877 thread_num=8 team_size=32
[OMPT] implicit_task_end: parallel_id=0 thread_num=2
[OMPT] implicit_task_begin: parallel_id=281474976710877 thread_num=2 team_size=32
[OMPT] implicit_task_end: parallel_id=0 thread_num=17
[OMPT] implicit_task_begin: parallel_id=281474976710877 thread_num=17 team_size=32
[OMPT] implicit_task_end: parallel_id=0 thread_num=18
[OMPT] implicit_task_begin: parallel_id=281474976710877 thread_num=18 team_size=32
[OMPT] implicit_task_end: parallel_id=0 thread_num=28
[OMPT] implicit_task_end: parallel_id=0 thread_num=31
[OMPT] implicit_task_begin: parallel_id=281474976710877 thread_num=28 team_size=32
[OMPT] implicit_task_end: parallel_id=0 thread_num=20
[OMPT] implicit_task_end: parallel_id=0 thread_num=22
[OMPT] implicit_task_end: parallel_id=0 thread_num=24
[OMPT] implicit_task_end: parallel_id=0 thread_num=25
[OMPT] implicit_task_begin: parallel_id=281474976710877 thread_num=20 team_size=32
[OMPT] implicit_task_end: parallel_id=0 thread_num=11
[OMPT] implicit_task_begin: parallel_id=281474976710877 thread_num=13 team_size=32
[OMPT] implicit_task_begin: parallel_id=281474976710877 thread_num=9 team_size=32
[OMPT] implicit_task_end: parallel_id=0 thread_num=30
[OMPT] implicit_task_begin: parallel_id=281474976710877 thread_num=24 team_size=32
[OMPT] implicit_task_begin: parallel_id=281474976710877 thread_num=22 team_size=32
[OMPT] implicit_task_begin: parallel_id=281474976710877 thread_num=11 team_size=32
[OMPT] implicit_task_begin: parallel_id=281474976710877 thread_num=30 team_size=32
[OMPT] implicit_task_begin: parallel_id=281474976710877 thread_num=25 team_size=32
[OMPT] implicit_task_end: parallel_id=0 thread_num=23
[OMPT] implicit_task_end: parallel_id=0 thread_num=5
[OMPT] implicit_task_begin: parallel_id=281474976710877 thread_num=23 team_size=32
[OMPT] implicit_task_end: parallel_id=0 thread_num=26
[OMPT] implicit_task_end: parallel_id=0 thread_num=27
[OMPT] implicit_task_begin: parallel_id=281474976710877 thread_num=31 team_size=32
[OMPT] implicit_task_begin: parallel_id=281474976710877 thread_num=27 team_size=32
[OMPT] implicit_task_begin: parallel_id=281474976710877 thread_num=26 team_size=32
[OMPT] implicit_task_end: parallel_id=0 thread_num=19
[OMPT] implicit_task_begin: parallel_id=281474976710877 thread_num=0 team_size=32
[OMPT] implicit_task_begin: parallel_id=281474976710877 thread_num=19 team_size=32
[OMPT] implicit_task_begin: parallel_id=281474976710877 thread_num=5 team_size=32
[OMPT] implicit_task_end: parallel_id=0 thread_num=29
[OMPT] implicit_task_end: parallel_id=0 thread_num=21
[OMPT] implicit_task_begin: parallel_id=281474976710877 thread_num=21 team_size=32
[OMPT] implicit_task_begin: parallel_id=281474976710877 thread_num=29 team_size=32
[OMPT] implicit_task_end: parallel_id=0 thread_num=0
[OMPT] parallel_end: parallel_id=281474976710877
[OMPT] parallel_begin: parallel_id=281474976710879 team_size=32
[OMPT] implicit_task_end: parallel_id=0 thread_num=16
[OMPT] implicit_task_end: parallel_id=0 thread_num=1
[OMPT] implicit_task_end: parallel_id=0 thread_num=24
[OMPT] implicit_task_end: parallel_id=0 thread_num=25
[OMPT] implicit_task_end: parallel_id=0 thread_num=3
[OMPT] implicit_task_begin: parallel_id=281474976710879 thread_num=24 team_size=32
[OMPT] implicit_task_begin: parallel_id=281474976710879 thread_num=25 team_size=32
[OMPT] implicit_task_end: parallel_id=0 thread_num=8
[OMPT] implicit_task_begin: parallel_id=281474976710879 thread_num=0 team_size=32
[OMPT] implicit_task_end: parallel_id=0 thread_num=9
[OMPT] implicit_task_end: parallel_id=0 thread_num=28
[OMPT] implicit_task_end: parallel_id=0 thread_num=31
[OMPT] implicit_task_end: parallel_id=0 thread_num=20
[OMPT] implicit_task_end: parallel_id=0 thread_num=23
[OMPT] implicit_task_end: parallel_id=0 thread_num=4
[OMPT] implicit_task_end: parallel_id=0 thread_num=7
[OMPT] implicit_task_begin: parallel_id=281474976710879 thread_num=16 team_size=32
[OMPT] implicit_task_begin: parallel_id=281474976710879 thread_num=1 team_size=32
[OMPT] implicit_task_end: parallel_id=0 thread_num=26
[OMPT] implicit_task_begin: parallel_id=281474976710879 thread_num=7 team_size=32
[OMPT] implicit_task_begin: parallel_id=281474976710879 thread_num=26 team_size=32
[OMPT] implicit_task_begin: parallel_id=281474976710879 thread_num=3 team_size=32
[OMPT] implicit_task_end: parallel_id=0 thread_num=11
[OMPT] implicit_task_end: parallel_id=0 thread_num=10
[OMPT] implicit_task_end: parallel_id=0 thread_num=17
[OMPT] implicit_task_begin: parallel_id=281474976710879 thread_num=8 team_size=32
[OMPT] implicit_task_begin: parallel_id=281474976710879 thread_num=9 team_size=32
[OMPT] implicit_task_begin: parallel_id=281474976710879 thread_num=17 team_size=32
[OMPT] implicit_task_end: parallel_id=0 thread_num=30
[OMPT] implicit_task_end: parallel_id=0 thread_num=29
[OMPT] implicit_task_end: parallel_id=0 thread_num=19
[OMPT] implicit_task_begin: parallel_id=281474976710879 thread_num=29 team_size=32
[OMPT] implicit_task_begin: parallel_id=281474976710879 thread_num=19 team_size=32
[OMPT] implicit_task_begin: parallel_id=281474976710879 thread_num=31 team_size=32
[OMPT] implicit_task_end: parallel_id=0 thread_num=21
[OMPT] implicit_task_end: parallel_id=0 thread_num=22
[OMPT] implicit_task_begin: parallel_id=281474976710879 thread_num=22 team_size=32
[OMPT] implicit_task_end: parallel_id=0 thread_num=6
[OMPT] implicit_task_end: parallel_id=0 thread_num=5
[OMPT] implicit_task_begin: parallel_id=281474976710879 thread_num=20 team_size=32
[OMPT] implicit_task_begin: parallel_id=281474976710879 thread_num=5 team_size=32
[OMPT] implicit_task_begin: parallel_id=281474976710879 thread_num=23 team_size=32
[OMPT] implicit_task_begin: parallel_id=281474976710879 thread_num=4 team_size=32
[OMPT] implicit_task_end: parallel_id=0 thread_num=27
[OMPT] implicit_task_end: parallel_id=0 thread_num=12
[OMPT] implicit_task_end: parallel_id=0 thread_num=15
[OMPT] implicit_task_end: parallel_id=0 thread_num=2
[OMPT] implicit_task_begin: parallel_id=281474976710879 thread_num=12 team_size=32
[OMPT] implicit_task_begin: parallel_id=281474976710879 thread_num=15 team_size=32
[OMPT] implicit_task_begin: parallel_id=281474976710879 thread_num=11 team_size=32
[OMPT] implicit_task_begin: parallel_id=281474976710879 thread_num=10 team_size=32
[OMPT] implicit_task_begin: parallel_id=281474976710879 thread_num=30 team_size=32
[OMPT] implicit_task_begin: parallel_id=281474976710879 thread_num=28 team_size=32
[OMPT] implicit_task_begin: parallel_id=281474976710879 thread_num=21 team_size=32
[OMPT] implicit_task_end: parallel_id=0 thread_num=18
[OMPT] implicit_task_begin: parallel_id=281474976710879 thread_num=6 team_size=32
[OMPT] implicit_task_begin: parallel_id=281474976710879 thread_num=18 team_size=32
[OMPT] implicit_task_begin: parallel_id=281474976710879 thread_num=27 team_size=32
[OMPT] implicit_task_end: parallel_id=0 thread_num=13
[OMPT] implicit_task_begin: parallel_id=281474976710879 thread_num=13 team_size=32
[OMPT] implicit_task_begin: parallel_id=281474976710879 thread_num=2 team_size=32
[OMPT] implicit_task_end: parallel_id=0 thread_num=14
[OMPT] implicit_task_begin: parallel_id=281474976710879 thread_num=14 team_size=32
[OMPT] implicit_task_end: parallel_id=0 thread_num=0
[OMPT] parallel_end: parallel_id=281474976710879
[OMPT] parallel_begin: parallel_id=281474976710881 team_size=32
[OMPT] implicit_task_end: parallel_id=0 thread_num=12
[OMPT] implicit_task_end: parallel_id=0 thread_num=15
[OMPT] implicit_task_begin: parallel_id=281474976710881 thread_num=12 team_size=32
[OMPT] implicit_task_end: parallel_id=0 thread_num=16
[OMPT] implicit_task_end: parallel_id=0 thread_num=24
[OMPT] implicit_task_end: parallel_id=0 thread_num=18
[OMPT] implicit_task_end: parallel_id=0 thread_num=1
[OMPT] implicit_task_begin: parallel_id=281474976710881 thread_num=24 team_size=32
[OMPT] implicit_task_end: parallel_id=0 thread_num=3
[OMPT] implicit_task_end: parallel_id=0 thread_num=2
[OMPT] implicit_task_begin: parallel_id=281474976710881 thread_num=3 team_size=32
[OMPT] implicit_task_end: parallel_id=0 thread_num=14
[OMPT] implicit_task_begin: parallel_id=281474976710881 thread_num=15 team_size=32
[OMPT] implicit_task_begin: parallel_id=281474976710881 thread_num=14 team_size=32
[OMPT] implicit_task_end: parallel_id=0 thread_num=4
[OMPT] implicit_task_end: parallel_id=0 thread_num=7
[OMPT] implicit_task_end: parallel_id=0 thread_num=6
[OMPT] implicit_task_end: parallel_id=0 thread_num=20
[OMPT] implicit_task_end: parallel_id=0 thread_num=17
[OMPT] implicit_task_end: parallel_id=0 thread_num=22
[OMPT] implicit_task_end: parallel_id=0 thread_num=19
[OMPT] implicit_task_end: parallel_id=0 thread_num=8
[OMPT] implicit_task_end: parallel_id=0 thread_num=25
[OMPT] implicit_task_end: parallel_id=0 thread_num=10
[OMPT] implicit_task_end: parallel_id=0 thread_num=26
[OMPT] implicit_task_begin: parallel_id=281474976710881 thread_num=19 team_size=32
[OMPT] implicit_task_begin: parallel_id=281474976710881 thread_num=22 team_size=32
[OMPT] implicit_task_begin: parallel_id=281474976710881 thread_num=25 team_size=32
[OMPT] implicit_task_begin: parallel_id=281474976710881 thread_num=1 team_size=32
[OMPT] implicit_task_begin: parallel_id=281474976710881 thread_num=0 team_size=32
[OMPT] implicit_task_begin: parallel_id=281474976710881 thread_num=2 team_size=32
[OMPT] implicit_task_end: parallel_id=0 thread_num=13
[OMPT] implicit_task_end: parallel_id=0 thread_num=5
[OMPT] implicit_task_begin: parallel_id=281474976710881 thread_num=4 team_size=32
[OMPT] implicit_task_begin: parallel_id=281474976710881 thread_num=13 team_size=32
[OMPT] implicit_task_end: parallel_id=0 thread_num=28
[OMPT] implicit_task_end: parallel_id=0 thread_num=31
[OMPT] implicit_task_end: parallel_id=0 thread_num=23
[OMPT] implicit_task_end: parallel_id=0 thread_num=21
[OMPT] implicit_task_end: parallel_id=0 thread_num=27
[OMPT] implicit_task_begin: parallel_id=281474976710881 thread_num=6 team_size=32
[OMPT] implicit_task_begin: parallel_id=281474976710881 thread_num=21 team_size=32
[OMPT] implicit_task_begin: parallel_id=281474976710881 thread_num=27 team_size=32
[OMPT] implicit_task_end: parallel_id=0 thread_num=11
[OMPT] implicit_task_end: parallel_id=0 thread_num=9
[OMPT] implicit_task_begin: parallel_id=281474976710881 thread_num=20 team_size=32
[OMPT] implicit_task_begin: parallel_id=281474976710881 thread_num=18 team_size=32
[OMPT] implicit_task_begin: parallel_id=281474976710881 thread_num=8 team_size=32
[OMPT] implicit_task_begin: parallel_id=281474976710881 thread_num=26 team_size=32
[OMPT] implicit_task_begin: parallel_id=281474976710881 thread_num=7 team_size=32
[OMPT] implicit_task_begin: parallel_id=281474976710881 thread_num=5 team_size=32
[OMPT] implicit_task_end: parallel_id=0 thread_num=29
[OMPT] implicit_task_begin: parallel_id=281474976710881 thread_num=29 team_size=32
[OMPT] implicit_task_end: parallel_id=0 thread_num=30
[OMPT] implicit_task_begin: parallel_id=281474976710881 thread_num=30 team_size=32
[OMPT] implicit_task_begin: parallel_id=281474976710881 thread_num=28 team_size=32
[OMPT] implicit_task_begin: parallel_id=281474976710881 thread_num=31 team_size=32
[OMPT] implicit_task_begin: parallel_id=281474976710881 thread_num=23 team_size=32
[OMPT] implicit_task_begin: parallel_id=281474976710881 thread_num=17 team_size=32
[OMPT] implicit_task_begin: parallel_id=281474976710881 thread_num=16 team_size=32
[OMPT] implicit_task_begin: parallel_id=281474976710881 thread_num=11 team_size=32
[OMPT] implicit_task_begin: parallel_id=281474976710881 thread_num=9 team_size=32
[OMPT] implicit_task_begin: parallel_id=281474976710881 thread_num=10 team_size=32
[OMPT] implicit_task_end: parallel_id=0 thread_num=0
[OMPT] parallel_end: parallel_id=281474976710881
[OMPT] parallel_begin: parallel_id=281474976710883 team_size=32
[OMPT] implicit_task_end: parallel_id=0 thread_num=12
[OMPT] implicit_task_end: parallel_id=0 thread_num=1
[OMPT] implicit_task_end: parallel_id=0 thread_num=13
[OMPT] implicit_task_end: parallel_id=0 thread_num=4
[OMPT] implicit_task_begin: parallel_id=281474976710883 thread_num=13 team_size=32
[OMPT] implicit_task_end: parallel_id=0 thread_num=8
[OMPT] implicit_task_end: parallel_id=0 thread_num=11
[OMPT] implicit_task_begin: parallel_id=281474976710883 thread_num=4 team_size=32
[OMPT] implicit_task_begin: parallel_id=281474976710883 thread_num=0 team_size=32
[OMPT] implicit_task_begin: parallel_id=281474976710883 thread_num=8 team_size=32
[OMPT] implicit_task_begin: parallel_id=281474976710883 thread_num=11 team_size=32
[OMPT] implicit_task_end: parallel_id=0 thread_num=15
[OMPT] implicit_task_end: parallel_id=0 thread_num=16
[OMPT] implicit_task_end: parallel_id=0 thread_num=24
[OMPT] implicit_task_end: parallel_id=0 thread_num=20
[OMPT] implicit_task_end: parallel_id=0 thread_num=25
[OMPT] implicit_task_end: parallel_id=0 thread_num=6
[OMPT] implicit_task_begin: parallel_id=281474976710883 thread_num=20 team_size=32
[OMPT] implicit_task_begin: parallel_id=281474976710883 thread_num=25 team_size=32
[OMPT] implicit_task_end: parallel_id=0 thread_num=9
[OMPT] implicit_task_begin: parallel_id=281474976710883 thread_num=6 team_size=32
[OMPT] implicit_task_begin: parallel_id=281474976710883 thread_num=9 team_size=32
[OMPT] implicit_task_end: parallel_id=0 thread_num=3
[OMPT] implicit_task_begin: parallel_id=281474976710883 thread_num=3 team_size=32
[OMPT] implicit_task_begin: parallel_id=281474976710883 thread_num=12 team_size=32
[OMPT] implicit_task_begin: parallel_id=281474976710883 thread_num=15 team_size=32
[OMPT] implicit_task_end: parallel_id=0 thread_num=18
[OMPT] implicit_task_begin: parallel_id=281474976710883 thread_num=18 team_size=32
[OMPT] implicit_task_end: parallel_id=0 thread_num=17
[OMPT] implicit_task_begin: parallel_id=281474976710883 thread_num=17 team_size=32
[OMPT] implicit_task_begin: parallel_id=281474976710883 thread_num=1 team_size=32
[OMPT] implicit_task_end: parallel_id=0 thread_num=28
[OMPT] implicit_task_end: parallel_id=0 thread_num=31
[OMPT] implicit_task_begin: parallel_id=281474976710883 thread_num=16 team_size=32
[OMPT] implicit_task_begin: parallel_id=281474976710883 thread_num=28 team_size=32
[OMPT] implicit_task_end: parallel_id=0 thread_num=7
[OMPT] implicit_task_end: parallel_id=0 thread_num=19
[OMPT] implicit_task_end: parallel_id=0 thread_num=27
[OMPT] implicit_task_begin: parallel_id=281474976710883 thread_num=27 team_size=32
[OMPT] implicit_task_end: parallel_id=0 thread_num=22
[OMPT] implicit_task_begin: parallel_id=281474976710883 thread_num=22 team_size=32
[OMPT] implicit_task_end: parallel_id=0 thread_num=21
[OMPT] implicit_task_begin: parallel_id=281474976710883 thread_num=21 team_size=32
[OMPT] implicit_task_end: parallel_id=0 thread_num=23
[OMPT] implicit_task_begin: parallel_id=281474976710883 thread_num=24 team_size=32
[OMPT] implicit_task_end: parallel_id=0 thread_num=5
[OMPT] implicit_task_end: parallel_id=0 thread_num=2
[OMPT] implicit_task_begin: parallel_id=281474976710883 thread_num=5 team_size=32
[OMPT] implicit_task_begin: parallel_id=281474976710883 thread_num=2 team_size=32
[OMPT] implicit_task_end: parallel_id=0 thread_num=10
[OMPT] implicit_task_end: parallel_id=0 thread_num=14
[OMPT] implicit_task_end: parallel_id=0 thread_num=29
[OMPT] implicit_task_begin: parallel_id=281474976710883 thread_num=14 team_size=32
[OMPT] implicit_task_begin: parallel_id=281474976710883 thread_num=29 team_size=32
[OMPT] implicit_task_begin: parallel_id=281474976710883 thread_num=31 team_size=32
[OMPT] implicit_task_begin: parallel_id=281474976710883 thread_num=7 team_size=32
[OMPT] implicit_task_begin: parallel_id=281474976710883 thread_num=19 team_size=32
[OMPT] implicit_task_end: parallel_id=0 thread_num=26
[OMPT] implicit_task_begin: parallel_id=281474976710883 thread_num=26 team_size=32
[OMPT] implicit_task_begin: parallel_id=281474976710883 thread_num=23 team_size=32
[OMPT] implicit_task_begin: parallel_id=281474976710883 thread_num=10 team_size=32
[OMPT] implicit_task_end: parallel_id=0 thread_num=30
[OMPT] implicit_task_begin: parallel_id=281474976710883 thread_num=30 team_size=32
[OMPT][WIN100ms] ompt_id=281474976710657 tid=1054906 tipo=ompt_thread_initial    cpu= 22 numa=0  d_rm= 1974747  d_instr= 369482344  d_cyc= 553699990  d_all=16801300  IPC=0.667  ratio_rm=0.1175
[OMPT][WIN100ms] ompt_id=562949953421313 tid=1054928 tipo=ompt_thread_worker     cpu=159 numa=0  d_rm= 1918879  d_instr= 375319457  d_cyc= 552424124  d_all=16490951  IPC=0.679  ratio_rm=0.1164
[OMPT][WIN100ms] ompt_id=844424930131969 tid=1054929 tipo=ompt_thread_worker     cpu= 49 numa=0  d_rm= 1929647  d_instr= 376383012  d_cyc= 551008248  d_all=16884317  IPC=0.683  ratio_rm=0.1143
[OMPT][WIN100ms] ompt_id=1125899906842625 tid=1054930 tipo=ompt_thread_worker     cpu=  8 numa=0  d_rm= 1920898  d_instr= 377070823  d_cyc= 553256205  d_all=17002726  IPC=0.682  ratio_rm=0.1130
[OMPT][WIN100ms] ompt_id=1407374883553281 tid=1054931 tipo=ompt_thread_worker     cpu=121 numa=1  d_rm= 2030483  d_instr= 372937395  d_cyc= 552794908  d_all=16963547  IPC=0.675  ratio_rm=0.1197
[OMPT][WIN100ms] ompt_id=1688849860263937 tid=1054932 tipo=ompt_thread_worker     cpu=208 numa=1  d_rm= 1990461  d_instr= 378023898  d_cyc= 549480849  d_all=16789817  IPC=0.688  ratio_rm=0.1186
[OMPT][WIN100ms] ompt_id=1970324836974593 tid=1054933 tipo=ompt_thread_worker     cpu= 87 numa=1  d_rm= 1989383  d_instr= 384958208  d_cyc= 551406301  d_all=17056045  IPC=0.698  ratio_rm=0.1166
[OMPT][WIN100ms] ompt_id=2251799813685249 tid=1054935 tipo=ompt_thread_worker     cpu= 97 numa=1  d_rm= 1957722  d_instr= 377788348  d_cyc= 550121750  d_all=16742109  IPC=0.687  ratio_rm=0.1169
[OMPT][WIN100ms] ompt_id=2533274790395905 tid=1054934 tipo=ompt_thread_worker     cpu=139 numa=0  d_rm= 1964615  d_instr= 376294836  d_cyc= 550645389  d_all=17089443  IPC=0.683  ratio_rm=0.1150
[OMPT][WIN100ms] ompt_id=2814749767106561 tid=1054937 tipo=ompt_thread_worker     cpu=113 numa=1  d_rm= 1923733  d_instr= 368156652  d_cyc= 549685050  d_all=16419326  IPC=0.670  ratio_rm=0.1172
[OMPT] implicit_task_end: parallel_id=0 thread_num=0
[OMPT] parallel_end: parallel_id=281474976710883
[OMPT] parallel_begin: parallel_id=281474976710885 team_size=32
[OMPT] implicit_task_end: parallel_id=0 thread_num=16
[OMPT] implicit_task_end: parallel_id=0 thread_num=1
[OMPT] implicit_task_end: parallel_id=0 thread_num=18
[OMPT] implicit_task_end: parallel_id=0 thread_num=8
[OMPT] implicit_task_end: parallel_id=0 thread_num=3
[OMPT] implicit_task_end: parallel_id=0 thread_num=4
[OMPT] implicit_task_end: parallel_id=0 thread_num=12
[OMPT] implicit_task_end: parallel_id=0 thread_num=28
[OMPT] implicit_task_end: parallel_id=0 thread_num=14
[OMPT] implicit_task_end: parallel_id=0 thread_num=20
[OMPT] implicit_task_end: parallel_id=0 thread_num=22
[OMPT] implicit_task_end: parallel_id=0 thread_num=19
[OMPT] implicit_task_end: parallel_id=0 thread_num=11
[OMPT] implicit_task_end: parallel_id=0 thread_num=9
[OMPT] implicit_task_end: parallel_id=0 thread_num=10
[OMPT] implicit_task_end: parallel_id=0 thread_num=6
[OMPT] implicit_task_end: parallel_id=0 thread_num=5
[OMPT] implicit_task_end: parallel_id=0 thread_num=7
[OMPT] implicit_task_end: parallel_id=0 thread_num=2
[OMPT] implicit_task_end: parallel_id=0 thread_num=15
[OMPT] implicit_task_end: parallel_id=0 thread_num=13
[OMPT] implicit_task_end: parallel_id=0 thread_num=30
[OMPT] implicit_task_end: parallel_id=0 thread_num=31
[OMPT] implicit_task_end: parallel_id=0 thread_num=29
[OMPT] implicit_task_end: parallel_id=0 thread_num=24
[OMPT] implicit_task_end: parallel_id=0 thread_num=25
[OMPT] implicit_task_end: parallel_id=0 thread_num=17
[OMPT] implicit_task_end: parallel_id=0 thread_num=21
[OMPT] implicit_task_end: parallel_id=0 thread_num=23
[OMPT] implicit_task_end: parallel_id=0 thread_num=27
[OMPT] implicit_task_end: parallel_id=0 thread_num=26
[OMPT][WIN100ms] ompt_id=3096224743817217 tid=1054936 tipo=ompt_thread_worker     cpu=  2 numa=0  d_rm= 2045596  d_instr= 308712706  d_cyc= 557948108  d_all=16633148  IPC=0.553  ratio_rm=0.1230
[OMPT][WIN100ms] ompt_id=3377699720527873 tid=1054938 tipo=ompt_thread_worker     cpu=231 numa=1  d_rm= 1990537  d_instr= 373591057  d_cyc= 548440123  d_all=16605105  IPC=0.681  ratio_rm=0.1199
[OMPT][WIN100ms] ompt_id=3940649673949185 tid=1054940 tipo=ompt_thread_worker     cpu= 45 numa=0  d_rm= 1905556  d_instr= 365367973  d_cyc= 548786536  d_all=16182887  IPC=0.666  ratio_rm=0.1178
[OMPT][WIN100ms] ompt_id=3659174697238529 tid=1054939 tipo=ompt_thread_worker     cpu= 56 numa=0  d_rm= 1911583  d_instr= 372612323  d_cyc= 548734970  d_all=16374779  IPC=0.679  ratio_rm=0.1167
[OMPT][WIN100ms] ompt_id=4222124650659841 tid=1054942 tipo=ompt_thread_worker     cpu=191 numa=0  d_rm= 1924699  d_instr= 375244926  d_cyc= 549779552  d_all=16629222  IPC=0.683  ratio_rm=0.1157
[OMPT][WIN100ms] ompt_id=4503599627370497 tid=1054941 tipo=ompt_thread_worker     cpu= 64 numa=1  d_rm= 1629816  d_instr= 397095085  d_cyc= 545537875  d_all=16329038  IPC=0.728  ratio_rm=0.0998
[OMPT][WIN100ms] ompt_id=4785074604081153 tid=1054944 tipo=ompt_thread_worker     cpu= 21 numa=0  d_rm= 1988281  d_instr= 367890449  d_cyc= 546856893  d_all=16721228  IPC=0.673  ratio_rm=0.1189
[OMPT][WIN100ms] ompt_id=5066549580791809 tid=1054943 tipo=ompt_thread_worker     cpu=120 numa=1  d_rm= 1930625  d_instr= 368512501  d_cyc= 546812346  d_all=16721234  IPC=0.674  ratio_rm=0.1155
[OMPT][WIN100ms] ompt_id=5348024557502465 tid=1054945 tipo=ompt_thread_worker     cpu=  1 numa=0  d_rm= 2064128  d_instr= 308734554  d_cyc= 553176243  d_all=16303511  IPC=0.558  ratio_rm=0.1266
[OMPT][WIN100ms] ompt_id=5629499534213121 tid=1054946 tipo=ompt_thread_worker     cpu= 89 numa=1  d_rm= 1921686  d_instr= 371175608  d_cyc= 544259334  d_all=16420552  IPC=0.682  ratio_rm=0.1170
[OMPT][WIN100ms] ompt_id=5910974510923777 tid=1054947 tipo=ompt_thread_worker     cpu= 88 numa=1  d_rm= 1913912  d_instr= 378936455  d_cyc= 544919391  d_all=16477411  IPC=0.695  ratio_rm=0.1162
[OMPT][WIN100ms] ompt_id=6192449487634433 tid=1054948 tipo=ompt_thread_worker     cpu= 37 numa=0  d_rm= 1915909  d_instr= 366313111  d_cyc= 545559305  d_all=16410990  IPC=0.671  ratio_rm=0.1167
[OMPT][WIN100ms] ompt_id=6473924464345089 tid=1054949 tipo=ompt_thread_worker     cpu=128 numa=0  d_rm= 2036689  d_instr= 309853307  d_cyc= 554189549  d_all=16515627  IPC=0.559  ratio_rm=0.1233
[OMPT][WIN100ms] ompt_id=6755399441055745 tid=1054950 tipo=ompt_thread_worker     cpu=237 numa=1  d_rm= 1969120  d_instr= 374015817  d_cyc= 541964785  d_all=16414190  IPC=0.690  ratio_rm=0.1200
[OMPT][WIN100ms] ompt_id=7036874417766401 tid=1054951 tipo=ompt_thread_worker     cpu=104 numa=1  d_rm= 1971928  d_instr= 384174286  d_cyc= 541738276  d_all=16447759  IPC=0.709  ratio_rm=0.1199
[OMPT][WIN100ms] ompt_id=7318349394477057 tid=1054952 tipo=ompt_thread_worker     cpu= 48 numa=0  d_rm= 1872086  d_instr= 373594937  d_cyc= 544167344  d_all=16356283  IPC=0.687  ratio_rm=0.1145
[OMPT][WIN100ms] ompt_id=7599824371187713 tid=1054953 tipo=ompt_thread_worker     cpu= 36 numa=0  d_rm= 1895868  d_instr= 354666052  d_cyc= 516929539  d_all=16521765  IPC=0.686  ratio_rm=0.1147
[OMPT][WIN100ms] ompt_id=7881299347898369 tid=1054954 tipo=ompt_thread_worker     cpu= 46 numa=0  d_rm= 1902644  d_instr= 368392268  d_cyc= 540946739  d_all=16709158  IPC=0.681  ratio_rm=0.1139
[OMPT][WIN100ms] ompt_id=8162774324609025 tid=1054955 tipo=ompt_thread_worker     cpu= 72 numa=1  d_rm= 1950031  d_instr= 375605675  d_cyc= 539093837  d_all=16540042  IPC=0.697  ratio_rm=0.1179
[OMPT][WIN100ms] ompt_id=8444249301319681 tid=1054956 tipo=ompt_thread_worker     cpu=112 numa=1  d_rm= 1926403  d_instr= 366194402  d_cyc= 541478541  d_all=16503254  IPC=0.676  ratio_rm=0.1167
[OMPT][WIN100ms] ompt_id=8725724278030337 tid=1054957 tipo=ompt_thread_worker     cpu= 25 numa=0  d_rm= 1904186  d_instr= 373358082  d_cyc= 538934733  d_all=16408699  IPC=0.693  ratio_rm=0.1160
[OMPT][WIN100ms] ompt_id=9007199254740993 tid=1054958 tipo=ompt_thread_worker     cpu= 73 numa=1  d_rm= 1931075  d_instr= 377350650  d_cyc= 539061477  d_all=16570237  IPC=0.700  ratio_rm=0.1165
[OMPT] implicit_task_begin: parallel_id=281474976710885 thread_num=20 team_size=32
[OMPT] implicit_task_begin: parallel_id=281474976710885 thread_num=19 team_size=32
[OMPT] implicit_task_begin: parallel_id=281474976710885 thread_num=1 team_size=32
[OMPT] implicit_task_begin: parallel_id=281474976710885 thread_num=30 team_size=32
[OMPT] implicit_task_begin: parallel_id=281474976710885 thread_num=25 team_size=32
[OMPT] implicit_task_begin: parallel_id=281474976710885 thread_num=2 team_size=32
[OMPT] implicit_task_begin: parallel_id=281474976710885 thread_num=27 team_size=32
[OMPT] implicit_task_begin: parallel_id=281474976710885 thread_num=13 team_size=32
[OMPT] implicit_task_begin: parallel_id=281474976710885 thread_num=15 team_size=32
[OMPT] implicit_task_begin: parallel_id=281474976710885 thread_num=12 team_size=32
[OMPT] implicit_task_begin: parallel_id=281474976710885 thread_num=14 team_size=32
[OMPT] implicit_task_begin: parallel_id=281474976710885 thread_num=24 team_size=32
[OMPT] implicit_task_begin: parallel_id=281474976710885 thread_num=23 team_size=32
[OMPT] implicit_task_begin: parallel_id=281474976710885 thread_num=28 team_size=32
[OMPT] implicit_task_begin: parallel_id=281474976710885 thread_num=31 team_size=32
[OMPT] implicit_task_begin: parallel_id=281474976710885 thread_num=16 team_size=32
[OMPT] implicit_task_begin: parallel_id=281474976710885 thread_num=4 team_size=32
[OMPT] implicit_task_begin: parallel_id=281474976710885 thread_num=6 team_size=32
[OMPT] implicit_task_begin: parallel_id=281474976710885 thread_num=5 team_size=32
[OMPT] implicit_task_begin: parallel_id=281474976710885 thread_num=26 team_size=32
[OMPT] implicit_task_begin: parallel_id=281474976710885 thread_num=21 team_size=32
[OMPT] implicit_task_begin: parallel_id=281474976710885 thread_num=11 team_size=32
[OMPT] implicit_task_begin: parallel_id=281474976710885 thread_num=18 team_size=32
[OMPT] implicit_task_begin: parallel_id=281474976710885 thread_num=17 team_size=32
[OMPT] implicit_task_begin: parallel_id=281474976710885 thread_num=7 team_size=32
[OMPT] implicit_task_begin: parallel_id=281474976710885 thread_num=0 team_size=32
[OMPT] implicit_task_begin: parallel_id=281474976710885 thread_num=9 team_size=32
[OMPT] implicit_task_begin: parallel_id=281474976710885 thread_num=29 team_size=32
[OMPT] implicit_task_begin: parallel_id=281474976710885 thread_num=3 team_size=32
[OMPT] implicit_task_begin: parallel_id=281474976710885 thread_num=22 team_size=32
[OMPT] implicit_task_begin: parallel_id=281474976710885 thread_num=10 team_size=32
[OMPT] implicit_task_begin: parallel_id=281474976710885 thread_num=8 team_size=32
[OMPT] implicit_task_end: parallel_id=0 thread_num=0
[OMPT] parallel_end: parallel_id=281474976710885
[OMPT] parallel_begin: parallel_id=281474976710887 team_size=32
[OMPT] implicit_task_end: parallel_id=0 thread_num=8
[OMPT] implicit_task_end: parallel_id=0 thread_num=1
[OMPT] implicit_task_end: parallel_id=0 thread_num=9
[OMPT] implicit_task_end: parallel_id=0 thread_num=3
[OMPT] implicit_task_begin: parallel_id=281474976710887 thread_num=9 team_size=32
[OMPT] implicit_task_end: parallel_id=0 thread_num=4
[OMPT] implicit_task_end: parallel_id=0 thread_num=2
[OMPT] implicit_task_end: parallel_id=0 thread_num=12
[OMPT] implicit_task_begin: parallel_id=281474976710887 thread_num=2 team_size=32
[OMPT] implicit_task_end: parallel_id=0 thread_num=13
[OMPT] implicit_task_begin: parallel_id=281474976710887 thread_num=12 team_size=32
[OMPT] implicit_task_begin: parallel_id=281474976710887 thread_num=8 team_size=32
[OMPT] implicit_task_begin: parallel_id=281474976710887 thread_num=13 team_size=32
[OMPT] implicit_task_end: parallel_id=0 thread_num=16
[OMPT] implicit_task_begin: parallel_id=281474976710887 thread_num=3 team_size=32
[OMPT] implicit_task_end: parallel_id=0 thread_num=19
[OMPT] implicit_task_end: parallel_id=0 thread_num=7
[OMPT] implicit_task_end: parallel_id=0 thread_num=5
[OMPT] implicit_task_begin: parallel_id=281474976710887 thread_num=4 team_size=32
[OMPT] implicit_task_begin: parallel_id=281474976710887 thread_num=7 team_size=32
[OMPT] implicit_task_end: parallel_id=0 thread_num=15
[OMPT] implicit_task_end: parallel_id=0 thread_num=11
[OMPT] implicit_task_begin: parallel_id=281474976710887 thread_num=15 team_size=32
[OMPT] implicit_task_begin: parallel_id=281474976710887 thread_num=11 team_size=32
[OMPT] implicit_task_end: parallel_id=0 thread_num=14
[OMPT] implicit_task_end: parallel_id=0 thread_num=10
[OMPT] implicit_task_begin: parallel_id=281474976710887 thread_num=14 team_size=32
[OMPT] implicit_task_end: parallel_id=0 thread_num=17
[OMPT] implicit_task_begin: parallel_id=281474976710887 thread_num=10 team_size=32
[OMPT] implicit_task_begin: parallel_id=281474976710887 thread_num=17 team_size=32
[OMPT] implicit_task_end: parallel_id=0 thread_num=18
[OMPT] implicit_task_begin: parallel_id=281474976710887 thread_num=18 team_size=32
[OMPT] implicit_task_end: parallel_id=0 thread_num=20
[OMPT] implicit_task_end: parallel_id=0 thread_num=22
[OMPT] implicit_task_begin: parallel_id=281474976710887 thread_num=1 team_size=32
[OMPT] implicit_task_begin: parallel_id=281474976710887 thread_num=22 team_size=32
[OMPT] implicit_task_end: parallel_id=0 thread_num=28
[OMPT] implicit_task_end: parallel_id=0 thread_num=31
[OMPT] implicit_task_begin: parallel_id=281474976710887 thread_num=16 team_size=32
[OMPT] implicit_task_begin: parallel_id=281474976710887 thread_num=28 team_size=32
[OMPT] implicit_task_begin: parallel_id=281474976710887 thread_num=31 team_size=32
[OMPT] implicit_task_end: parallel_id=0 thread_num=6
[OMPT] implicit_task_begin: parallel_id=281474976710887 thread_num=19 team_size=32
[OMPT] implicit_task_end: parallel_id=0 thread_num=23
[OMPT] implicit_task_begin: parallel_id=281474976710887 thread_num=20 team_size=32
[OMPT] implicit_task_end: parallel_id=0 thread_num=24
[OMPT] implicit_task_end: parallel_id=0 thread_num=27
[OMPT] implicit_task_end: parallel_id=0 thread_num=29
[OMPT] implicit_task_end: parallel_id=0 thread_num=30
[OMPT] implicit_task_begin: parallel_id=281474976710887 thread_num=0 team_size=32
[OMPT] implicit_task_begin: parallel_id=281474976710887 thread_num=30 team_size=32
[OMPT] implicit_task_begin: parallel_id=281474976710887 thread_num=27 team_size=32
[OMPT] implicit_task_begin: parallel_id=281474976710887 thread_num=6 team_size=32
[OMPT] implicit_task_end: parallel_id=0 thread_num=21
[OMPT] implicit_task_end: parallel_id=0 thread_num=26
[OMPT] implicit_task_end: parallel_id=0 thread_num=25
[OMPT] implicit_task_begin: parallel_id=281474976710887 thread_num=23 team_size=32
[OMPT] implicit_task_begin: parallel_id=281474976710887 thread_num=25 team_size=32
[OMPT] implicit_task_begin: parallel_id=281474976710887 thread_num=29 team_size=32
[OMPT] implicit_task_begin: parallel_id=281474976710887 thread_num=5 team_size=32
[OMPT] implicit_task_begin: parallel_id=281474976710887 thread_num=26 team_size=32
[OMPT] implicit_task_begin: parallel_id=281474976710887 thread_num=24 team_size=32
[OMPT] implicit_task_begin: parallel_id=281474976710887 thread_num=21 team_size=32
[OMPT] implicit_task_end: parallel_id=0 thread_num=0
[OMPT] parallel_end: parallel_id=281474976710887
[OMPT] parallel_begin: parallel_id=281474976710889 team_size=32
[OMPT] implicit_task_end: parallel_id=0 thread_num=16
[OMPT] implicit_task_end: parallel_id=0 thread_num=1
[OMPT] implicit_task_end: parallel_id=0 thread_num=24
[OMPT] implicit_task_begin: parallel_id=281474976710889 thread_num=1 team_size=32
[OMPT] implicit_task_end: parallel_id=0 thread_num=4
[OMPT] implicit_task_end: parallel_id=0 thread_num=8
[OMPT] implicit_task_end: parallel_id=0 thread_num=2
[OMPT] implicit_task_end: parallel_id=0 thread_num=9
[OMPT] implicit_task_begin: parallel_id=281474976710889 thread_num=4 team_size=32
[OMPT] implicit_task_end: parallel_id=0 thread_num=28
[OMPT] implicit_task_end: parallel_id=0 thread_num=17
[OMPT] implicit_task_end: parallel_id=0 thread_num=30
[OMPT] implicit_task_begin: parallel_id=281474976710889 thread_num=2 team_size=32
[OMPT] implicit_task_begin: parallel_id=281474976710889 thread_num=28 team_size=32
[OMPT] implicit_task_begin: parallel_id=281474976710889 thread_num=30 team_size=32
[OMPT] implicit_task_end: parallel_id=0 thread_num=20
[OMPT] implicit_task_end: parallel_id=0 thread_num=25
[OMPT] implicit_task_end: parallel_id=0 thread_num=23
[OMPT] implicit_task_end: parallel_id=0 thread_num=26
[OMPT] implicit_task_end: parallel_id=0 thread_num=27
[OMPT] implicit_task_end: parallel_id=0 thread_num=5
[OMPT] implicit_task_begin: parallel_id=281474976710889 thread_num=27 team_size=32
[OMPT] implicit_task_begin: parallel_id=281474976710889 thread_num=25 team_size=32
[OMPT] implicit_task_end: parallel_id=0 thread_num=11
[OMPT] implicit_task_end: parallel_id=0 thread_num=10
[OMPT] implicit_task_begin: parallel_id=281474976710889 thread_num=5 team_size=32
[OMPT] implicit_task_end: parallel_id=0 thread_num=3
[OMPT] implicit_task_begin: parallel_id=281474976710889 thread_num=10 team_size=32
[OMPT] implicit_task_begin: parallel_id=281474976710889 thread_num=3 team_size=32
[OMPT] implicit_task_begin: parallel_id=281474976710889 thread_num=24 team_size=32
[OMPT] implicit_task_begin: parallel_id=281474976710889 thread_num=0 team_size=32
[OMPT] implicit_task_begin: parallel_id=281474976710889 thread_num=8 team_size=32
[OMPT] implicit_task_end: parallel_id=0 thread_num=31
[OMPT] implicit_task_end: parallel_id=0 thread_num=29
[OMPT] implicit_task_begin: parallel_id=281474976710889 thread_num=29 team_size=32
[OMPT] implicit_task_begin: parallel_id=281474976710889 thread_num=9 team_size=32
[OMPT] implicit_task_end: parallel_id=0 thread_num=19
[OMPT] implicit_task_begin: parallel_id=281474976710889 thread_num=19 team_size=32
[OMPT] implicit_task_end: parallel_id=0 thread_num=12
[OMPT] implicit_task_end: parallel_id=0 thread_num=15
[OMPT] implicit_task_begin: parallel_id=281474976710889 thread_num=12 team_size=32
[OMPT] implicit_task_end: parallel_id=0 thread_num=18
[OMPT] implicit_task_begin: parallel_id=281474976710889 thread_num=18 team_size=32
[OMPT] implicit_task_begin: parallel_id=281474976710889 thread_num=16 team_size=32
[OMPT] implicit_task_end: parallel_id=0 thread_num=21
[OMPT] implicit_task_begin: parallel_id=281474976710889 thread_num=21 team_size=32
[OMPT] implicit_task_end: parallel_id=0 thread_num=22
[OMPT] implicit_task_begin: parallel_id=281474976710889 thread_num=22 team_size=32
[OMPT] implicit_task_begin: parallel_id=281474976710889 thread_num=20 team_size=32
[OMPT] implicit_task_end: parallel_id=0 thread_num=6
[OMPT] implicit_task_begin: parallel_id=281474976710889 thread_num=26 team_size=32
[OMPT] implicit_task_begin: parallel_id=281474976710889 thread_num=6 team_size=32
[OMPT] implicit_task_begin: parallel_id=281474976710889 thread_num=23 team_size=32
[OMPT] implicit_task_begin: parallel_id=281474976710889 thread_num=11 team_size=32
[OMPT] implicit_task_begin: parallel_id=281474976710889 thread_num=31 team_size=32
[OMPT] implicit_task_end: parallel_id=0 thread_num=13
[OMPT] implicit_task_begin: parallel_id=281474976710889 thread_num=13 team_size=32
[OMPT] implicit_task_end: parallel_id=0 thread_num=14
[OMPT] implicit_task_begin: parallel_id=281474976710889 thread_num=17 team_size=32
[OMPT] implicit_task_begin: parallel_id=281474976710889 thread_num=14 team_size=32
[OMPT] implicit_task_begin: parallel_id=281474976710889 thread_num=15 team_size=32
[OMPT] implicit_task_end: parallel_id=0 thread_num=7
[OMPT] implicit_task_begin: parallel_id=281474976710889 thread_num=7 team_size=32
[OMPT] implicit_task_end: parallel_id=0 thread_num=0
[OMPT] parallel_end: parallel_id=281474976710889
[OMPT] parallel_begin: parallel_id=281474976710891 team_size=32
[OMPT] implicit_task_end: parallel_id=0 thread_num=12
[OMPT] implicit_task_end: parallel_id=0 thread_num=3
[OMPT] implicit_task_end: parallel_id=0 thread_num=14
[OMPT] implicit_task_end: parallel_id=0 thread_num=4
[OMPT] implicit_task_end: parallel_id=0 thread_num=7
[OMPT] implicit_task_end: parallel_id=0 thread_num=8
[OMPT] implicit_task_begin: parallel_id=281474976710891 thread_num=14 team_size=32
[OMPT] implicit_task_end: parallel_id=0 thread_num=9
[OMPT] implicit_task_begin: parallel_id=281474976710891 thread_num=7 team_size=32
[OMPT] implicit_task_end: parallel_id=0 thread_num=15
[OMPT] implicit_task_begin: parallel_id=281474976710891 thread_num=8 team_size=32
[OMPT] implicit_task_begin: parallel_id=281474976710891 thread_num=12 team_size=32
[OMPT] implicit_task_begin: parallel_id=281474976710891 thread_num=9 team_size=32
[OMPT] implicit_task_end: parallel_id=0 thread_num=16
[OMPT] implicit_task_begin: parallel_id=281474976710891 thread_num=3 team_size=32
[OMPT] implicit_task_end: parallel_id=0 thread_num=28
[OMPT] implicit_task_end: parallel_id=0 thread_num=5
[OMPT] implicit_task_end: parallel_id=0 thread_num=11
[OMPT] implicit_task_end: parallel_id=0 thread_num=1
[OMPT] implicit_task_end: parallel_id=0 thread_num=10
[OMPT] implicit_task_begin: parallel_id=281474976710891 thread_num=5 team_size=32
[OMPT] implicit_task_end: parallel_id=0 thread_num=2
[OMPT] implicit_task_begin: parallel_id=281474976710891 thread_num=0 team_size=32
[OMPT] implicit_task_begin: parallel_id=281474976710891 thread_num=4 team_size=32
[OMPT] implicit_task_begin: parallel_id=281474976710891 thread_num=10 team_size=32
[OMPT] implicit_task_end: parallel_id=0 thread_num=13
[OMPT] implicit_task_begin: parallel_id=281474976710891 thread_num=15 team_size=32
[OMPT] implicit_task_begin: parallel_id=281474976710891 thread_num=2 team_size=32
[OMPT] implicit_task_end: parallel_id=0 thread_num=17
[OMPT] implicit_task_end: parallel_id=0 thread_num=18
[OMPT] implicit_task_begin: parallel_id=281474976710891 thread_num=18 team_size=32
[OMPT] implicit_task_end: parallel_id=0 thread_num=20
[OMPT] implicit_task_end: parallel_id=0 thread_num=23
[OMPT] implicit_task_end: parallel_id=0 thread_num=24
[OMPT] implicit_task_end: parallel_id=0 thread_num=25
[OMPT] implicit_task_end: parallel_id=0 thread_num=6
[OMPT] implicit_task_begin: parallel_id=281474976710891 thread_num=20 team_size=32
[OMPT] implicit_task_begin: parallel_id=281474976710891 thread_num=25 team_size=32
[OMPT] implicit_task_begin: parallel_id=281474976710891 thread_num=6 team_size=32
[OMPT] implicit_task_end: parallel_id=0 thread_num=31
[OMPT] implicit_task_begin: parallel_id=281474976710891 thread_num=23 team_size=32
[OMPT] implicit_task_begin: parallel_id=281474976710891 thread_num=24 team_size=32
[OMPT] implicit_task_begin: parallel_id=281474976710891 thread_num=31 team_size=32
[OMPT] implicit_task_begin: parallel_id=281474976710891 thread_num=11 team_size=32
[OMPT] implicit_task_begin: parallel_id=281474976710891 thread_num=1 team_size=32
[OMPT] implicit_task_begin: parallel_id=281474976710891 thread_num=13 team_size=32
[OMPT] implicit_task_begin: parallel_id=281474976710891 thread_num=17 team_size=32
[OMPT] implicit_task_end: parallel_id=0 thread_num=19
[OMPT] implicit_task_begin: parallel_id=281474976710891 thread_num=19 team_size=32
[OMPT] implicit_task_end: parallel_id=0 thread_num=22
[OMPT] implicit_task_begin: parallel_id=281474976710891 thread_num=22 team_size=32
[OMPT] implicit_task_end: parallel_id=0 thread_num=21
[OMPT] implicit_task_begin: parallel_id=281474976710891 thread_num=21 team_size=32
[OMPT] implicit_task_end: parallel_id=0 thread_num=26
[OMPT] implicit_task_begin: parallel_id=281474976710891 thread_num=16 team_size=32
[OMPT] implicit_task_end: parallel_id=0 thread_num=30
[OMPT] implicit_task_begin: parallel_id=281474976710891 thread_num=30 team_size=32
[OMPT] implicit_task_begin: parallel_id=281474976710891 thread_num=28 team_size=32
[OMPT] implicit_task_end: parallel_id=0 thread_num=27
[OMPT] implicit_task_begin: parallel_id=281474976710891 thread_num=27 team_size=32
[OMPT] implicit_task_end: parallel_id=0 thread_num=29
[OMPT] implicit_task_begin: parallel_id=281474976710891 thread_num=26 team_size=32
[OMPT] implicit_task_begin: parallel_id=281474976710891 thread_num=29 team_size=32
[OMPT] implicit_task_end: parallel_id=0 thread_num=0
[OMPT] parallel_end: parallel_id=281474976710891
[OMPT] parallel_begin: parallel_id=281474976710893 team_size=32
[OMPT] implicit_task_end: parallel_id=0 thread_num=16
[OMPT] implicit_task_end: parallel_id=0 thread_num=1
[OMPT] implicit_task_end: parallel_id=0 thread_num=19
[OMPT] implicit_task_begin: parallel_id=281474976710893 thread_num=16 team_size=32
[OMPT] implicit_task_begin: parallel_id=281474976710893 thread_num=1 team_size=32
[OMPT] implicit_task_end: parallel_id=0 thread_num=8
[OMPT] implicit_task_end: parallel_id=0 thread_num=2
[OMPT] implicit_task_end: parallel_id=0 thread_num=9
[OMPT] implicit_task_end: parallel_id=0 thread_num=17
[OMPT] implicit_task_begin: parallel_id=281474976710893 thread_num=9 team_size=32
[OMPT] implicit_task_begin: parallel_id=281474976710893 thread_num=17 team_size=32
[OMPT] implicit_task_end: parallel_id=0 thread_num=20
[OMPT] implicit_task_end: parallel_id=0 thread_num=28
[OMPT] implicit_task_begin: parallel_id=281474976710893 thread_num=20 team_size=32
[OMPT] implicit_task_end: parallel_id=0 thread_num=31
[OMPT] implicit_task_end: parallel_id=0 thread_num=3
[OMPT] implicit_task_begin: parallel_id=281474976710893 thread_num=3 team_size=32
[OMPT] implicit_task_end: parallel_id=0 thread_num=12
[OMPT] implicit_task_end: parallel_id=0 thread_num=15
[OMPT] implicit_task_end: parallel_id=0 thread_num=13
[OMPT] implicit_task_begin: parallel_id=281474976710893 thread_num=15 team_size=32
[OMPT] implicit_task_begin: parallel_id=281474976710893 thread_num=13 team_size=32
[OMPT] implicit_task_end: parallel_id=0 thread_num=10
[OMPT] implicit_task_begin: parallel_id=281474976710893 thread_num=8 team_size=32
[OMPT] implicit_task_begin: parallel_id=281474976710893 thread_num=2 team_size=32
[OMPT] implicit_task_end: parallel_id=0 thread_num=23
[OMPT] implicit_task_end: parallel_id=0 thread_num=21
[OMPT] implicit_task_end: parallel_id=0 thread_num=29
[OMPT] implicit_task_begin: parallel_id=281474976710893 thread_num=23 team_size=32
[OMPT] implicit_task_begin: parallel_id=281474976710893 thread_num=29 team_size=32
[OMPT] implicit_task_begin: parallel_id=281474976710893 thread_num=21 team_size=32
[OMPT] implicit_task_end: parallel_id=0 thread_num=18
[OMPT] implicit_task_begin: parallel_id=281474976710893 thread_num=18 team_size=32
[OMPT] implicit_task_begin: parallel_id=281474976710893 thread_num=28 team_size=32
[OMPT] implicit_task_end: parallel_id=0 thread_num=24
[OMPT] implicit_task_end: parallel_id=0 thread_num=27
[OMPT] implicit_task_begin: parallel_id=281474976710893 thread_num=24 team_size=32
[OMPT] implicit_task_begin: parallel_id=281474976710893 thread_num=27 team_size=32
[OMPT] implicit_task_begin: parallel_id=281474976710893 thread_num=31 team_size=32
[OMPT] implicit_task_end: parallel_id=0 thread_num=14
[OMPT] implicit_task_begin: parallel_id=281474976710893 thread_num=12 team_size=32
[OMPT] implicit_task_end: parallel_id=0 thread_num=11
[OMPT] implicit_task_begin: parallel_id=281474976710893 thread_num=0 team_size=32
[OMPT] implicit_task_begin: parallel_id=281474976710893 thread_num=10 team_size=32
[OMPT] implicit_task_end: parallel_id=0 thread_num=22
[OMPT] implicit_task_begin: parallel_id=281474976710893 thread_num=22 team_size=32
[OMPT] implicit_task_end: parallel_id=0 thread_num=30
[OMPT] implicit_task_begin: parallel_id=281474976710893 thread_num=30 team_size=32
[OMPT] implicit_task_end: parallel_id=0 thread_num=26
[OMPT] implicit_task_begin: parallel_id=281474976710893 thread_num=26 team_size=32
[OMPT] implicit_task_end: parallel_id=0 thread_num=25
[OMPT] implicit_task_begin: parallel_id=281474976710893 thread_num=25 team_size=32
[OMPT] implicit_task_end: parallel_id=0 thread_num=4
[OMPT] implicit_task_end: parallel_id=0 thread_num=7
[OMPT] implicit_task_begin: parallel_id=281474976710893 thread_num=19 team_size=32
[OMPT] implicit_task_begin: parallel_id=281474976710893 thread_num=4 team_size=32
[OMPT] implicit_task_begin: parallel_id=281474976710893 thread_num=7 team_size=32
[OMPT] implicit_task_begin: parallel_id=281474976710893 thread_num=11 team_size=32
[OMPT] implicit_task_end: parallel_id=0 thread_num=5
[OMPT] implicit_task_begin: parallel_id=281474976710893 thread_num=14 team_size=32
[OMPT] implicit_task_end: parallel_id=0 thread_num=6
[OMPT] implicit_task_begin: parallel_id=281474976710893 thread_num=5 team_size=32
[OMPT] implicit_task_begin: parallel_id=281474976710893 thread_num=6 team_size=32
[OMPT][WIN100ms] ompt_id=281474976710657 tid=1054906 tipo=ompt_thread_initial    cpu= 22 numa=0  d_rm= 1949199  d_instr= 363002531  d_cyc= 537978266  d_all=16602793  IPC=0.675  ratio_rm=0.1174
[OMPT][WIN100ms] ompt_id=562949953421313 tid=1054928 tipo=ompt_thread_worker     cpu=159 numa=0  d_rm= 1939604  d_instr= 375862914  d_cyc= 539460555  d_all=16554953  IPC=0.697  ratio_rm=0.1172
[OMPT][WIN100ms] ompt_id=844424930131969 tid=1054929 tipo=ompt_thread_worker     cpu= 49 numa=0  d_rm= 1932881  d_instr= 377056865  d_cyc= 540359136  d_all=16845369  IPC=0.698  ratio_rm=0.1147
[OMPT][WIN100ms] ompt_id=1125899906842625 tid=1054930 tipo=ompt_thread_worker     cpu=  8 numa=0  d_rm= 1915418  d_instr= 375173565  d_cyc= 540371266  d_all=17043548  IPC=0.694  ratio_rm=0.1124
[OMPT][WIN100ms] ompt_id=1407374883553281 tid=1054931 tipo=ompt_thread_worker     cpu=121 numa=1  d_rm= 2042935  d_instr= 368973870  d_cyc= 540738374  d_all=16918049  IPC=0.682  ratio_rm=0.1208
[OMPT][WIN100ms] ompt_id=1688849860263937 tid=1054932 tipo=ompt_thread_worker     cpu=208 numa=1  d_rm= 2008655  d_instr= 379787045  d_cyc= 539579942  d_all=16859278  IPC=0.704  ratio_rm=0.1191
[OMPT][WIN100ms] ompt_id=1970324836974593 tid=1054933 tipo=ompt_thread_worker     cpu= 87 numa=1  d_rm= 1992047  d_instr= 380725337  d_cyc= 538008480  d_all=16764298  IPC=0.708  ratio_rm=0.1188
[OMPT][WIN100ms] ompt_id=2251799813685249 tid=1054935 tipo=ompt_thread_worker     cpu= 97 numa=1  d_rm= 1945000  d_instr= 376851552  d_cyc= 540407744  d_all=16743108  IPC=0.697  ratio_rm=0.1162
[OMPT][WIN100ms] ompt_id=2533274790395905 tid=1054934 tipo=ompt_thread_worker     cpu=139 numa=0  d_rm= 1966745  d_instr= 378582359  d_cyc= 540757521  d_all=17091282  IPC=0.700  ratio_rm=0.1151
[OMPT] implicit_task_end: parallel_id=0 thread_num=0
[OMPT] parallel_end: parallel_id=281474976710893
[OMPT] parallel_begin: parallel_id=281474976710895 team_size=32
[OMPT] implicit_task_end: parallel_id=0 thread_num=16
[OMPT] implicit_task_end: parallel_id=0 thread_num=1
[OMPT] implicit_task_end: parallel_id=0 thread_num=20
[OMPT] implicit_task_end: parallel_id=0 thread_num=21
[OMPT] implicit_task_end: parallel_id=0 thread_num=12
[OMPT] implicit_task_end: parallel_id=0 thread_num=15
[OMPT] implicit_task_end: parallel_id=0 thread_num=3
[OMPT] implicit_task_end: parallel_id=0 thread_num=19
[OMPT] implicit_task_end: parallel_id=0 thread_num=17
[OMPT] implicit_task_end: parallel_id=0 thread_num=18
[OMPT] implicit_task_end: parallel_id=0 thread_num=24
[OMPT] implicit_task_end: parallel_id=0 thread_num=27
[OMPT] implicit_task_end: parallel_id=0 thread_num=8
[OMPT] implicit_task_end: parallel_id=0 thread_num=11
[OMPT] implicit_task_end: parallel_id=0 thread_num=23
[OMPT] implicit_task_end: parallel_id=0 thread_num=4
[OMPT] implicit_task_end: parallel_id=0 thread_num=7
[OMPT] implicit_task_end: parallel_id=0 thread_num=13
[OMPT] implicit_task_end: parallel_id=0 thread_num=28
[OMPT] implicit_task_end: parallel_id=0 thread_num=30
[OMPT] implicit_task_end: parallel_id=0 thread_num=25
[OMPT] implicit_task_end: parallel_id=0 thread_num=9
[OMPT] implicit_task_end: parallel_id=0 thread_num=10
[OMPT] implicit_task_end: parallel_id=0 thread_num=22
[OMPT] implicit_task_end: parallel_id=0 thread_num=14
[OMPT] implicit_task_end: parallel_id=0 thread_num=6
[OMPT] implicit_task_end: parallel_id=0 thread_num=5
[OMPT] implicit_task_end: parallel_id=0 thread_num=2
[OMPT] implicit_task_end: parallel_id=0 thread_num=31
[OMPT] implicit_task_end: parallel_id=0 thread_num=29
[OMPT] implicit_task_end: parallel_id=0 thread_num=26
[OMPT][WIN100ms] ompt_id=2814749767106561 tid=1054937 tipo=ompt_thread_worker     cpu=113 numa=1  d_rm= 1923188  d_instr= 368250512  d_cyc= 540117066  d_all=16416885  IPC=0.682  ratio_rm=0.1171
[OMPT][WIN100ms] ompt_id=3096224743817217 tid=1054936 tipo=ompt_thread_worker     cpu=  2 numa=0  d_rm= 2051409  d_instr= 309467354  d_cyc= 550263761  d_all=16590757  IPC=0.562  ratio_rm=0.1236
[OMPT][WIN100ms] ompt_id=3377699720527873 tid=1054938 tipo=ompt_thread_worker     cpu=231 numa=1  d_rm= 1983273  d_instr= 369240542  d_cyc= 539525849  d_all=16596946  IPC=0.684  ratio_rm=0.1195
[OMPT][WIN100ms] ompt_id=3940649673949185 tid=1054940 tipo=ompt_thread_worker     cpu= 45 numa=0  d_rm= 1898171  d_instr= 365800007  d_cyc= 540386454  d_all=16184741  IPC=0.677  ratio_rm=0.1173
[OMPT][WIN100ms] ompt_id=3659174697238529 tid=1054939 tipo=ompt_thread_worker     cpu= 56 numa=0  d_rm= 1916265  d_instr= 372989614  d_cyc= 540493764  d_all=16368920  IPC=0.690  ratio_rm=0.1171
[OMPT][WIN100ms] ompt_id=4222124650659841 tid=1054942 tipo=ompt_thread_worker     cpu=191 numa=0  d_rm= 1925103  d_instr= 374511879  d_cyc= 541732968  d_all=16616473  IPC=0.691  ratio_rm=0.1159
[OMPT][WIN100ms] ompt_id=4503599627370497 tid=1054941 tipo=ompt_thread_worker     cpu= 64 numa=1  d_rm= 1635424  d_instr= 397341920  d_cyc= 537424366  d_all=16322168  IPC=0.739  ratio_rm=0.1002
[OMPT][WIN100ms] ompt_id=4785074604081153 tid=1054944 tipo=ompt_thread_worker     cpu= 21 numa=0  d_rm= 1987743  d_instr= 366468004  d_cyc= 541346871  d_all=16712468  IPC=0.677  ratio_rm=0.1189
[OMPT][WIN100ms] ompt_id=5066549580791809 tid=1054943 tipo=ompt_thread_worker     cpu=120 numa=1  d_rm= 1946722  d_instr= 365291041  d_cyc= 541628420  d_all=16714889  IPC=0.674  ratio_rm=0.1165
[OMPT][WIN100ms] ompt_id=5348024557502465 tid=1054945 tipo=ompt_thread_worker     cpu=  1 numa=0  d_rm= 2070034  d_instr= 308394102  d_cyc= 549800564  d_all=16298878  IPC=0.561  ratio_rm=0.1270
[OMPT][WIN100ms] ompt_id=5629499534213121 tid=1054946 tipo=ompt_thread_worker     cpu= 89 numa=1  d_rm= 1943122  d_instr= 373776260  d_cyc= 539813493  d_all=16415867  IPC=0.692  ratio_rm=0.1184
[OMPT][WIN100ms] ompt_id=5910974510923777 tid=1054947 tipo=ompt_thread_worker     cpu= 88 numa=1  d_rm= 1939702  d_instr= 379477722  d_cyc= 541462092  d_all=16474974  IPC=0.701  ratio_rm=0.1177
[OMPT][WIN100ms] ompt_id=6192449487634433 tid=1054948 tipo=ompt_thread_worker     cpu= 37 numa=0  d_rm= 1908573  d_instr= 366504001  d_cyc= 542897932  d_all=16351051  IPC=0.675  ratio_rm=0.1167
[OMPT][WIN100ms] ompt_id=6473924464345089 tid=1054949 tipo=ompt_thread_worker     cpu=128 numa=0  d_rm= 2016621  d_instr= 307132357  d_cyc= 549148805  d_all=16498669  IPC=0.559  ratio_rm=0.1222
[OMPT][WIN100ms] ompt_id=6755399441055745 tid=1054950 tipo=ompt_thread_worker     cpu=237 numa=1  d_rm= 1992477  d_instr= 373605118  d_cyc= 542360342  d_all=16408520  IPC=0.689  ratio_rm=0.1214
[OMPT][WIN100ms] ompt_id=7036874417766401 tid=1054951 tipo=ompt_thread_worker     cpu=104 numa=1  d_rm= 2004785  d_instr= 378388263  d_cyc= 540688248  d_all=16440230  IPC=0.700  ratio_rm=0.1219
[OMPT][WIN100ms] ompt_id=7318349394477057 tid=1054952 tipo=ompt_thread_worker     cpu= 48 numa=0  d_rm= 1880317  d_instr= 374865414  d_cyc= 544863244  d_all=16354875  IPC=0.688  ratio_rm=0.1150
[OMPT][WIN100ms] ompt_id=7599824371187713 tid=1054953 tipo=ompt_thread_worker     cpu= 36 numa=0  d_rm= 1896031  d_instr= 354156184  d_cyc= 518687688  d_all=16526081  IPC=0.683  ratio_rm=0.1147
[OMPT][WIN100ms] ompt_id=7881299347898369 tid=1054954 tipo=ompt_thread_worker     cpu= 46 numa=0  d_rm= 1903423  d_instr= 370904548  d_cyc= 545970892  d_all=16709718  IPC=0.679  ratio_rm=0.1139
[OMPT][WIN100ms] ompt_id=8162774324609025 tid=1054955 tipo=ompt_thread_worker     cpu= 72 numa=1  d_rm= 1936470  d_instr= 376001653  d_cyc= 542631709  d_all=16543140  IPC=0.693  ratio_rm=0.1171
[OMPT][WIN100ms] ompt_id=8444249301319681 tid=1054956 tipo=ompt_thread_worker     cpu=112 numa=1  d_rm= 1929709  d_instr= 364928457  d_cyc= 544209033  d_all=16499324  IPC=0.671  ratio_rm=0.1170
[OMPT][WIN100ms] ompt_id=8725724278030337 tid=1054957 tipo=ompt_thread_worker     cpu= 25 numa=0  d_rm= 1917062  d_instr= 375048465  d_cyc= 544211649  d_all=16404848  IPC=0.689  ratio_rm=0.1169
[OMPT][WIN100ms] ompt_id=9007199254740993 tid=1054958 tipo=ompt_thread_worker     cpu= 73 numa=1  d_rm= 1931674  d_instr= 376266834  d_cyc= 544412885  d_all=16569390  IPC=0.691  ratio_rm=0.1166
[OMPT] implicit_task_begin: parallel_id=281474976710895 thread_num=11 team_size=32
[OMPT] implicit_task_begin: parallel_id=281474976710895 thread_num=8 team_size=32
[OMPT] implicit_task_begin: parallel_id=281474976710895 thread_num=1 team_size=32
[OMPT] implicit_task_begin: parallel_id=281474976710895 thread_num=30 team_size=32
[OMPT] implicit_task_begin: parallel_id=281474976710895 thread_num=16 team_size=32
[OMPT] implicit_task_begin: parallel_id=281474976710895 thread_num=4 team_size=32
[OMPT] implicit_task_begin: parallel_id=281474976710895 thread_num=27 team_size=32
[OMPT] implicit_task_begin: parallel_id=281474976710895 thread_num=13 team_size=32
[OMPT] implicit_task_begin: parallel_id=281474976710895 thread_num=10 team_size=32
[OMPT] implicit_task_begin: parallel_id=281474976710895 thread_num=29 team_size=32
[OMPT] implicit_task_begin: parallel_id=281474976710895 thread_num=3 team_size=32
[OMPT] implicit_task_begin: parallel_id=281474976710895 thread_num=7 team_size=32
[OMPT] implicit_task_begin: parallel_id=281474976710895 thread_num=24 team_size=32
[OMPT] implicit_task_begin: parallel_id=281474976710895 thread_num=23 team_size=32
[OMPT] implicit_task_begin: parallel_id=281474976710895 thread_num=0 team_size=32
[OMPT] implicit_task_begin: parallel_id=281474976710895 thread_num=17 team_size=32
[OMPT] implicit_task_begin: parallel_id=281474976710895 thread_num=6 team_size=32
[OMPT] implicit_task_begin: parallel_id=281474976710895 thread_num=5 team_size=32
[OMPT] implicit_task_begin: parallel_id=281474976710895 thread_num=14 team_size=32
[OMPT] implicit_task_begin: parallel_id=281474976710895 thread_num=28 team_size=32
[OMPT] implicit_task_begin: parallel_id=281474976710895 thread_num=31 team_size=32
[OMPT] implicit_task_begin: parallel_id=281474976710895 thread_num=26 team_size=32
[OMPT] implicit_task_begin: parallel_id=281474976710895 thread_num=21 team_size=32
[OMPT] implicit_task_begin: parallel_id=281474976710895 thread_num=2 team_size=32
[OMPT] implicit_task_begin: parallel_id=281474976710895 thread_num=25 team_size=32
[OMPT] implicit_task_begin: parallel_id=281474976710895 thread_num=15 team_size=32
[OMPT] implicit_task_begin: parallel_id=281474976710895 thread_num=20 team_size=32
[OMPT] implicit_task_begin: parallel_id=281474976710895 thread_num=12 team_size=32
[OMPT] implicit_task_begin: parallel_id=281474976710895 thread_num=19 team_size=32
[OMPT] implicit_task_begin: parallel_id=281474976710895 thread_num=18 team_size=32
[OMPT] implicit_task_begin: parallel_id=281474976710895 thread_num=22 team_size=32
[OMPT] implicit_task_begin: parallel_id=281474976710895 thread_num=9 team_size=32
[OMPT] implicit_task_end: parallel_id=0 thread_num=0
[OMPT] parallel_end: parallel_id=281474976710895
[OMPT] parallel_begin: parallel_id=281474976710897 team_size=32
[OMPT] implicit_task_end: parallel_id=0 thread_num=12
[OMPT] implicit_task_end: parallel_id=0 thread_num=3
[OMPT] implicit_task_end: parallel_id=0 thread_num=15
[OMPT] implicit_task_begin: parallel_id=281474976710897 thread_num=12 team_size=32
[OMPT] implicit_task_end: parallel_id=0 thread_num=4
[OMPT] implicit_task_end: parallel_id=0 thread_num=8
[OMPT] implicit_task_end: parallel_id=0 thread_num=11
[OMPT] implicit_task_end: parallel_id=0 thread_num=10
[OMPT] implicit_task_begin: parallel_id=281474976710897 thread_num=0 team_size=32
[OMPT] implicit_task_end: parallel_id=0 thread_num=14
[OMPT] implicit_task_end: parallel_id=0 thread_num=13
[OMPT] implicit_task_begin: parallel_id=281474976710897 thread_num=10 team_size=32
[OMPT] implicit_task_begin: parallel_id=281474976710897 thread_num=15 team_size=32
[OMPT] implicit_task_begin: parallel_id=281474976710897 thread_num=13 team_size=32
[OMPT] implicit_task_begin: parallel_id=281474976710897 thread_num=3 team_size=32
[OMPT] implicit_task_end: parallel_id=0 thread_num=7
[OMPT] implicit_task_begin: parallel_id=281474976710897 thread_num=14 team_size=32
[OMPT] implicit_task_begin: parallel_id=281474976710897 thread_num=7 team_size=32
[OMPT] implicit_task_end: parallel_id=0 thread_num=5
[OMPT] implicit_task_end: parallel_id=0 thread_num=9
[OMPT] implicit_task_begin: parallel_id=281474976710897 thread_num=5 team_size=32
[OMPT] implicit_task_begin: parallel_id=281474976710897 thread_num=9 team_size=32
[OMPT] implicit_task_begin: parallel_id=281474976710897 thread_num=4 team_size=32
[OMPT] implicit_task_end: parallel_id=0 thread_num=16
[OMPT] implicit_task_end: parallel_id=0 thread_num=28
[OMPT] implicit_task_end: parallel_id=0 thread_num=19
[OMPT] implicit_task_end: parallel_id=0 thread_num=6
[OMPT] implicit_task_begin: parallel_id=281474976710897 thread_num=28 team_size=32
[OMPT] implicit_task_end: parallel_id=0 thread_num=1
[OMPT] implicit_task_begin: parallel_id=281474976710897 thread_num=8 team_size=32
[OMPT] implicit_task_begin: parallel_id=281474976710897 thread_num=19 team_size=32
[OMPT] implicit_task_end: parallel_id=0 thread_num=17
[OMPT] implicit_task_begin: parallel_id=281474976710897 thread_num=1 team_size=32
[OMPT] implicit_task_end: parallel_id=0 thread_num=18
[OMPT] implicit_task_begin: parallel_id=281474976710897 thread_num=18 team_size=32
[OMPT] implicit_task_end: parallel_id=0 thread_num=20
[OMPT] implicit_task_end: parallel_id=0 thread_num=23
[OMPT] implicit_task_end: parallel_id=0 thread_num=24
[OMPT] implicit_task_end: parallel_id=0 thread_num=25
[OMPT] implicit_task_begin: parallel_id=281474976710897 thread_num=11 team_size=32
[OMPT] implicit_task_end: parallel_id=0 thread_num=30
[OMPT] implicit_task_begin: parallel_id=281474976710897 thread_num=23 team_size=32
[OMPT] implicit_task_end: parallel_id=0 thread_num=29
[OMPT] implicit_task_begin: parallel_id=281474976710897 thread_num=25 team_size=32
[OMPT] implicit_task_end: parallel_id=0 thread_num=2
[OMPT] implicit_task_begin: parallel_id=281474976710897 thread_num=29 team_size=32
[OMPT] implicit_task_begin: parallel_id=281474976710897 thread_num=30 team_size=32
[OMPT] implicit_task_begin: parallel_id=281474976710897 thread_num=2 team_size=32
[OMPT] implicit_task_begin: parallel_id=281474976710897 thread_num=17 team_size=32
[OMPT] implicit_task_end: parallel_id=0 thread_num=22
[OMPT] implicit_task_begin: parallel_id=281474976710897 thread_num=22 team_size=32
[OMPT] implicit_task_end: parallel_id=0 thread_num=21
[OMPT] implicit_task_begin: parallel_id=281474976710897 thread_num=21 team_size=32
[OMPT] implicit_task_end: parallel_id=0 thread_num=26
[OMPT] implicit_task_begin: parallel_id=281474976710897 thread_num=26 team_size=32
[OMPT] implicit_task_end: parallel_id=0 thread_num=27
[OMPT] implicit_task_begin: parallel_id=281474976710897 thread_num=27 team_size=32
[OMPT] implicit_task_end: parallel_id=0 thread_num=31
[OMPT] implicit_task_begin: parallel_id=281474976710897 thread_num=24 team_size=32
[OMPT] implicit_task_begin: parallel_id=281474976710897 thread_num=31 team_size=32
[OMPT] implicit_task_begin: parallel_id=281474976710897 thread_num=6 team_size=32
[OMPT] implicit_task_begin: parallel_id=281474976710897 thread_num=20 team_size=32
[OMPT] implicit_task_begin: parallel_id=281474976710897 thread_num=16 team_size=32
[OMPT] implicit_task_end: parallel_id=0 thread_num=0
[OMPT] parallel_end: parallel_id=281474976710897
[OMPT] parallel_begin: parallel_id=281474976710899 team_size=32
[OMPT] implicit_task_end: parallel_id=0 thread_num=12
[OMPT] implicit_task_end: parallel_id=0 thread_num=1
[OMPT] implicit_task_end: parallel_id=0 thread_num=13
[OMPT] implicit_task_begin: parallel_id=281474976710899 thread_num=1 team_size=32
[OMPT] implicit_task_end: parallel_id=0 thread_num=16
[OMPT] implicit_task_begin: parallel_id=281474976710899 thread_num=13 team_size=32
[OMPT] implicit_task_end: parallel_id=0 thread_num=18
[OMPT] implicit_task_end: parallel_id=0 thread_num=2
[OMPT] implicit_task_end: parallel_id=0 thread_num=3
[OMPT] implicit_task_begin: parallel_id=281474976710899 thread_num=2 team_size=32
[OMPT] implicit_task_end: parallel_id=0 thread_num=15
[OMPT] implicit_task_begin: parallel_id=281474976710899 thread_num=3 team_size=32
[OMPT] implicit_task_begin: parallel_id=281474976710899 thread_num=12 team_size=32
[OMPT] implicit_task_begin: parallel_id=281474976710899 thread_num=15 team_size=32
[OMPT] implicit_task_end: parallel_id=0 thread_num=4
[OMPT] implicit_task_end: parallel_id=0 thread_num=17
[OMPT] implicit_task_end: parallel_id=0 thread_num=5
[OMPT] implicit_task_end: parallel_id=0 thread_num=19
[OMPT] implicit_task_begin: parallel_id=281474976710899 thread_num=5 team_size=32
[OMPT] implicit_task_end: parallel_id=0 thread_num=24
[OMPT] implicit_task_end: parallel_id=0 thread_num=27
[OMPT] implicit_task_begin: parallel_id=281474976710899 thread_num=16 team_size=32
[OMPT] implicit_task_begin: parallel_id=281474976710899 thread_num=19 team_size=32
[OMPT] implicit_task_begin: parallel_id=281474976710899 thread_num=0 team_size=32
[OMPT] implicit_task_end: parallel_id=0 thread_num=14
[OMPT] implicit_task_begin: parallel_id=281474976710899 thread_num=24 team_size=32
[OMPT] implicit_task_begin: parallel_id=281474976710899 thread_num=27 team_size=32
[OMPT] implicit_task_end: parallel_id=0 thread_num=7
[OMPT] implicit_task_begin: parallel_id=281474976710899 thread_num=14 team_size=32
[OMPT] implicit_task_begin: parallel_id=281474976710899 thread_num=7 team_size=32
[OMPT] implicit_task_begin: parallel_id=281474976710899 thread_num=4 team_size=32
[OMPT] implicit_task_begin: parallel_id=281474976710899 thread_num=17 team_size=32
[OMPT] implicit_task_end: parallel_id=0 thread_num=28
[OMPT] implicit_task_end: parallel_id=0 thread_num=31
[OMPT] implicit_task_end: parallel_id=0 thread_num=25
[OMPT] implicit_task_begin: parallel_id=281474976710899 thread_num=31 team_size=32
[OMPT] implicit_task_end: parallel_id=0 thread_num=26
[OMPT] implicit_task_begin: parallel_id=281474976710899 thread_num=26 team_size=32
[OMPT] implicit_task_end: parallel_id=0 thread_num=8
[OMPT] implicit_task_end: parallel_id=0 thread_num=10
[OMPT] implicit_task_begin: parallel_id=281474976710899 thread_num=8 team_size=32
[OMPT] implicit_task_end: parallel_id=0 thread_num=20
[OMPT] implicit_task_begin: parallel_id=281474976710899 thread_num=10 team_size=32
[OMPT] implicit_task_end: parallel_id=0 thread_num=23
[OMPT] implicit_task_end: parallel_id=0 thread_num=29
[OMPT] implicit_task_end: parallel_id=0 thread_num=30
[OMPT] implicit_task_begin: parallel_id=281474976710899 thread_num=29 team_size=32
[OMPT] implicit_task_begin: parallel_id=281474976710899 thread_num=30 team_size=32
[OMPT] implicit_task_begin: parallel_id=281474976710899 thread_num=18 team_size=32
[OMPT] implicit_task_end: parallel_id=0 thread_num=11
[OMPT] implicit_task_begin: parallel_id=281474976710899 thread_num=11 team_size=32
[OMPT] implicit_task_end: parallel_id=0 thread_num=9
[OMPT] implicit_task_begin: parallel_id=281474976710899 thread_num=9 team_size=32
[OMPT] implicit_task_end: parallel_id=0 thread_num=6
[OMPT] implicit_task_end: parallel_id=0 thread_num=22
[OMPT] implicit_task_begin: parallel_id=281474976710899 thread_num=6 team_size=32
[OMPT] implicit_task_begin: parallel_id=281474976710899 thread_num=22 team_size=32
[OMPT] implicit_task_end: parallel_id=0 thread_num=21
[OMPT] implicit_task_begin: parallel_id=281474976710899 thread_num=21 team_size=32
[OMPT] implicit_task_begin: parallel_id=281474976710899 thread_num=20 team_size=32
[OMPT] implicit_task_begin: parallel_id=281474976710899 thread_num=23 team_size=32
[OMPT] implicit_task_begin: parallel_id=281474976710899 thread_num=28 team_size=32
[OMPT] implicit_task_begin: parallel_id=281474976710899 thread_num=25 team_size=32
[OMPT] implicit_task_end: parallel_id=0 thread_num=0
[OMPT] parallel_end: parallel_id=281474976710899
[OMPT] parallel_begin: parallel_id=281474976710901 team_size=32
[OMPT] implicit_task_end: parallel_id=0 thread_num=16
[OMPT] implicit_task_end: parallel_id=0 thread_num=2
[OMPT] implicit_task_end: parallel_id=0 thread_num=24
[OMPT] implicit_task_begin: parallel_id=281474976710901 thread_num=16 team_size=32
[OMPT] implicit_task_end: parallel_id=0 thread_num=27
[OMPT] implicit_task_end: parallel_id=0 thread_num=1
[OMPT] implicit_task_end: parallel_id=0 thread_num=12
[OMPT] implicit_task_end: parallel_id=0 thread_num=4
[OMPT] implicit_task_end: parallel_id=0 thread_num=14
[OMPT] implicit_task_end: parallel_id=0 thread_num=7
[OMPT] implicit_task_begin: parallel_id=281474976710901 thread_num=12 team_size=32
[OMPT] implicit_task_end: parallel_id=0 thread_num=28
[OMPT] implicit_task_end: parallel_id=0 thread_num=19
[OMPT] implicit_task_begin: parallel_id=281474976710901 thread_num=14 team_size=32
[OMPT] implicit_task_begin: parallel_id=281474976710901 thread_num=27 team_size=32
[OMPT] implicit_task_end: parallel_id=0 thread_num=18
[OMPT] implicit_task_end: parallel_id=0 thread_num=8
[OMPT] implicit_task_end: parallel_id=0 thread_num=11
[OMPT] implicit_task_begin: parallel_id=281474976710901 thread_num=19 team_size=32
[OMPT] implicit_task_begin: parallel_id=281474976710901 thread_num=18 team_size=32
[OMPT] implicit_task_end: parallel_id=0 thread_num=25
[OMPT] implicit_task_begin: parallel_id=281474976710901 thread_num=11 team_size=32
[OMPT] implicit_task_end: parallel_id=0 thread_num=3
[OMPT] implicit_task_begin: parallel_id=281474976710901 thread_num=7 team_size=32
[OMPT] implicit_task_begin: parallel_id=281474976710901 thread_num=25 team_size=32
[OMPT] implicit_task_end: parallel_id=0 thread_num=15
[OMPT] implicit_task_end: parallel_id=0 thread_num=13
[OMPT] implicit_task_begin: parallel_id=281474976710901 thread_num=0 team_size=32
[OMPT] implicit_task_begin: parallel_id=281474976710901 thread_num=13 team_size=32
[OMPT] implicit_task_end: parallel_id=0 thread_num=6
[OMPT] implicit_task_begin: parallel_id=281474976710901 thread_num=1 team_size=32
[OMPT] implicit_task_end: parallel_id=0 thread_num=17
[OMPT] implicit_task_begin: parallel_id=281474976710901 thread_num=6 team_size=32
[OMPT] implicit_task_begin: parallel_id=281474976710901 thread_num=4 team_size=32
[OMPT] implicit_task_end: parallel_id=0 thread_num=31
[OMPT] implicit_task_end: parallel_id=0 thread_num=30
[OMPT] implicit_task_begin: parallel_id=281474976710901 thread_num=31 team_size=32
[OMPT] implicit_task_end: parallel_id=0 thread_num=29
[OMPT] implicit_task_end: parallel_id=0 thread_num=9
[OMPT] implicit_task_begin: parallel_id=281474976710901 thread_num=9 team_size=32
[OMPT] implicit_task_end: parallel_id=0 thread_num=10
[OMPT] implicit_task_begin: parallel_id=281474976710901 thread_num=10 team_size=32
[OMPT] implicit_task_end: parallel_id=0 thread_num=26
[OMPT] implicit_task_begin: parallel_id=281474976710901 thread_num=2 team_size=32
[OMPT] implicit_task_begin: parallel_id=281474976710901 thread_num=8 team_size=32
[OMPT] implicit_task_begin: parallel_id=281474976710901 thread_num=3 team_size=32
[OMPT] implicit_task_begin: parallel_id=281474976710901 thread_num=15 team_size=32
[OMPT] implicit_task_begin: parallel_id=281474976710901 thread_num=24 team_size=32
[OMPT] implicit_task_end: parallel_id=0 thread_num=5
[OMPT] implicit_task_begin: parallel_id=281474976710901 thread_num=17 team_size=32
[OMPT] implicit_task_begin: parallel_id=281474976710901 thread_num=30 team_size=32
[OMPT] implicit_task_end: parallel_id=0 thread_num=20
[OMPT] implicit_task_end: parallel_id=0 thread_num=23
[OMPT] implicit_task_begin: parallel_id=281474976710901 thread_num=28 team_size=32
[OMPT] implicit_task_begin: parallel_id=281474976710901 thread_num=29 team_size=32
[OMPT] implicit_task_begin: parallel_id=281474976710901 thread_num=20 team_size=32
[OMPT] implicit_task_begin: parallel_id=281474976710901 thread_num=23 team_size=32
[OMPT] implicit_task_end: parallel_id=0 thread_num=21
[OMPT] implicit_task_begin: parallel_id=281474976710901 thread_num=21 team_size=32
[OMPT] implicit_task_begin: parallel_id=281474976710901 thread_num=26 team_size=32
[OMPT] implicit_task_end: parallel_id=0 thread_num=22
[OMPT] implicit_task_begin: parallel_id=281474976710901 thread_num=5 team_size=32
[OMPT] implicit_task_begin: parallel_id=281474976710901 thread_num=22 team_size=32
[OMPT] implicit_task_end: parallel_id=0 thread_num=0
[OMPT] parallel_end: parallel_id=281474976710901
[OMPT] parallel_begin: parallel_id=281474976710903 team_size=32
[OMPT] implicit_task_end: parallel_id=0 thread_num=12
[OMPT] implicit_task_end: parallel_id=0 thread_num=1
[OMPT] implicit_task_end: parallel_id=0 thread_num=13
[OMPT] implicit_task_end: parallel_id=0 thread_num=4
[OMPT] implicit_task_begin: parallel_id=281474976710903 thread_num=13 team_size=32
[OMPT] implicit_task_end: parallel_id=0 thread_num=7
[OMPT] implicit_task_end: parallel_id=0 thread_num=3
[OMPT] implicit_task_begin: parallel_id=281474976710903 thread_num=7 team_size=32
[OMPT] implicit_task_begin: parallel_id=281474976710903 thread_num=3 team_size=32
[OMPT] implicit_task_end: parallel_id=0 thread_num=2
[OMPT] implicit_task_begin: parallel_id=281474976710903 thread_num=0 team_size=32
[OMPT] implicit_task_begin: parallel_id=281474976710903 thread_num=2 team_size=32
[OMPT] implicit_task_end: parallel_id=0 thread_num=15
[OMPT] implicit_task_end: parallel_id=0 thread_num=14
[OMPT] implicit_task_end: parallel_id=0 thread_num=16
[OMPT] implicit_task_end: parallel_id=0 thread_num=28
[OMPT] implicit_task_begin: parallel_id=281474976710903 thread_num=14 team_size=32
[OMPT] implicit_task_end: parallel_id=0 thread_num=30
[OMPT] implicit_task_end: parallel_id=0 thread_num=6
[OMPT] implicit_task_end: parallel_id=0 thread_num=8
[OMPT] implicit_task_begin: parallel_id=281474976710903 thread_num=4 team_size=32
[OMPT] implicit_task_end: parallel_id=0 thread_num=9
[OMPT] implicit_task_begin: parallel_id=281474976710903 thread_num=12 team_size=32
[OMPT] implicit_task_begin: parallel_id=281474976710903 thread_num=8 team_size=32
[OMPT] implicit_task_end: parallel_id=0 thread_num=20
[OMPT] implicit_task_end: parallel_id=0 thread_num=23
[OMPT] implicit_task_end: parallel_id=0 thread_num=24
[OMPT] implicit_task_end: parallel_id=0 thread_num=27
[OMPT] implicit_task_begin: parallel_id=281474976710903 thread_num=16 team_size=32
[OMPT] implicit_task_begin: parallel_id=281474976710903 thread_num=20 team_size=32
[OMPT] implicit_task_end: parallel_id=0 thread_num=31
[OMPT] implicit_task_end: parallel_id=0 thread_num=29
[OMPT] implicit_task_begin: parallel_id=281474976710903 thread_num=28 team_size=32
[OMPT] implicit_task_end: parallel_id=0 thread_num=5
[OMPT] implicit_task_begin: parallel_id=281474976710903 thread_num=30 team_size=32
[OMPT] implicit_task_begin: parallel_id=281474976710903 thread_num=27 team_size=32
[OMPT] implicit_task_end: parallel_id=0 thread_num=11
[OMPT] implicit_task_end: parallel_id=0 thread_num=10
[OMPT] implicit_task_begin: parallel_id=281474976710903 thread_num=15 team_size=32
[OMPT] implicit_task_begin: parallel_id=281474976710903 thread_num=6 team_size=32
[OMPT] implicit_task_begin: parallel_id=281474976710903 thread_num=29 team_size=32
[OMPT] implicit_task_begin: parallel_id=281474976710903 thread_num=10 team_size=32
[OMPT] implicit_task_end: parallel_id=0 thread_num=19
[OMPT] implicit_task_end: parallel_id=0 thread_num=22
[OMPT] implicit_task_end: parallel_id=0 thread_num=21
[OMPT] implicit_task_begin: parallel_id=281474976710903 thread_num=22 team_size=32
[OMPT] implicit_task_end: parallel_id=0 thread_num=25
[OMPT] implicit_task_begin: parallel_id=281474976710903 thread_num=21 team_size=32
[OMPT] implicit_task_begin: parallel_id=281474976710903 thread_num=1 team_size=32
[OMPT] implicit_task_begin: parallel_id=281474976710903 thread_num=25 team_size=32
[OMPT] implicit_task_begin: parallel_id=281474976710903 thread_num=24 team_size=32
[OMPT] implicit_task_begin: parallel_id=281474976710903 thread_num=5 team_size=32
[OMPT] implicit_task_begin: parallel_id=281474976710903 thread_num=9 team_size=32
[OMPT] implicit_task_end: parallel_id=0 thread_num=17
[OMPT] implicit_task_begin: parallel_id=281474976710903 thread_num=31 team_size=32
[OMPT] implicit_task_begin: parallel_id=281474976710903 thread_num=17 team_size=32
[OMPT] implicit_task_begin: parallel_id=281474976710903 thread_num=19 team_size=32
[OMPT] implicit_task_end: parallel_id=0 thread_num=26
[OMPT] implicit_task_begin: parallel_id=281474976710903 thread_num=26 team_size=32
[OMPT] implicit_task_end: parallel_id=0 thread_num=18
[OMPT] implicit_task_begin: parallel_id=281474976710903 thread_num=18 team_size=32
[OMPT] implicit_task_begin: parallel_id=281474976710903 thread_num=23 team_size=32
[OMPT] implicit_task_begin: parallel_id=281474976710903 thread_num=11 team_size=32
[OMPT][WIN100ms] ompt_id=281474976710657 tid=1054906 tipo=ompt_thread_initial    cpu= 22 numa=0  d_rm= 1954055  d_instr= 366327342  d_cyc= 547193091  d_all=16666126  IPC=0.669  ratio_rm=0.1172
[OMPT][WIN100ms] ompt_id=562949953421313 tid=1054928 tipo=ompt_thread_worker     cpu=159 numa=0  d_rm= 1883467  d_instr= 371860580  d_cyc= 545286161  d_all=16221016  IPC=0.682  ratio_rm=0.1161
[OMPT][WIN100ms] ompt_id=844424930131969 tid=1054929 tipo=ompt_thread_worker     cpu= 49 numa=0  d_rm= 1908328  d_instr= 370722013  d_cyc= 545548872  d_all=16640656  IPC=0.680  ratio_rm=0.1147
[OMPT][WIN100ms] ompt_id=1125899906842625 tid=1054930 tipo=ompt_thread_worker     cpu=  8 numa=0  d_rm= 1901795  d_instr= 376734165  d_cyc= 546184885  d_all=16807338  IPC=0.690  ratio_rm=0.1132
[OMPT][WIN100ms] ompt_id=1407374883553281 tid=1054931 tipo=ompt_thread_worker     cpu=121 numa=1  d_rm= 2043974  d_instr= 371021418  d_cyc= 546035604  d_all=16925407  IPC=0.679  ratio_rm=0.1208
[OMPT][WIN100ms] ompt_id=1688849860263937 tid=1054932 tipo=ompt_thread_worker     cpu=208 numa=1  d_rm= 1986874  d_instr= 375147770  d_cyc= 544215215  d_all=16577244  IPC=0.689  ratio_rm=0.1199
[OMPT][WIN100ms] ompt_id=1970324836974593 tid=1054933 tipo=ompt_thread_worker     cpu= 87 numa=1  d_rm= 1962561  d_instr= 379037799  d_cyc= 542897553  d_all=16671991  IPC=0.698  ratio_rm=0.1177
[OMPT][WIN100ms] ompt_id=2251799813685249 tid=1054935 tipo=ompt_thread_worker     cpu= 97 numa=1  d_rm= 1955799  d_instr= 374951211  d_cyc= 543962852  d_all=16744624  IPC=0.689  ratio_rm=0.1168
[OMPT][WIN100ms] ompt_id=2533274790395905 tid=1054934 tipo=ompt_thread_worker     cpu=139 numa=0  d_rm= 1972569  d_instr= 379906923  d_cyc= 547357949  d_all=17087676  IPC=0.694  ratio_rm=0.1154
[OMPT] implicit_task_end: parallel_id=0 thread_num=0
[OMPT] parallel_end: parallel_id=281474976710903
[OMPT] parallel_begin: parallel_id=281474976710905 team_size=32
[OMPT] implicit_task_end: parallel_id=0 thread_num=12
[OMPT] implicit_task_end: parallel_id=0 thread_num=2
[OMPT] implicit_task_end: parallel_id=0 thread_num=13
[OMPT] implicit_task_end: parallel_id=0 thread_num=4
[OMPT] implicit_task_end: parallel_id=0 thread_num=8
[OMPT] implicit_task_end: parallel_id=0 thread_num=11
[OMPT] implicit_task_end: parallel_id=0 thread_num=1
[OMPT] implicit_task_end: parallel_id=0 thread_num=3
[OMPT] implicit_task_end: parallel_id=0 thread_num=15
[OMPT] implicit_task_end: parallel_id=0 thread_num=16
[OMPT] implicit_task_end: parallel_id=0 thread_num=7
[OMPT] implicit_task_end: parallel_id=0 thread_num=28
[OMPT] implicit_task_end: parallel_id=0 thread_num=30
[OMPT] implicit_task_end: parallel_id=0 thread_num=5
[OMPT] implicit_task_end: parallel_id=0 thread_num=9
[OMPT] implicit_task_end: parallel_id=0 thread_num=14
[OMPT] implicit_task_end: parallel_id=0 thread_num=18
[OMPT] implicit_task_end: parallel_id=0 thread_num=19
[OMPT] implicit_task_end: parallel_id=0 thread_num=20
[OMPT] implicit_task_end: parallel_id=0 thread_num=22
[OMPT] implicit_task_end: parallel_id=0 thread_num=17
[OMPT] implicit_task_end: parallel_id=0 thread_num=24
[OMPT] implicit_task_end: parallel_id=0 thread_num=27
[OMPT] implicit_task_end: parallel_id=0 thread_num=31
[OMPT] implicit_task_end: parallel_id=0 thread_num=29
[OMPT] implicit_task_end: parallel_id=0 thread_num=10
[OMPT][WIN100ms] ompt_id=2814749767106561 tid=1054937 tipo=ompt_thread_worker     cpu=113 numa=1  d_rm= 1925902  d_instr= 368628390  d_cyc= 547090855  d_all=16420768  IPC=0.674  ratio_rm=0.1173
[OMPT] implicit_task_end: parallel_id=0 thread_num=23
[OMPT] implicit_task_end: parallel_id=0 thread_num=21
[OMPT] implicit_task_end: parallel_id=0 thread_num=6
[OMPT] implicit_task_end: parallel_id=0 thread_num=25
[OMPT] implicit_task_end: parallel_id=0 thread_num=26
[OMPT][WIN100ms] ompt_id=3096224743817217 tid=1054936 tipo=ompt_thread_worker     cpu=  2 numa=0  d_rm= 2037439  d_instr= 308298152  d_cyc= 554605876  d_all=16573944  IPC=0.556  ratio_rm=0.1229
[OMPT][WIN100ms] ompt_id=3377699720527873 tid=1054938 tipo=ompt_thread_worker     cpu=231 numa=1  d_rm= 1985723  d_instr= 373637700  d_cyc= 546508556  d_all=16602874  IPC=0.684  ratio_rm=0.1196
[OMPT][WIN100ms] ompt_id=3940649673949185 tid=1054940 tipo=ompt_thread_worker     cpu= 45 numa=0  d_rm= 1903033  d_instr= 367813509  d_cyc= 547069719  d_all=16189439  IPC=0.672  ratio_rm=0.1175
[OMPT][WIN100ms] ompt_id=3659174697238529 tid=1054939 tipo=ompt_thread_worker     cpu= 56 numa=0  d_rm= 1922223  d_instr= 372727930  d_cyc= 547680008  d_all=16376265  IPC=0.681  ratio_rm=0.1174
[OMPT][WIN100ms] ompt_id=4222124650659841 tid=1054942 tipo=ompt_thread_worker     cpu=191 numa=0  d_rm= 1928511  d_instr= 371609984  d_cyc= 546574103  d_all=16615904  IPC=0.680  ratio_rm=0.1161
[OMPT][WIN100ms] ompt_id=4503599627370497 tid=1054941 tipo=ompt_thread_worker     cpu= 64 numa=1  d_rm= 1626900  d_instr= 399043737  d_cyc= 544109036  d_all=16325530  IPC=0.733  ratio_rm=0.0997
[OMPT][WIN100ms] ompt_id=4785074604081153 tid=1054944 tipo=ompt_thread_worker     cpu= 21 numa=0  d_rm= 1981287  d_instr= 368134065  d_cyc= 545530114  d_all=16719318  IPC=0.675  ratio_rm=0.1185
[OMPT][WIN100ms] ompt_id=5066549580791809 tid=1054943 tipo=ompt_thread_worker     cpu=120 numa=1  d_rm= 1939797  d_instr= 369424264  d_cyc= 546605951  d_all=16714146  IPC=0.676  ratio_rm=0.1161
[OMPT][WIN100ms] ompt_id=5348024557502465 tid=1054945 tipo=ompt_thread_worker     cpu=  1 numa=0  d_rm= 2070281  d_instr= 308318132  d_cyc= 553763951  d_all=16298256  IPC=0.557  ratio_rm=0.1270
[OMPT][WIN100ms] ompt_id=5629499534213121 tid=1054946 tipo=ompt_thread_worker     cpu= 89 numa=1  d_rm= 1967840  d_instr= 377684488  d_cyc= 546172682  d_all=16418119  IPC=0.692  ratio_rm=0.1199
[OMPT][WIN100ms] ompt_id=5910974510923777 tid=1054947 tipo=ompt_thread_worker     cpu= 88 numa=1  d_rm= 1972346  d_instr= 379202587  d_cyc= 542927613  d_all=16475068  IPC=0.698  ratio_rm=0.1197
[OMPT][WIN100ms] ompt_id=6192449487634433 tid=1054948 tipo=ompt_thread_worker     cpu= 37 numa=0  d_rm= 1917324  d_instr= 369406683  d_cyc= 547466576  d_all=16348120  IPC=0.675  ratio_rm=0.1173
[OMPT][WIN100ms] ompt_id=6473924464345089 tid=1054949 tipo=ompt_thread_worker     cpu=128 numa=0  d_rm= 2018850  d_instr= 309580940  d_cyc= 555211082  d_all=16490778  IPC=0.558  ratio_rm=0.1224
[OMPT][WIN100ms] ompt_id=6755399441055745 tid=1054950 tipo=ompt_thread_worker     cpu=237 numa=1  d_rm= 1995272  d_instr= 378071238  d_cyc= 547624341  d_all=16409432  IPC=0.690  ratio_rm=0.1216
[OMPT][WIN100ms] ompt_id=7036874417766401 tid=1054951 tipo=ompt_thread_worker     cpu=104 numa=1  d_rm= 2027806  d_instr= 380385982  d_cyc= 545146291  d_all=16438336  IPC=0.698  ratio_rm=0.1234
[OMPT][WIN100ms] ompt_id=7318349394477057 tid=1054952 tipo=ompt_thread_worker     cpu= 48 numa=0  d_rm= 1882751  d_instr= 371419616  d_cyc= 547653199  d_all=16353141  IPC=0.678  ratio_rm=0.1151
[OMPT][WIN100ms] ompt_id=7599824371187713 tid=1054953 tipo=ompt_thread_worker     cpu= 36 numa=0  d_rm= 1891702  d_instr= 356093684  d_cyc= 521581920  d_all=16523593  IPC=0.683  ratio_rm=0.1145
[OMPT][WIN100ms] ompt_id=7881299347898369 tid=1054954 tipo=ompt_thread_worker     cpu= 46 numa=0  d_rm= 1902153  d_instr= 373258546  d_cyc= 548482429  d_all=16706328  IPC=0.681  ratio_rm=0.1139
[OMPT][WIN100ms] ompt_id=8162774324609025 tid=1054955 tipo=ompt_thread_worker     cpu= 72 numa=1  d_rm= 1943977  d_instr= 373580694  d_cyc= 544648031  d_all=16541453  IPC=0.686  ratio_rm=0.1175
[OMPT][WIN100ms] ompt_id=8444249301319681 tid=1054956 tipo=ompt_thread_worker     cpu=112 numa=1  d_rm= 1926456  d_instr= 367124361  d_cyc= 545456339  d_all=16503816  IPC=0.673  ratio_rm=0.1167
[OMPT][WIN100ms] ompt_id=8725724278030337 tid=1054957 tipo=ompt_thread_worker     cpu= 25 numa=0  d_rm= 1917350  d_instr= 376332854  d_cyc= 545307800  d_all=16406272  IPC=0.690  ratio_rm=0.1169
[OMPT][WIN100ms] ompt_id=9007199254740993 tid=1054958 tipo=ompt_thread_worker     cpu= 73 numa=1  d_rm= 1938584  d_instr= 373927676  d_cyc= 545223372  d_all=16565023  IPC=0.686  ratio_rm=0.1170
[OMPT] implicit_task_begin: parallel_id=281474976710905 thread_num=21 team_size=32
[OMPT] implicit_task_begin: parallel_id=281474976710905 thread_num=26 team_size=32
[OMPT] implicit_task_begin: parallel_id=281474976710905 thread_num=27 team_size=32
[OMPT] implicit_task_begin: parallel_id=281474976710905 thread_num=13 team_size=32
[OMPT] implicit_task_begin: parallel_id=281474976710905 thread_num=29 team_size=32
[OMPT] implicit_task_begin: parallel_id=281474976710905 thread_num=10 team_size=32
[OMPT] implicit_task_begin: parallel_id=281474976710905 thread_num=6 team_size=32
[OMPT] implicit_task_begin: parallel_id=281474976710905 thread_num=5 team_size=32
[OMPT] implicit_task_begin: parallel_id=281474976710905 thread_num=14 team_size=32
[OMPT] implicit_task_begin: parallel_id=281474976710905 thread_num=23 team_size=32
[OMPT] implicit_task_begin: parallel_id=281474976710905 thread_num=24 team_size=32
[OMPT] implicit_task_begin: parallel_id=281474976710905 thread_num=3 team_size=32
[OMPT] implicit_task_begin: parallel_id=281474976710905 thread_num=7 team_size=32
[OMPT] implicit_task_begin: parallel_id=281474976710905 thread_num=11 team_size=32
[OMPT] implicit_task_begin: parallel_id=281474976710905 thread_num=8 team_size=32
[OMPT] implicit_task_begin: parallel_id=281474976710905 thread_num=20 team_size=32
[OMPT] implicit_task_begin: parallel_id=281474976710905 thread_num=19 team_size=32
[OMPT] implicit_task_begin: parallel_id=281474976710905 thread_num=28 team_size=32
[OMPT] implicit_task_begin: parallel_id=281474976710905 thread_num=31 team_size=32
[OMPT] implicit_task_begin: parallel_id=281474976710905 thread_num=22 team_size=32
[OMPT] implicit_task_begin: parallel_id=281474976710905 thread_num=16 team_size=32
[OMPT] implicit_task_begin: parallel_id=281474976710905 thread_num=4 team_size=32
[OMPT] implicit_task_begin: parallel_id=281474976710905 thread_num=0 team_size=32
[OMPT] implicit_task_begin: parallel_id=281474976710905 thread_num=9 team_size=32
[OMPT] implicit_task_begin: parallel_id=281474976710905 thread_num=2 team_size=32
[OMPT] implicit_task_begin: parallel_id=281474976710905 thread_num=25 team_size=32
[OMPT] implicit_task_begin: parallel_id=281474976710905 thread_num=18 team_size=32
[OMPT] implicit_task_begin: parallel_id=281474976710905 thread_num=1 team_size=32
[OMPT] implicit_task_begin: parallel_id=281474976710905 thread_num=12 team_size=32
[OMPT] implicit_task_begin: parallel_id=281474976710905 thread_num=15 team_size=32
[OMPT] implicit_task_begin: parallel_id=281474976710905 thread_num=17 team_size=32
[OMPT] implicit_task_begin: parallel_id=281474976710905 thread_num=30 team_size=32
[OMPT] implicit_task_end: parallel_id=0 thread_num=0
[OMPT] parallel_end: parallel_id=281474976710905
[OMPT] parallel_begin: parallel_id=281474976710907 team_size=32
[OMPT] implicit_task_end: parallel_id=0 thread_num=16
[OMPT] implicit_task_end: parallel_id=0 thread_num=12
[OMPT] implicit_task_end: parallel_id=0 thread_num=28
[OMPT] implicit_task_end: parallel_id=0 thread_num=24
[OMPT] implicit_task_begin: parallel_id=281474976710907 thread_num=12 team_size=32
[OMPT] implicit_task_end: parallel_id=0 thread_num=30
[OMPT] implicit_task_begin: parallel_id=281474976710907 thread_num=28 team_size=32
[OMPT] implicit_task_end: parallel_id=0 thread_num=2
[OMPT] implicit_task_end: parallel_id=0 thread_num=3
[OMPT] implicit_task_begin: parallel_id=281474976710907 thread_num=0 team_size=32
[OMPT] implicit_task_end: parallel_id=0 thread_num=20
[OMPT] implicit_task_begin: parallel_id=281474976710907 thread_num=30 team_size=32
[OMPT] implicit_task_end: parallel_id=0 thread_num=21
[OMPT] implicit_task_end: parallel_id=0 thread_num=22
[OMPT] implicit_task_end: parallel_id=0 thread_num=14
[OMPT] implicit_task_end: parallel_id=0 thread_num=4
[OMPT] implicit_task_begin: parallel_id=281474976710907 thread_num=20 team_size=32
[OMPT] implicit_task_end: parallel_id=0 thread_num=7
[OMPT] implicit_task_end: parallel_id=0 thread_num=5
[OMPT] implicit_task_end: parallel_id=0 thread_num=31
[OMPT] implicit_task_begin: parallel_id=281474976710907 thread_num=4 team_size=32
[OMPT] implicit_task_end: parallel_id=0 thread_num=29
[OMPT] implicit_task_begin: parallel_id=281474976710907 thread_num=31 team_size=32
[OMPT] implicit_task_end: parallel_id=0 thread_num=25
[OMPT] implicit_task_begin: parallel_id=281474976710907 thread_num=5 team_size=32
[OMPT] implicit_task_begin: parallel_id=281474976710907 thread_num=29 team_size=32
[OMPT] implicit_task_begin: parallel_id=281474976710907 thread_num=25 team_size=32
[OMPT] implicit_task_end: parallel_id=0 thread_num=17
[OMPT] implicit_task_begin: parallel_id=281474976710907 thread_num=17 team_size=32
[OMPT] implicit_task_begin: parallel_id=281474976710907 thread_num=24 team_size=32
[OMPT] implicit_task_end: parallel_id=0 thread_num=19
[OMPT] implicit_task_begin: parallel_id=281474976710907 thread_num=2 team_size=32
[OMPT] implicit_task_begin: parallel_id=281474976710907 thread_num=19 team_size=32
[OMPT] implicit_task_end: parallel_id=0 thread_num=18
[OMPT] implicit_task_begin: parallel_id=281474976710907 thread_num=18 team_size=32
[OMPT] implicit_task_begin: parallel_id=281474976710907 thread_num=3 team_size=32
[OMPT] implicit_task_end: parallel_id=0 thread_num=23
[OMPT] implicit_task_end: parallel_id=0 thread_num=15
[OMPT] implicit_task_begin: parallel_id=281474976710907 thread_num=15 team_size=32
[OMPT] implicit_task_begin: parallel_id=281474976710907 thread_num=22 team_size=32
[OMPT] implicit_task_begin: parallel_id=281474976710907 thread_num=16 team_size=32
[OMPT] implicit_task_end: parallel_id=0 thread_num=6
[OMPT] implicit_task_end: parallel_id=0 thread_num=8
[OMPT] implicit_task_end: parallel_id=0 thread_num=11
[OMPT] implicit_task_begin: parallel_id=281474976710907 thread_num=14 team_size=32
[OMPT] implicit_task_begin: parallel_id=281474976710907 thread_num=8 team_size=32
[OMPT] implicit_task_begin: parallel_id=281474976710907 thread_num=7 team_size=32
[OMPT] implicit_task_begin: parallel_id=281474976710907 thread_num=21 team_size=32
[OMPT] implicit_task_end: parallel_id=0 thread_num=27
[OMPT] implicit_task_end: parallel_id=0 thread_num=1
[OMPT] implicit_task_begin: parallel_id=281474976710907 thread_num=1 team_size=32
[OMPT] implicit_task_begin: parallel_id=281474976710907 thread_num=23 team_size=32
[OMPT] implicit_task_end: parallel_id=0 thread_num=13
[OMPT] implicit_task_begin: parallel_id=281474976710907 thread_num=13 team_size=32
[OMPT] implicit_task_begin: parallel_id=281474976710907 thread_num=6 team_size=32
[OMPT] implicit_task_end: parallel_id=0 thread_num=10
[OMPT] implicit_task_begin: parallel_id=281474976710907 thread_num=10 team_size=32
[OMPT] implicit_task_begin: parallel_id=281474976710907 thread_num=11 team_size=32
[OMPT] implicit_task_end: parallel_id=0 thread_num=26
[OMPT] implicit_task_begin: parallel_id=281474976710907 thread_num=26 team_size=32
[OMPT] implicit_task_begin: parallel_id=281474976710907 thread_num=27 team_size=32
[OMPT] implicit_task_end: parallel_id=0 thread_num=9
[OMPT] implicit_task_begin: parallel_id=281474976710907 thread_num=9 team_size=32
[OMPT] implicit_task_end: parallel_id=0 thread_num=0
[OMPT] parallel_end: parallel_id=281474976710907
[OMPT] parallel_begin: parallel_id=281474976710909 team_size=32
[OMPT] implicit_task_end: parallel_id=0 thread_num=12
[OMPT] implicit_task_end: parallel_id=0 thread_num=1
[OMPT] implicit_task_end: parallel_id=0 thread_num=4
[OMPT] implicit_task_end: parallel_id=0 thread_num=16
[OMPT] implicit_task_end: parallel_id=0 thread_num=6
[OMPT] implicit_task_end: parallel_id=0 thread_num=20
[OMPT] implicit_task_end: parallel_id=0 thread_num=8
[OMPT] implicit_task_end: parallel_id=0 thread_num=2
[OMPT] implicit_task_end: parallel_id=0 thread_num=9
[OMPT] implicit_task_end: parallel_id=0 thread_num=15
[OMPT] implicit_task_begin: parallel_id=281474976710909 thread_num=6 team_size=32
[OMPT] implicit_task_begin: parallel_id=281474976710909 thread_num=9 team_size=32
[OMPT] implicit_task_begin: parallel_id=281474976710909 thread_num=15 team_size=32
[OMPT] implicit_task_begin: parallel_id=281474976710909 thread_num=12 team_size=32
[OMPT] implicit_task_end: parallel_id=0 thread_num=13
[OMPT] implicit_task_begin: parallel_id=281474976710909 thread_num=1 team_size=32
[OMPT] implicit_task_end: parallel_id=0 thread_num=5
[OMPT] implicit_task_end: parallel_id=0 thread_num=28
[OMPT] implicit_task_end: parallel_id=0 thread_num=19
[OMPT] implicit_task_end: parallel_id=0 thread_num=30
[OMPT] implicit_task_begin: parallel_id=281474976710909 thread_num=5 team_size=32
[OMPT] implicit_task_end: parallel_id=0 thread_num=17
[OMPT] implicit_task_begin: parallel_id=281474976710909 thread_num=30 team_size=32
[OMPT] implicit_task_end: parallel_id=0 thread_num=18
[OMPT] implicit_task_begin: parallel_id=281474976710909 thread_num=16 team_size=32
[OMPT] implicit_task_end: parallel_id=0 thread_num=23
[OMPT] implicit_task_end: parallel_id=0 thread_num=22
[OMPT] implicit_task_end: parallel_id=0 thread_num=21
[OMPT] implicit_task_begin: parallel_id=281474976710909 thread_num=0 team_size=32
[OMPT] implicit_task_begin: parallel_id=281474976710909 thread_num=22 team_size=32
[OMPT] implicit_task_begin: parallel_id=281474976710909 thread_num=21 team_size=32
[OMPT] implicit_task_end: parallel_id=0 thread_num=14
[OMPT] implicit_task_end: parallel_id=0 thread_num=7
[OMPT] implicit_task_begin: parallel_id=281474976710909 thread_num=14 team_size=32
[OMPT] implicit_task_begin: parallel_id=281474976710909 thread_num=7 team_size=32
[OMPT] implicit_task_begin: parallel_id=281474976710909 thread_num=8 team_size=32
[OMPT] implicit_task_end: parallel_id=0 thread_num=24
[OMPT] implicit_task_end: parallel_id=0 thread_num=27
[OMPT] implicit_task_begin: parallel_id=281474976710909 thread_num=24 team_size=32
[OMPT] implicit_task_begin: parallel_id=281474976710909 thread_num=20 team_size=32
[OMPT] implicit_task_end: parallel_id=0 thread_num=29
[OMPT] implicit_task_begin: parallel_id=281474976710909 thread_num=13 team_size=32
[OMPT] implicit_task_end: parallel_id=0 thread_num=3
[OMPT] implicit_task_begin: parallel_id=281474976710909 thread_num=3 team_size=32
[OMPT] implicit_task_begin: parallel_id=281474976710909 thread_num=28 team_size=32
[OMPT] implicit_task_begin: parallel_id=281474976710909 thread_num=4 team_size=32
[OMPT] implicit_task_begin: parallel_id=281474976710909 thread_num=19 team_size=32
[OMPT] implicit_task_begin: parallel_id=281474976710909 thread_num=18 team_size=32
[OMPT] implicit_task_begin: parallel_id=281474976710909 thread_num=17 team_size=32
[OMPT] implicit_task_begin: parallel_id=281474976710909 thread_num=23 team_size=32
[OMPT] implicit_task_end: parallel_id=0 thread_num=11
[OMPT] implicit_task_end: parallel_id=0 thread_num=10
[OMPT] implicit_task_begin: parallel_id=281474976710909 thread_num=10 team_size=32
[OMPT] implicit_task_begin: parallel_id=281474976710909 thread_num=2 team_size=32
[OMPT] implicit_task_end: parallel_id=0 thread_num=25
[OMPT] implicit_task_begin: parallel_id=281474976710909 thread_num=25 team_size=32
[OMPT] implicit_task_begin: parallel_id=281474976710909 thread_num=27 team_size=32
[OMPT] implicit_task_end: parallel_id=0 thread_num=31
[OMPT] implicit_task_begin: parallel_id=281474976710909 thread_num=31 team_size=32
[OMPT] implicit_task_begin: parallel_id=281474976710909 thread_num=29 team_size=32
[OMPT] implicit_task_begin: parallel_id=281474976710909 thread_num=11 team_size=32
[OMPT] implicit_task_end: parallel_id=0 thread_num=26
[OMPT] implicit_task_begin: parallel_id=281474976710909 thread_num=26 team_size=32
[OMPT] implicit_task_end: parallel_id=0 thread_num=0
[OMPT] parallel_end: parallel_id=281474976710909
[OMPT] parallel_begin: parallel_id=281474976710911 team_size=32
[OMPT] implicit_task_end: parallel_id=0 thread_num=16
[OMPT] implicit_task_end: parallel_id=0 thread_num=2
[OMPT] implicit_task_end: parallel_id=0 thread_num=18
[OMPT] implicit_task_end: parallel_id=0 thread_num=8
[OMPT] implicit_task_begin: parallel_id=281474976710911 thread_num=2 team_size=32
[OMPT] implicit_task_end: parallel_id=0 thread_num=11
[OMPT] implicit_task_end: parallel_id=0 thread_num=4
[OMPT] implicit_task_begin: parallel_id=281474976710911 thread_num=8 team_size=32
[OMPT] implicit_task_end: parallel_id=0 thread_num=1
[OMPT] implicit_task_begin: parallel_id=281474976710911 thread_num=4 team_size=32
[OMPT] implicit_task_end: parallel_id=0 thread_num=20
[OMPT] implicit_task_end: parallel_id=0 thread_num=28
[OMPT] implicit_task_end: parallel_id=0 thread_num=31
[OMPT] implicit_task_begin: parallel_id=281474976710911 thread_num=20 team_size=32
[OMPT] implicit_task_begin: parallel_id=281474976710911 thread_num=16 team_size=32
[OMPT] implicit_task_begin: parallel_id=281474976710911 thread_num=28 team_size=32
[OMPT] implicit_task_begin: parallel_id=281474976710911 thread_num=31 team_size=32
[OMPT] implicit_task_begin: parallel_id=281474976710911 thread_num=18 team_size=32
[OMPT] implicit_task_end: parallel_id=0 thread_num=9
[OMPT] implicit_task_end: parallel_id=0 thread_num=10
[OMPT] implicit_task_end: parallel_id=0 thread_num=7
[OMPT] implicit_task_end: parallel_id=0 thread_num=5
[OMPT] implicit_task_end: parallel_id=0 thread_num=3
[OMPT] implicit_task_begin: parallel_id=281474976710911 thread_num=11 team_size=32
[OMPT] implicit_task_begin: parallel_id=281474976710911 thread_num=5 team_size=32
[OMPT] implicit_task_end: parallel_id=0 thread_num=17
[OMPT] implicit_task_begin: parallel_id=281474976710911 thread_num=17 team_size=32
[OMPT] implicit_task_end: parallel_id=0 thread_num=19
[OMPT] implicit_task_begin: parallel_id=281474976710911 thread_num=19 team_size=32
[OMPT] implicit_task_end: parallel_id=0 thread_num=23
[OMPT] implicit_task_end: parallel_id=0 thread_num=22
[OMPT] implicit_task_end: parallel_id=0 thread_num=21
[OMPT] implicit_task_begin: parallel_id=281474976710911 thread_num=23 team_size=32
[OMPT] implicit_task_begin: parallel_id=281474976710911 thread_num=21 team_size=32
[OMPT] implicit_task_end: parallel_id=0 thread_num=29
[OMPT] implicit_task_end: parallel_id=0 thread_num=30
[OMPT] implicit_task_end: parallel_id=0 thread_num=24
[OMPT] implicit_task_begin: parallel_id=281474976710911 thread_num=9 team_size=32
[OMPT] implicit_task_end: parallel_id=0 thread_num=27
[OMPT] implicit_task_begin: parallel_id=281474976710911 thread_num=24 team_size=32
[OMPT] implicit_task_end: parallel_id=0 thread_num=6
[OMPT] implicit_task_begin: parallel_id=281474976710911 thread_num=27 team_size=32
[OMPT] implicit_task_begin: parallel_id=281474976710911 thread_num=6 team_size=32
[OMPT] implicit_task_begin: parallel_id=281474976710911 thread_num=3 team_size=32
[OMPT] implicit_task_begin: parallel_id=281474976710911 thread_num=1 team_size=32
[OMPT] implicit_task_begin: parallel_id=281474976710911 thread_num=22 team_size=32
[OMPT] implicit_task_begin: parallel_id=281474976710911 thread_num=29 team_size=32
[OMPT] implicit_task_begin: parallel_id=281474976710911 thread_num=30 team_size=32
[OMPT] implicit_task_end: parallel_id=0 thread_num=12
[OMPT] implicit_task_end: parallel_id=0 thread_num=13
[OMPT] implicit_task_end: parallel_id=0 thread_num=26
[OMPT] implicit_task_begin: parallel_id=281474976710911 thread_num=13 team_size=32
[OMPT] implicit_task_begin: parallel_id=281474976710911 thread_num=10 team_size=32
[OMPT] implicit_task_begin: parallel_id=281474976710911 thread_num=26 team_size=32
[OMPT] implicit_task_begin: parallel_id=281474976710911 thread_num=0 team_size=32
[OMPT] implicit_task_end: parallel_id=0 thread_num=15
[OMPT] implicit_task_begin: parallel_id=281474976710911 thread_num=15 team_size=32
[OMPT] implicit_task_end: parallel_id=0 thread_num=14
[OMPT] implicit_task_begin: parallel_id=281474976710911 thread_num=12 team_size=32
[OMPT] implicit_task_begin: parallel_id=281474976710911 thread_num=7 team_size=32
[OMPT] implicit_task_begin: parallel_id=281474976710911 thread_num=14 team_size=32
[OMPT] implicit_task_end: parallel_id=0 thread_num=25
[OMPT] implicit_task_begin: parallel_id=281474976710911 thread_num=25 team_size=32
[OMPT] implicit_task_end: parallel_id=0 thread_num=0
[OMPT] parallel_end: parallel_id=281474976710911
[OMPT] parallel_begin: parallel_id=281474976710913 team_size=32
[OMPT] implicit_task_end: parallel_id=0 thread_num=16
[OMPT] implicit_task_end: parallel_id=0 thread_num=1
[OMPT] implicit_task_end: parallel_id=0 thread_num=18
[OMPT] implicit_task_begin: parallel_id=281474976710913 thread_num=16 team_size=32
[OMPT] implicit_task_begin: parallel_id=281474976710913 thread_num=1 team_size=32
[OMPT] implicit_task_end: parallel_id=0 thread_num=4
[OMPT] implicit_task_end: parallel_id=0 thread_num=7
[OMPT] implicit_task_end: parallel_id=0 thread_num=2
[OMPT] implicit_task_begin: parallel_id=281474976710913 thread_num=7 team_size=32
[OMPT] implicit_task_begin: parallel_id=281474976710913 thread_num=0 team_size=32
[OMPT] implicit_task_end: parallel_id=0 thread_num=17
[OMPT] implicit_task_begin: parallel_id=281474976710913 thread_num=17 team_size=32
[OMPT] implicit_task_end: parallel_id=0 thread_num=20
[OMPT] implicit_task_end: parallel_id=0 thread_num=23
[OMPT] implicit_task_begin: parallel_id=281474976710913 thread_num=20 team_size=32
[OMPT] implicit_task_end: parallel_id=0 thread_num=24
[OMPT] implicit_task_end: parallel_id=0 thread_num=25
[OMPT] implicit_task_end: parallel_id=0 thread_num=12
[OMPT] implicit_task_begin: parallel_id=281474976710913 thread_num=23 team_size=32
[OMPT] implicit_task_begin: parallel_id=281474976710913 thread_num=18 team_size=32
[OMPT] implicit_task_begin: parallel_id=281474976710913 thread_num=25 team_size=32
[OMPT] implicit_task_begin: parallel_id=281474976710913 thread_num=24 team_size=32
[OMPT] implicit_task_begin: parallel_id=281474976710913 thread_num=12 team_size=32
[OMPT] implicit_task_end: parallel_id=0 thread_num=8
[OMPT] implicit_task_end: parallel_id=0 thread_num=11
[OMPT] implicit_task_begin: parallel_id=281474976710913 thread_num=2 team_size=32
[OMPT] implicit_task_begin: parallel_id=281474976710913 thread_num=8 team_size=32
[OMPT] implicit_task_end: parallel_id=0 thread_num=19
[OMPT] implicit_task_end: parallel_id=0 thread_num=21
[OMPT] implicit_task_begin: parallel_id=281474976710913 thread_num=21 team_size=32
[OMPT] implicit_task_end: parallel_id=0 thread_num=27
[OMPT] implicit_task_end: parallel_id=0 thread_num=13
[OMPT] implicit_task_begin: parallel_id=281474976710913 thread_num=13 team_size=32
[OMPT] implicit_task_end: parallel_id=0 thread_num=15
[OMPT] implicit_task_begin: parallel_id=281474976710913 thread_num=15 team_size=32
[OMPT] implicit_task_end: parallel_id=0 thread_num=14
[OMPT] implicit_task_end: parallel_id=0 thread_num=6
[OMPT] implicit_task_begin: parallel_id=281474976710913 thread_num=14 team_size=32
[OMPT] implicit_task_end: parallel_id=0 thread_num=5
[OMPT] implicit_task_begin: parallel_id=281474976710913 thread_num=4 team_size=32
[OMPT] implicit_task_begin: parallel_id=281474976710913 thread_num=6 team_size=32
[OMPT] implicit_task_begin: parallel_id=281474976710913 thread_num=5 team_size=32
[OMPT] implicit_task_end: parallel_id=0 thread_num=10
[OMPT] implicit_task_end: parallel_id=0 thread_num=9
[OMPT] implicit_task_begin: parallel_id=281474976710913 thread_num=10 team_size=32
[OMPT] implicit_task_end: parallel_id=0 thread_num=22
[OMPT] implicit_task_begin: parallel_id=281474976710913 thread_num=11 team_size=32
[OMPT] implicit_task_begin: parallel_id=281474976710913 thread_num=19 team_size=32
[OMPT] implicit_task_end: parallel_id=0 thread_num=28
[OMPT] implicit_task_end: parallel_id=0 thread_num=31
[OMPT] implicit_task_begin: parallel_id=281474976710913 thread_num=27 team_size=32
[OMPT] implicit_task_begin: parallel_id=281474976710913 thread_num=28 team_size=32
[OMPT] implicit_task_begin: parallel_id=281474976710913 thread_num=9 team_size=32
[OMPT] implicit_task_begin: parallel_id=281474976710913 thread_num=22 team_size=32
[OMPT] implicit_task_end: parallel_id=0 thread_num=26
[OMPT] implicit_task_end: parallel_id=0 thread_num=29
[OMPT] implicit_task_begin: parallel_id=281474976710913 thread_num=29 team_size=32
[OMPT] implicit_task_end: parallel_id=0 thread_num=3
[OMPT] implicit_task_begin: parallel_id=281474976710913 thread_num=3 team_size=32
[OMPT] implicit_task_begin: parallel_id=281474976710913 thread_num=31 team_size=32
[OMPT] implicit_task_end: parallel_id=0 thread_num=30
[OMPT] implicit_task_begin: parallel_id=281474976710913 thread_num=26 team_size=32
[OMPT] implicit_task_begin: parallel_id=281474976710913 thread_num=30 team_size=32
[OMPT][WIN100ms] ompt_id=281474976710657 tid=1054906 tipo=ompt_thread_initial    cpu= 22 numa=0  d_rm= 1944167  d_instr= 365255024  d_cyc= 545640134  d_all=16594029  IPC=0.669  ratio_rm=0.1172
[OMPT][WIN100ms] ompt_id=562949953421313 tid=1054928 tipo=ompt_thread_worker     cpu=159 numa=0  d_rm= 1932487  d_instr= 374025606  d_cyc= 543957273  d_all=16488418  IPC=0.688  ratio_rm=0.1172
[OMPT][WIN100ms] ompt_id=844424930131969 tid=1054929 tipo=ompt_thread_worker     cpu= 49 numa=0  d_rm= 1921015  d_instr= 374522637  d_cyc= 545101464  d_all=16667309  IPC=0.687  ratio_rm=0.1153
[OMPT][WIN100ms] ompt_id=1125899906842625 tid=1054930 tipo=ompt_thread_worker     cpu=  8 numa=0  d_rm= 1888705  d_instr= 371662050  d_cyc= 542220371  d_all=16635606  IPC=0.685  ratio_rm=0.1135
[OMPT][WIN100ms] ompt_id=1407374883553281 tid=1054931 tipo=ompt_thread_worker     cpu=121 numa=1  d_rm= 2043662  d_instr= 371345309  d_cyc= 545146727  d_all=16913702  IPC=0.681  ratio_rm=0.1208
[OMPT][WIN100ms] ompt_id=1688849860263937 tid=1054932 tipo=ompt_thread_worker     cpu=208 numa=1  d_rm= 1999230  d_instr= 380085299  d_cyc= 544650418  d_all=16665829  IPC=0.698  ratio_rm=0.1200
[OMPT][WIN100ms] ompt_id=1970324836974593 tid=1054933 tipo=ompt_thread_worker     cpu= 87 numa=1  d_rm= 1991333  d_instr= 381542363  d_cyc= 542269072  d_all=16742767  IPC=0.704  ratio_rm=0.1189
[OMPT][WIN100ms] ompt_id=2251799813685249 tid=1054935 tipo=ompt_thread_worker     cpu= 97 numa=1  d_rm= 1955140  d_instr= 376425241  d_cyc= 545053385  d_all=16746312  IPC=0.691  ratio_rm=0.1168
[OMPT][WIN100ms] ompt_id=2533274790395905 tid=1054934 tipo=ompt_thread_worker     cpu=139 numa=0  d_rm= 1968659  d_instr= 377503711  d_cyc= 544973516  d_all=17086607  IPC=0.693  ratio_rm=0.1152
[OMPT][WIN100ms] ompt_id=2814749767106561 tid=1054937 tipo=ompt_thread_worker     cpu=113 numa=1  d_rm= 1925107  d_instr= 368217620  d_cyc= 543428136  d_all=16421904  IPC=0.678  ratio_rm=0.1172
[OMPT] implicit_task_end: parallel_id=0 thread_num=0
[OMPT] parallel_end: parallel_id=281474976710913
[OMPT] parallel_begin: parallel_id=281474976710915 team_size=32
[OMPT] implicit_task_end: parallel_id=0 thread_num=12
[OMPT] implicit_task_end: parallel_id=0 thread_num=2
[OMPT] implicit_task_end: parallel_id=0 thread_num=15
[OMPT] implicit_task_end: parallel_id=0 thread_num=16
[OMPT] implicit_task_end: parallel_id=0 thread_num=19
[OMPT] implicit_task_end: parallel_id=0 thread_num=1
[OMPT] implicit_task_end: parallel_id=0 thread_num=14
[OMPT] implicit_task_end: parallel_id=0 thread_num=13
[OMPT] implicit_task_end: parallel_id=0 thread_num=4
[OMPT] implicit_task_end: parallel_id=0 thread_num=7
[OMPT] implicit_task_end: parallel_id=0 thread_num=28
[OMPT] implicit_task_end: parallel_id=0 thread_num=3
[OMPT] implicit_task_end: parallel_id=0 thread_num=29
[OMPT] implicit_task_end: parallel_id=0 thread_num=17
[OMPT] implicit_task_end: parallel_id=0 thread_num=20
[OMPT] implicit_task_end: parallel_id=0 thread_num=24
[OMPT] implicit_task_end: parallel_id=0 thread_num=25
[OMPT] implicit_task_end: parallel_id=0 thread_num=6
[OMPT] implicit_task_end: parallel_id=0 thread_num=30
[OMPT] implicit_task_end: parallel_id=0 thread_num=31
[OMPT] implicit_task_end: parallel_id=0 thread_num=23
[OMPT] implicit_task_end: parallel_id=0 thread_num=22
[OMPT] implicit_task_end: parallel_id=0 thread_num=18
[OMPT] implicit_task_end: parallel_id=0 thread_num=21
[OMPT] implicit_task_end: parallel_id=0 thread_num=8
[OMPT] implicit_task_end: parallel_id=0 thread_num=10
[OMPT] implicit_task_end: parallel_id=0 thread_num=27
[OMPT] implicit_task_end: parallel_id=0 thread_num=26
[OMPT] implicit_task_end: parallel_id=0 thread_num=9
[OMPT] implicit_task_end: parallel_id=0 thread_num=11
[OMPT] implicit_task_end: parallel_id=0 thread_num=5
[OMPT][WIN100ms] ompt_id=3096224743817217 tid=1054936 tipo=ompt_thread_worker     cpu=  2 numa=0  d_rm= 2022707  d_instr= 306704154  d_cyc= 552692545  d_all=16478349  IPC=0.555  ratio_rm=0.1227
[OMPT][WIN100ms] ompt_id=3377699720527873 tid=1054938 tipo=ompt_thread_worker     cpu=231 numa=1  d_rm= 1975021  d_instr= 373338589  d_cyc= 543544423  d_all=16600611  IPC=0.687  ratio_rm=0.1190
[OMPT][WIN100ms] ompt_id=3940649673949185 tid=1054940 tipo=ompt_thread_worker     cpu= 45 numa=0  d_rm= 1904018  d_instr= 366750718  d_cyc= 541895503  d_all=16180566  IPC=0.677  ratio_rm=0.1177
[OMPT][WIN100ms] ompt_id=3659174697238529 tid=1054939 tipo=ompt_thread_worker     cpu= 56 numa=0  d_rm= 1921504  d_instr= 374408431  d_cyc= 543060300  d_all=16370666  IPC=0.689  ratio_rm=0.1174
[OMPT][WIN100ms] ompt_id=4222124650659841 tid=1054942 tipo=ompt_thread_worker     cpu=191 numa=0  d_rm= 1920933  d_instr= 375616266  d_cyc= 544356568  d_all=16614923  IPC=0.690  ratio_rm=0.1156
[OMPT][WIN100ms] ompt_id=4503599627370497 tid=1054941 tipo=ompt_thread_worker     cpu= 64 numa=1  d_rm= 1620654  d_instr= 399808194  d_cyc= 539618900  d_all=16322869  IPC=0.741  ratio_rm=0.0993
[OMPT][WIN100ms] ompt_id=4785074604081153 tid=1054944 tipo=ompt_thread_worker     cpu= 21 numa=0  d_rm= 1991546  d_instr= 368637733  d_cyc= 542969982  d_all=16713387  IPC=0.679  ratio_rm=0.1192
[OMPT][WIN100ms] ompt_id=5066549580791809 tid=1054943 tipo=ompt_thread_worker     cpu=120 numa=1  d_rm= 1937946  d_instr= 370546836  d_cyc= 544540196  d_all=16714220  IPC=0.680  ratio_rm=0.1159
[OMPT][WIN100ms] ompt_id=5348024557502465 tid=1054945 tipo=ompt_thread_worker     cpu=  1 numa=0  d_rm= 2058039  d_instr= 309228250  d_cyc= 550118812  d_all=16303565  IPC=0.562  ratio_rm=0.1262
[SCHED][LEAKY] tid=1054945 ratio=0.1262 T=0.1218 bucket=0.0409 > cap=0.0400 -> PENDIENTE (mig=0)
[OMPT][WIN100ms] ompt_id=5629499534213121 tid=1054946 tipo=ompt_thread_worker     cpu= 89 numa=1  d_rm= 1946975  d_instr= 371725937  d_cyc= 541563393  d_all=16415964  IPC=0.686  ratio_rm=0.1186
[OMPT][WIN100ms] ompt_id=5910974510923777 tid=1054947 tipo=ompt_thread_worker     cpu= 88 numa=1  d_rm= 1934772  d_instr= 378505926  d_cyc= 542774188  d_all=16469595  IPC=0.697  ratio_rm=0.1175
[OMPT][WIN100ms] ompt_id=6192449487634433 tid=1054948 tipo=ompt_thread_worker     cpu= 37 numa=0  d_rm= 1907440  d_instr= 370747647  d_cyc= 542446909  d_all=16351976  IPC=0.683  ratio_rm=0.1166
[OMPT][WIN100ms] ompt_id=6473924464345089 tid=1054949 tipo=ompt_thread_worker     cpu=128 numa=0  d_rm= 2007041  d_instr= 307923516  d_cyc= 549344748  d_all=16484983  IPC=0.561  ratio_rm=0.1217
[OMPT][WIN100ms] ompt_id=6755399441055745 tid=1054950 tipo=ompt_thread_worker     cpu=237 numa=1  d_rm= 1989959  d_instr= 376324217  d_cyc= 539969471  d_all=16404454  IPC=0.697  ratio_rm=0.1213
[OMPT][WIN100ms] ompt_id=7036874417766401 tid=1054951 tipo=ompt_thread_worker     cpu=104 numa=1  d_rm= 2014720  d_instr= 381972789  d_cyc= 538676076  d_all=16442602  IPC=0.709  ratio_rm=0.1225
[OMPT][WIN100ms] ompt_id=7318349394477057 tid=1054952 tipo=ompt_thread_worker     cpu= 48 numa=0  d_rm= 1873899  d_instr= 373909265  d_cyc= 542009083  d_all=16352895  IPC=0.690  ratio_rm=0.1146
[OMPT][WIN100ms] ompt_id=7599824371187713 tid=1054953 tipo=ompt_thread_worker     cpu= 36 numa=0  d_rm= 1898801  d_instr= 352500502  d_cyc= 514863181  d_all=16768246  IPC=0.685  ratio_rm=0.1132
[OMPT][WIN100ms] ompt_id=7881299347898369 tid=1054954 tipo=ompt_thread_worker     cpu= 46 numa=0  d_rm= 1909777  d_instr= 370876732  d_cyc= 540552340  d_all=16702076  IPC=0.686  ratio_rm=0.1143
[OMPT][WIN100ms] ompt_id=8162774324609025 tid=1054955 tipo=ompt_thread_worker     cpu= 72 numa=1  d_rm= 1944550  d_instr= 377354386  d_cyc= 540319214  d_all=16544001  IPC=0.698  ratio_rm=0.1175
[OMPT][WIN100ms] ompt_id=8444249301319681 tid=1054956 tipo=ompt_thread_worker     cpu=112 numa=1  d_rm= 1925190  d_instr= 369300932  d_cyc= 541866183  d_all=16504237  IPC=0.682  ratio_rm=0.1166
[OMPT][WIN100ms] ompt_id=8725724278030337 tid=1054957 tipo=ompt_thread_worker     cpu= 25 numa=0  d_rm= 1914587  d_instr= 376945668  d_cyc= 541230408  d_all=16423747  IPC=0.696  ratio_rm=0.1166
[OMPT][WIN100ms] ompt_id=9007199254740993 tid=1054958 tipo=ompt_thread_worker     cpu= 73 numa=1  d_rm= 1923356  d_instr= 377336711  d_cyc= 540191731  d_all=16571047  IPC=0.699  ratio_rm=0.1161
[OMPT] implicit_task_begin: parallel_id=281474976710915 thread_num=14 team_size=32
[OMPT] implicit_task_begin: parallel_id=281474976710915 thread_num=15 team_size=32
[OMPT] implicit_task_begin: parallel_id=281474976710915 thread_num=12 team_size=32
[OMPT] implicit_task_begin: parallel_id=281474976710915 thread_num=28 team_size=32
[OMPT] implicit_task_begin: parallel_id=281474976710915 thread_num=31 team_size=32
[OMPT] implicit_task_begin: parallel_id=281474976710915 thread_num=6 team_size=32
[OMPT] implicit_task_begin: parallel_id=281474976710915 thread_num=5 team_size=32
[OMPT] implicit_task_begin: parallel_id=281474976710915 thread_num=24 team_size=32
[OMPT] implicit_task_begin: parallel_id=281474976710915 thread_num=23 team_size=32
[OMPT] implicit_task_begin: parallel_id=281474976710915 thread_num=20 team_size=32
[OMPT] implicit_task_begin: parallel_id=281474976710915 thread_num=19 team_size=32
[OMPT] implicit_task_begin: parallel_id=281474976710915 thread_num=11 team_size=32
[OMPT] implicit_task_begin: parallel_id=281474976710915 thread_num=8 team_size=32
[OMPT] implicit_task_begin: parallel_id=281474976710915 thread_num=27 team_size=32
[OMPT] implicit_task_begin: parallel_id=281474976710915 thread_num=13 team_size=32
[OMPT] implicit_task_begin: parallel_id=281474976710915 thread_num=29 team_size=32
[OMPT] implicit_task_begin: parallel_id=281474976710915 thread_num=10 team_size=32
[OMPT] implicit_task_begin: parallel_id=281474976710915 thread_num=22 team_size=32
[OMPT] implicit_task_begin: parallel_id=281474976710915 thread_num=1 team_size=32
[OMPT] implicit_task_begin: parallel_id=281474976710915 thread_num=3 team_size=32
[OMPT] implicit_task_begin: parallel_id=281474976710915 thread_num=30 team_size=32
[OMPT] implicit_task_begin: parallel_id=281474976710915 thread_num=16 team_size=32
[OMPT] implicit_task_begin: parallel_id=281474976710915 thread_num=4 team_size=32
[OMPT] implicit_task_begin: parallel_id=281474976710915 thread_num=0 team_size=32
[OMPT] implicit_task_begin: parallel_id=281474976710915 thread_num=17 team_size=32
[OMPT] implicit_task_begin: parallel_id=281474976710915 thread_num=26 team_size=32
[OMPT] implicit_task_begin: parallel_id=281474976710915 thread_num=21 team_size=32
[OMPT] implicit_task_begin: parallel_id=281474976710915 thread_num=25 team_size=32
[OMPT] implicit_task_begin: parallel_id=281474976710915 thread_num=2 team_size=32
[OMPT] implicit_task_begin: parallel_id=281474976710915 thread_num=7 team_size=32
[OMPT] implicit_task_begin: parallel_id=281474976710915 thread_num=9 team_size=32
[SCHED] MIGRACIÓN tid=1054945 ompt_id=5348024557502465  nodo 0 → nodo 1  (total migraciones: 1)
[OMPT] implicit_task_begin: parallel_id=281474976710915 thread_num=18 team_size=32
[OMPT] implicit_task_end: parallel_id=0 thread_num=0
[OMPT] parallel_end: parallel_id=281474976710915
[OMPT] parallel_begin: parallel_id=281474976710917 team_size=32
[OMPT] implicit_task_end: parallel_id=0 thread_num=12
[OMPT] implicit_task_end: parallel_id=0 thread_num=3
[OMPT] implicit_task_end: parallel_id=0 thread_num=13
[OMPT] implicit_task_begin: parallel_id=281474976710917 thread_num=12 team_size=32
[OMPT] implicit_task_begin: parallel_id=281474976710917 thread_num=3 team_size=32
[OMPT] implicit_task_end: parallel_id=0 thread_num=16
[OMPT] implicit_task_end: parallel_id=0 thread_num=4
[OMPT] implicit_task_end: parallel_id=0 thread_num=28
[OMPT] implicit_task_end: parallel_id=0 thread_num=20
[OMPT] implicit_task_begin: parallel_id=281474976710917 thread_num=16 team_size=32
[OMPT] implicit_task_end: parallel_id=0 thread_num=31
[OMPT] implicit_task_end: parallel_id=0 thread_num=14
[OMPT] implicit_task_begin: parallel_id=281474976710917 thread_num=13 team_size=32
[OMPT] implicit_task_end: parallel_id=0 thread_num=17
[OMPT] implicit_task_end: parallel_id=0 thread_num=18
[OMPT] implicit_task_begin: parallel_id=281474976710917 thread_num=20 team_size=32
[OMPT] implicit_task_end: parallel_id=0 thread_num=1
[OMPT] implicit_task_end: parallel_id=0 thread_num=7
[OMPT] implicit_task_begin: parallel_id=281474976710917 thread_num=14 team_size=32
[OMPT] implicit_task_begin: parallel_id=281474976710917 thread_num=18 team_size=32
[OMPT] implicit_task_begin: parallel_id=281474976710917 thread_num=31 team_size=32
[OMPT] implicit_task_end: parallel_id=0 thread_num=5
[OMPT] implicit_task_end: parallel_id=0 thread_num=15
[OMPT] implicit_task_begin: parallel_id=281474976710917 thread_num=4 team_size=32
[OMPT] implicit_task_end: parallel_id=0 thread_num=30
[OMPT] implicit_task_end: parallel_id=0 thread_num=29
[OMPT] implicit_task_begin: parallel_id=281474976710917 thread_num=15 team_size=32
[OMPT] implicit_task_end: parallel_id=0 thread_num=22
[OMPT] implicit_task_begin: parallel_id=281474976710917 thread_num=22 team_size=32
[OMPT] implicit_task_end: parallel_id=0 thread_num=23
[OMPT] implicit_task_begin: parallel_id=281474976710917 thread_num=28 team_size=32
[OMPT] implicit_task_end: parallel_id=0 thread_num=8
[OMPT] implicit_task_end: parallel_id=0 thread_num=11
[OMPT] implicit_task_end: parallel_id=0 thread_num=2
[OMPT] implicit_task_end: parallel_id=0 thread_num=19
[OMPT] implicit_task_begin: parallel_id=281474976710917 thread_num=8 team_size=32
[OMPT] implicit_task_begin: parallel_id=281474976710917 thread_num=17 team_size=32
[OMPT] implicit_task_end: parallel_id=0 thread_num=24
[OMPT] implicit_task_begin: parallel_id=281474976710917 thread_num=1 team_size=32
[OMPT] implicit_task_end: parallel_id=0 thread_num=26
[OMPT] implicit_task_begin: parallel_id=281474976710917 thread_num=24 team_size=32
[OMPT] implicit_task_end: parallel_id=0 thread_num=21
[OMPT] implicit_task_begin: parallel_id=281474976710917 thread_num=5 team_size=32
[OMPT] implicit_task_begin: parallel_id=281474976710917 thread_num=30 team_size=32
[OMPT] implicit_task_begin: parallel_id=281474976710917 thread_num=29 team_size=32
[OMPT] implicit_task_end: parallel_id=0 thread_num=10
[OMPT] implicit_task_end: parallel_id=0 thread_num=9
[OMPT] implicit_task_begin: parallel_id=281474976710917 thread_num=23 team_size=32
[OMPT] implicit_task_begin: parallel_id=281474976710917 thread_num=9 team_size=32
[OMPT] implicit_task_begin: parallel_id=281474976710917 thread_num=11 team_size=32
[OMPT] implicit_task_end: parallel_id=0 thread_num=6
[OMPT] implicit_task_end: parallel_id=0 thread_num=27
[OMPT] implicit_task_begin: parallel_id=281474976710917 thread_num=6 team_size=32
[OMPT] implicit_task_begin: parallel_id=281474976710917 thread_num=27 team_size=32
[OMPT] implicit_task_begin: parallel_id=281474976710917 thread_num=0 team_size=32
[OMPT] implicit_task_begin: parallel_id=281474976710917 thread_num=7 team_size=32
[OMPT] implicit_task_begin: parallel_id=281474976710917 thread_num=2 team_size=32
[OMPT] implicit_task_begin: parallel_id=281474976710917 thread_num=26 team_size=32
[OMPT] implicit_task_begin: parallel_id=281474976710917 thread_num=21 team_size=32
[OMPT] implicit_task_begin: parallel_id=281474976710917 thread_num=10 team_size=32
[OMPT] implicit_task_end: parallel_id=0 thread_num=25
[OMPT] implicit_task_begin: parallel_id=281474976710917 thread_num=19 team_size=32
[OMPT] implicit_task_begin: parallel_id=281474976710917 thread_num=25 team_size=32
[OMPT] implicit_task_end: parallel_id=0 thread_num=0
[OMPT] parallel_end: parallel_id=281474976710917
[OMPT] parallel_begin: parallel_id=281474976710919 team_size=32
[OMPT] implicit_task_end: parallel_id=0 thread_num=16
[OMPT] implicit_task_end: parallel_id=0 thread_num=2
[OMPT] implicit_task_end: parallel_id=0 thread_num=17
[OMPT] implicit_task_end: parallel_id=0 thread_num=28
[OMPT] implicit_task_end: parallel_id=0 thread_num=8
[OMPT] implicit_task_begin: parallel_id=281474976710919 thread_num=17 team_size=32
[OMPT] implicit_task_end: parallel_id=0 thread_num=4
[OMPT] implicit_task_begin: parallel_id=281474976710919 thread_num=28 team_size=32
[OMPT] implicit_task_end: parallel_id=0 thread_num=10
[OMPT] implicit_task_begin: parallel_id=281474976710919 thread_num=8 team_size=32
[OMPT] implicit_task_end: parallel_id=0 thread_num=19
[OMPT] implicit_task_end: parallel_id=0 thread_num=20
[OMPT] implicit_task_begin: parallel_id=281474976710919 thread_num=2 team_size=32
[OMPT] implicit_task_end: parallel_id=0 thread_num=23
[OMPT] implicit_task_end: parallel_id=0 thread_num=30
[OMPT] implicit_task_begin: parallel_id=281474976710919 thread_num=19 team_size=32
[OMPT] implicit_task_end: parallel_id=0 thread_num=29
[OMPT] implicit_task_end: parallel_id=0 thread_num=11
[OMPT] implicit_task_begin: parallel_id=281474976710919 thread_num=23 team_size=32
[OMPT] implicit_task_end: parallel_id=0 thread_num=9
[OMPT] implicit_task_begin: parallel_id=281474976710919 thread_num=29 team_size=32
[OMPT] implicit_task_end: parallel_id=0 thread_num=3
[OMPT] implicit_task_begin: parallel_id=281474976710919 thread_num=0 team_size=32
[OMPT] implicit_task_begin: parallel_id=281474976710919 thread_num=3 team_size=32
[OMPT] implicit_task_end: parallel_id=0 thread_num=7
[OMPT] implicit_task_end: parallel_id=0 thread_num=6
[OMPT] implicit_task_end: parallel_id=0 thread_num=5
[OMPT] implicit_task_begin: parallel_id=281474976710919 thread_num=4 team_size=32
[OMPT] implicit_task_begin: parallel_id=281474976710919 thread_num=6 team_size=32
[OMPT] implicit_task_end: parallel_id=0 thread_num=22
[OMPT] implicit_task_begin: parallel_id=281474976710919 thread_num=22 team_size=32
[OMPT] implicit_task_end: parallel_id=0 thread_num=21
[OMPT] implicit_task_end: parallel_id=0 thread_num=12
[OMPT] implicit_task_end: parallel_id=0 thread_num=15
[OMPT] implicit_task_end: parallel_id=0 thread_num=18
[OMPT] implicit_task_begin: parallel_id=281474976710919 thread_num=16 team_size=32
[OMPT] implicit_task_begin: parallel_id=281474976710919 thread_num=10 team_size=32
[OMPT] implicit_task_end: parallel_id=0 thread_num=31
[OMPT] implicit_task_begin: parallel_id=281474976710919 thread_num=20 team_size=32
[OMPT] implicit_task_begin: parallel_id=281474976710919 thread_num=31 team_size=32
[OMPT] implicit_task_begin: parallel_id=281474976710919 thread_num=11 team_size=32
[OMPT] implicit_task_begin: parallel_id=281474976710919 thread_num=9 team_size=32
[OMPT] implicit_task_begin: parallel_id=281474976710919 thread_num=30 team_size=32
[OMPT] implicit_task_begin: parallel_id=281474976710919 thread_num=7 team_size=32
[OMPT] implicit_task_end: parallel_id=0 thread_num=1
[OMPT] implicit_task_begin: parallel_id=281474976710919 thread_num=1 team_size=32
[OMPT] implicit_task_begin: parallel_id=281474976710919 thread_num=5 team_size=32
[OMPT] implicit_task_begin: parallel_id=281474976710919 thread_num=21 team_size=32
[OMPT] implicit_task_end: parallel_id=0 thread_num=14
[OMPT] implicit_task_begin: parallel_id=281474976710919 thread_num=14 team_size=32
[OMPT] implicit_task_end: parallel_id=0 thread_num=13
[OMPT] implicit_task_begin: parallel_id=281474976710919 thread_num=12 team_size=32
[OMPT] implicit_task_begin: parallel_id=281474976710919 thread_num=13 team_size=32
[OMPT] implicit_task_begin: parallel_id=281474976710919 thread_num=15 team_size=32
[OMPT] implicit_task_end: parallel_id=0 thread_num=24
[OMPT] implicit_task_end: parallel_id=0 thread_num=25
[OMPT] implicit_task_begin: parallel_id=281474976710919 thread_num=18 team_size=32
[OMPT] implicit_task_end: parallel_id=0 thread_num=27
[OMPT] implicit_task_begin: parallel_id=281474976710919 thread_num=24 team_size=32
[OMPT] implicit_task_end: parallel_id=0 thread_num=26
[OMPT] implicit_task_begin: parallel_id=281474976710919 thread_num=27 team_size=32
[OMPT] implicit_task_begin: parallel_id=281474976710919 thread_num=26 team_size=32
[OMPT] implicit_task_begin: parallel_id=281474976710919 thread_num=25 team_size=32
[OMPT] implicit_task_end: parallel_id=0 thread_num=0
[OMPT] parallel_end: parallel_id=281474976710919
[OMPT] parallel_begin: parallel_id=281474976710921 team_size=32
[OMPT] implicit_task_end: parallel_id=0 thread_num=12
[OMPT] implicit_task_end: parallel_id=0 thread_num=1
[OMPT] implicit_task_end: parallel_id=0 thread_num=13
[OMPT] implicit_task_begin: parallel_id=281474976710921 thread_num=1 team_size=32
[OMPT] implicit_task_end: parallel_id=0 thread_num=16
[OMPT] implicit_task_end: parallel_id=0 thread_num=8
[OMPT] implicit_task_end: parallel_id=0 thread_num=20
[OMPT] implicit_task_end: parallel_id=0 thread_num=3
[OMPT] implicit_task_begin: parallel_id=281474976710921 thread_num=0 team_size=32
[OMPT] implicit_task_end: parallel_id=0 thread_num=15
[OMPT] implicit_task_begin: parallel_id=281474976710921 thread_num=20 team_size=32
[OMPT] implicit_task_begin: parallel_id=281474976710921 thread_num=15 team_size=32
[OMPT] implicit_task_begin: parallel_id=281474976710921 thread_num=3 team_size=32
[OMPT] implicit_task_begin: parallel_id=281474976710921 thread_num=12 team_size=32
[OMPT] implicit_task_begin: parallel_id=281474976710921 thread_num=13 team_size=32
[OMPT] implicit_task_end: parallel_id=0 thread_num=17
[OMPT] implicit_task_begin: parallel_id=281474976710921 thread_num=17 team_size=32
[OMPT] implicit_task_end: parallel_id=0 thread_num=24
[OMPT] implicit_task_end: parallel_id=0 thread_num=27
[OMPT] implicit_task_end: parallel_id=0 thread_num=19
[OMPT] implicit_task_end: parallel_id=0 thread_num=2
[OMPT] implicit_task_end: parallel_id=0 thread_num=11
[OMPT] implicit_task_begin: parallel_id=281474976710921 thread_num=24 team_size=32
[OMPT] implicit_task_begin: parallel_id=281474976710921 thread_num=27 team_size=32
[OMPT] implicit_task_begin: parallel_id=281474976710921 thread_num=16 team_size=32
[OMPT] implicit_task_end: parallel_id=0 thread_num=21
[OMPT] implicit_task_begin: parallel_id=281474976710921 thread_num=2 team_size=32
[OMPT] implicit_task_end: parallel_id=0 thread_num=23
[OMPT] implicit_task_end: parallel_id=0 thread_num=22
[OMPT] implicit_task_begin: parallel_id=281474976710921 thread_num=8 team_size=32
[OMPT] implicit_task_begin: parallel_id=281474976710921 thread_num=22 team_size=32
[OMPT] implicit_task_end: parallel_id=0 thread_num=14
[OMPT] implicit_task_end: parallel_id=0 thread_num=28
[OMPT] implicit_task_end: parallel_id=0 thread_num=31
[OMPT] implicit_task_begin: parallel_id=281474976710921 thread_num=14 team_size=32
[OMPT] implicit_task_begin: parallel_id=281474976710921 thread_num=28 team_size=32
[OMPT] implicit_task_end: parallel_id=0 thread_num=25
[OMPT] implicit_task_end: parallel_id=0 thread_num=26
[OMPT] implicit_task_begin: parallel_id=281474976710921 thread_num=25 team_size=32
[OMPT] implicit_task_end: parallel_id=0 thread_num=9
[OMPT] implicit_task_begin: parallel_id=281474976710921 thread_num=19 team_size=32
[OMPT] implicit_task_begin: parallel_id=281474976710921 thread_num=11 team_size=32
[OMPT] implicit_task_begin: parallel_id=281474976710921 thread_num=21 team_size=32
[OMPT] implicit_task_begin: parallel_id=281474976710921 thread_num=23 team_size=32
[OMPT] implicit_task_end: parallel_id=0 thread_num=4
[OMPT] implicit_task_end: parallel_id=0 thread_num=7
[OMPT] implicit_task_end: parallel_id=0 thread_num=30
[OMPT] implicit_task_end: parallel_id=0 thread_num=18
[OMPT] implicit_task_begin: parallel_id=281474976710921 thread_num=31 team_size=32
[OMPT] implicit_task_end: parallel_id=0 thread_num=10
[OMPT] implicit_task_begin: parallel_id=281474976710921 thread_num=9 team_size=32
[OMPT] implicit_task_begin: parallel_id=281474976710921 thread_num=10 team_size=32
[OMPT] implicit_task_end: parallel_id=0 thread_num=6
[OMPT] implicit_task_end: parallel_id=0 thread_num=5
[OMPT] implicit_task_begin: parallel_id=281474976710921 thread_num=6 team_size=32
[OMPT] implicit_task_begin: parallel_id=281474976710921 thread_num=5 team_size=32
[OMPT] implicit_task_end: parallel_id=0 thread_num=29
[OMPT] implicit_task_begin: parallel_id=281474976710921 thread_num=4 team_size=32
[OMPT] implicit_task_begin: parallel_id=281474976710921 thread_num=29 team_size=32
[OMPT] implicit_task_begin: parallel_id=281474976710921 thread_num=7 team_size=32
[OMPT] implicit_task_begin: parallel_id=281474976710921 thread_num=30 team_size=32
[OMPT] implicit_task_begin: parallel_id=281474976710921 thread_num=26 team_size=32
[OMPT] implicit_task_begin: parallel_id=281474976710921 thread_num=18 team_size=32
[OMPT] implicit_task_end: parallel_id=0 thread_num=0
[OMPT] parallel_end: parallel_id=281474976710921
[OMPT] parallel_begin: parallel_id=281474976710923 team_size=32
[OMPT] implicit_task_end: parallel_id=0 thread_num=12
[OMPT] implicit_task_end: parallel_id=0 thread_num=3
[OMPT] implicit_task_end: parallel_id=0 thread_num=14
[OMPT] implicit_task_end: parallel_id=0 thread_num=8
[OMPT] implicit_task_end: parallel_id=0 thread_num=11
[OMPT] implicit_task_begin: parallel_id=281474976710923 thread_num=14 team_size=32
[OMPT] implicit_task_end: parallel_id=0 thread_num=2
[OMPT] implicit_task_begin: parallel_id=281474976710923 thread_num=11 team_size=32
[OMPT] implicit_task_begin: parallel_id=281474976710923 thread_num=2 team_size=32
[OMPT] implicit_task_end: parallel_id=0 thread_num=15
[OMPT] implicit_task_begin: parallel_id=281474976710923 thread_num=15 team_size=32
[OMPT] implicit_task_begin: parallel_id=281474976710923 thread_num=3 team_size=32
[OMPT] implicit_task_end: parallel_id=0 thread_num=16
[OMPT] implicit_task_end: parallel_id=0 thread_num=20
[OMPT] implicit_task_end: parallel_id=0 thread_num=24
[OMPT] implicit_task_begin: parallel_id=281474976710923 thread_num=16 team_size=32
[OMPT] implicit_task_end: parallel_id=0 thread_num=27
[OMPT] implicit_task_begin: parallel_id=281474976710923 thread_num=20 team_size=32
[OMPT] implicit_task_end: parallel_id=0 thread_num=9
[OMPT] implicit_task_end: parallel_id=0 thread_num=1
[OMPT] implicit_task_begin: parallel_id=281474976710923 thread_num=0 team_size=32
[OMPT] implicit_task_begin: parallel_id=281474976710923 thread_num=27 team_size=32
[OMPT] implicit_task_end: parallel_id=0 thread_num=13
[OMPT] implicit_task_end: parallel_id=0 thread_num=18
[OMPT] implicit_task_end: parallel_id=0 thread_num=19
[OMPT] implicit_task_end: parallel_id=0 thread_num=17
[OMPT] implicit_task_begin: parallel_id=281474976710923 thread_num=19 team_size=32
[OMPT] implicit_task_end: parallel_id=0 thread_num=4
[OMPT] implicit_task_end: parallel_id=0 thread_num=7
[OMPT] implicit_task_end: parallel_id=0 thread_num=23
[OMPT] implicit_task_begin: parallel_id=281474976710923 thread_num=7 team_size=32
[OMPT] implicit_task_end: parallel_id=0 thread_num=21
[OMPT] implicit_task_end: parallel_id=0 thread_num=10
[OMPT] implicit_task_begin: parallel_id=281474976710923 thread_num=21 team_size=32
[OMPT] implicit_task_end: parallel_id=0 thread_num=26
[OMPT] implicit_task_begin: parallel_id=281474976710923 thread_num=8 team_size=32
[OMPT] implicit_task_begin: parallel_id=281474976710923 thread_num=10 team_size=32
[OMPT] implicit_task_begin: parallel_id=281474976710923 thread_num=26 team_size=32
[OMPT] implicit_task_begin: parallel_id=281474976710923 thread_num=24 team_size=32
[OMPT] implicit_task_begin: parallel_id=281474976710923 thread_num=9 team_size=32
[OMPT] implicit_task_begin: parallel_id=281474976710923 thread_num=1 team_size=32
[OMPT] implicit_task_begin: parallel_id=281474976710923 thread_num=12 team_size=32
[OMPT] implicit_task_begin: parallel_id=281474976710923 thread_num=13 team_size=32
[OMPT] implicit_task_begin: parallel_id=281474976710923 thread_num=17 team_size=32
[OMPT] implicit_task_end: parallel_id=0 thread_num=28
[OMPT] implicit_task_end: parallel_id=0 thread_num=31
[OMPT] implicit_task_begin: parallel_id=281474976710923 thread_num=28 team_size=32
[OMPT] implicit_task_begin: parallel_id=281474976710923 thread_num=31 team_size=32
[OMPT] implicit_task_end: parallel_id=0 thread_num=5
[OMPT] implicit_task_end: parallel_id=0 thread_num=22
[OMPT] implicit_task_begin: parallel_id=281474976710923 thread_num=23 team_size=32
[OMPT] implicit_task_begin: parallel_id=281474976710923 thread_num=5 team_size=32
[OMPT] implicit_task_end: parallel_id=0 thread_num=25
[OMPT] implicit_task_begin: parallel_id=281474976710923 thread_num=25 team_size=32
[OMPT] implicit_task_end: parallel_id=0 thread_num=29
[OMPT] implicit_task_begin: parallel_id=281474976710923 thread_num=29 team_size=32
[OMPT] implicit_task_end: parallel_id=0 thread_num=30
[OMPT] implicit_task_begin: parallel_id=281474976710923 thread_num=30 team_size=32
[OMPT] implicit_task_end: parallel_id=0 thread_num=6
[OMPT] implicit_task_begin: parallel_id=281474976710923 thread_num=6 team_size=32
[OMPT] implicit_task_begin: parallel_id=281474976710923 thread_num=22 team_size=32
[OMPT] implicit_task_begin: parallel_id=281474976710923 thread_num=18 team_size=32
[OMPT] implicit_task_begin: parallel_id=281474976710923 thread_num=4 team_size=32
[OMPT][WIN100ms] ompt_id=281474976710657 tid=1054906 tipo=ompt_thread_initial    cpu= 22 numa=0  d_rm= 2066971  d_instr= 369291530  d_cyc= 542149882  d_all=17576952  IPC=0.681  ratio_rm=0.1176
[OMPT][WIN100ms] ompt_id=562949953421313 tid=1054928 tipo=ompt_thread_worker     cpu=159 numa=0  d_rm= 1980535  d_instr= 372298325  d_cyc= 540185369  d_all=17272295  IPC=0.689  ratio_rm=0.1147
[OMPT][WIN100ms] ompt_id=844424930131969 tid=1054929 tipo=ompt_thread_worker     cpu= 49 numa=0  d_rm= 2023515  d_instr= 376626773  d_cyc= 542640166  d_all=17856273  IPC=0.694  ratio_rm=0.1133
[OMPT][WIN100ms] ompt_id=1125899906842625 tid=1054930 tipo=ompt_thread_worker     cpu=  8 numa=0  d_rm= 1988389  d_instr= 377271988  d_cyc= 542640638  d_all=18011784  IPC=0.695  ratio_rm=0.1104
[OMPT] implicit_task_end: parallel_id=0 thread_num=0
[OMPT] parallel_end: parallel_id=281474976710923
[OMPT] parallel_begin: parallel_id=281474976710925 team_size=32
[OMPT] implicit_task_end: parallel_id=0 thread_num=16
[OMPT] implicit_task_end: parallel_id=0 thread_num=3
[OMPT] implicit_task_end: parallel_id=0 thread_num=24
[OMPT] implicit_task_end: parallel_id=0 thread_num=12
[OMPT] implicit_task_end: parallel_id=0 thread_num=4
[OMPT] implicit_task_end: parallel_id=0 thread_num=15
[OMPT] implicit_task_end: parallel_id=0 thread_num=5
[OMPT] implicit_task_end: parallel_id=0 thread_num=28
[OMPT] implicit_task_end: parallel_id=0 thread_num=19
[OMPT] implicit_task_end: parallel_id=0 thread_num=17
[OMPT] implicit_task_end: parallel_id=0 thread_num=18
[OMPT] implicit_task_end: parallel_id=0 thread_num=20
[OMPT] implicit_task_end: parallel_id=0 thread_num=23
[OMPT] implicit_task_end: parallel_id=0 thread_num=25
[OMPT] implicit_task_end: parallel_id=0 thread_num=26
[OMPT] implicit_task_end: parallel_id=0 thread_num=13
[OMPT] implicit_task_end: parallel_id=0 thread_num=14
[OMPT] implicit_task_end: parallel_id=0 thread_num=7
[OMPT] implicit_task_end: parallel_id=0 thread_num=6
[OMPT] implicit_task_end: parallel_id=0 thread_num=2
[OMPT] implicit_task_end: parallel_id=0 thread_num=1
[OMPT] implicit_task_end: parallel_id=0 thread_num=31
[OMPT] implicit_task_end: parallel_id=0 thread_num=29
[OMPT] implicit_task_end: parallel_id=0 thread_num=30
[OMPT] implicit_task_end: parallel_id=0 thread_num=21
[OMPT] implicit_task_end: parallel_id=0 thread_num=22
[OMPT] implicit_task_end: parallel_id=0 thread_num=27
[OMPT] implicit_task_end: parallel_id=0 thread_num=8
[OMPT] implicit_task_end: parallel_id=0 thread_num=9
[OMPT] implicit_task_end: parallel_id=0 thread_num=11
[OMPT] implicit_task_end: parallel_id=0 thread_num=10
[OMPT][WIN100ms] ompt_id=1407374883553281 tid=1054931 tipo=ompt_thread_worker     cpu=121 numa=1  d_rm= 2135180  d_instr= 370214257  d_cyc= 540276404  d_all=17903585  IPC=0.685  ratio_rm=0.1193
[OMPT][WIN100ms] ompt_id=1688849860263937 tid=1054932 tipo=ompt_thread_worker     cpu=208 numa=1  d_rm= 2053294  d_instr= 377111778  d_cyc= 539285158  d_all=17295575  IPC=0.699  ratio_rm=0.1187
[OMPT][WIN100ms] ompt_id=1970324836974593 tid=1054933 tipo=ompt_thread_worker     cpu= 87 numa=1  d_rm= 2013364  d_instr= 375653832  d_cyc= 539515007  d_all=17037983  IPC=0.696  ratio_rm=0.1182
[OMPT][WIN100ms] ompt_id=2251799813685249 tid=1054935 tipo=ompt_thread_worker     cpu= 97 numa=1  d_rm= 1949895  d_instr= 363760426  d_cyc= 538258681  d_all=16746106  IPC=0.676  ratio_rm=0.1164
[OMPT][WIN100ms] ompt_id=2533274790395905 tid=1054934 tipo=ompt_thread_worker     cpu=139 numa=0  d_rm= 1954417  d_instr= 358241675  d_cyc= 540575921  d_all=17093980  IPC=0.663  ratio_rm=0.1143
[OMPT][WIN100ms] ompt_id=2814749767106561 tid=1054937 tipo=ompt_thread_worker     cpu=113 numa=1  d_rm= 1920395  d_instr= 346786386  d_cyc= 541974562  d_all=16428151  IPC=0.640  ratio_rm=0.1169
[OMPT][WIN100ms] ompt_id=3096224743817217 tid=1054936 tipo=ompt_thread_worker     cpu=  2 numa=0  d_rm= 1933280  d_instr= 342999433  d_cyc= 543088109  d_all=16689227  IPC=0.632  ratio_rm=0.1158
[OMPT][WIN100ms] ompt_id=3377699720527873 tid=1054938 tipo=ompt_thread_worker     cpu=231 numa=1  d_rm= 1974279  d_instr= 349203323  d_cyc= 543181884  d_all=16613787  IPC=0.643  ratio_rm=0.1188
[OMPT][WIN100ms] ompt_id=3940649673949185 tid=1054940 tipo=ompt_thread_worker     cpu= 45 numa=0  d_rm= 1892010  d_instr= 340276930  d_cyc= 542665840  d_all=16190981  IPC=0.627  ratio_rm=0.1169
[OMPT][WIN100ms] ompt_id=3659174697238529 tid=1054939 tipo=ompt_thread_worker     cpu= 56 numa=0  d_rm= 1914907  d_instr= 349314344  d_cyc= 543028249  d_all=16380372  IPC=0.643  ratio_rm=0.1169
[OMPT][WIN100ms] ompt_id=4222124650659841 tid=1054942 tipo=ompt_thread_worker     cpu=191 numa=0  d_rm= 1933061  d_instr= 350413340  d_cyc= 544226273  d_all=16619269  IPC=0.644  ratio_rm=0.1163
[OMPT][WIN100ms] ompt_id=4503599627370497 tid=1054941 tipo=ompt_thread_worker     cpu= 64 numa=1  d_rm= 1682070  d_instr= 309864528  d_cyc= 543648097  d_all=17978699  IPC=0.570  ratio_rm=0.0936
[OMPT][WIN100ms] ompt_id=4785074604081153 tid=1054944 tipo=ompt_thread_worker     cpu= 21 numa=0  d_rm= 2006973  d_instr= 343619492  d_cyc= 545554029  d_all=16715143  IPC=0.630  ratio_rm=0.1201
[OMPT][WIN100ms] ompt_id=5066549580791809 tid=1054943 tipo=ompt_thread_worker     cpu=120 numa=1  d_rm= 1941083  d_instr= 342382504  d_cyc= 545229732  d_all=16727443  IPC=0.628  ratio_rm=0.1160
[OMPT][WIN100ms] ompt_id=5629499534213121 tid=1054946 tipo=ompt_thread_worker     cpu= 89 numa=1  d_rm= 1949664  d_instr= 348314544  d_cyc= 537871183  d_all=16428924  IPC=0.648  ratio_rm=0.1187
[OMPT][WIN100ms] ompt_id=5910974510923777 tid=1054947 tipo=ompt_thread_worker     cpu= 88 numa=1  d_rm= 1952493  d_instr= 354181859  d_cyc= 539201861  d_all=16479328  IPC=0.657  ratio_rm=0.1185
[OMPT][WIN100ms] ompt_id=6192449487634433 tid=1054948 tipo=ompt_thread_worker     cpu= 37 numa=0  d_rm= 1916890  d_instr= 340082922  d_cyc= 538070703  d_all=16354390  IPC=0.632  ratio_rm=0.1172
[OMPT][WIN100ms] ompt_id=6473924464345089 tid=1054949 tipo=ompt_thread_worker     cpu=128 numa=0  d_rm= 1900409  d_instr= 337923728  d_cyc= 539321650  d_all=16500441  IPC=0.627  ratio_rm=0.1152
[OMPT][WIN100ms] ompt_id=6755399441055745 tid=1054950 tipo=ompt_thread_worker     cpu=237 numa=1  d_rm= 1980417  d_instr= 347034228  d_cyc= 538103453  d_all=16411377  IPC=0.645  ratio_rm=0.1207
[OMPT][WIN100ms] ompt_id=7036874417766401 tid=1054951 tipo=ompt_thread_worker     cpu=104 numa=1  d_rm= 2000932  d_instr= 355204637  d_cyc= 536915056  d_all=16450145  IPC=0.662  ratio_rm=0.1216
[OMPT][WIN100ms] ompt_id=7318349394477057 tid=1054952 tipo=ompt_thread_worker     cpu= 48 numa=0  d_rm= 1878024  d_instr= 345941547  d_cyc= 539276874  d_all=16358462  IPC=0.641  ratio_rm=0.1148
[OMPT][WIN100ms] ompt_id=7599824371187713 tid=1054953 tipo=ompt_thread_worker     cpu= 36 numa=0  d_rm= 1892448  d_instr= 330543046  d_cyc= 514954922  d_all=16519075  IPC=0.642  ratio_rm=0.1146
[OMPT][WIN100ms] ompt_id=7881299347898369 tid=1054954 tipo=ompt_thread_worker     cpu= 46 numa=0  d_rm= 1890171  d_instr= 345681247  d_cyc= 540084993  d_all=16719573  IPC=0.640  ratio_rm=0.1131
[OMPT][WIN100ms] ompt_id=8162774324609025 tid=1054955 tipo=ompt_thread_worker     cpu= 72 numa=1  d_rm= 1953533  d_instr= 351964527  d_cyc= 538287949  d_all=16548600  IPC=0.654  ratio_rm=0.1180
[OMPT][WIN100ms] ompt_id=8444249301319681 tid=1054956 tipo=ompt_thread_worker     cpu=112 numa=1  d_rm= 1939670  d_instr= 340103707  d_cyc= 539093870  d_all=16504850  IPC=0.631  ratio_rm=0.1175
[OMPT][WIN100ms] ompt_id=8725724278030337 tid=1054957 tipo=ompt_thread_worker     cpu= 25 numa=0  d_rm= 1897537  d_instr= 348544271  d_cyc= 537013622  d_all=16411437  IPC=0.649  ratio_rm=0.1156
[OMPT][WIN100ms] ompt_id=9007199254740993 tid=1054958 tipo=ompt_thread_worker     cpu= 73 numa=1  d_rm= 1927737  d_instr= 352988451  d_cyc= 539113624  d_all=16576572  IPC=0.655  ratio_rm=0.1163
[OMPT] implicit_task_begin: parallel_id=281474976710925 thread_num=23 team_size=32
[OMPT] implicit_task_begin: parallel_id=281474976710925 thread_num=24 team_size=32
[OMPT] implicit_task_begin: parallel_id=281474976710925 thread_num=1 team_size=32
[OMPT] implicit_task_begin: parallel_id=281474976710925 thread_num=30 team_size=32
[OMPT] implicit_task_begin: parallel_id=281474976710925 thread_num=4 team_size=32
[OMPT] implicit_task_begin: parallel_id=281474976710925 thread_num=16 team_size=32
[OMPT] implicit_task_begin: parallel_id=281474976710925 thread_num=6 team_size=32
[OMPT] implicit_task_begin: parallel_id=281474976710925 thread_num=5 team_size=32
[OMPT] implicit_task_begin: parallel_id=281474976710925 thread_num=17 team_size=32
[OMPT] implicit_task_begin: parallel_id=281474976710925 thread_num=0 team_size=32
[OMPT] implicit_task_begin: parallel_id=281474976710925 thread_num=11 team_size=32
[OMPT] implicit_task_begin: parallel_id=281474976710925 thread_num=8 team_size=32
[OMPT] implicit_task_begin: parallel_id=281474976710925 thread_num=29 team_size=32
[OMPT] implicit_task_begin: parallel_id=281474976710925 thread_num=10 team_size=32
[OMPT] implicit_task_begin: parallel_id=281474976710925 thread_num=14 team_size=32
[OMPT] implicit_task_begin: parallel_id=281474976710925 thread_num=18 team_size=32
[OMPT] implicit_task_begin: parallel_id=281474976710925 thread_num=2 team_size=32
[OMPT] implicit_task_begin: parallel_id=281474976710925 thread_num=25 team_size=32
[OMPT] implicit_task_begin: parallel_id=281474976710925 thread_num=20 team_size=32
[OMPT] implicit_task_begin: parallel_id=281474976710925 thread_num=19 team_size=32
[OMPT] implicit_task_begin: parallel_id=281474976710925 thread_num=13 team_size=32
[OMPT] implicit_task_begin: parallel_id=281474976710925 thread_num=3 team_size=32
[OMPT] implicit_task_begin: parallel_id=281474976710925 thread_num=28 team_size=32
[OMPT] implicit_task_begin: parallel_id=281474976710925 thread_num=15 team_size=32
[OMPT] implicit_task_begin: parallel_id=281474976710925 thread_num=9 team_size=32
[OMPT] implicit_task_begin: parallel_id=281474976710925 thread_num=26 team_size=32
[OMPT] implicit_task_begin: parallel_id=281474976710925 thread_num=31 team_size=32
[OMPT] implicit_task_begin: parallel_id=281474976710925 thread_num=7 team_size=32
[OMPT] implicit_task_begin: parallel_id=281474976710925 thread_num=27 team_size=32
[OMPT] implicit_task_begin: parallel_id=281474976710925 thread_num=21 team_size=32
[OMPT] implicit_task_begin: parallel_id=281474976710925 thread_num=12 team_size=32
[OMPT] implicit_task_begin: parallel_id=281474976710925 thread_num=22 team_size=32
[OMPT] implicit_task_end: parallel_id=0 thread_num=0
[OMPT] parallel_end: parallel_id=281474976710925
[OMPT] parallel_begin: parallel_id=281474976710927 team_size=32
[OMPT] implicit_task_end: parallel_id=0 thread_num=16
[OMPT] implicit_task_end: parallel_id=0 thread_num=4
[OMPT] implicit_task_begin: parallel_id=281474976710927 thread_num=0 team_size=32
[OMPT] implicit_task_end: parallel_id=0 thread_num=18
[OMPT] implicit_task_end: parallel_id=0 thread_num=19
[OMPT] implicit_task_end: parallel_id=0 thread_num=2
[OMPT] implicit_task_begin: parallel_id=281474976710927 thread_num=18 team_size=32
[OMPT] implicit_task_end: parallel_id=0 thread_num=12
[OMPT] implicit_task_begin: parallel_id=281474976710927 thread_num=19 team_size=32
[OMPT] implicit_task_end: parallel_id=0 thread_num=1
[OMPT] implicit_task_begin: parallel_id=281474976710927 thread_num=12 team_size=32
[OMPT] implicit_task_begin: parallel_id=281474976710927 thread_num=1 team_size=32
[OMPT] implicit_task_end: parallel_id=0 thread_num=5
[OMPT] implicit_task_end: parallel_id=0 thread_num=24
[OMPT] implicit_task_begin: parallel_id=281474976710927 thread_num=5 team_size=32
[OMPT] implicit_task_end: parallel_id=0 thread_num=26
[OMPT] implicit_task_begin: parallel_id=281474976710927 thread_num=16 team_size=32
[OMPT] implicit_task_end: parallel_id=0 thread_num=8
[OMPT] implicit_task_begin: parallel_id=281474976710927 thread_num=26 team_size=32
[OMPT] implicit_task_end: parallel_id=0 thread_num=11
[OMPT] implicit_task_end: parallel_id=0 thread_num=10
[OMPT] implicit_task_begin: parallel_id=281474976710927 thread_num=8 team_size=32
[OMPT] implicit_task_end: parallel_id=0 thread_num=7
[OMPT] implicit_task_begin: parallel_id=281474976710927 thread_num=10 team_size=32
[OMPT] implicit_task_begin: parallel_id=281474976710927 thread_num=7 team_size=32
[OMPT] implicit_task_end: parallel_id=0 thread_num=14
[OMPT] implicit_task_end: parallel_id=0 thread_num=13
[OMPT] implicit_task_begin: parallel_id=281474976710927 thread_num=14 team_size=32
[OMPT] implicit_task_begin: parallel_id=281474976710927 thread_num=2 team_size=32
[OMPT] implicit_task_begin: parallel_id=281474976710927 thread_num=13 team_size=32
[OMPT] implicit_task_end: parallel_id=0 thread_num=17
[OMPT] implicit_task_end: parallel_id=0 thread_num=28
[OMPT] implicit_task_end: parallel_id=0 thread_num=31
[OMPT] implicit_task_begin: parallel_id=281474976710927 thread_num=28 team_size=32
[OMPT] implicit_task_begin: parallel_id=281474976710927 thread_num=31 team_size=32
[OMPT] implicit_task_end: parallel_id=0 thread_num=25
[OMPT] implicit_task_end: parallel_id=0 thread_num=20
[OMPT] implicit_task_begin: parallel_id=281474976710927 thread_num=24 team_size=32
[OMPT] implicit_task_end: parallel_id=0 thread_num=22
[OMPT] implicit_task_begin: parallel_id=281474976710927 thread_num=20 team_size=32
[OMPT] implicit_task_end: parallel_id=0 thread_num=9
[OMPT] implicit_task_begin: parallel_id=281474976710927 thread_num=9 team_size=32
[OMPT] implicit_task_begin: parallel_id=281474976710927 thread_num=11 team_size=32
[OMPT] implicit_task_begin: parallel_id=281474976710927 thread_num=17 team_size=32
[OMPT] implicit_task_end: parallel_id=0 thread_num=6
[OMPT] implicit_task_end: parallel_id=0 thread_num=29
[OMPT] implicit_task_begin: parallel_id=281474976710927 thread_num=29 team_size=32
[OMPT] implicit_task_end: parallel_id=0 thread_num=27
[OMPT] implicit_task_begin: parallel_id=281474976710927 thread_num=27 team_size=32
[OMPT] implicit_task_begin: parallel_id=281474976710927 thread_num=25 team_size=32
[OMPT] implicit_task_end: parallel_id=0 thread_num=23
[OMPT] implicit_task_begin: parallel_id=281474976710927 thread_num=23 team_size=32
[OMPT] implicit_task_end: parallel_id=0 thread_num=21
[OMPT] implicit_task_begin: parallel_id=281474976710927 thread_num=21 team_size=32
[OMPT] implicit_task_end: parallel_id=0 thread_num=3
[OMPT] implicit_task_begin: parallel_id=281474976710927 thread_num=3 team_size=32
[OMPT] implicit_task_begin: parallel_id=281474976710927 thread_num=22 team_size=32
[OMPT] implicit_task_begin: parallel_id=281474976710927 thread_num=4 team_size=32
[OMPT] implicit_task_end: parallel_id=0 thread_num=15
[OMPT] implicit_task_begin: parallel_id=281474976710927 thread_num=6 team_size=32
[OMPT] implicit_task_end: parallel_id=0 thread_num=30
[OMPT] implicit_task_begin: parallel_id=281474976710927 thread_num=30 team_size=32
[OMPT] implicit_task_begin: parallel_id=281474976710927 thread_num=15 team_size=32
[OMPT] implicit_task_end: parallel_id=0 thread_num=0
[OMPT] parallel_end: parallel_id=281474976710927
[OMPT] parallel_begin: parallel_id=281474976710929 team_size=32
[OMPT] implicit_task_end: parallel_id=0 thread_num=12
[OMPT] implicit_task_end: parallel_id=0 thread_num=1
[OMPT] implicit_task_end: parallel_id=0 thread_num=14
[OMPT] implicit_task_end: parallel_id=0 thread_num=16
[OMPT] implicit_task_end: parallel_id=0 thread_num=28
[OMPT] implicit_task_end: parallel_id=0 thread_num=17
[OMPT] implicit_task_end: parallel_id=0 thread_num=3
[OMPT] implicit_task_begin: parallel_id=281474976710929 thread_num=28 team_size=32
[OMPT] implicit_task_begin: parallel_id=281474976710929 thread_num=17 team_size=32
[OMPT] implicit_task_end: parallel_id=0 thread_num=15
[OMPT] implicit_task_begin: parallel_id=281474976710929 thread_num=12 team_size=32
[OMPT] implicit_task_begin: parallel_id=281474976710929 thread_num=15 team_size=32
[OMPT] implicit_task_end: parallel_id=0 thread_num=4
[OMPT] implicit_task_begin: parallel_id=281474976710929 thread_num=1 team_size=32
[OMPT] implicit_task_begin: parallel_id=281474976710929 thread_num=4 team_size=32
[OMPT] implicit_task_begin: parallel_id=281474976710929 thread_num=14 team_size=32
[OMPT] implicit_task_end: parallel_id=0 thread_num=19
[OMPT] implicit_task_end: parallel_id=0 thread_num=18
[OMPT] implicit_task_end: parallel_id=0 thread_num=8
[OMPT] implicit_task_begin: parallel_id=281474976710929 thread_num=19 team_size=32
[OMPT] implicit_task_begin: parallel_id=281474976710929 thread_num=18 team_size=32
[OMPT] implicit_task_end: parallel_id=0 thread_num=9
[OMPT] implicit_task_begin: parallel_id=281474976710929 thread_num=16 team_size=32
[OMPT] implicit_task_end: parallel_id=0 thread_num=30
[OMPT] implicit_task_end: parallel_id=0 thread_num=31
[OMPT] implicit_task_end: parallel_id=0 thread_num=2
[OMPT] implicit_task_begin: parallel_id=281474976710929 thread_num=31 team_size=32
[OMPT] implicit_task_begin: parallel_id=281474976710929 thread_num=0 team_size=32
[OMPT] implicit_task_begin: parallel_id=281474976710929 thread_num=2 team_size=32
[OMPT] implicit_task_end: parallel_id=0 thread_num=13
[OMPT] implicit_task_begin: parallel_id=281474976710929 thread_num=13 team_size=32
[OMPT] implicit_task_end: parallel_id=0 thread_num=6
[OMPT] implicit_task_end: parallel_id=0 thread_num=5
[OMPT] implicit_task_end: parallel_id=0 thread_num=20
[OMPT] implicit_task_end: parallel_id=0 thread_num=23
[OMPT] implicit_task_begin: parallel_id=281474976710929 thread_num=20 team_size=32
[OMPT] implicit_task_end: parallel_id=0 thread_num=10
[OMPT] implicit_task_begin: parallel_id=281474976710929 thread_num=8 team_size=32
[OMPT] implicit_task_begin: parallel_id=281474976710929 thread_num=23 team_size=32
[OMPT] implicit_task_end: parallel_id=0 thread_num=24
[OMPT] implicit_task_end: parallel_id=0 thread_num=27
[OMPT] implicit_task_begin: parallel_id=281474976710929 thread_num=10 team_size=32
[OMPT] implicit_task_begin: parallel_id=281474976710929 thread_num=24 team_size=32
[OMPT] implicit_task_begin: parallel_id=281474976710929 thread_num=27 team_size=32
[OMPT] implicit_task_end: parallel_id=0 thread_num=29
[OMPT] implicit_task_begin: parallel_id=281474976710929 thread_num=3 team_size=32
[OMPT] implicit_task_end: parallel_id=0 thread_num=7
[OMPT] implicit_task_end: parallel_id=0 thread_num=22
[OMPT] implicit_task_begin: parallel_id=281474976710929 thread_num=7 team_size=32
[OMPT] implicit_task_begin: parallel_id=281474976710929 thread_num=22 team_size=32
[OMPT] implicit_task_end: parallel_id=0 thread_num=11
[OMPT] implicit_task_end: parallel_id=0 thread_num=25
[OMPT] implicit_task_begin: parallel_id=281474976710929 thread_num=11 team_size=32
[OMPT] implicit_task_end: parallel_id=0 thread_num=26
[OMPT] implicit_task_begin: parallel_id=281474976710929 thread_num=30 team_size=32
[OMPT] implicit_task_begin: parallel_id=281474976710929 thread_num=29 team_size=32
[OMPT] implicit_task_end: parallel_id=0 thread_num=21
[OMPT] implicit_task_begin: parallel_id=281474976710929 thread_num=21 team_size=32
[OMPT] implicit_task_begin: parallel_id=281474976710929 thread_num=6 team_size=32
[OMPT] implicit_task_begin: parallel_id=281474976710929 thread_num=5 team_size=32
[OMPT] implicit_task_begin: parallel_id=281474976710929 thread_num=25 team_size=32
[OMPT] implicit_task_begin: parallel_id=281474976710929 thread_num=9 team_size=32
[OMPT] implicit_task_begin: parallel_id=281474976710929 thread_num=26 team_size=32
[OMPT] implicit_task_end: parallel_id=0 thread_num=0
[OMPT] parallel_end: parallel_id=281474976710929
[OMPT] parallel_begin: parallel_id=281474976710931 team_size=32
[OMPT] implicit_task_end: parallel_id=0 thread_num=16
[OMPT] implicit_task_end: parallel_id=0 thread_num=1
[OMPT] implicit_task_end: parallel_id=0 thread_num=17
[OMPT] implicit_task_end: parallel_id=0 thread_num=19
[OMPT] implicit_task_begin: parallel_id=281474976710931 thread_num=17 team_size=32
[OMPT] implicit_task_end: parallel_id=0 thread_num=4
[OMPT] implicit_task_end: parallel_id=0 thread_num=2
[OMPT] implicit_task_end: parallel_id=0 thread_num=3
[OMPT] implicit_task_begin: parallel_id=281474976710931 thread_num=4 team_size=32
[OMPT] implicit_task_begin: parallel_id=281474976710931 thread_num=2 team_size=32
[OMPT] implicit_task_begin: parallel_id=281474976710931 thread_num=3 team_size=32
[OMPT] implicit_task_end: parallel_id=0 thread_num=28
[OMPT] implicit_task_end: parallel_id=0 thread_num=31
[OMPT] implicit_task_begin: parallel_id=281474976710931 thread_num=28 team_size=32
[OMPT] implicit_task_begin: parallel_id=281474976710931 thread_num=31 team_size=32
[OMPT] implicit_task_end: parallel_id=0 thread_num=18
[OMPT] implicit_task_end: parallel_id=0 thread_num=24
[OMPT] implicit_task_begin: parallel_id=281474976710931 thread_num=18 team_size=32
[OMPT] implicit_task_end: parallel_id=0 thread_num=25
[OMPT] implicit_task_end: parallel_id=0 thread_num=27
[OMPT] implicit_task_end: parallel_id=0 thread_num=8
[OMPT] implicit_task_end: parallel_id=0 thread_num=11
[OMPT] implicit_task_begin: parallel_id=281474976710931 thread_num=1 team_size=32
[OMPT] implicit_task_begin: parallel_id=281474976710931 thread_num=24 team_size=32
[OMPT] implicit_task_end: parallel_id=0 thread_num=5
[OMPT] implicit_task_begin: parallel_id=281474976710931 thread_num=8 team_size=32
[OMPT] implicit_task_begin: parallel_id=281474976710931 thread_num=25 team_size=32
[OMPT] implicit_task_begin: parallel_id=281474976710931 thread_num=27 team_size=32
[OMPT] implicit_task_begin: parallel_id=281474976710931 thread_num=0 team_size=32
[OMPT] implicit_task_begin: parallel_id=281474976710931 thread_num=19 team_size=32
[OMPT] implicit_task_begin: parallel_id=281474976710931 thread_num=5 team_size=32
[OMPT] implicit_task_end: parallel_id=0 thread_num=30
[OMPT] implicit_task_begin: parallel_id=281474976710931 thread_num=30 team_size=32
[OMPT] implicit_task_end: parallel_id=0 thread_num=29
[OMPT] implicit_task_end: parallel_id=0 thread_num=20
[OMPT] implicit_task_begin: parallel_id=281474976710931 thread_num=29 team_size=32
[OMPT] implicit_task_end: parallel_id=0 thread_num=22
[OMPT] implicit_task_begin: parallel_id=281474976710931 thread_num=22 team_size=32
[OMPT] implicit_task_end: parallel_id=0 thread_num=26
[OMPT] implicit_task_begin: parallel_id=281474976710931 thread_num=26 team_size=32
[OMPT] implicit_task_end: parallel_id=0 thread_num=10
[OMPT] implicit_task_begin: parallel_id=281474976710931 thread_num=10 team_size=32
[OMPT] implicit_task_end: parallel_id=0 thread_num=9
[OMPT] implicit_task_begin: parallel_id=281474976710931 thread_num=9 team_size=32
[OMPT] implicit_task_end: parallel_id=0 thread_num=7
[OMPT] implicit_task_begin: parallel_id=281474976710931 thread_num=7 team_size=32
[OMPT] implicit_task_end: parallel_id=0 thread_num=6
[OMPT] implicit_task_begin: parallel_id=281474976710931 thread_num=11 team_size=32
[OMPT] implicit_task_end: parallel_id=0 thread_num=21
[OMPT] implicit_task_begin: parallel_id=281474976710931 thread_num=21 team_size=32
[OMPT] implicit_task_end: parallel_id=0 thread_num=23
[OMPT] implicit_task_end: parallel_id=0 thread_num=12
[OMPT] implicit_task_end: parallel_id=0 thread_num=15
[OMPT] implicit_task_begin: parallel_id=281474976710931 thread_num=23 team_size=32
[OMPT] implicit_task_begin: parallel_id=281474976710931 thread_num=20 team_size=32
[OMPT] implicit_task_begin: parallel_id=281474976710931 thread_num=12 team_size=32
[OMPT] implicit_task_begin: parallel_id=281474976710931 thread_num=16 team_size=32
[OMPT] implicit_task_begin: parallel_id=281474976710931 thread_num=6 team_size=32
[OMPT] implicit_task_end: parallel_id=0 thread_num=14
[OMPT] implicit_task_end: parallel_id=0 thread_num=13
[OMPT] implicit_task_begin: parallel_id=281474976710931 thread_num=14 team_size=32
[OMPT] implicit_task_begin: parallel_id=281474976710931 thread_num=13 team_size=32
[OMPT] implicit_task_begin: parallel_id=281474976710931 thread_num=15 team_size=32
[OMPT] implicit_task_end: parallel_id=0 thread_num=0
[OMPT] parallel_end: parallel_id=281474976710931
[OMPT] parallel_begin: parallel_id=281474976710933 team_size=32
[OMPT] implicit_task_end: parallel_id=0 thread_num=16
[OMPT] implicit_task_end: parallel_id=0 thread_num=3
[OMPT] implicit_task_end: parallel_id=0 thread_num=17
[OMPT] implicit_task_end: parallel_id=0 thread_num=19
[OMPT] implicit_task_begin: parallel_id=281474976710933 thread_num=3 team_size=32
[OMPT] implicit_task_end: parallel_id=0 thread_num=12
[OMPT] implicit_task_end: parallel_id=0 thread_num=1
[OMPT] implicit_task_begin: parallel_id=281474976710933 thread_num=0 team_size=32
[OMPT] implicit_task_begin: parallel_id=281474976710933 thread_num=19 team_size=32
[OMPT] implicit_task_begin: parallel_id=281474976710933 thread_num=1 team_size=32
[OMPT] implicit_task_end: parallel_id=0 thread_num=24
[OMPT] implicit_task_end: parallel_id=0 thread_num=27
[OMPT] implicit_task_end: parallel_id=0 thread_num=20
[OMPT] implicit_task_end: parallel_id=0 thread_num=21
[OMPT] implicit_task_end: parallel_id=0 thread_num=28
[OMPT] implicit_task_end: parallel_id=0 thread_num=31
[OMPT] implicit_task_end: parallel_id=0 thread_num=4
[OMPT] implicit_task_end: parallel_id=0 thread_num=7
[OMPT] implicit_task_begin: parallel_id=281474976710933 thread_num=17 team_size=32
[OMPT] implicit_task_begin: parallel_id=281474976710933 thread_num=28 team_size=32
[OMPT] implicit_task_end: parallel_id=0 thread_num=15
[OMPT] implicit_task_begin: parallel_id=281474976710933 thread_num=21 team_size=32
[OMPT] implicit_task_end: parallel_id=0 thread_num=13
[OMPT] implicit_task_begin: parallel_id=281474976710933 thread_num=27 team_size=32
[OMPT] implicit_task_begin: parallel_id=281474976710933 thread_num=4 team_size=32
[OMPT] implicit_task_begin: parallel_id=281474976710933 thread_num=15 team_size=32
[OMPT] implicit_task_begin: parallel_id=281474976710933 thread_num=13 team_size=32
[OMPT] implicit_task_begin: parallel_id=281474976710933 thread_num=7 team_size=32
[OMPT] implicit_task_end: parallel_id=0 thread_num=26
[OMPT] implicit_task_begin: parallel_id=281474976710933 thread_num=26 team_size=32
[OMPT] implicit_task_end: parallel_id=0 thread_num=22
[OMPT] implicit_task_begin: parallel_id=281474976710933 thread_num=22 team_size=32
[OMPT] implicit_task_end: parallel_id=0 thread_num=8
[OMPT] implicit_task_end: parallel_id=0 thread_num=11
[OMPT] implicit_task_end: parallel_id=0 thread_num=29
[OMPT] implicit_task_begin: parallel_id=281474976710933 thread_num=11 team_size=32
[OMPT] implicit_task_begin: parallel_id=281474976710933 thread_num=16 team_size=32
[OMPT] implicit_task_begin: parallel_id=281474976710933 thread_num=29 team_size=32
[OMPT] implicit_task_begin: parallel_id=281474976710933 thread_num=24 team_size=32
[OMPT] implicit_task_begin: parallel_id=281474976710933 thread_num=20 team_size=32
[OMPT] implicit_task_end: parallel_id=0 thread_num=6
[OMPT] implicit_task_end: parallel_id=0 thread_num=5
[OMPT] implicit_task_end: parallel_id=0 thread_num=2
[OMPT] implicit_task_begin: parallel_id=281474976710933 thread_num=6 team_size=32
[OMPT] implicit_task_begin: parallel_id=281474976710933 thread_num=5 team_size=32
[OMPT] implicit_task_begin: parallel_id=281474976710933 thread_num=31 team_size=32
[OMPT] implicit_task_begin: parallel_id=281474976710933 thread_num=2 team_size=32
[OMPT] implicit_task_end: parallel_id=0 thread_num=14
[OMPT] implicit_task_begin: parallel_id=281474976710933 thread_num=12 team_size=32
[OMPT] implicit_task_begin: parallel_id=281474976710933 thread_num=14 team_size=32
[OMPT] implicit_task_end: parallel_id=0 thread_num=25
[OMPT] implicit_task_begin: parallel_id=281474976710933 thread_num=25 team_size=32
[OMPT] implicit_task_end: parallel_id=0 thread_num=23
[OMPT] implicit_task_end: parallel_id=0 thread_num=10
[OMPT] implicit_task_begin: parallel_id=281474976710933 thread_num=23 team_size=32
[OMPT] implicit_task_end: parallel_id=0 thread_num=9
[OMPT] implicit_task_begin: parallel_id=281474976710933 thread_num=10 team_size=32
[OMPT] implicit_task_begin: parallel_id=281474976710933 thread_num=9 team_size=32
[OMPT] implicit_task_end: parallel_id=0 thread_num=30
[OMPT] implicit_task_end: parallel_id=0 thread_num=18
[OMPT] implicit_task_begin: parallel_id=281474976710933 thread_num=30 team_size=32
[OMPT] implicit_task_begin: parallel_id=281474976710933 thread_num=18 team_size=32
[OMPT] implicit_task_begin: parallel_id=281474976710933 thread_num=8 team_size=32
[OMPT] implicit_task_end: parallel_id=0 thread_num=0
[OMPT] parallel_end: parallel_id=281474976710933
[OMPT] parallel_begin: parallel_id=281474976710935 team_size=32
[OMPT] implicit_task_end: parallel_id=0 thread_num=12
[OMPT] implicit_task_end: parallel_id=0 thread_num=2
[OMPT] implicit_task_end: parallel_id=0 thread_num=13
[OMPT] implicit_task_begin: parallel_id=281474976710935 thread_num=2 team_size=32
[OMPT] implicit_task_begin: parallel_id=281474976710935 thread_num=13 team_size=32
[OMPT] implicit_task_end: parallel_id=0 thread_num=16
[OMPT] implicit_task_end: parallel_id=0 thread_num=1
[OMPT] implicit_task_end: parallel_id=0 thread_num=24
[OMPT] implicit_task_end: parallel_id=0 thread_num=3
[OMPT] implicit_task_begin: parallel_id=281474976710935 thread_num=0 team_size=32
[OMPT] implicit_task_end: parallel_id=0 thread_num=15
[OMPT] implicit_task_end: parallel_id=0 thread_num=14
[OMPT] implicit_task_end: parallel_id=0 thread_num=4
[OMPT] implicit_task_end: parallel_id=0 thread_num=7
[OMPT] implicit_task_begin: parallel_id=281474976710935 thread_num=14 team_size=32
[OMPT] implicit_task_end: parallel_id=0 thread_num=18
[OMPT] implicit_task_begin: parallel_id=281474976710935 thread_num=7 team_size=32
[OMPT] implicit_task_end: parallel_id=0 thread_num=28
[OMPT] implicit_task_end: parallel_id=0 thread_num=20
[OMPT] implicit_task_end: parallel_id=0 thread_num=23
[OMPT] implicit_task_begin: parallel_id=281474976710935 thread_num=16 team_size=32
[OMPT] implicit_task_end: parallel_id=0 thread_num=25
[OMPT] implicit_task_end: parallel_id=0 thread_num=26
[OMPT] implicit_task_begin: parallel_id=281474976710935 thread_num=20 team_size=32
[OMPT] implicit_task_begin: parallel_id=281474976710935 thread_num=23 team_size=32
[OMPT] implicit_task_end: parallel_id=0 thread_num=27
[OMPT] implicit_task_begin: parallel_id=281474976710935 thread_num=12 team_size=32
[OMPT] implicit_task_begin: parallel_id=281474976710935 thread_num=27 team_size=32
[OMPT] implicit_task_begin: parallel_id=281474976710935 thread_num=24 team_size=32
[OMPT] implicit_task_begin: parallel_id=281474976710935 thread_num=15 team_size=32
[OMPT] implicit_task_end: parallel_id=0 thread_num=8
[OMPT] implicit_task_end: parallel_id=0 thread_num=11
[OMPT] implicit_task_begin: parallel_id=281474976710935 thread_num=8 team_size=32
[OMPT] implicit_task_end: parallel_id=0 thread_num=5
[OMPT] implicit_task_end: parallel_id=0 thread_num=17
[OMPT] implicit_task_begin: parallel_id=281474976710935 thread_num=18 team_size=32
[OMPT] implicit_task_begin: parallel_id=281474976710935 thread_num=5 team_size=32
[OMPT] implicit_task_end: parallel_id=0 thread_num=30
[OMPT] implicit_task_end: parallel_id=0 thread_num=31
[OMPT] implicit_task_begin: parallel_id=281474976710935 thread_num=30 team_size=32
[OMPT] implicit_task_begin: parallel_id=281474976710935 thread_num=31 team_size=32
[OMPT] implicit_task_end: parallel_id=0 thread_num=19
[OMPT] implicit_task_begin: parallel_id=281474976710935 thread_num=28 team_size=32
[OMPT] implicit_task_begin: parallel_id=281474976710935 thread_num=19 team_size=32
[OMPT] implicit_task_end: parallel_id=0 thread_num=21
[OMPT] implicit_task_end: parallel_id=0 thread_num=22
[OMPT] implicit_task_begin: parallel_id=281474976710935 thread_num=26 team_size=32
[OMPT] implicit_task_begin: parallel_id=281474976710935 thread_num=22 team_size=32
[OMPT] implicit_task_begin: parallel_id=281474976710935 thread_num=25 team_size=32
[OMPT] implicit_task_begin: parallel_id=281474976710935 thread_num=3 team_size=32
[OMPT] implicit_task_end: parallel_id=0 thread_num=9
[OMPT] implicit_task_begin: parallel_id=281474976710935 thread_num=9 team_size=32
[OMPT] implicit_task_end: parallel_id=0 thread_num=10
[OMPT] implicit_task_end: parallel_id=0 thread_num=6
[OMPT] implicit_task_begin: parallel_id=281474976710935 thread_num=10 team_size=32
[OMPT] implicit_task_begin: parallel_id=281474976710935 thread_num=11 team_size=32
[OMPT] implicit_task_begin: parallel_id=281474976710935 thread_num=6 team_size=32
[OMPT] implicit_task_begin: parallel_id=281474976710935 thread_num=4 team_size=32
[OMPT] implicit_task_begin: parallel_id=281474976710935 thread_num=17 team_size=32
[OMPT] implicit_task_end: parallel_id=0 thread_num=29
[OMPT] implicit_task_begin: parallel_id=281474976710935 thread_num=29 team_size=32
[OMPT] implicit_task_begin: parallel_id=281474976710935 thread_num=21 team_size=32
[OMPT] implicit_task_begin: parallel_id=281474976710935 thread_num=1 team_size=32
[OMPT][WIN100ms] ompt_id=281474976710657 tid=1054906 tipo=ompt_thread_initial    cpu= 22 numa=0  d_rm= 2136161  d_instr= 346775382  d_cyc= 543300807  d_all=18325369  IPC=0.638  ratio_rm=0.1166
[OMPT][WIN100ms] ompt_id=562949953421313 tid=1054928 tipo=ompt_thread_worker     cpu=159 numa=0  d_rm= 2079981  d_instr= 353255876  d_cyc= 540687793  d_all=17923840  IPC=0.653  ratio_rm=0.1160
[OMPT][WIN100ms] ompt_id=844424930131969 tid=1054929 tipo=ompt_thread_worker     cpu= 49 numa=0  d_rm= 2113976  d_instr= 354192492  d_cyc= 541966545  d_all=18111788  IPC=0.654  ratio_rm=0.1167
[OMPT][WIN100ms] ompt_id=1125899906842625 tid=1054930 tipo=ompt_thread_worker     cpu=  8 numa=0  d_rm= 2083634  d_instr= 354411315  d_cyc= 541282784  d_all=18227581  IPC=0.655  ratio_rm=0.1143
[OMPT][WIN100ms] ompt_id=1407374883553281 tid=1054931 tipo=ompt_thread_worker     cpu=121 numa=1  d_rm= 2233919  d_instr= 349282932  d_cyc= 542519245  d_all=18271658  IPC=0.644  ratio_rm=0.1223
[OMPT][WIN100ms] ompt_id=1688849860263937 tid=1054932 tipo=ompt_thread_worker     cpu=208 numa=1  d_rm= 2249626  d_instr= 361933126  d_cyc= 541733940  d_all=18415738  IPC=0.668  ratio_rm=0.1222
[OMPT][WIN100ms] ompt_id=1970324836974593 tid=1054933 tipo=ompt_thread_worker     cpu= 87 numa=1  d_rm= 2292291  d_instr= 369345873  d_cyc= 539857067  d_all=18909660  IPC=0.684  ratio_rm=0.1212
[OMPT][WIN100ms] ompt_id=2251799813685249 tid=1054935 tipo=ompt_thread_worker     cpu= 97 numa=1  d_rm= 2252720  d_instr= 369901747  d_cyc= 540840809  d_all=19128160  IPC=0.684  ratio_rm=0.1178
[OMPT][WIN100ms] ompt_id=2533274790395905 tid=1054934 tipo=ompt_thread_worker     cpu=139 numa=0  d_rm= 2310566  d_instr= 377124807  d_cyc= 543482888  d_all=19910849  IPC=0.694  ratio_rm=0.1160
[OMPT][WIN100ms] ompt_id=2814749767106561 tid=1054937 tipo=ompt_thread_worker     cpu=113 numa=1  d_rm= 2261566  d_instr= 368485381  d_cyc= 544160896  d_all=19285906  IPC=0.677  ratio_rm=0.1173
[OMPT] implicit_task_end: parallel_id=0 thread_num=0
[OMPT] parallel_end: parallel_id=281474976710935
[OMPT] parallel_begin: parallel_id=281474976710937 team_size=32
[OMPT] implicit_task_end: parallel_id=0 thread_num=16
[OMPT] implicit_task_end: parallel_id=0 thread_num=3
[OMPT] implicit_task_end: parallel_id=0 thread_num=17
[OMPT] implicit_task_end: parallel_id=0 thread_num=18
[OMPT] implicit_task_end: parallel_id=0 thread_num=12
[OMPT] implicit_task_end: parallel_id=0 thread_num=2
[OMPT] implicit_task_end: parallel_id=0 thread_num=14
[OMPT] implicit_task_end: parallel_id=0 thread_num=1
[OMPT] implicit_task_end: parallel_id=0 thread_num=28
[OMPT] implicit_task_end: parallel_id=0 thread_num=30
[OMPT] implicit_task_end: parallel_id=0 thread_num=24
[OMPT] implicit_task_end: parallel_id=0 thread_num=25
[OMPT] implicit_task_end: parallel_id=0 thread_num=4
[OMPT] implicit_task_end: parallel_id=0 thread_num=7
[OMPT] implicit_task_end: parallel_id=0 thread_num=6
[OMPT] implicit_task_end: parallel_id=0 thread_num=20
[OMPT] implicit_task_end: parallel_id=0 thread_num=23
[OMPT] implicit_task_end: parallel_id=0 thread_num=19
[OMPT] implicit_task_end: parallel_id=0 thread_num=29
[OMPT] implicit_task_end: parallel_id=0 thread_num=27
[OMPT] implicit_task_end: parallel_id=0 thread_num=26
[OMPT] implicit_task_end: parallel_id=0 thread_num=5
[OMPT] implicit_task_end: parallel_id=0 thread_num=15
[OMPT] implicit_task_end: parallel_id=0 thread_num=13
[OMPT] implicit_task_end: parallel_id=0 thread_num=31
[OMPT] implicit_task_end: parallel_id=0 thread_num=21
[OMPT] implicit_task_end: parallel_id=0 thread_num=22
[OMPT] implicit_task_end: parallel_id=0 thread_num=8
[OMPT] implicit_task_end: parallel_id=0 thread_num=9
[OMPT] implicit_task_end: parallel_id=0 thread_num=10
[OMPT] implicit_task_end: parallel_id=0 thread_num=11
[OMPT][WIN100ms] ompt_id=3096224743817217 tid=1054936 tipo=ompt_thread_worker     cpu=  2 numa=0  d_rm= 2298634  d_instr= 374001919  d_cyc= 543044694  d_all=19811872  IPC=0.689  ratio_rm=0.1160
[OMPT][WIN100ms] ompt_id=3377699720527873 tid=1054938 tipo=ompt_thread_worker     cpu=231 numa=1  d_rm= 2371520  d_instr= 384769783  d_cyc= 541672733  d_all=19915422  IPC=0.710  ratio_rm=0.1191
[OMPT][WIN100ms] ompt_id=3940649673949185 tid=1054940 tipo=ompt_thread_worker     cpu= 45 numa=0  d_rm= 2276400  d_instr= 376619874  d_cyc= 540429710  d_all=19411476  IPC=0.697  ratio_rm=0.1173
[OMPT][WIN100ms] ompt_id=3659174697238529 tid=1054939 tipo=ompt_thread_worker     cpu= 56 numa=0  d_rm= 2308571  d_instr= 385047843  d_cyc= 538906408  d_all=19644244  IPC=0.714  ratio_rm=0.1175
[OMPT][WIN100ms] ompt_id=4222124650659841 tid=1054942 tipo=ompt_thread_worker     cpu=191 numa=0  d_rm= 2308421  d_instr= 386919125  d_cyc= 539429244  d_all=19935845  IPC=0.717  ratio_rm=0.1158
[OMPT][WIN100ms] ompt_id=4503599627370497 tid=1054941 tipo=ompt_thread_worker     cpu= 64 numa=1  d_rm= 2269520  d_instr= 382792758  d_cyc= 540520671  d_all=19605942  IPC=0.708  ratio_rm=0.1158
[OMPT][WIN100ms] ompt_id=4785074604081153 tid=1054944 tipo=ompt_thread_worker     cpu= 21 numa=0  d_rm= 2384893  d_instr= 380059557  d_cyc= 540948479  d_all=20053954  IPC=0.703  ratio_rm=0.1189
[OMPT][WIN100ms] ompt_id=5066549580791809 tid=1054943 tipo=ompt_thread_worker     cpu=120 numa=1  d_rm= 2312022  d_instr= 378679866  d_cyc= 540086691  d_all=20037471  IPC=0.701  ratio_rm=0.1154
[OMPT][WIN100ms] ompt_id=5348024557502465 tid=1054945 tipo=ompt_thread_worker     cpu= 70 numa=1  d_rm= 2265018  d_instr= 383385250  d_cyc= 539893649  d_all=19594846  IPC=0.710  ratio_rm=0.1156
[OMPT][WIN100ms] ompt_id=5629499534213121 tid=1054946 tipo=ompt_thread_worker     cpu= 89 numa=1  d_rm= 2341627  d_instr= 382012123  d_cyc= 546300757  d_all=19689289  IPC=0.699  ratio_rm=0.1189
[OMPT][WIN100ms] ompt_id=5910974510923777 tid=1054947 tipo=ompt_thread_worker     cpu= 88 numa=1  d_rm= 2342936  d_instr= 386486241  d_cyc= 543695133  d_all=19755665  IPC=0.711  ratio_rm=0.1186
[OMPT][WIN100ms] ompt_id=6192449487634433 tid=1054948 tipo=ompt_thread_worker     cpu= 37 numa=0  d_rm= 2281930  d_instr= 381238816  d_cyc= 545662294  d_all=19617167  IPC=0.699  ratio_rm=0.1163
[OMPT][WIN100ms] ompt_id=6473924464345089 tid=1054949 tipo=ompt_thread_worker     cpu=128 numa=0  d_rm= 2281332  d_instr= 375275418  d_cyc= 546618043  d_all=19776498  IPC=0.687  ratio_rm=0.1154
[OMPT][WIN100ms] ompt_id=6755399441055745 tid=1054950 tipo=ompt_thread_worker     cpu=237 numa=1  d_rm= 2404916  d_instr= 387206394  d_cyc= 545839020  d_all=19666298  IPC=0.709  ratio_rm=0.1223
[OMPT][WIN100ms] ompt_id=7036874417766401 tid=1054951 tipo=ompt_thread_worker     cpu=104 numa=1  d_rm= 2435457  d_instr= 389207689  d_cyc= 543490932  d_all=19712823  IPC=0.716  ratio_rm=0.1235
[OMPT][WIN100ms] ompt_id=7318349394477057 tid=1054952 tipo=ompt_thread_worker     cpu= 48 numa=0  d_rm= 2248512  d_instr= 383866342  d_cyc= 544540300  d_all=19618653  IPC=0.705  ratio_rm=0.1146
[OMPT][WIN100ms] ompt_id=7599824371187713 tid=1054953 tipo=ompt_thread_worker     cpu= 36 numa=0  d_rm= 2268988  d_instr= 370294617  d_cyc= 519369444  d_all=19810784  IPC=0.713  ratio_rm=0.1145
[OMPT][WIN100ms] ompt_id=7881299347898369 tid=1054954 tipo=ompt_thread_worker     cpu= 46 numa=0  d_rm= 2272280  d_instr= 381904851  d_cyc= 545888942  d_all=20036641  IPC=0.700  ratio_rm=0.1134
[OMPT][WIN100ms] ompt_id=8162774324609025 tid=1054955 tipo=ompt_thread_worker     cpu= 72 numa=1  d_rm= 2339130  d_instr= 389545542  d_cyc= 543218251  d_all=19839972  IPC=0.717  ratio_rm=0.1179
[OMPT][WIN100ms] ompt_id=8444249301319681 tid=1054956 tipo=ompt_thread_worker     cpu=112 numa=1  d_rm= 2315179  d_instr= 374847239  d_cyc= 543508051  d_all=19794141  IPC=0.690  ratio_rm=0.1170
[OMPT][WIN100ms] ompt_id=8725724278030337 tid=1054957 tipo=ompt_thread_worker     cpu= 25 numa=0  d_rm= 2276048  d_instr= 385182466  d_cyc= 541710313  d_all=19686109  IPC=0.711  ratio_rm=0.1156
[OMPT][WIN100ms] ompt_id=9007199254740993 tid=1054958 tipo=ompt_thread_worker     cpu= 73 numa=1  d_rm= 2324970  d_instr= 390557612  d_cyc= 542912633  d_all=19873535  IPC=0.719  ratio_rm=0.1170
[OMPT] implicit_task_begin: parallel_id=281474976710937 thread_num=21 team_size=32
[OMPT] implicit_task_begin: parallel_id=281474976710937 thread_num=26 team_size=32
[OMPT] implicit_task_begin: parallel_id=281474976710937 thread_num=1 team_size=32
[OMPT] implicit_task_begin: parallel_id=281474976710937 thread_num=30 team_size=32
[OMPT] implicit_task_begin: parallel_id=281474976710937 thread_num=6 team_size=32
[OMPT] implicit_task_begin: parallel_id=281474976710937 thread_num=5 team_size=32
[OMPT] implicit_task_begin: parallel_id=281474976710937 thread_num=20 team_size=32
[OMPT] implicit_task_begin: parallel_id=281474976710937 thread_num=19 team_size=32
[OMPT] implicit_task_begin: parallel_id=281474976710937 thread_num=14 team_size=32
[OMPT] implicit_task_begin: parallel_id=281474976710937 thread_num=18 team_size=32
[OMPT] implicit_task_begin: parallel_id=281474976710937 thread_num=24 team_size=32
[OMPT] implicit_task_begin: parallel_id=281474976710937 thread_num=23 team_size=32
[OMPT] implicit_task_begin: parallel_id=281474976710937 thread_num=27 team_size=32
[OMPT] implicit_task_begin: parallel_id=281474976710937 thread_num=13 team_size=32
[OMPT] implicit_task_begin: parallel_id=281474976710937 thread_num=16 team_size=32
[OMPT] implicit_task_begin: parallel_id=281474976710937 thread_num=4 team_size=32
[OMPT] implicit_task_begin: parallel_id=281474976710937 thread_num=22 team_size=32
[OMPT] implicit_task_begin: parallel_id=281474976710937 thread_num=9 team_size=32
[OMPT] implicit_task_begin: parallel_id=281474976710937 thread_num=29 team_size=32
[OMPT] implicit_task_begin: parallel_id=281474976710937 thread_num=17 team_size=32
[OMPT] implicit_task_begin: parallel_id=281474976710937 thread_num=10 team_size=32
[OMPT] implicit_task_begin: parallel_id=281474976710937 thread_num=15 team_size=32
[OMPT] implicit_task_begin: parallel_id=281474976710937 thread_num=12 team_size=32
[OMPT] implicit_task_begin: parallel_id=281474976710937 thread_num=0 team_size=32
[OMPT] implicit_task_begin: parallel_id=281474976710937 thread_num=28 team_size=32
[OMPT] implicit_task_begin: parallel_id=281474976710937 thread_num=31 team_size=32
[OMPT] implicit_task_begin: parallel_id=281474976710937 thread_num=11 team_size=32
[OMPT] implicit_task_begin: parallel_id=281474976710937 thread_num=8 team_size=32
[OMPT] implicit_task_begin: parallel_id=281474976710937 thread_num=2 team_size=32
[OMPT] implicit_task_begin: parallel_id=281474976710937 thread_num=25 team_size=32
[OMPT] implicit_task_begin: parallel_id=281474976710937 thread_num=3 team_size=32
[OMPT] implicit_task_begin: parallel_id=281474976710937 thread_num=7 team_size=32
[OMPT] implicit_task_end: parallel_id=0 thread_num=0
[OMPT] parallel_end: parallel_id=281474976710937
[OMPT] parallel_begin: parallel_id=281474976710939 team_size=32
[OMPT] implicit_task_end: parallel_id=0 thread_num=16
[OMPT] implicit_task_end: parallel_id=0 thread_num=8
[OMPT] implicit_task_end: parallel_id=0 thread_num=28
[OMPT] implicit_task_end: parallel_id=0 thread_num=11
[OMPT] implicit_task_end: parallel_id=0 thread_num=9
[OMPT] implicit_task_end: parallel_id=0 thread_num=31
[OMPT] implicit_task_end: parallel_id=0 thread_num=29
[OMPT] implicit_task_begin: parallel_id=281474976710939 thread_num=11 team_size=32
[OMPT] implicit_task_end: parallel_id=0 thread_num=3
[OMPT] implicit_task_begin: parallel_id=281474976710939 thread_num=31 team_size=32
[OMPT] implicit_task_end: parallel_id=0 thread_num=17
[OMPT] implicit_task_begin: parallel_id=281474976710939 thread_num=3 team_size=32
[OMPT] implicit_task_begin: parallel_id=281474976710939 thread_num=9 team_size=32
[OMPT] implicit_task_end: parallel_id=0 thread_num=24
[OMPT] implicit_task_end: parallel_id=0 thread_num=25
[OMPT] implicit_task_begin: parallel_id=281474976710939 thread_num=16 team_size=32
[OMPT] implicit_task_end: parallel_id=0 thread_num=12
[OMPT] implicit_task_end: parallel_id=0 thread_num=15
[OMPT] implicit_task_end: parallel_id=0 thread_num=13
[OMPT] implicit_task_begin: parallel_id=281474976710939 thread_num=8 team_size=32
[OMPT] implicit_task_begin: parallel_id=281474976710939 thread_num=13 team_size=32
[OMPT] implicit_task_begin: parallel_id=281474976710939 thread_num=28 team_size=32
[OMPT] implicit_task_end: parallel_id=0 thread_num=1
[OMPT] implicit_task_end: parallel_id=0 thread_num=20
[OMPT] implicit_task_end: parallel_id=0 thread_num=23
[OMPT] implicit_task_end: parallel_id=0 thread_num=22
[OMPT] implicit_task_begin: parallel_id=281474976710939 thread_num=29 team_size=32
[OMPT] implicit_task_end: parallel_id=0 thread_num=18
[OMPT] implicit_task_begin: parallel_id=281474976710939 thread_num=23 team_size=32
[OMPT] implicit_task_begin: parallel_id=281474976710939 thread_num=22 team_size=32
[OMPT] implicit_task_begin: parallel_id=281474976710939 thread_num=18 team_size=32
[OMPT] implicit_task_end: parallel_id=0 thread_num=10
[OMPT] implicit_task_end: parallel_id=0 thread_num=27
[OMPT] implicit_task_begin: parallel_id=281474976710939 thread_num=27 team_size=32
[OMPT] implicit_task_begin: parallel_id=281474976710939 thread_num=24 team_size=32
[OMPT] implicit_task_end: parallel_id=0 thread_num=26
[OMPT] implicit_task_end: parallel_id=0 thread_num=30
[OMPT] implicit_task_end: parallel_id=0 thread_num=14
[OMPT] implicit_task_begin: parallel_id=281474976710939 thread_num=25 team_size=32
[OMPT] implicit_task_begin: parallel_id=281474976710939 thread_num=12 team_size=32
[OMPT] implicit_task_begin: parallel_id=281474976710939 thread_num=15 team_size=32
[OMPT] implicit_task_end: parallel_id=0 thread_num=2
[OMPT] implicit_task_begin: parallel_id=281474976710939 thread_num=0 team_size=32
[OMPT] implicit_task_begin: parallel_id=281474976710939 thread_num=1 team_size=32
[OMPT] implicit_task_end: parallel_id=0 thread_num=21
[OMPT] implicit_task_end: parallel_id=0 thread_num=19
[OMPT] implicit_task_begin: parallel_id=281474976710939 thread_num=21 team_size=32
[OMPT] implicit_task_begin: parallel_id=281474976710939 thread_num=20 team_size=32
[OMPT] implicit_task_begin: parallel_id=281474976710939 thread_num=17 team_size=32
[OMPT] implicit_task_end: parallel_id=0 thread_num=4
[OMPT] implicit_task_begin: parallel_id=281474976710939 thread_num=10 team_size=32
[OMPT] implicit_task_end: parallel_id=0 thread_num=7
[OMPT] implicit_task_begin: parallel_id=281474976710939 thread_num=26 team_size=32
[OMPT] implicit_task_begin: parallel_id=281474976710939 thread_num=4 team_size=32
[OMPT] implicit_task_begin: parallel_id=281474976710939 thread_num=7 team_size=32
[OMPT] implicit_task_begin: parallel_id=281474976710939 thread_num=14 team_size=32
[OMPT] implicit_task_begin: parallel_id=281474976710939 thread_num=19 team_size=32
[OMPT] implicit_task_end: parallel_id=0 thread_num=5
[OMPT] implicit_task_begin: parallel_id=281474976710939 thread_num=30 team_size=32
[OMPT] implicit_task_begin: parallel_id=281474976710939 thread_num=2 team_size=32
[OMPT] implicit_task_begin: parallel_id=281474976710939 thread_num=5 team_size=32
[OMPT] implicit_task_end: parallel_id=0 thread_num=6
[OMPT] implicit_task_begin: parallel_id=281474976710939 thread_num=6 team_size=32
[OMPT] implicit_task_end: parallel_id=0 thread_num=0
[OMPT] parallel_end: parallel_id=281474976710939
[OMPT] parallel_begin: parallel_id=281474976710941 team_size=32
[OMPT] implicit_task_end: parallel_id=0 thread_num=12
[OMPT] implicit_task_begin: parallel_id=281474976710941 thread_num=0 team_size=32
[OMPT] implicit_task_end: parallel_id=0 thread_num=15
[OMPT] implicit_task_end: parallel_id=0 thread_num=14
[OMPT] implicit_task_begin: parallel_id=281474976710941 thread_num=15 team_size=32
[OMPT] implicit_task_end: parallel_id=0 thread_num=8
[OMPT] implicit_task_end: parallel_id=0 thread_num=2
[OMPT] implicit_task_end: parallel_id=0 thread_num=9
[OMPT] implicit_task_begin: parallel_id=281474976710941 thread_num=8 team_size=32
[OMPT] implicit_task_end: parallel_id=0 thread_num=3
[OMPT] implicit_task_end: parallel_id=0 thread_num=13
[OMPT] implicit_task_begin: parallel_id=281474976710941 thread_num=3 team_size=32
[OMPT] implicit_task_end: parallel_id=0 thread_num=4
[OMPT] implicit_task_end: parallel_id=0 thread_num=5
[OMPT] implicit_task_end: parallel_id=0 thread_num=11
[OMPT] implicit_task_end: parallel_id=0 thread_num=10
[OMPT] implicit_task_begin: parallel_id=281474976710941 thread_num=11 team_size=32
[OMPT] implicit_task_end: parallel_id=0 thread_num=1
[OMPT] implicit_task_begin: parallel_id=281474976710941 thread_num=1 team_size=32
[OMPT] implicit_task_begin: parallel_id=281474976710941 thread_num=9 team_size=32
[OMPT] implicit_task_end: parallel_id=0 thread_num=16
[OMPT] implicit_task_end: parallel_id=0 thread_num=17
[OMPT] implicit_task_begin: parallel_id=281474976710941 thread_num=16 team_size=32
[OMPT] implicit_task_begin: parallel_id=281474976710941 thread_num=13 team_size=32
[OMPT] implicit_task_begin: parallel_id=281474976710941 thread_num=17 team_size=32
[OMPT] implicit_task_end: parallel_id=0 thread_num=7
[OMPT] implicit_task_end: parallel_id=0 thread_num=6
[OMPT] implicit_task_begin: parallel_id=281474976710941 thread_num=7 team_size=32
[OMPT] implicit_task_begin: parallel_id=281474976710941 thread_num=14 team_size=32
[OMPT] implicit_task_begin: parallel_id=281474976710941 thread_num=6 team_size=32
[OMPT] implicit_task_begin: parallel_id=281474976710941 thread_num=5 team_size=32
[OMPT] implicit_task_begin: parallel_id=281474976710941 thread_num=10 team_size=32
[OMPT] implicit_task_begin: parallel_id=281474976710941 thread_num=2 team_size=32
[OMPT] implicit_task_end: parallel_id=0 thread_num=18
[OMPT] implicit_task_begin: parallel_id=281474976710941 thread_num=18 team_size=32
[OMPT] implicit_task_end: parallel_id=0 thread_num=28
[OMPT] implicit_task_end: parallel_id=0 thread_num=31
[OMPT] implicit_task_begin: parallel_id=281474976710941 thread_num=28 team_size=32
[OMPT] implicit_task_end: parallel_id=0 thread_num=19
[OMPT] implicit_task_end: parallel_id=0 thread_num=24
[OMPT] implicit_task_end: parallel_id=0 thread_num=27
[OMPT] implicit_task_begin: parallel_id=281474976710941 thread_num=4 team_size=32
[OMPT] implicit_task_begin: parallel_id=281474976710941 thread_num=19 team_size=32
[OMPT] implicit_task_end: parallel_id=0 thread_num=29
[OMPT] implicit_task_begin: parallel_id=281474976710941 thread_num=31 team_size=32
[OMPT] implicit_task_end: parallel_id=0 thread_num=20
[OMPT] implicit_task_begin: parallel_id=281474976710941 thread_num=24 team_size=32
[OMPT] implicit_task_end: parallel_id=0 thread_num=23
[OMPT] implicit_task_begin: parallel_id=281474976710941 thread_num=29 team_size=32
[OMPT] implicit_task_end: parallel_id=0 thread_num=25
[OMPT] implicit_task_end: parallel_id=0 thread_num=30
[OMPT] implicit_task_begin: parallel_id=281474976710941 thread_num=23 team_size=32
[OMPT] implicit_task_begin: parallel_id=281474976710941 thread_num=27 team_size=32
[OMPT] implicit_task_begin: parallel_id=281474976710941 thread_num=30 team_size=32
[OMPT] implicit_task_begin: parallel_id=281474976710941 thread_num=25 team_size=32
[OMPT] implicit_task_begin: parallel_id=281474976710941 thread_num=20 team_size=32
[OMPT] implicit_task_end: parallel_id=0 thread_num=26
[OMPT] implicit_task_begin: parallel_id=281474976710941 thread_num=12 team_size=32
[OMPT] implicit_task_begin: parallel_id=281474976710941 thread_num=26 team_size=32
[OMPT] implicit_task_end: parallel_id=0 thread_num=21
[OMPT] implicit_task_begin: parallel_id=281474976710941 thread_num=21 team_size=32
[OMPT] implicit_task_end: parallel_id=0 thread_num=22
[OMPT] implicit_task_begin: parallel_id=281474976710941 thread_num=22 team_size=32
[OMPT] implicit_task_end: parallel_id=0 thread_num=0
[OMPT] parallel_end: parallel_id=281474976710941
[OMPT] parallel_begin: parallel_id=281474976710943 team_size=32
[OMPT] implicit_task_end: parallel_id=0 thread_num=16
[OMPT] implicit_task_end: parallel_id=0 thread_num=2
[OMPT] implicit_task_end: parallel_id=0 thread_num=17
[OMPT] implicit_task_end: parallel_id=0 thread_num=19
[OMPT] implicit_task_begin: parallel_id=281474976710943 thread_num=2 team_size=32
[OMPT] implicit_task_end: parallel_id=0 thread_num=8
[OMPT] implicit_task_end: parallel_id=0 thread_num=11
[OMPT] implicit_task_end: parallel_id=0 thread_num=3
[OMPT] implicit_task_end: parallel_id=0 thread_num=28
[OMPT] implicit_task_end: parallel_id=0 thread_num=30
[OMPT] implicit_task_begin: parallel_id=281474976710943 thread_num=11 team_size=32
[OMPT] implicit_task_begin: parallel_id=281474976710943 thread_num=8 team_size=32
[OMPT] implicit_task_end: parallel_id=0 thread_num=4
[OMPT] implicit_task_begin: parallel_id=281474976710943 thread_num=3 team_size=32
[OMPT] implicit_task_end: parallel_id=0 thread_num=7
[OMPT] implicit_task_begin: parallel_id=281474976710943 thread_num=30 team_size=32
[OMPT] implicit_task_begin: parallel_id=281474976710943 thread_num=4 team_size=32
[OMPT] implicit_task_begin: parallel_id=281474976710943 thread_num=7 team_size=32
[OMPT] implicit_task_begin: parallel_id=281474976710943 thread_num=16 team_size=32
[OMPT] implicit_task_begin: parallel_id=281474976710943 thread_num=17 team_size=32
[OMPT] implicit_task_end: parallel_id=0 thread_num=10
[OMPT] implicit_task_end: parallel_id=0 thread_num=9
[OMPT] implicit_task_begin: parallel_id=281474976710943 thread_num=0 team_size=32
[OMPT] implicit_task_begin: parallel_id=281474976710943 thread_num=10 team_size=32
[OMPT] implicit_task_begin: parallel_id=281474976710943 thread_num=9 team_size=32
[OMPT] implicit_task_begin: parallel_id=281474976710943 thread_num=19 team_size=32
[OMPT] implicit_task_end: parallel_id=0 thread_num=29
[OMPT] implicit_task_end: parallel_id=0 thread_num=24
[OMPT] implicit_task_end: parallel_id=0 thread_num=26
[OMPT] implicit_task_end: parallel_id=0 thread_num=20
[OMPT] implicit_task_end: parallel_id=0 thread_num=23
[OMPT] implicit_task_end: parallel_id=0 thread_num=6
[OMPT] implicit_task_begin: parallel_id=281474976710943 thread_num=24 team_size=32
[OMPT] implicit_task_begin: parallel_id=281474976710943 thread_num=23 team_size=32
[OMPT] implicit_task_end: parallel_id=0 thread_num=31
[OMPT] implicit_task_end: parallel_id=0 thread_num=18
[OMPT] implicit_task_begin: parallel_id=281474976710943 thread_num=6 team_size=32
[OMPT] implicit_task_begin: parallel_id=281474976710943 thread_num=29 team_size=32
[OMPT] implicit_task_begin: parallel_id=281474976710943 thread_num=26 team_size=32
[OMPT] implicit_task_begin: parallel_id=281474976710943 thread_num=28 team_size=32
[OMPT] implicit_task_end: parallel_id=0 thread_num=25
[OMPT] implicit_task_begin: parallel_id=281474976710943 thread_num=20 team_size=32
[OMPT] implicit_task_end: parallel_id=0 thread_num=27
[OMPT] implicit_task_begin: parallel_id=281474976710943 thread_num=31 team_size=32
[OMPT] implicit_task_begin: parallel_id=281474976710943 thread_num=25 team_size=32
[OMPT] implicit_task_begin: parallel_id=281474976710943 thread_num=27 team_size=32
[OMPT] implicit_task_end: parallel_id=0 thread_num=5
[OMPT] implicit_task_end: parallel_id=0 thread_num=12
[OMPT] implicit_task_end: parallel_id=0 thread_num=15
[OMPT] implicit_task_end: parallel_id=0 thread_num=1
[OMPT] implicit_task_begin: parallel_id=281474976710943 thread_num=15 team_size=32
[OMPT] implicit_task_end: parallel_id=0 thread_num=22
[OMPT] implicit_task_begin: parallel_id=281474976710943 thread_num=18 team_size=32
[OMPT] implicit_task_begin: parallel_id=281474976710943 thread_num=22 team_size=32
[OMPT] implicit_task_begin: parallel_id=281474976710943 thread_num=5 team_size=32
[OMPT] implicit_task_end: parallel_id=0 thread_num=13
[OMPT] implicit_task_end: parallel_id=0 thread_num=14
[OMPT] implicit_task_begin: parallel_id=281474976710943 thread_num=14 team_size=32
[OMPT] implicit_task_begin: parallel_id=281474976710943 thread_num=1 team_size=32
[OMPT] implicit_task_end: parallel_id=0 thread_num=21
[OMPT] implicit_task_begin: parallel_id=281474976710943 thread_num=21 team_size=32
[OMPT] implicit_task_begin: parallel_id=281474976710943 thread_num=13 team_size=32
[OMPT] implicit_task_begin: parallel_id=281474976710943 thread_num=12 team_size=32
[OMPT] implicit_task_end: parallel_id=0 thread_num=0
[OMPT] parallel_end: parallel_id=281474976710943
[OMPT] parallel_begin: parallel_id=281474976710945 team_size=32
[OMPT] implicit_task_end: parallel_id=0 thread_num=16
[OMPT] implicit_task_end: parallel_id=0 thread_num=2
[OMPT] implicit_task_end: parallel_id=0 thread_num=24
[OMPT] implicit_task_end: parallel_id=0 thread_num=8
[OMPT] implicit_task_end: parallel_id=0 thread_num=26
[OMPT] implicit_task_begin: parallel_id=281474976710945 thread_num=2 team_size=32
[OMPT] implicit_task_end: parallel_id=0 thread_num=12
[OMPT] implicit_task_end: parallel_id=0 thread_num=15
[OMPT] implicit_task_begin: parallel_id=281474976710945 thread_num=0 team_size=32
[OMPT] implicit_task_end: parallel_id=0 thread_num=17
[OMPT] implicit_task_begin: parallel_id=281474976710945 thread_num=24 team_size=32
[OMPT] implicit_task_begin: parallel_id=281474976710945 thread_num=26 team_size=32
[OMPT] implicit_task_end: parallel_id=0 thread_num=18
[OMPT] implicit_task_begin: parallel_id=281474976710945 thread_num=8 team_size=32
[OMPT] implicit_task_end: parallel_id=0 thread_num=4
[OMPT] implicit_task_end: parallel_id=0 thread_num=7
[OMPT] implicit_task_begin: parallel_id=281474976710945 thread_num=4 team_size=32
[OMPT] implicit_task_end: parallel_id=0 thread_num=25
[OMPT] implicit_task_begin: parallel_id=281474976710945 thread_num=12 team_size=32
[OMPT] implicit_task_begin: parallel_id=281474976710945 thread_num=15 team_size=32
[OMPT] implicit_task_end: parallel_id=0 thread_num=11
[OMPT] implicit_task_begin: parallel_id=281474976710945 thread_num=25 team_size=32
[OMPT] implicit_task_end: parallel_id=0 thread_num=9
[OMPT] implicit_task_end: parallel_id=0 thread_num=10
[OMPT] implicit_task_end: parallel_id=0 thread_num=3
[OMPT] implicit_task_end: parallel_id=0 thread_num=13
[OMPT] implicit_task_begin: parallel_id=281474976710945 thread_num=3 team_size=32
[OMPT] implicit_task_end: parallel_id=0 thread_num=1
[OMPT] implicit_task_begin: parallel_id=281474976710945 thread_num=1 team_size=32
[OMPT] implicit_task_end: parallel_id=0 thread_num=19
[OMPT] implicit_task_begin: parallel_id=281474976710945 thread_num=18 team_size=32
[OMPT] implicit_task_end: parallel_id=0 thread_num=6
[OMPT] implicit_task_end: parallel_id=0 thread_num=5
[OMPT] implicit_task_begin: parallel_id=281474976710945 thread_num=16 team_size=32
[OMPT] implicit_task_begin: parallel_id=281474976710945 thread_num=6 team_size=32
[OMPT] implicit_task_begin: parallel_id=281474976710945 thread_num=5 team_size=32
[OMPT] implicit_task_begin: parallel_id=281474976710945 thread_num=17 team_size=32
[OMPT] implicit_task_end: parallel_id=0 thread_num=27
[OMPT] implicit_task_begin: parallel_id=281474976710945 thread_num=27 team_size=32
[OMPT] implicit_task_begin: parallel_id=281474976710945 thread_num=7 team_size=32
[OMPT] implicit_task_begin: parallel_id=281474976710945 thread_num=11 team_size=32
[OMPT] implicit_task_begin: parallel_id=281474976710945 thread_num=9 team_size=32
[OMPT] implicit_task_begin: parallel_id=281474976710945 thread_num=10 team_size=32
[OMPT] implicit_task_end: parallel_id=0 thread_num=14
[OMPT] implicit_task_begin: parallel_id=281474976710945 thread_num=14 team_size=32
[OMPT] implicit_task_begin: parallel_id=281474976710945 thread_num=13 team_size=32
[OMPT] implicit_task_end: parallel_id=0 thread_num=28
[OMPT] implicit_task_end: parallel_id=0 thread_num=31
[OMPT] implicit_task_end: parallel_id=0 thread_num=20
[OMPT] implicit_task_begin: parallel_id=281474976710945 thread_num=19 team_size=32
[OMPT] implicit_task_begin: parallel_id=281474976710945 thread_num=31 team_size=32
[OMPT] implicit_task_begin: parallel_id=281474976710945 thread_num=20 team_size=32
[OMPT] implicit_task_end: parallel_id=0 thread_num=23
[OMPT] implicit_task_end: parallel_id=0 thread_num=29
[OMPT] implicit_task_end: parallel_id=0 thread_num=21
[OMPT] implicit_task_end: parallel_id=0 thread_num=30
[OMPT] implicit_task_begin: parallel_id=281474976710945 thread_num=28 team_size=32
[OMPT] implicit_task_end: parallel_id=0 thread_num=22
[OMPT] implicit_task_begin: parallel_id=281474976710945 thread_num=23 team_size=32
[OMPT] implicit_task_begin: parallel_id=281474976710945 thread_num=29 team_size=32
[OMPT] implicit_task_begin: parallel_id=281474976710945 thread_num=21 team_size=32
[OMPT] implicit_task_begin: parallel_id=281474976710945 thread_num=22 team_size=32
[OMPT] implicit_task_begin: parallel_id=281474976710945 thread_num=30 team_size=32
[OMPT] implicit_task_end: parallel_id=0 thread_num=0
[OMPT] parallel_end: parallel_id=281474976710945
[OMPT] parallel_begin: parallel_id=281474976710947 team_size=32
[OMPT] implicit_task_end: parallel_id=0 thread_num=16
[OMPT] implicit_task_end: parallel_id=0 thread_num=2
[OMPT] implicit_task_end: parallel_id=0 thread_num=19
[OMPT] implicit_task_begin: parallel_id=281474976710947 thread_num=16 team_size=32
[OMPT] implicit_task_end: parallel_id=0 thread_num=12
[OMPT] implicit_task_end: parallel_id=0 thread_num=8
[OMPT] implicit_task_end: parallel_id=0 thread_num=13
[OMPT] implicit_task_end: parallel_id=0 thread_num=1
[OMPT] implicit_task_end: parallel_id=0 thread_num=3
[OMPT] implicit_task_begin: parallel_id=281474976710947 thread_num=12 team_size=32
[OMPT] implicit_task_end: parallel_id=0 thread_num=17
[OMPT] implicit_task_end: parallel_id=0 thread_num=24
[OMPT] implicit_task_end: parallel_id=0 thread_num=25
[OMPT] implicit_task_begin: parallel_id=281474976710947 thread_num=3 team_size=32
[OMPT] implicit_task_end: parallel_id=0 thread_num=18
[OMPT] implicit_task_begin: parallel_id=281474976710947 thread_num=2 team_size=32
[OMPT] implicit_task_begin: parallel_id=281474976710947 thread_num=24 team_size=32
[OMPT] implicit_task_end: parallel_id=0 thread_num=15
[OMPT] implicit_task_begin: parallel_id=281474976710947 thread_num=25 team_size=32
[OMPT] implicit_task_begin: parallel_id=281474976710947 thread_num=17 team_size=32
[OMPT] implicit_task_begin: parallel_id=281474976710947 thread_num=15 team_size=32
[OMPT] implicit_task_end: parallel_id=0 thread_num=14
[OMPT] implicit_task_end: parallel_id=0 thread_num=11
[OMPT] implicit_task_end: parallel_id=0 thread_num=10
[OMPT] implicit_task_begin: parallel_id=281474976710947 thread_num=11 team_size=32
[OMPT] implicit_task_begin: parallel_id=281474976710947 thread_num=19 team_size=32
[OMPT] implicit_task_begin: parallel_id=281474976710947 thread_num=0 team_size=32
[OMPT] implicit_task_end: parallel_id=0 thread_num=28
[OMPT] implicit_task_begin: parallel_id=281474976710947 thread_num=8 team_size=32
[OMPT] implicit_task_end: parallel_id=0 thread_num=29
[OMPT] implicit_task_begin: parallel_id=281474976710947 thread_num=28 team_size=32
[OMPT] implicit_task_begin: parallel_id=281474976710947 thread_num=29 team_size=32
[OMPT] implicit_task_end: parallel_id=0 thread_num=27
[OMPT] implicit_task_begin: parallel_id=281474976710947 thread_num=27 team_size=32
[OMPT] implicit_task_end: parallel_id=0 thread_num=26
[OMPT] implicit_task_end: parallel_id=0 thread_num=4
[OMPT] implicit_task_end: parallel_id=0 thread_num=7
[OMPT] implicit_task_begin: parallel_id=281474976710947 thread_num=18 team_size=32
[OMPT] implicit_task_begin: parallel_id=281474976710947 thread_num=4 team_size=32
[OMPT] implicit_task_begin: parallel_id=281474976710947 thread_num=7 team_size=32
[OMPT] implicit_task_end: parallel_id=0 thread_num=9
[OMPT] implicit_task_begin: parallel_id=281474976710947 thread_num=9 team_size=32
[OMPT] implicit_task_begin: parallel_id=281474976710947 thread_num=1 team_size=32
[OMPT] implicit_task_end: parallel_id=0 thread_num=31
[OMPT] implicit_task_begin: parallel_id=281474976710947 thread_num=31 team_size=32
[OMPT] implicit_task_end: parallel_id=0 thread_num=20
[OMPT] implicit_task_end: parallel_id=0 thread_num=23
[OMPT] implicit_task_begin: parallel_id=281474976710947 thread_num=13 team_size=32
[OMPT] implicit_task_begin: parallel_id=281474976710947 thread_num=26 team_size=32
[OMPT] implicit_task_begin: parallel_id=281474976710947 thread_num=20 team_size=32
[OMPT] implicit_task_end: parallel_id=0 thread_num=5
[OMPT] implicit_task_begin: parallel_id=281474976710947 thread_num=23 team_size=32
[OMPT] implicit_task_begin: parallel_id=281474976710947 thread_num=14 team_size=32
[OMPT] implicit_task_begin: parallel_id=281474976710947 thread_num=10 team_size=32
[OMPT] implicit_task_end: parallel_id=0 thread_num=30
[OMPT] implicit_task_begin: parallel_id=281474976710947 thread_num=30 team_size=32
[OMPT] implicit_task_end: parallel_id=0 thread_num=22
[OMPT] implicit_task_begin: parallel_id=281474976710947 thread_num=22 team_size=32
[OMPT] implicit_task_end: parallel_id=0 thread_num=21
[OMPT] implicit_task_begin: parallel_id=281474976710947 thread_num=21 team_size=32
[OMPT] implicit_task_end: parallel_id=0 thread_num=6
[OMPT] implicit_task_begin: parallel_id=281474976710947 thread_num=5 team_size=32
[OMPT] implicit_task_begin: parallel_id=281474976710947 thread_num=6 team_size=32
[OMPT][WIN100ms] ompt_id=281474976710657 tid=1054906 tipo=ompt_thread_initial    cpu= 22 numa=0  d_rm= 2355242  d_instr= 379684285  d_cyc= 543984761  d_all=19952030  IPC=0.698  ratio_rm=0.1180
[OMPT][WIN100ms] ompt_id=562949953421313 tid=1054928 tipo=ompt_thread_worker     cpu=159 numa=0  d_rm= 2285746  d_instr= 383442100  d_cyc= 540772465  d_all=19673132  IPC=0.709  ratio_rm=0.1162
[OMPT][WIN100ms] ompt_id=844424930131969 tid=1054929 tipo=ompt_thread_worker     cpu= 49 numa=0  d_rm= 2296250  d_instr= 384614697  d_cyc= 543501168  d_all=19952418  IPC=0.708  ratio_rm=0.1151
[OMPT][WIN100ms] ompt_id=1125899906842625 tid=1054930 tipo=ompt_thread_worker     cpu=  8 numa=0  d_rm= 2285905  d_instr= 388778390  d_cyc= 544677055  d_all=20261268  IPC=0.714  ratio_rm=0.1128
[OMPT][WIN100ms] ompt_id=1407374883553281 tid=1054931 tipo=ompt_thread_worker     cpu=121 numa=1  d_rm= 2440874  d_instr= 381912544  d_cyc= 542968903  d_all=20348928  IPC=0.703  ratio_rm=0.1200
[OMPT][WIN100ms] ompt_id=1688849860263937 tid=1054932 tipo=ompt_thread_worker     cpu=208 numa=1  d_rm= 2391367  d_instr= 389796475  d_cyc= 542288752  d_all=19945426  IPC=0.719  ratio_rm=0.1199
[OMPT][WIN100ms] ompt_id=1970324836974593 tid=1054933 tipo=ompt_thread_worker     cpu= 87 numa=1  d_rm= 2385084  d_instr= 390775085  d_cyc= 542062242  d_all=19982501  IPC=0.721  ratio_rm=0.1194
[OMPT][WIN100ms] ompt_id=2251799813685249 tid=1054935 tipo=ompt_thread_worker     cpu= 97 numa=1  d_rm= 2351701  d_instr= 393250631  d_cyc= 542775401  d_all=20130350  IPC=0.725  ratio_rm=0.1168
[OMPT][WIN100ms] ompt_id=2533274790395905 tid=1054934 tipo=ompt_thread_worker     cpu=139 numa=0  d_rm= 2364622  d_instr= 391621760  d_cyc= 544225303  d_all=20438689  IPC=0.720  ratio_rm=0.1157
[OMPT][WIN100ms] ompt_id=2814749767106561 tid=1054937 tipo=ompt_thread_worker     cpu=113 numa=1  d_rm= 2293933  d_instr= 375915798  d_cyc= 541596264  d_all=19707271  IPC=0.694  ratio_rm=0.1164
[OMPT] implicit_task_end: parallel_id=0 thread_num=0
[OMPT] parallel_end: parallel_id=281474976710947
[OMPT] parallel_begin: parallel_id=281474976710949 team_size=32
[OMPT] implicit_task_end: parallel_id=0 thread_num=4
[OMPT] implicit_task_end: parallel_id=0 thread_num=2
[OMPT] implicit_task_end: parallel_id=0 thread_num=5
[OMPT] implicit_task_end: parallel_id=0 thread_num=12
[OMPT] implicit_task_end: parallel_id=0 thread_num=15
[OMPT] implicit_task_end: parallel_id=0 thread_num=13
[OMPT] implicit_task_end: parallel_id=0 thread_num=3
[OMPT] implicit_task_end: parallel_id=0 thread_num=7
[OMPT] implicit_task_end: parallel_id=0 thread_num=6
[OMPT] implicit_task_end: parallel_id=0 thread_num=8
[OMPT] implicit_task_end: parallel_id=0 thread_num=11
[OMPT] implicit_task_end: parallel_id=0 thread_num=14
[OMPT] implicit_task_end: parallel_id=0 thread_num=16
[OMPT] implicit_task_end: parallel_id=0 thread_num=18
[OMPT] implicit_task_end: parallel_id=0 thread_num=20
[OMPT] implicit_task_end: parallel_id=0 thread_num=9
[OMPT] implicit_task_end: parallel_id=0 thread_num=1
[OMPT] implicit_task_end: parallel_id=0 thread_num=28
[OMPT] implicit_task_end: parallel_id=0 thread_num=24
[OMPT] implicit_task_end: parallel_id=0 thread_num=17
[OMPT] implicit_task_end: parallel_id=0 thread_num=19
[OMPT] implicit_task_end: parallel_id=0 thread_num=10
[OMPT] implicit_task_end: parallel_id=0 thread_num=23
[OMPT] implicit_task_end: parallel_id=0 thread_num=22
[OMPT] implicit_task_end: parallel_id=0 thread_num=21
[OMPT] implicit_task_end: parallel_id=0 thread_num=30
[OMPT] implicit_task_end: parallel_id=0 thread_num=31
[OMPT] implicit_task_end: parallel_id=0 thread_num=29
[OMPT] implicit_task_end: parallel_id=0 thread_num=25
[OMPT] implicit_task_end: parallel_id=0 thread_num=27
[OMPT] implicit_task_end: parallel_id=0 thread_num=26
[OMPT][WIN100ms] ompt_id=3096224743817217 tid=1054936 tipo=ompt_thread_worker     cpu=  2 numa=0  d_rm= 2310714  d_instr= 378283495  d_cyc= 543451539  d_all=19877795  IPC=0.696  ratio_rm=0.1162
[OMPT][WIN100ms] ompt_id=3377699720527873 tid=1054938 tipo=ompt_thread_worker     cpu=231 numa=1  d_rm= 2378957  d_instr= 387767803  d_cyc= 543464781  d_all=19915340  IPC=0.714  ratio_rm=0.1195
[OMPT][WIN100ms] ompt_id=3940649673949185 tid=1054940 tipo=ompt_thread_worker     cpu= 45 numa=0  d_rm= 2273239  d_instr= 375035282  d_cyc= 542460709  d_all=19423447  IPC=0.691  ratio_rm=0.1170
[OMPT][WIN100ms] ompt_id=3659174697238529 tid=1054939 tipo=ompt_thread_worker     cpu= 56 numa=0  d_rm= 2291865  d_instr= 383280851  d_cyc= 541918228  d_all=19645631  IPC=0.707  ratio_rm=0.1167
[OMPT][WIN100ms] ompt_id=4222124650659841 tid=1054942 tipo=ompt_thread_worker     cpu=191 numa=0  d_rm= 2316913  d_instr= 387230163  d_cyc= 546146291  d_all=19931930  IPC=0.709  ratio_rm=0.1162
[OMPT][WIN100ms] ompt_id=4503599627370497 tid=1054941 tipo=ompt_thread_worker     cpu= 64 numa=1  d_rm= 2268003  d_instr= 382039524  d_cyc= 542424715  d_all=19609915  IPC=0.704  ratio_rm=0.1157
[OMPT][WIN100ms] ompt_id=4785074604081153 tid=1054944 tipo=ompt_thread_worker     cpu= 21 numa=0  d_rm= 2379012  d_instr= 378738736  d_cyc= 545245752  d_all=20056639  IPC=0.695  ratio_rm=0.1186
[OMPT][WIN100ms] ompt_id=5066549580791809 tid=1054943 tipo=ompt_thread_worker     cpu=120 numa=1  d_rm= 2308136  d_instr= 378640701  d_cyc= 545403204  d_all=20048821  IPC=0.694  ratio_rm=0.1151
[OMPT][WIN100ms] ompt_id=5348024557502465 tid=1054945 tipo=ompt_thread_worker     cpu= 70 numa=1  d_rm= 2276535  d_instr= 382874568  d_cyc= 543339506  d_all=19600033  IPC=0.705  ratio_rm=0.1161
[OMPT][WIN100ms] ompt_id=5629499534213121 tid=1054946 tipo=ompt_thread_worker     cpu= 89 numa=1  d_rm= 2337080  d_instr= 383695825  d_cyc= 542568985  d_all=19692582  IPC=0.707  ratio_rm=0.1187
[OMPT][WIN100ms] ompt_id=5910974510923777 tid=1054947 tipo=ompt_thread_worker     cpu= 88 numa=1  d_rm= 2348666  d_instr= 387156530  d_cyc= 540506412  d_all=19762998  IPC=0.716  ratio_rm=0.1188
[OMPT][WIN100ms] ompt_id=6192449487634433 tid=1054948 tipo=ompt_thread_worker     cpu= 37 numa=0  d_rm= 2282809  d_instr= 383087259  d_cyc= 543750092  d_all=19621799  IPC=0.705  ratio_rm=0.1163
[OMPT][WIN100ms] ompt_id=6473924464345089 tid=1054949 tipo=ompt_thread_worker     cpu=128 numa=0  d_rm= 2264402  d_instr= 376212096  d_cyc= 544386444  d_all=19784334  IPC=0.691  ratio_rm=0.1145
[OMPT][WIN100ms] ompt_id=6755399441055745 tid=1054950 tipo=ompt_thread_worker     cpu=237 numa=1  d_rm= 2385132  d_instr= 387262709  d_cyc= 544005549  d_all=19668515  IPC=0.712  ratio_rm=0.1213
[OMPT][WIN100ms] ompt_id=7036874417766401 tid=1054951 tipo=ompt_thread_worker     cpu=104 numa=1  d_rm= 2413866  d_instr= 394240993  d_cyc= 540669309  d_all=19716799  IPC=0.729  ratio_rm=0.1224
[OMPT][WIN100ms] ompt_id=7318349394477057 tid=1054952 tipo=ompt_thread_worker     cpu= 48 numa=0  d_rm= 2247116  d_instr= 383325033  d_cyc= 542815781  d_all=19625203  IPC=0.706  ratio_rm=0.1145
[OMPT][WIN100ms] ompt_id=7599824371187713 tid=1054953 tipo=ompt_thread_worker     cpu= 36 numa=0  d_rm= 2270678  d_instr= 371196793  d_cyc= 516200688  d_all=19818714  IPC=0.719  ratio_rm=0.1146
[OMPT][WIN100ms] ompt_id=7881299347898369 tid=1054954 tipo=ompt_thread_worker     cpu= 46 numa=0  d_rm= 2277804  d_instr= 380601221  d_cyc= 541894437  d_all=20041399  IPC=0.702  ratio_rm=0.1137
[OMPT][WIN100ms] ompt_id=8162774324609025 tid=1054955 tipo=ompt_thread_worker     cpu= 72 numa=1  d_rm= 2339040  d_instr= 386728650  d_cyc= 539569039  d_all=19847980  IPC=0.717  ratio_rm=0.1178
[OMPT][WIN100ms] ompt_id=8444249301319681 tid=1054956 tipo=ompt_thread_worker     cpu=112 numa=1  d_rm= 2312541  d_instr= 376515304  d_cyc= 542668301  d_all=19800335  IPC=0.694  ratio_rm=0.1168
[OMPT][WIN100ms] ompt_id=8725724278030337 tid=1054957 tipo=ompt_thread_worker     cpu= 25 numa=0  d_rm= 2292846  d_instr= 387466483  d_cyc= 540085489  d_all=19691697  IPC=0.717  ratio_rm=0.1164
[OMPT][WIN100ms] ompt_id=9007199254740993 tid=1054958 tipo=ompt_thread_worker     cpu= 73 numa=1  d_rm= 2314086  d_instr= 390269346  d_cyc= 541539834  d_all=19879952  IPC=0.721  ratio_rm=0.1164
[OMPT] implicit_task_begin: parallel_id=281474976710949 thread_num=21 team_size=32
[OMPT] implicit_task_begin: parallel_id=281474976710949 thread_num=26 team_size=32
[OMPT] implicit_task_begin: parallel_id=281474976710949 thread_num=25 team_size=32
[OMPT] implicit_task_begin: parallel_id=281474976710949 thread_num=2 team_size=32
[OMPT] implicit_task_begin: parallel_id=281474976710949 thread_num=10 team_size=32
[OMPT] implicit_task_begin: parallel_id=281474976710949 thread_num=29 team_size=32
[OMPT] implicit_task_begin: parallel_id=281474976710949 thread_num=27 team_size=32
[OMPT] implicit_task_begin: parallel_id=281474976710949 thread_num=13 team_size=32
[OMPT] implicit_task_begin: parallel_id=281474976710949 thread_num=16 team_size=32
[OMPT] implicit_task_begin: parallel_id=281474976710949 thread_num=4 team_size=32
[OMPT] implicit_task_begin: parallel_id=281474976710949 thread_num=19 team_size=32
[OMPT] implicit_task_begin: parallel_id=281474976710949 thread_num=20 team_size=32
[OMPT] implicit_task_begin: parallel_id=281474976710949 thread_num=24 team_size=32
[OMPT] implicit_task_begin: parallel_id=281474976710949 thread_num=23 team_size=32
[OMPT] implicit_task_begin: parallel_id=281474976710949 thread_num=28 team_size=32
[OMPT] implicit_task_begin: parallel_id=281474976710949 thread_num=31 team_size=32
[OMPT] implicit_task_begin: parallel_id=281474976710949 thread_num=18 team_size=32
[OMPT] implicit_task_begin: parallel_id=281474976710949 thread_num=7 team_size=32
[OMPT] implicit_task_begin: parallel_id=281474976710949 thread_num=9 team_size=32
[OMPT] implicit_task_begin: parallel_id=281474976710949 thread_num=3 team_size=32
[OMPT] implicit_task_begin: parallel_id=281474976710949 thread_num=17 team_size=32
[OMPT] implicit_task_begin: parallel_id=281474976710949 thread_num=15 team_size=32
[OMPT] implicit_task_begin: parallel_id=281474976710949 thread_num=12 team_size=32
[OMPT] implicit_task_begin: parallel_id=281474976710949 thread_num=0 team_size=32
[OMPT] implicit_task_begin: parallel_id=281474976710949 thread_num=22 team_size=32
[OMPT] implicit_task_begin: parallel_id=281474976710949 thread_num=6 team_size=32
[OMPT] implicit_task_begin: parallel_id=281474976710949 thread_num=5 team_size=32
[OMPT] implicit_task_begin: parallel_id=281474976710949 thread_num=1 team_size=32
[OMPT] implicit_task_begin: parallel_id=281474976710949 thread_num=14 team_size=32
[OMPT] implicit_task_begin: parallel_id=281474976710949 thread_num=8 team_size=32
[OMPT] implicit_task_begin: parallel_id=281474976710949 thread_num=11 team_size=32
[OMPT] implicit_task_begin: parallel_id=281474976710949 thread_num=30 team_size=32
[OMPT] implicit_task_end: parallel_id=0 thread_num=0
[OMPT] parallel_end: parallel_id=281474976710949
[OMPT] parallel_begin: parallel_id=281474976710951 team_size=32
[OMPT] implicit_task_end: parallel_id=0 thread_num=12
[OMPT] implicit_task_end: parallel_id=0 thread_num=1
[OMPT] implicit_task_end: parallel_id=0 thread_num=14
[OMPT] implicit_task_begin: parallel_id=281474976710951 thread_num=12 team_size=32
[OMPT] implicit_task_end: parallel_id=0 thread_num=16
[OMPT] implicit_task_end: parallel_id=0 thread_num=4
[OMPT] implicit_task_end: parallel_id=0 thread_num=18
[OMPT] implicit_task_end: parallel_id=0 thread_num=17
[OMPT] implicit_task_end: parallel_id=0 thread_num=3
[OMPT] implicit_task_begin: parallel_id=281474976710951 thread_num=16 team_size=32
[OMPT] implicit_task_begin: parallel_id=281474976710951 thread_num=18 team_size=32
[OMPT] implicit_task_begin: parallel_id=281474976710951 thread_num=3 team_size=32
[OMPT] implicit_task_end: parallel_id=0 thread_num=15
[OMPT] implicit_task_end: parallel_id=0 thread_num=13
[OMPT] implicit_task_end: parallel_id=0 thread_num=28
[OMPT] implicit_task_begin: parallel_id=281474976710951 thread_num=13 team_size=32
[OMPT] implicit_task_end: parallel_id=0 thread_num=29
[OMPT] implicit_task_begin: parallel_id=281474976710951 thread_num=28 team_size=32
[OMPT] implicit_task_begin: parallel_id=281474976710951 thread_num=14 team_size=32
[OMPT] implicit_task_end: parallel_id=0 thread_num=7
[OMPT] implicit_task_begin: parallel_id=281474976710951 thread_num=29 team_size=32
[OMPT] implicit_task_begin: parallel_id=281474976710951 thread_num=7 team_size=32
[OMPT] implicit_task_end: parallel_id=0 thread_num=2
[OMPT] implicit_task_begin: parallel_id=281474976710951 thread_num=4 team_size=32
[OMPT] implicit_task_begin: parallel_id=281474976710951 thread_num=0 team_size=32
[OMPT] implicit_task_begin: parallel_id=281474976710951 thread_num=17 team_size=32
[OMPT] implicit_task_begin: parallel_id=281474976710951 thread_num=1 team_size=32
[OMPT] implicit_task_end: parallel_id=0 thread_num=8
[OMPT] implicit_task_begin: parallel_id=281474976710951 thread_num=15 team_size=32
[OMPT] implicit_task_end: parallel_id=0 thread_num=10
[OMPT] implicit_task_end: parallel_id=0 thread_num=19
[OMPT] implicit_task_begin: parallel_id=281474976710951 thread_num=10 team_size=32
[OMPT] implicit_task_end: parallel_id=0 thread_num=24
[OMPT] implicit_task_end: parallel_id=0 thread_num=25
[OMPT] implicit_task_end: parallel_id=0 thread_num=6
[OMPT] implicit_task_begin: parallel_id=281474976710951 thread_num=2 team_size=32
[OMPT] implicit_task_end: parallel_id=0 thread_num=11
[OMPT] implicit_task_begin: parallel_id=281474976710951 thread_num=24 team_size=32
[OMPT] implicit_task_end: parallel_id=0 thread_num=9
[OMPT] implicit_task_begin: parallel_id=281474976710951 thread_num=11 team_size=32
[OMPT] implicit_task_begin: parallel_id=281474976710951 thread_num=8 team_size=32
[OMPT] implicit_task_end: parallel_id=0 thread_num=31
[OMPT] implicit_task_end: parallel_id=0 thread_num=20
[OMPT] implicit_task_end: parallel_id=0 thread_num=23
[OMPT] implicit_task_begin: parallel_id=281474976710951 thread_num=20 team_size=32
[OMPT] implicit_task_begin: parallel_id=281474976710951 thread_num=19 team_size=32
[OMPT] implicit_task_end: parallel_id=0 thread_num=26
[OMPT] implicit_task_end: parallel_id=0 thread_num=5
[OMPT] implicit_task_begin: parallel_id=281474976710951 thread_num=26 team_size=32
[OMPT] implicit_task_begin: parallel_id=281474976710951 thread_num=5 team_size=32
[OMPT] implicit_task_begin: parallel_id=281474976710951 thread_num=9 team_size=32
[OMPT] implicit_task_end: parallel_id=0 thread_num=30
[OMPT] implicit_task_begin: parallel_id=281474976710951 thread_num=30 team_size=32
[OMPT] implicit_task_begin: parallel_id=281474976710951 thread_num=31 team_size=32
[OMPT] implicit_task_end: parallel_id=0 thread_num=22
[OMPT] implicit_task_begin: parallel_id=281474976710951 thread_num=22 team_size=32
[OMPT] implicit_task_end: parallel_id=0 thread_num=21
[OMPT] implicit_task_begin: parallel_id=281474976710951 thread_num=21 team_size=32
[OMPT] implicit_task_end: parallel_id=0 thread_num=27
[OMPT] implicit_task_begin: parallel_id=281474976710951 thread_num=27 team_size=32
[OMPT] implicit_task_begin: parallel_id=281474976710951 thread_num=23 team_size=32
[OMPT] implicit_task_begin: parallel_id=281474976710951 thread_num=6 team_size=32
[OMPT] implicit_task_begin: parallel_id=281474976710951 thread_num=25 team_size=32
[OMPT] implicit_task_end: parallel_id=0 thread_num=0
[OMPT] parallel_end: parallel_id=281474976710951
[OMPT] parallel_begin: parallel_id=281474976710953 team_size=32
[OMPT] implicit_task_end: parallel_id=0 thread_num=16
[OMPT] implicit_task_end: parallel_id=0 thread_num=8
[OMPT] implicit_task_end: parallel_id=0 thread_num=17
[OMPT] implicit_task_end: parallel_id=0 thread_num=18
[OMPT] implicit_task_begin: parallel_id=281474976710953 thread_num=16 team_size=32
[OMPT] implicit_task_end: parallel_id=0 thread_num=4
[OMPT] implicit_task_end: parallel_id=0 thread_num=7
[OMPT] implicit_task_end: parallel_id=0 thread_num=1
[OMPT] implicit_task_begin: parallel_id=281474976710953 thread_num=18 team_size=32
[OMPT] implicit_task_begin: parallel_id=281474976710953 thread_num=4 team_size=32
[OMPT] implicit_task_begin: parallel_id=281474976710953 thread_num=7 team_size=32
[OMPT] implicit_task_end: parallel_id=0 thread_num=24
[OMPT] implicit_task_end: parallel_id=0 thread_num=25
[OMPT] implicit_task_end: parallel_id=0 thread_num=20
[OMPT] implicit_task_end: parallel_id=0 thread_num=23
[OMPT] implicit_task_begin: parallel_id=281474976710953 thread_num=24 team_size=32
[OMPT] implicit_task_begin: parallel_id=281474976710953 thread_num=25 team_size=32
[OMPT] implicit_task_end: parallel_id=0 thread_num=10
[OMPT] implicit_task_end: parallel_id=0 thread_num=12
[OMPT] implicit_task_end: parallel_id=0 thread_num=3
[OMPT] implicit_task_end: parallel_id=0 thread_num=15
[OMPT] implicit_task_end: parallel_id=0 thread_num=6
[OMPT] implicit_task_begin: parallel_id=281474976710953 thread_num=23 team_size=32
[OMPT] implicit_task_end: parallel_id=0 thread_num=2
[OMPT] implicit_task_begin: parallel_id=281474976710953 thread_num=12 team_size=32
[OMPT] implicit_task_begin: parallel_id=281474976710953 thread_num=17 team_size=32
[OMPT] implicit_task_begin: parallel_id=281474976710953 thread_num=0 team_size=32
[OMPT] implicit_task_begin: parallel_id=281474976710953 thread_num=6 team_size=32
[OMPT] implicit_task_end: parallel_id=0 thread_num=28
[OMPT] implicit_task_end: parallel_id=0 thread_num=29
[OMPT] implicit_task_begin: parallel_id=281474976710953 thread_num=1 team_size=32
[OMPT] implicit_task_begin: parallel_id=281474976710953 thread_num=28 team_size=32
[OMPT] implicit_task_end: parallel_id=0 thread_num=19
[OMPT] implicit_task_end: parallel_id=0 thread_num=26
[OMPT] implicit_task_end: parallel_id=0 thread_num=27
[OMPT] implicit_task_end: parallel_id=0 thread_num=21
[OMPT] implicit_task_begin: parallel_id=281474976710953 thread_num=21 team_size=32
[OMPT] implicit_task_end: parallel_id=0 thread_num=11
[OMPT] implicit_task_begin: parallel_id=281474976710953 thread_num=11 team_size=32
[OMPT] implicit_task_end: parallel_id=0 thread_num=9
[OMPT] implicit_task_begin: parallel_id=281474976710953 thread_num=20 team_size=32
[OMPT] implicit_task_begin: parallel_id=281474976710953 thread_num=9 team_size=32
[OMPT] implicit_task_end: parallel_id=0 thread_num=13
[OMPT] implicit_task_end: parallel_id=0 thread_num=14
[OMPT] implicit_task_begin: parallel_id=281474976710953 thread_num=13 team_size=32
[OMPT] implicit_task_begin: parallel_id=281474976710953 thread_num=10 team_size=32
[OMPT] implicit_task_end: parallel_id=0 thread_num=5
[OMPT] implicit_task_begin: parallel_id=281474976710953 thread_num=3 team_size=32
[OMPT] implicit_task_begin: parallel_id=281474976710953 thread_num=8 team_size=32
[OMPT] implicit_task_begin: parallel_id=281474976710953 thread_num=5 team_size=32
[OMPT] implicit_task_begin: parallel_id=281474976710953 thread_num=15 team_size=32
[OMPT] implicit_task_begin: parallel_id=281474976710953 thread_num=2 team_size=32
[OMPT] implicit_task_end: parallel_id=0 thread_num=30
[OMPT] implicit_task_end: parallel_id=0 thread_num=31
[OMPT] implicit_task_begin: parallel_id=281474976710953 thread_num=29 team_size=32
[OMPT] implicit_task_begin: parallel_id=281474976710953 thread_num=19 team_size=32
[OMPT] implicit_task_begin: parallel_id=281474976710953 thread_num=26 team_size=32
[OMPT] implicit_task_end: parallel_id=0 thread_num=22
[OMPT] implicit_task_begin: parallel_id=281474976710953 thread_num=27 team_size=32
[OMPT] implicit_task_begin: parallel_id=281474976710953 thread_num=22 team_size=32
[OMPT] implicit_task_begin: parallel_id=281474976710953 thread_num=30 team_size=32
[OMPT] implicit_task_begin: parallel_id=281474976710953 thread_num=31 team_size=32
[OMPT] implicit_task_begin: parallel_id=281474976710953 thread_num=14 team_size=32
[OMPT] implicit_task_end: parallel_id=0 thread_num=0
[OMPT] parallel_end: parallel_id=281474976710953
[OMPT] parallel_begin: parallel_id=281474976710955 team_size=32
[OMPT] implicit_task_end: parallel_id=0 thread_num=16
[OMPT] implicit_task_end: parallel_id=0 thread_num=2
[OMPT] implicit_task_end: parallel_id=0 thread_num=20
[OMPT] implicit_task_end: parallel_id=0 thread_num=24
[OMPT] implicit_task_begin: parallel_id=281474976710955 thread_num=2 team_size=32
[OMPT] implicit_task_end: parallel_id=0 thread_num=8
[OMPT] implicit_task_begin: parallel_id=281474976710955 thread_num=20 team_size=32
[OMPT] implicit_task_end: parallel_id=0 thread_num=11
[OMPT] implicit_task_end: parallel_id=0 thread_num=10
[OMPT] implicit_task_begin: parallel_id=281474976710955 thread_num=0 team_size=32
[OMPT] implicit_task_end: parallel_id=0 thread_num=19
[OMPT] implicit_task_end: parallel_id=0 thread_num=18
[OMPT] implicit_task_begin: parallel_id=281474976710955 thread_num=10 team_size=32
[OMPT] implicit_task_begin: parallel_id=281474976710955 thread_num=16 team_size=32
[OMPT] implicit_task_begin: parallel_id=281474976710955 thread_num=18 team_size=32
[OMPT] implicit_task_end: parallel_id=0 thread_num=12
[OMPT] implicit_task_end: parallel_id=0 thread_num=15
[OMPT] implicit_task_begin: parallel_id=281474976710955 thread_num=12 team_size=32
[OMPT] implicit_task_end: parallel_id=0 thread_num=22
[OMPT] implicit_task_end: parallel_id=0 thread_num=4
[OMPT] implicit_task_end: parallel_id=0 thread_num=7
[OMPT] implicit_task_end: parallel_id=0 thread_num=25
[OMPT] implicit_task_begin: parallel_id=281474976710955 thread_num=7 team_size=32
[OMPT] implicit_task_begin: parallel_id=281474976710955 thread_num=25 team_size=32
[OMPT] implicit_task_end: parallel_id=0 thread_num=3
[OMPT] implicit_task_begin: parallel_id=281474976710955 thread_num=3 team_size=32
[OMPT] implicit_task_end: parallel_id=0 thread_num=9
[OMPT] implicit_task_begin: parallel_id=281474976710955 thread_num=24 team_size=32
[OMPT] implicit_task_end: parallel_id=0 thread_num=1
[OMPT] implicit_task_end: parallel_id=0 thread_num=28
[OMPT] implicit_task_end: parallel_id=0 thread_num=31
[OMPT] implicit_task_end: parallel_id=0 thread_num=29
[OMPT] implicit_task_begin: parallel_id=281474976710955 thread_num=28 team_size=32
[OMPT] implicit_task_begin: parallel_id=281474976710955 thread_num=31 team_size=32
[OMPT] implicit_task_end: parallel_id=0 thread_num=17
[OMPT] implicit_task_begin: parallel_id=281474976710955 thread_num=29 team_size=32
[OMPT] implicit_task_begin: parallel_id=281474976710955 thread_num=17 team_size=32
[OMPT] implicit_task_end: parallel_id=0 thread_num=23
[OMPT] implicit_task_begin: parallel_id=281474976710955 thread_num=23 team_size=32
[OMPT] implicit_task_end: parallel_id=0 thread_num=13
[OMPT] implicit_task_end: parallel_id=0 thread_num=14
[OMPT] implicit_task_end: parallel_id=0 thread_num=21
[OMPT] implicit_task_begin: parallel_id=281474976710955 thread_num=14 team_size=32
[OMPT] implicit_task_begin: parallel_id=281474976710955 thread_num=15 team_size=32
[OMPT] implicit_task_end: parallel_id=0 thread_num=6
[OMPT] implicit_task_end: parallel_id=0 thread_num=5
[OMPT] implicit_task_begin: parallel_id=281474976710955 thread_num=6 team_size=32
[OMPT] implicit_task_begin: parallel_id=281474976710955 thread_num=5 team_size=32
[OMPT] implicit_task_end: parallel_id=0 thread_num=26
[OMPT] implicit_task_begin: parallel_id=281474976710955 thread_num=26 team_size=32
[OMPT] implicit_task_begin: parallel_id=281474976710955 thread_num=4 team_size=32
[OMPT] implicit_task_end: parallel_id=0 thread_num=27
[OMPT] implicit_task_begin: parallel_id=281474976710955 thread_num=27 team_size=32
[OMPT] implicit_task_begin: parallel_id=281474976710955 thread_num=9 team_size=32
[OMPT] implicit_task_begin: parallel_id=281474976710955 thread_num=8 team_size=32
[OMPT] implicit_task_end: parallel_id=0 thread_num=30
[OMPT] implicit_task_begin: parallel_id=281474976710955 thread_num=30 team_size=32
[OMPT] implicit_task_begin: parallel_id=281474976710955 thread_num=1 team_size=32
[OMPT] implicit_task_begin: parallel_id=281474976710955 thread_num=11 team_size=32
[OMPT] implicit_task_begin: parallel_id=281474976710955 thread_num=19 team_size=32
[OMPT] implicit_task_begin: parallel_id=281474976710955 thread_num=13 team_size=32
[OMPT] implicit_task_begin: parallel_id=281474976710955 thread_num=22 team_size=32
[OMPT] implicit_task_begin: parallel_id=281474976710955 thread_num=21 team_size=32
[OMPT] implicit_task_end: parallel_id=0 thread_num=0
[OMPT] parallel_end: parallel_id=281474976710955
[OMPT] parallel_begin: parallel_id=281474976710957 team_size=32
[OMPT] implicit_task_end: parallel_id=0 thread_num=16
[OMPT] implicit_task_end: parallel_id=0 thread_num=3
[OMPT] implicit_task_end: parallel_id=0 thread_num=20
[OMPT] implicit_task_end: parallel_id=0 thread_num=19
[OMPT] implicit_task_end: parallel_id=0 thread_num=12
[OMPT] implicit_task_end: parallel_id=0 thread_num=22
[OMPT] implicit_task_end: parallel_id=0 thread_num=15
[OMPT] implicit_task_end: parallel_id=0 thread_num=13
[OMPT] implicit_task_end: parallel_id=0 thread_num=2
[OMPT] implicit_task_end: parallel_id=0 thread_num=17
[OMPT] implicit_task_end: parallel_id=0 thread_num=18
[OMPT] implicit_task_end: parallel_id=0 thread_num=24
[OMPT] implicit_task_end: parallel_id=0 thread_num=27
[OMPT] implicit_task_begin: parallel_id=281474976710957 thread_num=3 team_size=32
[OMPT] implicit_task_end: parallel_id=0 thread_num=23
[OMPT] implicit_task_end: parallel_id=0 thread_num=21
[OMPT] implicit_task_begin: parallel_id=281474976710957 thread_num=24 team_size=32
[OMPT] implicit_task_begin: parallel_id=281474976710957 thread_num=23 team_size=32
[OMPT] implicit_task_begin: parallel_id=281474976710957 thread_num=27 team_size=32
[OMPT] implicit_task_end: parallel_id=0 thread_num=8
[OMPT] implicit_task_end: parallel_id=0 thread_num=11
[OMPT] implicit_task_begin: parallel_id=281474976710957 thread_num=8 team_size=32
[OMPT] implicit_task_begin: parallel_id=281474976710957 thread_num=20 team_size=32
[OMPT] implicit_task_begin: parallel_id=281474976710957 thread_num=11 team_size=32
[OMPT] implicit_task_begin: parallel_id=281474976710957 thread_num=19 team_size=32
[OMPT] implicit_task_end: parallel_id=0 thread_num=14
[OMPT] implicit_task_begin: parallel_id=281474976710957 thread_num=12 team_size=32
[OMPT] implicit_task_begin: parallel_id=281474976710957 thread_num=22 team_size=32
[OMPT] implicit_task_begin: parallel_id=281474976710957 thread_num=0 team_size=32
[OMPT] implicit_task_begin: parallel_id=281474976710957 thread_num=15 team_size=32
[OMPT] implicit_task_begin: parallel_id=281474976710957 thread_num=13 team_size=32
[OMPT] implicit_task_begin: parallel_id=281474976710957 thread_num=2 team_size=32
[OMPT] implicit_task_begin: parallel_id=281474976710957 thread_num=17 team_size=32
[OMPT] implicit_task_end: parallel_id=0 thread_num=28
[OMPT] implicit_task_end: parallel_id=0 thread_num=31
[OMPT] implicit_task_begin: parallel_id=281474976710957 thread_num=18 team_size=32
[OMPT] implicit_task_begin: parallel_id=281474976710957 thread_num=28 team_size=32
[OMPT] implicit_task_begin: parallel_id=281474976710957 thread_num=31 team_size=32
[OMPT] implicit_task_end: parallel_id=0 thread_num=26
[OMPT] implicit_task_end: parallel_id=0 thread_num=4
[OMPT] implicit_task_end: parallel_id=0 thread_num=7
[OMPT] implicit_task_begin: parallel_id=281474976710957 thread_num=4 team_size=32
[OMPT] implicit_task_end: parallel_id=0 thread_num=9
[OMPT] implicit_task_begin: parallel_id=281474976710957 thread_num=9 team_size=32
[OMPT] implicit_task_end: parallel_id=0 thread_num=10
[OMPT] implicit_task_begin: parallel_id=281474976710957 thread_num=14 team_size=32
[OMPT] implicit_task_begin: parallel_id=281474976710957 thread_num=10 team_size=32
[OMPT] implicit_task_begin: parallel_id=281474976710957 thread_num=16 team_size=32
[OMPT] implicit_task_end: parallel_id=0 thread_num=30
[OMPT] implicit_task_begin: parallel_id=281474976710957 thread_num=30 team_size=32
[OMPT] implicit_task_end: parallel_id=0 thread_num=29
[OMPT] implicit_task_begin: parallel_id=281474976710957 thread_num=29 team_size=32
[OMPT] implicit_task_end: parallel_id=0 thread_num=25
[OMPT] implicit_task_begin: parallel_id=281474976710957 thread_num=25 team_size=32
[OMPT] implicit_task_begin: parallel_id=281474976710957 thread_num=26 team_size=32
[OMPT] implicit_task_begin: parallel_id=281474976710957 thread_num=21 team_size=32
[OMPT] implicit_task_end: parallel_id=0 thread_num=6
[OMPT] implicit_task_begin: parallel_id=281474976710957 thread_num=7 team_size=32
[OMPT] implicit_task_end: parallel_id=0 thread_num=1
[OMPT] implicit_task_end: parallel_id=0 thread_num=5
[OMPT] implicit_task_begin: parallel_id=281474976710957 thread_num=1 team_size=32
[OMPT] implicit_task_begin: parallel_id=281474976710957 thread_num=5 team_size=32
[OMPT] implicit_task_begin: parallel_id=281474976710957 thread_num=6 team_size=32
[OMPT] implicit_task_end: parallel_id=0 thread_num=0
[OMPT] parallel_end: parallel_id=281474976710957
[OMPT] parallel_begin: parallel_id=281474976710959 team_size=32
[OMPT] implicit_task_end: parallel_id=0 thread_num=16
[OMPT] implicit_task_end: parallel_id=0 thread_num=8
[OMPT] implicit_task_end: parallel_id=0 thread_num=17
[OMPT] implicit_task_end: parallel_id=0 thread_num=19
[OMPT] implicit_task_end: parallel_id=0 thread_num=12
[OMPT] implicit_task_begin: parallel_id=281474976710959 thread_num=8 team_size=32
[OMPT] implicit_task_end: parallel_id=0 thread_num=13
[OMPT] implicit_task_begin: parallel_id=281474976710959 thread_num=0 team_size=32
[OMPT] implicit_task_end: parallel_id=0 thread_num=1
[OMPT] implicit_task_end: parallel_id=0 thread_num=28
[OMPT] implicit_task_end: parallel_id=0 thread_num=30
[OMPT] implicit_task_end: parallel_id=0 thread_num=20
[OMPT] implicit_task_begin: parallel_id=281474976710959 thread_num=28 team_size=32
[OMPT] implicit_task_begin: parallel_id=281474976710959 thread_num=30 team_size=32
[OMPT] implicit_task_end: parallel_id=0 thread_num=21
[OMPT] implicit_task_end: parallel_id=0 thread_num=11
[OMPT] implicit_task_begin: parallel_id=281474976710959 thread_num=21 team_size=32
[OMPT] implicit_task_end: parallel_id=0 thread_num=4
[OMPT] implicit_task_begin: parallel_id=281474976710959 thread_num=11 team_size=32
[OMPT] implicit_task_end: parallel_id=0 thread_num=7
[OMPT] implicit_task_end: parallel_id=0 thread_num=2
[OMPT] implicit_task_begin: parallel_id=281474976710959 thread_num=7 team_size=32
[OMPT] implicit_task_begin: parallel_id=281474976710959 thread_num=19 team_size=32
[OMPT] implicit_task_begin: parallel_id=281474976710959 thread_num=12 team_size=32
[OMPT] implicit_task_begin: parallel_id=281474976710959 thread_num=17 team_size=32
[OMPT] implicit_task_begin: parallel_id=281474976710959 thread_num=13 team_size=32
[OMPT] implicit_task_end: parallel_id=0 thread_num=18
[OMPT] implicit_task_begin: parallel_id=281474976710959 thread_num=1 team_size=32
[OMPT] implicit_task_begin: parallel_id=281474976710959 thread_num=18 team_size=32
[OMPT] implicit_task_end: parallel_id=0 thread_num=31
[OMPT] implicit_task_end: parallel_id=0 thread_num=23
[OMPT] implicit_task_end: parallel_id=0 thread_num=24
[OMPT] implicit_task_end: parallel_id=0 thread_num=27
[OMPT] implicit_task_end: parallel_id=0 thread_num=22
[OMPT] implicit_task_begin: parallel_id=281474976710959 thread_num=20 team_size=32
[OMPT] implicit_task_end: parallel_id=0 thread_num=9
[OMPT] implicit_task_end: parallel_id=0 thread_num=10
[OMPT] implicit_task_end: parallel_id=0 thread_num=15
[OMPT] implicit_task_end: parallel_id=0 thread_num=6
[OMPT] implicit_task_end: parallel_id=0 thread_num=5
[OMPT] implicit_task_end: parallel_id=0 thread_num=14
[OMPT] implicit_task_begin: parallel_id=281474976710959 thread_num=4 team_size=32
[OMPT] implicit_task_end: parallel_id=0 thread_num=3
[OMPT] implicit_task_begin: parallel_id=281474976710959 thread_num=2 team_size=32
[OMPT] implicit_task_end: parallel_id=0 thread_num=29
[OMPT] implicit_task_end: parallel_id=0 thread_num=26
[OMPT] implicit_task_end: parallel_id=0 thread_num=25
[OMPT] implicit_task_begin: parallel_id=281474976710959 thread_num=16 team_size=32
[OMPT][WIN100ms] ompt_id=281474976710657 tid=1054906 tipo=ompt_thread_initial    cpu= 22 numa=0  d_rm= 2298604  d_instr= 376320546  d_cyc= 541175544  d_all=19613699  IPC=0.695  ratio_rm=0.1172
[OMPT][WIN100ms] ompt_id=562949953421313 tid=1054928 tipo=ompt_thread_worker     cpu=159 numa=0  d_rm= 2257001  d_instr= 380783106  d_cyc= 536878399  d_all=19347060  IPC=0.709  ratio_rm=0.1167
[OMPT][WIN100ms] ompt_id=844424930131969 tid=1054929 tipo=ompt_thread_worker     cpu= 49 numa=0  d_rm= 2269563  d_instr= 388613171  d_cyc= 539246174  d_all=19866195  IPC=0.721  ratio_rm=0.1142
[OMPT][WIN100ms] ompt_id=1125899906842625 tid=1054930 tipo=ompt_thread_worker     cpu=  8 numa=0  d_rm= 2097442  d_instr= 368506653  d_cyc= 538779247  d_all=19039139  IPC=0.684  ratio_rm=0.1102
[OMPT][WIN100ms] ompt_id=1407374883553281 tid=1054931 tipo=ompt_thread_worker     cpu=121 numa=1  d_rm= 2412322  d_instr= 384887115  d_cyc= 539973743  d_all=20110349  IPC=0.713  ratio_rm=0.1200
[OMPT][WIN100ms] ompt_id=1688849860263937 tid=1054932 tipo=ompt_thread_worker     cpu=208 numa=1  d_rm= 2128493  d_instr= 348175297  d_cyc= 539688173  d_all=18715434  IPC=0.645  ratio_rm=0.1137
[OMPT][WIN100ms] ompt_id=1970324836974593 tid=1054933 tipo=ompt_thread_worker     cpu= 87 numa=1  d_rm= 2096967  d_instr= 357611248  d_cyc= 539181456  d_all=18165557  IPC=0.663  ratio_rm=0.1154
[OMPT][WIN100ms] ompt_id=2251799813685249 tid=1054935 tipo=ompt_thread_worker     cpu= 97 numa=1  d_rm= 2362578  d_instr= 394429534  d_cyc= 538837750  d_all=20054153  IPC=0.732  ratio_rm=0.1178
[OMPT][WIN100ms] ompt_id=2533274790395905 tid=1054934 tipo=ompt_thread_worker     cpu=139 numa=0  d_rm= 2375735  d_instr= 410924580  d_cyc= 542080834  d_all=21165725  IPC=0.758  ratio_rm=0.1122
[OMPT][WIN100ms] ompt_id=2814749767106561 tid=1054937 tipo=ompt_thread_worker     cpu=113 numa=1  d_rm= 1957565  d_instr= 331705924  d_cyc= 541085181  d_all=16848700  IPC=0.613  ratio_rm=0.1162
[OMPT][WIN100ms] ompt_id=3096224743817217 tid=1054936 tipo=ompt_thread_worker     cpu=  2 numa=0  d_rm= 1942531  d_instr= 324453834  d_cyc= 540964615  d_all=16720634  IPC=0.600  ratio_rm=0.1162
[OMPT][WIN100ms] ompt_id=3377699720527873 tid=1054938 tipo=ompt_thread_worker     cpu=231 numa=1  d_rm= 2395125  d_instr= 396698525  d_cyc= 540583680  d_all=19913402  IPC=0.734  ratio_rm=0.1203
[OMPT][WIN100ms] ompt_id=3940649673949185 tid=1054940 tipo=ompt_thread_worker     cpu= 45 numa=0  d_rm= 2230978  d_instr= 398247115  d_cyc= 538218475  d_all=19416780  IPC=0.740  ratio_rm=0.1149
[OMPT][WIN100ms] ompt_id=3659174697238529 tid=1054939 tipo=ompt_thread_worker     cpu= 56 numa=0  d_rm= 2247521  d_instr= 413201398  d_cyc= 538893432  d_all=19640081  IPC=0.767  ratio_rm=0.1144
[OMPT][WIN100ms] ompt_id=4222124650659841 tid=1054942 tipo=ompt_thread_worker     cpu=191 numa=0  d_rm= 1918922  d_instr= 328079424  d_cyc= 540976959  d_all=16623915  IPC=0.606  ratio_rm=0.1154
[OMPT][WIN100ms] ompt_id=4503599627370497 tid=1054941 tipo=ompt_thread_worker     cpu= 64 numa=1  d_rm= 1885104  d_instr= 328642583  d_cyc= 540395425  d_all=16358974  IPC=0.608  ratio_rm=0.1152
[OMPT][WIN100ms] ompt_id=4785074604081153 tid=1054944 tipo=ompt_thread_worker     cpu= 21 numa=0  d_rm= 2414409  d_instr= 409671295  d_cyc= 539001927  d_all=20048291  IPC=0.760  ratio_rm=0.1204
[OMPT][WIN100ms] ompt_id=5066549580791809 tid=1054943 tipo=ompt_thread_worker     cpu=120 numa=1  d_rm= 2319406  d_instr= 416003827  d_cyc= 537989366  d_all=20043622  IPC=0.773  ratio_rm=0.1157
[OMPT][WIN100ms] ompt_id=5348024557502465 tid=1054945 tipo=ompt_thread_worker     cpu= 70 numa=1  d_rm= 2226653  d_instr= 431072749  d_cyc= 536602042  d_all=19593675  IPC=0.803  ratio_rm=0.1136
[OMPT][WIN100ms] ompt_id=5629499534213121 tid=1054946 tipo=ompt_thread_worker     cpu= 89 numa=1  d_rm= 2324425  d_instr= 422751412  d_cyc= 534219763  d_all=19679655  IPC=0.791  ratio_rm=0.1181
[OMPT][WIN100ms] ompt_id=5910974510923777 tid=1054947 tipo=ompt_thread_worker     cpu= 88 numa=1  d_rm= 2302046  d_instr= 437290858  d_cyc= 534310946  d_all=19751007  IPC=0.818  ratio_rm=0.1166
[OMPT][WIN100ms] ompt_id=6192449487634433 tid=1054948 tipo=ompt_thread_worker     cpu= 37 numa=0  d_rm= 2253944  d_instr= 438606994  d_cyc= 533937864  d_all=19616474  IPC=0.821  ratio_rm=0.1149
[OMPT][WIN100ms] ompt_id=6473924464345089 tid=1054949 tipo=ompt_thread_worker     cpu=128 numa=0  d_rm= 1910534  d_instr= 318303873  d_cyc= 541134348  d_all=16507329  IPC=0.588  ratio_rm=0.1157
[OMPT][WIN100ms] ompt_id=6755399441055745 tid=1054950 tipo=ompt_thread_worker     cpu=237 numa=1  d_rm= 1990948  d_instr= 329183634  d_cyc= 541984390  d_all=16435312  IPC=0.607  ratio_rm=0.1211
[OMPT][WIN100ms] ompt_id=7036874417766401 tid=1054951 tipo=ompt_thread_worker     cpu=104 numa=1  d_rm= 2020406  d_instr= 334659052  d_cyc= 541199818  d_all=16476590  IPC=0.618  ratio_rm=0.1226
[OMPT][WIN100ms] ompt_id=7318349394477057 tid=1054952 tipo=ompt_thread_worker     cpu= 48 numa=0  d_rm= 1887582  d_instr= 328499293  d_cyc= 542180245  d_all=16360079  IPC=0.606  ratio_rm=0.1154
[OMPT][WIN100ms] ompt_id=7599824371187713 tid=1054953 tipo=ompt_thread_worker     cpu= 36 numa=0  d_rm= 1894599  d_instr= 314790699  d_cyc= 515629403  d_all=16517910  IPC=0.610  ratio_rm=0.1147
[OMPT][WIN100ms] ompt_id=7881299347898369 tid=1054954 tipo=ompt_thread_worker     cpu= 46 numa=0  d_rm= 1895093  d_instr= 325997919  d_cyc= 542445792  d_all=16705909  IPC=0.601  ratio_rm=0.1134
[OMPT][WIN100ms] ompt_id=8162774324609025 tid=1054955 tipo=ompt_thread_worker     cpu= 72 numa=1  d_rm= 2268563  d_instr= 471956208  d_cyc= 531139844  d_all=19810313  IPC=0.889  ratio_rm=0.1145
[OMPT][WIN100ms] ompt_id=8444249301319681 tid=1054956 tipo=ompt_thread_worker     cpu=112 numa=1  d_rm= 1936875  d_instr= 323548973  d_cyc= 542223228  d_all=16536825  IPC=0.597  ratio_rm=0.1171
[OMPT][WIN100ms] ompt_id=8725724278030337 tid=1054957 tipo=ompt_thread_worker     cpu= 25 numa=0  d_rm= 2307060  d_instr= 468325015  d_cyc= 530203604  d_all=19683678  IPC=0.883  ratio_rm=0.1172
[OMPT][WIN100ms] ompt_id=9007199254740993 tid=1054958 tipo=ompt_thread_worker     cpu= 73 numa=1  d_rm= 1947505  d_instr= 335578060  d_cyc= 541925496  d_all=16560266  IPC=0.619  ratio_rm=0.1176
[OMPT] implicit_task_begin: parallel_id=281474976710959 thread_num=26 team_size=32
[OMPT] implicit_task_begin: parallel_id=281474976710959 thread_num=24 team_size=32
[OMPT] implicit_task_begin: parallel_id=281474976710959 thread_num=23 team_size=32
[OMPT] implicit_task_begin: parallel_id=281474976710959 thread_num=14 team_size=32
[OMPT] implicit_task_begin: parallel_id=281474976710959 thread_num=9 team_size=32
[OMPT] implicit_task_begin: parallel_id=281474976710959 thread_num=15 team_size=32
[OMPT] implicit_task_begin: parallel_id=281474976710959 thread_num=22 team_size=32
[OMPT] implicit_task_begin: parallel_id=281474976710959 thread_num=29 team_size=32
[OMPT] implicit_task_begin: parallel_id=281474976710959 thread_num=10 team_size=32
[OMPT] implicit_task_begin: parallel_id=281474976710959 thread_num=3 team_size=32
[OMPT] implicit_task_begin: parallel_id=281474976710959 thread_num=25 team_size=32
[OMPT] implicit_task_begin: parallel_id=281474976710959 thread_num=6 team_size=32
[OMPT] implicit_task_begin: parallel_id=281474976710959 thread_num=5 team_size=32
[OMPT] implicit_task_begin: parallel_id=281474976710959 thread_num=27 team_size=32
[OMPT] implicit_task_begin: parallel_id=281474976710959 thread_num=31 team_size=32
[OMPT] implicit_task_end: parallel_id=0 thread_num=0
[OMPT] parallel_end: parallel_id=281474976710959
[OMPT] parallel_begin: parallel_id=281474976710961 team_size=32
[OMPT] implicit_task_end: parallel_id=0 thread_num=16
[OMPT] implicit_task_end: parallel_id=0 thread_num=2
[OMPT] implicit_task_end: parallel_id=0 thread_num=28
[OMPT] implicit_task_end: parallel_id=0 thread_num=20
[OMPT] implicit_task_begin: parallel_id=281474976710961 thread_num=16 team_size=32
[OMPT] implicit_task_end: parallel_id=0 thread_num=23
[OMPT] implicit_task_begin: parallel_id=281474976710961 thread_num=28 team_size=32
[OMPT] implicit_task_end: parallel_id=0 thread_num=1
[OMPT] implicit_task_begin: parallel_id=281474976710961 thread_num=0 team_size=32
[OMPT] implicit_task_end: parallel_id=0 thread_num=17
[OMPT] implicit_task_begin: parallel_id=281474976710961 thread_num=2 team_size=32
[OMPT] implicit_task_end: parallel_id=0 thread_num=19
[OMPT] implicit_task_end: parallel_id=0 thread_num=24
[OMPT] implicit_task_end: parallel_id=0 thread_num=27
[OMPT] implicit_task_begin: parallel_id=281474976710961 thread_num=23 team_size=32
[OMPT] implicit_task_begin: parallel_id=281474976710961 thread_num=24 team_size=32
[OMPT] implicit_task_end: parallel_id=0 thread_num=30
[OMPT] implicit_task_end: parallel_id=0 thread_num=29
[OMPT] implicit_task_end: parallel_id=0 thread_num=12
[OMPT] implicit_task_end: parallel_id=0 thread_num=15
[OMPT] implicit_task_begin: parallel_id=281474976710961 thread_num=29 team_size=32
[OMPT] implicit_task_end: parallel_id=0 thread_num=21
[OMPT] implicit_task_end: parallel_id=0 thread_num=3
[OMPT] implicit_task_end: parallel_id=0 thread_num=18
[OMPT] implicit_task_begin: parallel_id=281474976710961 thread_num=20 team_size=32
[OMPT] implicit_task_begin: parallel_id=281474976710961 thread_num=3 team_size=32
[OMPT] implicit_task_end: parallel_id=0 thread_num=26
[OMPT] implicit_task_begin: parallel_id=281474976710961 thread_num=26 team_size=32
[OMPT] implicit_task_end: parallel_id=0 thread_num=31
[OMPT] implicit_task_begin: parallel_id=281474976710961 thread_num=17 team_size=32
[OMPT] implicit_task_begin: parallel_id=281474976710961 thread_num=1 team_size=32
[OMPT] implicit_task_begin: parallel_id=281474976710961 thread_num=30 team_size=32
[OMPT] implicit_task_begin: parallel_id=281474976710961 thread_num=19 team_size=32
[OMPT] implicit_task_end: parallel_id=0 thread_num=14
[OMPT] implicit_task_begin: parallel_id=281474976710961 thread_num=14 team_size=32
[OMPT] implicit_task_end: parallel_id=0 thread_num=13
[OMPT] implicit_task_begin: parallel_id=281474976710961 thread_num=13 team_size=32
[OMPT] implicit_task_end: parallel_id=0 thread_num=22
[OMPT] implicit_task_begin: parallel_id=281474976710961 thread_num=22 team_size=32
[OMPT] implicit_task_begin: parallel_id=281474976710961 thread_num=12 team_size=32
[OMPT] implicit_task_begin: parallel_id=281474976710961 thread_num=15 team_size=32
[OMPT] implicit_task_end: parallel_id=0 thread_num=8
[OMPT] implicit_task_end: parallel_id=0 thread_num=11
[OMPT] implicit_task_begin: parallel_id=281474976710961 thread_num=27 team_size=32
[OMPT] implicit_task_begin: parallel_id=281474976710961 thread_num=21 team_size=32
[OMPT] implicit_task_begin: parallel_id=281474976710961 thread_num=8 team_size=32
[OMPT] implicit_task_begin: parallel_id=281474976710961 thread_num=11 team_size=32
[OMPT] implicit_task_begin: parallel_id=281474976710961 thread_num=18 team_size=32
[OMPT] implicit_task_end: parallel_id=0 thread_num=25
[OMPT] implicit_task_end: parallel_id=0 thread_num=10
[OMPT] implicit_task_end: parallel_id=0 thread_num=9
[OMPT] implicit_task_end: parallel_id=0 thread_num=4
[OMPT] implicit_task_end: parallel_id=0 thread_num=7
[OMPT] implicit_task_begin: parallel_id=281474976710961 thread_num=4 team_size=32
[OMPT] implicit_task_begin: parallel_id=281474976710961 thread_num=7 team_size=32
[OMPT] implicit_task_begin: parallel_id=281474976710961 thread_num=10 team_size=32
[OMPT] implicit_task_begin: parallel_id=281474976710961 thread_num=9 team_size=32
[OMPT] implicit_task_begin: parallel_id=281474976710961 thread_num=31 team_size=32
[OMPT] implicit_task_end: parallel_id=0 thread_num=6
[OMPT] implicit_task_begin: parallel_id=281474976710961 thread_num=25 team_size=32
[OMPT] implicit_task_end: parallel_id=0 thread_num=5
[OMPT] implicit_task_begin: parallel_id=281474976710961 thread_num=6 team_size=32
[OMPT] implicit_task_begin: parallel_id=281474976710961 thread_num=5 team_size=32
[OMPT] implicit_task_end: parallel_id=0 thread_num=0
[OMPT] parallel_end: parallel_id=281474976710961
[OMPT] parallel_begin: parallel_id=281474976710963 team_size=32
[OMPT] implicit_task_end: parallel_id=0 thread_num=16
[OMPT] implicit_task_end: parallel_id=0 thread_num=8
[OMPT] implicit_task_end: parallel_id=0 thread_num=24
[OMPT] implicit_task_end: parallel_id=0 thread_num=20
[OMPT] implicit_task_end: parallel_id=0 thread_num=26
[OMPT] implicit_task_end: parallel_id=0 thread_num=23
[OMPT] implicit_task_end: parallel_id=0 thread_num=3
[OMPT] implicit_task_end: parallel_id=0 thread_num=2
[OMPT] implicit_task_end: parallel_id=0 thread_num=28
[OMPT] implicit_task_end: parallel_id=0 thread_num=17
[OMPT] implicit_task_end: parallel_id=0 thread_num=30
[OMPT] implicit_task_end: parallel_id=0 thread_num=18
[OMPT] implicit_task_end: parallel_id=0 thread_num=19
[OMPT] implicit_task_end: parallel_id=0 thread_num=11
[OMPT] implicit_task_end: parallel_id=0 thread_num=10
[OMPT] implicit_task_end: parallel_id=0 thread_num=9
[OMPT] implicit_task_begin: parallel_id=281474976710963 thread_num=16 team_size=32
[OMPT] implicit_task_begin: parallel_id=281474976710963 thread_num=11 team_size=32
[OMPT] implicit_task_end: parallel_id=0 thread_num=12
[OMPT] implicit_task_begin: parallel_id=281474976710963 thread_num=9 team_size=32
[OMPT] implicit_task_end: parallel_id=0 thread_num=15
[OMPT] implicit_task_begin: parallel_id=281474976710963 thread_num=28 team_size=32
[OMPT] implicit_task_begin: parallel_id=281474976710963 thread_num=3 team_size=32
[OMPT] implicit_task_end: parallel_id=0 thread_num=21
[OMPT] implicit_task_end: parallel_id=0 thread_num=22
[OMPT] implicit_task_begin: parallel_id=281474976710963 thread_num=10 team_size=32
[OMPT] implicit_task_begin: parallel_id=281474976710963 thread_num=8 team_size=32
[OMPT] implicit_task_end: parallel_id=0 thread_num=1
[OMPT] implicit_task_begin: parallel_id=281474976710963 thread_num=15 team_size=32
[OMPT] implicit_task_begin: parallel_id=281474976710963 thread_num=12 team_size=32
[OMPT] implicit_task_begin: parallel_id=281474976710963 thread_num=17 team_size=32
[OMPT] implicit_task_end: parallel_id=0 thread_num=31
[OMPT] implicit_task_begin: parallel_id=281474976710963 thread_num=2 team_size=32
[OMPT] implicit_task_begin: parallel_id=281474976710963 thread_num=24 team_size=32
[OMPT] implicit_task_begin: parallel_id=281474976710963 thread_num=23 team_size=32
[OMPT] implicit_task_begin: parallel_id=281474976710963 thread_num=18 team_size=32
[OMPT] implicit_task_begin: parallel_id=281474976710963 thread_num=19 team_size=32
[OMPT] implicit_task_begin: parallel_id=281474976710963 thread_num=1 team_size=32
[OMPT] implicit_task_begin: parallel_id=281474976710963 thread_num=30 team_size=32
[OMPT] implicit_task_begin: parallel_id=281474976710963 thread_num=22 team_size=32
[OMPT] implicit_task_begin: parallel_id=281474976710963 thread_num=26 team_size=32
[OMPT] implicit_task_end: parallel_id=0 thread_num=14
[OMPT] implicit_task_begin: parallel_id=281474976710963 thread_num=0 team_size=32
[OMPT] implicit_task_begin: parallel_id=281474976710963 thread_num=14 team_size=32
[OMPT] implicit_task_begin: parallel_id=281474976710963 thread_num=20 team_size=32
[OMPT] implicit_task_end: parallel_id=0 thread_num=29
[OMPT] implicit_task_end: parallel_id=0 thread_num=4
[OMPT] implicit_task_begin: parallel_id=281474976710963 thread_num=29 team_size=32
[OMPT] implicit_task_end: parallel_id=0 thread_num=6
[OMPT] implicit_task_end: parallel_id=0 thread_num=13
[OMPT] implicit_task_end: parallel_id=0 thread_num=27
[OMPT] implicit_task_begin: parallel_id=281474976710963 thread_num=31 team_size=32
[OMPT] implicit_task_begin: parallel_id=281474976710963 thread_num=27 team_size=32
[OMPT] implicit_task_begin: parallel_id=281474976710963 thread_num=13 team_size=32
[OMPT] implicit_task_end: parallel_id=0 thread_num=7
[OMPT] implicit_task_begin: parallel_id=281474976710963 thread_num=7 team_size=32
[OMPT] implicit_task_end: parallel_id=0 thread_num=5
[OMPT] implicit_task_begin: parallel_id=281474976710963 thread_num=5 team_size=32
[OMPT] implicit_task_end: parallel_id=0 thread_num=25
[OMPT] implicit_task_begin: parallel_id=281474976710963 thread_num=4 team_size=32
[OMPT] implicit_task_begin: parallel_id=281474976710963 thread_num=25 team_size=32
[OMPT] implicit_task_begin: parallel_id=281474976710963 thread_num=6 team_size=32
[OMPT] implicit_task_begin: parallel_id=281474976710963 thread_num=21 team_size=32
[OMPT] implicit_task_end: parallel_id=0 thread_num=0
[OMPT] parallel_end: parallel_id=281474976710963
[OMPT] parallel_begin: parallel_id=281474976710965 team_size=32
[OMPT] implicit_task_end: parallel_id=0 thread_num=16
[OMPT] implicit_task_end: parallel_id=0 thread_num=8
[OMPT] implicit_task_end: parallel_id=0 thread_num=24
[OMPT] implicit_task_begin: parallel_id=281474976710965 thread_num=16 team_size=32
[OMPT] implicit_task_end: parallel_id=0 thread_num=27
[OMPT] implicit_task_end: parallel_id=0 thread_num=12
[OMPT] implicit_task_end: parallel_id=0 thread_num=15
[OMPT] implicit_task_begin: parallel_id=281474976710965 thread_num=0 team_size=32
[OMPT] implicit_task_end: parallel_id=0 thread_num=17
[OMPT] implicit_task_begin: parallel_id=281474976710965 thread_num=24 team_size=32
[OMPT] implicit_task_begin: parallel_id=281474976710965 thread_num=17 team_size=32
[OMPT] implicit_task_end: parallel_id=0 thread_num=19
[OMPT] implicit_task_end: parallel_id=0 thread_num=28
[OMPT] implicit_task_end: parallel_id=0 thread_num=4
[OMPT] implicit_task_end: parallel_id=0 thread_num=29
[OMPT] implicit_task_end: parallel_id=0 thread_num=11
[OMPT] implicit_task_end: parallel_id=0 thread_num=10
[OMPT] implicit_task_end: parallel_id=0 thread_num=25
[OMPT] implicit_task_begin: parallel_id=281474976710965 thread_num=11 team_size=32
[OMPT] implicit_task_end: parallel_id=0 thread_num=3
[OMPT] implicit_task_begin: parallel_id=281474976710965 thread_num=25 team_size=32
[OMPT] implicit_task_begin: parallel_id=281474976710965 thread_num=8 team_size=32
[OMPT] implicit_task_begin: parallel_id=281474976710965 thread_num=10 team_size=32
[OMPT] implicit_task_end: parallel_id=0 thread_num=1
[OMPT] implicit_task_begin: parallel_id=281474976710965 thread_num=4 team_size=32
[OMPT] implicit_task_begin: parallel_id=281474976710965 thread_num=29 team_size=32
[OMPT] implicit_task_begin: parallel_id=281474976710965 thread_num=27 team_size=32
[OMPT] implicit_task_end: parallel_id=0 thread_num=2
[OMPT] implicit_task_begin: parallel_id=281474976710965 thread_num=2 team_size=32
[OMPT] implicit_task_end: parallel_id=0 thread_num=14
[OMPT] implicit_task_end: parallel_id=0 thread_num=13
[OMPT] implicit_task_begin: parallel_id=281474976710965 thread_num=14 team_size=32
[OMPT] implicit_task_begin: parallel_id=281474976710965 thread_num=13 team_size=32
[OMPT] implicit_task_end: parallel_id=0 thread_num=18
[OMPT] implicit_task_begin: parallel_id=281474976710965 thread_num=18 team_size=32
[OMPT] implicit_task_begin: parallel_id=281474976710965 thread_num=15 team_size=32
[OMPT] implicit_task_end: parallel_id=0 thread_num=20
[OMPT] implicit_task_end: parallel_id=0 thread_num=21
[OMPT] implicit_task_begin: parallel_id=281474976710965 thread_num=12 team_size=32
[OMPT] implicit_task_end: parallel_id=0 thread_num=30
[OMPT] implicit_task_begin: parallel_id=281474976710965 thread_num=30 team_size=32
[OMPT] implicit_task_end: parallel_id=0 thread_num=7
[OMPT] implicit_task_begin: parallel_id=281474976710965 thread_num=7 team_size=32
[OMPT] implicit_task_end: parallel_id=0 thread_num=6
[OMPT] implicit_task_end: parallel_id=0 thread_num=5
[OMPT] implicit_task_end: parallel_id=0 thread_num=9
[OMPT] implicit_task_begin: parallel_id=281474976710965 thread_num=6 team_size=32
[OMPT] implicit_task_begin: parallel_id=281474976710965 thread_num=5 team_size=32
[OMPT] implicit_task_begin: parallel_id=281474976710965 thread_num=9 team_size=32
[OMPT] implicit_task_begin: parallel_id=281474976710965 thread_num=19 team_size=32
[OMPT] implicit_task_begin: parallel_id=281474976710965 thread_num=28 team_size=32
[OMPT] implicit_task_end: parallel_id=0 thread_num=26
[OMPT] implicit_task_begin: parallel_id=281474976710965 thread_num=26 team_size=32
[OMPT] implicit_task_begin: parallel_id=281474976710965 thread_num=3 team_size=32
[OMPT] implicit_task_begin: parallel_id=281474976710965 thread_num=1 team_size=32
[OMPT] implicit_task_end: parallel_id=0 thread_num=22
[OMPT] implicit_task_begin: parallel_id=281474976710965 thread_num=22 team_size=32
[OMPT] implicit_task_end: parallel_id=0 thread_num=23
[OMPT] implicit_task_begin: parallel_id=281474976710965 thread_num=20 team_size=32
[OMPT] implicit_task_begin: parallel_id=281474976710965 thread_num=21 team_size=32
[OMPT] implicit_task_end: parallel_id=0 thread_num=31
[OMPT] implicit_task_begin: parallel_id=281474976710965 thread_num=31 team_size=32
[OMPT] implicit_task_begin: parallel_id=281474976710965 thread_num=23 team_size=32
[OMPT] implicit_task_end: parallel_id=0 thread_num=0
[OMPT] parallel_end: parallel_id=281474976710965
[OMPT] parallel_begin: parallel_id=281474976710967 team_size=32
[OMPT] implicit_task_end: parallel_id=0 thread_num=16
[OMPT] implicit_task_end: parallel_id=0 thread_num=8
[OMPT] implicit_task_end: parallel_id=0 thread_num=28
[OMPT] implicit_task_end: parallel_id=0 thread_num=4
[OMPT] implicit_task_end: parallel_id=0 thread_num=10
[OMPT] implicit_task_end: parallel_id=0 thread_num=29
[OMPT] implicit_task_begin: parallel_id=281474976710967 thread_num=16 team_size=32
[OMPT] implicit_task_begin: parallel_id=281474976710967 thread_num=8 team_size=32
[OMPT] implicit_task_begin: parallel_id=281474976710967 thread_num=0 team_size=32
[OMPT] implicit_task_end: parallel_id=0 thread_num=3
[OMPT] implicit_task_begin: parallel_id=281474976710967 thread_num=29 team_size=32
[OMPT] implicit_task_end: parallel_id=0 thread_num=9
[OMPT] implicit_task_begin: parallel_id=281474976710967 thread_num=28 team_size=32
[OMPT] implicit_task_end: parallel_id=0 thread_num=20
[OMPT] implicit_task_end: parallel_id=0 thread_num=22
[OMPT] implicit_task_end: parallel_id=0 thread_num=19
[OMPT] implicit_task_end: parallel_id=0 thread_num=24
[OMPT] implicit_task_begin: parallel_id=281474976710967 thread_num=20 team_size=32
[OMPT] implicit_task_end: parallel_id=0 thread_num=27
[OMPT] implicit_task_end: parallel_id=0 thread_num=30
[OMPT] implicit_task_end: parallel_id=0 thread_num=7
[OMPT] implicit_task_end: parallel_id=0 thread_num=6
[OMPT] implicit_task_begin: parallel_id=281474976710967 thread_num=27 team_size=32
[OMPT] implicit_task_begin: parallel_id=281474976710967 thread_num=30 team_size=32
[OMPT] implicit_task_begin: parallel_id=281474976710967 thread_num=7 team_size=32
[OMPT] implicit_task_end: parallel_id=0 thread_num=2
[OMPT] implicit_task_end: parallel_id=0 thread_num=1
[OMPT] implicit_task_begin: parallel_id=281474976710967 thread_num=6 team_size=32
[OMPT] implicit_task_begin: parallel_id=281474976710967 thread_num=2 team_size=32
[OMPT] implicit_task_begin: parallel_id=281474976710967 thread_num=10 team_size=32
[OMPT] implicit_task_end: parallel_id=0 thread_num=17
[OMPT] implicit_task_begin: parallel_id=281474976710967 thread_num=17 team_size=32
[OMPT] implicit_task_end: parallel_id=0 thread_num=18
[OMPT] implicit_task_begin: parallel_id=281474976710967 thread_num=4 team_size=32
[OMPT] implicit_task_begin: parallel_id=281474976710967 thread_num=18 team_size=32
[OMPT] implicit_task_begin: parallel_id=281474976710967 thread_num=3 team_size=32
[OMPT] implicit_task_begin: parallel_id=281474976710967 thread_num=9 team_size=32
[OMPT] implicit_task_end: parallel_id=0 thread_num=11
[OMPT] implicit_task_end: parallel_id=0 thread_num=23
[OMPT] implicit_task_begin: parallel_id=281474976710967 thread_num=23 team_size=32
[OMPT] implicit_task_end: parallel_id=0 thread_num=21
[OMPT] implicit_task_end: parallel_id=0 thread_num=12
[OMPT] implicit_task_begin: parallel_id=281474976710967 thread_num=21 team_size=32
[OMPT] implicit_task_end: parallel_id=0 thread_num=13
[OMPT] implicit_task_begin: parallel_id=281474976710967 thread_num=12 team_size=32
[OMPT] implicit_task_end: parallel_id=0 thread_num=25
[OMPT] implicit_task_end: parallel_id=0 thread_num=26
[OMPT] implicit_task_begin: parallel_id=281474976710967 thread_num=26 team_size=32
[OMPT] implicit_task_begin: parallel_id=281474976710967 thread_num=24 team_size=32
[OMPT] implicit_task_end: parallel_id=0 thread_num=5
[OMPT] implicit_task_begin: parallel_id=281474976710967 thread_num=1 team_size=32
[OMPT] implicit_task_begin: parallel_id=281474976710967 thread_num=5 team_size=32
[OMPT] implicit_task_begin: parallel_id=281474976710967 thread_num=11 team_size=32
[OMPT] implicit_task_end: parallel_id=0 thread_num=15
[OMPT] implicit_task_begin: parallel_id=281474976710967 thread_num=15 team_size=32
[OMPT] implicit_task_end: parallel_id=0 thread_num=14
[OMPT] implicit_task_begin: parallel_id=281474976710967 thread_num=14 team_size=32
[OMPT] implicit_task_begin: parallel_id=281474976710967 thread_num=19 team_size=32
[OMPT] implicit_task_begin: parallel_id=281474976710967 thread_num=22 team_size=32
[OMPT] implicit_task_begin: parallel_id=281474976710967 thread_num=25 team_size=32
[OMPT] implicit_task_end: parallel_id=0 thread_num=31
[OMPT] implicit_task_begin: parallel_id=281474976710967 thread_num=13 team_size=32
[OMPT] implicit_task_begin: parallel_id=281474976710967 thread_num=31 team_size=32
[OMPT][WIN100ms] ompt_id=281474976710657 tid=1054906 tipo=ompt_thread_initial    cpu= 22 numa=0  d_rm= 1917331  d_instr= 454132074  d_cyc= 524482224  d_all=16065733  IPC=0.866  ratio_rm=0.1193
[OMPT] implicit_task_end: parallel_id=0 thread_num=0
[OMPT] parallel_end: parallel_id=281474976710967
[OMPT] parallel_begin: parallel_id=281474976710969 team_size=32
[OMPT] implicit_task_end: parallel_id=0 thread_num=16
[OMPT] implicit_task_end: parallel_id=0 thread_num=3
[OMPT] implicit_task_end: parallel_id=0 thread_num=19
[OMPT] implicit_task_end: parallel_id=0 thread_num=8
[OMPT] implicit_task_end: parallel_id=0 thread_num=11
[OMPT] implicit_task_end: parallel_id=0 thread_num=10
[OMPT] implicit_task_end: parallel_id=0 thread_num=1
[OMPT] implicit_task_end: parallel_id=0 thread_num=28
[OMPT] implicit_task_end: parallel_id=0 thread_num=29
[OMPT] implicit_task_end: parallel_id=0 thread_num=17
[OMPT] implicit_task_end: parallel_id=0 thread_num=18
[OMPT] implicit_task_end: parallel_id=0 thread_num=24
[OMPT] implicit_task_end: parallel_id=0 thread_num=27
[OMPT] implicit_task_end: parallel_id=0 thread_num=4
[OMPT] implicit_task_end: parallel_id=0 thread_num=5
[OMPT] implicit_task_end: parallel_id=0 thread_num=20
[OMPT] implicit_task_end: parallel_id=0 thread_num=23
[OMPT] implicit_task_end: parallel_id=0 thread_num=31
[OMPT] implicit_task_end: parallel_id=0 thread_num=30
[OMPT] implicit_task_end: parallel_id=0 thread_num=12
[OMPT] implicit_task_end: parallel_id=0 thread_num=25
[OMPT] implicit_task_end: parallel_id=0 thread_num=26
[OMPT] implicit_task_end: parallel_id=0 thread_num=7
[OMPT] implicit_task_end: parallel_id=0 thread_num=6
[OMPT] implicit_task_end: parallel_id=0 thread_num=9
[OMPT] implicit_task_end: parallel_id=0 thread_num=2
[OMPT] implicit_task_end: parallel_id=0 thread_num=21
[OMPT] implicit_task_end: parallel_id=0 thread_num=22
[OMPT] implicit_task_end: parallel_id=0 thread_num=14
[OMPT] implicit_task_end: parallel_id=0 thread_num=15
[OMPT] implicit_task_end: parallel_id=0 thread_num=13
[OMPT][WIN100ms] ompt_id=562949953421313 tid=1054928 tipo=ompt_thread_worker     cpu=159 numa=0  d_rm= 1865695  d_instr= 461880597  d_cyc= 522129982  d_all=16015284  IPC=0.885  ratio_rm=0.1165
[OMPT][WIN100ms] ompt_id=844424930131969 tid=1054929 tipo=ompt_thread_worker     cpu= 49 numa=0  d_rm= 1781260  d_instr= 464706264  d_cyc= 523629441  d_all=15946784  IPC=0.887  ratio_rm=0.1117
[OMPT][WIN100ms] ompt_id=1125899906842625 tid=1054930 tipo=ompt_thread_worker     cpu=  8 numa=0  d_rm= 1851663  d_instr= 350446617  d_cyc= 539786965  d_all=16847680  IPC=0.649  ratio_rm=0.1099
[OMPT][WIN100ms] ompt_id=1407374883553281 tid=1054931 tipo=ompt_thread_worker     cpu=121 numa=1  d_rm= 1846039  d_instr= 442654750  d_cyc= 523238949  d_all=15725200  IPC=0.846  ratio_rm=0.1174
[OMPT][WIN100ms] ompt_id=1688849860263937 tid=1054932 tipo=ompt_thread_worker     cpu=208 numa=1  d_rm= 2004328  d_instr= 348891086  d_cyc= 539976956  d_all=16717563  IPC=0.646  ratio_rm=0.1199
[OMPT][WIN100ms] ompt_id=1970324836974593 tid=1054933 tipo=ompt_thread_worker     cpu= 87 numa=1  d_rm= 2014717  d_instr= 352391874  d_cyc= 540918593  d_all=16820185  IPC=0.651  ratio_rm=0.1198
[OMPT][WIN100ms] ompt_id=2251799813685249 tid=1054935 tipo=ompt_thread_worker     cpu= 97 numa=1  d_rm= 1656660  d_instr= 432344452  d_cyc= 524423710  d_all=14323079  IPC=0.824  ratio_rm=0.1157
[OMPT][WIN100ms] ompt_id=2533274790395905 tid=1054934 tipo=ompt_thread_worker     cpu=139 numa=0  d_rm= 1572996  d_instr= 419630768  d_cyc= 525209198  d_all=13667746  IPC=0.799  ratio_rm=0.1151
[OMPT][WIN100ms] ompt_id=2814749767106561 tid=1054937 tipo=ompt_thread_worker     cpu=113 numa=1  d_rm= 1926813  d_instr= 341052330  d_cyc= 542368037  d_all=16444685  IPC=0.629  ratio_rm=0.1172
[OMPT][WIN100ms] ompt_id=3096224743817217 tid=1054936 tipo=ompt_thread_worker     cpu=  2 numa=0  d_rm= 1948411  d_instr= 338047084  d_cyc= 540904793  d_all=16601183  IPC=0.625  ratio_rm=0.1174
[OMPT][WIN100ms] ompt_id=3377699720527873 tid=1054938 tipo=ompt_thread_worker     cpu=231 numa=1  d_rm= 1580126  d_instr= 407309161  d_cyc= 526008325  d_all=13273907  IPC=0.774  ratio_rm=0.1190
[OMPT][WIN100ms] ompt_id=3940649673949185 tid=1054940 tipo=ompt_thread_worker     cpu= 45 numa=0  d_rm= 1523758  d_instr= 394093972  d_cyc= 525730538  d_all=12946679  IPC=0.750  ratio_rm=0.1177
[OMPT][WIN100ms] ompt_id=3659174697238529 tid=1054939 tipo=ompt_thread_worker     cpu= 56 numa=0  d_rm= 1537412  d_instr= 398291858  d_cyc= 525415779  d_all=13093962  IPC=0.758  ratio_rm=0.1174
[OMPT][WIN100ms] ompt_id=4222124650659841 tid=1054942 tipo=ompt_thread_worker     cpu=191 numa=0  d_rm= 1874850  d_instr= 352779664  d_cyc= 541890698  d_all=16620194  IPC=0.651  ratio_rm=0.1128
[OMPT][WIN100ms] ompt_id=4503599627370497 tid=1054941 tipo=ompt_thread_worker     cpu= 64 numa=1  d_rm= 1854878  d_instr= 352887671  d_cyc= 541479798  d_all=16344637  IPC=0.652  ratio_rm=0.1135
[OMPT][WIN100ms] ompt_id=4785074604081153 tid=1054944 tipo=ompt_thread_worker     cpu= 21 numa=0  d_rm= 1595766  d_instr= 380327081  d_cyc= 530620008  d_all=13374230  IPC=0.717  ratio_rm=0.1193
[OMPT][WIN100ms] ompt_id=5066549580791809 tid=1054943 tipo=ompt_thread_worker     cpu=120 numa=1  d_rm= 1548395  d_instr= 378140079  d_cyc= 532335027  d_all=13374011  IPC=0.710  ratio_rm=0.1158
[OMPT][WIN100ms] ompt_id=5348024557502465 tid=1054945 tipo=ompt_thread_worker     cpu= 70 numa=1  d_rm= 1513081  d_instr= 375385591  d_cyc= 529635330  d_all=13078237  IPC=0.709  ratio_rm=0.1157
[OMPT][WIN100ms] ompt_id=5629499534213121 tid=1054946 tipo=ompt_thread_worker     cpu= 89 numa=1  d_rm= 1566440  d_instr= 369712054  d_cyc= 529290661  d_all=13132045  IPC=0.699  ratio_rm=0.1193
[OMPT][WIN100ms] ompt_id=5910974510923777 tid=1054947 tipo=ompt_thread_worker     cpu= 88 numa=1  d_rm= 1574019  d_instr= 370096186  d_cyc= 529987810  d_all=13179166  IPC=0.698  ratio_rm=0.1194
[OMPT][WIN100ms] ompt_id=6192449487634433 tid=1054948 tipo=ompt_thread_worker     cpu= 37 numa=0  d_rm= 1542376  d_instr= 363532901  d_cyc= 531041422  d_all=13097450  IPC=0.685  ratio_rm=0.1178
[OMPT][WIN100ms] ompt_id=6473924464345089 tid=1054949 tipo=ompt_thread_worker     cpu=128 numa=0  d_rm= 1918346  d_instr= 334962149  d_cyc= 543074811  d_all=16483504  IPC=0.617  ratio_rm=0.1164
[OMPT][WIN100ms] ompt_id=6755399441055745 tid=1054950 tipo=ompt_thread_worker     cpu=237 numa=1  d_rm= 2027833  d_instr= 342567166  d_cyc= 544969660  d_all=16411030  IPC=0.629  ratio_rm=0.1236
[OMPT][WIN100ms] ompt_id=7036874417766401 tid=1054951 tipo=ompt_thread_worker     cpu=104 numa=1  d_rm= 2065502  d_instr= 345363095  d_cyc= 544363019  d_all=16450604  IPC=0.634  ratio_rm=0.1256
[OMPT][WIN100ms] ompt_id=7318349394477057 tid=1054952 tipo=ompt_thread_worker     cpu= 48 numa=0  d_rm= 1845625  d_instr= 347063446  d_cyc= 542250415  d_all=16357385  IPC=0.640  ratio_rm=0.1128
[OMPT][WIN100ms] ompt_id=7599824371187713 tid=1054953 tipo=ompt_thread_worker     cpu= 35 numa=0  d_rm= 1895642  d_instr= 307896173  d_cyc= 530069700  d_all=18546268  IPC=0.581  ratio_rm=0.1022
[OMPT][WIN100ms] ompt_id=7881299347898369 tid=1054954 tipo=ompt_thread_worker     cpu= 46 numa=0  d_rm= 1857255  d_instr= 345253123  d_cyc= 544515767  d_all=16708022  IPC=0.634  ratio_rm=0.1112
[OMPT][WIN100ms] ompt_id=8162774324609025 tid=1054955 tipo=ompt_thread_worker     cpu= 72 numa=1  d_rm= 1565351  d_instr= 338703199  d_cyc= 538222548  d_all=13242518  IPC=0.629  ratio_rm=0.1182
[OMPT][WIN100ms] ompt_id=8444249301319681 tid=1054956 tipo=ompt_thread_worker     cpu=112 numa=1  d_rm= 1951120  d_instr= 340188034  d_cyc= 546427281  d_all=16513835  IPC=0.623  ratio_rm=0.1182
[OMPT][WIN100ms] ompt_id=8725724278030337 tid=1054957 tipo=ompt_thread_worker     cpu= 25 numa=0  d_rm= 1533441  d_instr= 332944285  d_cyc= 538500099  d_all=13132050  IPC=0.618  ratio_rm=0.1168
[OMPT][WIN100ms] ompt_id=9007199254740993 tid=1054958 tipo=ompt_thread_worker     cpu= 73 numa=1  d_rm= 1867953  d_instr= 347682356  d_cyc= 540674767  d_all=16573937  IPC=0.643  ratio_rm=0.1127
[OMPT] implicit_task_begin: parallel_id=281474976710969 thread_num=22 team_size=32
[OMPT] implicit_task_begin: parallel_id=281474976710969 thread_num=9 team_size=32
[OMPT] implicit_task_begin: parallel_id=281474976710969 thread_num=1 team_size=32
[OMPT] implicit_task_begin: parallel_id=281474976710969 thread_num=30 team_size=32
[OMPT] implicit_task_begin: parallel_id=281474976710969 thread_num=11 team_size=32
[OMPT] implicit_task_begin: parallel_id=281474976710969 thread_num=8 team_size=32
[OMPT] implicit_task_begin: parallel_id=281474976710969 thread_num=21 team_size=32
[OMPT] implicit_task_begin: parallel_id=281474976710969 thread_num=26 team_size=32
[OMPT] implicit_task_begin: parallel_id=281474976710969 thread_num=10 team_size=32
[OMPT] implicit_task_begin: parallel_id=281474976710969 thread_num=29 team_size=32
[OMPT] implicit_task_begin: parallel_id=281474976710969 thread_num=6 team_size=32
[OMPT] implicit_task_begin: parallel_id=281474976710969 thread_num=5 team_size=32
[OMPT] implicit_task_begin: parallel_id=281474976710969 thread_num=20 team_size=32
[OMPT] implicit_task_begin: parallel_id=281474976710969 thread_num=19 team_size=32
[OMPT] implicit_task_begin: parallel_id=281474976710969 thread_num=15 team_size=32
[OMPT] implicit_task_begin: parallel_id=281474976710969 thread_num=12 team_size=32
[OMPT] implicit_task_begin: parallel_id=281474976710969 thread_num=23 team_size=32
[OMPT] implicit_task_begin: parallel_id=281474976710969 thread_num=24 team_size=32
[OMPT] implicit_task_begin: parallel_id=281474976710969 thread_num=25 team_size=32
[OMPT] implicit_task_begin: parallel_id=281474976710969 thread_num=2 team_size=32
[OMPT] implicit_task_begin: parallel_id=281474976710969 thread_num=28 team_size=32
[OMPT] implicit_task_begin: parallel_id=281474976710969 thread_num=31 team_size=32
[OMPT] implicit_task_begin: parallel_id=281474976710969 thread_num=0 team_size=32
[OMPT] implicit_task_begin: parallel_id=281474976710969 thread_num=27 team_size=32
[OMPT] implicit_task_begin: parallel_id=281474976710969 thread_num=17 team_size=32
[OMPT] implicit_task_begin: parallel_id=281474976710969 thread_num=4 team_size=32
[OMPT] implicit_task_begin: parallel_id=281474976710969 thread_num=16 team_size=32
[OMPT] implicit_task_begin: parallel_id=281474976710969 thread_num=13 team_size=32
[OMPT] implicit_task_begin: parallel_id=281474976710969 thread_num=18 team_size=32
[OMPT] implicit_task_begin: parallel_id=281474976710969 thread_num=14 team_size=32
[OMPT] implicit_task_begin: parallel_id=281474976710969 thread_num=3 team_size=32
[OMPT] implicit_task_begin: parallel_id=281474976710969 thread_num=7 team_size=32
[OMPT] implicit_task_end: parallel_id=0 thread_num=0
[OMPT] parallel_end: parallel_id=281474976710969
[OMPT] parallel_begin: parallel_id=281474976710971 team_size=32
[OMPT] implicit_task_end: parallel_id=0 thread_num=16
[OMPT] implicit_task_end: parallel_id=0 thread_num=2
[OMPT] implicit_task_end: parallel_id=0 thread_num=24
[OMPT] implicit_task_begin: parallel_id=281474976710971 thread_num=2 team_size=32
[OMPT] implicit_task_end: parallel_id=0 thread_num=8
[OMPT] implicit_task_end: parallel_id=0 thread_num=3
[OMPT] implicit_task_end: parallel_id=0 thread_num=12
[OMPT] implicit_task_end: parallel_id=0 thread_num=1
[OMPT] implicit_task_end: parallel_id=0 thread_num=14
[OMPT] implicit_task_begin: parallel_id=281474976710971 thread_num=3 team_size=32
[OMPT] implicit_task_begin: parallel_id=281474976710971 thread_num=12 team_size=32
[OMPT] implicit_task_end: parallel_id=0 thread_num=18
[OMPT] implicit_task_begin: parallel_id=281474976710971 thread_num=1 team_size=32
[OMPT] implicit_task_end: parallel_id=0 thread_num=20
[OMPT] implicit_task_end: parallel_id=0 thread_num=23
[OMPT] implicit_task_begin: parallel_id=281474976710971 thread_num=16 team_size=32
[OMPT] implicit_task_end: parallel_id=0 thread_num=4
[OMPT] implicit_task_end: parallel_id=0 thread_num=7
[OMPT] implicit_task_begin: parallel_id=281474976710971 thread_num=20 team_size=32
[OMPT] implicit_task_end: parallel_id=0 thread_num=27
[OMPT] implicit_task_end: parallel_id=0 thread_num=26
[OMPT] implicit_task_begin: parallel_id=281474976710971 thread_num=7 team_size=32
[OMPT] implicit_task_begin: parallel_id=281474976710971 thread_num=27 team_size=32
[OMPT] implicit_task_begin: parallel_id=281474976710971 thread_num=26 team_size=32
[OMPT] implicit_task_begin: parallel_id=281474976710971 thread_num=0 team_size=32
[OMPT] implicit_task_end: parallel_id=0 thread_num=9
[OMPT] implicit_task_end: parallel_id=0 thread_num=15
[OMPT] implicit_task_begin: parallel_id=281474976710971 thread_num=15 team_size=32
[OMPT] implicit_task_end: parallel_id=0 thread_num=17
[OMPT] implicit_task_begin: parallel_id=281474976710971 thread_num=17 team_size=32
[OMPT] implicit_task_begin: parallel_id=281474976710971 thread_num=8 team_size=32
[OMPT] implicit_task_end: parallel_id=0 thread_num=28
[OMPT] implicit_task_end: parallel_id=0 thread_num=31
[OMPT] implicit_task_begin: parallel_id=281474976710971 thread_num=14 team_size=32
[OMPT] implicit_task_begin: parallel_id=281474976710971 thread_num=31 team_size=32
[OMPT] implicit_task_end: parallel_id=0 thread_num=19
[OMPT] implicit_task_end: parallel_id=0 thread_num=22
[OMPT] implicit_task_end: parallel_id=0 thread_num=21
[OMPT] implicit_task_begin: parallel_id=281474976710971 thread_num=19 team_size=32
[OMPT] implicit_task_begin: parallel_id=281474976710971 thread_num=21 team_size=32
[OMPT] implicit_task_end: parallel_id=0 thread_num=5
[OMPT] implicit_task_end: parallel_id=0 thread_num=11
[OMPT] implicit_task_begin: parallel_id=281474976710971 thread_num=23 team_size=32
[OMPT] implicit_task_begin: parallel_id=281474976710971 thread_num=5 team_size=32
[OMPT] implicit_task_begin: parallel_id=281474976710971 thread_num=11 team_size=32
[OMPT] implicit_task_end: parallel_id=0 thread_num=13
[OMPT] implicit_task_begin: parallel_id=281474976710971 thread_num=13 team_size=32
[OMPT] implicit_task_begin: parallel_id=281474976710971 thread_num=9 team_size=32
[OMPT] implicit_task_begin: parallel_id=281474976710971 thread_num=24 team_size=32
[OMPT] implicit_task_end: parallel_id=0 thread_num=30
[OMPT] implicit_task_begin: parallel_id=281474976710971 thread_num=30 team_size=32
[OMPT] implicit_task_end: parallel_id=0 thread_num=29
[OMPT] implicit_task_begin: parallel_id=281474976710971 thread_num=28 team_size=32
[OMPT] implicit_task_begin: parallel_id=281474976710971 thread_num=29 team_size=32
[OMPT] implicit_task_begin: parallel_id=281474976710971 thread_num=18 team_size=32
[OMPT] implicit_task_begin: parallel_id=281474976710971 thread_num=22 team_size=32
[OMPT] implicit_task_end: parallel_id=0 thread_num=25
[OMPT] implicit_task_begin: parallel_id=281474976710971 thread_num=4 team_size=32
[OMPT] implicit_task_end: parallel_id=0 thread_num=10
[OMPT] implicit_task_begin: parallel_id=281474976710971 thread_num=10 team_size=32
[OMPT] implicit_task_end: parallel_id=0 thread_num=6
[OMPT] implicit_task_begin: parallel_id=281474976710971 thread_num=6 team_size=32
[OMPT] implicit_task_begin: parallel_id=281474976710971 thread_num=25 team_size=32
[OMPT] implicit_task_end: parallel_id=0 thread_num=0
[OMPT] parallel_end: parallel_id=281474976710971
[OMPT] parallel_begin: parallel_id=281474976710973 team_size=32
[OMPT] implicit_task_end: parallel_id=0 thread_num=12
[OMPT] implicit_task_end: parallel_id=0 thread_num=1
[OMPT] implicit_task_end: parallel_id=0 thread_num=14
[OMPT] implicit_task_end: parallel_id=0 thread_num=16
[OMPT] implicit_task_begin: parallel_id=281474976710973 thread_num=14 team_size=32
[OMPT] implicit_task_end: parallel_id=0 thread_num=18
[OMPT] implicit_task_end: parallel_id=0 thread_num=20
[OMPT] implicit_task_end: parallel_id=0 thread_num=22
[OMPT] implicit_task_end: parallel_id=0 thread_num=15
[OMPT] implicit_task_begin: parallel_id=281474976710973 thread_num=20 team_size=32
[OMPT] implicit_task_begin: parallel_id=281474976710973 thread_num=15 team_size=32
[OMPT] implicit_task_end: parallel_id=0 thread_num=4
[OMPT] implicit_task_end: parallel_id=0 thread_num=7
[OMPT] implicit_task_begin: parallel_id=281474976710973 thread_num=7 team_size=32
[OMPT] implicit_task_end: parallel_id=0 thread_num=17
[OMPT] implicit_task_begin: parallel_id=281474976710973 thread_num=17 team_size=32
[OMPT] implicit_task_end: parallel_id=0 thread_num=19
[OMPT] implicit_task_begin: parallel_id=281474976710973 thread_num=19 team_size=32
[OMPT] implicit_task_end: parallel_id=0 thread_num=28
[OMPT] implicit_task_end: parallel_id=0 thread_num=31
[OMPT] implicit_task_begin: parallel_id=281474976710973 thread_num=28 team_size=32
[OMPT] implicit_task_begin: parallel_id=281474976710973 thread_num=31 team_size=32
[OMPT] implicit_task_end: parallel_id=0 thread_num=24
[OMPT] implicit_task_begin: parallel_id=281474976710973 thread_num=16 team_size=32
[OMPT] implicit_task_end: parallel_id=0 thread_num=27
[OMPT] implicit_task_end: parallel_id=0 thread_num=3
[OMPT] implicit_task_end: parallel_id=0 thread_num=23
[OMPT] implicit_task_begin: parallel_id=281474976710973 thread_num=18 team_size=32
[OMPT] implicit_task_begin: parallel_id=281474976710973 thread_num=24 team_size=32
[OMPT] implicit_task_begin: parallel_id=281474976710973 thread_num=23 team_size=32
[OMPT] implicit_task_end: parallel_id=0 thread_num=13
[OMPT] implicit_task_begin: parallel_id=281474976710973 thread_num=3 team_size=32
[OMPT] implicit_task_begin: parallel_id=281474976710973 thread_num=13 team_size=32
[OMPT] implicit_task_begin: parallel_id=281474976710973 thread_num=22 team_size=32
[OMPT] implicit_task_end: parallel_id=0 thread_num=6
[OMPT] implicit_task_end: parallel_id=0 thread_num=5
[OMPT] implicit_task_begin: parallel_id=281474976710973 thread_num=1 team_size=32
[OMPT] implicit_task_begin: parallel_id=281474976710973 thread_num=6 team_size=32
[OMPT] implicit_task_begin: parallel_id=281474976710973 thread_num=5 team_size=32
[OMPT] implicit_task_begin: parallel_id=281474976710973 thread_num=4 team_size=32
[OMPT] implicit_task_end: parallel_id=0 thread_num=8
[OMPT] implicit_task_end: parallel_id=0 thread_num=11
[OMPT] implicit_task_end: parallel_id=0 thread_num=30
[OMPT] implicit_task_end: parallel_id=0 thread_num=29
[OMPT] implicit_task_end: parallel_id=0 thread_num=25
[OMPT] implicit_task_end: parallel_id=0 thread_num=26
[OMPT] implicit_task_end: parallel_id=0 thread_num=21
[OMPT] implicit_task_begin: parallel_id=281474976710973 thread_num=21 team_size=32
[OMPT] implicit_task_begin: parallel_id=281474976710973 thread_num=0 team_size=32
[OMPT] implicit_task_begin: parallel_id=281474976710973 thread_num=27 team_size=32
[OMPT] implicit_task_begin: parallel_id=281474976710973 thread_num=12 team_size=32
[OMPT] implicit_task_end: parallel_id=0 thread_num=9
[OMPT] implicit_task_begin: parallel_id=281474976710973 thread_num=9 team_size=32
[OMPT] implicit_task_end: parallel_id=0 thread_num=10
[OMPT] implicit_task_begin: parallel_id=281474976710973 thread_num=10 team_size=32
[OMPT] implicit_task_begin: parallel_id=281474976710973 thread_num=8 team_size=32
[OMPT] implicit_task_begin: parallel_id=281474976710973 thread_num=11 team_size=32
[OMPT] implicit_task_begin: parallel_id=281474976710973 thread_num=30 team_size=32
[OMPT] implicit_task_end: parallel_id=0 thread_num=2
[OMPT] implicit_task_begin: parallel_id=281474976710973 thread_num=2 team_size=32
[OMPT] implicit_task_begin: parallel_id=281474976710973 thread_num=29 team_size=32
[OMPT] implicit_task_begin: parallel_id=281474976710973 thread_num=25 team_size=32
[OMPT] implicit_task_begin: parallel_id=281474976710973 thread_num=26 team_size=32
[OMPT] implicit_task_end: parallel_id=0 thread_num=0
[OMPT] parallel_end: parallel_id=281474976710973
[OMPT] control_tool: PAUSANDO medicion
[OMPT] implicit_task_end: parallel_id=0 thread_num=1
[OMPT] thread_end: ompt_id=281474976710657 tid=1054906 cpu=22
[OMPT] implicit_task_end: parallel_id=0 thread_num=17
[OMPT] implicit_task_end: parallel_id=0 thread_num=7
[OMPT] implicit_task_end: parallel_id=0 thread_num=25
[OMPT] implicit_task_end: parallel_id=0 thread_num=8
[OMPT] implicit_task_end: parallel_id=0 thread_num=4
[OMPT] implicit_task_end: parallel_id=0 thread_num=10
[OMPT] thread_end: ompt_id=2533274790395905 tid=1054934 cpu=139
[OMPT] thread_end: ompt_id=1407374883553281 tid=1054931 cpu=121
[OMPT] thread_end: ompt_id=4785074604081153 tid=1054944 cpu=21
[OMPT] implicit_task_end: parallel_id=0 thread_num=26
[OMPT] implicit_task_end: parallel_id=0 thread_num=2
[OMPT] implicit_task_end: parallel_id=0 thread_num=13
[OMPT] implicit_task_end: parallel_id=0 thread_num=22
[OMPT] implicit_task_end: parallel_id=0 thread_num=30
[OMPT] thread_end: ompt_id=8725724278030337 tid=1054957 cpu=25
[OMPT] implicit_task_end: parallel_id=0 thread_num=23
[OMPT] thread_end: ompt_id=6755399441055745 tid=1054950 cpu=237
[OMPT] implicit_task_end: parallel_id=0 thread_num=20
[OMPT] thread_end: ompt_id=5910974510923777 tid=1054947 cpu=88
[OMPT] implicit_task_end: parallel_id=0 thread_num=11
[OMPT] thread_end: ompt_id=3377699720527873 tid=1054938 cpu=231
[OMPT] implicit_task_end: parallel_id=0 thread_num=28
[OMPT] thread_end: ompt_id=8162774324609025 tid=1054955 cpu=72
[OMPT] implicit_task_end: parallel_id=0 thread_num=9
[OMPT] thread_end: ompt_id=3096224743817217 tid=1054936 cpu=2
[OMPT] implicit_task_end: parallel_id=0 thread_num=6
[OMPT] thread_end: ompt_id=1970324836974593 tid=1054933 cpu=87
[OMPT] implicit_task_end: parallel_id=0 thread_num=5
[OMPT] thread_end: ompt_id=1688849860263937 tid=1054932 cpu=208
[OMPT] implicit_task_end: parallel_id=0 thread_num=29
[OMPT] thread_end: ompt_id=8444249301319681 tid=1054956 cpu=112
[OMPT] implicit_task_end: parallel_id=0 thread_num=27
[OMPT] thread_end: ompt_id=7881299347898369 tid=1054954 cpu=46
[OMPT] implicit_task_end: parallel_id=0 thread_num=19
[OMPT] thread_end: ompt_id=5629499534213121 tid=1054946 cpu=89
[OMPT] implicit_task_end: parallel_id=0 thread_num=16
[OMPT] thread_end: ompt_id=5066549580791809 tid=1054943 cpu=120
[OMPT] thread_end: ompt_id=7318349394477057 tid=1054952 cpu=48
[OMPT] thread_end: ompt_id=2251799813685249 tid=1054935 cpu=97
[OMPT] implicit_task_end: parallel_id=0 thread_num=3
[OMPT] thread_end: ompt_id=1125899906842625 tid=1054930 cpu=8
[OMPT] implicit_task_end: parallel_id=0 thread_num=21
[OMPT] thread_end: ompt_id=6192449487634433 tid=1054948 cpu=37
[OMPT] implicit_task_end: parallel_id=0 thread_num=12
[OMPT] thread_end: ompt_id=3659174697238529 tid=1054939 cpu=56
[OMPT] thread_end: ompt_id=2814749767106561 tid=1054937 cpu=113
[OMPT] implicit_task_end: parallel_id=0 thread_num=15
[OMPT] thread_end: ompt_id=4222124650659841 tid=1054942 cpu=191
[OMPT] implicit_task_end: parallel_id=0 thread_num=31
[OMPT] thread_end: ompt_id=9007199254740993 tid=1054958 cpu=73
[OMPT] thread_end: ompt_id=844424930131969 tid=1054929 cpu=49
[OMPT] thread_end: ompt_id=7599824371187713 tid=1054953 cpu=35
[OMPT] implicit_task_end: parallel_id=0 thread_num=1
[OMPT] thread_end: ompt_id=562949953421313 tid=1054928 cpu=159
[OMPT] implicit_task_end: parallel_id=0 thread_num=14
[OMPT] thread_end: ompt_id=4503599627370497 tid=1054941 cpu=64
[OMPT] thread_end: ompt_id=3940649673949185 tid=1054940 cpu=45
[OMPT] thread_end: ompt_id=6473924464345089 tid=1054949 cpu=128
[OMPT] implicit_task_end: parallel_id=0 thread_num=24
[OMPT] thread_end: ompt_id=7036874417766401 tid=1054951 cpu=104
[OMPT] implicit_task_end: parallel_id=0 thread_num=18
[OMPT] thread_end: ompt_id=5348024557502465 tid=1054945 cpu=70
[OMPT] ompt_finalize
[OMPT][MON] Monitor detenido
[OMPT] ===== Tabla final: 32 hilos =====
[OMPT] tid=1054906 ompt_id=281474976710657 tipo=ompt_thread_initial    last_cpu= 22 numa=0 migraciones=0 perf=abierto
        remote_fills=58868193  instr=11626161461  ipc=0.690
[OMPT] tid=1054928 ompt_id=562949953421313 tipo=ompt_thread_worker     last_cpu=159 numa=0 migraciones=0 perf=abierto
        remote_fills=57377024  instr=11744507579  ipc=0.706
[OMPT] tid=1054929 ompt_id=844424930131969 tipo=ompt_thread_worker     last_cpu= 49 numa=0 migraciones=1 perf=abierto
        remote_fills=60566219  instr=10662265693  ipc=0.635
[OMPT] tid=1054930 ompt_id=1125899906842625 tipo=ompt_thread_worker     last_cpu=  8 numa=0 migraciones=0 perf=abierto
        remote_fills=57072008  instr=11672890303  ipc=0.701
[OMPT] tid=1054931 ompt_id=1407374883553281 tipo=ompt_thread_worker     last_cpu=121 numa=1 migraciones=0 perf=abierto
        remote_fills=61157909  instr=11634802795  ipc=0.698
[OMPT] tid=1054932 ompt_id=1688849860263937 tipo=ompt_thread_worker     last_cpu=208 numa=1 migraciones=0 perf=abierto
        remote_fills=60267721  instr=11498187437  ipc=0.690
[OMPT] tid=1054933 ompt_id=1970324836974593 tipo=ompt_thread_worker     last_cpu= 87 numa=1 migraciones=0 perf=abierto
        remote_fills=60110408  instr=11593477552  ipc=0.696
[OMPT] tid=1054935 ompt_id=2251799813685249 tipo=ompt_thread_worker     last_cpu= 97 numa=1 migraciones=0 perf=abierto
        remote_fills=59219655  instr=11554018835  ipc=0.693
[OMPT] tid=1054934 ompt_id=2533274790395905 tipo=ompt_thread_worker     last_cpu=139 numa=0 migraciones=0 perf=abierto
        remote_fills=59153004  instr=11889561854  ipc=0.713
[OMPT] tid=1054937 ompt_id=2814749767106561 tipo=ompt_thread_worker     last_cpu=113 numa=1 migraciones=0 perf=abierto
        remote_fills=58052648  instr=11204452440  ipc=0.671
[OMPT] tid=1054936 ompt_id=3096224743817217 tipo=ompt_thread_worker     last_cpu=  2 numa=0 migraciones=0 perf=abierto
        remote_fills=59196522  instr=10813085778  ipc=0.644
[OMPT] tid=1054938 ompt_id=3377699720527873 tipo=ompt_thread_worker     last_cpu=231 numa=1 migraciones=0 perf=abierto
        remote_fills=60118065  instr=11448945802  ipc=0.686
[OMPT] tid=1054940 ompt_id=3940649673949185 tipo=ompt_thread_worker     last_cpu= 45 numa=0 migraciones=0 perf=abierto
        remote_fills=57093648  instr=11083286022  ipc=0.689
[OMPT] tid=1054939 ompt_id=3659174697238529 tipo=ompt_thread_worker     last_cpu= 56 numa=0 migraciones=0 perf=abierto
        remote_fills=57572339  instr=11347690724  ipc=0.704
[OMPT] tid=1054942 ompt_id=4222124650659841 tipo=ompt_thread_worker     last_cpu=191 numa=0 migraciones=0 perf=abierto
        remote_fills=57874516  instr=11669603330  ipc=0.700
[OMPT] tid=1054941 ompt_id=4503599627370497 tipo=ompt_thread_worker     last_cpu= 64 numa=1 migraciones=0 perf=abierto
        remote_fills=56264234  instr=10608375133  ipc=0.632
[OMPT] tid=1054944 ompt_id=4785074604081153 tipo=ompt_thread_worker     last_cpu= 21 numa=0 migraciones=0 perf=abierto
        remote_fills=59951461  instr=11566344139  ipc=0.694
[OMPT] tid=1054943 ompt_id=5066549580791809 tipo=ompt_thread_worker     last_cpu=120 numa=1 migraciones=0 perf=abierto
        remote_fills=58027704  instr=11712735256  ipc=0.695
[OMPT] tid=1054945 ompt_id=5348024557502465 tipo=ompt_thread_worker     last_cpu= 70 numa=1 migraciones=1 perf=abierto
        remote_fills=59192914  instr=10911820824  ipc=0.652
[OMPT] tid=1054946 ompt_id=5629499534213121 tipo=ompt_thread_worker     last_cpu= 89 numa=1 migraciones=0 perf=abierto
        remote_fills=58445008  instr=11611217295  ipc=0.698
[OMPT] tid=1054947 ompt_id=5910974510923777 tipo=ompt_thread_worker     last_cpu= 88 numa=1 migraciones=0 perf=abierto
        remote_fills=58049991  instr=12017245281  ipc=0.717
[OMPT] tid=1054948 ompt_id=6192449487634433 tipo=ompt_thread_worker     last_cpu= 37 numa=0 migraciones=0 perf=abierto
        remote_fills=57346000  instr=11261343799  ipc=0.699
[OMPT] tid=1054949 ompt_id=6473924464345089 tipo=ompt_thread_worker     last_cpu=128 numa=0 migraciones=1 perf=abierto
        remote_fills=60628354  instr=9970667968  ipc=0.590
[OMPT] tid=1054950 ompt_id=6755399441055745 tipo=ompt_thread_worker     last_cpu=237 numa=1 migraciones=0 perf=abierto
        remote_fills=60606994  instr=10996183265  ipc=0.657
[OMPT] tid=1054951 ompt_id=7036874417766401 tipo=ompt_thread_worker     last_cpu=104 numa=1 migraciones=0 perf=abierto
        remote_fills=59109180  instr=11379500117  ipc=0.707
[OMPT] tid=1054952 ompt_id=7318349394477057 tipo=ompt_thread_worker     last_cpu= 48 numa=0 migraciones=1 perf=abierto
        remote_fills=57832865  instr=10278332966  ipc=0.632
[OMPT] tid=1054953 ompt_id=7599824371187713 tipo=ompt_thread_worker     last_cpu= 35 numa=0 migraciones=0 perf=abierto
        remote_fills=57213007  instr=11413759147  ipc=0.695
[OMPT] tid=1054954 ompt_id=7881299347898369 tipo=ompt_thread_worker     last_cpu= 46 numa=0 migraciones=0 perf=abierto
        remote_fills=57037949  instr=10983637669  ipc=0.679
[OMPT] tid=1054955 ompt_id=8162774324609025 tipo=ompt_thread_worker     last_cpu= 72 numa=1 migraciones=0 perf=abierto
        remote_fills=57028748  instr=11910292372  ipc=0.717
[OMPT] tid=1054956 ompt_id=8444249301319681 tipo=ompt_thread_worker     last_cpu=112 numa=1 migraciones=0 perf=abierto
        remote_fills=58643271  instr=10810564766  ipc=0.645
[OMPT] tid=1054957 ompt_id=8725724278030337 tipo=ompt_thread_worker     last_cpu= 25 numa=0 migraciones=0 perf=abierto
        remote_fills=57479884  instr=11795929148  ipc=0.709
[OMPT] tid=1054958 ompt_id=9007199254740993 tipo=ompt_thread_worker     last_cpu= 73 numa=1 migraciones=0 perf=abierto
        remote_fills=58451407  instr=11379924022  ipc=0.681
