[OMPT] ompt_initialize
[HWLOC] Nodos NUMA detectados: 2
[HWLOC] Nodo 0: 128 CPUs
[HWLOC] Nodo 1: 128 CPUs
[OMPT] callback 'ompt_callback_thread_begin' registrado (result=5)
[OMPT] callback 'ompt_callback_thread_end' registrado (result=5)
[OMPT] callback 'ompt_callback_parallel_begin' registrado (result=5)
[OMPT] callback 'ompt_callback_parallel_end' registrado (result=5)
[OMPT] callback 'ompt_callback_implicit_task' registrado (result=5)
[OMPT] callback 'ompt_callback_control_tool' registrado (result=5)
[OMPT] Callbacks registrados
[OMPT] Sistema: 0 procesadores lógicos
[OMPT][MON] Monitor iniciado  período=100ms  umbral=0.110000  cooldown=10 ventanas
[OMPT][PERF] Contadores pausados (esperando start) tid=846964
[OMPT] thread_begin: tipo=ompt_thread_initial    ompt_id=281474976710657 tid=846964 cpu=255 numa=1
[OMPT] implicit_task_begin: parallel_id=0 thread_num=1 team_size=1
[OMPT] parallel_begin: parallel_id=281474976710659 team_size=8
[OMPT][PERF] Contadores pausados (esperando start) tid=846966
[OMPT] thread_begin: tipo=ompt_thread_worker     ompt_id=562949953421313 tid=846966 cpu=192 numa=1
[OMPT][PERF] Contadores pausados (esperando start) tid=846967
[OMPT] thread_begin: tipo=ompt_thread_worker     ompt_id=844424930131969 tid=846967 cpu=231 numa=1
[OMPT][PERF] Contadores pausados (esperando start) tid=846968
[OMPT] thread_begin: tipo=ompt_thread_worker     ompt_id=1125899906842625 tid=846968 cpu=0 numa=0
[OMPT][PERF] Contadores pausados (esperando start) tid=846969
[OMPT] thread_begin: tipo=ompt_thread_worker     ompt_id=1407374883553281 tid=846969 cpu=239 numa=1
[OMPT] implicit_task_begin: parallel_id=281474976710659 thread_num=0 team_size=8
[OMPT] implicit_task_begin: parallel_id=281474976710659 thread_num=2 team_size=8
[OMPT][PERF] Contadores pausados (esperando start) tid=846970
[OMPT] thread_begin: tipo=ompt_thread_worker     ompt_id=1688849860263937 tid=846970 cpu=247 numa=1
[OMPT] implicit_task_begin: parallel_id=281474976710659 thread_num=4 team_size=8
[OMPT] implicit_task_begin: parallel_id=281474976710659 thread_num=1 team_size=8
[OMPT][PERF] Contadores pausados (esperando start) tid=846971
[OMPT] thread_begin: tipo=ompt_thread_worker     ompt_id=2251799813685249 tid=846971 cpu=79 numa=1
[OMPT] implicit_task_begin: parallel_id=281474976710659 thread_num=5 team_size=8
[OMPT][PERF] Contadores pausados (esperando start) tid=846972
[OMPT] thread_begin: tipo=ompt_thread_worker     ompt_id=1970324836974593 tid=846972 cpu=0 numa=0
[OMPT] implicit_task_begin: parallel_id=281474976710659 thread_num=3 team_size=8
[OMPT] implicit_task_begin: parallel_id=281474976710659 thread_num=6 team_size=8
[OMPT] implicit_task_begin: parallel_id=281474976710659 thread_num=7 team_size=8
[OMPT] implicit_task_end: parallel_id=0 thread_num=0
[OMPT] parallel_end: parallel_id=281474976710659
[OMPT] parallel_begin: parallel_id=281474976710661 team_size=8
[OMPT] implicit_task_end: parallel_id=0 thread_num=4
[OMPT] implicit_task_end: parallel_id=0 thread_num=2
[OMPT] implicit_task_begin: parallel_id=281474976710661 thread_num=2 team_size=8
[OMPT] implicit_task_end: parallel_id=0 thread_num=6
[OMPT] implicit_task_end: parallel_id=0 thread_num=5
[OMPT] implicit_task_begin: parallel_id=281474976710661 thread_num=4 team_size=8
[OMPT] implicit_task_begin: parallel_id=281474976710661 thread_num=6 team_size=8
[OMPT] implicit_task_begin: parallel_id=281474976710661 thread_num=5 team_size=8
[OMPT] implicit_task_begin: parallel_id=281474976710661 thread_num=0 team_size=8
[OMPT] implicit_task_end: parallel_id=0 thread_num=7
[OMPT] implicit_task_begin: parallel_id=281474976710661 thread_num=7 team_size=8
[OMPT] implicit_task_end: parallel_id=0 thread_num=3
[OMPT] implicit_task_end: parallel_id=0 thread_num=1
[OMPT] implicit_task_begin: parallel_id=281474976710661 thread_num=1 team_size=8
[OMPT] implicit_task_begin: parallel_id=281474976710661 thread_num=3 team_size=8
[OMPT] implicit_task_end: parallel_id=0 thread_num=0
[OMPT] parallel_end: parallel_id=281474976710661
[OMPT] parallel_begin: parallel_id=281474976710663 team_size=8
[OMPT] implicit_task_end: parallel_id=0 thread_num=3
[OMPT] implicit_task_end: parallel_id=0 thread_num=2
[OMPT] implicit_task_begin: parallel_id=281474976710663 thread_num=0 team_size=8
[OMPT] implicit_task_end: parallel_id=0 thread_num=1
[OMPT] implicit_task_end: parallel_id=0 thread_num=4
[OMPT] implicit_task_end: parallel_id=0 thread_num=7
[OMPT] implicit_task_begin: parallel_id=281474976710663 thread_num=2 team_size=8
[OMPT] implicit_task_end: parallel_id=0 thread_num=5
[OMPT] implicit_task_end: parallel_id=0 thread_num=6
[OMPT] implicit_task_begin: parallel_id=281474976710663 thread_num=4 team_size=8
[OMPT] implicit_task_begin: parallel_id=281474976710663 thread_num=5 team_size=8
[OMPT] implicit_task_begin: parallel_id=281474976710663 thread_num=1 team_size=8
[OMPT] implicit_task_begin: parallel_id=281474976710663 thread_num=6 team_size=8
[OMPT] implicit_task_begin: parallel_id=281474976710663 thread_num=3 team_size=8
[OMPT] implicit_task_begin: parallel_id=281474976710663 thread_num=7 team_size=8
[OMPT] implicit_task_end: parallel_id=0 thread_num=0
[OMPT] parallel_end: parallel_id=281474976710663
[OMPT] parallel_begin: parallel_id=281474976710665 team_size=8
[OMPT] implicit_task_end: parallel_id=0 thread_num=3
[OMPT] implicit_task_end: parallel_id=0 thread_num=4
[OMPT] implicit_task_begin: parallel_id=281474976710665 thread_num=0 team_size=8
[OMPT] implicit_task_end: parallel_id=0 thread_num=6
[OMPT] implicit_task_end: parallel_id=0 thread_num=1
[OMPT] implicit_task_end: parallel_id=0 thread_num=7
[OMPT] implicit_task_begin: parallel_id=281474976710665 thread_num=4 team_size=8
[OMPT] implicit_task_end: parallel_id=0 thread_num=2
[OMPT] implicit_task_begin: parallel_id=281474976710665 thread_num=6 team_size=8
[OMPT] implicit_task_begin: parallel_id=281474976710665 thread_num=3 team_size=8
[OMPT] implicit_task_end: parallel_id=0 thread_num=5
[OMPT] implicit_task_begin: parallel_id=281474976710665 thread_num=7 team_size=8
[OMPT] implicit_task_begin: parallel_id=281474976710665 thread_num=2 team_size=8
[OMPT] implicit_task_begin: parallel_id=281474976710665 thread_num=5 team_size=8
[OMPT] implicit_task_begin: parallel_id=281474976710665 thread_num=1 team_size=8
[OMPT] implicit_task_end: parallel_id=0 thread_num=0
[OMPT] parallel_end: parallel_id=281474976710665
[OMPT] control_tool: INICIANDO medicion
[OMPT] parallel_begin: parallel_id=281474976710667 team_size=8
[OMPT] implicit_task_end: parallel_id=0 thread_num=4
[OMPT] implicit_task_begin: parallel_id=281474976710667 thread_num=0 team_size=8
[OMPT] implicit_task_end: parallel_id=0 thread_num=7
[OMPT] implicit_task_begin: parallel_id=281474976710667 thread_num=4 team_size=8
[OMPT] implicit_task_begin: parallel_id=281474976710667 thread_num=7 team_size=8
[OMPT] implicit_task_end: parallel_id=0 thread_num=3
[OMPT] implicit_task_end: parallel_id=0 thread_num=1
[OMPT] implicit_task_end: parallel_id=0 thread_num=2
[OMPT] implicit_task_begin: parallel_id=281474976710667 thread_num=1 team_size=8
[OMPT] implicit_task_begin: parallel_id=281474976710667 thread_num=2 team_size=8
[OMPT] implicit_task_end: parallel_id=0 thread_num=5
[OMPT] implicit_task_end: parallel_id=0 thread_num=6
[OMPT] implicit_task_begin: parallel_id=281474976710667 thread_num=3 team_size=8
[OMPT] implicit_task_begin: parallel_id=281474976710667 thread_num=5 team_size=8
[OMPT] implicit_task_begin: parallel_id=281474976710667 thread_num=6 team_size=8
[OMPT] implicit_task_end: parallel_id=0 thread_num=0
[OMPT] parallel_end: parallel_id=281474976710667
[OMPT] parallel_begin: parallel_id=281474976710669 team_size=8
[OMPT] implicit_task_end: parallel_id=0 thread_num=4
[OMPT] implicit_task_end: parallel_id=0 thread_num=7
[OMPT] implicit_task_end: parallel_id=0 thread_num=1
[OMPT] implicit_task_begin: parallel_id=281474976710669 thread_num=0 team_size=8
[OMPT] implicit_task_end: parallel_id=0 thread_num=2
[OMPT] implicit_task_end: parallel_id=0 thread_num=3
[OMPT] implicit_task_end: parallel_id=0 thread_num=6
[OMPT] implicit_task_begin: parallel_id=281474976710669 thread_num=4 team_size=8
[OMPT] implicit_task_end: parallel_id=0 thread_num=5
[OMPT] implicit_task_begin: parallel_id=281474976710669 thread_num=1 team_size=8
[OMPT] implicit_task_begin: parallel_id=281474976710669 thread_num=6 team_size=8
[OMPT] implicit_task_begin: parallel_id=281474976710669 thread_num=2 team_size=8
[OMPT] implicit_task_begin: parallel_id=281474976710669 thread_num=7 team_size=8
[OMPT] implicit_task_begin: parallel_id=281474976710669 thread_num=3 team_size=8
[OMPT] implicit_task_begin: parallel_id=281474976710669 thread_num=5 team_size=8
[OMPT] implicit_task_end: parallel_id=0 thread_num=0
[OMPT] parallel_end: parallel_id=281474976710669
[OMPT] parallel_begin: parallel_id=281474976710671 team_size=8
[OMPT] implicit_task_end: parallel_id=0 thread_num=4
[OMPT] implicit_task_end: parallel_id=0 thread_num=7
[OMPT] implicit_task_end: parallel_id=0 thread_num=3
[OMPT] implicit_task_begin: parallel_id=281474976710671 thread_num=0 team_size=8
[OMPT] implicit_task_end: parallel_id=0 thread_num=1
[OMPT] implicit_task_end: parallel_id=0 thread_num=5
[OMPT] implicit_task_end: parallel_id=0 thread_num=6
[OMPT] implicit_task_end: parallel_id=0 thread_num=2
[OMPT] implicit_task_begin: parallel_id=281474976710671 thread_num=1 team_size=8
[OMPT] implicit_task_begin: parallel_id=281474976710671 thread_num=4 team_size=8
[OMPT] implicit_task_begin: parallel_id=281474976710671 thread_num=5 team_size=8
[OMPT] implicit_task_begin: parallel_id=281474976710671 thread_num=7 team_size=8
[OMPT] implicit_task_begin: parallel_id=281474976710671 thread_num=3 team_size=8
[OMPT] implicit_task_begin: parallel_id=281474976710671 thread_num=6 team_size=8
[OMPT] implicit_task_begin: parallel_id=281474976710671 thread_num=2 team_size=8
[OMPT] implicit_task_end: parallel_id=0 thread_num=0
[OMPT] parallel_end: parallel_id=281474976710671
[OMPT] parallel_begin: parallel_id=281474976710673 team_size=8
[OMPT] implicit_task_end: parallel_id=0 thread_num=3
[OMPT] implicit_task_end: parallel_id=0 thread_num=2
[OMPT] implicit_task_begin: parallel_id=281474976710673 thread_num=0 team_size=8
[OMPT] implicit_task_begin: parallel_id=281474976710673 thread_num=3 team_size=8
[OMPT] implicit_task_end: parallel_id=0 thread_num=4
[OMPT] implicit_task_end: parallel_id=0 thread_num=7
[OMPT] implicit_task_end: parallel_id=0 thread_num=1
[OMPT] implicit_task_end: parallel_id=0 thread_num=6
[OMPT] implicit_task_begin: parallel_id=281474976710673 thread_num=2 team_size=8
[OMPT] implicit_task_end: parallel_id=0 thread_num=5
[OMPT] implicit_task_begin: parallel_id=281474976710673 thread_num=1 team_size=8
[OMPT] implicit_task_begin: parallel_id=281474976710673 thread_num=4 team_size=8
[OMPT] implicit_task_begin: parallel_id=281474976710673 thread_num=5 team_size=8
[OMPT] implicit_task_begin: parallel_id=281474976710673 thread_num=7 team_size=8
[OMPT] implicit_task_begin: parallel_id=281474976710673 thread_num=6 team_size=8
[OMPT] implicit_task_end: parallel_id=0 thread_num=0
[OMPT] parallel_end: parallel_id=281474976710673
[OMPT] parallel_begin: parallel_id=281474976710675 team_size=8
[OMPT] implicit_task_end: parallel_id=0 thread_num=3
[OMPT] implicit_task_end: parallel_id=0 thread_num=4
[OMPT] implicit_task_begin: parallel_id=281474976710675 thread_num=3 team_size=8
[OMPT] implicit_task_end: parallel_id=0 thread_num=7
[OMPT] implicit_task_end: parallel_id=0 thread_num=5
[OMPT] implicit_task_end: parallel_id=0 thread_num=2
[OMPT] implicit_task_begin: parallel_id=281474976710675 thread_num=4 team_size=8
[OMPT] implicit_task_begin: parallel_id=281474976710675 thread_num=0 team_size=8
[OMPT] implicit_task_end: parallel_id=0 thread_num=6
[OMPT] implicit_task_end: parallel_id=0 thread_num=1
[OMPT] implicit_task_begin: parallel_id=281474976710675 thread_num=5 team_size=8
[OMPT] implicit_task_begin: parallel_id=281474976710675 thread_num=7 team_size=8
[OMPT] implicit_task_begin: parallel_id=281474976710675 thread_num=2 team_size=8
[OMPT] implicit_task_begin: parallel_id=281474976710675 thread_num=6 team_size=8
[OMPT] implicit_task_begin: parallel_id=281474976710675 thread_num=1 team_size=8
[OMPT] implicit_task_end: parallel_id=0 thread_num=0
[OMPT] parallel_end: parallel_id=281474976710675
[OMPT] parallel_begin: parallel_id=281474976710677 team_size=8
[OMPT] implicit_task_end: parallel_id=0 thread_num=4
[OMPT] implicit_task_end: parallel_id=0 thread_num=7
[OMPT] implicit_task_end: parallel_id=0 thread_num=3
[OMPT] implicit_task_begin: parallel_id=281474976710677 thread_num=0 team_size=8
[OMPT] implicit_task_end: parallel_id=0 thread_num=1
[OMPT] implicit_task_end: parallel_id=0 thread_num=6
[OMPT] implicit_task_end: parallel_id=0 thread_num=5
[OMPT] implicit_task_begin: parallel_id=281474976710677 thread_num=4 team_size=8
[OMPT] implicit_task_begin: parallel_id=281474976710677 thread_num=6 team_size=8
[OMPT] implicit_task_begin: parallel_id=281474976710677 thread_num=7 team_size=8
[OMPT] implicit_task_begin: parallel_id=281474976710677 thread_num=3 team_size=8
[OMPT] implicit_task_end: parallel_id=0 thread_num=2
[OMPT] implicit_task_begin: parallel_id=281474976710677 thread_num=5 team_size=8
[OMPT] implicit_task_begin: parallel_id=281474976710677 thread_num=1 team_size=8
[OMPT] implicit_task_begin: parallel_id=281474976710677 thread_num=2 team_size=8
[OMPT] implicit_task_end: parallel_id=0 thread_num=0
[OMPT] parallel_end: parallel_id=281474976710677
[OMPT] parallel_begin: parallel_id=281474976710679 team_size=8
[OMPT] implicit_task_end: parallel_id=0 thread_num=3
[OMPT] implicit_task_end: parallel_id=0 thread_num=4
[OMPT] implicit_task_end: parallel_id=0 thread_num=7
[OMPT] implicit_task_begin: parallel_id=281474976710679 thread_num=3 team_size=8
[OMPT] implicit_task_begin: parallel_id=281474976710679 thread_num=0 team_size=8
[OMPT] implicit_task_end: parallel_id=0 thread_num=2
[OMPT] implicit_task_end: parallel_id=0 thread_num=5
[OMPT] implicit_task_begin: parallel_id=281474976710679 thread_num=4 team_size=8
[OMPT] implicit_task_end: parallel_id=0 thread_num=6
[OMPT] implicit_task_end: parallel_id=0 thread_num=1
[OMPT] implicit_task_begin: parallel_id=281474976710679 thread_num=2 team_size=8
[OMPT] implicit_task_begin: parallel_id=281474976710679 thread_num=6 team_size=8
[OMPT] implicit_task_begin: parallel_id=281474976710679 thread_num=1 team_size=8
[OMPT] implicit_task_begin: parallel_id=281474976710679 thread_num=5 team_size=8
[OMPT] implicit_task_begin: parallel_id=281474976710679 thread_num=7 team_size=8
[OMPT] implicit_task_end: parallel_id=0 thread_num=0
[OMPT] parallel_end: parallel_id=281474976710679
[OMPT] parallel_begin: parallel_id=281474976710681 team_size=8
[OMPT] implicit_task_end: parallel_id=0 thread_num=3
[OMPT] implicit_task_end: parallel_id=0 thread_num=4
[OMPT] implicit_task_begin: parallel_id=281474976710681 thread_num=0 team_size=8
[OMPT] implicit_task_end: parallel_id=0 thread_num=6
[OMPT] implicit_task_end: parallel_id=0 thread_num=2
[OMPT] implicit_task_begin: parallel_id=281474976710681 thread_num=3 team_size=8
[OMPT] implicit_task_begin: parallel_id=281474976710681 thread_num=4 team_size=8
[OMPT] implicit_task_end: parallel_id=0 thread_num=7
[OMPT] implicit_task_end: parallel_id=0 thread_num=5
[OMPT] implicit_task_end: parallel_id=0 thread_num=1
[OMPT] implicit_task_begin: parallel_id=281474976710681 thread_num=2 team_size=8
[OMPT] implicit_task_begin: parallel_id=281474976710681 thread_num=5 team_size=8
[OMPT] implicit_task_begin: parallel_id=281474976710681 thread_num=7 team_size=8
[OMPT] implicit_task_begin: parallel_id=281474976710681 thread_num=1 team_size=8
[OMPT] implicit_task_begin: parallel_id=281474976710681 thread_num=6 team_size=8
[OMPT] implicit_task_end: parallel_id=0 thread_num=0
[OMPT] parallel_end: parallel_id=281474976710681
[OMPT] parallel_begin: parallel_id=281474976710683 team_size=8
[OMPT] implicit_task_end: parallel_id=0 thread_num=3
[OMPT] implicit_task_end: parallel_id=0 thread_num=4
[OMPT] implicit_task_end: parallel_id=0 thread_num=7
[OMPT] implicit_task_end: parallel_id=0 thread_num=2
[OMPT] implicit_task_end: parallel_id=0 thread_num=1
[OMPT] implicit_task_begin: parallel_id=281474976710683 thread_num=4 team_size=8
[OMPT] implicit_task_begin: parallel_id=281474976710683 thread_num=0 team_size=8
[OMPT] implicit_task_begin: parallel_id=281474976710683 thread_num=3 team_size=8
[OMPT] implicit_task_end: parallel_id=0 thread_num=5
[OMPT] implicit_task_begin: parallel_id=281474976710683 thread_num=7 team_size=8
[OMPT] implicit_task_end: parallel_id=0 thread_num=6
[OMPT] implicit_task_begin: parallel_id=281474976710683 thread_num=1 team_size=8
[OMPT] implicit_task_begin: parallel_id=281474976710683 thread_num=2 team_size=8
[OMPT] implicit_task_begin: parallel_id=281474976710683 thread_num=5 team_size=8
[OMPT] implicit_task_begin: parallel_id=281474976710683 thread_num=6 team_size=8
[OMPT][WIN100ms] ompt_id=281474976710657 tid=846964 tipo=ompt_thread_initial    cpu=255 numa=1  d_rm=   18887  d_instr=1401512390  d_cyc= 372572724  d_all= 8952667  IPC=3.762  ratio_rm=0.0021  cooldown=0
[OMPT][WIN100ms] ompt_id=562949953421313 tid=846966 tipo=ompt_thread_worker     cpu=192 numa=1  d_rm=    3349  d_instr=1457553975  d_cyc= 383251558  d_all= 9308840  IPC=3.803  ratio_rm=0.0004  cooldown=0
[OMPT][WIN100ms] ompt_id=844424930131969 tid=846967 tipo=ompt_thread_worker     cpu=231 numa=1  d_rm=    3280  d_instr=1484320679  d_cyc= 389776642  d_all= 9442166  IPC=3.808  ratio_rm=0.0003  cooldown=0
[OMPT][WIN100ms] ompt_id=1125899906842625 tid=846968 tipo=ompt_thread_worker     cpu=  2 numa=0  d_rm=    3156  d_instr=1506551868  d_cyc= 396156373  d_all= 9575747  IPC=3.803  ratio_rm=0.0003  cooldown=0
[OMPT][WIN100ms] ompt_id=1407374883553281 tid=846969 tipo=ompt_thread_worker     cpu=239 numa=1  d_rm=    3331  d_instr=1533717363  d_cyc= 402613280  d_all= 9778632  IPC=3.809  ratio_rm=0.0003  cooldown=0
[OMPT][WIN100ms] ompt_id=1688849860263937 tid=846970 tipo=ompt_thread_worker     cpu=247 numa=1  d_rm=    3664  d_instr=1540937880  d_cyc= 408101333  d_all= 9829485  IPC=3.776  ratio_rm=0.0004  cooldown=0
[OMPT][WIN100ms] ompt_id=2251799813685249 tid=846971 tipo=ompt_thread_worker     cpu= 79 numa=1  d_rm=    3132  d_instr=1558592430  d_cyc= 414247472  d_all=10013611  IPC=3.762  ratio_rm=0.0003  cooldown=0
[OMPT][WIN100ms] ompt_id=1970324836974593 tid=846972 tipo=ompt_thread_worker     cpu=  0 numa=0  d_rm=    6574  d_instr=1589505719  d_cyc= 419516999  d_all=10126346  IPC=3.789  ratio_rm=0.0006  cooldown=0
[OMPT] implicit_task_end: parallel_id=0 thread_num=0
[OMPT] parallel_end: parallel_id=281474976710683
[OMPT] parallel_begin: parallel_id=281474976710685 team_size=8
[OMPT] implicit_task_end: parallel_id=0 thread_num=4
[OMPT] implicit_task_end: parallel_id=0 thread_num=7
[OMPT] implicit_task_end: parallel_id=0 thread_num=3
[OMPT] implicit_task_begin: parallel_id=281474976710685 thread_num=0 team_size=8
[OMPT] implicit_task_begin: parallel_id=281474976710685 thread_num=3 team_size=8
[OMPT] implicit_task_end: parallel_id=0 thread_num=2
[OMPT] implicit_task_end: parallel_id=0 thread_num=6
[OMPT] implicit_task_begin: parallel_id=281474976710685 thread_num=7 team_size=8
[OMPT] implicit_task_begin: parallel_id=281474976710685 thread_num=4 team_size=8
[OMPT] implicit_task_end: parallel_id=0 thread_num=5
[OMPT] implicit_task_begin: parallel_id=281474976710685 thread_num=2 team_size=8
[OMPT] implicit_task_end: parallel_id=0 thread_num=1
[OMPT] implicit_task_begin: parallel_id=281474976710685 thread_num=5 team_size=8
[OMPT] implicit_task_begin: parallel_id=281474976710685 thread_num=1 team_size=8
[OMPT] implicit_task_begin: parallel_id=281474976710685 thread_num=6 team_size=8
[OMPT] implicit_task_end: parallel_id=0 thread_num=0
[OMPT] parallel_end: parallel_id=281474976710685
[OMPT] parallel_begin: parallel_id=281474976710687 team_size=8
[OMPT] implicit_task_end: parallel_id=0 thread_num=3
[OMPT] implicit_task_end: parallel_id=0 thread_num=4
[OMPT] implicit_task_begin: parallel_id=281474976710687 thread_num=3 team_size=8
[OMPT] implicit_task_end: parallel_id=0 thread_num=7
[OMPT] implicit_task_end: parallel_id=0 thread_num=2
[OMPT] implicit_task_end: parallel_id=0 thread_num=1
[OMPT] implicit_task_begin: parallel_id=281474976710687 thread_num=0 team_size=8
[OMPT] implicit_task_begin: parallel_id=281474976710687 thread_num=4 team_size=8
[OMPT] implicit_task_end: parallel_id=0 thread_num=6
[OMPT] implicit_task_end: parallel_id=0 thread_num=5
[OMPT] implicit_task_begin: parallel_id=281474976710687 thread_num=1 team_size=8
[OMPT] implicit_task_begin: parallel_id=281474976710687 thread_num=2 team_size=8
[OMPT] implicit_task_begin: parallel_id=281474976710687 thread_num=7 team_size=8
[OMPT] implicit_task_begin: parallel_id=281474976710687 thread_num=6 team_size=8
[OMPT] implicit_task_begin: parallel_id=281474976710687 thread_num=5 team_size=8
[OMPT] implicit_task_end: parallel_id=0 thread_num=0
[OMPT] parallel_end: parallel_id=281474976710687
[OMPT] parallel_begin: parallel_id=281474976710689 team_size=8
[OMPT] implicit_task_end: parallel_id=0 thread_num=4
[OMPT] implicit_task_end: parallel_id=0 thread_num=7
[OMPT] implicit_task_begin: parallel_id=281474976710689 thread_num=0 team_size=8
[OMPT] implicit_task_end: parallel_id=0 thread_num=2
[OMPT] implicit_task_end: parallel_id=0 thread_num=3
[OMPT] implicit_task_end: parallel_id=0 thread_num=5
[OMPT] implicit_task_begin: parallel_id=281474976710689 thread_num=2 team_size=8
[OMPT] implicit_task_begin: parallel_id=281474976710689 thread_num=7 team_size=8
[OMPT] implicit_task_end: parallel_id=0 thread_num=1
[OMPT] implicit_task_begin: parallel_id=281474976710689 thread_num=4 team_size=8
[OMPT] implicit_task_begin: parallel_id=281474976710689 thread_num=3 team_size=8
[OMPT] implicit_task_begin: parallel_id=281474976710689 thread_num=5 team_size=8
[OMPT] implicit_task_end: parallel_id=0 thread_num=6
[OMPT] implicit_task_begin: parallel_id=281474976710689 thread_num=1 team_size=8
[OMPT] implicit_task_begin: parallel_id=281474976710689 thread_num=6 team_size=8
[OMPT] implicit_task_end: parallel_id=0 thread_num=0
[OMPT] parallel_end: parallel_id=281474976710689
[OMPT] parallel_begin: parallel_id=281474976710691 team_size=8
[OMPT] implicit_task_end: parallel_id=0 thread_num=4
[OMPT] implicit_task_end: parallel_id=0 thread_num=7
[OMPT] implicit_task_end: parallel_id=0 thread_num=1
[OMPT] implicit_task_end: parallel_id=0 thread_num=3
[OMPT] implicit_task_begin: parallel_id=281474976710691 thread_num=0 team_size=8
[OMPT] implicit_task_end: parallel_id=0 thread_num=2
[OMPT] implicit_task_end: parallel_id=0 thread_num=5
[OMPT] implicit_task_end: parallel_id=0 thread_num=6
[OMPT] implicit_task_begin: parallel_id=281474976710691 thread_num=4 team_size=8
[OMPT] implicit_task_begin: parallel_id=281474976710691 thread_num=2 team_size=8
[OMPT] implicit_task_begin: parallel_id=281474976710691 thread_num=5 team_size=8
[OMPT] implicit_task_begin: parallel_id=281474976710691 thread_num=6 team_size=8
[OMPT] implicit_task_begin: parallel_id=281474976710691 thread_num=1 team_size=8
[OMPT] implicit_task_begin: parallel_id=281474976710691 thread_num=3 team_size=8
[OMPT] implicit_task_begin: parallel_id=281474976710691 thread_num=7 team_size=8
[OMPT] implicit_task_end: parallel_id=0 thread_num=0
[OMPT] parallel_end: parallel_id=281474976710691
[OMPT] parallel_begin: parallel_id=281474976710693 team_size=8
[OMPT] implicit_task_end: parallel_id=0 thread_num=4
[OMPT] implicit_task_end: parallel_id=0 thread_num=7
[OMPT] implicit_task_end: parallel_id=0 thread_num=3
[OMPT] implicit_task_begin: parallel_id=281474976710693 thread_num=0 team_size=8
[OMPT] implicit_task_end: parallel_id=0 thread_num=2
[OMPT] implicit_task_end: parallel_id=0 thread_num=1
[OMPT] implicit_task_end: parallel_id=0 thread_num=6
[OMPT] implicit_task_begin: parallel_id=281474976710693 thread_num=4 team_size=8
[OMPT] implicit_task_begin: parallel_id=281474976710693 thread_num=7 team_size=8
[OMPT] implicit_task_begin: parallel_id=281474976710693 thread_num=3 team_size=8
[OMPT] implicit_task_end: parallel_id=0 thread_num=5
[OMPT] implicit_task_begin: parallel_id=281474976710693 thread_num=1 team_size=8
[OMPT] implicit_task_begin: parallel_id=281474976710693 thread_num=2 team_size=8
[OMPT] implicit_task_begin: parallel_id=281474976710693 thread_num=5 team_size=8
[OMPT] implicit_task_begin: parallel_id=281474976710693 thread_num=6 team_size=8
[OMPT][WIN100ms] ompt_id=281474976710657 tid=846964 tipo=ompt_thread_initial    cpu=255 numa=1  d_rm=   19505  d_instr=1586278867  d_cyc= 425876443  d_all=10136628  IPC=3.725  ratio_rm=0.0019  cooldown=0
[OMPT][WIN100ms] ompt_id=562949953421313 tid=846966 tipo=ompt_thread_worker     cpu=192 numa=1  d_rm=    3234  d_instr=1576149370  d_cyc= 417824187  d_all=10064500  IPC=3.772  ratio_rm=0.0003  cooldown=0
[OMPT][WIN100ms] ompt_id=844424930131969 tid=846967 tipo=ompt_thread_worker     cpu=231 numa=1  d_rm=    3224  d_instr=1576357483  d_cyc= 418954602  d_all=10025893  IPC=3.763  ratio_rm=0.0003  cooldown=0
[OMPT][WIN100ms] ompt_id=1125899906842625 tid=846968 tipo=ompt_thread_worker     cpu=  2 numa=0  d_rm=    3165  d_instr=1578900897  d_cyc= 419408097  d_all=10038649  IPC=3.765  ratio_rm=0.0003  cooldown=0
[OMPT][WIN100ms] ompt_id=1407374883553281 tid=846969 tipo=ompt_thread_worker     cpu=239 numa=1  d_rm=    3589  d_instr=1574203950  d_cyc= 419126781  d_all= 9996179  IPC=3.756  ratio_rm=0.0004  cooldown=0
[OMPT][WIN100ms] ompt_id=1688849860263937 tid=846970 tipo=ompt_thread_worker     cpu=247 numa=1  d_rm=    3340  d_instr=1576347497  d_cyc= 420223053  d_all=10065326  IPC=3.751  ratio_rm=0.0003  cooldown=0
[OMPT][WIN100ms] ompt_id=2251799813685249 tid=846971 tipo=ompt_thread_worker     cpu= 79 numa=1  d_rm=    3227  d_instr=1572266526  d_cyc= 420202631  d_all=10095693  IPC=3.742  ratio_rm=0.0003  cooldown=0
[OMPT][WIN100ms] ompt_id=1970324836974593 tid=846972 tipo=ompt_thread_worker     cpu=  0 numa=0  d_rm=    6849  d_instr=1585452802  d_cyc= 418938757  d_all=10069951  IPC=3.784  ratio_rm=0.0007  cooldown=0
[OMPT] implicit_task_end: parallel_id=0 thread_num=0
[OMPT] parallel_end: parallel_id=281474976710693
[OMPT] parallel_begin: parallel_id=281474976710695 team_size=8
[OMPT] implicit_task_end: parallel_id=0 thread_num=3
[OMPT] implicit_task_end: parallel_id=0 thread_num=1
[OMPT] implicit_task_begin: parallel_id=281474976710695 thread_num=0 team_size=8
[OMPT] implicit_task_begin: parallel_id=281474976710695 thread_num=3 team_size=8
[OMPT] implicit_task_end: parallel_id=0 thread_num=4
[OMPT] implicit_task_end: parallel_id=0 thread_num=7
[OMPT] implicit_task_end: parallel_id=0 thread_num=2
[OMPT] implicit_task_end: parallel_id=0 thread_num=6
[OMPT] implicit_task_begin: parallel_id=281474976710695 thread_num=4 team_size=8
[OMPT] implicit_task_end: parallel_id=0 thread_num=5
[OMPT] implicit_task_begin: parallel_id=281474976710695 thread_num=1 team_size=8
[OMPT] implicit_task_begin: parallel_id=281474976710695 thread_num=6 team_size=8
[OMPT] implicit_task_begin: parallel_id=281474976710695 thread_num=2 team_size=8
[OMPT] implicit_task_begin: parallel_id=281474976710695 thread_num=5 team_size=8
[OMPT] implicit_task_begin: parallel_id=281474976710695 thread_num=7 team_size=8
[OMPT] implicit_task_end: parallel_id=0 thread_num=0
[OMPT] parallel_end: parallel_id=281474976710695
[OMPT] parallel_begin: parallel_id=281474976710697 team_size=8
[OMPT] implicit_task_end: parallel_id=0 thread_num=4
[OMPT] implicit_task_end: parallel_id=0 thread_num=7
[OMPT] implicit_task_end: parallel_id=0 thread_num=2
[OMPT] implicit_task_begin: parallel_id=281474976710697 thread_num=0 team_size=8
[OMPT] implicit_task_end: parallel_id=0 thread_num=1
[OMPT] implicit_task_end: parallel_id=0 thread_num=5
[OMPT] implicit_task_begin: parallel_id=281474976710697 thread_num=4 team_size=8
[OMPT] implicit_task_begin: parallel_id=281474976710697 thread_num=7 team_size=8
[OMPT] implicit_task_end: parallel_id=0 thread_num=3
[OMPT] implicit_task_end: parallel_id=0 thread_num=6
[OMPT] implicit_task_begin: parallel_id=281474976710697 thread_num=5 team_size=8
[OMPT] implicit_task_begin: parallel_id=281474976710697 thread_num=3 team_size=8
[OMPT] implicit_task_begin: parallel_id=281474976710697 thread_num=1 team_size=8
[OMPT] implicit_task_begin: parallel_id=281474976710697 thread_num=6 team_size=8
[OMPT] implicit_task_begin: parallel_id=281474976710697 thread_num=2 team_size=8
[OMPT] implicit_task_end: parallel_id=0 thread_num=0
[OMPT] parallel_end: parallel_id=281474976710697
[OMPT] parallel_begin: parallel_id=281474976710699 team_size=8
[OMPT] implicit_task_end: parallel_id=0 thread_num=4
[OMPT] implicit_task_end: parallel_id=0 thread_num=7
[OMPT] implicit_task_end: parallel_id=0 thread_num=2
[OMPT] implicit_task_begin: parallel_id=281474976710699 thread_num=0 team_size=8
[OMPT] implicit_task_end: parallel_id=0 thread_num=3
[OMPT] implicit_task_end: parallel_id=0 thread_num=6
[OMPT] implicit_task_end: parallel_id=0 thread_num=5
[OMPT] implicit_task_end: parallel_id=0 thread_num=1
[OMPT] implicit_task_begin: parallel_id=281474976710699 thread_num=4 team_size=8
[OMPT] implicit_task_begin: parallel_id=281474976710699 thread_num=2 team_size=8
[OMPT] implicit_task_begin: parallel_id=281474976710699 thread_num=6 team_size=8
[OMPT] implicit_task_begin: parallel_id=281474976710699 thread_num=5 team_size=8
[OMPT] implicit_task_begin: parallel_id=281474976710699 thread_num=7 team_size=8
[OMPT] implicit_task_begin: parallel_id=281474976710699 thread_num=3 team_size=8
[OMPT] implicit_task_begin: parallel_id=281474976710699 thread_num=1 team_size=8
[OMPT] implicit_task_end: parallel_id=0 thread_num=0
[OMPT] parallel_end: parallel_id=281474976710699
[OMPT] parallel_begin: parallel_id=281474976710701 team_size=8
[OMPT] implicit_task_end: parallel_id=0 thread_num=2
[OMPT] implicit_task_end: parallel_id=0 thread_num=4
[OMPT] implicit_task_begin: parallel_id=281474976710701 thread_num=0 team_size=8
[OMPT] implicit_task_end: parallel_id=0 thread_num=5
[OMPT] implicit_task_end: parallel_id=0 thread_num=1
[OMPT] implicit_task_begin: parallel_id=281474976710701 thread_num=2 team_size=8
[OMPT] implicit_task_end: parallel_id=0 thread_num=6
[OMPT] implicit_task_end: parallel_id=0 thread_num=7
[OMPT] implicit_task_end: parallel_id=0 thread_num=3
[OMPT] implicit_task_begin: parallel_id=281474976710701 thread_num=5 team_size=8
[OMPT] implicit_task_begin: parallel_id=281474976710701 thread_num=4 team_size=8
[OMPT] implicit_task_begin: parallel_id=281474976710701 thread_num=6 team_size=8
[OMPT] implicit_task_begin: parallel_id=281474976710701 thread_num=1 team_size=8
[OMPT] implicit_task_begin: parallel_id=281474976710701 thread_num=3 team_size=8
[OMPT] implicit_task_begin: parallel_id=281474976710701 thread_num=7 team_size=8
[OMPT] implicit_task_end: parallel_id=0 thread_num=0
[OMPT] parallel_end: parallel_id=281474976710701
[OMPT] parallel_begin: parallel_id=281474976710703 team_size=8
[OMPT] implicit_task_end: parallel_id=0 thread_num=3
[OMPT] implicit_task_end: parallel_id=0 thread_num=2
[OMPT] implicit_task_begin: parallel_id=281474976710703 thread_num=0 team_size=8
[OMPT] implicit_task_begin: parallel_id=281474976710703 thread_num=3 team_size=8
[OMPT] implicit_task_end: parallel_id=0 thread_num=4
[OMPT] implicit_task_end: parallel_id=0 thread_num=7
[OMPT] implicit_task_begin: parallel_id=281474976710703 thread_num=2 team_size=8
[OMPT] implicit_task_end: parallel_id=0 thread_num=6
[OMPT] implicit_task_end: parallel_id=0 thread_num=5
[OMPT] implicit_task_begin: parallel_id=281474976710703 thread_num=7 team_size=8
[OMPT] implicit_task_end: parallel_id=0 thread_num=1
[OMPT] implicit_task_begin: parallel_id=281474976710703 thread_num=6 team_size=8
[OMPT] implicit_task_begin: parallel_id=281474976710703 thread_num=4 team_size=8
[OMPT] implicit_task_begin: parallel_id=281474976710703 thread_num=5 team_size=8
[OMPT] implicit_task_begin: parallel_id=281474976710703 thread_num=1 team_size=8
[OMPT][WIN100ms] ompt_id=281474976710657 tid=846964 tipo=ompt_thread_initial    cpu=255 numa=1  d_rm=   18433  d_instr=1607281385  d_cyc= 420611555  d_all=10274682  IPC=3.821  ratio_rm=0.0018  cooldown=0
[OMPT][WIN100ms] ompt_id=562949953421313 tid=846966 tipo=ompt_thread_worker     cpu=192 numa=1  d_rm=    3530  d_instr=1603295275  d_cyc= 418652610  d_all=10283346  IPC=3.830  ratio_rm=0.0003  cooldown=0
[OMPT][WIN100ms] ompt_id=844424930131969 tid=846967 tipo=ompt_thread_worker     cpu=231 numa=1  d_rm=    3519  d_instr=1607572622  d_cyc= 419875867  d_all=10257847  IPC=3.829  ratio_rm=0.0003  cooldown=0
[OMPT][WIN100ms] ompt_id=1125899906842625 tid=846968 tipo=ompt_thread_worker     cpu=  2 numa=0  d_rm=    3036  d_instr=1606688639  d_cyc= 419413914  d_all=10251096  IPC=3.831  ratio_rm=0.0003  cooldown=0
[OMPT][WIN100ms] ompt_id=1407374883553281 tid=846969 tipo=ompt_thread_worker     cpu=239 numa=1  d_rm=    3477  d_instr=1612351810  d_cyc= 419398308  d_all=10281630  IPC=3.844  ratio_rm=0.0003  cooldown=0
[OMPT][WIN100ms] ompt_id=1688849860263937 tid=846970 tipo=ompt_thread_worker     cpu=247 numa=1  d_rm=    3672  d_instr=1598001360  d_cyc= 419006071  d_all=10204822  IPC=3.814  ratio_rm=0.0004  cooldown=0
[OMPT][WIN100ms] ompt_id=2251799813685249 tid=846971 tipo=ompt_thread_worker     cpu= 79 numa=1  d_rm=    3191  d_instr=1597025460  d_cyc= 419088034  d_all=10258492  IPC=3.811  ratio_rm=0.0003  cooldown=0
[OMPT] implicit_task_end: parallel_id=0 thread_num=0
[OMPT] parallel_end: parallel_id=281474976710703
[OMPT] parallel_begin: parallel_id=281474976710705 team_size=8
[OMPT] implicit_task_end: parallel_id=0 thread_num=3
[OMPT] implicit_task_end: parallel_id=0 thread_num=4
[OMPT] implicit_task_end: parallel_id=0 thread_num=7
[OMPT] implicit_task_end: parallel_id=0 thread_num=2
[OMPT] implicit_task_end: parallel_id=0 thread_num=1
[OMPT] implicit_task_end: parallel_id=0 thread_num=6
[OMPT] implicit_task_end: parallel_id=0 thread_num=5
[OMPT][WIN100ms] ompt_id=1970324836974593 tid=846972 tipo=ompt_thread_worker     cpu= 16 numa=0  d_rm=    7273  d_instr=1599261651  d_cyc= 417571971  d_all=10188595  IPC=3.830  ratio_rm=0.0007  cooldown=0
[OMPT] implicit_task_begin: parallel_id=281474976710705 thread_num=0 team_size=8
[OMPT] implicit_task_begin: parallel_id=281474976710705 thread_num=7 team_size=8
[OMPT] implicit_task_begin: parallel_id=281474976710705 thread_num=5 team_size=8
[OMPT] implicit_task_begin: parallel_id=281474976710705 thread_num=2 team_size=8
[OMPT] implicit_task_begin: parallel_id=281474976710705 thread_num=6 team_size=8
[OMPT] implicit_task_begin: parallel_id=281474976710705 thread_num=4 team_size=8
[OMPT] implicit_task_begin: parallel_id=281474976710705 thread_num=1 team_size=8
[OMPT] implicit_task_begin: parallel_id=281474976710705 thread_num=3 team_size=8
[OMPT] implicit_task_end: parallel_id=0 thread_num=0
[OMPT] parallel_end: parallel_id=281474976710705
[OMPT] parallel_begin: parallel_id=281474976710707 team_size=8
[OMPT] implicit_task_end: parallel_id=0 thread_num=4
[OMPT] implicit_task_end: parallel_id=0 thread_num=5
[OMPT] implicit_task_end: parallel_id=0 thread_num=3
[OMPT] implicit_task_end: parallel_id=0 thread_num=1
[OMPT] implicit_task_end: parallel_id=0 thread_num=2
[OMPT] implicit_task_begin: parallel_id=281474976710707 thread_num=4 team_size=8
[OMPT] implicit_task_begin: parallel_id=281474976710707 thread_num=1 team_size=8
[OMPT] implicit_task_begin: parallel_id=281474976710707 thread_num=0 team_size=8
[OMPT] implicit_task_end: parallel_id=0 thread_num=7
[OMPT] implicit_task_begin: parallel_id=281474976710707 thread_num=5 team_size=8
[OMPT] implicit_task_begin: parallel_id=281474976710707 thread_num=3 team_size=8
[OMPT] implicit_task_end: parallel_id=0 thread_num=6
[OMPT] implicit_task_begin: parallel_id=281474976710707 thread_num=2 team_size=8
[OMPT] implicit_task_begin: parallel_id=281474976710707 thread_num=7 team_size=8
[OMPT] implicit_task_begin: parallel_id=281474976710707 thread_num=6 team_size=8
[OMPT] implicit_task_end: parallel_id=0 thread_num=0
[OMPT] parallel_end: parallel_id=281474976710707
[OMPT] parallel_begin: parallel_id=281474976710709 team_size=8
[OMPT] implicit_task_end: parallel_id=0 thread_num=3
[OMPT] implicit_task_end: parallel_id=0 thread_num=1
[OMPT] implicit_task_begin: parallel_id=281474976710709 thread_num=0 team_size=8
[OMPT] implicit_task_begin: parallel_id=281474976710709 thread_num=3 team_size=8
[OMPT] implicit_task_end: parallel_id=0 thread_num=4
[OMPT] implicit_task_end: parallel_id=0 thread_num=7
[OMPT] implicit_task_begin: parallel_id=281474976710709 thread_num=1 team_size=8
[OMPT] implicit_task_begin: parallel_id=281474976710709 thread_num=4 team_size=8
[OMPT] implicit_task_begin: parallel_id=281474976710709 thread_num=7 team_size=8
[OMPT] implicit_task_end: parallel_id=0 thread_num=5
[OMPT] implicit_task_end: parallel_id=0 thread_num=2
[OMPT] implicit_task_end: parallel_id=0 thread_num=6
[OMPT] implicit_task_begin: parallel_id=281474976710709 thread_num=5 team_size=8
[OMPT] implicit_task_begin: parallel_id=281474976710709 thread_num=2 team_size=8
[OMPT] implicit_task_begin: parallel_id=281474976710709 thread_num=6 team_size=8
[OMPT] implicit_task_end: parallel_id=0 thread_num=0
[OMPT] parallel_end: parallel_id=281474976710709
[OMPT] parallel_begin: parallel_id=281474976710711 team_size=8
[OMPT] implicit_task_end: parallel_id=0 thread_num=4
[OMPT] implicit_task_end: parallel_id=0 thread_num=6
[OMPT] implicit_task_end: parallel_id=0 thread_num=2
[OMPT] implicit_task_end: parallel_id=0 thread_num=1
[OMPT] implicit_task_end: parallel_id=0 thread_num=3
[OMPT] implicit_task_end: parallel_id=0 thread_num=5
[OMPT] implicit_task_end: parallel_id=0 thread_num=7
[OMPT] implicit_task_begin: parallel_id=281474976710711 thread_num=4 team_size=8
[OMPT] implicit_task_begin: parallel_id=281474976710711 thread_num=0 team_size=8
[OMPT] implicit_task_begin: parallel_id=281474976710711 thread_num=1 team_size=8
[OMPT] implicit_task_begin: parallel_id=281474976710711 thread_num=5 team_size=8
[OMPT] implicit_task_begin: parallel_id=281474976710711 thread_num=3 team_size=8
[OMPT] implicit_task_begin: parallel_id=281474976710711 thread_num=7 team_size=8
[OMPT] implicit_task_begin: parallel_id=281474976710711 thread_num=6 team_size=8
[OMPT] implicit_task_begin: parallel_id=281474976710711 thread_num=2 team_size=8
[OMPT] implicit_task_end: parallel_id=0 thread_num=0
[OMPT] parallel_end: parallel_id=281474976710711
[OMPT] parallel_begin: parallel_id=281474976710713 team_size=8
[OMPT] implicit_task_end: parallel_id=0 thread_num=4
[OMPT] implicit_task_end: parallel_id=0 thread_num=7
[OMPT] implicit_task_end: parallel_id=0 thread_num=1
[OMPT] implicit_task_begin: parallel_id=281474976710713 thread_num=0 team_size=8
[OMPT] implicit_task_end: parallel_id=0 thread_num=3
[OMPT] implicit_task_end: parallel_id=0 thread_num=6
[OMPT] implicit_task_end: parallel_id=0 thread_num=5
[OMPT] implicit_task_begin: parallel_id=281474976710713 thread_num=1 team_size=8
[OMPT] implicit_task_begin: parallel_id=281474976710713 thread_num=4 team_size=8
[OMPT] implicit_task_end: parallel_id=0 thread_num=2
[OMPT] implicit_task_begin: parallel_id=281474976710713 thread_num=6 team_size=8
[OMPT] implicit_task_begin: parallel_id=281474976710713 thread_num=5 team_size=8
[OMPT] implicit_task_begin: parallel_id=281474976710713 thread_num=2 team_size=8
[OMPT] implicit_task_begin: parallel_id=281474976710713 thread_num=7 team_size=8
[OMPT] implicit_task_begin: parallel_id=281474976710713 thread_num=3 team_size=8
[OMPT][WIN100ms] ompt_id=281474976710657 tid=846964 tipo=ompt_thread_initial    cpu=255 numa=1  d_rm=   18927  d_instr=1585712189  d_cyc= 420061703  d_all=10145801  IPC=3.775  ratio_rm=0.0019  cooldown=0
[OMPT][WIN100ms] ompt_id=562949953421313 tid=846966 tipo=ompt_thread_worker     cpu=192 numa=1  d_rm=    3728  d_instr=1603036696  d_cyc= 419311579  d_all=10265605  IPC=3.823  ratio_rm=0.0004  cooldown=0
[OMPT][WIN100ms] ompt_id=844424930131969 tid=846967 tipo=ompt_thread_worker     cpu=231 numa=1  d_rm=    3792  d_instr=1592176054  d_cyc= 419201749  d_all=10166292  IPC=3.798  ratio_rm=0.0004  cooldown=0
[OMPT][WIN100ms] ompt_id=1125899906842625 tid=846968 tipo=ompt_thread_worker     cpu=  2 numa=0  d_rm=    2340  d_instr=1588726846  d_cyc= 418594621  d_all=10125672  IPC=3.795  ratio_rm=0.0002  cooldown=0
[OMPT][WIN100ms] ompt_id=1407374883553281 tid=846969 tipo=ompt_thread_worker     cpu=239 numa=1  d_rm=    3676  d_instr=1594725988  d_cyc= 418431614  d_all=10157943  IPC=3.811  ratio_rm=0.0004  cooldown=0
[OMPT][WIN100ms] ompt_id=1688849860263937 tid=846970 tipo=ompt_thread_worker     cpu=247 numa=1  d_rm=    3988  d_instr=1593634931  d_cyc= 418960206  d_all=10188160  IPC=3.804  ratio_rm=0.0004  cooldown=0
[OMPT] implicit_task_end: parallel_id=0 thread_num=0
[OMPT] parallel_end: parallel_id=281474976710713
[OMPT] parallel_begin: parallel_id=281474976710715 team_size=8
[OMPT] implicit_task_end: parallel_id=0 thread_num=4
[OMPT] implicit_task_end: parallel_id=0 thread_num=5
[OMPT] implicit_task_end: parallel_id=0 thread_num=1
[OMPT] implicit_task_end: parallel_id=0 thread_num=3
[OMPT] implicit_task_end: parallel_id=0 thread_num=6
[OMPT] implicit_task_end: parallel_id=0 thread_num=7
[OMPT] implicit_task_end: parallel_id=0 thread_num=2
[OMPT][WIN100ms] ompt_id=2251799813685249 tid=846971 tipo=ompt_thread_worker     cpu= 79 numa=1  d_rm=    3469  d_instr=1594905720  d_cyc= 419229542  d_all=10232675  IPC=3.804  ratio_rm=0.0003  cooldown=0
[OMPT][WIN100ms] ompt_id=1970324836974593 tid=846972 tipo=ompt_thread_worker     cpu= 16 numa=0  d_rm=    6690  d_instr=1580735474  d_cyc= 418953886  d_all=10082630  IPC=3.773  ratio_rm=0.0007  cooldown=0
[OMPT] implicit_task_begin: parallel_id=281474976710715 thread_num=4 team_size=8
[OMPT] implicit_task_begin: parallel_id=281474976710715 thread_num=0 team_size=8
[OMPT] implicit_task_begin: parallel_id=281474976710715 thread_num=5 team_size=8
[OMPT] implicit_task_begin: parallel_id=281474976710715 thread_num=7 team_size=8
[OMPT] implicit_task_begin: parallel_id=281474976710715 thread_num=6 team_size=8
[OMPT] implicit_task_begin: parallel_id=281474976710715 thread_num=1 team_size=8
[OMPT] implicit_task_begin: parallel_id=281474976710715 thread_num=2 team_size=8
[OMPT] implicit_task_begin: parallel_id=281474976710715 thread_num=3 team_size=8
[OMPT] implicit_task_end: parallel_id=0 thread_num=0
[OMPT] parallel_end: parallel_id=281474976710715
[OMPT] parallel_begin: parallel_id=281474976710717 team_size=8
[OMPT] implicit_task_end: parallel_id=0 thread_num=3
[OMPT] implicit_task_begin: parallel_id=281474976710717 thread_num=0 team_size=8
[OMPT] implicit_task_end: parallel_id=0 thread_num=4
[OMPT] implicit_task_end: parallel_id=0 thread_num=7
[OMPT] implicit_task_end: parallel_id=0 thread_num=2
[OMPT] implicit_task_begin: parallel_id=281474976710717 thread_num=3 team_size=8
[OMPT] implicit_task_end: parallel_id=0 thread_num=5
[OMPT] implicit_task_begin: parallel_id=281474976710717 thread_num=7 team_size=8
[OMPT] implicit_task_end: parallel_id=0 thread_num=1
[OMPT] implicit_task_begin: parallel_id=281474976710717 thread_num=4 team_size=8
[OMPT] implicit_task_end: parallel_id=0 thread_num=6
[OMPT] implicit_task_begin: parallel_id=281474976710717 thread_num=2 team_size=8
[OMPT] implicit_task_begin: parallel_id=281474976710717 thread_num=5 team_size=8
[OMPT] implicit_task_begin: parallel_id=281474976710717 thread_num=6 team_size=8
[OMPT] implicit_task_begin: parallel_id=281474976710717 thread_num=1 team_size=8
[OMPT] implicit_task_end: parallel_id=0 thread_num=0
[OMPT] parallel_end: parallel_id=281474976710717
[OMPT] parallel_begin: parallel_id=281474976710719 team_size=8
[OMPT] implicit_task_end: parallel_id=0 thread_num=3
[OMPT] implicit_task_end: parallel_id=0 thread_num=4
[OMPT] implicit_task_end: parallel_id=0 thread_num=7
[OMPT] implicit_task_end: parallel_id=0 thread_num=1
[OMPT] implicit_task_end: parallel_id=0 thread_num=2
[OMPT] implicit_task_begin: parallel_id=281474976710719 thread_num=0 team_size=8
[OMPT] implicit_task_begin: parallel_id=281474976710719 thread_num=1 team_size=8
[OMPT] implicit_task_begin: parallel_id=281474976710719 thread_num=3 team_size=8
[OMPT] implicit_task_end: parallel_id=0 thread_num=6
[OMPT] implicit_task_begin: parallel_id=281474976710719 thread_num=7 team_size=8
[OMPT] implicit_task_begin: parallel_id=281474976710719 thread_num=4 team_size=8
[OMPT] implicit_task_begin: parallel_id=281474976710719 thread_num=6 team_size=8
[OMPT] implicit_task_begin: parallel_id=281474976710719 thread_num=2 team_size=8
[OMPT] implicit_task_end: parallel_id=0 thread_num=5
[OMPT] implicit_task_begin: parallel_id=281474976710719 thread_num=5 team_size=8
[OMPT] implicit_task_end: parallel_id=0 thread_num=0
[OMPT] parallel_end: parallel_id=281474976710719
[OMPT] parallel_begin: parallel_id=281474976710721 team_size=8
[OMPT] implicit_task_end: parallel_id=0 thread_num=4
[OMPT] implicit_task_end: parallel_id=0 thread_num=7
[OMPT] implicit_task_end: parallel_id=0 thread_num=1
[OMPT] implicit_task_begin: parallel_id=281474976710721 thread_num=0 team_size=8
[OMPT] implicit_task_end: parallel_id=0 thread_num=3
[OMPT] implicit_task_begin: parallel_id=281474976710721 thread_num=4 team_size=8
[OMPT] implicit_task_end: parallel_id=0 thread_num=6
[OMPT] implicit_task_begin: parallel_id=281474976710721 thread_num=1 team_size=8
[OMPT] implicit_task_end: parallel_id=0 thread_num=2
[OMPT] implicit_task_end: parallel_id=0 thread_num=5
[OMPT] implicit_task_begin: parallel_id=281474976710721 thread_num=6 team_size=8
[OMPT] implicit_task_begin: parallel_id=281474976710721 thread_num=7 team_size=8
[OMPT] implicit_task_begin: parallel_id=281474976710721 thread_num=2 team_size=8
[OMPT] implicit_task_begin: parallel_id=281474976710721 thread_num=5 team_size=8
[OMPT] implicit_task_begin: parallel_id=281474976710721 thread_num=3 team_size=8
[OMPT] implicit_task_end: parallel_id=0 thread_num=0
[OMPT] parallel_end: parallel_id=281474976710721
[OMPT] parallel_begin: parallel_id=281474976710723 team_size=8
[OMPT] implicit_task_end: parallel_id=0 thread_num=1
[OMPT] implicit_task_end: parallel_id=0 thread_num=4
[OMPT] implicit_task_begin: parallel_id=281474976710723 thread_num=0 team_size=8
[OMPT] implicit_task_end: parallel_id=0 thread_num=7
[OMPT] implicit_task_end: parallel_id=0 thread_num=2
[OMPT] implicit_task_end: parallel_id=0 thread_num=6
[OMPT] implicit_task_begin: parallel_id=281474976710723 thread_num=4 team_size=8
[OMPT] implicit_task_end: parallel_id=0 thread_num=5
[OMPT] implicit_task_begin: parallel_id=281474976710723 thread_num=2 team_size=8
[OMPT] implicit_task_end: parallel_id=0 thread_num=3
[OMPT] implicit_task_begin: parallel_id=281474976710723 thread_num=5 team_size=8
[OMPT] implicit_task_begin: parallel_id=281474976710723 thread_num=1 team_size=8
[OMPT] implicit_task_begin: parallel_id=281474976710723 thread_num=6 team_size=8
[OMPT] implicit_task_begin: parallel_id=281474976710723 thread_num=7 team_size=8
[OMPT] implicit_task_begin: parallel_id=281474976710723 thread_num=3 team_size=8
[OMPT][WIN100ms] ompt_id=281474976710657 tid=846964 tipo=ompt_thread_initial    cpu=255 numa=1  d_rm=   20427  d_instr=1551698160  d_cyc= 419224527  d_all= 9899253  IPC=3.701  ratio_rm=0.0021  cooldown=0
[OMPT][WIN100ms] ompt_id=562949953421313 tid=846966 tipo=ompt_thread_worker     cpu=192 numa=1  d_rm=    4539  d_instr=1547701881  d_cyc= 418651584  d_all= 9889019  IPC=3.697  ratio_rm=0.0005  cooldown=0
[OMPT][WIN100ms] ompt_id=844424930131969 tid=846967 tipo=ompt_thread_worker     cpu=231 numa=1  d_rm=    4664  d_instr=1556247364  d_cyc= 418847276  d_all= 9890330  IPC=3.716  ratio_rm=0.0005  cooldown=0
[OMPT][WIN100ms] ompt_id=1125899906842625 tid=846968 tipo=ompt_thread_worker     cpu=  2 numa=0  d_rm=    2403  d_instr=1562712358  d_cyc= 418557288  d_all= 9935486  IPC=3.734  ratio_rm=0.0002  cooldown=0
[OMPT][WIN100ms] ompt_id=1407374883553281 tid=846969 tipo=ompt_thread_worker     cpu=239 numa=1  d_rm=    4523  d_instr=1552621842  d_cyc= 419437917  d_all= 9892275  IPC=3.702  ratio_rm=0.0005  cooldown=0
[OMPT][WIN100ms] ompt_id=1688849860263937 tid=846970 tipo=ompt_thread_worker     cpu=247 numa=1  d_rm=    4958  d_instr=1539210040  d_cyc= 419058564  d_all= 9824144  IPC=3.673  ratio_rm=0.0005  cooldown=0
[OMPT][WIN100ms] ompt_id=2251799813685249 tid=846971 tipo=ompt_thread_worker     cpu= 79 numa=1  d_rm=    4276  d_instr=1552357404  d_cyc= 418277325  d_all= 9950029  IPC=3.711  ratio_rm=0.0004  cooldown=0
[OMPT] implicit_task_end: parallel_id=0 thread_num=0
[OMPT] parallel_end: parallel_id=281474976710723
[OMPT] parallel_begin: parallel_id=281474976710725 team_size=8
[OMPT] implicit_task_end: parallel_id=0 thread_num=4
[OMPT] implicit_task_end: parallel_id=0 thread_num=7
[OMPT] implicit_task_end: parallel_id=0 thread_num=1
[OMPT] implicit_task_end: parallel_id=0 thread_num=3
[OMPT] implicit_task_end: parallel_id=0 thread_num=5
[OMPT] implicit_task_end: parallel_id=0 thread_num=6
[OMPT] implicit_task_end: parallel_id=0 thread_num=2
[OMPT][WIN100ms] ompt_id=1970324836974593 tid=846972 tipo=ompt_thread_worker     cpu= 16 numa=0  d_rm=    5115  d_instr=1561763228  d_cyc= 419063921  d_all= 9975389  IPC=3.727  ratio_rm=0.0005  cooldown=0
[OMPT] implicit_task_begin: parallel_id=281474976710725 thread_num=6 team_size=8
[OMPT] implicit_task_begin: parallel_id=281474976710725 thread_num=5 team_size=8
[OMPT] implicit_task_begin: parallel_id=281474976710725 thread_num=1 team_size=8
[OMPT] implicit_task_begin: parallel_id=281474976710725 thread_num=4 team_size=8
[OMPT] implicit_task_begin: parallel_id=281474976710725 thread_num=0 team_size=8
[OMPT] implicit_task_begin: parallel_id=281474976710725 thread_num=2 team_size=8
[OMPT] implicit_task_begin: parallel_id=281474976710725 thread_num=7 team_size=8
[OMPT] implicit_task_begin: parallel_id=281474976710725 thread_num=3 team_size=8
[OMPT] implicit_task_end: parallel_id=0 thread_num=0
[OMPT] parallel_end: parallel_id=281474976710725
[OMPT] parallel_begin: parallel_id=281474976710727 team_size=8
[OMPT] implicit_task_end: parallel_id=0 thread_num=4
[OMPT] implicit_task_end: parallel_id=0 thread_num=7
[OMPT] implicit_task_end: parallel_id=0 thread_num=2
[OMPT] implicit_task_end: parallel_id=0 thread_num=1
[OMPT] implicit_task_end: parallel_id=0 thread_num=3
[OMPT] implicit_task_begin: parallel_id=281474976710727 thread_num=4 team_size=8
[OMPT] implicit_task_end: parallel_id=0 thread_num=5
[OMPT] implicit_task_end: parallel_id=0 thread_num=6
[OMPT] implicit_task_begin: parallel_id=281474976710727 thread_num=0 team_size=8
[OMPT] implicit_task_begin: parallel_id=281474976710727 thread_num=1 team_size=8
[OMPT] implicit_task_begin: parallel_id=281474976710727 thread_num=2 team_size=8
[OMPT] implicit_task_begin: parallel_id=281474976710727 thread_num=5 team_size=8
[OMPT] implicit_task_begin: parallel_id=281474976710727 thread_num=6 team_size=8
[OMPT] implicit_task_begin: parallel_id=281474976710727 thread_num=3 team_size=8
[OMPT] implicit_task_begin: parallel_id=281474976710727 thread_num=7 team_size=8
[OMPT] implicit_task_end: parallel_id=0 thread_num=0
[OMPT] parallel_end: parallel_id=281474976710727
[OMPT] parallel_begin: parallel_id=281474976710729 team_size=8
[OMPT] implicit_task_end: parallel_id=0 thread_num=4
[OMPT] implicit_task_end: parallel_id=0 thread_num=5
[OMPT] implicit_task_end: parallel_id=0 thread_num=1
[OMPT] implicit_task_begin: parallel_id=281474976710729 thread_num=0 team_size=8
[OMPT] implicit_task_end: parallel_id=0 thread_num=2
[OMPT] implicit_task_end: parallel_id=0 thread_num=3
[OMPT] implicit_task_begin: parallel_id=281474976710729 thread_num=4 team_size=8
[OMPT] implicit_task_end: parallel_id=0 thread_num=7
[OMPT] implicit_task_end: parallel_id=0 thread_num=6
[OMPT] implicit_task_begin: parallel_id=281474976710729 thread_num=5 team_size=8
[OMPT] implicit_task_begin: parallel_id=281474976710729 thread_num=1 team_size=8
[OMPT] implicit_task_begin: parallel_id=281474976710729 thread_num=3 team_size=8
[OMPT] implicit_task_begin: parallel_id=281474976710729 thread_num=2 team_size=8
[OMPT] implicit_task_begin: parallel_id=281474976710729 thread_num=6 team_size=8
[OMPT] implicit_task_begin: parallel_id=281474976710729 thread_num=7 team_size=8
[OMPT] implicit_task_end: parallel_id=0 thread_num=0
[OMPT] parallel_end: parallel_id=281474976710729
[OMPT] parallel_begin: parallel_id=281474976710731 team_size=8
[OMPT] implicit_task_end: parallel_id=0 thread_num=3
[OMPT] implicit_task_end: parallel_id=0 thread_num=1
[OMPT] implicit_task_begin: parallel_id=281474976710731 thread_num=0 team_size=8
[OMPT] implicit_task_begin: parallel_id=281474976710731 thread_num=3 team_size=8
[OMPT] implicit_task_end: parallel_id=0 thread_num=2
[OMPT] implicit_task_end: parallel_id=0 thread_num=4
[OMPT] implicit_task_end: parallel_id=0 thread_num=7
[OMPT] implicit_task_begin: parallel_id=281474976710731 thread_num=2 team_size=8
[OMPT] implicit_task_end: parallel_id=0 thread_num=6
[OMPT] implicit_task_begin: parallel_id=281474976710731 thread_num=4 team_size=8
[OMPT] implicit_task_end: parallel_id=0 thread_num=5
[OMPT] implicit_task_begin: parallel_id=281474976710731 thread_num=6 team_size=8
[OMPT] implicit_task_begin: parallel_id=281474976710731 thread_num=7 team_size=8
[OMPT] implicit_task_begin: parallel_id=281474976710731 thread_num=1 team_size=8
[OMPT] implicit_task_begin: parallel_id=281474976710731 thread_num=5 team_size=8
[OMPT] implicit_task_end: parallel_id=0 thread_num=0
[OMPT] parallel_end: parallel_id=281474976710731
[OMPT] parallel_begin: parallel_id=281474976710733 team_size=8
[OMPT] implicit_task_end: parallel_id=0 thread_num=2
[OMPT] implicit_task_end: parallel_id=0 thread_num=3
[OMPT] implicit_task_begin: parallel_id=281474976710733 thread_num=0 team_size=8
[OMPT] implicit_task_end: parallel_id=0 thread_num=4
[OMPT] implicit_task_end: parallel_id=0 thread_num=7
[OMPT] implicit_task_begin: parallel_id=281474976710733 thread_num=2 team_size=8
[OMPT] implicit_task_end: parallel_id=0 thread_num=6
[OMPT] implicit_task_begin: parallel_id=281474976710733 thread_num=4 team_size=8
[OMPT] implicit_task_end: parallel_id=0 thread_num=1
[OMPT] implicit_task_begin: parallel_id=281474976710733 thread_num=6 team_size=8
[OMPT] implicit_task_begin: parallel_id=281474976710733 thread_num=3 team_size=8
[OMPT] implicit_task_end: parallel_id=0 thread_num=5
[OMPT] implicit_task_begin: parallel_id=281474976710733 thread_num=7 team_size=8
[OMPT] implicit_task_begin: parallel_id=281474976710733 thread_num=1 team_size=8
[OMPT] implicit_task_begin: parallel_id=281474976710733 thread_num=5 team_size=8
[OMPT][WIN100ms] ompt_id=281474976710657 tid=846964 tipo=ompt_thread_initial    cpu=255 numa=1  d_rm=   18895  d_instr=1590254712  d_cyc= 418565019  d_all=10145437  IPC=3.799  ratio_rm=0.0019  cooldown=0
[OMPT][WIN100ms] ompt_id=562949953421313 tid=846966 tipo=ompt_thread_worker     cpu=192 numa=1  d_rm=    3505  d_instr=1592417143  d_cyc= 417608841  d_all=10221410  IPC=3.813  ratio_rm=0.0003  cooldown=0
[OMPT][WIN100ms] ompt_id=844424930131969 tid=846967 tipo=ompt_thread_worker     cpu=231 numa=1  d_rm=    3433  d_instr=1591151009  d_cyc= 417419342  d_all=10144503  IPC=3.812  ratio_rm=0.0003  cooldown=0
[OMPT][WIN100ms] ompt_id=1125899906842625 tid=846968 tipo=ompt_thread_worker     cpu=  2 numa=0  d_rm=    2276  d_instr=1595313638  d_cyc= 417502187  d_all=10158464  IPC=3.821  ratio_rm=0.0002  cooldown=0
[OMPT][WIN100ms] ompt_id=1407374883553281 tid=846969 tipo=ompt_thread_worker     cpu=239 numa=1  d_rm=    3622  d_instr=1594243414  d_cyc= 419206117  d_all=10155887  IPC=3.803  ratio_rm=0.0004  cooldown=0
[OMPT] implicit_task_end: parallel_id=0 thread_num=0
[OMPT] parallel_end: parallel_id=281474976710733
[OMPT] parallel_begin: parallel_id=281474976710735 team_size=8
[OMPT] implicit_task_end: parallel_id=0 thread_num=2
[OMPT] implicit_task_end: parallel_id=0 thread_num=4
[OMPT] implicit_task_end: parallel_id=0 thread_num=7
[OMPT] implicit_task_end: parallel_id=0 thread_num=1
[OMPT] implicit_task_end: parallel_id=0 thread_num=3
[OMPT] implicit_task_end: parallel_id=0 thread_num=5
[OMPT] implicit_task_end: parallel_id=0 thread_num=6
[OMPT][WIN100ms] ompt_id=1688849860263937 tid=846970 tipo=ompt_thread_worker     cpu=247 numa=1  d_rm=    4137  d_instr=1612291703  d_cyc= 420562875  d_all=10313975  IPC=3.834  ratio_rm=0.0004  cooldown=0
[OMPT][WIN100ms] ompt_id=2251799813685249 tid=846971 tipo=ompt_thread_worker     cpu= 79 numa=1  d_rm=    3349  d_instr=1589958310  d_cyc= 420481010  d_all=10195588  IPC=3.781  ratio_rm=0.0003  cooldown=0
[OMPT][WIN100ms] ompt_id=1970324836974593 tid=846972 tipo=ompt_thread_worker     cpu= 16 numa=0  d_rm=    5837  d_instr=1569834911  d_cyc= 421803923  d_all=10033852  IPC=3.722  ratio_rm=0.0006  cooldown=0
[OMPT] implicit_task_begin: parallel_id=281474976710735 thread_num=5 team_size=8
[OMPT] implicit_task_begin: parallel_id=281474976710735 thread_num=4 team_size=8
[OMPT] implicit_task_begin: parallel_id=281474976710735 thread_num=6 team_size=8
[OMPT] implicit_task_begin: parallel_id=281474976710735 thread_num=1 team_size=8
[OMPT] implicit_task_begin: parallel_id=281474976710735 thread_num=2 team_size=8
[OMPT] implicit_task_begin: parallel_id=281474976710735 thread_num=0 team_size=8
[OMPT] implicit_task_begin: parallel_id=281474976710735 thread_num=7 team_size=8
[OMPT] implicit_task_begin: parallel_id=281474976710735 thread_num=3 team_size=8
[OMPT] implicit_task_end: parallel_id=0 thread_num=0
[OMPT] parallel_end: parallel_id=281474976710735
[OMPT] parallel_begin: parallel_id=281474976710737 team_size=8
[OMPT] implicit_task_end: parallel_id=0 thread_num=4
[OMPT] implicit_task_end: parallel_id=0 thread_num=5
[OMPT] implicit_task_begin: parallel_id=281474976710737 thread_num=0 team_size=8
[OMPT] implicit_task_end: parallel_id=0 thread_num=3
[OMPT] implicit_task_end: parallel_id=0 thread_num=2
[OMPT] implicit_task_begin: parallel_id=281474976710737 thread_num=4 team_size=8
[OMPT] implicit_task_end: parallel_id=0 thread_num=1
[OMPT] implicit_task_end: parallel_id=0 thread_num=6
[OMPT] implicit_task_begin: parallel_id=281474976710737 thread_num=5 team_size=8
[OMPT] implicit_task_begin: parallel_id=281474976710737 thread_num=3 team_size=8
[OMPT] implicit_task_end: parallel_id=0 thread_num=7
[OMPT] implicit_task_begin: parallel_id=281474976710737 thread_num=6 team_size=8
[OMPT] implicit_task_begin: parallel_id=281474976710737 thread_num=7 team_size=8
[OMPT] implicit_task_begin: parallel_id=281474976710737 thread_num=2 team_size=8
[OMPT] implicit_task_begin: parallel_id=281474976710737 thread_num=1 team_size=8
[OMPT] implicit_task_end: parallel_id=0 thread_num=0
[OMPT] parallel_end: parallel_id=281474976710737
[OMPT] parallel_begin: parallel_id=281474976710739 team_size=8
[OMPT] implicit_task_end: parallel_id=0 thread_num=3
[OMPT] implicit_task_end: parallel_id=0 thread_num=4
[OMPT] implicit_task_begin: parallel_id=281474976710739 thread_num=3 team_size=8
[OMPT] implicit_task_end: parallel_id=0 thread_num=7
[OMPT] implicit_task_end: parallel_id=0 thread_num=1
[OMPT] implicit_task_end: parallel_id=0 thread_num=2
[OMPT] implicit_task_begin: parallel_id=281474976710739 thread_num=4 team_size=8
[OMPT] implicit_task_end: parallel_id=0 thread_num=5
[OMPT] implicit_task_begin: parallel_id=281474976710739 thread_num=7 team_size=8
[OMPT] implicit_task_begin: parallel_id=281474976710739 thread_num=0 team_size=8
[OMPT] implicit_task_end: parallel_id=0 thread_num=6
[OMPT] implicit_task_begin: parallel_id=281474976710739 thread_num=1 team_size=8
[OMPT] implicit_task_begin: parallel_id=281474976710739 thread_num=2 team_size=8
[OMPT] implicit_task_begin: parallel_id=281474976710739 thread_num=5 team_size=8
[OMPT] implicit_task_begin: parallel_id=281474976710739 thread_num=6 team_size=8
[OMPT] implicit_task_end: parallel_id=0 thread_num=0
[OMPT] parallel_end: parallel_id=281474976710739
[OMPT] parallel_begin: parallel_id=281474976710741 team_size=8
[OMPT] implicit_task_end: parallel_id=0 thread_num=4
[OMPT] implicit_task_end: parallel_id=0 thread_num=7
[OMPT] implicit_task_end: parallel_id=0 thread_num=3
[OMPT] implicit_task_end: parallel_id=0 thread_num=1
[OMPT] implicit_task_end: parallel_id=0 thread_num=2
[OMPT] implicit_task_end: parallel_id=0 thread_num=5
[OMPT] implicit_task_end: parallel_id=0 thread_num=6
[OMPT] implicit_task_begin: parallel_id=281474976710741 thread_num=0 team_size=8
[OMPT] implicit_task_begin: parallel_id=281474976710741 thread_num=4 team_size=8
[OMPT] implicit_task_begin: parallel_id=281474976710741 thread_num=1 team_size=8
[OMPT] implicit_task_begin: parallel_id=281474976710741 thread_num=5 team_size=8
[OMPT] implicit_task_begin: parallel_id=281474976710741 thread_num=6 team_size=8
[OMPT] implicit_task_begin: parallel_id=281474976710741 thread_num=7 team_size=8
[OMPT] implicit_task_begin: parallel_id=281474976710741 thread_num=2 team_size=8
[OMPT] implicit_task_begin: parallel_id=281474976710741 thread_num=3 team_size=8
[OMPT] implicit_task_end: parallel_id=0 thread_num=0
[OMPT] parallel_end: parallel_id=281474976710741
[OMPT] parallel_begin: parallel_id=281474976710743 team_size=8
[OMPT] implicit_task_end: parallel_id=0 thread_num=3
[OMPT] implicit_task_end: parallel_id=0 thread_num=4
[OMPT] implicit_task_end: parallel_id=0 thread_num=7
[OMPT] implicit_task_end: parallel_id=0 thread_num=2
[OMPT] implicit_task_end: parallel_id=0 thread_num=1
[OMPT] implicit_task_begin: parallel_id=281474976710743 thread_num=3 team_size=8
[OMPT] implicit_task_begin: parallel_id=281474976710743 thread_num=2 team_size=8
[OMPT] implicit_task_end: parallel_id=0 thread_num=6
[OMPT] implicit_task_begin: parallel_id=281474976710743 thread_num=7 team_size=8
[OMPT] implicit_task_end: parallel_id=0 thread_num=5
[OMPT] implicit_task_begin: parallel_id=281474976710743 thread_num=6 team_size=8
[OMPT] implicit_task_begin: parallel_id=281474976710743 thread_num=0 team_size=8
[OMPT] implicit_task_begin: parallel_id=281474976710743 thread_num=4 team_size=8
[OMPT] implicit_task_begin: parallel_id=281474976710743 thread_num=5 team_size=8
[OMPT] implicit_task_begin: parallel_id=281474976710743 thread_num=1 team_size=8
[OMPT][WIN100ms] ompt_id=281474976710657 tid=846964 tipo=ompt_thread_initial    cpu=255 numa=1  d_rm=   20979  d_instr=1550512919  d_cyc= 421690909  d_all= 9921423  IPC=3.677  ratio_rm=0.0021  cooldown=0
[OMPT][WIN100ms] ompt_id=562949953421313 tid=846966 tipo=ompt_thread_worker     cpu=192 numa=1  d_rm=    5779  d_instr=1547373025  d_cyc= 420068790  d_all= 9912108  IPC=3.684  ratio_rm=0.0006  cooldown=0
[OMPT][WIN100ms] ompt_id=844424930131969 tid=846967 tipo=ompt_thread_worker     cpu=231 numa=1  d_rm=    5722  d_instr=1553389231  d_cyc= 420932141  d_all= 9897114  IPC=3.690  ratio_rm=0.0006  cooldown=0
[OMPT][WIN100ms] ompt_id=1125899906842625 tid=846968 tipo=ompt_thread_worker     cpu=  2 numa=0  d_rm=    2572  d_instr=1554177832  d_cyc= 419268702  d_all= 9892258  IPC=3.707  ratio_rm=0.0003  cooldown=0
[OMPT][WIN100ms] ompt_id=1407374883553281 tid=846969 tipo=ompt_thread_worker     cpu=239 numa=1  d_rm=    5627  d_instr=1549575824  d_cyc= 419967953  d_all= 9867179  IPC=3.690  ratio_rm=0.0006  cooldown=0
[OMPT][WIN100ms] ompt_id=1688849860263937 tid=846970 tipo=ompt_thread_worker     cpu=247 numa=1  d_rm=    5774  d_instr=1529481430  d_cyc= 419651305  d_all= 9743721  IPC=3.645  ratio_rm=0.0006  cooldown=0
[OMPT][WIN100ms] ompt_id=2251799813685249 tid=846971 tipo=ompt_thread_worker     cpu= 79 numa=1  d_rm=    4713  d_instr=1553268606  d_cyc= 419391748  d_all= 9956359  IPC=3.704  ratio_rm=0.0005  cooldown=0
[OMPT] implicit_task_end: parallel_id=0 thread_num=0
[OMPT] parallel_end: parallel_id=281474976710743
[OMPT] parallel_begin: parallel_id=281474976710745 team_size=8
[OMPT] implicit_task_end: parallel_id=0 thread_num=4
[OMPT] implicit_task_end: parallel_id=0 thread_num=7
[OMPT] implicit_task_end: parallel_id=0 thread_num=2
[OMPT] implicit_task_end: parallel_id=0 thread_num=3
[OMPT] implicit_task_end: parallel_id=0 thread_num=5
[OMPT] implicit_task_end: parallel_id=0 thread_num=6
[OMPT] implicit_task_end: parallel_id=0 thread_num=1
[OMPT][WIN100ms] ompt_id=1970324836974593 tid=846972 tipo=ompt_thread_worker     cpu= 16 numa=0  d_rm=    5034  d_instr=1554853391  d_cyc= 420003899  d_all= 9961836  IPC=3.702  ratio_rm=0.0005  cooldown=0
[OMPT] implicit_task_begin: parallel_id=281474976710745 thread_num=4 team_size=8
[OMPT] implicit_task_begin: parallel_id=281474976710745 thread_num=5 team_size=8
[OMPT] implicit_task_begin: parallel_id=281474976710745 thread_num=1 team_size=8
[OMPT] implicit_task_begin: parallel_id=281474976710745 thread_num=0 team_size=8
[OMPT] implicit_task_begin: parallel_id=281474976710745 thread_num=6 team_size=8
[OMPT] implicit_task_begin: parallel_id=281474976710745 thread_num=2 team_size=8
[OMPT] implicit_task_begin: parallel_id=281474976710745 thread_num=7 team_size=8
[OMPT] implicit_task_begin: parallel_id=281474976710745 thread_num=3 team_size=8
[OMPT] implicit_task_end: parallel_id=0 thread_num=0
[OMPT] parallel_end: parallel_id=281474976710745
[OMPT] parallel_begin: parallel_id=281474976710747 team_size=8
[OMPT] implicit_task_end: parallel_id=0 thread_num=3
[OMPT] implicit_task_end: parallel_id=0 thread_num=4
[OMPT] implicit_task_begin: parallel_id=281474976710747 thread_num=3 team_size=8
[OMPT] implicit_task_end: parallel_id=0 thread_num=6
[OMPT] implicit_task_end: parallel_id=0 thread_num=2
[OMPT] implicit_task_end: parallel_id=0 thread_num=1
[OMPT] implicit_task_begin: parallel_id=281474976710747 thread_num=0 team_size=8
[OMPT] implicit_task_begin: parallel_id=281474976710747 thread_num=4 team_size=8
[OMPT] implicit_task_end: parallel_id=0 thread_num=5
[OMPT] implicit_task_end: parallel_id=0 thread_num=7
[OMPT] implicit_task_begin: parallel_id=281474976710747 thread_num=1 team_size=8
[OMPT] implicit_task_begin: parallel_id=281474976710747 thread_num=2 team_size=8
[OMPT] implicit_task_begin: parallel_id=281474976710747 thread_num=5 team_size=8
[OMPT] implicit_task_begin: parallel_id=281474976710747 thread_num=6 team_size=8
[OMPT] implicit_task_begin: parallel_id=281474976710747 thread_num=7 team_size=8
[OMPT] implicit_task_end: parallel_id=0 thread_num=0
[OMPT] parallel_end: parallel_id=281474976710747
[OMPT] parallel_begin: parallel_id=281474976710749 team_size=8
[OMPT] implicit_task_end: parallel_id=0 thread_num=4
[OMPT] implicit_task_end: parallel_id=0 thread_num=7
[OMPT] implicit_task_end: parallel_id=0 thread_num=3
[OMPT] implicit_task_end: parallel_id=0 thread_num=1
[OMPT] implicit_task_end: parallel_id=0 thread_num=2
[OMPT] implicit_task_begin: parallel_id=281474976710749 thread_num=4 team_size=8
[OMPT] implicit_task_begin: parallel_id=281474976710749 thread_num=3 team_size=8
[OMPT] implicit_task_end: parallel_id=0 thread_num=6
[OMPT] implicit_task_begin: parallel_id=281474976710749 thread_num=1 team_size=8
[OMPT] implicit_task_end: parallel_id=0 thread_num=5
[OMPT] implicit_task_begin: parallel_id=281474976710749 thread_num=0 team_size=8
[OMPT] implicit_task_begin: parallel_id=281474976710749 thread_num=2 team_size=8
[OMPT] implicit_task_begin: parallel_id=281474976710749 thread_num=5 team_size=8
[OMPT] implicit_task_begin: parallel_id=281474976710749 thread_num=6 team_size=8
[OMPT] implicit_task_begin: parallel_id=281474976710749 thread_num=7 team_size=8
[OMPT] implicit_task_end: parallel_id=0 thread_num=0
[OMPT] parallel_end: parallel_id=281474976710749
[OMPT] parallel_begin: parallel_id=281474976710751 team_size=8
[OMPT] implicit_task_end: parallel_id=0 thread_num=4
[OMPT] implicit_task_end: parallel_id=0 thread_num=7
[OMPT] implicit_task_end: parallel_id=0 thread_num=3
[OMPT] implicit_task_end: parallel_id=0 thread_num=1
[OMPT] implicit_task_end: parallel_id=0 thread_num=2
[OMPT] implicit_task_end: parallel_id=0 thread_num=5
[OMPT] implicit_task_end: parallel_id=0 thread_num=6
[OMPT] implicit_task_begin: parallel_id=281474976710751 thread_num=4 team_size=8
[OMPT] implicit_task_begin: parallel_id=281474976710751 thread_num=0 team_size=8
[OMPT] implicit_task_begin: parallel_id=281474976710751 thread_num=3 team_size=8
[OMPT] implicit_task_begin: parallel_id=281474976710751 thread_num=2 team_size=8
[OMPT] implicit_task_begin: parallel_id=281474976710751 thread_num=1 team_size=8
[OMPT] implicit_task_begin: parallel_id=281474976710751 thread_num=5 team_size=8
[OMPT] implicit_task_begin: parallel_id=281474976710751 thread_num=7 team_size=8
[OMPT] implicit_task_begin: parallel_id=281474976710751 thread_num=6 team_size=8
[OMPT] implicit_task_end: parallel_id=0 thread_num=0
[OMPT] parallel_end: parallel_id=281474976710751
[OMPT] parallel_begin: parallel_id=281474976710753 team_size=8
[OMPT] implicit_task_end: parallel_id=0 thread_num=3
[OMPT] implicit_task_end: parallel_id=0 thread_num=1
[OMPT] implicit_task_begin: parallel_id=281474976710753 thread_num=3 team_size=8
[OMPT] implicit_task_end: parallel_id=0 thread_num=4
[OMPT] implicit_task_end: parallel_id=0 thread_num=7
[OMPT] implicit_task_end: parallel_id=0 thread_num=2
[OMPT] implicit_task_begin: parallel_id=281474976710753 thread_num=7 team_size=8
[OMPT] implicit_task_begin: parallel_id=281474976710753 thread_num=1 team_size=8
[OMPT] implicit_task_end: parallel_id=0 thread_num=6
[OMPT] implicit_task_end: parallel_id=0 thread_num=5
[OMPT] implicit_task_begin: parallel_id=281474976710753 thread_num=6 team_size=8
[OMPT] implicit_task_begin: parallel_id=281474976710753 thread_num=0 team_size=8
[OMPT] implicit_task_begin: parallel_id=281474976710753 thread_num=4 team_size=8
[OMPT] implicit_task_begin: parallel_id=281474976710753 thread_num=5 team_size=8
[OMPT] implicit_task_begin: parallel_id=281474976710753 thread_num=2 team_size=8
[OMPT][WIN100ms] ompt_id=281474976710657 tid=846964 tipo=ompt_thread_initial    cpu=255 numa=1  d_rm=   19565  d_instr=1561966434  d_cyc= 418804678  d_all= 9938074  IPC=3.730  ratio_rm=0.0020  cooldown=0
[OMPT][WIN100ms] ompt_id=562949953421313 tid=846966 tipo=ompt_thread_worker     cpu=192 numa=1  d_rm=    3870  d_instr=1572189314  d_cyc= 418972737  d_all=10039261  IPC=3.752  ratio_rm=0.0004  cooldown=0
[OMPT][WIN100ms] ompt_id=844424930131969 tid=846967 tipo=ompt_thread_worker     cpu=231 numa=1  d_rm=    3924  d_instr=1559016866  d_cyc= 419342825  d_all= 9921651  IPC=3.718  ratio_rm=0.0004  cooldown=0
[OMPT][WIN100ms] ompt_id=1125899906842625 tid=846968 tipo=ompt_thread_worker     cpu=  2 numa=0  d_rm=    2531  d_instr=1557398086  d_cyc= 418085841  d_all= 9885376  IPC=3.725  ratio_rm=0.0003  cooldown=0
[OMPT][WIN100ms] ompt_id=1407374883553281 tid=846969 tipo=ompt_thread_worker     cpu=239 numa=1  d_rm=    3781  d_instr=1563893742  d_cyc= 418304338  d_all= 9938700  IPC=3.739  ratio_rm=0.0004  cooldown=0
[OMPT][WIN100ms] ompt_id=1688849860263937 tid=846970 tipo=ompt_thread_worker     cpu=247 numa=1  d_rm=    4154  d_instr=1566299954  d_cyc= 419071156  d_all=10026249  IPC=3.738  ratio_rm=0.0004  cooldown=0
[OMPT][WIN100ms] ompt_id=2251799813685249 tid=846971 tipo=ompt_thread_worker     cpu= 79 numa=1  d_rm=    4159  d_instr=1551767138  d_cyc= 418915854  d_all= 9950526  IPC=3.704  ratio_rm=0.0004  cooldown=0
[OMPT] implicit_task_end: parallel_id=0 thread_num=0
[OMPT] parallel_end: parallel_id=281474976710753
[OMPT] parallel_begin: parallel_id=281474976710755 team_size=8
[OMPT] implicit_task_end: parallel_id=0 thread_num=3
[OMPT] implicit_task_end: parallel_id=0 thread_num=2
[OMPT] implicit_task_end: parallel_id=0 thread_num=4
[OMPT] implicit_task_end: parallel_id=0 thread_num=7
[OMPT] implicit_task_end: parallel_id=0 thread_num=5
[OMPT] implicit_task_end: parallel_id=0 thread_num=6
[OMPT] implicit_task_end: parallel_id=0 thread_num=1
[OMPT][WIN100ms] ompt_id=1970324836974593 tid=846972 tipo=ompt_thread_worker     cpu= 16 numa=0  d_rm=    5767  d_instr=1574744827  d_cyc= 418319600  d_all=10022773  IPC=3.764  ratio_rm=0.0006  cooldown=0
[OMPT] implicit_task_begin: parallel_id=281474976710755 thread_num=1 team_size=8
[OMPT] implicit_task_begin: parallel_id=281474976710755 thread_num=5 team_size=8
[OMPT] implicit_task_begin: parallel_id=281474976710755 thread_num=4 team_size=8
[OMPT] implicit_task_begin: parallel_id=281474976710755 thread_num=2 team_size=8
[OMPT] implicit_task_begin: parallel_id=281474976710755 thread_num=3 team_size=8
[OMPT] implicit_task_begin: parallel_id=281474976710755 thread_num=6 team_size=8
[OMPT] implicit_task_begin: parallel_id=281474976710755 thread_num=0 team_size=8
[OMPT] implicit_task_begin: parallel_id=281474976710755 thread_num=7 team_size=8
[OMPT] implicit_task_end: parallel_id=0 thread_num=0
[OMPT] parallel_end: parallel_id=281474976710755
[OMPT] parallel_begin: parallel_id=281474976710757 team_size=8
[OMPT] implicit_task_end: parallel_id=0 thread_num=3
[OMPT] implicit_task_end: parallel_id=0 thread_num=1
[OMPT] implicit_task_begin: parallel_id=281474976710757 thread_num=3 team_size=8
[OMPT] implicit_task_end: parallel_id=0 thread_num=2
[OMPT] implicit_task_begin: parallel_id=281474976710757 thread_num=1 team_size=8
[OMPT] implicit_task_end: parallel_id=0 thread_num=4
[OMPT] implicit_task_end: parallel_id=0 thread_num=7
[OMPT] implicit_task_end: parallel_id=0 thread_num=5
[OMPT] implicit_task_end: parallel_id=0 thread_num=6
[OMPT] implicit_task_begin: parallel_id=281474976710757 thread_num=2 team_size=8
[OMPT] implicit_task_begin: parallel_id=281474976710757 thread_num=5 team_size=8
[OMPT] implicit_task_begin: parallel_id=281474976710757 thread_num=0 team_size=8
[OMPT] implicit_task_begin: parallel_id=281474976710757 thread_num=6 team_size=8
[OMPT] implicit_task_begin: parallel_id=281474976710757 thread_num=7 team_size=8
[OMPT] implicit_task_begin: parallel_id=281474976710757 thread_num=4 team_size=8
[OMPT] implicit_task_end: parallel_id=0 thread_num=0
[OMPT] parallel_end: parallel_id=281474976710757
[OMPT] parallel_begin: parallel_id=281474976710759 team_size=8
[OMPT] implicit_task_end: parallel_id=0 thread_num=3
[OMPT] implicit_task_end: parallel_id=0 thread_num=4
[OMPT] implicit_task_begin: parallel_id=281474976710759 thread_num=3 team_size=8
[OMPT] implicit_task_end: parallel_id=0 thread_num=7
[OMPT] implicit_task_end: parallel_id=0 thread_num=1
[OMPT] implicit_task_end: parallel_id=0 thread_num=2
[OMPT] implicit_task_begin: parallel_id=281474976710759 thread_num=0 team_size=8
[OMPT] implicit_task_begin: parallel_id=281474976710759 thread_num=1 team_size=8
[OMPT] implicit_task_end: parallel_id=0 thread_num=5
[OMPT] implicit_task_begin: parallel_id=281474976710759 thread_num=4 team_size=8
[OMPT] implicit_task_begin: parallel_id=281474976710759 thread_num=2 team_size=8
[OMPT] implicit_task_end: parallel_id=0 thread_num=6
[OMPT] implicit_task_begin: parallel_id=281474976710759 thread_num=5 team_size=8
[OMPT] implicit_task_begin: parallel_id=281474976710759 thread_num=7 team_size=8
[OMPT] implicit_task_begin: parallel_id=281474976710759 thread_num=6 team_size=8
[OMPT] implicit_task_end: parallel_id=0 thread_num=0
[OMPT] parallel_end: parallel_id=281474976710759
[OMPT] parallel_begin: parallel_id=281474976710761 team_size=8
[OMPT] implicit_task_end: parallel_id=0 thread_num=3
[OMPT] implicit_task_end: parallel_id=0 thread_num=1
[OMPT] implicit_task_begin: parallel_id=281474976710761 thread_num=0 team_size=8
[OMPT] implicit_task_end: parallel_id=0 thread_num=4
[OMPT] implicit_task_end: parallel_id=0 thread_num=7
[OMPT] implicit_task_end: parallel_id=0 thread_num=2
[OMPT] implicit_task_end: parallel_id=0 thread_num=6
[OMPT] implicit_task_begin: parallel_id=281474976710761 thread_num=4 team_size=8
[OMPT] implicit_task_end: parallel_id=0 thread_num=5
[OMPT] implicit_task_begin: parallel_id=281474976710761 thread_num=2 team_size=8
[OMPT] implicit_task_begin: parallel_id=281474976710761 thread_num=1 team_size=8
[OMPT] implicit_task_begin: parallel_id=281474976710761 thread_num=3 team_size=8
[OMPT] implicit_task_begin: parallel_id=281474976710761 thread_num=5 team_size=8
[OMPT] implicit_task_begin: parallel_id=281474976710761 thread_num=6 team_size=8
[OMPT] implicit_task_begin: parallel_id=281474976710761 thread_num=7 team_size=8
[OMPT] implicit_task_end: parallel_id=0 thread_num=0
[OMPT] parallel_end: parallel_id=281474976710761
[OMPT] parallel_begin: parallel_id=281474976710763 team_size=8
[OMPT] implicit_task_end: parallel_id=0 thread_num=4
[OMPT] implicit_task_end: parallel_id=0 thread_num=7
[OMPT] implicit_task_end: parallel_id=0 thread_num=3
[OMPT] implicit_task_end: parallel_id=0 thread_num=2
[OMPT] implicit_task_end: parallel_id=0 thread_num=1
[OMPT] implicit_task_end: parallel_id=0 thread_num=6
[OMPT] implicit_task_end: parallel_id=0 thread_num=5
[OMPT] implicit_task_begin: parallel_id=281474976710763 thread_num=0 team_size=8
[OMPT] implicit_task_begin: parallel_id=281474976710763 thread_num=6 team_size=8
[OMPT] implicit_task_begin: parallel_id=281474976710763 thread_num=4 team_size=8
[OMPT] implicit_task_begin: parallel_id=281474976710763 thread_num=7 team_size=8
[OMPT] implicit_task_begin: parallel_id=281474976710763 thread_num=2 team_size=8
[OMPT] implicit_task_begin: parallel_id=281474976710763 thread_num=1 team_size=8
[OMPT] implicit_task_begin: parallel_id=281474976710763 thread_num=5 team_size=8
[OMPT] implicit_task_begin: parallel_id=281474976710763 thread_num=3 team_size=8
[OMPT][WIN100ms] ompt_id=281474976710657 tid=846964 tipo=ompt_thread_initial    cpu=255 numa=1  d_rm=   19214  d_instr=1559810097  d_cyc= 419252441  d_all= 9964446  IPC=3.720  ratio_rm=0.0019  cooldown=0
[OMPT][WIN100ms] ompt_id=562949953421313 tid=846966 tipo=ompt_thread_worker     cpu=192 numa=1  d_rm=    3829  d_instr=1571609203  d_cyc= 417806508  d_all=10017226  IPC=3.762  ratio_rm=0.0004  cooldown=0
[OMPT][WIN100ms] ompt_id=844424930131969 tid=846967 tipo=ompt_thread_worker     cpu=231 numa=1  d_rm=    3787  d_instr=1572526578  d_cyc= 418944328  d_all= 9995833  IPC=3.754  ratio_rm=0.0004  cooldown=0
[OMPT][WIN100ms] ompt_id=1125899906842625 tid=846968 tipo=ompt_thread_worker     cpu=  2 numa=0  d_rm=    2433  d_instr=1576867288  d_cyc= 419185247  d_all=10019936  IPC=3.762  ratio_rm=0.0002  cooldown=0
[OMPT][WIN100ms] ompt_id=1407374883553281 tid=846969 tipo=ompt_thread_worker     cpu=239 numa=1  d_rm=    3911  d_instr=1571406273  d_cyc= 418739519  d_all= 9980881  IPC=3.753  ratio_rm=0.0004  cooldown=0
[OMPT][WIN100ms] ompt_id=1688849860263937 tid=846970 tipo=ompt_thread_worker     cpu=247 numa=1  d_rm=    4061  d_instr=1560608316  d_cyc= 419435553  d_all= 9944562  IPC=3.721  ratio_rm=0.0004  cooldown=0
[OMPT][WIN100ms] ompt_id=2251799813685249 tid=846971 tipo=ompt_thread_worker     cpu= 79 numa=1  d_rm=    3469  d_instr=1567183133  d_cyc= 419469095  d_all=10035440  IPC=3.736  ratio_rm=0.0003  cooldown=0
[OMPT] implicit_task_end: parallel_id=0 thread_num=0
[OMPT] parallel_end: parallel_id=281474976710763
[OMPT] parallel_begin: parallel_id=281474976710765 team_size=8
[OMPT] implicit_task_end: parallel_id=0 thread_num=4
[OMPT] implicit_task_end: parallel_id=0 thread_num=6
[OMPT] implicit_task_end: parallel_id=0 thread_num=2
[OMPT] implicit_task_end: parallel_id=0 thread_num=3
[OMPT] implicit_task_end: parallel_id=0 thread_num=1
[OMPT] implicit_task_end: parallel_id=0 thread_num=7
[OMPT] implicit_task_end: parallel_id=0 thread_num=5
[OMPT][WIN100ms] ompt_id=1970324836974593 tid=846972 tipo=ompt_thread_worker     cpu= 16 numa=0  d_rm=    5637  d_instr=1561507766  d_cyc= 420361556  d_all= 9960015  IPC=3.715  ratio_rm=0.0006  cooldown=0
[OMPT] implicit_task_begin: parallel_id=281474976710765 thread_num=4 team_size=8
[OMPT] implicit_task_begin: parallel_id=281474976710765 thread_num=3 team_size=8
[OMPT] implicit_task_begin: parallel_id=281474976710765 thread_num=0 team_size=8
[OMPT] implicit_task_begin: parallel_id=281474976710765 thread_num=7 team_size=8
[OMPT] implicit_task_begin: parallel_id=281474976710765 thread_num=6 team_size=8
[OMPT] implicit_task_begin: parallel_id=281474976710765 thread_num=5 team_size=8
[OMPT] implicit_task_begin: parallel_id=281474976710765 thread_num=1 team_size=8
[OMPT] implicit_task_begin: parallel_id=281474976710765 thread_num=2 team_size=8
[OMPT] implicit_task_end: parallel_id=0 thread_num=0
[OMPT] parallel_end: parallel_id=281474976710765
[OMPT] parallel_begin: parallel_id=281474976710767 team_size=8
[OMPT] implicit_task_end: parallel_id=0 thread_num=4
[OMPT] implicit_task_end: parallel_id=0 thread_num=7
[OMPT] implicit_task_begin: parallel_id=281474976710767 thread_num=0 team_size=8
[OMPT] implicit_task_end: parallel_id=0 thread_num=2
[OMPT] implicit_task_end: parallel_id=0 thread_num=3
[OMPT] implicit_task_begin: parallel_id=281474976710767 thread_num=4 team_size=8
[OMPT] implicit_task_begin: parallel_id=281474976710767 thread_num=3 team_size=8
[OMPT] implicit_task_end: parallel_id=0 thread_num=1
[OMPT] implicit_task_begin: parallel_id=281474976710767 thread_num=7 team_size=8
[OMPT] implicit_task_end: parallel_id=0 thread_num=6
[OMPT] implicit_task_begin: parallel_id=281474976710767 thread_num=2 team_size=8
[OMPT] implicit_task_end: parallel_id=0 thread_num=5
[OMPT] implicit_task_begin: parallel_id=281474976710767 thread_num=6 team_size=8
[OMPT] implicit_task_begin: parallel_id=281474976710767 thread_num=1 team_size=8
[OMPT] implicit_task_begin: parallel_id=281474976710767 thread_num=5 team_size=8
[OMPT] implicit_task_end: parallel_id=0 thread_num=0
[OMPT] parallel_end: parallel_id=281474976710767
[OMPT] parallel_begin: parallel_id=281474976710769 team_size=8
[OMPT] implicit_task_end: parallel_id=0 thread_num=3
[OMPT] implicit_task_end: parallel_id=0 thread_num=1
[OMPT] implicit_task_begin: parallel_id=281474976710769 thread_num=0 team_size=8
[OMPT] implicit_task_begin: parallel_id=281474976710769 thread_num=3 team_size=8
[OMPT] implicit_task_end: parallel_id=0 thread_num=2
[OMPT] implicit_task_begin: parallel_id=281474976710769 thread_num=1 team_size=8
[OMPT] implicit_task_end: parallel_id=0 thread_num=4
[OMPT] implicit_task_end: parallel_id=0 thread_num=7
[OMPT] implicit_task_end: parallel_id=0 thread_num=5
[OMPT] implicit_task_begin: parallel_id=281474976710769 thread_num=4 team_size=8
[OMPT] implicit_task_end: parallel_id=0 thread_num=6
[OMPT] implicit_task_begin: parallel_id=281474976710769 thread_num=2 team_size=8
[OMPT] implicit_task_begin: parallel_id=281474976710769 thread_num=5 team_size=8
[OMPT] implicit_task_begin: parallel_id=281474976710769 thread_num=6 team_size=8
[OMPT] implicit_task_begin: parallel_id=281474976710769 thread_num=7 team_size=8
[OMPT] implicit_task_end: parallel_id=0 thread_num=0
[OMPT] parallel_end: parallel_id=281474976710769
[OMPT] parallel_begin: parallel_id=281474976710771 team_size=8
[OMPT] implicit_task_end: parallel_id=0 thread_num=3
[OMPT] implicit_task_end: parallel_id=0 thread_num=4
[OMPT] implicit_task_begin: parallel_id=281474976710771 thread_num=3 team_size=8
[OMPT] implicit_task_end: parallel_id=0 thread_num=7
[OMPT] implicit_task_end: parallel_id=0 thread_num=1
[OMPT] implicit_task_begin: parallel_id=281474976710771 thread_num=0 team_size=8
[OMPT] implicit_task_end: parallel_id=0 thread_num=6
[OMPT] implicit_task_end: parallel_id=0 thread_num=5
[OMPT] implicit_task_end: parallel_id=0 thread_num=2
[OMPT] implicit_task_begin: parallel_id=281474976710771 thread_num=4 team_size=8
[OMPT] implicit_task_begin: parallel_id=281474976710771 thread_num=1 team_size=8
[OMPT] implicit_task_begin: parallel_id=281474976710771 thread_num=7 team_size=8
[OMPT] implicit_task_begin: parallel_id=281474976710771 thread_num=6 team_size=8
[OMPT] implicit_task_begin: parallel_id=281474976710771 thread_num=2 team_size=8
[OMPT] implicit_task_begin: parallel_id=281474976710771 thread_num=5 team_size=8
[OMPT] implicit_task_end: parallel_id=0 thread_num=0
[OMPT] parallel_end: parallel_id=281474976710771
[OMPT] parallel_begin: parallel_id=281474976710773 team_size=8
[OMPT] implicit_task_end: parallel_id=0 thread_num=3
[OMPT] implicit_task_end: parallel_id=0 thread_num=4
[OMPT] implicit_task_end: parallel_id=0 thread_num=5
[OMPT] implicit_task_end: parallel_id=0 thread_num=2
[OMPT] implicit_task_end: parallel_id=0 thread_num=1
[OMPT] implicit_task_begin: parallel_id=281474976710773 thread_num=4 team_size=8
[OMPT] implicit_task_end: parallel_id=0 thread_num=7
[OMPT] implicit_task_begin: parallel_id=281474976710773 thread_num=2 team_size=8
[OMPT] implicit_task_begin: parallel_id=281474976710773 thread_num=3 team_size=8
[OMPT] implicit_task_begin: parallel_id=281474976710773 thread_num=0 team_size=8
[OMPT] implicit_task_end: parallel_id=0 thread_num=6
[OMPT] implicit_task_begin: parallel_id=281474976710773 thread_num=1 team_size=8
[OMPT] implicit_task_begin: parallel_id=281474976710773 thread_num=7 team_size=8
[OMPT] implicit_task_begin: parallel_id=281474976710773 thread_num=5 team_size=8
[OMPT] implicit_task_begin: parallel_id=281474976710773 thread_num=6 team_size=8
[OMPT][WIN100ms] ompt_id=281474976710657 tid=846964 tipo=ompt_thread_initial    cpu=255 numa=1  d_rm=   19153  d_instr=1576201756  d_cyc= 421018736  d_all=10099465  IPC=3.744  ratio_rm=0.0019  cooldown=0
[OMPT][WIN100ms] ompt_id=281474976710657 tid=846964 tipo=ompt_thread_initial    cpu=255 numa=1  UMBRAL INICIAL CALCULADO: 0.0020 (basado en 9 ventanas)
[OMPT][WIN100ms] ompt_id=562949953421313 tid=846966 tipo=ompt_thread_worker     cpu=192 numa=1  d_rm=    3608  d_instr=1587535602  d_cyc= 418542948  d_all=10153276  IPC=3.793  ratio_rm=0.0004  cooldown=0
[OMPT][WIN100ms] ompt_id=562949953421313 tid=846966 tipo=ompt_thread_worker     cpu=192 numa=1  UMBRAL INICIAL CALCULADO: 0.0004 (basado en 9 ventanas)
[OMPT][WIN100ms] ompt_id=844424930131969 tid=846967 tipo=ompt_thread_worker     cpu=231 numa=1  d_rm=    4007  d_instr=1588440649  d_cyc= 418554938  d_all=10112575  IPC=3.795  ratio_rm=0.0004  cooldown=0
[OMPT][WIN100ms] ompt_id=844424930131969 tid=846967 tipo=ompt_thread_worker     cpu=231 numa=1  UMBRAL INICIAL CALCULADO: 0.0004 (basado en 9 ventanas)
[SCHED][EPOCH] tid=846967 ratio=0.0004 thr(avg prev 9)=0.0004 -> PENDIENTE (mig=0)
[OMPT][WIN100ms] ompt_id=1125899906842625 tid=846968 tipo=ompt_thread_worker     cpu=  2 numa=0  d_rm=    2643  d_instr=1585380646  d_cyc= 419283456  d_all=10107709  IPC=3.781  ratio_rm=0.0003  cooldown=0
[OMPT][WIN100ms] ompt_id=1125899906842625 tid=846968 tipo=ompt_thread_worker     cpu=  2 numa=0  UMBRAL INICIAL CALCULADO: 0.0003 (basado en 9 ventanas)
[OMPT][WIN100ms] ompt_id=1407374883553281 tid=846969 tipo=ompt_thread_worker     cpu=239 numa=1  d_rm=    3973  d_instr=1577427465  d_cyc= 420511699  d_all=10065342  IPC=3.751  ratio_rm=0.0004  cooldown=0
[OMPT][WIN100ms] ompt_id=1407374883553281 tid=846969 tipo=ompt_thread_worker     cpu=239 numa=1  UMBRAL INICIAL CALCULADO: 0.0004 (basado en 9 ventanas)
[OMPT][WIN100ms] ompt_id=1688849860263937 tid=846970 tipo=ompt_thread_worker     cpu=247 numa=1  d_rm=    4159  d_instr=1572648135  d_cyc= 421317101  d_all=10054974  IPC=3.733  ratio_rm=0.0004  cooldown=0
[OMPT][WIN100ms] ompt_id=1688849860263937 tid=846970 tipo=ompt_thread_worker     cpu=247 numa=1  UMBRAL INICIAL CALCULADO: 0.0004 (basado en 9 ventanas)
[OMPT][WIN100ms] ompt_id=2251799813685249 tid=846971 tipo=ompt_thread_worker     cpu= 79 numa=1  d_rm=    3300  d_instr=1600448958  d_cyc= 421131543  d_all=10266895  IPC=3.800  ratio_rm=0.0003  cooldown=0
[OMPT][WIN100ms] ompt_id=2251799813685249 tid=846971 tipo=ompt_thread_worker     cpu= 79 numa=1  UMBRAL INICIAL CALCULADO: 0.0004 (basado en 9 ventanas)
[OMPT] implicit_task_end: parallel_id=0 thread_num=0
[OMPT] parallel_end: parallel_id=281474976710773
[OMPT] parallel_begin: parallel_id=281474976710775 team_size=8
[OMPT] implicit_task_end: parallel_id=0 thread_num=4
[OMPT] implicit_task_end: parallel_id=0 thread_num=7
[OMPT] implicit_task_end: parallel_id=0 thread_num=3
[OMPT] implicit_task_end: parallel_id=0 thread_num=1
[OMPT] implicit_task_end: parallel_id=0 thread_num=5
[OMPT] implicit_task_end: parallel_id=0 thread_num=6
[OMPT] implicit_task_end: parallel_id=0 thread_num=2
[OMPT][WIN100ms] ompt_id=1970324836974593 tid=846972 tipo=ompt_thread_worker     cpu= 16 numa=0  d_rm=    6492  d_instr=1583865913  d_cyc= 419801917  d_all=10071761  IPC=3.773  ratio_rm=0.0006  cooldown=0
[OMPT][WIN100ms] ompt_id=1970324836974593 tid=846972 tipo=ompt_thread_worker     cpu= 16 numa=0  UMBRAL INICIAL CALCULADO: 0.0006 (basado en 9 ventanas)
[SCHED][EPOCH] tid=846972 ratio=0.0006 thr(avg prev 9)=0.0006 -> PENDIENTE (mig=0)
[OMPT] implicit_task_begin: parallel_id=281474976710775 thread_num=6 team_size=8
[OMPT] implicit_task_begin: parallel_id=281474976710775 thread_num=0 team_size=8
[OMPT] implicit_task_begin: parallel_id=281474976710775 thread_num=5 team_size=8
[OMPT] implicit_task_begin: parallel_id=281474976710775 thread_num=1 team_size=8
[OMPT] implicit_task_begin: parallel_id=281474976710775 thread_num=3 team_size=8
[OMPT] implicit_task_begin: parallel_id=281474976710775 thread_num=4 team_size=8
[SCHED] MIGRACIÓN tid=846967 ompt_id=844424930131969  nodo 1 → nodo 0  (total migraciones: 1)
[OMPT] implicit_task_begin: parallel_id=281474976710775 thread_num=2 team_size=8
[SCHED] MIGRACIÓN tid=846972 ompt_id=1970324836974593  nodo 0 → nodo 1  (total migraciones: 1)
[OMPT] implicit_task_begin: parallel_id=281474976710775 thread_num=7 team_size=8
[OMPT] implicit_task_end: parallel_id=0 thread_num=0
[OMPT] parallel_end: parallel_id=281474976710775
[OMPT] parallel_begin: parallel_id=281474976710777 team_size=8
[OMPT] implicit_task_end: parallel_id=0 thread_num=3
[OMPT] implicit_task_end: parallel_id=0 thread_num=1
[OMPT] implicit_task_begin: parallel_id=281474976710777 thread_num=3 team_size=8
[OMPT] implicit_task_end: parallel_id=0 thread_num=4
[OMPT] implicit_task_end: parallel_id=0 thread_num=2
[OMPT] implicit_task_begin: parallel_id=281474976710777 thread_num=1 team_size=8
[OMPT] implicit_task_begin: parallel_id=281474976710777 thread_num=4 team_size=8
[OMPT] implicit_task_begin: parallel_id=281474976710777 thread_num=2 team_size=8
[OMPT] implicit_task_end: parallel_id=0 thread_num=5
[OMPT] implicit_task_end: parallel_id=0 thread_num=6
[OMPT] implicit_task_begin: parallel_id=281474976710777 thread_num=0 team_size=8
[OMPT] implicit_task_begin: parallel_id=281474976710777 thread_num=5 team_size=8
[OMPT] implicit_task_end: parallel_id=0 thread_num=7
[OMPT] implicit_task_begin: parallel_id=281474976710777 thread_num=6 team_size=8
[OMPT] implicit_task_begin: parallel_id=281474976710777 thread_num=7 team_size=8
[OMPT] implicit_task_end: parallel_id=0 thread_num=0
[OMPT] parallel_end: parallel_id=281474976710777
[OMPT] parallel_begin: parallel_id=281474976710779 team_size=8
[OMPT] implicit_task_end: parallel_id=0 thread_num=4
[OMPT] implicit_task_end: parallel_id=0 thread_num=6
[OMPT] implicit_task_end: parallel_id=0 thread_num=3
[OMPT] implicit_task_end: parallel_id=0 thread_num=2
[OMPT] implicit_task_end: parallel_id=0 thread_num=1
[OMPT] implicit_task_begin: parallel_id=281474976710779 thread_num=4 team_size=8
[OMPT] implicit_task_end: parallel_id=0 thread_num=7
[OMPT] implicit_task_begin: parallel_id=281474976710779 thread_num=6 team_size=8
[OMPT] implicit_task_begin: parallel_id=281474976710779 thread_num=3 team_size=8
[OMPT] implicit_task_begin: parallel_id=281474976710779 thread_num=0 team_size=8
[OMPT] implicit_task_end: parallel_id=0 thread_num=5
[OMPT] implicit_task_begin: parallel_id=281474976710779 thread_num=7 team_size=8
[OMPT] implicit_task_begin: parallel_id=281474976710779 thread_num=1 team_size=8
[OMPT] implicit_task_begin: parallel_id=281474976710779 thread_num=5 team_size=8
[OMPT] implicit_task_begin: parallel_id=281474976710779 thread_num=2 team_size=8
[OMPT] implicit_task_end: parallel_id=0 thread_num=0
[OMPT] parallel_end: parallel_id=281474976710779
[OMPT] parallel_begin: parallel_id=281474976710781 team_size=8
[OMPT] implicit_task_end: parallel_id=0 thread_num=3
[OMPT] implicit_task_end: parallel_id=0 thread_num=2
[OMPT] implicit_task_begin: parallel_id=281474976710781 thread_num=0 team_size=8
[OMPT] implicit_task_begin: parallel_id=281474976710781 thread_num=3 team_size=8
[OMPT] implicit_task_begin: parallel_id=281474976710781 thread_num=2 team_size=8
[OMPT] implicit_task_end: parallel_id=0 thread_num=1
[OMPT] implicit_task_end: parallel_id=0 thread_num=4
[OMPT] implicit_task_end: parallel_id=0 thread_num=7
[OMPT] implicit_task_begin: parallel_id=281474976710781 thread_num=1 team_size=8
[OMPT] implicit_task_end: parallel_id=0 thread_num=5
[OMPT] implicit_task_begin: parallel_id=281474976710781 thread_num=7 team_size=8
[OMPT] implicit_task_end: parallel_id=0 thread_num=6
[OMPT] implicit_task_begin: parallel_id=281474976710781 thread_num=4 team_size=8
[OMPT] implicit_task_begin: parallel_id=281474976710781 thread_num=5 team_size=8
[OMPT] implicit_task_begin: parallel_id=281474976710781 thread_num=6 team_size=8
[OMPT][WIN100ms] ompt_id=281474976710657 tid=846964 tipo=ompt_thread_initial    cpu=255 numa=1  d_rm=   15747  d_instr=1320782786  d_cyc= 413453069  d_all= 8069027  IPC=3.195  ratio_rm=0.0020  cooldown=0
[OMPT][WIN100ms] ompt_id=562949953421313 tid=846966 tipo=ompt_thread_worker     cpu=192 numa=1  d_rm=    4220  d_instr=1257517042  d_cyc= 419538484  d_all= 8074038  IPC=2.997  ratio_rm=0.0005  cooldown=0
[OMPT][WIN100ms] ompt_id=1125899906842625 tid=846968 tipo=ompt_thread_worker     cpu=  2 numa=0  d_rm=    2067  d_instr=1297638294  d_cyc= 405983249  d_all= 7871025  IPC=3.196  ratio_rm=0.0003  cooldown=0
[OMPT][WIN100ms] ompt_id=1407374883553281 tid=846969 tipo=ompt_thread_worker     cpu=239 numa=1  d_rm=    3742  d_instr=1286036815  d_cyc= 406583671  d_all= 7844656  IPC=3.163  ratio_rm=0.0005  cooldown=0
[OMPT][WIN100ms] ompt_id=1688849860263937 tid=846970 tipo=ompt_thread_worker     cpu=247 numa=1  d_rm=    3758  d_instr=1318083033  d_cyc= 405570093  d_all= 8022222  IPC=3.250  ratio_rm=0.0005  cooldown=0
[OMPT][WIN100ms] ompt_id=2251799813685249 tid=846971 tipo=ompt_thread_worker     cpu= 79 numa=1  d_rm=    2985  d_instr=1293208874  d_cyc= 405260030  d_all= 7872977  IPC=3.191  ratio_rm=0.0004  cooldown=0
[OMPT] implicit_task_end: parallel_id=0 thread_num=0
[OMPT] parallel_end: parallel_id=281474976710781
[OMPT] parallel_begin: parallel_id=281474976710783 team_size=8
[OMPT] implicit_task_end: parallel_id=0 thread_num=3
[OMPT] implicit_task_end: parallel_id=0 thread_num=1
[OMPT] implicit_task_begin: parallel_id=281474976710783 thread_num=0 team_size=8
[OMPT] implicit_task_end: parallel_id=0 thread_num=4
[OMPT] implicit_task_begin: parallel_id=281474976710783 thread_num=1 team_size=8
[OMPT] implicit_task_begin: parallel_id=281474976710783 thread_num=3 team_size=8
[OMPT] implicit_task_end: parallel_id=0 thread_num=2
[OMPT] implicit_task_end: parallel_id=0 thread_num=7
[OMPT] implicit_task_end: parallel_id=0 thread_num=6
[OMPT] implicit_task_end: parallel_id=0 thread_num=5
[OMPT] implicit_task_begin: parallel_id=281474976710783 thread_num=4 team_size=8
[OMPT] implicit_task_begin: parallel_id=281474976710783 thread_num=7 team_size=8
[OMPT] implicit_task_begin: parallel_id=281474976710783 thread_num=2 team_size=8
[OMPT] implicit_task_begin: parallel_id=281474976710783 thread_num=6 team_size=8
[OMPT] implicit_task_begin: parallel_id=281474976710783 thread_num=5 team_size=8
[OMPT] implicit_task_end: parallel_id=0 thread_num=0
[OMPT] parallel_end: parallel_id=281474976710783
[OMPT] parallel_begin: parallel_id=281474976710785 team_size=8
[OMPT] implicit_task_end: parallel_id=0 thread_num=1
[OMPT] implicit_task_end: parallel_id=0 thread_num=4
[OMPT] implicit_task_end: parallel_id=0 thread_num=7
[OMPT] implicit_task_begin: parallel_id=281474976710785 thread_num=1 team_size=8
[OMPT] implicit_task_end: parallel_id=0 thread_num=3
[OMPT] implicit_task_end: parallel_id=0 thread_num=2
[OMPT] implicit_task_begin: parallel_id=281474976710785 thread_num=4 team_size=8
[OMPT] implicit_task_begin: parallel_id=281474976710785 thread_num=0 team_size=8
[OMPT] implicit_task_begin: parallel_id=281474976710785 thread_num=7 team_size=8
[OMPT] implicit_task_begin: parallel_id=281474976710785 thread_num=2 team_size=8
[OMPT] implicit_task_end: parallel_id=0 thread_num=6
[OMPT] implicit_task_end: parallel_id=0 thread_num=5
[OMPT] implicit_task_begin: parallel_id=281474976710785 thread_num=3 team_size=8
[OMPT] implicit_task_begin: parallel_id=281474976710785 thread_num=6 team_size=8
[OMPT] implicit_task_begin: parallel_id=281474976710785 thread_num=5 team_size=8
[OMPT] implicit_task_end: parallel_id=0 thread_num=0
[OMPT] parallel_end: parallel_id=281474976710785
[OMPT] parallel_begin: parallel_id=281474976710787 team_size=8
[OMPT] implicit_task_end: parallel_id=0 thread_num=4
[OMPT] implicit_task_end: parallel_id=0 thread_num=7
[OMPT] implicit_task_end: parallel_id=0 thread_num=1
[OMPT] implicit_task_begin: parallel_id=281474976710787 thread_num=0 team_size=8
[OMPT] implicit_task_end: parallel_id=0 thread_num=2
[OMPT] implicit_task_begin: parallel_id=281474976710787 thread_num=4 team_size=8
[OMPT] implicit_task_begin: parallel_id=281474976710787 thread_num=2 team_size=8
[OMPT] implicit_task_begin: parallel_id=281474976710787 thread_num=1 team_size=8
[OMPT] implicit_task_begin: parallel_id=281474976710787 thread_num=7 team_size=8
[OMPT] implicit_task_end: parallel_id=0 thread_num=6
[OMPT] implicit_task_end: parallel_id=0 thread_num=3
[OMPT] implicit_task_begin: parallel_id=281474976710787 thread_num=6 team_size=8
[OMPT] implicit_task_end: parallel_id=0 thread_num=5
[OMPT] implicit_task_begin: parallel_id=281474976710787 thread_num=3 team_size=8
[OMPT] implicit_task_begin: parallel_id=281474976710787 thread_num=5 team_size=8
[OMPT] implicit_task_end: parallel_id=0 thread_num=0
[OMPT] parallel_end: parallel_id=281474976710787
[OMPT] parallel_begin: parallel_id=281474976710789 team_size=8
[OMPT] implicit_task_end: parallel_id=0 thread_num=4
[OMPT] implicit_task_end: parallel_id=0 thread_num=7
[OMPT] implicit_task_end: parallel_id=0 thread_num=1
[OMPT] implicit_task_begin: parallel_id=281474976710789 thread_num=0 team_size=8
[OMPT] implicit_task_end: parallel_id=0 thread_num=2
[OMPT] implicit_task_end: parallel_id=0 thread_num=6
[OMPT] implicit_task_begin: parallel_id=281474976710789 thread_num=7 team_size=8
[OMPT] implicit_task_begin: parallel_id=281474976710789 thread_num=1 team_size=8
[OMPT] implicit_task_end: parallel_id=0 thread_num=5
[OMPT] implicit_task_end: parallel_id=0 thread_num=3
[OMPT] implicit_task_begin: parallel_id=281474976710789 thread_num=6 team_size=8
[OMPT] implicit_task_begin: parallel_id=281474976710789 thread_num=4 team_size=8
[OMPT] implicit_task_begin: parallel_id=281474976710789 thread_num=3 team_size=8
[OMPT] implicit_task_begin: parallel_id=281474976710789 thread_num=5 team_size=8
[OMPT] implicit_task_begin: parallel_id=281474976710789 thread_num=2 team_size=8
[OMPT] implicit_task_end: parallel_id=0 thread_num=0
[OMPT] parallel_end: parallel_id=281474976710789
[OMPT] parallel_begin: parallel_id=281474976710791 team_size=8
[OMPT] implicit_task_end: parallel_id=0 thread_num=3
[OMPT] implicit_task_end: parallel_id=0 thread_num=1
[OMPT] implicit_task_begin: parallel_id=281474976710791 thread_num=1 team_size=8
[OMPT] implicit_task_end: parallel_id=0 thread_num=2
[OMPT] implicit_task_begin: parallel_id=281474976710791 thread_num=2 team_size=8
[OMPT] implicit_task_end: parallel_id=0 thread_num=4
[OMPT] implicit_task_end: parallel_id=0 thread_num=7
[OMPT] implicit_task_begin: parallel_id=281474976710791 thread_num=0 team_size=8
[OMPT] implicit_task_begin: parallel_id=281474976710791 thread_num=3 team_size=8
[OMPT] implicit_task_end: parallel_id=0 thread_num=6
[OMPT] implicit_task_end: parallel_id=0 thread_num=5
[OMPT] implicit_task_begin: parallel_id=281474976710791 thread_num=4 team_size=8
[OMPT] implicit_task_begin: parallel_id=281474976710791 thread_num=7 team_size=8
[OMPT] implicit_task_begin: parallel_id=281474976710791 thread_num=6 team_size=8
[OMPT] implicit_task_begin: parallel_id=281474976710791 thread_num=5 team_size=8
[OMPT][WIN100ms] ompt_id=281474976710657 tid=846964 tipo=ompt_thread_initial    cpu=255 numa=1  d_rm=   18749  d_instr=1520369106  d_cyc= 408117518  d_all= 9699810  IPC=3.725  ratio_rm=0.0019  cooldown=0
[OMPT][WIN100ms] ompt_id=562949953421313 tid=846966 tipo=ompt_thread_worker     cpu=192 numa=1  d_rm=    3498  d_instr=1529769316  d_cyc= 407110869  d_all= 9758309  IPC=3.758  ratio_rm=0.0004  cooldown=0
[OMPT][WIN100ms] ompt_id=844424930131969 tid=846967 tipo=ompt_thread_worker     cpu=  8 numa=0  d_rm=    2285  d_instr=1513509418  d_cyc= 406863029  d_all= 9609613  IPC=3.720  ratio_rm=0.0002  cooldown=10
[OMPT][WIN100ms] ompt_id=1125899906842625 tid=846968 tipo=ompt_thread_worker     cpu=  2 numa=0  d_rm=    2451  d_instr=1553624189  d_cyc= 412259806  d_all= 9856286  IPC=3.769  ratio_rm=0.0002  cooldown=0
[OMPT][WIN100ms] ompt_id=1407374883553281 tid=846969 tipo=ompt_thread_worker     cpu=239 numa=1  d_rm=    3529  d_instr=1545481514  d_cyc= 412917505  d_all= 9834289  IPC=3.743  ratio_rm=0.0004  cooldown=0
[OMPT][WIN100ms] ompt_id=1688849860263937 tid=846970 tipo=ompt_thread_worker     cpu=247 numa=1  d_rm=    3605  d_instr=1527947082  d_cyc= 413049361  d_all= 9747721  IPC=3.699  ratio_rm=0.0004  cooldown=0
[OMPT][WIN100ms] ompt_id=2251799813685249 tid=846971 tipo=ompt_thread_worker     cpu= 79 numa=1  d_rm=    2896  d_instr=1536897852  d_cyc= 412530474  d_all= 9840765  IPC=3.726  ratio_rm=0.0003  cooldown=0
[OMPT][WIN100ms] ompt_id=1970324836974593 tid=846972 tipo=ompt_thread_worker     cpu= 66 numa=1  d_rm=    6173  d_instr=1553495061  d_cyc= 412843763  d_all= 9851762  IPC=3.763  ratio_rm=0.0006  cooldown=10
[OMPT] implicit_task_end: parallel_id=0 thread_num=0
[OMPT] parallel_end: parallel_id=281474976710791
[OMPT] parallel_begin: parallel_id=281474976710793 team_size=8
[OMPT] implicit_task_end: parallel_id=0 thread_num=3
[OMPT] implicit_task_end: parallel_id=0 thread_num=1
[OMPT] implicit_task_begin: parallel_id=281474976710793 thread_num=0 team_size=8
[OMPT] implicit_task_begin: parallel_id=281474976710793 thread_num=1 team_size=8
[OMPT] implicit_task_end: parallel_id=0 thread_num=2
[OMPT] implicit_task_begin: parallel_id=281474976710793 thread_num=2 team_size=8
[OMPT] implicit_task_begin: parallel_id=281474976710793 thread_num=3 team_size=8
[OMPT] implicit_task_end: parallel_id=0 thread_num=4
[OMPT] implicit_task_end: parallel_id=0 thread_num=7
[OMPT] implicit_task_end: parallel_id=0 thread_num=5
[OMPT] implicit_task_begin: parallel_id=281474976710793 thread_num=7 team_size=8
[OMPT] implicit_task_begin: parallel_id=281474976710793 thread_num=4 team_size=8
[OMPT] implicit_task_end: parallel_id=0 thread_num=6
[OMPT] implicit_task_begin: parallel_id=281474976710793 thread_num=5 team_size=8
[OMPT] implicit_task_begin: parallel_id=281474976710793 thread_num=6 team_size=8
[OMPT] implicit_task_end: parallel_id=0 thread_num=0
[OMPT] parallel_end: parallel_id=281474976710793
[OMPT] parallel_begin: parallel_id=281474976710795 team_size=8
[OMPT] implicit_task_end: parallel_id=0 thread_num=4
[OMPT] implicit_task_end: parallel_id=0 thread_num=6
[OMPT] implicit_task_end: parallel_id=0 thread_num=3
[OMPT] implicit_task_begin: parallel_id=281474976710795 thread_num=0 team_size=8
[OMPT] implicit_task_end: parallel_id=0 thread_num=2
[OMPT] implicit_task_begin: parallel_id=281474976710795 thread_num=6 team_size=8
[OMPT] implicit_task_end: parallel_id=0 thread_num=5
[OMPT] implicit_task_begin: parallel_id=281474976710795 thread_num=4 team_size=8
[OMPT] implicit_task_begin: parallel_id=281474976710795 thread_num=2 team_size=8
[OMPT] implicit_task_end: parallel_id=0 thread_num=1
[OMPT] implicit_task_end: parallel_id=0 thread_num=7
[OMPT] implicit_task_begin: parallel_id=281474976710795 thread_num=5 team_size=8
[OMPT] implicit_task_begin: parallel_id=281474976710795 thread_num=1 team_size=8
[OMPT] implicit_task_begin: parallel_id=281474976710795 thread_num=7 team_size=8
[OMPT] implicit_task_begin: parallel_id=281474976710795 thread_num=3 team_size=8
[OMPT] implicit_task_end: parallel_id=0 thread_num=0
[OMPT] parallel_end: parallel_id=281474976710795
[OMPT] parallel_begin: parallel_id=281474976710797 team_size=8
[OMPT] implicit_task_end: parallel_id=0 thread_num=3
[OMPT] implicit_task_end: parallel_id=0 thread_num=1
[OMPT] implicit_task_begin: parallel_id=281474976710797 thread_num=0 team_size=8
[OMPT] implicit_task_begin: parallel_id=281474976710797 thread_num=3 team_size=8
[OMPT] implicit_task_begin: parallel_id=281474976710797 thread_num=1 team_size=8
[OMPT] implicit_task_end: parallel_id=0 thread_num=2
[OMPT] implicit_task_end: parallel_id=0 thread_num=4
[OMPT] implicit_task_end: parallel_id=0 thread_num=7
[OMPT] implicit_task_begin: parallel_id=281474976710797 thread_num=2 team_size=8
[OMPT] implicit_task_end: parallel_id=0 thread_num=5
[OMPT] implicit_task_begin: parallel_id=281474976710797 thread_num=4 team_size=8
[OMPT] implicit_task_begin: parallel_id=281474976710797 thread_num=7 team_size=8
[OMPT] implicit_task_end: parallel_id=0 thread_num=6
[OMPT] implicit_task_begin: parallel_id=281474976710797 thread_num=5 team_size=8
[OMPT] implicit_task_begin: parallel_id=281474976710797 thread_num=6 team_size=8
[OMPT] implicit_task_end: parallel_id=0 thread_num=0
[OMPT] parallel_end: parallel_id=281474976710797
[OMPT] parallel_begin: parallel_id=281474976710799 team_size=8
[OMPT] implicit_task_end: parallel_id=0 thread_num=4
[OMPT] implicit_task_end: parallel_id=0 thread_num=5
[OMPT] implicit_task_end: parallel_id=0 thread_num=1
[OMPT] implicit_task_begin: parallel_id=281474976710799 thread_num=0 team_size=8
[OMPT] implicit_task_end: parallel_id=0 thread_num=3
[OMPT] implicit_task_end: parallel_id=0 thread_num=7
[OMPT] implicit_task_begin: parallel_id=281474976710799 thread_num=5 team_size=8
[OMPT] implicit_task_begin: parallel_id=281474976710799 thread_num=3 team_size=8
[OMPT] implicit_task_end: parallel_id=0 thread_num=6
[OMPT] implicit_task_end: parallel_id=0 thread_num=2
[OMPT] implicit_task_begin: parallel_id=281474976710799 thread_num=7 team_size=8
[OMPT] implicit_task_begin: parallel_id=281474976710799 thread_num=1 team_size=8
[OMPT] implicit_task_begin: parallel_id=281474976710799 thread_num=4 team_size=8
[OMPT] implicit_task_begin: parallel_id=281474976710799 thread_num=6 team_size=8
[OMPT] implicit_task_begin: parallel_id=281474976710799 thread_num=2 team_size=8
[OMPT] implicit_task_end: parallel_id=0 thread_num=0
[OMPT] parallel_end: parallel_id=281474976710799
[OMPT] parallel_begin: parallel_id=281474976710801 team_size=8
[OMPT] implicit_task_end: parallel_id=0 thread_num=3
[OMPT] implicit_task_end: parallel_id=0 thread_num=4
[OMPT] implicit_task_end: parallel_id=0 thread_num=7
[OMPT] implicit_task_end: parallel_id=0 thread_num=1
[OMPT] implicit_task_end: parallel_id=0 thread_num=2
[OMPT] implicit_task_begin: parallel_id=281474976710801 thread_num=7 team_size=8
[OMPT] implicit_task_begin: parallel_id=281474976710801 thread_num=1 team_size=8
[OMPT] implicit_task_begin: parallel_id=281474976710801 thread_num=2 team_size=8
[OMPT] implicit_task_begin: parallel_id=281474976710801 thread_num=3 team_size=8
[OMPT] implicit_task_end: parallel_id=0 thread_num=6
[OMPT] implicit_task_end: parallel_id=0 thread_num=5
[OMPT] implicit_task_begin: parallel_id=281474976710801 thread_num=0 team_size=8
[OMPT] implicit_task_begin: parallel_id=281474976710801 thread_num=4 team_size=8
[OMPT] implicit_task_begin: parallel_id=281474976710801 thread_num=5 team_size=8
[OMPT] implicit_task_begin: parallel_id=281474976710801 thread_num=6 team_size=8
[OMPT][WIN100ms] ompt_id=281474976710657 tid=846964 tipo=ompt_thread_initial    cpu=255 numa=1  d_rm=   18358  d_instr=1538579366  d_cyc= 418326470  d_all= 9773340  IPC=3.678  ratio_rm=0.0019  cooldown=0
[OMPT][WIN100ms] ompt_id=562949953421313 tid=846966 tipo=ompt_thread_worker     cpu=192 numa=1  d_rm=    3607  d_instr=1542693014  d_cyc= 417603424  d_all= 9810401  IPC=3.694  ratio_rm=0.0004  cooldown=0
[OMPT][WIN100ms] ompt_id=844424930131969 tid=846967 tipo=ompt_thread_worker     cpu=  8 numa=0  d_rm=    2213  d_instr=1549853728  d_cyc= 417520570  d_all= 9837328  IPC=3.712  ratio_rm=0.0002  cooldown=10
[OMPT][WIN100ms] ompt_id=1125899906842625 tid=846968 tipo=ompt_thread_worker     cpu=  2 numa=0  d_rm=    2396  d_instr=1548769908  d_cyc= 417396120  d_all= 9789956  IPC=3.711  ratio_rm=0.0002  cooldown=0
[OMPT][WIN100ms] ompt_id=1407374883553281 tid=846969 tipo=ompt_thread_worker     cpu=239 numa=1  d_rm=    3908  d_instr=1549557851  d_cyc= 419956158  d_all= 9922369  IPC=3.690  ratio_rm=0.0004  cooldown=0
[OMPT][WIN100ms] ompt_id=1688849860263937 tid=846970 tipo=ompt_thread_worker     cpu=247 numa=1  d_rm=    3594  d_instr=1531209984  d_cyc= 418265592  d_all= 9734400  IPC=3.661  ratio_rm=0.0004  cooldown=0
[OMPT][WIN100ms] ompt_id=2251799813685249 tid=846971 tipo=ompt_thread_worker     cpu= 79 numa=1  d_rm=    2862  d_instr=1544195434  d_cyc= 418528188  d_all= 9875280  IPC=3.690  ratio_rm=0.0003  cooldown=0
[OMPT][WIN100ms] ompt_id=1970324836974593 tid=846972 tipo=ompt_thread_worker     cpu= 66 numa=1  d_rm=    7425  d_instr=1559132480  d_cyc= 418263761  d_all= 9880747  IPC=3.728  ratio_rm=0.0008  cooldown=10
[OMPT] implicit_task_end: parallel_id=0 thread_num=0
[OMPT] parallel_end: parallel_id=281474976710801
[OMPT] parallel_begin: parallel_id=281474976710803 team_size=8
[OMPT] implicit_task_end: parallel_id=0 thread_num=3
[OMPT] implicit_task_end: parallel_id=0 thread_num=1
[OMPT] implicit_task_begin: parallel_id=281474976710803 thread_num=0 team_size=8
[OMPT] implicit_task_begin: parallel_id=281474976710803 thread_num=3 team_size=8
[OMPT] implicit_task_end: parallel_id=0 thread_num=4
[OMPT] implicit_task_end: parallel_id=0 thread_num=2
[OMPT] implicit_task_begin: parallel_id=281474976710803 thread_num=1 team_size=8
[OMPT] implicit_task_end: parallel_id=0 thread_num=7
[OMPT] implicit_task_end: parallel_id=0 thread_num=5
[OMPT] implicit_task_begin: parallel_id=281474976710803 thread_num=2 team_size=8
[OMPT] implicit_task_begin: parallel_id=281474976710803 thread_num=4 team_size=8
[OMPT] implicit_task_end: parallel_id=0 thread_num=6
[OMPT] implicit_task_begin: parallel_id=281474976710803 thread_num=5 team_size=8
[OMPT] implicit_task_begin: parallel_id=281474976710803 thread_num=7 team_size=8
[OMPT] implicit_task_begin: parallel_id=281474976710803 thread_num=6 team_size=8
[OMPT] implicit_task_end: parallel_id=0 thread_num=0
[OMPT] parallel_end: parallel_id=281474976710803
[OMPT] parallel_begin: parallel_id=281474976710805 team_size=8
[OMPT] implicit_task_end: parallel_id=0 thread_num=4
[OMPT] implicit_task_end: parallel_id=0 thread_num=7
[OMPT] implicit_task_end: parallel_id=0 thread_num=3
[OMPT] implicit_task_end: parallel_id=0 thread_num=2
[OMPT] implicit_task_end: parallel_id=0 thread_num=1
[OMPT] implicit_task_end: parallel_id=0 thread_num=6
[OMPT] implicit_task_begin: parallel_id=281474976710805 thread_num=4 team_size=8
[OMPT] implicit_task_begin: parallel_id=281474976710805 thread_num=0 team_size=8
[OMPT] implicit_task_begin: parallel_id=281474976710805 thread_num=1 team_size=8
[OMPT] implicit_task_begin: parallel_id=281474976710805 thread_num=7 team_size=8
[OMPT] implicit_task_end: parallel_id=0 thread_num=5
[OMPT] implicit_task_begin: parallel_id=281474976710805 thread_num=6 team_size=8
[OMPT] implicit_task_begin: parallel_id=281474976710805 thread_num=3 team_size=8
[OMPT] implicit_task_begin: parallel_id=281474976710805 thread_num=5 team_size=8
[OMPT] implicit_task_begin: parallel_id=281474976710805 thread_num=2 team_size=8
[OMPT] implicit_task_end: parallel_id=0 thread_num=0
[OMPT] parallel_end: parallel_id=281474976710805
[OMPT] parallel_begin: parallel_id=281474976710807 team_size=8
[OMPT] implicit_task_end: parallel_id=0 thread_num=4
[OMPT] implicit_task_end: parallel_id=0 thread_num=7
[OMPT] implicit_task_end: parallel_id=0 thread_num=3
[OMPT] implicit_task_end: parallel_id=0 thread_num=2
[OMPT] implicit_task_begin: parallel_id=281474976710807 thread_num=7 team_size=8
[OMPT] implicit_task_begin: parallel_id=281474976710807 thread_num=2 team_size=8
[OMPT] implicit_task_end: parallel_id=0 thread_num=6
[OMPT] implicit_task_end: parallel_id=0 thread_num=5
[OMPT] implicit_task_begin: parallel_id=281474976710807 thread_num=0 team_size=8
[OMPT] implicit_task_begin: parallel_id=281474976710807 thread_num=4 team_size=8
[OMPT] implicit_task_begin: parallel_id=281474976710807 thread_num=3 team_size=8
[OMPT] implicit_task_end: parallel_id=0 thread_num=1
[OMPT] implicit_task_begin: parallel_id=281474976710807 thread_num=1 team_size=8
[OMPT] implicit_task_begin: parallel_id=281474976710807 thread_num=6 team_size=8
[OMPT] implicit_task_begin: parallel_id=281474976710807 thread_num=5 team_size=8
[OMPT] implicit_task_end: parallel_id=0 thread_num=0
[OMPT] parallel_end: parallel_id=281474976710807
[OMPT] parallel_begin: parallel_id=281474976710809 team_size=8
[OMPT] implicit_task_end: parallel_id=0 thread_num=4
[OMPT] implicit_task_end: parallel_id=0 thread_num=5
[OMPT] implicit_task_end: parallel_id=0 thread_num=3
[OMPT] implicit_task_end: parallel_id=0 thread_num=2
[OMPT] implicit_task_end: parallel_id=0 thread_num=6
[OMPT] implicit_task_begin: parallel_id=281474976710809 thread_num=4 team_size=8
[OMPT] implicit_task_begin: parallel_id=281474976710809 thread_num=2 team_size=8
[OMPT] implicit_task_end: parallel_id=0 thread_num=7
[OMPT] implicit_task_end: parallel_id=0 thread_num=1
[OMPT] implicit_task_begin: parallel_id=281474976710809 thread_num=0 team_size=8
[OMPT] implicit_task_begin: parallel_id=281474976710809 thread_num=7 team_size=8
[OMPT] implicit_task_begin: parallel_id=281474976710809 thread_num=1 team_size=8
[OMPT] implicit_task_begin: parallel_id=281474976710809 thread_num=5 team_size=8
[OMPT] implicit_task_begin: parallel_id=281474976710809 thread_num=6 team_size=8
[OMPT] implicit_task_begin: parallel_id=281474976710809 thread_num=3 team_size=8
[OMPT] implicit_task_end: parallel_id=0 thread_num=0
[OMPT] parallel_end: parallel_id=281474976710809
[OMPT] parallel_begin: parallel_id=281474976710811 team_size=8
[OMPT] implicit_task_end: parallel_id=0 thread_num=3
[OMPT] implicit_task_end: parallel_id=0 thread_num=4
[OMPT] implicit_task_begin: parallel_id=281474976710811 thread_num=0 team_size=8
[OMPT] implicit_task_end: parallel_id=0 thread_num=5
[OMPT] implicit_task_end: parallel_id=0 thread_num=1
[OMPT] implicit_task_end: parallel_id=0 thread_num=2
[OMPT] implicit_task_begin: parallel_id=281474976710811 thread_num=3 team_size=8
[OMPT] implicit_task_end: parallel_id=0 thread_num=7
[OMPT] implicit_task_begin: parallel_id=281474976710811 thread_num=2 team_size=8
[OMPT] implicit_task_begin: parallel_id=281474976710811 thread_num=4 team_size=8
[OMPT] implicit_task_end: parallel_id=0 thread_num=6
[OMPT] implicit_task_begin: parallel_id=281474976710811 thread_num=5 team_size=8
[OMPT] implicit_task_begin: parallel_id=281474976710811 thread_num=7 team_size=8
[OMPT] implicit_task_begin: parallel_id=281474976710811 thread_num=1 team_size=8
[OMPT] implicit_task_begin: parallel_id=281474976710811 thread_num=6 team_size=8
[OMPT][WIN100ms] ompt_id=281474976710657 tid=846964 tipo=ompt_thread_initial    cpu=255 numa=1  d_rm=   19479  d_instr=1577433153  d_cyc= 419515901  d_all=10079954  IPC=3.760  ratio_rm=0.0019  cooldown=0
[OMPT][WIN100ms] ompt_id=562949953421313 tid=846966 tipo=ompt_thread_worker     cpu=192 numa=1  d_rm=    3500  d_instr=1582984061  d_cyc= 418432643  d_all=10117453  IPC=3.783  ratio_rm=0.0003  cooldown=0
[OMPT][WIN100ms] ompt_id=844424930131969 tid=846967 tipo=ompt_thread_worker     cpu=  8 numa=0  d_rm=    2270  d_instr=1584303497  d_cyc= 419020484  d_all=10082122  IPC=3.781  ratio_rm=0.0002  cooldown=10
[OMPT][WIN100ms] ompt_id=1125899906842625 tid=846968 tipo=ompt_thread_worker     cpu=  2 numa=0  d_rm=    2425  d_instr=1592426570  d_cyc= 420200092  d_all=10121787  IPC=3.790  ratio_rm=0.0002  cooldown=0
[OMPT][WIN100ms] ompt_id=1407374883553281 tid=846969 tipo=ompt_thread_worker     cpu=239 numa=1  d_rm=    3298  d_instr=1584164246  d_cyc= 421311941  d_all=10099696  IPC=3.760  ratio_rm=0.0003  cooldown=0
[OMPT][WIN100ms] ompt_id=1688849860263937 tid=846970 tipo=ompt_thread_worker     cpu=247 numa=1  d_rm=    3349  d_instr=1599984851  d_cyc= 422423597  d_all=10223194  IPC=3.788  ratio_rm=0.0003  cooldown=0
[OMPT][WIN100ms] ompt_id=2251799813685249 tid=846971 tipo=ompt_thread_worker     cpu= 79 numa=1  d_rm=    2854  d_instr=1586962576  d_cyc= 421490744  d_all=10145852  IPC=3.765  ratio_rm=0.0003  cooldown=0
[OMPT][WIN100ms] ompt_id=1970324836974593 tid=846972 tipo=ompt_thread_worker     cpu= 80 numa=1  d_rm=    8273  d_instr=1588138484  d_cyc= 421657294  d_all=10089686  IPC=3.766  ratio_rm=0.0008  cooldown=10
[OMPT] implicit_task_end: parallel_id=0 thread_num=0
[OMPT] parallel_end: parallel_id=281474976710811
[OMPT] parallel_begin: parallel_id=281474976710813 team_size=8
[OMPT] implicit_task_end: parallel_id=0 thread_num=3
[OMPT] implicit_task_end: parallel_id=0 thread_num=2
[OMPT] implicit_task_begin: parallel_id=281474976710813 thread_num=3 team_size=8
[OMPT] implicit_task_begin: parallel_id=281474976710813 thread_num=2 team_size=8
[OMPT] implicit_task_end: parallel_id=0 thread_num=1
[OMPT] implicit_task_begin: parallel_id=281474976710813 thread_num=0 team_size=8
[OMPT] implicit_task_begin: parallel_id=281474976710813 thread_num=1 team_size=8
[OMPT] implicit_task_end: parallel_id=0 thread_num=4
[OMPT] implicit_task_end: parallel_id=0 thread_num=6
[OMPT] implicit_task_end: parallel_id=0 thread_num=7
[OMPT] implicit_task_begin: parallel_id=281474976710813 thread_num=4 team_size=8
[OMPT] implicit_task_end: parallel_id=0 thread_num=5
[OMPT] implicit_task_begin: parallel_id=281474976710813 thread_num=6 team_size=8
[OMPT] implicit_task_begin: parallel_id=281474976710813 thread_num=7 team_size=8
[OMPT] implicit_task_begin: parallel_id=281474976710813 thread_num=5 team_size=8
[OMPT] implicit_task_end: parallel_id=0 thread_num=0
[OMPT] parallel_end: parallel_id=281474976710813
[OMPT] parallel_begin: parallel_id=281474976710815 team_size=8
[OMPT] implicit_task_end: parallel_id=0 thread_num=4
[OMPT] implicit_task_end: parallel_id=0 thread_num=7
[OMPT] implicit_task_begin: parallel_id=281474976710815 thread_num=0 team_size=8
[OMPT] implicit_task_end: parallel_id=0 thread_num=1
[OMPT] implicit_task_end: parallel_id=0 thread_num=2
[OMPT] implicit_task_end: parallel_id=0 thread_num=6
[OMPT] implicit_task_begin: parallel_id=281474976710815 thread_num=1 team_size=8
[OMPT] implicit_task_begin: parallel_id=281474976710815 thread_num=2 team_size=8
[OMPT] implicit_task_begin: parallel_id=281474976710815 thread_num=4 team_size=8
[OMPT] implicit_task_begin: parallel_id=281474976710815 thread_num=6 team_size=8
[OMPT] implicit_task_begin: parallel_id=281474976710815 thread_num=7 team_size=8
[OMPT] implicit_task_end: parallel_id=0 thread_num=3
[OMPT] implicit_task_begin: parallel_id=281474976710815 thread_num=3 team_size=8
[OMPT] implicit_task_end: parallel_id=0 thread_num=5
[OMPT] implicit_task_begin: parallel_id=281474976710815 thread_num=5 team_size=8
[OMPT] implicit_task_end: parallel_id=0 thread_num=0
[OMPT] parallel_end: parallel_id=281474976710815
[OMPT] parallel_begin: parallel_id=281474976710817 team_size=8
[OMPT] implicit_task_end: parallel_id=0 thread_num=4
[OMPT] implicit_task_end: parallel_id=0 thread_num=7
[OMPT] implicit_task_begin: parallel_id=281474976710817 thread_num=0 team_size=8
[OMPT] implicit_task_end: parallel_id=0 thread_num=3
[OMPT] implicit_task_begin: parallel_id=281474976710817 thread_num=7 team_size=8
[OMPT] implicit_task_end: parallel_id=0 thread_num=2
[OMPT] implicit_task_begin: parallel_id=281474976710817 thread_num=4 team_size=8
[OMPT] implicit_task_begin: parallel_id=281474976710817 thread_num=2 team_size=8
[OMPT] implicit_task_end: parallel_id=0 thread_num=5
[OMPT] implicit_task_end: parallel_id=0 thread_num=6
[OMPT] implicit_task_begin: parallel_id=281474976710817 thread_num=3 team_size=8
[OMPT] implicit_task_begin: parallel_id=281474976710817 thread_num=5 team_size=8
[OMPT] implicit_task_end: parallel_id=0 thread_num=1
[OMPT] implicit_task_begin: parallel_id=281474976710817 thread_num=6 team_size=8
[OMPT] implicit_task_begin: parallel_id=281474976710817 thread_num=1 team_size=8
[OMPT] implicit_task_end: parallel_id=0 thread_num=0
[OMPT] parallel_end: parallel_id=281474976710817
[OMPT] parallel_begin: parallel_id=281474976710819 team_size=8
[OMPT] implicit_task_end: parallel_id=0 thread_num=2
[OMPT] implicit_task_end: parallel_id=0 thread_num=1
[OMPT] implicit_task_begin: parallel_id=281474976710819 thread_num=2 team_size=8
[OMPT] implicit_task_end: parallel_id=0 thread_num=3
[OMPT] implicit_task_begin: parallel_id=281474976710819 thread_num=3 team_size=8
[OMPT] implicit_task_end: parallel_id=0 thread_num=4
[OMPT] implicit_task_end: parallel_id=0 thread_num=6
[OMPT] implicit_task_begin: parallel_id=281474976710819 thread_num=0 team_size=8
[OMPT] implicit_task_begin: parallel_id=281474976710819 thread_num=1 team_size=8
[OMPT] implicit_task_end: parallel_id=0 thread_num=5
[OMPT] implicit_task_end: parallel_id=0 thread_num=7
[OMPT] implicit_task_begin: parallel_id=281474976710819 thread_num=4 team_size=8
[OMPT] implicit_task_begin: parallel_id=281474976710819 thread_num=6 team_size=8
[OMPT] implicit_task_begin: parallel_id=281474976710819 thread_num=7 team_size=8
[OMPT] implicit_task_begin: parallel_id=281474976710819 thread_num=5 team_size=8
[OMPT] implicit_task_end: parallel_id=0 thread_num=0
[OMPT] parallel_end: parallel_id=281474976710819
[OMPT] parallel_begin: parallel_id=281474976710821 team_size=8
[OMPT] implicit_task_end: parallel_id=0 thread_num=3
[OMPT] implicit_task_end: parallel_id=0 thread_num=1
[OMPT] implicit_task_end: parallel_id=0 thread_num=4
[OMPT] implicit_task_end: parallel_id=0 thread_num=6
[OMPT] implicit_task_end: parallel_id=0 thread_num=2
[OMPT] implicit_task_begin: parallel_id=281474976710821 thread_num=4 team_size=8
[OMPT] implicit_task_begin: parallel_id=281474976710821 thread_num=3 team_size=8
[OMPT] implicit_task_begin: parallel_id=281474976710821 thread_num=6 team_size=8
[OMPT] implicit_task_begin: parallel_id=281474976710821 thread_num=2 team_size=8
[OMPT] implicit_task_begin: parallel_id=281474976710821 thread_num=1 team_size=8
[OMPT] implicit_task_end: parallel_id=0 thread_num=7
[OMPT] implicit_task_end: parallel_id=0 thread_num=5
[OMPT] implicit_task_begin: parallel_id=281474976710821 thread_num=7 team_size=8
[OMPT] implicit_task_begin: parallel_id=281474976710821 thread_num=0 team_size=8
[OMPT] implicit_task_begin: parallel_id=281474976710821 thread_num=5 team_size=8
[OMPT][WIN100ms] ompt_id=281474976710657 tid=846964 tipo=ompt_thread_initial    cpu=255 numa=1  d_rm=   18566  d_instr=1596173424  d_cyc= 422736065  d_all=10188129  IPC=3.776  ratio_rm=0.0018  cooldown=0
[OMPT][WIN100ms] ompt_id=562949953421313 tid=846966 tipo=ompt_thread_worker     cpu=192 numa=1  d_rm=    3049  d_instr=1611709187  d_cyc= 421893449  d_all=10301104  IPC=3.820  ratio_rm=0.0003  cooldown=0
[OMPT][WIN100ms] ompt_id=844424930131969 tid=846967 tipo=ompt_thread_worker     cpu=  8 numa=0  d_rm=    2381  d_instr=1598801775  d_cyc= 421221558  d_all=10163278  IPC=3.796  ratio_rm=0.0002  cooldown=10
[OMPT][WIN100ms] ompt_id=1125899906842625 tid=846968 tipo=ompt_thread_worker     cpu=  2 numa=0  d_rm=    2621  d_instr=1595009029  d_cyc= 419372237  d_all=10148940  IPC=3.803  ratio_rm=0.0003  cooldown=0
[OMPT][WIN100ms] ompt_id=1407374883553281 tid=846969 tipo=ompt_thread_worker     cpu=239 numa=1  d_rm=    3460  d_instr=1587477922  d_cyc= 420280631  d_all=10120803  IPC=3.777  ratio_rm=0.0003  cooldown=0
[OMPT][WIN100ms] ompt_id=1688849860263937 tid=846970 tipo=ompt_thread_worker     cpu=247 numa=1  d_rm=    3302  d_instr=1594959695  d_cyc= 419758482  d_all=10167836  IPC=3.800  ratio_rm=0.0003  cooldown=0
[OMPT][WIN100ms] ompt_id=2251799813685249 tid=846971 tipo=ompt_thread_worker     cpu= 79 numa=1  d_rm=    2907  d_instr=1584268810  d_cyc= 420490286  d_all=10161631  IPC=3.768  ratio_rm=0.0003  cooldown=0
[OMPT][WIN100ms] ompt_id=1970324836974593 tid=846972 tipo=ompt_thread_worker     cpu= 80 numa=1  d_rm=    6717  d_instr=1590608400  d_cyc= 419576434  d_all=10118525  IPC=3.791  ratio_rm=0.0007  cooldown=10
[OMPT] implicit_task_end: parallel_id=0 thread_num=0
[OMPT] parallel_end: parallel_id=281474976710821
[OMPT] parallel_begin: parallel_id=281474976710823 team_size=8
[OMPT] implicit_task_end: parallel_id=0 thread_num=4
[OMPT] implicit_task_end: parallel_id=0 thread_num=7
[OMPT] implicit_task_end: parallel_id=0 thread_num=1
[OMPT] implicit_task_begin: parallel_id=281474976710823 thread_num=0 team_size=8
[OMPT] implicit_task_end: parallel_id=0 thread_num=3
[OMPT] implicit_task_end: parallel_id=0 thread_num=2
[OMPT] implicit_task_begin: parallel_id=281474976710823 thread_num=7 team_size=8
[OMPT] implicit_task_end: parallel_id=0 thread_num=6
[OMPT] implicit_task_end: parallel_id=0 thread_num=5
[OMPT] implicit_task_begin: parallel_id=281474976710823 thread_num=4 team_size=8
[OMPT] implicit_task_begin: parallel_id=281474976710823 thread_num=6 team_size=8
[OMPT] implicit_task_begin: parallel_id=281474976710823 thread_num=5 team_size=8
[OMPT] implicit_task_begin: parallel_id=281474976710823 thread_num=1 team_size=8
[OMPT] implicit_task_begin: parallel_id=281474976710823 thread_num=2 team_size=8
[OMPT] implicit_task_begin: parallel_id=281474976710823 thread_num=3 team_size=8
[OMPT] implicit_task_end: parallel_id=0 thread_num=0
[OMPT] parallel_end: parallel_id=281474976710823
[OMPT] parallel_begin: parallel_id=281474976710825 team_size=8
[OMPT] implicit_task_end: parallel_id=0 thread_num=4
[OMPT] implicit_task_end: parallel_id=0 thread_num=5
[OMPT] implicit_task_end: parallel_id=0 thread_num=1
[OMPT] implicit_task_begin: parallel_id=281474976710825 thread_num=0 team_size=8
[OMPT] implicit_task_end: parallel_id=0 thread_num=3
[OMPT] implicit_task_end: parallel_id=0 thread_num=2
[OMPT] implicit_task_end: parallel_id=0 thread_num=7
[OMPT] implicit_task_end: parallel_id=0 thread_num=6
[OMPT] implicit_task_begin: parallel_id=281474976710825 thread_num=1 team_size=8
[OMPT] implicit_task_begin: parallel_id=281474976710825 thread_num=5 team_size=8
[OMPT] implicit_task_begin: parallel_id=281474976710825 thread_num=6 team_size=8
[OMPT] implicit_task_begin: parallel_id=281474976710825 thread_num=7 team_size=8
[OMPT] implicit_task_begin: parallel_id=281474976710825 thread_num=3 team_size=8
[OMPT] implicit_task_begin: parallel_id=281474976710825 thread_num=4 team_size=8
[OMPT] implicit_task_begin: parallel_id=281474976710825 thread_num=2 team_size=8
[OMPT] implicit_task_end: parallel_id=0 thread_num=0
[OMPT] parallel_end: parallel_id=281474976710825
[OMPT] parallel_begin: parallel_id=281474976710827 team_size=8
[OMPT] implicit_task_end: parallel_id=0 thread_num=2
[OMPT] implicit_task_end: parallel_id=0 thread_num=4
[OMPT] implicit_task_begin: parallel_id=281474976710827 thread_num=2 team_size=8
[OMPT] implicit_task_end: parallel_id=0 thread_num=5
[OMPT] implicit_task_end: parallel_id=0 thread_num=3
[OMPT] implicit_task_begin: parallel_id=281474976710827 thread_num=4 team_size=8
[OMPT] implicit_task_begin: parallel_id=281474976710827 thread_num=0 team_size=8
[OMPT] implicit_task_end: parallel_id=0 thread_num=6
[OMPT] implicit_task_begin: parallel_id=281474976710827 thread_num=5 team_size=8
[OMPT] implicit_task_end: parallel_id=0 thread_num=7
[OMPT] implicit_task_begin: parallel_id=281474976710827 thread_num=6 team_size=8
[OMPT] implicit_task_begin: parallel_id=281474976710827 thread_num=3 team_size=8
[OMPT] implicit_task_end: parallel_id=0 thread_num=1
[OMPT] implicit_task_begin: parallel_id=281474976710827 thread_num=7 team_size=8
[OMPT] implicit_task_begin: parallel_id=281474976710827 thread_num=1 team_size=8
[OMPT] implicit_task_end: parallel_id=0 thread_num=0
[OMPT] parallel_end: parallel_id=281474976710827
[OMPT] parallel_begin: parallel_id=281474976710829 team_size=8
[OMPT] implicit_task_end: parallel_id=0 thread_num=4
[OMPT] implicit_task_end: parallel_id=0 thread_num=6
[OMPT] implicit_task_end: parallel_id=0 thread_num=1
[OMPT] implicit_task_end: parallel_id=0 thread_num=3
[OMPT] implicit_task_begin: parallel_id=281474976710829 thread_num=6 team_size=8
[OMPT] implicit_task_end: parallel_id=0 thread_num=7
[OMPT] implicit_task_begin: parallel_id=281474976710829 thread_num=4 team_size=8
[OMPT] implicit_task_begin: parallel_id=281474976710829 thread_num=0 team_size=8
[OMPT] implicit_task_begin: parallel_id=281474976710829 thread_num=1 team_size=8
[OMPT] implicit_task_begin: parallel_id=281474976710829 thread_num=3 team_size=8
[OMPT] implicit_task_end: parallel_id=0 thread_num=5
[OMPT] implicit_task_end: parallel_id=0 thread_num=2
[OMPT] implicit_task_begin: parallel_id=281474976710829 thread_num=7 team_size=8
[OMPT] implicit_task_begin: parallel_id=281474976710829 thread_num=5 team_size=8
[OMPT] implicit_task_begin: parallel_id=281474976710829 thread_num=2 team_size=8
[OMPT] implicit_task_end: parallel_id=0 thread_num=0
[OMPT] parallel_end: parallel_id=281474976710829
[OMPT] parallel_begin: parallel_id=281474976710831 team_size=8
[OMPT] implicit_task_end: parallel_id=0 thread_num=4
[OMPT] implicit_task_end: parallel_id=0 thread_num=6
[OMPT] implicit_task_end: parallel_id=0 thread_num=3
[OMPT] implicit_task_begin: parallel_id=281474976710831 thread_num=6 team_size=8
[OMPT] implicit_task_end: parallel_id=0 thread_num=2
[OMPT] implicit_task_end: parallel_id=0 thread_num=5
[OMPT] implicit_task_begin: parallel_id=281474976710831 thread_num=2 team_size=8
[OMPT] implicit_task_end: parallel_id=0 thread_num=7
[OMPT] implicit_task_begin: parallel_id=281474976710831 thread_num=5 team_size=8
[OMPT] implicit_task_end: parallel_id=0 thread_num=1
[OMPT] implicit_task_begin: parallel_id=281474976710831 thread_num=7 team_size=8
[OMPT] implicit_task_begin: parallel_id=281474976710831 thread_num=3 team_size=8
[OMPT] implicit_task_begin: parallel_id=281474976710831 thread_num=4 team_size=8
[OMPT] implicit_task_begin: parallel_id=281474976710831 thread_num=1 team_size=8
[OMPT] implicit_task_begin: parallel_id=281474976710831 thread_num=0 team_size=8
[OMPT][WIN100ms] ompt_id=281474976710657 tid=846964 tipo=ompt_thread_initial    cpu=255 numa=1  d_rm=   18863  d_instr=1580490060  d_cyc= 419330484  d_all=10071212  IPC=3.769  ratio_rm=0.0019  cooldown=0
[OMPT][WIN100ms] ompt_id=562949953421313 tid=846966 tipo=ompt_thread_worker     cpu=192 numa=1  d_rm=    3356  d_instr=1579091793  d_cyc= 418059157  d_all=10074542  IPC=3.777  ratio_rm=0.0003  cooldown=0
[OMPT][WIN100ms] ompt_id=844424930131969 tid=846967 tipo=ompt_thread_worker     cpu=  8 numa=0  d_rm=    2417  d_instr=1589334622  d_cyc= 419223026  d_all=10114692  IPC=3.791  ratio_rm=0.0002  cooldown=10
[OMPT][WIN100ms] ompt_id=1125899906842625 tid=846968 tipo=ompt_thread_worker     cpu=  2 numa=0  d_rm=    2315  d_instr=1587397985  d_cyc= 419626867  d_all=10085436  IPC=3.783  ratio_rm=0.0002  cooldown=0
[OMPT][WIN100ms] ompt_id=1407374883553281 tid=846969 tipo=ompt_thread_worker     cpu=239 numa=1  d_rm=    3696  d_instr=1581765557  d_cyc= 421274770  d_all=10118324  IPC=3.755  ratio_rm=0.0004  cooldown=0
[OMPT][WIN100ms] ompt_id=1688849860263937 tid=846970 tipo=ompt_thread_worker     cpu=247 numa=1  d_rm=    3522  d_instr=1571967606  d_cyc= 420209324  d_all=10037954  IPC=3.741  ratio_rm=0.0004  cooldown=0
[OMPT][WIN100ms] ompt_id=2251799813685249 tid=846971 tipo=ompt_thread_worker     cpu= 79 numa=1  d_rm=    2635  d_instr=1588249738  d_cyc= 420090697  d_all=10166659  IPC=3.781  ratio_rm=0.0003  cooldown=0
[OMPT][WIN100ms] ompt_id=1970324836974593 tid=846972 tipo=ompt_thread_worker     cpu= 80 numa=1  d_rm=    6613  d_instr=1593430827  d_cyc= 419062920  d_all=10124070  IPC=3.802  ratio_rm=0.0007  cooldown=10
[OMPT] implicit_task_end: parallel_id=0 thread_num=0
[OMPT] parallel_end: parallel_id=281474976710831
[OMPT] parallel_begin: parallel_id=281474976710833 team_size=8
[OMPT] implicit_task_end: parallel_id=0 thread_num=3
[OMPT] implicit_task_end: parallel_id=0 thread_num=1
[OMPT] implicit_task_begin: parallel_id=281474976710833 thread_num=3 team_size=8
[OMPT] implicit_task_end: parallel_id=0 thread_num=4
[OMPT] implicit_task_begin: parallel_id=281474976710833 thread_num=1 team_size=8
[OMPT] implicit_task_end: parallel_id=0 thread_num=6
[OMPT] implicit_task_end: parallel_id=0 thread_num=2
[OMPT] implicit_task_begin: parallel_id=281474976710833 thread_num=0 team_size=8
[OMPT] implicit_task_begin: parallel_id=281474976710833 thread_num=4 team_size=8
[OMPT] implicit_task_end: parallel_id=0 thread_num=7
[OMPT] implicit_task_begin: parallel_id=281474976710833 thread_num=6 team_size=8
[OMPT] implicit_task_begin: parallel_id=281474976710833 thread_num=2 team_size=8
[OMPT] implicit_task_end: parallel_id=0 thread_num=5
[OMPT] implicit_task_begin: parallel_id=281474976710833 thread_num=7 team_size=8
[OMPT] implicit_task_begin: parallel_id=281474976710833 thread_num=5 team_size=8
[OMPT] implicit_task_end: parallel_id=0 thread_num=0
[OMPT] parallel_end: parallel_id=281474976710833
[OMPT] parallel_begin: parallel_id=281474976710835 team_size=8
[OMPT] implicit_task_end: parallel_id=0 thread_num=1
[OMPT] implicit_task_end: parallel_id=0 thread_num=2
[OMPT] implicit_task_begin: parallel_id=281474976710835 thread_num=0 team_size=8
[OMPT] implicit_task_begin: parallel_id=281474976710835 thread_num=2 team_size=8
[OMPT] implicit_task_end: parallel_id=0 thread_num=3
[OMPT] implicit_task_begin: parallel_id=281474976710835 thread_num=1 team_size=8
[OMPT] implicit_task_end: parallel_id=0 thread_num=4
[OMPT] implicit_task_end: parallel_id=0 thread_num=7
[OMPT] implicit_task_end: parallel_id=0 thread_num=5
[OMPT] implicit_task_begin: parallel_id=281474976710835 thread_num=4 team_size=8
[OMPT] implicit_task_end: parallel_id=0 thread_num=6
[OMPT] implicit_task_begin: parallel_id=281474976710835 thread_num=7 team_size=8
[OMPT] implicit_task_begin: parallel_id=281474976710835 thread_num=3 team_size=8
[OMPT] implicit_task_begin: parallel_id=281474976710835 thread_num=5 team_size=8
[OMPT] implicit_task_begin: parallel_id=281474976710835 thread_num=6 team_size=8
[OMPT] implicit_task_end: parallel_id=0 thread_num=0
[OMPT] parallel_end: parallel_id=281474976710835
[OMPT] parallel_begin: parallel_id=281474976710837 team_size=8
[OMPT] implicit_task_end: parallel_id=0 thread_num=4
[OMPT] implicit_task_end: parallel_id=0 thread_num=7
[OMPT] implicit_task_end: parallel_id=0 thread_num=2
[OMPT] implicit_task_begin: parallel_id=281474976710837 thread_num=7 team_size=8
[OMPT] implicit_task_end: parallel_id=0 thread_num=6
[OMPT] implicit_task_begin: parallel_id=281474976710837 thread_num=4 team_size=8
[OMPT] implicit_task_begin: parallel_id=281474976710837 thread_num=2 team_size=8
[OMPT] implicit_task_end: parallel_id=0 thread_num=5
[OMPT] implicit_task_begin: parallel_id=281474976710837 thread_num=6 team_size=8
[OMPT] implicit_task_begin: parallel_id=281474976710837 thread_num=0 team_size=8
[OMPT] implicit_task_end: parallel_id=0 thread_num=3
[OMPT] implicit_task_begin: parallel_id=281474976710837 thread_num=3 team_size=8
[OMPT] implicit_task_end: parallel_id=0 thread_num=1
[OMPT] implicit_task_begin: parallel_id=281474976710837 thread_num=5 team_size=8
[OMPT] implicit_task_begin: parallel_id=281474976710837 thread_num=1 team_size=8
[OMPT] implicit_task_end: parallel_id=0 thread_num=0
[OMPT] parallel_end: parallel_id=281474976710837
[OMPT] parallel_begin: parallel_id=281474976710839 team_size=8
[OMPT] implicit_task_end: parallel_id=0 thread_num=4
[OMPT] implicit_task_end: parallel_id=0 thread_num=7
[OMPT] implicit_task_end: parallel_id=0 thread_num=1
[OMPT] implicit_task_begin: parallel_id=281474976710839 thread_num=0 team_size=8
[OMPT] implicit_task_end: parallel_id=0 thread_num=3
[OMPT] implicit_task_end: parallel_id=0 thread_num=2
[OMPT] implicit_task_begin: parallel_id=281474976710839 thread_num=1 team_size=8
[OMPT] implicit_task_end: parallel_id=0 thread_num=5
[OMPT] implicit_task_begin: parallel_id=281474976710839 thread_num=7 team_size=8
[OMPT] implicit_task_end: parallel_id=0 thread_num=6
[OMPT] implicit_task_begin: parallel_id=281474976710839 thread_num=4 team_size=8
[OMPT] implicit_task_begin: parallel_id=281474976710839 thread_num=5 team_size=8
[OMPT] implicit_task_begin: parallel_id=281474976710839 thread_num=6 team_size=8
[OMPT] implicit_task_begin: parallel_id=281474976710839 thread_num=3 team_size=8
[OMPT] implicit_task_begin: parallel_id=281474976710839 thread_num=2 team_size=8
[OMPT] implicit_task_end: parallel_id=0 thread_num=0
[OMPT] parallel_end: parallel_id=281474976710839
[OMPT] parallel_begin: parallel_id=281474976710841 team_size=8
[OMPT] implicit_task_end: parallel_id=0 thread_num=3
[OMPT] implicit_task_end: parallel_id=0 thread_num=4
[OMPT] implicit_task_begin: parallel_id=281474976710841 thread_num=3 team_size=8
[OMPT] implicit_task_end: parallel_id=0 thread_num=5
[OMPT] implicit_task_end: parallel_id=0 thread_num=2
[OMPT] implicit_task_begin: parallel_id=281474976710841 thread_num=0 team_size=8
[OMPT] implicit_task_begin: parallel_id=281474976710841 thread_num=4 team_size=8
[OMPT] implicit_task_end: parallel_id=0 thread_num=6
[OMPT] implicit_task_end: parallel_id=0 thread_num=7
[OMPT] implicit_task_begin: parallel_id=281474976710841 thread_num=5 team_size=8
[OMPT] implicit_task_end: parallel_id=0 thread_num=1
[OMPT] implicit_task_begin: parallel_id=281474976710841 thread_num=6 team_size=8
[OMPT] implicit_task_begin: parallel_id=281474976710841 thread_num=1 team_size=8
[OMPT] implicit_task_begin: parallel_id=281474976710841 thread_num=7 team_size=8
[OMPT] implicit_task_begin: parallel_id=281474976710841 thread_num=2 team_size=8
[OMPT][WIN100ms] ompt_id=281474976710657 tid=846964 tipo=ompt_thread_initial    cpu=255 numa=1  d_rm=   18929  d_instr=1575964281  d_cyc= 420839325  d_all=10060321  IPC=3.745  ratio_rm=0.0019  cooldown=0
[OMPT][WIN100ms] ompt_id=562949953421313 tid=846966 tipo=ompt_thread_worker     cpu=192 numa=1  d_rm=    3288  d_instr=1589130258  d_cyc= 418465758  d_all=10137077  IPC=3.798  ratio_rm=0.0003  cooldown=0
[OMPT][WIN100ms] ompt_id=844424930131969 tid=846967 tipo=ompt_thread_worker     cpu=  8 numa=0  d_rm=    2342  d_instr=1570509996  d_cyc= 419335388  d_all=10012792  IPC=3.745  ratio_rm=0.0002  cooldown=10
[OMPT][WIN100ms] ompt_id=1125899906842625 tid=846968 tipo=ompt_thread_worker     cpu=  2 numa=0  d_rm=    2401  d_instr=1586817632  d_cyc= 419046766  d_all=10103503  IPC=3.787  ratio_rm=0.0002  cooldown=0
[OMPT][WIN100ms] ompt_id=1407374883553281 tid=846969 tipo=ompt_thread_worker     cpu=239 numa=1  d_rm=    3157  d_instr=1578364753  d_cyc= 420900301  d_all=10090019  IPC=3.750  ratio_rm=0.0003  cooldown=0
[OMPT][WIN100ms] ompt_id=1688849860263937 tid=846970 tipo=ompt_thread_worker     cpu=247 numa=1  d_rm=    3346  d_instr=1586498139  d_cyc= 419611458  d_all=10118644  IPC=3.781  ratio_rm=0.0003  cooldown=0
[OMPT][WIN100ms] ompt_id=2251799813685249 tid=846971 tipo=ompt_thread_worker     cpu= 79 numa=1  d_rm=    2823  d_instr=1583113799  d_cyc= 419310070  d_all=10114963  IPC=3.776  ratio_rm=0.0003  cooldown=0
[OMPT] implicit_task_end: parallel_id=0 thread_num=0
[OMPT] parallel_end: parallel_id=281474976710841
[OMPT] parallel_begin: parallel_id=281474976710843 team_size=8
[OMPT] implicit_task_end: parallel_id=0 thread_num=3
[OMPT] implicit_task_end: parallel_id=0 thread_num=1
[OMPT] implicit_task_end: parallel_id=0 thread_num=4
[OMPT] implicit_task_end: parallel_id=0 thread_num=5
[OMPT] implicit_task_end: parallel_id=0 thread_num=2
[OMPT] implicit_task_end: parallel_id=0 thread_num=7
[OMPT] implicit_task_end: parallel_id=0 thread_num=6
[OMPT][WIN100ms] ompt_id=1970324836974593 tid=846972 tipo=ompt_thread_worker     cpu= 80 numa=1  d_rm=    6588  d_instr=1581535474  d_cyc= 419353360  d_all=10035216  IPC=3.771  ratio_rm=0.0007  cooldown=10
[OMPT] implicit_task_begin: parallel_id=281474976710843 thread_num=4 team_size=8
[OMPT] implicit_task_begin: parallel_id=281474976710843 thread_num=6 team_size=8
[OMPT] implicit_task_begin: parallel_id=281474976710843 thread_num=2 team_size=8
[OMPT] implicit_task_begin: parallel_id=281474976710843 thread_num=5 team_size=8
[OMPT] implicit_task_begin: parallel_id=281474976710843 thread_num=0 team_size=8
[OMPT] implicit_task_begin: parallel_id=281474976710843 thread_num=1 team_size=8
[OMPT] implicit_task_begin: parallel_id=281474976710843 thread_num=7 team_size=8
[OMPT] implicit_task_begin: parallel_id=281474976710843 thread_num=3 team_size=8
[OMPT] implicit_task_end: parallel_id=0 thread_num=0
[OMPT] parallel_end: parallel_id=281474976710843
[OMPT] parallel_begin: parallel_id=281474976710845 team_size=8
[OMPT] implicit_task_end: parallel_id=0 thread_num=3
[OMPT] implicit_task_begin: parallel_id=281474976710845 thread_num=0 team_size=8
[OMPT] implicit_task_begin: parallel_id=281474976710845 thread_num=3 team_size=8
[OMPT] implicit_task_end: parallel_id=0 thread_num=4
[OMPT] implicit_task_end: parallel_id=0 thread_num=7
[OMPT] implicit_task_end: parallel_id=0 thread_num=1
[OMPT] implicit_task_begin: parallel_id=281474976710845 thread_num=4 team_size=8
[OMPT] implicit_task_end: parallel_id=0 thread_num=6
[OMPT] implicit_task_begin: parallel_id=281474976710845 thread_num=1 team_size=8
[OMPT] implicit_task_end: parallel_id=0 thread_num=5
[OMPT] implicit_task_end: parallel_id=0 thread_num=2
[OMPT] implicit_task_begin: parallel_id=281474976710845 thread_num=7 team_size=8
[OMPT] implicit_task_begin: parallel_id=281474976710845 thread_num=6 team_size=8
[OMPT] implicit_task_begin: parallel_id=281474976710845 thread_num=2 team_size=8
[OMPT] implicit_task_begin: parallel_id=281474976710845 thread_num=5 team_size=8
[OMPT] implicit_task_end: parallel_id=0 thread_num=0
[OMPT] parallel_end: parallel_id=281474976710845
[OMPT] parallel_begin: parallel_id=281474976710847 team_size=8
[OMPT] implicit_task_end: parallel_id=0 thread_num=4
[OMPT] implicit_task_end: parallel_id=0 thread_num=6
[OMPT] implicit_task_end: parallel_id=0 thread_num=3
[OMPT] implicit_task_end: parallel_id=0 thread_num=2
[OMPT] implicit_task_end: parallel_id=0 thread_num=7
[OMPT] implicit_task_begin: parallel_id=281474976710847 thread_num=2 team_size=8
[OMPT] implicit_task_end: parallel_id=0 thread_num=5
[OMPT] implicit_task_begin: parallel_id=281474976710847 thread_num=7 team_size=8
[OMPT] implicit_task_begin: parallel_id=281474976710847 thread_num=0 team_size=8
[OMPT] implicit_task_end: parallel_id=0 thread_num=1
[OMPT] implicit_task_begin: parallel_id=281474976710847 thread_num=5 team_size=8
[OMPT] implicit_task_begin: parallel_id=281474976710847 thread_num=6 team_size=8
[OMPT] implicit_task_begin: parallel_id=281474976710847 thread_num=1 team_size=8
[OMPT] implicit_task_begin: parallel_id=281474976710847 thread_num=3 team_size=8
[OMPT] implicit_task_begin: parallel_id=281474976710847 thread_num=4 team_size=8
[OMPT] implicit_task_end: parallel_id=0 thread_num=0
[OMPT] parallel_end: parallel_id=281474976710847
[OMPT] parallel_begin: parallel_id=281474976710849 team_size=8
[OMPT] implicit_task_end: parallel_id=0 thread_num=3
[OMPT] implicit_task_end: parallel_id=0 thread_num=4
[OMPT] implicit_task_begin: parallel_id=281474976710849 thread_num=0 team_size=8
[OMPT] implicit_task_end: parallel_id=0 thread_num=6
[OMPT] implicit_task_end: parallel_id=0 thread_num=1
[OMPT] implicit_task_end: parallel_id=0 thread_num=2
[OMPT] implicit_task_begin: parallel_id=281474976710849 thread_num=3 team_size=8
[OMPT] implicit_task_end: parallel_id=0 thread_num=5
[OMPT] implicit_task_begin: parallel_id=281474976710849 thread_num=4 team_size=8
[OMPT] implicit_task_begin: parallel_id=281474976710849 thread_num=1 team_size=8
[OMPT] implicit_task_begin: parallel_id=281474976710849 thread_num=2 team_size=8
[OMPT] implicit_task_begin: parallel_id=281474976710849 thread_num=6 team_size=8
[OMPT] implicit_task_end: parallel_id=0 thread_num=7
[OMPT] implicit_task_begin: parallel_id=281474976710849 thread_num=5 team_size=8
[OMPT] implicit_task_begin: parallel_id=281474976710849 thread_num=7 team_size=8
[OMPT] implicit_task_end: parallel_id=0 thread_num=0
[OMPT] parallel_end: parallel_id=281474976710849
[OMPT] parallel_begin: parallel_id=281474976710851 team_size=8
[OMPT] implicit_task_end: parallel_id=0 thread_num=4
[OMPT] implicit_task_end: parallel_id=0 thread_num=7
[OMPT] implicit_task_end: parallel_id=0 thread_num=2
[OMPT] implicit_task_end: parallel_id=0 thread_num=3
[OMPT] implicit_task_end: parallel_id=0 thread_num=5
[OMPT] implicit_task_begin: parallel_id=281474976710851 thread_num=3 team_size=8
[OMPT] implicit_task_end: parallel_id=0 thread_num=6
[OMPT] implicit_task_begin: parallel_id=281474976710851 thread_num=5 team_size=8
[OMPT] implicit_task_begin: parallel_id=281474976710851 thread_num=0 team_size=8
[OMPT] implicit_task_end: parallel_id=0 thread_num=1
[OMPT] implicit_task_begin: parallel_id=281474976710851 thread_num=4 team_size=8
[OMPT] implicit_task_begin: parallel_id=281474976710851 thread_num=1 team_size=8
[OMPT] implicit_task_begin: parallel_id=281474976710851 thread_num=7 team_size=8
[OMPT] implicit_task_begin: parallel_id=281474976710851 thread_num=2 team_size=8
[OMPT] implicit_task_begin: parallel_id=281474976710851 thread_num=6 team_size=8
[OMPT][WIN100ms] ompt_id=281474976710657 tid=846964 tipo=ompt_thread_initial    cpu=255 numa=1  d_rm=   18798  d_instr=1575758726  d_cyc= 420531666  d_all=10087551  IPC=3.747  ratio_rm=0.0019  cooldown=0
[OMPT][WIN100ms] ompt_id=562949953421313 tid=846966 tipo=ompt_thread_worker     cpu=192 numa=1  d_rm=    3918  d_instr=1582697704  d_cyc= 419314531  d_all=10118771  IPC=3.774  ratio_rm=0.0004  cooldown=0
[OMPT][WIN100ms] ompt_id=844424930131969 tid=846967 tipo=ompt_thread_worker     cpu=  8 numa=0  d_rm=    2365  d_instr=1587349834  d_cyc= 419418091  d_all=10131244  IPC=3.785  ratio_rm=0.0002  cooldown=10
[OMPT][WIN100ms] ompt_id=1125899906842625 tid=846968 tipo=ompt_thread_worker     cpu=  2 numa=0  d_rm=    2543  d_instr=1581637448  d_cyc= 419400764  d_all=10057766  IPC=3.771  ratio_rm=0.0003  cooldown=0
[OMPT][WIN100ms] ompt_id=1407374883553281 tid=846969 tipo=ompt_thread_worker     cpu=239 numa=1  d_rm=    3958  d_instr=1573309990  d_cyc= 420950140  d_all=10066401  IPC=3.738  ratio_rm=0.0004  cooldown=0
[OMPT][WIN100ms] ompt_id=1688849860263937 tid=846970 tipo=ompt_thread_worker     cpu=247 numa=1  d_rm=    3697  d_instr=1580791513  d_cyc= 419761675  d_all=10059036  IPC=3.766  ratio_rm=0.0004  cooldown=0
[OMPT][WIN100ms] ompt_id=2251799813685249 tid=846971 tipo=ompt_thread_worker     cpu= 79 numa=1  d_rm=    3188  d_instr=1568990837  d_cyc= 420230055  d_all=10052516  IPC=3.734  ratio_rm=0.0003  cooldown=0
[OMPT] implicit_task_end: parallel_id=0 thread_num=0
[OMPT] parallel_end: parallel_id=281474976710851
[OMPT] parallel_begin: parallel_id=281474976710853 team_size=8
[OMPT] implicit_task_end: parallel_id=0 thread_num=2
[OMPT] implicit_task_end: parallel_id=0 thread_num=4
[OMPT] implicit_task_end: parallel_id=0 thread_num=7
[OMPT] implicit_task_end: parallel_id=0 thread_num=1
[OMPT] implicit_task_end: parallel_id=0 thread_num=3
[OMPT] implicit_task_end: parallel_id=0 thread_num=5
[OMPT] implicit_task_end: parallel_id=0 thread_num=6
[OMPT][WIN100ms] ompt_id=1970324836974593 tid=846972 tipo=ompt_thread_worker     cpu= 80 numa=1  d_rm=    7618  d_instr=1582374691  d_cyc= 420059865  d_all=10040045  IPC=3.767  ratio_rm=0.0008  cooldown=10
[OMPT] implicit_task_begin: parallel_id=281474976710853 thread_num=3 team_size=8
[OMPT] implicit_task_begin: parallel_id=281474976710853 thread_num=1 team_size=8
[OMPT] implicit_task_begin: parallel_id=281474976710853 thread_num=0 team_size=8
[OMPT] implicit_task_begin: parallel_id=281474976710853 thread_num=7 team_size=8
[OMPT] implicit_task_begin: parallel_id=281474976710853 thread_num=5 team_size=8
[OMPT] implicit_task_begin: parallel_id=281474976710853 thread_num=4 team_size=8
[OMPT] implicit_task_begin: parallel_id=281474976710853 thread_num=6 team_size=8
[OMPT] implicit_task_begin: parallel_id=281474976710853 thread_num=2 team_size=8
[OMPT] implicit_task_end: parallel_id=0 thread_num=0
[OMPT] parallel_end: parallel_id=281474976710853
[OMPT] parallel_begin: parallel_id=281474976710855 team_size=8
[OMPT] implicit_task_end: parallel_id=0 thread_num=3
[OMPT] implicit_task_end: parallel_id=0 thread_num=1
[OMPT] implicit_task_begin: parallel_id=281474976710855 thread_num=0 team_size=8
[OMPT] implicit_task_begin: parallel_id=281474976710855 thread_num=3 team_size=8
[OMPT] implicit_task_begin: parallel_id=281474976710855 thread_num=1 team_size=8
[OMPT] implicit_task_end: parallel_id=0 thread_num=2
[OMPT] implicit_task_begin: parallel_id=281474976710855 thread_num=2 team_size=8
[OMPT] implicit_task_end: parallel_id=0 thread_num=4
[OMPT] implicit_task_end: parallel_id=0 thread_num=6
[OMPT] implicit_task_end: parallel_id=0 thread_num=7
[OMPT] implicit_task_end: parallel_id=0 thread_num=5
[OMPT] implicit_task_begin: parallel_id=281474976710855 thread_num=4 team_size=8
[OMPT] implicit_task_begin: parallel_id=281474976710855 thread_num=7 team_size=8
[OMPT] implicit_task_begin: parallel_id=281474976710855 thread_num=6 team_size=8
[OMPT] implicit_task_begin: parallel_id=281474976710855 thread_num=5 team_size=8
[OMPT] implicit_task_end: parallel_id=0 thread_num=0
[OMPT] parallel_end: parallel_id=281474976710855
[OMPT] parallel_begin: parallel_id=281474976710857 team_size=8
[OMPT] implicit_task_end: parallel_id=0 thread_num=2
[OMPT] implicit_task_end: parallel_id=0 thread_num=4
[OMPT] implicit_task_end: parallel_id=0 thread_num=7
[OMPT] implicit_task_end: parallel_id=0 thread_num=3
[OMPT] implicit_task_end: parallel_id=0 thread_num=1
[OMPT] implicit_task_end: parallel_id=0 thread_num=5
[OMPT] implicit_task_begin: parallel_id=281474976710857 thread_num=0 team_size=8
[OMPT] implicit_task_end: parallel_id=0 thread_num=6
[OMPT] implicit_task_begin: parallel_id=281474976710857 thread_num=4 team_size=8
[OMPT] implicit_task_begin: parallel_id=281474976710857 thread_num=7 team_size=8
[OMPT] implicit_task_begin: parallel_id=281474976710857 thread_num=1 team_size=8
[OMPT] implicit_task_begin: parallel_id=281474976710857 thread_num=5 team_size=8
[OMPT] implicit_task_begin: parallel_id=281474976710857 thread_num=6 team_size=8
[OMPT] implicit_task_begin: parallel_id=281474976710857 thread_num=2 team_size=8
[OMPT] implicit_task_begin: parallel_id=281474976710857 thread_num=3 team_size=8
[OMPT] implicit_task_end: parallel_id=0 thread_num=0
[OMPT] parallel_end: parallel_id=281474976710857
[OMPT] parallel_begin: parallel_id=281474976710859 team_size=8
[OMPT] implicit_task_end: parallel_id=0 thread_num=3
[OMPT] implicit_task_end: parallel_id=0 thread_num=1
[OMPT] implicit_task_end: parallel_id=0 thread_num=4
[OMPT] implicit_task_end: parallel_id=0 thread_num=7
[OMPT] implicit_task_end: parallel_id=0 thread_num=2
[OMPT] implicit_task_begin: parallel_id=281474976710859 thread_num=0 team_size=8
[OMPT] implicit_task_begin: parallel_id=281474976710859 thread_num=4 team_size=8
[OMPT] implicit_task_begin: parallel_id=281474976710859 thread_num=1 team_size=8
[OMPT] implicit_task_begin: parallel_id=281474976710859 thread_num=3 team_size=8
[OMPT] implicit_task_begin: parallel_id=281474976710859 thread_num=7 team_size=8
[OMPT] implicit_task_end: parallel_id=0 thread_num=6
[OMPT] implicit_task_begin: parallel_id=281474976710859 thread_num=2 team_size=8
[OMPT] implicit_task_end: parallel_id=0 thread_num=5
[OMPT] implicit_task_begin: parallel_id=281474976710859 thread_num=6 team_size=8
[OMPT] implicit_task_begin: parallel_id=281474976710859 thread_num=5 team_size=8
[OMPT] implicit_task_end: parallel_id=0 thread_num=0
[OMPT] parallel_end: parallel_id=281474976710859
[OMPT] parallel_begin: parallel_id=281474976710861 team_size=8
[OMPT] implicit_task_end: parallel_id=0 thread_num=4
[OMPT] implicit_task_end: parallel_id=0 thread_num=7
[OMPT] implicit_task_end: parallel_id=0 thread_num=1
[OMPT] implicit_task_begin: parallel_id=281474976710861 thread_num=0 team_size=8
[OMPT] implicit_task_end: parallel_id=0 thread_num=3
[OMPT] implicit_task_end: parallel_id=0 thread_num=2
[OMPT] implicit_task_begin: parallel_id=281474976710861 thread_num=4 team_size=8
[OMPT] implicit_task_begin: parallel_id=281474976710861 thread_num=3 team_size=8
[OMPT] implicit_task_end: parallel_id=0 thread_num=5
[OMPT] implicit_task_begin: parallel_id=281474976710861 thread_num=7 team_size=8
[OMPT] implicit_task_end: parallel_id=0 thread_num=6
[OMPT] implicit_task_begin: parallel_id=281474976710861 thread_num=1 team_size=8
[OMPT] implicit_task_begin: parallel_id=281474976710861 thread_num=6 team_size=8
[OMPT] implicit_task_begin: parallel_id=281474976710861 thread_num=5 team_size=8
[OMPT] implicit_task_begin: parallel_id=281474976710861 thread_num=2 team_size=8
[OMPT][WIN100ms] ompt_id=281474976710657 tid=846964 tipo=ompt_thread_initial    cpu=255 numa=1  d_rm=   19858  d_instr=1563216716  d_cyc= 422442957  d_all= 9980772  IPC=3.700  ratio_rm=0.0020  cooldown=0
[OMPT][WIN100ms] ompt_id=562949953421313 tid=846966 tipo=ompt_thread_worker     cpu=192 numa=1  d_rm=    4372  d_instr=1569171584  d_cyc= 421618766  d_all=10026765  IPC=3.722  ratio_rm=0.0004  cooldown=0
[OMPT][WIN100ms] ompt_id=844424930131969 tid=846967 tipo=ompt_thread_worker     cpu=  8 numa=0  d_rm=    2572  d_instr=1562262432  d_cyc= 420861251  d_all= 9945750  IPC=3.712  ratio_rm=0.0003  cooldown=10
[OMPT][WIN100ms] ompt_id=1125899906842625 tid=846968 tipo=ompt_thread_worker     cpu=  2 numa=0  d_rm=    2378  d_instr=1562661819  d_cyc= 418840799  d_all= 9918218  IPC=3.731  ratio_rm=0.0002  cooldown=0
[OMPT][WIN100ms] ompt_id=1407374883553281 tid=846969 tipo=ompt_thread_worker     cpu=239 numa=1  d_rm=    4273  d_instr=1558856774  d_cyc= 419973109  d_all= 9960399  IPC=3.712  ratio_rm=0.0004  cooldown=0
[OMPT][WIN100ms] ompt_id=1688849860263937 tid=846970 tipo=ompt_thread_worker     cpu=247 numa=1  d_rm=    4576  d_instr=1568046566  d_cyc= 418835622  d_all= 9973048  IPC=3.744  ratio_rm=0.0005  cooldown=0
[OMPT][WIN100ms] ompt_id=2251799813685249 tid=846971 tipo=ompt_thread_worker     cpu= 79 numa=1  d_rm=    3899  d_instr=1572528203  d_cyc= 418565878  d_all=10062526  IPC=3.757  ratio_rm=0.0004  cooldown=0
[OMPT] implicit_task_end: parallel_id=0 thread_num=0
[OMPT] parallel_end: parallel_id=281474976710861
[OMPT] parallel_begin: parallel_id=281474976710863 team_size=8
[OMPT] implicit_task_end: parallel_id=0 thread_num=2
[OMPT] implicit_task_end: parallel_id=0 thread_num=4
[OMPT] implicit_task_end: parallel_id=0 thread_num=7
[OMPT] implicit_task_end: parallel_id=0 thread_num=1
[OMPT] implicit_task_end: parallel_id=0 thread_num=3
[OMPT] implicit_task_end: parallel_id=0 thread_num=6
[OMPT] implicit_task_end: parallel_id=0 thread_num=5
[OMPT][WIN100ms] ompt_id=1970324836974593 tid=846972 tipo=ompt_thread_worker     cpu= 80 numa=1  d_rm=    6796  d_instr=1570490584  d_cyc= 418180326  d_all= 9983376  IPC=3.756  ratio_rm=0.0007  cooldown=10
[OMPT] implicit_task_begin: parallel_id=281474976710863 thread_num=6 team_size=8
[OMPT] implicit_task_begin: parallel_id=281474976710863 thread_num=3 team_size=8
[OMPT] implicit_task_begin: parallel_id=281474976710863 thread_num=7 team_size=8
[OMPT] implicit_task_begin: parallel_id=281474976710863 thread_num=0 team_size=8
[OMPT] implicit_task_begin: parallel_id=281474976710863 thread_num=1 team_size=8
[OMPT] implicit_task_begin: parallel_id=281474976710863 thread_num=4 team_size=8
[OMPT] implicit_task_begin: parallel_id=281474976710863 thread_num=5 team_size=8
[OMPT] implicit_task_begin: parallel_id=281474976710863 thread_num=2 team_size=8
[OMPT] implicit_task_end: parallel_id=0 thread_num=0
[OMPT] parallel_end: parallel_id=281474976710863
[OMPT] parallel_begin: parallel_id=281474976710865 team_size=8
[OMPT] implicit_task_end: parallel_id=0 thread_num=4
[OMPT] implicit_task_end: parallel_id=0 thread_num=7
[OMPT] implicit_task_end: parallel_id=0 thread_num=3
[OMPT] implicit_task_end: parallel_id=0 thread_num=1
[OMPT] implicit_task_end: parallel_id=0 thread_num=2
[OMPT] implicit_task_begin: parallel_id=281474976710865 thread_num=7 team_size=8
[OMPT] implicit_task_end: parallel_id=0 thread_num=5
[OMPT] implicit_task_begin: parallel_id=281474976710865 thread_num=1 team_size=8
[OMPT] implicit_task_begin: parallel_id=281474976710865 thread_num=2 team_size=8
[OMPT] implicit_task_begin: parallel_id=281474976710865 thread_num=0 team_size=8
[OMPT] implicit_task_end: parallel_id=0 thread_num=6
[OMPT] implicit_task_begin: parallel_id=281474976710865 thread_num=4 team_size=8
[OMPT] implicit_task_begin: parallel_id=281474976710865 thread_num=6 team_size=8
[OMPT] implicit_task_begin: parallel_id=281474976710865 thread_num=5 team_size=8
[OMPT] implicit_task_begin: parallel_id=281474976710865 thread_num=3 team_size=8
[OMPT] implicit_task_end: parallel_id=0 thread_num=0
[OMPT] parallel_end: parallel_id=281474976710865
[OMPT] parallel_begin: parallel_id=281474976710867 team_size=8
[OMPT] implicit_task_end: parallel_id=0 thread_num=3
[OMPT] implicit_task_end: parallel_id=0 thread_num=4
[OMPT] implicit_task_end: parallel_id=0 thread_num=7
[OMPT] implicit_task_end: parallel_id=0 thread_num=1
[OMPT] implicit_task_end: parallel_id=0 thread_num=2
[OMPT] implicit_task_begin: parallel_id=281474976710867 thread_num=1 team_size=8
[OMPT] implicit_task_begin: parallel_id=281474976710867 thread_num=2 team_size=8
[OMPT] implicit_task_begin: parallel_id=281474976710867 thread_num=3 team_size=8
[OMPT] implicit_task_begin: parallel_id=281474976710867 thread_num=7 team_size=8
[OMPT] implicit_task_end: parallel_id=0 thread_num=6
[OMPT] implicit_task_end: parallel_id=0 thread_num=5
[OMPT] implicit_task_begin: parallel_id=281474976710867 thread_num=4 team_size=8
[OMPT] implicit_task_begin: parallel_id=281474976710867 thread_num=0 team_size=8
[OMPT] implicit_task_begin: parallel_id=281474976710867 thread_num=5 team_size=8
[OMPT] implicit_task_begin: parallel_id=281474976710867 thread_num=6 team_size=8
[OMPT] implicit_task_end: parallel_id=0 thread_num=0
[OMPT] parallel_end: parallel_id=281474976710867
[OMPT] parallel_begin: parallel_id=281474976710869 team_size=8
[OMPT] implicit_task_end: parallel_id=0 thread_num=4
[OMPT] implicit_task_end: parallel_id=0 thread_num=7
[OMPT] implicit_task_end: parallel_id=0 thread_num=1
[OMPT] implicit_task_begin: parallel_id=281474976710869 thread_num=0 team_size=8
[OMPT] implicit_task_end: parallel_id=0 thread_num=2
[OMPT] implicit_task_begin: parallel_id=281474976710869 thread_num=1 team_size=8
[OMPT] implicit_task_end: parallel_id=0 thread_num=5
[OMPT] implicit_task_begin: parallel_id=281474976710869 thread_num=4 team_size=8
[OMPT] implicit_task_end: parallel_id=0 thread_num=6
[OMPT] implicit_task_begin: parallel_id=281474976710869 thread_num=7 team_size=8
[OMPT] implicit_task_end: parallel_id=0 thread_num=3
[OMPT] implicit_task_begin: parallel_id=281474976710869 thread_num=6 team_size=8
[OMPT] implicit_task_begin: parallel_id=281474976710869 thread_num=5 team_size=8
[OMPT] implicit_task_begin: parallel_id=281474976710869 thread_num=2 team_size=8
[OMPT] implicit_task_begin: parallel_id=281474976710869 thread_num=3 team_size=8
[OMPT] implicit_task_end: parallel_id=0 thread_num=0
[OMPT] parallel_end: parallel_id=281474976710869
[OMPT] parallel_begin: parallel_id=281474976710871 team_size=8
[OMPT] implicit_task_end: parallel_id=0 thread_num=3
[OMPT] implicit_task_end: parallel_id=0 thread_num=4
[OMPT] implicit_task_begin: parallel_id=281474976710871 thread_num=0 team_size=8
[OMPT] implicit_task_end: parallel_id=0 thread_num=7
[OMPT] implicit_task_end: parallel_id=0 thread_num=1
[OMPT] implicit_task_end: parallel_id=0 thread_num=2
[OMPT] implicit_task_begin: parallel_id=281474976710871 thread_num=3 team_size=8
[OMPT] implicit_task_end: parallel_id=0 thread_num=6
[OMPT] implicit_task_end: parallel_id=0 thread_num=5
[OMPT] implicit_task_begin: parallel_id=281474976710871 thread_num=4 team_size=8
[OMPT] implicit_task_begin: parallel_id=281474976710871 thread_num=1 team_size=8
[OMPT] implicit_task_begin: parallel_id=281474976710871 thread_num=5 team_size=8
[OMPT] implicit_task_begin: parallel_id=281474976710871 thread_num=6 team_size=8
[OMPT] implicit_task_begin: parallel_id=281474976710871 thread_num=7 team_size=8
[OMPT] implicit_task_begin: parallel_id=281474976710871 thread_num=2 team_size=8
[OMPT][WIN100ms] ompt_id=281474976710657 tid=846964 tipo=ompt_thread_initial    cpu=255 numa=1  d_rm=   18983  d_instr=1580414538  d_cyc= 417895608  d_all=10113827  IPC=3.782  ratio_rm=0.0019  cooldown=0
[OMPT][WIN100ms] ompt_id=281474976710657 tid=846964 tipo=ompt_thread_initial    cpu=255 numa=1  UMBRAL INICIAL CALCULADO: 0.0019 (basado en 9 ventanas)
[OMPT][WIN100ms] ompt_id=562949953421313 tid=846966 tipo=ompt_thread_worker     cpu=192 numa=1  d_rm=    3392  d_instr=1585524652  d_cyc= 416237161  d_all=10150568  IPC=3.809  ratio_rm=0.0003  cooldown=0
[OMPT][WIN100ms] ompt_id=562949953421313 tid=846966 tipo=ompt_thread_worker     cpu=192 numa=1  UMBRAL INICIAL CALCULADO: 0.0004 (basado en 9 ventanas)
[OMPT][WIN100ms] ompt_id=844424930131969 tid=846967 tipo=ompt_thread_worker     cpu=  8 numa=0  d_rm=    2455  d_instr=1585045199  d_cyc= 416865406  d_all=10108881  IPC=3.802  ratio_rm=0.0002  cooldown=10
[OMPT][WIN100ms] ompt_id=1125899906842625 tid=846968 tipo=ompt_thread_worker     cpu=  2 numa=0  d_rm=    2325  d_instr=1588802969  d_cyc= 417377834  d_all=10141308  IPC=3.807  ratio_rm=0.0002  cooldown=0
[OMPT][WIN100ms] ompt_id=1125899906842625 tid=846968 tipo=ompt_thread_worker     cpu=  2 numa=0  UMBRAL INICIAL CALCULADO: 0.0002 (basado en 9 ventanas)
[OMPT][WIN100ms] ompt_id=1407374883553281 tid=846969 tipo=ompt_thread_worker     cpu=239 numa=1  d_rm=    3912  d_instr=1570222912  d_cyc= 418207877  d_all=10046509  IPC=3.755  ratio_rm=0.0004  cooldown=0
[OMPT][WIN100ms] ompt_id=1407374883553281 tid=846969 tipo=ompt_thread_worker     cpu=239 numa=1  UMBRAL INICIAL CALCULADO: 0.0004 (basado en 9 ventanas)
[SCHED][EPOCH] tid=846969 ratio=0.0004 thr(avg prev 9)=0.0004 -> PENDIENTE (mig=0)
[OMPT][WIN100ms] ompt_id=1688849860263937 tid=846970 tipo=ompt_thread_worker     cpu=247 numa=1  d_rm=    4090  d_instr=1571310365  d_cyc= 417127653  d_all=10040412  IPC=3.767  ratio_rm=0.0004  cooldown=0
[OMPT][WIN100ms] ompt_id=1688849860263937 tid=846970 tipo=ompt_thread_worker     cpu=247 numa=1  UMBRAL INICIAL CALCULADO: 0.0004 (basado en 9 ventanas)
[SCHED][EPOCH] tid=846970 ratio=0.0004 thr(avg prev 9)=0.0004 -> PENDIENTE (mig=0)
[OMPT][WIN100ms] ompt_id=2251799813685249 tid=846971 tipo=ompt_thread_worker     cpu= 79 numa=1  d_rm=    3041  d_instr=1568777278  d_cyc= 417104050  d_all=10061276  IPC=3.761  ratio_rm=0.0003  cooldown=0
[OMPT][WIN100ms] ompt_id=2251799813685249 tid=846971 tipo=ompt_thread_worker     cpu= 79 numa=1  UMBRAL INICIAL CALCULADO: 0.0003 (basado en 9 ventanas)
[OMPT] implicit_task_end: parallel_id=0 thread_num=0
[OMPT] parallel_end: parallel_id=281474976710871
[OMPT] parallel_begin: parallel_id=281474976710873 team_size=8
[OMPT] implicit_task_end: parallel_id=0 thread_num=3
[OMPT] implicit_task_end: parallel_id=0 thread_num=1
[OMPT] implicit_task_end: parallel_id=0 thread_num=4
[OMPT] implicit_task_end: parallel_id=0 thread_num=7
[OMPT] implicit_task_end: parallel_id=0 thread_num=2
[OMPT] implicit_task_end: parallel_id=0 thread_num=6
[OMPT] implicit_task_end: parallel_id=0 thread_num=5
[OMPT][WIN100ms] ompt_id=1970324836974593 tid=846972 tipo=ompt_thread_worker     cpu= 80 numa=1  d_rm=    7545  d_instr=1577434703  d_cyc= 417664463  d_all=10025891  IPC=3.777  ratio_rm=0.0008  cooldown=10
[OMPT] implicit_task_begin: parallel_id=281474976710873 thread_num=7 team_size=8
[SCHED] MIGRACIÓN tid=846969 ompt_id=1407374883553281  nodo 1 → nodo 0  (total migraciones: 1)
[OMPT] implicit_task_begin: parallel_id=281474976710873 thread_num=2 team_size=8
[OMPT] implicit_task_begin: parallel_id=281474976710873 thread_num=6 team_size=8
[OMPT] implicit_task_begin: parallel_id=281474976710873 thread_num=0 team_size=8
[SCHED] MIGRACIÓN tid=846970 ompt_id=1688849860263937  nodo 1 → nodo 0  (total migraciones: 1)
[OMPT] implicit_task_begin: parallel_id=281474976710873 thread_num=3 team_size=8
[OMPT] implicit_task_begin: parallel_id=281474976710873 thread_num=4 team_size=8
[OMPT] implicit_task_begin: parallel_id=281474976710873 thread_num=1 team_size=8
[OMPT] implicit_task_begin: parallel_id=281474976710873 thread_num=5 team_size=8
[OMPT] implicit_task_end: parallel_id=0 thread_num=0
[OMPT] parallel_end: parallel_id=281474976710873
[OMPT] parallel_begin: parallel_id=281474976710875 team_size=8
[OMPT] implicit_task_end: parallel_id=0 thread_num=4
[OMPT] implicit_task_end: parallel_id=0 thread_num=5
[OMPT] implicit_task_begin: parallel_id=281474976710875 thread_num=0 team_size=8
[OMPT] implicit_task_begin: parallel_id=281474976710875 thread_num=4 team_size=8
[OMPT] implicit_task_end: parallel_id=0 thread_num=2
[OMPT] implicit_task_end: parallel_id=0 thread_num=3
[OMPT] implicit_task_begin: parallel_id=281474976710875 thread_num=3 team_size=8
[OMPT] implicit_task_end: parallel_id=0 thread_num=6
[OMPT] implicit_task_begin: parallel_id=281474976710875 thread_num=5 team_size=8
[OMPT] implicit_task_begin: parallel_id=281474976710875 thread_num=6 team_size=8
[OMPT] implicit_task_end: parallel_id=0 thread_num=7
[OMPT] implicit_task_begin: parallel_id=281474976710875 thread_num=2 team_size=8
[OMPT] implicit_task_end: parallel_id=0 thread_num=1
[OMPT] implicit_task_begin: parallel_id=281474976710875 thread_num=7 team_size=8
[OMPT] implicit_task_begin: parallel_id=281474976710875 thread_num=1 team_size=8
[OMPT] implicit_task_end: parallel_id=0 thread_num=0
[OMPT] parallel_end: parallel_id=281474976710875
[OMPT] parallel_begin: parallel_id=281474976710877 team_size=8
[OMPT] implicit_task_end: parallel_id=0 thread_num=4
[OMPT] implicit_task_end: parallel_id=0 thread_num=5
[OMPT] implicit_task_end: parallel_id=0 thread_num=1
[OMPT] implicit_task_begin: parallel_id=281474976710877 thread_num=4 team_size=8
[OMPT] implicit_task_end: parallel_id=0 thread_num=2
[OMPT] implicit_task_begin: parallel_id=281474976710877 thread_num=2 team_size=8
[OMPT] implicit_task_end: parallel_id=0 thread_num=7
[OMPT] implicit_task_end: parallel_id=0 thread_num=3
[OMPT] implicit_task_begin: parallel_id=281474976710877 thread_num=7 team_size=8
[OMPT] implicit_task_begin: parallel_id=281474976710877 thread_num=0 team_size=8
[OMPT] implicit_task_begin: parallel_id=281474976710877 thread_num=5 team_size=8
[OMPT] implicit_task_end: parallel_id=0 thread_num=6
[OMPT] implicit_task_begin: parallel_id=281474976710877 thread_num=1 team_size=8
[OMPT] implicit_task_begin: parallel_id=281474976710877 thread_num=3 team_size=8
[OMPT] implicit_task_begin: parallel_id=281474976710877 thread_num=6 team_size=8
[OMPT] implicit_task_end: parallel_id=0 thread_num=0
[OMPT] parallel_end: parallel_id=281474976710877
[OMPT] parallel_begin: parallel_id=281474976710879 team_size=8
[OMPT] implicit_task_end: parallel_id=0 thread_num=4
[OMPT] implicit_task_end: parallel_id=0 thread_num=5
[OMPT] implicit_task_end: parallel_id=0 thread_num=3
[OMPT] implicit_task_end: parallel_id=0 thread_num=2
[OMPT] implicit_task_begin: parallel_id=281474976710879 thread_num=2 team_size=8
[OMPT] implicit_task_end: parallel_id=0 thread_num=7
[OMPT] implicit_task_end: parallel_id=0 thread_num=6
[OMPT] implicit_task_begin: parallel_id=281474976710879 thread_num=7 team_size=8
[OMPT] implicit_task_begin: parallel_id=281474976710879 thread_num=0 team_size=8
[OMPT] implicit_task_begin: parallel_id=281474976710879 thread_num=6 team_size=8
[OMPT] implicit_task_begin: parallel_id=281474976710879 thread_num=5 team_size=8
[OMPT] implicit_task_begin: parallel_id=281474976710879 thread_num=3 team_size=8
[OMPT] implicit_task_begin: parallel_id=281474976710879 thread_num=4 team_size=8
[OMPT] implicit_task_end: parallel_id=0 thread_num=1
[OMPT] implicit_task_begin: parallel_id=281474976710879 thread_num=1 team_size=8
[OMPT] implicit_task_end: parallel_id=0 thread_num=0
[OMPT] parallel_end: parallel_id=281474976710879
[OMPT] parallel_begin: parallel_id=281474976710881 team_size=8
[OMPT] implicit_task_end: parallel_id=0 thread_num=4
[OMPT] implicit_task_end: parallel_id=0 thread_num=5
[OMPT] implicit_task_end: parallel_id=0 thread_num=3
[OMPT] implicit_task_begin: parallel_id=281474976710881 thread_num=0 team_size=8
[OMPT] implicit_task_begin: parallel_id=281474976710881 thread_num=5 team_size=8
[OMPT] implicit_task_end: parallel_id=0 thread_num=1
[OMPT] implicit_task_end: parallel_id=0 thread_num=7
[OMPT] implicit_task_begin: parallel_id=281474976710881 thread_num=3 team_size=8
[OMPT] implicit_task_begin: parallel_id=281474976710881 thread_num=4 team_size=8
[OMPT] implicit_task_end: parallel_id=0 thread_num=6
[OMPT] implicit_task_begin: parallel_id=281474976710881 thread_num=7 team_size=8
[OMPT] implicit_task_end: parallel_id=0 thread_num=2
[OMPT] implicit_task_begin: parallel_id=281474976710881 thread_num=6 team_size=8
[OMPT] implicit_task_begin: parallel_id=281474976710881 thread_num=2 team_size=8
[OMPT] implicit_task_begin: parallel_id=281474976710881 thread_num=1 team_size=8
[OMPT][WIN100ms] ompt_id=281474976710657 tid=846964 tipo=ompt_thread_initial    cpu=255 numa=1  d_rm=   19329  d_instr=1570768775  d_cyc= 418575543  d_all=10034335  IPC=3.753  ratio_rm=0.0019  cooldown=0
[OMPT][WIN100ms] ompt_id=562949953421313 tid=846966 tipo=ompt_thread_worker     cpu=192 numa=1  d_rm=    4181  d_instr=1570626866  d_cyc= 416219963  d_all=10063133  IPC=3.774  ratio_rm=0.0004  cooldown=0
[OMPT][WIN100ms] ompt_id=844424930131969 tid=846967 tipo=ompt_thread_worker     cpu=  8 numa=0  d_rm=    2751  d_instr=1572410400  d_cyc= 416000068  d_all=10014914  IPC=3.780  ratio_rm=0.0003  cooldown=10
[OMPT][WIN100ms] ompt_id=844424930131969 tid=846967 tipo=ompt_thread_worker     cpu=  8 numa=0  UMBRAL INICIAL CALCULADO: 0.0002 (basado en 9 ventanas)
[OMPT][WIN100ms] ompt_id=1125899906842625 tid=846968 tipo=ompt_thread_worker     cpu=  2 numa=0  d_rm=    3555  d_instr=1571557270  d_cyc= 416333709  d_all=10004629  IPC=3.775  ratio_rm=0.0004  cooldown=0
[OMPT][WIN100ms] ompt_id=2251799813685249 tid=846971 tipo=ompt_thread_worker     cpu= 79 numa=1  d_rm=    3897  d_instr=1541508728  d_cyc= 406857889  d_all= 9904183  IPC=3.789  ratio_rm=0.0004  cooldown=0
[OMPT][WIN100ms] ompt_id=1970324836974593 tid=846972 tipo=ompt_thread_worker     cpu= 80 numa=1  d_rm=    6706  d_instr=1544551230  d_cyc= 406563719  d_all= 9842327  IPC=3.799  ratio_rm=0.0007  cooldown=10
[OMPT][WIN100ms] ompt_id=1970324836974593 tid=846972 tipo=ompt_thread_worker     cpu= 80 numa=1  UMBRAL INICIAL CALCULADO: 0.0007 (basado en 9 ventanas)
[OMPT] implicit_task_end: parallel_id=0 thread_num=0
[OMPT] parallel_end: parallel_id=281474976710881
[OMPT] parallel_begin: parallel_id=281474976710883 team_size=8
[OMPT] implicit_task_end: parallel_id=0 thread_num=3
[OMPT] implicit_task_end: parallel_id=0 thread_num=4
[OMPT] implicit_task_end: parallel_id=0 thread_num=5
[OMPT] implicit_task_begin: parallel_id=281474976710883 thread_num=0 team_size=8
[OMPT] implicit_task_begin: parallel_id=281474976710883 thread_num=5 team_size=8
[OMPT] implicit_task_end: parallel_id=0 thread_num=2
[OMPT] implicit_task_end: parallel_id=0 thread_num=6
[OMPT] implicit_task_begin: parallel_id=281474976710883 thread_num=3 team_size=8
[OMPT] implicit_task_begin: parallel_id=281474976710883 thread_num=4 team_size=8
[OMPT] implicit_task_end: parallel_id=0 thread_num=1
[OMPT] implicit_task_begin: parallel_id=281474976710883 thread_num=2 team_size=8
[OMPT] implicit_task_begin: parallel_id=281474976710883 thread_num=1 team_size=8
[OMPT] implicit_task_begin: parallel_id=281474976710883 thread_num=6 team_size=8
[OMPT] implicit_task_end: parallel_id=0 thread_num=7
[OMPT] implicit_task_begin: parallel_id=281474976710883 thread_num=7 team_size=8
[OMPT] implicit_task_end: parallel_id=0 thread_num=0
[OMPT] parallel_end: parallel_id=281474976710883
[OMPT] parallel_begin: parallel_id=281474976710885 team_size=8
[OMPT] implicit_task_end: parallel_id=0 thread_num=3
[OMPT] implicit_task_end: parallel_id=0 thread_num=1
[OMPT] implicit_task_begin: parallel_id=281474976710885 thread_num=0 team_size=8
[OMPT] implicit_task_begin: parallel_id=281474976710885 thread_num=3 team_size=8
[OMPT] implicit_task_end: parallel_id=0 thread_num=4
[OMPT] implicit_task_end: parallel_id=0 thread_num=5
[OMPT] implicit_task_begin: parallel_id=281474976710885 thread_num=4 team_size=8
[OMPT] implicit_task_begin: parallel_id=281474976710885 thread_num=1 team_size=8
[OMPT] implicit_task_end: parallel_id=0 thread_num=6
[OMPT] implicit_task_begin: parallel_id=281474976710885 thread_num=5 team_size=8
[OMPT] implicit_task_end: parallel_id=0 thread_num=2
[OMPT] implicit_task_begin: parallel_id=281474976710885 thread_num=2 team_size=8
[OMPT] implicit_task_end: parallel_id=0 thread_num=7
[OMPT] implicit_task_begin: parallel_id=281474976710885 thread_num=6 team_size=8
[OMPT] implicit_task_begin: parallel_id=281474976710885 thread_num=7 team_size=8
[OMPT] implicit_task_end: parallel_id=0 thread_num=0
[OMPT] parallel_end: parallel_id=281474976710885
[OMPT] parallel_begin: parallel_id=281474976710887 team_size=8
[OMPT] implicit_task_end: parallel_id=0 thread_num=4
[OMPT] implicit_task_end: parallel_id=0 thread_num=5
[OMPT] implicit_task_end: parallel_id=0 thread_num=3
[OMPT] implicit_task_end: parallel_id=0 thread_num=2
[OMPT] implicit_task_begin: parallel_id=281474976710887 thread_num=5 team_size=8
[OMPT] implicit_task_begin: parallel_id=281474976710887 thread_num=4 team_size=8
[OMPT] implicit_task_begin: parallel_id=281474976710887 thread_num=2 team_size=8
[OMPT] implicit_task_end: parallel_id=0 thread_num=7
[OMPT] implicit_task_begin: parallel_id=281474976710887 thread_num=0 team_size=8
[OMPT] implicit_task_begin: parallel_id=281474976710887 thread_num=3 team_size=8
[OMPT] implicit_task_end: parallel_id=0 thread_num=1
[OMPT] implicit_task_end: parallel_id=0 thread_num=6
[OMPT] implicit_task_begin: parallel_id=281474976710887 thread_num=7 team_size=8
[OMPT] implicit_task_begin: parallel_id=281474976710887 thread_num=1 team_size=8
[OMPT] implicit_task_begin: parallel_id=281474976710887 thread_num=6 team_size=8
[OMPT] implicit_task_end: parallel_id=0 thread_num=0
[OMPT] parallel_end: parallel_id=281474976710887
[OMPT] parallel_begin: parallel_id=281474976710889 team_size=8
[OMPT] implicit_task_end: parallel_id=0 thread_num=4
[OMPT] implicit_task_end: parallel_id=0 thread_num=5
[OMPT] implicit_task_end: parallel_id=0 thread_num=7
[OMPT] implicit_task_end: parallel_id=0 thread_num=3
[OMPT] implicit_task_begin: parallel_id=281474976710889 thread_num=0 team_size=8
[OMPT] implicit_task_end: parallel_id=0 thread_num=1
[OMPT] implicit_task_end: parallel_id=0 thread_num=2
[OMPT] implicit_task_end: parallel_id=0 thread_num=6
[OMPT] implicit_task_begin: parallel_id=281474976710889 thread_num=1 team_size=8
[OMPT] implicit_task_begin: parallel_id=281474976710889 thread_num=4 team_size=8
[OMPT] implicit_task_begin: parallel_id=281474976710889 thread_num=7 team_size=8
[OMPT] implicit_task_begin: parallel_id=281474976710889 thread_num=2 team_size=8
[OMPT] implicit_task_begin: parallel_id=281474976710889 thread_num=6 team_size=8
[OMPT] implicit_task_begin: parallel_id=281474976710889 thread_num=3 team_size=8
[OMPT] implicit_task_begin: parallel_id=281474976710889 thread_num=5 team_size=8
[OMPT] implicit_task_end: parallel_id=0 thread_num=0
[OMPT] parallel_end: parallel_id=281474976710889
[OMPT] parallel_begin: parallel_id=281474976710891 team_size=8
[OMPT] implicit_task_end: parallel_id=0 thread_num=3
[OMPT] implicit_task_end: parallel_id=0 thread_num=4
[OMPT] implicit_task_begin: parallel_id=281474976710891 thread_num=0 team_size=8
[OMPT] implicit_task_end: parallel_id=0 thread_num=7
[OMPT] implicit_task_end: parallel_id=0 thread_num=1
[OMPT] implicit_task_end: parallel_id=0 thread_num=2
[OMPT] implicit_task_end: parallel_id=0 thread_num=5
[OMPT] implicit_task_begin: parallel_id=281474976710891 thread_num=4 team_size=8
[OMPT] implicit_task_begin: parallel_id=281474976710891 thread_num=1 team_size=8
[OMPT] implicit_task_begin: parallel_id=281474976710891 thread_num=3 team_size=8
[OMPT] implicit_task_begin: parallel_id=281474976710891 thread_num=7 team_size=8
[OMPT] implicit_task_begin: parallel_id=281474976710891 thread_num=5 team_size=8
[OMPT] implicit_task_begin: parallel_id=281474976710891 thread_num=2 team_size=8
[OMPT] implicit_task_end: parallel_id=0 thread_num=6
[OMPT] implicit_task_begin: parallel_id=281474976710891 thread_num=6 team_size=8
[OMPT][WIN100ms] ompt_id=281474976710657 tid=846964 tipo=ompt_thread_initial    cpu=255 numa=1  d_rm=   18792  d_instr=1550044552  d_cyc= 407704785  d_all= 9934013  IPC=3.802  ratio_rm=0.0019  cooldown=0
[OMPT][WIN100ms] ompt_id=562949953421313 tid=846966 tipo=ompt_thread_worker     cpu=192 numa=1  d_rm=    3170  d_instr=1557540936  d_cyc= 407408164  d_all= 9993220  IPC=3.823  ratio_rm=0.0003  cooldown=0
[OMPT][WIN100ms] ompt_id=844424930131969 tid=846967 tipo=ompt_thread_worker     cpu=  8 numa=0  d_rm=    2428  d_instr=1560375156  d_cyc= 406853696  d_all= 9943077  IPC=3.835  ratio_rm=0.0002  cooldown=10
[OMPT][WIN100ms] ompt_id=1125899906842625 tid=846968 tipo=ompt_thread_worker     cpu=  2 numa=0  d_rm=    3563  d_instr=1556535034  d_cyc= 408426625  d_all= 9943527  IPC=3.811  ratio_rm=0.0004  cooldown=0
[OMPT][WIN100ms] ompt_id=1407374883553281 tid=846969 tipo=ompt_thread_worker     cpu=  0 numa=0  d_rm=    3320  d_instr=1563061510  d_cyc= 407484094  d_all= 9970629  IPC=3.836  ratio_rm=0.0003  cooldown=10
[OMPT][WIN100ms] ompt_id=1688849860263937 tid=846970 tipo=ompt_thread_worker     cpu=  1 numa=0  d_rm=    3098  d_instr=1582431240  d_cyc= 413590626  d_all=10079293  IPC=3.826  ratio_rm=0.0003  cooldown=10
[OMPT] implicit_task_end: parallel_id=0 thread_num=0
[OMPT] parallel_end: parallel_id=281474976710891
[OMPT] parallel_begin: parallel_id=281474976710893 team_size=8
[OMPT] implicit_task_end: parallel_id=0 thread_num=2
[OMPT] implicit_task_end: parallel_id=0 thread_num=1
[OMPT] implicit_task_end: parallel_id=0 thread_num=4
[OMPT] implicit_task_end: parallel_id=0 thread_num=5
[OMPT] implicit_task_end: parallel_id=0 thread_num=3
[OMPT] implicit_task_end: parallel_id=0 thread_num=6
[OMPT] implicit_task_end: parallel_id=0 thread_num=7
[OMPT][WIN100ms] ompt_id=2251799813685249 tid=846971 tipo=ompt_thread_worker     cpu= 79 numa=1  d_rm=    3063  d_instr=1600956544  d_cyc= 419630844  d_all=10285039  IPC=3.815  ratio_rm=0.0003  cooldown=0
[OMPT][WIN100ms] ompt_id=1970324836974593 tid=846972 tipo=ompt_thread_worker     cpu= 80 numa=1  d_rm=    7509  d_instr=1598339471  d_cyc= 418779981  d_all=10166933  IPC=3.817  ratio_rm=0.0007  cooldown=10
[OMPT] implicit_task_begin: parallel_id=281474976710893 thread_num=0 team_size=8
[OMPT] implicit_task_begin: parallel_id=281474976710893 thread_num=6 team_size=8
[OMPT] implicit_task_begin: parallel_id=281474976710893 thread_num=1 team_size=8
[OMPT] implicit_task_begin: parallel_id=281474976710893 thread_num=2 team_size=8
[OMPT] implicit_task_begin: parallel_id=281474976710893 thread_num=5 team_size=8
[OMPT] implicit_task_begin: parallel_id=281474976710893 thread_num=4 team_size=8
[OMPT] implicit_task_begin: parallel_id=281474976710893 thread_num=7 team_size=8
[OMPT] implicit_task_begin: parallel_id=281474976710893 thread_num=3 team_size=8
[OMPT] implicit_task_end: parallel_id=0 thread_num=0
[OMPT] parallel_end: parallel_id=281474976710893
[OMPT] parallel_begin: parallel_id=281474976710895 team_size=8
[OMPT] implicit_task_end: parallel_id=0 thread_num=4
[OMPT] implicit_task_end: parallel_id=0 thread_num=5
[OMPT] implicit_task_end: parallel_id=0 thread_num=3
[OMPT] implicit_task_end: parallel_id=0 thread_num=1
[OMPT] implicit_task_begin: parallel_id=281474976710895 thread_num=4 team_size=8
[OMPT] implicit_task_end: parallel_id=0 thread_num=6
[OMPT] implicit_task_begin: parallel_id=281474976710895 thread_num=1 team_size=8
[OMPT] implicit_task_begin: parallel_id=281474976710895 thread_num=0 team_size=8
[OMPT] implicit_task_begin: parallel_id=281474976710895 thread_num=6 team_size=8
[OMPT] implicit_task_begin: parallel_id=281474976710895 thread_num=5 team_size=8
[OMPT] implicit_task_begin: parallel_id=281474976710895 thread_num=3 team_size=8
[OMPT] implicit_task_end: parallel_id=0 thread_num=2
[OMPT] implicit_task_begin: parallel_id=281474976710895 thread_num=2 team_size=8
[OMPT] implicit_task_end: parallel_id=0 thread_num=7
[OMPT] implicit_task_begin: parallel_id=281474976710895 thread_num=7 team_size=8
[OMPT] implicit_task_end: parallel_id=0 thread_num=0
[OMPT] parallel_end: parallel_id=281474976710895
[OMPT] parallel_begin: parallel_id=281474976710897 team_size=8
[OMPT] implicit_task_end: parallel_id=0 thread_num=3
[OMPT] implicit_task_end: parallel_id=0 thread_num=1
[OMPT] implicit_task_end: parallel_id=0 thread_num=2
[OMPT] implicit_task_begin: parallel_id=281474976710897 thread_num=2 team_size=8
[OMPT] implicit_task_end: parallel_id=0 thread_num=4
[OMPT] implicit_task_end: parallel_id=0 thread_num=7
[OMPT] implicit_task_begin: parallel_id=281474976710897 thread_num=0 team_size=8
[OMPT] implicit_task_begin: parallel_id=281474976710897 thread_num=1 team_size=8
[OMPT] implicit_task_begin: parallel_id=281474976710897 thread_num=3 team_size=8
[OMPT] implicit_task_begin: parallel_id=281474976710897 thread_num=7 team_size=8
[OMPT] implicit_task_end: parallel_id=0 thread_num=6
[OMPT] implicit_task_begin: parallel_id=281474976710897 thread_num=4 team_size=8
[OMPT] implicit_task_end: parallel_id=0 thread_num=5
[OMPT] implicit_task_begin: parallel_id=281474976710897 thread_num=6 team_size=8
[OMPT] implicit_task_begin: parallel_id=281474976710897 thread_num=5 team_size=8
[OMPT] implicit_task_end: parallel_id=0 thread_num=0
[OMPT] parallel_end: parallel_id=281474976710897
[OMPT] parallel_begin: parallel_id=281474976710899 team_size=8
[OMPT] implicit_task_end: parallel_id=0 thread_num=3
[OMPT] implicit_task_end: parallel_id=0 thread_num=4
[OMPT] implicit_task_end: parallel_id=0 thread_num=5
[OMPT] implicit_task_end: parallel_id=0 thread_num=1
[OMPT] implicit_task_begin: parallel_id=281474976710899 thread_num=5 team_size=8
[OMPT] implicit_task_end: parallel_id=0 thread_num=2
[OMPT] implicit_task_begin: parallel_id=281474976710899 thread_num=2 team_size=8
[OMPT] implicit_task_begin: parallel_id=281474976710899 thread_num=3 team_size=8
[OMPT] implicit_task_end: parallel_id=0 thread_num=7
[OMPT] implicit_task_end: parallel_id=0 thread_num=6
[OMPT] implicit_task_begin: parallel_id=281474976710899 thread_num=7 team_size=8
[OMPT] implicit_task_begin: parallel_id=281474976710899 thread_num=4 team_size=8
[OMPT] implicit_task_begin: parallel_id=281474976710899 thread_num=6 team_size=8
[OMPT] implicit_task_begin: parallel_id=281474976710899 thread_num=0 team_size=8
[OMPT] implicit_task_begin: parallel_id=281474976710899 thread_num=1 team_size=8
[OMPT] implicit_task_end: parallel_id=0 thread_num=0
[OMPT] parallel_end: parallel_id=281474976710899
[OMPT] parallel_begin: parallel_id=281474976710901 team_size=8
[OMPT] implicit_task_end: parallel_id=0 thread_num=3
[OMPT] implicit_task_end: parallel_id=0 thread_num=4
[OMPT] implicit_task_begin: parallel_id=281474976710901 thread_num=3 team_size=8
[OMPT] implicit_task_end: parallel_id=0 thread_num=5
[OMPT] implicit_task_begin: parallel_id=281474976710901 thread_num=4 team_size=8
[OMPT] implicit_task_end: parallel_id=0 thread_num=1
[OMPT] implicit_task_begin: parallel_id=281474976710901 thread_num=5 team_size=8
[OMPT] implicit_task_end: parallel_id=0 thread_num=2
[OMPT] implicit_task_end: parallel_id=0 thread_num=7
[OMPT] implicit_task_begin: parallel_id=281474976710901 thread_num=0 team_size=8
[OMPT] implicit_task_end: parallel_id=0 thread_num=6
[OMPT] implicit_task_begin: parallel_id=281474976710901 thread_num=7 team_size=8
[OMPT] implicit_task_begin: parallel_id=281474976710901 thread_num=2 team_size=8
[OMPT] implicit_task_begin: parallel_id=281474976710901 thread_num=1 team_size=8
[OMPT] implicit_task_begin: parallel_id=281474976710901 thread_num=6 team_size=8
[OMPT][WIN100ms] ompt_id=281474976710657 tid=846964 tipo=ompt_thread_initial    cpu=255 numa=1  d_rm=   21030  d_instr=1579286528  d_cyc= 420878410  d_all=10103361  IPC=3.752  ratio_rm=0.0021  cooldown=0
[OMPT][WIN100ms] ompt_id=562949953421313 tid=846966 tipo=ompt_thread_worker     cpu=192 numa=1  d_rm=    4863  d_instr=1589886753  d_cyc= 419719339  d_all=10189362  IPC=3.788  ratio_rm=0.0005  cooldown=0
[OMPT][WIN100ms] ompt_id=844424930131969 tid=846967 tipo=ompt_thread_worker     cpu=  8 numa=0  d_rm=    2469  d_instr=1585426833  d_cyc= 419916836  d_all=10122119  IPC=3.776  ratio_rm=0.0002  cooldown=10
[OMPT][WIN100ms] ompt_id=1125899906842625 tid=846968 tipo=ompt_thread_worker     cpu=  2 numa=0  d_rm=    3069  d_instr=1582912010  d_cyc= 420360340  d_all=10121643  IPC=3.766  ratio_rm=0.0003  cooldown=0
[OMPT][WIN100ms] ompt_id=1407374883553281 tid=846969 tipo=ompt_thread_worker     cpu= 16 numa=0  d_rm=    3190  d_instr=1576687869  d_cyc= 418941058  d_all=10073227  IPC=3.764  ratio_rm=0.0003  cooldown=10
[OMPT][WIN100ms] ompt_id=1688849860263937 tid=846970 tipo=ompt_thread_worker     cpu= 32 numa=0  d_rm=    3109  d_instr=1582262898  d_cyc= 418788856  d_all=10107710  IPC=3.778  ratio_rm=0.0003  cooldown=10
[OMPT] implicit_task_end: parallel_id=0 thread_num=0
[OMPT] parallel_end: parallel_id=281474976710901
[OMPT] parallel_begin: parallel_id=281474976710903 team_size=8
[OMPT] implicit_task_end: parallel_id=0 thread_num=4
[OMPT] implicit_task_end: parallel_id=0 thread_num=7
[OMPT] implicit_task_end: parallel_id=0 thread_num=3
[OMPT] implicit_task_end: parallel_id=0 thread_num=2
[OMPT] implicit_task_end: parallel_id=0 thread_num=1
[OMPT] implicit_task_end: parallel_id=0 thread_num=6
[OMPT] implicit_task_end: parallel_id=0 thread_num=5
[OMPT][WIN100ms] ompt_id=2251799813685249 tid=846971 tipo=ompt_thread_worker     cpu= 79 numa=1  d_rm=    4541  d_instr=1573962782  d_cyc= 418732380  d_all=10117289  IPC=3.759  ratio_rm=0.0004  cooldown=0
[OMPT][WIN100ms] ompt_id=1970324836974593 tid=846972 tipo=ompt_thread_worker     cpu= 80 numa=1  d_rm=    8444  d_instr=1571171915  d_cyc= 417818160  d_all=10006132  IPC=3.760  ratio_rm=0.0008  cooldown=10
[OMPT] implicit_task_begin: parallel_id=281474976710903 thread_num=3 team_size=8
[OMPT] implicit_task_begin: parallel_id=281474976710903 thread_num=2 team_size=8
[OMPT] implicit_task_begin: parallel_id=281474976710903 thread_num=0 team_size=8
[OMPT] implicit_task_begin: parallel_id=281474976710903 thread_num=4 team_size=8
[OMPT] implicit_task_begin: parallel_id=281474976710903 thread_num=6 team_size=8
[OMPT] implicit_task_begin: parallel_id=281474976710903 thread_num=5 team_size=8
[OMPT] implicit_task_begin: parallel_id=281474976710903 thread_num=7 team_size=8
[OMPT] implicit_task_begin: parallel_id=281474976710903 thread_num=1 team_size=8
[OMPT] implicit_task_end: parallel_id=0 thread_num=0
[OMPT] parallel_end: parallel_id=281474976710903
[OMPT] parallel_begin: parallel_id=281474976710905 team_size=8
[OMPT] implicit_task_end: parallel_id=0 thread_num=4
[OMPT] implicit_task_end: parallel_id=0 thread_num=5
[OMPT] implicit_task_end: parallel_id=0 thread_num=1
[OMPT] implicit_task_end: parallel_id=0 thread_num=2
[OMPT] implicit_task_end: parallel_id=0 thread_num=3
[OMPT] implicit_task_end: parallel_id=0 thread_num=6
[OMPT] implicit_task_begin: parallel_id=281474976710905 thread_num=3 team_size=8
[OMPT] implicit_task_begin: parallel_id=281474976710905 thread_num=0 team_size=8
[OMPT] implicit_task_begin: parallel_id=281474976710905 thread_num=6 team_size=8
[OMPT] implicit_task_begin: parallel_id=281474976710905 thread_num=1 team_size=8
[OMPT] implicit_task_begin: parallel_id=281474976710905 thread_num=4 team_size=8
[OMPT] implicit_task_begin: parallel_id=281474976710905 thread_num=2 team_size=8
[OMPT] implicit_task_end: parallel_id=0 thread_num=7
[OMPT] implicit_task_begin: parallel_id=281474976710905 thread_num=5 team_size=8
[OMPT] implicit_task_begin: parallel_id=281474976710905 thread_num=7 team_size=8
[OMPT] implicit_task_end: parallel_id=0 thread_num=0
[OMPT] parallel_end: parallel_id=281474976710905
[OMPT] parallel_begin: parallel_id=281474976710907 team_size=8
[OMPT] implicit_task_end: parallel_id=0 thread_num=1
[OMPT] implicit_task_end: parallel_id=0 thread_num=3
[OMPT] implicit_task_end: parallel_id=0 thread_num=2
[OMPT] implicit_task_begin: parallel_id=281474976710907 thread_num=2 team_size=8
[OMPT] implicit_task_end: parallel_id=0 thread_num=4
[OMPT] implicit_task_end: parallel_id=0 thread_num=7
[OMPT] implicit_task_begin: parallel_id=281474976710907 thread_num=0 team_size=8
[OMPT] implicit_task_begin: parallel_id=281474976710907 thread_num=1 team_size=8
[OMPT] implicit_task_begin: parallel_id=281474976710907 thread_num=3 team_size=8
[OMPT] implicit_task_begin: parallel_id=281474976710907 thread_num=7 team_size=8
[OMPT] implicit_task_end: parallel_id=0 thread_num=6
[OMPT] implicit_task_begin: parallel_id=281474976710907 thread_num=4 team_size=8
[OMPT] implicit_task_begin: parallel_id=281474976710907 thread_num=6 team_size=8
[OMPT] implicit_task_end: parallel_id=0 thread_num=5
[OMPT] implicit_task_begin: parallel_id=281474976710907 thread_num=5 team_size=8
[OMPT] implicit_task_end: parallel_id=0 thread_num=0
[OMPT] parallel_end: parallel_id=281474976710907
[OMPT] parallel_begin: parallel_id=281474976710909 team_size=8
[OMPT] implicit_task_end: parallel_id=0 thread_num=3
[OMPT] implicit_task_end: parallel_id=0 thread_num=4
[OMPT] implicit_task_begin: parallel_id=281474976710909 thread_num=0 team_size=8
[OMPT] implicit_task_end: parallel_id=0 thread_num=7
[OMPT] implicit_task_end: parallel_id=0 thread_num=1
[OMPT] implicit_task_end: parallel_id=0 thread_num=5
[OMPT] implicit_task_end: parallel_id=0 thread_num=6
[OMPT] implicit_task_begin: parallel_id=281474976710909 thread_num=3 team_size=8
[OMPT] implicit_task_begin: parallel_id=281474976710909 thread_num=5 team_size=8
[OMPT] implicit_task_end: parallel_id=0 thread_num=2
[OMPT] implicit_task_begin: parallel_id=281474976710909 thread_num=6 team_size=8
[OMPT] implicit_task_begin: parallel_id=281474976710909 thread_num=2 team_size=8
[OMPT] implicit_task_begin: parallel_id=281474976710909 thread_num=7 team_size=8
[OMPT] implicit_task_begin: parallel_id=281474976710909 thread_num=4 team_size=8
[OMPT] implicit_task_begin: parallel_id=281474976710909 thread_num=1 team_size=8
[OMPT] implicit_task_end: parallel_id=0 thread_num=0
[OMPT] parallel_end: parallel_id=281474976710909
[OMPT] parallel_begin: parallel_id=281474976710911 team_size=8
[OMPT] implicit_task_end: parallel_id=0 thread_num=3
[OMPT] implicit_task_end: parallel_id=0 thread_num=4
[OMPT] implicit_task_end: parallel_id=0 thread_num=5
[OMPT] implicit_task_end: parallel_id=0 thread_num=2
[OMPT] implicit_task_begin: parallel_id=281474976710911 thread_num=5 team_size=8
[OMPT] implicit_task_begin: parallel_id=281474976710911 thread_num=2 team_size=8
[OMPT] implicit_task_begin: parallel_id=281474976710911 thread_num=0 team_size=8
[OMPT] implicit_task_begin: parallel_id=281474976710911 thread_num=3 team_size=8
[OMPT] implicit_task_end: parallel_id=0 thread_num=6
[OMPT] implicit_task_begin: parallel_id=281474976710911 thread_num=4 team_size=8
[OMPT] implicit_task_begin: parallel_id=281474976710911 thread_num=6 team_size=8
[OMPT] implicit_task_end: parallel_id=0 thread_num=1
[OMPT] implicit_task_end: parallel_id=0 thread_num=7
[OMPT] implicit_task_begin: parallel_id=281474976710911 thread_num=1 team_size=8
[OMPT] implicit_task_begin: parallel_id=281474976710911 thread_num=7 team_size=8
[OMPT][WIN100ms] ompt_id=281474976710657 tid=846964 tipo=ompt_thread_initial    cpu=255 numa=1  d_rm=   20211  d_instr=1537837703  d_cyc= 417859958  d_all= 9816129  IPC=3.680  ratio_rm=0.0021  cooldown=0
[OMPT][WIN100ms] ompt_id=562949953421313 tid=846966 tipo=ompt_thread_worker     cpu=192 numa=1  d_rm=    4934  d_instr=1540966871  d_cyc= 416342497  d_all= 9832605  IPC=3.701  ratio_rm=0.0005  cooldown=0
[OMPT][WIN100ms] ompt_id=844424930131969 tid=846967 tipo=ompt_thread_worker     cpu=  8 numa=0  d_rm=    2107  d_instr=1553436872  d_cyc= 417510856  d_all= 9880798  IPC=3.721  ratio_rm=0.0002  cooldown=10
[OMPT][WIN100ms] ompt_id=1125899906842625 tid=846968 tipo=ompt_thread_worker     cpu=  2 numa=0  d_rm=    2518  d_instr=1548080417  d_cyc= 417646554  d_all= 9841439  IPC=3.707  ratio_rm=0.0003  cooldown=0
[OMPT][WIN100ms] ompt_id=1407374883553281 tid=846969 tipo=ompt_thread_worker     cpu= 16 numa=0  d_rm=    2463  d_instr=1550631744  d_cyc= 418243727  d_all= 9871590  IPC=3.707  ratio_rm=0.0002  cooldown=10
[OMPT][WIN100ms] ompt_id=1688849860263937 tid=846970 tipo=ompt_thread_worker     cpu= 32 numa=0  d_rm=    2660  d_instr=1540602516  d_cyc= 419652409  d_all= 9805541  IPC=3.671  ratio_rm=0.0003  cooldown=10
[OMPT][WIN100ms] ompt_id=2251799813685249 tid=846971 tipo=ompt_thread_worker     cpu= 79 numa=1  d_rm=    4372  d_instr=1539840807  d_cyc= 420771456  d_all= 9899938  IPC=3.660  ratio_rm=0.0004  cooldown=0
[OMPT] implicit_task_end: parallel_id=0 thread_num=0
[OMPT] parallel_end: parallel_id=281474976710911
[OMPT] parallel_begin: parallel_id=281474976710913 team_size=8
[OMPT] implicit_task_end: parallel_id=0 thread_num=4
[OMPT] implicit_task_end: parallel_id=0 thread_num=7
[OMPT] implicit_task_end: parallel_id=0 thread_num=1
[OMPT] implicit_task_end: parallel_id=0 thread_num=2
[OMPT] implicit_task_end: parallel_id=0 thread_num=5
[OMPT] implicit_task_end: parallel_id=0 thread_num=6
[OMPT] implicit_task_end: parallel_id=0 thread_num=3
[OMPT][WIN100ms] ompt_id=1970324836974593 tid=846972 tipo=ompt_thread_worker     cpu= 80 numa=1  d_rm=    6986  d_instr=1568563422  d_cyc= 418903557  d_all= 9979326  IPC=3.744  ratio_rm=0.0007  cooldown=10
[OMPT] implicit_task_begin: parallel_id=281474976710913 thread_num=4 team_size=8
[OMPT] implicit_task_begin: parallel_id=281474976710913 thread_num=1 team_size=8
[OMPT] implicit_task_begin: parallel_id=281474976710913 thread_num=5 team_size=8
[OMPT] implicit_task_begin: parallel_id=281474976710913 thread_num=6 team_size=8
[OMPT] implicit_task_begin: parallel_id=281474976710913 thread_num=0 team_size=8
[OMPT] implicit_task_begin: parallel_id=281474976710913 thread_num=2 team_size=8
[OMPT] implicit_task_begin: parallel_id=281474976710913 thread_num=3 team_size=8
[OMPT] implicit_task_begin: parallel_id=281474976710913 thread_num=7 team_size=8
[OMPT] implicit_task_end: parallel_id=0 thread_num=0
[OMPT] parallel_end: parallel_id=281474976710913
[OMPT] parallel_begin: parallel_id=281474976710915 team_size=8
[OMPT] implicit_task_end: parallel_id=0 thread_num=3
[OMPT] implicit_task_end: parallel_id=0 thread_num=1
[OMPT] implicit_task_begin: parallel_id=281474976710915 thread_num=0 team_size=8
[OMPT] implicit_task_begin: parallel_id=281474976710915 thread_num=3 team_size=8
[OMPT] implicit_task_end: parallel_id=0 thread_num=4
[OMPT] implicit_task_end: parallel_id=0 thread_num=5
[OMPT] implicit_task_end: parallel_id=0 thread_num=2
[OMPT] implicit_task_begin: parallel_id=281474976710915 thread_num=2 team_size=8
[OMPT] implicit_task_end: parallel_id=0 thread_num=6
[OMPT] implicit_task_end: parallel_id=0 thread_num=7
[OMPT] implicit_task_begin: parallel_id=281474976710915 thread_num=6 team_size=8
[OMPT] implicit_task_begin: parallel_id=281474976710915 thread_num=4 team_size=8
[OMPT] implicit_task_begin: parallel_id=281474976710915 thread_num=7 team_size=8
[OMPT] implicit_task_begin: parallel_id=281474976710915 thread_num=5 team_size=8
[OMPT] implicit_task_begin: parallel_id=281474976710915 thread_num=1 team_size=8
[OMPT] implicit_task_end: parallel_id=0 thread_num=0
[OMPT] parallel_end: parallel_id=281474976710915
[OMPT] parallel_begin: parallel_id=281474976710917 team_size=8
[OMPT] implicit_task_end: parallel_id=0 thread_num=3
[OMPT] implicit_task_end: parallel_id=0 thread_num=2
[OMPT] implicit_task_begin: parallel_id=281474976710917 thread_num=3 team_size=8
[OMPT] implicit_task_begin: parallel_id=281474976710917 thread_num=2 team_size=8
[OMPT] implicit_task_end: parallel_id=0 thread_num=4
[OMPT] implicit_task_end: parallel_id=0 thread_num=5
[OMPT] implicit_task_end: parallel_id=0 thread_num=1
[OMPT] implicit_task_begin: parallel_id=281474976710917 thread_num=5 team_size=8
[OMPT] implicit_task_end: parallel_id=0 thread_num=6
[OMPT] implicit_task_begin: parallel_id=281474976710917 thread_num=1 team_size=8
[OMPT] implicit_task_end: parallel_id=0 thread_num=7
[OMPT] implicit_task_begin: parallel_id=281474976710917 thread_num=4 team_size=8
[OMPT] implicit_task_begin: parallel_id=281474976710917 thread_num=6 team_size=8
[OMPT] implicit_task_begin: parallel_id=281474976710917 thread_num=0 team_size=8
[OMPT] implicit_task_begin: parallel_id=281474976710917 thread_num=7 team_size=8
[OMPT] implicit_task_end: parallel_id=0 thread_num=0
[OMPT] parallel_end: parallel_id=281474976710917
[OMPT] parallel_begin: parallel_id=281474976710919 team_size=8
[OMPT] implicit_task_end: parallel_id=0 thread_num=4
[OMPT] implicit_task_end: parallel_id=0 thread_num=5
[OMPT] implicit_task_begin: parallel_id=281474976710919 thread_num=0 team_size=8
[OMPT] implicit_task_begin: parallel_id=281474976710919 thread_num=4 team_size=8
[OMPT] implicit_task_begin: parallel_id=281474976710919 thread_num=5 team_size=8
[OMPT] implicit_task_end: parallel_id=0 thread_num=3
[OMPT] implicit_task_begin: parallel_id=281474976710919 thread_num=3 team_size=8
[OMPT] implicit_task_end: parallel_id=0 thread_num=7
[OMPT] implicit_task_end: parallel_id=0 thread_num=6
[OMPT] implicit_task_begin: parallel_id=281474976710919 thread_num=7 team_size=8
[OMPT] implicit_task_end: parallel_id=0 thread_num=2
[OMPT] implicit_task_begin: parallel_id=281474976710919 thread_num=6 team_size=8
[OMPT] implicit_task_begin: parallel_id=281474976710919 thread_num=2 team_size=8
[OMPT] implicit_task_end: parallel_id=0 thread_num=1
[OMPT] implicit_task_begin: parallel_id=281474976710919 thread_num=1 team_size=8
[OMPT] implicit_task_end: parallel_id=0 thread_num=0
[OMPT] parallel_end: parallel_id=281474976710919
[OMPT] parallel_begin: parallel_id=281474976710921 team_size=8
[OMPT] implicit_task_end: parallel_id=0 thread_num=4
[OMPT] implicit_task_end: parallel_id=0 thread_num=5
[OMPT] implicit_task_end: parallel_id=0 thread_num=1
[OMPT] implicit_task_begin: parallel_id=281474976710921 thread_num=5 team_size=8
[OMPT] implicit_task_end: parallel_id=0 thread_num=2
[OMPT] implicit_task_begin: parallel_id=281474976710921 thread_num=2 team_size=8
[OMPT] implicit_task_end: parallel_id=0 thread_num=6
[OMPT] implicit_task_begin: parallel_id=281474976710921 thread_num=0 team_size=8
[OMPT] implicit_task_begin: parallel_id=281474976710921 thread_num=6 team_size=8
[OMPT] implicit_task_begin: parallel_id=281474976710921 thread_num=4 team_size=8
[OMPT] implicit_task_end: parallel_id=0 thread_num=3
[OMPT] implicit_task_begin: parallel_id=281474976710921 thread_num=3 team_size=8
[OMPT] implicit_task_begin: parallel_id=281474976710921 thread_num=1 team_size=8
[OMPT] implicit_task_end: parallel_id=0 thread_num=7
[OMPT] implicit_task_begin: parallel_id=281474976710921 thread_num=7 team_size=8
[OMPT][WIN100ms] ompt_id=281474976710657 tid=846964 tipo=ompt_thread_initial    cpu=255 numa=1  d_rm=   19105  d_instr=1565563053  d_cyc= 419172740  d_all= 9986127  IPC=3.735  ratio_rm=0.0019  cooldown=0
[OMPT][WIN100ms] ompt_id=562949953421313 tid=846966 tipo=ompt_thread_worker     cpu=192 numa=1  d_rm=    3670  d_instr=1568557512  d_cyc= 417784021  d_all=10032679  IPC=3.754  ratio_rm=0.0004  cooldown=0
[OMPT][WIN100ms] ompt_id=844424930131969 tid=846967 tipo=ompt_thread_worker     cpu=  8 numa=0  d_rm=    2470  d_instr=1567407089  d_cyc= 416711925  d_all= 9948968  IPC=3.761  ratio_rm=0.0002  cooldown=10
[OMPT][WIN100ms] ompt_id=1125899906842625 tid=846968 tipo=ompt_thread_worker     cpu=  2 numa=0  d_rm=    2466  d_instr=1567734042  d_cyc= 416493018  d_all= 9962372  IPC=3.764  ratio_rm=0.0002  cooldown=0
[OMPT][WIN100ms] ompt_id=1407374883553281 tid=846969 tipo=ompt_thread_worker     cpu= 16 numa=0  d_rm=    2387  d_instr=1566028761  d_cyc= 417645448  d_all= 9976254  IPC=3.750  ratio_rm=0.0002  cooldown=10
[OMPT][WIN100ms] ompt_id=1688849860263937 tid=846970 tipo=ompt_thread_worker     cpu= 32 numa=0  d_rm=    2453  d_instr=1572435125  d_cyc= 417065259  d_all=10014677  IPC=3.770  ratio_rm=0.0002  cooldown=10
[OMPT][WIN100ms] ompt_id=2251799813685249 tid=846971 tipo=ompt_thread_worker     cpu= 79 numa=1  d_rm=    3225  d_instr=1560470667  d_cyc= 417989648  d_all=10025210  IPC=3.733  ratio_rm=0.0003  cooldown=0
[OMPT] implicit_task_end: parallel_id=0 thread_num=0
[OMPT] parallel_end: parallel_id=281474976710921
[OMPT] parallel_begin: parallel_id=281474976710923 team_size=8
[OMPT] implicit_task_end: parallel_id=0 thread_num=3
[OMPT] implicit_task_end: parallel_id=0 thread_num=2
[OMPT] implicit_task_end: parallel_id=0 thread_num=4
[OMPT] implicit_task_end: parallel_id=0 thread_num=5
[OMPT] implicit_task_end: parallel_id=0 thread_num=1
[OMPT] implicit_task_end: parallel_id=0 thread_num=6
[OMPT] implicit_task_end: parallel_id=0 thread_num=7
[OMPT][WIN100ms] ompt_id=1970324836974593 tid=846972 tipo=ompt_thread_worker     cpu= 80 numa=1  d_rm=    6889  d_instr=1569626263  d_cyc= 416976366  d_all= 9985184  IPC=3.764  ratio_rm=0.0007  cooldown=10
[OMPT] implicit_task_begin: parallel_id=281474976710923 thread_num=6 team_size=8
[OMPT] implicit_task_begin: parallel_id=281474976710923 thread_num=2 team_size=8
[OMPT] implicit_task_begin: parallel_id=281474976710923 thread_num=3 team_size=8
[OMPT] implicit_task_begin: parallel_id=281474976710923 thread_num=1 team_size=8
[OMPT] implicit_task_begin: parallel_id=281474976710923 thread_num=0 team_size=8
[OMPT] implicit_task_begin: parallel_id=281474976710923 thread_num=7 team_size=8
[OMPT] implicit_task_begin: parallel_id=281474976710923 thread_num=5 team_size=8
[OMPT] implicit_task_begin: parallel_id=281474976710923 thread_num=4 team_size=8
[OMPT] implicit_task_end: parallel_id=0 thread_num=0
[OMPT] parallel_end: parallel_id=281474976710923
[OMPT] parallel_begin: parallel_id=281474976710925 team_size=8
[OMPT] implicit_task_end: parallel_id=0 thread_num=3
[OMPT] implicit_task_end: parallel_id=0 thread_num=1
[OMPT] implicit_task_begin: parallel_id=281474976710925 thread_num=0 team_size=8
[OMPT] implicit_task_end: parallel_id=0 thread_num=4
[OMPT] implicit_task_begin: parallel_id=281474976710925 thread_num=1 team_size=8
[OMPT] implicit_task_end: parallel_id=0 thread_num=7
[OMPT] implicit_task_begin: parallel_id=281474976710925 thread_num=4 team_size=8
[OMPT] implicit_task_begin: parallel_id=281474976710925 thread_num=3 team_size=8
[OMPT] implicit_task_end: parallel_id=0 thread_num=2
[OMPT] implicit_task_begin: parallel_id=281474976710925 thread_num=7 team_size=8
[OMPT] implicit_task_begin: parallel_id=281474976710925 thread_num=2 team_size=8
[OMPT] implicit_task_end: parallel_id=0 thread_num=5
[OMPT] implicit_task_end: parallel_id=0 thread_num=6
[OMPT] implicit_task_begin: parallel_id=281474976710925 thread_num=5 team_size=8
[OMPT] implicit_task_begin: parallel_id=281474976710925 thread_num=6 team_size=8
[OMPT] implicit_task_end: parallel_id=0 thread_num=0
[OMPT] parallel_end: parallel_id=281474976710925
[OMPT] parallel_begin: parallel_id=281474976710927 team_size=8
[OMPT] implicit_task_end: parallel_id=0 thread_num=3
[OMPT] implicit_task_end: parallel_id=0 thread_num=1
[OMPT] implicit_task_begin: parallel_id=281474976710927 thread_num=0 team_size=8
[OMPT] implicit_task_begin: parallel_id=281474976710927 thread_num=3 team_size=8
[OMPT] implicit_task_end: parallel_id=0 thread_num=4
[OMPT] implicit_task_end: parallel_id=0 thread_num=5
[OMPT] implicit_task_end: parallel_id=0 thread_num=2
[OMPT] implicit_task_begin: parallel_id=281474976710927 thread_num=5 team_size=8
[OMPT] implicit_task_begin: parallel_id=281474976710927 thread_num=2 team_size=8
[OMPT] implicit_task_end: parallel_id=0 thread_num=6
[OMPT] implicit_task_end: parallel_id=0 thread_num=7
[OMPT] implicit_task_begin: parallel_id=281474976710927 thread_num=6 team_size=8
[OMPT] implicit_task_begin: parallel_id=281474976710927 thread_num=4 team_size=8
[OMPT] implicit_task_begin: parallel_id=281474976710927 thread_num=7 team_size=8
[OMPT] implicit_task_begin: parallel_id=281474976710927 thread_num=1 team_size=8
[OMPT] implicit_task_end: parallel_id=0 thread_num=0
[OMPT] parallel_end: parallel_id=281474976710927
[OMPT] parallel_begin: parallel_id=281474976710929 team_size=8
[OMPT] implicit_task_end: parallel_id=0 thread_num=4
[OMPT] implicit_task_end: parallel_id=0 thread_num=6
[OMPT] implicit_task_end: parallel_id=0 thread_num=2
[OMPT] implicit_task_end: parallel_id=0 thread_num=1
[OMPT] implicit_task_end: parallel_id=0 thread_num=3
[OMPT] implicit_task_end: parallel_id=0 thread_num=5
[OMPT] implicit_task_begin: parallel_id=281474976710929 thread_num=1 team_size=8
[OMPT] implicit_task_end: parallel_id=0 thread_num=7
[OMPT] implicit_task_begin: parallel_id=281474976710929 thread_num=6 team_size=8
[OMPT] implicit_task_begin: parallel_id=281474976710929 thread_num=5 team_size=8
[OMPT] implicit_task_begin: parallel_id=281474976710929 thread_num=3 team_size=8
[OMPT] implicit_task_begin: parallel_id=281474976710929 thread_num=0 team_size=8
[OMPT] implicit_task_begin: parallel_id=281474976710929 thread_num=7 team_size=8
[OMPT] implicit_task_begin: parallel_id=281474976710929 thread_num=2 team_size=8
[OMPT] implicit_task_begin: parallel_id=281474976710929 thread_num=4 team_size=8
[OMPT] implicit_task_end: parallel_id=0 thread_num=0
[OMPT] parallel_end: parallel_id=281474976710929
[OMPT] parallel_begin: parallel_id=281474976710931 team_size=8
[OMPT] implicit_task_end: parallel_id=0 thread_num=4
[OMPT] implicit_task_end: parallel_id=0 thread_num=5
[OMPT] implicit_task_end: parallel_id=0 thread_num=1
[OMPT] implicit_task_begin: parallel_id=281474976710931 thread_num=0 team_size=8
[OMPT] implicit_task_end: parallel_id=0 thread_num=2
[OMPT] implicit_task_end: parallel_id=0 thread_num=3
[OMPT] implicit_task_end: parallel_id=0 thread_num=7
[OMPT] implicit_task_begin: parallel_id=281474976710931 thread_num=1 team_size=8
[OMPT] implicit_task_begin: parallel_id=281474976710931 thread_num=2 team_size=8
[OMPT] implicit_task_begin: parallel_id=281474976710931 thread_num=4 team_size=8
[OMPT] implicit_task_end: parallel_id=0 thread_num=6
[OMPT] implicit_task_begin: parallel_id=281474976710931 thread_num=7 team_size=8
[OMPT] implicit_task_begin: parallel_id=281474976710931 thread_num=3 team_size=8
[OMPT] implicit_task_begin: parallel_id=281474976710931 thread_num=5 team_size=8
[OMPT] implicit_task_begin: parallel_id=281474976710931 thread_num=6 team_size=8
[OMPT][WIN100ms] ompt_id=281474976710657 tid=846964 tipo=ompt_thread_initial    cpu=255 numa=1  d_rm=   18915  d_instr=1578468703  d_cyc= 418473854  d_all=10076341  IPC=3.772  ratio_rm=0.0019  cooldown=0
[OMPT][WIN100ms] ompt_id=562949953421313 tid=846966 tipo=ompt_thread_worker     cpu=192 numa=1  d_rm=    3245  d_instr=1582284917  d_cyc= 416847458  d_all=10115435  IPC=3.796  ratio_rm=0.0003  cooldown=0
[OMPT][WIN100ms] ompt_id=844424930131969 tid=846967 tipo=ompt_thread_worker     cpu=  8 numa=0  d_rm=    2370  d_instr=1582015676  d_cyc= 417000444  d_all=10055044  IPC=3.794  ratio_rm=0.0002  cooldown=10
[OMPT][WIN100ms] ompt_id=1125899906842625 tid=846968 tipo=ompt_thread_worker     cpu=  2 numa=0  d_rm=    2622  d_instr=1575562191  d_cyc= 417603118  d_all=10027279  IPC=3.773  ratio_rm=0.0003  cooldown=0
[OMPT][WIN100ms] ompt_id=1407374883553281 tid=846969 tipo=ompt_thread_worker     cpu= 16 numa=0  d_rm=    2462  d_instr=1577309750  d_cyc= 417119982  d_all=10041668  IPC=3.781  ratio_rm=0.0002  cooldown=10
[OMPT][WIN100ms] ompt_id=1688849860263937 tid=846970 tipo=ompt_thread_worker     cpu= 32 numa=0  d_rm=    2435  d_instr=1569819435  d_cyc= 417859472  d_all= 9977610  IPC=3.757  ratio_rm=0.0002  cooldown=10
[OMPT][WIN100ms] ompt_id=2251799813685249 tid=846971 tipo=ompt_thread_worker     cpu= 79 numa=1  d_rm=    3061  d_instr=1580523851  d_cyc= 420109629  d_all=10176980  IPC=3.762  ratio_rm=0.0003  cooldown=0
[OMPT] implicit_task_end: parallel_id=0 thread_num=0
[OMPT] parallel_end: parallel_id=281474976710931
[OMPT] parallel_begin: parallel_id=281474976710933 team_size=8
[OMPT] implicit_task_end: parallel_id=0 thread_num=4
[OMPT] implicit_task_end: parallel_id=0 thread_num=5
[OMPT] implicit_task_end: parallel_id=0 thread_num=3
[OMPT] implicit_task_end: parallel_id=0 thread_num=1
[OMPT] implicit_task_end: parallel_id=0 thread_num=2
[OMPT] implicit_task_end: parallel_id=0 thread_num=6
[OMPT] implicit_task_end: parallel_id=0 thread_num=7
[OMPT][WIN100ms] ompt_id=1970324836974593 tid=846972 tipo=ompt_thread_worker     cpu= 80 numa=1  d_rm=    7391  d_instr=1583725908  d_cyc= 418712813  d_all=10049526  IPC=3.782  ratio_rm=0.0007  cooldown=10
[OMPT] implicit_task_begin: parallel_id=281474976710933 thread_num=1 team_size=8
[OMPT] implicit_task_begin: parallel_id=281474976710933 thread_num=5 team_size=8
[OMPT] implicit_task_begin: parallel_id=281474976710933 thread_num=0 team_size=8
[OMPT] implicit_task_begin: parallel_id=281474976710933 thread_num=6 team_size=8
[OMPT] implicit_task_begin: parallel_id=281474976710933 thread_num=7 team_size=8
[OMPT] implicit_task_begin: parallel_id=281474976710933 thread_num=4 team_size=8
[OMPT] implicit_task_begin: parallel_id=281474976710933 thread_num=3 team_size=8
[OMPT] implicit_task_begin: parallel_id=281474976710933 thread_num=2 team_size=8
[OMPT] implicit_task_end: parallel_id=0 thread_num=0
[OMPT] parallel_end: parallel_id=281474976710933
[OMPT] parallel_begin: parallel_id=281474976710935 team_size=8
[OMPT] implicit_task_end: parallel_id=0 thread_num=4
[OMPT] implicit_task_end: parallel_id=0 thread_num=5
[OMPT] implicit_task_end: parallel_id=0 thread_num=1
[OMPT] implicit_task_begin: parallel_id=281474976710935 thread_num=0 team_size=8
[OMPT] implicit_task_end: parallel_id=0 thread_num=3
[OMPT] implicit_task_end: parallel_id=0 thread_num=2
[OMPT] implicit_task_end: parallel_id=0 thread_num=6
[OMPT] implicit_task_begin: parallel_id=281474976710935 thread_num=2 team_size=8
[OMPT] implicit_task_begin: parallel_id=281474976710935 thread_num=4 team_size=8
[OMPT] implicit_task_begin: parallel_id=281474976710935 thread_num=1 team_size=8
[OMPT] implicit_task_begin: parallel_id=281474976710935 thread_num=5 team_size=8
[OMPT] implicit_task_begin: parallel_id=281474976710935 thread_num=3 team_size=8
[OMPT] implicit_task_end: parallel_id=0 thread_num=7
[OMPT] implicit_task_begin: parallel_id=281474976710935 thread_num=6 team_size=8
[OMPT] implicit_task_begin: parallel_id=281474976710935 thread_num=7 team_size=8
[OMPT] implicit_task_end: parallel_id=0 thread_num=0
[OMPT] parallel_end: parallel_id=281474976710935
[OMPT] parallel_begin: parallel_id=281474976710937 team_size=8
[OMPT] implicit_task_end: parallel_id=0 thread_num=4
[OMPT] implicit_task_end: parallel_id=0 thread_num=5
[OMPT] implicit_task_begin: parallel_id=281474976710937 thread_num=0 team_size=8
[OMPT] implicit_task_begin: parallel_id=281474976710937 thread_num=4 team_size=8
[OMPT] implicit_task_begin: parallel_id=281474976710937 thread_num=5 team_size=8
[OMPT] implicit_task_end: parallel_id=0 thread_num=2
[OMPT] implicit_task_begin: parallel_id=281474976710937 thread_num=2 team_size=8
[OMPT] implicit_task_end: parallel_id=0 thread_num=7
[OMPT] implicit_task_end: parallel_id=0 thread_num=6
[OMPT] implicit_task_begin: parallel_id=281474976710937 thread_num=7 team_size=8
[OMPT] implicit_task_end: parallel_id=0 thread_num=3
[OMPT] implicit_task_begin: parallel_id=281474976710937 thread_num=6 team_size=8
[OMPT] implicit_task_begin: parallel_id=281474976710937 thread_num=3 team_size=8
[OMPT] implicit_task_end: parallel_id=0 thread_num=1
[OMPT] implicit_task_begin: parallel_id=281474976710937 thread_num=1 team_size=8
[OMPT] implicit_task_end: parallel_id=0 thread_num=0
[OMPT] parallel_end: parallel_id=281474976710937
[OMPT] parallel_begin: parallel_id=281474976710939 team_size=8
[OMPT] implicit_task_end: parallel_id=0 thread_num=4
[OMPT] implicit_task_end: parallel_id=0 thread_num=6
[OMPT] implicit_task_end: parallel_id=0 thread_num=2
[OMPT] implicit_task_end: parallel_id=0 thread_num=1
[OMPT] implicit_task_end: parallel_id=0 thread_num=3
[OMPT] implicit_task_end: parallel_id=0 thread_num=7
[OMPT] implicit_task_begin: parallel_id=281474976710939 thread_num=6 team_size=8
[OMPT] implicit_task_begin: parallel_id=281474976710939 thread_num=2 team_size=8
[OMPT] implicit_task_begin: parallel_id=281474976710939 thread_num=0 team_size=8
[OMPT] implicit_task_end: parallel_id=0 thread_num=5
[OMPT] implicit_task_begin: parallel_id=281474976710939 thread_num=4 team_size=8
[OMPT] implicit_task_begin: parallel_id=281474976710939 thread_num=3 team_size=8
[OMPT] implicit_task_begin: parallel_id=281474976710939 thread_num=5 team_size=8
[OMPT] implicit_task_begin: parallel_id=281474976710939 thread_num=1 team_size=8
[OMPT] implicit_task_begin: parallel_id=281474976710939 thread_num=7 team_size=8
[OMPT] implicit_task_end: parallel_id=0 thread_num=0
[OMPT] parallel_end: parallel_id=281474976710939
[OMPT] parallel_begin: parallel_id=281474976710941 team_size=8
[OMPT] implicit_task_end: parallel_id=0 thread_num=3
[OMPT] implicit_task_end: parallel_id=0 thread_num=1
[OMPT] implicit_task_end: parallel_id=0 thread_num=4
[OMPT] implicit_task_end: parallel_id=0 thread_num=5
[OMPT] implicit_task_end: parallel_id=0 thread_num=2
[OMPT] implicit_task_begin: parallel_id=281474976710941 thread_num=5 team_size=8
[OMPT] implicit_task_begin: parallel_id=281474976710941 thread_num=2 team_size=8
[OMPT] implicit_task_begin: parallel_id=281474976710941 thread_num=3 team_size=8
[OMPT] implicit_task_end: parallel_id=0 thread_num=7
[OMPT] implicit_task_end: parallel_id=0 thread_num=6
[OMPT] implicit_task_begin: parallel_id=281474976710941 thread_num=7 team_size=8
[OMPT] implicit_task_begin: parallel_id=281474976710941 thread_num=4 team_size=8
[OMPT] implicit_task_begin: parallel_id=281474976710941 thread_num=6 team_size=8
[OMPT] implicit_task_begin: parallel_id=281474976710941 thread_num=1 team_size=8
[OMPT] implicit_task_begin: parallel_id=281474976710941 thread_num=0 team_size=8
[OMPT][WIN100ms] ompt_id=281474976710657 tid=846964 tipo=ompt_thread_initial    cpu=255 numa=1  d_rm=   19192  d_instr=1567411798  d_cyc= 421311588  d_all=10025525  IPC=3.720  ratio_rm=0.0019  cooldown=0
[OMPT][WIN100ms] ompt_id=562949953421313 tid=846966 tipo=ompt_thread_worker     cpu=192 numa=1  d_rm=    3793  d_instr=1587090432  d_cyc= 420081818  d_all=10150263  IPC=3.778  ratio_rm=0.0004  cooldown=0
[OMPT][WIN100ms] ompt_id=844424930131969 tid=846967 tipo=ompt_thread_worker     cpu=  8 numa=0  d_rm=    2659  d_instr=1577645020  d_cyc= 419858928  d_all=10038059  IPC=3.758  ratio_rm=0.0003  cooldown=10
[OMPT][WIN100ms] ompt_id=1125899906842625 tid=846968 tipo=ompt_thread_worker     cpu=  2 numa=0  d_rm=    2300  d_instr=1587192985  d_cyc= 420145611  d_all=10115516  IPC=3.778  ratio_rm=0.0002  cooldown=0
[OMPT][WIN100ms] ompt_id=1407374883553281 tid=846969 tipo=ompt_thread_worker     cpu= 16 numa=0  d_rm=    2432  d_instr=1576817879  d_cyc= 418828928  d_all=10047303  IPC=3.765  ratio_rm=0.0002  cooldown=10
[OMPT][WIN100ms] ompt_id=1688849860263937 tid=846970 tipo=ompt_thread_worker     cpu= 32 numa=0  d_rm=    2574  d_instr=1574874511  d_cyc= 419765803  d_all=10081112  IPC=3.752  ratio_rm=0.0003  cooldown=10
[OMPT] implicit_task_end: parallel_id=0 thread_num=0
[OMPT] parallel_end: parallel_id=281474976710941
[OMPT] parallel_begin: parallel_id=281474976710943 team_size=8
[OMPT] implicit_task_end: parallel_id=0 thread_num=4
[OMPT] implicit_task_end: parallel_id=0 thread_num=7
[OMPT] implicit_task_end: parallel_id=0 thread_num=3
[OMPT] implicit_task_end: parallel_id=0 thread_num=1
[OMPT] implicit_task_end: parallel_id=0 thread_num=2
[OMPT] implicit_task_end: parallel_id=0 thread_num=5
[OMPT][WIN100ms] ompt_id=2251799813685249 tid=846971 tipo=ompt_thread_worker     cpu= 79 numa=1  d_rm=    3826  d_instr=1575177418  d_cyc= 417624977  d_all=10059315  IPC=3.772  ratio_rm=0.0004  cooldown=0
[OMPT] implicit_task_end: parallel_id=0 thread_num=6
[OMPT][WIN100ms] ompt_id=1970324836974593 tid=846972 tipo=ompt_thread_worker     cpu= 80 numa=1  d_rm=    7567  d_instr=1573843113  d_cyc= 417509346  d_all=10005221  IPC=3.770  ratio_rm=0.0008  cooldown=10
[OMPT] implicit_task_begin: parallel_id=281474976710943 thread_num=7 team_size=8
[OMPT] implicit_task_begin: parallel_id=281474976710943 thread_num=2 team_size=8
[OMPT] implicit_task_begin: parallel_id=281474976710943 thread_num=1 team_size=8
[OMPT] implicit_task_begin: parallel_id=281474976710943 thread_num=0 team_size=8
[OMPT] implicit_task_begin: parallel_id=281474976710943 thread_num=6 team_size=8
[OMPT] implicit_task_begin: parallel_id=281474976710943 thread_num=5 team_size=8
[OMPT] implicit_task_begin: parallel_id=281474976710943 thread_num=4 team_size=8
[OMPT] implicit_task_begin: parallel_id=281474976710943 thread_num=3 team_size=8
[OMPT] implicit_task_end: parallel_id=0 thread_num=0
[OMPT] parallel_end: parallel_id=281474976710943
[OMPT] parallel_begin: parallel_id=281474976710945 team_size=8
[OMPT] implicit_task_end: parallel_id=0 thread_num=4
[OMPT] implicit_task_end: parallel_id=0 thread_num=7
[OMPT] implicit_task_end: parallel_id=0 thread_num=1
[OMPT] implicit_task_begin: parallel_id=281474976710945 thread_num=0 team_size=8
[OMPT] implicit_task_end: parallel_id=0 thread_num=3
[OMPT] implicit_task_end: parallel_id=0 thread_num=2
[OMPT] implicit_task_begin: parallel_id=281474976710945 thread_num=4 team_size=8
[OMPT] implicit_task_end: parallel_id=0 thread_num=5
[OMPT] implicit_task_begin: parallel_id=281474976710945 thread_num=2 team_size=8
[OMPT] implicit_task_end: parallel_id=0 thread_num=6
[OMPT] implicit_task_begin: parallel_id=281474976710945 thread_num=1 team_size=8
[OMPT] implicit_task_begin: parallel_id=281474976710945 thread_num=3 team_size=8
[OMPT] implicit_task_begin: parallel_id=281474976710945 thread_num=7 team_size=8
[OMPT] implicit_task_begin: parallel_id=281474976710945 thread_num=5 team_size=8
[OMPT] implicit_task_begin: parallel_id=281474976710945 thread_num=6 team_size=8
[OMPT] implicit_task_end: parallel_id=0 thread_num=0
[OMPT] parallel_end: parallel_id=281474976710945
[OMPT] parallel_begin: parallel_id=281474976710947 team_size=8
[OMPT] implicit_task_end: parallel_id=0 thread_num=4
[OMPT] implicit_task_end: parallel_id=0 thread_num=5
[OMPT] implicit_task_end: parallel_id=0 thread_num=3
[OMPT] implicit_task_begin: parallel_id=281474976710947 thread_num=0 team_size=8
[OMPT] implicit_task_begin: parallel_id=281474976710947 thread_num=4 team_size=8
[OMPT] implicit_task_end: parallel_id=0 thread_num=7
[OMPT] implicit_task_end: parallel_id=0 thread_num=6
[OMPT] implicit_task_end: parallel_id=0 thread_num=1
[OMPT] implicit_task_end: parallel_id=0 thread_num=2
[OMPT] implicit_task_begin: parallel_id=281474976710947 thread_num=5 team_size=8
[OMPT] implicit_task_begin: parallel_id=281474976710947 thread_num=3 team_size=8
[OMPT] implicit_task_begin: parallel_id=281474976710947 thread_num=7 team_size=8
[OMPT] implicit_task_begin: parallel_id=281474976710947 thread_num=1 team_size=8
[OMPT] implicit_task_begin: parallel_id=281474976710947 thread_num=6 team_size=8
[OMPT] implicit_task_begin: parallel_id=281474976710947 thread_num=2 team_size=8
[OMPT] implicit_task_end: parallel_id=0 thread_num=0
[OMPT] parallel_end: parallel_id=281474976710947
[OMPT] parallel_begin: parallel_id=281474976710949 team_size=8
[OMPT] implicit_task_end: parallel_id=0 thread_num=4
[OMPT] implicit_task_end: parallel_id=0 thread_num=5
[OMPT] implicit_task_end: parallel_id=0 thread_num=3
[OMPT] implicit_task_end: parallel_id=0 thread_num=1
[OMPT] implicit_task_end: parallel_id=0 thread_num=2
[OMPT] implicit_task_end: parallel_id=0 thread_num=6
[OMPT] implicit_task_begin: parallel_id=281474976710949 thread_num=1 team_size=8
[OMPT] implicit_task_begin: parallel_id=281474976710949 thread_num=2 team_size=8
[OMPT] implicit_task_begin: parallel_id=281474976710949 thread_num=0 team_size=8
[OMPT] implicit_task_begin: parallel_id=281474976710949 thread_num=5 team_size=8
[OMPT] implicit_task_begin: parallel_id=281474976710949 thread_num=4 team_size=8
[OMPT] implicit_task_end: parallel_id=0 thread_num=7
[OMPT] implicit_task_begin: parallel_id=281474976710949 thread_num=3 team_size=8
[OMPT] implicit_task_begin: parallel_id=281474976710949 thread_num=6 team_size=8
[OMPT] implicit_task_begin: parallel_id=281474976710949 thread_num=7 team_size=8
[OMPT] implicit_task_end: parallel_id=0 thread_num=0
[OMPT] parallel_end: parallel_id=281474976710949
[OMPT] parallel_begin: parallel_id=281474976710951 team_size=8
[OMPT] implicit_task_end: parallel_id=0 thread_num=4
[OMPT] implicit_task_end: parallel_id=0 thread_num=5
[OMPT] implicit_task_end: parallel_id=0 thread_num=1
[OMPT] implicit_task_begin: parallel_id=281474976710951 thread_num=5 team_size=8
[OMPT] implicit_task_end: parallel_id=0 thread_num=3
[OMPT] implicit_task_begin: parallel_id=281474976710951 thread_num=3 team_size=8
[OMPT] implicit_task_end: parallel_id=0 thread_num=7
[OMPT] implicit_task_begin: parallel_id=281474976710951 thread_num=0 team_size=8
[OMPT] implicit_task_begin: parallel_id=281474976710951 thread_num=7 team_size=8
[OMPT] implicit_task_begin: parallel_id=281474976710951 thread_num=4 team_size=8
[OMPT] implicit_task_end: parallel_id=0 thread_num=2
[OMPT] implicit_task_begin: parallel_id=281474976710951 thread_num=2 team_size=8
[OMPT] implicit_task_begin: parallel_id=281474976710951 thread_num=1 team_size=8
[OMPT] implicit_task_end: parallel_id=0 thread_num=6
[OMPT] implicit_task_begin: parallel_id=281474976710951 thread_num=6 team_size=8
[OMPT][WIN100ms] ompt_id=281474976710657 tid=846964 tipo=ompt_thread_initial    cpu=255 numa=1  d_rm=   19894  d_instr=1564027179  d_cyc= 418980019  d_all=10012098  IPC=3.733  ratio_rm=0.0020  cooldown=0
[OMPT][WIN100ms] ompt_id=562949953421313 tid=846966 tipo=ompt_thread_worker     cpu=192 numa=1  d_rm=    4165  d_instr=1560882201  d_cyc= 417139621  d_all= 9994200  IPC=3.742  ratio_rm=0.0004  cooldown=0
[OMPT][WIN100ms] ompt_id=844424930131969 tid=846967 tipo=ompt_thread_worker     cpu=  8 numa=0  d_rm=    2730  d_instr=1562802753  d_cyc= 416454730  d_all= 9964065  IPC=3.753  ratio_rm=0.0003  cooldown=10
[OMPT][WIN100ms] ompt_id=1125899906842625 tid=846968 tipo=ompt_thread_worker     cpu=  2 numa=0  d_rm=    2519  d_instr=1562946958  d_cyc= 415580357  d_all= 9944139  IPC=3.761  ratio_rm=0.0003  cooldown=0
[OMPT][WIN100ms] ompt_id=1407374883553281 tid=846969 tipo=ompt_thread_worker     cpu= 16 numa=0  d_rm=    2644  d_instr=1562066626  d_cyc= 417394731  d_all= 9949511  IPC=3.742  ratio_rm=0.0003  cooldown=10
[OMPT][WIN100ms] ompt_id=1688849860263937 tid=846970 tipo=ompt_thread_worker     cpu= 32 numa=0  d_rm=    2594  d_instr=1567332722  d_cyc= 417493515  d_all=10012435  IPC=3.754  ratio_rm=0.0003  cooldown=10
[OMPT][WIN100ms] ompt_id=2251799813685249 tid=846971 tipo=ompt_thread_worker     cpu= 79 numa=1  d_rm=    3914  d_instr=1536726179  d_cyc= 416638247  d_all= 9860052  IPC=3.688  ratio_rm=0.0004  cooldown=0
[OMPT] implicit_task_end: parallel_id=0 thread_num=0
[OMPT] parallel_end: parallel_id=281474976710951
[OMPT] parallel_begin: parallel_id=281474976710953 team_size=8
[OMPT] implicit_task_end: parallel_id=0 thread_num=4
[OMPT][WIN100ms] ompt_id=1970324836974593 tid=846972 tipo=ompt_thread_worker     cpu= 80 numa=1  d_rm=    7576  d_instr=1571840563  d_cyc= 416474654  d_all=10004825  IPC=3.774  ratio_rm=0.0008  cooldown=10
[OMPT] implicit_task_end: parallel_id=0 thread_num=5
[OMPT] implicit_task_end: parallel_id=0 thread_num=1
[OMPT] implicit_task_end: parallel_id=0 thread_num=3
[OMPT] implicit_task_begin: parallel_id=281474976710953 thread_num=0 team_size=8
[OMPT] implicit_task_end: parallel_id=0 thread_num=6
[OMPT] implicit_task_begin: parallel_id=281474976710953 thread_num=4 team_size=8
[OMPT] implicit_task_end: parallel_id=0 thread_num=2
[OMPT] implicit_task_end: parallel_id=0 thread_num=7
[OMPT] implicit_task_begin: parallel_id=281474976710953 thread_num=2 team_size=8
[OMPT] implicit_task_begin: parallel_id=281474976710953 thread_num=1 team_size=8
[OMPT] implicit_task_begin: parallel_id=281474976710953 thread_num=7 team_size=8
[OMPT] implicit_task_begin: parallel_id=281474976710953 thread_num=3 team_size=8
[OMPT] implicit_task_begin: parallel_id=281474976710953 thread_num=6 team_size=8
[OMPT] implicit_task_begin: parallel_id=281474976710953 thread_num=5 team_size=8
[OMPT] implicit_task_end: parallel_id=0 thread_num=0
[OMPT] parallel_end: parallel_id=281474976710953
[OMPT] parallel_begin: parallel_id=281474976710955 team_size=8
[OMPT] implicit_task_end: parallel_id=0 thread_num=2
[OMPT] implicit_task_begin: parallel_id=281474976710955 thread_num=0 team_size=8
[OMPT] implicit_task_begin: parallel_id=281474976710955 thread_num=2 team_size=8
[OMPT] implicit_task_end: parallel_id=0 thread_num=3
[OMPT] implicit_task_begin: parallel_id=281474976710955 thread_num=3 team_size=8
[OMPT] implicit_task_end: parallel_id=0 thread_num=1
[OMPT] implicit_task_end: parallel_id=0 thread_num=4
[OMPT] implicit_task_end: parallel_id=0 thread_num=5
[OMPT] implicit_task_begin: parallel_id=281474976710955 thread_num=5 team_size=8
[OMPT] implicit_task_end: parallel_id=0 thread_num=6
[OMPT] implicit_task_begin: parallel_id=281474976710955 thread_num=1 team_size=8
[OMPT] implicit_task_begin: parallel_id=281474976710955 thread_num=6 team_size=8
[OMPT] implicit_task_end: parallel_id=0 thread_num=7
[OMPT] implicit_task_begin: parallel_id=281474976710955 thread_num=4 team_size=8
[OMPT] implicit_task_begin: parallel_id=281474976710955 thread_num=7 team_size=8
[OMPT] implicit_task_end: parallel_id=0 thread_num=0
[OMPT] parallel_end: parallel_id=281474976710955
[OMPT] parallel_begin: parallel_id=281474976710957 team_size=8
[OMPT] implicit_task_end: parallel_id=0 thread_num=4
[OMPT] implicit_task_end: parallel_id=0 thread_num=5
[OMPT] implicit_task_end: parallel_id=0 thread_num=3
[OMPT] implicit_task_end: parallel_id=0 thread_num=1
[OMPT] implicit_task_end: parallel_id=0 thread_num=2
[OMPT] implicit_task_begin: parallel_id=281474976710957 thread_num=1 team_size=8
[OMPT] implicit_task_begin: parallel_id=281474976710957 thread_num=2 team_size=8
[OMPT] implicit_task_end: parallel_id=0 thread_num=6
[OMPT] implicit_task_begin: parallel_id=281474976710957 thread_num=0 team_size=8
[OMPT] implicit_task_begin: parallel_id=281474976710957 thread_num=6 team_size=8
[OMPT] implicit_task_begin: parallel_id=281474976710957 thread_num=4 team_size=8
[OMPT] implicit_task_begin: parallel_id=281474976710957 thread_num=5 team_size=8
[OMPT] implicit_task_begin: parallel_id=281474976710957 thread_num=3 team_size=8
[OMPT] implicit_task_end: parallel_id=0 thread_num=7
[OMPT] implicit_task_begin: parallel_id=281474976710957 thread_num=7 team_size=8
[OMPT] implicit_task_end: parallel_id=0 thread_num=0
[OMPT] parallel_end: parallel_id=281474976710957
[OMPT] parallel_begin: parallel_id=281474976710959 team_size=8
[OMPT] implicit_task_end: parallel_id=0 thread_num=4
[OMPT] implicit_task_end: parallel_id=0 thread_num=7
[OMPT] implicit_task_end: parallel_id=0 thread_num=3
[OMPT] implicit_task_end: parallel_id=0 thread_num=1
[OMPT] implicit_task_end: parallel_id=0 thread_num=2
[OMPT] implicit_task_end: parallel_id=0 thread_num=5
[OMPT] implicit_task_begin: parallel_id=281474976710959 thread_num=3 team_size=8
[OMPT] implicit_task_begin: parallel_id=281474976710959 thread_num=4 team_size=8
[OMPT] implicit_task_begin: parallel_id=281474976710959 thread_num=5 team_size=8
[OMPT] implicit_task_begin: parallel_id=281474976710959 thread_num=2 team_size=8
[OMPT] implicit_task_begin: parallel_id=281474976710959 thread_num=1 team_size=8
[OMPT] implicit_task_end: parallel_id=0 thread_num=6
[OMPT] implicit_task_begin: parallel_id=281474976710959 thread_num=0 team_size=8
[OMPT] implicit_task_begin: parallel_id=281474976710959 thread_num=7 team_size=8
[OMPT] implicit_task_begin: parallel_id=281474976710959 thread_num=6 team_size=8
[OMPT] implicit_task_end: parallel_id=0 thread_num=0
[OMPT] parallel_end: parallel_id=281474976710959
[OMPT] parallel_begin: parallel_id=281474976710961 team_size=8
[OMPT] implicit_task_end: parallel_id=0 thread_num=4
[OMPT] implicit_task_end: parallel_id=0 thread_num=5
[OMPT] implicit_task_end: parallel_id=0 thread_num=3
[OMPT] implicit_task_begin: parallel_id=281474976710961 thread_num=0 team_size=8
[OMPT] implicit_task_end: parallel_id=0 thread_num=1
[OMPT] implicit_task_begin: parallel_id=281474976710961 thread_num=4 team_size=8
[OMPT] implicit_task_begin: parallel_id=281474976710961 thread_num=3 team_size=8
[OMPT] implicit_task_end: parallel_id=0 thread_num=7
[OMPT] implicit_task_end: parallel_id=0 thread_num=2
[OMPT] implicit_task_end: parallel_id=0 thread_num=6
[OMPT] implicit_task_begin: parallel_id=281474976710961 thread_num=1 team_size=8
[OMPT] implicit_task_begin: parallel_id=281474976710961 thread_num=7 team_size=8
[OMPT] implicit_task_begin: parallel_id=281474976710961 thread_num=5 team_size=8
[OMPT] implicit_task_begin: parallel_id=281474976710961 thread_num=6 team_size=8
[OMPT] implicit_task_begin: parallel_id=281474976710961 thread_num=2 team_size=8
[OMPT][WIN100ms] ompt_id=281474976710657 tid=846964 tipo=ompt_thread_initial    cpu=255 numa=1  d_rm=   18524  d_instr=1565278838  d_cyc= 418067935  d_all=10012750  IPC=3.744  ratio_rm=0.0019  cooldown=0
[OMPT][WIN100ms] ompt_id=562949953421313 tid=846966 tipo=ompt_thread_worker     cpu=192 numa=1  d_rm=    3223  d_instr=1570362217  d_cyc= 416208983  d_all=10037963  IPC=3.773  ratio_rm=0.0003  cooldown=0
[OMPT][WIN100ms] ompt_id=844424930131969 tid=846967 tipo=ompt_thread_worker     cpu=  8 numa=0  d_rm=    2528  d_instr=1576689747  d_cyc= 416372760  d_all=10021223  IPC=3.787  ratio_rm=0.0003  cooldown=10
[OMPT][WIN100ms] ompt_id=1125899906842625 tid=846968 tipo=ompt_thread_worker     cpu=  2 numa=0  d_rm=    2493  d_instr=1579409398  d_cyc= 416440429  d_all=10040955  IPC=3.793  ratio_rm=0.0002  cooldown=0
[OMPT][WIN100ms] ompt_id=1407374883553281 tid=846969 tipo=ompt_thread_worker     cpu= 16 numa=0  d_rm=    2646  d_instr=1575745582  d_cyc= 416862317  d_all=10043018  IPC=3.780  ratio_rm=0.0003  cooldown=10
[OMPT][WIN100ms] ompt_id=1688849860263937 tid=846970 tipo=ompt_thread_worker     cpu= 32 numa=0  d_rm=    2585  d_instr=1567239507  d_cyc= 416843424  d_all= 9979007  IPC=3.760  ratio_rm=0.0003  cooldown=10
[OMPT][WIN100ms] ompt_id=2251799813685249 tid=846971 tipo=ompt_thread_worker     cpu= 79 numa=1  d_rm=    2649  d_instr=1593099284  d_cyc= 417672698  d_all=10204954  IPC=3.814  ratio_rm=0.0003  cooldown=0
[OMPT] implicit_task_end: parallel_id=0 thread_num=0
[OMPT] parallel_end: parallel_id=281474976710961
[OMPT] parallel_begin: parallel_id=281474976710963 team_size=8
[OMPT] implicit_task_end: parallel_id=0 thread_num=4
[OMPT] implicit_task_end: parallel_id=0 thread_num=5
[OMPT] implicit_task_end: parallel_id=0 thread_num=1
[OMPT] implicit_task_end: parallel_id=0 thread_num=2
[OMPT] implicit_task_end: parallel_id=0 thread_num=7
[OMPT] implicit_task_end: parallel_id=0 thread_num=6
[OMPT] implicit_task_end: parallel_id=0 thread_num=3
[OMPT][WIN100ms] ompt_id=1970324836974593 tid=846972 tipo=ompt_thread_worker     cpu= 80 numa=1  d_rm=    6412  d_instr=1574177860  d_cyc= 417147867  d_all=10004060  IPC=3.774  ratio_rm=0.0006  cooldown=10
[OMPT] implicit_task_begin: parallel_id=281474976710963 thread_num=3 team_size=8
[OMPT] implicit_task_begin: parallel_id=281474976710963 thread_num=6 team_size=8
[OMPT] implicit_task_begin: parallel_id=281474976710963 thread_num=1 team_size=8
[OMPT] implicit_task_begin: parallel_id=281474976710963 thread_num=7 team_size=8
[OMPT] implicit_task_begin: parallel_id=281474976710963 thread_num=0 team_size=8
[OMPT] implicit_task_begin: parallel_id=281474976710963 thread_num=4 team_size=8
[OMPT] implicit_task_begin: parallel_id=281474976710963 thread_num=2 team_size=8
[OMPT] implicit_task_begin: parallel_id=281474976710963 thread_num=5 team_size=8
[OMPT] implicit_task_end: parallel_id=0 thread_num=0
[OMPT] parallel_end: parallel_id=281474976710963
[OMPT] parallel_begin: parallel_id=281474976710965 team_size=8
[OMPT] implicit_task_end: parallel_id=0 thread_num=4
[OMPT] implicit_task_end: parallel_id=0 thread_num=5
[OMPT] implicit_task_end: parallel_id=0 thread_num=1
[OMPT] implicit_task_begin: parallel_id=281474976710965 thread_num=0 team_size=8
[OMPT] implicit_task_begin: parallel_id=281474976710965 thread_num=4 team_size=8
[OMPT] implicit_task_end: parallel_id=0 thread_num=3
[OMPT] implicit_task_end: parallel_id=0 thread_num=6
[OMPT] implicit_task_begin: parallel_id=281474976710965 thread_num=5 team_size=8
[OMPT] implicit_task_begin: parallel_id=281474976710965 thread_num=3 team_size=8
[OMPT] implicit_task_end: parallel_id=0 thread_num=2
[OMPT] implicit_task_end: parallel_id=0 thread_num=7
[OMPT] implicit_task_begin: parallel_id=281474976710965 thread_num=6 team_size=8
[OMPT] implicit_task_begin: parallel_id=281474976710965 thread_num=2 team_size=8
[OMPT] implicit_task_begin: parallel_id=281474976710965 thread_num=1 team_size=8
[OMPT] implicit_task_begin: parallel_id=281474976710965 thread_num=7 team_size=8
[OMPT] implicit_task_end: parallel_id=0 thread_num=0
[OMPT] parallel_end: parallel_id=281474976710965
[OMPT] control_tool: PAUSANDO medicion
[OMPT] implicit_task_end: parallel_id=0 thread_num=1
[OMPT] thread_end: ompt_id=281474976710657 tid=846964 cpu=255
[OMPT] implicit_task_end: parallel_id=0 thread_num=3
[OMPT] implicit_task_end: parallel_id=0 thread_num=5
[OMPT] implicit_task_end: parallel_id=0 thread_num=7
[OMPT] implicit_task_end: parallel_id=0 thread_num=1
[OMPT] thread_end: ompt_id=562949953421313 tid=846966 cpu=192
[OMPT] implicit_task_end: parallel_id=0 thread_num=2
[OMPT] thread_end: ompt_id=844424930131969 tid=846967 cpu=8
[OMPT] thread_end: ompt_id=1125899906842625 tid=846968 cpu=2
[OMPT] thread_end: ompt_id=1688849860263937 tid=846970 cpu=32
[OMPT] thread_end: ompt_id=1970324836974593 tid=846972 cpu=80
[OMPT] implicit_task_end: parallel_id=0 thread_num=4
[OMPT] thread_end: ompt_id=1407374883553281 tid=846969 cpu=16
[OMPT] implicit_task_end: parallel_id=0 thread_num=6
[OMPT] thread_end: ompt_id=2251799813685249 tid=846971 cpu=79
[OMPT] ompt_finalize
[OMPT][MON] Monitor detenido
[OMPT] ===== Tabla final: 8 hilos =====
[OMPT] tid=846964 ompt_id=281474976710657 tipo=ompt_thread_initial    last_cpu=255 numa=1 migraciones=0 perf=abierto
        remote_fills=578789  instr=47043853166  ipc=3.726
[OMPT] tid=846966 ompt_id=562949953421313 tipo=ompt_thread_worker     last_cpu=192 numa=1 migraciones=0 perf=abierto
        remote_fills=115513  instr=47163756325  ipc=3.746
[OMPT] tid=846967 ompt_id=844424930131969 tipo=ompt_thread_worker     last_cpu=  8 numa=0 migraciones=1 perf=abierto
        remote_fills=90143  instr=47202152195  ipc=3.750
[OMPT] tid=846968 ompt_id=1125899906842625 tipo=ompt_thread_worker     last_cpu=  2 numa=0 migraciones=0 perf=abierto
        remote_fills=79039  instr=47237991829  ipc=3.753
[OMPT] tid=846969 ompt_id=1407374883553281 tipo=ompt_thread_worker     last_cpu= 16 numa=0 migraciones=1 perf=abierto
        remote_fills=106530  instr=47131913148  ipc=3.739
[OMPT] tid=846970 ompt_id=1688849860263937 tipo=ompt_thread_worker     last_cpu= 32 numa=0 migraciones=1 perf=abierto
        remote_fills=107818  instr=47109838858  ipc=3.737
[OMPT] tid=846971 ompt_id=2251799813685249 tipo=ompt_thread_worker     last_cpu= 79 numa=1 migraciones=0 perf=abierto
        remote_fills=103151  instr=47094545319  ipc=3.735
[OMPT] tid=846972 ompt_id=1970324836974593 tipo=ompt_thread_worker     last_cpu= 80 numa=1 migraciones=1 perf=abierto
        remote_fills=203111  instr=47162177786  ipc=3.742
