[OMPT] ompt_initialize (OPCIÓN C: integrador con fugas)
[HWLOC] Nodos NUMA detectados: 2
[HWLOC] Nodo 0: 128 CPUs
[HWLOC] Nodo 1: 128 CPUs
[OMPT] callback 'ompt_callback_thread_begin' registrado (result=5)
[OMPT] callback 'ompt_callback_thread_end' registrado (result=5)
[OMPT] callback 'ompt_callback_parallel_begin' registrado (result=5)
[OMPT] callback 'ompt_callback_parallel_end' registrado (result=5)
[OMPT] callback 'ompt_callback_implicit_task' registrado (result=5)
[OMPT] callback 'ompt_callback_control_tool' registrado (result=5)
[OMPT] Callbacks registrados
[OMPT] Sistema: 0 procesadores lógicos
[OMPT][MON] Monitor (C: integrador con fugas)  período=100ms  warmup=5  T=ref+1.00*MAD  leak=0.50*MAD  cap=8.00*MAD  max_mig=1
[OMPT][PERF] Contadores pausados (esperando start) tid=1054869
[OMPT] thread_begin: tipo=ompt_thread_initial    ompt_id=281474976710657 tid=1054869 cpu=255 numa=1
[OMPT] implicit_task_begin: parallel_id=0 thread_num=1 team_size=1
[OMPT] parallel_begin: parallel_id=281474976710659 team_size=32
[OMPT][PERF] Contadores pausados (esperando start) tid=1054871
[OMPT] thread_begin: tipo=ompt_thread_worker     ompt_id=562949953421313 tid=1054871 cpu=223 numa=1
[OMPT][PERF] Contadores pausados (esperando start) tid=1054872
[OMPT] thread_begin: tipo=ompt_thread_worker     ompt_id=844424930131969 tid=1054872 cpu=96 numa=1
[OMPT][PERF] Contadores pausados (esperando start) tid=1054873
[OMPT] thread_begin: tipo=ompt_thread_worker     ompt_id=1125899906842625 tid=1054873 cpu=35 numa=0
[OMPT][PERF] Contadores pausados (esperando start) tid=1054874
[OMPT] thread_begin: tipo=ompt_thread_worker     ompt_id=1407374883553281 tid=1054874 cpu=75 numa=1
[OMPT][PERF] Contadores pausados (esperando start) tid=1054875
[OMPT] thread_begin: tipo=ompt_thread_worker     ompt_id=1688849860263937 tid=1054875 cpu=239 numa=1
[OMPT][PERF] Contadores pausados (esperando start) tid=1054876
[OMPT] thread_begin: tipo=ompt_thread_worker     ompt_id=1970324836974593 tid=1054876 cpu=34 numa=0
[OMPT][PERF] Contadores pausados (esperando start) tid=1054877
[OMPT] thread_begin: tipo=ompt_thread_worker     ompt_id=2251799813685249 tid=1054877 cpu=247 numa=1
[OMPT][PERF] Contadores pausados (esperando start) tid=1054878
[OMPT] thread_begin: tipo=ompt_thread_worker     ompt_id=2533274790395905 tid=1054878 cpu=66 numa=1
[OMPT][PERF] Contadores pausados (esperando start) tid=1054879
[OMPT] thread_begin: tipo=ompt_thread_worker     ompt_id=2814749767106561 tid=1054879 cpu=223 numa=1
[OMPT][PERF] Contadores pausados (esperando start) tid=1054880
[OMPT] thread_begin: tipo=ompt_thread_worker     ompt_id=3096224743817217 tid=1054880 cpu=165 numa=0
[OMPT][PERF] Contadores pausados (esperando start) tid=1054881
[OMPT] thread_begin: tipo=ompt_thread_worker     ompt_id=3377699720527873 tid=1054881 cpu=239 numa=1
[OMPT][PERF] Contadores pausados (esperando start) tid=1054882
[OMPT] thread_begin: tipo=ompt_thread_worker     ompt_id=3659174697238529 tid=1054882 cpu=247 numa=1
[OMPT][PERF] Contadores pausados (esperando start) tid=1054883
[OMPT] thread_begin: tipo=ompt_thread_worker     ompt_id=3940649673949185 tid=1054883 cpu=75 numa=1
[OMPT][PERF] Contadores pausados (esperando start) tid=1054884
[OMPT] thread_begin: tipo=ompt_thread_worker     ompt_id=4222124650659841 tid=1054884 cpu=66 numa=1
[OMPT][PERF] Contadores pausados (esperando start) tid=1054885
[OMPT] thread_begin: tipo=ompt_thread_worker     ompt_id=4503599627370497 tid=1054885 cpu=223 numa=1
[OMPT][PERF] Contadores pausados (esperando start) tid=1054886
[OMPT] thread_begin: tipo=ompt_thread_worker     ompt_id=4785074604081153 tid=1054886 cpu=34 numa=0
[OMPT][PERF] Contadores pausados (esperando start) tid=1054887
[OMPT] thread_begin: tipo=ompt_thread_worker     ompt_id=5066549580791809 tid=1054887 cpu=239 numa=1
[OMPT][PERF] Contadores pausados (esperando start) tid=1054888
[OMPT] thread_begin: tipo=ompt_thread_worker     ompt_id=5348024557502465 tid=1054888 cpu=247 numa=1
[OMPT][PERF] Contadores pausados (esperando start) tid=1054889
[OMPT] thread_begin: tipo=ompt_thread_worker     ompt_id=5629499534213121 tid=1054889 cpu=75 numa=1
[OMPT][PERF] Contadores pausados (esperando start) tid=1054890
[OMPT] thread_begin: tipo=ompt_thread_worker     ompt_id=5910974510923777 tid=1054890 cpu=239 numa=1
[OMPT][PERF] Contadores pausados (esperando start) tid=1054891
[OMPT] thread_begin: tipo=ompt_thread_worker     ompt_id=6192449487634433 tid=1054891 cpu=75 numa=1
[OMPT][PERF] Contadores pausados (esperando start) tid=1054892
[OMPT] thread_begin: tipo=ompt_thread_worker     ompt_id=6473924464345089 tid=1054892 cpu=223 numa=1
[OMPT][PERF] Contadores pausados (esperando start) tid=1054893
[OMPT] thread_begin: tipo=ompt_thread_worker     ompt_id=6755399441055745 tid=1054893 cpu=247 numa=1
[OMPT][PERF] Contadores pausados (esperando start) tid=1054894
[OMPT] thread_begin: tipo=ompt_thread_worker     ompt_id=7036874417766401 tid=1054894 cpu=223 numa=1
[OMPT][PERF] Contadores pausados (esperando start) tid=1054895
[OMPT] thread_begin: tipo=ompt_thread_worker     ompt_id=7318349394477057 tid=1054895 cpu=239 numa=1
[OMPT][PERF] Contadores pausados (esperando start) tid=1054896
[OMPT] thread_begin: tipo=ompt_thread_worker     ompt_id=7599824371187713 tid=1054896 cpu=75 numa=1
[OMPT][PERF] Contadores pausados (esperando start) tid=1054897
[OMPT] thread_begin: tipo=ompt_thread_worker     ompt_id=7881299347898369 tid=1054897 cpu=247 numa=1
[OMPT][PERF] Contadores pausados (esperando start) tid=1054898
[OMPT] thread_begin: tipo=ompt_thread_worker     ompt_id=8162774324609025 tid=1054898 cpu=66 numa=1
[OMPT][PERF] Contadores pausados (esperando start) tid=1054899
[OMPT] thread_begin: tipo=ompt_thread_worker     ompt_id=8444249301319681 tid=1054899 cpu=223 numa=1
[OMPT][PERF] Contadores pausados (esperando start) tid=1054900
[OMPT] thread_begin: tipo=ompt_thread_worker     ompt_id=8725724278030337 tid=1054900 cpu=239 numa=1
[OMPT][PERF] Contadores pausados (esperando start) tid=1054901
[OMPT] thread_begin: tipo=ompt_thread_worker     ompt_id=9007199254740993 tid=1054901 cpu=75 numa=1
[OMPT] implicit_task_begin: parallel_id=281474976710659 thread_num=0 team_size=32
[OMPT] implicit_task_begin: parallel_id=281474976710659 thread_num=28 team_size=32
[OMPT] implicit_task_begin: parallel_id=281474976710659 thread_num=14 team_size=32
[OMPT] implicit_task_begin: parallel_id=281474976710659 thread_num=12 team_size=32
[OMPT] implicit_task_begin: parallel_id=281474976710659 thread_num=17 team_size=32
[OMPT] implicit_task_begin: parallel_id=281474976710659 thread_num=2 team_size=32
[OMPT] implicit_task_begin: parallel_id=281474976710659 thread_num=16 team_size=32
[OMPT] implicit_task_begin: parallel_id=281474976710659 thread_num=8 team_size=32
[OMPT] implicit_task_begin: parallel_id=281474976710659 thread_num=27 team_size=32
[OMPT] implicit_task_begin: parallel_id=281474976710659 thread_num=4 team_size=32
[OMPT] implicit_task_begin: parallel_id=281474976710659 thread_num=18 team_size=32
[OMPT] implicit_task_begin: parallel_id=281474976710659 thread_num=11 team_size=32
[OMPT] implicit_task_begin: parallel_id=281474976710659 thread_num=15 team_size=32
[OMPT] implicit_task_begin: parallel_id=281474976710659 thread_num=9 team_size=32
[OMPT] implicit_task_begin: parallel_id=281474976710659 thread_num=19 team_size=32
[OMPT] implicit_task_begin: parallel_id=281474976710659 thread_num=31 team_size=32
[OMPT] implicit_task_begin: parallel_id=281474976710659 thread_num=26 team_size=32
[OMPT] implicit_task_begin: parallel_id=281474976710659 thread_num=21 team_size=32
[OMPT] implicit_task_begin: parallel_id=281474976710659 thread_num=23 team_size=32
[OMPT] implicit_task_begin: parallel_id=281474976710659 thread_num=1 team_size=32
[OMPT] implicit_task_begin: parallel_id=281474976710659 thread_num=13 team_size=32
[OMPT] implicit_task_begin: parallel_id=281474976710659 thread_num=22 team_size=32
[OMPT] implicit_task_begin: parallel_id=281474976710659 thread_num=7 team_size=32
[OMPT] implicit_task_begin: parallel_id=281474976710659 thread_num=24 team_size=32
[OMPT] implicit_task_begin: parallel_id=281474976710659 thread_num=6 team_size=32
[OMPT] implicit_task_begin: parallel_id=281474976710659 thread_num=20 team_size=32
[OMPT] implicit_task_begin: parallel_id=281474976710659 thread_num=30 team_size=32
[OMPT] implicit_task_begin: parallel_id=281474976710659 thread_num=5 team_size=32
[OMPT] implicit_task_begin: parallel_id=281474976710659 thread_num=25 team_size=32
[OMPT] implicit_task_begin: parallel_id=281474976710659 thread_num=3 team_size=32
[OMPT] implicit_task_begin: parallel_id=281474976710659 thread_num=10 team_size=32
[OMPT] implicit_task_begin: parallel_id=281474976710659 thread_num=29 team_size=32
[OMPT] implicit_task_end: parallel_id=0 thread_num=0
[OMPT] parallel_end: parallel_id=281474976710659
[OMPT] parallel_begin: parallel_id=281474976710661 team_size=32
[OMPT] implicit_task_end: parallel_id=0 thread_num=16
[OMPT] implicit_task_begin: parallel_id=281474976710661 thread_num=0 team_size=32
[OMPT] implicit_task_end: parallel_id=0 thread_num=1
[OMPT] implicit_task_end: parallel_id=0 thread_num=8
[OMPT] implicit_task_begin: parallel_id=281474976710661 thread_num=16 team_size=32
[OMPT] implicit_task_end: parallel_id=0 thread_num=2
[OMPT] implicit_task_end: parallel_id=0 thread_num=9
[OMPT] implicit_task_end: parallel_id=0 thread_num=10
[OMPT] implicit_task_begin: parallel_id=281474976710661 thread_num=2 team_size=32
[OMPT] implicit_task_end: parallel_id=0 thread_num=20
[OMPT] implicit_task_end: parallel_id=0 thread_num=18
[OMPT] implicit_task_end: parallel_id=0 thread_num=23
[OMPT] implicit_task_begin: parallel_id=281474976710661 thread_num=20 team_size=32
[OMPT] implicit_task_begin: parallel_id=281474976710661 thread_num=18 team_size=32
[OMPT] implicit_task_end: parallel_id=0 thread_num=24
[OMPT] implicit_task_end: parallel_id=0 thread_num=12
[OMPT] implicit_task_begin: parallel_id=281474976710661 thread_num=24 team_size=32
[OMPT] implicit_task_end: parallel_id=0 thread_num=27
[OMPT] implicit_task_begin: parallel_id=281474976710661 thread_num=12 team_size=32
[OMPT] implicit_task_end: parallel_id=0 thread_num=3
[OMPT] implicit_task_end: parallel_id=0 thread_num=28
[OMPT] implicit_task_begin: parallel_id=281474976710661 thread_num=3 team_size=32
[OMPT] implicit_task_end: parallel_id=0 thread_num=29
[OMPT] implicit_task_end: parallel_id=0 thread_num=22
[OMPT] implicit_task_begin: parallel_id=281474976710661 thread_num=10 team_size=32
[OMPT] implicit_task_end: parallel_id=0 thread_num=17
[OMPT] implicit_task_begin: parallel_id=281474976710661 thread_num=23 team_size=32
[OMPT] implicit_task_begin: parallel_id=281474976710661 thread_num=17 team_size=32
[OMPT] implicit_task_end: parallel_id=0 thread_num=11
[OMPT] implicit_task_end: parallel_id=0 thread_num=26
[OMPT] implicit_task_begin: parallel_id=281474976710661 thread_num=11 team_size=32
[OMPT] implicit_task_begin: parallel_id=281474976710661 thread_num=8 team_size=32
[OMPT] implicit_task_end: parallel_id=0 thread_num=15
[OMPT] implicit_task_end: parallel_id=0 thread_num=13
[OMPT] implicit_task_begin: parallel_id=281474976710661 thread_num=15 team_size=32
[OMPT] implicit_task_begin: parallel_id=281474976710661 thread_num=13 team_size=32
[OMPT] implicit_task_begin: parallel_id=281474976710661 thread_num=27 team_size=32
[OMPT] implicit_task_end: parallel_id=0 thread_num=30
[OMPT] implicit_task_begin: parallel_id=281474976710661 thread_num=30 team_size=32
[OMPT] implicit_task_begin: parallel_id=281474976710661 thread_num=28 team_size=32
[OMPT] implicit_task_end: parallel_id=0 thread_num=19
[OMPT] implicit_task_begin: parallel_id=281474976710661 thread_num=29 team_size=32
[OMPT] implicit_task_begin: parallel_id=281474976710661 thread_num=19 team_size=32
[OMPT] implicit_task_begin: parallel_id=281474976710661 thread_num=22 team_size=32
[OMPT] implicit_task_end: parallel_id=0 thread_num=21
[OMPT] implicit_task_begin: parallel_id=281474976710661 thread_num=1 team_size=32
[OMPT] implicit_task_begin: parallel_id=281474976710661 thread_num=21 team_size=32
[OMPT] implicit_task_end: parallel_id=0 thread_num=25
[OMPT] implicit_task_begin: parallel_id=281474976710661 thread_num=26 team_size=32
[OMPT] implicit_task_end: parallel_id=0 thread_num=4
[OMPT] implicit_task_end: parallel_id=0 thread_num=7
[OMPT] implicit_task_begin: parallel_id=281474976710661 thread_num=4 team_size=32
[OMPT] implicit_task_end: parallel_id=0 thread_num=31
[OMPT] implicit_task_end: parallel_id=0 thread_num=14
[OMPT] implicit_task_begin: parallel_id=281474976710661 thread_num=9 team_size=32
[OMPT] implicit_task_begin: parallel_id=281474976710661 thread_num=25 team_size=32
[OMPT] implicit_task_end: parallel_id=0 thread_num=5
[OMPT] implicit_task_end: parallel_id=0 thread_num=6
[OMPT] implicit_task_begin: parallel_id=281474976710661 thread_num=31 team_size=32
[OMPT] implicit_task_begin: parallel_id=281474976710661 thread_num=6 team_size=32
[OMPT] implicit_task_begin: parallel_id=281474976710661 thread_num=14 team_size=32
[OMPT] implicit_task_begin: parallel_id=281474976710661 thread_num=7 team_size=32
[OMPT] implicit_task_begin: parallel_id=281474976710661 thread_num=5 team_size=32
[OMPT] implicit_task_end: parallel_id=0 thread_num=0
[OMPT] parallel_end: parallel_id=281474976710661
[OMPT] parallel_begin: parallel_id=281474976710663 team_size=32
[OMPT] implicit_task_end: parallel_id=0 thread_num=16
[OMPT] implicit_task_end: parallel_id=0 thread_num=12
[OMPT] implicit_task_end: parallel_id=0 thread_num=24
[OMPT] implicit_task_end: parallel_id=0 thread_num=19
[OMPT] implicit_task_begin: parallel_id=281474976710663 thread_num=16 team_size=32
[OMPT] implicit_task_end: parallel_id=0 thread_num=27
[OMPT] implicit_task_end: parallel_id=0 thread_num=8
[OMPT] implicit_task_begin: parallel_id=281474976710663 thread_num=12 team_size=32
[OMPT] implicit_task_end: parallel_id=0 thread_num=11
[OMPT] implicit_task_end: parallel_id=0 thread_num=17
[OMPT] implicit_task_end: parallel_id=0 thread_num=13
[OMPT] implicit_task_begin: parallel_id=281474976710663 thread_num=27 team_size=32
[OMPT] implicit_task_begin: parallel_id=281474976710663 thread_num=17 team_size=32
[OMPT] implicit_task_end: parallel_id=0 thread_num=15
[OMPT] implicit_task_begin: parallel_id=281474976710663 thread_num=8 team_size=32
[OMPT] implicit_task_begin: parallel_id=281474976710663 thread_num=13 team_size=32
[OMPT] implicit_task_begin: parallel_id=281474976710663 thread_num=0 team_size=32
[OMPT] implicit_task_begin: parallel_id=281474976710663 thread_num=15 team_size=32
[OMPT] implicit_task_end: parallel_id=0 thread_num=25
[OMPT] implicit_task_end: parallel_id=0 thread_num=26
[OMPT] implicit_task_begin: parallel_id=281474976710663 thread_num=26 team_size=32
[OMPT] implicit_task_end: parallel_id=0 thread_num=2
[OMPT] implicit_task_end: parallel_id=0 thread_num=3
[OMPT] implicit_task_begin: parallel_id=281474976710663 thread_num=2 team_size=32
[OMPT] implicit_task_begin: parallel_id=281474976710663 thread_num=3 team_size=32
[OMPT] implicit_task_end: parallel_id=0 thread_num=9
[OMPT] implicit_task_begin: parallel_id=281474976710663 thread_num=9 team_size=32
[OMPT] implicit_task_end: parallel_id=0 thread_num=10
[OMPT] implicit_task_begin: parallel_id=281474976710663 thread_num=10 team_size=32
[OMPT] implicit_task_end: parallel_id=0 thread_num=28
[OMPT] implicit_task_end: parallel_id=0 thread_num=31
[OMPT] implicit_task_begin: parallel_id=281474976710663 thread_num=28 team_size=32
[OMPT] implicit_task_begin: parallel_id=281474976710663 thread_num=31 team_size=32
[OMPT] implicit_task_begin: parallel_id=281474976710663 thread_num=24 team_size=32
[OMPT] implicit_task_end: parallel_id=0 thread_num=14
[OMPT] implicit_task_begin: parallel_id=281474976710663 thread_num=14 team_size=32
[OMPT] implicit_task_end: parallel_id=0 thread_num=1
[OMPT] implicit_task_begin: parallel_id=281474976710663 thread_num=11 team_size=32
[OMPT] implicit_task_end: parallel_id=0 thread_num=4
[OMPT] implicit_task_end: parallel_id=0 thread_num=7
[OMPT] implicit_task_end: parallel_id=0 thread_num=6
[OMPT] implicit_task_begin: parallel_id=281474976710663 thread_num=7 team_size=32
[OMPT] implicit_task_end: parallel_id=0 thread_num=30
[OMPT] implicit_task_end: parallel_id=0 thread_num=29
[OMPT] implicit_task_begin: parallel_id=281474976710663 thread_num=19 team_size=32
[OMPT] implicit_task_begin: parallel_id=281474976710663 thread_num=29 team_size=32
[OMPT] implicit_task_end: parallel_id=0 thread_num=20
[OMPT] implicit_task_end: parallel_id=0 thread_num=23
[OMPT] implicit_task_end: parallel_id=0 thread_num=5
[OMPT] implicit_task_begin: parallel_id=281474976710663 thread_num=20 team_size=32
[OMPT] implicit_task_begin: parallel_id=281474976710663 thread_num=25 team_size=32
[OMPT] implicit_task_begin: parallel_id=281474976710663 thread_num=4 team_size=32
[OMPT] implicit_task_begin: parallel_id=281474976710663 thread_num=6 team_size=32
[OMPT] implicit_task_begin: parallel_id=281474976710663 thread_num=1 team_size=32
[OMPT] implicit_task_end: parallel_id=0 thread_num=22
[OMPT] implicit_task_end: parallel_id=0 thread_num=21
[OMPT] implicit_task_begin: parallel_id=281474976710663 thread_num=21 team_size=32
[OMPT] implicit_task_begin: parallel_id=281474976710663 thread_num=23 team_size=32
[OMPT] implicit_task_begin: parallel_id=281474976710663 thread_num=5 team_size=32
[OMPT] implicit_task_end: parallel_id=0 thread_num=18
[OMPT] implicit_task_begin: parallel_id=281474976710663 thread_num=30 team_size=32
[OMPT] implicit_task_begin: parallel_id=281474976710663 thread_num=22 team_size=32
[OMPT] implicit_task_begin: parallel_id=281474976710663 thread_num=18 team_size=32
[OMPT] implicit_task_end: parallel_id=0 thread_num=0
[OMPT] parallel_end: parallel_id=281474976710663
[OMPT] parallel_begin: parallel_id=281474976710665 team_size=32
[OMPT] implicit_task_end: parallel_id=0 thread_num=16
[OMPT] implicit_task_end: parallel_id=0 thread_num=1
[OMPT] implicit_task_begin: parallel_id=281474976710665 thread_num=0 team_size=32
[OMPT] implicit_task_end: parallel_id=0 thread_num=17
[OMPT] implicit_task_end: parallel_id=0 thread_num=19
[OMPT] implicit_task_end: parallel_id=0 thread_num=4
[OMPT] implicit_task_end: parallel_id=0 thread_num=8
[OMPT] implicit_task_end: parallel_id=0 thread_num=6
[OMPT] implicit_task_end: parallel_id=0 thread_num=10
[OMPT] implicit_task_end: parallel_id=0 thread_num=9
[OMPT] implicit_task_end: parallel_id=0 thread_num=20
[OMPT] implicit_task_end: parallel_id=0 thread_num=24
[OMPT] implicit_task_end: parallel_id=0 thread_num=21
[OMPT] implicit_task_end: parallel_id=0 thread_num=25
[OMPT] implicit_task_begin: parallel_id=281474976710665 thread_num=16 team_size=32
[OMPT] implicit_task_begin: parallel_id=281474976710665 thread_num=24 team_size=32
[OMPT] implicit_task_begin: parallel_id=281474976710665 thread_num=1 team_size=32
[OMPT] implicit_task_begin: parallel_id=281474976710665 thread_num=21 team_size=32
[OMPT] implicit_task_end: parallel_id=0 thread_num=7
[OMPT] implicit_task_begin: parallel_id=281474976710665 thread_num=19 team_size=32
[OMPT] implicit_task_begin: parallel_id=281474976710665 thread_num=7 team_size=32
[OMPT] implicit_task_end: parallel_id=0 thread_num=2
[OMPT] implicit_task_begin: parallel_id=281474976710665 thread_num=4 team_size=32
[OMPT] implicit_task_end: parallel_id=0 thread_num=3
[OMPT] implicit_task_begin: parallel_id=281474976710665 thread_num=2 team_size=32
[OMPT] implicit_task_begin: parallel_id=281474976710665 thread_num=3 team_size=32
[OMPT] implicit_task_begin: parallel_id=281474976710665 thread_num=8 team_size=32
[OMPT] implicit_task_begin: parallel_id=281474976710665 thread_num=10 team_size=32
[OMPT] implicit_task_begin: parallel_id=281474976710665 thread_num=6 team_size=32
[OMPT] implicit_task_end: parallel_id=0 thread_num=22
[OMPT] implicit_task_end: parallel_id=0 thread_num=23
[OMPT] implicit_task_begin: parallel_id=281474976710665 thread_num=9 team_size=32
[OMPT] implicit_task_end: parallel_id=0 thread_num=28
[OMPT] implicit_task_end: parallel_id=0 thread_num=30
[OMPT] implicit_task_end: parallel_id=0 thread_num=27
[OMPT] implicit_task_begin: parallel_id=281474976710665 thread_num=28 team_size=32
[OMPT] implicit_task_begin: parallel_id=281474976710665 thread_num=30 team_size=32
[OMPT] implicit_task_begin: parallel_id=281474976710665 thread_num=27 team_size=32
[OMPT] implicit_task_begin: parallel_id=281474976710665 thread_num=17 team_size=32
[OMPT] implicit_task_begin: parallel_id=281474976710665 thread_num=25 team_size=32
[OMPT] implicit_task_end: parallel_id=0 thread_num=5
[OMPT] implicit_task_end: parallel_id=0 thread_num=11
[OMPT] implicit_task_begin: parallel_id=281474976710665 thread_num=22 team_size=32
[OMPT] implicit_task_begin: parallel_id=281474976710665 thread_num=23 team_size=32
[OMPT] implicit_task_end: parallel_id=0 thread_num=31
[OMPT] implicit_task_end: parallel_id=0 thread_num=26
[OMPT] implicit_task_end: parallel_id=0 thread_num=29
[OMPT] implicit_task_begin: parallel_id=281474976710665 thread_num=26 team_size=32
[OMPT] implicit_task_begin: parallel_id=281474976710665 thread_num=29 team_size=32
[OMPT] implicit_task_end: parallel_id=0 thread_num=18
[OMPT] implicit_task_begin: parallel_id=281474976710665 thread_num=5 team_size=32
[OMPT] implicit_task_begin: parallel_id=281474976710665 thread_num=18 team_size=32
[OMPT] implicit_task_begin: parallel_id=281474976710665 thread_num=11 team_size=32
[OMPT] implicit_task_begin: parallel_id=281474976710665 thread_num=20 team_size=32
[OMPT] implicit_task_end: parallel_id=0 thread_num=12
[OMPT] implicit_task_end: parallel_id=0 thread_num=15
[OMPT] implicit_task_begin: parallel_id=281474976710665 thread_num=31 team_size=32
[OMPT] implicit_task_begin: parallel_id=281474976710665 thread_num=12 team_size=32
[OMPT] implicit_task_begin: parallel_id=281474976710665 thread_num=15 team_size=32
[OMPT] implicit_task_end: parallel_id=0 thread_num=14
[OMPT] implicit_task_end: parallel_id=0 thread_num=13
[OMPT] implicit_task_begin: parallel_id=281474976710665 thread_num=13 team_size=32
[OMPT] implicit_task_begin: parallel_id=281474976710665 thread_num=14 team_size=32
[OMPT] implicit_task_end: parallel_id=0 thread_num=0
[OMPT] parallel_end: parallel_id=281474976710665
[OMPT] control_tool: INICIANDO medicion
[OMPT] parallel_begin: parallel_id=281474976710667 team_size=32
[OMPT] implicit_task_end: parallel_id=0 thread_num=4
[OMPT] implicit_task_begin: parallel_id=281474976710667 thread_num=0 team_size=32
[OMPT] implicit_task_end: parallel_id=0 thread_num=2
[OMPT] implicit_task_end: parallel_id=0 thread_num=6
[OMPT] implicit_task_begin: parallel_id=281474976710667 thread_num=2 team_size=32
[OMPT] implicit_task_end: parallel_id=0 thread_num=1
[OMPT] implicit_task_begin: parallel_id=281474976710667 thread_num=1 team_size=32
[OMPT] implicit_task_end: parallel_id=0 thread_num=16
[OMPT] implicit_task_end: parallel_id=0 thread_num=24
[OMPT] implicit_task_end: parallel_id=0 thread_num=19
[OMPT] implicit_task_end: parallel_id=0 thread_num=26
[OMPT] implicit_task_begin: parallel_id=281474976710667 thread_num=24 team_size=32
[OMPT] implicit_task_begin: parallel_id=281474976710667 thread_num=26 team_size=32
[OMPT] implicit_task_end: parallel_id=0 thread_num=12
[OMPT] implicit_task_end: parallel_id=0 thread_num=8
[OMPT] implicit_task_end: parallel_id=0 thread_num=15
[OMPT] implicit_task_end: parallel_id=0 thread_num=3
[OMPT] implicit_task_begin: parallel_id=281474976710667 thread_num=8 team_size=32
[OMPT] implicit_task_end: parallel_id=0 thread_num=9
[OMPT] implicit_task_end: parallel_id=0 thread_num=11
[OMPT] implicit_task_end: parallel_id=0 thread_num=28
[OMPT] implicit_task_begin: parallel_id=281474976710667 thread_num=9 team_size=32
[OMPT] implicit_task_end: parallel_id=0 thread_num=30
[OMPT] implicit_task_begin: parallel_id=281474976710667 thread_num=28 team_size=32
[OMPT] implicit_task_end: parallel_id=0 thread_num=25
[OMPT] implicit_task_end: parallel_id=0 thread_num=7
[OMPT] implicit_task_begin: parallel_id=281474976710667 thread_num=25 team_size=32
[OMPT] implicit_task_begin: parallel_id=281474976710667 thread_num=7 team_size=32
[OMPT] implicit_task_begin: parallel_id=281474976710667 thread_num=4 team_size=32
[OMPT] implicit_task_end: parallel_id=0 thread_num=13
[OMPT] implicit_task_begin: parallel_id=281474976710667 thread_num=6 team_size=32
[OMPT] implicit_task_begin: parallel_id=281474976710667 thread_num=12 team_size=32
[OMPT] implicit_task_end: parallel_id=0 thread_num=5
[OMPT] implicit_task_end: parallel_id=0 thread_num=10
[OMPT] implicit_task_begin: parallel_id=281474976710667 thread_num=5 team_size=32
[OMPT] implicit_task_begin: parallel_id=281474976710667 thread_num=3 team_size=32
[OMPT] implicit_task_end: parallel_id=0 thread_num=20
[OMPT] implicit_task_end: parallel_id=0 thread_num=23
[OMPT] implicit_task_begin: parallel_id=281474976710667 thread_num=20 team_size=32
[OMPT] implicit_task_begin: parallel_id=281474976710667 thread_num=23 team_size=32
[OMPT] implicit_task_end: parallel_id=0 thread_num=29
[OMPT] implicit_task_begin: parallel_id=281474976710667 thread_num=29 team_size=32
[OMPT] implicit_task_end: parallel_id=0 thread_num=18
[OMPT] implicit_task_begin: parallel_id=281474976710667 thread_num=18 team_size=32
[OMPT] implicit_task_begin: parallel_id=281474976710667 thread_num=11 team_size=32
[OMPT] implicit_task_end: parallel_id=0 thread_num=27
[OMPT] implicit_task_begin: parallel_id=281474976710667 thread_num=27 team_size=32
[OMPT] implicit_task_begin: parallel_id=281474976710667 thread_num=30 team_size=32
[OMPT] implicit_task_begin: parallel_id=281474976710667 thread_num=19 team_size=32
[OMPT] implicit_task_end: parallel_id=0 thread_num=14
[OMPT] implicit_task_begin: parallel_id=281474976710667 thread_num=14 team_size=32
[OMPT] implicit_task_begin: parallel_id=281474976710667 thread_num=13 team_size=32
[OMPT] implicit_task_begin: parallel_id=281474976710667 thread_num=15 team_size=32
[OMPT] implicit_task_begin: parallel_id=281474976710667 thread_num=10 team_size=32
[OMPT] implicit_task_end: parallel_id=0 thread_num=17
[OMPT] implicit_task_begin: parallel_id=281474976710667 thread_num=17 team_size=32
[OMPT] implicit_task_end: parallel_id=0 thread_num=22
[OMPT] implicit_task_begin: parallel_id=281474976710667 thread_num=22 team_size=32
[OMPT] implicit_task_end: parallel_id=0 thread_num=31
[OMPT] implicit_task_begin: parallel_id=281474976710667 thread_num=31 team_size=32
[OMPT] implicit_task_end: parallel_id=0 thread_num=21
[OMPT] implicit_task_begin: parallel_id=281474976710667 thread_num=21 team_size=32
[OMPT] implicit_task_begin: parallel_id=281474976710667 thread_num=16 team_size=32
[OMPT] implicit_task_end: parallel_id=0 thread_num=0
[OMPT] parallel_end: parallel_id=281474976710667
[OMPT] parallel_begin: parallel_id=281474976710669 team_size=32
[OMPT] implicit_task_end: parallel_id=0 thread_num=16
[OMPT] implicit_task_end: parallel_id=0 thread_num=3
[OMPT] implicit_task_end: parallel_id=0 thread_num=18
[OMPT] implicit_task_end: parallel_id=0 thread_num=20
[OMPT] implicit_task_end: parallel_id=0 thread_num=12
[OMPT] implicit_task_end: parallel_id=0 thread_num=4
[OMPT] implicit_task_end: parallel_id=0 thread_num=15
[OMPT] implicit_task_end: parallel_id=0 thread_num=8
[OMPT] implicit_task_end: parallel_id=0 thread_num=17
[OMPT] implicit_task_end: parallel_id=0 thread_num=10
[OMPT] implicit_task_end: parallel_id=0 thread_num=28
[OMPT] implicit_task_end: parallel_id=0 thread_num=19
[OMPT] implicit_task_begin: parallel_id=281474976710669 thread_num=0 team_size=32
[OMPT] implicit_task_begin: parallel_id=281474976710669 thread_num=8 team_size=32
[OMPT] implicit_task_begin: parallel_id=281474976710669 thread_num=16 team_size=32
[OMPT] implicit_task_begin: parallel_id=281474976710669 thread_num=4 team_size=32
[OMPT] implicit_task_begin: parallel_id=281474976710669 thread_num=17 team_size=32
[OMPT] implicit_task_end: parallel_id=0 thread_num=21
[OMPT] implicit_task_begin: parallel_id=281474976710669 thread_num=10 team_size=32
[OMPT] implicit_task_begin: parallel_id=281474976710669 thread_num=3 team_size=32
[OMPT] implicit_task_begin: parallel_id=281474976710669 thread_num=21 team_size=32
[OMPT] implicit_task_begin: parallel_id=281474976710669 thread_num=18 team_size=32
[OMPT] implicit_task_end: parallel_id=0 thread_num=2
[OMPT] implicit_task_end: parallel_id=0 thread_num=14
[OMPT] implicit_task_end: parallel_id=0 thread_num=13
[OMPT] implicit_task_begin: parallel_id=281474976710669 thread_num=20 team_size=32
[OMPT] implicit_task_begin: parallel_id=281474976710669 thread_num=2 team_size=32
[OMPT] implicit_task_end: parallel_id=0 thread_num=5
[OMPT] implicit_task_begin: parallel_id=281474976710669 thread_num=13 team_size=32
[OMPT] implicit_task_begin: parallel_id=281474976710669 thread_num=5 team_size=32
[OMPT] implicit_task_end: parallel_id=0 thread_num=6
[OMPT] implicit_task_begin: parallel_id=281474976710669 thread_num=6 team_size=32
[OMPT] implicit_task_end: parallel_id=0 thread_num=11
[OMPT] implicit_task_end: parallel_id=0 thread_num=9
[OMPT] implicit_task_begin: parallel_id=281474976710669 thread_num=11 team_size=32
[OMPT] implicit_task_begin: parallel_id=281474976710669 thread_num=9 team_size=32
[OMPT] implicit_task_end: parallel_id=0 thread_num=24
[OMPT] implicit_task_begin: parallel_id=281474976710669 thread_num=15 team_size=32
[OMPT] implicit_task_end: parallel_id=0 thread_num=27
[OMPT] implicit_task_end: parallel_id=0 thread_num=25
[OMPT] implicit_task_end: parallel_id=0 thread_num=31
[OMPT] implicit_task_begin: parallel_id=281474976710669 thread_num=27 team_size=32
[OMPT] implicit_task_end: parallel_id=0 thread_num=23
[OMPT] implicit_task_end: parallel_id=0 thread_num=29
[OMPT] implicit_task_begin: parallel_id=281474976710669 thread_num=23 team_size=32
[OMPT] implicit_task_begin: parallel_id=281474976710669 thread_num=28 team_size=32
[OMPT] implicit_task_end: parallel_id=0 thread_num=1
[OMPT] implicit_task_begin: parallel_id=281474976710669 thread_num=12 team_size=32
[OMPT] implicit_task_end: parallel_id=0 thread_num=26
[OMPT] implicit_task_begin: parallel_id=281474976710669 thread_num=26 team_size=32
[OMPT] implicit_task_begin: parallel_id=281474976710669 thread_num=24 team_size=32
[OMPT] implicit_task_end: parallel_id=0 thread_num=30
[OMPT] implicit_task_begin: parallel_id=281474976710669 thread_num=30 team_size=32
[OMPT] implicit_task_begin: parallel_id=281474976710669 thread_num=25 team_size=32
[OMPT] implicit_task_begin: parallel_id=281474976710669 thread_num=31 team_size=32
[OMPT] implicit_task_end: parallel_id=0 thread_num=22
[OMPT] implicit_task_begin: parallel_id=281474976710669 thread_num=22 team_size=32
[OMPT] implicit_task_begin: parallel_id=281474976710669 thread_num=29 team_size=32
[OMPT] implicit_task_begin: parallel_id=281474976710669 thread_num=14 team_size=32
[OMPT] implicit_task_end: parallel_id=0 thread_num=7
[OMPT] implicit_task_begin: parallel_id=281474976710669 thread_num=7 team_size=32
[OMPT] implicit_task_begin: parallel_id=281474976710669 thread_num=1 team_size=32
[OMPT] implicit_task_begin: parallel_id=281474976710669 thread_num=19 team_size=32
[OMPT] implicit_task_end: parallel_id=0 thread_num=0
[OMPT] parallel_end: parallel_id=281474976710669
[OMPT] parallel_begin: parallel_id=281474976710671 team_size=32
[OMPT] implicit_task_end: parallel_id=0 thread_num=16
[OMPT] implicit_task_end: parallel_id=0 thread_num=3
[OMPT] implicit_task_end: parallel_id=0 thread_num=20
[OMPT] implicit_task_end: parallel_id=0 thread_num=23
[OMPT] implicit_task_begin: parallel_id=281474976710671 thread_num=3 team_size=32
[OMPT] implicit_task_end: parallel_id=0 thread_num=2
[OMPT] implicit_task_end: parallel_id=0 thread_num=12
[OMPT] implicit_task_begin: parallel_id=281474976710671 thread_num=2 team_size=32
[OMPT] implicit_task_end: parallel_id=0 thread_num=17
[OMPT] implicit_task_end: parallel_id=0 thread_num=15
[OMPT] implicit_task_begin: parallel_id=281474976710671 thread_num=17 team_size=32
[OMPT] implicit_task_end: parallel_id=0 thread_num=18
[OMPT] implicit_task_begin: parallel_id=281474976710671 thread_num=15 team_size=32
[OMPT] implicit_task_end: parallel_id=0 thread_num=28
[OMPT] implicit_task_end: parallel_id=0 thread_num=19
[OMPT] implicit_task_begin: parallel_id=281474976710671 thread_num=28 team_size=32
[OMPT] implicit_task_begin: parallel_id=281474976710671 thread_num=19 team_size=32
[OMPT] implicit_task_end: parallel_id=0 thread_num=22
[OMPT] implicit_task_begin: parallel_id=281474976710671 thread_num=22 team_size=32
[OMPT] implicit_task_end: parallel_id=0 thread_num=4
[OMPT] implicit_task_end: parallel_id=0 thread_num=7
[OMPT] implicit_task_begin: parallel_id=281474976710671 thread_num=4 team_size=32
[OMPT] implicit_task_begin: parallel_id=281474976710671 thread_num=7 team_size=32
[OMPT] implicit_task_begin: parallel_id=281474976710671 thread_num=23 team_size=32
[OMPT] implicit_task_end: parallel_id=0 thread_num=8
[OMPT] implicit_task_end: parallel_id=0 thread_num=9
[OMPT] implicit_task_end: parallel_id=0 thread_num=10
[OMPT] implicit_task_begin: parallel_id=281474976710671 thread_num=9 team_size=32
[OMPT] implicit_task_begin: parallel_id=281474976710671 thread_num=12 team_size=32
[OMPT] implicit_task_begin: parallel_id=281474976710671 thread_num=0 team_size=32
[OMPT] implicit_task_end: parallel_id=0 thread_num=24
[OMPT] implicit_task_begin: parallel_id=281474976710671 thread_num=18 team_size=32
[OMPT] implicit_task_begin: parallel_id=281474976710671 thread_num=24 team_size=32
[OMPT] implicit_task_end: parallel_id=0 thread_num=30
[OMPT] implicit_task_end: parallel_id=0 thread_num=29
[OMPT] implicit_task_end: parallel_id=0 thread_num=31
[OMPT] implicit_task_begin: parallel_id=281474976710671 thread_num=29 team_size=32
[OMPT] implicit_task_begin: parallel_id=281474976710671 thread_num=16 team_size=32
[OMPT] implicit_task_end: parallel_id=0 thread_num=5
[OMPT] implicit_task_begin: parallel_id=281474976710671 thread_num=20 team_size=32
[OMPT] implicit_task_begin: parallel_id=281474976710671 thread_num=5 team_size=32
[OMPT] implicit_task_end: parallel_id=0 thread_num=11
[OMPT] implicit_task_end: parallel_id=0 thread_num=13
[OMPT] implicit_task_begin: parallel_id=281474976710671 thread_num=11 team_size=32
[OMPT] implicit_task_begin: parallel_id=281474976710671 thread_num=13 team_size=32
[OMPT] implicit_task_end: parallel_id=0 thread_num=14
[OMPT] implicit_task_begin: parallel_id=281474976710671 thread_num=10 team_size=32
[OMPT] implicit_task_end: parallel_id=0 thread_num=26
[OMPT] implicit_task_begin: parallel_id=281474976710671 thread_num=26 team_size=32
[OMPT] implicit_task_end: parallel_id=0 thread_num=27
[OMPT] implicit_task_begin: parallel_id=281474976710671 thread_num=27 team_size=32
[OMPT] implicit_task_begin: parallel_id=281474976710671 thread_num=30 team_size=32
[OMPT] implicit_task_end: parallel_id=0 thread_num=21
[OMPT] implicit_task_begin: parallel_id=281474976710671 thread_num=21 team_size=32
[OMPT] implicit_task_begin: parallel_id=281474976710671 thread_num=31 team_size=32
[OMPT] implicit_task_end: parallel_id=0 thread_num=6
[OMPT] implicit_task_begin: parallel_id=281474976710671 thread_num=6 team_size=32
[OMPT] implicit_task_end: parallel_id=0 thread_num=1
[OMPT] implicit_task_begin: parallel_id=281474976710671 thread_num=1 team_size=32
[OMPT] implicit_task_begin: parallel_id=281474976710671 thread_num=8 team_size=32
[OMPT] implicit_task_begin: parallel_id=281474976710671 thread_num=14 team_size=32
[OMPT] implicit_task_end: parallel_id=0 thread_num=25
[OMPT] implicit_task_begin: parallel_id=281474976710671 thread_num=25 team_size=32
[OMPT] implicit_task_end: parallel_id=0 thread_num=0
[OMPT] parallel_end: parallel_id=281474976710671
[OMPT] parallel_begin: parallel_id=281474976710673 team_size=32
[OMPT] implicit_task_end: parallel_id=0 thread_num=16
[OMPT] implicit_task_end: parallel_id=0 thread_num=12
[OMPT] implicit_task_begin: parallel_id=281474976710673 thread_num=0 team_size=32
[OMPT] implicit_task_end: parallel_id=0 thread_num=24
[OMPT] implicit_task_begin: parallel_id=281474976710673 thread_num=16 team_size=32
[OMPT] implicit_task_end: parallel_id=0 thread_num=15
[OMPT] implicit_task_end: parallel_id=0 thread_num=26
[OMPT] implicit_task_end: parallel_id=0 thread_num=1
[OMPT] implicit_task_begin: parallel_id=281474976710673 thread_num=15 team_size=32
[OMPT] implicit_task_begin: parallel_id=281474976710673 thread_num=26 team_size=32
[OMPT] implicit_task_begin: parallel_id=281474976710673 thread_num=1 team_size=32
[OMPT] implicit_task_end: parallel_id=0 thread_num=19
[OMPT] implicit_task_begin: parallel_id=281474976710673 thread_num=19 team_size=32
[OMPT] implicit_task_end: parallel_id=0 thread_num=13
[OMPT] implicit_task_begin: parallel_id=281474976710673 thread_num=13 team_size=32
[OMPT] implicit_task_end: parallel_id=0 thread_num=14
[OMPT] implicit_task_begin: parallel_id=281474976710673 thread_num=14 team_size=32
[OMPT] implicit_task_end: parallel_id=0 thread_num=27
[OMPT] implicit_task_begin: parallel_id=281474976710673 thread_num=27 team_size=32
[OMPT] implicit_task_end: parallel_id=0 thread_num=25
[OMPT] implicit_task_begin: parallel_id=281474976710673 thread_num=25 team_size=32
[OMPT] implicit_task_end: parallel_id=0 thread_num=2
[OMPT] implicit_task_begin: parallel_id=281474976710673 thread_num=2 team_size=32
[OMPT] implicit_task_begin: parallel_id=281474976710673 thread_num=12 team_size=32
[OMPT] implicit_task_end: parallel_id=0 thread_num=4
[OMPT] implicit_task_end: parallel_id=0 thread_num=7
[OMPT] implicit_task_begin: parallel_id=281474976710673 thread_num=4 team_size=32
[OMPT] implicit_task_end: parallel_id=0 thread_num=8
[OMPT] implicit_task_begin: parallel_id=281474976710673 thread_num=24 team_size=32
[OMPT] implicit_task_end: parallel_id=0 thread_num=11
[OMPT] implicit_task_end: parallel_id=0 thread_num=18
[OMPT] implicit_task_end: parallel_id=0 thread_num=28
[OMPT] implicit_task_end: parallel_id=0 thread_num=17
[OMPT] implicit_task_begin: parallel_id=281474976710673 thread_num=18 team_size=32
[OMPT] implicit_task_end: parallel_id=0 thread_num=20
[OMPT] implicit_task_begin: parallel_id=281474976710673 thread_num=17 team_size=32
[OMPT] implicit_task_end: parallel_id=0 thread_num=22
[OMPT] implicit_task_end: parallel_id=0 thread_num=5
[OMPT] implicit_task_end: parallel_id=0 thread_num=6
[OMPT] implicit_task_begin: parallel_id=281474976710673 thread_num=5 team_size=32
[OMPT] implicit_task_end: parallel_id=0 thread_num=9
[OMPT] implicit_task_begin: parallel_id=281474976710673 thread_num=8 team_size=32
[OMPT] implicit_task_begin: parallel_id=281474976710673 thread_num=9 team_size=32
[OMPT] implicit_task_end: parallel_id=0 thread_num=30
[OMPT] implicit_task_end: parallel_id=0 thread_num=31
[OMPT] implicit_task_begin: parallel_id=281474976710673 thread_num=30 team_size=32
[OMPT] implicit_task_begin: parallel_id=281474976710673 thread_num=31 team_size=32
[OMPT] implicit_task_end: parallel_id=0 thread_num=29
[OMPT] implicit_task_begin: parallel_id=281474976710673 thread_num=28 team_size=32
[OMPT] implicit_task_begin: parallel_id=281474976710673 thread_num=29 team_size=32
[OMPT] implicit_task_end: parallel_id=0 thread_num=21
[OMPT] implicit_task_end: parallel_id=0 thread_num=23
[OMPT] implicit_task_begin: parallel_id=281474976710673 thread_num=21 team_size=32
[OMPT] implicit_task_begin: parallel_id=281474976710673 thread_num=20 team_size=32
[OMPT] implicit_task_begin: parallel_id=281474976710673 thread_num=7 team_size=32
[OMPT] implicit_task_begin: parallel_id=281474976710673 thread_num=22 team_size=32
[OMPT] implicit_task_end: parallel_id=0 thread_num=3
[OMPT] implicit_task_begin: parallel_id=281474976710673 thread_num=3 team_size=32
[OMPT] implicit_task_begin: parallel_id=281474976710673 thread_num=6 team_size=32
[OMPT] implicit_task_begin: parallel_id=281474976710673 thread_num=11 team_size=32
[OMPT] implicit_task_begin: parallel_id=281474976710673 thread_num=23 team_size=32
[OMPT] implicit_task_end: parallel_id=0 thread_num=10
[OMPT] implicit_task_begin: parallel_id=281474976710673 thread_num=10 team_size=32
[OMPT] implicit_task_end: parallel_id=0 thread_num=0
[OMPT] parallel_end: parallel_id=281474976710673
[OMPT] parallel_begin: parallel_id=281474976710675 team_size=32
[OMPT] implicit_task_end: parallel_id=0 thread_num=16
[OMPT] implicit_task_end: parallel_id=0 thread_num=3
[OMPT] implicit_task_end: parallel_id=0 thread_num=20
[OMPT] implicit_task_begin: parallel_id=281474976710675 thread_num=0 team_size=32
[OMPT] implicit_task_end: parallel_id=0 thread_num=22
[OMPT] implicit_task_begin: parallel_id=281474976710675 thread_num=16 team_size=32
[OMPT] implicit_task_begin: parallel_id=281474976710675 thread_num=3 team_size=32
[OMPT] implicit_task_begin: parallel_id=281474976710675 thread_num=20 team_size=32
[OMPT] implicit_task_end: parallel_id=0 thread_num=18
[OMPT] implicit_task_end: parallel_id=0 thread_num=24
[OMPT] implicit_task_end: parallel_id=0 thread_num=17
[OMPT] implicit_task_end: parallel_id=0 thread_num=25
[OMPT] implicit_task_begin: parallel_id=281474976710675 thread_num=24 team_size=32
[OMPT] implicit_task_end: parallel_id=0 thread_num=19
[OMPT] implicit_task_end: parallel_id=0 thread_num=21
[OMPT] implicit_task_end: parallel_id=0 thread_num=2
[OMPT] implicit_task_end: parallel_id=0 thread_num=4
[OMPT] implicit_task_begin: parallel_id=281474976710675 thread_num=21 team_size=32
[OMPT] implicit_task_end: parallel_id=0 thread_num=12
[OMPT] implicit_task_begin: parallel_id=281474976710675 thread_num=2 team_size=32
[OMPT] implicit_task_end: parallel_id=0 thread_num=14
[OMPT] implicit_task_end: parallel_id=0 thread_num=15
[OMPT] implicit_task_begin: parallel_id=281474976710675 thread_num=12 team_size=32
[OMPT] implicit_task_end: parallel_id=0 thread_num=26
[OMPT] implicit_task_begin: parallel_id=281474976710675 thread_num=15 team_size=32
[OMPT] implicit_task_begin: parallel_id=281474976710675 thread_num=26 team_size=32
[OMPT] implicit_task_end: parallel_id=0 thread_num=23
[OMPT] implicit_task_begin: parallel_id=281474976710675 thread_num=25 team_size=32
[OMPT] implicit_task_begin: parallel_id=281474976710675 thread_num=19 team_size=32
[OMPT] implicit_task_end: parallel_id=0 thread_num=7
[OMPT] implicit_task_end: parallel_id=0 thread_num=5
[OMPT] implicit_task_begin: parallel_id=281474976710675 thread_num=7 team_size=32
[OMPT] implicit_task_begin: parallel_id=281474976710675 thread_num=5 team_size=32
[OMPT] implicit_task_begin: parallel_id=281474976710675 thread_num=22 team_size=32
[OMPT] implicit_task_end: parallel_id=0 thread_num=13
[OMPT] implicit_task_begin: parallel_id=281474976710675 thread_num=13 team_size=32
[OMPT] implicit_task_end: parallel_id=0 thread_num=8
[OMPT] implicit_task_end: parallel_id=0 thread_num=9
[OMPT] implicit_task_begin: parallel_id=281474976710675 thread_num=4 team_size=32
[OMPT] implicit_task_begin: parallel_id=281474976710675 thread_num=8 team_size=32
[OMPT] implicit_task_begin: parallel_id=281474976710675 thread_num=9 team_size=32
[OMPT] implicit_task_end: parallel_id=0 thread_num=27
[OMPT] implicit_task_begin: parallel_id=281474976710675 thread_num=14 team_size=32
[OMPT] implicit_task_end: parallel_id=0 thread_num=28
[OMPT] implicit_task_end: parallel_id=0 thread_num=31
[OMPT] implicit_task_begin: parallel_id=281474976710675 thread_num=28 team_size=32
[OMPT] implicit_task_begin: parallel_id=281474976710675 thread_num=23 team_size=32
[OMPT] implicit_task_end: parallel_id=0 thread_num=1
[OMPT] implicit_task_end: parallel_id=0 thread_num=6
[OMPT] implicit_task_end: parallel_id=0 thread_num=11
[OMPT] implicit_task_begin: parallel_id=281474976710675 thread_num=6 team_size=32
[OMPT] implicit_task_begin: parallel_id=281474976710675 thread_num=18 team_size=32
[OMPT] implicit_task_begin: parallel_id=281474976710675 thread_num=11 team_size=32
[OMPT] implicit_task_end: parallel_id=0 thread_num=30
[OMPT] implicit_task_end: parallel_id=0 thread_num=29
[OMPT] implicit_task_begin: parallel_id=281474976710675 thread_num=30 team_size=32
[OMPT] implicit_task_begin: parallel_id=281474976710675 thread_num=17 team_size=32
[OMPT] implicit_task_begin: parallel_id=281474976710675 thread_num=31 team_size=32
[OMPT] implicit_task_end: parallel_id=0 thread_num=10
[OMPT] implicit_task_begin: parallel_id=281474976710675 thread_num=1 team_size=32
[OMPT] implicit_task_begin: parallel_id=281474976710675 thread_num=27 team_size=32
[OMPT] implicit_task_begin: parallel_id=281474976710675 thread_num=10 team_size=32
[OMPT] implicit_task_begin: parallel_id=281474976710675 thread_num=29 team_size=32
[OMPT] implicit_task_end: parallel_id=0 thread_num=0
[OMPT] parallel_end: parallel_id=281474976710675
[OMPT] parallel_begin: parallel_id=281474976710677 team_size=32
[OMPT] implicit_task_end: parallel_id=0 thread_num=16
[OMPT] implicit_task_end: parallel_id=0 thread_num=4
[OMPT] implicit_task_begin: parallel_id=281474976710677 thread_num=0 team_size=32
[OMPT] implicit_task_end: parallel_id=0 thread_num=18
[OMPT] implicit_task_begin: parallel_id=281474976710677 thread_num=16 team_size=32
[OMPT] implicit_task_end: parallel_id=0 thread_num=8
[OMPT] implicit_task_begin: parallel_id=281474976710677 thread_num=18 team_size=32
[OMPT] implicit_task_end: parallel_id=0 thread_num=9
[OMPT] implicit_task_end: parallel_id=0 thread_num=2
[OMPT] implicit_task_begin: parallel_id=281474976710677 thread_num=9 team_size=32
[OMPT] implicit_task_end: parallel_id=0 thread_num=28
[OMPT] implicit_task_begin: parallel_id=281474976710677 thread_num=2 team_size=32
[OMPT] implicit_task_end: parallel_id=0 thread_num=31
[OMPT] implicit_task_begin: parallel_id=281474976710677 thread_num=28 team_size=32
[OMPT] implicit_task_end: parallel_id=0 thread_num=6
[OMPT] implicit_task_end: parallel_id=0 thread_num=24
[OMPT] implicit_task_begin: parallel_id=281474976710677 thread_num=4 team_size=32
[OMPT] implicit_task_begin: parallel_id=281474976710677 thread_num=24 team_size=32
[OMPT] implicit_task_end: parallel_id=0 thread_num=12
[OMPT] implicit_task_end: parallel_id=0 thread_num=11
[OMPT] implicit_task_end: parallel_id=0 thread_num=13
[OMPT] implicit_task_begin: parallel_id=281474976710677 thread_num=12 team_size=32
[OMPT] implicit_task_begin: parallel_id=281474976710677 thread_num=8 team_size=32
[OMPT] implicit_task_end: parallel_id=0 thread_num=1
[OMPT] implicit_task_begin: parallel_id=281474976710677 thread_num=11 team_size=32
[OMPT] implicit_task_begin: parallel_id=281474976710677 thread_num=1 team_size=32
[OMPT] implicit_task_end: parallel_id=0 thread_num=7
[OMPT] implicit_task_begin: parallel_id=281474976710677 thread_num=7 team_size=32
[OMPT] implicit_task_end: parallel_id=0 thread_num=30
[OMPT] implicit_task_begin: parallel_id=281474976710677 thread_num=30 team_size=32
[OMPT] implicit_task_end: parallel_id=0 thread_num=29
[OMPT] implicit_task_begin: parallel_id=281474976710677 thread_num=29 team_size=32
[OMPT] implicit_task_end: parallel_id=0 thread_num=5
[OMPT] implicit_task_begin: parallel_id=281474976710677 thread_num=5 team_size=32
[OMPT] implicit_task_end: parallel_id=0 thread_num=19
[OMPT] implicit_task_begin: parallel_id=281474976710677 thread_num=19 team_size=32
[OMPT] implicit_task_begin: parallel_id=281474976710677 thread_num=31 team_size=32
[OMPT] implicit_task_begin: parallel_id=281474976710677 thread_num=6 team_size=32
[OMPT] implicit_task_end: parallel_id=0 thread_num=27
[OMPT] implicit_task_begin: parallel_id=281474976710677 thread_num=27 team_size=32
[OMPT] implicit_task_end: parallel_id=0 thread_num=25
[OMPT] implicit_task_begin: parallel_id=281474976710677 thread_num=25 team_size=32
[OMPT] implicit_task_end: parallel_id=0 thread_num=26
[OMPT] implicit_task_begin: parallel_id=281474976710677 thread_num=26 team_size=32
[OMPT] implicit_task_end: parallel_id=0 thread_num=15
[OMPT] implicit_task_begin: parallel_id=281474976710677 thread_num=15 team_size=32
[OMPT] implicit_task_end: parallel_id=0 thread_num=14
[OMPT] implicit_task_begin: parallel_id=281474976710677 thread_num=14 team_size=32
[OMPT] implicit_task_end: parallel_id=0 thread_num=10
[OMPT] implicit_task_begin: parallel_id=281474976710677 thread_num=10 team_size=32
[OMPT] implicit_task_end: parallel_id=0 thread_num=3
[OMPT] implicit_task_begin: parallel_id=281474976710677 thread_num=3 team_size=32
[OMPT] implicit_task_begin: parallel_id=281474976710677 thread_num=13 team_size=32
[OMPT] implicit_task_end: parallel_id=0 thread_num=17
[OMPT] implicit_task_begin: parallel_id=281474976710677 thread_num=17 team_size=32
[OMPT] implicit_task_end: parallel_id=0 thread_num=20
[OMPT] implicit_task_end: parallel_id=0 thread_num=23
[OMPT] implicit_task_begin: parallel_id=281474976710677 thread_num=20 team_size=32
[OMPT] implicit_task_begin: parallel_id=281474976710677 thread_num=23 team_size=32
[OMPT] implicit_task_end: parallel_id=0 thread_num=21
[OMPT] implicit_task_begin: parallel_id=281474976710677 thread_num=21 team_size=32
[OMPT] implicit_task_end: parallel_id=0 thread_num=22
[OMPT] implicit_task_begin: parallel_id=281474976710677 thread_num=22 team_size=32
[OMPT] implicit_task_end: parallel_id=0 thread_num=0
[OMPT] parallel_end: parallel_id=281474976710677
[OMPT] parallel_begin: parallel_id=281474976710679 team_size=32
[OMPT] implicit_task_end: parallel_id=0 thread_num=16
[OMPT] implicit_task_end: parallel_id=0 thread_num=8
[OMPT] implicit_task_end: parallel_id=0 thread_num=24
[OMPT] implicit_task_end: parallel_id=0 thread_num=10
[OMPT] implicit_task_end: parallel_id=0 thread_num=12
[OMPT] implicit_task_end: parallel_id=0 thread_num=4
[OMPT] implicit_task_end: parallel_id=0 thread_num=14
[OMPT] implicit_task_end: parallel_id=0 thread_num=2
[OMPT] implicit_task_end: parallel_id=0 thread_num=7
[OMPT] implicit_task_end: parallel_id=0 thread_num=17
[OMPT] implicit_task_begin: parallel_id=281474976710679 thread_num=4 team_size=32
[OMPT] implicit_task_begin: parallel_id=281474976710679 thread_num=7 team_size=32
[OMPT] implicit_task_begin: parallel_id=281474976710679 thread_num=17 team_size=32
[OMPT] implicit_task_end: parallel_id=0 thread_num=19
[OMPT] implicit_task_begin: parallel_id=281474976710679 thread_num=2 team_size=32
[OMPT] implicit_task_end: parallel_id=0 thread_num=9
[OMPT] implicit_task_end: parallel_id=0 thread_num=27
[OMPT] implicit_task_begin: parallel_id=281474976710679 thread_num=9 team_size=32
[OMPT] implicit_task_begin: parallel_id=281474976710679 thread_num=27 team_size=32
[OMPT] implicit_task_end: parallel_id=0 thread_num=1
[OMPT] implicit_task_begin: parallel_id=281474976710679 thread_num=1 team_size=32
[OMPT] implicit_task_begin: parallel_id=281474976710679 thread_num=24 team_size=32
[OMPT] implicit_task_begin: parallel_id=281474976710679 thread_num=8 team_size=32
[OMPT] implicit_task_end: parallel_id=0 thread_num=13
[OMPT] implicit_task_begin: parallel_id=281474976710679 thread_num=13 team_size=32
[OMPT] implicit_task_end: parallel_id=0 thread_num=15
[OMPT] implicit_task_begin: parallel_id=281474976710679 thread_num=15 team_size=32
[OMPT] implicit_task_begin: parallel_id=281474976710679 thread_num=10 team_size=32
[OMPT] implicit_task_end: parallel_id=0 thread_num=5
[OMPT] implicit_task_begin: parallel_id=281474976710679 thread_num=5 team_size=32
[OMPT] implicit_task_end: parallel_id=0 thread_num=3
[OMPT] implicit_task_begin: parallel_id=281474976710679 thread_num=3 team_size=32
[OMPT] implicit_task_end: parallel_id=0 thread_num=6
[OMPT] implicit_task_begin: parallel_id=281474976710679 thread_num=6 team_size=32
[OMPT] implicit_task_begin: parallel_id=281474976710679 thread_num=12 team_size=32
[OMPT] implicit_task_end: parallel_id=0 thread_num=20
[OMPT] implicit_task_end: parallel_id=0 thread_num=23
[OMPT] implicit_task_end: parallel_id=0 thread_num=28
[OMPT] implicit_task_begin: parallel_id=281474976710679 thread_num=23 team_size=32
[OMPT] implicit_task_end: parallel_id=0 thread_num=30
[OMPT] implicit_task_end: parallel_id=0 thread_num=31
[OMPT] implicit_task_begin: parallel_id=281474976710679 thread_num=28 team_size=32
[OMPT] implicit_task_begin: parallel_id=281474976710679 thread_num=30 team_size=32
[OMPT] implicit_task_begin: parallel_id=281474976710679 thread_num=19 team_size=32
[OMPT] implicit_task_begin: parallel_id=281474976710679 thread_num=31 team_size=32
[OMPT] implicit_task_end: parallel_id=0 thread_num=25
[OMPT] implicit_task_end: parallel_id=0 thread_num=26
[OMPT] implicit_task_begin: parallel_id=281474976710679 thread_num=25 team_size=32
[OMPT] implicit_task_begin: parallel_id=281474976710679 thread_num=26 team_size=32
[OMPT] implicit_task_end: parallel_id=0 thread_num=21
[OMPT] implicit_task_begin: parallel_id=281474976710679 thread_num=20 team_size=32
[OMPT] implicit_task_begin: parallel_id=281474976710679 thread_num=21 team_size=32
[OMPT] implicit_task_end: parallel_id=0 thread_num=18
[OMPT] implicit_task_begin: parallel_id=281474976710679 thread_num=0 team_size=32
[OMPT] implicit_task_begin: parallel_id=281474976710679 thread_num=18 team_size=32
[OMPT] implicit_task_begin: parallel_id=281474976710679 thread_num=14 team_size=32
[OMPT] implicit_task_end: parallel_id=0 thread_num=11
[OMPT] implicit_task_begin: parallel_id=281474976710679 thread_num=11 team_size=32
[OMPT] implicit_task_begin: parallel_id=281474976710679 thread_num=16 team_size=32
[OMPT] implicit_task_end: parallel_id=0 thread_num=22
[OMPT] implicit_task_begin: parallel_id=281474976710679 thread_num=22 team_size=32
[OMPT] implicit_task_end: parallel_id=0 thread_num=29
[OMPT] implicit_task_begin: parallel_id=281474976710679 thread_num=29 team_size=32
[OMPT] implicit_task_end: parallel_id=0 thread_num=0
[OMPT] parallel_end: parallel_id=281474976710679
[OMPT] parallel_begin: parallel_id=281474976710681 team_size=32
[OMPT] implicit_task_end: parallel_id=0 thread_num=16
[OMPT] implicit_task_end: parallel_id=0 thread_num=8
[OMPT] implicit_task_end: parallel_id=0 thread_num=3
[OMPT] implicit_task_end: parallel_id=0 thread_num=10
[OMPT] implicit_task_begin: parallel_id=281474976710681 thread_num=16 team_size=32
[OMPT] implicit_task_end: parallel_id=0 thread_num=1
[OMPT] implicit_task_begin: parallel_id=281474976710681 thread_num=3 team_size=32
[OMPT] implicit_task_end: parallel_id=0 thread_num=12
[OMPT] implicit_task_end: parallel_id=0 thread_num=17
[OMPT] implicit_task_end: parallel_id=0 thread_num=14
[OMPT] implicit_task_end: parallel_id=0 thread_num=24
[OMPT] implicit_task_begin: parallel_id=281474976710681 thread_num=12 team_size=32
[OMPT] implicit_task_end: parallel_id=0 thread_num=26
[OMPT] implicit_task_end: parallel_id=0 thread_num=19
[OMPT] implicit_task_begin: parallel_id=281474976710681 thread_num=24 team_size=32
[OMPT] implicit_task_begin: parallel_id=281474976710681 thread_num=26 team_size=32
[OMPT] implicit_task_end: parallel_id=0 thread_num=20
[OMPT] implicit_task_end: parallel_id=0 thread_num=9
[OMPT] implicit_task_begin: parallel_id=281474976710681 thread_num=20 team_size=32
[OMPT] implicit_task_begin: parallel_id=281474976710681 thread_num=8 team_size=32
[OMPT] implicit_task_begin: parallel_id=281474976710681 thread_num=9 team_size=32
[OMPT] implicit_task_begin: parallel_id=281474976710681 thread_num=10 team_size=32
[OMPT] implicit_task_begin: parallel_id=281474976710681 thread_num=0 team_size=32
[OMPT] implicit_task_end: parallel_id=0 thread_num=2
[OMPT] implicit_task_begin: parallel_id=281474976710681 thread_num=1 team_size=32
[OMPT] implicit_task_end: parallel_id=0 thread_num=15
[OMPT] implicit_task_end: parallel_id=0 thread_num=13
[OMPT] implicit_task_begin: parallel_id=281474976710681 thread_num=15 team_size=32
[OMPT] implicit_task_begin: parallel_id=281474976710681 thread_num=13 team_size=32
[OMPT] implicit_task_end: parallel_id=0 thread_num=27
[OMPT] implicit_task_end: parallel_id=0 thread_num=25
[OMPT] implicit_task_begin: parallel_id=281474976710681 thread_num=14 team_size=32
[OMPT] implicit_task_begin: parallel_id=281474976710681 thread_num=17 team_size=32
[OMPT] implicit_task_end: parallel_id=0 thread_num=11
[OMPT] implicit_task_begin: parallel_id=281474976710681 thread_num=19 team_size=32
[OMPT] implicit_task_end: parallel_id=0 thread_num=4
[OMPT] implicit_task_begin: parallel_id=281474976710681 thread_num=11 team_size=32
[OMPT] implicit_task_end: parallel_id=0 thread_num=6
[OMPT] implicit_task_end: parallel_id=0 thread_num=21
[OMPT] implicit_task_begin: parallel_id=281474976710681 thread_num=21 team_size=32
[OMPT] implicit_task_end: parallel_id=0 thread_num=18
[OMPT] implicit_task_end: parallel_id=0 thread_num=28
[OMPT] implicit_task_begin: parallel_id=281474976710681 thread_num=18 team_size=32
[OMPT] implicit_task_begin: parallel_id=281474976710681 thread_num=27 team_size=32
[OMPT] implicit_task_begin: parallel_id=281474976710681 thread_num=25 team_size=32
[OMPT] implicit_task_end: parallel_id=0 thread_num=23
[OMPT] implicit_task_end: parallel_id=0 thread_num=5
[OMPT] implicit_task_begin: parallel_id=281474976710681 thread_num=23 team_size=32
[OMPT] implicit_task_begin: parallel_id=281474976710681 thread_num=5 team_size=32
[OMPT] implicit_task_begin: parallel_id=281474976710681 thread_num=4 team_size=32
[OMPT] implicit_task_begin: parallel_id=281474976710681 thread_num=6 team_size=32
[OMPT] implicit_task_end: parallel_id=0 thread_num=30
[OMPT] implicit_task_begin: parallel_id=281474976710681 thread_num=30 team_size=32
[OMPT] implicit_task_end: parallel_id=0 thread_num=31
[OMPT] implicit_task_begin: parallel_id=281474976710681 thread_num=31 team_size=32
[OMPT] implicit_task_end: parallel_id=0 thread_num=29
[OMPT] implicit_task_begin: parallel_id=281474976710681 thread_num=29 team_size=32
[OMPT] implicit_task_begin: parallel_id=281474976710681 thread_num=28 team_size=32
[OMPT] implicit_task_end: parallel_id=0 thread_num=7
[OMPT] implicit_task_begin: parallel_id=281474976710681 thread_num=7 team_size=32
[OMPT] implicit_task_end: parallel_id=0 thread_num=22
[OMPT] implicit_task_begin: parallel_id=281474976710681 thread_num=2 team_size=32
[OMPT] implicit_task_begin: parallel_id=281474976710681 thread_num=22 team_size=32
[OMPT] implicit_task_end: parallel_id=0 thread_num=0
[OMPT] parallel_end: parallel_id=281474976710681
[OMPT] parallel_begin: parallel_id=281474976710683 team_size=32
[OMPT] implicit_task_end: parallel_id=0 thread_num=16
[OMPT] implicit_task_end: parallel_id=0 thread_num=8
[OMPT] implicit_task_end: parallel_id=0 thread_num=28
[OMPT] implicit_task_begin: parallel_id=281474976710683 thread_num=0 team_size=32
[OMPT] implicit_task_end: parallel_id=0 thread_num=10
[OMPT] implicit_task_end: parallel_id=0 thread_num=29
[OMPT] implicit_task_begin: parallel_id=281474976710683 thread_num=8 team_size=32
[OMPT] implicit_task_end: parallel_id=0 thread_num=31
[OMPT] implicit_task_end: parallel_id=0 thread_num=2
[OMPT] implicit_task_end: parallel_id=0 thread_num=17
[OMPT] implicit_task_end: parallel_id=0 thread_num=20
[OMPT] implicit_task_end: parallel_id=0 thread_num=22
[OMPT] implicit_task_begin: parallel_id=281474976710683 thread_num=31 team_size=32
[OMPT] implicit_task_end: parallel_id=0 thread_num=11
[OMPT] implicit_task_begin: parallel_id=281474976710683 thread_num=22 team_size=32
[OMPT] implicit_task_end: parallel_id=0 thread_num=19
[OMPT] implicit_task_end: parallel_id=0 thread_num=12
[OMPT] implicit_task_end: parallel_id=0 thread_num=4
[OMPT] implicit_task_end: parallel_id=0 thread_num=14
[OMPT] implicit_task_end: parallel_id=0 thread_num=6
[OMPT] implicit_task_begin: parallel_id=281474976710683 thread_num=11 team_size=32
[OMPT] implicit_task_begin: parallel_id=281474976710683 thread_num=28 team_size=32
[OMPT] implicit_task_end: parallel_id=0 thread_num=3
[OMPT] implicit_task_begin: parallel_id=281474976710683 thread_num=29 team_size=32
[OMPT] implicit_task_begin: parallel_id=281474976710683 thread_num=12 team_size=32
[OMPT] implicit_task_end: parallel_id=0 thread_num=23
[OMPT] implicit_task_begin: parallel_id=281474976710683 thread_num=14 team_size=32
[OMPT] implicit_task_begin: parallel_id=281474976710683 thread_num=3 team_size=32
[OMPT] implicit_task_begin: parallel_id=281474976710683 thread_num=23 team_size=32
[OMPT] implicit_task_end: parallel_id=0 thread_num=24
[OMPT] implicit_task_begin: parallel_id=281474976710683 thread_num=17 team_size=32
[OMPT] implicit_task_end: parallel_id=0 thread_num=27
[OMPT] implicit_task_begin: parallel_id=281474976710683 thread_num=24 team_size=32
[OMPT] implicit_task_begin: parallel_id=281474976710683 thread_num=20 team_size=32
[OMPT] implicit_task_end: parallel_id=0 thread_num=9
[OMPT] implicit_task_end: parallel_id=0 thread_num=15
[OMPT] implicit_task_begin: parallel_id=281474976710683 thread_num=9 team_size=32
[OMPT] implicit_task_end: parallel_id=0 thread_num=30
[OMPT] implicit_task_end: parallel_id=0 thread_num=13
[OMPT] implicit_task_begin: parallel_id=281474976710683 thread_num=30 team_size=32
[OMPT] implicit_task_begin: parallel_id=281474976710683 thread_num=13 team_size=32
[OMPT] implicit_task_end: parallel_id=0 thread_num=7
[OMPT] implicit_task_end: parallel_id=0 thread_num=5
[OMPT] implicit_task_begin: parallel_id=281474976710683 thread_num=7 team_size=32
[OMPT] implicit_task_end: parallel_id=0 thread_num=1
[OMPT] implicit_task_begin: parallel_id=281474976710683 thread_num=1 team_size=32
[OMPT] implicit_task_begin: parallel_id=281474976710683 thread_num=4 team_size=32
[OMPT] implicit_task_begin: parallel_id=281474976710683 thread_num=10 team_size=32
[OMPT] implicit_task_end: parallel_id=0 thread_num=18
[OMPT] implicit_task_begin: parallel_id=281474976710683 thread_num=6 team_size=32
[OMPT] implicit_task_end: parallel_id=0 thread_num=21
[OMPT] implicit_task_begin: parallel_id=281474976710683 thread_num=21 team_size=32
[OMPT] implicit_task_end: parallel_id=0 thread_num=25
[OMPT] implicit_task_begin: parallel_id=281474976710683 thread_num=25 team_size=32
[OMPT] implicit_task_end: parallel_id=0 thread_num=26
[OMPT] implicit_task_begin: parallel_id=281474976710683 thread_num=26 team_size=32
[OMPT] implicit_task_begin: parallel_id=281474976710683 thread_num=27 team_size=32
[OMPT] implicit_task_begin: parallel_id=281474976710683 thread_num=2 team_size=32
[OMPT] implicit_task_begin: parallel_id=281474976710683 thread_num=16 team_size=32
[OMPT] implicit_task_begin: parallel_id=281474976710683 thread_num=15 team_size=32
[OMPT] implicit_task_begin: parallel_id=281474976710683 thread_num=19 team_size=32
[OMPT] implicit_task_begin: parallel_id=281474976710683 thread_num=5 team_size=32
[OMPT] implicit_task_begin: parallel_id=281474976710683 thread_num=18 team_size=32
[OMPT] implicit_task_end: parallel_id=0 thread_num=0
[OMPT] parallel_end: parallel_id=281474976710683
[OMPT] parallel_begin: parallel_id=281474976710685 team_size=32
[OMPT] implicit_task_end: parallel_id=0 thread_num=16
[OMPT] implicit_task_end: parallel_id=0 thread_num=1
[OMPT] implicit_task_end: parallel_id=0 thread_num=4
[OMPT] implicit_task_end: parallel_id=0 thread_num=24
[OMPT] implicit_task_begin: parallel_id=281474976710685 thread_num=16 team_size=32
[OMPT] implicit_task_end: parallel_id=0 thread_num=7
[OMPT] implicit_task_end: parallel_id=0 thread_num=26
[OMPT] implicit_task_end: parallel_id=0 thread_num=3
[OMPT] implicit_task_begin: parallel_id=281474976710685 thread_num=0 team_size=32
[OMPT] implicit_task_end: parallel_id=0 thread_num=17
[OMPT] implicit_task_begin: parallel_id=281474976710685 thread_num=3 team_size=32
[OMPT] implicit_task_end: parallel_id=0 thread_num=19
[OMPT] implicit_task_begin: parallel_id=281474976710685 thread_num=17 team_size=32
[OMPT] implicit_task_begin: parallel_id=281474976710685 thread_num=19 team_size=32
[OMPT] implicit_task_end: parallel_id=0 thread_num=12
[OMPT] implicit_task_end: parallel_id=0 thread_num=27
[OMPT] implicit_task_end: parallel_id=0 thread_num=15
[OMPT] implicit_task_end: parallel_id=0 thread_num=5
[OMPT] implicit_task_begin: parallel_id=281474976710685 thread_num=12 team_size=32
[OMPT] implicit_task_end: parallel_id=0 thread_num=8
[OMPT] implicit_task_begin: parallel_id=281474976710685 thread_num=5 team_size=32
[OMPT] implicit_task_end: parallel_id=0 thread_num=9
[OMPT] implicit_task_end: parallel_id=0 thread_num=2
[OMPT] implicit_task_begin: parallel_id=281474976710685 thread_num=9 team_size=32
[OMPT] implicit_task_begin: parallel_id=281474976710685 thread_num=24 team_size=32
[OMPT] implicit_task_end: parallel_id=0 thread_num=18
[OMPT] implicit_task_begin: parallel_id=281474976710685 thread_num=26 team_size=32
[OMPT] implicit_task_end: parallel_id=0 thread_num=20
[OMPT] implicit_task_end: parallel_id=0 thread_num=23
[OMPT] implicit_task_end: parallel_id=0 thread_num=28
[OMPT] implicit_task_begin: parallel_id=281474976710685 thread_num=20 team_size=32
[OMPT] implicit_task_end: parallel_id=0 thread_num=30
[OMPT] implicit_task_begin: parallel_id=281474976710685 thread_num=23 team_size=32
[OMPT] implicit_task_begin: parallel_id=281474976710685 thread_num=28 team_size=32
[OMPT] implicit_task_end: parallel_id=0 thread_num=13
[OMPT] implicit_task_begin: parallel_id=281474976710685 thread_num=27 team_size=32
[OMPT] implicit_task_end: parallel_id=0 thread_num=10
[OMPT] implicit_task_begin: parallel_id=281474976710685 thread_num=10 team_size=32
[OMPT] implicit_task_begin: parallel_id=281474976710685 thread_num=1 team_size=32
[OMPT] implicit_task_begin: parallel_id=281474976710685 thread_num=4 team_size=32
[OMPT] implicit_task_begin: parallel_id=281474976710685 thread_num=2 team_size=32
[OMPT] implicit_task_begin: parallel_id=281474976710685 thread_num=7 team_size=32
[OMPT] implicit_task_begin: parallel_id=281474976710685 thread_num=18 team_size=32
[OMPT] implicit_task_end: parallel_id=0 thread_num=22
[OMPT] implicit_task_begin: parallel_id=281474976710685 thread_num=22 team_size=32
[OMPT] implicit_task_end: parallel_id=0 thread_num=14
[OMPT] implicit_task_begin: parallel_id=281474976710685 thread_num=14 team_size=32
[OMPT] implicit_task_end: parallel_id=0 thread_num=31
[OMPT] implicit_task_begin: parallel_id=281474976710685 thread_num=31 team_size=32
[OMPT] implicit_task_end: parallel_id=0 thread_num=29
[OMPT] implicit_task_begin: parallel_id=281474976710685 thread_num=29 team_size=32
[OMPT] implicit_task_end: parallel_id=0 thread_num=25
[OMPT] implicit_task_begin: parallel_id=281474976710685 thread_num=25 team_size=32
[OMPT] implicit_task_begin: parallel_id=281474976710685 thread_num=30 team_size=32
[OMPT] implicit_task_begin: parallel_id=281474976710685 thread_num=15 team_size=32
[OMPT] implicit_task_begin: parallel_id=281474976710685 thread_num=13 team_size=32
[OMPT] implicit_task_end: parallel_id=0 thread_num=6
[OMPT] implicit_task_begin: parallel_id=281474976710685 thread_num=6 team_size=32
[OMPT] implicit_task_end: parallel_id=0 thread_num=11
[OMPT] implicit_task_begin: parallel_id=281474976710685 thread_num=11 team_size=32
[OMPT] implicit_task_begin: parallel_id=281474976710685 thread_num=8 team_size=32
[OMPT] implicit_task_end: parallel_id=0 thread_num=21
[OMPT] implicit_task_begin: parallel_id=281474976710685 thread_num=21 team_size=32
[OMPT] implicit_task_end: parallel_id=0 thread_num=0
[OMPT] parallel_end: parallel_id=281474976710685
[OMPT] parallel_begin: parallel_id=281474976710687 team_size=32
[OMPT] implicit_task_end: parallel_id=0 thread_num=16
[OMPT] implicit_task_end: parallel_id=0 thread_num=8
[OMPT] implicit_task_begin: parallel_id=281474976710687 thread_num=0 team_size=32
[OMPT] implicit_task_end: parallel_id=0 thread_num=11
[OMPT] implicit_task_begin: parallel_id=281474976710687 thread_num=16 team_size=32
[OMPT] implicit_task_begin: parallel_id=281474976710687 thread_num=8 team_size=32
[OMPT] implicit_task_end: parallel_id=0 thread_num=12
[OMPT] implicit_task_end: parallel_id=0 thread_num=2
[OMPT] implicit_task_end: parallel_id=0 thread_num=13
[OMPT] implicit_task_end: parallel_id=0 thread_num=20
[OMPT] implicit_task_begin: parallel_id=281474976710687 thread_num=2 team_size=32
[OMPT] implicit_task_end: parallel_id=0 thread_num=22
[OMPT] implicit_task_end: parallel_id=0 thread_num=21
[OMPT] implicit_task_begin: parallel_id=281474976710687 thread_num=20 team_size=32
[OMPT] implicit_task_begin: parallel_id=281474976710687 thread_num=22 team_size=32
[OMPT] implicit_task_begin: parallel_id=281474976710687 thread_num=21 team_size=32
[OMPT] implicit_task_end: parallel_id=0 thread_num=10
[OMPT] implicit_task_end: parallel_id=0 thread_num=17
[OMPT] implicit_task_begin: parallel_id=281474976710687 thread_num=10 team_size=32
[OMPT] implicit_task_begin: parallel_id=281474976710687 thread_num=17 team_size=32
[OMPT] implicit_task_end: parallel_id=0 thread_num=15
[OMPT] implicit_task_end: parallel_id=0 thread_num=14
[OMPT] implicit_task_begin: parallel_id=281474976710687 thread_num=15 team_size=32
[OMPT] implicit_task_end: parallel_id=0 thread_num=3
[OMPT] implicit_task_end: parallel_id=0 thread_num=18
[OMPT] implicit_task_begin: parallel_id=281474976710687 thread_num=12 team_size=32
[OMPT] implicit_task_begin: parallel_id=281474976710687 thread_num=18 team_size=32
[OMPT] implicit_task_end: parallel_id=0 thread_num=23
[OMPT] implicit_task_end: parallel_id=0 thread_num=19
[OMPT] implicit_task_begin: parallel_id=281474976710687 thread_num=13 team_size=32
[OMPT] implicit_task_begin: parallel_id=281474976710687 thread_num=19 team_size=32
[OMPT] implicit_task_end: parallel_id=0 thread_num=1
[OMPT] implicit_task_end: parallel_id=0 thread_num=4
[OMPT] implicit_task_end: parallel_id=0 thread_num=7
[OMPT] implicit_task_begin: parallel_id=281474976710687 thread_num=11 team_size=32
[OMPT] implicit_task_begin: parallel_id=281474976710687 thread_num=4 team_size=32
[OMPT] implicit_task_begin: parallel_id=281474976710687 thread_num=7 team_size=32
[OMPT] implicit_task_begin: parallel_id=281474976710687 thread_num=3 team_size=32
[OMPT] implicit_task_begin: parallel_id=281474976710687 thread_num=23 team_size=32
[OMPT] implicit_task_end: parallel_id=0 thread_num=9
[OMPT] implicit_task_begin: parallel_id=281474976710687 thread_num=9 team_size=32
[OMPT] implicit_task_end: parallel_id=0 thread_num=6
[OMPT] implicit_task_end: parallel_id=0 thread_num=5
[OMPT] implicit_task_begin: parallel_id=281474976710687 thread_num=1 team_size=32
[OMPT] implicit_task_begin: parallel_id=281474976710687 thread_num=5 team_size=32
[OMPT] implicit_task_end: parallel_id=0 thread_num=24
[OMPT] implicit_task_end: parallel_id=0 thread_num=27
[OMPT] implicit_task_begin: parallel_id=281474976710687 thread_num=24 team_size=32
[OMPT] implicit_task_begin: parallel_id=281474976710687 thread_num=27 team_size=32
[OMPT] implicit_task_begin: parallel_id=281474976710687 thread_num=14 team_size=32
[OMPT] implicit_task_end: parallel_id=0 thread_num=26
[OMPT] implicit_task_begin: parallel_id=281474976710687 thread_num=26 team_size=32
[OMPT] implicit_task_end: parallel_id=0 thread_num=25
[OMPT] implicit_task_end: parallel_id=0 thread_num=28
[OMPT] implicit_task_end: parallel_id=0 thread_num=30
[OMPT] implicit_task_end: parallel_id=0 thread_num=31
[OMPT] implicit_task_begin: parallel_id=281474976710687 thread_num=30 team_size=32
[OMPT] implicit_task_begin: parallel_id=281474976710687 thread_num=25 team_size=32
[OMPT] implicit_task_begin: parallel_id=281474976710687 thread_num=6 team_size=32
[OMPT] implicit_task_begin: parallel_id=281474976710687 thread_num=28 team_size=32
[OMPT] implicit_task_end: parallel_id=0 thread_num=29
[OMPT] implicit_task_begin: parallel_id=281474976710687 thread_num=29 team_size=32
[OMPT] implicit_task_begin: parallel_id=281474976710687 thread_num=31 team_size=32
[OMPT] implicit_task_end: parallel_id=0 thread_num=0
[OMPT] parallel_end: parallel_id=281474976710687
[OMPT] parallel_begin: parallel_id=281474976710689 team_size=32
[OMPT] implicit_task_end: parallel_id=0 thread_num=16
[OMPT] implicit_task_end: parallel_id=0 thread_num=8
[OMPT] implicit_task_end: parallel_id=0 thread_num=18
[OMPT] implicit_task_end: parallel_id=0 thread_num=9
[OMPT] implicit_task_begin: parallel_id=281474976710689 thread_num=8 team_size=32
[OMPT] implicit_task_end: parallel_id=0 thread_num=12
[OMPT] implicit_task_end: parallel_id=0 thread_num=14
[OMPT] implicit_task_end: parallel_id=0 thread_num=2
[OMPT] implicit_task_end: parallel_id=0 thread_num=24
[OMPT] implicit_task_end: parallel_id=0 thread_num=20
[OMPT] implicit_task_end: parallel_id=0 thread_num=25
[OMPT] implicit_task_end: parallel_id=0 thread_num=23
[OMPT] implicit_task_end: parallel_id=0 thread_num=21
[OMPT] implicit_task_end: parallel_id=0 thread_num=28
[OMPT] implicit_task_begin: parallel_id=281474976710689 thread_num=23 team_size=32
[OMPT] implicit_task_end: parallel_id=0 thread_num=31
[OMPT] implicit_task_end: parallel_id=0 thread_num=30
[OMPT] implicit_task_begin: parallel_id=281474976710689 thread_num=18 team_size=32
[OMPT] implicit_task_end: parallel_id=0 thread_num=4
[OMPT] implicit_task_begin: parallel_id=281474976710689 thread_num=21 team_size=32
[OMPT] implicit_task_begin: parallel_id=281474976710689 thread_num=31 team_size=32
[OMPT] implicit_task_end: parallel_id=0 thread_num=13
[OMPT] implicit_task_begin: parallel_id=281474976710689 thread_num=2 team_size=32
[OMPT] implicit_task_begin: parallel_id=281474976710689 thread_num=30 team_size=32
[OMPT] implicit_task_begin: parallel_id=281474976710689 thread_num=13 team_size=32
[OMPT] implicit_task_end: parallel_id=0 thread_num=27
[OMPT] implicit_task_begin: parallel_id=281474976710689 thread_num=4 team_size=32
[OMPT] implicit_task_begin: parallel_id=281474976710689 thread_num=27 team_size=32
[OMPT] implicit_task_begin: parallel_id=281474976710689 thread_num=12 team_size=32
[OMPT] implicit_task_end: parallel_id=0 thread_num=17
[OMPT] implicit_task_begin: parallel_id=281474976710689 thread_num=17 team_size=32
[OMPT] implicit_task_begin: parallel_id=281474976710689 thread_num=14 team_size=32
[OMPT] implicit_task_end: parallel_id=0 thread_num=19
[OMPT] implicit_task_begin: parallel_id=281474976710689 thread_num=19 team_size=32
[OMPT] implicit_task_begin: parallel_id=281474976710689 thread_num=25 team_size=32
[OMPT] implicit_task_end: parallel_id=0 thread_num=11
[OMPT] implicit_task_end: parallel_id=0 thread_num=29
[OMPT] implicit_task_end: parallel_id=0 thread_num=10
[OMPT] implicit_task_begin: parallel_id=281474976710689 thread_num=11 team_size=32
[OMPT] implicit_task_begin: parallel_id=281474976710689 thread_num=10 team_size=32
[OMPT] implicit_task_begin: parallel_id=281474976710689 thread_num=20 team_size=32
[OMPT] implicit_task_begin: parallel_id=281474976710689 thread_num=28 team_size=32
[OMPT] implicit_task_begin: parallel_id=281474976710689 thread_num=16 team_size=32
[OMPT] implicit_task_end: parallel_id=0 thread_num=7
[OMPT] implicit_task_begin: parallel_id=281474976710689 thread_num=7 team_size=32
[OMPT] implicit_task_end: parallel_id=0 thread_num=5
[OMPT] implicit_task_end: parallel_id=0 thread_num=6
[OMPT] implicit_task_end: parallel_id=0 thread_num=3
[OMPT] implicit_task_end: parallel_id=0 thread_num=15
[OMPT] implicit_task_begin: parallel_id=281474976710689 thread_num=5 team_size=32
[OMPT] implicit_task_begin: parallel_id=281474976710689 thread_num=6 team_size=32
[OMPT] implicit_task_begin: parallel_id=281474976710689 thread_num=3 team_size=32
[OMPT] implicit_task_begin: parallel_id=281474976710689 thread_num=15 team_size=32
[OMPT] implicit_task_end: parallel_id=0 thread_num=26
[OMPT] implicit_task_begin: parallel_id=281474976710689 thread_num=26 team_size=32
[OMPT] implicit_task_end: parallel_id=0 thread_num=22
[OMPT] implicit_task_begin: parallel_id=281474976710689 thread_num=22 team_size=32
[OMPT] implicit_task_begin: parallel_id=281474976710689 thread_num=0 team_size=32
[OMPT] implicit_task_begin: parallel_id=281474976710689 thread_num=29 team_size=32
[OMPT] implicit_task_end: parallel_id=0 thread_num=1
[OMPT] implicit_task_begin: parallel_id=281474976710689 thread_num=1 team_size=32
[OMPT] implicit_task_begin: parallel_id=281474976710689 thread_num=9 team_size=32
[OMPT] implicit_task_begin: parallel_id=281474976710689 thread_num=24 team_size=32
[OMPT] implicit_task_end: parallel_id=0 thread_num=0
[OMPT] parallel_end: parallel_id=281474976710689
[OMPT] parallel_begin: parallel_id=281474976710691 team_size=32
[OMPT] implicit_task_end: parallel_id=0 thread_num=16
[OMPT] implicit_task_end: parallel_id=0 thread_num=8
[OMPT] implicit_task_begin: parallel_id=281474976710691 thread_num=0 team_size=32
[OMPT] implicit_task_end: parallel_id=0 thread_num=10
[OMPT] implicit_task_end: parallel_id=0 thread_num=18
[OMPT] implicit_task_begin: parallel_id=281474976710691 thread_num=8 team_size=32
[OMPT] implicit_task_end: parallel_id=0 thread_num=1
[OMPT] implicit_task_begin: parallel_id=281474976710691 thread_num=18 team_size=32
[OMPT] implicit_task_end: parallel_id=0 thread_num=3
[OMPT] implicit_task_end: parallel_id=0 thread_num=17
[OMPT] implicit_task_begin: parallel_id=281474976710691 thread_num=3 team_size=32
[OMPT] implicit_task_begin: parallel_id=281474976710691 thread_num=17 team_size=32
[OMPT] implicit_task_end: parallel_id=0 thread_num=11
[OMPT] implicit_task_end: parallel_id=0 thread_num=20
[OMPT] implicit_task_end: parallel_id=0 thread_num=23
[OMPT] implicit_task_begin: parallel_id=281474976710691 thread_num=11 team_size=32
[OMPT] implicit_task_end: parallel_id=0 thread_num=12
[OMPT] implicit_task_end: parallel_id=0 thread_num=15
[OMPT] implicit_task_begin: parallel_id=281474976710691 thread_num=10 team_size=32
[OMPT] implicit_task_begin: parallel_id=281474976710691 thread_num=12 team_size=32
[OMPT] implicit_task_end: parallel_id=0 thread_num=24
[OMPT] implicit_task_begin: parallel_id=281474976710691 thread_num=1 team_size=32
[OMPT] implicit_task_end: parallel_id=0 thread_num=26
[OMPT] implicit_task_end: parallel_id=0 thread_num=19
[OMPT] implicit_task_begin: parallel_id=281474976710691 thread_num=26 team_size=32
[OMPT] implicit_task_end: parallel_id=0 thread_num=9
[OMPT] implicit_task_end: parallel_id=0 thread_num=22
[OMPT] implicit_task_end: parallel_id=0 thread_num=21
[OMPT] implicit_task_begin: parallel_id=281474976710691 thread_num=22 team_size=32
[OMPT] implicit_task_begin: parallel_id=281474976710691 thread_num=20 team_size=32
[OMPT] implicit_task_end: parallel_id=0 thread_num=4
[OMPT] implicit_task_begin: parallel_id=281474976710691 thread_num=23 team_size=32
[OMPT] implicit_task_end: parallel_id=0 thread_num=7
[OMPT] implicit_task_end: parallel_id=0 thread_num=6
[OMPT] implicit_task_end: parallel_id=0 thread_num=13
[OMPT] implicit_task_begin: parallel_id=281474976710691 thread_num=7 team_size=32
[OMPT] implicit_task_begin: parallel_id=281474976710691 thread_num=13 team_size=32
[OMPT] implicit_task_end: parallel_id=0 thread_num=25
[OMPT] implicit_task_begin: parallel_id=281474976710691 thread_num=24 team_size=32
[OMPT] implicit_task_begin: parallel_id=281474976710691 thread_num=25 team_size=32
[OMPT] implicit_task_begin: parallel_id=281474976710691 thread_num=19 team_size=32
[OMPT] implicit_task_begin: parallel_id=281474976710691 thread_num=9 team_size=32
[OMPT] implicit_task_begin: parallel_id=281474976710691 thread_num=16 team_size=32
[OMPT] implicit_task_begin: parallel_id=281474976710691 thread_num=21 team_size=32
[OMPT] implicit_task_end: parallel_id=0 thread_num=5
[OMPT] implicit_task_begin: parallel_id=281474976710691 thread_num=5 team_size=32
[OMPT] implicit_task_begin: parallel_id=281474976710691 thread_num=4 team_size=32
[OMPT] implicit_task_end: parallel_id=0 thread_num=2
[OMPT] implicit_task_begin: parallel_id=281474976710691 thread_num=2 team_size=32
[OMPT] implicit_task_begin: parallel_id=281474976710691 thread_num=15 team_size=32
[OMPT] implicit_task_begin: parallel_id=281474976710691 thread_num=6 team_size=32
[OMPT] implicit_task_end: parallel_id=0 thread_num=27
[OMPT] implicit_task_begin: parallel_id=281474976710691 thread_num=27 team_size=32
[OMPT] implicit_task_end: parallel_id=0 thread_num=28
[OMPT] implicit_task_end: parallel_id=0 thread_num=31
[OMPT] implicit_task_end: parallel_id=0 thread_num=14
[OMPT] implicit_task_begin: parallel_id=281474976710691 thread_num=28 team_size=32
[OMPT] implicit_task_begin: parallel_id=281474976710691 thread_num=14 team_size=32
[OMPT] implicit_task_end: parallel_id=0 thread_num=29
[OMPT] implicit_task_begin: parallel_id=281474976710691 thread_num=29 team_size=32
[OMPT] implicit_task_end: parallel_id=0 thread_num=30
[OMPT] implicit_task_begin: parallel_id=281474976710691 thread_num=30 team_size=32
[OMPT] implicit_task_begin: parallel_id=281474976710691 thread_num=31 team_size=32
[OMPT] implicit_task_end: parallel_id=0 thread_num=0
[OMPT] parallel_end: parallel_id=281474976710691
[OMPT] parallel_begin: parallel_id=281474976710693 team_size=32
[OMPT] implicit_task_end: parallel_id=0 thread_num=16
[OMPT] implicit_task_end: parallel_id=0 thread_num=12
[OMPT] implicit_task_begin: parallel_id=281474976710693 thread_num=0 team_size=32
[OMPT] implicit_task_end: parallel_id=0 thread_num=13
[OMPT] implicit_task_begin: parallel_id=281474976710693 thread_num=16 team_size=32
[OMPT] implicit_task_end: parallel_id=0 thread_num=4
[OMPT] implicit_task_end: parallel_id=0 thread_num=1
[OMPT] implicit_task_end: parallel_id=0 thread_num=6
[OMPT] implicit_task_end: parallel_id=0 thread_num=28
[OMPT] implicit_task_begin: parallel_id=281474976710693 thread_num=1 team_size=32
[OMPT] implicit_task_end: parallel_id=0 thread_num=31
[OMPT] implicit_task_end: parallel_id=0 thread_num=18
[OMPT] implicit_task_begin: parallel_id=281474976710693 thread_num=31 team_size=32
[OMPT] implicit_task_end: parallel_id=0 thread_num=14
[OMPT] implicit_task_end: parallel_id=0 thread_num=19
[OMPT] implicit_task_begin: parallel_id=281474976710693 thread_num=14 team_size=32
[OMPT] implicit_task_begin: parallel_id=281474976710693 thread_num=19 team_size=32
[OMPT] implicit_task_begin: parallel_id=281474976710693 thread_num=12 team_size=32
[OMPT] implicit_task_end: parallel_id=0 thread_num=7
[OMPT] implicit_task_begin: parallel_id=281474976710693 thread_num=7 team_size=32
[OMPT] implicit_task_end: parallel_id=0 thread_num=5
[OMPT] implicit_task_begin: parallel_id=281474976710693 thread_num=5 team_size=32
[OMPT] implicit_task_end: parallel_id=0 thread_num=2
[OMPT] implicit_task_begin: parallel_id=281474976710693 thread_num=2 team_size=32
[OMPT] implicit_task_end: parallel_id=0 thread_num=3
[OMPT] implicit_task_begin: parallel_id=281474976710693 thread_num=3 team_size=32
[OMPT] implicit_task_begin: parallel_id=281474976710693 thread_num=4 team_size=32
[OMPT] implicit_task_end: parallel_id=0 thread_num=17
[OMPT] implicit_task_begin: parallel_id=281474976710693 thread_num=17 team_size=32
[OMPT] implicit_task_end: parallel_id=0 thread_num=30
[OMPT] implicit_task_begin: parallel_id=281474976710693 thread_num=30 team_size=32
[OMPT] implicit_task_end: parallel_id=0 thread_num=29
[OMPT] implicit_task_begin: parallel_id=281474976710693 thread_num=29 team_size=32
[OMPT] implicit_task_begin: parallel_id=281474976710693 thread_num=6 team_size=32
[OMPT] implicit_task_begin: parallel_id=281474976710693 thread_num=28 team_size=32
[OMPT] implicit_task_end: parallel_id=0 thread_num=20
[OMPT] implicit_task_end: parallel_id=0 thread_num=22
[OMPT] implicit_task_begin: parallel_id=281474976710693 thread_num=20 team_size=32
[OMPT] implicit_task_begin: parallel_id=281474976710693 thread_num=22 team_size=32
[OMPT] implicit_task_end: parallel_id=0 thread_num=24
[OMPT] implicit_task_end: parallel_id=0 thread_num=15
[OMPT] implicit_task_end: parallel_id=0 thread_num=26
[OMPT] implicit_task_begin: parallel_id=281474976710693 thread_num=13 team_size=32
[OMPT] implicit_task_end: parallel_id=0 thread_num=27
[OMPT] implicit_task_end: parallel_id=0 thread_num=23
[OMPT] implicit_task_begin: parallel_id=281474976710693 thread_num=18 team_size=32
[OMPT] implicit_task_begin: parallel_id=281474976710693 thread_num=27 team_size=32
[OMPT] implicit_task_begin: parallel_id=281474976710693 thread_num=23 team_size=32
[OMPT] implicit_task_end: parallel_id=0 thread_num=21
[OMPT] implicit_task_begin: parallel_id=281474976710693 thread_num=26 team_size=32
[OMPT] implicit_task_end: parallel_id=0 thread_num=25
[OMPT] implicit_task_begin: parallel_id=281474976710693 thread_num=24 team_size=32
[OMPT] implicit_task_begin: parallel_id=281474976710693 thread_num=15 team_size=32
[OMPT] implicit_task_begin: parallel_id=281474976710693 thread_num=21 team_size=32
[OMPT] implicit_task_end: parallel_id=0 thread_num=8
[OMPT] implicit_task_end: parallel_id=0 thread_num=9
[OMPT] implicit_task_begin: parallel_id=281474976710693 thread_num=9 team_size=32
[OMPT] implicit_task_begin: parallel_id=281474976710693 thread_num=25 team_size=32
[OMPT] implicit_task_end: parallel_id=0 thread_num=11
[OMPT] implicit_task_end: parallel_id=0 thread_num=10
[OMPT] implicit_task_begin: parallel_id=281474976710693 thread_num=8 team_size=32
[OMPT] implicit_task_begin: parallel_id=281474976710693 thread_num=10 team_size=32
[OMPT] implicit_task_begin: parallel_id=281474976710693 thread_num=11 team_size=32
[OMPT] implicit_task_end: parallel_id=0 thread_num=0
[OMPT] parallel_end: parallel_id=281474976710693
[OMPT] parallel_begin: parallel_id=281474976710695 team_size=32
[OMPT] implicit_task_end: parallel_id=0 thread_num=16
[OMPT] implicit_task_end: parallel_id=0 thread_num=12
[OMPT] implicit_task_end: parallel_id=0 thread_num=1
[OMPT] implicit_task_end: parallel_id=0 thread_num=17
[OMPT] implicit_task_end: parallel_id=0 thread_num=20
[OMPT] implicit_task_begin: parallel_id=281474976710695 thread_num=16 team_size=32
[OMPT] implicit_task_end: parallel_id=0 thread_num=8
[OMPT] implicit_task_end: parallel_id=0 thread_num=3
[OMPT] implicit_task_end: parallel_id=0 thread_num=9
[OMPT] implicit_task_end: parallel_id=0 thread_num=10
[OMPT] implicit_task_end: parallel_id=0 thread_num=19
[OMPT] implicit_task_end: parallel_id=0 thread_num=14
[OMPT] implicit_task_begin: parallel_id=281474976710695 thread_num=0 team_size=32
[OMPT] implicit_task_begin: parallel_id=281474976710695 thread_num=19 team_size=32
[OMPT] implicit_task_begin: parallel_id=281474976710695 thread_num=1 team_size=32
[OMPT] implicit_task_begin: parallel_id=281474976710695 thread_num=9 team_size=32
[OMPT] implicit_task_end: parallel_id=0 thread_num=4
[OMPT] implicit_task_begin: parallel_id=281474976710695 thread_num=10 team_size=32
[OMPT] implicit_task_end: parallel_id=0 thread_num=7
[OMPT] implicit_task_begin: parallel_id=281474976710695 thread_num=7 team_size=32
[OMPT] implicit_task_end: parallel_id=0 thread_num=11
[OMPT] implicit_task_end: parallel_id=0 thread_num=2
[OMPT] implicit_task_end: parallel_id=0 thread_num=28
[OMPT] implicit_task_begin: parallel_id=281474976710695 thread_num=11 team_size=32
[OMPT] implicit_task_end: parallel_id=0 thread_num=31
[OMPT] implicit_task_begin: parallel_id=281474976710695 thread_num=12 team_size=32
[OMPT] implicit_task_end: parallel_id=0 thread_num=24
[OMPT] implicit_task_begin: parallel_id=281474976710695 thread_num=31 team_size=32
[OMPT] implicit_task_begin: parallel_id=281474976710695 thread_num=17 team_size=32
[OMPT] implicit_task_begin: parallel_id=281474976710695 thread_num=24 team_size=32
[OMPT] implicit_task_begin: parallel_id=281474976710695 thread_num=8 team_size=32
[OMPT] implicit_task_end: parallel_id=0 thread_num=15
[OMPT] implicit_task_begin: parallel_id=281474976710695 thread_num=14 team_size=32
[OMPT] implicit_task_end: parallel_id=0 thread_num=21
[OMPT] implicit_task_begin: parallel_id=281474976710695 thread_num=15 team_size=32
[OMPT] implicit_task_end: parallel_id=0 thread_num=5
[OMPT] implicit_task_end: parallel_id=0 thread_num=6
[OMPT] implicit_task_begin: parallel_id=281474976710695 thread_num=5 team_size=32
[OMPT] implicit_task_begin: parallel_id=281474976710695 thread_num=4 team_size=32
[OMPT] implicit_task_end: parallel_id=0 thread_num=22
[OMPT] implicit_task_end: parallel_id=0 thread_num=23
[OMPT] implicit_task_end: parallel_id=0 thread_num=30
[OMPT] implicit_task_begin: parallel_id=281474976710695 thread_num=23 team_size=32
[OMPT] implicit_task_begin: parallel_id=281474976710695 thread_num=30 team_size=32
[OMPT] implicit_task_end: parallel_id=0 thread_num=29
[OMPT] implicit_task_begin: parallel_id=281474976710695 thread_num=2 team_size=32
[OMPT] implicit_task_begin: parallel_id=281474976710695 thread_num=29 team_size=32
[OMPT] implicit_task_begin: parallel_id=281474976710695 thread_num=20 team_size=32
[OMPT] implicit_task_begin: parallel_id=281474976710695 thread_num=28 team_size=32
[OMPT] implicit_task_end: parallel_id=0 thread_num=26
[OMPT] implicit_task_begin: parallel_id=281474976710695 thread_num=26 team_size=32
[OMPT] implicit_task_end: parallel_id=0 thread_num=27
[OMPT] implicit_task_begin: parallel_id=281474976710695 thread_num=27 team_size=32
[OMPT] implicit_task_begin: parallel_id=281474976710695 thread_num=21 team_size=32
[OMPT] implicit_task_begin: parallel_id=281474976710695 thread_num=3 team_size=32
[OMPT] implicit_task_begin: parallel_id=281474976710695 thread_num=6 team_size=32
[OMPT] implicit_task_begin: parallel_id=281474976710695 thread_num=22 team_size=32
[OMPT] implicit_task_end: parallel_id=0 thread_num=18
[OMPT] implicit_task_end: parallel_id=0 thread_num=25
[OMPT] implicit_task_begin: parallel_id=281474976710695 thread_num=18 team_size=32
[OMPT] implicit_task_end: parallel_id=0 thread_num=13
[OMPT] implicit_task_begin: parallel_id=281474976710695 thread_num=25 team_size=32
[OMPT] implicit_task_begin: parallel_id=281474976710695 thread_num=13 team_size=32
[OMPT] implicit_task_end: parallel_id=0 thread_num=0
[OMPT] parallel_end: parallel_id=281474976710695
[OMPT] parallel_begin: parallel_id=281474976710697 team_size=32
[OMPT] implicit_task_end: parallel_id=0 thread_num=16
[OMPT] implicit_task_end: parallel_id=0 thread_num=12
[OMPT] implicit_task_begin: parallel_id=281474976710697 thread_num=0 team_size=32
[OMPT] implicit_task_end: parallel_id=0 thread_num=18
[OMPT] implicit_task_end: parallel_id=0 thread_num=24
[OMPT] implicit_task_end: parallel_id=0 thread_num=20
[OMPT] implicit_task_end: parallel_id=0 thread_num=27
[OMPT] implicit_task_begin: parallel_id=281474976710697 thread_num=18 team_size=32
[OMPT] implicit_task_end: parallel_id=0 thread_num=2
[OMPT] implicit_task_begin: parallel_id=281474976710697 thread_num=20 team_size=32
[OMPT] implicit_task_begin: parallel_id=281474976710697 thread_num=27 team_size=32
[OMPT] implicit_task_end: parallel_id=0 thread_num=28
[OMPT] implicit_task_end: parallel_id=0 thread_num=14
[OMPT] implicit_task_end: parallel_id=0 thread_num=30
[OMPT] implicit_task_end: parallel_id=0 thread_num=31
[OMPT] implicit_task_begin: parallel_id=281474976710697 thread_num=12 team_size=32
[OMPT] implicit_task_begin: parallel_id=281474976710697 thread_num=30 team_size=32
[OMPT] implicit_task_begin: parallel_id=281474976710697 thread_num=31 team_size=32
[OMPT] implicit_task_begin: parallel_id=281474976710697 thread_num=16 team_size=32
[OMPT] implicit_task_end: parallel_id=0 thread_num=25
[OMPT] implicit_task_begin: parallel_id=281474976710697 thread_num=25 team_size=32
[OMPT] implicit_task_end: parallel_id=0 thread_num=23
[OMPT] implicit_task_begin: parallel_id=281474976710697 thread_num=23 team_size=32
[OMPT] implicit_task_end: parallel_id=0 thread_num=3
[OMPT] implicit_task_begin: parallel_id=281474976710697 thread_num=3 team_size=32
[OMPT] implicit_task_end: parallel_id=0 thread_num=21
[OMPT] implicit_task_begin: parallel_id=281474976710697 thread_num=21 team_size=32
[OMPT] implicit_task_end: parallel_id=0 thread_num=22
[OMPT] implicit_task_begin: parallel_id=281474976710697 thread_num=22 team_size=32
[OMPT] implicit_task_begin: parallel_id=281474976710697 thread_num=24 team_size=32
[OMPT] implicit_task_end: parallel_id=0 thread_num=17
[OMPT] implicit_task_begin: parallel_id=281474976710697 thread_num=17 team_size=32
[OMPT] implicit_task_end: parallel_id=0 thread_num=8
[OMPT] implicit_task_end: parallel_id=0 thread_num=9
[OMPT] implicit_task_begin: parallel_id=281474976710697 thread_num=8 team_size=32
[OMPT] implicit_task_begin: parallel_id=281474976710697 thread_num=2 team_size=32
[OMPT] implicit_task_begin: parallel_id=281474976710697 thread_num=9 team_size=32
[OMPT] implicit_task_end: parallel_id=0 thread_num=13
[OMPT] implicit_task_end: parallel_id=0 thread_num=29
[OMPT] implicit_task_begin: parallel_id=281474976710697 thread_num=13 team_size=32
[OMPT] implicit_task_begin: parallel_id=281474976710697 thread_num=29 team_size=32
[OMPT] implicit_task_begin: parallel_id=281474976710697 thread_num=28 team_size=32
[OMPT] implicit_task_begin: parallel_id=281474976710697 thread_num=14 team_size=32
[OMPT] implicit_task_end: parallel_id=0 thread_num=1
[OMPT] implicit_task_begin: parallel_id=281474976710697 thread_num=1 team_size=32
[OMPT] implicit_task_end: parallel_id=0 thread_num=4
[OMPT] implicit_task_end: parallel_id=0 thread_num=7
[OMPT] implicit_task_begin: parallel_id=281474976710697 thread_num=4 team_size=32
[OMPT] implicit_task_end: parallel_id=0 thread_num=10
[OMPT] implicit_task_begin: parallel_id=281474976710697 thread_num=7 team_size=32
[OMPT] implicit_task_end: parallel_id=0 thread_num=11
[OMPT] implicit_task_begin: parallel_id=281474976710697 thread_num=11 team_size=32
[OMPT] implicit_task_end: parallel_id=0 thread_num=19
[OMPT] implicit_task_begin: parallel_id=281474976710697 thread_num=19 team_size=32
[OMPT] implicit_task_end: parallel_id=0 thread_num=6
[OMPT] implicit_task_begin: parallel_id=281474976710697 thread_num=6 team_size=32
[OMPT] implicit_task_end: parallel_id=0 thread_num=5
[OMPT] implicit_task_end: parallel_id=0 thread_num=26
[OMPT] implicit_task_begin: parallel_id=281474976710697 thread_num=26 team_size=32
[OMPT] implicit_task_begin: parallel_id=281474976710697 thread_num=10 team_size=32
[OMPT] implicit_task_end: parallel_id=0 thread_num=15
[OMPT] implicit_task_begin: parallel_id=281474976710697 thread_num=15 team_size=32
[OMPT] implicit_task_begin: parallel_id=281474976710697 thread_num=5 team_size=32
[OMPT] implicit_task_end: parallel_id=0 thread_num=0
[OMPT] parallel_end: parallel_id=281474976710697
[OMPT] parallel_begin: parallel_id=281474976710699 team_size=32
[OMPT] implicit_task_end: parallel_id=0 thread_num=4
[OMPT] implicit_task_end: parallel_id=0 thread_num=3
[OMPT] implicit_task_end: parallel_id=0 thread_num=6
[OMPT] implicit_task_begin: parallel_id=281474976710699 thread_num=0 team_size=32
[OMPT] implicit_task_begin: parallel_id=281474976710699 thread_num=4 team_size=32
[OMPT] implicit_task_end: parallel_id=0 thread_num=16
[OMPT] implicit_task_begin: parallel_id=281474976710699 thread_num=6 team_size=32
[OMPT] implicit_task_end: parallel_id=0 thread_num=20
[OMPT] implicit_task_end: parallel_id=0 thread_num=22
[OMPT] implicit_task_begin: parallel_id=281474976710699 thread_num=20 team_size=32
[OMPT] implicit_task_end: parallel_id=0 thread_num=7
[OMPT] implicit_task_end: parallel_id=0 thread_num=12
[OMPT] implicit_task_end: parallel_id=0 thread_num=8
[OMPT] implicit_task_end: parallel_id=0 thread_num=17
[OMPT] implicit_task_end: parallel_id=0 thread_num=18
[OMPT] implicit_task_end: parallel_id=0 thread_num=9
[OMPT] implicit_task_begin: parallel_id=281474976710699 thread_num=17 team_size=32
[OMPT] implicit_task_begin: parallel_id=281474976710699 thread_num=18 team_size=32
[OMPT] implicit_task_begin: parallel_id=281474976710699 thread_num=8 team_size=32
[OMPT] implicit_task_end: parallel_id=0 thread_num=24
[OMPT] implicit_task_begin: parallel_id=281474976710699 thread_num=16 team_size=32
[OMPT] implicit_task_end: parallel_id=0 thread_num=27
[OMPT] implicit_task_begin: parallel_id=281474976710699 thread_num=9 team_size=32
[OMPT] implicit_task_end: parallel_id=0 thread_num=23
[OMPT] implicit_task_end: parallel_id=0 thread_num=21
[OMPT] implicit_task_begin: parallel_id=281474976710699 thread_num=23 team_size=32
[OMPT] implicit_task_end: parallel_id=0 thread_num=14
[OMPT] implicit_task_begin: parallel_id=281474976710699 thread_num=7 team_size=32
[OMPT] implicit_task_end: parallel_id=0 thread_num=13
[OMPT] implicit_task_end: parallel_id=0 thread_num=15
[OMPT] implicit_task_begin: parallel_id=281474976710699 thread_num=13 team_size=32
[OMPT] implicit_task_end: parallel_id=0 thread_num=10
[OMPT] implicit_task_begin: parallel_id=281474976710699 thread_num=15 team_size=32
[OMPT] implicit_task_begin: parallel_id=281474976710699 thread_num=12 team_size=32
[OMPT] implicit_task_end: parallel_id=0 thread_num=2
[OMPT] implicit_task_end: parallel_id=0 thread_num=28
[OMPT] implicit_task_end: parallel_id=0 thread_num=31
[OMPT] implicit_task_end: parallel_id=0 thread_num=25
[OMPT] implicit_task_begin: parallel_id=281474976710699 thread_num=28 team_size=32
[OMPT] implicit_task_begin: parallel_id=281474976710699 thread_num=25 team_size=32
[OMPT] implicit_task_begin: parallel_id=281474976710699 thread_num=24 team_size=32
[OMPT] implicit_task_begin: parallel_id=281474976710699 thread_num=27 team_size=32
[OMPT] implicit_task_begin: parallel_id=281474976710699 thread_num=22 team_size=32
[OMPT] implicit_task_begin: parallel_id=281474976710699 thread_num=21 team_size=32
[OMPT] implicit_task_begin: parallel_id=281474976710699 thread_num=14 team_size=32
[OMPT] implicit_task_end: parallel_id=0 thread_num=11
[OMPT] implicit_task_begin: parallel_id=281474976710699 thread_num=3 team_size=32
[OMPT] implicit_task_begin: parallel_id=281474976710699 thread_num=11 team_size=32
[OMPT] implicit_task_begin: parallel_id=281474976710699 thread_num=10 team_size=32
[OMPT] implicit_task_end: parallel_id=0 thread_num=19
[OMPT] implicit_task_begin: parallel_id=281474976710699 thread_num=19 team_size=32
[OMPT] implicit_task_end: parallel_id=0 thread_num=30
[OMPT] implicit_task_begin: parallel_id=281474976710699 thread_num=30 team_size=32
[OMPT] implicit_task_end: parallel_id=0 thread_num=29
[OMPT] implicit_task_begin: parallel_id=281474976710699 thread_num=29 team_size=32
[OMPT] implicit_task_end: parallel_id=0 thread_num=26
[OMPT] implicit_task_begin: parallel_id=281474976710699 thread_num=26 team_size=32
[OMPT] implicit_task_begin: parallel_id=281474976710699 thread_num=2 team_size=32
[OMPT] implicit_task_end: parallel_id=0 thread_num=1
[OMPT] implicit_task_begin: parallel_id=281474976710699 thread_num=1 team_size=32
[OMPT] implicit_task_begin: parallel_id=281474976710699 thread_num=31 team_size=32
[OMPT] implicit_task_end: parallel_id=0 thread_num=5
[OMPT] implicit_task_begin: parallel_id=281474976710699 thread_num=5 team_size=32
[OMPT] implicit_task_end: parallel_id=0 thread_num=0
[OMPT] parallel_end: parallel_id=281474976710699
[OMPT] parallel_begin: parallel_id=281474976710701 team_size=32
[OMPT] implicit_task_end: parallel_id=0 thread_num=16
[OMPT] implicit_task_end: parallel_id=0 thread_num=1
[OMPT] implicit_task_begin: parallel_id=281474976710701 thread_num=0 team_size=32
[OMPT] implicit_task_end: parallel_id=0 thread_num=20
[OMPT] implicit_task_begin: parallel_id=281474976710701 thread_num=16 team_size=32
[OMPT] implicit_task_end: parallel_id=0 thread_num=22
[OMPT] implicit_task_end: parallel_id=0 thread_num=12
[OMPT] implicit_task_begin: parallel_id=281474976710701 thread_num=20 team_size=32
[OMPT] implicit_task_end: parallel_id=0 thread_num=14
[OMPT] implicit_task_end: parallel_id=0 thread_num=8
[OMPT] implicit_task_end: parallel_id=0 thread_num=11
[OMPT] implicit_task_end: parallel_id=0 thread_num=10
[OMPT] implicit_task_begin: parallel_id=281474976710701 thread_num=11 team_size=32
[OMPT] implicit_task_end: parallel_id=0 thread_num=23
[OMPT] implicit_task_end: parallel_id=0 thread_num=21
[OMPT] implicit_task_begin: parallel_id=281474976710701 thread_num=1 team_size=32
[OMPT] implicit_task_begin: parallel_id=281474976710701 thread_num=21 team_size=32
[OMPT] implicit_task_end: parallel_id=0 thread_num=4
[OMPT] implicit_task_end: parallel_id=0 thread_num=7
[OMPT] implicit_task_begin: parallel_id=281474976710701 thread_num=4 team_size=32
[OMPT] implicit_task_begin: parallel_id=281474976710701 thread_num=22 team_size=32
[OMPT] implicit_task_begin: parallel_id=281474976710701 thread_num=7 team_size=32
[OMPT] implicit_task_end: parallel_id=0 thread_num=15
[OMPT] implicit_task_end: parallel_id=0 thread_num=3
[OMPT] implicit_task_begin: parallel_id=281474976710701 thread_num=15 team_size=32
[OMPT] implicit_task_begin: parallel_id=281474976710701 thread_num=3 team_size=32
[OMPT] implicit_task_end: parallel_id=0 thread_num=18
[OMPT] implicit_task_end: parallel_id=0 thread_num=28
[OMPT] implicit_task_begin: parallel_id=281474976710701 thread_num=18 team_size=32
[OMPT] implicit_task_end: parallel_id=0 thread_num=31
[OMPT] implicit_task_begin: parallel_id=281474976710701 thread_num=28 team_size=32
[OMPT] implicit_task_begin: parallel_id=281474976710701 thread_num=31 team_size=32
[OMPT] implicit_task_begin: parallel_id=281474976710701 thread_num=8 team_size=32
[OMPT] implicit_task_end: parallel_id=0 thread_num=17
[OMPT] implicit_task_begin: parallel_id=281474976710701 thread_num=17 team_size=32
[OMPT] implicit_task_begin: parallel_id=281474976710701 thread_num=10 team_size=32
[OMPT] implicit_task_end: parallel_id=0 thread_num=2
[OMPT] implicit_task_begin: parallel_id=281474976710701 thread_num=2 team_size=32
[OMPT] implicit_task_end: parallel_id=0 thread_num=5
[OMPT] implicit_task_begin: parallel_id=281474976710701 thread_num=5 team_size=32
[OMPT] implicit_task_end: parallel_id=0 thread_num=6
[OMPT] implicit_task_begin: parallel_id=281474976710701 thread_num=6 team_size=32
[OMPT] implicit_task_end: parallel_id=0 thread_num=13
[OMPT] implicit_task_begin: parallel_id=281474976710701 thread_num=13 team_size=32
[OMPT] implicit_task_begin: parallel_id=281474976710701 thread_num=12 team_size=32
[OMPT] implicit_task_begin: parallel_id=281474976710701 thread_num=14 team_size=32
[OMPT] implicit_task_end: parallel_id=0 thread_num=30
[OMPT] implicit_task_begin: parallel_id=281474976710701 thread_num=30 team_size=32
[OMPT] implicit_task_end: parallel_id=0 thread_num=29
[OMPT] implicit_task_begin: parallel_id=281474976710701 thread_num=29 team_size=32
[OMPT] implicit_task_end: parallel_id=0 thread_num=9
[OMPT] implicit_task_begin: parallel_id=281474976710701 thread_num=9 team_size=32
[OMPT] implicit_task_end: parallel_id=0 thread_num=24
[OMPT] implicit_task_end: parallel_id=0 thread_num=26
[OMPT] implicit_task_begin: parallel_id=281474976710701 thread_num=24 team_size=32
[OMPT] implicit_task_begin: parallel_id=281474976710701 thread_num=23 team_size=32
[OMPT] implicit_task_end: parallel_id=0 thread_num=27
[OMPT] implicit_task_begin: parallel_id=281474976710701 thread_num=27 team_size=32
[OMPT] implicit_task_begin: parallel_id=281474976710701 thread_num=26 team_size=32
[OMPT] implicit_task_end: parallel_id=0 thread_num=25
[OMPT] implicit_task_end: parallel_id=0 thread_num=19
[OMPT] implicit_task_begin: parallel_id=281474976710701 thread_num=19 team_size=32
[OMPT] implicit_task_begin: parallel_id=281474976710701 thread_num=25 team_size=32
[OMPT] implicit_task_end: parallel_id=0 thread_num=0
[OMPT] parallel_end: parallel_id=281474976710701
[OMPT] parallel_begin: parallel_id=281474976710703 team_size=32
[OMPT] implicit_task_end: parallel_id=0 thread_num=16
[OMPT] implicit_task_end: parallel_id=0 thread_num=8
[OMPT] implicit_task_end: parallel_id=0 thread_num=24
[OMPT] implicit_task_end: parallel_id=0 thread_num=11
[OMPT] implicit_task_end: parallel_id=0 thread_num=27
[OMPT] implicit_task_end: parallel_id=0 thread_num=4
[OMPT] implicit_task_end: parallel_id=0 thread_num=1
[OMPT] implicit_task_end: parallel_id=0 thread_num=5
[OMPT] implicit_task_end: parallel_id=0 thread_num=2
[OMPT] implicit_task_end: parallel_id=0 thread_num=17
[OMPT] implicit_task_end: parallel_id=0 thread_num=28
[OMPT] implicit_task_end: parallel_id=0 thread_num=10
[OMPT] implicit_task_end: parallel_id=0 thread_num=29
[OMPT] implicit_task_end: parallel_id=0 thread_num=19
[OMPT] implicit_task_end: parallel_id=0 thread_num=9
[OMPT] implicit_task_end: parallel_id=0 thread_num=26
[OMPT] implicit_task_end: parallel_id=0 thread_num=12
[OMPT] implicit_task_end: parallel_id=0 thread_num=15
[OMPT] implicit_task_end: parallel_id=0 thread_num=6
[OMPT] implicit_task_end: parallel_id=0 thread_num=3
[OMPT] implicit_task_end: parallel_id=0 thread_num=20
[OMPT] implicit_task_end: parallel_id=0 thread_num=18
[OMPT] implicit_task_end: parallel_id=0 thread_num=23
[OMPT] implicit_task_end: parallel_id=0 thread_num=22
[OMPT] implicit_task_end: parallel_id=0 thread_num=31
[OMPT] implicit_task_end: parallel_id=0 thread_num=30
[OMPT] implicit_task_end: parallel_id=0 thread_num=14
[OMPT] implicit_task_end: parallel_id=0 thread_num=13
[OMPT] implicit_task_end: parallel_id=0 thread_num=21
[OMPT] implicit_task_end: parallel_id=0 thread_num=25
[OMPT] implicit_task_end: parallel_id=0 thread_num=7
[OMPT][WIN100ms] ompt_id=281474976710657 tid=1054869 tipo=ompt_thread_initial    cpu=255 numa=1  d_rm=   32609  d_instr= 722848706  d_cyc= 371540074  d_all= 4682886  IPC=1.946  ratio_rm=0.0070
[OMPT][WIN100ms] ompt_id=562949953421313 tid=1054871 tipo=ompt_thread_worker     cpu=122 numa=1  d_rm=    3555  d_instr= 740461267  d_cyc= 380331998  d_all= 4812607  IPC=1.947  ratio_rm=0.0007
[OMPT][WIN100ms] ompt_id=844424930131969 tid=1054872 tipo=ompt_thread_worker     cpu= 96 numa=1  d_rm=    2500  d_instr= 853009144  d_cyc= 369735433  d_all= 4509492  IPC=2.307  ratio_rm=0.0006
[OMPT][WIN100ms] ompt_id=1125899906842625 tid=1054873 tipo=ompt_thread_worker     cpu= 35 numa=0  d_rm=    1527  d_instr= 849802992  d_cyc= 376841137  d_all= 4508524  IPC=2.255  ratio_rm=0.0003
[OMPT][WIN100ms] ompt_id=1407374883553281 tid=1054874 tipo=ompt_thread_worker     cpu=121 numa=1  d_rm=    6958  d_instr= 741931033  d_cyc= 399703699  d_all= 4732482  IPC=1.856  ratio_rm=0.0015
[OMPT][WIN100ms] ompt_id=1688849860263937 tid=1054875 tipo=ompt_thread_worker     cpu=250 numa=1  d_rm=    8849  d_instr= 742608711  d_cyc= 407423973  d_all= 4755080  IPC=1.823  ratio_rm=0.0019
[OMPT][WIN100ms] ompt_id=1970324836974593 tid=1054876 tipo=ompt_thread_worker     cpu= 36 numa=0  d_rm=    2510  d_instr= 850735735  d_cyc= 382010921  d_all= 4524147  IPC=2.227  ratio_rm=0.0006
[OMPT][WIN100ms] ompt_id=2251799813685249 tid=1054877 tipo=ompt_thread_worker     cpu=125 numa=1  d_rm=   16077  d_instr= 742752284  d_cyc= 419867425  d_all= 4732764  IPC=1.769  ratio_rm=0.0034
[OMPT][WIN100ms] ompt_id=2533274790395905 tid=1054878 tipo=ompt_thread_worker     cpu= 65 numa=1  d_rm=    3532  d_instr= 851279256  d_cyc= 406740002  d_all= 4532840  IPC=2.093  ratio_rm=0.0008
[OMPT][WIN100ms] ompt_id=2814749767106561 tid=1054879 tipo=ompt_thread_worker     cpu= 88 numa=1  d_rm=    1591  d_instr= 848245408  d_cyc= 414187850  d_all= 4532433  IPC=2.048  ratio_rm=0.0004
[OMPT][WIN100ms] ompt_id=3096224743817217 tid=1054880 tipo=ompt_thread_worker     cpu=165 numa=0  d_rm=    1468  d_instr= 853196051  d_cyc= 419390753  d_all= 4515489  IPC=2.034  ratio_rm=0.0003
[OMPT][WIN100ms] ompt_id=3377699720527873 tid=1054881 tipo=ompt_thread_worker     cpu=239 numa=1  d_rm=   11326  d_instr= 855352875  d_cyc= 424399368  d_all= 4518283  IPC=2.015  ratio_rm=0.0025
[OMPT][WIN100ms] ompt_id=3659174697238529 tid=1054882 tipo=ompt_thread_worker     cpu=247 numa=1  d_rm=   11914  d_instr= 854312872  d_cyc= 430557915  d_all= 4559884  IPC=1.984  ratio_rm=0.0026
[OMPT][WIN100ms] ompt_id=3940649673949185 tid=1054883 tipo=ompt_thread_worker     cpu= 75 numa=1  d_rm=    3284  d_instr= 852378339  d_cyc= 434043919  d_all= 4522635  IPC=1.964  ratio_rm=0.0007
[OMPT][WIN100ms] ompt_id=4222124650659841 tid=1054884 tipo=ompt_thread_worker     cpu=112 numa=1  d_rm=     790  d_instr= 853634561  d_cyc= 440424868  d_all= 4547540  IPC=1.938  ratio_rm=0.0002
[OMPT][WIN100ms] ompt_id=4503599627370497 tid=1054885 tipo=ompt_thread_worker     cpu=223 numa=1  d_rm=   14123  d_instr= 851598387  d_cyc= 445341696  d_all= 4561661  IPC=1.912  ratio_rm=0.0031
[OMPT][WIN100ms] ompt_id=4785074604081153 tid=1054886 tipo=ompt_thread_worker     cpu=120 numa=1  d_rm=   12318  d_instr= 743515593  d_cyc= 472178892  d_all= 4755450  IPC=1.575  ratio_rm=0.0026
[OMPT][WIN100ms] ompt_id=5066549580791809 tid=1054887 tipo=ompt_thread_worker     cpu=248 numa=1  d_rm=   11273  d_instr= 737057967  d_cyc= 477018089  d_all= 4864644  IPC=1.545  ratio_rm=0.0023
[OMPT][WIN100ms] ompt_id=5348024557502465 tid=1054888 tipo=ompt_thread_worker     cpu=127 numa=1  d_rm=   12248  d_instr= 742297694  d_cyc= 481121185  d_all= 4759212  IPC=1.543  ratio_rm=0.0026
[OMPT][WIN100ms] ompt_id=5629499534213121 tid=1054889 tipo=ompt_thread_worker     cpu= 76 numa=1  d_rm=    6872  d_instr= 850075528  d_cyc= 469432286  d_all= 4532858  IPC=1.811  ratio_rm=0.0015
[OMPT][WIN100ms] ompt_id=5910974510923777 tid=1054890 tipo=ompt_thread_worker     cpu=126 numa=1  d_rm=   12870  d_instr= 740435460  d_cyc= 493325241  d_all= 4725729  IPC=1.501  ratio_rm=0.0027
[OMPT][WIN100ms] ompt_id=6192449487634433 tid=1054891 tipo=ompt_thread_worker     cpu= 79 numa=1  d_rm=    7612  d_instr= 853797162  d_cyc= 481663132  d_all= 4543919  IPC=1.773  ratio_rm=0.0017
[OMPT][WIN100ms] ompt_id=6473924464345089 tid=1054892 tipo=ompt_thread_worker     cpu=254 numa=1  d_rm=    4991  d_instr= 739353128  d_cyc= 505614052  d_all= 4727929  IPC=1.462  ratio_rm=0.0011
[OMPT][WIN100ms] ompt_id=6755399441055745 tid=1054893 tipo=ompt_thread_worker     cpu=252 numa=1  d_rm=    5191  d_instr= 741336385  d_cyc= 512038374  d_all= 4722758  IPC=1.448  ratio_rm=0.0011
[OMPT][WIN100ms] ompt_id=7036874417766401 tid=1054894 tipo=ompt_thread_worker     cpu=124 numa=1  d_rm=    7534  d_instr= 738616961  d_cyc= 515118317  d_all= 4729608  IPC=1.434  ratio_rm=0.0016
[OMPT][WIN100ms] ompt_id=7318349394477057 tid=1054895 tipo=ompt_thread_worker     cpu=253 numa=1  d_rm=    8605  d_instr= 740735779  d_cyc= 522687352  d_all= 4732619  IPC=1.417  ratio_rm=0.0018
[OMPT][WIN100ms] ompt_id=7599824371187713 tid=1054896 tipo=ompt_thread_worker     cpu= 78 numa=1  d_rm=    6991  d_instr= 853173283  d_cyc= 511358953  d_all= 4543220  IPC=1.668  ratio_rm=0.0015
[OMPT][WIN100ms] ompt_id=7881299347898369 tid=1054897 tipo=ompt_thread_worker     cpu=249 numa=1  d_rm=   13464  d_instr= 742652184  d_cyc= 534683381  d_all= 4730293  IPC=1.389  ratio_rm=0.0028
[OMPT][WIN100ms] ompt_id=8162774324609025 tid=1054898 tipo=ompt_thread_worker     cpu=123 numa=1  d_rm=   10540  d_instr= 737340012  d_cyc= 536917456  d_all= 4715801  IPC=1.373  ratio_rm=0.0022
[OMPT][WIN100ms] ompt_id=8444249301319681 tid=1054899 tipo=ompt_thread_worker     cpu=194 numa=1  d_rm=   20439  d_instr= 854088973  d_cyc= 527460660  d_all= 4589118  IPC=1.619  ratio_rm=0.0045
[OMPT][WIN100ms] ompt_id=8725724278030337 tid=1054900 tipo=ompt_thread_worker     cpu=251 numa=1  d_rm=   11144  d_instr= 740110221  d_cyc= 551186200  d_all= 4726493  IPC=1.343  ratio_rm=0.0024
[OMPT][WIN100ms] ompt_id=9007199254740993 tid=1054901 tipo=ompt_thread_worker     cpu= 77 numa=1  d_rm=   11978  d_instr= 852344906  d_cyc= 541176649  d_all= 4544169  IPC=1.575  ratio_rm=0.0026
[OMPT] implicit_task_begin: parallel_id=281474976710703 thread_num=6 team_size=32
[OMPT] implicit_task_begin: parallel_id=281474976710703 thread_num=27 team_size=32
[OMPT] implicit_task_begin: parallel_id=281474976710703 thread_num=4 team_size=32
[OMPT] implicit_task_begin: parallel_id=281474976710703 thread_num=28 team_size=32
[OMPT] implicit_task_begin: parallel_id=281474976710703 thread_num=24 team_size=32
[OMPT] implicit_task_begin: parallel_id=281474976710703 thread_num=25 team_size=32
[OMPT] implicit_task_begin: parallel_id=281474976710703 thread_num=17 team_size=32
[OMPT] implicit_task_begin: parallel_id=281474976710703 thread_num=16 team_size=32
[OMPT] implicit_task_begin: parallel_id=281474976710703 thread_num=15 team_size=32
[OMPT] implicit_task_begin: parallel_id=281474976710703 thread_num=29 team_size=32
[OMPT] implicit_task_begin: parallel_id=281474976710703 thread_num=2 team_size=32
[OMPT] implicit_task_begin: parallel_id=281474976710703 thread_num=23 team_size=32
[OMPT] implicit_task_begin: parallel_id=281474976710703 thread_num=9 team_size=32
[OMPT] implicit_task_begin: parallel_id=281474976710703 thread_num=8 team_size=32
[OMPT] implicit_task_begin: parallel_id=281474976710703 thread_num=12 team_size=32
[OMPT] implicit_task_begin: parallel_id=281474976710703 thread_num=10 team_size=32
[OMPT] implicit_task_begin: parallel_id=281474976710703 thread_num=21 team_size=32
[OMPT] implicit_task_begin: parallel_id=281474976710703 thread_num=19 team_size=32
[OMPT] implicit_task_begin: parallel_id=281474976710703 thread_num=14 team_size=32
[OMPT] implicit_task_begin: parallel_id=281474976710703 thread_num=3 team_size=32
[OMPT] implicit_task_begin: parallel_id=281474976710703 thread_num=13 team_size=32
[OMPT] implicit_task_begin: parallel_id=281474976710703 thread_num=26 team_size=32
[OMPT] implicit_task_begin: parallel_id=281474976710703 thread_num=31 team_size=32
[OMPT] implicit_task_begin: parallel_id=281474976710703 thread_num=11 team_size=32
[OMPT] implicit_task_begin: parallel_id=281474976710703 thread_num=5 team_size=32
[OMPT] implicit_task_begin: parallel_id=281474976710703 thread_num=0 team_size=32
[OMPT] implicit_task_begin: parallel_id=281474976710703 thread_num=20 team_size=32
[OMPT] implicit_task_begin: parallel_id=281474976710703 thread_num=1 team_size=32
[OMPT] implicit_task_begin: parallel_id=281474976710703 thread_num=22 team_size=32
[OMPT] implicit_task_begin: parallel_id=281474976710703 thread_num=7 team_size=32
[OMPT] implicit_task_begin: parallel_id=281474976710703 thread_num=30 team_size=32
[OMPT] implicit_task_begin: parallel_id=281474976710703 thread_num=18 team_size=32
[OMPT] implicit_task_end: parallel_id=0 thread_num=0
[OMPT] parallel_end: parallel_id=281474976710703
[OMPT] parallel_begin: parallel_id=281474976710705 team_size=32
[OMPT] implicit_task_end: parallel_id=0 thread_num=16
[OMPT] implicit_task_end: parallel_id=0 thread_num=8
[OMPT] implicit_task_end: parallel_id=0 thread_num=2
[OMPT] implicit_task_end: parallel_id=0 thread_num=19
[OMPT] implicit_task_end: parallel_id=0 thread_num=11
[OMPT] implicit_task_end: parallel_id=0 thread_num=4
[OMPT] implicit_task_begin: parallel_id=281474976710705 thread_num=8 team_size=32
[OMPT] implicit_task_end: parallel_id=0 thread_num=1
[OMPT] implicit_task_end: parallel_id=0 thread_num=18
[OMPT] implicit_task_begin: parallel_id=281474976710705 thread_num=19 team_size=32
[OMPT] implicit_task_end: parallel_id=0 thread_num=17
[OMPT] implicit_task_end: parallel_id=0 thread_num=24
[OMPT] implicit_task_begin: parallel_id=281474976710705 thread_num=11 team_size=32
[OMPT] implicit_task_end: parallel_id=0 thread_num=27
[OMPT] implicit_task_end: parallel_id=0 thread_num=10
[OMPT] implicit_task_begin: parallel_id=281474976710705 thread_num=24 team_size=32
[OMPT] implicit_task_begin: parallel_id=281474976710705 thread_num=27 team_size=32
[OMPT] implicit_task_begin: parallel_id=281474976710705 thread_num=16 team_size=32
[OMPT] implicit_task_begin: parallel_id=281474976710705 thread_num=4 team_size=32
[OMPT] implicit_task_end: parallel_id=0 thread_num=3
[OMPT] implicit_task_end: parallel_id=0 thread_num=5
[OMPT] implicit_task_end: parallel_id=0 thread_num=7
[OMPT] implicit_task_begin: parallel_id=281474976710705 thread_num=3 team_size=32
[OMPT] implicit_task_end: parallel_id=0 thread_num=6
[OMPT] implicit_task_begin: parallel_id=281474976710705 thread_num=7 team_size=32
[OMPT] implicit_task_end: parallel_id=0 thread_num=20
[OMPT] implicit_task_end: parallel_id=0 thread_num=25
[OMPT] implicit_task_end: parallel_id=0 thread_num=26
[OMPT] implicit_task_begin: parallel_id=281474976710705 thread_num=1 team_size=32
[OMPT] implicit_task_begin: parallel_id=281474976710705 thread_num=20 team_size=32
[OMPT] implicit_task_begin: parallel_id=281474976710705 thread_num=25 team_size=32
[OMPT] implicit_task_begin: parallel_id=281474976710705 thread_num=26 team_size=32
[OMPT] implicit_task_begin: parallel_id=281474976710705 thread_num=17 team_size=32
[OMPT] implicit_task_begin: parallel_id=281474976710705 thread_num=18 team_size=32
[OMPT] implicit_task_begin: parallel_id=281474976710705 thread_num=2 team_size=32
[OMPT] implicit_task_begin: parallel_id=281474976710705 thread_num=10 team_size=32
[OMPT] implicit_task_begin: parallel_id=281474976710705 thread_num=5 team_size=32
[OMPT] implicit_task_end: parallel_id=0 thread_num=28
[OMPT] implicit_task_end: parallel_id=0 thread_num=31
[OMPT] implicit_task_end: parallel_id=0 thread_num=21
[OMPT] implicit_task_begin: parallel_id=281474976710705 thread_num=31 team_size=32
[OMPT] implicit_task_end: parallel_id=0 thread_num=23
[OMPT] implicit_task_end: parallel_id=0 thread_num=9
[OMPT] implicit_task_begin: parallel_id=281474976710705 thread_num=23 team_size=32
[OMPT] implicit_task_begin: parallel_id=281474976710705 thread_num=0 team_size=32
[OMPT] implicit_task_end: parallel_id=0 thread_num=12
[OMPT] implicit_task_end: parallel_id=0 thread_num=15
[OMPT] implicit_task_end: parallel_id=0 thread_num=29
[OMPT] implicit_task_end: parallel_id=0 thread_num=30
[OMPT] implicit_task_end: parallel_id=0 thread_num=22
[OMPT] implicit_task_begin: parallel_id=281474976710705 thread_num=6 team_size=32
[OMPT] implicit_task_begin: parallel_id=281474976710705 thread_num=30 team_size=32
[OMPT] implicit_task_begin: parallel_id=281474976710705 thread_num=22 team_size=32
[OMPT] implicit_task_begin: parallel_id=281474976710705 thread_num=15 team_size=32
[OMPT] implicit_task_end: parallel_id=0 thread_num=14
[OMPT] implicit_task_begin: parallel_id=281474976710705 thread_num=9 team_size=32
[OMPT] implicit_task_begin: parallel_id=281474976710705 thread_num=12 team_size=32
[OMPT] implicit_task_begin: parallel_id=281474976710705 thread_num=29 team_size=32
[OMPT] implicit_task_begin: parallel_id=281474976710705 thread_num=21 team_size=32
[OMPT] implicit_task_begin: parallel_id=281474976710705 thread_num=28 team_size=32
[OMPT] implicit_task_end: parallel_id=0 thread_num=13
[OMPT] implicit_task_begin: parallel_id=281474976710705 thread_num=13 team_size=32
[OMPT] implicit_task_begin: parallel_id=281474976710705 thread_num=14 team_size=32
[OMPT] implicit_task_end: parallel_id=0 thread_num=0
[OMPT] parallel_end: parallel_id=281474976710705
[OMPT] parallel_begin: parallel_id=281474976710707 team_size=32
[OMPT] implicit_task_end: parallel_id=0 thread_num=16
[OMPT] implicit_task_end: parallel_id=0 thread_num=1
[OMPT] implicit_task_begin: parallel_id=281474976710707 thread_num=0 team_size=32
[OMPT] implicit_task_end: parallel_id=0 thread_num=19
[OMPT] implicit_task_end: parallel_id=0 thread_num=12
[OMPT] implicit_task_end: parallel_id=0 thread_num=8
[OMPT] implicit_task_end: parallel_id=0 thread_num=13
[OMPT] implicit_task_end: parallel_id=0 thread_num=11
[OMPT] implicit_task_begin: parallel_id=281474976710707 thread_num=8 team_size=32
[OMPT] implicit_task_end: parallel_id=0 thread_num=24
[OMPT] implicit_task_begin: parallel_id=281474976710707 thread_num=11 team_size=32
[OMPT] implicit_task_end: parallel_id=0 thread_num=26
[OMPT] implicit_task_begin: parallel_id=281474976710707 thread_num=24 team_size=32
[OMPT] implicit_task_end: parallel_id=0 thread_num=28
[OMPT] implicit_task_begin: parallel_id=281474976710707 thread_num=1 team_size=32
[OMPT] implicit_task_end: parallel_id=0 thread_num=29
[OMPT] implicit_task_begin: parallel_id=281474976710707 thread_num=28 team_size=32
[OMPT] implicit_task_begin: parallel_id=281474976710707 thread_num=29 team_size=32
[OMPT] implicit_task_begin: parallel_id=281474976710707 thread_num=19 team_size=32
[OMPT] implicit_task_end: parallel_id=0 thread_num=15
[OMPT] implicit_task_end: parallel_id=0 thread_num=2
[OMPT] implicit_task_begin: parallel_id=281474976710707 thread_num=15 team_size=32
[OMPT] implicit_task_begin: parallel_id=281474976710707 thread_num=2 team_size=32
[OMPT] implicit_task_end: parallel_id=0 thread_num=10
[OMPT] implicit_task_begin: parallel_id=281474976710707 thread_num=10 team_size=32
[OMPT] implicit_task_end: parallel_id=0 thread_num=9
[OMPT] implicit_task_begin: parallel_id=281474976710707 thread_num=9 team_size=32
[OMPT] implicit_task_begin: parallel_id=281474976710707 thread_num=13 team_size=32
[OMPT] implicit_task_end: parallel_id=0 thread_num=18
[OMPT] implicit_task_begin: parallel_id=281474976710707 thread_num=18 team_size=32
[OMPT] implicit_task_end: parallel_id=0 thread_num=27
[OMPT] implicit_task_begin: parallel_id=281474976710707 thread_num=27 team_size=32
[OMPT] implicit_task_end: parallel_id=0 thread_num=25
[OMPT] implicit_task_begin: parallel_id=281474976710707 thread_num=25 team_size=32
[OMPT] implicit_task_end: parallel_id=0 thread_num=20
[OMPT] implicit_task_end: parallel_id=0 thread_num=22
[OMPT] implicit_task_end: parallel_id=0 thread_num=21
[OMPT] implicit_task_begin: parallel_id=281474976710707 thread_num=20 team_size=32
[OMPT] implicit_task_begin: parallel_id=281474976710707 thread_num=22 team_size=32
[OMPT] implicit_task_begin: parallel_id=281474976710707 thread_num=21 team_size=32
[OMPT] implicit_task_end: parallel_id=0 thread_num=31
[OMPT] implicit_task_begin: parallel_id=281474976710707 thread_num=16 team_size=32
[OMPT] implicit_task_begin: parallel_id=281474976710707 thread_num=31 team_size=32
[OMPT] implicit_task_begin: parallel_id=281474976710707 thread_num=12 team_size=32
[OMPT] implicit_task_end: parallel_id=0 thread_num=3
[OMPT] implicit_task_begin: parallel_id=281474976710707 thread_num=3 team_size=32
[OMPT] implicit_task_begin: parallel_id=281474976710707 thread_num=26 team_size=32
[OMPT] implicit_task_end: parallel_id=0 thread_num=17
[OMPT] implicit_task_end: parallel_id=0 thread_num=30
[OMPT] implicit_task_end: parallel_id=0 thread_num=4
[OMPT] implicit_task_begin: parallel_id=281474976710707 thread_num=30 team_size=32
[OMPT] implicit_task_end: parallel_id=0 thread_num=7
[OMPT] implicit_task_begin: parallel_id=281474976710707 thread_num=4 team_size=32
[OMPT] implicit_task_begin: parallel_id=281474976710707 thread_num=17 team_size=32
[OMPT] implicit_task_begin: parallel_id=281474976710707 thread_num=7 team_size=32
[OMPT] implicit_task_end: parallel_id=0 thread_num=6
[OMPT] implicit_task_begin: parallel_id=281474976710707 thread_num=6 team_size=32
[OMPT] implicit_task_end: parallel_id=0 thread_num=23
[OMPT] implicit_task_end: parallel_id=0 thread_num=14
[OMPT] implicit_task_begin: parallel_id=281474976710707 thread_num=23 team_size=32
[OMPT] implicit_task_begin: parallel_id=281474976710707 thread_num=14 team_size=32
[OMPT] implicit_task_end: parallel_id=0 thread_num=5
[OMPT] implicit_task_begin: parallel_id=281474976710707 thread_num=5 team_size=32
[OMPT] implicit_task_end: parallel_id=0 thread_num=0
[OMPT] parallel_end: parallel_id=281474976710707
[OMPT] parallel_begin: parallel_id=281474976710709 team_size=32
[OMPT] implicit_task_end: parallel_id=0 thread_num=16
[OMPT] implicit_task_end: parallel_id=0 thread_num=3
[OMPT] implicit_task_end: parallel_id=0 thread_num=19
[OMPT] implicit_task_end: parallel_id=0 thread_num=17
[OMPT] implicit_task_begin: parallel_id=281474976710709 thread_num=3 team_size=32
[OMPT] implicit_task_end: parallel_id=0 thread_num=1
[OMPT] implicit_task_begin: parallel_id=281474976710709 thread_num=17 team_size=32
[OMPT] implicit_task_end: parallel_id=0 thread_num=8
[OMPT] implicit_task_begin: parallel_id=281474976710709 thread_num=1 team_size=32
[OMPT] implicit_task_end: parallel_id=0 thread_num=28
[OMPT] implicit_task_begin: parallel_id=281474976710709 thread_num=8 team_size=32
[OMPT] implicit_task_end: parallel_id=0 thread_num=24
[OMPT] implicit_task_begin: parallel_id=281474976710709 thread_num=0 team_size=32
[OMPT] implicit_task_end: parallel_id=0 thread_num=26
[OMPT] implicit_task_begin: parallel_id=281474976710709 thread_num=16 team_size=32
[OMPT] implicit_task_begin: parallel_id=281474976710709 thread_num=26 team_size=32
[OMPT] implicit_task_begin: parallel_id=281474976710709 thread_num=19 team_size=32
[OMPT] implicit_task_end: parallel_id=0 thread_num=2
[OMPT] implicit_task_end: parallel_id=0 thread_num=18
[OMPT] implicit_task_end: parallel_id=0 thread_num=10
[OMPT] implicit_task_begin: parallel_id=281474976710709 thread_num=18 team_size=32
[OMPT] implicit_task_end: parallel_id=0 thread_num=9
[OMPT] implicit_task_end: parallel_id=0 thread_num=31
[OMPT] implicit_task_begin: parallel_id=281474976710709 thread_num=9 team_size=32
[OMPT] implicit_task_begin: parallel_id=281474976710709 thread_num=31 team_size=32
[OMPT] implicit_task_end: parallel_id=0 thread_num=30
[OMPT] implicit_task_end: parallel_id=0 thread_num=20
[OMPT] implicit_task_begin: parallel_id=281474976710709 thread_num=30 team_size=32
[OMPT] implicit_task_begin: parallel_id=281474976710709 thread_num=28 team_size=32
[OMPT] implicit_task_begin: parallel_id=281474976710709 thread_num=20 team_size=32
[OMPT] implicit_task_end: parallel_id=0 thread_num=25
[OMPT] implicit_task_end: parallel_id=0 thread_num=4
[OMPT] implicit_task_begin: parallel_id=281474976710709 thread_num=25 team_size=32
[OMPT] implicit_task_end: parallel_id=0 thread_num=7
[OMPT] implicit_task_end: parallel_id=0 thread_num=5
[OMPT] implicit_task_begin: parallel_id=281474976710709 thread_num=2 team_size=32
[OMPT] implicit_task_begin: parallel_id=281474976710709 thread_num=10 team_size=32
[OMPT] implicit_task_end: parallel_id=0 thread_num=11
[OMPT] implicit_task_end: parallel_id=0 thread_num=22
[OMPT] implicit_task_begin: parallel_id=281474976710709 thread_num=11 team_size=32
[OMPT] implicit_task_begin: parallel_id=281474976710709 thread_num=22 team_size=32
[OMPT] implicit_task_begin: parallel_id=281474976710709 thread_num=24 team_size=32
[OMPT] implicit_task_end: parallel_id=0 thread_num=12
[OMPT] implicit_task_end: parallel_id=0 thread_num=15
[OMPT] implicit_task_end: parallel_id=0 thread_num=6
[OMPT] implicit_task_begin: parallel_id=281474976710709 thread_num=15 team_size=32
[OMPT] implicit_task_begin: parallel_id=281474976710709 thread_num=7 team_size=32
[OMPT] implicit_task_begin: parallel_id=281474976710709 thread_num=5 team_size=32
[OMPT] implicit_task_end: parallel_id=0 thread_num=23
[OMPT] implicit_task_begin: parallel_id=281474976710709 thread_num=23 team_size=32
[OMPT] implicit_task_end: parallel_id=0 thread_num=27
[OMPT] implicit_task_begin: parallel_id=281474976710709 thread_num=27 team_size=32
[OMPT] implicit_task_end: parallel_id=0 thread_num=13
[OMPT] implicit_task_begin: parallel_id=281474976710709 thread_num=13 team_size=32
[OMPT] implicit_task_begin: parallel_id=281474976710709 thread_num=12 team_size=32
[OMPT] implicit_task_begin: parallel_id=281474976710709 thread_num=4 team_size=32
[OMPT] implicit_task_end: parallel_id=0 thread_num=29
[OMPT] implicit_task_begin: parallel_id=281474976710709 thread_num=29 team_size=32
[OMPT] implicit_task_end: parallel_id=0 thread_num=21
[OMPT] implicit_task_begin: parallel_id=281474976710709 thread_num=21 team_size=32
[OMPT] implicit_task_end: parallel_id=0 thread_num=14
[OMPT] implicit_task_begin: parallel_id=281474976710709 thread_num=14 team_size=32
[OMPT] implicit_task_begin: parallel_id=281474976710709 thread_num=6 team_size=32
[OMPT] implicit_task_end: parallel_id=0 thread_num=0
[OMPT] parallel_end: parallel_id=281474976710709
[OMPT] parallel_begin: parallel_id=281474976710711 team_size=32
[OMPT] implicit_task_end: parallel_id=0 thread_num=16
[OMPT] implicit_task_end: parallel_id=0 thread_num=1
[OMPT] implicit_task_end: parallel_id=0 thread_num=2
[OMPT] implicit_task_end: parallel_id=0 thread_num=19
[OMPT] implicit_task_begin: parallel_id=281474976710711 thread_num=16 team_size=32
[OMPT] implicit_task_end: parallel_id=0 thread_num=4
[OMPT] implicit_task_end: parallel_id=0 thread_num=12
[OMPT] implicit_task_end: parallel_id=0 thread_num=6
[OMPT] implicit_task_end: parallel_id=0 thread_num=13
[OMPT] implicit_task_end: parallel_id=0 thread_num=17
[OMPT] implicit_task_begin: parallel_id=281474976710711 thread_num=12 team_size=32
[OMPT] implicit_task_end: parallel_id=0 thread_num=24
[OMPT] implicit_task_end: parallel_id=0 thread_num=27
[OMPT] implicit_task_begin: parallel_id=281474976710711 thread_num=6 team_size=32
[OMPT] implicit_task_begin: parallel_id=281474976710711 thread_num=27 team_size=32
[OMPT] implicit_task_begin: parallel_id=281474976710711 thread_num=1 team_size=32
[OMPT] implicit_task_end: parallel_id=0 thread_num=8
[OMPT] implicit_task_end: parallel_id=0 thread_num=9
[OMPT] implicit_task_end: parallel_id=0 thread_num=7
[OMPT] implicit_task_end: parallel_id=0 thread_num=3
[OMPT] implicit_task_begin: parallel_id=281474976710711 thread_num=19 team_size=32
[OMPT] implicit_task_begin: parallel_id=281474976710711 thread_num=3 team_size=32
[OMPT] implicit_task_end: parallel_id=0 thread_num=28
[OMPT] implicit_task_end: parallel_id=0 thread_num=14
[OMPT] implicit_task_end: parallel_id=0 thread_num=31
[OMPT] implicit_task_begin: parallel_id=281474976710711 thread_num=28 team_size=32
[OMPT] implicit_task_begin: parallel_id=281474976710711 thread_num=14 team_size=32
[OMPT] implicit_task_begin: parallel_id=281474976710711 thread_num=13 team_size=32
[OMPT] implicit_task_end: parallel_id=0 thread_num=20
[OMPT] implicit_task_end: parallel_id=0 thread_num=22
[OMPT] implicit_task_begin: parallel_id=281474976710711 thread_num=17 team_size=32
[OMPT] implicit_task_begin: parallel_id=281474976710711 thread_num=20 team_size=32
[OMPT] implicit_task_begin: parallel_id=281474976710711 thread_num=22 team_size=32
[OMPT] implicit_task_end: parallel_id=0 thread_num=26
[OMPT] implicit_task_end: parallel_id=0 thread_num=25
[OMPT] implicit_task_begin: parallel_id=281474976710711 thread_num=26 team_size=32
[OMPT] implicit_task_begin: parallel_id=281474976710711 thread_num=24 team_size=32
[OMPT] implicit_task_begin: parallel_id=281474976710711 thread_num=0 team_size=32
[OMPT] implicit_task_end: parallel_id=0 thread_num=5
[OMPT] implicit_task_end: parallel_id=0 thread_num=10
[OMPT] implicit_task_begin: parallel_id=281474976710711 thread_num=10 team_size=32
[OMPT] implicit_task_begin: parallel_id=281474976710711 thread_num=2 team_size=32
[OMPT] implicit_task_begin: parallel_id=281474976710711 thread_num=5 team_size=32
[OMPT] implicit_task_begin: parallel_id=281474976710711 thread_num=8 team_size=32
[OMPT] implicit_task_begin: parallel_id=281474976710711 thread_num=9 team_size=32
[OMPT] implicit_task_begin: parallel_id=281474976710711 thread_num=7 team_size=32
[OMPT] implicit_task_end: parallel_id=0 thread_num=29
[OMPT] implicit_task_end: parallel_id=0 thread_num=30
[OMPT] implicit_task_begin: parallel_id=281474976710711 thread_num=30 team_size=32
[OMPT] implicit_task_begin: parallel_id=281474976710711 thread_num=4 team_size=32
[OMPT] implicit_task_begin: parallel_id=281474976710711 thread_num=31 team_size=32
[OMPT] implicit_task_end: parallel_id=0 thread_num=23
[OMPT] implicit_task_begin: parallel_id=281474976710711 thread_num=23 team_size=32
[OMPT] implicit_task_end: parallel_id=0 thread_num=21
[OMPT] implicit_task_begin: parallel_id=281474976710711 thread_num=21 team_size=32
[OMPT] implicit_task_end: parallel_id=0 thread_num=18
[OMPT] implicit_task_begin: parallel_id=281474976710711 thread_num=18 team_size=32
[OMPT] implicit_task_begin: parallel_id=281474976710711 thread_num=25 team_size=32
[OMPT] implicit_task_end: parallel_id=0 thread_num=11
[OMPT] implicit_task_begin: parallel_id=281474976710711 thread_num=29 team_size=32
[OMPT] implicit_task_end: parallel_id=0 thread_num=15
[OMPT] implicit_task_begin: parallel_id=281474976710711 thread_num=15 team_size=32
[OMPT] implicit_task_begin: parallel_id=281474976710711 thread_num=11 team_size=32
[OMPT] implicit_task_end: parallel_id=0 thread_num=0
[OMPT] parallel_end: parallel_id=281474976710711
[OMPT] parallel_begin: parallel_id=281474976710713 team_size=32
[OMPT] implicit_task_end: parallel_id=0 thread_num=4
[OMPT] implicit_task_end: parallel_id=0 thread_num=1
[OMPT] implicit_task_end: parallel_id=0 thread_num=7
[OMPT] implicit_task_begin: parallel_id=281474976710713 thread_num=0 team_size=32
[OMPT] implicit_task_end: parallel_id=0 thread_num=12
[OMPT] implicit_task_end: parallel_id=0 thread_num=8
[OMPT] implicit_task_end: parallel_id=0 thread_num=14
[OMPT] implicit_task_end: parallel_id=0 thread_num=16
[OMPT] implicit_task_end: parallel_id=0 thread_num=10
[OMPT] implicit_task_end: parallel_id=0 thread_num=3
[OMPT] implicit_task_end: parallel_id=0 thread_num=5
[OMPT] implicit_task_begin: parallel_id=281474976710713 thread_num=7 team_size=32
[OMPT] implicit_task_end: parallel_id=0 thread_num=6
[OMPT] implicit_task_begin: parallel_id=281474976710713 thread_num=5 team_size=32
[OMPT] implicit_task_end: parallel_id=0 thread_num=2
[OMPT] implicit_task_begin: parallel_id=281474976710713 thread_num=8 team_size=32
[OMPT] implicit_task_begin: parallel_id=281474976710713 thread_num=6 team_size=32
[OMPT] implicit_task_begin: parallel_id=281474976710713 thread_num=3 team_size=32
[OMPT] implicit_task_begin: parallel_id=281474976710713 thread_num=2 team_size=32
[OMPT] implicit_task_begin: parallel_id=281474976710713 thread_num=14 team_size=32
[OMPT] implicit_task_end: parallel_id=0 thread_num=19
[OMPT] implicit_task_end: parallel_id=0 thread_num=18
[OMPT] implicit_task_end: parallel_id=0 thread_num=28
[OMPT] implicit_task_begin: parallel_id=281474976710713 thread_num=19 team_size=32
[OMPT] implicit_task_end: parallel_id=0 thread_num=29
[OMPT] implicit_task_begin: parallel_id=281474976710713 thread_num=28 team_size=32
[OMPT] implicit_task_end: parallel_id=0 thread_num=24
[OMPT] implicit_task_begin: parallel_id=281474976710713 thread_num=4 team_size=32
[OMPT] implicit_task_end: parallel_id=0 thread_num=26
[OMPT] implicit_task_begin: parallel_id=281474976710713 thread_num=24 team_size=32
[OMPT] implicit_task_begin: parallel_id=281474976710713 thread_num=26 team_size=32
[OMPT] implicit_task_end: parallel_id=0 thread_num=13
[OMPT] implicit_task_begin: parallel_id=281474976710713 thread_num=13 team_size=32
[OMPT] implicit_task_end: parallel_id=0 thread_num=11
[OMPT] implicit_task_end: parallel_id=0 thread_num=9
[OMPT] implicit_task_begin: parallel_id=281474976710713 thread_num=12 team_size=32
[OMPT] implicit_task_begin: parallel_id=281474976710713 thread_num=11 team_size=32
[OMPT] implicit_task_begin: parallel_id=281474976710713 thread_num=9 team_size=32
[OMPT] implicit_task_end: parallel_id=0 thread_num=30
[OMPT] implicit_task_end: parallel_id=0 thread_num=20
[OMPT] implicit_task_end: parallel_id=0 thread_num=23
[OMPT] implicit_task_begin: parallel_id=281474976710713 thread_num=18 team_size=32
[OMPT] implicit_task_begin: parallel_id=281474976710713 thread_num=20 team_size=32
[OMPT] implicit_task_begin: parallel_id=281474976710713 thread_num=23 team_size=32
[OMPT] implicit_task_begin: parallel_id=281474976710713 thread_num=16 team_size=32
[OMPT] implicit_task_end: parallel_id=0 thread_num=27
[OMPT] implicit_task_end: parallel_id=0 thread_num=25
[OMPT] implicit_task_end: parallel_id=0 thread_num=15
[OMPT] implicit_task_begin: parallel_id=281474976710713 thread_num=25 team_size=32
[OMPT] implicit_task_begin: parallel_id=281474976710713 thread_num=10 team_size=32
[OMPT] implicit_task_begin: parallel_id=281474976710713 thread_num=1 team_size=32
[OMPT] implicit_task_begin: parallel_id=281474976710713 thread_num=30 team_size=32
[OMPT] implicit_task_end: parallel_id=0 thread_num=22
[OMPT] implicit_task_end: parallel_id=0 thread_num=21
[OMPT] implicit_task_begin: parallel_id=281474976710713 thread_num=22 team_size=32
[OMPT] implicit_task_begin: parallel_id=281474976710713 thread_num=21 team_size=32
[OMPT] implicit_task_begin: parallel_id=281474976710713 thread_num=29 team_size=32
[OMPT] implicit_task_begin: parallel_id=281474976710713 thread_num=27 team_size=32
[OMPT] implicit_task_end: parallel_id=0 thread_num=17
[OMPT] implicit_task_begin: parallel_id=281474976710713 thread_num=17 team_size=32
[OMPT] implicit_task_end: parallel_id=0 thread_num=31
[OMPT] implicit_task_begin: parallel_id=281474976710713 thread_num=31 team_size=32
[OMPT] implicit_task_begin: parallel_id=281474976710713 thread_num=15 team_size=32
[OMPT] implicit_task_end: parallel_id=0 thread_num=0
[OMPT] parallel_end: parallel_id=281474976710713
[OMPT] parallel_begin: parallel_id=281474976710715 team_size=32
[OMPT] implicit_task_end: parallel_id=0 thread_num=16
[OMPT] implicit_task_end: parallel_id=0 thread_num=1
[OMPT] implicit_task_end: parallel_id=0 thread_num=3
[OMPT] implicit_task_end: parallel_id=0 thread_num=18
[OMPT] implicit_task_begin: parallel_id=281474976710715 thread_num=16 team_size=32
[OMPT] implicit_task_end: parallel_id=0 thread_num=28
[OMPT] implicit_task_begin: parallel_id=281474976710715 thread_num=1 team_size=32
[OMPT] implicit_task_end: parallel_id=0 thread_num=30
[OMPT] implicit_task_begin: parallel_id=281474976710715 thread_num=3 team_size=32
[OMPT] implicit_task_end: parallel_id=0 thread_num=2
[OMPT] implicit_task_begin: parallel_id=281474976710715 thread_num=0 team_size=32
[OMPT] implicit_task_end: parallel_id=0 thread_num=19
[OMPT] implicit_task_end: parallel_id=0 thread_num=4
[OMPT] implicit_task_end: parallel_id=0 thread_num=7
[OMPT] implicit_task_begin: parallel_id=281474976710715 thread_num=18 team_size=32
[OMPT] implicit_task_begin: parallel_id=281474976710715 thread_num=4 team_size=32
[OMPT] implicit_task_end: parallel_id=0 thread_num=31
[OMPT] implicit_task_end: parallel_id=0 thread_num=29
[OMPT] implicit_task_end: parallel_id=0 thread_num=8
[OMPT] implicit_task_begin: parallel_id=281474976710715 thread_num=28 team_size=32
[OMPT] implicit_task_begin: parallel_id=281474976710715 thread_num=29 team_size=32
[OMPT] implicit_task_end: parallel_id=0 thread_num=9
[OMPT] implicit_task_begin: parallel_id=281474976710715 thread_num=30 team_size=32
[OMPT] implicit_task_begin: parallel_id=281474976710715 thread_num=2 team_size=32
[OMPT] implicit_task_begin: parallel_id=281474976710715 thread_num=9 team_size=32
[OMPT] implicit_task_end: parallel_id=0 thread_num=5
[OMPT] implicit_task_begin: parallel_id=281474976710715 thread_num=19 team_size=32
[OMPT] implicit_task_end: parallel_id=0 thread_num=6
[OMPT] implicit_task_begin: parallel_id=281474976710715 thread_num=6 team_size=32
[OMPT] implicit_task_end: parallel_id=0 thread_num=20
[OMPT] implicit_task_end: parallel_id=0 thread_num=23
[OMPT] implicit_task_begin: parallel_id=281474976710715 thread_num=20 team_size=32
[OMPT] implicit_task_end: parallel_id=0 thread_num=10
[OMPT] implicit_task_end: parallel_id=0 thread_num=11
[OMPT] implicit_task_begin: parallel_id=281474976710715 thread_num=8 team_size=32
[OMPT] implicit_task_end: parallel_id=0 thread_num=24
[OMPT] implicit_task_end: parallel_id=0 thread_num=17
[OMPT] implicit_task_begin: parallel_id=281474976710715 thread_num=24 team_size=32
[OMPT] implicit_task_end: parallel_id=0 thread_num=12
[OMPT] implicit_task_begin: parallel_id=281474976710715 thread_num=5 team_size=32
[OMPT] implicit_task_end: parallel_id=0 thread_num=15
[OMPT] implicit_task_begin: parallel_id=281474976710715 thread_num=7 team_size=32
[OMPT] implicit_task_begin: parallel_id=281474976710715 thread_num=12 team_size=32
[OMPT] implicit_task_begin: parallel_id=281474976710715 thread_num=15 team_size=32
[OMPT] implicit_task_end: parallel_id=0 thread_num=21
[OMPT] implicit_task_end: parallel_id=0 thread_num=22
[OMPT] implicit_task_begin: parallel_id=281474976710715 thread_num=23 team_size=32
[OMPT] implicit_task_begin: parallel_id=281474976710715 thread_num=22 team_size=32
[OMPT] implicit_task_end: parallel_id=0 thread_num=27
[OMPT] implicit_task_begin: parallel_id=281474976710715 thread_num=27 team_size=32
[OMPT] implicit_task_end: parallel_id=0 thread_num=26
[OMPT] implicit_task_begin: parallel_id=281474976710715 thread_num=26 team_size=32
[OMPT] implicit_task_begin: parallel_id=281474976710715 thread_num=17 team_size=32
[OMPT] implicit_task_end: parallel_id=0 thread_num=14
[OMPT] implicit_task_begin: parallel_id=281474976710715 thread_num=14 team_size=32
[OMPT] implicit_task_end: parallel_id=0 thread_num=13
[OMPT] implicit_task_begin: parallel_id=281474976710715 thread_num=13 team_size=32
[OMPT] implicit_task_begin: parallel_id=281474976710715 thread_num=31 team_size=32
[OMPT] implicit_task_begin: parallel_id=281474976710715 thread_num=10 team_size=32
[OMPT] implicit_task_begin: parallel_id=281474976710715 thread_num=21 team_size=32
[OMPT] implicit_task_begin: parallel_id=281474976710715 thread_num=11 team_size=32
[OMPT] implicit_task_end: parallel_id=0 thread_num=25
[OMPT] implicit_task_begin: parallel_id=281474976710715 thread_num=25 team_size=32
[OMPT] implicit_task_end: parallel_id=0 thread_num=0
[OMPT] parallel_end: parallel_id=281474976710715
[OMPT] parallel_begin: parallel_id=281474976710717 team_size=32
[OMPT] implicit_task_end: parallel_id=0 thread_num=16
[OMPT] implicit_task_end: parallel_id=0 thread_num=1
[OMPT] implicit_task_end: parallel_id=0 thread_num=8
[OMPT] implicit_task_begin: parallel_id=281474976710717 thread_num=0 team_size=32
[OMPT] implicit_task_end: parallel_id=0 thread_num=4
[OMPT] implicit_task_end: parallel_id=0 thread_num=12
[OMPT] implicit_task_end: parallel_id=0 thread_num=6
[OMPT] implicit_task_end: parallel_id=0 thread_num=13
[OMPT] implicit_task_end: parallel_id=0 thread_num=18
[OMPT] implicit_task_end: parallel_id=0 thread_num=24
[OMPT] implicit_task_end: parallel_id=0 thread_num=20
[OMPT] implicit_task_end: parallel_id=0 thread_num=28
[OMPT] implicit_task_end: parallel_id=0 thread_num=23
[OMPT] implicit_task_end: parallel_id=0 thread_num=29
[OMPT] implicit_task_begin: parallel_id=281474976710717 thread_num=18 team_size=32
[OMPT] implicit_task_end: parallel_id=0 thread_num=9
[OMPT] implicit_task_end: parallel_id=0 thread_num=10
[OMPT] implicit_task_begin: parallel_id=281474976710717 thread_num=28 team_size=32
[OMPT] implicit_task_begin: parallel_id=281474976710717 thread_num=16 team_size=32
[OMPT] implicit_task_begin: parallel_id=281474976710717 thread_num=20 team_size=32
[OMPT] implicit_task_end: parallel_id=0 thread_num=7
[OMPT] implicit_task_begin: parallel_id=281474976710717 thread_num=23 team_size=32
[OMPT] implicit_task_end: parallel_id=0 thread_num=14
[OMPT] implicit_task_begin: parallel_id=281474976710717 thread_num=29 team_size=32
[OMPT] implicit_task_end: parallel_id=0 thread_num=15
[OMPT] implicit_task_begin: parallel_id=281474976710717 thread_num=8 team_size=32
[OMPT] implicit_task_begin: parallel_id=281474976710717 thread_num=14 team_size=32
[OMPT] implicit_task_begin: parallel_id=281474976710717 thread_num=12 team_size=32
[OMPT] implicit_task_end: parallel_id=0 thread_num=25
[OMPT] implicit_task_end: parallel_id=0 thread_num=26
[OMPT] implicit_task_begin: parallel_id=281474976710717 thread_num=15 team_size=32
[OMPT] implicit_task_begin: parallel_id=281474976710717 thread_num=25 team_size=32
[OMPT] implicit_task_end: parallel_id=0 thread_num=27
[OMPT] implicit_task_begin: parallel_id=281474976710717 thread_num=6 team_size=32
[OMPT] implicit_task_end: parallel_id=0 thread_num=19
[OMPT] implicit_task_end: parallel_id=0 thread_num=31
[OMPT] implicit_task_begin: parallel_id=281474976710717 thread_num=13 team_size=32
[OMPT] implicit_task_begin: parallel_id=281474976710717 thread_num=19 team_size=32
[OMPT] implicit_task_end: parallel_id=0 thread_num=30
[OMPT] implicit_task_begin: parallel_id=281474976710717 thread_num=1 team_size=32
[OMPT] implicit_task_begin: parallel_id=281474976710717 thread_num=30 team_size=32
[OMPT] implicit_task_end: parallel_id=0 thread_num=2
[OMPT] implicit_task_end: parallel_id=0 thread_num=5
[OMPT] implicit_task_begin: parallel_id=281474976710717 thread_num=24 team_size=32
[OMPT] implicit_task_end: parallel_id=0 thread_num=3
[OMPT] implicit_task_begin: parallel_id=281474976710717 thread_num=3 team_size=32
[OMPT] implicit_task_begin: parallel_id=281474976710717 thread_num=7 team_size=32
[OMPT] implicit_task_end: parallel_id=0 thread_num=17
[OMPT] implicit_task_begin: parallel_id=281474976710717 thread_num=9 team_size=32
[OMPT] implicit_task_begin: parallel_id=281474976710717 thread_num=17 team_size=32
[OMPT] implicit_task_end: parallel_id=0 thread_num=21
[OMPT] implicit_task_begin: parallel_id=281474976710717 thread_num=10 team_size=32
[OMPT] implicit_task_begin: parallel_id=281474976710717 thread_num=27 team_size=32
[OMPT] implicit_task_end: parallel_id=0 thread_num=11
[OMPT] implicit_task_begin: parallel_id=281474976710717 thread_num=31 team_size=32
[OMPT] implicit_task_begin: parallel_id=281474976710717 thread_num=11 team_size=32
[OMPT] implicit_task_begin: parallel_id=281474976710717 thread_num=4 team_size=32
[OMPT] implicit_task_begin: parallel_id=281474976710717 thread_num=2 team_size=32
[OMPT] implicit_task_begin: parallel_id=281474976710717 thread_num=5 team_size=32
[OMPT] implicit_task_end: parallel_id=0 thread_num=22
[OMPT] implicit_task_begin: parallel_id=281474976710717 thread_num=21 team_size=32
[OMPT] implicit_task_begin: parallel_id=281474976710717 thread_num=22 team_size=32
[OMPT] implicit_task_begin: parallel_id=281474976710717 thread_num=26 team_size=32
[OMPT] implicit_task_end: parallel_id=0 thread_num=0
[OMPT] parallel_end: parallel_id=281474976710717
[OMPT] parallel_begin: parallel_id=281474976710719 team_size=32
[OMPT] implicit_task_end: parallel_id=0 thread_num=16
[OMPT] implicit_task_end: parallel_id=0 thread_num=12
[OMPT] implicit_task_begin: parallel_id=281474976710719 thread_num=0 team_size=32
[OMPT] implicit_task_end: parallel_id=0 thread_num=1
[OMPT] implicit_task_end: parallel_id=0 thread_num=18
[OMPT] implicit_task_end: parallel_id=0 thread_num=2
[OMPT] implicit_task_end: parallel_id=0 thread_num=4
[OMPT] implicit_task_begin: parallel_id=281474976710719 thread_num=18 team_size=32
[OMPT] implicit_task_end: parallel_id=0 thread_num=5
[OMPT] implicit_task_end: parallel_id=0 thread_num=7
[OMPT] implicit_task_begin: parallel_id=281474976710719 thread_num=4 team_size=32
[OMPT] implicit_task_begin: parallel_id=281474976710719 thread_num=5 team_size=32
[OMPT] implicit_task_end: parallel_id=0 thread_num=20
[OMPT] implicit_task_begin: parallel_id=281474976710719 thread_num=7 team_size=32
[OMPT] implicit_task_end: parallel_id=0 thread_num=23
[OMPT] implicit_task_end: parallel_id=0 thread_num=21
[OMPT] implicit_task_begin: parallel_id=281474976710719 thread_num=20 team_size=32
[OMPT] implicit_task_begin: parallel_id=281474976710719 thread_num=23 team_size=32
[OMPT] implicit_task_begin: parallel_id=281474976710719 thread_num=12 team_size=32
[OMPT] implicit_task_begin: parallel_id=281474976710719 thread_num=21 team_size=32
[OMPT] implicit_task_end: parallel_id=0 thread_num=8
[OMPT] implicit_task_end: parallel_id=0 thread_num=3
[OMPT] implicit_task_end: parallel_id=0 thread_num=10
[OMPT] implicit_task_begin: parallel_id=281474976710719 thread_num=8 team_size=32
[OMPT] implicit_task_begin: parallel_id=281474976710719 thread_num=3 team_size=32
[OMPT] implicit_task_begin: parallel_id=281474976710719 thread_num=2 team_size=32
[OMPT] implicit_task_end: parallel_id=0 thread_num=28
[OMPT] implicit_task_end: parallel_id=0 thread_num=17
[OMPT] implicit_task_end: parallel_id=0 thread_num=31
[OMPT] implicit_task_begin: parallel_id=281474976710719 thread_num=28 team_size=32
[OMPT] implicit_task_begin: parallel_id=281474976710719 thread_num=16 team_size=32
[OMPT] implicit_task_end: parallel_id=0 thread_num=22
[OMPT] implicit_task_end: parallel_id=0 thread_num=13
[OMPT] implicit_task_end: parallel_id=0 thread_num=9
[OMPT] implicit_task_begin: parallel_id=281474976710719 thread_num=22 team_size=32
[OMPT] implicit_task_begin: parallel_id=281474976710719 thread_num=9 team_size=32
[OMPT] implicit_task_end: parallel_id=0 thread_num=11
[OMPT] implicit_task_end: parallel_id=0 thread_num=19
[OMPT] implicit_task_begin: parallel_id=281474976710719 thread_num=11 team_size=32
[OMPT] implicit_task_end: parallel_id=0 thread_num=24
[OMPT] implicit_task_end: parallel_id=0 thread_num=26
[OMPT] implicit_task_begin: parallel_id=281474976710719 thread_num=24 team_size=32
[OMPT] implicit_task_begin: parallel_id=281474976710719 thread_num=26 team_size=32
[OMPT] implicit_task_end: parallel_id=0 thread_num=30
[OMPT] implicit_task_begin: parallel_id=281474976710719 thread_num=30 team_size=32
[OMPT] implicit_task_end: parallel_id=0 thread_num=14
[OMPT] implicit_task_begin: parallel_id=281474976710719 thread_num=14 team_size=32
[OMPT] implicit_task_begin: parallel_id=281474976710719 thread_num=17 team_size=32
[OMPT] implicit_task_begin: parallel_id=281474976710719 thread_num=31 team_size=32
[OMPT] implicit_task_end: parallel_id=0 thread_num=15
[OMPT] implicit_task_begin: parallel_id=281474976710719 thread_num=15 team_size=32
[OMPT] implicit_task_begin: parallel_id=281474976710719 thread_num=1 team_size=32
[OMPT] implicit_task_begin: parallel_id=281474976710719 thread_num=13 team_size=32
[OMPT] implicit_task_begin: parallel_id=281474976710719 thread_num=10 team_size=32
[OMPT] implicit_task_begin: parallel_id=281474976710719 thread_num=19 team_size=32
[OMPT] implicit_task_end: parallel_id=0 thread_num=6
[OMPT] implicit_task_begin: parallel_id=281474976710719 thread_num=6 team_size=32
[OMPT] implicit_task_end: parallel_id=0 thread_num=25
[OMPT] implicit_task_begin: parallel_id=281474976710719 thread_num=25 team_size=32
[OMPT] implicit_task_end: parallel_id=0 thread_num=27
[OMPT] implicit_task_begin: parallel_id=281474976710719 thread_num=27 team_size=32
[OMPT] implicit_task_end: parallel_id=0 thread_num=29
[OMPT] implicit_task_begin: parallel_id=281474976710719 thread_num=29 team_size=32
[OMPT] implicit_task_end: parallel_id=0 thread_num=0
[OMPT] parallel_end: parallel_id=281474976710719
[OMPT] parallel_begin: parallel_id=281474976710721 team_size=32
[OMPT] implicit_task_end: parallel_id=0 thread_num=16
[OMPT] implicit_task_end: parallel_id=0 thread_num=1
[OMPT] implicit_task_end: parallel_id=0 thread_num=20
[OMPT] implicit_task_begin: parallel_id=281474976710721 thread_num=0 team_size=32
[OMPT] implicit_task_end: parallel_id=0 thread_num=22
[OMPT] implicit_task_end: parallel_id=0 thread_num=21
[OMPT] implicit_task_end: parallel_id=0 thread_num=3
[OMPT] implicit_task_begin: parallel_id=281474976710721 thread_num=16 team_size=32
[OMPT] implicit_task_end: parallel_id=0 thread_num=2
[OMPT] implicit_task_begin: parallel_id=281474976710721 thread_num=3 team_size=32
[OMPT] implicit_task_end: parallel_id=0 thread_num=18
[OMPT] implicit_task_end: parallel_id=0 thread_num=28
[OMPT] implicit_task_end: parallel_id=0 thread_num=24
[OMPT] implicit_task_end: parallel_id=0 thread_num=29
[OMPT] implicit_task_end: parallel_id=0 thread_num=23
[OMPT] implicit_task_end: parallel_id=0 thread_num=25
[OMPT] implicit_task_begin: parallel_id=281474976710721 thread_num=28 team_size=32
[OMPT] implicit_task_end: parallel_id=0 thread_num=4
[OMPT] implicit_task_begin: parallel_id=281474976710721 thread_num=1 team_size=32
[OMPT] implicit_task_end: parallel_id=0 thread_num=7
[OMPT] implicit_task_end: parallel_id=0 thread_num=8
[OMPT] implicit_task_begin: parallel_id=281474976710721 thread_num=29 team_size=32
[OMPT] implicit_task_end: parallel_id=0 thread_num=17
[OMPT] implicit_task_begin: parallel_id=281474976710721 thread_num=18 team_size=32
[OMPT] implicit_task_begin: parallel_id=281474976710721 thread_num=4 team_size=32
[OMPT] implicit_task_begin: parallel_id=281474976710721 thread_num=17 team_size=32
[OMPT] implicit_task_begin: parallel_id=281474976710721 thread_num=8 team_size=32
[OMPT] implicit_task_end: parallel_id=0 thread_num=19
[OMPT] implicit_task_end: parallel_id=0 thread_num=27
[OMPT] implicit_task_begin: parallel_id=281474976710721 thread_num=2 team_size=32
[OMPT] implicit_task_begin: parallel_id=281474976710721 thread_num=27 team_size=32
[OMPT] implicit_task_end: parallel_id=0 thread_num=12
[OMPT] implicit_task_end: parallel_id=0 thread_num=15
[OMPT] implicit_task_begin: parallel_id=281474976710721 thread_num=23 team_size=32
[OMPT] implicit_task_begin: parallel_id=281474976710721 thread_num=12 team_size=32
[OMPT] implicit_task_begin: parallel_id=281474976710721 thread_num=25 team_size=32
[OMPT] implicit_task_begin: parallel_id=281474976710721 thread_num=15 team_size=32
[OMPT] implicit_task_end: parallel_id=0 thread_num=5
[OMPT] implicit_task_end: parallel_id=0 thread_num=6
[OMPT] implicit_task_begin: parallel_id=281474976710721 thread_num=5 team_size=32
[OMPT] implicit_task_begin: parallel_id=281474976710721 thread_num=6 team_size=32
[OMPT] implicit_task_end: parallel_id=0 thread_num=11
[OMPT] implicit_task_end: parallel_id=0 thread_num=9
[OMPT] implicit_task_begin: parallel_id=281474976710721 thread_num=11 team_size=32
[OMPT] implicit_task_begin: parallel_id=281474976710721 thread_num=9 team_size=32
[OMPT] implicit_task_begin: parallel_id=281474976710721 thread_num=7 team_size=32
[OMPT] implicit_task_begin: parallel_id=281474976710721 thread_num=21 team_size=32
[OMPT] implicit_task_end: parallel_id=0 thread_num=30
[OMPT] implicit_task_begin: parallel_id=281474976710721 thread_num=30 team_size=32
[OMPT] implicit_task_end: parallel_id=0 thread_num=31
[OMPT] implicit_task_begin: parallel_id=281474976710721 thread_num=31 team_size=32
[OMPT] implicit_task_end: parallel_id=0 thread_num=26
[OMPT] implicit_task_begin: parallel_id=281474976710721 thread_num=19 team_size=32
[OMPT] implicit_task_begin: parallel_id=281474976710721 thread_num=24 team_size=32
[OMPT] implicit_task_end: parallel_id=0 thread_num=14
[OMPT] implicit_task_end: parallel_id=0 thread_num=13
[OMPT] implicit_task_begin: parallel_id=281474976710721 thread_num=14 team_size=32
[OMPT] implicit_task_begin: parallel_id=281474976710721 thread_num=20 team_size=32
[OMPT] implicit_task_begin: parallel_id=281474976710721 thread_num=22 team_size=32
[OMPT] implicit_task_end: parallel_id=0 thread_num=10
[OMPT] implicit_task_begin: parallel_id=281474976710721 thread_num=10 team_size=32
[OMPT] implicit_task_begin: parallel_id=281474976710721 thread_num=13 team_size=32
[OMPT] implicit_task_begin: parallel_id=281474976710721 thread_num=26 team_size=32
[OMPT][WIN100ms] ompt_id=281474976710657 tid=1054869 tipo=ompt_thread_initial    cpu=255 numa=1  d_rm=   36395  d_instr= 733134174  d_cyc= 564040794  d_all= 4775349  IPC=1.300  ratio_rm=0.0076
[OMPT][WIN100ms] ompt_id=562949953421313 tid=1054871 tipo=ompt_thread_worker     cpu=122 numa=1  d_rm=    5872  d_instr= 729020799  d_cyc= 556330660  d_all= 4758799  IPC=1.310  ratio_rm=0.0012
[OMPT][WIN100ms] ompt_id=844424930131969 tid=1054872 tipo=ompt_thread_worker     cpu= 96 numa=1  d_rm=   29961  d_instr= 915277268  d_cyc= 540399671  d_all= 4970024  IPC=1.694  ratio_rm=0.0060
[OMPT][WIN100ms] ompt_id=1125899906842625 tid=1054873 tipo=ompt_thread_worker     cpu= 35 numa=0  d_rm=    1492  d_instr= 916434820  d_cyc= 540516366  d_all= 5033897  IPC=1.695  ratio_rm=0.0003
[OMPT][WIN100ms] ompt_id=1407374883553281 tid=1054874 tipo=ompt_thread_worker     cpu=121 numa=1  d_rm=    8576  d_instr= 768402022  d_cyc= 555069569  d_all= 4917030  IPC=1.384  ratio_rm=0.0017
[OMPT] implicit_task_end: parallel_id=0 thread_num=0
[OMPT] parallel_end: parallel_id=281474976710721
[OMPT] parallel_begin: parallel_id=281474976710723 team_size=32
[OMPT] implicit_task_end: parallel_id=0 thread_num=16
[OMPT] implicit_task_end: parallel_id=0 thread_num=12
[OMPT] implicit_task_end: parallel_id=0 thread_num=20
[OMPT] implicit_task_end: parallel_id=0 thread_num=19
[OMPT] implicit_task_end: parallel_id=0 thread_num=23
[OMPT] implicit_task_end: parallel_id=0 thread_num=1
[OMPT] implicit_task_end: parallel_id=0 thread_num=2
[OMPT] implicit_task_end: parallel_id=0 thread_num=3
[OMPT] implicit_task_end: parallel_id=0 thread_num=18
[OMPT] implicit_task_end: parallel_id=0 thread_num=24
[OMPT] implicit_task_end: parallel_id=0 thread_num=27
[OMPT] implicit_task_end: parallel_id=0 thread_num=25
[OMPT] implicit_task_end: parallel_id=0 thread_num=13
[OMPT] implicit_task_end: parallel_id=0 thread_num=15
[OMPT] implicit_task_end: parallel_id=0 thread_num=22
[OMPT] implicit_task_end: parallel_id=0 thread_num=21
[OMPT] implicit_task_end: parallel_id=0 thread_num=8
[OMPT] implicit_task_end: parallel_id=0 thread_num=9
[OMPT] implicit_task_end: parallel_id=0 thread_num=17
[OMPT] implicit_task_end: parallel_id=0 thread_num=28
[OMPT] implicit_task_end: parallel_id=0 thread_num=31
[OMPT] implicit_task_end: parallel_id=0 thread_num=14
[OMPT] implicit_task_end: parallel_id=0 thread_num=4
[OMPT] implicit_task_end: parallel_id=0 thread_num=7
[OMPT] implicit_task_end: parallel_id=0 thread_num=5
[OMPT] implicit_task_end: parallel_id=0 thread_num=11
[OMPT] implicit_task_end: parallel_id=0 thread_num=26
[OMPT] implicit_task_end: parallel_id=0 thread_num=29
[OMPT] implicit_task_end: parallel_id=0 thread_num=10
[OMPT] implicit_task_end: parallel_id=0 thread_num=6
[OMPT] implicit_task_end: parallel_id=0 thread_num=30
[OMPT][WIN100ms] ompt_id=1688849860263937 tid=1054875 tipo=ompt_thread_worker     cpu=250 numa=1  d_rm=   13169  d_instr= 780939166  d_cyc= 557656534  d_all= 5005255  IPC=1.400  ratio_rm=0.0026
[OMPT][WIN100ms] ompt_id=1970324836974593 tid=1054876 tipo=ompt_thread_worker     cpu= 36 numa=0  d_rm=    3203  d_instr= 932535876  d_cyc= 520211774  d_all= 5045334  IPC=1.793  ratio_rm=0.0006
[OMPT][WIN100ms] ompt_id=2251799813685249 tid=1054877 tipo=ompt_thread_worker     cpu=125 numa=1  d_rm=   12798  d_instr= 787167901  d_cyc= 558313757  d_all= 5030006  IPC=1.410  ratio_rm=0.0025
[OMPT][WIN100ms] ompt_id=2533274790395905 tid=1054878 tipo=ompt_thread_worker     cpu= 65 numa=1  d_rm=    8921  d_instr= 936158338  d_cyc= 541054253  d_all= 5086429  IPC=1.730  ratio_rm=0.0018
[OMPT][WIN100ms] ompt_id=2814749767106561 tid=1054879 tipo=ompt_thread_worker     cpu= 88 numa=1  d_rm=    2246  d_instr= 929917008  d_cyc= 540868215  d_all= 5082924  IPC=1.719  ratio_rm=0.0004
[OMPT][WIN100ms] ompt_id=3096224743817217 tid=1054880 tipo=ompt_thread_worker     cpu=165 numa=0  d_rm=    1344  d_instr= 932703856  d_cyc= 538375232  d_all= 5032476  IPC=1.732  ratio_rm=0.0003
[OMPT][WIN100ms] ompt_id=3377699720527873 tid=1054881 tipo=ompt_thread_worker     cpu=239 numa=1  d_rm=   26588  d_instr= 938182146  d_cyc= 538716738  d_all= 5033874  IPC=1.742  ratio_rm=0.0053
[OMPT][WIN100ms] ompt_id=3659174697238529 tid=1054882 tipo=ompt_thread_worker     cpu=247 numa=1  d_rm=   25743  d_instr= 935775967  d_cyc= 538517019  d_all= 5115157  IPC=1.738  ratio_rm=0.0050
[OMPT][WIN100ms] ompt_id=3940649673949185 tid=1054883 tipo=ompt_thread_worker     cpu= 75 numa=1  d_rm=    3598  d_instr= 933498081  d_cyc= 538465693  d_all= 5039365  IPC=1.734  ratio_rm=0.0007
[OMPT][WIN100ms] ompt_id=4222124650659841 tid=1054884 tipo=ompt_thread_worker     cpu=112 numa=1  d_rm=    1665  d_instr= 933990058  d_cyc= 538873930  d_all= 5084780  IPC=1.733  ratio_rm=0.0003
[OMPT][WIN100ms] ompt_id=4503599627370497 tid=1054885 tipo=ompt_thread_worker     cpu=223 numa=1  d_rm=   24758  d_instr= 934568904  d_cyc= 539626148  d_all= 5094710  IPC=1.732  ratio_rm=0.0049
[OMPT][WIN100ms] ompt_id=4785074604081153 tid=1054886 tipo=ompt_thread_worker     cpu=120 numa=1  d_rm=   21257  d_instr= 787322516  d_cyc= 558468284  d_all= 5043080  IPC=1.410  ratio_rm=0.0042
[OMPT][WIN100ms] ompt_id=5066549580791809 tid=1054887 tipo=ompt_thread_worker     cpu=248 numa=1  d_rm=   16641  d_instr= 781890777  d_cyc= 555331174  d_all= 5187848  IPC=1.408  ratio_rm=0.0032
[OMPT][WIN100ms] ompt_id=5348024557502465 tid=1054888 tipo=ompt_thread_worker     cpu=127 numa=1  d_rm=    7861  d_instr= 785115242  d_cyc= 557102786  d_all= 5047342  IPC=1.409  ratio_rm=0.0016
[OMPT][WIN100ms] ompt_id=5629499534213121 tid=1054889 tipo=ompt_thread_worker     cpu= 76 numa=1  d_rm=    9100  d_instr= 932377134  d_cyc= 539381244  d_all= 5043425  IPC=1.729  ratio_rm=0.0018
[OMPT][WIN100ms] ompt_id=5910974510923777 tid=1054890 tipo=ompt_thread_worker     cpu=126 numa=1  d_rm=   10184  d_instr= 786401202  d_cyc= 556031336  d_all= 5032569  IPC=1.414  ratio_rm=0.0020
[OMPT][WIN100ms] ompt_id=6192449487634433 tid=1054891 tipo=ompt_thread_worker     cpu= 79 numa=1  d_rm=    9453  d_instr= 933108301  d_cyc= 537472362  d_all= 5052354  IPC=1.736  ratio_rm=0.0019
[OMPT][WIN100ms] ompt_id=6473924464345089 tid=1054892 tipo=ompt_thread_worker     cpu=254 numa=1  d_rm=    6386  d_instr= 787683087  d_cyc= 554831384  d_all= 5034308  IPC=1.420  ratio_rm=0.0013
[OMPT][WIN100ms] ompt_id=6755399441055745 tid=1054893 tipo=ompt_thread_worker     cpu=252 numa=1  d_rm=    5244  d_instr= 789235913  d_cyc= 555474768  d_all= 5029381  IPC=1.421  ratio_rm=0.0010
[OMPT][WIN100ms] ompt_id=7036874417766401 tid=1054894 tipo=ompt_thread_worker     cpu=124 numa=1  d_rm=    6406  d_instr= 787996119  d_cyc= 553372657  d_all= 5033189  IPC=1.424  ratio_rm=0.0013
[OMPT][WIN100ms] ompt_id=7318349394477057 tid=1054895 tipo=ompt_thread_worker     cpu=253 numa=1  d_rm=   10807  d_instr= 786630074  d_cyc= 552930599  d_all= 5028769  IPC=1.423  ratio_rm=0.0021
[OMPT][WIN100ms] ompt_id=7599824371187713 tid=1054896 tipo=ompt_thread_worker     cpu= 78 numa=1  d_rm=    7534  d_instr= 931205132  d_cyc= 536820718  d_all= 5044909  IPC=1.735  ratio_rm=0.0015
[OMPT][WIN100ms] ompt_id=7881299347898369 tid=1054897 tipo=ompt_thread_worker     cpu=249 numa=1  d_rm=   13300  d_instr= 789002182  d_cyc= 553575176  d_all= 5031901  IPC=1.425  ratio_rm=0.0026
[OMPT][WIN100ms] ompt_id=8162774324609025 tid=1054898 tipo=ompt_thread_worker     cpu=123 numa=1  d_rm=   18120  d_instr= 788067364  d_cyc= 553368656  d_all= 5032769  IPC=1.424  ratio_rm=0.0036
[OMPT][WIN100ms] ompt_id=8444249301319681 tid=1054899 tipo=ompt_thread_worker     cpu=194 numa=1  d_rm=   17524  d_instr= 934485044  d_cyc= 535333754  d_all= 5081103  IPC=1.746  ratio_rm=0.0034
[OMPT][WIN100ms] ompt_id=8725724278030337 tid=1054900 tipo=ompt_thread_worker     cpu=251 numa=1  d_rm=   20595  d_instr= 785750667  d_cyc= 552334737  d_all= 5033826  IPC=1.423  ratio_rm=0.0041
[OMPT][WIN100ms] ompt_id=9007199254740993 tid=1054901 tipo=ompt_thread_worker     cpu= 77 numa=1  d_rm=   11758  d_instr= 934095412  d_cyc= 532393911  d_all= 5039112  IPC=1.755  ratio_rm=0.0023
[OMPT] implicit_task_begin: parallel_id=281474976710723 thread_num=17 team_size=32
[OMPT] implicit_task_begin: parallel_id=281474976710723 thread_num=24 team_size=32
[OMPT] implicit_task_begin: parallel_id=281474976710723 thread_num=20 team_size=32
[OMPT] implicit_task_begin: parallel_id=281474976710723 thread_num=5 team_size=32
[OMPT] implicit_task_begin: parallel_id=281474976710723 thread_num=4 team_size=32
[OMPT] implicit_task_begin: parallel_id=281474976710723 thread_num=27 team_size=32
[OMPT] implicit_task_begin: parallel_id=281474976710723 thread_num=30 team_size=32
[OMPT] implicit_task_begin: parallel_id=281474976710723 thread_num=28 team_size=32
[OMPT] implicit_task_begin: parallel_id=281474976710723 thread_num=12 team_size=32
[OMPT] implicit_task_begin: parallel_id=281474976710723 thread_num=14 team_size=32
[OMPT] implicit_task_begin: parallel_id=281474976710723 thread_num=3 team_size=32
[OMPT] implicit_task_begin: parallel_id=281474976710723 thread_num=23 team_size=32
[OMPT] implicit_task_begin: parallel_id=281474976710723 thread_num=18 team_size=32
[OMPT] implicit_task_begin: parallel_id=281474976710723 thread_num=22 team_size=32
[OMPT] implicit_task_begin: parallel_id=281474976710723 thread_num=25 team_size=32
[OMPT] implicit_task_begin: parallel_id=281474976710723 thread_num=0 team_size=32
[OMPT] implicit_task_begin: parallel_id=281474976710723 thread_num=7 team_size=32
[OMPT] implicit_task_begin: parallel_id=281474976710723 thread_num=1 team_size=32
[OMPT] implicit_task_begin: parallel_id=281474976710723 thread_num=2 team_size=32
[OMPT] implicit_task_begin: parallel_id=281474976710723 thread_num=9 team_size=32
[OMPT] implicit_task_begin: parallel_id=281474976710723 thread_num=21 team_size=32
[OMPT] implicit_task_begin: parallel_id=281474976710723 thread_num=19 team_size=32
[OMPT] implicit_task_begin: parallel_id=281474976710723 thread_num=31 team_size=32
[OMPT] implicit_task_begin: parallel_id=281474976710723 thread_num=13 team_size=32
[OMPT] implicit_task_begin: parallel_id=281474976710723 thread_num=26 team_size=32
[OMPT] implicit_task_begin: parallel_id=281474976710723 thread_num=15 team_size=32
[OMPT] implicit_task_begin: parallel_id=281474976710723 thread_num=16 team_size=32
[OMPT] implicit_task_begin: parallel_id=281474976710723 thread_num=10 team_size=32
[OMPT] implicit_task_begin: parallel_id=281474976710723 thread_num=29 team_size=32
[OMPT] implicit_task_begin: parallel_id=281474976710723 thread_num=6 team_size=32
[OMPT] implicit_task_begin: parallel_id=281474976710723 thread_num=11 team_size=32
[OMPT] implicit_task_begin: parallel_id=281474976710723 thread_num=8 team_size=32
[OMPT] implicit_task_end: parallel_id=0 thread_num=0
[OMPT] parallel_end: parallel_id=281474976710723
[OMPT] parallel_begin: parallel_id=281474976710725 team_size=32
[OMPT] implicit_task_end: parallel_id=0 thread_num=12
[OMPT] implicit_task_end: parallel_id=0 thread_num=4
[OMPT] implicit_task_end: parallel_id=0 thread_num=13
[OMPT] implicit_task_end: parallel_id=0 thread_num=5
[OMPT] implicit_task_begin: parallel_id=281474976710725 thread_num=12 team_size=32
[OMPT] implicit_task_end: parallel_id=0 thread_num=2
[OMPT] implicit_task_begin: parallel_id=281474976710725 thread_num=4 team_size=32
[OMPT] implicit_task_end: parallel_id=0 thread_num=3
[OMPT] implicit_task_end: parallel_id=0 thread_num=15
[OMPT] implicit_task_begin: parallel_id=281474976710725 thread_num=15 team_size=32
[OMPT] implicit_task_begin: parallel_id=281474976710725 thread_num=0 team_size=32
[OMPT] implicit_task_end: parallel_id=0 thread_num=7
[OMPT] implicit_task_begin: parallel_id=281474976710725 thread_num=7 team_size=32
[OMPT] implicit_task_end: parallel_id=0 thread_num=6
[OMPT] implicit_task_begin: parallel_id=281474976710725 thread_num=6 team_size=32
[OMPT] implicit_task_end: parallel_id=0 thread_num=1
[OMPT] implicit_task_begin: parallel_id=281474976710725 thread_num=1 team_size=32
[OMPT] implicit_task_end: parallel_id=0 thread_num=8
[OMPT] implicit_task_end: parallel_id=0 thread_num=11
[OMPT] implicit_task_end: parallel_id=0 thread_num=16
[OMPT] implicit_task_end: parallel_id=0 thread_num=28
[OMPT] implicit_task_end: parallel_id=0 thread_num=19
[OMPT] implicit_task_begin: parallel_id=281474976710725 thread_num=11 team_size=32
[OMPT] implicit_task_end: parallel_id=0 thread_num=30
[OMPT] implicit_task_begin: parallel_id=281474976710725 thread_num=16 team_size=32
[OMPT] implicit_task_begin: parallel_id=281474976710725 thread_num=13 team_size=32
[OMPT] implicit_task_begin: parallel_id=281474976710725 thread_num=30 team_size=32
[OMPT] implicit_task_end: parallel_id=0 thread_num=10
[OMPT] implicit_task_begin: parallel_id=281474976710725 thread_num=8 team_size=32
[OMPT] implicit_task_end: parallel_id=0 thread_num=24
[OMPT] implicit_task_end: parallel_id=0 thread_num=26
[OMPT] implicit_task_begin: parallel_id=281474976710725 thread_num=24 team_size=32
[OMPT] implicit_task_end: parallel_id=0 thread_num=17
[OMPT] implicit_task_begin: parallel_id=281474976710725 thread_num=2 team_size=32
[OMPT] implicit_task_end: parallel_id=0 thread_num=31
[OMPT] implicit_task_end: parallel_id=0 thread_num=29
[OMPT] implicit_task_begin: parallel_id=281474976710725 thread_num=5 team_size=32
[OMPT] implicit_task_end: parallel_id=0 thread_num=14
[OMPT] implicit_task_begin: parallel_id=281474976710725 thread_num=19 team_size=32
[OMPT] implicit_task_begin: parallel_id=281474976710725 thread_num=14 team_size=32
[OMPT] implicit_task_begin: parallel_id=281474976710725 thread_num=3 team_size=32
[OMPT] implicit_task_end: parallel_id=0 thread_num=9
[OMPT] implicit_task_begin: parallel_id=281474976710725 thread_num=10 team_size=32
[OMPT] implicit_task_begin: parallel_id=281474976710725 thread_num=9 team_size=32
[OMPT] implicit_task_end: parallel_id=0 thread_num=27
[OMPT] implicit_task_end: parallel_id=0 thread_num=20
[OMPT] implicit_task_begin: parallel_id=281474976710725 thread_num=27 team_size=32
[OMPT] implicit_task_end: parallel_id=0 thread_num=22
[OMPT] implicit_task_begin: parallel_id=281474976710725 thread_num=20 team_size=32
[OMPT] implicit_task_begin: parallel_id=281474976710725 thread_num=26 team_size=32
[OMPT] implicit_task_begin: parallel_id=281474976710725 thread_num=31 team_size=32
[OMPT] implicit_task_begin: parallel_id=281474976710725 thread_num=29 team_size=32
[OMPT] implicit_task_begin: parallel_id=281474976710725 thread_num=28 team_size=32
[OMPT] implicit_task_end: parallel_id=0 thread_num=25
[OMPT] implicit_task_end: parallel_id=0 thread_num=23
[OMPT] implicit_task_end: parallel_id=0 thread_num=21
[OMPT] implicit_task_begin: parallel_id=281474976710725 thread_num=23 team_size=32
[OMPT] implicit_task_begin: parallel_id=281474976710725 thread_num=22 team_size=32
[OMPT] implicit_task_begin: parallel_id=281474976710725 thread_num=17 team_size=32
[OMPT] implicit_task_end: parallel_id=0 thread_num=18
[OMPT] implicit_task_begin: parallel_id=281474976710725 thread_num=21 team_size=32
[OMPT] implicit_task_begin: parallel_id=281474976710725 thread_num=18 team_size=32
[OMPT] implicit_task_begin: parallel_id=281474976710725 thread_num=25 team_size=32
[OMPT] implicit_task_end: parallel_id=0 thread_num=0
[OMPT] parallel_end: parallel_id=281474976710725
[OMPT] parallel_begin: parallel_id=281474976710727 team_size=32
[OMPT] implicit_task_end: parallel_id=0 thread_num=16
[OMPT] implicit_task_end: parallel_id=0 thread_num=8
[OMPT] implicit_task_begin: parallel_id=281474976710727 thread_num=0 team_size=32
[OMPT] implicit_task_end: parallel_id=0 thread_num=11
[OMPT] implicit_task_begin: parallel_id=281474976710727 thread_num=16 team_size=32
[OMPT] implicit_task_end: parallel_id=0 thread_num=12
[OMPT] implicit_task_begin: parallel_id=281474976710727 thread_num=8 team_size=32
[OMPT] implicit_task_end: parallel_id=0 thread_num=19
[OMPT] implicit_task_end: parallel_id=0 thread_num=3
[OMPT] implicit_task_end: parallel_id=0 thread_num=1
[OMPT] implicit_task_begin: parallel_id=281474976710727 thread_num=3 team_size=32
[OMPT] implicit_task_end: parallel_id=0 thread_num=9
[OMPT] implicit_task_begin: parallel_id=281474976710727 thread_num=1 team_size=32
[OMPT] implicit_task_end: parallel_id=0 thread_num=10
[OMPT] implicit_task_end: parallel_id=0 thread_num=20
[OMPT] implicit_task_begin: parallel_id=281474976710727 thread_num=10 team_size=32
[OMPT] implicit_task_end: parallel_id=0 thread_num=2
[OMPT] implicit_task_end: parallel_id=0 thread_num=4
[OMPT] implicit_task_end: parallel_id=0 thread_num=14
[OMPT] implicit_task_end: parallel_id=0 thread_num=6
[OMPT] implicit_task_end: parallel_id=0 thread_num=28
[OMPT] implicit_task_end: parallel_id=0 thread_num=30
[OMPT] implicit_task_begin: parallel_id=281474976710727 thread_num=12 team_size=32
[OMPT] implicit_task_end: parallel_id=0 thread_num=24
[OMPT] implicit_task_begin: parallel_id=281474976710727 thread_num=28 team_size=32
[OMPT] implicit_task_end: parallel_id=0 thread_num=26
[OMPT] implicit_task_begin: parallel_id=281474976710727 thread_num=24 team_size=32
[OMPT] implicit_task_begin: parallel_id=281474976710727 thread_num=26 team_size=32
[OMPT] implicit_task_begin: parallel_id=281474976710727 thread_num=9 team_size=32
[OMPT] implicit_task_end: parallel_id=0 thread_num=23
[OMPT] implicit_task_end: parallel_id=0 thread_num=22
[OMPT] implicit_task_begin: parallel_id=281474976710727 thread_num=22 team_size=32
[OMPT] implicit_task_end: parallel_id=0 thread_num=21
[OMPT] implicit_task_end: parallel_id=0 thread_num=5
[OMPT] implicit_task_end: parallel_id=0 thread_num=7
[OMPT] implicit_task_begin: parallel_id=281474976710727 thread_num=5 team_size=32
[OMPT] implicit_task_begin: parallel_id=281474976710727 thread_num=2 team_size=32
[OMPT] implicit_task_begin: parallel_id=281474976710727 thread_num=4 team_size=32
[OMPT] implicit_task_end: parallel_id=0 thread_num=15
[OMPT] implicit_task_begin: parallel_id=281474976710727 thread_num=15 team_size=32
[OMPT] implicit_task_begin: parallel_id=281474976710727 thread_num=14 team_size=32
[OMPT] implicit_task_end: parallel_id=0 thread_num=13
[OMPT] implicit_task_begin: parallel_id=281474976710727 thread_num=13 team_size=32
[OMPT] implicit_task_end: parallel_id=0 thread_num=31
[OMPT] implicit_task_begin: parallel_id=281474976710727 thread_num=31 team_size=32
[OMPT] implicit_task_end: parallel_id=0 thread_num=29
[OMPT] implicit_task_begin: parallel_id=281474976710727 thread_num=29 team_size=32
[OMPT] implicit_task_begin: parallel_id=281474976710727 thread_num=6 team_size=32
[OMPT] implicit_task_end: parallel_id=0 thread_num=27
[OMPT] implicit_task_begin: parallel_id=281474976710727 thread_num=27 team_size=32
[OMPT] implicit_task_begin: parallel_id=281474976710727 thread_num=19 team_size=32
[OMPT] implicit_task_begin: parallel_id=281474976710727 thread_num=30 team_size=32
[OMPT] implicit_task_end: parallel_id=0 thread_num=18
[OMPT] implicit_task_end: parallel_id=0 thread_num=17
[OMPT] implicit_task_begin: parallel_id=281474976710727 thread_num=17 team_size=32
[OMPT] implicit_task_begin: parallel_id=281474976710727 thread_num=23 team_size=32
[OMPT] implicit_task_begin: parallel_id=281474976710727 thread_num=20 team_size=32
[OMPT] implicit_task_begin: parallel_id=281474976710727 thread_num=21 team_size=32
[OMPT] implicit_task_begin: parallel_id=281474976710727 thread_num=7 team_size=32
[OMPT] implicit_task_begin: parallel_id=281474976710727 thread_num=11 team_size=32
[OMPT] implicit_task_end: parallel_id=0 thread_num=25
[OMPT] implicit_task_begin: parallel_id=281474976710727 thread_num=25 team_size=32
[OMPT] implicit_task_begin: parallel_id=281474976710727 thread_num=18 team_size=32
[OMPT] implicit_task_end: parallel_id=0 thread_num=0
[OMPT] parallel_end: parallel_id=281474976710727
[OMPT] parallel_begin: parallel_id=281474976710729 team_size=32
[OMPT] implicit_task_end: parallel_id=0 thread_num=16
[OMPT] implicit_task_end: parallel_id=0 thread_num=2
[OMPT] implicit_task_end: parallel_id=0 thread_num=18
[OMPT] implicit_task_end: parallel_id=0 thread_num=17
[OMPT] implicit_task_begin: parallel_id=281474976710729 thread_num=16 team_size=32
[OMPT] implicit_task_end: parallel_id=0 thread_num=3
[OMPT] implicit_task_begin: parallel_id=281474976710729 thread_num=17 team_size=32
[OMPT] implicit_task_end: parallel_id=0 thread_num=1
[OMPT] implicit_task_begin: parallel_id=281474976710729 thread_num=3 team_size=32
[OMPT] implicit_task_end: parallel_id=0 thread_num=20
[OMPT] implicit_task_end: parallel_id=0 thread_num=28
[OMPT] implicit_task_begin: parallel_id=281474976710729 thread_num=1 team_size=32
[OMPT] implicit_task_end: parallel_id=0 thread_num=31
[OMPT] implicit_task_begin: parallel_id=281474976710729 thread_num=28 team_size=32
[OMPT] implicit_task_end: parallel_id=0 thread_num=12
[OMPT] implicit_task_end: parallel_id=0 thread_num=8
[OMPT] implicit_task_end: parallel_id=0 thread_num=14
[OMPT] implicit_task_begin: parallel_id=281474976710729 thread_num=18 team_size=32
[OMPT] implicit_task_end: parallel_id=0 thread_num=11
[OMPT] implicit_task_begin: parallel_id=281474976710729 thread_num=2 team_size=32
[OMPT] implicit_task_begin: parallel_id=281474976710729 thread_num=14 team_size=32
[OMPT] implicit_task_end: parallel_id=0 thread_num=24
[OMPT] implicit_task_end: parallel_id=0 thread_num=23
[OMPT] implicit_task_end: parallel_id=0 thread_num=27
[OMPT] implicit_task_end: parallel_id=0 thread_num=26
[OMPT] implicit_task_end: parallel_id=0 thread_num=21
[OMPT] implicit_task_begin: parallel_id=281474976710729 thread_num=27 team_size=32
[OMPT] implicit_task_end: parallel_id=0 thread_num=19
[OMPT] implicit_task_begin: parallel_id=281474976710729 thread_num=21 team_size=32
[OMPT] implicit_task_begin: parallel_id=281474976710729 thread_num=19 team_size=32
[OMPT] implicit_task_end: parallel_id=0 thread_num=15
[OMPT] implicit_task_begin: parallel_id=281474976710729 thread_num=31 team_size=32
[OMPT] implicit_task_begin: parallel_id=281474976710729 thread_num=15 team_size=32
[OMPT] implicit_task_end: parallel_id=0 thread_num=10
[OMPT] implicit_task_end: parallel_id=0 thread_num=9
[OMPT] implicit_task_begin: parallel_id=281474976710729 thread_num=10 team_size=32
[OMPT] implicit_task_begin: parallel_id=281474976710729 thread_num=9 team_size=32
[OMPT] implicit_task_begin: parallel_id=281474976710729 thread_num=8 team_size=32
[OMPT] implicit_task_end: parallel_id=0 thread_num=25
[OMPT] implicit_task_begin: parallel_id=281474976710729 thread_num=25 team_size=32
[OMPT] implicit_task_begin: parallel_id=281474976710729 thread_num=11 team_size=32
[OMPT] implicit_task_begin: parallel_id=281474976710729 thread_num=24 team_size=32
[OMPT] implicit_task_begin: parallel_id=281474976710729 thread_num=23 team_size=32
[OMPT] implicit_task_end: parallel_id=0 thread_num=30
[OMPT] implicit_task_begin: parallel_id=281474976710729 thread_num=30 team_size=32
[OMPT] implicit_task_end: parallel_id=0 thread_num=29
[OMPT] implicit_task_begin: parallel_id=281474976710729 thread_num=29 team_size=32
[OMPT] implicit_task_begin: parallel_id=281474976710729 thread_num=26 team_size=32
[OMPT] implicit_task_begin: parallel_id=281474976710729 thread_num=20 team_size=32
[OMPT] implicit_task_begin: parallel_id=281474976710729 thread_num=0 team_size=32
[OMPT] implicit_task_end: parallel_id=0 thread_num=13
[OMPT] implicit_task_begin: parallel_id=281474976710729 thread_num=13 team_size=32
[OMPT] implicit_task_begin: parallel_id=281474976710729 thread_num=12 team_size=32
[OMPT] implicit_task_end: parallel_id=0 thread_num=4
[OMPT] implicit_task_end: parallel_id=0 thread_num=5
[OMPT] implicit_task_begin: parallel_id=281474976710729 thread_num=4 team_size=32
[OMPT] implicit_task_end: parallel_id=0 thread_num=22
[OMPT] implicit_task_begin: parallel_id=281474976710729 thread_num=22 team_size=32
[OMPT] implicit_task_end: parallel_id=0 thread_num=7
[OMPT] implicit_task_begin: parallel_id=281474976710729 thread_num=5 team_size=32
[OMPT] implicit_task_end: parallel_id=0 thread_num=6
[OMPT] implicit_task_begin: parallel_id=281474976710729 thread_num=7 team_size=32
[OMPT] implicit_task_begin: parallel_id=281474976710729 thread_num=6 team_size=32
[OMPT] implicit_task_end: parallel_id=0 thread_num=0
[OMPT] parallel_end: parallel_id=281474976710729
[OMPT] parallel_begin: parallel_id=281474976710731 team_size=32
[OMPT] implicit_task_end: parallel_id=0 thread_num=12
[OMPT] implicit_task_end: parallel_id=0 thread_num=16
[OMPT] implicit_task_end: parallel_id=0 thread_num=14
[OMPT] implicit_task_end: parallel_id=0 thread_num=20
[OMPT] implicit_task_end: parallel_id=0 thread_num=19
[OMPT] implicit_task_end: parallel_id=0 thread_num=23
[OMPT] implicit_task_end: parallel_id=0 thread_num=21
[OMPT] implicit_task_begin: parallel_id=281474976710731 thread_num=20 team_size=32
[OMPT] implicit_task_end: parallel_id=0 thread_num=1
[OMPT] implicit_task_end: parallel_id=0 thread_num=15
[OMPT] implicit_task_end: parallel_id=0 thread_num=13
[OMPT] implicit_task_begin: parallel_id=281474976710731 thread_num=1 team_size=32
[OMPT] implicit_task_begin: parallel_id=281474976710731 thread_num=13 team_size=32
[OMPT] implicit_task_end: parallel_id=0 thread_num=28
[OMPT] implicit_task_end: parallel_id=0 thread_num=24
[OMPT] implicit_task_end: parallel_id=0 thread_num=29
[OMPT] implicit_task_begin: parallel_id=281474976710731 thread_num=28 team_size=32
[OMPT] implicit_task_begin: parallel_id=281474976710731 thread_num=12 team_size=32
[OMPT] implicit_task_begin: parallel_id=281474976710731 thread_num=29 team_size=32
[OMPT] implicit_task_begin: parallel_id=281474976710731 thread_num=14 team_size=32
[OMPT] implicit_task_end: parallel_id=0 thread_num=8
[OMPT] implicit_task_end: parallel_id=0 thread_num=22
[OMPT] implicit_task_begin: parallel_id=281474976710731 thread_num=16 team_size=32
[OMPT] implicit_task_end: parallel_id=0 thread_num=3
[OMPT] implicit_task_begin: parallel_id=281474976710731 thread_num=0 team_size=32
[OMPT] implicit_task_begin: parallel_id=281474976710731 thread_num=21 team_size=32
[OMPT] implicit_task_begin: parallel_id=281474976710731 thread_num=23 team_size=32
[OMPT] implicit_task_end: parallel_id=0 thread_num=18
[OMPT] implicit_task_end: parallel_id=0 thread_num=17
[OMPT] implicit_task_begin: parallel_id=281474976710731 thread_num=15 team_size=32
[OMPT] implicit_task_begin: parallel_id=281474976710731 thread_num=17 team_size=32
[OMPT] implicit_task_end: parallel_id=0 thread_num=31
[OMPT] implicit_task_end: parallel_id=0 thread_num=2
[OMPT] implicit_task_begin: parallel_id=281474976710731 thread_num=31 team_size=32
[OMPT] implicit_task_begin: parallel_id=281474976710731 thread_num=2 team_size=32
[OMPT] implicit_task_end: parallel_id=0 thread_num=25
[OMPT] implicit_task_begin: parallel_id=281474976710731 thread_num=25 team_size=32
[OMPT] implicit_task_end: parallel_id=0 thread_num=11
[OMPT] implicit_task_begin: parallel_id=281474976710731 thread_num=11 team_size=32
[OMPT] implicit_task_end: parallel_id=0 thread_num=9
[OMPT] implicit_task_begin: parallel_id=281474976710731 thread_num=9 team_size=32
[OMPT] implicit_task_end: parallel_id=0 thread_num=10
[OMPT] implicit_task_begin: parallel_id=281474976710731 thread_num=10 team_size=32
[OMPT] implicit_task_begin: parallel_id=281474976710731 thread_num=8 team_size=32
[OMPT] implicit_task_begin: parallel_id=281474976710731 thread_num=19 team_size=32
[OMPT] implicit_task_begin: parallel_id=281474976710731 thread_num=22 team_size=32
[OMPT] implicit_task_begin: parallel_id=281474976710731 thread_num=3 team_size=32
[OMPT] implicit_task_begin: parallel_id=281474976710731 thread_num=18 team_size=32
[OMPT] implicit_task_end: parallel_id=0 thread_num=30
[OMPT] implicit_task_begin: parallel_id=281474976710731 thread_num=30 team_size=32
[OMPT] implicit_task_end: parallel_id=0 thread_num=26
[OMPT] implicit_task_begin: parallel_id=281474976710731 thread_num=26 team_size=32
[OMPT] implicit_task_begin: parallel_id=281474976710731 thread_num=24 team_size=32
[OMPT] implicit_task_end: parallel_id=0 thread_num=4
[OMPT] implicit_task_end: parallel_id=0 thread_num=7
[OMPT] implicit_task_begin: parallel_id=281474976710731 thread_num=4 team_size=32
[OMPT] implicit_task_end: parallel_id=0 thread_num=27
[OMPT] implicit_task_begin: parallel_id=281474976710731 thread_num=7 team_size=32
[OMPT] implicit_task_begin: parallel_id=281474976710731 thread_num=27 team_size=32
[OMPT] implicit_task_end: parallel_id=0 thread_num=5
[OMPT] implicit_task_begin: parallel_id=281474976710731 thread_num=5 team_size=32
[OMPT] implicit_task_end: parallel_id=0 thread_num=6
[OMPT] implicit_task_begin: parallel_id=281474976710731 thread_num=6 team_size=32
[OMPT] implicit_task_end: parallel_id=0 thread_num=0
[OMPT] parallel_end: parallel_id=281474976710731
[OMPT] parallel_begin: parallel_id=281474976710733 team_size=32
[OMPT] implicit_task_end: parallel_id=0 thread_num=4
[OMPT] implicit_task_end: parallel_id=0 thread_num=16
[OMPT] implicit_task_end: parallel_id=0 thread_num=6
[OMPT] implicit_task_end: parallel_id=0 thread_num=19
[OMPT] implicit_task_begin: parallel_id=281474976710733 thread_num=6 team_size=32
[OMPT] implicit_task_begin: parallel_id=281474976710733 thread_num=19 team_size=32
[OMPT] implicit_task_end: parallel_id=0 thread_num=3
[OMPT] implicit_task_end: parallel_id=0 thread_num=1
[OMPT] implicit_task_begin: parallel_id=281474976710733 thread_num=0 team_size=32
[OMPT] implicit_task_begin: parallel_id=281474976710733 thread_num=1 team_size=32
[OMPT] implicit_task_end: parallel_id=0 thread_num=7
[OMPT] implicit_task_end: parallel_id=0 thread_num=5
[OMPT] implicit_task_end: parallel_id=0 thread_num=24
[OMPT] implicit_task_end: parallel_id=0 thread_num=18
[OMPT] implicit_task_end: parallel_id=0 thread_num=25
[OMPT] implicit_task_end: parallel_id=0 thread_num=28
[OMPT] implicit_task_begin: parallel_id=281474976710733 thread_num=18 team_size=32
[OMPT] implicit_task_end: parallel_id=0 thread_num=30
[OMPT] implicit_task_end: parallel_id=0 thread_num=29
[OMPT] implicit_task_end: parallel_id=0 thread_num=2
[OMPT] implicit_task_begin: parallel_id=281474976710733 thread_num=29 team_size=32
[OMPT] implicit_task_begin: parallel_id=281474976710733 thread_num=2 team_size=32
[OMPT] implicit_task_begin: parallel_id=281474976710733 thread_num=3 team_size=32
[OMPT] implicit_task_begin: parallel_id=281474976710733 thread_num=7 team_size=32
[OMPT] implicit_task_begin: parallel_id=281474976710733 thread_num=5 team_size=32
[OMPT] implicit_task_end: parallel_id=0 thread_num=27
[OMPT] implicit_task_begin: parallel_id=281474976710733 thread_num=24 team_size=32
[OMPT] implicit_task_begin: parallel_id=281474976710733 thread_num=27 team_size=32
[OMPT] implicit_task_begin: parallel_id=281474976710733 thread_num=25 team_size=32
[OMPT] implicit_task_end: parallel_id=0 thread_num=17
[OMPT] implicit_task_begin: parallel_id=281474976710733 thread_num=17 team_size=32
[OMPT] implicit_task_begin: parallel_id=281474976710733 thread_num=4 team_size=32
[OMPT] implicit_task_begin: parallel_id=281474976710733 thread_num=28 team_size=32
[OMPT] implicit_task_begin: parallel_id=281474976710733 thread_num=30 team_size=32
[OMPT] implicit_task_begin: parallel_id=281474976710733 thread_num=16 team_size=32
[OMPT] implicit_task_end: parallel_id=0 thread_num=12
[OMPT] implicit_task_end: parallel_id=0 thread_num=8
[OMPT] implicit_task_end: parallel_id=0 thread_num=13
[OMPT] implicit_task_end: parallel_id=0 thread_num=10
[OMPT] implicit_task_begin: parallel_id=281474976710733 thread_num=8 team_size=32
[OMPT] implicit_task_begin: parallel_id=281474976710733 thread_num=10 team_size=32
[OMPT] implicit_task_end: parallel_id=0 thread_num=15
[OMPT] implicit_task_begin: parallel_id=281474976710733 thread_num=15 team_size=32
[OMPT] implicit_task_end: parallel_id=0 thread_num=11
[OMPT] implicit_task_begin: parallel_id=281474976710733 thread_num=11 team_size=32
[OMPT] implicit_task_end: parallel_id=0 thread_num=26
[OMPT] implicit_task_begin: parallel_id=281474976710733 thread_num=26 team_size=32
[OMPT] implicit_task_end: parallel_id=0 thread_num=9
[OMPT] implicit_task_begin: parallel_id=281474976710733 thread_num=9 team_size=32
[OMPT] implicit_task_begin: parallel_id=281474976710733 thread_num=12 team_size=32
[OMPT] implicit_task_end: parallel_id=0 thread_num=20
[OMPT] implicit_task_end: parallel_id=0 thread_num=23
[OMPT] implicit_task_begin: parallel_id=281474976710733 thread_num=20 team_size=32
[OMPT] implicit_task_begin: parallel_id=281474976710733 thread_num=13 team_size=32
[OMPT] implicit_task_begin: parallel_id=281474976710733 thread_num=23 team_size=32
[OMPT] implicit_task_end: parallel_id=0 thread_num=14
[OMPT] implicit_task_begin: parallel_id=281474976710733 thread_num=14 team_size=32
[OMPT] implicit_task_end: parallel_id=0 thread_num=22
[OMPT] implicit_task_begin: parallel_id=281474976710733 thread_num=22 team_size=32
[OMPT] implicit_task_end: parallel_id=0 thread_num=31
[OMPT] implicit_task_begin: parallel_id=281474976710733 thread_num=31 team_size=32
[OMPT] implicit_task_end: parallel_id=0 thread_num=21
[OMPT] implicit_task_begin: parallel_id=281474976710733 thread_num=21 team_size=32
[OMPT] implicit_task_end: parallel_id=0 thread_num=0
[OMPT] parallel_end: parallel_id=281474976710733
[OMPT] parallel_begin: parallel_id=281474976710735 team_size=32
[OMPT] implicit_task_end: parallel_id=0 thread_num=16
[OMPT] implicit_task_end: parallel_id=0 thread_num=2
[OMPT] implicit_task_end: parallel_id=0 thread_num=28
[OMPT] implicit_task_end: parallel_id=0 thread_num=30
[OMPT] implicit_task_end: parallel_id=0 thread_num=12
[OMPT] implicit_task_end: parallel_id=0 thread_num=8
[OMPT] implicit_task_end: parallel_id=0 thread_num=14
[OMPT] implicit_task_end: parallel_id=0 thread_num=11
[OMPT] implicit_task_begin: parallel_id=281474976710735 thread_num=30 team_size=32
[OMPT] implicit_task_end: parallel_id=0 thread_num=17
[OMPT] implicit_task_end: parallel_id=0 thread_num=18
[OMPT] implicit_task_end: parallel_id=0 thread_num=24
[OMPT] implicit_task_begin: parallel_id=281474976710735 thread_num=14 team_size=32
[OMPT] implicit_task_end: parallel_id=0 thread_num=27
[OMPT] implicit_task_begin: parallel_id=281474976710735 thread_num=8 team_size=32
[OMPT] implicit_task_end: parallel_id=0 thread_num=31
[OMPT] implicit_task_end: parallel_id=0 thread_num=29
[OMPT] implicit_task_begin: parallel_id=281474976710735 thread_num=16 team_size=32
[OMPT] implicit_task_begin: parallel_id=281474976710735 thread_num=29 team_size=32
[OMPT] implicit_task_end: parallel_id=0 thread_num=3
[OMPT] implicit_task_end: parallel_id=0 thread_num=15
[OMPT] implicit_task_end: parallel_id=0 thread_num=13
[OMPT] implicit_task_begin: parallel_id=281474976710735 thread_num=17 team_size=32
[OMPT] implicit_task_end: parallel_id=0 thread_num=4
[OMPT] implicit_task_end: parallel_id=0 thread_num=1
[OMPT] implicit_task_end: parallel_id=0 thread_num=6
[OMPT] implicit_task_begin: parallel_id=281474976710735 thread_num=4 team_size=32
[OMPT] implicit_task_begin: parallel_id=281474976710735 thread_num=1 team_size=32
[OMPT] implicit_task_begin: parallel_id=281474976710735 thread_num=6 team_size=32
[OMPT] implicit_task_begin: parallel_id=281474976710735 thread_num=12 team_size=32
[OMPT] implicit_task_end: parallel_id=0 thread_num=19
[OMPT] implicit_task_end: parallel_id=0 thread_num=25
[OMPT] implicit_task_end: parallel_id=0 thread_num=26
[OMPT] implicit_task_begin: parallel_id=281474976710735 thread_num=0 team_size=32
[OMPT] implicit_task_begin: parallel_id=281474976710735 thread_num=26 team_size=32
[OMPT] implicit_task_begin: parallel_id=281474976710735 thread_num=11 team_size=32
[OMPT] implicit_task_begin: parallel_id=281474976710735 thread_num=31 team_size=32
[OMPT] implicit_task_begin: parallel_id=281474976710735 thread_num=18 team_size=32
[OMPT] implicit_task_begin: parallel_id=281474976710735 thread_num=24 team_size=32
[OMPT] implicit_task_begin: parallel_id=281474976710735 thread_num=27 team_size=32
[OMPT] implicit_task_begin: parallel_id=281474976710735 thread_num=2 team_size=32
[OMPT] implicit_task_begin: parallel_id=281474976710735 thread_num=3 team_size=32
[OMPT] implicit_task_end: parallel_id=0 thread_num=7
[OMPT] implicit_task_begin: parallel_id=281474976710735 thread_num=7 team_size=32
[OMPT] implicit_task_end: parallel_id=0 thread_num=5
[OMPT] implicit_task_begin: parallel_id=281474976710735 thread_num=5 team_size=32
[OMPT] implicit_task_begin: parallel_id=281474976710735 thread_num=13 team_size=32
[OMPT] implicit_task_end: parallel_id=0 thread_num=9
[OMPT] implicit_task_begin: parallel_id=281474976710735 thread_num=9 team_size=32
[OMPT] implicit_task_end: parallel_id=0 thread_num=10
[OMPT] implicit_task_begin: parallel_id=281474976710735 thread_num=10 team_size=32
[OMPT] implicit_task_begin: parallel_id=281474976710735 thread_num=28 team_size=32
[OMPT] implicit_task_end: parallel_id=0 thread_num=20
[OMPT] implicit_task_end: parallel_id=0 thread_num=22
[OMPT] implicit_task_begin: parallel_id=281474976710735 thread_num=20 team_size=32
[OMPT] implicit_task_begin: parallel_id=281474976710735 thread_num=22 team_size=32
[OMPT] implicit_task_begin: parallel_id=281474976710735 thread_num=25 team_size=32
[OMPT] implicit_task_begin: parallel_id=281474976710735 thread_num=15 team_size=32
[OMPT] implicit_task_end: parallel_id=0 thread_num=21
[OMPT] implicit_task_begin: parallel_id=281474976710735 thread_num=19 team_size=32
[OMPT] implicit_task_begin: parallel_id=281474976710735 thread_num=21 team_size=32
[OMPT] implicit_task_end: parallel_id=0 thread_num=23
[OMPT] implicit_task_begin: parallel_id=281474976710735 thread_num=23 team_size=32
[OMPT] implicit_task_end: parallel_id=0 thread_num=0
[OMPT] parallel_end: parallel_id=281474976710735
[OMPT] parallel_begin: parallel_id=281474976710737 team_size=32
[OMPT] implicit_task_end: parallel_id=0 thread_num=12
[OMPT] implicit_task_end: parallel_id=0 thread_num=4
[OMPT] implicit_task_begin: parallel_id=281474976710737 thread_num=0 team_size=32
[OMPT] implicit_task_end: parallel_id=0 thread_num=5
[OMPT] implicit_task_end: parallel_id=0 thread_num=7
[OMPT] implicit_task_end: parallel_id=0 thread_num=8
[OMPT] implicit_task_begin: parallel_id=281474976710737 thread_num=5 team_size=32
[OMPT] implicit_task_end: parallel_id=0 thread_num=10
[OMPT] implicit_task_end: parallel_id=0 thread_num=2
[OMPT] implicit_task_end: parallel_id=0 thread_num=14
[OMPT] implicit_task_begin: parallel_id=281474976710737 thread_num=2 team_size=32
[OMPT] implicit_task_end: parallel_id=0 thread_num=13
[OMPT] implicit_task_end: parallel_id=0 thread_num=3
[OMPT] implicit_task_begin: parallel_id=281474976710737 thread_num=13 team_size=32
[OMPT] implicit_task_end: parallel_id=0 thread_num=16
[OMPT] implicit_task_end: parallel_id=0 thread_num=28
[OMPT] implicit_task_end: parallel_id=0 thread_num=19
[OMPT] implicit_task_begin: parallel_id=281474976710737 thread_num=16 team_size=32
[OMPT] implicit_task_end: parallel_id=0 thread_num=31
[OMPT] implicit_task_end: parallel_id=0 thread_num=9
[OMPT] implicit_task_begin: parallel_id=281474976710737 thread_num=31 team_size=32
[OMPT] implicit_task_begin: parallel_id=281474976710737 thread_num=8 team_size=32
[OMPT] implicit_task_begin: parallel_id=281474976710737 thread_num=4 team_size=32
[OMPT] implicit_task_begin: parallel_id=281474976710737 thread_num=10 team_size=32
[OMPT] implicit_task_begin: parallel_id=281474976710737 thread_num=14 team_size=32
[OMPT] implicit_task_end: parallel_id=0 thread_num=6
[OMPT] implicit_task_begin: parallel_id=281474976710737 thread_num=12 team_size=32
[OMPT] implicit_task_begin: parallel_id=281474976710737 thread_num=6 team_size=32
[OMPT] implicit_task_end: parallel_id=0 thread_num=24
[OMPT] implicit_task_end: parallel_id=0 thread_num=20
[OMPT] implicit_task_end: parallel_id=0 thread_num=25
[OMPT] implicit_task_end: parallel_id=0 thread_num=23
[OMPT] implicit_task_end: parallel_id=0 thread_num=17
[OMPT] implicit_task_begin: parallel_id=281474976710737 thread_num=20 team_size=32
[OMPT] implicit_task_end: parallel_id=0 thread_num=18
[OMPT] implicit_task_end: parallel_id=0 thread_num=1
[OMPT] implicit_task_begin: parallel_id=281474976710737 thread_num=18 team_size=32
[OMPT] implicit_task_begin: parallel_id=281474976710737 thread_num=28 team_size=32
[OMPT] implicit_task_begin: parallel_id=281474976710737 thread_num=19 team_size=32
[OMPT] implicit_task_end: parallel_id=0 thread_num=15
[OMPT] implicit_task_begin: parallel_id=281474976710737 thread_num=9 team_size=32
[OMPT] implicit_task_begin: parallel_id=281474976710737 thread_num=15 team_size=32
[OMPT] implicit_task_begin: parallel_id=281474976710737 thread_num=3 team_size=32
[OMPT] implicit_task_end: parallel_id=0 thread_num=27
[OMPT] implicit_task_end: parallel_id=0 thread_num=26
[OMPT] implicit_task_begin: parallel_id=281474976710737 thread_num=27 team_size=32
[OMPT] implicit_task_begin: parallel_id=281474976710737 thread_num=26 team_size=32
[OMPT] implicit_task_end: parallel_id=0 thread_num=21
[OMPT] implicit_task_begin: parallel_id=281474976710737 thread_num=24 team_size=32
[OMPT] implicit_task_begin: parallel_id=281474976710737 thread_num=21 team_size=32
[OMPT] implicit_task_begin: parallel_id=281474976710737 thread_num=25 team_size=32
[OMPT] implicit_task_end: parallel_id=0 thread_num=11
[OMPT] implicit_task_begin: parallel_id=281474976710737 thread_num=11 team_size=32
[OMPT] implicit_task_end: parallel_id=0 thread_num=30
[OMPT] implicit_task_begin: parallel_id=281474976710737 thread_num=30 team_size=32
[OMPT] implicit_task_end: parallel_id=0 thread_num=29
[OMPT] implicit_task_begin: parallel_id=281474976710737 thread_num=29 team_size=32
[OMPT] implicit_task_begin: parallel_id=281474976710737 thread_num=1 team_size=32
[OMPT] implicit_task_begin: parallel_id=281474976710737 thread_num=7 team_size=32
[OMPT] implicit_task_end: parallel_id=0 thread_num=22
[OMPT] implicit_task_begin: parallel_id=281474976710737 thread_num=22 team_size=32
[OMPT] implicit_task_begin: parallel_id=281474976710737 thread_num=23 team_size=32
[OMPT] implicit_task_begin: parallel_id=281474976710737 thread_num=17 team_size=32
[OMPT] implicit_task_end: parallel_id=0 thread_num=0
[OMPT] parallel_end: parallel_id=281474976710737
[OMPT] parallel_begin: parallel_id=281474976710739 team_size=32
[OMPT] implicit_task_end: parallel_id=0 thread_num=12
[OMPT] implicit_task_end: parallel_id=0 thread_num=1
[OMPT] implicit_task_end: parallel_id=0 thread_num=14
[OMPT] implicit_task_end: parallel_id=0 thread_num=13
[OMPT] implicit_task_end: parallel_id=0 thread_num=4
[OMPT] implicit_task_end: parallel_id=0 thread_num=16
[OMPT] implicit_task_end: parallel_id=0 thread_num=8
[OMPT] implicit_task_begin: parallel_id=281474976710739 thread_num=13 team_size=32
[OMPT] implicit_task_end: parallel_id=0 thread_num=24
[OMPT] implicit_task_end: parallel_id=0 thread_num=3
[OMPT] implicit_task_end: parallel_id=0 thread_num=15
[OMPT] implicit_task_end: parallel_id=0 thread_num=26
[OMPT] implicit_task_begin: parallel_id=281474976710739 thread_num=24 team_size=32
[OMPT] implicit_task_begin: parallel_id=281474976710739 thread_num=12 team_size=32
[OMPT] implicit_task_begin: parallel_id=281474976710739 thread_num=3 team_size=32
[OMPT] implicit_task_begin: parallel_id=281474976710739 thread_num=15 team_size=32
[OMPT] implicit_task_begin: parallel_id=281474976710739 thread_num=1 team_size=32
[OMPT] implicit_task_end: parallel_id=0 thread_num=5
[OMPT] implicit_task_end: parallel_id=0 thread_num=18
[OMPT] implicit_task_end: parallel_id=0 thread_num=6
[OMPT] implicit_task_end: parallel_id=0 thread_num=28
[OMPT] implicit_task_end: parallel_id=0 thread_num=31
[OMPT] implicit_task_end: parallel_id=0 thread_num=11
[OMPT] implicit_task_end: parallel_id=0 thread_num=9
[OMPT] implicit_task_end: parallel_id=0 thread_num=10
[OMPT] implicit_task_begin: parallel_id=281474976710739 thread_num=28 team_size=32
[OMPT] implicit_task_begin: parallel_id=281474976710739 thread_num=31 team_size=32
[OMPT] implicit_task_begin: parallel_id=281474976710739 thread_num=9 team_size=32
[OMPT] implicit_task_end: parallel_id=0 thread_num=27
[OMPT] implicit_task_begin: parallel_id=281474976710739 thread_num=11 team_size=32
[OMPT] implicit_task_begin: parallel_id=281474976710739 thread_num=8 team_size=32
[OMPT] implicit_task_begin: parallel_id=281474976710739 thread_num=27 team_size=32
[OMPT] implicit_task_begin: parallel_id=281474976710739 thread_num=16 team_size=32
[OMPT] implicit_task_begin: parallel_id=281474976710739 thread_num=14 team_size=32
[OMPT] implicit_task_end: parallel_id=0 thread_num=2
[OMPT] implicit_task_begin: parallel_id=281474976710739 thread_num=26 team_size=32
[OMPT] implicit_task_begin: parallel_id=281474976710739 thread_num=2 team_size=32
[OMPT] implicit_task_end: parallel_id=0 thread_num=7
[OMPT] implicit_task_begin: parallel_id=281474976710739 thread_num=5 team_size=32
[OMPT] implicit_task_end: parallel_id=0 thread_num=19
[OMPT] implicit_task_end: parallel_id=0 thread_num=20
[OMPT] implicit_task_begin: parallel_id=281474976710739 thread_num=19 team_size=32
[OMPT] implicit_task_end: parallel_id=0 thread_num=17
[OMPT] implicit_task_begin: parallel_id=281474976710739 thread_num=20 team_size=32
[OMPT] implicit_task_begin: parallel_id=281474976710739 thread_num=6 team_size=32
[OMPT] implicit_task_begin: parallel_id=281474976710739 thread_num=17 team_size=32
[OMPT] implicit_task_end: parallel_id=0 thread_num=30
[OMPT] implicit_task_end: parallel_id=0 thread_num=29
[OMPT] implicit_task_begin: parallel_id=281474976710739 thread_num=30 team_size=32
[OMPT] implicit_task_begin: parallel_id=281474976710739 thread_num=10 team_size=32
[OMPT] implicit_task_end: parallel_id=0 thread_num=25
[OMPT] implicit_task_begin: parallel_id=281474976710739 thread_num=7 team_size=32
[OMPT] implicit_task_begin: parallel_id=281474976710739 thread_num=18 team_size=32
[OMPT] implicit_task_end: parallel_id=0 thread_num=21
[OMPT] implicit_task_begin: parallel_id=281474976710739 thread_num=21 team_size=32
[OMPT] implicit_task_end: parallel_id=0 thread_num=23
[OMPT] implicit_task_end: parallel_id=0 thread_num=22
[OMPT] implicit_task_begin: parallel_id=281474976710739 thread_num=4 team_size=32
[OMPT] implicit_task_begin: parallel_id=281474976710739 thread_num=23 team_size=32
[OMPT] implicit_task_begin: parallel_id=281474976710739 thread_num=29 team_size=32
[OMPT] implicit_task_begin: parallel_id=281474976710739 thread_num=25 team_size=32
[OMPT] implicit_task_begin: parallel_id=281474976710739 thread_num=22 team_size=32
[OMPT] implicit_task_begin: parallel_id=281474976710739 thread_num=0 team_size=32
[OMPT] implicit_task_end: parallel_id=0 thread_num=0
[OMPT] parallel_end: parallel_id=281474976710739
[OMPT] parallel_begin: parallel_id=281474976710741 team_size=32
[OMPT] implicit_task_end: parallel_id=0 thread_num=16
[OMPT] implicit_task_end: parallel_id=0 thread_num=1
[OMPT] implicit_task_end: parallel_id=0 thread_num=20
[OMPT] implicit_task_end: parallel_id=0 thread_num=8
[OMPT] implicit_task_end: parallel_id=0 thread_num=23
[OMPT] implicit_task_end: parallel_id=0 thread_num=12
[OMPT] implicit_task_end: parallel_id=0 thread_num=10
[OMPT] implicit_task_end: parallel_id=0 thread_num=3
[OMPT] implicit_task_end: parallel_id=0 thread_num=19
[OMPT] implicit_task_end: parallel_id=0 thread_num=18
[OMPT] implicit_task_end: parallel_id=0 thread_num=17
[OMPT] implicit_task_begin: parallel_id=281474976710741 thread_num=12 team_size=32
[OMPT] implicit_task_end: parallel_id=0 thread_num=24
[OMPT] implicit_task_end: parallel_id=0 thread_num=28
[OMPT] implicit_task_begin: parallel_id=281474976710741 thread_num=3 team_size=32
[OMPT] implicit_task_begin: parallel_id=281474976710741 thread_num=18 team_size=32
[OMPT] implicit_task_end: parallel_id=0 thread_num=30
[OMPT] implicit_task_end: parallel_id=0 thread_num=21
[OMPT] implicit_task_begin: parallel_id=281474976710741 thread_num=17 team_size=32
[OMPT] implicit_task_end: parallel_id=0 thread_num=11
[OMPT] implicit_task_end: parallel_id=0 thread_num=4
[OMPT] implicit_task_begin: parallel_id=281474976710741 thread_num=21 team_size=32
[OMPT] implicit_task_begin: parallel_id=281474976710741 thread_num=10 team_size=32
[OMPT] implicit_task_end: parallel_id=0 thread_num=15
[OMPT] implicit_task_end: parallel_id=0 thread_num=14
[OMPT] implicit_task_begin: parallel_id=281474976710741 thread_num=24 team_size=32
[OMPT] implicit_task_end: parallel_id=0 thread_num=13
[OMPT] implicit_task_begin: parallel_id=281474976710741 thread_num=20 team_size=32
[OMPT] implicit_task_end: parallel_id=0 thread_num=27
[OMPT] implicit_task_end: parallel_id=0 thread_num=26
[OMPT] implicit_task_begin: parallel_id=281474976710741 thread_num=19 team_size=32
[OMPT] implicit_task_begin: parallel_id=281474976710741 thread_num=15 team_size=32
[OMPT] implicit_task_begin: parallel_id=281474976710741 thread_num=27 team_size=32
[OMPT] implicit_task_end: parallel_id=0 thread_num=31
[OMPT] implicit_task_begin: parallel_id=281474976710741 thread_num=26 team_size=32
[OMPT] implicit_task_begin: parallel_id=281474976710741 thread_num=13 team_size=32
[OMPT] implicit_task_begin: parallel_id=281474976710741 thread_num=31 team_size=32
[OMPT] implicit_task_end: parallel_id=0 thread_num=9
[OMPT] implicit_task_begin: parallel_id=281474976710741 thread_num=28 team_size=32
[OMPT] implicit_task_end: parallel_id=0 thread_num=2
[OMPT] implicit_task_begin: parallel_id=281474976710741 thread_num=1 team_size=32
[OMPT] implicit_task_begin: parallel_id=281474976710741 thread_num=2 team_size=32
[OMPT] implicit_task_end: parallel_id=0 thread_num=5
[OMPT] implicit_task_end: parallel_id=0 thread_num=6
[OMPT] implicit_task_end: parallel_id=0 thread_num=7
[OMPT] implicit_task_begin: parallel_id=281474976710741 thread_num=6 team_size=32
[OMPT] implicit_task_begin: parallel_id=281474976710741 thread_num=4 team_size=32
[OMPT] implicit_task_begin: parallel_id=281474976710741 thread_num=0 team_size=32
[OMPT] implicit_task_end: parallel_id=0 thread_num=25
[OMPT] implicit_task_begin: parallel_id=281474976710741 thread_num=25 team_size=32
[OMPT] implicit_task_end: parallel_id=0 thread_num=22
[OMPT] implicit_task_begin: parallel_id=281474976710741 thread_num=22 team_size=32
[OMPT] implicit_task_begin: parallel_id=281474976710741 thread_num=14 team_size=32
[OMPT] implicit_task_end: parallel_id=0 thread_num=29
[OMPT] implicit_task_begin: parallel_id=281474976710741 thread_num=29 team_size=32
[OMPT] implicit_task_begin: parallel_id=281474976710741 thread_num=23 team_size=32
[OMPT] implicit_task_begin: parallel_id=281474976710741 thread_num=16 team_size=32
[OMPT] implicit_task_begin: parallel_id=281474976710741 thread_num=11 team_size=32
[OMPT] implicit_task_begin: parallel_id=281474976710741 thread_num=9 team_size=32
[OMPT] implicit_task_begin: parallel_id=281474976710741 thread_num=5 team_size=32
[OMPT] implicit_task_begin: parallel_id=281474976710741 thread_num=7 team_size=32
[OMPT] implicit_task_begin: parallel_id=281474976710741 thread_num=8 team_size=32
[OMPT] implicit_task_begin: parallel_id=281474976710741 thread_num=30 team_size=32
[OMPT][WIN100ms] ompt_id=281474976710657 tid=1054869 tipo=ompt_thread_initial    cpu=255 numa=1  d_rm=   48642  d_instr= 792593977  d_cyc= 550756616  d_all= 5177937  IPC=1.439  ratio_rm=0.0094
[OMPT][WIN100ms] ompt_id=562949953421313 tid=1054871 tipo=ompt_thread_worker     cpu=104 numa=1  d_rm=    3227  d_instr= 938907879  d_cyc= 538432327  d_all= 5347649  IPC=1.744  ratio_rm=0.0006
[OMPT][WIN100ms] ompt_id=844424930131969 tid=1054872 tipo=ompt_thread_worker     cpu= 96 numa=1  d_rm=   24857  d_instr= 947308958  d_cyc= 533175028  d_all= 5099766  IPC=1.777  ratio_rm=0.0049
[OMPT][WIN100ms] ompt_id=1125899906842625 tid=1054873 tipo=ompt_thread_worker     cpu=  8 numa=0  d_rm=    1268  d_instr= 932073188  d_cyc= 532804125  d_all= 5030078  IPC=1.749  ratio_rm=0.0003
[OMPT] implicit_task_end: parallel_id=0 thread_num=0
[OMPT] parallel_end: parallel_id=281474976710741
[OMPT] parallel_begin: parallel_id=281474976710743 team_size=32
[OMPT] implicit_task_end: parallel_id=0 thread_num=16
[OMPT] implicit_task_end: parallel_id=0 thread_num=3
[OMPT] implicit_task_end: parallel_id=0 thread_num=20
[OMPT] implicit_task_end: parallel_id=0 thread_num=19
[OMPT] implicit_task_end: parallel_id=0 thread_num=21
[OMPT] implicit_task_end: parallel_id=0 thread_num=8
[OMPT] implicit_task_end: parallel_id=0 thread_num=4
[OMPT] implicit_task_end: parallel_id=0 thread_num=9
[OMPT] implicit_task_end: parallel_id=0 thread_num=24
[OMPT] implicit_task_end: parallel_id=0 thread_num=6
[OMPT] implicit_task_end: parallel_id=0 thread_num=17
[OMPT] implicit_task_end: parallel_id=0 thread_num=18
[OMPT] implicit_task_end: parallel_id=0 thread_num=12
[OMPT] implicit_task_end: parallel_id=0 thread_num=22
[OMPT] implicit_task_end: parallel_id=0 thread_num=13
[OMPT] implicit_task_end: parallel_id=0 thread_num=2
[OMPT] implicit_task_end: parallel_id=0 thread_num=11
[OMPT] implicit_task_end: parallel_id=0 thread_num=10
[OMPT] implicit_task_end: parallel_id=0 thread_num=7
[OMPT] implicit_task_end: parallel_id=0 thread_num=5
[OMPT] implicit_task_end: parallel_id=0 thread_num=26
[OMPT] implicit_task_end: parallel_id=0 thread_num=25
[OMPT] implicit_task_end: parallel_id=0 thread_num=27
[OMPT] implicit_task_end: parallel_id=0 thread_num=28
[OMPT] implicit_task_end: parallel_id=0 thread_num=31
[OMPT] implicit_task_end: parallel_id=0 thread_num=23
[OMPT] implicit_task_end: parallel_id=0 thread_num=14
[OMPT] implicit_task_end: parallel_id=0 thread_num=1
[OMPT] implicit_task_end: parallel_id=0 thread_num=29
[OMPT] implicit_task_end: parallel_id=0 thread_num=30
[OMPT] implicit_task_end: parallel_id=0 thread_num=15
[OMPT][WIN100ms] ompt_id=1407374883553281 tid=1054874 tipo=ompt_thread_worker     cpu= 97 numa=1  d_rm=    3090  d_instr= 933149006  d_cyc= 532961007  d_all= 5131744  IPC=1.751  ratio_rm=0.0006
[OMPT][WIN100ms] ompt_id=1688849860263937 tid=1054875 tipo=ompt_thread_worker     cpu=250 numa=1  d_rm=  117474  d_instr= 912711669  d_cyc= 535265748  d_all= 5048880  IPC=1.705  ratio_rm=0.0233
[OMPT][WIN100ms] ompt_id=1970324836974593 tid=1054876 tipo=ompt_thread_worker     cpu= 56 numa=0  d_rm=    1670  d_instr= 929035366  d_cyc= 526444115  d_all= 5036823  IPC=1.765  ratio_rm=0.0003
[OMPT][WIN100ms] ompt_id=2251799813685249 tid=1054877 tipo=ompt_thread_worker     cpu=125 numa=1  d_rm=    7204  d_instr= 788364839  d_cyc= 548511190  d_all= 5032017  IPC=1.437  ratio_rm=0.0014
[OMPT][WIN100ms] ompt_id=2533274790395905 tid=1054878 tipo=ompt_thread_worker     cpu= 65 numa=1  d_rm=    9639  d_instr= 925366560  d_cyc= 532204502  d_all= 5083566  IPC=1.739  ratio_rm=0.0019
[OMPT][WIN100ms] ompt_id=2814749767106561 tid=1054879 tipo=ompt_thread_worker     cpu= 88 numa=1  d_rm=    4816  d_instr= 927871829  d_cyc= 532342439  d_all= 5057486  IPC=1.743  ratio_rm=0.0010
[OMPT][WIN100ms] ompt_id=3096224743817217 tid=1054880 tipo=ompt_thread_worker     cpu=165 numa=0  d_rm=    1004  d_instr= 929339950  d_cyc= 533689237  d_all= 5030415  IPC=1.741  ratio_rm=0.0002
[OMPT][WIN100ms] ompt_id=3377699720527873 tid=1054881 tipo=ompt_thread_worker     cpu=239 numa=1  d_rm=   24806  d_instr= 932401935  d_cyc= 532643069  d_all= 5045489  IPC=1.751  ratio_rm=0.0049
[OMPT][WIN100ms] ompt_id=3659174697238529 tid=1054882 tipo=ompt_thread_worker     cpu=247 numa=1  d_rm=   24087  d_instr= 929461511  d_cyc= 532873925  d_all= 5107297  IPC=1.744  ratio_rm=0.0047
[OMPT][WIN100ms] ompt_id=3940649673949185 tid=1054883 tipo=ompt_thread_worker     cpu= 75 numa=1  d_rm=    3726  d_instr= 929056018  d_cyc= 533002258  d_all= 5036818  IPC=1.743  ratio_rm=0.0007
[OMPT][WIN100ms] ompt_id=4222124650659841 tid=1054884 tipo=ompt_thread_worker     cpu=112 numa=1  d_rm=    1513  d_instr= 929636636  d_cyc= 532490199  d_all= 5076970  IPC=1.746  ratio_rm=0.0003
[OMPT][WIN100ms] ompt_id=4503599627370497 tid=1054885 tipo=ompt_thread_worker     cpu=223 numa=1  d_rm=   20840  d_instr= 928266430  d_cyc= 532572331  d_all= 5057074  IPC=1.743  ratio_rm=0.0041
[OMPT][WIN100ms] ompt_id=4785074604081153 tid=1054886 tipo=ompt_thread_worker     cpu= 89 numa=1  d_rm=    2452  d_instr= 929184057  d_cyc= 532317682  d_all= 5056692  IPC=1.746  ratio_rm=0.0005
[OMPT][WIN100ms] ompt_id=5066549580791809 tid=1054887 tipo=ompt_thread_worker     cpu=248 numa=1  d_rm=  140130  d_instr= 921284985  d_cyc= 532293833  d_all= 5111701  IPC=1.731  ratio_rm=0.0274
[OMPT][WIN100ms] ompt_id=5348024557502465 tid=1054888 tipo=ompt_thread_worker     cpu=127 numa=1  d_rm=    6268  d_instr= 786274537  d_cyc= 548740657  d_all= 5046542  IPC=1.433  ratio_rm=0.0012
[OMPT][WIN100ms] ompt_id=5629499534213121 tid=1054889 tipo=ompt_thread_worker     cpu= 76 numa=1  d_rm=    8409  d_instr= 927155503  d_cyc= 532544312  d_all= 5038622  IPC=1.741  ratio_rm=0.0017
[OMPT][WIN100ms] ompt_id=5910974510923777 tid=1054890 tipo=ompt_thread_worker     cpu=126 numa=1  d_rm=    6541  d_instr= 787094133  d_cyc= 549359921  d_all= 5031870  IPC=1.433  ratio_rm=0.0013
[OMPT][WIN100ms] ompt_id=6192449487634433 tid=1054891 tipo=ompt_thread_worker     cpu= 79 numa=1  d_rm=    8570  d_instr= 929838906  d_cyc= 534391911  d_all= 5046553  IPC=1.740  ratio_rm=0.0017
[OMPT][WIN100ms] ompt_id=6473924464345089 tid=1054892 tipo=ompt_thread_worker     cpu=254 numa=1  d_rm=    5980  d_instr= 787678812  d_cyc= 550344629  d_all= 5037717  IPC=1.431  ratio_rm=0.0012
[OMPT][WIN100ms] ompt_id=6755399441055745 tid=1054893 tipo=ompt_thread_worker     cpu=252 numa=1  d_rm=    4531  d_instr= 789160079  d_cyc= 549872368  d_all= 5034101  IPC=1.435  ratio_rm=0.0009
[OMPT][WIN100ms] ompt_id=7036874417766401 tid=1054894 tipo=ompt_thread_worker     cpu=124 numa=1  d_rm=    5274  d_instr= 786510129  d_cyc= 550313424  d_all= 5033168  IPC=1.429  ratio_rm=0.0010
[OMPT][WIN100ms] ompt_id=7318349394477057 tid=1054895 tipo=ompt_thread_worker     cpu=253 numa=1  d_rm=    5973  d_instr= 789901084  d_cyc= 548618646  d_all= 5031823  IPC=1.440  ratio_rm=0.0012
[OMPT][WIN100ms] ompt_id=7599824371187713 tid=1054896 tipo=ompt_thread_worker     cpu= 78 numa=1  d_rm=    6061  d_instr= 928566641  d_cyc= 532711473  d_all= 5037619  IPC=1.743  ratio_rm=0.0012
[OMPT][WIN100ms] ompt_id=7881299347898369 tid=1054897 tipo=ompt_thread_worker     cpu=249 numa=1  d_rm=  131924  d_instr= 913466619  d_cyc= 534182023  d_all= 5034847  IPC=1.710  ratio_rm=0.0262
[OMPT][WIN100ms] ompt_id=8162774324609025 tid=1054898 tipo=ompt_thread_worker     cpu= 80 numa=1  d_rm=   20991  d_instr= 824053210  d_cyc= 545481604  d_all= 5040315  IPC=1.511  ratio_rm=0.0042
[OMPT][WIN100ms] ompt_id=8444249301319681 tid=1054899 tipo=ompt_thread_worker     cpu=194 numa=1  d_rm=   12729  d_instr= 929371503  d_cyc= 532581427  d_all= 5065944  IPC=1.745  ratio_rm=0.0025
[OMPT][WIN100ms] ompt_id=8725724278030337 tid=1054900 tipo=ompt_thread_worker     cpu=251 numa=1  d_rm=   21642  d_instr= 818110800  d_cyc= 545706481  d_all= 5031514  IPC=1.499  ratio_rm=0.0043
[OMPT][WIN100ms] ompt_id=9007199254740993 tid=1054901 tipo=ompt_thread_worker     cpu= 77 numa=1  d_rm=   11657  d_instr= 928787111  d_cyc= 533611546  d_all= 5031685  IPC=1.741  ratio_rm=0.0023
[OMPT] implicit_task_begin: parallel_id=281474976710743 thread_num=10 team_size=32
[OMPT] implicit_task_begin: parallel_id=281474976710743 thread_num=28 team_size=32
[OMPT] implicit_task_begin: parallel_id=281474976710743 thread_num=15 team_size=32
[OMPT] implicit_task_begin: parallel_id=281474976710743 thread_num=16 team_size=32
[OMPT] implicit_task_begin: parallel_id=281474976710743 thread_num=9 team_size=32
[OMPT] implicit_task_begin: parallel_id=281474976710743 thread_num=29 team_size=32
[OMPT] implicit_task_begin: parallel_id=281474976710743 thread_num=8 team_size=32
[OMPT] implicit_task_begin: parallel_id=281474976710743 thread_num=11 team_size=32
[OMPT] implicit_task_begin: parallel_id=281474976710743 thread_num=2 team_size=32
[OMPT] implicit_task_begin: parallel_id=281474976710743 thread_num=4 team_size=32
[OMPT] implicit_task_begin: parallel_id=281474976710743 thread_num=1 team_size=32
[OMPT] implicit_task_begin: parallel_id=281474976710743 thread_num=6 team_size=32
[OMPT] implicit_task_begin: parallel_id=281474976710743 thread_num=23 team_size=32
[OMPT] implicit_task_begin: parallel_id=281474976710743 thread_num=30 team_size=32
[OMPT] implicit_task_begin: parallel_id=281474976710743 thread_num=5 team_size=32
[OMPT] implicit_task_begin: parallel_id=281474976710743 thread_num=20 team_size=32
[OMPT] implicit_task_begin: parallel_id=281474976710743 thread_num=25 team_size=32
[OMPT] implicit_task_begin: parallel_id=281474976710743 thread_num=27 team_size=32
[OMPT] implicit_task_begin: parallel_id=281474976710743 thread_num=22 team_size=32
[OMPT] implicit_task_begin: parallel_id=281474976710743 thread_num=17 team_size=32
[OMPT] implicit_task_begin: parallel_id=281474976710743 thread_num=3 team_size=32
[OMPT] implicit_task_begin: parallel_id=281474976710743 thread_num=18 team_size=32
[OMPT] implicit_task_begin: parallel_id=281474976710743 thread_num=7 team_size=32
[OMPT] implicit_task_begin: parallel_id=281474976710743 thread_num=31 team_size=32
[OMPT] implicit_task_begin: parallel_id=281474976710743 thread_num=24 team_size=32
[OMPT] implicit_task_begin: parallel_id=281474976710743 thread_num=21 team_size=32
[OMPT] implicit_task_begin: parallel_id=281474976710743 thread_num=19 team_size=32
[OMPT] implicit_task_begin: parallel_id=281474976710743 thread_num=0 team_size=32
[OMPT] implicit_task_begin: parallel_id=281474976710743 thread_num=26 team_size=32
[OMPT] implicit_task_begin: parallel_id=281474976710743 thread_num=13 team_size=32
[OMPT] implicit_task_begin: parallel_id=281474976710743 thread_num=12 team_size=32
[OMPT] implicit_task_begin: parallel_id=281474976710743 thread_num=14 team_size=32
[OMPT] implicit_task_end: parallel_id=0 thread_num=0
[OMPT] parallel_end: parallel_id=281474976710743
[OMPT] parallel_begin: parallel_id=281474976710745 team_size=32
[OMPT] implicit_task_end: parallel_id=0 thread_num=16
[OMPT] implicit_task_end: parallel_id=0 thread_num=3
[OMPT] implicit_task_end: parallel_id=0 thread_num=18
[OMPT] implicit_task_end: parallel_id=0 thread_num=28
[OMPT] implicit_task_begin: parallel_id=281474976710745 thread_num=3 team_size=32
[OMPT] implicit_task_end: parallel_id=0 thread_num=30
[OMPT] implicit_task_begin: parallel_id=281474976710745 thread_num=28 team_size=32
[OMPT] implicit_task_begin: parallel_id=281474976710745 thread_num=30 team_size=32
[OMPT] implicit_task_end: parallel_id=0 thread_num=1
[OMPT] implicit_task_end: parallel_id=0 thread_num=20
[OMPT] implicit_task_end: parallel_id=0 thread_num=22
[OMPT] implicit_task_end: parallel_id=0 thread_num=17
[OMPT] implicit_task_end: parallel_id=0 thread_num=19
[OMPT] implicit_task_end: parallel_id=0 thread_num=24
[OMPT] implicit_task_begin: parallel_id=281474976710745 thread_num=22 team_size=32
[OMPT] implicit_task_end: parallel_id=0 thread_num=25
[OMPT] implicit_task_begin: parallel_id=281474976710745 thread_num=19 team_size=32
[OMPT] implicit_task_begin: parallel_id=281474976710745 thread_num=24 team_size=32
[OMPT] implicit_task_end: parallel_id=0 thread_num=4
[OMPT] implicit_task_begin: parallel_id=281474976710745 thread_num=18 team_size=32
[OMPT] implicit_task_end: parallel_id=0 thread_num=5
[OMPT] implicit_task_end: parallel_id=0 thread_num=2
[OMPT] implicit_task_begin: parallel_id=281474976710745 thread_num=4 team_size=32
[OMPT] implicit_task_begin: parallel_id=281474976710745 thread_num=0 team_size=32
[OMPT] implicit_task_end: parallel_id=0 thread_num=21
[OMPT] implicit_task_begin: parallel_id=281474976710745 thread_num=1 team_size=32
[OMPT] implicit_task_begin: parallel_id=281474976710745 thread_num=20 team_size=32
[OMPT] implicit_task_begin: parallel_id=281474976710745 thread_num=17 team_size=32
[OMPT] implicit_task_end: parallel_id=0 thread_num=12
[OMPT] implicit_task_end: parallel_id=0 thread_num=26
[OMPT] implicit_task_end: parallel_id=0 thread_num=27
[OMPT] implicit_task_begin: parallel_id=281474976710745 thread_num=16 team_size=32
[OMPT] implicit_task_begin: parallel_id=281474976710745 thread_num=12 team_size=32
[OMPT] implicit_task_begin: parallel_id=281474976710745 thread_num=27 team_size=32
[OMPT] implicit_task_end: parallel_id=0 thread_num=29
[OMPT] implicit_task_end: parallel_id=0 thread_num=7
[OMPT] implicit_task_end: parallel_id=0 thread_num=8
[OMPT] implicit_task_begin: parallel_id=281474976710745 thread_num=29 team_size=32
[OMPT] implicit_task_end: parallel_id=0 thread_num=10
[OMPT] implicit_task_end: parallel_id=0 thread_num=11
[OMPT] implicit_task_end: parallel_id=0 thread_num=6
[OMPT] implicit_task_begin: parallel_id=281474976710745 thread_num=10 team_size=32
[OMPT] implicit_task_end: parallel_id=0 thread_num=14
[OMPT] implicit_task_end: parallel_id=0 thread_num=13
[OMPT] implicit_task_begin: parallel_id=281474976710745 thread_num=6 team_size=32
[OMPT] implicit_task_begin: parallel_id=281474976710745 thread_num=14 team_size=32
[OMPT] implicit_task_begin: parallel_id=281474976710745 thread_num=25 team_size=32
[OMPT] implicit_task_begin: parallel_id=281474976710745 thread_num=26 team_size=32
[OMPT] implicit_task_end: parallel_id=0 thread_num=9
[OMPT] implicit_task_begin: parallel_id=281474976710745 thread_num=7 team_size=32
[OMPT] implicit_task_begin: parallel_id=281474976710745 thread_num=5 team_size=32
[OMPT] implicit_task_begin: parallel_id=281474976710745 thread_num=8 team_size=32
[OMPT] implicit_task_end: parallel_id=0 thread_num=23
[OMPT] implicit_task_begin: parallel_id=281474976710745 thread_num=21 team_size=32
[OMPT] implicit_task_end: parallel_id=0 thread_num=15
[OMPT] implicit_task_begin: parallel_id=281474976710745 thread_num=11 team_size=32
[OMPT] implicit_task_begin: parallel_id=281474976710745 thread_num=23 team_size=32
[OMPT] implicit_task_end: parallel_id=0 thread_num=31
[OMPT] implicit_task_begin: parallel_id=281474976710745 thread_num=31 team_size=32
[OMPT] implicit_task_begin: parallel_id=281474976710745 thread_num=2 team_size=32
[OMPT] implicit_task_begin: parallel_id=281474976710745 thread_num=15 team_size=32
[OMPT] implicit_task_begin: parallel_id=281474976710745 thread_num=9 team_size=32
[OMPT] implicit_task_begin: parallel_id=281474976710745 thread_num=13 team_size=32
[OMPT] implicit_task_end: parallel_id=0 thread_num=0
[OMPT] parallel_end: parallel_id=281474976710745
[OMPT] parallel_begin: parallel_id=281474976710747 team_size=32
[OMPT] implicit_task_end: parallel_id=0 thread_num=16
[OMPT] implicit_task_end: parallel_id=0 thread_num=2
[OMPT] implicit_task_end: parallel_id=0 thread_num=20
[OMPT] implicit_task_end: parallel_id=0 thread_num=24
[OMPT] implicit_task_end: parallel_id=0 thread_num=21
[OMPT] implicit_task_begin: parallel_id=281474976710747 thread_num=2 team_size=32
[OMPT] implicit_task_end: parallel_id=0 thread_num=27
[OMPT] implicit_task_end: parallel_id=0 thread_num=4
[OMPT] implicit_task_begin: parallel_id=281474976710747 thread_num=21 team_size=32
[OMPT] implicit_task_end: parallel_id=0 thread_num=1
[OMPT] implicit_task_end: parallel_id=0 thread_num=17
[OMPT] implicit_task_end: parallel_id=0 thread_num=18
[OMPT] implicit_task_begin: parallel_id=281474976710747 thread_num=0 team_size=32
[OMPT] implicit_task_end: parallel_id=0 thread_num=28
[OMPT] implicit_task_begin: parallel_id=281474976710747 thread_num=1 team_size=32
[OMPT] implicit_task_begin: parallel_id=281474976710747 thread_num=17 team_size=32
[OMPT] implicit_task_begin: parallel_id=281474976710747 thread_num=18 team_size=32
[OMPT] implicit_task_end: parallel_id=0 thread_num=22
[OMPT] implicit_task_begin: parallel_id=281474976710747 thread_num=28 team_size=32
[OMPT] implicit_task_begin: parallel_id=281474976710747 thread_num=22 team_size=32
[OMPT] implicit_task_begin: parallel_id=281474976710747 thread_num=20 team_size=32
[OMPT] implicit_task_end: parallel_id=0 thread_num=7
[OMPT] implicit_task_end: parallel_id=0 thread_num=5
[OMPT] implicit_task_begin: parallel_id=281474976710747 thread_num=7 team_size=32
[OMPT] implicit_task_begin: parallel_id=281474976710747 thread_num=5 team_size=32
[OMPT] implicit_task_end: parallel_id=0 thread_num=3
[OMPT] implicit_task_begin: parallel_id=281474976710747 thread_num=3 team_size=32
[OMPT] implicit_task_begin: parallel_id=281474976710747 thread_num=27 team_size=32
[OMPT] implicit_task_begin: parallel_id=281474976710747 thread_num=4 team_size=32
[OMPT] implicit_task_end: parallel_id=0 thread_num=8
[OMPT] implicit_task_end: parallel_id=0 thread_num=11
[OMPT] implicit_task_begin: parallel_id=281474976710747 thread_num=8 team_size=32
[OMPT] implicit_task_begin: parallel_id=281474976710747 thread_num=11 team_size=32
[OMPT] implicit_task_end: parallel_id=0 thread_num=31
[OMPT] implicit_task_end: parallel_id=0 thread_num=29
[OMPT] implicit_task_begin: parallel_id=281474976710747 thread_num=31 team_size=32
[OMPT] implicit_task_begin: parallel_id=281474976710747 thread_num=29 team_size=32
[OMPT] implicit_task_end: parallel_id=0 thread_num=30
[OMPT] implicit_task_end: parallel_id=0 thread_num=23
[OMPT] implicit_task_begin: parallel_id=281474976710747 thread_num=30 team_size=32
[OMPT] implicit_task_end: parallel_id=0 thread_num=12
[OMPT] implicit_task_end: parallel_id=0 thread_num=26
[OMPT] implicit_task_end: parallel_id=0 thread_num=14
[OMPT] implicit_task_end: parallel_id=0 thread_num=25
[OMPT] implicit_task_begin: parallel_id=281474976710747 thread_num=12 team_size=32
[OMPT] implicit_task_begin: parallel_id=281474976710747 thread_num=14 team_size=32
[OMPT] implicit_task_end: parallel_id=0 thread_num=9
[OMPT] implicit_task_begin: parallel_id=281474976710747 thread_num=26 team_size=32
[OMPT] implicit_task_end: parallel_id=0 thread_num=10
[OMPT] implicit_task_begin: parallel_id=281474976710747 thread_num=23 team_size=32
[OMPT] implicit_task_begin: parallel_id=281474976710747 thread_num=10 team_size=32
[OMPT] implicit_task_end: parallel_id=0 thread_num=13
[OMPT] implicit_task_end: parallel_id=0 thread_num=15
[OMPT] implicit_task_begin: parallel_id=281474976710747 thread_num=13 team_size=32
[OMPT] implicit_task_begin: parallel_id=281474976710747 thread_num=24 team_size=32
[OMPT] implicit_task_begin: parallel_id=281474976710747 thread_num=15 team_size=32
[OMPT] implicit_task_end: parallel_id=0 thread_num=6
[OMPT] implicit_task_begin: parallel_id=281474976710747 thread_num=25 team_size=32
[OMPT] implicit_task_begin: parallel_id=281474976710747 thread_num=6 team_size=32
[OMPT] implicit_task_end: parallel_id=0 thread_num=19
[OMPT] implicit_task_begin: parallel_id=281474976710747 thread_num=19 team_size=32
[OMPT] implicit_task_begin: parallel_id=281474976710747 thread_num=16 team_size=32
[OMPT] implicit_task_begin: parallel_id=281474976710747 thread_num=9 team_size=32
[OMPT] implicit_task_end: parallel_id=0 thread_num=0
[OMPT] parallel_end: parallel_id=281474976710747
[OMPT] parallel_begin: parallel_id=281474976710749 team_size=32
[OMPT] implicit_task_end: parallel_id=0 thread_num=16
[OMPT] implicit_task_end: parallel_id=0 thread_num=3
[OMPT] implicit_task_end: parallel_id=0 thread_num=20
[OMPT] implicit_task_begin: parallel_id=281474976710749 thread_num=0 team_size=32
[OMPT] implicit_task_end: parallel_id=0 thread_num=12
[OMPT] implicit_task_end: parallel_id=0 thread_num=2
[OMPT] implicit_task_end: parallel_id=0 thread_num=14
[OMPT] implicit_task_end: parallel_id=0 thread_num=4
[OMPT] implicit_task_end: parallel_id=0 thread_num=8
[OMPT] implicit_task_end: parallel_id=0 thread_num=6
[OMPT] implicit_task_end: parallel_id=0 thread_num=11
[OMPT] implicit_task_end: parallel_id=0 thread_num=9
[OMPT] implicit_task_begin: parallel_id=281474976710749 thread_num=20 team_size=32
[OMPT] implicit_task_end: parallel_id=0 thread_num=19
[OMPT] implicit_task_begin: parallel_id=281474976710749 thread_num=8 team_size=32
[OMPT] implicit_task_end: parallel_id=0 thread_num=21
[OMPT] implicit_task_begin: parallel_id=281474976710749 thread_num=2 team_size=32
[OMPT] implicit_task_begin: parallel_id=281474976710749 thread_num=4 team_size=32
[OMPT] implicit_task_end: parallel_id=0 thread_num=13
[OMPT] implicit_task_end: parallel_id=0 thread_num=1
[OMPT] implicit_task_begin: parallel_id=281474976710749 thread_num=11 team_size=32
[OMPT] implicit_task_begin: parallel_id=281474976710749 thread_num=16 team_size=32
[OMPT] implicit_task_begin: parallel_id=281474976710749 thread_num=1 team_size=32
[OMPT] implicit_task_begin: parallel_id=281474976710749 thread_num=19 team_size=32
[OMPT] implicit_task_end: parallel_id=0 thread_num=18
[OMPT] implicit_task_begin: parallel_id=281474976710749 thread_num=21 team_size=32
[OMPT] implicit_task_begin: parallel_id=281474976710749 thread_num=12 team_size=32
[OMPT] implicit_task_end: parallel_id=0 thread_num=17
[OMPT] implicit_task_begin: parallel_id=281474976710749 thread_num=9 team_size=32
[OMPT] implicit_task_begin: parallel_id=281474976710749 thread_num=18 team_size=32
[OMPT] implicit_task_end: parallel_id=0 thread_num=28
[OMPT] implicit_task_begin: parallel_id=281474976710749 thread_num=14 team_size=32
[OMPT] implicit_task_end: parallel_id=0 thread_num=30
[OMPT] implicit_task_end: parallel_id=0 thread_num=23
[OMPT] implicit_task_begin: parallel_id=281474976710749 thread_num=28 team_size=32
[OMPT] implicit_task_end: parallel_id=0 thread_num=22
[OMPT] implicit_task_end: parallel_id=0 thread_num=15
[OMPT] implicit_task_begin: parallel_id=281474976710749 thread_num=22 team_size=32
[OMPT] implicit_task_begin: parallel_id=281474976710749 thread_num=15 team_size=32
[OMPT] implicit_task_begin: parallel_id=281474976710749 thread_num=13 team_size=32
[OMPT] implicit_task_begin: parallel_id=281474976710749 thread_num=6 team_size=32
[OMPT] implicit_task_begin: parallel_id=281474976710749 thread_num=3 team_size=32
[OMPT] implicit_task_begin: parallel_id=281474976710749 thread_num=17 team_size=32
[OMPT] implicit_task_end: parallel_id=0 thread_num=10
[OMPT] implicit_task_end: parallel_id=0 thread_num=31
[OMPT] implicit_task_end: parallel_id=0 thread_num=29
[OMPT] implicit_task_end: parallel_id=0 thread_num=24
[OMPT] implicit_task_begin: parallel_id=281474976710749 thread_num=29 team_size=32
[OMPT] implicit_task_end: parallel_id=0 thread_num=27
[OMPT] implicit_task_end: parallel_id=0 thread_num=7
[OMPT] implicit_task_begin: parallel_id=281474976710749 thread_num=23 team_size=32
[OMPT] implicit_task_begin: parallel_id=281474976710749 thread_num=27 team_size=32
[OMPT] implicit_task_begin: parallel_id=281474976710749 thread_num=7 team_size=32
[OMPT] implicit_task_begin: parallel_id=281474976710749 thread_num=31 team_size=32
[OMPT] implicit_task_end: parallel_id=0 thread_num=25
[OMPT] implicit_task_begin: parallel_id=281474976710749 thread_num=25 team_size=32
[OMPT] implicit_task_begin: parallel_id=281474976710749 thread_num=30 team_size=32
[OMPT] implicit_task_begin: parallel_id=281474976710749 thread_num=24 team_size=32
[OMPT] implicit_task_end: parallel_id=0 thread_num=5
[OMPT] implicit_task_begin: parallel_id=281474976710749 thread_num=5 team_size=32
[OMPT] implicit_task_begin: parallel_id=281474976710749 thread_num=10 team_size=32
[OMPT] implicit_task_end: parallel_id=0 thread_num=26
[OMPT] implicit_task_begin: parallel_id=281474976710749 thread_num=26 team_size=32
[OMPT] implicit_task_end: parallel_id=0 thread_num=0
[OMPT] parallel_end: parallel_id=281474976710749
[OMPT] parallel_begin: parallel_id=281474976710751 team_size=32
[OMPT] implicit_task_end: parallel_id=0 thread_num=12
[OMPT] implicit_task_end: parallel_id=0 thread_num=3
[OMPT] implicit_task_end: parallel_id=0 thread_num=14
[OMPT] implicit_task_begin: parallel_id=281474976710751 thread_num=12 team_size=32
[OMPT] implicit_task_begin: parallel_id=281474976710751 thread_num=3 team_size=32
[OMPT] implicit_task_begin: parallel_id=281474976710751 thread_num=14 team_size=32
[OMPT] implicit_task_end: parallel_id=0 thread_num=2
[OMPT] implicit_task_end: parallel_id=0 thread_num=8
[OMPT] implicit_task_begin: parallel_id=281474976710751 thread_num=2 team_size=32
[OMPT] implicit_task_end: parallel_id=0 thread_num=10
[OMPT] implicit_task_begin: parallel_id=281474976710751 thread_num=8 team_size=32
[OMPT] implicit_task_begin: parallel_id=281474976710751 thread_num=0 team_size=32
[OMPT] implicit_task_end: parallel_id=0 thread_num=15
[OMPT] implicit_task_end: parallel_id=0 thread_num=4
[OMPT] implicit_task_end: parallel_id=0 thread_num=5
[OMPT] implicit_task_end: parallel_id=0 thread_num=6
[OMPT] implicit_task_begin: parallel_id=281474976710751 thread_num=5 team_size=32
[OMPT] implicit_task_begin: parallel_id=281474976710751 thread_num=6 team_size=32
[OMPT] implicit_task_begin: parallel_id=281474976710751 thread_num=10 team_size=32
[OMPT] implicit_task_end: parallel_id=0 thread_num=16
[OMPT] implicit_task_end: parallel_id=0 thread_num=24
[OMPT] implicit_task_end: parallel_id=0 thread_num=18
[OMPT] implicit_task_end: parallel_id=0 thread_num=7
[OMPT] implicit_task_begin: parallel_id=281474976710751 thread_num=24 team_size=32
[OMPT] implicit_task_begin: parallel_id=281474976710751 thread_num=18 team_size=32
[OMPT] implicit_task_begin: parallel_id=281474976710751 thread_num=7 team_size=32
[OMPT] implicit_task_end: parallel_id=0 thread_num=9
[OMPT] implicit_task_end: parallel_id=0 thread_num=1
[OMPT] implicit_task_begin: parallel_id=281474976710751 thread_num=9 team_size=32
[OMPT] implicit_task_end: parallel_id=0 thread_num=19
[OMPT] implicit_task_end: parallel_id=0 thread_num=17
[OMPT] implicit_task_begin: parallel_id=281474976710751 thread_num=19 team_size=32
[OMPT] implicit_task_begin: parallel_id=281474976710751 thread_num=17 team_size=32
[OMPT] implicit_task_end: parallel_id=0 thread_num=20
[OMPT] implicit_task_end: parallel_id=0 thread_num=22
[OMPT] implicit_task_begin: parallel_id=281474976710751 thread_num=16 team_size=32
[OMPT] implicit_task_begin: parallel_id=281474976710751 thread_num=20 team_size=32
[OMPT] implicit_task_begin: parallel_id=281474976710751 thread_num=22 team_size=32
[OMPT] implicit_task_end: parallel_id=0 thread_num=27
[OMPT] implicit_task_end: parallel_id=0 thread_num=26
[OMPT] implicit_task_begin: parallel_id=281474976710751 thread_num=15 team_size=32
[OMPT] implicit_task_begin: parallel_id=281474976710751 thread_num=27 team_size=32
[OMPT] implicit_task_begin: parallel_id=281474976710751 thread_num=4 team_size=32
[OMPT] implicit_task_end: parallel_id=0 thread_num=28
[OMPT] implicit_task_end: parallel_id=0 thread_num=13
[OMPT] implicit_task_end: parallel_id=0 thread_num=30
[OMPT] implicit_task_end: parallel_id=0 thread_num=23
[OMPT] implicit_task_begin: parallel_id=281474976710751 thread_num=30 team_size=32
[OMPT] implicit_task_end: parallel_id=0 thread_num=25
[OMPT] implicit_task_begin: parallel_id=281474976710751 thread_num=23 team_size=32
[OMPT] implicit_task_begin: parallel_id=281474976710751 thread_num=1 team_size=32
[OMPT] implicit_task_begin: parallel_id=281474976710751 thread_num=26 team_size=32
[OMPT] implicit_task_end: parallel_id=0 thread_num=31
[OMPT] implicit_task_end: parallel_id=0 thread_num=29
[OMPT] implicit_task_begin: parallel_id=281474976710751 thread_num=31 team_size=32
[OMPT] implicit_task_begin: parallel_id=281474976710751 thread_num=28 team_size=32
[OMPT] implicit_task_begin: parallel_id=281474976710751 thread_num=13 team_size=32
[OMPT] implicit_task_end: parallel_id=0 thread_num=21
[OMPT] implicit_task_end: parallel_id=0 thread_num=11
[OMPT] implicit_task_begin: parallel_id=281474976710751 thread_num=21 team_size=32
[OMPT] implicit_task_begin: parallel_id=281474976710751 thread_num=25 team_size=32
[OMPT] implicit_task_begin: parallel_id=281474976710751 thread_num=11 team_size=32
[OMPT] implicit_task_begin: parallel_id=281474976710751 thread_num=29 team_size=32
[OMPT] implicit_task_end: parallel_id=0 thread_num=0
[OMPT] parallel_end: parallel_id=281474976710751
[OMPT] parallel_begin: parallel_id=281474976710753 team_size=32
[OMPT] implicit_task_end: parallel_id=0 thread_num=12
[OMPT] implicit_task_end: parallel_id=0 thread_num=3
[OMPT] implicit_task_end: parallel_id=0 thread_num=13
[OMPT] implicit_task_end: parallel_id=0 thread_num=8
[OMPT] implicit_task_end: parallel_id=0 thread_num=4
[OMPT] implicit_task_begin: parallel_id=281474976710753 thread_num=12 team_size=32
[OMPT] implicit_task_end: parallel_id=0 thread_num=16
[OMPT] implicit_task_begin: parallel_id=281474976710753 thread_num=8 team_size=32
[OMPT] implicit_task_end: parallel_id=0 thread_num=1
[OMPT] implicit_task_end: parallel_id=0 thread_num=19
[OMPT] implicit_task_begin: parallel_id=281474976710753 thread_num=13 team_size=32
[OMPT] implicit_task_begin: parallel_id=281474976710753 thread_num=0 team_size=32
[OMPT] implicit_task_begin: parallel_id=281474976710753 thread_num=16 team_size=32
[OMPT] implicit_task_end: parallel_id=0 thread_num=11
[OMPT] implicit_task_begin: parallel_id=281474976710753 thread_num=1 team_size=32
[OMPT] implicit_task_end: parallel_id=0 thread_num=5
[OMPT] implicit_task_begin: parallel_id=281474976710753 thread_num=4 team_size=32
[OMPT] implicit_task_begin: parallel_id=281474976710753 thread_num=19 team_size=32
[OMPT] implicit_task_begin: parallel_id=281474976710753 thread_num=5 team_size=32
[OMPT] implicit_task_end: parallel_id=0 thread_num=6
[OMPT] implicit_task_begin: parallel_id=281474976710753 thread_num=6 team_size=32
[OMPT] implicit_task_end: parallel_id=0 thread_num=28
[OMPT] implicit_task_end: parallel_id=0 thread_num=29
[OMPT] implicit_task_end: parallel_id=0 thread_num=17
[OMPT] implicit_task_begin: parallel_id=281474976710753 thread_num=29 team_size=32
[OMPT] implicit_task_end: parallel_id=0 thread_num=18
[OMPT] implicit_task_end: parallel_id=0 thread_num=15
[OMPT] implicit_task_begin: parallel_id=281474976710753 thread_num=18 team_size=32
[OMPT] implicit_task_end: parallel_id=0 thread_num=14
[OMPT] implicit_task_begin: parallel_id=281474976710753 thread_num=15 team_size=32
[OMPT] implicit_task_begin: parallel_id=281474976710753 thread_num=14 team_size=32
[OMPT] implicit_task_end: parallel_id=0 thread_num=2
[OMPT] implicit_task_end: parallel_id=0 thread_num=10
[OMPT] implicit_task_begin: parallel_id=281474976710753 thread_num=2 team_size=32
[OMPT] implicit_task_end: parallel_id=0 thread_num=7
[OMPT] implicit_task_end: parallel_id=0 thread_num=24
[OMPT] implicit_task_end: parallel_id=0 thread_num=26
[OMPT] implicit_task_begin: parallel_id=281474976710753 thread_num=24 team_size=32
[OMPT] implicit_task_begin: parallel_id=281474976710753 thread_num=26 team_size=32
[OMPT] implicit_task_end: parallel_id=0 thread_num=31
[OMPT] implicit_task_begin: parallel_id=281474976710753 thread_num=31 team_size=32
[OMPT] implicit_task_end: parallel_id=0 thread_num=30
[OMPT] implicit_task_begin: parallel_id=281474976710753 thread_num=30 team_size=32
[OMPT] implicit_task_begin: parallel_id=281474976710753 thread_num=28 team_size=32
[OMPT] implicit_task_begin: parallel_id=281474976710753 thread_num=17 team_size=32
[OMPT] implicit_task_end: parallel_id=0 thread_num=9
[OMPT] implicit_task_begin: parallel_id=281474976710753 thread_num=9 team_size=32
[OMPT] implicit_task_begin: parallel_id=281474976710753 thread_num=10 team_size=32
[OMPT] implicit_task_end: parallel_id=0 thread_num=25
[OMPT] implicit_task_begin: parallel_id=281474976710753 thread_num=25 team_size=32
[OMPT] implicit_task_begin: parallel_id=281474976710753 thread_num=7 team_size=32
[OMPT] implicit_task_end: parallel_id=0 thread_num=27
[OMPT] implicit_task_begin: parallel_id=281474976710753 thread_num=27 team_size=32
[OMPT] implicit_task_begin: parallel_id=281474976710753 thread_num=11 team_size=32
[OMPT] implicit_task_begin: parallel_id=281474976710753 thread_num=3 team_size=32
[OMPT] implicit_task_end: parallel_id=0 thread_num=20
[OMPT] implicit_task_end: parallel_id=0 thread_num=23
[OMPT] implicit_task_begin: parallel_id=281474976710753 thread_num=20 team_size=32
[OMPT] implicit_task_begin: parallel_id=281474976710753 thread_num=23 team_size=32
[OMPT] implicit_task_end: parallel_id=0 thread_num=22
[OMPT] implicit_task_begin: parallel_id=281474976710753 thread_num=22 team_size=32
[OMPT] implicit_task_end: parallel_id=0 thread_num=21
[OMPT] implicit_task_begin: parallel_id=281474976710753 thread_num=21 team_size=32
[OMPT] implicit_task_end: parallel_id=0 thread_num=0
[OMPT] parallel_end: parallel_id=281474976710753
[OMPT] parallel_begin: parallel_id=281474976710755 team_size=32
[OMPT] implicit_task_end: parallel_id=0 thread_num=4
[OMPT] implicit_task_end: parallel_id=0 thread_num=8
[OMPT] implicit_task_end: parallel_id=0 thread_num=5
[OMPT] implicit_task_end: parallel_id=0 thread_num=10
[OMPT] implicit_task_begin: parallel_id=281474976710755 thread_num=8 team_size=32
[OMPT] implicit_task_begin: parallel_id=281474976710755 thread_num=5 team_size=32
[OMPT] implicit_task_begin: parallel_id=281474976710755 thread_num=10 team_size=32
[OMPT] implicit_task_end: parallel_id=0 thread_num=12
[OMPT] implicit_task_end: parallel_id=0 thread_num=15
[OMPT] implicit_task_end: parallel_id=0 thread_num=6
[OMPT] implicit_task_begin: parallel_id=281474976710755 thread_num=12 team_size=32
[OMPT] implicit_task_begin: parallel_id=281474976710755 thread_num=15 team_size=32
[OMPT] implicit_task_begin: parallel_id=281474976710755 thread_num=6 team_size=32
[OMPT] implicit_task_end: parallel_id=0 thread_num=11
[OMPT] implicit_task_begin: parallel_id=281474976710755 thread_num=4 team_size=32
[OMPT] implicit_task_begin: parallel_id=281474976710755 thread_num=11 team_size=32
[OMPT] implicit_task_end: parallel_id=0 thread_num=3
[OMPT] implicit_task_end: parallel_id=0 thread_num=2
[OMPT] implicit_task_begin: parallel_id=281474976710755 thread_num=3 team_size=32
[OMPT] implicit_task_begin: parallel_id=281474976710755 thread_num=2 team_size=32
[OMPT] implicit_task_end: parallel_id=0 thread_num=1
[OMPT] implicit_task_end: parallel_id=0 thread_num=14
[OMPT] implicit_task_begin: parallel_id=281474976710755 thread_num=1 team_size=32
[OMPT] implicit_task_end: parallel_id=0 thread_num=13
[OMPT] implicit_task_begin: parallel_id=281474976710755 thread_num=0 team_size=32
[OMPT] implicit_task_end: parallel_id=0 thread_num=9
[OMPT] implicit_task_begin: parallel_id=281474976710755 thread_num=9 team_size=32
[OMPT] implicit_task_end: parallel_id=0 thread_num=16
[OMPT] implicit_task_end: parallel_id=0 thread_num=19
[OMPT] implicit_task_end: parallel_id=0 thread_num=18
[OMPT] implicit_task_begin: parallel_id=281474976710755 thread_num=16 team_size=32
[OMPT] implicit_task_begin: parallel_id=281474976710755 thread_num=19 team_size=32
[OMPT] implicit_task_begin: parallel_id=281474976710755 thread_num=13 team_size=32
[OMPT] implicit_task_end: parallel_id=0 thread_num=24
[OMPT] implicit_task_end: parallel_id=0 thread_num=27
[OMPT] implicit_task_begin: parallel_id=281474976710755 thread_num=24 team_size=32
[OMPT] implicit_task_end: parallel_id=0 thread_num=28
[OMPT] implicit_task_begin: parallel_id=281474976710755 thread_num=27 team_size=32
[OMPT] implicit_task_end: parallel_id=0 thread_num=30
[OMPT] implicit_task_begin: parallel_id=281474976710755 thread_num=28 team_size=32
[OMPT] implicit_task_begin: parallel_id=281474976710755 thread_num=18 team_size=32
[OMPT] implicit_task_end: parallel_id=0 thread_num=7
[OMPT] implicit_task_end: parallel_id=0 thread_num=20
[OMPT] implicit_task_end: parallel_id=0 thread_num=23
[OMPT] implicit_task_begin: parallel_id=281474976710755 thread_num=7 team_size=32
[OMPT] implicit_task_begin: parallel_id=281474976710755 thread_num=20 team_size=32
[OMPT] implicit_task_begin: parallel_id=281474976710755 thread_num=23 team_size=32
[OMPT] implicit_task_begin: parallel_id=281474976710755 thread_num=14 team_size=32
[OMPT] implicit_task_begin: parallel_id=281474976710755 thread_num=30 team_size=32
[OMPT] implicit_task_end: parallel_id=0 thread_num=26
[OMPT] implicit_task_begin: parallel_id=281474976710755 thread_num=26 team_size=32
[OMPT] implicit_task_end: parallel_id=0 thread_num=22
[OMPT] implicit_task_begin: parallel_id=281474976710755 thread_num=22 team_size=32
[OMPT] implicit_task_end: parallel_id=0 thread_num=17
[OMPT] implicit_task_begin: parallel_id=281474976710755 thread_num=17 team_size=32
[OMPT] implicit_task_end: parallel_id=0 thread_num=29
[OMPT] implicit_task_begin: parallel_id=281474976710755 thread_num=29 team_size=32
[OMPT] implicit_task_end: parallel_id=0 thread_num=31
[OMPT] implicit_task_begin: parallel_id=281474976710755 thread_num=31 team_size=32
[OMPT] implicit_task_end: parallel_id=0 thread_num=25
[OMPT] implicit_task_begin: parallel_id=281474976710755 thread_num=25 team_size=32
[OMPT] implicit_task_end: parallel_id=0 thread_num=21
[OMPT] implicit_task_begin: parallel_id=281474976710755 thread_num=21 team_size=32
[OMPT] implicit_task_end: parallel_id=0 thread_num=0
[OMPT] parallel_end: parallel_id=281474976710755
[OMPT] parallel_begin: parallel_id=281474976710757 team_size=32
[OMPT] implicit_task_end: parallel_id=0 thread_num=16
[OMPT] implicit_task_end: parallel_id=0 thread_num=3
[OMPT] implicit_task_end: parallel_id=0 thread_num=24
[OMPT] implicit_task_begin: parallel_id=281474976710757 thread_num=3 team_size=32
[OMPT] implicit_task_end: parallel_id=0 thread_num=26
[OMPT] implicit_task_begin: parallel_id=281474976710757 thread_num=24 team_size=32
[OMPT] implicit_task_end: parallel_id=0 thread_num=4
[OMPT] implicit_task_end: parallel_id=0 thread_num=7
[OMPT] implicit_task_end: parallel_id=0 thread_num=18
[OMPT] implicit_task_begin: parallel_id=281474976710757 thread_num=7 team_size=32
[OMPT] implicit_task_begin: parallel_id=281474976710757 thread_num=18 team_size=32
[OMPT] implicit_task_end: parallel_id=0 thread_num=19
[OMPT] implicit_task_end: parallel_id=0 thread_num=20
[OMPT] implicit_task_end: parallel_id=0 thread_num=23
[OMPT] implicit_task_begin: parallel_id=281474976710757 thread_num=20 team_size=32
[OMPT] implicit_task_begin: parallel_id=281474976710757 thread_num=23 team_size=32
[OMPT] implicit_task_end: parallel_id=0 thread_num=8
[OMPT] implicit_task_end: parallel_id=0 thread_num=25
[OMPT] implicit_task_end: parallel_id=0 thread_num=10
[OMPT] implicit_task_begin: parallel_id=281474976710757 thread_num=25 team_size=32
[OMPT] implicit_task_end: parallel_id=0 thread_num=2
[OMPT] implicit_task_begin: parallel_id=281474976710757 thread_num=10 team_size=32
[OMPT] implicit_task_begin: parallel_id=281474976710757 thread_num=2 team_size=32
[OMPT] implicit_task_end: parallel_id=0 thread_num=12
[OMPT] implicit_task_end: parallel_id=0 thread_num=15
[OMPT] implicit_task_begin: parallel_id=281474976710757 thread_num=12 team_size=32
[OMPT] implicit_task_begin: parallel_id=281474976710757 thread_num=15 team_size=32
[OMPT] implicit_task_end: parallel_id=0 thread_num=6
[OMPT] implicit_task_begin: parallel_id=281474976710757 thread_num=6 team_size=32
[OMPT] implicit_task_end: parallel_id=0 thread_num=17
[OMPT] implicit_task_begin: parallel_id=281474976710757 thread_num=17 team_size=32
[OMPT] implicit_task_begin: parallel_id=281474976710757 thread_num=19 team_size=32
[OMPT] implicit_task_end: parallel_id=0 thread_num=22
[OMPT] implicit_task_begin: parallel_id=281474976710757 thread_num=22 team_size=32
[OMPT] implicit_task_end: parallel_id=0 thread_num=21
[OMPT] implicit_task_begin: parallel_id=281474976710757 thread_num=21 team_size=32
[OMPT] implicit_task_end: parallel_id=0 thread_num=28
[OMPT] implicit_task_end: parallel_id=0 thread_num=31
[OMPT] implicit_task_begin: parallel_id=281474976710757 thread_num=28 team_size=32
[OMPT] implicit_task_begin: parallel_id=281474976710757 thread_num=31 team_size=32
[OMPT] implicit_task_end: parallel_id=0 thread_num=11
[OMPT] implicit_task_begin: parallel_id=281474976710757 thread_num=11 team_size=32
[OMPT] implicit_task_end: parallel_id=0 thread_num=27
[OMPT] implicit_task_begin: parallel_id=281474976710757 thread_num=27 team_size=32
[OMPT] implicit_task_begin: parallel_id=281474976710757 thread_num=26 team_size=32
[OMPT] implicit_task_end: parallel_id=0 thread_num=14
[OMPT] implicit_task_begin: parallel_id=281474976710757 thread_num=14 team_size=32
[OMPT] implicit_task_end: parallel_id=0 thread_num=13
[OMPT] implicit_task_begin: parallel_id=281474976710757 thread_num=13 team_size=32
[OMPT] implicit_task_end: parallel_id=0 thread_num=5
[OMPT] implicit_task_begin: parallel_id=281474976710757 thread_num=5 team_size=32
[OMPT] implicit_task_end: parallel_id=0 thread_num=1
[OMPT] implicit_task_begin: parallel_id=281474976710757 thread_num=1 team_size=32
[OMPT] implicit_task_begin: parallel_id=281474976710757 thread_num=4 team_size=32
[OMPT] implicit_task_begin: parallel_id=281474976710757 thread_num=0 team_size=32
[OMPT] implicit_task_end: parallel_id=0 thread_num=30
[OMPT] implicit_task_begin: parallel_id=281474976710757 thread_num=30 team_size=32
[OMPT] implicit_task_end: parallel_id=0 thread_num=29
[OMPT] implicit_task_begin: parallel_id=281474976710757 thread_num=29 team_size=32
[OMPT] implicit_task_begin: parallel_id=281474976710757 thread_num=16 team_size=32
[OMPT] implicit_task_end: parallel_id=0 thread_num=9
[OMPT] implicit_task_begin: parallel_id=281474976710757 thread_num=9 team_size=32
[OMPT] implicit_task_begin: parallel_id=281474976710757 thread_num=8 team_size=32
[OMPT] implicit_task_end: parallel_id=0 thread_num=0
[OMPT] parallel_end: parallel_id=281474976710757
[OMPT] parallel_begin: parallel_id=281474976710759 team_size=32
[OMPT] implicit_task_end: parallel_id=0 thread_num=12
[OMPT] implicit_task_end: parallel_id=0 thread_num=2
[OMPT] implicit_task_end: parallel_id=0 thread_num=14
[OMPT] implicit_task_begin: parallel_id=281474976710759 thread_num=0 team_size=32
[OMPT] implicit_task_end: parallel_id=0 thread_num=16
[OMPT] implicit_task_begin: parallel_id=281474976710759 thread_num=12 team_size=32
[OMPT] implicit_task_end: parallel_id=0 thread_num=17
[OMPT] implicit_task_end: parallel_id=0 thread_num=28
[OMPT] implicit_task_begin: parallel_id=281474976710759 thread_num=16 team_size=32
[OMPT] implicit_task_end: parallel_id=0 thread_num=15
[OMPT] implicit_task_end: parallel_id=0 thread_num=29
[OMPT] implicit_task_end: parallel_id=0 thread_num=19
[OMPT] implicit_task_end: parallel_id=0 thread_num=24
[OMPT] implicit_task_end: parallel_id=0 thread_num=27
[OMPT] implicit_task_begin: parallel_id=281474976710759 thread_num=29 team_size=32
[OMPT] implicit_task_end: parallel_id=0 thread_num=3
[OMPT] implicit_task_begin: parallel_id=281474976710759 thread_num=19 team_size=32
[OMPT] implicit_task_end: parallel_id=0 thread_num=1
[OMPT] implicit_task_end: parallel_id=0 thread_num=4
[OMPT] implicit_task_end: parallel_id=0 thread_num=31
[OMPT] implicit_task_end: parallel_id=0 thread_num=5
[OMPT] implicit_task_begin: parallel_id=281474976710759 thread_num=2 team_size=32
[OMPT] implicit_task_end: parallel_id=0 thread_num=8
[OMPT] implicit_task_end: parallel_id=0 thread_num=11
[OMPT] implicit_task_begin: parallel_id=281474976710759 thread_num=28 team_size=32
[OMPT] implicit_task_end: parallel_id=0 thread_num=13
[OMPT] implicit_task_begin: parallel_id=281474976710759 thread_num=8 team_size=32
[OMPT] implicit_task_begin: parallel_id=281474976710759 thread_num=11 team_size=32
[OMPT] implicit_task_end: parallel_id=0 thread_num=25
[OMPT] implicit_task_begin: parallel_id=281474976710759 thread_num=13 team_size=32
[OMPT] implicit_task_begin: parallel_id=281474976710759 thread_num=25 team_size=32
[OMPT] implicit_task_begin: parallel_id=281474976710759 thread_num=14 team_size=32
[OMPT] implicit_task_begin: parallel_id=281474976710759 thread_num=15 team_size=32
[OMPT] implicit_task_begin: parallel_id=281474976710759 thread_num=17 team_size=32
[OMPT] implicit_task_begin: parallel_id=281474976710759 thread_num=27 team_size=32
[OMPT] implicit_task_end: parallel_id=0 thread_num=7
[OMPT] implicit_task_end: parallel_id=0 thread_num=6
[OMPT] implicit_task_begin: parallel_id=281474976710759 thread_num=3 team_size=32
[OMPT] implicit_task_begin: parallel_id=281474976710759 thread_num=6 team_size=32
[OMPT] implicit_task_end: parallel_id=0 thread_num=9
[OMPT] implicit_task_begin: parallel_id=281474976710759 thread_num=9 team_size=32
[OMPT] implicit_task_end: parallel_id=0 thread_num=10
[OMPT] implicit_task_begin: parallel_id=281474976710759 thread_num=10 team_size=32
[OMPT] implicit_task_begin: parallel_id=281474976710759 thread_num=5 team_size=32
[OMPT] implicit_task_end: parallel_id=0 thread_num=18
[OMPT] implicit_task_begin: parallel_id=281474976710759 thread_num=18 team_size=32
[OMPT] implicit_task_end: parallel_id=0 thread_num=20
[OMPT] implicit_task_end: parallel_id=0 thread_num=23
[OMPT] implicit_task_begin: parallel_id=281474976710759 thread_num=20 team_size=32
[OMPT] implicit_task_begin: parallel_id=281474976710759 thread_num=4 team_size=32
[OMPT] implicit_task_begin: parallel_id=281474976710759 thread_num=24 team_size=32
[OMPT] implicit_task_end: parallel_id=0 thread_num=30
[OMPT] implicit_task_begin: parallel_id=281474976710759 thread_num=31 team_size=32
[OMPT] implicit_task_begin: parallel_id=281474976710759 thread_num=30 team_size=32
[OMPT] implicit_task_begin: parallel_id=281474976710759 thread_num=1 team_size=32
[OMPT] implicit_task_end: parallel_id=0 thread_num=26
[OMPT] implicit_task_end: parallel_id=0 thread_num=22
[OMPT] implicit_task_begin: parallel_id=281474976710759 thread_num=23 team_size=32
[OMPT] implicit_task_begin: parallel_id=281474976710759 thread_num=22 team_size=32
[OMPT] implicit_task_begin: parallel_id=281474976710759 thread_num=7 team_size=32
[OMPT] implicit_task_end: parallel_id=0 thread_num=21
[OMPT] implicit_task_begin: parallel_id=281474976710759 thread_num=26 team_size=32
[OMPT] implicit_task_begin: parallel_id=281474976710759 thread_num=21 team_size=32
[OMPT] implicit_task_end: parallel_id=0 thread_num=0
[OMPT] parallel_end: parallel_id=281474976710759
[OMPT] parallel_begin: parallel_id=281474976710761 team_size=32
[OMPT] implicit_task_end: parallel_id=0 thread_num=12
[OMPT] implicit_task_end: parallel_id=0 thread_num=4
[OMPT] implicit_task_begin: parallel_id=281474976710761 thread_num=0 team_size=32
[OMPT] implicit_task_end: parallel_id=0 thread_num=5
[OMPT] implicit_task_end: parallel_id=0 thread_num=7
[OMPT] implicit_task_begin: parallel_id=281474976710761 thread_num=4 team_size=32
[OMPT] implicit_task_end: parallel_id=0 thread_num=1
[OMPT] implicit_task_end: parallel_id=0 thread_num=2
[OMPT] implicit_task_begin: parallel_id=281474976710761 thread_num=12 team_size=32
[OMPT] implicit_task_end: parallel_id=0 thread_num=3
[OMPT] implicit_task_begin: parallel_id=281474976710761 thread_num=2 team_size=32
[OMPT] implicit_task_begin: parallel_id=281474976710761 thread_num=5 team_size=32
[OMPT] implicit_task_begin: parallel_id=281474976710761 thread_num=3 team_size=32
[OMPT] implicit_task_end: parallel_id=0 thread_num=14
[OMPT] implicit_task_begin: parallel_id=281474976710761 thread_num=14 team_size=32
[OMPT] implicit_task_end: parallel_id=0 thread_num=6
[OMPT] implicit_task_begin: parallel_id=281474976710761 thread_num=6 team_size=32
[OMPT] implicit_task_begin: parallel_id=281474976710761 thread_num=7 team_size=32
[OMPT] implicit_task_end: parallel_id=0 thread_num=15
[OMPT] implicit_task_end: parallel_id=0 thread_num=8
[OMPT] implicit_task_end: parallel_id=0 thread_num=11
[OMPT] implicit_task_begin: parallel_id=281474976710761 thread_num=8 team_size=32
[OMPT] implicit_task_begin: parallel_id=281474976710761 thread_num=11 team_size=32
[OMPT] implicit_task_end: parallel_id=0 thread_num=16
[OMPT] implicit_task_begin: parallel_id=281474976710761 thread_num=15 team_size=32
[OMPT] implicit_task_end: parallel_id=0 thread_num=24
[OMPT] implicit_task_end: parallel_id=0 thread_num=19
[OMPT] implicit_task_end: parallel_id=0 thread_num=27
[OMPT] implicit_task_end: parallel_id=0 thread_num=13
[OMPT] implicit_task_begin: parallel_id=281474976710761 thread_num=1 team_size=32
[OMPT] implicit_task_end: parallel_id=0 thread_num=28
[OMPT] implicit_task_begin: parallel_id=281474976710761 thread_num=13 team_size=32
[OMPT] implicit_task_end: parallel_id=0 thread_num=20
[OMPT] implicit_task_end: parallel_id=0 thread_num=17
[OMPT] implicit_task_end: parallel_id=0 thread_num=22
[OMPT] implicit_task_begin: parallel_id=281474976710761 thread_num=16 team_size=32
[OMPT] implicit_task_end: parallel_id=0 thread_num=9
[OMPT] implicit_task_end: parallel_id=0 thread_num=26
[OMPT] implicit_task_begin: parallel_id=281474976710761 thread_num=9 team_size=32
[OMPT] implicit_task_begin: parallel_id=281474976710761 thread_num=26 team_size=32
[OMPT] implicit_task_begin: parallel_id=281474976710761 thread_num=19 team_size=32
[OMPT] implicit_task_begin: parallel_id=281474976710761 thread_num=27 team_size=32
[OMPT] implicit_task_end: parallel_id=0 thread_num=29
[OMPT] implicit_task_end: parallel_id=0 thread_num=31
[OMPT] implicit_task_begin: parallel_id=281474976710761 thread_num=28 team_size=32
[OMPT] implicit_task_begin: parallel_id=281474976710761 thread_num=31 team_size=32
[OMPT] implicit_task_end: parallel_id=0 thread_num=18
[OMPT] implicit_task_begin: parallel_id=281474976710761 thread_num=18 team_size=32
[OMPT] implicit_task_end: parallel_id=0 thread_num=23
[OMPT] implicit_task_begin: parallel_id=281474976710761 thread_num=20 team_size=32
[OMPT] implicit_task_begin: parallel_id=281474976710761 thread_num=23 team_size=32
[OMPT] implicit_task_end: parallel_id=0 thread_num=25
[OMPT] implicit_task_begin: parallel_id=281474976710761 thread_num=25 team_size=32
[OMPT] implicit_task_end: parallel_id=0 thread_num=10
[OMPT] implicit_task_begin: parallel_id=281474976710761 thread_num=10 team_size=32
[OMPT] implicit_task_begin: parallel_id=281474976710761 thread_num=24 team_size=32
[OMPT] implicit_task_end: parallel_id=0 thread_num=30
[OMPT] implicit_task_begin: parallel_id=281474976710761 thread_num=30 team_size=32
[OMPT] implicit_task_begin: parallel_id=281474976710761 thread_num=29 team_size=32
[OMPT] implicit_task_end: parallel_id=0 thread_num=21
[OMPT] implicit_task_begin: parallel_id=281474976710761 thread_num=21 team_size=32
[OMPT] implicit_task_begin: parallel_id=281474976710761 thread_num=17 team_size=32
[OMPT] implicit_task_begin: parallel_id=281474976710761 thread_num=22 team_size=32
[OMPT][WIN100ms] ompt_id=281474976710657 tid=1054869 tipo=ompt_thread_initial    cpu=255 numa=1  d_rm=   35427  d_instr= 795357186  d_cyc= 551890820  d_all= 5208266  IPC=1.441  ratio_rm=0.0068
[OMPT][WIN100ms] ompt_id=562949953421313 tid=1054871 tipo=ompt_thread_worker     cpu=104 numa=1  d_rm=    1526  d_instr= 934477158  d_cyc= 532039633  d_all= 5201180  IPC=1.756  ratio_rm=0.0003
[OMPT][WIN100ms] ompt_id=844424930131969 tid=1054872 tipo=ompt_thread_worker     cpu= 96 numa=1  d_rm=   11256  d_instr= 929001776  d_cyc= 533417561  d_all= 5064170  IPC=1.742  ratio_rm=0.0022
[OMPT] implicit_task_end: parallel_id=0 thread_num=0
[OMPT] parallel_end: parallel_id=281474976710761
[OMPT] parallel_begin: parallel_id=281474976710763 team_size=32
[OMPT] implicit_task_end: parallel_id=0 thread_num=16
[OMPT] implicit_task_end: parallel_id=0 thread_num=3
[OMPT] implicit_task_end: parallel_id=0 thread_num=20
[OMPT] implicit_task_end: parallel_id=0 thread_num=19
[OMPT] implicit_task_end: parallel_id=0 thread_num=23
[OMPT] implicit_task_end: parallel_id=0 thread_num=8
[OMPT] implicit_task_end: parallel_id=0 thread_num=2
[OMPT] implicit_task_end: parallel_id=0 thread_num=4
[OMPT] implicit_task_end: parallel_id=0 thread_num=17
[OMPT] implicit_task_end: parallel_id=0 thread_num=7
[OMPT] implicit_task_end: parallel_id=0 thread_num=28
[OMPT] implicit_task_end: parallel_id=0 thread_num=24
[OMPT] implicit_task_end: parallel_id=0 thread_num=30
[OMPT] implicit_task_end: parallel_id=0 thread_num=25
[OMPT] implicit_task_end: parallel_id=0 thread_num=12
[OMPT] implicit_task_end: parallel_id=0 thread_num=9
[OMPT] implicit_task_end: parallel_id=0 thread_num=13
[OMPT] implicit_task_end: parallel_id=0 thread_num=10
[OMPT] implicit_task_end: parallel_id=0 thread_num=1
[OMPT] implicit_task_end: parallel_id=0 thread_num=6
[OMPT] implicit_task_end: parallel_id=0 thread_num=18
[OMPT] implicit_task_end: parallel_id=0 thread_num=31
[OMPT] implicit_task_end: parallel_id=0 thread_num=29
[OMPT] implicit_task_end: parallel_id=0 thread_num=27
[OMPT] implicit_task_end: parallel_id=0 thread_num=22
[OMPT] implicit_task_end: parallel_id=0 thread_num=26
[OMPT] implicit_task_end: parallel_id=0 thread_num=21
[OMPT] implicit_task_end: parallel_id=0 thread_num=15
[OMPT] implicit_task_end: parallel_id=0 thread_num=14
[OMPT] implicit_task_end: parallel_id=0 thread_num=11
[OMPT] implicit_task_end: parallel_id=0 thread_num=5
[OMPT][WIN100ms] ompt_id=1125899906842625 tid=1054873 tipo=ompt_thread_worker     cpu=  8 numa=0  d_rm=     993  d_instr= 928309455  d_cyc= 533662407  d_all= 5023853  IPC=1.740  ratio_rm=0.0002
[OMPT][WIN100ms] ompt_id=1407374883553281 tid=1054874 tipo=ompt_thread_worker     cpu= 97 numa=1  d_rm=    9134  d_instr= 927410108  d_cyc= 532772025  d_all= 5065052  IPC=1.741  ratio_rm=0.0018
[OMPT][WIN100ms] ompt_id=1688849860263937 tid=1054875 tipo=ompt_thread_worker     cpu=250 numa=1  d_rm=   65563  d_instr= 921428928  d_cyc= 533655268  d_all= 5024278  IPC=1.727  ratio_rm=0.0130
[OMPT][WIN100ms] ompt_id=1970324836974593 tid=1054876 tipo=ompt_thread_worker     cpu= 56 numa=0  d_rm=     918  d_instr= 926467979  d_cyc= 533748947  d_all= 5029519  IPC=1.736  ratio_rm=0.0002
[OMPT][WIN100ms] ompt_id=2251799813685249 tid=1054877 tipo=ompt_thread_worker     cpu=113 numa=1  d_rm=    5028  d_instr= 855371109  d_cyc= 541544437  d_all= 5030220  IPC=1.580  ratio_rm=0.0010
[OMPT][WIN100ms] ompt_id=2533274790395905 tid=1054878 tipo=ompt_thread_worker     cpu= 65 numa=1  d_rm=   11322  d_instr= 925251113  d_cyc= 533794300  d_all= 5068595  IPC=1.733  ratio_rm=0.0022
[OMPT][WIN100ms] ompt_id=2814749767106561 tid=1054879 tipo=ompt_thread_worker     cpu= 88 numa=1  d_rm=    3593  d_instr= 924177200  d_cyc= 533317664  d_all= 5047634  IPC=1.733  ratio_rm=0.0007
[OMPT][WIN100ms] ompt_id=3096224743817217 tid=1054880 tipo=ompt_thread_worker     cpu=165 numa=0  d_rm=     957  d_instr= 924353689  d_cyc= 534373575  d_all= 5025601  IPC=1.730  ratio_rm=0.0002
[OMPT][WIN100ms] ompt_id=3377699720527873 tid=1054881 tipo=ompt_thread_worker     cpu=239 numa=1  d_rm=   20078  d_instr= 925231226  d_cyc= 534291513  d_all= 5082030  IPC=1.732  ratio_rm=0.0040
[OMPT][WIN100ms] ompt_id=3659174697238529 tid=1054882 tipo=ompt_thread_worker     cpu=247 numa=1  d_rm=   20580  d_instr= 928413133  d_cyc= 534596853  d_all= 5082722  IPC=1.737  ratio_rm=0.0040
[OMPT][WIN100ms] ompt_id=3940649673949185 tid=1054883 tipo=ompt_thread_worker     cpu= 75 numa=1  d_rm=    2651  d_instr= 923403633  d_cyc= 533531128  d_all= 5029859  IPC=1.731  ratio_rm=0.0005
[OMPT][WIN100ms] ompt_id=4222124650659841 tid=1054884 tipo=ompt_thread_worker     cpu=112 numa=1  d_rm=    1855  d_instr= 926912376  d_cyc= 533803494  d_all= 5060975  IPC=1.736  ratio_rm=0.0004
[OMPT][WIN100ms] ompt_id=4503599627370497 tid=1054885 tipo=ompt_thread_worker     cpu=223 numa=1  d_rm=   18364  d_instr= 926288913  d_cyc= 534177030  d_all= 5050178  IPC=1.734  ratio_rm=0.0036
[OMPT][WIN100ms] ompt_id=4785074604081153 tid=1054886 tipo=ompt_thread_worker     cpu= 89 numa=1  d_rm=    2142  d_instr= 924236540  d_cyc= 532823532  d_all= 5050125  IPC=1.735  ratio_rm=0.0004
[OMPT][WIN100ms] ompt_id=5066549580791809 tid=1054887 tipo=ompt_thread_worker     cpu=248 numa=1  d_rm=   62703  d_instr= 922101527  d_cyc= 534129858  d_all= 5111914  IPC=1.726  ratio_rm=0.0123
[OMPT][WIN100ms] ompt_id=5348024557502465 tid=1054888 tipo=ompt_thread_worker     cpu=127 numa=1  d_rm=    3723  d_instr= 783716102  d_cyc= 552801768  d_all= 5048601  IPC=1.418  ratio_rm=0.0007
[OMPT][WIN100ms] ompt_id=5629499534213121 tid=1054889 tipo=ompt_thread_worker     cpu= 76 numa=1  d_rm=   11244  d_instr= 925139398  d_cyc= 535604878  d_all= 5035996  IPC=1.727  ratio_rm=0.0022
[OMPT][WIN100ms] ompt_id=5910974510923777 tid=1054890 tipo=ompt_thread_worker     cpu=126 numa=1  d_rm=    7604  d_instr= 787795074  d_cyc= 551465957  d_all= 5047921  IPC=1.429  ratio_rm=0.0015
[OMPT][WIN100ms] ompt_id=6192449487634433 tid=1054891 tipo=ompt_thread_worker     cpu= 79 numa=1  d_rm=    8840  d_instr= 924859128  d_cyc= 534771680  d_all= 5040320  IPC=1.729  ratio_rm=0.0018
[OMPT][WIN100ms] ompt_id=6473924464345089 tid=1054892 tipo=ompt_thread_worker     cpu=254 numa=1  d_rm=    4753  d_instr= 787495293  d_cyc= 552568426  d_all= 5035957  IPC=1.425  ratio_rm=0.0009
[OMPT][WIN100ms] ompt_id=6755399441055745 tid=1054893 tipo=ompt_thread_worker     cpu=252 numa=1  d_rm=   13158  d_instr= 925406922  d_cyc= 535087307  d_all= 5048533  IPC=1.729  ratio_rm=0.0026
[OMPT][WIN100ms] ompt_id=7036874417766401 tid=1054894 tipo=ompt_thread_worker     cpu= 72 numa=1  d_rm=    2686  d_instr= 925322702  d_cyc= 534036474  d_all= 5031809  IPC=1.733  ratio_rm=0.0005
[OMPT][WIN100ms] ompt_id=7318349394477057 tid=1054895 tipo=ompt_thread_worker     cpu=253 numa=1  d_rm=   15456  d_instr= 852698667  d_cyc= 543505709  d_all= 5036746  IPC=1.569  ratio_rm=0.0031
[OMPT][WIN100ms] ompt_id=7599824371187713 tid=1054896 tipo=ompt_thread_worker     cpu= 78 numa=1  d_rm=    3554  d_instr= 925336146  d_cyc= 534278190  d_all= 5031891  IPC=1.732  ratio_rm=0.0007
[OMPT][WIN100ms] ompt_id=7881299347898369 tid=1054897 tipo=ompt_thread_worker     cpu=249 numa=1  d_rm=   68493  d_instr= 922738508  d_cyc= 536470651  d_all= 5036059  IPC=1.720  ratio_rm=0.0136
[OMPT][WIN100ms] ompt_id=8162774324609025 tid=1054898 tipo=ompt_thread_worker     cpu= 80 numa=1  d_rm=   21321  d_instr= 930824799  d_cyc= 536531111  d_all= 5028035  IPC=1.735  ratio_rm=0.0042
[OMPT][WIN100ms] ompt_id=8444249301319681 tid=1054899 tipo=ompt_thread_worker     cpu=194 numa=1  d_rm=    9977  d_instr= 925485523  d_cyc= 536575407  d_all= 5054603  IPC=1.725  ratio_rm=0.0020
[OMPT][WIN100ms] ompt_id=8725724278030337 tid=1054900 tipo=ompt_thread_worker     cpu=251 numa=1  d_rm=   53434  d_instr= 922648189  d_cyc= 537200327  d_all= 5025131  IPC=1.718  ratio_rm=0.0106
[OMPT][WIN100ms] ompt_id=9007199254740993 tid=1054901 tipo=ompt_thread_worker     cpu= 77 numa=1  d_rm=   11671  d_instr= 926343649  d_cyc= 536398114  d_all= 5028279  IPC=1.727  ratio_rm=0.0023
[OMPT] implicit_task_begin: parallel_id=281474976710763 thread_num=10 team_size=32
[OMPT] implicit_task_begin: parallel_id=281474976710763 thread_num=12 team_size=32
[OMPT] implicit_task_begin: parallel_id=281474976710763 thread_num=14 team_size=32
[OMPT] implicit_task_begin: parallel_id=281474976710763 thread_num=7 team_size=32
[OMPT] implicit_task_begin: parallel_id=281474976710763 thread_num=28 team_size=32
[OMPT] implicit_task_begin: parallel_id=281474976710763 thread_num=20 team_size=32
[OMPT] implicit_task_begin: parallel_id=281474976710763 thread_num=29 team_size=32
[OMPT] implicit_task_begin: parallel_id=281474976710763 thread_num=26 team_size=32
[OMPT] implicit_task_begin: parallel_id=281474976710763 thread_num=13 team_size=32
[OMPT] implicit_task_begin: parallel_id=281474976710763 thread_num=31 team_size=32
[OMPT] implicit_task_begin: parallel_id=281474976710763 thread_num=19 team_size=32
[OMPT] implicit_task_begin: parallel_id=281474976710763 thread_num=21 team_size=32
[OMPT] implicit_task_begin: parallel_id=281474976710763 thread_num=24 team_size=32
[OMPT] implicit_task_begin: parallel_id=281474976710763 thread_num=22 team_size=32
[OMPT] implicit_task_begin: parallel_id=281474976710763 thread_num=25 team_size=32
[OMPT] implicit_task_begin: parallel_id=281474976710763 thread_num=17 team_size=32
[OMPT] implicit_task_begin: parallel_id=281474976710763 thread_num=5 team_size=32
[OMPT] implicit_task_begin: parallel_id=281474976710763 thread_num=27 team_size=32
[OMPT] implicit_task_begin: parallel_id=281474976710763 thread_num=23 team_size=32
[OMPT] implicit_task_begin: parallel_id=281474976710763 thread_num=0 team_size=32
[OMPT] implicit_task_begin: parallel_id=281474976710763 thread_num=18 team_size=32
[OMPT] implicit_task_begin: parallel_id=281474976710763 thread_num=30 team_size=32
[OMPT] implicit_task_begin: parallel_id=281474976710763 thread_num=9 team_size=32
[OMPT] implicit_task_begin: parallel_id=281474976710763 thread_num=15 team_size=32
[OMPT] implicit_task_begin: parallel_id=281474976710763 thread_num=16 team_size=32
[OMPT] implicit_task_begin: parallel_id=281474976710763 thread_num=11 team_size=32
[OMPT] implicit_task_begin: parallel_id=281474976710763 thread_num=8 team_size=32
[OMPT] implicit_task_begin: parallel_id=281474976710763 thread_num=1 team_size=32
[OMPT] implicit_task_begin: parallel_id=281474976710763 thread_num=4 team_size=32
[OMPT] implicit_task_begin: parallel_id=281474976710763 thread_num=3 team_size=32
[OMPT] implicit_task_begin: parallel_id=281474976710763 thread_num=6 team_size=32
[OMPT] implicit_task_begin: parallel_id=281474976710763 thread_num=2 team_size=32
[OMPT] implicit_task_end: parallel_id=0 thread_num=0
[OMPT] parallel_end: parallel_id=281474976710763
[OMPT] parallel_begin: parallel_id=281474976710765 team_size=32
[OMPT] implicit_task_end: parallel_id=0 thread_num=16
[OMPT] implicit_task_end: parallel_id=0 thread_num=1
[OMPT] implicit_task_end: parallel_id=0 thread_num=20
[OMPT] implicit_task_begin: parallel_id=281474976710765 thread_num=16 team_size=32
[OMPT] implicit_task_end: parallel_id=0 thread_num=23
[OMPT] implicit_task_begin: parallel_id=281474976710765 thread_num=1 team_size=32
[OMPT] implicit_task_end: parallel_id=0 thread_num=2
[OMPT] implicit_task_begin: parallel_id=281474976710765 thread_num=23 team_size=32
[OMPT] implicit_task_begin: parallel_id=281474976710765 thread_num=0 team_size=32
[OMPT] implicit_task_begin: parallel_id=281474976710765 thread_num=2 team_size=32
[OMPT] implicit_task_end: parallel_id=0 thread_num=19
[OMPT] implicit_task_end: parallel_id=0 thread_num=24
[OMPT] implicit_task_end: parallel_id=0 thread_num=27
[OMPT] implicit_task_begin: parallel_id=281474976710765 thread_num=19 team_size=32
[OMPT] implicit_task_end: parallel_id=0 thread_num=28
[OMPT] implicit_task_end: parallel_id=0 thread_num=22
[OMPT] implicit_task_end: parallel_id=0 thread_num=30
[OMPT] implicit_task_begin: parallel_id=281474976710765 thread_num=28 team_size=32
[OMPT] implicit_task_begin: parallel_id=281474976710765 thread_num=22 team_size=32
[OMPT] implicit_task_end: parallel_id=0 thread_num=8
[OMPT] implicit_task_end: parallel_id=0 thread_num=4
[OMPT] implicit_task_begin: parallel_id=281474976710765 thread_num=8 team_size=32
[OMPT] implicit_task_end: parallel_id=0 thread_num=7
[OMPT] implicit_task_begin: parallel_id=281474976710765 thread_num=4 team_size=32
[OMPT] implicit_task_end: parallel_id=0 thread_num=26
[OMPT] implicit_task_end: parallel_id=0 thread_num=25
[OMPT] implicit_task_begin: parallel_id=281474976710765 thread_num=26 team_size=32
[OMPT] implicit_task_end: parallel_id=0 thread_num=17
[OMPT] implicit_task_begin: parallel_id=281474976710765 thread_num=17 team_size=32
[OMPT] implicit_task_begin: parallel_id=281474976710765 thread_num=27 team_size=32
[OMPT] implicit_task_end: parallel_id=0 thread_num=18
[OMPT] implicit_task_begin: parallel_id=281474976710765 thread_num=18 team_size=32
[OMPT] implicit_task_end: parallel_id=0 thread_num=31
[OMPT] implicit_task_begin: parallel_id=281474976710765 thread_num=31 team_size=32
[OMPT] implicit_task_end: parallel_id=0 thread_num=29
[OMPT] implicit_task_begin: parallel_id=281474976710765 thread_num=29 team_size=32
[OMPT] implicit_task_end: parallel_id=0 thread_num=21
[OMPT] implicit_task_begin: parallel_id=281474976710765 thread_num=21 team_size=32
[OMPT] implicit_task_end: parallel_id=0 thread_num=12
[OMPT] implicit_task_end: parallel_id=0 thread_num=15
[OMPT] implicit_task_begin: parallel_id=281474976710765 thread_num=12 team_size=32
[OMPT] implicit_task_begin: parallel_id=281474976710765 thread_num=15 team_size=32
[OMPT] implicit_task_end: parallel_id=0 thread_num=11
[OMPT] implicit_task_end: parallel_id=0 thread_num=9
[OMPT] implicit_task_begin: parallel_id=281474976710765 thread_num=11 team_size=32
[OMPT] implicit_task_begin: parallel_id=281474976710765 thread_num=9 team_size=32
[OMPT] implicit_task_begin: parallel_id=281474976710765 thread_num=20 team_size=32
[OMPT] implicit_task_end: parallel_id=0 thread_num=5
[OMPT] implicit_task_begin: parallel_id=281474976710765 thread_num=5 team_size=32
[OMPT] implicit_task_end: parallel_id=0 thread_num=3
[OMPT] implicit_task_begin: parallel_id=281474976710765 thread_num=7 team_size=32
[OMPT] implicit_task_begin: parallel_id=281474976710765 thread_num=25 team_size=32
[OMPT] implicit_task_begin: parallel_id=281474976710765 thread_num=24 team_size=32
[OMPT] implicit_task_end: parallel_id=0 thread_num=14
[OMPT] implicit_task_end: parallel_id=0 thread_num=13
[OMPT] implicit_task_begin: parallel_id=281474976710765 thread_num=30 team_size=32
[OMPT] implicit_task_begin: parallel_id=281474976710765 thread_num=13 team_size=32
[OMPT] implicit_task_end: parallel_id=0 thread_num=10
[OMPT] implicit_task_begin: parallel_id=281474976710765 thread_num=10 team_size=32
[OMPT] implicit_task_begin: parallel_id=281474976710765 thread_num=3 team_size=32
[OMPT] implicit_task_begin: parallel_id=281474976710765 thread_num=14 team_size=32
[OMPT] implicit_task_end: parallel_id=0 thread_num=6
[OMPT] implicit_task_begin: parallel_id=281474976710765 thread_num=6 team_size=32
[OMPT] implicit_task_end: parallel_id=0 thread_num=0
[OMPT] parallel_end: parallel_id=281474976710765
[OMPT] parallel_begin: parallel_id=281474976710767 team_size=32
[OMPT] implicit_task_end: parallel_id=0 thread_num=16
[OMPT] implicit_task_end: parallel_id=0 thread_num=2
[OMPT] implicit_task_begin: parallel_id=281474976710767 thread_num=0 team_size=32
[OMPT] implicit_task_end: parallel_id=0 thread_num=19
[OMPT] implicit_task_begin: parallel_id=281474976710767 thread_num=16 team_size=32
[OMPT] implicit_task_end: parallel_id=0 thread_num=8
[OMPT] implicit_task_begin: parallel_id=281474976710767 thread_num=19 team_size=32
[OMPT] implicit_task_end: parallel_id=0 thread_num=1
[OMPT] implicit_task_begin: parallel_id=281474976710767 thread_num=8 team_size=32
[OMPT] implicit_task_end: parallel_id=0 thread_num=24
[OMPT] implicit_task_begin: parallel_id=281474976710767 thread_num=1 team_size=32
[OMPT] implicit_task_end: parallel_id=0 thread_num=26
[OMPT] implicit_task_end: parallel_id=0 thread_num=20
[OMPT] implicit_task_end: parallel_id=0 thread_num=23
[OMPT] implicit_task_begin: parallel_id=281474976710767 thread_num=20 team_size=32
[OMPT] implicit_task_end: parallel_id=0 thread_num=22
[OMPT] implicit_task_begin: parallel_id=281474976710767 thread_num=23 team_size=32
[OMPT] implicit_task_end: parallel_id=0 thread_num=11
[OMPT] implicit_task_begin: parallel_id=281474976710767 thread_num=22 team_size=32
[OMPT] implicit_task_begin: parallel_id=281474976710767 thread_num=11 team_size=32
[OMPT] implicit_task_end: parallel_id=0 thread_num=9
[OMPT] implicit_task_begin: parallel_id=281474976710767 thread_num=9 team_size=32
[OMPT] implicit_task_end: parallel_id=0 thread_num=17
[OMPT] implicit_task_begin: parallel_id=281474976710767 thread_num=17 team_size=32
[OMPT] implicit_task_end: parallel_id=0 thread_num=18
[OMPT] implicit_task_begin: parallel_id=281474976710767 thread_num=18 team_size=32
[OMPT] implicit_task_end: parallel_id=0 thread_num=27
[OMPT] implicit_task_begin: parallel_id=281474976710767 thread_num=27 team_size=32
[OMPT] implicit_task_end: parallel_id=0 thread_num=25
[OMPT] implicit_task_begin: parallel_id=281474976710767 thread_num=25 team_size=32
[OMPT] implicit_task_begin: parallel_id=281474976710767 thread_num=24 team_size=32
[OMPT] implicit_task_end: parallel_id=0 thread_num=12
[OMPT] implicit_task_end: parallel_id=0 thread_num=14
[OMPT] implicit_task_begin: parallel_id=281474976710767 thread_num=26 team_size=32
[OMPT] implicit_task_begin: parallel_id=281474976710767 thread_num=12 team_size=32
[OMPT] implicit_task_end: parallel_id=0 thread_num=21
[OMPT] implicit_task_begin: parallel_id=281474976710767 thread_num=21 team_size=32
[OMPT] implicit_task_end: parallel_id=0 thread_num=4
[OMPT] implicit_task_end: parallel_id=0 thread_num=7
[OMPT] implicit_task_begin: parallel_id=281474976710767 thread_num=4 team_size=32
[OMPT] implicit_task_end: parallel_id=0 thread_num=3
[OMPT] implicit_task_begin: parallel_id=281474976710767 thread_num=7 team_size=32
[OMPT] implicit_task_end: parallel_id=0 thread_num=10
[OMPT] implicit_task_end: parallel_id=0 thread_num=28
[OMPT] implicit_task_end: parallel_id=0 thread_num=15
[OMPT] implicit_task_end: parallel_id=0 thread_num=31
[OMPT] implicit_task_begin: parallel_id=281474976710767 thread_num=28 team_size=32
[OMPT] implicit_task_begin: parallel_id=281474976710767 thread_num=15 team_size=32
[OMPT] implicit_task_begin: parallel_id=281474976710767 thread_num=31 team_size=32
[OMPT] implicit_task_end: parallel_id=0 thread_num=6
[OMPT] implicit_task_begin: parallel_id=281474976710767 thread_num=6 team_size=32
[OMPT] implicit_task_begin: parallel_id=281474976710767 thread_num=10 team_size=32
[OMPT] implicit_task_end: parallel_id=0 thread_num=30
[OMPT] implicit_task_begin: parallel_id=281474976710767 thread_num=30 team_size=32
[OMPT] implicit_task_end: parallel_id=0 thread_num=29
[OMPT] implicit_task_begin: parallel_id=281474976710767 thread_num=29 team_size=32
[OMPT] implicit_task_end: parallel_id=0 thread_num=13
[OMPT] implicit_task_begin: parallel_id=281474976710767 thread_num=13 team_size=32
[OMPT] implicit_task_begin: parallel_id=281474976710767 thread_num=14 team_size=32
[OMPT] implicit_task_begin: parallel_id=281474976710767 thread_num=2 team_size=32
[OMPT] implicit_task_end: parallel_id=0 thread_num=5
[OMPT] implicit_task_begin: parallel_id=281474976710767 thread_num=5 team_size=32
[OMPT] implicit_task_begin: parallel_id=281474976710767 thread_num=3 team_size=32
[OMPT] implicit_task_end: parallel_id=0 thread_num=0
[OMPT] parallel_end: parallel_id=281474976710767
[OMPT] parallel_begin: parallel_id=281474976710769 team_size=32
[OMPT] implicit_task_end: parallel_id=0 thread_num=12
[OMPT] implicit_task_end: parallel_id=0 thread_num=1
[OMPT] implicit_task_end: parallel_id=0 thread_num=13
[OMPT] implicit_task_end: parallel_id=0 thread_num=16
[OMPT] implicit_task_end: parallel_id=0 thread_num=4
[OMPT] implicit_task_end: parallel_id=0 thread_num=28
[OMPT] implicit_task_begin: parallel_id=281474976710769 thread_num=1 team_size=32
[OMPT] implicit_task_end: parallel_id=0 thread_num=7
[OMPT] implicit_task_end: parallel_id=0 thread_num=29
[OMPT] implicit_task_end: parallel_id=0 thread_num=15
[OMPT] implicit_task_begin: parallel_id=281474976710769 thread_num=28 team_size=32
[OMPT] implicit_task_begin: parallel_id=281474976710769 thread_num=0 team_size=32
[OMPT] implicit_task_begin: parallel_id=281474976710769 thread_num=12 team_size=32
[OMPT] implicit_task_end: parallel_id=0 thread_num=2
[OMPT] implicit_task_begin: parallel_id=281474976710769 thread_num=7 team_size=32
[OMPT] implicit_task_begin: parallel_id=281474976710769 thread_num=15 team_size=32
[OMPT] implicit_task_end: parallel_id=0 thread_num=20
[OMPT] implicit_task_begin: parallel_id=281474976710769 thread_num=2 team_size=32
[OMPT] implicit_task_end: parallel_id=0 thread_num=23
[OMPT] implicit_task_end: parallel_id=0 thread_num=18
[OMPT] implicit_task_begin: parallel_id=281474976710769 thread_num=13 team_size=32
[OMPT] implicit_task_begin: parallel_id=281474976710769 thread_num=23 team_size=32
[OMPT] implicit_task_end: parallel_id=0 thread_num=5
[OMPT] implicit_task_end: parallel_id=0 thread_num=6
[OMPT] implicit_task_begin: parallel_id=281474976710769 thread_num=6 team_size=32
[OMPT] implicit_task_begin: parallel_id=281474976710769 thread_num=4 team_size=32
[OMPT] implicit_task_end: parallel_id=0 thread_num=3
[OMPT] implicit_task_begin: parallel_id=281474976710769 thread_num=3 team_size=32
[OMPT] implicit_task_end: parallel_id=0 thread_num=14
[OMPT] implicit_task_begin: parallel_id=281474976710769 thread_num=14 team_size=32
[OMPT] implicit_task_begin: parallel_id=281474976710769 thread_num=29 team_size=32
[OMPT] implicit_task_end: parallel_id=0 thread_num=24
[OMPT] implicit_task_end: parallel_id=0 thread_num=27
[OMPT] implicit_task_begin: parallel_id=281474976710769 thread_num=24 team_size=32
[OMPT] implicit_task_end: parallel_id=0 thread_num=17
[OMPT] implicit_task_begin: parallel_id=281474976710769 thread_num=27 team_size=32
[OMPT] implicit_task_end: parallel_id=0 thread_num=19
[OMPT] implicit_task_begin: parallel_id=281474976710769 thread_num=17 team_size=32
[OMPT] implicit_task_end: parallel_id=0 thread_num=21
[OMPT] implicit_task_end: parallel_id=0 thread_num=22
[OMPT] implicit_task_begin: parallel_id=281474976710769 thread_num=21 team_size=32
[OMPT] implicit_task_begin: parallel_id=281474976710769 thread_num=20 team_size=32
[OMPT] implicit_task_begin: parallel_id=281474976710769 thread_num=22 team_size=32
[OMPT] implicit_task_end: parallel_id=0 thread_num=8
[OMPT] implicit_task_end: parallel_id=0 thread_num=11
[OMPT] implicit_task_begin: parallel_id=281474976710769 thread_num=18 team_size=32
[OMPT] implicit_task_begin: parallel_id=281474976710769 thread_num=11 team_size=32
[OMPT] implicit_task_begin: parallel_id=281474976710769 thread_num=16 team_size=32
[OMPT] implicit_task_end: parallel_id=0 thread_num=26
[OMPT] implicit_task_end: parallel_id=0 thread_num=25
[OMPT] implicit_task_begin: parallel_id=281474976710769 thread_num=26 team_size=32
[OMPT] implicit_task_begin: parallel_id=281474976710769 thread_num=19 team_size=32
[OMPT] implicit_task_end: parallel_id=0 thread_num=9
[OMPT] implicit_task_begin: parallel_id=281474976710769 thread_num=9 team_size=32
[OMPT] implicit_task_end: parallel_id=0 thread_num=10
[OMPT] implicit_task_begin: parallel_id=281474976710769 thread_num=10 team_size=32
[OMPT] implicit_task_begin: parallel_id=281474976710769 thread_num=8 team_size=32
[OMPT] implicit_task_begin: parallel_id=281474976710769 thread_num=5 team_size=32
[OMPT] implicit_task_end: parallel_id=0 thread_num=30
[OMPT] implicit_task_begin: parallel_id=281474976710769 thread_num=30 team_size=32
[OMPT] implicit_task_end: parallel_id=0 thread_num=31
[OMPT] implicit_task_begin: parallel_id=281474976710769 thread_num=31 team_size=32
[OMPT] implicit_task_begin: parallel_id=281474976710769 thread_num=25 team_size=32
[OMPT] implicit_task_end: parallel_id=0 thread_num=0
[OMPT] parallel_end: parallel_id=281474976710769
[OMPT] parallel_begin: parallel_id=281474976710771 team_size=32
[OMPT] implicit_task_end: parallel_id=0 thread_num=16
[OMPT] implicit_task_end: parallel_id=0 thread_num=3
[OMPT] implicit_task_end: parallel_id=0 thread_num=28
[OMPT] implicit_task_end: parallel_id=0 thread_num=17
[OMPT] implicit_task_begin: parallel_id=281474976710771 thread_num=16 team_size=32
[OMPT] implicit_task_end: parallel_id=0 thread_num=31
[OMPT] implicit_task_end: parallel_id=0 thread_num=4
[OMPT] implicit_task_end: parallel_id=0 thread_num=7
[OMPT] implicit_task_begin: parallel_id=281474976710771 thread_num=0 team_size=32
[OMPT] implicit_task_end: parallel_id=0 thread_num=19
[OMPT] implicit_task_end: parallel_id=0 thread_num=24
[OMPT] implicit_task_end: parallel_id=0 thread_num=26
[OMPT] implicit_task_begin: parallel_id=281474976710771 thread_num=24 team_size=32
[OMPT] implicit_task_end: parallel_id=0 thread_num=12
[OMPT] implicit_task_end: parallel_id=0 thread_num=30
[OMPT] implicit_task_end: parallel_id=0 thread_num=14
[OMPT] implicit_task_begin: parallel_id=281474976710771 thread_num=3 team_size=32
[OMPT] implicit_task_end: parallel_id=0 thread_num=8
[OMPT] implicit_task_begin: parallel_id=281474976710771 thread_num=14 team_size=32
[OMPT] implicit_task_end: parallel_id=0 thread_num=10
[OMPT] implicit_task_begin: parallel_id=281474976710771 thread_num=8 team_size=32
[OMPT] implicit_task_begin: parallel_id=281474976710771 thread_num=10 team_size=32
[OMPT] implicit_task_end: parallel_id=0 thread_num=5
[OMPT] implicit_task_end: parallel_id=0 thread_num=6
[OMPT] implicit_task_begin: parallel_id=281474976710771 thread_num=5 team_size=32
[OMPT] implicit_task_begin: parallel_id=281474976710771 thread_num=6 team_size=32
[OMPT] implicit_task_begin: parallel_id=281474976710771 thread_num=7 team_size=32
[OMPT] implicit_task_end: parallel_id=0 thread_num=27
[OMPT] implicit_task_end: parallel_id=0 thread_num=25
[OMPT] implicit_task_begin: parallel_id=281474976710771 thread_num=27 team_size=32
[OMPT] implicit_task_begin: parallel_id=281474976710771 thread_num=19 team_size=32
[OMPT] implicit_task_begin: parallel_id=281474976710771 thread_num=25 team_size=32
[OMPT] implicit_task_begin: parallel_id=281474976710771 thread_num=26 team_size=32
[OMPT] implicit_task_end: parallel_id=0 thread_num=15
[OMPT] implicit_task_end: parallel_id=0 thread_num=13
[OMPT] implicit_task_begin: parallel_id=281474976710771 thread_num=15 team_size=32
[OMPT] implicit_task_begin: parallel_id=281474976710771 thread_num=12 team_size=32
[OMPT] implicit_task_end: parallel_id=0 thread_num=2
[OMPT] implicit_task_begin: parallel_id=281474976710771 thread_num=2 team_size=32
[OMPT] implicit_task_end: parallel_id=0 thread_num=11
[OMPT] implicit_task_end: parallel_id=0 thread_num=9
[OMPT] implicit_task_begin: parallel_id=281474976710771 thread_num=11 team_size=32
[OMPT] implicit_task_begin: parallel_id=281474976710771 thread_num=9 team_size=32
[OMPT] implicit_task_begin: parallel_id=281474976710771 thread_num=17 team_size=32
[OMPT] implicit_task_begin: parallel_id=281474976710771 thread_num=31 team_size=32
[OMPT] implicit_task_end: parallel_id=0 thread_num=1
[OMPT] implicit_task_begin: parallel_id=281474976710771 thread_num=1 team_size=32
[OMPT] implicit_task_end: parallel_id=0 thread_num=20
[OMPT] implicit_task_end: parallel_id=0 thread_num=23
[OMPT] implicit_task_begin: parallel_id=281474976710771 thread_num=20 team_size=32
[OMPT] implicit_task_begin: parallel_id=281474976710771 thread_num=4 team_size=32
[OMPT] implicit_task_begin: parallel_id=281474976710771 thread_num=23 team_size=32
[OMPT] implicit_task_end: parallel_id=0 thread_num=18
[OMPT] implicit_task_end: parallel_id=0 thread_num=29
[OMPT] implicit_task_begin: parallel_id=281474976710771 thread_num=18 team_size=32
[OMPT] implicit_task_begin: parallel_id=281474976710771 thread_num=29 team_size=32
[OMPT] implicit_task_begin: parallel_id=281474976710771 thread_num=30 team_size=32
[OMPT] implicit_task_begin: parallel_id=281474976710771 thread_num=28 team_size=32
[OMPT] implicit_task_end: parallel_id=0 thread_num=22
[OMPT] implicit_task_end: parallel_id=0 thread_num=21
[OMPT] implicit_task_begin: parallel_id=281474976710771 thread_num=22 team_size=32
[OMPT] implicit_task_begin: parallel_id=281474976710771 thread_num=21 team_size=32
[OMPT] implicit_task_begin: parallel_id=281474976710771 thread_num=13 team_size=32
[OMPT] implicit_task_end: parallel_id=0 thread_num=0
[OMPT] parallel_end: parallel_id=281474976710771
[OMPT] parallel_begin: parallel_id=281474976710773 team_size=32
[OMPT] implicit_task_end: parallel_id=0 thread_num=16
[OMPT] implicit_task_end: parallel_id=0 thread_num=4
[OMPT] implicit_task_begin: parallel_id=281474976710773 thread_num=0 team_size=32
[OMPT] implicit_task_end: parallel_id=0 thread_num=24
[OMPT] implicit_task_end: parallel_id=0 thread_num=6
[OMPT] implicit_task_begin: parallel_id=281474976710773 thread_num=4 team_size=32
[OMPT] implicit_task_end: parallel_id=0 thread_num=27
[OMPT] implicit_task_end: parallel_id=0 thread_num=3
[OMPT] implicit_task_begin: parallel_id=281474976710773 thread_num=6 team_size=32
[OMPT] implicit_task_begin: parallel_id=281474976710773 thread_num=27 team_size=32
[OMPT] implicit_task_end: parallel_id=0 thread_num=28
[OMPT] implicit_task_end: parallel_id=0 thread_num=30
[OMPT] implicit_task_end: parallel_id=0 thread_num=18
[OMPT] implicit_task_begin: parallel_id=281474976710773 thread_num=28 team_size=32
[OMPT] implicit_task_end: parallel_id=0 thread_num=5
[OMPT] implicit_task_end: parallel_id=0 thread_num=12
[OMPT] implicit_task_end: parallel_id=0 thread_num=8
[OMPT] implicit_task_end: parallel_id=0 thread_num=13
[OMPT] implicit_task_begin: parallel_id=281474976710773 thread_num=16 team_size=32
[OMPT] implicit_task_begin: parallel_id=281474976710773 thread_num=12 team_size=32
[OMPT] implicit_task_begin: parallel_id=281474976710773 thread_num=13 team_size=32
[OMPT] implicit_task_end: parallel_id=0 thread_num=25
[OMPT] implicit_task_end: parallel_id=0 thread_num=2
[OMPT] implicit_task_end: parallel_id=0 thread_num=20
[OMPT] implicit_task_end: parallel_id=0 thread_num=19
[OMPT] implicit_task_begin: parallel_id=281474976710773 thread_num=2 team_size=32
[OMPT] implicit_task_begin: parallel_id=281474976710773 thread_num=20 team_size=32
[OMPT] implicit_task_end: parallel_id=0 thread_num=29
[OMPT] implicit_task_end: parallel_id=0 thread_num=31
[OMPT] implicit_task_end: parallel_id=0 thread_num=17
[OMPT] implicit_task_begin: parallel_id=281474976710773 thread_num=31 team_size=32
[OMPT] implicit_task_begin: parallel_id=281474976710773 thread_num=18 team_size=32
[OMPT] implicit_task_end: parallel_id=0 thread_num=15
[OMPT] implicit_task_end: parallel_id=0 thread_num=14
[OMPT] implicit_task_begin: parallel_id=281474976710773 thread_num=5 team_size=32
[OMPT] implicit_task_begin: parallel_id=281474976710773 thread_num=15 team_size=32
[OMPT] implicit_task_begin: parallel_id=281474976710773 thread_num=14 team_size=32
[OMPT] implicit_task_end: parallel_id=0 thread_num=11
[OMPT] implicit_task_end: parallel_id=0 thread_num=9
[OMPT] implicit_task_end: parallel_id=0 thread_num=1
[OMPT] implicit_task_begin: parallel_id=281474976710773 thread_num=9 team_size=32
[OMPT] implicit_task_begin: parallel_id=281474976710773 thread_num=1 team_size=32
[OMPT] implicit_task_begin: parallel_id=281474976710773 thread_num=24 team_size=32
[OMPT] implicit_task_begin: parallel_id=281474976710773 thread_num=25 team_size=32
[OMPT] implicit_task_end: parallel_id=0 thread_num=23
[OMPT] implicit_task_begin: parallel_id=281474976710773 thread_num=23 team_size=32
[OMPT] implicit_task_end: parallel_id=0 thread_num=22
[OMPT] implicit_task_begin: parallel_id=281474976710773 thread_num=19 team_size=32
[OMPT] implicit_task_begin: parallel_id=281474976710773 thread_num=3 team_size=32
[OMPT] implicit_task_begin: parallel_id=281474976710773 thread_num=29 team_size=32
[OMPT] implicit_task_end: parallel_id=0 thread_num=7
[OMPT] implicit_task_begin: parallel_id=281474976710773 thread_num=30 team_size=32
[OMPT] implicit_task_begin: parallel_id=281474976710773 thread_num=7 team_size=32
[OMPT] implicit_task_end: parallel_id=0 thread_num=26
[OMPT] implicit_task_end: parallel_id=0 thread_num=10
[OMPT] implicit_task_begin: parallel_id=281474976710773 thread_num=11 team_size=32
[OMPT] implicit_task_begin: parallel_id=281474976710773 thread_num=10 team_size=32
[OMPT] implicit_task_begin: parallel_id=281474976710773 thread_num=8 team_size=32
[OMPT] implicit_task_end: parallel_id=0 thread_num=21
[OMPT] implicit_task_begin: parallel_id=281474976710773 thread_num=22 team_size=32
[OMPT] implicit_task_begin: parallel_id=281474976710773 thread_num=17 team_size=32
[OMPT] implicit_task_begin: parallel_id=281474976710773 thread_num=26 team_size=32
[OMPT] implicit_task_begin: parallel_id=281474976710773 thread_num=21 team_size=32
[OMPT] implicit_task_end: parallel_id=0 thread_num=0
[OMPT] parallel_end: parallel_id=281474976710773
[OMPT] parallel_begin: parallel_id=281474976710775 team_size=32
[OMPT] implicit_task_end: parallel_id=0 thread_num=16
[OMPT] implicit_task_end: parallel_id=0 thread_num=3
[OMPT] implicit_task_end: parallel_id=0 thread_num=17
[OMPT] implicit_task_begin: parallel_id=281474976710775 thread_num=0 team_size=32
[OMPT] implicit_task_end: parallel_id=0 thread_num=12
[OMPT] implicit_task_begin: parallel_id=281474976710775 thread_num=17 team_size=32
[OMPT] implicit_task_end: parallel_id=0 thread_num=15
[OMPT] implicit_task_end: parallel_id=0 thread_num=2
[OMPT] implicit_task_end: parallel_id=0 thread_num=1
[OMPT] implicit_task_begin: parallel_id=281474976710775 thread_num=12 team_size=32
[OMPT] implicit_task_begin: parallel_id=281474976710775 thread_num=15 team_size=32
[OMPT] implicit_task_end: parallel_id=0 thread_num=18
[OMPT] implicit_task_end: parallel_id=0 thread_num=19
[OMPT] implicit_task_begin: parallel_id=281474976710775 thread_num=16 team_size=32
[OMPT] implicit_task_begin: parallel_id=281474976710775 thread_num=1 team_size=32
[OMPT] implicit_task_end: parallel_id=0 thread_num=8
[OMPT] implicit_task_begin: parallel_id=281474976710775 thread_num=19 team_size=32
[OMPT] implicit_task_end: parallel_id=0 thread_num=13
[OMPT] implicit_task_begin: parallel_id=281474976710775 thread_num=8 team_size=32
[OMPT] implicit_task_end: parallel_id=0 thread_num=24
[OMPT] implicit_task_end: parallel_id=0 thread_num=20
[OMPT] implicit_task_end: parallel_id=0 thread_num=26
[OMPT] implicit_task_end: parallel_id=0 thread_num=23
[OMPT] implicit_task_begin: parallel_id=281474976710775 thread_num=2 team_size=32
[OMPT] implicit_task_begin: parallel_id=281474976710775 thread_num=3 team_size=32
[OMPT] implicit_task_end: parallel_id=0 thread_num=14
[OMPT] implicit_task_begin: parallel_id=281474976710775 thread_num=23 team_size=32
[OMPT] implicit_task_end: parallel_id=0 thread_num=9
[OMPT] implicit_task_begin: parallel_id=281474976710775 thread_num=14 team_size=32
[OMPT] implicit_task_end: parallel_id=0 thread_num=4
[OMPT] implicit_task_begin: parallel_id=281474976710775 thread_num=9 team_size=32
[OMPT] implicit_task_begin: parallel_id=281474976710775 thread_num=13 team_size=32
[OMPT] implicit_task_begin: parallel_id=281474976710775 thread_num=4 team_size=32
[OMPT] implicit_task_end: parallel_id=0 thread_num=6
[OMPT] implicit_task_end: parallel_id=0 thread_num=25
[OMPT] implicit_task_end: parallel_id=0 thread_num=22
[OMPT] implicit_task_begin: parallel_id=281474976710775 thread_num=6 team_size=32
[OMPT] implicit_task_begin: parallel_id=281474976710775 thread_num=20 team_size=32
[OMPT] implicit_task_begin: parallel_id=281474976710775 thread_num=22 team_size=32
[OMPT] implicit_task_begin: parallel_id=281474976710775 thread_num=18 team_size=32
[OMPT] implicit_task_end: parallel_id=0 thread_num=10
[OMPT] implicit_task_begin: parallel_id=281474976710775 thread_num=10 team_size=32
[OMPT] implicit_task_end: parallel_id=0 thread_num=7
[OMPT] implicit_task_begin: parallel_id=281474976710775 thread_num=7 team_size=32
[OMPT] implicit_task_end: parallel_id=0 thread_num=5
[OMPT] implicit_task_begin: parallel_id=281474976710775 thread_num=5 team_size=32
[OMPT] implicit_task_end: parallel_id=0 thread_num=28
[OMPT] implicit_task_end: parallel_id=0 thread_num=31
[OMPT] implicit_task_begin: parallel_id=281474976710775 thread_num=24 team_size=32
[OMPT] implicit_task_begin: parallel_id=281474976710775 thread_num=28 team_size=32
[OMPT] implicit_task_begin: parallel_id=281474976710775 thread_num=31 team_size=32
[OMPT] implicit_task_begin: parallel_id=281474976710775 thread_num=25 team_size=32
[OMPT] implicit_task_begin: parallel_id=281474976710775 thread_num=26 team_size=32
[OMPT] implicit_task_end: parallel_id=0 thread_num=11
[OMPT] implicit_task_end: parallel_id=0 thread_num=27
[OMPT] implicit_task_begin: parallel_id=281474976710775 thread_num=11 team_size=32
[OMPT] implicit_task_begin: parallel_id=281474976710775 thread_num=27 team_size=32
[OMPT] implicit_task_end: parallel_id=0 thread_num=21
[OMPT] implicit_task_end: parallel_id=0 thread_num=30
[OMPT] implicit_task_begin: parallel_id=281474976710775 thread_num=21 team_size=32
[OMPT] implicit_task_end: parallel_id=0 thread_num=29
[OMPT] implicit_task_begin: parallel_id=281474976710775 thread_num=29 team_size=32
[OMPT] implicit_task_begin: parallel_id=281474976710775 thread_num=30 team_size=32
[OMPT] implicit_task_end: parallel_id=0 thread_num=0
[OMPT] parallel_end: parallel_id=281474976710775
[OMPT] parallel_begin: parallel_id=281474976710777 team_size=32
[OMPT] implicit_task_end: parallel_id=0 thread_num=16
[OMPT] implicit_task_end: parallel_id=0 thread_num=4
[OMPT] implicit_task_begin: parallel_id=281474976710777 thread_num=0 team_size=32
[OMPT] implicit_task_end: parallel_id=0 thread_num=7
[OMPT] implicit_task_end: parallel_id=0 thread_num=8
[OMPT] implicit_task_begin: parallel_id=281474976710777 thread_num=16 team_size=32
[OMPT] implicit_task_end: parallel_id=0 thread_num=1
[OMPT] implicit_task_end: parallel_id=0 thread_num=10
[OMPT] implicit_task_begin: parallel_id=281474976710777 thread_num=7 team_size=32
[OMPT] implicit_task_begin: parallel_id=281474976710777 thread_num=8 team_size=32
[OMPT] implicit_task_end: parallel_id=0 thread_num=19
[OMPT] implicit_task_end: parallel_id=0 thread_num=20
[OMPT] implicit_task_end: parallel_id=0 thread_num=23
[OMPT] implicit_task_end: parallel_id=0 thread_num=18
[OMPT] implicit_task_end: parallel_id=0 thread_num=17
[OMPT] implicit_task_end: parallel_id=0 thread_num=5
[OMPT] implicit_task_begin: parallel_id=281474976710777 thread_num=17 team_size=32
[OMPT] implicit_task_end: parallel_id=0 thread_num=12
[OMPT] implicit_task_end: parallel_id=0 thread_num=9
[OMPT] implicit_task_end: parallel_id=0 thread_num=15
[OMPT] implicit_task_end: parallel_id=0 thread_num=13
[OMPT] implicit_task_begin: parallel_id=281474976710777 thread_num=9 team_size=32
[OMPT] implicit_task_begin: parallel_id=281474976710777 thread_num=15 team_size=32
[OMPT] implicit_task_end: parallel_id=0 thread_num=2
[OMPT] implicit_task_begin: parallel_id=281474976710777 thread_num=1 team_size=32
[OMPT] implicit_task_begin: parallel_id=281474976710777 thread_num=2 team_size=32
[OMPT] implicit_task_end: parallel_id=0 thread_num=24
[OMPT] implicit_task_end: parallel_id=0 thread_num=27
[OMPT] implicit_task_begin: parallel_id=281474976710777 thread_num=24 team_size=32
[OMPT] implicit_task_end: parallel_id=0 thread_num=22
[OMPT] implicit_task_begin: parallel_id=281474976710777 thread_num=27 team_size=32
[OMPT] implicit_task_begin: parallel_id=281474976710777 thread_num=19 team_size=32
[OMPT] implicit_task_begin: parallel_id=281474976710777 thread_num=22 team_size=32
[OMPT] implicit_task_begin: parallel_id=281474976710777 thread_num=20 team_size=32
[OMPT] implicit_task_begin: parallel_id=281474976710777 thread_num=23 team_size=32
[OMPT] implicit_task_begin: parallel_id=281474976710777 thread_num=18 team_size=32
[OMPT] implicit_task_begin: parallel_id=281474976710777 thread_num=5 team_size=32
[OMPT] implicit_task_end: parallel_id=0 thread_num=6
[OMPT] implicit_task_begin: parallel_id=281474976710777 thread_num=6 team_size=32
[OMPT] implicit_task_begin: parallel_id=281474976710777 thread_num=12 team_size=32
[OMPT] implicit_task_begin: parallel_id=281474976710777 thread_num=4 team_size=32
[OMPT] implicit_task_end: parallel_id=0 thread_num=3
[OMPT] implicit_task_begin: parallel_id=281474976710777 thread_num=3 team_size=32
[OMPT] implicit_task_end: parallel_id=0 thread_num=28
[OMPT] implicit_task_end: parallel_id=0 thread_num=31
[OMPT] implicit_task_begin: parallel_id=281474976710777 thread_num=28 team_size=32
[OMPT] implicit_task_begin: parallel_id=281474976710777 thread_num=13 team_size=32
[OMPT] implicit_task_end: parallel_id=0 thread_num=26
[OMPT] implicit_task_begin: parallel_id=281474976710777 thread_num=26 team_size=32
[OMPT] implicit_task_begin: parallel_id=281474976710777 thread_num=10 team_size=32
[OMPT] implicit_task_end: parallel_id=0 thread_num=21
[OMPT] implicit_task_end: parallel_id=0 thread_num=14
[OMPT] implicit_task_end: parallel_id=0 thread_num=11
[OMPT] implicit_task_begin: parallel_id=281474976710777 thread_num=14 team_size=32
[OMPT] implicit_task_end: parallel_id=0 thread_num=29
[OMPT] implicit_task_end: parallel_id=0 thread_num=30
[OMPT] implicit_task_begin: parallel_id=281474976710777 thread_num=31 team_size=32
[OMPT] implicit_task_begin: parallel_id=281474976710777 thread_num=30 team_size=32
[OMPT] implicit_task_end: parallel_id=0 thread_num=25
[OMPT] implicit_task_begin: parallel_id=281474976710777 thread_num=21 team_size=32
[OMPT] implicit_task_begin: parallel_id=281474976710777 thread_num=11 team_size=32
[OMPT] implicit_task_begin: parallel_id=281474976710777 thread_num=29 team_size=32
[OMPT] implicit_task_begin: parallel_id=281474976710777 thread_num=25 team_size=32
[OMPT] implicit_task_end: parallel_id=0 thread_num=0
[OMPT] parallel_end: parallel_id=281474976710777
[OMPT] parallel_begin: parallel_id=281474976710779 team_size=32
[OMPT] implicit_task_end: parallel_id=0 thread_num=16
[OMPT] implicit_task_end: parallel_id=0 thread_num=2
[OMPT] implicit_task_end: parallel_id=0 thread_num=24
[OMPT] implicit_task_end: parallel_id=0 thread_num=19
[OMPT] implicit_task_end: parallel_id=0 thread_num=27
[OMPT] implicit_task_end: parallel_id=0 thread_num=3
[OMPT] implicit_task_end: parallel_id=0 thread_num=4
[OMPT] implicit_task_begin: parallel_id=281474976710779 thread_num=3 team_size=32
[OMPT] implicit_task_end: parallel_id=0 thread_num=7
[OMPT] implicit_task_end: parallel_id=0 thread_num=20
[OMPT] implicit_task_end: parallel_id=0 thread_num=23
[OMPT] implicit_task_begin: parallel_id=281474976710779 thread_num=7 team_size=32
[OMPT] implicit_task_begin: parallel_id=281474976710779 thread_num=20 team_size=32
[OMPT] implicit_task_begin: parallel_id=281474976710779 thread_num=23 team_size=32
[OMPT] implicit_task_end: parallel_id=0 thread_num=12
[OMPT] implicit_task_end: parallel_id=0 thread_num=15
[OMPT] implicit_task_end: parallel_id=0 thread_num=26
[OMPT] implicit_task_end: parallel_id=0 thread_num=25
[OMPT] implicit_task_begin: parallel_id=281474976710779 thread_num=15 team_size=32
[OMPT] implicit_task_begin: parallel_id=281474976710779 thread_num=2 team_size=32
[OMPT] implicit_task_begin: parallel_id=281474976710779 thread_num=25 team_size=32
[OMPT] implicit_task_end: parallel_id=0 thread_num=8
[OMPT] implicit_task_begin: parallel_id=281474976710779 thread_num=19 team_size=32
[OMPT] implicit_task_begin: parallel_id=281474976710779 thread_num=8 team_size=32
[OMPT] implicit_task_end: parallel_id=0 thread_num=10
[OMPT] implicit_task_begin: parallel_id=281474976710779 thread_num=10 team_size=32
[OMPT] implicit_task_end: parallel_id=0 thread_num=5
[OMPT] implicit_task_begin: parallel_id=281474976710779 thread_num=0 team_size=32
[OMPT] implicit_task_begin: parallel_id=281474976710779 thread_num=4 team_size=32
[OMPT] implicit_task_end: parallel_id=0 thread_num=28
[OMPT] implicit_task_end: parallel_id=0 thread_num=30
[OMPT] implicit_task_begin: parallel_id=281474976710779 thread_num=28 team_size=32
[OMPT] implicit_task_end: parallel_id=0 thread_num=21
[OMPT] implicit_task_begin: parallel_id=281474976710779 thread_num=30 team_size=32
[OMPT] implicit_task_begin: parallel_id=281474976710779 thread_num=21 team_size=32
[OMPT] implicit_task_begin: parallel_id=281474976710779 thread_num=16 team_size=32
[OMPT] implicit_task_end: parallel_id=0 thread_num=14
[OMPT] implicit_task_end: parallel_id=0 thread_num=13
[OMPT] implicit_task_begin: parallel_id=281474976710779 thread_num=12 team_size=32
[OMPT] implicit_task_begin: parallel_id=281474976710779 thread_num=13 team_size=32
[OMPT] implicit_task_begin: parallel_id=281474976710779 thread_num=26 team_size=32
[OMPT] implicit_task_begin: parallel_id=281474976710779 thread_num=24 team_size=32
[OMPT] implicit_task_end: parallel_id=0 thread_num=11
[OMPT] implicit_task_begin: parallel_id=281474976710779 thread_num=27 team_size=32
[OMPT] implicit_task_begin: parallel_id=281474976710779 thread_num=11 team_size=32
[OMPT] implicit_task_end: parallel_id=0 thread_num=1
[OMPT] implicit_task_begin: parallel_id=281474976710779 thread_num=1 team_size=32
[OMPT] implicit_task_end: parallel_id=0 thread_num=6
[OMPT] implicit_task_begin: parallel_id=281474976710779 thread_num=6 team_size=32
[OMPT] implicit_task_end: parallel_id=0 thread_num=17
[OMPT] implicit_task_begin: parallel_id=281474976710779 thread_num=17 team_size=32
[OMPT] implicit_task_end: parallel_id=0 thread_num=31
[OMPT] implicit_task_begin: parallel_id=281474976710779 thread_num=31 team_size=32
[OMPT] implicit_task_end: parallel_id=0 thread_num=29
[OMPT] implicit_task_begin: parallel_id=281474976710779 thread_num=29 team_size=32
[OMPT] implicit_task_end: parallel_id=0 thread_num=22
[OMPT] implicit_task_begin: parallel_id=281474976710779 thread_num=22 team_size=32
[OMPT] implicit_task_end: parallel_id=0 thread_num=18
[OMPT] implicit_task_begin: parallel_id=281474976710779 thread_num=18 team_size=32
[OMPT] implicit_task_end: parallel_id=0 thread_num=9
[OMPT] implicit_task_begin: parallel_id=281474976710779 thread_num=9 team_size=32
[OMPT] implicit_task_begin: parallel_id=281474976710779 thread_num=5 team_size=32
[OMPT] implicit_task_begin: parallel_id=281474976710779 thread_num=14 team_size=32
[OMPT] implicit_task_end: parallel_id=0 thread_num=0
[OMPT] parallel_end: parallel_id=281474976710779
[OMPT] parallel_begin: parallel_id=281474976710781 team_size=32
[OMPT] implicit_task_end: parallel_id=0 thread_num=16
[OMPT] implicit_task_end: parallel_id=0 thread_num=3
[OMPT] implicit_task_end: parallel_id=0 thread_num=24
[OMPT] implicit_task_end: parallel_id=0 thread_num=12
[OMPT] implicit_task_end: parallel_id=0 thread_num=25
[OMPT] implicit_task_begin: parallel_id=281474976710781 thread_num=24 team_size=32
[OMPT] implicit_task_end: parallel_id=0 thread_num=13
[OMPT] implicit_task_end: parallel_id=0 thread_num=4
[OMPT] implicit_task_begin: parallel_id=281474976710781 thread_num=12 team_size=32
[OMPT] implicit_task_end: parallel_id=0 thread_num=19
[OMPT] implicit_task_end: parallel_id=0 thread_num=5
[OMPT] implicit_task_begin: parallel_id=281474976710781 thread_num=25 team_size=32
[OMPT] implicit_task_end: parallel_id=0 thread_num=28
[OMPT] implicit_task_end: parallel_id=0 thread_num=18
[OMPT] implicit_task_begin: parallel_id=281474976710781 thread_num=19 team_size=32
[OMPT] implicit_task_begin: parallel_id=281474976710781 thread_num=5 team_size=32
[OMPT] implicit_task_end: parallel_id=0 thread_num=27
[OMPT] implicit_task_begin: parallel_id=281474976710781 thread_num=18 team_size=32
[OMPT] implicit_task_end: parallel_id=0 thread_num=8
[OMPT] implicit_task_begin: parallel_id=281474976710781 thread_num=3 team_size=32
[OMPT] implicit_task_end: parallel_id=0 thread_num=10
[OMPT] implicit_task_end: parallel_id=0 thread_num=14
[OMPT] implicit_task_end: parallel_id=0 thread_num=1
[OMPT] implicit_task_begin: parallel_id=281474976710781 thread_num=14 team_size=32
[OMPT] implicit_task_end: parallel_id=0 thread_num=7
[OMPT] implicit_task_begin: parallel_id=281474976710781 thread_num=7 team_size=32
[OMPT] implicit_task_end: parallel_id=0 thread_num=17
[OMPT] implicit_task_begin: parallel_id=281474976710781 thread_num=4 team_size=32
[OMPT] implicit_task_begin: parallel_id=281474976710781 thread_num=0 team_size=32
[OMPT] implicit_task_end: parallel_id=0 thread_num=31
[OMPT] implicit_task_end: parallel_id=0 thread_num=30
[OMPT] implicit_task_begin: parallel_id=281474976710781 thread_num=31 team_size=32
[OMPT] implicit_task_begin: parallel_id=281474976710781 thread_num=30 team_size=32
[OMPT] implicit_task_begin: parallel_id=281474976710781 thread_num=28 team_size=32
[OMPT] implicit_task_end: parallel_id=0 thread_num=26
[OMPT] implicit_task_begin: parallel_id=281474976710781 thread_num=26 team_size=32
[OMPT] implicit_task_begin: parallel_id=281474976710781 thread_num=27 team_size=32
[OMPT] implicit_task_end: parallel_id=0 thread_num=15
[OMPT] implicit_task_begin: parallel_id=281474976710781 thread_num=15 team_size=32
[OMPT] implicit_task_end: parallel_id=0 thread_num=11
[OMPT] implicit_task_begin: parallel_id=281474976710781 thread_num=11 team_size=32
[OMPT] implicit_task_end: parallel_id=0 thread_num=9
[OMPT] implicit_task_end: parallel_id=0 thread_num=2
[OMPT] implicit_task_begin: parallel_id=281474976710781 thread_num=8 team_size=32
[OMPT] implicit_task_begin: parallel_id=281474976710781 thread_num=2 team_size=32
[OMPT] implicit_task_end: parallel_id=0 thread_num=20
[OMPT] implicit_task_begin: parallel_id=281474976710781 thread_num=10 team_size=32
[OMPT] implicit_task_end: parallel_id=0 thread_num=21
[OMPT] implicit_task_begin: parallel_id=281474976710781 thread_num=13 team_size=32
[OMPT] implicit_task_begin: parallel_id=281474976710781 thread_num=21 team_size=32
[OMPT] implicit_task_begin: parallel_id=281474976710781 thread_num=17 team_size=32
[OMPT] implicit_task_end: parallel_id=0 thread_num=29
[OMPT] implicit_task_begin: parallel_id=281474976710781 thread_num=16 team_size=32
[OMPT] implicit_task_begin: parallel_id=281474976710781 thread_num=29 team_size=32
[OMPT] implicit_task_begin: parallel_id=281474976710781 thread_num=9 team_size=32
[OMPT] implicit_task_end: parallel_id=0 thread_num=23
[OMPT] implicit_task_end: parallel_id=0 thread_num=22
[OMPT] implicit_task_begin: parallel_id=281474976710781 thread_num=23 team_size=32
[OMPT] implicit_task_begin: parallel_id=281474976710781 thread_num=22 team_size=32
[OMPT] implicit_task_begin: parallel_id=281474976710781 thread_num=20 team_size=32
[OMPT] implicit_task_begin: parallel_id=281474976710781 thread_num=1 team_size=32
[OMPT] implicit_task_end: parallel_id=0 thread_num=6
[OMPT] implicit_task_begin: parallel_id=281474976710781 thread_num=6 team_size=32
[OMPT][WIN100ms] ompt_id=281474976710657 tid=1054869 tipo=ompt_thread_initial    cpu=255 numa=1  d_rm=   28529  d_instr= 790045205  d_cyc= 556767215  d_all= 5169543  IPC=1.419  ratio_rm=0.0055
[OMPT][WIN100ms] ompt_id=562949953421313 tid=1054871 tipo=ompt_thread_worker     cpu=104 numa=1  d_rm=    1860  d_instr= 919300317  d_cyc= 536969707  d_all= 5118396  IPC=1.712  ratio_rm=0.0004
[OMPT] implicit_task_end: parallel_id=0 thread_num=0
[OMPT] parallel_end: parallel_id=281474976710781
[OMPT] parallel_begin: parallel_id=281474976710783 team_size=32
[OMPT] implicit_task_end: parallel_id=0 thread_num=16
[OMPT] implicit_task_end: parallel_id=0 thread_num=3
[OMPT] implicit_task_end: parallel_id=0 thread_num=24
[OMPT] implicit_task_end: parallel_id=0 thread_num=28
[OMPT] implicit_task_end: parallel_id=0 thread_num=26
[OMPT] implicit_task_end: parallel_id=0 thread_num=30
[OMPT] implicit_task_end: parallel_id=0 thread_num=2
[OMPT] implicit_task_end: parallel_id=0 thread_num=1
[OMPT] implicit_task_end: parallel_id=0 thread_num=19
[OMPT] implicit_task_end: parallel_id=0 thread_num=20
[OMPT] implicit_task_end: parallel_id=0 thread_num=18
[OMPT] implicit_task_end: parallel_id=0 thread_num=22
[OMPT] implicit_task_end: parallel_id=0 thread_num=12
[OMPT] implicit_task_end: parallel_id=0 thread_num=25
[OMPT] implicit_task_end: parallel_id=0 thread_num=13
[OMPT] implicit_task_end: parallel_id=0 thread_num=14
[OMPT] implicit_task_end: parallel_id=0 thread_num=31
[OMPT] implicit_task_end: parallel_id=0 thread_num=29
[OMPT] implicit_task_end: parallel_id=0 thread_num=21
[OMPT] implicit_task_end: parallel_id=0 thread_num=17
[OMPT] implicit_task_end: parallel_id=0 thread_num=23
[OMPT] implicit_task_end: parallel_id=0 thread_num=15
[OMPT] implicit_task_end: parallel_id=0 thread_num=4
[OMPT] implicit_task_end: parallel_id=0 thread_num=7
[OMPT] implicit_task_end: parallel_id=0 thread_num=8
[OMPT] implicit_task_end: parallel_id=0 thread_num=27
[OMPT] implicit_task_end: parallel_id=0 thread_num=10
[OMPT] implicit_task_end: parallel_id=0 thread_num=6
[OMPT] implicit_task_end: parallel_id=0 thread_num=11
[OMPT] implicit_task_end: parallel_id=0 thread_num=9
[OMPT] implicit_task_end: parallel_id=0 thread_num=5
[OMPT][WIN100ms] ompt_id=844424930131969 tid=1054872 tipo=ompt_thread_worker     cpu= 96 numa=1  d_rm=   13570  d_instr= 925110132  d_cyc= 536419505  d_all= 5068120  IPC=1.725  ratio_rm=0.0027
[OMPT][WIN100ms] ompt_id=1125899906842625 tid=1054873 tipo=ompt_thread_worker     cpu=  8 numa=0  d_rm=     914  d_instr= 921552955  d_cyc= 534340213  d_all= 5025432  IPC=1.725  ratio_rm=0.0002
[OMPT][WIN100ms] ompt_id=1407374883553281 tid=1054874 tipo=ompt_thread_worker     cpu= 97 numa=1  d_rm=    8153  d_instr= 918855694  d_cyc= 536714759  d_all= 5069592  IPC=1.712  ratio_rm=0.0016
[OMPT][WIN100ms] ompt_id=1688849860263937 tid=1054875 tipo=ompt_thread_worker     cpu=250 numa=1  d_rm=   30407  d_instr= 919177834  d_cyc= 536467903  d_all= 5025903  IPC=1.713  ratio_rm=0.0061
[OMPT][WIN100ms] ompt_id=1970324836974593 tid=1054876 tipo=ompt_thread_worker     cpu= 56 numa=0  d_rm=     794  d_instr= 919915438  d_cyc= 536998976  d_all= 5030420  IPC=1.713  ratio_rm=0.0002
[OMPT][WIN100ms] ompt_id=2251799813685249 tid=1054877 tipo=ompt_thread_worker     cpu=113 numa=1  d_rm=    2373  d_instr= 923071733  d_cyc= 537850816  d_all= 5049062  IPC=1.716  ratio_rm=0.0005
[OMPT][WIN100ms] ompt_id=2533274790395905 tid=1054878 tipo=ompt_thread_worker     cpu= 65 numa=1  d_rm=    4741  d_instr= 920380351  d_cyc= 535948528  d_all= 5054083  IPC=1.717  ratio_rm=0.0009
[OMPT][WIN100ms] ompt_id=2814749767106561 tid=1054879 tipo=ompt_thread_worker     cpu= 88 numa=1  d_rm=    4561  d_instr= 918719604  d_cyc= 537000282  d_all= 5050142  IPC=1.711  ratio_rm=0.0009
[OMPT][WIN100ms] ompt_id=3096224743817217 tid=1054880 tipo=ompt_thread_worker     cpu=165 numa=0  d_rm=     824  d_instr= 923754475  d_cyc= 535791931  d_all= 5026641  IPC=1.724  ratio_rm=0.0002
[OMPT][WIN100ms] ompt_id=3377699720527873 tid=1054881 tipo=ompt_thread_worker     cpu=239 numa=1  d_rm=   20225  d_instr= 921724196  d_cyc= 536147580  d_all= 5085480  IPC=1.719  ratio_rm=0.0040
[OMPT][WIN100ms] ompt_id=3659174697238529 tid=1054882 tipo=ompt_thread_worker     cpu=247 numa=1  d_rm=   18856  d_instr= 922210929  d_cyc= 536315054  d_all= 5059200  IPC=1.720  ratio_rm=0.0037
[OMPT][WIN100ms] ompt_id=3940649673949185 tid=1054883 tipo=ompt_thread_worker     cpu= 75 numa=1  d_rm=    1860  d_instr= 919788921  d_cyc= 536147989  d_all= 5028123  IPC=1.716  ratio_rm=0.0004
[OMPT][WIN100ms] ompt_id=4222124650659841 tid=1054884 tipo=ompt_thread_worker     cpu=112 numa=1  d_rm=    3707  d_instr= 923046944  d_cyc= 536604914  d_all= 5050495  IPC=1.720  ratio_rm=0.0007
[OMPT][WIN100ms] ompt_id=4503599627370497 tid=1054885 tipo=ompt_thread_worker     cpu=223 numa=1  d_rm=   18908  d_instr= 923198429  d_cyc= 537868693  d_all= 5051901  IPC=1.716  ratio_rm=0.0037
[OMPT][WIN100ms] ompt_id=4785074604081153 tid=1054886 tipo=ompt_thread_worker     cpu= 89 numa=1  d_rm=    2056  d_instr= 920743403  d_cyc= 536858331  d_all= 5051015  IPC=1.715  ratio_rm=0.0004
[OMPT][WIN100ms] ompt_id=5066549580791809 tid=1054887 tipo=ompt_thread_worker     cpu=248 numa=1  d_rm=   26827  d_instr= 917943702  d_cyc= 534072758  d_all= 5113062  IPC=1.719  ratio_rm=0.0052
[OMPT][WIN100ms] ompt_id=5348024557502465 tid=1054888 tipo=ompt_thread_worker     cpu=127 numa=1  d_rm=    3941  d_instr= 781026684  d_cyc= 551257835  d_all= 5047869  IPC=1.417  ratio_rm=0.0008
[OMPT][WIN100ms] ompt_id=5629499534213121 tid=1054889 tipo=ompt_thread_worker     cpu= 76 numa=1  d_rm=   11106  d_instr= 920225797  d_cyc= 535958540  d_all= 5035426  IPC=1.717  ratio_rm=0.0022
[OMPT][WIN100ms] ompt_id=5910974510923777 tid=1054890 tipo=ompt_thread_worker     cpu= 64 numa=1  d_rm=   10022  d_instr= 921270908  d_cyc= 534045190  d_all= 5049411  IPC=1.725  ratio_rm=0.0020
[OMPT][WIN100ms] ompt_id=6192449487634433 tid=1054891 tipo=ompt_thread_worker     cpu= 79 numa=1  d_rm=    9979  d_instr= 919150993  d_cyc= 534920597  d_all= 5040302  IPC=1.718  ratio_rm=0.0020
[OMPT][WIN100ms] ompt_id=6473924464345089 tid=1054892 tipo=ompt_thread_worker     cpu=254 numa=1  d_rm=   10071  d_instr= 918297851  d_cyc= 536053732  d_all= 5029462  IPC=1.713  ratio_rm=0.0020
[OMPT][WIN100ms] ompt_id=6755399441055745 tid=1054893 tipo=ompt_thread_worker     cpu=252 numa=1  d_rm=   14919  d_instr= 920671707  d_cyc= 537829910  d_all= 5048637  IPC=1.712  ratio_rm=0.0030
[OMPT][WIN100ms] ompt_id=7036874417766401 tid=1054894 tipo=ompt_thread_worker     cpu= 72 numa=1  d_rm=    2398  d_instr= 917594669  d_cyc= 534927667  d_all= 5035382  IPC=1.715  ratio_rm=0.0005
[OMPT][WIN100ms] ompt_id=7318349394477057 tid=1054895 tipo=ompt_thread_worker     cpu=253 numa=1  d_rm=   21749  d_instr= 916104795  d_cyc= 535645574  d_all= 5033021  IPC=1.710  ratio_rm=0.0043
[OMPT][WIN100ms] ompt_id=7599824371187713 tid=1054896 tipo=ompt_thread_worker     cpu= 78 numa=1  d_rm=    4039  d_instr= 921183987  d_cyc= 534425137  d_all= 5031843  IPC=1.724  ratio_rm=0.0008
[OMPT][WIN100ms] ompt_id=7881299347898369 tid=1054897 tipo=ompt_thread_worker     cpu=249 numa=1  d_rm=   25639  d_instr= 919345726  d_cyc= 535202849  d_all= 5034903  IPC=1.718  ratio_rm=0.0051
[OMPT][WIN100ms] ompt_id=8162774324609025 tid=1054898 tipo=ompt_thread_worker     cpu= 80 numa=1  d_rm=   21718  d_instr= 924505690  d_cyc= 535036163  d_all= 5028218  IPC=1.728  ratio_rm=0.0043
[OMPT][WIN100ms] ompt_id=8444249301319681 tid=1054899 tipo=ompt_thread_worker     cpu=194 numa=1  d_rm=   12598  d_instr= 921202069  d_cyc= 534539267  d_all= 5048505  IPC=1.723  ratio_rm=0.0025
[OMPT][WIN100ms] ompt_id=8725724278030337 tid=1054900 tipo=ompt_thread_worker     cpu=251 numa=1  d_rm=   13621  d_instr= 919520917  d_cyc= 534401503  d_all= 5025702  IPC=1.721  ratio_rm=0.0027
[OMPT][WIN100ms] ompt_id=9007199254740993 tid=1054901 tipo=ompt_thread_worker     cpu= 77 numa=1  d_rm=   11373  d_instr= 921588005  d_cyc= 535015485  d_all= 5028194  IPC=1.723  ratio_rm=0.0023
[OMPT] implicit_task_begin: parallel_id=281474976710783 thread_num=10 team_size=32
[OMPT] implicit_task_begin: parallel_id=281474976710783 thread_num=11 team_size=32
[OMPT] implicit_task_begin: parallel_id=281474976710783 thread_num=1 team_size=32
[OMPT] implicit_task_begin: parallel_id=281474976710783 thread_num=29 team_size=32
[OMPT] implicit_task_begin: parallel_id=281474976710783 thread_num=20 team_size=32
[OMPT] implicit_task_begin: parallel_id=281474976710783 thread_num=8 team_size=32
[OMPT] implicit_task_begin: parallel_id=281474976710783 thread_num=2 team_size=32
[OMPT] implicit_task_begin: parallel_id=281474976710783 thread_num=4 team_size=32
[OMPT] implicit_task_begin: parallel_id=281474976710783 thread_num=6 team_size=32
[OMPT] implicit_task_begin: parallel_id=281474976710783 thread_num=28 team_size=32
[OMPT] implicit_task_begin: parallel_id=281474976710783 thread_num=27 team_size=32
[OMPT] implicit_task_begin: parallel_id=281474976710783 thread_num=15 team_size=32
[OMPT] implicit_task_begin: parallel_id=281474976710783 thread_num=9 team_size=32
[OMPT] implicit_task_begin: parallel_id=281474976710783 thread_num=12 team_size=32
[OMPT] implicit_task_begin: parallel_id=281474976710783 thread_num=14 team_size=32
[OMPT] implicit_task_begin: parallel_id=281474976710783 thread_num=7 team_size=32
[OMPT] implicit_task_begin: parallel_id=281474976710783 thread_num=21 team_size=32
[OMPT] implicit_task_begin: parallel_id=281474976710783 thread_num=3 team_size=32
[OMPT] implicit_task_begin: parallel_id=281474976710783 thread_num=22 team_size=32
[OMPT] implicit_task_begin: parallel_id=281474976710783 thread_num=25 team_size=32
[OMPT] implicit_task_begin: parallel_id=281474976710783 thread_num=16 team_size=32
[OMPT] implicit_task_begin: parallel_id=281474976710783 thread_num=13 team_size=32
[OMPT] implicit_task_begin: parallel_id=281474976710783 thread_num=19 team_size=32
[OMPT] implicit_task_begin: parallel_id=281474976710783 thread_num=24 team_size=32
[OMPT] implicit_task_begin: parallel_id=281474976710783 thread_num=26 team_size=32
[OMPT] implicit_task_begin: parallel_id=281474976710783 thread_num=5 team_size=32
[OMPT] implicit_task_begin: parallel_id=281474976710783 thread_num=23 team_size=32
[OMPT] implicit_task_begin: parallel_id=281474976710783 thread_num=30 team_size=32
[OMPT] implicit_task_begin: parallel_id=281474976710783 thread_num=17 team_size=32
[OMPT] implicit_task_begin: parallel_id=281474976710783 thread_num=0 team_size=32
[OMPT] implicit_task_begin: parallel_id=281474976710783 thread_num=31 team_size=32
[OMPT] implicit_task_begin: parallel_id=281474976710783 thread_num=18 team_size=32
[OMPT] implicit_task_end: parallel_id=0 thread_num=0
[OMPT] parallel_end: parallel_id=281474976710783
[OMPT] parallel_begin: parallel_id=281474976710785 team_size=32
[OMPT] implicit_task_end: parallel_id=0 thread_num=12
[OMPT] implicit_task_end: parallel_id=0 thread_num=4
[OMPT] implicit_task_end: parallel_id=0 thread_num=13
[OMPT] implicit_task_end: parallel_id=0 thread_num=7
[OMPT] implicit_task_end: parallel_id=0 thread_num=6
[OMPT] implicit_task_begin: parallel_id=281474976710785 thread_num=13 team_size=32
[OMPT] implicit_task_begin: parallel_id=281474976710785 thread_num=7 team_size=32
[OMPT] implicit_task_end: parallel_id=0 thread_num=3
[OMPT] implicit_task_end: parallel_id=0 thread_num=1
[OMPT] implicit_task_begin: parallel_id=281474976710785 thread_num=0 team_size=32
[OMPT] implicit_task_end: parallel_id=0 thread_num=14
[OMPT] implicit_task_begin: parallel_id=281474976710785 thread_num=1 team_size=32
[OMPT] implicit_task_end: parallel_id=0 thread_num=16
[OMPT] implicit_task_end: parallel_id=0 thread_num=19
[OMPT] implicit_task_end: parallel_id=0 thread_num=18
[OMPT] implicit_task_end: parallel_id=0 thread_num=17
[OMPT] implicit_task_begin: parallel_id=281474976710785 thread_num=19 team_size=32
[OMPT] implicit_task_end: parallel_id=0 thread_num=8
[OMPT] implicit_task_begin: parallel_id=281474976710785 thread_num=3 team_size=32
[OMPT] implicit_task_end: parallel_id=0 thread_num=9
[OMPT] implicit_task_begin: parallel_id=281474976710785 thread_num=8 team_size=32
[OMPT] implicit_task_end: parallel_id=0 thread_num=5
[OMPT] implicit_task_begin: parallel_id=281474976710785 thread_num=14 team_size=32
[OMPT] implicit_task_begin: parallel_id=281474976710785 thread_num=5 team_size=32
[OMPT] implicit_task_end: parallel_id=0 thread_num=24
[OMPT] implicit_task_end: parallel_id=0 thread_num=26
[OMPT] implicit_task_begin: parallel_id=281474976710785 thread_num=24 team_size=32
[OMPT] implicit_task_begin: parallel_id=281474976710785 thread_num=4 team_size=32
[OMPT] implicit_task_end: parallel_id=0 thread_num=28
[OMPT] implicit_task_begin: parallel_id=281474976710785 thread_num=16 team_size=32
[OMPT] implicit_task_end: parallel_id=0 thread_num=31
[OMPT] implicit_task_begin: parallel_id=281474976710785 thread_num=28 team_size=32
[OMPT] implicit_task_begin: parallel_id=281474976710785 thread_num=18 team_size=32
[OMPT] implicit_task_begin: parallel_id=281474976710785 thread_num=17 team_size=32
[OMPT] implicit_task_end: parallel_id=0 thread_num=11
[OMPT] implicit_task_end: parallel_id=0 thread_num=15
[OMPT] implicit_task_begin: parallel_id=281474976710785 thread_num=11 team_size=32
[OMPT] implicit_task_begin: parallel_id=281474976710785 thread_num=6 team_size=32
[OMPT] implicit_task_begin: parallel_id=281474976710785 thread_num=15 team_size=32
[OMPT] implicit_task_begin: parallel_id=281474976710785 thread_num=9 team_size=32
[OMPT] implicit_task_begin: parallel_id=281474976710785 thread_num=12 team_size=32
[OMPT] implicit_task_end: parallel_id=0 thread_num=20
[OMPT] implicit_task_end: parallel_id=0 thread_num=27
[OMPT] implicit_task_end: parallel_id=0 thread_num=22
[OMPT] implicit_task_end: parallel_id=0 thread_num=30
[OMPT] implicit_task_begin: parallel_id=281474976710785 thread_num=27 team_size=32
[OMPT] implicit_task_end: parallel_id=0 thread_num=29
[OMPT] implicit_task_end: parallel_id=0 thread_num=2
[OMPT] implicit_task_begin: parallel_id=281474976710785 thread_num=31 team_size=32
[OMPT] implicit_task_begin: parallel_id=281474976710785 thread_num=29 team_size=32
[OMPT] implicit_task_begin: parallel_id=281474976710785 thread_num=2 team_size=32
[OMPT] implicit_task_end: parallel_id=0 thread_num=25
[OMPT] implicit_task_end: parallel_id=0 thread_num=23
[OMPT] implicit_task_begin: parallel_id=281474976710785 thread_num=25 team_size=32
[OMPT] implicit_task_begin: parallel_id=281474976710785 thread_num=23 team_size=32
[OMPT] implicit_task_begin: parallel_id=281474976710785 thread_num=22 team_size=32
[OMPT] implicit_task_begin: parallel_id=281474976710785 thread_num=30 team_size=32
[OMPT] implicit_task_end: parallel_id=0 thread_num=10
[OMPT] implicit_task_begin: parallel_id=281474976710785 thread_num=10 team_size=32
[OMPT] implicit_task_begin: parallel_id=281474976710785 thread_num=26 team_size=32
[OMPT] implicit_task_begin: parallel_id=281474976710785 thread_num=20 team_size=32
[OMPT] implicit_task_end: parallel_id=0 thread_num=21
[OMPT] implicit_task_begin: parallel_id=281474976710785 thread_num=21 team_size=32
[OMPT] implicit_task_end: parallel_id=0 thread_num=0
[OMPT] parallel_end: parallel_id=281474976710785
[OMPT] parallel_begin: parallel_id=281474976710787 team_size=32
[OMPT] implicit_task_end: parallel_id=0 thread_num=12
[OMPT] implicit_task_end: parallel_id=0 thread_num=3
[OMPT] implicit_task_end: parallel_id=0 thread_num=13
[OMPT] implicit_task_end: parallel_id=0 thread_num=16
[OMPT] implicit_task_begin: parallel_id=281474976710787 thread_num=12 team_size=32
[OMPT] implicit_task_end: parallel_id=0 thread_num=20
[OMPT] implicit_task_end: parallel_id=0 thread_num=2
[OMPT] implicit_task_end: parallel_id=0 thread_num=23
[OMPT] implicit_task_end: parallel_id=0 thread_num=1
[OMPT] implicit_task_begin: parallel_id=281474976710787 thread_num=0 team_size=32
[OMPT] implicit_task_end: parallel_id=0 thread_num=15
[OMPT] implicit_task_end: parallel_id=0 thread_num=14
[OMPT] implicit_task_begin: parallel_id=281474976710787 thread_num=1 team_size=32
[OMPT] implicit_task_end: parallel_id=0 thread_num=24
[OMPT] implicit_task_end: parallel_id=0 thread_num=19
[OMPT] implicit_task_end: parallel_id=0 thread_num=26
[OMPT] implicit_task_begin: parallel_id=281474976710787 thread_num=24 team_size=32
[OMPT] implicit_task_begin: parallel_id=281474976710787 thread_num=19 team_size=32
[OMPT] implicit_task_begin: parallel_id=281474976710787 thread_num=13 team_size=32
[OMPT] implicit_task_end: parallel_id=0 thread_num=28
[OMPT] implicit_task_end: parallel_id=0 thread_num=8
[OMPT] implicit_task_begin: parallel_id=281474976710787 thread_num=3 team_size=32
[OMPT] implicit_task_end: parallel_id=0 thread_num=22
[OMPT] implicit_task_end: parallel_id=0 thread_num=10
[OMPT] implicit_task_begin: parallel_id=281474976710787 thread_num=16 team_size=32
[OMPT] implicit_task_begin: parallel_id=281474976710787 thread_num=22 team_size=32
[OMPT] implicit_task_begin: parallel_id=281474976710787 thread_num=2 team_size=32
[OMPT] implicit_task_begin: parallel_id=281474976710787 thread_num=23 team_size=32
[OMPT] implicit_task_end: parallel_id=0 thread_num=4
[OMPT] implicit_task_begin: parallel_id=281474976710787 thread_num=15 team_size=32
[OMPT] implicit_task_begin: parallel_id=281474976710787 thread_num=4 team_size=32
[OMPT] implicit_task_end: parallel_id=0 thread_num=25
[OMPT] implicit_task_begin: parallel_id=281474976710787 thread_num=14 team_size=32
[OMPT] implicit_task_end: parallel_id=0 thread_num=17
[OMPT] implicit_task_end: parallel_id=0 thread_num=18
[OMPT] implicit_task_begin: parallel_id=281474976710787 thread_num=17 team_size=32
[OMPT] implicit_task_begin: parallel_id=281474976710787 thread_num=18 team_size=32
[OMPT] implicit_task_end: parallel_id=0 thread_num=30
[OMPT] implicit_task_end: parallel_id=0 thread_num=29
[OMPT] implicit_task_begin: parallel_id=281474976710787 thread_num=30 team_size=32
[OMPT] implicit_task_begin: parallel_id=281474976710787 thread_num=29 team_size=32
[OMPT] implicit_task_end: parallel_id=0 thread_num=9
[OMPT] implicit_task_begin: parallel_id=281474976710787 thread_num=8 team_size=32
[OMPT] implicit_task_end: parallel_id=0 thread_num=21
[OMPT] implicit_task_begin: parallel_id=281474976710787 thread_num=20 team_size=32
[OMPT] implicit_task_begin: parallel_id=281474976710787 thread_num=10 team_size=32
[OMPT] implicit_task_end: parallel_id=0 thread_num=7
[OMPT] implicit_task_end: parallel_id=0 thread_num=5
[OMPT] implicit_task_end: parallel_id=0 thread_num=6
[OMPT] implicit_task_begin: parallel_id=281474976710787 thread_num=25 team_size=32
[OMPT] implicit_task_begin: parallel_id=281474976710787 thread_num=6 team_size=32
[OMPT] implicit_task_begin: parallel_id=281474976710787 thread_num=26 team_size=32
[OMPT] implicit_task_end: parallel_id=0 thread_num=31
[OMPT] implicit_task_begin: parallel_id=281474976710787 thread_num=28 team_size=32
[OMPT] implicit_task_end: parallel_id=0 thread_num=11
[OMPT] implicit_task_begin: parallel_id=281474976710787 thread_num=9 team_size=32
[OMPT] implicit_task_begin: parallel_id=281474976710787 thread_num=21 team_size=32
[OMPT] implicit_task_begin: parallel_id=281474976710787 thread_num=7 team_size=32
[OMPT] implicit_task_end: parallel_id=0 thread_num=27
[OMPT] implicit_task_begin: parallel_id=281474976710787 thread_num=5 team_size=32
[OMPT] implicit_task_begin: parallel_id=281474976710787 thread_num=27 team_size=32
[OMPT] implicit_task_begin: parallel_id=281474976710787 thread_num=31 team_size=32
[OMPT] implicit_task_begin: parallel_id=281474976710787 thread_num=11 team_size=32
[OMPT] implicit_task_end: parallel_id=0 thread_num=0
[OMPT] parallel_end: parallel_id=281474976710787
[OMPT] parallel_begin: parallel_id=281474976710789 team_size=32
[OMPT] implicit_task_end: parallel_id=0 thread_num=16
[OMPT] implicit_task_end: parallel_id=0 thread_num=2
[OMPT] implicit_task_end: parallel_id=0 thread_num=20
[OMPT] implicit_task_begin: parallel_id=281474976710789 thread_num=16 team_size=32
[OMPT] implicit_task_end: parallel_id=0 thread_num=12
[OMPT] implicit_task_end: parallel_id=0 thread_num=8
[OMPT] implicit_task_end: parallel_id=0 thread_num=15
[OMPT] implicit_task_end: parallel_id=0 thread_num=1
[OMPT] implicit_task_end: parallel_id=0 thread_num=4
[OMPT] implicit_task_begin: parallel_id=281474976710789 thread_num=8 team_size=32
[OMPT] implicit_task_end: parallel_id=0 thread_num=7
[OMPT] implicit_task_end: parallel_id=0 thread_num=19
[OMPT] implicit_task_begin: parallel_id=281474976710789 thread_num=4 team_size=32
[OMPT] implicit_task_begin: parallel_id=281474976710789 thread_num=7 team_size=32
[OMPT] implicit_task_end: parallel_id=0 thread_num=18
[OMPT] implicit_task_begin: parallel_id=281474976710789 thread_num=15 team_size=32
[OMPT] implicit_task_end: parallel_id=0 thread_num=23
[OMPT] implicit_task_begin: parallel_id=281474976710789 thread_num=18 team_size=32
[OMPT] implicit_task_end: parallel_id=0 thread_num=21
[OMPT] implicit_task_begin: parallel_id=281474976710789 thread_num=2 team_size=32
[OMPT] implicit_task_begin: parallel_id=281474976710789 thread_num=21 team_size=32
[OMPT] implicit_task_end: parallel_id=0 thread_num=14
[OMPT] implicit_task_begin: parallel_id=281474976710789 thread_num=20 team_size=32
[OMPT] implicit_task_end: parallel_id=0 thread_num=11
[OMPT] implicit_task_end: parallel_id=0 thread_num=9
[OMPT] implicit_task_end: parallel_id=0 thread_num=3
[OMPT] implicit_task_end: parallel_id=0 thread_num=10
[OMPT] implicit_task_begin: parallel_id=281474976710789 thread_num=10 team_size=32
[OMPT] implicit_task_end: parallel_id=0 thread_num=5
[OMPT] implicit_task_begin: parallel_id=281474976710789 thread_num=5 team_size=32
[OMPT] implicit_task_end: parallel_id=0 thread_num=24
[OMPT] implicit_task_end: parallel_id=0 thread_num=26
[OMPT] implicit_task_begin: parallel_id=281474976710789 thread_num=24 team_size=32
[OMPT] implicit_task_begin: parallel_id=281474976710789 thread_num=1 team_size=32
[OMPT] implicit_task_end: parallel_id=0 thread_num=17
[OMPT] implicit_task_end: parallel_id=0 thread_num=28
[OMPT] implicit_task_begin: parallel_id=281474976710789 thread_num=19 team_size=32
[OMPT] implicit_task_end: parallel_id=0 thread_num=29
[OMPT] implicit_task_begin: parallel_id=281474976710789 thread_num=28 team_size=32
[OMPT] implicit_task_begin: parallel_id=281474976710789 thread_num=29 team_size=32
[OMPT] implicit_task_end: parallel_id=0 thread_num=13
[OMPT] implicit_task_begin: parallel_id=281474976710789 thread_num=14 team_size=32
[OMPT] implicit_task_begin: parallel_id=281474976710789 thread_num=13 team_size=32
[OMPT] implicit_task_begin: parallel_id=281474976710789 thread_num=9 team_size=32
[OMPT] implicit_task_begin: parallel_id=281474976710789 thread_num=0 team_size=32
[OMPT] implicit_task_begin: parallel_id=281474976710789 thread_num=12 team_size=32
[OMPT] implicit_task_end: parallel_id=0 thread_num=6
[OMPT] implicit_task_begin: parallel_id=281474976710789 thread_num=6 team_size=32
[OMPT] implicit_task_end: parallel_id=0 thread_num=27
[OMPT] implicit_task_begin: parallel_id=281474976710789 thread_num=27 team_size=32
[OMPT] implicit_task_begin: parallel_id=281474976710789 thread_num=26 team_size=32
[OMPT] implicit_task_begin: parallel_id=281474976710789 thread_num=17 team_size=32
[OMPT] implicit_task_end: parallel_id=0 thread_num=31
[OMPT] implicit_task_begin: parallel_id=281474976710789 thread_num=31 team_size=32
[OMPT] implicit_task_end: parallel_id=0 thread_num=30
[OMPT] implicit_task_begin: parallel_id=281474976710789 thread_num=30 team_size=32
[OMPT] implicit_task_end: parallel_id=0 thread_num=22
[OMPT] implicit_task_begin: parallel_id=281474976710789 thread_num=22 team_size=32
[OMPT] implicit_task_begin: parallel_id=281474976710789 thread_num=11 team_size=32
[OMPT] implicit_task_begin: parallel_id=281474976710789 thread_num=3 team_size=32
[OMPT] implicit_task_end: parallel_id=0 thread_num=25
[OMPT] implicit_task_begin: parallel_id=281474976710789 thread_num=25 team_size=32
[OMPT] implicit_task_begin: parallel_id=281474976710789 thread_num=23 team_size=32
[OMPT] implicit_task_end: parallel_id=0 thread_num=0
[OMPT] parallel_end: parallel_id=281474976710789
[OMPT] parallel_begin: parallel_id=281474976710791 team_size=32
[OMPT] implicit_task_end: parallel_id=0 thread_num=16
[OMPT] implicit_task_end: parallel_id=0 thread_num=2
[OMPT] implicit_task_begin: parallel_id=281474976710791 thread_num=0 team_size=32
[OMPT] implicit_task_end: parallel_id=0 thread_num=17
[OMPT] implicit_task_begin: parallel_id=281474976710791 thread_num=2 team_size=32
[OMPT] implicit_task_end: parallel_id=0 thread_num=8
[OMPT] implicit_task_begin: parallel_id=281474976710791 thread_num=17 team_size=32
[OMPT] implicit_task_end: parallel_id=0 thread_num=3
[OMPT] implicit_task_begin: parallel_id=281474976710791 thread_num=8 team_size=32
[OMPT] implicit_task_end: parallel_id=0 thread_num=9
[OMPT] implicit_task_end: parallel_id=0 thread_num=19
[OMPT] implicit_task_end: parallel_id=0 thread_num=24
[OMPT] implicit_task_begin: parallel_id=281474976710791 thread_num=9 team_size=32
[OMPT] implicit_task_end: parallel_id=0 thread_num=25
[OMPT] implicit_task_begin: parallel_id=281474976710791 thread_num=24 team_size=32
[OMPT] implicit_task_begin: parallel_id=281474976710791 thread_num=19 team_size=32
[OMPT] implicit_task_end: parallel_id=0 thread_num=11
[OMPT] implicit_task_begin: parallel_id=281474976710791 thread_num=25 team_size=32
[OMPT] implicit_task_end: parallel_id=0 thread_num=1
[OMPT] implicit_task_end: parallel_id=0 thread_num=10
[OMPT] implicit_task_begin: parallel_id=281474976710791 thread_num=1 team_size=32
[OMPT] implicit_task_end: parallel_id=0 thread_num=18
[OMPT] implicit_task_end: parallel_id=0 thread_num=28
[OMPT] implicit_task_end: parallel_id=0 thread_num=30
[OMPT] implicit_task_begin: parallel_id=281474976710791 thread_num=18 team_size=32
[OMPT] implicit_task_end: parallel_id=0 thread_num=12
[OMPT] implicit_task_begin: parallel_id=281474976710791 thread_num=30 team_size=32
[OMPT] implicit_task_begin: parallel_id=281474976710791 thread_num=16 team_size=32
[OMPT] implicit_task_end: parallel_id=0 thread_num=4
[OMPT] implicit_task_begin: parallel_id=281474976710791 thread_num=12 team_size=32
[OMPT] implicit_task_begin: parallel_id=281474976710791 thread_num=11 team_size=32
[OMPT] implicit_task_begin: parallel_id=281474976710791 thread_num=4 team_size=32
[OMPT] implicit_task_begin: parallel_id=281474976710791 thread_num=10 team_size=32
[OMPT] implicit_task_end: parallel_id=0 thread_num=31
[OMPT] implicit_task_end: parallel_id=0 thread_num=26
[OMPT] implicit_task_end: parallel_id=0 thread_num=27
[OMPT] implicit_task_begin: parallel_id=281474976710791 thread_num=28 team_size=32
[OMPT] implicit_task_end: parallel_id=0 thread_num=15
[OMPT] implicit_task_end: parallel_id=0 thread_num=14
[OMPT] implicit_task_end: parallel_id=0 thread_num=13
[OMPT] implicit_task_end: parallel_id=0 thread_num=20
[OMPT] implicit_task_end: parallel_id=0 thread_num=7
[OMPT] implicit_task_begin: parallel_id=281474976710791 thread_num=13 team_size=32
[OMPT] implicit_task_end: parallel_id=0 thread_num=5
[OMPT] implicit_task_end: parallel_id=0 thread_num=23
[OMPT] implicit_task_begin: parallel_id=281474976710791 thread_num=7 team_size=32
[OMPT] implicit_task_end: parallel_id=0 thread_num=29
[OMPT] implicit_task_begin: parallel_id=281474976710791 thread_num=31 team_size=32
[OMPT] implicit_task_begin: parallel_id=281474976710791 thread_num=29 team_size=32
[OMPT] implicit_task_begin: parallel_id=281474976710791 thread_num=27 team_size=32
[OMPT] implicit_task_begin: parallel_id=281474976710791 thread_num=15 team_size=32
[OMPT] implicit_task_begin: parallel_id=281474976710791 thread_num=14 team_size=32
[OMPT] implicit_task_end: parallel_id=0 thread_num=22
[OMPT] implicit_task_end: parallel_id=0 thread_num=21
[OMPT] implicit_task_begin: parallel_id=281474976710791 thread_num=20 team_size=32
[OMPT] implicit_task_begin: parallel_id=281474976710791 thread_num=21 team_size=32
[OMPT] implicit_task_begin: parallel_id=281474976710791 thread_num=3 team_size=32
[OMPT] implicit_task_end: parallel_id=0 thread_num=6
[OMPT] implicit_task_begin: parallel_id=281474976710791 thread_num=6 team_size=32
[OMPT] implicit_task_begin: parallel_id=281474976710791 thread_num=26 team_size=32
[OMPT] implicit_task_begin: parallel_id=281474976710791 thread_num=23 team_size=32
[OMPT] implicit_task_begin: parallel_id=281474976710791 thread_num=22 team_size=32
[OMPT] implicit_task_begin: parallel_id=281474976710791 thread_num=5 team_size=32
[OMPT] implicit_task_end: parallel_id=0 thread_num=0
[OMPT] parallel_end: parallel_id=281474976710791
[OMPT] parallel_begin: parallel_id=281474976710793 team_size=32
[OMPT] implicit_task_end: parallel_id=0 thread_num=16
[OMPT] implicit_task_end: parallel_id=0 thread_num=3
[OMPT] implicit_task_begin: parallel_id=281474976710793 thread_num=0 team_size=32
[OMPT] implicit_task_end: parallel_id=0 thread_num=17
[OMPT] implicit_task_end: parallel_id=0 thread_num=24
[OMPT] implicit_task_begin: parallel_id=281474976710793 thread_num=3 team_size=32
[OMPT] implicit_task_end: parallel_id=0 thread_num=26
[OMPT] implicit_task_end: parallel_id=0 thread_num=2
[OMPT] implicit_task_begin: parallel_id=281474976710793 thread_num=24 team_size=32
[OMPT] implicit_task_begin: parallel_id=281474976710793 thread_num=26 team_size=32
[OMPT] implicit_task_end: parallel_id=0 thread_num=19
[OMPT] implicit_task_end: parallel_id=0 thread_num=20
[OMPT] implicit_task_end: parallel_id=0 thread_num=12
[OMPT] implicit_task_end: parallel_id=0 thread_num=8
[OMPT] implicit_task_end: parallel_id=0 thread_num=13
[OMPT] implicit_task_end: parallel_id=0 thread_num=27
[OMPT] implicit_task_begin: parallel_id=281474976710793 thread_num=8 team_size=32
[OMPT] implicit_task_begin: parallel_id=281474976710793 thread_num=13 team_size=32
[OMPT] implicit_task_begin: parallel_id=281474976710793 thread_num=17 team_size=32
[OMPT] implicit_task_begin: parallel_id=281474976710793 thread_num=27 team_size=32
[OMPT] implicit_task_end: parallel_id=0 thread_num=4
[OMPT] implicit_task_end: parallel_id=0 thread_num=18
[OMPT] implicit_task_begin: parallel_id=281474976710793 thread_num=2 team_size=32
[OMPT] implicit_task_end: parallel_id=0 thread_num=28
[OMPT] implicit_task_end: parallel_id=0 thread_num=31
[OMPT] implicit_task_begin: parallel_id=281474976710793 thread_num=28 team_size=32
[OMPT] implicit_task_end: parallel_id=0 thread_num=23
[OMPT] implicit_task_begin: parallel_id=281474976710793 thread_num=31 team_size=32
[OMPT] implicit_task_end: parallel_id=0 thread_num=22
[OMPT] implicit_task_end: parallel_id=0 thread_num=21
[OMPT] implicit_task_begin: parallel_id=281474976710793 thread_num=23 team_size=32
[OMPT] implicit_task_begin: parallel_id=281474976710793 thread_num=22 team_size=32
[OMPT] implicit_task_end: parallel_id=0 thread_num=14
[OMPT] implicit_task_end: parallel_id=0 thread_num=11
[OMPT] implicit_task_begin: parallel_id=281474976710793 thread_num=12 team_size=32
[OMPT] implicit_task_end: parallel_id=0 thread_num=10
[OMPT] implicit_task_end: parallel_id=0 thread_num=25
[OMPT] implicit_task_begin: parallel_id=281474976710793 thread_num=10 team_size=32
[OMPT] implicit_task_end: parallel_id=0 thread_num=1
[OMPT] implicit_task_end: parallel_id=0 thread_num=7
[OMPT] implicit_task_begin: parallel_id=281474976710793 thread_num=1 team_size=32
[OMPT] implicit_task_begin: parallel_id=281474976710793 thread_num=7 team_size=32
[OMPT] implicit_task_end: parallel_id=0 thread_num=5
[OMPT] implicit_task_begin: parallel_id=281474976710793 thread_num=4 team_size=32
[OMPT] implicit_task_end: parallel_id=0 thread_num=30
[OMPT] implicit_task_begin: parallel_id=281474976710793 thread_num=30 team_size=32
[OMPT] implicit_task_end: parallel_id=0 thread_num=29
[OMPT] implicit_task_begin: parallel_id=281474976710793 thread_num=16 team_size=32
[OMPT] implicit_task_begin: parallel_id=281474976710793 thread_num=19 team_size=32
[OMPT] implicit_task_end: parallel_id=0 thread_num=15
[OMPT] implicit_task_begin: parallel_id=281474976710793 thread_num=20 team_size=32
[OMPT] implicit_task_begin: parallel_id=281474976710793 thread_num=15 team_size=32
[OMPT] implicit_task_end: parallel_id=0 thread_num=9
[OMPT] implicit_task_begin: parallel_id=281474976710793 thread_num=14 team_size=32
[OMPT] implicit_task_begin: parallel_id=281474976710793 thread_num=11 team_size=32
[OMPT] implicit_task_begin: parallel_id=281474976710793 thread_num=25 team_size=32
[OMPT] implicit_task_end: parallel_id=0 thread_num=6
[OMPT] implicit_task_begin: parallel_id=281474976710793 thread_num=5 team_size=32
[OMPT] implicit_task_begin: parallel_id=281474976710793 thread_num=6 team_size=32
[OMPT] implicit_task_begin: parallel_id=281474976710793 thread_num=18 team_size=32
[OMPT] implicit_task_begin: parallel_id=281474976710793 thread_num=29 team_size=32
[OMPT] implicit_task_begin: parallel_id=281474976710793 thread_num=21 team_size=32
[OMPT] implicit_task_begin: parallel_id=281474976710793 thread_num=9 team_size=32
[OMPT] implicit_task_end: parallel_id=0 thread_num=0
[OMPT] parallel_end: parallel_id=281474976710793
[OMPT] parallel_begin: parallel_id=281474976710795 team_size=32
[OMPT] implicit_task_end: parallel_id=0 thread_num=12
[OMPT] implicit_task_end: parallel_id=0 thread_num=2
[OMPT] implicit_task_begin: parallel_id=281474976710795 thread_num=0 team_size=32
[OMPT] implicit_task_end: parallel_id=0 thread_num=14
[OMPT] implicit_task_end: parallel_id=0 thread_num=8
[OMPT] implicit_task_end: parallel_id=0 thread_num=3
[OMPT] implicit_task_end: parallel_id=0 thread_num=9
[OMPT] implicit_task_begin: parallel_id=281474976710795 thread_num=8 team_size=32
[OMPT] implicit_task_end: parallel_id=0 thread_num=15
[OMPT] implicit_task_end: parallel_id=0 thread_num=13
[OMPT] implicit_task_end: parallel_id=0 thread_num=16
[OMPT] implicit_task_begin: parallel_id=281474976710795 thread_num=3 team_size=32
[OMPT] implicit_task_end: parallel_id=0 thread_num=24
[OMPT] implicit_task_begin: parallel_id=281474976710795 thread_num=13 team_size=32
[OMPT] implicit_task_begin: parallel_id=281474976710795 thread_num=16 team_size=32
[OMPT] implicit_task_end: parallel_id=0 thread_num=17
[OMPT] implicit_task_begin: parallel_id=281474976710795 thread_num=24 team_size=32
[OMPT] implicit_task_end: parallel_id=0 thread_num=4
[OMPT] implicit_task_begin: parallel_id=281474976710795 thread_num=17 team_size=32
[OMPT] implicit_task_end: parallel_id=0 thread_num=5
[OMPT] implicit_task_end: parallel_id=0 thread_num=6
[OMPT] implicit_task_begin: parallel_id=281474976710795 thread_num=5 team_size=32
[OMPT] implicit_task_end: parallel_id=0 thread_num=18
[OMPT] implicit_task_end: parallel_id=0 thread_num=19
[OMPT] implicit_task_end: parallel_id=0 thread_num=20
[OMPT] implicit_task_begin: parallel_id=281474976710795 thread_num=12 team_size=32
[OMPT] implicit_task_end: parallel_id=0 thread_num=21
[OMPT] implicit_task_begin: parallel_id=281474976710795 thread_num=20 team_size=32
[OMPT] implicit_task_end: parallel_id=0 thread_num=27
[OMPT] implicit_task_end: parallel_id=0 thread_num=26
[OMPT] implicit_task_end: parallel_id=0 thread_num=10
[OMPT] implicit_task_begin: parallel_id=281474976710795 thread_num=14 team_size=32
[OMPT] implicit_task_end: parallel_id=0 thread_num=1
[OMPT] implicit_task_begin: parallel_id=281474976710795 thread_num=10 team_size=32
[OMPT] implicit_task_end: parallel_id=0 thread_num=7
[OMPT] implicit_task_begin: parallel_id=281474976710795 thread_num=1 team_size=32
[OMPT] implicit_task_begin: parallel_id=281474976710795 thread_num=7 team_size=32
[OMPT] implicit_task_begin: parallel_id=281474976710795 thread_num=9 team_size=32
[OMPT] implicit_task_begin: parallel_id=281474976710795 thread_num=15 team_size=32
[OMPT] implicit_task_end: parallel_id=0 thread_num=28
[OMPT] implicit_task_begin: parallel_id=281474976710795 thread_num=18 team_size=32
[OMPT] implicit_task_begin: parallel_id=281474976710795 thread_num=6 team_size=32
[OMPT] implicit_task_begin: parallel_id=281474976710795 thread_num=28 team_size=32
[OMPT] implicit_task_end: parallel_id=0 thread_num=11
[OMPT] implicit_task_end: parallel_id=0 thread_num=22
[OMPT] implicit_task_begin: parallel_id=281474976710795 thread_num=11 team_size=32
[OMPT] implicit_task_begin: parallel_id=281474976710795 thread_num=22 team_size=32
[OMPT] implicit_task_begin: parallel_id=281474976710795 thread_num=27 team_size=32
[OMPT] implicit_task_begin: parallel_id=281474976710795 thread_num=26 team_size=32
[OMPT] implicit_task_begin: parallel_id=281474976710795 thread_num=2 team_size=32
[OMPT] implicit_task_begin: parallel_id=281474976710795 thread_num=4 team_size=32
[OMPT] implicit_task_end: parallel_id=0 thread_num=31
[OMPT] implicit_task_begin: parallel_id=281474976710795 thread_num=31 team_size=32
[OMPT] implicit_task_end: parallel_id=0 thread_num=30
[OMPT] implicit_task_begin: parallel_id=281474976710795 thread_num=30 team_size=32
[OMPT] implicit_task_end: parallel_id=0 thread_num=29
[OMPT] implicit_task_begin: parallel_id=281474976710795 thread_num=29 team_size=32
[OMPT] implicit_task_begin: parallel_id=281474976710795 thread_num=19 team_size=32
[OMPT] implicit_task_end: parallel_id=0 thread_num=23
[OMPT] implicit_task_begin: parallel_id=281474976710795 thread_num=23 team_size=32
[OMPT] implicit_task_begin: parallel_id=281474976710795 thread_num=21 team_size=32
[OMPT] implicit_task_end: parallel_id=0 thread_num=25
[OMPT] implicit_task_begin: parallel_id=281474976710795 thread_num=25 team_size=32
[OMPT] implicit_task_end: parallel_id=0 thread_num=0
[OMPT] parallel_end: parallel_id=281474976710795
[OMPT] parallel_begin: parallel_id=281474976710797 team_size=32
[OMPT] implicit_task_end: parallel_id=0 thread_num=12
[OMPT] implicit_task_begin: parallel_id=281474976710797 thread_num=0 team_size=32
[OMPT] implicit_task_end: parallel_id=0 thread_num=4
[OMPT] implicit_task_end: parallel_id=0 thread_num=13
[OMPT] implicit_task_end: parallel_id=0 thread_num=16
[OMPT] implicit_task_end: parallel_id=0 thread_num=8
[OMPT] implicit_task_end: parallel_id=0 thread_num=19
[OMPT] implicit_task_begin: parallel_id=281474976710797 thread_num=13 team_size=32
[OMPT] implicit_task_end: parallel_id=0 thread_num=20
[OMPT] implicit_task_begin: parallel_id=281474976710797 thread_num=16 team_size=32
[OMPT] implicit_task_begin: parallel_id=281474976710797 thread_num=8 team_size=32
[OMPT] implicit_task_end: parallel_id=0 thread_num=10
[OMPT] implicit_task_end: parallel_id=0 thread_num=7
[OMPT] implicit_task_begin: parallel_id=281474976710797 thread_num=20 team_size=32
[OMPT] implicit_task_end: parallel_id=0 thread_num=6
[OMPT] implicit_task_begin: parallel_id=281474976710797 thread_num=7 team_size=32
[OMPT] implicit_task_begin: parallel_id=281474976710797 thread_num=6 team_size=32
[OMPT] implicit_task_end: parallel_id=0 thread_num=18
[OMPT] implicit_task_end: parallel_id=0 thread_num=17
[OMPT] implicit_task_end: parallel_id=0 thread_num=11
[OMPT] implicit_task_begin: parallel_id=281474976710797 thread_num=17 team_size=32
[OMPT] implicit_task_end: parallel_id=0 thread_num=9
[OMPT] implicit_task_begin: parallel_id=281474976710797 thread_num=11 team_size=32
[OMPT] implicit_task_end: parallel_id=0 thread_num=3
[OMPT] implicit_task_begin: parallel_id=281474976710797 thread_num=3 team_size=32
[OMPT] implicit_task_end: parallel_id=0 thread_num=1
[OMPT] implicit_task_begin: parallel_id=281474976710797 thread_num=1 team_size=32
[OMPT] implicit_task_begin: parallel_id=281474976710797 thread_num=19 team_size=32
[OMPT] implicit_task_end: parallel_id=0 thread_num=21
[OMPT] implicit_task_begin: parallel_id=281474976710797 thread_num=21 team_size=32
[OMPT] implicit_task_end: parallel_id=0 thread_num=22
[OMPT] implicit_task_begin: parallel_id=281474976710797 thread_num=22 team_size=32
[OMPT] implicit_task_end: parallel_id=0 thread_num=14
[OMPT] implicit_task_begin: parallel_id=281474976710797 thread_num=14 team_size=32
[OMPT] implicit_task_end: parallel_id=0 thread_num=23
[OMPT] implicit_task_begin: parallel_id=281474976710797 thread_num=23 team_size=32
[OMPT] implicit_task_begin: parallel_id=281474976710797 thread_num=10 team_size=32
[OMPT] implicit_task_begin: parallel_id=281474976710797 thread_num=12 team_size=32
[OMPT] implicit_task_end: parallel_id=0 thread_num=2
[OMPT] implicit_task_begin: parallel_id=281474976710797 thread_num=2 team_size=32
[OMPT] implicit_task_begin: parallel_id=281474976710797 thread_num=4 team_size=32
[OMPT] implicit_task_end: parallel_id=0 thread_num=24
[OMPT] implicit_task_end: parallel_id=0 thread_num=26
[OMPT] implicit_task_begin: parallel_id=281474976710797 thread_num=24 team_size=32
[OMPT] implicit_task_end: parallel_id=0 thread_num=28
[OMPT] implicit_task_begin: parallel_id=281474976710797 thread_num=18 team_size=32
[OMPT] implicit_task_end: parallel_id=0 thread_num=29
[OMPT] implicit_task_begin: parallel_id=281474976710797 thread_num=28 team_size=32
[OMPT] implicit_task_end: parallel_id=0 thread_num=15
[OMPT] implicit_task_end: parallel_id=0 thread_num=5
[OMPT] implicit_task_end: parallel_id=0 thread_num=27
[OMPT] implicit_task_begin: parallel_id=281474976710797 thread_num=15 team_size=32
[OMPT] implicit_task_end: parallel_id=0 thread_num=25
[OMPT] implicit_task_begin: parallel_id=281474976710797 thread_num=26 team_size=32
[OMPT] implicit_task_end: parallel_id=0 thread_num=31
[OMPT] implicit_task_begin: parallel_id=281474976710797 thread_num=9 team_size=32
[OMPT] implicit_task_begin: parallel_id=281474976710797 thread_num=31 team_size=32
[OMPT] implicit_task_begin: parallel_id=281474976710797 thread_num=5 team_size=32
[OMPT] implicit_task_begin: parallel_id=281474976710797 thread_num=27 team_size=32
[OMPT] implicit_task_end: parallel_id=0 thread_num=30
[OMPT] implicit_task_begin: parallel_id=281474976710797 thread_num=25 team_size=32
[OMPT] implicit_task_begin: parallel_id=281474976710797 thread_num=29 team_size=32
[OMPT] implicit_task_begin: parallel_id=281474976710797 thread_num=30 team_size=32
[OMPT] implicit_task_end: parallel_id=0 thread_num=0
[OMPT] parallel_end: parallel_id=281474976710797
[OMPT] parallel_begin: parallel_id=281474976710799 team_size=32
[OMPT] implicit_task_end: parallel_id=0 thread_num=16
[OMPT] implicit_task_end: parallel_id=0 thread_num=4
[OMPT] implicit_task_begin: parallel_id=281474976710799 thread_num=0 team_size=32
[OMPT] implicit_task_end: parallel_id=0 thread_num=17
[OMPT] implicit_task_end: parallel_id=0 thread_num=18
[OMPT] implicit_task_end: parallel_id=0 thread_num=8
[OMPT] implicit_task_end: parallel_id=0 thread_num=12
[OMPT] implicit_task_end: parallel_id=0 thread_num=10
[OMPT] implicit_task_end: parallel_id=0 thread_num=14
[OMPT] implicit_task_end: parallel_id=0 thread_num=1
[OMPT] implicit_task_begin: parallel_id=281474976710799 thread_num=17 team_size=32
[OMPT] implicit_task_begin: parallel_id=281474976710799 thread_num=12 team_size=32
[OMPT] implicit_task_end: parallel_id=0 thread_num=24
[OMPT] implicit_task_end: parallel_id=0 thread_num=28
[OMPT] implicit_task_end: parallel_id=0 thread_num=25
[OMPT] implicit_task_end: parallel_id=0 thread_num=29
[OMPT] implicit_task_begin: parallel_id=281474976710799 thread_num=24 team_size=32
[OMPT] implicit_task_begin: parallel_id=281474976710799 thread_num=16 team_size=32
[OMPT] implicit_task_begin: parallel_id=281474976710799 thread_num=4 team_size=32
[OMPT] implicit_task_end: parallel_id=0 thread_num=11
[OMPT] implicit_task_begin: parallel_id=281474976710799 thread_num=18 team_size=32
[OMPT] implicit_task_begin: parallel_id=281474976710799 thread_num=10 team_size=32
[OMPT] implicit_task_begin: parallel_id=281474976710799 thread_num=11 team_size=32
[OMPT] implicit_task_end: parallel_id=0 thread_num=13
[OMPT] implicit_task_begin: parallel_id=281474976710799 thread_num=13 team_size=32
[OMPT] implicit_task_end: parallel_id=0 thread_num=20
[OMPT] implicit_task_end: parallel_id=0 thread_num=23
[OMPT] implicit_task_begin: parallel_id=281474976710799 thread_num=20 team_size=32
[OMPT] implicit_task_begin: parallel_id=281474976710799 thread_num=23 team_size=32
[OMPT] implicit_task_end: parallel_id=0 thread_num=15
[OMPT] implicit_task_begin: parallel_id=281474976710799 thread_num=15 team_size=32
[OMPT] implicit_task_begin: parallel_id=281474976710799 thread_num=14 team_size=32
[OMPT] implicit_task_end: parallel_id=0 thread_num=19
[OMPT] implicit_task_begin: parallel_id=281474976710799 thread_num=19 team_size=32
[OMPT] implicit_task_end: parallel_id=0 thread_num=7
[OMPT] implicit_task_begin: parallel_id=281474976710799 thread_num=7 team_size=32
[OMPT] implicit_task_end: parallel_id=0 thread_num=27
[OMPT] implicit_task_begin: parallel_id=281474976710799 thread_num=27 team_size=32
[OMPT] implicit_task_begin: parallel_id=281474976710799 thread_num=1 team_size=32
[OMPT] implicit_task_end: parallel_id=0 thread_num=26
[OMPT] implicit_task_begin: parallel_id=281474976710799 thread_num=26 team_size=32
[OMPT] implicit_task_end: parallel_id=0 thread_num=31
[OMPT] implicit_task_begin: parallel_id=281474976710799 thread_num=31 team_size=32
[OMPT] implicit_task_end: parallel_id=0 thread_num=30
[OMPT] implicit_task_end: parallel_id=0 thread_num=5
[OMPT] implicit_task_begin: parallel_id=281474976710799 thread_num=5 team_size=32
[OMPT] implicit_task_begin: parallel_id=281474976710799 thread_num=25 team_size=32
[OMPT] implicit_task_begin: parallel_id=281474976710799 thread_num=28 team_size=32
[OMPT] implicit_task_begin: parallel_id=281474976710799 thread_num=29 team_size=32
[OMPT] implicit_task_end: parallel_id=0 thread_num=9
[OMPT] implicit_task_begin: parallel_id=281474976710799 thread_num=9 team_size=32
[OMPT] implicit_task_end: parallel_id=0 thread_num=2
[OMPT] implicit_task_begin: parallel_id=281474976710799 thread_num=2 team_size=32
[OMPT] implicit_task_end: parallel_id=0 thread_num=3
[OMPT] implicit_task_begin: parallel_id=281474976710799 thread_num=3 team_size=32
[OMPT] implicit_task_end: parallel_id=0 thread_num=22
[OMPT] implicit_task_begin: parallel_id=281474976710799 thread_num=22 team_size=32
[OMPT] implicit_task_end: parallel_id=0 thread_num=21
[OMPT] implicit_task_begin: parallel_id=281474976710799 thread_num=21 team_size=32
[OMPT] implicit_task_begin: parallel_id=281474976710799 thread_num=8 team_size=32
[OMPT] implicit_task_end: parallel_id=0 thread_num=6
[OMPT] implicit_task_begin: parallel_id=281474976710799 thread_num=6 team_size=32
[OMPT] implicit_task_begin: parallel_id=281474976710799 thread_num=30 team_size=32
[OMPT] implicit_task_end: parallel_id=0 thread_num=0
[OMPT] parallel_end: parallel_id=281474976710799
[OMPT] parallel_begin: parallel_id=281474976710801 team_size=32
[OMPT] implicit_task_end: parallel_id=0 thread_num=12
[OMPT] implicit_task_end: parallel_id=0 thread_num=8
[OMPT] implicit_task_begin: parallel_id=281474976710801 thread_num=0 team_size=32
[OMPT] implicit_task_end: parallel_id=0 thread_num=13
[OMPT] implicit_task_end: parallel_id=0 thread_num=16
[OMPT] implicit_task_end: parallel_id=0 thread_num=3
[OMPT] implicit_task_end: parallel_id=0 thread_num=28
[OMPT] implicit_task_begin: parallel_id=281474976710801 thread_num=13 team_size=32
[OMPT] implicit_task_end: parallel_id=0 thread_num=31
[OMPT] implicit_task_begin: parallel_id=281474976710801 thread_num=16 team_size=32
[OMPT] implicit_task_begin: parallel_id=281474976710801 thread_num=3 team_size=32
[OMPT] implicit_task_end: parallel_id=0 thread_num=9
[OMPT] implicit_task_end: parallel_id=0 thread_num=10
[OMPT] implicit_task_begin: parallel_id=281474976710801 thread_num=12 team_size=32
[OMPT] implicit_task_end: parallel_id=0 thread_num=24
[OMPT] implicit_task_end: parallel_id=0 thread_num=26
[OMPT] implicit_task_begin: parallel_id=281474976710801 thread_num=24 team_size=32
[OMPT] implicit_task_end: parallel_id=0 thread_num=18
[OMPT] implicit_task_end: parallel_id=0 thread_num=17
[OMPT] implicit_task_begin: parallel_id=281474976710801 thread_num=18 team_size=32
[OMPT] implicit_task_end: parallel_id=0 thread_num=2
[OMPT] implicit_task_begin: parallel_id=281474976710801 thread_num=17 team_size=32
[OMPT] implicit_task_begin: parallel_id=281474976710801 thread_num=8 team_size=32
[OMPT] implicit_task_end: parallel_id=0 thread_num=20
[OMPT] implicit_task_end: parallel_id=0 thread_num=1
[OMPT] implicit_task_end: parallel_id=0 thread_num=30
[OMPT] implicit_task_end: parallel_id=0 thread_num=29
[OMPT] implicit_task_end: parallel_id=0 thread_num=14
[OMPT] implicit_task_begin: parallel_id=281474976710801 thread_num=29 team_size=32
[OMPT] implicit_task_end: parallel_id=0 thread_num=15
[OMPT] implicit_task_begin: parallel_id=281474976710801 thread_num=14 team_size=32
[OMPT] implicit_task_begin: parallel_id=281474976710801 thread_num=15 team_size=32
[OMPT] implicit_task_begin: parallel_id=281474976710801 thread_num=28 team_size=32
[OMPT] implicit_task_begin: parallel_id=281474976710801 thread_num=31 team_size=32
[OMPT] implicit_task_end: parallel_id=0 thread_num=4
[OMPT] implicit_task_begin: parallel_id=281474976710801 thread_num=9 team_size=32
[OMPT] implicit_task_end: parallel_id=0 thread_num=5
[OMPT] implicit_task_begin: parallel_id=281474976710801 thread_num=10 team_size=32
[OMPT] implicit_task_begin: parallel_id=281474976710801 thread_num=5 team_size=32
[OMPT] implicit_task_end: parallel_id=0 thread_num=27
[OMPT] implicit_task_end: parallel_id=0 thread_num=19
[OMPT] implicit_task_begin: parallel_id=281474976710801 thread_num=26 team_size=32
[OMPT] implicit_task_begin: parallel_id=281474976710801 thread_num=2 team_size=32
[OMPT] implicit_task_end: parallel_id=0 thread_num=21
[OMPT] implicit_task_end: parallel_id=0 thread_num=22
[OMPT] implicit_task_begin: parallel_id=281474976710801 thread_num=21 team_size=32
[OMPT] implicit_task_begin: parallel_id=281474976710801 thread_num=20 team_size=32
[OMPT] implicit_task_begin: parallel_id=281474976710801 thread_num=22 team_size=32
[OMPT] implicit_task_begin: parallel_id=281474976710801 thread_num=30 team_size=32
[OMPT] implicit_task_end: parallel_id=0 thread_num=11
[OMPT] implicit_task_end: parallel_id=0 thread_num=6
[OMPT] implicit_task_begin: parallel_id=281474976710801 thread_num=11 team_size=32
[OMPT] implicit_task_begin: parallel_id=281474976710801 thread_num=6 team_size=32
[OMPT] implicit_task_end: parallel_id=0 thread_num=25
[OMPT] implicit_task_begin: parallel_id=281474976710801 thread_num=25 team_size=32
[OMPT] implicit_task_begin: parallel_id=281474976710801 thread_num=19 team_size=32
[OMPT] implicit_task_end: parallel_id=0 thread_num=23
[OMPT] implicit_task_begin: parallel_id=281474976710801 thread_num=1 team_size=32
[OMPT] implicit_task_begin: parallel_id=281474976710801 thread_num=23 team_size=32
[OMPT] implicit_task_end: parallel_id=0 thread_num=7
[OMPT] implicit_task_begin: parallel_id=281474976710801 thread_num=4 team_size=32
[OMPT] implicit_task_begin: parallel_id=281474976710801 thread_num=7 team_size=32
[OMPT] implicit_task_begin: parallel_id=281474976710801 thread_num=27 team_size=32
[OMPT] implicit_task_end: parallel_id=0 thread_num=0
[OMPT] parallel_end: parallel_id=281474976710801
[OMPT] parallel_begin: parallel_id=281474976710803 team_size=32
[OMPT] implicit_task_end: parallel_id=0 thread_num=16
[OMPT] implicit_task_end: parallel_id=0 thread_num=3
[OMPT] implicit_task_begin: parallel_id=281474976710803 thread_num=0 team_size=32
[OMPT] implicit_task_end: parallel_id=0 thread_num=28
[OMPT] implicit_task_end: parallel_id=0 thread_num=24
[OMPT] implicit_task_end: parallel_id=0 thread_num=31
[OMPT] implicit_task_end: parallel_id=0 thread_num=26
[OMPT] implicit_task_end: parallel_id=0 thread_num=1
[OMPT] implicit_task_begin: parallel_id=281474976710803 thread_num=31 team_size=32
[OMPT] implicit_task_begin: parallel_id=281474976710803 thread_num=26 team_size=32
[OMPT] implicit_task_end: parallel_id=0 thread_num=20
[OMPT] implicit_task_begin: parallel_id=281474976710803 thread_num=1 team_size=32
[OMPT] implicit_task_end: parallel_id=0 thread_num=18
[OMPT] implicit_task_begin: parallel_id=281474976710803 thread_num=20 team_size=32
[OMPT] implicit_task_begin: parallel_id=281474976710803 thread_num=18 team_size=32
[OMPT] implicit_task_begin: parallel_id=281474976710803 thread_num=3 team_size=32
[OMPT] implicit_task_end: parallel_id=0 thread_num=12
[OMPT] implicit_task_end: parallel_id=0 thread_num=8
[OMPT] implicit_task_end: parallel_id=0 thread_num=13
[OMPT] implicit_task_end: parallel_id=0 thread_num=29
[OMPT] implicit_task_begin: parallel_id=281474976710803 thread_num=8 team_size=32
[OMPT] implicit_task_end: parallel_id=0 thread_num=30
[OMPT] implicit_task_begin: parallel_id=281474976710803 thread_num=13 team_size=32
[OMPT] implicit_task_begin: parallel_id=281474976710803 thread_num=29 team_size=32
[OMPT] implicit_task_end: parallel_id=0 thread_num=25
[OMPT] implicit_task_begin: parallel_id=281474976710803 thread_num=24 team_size=32
[OMPT] implicit_task_end: parallel_id=0 thread_num=2
[OMPT] implicit_task_end: parallel_id=0 thread_num=23
[OMPT] implicit_task_begin: parallel_id=281474976710803 thread_num=2 team_size=32
[OMPT] implicit_task_end: parallel_id=0 thread_num=21
[OMPT] implicit_task_end: parallel_id=0 thread_num=22
[OMPT] implicit_task_begin: parallel_id=281474976710803 thread_num=21 team_size=32
[OMPT] implicit_task_end: parallel_id=0 thread_num=19
[OMPT] implicit_task_begin: parallel_id=281474976710803 thread_num=22 team_size=32
[OMPT] implicit_task_end: parallel_id=0 thread_num=4
[OMPT] implicit_task_end: parallel_id=0 thread_num=7
[OMPT] implicit_task_end: parallel_id=0 thread_num=15
[OMPT] implicit_task_end: parallel_id=0 thread_num=14
[OMPT] implicit_task_begin: parallel_id=281474976710803 thread_num=7 team_size=32
[OMPT] implicit_task_end: parallel_id=0 thread_num=11
[OMPT] implicit_task_begin: parallel_id=281474976710803 thread_num=12 team_size=32
[OMPT] implicit_task_begin: parallel_id=281474976710803 thread_num=15 team_size=32
[OMPT] implicit_task_begin: parallel_id=281474976710803 thread_num=11 team_size=32
[OMPT] implicit_task_end: parallel_id=0 thread_num=27
[OMPT] implicit_task_begin: parallel_id=281474976710803 thread_num=30 team_size=32
[OMPT] implicit_task_begin: parallel_id=281474976710803 thread_num=28 team_size=32
[OMPT] implicit_task_begin: parallel_id=281474976710803 thread_num=25 team_size=32
[OMPT] implicit_task_end: parallel_id=0 thread_num=17
[OMPT] implicit_task_begin: parallel_id=281474976710803 thread_num=23 team_size=32
[OMPT] implicit_task_begin: parallel_id=281474976710803 thread_num=17 team_size=32
[OMPT] implicit_task_begin: parallel_id=281474976710803 thread_num=19 team_size=32
[OMPT] implicit_task_end: parallel_id=0 thread_num=6
[OMPT] implicit_task_end: parallel_id=0 thread_num=5
[OMPT] implicit_task_begin: parallel_id=281474976710803 thread_num=5 team_size=32
[OMPT] implicit_task_begin: parallel_id=281474976710803 thread_num=14 team_size=32
[OMPT] implicit_task_end: parallel_id=0 thread_num=9
[OMPT] implicit_task_begin: parallel_id=281474976710803 thread_num=9 team_size=32
[OMPT] implicit_task_begin: parallel_id=281474976710803 thread_num=27 team_size=32
[OMPT] implicit_task_begin: parallel_id=281474976710803 thread_num=16 team_size=32
[OMPT] implicit_task_begin: parallel_id=281474976710803 thread_num=4 team_size=32
[OMPT] implicit_task_end: parallel_id=0 thread_num=10
[OMPT] implicit_task_begin: parallel_id=281474976710803 thread_num=10 team_size=32
[OMPT] implicit_task_begin: parallel_id=281474976710803 thread_num=6 team_size=32
[OMPT] implicit_task_end: parallel_id=0 thread_num=0
[OMPT] parallel_end: parallel_id=281474976710803
[OMPT] parallel_begin: parallel_id=281474976710805 team_size=32
[OMPT] implicit_task_end: parallel_id=0 thread_num=16
[OMPT] implicit_task_end: parallel_id=0 thread_num=3
[OMPT] implicit_task_end: parallel_id=0 thread_num=28
[OMPT] implicit_task_end: parallel_id=0 thread_num=18
[OMPT] implicit_task_begin: parallel_id=281474976710805 thread_num=16 team_size=32
[OMPT] implicit_task_end: parallel_id=0 thread_num=4
[OMPT] implicit_task_end: parallel_id=0 thread_num=2
[OMPT] implicit_task_end: parallel_id=0 thread_num=7
[OMPT] implicit_task_end: parallel_id=0 thread_num=5
[OMPT] implicit_task_end: parallel_id=0 thread_num=19
[OMPT] implicit_task_end: parallel_id=0 thread_num=24
[OMPT] implicit_task_end: parallel_id=0 thread_num=27
[OMPT] implicit_task_end: parallel_id=0 thread_num=25
[OMPT] implicit_task_begin: parallel_id=281474976710805 thread_num=24 team_size=32
[OMPT] implicit_task_begin: parallel_id=281474976710805 thread_num=27 team_size=32
[OMPT] implicit_task_end: parallel_id=0 thread_num=12
[OMPT] implicit_task_end: parallel_id=0 thread_num=31
[OMPT] implicit_task_end: parallel_id=0 thread_num=13
[OMPT] implicit_task_end: parallel_id=0 thread_num=29
[OMPT] implicit_task_begin: parallel_id=281474976710805 thread_num=31 team_size=32
[OMPT] implicit_task_begin: parallel_id=281474976710805 thread_num=13 team_size=32
[OMPT] implicit_task_end: parallel_id=0 thread_num=30
[OMPT] implicit_task_end: parallel_id=0 thread_num=8
[OMPT] implicit_task_end: parallel_id=0 thread_num=1
[OMPT] implicit_task_begin: parallel_id=281474976710805 thread_num=8 team_size=32
[OMPT] implicit_task_begin: parallel_id=281474976710805 thread_num=30 team_size=32
[OMPT] implicit_task_begin: parallel_id=281474976710805 thread_num=1 team_size=32
[OMPT] implicit_task_end: parallel_id=0 thread_num=20
[OMPT] implicit_task_begin: parallel_id=281474976710805 thread_num=2 team_size=32
[OMPT] implicit_task_end: parallel_id=0 thread_num=21
[OMPT] implicit_task_begin: parallel_id=281474976710805 thread_num=5 team_size=32
[OMPT] implicit_task_begin: parallel_id=281474976710805 thread_num=21 team_size=32
[OMPT] implicit_task_end: parallel_id=0 thread_num=17
[OMPT] implicit_task_begin: parallel_id=281474976710805 thread_num=17 team_size=32
[OMPT] implicit_task_begin: parallel_id=281474976710805 thread_num=25 team_size=32
[OMPT] implicit_task_end: parallel_id=0 thread_num=15
[OMPT] implicit_task_begin: parallel_id=281474976710805 thread_num=15 team_size=32
[OMPT] implicit_task_end: parallel_id=0 thread_num=14
[OMPT] implicit_task_begin: parallel_id=281474976710805 thread_num=14 team_size=32
[OMPT] implicit_task_begin: parallel_id=281474976710805 thread_num=12 team_size=32
[OMPT] implicit_task_begin: parallel_id=281474976710805 thread_num=28 team_size=32
[OMPT] implicit_task_begin: parallel_id=281474976710805 thread_num=29 team_size=32
[OMPT] implicit_task_end: parallel_id=0 thread_num=11
[OMPT] implicit_task_begin: parallel_id=281474976710805 thread_num=11 team_size=32
[OMPT] implicit_task_end: parallel_id=0 thread_num=6
[OMPT] implicit_task_end: parallel_id=0 thread_num=9
[OMPT] implicit_task_begin: parallel_id=281474976710805 thread_num=6 team_size=32
[OMPT] implicit_task_begin: parallel_id=281474976710805 thread_num=9 team_size=32
[OMPT] implicit_task_begin: parallel_id=281474976710805 thread_num=4 team_size=32
[OMPT] implicit_task_begin: parallel_id=281474976710805 thread_num=0 team_size=32
[OMPT] implicit_task_end: parallel_id=0 thread_num=23
[OMPT] implicit_task_begin: parallel_id=281474976710805 thread_num=23 team_size=32
[OMPT] implicit_task_end: parallel_id=0 thread_num=22
[OMPT] implicit_task_begin: parallel_id=281474976710805 thread_num=22 team_size=32
[OMPT] implicit_task_begin: parallel_id=281474976710805 thread_num=7 team_size=32
[OMPT] implicit_task_begin: parallel_id=281474976710805 thread_num=20 team_size=32
[OMPT] implicit_task_begin: parallel_id=281474976710805 thread_num=19 team_size=32
[OMPT] implicit_task_end: parallel_id=0 thread_num=26
[OMPT] implicit_task_begin: parallel_id=281474976710805 thread_num=26 team_size=32
[OMPT] implicit_task_begin: parallel_id=281474976710805 thread_num=3 team_size=32
[OMPT] implicit_task_begin: parallel_id=281474976710805 thread_num=18 team_size=32
[OMPT] implicit_task_end: parallel_id=0 thread_num=10
[OMPT] implicit_task_begin: parallel_id=281474976710805 thread_num=10 team_size=32
[OMPT] implicit_task_end: parallel_id=0 thread_num=0
[OMPT] parallel_end: parallel_id=281474976710805
[OMPT] parallel_begin: parallel_id=281474976710807 team_size=32
[OMPT] implicit_task_end: parallel_id=0 thread_num=16
[OMPT] implicit_task_end: parallel_id=0 thread_num=8
[OMPT] implicit_task_end: parallel_id=0 thread_num=20
[OMPT] implicit_task_end: parallel_id=0 thread_num=10
[OMPT] implicit_task_end: parallel_id=0 thread_num=11
[OMPT] implicit_task_end: parallel_id=0 thread_num=4
[OMPT] implicit_task_end: parallel_id=0 thread_num=22
[OMPT] implicit_task_end: parallel_id=0 thread_num=3
[OMPT] implicit_task_end: parallel_id=0 thread_num=1
[OMPT] implicit_task_end: parallel_id=0 thread_num=19
[OMPT] implicit_task_begin: parallel_id=281474976710807 thread_num=3 team_size=32
[OMPT] implicit_task_end: parallel_id=0 thread_num=24
[OMPT] implicit_task_end: parallel_id=0 thread_num=27
[OMPT] implicit_task_end: parallel_id=0 thread_num=25
[OMPT] implicit_task_end: parallel_id=0 thread_num=9
[OMPT] implicit_task_end: parallel_id=0 thread_num=12
[OMPT] implicit_task_begin: parallel_id=281474976710807 thread_num=16 team_size=32
[OMPT] implicit_task_end: parallel_id=0 thread_num=13
[OMPT] implicit_task_begin: parallel_id=281474976710807 thread_num=27 team_size=32
[OMPT] implicit_task_end: parallel_id=0 thread_num=23
[OMPT] implicit_task_end: parallel_id=0 thread_num=21
[OMPT] implicit_task_begin: parallel_id=281474976710807 thread_num=8 team_size=32
[OMPT] implicit_task_begin: parallel_id=281474976710807 thread_num=24 team_size=32
[OMPT] implicit_task_begin: parallel_id=281474976710807 thread_num=20 team_size=32
[OMPT] implicit_task_end: parallel_id=0 thread_num=7
[OMPT] implicit_task_begin: parallel_id=281474976710807 thread_num=21 team_size=32
[OMPT] implicit_task_begin: parallel_id=281474976710807 thread_num=13 team_size=32
[OMPT] implicit_task_begin: parallel_id=281474976710807 thread_num=1 team_size=32
[OMPT] implicit_task_end: parallel_id=0 thread_num=28
[OMPT] implicit_task_begin: parallel_id=281474976710807 thread_num=4 team_size=32
[OMPT] implicit_task_end: parallel_id=0 thread_num=29
[OMPT] implicit_task_begin: parallel_id=281474976710807 thread_num=0 team_size=32
[OMPT] implicit_task_begin: parallel_id=281474976710807 thread_num=7 team_size=32
[OMPT] implicit_task_begin: parallel_id=281474976710807 thread_num=29 team_size=32
[OMPT] implicit_task_begin: parallel_id=281474976710807 thread_num=19 team_size=32
[OMPT] implicit_task_begin: parallel_id=281474976710807 thread_num=22 team_size=32
[OMPT] implicit_task_begin: parallel_id=281474976710807 thread_num=25 team_size=32
[OMPT] implicit_task_end: parallel_id=0 thread_num=14
[OMPT] implicit_task_end: parallel_id=0 thread_num=15
[OMPT] implicit_task_begin: parallel_id=281474976710807 thread_num=15 team_size=32
[OMPT] implicit_task_end: parallel_id=0 thread_num=2
[OMPT] implicit_task_begin: parallel_id=281474976710807 thread_num=2 team_size=32
[OMPT] implicit_task_begin: parallel_id=281474976710807 thread_num=23 team_size=32
[OMPT] implicit_task_end: parallel_id=0 thread_num=5
[OMPT] implicit_task_begin: parallel_id=281474976710807 thread_num=5 team_size=32
[OMPT] implicit_task_end: parallel_id=0 thread_num=6
[OMPT] implicit_task_begin: parallel_id=281474976710807 thread_num=10 team_size=32
[OMPT] implicit_task_end: parallel_id=0 thread_num=31
[OMPT] implicit_task_begin: parallel_id=281474976710807 thread_num=31 team_size=32
[OMPT] implicit_task_end: parallel_id=0 thread_num=30
[OMPT] implicit_task_begin: parallel_id=281474976710807 thread_num=30 team_size=32
[OMPT] implicit_task_end: parallel_id=0 thread_num=18
[OMPT] implicit_task_begin: parallel_id=281474976710807 thread_num=18 team_size=32
[OMPT] implicit_task_begin: parallel_id=281474976710807 thread_num=12 team_size=32
[OMPT] implicit_task_begin: parallel_id=281474976710807 thread_num=28 team_size=32
[OMPT] implicit_task_begin: parallel_id=281474976710807 thread_num=11 team_size=32
[OMPT] implicit_task_end: parallel_id=0 thread_num=26
[OMPT] implicit_task_begin: parallel_id=281474976710807 thread_num=26 team_size=32
[OMPT] implicit_task_end: parallel_id=0 thread_num=17
[OMPT] implicit_task_begin: parallel_id=281474976710807 thread_num=14 team_size=32
[OMPT] implicit_task_begin: parallel_id=281474976710807 thread_num=9 team_size=32
[OMPT] implicit_task_begin: parallel_id=281474976710807 thread_num=6 team_size=32
[OMPT] implicit_task_begin: parallel_id=281474976710807 thread_num=17 team_size=32
[OMPT] implicit_task_end: parallel_id=0 thread_num=0
[OMPT] parallel_end: parallel_id=281474976710807
[OMPT] parallel_begin: parallel_id=281474976710809 team_size=32
[OMPT] implicit_task_end: parallel_id=0 thread_num=16
[OMPT] implicit_task_begin: parallel_id=281474976710809 thread_num=0 team_size=32
[OMPT] implicit_task_end: parallel_id=0 thread_num=3
[OMPT] implicit_task_end: parallel_id=0 thread_num=19
[OMPT] implicit_task_begin: parallel_id=281474976710809 thread_num=16 team_size=32
[OMPT] implicit_task_begin: parallel_id=281474976710809 thread_num=19 team_size=32
[OMPT] implicit_task_end: parallel_id=0 thread_num=12
[OMPT] implicit_task_end: parallel_id=0 thread_num=24
[OMPT] implicit_task_end: parallel_id=0 thread_num=27
[OMPT] implicit_task_begin: parallel_id=281474976710809 thread_num=12 team_size=32
[OMPT] implicit_task_end: parallel_id=0 thread_num=20
[OMPT] implicit_task_begin: parallel_id=281474976710809 thread_num=27 team_size=32
[OMPT] implicit_task_end: parallel_id=0 thread_num=21
[OMPT] implicit_task_begin: parallel_id=281474976710809 thread_num=20 team_size=32
[OMPT] implicit_task_end: parallel_id=0 thread_num=8
[OMPT] implicit_task_end: parallel_id=0 thread_num=11
[OMPT] implicit_task_end: parallel_id=0 thread_num=1
[OMPT] implicit_task_begin: parallel_id=281474976710809 thread_num=11 team_size=32
[OMPT] implicit_task_end: parallel_id=0 thread_num=14
[OMPT] implicit_task_begin: parallel_id=281474976710809 thread_num=14 team_size=32
[OMPT] implicit_task_end: parallel_id=0 thread_num=13
[OMPT] implicit_task_begin: parallel_id=281474976710809 thread_num=13 team_size=32
[OMPT] implicit_task_end: parallel_id=0 thread_num=25
[OMPT] implicit_task_begin: parallel_id=281474976710809 thread_num=25 team_size=32
[OMPT] implicit_task_end: parallel_id=0 thread_num=26
[OMPT] implicit_task_begin: parallel_id=281474976710809 thread_num=26 team_size=32
[OMPT] implicit_task_begin: parallel_id=281474976710809 thread_num=24 team_size=32
[OMPT] implicit_task_end: parallel_id=0 thread_num=23
[OMPT] implicit_task_begin: parallel_id=281474976710809 thread_num=23 team_size=32
[OMPT] implicit_task_end: parallel_id=0 thread_num=22
[OMPT] implicit_task_begin: parallel_id=281474976710809 thread_num=22 team_size=32
[OMPT] implicit_task_end: parallel_id=0 thread_num=18
[OMPT] implicit_task_begin: parallel_id=281474976710809 thread_num=18 team_size=32
[OMPT] implicit_task_end: parallel_id=0 thread_num=17
[OMPT] implicit_task_begin: parallel_id=281474976710809 thread_num=17 team_size=32
[OMPT] implicit_task_end: parallel_id=0 thread_num=2
[OMPT] implicit_task_begin: parallel_id=281474976710809 thread_num=2 team_size=32
[OMPT] implicit_task_begin: parallel_id=281474976710809 thread_num=21 team_size=32
[OMPT] implicit_task_end: parallel_id=0 thread_num=10
[OMPT] implicit_task_begin: parallel_id=281474976710809 thread_num=10 team_size=32
[OMPT] implicit_task_begin: parallel_id=281474976710809 thread_num=3 team_size=32
[OMPT] implicit_task_end: parallel_id=0 thread_num=4
[OMPT] implicit_task_end: parallel_id=0 thread_num=6
[OMPT] implicit_task_end: parallel_id=0 thread_num=9
[OMPT] implicit_task_begin: parallel_id=281474976710809 thread_num=6 team_size=32
[OMPT] implicit_task_begin: parallel_id=281474976710809 thread_num=9 team_size=32
[OMPT] implicit_task_end: parallel_id=0 thread_num=15
[OMPT] implicit_task_begin: parallel_id=281474976710809 thread_num=15 team_size=32
[OMPT] implicit_task_end: parallel_id=0 thread_num=28
[OMPT] implicit_task_end: parallel_id=0 thread_num=31
[OMPT] implicit_task_begin: parallel_id=281474976710809 thread_num=28 team_size=32
[OMPT] implicit_task_end: parallel_id=0 thread_num=7
[OMPT] implicit_task_begin: parallel_id=281474976710809 thread_num=31 team_size=32
[OMPT] implicit_task_begin: parallel_id=281474976710809 thread_num=4 team_size=32
[OMPT] implicit_task_begin: parallel_id=281474976710809 thread_num=8 team_size=32
[OMPT] implicit_task_begin: parallel_id=281474976710809 thread_num=1 team_size=32
[OMPT] implicit_task_end: parallel_id=0 thread_num=30
[OMPT] implicit_task_end: parallel_id=0 thread_num=5
[OMPT] implicit_task_begin: parallel_id=281474976710809 thread_num=30 team_size=32
[OMPT] implicit_task_begin: parallel_id=281474976710809 thread_num=5 team_size=32
[OMPT] implicit_task_end: parallel_id=0 thread_num=29
[OMPT] implicit_task_begin: parallel_id=281474976710809 thread_num=29 team_size=32
[OMPT] implicit_task_begin: parallel_id=281474976710809 thread_num=7 team_size=32
[OMPT] implicit_task_end: parallel_id=0 thread_num=0
[OMPT] parallel_end: parallel_id=281474976710809
[OMPT] parallel_begin: parallel_id=281474976710811 team_size=32
[OMPT] implicit_task_end: parallel_id=0 thread_num=16
[OMPT] implicit_task_end: parallel_id=0 thread_num=3
[OMPT] implicit_task_end: parallel_id=0 thread_num=19
[OMPT] implicit_task_begin: parallel_id=281474976710811 thread_num=16 team_size=32
[OMPT] implicit_task_end: parallel_id=0 thread_num=8
[OMPT] implicit_task_begin: parallel_id=281474976710811 thread_num=19 team_size=32
[OMPT] implicit_task_end: parallel_id=0 thread_num=10
[OMPT] implicit_task_end: parallel_id=0 thread_num=1
[OMPT] implicit_task_end: parallel_id=0 thread_num=20
[OMPT] implicit_task_begin: parallel_id=281474976710811 thread_num=1 team_size=32
[OMPT] implicit_task_end: parallel_id=0 thread_num=23
[OMPT] implicit_task_begin: parallel_id=281474976710811 thread_num=20 team_size=32
[OMPT] implicit_task_begin: parallel_id=281474976710811 thread_num=23 team_size=32
[OMPT] implicit_task_end: parallel_id=0 thread_num=18
[OMPT] implicit_task_begin: parallel_id=281474976710811 thread_num=3 team_size=32
[OMPT] implicit_task_begin: parallel_id=281474976710811 thread_num=18 team_size=32
[OMPT] implicit_task_end: parallel_id=0 thread_num=12
[OMPT] implicit_task_end: parallel_id=0 thread_num=14
[OMPT] implicit_task_end: parallel_id=0 thread_num=11
[OMPT] implicit_task_end: parallel_id=0 thread_num=2
[OMPT] implicit_task_begin: parallel_id=281474976710811 thread_num=11 team_size=32
[OMPT] implicit_task_end: parallel_id=0 thread_num=4
[OMPT] implicit_task_begin: parallel_id=281474976710811 thread_num=2 team_size=32
[OMPT] implicit_task_end: parallel_id=0 thread_num=6
[OMPT] implicit_task_begin: parallel_id=281474976710811 thread_num=10 team_size=32
[OMPT] implicit_task_begin: parallel_id=281474976710811 thread_num=6 team_size=32
[OMPT] implicit_task_begin: parallel_id=281474976710811 thread_num=0 team_size=32
[OMPT] implicit_task_end: parallel_id=0 thread_num=22
[OMPT] implicit_task_begin: parallel_id=281474976710811 thread_num=22 team_size=32
[OMPT] implicit_task_end: parallel_id=0 thread_num=21
[OMPT] implicit_task_begin: parallel_id=281474976710811 thread_num=21 team_size=32
[OMPT] implicit_task_end: parallel_id=0 thread_num=24
[OMPT] implicit_task_end: parallel_id=0 thread_num=27
[OMPT] implicit_task_begin: parallel_id=281474976710811 thread_num=24 team_size=32
[OMPT] implicit_task_end: parallel_id=0 thread_num=17
[OMPT] implicit_task_end: parallel_id=0 thread_num=9
[OMPT] implicit_task_begin: parallel_id=281474976710811 thread_num=17 team_size=32
[OMPT] implicit_task_begin: parallel_id=281474976710811 thread_num=9 team_size=32
[OMPT] implicit_task_end: parallel_id=0 thread_num=13
[OMPT] implicit_task_begin: parallel_id=281474976710811 thread_num=12 team_size=32
[OMPT] implicit_task_begin: parallel_id=281474976710811 thread_num=13 team_size=32
[OMPT] implicit_task_begin: parallel_id=281474976710811 thread_num=14 team_size=32
[OMPT] implicit_task_end: parallel_id=0 thread_num=5
[OMPT] implicit_task_end: parallel_id=0 thread_num=7
[OMPT] implicit_task_begin: parallel_id=281474976710811 thread_num=5 team_size=32
[OMPT] implicit_task_begin: parallel_id=281474976710811 thread_num=4 team_size=32
[OMPT] implicit_task_end: parallel_id=0 thread_num=28
[OMPT] implicit_task_end: parallel_id=0 thread_num=31
[OMPT] implicit_task_begin: parallel_id=281474976710811 thread_num=28 team_size=32
[OMPT] implicit_task_end: parallel_id=0 thread_num=26
[OMPT] implicit_task_begin: parallel_id=281474976710811 thread_num=31 team_size=32
[OMPT] implicit_task_begin: parallel_id=281474976710811 thread_num=27 team_size=32
[OMPT] implicit_task_begin: parallel_id=281474976710811 thread_num=26 team_size=32
[OMPT] implicit_task_begin: parallel_id=281474976710811 thread_num=7 team_size=32
[OMPT] implicit_task_end: parallel_id=0 thread_num=30
[OMPT] implicit_task_end: parallel_id=0 thread_num=29
[OMPT] implicit_task_begin: parallel_id=281474976710811 thread_num=30 team_size=32
[OMPT] implicit_task_end: parallel_id=0 thread_num=15
[OMPT] implicit_task_begin: parallel_id=281474976710811 thread_num=8 team_size=32
[OMPT] implicit_task_end: parallel_id=0 thread_num=25
[OMPT] implicit_task_begin: parallel_id=281474976710811 thread_num=15 team_size=32
[OMPT] implicit_task_begin: parallel_id=281474976710811 thread_num=25 team_size=32
[OMPT] implicit_task_begin: parallel_id=281474976710811 thread_num=29 team_size=32
[OMPT] implicit_task_end: parallel_id=0 thread_num=0
[OMPT] parallel_end: parallel_id=281474976710811
[OMPT] parallel_begin: parallel_id=281474976710813 team_size=32
[OMPT] implicit_task_end: parallel_id=0 thread_num=12
[OMPT] implicit_task_end: parallel_id=0 thread_num=4
[OMPT] implicit_task_end: parallel_id=0 thread_num=14
[OMPT] implicit_task_end: parallel_id=0 thread_num=5
[OMPT] implicit_task_end: parallel_id=0 thread_num=16
[OMPT] implicit_task_end: parallel_id=0 thread_num=2
[OMPT] implicit_task_end: parallel_id=0 thread_num=3
[OMPT] implicit_task_end: parallel_id=0 thread_num=17
[OMPT] implicit_task_end: parallel_id=0 thread_num=15
[OMPT] implicit_task_end: parallel_id=0 thread_num=7
[OMPT] implicit_task_end: parallel_id=0 thread_num=6
[OMPT] implicit_task_end: parallel_id=0 thread_num=8
[OMPT] implicit_task_end: parallel_id=0 thread_num=11
[OMPT] implicit_task_end: parallel_id=0 thread_num=20
[OMPT] implicit_task_end: parallel_id=0 thread_num=21
[OMPT] implicit_task_end: parallel_id=0 thread_num=24
[OMPT] implicit_task_end: parallel_id=0 thread_num=27
[OMPT] implicit_task_end: parallel_id=0 thread_num=25
[OMPT] implicit_task_end: parallel_id=0 thread_num=13
[OMPT] implicit_task_end: parallel_id=0 thread_num=9
[OMPT] implicit_task_end: parallel_id=0 thread_num=10
[OMPT] implicit_task_end: parallel_id=0 thread_num=19
[OMPT] implicit_task_end: parallel_id=0 thread_num=22
[OMPT] implicit_task_end: parallel_id=0 thread_num=23
[OMPT] implicit_task_end: parallel_id=0 thread_num=18
[OMPT] implicit_task_end: parallel_id=0 thread_num=28
[OMPT] implicit_task_end: parallel_id=0 thread_num=31
[OMPT] implicit_task_end: parallel_id=0 thread_num=1
[OMPT] implicit_task_end: parallel_id=0 thread_num=29
[OMPT] implicit_task_end: parallel_id=0 thread_num=30
[OMPT] implicit_task_end: parallel_id=0 thread_num=26
[OMPT][WIN100ms] ompt_id=281474976710657 tid=1054869 tipo=ompt_thread_initial    cpu=255 numa=1  d_rm=   54976  d_instr=1185289780  d_cyc= 550355473  d_all= 7617227  IPC=2.154  ratio_rm=0.0072
[OMPT][WIN100ms] ompt_id=562949953421313 tid=1054871 tipo=ompt_thread_worker     cpu=104 numa=1  d_rm=    2453  d_instr=1231480464  d_cyc= 551506596  d_all= 7649206  IPC=2.233  ratio_rm=0.0003
[OMPT][WIN100ms] ompt_id=844424930131969 tid=1054872 tipo=ompt_thread_worker     cpu= 96 numa=1  d_rm=   14993  d_instr=1232966731  d_cyc= 562200060  d_all= 7580358  IPC=2.193  ratio_rm=0.0020
[OMPT][WIN100ms] ompt_id=1125899906842625 tid=1054873 tipo=ompt_thread_worker     cpu=  8 numa=0  d_rm=    1278  d_instr=1228568733  d_cyc= 574636733  d_all= 7532351  IPC=2.138  ratio_rm=0.0002
[OMPT][WIN100ms] ompt_id=1407374883553281 tid=1054874 tipo=ompt_thread_worker     cpu= 97 numa=1  d_rm=   11079  d_instr=1228330557  d_cyc= 588392232  d_all= 7590330  IPC=2.088  ratio_rm=0.0015
[OMPT][WIN100ms] ompt_id=1688849860263937 tid=1054875 tipo=ompt_thread_worker     cpu=105 numa=1  d_rm=   31451  d_instr=1223347978  d_cyc= 596984373  d_all= 7545888  IPC=2.049  ratio_rm=0.0042
[OMPT][WIN100ms] ompt_id=1970324836974593 tid=1054876 tipo=ompt_thread_worker     cpu= 48 numa=0  d_rm=    1436  d_instr=1223607704  d_cyc= 589740504  d_all= 7538023  IPC=2.075  ratio_rm=0.0002
[OMPT][WIN100ms] ompt_id=2251799813685249 tid=1054877 tipo=ompt_thread_worker     cpu=113 numa=1  d_rm=    3281  d_instr=1232958539  d_cyc= 598752149  d_all= 7567129  IPC=2.059  ratio_rm=0.0004
[OMPT][WIN100ms] ompt_id=2533274790395905 tid=1054878 tipo=ompt_thread_worker     cpu= 65 numa=1  d_rm=    5911  d_instr=1231869627  d_cyc= 597488958  d_all= 7566412  IPC=2.062  ratio_rm=0.0008
[OMPT][WIN100ms] ompt_id=2814749767106561 tid=1054879 tipo=ompt_thread_worker     cpu= 88 numa=1  d_rm=    6397  d_instr=1225354741  d_cyc= 595408638  d_all= 7561547  IPC=2.058  ratio_rm=0.0008
[OMPT][WIN100ms] ompt_id=3096224743817217 tid=1054880 tipo=ompt_thread_worker     cpu=165 numa=0  d_rm=     785  d_instr=1231982740  d_cyc= 596584006  d_all= 7535783  IPC=2.065  ratio_rm=0.0001
[OMPT][WIN100ms] ompt_id=3377699720527873 tid=1054881 tipo=ompt_thread_worker     cpu=239 numa=1  d_rm=   23740  d_instr=1229713556  d_cyc= 597100560  d_all= 7591818  IPC=2.059  ratio_rm=0.0031
[OMPT][WIN100ms] ompt_id=3659174697238529 tid=1054882 tipo=ompt_thread_worker     cpu=247 numa=1  d_rm=   27351  d_instr=1229040034  d_cyc= 596750471  d_all= 7573045  IPC=2.060  ratio_rm=0.0036
[OMPT][WIN100ms] ompt_id=3940649673949185 tid=1054883 tipo=ompt_thread_worker     cpu= 75 numa=1  d_rm=    4492  d_instr=1233730799  d_cyc= 599371038  d_all= 7541390  IPC=2.058  ratio_rm=0.0006
[OMPT][WIN100ms] ompt_id=4222124650659841 tid=1054884 tipo=ompt_thread_worker     cpu=112 numa=1  d_rm=    3372  d_instr=1227697615  d_cyc= 597484498  d_all= 7567615  IPC=2.055  ratio_rm=0.0004
[OMPT][WIN100ms] ompt_id=4503599627370497 tid=1054885 tipo=ompt_thread_worker     cpu=223 numa=1  d_rm=   18686  d_instr=1230541256  d_cyc= 596866905  d_all= 7564737  IPC=2.062  ratio_rm=0.0025
[OMPT][WIN100ms] ompt_id=4785074604081153 tid=1054886 tipo=ompt_thread_worker     cpu= 89 numa=1  d_rm=    6885  d_instr=1229893250  d_cyc= 599752602  d_all= 7558619  IPC=2.051  ratio_rm=0.0009
[OMPT][WIN100ms] ompt_id=5066549580791809 tid=1054887 tipo=ompt_thread_worker     cpu= 56 numa=0  d_rm=   25292  d_instr=1229758123  d_cyc= 597033651  d_all= 7668123  IPC=2.060  ratio_rm=0.0033
[OMPT][WIN100ms] ompt_id=5348024557502465 tid=1054888 tipo=ompt_thread_worker     cpu= 90 numa=1  d_rm=    7476  d_instr=1188201727  d_cyc= 600712287  d_all= 7560287  IPC=1.978  ratio_rm=0.0010
[OMPT][WIN100ms] ompt_id=5629499534213121 tid=1054889 tipo=ompt_thread_worker     cpu= 76 numa=1  d_rm=   11379  d_instr=1228414768  d_cyc= 596377954  d_all= 7547708  IPC=2.060  ratio_rm=0.0015
[OMPT][WIN100ms] ompt_id=5910974510923777 tid=1054890 tipo=ompt_thread_worker     cpu= 64 numa=1  d_rm=   13238  d_instr=1230686096  d_cyc= 597034393  d_all= 7564766  IPC=2.061  ratio_rm=0.0017
[OMPT][WIN100ms] ompt_id=6192449487634433 tid=1054891 tipo=ompt_thread_worker     cpu= 79 numa=1  d_rm=   12464  d_instr=1231058699  d_cyc= 597008900  d_all= 7552108  IPC=2.062  ratio_rm=0.0017
[OMPT][WIN100ms] ompt_id=6473924464345089 tid=1054892 tipo=ompt_thread_worker     cpu=254 numa=1  d_rm=   13451  d_instr=1226910228  d_cyc= 597269138  d_all= 7543244  IPC=2.054  ratio_rm=0.0018
[OMPT][WIN100ms] ompt_id=6755399441055745 tid=1054893 tipo=ompt_thread_worker     cpu=252 numa=1  d_rm=   24306  d_instr=1225398852  d_cyc= 597097679  d_all= 7554235  IPC=2.052  ratio_rm=0.0032
[OMPT][WIN100ms] ompt_id=7036874417766401 tid=1054894 tipo=ompt_thread_worker     cpu= 81 numa=1  d_rm=    7392  d_instr=1231846861  d_cyc= 599011456  d_all= 7581922  IPC=2.056  ratio_rm=0.0010
[OMPT][WIN100ms] ompt_id=7318349394477057 tid=1054895 tipo=ompt_thread_worker     cpu=253 numa=1  d_rm=   28100  d_instr=1222975704  d_cyc= 597218519  d_all= 7544092  IPC=2.048  ratio_rm=0.0037
[OMPT][WIN100ms] ompt_id=7599824371187713 tid=1054896 tipo=ompt_thread_worker     cpu= 78 numa=1  d_rm=    7876  d_instr=1229412760  d_cyc= 597031272  d_all= 7547275  IPC=2.059  ratio_rm=0.0010
[OMPT][WIN100ms] ompt_id=7881299347898369 tid=1054897 tipo=ompt_thread_worker     cpu=249 numa=1  d_rm=   27996  d_instr=1229264764  d_cyc= 598621989  d_all= 7543857  IPC=2.053  ratio_rm=0.0037
[OMPT][WIN100ms] ompt_id=8162774324609025 tid=1054898 tipo=ompt_thread_worker     cpu= 80 numa=1  d_rm=   23060  d_instr=1230832164  d_cyc= 594427915  d_all= 7584317  IPC=2.071  ratio_rm=0.0030
[OMPT][WIN100ms] ompt_id=8444249301319681 tid=1054899 tipo=ompt_thread_worker     cpu=194 numa=1  d_rm=   16171  d_instr=1232224191  d_cyc= 597864278  d_all= 7563490  IPC=2.061  ratio_rm=0.0021
[OMPT][WIN100ms] ompt_id=8725724278030337 tid=1054900 tipo=ompt_thread_worker     cpu=251 numa=1  d_rm=    9392  d_instr=1228709587  d_cyc= 596990149  d_all= 7540086  IPC=2.058  ratio_rm=0.0012
[OMPT][WIN100ms] ompt_id=9007199254740993 tid=1054901 tipo=ompt_thread_worker     cpu= 77 numa=1  d_rm=   18184  d_instr=1231209679  d_cyc= 598387583  d_all= 7544305  IPC=2.058  ratio_rm=0.0024
[OMPT] implicit_task_begin: parallel_id=281474976710813 thread_num=10 team_size=32
[OMPT] implicit_task_begin: parallel_id=281474976710813 thread_num=15 team_size=32
[OMPT] implicit_task_begin: parallel_id=281474976710813 thread_num=6 team_size=32
[OMPT] implicit_task_begin: parallel_id=281474976710813 thread_num=18 team_size=32
[OMPT] implicit_task_begin: parallel_id=281474976710813 thread_num=23 team_size=32
[OMPT] implicit_task_begin: parallel_id=281474976710813 thread_num=0 team_size=32
[OMPT] implicit_task_begin: parallel_id=281474976710813 thread_num=22 team_size=32
[OMPT] implicit_task_begin: parallel_id=281474976710813 thread_num=30 team_size=32
[OMPT] implicit_task_begin: parallel_id=281474976710813 thread_num=27 team_size=32
[OMPT] implicit_task_begin: parallel_id=281474976710813 thread_num=25 team_size=32
[OMPT] implicit_task_begin: parallel_id=281474976710813 thread_num=3 team_size=32
[OMPT] implicit_task_begin: parallel_id=281474976710813 thread_num=19 team_size=32
[OMPT] implicit_task_begin: parallel_id=281474976710813 thread_num=31 team_size=32
[OMPT] implicit_task_begin: parallel_id=281474976710813 thread_num=21 team_size=32
[OMPT] implicit_task_begin: parallel_id=281474976710813 thread_num=13 team_size=32
[OMPT] implicit_task_begin: parallel_id=281474976710813 thread_num=26 team_size=32
[OMPT] implicit_task_begin: parallel_id=281474976710813 thread_num=17 team_size=32
[OMPT] implicit_task_begin: parallel_id=281474976710813 thread_num=11 team_size=32
[OMPT] implicit_task_begin: parallel_id=281474976710813 thread_num=1 team_size=32
[OMPT] implicit_task_begin: parallel_id=281474976710813 thread_num=5 team_size=32
[OMPT] implicit_task_begin: parallel_id=281474976710813 thread_num=28 team_size=32
[OMPT] implicit_task_begin: parallel_id=281474976710813 thread_num=20 team_size=32
[OMPT] implicit_task_begin: parallel_id=281474976710813 thread_num=29 team_size=32
[OMPT] implicit_task_begin: parallel_id=281474976710813 thread_num=9 team_size=32
[OMPT] implicit_task_begin: parallel_id=281474976710813 thread_num=16 team_size=32
[OMPT] implicit_task_begin: parallel_id=281474976710813 thread_num=8 team_size=32
[OMPT] implicit_task_begin: parallel_id=281474976710813 thread_num=2 team_size=32
[OMPT] implicit_task_begin: parallel_id=281474976710813 thread_num=12 team_size=32
[OMPT] implicit_task_begin: parallel_id=281474976710813 thread_num=14 team_size=32
[OMPT] implicit_task_begin: parallel_id=281474976710813 thread_num=24 team_size=32
[OMPT] implicit_task_begin: parallel_id=281474976710813 thread_num=4 team_size=32
[OMPT] implicit_task_begin: parallel_id=281474976710813 thread_num=7 team_size=32
[OMPT] implicit_task_end: parallel_id=0 thread_num=0
[OMPT] parallel_end: parallel_id=281474976710813
[OMPT] parallel_begin: parallel_id=281474976710815 team_size=32
[OMPT] implicit_task_end: parallel_id=0 thread_num=16
[OMPT] implicit_task_end: parallel_id=0 thread_num=1
[OMPT] implicit_task_end: parallel_id=0 thread_num=20
[OMPT] implicit_task_end: parallel_id=0 thread_num=18
[OMPT] implicit_task_end: parallel_id=0 thread_num=12
[OMPT] implicit_task_end: parallel_id=0 thread_num=23
[OMPT] implicit_task_end: parallel_id=0 thread_num=8
[OMPT] implicit_task_end: parallel_id=0 thread_num=4
[OMPT] implicit_task_begin: parallel_id=281474976710815 thread_num=1 team_size=32
[OMPT] implicit_task_end: parallel_id=0 thread_num=9
[OMPT] implicit_task_end: parallel_id=0 thread_num=7
[OMPT] implicit_task_begin: parallel_id=281474976710815 thread_num=8 team_size=32
[OMPT] implicit_task_begin: parallel_id=281474976710815 thread_num=18 team_size=32
[OMPT] implicit_task_begin: parallel_id=281474976710815 thread_num=0 team_size=32
[OMPT] implicit_task_end: parallel_id=0 thread_num=17
[OMPT] implicit_task_begin: parallel_id=281474976710815 thread_num=7 team_size=32
[OMPT] implicit_task_begin: parallel_id=281474976710815 thread_num=9 team_size=32
[OMPT] implicit_task_begin: parallel_id=281474976710815 thread_num=17 team_size=32
[OMPT] implicit_task_end: parallel_id=0 thread_num=13
[OMPT] implicit_task_begin: parallel_id=281474976710815 thread_num=4 team_size=32
[OMPT] implicit_task_end: parallel_id=0 thread_num=2
[OMPT] implicit_task_end: parallel_id=0 thread_num=3
[OMPT] implicit_task_begin: parallel_id=281474976710815 thread_num=2 team_size=32
[OMPT] implicit_task_begin: parallel_id=281474976710815 thread_num=3 team_size=32
[OMPT] implicit_task_end: parallel_id=0 thread_num=5
[OMPT] implicit_task_end: parallel_id=0 thread_num=10
[OMPT] implicit_task_begin: parallel_id=281474976710815 thread_num=5 team_size=32
[OMPT] implicit_task_end: parallel_id=0 thread_num=19
[OMPT] implicit_task_end: parallel_id=0 thread_num=6
[OMPT] implicit_task_begin: parallel_id=281474976710815 thread_num=19 team_size=32
[OMPT] implicit_task_begin: parallel_id=281474976710815 thread_num=20 team_size=32
[OMPT] implicit_task_end: parallel_id=0 thread_num=28
[OMPT] implicit_task_end: parallel_id=0 thread_num=24
[OMPT] implicit_task_end: parallel_id=0 thread_num=30
[OMPT] implicit_task_end: parallel_id=0 thread_num=27
[OMPT] implicit_task_begin: parallel_id=281474976710815 thread_num=28 team_size=32
[OMPT] implicit_task_begin: parallel_id=281474976710815 thread_num=16 team_size=32
[OMPT] implicit_task_begin: parallel_id=281474976710815 thread_num=12 team_size=32
[OMPT] implicit_task_end: parallel_id=0 thread_num=15
[OMPT] implicit_task_begin: parallel_id=281474976710815 thread_num=27 team_size=32
[OMPT] implicit_task_begin: parallel_id=281474976710815 thread_num=13 team_size=32
[OMPT] implicit_task_end: parallel_id=0 thread_num=11
[OMPT] implicit_task_begin: parallel_id=281474976710815 thread_num=10 team_size=32
[OMPT] implicit_task_begin: parallel_id=281474976710815 thread_num=6 team_size=32
[OMPT] implicit_task_end: parallel_id=0 thread_num=22
[OMPT] implicit_task_end: parallel_id=0 thread_num=29
[OMPT] implicit_task_begin: parallel_id=281474976710815 thread_num=22 team_size=32
[OMPT] implicit_task_end: parallel_id=0 thread_num=25
[OMPT] implicit_task_begin: parallel_id=281474976710815 thread_num=29 team_size=32
[OMPT] implicit_task_begin: parallel_id=281474976710815 thread_num=25 team_size=32
[OMPT] implicit_task_end: parallel_id=0 thread_num=21
[OMPT] implicit_task_begin: parallel_id=281474976710815 thread_num=21 team_size=32
[OMPT] implicit_task_begin: parallel_id=281474976710815 thread_num=24 team_size=32
[OMPT] implicit_task_end: parallel_id=0 thread_num=14
[OMPT] implicit_task_begin: parallel_id=281474976710815 thread_num=14 team_size=32
[OMPT] implicit_task_begin: parallel_id=281474976710815 thread_num=15 team_size=32
[OMPT] implicit_task_begin: parallel_id=281474976710815 thread_num=11 team_size=32
[OMPT] implicit_task_end: parallel_id=0 thread_num=31
[OMPT] implicit_task_begin: parallel_id=281474976710815 thread_num=31 team_size=32
[OMPT] implicit_task_begin: parallel_id=281474976710815 thread_num=30 team_size=32
[OMPT] implicit_task_begin: parallel_id=281474976710815 thread_num=23 team_size=32
[OMPT] implicit_task_end: parallel_id=0 thread_num=26
[OMPT] implicit_task_begin: parallel_id=281474976710815 thread_num=26 team_size=32
[OMPT] implicit_task_end: parallel_id=0 thread_num=0
[OMPT] parallel_end: parallel_id=281474976710815
[OMPT] parallel_begin: parallel_id=281474976710817 team_size=32
[OMPT] implicit_task_end: parallel_id=0 thread_num=12
[OMPT] implicit_task_end: parallel_id=0 thread_num=2
[OMPT] implicit_task_begin: parallel_id=281474976710817 thread_num=0 team_size=32
[OMPT] implicit_task_end: parallel_id=0 thread_num=13
[OMPT] implicit_task_end: parallel_id=0 thread_num=3
[OMPT] implicit_task_end: parallel_id=0 thread_num=8
[OMPT] implicit_task_begin: parallel_id=281474976710817 thread_num=3 team_size=32
[OMPT] implicit_task_end: parallel_id=0 thread_num=11
[OMPT] implicit_task_end: parallel_id=0 thread_num=15
[OMPT] implicit_task_end: parallel_id=0 thread_num=14
[OMPT] implicit_task_end: parallel_id=0 thread_num=16
[OMPT] implicit_task_begin: parallel_id=281474976710817 thread_num=12 team_size=32
[OMPT] implicit_task_begin: parallel_id=281474976710817 thread_num=13 team_size=32
[OMPT] implicit_task_begin: parallel_id=281474976710817 thread_num=15 team_size=32
[OMPT] implicit_task_end: parallel_id=0 thread_num=17
[OMPT] implicit_task_end: parallel_id=0 thread_num=1
[OMPT] implicit_task_end: parallel_id=0 thread_num=9
[OMPT] implicit_task_begin: parallel_id=281474976710817 thread_num=1 team_size=32
[OMPT] implicit_task_begin: parallel_id=281474976710817 thread_num=8 team_size=32
[OMPT] implicit_task_begin: parallel_id=281474976710817 thread_num=11 team_size=32
[OMPT] implicit_task_end: parallel_id=0 thread_num=28
[OMPT] implicit_task_end: parallel_id=0 thread_num=31
[OMPT] implicit_task_end: parallel_id=0 thread_num=24
[OMPT] implicit_task_end: parallel_id=0 thread_num=19
[OMPT] implicit_task_end: parallel_id=0 thread_num=26
[OMPT] implicit_task_end: parallel_id=0 thread_num=20
[OMPT] implicit_task_begin: parallel_id=281474976710817 thread_num=19 team_size=32
[OMPT] implicit_task_begin: parallel_id=281474976710817 thread_num=26 team_size=32
[OMPT] implicit_task_begin: parallel_id=281474976710817 thread_num=14 team_size=32
[OMPT] implicit_task_end: parallel_id=0 thread_num=4
[OMPT] implicit_task_end: parallel_id=0 thread_num=7
[OMPT] implicit_task_end: parallel_id=0 thread_num=18
[OMPT] implicit_task_begin: parallel_id=281474976710817 thread_num=4 team_size=32
[OMPT] implicit_task_begin: parallel_id=281474976710817 thread_num=7 team_size=32
[OMPT] implicit_task_end: parallel_id=0 thread_num=30
[OMPT] implicit_task_begin: parallel_id=281474976710817 thread_num=30 team_size=32
[OMPT] implicit_task_end: parallel_id=0 thread_num=25
[OMPT] implicit_task_end: parallel_id=0 thread_num=27
[OMPT] implicit_task_begin: parallel_id=281474976710817 thread_num=24 team_size=32
[OMPT] implicit_task_begin: parallel_id=281474976710817 thread_num=2 team_size=32
[OMPT] implicit_task_begin: parallel_id=281474976710817 thread_num=16 team_size=32
[OMPT] implicit_task_end: parallel_id=0 thread_num=22
[OMPT] implicit_task_begin: parallel_id=281474976710817 thread_num=22 team_size=32
[OMPT] implicit_task_end: parallel_id=0 thread_num=23
[OMPT] implicit_task_begin: parallel_id=281474976710817 thread_num=23 team_size=32
[OMPT] implicit_task_end: parallel_id=0 thread_num=21
[OMPT] implicit_task_begin: parallel_id=281474976710817 thread_num=21 team_size=32
[OMPT] implicit_task_begin: parallel_id=281474976710817 thread_num=20 team_size=32
[OMPT] implicit_task_end: parallel_id=0 thread_num=5
[OMPT] implicit_task_begin: parallel_id=281474976710817 thread_num=5 team_size=32
[OMPT] implicit_task_end: parallel_id=0 thread_num=6
[OMPT] implicit_task_begin: parallel_id=281474976710817 thread_num=6 team_size=32
[OMPT] implicit_task_end: parallel_id=0 thread_num=10
[OMPT] implicit_task_begin: parallel_id=281474976710817 thread_num=10 team_size=32
[OMPT] implicit_task_begin: parallel_id=281474976710817 thread_num=9 team_size=32
[OMPT] implicit_task_begin: parallel_id=281474976710817 thread_num=17 team_size=32
[OMPT] implicit_task_begin: parallel_id=281474976710817 thread_num=28 team_size=32
[OMPT] implicit_task_begin: parallel_id=281474976710817 thread_num=18 team_size=32
[OMPT] implicit_task_end: parallel_id=0 thread_num=29
[OMPT] implicit_task_begin: parallel_id=281474976710817 thread_num=29 team_size=32
[OMPT] implicit_task_begin: parallel_id=281474976710817 thread_num=25 team_size=32
[OMPT] implicit_task_begin: parallel_id=281474976710817 thread_num=31 team_size=32
[OMPT] implicit_task_begin: parallel_id=281474976710817 thread_num=27 team_size=32
[OMPT] implicit_task_end: parallel_id=0 thread_num=0
[OMPT] parallel_end: parallel_id=281474976710817
[OMPT] parallel_begin: parallel_id=281474976710819 team_size=32
[OMPT] implicit_task_end: parallel_id=0 thread_num=4
[OMPT] implicit_task_end: parallel_id=0 thread_num=1
[OMPT] implicit_task_end: parallel_id=0 thread_num=5
[OMPT] implicit_task_begin: parallel_id=281474976710819 thread_num=4 team_size=32
[OMPT] implicit_task_end: parallel_id=0 thread_num=12
[OMPT] implicit_task_begin: parallel_id=281474976710819 thread_num=5 team_size=32
[OMPT] implicit_task_end: parallel_id=0 thread_num=15
[OMPT] implicit_task_end: parallel_id=0 thread_num=3
[OMPT] implicit_task_begin: parallel_id=281474976710819 thread_num=12 team_size=32
[OMPT] implicit_task_end: parallel_id=0 thread_num=7
[OMPT] implicit_task_begin: parallel_id=281474976710819 thread_num=15 team_size=32
[OMPT] implicit_task_end: parallel_id=0 thread_num=6
[OMPT] implicit_task_begin: parallel_id=281474976710819 thread_num=6 team_size=32
[OMPT] implicit_task_begin: parallel_id=281474976710819 thread_num=1 team_size=32
[OMPT] implicit_task_end: parallel_id=0 thread_num=8
[OMPT] implicit_task_end: parallel_id=0 thread_num=11
[OMPT] implicit_task_end: parallel_id=0 thread_num=10
[OMPT] implicit_task_begin: parallel_id=281474976710819 thread_num=11 team_size=32
[OMPT] implicit_task_begin: parallel_id=281474976710819 thread_num=0 team_size=32
[OMPT] implicit_task_begin: parallel_id=281474976710819 thread_num=3 team_size=32
[OMPT] implicit_task_begin: parallel_id=281474976710819 thread_num=7 team_size=32
[OMPT] implicit_task_end: parallel_id=0 thread_num=16
[OMPT] implicit_task_end: parallel_id=0 thread_num=2
[OMPT] implicit_task_end: parallel_id=0 thread_num=17
[OMPT] implicit_task_end: parallel_id=0 thread_num=20
[OMPT] implicit_task_begin: parallel_id=281474976710819 thread_num=2 team_size=32
[OMPT] implicit_task_end: parallel_id=0 thread_num=21
[OMPT] implicit_task_begin: parallel_id=281474976710819 thread_num=10 team_size=32
[OMPT] implicit_task_end: parallel_id=0 thread_num=13
[OMPT] implicit_task_begin: parallel_id=281474976710819 thread_num=21 team_size=32
[OMPT] implicit_task_end: parallel_id=0 thread_num=19
[OMPT] implicit_task_end: parallel_id=0 thread_num=18
[OMPT] implicit_task_begin: parallel_id=281474976710819 thread_num=19 team_size=32
[OMPT] implicit_task_begin: parallel_id=281474976710819 thread_num=16 team_size=32
[OMPT] implicit_task_end: parallel_id=0 thread_num=9
[OMPT] implicit_task_begin: parallel_id=281474976710819 thread_num=8 team_size=32
[OMPT] implicit_task_end: parallel_id=0 thread_num=22
[OMPT] implicit_task_end: parallel_id=0 thread_num=23
[OMPT] implicit_task_begin: parallel_id=281474976710819 thread_num=17 team_size=32
[OMPT] implicit_task_begin: parallel_id=281474976710819 thread_num=23 team_size=32
[OMPT] implicit_task_end: parallel_id=0 thread_num=28
[OMPT] implicit_task_end: parallel_id=0 thread_num=31
[OMPT] implicit_task_begin: parallel_id=281474976710819 thread_num=28 team_size=32
[OMPT] implicit_task_begin: parallel_id=281474976710819 thread_num=31 team_size=32
[OMPT] implicit_task_begin: parallel_id=281474976710819 thread_num=18 team_size=32
[OMPT] implicit_task_begin: parallel_id=281474976710819 thread_num=9 team_size=32
[OMPT] implicit_task_begin: parallel_id=281474976710819 thread_num=22 team_size=32
[OMPT] implicit_task_end: parallel_id=0 thread_num=14
[OMPT] implicit_task_begin: parallel_id=281474976710819 thread_num=14 team_size=32
[OMPT] implicit_task_begin: parallel_id=281474976710819 thread_num=13 team_size=32
[OMPT] implicit_task_end: parallel_id=0 thread_num=30
[OMPT] implicit_task_begin: parallel_id=281474976710819 thread_num=30 team_size=32
[OMPT] implicit_task_end: parallel_id=0 thread_num=29
[OMPT] implicit_task_begin: parallel_id=281474976710819 thread_num=29 team_size=32
[OMPT] implicit_task_end: parallel_id=0 thread_num=24
[OMPT] implicit_task_end: parallel_id=0 thread_num=27
[OMPT] implicit_task_begin: parallel_id=281474976710819 thread_num=24 team_size=32
[OMPT] implicit_task_begin: parallel_id=281474976710819 thread_num=20 team_size=32
[OMPT] implicit_task_begin: parallel_id=281474976710819 thread_num=27 team_size=32
[OMPT] implicit_task_end: parallel_id=0 thread_num=26
[OMPT] implicit_task_begin: parallel_id=281474976710819 thread_num=26 team_size=32
[OMPT] implicit_task_end: parallel_id=0 thread_num=25
[OMPT] implicit_task_begin: parallel_id=281474976710819 thread_num=25 team_size=32
[OMPT] implicit_task_end: parallel_id=0 thread_num=0
[OMPT] parallel_end: parallel_id=281474976710819
[OMPT] parallel_begin: parallel_id=281474976710821 team_size=32
[OMPT] implicit_task_end: parallel_id=0 thread_num=16
[OMPT] implicit_task_end: parallel_id=0 thread_num=1
[OMPT] implicit_task_end: parallel_id=0 thread_num=20
[OMPT] implicit_task_end: parallel_id=0 thread_num=17
[OMPT] implicit_task_end: parallel_id=0 thread_num=21
[OMPT] implicit_task_end: parallel_id=0 thread_num=8
[OMPT] implicit_task_begin: parallel_id=281474976710821 thread_num=17 team_size=32
[OMPT] implicit_task_end: parallel_id=0 thread_num=10
[OMPT] implicit_task_end: parallel_id=0 thread_num=12
[OMPT] implicit_task_begin: parallel_id=281474976710821 thread_num=21 team_size=32
[OMPT] implicit_task_end: parallel_id=0 thread_num=13
[OMPT] implicit_task_begin: parallel_id=281474976710821 thread_num=10 team_size=32
[OMPT] implicit_task_end: parallel_id=0 thread_num=28
[OMPT] implicit_task_begin: parallel_id=281474976710821 thread_num=12 team_size=32
[OMPT] implicit_task_end: parallel_id=0 thread_num=30
[OMPT] implicit_task_end: parallel_id=0 thread_num=4
[OMPT] implicit_task_end: parallel_id=0 thread_num=23
[OMPT] implicit_task_end: parallel_id=0 thread_num=22
[OMPT] implicit_task_begin: parallel_id=281474976710821 thread_num=4 team_size=32
[OMPT] implicit_task_begin: parallel_id=281474976710821 thread_num=1 team_size=32
[OMPT] implicit_task_begin: parallel_id=281474976710821 thread_num=23 team_size=32
[OMPT] implicit_task_end: parallel_id=0 thread_num=11
[OMPT] implicit_task_begin: parallel_id=281474976710821 thread_num=20 team_size=32
[OMPT] implicit_task_begin: parallel_id=281474976710821 thread_num=11 team_size=32
[OMPT] implicit_task_begin: parallel_id=281474976710821 thread_num=8 team_size=32
[OMPT] implicit_task_end: parallel_id=0 thread_num=9
[OMPT] implicit_task_begin: parallel_id=281474976710821 thread_num=0 team_size=32
[OMPT] implicit_task_end: parallel_id=0 thread_num=15
[OMPT] implicit_task_end: parallel_id=0 thread_num=14
[OMPT] implicit_task_end: parallel_id=0 thread_num=24
[OMPT] implicit_task_end: parallel_id=0 thread_num=18
[OMPT] implicit_task_end: parallel_id=0 thread_num=26
[OMPT] implicit_task_begin: parallel_id=281474976710821 thread_num=24 team_size=32
[OMPT] implicit_task_end: parallel_id=0 thread_num=31
[OMPT] implicit_task_begin: parallel_id=281474976710821 thread_num=26 team_size=32
[OMPT] implicit_task_begin: parallel_id=281474976710821 thread_num=13 team_size=32
[OMPT] implicit_task_begin: parallel_id=281474976710821 thread_num=31 team_size=32
[OMPT] implicit_task_begin: parallel_id=281474976710821 thread_num=16 team_size=32
[OMPT] implicit_task_begin: parallel_id=281474976710821 thread_num=28 team_size=32
[OMPT] implicit_task_end: parallel_id=0 thread_num=7
[OMPT] implicit_task_end: parallel_id=0 thread_num=5
[OMPT] implicit_task_begin: parallel_id=281474976710821 thread_num=7 team_size=32
[OMPT] implicit_task_end: parallel_id=0 thread_num=3
[OMPT] implicit_task_begin: parallel_id=281474976710821 thread_num=3 team_size=32
[OMPT] implicit_task_begin: parallel_id=281474976710821 thread_num=9 team_size=32
[OMPT] implicit_task_begin: parallel_id=281474976710821 thread_num=15 team_size=32
[OMPT] implicit_task_end: parallel_id=0 thread_num=27
[OMPT] implicit_task_end: parallel_id=0 thread_num=25
[OMPT] implicit_task_begin: parallel_id=281474976710821 thread_num=27 team_size=32
[OMPT] implicit_task_begin: parallel_id=281474976710821 thread_num=25 team_size=32
[OMPT] implicit_task_begin: parallel_id=281474976710821 thread_num=18 team_size=32
[OMPT] implicit_task_end: parallel_id=0 thread_num=29
[OMPT] implicit_task_end: parallel_id=0 thread_num=2
[OMPT] implicit_task_begin: parallel_id=281474976710821 thread_num=30 team_size=32
[OMPT] implicit_task_begin: parallel_id=281474976710821 thread_num=2 team_size=32
[OMPT] implicit_task_end: parallel_id=0 thread_num=6
[OMPT] implicit_task_begin: parallel_id=281474976710821 thread_num=6 team_size=32
[OMPT] implicit_task_begin: parallel_id=281474976710821 thread_num=22 team_size=32
[OMPT] implicit_task_begin: parallel_id=281474976710821 thread_num=14 team_size=32
[OMPT] implicit_task_end: parallel_id=0 thread_num=19
[OMPT] implicit_task_begin: parallel_id=281474976710821 thread_num=19 team_size=32
[OMPT] implicit_task_begin: parallel_id=281474976710821 thread_num=29 team_size=32
[OMPT] implicit_task_begin: parallel_id=281474976710821 thread_num=5 team_size=32
[OMPT] implicit_task_end: parallel_id=0 thread_num=0
[OMPT] parallel_end: parallel_id=281474976710821
[OMPT] parallel_begin: parallel_id=281474976710823 team_size=32
[OMPT] implicit_task_end: parallel_id=0 thread_num=16
[OMPT] implicit_task_end: parallel_id=0 thread_num=3
[OMPT] implicit_task_end: parallel_id=0 thread_num=17
[OMPT] implicit_task_begin: parallel_id=281474976710823 thread_num=16 team_size=32
[OMPT] implicit_task_begin: parallel_id=281474976710823 thread_num=3 team_size=32
[OMPT] implicit_task_begin: parallel_id=281474976710823 thread_num=17 team_size=32
[OMPT] implicit_task_end: parallel_id=0 thread_num=2
[OMPT] implicit_task_end: parallel_id=0 thread_num=8
[OMPT] implicit_task_end: parallel_id=0 thread_num=11
[OMPT] implicit_task_begin: parallel_id=281474976710823 thread_num=8 team_size=32
[OMPT] implicit_task_end: parallel_id=0 thread_num=28
[OMPT] implicit_task_end: parallel_id=0 thread_num=31
[OMPT] implicit_task_end: parallel_id=0 thread_num=18
[OMPT] implicit_task_begin: parallel_id=281474976710823 thread_num=28 team_size=32
[OMPT] implicit_task_begin: parallel_id=281474976710823 thread_num=31 team_size=32
[OMPT] implicit_task_end: parallel_id=0 thread_num=12
[OMPT] implicit_task_begin: parallel_id=281474976710823 thread_num=0 team_size=32
[OMPT] implicit_task_end: parallel_id=0 thread_num=13
[OMPT] implicit_task_begin: parallel_id=281474976710823 thread_num=2 team_size=32
[OMPT] implicit_task_begin: parallel_id=281474976710823 thread_num=12 team_size=32
[OMPT] implicit_task_end: parallel_id=0 thread_num=9
[OMPT] implicit_task_end: parallel_id=0 thread_num=20
[OMPT] implicit_task_begin: parallel_id=281474976710823 thread_num=9 team_size=32
[OMPT] implicit_task_end: parallel_id=0 thread_num=21
[OMPT] implicit_task_end: parallel_id=0 thread_num=30
[OMPT] implicit_task_begin: parallel_id=281474976710823 thread_num=21 team_size=32
[OMPT] implicit_task_end: parallel_id=0 thread_num=19
[OMPT] implicit_task_begin: parallel_id=281474976710823 thread_num=30 team_size=32
[OMPT] implicit_task_end: parallel_id=0 thread_num=4
[OMPT] implicit_task_end: parallel_id=0 thread_num=7
[OMPT] implicit_task_begin: parallel_id=281474976710823 thread_num=4 team_size=32
[OMPT] implicit_task_end: parallel_id=0 thread_num=15
[OMPT] implicit_task_begin: parallel_id=281474976710823 thread_num=7 team_size=32
[OMPT] implicit_task_end: parallel_id=0 thread_num=14
[OMPT] implicit_task_begin: parallel_id=281474976710823 thread_num=15 team_size=32
[OMPT] implicit_task_begin: parallel_id=281474976710823 thread_num=13 team_size=32
[OMPT] implicit_task_begin: parallel_id=281474976710823 thread_num=14 team_size=32
[OMPT] implicit_task_end: parallel_id=0 thread_num=22
[OMPT] implicit_task_end: parallel_id=0 thread_num=23
[OMPT] implicit_task_begin: parallel_id=281474976710823 thread_num=22 team_size=32
[OMPT] implicit_task_begin: parallel_id=281474976710823 thread_num=23 team_size=32
[OMPT] implicit_task_begin: parallel_id=281474976710823 thread_num=11 team_size=32
[OMPT] implicit_task_end: parallel_id=0 thread_num=24
[OMPT] implicit_task_end: parallel_id=0 thread_num=27
[OMPT] implicit_task_begin: parallel_id=281474976710823 thread_num=24 team_size=32
[OMPT] implicit_task_begin: parallel_id=281474976710823 thread_num=18 team_size=32
[OMPT] implicit_task_begin: parallel_id=281474976710823 thread_num=27 team_size=32
[OMPT] implicit_task_end: parallel_id=0 thread_num=1
[OMPT] implicit_task_end: parallel_id=0 thread_num=5
[OMPT] implicit_task_begin: parallel_id=281474976710823 thread_num=1 team_size=32
[OMPT] implicit_task_begin: parallel_id=281474976710823 thread_num=5 team_size=32
[OMPT] implicit_task_end: parallel_id=0 thread_num=6
[OMPT] implicit_task_begin: parallel_id=281474976710823 thread_num=6 team_size=32
[OMPT] implicit_task_begin: parallel_id=281474976710823 thread_num=20 team_size=32
[OMPT] implicit_task_end: parallel_id=0 thread_num=29
[OMPT] implicit_task_begin: parallel_id=281474976710823 thread_num=29 team_size=32
[OMPT] implicit_task_end: parallel_id=0 thread_num=26
[OMPT] implicit_task_begin: parallel_id=281474976710823 thread_num=26 team_size=32
[OMPT] implicit_task_end: parallel_id=0 thread_num=25
[OMPT] implicit_task_begin: parallel_id=281474976710823 thread_num=25 team_size=32
[OMPT] implicit_task_begin: parallel_id=281474976710823 thread_num=19 team_size=32
[OMPT] implicit_task_end: parallel_id=0 thread_num=10
[OMPT] implicit_task_begin: parallel_id=281474976710823 thread_num=10 team_size=32
[OMPT] implicit_task_end: parallel_id=0 thread_num=0
[OMPT] parallel_end: parallel_id=281474976710823
[OMPT] parallel_begin: parallel_id=281474976710825 team_size=32
[OMPT] implicit_task_end: parallel_id=0 thread_num=16
[OMPT] implicit_task_end: parallel_id=0 thread_num=8
[OMPT] implicit_task_end: parallel_id=0 thread_num=20
[OMPT] implicit_task_begin: parallel_id=281474976710825 thread_num=0 team_size=32
[OMPT] implicit_task_end: parallel_id=0 thread_num=19
[OMPT] implicit_task_end: parallel_id=0 thread_num=21
[OMPT] implicit_task_begin: parallel_id=281474976710825 thread_num=8 team_size=32
[OMPT] implicit_task_end: parallel_id=0 thread_num=3
[OMPT] implicit_task_end: parallel_id=0 thread_num=4
[OMPT] implicit_task_end: parallel_id=0 thread_num=28
[OMPT] implicit_task_begin: parallel_id=281474976710825 thread_num=21 team_size=32
[OMPT] implicit_task_begin: parallel_id=281474976710825 thread_num=19 team_size=32
[OMPT] implicit_task_end: parallel_id=0 thread_num=30
[OMPT] implicit_task_end: parallel_id=0 thread_num=31
[OMPT] implicit_task_end: parallel_id=0 thread_num=17
[OMPT] implicit_task_end: parallel_id=0 thread_num=11
[OMPT] implicit_task_begin: parallel_id=281474976710825 thread_num=30 team_size=32
[OMPT] implicit_task_begin: parallel_id=281474976710825 thread_num=31 team_size=32
[OMPT] implicit_task_begin: parallel_id=281474976710825 thread_num=17 team_size=32
[OMPT] implicit_task_begin: parallel_id=281474976710825 thread_num=16 team_size=32
[OMPT] implicit_task_begin: parallel_id=281474976710825 thread_num=20 team_size=32
[OMPT] implicit_task_begin: parallel_id=281474976710825 thread_num=11 team_size=32
[OMPT] implicit_task_end: parallel_id=0 thread_num=2
[OMPT] implicit_task_end: parallel_id=0 thread_num=18
[OMPT] implicit_task_begin: parallel_id=281474976710825 thread_num=2 team_size=32
[OMPT] implicit_task_end: parallel_id=0 thread_num=7
[OMPT] implicit_task_end: parallel_id=0 thread_num=5
[OMPT] implicit_task_end: parallel_id=0 thread_num=24
[OMPT] implicit_task_end: parallel_id=0 thread_num=27
[OMPT] implicit_task_end: parallel_id=0 thread_num=26
[OMPT] implicit_task_begin: parallel_id=281474976710825 thread_num=3 team_size=32
[OMPT] implicit_task_begin: parallel_id=281474976710825 thread_num=27 team_size=32
[OMPT] implicit_task_begin: parallel_id=281474976710825 thread_num=26 team_size=32
[OMPT] implicit_task_end: parallel_id=0 thread_num=10
[OMPT] implicit_task_end: parallel_id=0 thread_num=9
[OMPT] implicit_task_end: parallel_id=0 thread_num=23
[OMPT] implicit_task_end: parallel_id=0 thread_num=22
[OMPT] implicit_task_begin: parallel_id=281474976710825 thread_num=28 team_size=32
[OMPT] implicit_task_end: parallel_id=0 thread_num=12
[OMPT] implicit_task_end: parallel_id=0 thread_num=1
[OMPT] implicit_task_begin: parallel_id=281474976710825 thread_num=18 team_size=32
[OMPT] implicit_task_end: parallel_id=0 thread_num=13
[OMPT] implicit_task_end: parallel_id=0 thread_num=25
[OMPT] implicit_task_begin: parallel_id=281474976710825 thread_num=1 team_size=32
[OMPT] implicit_task_begin: parallel_id=281474976710825 thread_num=13 team_size=32
[OMPT] implicit_task_end: parallel_id=0 thread_num=6
[OMPT] implicit_task_end: parallel_id=0 thread_num=29
[OMPT] implicit_task_begin: parallel_id=281474976710825 thread_num=10 team_size=32
[OMPT] implicit_task_begin: parallel_id=281474976710825 thread_num=9 team_size=32
[OMPT] implicit_task_begin: parallel_id=281474976710825 thread_num=23 team_size=32
[OMPT] implicit_task_begin: parallel_id=281474976710825 thread_num=22 team_size=32
[OMPT] implicit_task_end: parallel_id=0 thread_num=15
[OMPT] implicit_task_end: parallel_id=0 thread_num=14
[OMPT] implicit_task_begin: parallel_id=281474976710825 thread_num=15 team_size=32
[OMPT] implicit_task_begin: parallel_id=281474976710825 thread_num=7 team_size=32
[OMPT] implicit_task_begin: parallel_id=281474976710825 thread_num=5 team_size=32
[OMPT] implicit_task_begin: parallel_id=281474976710825 thread_num=25 team_size=32
[OMPT] implicit_task_begin: parallel_id=281474976710825 thread_num=24 team_size=32
[OMPT] implicit_task_begin: parallel_id=281474976710825 thread_num=4 team_size=32
[OMPT] implicit_task_begin: parallel_id=281474976710825 thread_num=6 team_size=32
[OMPT] implicit_task_begin: parallel_id=281474976710825 thread_num=29 team_size=32
[OMPT] implicit_task_begin: parallel_id=281474976710825 thread_num=12 team_size=32
[OMPT] implicit_task_begin: parallel_id=281474976710825 thread_num=14 team_size=32
[OMPT] implicit_task_end: parallel_id=0 thread_num=0
[OMPT] parallel_end: parallel_id=281474976710825
[OMPT] parallel_begin: parallel_id=281474976710827 team_size=32
[OMPT] implicit_task_end: parallel_id=0 thread_num=16
[OMPT] implicit_task_end: parallel_id=0 thread_num=2
[OMPT] implicit_task_end: parallel_id=0 thread_num=18
[OMPT] implicit_task_end: parallel_id=0 thread_num=24
[OMPT] implicit_task_end: parallel_id=0 thread_num=12
[OMPT] implicit_task_begin: parallel_id=281474976710827 thread_num=18 team_size=32
[OMPT] implicit_task_end: parallel_id=0 thread_num=13
[OMPT] implicit_task_end: parallel_id=0 thread_num=8
[OMPT] implicit_task_begin: parallel_id=281474976710827 thread_num=0 team_size=32
[OMPT] implicit_task_end: parallel_id=0 thread_num=9
[OMPT] implicit_task_end: parallel_id=0 thread_num=11
[OMPT] implicit_task_end: parallel_id=0 thread_num=28
[OMPT] implicit_task_end: parallel_id=0 thread_num=31
[OMPT] implicit_task_begin: parallel_id=281474976710827 thread_num=16 team_size=32
[OMPT] implicit_task_begin: parallel_id=281474976710827 thread_num=11 team_size=32
[OMPT] implicit_task_begin: parallel_id=281474976710827 thread_num=28 team_size=32
[OMPT] implicit_task_begin: parallel_id=281474976710827 thread_num=31 team_size=32
[OMPT] implicit_task_begin: parallel_id=281474976710827 thread_num=2 team_size=32
[OMPT] implicit_task_end: parallel_id=0 thread_num=25
[OMPT] implicit_task_end: parallel_id=0 thread_num=27
[OMPT] implicit_task_begin: parallel_id=281474976710827 thread_num=27 team_size=32
[OMPT] implicit_task_end: parallel_id=0 thread_num=1
[OMPT] implicit_task_begin: parallel_id=281474976710827 thread_num=1 team_size=32
[OMPT] implicit_task_end: parallel_id=0 thread_num=14
[OMPT] implicit_task_begin: parallel_id=281474976710827 thread_num=14 team_size=32
[OMPT] implicit_task_begin: parallel_id=281474976710827 thread_num=24 team_size=32
[OMPT] implicit_task_begin: parallel_id=281474976710827 thread_num=12 team_size=32
[OMPT] implicit_task_end: parallel_id=0 thread_num=20
[OMPT] implicit_task_end: parallel_id=0 thread_num=21
[OMPT] implicit_task_begin: parallel_id=281474976710827 thread_num=20 team_size=32
[OMPT] implicit_task_end: parallel_id=0 thread_num=10
[OMPT] implicit_task_begin: parallel_id=281474976710827 thread_num=13 team_size=32
[OMPT] implicit_task_begin: parallel_id=281474976710827 thread_num=10 team_size=32
[OMPT] implicit_task_end: parallel_id=0 thread_num=19
[OMPT] implicit_task_begin: parallel_id=281474976710827 thread_num=9 team_size=32
[OMPT] implicit_task_end: parallel_id=0 thread_num=3
[OMPT] implicit_task_begin: parallel_id=281474976710827 thread_num=3 team_size=32
[OMPT] implicit_task_end: parallel_id=0 thread_num=30
[OMPT] implicit_task_end: parallel_id=0 thread_num=29
[OMPT] implicit_task_end: parallel_id=0 thread_num=17
[OMPT] implicit_task_end: parallel_id=0 thread_num=4
[OMPT] implicit_task_end: parallel_id=0 thread_num=26
[OMPT] implicit_task_begin: parallel_id=281474976710827 thread_num=4 team_size=32
[OMPT] implicit_task_begin: parallel_id=281474976710827 thread_num=25 team_size=32
[OMPT] implicit_task_end: parallel_id=0 thread_num=23
[OMPT] implicit_task_end: parallel_id=0 thread_num=22
[OMPT] implicit_task_begin: parallel_id=281474976710827 thread_num=23 team_size=32
[OMPT] implicit_task_begin: parallel_id=281474976710827 thread_num=22 team_size=32
[OMPT] implicit_task_begin: parallel_id=281474976710827 thread_num=8 team_size=32
[OMPT] implicit_task_begin: parallel_id=281474976710827 thread_num=19 team_size=32
[OMPT] implicit_task_begin: parallel_id=281474976710827 thread_num=30 team_size=32
[OMPT] implicit_task_begin: parallel_id=281474976710827 thread_num=29 team_size=32
[OMPT] implicit_task_begin: parallel_id=281474976710827 thread_num=17 team_size=32
[OMPT] implicit_task_end: parallel_id=0 thread_num=7
[OMPT] implicit_task_end: parallel_id=0 thread_num=5
[OMPT] implicit_task_begin: parallel_id=281474976710827 thread_num=7 team_size=32
[OMPT] implicit_task_end: parallel_id=0 thread_num=6
[OMPT] implicit_task_begin: parallel_id=281474976710827 thread_num=5 team_size=32
[OMPT] implicit_task_end: parallel_id=0 thread_num=15
[OMPT] implicit_task_begin: parallel_id=281474976710827 thread_num=21 team_size=32
[OMPT] implicit_task_begin: parallel_id=281474976710827 thread_num=26 team_size=32
[OMPT] implicit_task_begin: parallel_id=281474976710827 thread_num=15 team_size=32
[OMPT] implicit_task_begin: parallel_id=281474976710827 thread_num=6 team_size=32
[OMPT] implicit_task_end: parallel_id=0 thread_num=0
[OMPT] parallel_end: parallel_id=281474976710827
[OMPT] parallel_begin: parallel_id=281474976710829 team_size=32
[OMPT] implicit_task_end: parallel_id=0 thread_num=16
[OMPT] implicit_task_end: parallel_id=0 thread_num=2
[OMPT] implicit_task_end: parallel_id=0 thread_num=20
[OMPT] implicit_task_begin: parallel_id=281474976710829 thread_num=16 team_size=32
[OMPT] implicit_task_end: parallel_id=0 thread_num=18
[OMPT] implicit_task_end: parallel_id=0 thread_num=23
[OMPT] implicit_task_begin: parallel_id=281474976710829 thread_num=20 team_size=32
[OMPT] implicit_task_end: parallel_id=0 thread_num=3
[OMPT] implicit_task_begin: parallel_id=281474976710829 thread_num=23 team_size=32
[OMPT] implicit_task_end: parallel_id=0 thread_num=24
[OMPT] implicit_task_end: parallel_id=0 thread_num=28
[OMPT] implicit_task_end: parallel_id=0 thread_num=27
[OMPT] implicit_task_end: parallel_id=0 thread_num=30
[OMPT] implicit_task_end: parallel_id=0 thread_num=29
[OMPT] implicit_task_begin: parallel_id=281474976710829 thread_num=28 team_size=32
[OMPT] implicit_task_begin: parallel_id=281474976710829 thread_num=27 team_size=32
[OMPT] implicit_task_end: parallel_id=0 thread_num=22
[OMPT] implicit_task_begin: parallel_id=281474976710829 thread_num=2 team_size=32
[OMPT] implicit_task_end: parallel_id=0 thread_num=21
[OMPT] implicit_task_begin: parallel_id=281474976710829 thread_num=22 team_size=32
[OMPT] implicit_task_begin: parallel_id=281474976710829 thread_num=18 team_size=32
[OMPT] implicit_task_end: parallel_id=0 thread_num=1
[OMPT] implicit_task_begin: parallel_id=281474976710829 thread_num=3 team_size=32
[OMPT] implicit_task_end: parallel_id=0 thread_num=26
[OMPT] implicit_task_end: parallel_id=0 thread_num=31
[OMPT] implicit_task_begin: parallel_id=281474976710829 thread_num=26 team_size=32
[OMPT] implicit_task_end: parallel_id=0 thread_num=17
[OMPT] implicit_task_begin: parallel_id=281474976710829 thread_num=24 team_size=32
[OMPT] implicit_task_begin: parallel_id=281474976710829 thread_num=17 team_size=32
[OMPT] implicit_task_end: parallel_id=0 thread_num=4
[OMPT] implicit_task_end: parallel_id=0 thread_num=7
[OMPT] implicit_task_begin: parallel_id=281474976710829 thread_num=4 team_size=32
[OMPT] implicit_task_begin: parallel_id=281474976710829 thread_num=30 team_size=32
[OMPT] implicit_task_begin: parallel_id=281474976710829 thread_num=7 team_size=32
[OMPT] implicit_task_end: parallel_id=0 thread_num=12
[OMPT] implicit_task_end: parallel_id=0 thread_num=14
[OMPT] implicit_task_begin: parallel_id=281474976710829 thread_num=12 team_size=32
[OMPT] implicit_task_begin: parallel_id=281474976710829 thread_num=21 team_size=32
[OMPT] implicit_task_begin: parallel_id=281474976710829 thread_num=14 team_size=32
[OMPT] implicit_task_begin: parallel_id=281474976710829 thread_num=1 team_size=32
[OMPT] implicit_task_end: parallel_id=0 thread_num=19
[OMPT] implicit_task_end: parallel_id=0 thread_num=6
[OMPT] implicit_task_end: parallel_id=0 thread_num=5
[OMPT] implicit_task_begin: parallel_id=281474976710829 thread_num=6 team_size=32
[OMPT] implicit_task_begin: parallel_id=281474976710829 thread_num=5 team_size=32
[OMPT] implicit_task_begin: parallel_id=281474976710829 thread_num=0 team_size=32
[OMPT] implicit_task_end: parallel_id=0 thread_num=15
[OMPT] implicit_task_begin: parallel_id=281474976710829 thread_num=15 team_size=32
[OMPT] implicit_task_end: parallel_id=0 thread_num=13
[OMPT] implicit_task_begin: parallel_id=281474976710829 thread_num=13 team_size=32
[OMPT] implicit_task_end: parallel_id=0 thread_num=25
[OMPT] implicit_task_begin: parallel_id=281474976710829 thread_num=25 team_size=32
[OMPT] implicit_task_begin: parallel_id=281474976710829 thread_num=19 team_size=32
[OMPT] implicit_task_end: parallel_id=0 thread_num=8
[OMPT] implicit_task_end: parallel_id=0 thread_num=11
[OMPT] implicit_task_begin: parallel_id=281474976710829 thread_num=8 team_size=32
[OMPT] implicit_task_begin: parallel_id=281474976710829 thread_num=29 team_size=32
[OMPT] implicit_task_begin: parallel_id=281474976710829 thread_num=11 team_size=32
[OMPT] implicit_task_end: parallel_id=0 thread_num=9
[OMPT] implicit_task_end: parallel_id=0 thread_num=10
[OMPT] implicit_task_begin: parallel_id=281474976710829 thread_num=9 team_size=32
[OMPT] implicit_task_begin: parallel_id=281474976710829 thread_num=10 team_size=32
[OMPT] implicit_task_begin: parallel_id=281474976710829 thread_num=31 team_size=32
[OMPT] implicit_task_end: parallel_id=0 thread_num=0
[OMPT] parallel_end: parallel_id=281474976710829
[OMPT] parallel_begin: parallel_id=281474976710831 team_size=32
[OMPT] implicit_task_end: parallel_id=0 thread_num=16
[OMPT] implicit_task_end: parallel_id=0 thread_num=1
[OMPT] implicit_task_end: parallel_id=0 thread_num=17
[OMPT] implicit_task_end: parallel_id=0 thread_num=19
[OMPT] implicit_task_begin: parallel_id=281474976710831 thread_num=1 team_size=32
[OMPT] implicit_task_end: parallel_id=0 thread_num=8
[OMPT] implicit_task_end: parallel_id=0 thread_num=2
[OMPT] implicit_task_end: parallel_id=0 thread_num=11
[OMPT] implicit_task_begin: parallel_id=281474976710831 thread_num=19 team_size=32
[OMPT] implicit_task_begin: parallel_id=281474976710831 thread_num=8 team_size=32
[OMPT] implicit_task_begin: parallel_id=281474976710831 thread_num=0 team_size=32
[OMPT] implicit_task_begin: parallel_id=281474976710831 thread_num=2 team_size=32
[OMPT] implicit_task_end: parallel_id=0 thread_num=20
[OMPT] implicit_task_end: parallel_id=0 thread_num=18
[OMPT] implicit_task_end: parallel_id=0 thread_num=22
[OMPT] implicit_task_begin: parallel_id=281474976710831 thread_num=16 team_size=32
[OMPT] implicit_task_begin: parallel_id=281474976710831 thread_num=18 team_size=32
[OMPT] implicit_task_end: parallel_id=0 thread_num=4
[OMPT] implicit_task_end: parallel_id=0 thread_num=9
[OMPT] implicit_task_begin: parallel_id=281474976710831 thread_num=4 team_size=32
[OMPT] implicit_task_begin: parallel_id=281474976710831 thread_num=17 team_size=32
[OMPT] implicit_task_end: parallel_id=0 thread_num=10
[OMPT] implicit_task_end: parallel_id=0 thread_num=28
[OMPT] implicit_task_begin: parallel_id=281474976710831 thread_num=10 team_size=32
[OMPT] implicit_task_end: parallel_id=0 thread_num=30
[OMPT] implicit_task_end: parallel_id=0 thread_num=23
[OMPT] implicit_task_end: parallel_id=0 thread_num=21
[OMPT] implicit_task_begin: parallel_id=281474976710831 thread_num=20 team_size=32
[OMPT] implicit_task_begin: parallel_id=281474976710831 thread_num=23 team_size=32
[OMPT] implicit_task_begin: parallel_id=281474976710831 thread_num=21 team_size=32
[OMPT] implicit_task_begin: parallel_id=281474976710831 thread_num=22 team_size=32
[OMPT] implicit_task_end: parallel_id=0 thread_num=5
[OMPT] implicit_task_end: parallel_id=0 thread_num=6
[OMPT] implicit_task_begin: parallel_id=281474976710831 thread_num=9 team_size=32
[OMPT] implicit_task_begin: parallel_id=281474976710831 thread_num=6 team_size=32
[OMPT] implicit_task_begin: parallel_id=281474976710831 thread_num=11 team_size=32
[OMPT] implicit_task_end: parallel_id=0 thread_num=31
[OMPT] implicit_task_end: parallel_id=0 thread_num=29
[OMPT] implicit_task_begin: parallel_id=281474976710831 thread_num=31 team_size=32
[OMPT] implicit_task_begin: parallel_id=281474976710831 thread_num=28 team_size=32
[OMPT] implicit_task_begin: parallel_id=281474976710831 thread_num=29 team_size=32
[OMPT] implicit_task_end: parallel_id=0 thread_num=24
[OMPT] implicit_task_end: parallel_id=0 thread_num=27
[OMPT] implicit_task_end: parallel_id=0 thread_num=12
[OMPT] implicit_task_begin: parallel_id=281474976710831 thread_num=27 team_size=32
[OMPT] implicit_task_end: parallel_id=0 thread_num=15
[OMPT] implicit_task_end: parallel_id=0 thread_num=3
[OMPT] implicit_task_begin: parallel_id=281474976710831 thread_num=30 team_size=32
[OMPT] implicit_task_begin: parallel_id=281474976710831 thread_num=3 team_size=32
[OMPT] implicit_task_end: parallel_id=0 thread_num=26
[OMPT] implicit_task_begin: parallel_id=281474976710831 thread_num=24 team_size=32
[OMPT] implicit_task_end: parallel_id=0 thread_num=7
[OMPT] implicit_task_begin: parallel_id=281474976710831 thread_num=26 team_size=32
[OMPT] implicit_task_end: parallel_id=0 thread_num=14
[OMPT] implicit_task_end: parallel_id=0 thread_num=13
[OMPT] implicit_task_begin: parallel_id=281474976710831 thread_num=12 team_size=32
[OMPT] implicit_task_begin: parallel_id=281474976710831 thread_num=13 team_size=32
[OMPT] implicit_task_begin: parallel_id=281474976710831 thread_num=15 team_size=32
[OMPT] implicit_task_end: parallel_id=0 thread_num=25
[OMPT] implicit_task_begin: parallel_id=281474976710831 thread_num=7 team_size=32
[OMPT] implicit_task_begin: parallel_id=281474976710831 thread_num=25 team_size=32
[OMPT] implicit_task_begin: parallel_id=281474976710831 thread_num=5 team_size=32
[OMPT] implicit_task_begin: parallel_id=281474976710831 thread_num=14 team_size=32
[OMPT] implicit_task_end: parallel_id=0 thread_num=0
[OMPT] parallel_end: parallel_id=281474976710831
[OMPT] parallel_begin: parallel_id=281474976710833 team_size=32
[OMPT] implicit_task_end: parallel_id=0 thread_num=16
[OMPT] implicit_task_end: parallel_id=0 thread_num=4
[OMPT] implicit_task_begin: parallel_id=281474976710833 thread_num=0 team_size=32
[OMPT] implicit_task_end: parallel_id=0 thread_num=7
[OMPT] implicit_task_end: parallel_id=0 thread_num=24
[OMPT] implicit_task_begin: parallel_id=281474976710833 thread_num=4 team_size=32
[OMPT] implicit_task_end: parallel_id=0 thread_num=12
[OMPT] implicit_task_end: parallel_id=0 thread_num=27
[OMPT] implicit_task_end: parallel_id=0 thread_num=14
[OMPT] implicit_task_end: parallel_id=0 thread_num=26
[OMPT] implicit_task_end: parallel_id=0 thread_num=20
[OMPT] implicit_task_begin: parallel_id=281474976710833 thread_num=24 team_size=32
[OMPT] implicit_task_end: parallel_id=0 thread_num=19
[OMPT] implicit_task_end: parallel_id=0 thread_num=21
[OMPT] implicit_task_end: parallel_id=0 thread_num=5
[OMPT] implicit_task_begin: parallel_id=281474976710833 thread_num=16 team_size=32
[OMPT] implicit_task_end: parallel_id=0 thread_num=17
[OMPT] implicit_task_begin: parallel_id=281474976710833 thread_num=20 team_size=32
[OMPT] implicit_task_end: parallel_id=0 thread_num=2
[OMPT] implicit_task_begin: parallel_id=281474976710833 thread_num=17 team_size=32
[OMPT] implicit_task_end: parallel_id=0 thread_num=15
[OMPT] implicit_task_begin: parallel_id=281474976710833 thread_num=2 team_size=32
[OMPT] implicit_task_begin: parallel_id=281474976710833 thread_num=15 team_size=32
[OMPT] implicit_task_begin: parallel_id=281474976710833 thread_num=12 team_size=32
[OMPT] implicit_task_end: parallel_id=0 thread_num=3
[OMPT] implicit_task_end: parallel_id=0 thread_num=28
[OMPT] implicit_task_end: parallel_id=0 thread_num=31
[OMPT] implicit_task_begin: parallel_id=281474976710833 thread_num=28 team_size=32
[OMPT] implicit_task_begin: parallel_id=281474976710833 thread_num=14 team_size=32
[OMPT] implicit_task_begin: parallel_id=281474976710833 thread_num=31 team_size=32
[OMPT] implicit_task_end: parallel_id=0 thread_num=23
[OMPT] implicit_task_end: parallel_id=0 thread_num=18
[OMPT] implicit_task_begin: parallel_id=281474976710833 thread_num=23 team_size=32
[OMPT] implicit_task_begin: parallel_id=281474976710833 thread_num=26 team_size=32
[OMPT] implicit_task_begin: parallel_id=281474976710833 thread_num=19 team_size=32
[OMPT] implicit_task_end: parallel_id=0 thread_num=8
[OMPT] implicit_task_end: parallel_id=0 thread_num=11
[OMPT] implicit_task_end: parallel_id=0 thread_num=10
[OMPT] implicit_task_begin: parallel_id=281474976710833 thread_num=11 team_size=32
[OMPT] implicit_task_begin: parallel_id=281474976710833 thread_num=10 team_size=32
[OMPT] implicit_task_begin: parallel_id=281474976710833 thread_num=5 team_size=32
[OMPT] implicit_task_end: parallel_id=0 thread_num=13
[OMPT] implicit_task_begin: parallel_id=281474976710833 thread_num=7 team_size=32
[OMPT] implicit_task_begin: parallel_id=281474976710833 thread_num=13 team_size=32
[OMPT] implicit_task_begin: parallel_id=281474976710833 thread_num=3 team_size=32
[OMPT] implicit_task_end: parallel_id=0 thread_num=1
[OMPT] implicit_task_begin: parallel_id=281474976710833 thread_num=1 team_size=32
[OMPT] implicit_task_end: parallel_id=0 thread_num=30
[OMPT] implicit_task_end: parallel_id=0 thread_num=22
[OMPT] implicit_task_begin: parallel_id=281474976710833 thread_num=30 team_size=32
[OMPT] implicit_task_begin: parallel_id=281474976710833 thread_num=18 team_size=32
[OMPT] implicit_task_begin: parallel_id=281474976710833 thread_num=22 team_size=32
[OMPT] implicit_task_end: parallel_id=0 thread_num=9
[OMPT] implicit_task_begin: parallel_id=281474976710833 thread_num=8 team_size=32
[OMPT] implicit_task_begin: parallel_id=281474976710833 thread_num=9 team_size=32
[OMPT] implicit_task_end: parallel_id=0 thread_num=6
[OMPT] implicit_task_begin: parallel_id=281474976710833 thread_num=6 team_size=32
[OMPT] implicit_task_begin: parallel_id=281474976710833 thread_num=21 team_size=32
[OMPT] implicit_task_end: parallel_id=0 thread_num=29
[OMPT] implicit_task_begin: parallel_id=281474976710833 thread_num=29 team_size=32
[OMPT] implicit_task_begin: parallel_id=281474976710833 thread_num=27 team_size=32
[OMPT] implicit_task_end: parallel_id=0 thread_num=25
[OMPT] implicit_task_begin: parallel_id=281474976710833 thread_num=25 team_size=32
[OMPT] implicit_task_end: parallel_id=0 thread_num=0
[OMPT] parallel_end: parallel_id=281474976710833
[OMPT] parallel_begin: parallel_id=281474976710835 team_size=32
[OMPT] implicit_task_end: parallel_id=0 thread_num=16
[OMPT] implicit_task_end: parallel_id=0 thread_num=1
[OMPT] implicit_task_end: parallel_id=0 thread_num=17
[OMPT] implicit_task_end: parallel_id=0 thread_num=20
[OMPT] implicit_task_end: parallel_id=0 thread_num=23
[OMPT] implicit_task_begin: parallel_id=281474976710835 thread_num=1 team_size=32
[OMPT] implicit_task_end: parallel_id=0 thread_num=3
[OMPT] implicit_task_begin: parallel_id=281474976710835 thread_num=23 team_size=32
[OMPT] implicit_task_begin: parallel_id=281474976710835 thread_num=0 team_size=32
[OMPT] implicit_task_end: parallel_id=0 thread_num=24
[OMPT] implicit_task_end: parallel_id=0 thread_num=26
[OMPT] implicit_task_begin: parallel_id=281474976710835 thread_num=24 team_size=32
[OMPT] implicit_task_begin: parallel_id=281474976710835 thread_num=26 team_size=32
[OMPT] implicit_task_end: parallel_id=0 thread_num=12
[OMPT] implicit_task_end: parallel_id=0 thread_num=15
[OMPT] implicit_task_end: parallel_id=0 thread_num=22
[OMPT] implicit_task_begin: parallel_id=281474976710835 thread_num=12 team_size=32
[OMPT] implicit_task_end: parallel_id=0 thread_num=21
[OMPT] implicit_task_end: parallel_id=0 thread_num=2
[OMPT] implicit_task_begin: parallel_id=281474976710835 thread_num=21 team_size=32
[OMPT] implicit_task_end: parallel_id=0 thread_num=4
[OMPT] implicit_task_end: parallel_id=0 thread_num=6
[OMPT] implicit_task_end: parallel_id=0 thread_num=8
[OMPT] implicit_task_end: parallel_id=0 thread_num=11
[OMPT] implicit_task_end: parallel_id=0 thread_num=9
[OMPT] implicit_task_begin: parallel_id=281474976710835 thread_num=3 team_size=32
[OMPT] implicit_task_begin: parallel_id=281474976710835 thread_num=11 team_size=32
[OMPT] implicit_task_end: parallel_id=0 thread_num=18
[OMPT] implicit_task_end: parallel_id=0 thread_num=25
[OMPT] implicit_task_begin: parallel_id=281474976710835 thread_num=18 team_size=32
[OMPT] implicit_task_end: parallel_id=0 thread_num=19
[OMPT] implicit_task_begin: parallel_id=281474976710835 thread_num=16 team_size=32
[OMPT] implicit_task_begin: parallel_id=281474976710835 thread_num=19 team_size=32
[OMPT] implicit_task_end: parallel_id=0 thread_num=14
[OMPT] implicit_task_begin: parallel_id=281474976710835 thread_num=14 team_size=32
[OMPT] implicit_task_begin: parallel_id=281474976710835 thread_num=15 team_size=32
[OMPT] implicit_task_begin: parallel_id=281474976710835 thread_num=22 team_size=32
[OMPT] implicit_task_begin: parallel_id=281474976710835 thread_num=2 team_size=32
[OMPT] implicit_task_end: parallel_id=0 thread_num=7
[OMPT] implicit_task_begin: parallel_id=281474976710835 thread_num=7 team_size=32
[OMPT] implicit_task_begin: parallel_id=281474976710835 thread_num=20 team_size=32
[OMPT] implicit_task_end: parallel_id=0 thread_num=5
[OMPT] implicit_task_begin: parallel_id=281474976710835 thread_num=5 team_size=32
[OMPT] implicit_task_begin: parallel_id=281474976710835 thread_num=4 team_size=32
[OMPT] implicit_task_end: parallel_id=0 thread_num=10
[OMPT] implicit_task_begin: parallel_id=281474976710835 thread_num=10 team_size=32
[OMPT] implicit_task_begin: parallel_id=281474976710835 thread_num=6 team_size=32
[OMPT] implicit_task_begin: parallel_id=281474976710835 thread_num=8 team_size=32
[OMPT] implicit_task_begin: parallel_id=281474976710835 thread_num=17 team_size=32
[OMPT] implicit_task_end: parallel_id=0 thread_num=28
[OMPT] implicit_task_end: parallel_id=0 thread_num=31
[OMPT] implicit_task_begin: parallel_id=281474976710835 thread_num=28 team_size=32
[OMPT] implicit_task_begin: parallel_id=281474976710835 thread_num=9 team_size=32
[OMPT] implicit_task_begin: parallel_id=281474976710835 thread_num=31 team_size=32
[OMPT] implicit_task_end: parallel_id=0 thread_num=27
[OMPT] implicit_task_end: parallel_id=0 thread_num=13
[OMPT] implicit_task_begin: parallel_id=281474976710835 thread_num=27 team_size=32
[OMPT] implicit_task_begin: parallel_id=281474976710835 thread_num=13 team_size=32
[OMPT] implicit_task_begin: parallel_id=281474976710835 thread_num=25 team_size=32
[OMPT] implicit_task_end: parallel_id=0 thread_num=30
[OMPT] implicit_task_begin: parallel_id=281474976710835 thread_num=30 team_size=32
[OMPT] implicit_task_end: parallel_id=0 thread_num=29
[OMPT] implicit_task_begin: parallel_id=281474976710835 thread_num=29 team_size=32
[OMPT] implicit_task_end: parallel_id=0 thread_num=0
[OMPT] parallel_end: parallel_id=281474976710835
[OMPT] parallel_begin: parallel_id=281474976710837 team_size=32
[OMPT] implicit_task_end: parallel_id=0 thread_num=16
[OMPT] implicit_task_end: parallel_id=0 thread_num=8
[OMPT] implicit_task_end: parallel_id=0 thread_num=20
[OMPT] implicit_task_end: parallel_id=0 thread_num=28
[OMPT] implicit_task_begin: parallel_id=281474976710837 thread_num=16 team_size=32
[OMPT] implicit_task_end: parallel_id=0 thread_num=12
[OMPT] implicit_task_end: parallel_id=0 thread_num=30
[OMPT] implicit_task_begin: parallel_id=281474976710837 thread_num=20 team_size=32
[OMPT] implicit_task_end: parallel_id=0 thread_num=14
[OMPT] implicit_task_end: parallel_id=0 thread_num=3
[OMPT] implicit_task_begin: parallel_id=281474976710837 thread_num=0 team_size=32
[OMPT] implicit_task_end: parallel_id=0 thread_num=17
[OMPT] implicit_task_end: parallel_id=0 thread_num=19
[OMPT] implicit_task_end: parallel_id=0 thread_num=18
[OMPT] implicit_task_end: parallel_id=0 thread_num=10
[OMPT] implicit_task_end: parallel_id=0 thread_num=9
[OMPT] implicit_task_begin: parallel_id=281474976710837 thread_num=19 team_size=32
[OMPT] implicit_task_end: parallel_id=0 thread_num=22
[OMPT] implicit_task_begin: parallel_id=281474976710837 thread_num=18 team_size=32
[OMPT] implicit_task_end: parallel_id=0 thread_num=21
[OMPT] implicit_task_end: parallel_id=0 thread_num=31
[OMPT] implicit_task_begin: parallel_id=281474976710837 thread_num=30 team_size=32
[OMPT] implicit_task_end: parallel_id=0 thread_num=2
[OMPT] implicit_task_begin: parallel_id=281474976710837 thread_num=31 team_size=32
[OMPT] implicit_task_end: parallel_id=0 thread_num=29
[OMPT] implicit_task_end: parallel_id=0 thread_num=15
[OMPT] implicit_task_begin: parallel_id=281474976710837 thread_num=29 team_size=32
[OMPT] implicit_task_begin: parallel_id=281474976710837 thread_num=28 team_size=32
[OMPT] implicit_task_end: parallel_id=0 thread_num=1
[OMPT] implicit_task_end: parallel_id=0 thread_num=24
[OMPT] implicit_task_end: parallel_id=0 thread_num=27
[OMPT] implicit_task_begin: parallel_id=281474976710837 thread_num=12 team_size=32
[OMPT] implicit_task_begin: parallel_id=281474976710837 thread_num=24 team_size=32
[OMPT] implicit_task_begin: parallel_id=281474976710837 thread_num=27 team_size=32
[OMPT] implicit_task_begin: parallel_id=281474976710837 thread_num=17 team_size=32
[OMPT] implicit_task_end: parallel_id=0 thread_num=4
[OMPT] implicit_task_end: parallel_id=0 thread_num=7
[OMPT] implicit_task_begin: parallel_id=281474976710837 thread_num=4 team_size=32
[OMPT] implicit_task_end: parallel_id=0 thread_num=23
[OMPT] implicit_task_begin: parallel_id=281474976710837 thread_num=7 team_size=32
[OMPT] implicit_task_begin: parallel_id=281474976710837 thread_num=9 team_size=32
[OMPT] implicit_task_begin: parallel_id=281474976710837 thread_num=3 team_size=32
[OMPT] implicit_task_begin: parallel_id=281474976710837 thread_num=21 team_size=32
[OMPT] implicit_task_begin: parallel_id=281474976710837 thread_num=8 team_size=32
[OMPT] implicit_task_begin: parallel_id=281474976710837 thread_num=2 team_size=32
[OMPT] implicit_task_end: parallel_id=0 thread_num=13
[OMPT] implicit_task_begin: parallel_id=281474976710837 thread_num=15 team_size=32
[OMPT] implicit_task_end: parallel_id=0 thread_num=25
[OMPT] implicit_task_end: parallel_id=0 thread_num=26
[OMPT] implicit_task_begin: parallel_id=281474976710837 thread_num=25 team_size=32
[OMPT] implicit_task_begin: parallel_id=281474976710837 thread_num=1 team_size=32
[OMPT] implicit_task_begin: parallel_id=281474976710837 thread_num=26 team_size=32
[OMPT] implicit_task_end: parallel_id=0 thread_num=11
[OMPT] implicit_task_end: parallel_id=0 thread_num=6
[OMPT] implicit_task_begin: parallel_id=281474976710837 thread_num=11 team_size=32
[OMPT] implicit_task_begin: parallel_id=281474976710837 thread_num=6 team_size=32
[OMPT] implicit_task_begin: parallel_id=281474976710837 thread_num=22 team_size=32
[OMPT] implicit_task_begin: parallel_id=281474976710837 thread_num=13 team_size=32
[OMPT] implicit_task_begin: parallel_id=281474976710837 thread_num=14 team_size=32
[OMPT] implicit_task_end: parallel_id=0 thread_num=5
[OMPT] implicit_task_begin: parallel_id=281474976710837 thread_num=5 team_size=32
[OMPT] implicit_task_begin: parallel_id=281474976710837 thread_num=10 team_size=32
[OMPT] implicit_task_begin: parallel_id=281474976710837 thread_num=23 team_size=32
[OMPT] implicit_task_end: parallel_id=0 thread_num=0
[OMPT] parallel_end: parallel_id=281474976710837
[OMPT] parallel_begin: parallel_id=281474976710839 team_size=32
[OMPT] implicit_task_end: parallel_id=0 thread_num=12
[OMPT] implicit_task_end: parallel_id=0 thread_num=2
[OMPT] implicit_task_end: parallel_id=0 thread_num=14
[OMPT] implicit_task_begin: parallel_id=281474976710839 thread_num=12 team_size=32
[OMPT] implicit_task_end: parallel_id=0 thread_num=4
[OMPT] implicit_task_begin: parallel_id=281474976710839 thread_num=14 team_size=32
[OMPT] implicit_task_end: parallel_id=0 thread_num=7
[OMPT] implicit_task_end: parallel_id=0 thread_num=6
[OMPT] implicit_task_end: parallel_id=0 thread_num=1
[OMPT] implicit_task_begin: parallel_id=281474976710839 thread_num=6 team_size=32
[OMPT] implicit_task_begin: parallel_id=281474976710839 thread_num=0 team_size=32
[OMPT] implicit_task_begin: parallel_id=281474976710839 thread_num=1 team_size=32
[OMPT] implicit_task_end: parallel_id=0 thread_num=13
[OMPT] implicit_task_end: parallel_id=0 thread_num=16
[OMPT] implicit_task_begin: parallel_id=281474976710839 thread_num=13 team_size=32
[OMPT] implicit_task_begin: parallel_id=281474976710839 thread_num=2 team_size=32
[OMPT] implicit_task_end: parallel_id=0 thread_num=18
[OMPT] implicit_task_end: parallel_id=0 thread_num=17
[OMPT] implicit_task_begin: parallel_id=281474976710839 thread_num=7 team_size=32
[OMPT] implicit_task_begin: parallel_id=281474976710839 thread_num=18 team_size=32
[OMPT] implicit_task_end: parallel_id=0 thread_num=3
[OMPT] implicit_task_end: parallel_id=0 thread_num=5
[OMPT] implicit_task_end: parallel_id=0 thread_num=28
[OMPT] implicit_task_begin: parallel_id=281474976710839 thread_num=5 team_size=32
[OMPT] implicit_task_end: parallel_id=0 thread_num=30
[OMPT] implicit_task_end: parallel_id=0 thread_num=24
[OMPT] implicit_task_end: parallel_id=0 thread_num=20
[OMPT] implicit_task_begin: parallel_id=281474976710839 thread_num=16 team_size=32
[OMPT] implicit_task_end: parallel_id=0 thread_num=25
[OMPT] implicit_task_end: parallel_id=0 thread_num=15
[OMPT] implicit_task_begin: parallel_id=281474976710839 thread_num=24 team_size=32
[OMPT] implicit_task_end: parallel_id=0 thread_num=8
[OMPT] implicit_task_begin: parallel_id=281474976710839 thread_num=25 team_size=32
[OMPT] implicit_task_end: parallel_id=0 thread_num=11
[OMPT] implicit_task_begin: parallel_id=281474976710839 thread_num=8 team_size=32
[OMPT] implicit_task_end: parallel_id=0 thread_num=31
[OMPT] implicit_task_begin: parallel_id=281474976710839 thread_num=11 team_size=32
[OMPT] implicit_task_begin: parallel_id=281474976710839 thread_num=31 team_size=32
[OMPT] implicit_task_end: parallel_id=0 thread_num=27
[OMPT] implicit_task_begin: parallel_id=281474976710839 thread_num=30 team_size=32
[OMPT] implicit_task_begin: parallel_id=281474976710839 thread_num=4 team_size=32
[OMPT] implicit_task_end: parallel_id=0 thread_num=23
[OMPT] implicit_task_begin: parallel_id=281474976710839 thread_num=23 team_size=32
[OMPT] implicit_task_end: parallel_id=0 thread_num=21
[OMPT] implicit_task_begin: parallel_id=281474976710839 thread_num=21 team_size=32
[OMPT] implicit_task_begin: parallel_id=281474976710839 thread_num=17 team_size=32
[OMPT] implicit_task_begin: parallel_id=281474976710839 thread_num=3 team_size=32
[OMPT] implicit_task_end: parallel_id=0 thread_num=9
[OMPT] implicit_task_begin: parallel_id=281474976710839 thread_num=9 team_size=32
[OMPT] implicit_task_begin: parallel_id=281474976710839 thread_num=15 team_size=32
[OMPT] implicit_task_end: parallel_id=0 thread_num=19
[OMPT] implicit_task_begin: parallel_id=281474976710839 thread_num=19 team_size=32
[OMPT] implicit_task_end: parallel_id=0 thread_num=10
[OMPT] implicit_task_begin: parallel_id=281474976710839 thread_num=10 team_size=32
[OMPT] implicit_task_end: parallel_id=0 thread_num=29
[OMPT] implicit_task_begin: parallel_id=281474976710839 thread_num=29 team_size=32
[OMPT] implicit_task_begin: parallel_id=281474976710839 thread_num=28 team_size=32
[OMPT] implicit_task_end: parallel_id=0 thread_num=26
[OMPT] implicit_task_begin: parallel_id=281474976710839 thread_num=26 team_size=32
[OMPT] implicit_task_begin: parallel_id=281474976710839 thread_num=27 team_size=32
[OMPT] implicit_task_end: parallel_id=0 thread_num=22
[OMPT] implicit_task_begin: parallel_id=281474976710839 thread_num=22 team_size=32
[OMPT] implicit_task_begin: parallel_id=281474976710839 thread_num=20 team_size=32
[OMPT] implicit_task_end: parallel_id=0 thread_num=0
[OMPT] parallel_end: parallel_id=281474976710839
[OMPT] parallel_begin: parallel_id=281474976710841 team_size=32
[OMPT] implicit_task_end: parallel_id=0 thread_num=16
[OMPT] implicit_task_end: parallel_id=0 thread_num=8
[OMPT] implicit_task_end: parallel_id=0 thread_num=18
[OMPT] implicit_task_end: parallel_id=0 thread_num=20
[OMPT] implicit_task_end: parallel_id=0 thread_num=19
[OMPT] implicit_task_begin: parallel_id=281474976710841 thread_num=18 team_size=32
[OMPT] implicit_task_end: parallel_id=0 thread_num=2
[OMPT] implicit_task_begin: parallel_id=281474976710841 thread_num=20 team_size=32
[OMPT] implicit_task_end: parallel_id=0 thread_num=1
[OMPT] implicit_task_end: parallel_id=0 thread_num=24
[OMPT] implicit_task_end: parallel_id=0 thread_num=27
[OMPT] implicit_task_begin: parallel_id=281474976710841 thread_num=1 team_size=32
[OMPT] implicit_task_begin: parallel_id=281474976710841 thread_num=24 team_size=32
[OMPT] implicit_task_begin: parallel_id=281474976710841 thread_num=16 team_size=32
[OMPT] implicit_task_begin: parallel_id=281474976710841 thread_num=27 team_size=32
[OMPT] implicit_task_end: parallel_id=0 thread_num=11
[OMPT] implicit_task_end: parallel_id=0 thread_num=10
[OMPT] implicit_task_begin: parallel_id=281474976710841 thread_num=11 team_size=32
[OMPT] implicit_task_end: parallel_id=0 thread_num=4
[OMPT] implicit_task_end: parallel_id=0 thread_num=7
[OMPT] implicit_task_begin: parallel_id=281474976710841 thread_num=4 team_size=32
[OMPT] implicit_task_end: parallel_id=0 thread_num=22
[OMPT] implicit_task_end: parallel_id=0 thread_num=23
[OMPT] implicit_task_end: parallel_id=0 thread_num=21
[OMPT] implicit_task_begin: parallel_id=281474976710841 thread_num=23 team_size=32
[OMPT] implicit_task_begin: parallel_id=281474976710841 thread_num=19 team_size=32
[OMPT] implicit_task_begin: parallel_id=281474976710841 thread_num=0 team_size=32
[OMPT] implicit_task_begin: parallel_id=281474976710841 thread_num=2 team_size=32
[OMPT] implicit_task_end: parallel_id=0 thread_num=28
[OMPT] implicit_task_end: parallel_id=0 thread_num=31
[OMPT] implicit_task_begin: parallel_id=281474976710841 thread_num=28 team_size=32
[OMPT] implicit_task_end: parallel_id=0 thread_num=26
[OMPT] implicit_task_end: parallel_id=0 thread_num=17
[OMPT] implicit_task_begin: parallel_id=281474976710841 thread_num=8 team_size=32
[OMPT] implicit_task_begin: parallel_id=281474976710841 thread_num=17 team_size=32
[OMPT] implicit_task_begin: parallel_id=281474976710841 thread_num=10 team_size=32
[OMPT] implicit_task_end: parallel_id=0 thread_num=6
[OMPT] implicit_task_begin: parallel_id=281474976710841 thread_num=6 team_size=32
[OMPT] implicit_task_end: parallel_id=0 thread_num=5
[OMPT] implicit_task_begin: parallel_id=281474976710841 thread_num=5 team_size=32
[OMPT] implicit_task_begin: parallel_id=281474976710841 thread_num=22 team_size=32
[OMPT] implicit_task_end: parallel_id=0 thread_num=3
[OMPT] implicit_task_begin: parallel_id=281474976710841 thread_num=3 team_size=32
[OMPT] implicit_task_begin: parallel_id=281474976710841 thread_num=21 team_size=32
[OMPT] implicit_task_end: parallel_id=0 thread_num=30
[OMPT] implicit_task_begin: parallel_id=281474976710841 thread_num=30 team_size=32
[OMPT] implicit_task_end: parallel_id=0 thread_num=29
[OMPT] implicit_task_begin: parallel_id=281474976710841 thread_num=29 team_size=32
[OMPT] implicit_task_end: parallel_id=0 thread_num=25
[OMPT] implicit_task_begin: parallel_id=281474976710841 thread_num=25 team_size=32
[OMPT] implicit_task_begin: parallel_id=281474976710841 thread_num=31 team_size=32
[OMPT] implicit_task_begin: parallel_id=281474976710841 thread_num=26 team_size=32
[OMPT] implicit_task_end: parallel_id=0 thread_num=9
[OMPT] implicit_task_begin: parallel_id=281474976710841 thread_num=9 team_size=32
[OMPT] implicit_task_end: parallel_id=0 thread_num=12
[OMPT] implicit_task_end: parallel_id=0 thread_num=14
[OMPT] implicit_task_begin: parallel_id=281474976710841 thread_num=7 team_size=32
[OMPT] implicit_task_begin: parallel_id=281474976710841 thread_num=14 team_size=32
[OMPT] implicit_task_end: parallel_id=0 thread_num=15
[OMPT] implicit_task_end: parallel_id=0 thread_num=13
[OMPT] implicit_task_begin: parallel_id=281474976710841 thread_num=15 team_size=32
[OMPT] implicit_task_begin: parallel_id=281474976710841 thread_num=12 team_size=32
[OMPT] implicit_task_begin: parallel_id=281474976710841 thread_num=13 team_size=32
[OMPT] implicit_task_end: parallel_id=0 thread_num=0
[OMPT] parallel_end: parallel_id=281474976710841
[OMPT] parallel_begin: parallel_id=281474976710843 team_size=32
[OMPT] implicit_task_end: parallel_id=0 thread_num=16
[OMPT] implicit_task_end: parallel_id=0 thread_num=4
[OMPT] implicit_task_end: parallel_id=0 thread_num=28
[OMPT] implicit_task_end: parallel_id=0 thread_num=19
[OMPT] implicit_task_end: parallel_id=0 thread_num=18
[OMPT] implicit_task_end: parallel_id=0 thread_num=12
[OMPT] implicit_task_end: parallel_id=0 thread_num=30
[OMPT] implicit_task_end: parallel_id=0 thread_num=2
[OMPT] implicit_task_end: parallel_id=0 thread_num=15
[OMPT] implicit_task_end: parallel_id=0 thread_num=24
[OMPT] implicit_task_begin: parallel_id=281474976710843 thread_num=28 team_size=32
[OMPT] implicit_task_end: parallel_id=0 thread_num=25
[OMPT] implicit_task_end: parallel_id=0 thread_num=17
[OMPT] implicit_task_end: parallel_id=0 thread_num=7
[OMPT] implicit_task_begin: parallel_id=281474976710843 thread_num=24 team_size=32
[OMPT] implicit_task_end: parallel_id=0 thread_num=8
[OMPT] implicit_task_begin: parallel_id=281474976710843 thread_num=4 team_size=32
[OMPT] implicit_task_end: parallel_id=0 thread_num=9
[OMPT] implicit_task_end: parallel_id=0 thread_num=11
[OMPT] implicit_task_begin: parallel_id=281474976710843 thread_num=16 team_size=32
[OMPT] implicit_task_end: parallel_id=0 thread_num=13
[OMPT] implicit_task_begin: parallel_id=281474976710843 thread_num=30 team_size=32
[OMPT] implicit_task_end: parallel_id=0 thread_num=3
[OMPT] implicit_task_begin: parallel_id=281474976710843 thread_num=9 team_size=32
[OMPT] implicit_task_begin: parallel_id=281474976710843 thread_num=13 team_size=32
[OMPT] implicit_task_end: parallel_id=0 thread_num=26
[OMPT] implicit_task_begin: parallel_id=281474976710843 thread_num=17 team_size=32
[OMPT] implicit_task_end: parallel_id=0 thread_num=27
[OMPT] implicit_task_begin: parallel_id=281474976710843 thread_num=8 team_size=32
[OMPT] implicit_task_end: parallel_id=0 thread_num=6
[OMPT] implicit_task_begin: parallel_id=281474976710843 thread_num=26 team_size=32
[OMPT] implicit_task_begin: parallel_id=281474976710843 thread_num=12 team_size=32
[OMPT] implicit_task_begin: parallel_id=281474976710843 thread_num=27 team_size=32
[OMPT] implicit_task_end: parallel_id=0 thread_num=5
[OMPT] implicit_task_begin: parallel_id=281474976710843 thread_num=3 team_size=32
[OMPT] implicit_task_begin: parallel_id=281474976710843 thread_num=15 team_size=32
[OMPT] implicit_task_begin: parallel_id=281474976710843 thread_num=18 team_size=32
[OMPT] implicit_task_end: parallel_id=0 thread_num=29
[OMPT] implicit_task_end: parallel_id=0 thread_num=10
[OMPT] implicit_task_end: parallel_id=0 thread_num=31
[OMPT] implicit_task_begin: parallel_id=281474976710843 thread_num=19 team_size=32
[OMPT] implicit_task_begin: parallel_id=281474976710843 thread_num=10 team_size=32
[OMPT] implicit_task_end: parallel_id=0 thread_num=14
[OMPT] implicit_task_end: parallel_id=0 thread_num=20
[OMPT] implicit_task_begin: parallel_id=281474976710843 thread_num=11 team_size=32
[OMPT] implicit_task_begin: parallel_id=281474976710843 thread_num=20 team_size=32
[OMPT] implicit_task_begin: parallel_id=281474976710843 thread_num=25 team_size=32
[OMPT] implicit_task_begin: parallel_id=281474976710843 thread_num=7 team_size=32
[OMPT] implicit_task_begin: parallel_id=281474976710843 thread_num=0 team_size=32
[OMPT] implicit_task_begin: parallel_id=281474976710843 thread_num=6 team_size=32
[OMPT] implicit_task_begin: parallel_id=281474976710843 thread_num=2 team_size=32
[OMPT] implicit_task_begin: parallel_id=281474976710843 thread_num=5 team_size=32
[OMPT] implicit_task_begin: parallel_id=281474976710843 thread_num=29 team_size=32
[OMPT] implicit_task_begin: parallel_id=281474976710843 thread_num=31 team_size=32
[OMPT] implicit_task_end: parallel_id=0 thread_num=1
[OMPT] implicit_task_begin: parallel_id=281474976710843 thread_num=1 team_size=32
[OMPT] implicit_task_begin: parallel_id=281474976710843 thread_num=14 team_size=32
[OMPT] implicit_task_end: parallel_id=0 thread_num=22
[OMPT] implicit_task_begin: parallel_id=281474976710843 thread_num=22 team_size=32
[OMPT] implicit_task_end: parallel_id=0 thread_num=21
[OMPT] implicit_task_begin: parallel_id=281474976710843 thread_num=21 team_size=32
[OMPT] implicit_task_end: parallel_id=0 thread_num=23
[OMPT] implicit_task_begin: parallel_id=281474976710843 thread_num=23 team_size=32
[OMPT] implicit_task_end: parallel_id=0 thread_num=0
[OMPT] parallel_end: parallel_id=281474976710843
[OMPT] parallel_begin: parallel_id=281474976710845 team_size=32
[OMPT] implicit_task_end: parallel_id=0 thread_num=16
[OMPT] implicit_task_begin: parallel_id=281474976710845 thread_num=0 team_size=32
[OMPT] implicit_task_end: parallel_id=0 thread_num=1
[OMPT] implicit_task_end: parallel_id=0 thread_num=24
[OMPT] implicit_task_end: parallel_id=0 thread_num=8
[OMPT] implicit_task_end: parallel_id=0 thread_num=27
[OMPT] implicit_task_end: parallel_id=0 thread_num=11
[OMPT] implicit_task_end: parallel_id=0 thread_num=2
[OMPT] implicit_task_begin: parallel_id=281474976710845 thread_num=8 team_size=32
[OMPT] implicit_task_begin: parallel_id=281474976710845 thread_num=27 team_size=32
[OMPT] implicit_task_end: parallel_id=0 thread_num=20
[OMPT] implicit_task_end: parallel_id=0 thread_num=18
[OMPT] implicit_task_begin: parallel_id=281474976710845 thread_num=2 team_size=32
[OMPT] implicit_task_begin: parallel_id=281474976710845 thread_num=20 team_size=32
[OMPT] implicit_task_begin: parallel_id=281474976710845 thread_num=18 team_size=32
[OMPT] implicit_task_begin: parallel_id=281474976710845 thread_num=16 team_size=32
[OMPT] implicit_task_end: parallel_id=0 thread_num=12
[OMPT] implicit_task_end: parallel_id=0 thread_num=26
[OMPT] implicit_task_end: parallel_id=0 thread_num=25
[OMPT] implicit_task_begin: parallel_id=281474976710845 thread_num=12 team_size=32
[OMPT] implicit_task_begin: parallel_id=281474976710845 thread_num=26 team_size=32
[OMPT] implicit_task_end: parallel_id=0 thread_num=9
[OMPT] implicit_task_end: parallel_id=0 thread_num=3
[OMPT] implicit_task_begin: parallel_id=281474976710845 thread_num=24 team_size=32
[OMPT] implicit_task_end: parallel_id=0 thread_num=28
[OMPT] implicit_task_end: parallel_id=0 thread_num=31
[OMPT] implicit_task_begin: parallel_id=281474976710845 thread_num=11 team_size=32
[OMPT] implicit_task_end: parallel_id=0 thread_num=23
[OMPT] implicit_task_end: parallel_id=0 thread_num=22
[OMPT] implicit_task_begin: parallel_id=281474976710845 thread_num=23 team_size=32
[OMPT] implicit_task_end: parallel_id=0 thread_num=17
[OMPT] implicit_task_end: parallel_id=0 thread_num=15
[OMPT] implicit_task_begin: parallel_id=281474976710845 thread_num=17 team_size=32
[OMPT] implicit_task_end: parallel_id=0 thread_num=14
[OMPT] implicit_task_end: parallel_id=0 thread_num=13
[OMPT] implicit_task_begin: parallel_id=281474976710845 thread_num=14 team_size=32
[OMPT] implicit_task_end: parallel_id=0 thread_num=10
[OMPT] implicit_task_begin: parallel_id=281474976710845 thread_num=10 team_size=32
[OMPT] implicit_task_begin: parallel_id=281474976710845 thread_num=25 team_size=32
[OMPT] implicit_task_end: parallel_id=0 thread_num=4
[OMPT] implicit_task_end: parallel_id=0 thread_num=6
[OMPT] implicit_task_begin: parallel_id=281474976710845 thread_num=9 team_size=32
[OMPT] implicit_task_begin: parallel_id=281474976710845 thread_num=6 team_size=32
[OMPT] implicit_task_begin: parallel_id=281474976710845 thread_num=3 team_size=32
[OMPT] implicit_task_end: parallel_id=0 thread_num=30
[OMPT] implicit_task_end: parallel_id=0 thread_num=29
[OMPT] implicit_task_begin: parallel_id=281474976710845 thread_num=28 team_size=32
[OMPT] implicit_task_begin: parallel_id=281474976710845 thread_num=29 team_size=32
[OMPT] implicit_task_begin: parallel_id=281474976710845 thread_num=31 team_size=32
[OMPT] implicit_task_begin: parallel_id=281474976710845 thread_num=22 team_size=32
[OMPT] implicit_task_end: parallel_id=0 thread_num=19
[OMPT] implicit_task_begin: parallel_id=281474976710845 thread_num=19 team_size=32
[OMPT] implicit_task_begin: parallel_id=281474976710845 thread_num=15 team_size=32
[OMPT] implicit_task_begin: parallel_id=281474976710845 thread_num=13 team_size=32
[OMPT] implicit_task_begin: parallel_id=281474976710845 thread_num=1 team_size=32
[OMPT] implicit_task_end: parallel_id=0 thread_num=7
[OMPT] implicit_task_begin: parallel_id=281474976710845 thread_num=7 team_size=32
[OMPT] implicit_task_end: parallel_id=0 thread_num=5
[OMPT] implicit_task_begin: parallel_id=281474976710845 thread_num=5 team_size=32
[OMPT] implicit_task_begin: parallel_id=281474976710845 thread_num=4 team_size=32
[OMPT] implicit_task_begin: parallel_id=281474976710845 thread_num=30 team_size=32
[OMPT] implicit_task_end: parallel_id=0 thread_num=21
[OMPT] implicit_task_begin: parallel_id=281474976710845 thread_num=21 team_size=32
[OMPT] implicit_task_end: parallel_id=0 thread_num=0
[OMPT] parallel_end: parallel_id=281474976710845
[OMPT] parallel_begin: parallel_id=281474976710847 team_size=32
[OMPT] implicit_task_end: parallel_id=0 thread_num=12
[OMPT] implicit_task_end: parallel_id=0 thread_num=8
[OMPT] implicit_task_end: parallel_id=0 thread_num=14
[OMPT] implicit_task_begin: parallel_id=281474976710847 thread_num=12 team_size=32
[OMPT] implicit_task_begin: parallel_id=281474976710847 thread_num=8 team_size=32
[OMPT] implicit_task_begin: parallel_id=281474976710847 thread_num=14 team_size=32
[OMPT] implicit_task_end: parallel_id=0 thread_num=3
[OMPT] implicit_task_end: parallel_id=0 thread_num=2
[OMPT] implicit_task_begin: parallel_id=281474976710847 thread_num=3 team_size=32
[OMPT] implicit_task_end: parallel_id=0 thread_num=15
[OMPT] implicit_task_end: parallel_id=0 thread_num=13
[OMPT] implicit_task_end: parallel_id=0 thread_num=9
[OMPT] implicit_task_begin: parallel_id=281474976710847 thread_num=13 team_size=32
[OMPT] implicit_task_end: parallel_id=0 thread_num=16
[OMPT] implicit_task_end: parallel_id=0 thread_num=24
[OMPT] implicit_task_end: parallel_id=0 thread_num=17
[OMPT] implicit_task_begin: parallel_id=281474976710847 thread_num=16 team_size=32
[OMPT] implicit_task_end: parallel_id=0 thread_num=25
[OMPT] implicit_task_begin: parallel_id=281474976710847 thread_num=24 team_size=32
[OMPT] implicit_task_begin: parallel_id=281474976710847 thread_num=0 team_size=32
[OMPT] implicit_task_begin: parallel_id=281474976710847 thread_num=2 team_size=32
[OMPT] implicit_task_end: parallel_id=0 thread_num=11
[OMPT] implicit_task_begin: parallel_id=281474976710847 thread_num=9 team_size=32
[OMPT] implicit_task_end: parallel_id=0 thread_num=28
[OMPT] implicit_task_begin: parallel_id=281474976710847 thread_num=11 team_size=32
[OMPT] implicit_task_end: parallel_id=0 thread_num=30
[OMPT] implicit_task_begin: parallel_id=281474976710847 thread_num=28 team_size=32
[OMPT] implicit_task_end: parallel_id=0 thread_num=10
[OMPT] implicit_task_begin: parallel_id=281474976710847 thread_num=30 team_size=32
[OMPT] implicit_task_end: parallel_id=0 thread_num=26
[OMPT] implicit_task_end: parallel_id=0 thread_num=27
[OMPT] implicit_task_begin: parallel_id=281474976710847 thread_num=17 team_size=32
[OMPT] implicit_task_begin: parallel_id=281474976710847 thread_num=25 team_size=32
[OMPT] implicit_task_begin: parallel_id=281474976710847 thread_num=15 team_size=32
[OMPT] implicit_task_end: parallel_id=0 thread_num=31
[OMPT] implicit_task_end: parallel_id=0 thread_num=29
[OMPT] implicit_task_end: parallel_id=0 thread_num=20
[OMPT] implicit_task_end: parallel_id=0 thread_num=21
[OMPT] implicit_task_begin: parallel_id=281474976710847 thread_num=20 team_size=32
[OMPT] implicit_task_begin: parallel_id=281474976710847 thread_num=21 team_size=32
[OMPT] implicit_task_end: parallel_id=0 thread_num=4
[OMPT] implicit_task_end: parallel_id=0 thread_num=6
[OMPT] implicit_task_begin: parallel_id=281474976710847 thread_num=26 team_size=32
[OMPT] implicit_task_begin: parallel_id=281474976710847 thread_num=6 team_size=32
[OMPT] implicit_task_end: parallel_id=0 thread_num=1
[OMPT] implicit_task_begin: parallel_id=281474976710847 thread_num=27 team_size=32
[OMPT] implicit_task_begin: parallel_id=281474976710847 thread_num=1 team_size=32
[OMPT] implicit_task_begin: parallel_id=281474976710847 thread_num=31 team_size=32
[OMPT] implicit_task_end: parallel_id=0 thread_num=22
[OMPT] implicit_task_end: parallel_id=0 thread_num=23
[OMPT] implicit_task_begin: parallel_id=281474976710847 thread_num=29 team_size=32
[OMPT] implicit_task_begin: parallel_id=281474976710847 thread_num=23 team_size=32
[OMPT] implicit_task_end: parallel_id=0 thread_num=19
[OMPT] implicit_task_end: parallel_id=0 thread_num=18
[OMPT] implicit_task_begin: parallel_id=281474976710847 thread_num=10 team_size=32
[OMPT] implicit_task_end: parallel_id=0 thread_num=5
[OMPT] implicit_task_end: parallel_id=0 thread_num=7
[OMPT] implicit_task_begin: parallel_id=281474976710847 thread_num=4 team_size=32
[OMPT] implicit_task_begin: parallel_id=281474976710847 thread_num=7 team_size=32
[OMPT] implicit_task_begin: parallel_id=281474976710847 thread_num=19 team_size=32
[OMPT] implicit_task_begin: parallel_id=281474976710847 thread_num=18 team_size=32
[OMPT] implicit_task_begin: parallel_id=281474976710847 thread_num=5 team_size=32
[OMPT] implicit_task_begin: parallel_id=281474976710847 thread_num=22 team_size=32
[OMPT][WIN100ms] ompt_id=281474976710657 tid=1054869 tipo=ompt_thread_initial    cpu=255 numa=1  d_rm=   60209  d_instr=1382210310  d_cyc= 603483200  d_all= 8897495  IPC=2.290  ratio_rm=0.0068
[OMPT][WIN100ms] ompt_id=562949953421313 tid=1054871 tipo=ompt_thread_worker     cpu=104 numa=1  d_rm=    6553  d_instr=1364488532  d_cyc= 589824632  d_all= 8825476  IPC=2.313  ratio_rm=0.0007
[OMPT][WIN100ms] ompt_id=844424930131969 tid=1054872 tipo=ompt_thread_worker     cpu=120 numa=1  d_rm=   16972  d_instr=1403506462  d_cyc= 577826754  d_all= 8950896  IPC=2.429  ratio_rm=0.0019
[OMPT] implicit_task_end: parallel_id=0 thread_num=0
[OMPT] parallel_end: parallel_id=281474976710847
[OMPT] parallel_begin: parallel_id=281474976710849 team_size=32
[OMPT] implicit_task_end: parallel_id=0 thread_num=12
[OMPT] implicit_task_end: parallel_id=0 thread_num=3
[OMPT] implicit_task_end: parallel_id=0 thread_num=15
[OMPT] implicit_task_end: parallel_id=0 thread_num=16
[OMPT] implicit_task_end: parallel_id=0 thread_num=20
[OMPT] implicit_task_end: parallel_id=0 thread_num=2
[OMPT] implicit_task_end: parallel_id=0 thread_num=22
[OMPT] implicit_task_end: parallel_id=0 thread_num=1
[OMPT] implicit_task_end: parallel_id=0 thread_num=14
[OMPT] implicit_task_end: parallel_id=0 thread_num=8
[OMPT] implicit_task_end: parallel_id=0 thread_num=11
[OMPT] implicit_task_end: parallel_id=0 thread_num=28
[OMPT] implicit_task_end: parallel_id=0 thread_num=31
[OMPT] implicit_task_end: parallel_id=0 thread_num=30
[OMPT] implicit_task_end: parallel_id=0 thread_num=19
[OMPT] implicit_task_end: parallel_id=0 thread_num=17
[OMPT] implicit_task_end: parallel_id=0 thread_num=23
[OMPT] implicit_task_end: parallel_id=0 thread_num=21
[OMPT] implicit_task_end: parallel_id=0 thread_num=13
[OMPT] implicit_task_end: parallel_id=0 thread_num=18
[OMPT] implicit_task_end: parallel_id=0 thread_num=9
[OMPT] implicit_task_end: parallel_id=0 thread_num=10
[OMPT] implicit_task_end: parallel_id=0 thread_num=24
[OMPT] implicit_task_end: parallel_id=0 thread_num=27
[OMPT] implicit_task_end: parallel_id=0 thread_num=4
[OMPT] implicit_task_end: parallel_id=0 thread_num=7
[OMPT] implicit_task_end: parallel_id=0 thread_num=25
[OMPT] implicit_task_end: parallel_id=0 thread_num=26
[OMPT] implicit_task_end: parallel_id=0 thread_num=29
[OMPT] implicit_task_end: parallel_id=0 thread_num=5
[OMPT] implicit_task_end: parallel_id=0 thread_num=6
[OMPT][WIN100ms] ompt_id=1125899906842625 tid=1054873 tipo=ompt_thread_worker     cpu=  8 numa=0  d_rm=    1498  d_instr=1422137404  d_cyc= 563205575  d_all= 9019443  IPC=2.525  ratio_rm=0.0002
[OMPT][WIN100ms] ompt_id=1407374883553281 tid=1054874 tipo=ompt_thread_worker     cpu= 97 numa=1  d_rm=    8362  d_instr=1423009560  d_cyc= 549516047  d_all= 9071350  IPC=2.590  ratio_rm=0.0009
[OMPT][WIN100ms] ompt_id=1688849860263937 tid=1054875 tipo=ompt_thread_worker     cpu=105 numa=1  d_rm=    7321  d_instr=1421996653  d_cyc= 546398289  d_all= 9051986  IPC=2.602  ratio_rm=0.0008
[OMPT][WIN100ms] ompt_id=1970324836974593 tid=1054876 tipo=ompt_thread_worker     cpu= 48 numa=0  d_rm=    1049  d_instr=1428349368  d_cyc= 545570298  d_all= 9029574  IPC=2.618  ratio_rm=0.0001
[OMPT][WIN100ms] ompt_id=2251799813685249 tid=1054877 tipo=ompt_thread_worker     cpu=113 numa=1  d_rm=    3821  d_instr=1425657075  d_cyc= 547048482  d_all= 9052501  IPC=2.606  ratio_rm=0.0004
[OMPT][WIN100ms] ompt_id=2533274790395905 tid=1054878 tipo=ompt_thread_worker     cpu= 65 numa=1  d_rm=    5696  d_instr=1416730632  d_cyc= 545480712  d_all= 9050594  IPC=2.597  ratio_rm=0.0006
[OMPT][WIN100ms] ompt_id=2814749767106561 tid=1054879 tipo=ompt_thread_worker     cpu= 88 numa=1  d_rm=    6437  d_instr=1422255389  d_cyc= 544632704  d_all= 9042947  IPC=2.611  ratio_rm=0.0007
[OMPT][WIN100ms] ompt_id=3096224743817217 tid=1054880 tipo=ompt_thread_worker     cpu=165 numa=0  d_rm=     988  d_instr=1424846789  d_cyc= 544576521  d_all= 9029214  IPC=2.616  ratio_rm=0.0001
[OMPT][WIN100ms] ompt_id=3377699720527873 tid=1054881 tipo=ompt_thread_worker     cpu=239 numa=1  d_rm=   13988  d_instr=1426483678  d_cyc= 547974103  d_all= 9052457  IPC=2.603  ratio_rm=0.0015
[OMPT][WIN100ms] ompt_id=3659174697238529 tid=1054882 tipo=ompt_thread_worker     cpu=247 numa=1  d_rm=   19699  d_instr=1426542712  d_cyc= 546084150  d_all= 9057029  IPC=2.612  ratio_rm=0.0022
[OMPT][WIN100ms] ompt_id=3940649673949185 tid=1054883 tipo=ompt_thread_worker     cpu= 96 numa=1  d_rm=    8729  d_instr=1425220392  d_cyc= 546592029  d_all= 9048386  IPC=2.607  ratio_rm=0.0010
[OMPT][WIN100ms] ompt_id=4222124650659841 tid=1054884 tipo=ompt_thread_worker     cpu= 79 numa=1  d_rm=    5697  d_instr=1423210813  d_cyc= 546419760  d_all= 9051566  IPC=2.605  ratio_rm=0.0006
[OMPT][WIN100ms] ompt_id=4503599627370497 tid=1054885 tipo=ompt_thread_worker     cpu=223 numa=1  d_rm=   10384  d_instr=1425087145  d_cyc= 546046866  d_all= 9048470  IPC=2.610  ratio_rm=0.0011
[OMPT][WIN100ms] ompt_id=4785074604081153 tid=1054886 tipo=ompt_thread_worker     cpu= 89 numa=1  d_rm=    7154  d_instr=1426006786  d_cyc= 547479486  d_all= 9043464  IPC=2.605  ratio_rm=0.0008
[OMPT][WIN100ms] ompt_id=5066549580791809 tid=1054887 tipo=ompt_thread_worker     cpu= 56 numa=0  d_rm=    1378  d_instr=1428723893  d_cyc= 545250205  d_all= 9188675  IPC=2.620  ratio_rm=0.0001
[OMPT][WIN100ms] ompt_id=5348024557502465 tid=1054888 tipo=ompt_thread_worker     cpu= 90 numa=1  d_rm=    7630  d_instr=1423883971  d_cyc= 545663664  d_all= 9057667  IPC=2.609  ratio_rm=0.0008
[OMPT][WIN100ms] ompt_id=5629499534213121 tid=1054889 tipo=ompt_thread_worker     cpu= 76 numa=1  d_rm=   10154  d_instr=1424863578  d_cyc= 544077167  d_all= 9044319  IPC=2.619  ratio_rm=0.0011
[OMPT][WIN100ms] ompt_id=5910974510923777 tid=1054890 tipo=ompt_thread_worker     cpu= 64 numa=1  d_rm=   11004  d_instr=1423623343  d_cyc= 546328804  d_all= 9048775  IPC=2.606  ratio_rm=0.0012
[OMPT][WIN100ms] ompt_id=6192449487634433 tid=1054891 tipo=ompt_thread_worker     cpu=121 numa=1  d_rm=    7236  d_instr=1425379500  d_cyc= 546429597  d_all= 9036532  IPC=2.609  ratio_rm=0.0008
[OMPT][WIN100ms] ompt_id=6473924464345089 tid=1054892 tipo=ompt_thread_worker     cpu=254 numa=1  d_rm=    7458  d_instr=1424892784  d_cyc= 545229030  d_all= 9036649  IPC=2.613  ratio_rm=0.0008
[OMPT][WIN100ms] ompt_id=6755399441055745 tid=1054893 tipo=ompt_thread_worker     cpu=252 numa=1  d_rm=    8129  d_instr=1421166095  d_cyc= 548351059  d_all= 9040645  IPC=2.592  ratio_rm=0.0009
[OMPT][WIN100ms] ompt_id=7036874417766401 tid=1054894 tipo=ompt_thread_worker     cpu= 81 numa=1  d_rm=    5108  d_instr=1426820626  d_cyc= 547473600  d_all= 9070277  IPC=2.606  ratio_rm=0.0006
[OMPT][WIN100ms] ompt_id=7318349394477057 tid=1054895 tipo=ompt_thread_worker     cpu=253 numa=1  d_rm=    5250  d_instr=1419680733  d_cyc= 546394295  d_all= 9036807  IPC=2.598  ratio_rm=0.0006
[OMPT][WIN100ms] ompt_id=7599824371187713 tid=1054896 tipo=ompt_thread_worker     cpu= 78 numa=1  d_rm=    7664  d_instr=1425759216  d_cyc= 548415576  d_all= 9045792  IPC=2.600  ratio_rm=0.0008
[OMPT][WIN100ms] ompt_id=7881299347898369 tid=1054897 tipo=ompt_thread_worker     cpu=112 numa=1  d_rm=    5565  d_instr=1427094535  d_cyc= 548933427  d_all= 9054844  IPC=2.600  ratio_rm=0.0006
[OMPT][WIN100ms] ompt_id=8162774324609025 tid=1054898 tipo=ompt_thread_worker     cpu= 80 numa=1  d_rm=   17298  d_instr=1424065189  d_cyc= 547805354  d_all= 9070649  IPC=2.600  ratio_rm=0.0019
[OMPT][WIN100ms] ompt_id=8444249301319681 tid=1054899 tipo=ompt_thread_worker     cpu=194 numa=1  d_rm=   10541  d_instr=1425382395  d_cyc= 546402760  d_all= 9046551  IPC=2.609  ratio_rm=0.0012
[OMPT][WIN100ms] ompt_id=8725724278030337 tid=1054900 tipo=ompt_thread_worker     cpu=251 numa=1  d_rm=    5648  d_instr=1425451719  d_cyc= 550741267  d_all= 9035420  IPC=2.588  ratio_rm=0.0006
[OMPT][WIN100ms] ompt_id=9007199254740993 tid=1054901 tipo=ompt_thread_worker     cpu= 77 numa=1  d_rm=   18748  d_instr=1422986829  d_cyc= 551145933  d_all= 9042751  IPC=2.582  ratio_rm=0.0021
[OMPT] implicit_task_begin: parallel_id=281474976710849 thread_num=10 team_size=32
[OMPT] implicit_task_begin: parallel_id=281474976710849 thread_num=14 team_size=32
[OMPT] implicit_task_begin: parallel_id=281474976710849 thread_num=19 team_size=32
[OMPT] implicit_task_begin: parallel_id=281474976710849 thread_num=31 team_size=32
[OMPT] implicit_task_begin: parallel_id=281474976710849 thread_num=26 team_size=32
[OMPT] implicit_task_begin: parallel_id=281474976710849 thread_num=1 team_size=32
[OMPT] implicit_task_begin: parallel_id=281474976710849 thread_num=11 team_size=32
[OMPT] implicit_task_begin: parallel_id=281474976710849 thread_num=5 team_size=32
[OMPT] implicit_task_begin: parallel_id=281474976710849 thread_num=20 team_size=32
[OMPT] implicit_task_begin: parallel_id=281474976710849 thread_num=29 team_size=32
[OMPT] implicit_task_begin: parallel_id=281474976710849 thread_num=2 team_size=32
[OMPT] implicit_task_begin: parallel_id=281474976710849 thread_num=6 team_size=32
[OMPT] implicit_task_begin: parallel_id=281474976710849 thread_num=25 team_size=32
[OMPT] implicit_task_begin: parallel_id=281474976710849 thread_num=23 team_size=32
[OMPT] implicit_task_begin: parallel_id=281474976710849 thread_num=0 team_size=32
[OMPT] implicit_task_begin: parallel_id=281474976710849 thread_num=22 team_size=32
[OMPT] implicit_task_begin: parallel_id=281474976710849 thread_num=30 team_size=32
[OMPT] implicit_task_begin: parallel_id=281474976710849 thread_num=21 team_size=32
[OMPT] implicit_task_begin: parallel_id=281474976710849 thread_num=8 team_size=32
[OMPT] implicit_task_begin: parallel_id=281474976710849 thread_num=12 team_size=32
[OMPT] implicit_task_begin: parallel_id=281474976710849 thread_num=7 team_size=32
[OMPT] implicit_task_begin: parallel_id=281474976710849 thread_num=3 team_size=32
[OMPT] implicit_task_begin: parallel_id=281474976710849 thread_num=27 team_size=32
[OMPT] implicit_task_begin: parallel_id=281474976710849 thread_num=28 team_size=32
[OMPT] implicit_task_begin: parallel_id=281474976710849 thread_num=24 team_size=32
[OMPT] implicit_task_begin: parallel_id=281474976710849 thread_num=13 team_size=32
[OMPT] implicit_task_begin: parallel_id=281474976710849 thread_num=9 team_size=32
[OMPT] implicit_task_begin: parallel_id=281474976710849 thread_num=4 team_size=32
[OMPT] implicit_task_begin: parallel_id=281474976710849 thread_num=17 team_size=32
[OMPT] implicit_task_begin: parallel_id=281474976710849 thread_num=18 team_size=32
[OMPT] implicit_task_begin: parallel_id=281474976710849 thread_num=16 team_size=32
[OMPT] implicit_task_begin: parallel_id=281474976710849 thread_num=15 team_size=32
[OMPT] implicit_task_end: parallel_id=0 thread_num=0
[OMPT] parallel_end: parallel_id=281474976710849
[OMPT] parallel_begin: parallel_id=281474976710851 team_size=32
[OMPT] implicit_task_end: parallel_id=0 thread_num=12
[OMPT] implicit_task_end: parallel_id=0 thread_num=1
[OMPT] implicit_task_begin: parallel_id=281474976710851 thread_num=0 team_size=32
[OMPT] implicit_task_end: parallel_id=0 thread_num=14
[OMPT] implicit_task_end: parallel_id=0 thread_num=16
[OMPT] implicit_task_begin: parallel_id=281474976710851 thread_num=12 team_size=32
[OMPT] implicit_task_end: parallel_id=0 thread_num=18
[OMPT] implicit_task_end: parallel_id=0 thread_num=20
[OMPT] implicit_task_end: parallel_id=0 thread_num=22
[OMPT] implicit_task_begin: parallel_id=281474976710851 thread_num=20 team_size=32
[OMPT] implicit_task_begin: parallel_id=281474976710851 thread_num=22 team_size=32
[OMPT] implicit_task_end: parallel_id=0 thread_num=24
[OMPT] implicit_task_end: parallel_id=0 thread_num=26
[OMPT] implicit_task_end: parallel_id=0 thread_num=19
[OMPT] implicit_task_begin: parallel_id=281474976710851 thread_num=24 team_size=32
[OMPT] implicit_task_begin: parallel_id=281474976710851 thread_num=26 team_size=32
[OMPT] implicit_task_begin: parallel_id=281474976710851 thread_num=19 team_size=32
[OMPT] implicit_task_end: parallel_id=0 thread_num=4
[OMPT] implicit_task_end: parallel_id=0 thread_num=17
[OMPT] implicit_task_end: parallel_id=0 thread_num=5
[OMPT] implicit_task_end: parallel_id=0 thread_num=2
[OMPT] implicit_task_begin: parallel_id=281474976710851 thread_num=17 team_size=32
[OMPT] implicit_task_end: parallel_id=0 thread_num=28
[OMPT] implicit_task_end: parallel_id=0 thread_num=15
[OMPT] implicit_task_begin: parallel_id=281474976710851 thread_num=2 team_size=32
[OMPT] implicit_task_end: parallel_id=0 thread_num=3
[OMPT] implicit_task_begin: parallel_id=281474976710851 thread_num=14 team_size=32
[OMPT] implicit_task_begin: parallel_id=281474976710851 thread_num=3 team_size=32
[OMPT] implicit_task_end: parallel_id=0 thread_num=13
[OMPT] implicit_task_begin: parallel_id=281474976710851 thread_num=13 team_size=32
[OMPT] implicit_task_end: parallel_id=0 thread_num=8
[OMPT] implicit_task_end: parallel_id=0 thread_num=11
[OMPT] implicit_task_end: parallel_id=0 thread_num=10
[OMPT] implicit_task_end: parallel_id=0 thread_num=25
[OMPT] implicit_task_begin: parallel_id=281474976710851 thread_num=11 team_size=32
[OMPT] implicit_task_end: parallel_id=0 thread_num=7
[OMPT] implicit_task_begin: parallel_id=281474976710851 thread_num=25 team_size=32
[OMPT] implicit_task_begin: parallel_id=281474976710851 thread_num=4 team_size=32
[OMPT] implicit_task_begin: parallel_id=281474976710851 thread_num=7 team_size=32
[OMPT] implicit_task_begin: parallel_id=281474976710851 thread_num=5 team_size=32
[OMPT] implicit_task_begin: parallel_id=281474976710851 thread_num=16 team_size=32
[OMPT] implicit_task_end: parallel_id=0 thread_num=31
[OMPT] implicit_task_end: parallel_id=0 thread_num=30
[OMPT] implicit_task_begin: parallel_id=281474976710851 thread_num=31 team_size=32
[OMPT] implicit_task_begin: parallel_id=281474976710851 thread_num=28 team_size=32
[OMPT] implicit_task_begin: parallel_id=281474976710851 thread_num=15 team_size=32
[OMPT] implicit_task_begin: parallel_id=281474976710851 thread_num=18 team_size=32
[OMPT] implicit_task_end: parallel_id=0 thread_num=21
[OMPT] implicit_task_end: parallel_id=0 thread_num=9
[OMPT] implicit_task_begin: parallel_id=281474976710851 thread_num=8 team_size=32
[OMPT] implicit_task_begin: parallel_id=281474976710851 thread_num=9 team_size=32
[OMPT] implicit_task_begin: parallel_id=281474976710851 thread_num=10 team_size=32
[OMPT] implicit_task_begin: parallel_id=281474976710851 thread_num=1 team_size=32
[OMPT] implicit_task_end: parallel_id=0 thread_num=6
[OMPT] implicit_task_begin: parallel_id=281474976710851 thread_num=6 team_size=32
[OMPT] implicit_task_end: parallel_id=0 thread_num=29
[OMPT] implicit_task_begin: parallel_id=281474976710851 thread_num=29 team_size=32
[OMPT] implicit_task_begin: parallel_id=281474976710851 thread_num=30 team_size=32
[OMPT] implicit_task_end: parallel_id=0 thread_num=23
[OMPT] implicit_task_begin: parallel_id=281474976710851 thread_num=23 team_size=32
[OMPT] implicit_task_begin: parallel_id=281474976710851 thread_num=21 team_size=32
[OMPT] implicit_task_end: parallel_id=0 thread_num=27
[OMPT] implicit_task_begin: parallel_id=281474976710851 thread_num=27 team_size=32
[OMPT] implicit_task_end: parallel_id=0 thread_num=0
[OMPT] parallel_end: parallel_id=281474976710851
[OMPT] parallel_begin: parallel_id=281474976710853 team_size=32
[OMPT] implicit_task_end: parallel_id=0 thread_num=12
[OMPT] implicit_task_end: parallel_id=0 thread_num=4
[OMPT] implicit_task_begin: parallel_id=281474976710853 thread_num=0 team_size=32
[OMPT] implicit_task_end: parallel_id=0 thread_num=7
[OMPT] implicit_task_end: parallel_id=0 thread_num=14
[OMPT] implicit_task_end: parallel_id=0 thread_num=16
[OMPT] implicit_task_end: parallel_id=0 thread_num=2
[OMPT] implicit_task_end: parallel_id=0 thread_num=24
[OMPT] implicit_task_end: parallel_id=0 thread_num=1
[OMPT] implicit_task_end: parallel_id=0 thread_num=3
[OMPT] implicit_task_end: parallel_id=0 thread_num=25
[OMPT] implicit_task_begin: parallel_id=281474976710853 thread_num=24 team_size=32
[OMPT] implicit_task_end: parallel_id=0 thread_num=27
[OMPT] implicit_task_begin: parallel_id=281474976710853 thread_num=3 team_size=32
[OMPT] implicit_task_end: parallel_id=0 thread_num=8
[OMPT] implicit_task_begin: parallel_id=281474976710853 thread_num=12 team_size=32
[OMPT] implicit_task_end: parallel_id=0 thread_num=9
[OMPT] implicit_task_begin: parallel_id=281474976710853 thread_num=8 team_size=32
[OMPT] implicit_task_end: parallel_id=0 thread_num=19
[OMPT] implicit_task_end: parallel_id=0 thread_num=18
[OMPT] implicit_task_begin: parallel_id=281474976710853 thread_num=19 team_size=32
[OMPT] implicit_task_end: parallel_id=0 thread_num=20
[OMPT] implicit_task_end: parallel_id=0 thread_num=23
[OMPT] implicit_task_begin: parallel_id=281474976710853 thread_num=20 team_size=32
[OMPT] implicit_task_begin: parallel_id=281474976710853 thread_num=23 team_size=32
[OMPT] implicit_task_begin: parallel_id=281474976710853 thread_num=2 team_size=32
[OMPT] implicit_task_end: parallel_id=0 thread_num=13
[OMPT] implicit_task_end: parallel_id=0 thread_num=26
[OMPT] implicit_task_end: parallel_id=0 thread_num=5
[OMPT] implicit_task_begin: parallel_id=281474976710853 thread_num=26 team_size=32
[OMPT] implicit_task_begin: parallel_id=281474976710853 thread_num=1 team_size=32
[OMPT] implicit_task_end: parallel_id=0 thread_num=6
[OMPT] implicit_task_begin: parallel_id=281474976710853 thread_num=25 team_size=32
[OMPT] implicit_task_begin: parallel_id=281474976710853 thread_num=4 team_size=32
[OMPT] implicit_task_begin: parallel_id=281474976710853 thread_num=27 team_size=32
[OMPT] implicit_task_begin: parallel_id=281474976710853 thread_num=7 team_size=32
[OMPT] implicit_task_end: parallel_id=0 thread_num=11
[OMPT] implicit_task_end: parallel_id=0 thread_num=10
[OMPT] implicit_task_begin: parallel_id=281474976710853 thread_num=11 team_size=32
[OMPT] implicit_task_begin: parallel_id=281474976710853 thread_num=9 team_size=32
[OMPT] implicit_task_begin: parallel_id=281474976710853 thread_num=18 team_size=32
[OMPT] implicit_task_end: parallel_id=0 thread_num=28
[OMPT] implicit_task_begin: parallel_id=281474976710853 thread_num=16 team_size=32
[OMPT] implicit_task_end: parallel_id=0 thread_num=29
[OMPT] implicit_task_end: parallel_id=0 thread_num=17
[OMPT] implicit_task_begin: parallel_id=281474976710853 thread_num=29 team_size=32
[OMPT] implicit_task_begin: parallel_id=281474976710853 thread_num=17 team_size=32
[OMPT] implicit_task_end: parallel_id=0 thread_num=21
[OMPT] implicit_task_begin: parallel_id=281474976710853 thread_num=13 team_size=32
[OMPT] implicit_task_begin: parallel_id=281474976710853 thread_num=5 team_size=32
[OMPT] implicit_task_begin: parallel_id=281474976710853 thread_num=21 team_size=32
[OMPT] implicit_task_begin: parallel_id=281474976710853 thread_num=14 team_size=32
[OMPT] implicit_task_begin: parallel_id=281474976710853 thread_num=10 team_size=32
[OMPT] implicit_task_end: parallel_id=0 thread_num=31
[OMPT] implicit_task_begin: parallel_id=281474976710853 thread_num=31 team_size=32
[OMPT] implicit_task_begin: parallel_id=281474976710853 thread_num=28 team_size=32
[OMPT] implicit_task_end: parallel_id=0 thread_num=15
[OMPT] implicit_task_begin: parallel_id=281474976710853 thread_num=6 team_size=32
[OMPT] implicit_task_begin: parallel_id=281474976710853 thread_num=15 team_size=32
[OMPT] implicit_task_end: parallel_id=0 thread_num=22
[OMPT] implicit_task_end: parallel_id=0 thread_num=30
[OMPT] implicit_task_begin: parallel_id=281474976710853 thread_num=22 team_size=32
[OMPT] implicit_task_begin: parallel_id=281474976710853 thread_num=30 team_size=32
[OMPT] implicit_task_end: parallel_id=0 thread_num=0
[OMPT] parallel_end: parallel_id=281474976710853
[OMPT] parallel_begin: parallel_id=281474976710855 team_size=32
[OMPT] implicit_task_end: parallel_id=0 thread_num=16
[OMPT] implicit_task_end: parallel_id=0 thread_num=4
[OMPT] implicit_task_end: parallel_id=0 thread_num=20
[OMPT] implicit_task_end: parallel_id=0 thread_num=7
[OMPT] implicit_task_end: parallel_id=0 thread_num=22
[OMPT] implicit_task_end: parallel_id=0 thread_num=8
[OMPT] implicit_task_end: parallel_id=0 thread_num=11
[OMPT] implicit_task_end: parallel_id=0 thread_num=1
[OMPT] implicit_task_begin: parallel_id=281474976710855 thread_num=8 team_size=32
[OMPT] implicit_task_end: parallel_id=0 thread_num=28
[OMPT] implicit_task_begin: parallel_id=281474976710855 thread_num=11 team_size=32
[OMPT] implicit_task_end: parallel_id=0 thread_num=29
[OMPT] implicit_task_begin: parallel_id=281474976710855 thread_num=22 team_size=32
[OMPT] implicit_task_end: parallel_id=0 thread_num=17
[OMPT] implicit_task_begin: parallel_id=281474976710855 thread_num=29 team_size=32
[OMPT] implicit_task_begin: parallel_id=281474976710855 thread_num=17 team_size=32
[OMPT] implicit_task_begin: parallel_id=281474976710855 thread_num=16 team_size=32
[OMPT] implicit_task_end: parallel_id=0 thread_num=12
[OMPT] implicit_task_end: parallel_id=0 thread_num=13
[OMPT] implicit_task_begin: parallel_id=281474976710855 thread_num=12 team_size=32
[OMPT] implicit_task_begin: parallel_id=281474976710855 thread_num=13 team_size=32
[OMPT] implicit_task_end: parallel_id=0 thread_num=5
[OMPT] implicit_task_end: parallel_id=0 thread_num=21
[OMPT] implicit_task_begin: parallel_id=281474976710855 thread_num=5 team_size=32
[OMPT] implicit_task_begin: parallel_id=281474976710855 thread_num=21 team_size=32
[OMPT] implicit_task_end: parallel_id=0 thread_num=2
[OMPT] implicit_task_begin: parallel_id=281474976710855 thread_num=2 team_size=32
[OMPT] implicit_task_begin: parallel_id=281474976710855 thread_num=4 team_size=32
[OMPT] implicit_task_begin: parallel_id=281474976710855 thread_num=20 team_size=32
[OMPT] implicit_task_end: parallel_id=0 thread_num=10
[OMPT] implicit_task_end: parallel_id=0 thread_num=9
[OMPT] implicit_task_end: parallel_id=0 thread_num=3
[OMPT] implicit_task_begin: parallel_id=281474976710855 thread_num=3 team_size=32
[OMPT] implicit_task_begin: parallel_id=281474976710855 thread_num=7 team_size=32
[OMPT] implicit_task_begin: parallel_id=281474976710855 thread_num=0 team_size=32
[OMPT] implicit_task_end: parallel_id=0 thread_num=24
[OMPT] implicit_task_end: parallel_id=0 thread_num=31
[OMPT] implicit_task_end: parallel_id=0 thread_num=27
[OMPT] implicit_task_begin: parallel_id=281474976710855 thread_num=1 team_size=32
[OMPT] implicit_task_begin: parallel_id=281474976710855 thread_num=31 team_size=32
[OMPT] implicit_task_begin: parallel_id=281474976710855 thread_num=28 team_size=32
[OMPT] implicit_task_end: parallel_id=0 thread_num=18
[OMPT] implicit_task_end: parallel_id=0 thread_num=19
[OMPT] implicit_task_end: parallel_id=0 thread_num=6
[OMPT] implicit_task_begin: parallel_id=281474976710855 thread_num=19 team_size=32
[OMPT] implicit_task_end: parallel_id=0 thread_num=15
[OMPT] implicit_task_begin: parallel_id=281474976710855 thread_num=6 team_size=32
[OMPT] implicit_task_end: parallel_id=0 thread_num=23
[OMPT] implicit_task_end: parallel_id=0 thread_num=26
[OMPT] implicit_task_begin: parallel_id=281474976710855 thread_num=23 team_size=32
[OMPT] implicit_task_end: parallel_id=0 thread_num=25
[OMPT] implicit_task_begin: parallel_id=281474976710855 thread_num=24 team_size=32
[OMPT] implicit_task_begin: parallel_id=281474976710855 thread_num=25 team_size=32
[OMPT] implicit_task_begin: parallel_id=281474976710855 thread_num=27 team_size=32
[OMPT] implicit_task_end: parallel_id=0 thread_num=30
[OMPT] implicit_task_begin: parallel_id=281474976710855 thread_num=18 team_size=32
[OMPT] implicit_task_end: parallel_id=0 thread_num=14
[OMPT] implicit_task_begin: parallel_id=281474976710855 thread_num=14 team_size=32
[OMPT] implicit_task_begin: parallel_id=281474976710855 thread_num=10 team_size=32
[OMPT] implicit_task_begin: parallel_id=281474976710855 thread_num=9 team_size=32
[OMPT] implicit_task_begin: parallel_id=281474976710855 thread_num=26 team_size=32
[OMPT] implicit_task_begin: parallel_id=281474976710855 thread_num=15 team_size=32
[OMPT] implicit_task_begin: parallel_id=281474976710855 thread_num=30 team_size=32
[OMPT] implicit_task_end: parallel_id=0 thread_num=0
[OMPT] parallel_end: parallel_id=281474976710855
[OMPT] parallel_begin: parallel_id=281474976710857 team_size=32
[OMPT] implicit_task_end: parallel_id=0 thread_num=12
[OMPT] implicit_task_end: parallel_id=0 thread_num=4
[OMPT] implicit_task_end: parallel_id=0 thread_num=15
[OMPT] implicit_task_end: parallel_id=0 thread_num=6
[OMPT] implicit_task_end: parallel_id=0 thread_num=8
[OMPT] implicit_task_begin: parallel_id=281474976710857 thread_num=12 team_size=32
[OMPT] implicit_task_end: parallel_id=0 thread_num=10
[OMPT] implicit_task_end: parallel_id=0 thread_num=1
[OMPT] implicit_task_end: parallel_id=0 thread_num=13
[OMPT] implicit_task_begin: parallel_id=281474976710857 thread_num=15 team_size=32
[OMPT] implicit_task_begin: parallel_id=281474976710857 thread_num=0 team_size=32
[OMPT] implicit_task_begin: parallel_id=281474976710857 thread_num=8 team_size=32
[OMPT] implicit_task_end: parallel_id=0 thread_num=5
[OMPT] implicit_task_end: parallel_id=0 thread_num=16
[OMPT] implicit_task_begin: parallel_id=281474976710857 thread_num=1 team_size=32
[OMPT] implicit_task_end: parallel_id=0 thread_num=18
[OMPT] implicit_task_end: parallel_id=0 thread_num=19
[OMPT] implicit_task_begin: parallel_id=281474976710857 thread_num=13 team_size=32
[OMPT] implicit_task_end: parallel_id=0 thread_num=3
[OMPT] implicit_task_begin: parallel_id=281474976710857 thread_num=6 team_size=32
[OMPT] implicit_task_end: parallel_id=0 thread_num=14
[OMPT] implicit_task_begin: parallel_id=281474976710857 thread_num=3 team_size=32
[OMPT] implicit_task_end: parallel_id=0 thread_num=7
[OMPT] implicit_task_begin: parallel_id=281474976710857 thread_num=14 team_size=32
[OMPT] implicit_task_end: parallel_id=0 thread_num=28
[OMPT] implicit_task_end: parallel_id=0 thread_num=24
[OMPT] implicit_task_end: parallel_id=0 thread_num=29
[OMPT] implicit_task_end: parallel_id=0 thread_num=9
[OMPT] implicit_task_begin: parallel_id=281474976710857 thread_num=28 team_size=32
[OMPT] implicit_task_end: parallel_id=0 thread_num=26
[OMPT] implicit_task_begin: parallel_id=281474976710857 thread_num=5 team_size=32
[OMPT] implicit_task_begin: parallel_id=281474976710857 thread_num=9 team_size=32
[OMPT] implicit_task_begin: parallel_id=281474976710857 thread_num=26 team_size=32
[OMPT] implicit_task_begin: parallel_id=281474976710857 thread_num=4 team_size=32
[OMPT] implicit_task_begin: parallel_id=281474976710857 thread_num=19 team_size=32
[OMPT] implicit_task_begin: parallel_id=281474976710857 thread_num=10 team_size=32
[OMPT] implicit_task_end: parallel_id=0 thread_num=30
[OMPT] implicit_task_begin: parallel_id=281474976710857 thread_num=7 team_size=32
[OMPT] implicit_task_begin: parallel_id=281474976710857 thread_num=30 team_size=32
[OMPT] implicit_task_end: parallel_id=0 thread_num=17
[OMPT] implicit_task_end: parallel_id=0 thread_num=20
[OMPT] implicit_task_end: parallel_id=0 thread_num=22
[OMPT] implicit_task_begin: parallel_id=281474976710857 thread_num=20 team_size=32
[OMPT] implicit_task_end: parallel_id=0 thread_num=27
[OMPT] implicit_task_begin: parallel_id=281474976710857 thread_num=24 team_size=32
[OMPT] implicit_task_begin: parallel_id=281474976710857 thread_num=29 team_size=32
[OMPT] implicit_task_end: parallel_id=0 thread_num=11
[OMPT] implicit_task_begin: parallel_id=281474976710857 thread_num=16 team_size=32
[OMPT] implicit_task_end: parallel_id=0 thread_num=2
[OMPT] implicit_task_begin: parallel_id=281474976710857 thread_num=11 team_size=32
[OMPT] implicit_task_begin: parallel_id=281474976710857 thread_num=18 team_size=32
[OMPT] implicit_task_begin: parallel_id=281474976710857 thread_num=2 team_size=32
[OMPT] implicit_task_end: parallel_id=0 thread_num=23
[OMPT] implicit_task_end: parallel_id=0 thread_num=21
[OMPT] implicit_task_end: parallel_id=0 thread_num=25
[OMPT] implicit_task_begin: parallel_id=281474976710857 thread_num=21 team_size=32
[OMPT] implicit_task_begin: parallel_id=281474976710857 thread_num=22 team_size=32
[OMPT] implicit_task_begin: parallel_id=281474976710857 thread_num=27 team_size=32
[OMPT] implicit_task_end: parallel_id=0 thread_num=31
[OMPT] implicit_task_begin: parallel_id=281474976710857 thread_num=17 team_size=32
[OMPT] implicit_task_begin: parallel_id=281474976710857 thread_num=31 team_size=32
[OMPT] implicit_task_begin: parallel_id=281474976710857 thread_num=23 team_size=32
[OMPT] implicit_task_begin: parallel_id=281474976710857 thread_num=25 team_size=32
[OMPT] implicit_task_end: parallel_id=0 thread_num=0
[OMPT] parallel_end: parallel_id=281474976710857
[OMPT] parallel_begin: parallel_id=281474976710859 team_size=32
[OMPT] implicit_task_end: parallel_id=0 thread_num=16
[OMPT] implicit_task_end: parallel_id=0 thread_num=3
[OMPT] implicit_task_end: parallel_id=0 thread_num=28
[OMPT] implicit_task_begin: parallel_id=281474976710859 thread_num=16 team_size=32
[OMPT] implicit_task_end: parallel_id=0 thread_num=17
[OMPT] implicit_task_end: parallel_id=0 thread_num=30
[OMPT] implicit_task_begin: parallel_id=281474976710859 thread_num=17 team_size=32
[OMPT] implicit_task_end: parallel_id=0 thread_num=1
[OMPT] implicit_task_end: parallel_id=0 thread_num=24
[OMPT] implicit_task_end: parallel_id=0 thread_num=25
[OMPT] implicit_task_end: parallel_id=0 thread_num=20
[OMPT] implicit_task_end: parallel_id=0 thread_num=18
[OMPT] implicit_task_end: parallel_id=0 thread_num=21
[OMPT] implicit_task_end: parallel_id=0 thread_num=23
[OMPT] implicit_task_begin: parallel_id=281474976710859 thread_num=18 team_size=32
[OMPT] implicit_task_end: parallel_id=0 thread_num=31
[OMPT] implicit_task_end: parallel_id=0 thread_num=29
[OMPT] implicit_task_begin: parallel_id=281474976710859 thread_num=31 team_size=32
[OMPT] implicit_task_begin: parallel_id=281474976710859 thread_num=28 team_size=32
[OMPT] implicit_task_end: parallel_id=0 thread_num=4
[OMPT] implicit_task_end: parallel_id=0 thread_num=2
[OMPT] implicit_task_end: parallel_id=0 thread_num=6
[OMPT] implicit_task_begin: parallel_id=281474976710859 thread_num=30 team_size=32
[OMPT] implicit_task_begin: parallel_id=281474976710859 thread_num=2 team_size=32
[OMPT] implicit_task_end: parallel_id=0 thread_num=26
[OMPT] implicit_task_end: parallel_id=0 thread_num=27
[OMPT] implicit_task_begin: parallel_id=281474976710859 thread_num=26 team_size=32
[OMPT] implicit_task_end: parallel_id=0 thread_num=22
[OMPT] implicit_task_begin: parallel_id=281474976710859 thread_num=27 team_size=32
[OMPT] implicit_task_begin: parallel_id=281474976710859 thread_num=20 team_size=32
[OMPT] implicit_task_begin: parallel_id=281474976710859 thread_num=25 team_size=32
[OMPT] implicit_task_end: parallel_id=0 thread_num=19
[OMPT] implicit_task_end: parallel_id=0 thread_num=8
[OMPT] implicit_task_begin: parallel_id=281474976710859 thread_num=19 team_size=32
[OMPT] implicit_task_end: parallel_id=0 thread_num=10
[OMPT] implicit_task_begin: parallel_id=281474976710859 thread_num=8 team_size=32
[OMPT] implicit_task_begin: parallel_id=281474976710859 thread_num=10 team_size=32
[OMPT] implicit_task_end: parallel_id=0 thread_num=7
[OMPT] implicit_task_end: parallel_id=0 thread_num=5
[OMPT] implicit_task_begin: parallel_id=281474976710859 thread_num=0 team_size=32
[OMPT] implicit_task_begin: parallel_id=281474976710859 thread_num=7 team_size=32
[OMPT] implicit_task_begin: parallel_id=281474976710859 thread_num=4 team_size=32
[OMPT] implicit_task_begin: parallel_id=281474976710859 thread_num=6 team_size=32
[OMPT] implicit_task_begin: parallel_id=281474976710859 thread_num=24 team_size=32
[OMPT] implicit_task_begin: parallel_id=281474976710859 thread_num=22 team_size=32
[OMPT] implicit_task_begin: parallel_id=281474976710859 thread_num=3 team_size=32
[OMPT] implicit_task_begin: parallel_id=281474976710859 thread_num=21 team_size=32
[OMPT] implicit_task_end: parallel_id=0 thread_num=9
[OMPT] implicit_task_end: parallel_id=0 thread_num=11
[OMPT] implicit_task_end: parallel_id=0 thread_num=12
[OMPT] implicit_task_end: parallel_id=0 thread_num=15
[OMPT] implicit_task_begin: parallel_id=281474976710859 thread_num=29 team_size=32
[OMPT] implicit_task_begin: parallel_id=281474976710859 thread_num=12 team_size=32
[OMPT] implicit_task_begin: parallel_id=281474976710859 thread_num=15 team_size=32
[OMPT] implicit_task_begin: parallel_id=281474976710859 thread_num=23 team_size=32
[OMPT] implicit_task_begin: parallel_id=281474976710859 thread_num=9 team_size=32
[OMPT] implicit_task_end: parallel_id=0 thread_num=14
[OMPT] implicit_task_end: parallel_id=0 thread_num=13
[OMPT] implicit_task_begin: parallel_id=281474976710859 thread_num=11 team_size=32
[OMPT] implicit_task_begin: parallel_id=281474976710859 thread_num=13 team_size=32
[OMPT] implicit_task_begin: parallel_id=281474976710859 thread_num=5 team_size=32
[OMPT] implicit_task_begin: parallel_id=281474976710859 thread_num=1 team_size=32
[OMPT] implicit_task_begin: parallel_id=281474976710859 thread_num=14 team_size=32
[OMPT] implicit_task_end: parallel_id=0 thread_num=0
[OMPT] parallel_end: parallel_id=281474976710859
[OMPT] parallel_begin: parallel_id=281474976710861 team_size=32
[OMPT] implicit_task_end: parallel_id=0 thread_num=12
[OMPT] implicit_task_begin: parallel_id=281474976710861 thread_num=0 team_size=32
[OMPT] implicit_task_end: parallel_id=0 thread_num=1
[OMPT] implicit_task_end: parallel_id=0 thread_num=13
[OMPT] implicit_task_end: parallel_id=0 thread_num=8
[OMPT] implicit_task_begin: parallel_id=281474976710861 thread_num=1 team_size=32
[OMPT] implicit_task_end: parallel_id=0 thread_num=4
[OMPT] implicit_task_end: parallel_id=0 thread_num=3
[OMPT] implicit_task_begin: parallel_id=281474976710861 thread_num=8 team_size=32
[OMPT] implicit_task_end: parallel_id=0 thread_num=14
[OMPT] implicit_task_end: parallel_id=0 thread_num=2
[OMPT] implicit_task_begin: parallel_id=281474976710861 thread_num=14 team_size=32
[OMPT] implicit_task_begin: parallel_id=281474976710861 thread_num=2 team_size=32
[OMPT] implicit_task_end: parallel_id=0 thread_num=9
[OMPT] implicit_task_end: parallel_id=0 thread_num=10
[OMPT] implicit_task_end: parallel_id=0 thread_num=16
[OMPT] implicit_task_begin: parallel_id=281474976710861 thread_num=10 team_size=32
[OMPT] implicit_task_end: parallel_id=0 thread_num=18
[OMPT] implicit_task_end: parallel_id=0 thread_num=5
[OMPT] implicit_task_begin: parallel_id=281474976710861 thread_num=16 team_size=32
[OMPT] implicit_task_end: parallel_id=0 thread_num=6
[OMPT] implicit_task_end: parallel_id=0 thread_num=15
[OMPT] implicit_task_begin: parallel_id=281474976710861 thread_num=6 team_size=32
[OMPT] implicit_task_begin: parallel_id=281474976710861 thread_num=3 team_size=32
[OMPT] implicit_task_begin: parallel_id=281474976710861 thread_num=12 team_size=32
[OMPT] implicit_task_end: parallel_id=0 thread_num=11
[OMPT] implicit_task_begin: parallel_id=281474976710861 thread_num=11 team_size=32
[OMPT] implicit_task_end: parallel_id=0 thread_num=24
[OMPT] implicit_task_end: parallel_id=0 thread_num=27
[OMPT] implicit_task_begin: parallel_id=281474976710861 thread_num=24 team_size=32
[OMPT] implicit_task_begin: parallel_id=281474976710861 thread_num=27 team_size=32
[OMPT] implicit_task_end: parallel_id=0 thread_num=20
[OMPT] implicit_task_end: parallel_id=0 thread_num=17
[OMPT] implicit_task_end: parallel_id=0 thread_num=21
[OMPT] implicit_task_end: parallel_id=0 thread_num=19
[OMPT] implicit_task_begin: parallel_id=281474976710861 thread_num=21 team_size=32
[OMPT] implicit_task_begin: parallel_id=281474976710861 thread_num=19 team_size=32
[OMPT] implicit_task_begin: parallel_id=281474976710861 thread_num=5 team_size=32
[OMPT] implicit_task_end: parallel_id=0 thread_num=7
[OMPT] implicit_task_begin: parallel_id=281474976710861 thread_num=4 team_size=32
[OMPT] implicit_task_begin: parallel_id=281474976710861 thread_num=15 team_size=32
[OMPT] implicit_task_begin: parallel_id=281474976710861 thread_num=9 team_size=32
[OMPT] implicit_task_end: parallel_id=0 thread_num=26
[OMPT] implicit_task_begin: parallel_id=281474976710861 thread_num=26 team_size=32
[OMPT] implicit_task_end: parallel_id=0 thread_num=28
[OMPT] implicit_task_end: parallel_id=0 thread_num=31
[OMPT] implicit_task_end: parallel_id=0 thread_num=22
[OMPT] implicit_task_end: parallel_id=0 thread_num=23
[OMPT] implicit_task_begin: parallel_id=281474976710861 thread_num=20 team_size=32
[OMPT] implicit_task_begin: parallel_id=281474976710861 thread_num=17 team_size=32
[OMPT] implicit_task_begin: parallel_id=281474976710861 thread_num=18 team_size=32
[OMPT] implicit_task_begin: parallel_id=281474976710861 thread_num=7 team_size=32
[OMPT] implicit_task_end: parallel_id=0 thread_num=25
[OMPT] implicit_task_begin: parallel_id=281474976710861 thread_num=25 team_size=32
[OMPT] implicit_task_end: parallel_id=0 thread_num=30
[OMPT] implicit_task_begin: parallel_id=281474976710861 thread_num=30 team_size=32
[OMPT] implicit_task_begin: parallel_id=281474976710861 thread_num=28 team_size=32
[OMPT] implicit_task_begin: parallel_id=281474976710861 thread_num=22 team_size=32
[OMPT] implicit_task_begin: parallel_id=281474976710861 thread_num=23 team_size=32
[OMPT] implicit_task_begin: parallel_id=281474976710861 thread_num=13 team_size=32
[OMPT] implicit_task_end: parallel_id=0 thread_num=29
[OMPT] implicit_task_begin: parallel_id=281474976710861 thread_num=29 team_size=32
[OMPT] implicit_task_begin: parallel_id=281474976710861 thread_num=31 team_size=32
[OMPT] implicit_task_end: parallel_id=0 thread_num=0
[OMPT] parallel_end: parallel_id=281474976710861
[OMPT] parallel_begin: parallel_id=281474976710863 team_size=32
[OMPT] implicit_task_end: parallel_id=0 thread_num=16
[OMPT] implicit_task_end: parallel_id=0 thread_num=8
[OMPT] implicit_task_end: parallel_id=0 thread_num=18
[OMPT] implicit_task_end: parallel_id=0 thread_num=24
[OMPT] implicit_task_end: parallel_id=0 thread_num=11
[OMPT] implicit_task_end: parallel_id=0 thread_num=3
[OMPT] implicit_task_end: parallel_id=0 thread_num=27
[OMPT] implicit_task_begin: parallel_id=281474976710863 thread_num=18 team_size=32
[OMPT] implicit_task_end: parallel_id=0 thread_num=1
[OMPT] implicit_task_end: parallel_id=0 thread_num=2
[OMPT] implicit_task_begin: parallel_id=281474976710863 thread_num=3 team_size=32
[OMPT] implicit_task_end: parallel_id=0 thread_num=19
[OMPT] implicit_task_end: parallel_id=0 thread_num=20
[OMPT] implicit_task_end: parallel_id=0 thread_num=17
[OMPT] implicit_task_end: parallel_id=0 thread_num=22
[OMPT] implicit_task_end: parallel_id=0 thread_num=9
[OMPT] implicit_task_begin: parallel_id=281474976710863 thread_num=17 team_size=32
[OMPT] implicit_task_begin: parallel_id=281474976710863 thread_num=22 team_size=32
[OMPT] implicit_task_begin: parallel_id=281474976710863 thread_num=9 team_size=32
[OMPT] implicit_task_end: parallel_id=0 thread_num=26
[OMPT] implicit_task_begin: parallel_id=281474976710863 thread_num=24 team_size=32
[OMPT] implicit_task_begin: parallel_id=281474976710863 thread_num=26 team_size=32
[OMPT] implicit_task_begin: parallel_id=281474976710863 thread_num=11 team_size=32
[OMPT] implicit_task_end: parallel_id=0 thread_num=28
[OMPT] implicit_task_end: parallel_id=0 thread_num=31
[OMPT] implicit_task_begin: parallel_id=281474976710863 thread_num=28 team_size=32
[OMPT] implicit_task_begin: parallel_id=281474976710863 thread_num=27 team_size=32
[OMPT] implicit_task_begin: parallel_id=281474976710863 thread_num=2 team_size=32
[OMPT] implicit_task_end: parallel_id=0 thread_num=10
[OMPT] implicit_task_begin: parallel_id=281474976710863 thread_num=10 team_size=32
[OMPT] implicit_task_end: parallel_id=0 thread_num=23
[OMPT] implicit_task_begin: parallel_id=281474976710863 thread_num=23 team_size=32
[OMPT] implicit_task_end: parallel_id=0 thread_num=21
[OMPT] implicit_task_begin: parallel_id=281474976710863 thread_num=21 team_size=32
[OMPT] implicit_task_begin: parallel_id=281474976710863 thread_num=19 team_size=32
[OMPT] implicit_task_begin: parallel_id=281474976710863 thread_num=20 team_size=32
[OMPT] implicit_task_begin: parallel_id=281474976710863 thread_num=16 team_size=32
[OMPT] implicit_task_end: parallel_id=0 thread_num=4
[OMPT] implicit_task_end: parallel_id=0 thread_num=7
[OMPT] implicit_task_begin: parallel_id=281474976710863 thread_num=4 team_size=32
[OMPT] implicit_task_begin: parallel_id=281474976710863 thread_num=7 team_size=32
[OMPT] implicit_task_end: parallel_id=0 thread_num=25
[OMPT] implicit_task_begin: parallel_id=281474976710863 thread_num=25 team_size=32
[OMPT] implicit_task_end: parallel_id=0 thread_num=30
[OMPT] implicit_task_begin: parallel_id=281474976710863 thread_num=30 team_size=32
[OMPT] implicit_task_end: parallel_id=0 thread_num=29
[OMPT] implicit_task_begin: parallel_id=281474976710863 thread_num=29 team_size=32
[OMPT] implicit_task_begin: parallel_id=281474976710863 thread_num=31 team_size=32
[OMPT] implicit_task_begin: parallel_id=281474976710863 thread_num=1 team_size=32
[OMPT] implicit_task_end: parallel_id=0 thread_num=5
[OMPT] implicit_task_begin: parallel_id=281474976710863 thread_num=5 team_size=32
[OMPT] implicit_task_end: parallel_id=0 thread_num=6
[OMPT] implicit_task_begin: parallel_id=281474976710863 thread_num=6 team_size=32
[OMPT] implicit_task_begin: parallel_id=281474976710863 thread_num=8 team_size=32
[OMPT] implicit_task_end: parallel_id=0 thread_num=12
[OMPT] implicit_task_end: parallel_id=0 thread_num=13
[OMPT] implicit_task_begin: parallel_id=281474976710863 thread_num=12 team_size=32
[OMPT] implicit_task_begin: parallel_id=281474976710863 thread_num=0 team_size=32
[OMPT] implicit_task_begin: parallel_id=281474976710863 thread_num=13 team_size=32
[OMPT] implicit_task_end: parallel_id=0 thread_num=14
[OMPT] implicit_task_begin: parallel_id=281474976710863 thread_num=14 team_size=32
[OMPT] implicit_task_end: parallel_id=0 thread_num=15
[OMPT] implicit_task_begin: parallel_id=281474976710863 thread_num=15 team_size=32
[OMPT] implicit_task_end: parallel_id=0 thread_num=0
[OMPT] parallel_end: parallel_id=281474976710863
[OMPT] parallel_begin: parallel_id=281474976710865 team_size=32
[OMPT] implicit_task_end: parallel_id=0 thread_num=16
[OMPT] implicit_task_end: parallel_id=0 thread_num=8
[OMPT] implicit_task_end: parallel_id=0 thread_num=28
[OMPT] implicit_task_end: parallel_id=0 thread_num=18
[OMPT] implicit_task_end: parallel_id=0 thread_num=9
[OMPT] implicit_task_end: parallel_id=0 thread_num=31
[OMPT] implicit_task_begin: parallel_id=281474976710865 thread_num=18 team_size=32
[OMPT] implicit_task_begin: parallel_id=281474976710865 thread_num=9 team_size=32
[OMPT] implicit_task_end: parallel_id=0 thread_num=1
[OMPT] implicit_task_end: parallel_id=0 thread_num=24
[OMPT] implicit_task_end: parallel_id=0 thread_num=19
[OMPT] implicit_task_begin: parallel_id=281474976710865 thread_num=1 team_size=32
[OMPT] implicit_task_begin: parallel_id=281474976710865 thread_num=24 team_size=32
[OMPT] implicit_task_begin: parallel_id=281474976710865 thread_num=19 team_size=32
[OMPT] implicit_task_end: parallel_id=0 thread_num=17
[OMPT] implicit_task_begin: parallel_id=281474976710865 thread_num=17 team_size=32
[OMPT] implicit_task_end: parallel_id=0 thread_num=11
[OMPT] implicit_task_begin: parallel_id=281474976710865 thread_num=11 team_size=32
[OMPT] implicit_task_end: parallel_id=0 thread_num=10
[OMPT] implicit_task_begin: parallel_id=281474976710865 thread_num=10 team_size=32
[OMPT] implicit_task_end: parallel_id=0 thread_num=29
[OMPT] implicit_task_begin: parallel_id=281474976710865 thread_num=29 team_size=32
[OMPT] implicit_task_end: parallel_id=0 thread_num=30
[OMPT] implicit_task_begin: parallel_id=281474976710865 thread_num=30 team_size=32
[OMPT] implicit_task_begin: parallel_id=281474976710865 thread_num=28 team_size=32
[OMPT] implicit_task_end: parallel_id=0 thread_num=4
[OMPT] implicit_task_end: parallel_id=0 thread_num=7
[OMPT] implicit_task_end: parallel_id=0 thread_num=3
[OMPT] implicit_task_begin: parallel_id=281474976710865 thread_num=7 team_size=32
[OMPT] implicit_task_begin: parallel_id=281474976710865 thread_num=3 team_size=32
[OMPT] implicit_task_end: parallel_id=0 thread_num=2
[OMPT] implicit_task_begin: parallel_id=281474976710865 thread_num=2 team_size=32
[OMPT] implicit_task_end: parallel_id=0 thread_num=27
[OMPT] implicit_task_begin: parallel_id=281474976710865 thread_num=27 team_size=32
[OMPT] implicit_task_end: parallel_id=0 thread_num=25
[OMPT] implicit_task_begin: parallel_id=281474976710865 thread_num=25 team_size=32
[OMPT] implicit_task_end: parallel_id=0 thread_num=26
[OMPT] implicit_task_begin: parallel_id=281474976710865 thread_num=26 team_size=32
[OMPT] implicit_task_end: parallel_id=0 thread_num=20
[OMPT] implicit_task_end: parallel_id=0 thread_num=22
[OMPT] implicit_task_end: parallel_id=0 thread_num=12
[OMPT] implicit_task_begin: parallel_id=281474976710865 thread_num=22 team_size=32
[OMPT] implicit_task_begin: parallel_id=281474976710865 thread_num=16 team_size=32
[OMPT] implicit_task_end: parallel_id=0 thread_num=13
[OMPT] implicit_task_end: parallel_id=0 thread_num=5
[OMPT] implicit_task_begin: parallel_id=281474976710865 thread_num=4 team_size=32
[OMPT] implicit_task_begin: parallel_id=281474976710865 thread_num=5 team_size=32
[OMPT] implicit_task_begin: parallel_id=281474976710865 thread_num=31 team_size=32
[OMPT] implicit_task_begin: parallel_id=281474976710865 thread_num=0 team_size=32
[OMPT] implicit_task_end: parallel_id=0 thread_num=23
[OMPT] implicit_task_end: parallel_id=0 thread_num=21
[OMPT] implicit_task_begin: parallel_id=281474976710865 thread_num=20 team_size=32
[OMPT] implicit_task_begin: parallel_id=281474976710865 thread_num=21 team_size=32
[OMPT] implicit_task_end: parallel_id=0 thread_num=14
[OMPT] implicit_task_begin: parallel_id=281474976710865 thread_num=12 team_size=32
[OMPT] implicit_task_begin: parallel_id=281474976710865 thread_num=14 team_size=32
[OMPT] implicit_task_begin: parallel_id=281474976710865 thread_num=13 team_size=32
[OMPT] implicit_task_end: parallel_id=0 thread_num=6
[OMPT] implicit_task_end: parallel_id=0 thread_num=15
[OMPT] implicit_task_begin: parallel_id=281474976710865 thread_num=6 team_size=32
[OMPT] implicit_task_begin: parallel_id=281474976710865 thread_num=8 team_size=32
[OMPT] implicit_task_begin: parallel_id=281474976710865 thread_num=23 team_size=32
[OMPT] implicit_task_begin: parallel_id=281474976710865 thread_num=15 team_size=32
[OMPT] implicit_task_end: parallel_id=0 thread_num=0
[OMPT] parallel_end: parallel_id=281474976710865
[OMPT] parallel_begin: parallel_id=281474976710867 team_size=32
[OMPT] implicit_task_end: parallel_id=0 thread_num=16
[OMPT] implicit_task_end: parallel_id=0 thread_num=2
[OMPT] implicit_task_end: parallel_id=0 thread_num=18
[OMPT] implicit_task_end: parallel_id=0 thread_num=20
[OMPT] implicit_task_begin: parallel_id=281474976710867 thread_num=16 team_size=32
[OMPT] implicit_task_end: parallel_id=0 thread_num=12
[OMPT] implicit_task_begin: parallel_id=281474976710867 thread_num=2 team_size=32
[OMPT] implicit_task_end: parallel_id=0 thread_num=14
[OMPT] implicit_task_end: parallel_id=0 thread_num=1
[OMPT] implicit_task_begin: parallel_id=281474976710867 thread_num=12 team_size=32
[OMPT] implicit_task_end: parallel_id=0 thread_num=28
[OMPT] implicit_task_begin: parallel_id=281474976710867 thread_num=14 team_size=32
[OMPT] implicit_task_end: parallel_id=0 thread_num=29
[OMPT] implicit_task_begin: parallel_id=281474976710867 thread_num=0 team_size=32
[OMPT] implicit_task_end: parallel_id=0 thread_num=19
[OMPT] implicit_task_end: parallel_id=0 thread_num=23
[OMPT] implicit_task_begin: parallel_id=281474976710867 thread_num=19 team_size=32
[OMPT] implicit_task_end: parallel_id=0 thread_num=21
[OMPT] implicit_task_end: parallel_id=0 thread_num=4
[OMPT] implicit_task_end: parallel_id=0 thread_num=7
[OMPT] implicit_task_end: parallel_id=0 thread_num=5
[OMPT] implicit_task_end: parallel_id=0 thread_num=8
[OMPT] implicit_task_begin: parallel_id=281474976710867 thread_num=4 team_size=32
[OMPT] implicit_task_end: parallel_id=0 thread_num=11
[OMPT] implicit_task_begin: parallel_id=281474976710867 thread_num=18 team_size=32
[OMPT] implicit_task_begin: parallel_id=281474976710867 thread_num=8 team_size=32
[OMPT] implicit_task_begin: parallel_id=281474976710867 thread_num=20 team_size=32
[OMPT] implicit_task_end: parallel_id=0 thread_num=31
[OMPT] implicit_task_begin: parallel_id=281474976710867 thread_num=31 team_size=32
[OMPT] implicit_task_end: parallel_id=0 thread_num=30
[OMPT] implicit_task_end: parallel_id=0 thread_num=17
[OMPT] implicit_task_begin: parallel_id=281474976710867 thread_num=30 team_size=32
[OMPT] implicit_task_begin: parallel_id=281474976710867 thread_num=1 team_size=32
[OMPT] implicit_task_begin: parallel_id=281474976710867 thread_num=17 team_size=32
[OMPT] implicit_task_begin: parallel_id=281474976710867 thread_num=28 team_size=32
[OMPT] implicit_task_begin: parallel_id=281474976710867 thread_num=29 team_size=32
[OMPT] implicit_task_end: parallel_id=0 thread_num=22
[OMPT] implicit_task_begin: parallel_id=281474976710867 thread_num=23 team_size=32
[OMPT] implicit_task_begin: parallel_id=281474976710867 thread_num=22 team_size=32
[OMPT] implicit_task_end: parallel_id=0 thread_num=6
[OMPT] implicit_task_begin: parallel_id=281474976710867 thread_num=21 team_size=32
[OMPT] implicit_task_begin: parallel_id=281474976710867 thread_num=6 team_size=32
[OMPT] implicit_task_end: parallel_id=0 thread_num=3
[OMPT] implicit_task_end: parallel_id=0 thread_num=9
[OMPT] implicit_task_end: parallel_id=0 thread_num=10
[OMPT] implicit_task_begin: parallel_id=281474976710867 thread_num=5 team_size=32
[OMPT] implicit_task_end: parallel_id=0 thread_num=15
[OMPT] implicit_task_end: parallel_id=0 thread_num=13
[OMPT] implicit_task_begin: parallel_id=281474976710867 thread_num=15 team_size=32
[OMPT] implicit_task_begin: parallel_id=281474976710867 thread_num=7 team_size=32
[OMPT] implicit_task_begin: parallel_id=281474976710867 thread_num=13 team_size=32
[OMPT] implicit_task_begin: parallel_id=281474976710867 thread_num=11 team_size=32
[OMPT] implicit_task_begin: parallel_id=281474976710867 thread_num=9 team_size=32
[OMPT] implicit_task_begin: parallel_id=281474976710867 thread_num=10 team_size=32
[OMPT] implicit_task_end: parallel_id=0 thread_num=24
[OMPT] implicit_task_end: parallel_id=0 thread_num=27
[OMPT] implicit_task_begin: parallel_id=281474976710867 thread_num=24 team_size=32
[OMPT] implicit_task_begin: parallel_id=281474976710867 thread_num=3 team_size=32
[OMPT] implicit_task_begin: parallel_id=281474976710867 thread_num=27 team_size=32
[OMPT] implicit_task_end: parallel_id=0 thread_num=25
[OMPT] implicit_task_begin: parallel_id=281474976710867 thread_num=25 team_size=32
[OMPT] implicit_task_end: parallel_id=0 thread_num=26
[OMPT] implicit_task_begin: parallel_id=281474976710867 thread_num=26 team_size=32
[OMPT] implicit_task_end: parallel_id=0 thread_num=0
[OMPT] parallel_end: parallel_id=281474976710867
[OMPT] parallel_begin: parallel_id=281474976710869 team_size=32
[OMPT] implicit_task_end: parallel_id=0 thread_num=12
[OMPT] implicit_task_end: parallel_id=0 thread_num=3
[OMPT] implicit_task_end: parallel_id=0 thread_num=15
[OMPT] implicit_task_end: parallel_id=0 thread_num=16
[OMPT] implicit_task_end: parallel_id=0 thread_num=8
[OMPT] implicit_task_end: parallel_id=0 thread_num=19
[OMPT] implicit_task_end: parallel_id=0 thread_num=10
[OMPT] implicit_task_end: parallel_id=0 thread_num=1
[OMPT] implicit_task_begin: parallel_id=281474976710869 thread_num=19 team_size=32
[OMPT] implicit_task_begin: parallel_id=281474976710869 thread_num=10 team_size=32
[OMPT] implicit_task_end: parallel_id=0 thread_num=13
[OMPT] implicit_task_begin: parallel_id=281474976710869 thread_num=12 team_size=32
[OMPT] implicit_task_begin: parallel_id=281474976710869 thread_num=13 team_size=32
[OMPT] implicit_task_begin: parallel_id=281474976710869 thread_num=3 team_size=32
[OMPT] implicit_task_end: parallel_id=0 thread_num=24
[OMPT] implicit_task_end: parallel_id=0 thread_num=27
[OMPT] implicit_task_end: parallel_id=0 thread_num=28
[OMPT] implicit_task_end: parallel_id=0 thread_num=31
[OMPT] implicit_task_begin: parallel_id=281474976710869 thread_num=28 team_size=32
[OMPT] implicit_task_end: parallel_id=0 thread_num=18
[OMPT] implicit_task_begin: parallel_id=281474976710869 thread_num=31 team_size=32
[OMPT] implicit_task_end: parallel_id=0 thread_num=2
[OMPT] implicit_task_begin: parallel_id=281474976710869 thread_num=18 team_size=32
[OMPT] implicit_task_end: parallel_id=0 thread_num=11
[OMPT] implicit_task_end: parallel_id=0 thread_num=4
[OMPT] implicit_task_end: parallel_id=0 thread_num=7
[OMPT] implicit_task_end: parallel_id=0 thread_num=9
[OMPT] implicit_task_begin: parallel_id=281474976710869 thread_num=7 team_size=32
[OMPT] implicit_task_begin: parallel_id=281474976710869 thread_num=9 team_size=32
[OMPT] implicit_task_end: parallel_id=0 thread_num=14
[OMPT] implicit_task_begin: parallel_id=281474976710869 thread_num=1 team_size=32
[OMPT] implicit_task_end: parallel_id=0 thread_num=25
[OMPT] implicit_task_begin: parallel_id=281474976710869 thread_num=24 team_size=32
[OMPT] implicit_task_end: parallel_id=0 thread_num=20
[OMPT] implicit_task_end: parallel_id=0 thread_num=22
[OMPT] implicit_task_begin: parallel_id=281474976710869 thread_num=20 team_size=32
[OMPT] implicit_task_end: parallel_id=0 thread_num=29
[OMPT] implicit_task_begin: parallel_id=281474976710869 thread_num=22 team_size=32
[OMPT] implicit_task_begin: parallel_id=281474976710869 thread_num=27 team_size=32
[OMPT] implicit_task_end: parallel_id=0 thread_num=17
[OMPT] implicit_task_begin: parallel_id=281474976710869 thread_num=2 team_size=32
[OMPT] implicit_task_begin: parallel_id=281474976710869 thread_num=16 team_size=32
[OMPT] implicit_task_end: parallel_id=0 thread_num=6
[OMPT] implicit_task_begin: parallel_id=281474976710869 thread_num=6 team_size=32
[OMPT] implicit_task_begin: parallel_id=281474976710869 thread_num=11 team_size=32
[OMPT] implicit_task_begin: parallel_id=281474976710869 thread_num=4 team_size=32
[OMPT] implicit_task_begin: parallel_id=281474976710869 thread_num=8 team_size=32
[OMPT] implicit_task_begin: parallel_id=281474976710869 thread_num=0 team_size=32
[OMPT] implicit_task_begin: parallel_id=281474976710869 thread_num=14 team_size=32
[OMPT] implicit_task_end: parallel_id=0 thread_num=26
[OMPT] implicit_task_begin: parallel_id=281474976710869 thread_num=26 team_size=32
[OMPT] implicit_task_begin: parallel_id=281474976710869 thread_num=25 team_size=32
[OMPT] implicit_task_end: parallel_id=0 thread_num=21
[OMPT] implicit_task_begin: parallel_id=281474976710869 thread_num=21 team_size=32
[OMPT] implicit_task_end: parallel_id=0 thread_num=23
[OMPT] implicit_task_begin: parallel_id=281474976710869 thread_num=23 team_size=32
[OMPT] implicit_task_end: parallel_id=0 thread_num=30
[OMPT] implicit_task_begin: parallel_id=281474976710869 thread_num=30 team_size=32
[OMPT] implicit_task_begin: parallel_id=281474976710869 thread_num=29 team_size=32
[OMPT] implicit_task_begin: parallel_id=281474976710869 thread_num=15 team_size=32
[OMPT] implicit_task_begin: parallel_id=281474976710869 thread_num=17 team_size=32
[OMPT] implicit_task_end: parallel_id=0 thread_num=5
[OMPT] implicit_task_begin: parallel_id=281474976710869 thread_num=5 team_size=32
[OMPT] implicit_task_end: parallel_id=0 thread_num=0
[OMPT] parallel_end: parallel_id=281474976710869
[OMPT] parallel_begin: parallel_id=281474976710871 team_size=32
[OMPT] implicit_task_end: parallel_id=0 thread_num=16
[OMPT] implicit_task_end: parallel_id=0 thread_num=3
[OMPT] implicit_task_begin: parallel_id=281474976710871 thread_num=0 team_size=32
[OMPT] implicit_task_end: parallel_id=0 thread_num=20
[OMPT] implicit_task_end: parallel_id=0 thread_num=18
[OMPT] implicit_task_begin: parallel_id=281474976710871 thread_num=3 team_size=32
[OMPT] implicit_task_end: parallel_id=0 thread_num=2
[OMPT] implicit_task_begin: parallel_id=281474976710871 thread_num=18 team_size=32
[OMPT] implicit_task_end: parallel_id=0 thread_num=8
[OMPT] implicit_task_end: parallel_id=0 thread_num=4
[OMPT] implicit_task_begin: parallel_id=281474976710871 thread_num=8 team_size=32
[OMPT] implicit_task_end: parallel_id=0 thread_num=17
[OMPT] implicit_task_end: parallel_id=0 thread_num=7
[OMPT] implicit_task_begin: parallel_id=281474976710871 thread_num=16 team_size=32
[OMPT] implicit_task_begin: parallel_id=281474976710871 thread_num=17 team_size=32
[OMPT] implicit_task_end: parallel_id=0 thread_num=22
[OMPT] implicit_task_end: parallel_id=0 thread_num=23
[OMPT] implicit_task_begin: parallel_id=281474976710871 thread_num=22 team_size=32
[OMPT] implicit_task_begin: parallel_id=281474976710871 thread_num=20 team_size=32
[OMPT] implicit_task_end: parallel_id=0 thread_num=24
[OMPT] implicit_task_end: parallel_id=0 thread_num=27
[OMPT] implicit_task_begin: parallel_id=281474976710871 thread_num=24 team_size=32
[OMPT] implicit_task_end: parallel_id=0 thread_num=11
[OMPT] implicit_task_begin: parallel_id=281474976710871 thread_num=27 team_size=32
[OMPT] implicit_task_begin: parallel_id=281474976710871 thread_num=2 team_size=32
[OMPT] implicit_task_end: parallel_id=0 thread_num=10
[OMPT] implicit_task_begin: parallel_id=281474976710871 thread_num=10 team_size=32
[OMPT] implicit_task_end: parallel_id=0 thread_num=9
[OMPT] implicit_task_begin: parallel_id=281474976710871 thread_num=9 team_size=32
[OMPT] implicit_task_end: parallel_id=0 thread_num=19
[OMPT] implicit_task_begin: parallel_id=281474976710871 thread_num=19 team_size=32
[OMPT] implicit_task_end: parallel_id=0 thread_num=5
[OMPT] implicit_task_begin: parallel_id=281474976710871 thread_num=5 team_size=32
[OMPT] implicit_task_end: parallel_id=0 thread_num=6
[OMPT] implicit_task_begin: parallel_id=281474976710871 thread_num=6 team_size=32
[OMPT] implicit_task_end: parallel_id=0 thread_num=12
[OMPT] implicit_task_end: parallel_id=0 thread_num=15
[OMPT] implicit_task_begin: parallel_id=281474976710871 thread_num=12 team_size=32
[OMPT] implicit_task_begin: parallel_id=281474976710871 thread_num=15 team_size=32
[OMPT] implicit_task_begin: parallel_id=281474976710871 thread_num=4 team_size=32
[OMPT] implicit_task_end: parallel_id=0 thread_num=21
[OMPT] implicit_task_begin: parallel_id=281474976710871 thread_num=21 team_size=32
[OMPT] implicit_task_end: parallel_id=0 thread_num=1
[OMPT] implicit_task_begin: parallel_id=281474976710871 thread_num=1 team_size=32
[OMPT] implicit_task_begin: parallel_id=281474976710871 thread_num=23 team_size=32
[OMPT] implicit_task_end: parallel_id=0 thread_num=25
[OMPT] implicit_task_end: parallel_id=0 thread_num=26
[OMPT] implicit_task_begin: parallel_id=281474976710871 thread_num=25 team_size=32
[OMPT] implicit_task_begin: parallel_id=281474976710871 thread_num=26 team_size=32
[OMPT] implicit_task_end: parallel_id=0 thread_num=28
[OMPT] implicit_task_end: parallel_id=0 thread_num=31
[OMPT] implicit_task_begin: parallel_id=281474976710871 thread_num=28 team_size=32
[OMPT] implicit_task_begin: parallel_id=281474976710871 thread_num=31 team_size=32
[OMPT] implicit_task_begin: parallel_id=281474976710871 thread_num=7 team_size=32
[OMPT] implicit_task_begin: parallel_id=281474976710871 thread_num=11 team_size=32
[OMPT] implicit_task_end: parallel_id=0 thread_num=30
[OMPT] implicit_task_begin: parallel_id=281474976710871 thread_num=30 team_size=32
[OMPT] implicit_task_end: parallel_id=0 thread_num=29
[OMPT] implicit_task_end: parallel_id=0 thread_num=13
[OMPT] implicit_task_end: parallel_id=0 thread_num=14
[OMPT] implicit_task_begin: parallel_id=281474976710871 thread_num=13 team_size=32
[OMPT] implicit_task_begin: parallel_id=281474976710871 thread_num=14 team_size=32
[OMPT] implicit_task_begin: parallel_id=281474976710871 thread_num=29 team_size=32
[OMPT] implicit_task_end: parallel_id=0 thread_num=0
[OMPT] parallel_end: parallel_id=281474976710871
[OMPT] parallel_begin: parallel_id=281474976710873 team_size=32
[OMPT] implicit_task_end: parallel_id=0 thread_num=16
[OMPT] implicit_task_end: parallel_id=0 thread_num=2
[OMPT] implicit_task_begin: parallel_id=281474976710873 thread_num=0 team_size=32
[OMPT] implicit_task_end: parallel_id=0 thread_num=18
[OMPT] implicit_task_end: parallel_id=0 thread_num=17
[OMPT] implicit_task_begin: parallel_id=281474976710873 thread_num=18 team_size=32
[OMPT] implicit_task_end: parallel_id=0 thread_num=4
[OMPT] implicit_task_begin: parallel_id=281474976710873 thread_num=17 team_size=32
[OMPT] implicit_task_end: parallel_id=0 thread_num=5
[OMPT] implicit_task_begin: parallel_id=281474976710873 thread_num=4 team_size=32
[OMPT] implicit_task_end: parallel_id=0 thread_num=19
[OMPT] implicit_task_end: parallel_id=0 thread_num=20
[OMPT] implicit_task_begin: parallel_id=281474976710873 thread_num=19 team_size=32
[OMPT] implicit_task_begin: parallel_id=281474976710873 thread_num=16 team_size=32
[OMPT] implicit_task_end: parallel_id=0 thread_num=21
[OMPT] implicit_task_begin: parallel_id=281474976710873 thread_num=2 team_size=32
[OMPT] implicit_task_end: parallel_id=0 thread_num=12
[OMPT] implicit_task_end: parallel_id=0 thread_num=15
[OMPT] implicit_task_end: parallel_id=0 thread_num=8
[OMPT] implicit_task_end: parallel_id=0 thread_num=11
[OMPT] implicit_task_begin: parallel_id=281474976710873 thread_num=15 team_size=32
[OMPT] implicit_task_end: parallel_id=0 thread_num=3
[OMPT] implicit_task_end: parallel_id=0 thread_num=28
[OMPT] implicit_task_begin: parallel_id=281474976710873 thread_num=5 team_size=32
[OMPT] implicit_task_end: parallel_id=0 thread_num=30
[OMPT] implicit_task_end: parallel_id=0 thread_num=24
[OMPT] implicit_task_end: parallel_id=0 thread_num=23
[OMPT] implicit_task_end: parallel_id=0 thread_num=25
[OMPT] implicit_task_end: parallel_id=0 thread_num=14
[OMPT] implicit_task_begin: parallel_id=281474976710873 thread_num=24 team_size=32
[OMPT] implicit_task_begin: parallel_id=281474976710873 thread_num=23 team_size=32
[OMPT] implicit_task_end: parallel_id=0 thread_num=13
[OMPT] implicit_task_begin: parallel_id=281474976710873 thread_num=12 team_size=32
[OMPT] implicit_task_begin: parallel_id=281474976710873 thread_num=13 team_size=32
[OMPT] implicit_task_end: parallel_id=0 thread_num=7
[OMPT] implicit_task_end: parallel_id=0 thread_num=9
[OMPT] implicit_task_begin: parallel_id=281474976710873 thread_num=7 team_size=32
[OMPT] implicit_task_begin: parallel_id=281474976710873 thread_num=9 team_size=32
[OMPT] implicit_task_end: parallel_id=0 thread_num=10
[OMPT] implicit_task_begin: parallel_id=281474976710873 thread_num=10 team_size=32
[OMPT] implicit_task_end: parallel_id=0 thread_num=6
[OMPT] implicit_task_begin: parallel_id=281474976710873 thread_num=11 team_size=32
[OMPT] implicit_task_begin: parallel_id=281474976710873 thread_num=3 team_size=32
[OMPT] implicit_task_end: parallel_id=0 thread_num=29
[OMPT] implicit_task_end: parallel_id=0 thread_num=31
[OMPT] implicit_task_begin: parallel_id=281474976710873 thread_num=29 team_size=32
[OMPT] implicit_task_begin: parallel_id=281474976710873 thread_num=28 team_size=32
[OMPT] implicit_task_end: parallel_id=0 thread_num=27
[OMPT] implicit_task_end: parallel_id=0 thread_num=22
[OMPT] implicit_task_begin: parallel_id=281474976710873 thread_num=27 team_size=32
[OMPT] implicit_task_begin: parallel_id=281474976710873 thread_num=30 team_size=32
[OMPT] implicit_task_begin: parallel_id=281474976710873 thread_num=22 team_size=32
[OMPT] implicit_task_end: parallel_id=0 thread_num=26
[OMPT] implicit_task_begin: parallel_id=281474976710873 thread_num=20 team_size=32
[OMPT] implicit_task_end: parallel_id=0 thread_num=1
[OMPT] implicit_task_begin: parallel_id=281474976710873 thread_num=14 team_size=32
[OMPT] implicit_task_begin: parallel_id=281474976710873 thread_num=1 team_size=32
[OMPT] implicit_task_begin: parallel_id=281474976710873 thread_num=8 team_size=32
[OMPT] implicit_task_begin: parallel_id=281474976710873 thread_num=6 team_size=32
[OMPT] implicit_task_begin: parallel_id=281474976710873 thread_num=31 team_size=32
[OMPT] implicit_task_begin: parallel_id=281474976710873 thread_num=26 team_size=32
[OMPT] implicit_task_begin: parallel_id=281474976710873 thread_num=25 team_size=32
[OMPT] implicit_task_begin: parallel_id=281474976710873 thread_num=21 team_size=32
[OMPT] implicit_task_end: parallel_id=0 thread_num=0
[OMPT] parallel_end: parallel_id=281474976710873
[OMPT] parallel_begin: parallel_id=281474976710875 team_size=32
[OMPT] implicit_task_end: parallel_id=0 thread_num=16
[OMPT] implicit_task_end: parallel_id=0 thread_num=1
[OMPT] implicit_task_begin: parallel_id=281474976710875 thread_num=0 team_size=32
[OMPT] implicit_task_end: parallel_id=0 thread_num=24
[OMPT] implicit_task_end: parallel_id=0 thread_num=20
[OMPT] implicit_task_end: parallel_id=0 thread_num=27
[OMPT] implicit_task_begin: parallel_id=281474976710875 thread_num=16 team_size=32
[OMPT] implicit_task_begin: parallel_id=281474976710875 thread_num=24 team_size=32
[OMPT] implicit_task_end: parallel_id=0 thread_num=8
[OMPT] implicit_task_begin: parallel_id=281474976710875 thread_num=27 team_size=32
[OMPT] implicit_task_end: parallel_id=0 thread_num=2
[OMPT] implicit_task_end: parallel_id=0 thread_num=9
[OMPT] implicit_task_end: parallel_id=0 thread_num=12
[OMPT] implicit_task_begin: parallel_id=281474976710875 thread_num=9 team_size=32
[OMPT] implicit_task_end: parallel_id=0 thread_num=13
[OMPT] implicit_task_end: parallel_id=0 thread_num=26
[OMPT] implicit_task_begin: parallel_id=281474976710875 thread_num=1 team_size=32
[OMPT] implicit_task_end: parallel_id=0 thread_num=22
[OMPT] implicit_task_end: parallel_id=0 thread_num=23
[OMPT] implicit_task_begin: parallel_id=281474976710875 thread_num=26 team_size=32
[OMPT] implicit_task_begin: parallel_id=281474976710875 thread_num=22 team_size=32
[OMPT] implicit_task_end: parallel_id=0 thread_num=3
[OMPT] implicit_task_end: parallel_id=0 thread_num=18
[OMPT] implicit_task_begin: parallel_id=281474976710875 thread_num=3 team_size=32
[OMPT] implicit_task_begin: parallel_id=281474976710875 thread_num=18 team_size=32
[OMPT] implicit_task_end: parallel_id=0 thread_num=28
[OMPT] implicit_task_end: parallel_id=0 thread_num=31
[OMPT] implicit_task_begin: parallel_id=281474976710875 thread_num=28 team_size=32
[OMPT] implicit_task_end: parallel_id=0 thread_num=15
[OMPT] implicit_task_begin: parallel_id=281474976710875 thread_num=31 team_size=32
[OMPT] implicit_task_end: parallel_id=0 thread_num=14
[OMPT] implicit_task_begin: parallel_id=281474976710875 thread_num=15 team_size=32
[OMPT] implicit_task_end: parallel_id=0 thread_num=4
[OMPT] implicit_task_end: parallel_id=0 thread_num=7
[OMPT] implicit_task_begin: parallel_id=281474976710875 thread_num=4 team_size=32
[OMPT] implicit_task_end: parallel_id=0 thread_num=25
[OMPT] implicit_task_begin: parallel_id=281474976710875 thread_num=7 team_size=32
[OMPT] implicit_task_begin: parallel_id=281474976710875 thread_num=23 team_size=32
[OMPT] implicit_task_begin: parallel_id=281474976710875 thread_num=20 team_size=32
[OMPT] implicit_task_end: parallel_id=0 thread_num=11
[OMPT] implicit_task_begin: parallel_id=281474976710875 thread_num=8 team_size=32
[OMPT] implicit_task_begin: parallel_id=281474976710875 thread_num=11 team_size=32
[OMPT] implicit_task_end: parallel_id=0 thread_num=29
[OMPT] implicit_task_end: parallel_id=0 thread_num=30
[OMPT] implicit_task_begin: parallel_id=281474976710875 thread_num=29 team_size=32
[OMPT] implicit_task_end: parallel_id=0 thread_num=19
[OMPT] implicit_task_end: parallel_id=0 thread_num=17
[OMPT] implicit_task_begin: parallel_id=281474976710875 thread_num=2 team_size=32
[OMPT] implicit_task_begin: parallel_id=281474976710875 thread_num=17 team_size=32
[OMPT] implicit_task_begin: parallel_id=281474976710875 thread_num=14 team_size=32
[OMPT] implicit_task_end: parallel_id=0 thread_num=5
[OMPT] implicit_task_end: parallel_id=0 thread_num=6
[OMPT] implicit_task_begin: parallel_id=281474976710875 thread_num=6 team_size=32
[OMPT] implicit_task_begin: parallel_id=281474976710875 thread_num=13 team_size=32
[OMPT] implicit_task_end: parallel_id=0 thread_num=21
[OMPT] implicit_task_begin: parallel_id=281474976710875 thread_num=21 team_size=32
[OMPT] implicit_task_begin: parallel_id=281474976710875 thread_num=25 team_size=32
[OMPT] implicit_task_end: parallel_id=0 thread_num=10
[OMPT] implicit_task_begin: parallel_id=281474976710875 thread_num=10 team_size=32
[OMPT] implicit_task_begin: parallel_id=281474976710875 thread_num=19 team_size=32
[OMPT] implicit_task_begin: parallel_id=281474976710875 thread_num=5 team_size=32
[OMPT] implicit_task_begin: parallel_id=281474976710875 thread_num=12 team_size=32
[OMPT] implicit_task_begin: parallel_id=281474976710875 thread_num=30 team_size=32
[OMPT] implicit_task_end: parallel_id=0 thread_num=0
[OMPT] parallel_end: parallel_id=281474976710875
[OMPT] parallel_begin: parallel_id=281474976710877 team_size=32
[OMPT] implicit_task_end: parallel_id=0 thread_num=16
[OMPT] implicit_task_end: parallel_id=0 thread_num=3
[OMPT] implicit_task_end: parallel_id=0 thread_num=28
[OMPT] implicit_task_end: parallel_id=0 thread_num=18
[OMPT] implicit_task_end: parallel_id=0 thread_num=19
[OMPT] implicit_task_begin: parallel_id=281474976710877 thread_num=16 team_size=32
[OMPT] implicit_task_end: parallel_id=0 thread_num=30
[OMPT] implicit_task_end: parallel_id=0 thread_num=2
[OMPT] implicit_task_end: parallel_id=0 thread_num=1
[OMPT] implicit_task_end: parallel_id=0 thread_num=20
[OMPT] implicit_task_begin: parallel_id=281474976710877 thread_num=30 team_size=32
[OMPT] implicit_task_begin: parallel_id=281474976710877 thread_num=0 team_size=32
[OMPT] implicit_task_begin: parallel_id=281474976710877 thread_num=2 team_size=32
[OMPT] implicit_task_end: parallel_id=0 thread_num=4
[OMPT] implicit_task_begin: parallel_id=281474976710877 thread_num=1 team_size=32
[OMPT] implicit_task_end: parallel_id=0 thread_num=7
[OMPT] implicit_task_end: parallel_id=0 thread_num=31
[OMPT] implicit_task_end: parallel_id=0 thread_num=8
[OMPT] implicit_task_end: parallel_id=0 thread_num=11
[OMPT] implicit_task_end: parallel_id=0 thread_num=9
[OMPT] implicit_task_begin: parallel_id=281474976710877 thread_num=31 team_size=32
[OMPT] implicit_task_begin: parallel_id=281474976710877 thread_num=8 team_size=32
[OMPT] implicit_task_end: parallel_id=0 thread_num=17
[OMPT] implicit_task_end: parallel_id=0 thread_num=23
[OMPT] implicit_task_begin: parallel_id=281474976710877 thread_num=17 team_size=32
[OMPT] implicit_task_end: parallel_id=0 thread_num=21
[OMPT] implicit_task_begin: parallel_id=281474976710877 thread_num=21 team_size=32
[OMPT] implicit_task_begin: parallel_id=281474976710877 thread_num=3 team_size=32
[OMPT] implicit_task_end: parallel_id=0 thread_num=6
[OMPT] implicit_task_begin: parallel_id=281474976710877 thread_num=6 team_size=32
[OMPT] implicit_task_begin: parallel_id=281474976710877 thread_num=18 team_size=32
[OMPT] implicit_task_end: parallel_id=0 thread_num=5
[OMPT] implicit_task_begin: parallel_id=281474976710877 thread_num=5 team_size=32
[OMPT] implicit_task_begin: parallel_id=281474976710877 thread_num=20 team_size=32
[OMPT] implicit_task_begin: parallel_id=281474976710877 thread_num=4 team_size=32
[OMPT] implicit_task_end: parallel_id=0 thread_num=29
[OMPT] implicit_task_begin: parallel_id=281474976710877 thread_num=29 team_size=32
[OMPT] implicit_task_end: parallel_id=0 thread_num=10
[OMPT] implicit_task_begin: parallel_id=281474976710877 thread_num=10 team_size=32
[OMPT] implicit_task_begin: parallel_id=281474976710877 thread_num=7 team_size=32
[OMPT] implicit_task_begin: parallel_id=281474976710877 thread_num=28 team_size=32
[OMPT] implicit_task_end: parallel_id=0 thread_num=24
[OMPT] implicit_task_end: parallel_id=0 thread_num=27
[OMPT] implicit_task_begin: parallel_id=281474976710877 thread_num=24 team_size=32
[OMPT] implicit_task_begin: parallel_id=281474976710877 thread_num=19 team_size=32
[OMPT] implicit_task_begin: parallel_id=281474976710877 thread_num=27 team_size=32
[OMPT] implicit_task_begin: parallel_id=281474976710877 thread_num=11 team_size=32
[OMPT] implicit_task_end: parallel_id=0 thread_num=22
[OMPT] implicit_task_begin: parallel_id=281474976710877 thread_num=9 team_size=32
[OMPT] implicit_task_end: parallel_id=0 thread_num=12
[OMPT] implicit_task_end: parallel_id=0 thread_num=15
[OMPT] implicit_task_begin: parallel_id=281474976710877 thread_num=12 team_size=32
[OMPT] implicit_task_begin: parallel_id=281474976710877 thread_num=15 team_size=32
[OMPT] implicit_task_end: parallel_id=0 thread_num=26
[OMPT] implicit_task_begin: parallel_id=281474976710877 thread_num=22 team_size=32
[OMPT] implicit_task_begin: parallel_id=281474976710877 thread_num=26 team_size=32
[OMPT] implicit_task_begin: parallel_id=281474976710877 thread_num=23 team_size=32
[OMPT] implicit_task_end: parallel_id=0 thread_num=14
[OMPT] implicit_task_end: parallel_id=0 thread_num=13
[OMPT] implicit_task_begin: parallel_id=281474976710877 thread_num=14 team_size=32
[OMPT] implicit_task_end: parallel_id=0 thread_num=25
[OMPT] implicit_task_begin: parallel_id=281474976710877 thread_num=25 team_size=32
[OMPT] implicit_task_begin: parallel_id=281474976710877 thread_num=13 team_size=32
[OMPT] implicit_task_end: parallel_id=0 thread_num=0
[OMPT] parallel_end: parallel_id=281474976710877
[OMPT] parallel_begin: parallel_id=281474976710879 team_size=32
[OMPT] implicit_task_end: parallel_id=0 thread_num=16
[OMPT] implicit_task_begin: parallel_id=281474976710879 thread_num=0 team_size=32
[OMPT] implicit_task_end: parallel_id=0 thread_num=3
[OMPT] implicit_task_end: parallel_id=0 thread_num=24
[OMPT] implicit_task_end: parallel_id=0 thread_num=12
[OMPT] implicit_task_begin: parallel_id=281474976710879 thread_num=3 team_size=32
[OMPT] implicit_task_end: parallel_id=0 thread_num=27
[OMPT] implicit_task_end: parallel_id=0 thread_num=8
[OMPT] implicit_task_end: parallel_id=0 thread_num=1
[OMPT] implicit_task_end: parallel_id=0 thread_num=28
[OMPT] implicit_task_begin: parallel_id=281474976710879 thread_num=27 team_size=32
[OMPT] implicit_task_begin: parallel_id=281474976710879 thread_num=8 team_size=32
[OMPT] implicit_task_end: parallel_id=0 thread_num=20
[OMPT] implicit_task_end: parallel_id=0 thread_num=17
[OMPT] implicit_task_end: parallel_id=0 thread_num=19
[OMPT] implicit_task_begin: parallel_id=281474976710879 thread_num=20 team_size=32
[OMPT] implicit_task_end: parallel_id=0 thread_num=22
[OMPT] implicit_task_begin: parallel_id=281474976710879 thread_num=19 team_size=32
[OMPT] implicit_task_end: parallel_id=0 thread_num=13
[OMPT] implicit_task_begin: parallel_id=281474976710879 thread_num=24 team_size=32
[OMPT] implicit_task_begin: parallel_id=281474976710879 thread_num=13 team_size=32
[OMPT] implicit_task_end: parallel_id=0 thread_num=2
[OMPT] implicit_task_end: parallel_id=0 thread_num=9
[OMPT] implicit_task_end: parallel_id=0 thread_num=10
[OMPT] implicit_task_end: parallel_id=0 thread_num=31
[OMPT] implicit_task_end: parallel_id=0 thread_num=18
[OMPT] implicit_task_end: parallel_id=0 thread_num=11
[OMPT] implicit_task_begin: parallel_id=281474976710879 thread_num=18 team_size=32
[OMPT] implicit_task_end: parallel_id=0 thread_num=30
[OMPT] implicit_task_begin: parallel_id=281474976710879 thread_num=11 team_size=32
[OMPT] implicit_task_end: parallel_id=0 thread_num=29
[OMPT] implicit_task_begin: parallel_id=281474976710879 thread_num=30 team_size=32
[OMPT] implicit_task_begin: parallel_id=281474976710879 thread_num=1 team_size=32
[OMPT] implicit_task_begin: parallel_id=281474976710879 thread_num=29 team_size=32
[OMPT] implicit_task_begin: parallel_id=281474976710879 thread_num=16 team_size=32
[OMPT] implicit_task_end: parallel_id=0 thread_num=23
[OMPT] implicit_task_end: parallel_id=0 thread_num=21
[OMPT] implicit_task_end: parallel_id=0 thread_num=4
[OMPT] implicit_task_begin: parallel_id=281474976710879 thread_num=23 team_size=32
[OMPT] implicit_task_end: parallel_id=0 thread_num=5
[OMPT] implicit_task_end: parallel_id=0 thread_num=25
[OMPT] implicit_task_begin: parallel_id=281474976710879 thread_num=4 team_size=32
[OMPT] implicit_task_begin: parallel_id=281474976710879 thread_num=5 team_size=32
[OMPT] implicit_task_end: parallel_id=0 thread_num=15
[OMPT] implicit_task_begin: parallel_id=281474976710879 thread_num=12 team_size=32
[OMPT] implicit_task_begin: parallel_id=281474976710879 thread_num=15 team_size=32
[OMPT] implicit_task_begin: parallel_id=281474976710879 thread_num=2 team_size=32
[OMPT] implicit_task_begin: parallel_id=281474976710879 thread_num=10 team_size=32
[OMPT] implicit_task_begin: parallel_id=281474976710879 thread_num=31 team_size=32
[OMPT] implicit_task_begin: parallel_id=281474976710879 thread_num=28 team_size=32
[OMPT] implicit_task_end: parallel_id=0 thread_num=7
[OMPT] implicit_task_begin: parallel_id=281474976710879 thread_num=7 team_size=32
[OMPT] implicit_task_begin: parallel_id=281474976710879 thread_num=17 team_size=32
[OMPT] implicit_task_end: parallel_id=0 thread_num=6
[OMPT] implicit_task_begin: parallel_id=281474976710879 thread_num=6 team_size=32
[OMPT] implicit_task_end: parallel_id=0 thread_num=26
[OMPT] implicit_task_begin: parallel_id=281474976710879 thread_num=26 team_size=32
[OMPT] implicit_task_begin: parallel_id=281474976710879 thread_num=21 team_size=32
[OMPT] implicit_task_begin: parallel_id=281474976710879 thread_num=22 team_size=32
[OMPT] implicit_task_end: parallel_id=0 thread_num=14
[OMPT] implicit_task_begin: parallel_id=281474976710879 thread_num=14 team_size=32
[OMPT] implicit_task_begin: parallel_id=281474976710879 thread_num=25 team_size=32
[OMPT] implicit_task_begin: parallel_id=281474976710879 thread_num=9 team_size=32
[OMPT] implicit_task_end: parallel_id=0 thread_num=0
[OMPT] parallel_end: parallel_id=281474976710879
[OMPT] parallel_begin: parallel_id=281474976710881 team_size=32
[OMPT] implicit_task_end: parallel_id=0 thread_num=12
[OMPT] implicit_task_end: parallel_id=0 thread_num=8
[OMPT] implicit_task_end: parallel_id=0 thread_num=15
[OMPT] implicit_task_end: parallel_id=0 thread_num=14
[OMPT] implicit_task_end: parallel_id=0 thread_num=3
[OMPT] implicit_task_end: parallel_id=0 thread_num=2
[OMPT] implicit_task_end: parallel_id=0 thread_num=4
[OMPT] implicit_task_end: parallel_id=0 thread_num=7
[OMPT] implicit_task_end: parallel_id=0 thread_num=11
[OMPT] implicit_task_end: parallel_id=0 thread_num=9
[OMPT] implicit_task_end: parallel_id=0 thread_num=10
[OMPT] implicit_task_end: parallel_id=0 thread_num=16
[OMPT] implicit_task_end: parallel_id=0 thread_num=18
[OMPT] implicit_task_end: parallel_id=0 thread_num=20
[OMPT] implicit_task_end: parallel_id=0 thread_num=5
[OMPT] implicit_task_end: parallel_id=0 thread_num=21
[OMPT] implicit_task_end: parallel_id=0 thread_num=6
[OMPT] implicit_task_end: parallel_id=0 thread_num=24
[OMPT] implicit_task_end: parallel_id=0 thread_num=28
[OMPT] implicit_task_end: parallel_id=0 thread_num=26
[OMPT] implicit_task_end: parallel_id=0 thread_num=30
[OMPT] implicit_task_end: parallel_id=0 thread_num=23
[OMPT] implicit_task_end: parallel_id=0 thread_num=22
[OMPT] implicit_task_end: parallel_id=0 thread_num=13
[OMPT] implicit_task_end: parallel_id=0 thread_num=25
[OMPT] implicit_task_end: parallel_id=0 thread_num=27
[OMPT] implicit_task_end: parallel_id=0 thread_num=1
[OMPT] implicit_task_end: parallel_id=0 thread_num=29
[OMPT] implicit_task_end: parallel_id=0 thread_num=31
[OMPT] implicit_task_end: parallel_id=0 thread_num=17
[OMPT] implicit_task_end: parallel_id=0 thread_num=19
[OMPT][WIN100ms] ompt_id=281474976710657 tid=1054869 tipo=ompt_thread_initial    cpu=255 numa=1  d_rm=   49980  d_instr=1351374234  d_cyc= 550385929  d_all= 8591066  IPC=2.455  ratio_rm=0.0058
[OMPT][WIN100ms] ompt_id=562949953421313 tid=1054871 tipo=ompt_thread_worker     cpu=115 numa=1  d_rm=    6734  d_instr=1312264271  d_cyc= 529089258  d_all= 8462573  IPC=2.480  ratio_rm=0.0008
[OMPT][WIN100ms] ompt_id=844424930131969 tid=1054872 tipo=ompt_thread_worker     cpu= 67 numa=1  d_rm=    6864  d_instr=1303987855  d_cyc= 547817648  d_all= 8173864  IPC=2.380  ratio_rm=0.0008
[OMPT][WIN100ms] ompt_id=1125899906842625 tid=1054873 tipo=ompt_thread_worker     cpu=  8 numa=0  d_rm=    1282  d_instr=1283565661  d_cyc= 547451694  d_all= 8038655  IPC=2.345  ratio_rm=0.0002
[OMPT][WIN100ms] ompt_id=1407374883553281 tid=1054874 tipo=ompt_thread_worker     cpu= 97 numa=1  d_rm=    9120  d_instr=1264697636  d_cyc= 527277732  d_all= 8073328  IPC=2.399  ratio_rm=0.0011
[OMPT][WIN100ms] ompt_id=1688849860263937 tid=1054875 tipo=ompt_thread_worker     cpu=105 numa=1  d_rm=    6447  d_instr=1266121174  d_cyc= 529230236  d_all= 8054988  IPC=2.392  ratio_rm=0.0008
[OMPT][WIN100ms] ompt_id=1970324836974593 tid=1054876 tipo=ompt_thread_worker     cpu= 48 numa=0  d_rm=     912  d_instr=1269754232  d_cyc= 528538745  d_all= 8030967  IPC=2.402  ratio_rm=0.0001
[OMPT][WIN100ms] ompt_id=2251799813685249 tid=1054877 tipo=ompt_thread_worker     cpu=113 numa=1  d_rm=    4458  d_instr=1270332882  d_cyc= 529657088  d_all= 8051586  IPC=2.398  ratio_rm=0.0006
[OMPT][WIN100ms] ompt_id=2533274790395905 tid=1054878 tipo=ompt_thread_worker     cpu=104 numa=1  d_rm=    7090  d_instr=1283724483  d_cyc= 546554329  d_all= 8049286  IPC=2.349  ratio_rm=0.0009
[OMPT][WIN100ms] ompt_id=2814749767106561 tid=1054879 tipo=ompt_thread_worker     cpu= 88 numa=1  d_rm=    7849  d_instr=1264710846  d_cyc= 530158141  d_all= 8046055  IPC=2.386  ratio_rm=0.0010
[OMPT][WIN100ms] ompt_id=3096224743817217 tid=1054880 tipo=ompt_thread_worker     cpu=165 numa=0  d_rm=     809  d_instr=1285765634  d_cyc= 547638253  d_all= 8030572  IPC=2.348  ratio_rm=0.0001
[OMPT][WIN100ms] ompt_id=3377699720527873 tid=1054881 tipo=ompt_thread_worker     cpu=239 numa=1  d_rm=   15785  d_instr=1269820359  d_cyc= 528932185  d_all= 8055926  IPC=2.401  ratio_rm=0.0020
[OMPT][WIN100ms] ompt_id=3659174697238529 tid=1054882 tipo=ompt_thread_worker     cpu=247 numa=1  d_rm=   17726  d_instr=1265232032  d_cyc= 527321961  d_all= 8054541  IPC=2.399  ratio_rm=0.0022
[OMPT][WIN100ms] ompt_id=3940649673949185 tid=1054883 tipo=ompt_thread_worker     cpu= 96 numa=1  d_rm=   12453  d_instr=1284717893  d_cyc= 547085940  d_all= 8067001  IPC=2.348  ratio_rm=0.0015
[OMPT][WIN100ms] ompt_id=4222124650659841 tid=1054884 tipo=ompt_thread_worker     cpu= 79 numa=1  d_rm=    8831  d_instr=1281907425  d_cyc= 546912809  d_all= 8048206  IPC=2.344  ratio_rm=0.0011
[OMPT][WIN100ms] ompt_id=4503599627370497 tid=1054885 tipo=ompt_thread_worker     cpu=223 numa=1  d_rm=   10723  d_instr=1283142748  d_cyc= 547280992  d_all= 8050759  IPC=2.345  ratio_rm=0.0013
[OMPT][WIN100ms] ompt_id=4785074604081153 tid=1054886 tipo=ompt_thread_worker     cpu= 89 numa=1  d_rm=    7204  d_instr=1283095720  d_cyc= 547591889  d_all= 8045481  IPC=2.343  ratio_rm=0.0009
[OMPT][WIN100ms] ompt_id=5066549580791809 tid=1054887 tipo=ompt_thread_worker     cpu= 56 numa=0  d_rm=     994  d_instr=1285188659  d_cyc= 546019241  d_all= 8172054  IPC=2.354  ratio_rm=0.0001
[OMPT][WIN100ms] ompt_id=5348024557502465 tid=1054888 tipo=ompt_thread_worker     cpu= 90 numa=1  d_rm=    8064  d_instr=1282102826  d_cyc= 548489089  d_all= 8058020  IPC=2.338  ratio_rm=0.0010
[OMPT][WIN100ms] ompt_id=5629499534213121 tid=1054889 tipo=ompt_thread_worker     cpu= 76 numa=1  d_rm=   10550  d_instr=1269607595  d_cyc= 529156246  d_all= 8049026  IPC=2.399  ratio_rm=0.0013
[OMPT][WIN100ms] ompt_id=5910974510923777 tid=1054890 tipo=ompt_thread_worker     cpu=  0 numa=0  d_rm=    3258  d_instr=1283456780  d_cyc= 545482394  d_all= 8033676  IPC=2.353  ratio_rm=0.0004
[OMPT][WIN100ms] ompt_id=6192449487634433 tid=1054891 tipo=ompt_thread_worker     cpu=114 numa=1  d_rm=    6229  d_instr=1269262940  d_cyc= 527038148  d_all= 8039480  IPC=2.408  ratio_rm=0.0008
[OMPT][WIN100ms] ompt_id=6473924464345089 tid=1054892 tipo=ompt_thread_worker     cpu=254 numa=1  d_rm=    8030  d_instr=1284548265  d_cyc= 546875946  d_all= 8047182  IPC=2.349  ratio_rm=0.0010
[OMPT][WIN100ms] ompt_id=6755399441055745 tid=1054893 tipo=ompt_thread_worker     cpu=252 numa=1  d_rm=   10369  d_instr=1265250895  d_cyc= 526477696  d_all= 8052130  IPC=2.403  ratio_rm=0.0013
[OMPT][WIN100ms] ompt_id=7036874417766401 tid=1054894 tipo=ompt_thread_worker     cpu= 81 numa=1  d_rm=    6422  d_instr=1284398461  d_cyc= 546138069  d_all= 8073138  IPC=2.352  ratio_rm=0.0008
[OMPT][WIN100ms] ompt_id=7318349394477057 tid=1054895 tipo=ompt_thread_worker     cpu=253 numa=1  d_rm=    4034  d_instr=1262144744  d_cyc= 525706027  d_all= 8044935  IPC=2.401  ratio_rm=0.0005
[OMPT][WIN100ms] ompt_id=7599824371187713 tid=1054896 tipo=ompt_thread_worker     cpu= 78 numa=1  d_rm=    7525  d_instr=1270187254  d_cyc= 526442481  d_all= 8048069  IPC=2.413  ratio_rm=0.0009
[OMPT][WIN100ms] ompt_id=7881299347898369 tid=1054897 tipo=ompt_thread_worker     cpu=112 numa=1  d_rm=    4660  d_instr=1285217683  d_cyc= 545476018  d_all= 8042388  IPC=2.356  ratio_rm=0.0006
[OMPT][WIN100ms] ompt_id=8162774324609025 tid=1054898 tipo=ompt_thread_worker     cpu= 80 numa=1  d_rm=   17374  d_instr=1268296412  d_cyc= 523554101  d_all= 8072458  IPC=2.422  ratio_rm=0.0022
[OMPT][WIN100ms] ompt_id=8444249301319681 tid=1054899 tipo=ompt_thread_worker     cpu=194 numa=1  d_rm=   11132  d_instr=1286280326  d_cyc= 542956048  d_all= 8070827  IPC=2.369  ratio_rm=0.0014
[OMPT][WIN100ms] ompt_id=8725724278030337 tid=1054900 tipo=ompt_thread_worker     cpu= 98 numa=1  d_rm=   14294  d_instr=1283519361  d_cyc= 542374032  d_all= 8052538  IPC=2.366  ratio_rm=0.0018
[OMPT][WIN100ms] ompt_id=9007199254740993 tid=1054901 tipo=ompt_thread_worker     cpu= 77 numa=1  d_rm=   15854  d_instr=1285343822  d_cyc= 542328824  d_all= 8042706  IPC=2.370  ratio_rm=0.0020
[OMPT] implicit_task_begin: parallel_id=281474976710881 thread_num=10 team_size=32
[OMPT] implicit_task_begin: parallel_id=281474976710881 thread_num=28 team_size=32
[OMPT] implicit_task_begin: parallel_id=281474976710881 thread_num=24 team_size=32
[OMPT] implicit_task_begin: parallel_id=281474976710881 thread_num=12 team_size=32
[OMPT] implicit_task_begin: parallel_id=281474976710881 thread_num=27 team_size=32
[OMPT] implicit_task_begin: parallel_id=281474976710881 thread_num=7 team_size=32
[OMPT] implicit_task_begin: parallel_id=281474976710881 thread_num=21 team_size=32
[OMPT] implicit_task_begin: parallel_id=281474976710881 thread_num=1 team_size=32
[OMPT] implicit_task_begin: parallel_id=281474976710881 thread_num=2 team_size=32
[OMPT] implicit_task_begin: parallel_id=281474976710881 thread_num=29 team_size=32
[OMPT] implicit_task_begin: parallel_id=281474976710881 thread_num=20 team_size=32
[OMPT] implicit_task_begin: parallel_id=281474976710881 thread_num=15 team_size=32
[OMPT] implicit_task_begin: parallel_id=281474976710881 thread_num=16 team_size=32
[OMPT] implicit_task_begin: parallel_id=281474976710881 thread_num=9 team_size=32
[OMPT] implicit_task_begin: parallel_id=281474976710881 thread_num=18 team_size=32
[OMPT] implicit_task_begin: parallel_id=281474976710881 thread_num=4 team_size=32
[OMPT] implicit_task_begin: parallel_id=281474976710881 thread_num=30 team_size=32
[OMPT] implicit_task_begin: parallel_id=281474976710881 thread_num=13 team_size=32
[OMPT] implicit_task_begin: parallel_id=281474976710881 thread_num=14 team_size=32
[OMPT] implicit_task_begin: parallel_id=281474976710881 thread_num=19 team_size=32
[OMPT] implicit_task_begin: parallel_id=281474976710881 thread_num=31 team_size=32
[OMPT] implicit_task_begin: parallel_id=281474976710881 thread_num=26 team_size=32
[OMPT] implicit_task_begin: parallel_id=281474976710881 thread_num=11 team_size=32
[OMPT] implicit_task_begin: parallel_id=281474976710881 thread_num=8 team_size=32
[OMPT] implicit_task_begin: parallel_id=281474976710881 thread_num=3 team_size=32
[OMPT] implicit_task_begin: parallel_id=281474976710881 thread_num=5 team_size=32
[OMPT] implicit_task_begin: parallel_id=281474976710881 thread_num=23 team_size=32
[OMPT] implicit_task_begin: parallel_id=281474976710881 thread_num=22 team_size=32
[OMPT] implicit_task_begin: parallel_id=281474976710881 thread_num=25 team_size=32
[OMPT] implicit_task_begin: parallel_id=281474976710881 thread_num=17 team_size=32
[OMPT] implicit_task_begin: parallel_id=281474976710881 thread_num=6 team_size=32
[OMPT] implicit_task_begin: parallel_id=281474976710881 thread_num=0 team_size=32
[OMPT] implicit_task_end: parallel_id=0 thread_num=0
[OMPT] parallel_end: parallel_id=281474976710881
[OMPT] parallel_begin: parallel_id=281474976710883 team_size=32
[OMPT] implicit_task_end: parallel_id=0 thread_num=16
[OMPT] implicit_task_end: parallel_id=0 thread_num=1
[OMPT] implicit_task_begin: parallel_id=281474976710883 thread_num=0 team_size=32
[OMPT] implicit_task_end: parallel_id=0 thread_num=24
[OMPT] implicit_task_begin: parallel_id=281474976710883 thread_num=16 team_size=32
[OMPT] implicit_task_end: parallel_id=0 thread_num=12
[OMPT] implicit_task_end: parallel_id=0 thread_num=27
[OMPT] implicit_task_end: parallel_id=0 thread_num=4
[OMPT] implicit_task_end: parallel_id=0 thread_num=13
[OMPT] implicit_task_begin: parallel_id=281474976710883 thread_num=12 team_size=32
[OMPT] implicit_task_end: parallel_id=0 thread_num=6
[OMPT] implicit_task_end: parallel_id=0 thread_num=28
[OMPT] implicit_task_begin: parallel_id=281474976710883 thread_num=13 team_size=32
[OMPT] implicit_task_end: parallel_id=0 thread_num=31
[OMPT] implicit_task_begin: parallel_id=281474976710883 thread_num=28 team_size=32
[OMPT] implicit_task_end: parallel_id=0 thread_num=17
[OMPT] implicit_task_begin: parallel_id=281474976710883 thread_num=31 team_size=32
[OMPT] implicit_task_end: parallel_id=0 thread_num=25
[OMPT] implicit_task_begin: parallel_id=281474976710883 thread_num=24 team_size=32
[OMPT] implicit_task_end: parallel_id=0 thread_num=15
[OMPT] implicit_task_begin: parallel_id=281474976710883 thread_num=25 team_size=32
[OMPT] implicit_task_end: parallel_id=0 thread_num=2
[OMPT] implicit_task_end: parallel_id=0 thread_num=7
[OMPT] implicit_task_end: parallel_id=0 thread_num=5
[OMPT] implicit_task_begin: parallel_id=281474976710883 thread_num=2 team_size=32
[OMPT] implicit_task_begin: parallel_id=281474976710883 thread_num=7 team_size=32
[OMPT] implicit_task_begin: parallel_id=281474976710883 thread_num=5 team_size=32
[OMPT] implicit_task_end: parallel_id=0 thread_num=19
[OMPT] implicit_task_begin: parallel_id=281474976710883 thread_num=4 team_size=32
[OMPT] implicit_task_begin: parallel_id=281474976710883 thread_num=19 team_size=32
[OMPT] implicit_task_end: parallel_id=0 thread_num=20
[OMPT] implicit_task_end: parallel_id=0 thread_num=23
[OMPT] implicit_task_begin: parallel_id=281474976710883 thread_num=20 team_size=32
[OMPT] implicit_task_end: parallel_id=0 thread_num=8
[OMPT] implicit_task_begin: parallel_id=281474976710883 thread_num=23 team_size=32
[OMPT] implicit_task_end: parallel_id=0 thread_num=9
[OMPT] implicit_task_begin: parallel_id=281474976710883 thread_num=1 team_size=32
[OMPT] implicit_task_begin: parallel_id=281474976710883 thread_num=17 team_size=32
[OMPT] implicit_task_begin: parallel_id=281474976710883 thread_num=9 team_size=32
[OMPT] implicit_task_begin: parallel_id=281474976710883 thread_num=15 team_size=32
[OMPT] implicit_task_end: parallel_id=0 thread_num=18
[OMPT] implicit_task_end: parallel_id=0 thread_num=3
[OMPT] implicit_task_begin: parallel_id=281474976710883 thread_num=18 team_size=32
[OMPT] implicit_task_end: parallel_id=0 thread_num=30
[OMPT] implicit_task_begin: parallel_id=281474976710883 thread_num=3 team_size=32
[OMPT] implicit_task_end: parallel_id=0 thread_num=26
[OMPT] implicit_task_begin: parallel_id=281474976710883 thread_num=30 team_size=32
[OMPT] implicit_task_end: parallel_id=0 thread_num=22
[OMPT] implicit_task_begin: parallel_id=281474976710883 thread_num=26 team_size=32
[OMPT] implicit_task_end: parallel_id=0 thread_num=11
[OMPT] implicit_task_begin: parallel_id=281474976710883 thread_num=22 team_size=32
[OMPT] implicit_task_begin: parallel_id=281474976710883 thread_num=8 team_size=32
[OMPT] implicit_task_end: parallel_id=0 thread_num=10
[OMPT] implicit_task_end: parallel_id=0 thread_num=14
[OMPT] implicit_task_begin: parallel_id=281474976710883 thread_num=27 team_size=32
[OMPT] implicit_task_begin: parallel_id=281474976710883 thread_num=14 team_size=32
[OMPT] implicit_task_end: parallel_id=0 thread_num=21
[OMPT] implicit_task_begin: parallel_id=281474976710883 thread_num=6 team_size=32
[OMPT] implicit_task_begin: parallel_id=281474976710883 thread_num=11 team_size=32
[OMPT] implicit_task_begin: parallel_id=281474976710883 thread_num=10 team_size=32
[OMPT] implicit_task_end: parallel_id=0 thread_num=29
[OMPT] implicit_task_begin: parallel_id=281474976710883 thread_num=21 team_size=32
[OMPT] implicit_task_begin: parallel_id=281474976710883 thread_num=29 team_size=32
[OMPT] implicit_task_end: parallel_id=0 thread_num=0
[OMPT] parallel_end: parallel_id=281474976710883
[OMPT] parallel_begin: parallel_id=281474976710885 team_size=32
[OMPT] implicit_task_end: parallel_id=0 thread_num=16
[OMPT] implicit_task_end: parallel_id=0 thread_num=2
[OMPT] implicit_task_begin: parallel_id=281474976710885 thread_num=0 team_size=32
[OMPT] implicit_task_end: parallel_id=0 thread_num=19
[OMPT] implicit_task_end: parallel_id=0 thread_num=12
[OMPT] implicit_task_end: parallel_id=0 thread_num=8
[OMPT] implicit_task_end: parallel_id=0 thread_num=15
[OMPT] implicit_task_end: parallel_id=0 thread_num=11
[OMPT] implicit_task_end: parallel_id=0 thread_num=9
[OMPT] implicit_task_end: parallel_id=0 thread_num=1
[OMPT] implicit_task_begin: parallel_id=281474976710885 thread_num=8 team_size=32
[OMPT] implicit_task_begin: parallel_id=281474976710885 thread_num=15 team_size=32
[OMPT] implicit_task_begin: parallel_id=281474976710885 thread_num=9 team_size=32
[OMPT] implicit_task_begin: parallel_id=281474976710885 thread_num=16 team_size=32
[OMPT] implicit_task_begin: parallel_id=281474976710885 thread_num=1 team_size=32
[OMPT] implicit_task_end: parallel_id=0 thread_num=17
[OMPT] implicit_task_end: parallel_id=0 thread_num=14
[OMPT] implicit_task_begin: parallel_id=281474976710885 thread_num=17 team_size=32
[OMPT] implicit_task_begin: parallel_id=281474976710885 thread_num=14 team_size=32
[OMPT] implicit_task_end: parallel_id=0 thread_num=4
[OMPT] implicit_task_end: parallel_id=0 thread_num=7
[OMPT] implicit_task_end: parallel_id=0 thread_num=6
[OMPT] implicit_task_begin: parallel_id=281474976710885 thread_num=7 team_size=32
[OMPT] implicit_task_begin: parallel_id=281474976710885 thread_num=6 team_size=32
[OMPT] implicit_task_begin: parallel_id=281474976710885 thread_num=12 team_size=32
[OMPT] implicit_task_end: parallel_id=0 thread_num=18
[OMPT] implicit_task_end: parallel_id=0 thread_num=20
[OMPT] implicit_task_end: parallel_id=0 thread_num=28
[OMPT] implicit_task_begin: parallel_id=281474976710885 thread_num=20 team_size=32
[OMPT] implicit_task_end: parallel_id=0 thread_num=21
[OMPT] implicit_task_end: parallel_id=0 thread_num=31
[OMPT] implicit_task_begin: parallel_id=281474976710885 thread_num=11 team_size=32
[OMPT] implicit_task_begin: parallel_id=281474976710885 thread_num=21 team_size=32
[OMPT] implicit_task_begin: parallel_id=281474976710885 thread_num=31 team_size=32
[OMPT] implicit_task_begin: parallel_id=281474976710885 thread_num=19 team_size=32
[OMPT] implicit_task_begin: parallel_id=281474976710885 thread_num=4 team_size=32
[OMPT] implicit_task_end: parallel_id=0 thread_num=3
[OMPT] implicit_task_begin: parallel_id=281474976710885 thread_num=3 team_size=32
[OMPT] implicit_task_end: parallel_id=0 thread_num=22
[OMPT] implicit_task_end: parallel_id=0 thread_num=23
[OMPT] implicit_task_begin: parallel_id=281474976710885 thread_num=22 team_size=32
[OMPT] implicit_task_end: parallel_id=0 thread_num=24
[OMPT] implicit_task_end: parallel_id=0 thread_num=30
[OMPT] implicit_task_end: parallel_id=0 thread_num=25
[OMPT] implicit_task_begin: parallel_id=281474976710885 thread_num=24 team_size=32
[OMPT] implicit_task_begin: parallel_id=281474976710885 thread_num=30 team_size=32
[OMPT] implicit_task_begin: parallel_id=281474976710885 thread_num=2 team_size=32
[OMPT] implicit_task_end: parallel_id=0 thread_num=13
[OMPT] implicit_task_end: parallel_id=0 thread_num=5
[OMPT] implicit_task_begin: parallel_id=281474976710885 thread_num=13 team_size=32
[OMPT] implicit_task_begin: parallel_id=281474976710885 thread_num=18 team_size=32
[OMPT] implicit_task_begin: parallel_id=281474976710885 thread_num=23 team_size=32
[OMPT] implicit_task_end: parallel_id=0 thread_num=27
[OMPT] implicit_task_end: parallel_id=0 thread_num=29
[OMPT] implicit_task_begin: parallel_id=281474976710885 thread_num=27 team_size=32
[OMPT] implicit_task_begin: parallel_id=281474976710885 thread_num=29 team_size=32
[OMPT] implicit_task_begin: parallel_id=281474976710885 thread_num=25 team_size=32
[OMPT] implicit_task_end: parallel_id=0 thread_num=10
[OMPT] implicit_task_end: parallel_id=0 thread_num=26
[OMPT] implicit_task_begin: parallel_id=281474976710885 thread_num=10 team_size=32
[OMPT] implicit_task_begin: parallel_id=281474976710885 thread_num=28 team_size=32
[OMPT] implicit_task_begin: parallel_id=281474976710885 thread_num=26 team_size=32
[OMPT] implicit_task_begin: parallel_id=281474976710885 thread_num=5 team_size=32
[OMPT] implicit_task_end: parallel_id=0 thread_num=0
[OMPT] parallel_end: parallel_id=281474976710885
[OMPT] parallel_begin: parallel_id=281474976710887 team_size=32
[OMPT] implicit_task_end: parallel_id=0 thread_num=12
[OMPT] implicit_task_end: parallel_id=0 thread_num=1
[OMPT] implicit_task_end: parallel_id=0 thread_num=15
[OMPT] implicit_task_end: parallel_id=0 thread_num=3
[OMPT] implicit_task_end: parallel_id=0 thread_num=8
[OMPT] implicit_task_begin: parallel_id=281474976710887 thread_num=1 team_size=32
[OMPT] implicit_task_end: parallel_id=0 thread_num=10
[OMPT] implicit_task_end: parallel_id=0 thread_num=4
[OMPT] implicit_task_end: parallel_id=0 thread_num=14
[OMPT] implicit_task_end: parallel_id=0 thread_num=6
[OMPT] implicit_task_end: parallel_id=0 thread_num=2
[OMPT] implicit_task_begin: parallel_id=281474976710887 thread_num=6 team_size=32
[OMPT] implicit_task_end: parallel_id=0 thread_num=16
[OMPT] implicit_task_begin: parallel_id=281474976710887 thread_num=14 team_size=32
[OMPT] implicit_task_end: parallel_id=0 thread_num=20
[OMPT] implicit_task_end: parallel_id=0 thread_num=9
[OMPT] implicit_task_begin: parallel_id=281474976710887 thread_num=2 team_size=32
[OMPT] implicit_task_end: parallel_id=0 thread_num=23
[OMPT] implicit_task_end: parallel_id=0 thread_num=13
[OMPT] implicit_task_begin: parallel_id=281474976710887 thread_num=9 team_size=32
[OMPT] implicit_task_begin: parallel_id=281474976710887 thread_num=15 team_size=32
[OMPT] implicit_task_begin: parallel_id=281474976710887 thread_num=23 team_size=32
[OMPT] implicit_task_begin: parallel_id=281474976710887 thread_num=13 team_size=32
[OMPT] implicit_task_begin: parallel_id=281474976710887 thread_num=12 team_size=32
[OMPT] implicit_task_begin: parallel_id=281474976710887 thread_num=4 team_size=32
[OMPT] implicit_task_begin: parallel_id=281474976710887 thread_num=3 team_size=32
[OMPT] implicit_task_end: parallel_id=0 thread_num=18
[OMPT] implicit_task_begin: parallel_id=281474976710887 thread_num=18 team_size=32
[OMPT] implicit_task_end: parallel_id=0 thread_num=19
[OMPT] implicit_task_begin: parallel_id=281474976710887 thread_num=19 team_size=32
[OMPT] implicit_task_end: parallel_id=0 thread_num=11
[OMPT] implicit_task_begin: parallel_id=281474976710887 thread_num=10 team_size=32
[OMPT] implicit_task_begin: parallel_id=281474976710887 thread_num=11 team_size=32
[OMPT] implicit_task_end: parallel_id=0 thread_num=22
[OMPT] implicit_task_end: parallel_id=0 thread_num=21
[OMPT] implicit_task_begin: parallel_id=281474976710887 thread_num=22 team_size=32
[OMPT] implicit_task_end: parallel_id=0 thread_num=7
[OMPT] implicit_task_begin: parallel_id=281474976710887 thread_num=20 team_size=32
[OMPT] implicit_task_begin: parallel_id=281474976710887 thread_num=7 team_size=32
[OMPT] implicit_task_end: parallel_id=0 thread_num=5
[OMPT] implicit_task_begin: parallel_id=281474976710887 thread_num=0 team_size=32
[OMPT] implicit_task_begin: parallel_id=281474976710887 thread_num=5 team_size=32
[OMPT] implicit_task_begin: parallel_id=281474976710887 thread_num=8 team_size=32
[OMPT] implicit_task_end: parallel_id=0 thread_num=24
[OMPT] implicit_task_end: parallel_id=0 thread_num=27
[OMPT] implicit_task_begin: parallel_id=281474976710887 thread_num=24 team_size=32
[OMPT] implicit_task_begin: parallel_id=281474976710887 thread_num=27 team_size=32
[OMPT] implicit_task_begin: parallel_id=281474976710887 thread_num=21 team_size=32
[OMPT] implicit_task_end: parallel_id=0 thread_num=28
[OMPT] implicit_task_end: parallel_id=0 thread_num=31
[OMPT] implicit_task_begin: parallel_id=281474976710887 thread_num=28 team_size=32
[OMPT] implicit_task_end: parallel_id=0 thread_num=25
[OMPT] implicit_task_begin: parallel_id=281474976710887 thread_num=16 team_size=32
[OMPT] implicit_task_begin: parallel_id=281474976710887 thread_num=25 team_size=32
[OMPT] implicit_task_end: parallel_id=0 thread_num=30
[OMPT] implicit_task_end: parallel_id=0 thread_num=29
[OMPT] implicit_task_end: parallel_id=0 thread_num=26
[OMPT] implicit_task_begin: parallel_id=281474976710887 thread_num=29 team_size=32
[OMPT] implicit_task_begin: parallel_id=281474976710887 thread_num=26 team_size=32
[OMPT] implicit_task_end: parallel_id=0 thread_num=17
[OMPT] implicit_task_begin: parallel_id=281474976710887 thread_num=30 team_size=32
[OMPT] implicit_task_begin: parallel_id=281474976710887 thread_num=17 team_size=32
[OMPT] implicit_task_begin: parallel_id=281474976710887 thread_num=31 team_size=32
[OMPT] implicit_task_end: parallel_id=0 thread_num=0
[OMPT] parallel_end: parallel_id=281474976710887
[OMPT] parallel_begin: parallel_id=281474976710889 team_size=32
[OMPT] implicit_task_end: parallel_id=0 thread_num=16
[OMPT] implicit_task_end: parallel_id=0 thread_num=12
[OMPT] implicit_task_end: parallel_id=0 thread_num=28
[OMPT] implicit_task_end: parallel_id=0 thread_num=20
[OMPT] implicit_task_end: parallel_id=0 thread_num=4
[OMPT] implicit_task_end: parallel_id=0 thread_num=22
[OMPT] implicit_task_end: parallel_id=0 thread_num=2
[OMPT] implicit_task_end: parallel_id=0 thread_num=7
[OMPT] implicit_task_end: parallel_id=0 thread_num=5
[OMPT] implicit_task_end: parallel_id=0 thread_num=24
[OMPT] implicit_task_begin: parallel_id=281474976710889 thread_num=4 team_size=32
[OMPT] implicit_task_end: parallel_id=0 thread_num=25
[OMPT] implicit_task_end: parallel_id=0 thread_num=18
[OMPT] implicit_task_begin: parallel_id=281474976710889 thread_num=5 team_size=32
[OMPT] implicit_task_begin: parallel_id=281474976710889 thread_num=0 team_size=32
[OMPT] implicit_task_begin: parallel_id=281474976710889 thread_num=7 team_size=32
[OMPT] implicit_task_begin: parallel_id=281474976710889 thread_num=20 team_size=32
[OMPT] implicit_task_begin: parallel_id=281474976710889 thread_num=18 team_size=32
[OMPT] implicit_task_end: parallel_id=0 thread_num=30
[OMPT] implicit_task_begin: parallel_id=281474976710889 thread_num=28 team_size=32
[OMPT] implicit_task_begin: parallel_id=281474976710889 thread_num=24 team_size=32
[OMPT] implicit_task_end: parallel_id=0 thread_num=31
[OMPT] implicit_task_begin: parallel_id=281474976710889 thread_num=22 team_size=32
[OMPT] implicit_task_end: parallel_id=0 thread_num=21
[OMPT] implicit_task_end: parallel_id=0 thread_num=23
[OMPT] implicit_task_begin: parallel_id=281474976710889 thread_num=31 team_size=32
[OMPT] implicit_task_begin: parallel_id=281474976710889 thread_num=30 team_size=32
[OMPT] implicit_task_end: parallel_id=0 thread_num=1
[OMPT] implicit_task_begin: parallel_id=281474976710889 thread_num=2 team_size=32
[OMPT] implicit_task_begin: parallel_id=281474976710889 thread_num=21 team_size=32
[OMPT] implicit_task_begin: parallel_id=281474976710889 thread_num=1 team_size=32
[OMPT] implicit_task_end: parallel_id=0 thread_num=19
[OMPT] implicit_task_end: parallel_id=0 thread_num=27
[OMPT] implicit_task_begin: parallel_id=281474976710889 thread_num=19 team_size=32
[OMPT] implicit_task_end: parallel_id=0 thread_num=26
[OMPT] implicit_task_begin: parallel_id=281474976710889 thread_num=27 team_size=32
[OMPT] implicit_task_begin: parallel_id=281474976710889 thread_num=26 team_size=32
[OMPT] implicit_task_end: parallel_id=0 thread_num=14
[OMPT] implicit_task_begin: parallel_id=281474976710889 thread_num=14 team_size=32
[OMPT] implicit_task_end: parallel_id=0 thread_num=8
[OMPT] implicit_task_end: parallel_id=0 thread_num=11
[OMPT] implicit_task_end: parallel_id=0 thread_num=9
[OMPT] implicit_task_end: parallel_id=0 thread_num=13
[OMPT] implicit_task_begin: parallel_id=281474976710889 thread_num=11 team_size=32
[OMPT] implicit_task_begin: parallel_id=281474976710889 thread_num=16 team_size=32
[OMPT] implicit_task_begin: parallel_id=281474976710889 thread_num=25 team_size=32
[OMPT] implicit_task_end: parallel_id=0 thread_num=6
[OMPT] implicit_task_begin: parallel_id=281474976710889 thread_num=12 team_size=32
[OMPT] implicit_task_begin: parallel_id=281474976710889 thread_num=6 team_size=32
[OMPT] implicit_task_end: parallel_id=0 thread_num=17
[OMPT] implicit_task_begin: parallel_id=281474976710889 thread_num=17 team_size=32
[OMPT] implicit_task_end: parallel_id=0 thread_num=3
[OMPT] implicit_task_begin: parallel_id=281474976710889 thread_num=3 team_size=32
[OMPT] implicit_task_end: parallel_id=0 thread_num=10
[OMPT] implicit_task_begin: parallel_id=281474976710889 thread_num=10 team_size=32
[OMPT] implicit_task_begin: parallel_id=281474976710889 thread_num=8 team_size=32
[OMPT] implicit_task_begin: parallel_id=281474976710889 thread_num=9 team_size=32
[OMPT] implicit_task_begin: parallel_id=281474976710889 thread_num=13 team_size=32
[OMPT] implicit_task_end: parallel_id=0 thread_num=29
[OMPT] implicit_task_begin: parallel_id=281474976710889 thread_num=29 team_size=32
[OMPT] implicit_task_begin: parallel_id=281474976710889 thread_num=23 team_size=32
[OMPT] implicit_task_end: parallel_id=0 thread_num=15
[OMPT] implicit_task_begin: parallel_id=281474976710889 thread_num=15 team_size=32
[OMPT] implicit_task_end: parallel_id=0 thread_num=0
[OMPT] parallel_end: parallel_id=281474976710889
[OMPT] parallel_begin: parallel_id=281474976710891 team_size=32
[OMPT] implicit_task_end: parallel_id=0 thread_num=16
[OMPT] implicit_task_end: parallel_id=0 thread_num=3
[OMPT] implicit_task_end: parallel_id=0 thread_num=28
[OMPT] implicit_task_begin: parallel_id=281474976710891 thread_num=16 team_size=32
[OMPT] implicit_task_end: parallel_id=0 thread_num=20
[OMPT] implicit_task_begin: parallel_id=281474976710891 thread_num=28 team_size=32
[OMPT] implicit_task_end: parallel_id=0 thread_num=29
[OMPT] implicit_task_end: parallel_id=0 thread_num=21
[OMPT] implicit_task_begin: parallel_id=281474976710891 thread_num=20 team_size=32
[OMPT] implicit_task_begin: parallel_id=281474976710891 thread_num=0 team_size=32
[OMPT] implicit_task_begin: parallel_id=281474976710891 thread_num=21 team_size=32
[OMPT] implicit_task_end: parallel_id=0 thread_num=17
[OMPT] implicit_task_end: parallel_id=0 thread_num=19
[OMPT] implicit_task_begin: parallel_id=281474976710891 thread_num=3 team_size=32
[OMPT] implicit_task_end: parallel_id=0 thread_num=12
[OMPT] implicit_task_begin: parallel_id=281474976710891 thread_num=19 team_size=32
[OMPT] implicit_task_end: parallel_id=0 thread_num=13
[OMPT] implicit_task_begin: parallel_id=281474976710891 thread_num=12 team_size=32
[OMPT] implicit_task_end: parallel_id=0 thread_num=2
[OMPT] implicit_task_end: parallel_id=0 thread_num=22
[OMPT] implicit_task_begin: parallel_id=281474976710891 thread_num=2 team_size=32
[OMPT] implicit_task_end: parallel_id=0 thread_num=1
[OMPT] implicit_task_begin: parallel_id=281474976710891 thread_num=22 team_size=32
[OMPT] implicit_task_begin: parallel_id=281474976710891 thread_num=29 team_size=32
[OMPT] implicit_task_end: parallel_id=0 thread_num=4
[OMPT] implicit_task_end: parallel_id=0 thread_num=24
[OMPT] implicit_task_end: parallel_id=0 thread_num=5
[OMPT] implicit_task_begin: parallel_id=281474976710891 thread_num=24 team_size=32
[OMPT] implicit_task_end: parallel_id=0 thread_num=31
[OMPT] implicit_task_end: parallel_id=0 thread_num=25
[OMPT] implicit_task_begin: parallel_id=281474976710891 thread_num=5 team_size=32
[OMPT] implicit_task_end: parallel_id=0 thread_num=15
[OMPT] implicit_task_end: parallel_id=0 thread_num=8
[OMPT] implicit_task_begin: parallel_id=281474976710891 thread_num=25 team_size=32
[OMPT] implicit_task_begin: parallel_id=281474976710891 thread_num=15 team_size=32
[OMPT] implicit_task_end: parallel_id=0 thread_num=10
[OMPT] implicit_task_begin: parallel_id=281474976710891 thread_num=1 team_size=32
[OMPT] implicit_task_end: parallel_id=0 thread_num=6
[OMPT] implicit_task_end: parallel_id=0 thread_num=7
[OMPT] implicit_task_end: parallel_id=0 thread_num=18
[OMPT] implicit_task_begin: parallel_id=281474976710891 thread_num=4 team_size=32
[OMPT] implicit_task_end: parallel_id=0 thread_num=26
[OMPT] implicit_task_end: parallel_id=0 thread_num=27
[OMPT] implicit_task_begin: parallel_id=281474976710891 thread_num=26 team_size=32
[OMPT] implicit_task_begin: parallel_id=281474976710891 thread_num=31 team_size=32
[OMPT] implicit_task_begin: parallel_id=281474976710891 thread_num=27 team_size=32
[OMPT] implicit_task_end: parallel_id=0 thread_num=30
[OMPT] implicit_task_end: parallel_id=0 thread_num=11
[OMPT] implicit_task_begin: parallel_id=281474976710891 thread_num=30 team_size=32
[OMPT] implicit_task_end: parallel_id=0 thread_num=9
[OMPT] implicit_task_begin: parallel_id=281474976710891 thread_num=11 team_size=32
[OMPT] implicit_task_begin: parallel_id=281474976710891 thread_num=9 team_size=32
[OMPT] implicit_task_begin: parallel_id=281474976710891 thread_num=8 team_size=32
[OMPT] implicit_task_begin: parallel_id=281474976710891 thread_num=10 team_size=32
[OMPT] implicit_task_begin: parallel_id=281474976710891 thread_num=6 team_size=32
[OMPT] implicit_task_begin: parallel_id=281474976710891 thread_num=7 team_size=32
[OMPT] implicit_task_begin: parallel_id=281474976710891 thread_num=18 team_size=32
[OMPT] implicit_task_begin: parallel_id=281474976710891 thread_num=17 team_size=32
[OMPT] implicit_task_end: parallel_id=0 thread_num=14
[OMPT] implicit_task_begin: parallel_id=281474976710891 thread_num=14 team_size=32
[OMPT] implicit_task_begin: parallel_id=281474976710891 thread_num=13 team_size=32
[OMPT] implicit_task_end: parallel_id=0 thread_num=23
[OMPT] implicit_task_begin: parallel_id=281474976710891 thread_num=23 team_size=32
[OMPT] implicit_task_end: parallel_id=0 thread_num=0
[OMPT] parallel_end: parallel_id=281474976710891
[OMPT] parallel_begin: parallel_id=281474976710893 team_size=32
[OMPT] implicit_task_end: parallel_id=0 thread_num=12
[OMPT] implicit_task_end: parallel_id=0 thread_num=1
[OMPT] implicit_task_end: parallel_id=0 thread_num=15
[OMPT] implicit_task_end: parallel_id=0 thread_num=16
[OMPT] implicit_task_begin: parallel_id=281474976710893 thread_num=12 team_size=32
[OMPT] implicit_task_end: parallel_id=0 thread_num=18
[OMPT] implicit_task_begin: parallel_id=281474976710893 thread_num=1 team_size=32
[OMPT] implicit_task_end: parallel_id=0 thread_num=8
[OMPT] implicit_task_end: parallel_id=0 thread_num=2
[OMPT] implicit_task_end: parallel_id=0 thread_num=9
[OMPT] implicit_task_end: parallel_id=0 thread_num=13
[OMPT] implicit_task_begin: parallel_id=281474976710893 thread_num=8 team_size=32
[OMPT] implicit_task_begin: parallel_id=281474976710893 thread_num=9 team_size=32
[OMPT] implicit_task_begin: parallel_id=281474976710893 thread_num=2 team_size=32
[OMPT] implicit_task_begin: parallel_id=281474976710893 thread_num=13 team_size=32
[OMPT] implicit_task_end: parallel_id=0 thread_num=24
[OMPT] implicit_task_end: parallel_id=0 thread_num=27
[OMPT] implicit_task_begin: parallel_id=281474976710893 thread_num=24 team_size=32
[OMPT] implicit_task_end: parallel_id=0 thread_num=20
[OMPT] implicit_task_begin: parallel_id=281474976710893 thread_num=27 team_size=32
[OMPT] implicit_task_end: parallel_id=0 thread_num=21
[OMPT] implicit_task_begin: parallel_id=281474976710893 thread_num=16 team_size=32
[OMPT] implicit_task_begin: parallel_id=281474976710893 thread_num=18 team_size=32
[OMPT] implicit_task_begin: parallel_id=281474976710893 thread_num=21 team_size=32
[OMPT] implicit_task_end: parallel_id=0 thread_num=11
[OMPT] implicit_task_end: parallel_id=0 thread_num=10
[OMPT] implicit_task_end: parallel_id=0 thread_num=14
[OMPT] implicit_task_end: parallel_id=0 thread_num=4
[OMPT] implicit_task_end: parallel_id=0 thread_num=19
[OMPT] implicit_task_begin: parallel_id=281474976710893 thread_num=14 team_size=32
[OMPT] implicit_task_begin: parallel_id=281474976710893 thread_num=4 team_size=32
[OMPT] implicit_task_end: parallel_id=0 thread_num=6
[OMPT] implicit_task_end: parallel_id=0 thread_num=25
[OMPT] implicit_task_end: parallel_id=0 thread_num=26
[OMPT] implicit_task_begin: parallel_id=281474976710893 thread_num=15 team_size=32
[OMPT] implicit_task_begin: parallel_id=281474976710893 thread_num=26 team_size=32
[OMPT] implicit_task_end: parallel_id=0 thread_num=22
[OMPT] implicit_task_begin: parallel_id=281474976710893 thread_num=20 team_size=32
[OMPT] implicit_task_begin: parallel_id=281474976710893 thread_num=22 team_size=32
[OMPT] implicit_task_begin: parallel_id=281474976710893 thread_num=11 team_size=32
[OMPT] implicit_task_begin: parallel_id=281474976710893 thread_num=10 team_size=32
[OMPT] implicit_task_end: parallel_id=0 thread_num=7
[OMPT] implicit_task_end: parallel_id=0 thread_num=17
[OMPT] implicit_task_end: parallel_id=0 thread_num=28
[OMPT] implicit_task_begin: parallel_id=281474976710893 thread_num=17 team_size=32
[OMPT] implicit_task_end: parallel_id=0 thread_num=30
[OMPT] implicit_task_begin: parallel_id=281474976710893 thread_num=19 team_size=32
[OMPT] implicit_task_end: parallel_id=0 thread_num=3
[OMPT] implicit_task_begin: parallel_id=281474976710893 thread_num=25 team_size=32
[OMPT] implicit_task_begin: parallel_id=281474976710893 thread_num=3 team_size=32
[OMPT] implicit_task_begin: parallel_id=281474976710893 thread_num=0 team_size=32
[OMPT] implicit_task_begin: parallel_id=281474976710893 thread_num=7 team_size=32
[OMPT] implicit_task_end: parallel_id=0 thread_num=31
[OMPT] implicit_task_begin: parallel_id=281474976710893 thread_num=31 team_size=32
[OMPT] implicit_task_end: parallel_id=0 thread_num=29
[OMPT] implicit_task_begin: parallel_id=281474976710893 thread_num=29 team_size=32
[OMPT] implicit_task_begin: parallel_id=281474976710893 thread_num=28 team_size=32
[OMPT] implicit_task_begin: parallel_id=281474976710893 thread_num=6 team_size=32
[OMPT] implicit_task_begin: parallel_id=281474976710893 thread_num=30 team_size=32
[OMPT] implicit_task_end: parallel_id=0 thread_num=23
[OMPT] implicit_task_begin: parallel_id=281474976710893 thread_num=23 team_size=32
[OMPT] implicit_task_end: parallel_id=0 thread_num=5
[OMPT] implicit_task_begin: parallel_id=281474976710893 thread_num=5 team_size=32
[OMPT] implicit_task_end: parallel_id=0 thread_num=0
[OMPT] parallel_end: parallel_id=281474976710893
[OMPT] parallel_begin: parallel_id=281474976710895 team_size=32
[OMPT] implicit_task_end: parallel_id=0 thread_num=16
[OMPT] implicit_task_end: parallel_id=0 thread_num=2
[OMPT] implicit_task_end: parallel_id=0 thread_num=28
[OMPT] implicit_task_end: parallel_id=0 thread_num=18
[OMPT] implicit_task_end: parallel_id=0 thread_num=4
[OMPT] implicit_task_end: parallel_id=0 thread_num=29
[OMPT] implicit_task_end: parallel_id=0 thread_num=3
[OMPT] implicit_task_begin: parallel_id=281474976710895 thread_num=28 team_size=32
[OMPT] implicit_task_end: parallel_id=0 thread_num=6
[OMPT] implicit_task_begin: parallel_id=281474976710895 thread_num=4 team_size=32
[OMPT] implicit_task_end: parallel_id=0 thread_num=20
[OMPT] implicit_task_end: parallel_id=0 thread_num=19
[OMPT] implicit_task_end: parallel_id=0 thread_num=22
[OMPT] implicit_task_begin: parallel_id=281474976710895 thread_num=18 team_size=32
[OMPT] implicit_task_begin: parallel_id=281474976710895 thread_num=20 team_size=32
[OMPT] implicit_task_end: parallel_id=0 thread_num=12
[OMPT] implicit_task_end: parallel_id=0 thread_num=30
[OMPT] implicit_task_end: parallel_id=0 thread_num=13
[OMPT] implicit_task_begin: parallel_id=281474976710895 thread_num=19 team_size=32
[OMPT] implicit_task_end: parallel_id=0 thread_num=7
[OMPT] implicit_task_end: parallel_id=0 thread_num=5
[OMPT] implicit_task_end: parallel_id=0 thread_num=24
[OMPT] implicit_task_end: parallel_id=0 thread_num=27
[OMPT] implicit_task_begin: parallel_id=281474976710895 thread_num=30 team_size=32
[OMPT] implicit_task_begin: parallel_id=281474976710895 thread_num=12 team_size=32
[OMPT] implicit_task_begin: parallel_id=281474976710895 thread_num=27 team_size=32
[OMPT] implicit_task_begin: parallel_id=281474976710895 thread_num=7 team_size=32
[OMPT] implicit_task_begin: parallel_id=281474976710895 thread_num=29 team_size=32
[OMPT] implicit_task_begin: parallel_id=281474976710895 thread_num=0 team_size=32
[OMPT] implicit_task_end: parallel_id=0 thread_num=31
[OMPT] implicit_task_begin: parallel_id=281474976710895 thread_num=22 team_size=32
[OMPT] implicit_task_begin: parallel_id=281474976710895 thread_num=31 team_size=32
[OMPT] implicit_task_end: parallel_id=0 thread_num=15
[OMPT] implicit_task_end: parallel_id=0 thread_num=14
[OMPT] implicit_task_begin: parallel_id=281474976710895 thread_num=15 team_size=32
[OMPT] implicit_task_begin: parallel_id=281474976710895 thread_num=6 team_size=32
[OMPT] implicit_task_end: parallel_id=0 thread_num=1
[OMPT] implicit_task_end: parallel_id=0 thread_num=8
[OMPT] implicit_task_begin: parallel_id=281474976710895 thread_num=3 team_size=32
[OMPT] implicit_task_end: parallel_id=0 thread_num=9
[OMPT] implicit_task_begin: parallel_id=281474976710895 thread_num=13 team_size=32
[OMPT] implicit_task_begin: parallel_id=281474976710895 thread_num=9 team_size=32
[OMPT] implicit_task_end: parallel_id=0 thread_num=25
[OMPT] implicit_task_end: parallel_id=0 thread_num=17
[OMPT] implicit_task_begin: parallel_id=281474976710895 thread_num=25 team_size=32
[OMPT] implicit_task_begin: parallel_id=281474976710895 thread_num=17 team_size=32
[OMPT] implicit_task_begin: parallel_id=281474976710895 thread_num=24 team_size=32
[OMPT] implicit_task_begin: parallel_id=281474976710895 thread_num=5 team_size=32
[OMPT] implicit_task_begin: parallel_id=281474976710895 thread_num=14 team_size=32
[OMPT] implicit_task_begin: parallel_id=281474976710895 thread_num=1 team_size=32
[OMPT] implicit_task_end: parallel_id=0 thread_num=11
[OMPT] implicit_task_begin: parallel_id=281474976710895 thread_num=11 team_size=32
[OMPT] implicit_task_end: parallel_id=0 thread_num=10
[OMPT] implicit_task_begin: parallel_id=281474976710895 thread_num=10 team_size=32
[OMPT] implicit_task_begin: parallel_id=281474976710895 thread_num=8 team_size=32
[OMPT] implicit_task_end: parallel_id=0 thread_num=26
[OMPT] implicit_task_begin: parallel_id=281474976710895 thread_num=26 team_size=32
[OMPT] implicit_task_end: parallel_id=0 thread_num=21
[OMPT] implicit_task_begin: parallel_id=281474976710895 thread_num=21 team_size=32
[OMPT] implicit_task_begin: parallel_id=281474976710895 thread_num=16 team_size=32
[OMPT] implicit_task_end: parallel_id=0 thread_num=23
[OMPT] implicit_task_begin: parallel_id=281474976710895 thread_num=2 team_size=32
[OMPT] implicit_task_begin: parallel_id=281474976710895 thread_num=23 team_size=32
[OMPT] implicit_task_end: parallel_id=0 thread_num=0
[OMPT] parallel_end: parallel_id=281474976710895
[OMPT] parallel_begin: parallel_id=281474976710897 team_size=32
[OMPT] implicit_task_end: parallel_id=0 thread_num=12
[OMPT] implicit_task_end: parallel_id=0 thread_num=8
[OMPT] implicit_task_end: parallel_id=0 thread_num=14
[OMPT] implicit_task_end: parallel_id=0 thread_num=10
[OMPT] implicit_task_end: parallel_id=0 thread_num=4
[OMPT] implicit_task_end: parallel_id=0 thread_num=2
[OMPT] implicit_task_begin: parallel_id=281474976710897 thread_num=10 team_size=32
[OMPT] implicit_task_end: parallel_id=0 thread_num=5
[OMPT] implicit_task_begin: parallel_id=281474976710897 thread_num=4 team_size=32
[OMPT] implicit_task_begin: parallel_id=281474976710897 thread_num=0 team_size=32
[OMPT] implicit_task_end: parallel_id=0 thread_num=15
[OMPT] implicit_task_end: parallel_id=0 thread_num=9
[OMPT] implicit_task_begin: parallel_id=281474976710897 thread_num=12 team_size=32
[OMPT] implicit_task_begin: parallel_id=281474976710897 thread_num=9 team_size=32
[OMPT] implicit_task_end: parallel_id=0 thread_num=16
[OMPT] implicit_task_end: parallel_id=0 thread_num=28
[OMPT] implicit_task_begin: parallel_id=281474976710897 thread_num=16 team_size=32
[OMPT] implicit_task_begin: parallel_id=281474976710897 thread_num=8 team_size=32
[OMPT] implicit_task_end: parallel_id=0 thread_num=17
[OMPT] implicit_task_begin: parallel_id=281474976710897 thread_num=28 team_size=32
[OMPT] implicit_task_end: parallel_id=0 thread_num=7
[OMPT] implicit_task_end: parallel_id=0 thread_num=1
[OMPT] implicit_task_begin: parallel_id=281474976710897 thread_num=2 team_size=32
[OMPT] implicit_task_end: parallel_id=0 thread_num=13
[OMPT] implicit_task_begin: parallel_id=281474976710897 thread_num=1 team_size=32
[OMPT] implicit_task_end: parallel_id=0 thread_num=11
[OMPT] implicit_task_begin: parallel_id=281474976710897 thread_num=15 team_size=32
[OMPT] implicit_task_end: parallel_id=0 thread_num=24
[OMPT] implicit_task_begin: parallel_id=281474976710897 thread_num=11 team_size=32
[OMPT] implicit_task_begin: parallel_id=281474976710897 thread_num=24 team_size=32
[OMPT] implicit_task_end: parallel_id=0 thread_num=27
[OMPT] implicit_task_begin: parallel_id=281474976710897 thread_num=14 team_size=32
[OMPT] implicit_task_end: parallel_id=0 thread_num=6
[OMPT] implicit_task_end: parallel_id=0 thread_num=31
[OMPT] implicit_task_begin: parallel_id=281474976710897 thread_num=6 team_size=32
[OMPT] implicit_task_begin: parallel_id=281474976710897 thread_num=31 team_size=32
[OMPT] implicit_task_begin: parallel_id=281474976710897 thread_num=17 team_size=32
[OMPT] implicit_task_begin: parallel_id=281474976710897 thread_num=7 team_size=32
[OMPT] implicit_task_begin: parallel_id=281474976710897 thread_num=5 team_size=32
[OMPT] implicit_task_end: parallel_id=0 thread_num=25
[OMPT] implicit_task_begin: parallel_id=281474976710897 thread_num=25 team_size=32
[OMPT] implicit_task_end: parallel_id=0 thread_num=19
[OMPT] implicit_task_end: parallel_id=0 thread_num=26
[OMPT] implicit_task_end: parallel_id=0 thread_num=18
[OMPT] implicit_task_begin: parallel_id=281474976710897 thread_num=26 team_size=32
[OMPT] implicit_task_end: parallel_id=0 thread_num=20
[OMPT] implicit_task_begin: parallel_id=281474976710897 thread_num=27 team_size=32
[OMPT] implicit_task_end: parallel_id=0 thread_num=22
[OMPT] implicit_task_end: parallel_id=0 thread_num=29
[OMPT] implicit_task_begin: parallel_id=281474976710897 thread_num=22 team_size=32
[OMPT] implicit_task_begin: parallel_id=281474976710897 thread_num=29 team_size=32
[OMPT] implicit_task_begin: parallel_id=281474976710897 thread_num=13 team_size=32
[OMPT] implicit_task_begin: parallel_id=281474976710897 thread_num=19 team_size=32
[OMPT] implicit_task_begin: parallel_id=281474976710897 thread_num=18 team_size=32
[OMPT] implicit_task_end: parallel_id=0 thread_num=23
[OMPT] implicit_task_end: parallel_id=0 thread_num=21
[OMPT] implicit_task_begin: parallel_id=281474976710897 thread_num=23 team_size=32
[OMPT] implicit_task_begin: parallel_id=281474976710897 thread_num=21 team_size=32
[OMPT] implicit_task_end: parallel_id=0 thread_num=3
[OMPT] implicit_task_begin: parallel_id=281474976710897 thread_num=20 team_size=32
[OMPT] implicit_task_begin: parallel_id=281474976710897 thread_num=3 team_size=32
[OMPT] implicit_task_end: parallel_id=0 thread_num=30
[OMPT] implicit_task_begin: parallel_id=281474976710897 thread_num=30 team_size=32
[OMPT] implicit_task_end: parallel_id=0 thread_num=0
[OMPT] parallel_end: parallel_id=281474976710897
[OMPT] parallel_begin: parallel_id=281474976710899 team_size=32
[OMPT] implicit_task_end: parallel_id=0 thread_num=16
[OMPT] implicit_task_end: parallel_id=0 thread_num=2
[OMPT] implicit_task_begin: parallel_id=281474976710899 thread_num=0 team_size=32
[OMPT] implicit_task_begin: parallel_id=281474976710899 thread_num=16 team_size=32
[OMPT] implicit_task_end: parallel_id=0 thread_num=28
[OMPT] implicit_task_end: parallel_id=0 thread_num=8
[OMPT] implicit_task_end: parallel_id=0 thread_num=31
[OMPT] implicit_task_end: parallel_id=0 thread_num=10
[OMPT] implicit_task_begin: parallel_id=281474976710899 thread_num=28 team_size=32
[OMPT] implicit_task_end: parallel_id=0 thread_num=20
[OMPT] implicit_task_end: parallel_id=0 thread_num=19
[OMPT] implicit_task_end: parallel_id=0 thread_num=21
[OMPT] implicit_task_begin: parallel_id=281474976710899 thread_num=20 team_size=32
[OMPT] implicit_task_end: parallel_id=0 thread_num=17
[OMPT] implicit_task_end: parallel_id=0 thread_num=12
[OMPT] implicit_task_begin: parallel_id=281474976710899 thread_num=17 team_size=32
[OMPT] implicit_task_end: parallel_id=0 thread_num=29
[OMPT] implicit_task_end: parallel_id=0 thread_num=3
[OMPT] implicit_task_begin: parallel_id=281474976710899 thread_num=29 team_size=32
[OMPT] implicit_task_begin: parallel_id=281474976710899 thread_num=3 team_size=32
[OMPT] implicit_task_end: parallel_id=0 thread_num=9
[OMPT] implicit_task_end: parallel_id=0 thread_num=4
[OMPT] implicit_task_begin: parallel_id=281474976710899 thread_num=31 team_size=32
[OMPT] implicit_task_end: parallel_id=0 thread_num=5
[OMPT] implicit_task_begin: parallel_id=281474976710899 thread_num=10 team_size=32
[OMPT] implicit_task_begin: parallel_id=281474976710899 thread_num=5 team_size=32
[OMPT] implicit_task_end: parallel_id=0 thread_num=24
[OMPT] implicit_task_end: parallel_id=0 thread_num=18
[OMPT] implicit_task_end: parallel_id=0 thread_num=26
[OMPT] implicit_task_begin: parallel_id=281474976710899 thread_num=24 team_size=32
[OMPT] implicit_task_begin: parallel_id=281474976710899 thread_num=18 team_size=32
[OMPT] implicit_task_begin: parallel_id=281474976710899 thread_num=26 team_size=32
[OMPT] implicit_task_begin: parallel_id=281474976710899 thread_num=21 team_size=32
[OMPT] implicit_task_end: parallel_id=0 thread_num=14
[OMPT] implicit_task_end: parallel_id=0 thread_num=13
[OMPT] implicit_task_end: parallel_id=0 thread_num=30
[OMPT] implicit_task_begin: parallel_id=281474976710899 thread_num=13 team_size=32
[OMPT] implicit_task_begin: parallel_id=281474976710899 thread_num=12 team_size=32
[OMPT] implicit_task_end: parallel_id=0 thread_num=1
[OMPT] implicit_task_begin: parallel_id=281474976710899 thread_num=1 team_size=32
[OMPT] implicit_task_begin: parallel_id=281474976710899 thread_num=9 team_size=32
[OMPT] implicit_task_begin: parallel_id=281474976710899 thread_num=8 team_size=32
[OMPT] implicit_task_end: parallel_id=0 thread_num=7
[OMPT] implicit_task_begin: parallel_id=281474976710899 thread_num=7 team_size=32
[OMPT] implicit_task_begin: parallel_id=281474976710899 thread_num=4 team_size=32
[OMPT] implicit_task_end: parallel_id=0 thread_num=22
[OMPT] implicit_task_end: parallel_id=0 thread_num=27
[OMPT] implicit_task_begin: parallel_id=281474976710899 thread_num=22 team_size=32
[OMPT] implicit_task_begin: parallel_id=281474976710899 thread_num=27 team_size=32
[OMPT] implicit_task_begin: parallel_id=281474976710899 thread_num=19 team_size=32
[OMPT] implicit_task_begin: parallel_id=281474976710899 thread_num=2 team_size=32
[OMPT] implicit_task_end: parallel_id=0 thread_num=15
[OMPT] implicit_task_begin: parallel_id=281474976710899 thread_num=14 team_size=32
[OMPT] implicit_task_begin: parallel_id=281474976710899 thread_num=15 team_size=32
[OMPT] implicit_task_begin: parallel_id=281474976710899 thread_num=30 team_size=32
[OMPT] implicit_task_end: parallel_id=0 thread_num=11
[OMPT] implicit_task_begin: parallel_id=281474976710899 thread_num=11 team_size=32
[OMPT] implicit_task_end: parallel_id=0 thread_num=25
[OMPT] implicit_task_end: parallel_id=0 thread_num=23
[OMPT] implicit_task_begin: parallel_id=281474976710899 thread_num=25 team_size=32
[OMPT] implicit_task_end: parallel_id=0 thread_num=6
[OMPT] implicit_task_begin: parallel_id=281474976710899 thread_num=6 team_size=32
[OMPT] implicit_task_begin: parallel_id=281474976710899 thread_num=23 team_size=32
[OMPT] implicit_task_end: parallel_id=0 thread_num=0
[OMPT] parallel_end: parallel_id=281474976710899
[OMPT] parallel_begin: parallel_id=281474976710901 team_size=32
[OMPT] implicit_task_end: parallel_id=0 thread_num=16
[OMPT] implicit_task_end: parallel_id=0 thread_num=3
[OMPT] implicit_task_end: parallel_id=0 thread_num=18
[OMPT] implicit_task_begin: parallel_id=281474976710901 thread_num=16 team_size=32
[OMPT] implicit_task_begin: parallel_id=281474976710901 thread_num=3 team_size=32
[OMPT] implicit_task_end: parallel_id=0 thread_num=1
[OMPT] implicit_task_end: parallel_id=0 thread_num=4
[OMPT] implicit_task_end: parallel_id=0 thread_num=7
[OMPT] implicit_task_begin: parallel_id=281474976710901 thread_num=1 team_size=32
[OMPT] implicit_task_end: parallel_id=0 thread_num=24
[OMPT] implicit_task_begin: parallel_id=281474976710901 thread_num=7 team_size=32
[OMPT] implicit_task_end: parallel_id=0 thread_num=28
[OMPT] implicit_task_begin: parallel_id=281474976710901 thread_num=24 team_size=32
[OMPT] implicit_task_end: parallel_id=0 thread_num=20
[OMPT] implicit_task_begin: parallel_id=281474976710901 thread_num=28 team_size=32
[OMPT] implicit_task_end: parallel_id=0 thread_num=12
[OMPT] implicit_task_end: parallel_id=0 thread_num=22
[OMPT] implicit_task_end: parallel_id=0 thread_num=8
[OMPT] implicit_task_end: parallel_id=0 thread_num=13
[OMPT] implicit_task_begin: parallel_id=281474976710901 thread_num=12 team_size=32
[OMPT] implicit_task_end: parallel_id=0 thread_num=5
[OMPT] implicit_task_end: parallel_id=0 thread_num=2
[OMPT] implicit_task_begin: parallel_id=281474976710901 thread_num=4 team_size=32
[OMPT] implicit_task_end: parallel_id=0 thread_num=26
[OMPT] implicit_task_begin: parallel_id=281474976710901 thread_num=2 team_size=32
[OMPT] implicit_task_end: parallel_id=0 thread_num=27
[OMPT] implicit_task_begin: parallel_id=281474976710901 thread_num=26 team_size=32
[OMPT] implicit_task_end: parallel_id=0 thread_num=30
[OMPT] implicit_task_begin: parallel_id=281474976710901 thread_num=27 team_size=32
[OMPT] implicit_task_end: parallel_id=0 thread_num=19
[OMPT] implicit_task_begin: parallel_id=281474976710901 thread_num=30 team_size=32
[OMPT] implicit_task_end: parallel_id=0 thread_num=23
[OMPT] implicit_task_end: parallel_id=0 thread_num=21
[OMPT] implicit_task_begin: parallel_id=281474976710901 thread_num=23 team_size=32
[OMPT] implicit_task_begin: parallel_id=281474976710901 thread_num=20 team_size=32
[OMPT] implicit_task_end: parallel_id=0 thread_num=17
[OMPT] implicit_task_end: parallel_id=0 thread_num=15
[OMPT] implicit_task_end: parallel_id=0 thread_num=14
[OMPT] implicit_task_begin: parallel_id=281474976710901 thread_num=15 team_size=32
[OMPT] implicit_task_begin: parallel_id=281474976710901 thread_num=14 team_size=32
[OMPT] implicit_task_end: parallel_id=0 thread_num=11
[OMPT] implicit_task_end: parallel_id=0 thread_num=10
[OMPT] implicit_task_end: parallel_id=0 thread_num=9
[OMPT] implicit_task_begin: parallel_id=281474976710901 thread_num=10 team_size=32
[OMPT] implicit_task_begin: parallel_id=281474976710901 thread_num=0 team_size=32
[OMPT] implicit_task_begin: parallel_id=281474976710901 thread_num=22 team_size=32
[OMPT] implicit_task_begin: parallel_id=281474976710901 thread_num=8 team_size=32
[OMPT] implicit_task_begin: parallel_id=281474976710901 thread_num=5 team_size=32
[OMPT] implicit_task_end: parallel_id=0 thread_num=25
[OMPT] implicit_task_begin: parallel_id=281474976710901 thread_num=25 team_size=32
[OMPT] implicit_task_end: parallel_id=0 thread_num=31
[OMPT] implicit_task_begin: parallel_id=281474976710901 thread_num=31 team_size=32
[OMPT] implicit_task_end: parallel_id=0 thread_num=29
[OMPT] implicit_task_begin: parallel_id=281474976710901 thread_num=29 team_size=32
[OMPT] implicit_task_begin: parallel_id=281474976710901 thread_num=19 team_size=32
[OMPT] implicit_task_begin: parallel_id=281474976710901 thread_num=18 team_size=32
[OMPT] implicit_task_begin: parallel_id=281474976710901 thread_num=21 team_size=32
[OMPT] implicit_task_begin: parallel_id=281474976710901 thread_num=17 team_size=32
[OMPT] implicit_task_end: parallel_id=0 thread_num=6
[OMPT] implicit_task_begin: parallel_id=281474976710901 thread_num=6 team_size=32
[OMPT] implicit_task_begin: parallel_id=281474976710901 thread_num=11 team_size=32
[OMPT] implicit_task_begin: parallel_id=281474976710901 thread_num=9 team_size=32
[OMPT] implicit_task_begin: parallel_id=281474976710901 thread_num=13 team_size=32
[OMPT] implicit_task_end: parallel_id=0 thread_num=0
[OMPT] parallel_end: parallel_id=281474976710901
[OMPT] parallel_begin: parallel_id=281474976710903 team_size=32
[OMPT] implicit_task_end: parallel_id=0 thread_num=16
[OMPT] implicit_task_end: parallel_id=0 thread_num=2
[OMPT] implicit_task_begin: parallel_id=281474976710903 thread_num=0 team_size=32
[OMPT] implicit_task_end: parallel_id=0 thread_num=24
[OMPT] implicit_task_end: parallel_id=0 thread_num=20
[OMPT] implicit_task_begin: parallel_id=281474976710903 thread_num=2 team_size=32
[OMPT] implicit_task_end: parallel_id=0 thread_num=4
[OMPT] implicit_task_end: parallel_id=0 thread_num=22
[OMPT] implicit_task_end: parallel_id=0 thread_num=25
[OMPT] implicit_task_end: parallel_id=0 thread_num=21
[OMPT] implicit_task_end: parallel_id=0 thread_num=7
[OMPT] implicit_task_end: parallel_id=0 thread_num=5
[OMPT] implicit_task_end: parallel_id=0 thread_num=28
[OMPT] implicit_task_begin: parallel_id=281474976710903 thread_num=25 team_size=32
[OMPT] implicit_task_end: parallel_id=0 thread_num=12
[OMPT] implicit_task_begin: parallel_id=281474976710903 thread_num=7 team_size=32
[OMPT] implicit_task_begin: parallel_id=281474976710903 thread_num=16 team_size=32
[OMPT] implicit_task_end: parallel_id=0 thread_num=13
[OMPT] implicit_task_begin: parallel_id=281474976710903 thread_num=12 team_size=32
[OMPT] implicit_task_begin: parallel_id=281474976710903 thread_num=28 team_size=32
[OMPT] implicit_task_begin: parallel_id=281474976710903 thread_num=5 team_size=32
[OMPT] implicit_task_end: parallel_id=0 thread_num=3
[OMPT] implicit_task_end: parallel_id=0 thread_num=6
[OMPT] implicit_task_end: parallel_id=0 thread_num=18
[OMPT] implicit_task_begin: parallel_id=281474976710903 thread_num=6 team_size=32
[OMPT] implicit_task_end: parallel_id=0 thread_num=19
[OMPT] implicit_task_begin: parallel_id=281474976710903 thread_num=18 team_size=32
[OMPT] implicit_task_begin: parallel_id=281474976710903 thread_num=22 team_size=32
[OMPT] implicit_task_end: parallel_id=0 thread_num=17
[OMPT] implicit_task_end: parallel_id=0 thread_num=31
[OMPT] implicit_task_end: parallel_id=0 thread_num=30
[OMPT] implicit_task_begin: parallel_id=281474976710903 thread_num=31 team_size=32
[OMPT] implicit_task_begin: parallel_id=281474976710903 thread_num=30 team_size=32
[OMPT] implicit_task_end: parallel_id=0 thread_num=15
[OMPT] implicit_task_begin: parallel_id=281474976710903 thread_num=15 team_size=32
[OMPT] implicit_task_begin: parallel_id=281474976710903 thread_num=21 team_size=32
[OMPT] implicit_task_end: parallel_id=0 thread_num=14
[OMPT] implicit_task_begin: parallel_id=281474976710903 thread_num=14 team_size=32
[OMPT] implicit_task_end: parallel_id=0 thread_num=27
[OMPT] implicit_task_begin: parallel_id=281474976710903 thread_num=27 team_size=32
[OMPT] implicit_task_end: parallel_id=0 thread_num=23
[OMPT] implicit_task_begin: parallel_id=281474976710903 thread_num=23 team_size=32
[OMPT] implicit_task_end: parallel_id=0 thread_num=1
[OMPT] implicit_task_begin: parallel_id=281474976710903 thread_num=1 team_size=32
[OMPT] implicit_task_begin: parallel_id=281474976710903 thread_num=13 team_size=32
[OMPT] implicit_task_begin: parallel_id=281474976710903 thread_num=20 team_size=32
[OMPT] implicit_task_begin: parallel_id=281474976710903 thread_num=3 team_size=32
[OMPT] implicit_task_begin: parallel_id=281474976710903 thread_num=4 team_size=32
[OMPT] implicit_task_begin: parallel_id=281474976710903 thread_num=19 team_size=32
[OMPT] implicit_task_end: parallel_id=0 thread_num=29
[OMPT] implicit_task_begin: parallel_id=281474976710903 thread_num=29 team_size=32
[OMPT] implicit_task_begin: parallel_id=281474976710903 thread_num=17 team_size=32
[OMPT] implicit_task_end: parallel_id=0 thread_num=8
[OMPT] implicit_task_end: parallel_id=0 thread_num=11
[OMPT] implicit_task_begin: parallel_id=281474976710903 thread_num=8 team_size=32
[OMPT] implicit_task_end: parallel_id=0 thread_num=26
[OMPT] implicit_task_begin: parallel_id=281474976710903 thread_num=11 team_size=32
[OMPT] implicit_task_begin: parallel_id=281474976710903 thread_num=24 team_size=32
[OMPT] implicit_task_end: parallel_id=0 thread_num=9
[OMPT] implicit_task_begin: parallel_id=281474976710903 thread_num=9 team_size=32
[OMPT] implicit_task_begin: parallel_id=281474976710903 thread_num=26 team_size=32
[OMPT] implicit_task_end: parallel_id=0 thread_num=10
[OMPT] implicit_task_begin: parallel_id=281474976710903 thread_num=10 team_size=32
[OMPT] implicit_task_end: parallel_id=0 thread_num=0
[OMPT] parallel_end: parallel_id=281474976710903
[OMPT] parallel_begin: parallel_id=281474976710905 team_size=32
[OMPT] implicit_task_end: parallel_id=0 thread_num=16
[OMPT] implicit_task_end: parallel_id=0 thread_num=1
[OMPT] implicit_task_end: parallel_id=0 thread_num=18
[OMPT] implicit_task_end: parallel_id=0 thread_num=19
[OMPT] implicit_task_begin: parallel_id=281474976710905 thread_num=16 team_size=32
[OMPT] implicit_task_end: parallel_id=0 thread_num=4
[OMPT] implicit_task_end: parallel_id=0 thread_num=12
[OMPT] implicit_task_begin: parallel_id=281474976710905 thread_num=19 team_size=32
[OMPT] implicit_task_end: parallel_id=0 thread_num=14
[OMPT] implicit_task_end: parallel_id=0 thread_num=13
[OMPT] implicit_task_begin: parallel_id=281474976710905 thread_num=0 team_size=32
[OMPT] implicit_task_end: parallel_id=0 thread_num=28
[OMPT] implicit_task_begin: parallel_id=281474976710905 thread_num=14 team_size=32
[OMPT] implicit_task_end: parallel_id=0 thread_num=31
[OMPT] implicit_task_end: parallel_id=0 thread_num=17
[OMPT] implicit_task_begin: parallel_id=281474976710905 thread_num=31 team_size=32
[OMPT] implicit_task_end: parallel_id=0 thread_num=5
[OMPT] implicit_task_end: parallel_id=0 thread_num=7
[OMPT] implicit_task_end: parallel_id=0 thread_num=6
[OMPT] implicit_task_begin: parallel_id=281474976710905 thread_num=7 team_size=32
[OMPT] implicit_task_begin: parallel_id=281474976710905 thread_num=6 team_size=32
[OMPT] implicit_task_end: parallel_id=0 thread_num=15
[OMPT] implicit_task_begin: parallel_id=281474976710905 thread_num=15 team_size=32
[OMPT] implicit_task_end: parallel_id=0 thread_num=24
[OMPT] implicit_task_end: parallel_id=0 thread_num=27
[OMPT] implicit_task_begin: parallel_id=281474976710905 thread_num=24 team_size=32
[OMPT] implicit_task_begin: parallel_id=281474976710905 thread_num=4 team_size=32
[OMPT] implicit_task_begin: parallel_id=281474976710905 thread_num=27 team_size=32
[OMPT] implicit_task_end: parallel_id=0 thread_num=8
[OMPT] implicit_task_end: parallel_id=0 thread_num=30
[OMPT] implicit_task_end: parallel_id=0 thread_num=9
[OMPT] implicit_task_begin: parallel_id=281474976710905 thread_num=8 team_size=32
[OMPT] implicit_task_begin: parallel_id=281474976710905 thread_num=30 team_size=32
[OMPT] implicit_task_begin: parallel_id=281474976710905 thread_num=9 team_size=32
[OMPT] implicit_task_begin: parallel_id=281474976710905 thread_num=1 team_size=32
[OMPT] implicit_task_begin: parallel_id=281474976710905 thread_num=28 team_size=32
[OMPT] implicit_task_end: parallel_id=0 thread_num=2
[OMPT] implicit_task_begin: parallel_id=281474976710905 thread_num=17 team_size=32
[OMPT] implicit_task_begin: parallel_id=281474976710905 thread_num=2 team_size=32
[OMPT] implicit_task_end: parallel_id=0 thread_num=3
[OMPT] implicit_task_begin: parallel_id=281474976710905 thread_num=18 team_size=32
[OMPT] implicit_task_begin: parallel_id=281474976710905 thread_num=3 team_size=32
[OMPT] implicit_task_end: parallel_id=0 thread_num=26
[OMPT] implicit_task_end: parallel_id=0 thread_num=25
[OMPT] implicit_task_begin: parallel_id=281474976710905 thread_num=26 team_size=32
[OMPT] implicit_task_begin: parallel_id=281474976710905 thread_num=12 team_size=32
[OMPT] implicit_task_begin: parallel_id=281474976710905 thread_num=25 team_size=32
[OMPT] implicit_task_end: parallel_id=0 thread_num=11
[OMPT] implicit_task_begin: parallel_id=281474976710905 thread_num=13 team_size=32
[OMPT] implicit_task_begin: parallel_id=281474976710905 thread_num=11 team_size=32
[OMPT] implicit_task_end: parallel_id=0 thread_num=10
[OMPT] implicit_task_begin: parallel_id=281474976710905 thread_num=10 team_size=32
[OMPT] implicit_task_end: parallel_id=0 thread_num=20
[OMPT] implicit_task_end: parallel_id=0 thread_num=22
[OMPT] implicit_task_begin: parallel_id=281474976710905 thread_num=20 team_size=32
[OMPT] implicit_task_begin: parallel_id=281474976710905 thread_num=22 team_size=32
[OMPT] implicit_task_end: parallel_id=0 thread_num=29
[OMPT] implicit_task_end: parallel_id=0 thread_num=21
[OMPT] implicit_task_begin: parallel_id=281474976710905 thread_num=29 team_size=32
[OMPT] implicit_task_begin: parallel_id=281474976710905 thread_num=5 team_size=32
[OMPT] implicit_task_begin: parallel_id=281474976710905 thread_num=21 team_size=32
[OMPT] implicit_task_end: parallel_id=0 thread_num=23
[OMPT] implicit_task_begin: parallel_id=281474976710905 thread_num=23 team_size=32
[OMPT] implicit_task_end: parallel_id=0 thread_num=0
[OMPT] parallel_end: parallel_id=281474976710905
[OMPT] parallel_begin: parallel_id=281474976710907 team_size=32
[OMPT] implicit_task_end: parallel_id=0 thread_num=16
[OMPT] implicit_task_end: parallel_id=0 thread_num=3
[OMPT] implicit_task_end: parallel_id=0 thread_num=28
[OMPT] implicit_task_end: parallel_id=0 thread_num=20
[OMPT] implicit_task_begin: parallel_id=281474976710907 thread_num=3 team_size=32
[OMPT] implicit_task_end: parallel_id=0 thread_num=29
[OMPT] implicit_task_begin: parallel_id=281474976710907 thread_num=20 team_size=32
[OMPT] implicit_task_begin: parallel_id=281474976710907 thread_num=28 team_size=32
[OMPT] implicit_task_begin: parallel_id=281474976710907 thread_num=16 team_size=32
[OMPT] implicit_task_end: parallel_id=0 thread_num=4
[OMPT] implicit_task_end: parallel_id=0 thread_num=2
[OMPT] implicit_task_end: parallel_id=0 thread_num=6
[OMPT] implicit_task_begin: parallel_id=281474976710907 thread_num=4 team_size=32
[OMPT] implicit_task_end: parallel_id=0 thread_num=12
[OMPT] implicit_task_end: parallel_id=0 thread_num=15
[OMPT] implicit_task_end: parallel_id=0 thread_num=8
[OMPT] implicit_task_begin: parallel_id=281474976710907 thread_num=12 team_size=32
[OMPT] implicit_task_end: parallel_id=0 thread_num=11
[OMPT] implicit_task_begin: parallel_id=281474976710907 thread_num=15 team_size=32
[OMPT] implicit_task_begin: parallel_id=281474976710907 thread_num=8 team_size=32
[OMPT] implicit_task_begin: parallel_id=281474976710907 thread_num=11 team_size=32
[OMPT] implicit_task_end: parallel_id=0 thread_num=21
[OMPT] implicit_task_begin: parallel_id=281474976710907 thread_num=21 team_size=32
[OMPT] implicit_task_begin: parallel_id=281474976710907 thread_num=29 team_size=32
[OMPT] implicit_task_begin: parallel_id=281474976710907 thread_num=0 team_size=32
[OMPT] implicit_task_end: parallel_id=0 thread_num=7
[OMPT] implicit_task_begin: parallel_id=281474976710907 thread_num=7 team_size=32
[OMPT] implicit_task_end: parallel_id=0 thread_num=5
[OMPT] implicit_task_begin: parallel_id=281474976710907 thread_num=5 team_size=32
[OMPT] implicit_task_end: parallel_id=0 thread_num=18
[OMPT] implicit_task_begin: parallel_id=281474976710907 thread_num=18 team_size=32
[OMPT] implicit_task_end: parallel_id=0 thread_num=24
[OMPT] implicit_task_end: parallel_id=0 thread_num=27
[OMPT] implicit_task_begin: parallel_id=281474976710907 thread_num=24 team_size=32
[OMPT] implicit_task_begin: parallel_id=281474976710907 thread_num=27 team_size=32
[OMPT] implicit_task_end: parallel_id=0 thread_num=17
[OMPT] implicit_task_begin: parallel_id=281474976710907 thread_num=17 team_size=32
[OMPT] implicit_task_begin: parallel_id=281474976710907 thread_num=6 team_size=32
[OMPT] implicit_task_end: parallel_id=0 thread_num=31
[OMPT] implicit_task_begin: parallel_id=281474976710907 thread_num=31 team_size=32
[OMPT] implicit_task_end: parallel_id=0 thread_num=14
[OMPT] implicit_task_begin: parallel_id=281474976710907 thread_num=14 team_size=32
[OMPT] implicit_task_end: parallel_id=0 thread_num=13
[OMPT] implicit_task_begin: parallel_id=281474976710907 thread_num=13 team_size=32
[OMPT] implicit_task_end: parallel_id=0 thread_num=10
[OMPT] implicit_task_begin: parallel_id=281474976710907 thread_num=10 team_size=32
[OMPT] implicit_task_end: parallel_id=0 thread_num=9
[OMPT] implicit_task_begin: parallel_id=281474976710907 thread_num=9 team_size=32
[OMPT] implicit_task_end: parallel_id=0 thread_num=30
[OMPT] implicit_task_begin: parallel_id=281474976710907 thread_num=30 team_size=32
[OMPT] implicit_task_end: parallel_id=0 thread_num=23
[OMPT] implicit_task_begin: parallel_id=281474976710907 thread_num=23 team_size=32
[OMPT] implicit_task_end: parallel_id=0 thread_num=22
[OMPT] implicit_task_begin: parallel_id=281474976710907 thread_num=22 team_size=32
[OMPT] implicit_task_end: parallel_id=0 thread_num=1
[OMPT] implicit_task_begin: parallel_id=281474976710907 thread_num=1 team_size=32
[OMPT] implicit_task_end: parallel_id=0 thread_num=25
[OMPT] implicit_task_begin: parallel_id=281474976710907 thread_num=25 team_size=32
[OMPT] implicit_task_end: parallel_id=0 thread_num=26
[OMPT] implicit_task_begin: parallel_id=281474976710907 thread_num=26 team_size=32
[OMPT] implicit_task_end: parallel_id=0 thread_num=19
[OMPT] implicit_task_begin: parallel_id=281474976710907 thread_num=19 team_size=32
[OMPT] implicit_task_begin: parallel_id=281474976710907 thread_num=2 team_size=32
[OMPT] implicit_task_end: parallel_id=0 thread_num=0
[OMPT] parallel_end: parallel_id=281474976710907
[OMPT] parallel_begin: parallel_id=281474976710909 team_size=32
[OMPT] implicit_task_end: parallel_id=0 thread_num=16
[OMPT] implicit_task_end: parallel_id=0 thread_num=3
[OMPT] implicit_task_begin: parallel_id=281474976710909 thread_num=0 team_size=32
[OMPT] implicit_task_end: parallel_id=0 thread_num=20
[OMPT] implicit_task_begin: parallel_id=281474976710909 thread_num=3 team_size=32
[OMPT] implicit_task_end: parallel_id=0 thread_num=8
[OMPT] implicit_task_end: parallel_id=0 thread_num=21
[OMPT] implicit_task_end: parallel_id=0 thread_num=11
[OMPT] implicit_task_end: parallel_id=0 thread_num=1
[OMPT] implicit_task_begin: parallel_id=281474976710909 thread_num=8 team_size=32
[OMPT] implicit_task_begin: parallel_id=281474976710909 thread_num=21 team_size=32
[OMPT] implicit_task_begin: parallel_id=281474976710909 thread_num=1 team_size=32
[OMPT] implicit_task_end: parallel_id=0 thread_num=17
[OMPT] implicit_task_begin: parallel_id=281474976710909 thread_num=11 team_size=32
[OMPT] implicit_task_end: parallel_id=0 thread_num=12
[OMPT] implicit_task_begin: parallel_id=281474976710909 thread_num=17 team_size=32
[OMPT] implicit_task_end: parallel_id=0 thread_num=13
[OMPT] implicit_task_end: parallel_id=0 thread_num=23
[OMPT] implicit_task_begin: parallel_id=281474976710909 thread_num=20 team_size=32
[OMPT] implicit_task_end: parallel_id=0 thread_num=2
[OMPT] implicit_task_begin: parallel_id=281474976710909 thread_num=23 team_size=32
[OMPT] implicit_task_begin: parallel_id=281474976710909 thread_num=2 team_size=32
[OMPT] implicit_task_end: parallel_id=0 thread_num=28
[OMPT] implicit_task_end: parallel_id=0 thread_num=31
[OMPT] implicit_task_begin: parallel_id=281474976710909 thread_num=28 team_size=32
[OMPT] implicit_task_begin: parallel_id=281474976710909 thread_num=31 team_size=32
[OMPT] implicit_task_end: parallel_id=0 thread_num=14
[OMPT] implicit_task_begin: parallel_id=281474976710909 thread_num=14 team_size=32
[OMPT] implicit_task_begin: parallel_id=281474976710909 thread_num=16 team_size=32
[OMPT] implicit_task_begin: parallel_id=281474976710909 thread_num=12 team_size=32
[OMPT] implicit_task_end: parallel_id=0 thread_num=22
[OMPT] implicit_task_end: parallel_id=0 thread_num=4
[OMPT] implicit_task_end: parallel_id=0 thread_num=7
[OMPT] implicit_task_end: parallel_id=0 thread_num=5
[OMPT] implicit_task_begin: parallel_id=281474976710909 thread_num=7 team_size=32
[OMPT] implicit_task_end: parallel_id=0 thread_num=10
[OMPT] implicit_task_end: parallel_id=0 thread_num=29
[OMPT] implicit_task_begin: parallel_id=281474976710909 thread_num=10 team_size=32
[OMPT] implicit_task_begin: parallel_id=281474976710909 thread_num=29 team_size=32
[OMPT] implicit_task_end: parallel_id=0 thread_num=24
[OMPT] implicit_task_end: parallel_id=0 thread_num=27
[OMPT] implicit_task_begin: parallel_id=281474976710909 thread_num=24 team_size=32
[OMPT] implicit_task_end: parallel_id=0 thread_num=19
[OMPT] implicit_task_begin: parallel_id=281474976710909 thread_num=27 team_size=32
[OMPT] implicit_task_end: parallel_id=0 thread_num=15
[OMPT] implicit_task_begin: parallel_id=281474976710909 thread_num=13 team_size=32
[OMPT] implicit_task_begin: parallel_id=281474976710909 thread_num=15 team_size=32
[OMPT] implicit_task_end: parallel_id=0 thread_num=6
[OMPT] implicit_task_begin: parallel_id=281474976710909 thread_num=6 team_size=32
[OMPT] implicit_task_end: parallel_id=0 thread_num=9
[OMPT] implicit_task_begin: parallel_id=281474976710909 thread_num=9 team_size=32
[OMPT] implicit_task_begin: parallel_id=281474976710909 thread_num=5 team_size=32
[OMPT] implicit_task_end: parallel_id=0 thread_num=30
[OMPT] implicit_task_begin: parallel_id=281474976710909 thread_num=30 team_size=32
[OMPT] implicit_task_end: parallel_id=0 thread_num=26
[OMPT] implicit_task_begin: parallel_id=281474976710909 thread_num=26 team_size=32
[OMPT] implicit_task_end: parallel_id=0 thread_num=25
[OMPT] implicit_task_begin: parallel_id=281474976710909 thread_num=25 team_size=32
[OMPT] implicit_task_end: parallel_id=0 thread_num=18
[OMPT] implicit_task_begin: parallel_id=281474976710909 thread_num=18 team_size=32
[OMPT] implicit_task_begin: parallel_id=281474976710909 thread_num=22 team_size=32
[OMPT] implicit_task_begin: parallel_id=281474976710909 thread_num=19 team_size=32
[OMPT] implicit_task_begin: parallel_id=281474976710909 thread_num=4 team_size=32
[OMPT] implicit_task_end: parallel_id=0 thread_num=0
[OMPT] parallel_end: parallel_id=281474976710909
[OMPT] parallel_begin: parallel_id=281474976710911 team_size=32
[OMPT] implicit_task_end: parallel_id=0 thread_num=16
[OMPT] implicit_task_end: parallel_id=0 thread_num=3
[OMPT] implicit_task_end: parallel_id=0 thread_num=28
[OMPT] implicit_task_end: parallel_id=0 thread_num=18
[OMPT] implicit_task_end: parallel_id=0 thread_num=12
[OMPT] implicit_task_end: parallel_id=0 thread_num=30
[OMPT] implicit_task_begin: parallel_id=281474976710911 thread_num=28 team_size=32
[OMPT] implicit_task_end: parallel_id=0 thread_num=4
[OMPT] implicit_task_end: parallel_id=0 thread_num=1
[OMPT] implicit_task_end: parallel_id=0 thread_num=6
[OMPT] implicit_task_end: parallel_id=0 thread_num=5
[OMPT] implicit_task_begin: parallel_id=281474976710911 thread_num=12 team_size=32
[OMPT] implicit_task_begin: parallel_id=281474976710911 thread_num=1 team_size=32
[OMPT] implicit_task_end: parallel_id=0 thread_num=19
[OMPT] implicit_task_end: parallel_id=0 thread_num=8
[OMPT] implicit_task_begin: parallel_id=281474976710911 thread_num=6 team_size=32
[OMPT] implicit_task_end: parallel_id=0 thread_num=10
[OMPT] implicit_task_end: parallel_id=0 thread_num=29
[OMPT] implicit_task_begin: parallel_id=281474976710911 thread_num=8 team_size=32
[OMPT] implicit_task_begin: parallel_id=281474976710911 thread_num=10 team_size=32
[OMPT] implicit_task_begin: parallel_id=281474976710911 thread_num=29 team_size=32
[OMPT] implicit_task_begin: parallel_id=281474976710911 thread_num=18 team_size=32
[OMPT] implicit_task_end: parallel_id=0 thread_num=15
[OMPT] implicit_task_begin: parallel_id=281474976710911 thread_num=30 team_size=32
[OMPT] implicit_task_begin: parallel_id=281474976710911 thread_num=15 team_size=32
[OMPT] implicit_task_end: parallel_id=0 thread_num=7
[OMPT] implicit_task_end: parallel_id=0 thread_num=24
[OMPT] implicit_task_begin: parallel_id=281474976710911 thread_num=7 team_size=32
[OMPT] implicit_task_begin: parallel_id=281474976710911 thread_num=24 team_size=32
[OMPT] implicit_task_end: parallel_id=0 thread_num=17
[OMPT] implicit_task_end: parallel_id=0 thread_num=31
[OMPT] implicit_task_end: parallel_id=0 thread_num=11
[OMPT] implicit_task_begin: parallel_id=281474976710911 thread_num=31 team_size=32
[OMPT] implicit_task_end: parallel_id=0 thread_num=9
[OMPT] implicit_task_begin: parallel_id=281474976710911 thread_num=9 team_size=32
[OMPT] implicit_task_begin: parallel_id=281474976710911 thread_num=19 team_size=32
[OMPT] implicit_task_begin: parallel_id=281474976710911 thread_num=3 team_size=32
[OMPT] implicit_task_end: parallel_id=0 thread_num=2
[OMPT] implicit_task_begin: parallel_id=281474976710911 thread_num=2 team_size=32
[OMPT] implicit_task_end: parallel_id=0 thread_num=14
[OMPT] implicit_task_begin: parallel_id=281474976710911 thread_num=14 team_size=32
[OMPT] implicit_task_end: parallel_id=0 thread_num=13
[OMPT] implicit_task_begin: parallel_id=281474976710911 thread_num=13 team_size=32
[OMPT] implicit_task_begin: parallel_id=281474976710911 thread_num=0 team_size=32
[OMPT] implicit_task_end: parallel_id=0 thread_num=27
[OMPT] implicit_task_begin: parallel_id=281474976710911 thread_num=27 team_size=32
[OMPT] implicit_task_end: parallel_id=0 thread_num=25
[OMPT] implicit_task_begin: parallel_id=281474976710911 thread_num=25 team_size=32
[OMPT] implicit_task_end: parallel_id=0 thread_num=26
[OMPT] implicit_task_begin: parallel_id=281474976710911 thread_num=26 team_size=32
[OMPT] implicit_task_end: parallel_id=0 thread_num=20
[OMPT] implicit_task_end: parallel_id=0 thread_num=22
[OMPT] implicit_task_begin: parallel_id=281474976710911 thread_num=20 team_size=32
[OMPT] implicit_task_begin: parallel_id=281474976710911 thread_num=16 team_size=32
[OMPT] implicit_task_begin: parallel_id=281474976710911 thread_num=22 team_size=32
[OMPT] implicit_task_begin: parallel_id=281474976710911 thread_num=17 team_size=32
[OMPT] implicit_task_begin: parallel_id=281474976710911 thread_num=11 team_size=32
[OMPT] implicit_task_begin: parallel_id=281474976710911 thread_num=4 team_size=32
[OMPT] implicit_task_end: parallel_id=0 thread_num=21
[OMPT] implicit_task_end: parallel_id=0 thread_num=23
[OMPT] implicit_task_begin: parallel_id=281474976710911 thread_num=5 team_size=32
[OMPT] implicit_task_begin: parallel_id=281474976710911 thread_num=23 team_size=32
[OMPT] implicit_task_begin: parallel_id=281474976710911 thread_num=21 team_size=32
[OMPT] implicit_task_end: parallel_id=0 thread_num=0
[OMPT] parallel_end: parallel_id=281474976710911
[OMPT] parallel_begin: parallel_id=281474976710913 team_size=32
[OMPT] implicit_task_end: parallel_id=0 thread_num=12
[OMPT] implicit_task_end: parallel_id=0 thread_num=1
[OMPT] implicit_task_end: parallel_id=0 thread_num=2
[OMPT] implicit_task_end: parallel_id=0 thread_num=15
[OMPT] implicit_task_begin: parallel_id=281474976710913 thread_num=12 team_size=32
[OMPT] implicit_task_end: parallel_id=0 thread_num=16
[OMPT] implicit_task_end: parallel_id=0 thread_num=4
[OMPT] implicit_task_begin: parallel_id=281474976710913 thread_num=16 team_size=32
[OMPT] implicit_task_begin: parallel_id=281474976710913 thread_num=0 team_size=32
[OMPT] implicit_task_end: parallel_id=0 thread_num=18
[OMPT] implicit_task_end: parallel_id=0 thread_num=5
[OMPT] implicit_task_end: parallel_id=0 thread_num=14
[OMPT] implicit_task_begin: parallel_id=281474976710913 thread_num=1 team_size=32
[OMPT] implicit_task_begin: parallel_id=281474976710913 thread_num=5 team_size=32
[OMPT] implicit_task_begin: parallel_id=281474976710913 thread_num=14 team_size=32
[OMPT] implicit_task_end: parallel_id=0 thread_num=24
[OMPT] implicit_task_begin: parallel_id=281474976710913 thread_num=15 team_size=32
[OMPT] implicit_task_end: parallel_id=0 thread_num=26
[OMPT] implicit_task_end: parallel_id=0 thread_num=27
[OMPT] implicit_task_begin: parallel_id=281474976710913 thread_num=24 team_size=32
[OMPT] implicit_task_begin: parallel_id=281474976710913 thread_num=27 team_size=32
[OMPT] implicit_task_end: parallel_id=0 thread_num=6
[OMPT] implicit_task_begin: parallel_id=281474976710913 thread_num=4 team_size=32
[OMPT] implicit_task_end: parallel_id=0 thread_num=13
[OMPT] implicit_task_begin: parallel_id=281474976710913 thread_num=13 team_size=32
[OMPT] implicit_task_begin: parallel_id=281474976710913 thread_num=18 team_size=32
[OMPT] implicit_task_end: parallel_id=0 thread_num=19
[OMPT] implicit_task_begin: parallel_id=281474976710913 thread_num=19 team_size=32
[OMPT] implicit_task_end: parallel_id=0 thread_num=28
[OMPT] implicit_task_end: parallel_id=0 thread_num=31
[OMPT] implicit_task_begin: parallel_id=281474976710913 thread_num=28 team_size=32
[OMPT] implicit_task_end: parallel_id=0 thread_num=25
[OMPT] implicit_task_end: parallel_id=0 thread_num=20
[OMPT] implicit_task_end: parallel_id=0 thread_num=3
[OMPT] implicit_task_begin: parallel_id=281474976710913 thread_num=20 team_size=32
[OMPT] implicit_task_begin: parallel_id=281474976710913 thread_num=26 team_size=32
[OMPT] implicit_task_begin: parallel_id=281474976710913 thread_num=2 team_size=32
[OMPT] implicit_task_end: parallel_id=0 thread_num=17
[OMPT] implicit_task_end: parallel_id=0 thread_num=7
[OMPT] implicit_task_begin: parallel_id=281474976710913 thread_num=6 team_size=32
[OMPT] implicit_task_begin: parallel_id=281474976710913 thread_num=7 team_size=32
[OMPT] implicit_task_end: parallel_id=0 thread_num=30
[OMPT] implicit_task_end: parallel_id=0 thread_num=29
[OMPT] implicit_task_begin: parallel_id=281474976710913 thread_num=31 team_size=32
[OMPT] implicit_task_begin: parallel_id=281474976710913 thread_num=29 team_size=32
[OMPT] implicit_task_end: parallel_id=0 thread_num=22
[OMPT] implicit_task_end: parallel_id=0 thread_num=23
[OMPT] implicit_task_begin: parallel_id=281474976710913 thread_num=22 team_size=32
[OMPT] implicit_task_begin: parallel_id=281474976710913 thread_num=23 team_size=32
[OMPT] implicit_task_begin: parallel_id=281474976710913 thread_num=3 team_size=32
[OMPT] implicit_task_begin: parallel_id=281474976710913 thread_num=17 team_size=32
[OMPT] implicit_task_begin: parallel_id=281474976710913 thread_num=30 team_size=32
[OMPT] implicit_task_begin: parallel_id=281474976710913 thread_num=25 team_size=32
[OMPT] implicit_task_end: parallel_id=0 thread_num=21
[OMPT] implicit_task_begin: parallel_id=281474976710913 thread_num=21 team_size=32
[OMPT] implicit_task_end: parallel_id=0 thread_num=8
[OMPT] implicit_task_end: parallel_id=0 thread_num=11
[OMPT] implicit_task_begin: parallel_id=281474976710913 thread_num=8 team_size=32
[OMPT] implicit_task_begin: parallel_id=281474976710913 thread_num=11 team_size=32
[OMPT] implicit_task_end: parallel_id=0 thread_num=9
[OMPT] implicit_task_begin: parallel_id=281474976710913 thread_num=9 team_size=32
[OMPT] implicit_task_end: parallel_id=0 thread_num=10
[OMPT] implicit_task_begin: parallel_id=281474976710913 thread_num=10 team_size=32
[OMPT] implicit_task_end: parallel_id=0 thread_num=0
[OMPT] parallel_end: parallel_id=281474976710913
[OMPT] parallel_begin: parallel_id=281474976710915 team_size=32
[OMPT] implicit_task_end: parallel_id=0 thread_num=12
[OMPT] implicit_task_end: parallel_id=0 thread_num=2
[OMPT] implicit_task_end: parallel_id=0 thread_num=15
[OMPT] implicit_task_begin: parallel_id=281474976710915 thread_num=12 team_size=32
[OMPT] implicit_task_begin: parallel_id=281474976710915 thread_num=2 team_size=32
[OMPT] implicit_task_end: parallel_id=0 thread_num=16
[OMPT] implicit_task_end: parallel_id=0 thread_num=20
[OMPT] implicit_task_end: parallel_id=0 thread_num=1
[OMPT] implicit_task_end: parallel_id=0 thread_num=22
[OMPT] implicit_task_end: parallel_id=0 thread_num=4
[OMPT] implicit_task_end: parallel_id=0 thread_num=8
[OMPT] implicit_task_end: parallel_id=0 thread_num=7
[OMPT] implicit_task_begin: parallel_id=281474976710915 thread_num=4 team_size=32
[OMPT] implicit_task_end: parallel_id=0 thread_num=11
[OMPT] implicit_task_end: parallel_id=0 thread_num=3
[OMPT] implicit_task_begin: parallel_id=281474976710915 thread_num=11 team_size=32
[OMPT] implicit_task_begin: parallel_id=281474976710915 thread_num=3 team_size=32
[OMPT] implicit_task_end: parallel_id=0 thread_num=18
[OMPT] implicit_task_end: parallel_id=0 thread_num=19
[OMPT] implicit_task_begin: parallel_id=281474976710915 thread_num=18 team_size=32
[OMPT] implicit_task_begin: parallel_id=281474976710915 thread_num=19 team_size=32
[OMPT] implicit_task_end: parallel_id=0 thread_num=17
[OMPT] implicit_task_end: parallel_id=0 thread_num=23
[OMPT] implicit_task_end: parallel_id=0 thread_num=21
[OMPT] implicit_task_begin: parallel_id=281474976710915 thread_num=23 team_size=32
[OMPT] implicit_task_begin: parallel_id=281474976710915 thread_num=20 team_size=32
[OMPT] implicit_task_begin: parallel_id=281474976710915 thread_num=0 team_size=32
[OMPT] implicit_task_begin: parallel_id=281474976710915 thread_num=22 team_size=32
[OMPT] implicit_task_end: parallel_id=0 thread_num=5
[OMPT] implicit_task_begin: parallel_id=281474976710915 thread_num=5 team_size=32
[OMPT] implicit_task_end: parallel_id=0 thread_num=6
[OMPT] implicit_task_begin: parallel_id=281474976710915 thread_num=6 team_size=32
[OMPT] implicit_task_end: parallel_id=0 thread_num=13
[OMPT] implicit_task_begin: parallel_id=281474976710915 thread_num=13 team_size=32
[OMPT] implicit_task_end: parallel_id=0 thread_num=14
[OMPT] implicit_task_begin: parallel_id=281474976710915 thread_num=14 team_size=32
[OMPT] implicit_task_end: parallel_id=0 thread_num=9
[OMPT] implicit_task_begin: parallel_id=281474976710915 thread_num=9 team_size=32
[OMPT] implicit_task_end: parallel_id=0 thread_num=10
[OMPT] implicit_task_begin: parallel_id=281474976710915 thread_num=10 team_size=32
[OMPT] implicit_task_begin: parallel_id=281474976710915 thread_num=8 team_size=32
[OMPT] implicit_task_begin: parallel_id=281474976710915 thread_num=15 team_size=32
[OMPT] implicit_task_begin: parallel_id=281474976710915 thread_num=7 team_size=32
[OMPT] implicit_task_end: parallel_id=0 thread_num=24
[OMPT] implicit_task_end: parallel_id=0 thread_num=27
[OMPT] implicit_task_begin: parallel_id=281474976710915 thread_num=24 team_size=32
[OMPT] implicit_task_begin: parallel_id=281474976710915 thread_num=27 team_size=32
[OMPT] implicit_task_begin: parallel_id=281474976710915 thread_num=16 team_size=32
[OMPT] implicit_task_begin: parallel_id=281474976710915 thread_num=17 team_size=32
[OMPT] implicit_task_begin: parallel_id=281474976710915 thread_num=21 team_size=32
[OMPT] implicit_task_begin: parallel_id=281474976710915 thread_num=1 team_size=32
[OMPT] implicit_task_end: parallel_id=0 thread_num=26
[OMPT] implicit_task_end: parallel_id=0 thread_num=25
[OMPT] implicit_task_end: parallel_id=0 thread_num=28
[OMPT] implicit_task_end: parallel_id=0 thread_num=31
[OMPT] implicit_task_begin: parallel_id=281474976710915 thread_num=26 team_size=32
[OMPT] implicit_task_begin: parallel_id=281474976710915 thread_num=31 team_size=32
[OMPT] implicit_task_end: parallel_id=0 thread_num=30
[OMPT] implicit_task_end: parallel_id=0 thread_num=29
[OMPT] implicit_task_begin: parallel_id=281474976710915 thread_num=30 team_size=32
[OMPT] implicit_task_begin: parallel_id=281474976710915 thread_num=25 team_size=32
[OMPT] implicit_task_begin: parallel_id=281474976710915 thread_num=28 team_size=32
[OMPT] implicit_task_begin: parallel_id=281474976710915 thread_num=29 team_size=32
[OMPT][WIN100ms] ompt_id=281474976710657 tid=1054869 tipo=ompt_thread_initial    cpu=255 numa=1  d_rm=   49776  d_instr=1344855467  d_cyc= 545923813  d_all= 8663477  IPC=2.463  ratio_rm=0.0057
[OMPT][WIN100ms] ompt_id=562949953421313 tid=1054871 tipo=ompt_thread_worker     cpu=115 numa=1  d_rm=    5615  d_instr=1369581346  d_cyc= 544574007  d_all= 8821039  IPC=2.515  ratio_rm=0.0006
[OMPT][WIN100ms] ompt_id=844424930131969 tid=1054872 tipo=ompt_thread_worker     cpu= 67 numa=1  d_rm=   11786  d_instr=1402388876  d_cyc= 543793567  d_all= 8943527  IPC=2.579  ratio_rm=0.0013
[OMPT] implicit_task_end: parallel_id=0 thread_num=0
[OMPT] parallel_end: parallel_id=281474976710915
[OMPT] parallel_begin: parallel_id=281474976710917 team_size=32
[OMPT] implicit_task_end: parallel_id=0 thread_num=16
[OMPT] implicit_task_end: parallel_id=0 thread_num=3
[OMPT] implicit_task_end: parallel_id=0 thread_num=19
[OMPT] implicit_task_end: parallel_id=0 thread_num=20
[OMPT] implicit_task_end: parallel_id=0 thread_num=4
[OMPT] implicit_task_end: parallel_id=0 thread_num=22
[OMPT] implicit_task_end: parallel_id=0 thread_num=21
[OMPT] implicit_task_end: parallel_id=0 thread_num=5
[OMPT] implicit_task_end: parallel_id=0 thread_num=18
[OMPT] implicit_task_end: parallel_id=0 thread_num=24
[OMPT] implicit_task_end: parallel_id=0 thread_num=26
[OMPT] implicit_task_end: parallel_id=0 thread_num=17
[OMPT] implicit_task_end: parallel_id=0 thread_num=8
[OMPT] implicit_task_end: parallel_id=0 thread_num=23
[OMPT] implicit_task_end: parallel_id=0 thread_num=11
[OMPT] implicit_task_end: parallel_id=0 thread_num=12
[OMPT] implicit_task_end: parallel_id=0 thread_num=13
[OMPT] implicit_task_end: parallel_id=0 thread_num=6
[OMPT] implicit_task_end: parallel_id=0 thread_num=28
[OMPT] implicit_task_end: parallel_id=0 thread_num=25
[OMPT] implicit_task_end: parallel_id=0 thread_num=30
[OMPT] implicit_task_end: parallel_id=0 thread_num=27
[OMPT] implicit_task_end: parallel_id=0 thread_num=9
[OMPT] implicit_task_end: parallel_id=0 thread_num=10
[OMPT] implicit_task_end: parallel_id=0 thread_num=1
[OMPT] implicit_task_end: parallel_id=0 thread_num=15
[OMPT] implicit_task_end: parallel_id=0 thread_num=7
[OMPT] implicit_task_end: parallel_id=0 thread_num=2
[OMPT] implicit_task_end: parallel_id=0 thread_num=31
[OMPT] implicit_task_end: parallel_id=0 thread_num=29
[OMPT] implicit_task_end: parallel_id=0 thread_num=14
[OMPT][WIN100ms] ompt_id=1125899906842625 tid=1054873 tipo=ompt_thread_worker     cpu= 49 numa=0  d_rm=    2009  d_instr=1422598319  d_cyc= 542515961  d_all= 9028740  IPC=2.622  ratio_rm=0.0002
[OMPT][WIN100ms] ompt_id=1407374883553281 tid=1054874 tipo=ompt_thread_worker     cpu=225 numa=1  d_rm=    4737  d_instr=1422236068  d_cyc= 543627438  d_all= 9050685  IPC=2.616  ratio_rm=0.0005
[OMPT][WIN100ms] ompt_id=1688849860263937 tid=1054875 tipo=ompt_thread_worker     cpu=105 numa=1  d_rm=    4471  d_instr=1419033914  d_cyc= 544255964  d_all= 9049917  IPC=2.607  ratio_rm=0.0005
[OMPT][WIN100ms] ompt_id=1970324836974593 tid=1054876 tipo=ompt_thread_worker     cpu= 48 numa=0  d_rm=     933  d_instr=1423689521  d_cyc= 543640341  d_all= 9029998  IPC=2.619  ratio_rm=0.0001
[OMPT][WIN100ms] ompt_id=2251799813685249 tid=1054877 tipo=ompt_thread_worker     cpu=113 numa=1  d_rm=    6292  d_instr=1427071825  d_cyc= 545179780  d_all= 9036526  IPC=2.618  ratio_rm=0.0007
[OMPT][WIN100ms] ompt_id=2533274790395905 tid=1054878 tipo=ompt_thread_worker     cpu=104 numa=1  d_rm=    6503  d_instr=1422936991  d_cyc= 540454089  d_all= 9052961  IPC=2.633  ratio_rm=0.0007
[OMPT][WIN100ms] ompt_id=2814749767106561 tid=1054879 tipo=ompt_thread_worker     cpu= 88 numa=1  d_rm=    6415  d_instr=1423845146  d_cyc= 545019537  d_all= 9041129  IPC=2.612  ratio_rm=0.0007
[OMPT][WIN100ms] ompt_id=3096224743817217 tid=1054880 tipo=ompt_thread_worker     cpu=165 numa=0  d_rm=     840  d_instr=1428820617  d_cyc= 543774849  d_all= 9028171  IPC=2.628  ratio_rm=0.0001
[OMPT][WIN100ms] ompt_id=3377699720527873 tid=1054881 tipo=ompt_thread_worker     cpu=239 numa=1  d_rm=   15306  d_instr=1427451001  d_cyc= 544338385  d_all= 9051319  IPC=2.622  ratio_rm=0.0017
[OMPT][WIN100ms] ompt_id=3659174697238529 tid=1054882 tipo=ompt_thread_worker     cpu=247 numa=1  d_rm=   10942  d_instr=1426322692  d_cyc= 544848174  d_all= 9044449  IPC=2.618  ratio_rm=0.0012
[OMPT][WIN100ms] ompt_id=3940649673949185 tid=1054883 tipo=ompt_thread_worker     cpu= 96 numa=1  d_rm=    6398  d_instr=1424682141  d_cyc= 540646359  d_all= 9050209  IPC=2.635  ratio_rm=0.0007
[OMPT][WIN100ms] ompt_id=4222124650659841 tid=1054884 tipo=ompt_thread_worker     cpu= 79 numa=1  d_rm=    9480  d_instr=1425163909  d_cyc= 542270493  d_all= 9047582  IPC=2.628  ratio_rm=0.0010
[OMPT][WIN100ms] ompt_id=4503599627370497 tid=1054885 tipo=ompt_thread_worker     cpu=223 numa=1  d_rm=    9966  d_instr=1426226864  d_cyc= 542936805  d_all= 9046836  IPC=2.627  ratio_rm=0.0011
[OMPT][WIN100ms] ompt_id=4785074604081153 tid=1054886 tipo=ompt_thread_worker     cpu= 89 numa=1  d_rm=    6591  d_instr=1425451413  d_cyc= 543617642  d_all= 9042114  IPC=2.622  ratio_rm=0.0007
[OMPT][WIN100ms] ompt_id=5066549580791809 tid=1054887 tipo=ompt_thread_worker     cpu= 56 numa=0  d_rm=    1094  d_instr=1422963893  d_cyc= 538871235  d_all= 9188645  IPC=2.641  ratio_rm=0.0001
[OMPT][WIN100ms] ompt_id=5348024557502465 tid=1054888 tipo=ompt_thread_worker     cpu= 90 numa=1  d_rm=    7700  d_instr=1424348091  d_cyc= 541690339  d_all= 9056323  IPC=2.629  ratio_rm=0.0009
[OMPT][WIN100ms] ompt_id=5629499534213121 tid=1054889 tipo=ompt_thread_worker     cpu= 76 numa=1  d_rm=   10331  d_instr=1423099311  d_cyc= 540710760  d_all= 9047717  IPC=2.632  ratio_rm=0.0011
[OMPT][WIN100ms] ompt_id=5910974510923777 tid=1054890 tipo=ompt_thread_worker     cpu=  8 numa=0  d_rm=    1132  d_instr=1421343640  d_cyc= 542748836  d_all= 9028705  IPC=2.619  ratio_rm=0.0001
[OMPT][WIN100ms] ompt_id=6192449487634433 tid=1054891 tipo=ompt_thread_worker     cpu=114 numa=1  d_rm=    7891  d_instr=1425687831  d_cyc= 544549917  d_all= 9041709  IPC=2.618  ratio_rm=0.0009
[OMPT][WIN100ms] ompt_id=6473924464345089 tid=1054892 tipo=ompt_thread_worker     cpu=254 numa=1  d_rm=    8650  d_instr=1426292348  d_cyc= 544865746  d_all= 9048679  IPC=2.618  ratio_rm=0.0010
[OMPT][WIN100ms] ompt_id=6755399441055745 tid=1054893 tipo=ompt_thread_worker     cpu=252 numa=1  d_rm=    9438  d_instr=1423975078  d_cyc= 542357112  d_all= 9052600  IPC=2.626  ratio_rm=0.0010
[OMPT][WIN100ms] ompt_id=7036874417766401 tid=1054894 tipo=ompt_thread_worker     cpu= 81 numa=1  d_rm=    6003  d_instr=1426127551  d_cyc= 543442358  d_all= 9057719  IPC=2.624  ratio_rm=0.0007
[OMPT][WIN100ms] ompt_id=7318349394477057 tid=1054895 tipo=ompt_thread_worker     cpu=253 numa=1  d_rm=    4142  d_instr=1421631999  d_cyc= 545358592  d_all= 9046254  IPC=2.607  ratio_rm=0.0005
[OMPT][WIN100ms] ompt_id=7599824371187713 tid=1054896 tipo=ompt_thread_worker     cpu= 78 numa=1  d_rm=    5467  d_instr=1426662011  d_cyc= 544439561  d_all= 9049814  IPC=2.620  ratio_rm=0.0006
[OMPT][WIN100ms] ompt_id=7881299347898369 tid=1054897 tipo=ompt_thread_worker     cpu=112 numa=1  d_rm=    7056  d_instr=1427596729  d_cyc= 547968475  d_all= 9048111  IPC=2.605  ratio_rm=0.0008
[OMPT][WIN100ms] ompt_id=8162774324609025 tid=1054898 tipo=ompt_thread_worker     cpu= 80 numa=1  d_rm=   12207  d_instr=1425588457  d_cyc= 546465560  d_all= 9055280  IPC=2.609  ratio_rm=0.0013
[OMPT][WIN100ms] ompt_id=8444249301319681 tid=1054899 tipo=ompt_thread_worker     cpu=194 numa=1  d_rm=   10211  d_instr=1427314014  d_cyc= 544322500  d_all= 9056776  IPC=2.622  ratio_rm=0.0011
[OMPT][WIN100ms] ompt_id=8725724278030337 tid=1054900 tipo=ompt_thread_worker     cpu= 98 numa=1  d_rm=   14743  d_instr=1424242868  d_cyc= 544759222  d_all= 9051874  IPC=2.614  ratio_rm=0.0016
[OMPT][WIN100ms] ompt_id=9007199254740993 tid=1054901 tipo=ompt_thread_worker     cpu= 77 numa=1  d_rm=   16879  d_instr=1426104029  d_cyc= 546526236  d_all= 9047994  IPC=2.609  ratio_rm=0.0019
[OMPT] implicit_task_begin: parallel_id=281474976710917 thread_num=10 team_size=32
[OMPT] implicit_task_begin: parallel_id=281474976710917 thread_num=11 team_size=32
[OMPT] implicit_task_begin: parallel_id=281474976710917 thread_num=8 team_size=32
[OMPT] implicit_task_begin: parallel_id=281474976710917 thread_num=5 team_size=32
[OMPT] implicit_task_begin: parallel_id=281474976710917 thread_num=22 team_size=32
[OMPT] implicit_task_begin: parallel_id=281474976710917 thread_num=25 team_size=32
[OMPT] implicit_task_begin: parallel_id=281474976710917 thread_num=0 team_size=32
[OMPT] implicit_task_begin: parallel_id=281474976710917 thread_num=23 team_size=32
[OMPT] implicit_task_begin: parallel_id=281474976710917 thread_num=18 team_size=32
[OMPT] implicit_task_begin: parallel_id=281474976710917 thread_num=9 team_size=32
[OMPT] implicit_task_begin: parallel_id=281474976710917 thread_num=15 team_size=32
[OMPT] implicit_task_begin: parallel_id=281474976710917 thread_num=16 team_size=32
[OMPT] implicit_task_begin: parallel_id=281474976710917 thread_num=14 team_size=32
[OMPT] implicit_task_begin: parallel_id=281474976710917 thread_num=31 team_size=32
[OMPT] implicit_task_begin: parallel_id=281474976710917 thread_num=26 team_size=32
[OMPT] implicit_task_begin: parallel_id=281474976710917 thread_num=28 team_size=32
[OMPT] implicit_task_begin: parallel_id=281474976710917 thread_num=27 team_size=32
[OMPT] implicit_task_begin: parallel_id=281474976710917 thread_num=24 team_size=32
[OMPT] implicit_task_begin: parallel_id=281474976710917 thread_num=20 team_size=32
[OMPT] implicit_task_begin: parallel_id=281474976710917 thread_num=29 team_size=32
[OMPT] implicit_task_begin: parallel_id=281474976710917 thread_num=19 team_size=32
[OMPT] implicit_task_begin: parallel_id=281474976710917 thread_num=2 team_size=32
[OMPT] implicit_task_begin: parallel_id=281474976710917 thread_num=30 team_size=32
[OMPT] implicit_task_begin: parallel_id=281474976710917 thread_num=13 team_size=32
[OMPT] implicit_task_begin: parallel_id=281474976710917 thread_num=4 team_size=32
[OMPT] implicit_task_begin: parallel_id=281474976710917 thread_num=12 team_size=32
[OMPT] implicit_task_begin: parallel_id=281474976710917 thread_num=21 team_size=32
[OMPT] implicit_task_begin: parallel_id=281474976710917 thread_num=7 team_size=32
[OMPT] implicit_task_begin: parallel_id=281474976710917 thread_num=1 team_size=32
[OMPT] implicit_task_begin: parallel_id=281474976710917 thread_num=3 team_size=32
[OMPT] implicit_task_begin: parallel_id=281474976710917 thread_num=17 team_size=32
[OMPT] implicit_task_begin: parallel_id=281474976710917 thread_num=6 team_size=32
[OMPT] implicit_task_end: parallel_id=0 thread_num=0
[OMPT] parallel_end: parallel_id=281474976710917
[OMPT] parallel_begin: parallel_id=281474976710919 team_size=32
[OMPT] implicit_task_end: parallel_id=0 thread_num=12
[OMPT] implicit_task_end: parallel_id=0 thread_num=8
[OMPT] implicit_task_end: parallel_id=0 thread_num=13
[OMPT] implicit_task_begin: parallel_id=281474976710919 thread_num=12 team_size=32
[OMPT] implicit_task_end: parallel_id=0 thread_num=3
[OMPT] implicit_task_begin: parallel_id=281474976710919 thread_num=8 team_size=32
[OMPT] implicit_task_begin: parallel_id=281474976710919 thread_num=13 team_size=32
[OMPT] implicit_task_begin: parallel_id=281474976710919 thread_num=3 team_size=32
[OMPT] implicit_task_end: parallel_id=0 thread_num=2
[OMPT] implicit_task_end: parallel_id=0 thread_num=15
[OMPT] implicit_task_begin: parallel_id=281474976710919 thread_num=2 team_size=32
[OMPT] implicit_task_end: parallel_id=0 thread_num=14
[OMPT] implicit_task_begin: parallel_id=281474976710919 thread_num=15 team_size=32
[OMPT] implicit_task_end: parallel_id=0 thread_num=11
[OMPT] implicit_task_begin: parallel_id=281474976710919 thread_num=14 team_size=32
[OMPT] implicit_task_begin: parallel_id=281474976710919 thread_num=11 team_size=32
[OMPT] implicit_task_end: parallel_id=0 thread_num=16
[OMPT] implicit_task_end: parallel_id=0 thread_num=18
[OMPT] implicit_task_begin: parallel_id=281474976710919 thread_num=16 team_size=32
[OMPT] implicit_task_end: parallel_id=0 thread_num=1
[OMPT] implicit_task_end: parallel_id=0 thread_num=24
[OMPT] implicit_task_begin: parallel_id=281474976710919 thread_num=18 team_size=32
[OMPT] implicit_task_end: parallel_id=0 thread_num=4
[OMPT] implicit_task_end: parallel_id=0 thread_num=25
[OMPT] implicit_task_end: parallel_id=0 thread_num=5
[OMPT] implicit_task_begin: parallel_id=281474976710919 thread_num=4 team_size=32
[OMPT] implicit_task_end: parallel_id=0 thread_num=28
[OMPT] implicit_task_end: parallel_id=0 thread_num=19
[OMPT] implicit_task_end: parallel_id=0 thread_num=29
[OMPT] implicit_task_begin: parallel_id=281474976710919 thread_num=0 team_size=32
[OMPT] implicit_task_end: parallel_id=0 thread_num=20
[OMPT] implicit_task_end: parallel_id=0 thread_num=17
[OMPT] implicit_task_begin: parallel_id=281474976710919 thread_num=1 team_size=32
[OMPT] implicit_task_end: parallel_id=0 thread_num=9
[OMPT] implicit_task_begin: parallel_id=281474976710919 thread_num=17 team_size=32
[OMPT] implicit_task_begin: parallel_id=281474976710919 thread_num=9 team_size=32
[OMPT] implicit_task_end: parallel_id=0 thread_num=6
[OMPT] implicit_task_begin: parallel_id=281474976710919 thread_num=24 team_size=32
[OMPT] implicit_task_begin: parallel_id=281474976710919 thread_num=25 team_size=32
[OMPT] implicit_task_end: parallel_id=0 thread_num=31
[OMPT] implicit_task_end: parallel_id=0 thread_num=30
[OMPT] implicit_task_begin: parallel_id=281474976710919 thread_num=31 team_size=32
[OMPT] implicit_task_begin: parallel_id=281474976710919 thread_num=5 team_size=32
[OMPT] implicit_task_begin: parallel_id=281474976710919 thread_num=28 team_size=32
[OMPT] implicit_task_begin: parallel_id=281474976710919 thread_num=19 team_size=32
[OMPT] implicit_task_begin: parallel_id=281474976710919 thread_num=29 team_size=32
[OMPT] implicit_task_end: parallel_id=0 thread_num=26
[OMPT] implicit_task_end: parallel_id=0 thread_num=27
[OMPT] implicit_task_end: parallel_id=0 thread_num=23
[OMPT] implicit_task_begin: parallel_id=281474976710919 thread_num=27 team_size=32
[OMPT] implicit_task_begin: parallel_id=281474976710919 thread_num=23 team_size=32
[OMPT] implicit_task_end: parallel_id=0 thread_num=21
[OMPT] implicit_task_begin: parallel_id=281474976710919 thread_num=20 team_size=32
[OMPT] implicit_task_begin: parallel_id=281474976710919 thread_num=21 team_size=32
[OMPT] implicit_task_end: parallel_id=0 thread_num=10
[OMPT] implicit_task_end: parallel_id=0 thread_num=7
[OMPT] implicit_task_begin: parallel_id=281474976710919 thread_num=10 team_size=32
[OMPT] implicit_task_begin: parallel_id=281474976710919 thread_num=6 team_size=32
[OMPT] implicit_task_begin: parallel_id=281474976710919 thread_num=30 team_size=32
[OMPT] implicit_task_begin: parallel_id=281474976710919 thread_num=26 team_size=32
[OMPT] implicit_task_end: parallel_id=0 thread_num=22
[OMPT] implicit_task_begin: parallel_id=281474976710919 thread_num=7 team_size=32
[OMPT] implicit_task_begin: parallel_id=281474976710919 thread_num=22 team_size=32
[OMPT] implicit_task_end: parallel_id=0 thread_num=0
[OMPT] parallel_end: parallel_id=281474976710919
[OMPT] parallel_begin: parallel_id=281474976710921 team_size=32
[OMPT] implicit_task_end: parallel_id=0 thread_num=16
[OMPT] implicit_task_end: parallel_id=0 thread_num=8
[OMPT] implicit_task_end: parallel_id=0 thread_num=20
[OMPT] implicit_task_begin: parallel_id=281474976710921 thread_num=16 team_size=32
[OMPT] implicit_task_end: parallel_id=0 thread_num=11
[OMPT] implicit_task_begin: parallel_id=281474976710921 thread_num=8 team_size=32
[OMPT] implicit_task_end: parallel_id=0 thread_num=22
[OMPT] implicit_task_end: parallel_id=0 thread_num=17
[OMPT] implicit_task_end: parallel_id=0 thread_num=2
[OMPT] implicit_task_end: parallel_id=0 thread_num=4
[OMPT] implicit_task_begin: parallel_id=281474976710921 thread_num=22 team_size=32
[OMPT] implicit_task_end: parallel_id=0 thread_num=7
[OMPT] implicit_task_end: parallel_id=0 thread_num=5
[OMPT] implicit_task_begin: parallel_id=281474976710921 thread_num=4 team_size=32
[OMPT] implicit_task_begin: parallel_id=281474976710921 thread_num=7 team_size=32
[OMPT] implicit_task_end: parallel_id=0 thread_num=10
[OMPT] implicit_task_begin: parallel_id=281474976710921 thread_num=10 team_size=32
[OMPT] implicit_task_end: parallel_id=0 thread_num=3
[OMPT] implicit_task_end: parallel_id=0 thread_num=23
[OMPT] implicit_task_begin: parallel_id=281474976710921 thread_num=3 team_size=32
[OMPT] implicit_task_begin: parallel_id=281474976710921 thread_num=23 team_size=32
[OMPT] implicit_task_begin: parallel_id=281474976710921 thread_num=0 team_size=32
[OMPT] implicit_task_begin: parallel_id=281474976710921 thread_num=11 team_size=32
[OMPT] implicit_task_end: parallel_id=0 thread_num=6
[OMPT] implicit_task_end: parallel_id=0 thread_num=19
[OMPT] implicit_task_begin: parallel_id=281474976710921 thread_num=17 team_size=32
[OMPT] implicit_task_end: parallel_id=0 thread_num=18
[OMPT] implicit_task_end: parallel_id=0 thread_num=24
[OMPT] implicit_task_end: parallel_id=0 thread_num=28
[OMPT] implicit_task_end: parallel_id=0 thread_num=25
[OMPT] implicit_task_end: parallel_id=0 thread_num=29
[OMPT] implicit_task_begin: parallel_id=281474976710921 thread_num=2 team_size=32
[OMPT] implicit_task_end: parallel_id=0 thread_num=9
[OMPT] implicit_task_begin: parallel_id=281474976710921 thread_num=5 team_size=32
[OMPT] implicit_task_end: parallel_id=0 thread_num=12
[OMPT] implicit_task_end: parallel_id=0 thread_num=21
[OMPT] implicit_task_end: parallel_id=0 thread_num=15
[OMPT] implicit_task_begin: parallel_id=281474976710921 thread_num=20 team_size=32
[OMPT] implicit_task_begin: parallel_id=281474976710921 thread_num=21 team_size=32
[OMPT] implicit_task_begin: parallel_id=281474976710921 thread_num=18 team_size=32
[OMPT] implicit_task_end: parallel_id=0 thread_num=27
[OMPT] implicit_task_end: parallel_id=0 thread_num=31
[OMPT] implicit_task_begin: parallel_id=281474976710921 thread_num=27 team_size=32
[OMPT] implicit_task_end: parallel_id=0 thread_num=30
[OMPT] implicit_task_begin: parallel_id=281474976710921 thread_num=24 team_size=32
[OMPT] implicit_task_begin: parallel_id=281474976710921 thread_num=30 team_size=32
[OMPT] implicit_task_begin: parallel_id=281474976710921 thread_num=28 team_size=32
[OMPT] implicit_task_begin: parallel_id=281474976710921 thread_num=25 team_size=32
[OMPT] implicit_task_begin: parallel_id=281474976710921 thread_num=29 team_size=32
[OMPT] implicit_task_end: parallel_id=0 thread_num=13
[OMPT] implicit_task_end: parallel_id=0 thread_num=14
[OMPT] implicit_task_begin: parallel_id=281474976710921 thread_num=13 team_size=32
[OMPT] implicit_task_end: parallel_id=0 thread_num=1
[OMPT] implicit_task_begin: parallel_id=281474976710921 thread_num=12 team_size=32
[OMPT] implicit_task_begin: parallel_id=281474976710921 thread_num=1 team_size=32
[OMPT] implicit_task_begin: parallel_id=281474976710921 thread_num=19 team_size=32
[OMPT] implicit_task_begin: parallel_id=281474976710921 thread_num=15 team_size=32
[OMPT] implicit_task_end: parallel_id=0 thread_num=26
[OMPT] implicit_task_begin: parallel_id=281474976710921 thread_num=31 team_size=32
[OMPT] implicit_task_begin: parallel_id=281474976710921 thread_num=9 team_size=32
[OMPT] implicit_task_begin: parallel_id=281474976710921 thread_num=26 team_size=32
[OMPT] implicit_task_begin: parallel_id=281474976710921 thread_num=14 team_size=32
[OMPT] implicit_task_begin: parallel_id=281474976710921 thread_num=6 team_size=32
[OMPT] implicit_task_end: parallel_id=0 thread_num=0
[OMPT] parallel_end: parallel_id=281474976710921
[OMPT] parallel_begin: parallel_id=281474976710923 team_size=32
[OMPT] implicit_task_end: parallel_id=0 thread_num=16
[OMPT] implicit_task_end: parallel_id=0 thread_num=12
[OMPT] implicit_task_end: parallel_id=0 thread_num=2
[OMPT] implicit_task_end: parallel_id=0 thread_num=14
[OMPT] implicit_task_end: parallel_id=0 thread_num=19
[OMPT] implicit_task_end: parallel_id=0 thread_num=18
[OMPT] implicit_task_begin: parallel_id=281474976710923 thread_num=16 team_size=32
[OMPT] implicit_task_begin: parallel_id=281474976710923 thread_num=12 team_size=32
[OMPT] implicit_task_begin: parallel_id=281474976710923 thread_num=2 team_size=32
[OMPT] implicit_task_begin: parallel_id=281474976710923 thread_num=19 team_size=32
[OMPT] implicit_task_begin: parallel_id=281474976710923 thread_num=0 team_size=32
[OMPT] implicit_task_begin: parallel_id=281474976710923 thread_num=14 team_size=32
[OMPT] implicit_task_end: parallel_id=0 thread_num=20
[OMPT] implicit_task_end: parallel_id=0 thread_num=23
[OMPT] implicit_task_end: parallel_id=0 thread_num=13
[OMPT] implicit_task_begin: parallel_id=281474976710923 thread_num=23 team_size=32
[OMPT] implicit_task_end: parallel_id=0 thread_num=4
[OMPT] implicit_task_begin: parallel_id=281474976710923 thread_num=13 team_size=32
[OMPT] implicit_task_end: parallel_id=0 thread_num=5
[OMPT] implicit_task_begin: parallel_id=281474976710923 thread_num=4 team_size=32
[OMPT] implicit_task_end: parallel_id=0 thread_num=3
[OMPT] implicit_task_end: parallel_id=0 thread_num=24
[OMPT] implicit_task_begin: parallel_id=281474976710923 thread_num=5 team_size=32
[OMPT] implicit_task_end: parallel_id=0 thread_num=27
[OMPT] implicit_task_begin: parallel_id=281474976710923 thread_num=24 team_size=32
[OMPT] implicit_task_end: parallel_id=0 thread_num=21
[OMPT] implicit_task_begin: parallel_id=281474976710923 thread_num=20 team_size=32
[OMPT] implicit_task_end: parallel_id=0 thread_num=28
[OMPT] implicit_task_end: parallel_id=0 thread_num=31
[OMPT] implicit_task_begin: parallel_id=281474976710923 thread_num=28 team_size=32
[OMPT] implicit_task_end: parallel_id=0 thread_num=29
[OMPT] implicit_task_begin: parallel_id=281474976710923 thread_num=31 team_size=32
[OMPT] implicit_task_begin: parallel_id=281474976710923 thread_num=29 team_size=32
[OMPT] implicit_task_end: parallel_id=0 thread_num=1
[OMPT] implicit_task_end: parallel_id=0 thread_num=15
[OMPT] implicit_task_begin: parallel_id=281474976710923 thread_num=3 team_size=32
[OMPT] implicit_task_begin: parallel_id=281474976710923 thread_num=1 team_size=32
[OMPT] implicit_task_end: parallel_id=0 thread_num=25
[OMPT] implicit_task_begin: parallel_id=281474976710923 thread_num=27 team_size=32
[OMPT] implicit_task_begin: parallel_id=281474976710923 thread_num=25 team_size=32
[OMPT] implicit_task_end: parallel_id=0 thread_num=22
[OMPT] implicit_task_begin: parallel_id=281474976710923 thread_num=21 team_size=32
[OMPT] implicit_task_begin: parallel_id=281474976710923 thread_num=22 team_size=32
[OMPT] implicit_task_end: parallel_id=0 thread_num=30
[OMPT] implicit_task_end: parallel_id=0 thread_num=8
[OMPT] implicit_task_end: parallel_id=0 thread_num=11
[OMPT] implicit_task_begin: parallel_id=281474976710923 thread_num=8 team_size=32
[OMPT] implicit_task_begin: parallel_id=281474976710923 thread_num=30 team_size=32
[OMPT] implicit_task_begin: parallel_id=281474976710923 thread_num=11 team_size=32
[OMPT] implicit_task_end: parallel_id=0 thread_num=17
[OMPT] implicit_task_begin: parallel_id=281474976710923 thread_num=15 team_size=32
[OMPT] implicit_task_begin: parallel_id=281474976710923 thread_num=17 team_size=32
[OMPT] implicit_task_end: parallel_id=0 thread_num=10
[OMPT] implicit_task_end: parallel_id=0 thread_num=9
[OMPT] implicit_task_end: parallel_id=0 thread_num=7
[OMPT] implicit_task_end: parallel_id=0 thread_num=26
[OMPT] implicit_task_begin: parallel_id=281474976710923 thread_num=7 team_size=32
[OMPT] implicit_task_begin: parallel_id=281474976710923 thread_num=26 team_size=32
[OMPT] implicit_task_begin: parallel_id=281474976710923 thread_num=10 team_size=32
[OMPT] implicit_task_end: parallel_id=0 thread_num=6
[OMPT] implicit_task_begin: parallel_id=281474976710923 thread_num=6 team_size=32
[OMPT] implicit_task_begin: parallel_id=281474976710923 thread_num=9 team_size=32
[OMPT] implicit_task_begin: parallel_id=281474976710923 thread_num=18 team_size=32
[OMPT] implicit_task_end: parallel_id=0 thread_num=0
[OMPT] parallel_end: parallel_id=281474976710923
[OMPT] parallel_begin: parallel_id=281474976710925 team_size=32
[OMPT] implicit_task_end: parallel_id=0 thread_num=16
[OMPT] implicit_task_end: parallel_id=0 thread_num=2
[OMPT] implicit_task_begin: parallel_id=281474976710925 thread_num=0 team_size=32
[OMPT] implicit_task_end: parallel_id=0 thread_num=24
[OMPT] implicit_task_begin: parallel_id=281474976710925 thread_num=16 team_size=32
[OMPT] implicit_task_end: parallel_id=0 thread_num=8
[OMPT] implicit_task_begin: parallel_id=281474976710925 thread_num=2 team_size=32
[OMPT] implicit_task_end: parallel_id=0 thread_num=1
[OMPT] implicit_task_end: parallel_id=0 thread_num=9
[OMPT] implicit_task_end: parallel_id=0 thread_num=28
[OMPT] implicit_task_end: parallel_id=0 thread_num=31
[OMPT] implicit_task_end: parallel_id=0 thread_num=19
[OMPT] implicit_task_begin: parallel_id=281474976710925 thread_num=28 team_size=32
[OMPT] implicit_task_begin: parallel_id=281474976710925 thread_num=9 team_size=32
[OMPT] implicit_task_end: parallel_id=0 thread_num=27
[OMPT] implicit_task_begin: parallel_id=281474976710925 thread_num=19 team_size=32
[OMPT] implicit_task_end: parallel_id=0 thread_num=25
[OMPT] implicit_task_end: parallel_id=0 thread_num=26
[OMPT] implicit_task_begin: parallel_id=281474976710925 thread_num=25 team_size=32
[OMPT] implicit_task_begin: parallel_id=281474976710925 thread_num=26 team_size=32
[OMPT] implicit_task_end: parallel_id=0 thread_num=11
[OMPT] implicit_task_end: parallel_id=0 thread_num=10
[OMPT] implicit_task_begin: parallel_id=281474976710925 thread_num=11 team_size=32
[OMPT] implicit_task_begin: parallel_id=281474976710925 thread_num=10 team_size=32
[OMPT] implicit_task_end: parallel_id=0 thread_num=30
[OMPT] implicit_task_end: parallel_id=0 thread_num=29
[OMPT] implicit_task_begin: parallel_id=281474976710925 thread_num=29 team_size=32
[OMPT] implicit_task_end: parallel_id=0 thread_num=20
[OMPT] implicit_task_end: parallel_id=0 thread_num=22
[OMPT] implicit_task_end: parallel_id=0 thread_num=17
[OMPT] implicit_task_begin: parallel_id=281474976710925 thread_num=1 team_size=32
[OMPT] implicit_task_begin: parallel_id=281474976710925 thread_num=17 team_size=32
[OMPT] implicit_task_end: parallel_id=0 thread_num=18
[OMPT] implicit_task_begin: parallel_id=281474976710925 thread_num=18 team_size=32
[OMPT] implicit_task_begin: parallel_id=281474976710925 thread_num=31 team_size=32
[OMPT] implicit_task_begin: parallel_id=281474976710925 thread_num=27 team_size=32
[OMPT] implicit_task_end: parallel_id=0 thread_num=3
[OMPT] implicit_task_begin: parallel_id=281474976710925 thread_num=3 team_size=32
[OMPT] implicit_task_end: parallel_id=0 thread_num=4
[OMPT] implicit_task_end: parallel_id=0 thread_num=7
[OMPT] implicit_task_begin: parallel_id=281474976710925 thread_num=4 team_size=32
[OMPT] implicit_task_begin: parallel_id=281474976710925 thread_num=8 team_size=32
[OMPT] implicit_task_begin: parallel_id=281474976710925 thread_num=7 team_size=32
[OMPT] implicit_task_begin: parallel_id=281474976710925 thread_num=30 team_size=32
[OMPT] implicit_task_end: parallel_id=0 thread_num=23
[OMPT] implicit_task_begin: parallel_id=281474976710925 thread_num=23 team_size=32
[OMPT] implicit_task_begin: parallel_id=281474976710925 thread_num=20 team_size=32
[OMPT] implicit_task_begin: parallel_id=281474976710925 thread_num=22 team_size=32
[OMPT] implicit_task_end: parallel_id=0 thread_num=12
[OMPT] implicit_task_end: parallel_id=0 thread_num=13
[OMPT] implicit_task_begin: parallel_id=281474976710925 thread_num=12 team_size=32
[OMPT] implicit_task_end: parallel_id=0 thread_num=5
[OMPT] implicit_task_begin: parallel_id=281474976710925 thread_num=13 team_size=32
[OMPT] implicit_task_end: parallel_id=0 thread_num=6
[OMPT] implicit_task_end: parallel_id=0 thread_num=21
[OMPT] implicit_task_begin: parallel_id=281474976710925 thread_num=6 team_size=32
[OMPT] implicit_task_begin: parallel_id=281474976710925 thread_num=21 team_size=32
[OMPT] implicit_task_end: parallel_id=0 thread_num=14
[OMPT] implicit_task_begin: parallel_id=281474976710925 thread_num=5 team_size=32
[OMPT] implicit_task_begin: parallel_id=281474976710925 thread_num=14 team_size=32
[OMPT] implicit_task_begin: parallel_id=281474976710925 thread_num=24 team_size=32
[OMPT] implicit_task_end: parallel_id=0 thread_num=15
[OMPT] implicit_task_begin: parallel_id=281474976710925 thread_num=15 team_size=32
[OMPT] implicit_task_end: parallel_id=0 thread_num=0
[OMPT] parallel_end: parallel_id=281474976710925
[OMPT] parallel_begin: parallel_id=281474976710927 team_size=32
[OMPT] implicit_task_end: parallel_id=0 thread_num=16
[OMPT] implicit_task_end: parallel_id=0 thread_num=3
[OMPT] implicit_task_end: parallel_id=0 thread_num=19
[OMPT] implicit_task_begin: parallel_id=281474976710927 thread_num=16 team_size=32
[OMPT] implicit_task_begin: parallel_id=281474976710927 thread_num=3 team_size=32
[OMPT] implicit_task_begin: parallel_id=281474976710927 thread_num=19 team_size=32
[OMPT] implicit_task_end: parallel_id=0 thread_num=2
[OMPT] implicit_task_begin: parallel_id=281474976710927 thread_num=2 team_size=32
[OMPT] implicit_task_end: parallel_id=0 thread_num=1
[OMPT] implicit_task_begin: parallel_id=281474976710927 thread_num=0 team_size=32
[OMPT] implicit_task_begin: parallel_id=281474976710927 thread_num=1 team_size=32
[OMPT] implicit_task_end: parallel_id=0 thread_num=24
[OMPT] implicit_task_end: parallel_id=0 thread_num=27
[OMPT] implicit_task_end: parallel_id=0 thread_num=28
[OMPT] implicit_task_begin: parallel_id=281474976710927 thread_num=24 team_size=32
[OMPT] implicit_task_end: parallel_id=0 thread_num=31
[OMPT] implicit_task_end: parallel_id=0 thread_num=20
[OMPT] implicit_task_end: parallel_id=0 thread_num=17
[OMPT] implicit_task_end: parallel_id=0 thread_num=22
[OMPT] implicit_task_begin: parallel_id=281474976710927 thread_num=20 team_size=32
[OMPT] implicit_task_begin: parallel_id=281474976710927 thread_num=17 team_size=32
[OMPT] implicit_task_begin: parallel_id=281474976710927 thread_num=22 team_size=32
[OMPT] implicit_task_end: parallel_id=0 thread_num=25
[OMPT] implicit_task_end: parallel_id=0 thread_num=30
[OMPT] implicit_task_end: parallel_id=0 thread_num=29
[OMPT] implicit_task_begin: parallel_id=281474976710927 thread_num=30 team_size=32
[OMPT] implicit_task_begin: parallel_id=281474976710927 thread_num=29 team_size=32
[OMPT] implicit_task_end: parallel_id=0 thread_num=12
[OMPT] implicit_task_end: parallel_id=0 thread_num=15
[OMPT] implicit_task_begin: parallel_id=281474976710927 thread_num=12 team_size=32
[OMPT] implicit_task_begin: parallel_id=281474976710927 thread_num=15 team_size=32
[OMPT] implicit_task_begin: parallel_id=281474976710927 thread_num=31 team_size=32
[OMPT] implicit_task_end: parallel_id=0 thread_num=8
[OMPT] implicit_task_end: parallel_id=0 thread_num=11
[OMPT] implicit_task_end: parallel_id=0 thread_num=4
[OMPT] implicit_task_begin: parallel_id=281474976710927 thread_num=8 team_size=32
[OMPT] implicit_task_end: parallel_id=0 thread_num=5
[OMPT] implicit_task_begin: parallel_id=281474976710927 thread_num=4 team_size=32
[OMPT] implicit_task_begin: parallel_id=281474976710927 thread_num=28 team_size=32
[OMPT] implicit_task_begin: parallel_id=281474976710927 thread_num=5 team_size=32
[OMPT] implicit_task_begin: parallel_id=281474976710927 thread_num=27 team_size=32
[OMPT] implicit_task_end: parallel_id=0 thread_num=23
[OMPT] implicit_task_end: parallel_id=0 thread_num=13
[OMPT] implicit_task_end: parallel_id=0 thread_num=21
[OMPT] implicit_task_begin: parallel_id=281474976710927 thread_num=13 team_size=32
[OMPT] implicit_task_end: parallel_id=0 thread_num=9
[OMPT] implicit_task_end: parallel_id=0 thread_num=10
[OMPT] implicit_task_begin: parallel_id=281474976710927 thread_num=9 team_size=32
[OMPT] implicit_task_end: parallel_id=0 thread_num=18
[OMPT] implicit_task_begin: parallel_id=281474976710927 thread_num=11 team_size=32
[OMPT] implicit_task_begin: parallel_id=281474976710927 thread_num=18 team_size=32
[OMPT] implicit_task_end: parallel_id=0 thread_num=6
[OMPT] implicit_task_begin: parallel_id=281474976710927 thread_num=6 team_size=32
[OMPT] implicit_task_end: parallel_id=0 thread_num=7
[OMPT] implicit_task_begin: parallel_id=281474976710927 thread_num=7 team_size=32
[OMPT] implicit_task_begin: parallel_id=281474976710927 thread_num=25 team_size=32
[OMPT] implicit_task_end: parallel_id=0 thread_num=14
[OMPT] implicit_task_begin: parallel_id=281474976710927 thread_num=14 team_size=32
[OMPT] implicit_task_begin: parallel_id=281474976710927 thread_num=23 team_size=32
[OMPT] implicit_task_begin: parallel_id=281474976710927 thread_num=21 team_size=32
[OMPT] implicit_task_begin: parallel_id=281474976710927 thread_num=10 team_size=32
[OMPT] implicit_task_end: parallel_id=0 thread_num=26
[OMPT] implicit_task_begin: parallel_id=281474976710927 thread_num=26 team_size=32
[OMPT] implicit_task_end: parallel_id=0 thread_num=0
[OMPT] parallel_end: parallel_id=281474976710927
[OMPT] parallel_begin: parallel_id=281474976710929 team_size=32
[OMPT] implicit_task_end: parallel_id=0 thread_num=16
[OMPT] implicit_task_end: parallel_id=0 thread_num=8
[OMPT] implicit_task_begin: parallel_id=281474976710929 thread_num=0 team_size=32
[OMPT] implicit_task_end: parallel_id=0 thread_num=11
[OMPT] implicit_task_end: parallel_id=0 thread_num=18
[OMPT] implicit_task_end: parallel_id=0 thread_num=9
[OMPT] implicit_task_end: parallel_id=0 thread_num=4
[OMPT] implicit_task_begin: parallel_id=281474976710929 thread_num=11 team_size=32
[OMPT] implicit_task_begin: parallel_id=281474976710929 thread_num=9 team_size=32
[OMPT] implicit_task_end: parallel_id=0 thread_num=28
[OMPT] implicit_task_end: parallel_id=0 thread_num=2
[OMPT] implicit_task_end: parallel_id=0 thread_num=19
[OMPT] implicit_task_end: parallel_id=0 thread_num=30
[OMPT] implicit_task_begin: parallel_id=281474976710929 thread_num=28 team_size=32
[OMPT] implicit_task_end: parallel_id=0 thread_num=20
[OMPT] implicit_task_end: parallel_id=0 thread_num=12
[OMPT] implicit_task_begin: parallel_id=281474976710929 thread_num=20 team_size=32
[OMPT] implicit_task_end: parallel_id=0 thread_num=14
[OMPT] implicit_task_end: parallel_id=0 thread_num=1
[OMPT] implicit_task_end: parallel_id=0 thread_num=7
[OMPT] implicit_task_end: parallel_id=0 thread_num=5
[OMPT] implicit_task_begin: parallel_id=281474976710929 thread_num=14 team_size=32
[OMPT] implicit_task_begin: parallel_id=281474976710929 thread_num=18 team_size=32
[OMPT] implicit_task_end: parallel_id=0 thread_num=24
[OMPT] implicit_task_begin: parallel_id=281474976710929 thread_num=4 team_size=32
[OMPT] implicit_task_end: parallel_id=0 thread_num=25
[OMPT] implicit_task_end: parallel_id=0 thread_num=29
[OMPT] implicit_task_begin: parallel_id=281474976710929 thread_num=25 team_size=32
[OMPT] implicit_task_begin: parallel_id=281474976710929 thread_num=2 team_size=32
[OMPT] implicit_task_end: parallel_id=0 thread_num=10
[OMPT] implicit_task_begin: parallel_id=281474976710929 thread_num=19 team_size=32
[OMPT] implicit_task_begin: parallel_id=281474976710929 thread_num=30 team_size=32
[OMPT] implicit_task_end: parallel_id=0 thread_num=22
[OMPT] implicit_task_end: parallel_id=0 thread_num=21
[OMPT] implicit_task_begin: parallel_id=281474976710929 thread_num=22 team_size=32
[OMPT] implicit_task_end: parallel_id=0 thread_num=23
[OMPT] implicit_task_begin: parallel_id=281474976710929 thread_num=21 team_size=32
[OMPT] implicit_task_begin: parallel_id=281474976710929 thread_num=23 team_size=32
[OMPT] implicit_task_end: parallel_id=0 thread_num=15
[OMPT] implicit_task_begin: parallel_id=281474976710929 thread_num=15 team_size=32
[OMPT] implicit_task_begin: parallel_id=281474976710929 thread_num=12 team_size=32
[OMPT] implicit_task_end: parallel_id=0 thread_num=6
[OMPT] implicit_task_begin: parallel_id=281474976710929 thread_num=6 team_size=32
[OMPT] implicit_task_end: parallel_id=0 thread_num=3
[OMPT] implicit_task_begin: parallel_id=281474976710929 thread_num=3 team_size=32
[OMPT] implicit_task_begin: parallel_id=281474976710929 thread_num=1 team_size=32
[OMPT] implicit_task_begin: parallel_id=281474976710929 thread_num=5 team_size=32
[OMPT] implicit_task_begin: parallel_id=281474976710929 thread_num=7 team_size=32
[OMPT] implicit_task_end: parallel_id=0 thread_num=27
[OMPT] implicit_task_end: parallel_id=0 thread_num=26
[OMPT] implicit_task_begin: parallel_id=281474976710929 thread_num=27 team_size=32
[OMPT] implicit_task_begin: parallel_id=281474976710929 thread_num=26 team_size=32
[OMPT] implicit_task_end: parallel_id=0 thread_num=17
[OMPT] implicit_task_begin: parallel_id=281474976710929 thread_num=17 team_size=32
[OMPT] implicit_task_begin: parallel_id=281474976710929 thread_num=16 team_size=32
[OMPT] implicit_task_begin: parallel_id=281474976710929 thread_num=10 team_size=32
[OMPT] implicit_task_begin: parallel_id=281474976710929 thread_num=8 team_size=32
[OMPT] implicit_task_end: parallel_id=0 thread_num=13
[OMPT] implicit_task_begin: parallel_id=281474976710929 thread_num=13 team_size=32
[OMPT] implicit_task_begin: parallel_id=281474976710929 thread_num=24 team_size=32
[OMPT] implicit_task_end: parallel_id=0 thread_num=31
[OMPT] implicit_task_begin: parallel_id=281474976710929 thread_num=31 team_size=32
[OMPT] implicit_task_begin: parallel_id=281474976710929 thread_num=29 team_size=32
[OMPT] implicit_task_end: parallel_id=0 thread_num=0
[OMPT] parallel_end: parallel_id=281474976710929
[OMPT] parallel_begin: parallel_id=281474976710931 team_size=32
[OMPT] implicit_task_end: parallel_id=0 thread_num=12
[OMPT] implicit_task_end: parallel_id=0 thread_num=1
[OMPT] implicit_task_end: parallel_id=0 thread_num=15
[OMPT] implicit_task_begin: parallel_id=281474976710931 thread_num=0 team_size=32
[OMPT] implicit_task_end: parallel_id=0 thread_num=16
[OMPT] implicit_task_end: parallel_id=0 thread_num=4
[OMPT] implicit_task_end: parallel_id=0 thread_num=2
[OMPT] implicit_task_begin: parallel_id=281474976710931 thread_num=1 team_size=32
[OMPT] implicit_task_begin: parallel_id=281474976710931 thread_num=12 team_size=32
[OMPT] implicit_task_end: parallel_id=0 thread_num=7
[OMPT] implicit_task_end: parallel_id=0 thread_num=5
[OMPT] implicit_task_begin: parallel_id=281474976710931 thread_num=16 team_size=32
[OMPT] implicit_task_end: parallel_id=0 thread_num=28
[OMPT] implicit_task_begin: parallel_id=281474976710931 thread_num=2 team_size=32
[OMPT] implicit_task_end: parallel_id=0 thread_num=3
[OMPT] implicit_task_begin: parallel_id=281474976710931 thread_num=7 team_size=32
[OMPT] implicit_task_begin: parallel_id=281474976710931 thread_num=28 team_size=32
[OMPT] implicit_task_end: parallel_id=0 thread_num=19
[OMPT] implicit_task_begin: parallel_id=281474976710931 thread_num=4 team_size=32
[OMPT] implicit_task_end: parallel_id=0 thread_num=14
[OMPT] implicit_task_end: parallel_id=0 thread_num=13
[OMPT] implicit_task_begin: parallel_id=281474976710931 thread_num=5 team_size=32
[OMPT] implicit_task_end: parallel_id=0 thread_num=24
[OMPT] implicit_task_end: parallel_id=0 thread_num=27
[OMPT] implicit_task_end: parallel_id=0 thread_num=26
[OMPT] implicit_task_end: parallel_id=0 thread_num=31
[OMPT] implicit_task_begin: parallel_id=281474976710931 thread_num=3 team_size=32
[OMPT] implicit_task_begin: parallel_id=281474976710931 thread_num=19 team_size=32
[OMPT] implicit_task_end: parallel_id=0 thread_num=18
[OMPT] implicit_task_begin: parallel_id=281474976710931 thread_num=13 team_size=32
[OMPT] implicit_task_begin: parallel_id=281474976710931 thread_num=31 team_size=32
[OMPT] implicit_task_begin: parallel_id=281474976710931 thread_num=18 team_size=32
[OMPT] implicit_task_end: parallel_id=0 thread_num=6
[OMPT] implicit_task_end: parallel_id=0 thread_num=20
[OMPT] implicit_task_end: parallel_id=0 thread_num=25
[OMPT] implicit_task_end: parallel_id=0 thread_num=21
[OMPT] implicit_task_end: parallel_id=0 thread_num=30
[OMPT] implicit_task_begin: parallel_id=281474976710931 thread_num=25 team_size=32
[OMPT] implicit_task_end: parallel_id=0 thread_num=29
[OMPT] implicit_task_begin: parallel_id=281474976710931 thread_num=30 team_size=32
[OMPT] implicit_task_begin: parallel_id=281474976710931 thread_num=29 team_size=32
[OMPT] implicit_task_end: parallel_id=0 thread_num=8
[OMPT] implicit_task_end: parallel_id=0 thread_num=11
[OMPT] implicit_task_begin: parallel_id=281474976710931 thread_num=27 team_size=32
[OMPT] implicit_task_begin: parallel_id=281474976710931 thread_num=6 team_size=32
[OMPT] implicit_task_begin: parallel_id=281474976710931 thread_num=14 team_size=32
[OMPT] implicit_task_end: parallel_id=0 thread_num=23
[OMPT] implicit_task_end: parallel_id=0 thread_num=22
[OMPT] implicit_task_begin: parallel_id=281474976710931 thread_num=20 team_size=32
[OMPT] implicit_task_begin: parallel_id=281474976710931 thread_num=24 team_size=32
[OMPT] implicit_task_begin: parallel_id=281474976710931 thread_num=21 team_size=32
[OMPT] implicit_task_end: parallel_id=0 thread_num=17
[OMPT] implicit_task_end: parallel_id=0 thread_num=10
[OMPT] implicit_task_begin: parallel_id=281474976710931 thread_num=17 team_size=32
[OMPT] implicit_task_end: parallel_id=0 thread_num=9
[OMPT] implicit_task_begin: parallel_id=281474976710931 thread_num=15 team_size=32
[OMPT] implicit_task_begin: parallel_id=281474976710931 thread_num=9 team_size=32
[OMPT] implicit_task_begin: parallel_id=281474976710931 thread_num=8 team_size=32
[OMPT] implicit_task_begin: parallel_id=281474976710931 thread_num=11 team_size=32
[OMPT] implicit_task_begin: parallel_id=281474976710931 thread_num=23 team_size=32
[OMPT] implicit_task_begin: parallel_id=281474976710931 thread_num=22 team_size=32
[OMPT] implicit_task_begin: parallel_id=281474976710931 thread_num=26 team_size=32
[OMPT] implicit_task_begin: parallel_id=281474976710931 thread_num=10 team_size=32
[OMPT] implicit_task_end: parallel_id=0 thread_num=0
[OMPT] parallel_end: parallel_id=281474976710931
[OMPT] parallel_begin: parallel_id=281474976710933 team_size=32
[OMPT] implicit_task_end: parallel_id=0 thread_num=16
[OMPT] implicit_task_end: parallel_id=0 thread_num=2
[OMPT] implicit_task_begin: parallel_id=281474976710933 thread_num=0 team_size=32
[OMPT] implicit_task_end: parallel_id=0 thread_num=20
[OMPT] implicit_task_begin: parallel_id=281474976710933 thread_num=16 team_size=32
[OMPT] implicit_task_begin: parallel_id=281474976710933 thread_num=2 team_size=32
[OMPT] implicit_task_end: parallel_id=0 thread_num=22
[OMPT] implicit_task_end: parallel_id=0 thread_num=21
[OMPT] implicit_task_end: parallel_id=0 thread_num=1
[OMPT] implicit_task_end: parallel_id=0 thread_num=19
[OMPT] implicit_task_end: parallel_id=0 thread_num=18
[OMPT] implicit_task_end: parallel_id=0 thread_num=17
[OMPT] implicit_task_end: parallel_id=0 thread_num=28
[OMPT] implicit_task_end: parallel_id=0 thread_num=8
[OMPT] implicit_task_end: parallel_id=0 thread_num=30
[OMPT] implicit_task_end: parallel_id=0 thread_num=23
[OMPT] implicit_task_end: parallel_id=0 thread_num=11
[OMPT] implicit_task_begin: parallel_id=281474976710933 thread_num=8 team_size=32
[OMPT] implicit_task_end: parallel_id=0 thread_num=4
[OMPT] implicit_task_begin: parallel_id=281474976710933 thread_num=30 team_size=32
[OMPT] implicit_task_end: parallel_id=0 thread_num=6
[OMPT] implicit_task_end: parallel_id=0 thread_num=24
[OMPT] implicit_task_begin: parallel_id=281474976710933 thread_num=4 team_size=32
[OMPT] implicit_task_begin: parallel_id=281474976710933 thread_num=21 team_size=32
[OMPT] implicit_task_end: parallel_id=0 thread_num=26
[OMPT] implicit_task_begin: parallel_id=281474976710933 thread_num=24 team_size=32
[OMPT] implicit_task_begin: parallel_id=281474976710933 thread_num=18 team_size=32
[OMPT] implicit_task_end: parallel_id=0 thread_num=29
[OMPT] implicit_task_begin: parallel_id=281474976710933 thread_num=28 team_size=32
[OMPT] implicit_task_begin: parallel_id=281474976710933 thread_num=29 team_size=32
[OMPT] implicit_task_end: parallel_id=0 thread_num=10
[OMPT] implicit_task_end: parallel_id=0 thread_num=9
[OMPT] implicit_task_begin: parallel_id=281474976710933 thread_num=20 team_size=32
[OMPT] implicit_task_begin: parallel_id=281474976710933 thread_num=9 team_size=32
[OMPT] implicit_task_end: parallel_id=0 thread_num=5
[OMPT] implicit_task_end: parallel_id=0 thread_num=7
[OMPT] implicit_task_begin: parallel_id=281474976710933 thread_num=22 team_size=32
[OMPT] implicit_task_begin: parallel_id=281474976710933 thread_num=7 team_size=32
[OMPT] implicit_task_end: parallel_id=0 thread_num=3
[OMPT] implicit_task_begin: parallel_id=281474976710933 thread_num=23 team_size=32
[OMPT] implicit_task_begin: parallel_id=281474976710933 thread_num=3 team_size=32
[OMPT] implicit_task_begin: parallel_id=281474976710933 thread_num=11 team_size=32
[OMPT] implicit_task_end: parallel_id=0 thread_num=27
[OMPT] implicit_task_begin: parallel_id=281474976710933 thread_num=27 team_size=32
[OMPT] implicit_task_end: parallel_id=0 thread_num=25
[OMPT] implicit_task_begin: parallel_id=281474976710933 thread_num=25 team_size=32
[OMPT] implicit_task_begin: parallel_id=281474976710933 thread_num=6 team_size=32
[OMPT] implicit_task_begin: parallel_id=281474976710933 thread_num=19 team_size=32
[OMPT] implicit_task_end: parallel_id=0 thread_num=31
[OMPT] implicit_task_begin: parallel_id=281474976710933 thread_num=31 team_size=32
[OMPT] implicit_task_begin: parallel_id=281474976710933 thread_num=26 team_size=32
[OMPT] implicit_task_end: parallel_id=0 thread_num=12
[OMPT] implicit_task_end: parallel_id=0 thread_num=15
[OMPT] implicit_task_begin: parallel_id=281474976710933 thread_num=12 team_size=32
[OMPT] implicit_task_begin: parallel_id=281474976710933 thread_num=15 team_size=32
[OMPT] implicit_task_begin: parallel_id=281474976710933 thread_num=10 team_size=32
[OMPT] implicit_task_begin: parallel_id=281474976710933 thread_num=5 team_size=32
[OMPT] implicit_task_begin: parallel_id=281474976710933 thread_num=1 team_size=32
[OMPT] implicit_task_end: parallel_id=0 thread_num=14
[OMPT] implicit_task_begin: parallel_id=281474976710933 thread_num=14 team_size=32
[OMPT] implicit_task_begin: parallel_id=281474976710933 thread_num=17 team_size=32
[OMPT] implicit_task_end: parallel_id=0 thread_num=13
[OMPT] implicit_task_begin: parallel_id=281474976710933 thread_num=13 team_size=32
[OMPT] implicit_task_end: parallel_id=0 thread_num=0
[OMPT] parallel_end: parallel_id=281474976710933
[OMPT] parallel_begin: parallel_id=281474976710935 team_size=32
[OMPT] implicit_task_end: parallel_id=0 thread_num=16
[OMPT] implicit_task_end: parallel_id=0 thread_num=12
[OMPT] implicit_task_begin: parallel_id=281474976710935 thread_num=0 team_size=32
[OMPT] implicit_task_end: parallel_id=0 thread_num=13
[OMPT] implicit_task_end: parallel_id=0 thread_num=28
[OMPT] implicit_task_begin: parallel_id=281474976710935 thread_num=12 team_size=32
[OMPT] implicit_task_end: parallel_id=0 thread_num=8
[OMPT] implicit_task_end: parallel_id=0 thread_num=30
[OMPT] implicit_task_end: parallel_id=0 thread_num=1
[OMPT] implicit_task_end: parallel_id=0 thread_num=2
[OMPT] implicit_task_begin: parallel_id=281474976710935 thread_num=8 team_size=32
[OMPT] implicit_task_end: parallel_id=0 thread_num=20
[OMPT] implicit_task_begin: parallel_id=281474976710935 thread_num=2 team_size=32
[OMPT] implicit_task_begin: parallel_id=281474976710935 thread_num=1 team_size=32
[OMPT] implicit_task_end: parallel_id=0 thread_num=17
[OMPT] implicit_task_end: parallel_id=0 thread_num=14
[OMPT] implicit_task_begin: parallel_id=281474976710935 thread_num=17 team_size=32
[OMPT] implicit_task_end: parallel_id=0 thread_num=24
[OMPT] implicit_task_end: parallel_id=0 thread_num=31
[OMPT] implicit_task_end: parallel_id=0 thread_num=27
[OMPT] implicit_task_begin: parallel_id=281474976710935 thread_num=24 team_size=32
[OMPT] implicit_task_begin: parallel_id=281474976710935 thread_num=31 team_size=32
[OMPT] implicit_task_end: parallel_id=0 thread_num=29
[OMPT] implicit_task_begin: parallel_id=281474976710935 thread_num=28 team_size=32
[OMPT] implicit_task_begin: parallel_id=281474976710935 thread_num=29 team_size=32
[OMPT] implicit_task_end: parallel_id=0 thread_num=19
[OMPT] implicit_task_end: parallel_id=0 thread_num=11
[OMPT] implicit_task_begin: parallel_id=281474976710935 thread_num=19 team_size=32
[OMPT] implicit_task_end: parallel_id=0 thread_num=9
[OMPT] implicit_task_end: parallel_id=0 thread_num=10
[OMPT] implicit_task_begin: parallel_id=281474976710935 thread_num=9 team_size=32
[OMPT] implicit_task_begin: parallel_id=281474976710935 thread_num=30 team_size=32
[OMPT] implicit_task_end: parallel_id=0 thread_num=18
[OMPT] implicit_task_end: parallel_id=0 thread_num=15
[OMPT] implicit_task_end: parallel_id=0 thread_num=22
[OMPT] implicit_task_begin: parallel_id=281474976710935 thread_num=15 team_size=32
[OMPT] implicit_task_end: parallel_id=0 thread_num=21
[OMPT] implicit_task_begin: parallel_id=281474976710935 thread_num=22 team_size=32
[OMPT] implicit_task_begin: parallel_id=281474976710935 thread_num=21 team_size=32
[OMPT] implicit_task_begin: parallel_id=281474976710935 thread_num=20 team_size=32
[OMPT] implicit_task_begin: parallel_id=281474976710935 thread_num=14 team_size=32
[OMPT] implicit_task_end: parallel_id=0 thread_num=4
[OMPT] implicit_task_end: parallel_id=0 thread_num=7
[OMPT] implicit_task_begin: parallel_id=281474976710935 thread_num=4 team_size=32
[OMPT] implicit_task_end: parallel_id=0 thread_num=25
[OMPT] implicit_task_end: parallel_id=0 thread_num=26
[OMPT] implicit_task_begin: parallel_id=281474976710935 thread_num=25 team_size=32
[OMPT] implicit_task_begin: parallel_id=281474976710935 thread_num=26 team_size=32
[OMPT] implicit_task_end: parallel_id=0 thread_num=3
[OMPT] implicit_task_begin: parallel_id=281474976710935 thread_num=13 team_size=32
[OMPT] implicit_task_begin: parallel_id=281474976710935 thread_num=11 team_size=32
[OMPT] implicit_task_begin: parallel_id=281474976710935 thread_num=10 team_size=32
[OMPT] implicit_task_begin: parallel_id=281474976710935 thread_num=18 team_size=32
[OMPT] implicit_task_end: parallel_id=0 thread_num=23
[OMPT] implicit_task_begin: parallel_id=281474976710935 thread_num=23 team_size=32
[OMPT] implicit_task_end: parallel_id=0 thread_num=5
[OMPT] implicit_task_begin: parallel_id=281474976710935 thread_num=5 team_size=32
[OMPT] implicit_task_end: parallel_id=0 thread_num=6
[OMPT] implicit_task_begin: parallel_id=281474976710935 thread_num=6 team_size=32
[OMPT] implicit_task_begin: parallel_id=281474976710935 thread_num=7 team_size=32
[OMPT] implicit_task_begin: parallel_id=281474976710935 thread_num=27 team_size=32
[OMPT] implicit_task_begin: parallel_id=281474976710935 thread_num=3 team_size=32
[OMPT] implicit_task_begin: parallel_id=281474976710935 thread_num=16 team_size=32
[OMPT] implicit_task_end: parallel_id=0 thread_num=0
[OMPT] parallel_end: parallel_id=281474976710935
[OMPT] parallel_begin: parallel_id=281474976710937 team_size=32
[OMPT] implicit_task_end: parallel_id=0 thread_num=16
[OMPT] implicit_task_end: parallel_id=0 thread_num=1
[OMPT] implicit_task_end: parallel_id=0 thread_num=18
[OMPT] implicit_task_end: parallel_id=0 thread_num=17
[OMPT] implicit_task_end: parallel_id=0 thread_num=8
[OMPT] implicit_task_end: parallel_id=0 thread_num=3
[OMPT] implicit_task_end: parallel_id=0 thread_num=12
[OMPT] implicit_task_begin: parallel_id=281474976710937 thread_num=18 team_size=32
[OMPT] implicit_task_end: parallel_id=0 thread_num=15
[OMPT] implicit_task_end: parallel_id=0 thread_num=20
[OMPT] implicit_task_end: parallel_id=0 thread_num=19
[OMPT] implicit_task_end: parallel_id=0 thread_num=22
[OMPT] implicit_task_begin: parallel_id=281474976710937 thread_num=12 team_size=32
[OMPT] implicit_task_end: parallel_id=0 thread_num=11
[OMPT] implicit_task_end: parallel_id=0 thread_num=9
[OMPT] implicit_task_begin: parallel_id=281474976710937 thread_num=19 team_size=32
[OMPT] implicit_task_begin: parallel_id=281474976710937 thread_num=20 team_size=32
[OMPT] implicit_task_begin: parallel_id=281474976710937 thread_num=9 team_size=32
[OMPT] implicit_task_end: parallel_id=0 thread_num=4
[OMPT] implicit_task_end: parallel_id=0 thread_num=7
[OMPT] implicit_task_end: parallel_id=0 thread_num=5
[OMPT] implicit_task_end: parallel_id=0 thread_num=2
[OMPT] implicit_task_begin: parallel_id=281474976710937 thread_num=4 team_size=32
[OMPT] implicit_task_begin: parallel_id=281474976710937 thread_num=2 team_size=32
[OMPT] implicit_task_end: parallel_id=0 thread_num=13
[OMPT] implicit_task_end: parallel_id=0 thread_num=28
[OMPT] implicit_task_begin: parallel_id=281474976710937 thread_num=13 team_size=32
[OMPT] implicit_task_end: parallel_id=0 thread_num=30
[OMPT] implicit_task_begin: parallel_id=281474976710937 thread_num=15 team_size=32
[OMPT] implicit_task_begin: parallel_id=281474976710937 thread_num=30 team_size=32
[OMPT] implicit_task_begin: parallel_id=281474976710937 thread_num=17 team_size=32
[OMPT] implicit_task_begin: parallel_id=281474976710937 thread_num=16 team_size=32
[OMPT] implicit_task_begin: parallel_id=281474976710937 thread_num=22 team_size=32
[OMPT] implicit_task_end: parallel_id=0 thread_num=10
[OMPT] implicit_task_begin: parallel_id=281474976710937 thread_num=10 team_size=32
[OMPT] implicit_task_begin: parallel_id=281474976710937 thread_num=11 team_size=32
[OMPT] implicit_task_begin: parallel_id=281474976710937 thread_num=1 team_size=32
[OMPT] implicit_task_end: parallel_id=0 thread_num=6
[OMPT] implicit_task_begin: parallel_id=281474976710937 thread_num=6 team_size=32
[OMPT] implicit_task_begin: parallel_id=281474976710937 thread_num=3 team_size=32
[OMPT] implicit_task_end: parallel_id=0 thread_num=14
[OMPT] implicit_task_begin: parallel_id=281474976710937 thread_num=8 team_size=32
[OMPT] implicit_task_begin: parallel_id=281474976710937 thread_num=5 team_size=32
[OMPT] implicit_task_begin: parallel_id=281474976710937 thread_num=7 team_size=32
[OMPT] implicit_task_end: parallel_id=0 thread_num=24
[OMPT] implicit_task_end: parallel_id=0 thread_num=27
[OMPT] implicit_task_begin: parallel_id=281474976710937 thread_num=24 team_size=32
[OMPT] implicit_task_end: parallel_id=0 thread_num=31
[OMPT] implicit_task_end: parallel_id=0 thread_num=29
[OMPT] implicit_task_begin: parallel_id=281474976710937 thread_num=31 team_size=32
[OMPT] implicit_task_begin: parallel_id=281474976710937 thread_num=29 team_size=32
[OMPT] implicit_task_end: parallel_id=0 thread_num=23
[OMPT] implicit_task_end: parallel_id=0 thread_num=21
[OMPT] implicit_task_begin: parallel_id=281474976710937 thread_num=23 team_size=32
[OMPT] implicit_task_begin: parallel_id=281474976710937 thread_num=21 team_size=32
[OMPT] implicit_task_end: parallel_id=0 thread_num=25
[OMPT] implicit_task_begin: parallel_id=281474976710937 thread_num=27 team_size=32
[OMPT] implicit_task_begin: parallel_id=281474976710937 thread_num=25 team_size=32
[OMPT] implicit_task_begin: parallel_id=281474976710937 thread_num=0 team_size=32
[OMPT] implicit_task_begin: parallel_id=281474976710937 thread_num=14 team_size=32
[OMPT] implicit_task_end: parallel_id=0 thread_num=26
[OMPT] implicit_task_begin: parallel_id=281474976710937 thread_num=28 team_size=32
[OMPT] implicit_task_begin: parallel_id=281474976710937 thread_num=26 team_size=32
[OMPT] implicit_task_end: parallel_id=0 thread_num=0
[OMPT] parallel_end: parallel_id=281474976710937
[OMPT] parallel_begin: parallel_id=281474976710939 team_size=32
[OMPT] implicit_task_end: parallel_id=0 thread_num=16
[OMPT] implicit_task_end: parallel_id=0 thread_num=3
[OMPT] implicit_task_end: parallel_id=0 thread_num=19
[OMPT] implicit_task_end: parallel_id=0 thread_num=17
[OMPT] implicit_task_end: parallel_id=0 thread_num=8
[OMPT] implicit_task_end: parallel_id=0 thread_num=1
[OMPT] implicit_task_end: parallel_id=0 thread_num=9
[OMPT] implicit_task_end: parallel_id=0 thread_num=2
[OMPT] implicit_task_begin: parallel_id=281474976710939 thread_num=8 team_size=32
[OMPT] implicit_task_begin: parallel_id=281474976710939 thread_num=9 team_size=32
[OMPT] implicit_task_end: parallel_id=0 thread_num=24
[OMPT] implicit_task_begin: parallel_id=281474976710939 thread_num=1 team_size=32
[OMPT] implicit_task_end: parallel_id=0 thread_num=25
[OMPT] implicit_task_begin: parallel_id=281474976710939 thread_num=24 team_size=32
[OMPT] implicit_task_begin: parallel_id=281474976710939 thread_num=25 team_size=32
[OMPT] implicit_task_begin: parallel_id=281474976710939 thread_num=16 team_size=32
[OMPT] implicit_task_begin: parallel_id=281474976710939 thread_num=3 team_size=32
[OMPT] implicit_task_begin: parallel_id=281474976710939 thread_num=19 team_size=32
[OMPT] implicit_task_begin: parallel_id=281474976710939 thread_num=17 team_size=32
[OMPT] implicit_task_end: parallel_id=0 thread_num=11
[OMPT] implicit_task_end: parallel_id=0 thread_num=10
[OMPT] implicit_task_begin: parallel_id=281474976710939 thread_num=11 team_size=32
[OMPT] implicit_task_end: parallel_id=0 thread_num=4
[OMPT] implicit_task_end: parallel_id=0 thread_num=7
[OMPT] implicit_task_end: parallel_id=0 thread_num=6
[OMPT] implicit_task_end: parallel_id=0 thread_num=28
[OMPT] implicit_task_begin: parallel_id=281474976710939 thread_num=6 team_size=32
[OMPT] implicit_task_end: parallel_id=0 thread_num=29
[OMPT] implicit_task_end: parallel_id=0 thread_num=27
[OMPT] implicit_task_end: parallel_id=0 thread_num=26
[OMPT] implicit_task_end: parallel_id=0 thread_num=20
[OMPT] implicit_task_end: parallel_id=0 thread_num=12
[OMPT] implicit_task_begin: parallel_id=281474976710939 thread_num=20 team_size=32
[OMPT] implicit_task_end: parallel_id=0 thread_num=21
[OMPT] implicit_task_end: parallel_id=0 thread_num=13
[OMPT] implicit_task_begin: parallel_id=281474976710939 thread_num=12 team_size=32
[OMPT] implicit_task_begin: parallel_id=281474976710939 thread_num=4 team_size=32
[OMPT] implicit_task_begin: parallel_id=281474976710939 thread_num=7 team_size=32
[OMPT] implicit_task_end: parallel_id=0 thread_num=31
[OMPT] implicit_task_end: parallel_id=0 thread_num=30
[OMPT] implicit_task_begin: parallel_id=281474976710939 thread_num=28 team_size=32
[OMPT] implicit_task_begin: parallel_id=281474976710939 thread_num=2 team_size=32
[OMPT] implicit_task_begin: parallel_id=281474976710939 thread_num=29 team_size=32
[OMPT] implicit_task_begin: parallel_id=281474976710939 thread_num=27 team_size=32
[OMPT] implicit_task_end: parallel_id=0 thread_num=18
[OMPT] implicit_task_end: parallel_id=0 thread_num=22
[OMPT] implicit_task_begin: parallel_id=281474976710939 thread_num=18 team_size=32
[OMPT] implicit_task_end: parallel_id=0 thread_num=23
[OMPT] implicit_task_begin: parallel_id=281474976710939 thread_num=22 team_size=32
[OMPT] implicit_task_begin: parallel_id=281474976710939 thread_num=10 team_size=32
[OMPT] implicit_task_begin: parallel_id=281474976710939 thread_num=23 team_size=32
[OMPT] implicit_task_end: parallel_id=0 thread_num=5
[OMPT] implicit_task_end: parallel_id=0 thread_num=14
[OMPT] implicit_task_end: parallel_id=0 thread_num=15
[OMPT] implicit_task_begin: parallel_id=281474976710939 thread_num=21 team_size=32
[OMPT] implicit_task_begin: parallel_id=281474976710939 thread_num=15 team_size=32
[OMPT] implicit_task_begin: parallel_id=281474976710939 thread_num=0 team_size=32
[OMPT] implicit_task_begin: parallel_id=281474976710939 thread_num=13 team_size=32
[OMPT] implicit_task_begin: parallel_id=281474976710939 thread_num=31 team_size=32
[OMPT] implicit_task_begin: parallel_id=281474976710939 thread_num=30 team_size=32
[OMPT] implicit_task_begin: parallel_id=281474976710939 thread_num=26 team_size=32
[OMPT] implicit_task_begin: parallel_id=281474976710939 thread_num=5 team_size=32
[OMPT] implicit_task_begin: parallel_id=281474976710939 thread_num=14 team_size=32
[OMPT] implicit_task_end: parallel_id=0 thread_num=0
[OMPT] parallel_end: parallel_id=281474976710939
[OMPT] parallel_begin: parallel_id=281474976710941 team_size=32
[OMPT] implicit_task_end: parallel_id=0 thread_num=16
[OMPT] implicit_task_end: parallel_id=0 thread_num=2
[OMPT] implicit_task_end: parallel_id=0 thread_num=19
[OMPT] implicit_task_end: parallel_id=0 thread_num=17
[OMPT] implicit_task_end: parallel_id=0 thread_num=4
[OMPT] implicit_task_end: parallel_id=0 thread_num=7
[OMPT] implicit_task_begin: parallel_id=281474976710941 thread_num=4 team_size=32
[OMPT] implicit_task_end: parallel_id=0 thread_num=8
[OMPT] implicit_task_begin: parallel_id=281474976710941 thread_num=7 team_size=32
[OMPT] implicit_task_end: parallel_id=0 thread_num=11
[OMPT] implicit_task_begin: parallel_id=281474976710941 thread_num=0 team_size=32
[OMPT] implicit_task_end: parallel_id=0 thread_num=24
[OMPT] implicit_task_begin: parallel_id=281474976710941 thread_num=11 team_size=32
[OMPT] implicit_task_end: parallel_id=0 thread_num=26
[OMPT] implicit_task_begin: parallel_id=281474976710941 thread_num=24 team_size=32
[OMPT] implicit_task_end: parallel_id=0 thread_num=12
[OMPT] implicit_task_begin: parallel_id=281474976710941 thread_num=26 team_size=32
[OMPT] implicit_task_end: parallel_id=0 thread_num=14
[OMPT] implicit_task_end: parallel_id=0 thread_num=15
[OMPT] implicit_task_end: parallel_id=0 thread_num=5
[OMPT] implicit_task_begin: parallel_id=281474976710941 thread_num=14 team_size=32
[OMPT] implicit_task_begin: parallel_id=281474976710941 thread_num=17 team_size=32
[OMPT] implicit_task_end: parallel_id=0 thread_num=3
[OMPT] implicit_task_end: parallel_id=0 thread_num=10
[OMPT] implicit_task_end: parallel_id=0 thread_num=9
[OMPT] implicit_task_end: parallel_id=0 thread_num=28
[OMPT] implicit_task_begin: parallel_id=281474976710941 thread_num=8 team_size=32
[OMPT] implicit_task_begin: parallel_id=281474976710941 thread_num=28 team_size=32
[OMPT] implicit_task_end: parallel_id=0 thread_num=27
[OMPT] implicit_task_begin: parallel_id=281474976710941 thread_num=27 team_size=32
[OMPT] implicit_task_end: parallel_id=0 thread_num=18
[OMPT] implicit_task_begin: parallel_id=281474976710941 thread_num=18 team_size=32
[OMPT] implicit_task_begin: parallel_id=281474976710941 thread_num=16 team_size=32
[OMPT] implicit_task_begin: parallel_id=281474976710941 thread_num=2 team_size=32
[OMPT] implicit_task_end: parallel_id=0 thread_num=13
[OMPT] implicit_task_begin: parallel_id=281474976710941 thread_num=19 team_size=32
[OMPT] implicit_task_begin: parallel_id=281474976710941 thread_num=12 team_size=32
[OMPT] implicit_task_begin: parallel_id=281474976710941 thread_num=15 team_size=32
[OMPT] implicit_task_end: parallel_id=0 thread_num=6
[OMPT] implicit_task_begin: parallel_id=281474976710941 thread_num=6 team_size=32
[OMPT] implicit_task_begin: parallel_id=281474976710941 thread_num=5 team_size=32
[OMPT] implicit_task_begin: parallel_id=281474976710941 thread_num=3 team_size=32
[OMPT] implicit_task_begin: parallel_id=281474976710941 thread_num=10 team_size=32
[OMPT] implicit_task_begin: parallel_id=281474976710941 thread_num=9 team_size=32
[OMPT] implicit_task_end: parallel_id=0 thread_num=31
[OMPT] implicit_task_begin: parallel_id=281474976710941 thread_num=31 team_size=32
[OMPT] implicit_task_end: parallel_id=0 thread_num=30
[OMPT] implicit_task_begin: parallel_id=281474976710941 thread_num=30 team_size=32
[OMPT] implicit_task_end: parallel_id=0 thread_num=29
[OMPT] implicit_task_begin: parallel_id=281474976710941 thread_num=29 team_size=32
[OMPT] implicit_task_end: parallel_id=0 thread_num=25
[OMPT] implicit_task_begin: parallel_id=281474976710941 thread_num=25 team_size=32
[OMPT] implicit_task_end: parallel_id=0 thread_num=20
[OMPT] implicit_task_end: parallel_id=0 thread_num=23
[OMPT] implicit_task_begin: parallel_id=281474976710941 thread_num=20 team_size=32
[OMPT] implicit_task_begin: parallel_id=281474976710941 thread_num=13 team_size=32
[OMPT] implicit_task_end: parallel_id=0 thread_num=1
[OMPT] implicit_task_end: parallel_id=0 thread_num=22
[OMPT] implicit_task_begin: parallel_id=281474976710941 thread_num=1 team_size=32
[OMPT] implicit_task_end: parallel_id=0 thread_num=21
[OMPT] implicit_task_begin: parallel_id=281474976710941 thread_num=22 team_size=32
[OMPT] implicit_task_begin: parallel_id=281474976710941 thread_num=23 team_size=32
[OMPT] implicit_task_begin: parallel_id=281474976710941 thread_num=21 team_size=32
[OMPT] implicit_task_end: parallel_id=0 thread_num=0
[OMPT] parallel_end: parallel_id=281474976710941
[OMPT] parallel_begin: parallel_id=281474976710943 team_size=32
[OMPT] implicit_task_end: parallel_id=0 thread_num=16
[OMPT] implicit_task_end: parallel_id=0 thread_num=3
[OMPT] implicit_task_end: parallel_id=0 thread_num=19
[OMPT] implicit_task_end: parallel_id=0 thread_num=28
[OMPT] implicit_task_end: parallel_id=0 thread_num=12
[OMPT] implicit_task_end: parallel_id=0 thread_num=31
[OMPT] implicit_task_end: parallel_id=0 thread_num=4
[OMPT] implicit_task_end: parallel_id=0 thread_num=2
[OMPT] implicit_task_begin: parallel_id=281474976710943 thread_num=12 team_size=32
[OMPT] implicit_task_begin: parallel_id=281474976710943 thread_num=0 team_size=32
[OMPT] implicit_task_begin: parallel_id=281474976710943 thread_num=2 team_size=32
[OMPT] implicit_task_end: parallel_id=0 thread_num=18
[OMPT] implicit_task_begin: parallel_id=281474976710943 thread_num=31 team_size=32
[OMPT] implicit_task_end: parallel_id=0 thread_num=17
[OMPT] implicit_task_begin: parallel_id=281474976710943 thread_num=4 team_size=32
[OMPT] implicit_task_end: parallel_id=0 thread_num=20
[OMPT] implicit_task_begin: parallel_id=281474976710943 thread_num=17 team_size=32
[OMPT] implicit_task_end: parallel_id=0 thread_num=30
[OMPT] implicit_task_begin: parallel_id=281474976710943 thread_num=20 team_size=32
[OMPT] implicit_task_begin: parallel_id=281474976710943 thread_num=30 team_size=32
[OMPT] implicit_task_end: parallel_id=0 thread_num=13
[OMPT] implicit_task_end: parallel_id=0 thread_num=14
[OMPT] implicit_task_begin: parallel_id=281474976710943 thread_num=13 team_size=32
[OMPT] implicit_task_begin: parallel_id=281474976710943 thread_num=14 team_size=32
[OMPT] implicit_task_end: parallel_id=0 thread_num=7
[OMPT] implicit_task_begin: parallel_id=281474976710943 thread_num=7 team_size=32
[OMPT] implicit_task_begin: parallel_id=281474976710943 thread_num=28 team_size=32
[OMPT] implicit_task_end: parallel_id=0 thread_num=24
[OMPT] implicit_task_end: parallel_id=0 thread_num=27
[OMPT] implicit_task_begin: parallel_id=281474976710943 thread_num=24 team_size=32
[OMPT] implicit_task_begin: parallel_id=281474976710943 thread_num=16 team_size=32
[OMPT] implicit_task_begin: parallel_id=281474976710943 thread_num=18 team_size=32
[OMPT] implicit_task_end: parallel_id=0 thread_num=1
[OMPT] implicit_task_begin: parallel_id=281474976710943 thread_num=3 team_size=32
[OMPT] implicit_task_begin: parallel_id=281474976710943 thread_num=1 team_size=32
[OMPT] implicit_task_end: parallel_id=0 thread_num=21
[OMPT] implicit_task_end: parallel_id=0 thread_num=22
[OMPT] implicit_task_end: parallel_id=0 thread_num=23
[OMPT] implicit_task_begin: parallel_id=281474976710943 thread_num=22 team_size=32
[OMPT] implicit_task_end: parallel_id=0 thread_num=29
[OMPT] implicit_task_end: parallel_id=0 thread_num=15
[OMPT] implicit_task_begin: parallel_id=281474976710943 thread_num=29 team_size=32
[OMPT] implicit_task_begin: parallel_id=281474976710943 thread_num=15 team_size=32
[OMPT] implicit_task_end: parallel_id=0 thread_num=5
[OMPT] implicit_task_end: parallel_id=0 thread_num=6
[OMPT] implicit_task_end: parallel_id=0 thread_num=25
[OMPT] implicit_task_begin: parallel_id=281474976710943 thread_num=6 team_size=32
[OMPT] implicit_task_begin: parallel_id=281474976710943 thread_num=27 team_size=32
[OMPT] implicit_task_begin: parallel_id=281474976710943 thread_num=21 team_size=32
[OMPT] implicit_task_begin: parallel_id=281474976710943 thread_num=23 team_size=32
[OMPT] implicit_task_begin: parallel_id=281474976710943 thread_num=19 team_size=32
[OMPT] implicit_task_end: parallel_id=0 thread_num=8
[OMPT] implicit_task_end: parallel_id=0 thread_num=11
[OMPT] implicit_task_begin: parallel_id=281474976710943 thread_num=8 team_size=32
[OMPT] implicit_task_end: parallel_id=0 thread_num=26
[OMPT] implicit_task_begin: parallel_id=281474976710943 thread_num=25 team_size=32
[OMPT] implicit_task_begin: parallel_id=281474976710943 thread_num=26 team_size=32
[OMPT] implicit_task_end: parallel_id=0 thread_num=9
[OMPT] implicit_task_end: parallel_id=0 thread_num=10
[OMPT] implicit_task_begin: parallel_id=281474976710943 thread_num=5 team_size=32
[OMPT] implicit_task_begin: parallel_id=281474976710943 thread_num=11 team_size=32
[OMPT] implicit_task_begin: parallel_id=281474976710943 thread_num=9 team_size=32
[OMPT] implicit_task_begin: parallel_id=281474976710943 thread_num=10 team_size=32
[OMPT] implicit_task_end: parallel_id=0 thread_num=0
[OMPT] parallel_end: parallel_id=281474976710943
[OMPT] parallel_begin: parallel_id=281474976710945 team_size=32
[OMPT] implicit_task_end: parallel_id=0 thread_num=16
[OMPT] implicit_task_end: parallel_id=0 thread_num=4
[OMPT] implicit_task_end: parallel_id=0 thread_num=18
[OMPT] implicit_task_end: parallel_id=0 thread_num=17
[OMPT] implicit_task_end: parallel_id=0 thread_num=6
[OMPT] implicit_task_begin: parallel_id=281474976710945 thread_num=18 team_size=32
[OMPT] implicit_task_end: parallel_id=0 thread_num=1
[OMPT] implicit_task_begin: parallel_id=281474976710945 thread_num=6 team_size=32
[OMPT] implicit_task_end: parallel_id=0 thread_num=2
[OMPT] implicit_task_end: parallel_id=0 thread_num=24
[OMPT] implicit_task_end: parallel_id=0 thread_num=27
[OMPT] implicit_task_end: parallel_id=0 thread_num=25
[OMPT] implicit_task_begin: parallel_id=281474976710945 thread_num=24 team_size=32
[OMPT] implicit_task_end: parallel_id=0 thread_num=19
[OMPT] implicit_task_end: parallel_id=0 thread_num=5
[OMPT] implicit_task_begin: parallel_id=281474976710945 thread_num=19 team_size=32
[OMPT] implicit_task_begin: parallel_id=281474976710945 thread_num=16 team_size=32
[OMPT] implicit_task_begin: parallel_id=281474976710945 thread_num=5 team_size=32
[OMPT] implicit_task_begin: parallel_id=281474976710945 thread_num=4 team_size=32
[OMPT] implicit_task_begin: parallel_id=281474976710945 thread_num=17 team_size=32
[OMPT] implicit_task_end: parallel_id=0 thread_num=3
[OMPT] implicit_task_begin: parallel_id=281474976710945 thread_num=0 team_size=32
[OMPT] implicit_task_begin: parallel_id=281474976710945 thread_num=1 team_size=32
[OMPT] implicit_task_end: parallel_id=0 thread_num=26
[OMPT] implicit_task_begin: parallel_id=281474976710945 thread_num=2 team_size=32
[OMPT] implicit_task_end: parallel_id=0 thread_num=20
[OMPT] implicit_task_begin: parallel_id=281474976710945 thread_num=27 team_size=32
[OMPT] implicit_task_begin: parallel_id=281474976710945 thread_num=20 team_size=32
[OMPT] implicit_task_end: parallel_id=0 thread_num=22
[OMPT] implicit_task_end: parallel_id=0 thread_num=7
[OMPT] implicit_task_end: parallel_id=0 thread_num=8
[OMPT] implicit_task_end: parallel_id=0 thread_num=11
[OMPT] implicit_task_begin: parallel_id=281474976710945 thread_num=7 team_size=32
[OMPT] implicit_task_begin: parallel_id=281474976710945 thread_num=8 team_size=32
[OMPT] implicit_task_begin: parallel_id=281474976710945 thread_num=11 team_size=32
[OMPT] implicit_task_end: parallel_id=0 thread_num=23
[OMPT] implicit_task_begin: parallel_id=281474976710945 thread_num=25 team_size=32
[OMPT] implicit_task_begin: parallel_id=281474976710945 thread_num=23 team_size=32
[OMPT] implicit_task_begin: parallel_id=281474976710945 thread_num=22 team_size=32
[OMPT] implicit_task_end: parallel_id=0 thread_num=12
[OMPT] implicit_task_end: parallel_id=0 thread_num=15
[OMPT] implicit_task_end: parallel_id=0 thread_num=9
[OMPT] implicit_task_end: parallel_id=0 thread_num=10
[OMPT] implicit_task_begin: parallel_id=281474976710945 thread_num=15 team_size=32
[OMPT] implicit_task_end: parallel_id=0 thread_num=28
[OMPT] implicit_task_begin: parallel_id=281474976710945 thread_num=10 team_size=32
[OMPT] implicit_task_end: parallel_id=0 thread_num=30
[OMPT] implicit_task_begin: parallel_id=281474976710945 thread_num=30 team_size=32
[OMPT] implicit_task_end: parallel_id=0 thread_num=13
[OMPT] implicit_task_begin: parallel_id=281474976710945 thread_num=13 team_size=32
[OMPT] implicit_task_begin: parallel_id=281474976710945 thread_num=12 team_size=32
[OMPT] implicit_task_begin: parallel_id=281474976710945 thread_num=9 team_size=32
[OMPT] implicit_task_begin: parallel_id=281474976710945 thread_num=3 team_size=32
[OMPT] implicit_task_begin: parallel_id=281474976710945 thread_num=26 team_size=32
[OMPT] implicit_task_end: parallel_id=0 thread_num=29
[OMPT] implicit_task_begin: parallel_id=281474976710945 thread_num=29 team_size=32
[OMPT] implicit_task_end: parallel_id=0 thread_num=31
[OMPT] implicit_task_begin: parallel_id=281474976710945 thread_num=31 team_size=32
[OMPT] implicit_task_begin: parallel_id=281474976710945 thread_num=28 team_size=32
[OMPT] implicit_task_end: parallel_id=0 thread_num=21
[OMPT] implicit_task_begin: parallel_id=281474976710945 thread_num=21 team_size=32
[OMPT] implicit_task_end: parallel_id=0 thread_num=14
[OMPT] implicit_task_begin: parallel_id=281474976710945 thread_num=14 team_size=32
[OMPT] implicit_task_end: parallel_id=0 thread_num=0
[OMPT] parallel_end: parallel_id=281474976710945
[OMPT] parallel_begin: parallel_id=281474976710947 team_size=32
[OMPT] implicit_task_end: parallel_id=0 thread_num=16
[OMPT] implicit_task_begin: parallel_id=281474976710947 thread_num=0 team_size=32
[OMPT] implicit_task_end: parallel_id=0 thread_num=24
[OMPT] implicit_task_begin: parallel_id=281474976710947 thread_num=16 team_size=32
[OMPT] implicit_task_end: parallel_id=0 thread_num=27
[OMPT] implicit_task_end: parallel_id=0 thread_num=8
[OMPT] implicit_task_end: parallel_id=0 thread_num=1
[OMPT] implicit_task_end: parallel_id=0 thread_num=2
[OMPT] implicit_task_begin: parallel_id=281474976710947 thread_num=1 team_size=32
[OMPT] implicit_task_begin: parallel_id=281474976710947 thread_num=2 team_size=32
[OMPT] implicit_task_end: parallel_id=0 thread_num=18
[OMPT] implicit_task_end: parallel_id=0 thread_num=28
[OMPT] implicit_task_end: parallel_id=0 thread_num=19
[OMPT] implicit_task_end: parallel_id=0 thread_num=30
[OMPT] implicit_task_begin: parallel_id=281474976710947 thread_num=19 team_size=32
[OMPT] implicit_task_end: parallel_id=0 thread_num=20
[OMPT] implicit_task_begin: parallel_id=281474976710947 thread_num=24 team_size=32
[OMPT] implicit_task_end: parallel_id=0 thread_num=21
[OMPT] implicit_task_end: parallel_id=0 thread_num=12
[OMPT] implicit_task_end: parallel_id=0 thread_num=15
[OMPT] implicit_task_begin: parallel_id=281474976710947 thread_num=21 team_size=32
[OMPT] implicit_task_begin: parallel_id=281474976710947 thread_num=12 team_size=32
[OMPT] implicit_task_end: parallel_id=0 thread_num=10
[OMPT] implicit_task_begin: parallel_id=281474976710947 thread_num=8 team_size=32
[OMPT] implicit_task_begin: parallel_id=281474976710947 thread_num=10 team_size=32
[OMPT] implicit_task_end: parallel_id=0 thread_num=31
[OMPT] implicit_task_begin: parallel_id=281474976710947 thread_num=31 team_size=32
[OMPT] implicit_task_begin: parallel_id=281474976710947 thread_num=18 team_size=32
[OMPT] implicit_task_begin: parallel_id=281474976710947 thread_num=28 team_size=32
[OMPT] implicit_task_end: parallel_id=0 thread_num=25
[OMPT] implicit_task_begin: parallel_id=281474976710947 thread_num=25 team_size=32
[OMPT] implicit_task_end: parallel_id=0 thread_num=17
[OMPT] implicit_task_begin: parallel_id=281474976710947 thread_num=17 team_size=32
[OMPT] implicit_task_end: parallel_id=0 thread_num=26
[OMPT] implicit_task_begin: parallel_id=281474976710947 thread_num=26 team_size=32
[OMPT] implicit_task_begin: parallel_id=281474976710947 thread_num=30 team_size=32
[OMPT] implicit_task_end: parallel_id=0 thread_num=4
[OMPT] implicit_task_end: parallel_id=0 thread_num=7
[OMPT] implicit_task_begin: parallel_id=281474976710947 thread_num=4 team_size=32
[OMPT] implicit_task_end: parallel_id=0 thread_num=23
[OMPT] implicit_task_begin: parallel_id=281474976710947 thread_num=7 team_size=32
[OMPT] implicit_task_end: parallel_id=0 thread_num=22
[OMPT] implicit_task_begin: parallel_id=281474976710947 thread_num=23 team_size=32
[OMPT] implicit_task_begin: parallel_id=281474976710947 thread_num=20 team_size=32
[OMPT] implicit_task_end: parallel_id=0 thread_num=14
[OMPT] implicit_task_begin: parallel_id=281474976710947 thread_num=14 team_size=32
[OMPT] implicit_task_begin: parallel_id=281474976710947 thread_num=27 team_size=32
[OMPT] implicit_task_end: parallel_id=0 thread_num=11
[OMPT] implicit_task_begin: parallel_id=281474976710947 thread_num=11 team_size=32
[OMPT] implicit_task_begin: parallel_id=281474976710947 thread_num=15 team_size=32
[OMPT] implicit_task_end: parallel_id=0 thread_num=9
[OMPT] implicit_task_begin: parallel_id=281474976710947 thread_num=9 team_size=32
[OMPT] implicit_task_end: parallel_id=0 thread_num=3
[OMPT] implicit_task_begin: parallel_id=281474976710947 thread_num=3 team_size=32
[OMPT] implicit_task_end: parallel_id=0 thread_num=29
[OMPT] implicit_task_begin: parallel_id=281474976710947 thread_num=29 team_size=32
[OMPT] implicit_task_end: parallel_id=0 thread_num=5
[OMPT] implicit_task_begin: parallel_id=281474976710947 thread_num=5 team_size=32
[OMPT] implicit_task_end: parallel_id=0 thread_num=6
[OMPT] implicit_task_begin: parallel_id=281474976710947 thread_num=6 team_size=32
[OMPT] implicit_task_begin: parallel_id=281474976710947 thread_num=22 team_size=32
[OMPT] implicit_task_end: parallel_id=0 thread_num=13
[OMPT] implicit_task_begin: parallel_id=281474976710947 thread_num=13 team_size=32
[OMPT] implicit_task_end: parallel_id=0 thread_num=0
[OMPT] parallel_end: parallel_id=281474976710947
[OMPT] parallel_begin: parallel_id=281474976710949 team_size=32
[OMPT] implicit_task_end: parallel_id=0 thread_num=16
[OMPT] implicit_task_end: parallel_id=0 thread_num=4
[OMPT] implicit_task_end: parallel_id=0 thread_num=28
[OMPT] implicit_task_end: parallel_id=0 thread_num=20
[OMPT] implicit_task_end: parallel_id=0 thread_num=7
[OMPT] implicit_task_end: parallel_id=0 thread_num=8
[OMPT] implicit_task_end: parallel_id=0 thread_num=22
[OMPT] implicit_task_end: parallel_id=0 thread_num=3
[OMPT] implicit_task_end: parallel_id=0 thread_num=9
[OMPT] implicit_task_begin: parallel_id=281474976710949 thread_num=7 team_size=32
[OMPT] implicit_task_end: parallel_id=0 thread_num=1
[OMPT] implicit_task_begin: parallel_id=281474976710949 thread_num=8 team_size=32
[OMPT] implicit_task_begin: parallel_id=281474976710949 thread_num=20 team_size=32
[OMPT] implicit_task_begin: parallel_id=281474976710949 thread_num=9 team_size=32
[OMPT] implicit_task_begin: parallel_id=281474976710949 thread_num=1 team_size=32
[OMPT] implicit_task_begin: parallel_id=281474976710949 thread_num=3 team_size=32
[OMPT] implicit_task_end: parallel_id=0 thread_num=17
[OMPT] implicit_task_begin: parallel_id=281474976710949 thread_num=16 team_size=32
[OMPT] implicit_task_begin: parallel_id=281474976710949 thread_num=17 team_size=32
[OMPT] implicit_task_end: parallel_id=0 thread_num=31
[OMPT] implicit_task_begin: parallel_id=281474976710949 thread_num=31 team_size=32
[OMPT] implicit_task_end: parallel_id=0 thread_num=21
[OMPT] implicit_task_begin: parallel_id=281474976710949 thread_num=21 team_size=32
[OMPT] implicit_task_end: parallel_id=0 thread_num=23
[OMPT] implicit_task_begin: parallel_id=281474976710949 thread_num=23 team_size=32
[OMPT] implicit_task_begin: parallel_id=281474976710949 thread_num=28 team_size=32
[OMPT] implicit_task_end: parallel_id=0 thread_num=11
[OMPT] implicit_task_begin: parallel_id=281474976710949 thread_num=11 team_size=32
[OMPT] implicit_task_end: parallel_id=0 thread_num=10
[OMPT] implicit_task_begin: parallel_id=281474976710949 thread_num=10 team_size=32
[OMPT] implicit_task_end: parallel_id=0 thread_num=2
[OMPT] implicit_task_begin: parallel_id=281474976710949 thread_num=0 team_size=32
[OMPT] implicit_task_end: parallel_id=0 thread_num=24
[OMPT] implicit_task_end: parallel_id=0 thread_num=27
[OMPT] implicit_task_begin: parallel_id=281474976710949 thread_num=24 team_size=32
[OMPT] implicit_task_begin: parallel_id=281474976710949 thread_num=22 team_size=32
[OMPT] implicit_task_begin: parallel_id=281474976710949 thread_num=27 team_size=32
[OMPT] implicit_task_end: parallel_id=0 thread_num=19
[OMPT] implicit_task_end: parallel_id=0 thread_num=18
[OMPT] implicit_task_begin: parallel_id=281474976710949 thread_num=19 team_size=32
[OMPT] implicit_task_end: parallel_id=0 thread_num=6
[OMPT] implicit_task_begin: parallel_id=281474976710949 thread_num=6 team_size=32
[OMPT] implicit_task_end: parallel_id=0 thread_num=12
[OMPT] implicit_task_end: parallel_id=0 thread_num=15
[OMPT] implicit_task_begin: parallel_id=281474976710949 thread_num=12 team_size=32
[OMPT] implicit_task_begin: parallel_id=281474976710949 thread_num=4 team_size=32
[OMPT] implicit_task_end: parallel_id=0 thread_num=30
[OMPT] implicit_task_end: parallel_id=0 thread_num=29
[OMPT] implicit_task_end: parallel_id=0 thread_num=26
[OMPT] implicit_task_begin: parallel_id=281474976710949 thread_num=29 team_size=32
[OMPT] implicit_task_begin: parallel_id=281474976710949 thread_num=26 team_size=32
[OMPT] implicit_task_begin: parallel_id=281474976710949 thread_num=18 team_size=32
[OMPT] implicit_task_end: parallel_id=0 thread_num=5
[OMPT] implicit_task_end: parallel_id=0 thread_num=14
[OMPT] implicit_task_begin: parallel_id=281474976710949 thread_num=5 team_size=32
[OMPT] implicit_task_begin: parallel_id=281474976710949 thread_num=14 team_size=32
[OMPT] implicit_task_begin: parallel_id=281474976710949 thread_num=15 team_size=32
[OMPT] implicit_task_begin: parallel_id=281474976710949 thread_num=30 team_size=32
[OMPT] implicit_task_begin: parallel_id=281474976710949 thread_num=2 team_size=32
[OMPT] implicit_task_end: parallel_id=0 thread_num=25
[OMPT] implicit_task_end: parallel_id=0 thread_num=13
[OMPT] implicit_task_begin: parallel_id=281474976710949 thread_num=25 team_size=32
[OMPT] implicit_task_begin: parallel_id=281474976710949 thread_num=13 team_size=32
[OMPT] implicit_task_end: parallel_id=0 thread_num=0
[OMPT] parallel_end: parallel_id=281474976710949
[OMPT] parallel_begin: parallel_id=281474976710951 team_size=32
[OMPT] implicit_task_end: parallel_id=0 thread_num=16
[OMPT] implicit_task_end: parallel_id=0 thread_num=1
[OMPT] implicit_task_end: parallel_id=0 thread_num=24
[OMPT] implicit_task_end: parallel_id=0 thread_num=17
[OMPT] implicit_task_end: parallel_id=0 thread_num=4
[OMPT] implicit_task_end: parallel_id=0 thread_num=3
[OMPT] implicit_task_end: parallel_id=0 thread_num=2
[OMPT] implicit_task_end: parallel_id=0 thread_num=28
[OMPT] implicit_task_end: parallel_id=0 thread_num=18
[OMPT] implicit_task_end: parallel_id=0 thread_num=29
[OMPT] implicit_task_end: parallel_id=0 thread_num=20
[OMPT] implicit_task_end: parallel_id=0 thread_num=12
[OMPT] implicit_task_end: parallel_id=0 thread_num=15
[OMPT] implicit_task_end: parallel_id=0 thread_num=27
[OMPT] implicit_task_end: parallel_id=0 thread_num=25
[OMPT] implicit_task_end: parallel_id=0 thread_num=26
[OMPT] implicit_task_end: parallel_id=0 thread_num=7
[OMPT] implicit_task_end: parallel_id=0 thread_num=6
[OMPT] implicit_task_end: parallel_id=0 thread_num=5
[OMPT] implicit_task_end: parallel_id=0 thread_num=30
[OMPT] implicit_task_end: parallel_id=0 thread_num=31
[OMPT] implicit_task_end: parallel_id=0 thread_num=19
[OMPT] implicit_task_end: parallel_id=0 thread_num=21
[OMPT] implicit_task_end: parallel_id=0 thread_num=22
[OMPT] implicit_task_end: parallel_id=0 thread_num=23
[OMPT] implicit_task_end: parallel_id=0 thread_num=13
[OMPT] implicit_task_end: parallel_id=0 thread_num=14
[OMPT] implicit_task_end: parallel_id=0 thread_num=8
[OMPT] implicit_task_end: parallel_id=0 thread_num=11
[OMPT] implicit_task_end: parallel_id=0 thread_num=9
[OMPT] implicit_task_end: parallel_id=0 thread_num=10
[OMPT][WIN100ms] ompt_id=281474976710657 tid=1054869 tipo=ompt_thread_initial    cpu=255 numa=1  d_rm=   52058  d_instr=1416398937  d_cyc= 547241719  d_all= 9099930  IPC=2.588  ratio_rm=0.0057
[OMPT][WIN100ms] ompt_id=562949953421313 tid=1054871 tipo=ompt_thread_worker     cpu=115 numa=1  d_rm=    5685  d_instr=1387333752  d_cyc= 543801569  d_all= 8933555  IPC=2.551  ratio_rm=0.0006
[OMPT][WIN100ms] ompt_id=844424930131969 tid=1054872 tipo=ompt_thread_worker     cpu= 67 numa=1  d_rm=    7764  d_instr=1367346712  d_cyc= 545828030  d_all= 8680848  IPC=2.505  ratio_rm=0.0009
[OMPT][WIN100ms] ompt_id=1125899906842625 tid=1054873 tipo=ompt_thread_worker     cpu= 49 numa=0  d_rm=    1921  d_instr=1344382539  d_cyc= 543140327  d_all= 8540488  IPC=2.475  ratio_rm=0.0002
[OMPT][WIN100ms] ompt_id=1407374883553281 tid=1054874 tipo=ompt_thread_worker     cpu=225 numa=1  d_rm=    4766  d_instr=1346932013  d_cyc= 545291460  d_all= 8554818  IPC=2.470  ratio_rm=0.0006
[OMPT][WIN100ms] ompt_id=1688849860263937 tid=1054875 tipo=ompt_thread_worker     cpu=105 numa=1  d_rm=    6191  d_instr=1342238414  d_cyc= 545540194  d_all= 8554261  IPC=2.460  ratio_rm=0.0007
[OMPT][WIN100ms] ompt_id=1970324836974593 tid=1054876 tipo=ompt_thread_worker     cpu= 40 numa=0  d_rm=    1259  d_instr=1345276844  d_cyc= 543375559  d_all= 8539495  IPC=2.476  ratio_rm=0.0001
[OMPT][WIN100ms] ompt_id=2251799813685249 tid=1054877 tipo=ompt_thread_worker     cpu=113 numa=1  d_rm=    7121  d_instr=1348479932  d_cyc= 546672859  d_all= 8544791  IPC=2.467  ratio_rm=0.0008
[OMPT][WIN100ms] ompt_id=2533274790395905 tid=1054878 tipo=ompt_thread_worker     cpu=104 numa=1  d_rm=    5135  d_instr=1344207844  d_cyc= 543724043  d_all= 8555935  IPC=2.472  ratio_rm=0.0006
[OMPT][WIN100ms] ompt_id=2814749767106561 tid=1054879 tipo=ompt_thread_worker     cpu= 88 numa=1  d_rm=    7163  d_instr=1346549482  d_cyc= 547083840  d_all= 8544833  IPC=2.461  ratio_rm=0.0008
[OMPT][WIN100ms] ompt_id=3096224743817217 tid=1054880 tipo=ompt_thread_worker     cpu=165 numa=0  d_rm=     840  d_instr=1349698414  d_cyc= 544358555  d_all= 8530639  IPC=2.479  ratio_rm=0.0001
[OMPT][WIN100ms] ompt_id=3377699720527873 tid=1054881 tipo=ompt_thread_worker     cpu=239 numa=1  d_rm=   16713  d_instr=1349663817  d_cyc= 547625778  d_all= 8554926  IPC=2.465  ratio_rm=0.0020
[OMPT][WIN100ms] ompt_id=3659174697238529 tid=1054882 tipo=ompt_thread_worker     cpu=247 numa=1  d_rm=   11677  d_instr=1345524838  d_cyc= 544575086  d_all= 8551121  IPC=2.471  ratio_rm=0.0014
[OMPT][WIN100ms] ompt_id=3940649673949185 tid=1054883 tipo=ompt_thread_worker     cpu= 96 numa=1  d_rm=    8387  d_instr=1346020241  d_cyc= 546166829  d_all= 8554198  IPC=2.464  ratio_rm=0.0010
[OMPT][WIN100ms] ompt_id=4222124650659841 tid=1054884 tipo=ompt_thread_worker     cpu= 79 numa=1  d_rm=   19684  d_instr=1350221990  d_cyc= 546205298  d_all= 8567241  IPC=2.472  ratio_rm=0.0023
[OMPT][WIN100ms] ompt_id=4503599627370497 tid=1054885 tipo=ompt_thread_worker     cpu=223 numa=1  d_rm=   10796  d_instr=1348640695  d_cyc= 546969122  d_all= 8550007  IPC=2.466  ratio_rm=0.0013
[OMPT][WIN100ms] ompt_id=4785074604081153 tid=1054886 tipo=ompt_thread_worker     cpu= 89 numa=1  d_rm=    7224  d_instr=1348487708  d_cyc= 547441630  d_all= 8544472  IPC=2.463  ratio_rm=0.0008
[OMPT][WIN100ms] ompt_id=5066549580791809 tid=1054887 tipo=ompt_thread_worker     cpu= 56 numa=0  d_rm=    1036  d_instr=1347626271  d_cyc= 545772464  d_all= 8681127  IPC=2.469  ratio_rm=0.0001
[OMPT][WIN100ms] ompt_id=5348024557502465 tid=1054888 tipo=ompt_thread_worker     cpu= 90 numa=1  d_rm=    7603  d_instr=1343978345  d_cyc= 545532716  d_all= 8558052  IPC=2.464  ratio_rm=0.0009
[OMPT][WIN100ms] ompt_id=5629499534213121 tid=1054889 tipo=ompt_thread_worker     cpu= 64 numa=1  d_rm=    9503  d_instr=1350866954  d_cyc= 546757911  d_all= 8553562  IPC=2.471  ratio_rm=0.0011
[OMPT][WIN100ms] ompt_id=5910974510923777 tid=1054890 tipo=ompt_thread_worker     cpu=  9 numa=0  d_rm=    1057  d_instr=1346062233  d_cyc= 544719823  d_all= 8529499  IPC=2.471  ratio_rm=0.0001
[OMPT][WIN100ms] ompt_id=6192449487634433 tid=1054891 tipo=ompt_thread_worker     cpu=114 numa=1  d_rm=    9826  d_instr=1348138754  d_cyc= 546233247  d_all= 8547695  IPC=2.468  ratio_rm=0.0011
[OMPT][WIN100ms] ompt_id=6473924464345089 tid=1054892 tipo=ompt_thread_worker     cpu=254 numa=1  d_rm=    8284  d_instr=1346956339  d_cyc= 547907592  d_all= 8550466  IPC=2.458  ratio_rm=0.0010
[OMPT][WIN100ms] ompt_id=6755399441055745 tid=1054893 tipo=ompt_thread_worker     cpu=252 numa=1  d_rm=    9561  d_instr=1345725077  d_cyc= 547542400  d_all= 8555501  IPC=2.458  ratio_rm=0.0011
[OMPT][WIN100ms] ompt_id=7036874417766401 tid=1054894 tipo=ompt_thread_worker     cpu= 81 numa=1  d_rm=    6933  d_instr=1347120139  d_cyc= 547060857  d_all= 8554153  IPC=2.462  ratio_rm=0.0008
[OMPT][WIN100ms] ompt_id=7318349394477057 tid=1054895 tipo=ompt_thread_worker     cpu=253 numa=1  d_rm=    4310  d_instr=1342645571  d_cyc= 549053226  d_all= 8548209  IPC=2.445  ratio_rm=0.0005
[OMPT][WIN100ms] ompt_id=7599824371187713 tid=1054896 tipo=ompt_thread_worker     cpu= 78 numa=1  d_rm=    3742  d_instr=1345157253  d_cyc= 546841424  d_all= 8554983  IPC=2.460  ratio_rm=0.0004
[OMPT][WIN100ms] ompt_id=7881299347898369 tid=1054897 tipo=ompt_thread_worker     cpu= 83 numa=1  d_rm=    7218  d_instr=1344476484  d_cyc= 549195107  d_all= 8556682  IPC=2.448  ratio_rm=0.0008
[OMPT][WIN100ms] ompt_id=8162774324609025 tid=1054898 tipo=ompt_thread_worker     cpu= 80 numa=1  d_rm=   14103  d_instr=1345053693  d_cyc= 548182445  d_all= 8554167  IPC=2.454  ratio_rm=0.0016
[OMPT][WIN100ms] ompt_id=8444249301319681 tid=1054899 tipo=ompt_thread_worker     cpu=194 numa=1  d_rm=   12407  d_instr=1348404238  d_cyc= 547903902  d_all= 8555221  IPC=2.461  ratio_rm=0.0015
[OMPT][WIN100ms] ompt_id=8725724278030337 tid=1054900 tipo=ompt_thread_worker     cpu= 98 numa=1  d_rm=   14082  d_instr=1348799460  d_cyc= 549169900  d_all= 8554760  IPC=2.456  ratio_rm=0.0016
[OMPT][WIN100ms] ompt_id=9007199254740993 tid=1054901 tipo=ompt_thread_worker     cpu= 77 numa=1  d_rm=   13924  d_instr=1346412219  d_cyc= 548690450  d_all= 8553298  IPC=2.454  ratio_rm=0.0016
[OMPT] implicit_task_begin: parallel_id=281474976710951 thread_num=10 team_size=32
[OMPT] implicit_task_begin: parallel_id=281474976710951 thread_num=22 team_size=32
[OMPT] implicit_task_begin: parallel_id=281474976710951 thread_num=0 team_size=32
[OMPT] implicit_task_begin: parallel_id=281474976710951 thread_num=23 team_size=32
[OMPT] implicit_task_begin: parallel_id=281474976710951 thread_num=25 team_size=32
[OMPT] implicit_task_begin: parallel_id=281474976710951 thread_num=18 team_size=32
[OMPT] implicit_task_begin: parallel_id=281474976710951 thread_num=16 team_size=32
[OMPT] implicit_task_begin: parallel_id=281474976710951 thread_num=15 team_size=32
[OMPT] implicit_task_begin: parallel_id=281474976710951 thread_num=9 team_size=32
[OMPT] implicit_task_begin: parallel_id=281474976710951 thread_num=19 team_size=32
[OMPT] implicit_task_begin: parallel_id=281474976710951 thread_num=29 team_size=32
[OMPT] implicit_task_begin: parallel_id=281474976710951 thread_num=2 team_size=32
[OMPT] implicit_task_begin: parallel_id=281474976710951 thread_num=4 team_size=32
[OMPT] implicit_task_begin: parallel_id=281474976710951 thread_num=30 team_size=32
[OMPT] implicit_task_begin: parallel_id=281474976710951 thread_num=13 team_size=32
[OMPT] implicit_task_begin: parallel_id=281474976710951 thread_num=27 team_size=32
[OMPT] implicit_task_begin: parallel_id=281474976710951 thread_num=24 team_size=32
[OMPT] implicit_task_begin: parallel_id=281474976710951 thread_num=28 team_size=32
[OMPT] implicit_task_begin: parallel_id=281474976710951 thread_num=12 team_size=32
[OMPT] implicit_task_begin: parallel_id=281474976710951 thread_num=21 team_size=32
[OMPT] implicit_task_begin: parallel_id=281474976710951 thread_num=7 team_size=32
[OMPT] implicit_task_begin: parallel_id=281474976710951 thread_num=1 team_size=32
[OMPT] implicit_task_begin: parallel_id=281474976710951 thread_num=20 team_size=32
[OMPT] implicit_task_begin: parallel_id=281474976710951 thread_num=11 team_size=32
[OMPT] implicit_task_begin: parallel_id=281474976710951 thread_num=5 team_size=32
[OMPT] implicit_task_begin: parallel_id=281474976710951 thread_num=8 team_size=32
[OMPT] implicit_task_begin: parallel_id=281474976710951 thread_num=14 team_size=32
[OMPT] implicit_task_begin: parallel_id=281474976710951 thread_num=31 team_size=32
[OMPT] implicit_task_begin: parallel_id=281474976710951 thread_num=6 team_size=32
[OMPT] implicit_task_begin: parallel_id=281474976710951 thread_num=17 team_size=32
[OMPT] implicit_task_begin: parallel_id=281474976710951 thread_num=3 team_size=32
[OMPT] implicit_task_begin: parallel_id=281474976710951 thread_num=26 team_size=32
[OMPT] implicit_task_end: parallel_id=0 thread_num=0
[OMPT] parallel_end: parallel_id=281474976710951
[OMPT] parallel_begin: parallel_id=281474976710953 team_size=32
[OMPT] implicit_task_end: parallel_id=0 thread_num=16
[OMPT] implicit_task_end: parallel_id=0 thread_num=1
[OMPT] implicit_task_begin: parallel_id=281474976710953 thread_num=0 team_size=32
[OMPT] implicit_task_end: parallel_id=0 thread_num=24
[OMPT] implicit_task_begin: parallel_id=281474976710953 thread_num=16 team_size=32
[OMPT] implicit_task_end: parallel_id=0 thread_num=4
[OMPT] implicit_task_end: parallel_id=0 thread_num=26
[OMPT] implicit_task_end: parallel_id=0 thread_num=25
[OMPT] implicit_task_end: parallel_id=0 thread_num=5
[OMPT] implicit_task_end: parallel_id=0 thread_num=7
[OMPT] implicit_task_end: parallel_id=0 thread_num=28
[OMPT] implicit_task_begin: parallel_id=281474976710953 thread_num=25 team_size=32
[OMPT] implicit_task_end: parallel_id=0 thread_num=29
[OMPT] implicit_task_end: parallel_id=0 thread_num=8
[OMPT] implicit_task_begin: parallel_id=281474976710953 thread_num=7 team_size=32
[OMPT] implicit_task_end: parallel_id=0 thread_num=11
[OMPT] implicit_task_end: parallel_id=0 thread_num=12
[OMPT] implicit_task_begin: parallel_id=281474976710953 thread_num=8 team_size=32
[OMPT] implicit_task_end: parallel_id=0 thread_num=15
[OMPT] implicit_task_end: parallel_id=0 thread_num=2
[OMPT] implicit_task_begin: parallel_id=281474976710953 thread_num=12 team_size=32
[OMPT] implicit_task_end: parallel_id=0 thread_num=6
[OMPT] implicit_task_begin: parallel_id=281474976710953 thread_num=26 team_size=32
[OMPT] implicit_task_begin: parallel_id=281474976710953 thread_num=6 team_size=32
[OMPT] implicit_task_end: parallel_id=0 thread_num=31
[OMPT] implicit_task_end: parallel_id=0 thread_num=30
[OMPT] implicit_task_begin: parallel_id=281474976710953 thread_num=31 team_size=32
[OMPT] implicit_task_end: parallel_id=0 thread_num=18
[OMPT] implicit_task_begin: parallel_id=281474976710953 thread_num=5 team_size=32
[OMPT] implicit_task_begin: parallel_id=281474976710953 thread_num=18 team_size=32
[OMPT] implicit_task_end: parallel_id=0 thread_num=20
[OMPT] implicit_task_end: parallel_id=0 thread_num=17
[OMPT] implicit_task_begin: parallel_id=281474976710953 thread_num=20 team_size=32
[OMPT] implicit_task_end: parallel_id=0 thread_num=23
[OMPT] implicit_task_begin: parallel_id=281474976710953 thread_num=17 team_size=32
[OMPT] implicit_task_begin: parallel_id=281474976710953 thread_num=1 team_size=32
[OMPT] implicit_task_end: parallel_id=0 thread_num=9
[OMPT] implicit_task_begin: parallel_id=281474976710953 thread_num=29 team_size=32
[OMPT] implicit_task_begin: parallel_id=281474976710953 thread_num=9 team_size=32
[OMPT] implicit_task_end: parallel_id=0 thread_num=27
[OMPT] implicit_task_begin: parallel_id=281474976710953 thread_num=27 team_size=32
[OMPT] implicit_task_end: parallel_id=0 thread_num=13
[OMPT] implicit_task_begin: parallel_id=281474976710953 thread_num=13 team_size=32
[OMPT] implicit_task_end: parallel_id=0 thread_num=14
[OMPT] implicit_task_begin: parallel_id=281474976710953 thread_num=14 team_size=32
[OMPT] implicit_task_begin: parallel_id=281474976710953 thread_num=11 team_size=32
[OMPT] implicit_task_end: parallel_id=0 thread_num=3
[OMPT] implicit_task_begin: parallel_id=281474976710953 thread_num=3 team_size=32
[OMPT] implicit_task_begin: parallel_id=281474976710953 thread_num=15 team_size=32
[OMPT] implicit_task_begin: parallel_id=281474976710953 thread_num=4 team_size=32
[OMPT] implicit_task_end: parallel_id=0 thread_num=19
[OMPT] implicit_task_begin: parallel_id=281474976710953 thread_num=19 team_size=32
[OMPT] implicit_task_begin: parallel_id=281474976710953 thread_num=2 team_size=32
[OMPT] implicit_task_begin: parallel_id=281474976710953 thread_num=30 team_size=32
[OMPT] implicit_task_end: parallel_id=0 thread_num=22
[OMPT] implicit_task_begin: parallel_id=281474976710953 thread_num=22 team_size=32
[OMPT] implicit_task_end: parallel_id=0 thread_num=21
[OMPT] implicit_task_begin: parallel_id=281474976710953 thread_num=21 team_size=32
[OMPT] implicit_task_begin: parallel_id=281474976710953 thread_num=28 team_size=32
[OMPT] implicit_task_begin: parallel_id=281474976710953 thread_num=23 team_size=32
[OMPT] implicit_task_begin: parallel_id=281474976710953 thread_num=24 team_size=32
[OMPT] implicit_task_end: parallel_id=0 thread_num=10
[OMPT] implicit_task_begin: parallel_id=281474976710953 thread_num=10 team_size=32
[OMPT] implicit_task_end: parallel_id=0 thread_num=0
[OMPT] parallel_end: parallel_id=281474976710953
[OMPT] parallel_begin: parallel_id=281474976710955 team_size=32
[OMPT] implicit_task_end: parallel_id=0 thread_num=16
[OMPT] implicit_task_end: parallel_id=0 thread_num=4
[OMPT] implicit_task_end: parallel_id=0 thread_num=24
[OMPT] implicit_task_end: parallel_id=0 thread_num=12
[OMPT] implicit_task_end: parallel_id=0 thread_num=7
[OMPT] implicit_task_end: parallel_id=0 thread_num=25
[OMPT] implicit_task_end: parallel_id=0 thread_num=27
[OMPT] implicit_task_end: parallel_id=0 thread_num=15
[OMPT] implicit_task_end: parallel_id=0 thread_num=1
[OMPT] implicit_task_begin: parallel_id=281474976710955 thread_num=7 team_size=32
[OMPT] implicit_task_end: parallel_id=0 thread_num=28
[OMPT] implicit_task_end: parallel_id=0 thread_num=19
[OMPT] implicit_task_end: parallel_id=0 thread_num=20
[OMPT] implicit_task_end: parallel_id=0 thread_num=17
[OMPT] implicit_task_begin: parallel_id=281474976710955 thread_num=28 team_size=32
[OMPT] implicit_task_end: parallel_id=0 thread_num=6
[OMPT] implicit_task_begin: parallel_id=281474976710955 thread_num=19 team_size=32
[OMPT] implicit_task_begin: parallel_id=281474976710955 thread_num=25 team_size=32
[OMPT] implicit_task_begin: parallel_id=281474976710955 thread_num=17 team_size=32
[OMPT] implicit_task_begin: parallel_id=281474976710955 thread_num=6 team_size=32
[OMPT] implicit_task_end: parallel_id=0 thread_num=14
[OMPT] implicit_task_end: parallel_id=0 thread_num=13
[OMPT] implicit_task_begin: parallel_id=281474976710955 thread_num=24 team_size=32
[OMPT] implicit_task_end: parallel_id=0 thread_num=3
[OMPT] implicit_task_end: parallel_id=0 thread_num=2
[OMPT] implicit_task_begin: parallel_id=281474976710955 thread_num=3 team_size=32
[OMPT] implicit_task_begin: parallel_id=281474976710955 thread_num=2 team_size=32
[OMPT] implicit_task_begin: parallel_id=281474976710955 thread_num=12 team_size=32
[OMPT] implicit_task_end: parallel_id=0 thread_num=30
[OMPT] implicit_task_end: parallel_id=0 thread_num=29
[OMPT] implicit_task_begin: parallel_id=281474976710955 thread_num=30 team_size=32
[OMPT] implicit_task_end: parallel_id=0 thread_num=31
[OMPT] implicit_task_begin: parallel_id=281474976710955 thread_num=1 team_size=32
[OMPT] implicit_task_begin: parallel_id=281474976710955 thread_num=31 team_size=32
[OMPT] implicit_task_begin: parallel_id=281474976710955 thread_num=15 team_size=32
[OMPT] implicit_task_end: parallel_id=0 thread_num=23
[OMPT] implicit_task_end: parallel_id=0 thread_num=22
[OMPT] implicit_task_end: parallel_id=0 thread_num=21
[OMPT] implicit_task_begin: parallel_id=281474976710955 thread_num=22 team_size=32
[OMPT] implicit_task_begin: parallel_id=281474976710955 thread_num=21 team_size=32
[OMPT] implicit_task_begin: parallel_id=281474976710955 thread_num=27 team_size=32
[OMPT] implicit_task_begin: parallel_id=281474976710955 thread_num=16 team_size=32
[OMPT] implicit_task_end: parallel_id=0 thread_num=8
[OMPT] implicit_task_end: parallel_id=0 thread_num=11
[OMPT] implicit_task_end: parallel_id=0 thread_num=9
[OMPT] implicit_task_begin: parallel_id=281474976710955 thread_num=8 team_size=32
[OMPT] implicit_task_begin: parallel_id=281474976710955 thread_num=11 team_size=32
[OMPT] implicit_task_begin: parallel_id=281474976710955 thread_num=14 team_size=32
[OMPT] implicit_task_begin: parallel_id=281474976710955 thread_num=0 team_size=32
[OMPT] implicit_task_end: parallel_id=0 thread_num=18
[OMPT] implicit_task_begin: parallel_id=281474976710955 thread_num=18 team_size=32
[OMPT] implicit_task_begin: parallel_id=281474976710955 thread_num=23 team_size=32
[OMPT] implicit_task_end: parallel_id=0 thread_num=5
[OMPT] implicit_task_begin: parallel_id=281474976710955 thread_num=20 team_size=32
[OMPT] implicit_task_begin: parallel_id=281474976710955 thread_num=5 team_size=32
[OMPT] implicit_task_end: parallel_id=0 thread_num=10
[OMPT] implicit_task_begin: parallel_id=281474976710955 thread_num=10 team_size=32
[OMPT] implicit_task_end: parallel_id=0 thread_num=26
[OMPT] implicit_task_begin: parallel_id=281474976710955 thread_num=26 team_size=32
[OMPT] implicit_task_begin: parallel_id=281474976710955 thread_num=9 team_size=32
[OMPT] implicit_task_begin: parallel_id=281474976710955 thread_num=13 team_size=32
[OMPT] implicit_task_begin: parallel_id=281474976710955 thread_num=29 team_size=32
[OMPT] implicit_task_begin: parallel_id=281474976710955 thread_num=4 team_size=32
[OMPT] implicit_task_end: parallel_id=0 thread_num=0
[OMPT] parallel_end: parallel_id=281474976710955
[OMPT] parallel_begin: parallel_id=281474976710957 team_size=32
[OMPT] implicit_task_end: parallel_id=0 thread_num=16
[OMPT] implicit_task_end: parallel_id=0 thread_num=3
[OMPT] implicit_task_end: parallel_id=0 thread_num=24
[OMPT] implicit_task_begin: parallel_id=281474976710957 thread_num=16 team_size=32
[OMPT] implicit_task_end: parallel_id=0 thread_num=12
[OMPT] implicit_task_begin: parallel_id=281474976710957 thread_num=3 team_size=32
[OMPT] implicit_task_end: parallel_id=0 thread_num=25
[OMPT] implicit_task_end: parallel_id=0 thread_num=1
[OMPT] implicit_task_end: parallel_id=0 thread_num=15
[OMPT] implicit_task_end: parallel_id=0 thread_num=2
[OMPT] implicit_task_end: parallel_id=0 thread_num=19
[OMPT] implicit_task_end: parallel_id=0 thread_num=28
[OMPT] implicit_task_begin: parallel_id=281474976710957 thread_num=15 team_size=32
[OMPT] implicit_task_end: parallel_id=0 thread_num=30
[OMPT] implicit_task_end: parallel_id=0 thread_num=17
[OMPT] implicit_task_end: parallel_id=0 thread_num=27
[OMPT] implicit_task_end: parallel_id=0 thread_num=26
[OMPT] implicit_task_end: parallel_id=0 thread_num=14
[OMPT] implicit_task_begin: parallel_id=281474976710957 thread_num=28 team_size=32
[OMPT] implicit_task_end: parallel_id=0 thread_num=13
[OMPT] implicit_task_begin: parallel_id=281474976710957 thread_num=26 team_size=32
[OMPT] implicit_task_begin: parallel_id=281474976710957 thread_num=14 team_size=32
[OMPT] implicit_task_begin: parallel_id=281474976710957 thread_num=0 team_size=32
[OMPT] implicit_task_begin: parallel_id=281474976710957 thread_num=12 team_size=32
[OMPT] implicit_task_begin: parallel_id=281474976710957 thread_num=1 team_size=32
[OMPT] implicit_task_end: parallel_id=0 thread_num=20
[OMPT] implicit_task_end: parallel_id=0 thread_num=31
[OMPT] implicit_task_begin: parallel_id=281474976710957 thread_num=20 team_size=32
[OMPT] implicit_task_end: parallel_id=0 thread_num=29
[OMPT] implicit_task_begin: parallel_id=281474976710957 thread_num=2 team_size=32
[OMPT] implicit_task_end: parallel_id=0 thread_num=8
[OMPT] implicit_task_begin: parallel_id=281474976710957 thread_num=25 team_size=32
[OMPT] implicit_task_end: parallel_id=0 thread_num=10
[OMPT] implicit_task_begin: parallel_id=281474976710957 thread_num=8 team_size=32
[OMPT] implicit_task_end: parallel_id=0 thread_num=4
[OMPT] implicit_task_begin: parallel_id=281474976710957 thread_num=27 team_size=32
[OMPT] implicit_task_begin: parallel_id=281474976710957 thread_num=4 team_size=32
[OMPT] implicit_task_begin: parallel_id=281474976710957 thread_num=24 team_size=32
[OMPT] implicit_task_begin: parallel_id=281474976710957 thread_num=13 team_size=32
[OMPT] implicit_task_end: parallel_id=0 thread_num=18
[OMPT] implicit_task_end: parallel_id=0 thread_num=22
[OMPT] implicit_task_end: parallel_id=0 thread_num=23
[OMPT] implicit_task_begin: parallel_id=281474976710957 thread_num=22 team_size=32
[OMPT] implicit_task_end: parallel_id=0 thread_num=21
[OMPT] implicit_task_begin: parallel_id=281474976710957 thread_num=31 team_size=32
[OMPT] implicit_task_begin: parallel_id=281474976710957 thread_num=21 team_size=32
[OMPT] implicit_task_begin: parallel_id=281474976710957 thread_num=19 team_size=32
[OMPT] implicit_task_end: parallel_id=0 thread_num=11
[OMPT] implicit_task_begin: parallel_id=281474976710957 thread_num=11 team_size=32
[OMPT] implicit_task_end: parallel_id=0 thread_num=9
[OMPT] implicit_task_begin: parallel_id=281474976710957 thread_num=9 team_size=32
[OMPT] implicit_task_begin: parallel_id=281474976710957 thread_num=30 team_size=32
[OMPT] implicit_task_begin: parallel_id=281474976710957 thread_num=10 team_size=32
[OMPT] implicit_task_end: parallel_id=0 thread_num=7
[OMPT] implicit_task_begin: parallel_id=281474976710957 thread_num=7 team_size=32
[OMPT] implicit_task_end: parallel_id=0 thread_num=5
[OMPT] implicit_task_begin: parallel_id=281474976710957 thread_num=5 team_size=32
[OMPT] implicit_task_end: parallel_id=0 thread_num=6
[OMPT] implicit_task_begin: parallel_id=281474976710957 thread_num=6 team_size=32
[OMPT] implicit_task_begin: parallel_id=281474976710957 thread_num=17 team_size=32
[OMPT] implicit_task_begin: parallel_id=281474976710957 thread_num=18 team_size=32
[OMPT] implicit_task_begin: parallel_id=281474976710957 thread_num=23 team_size=32
[OMPT] implicit_task_begin: parallel_id=281474976710957 thread_num=29 team_size=32
[OMPT] implicit_task_end: parallel_id=0 thread_num=0
[OMPT] parallel_end: parallel_id=281474976710957
[OMPT] parallel_begin: parallel_id=281474976710959 team_size=32
[OMPT] implicit_task_end: parallel_id=0 thread_num=16
[OMPT] implicit_task_end: parallel_id=0 thread_num=3
[OMPT] implicit_task_end: parallel_id=0 thread_num=18
[OMPT] implicit_task_end: parallel_id=0 thread_num=17
[OMPT] implicit_task_begin: parallel_id=281474976710959 thread_num=18 team_size=32
[OMPT] implicit_task_end: parallel_id=0 thread_num=2
[OMPT] implicit_task_end: parallel_id=0 thread_num=4
[OMPT] implicit_task_begin: parallel_id=281474976710959 thread_num=2 team_size=32
[OMPT] implicit_task_end: parallel_id=0 thread_num=5
[OMPT] implicit_task_begin: parallel_id=281474976710959 thread_num=5 team_size=32
[OMPT] implicit_task_end: parallel_id=0 thread_num=24
[OMPT] implicit_task_end: parallel_id=0 thread_num=27
[OMPT] implicit_task_end: parallel_id=0 thread_num=28
[OMPT] implicit_task_end: parallel_id=0 thread_num=31
[OMPT] implicit_task_begin: parallel_id=281474976710959 thread_num=0 team_size=32
[OMPT] implicit_task_begin: parallel_id=281474976710959 thread_num=16 team_size=32
[OMPT] implicit_task_begin: parallel_id=281474976710959 thread_num=31 team_size=32
[OMPT] implicit_task_begin: parallel_id=281474976710959 thread_num=3 team_size=32
[OMPT] implicit_task_end: parallel_id=0 thread_num=1
[OMPT] implicit_task_end: parallel_id=0 thread_num=7
[OMPT] implicit_task_end: parallel_id=0 thread_num=12
[OMPT] implicit_task_end: parallel_id=0 thread_num=6
[OMPT] implicit_task_begin: parallel_id=281474976710959 thread_num=7 team_size=32
[OMPT] implicit_task_end: parallel_id=0 thread_num=19
[OMPT] implicit_task_begin: parallel_id=281474976710959 thread_num=6 team_size=32
[OMPT] implicit_task_begin: parallel_id=281474976710959 thread_num=19 team_size=32
[OMPT] implicit_task_end: parallel_id=0 thread_num=26
[OMPT] implicit_task_end: parallel_id=0 thread_num=25
[OMPT] implicit_task_begin: parallel_id=281474976710959 thread_num=26 team_size=32
[OMPT] implicit_task_end: parallel_id=0 thread_num=29
[OMPT] implicit_task_begin: parallel_id=281474976710959 thread_num=25 team_size=32
[OMPT] implicit_task_begin: parallel_id=281474976710959 thread_num=29 team_size=32
[OMPT] implicit_task_begin: parallel_id=281474976710959 thread_num=27 team_size=32
[OMPT] implicit_task_end: parallel_id=0 thread_num=8
[OMPT] implicit_task_end: parallel_id=0 thread_num=11
[OMPT] implicit_task_begin: parallel_id=281474976710959 thread_num=8 team_size=32
[OMPT] implicit_task_begin: parallel_id=281474976710959 thread_num=17 team_size=32
[OMPT] implicit_task_begin: parallel_id=281474976710959 thread_num=11 team_size=32
[OMPT] implicit_task_end: parallel_id=0 thread_num=14
[OMPT] implicit_task_end: parallel_id=0 thread_num=15
[OMPT] implicit_task_end: parallel_id=0 thread_num=13
[OMPT] implicit_task_begin: parallel_id=281474976710959 thread_num=15 team_size=32
[OMPT] implicit_task_begin: parallel_id=281474976710959 thread_num=4 team_size=32
[OMPT] implicit_task_end: parallel_id=0 thread_num=20
[OMPT] implicit_task_begin: parallel_id=281474976710959 thread_num=24 team_size=32
[OMPT] implicit_task_end: parallel_id=0 thread_num=22
[OMPT] implicit_task_begin: parallel_id=281474976710959 thread_num=20 team_size=32
[OMPT] implicit_task_begin: parallel_id=281474976710959 thread_num=28 team_size=32
[OMPT] implicit_task_begin: parallel_id=281474976710959 thread_num=22 team_size=32
[OMPT] implicit_task_end: parallel_id=0 thread_num=9
[OMPT] implicit_task_begin: parallel_id=281474976710959 thread_num=1 team_size=32
[OMPT] implicit_task_end: parallel_id=0 thread_num=10
[OMPT] implicit_task_begin: parallel_id=281474976710959 thread_num=14 team_size=32
[OMPT] implicit_task_begin: parallel_id=281474976710959 thread_num=10 team_size=32
[OMPT] implicit_task_begin: parallel_id=281474976710959 thread_num=13 team_size=32
[OMPT] implicit_task_end: parallel_id=0 thread_num=23
[OMPT] implicit_task_end: parallel_id=0 thread_num=21
[OMPT] implicit_task_begin: parallel_id=281474976710959 thread_num=9 team_size=32
[OMPT] implicit_task_begin: parallel_id=281474976710959 thread_num=12 team_size=32
[OMPT] implicit_task_begin: parallel_id=281474976710959 thread_num=23 team_size=32
[OMPT] implicit_task_end: parallel_id=0 thread_num=30
[OMPT] implicit_task_begin: parallel_id=281474976710959 thread_num=30 team_size=32
[OMPT] implicit_task_begin: parallel_id=281474976710959 thread_num=21 team_size=32
[OMPT] implicit_task_end: parallel_id=0 thread_num=0
[OMPT] parallel_end: parallel_id=281474976710959
[OMPT] parallel_begin: parallel_id=281474976710961 team_size=32
[OMPT] implicit_task_end: parallel_id=0 thread_num=16
[OMPT] implicit_task_end: parallel_id=0 thread_num=4
[OMPT] implicit_task_end: parallel_id=0 thread_num=28
[OMPT] implicit_task_begin: parallel_id=281474976710961 thread_num=16 team_size=32
[OMPT] implicit_task_end: parallel_id=0 thread_num=31
[OMPT] implicit_task_end: parallel_id=0 thread_num=3
[OMPT] implicit_task_begin: parallel_id=281474976710961 thread_num=4 team_size=32
[OMPT] implicit_task_end: parallel_id=0 thread_num=8
[OMPT] implicit_task_end: parallel_id=0 thread_num=11
[OMPT] implicit_task_end: parallel_id=0 thread_num=20
[OMPT] implicit_task_end: parallel_id=0 thread_num=21
[OMPT] implicit_task_end: parallel_id=0 thread_num=17
[OMPT] implicit_task_begin: parallel_id=281474976710961 thread_num=21 team_size=32
[OMPT] implicit_task_end: parallel_id=0 thread_num=19
[OMPT] implicit_task_end: parallel_id=0 thread_num=7
[OMPT] implicit_task_end: parallel_id=0 thread_num=6
[OMPT] implicit_task_begin: parallel_id=281474976710961 thread_num=7 team_size=32
[OMPT] implicit_task_begin: parallel_id=281474976710961 thread_num=6 team_size=32
[OMPT] implicit_task_end: parallel_id=0 thread_num=30
[OMPT] implicit_task_end: parallel_id=0 thread_num=29
[OMPT] implicit_task_begin: parallel_id=281474976710961 thread_num=30 team_size=32
[OMPT] implicit_task_end: parallel_id=0 thread_num=1
[OMPT] implicit_task_begin: parallel_id=281474976710961 thread_num=28 team_size=32
[OMPT] implicit_task_end: parallel_id=0 thread_num=2
[OMPT] implicit_task_begin: parallel_id=281474976710961 thread_num=2 team_size=32
[OMPT] implicit_task_begin: parallel_id=281474976710961 thread_num=0 team_size=32
[OMPT] implicit_task_begin: parallel_id=281474976710961 thread_num=3 team_size=32
[OMPT] implicit_task_end: parallel_id=0 thread_num=18
[OMPT] implicit_task_begin: parallel_id=281474976710961 thread_num=18 team_size=32
[OMPT] implicit_task_end: parallel_id=0 thread_num=9
[OMPT] implicit_task_begin: parallel_id=281474976710961 thread_num=9 team_size=32
[OMPT] implicit_task_end: parallel_id=0 thread_num=10
[OMPT] implicit_task_begin: parallel_id=281474976710961 thread_num=10 team_size=32
[OMPT] implicit_task_begin: parallel_id=281474976710961 thread_num=8 team_size=32
[OMPT] implicit_task_end: parallel_id=0 thread_num=24
[OMPT] implicit_task_end: parallel_id=0 thread_num=27
[OMPT] implicit_task_begin: parallel_id=281474976710961 thread_num=24 team_size=32
[OMPT] implicit_task_begin: parallel_id=281474976710961 thread_num=27 team_size=32
[OMPT] implicit_task_begin: parallel_id=281474976710961 thread_num=11 team_size=32
[OMPT] implicit_task_end: parallel_id=0 thread_num=23
[OMPT] implicit_task_begin: parallel_id=281474976710961 thread_num=20 team_size=32
[OMPT] implicit_task_end: parallel_id=0 thread_num=22
[OMPT] implicit_task_begin: parallel_id=281474976710961 thread_num=17 team_size=32
[OMPT] implicit_task_begin: parallel_id=281474976710961 thread_num=22 team_size=32
[OMPT] implicit_task_end: parallel_id=0 thread_num=5
[OMPT] implicit_task_begin: parallel_id=281474976710961 thread_num=29 team_size=32
[OMPT] implicit_task_begin: parallel_id=281474976710961 thread_num=1 team_size=32
[OMPT] implicit_task_begin: parallel_id=281474976710961 thread_num=31 team_size=32
[OMPT] implicit_task_end: parallel_id=0 thread_num=26
[OMPT] implicit_task_begin: parallel_id=281474976710961 thread_num=26 team_size=32
[OMPT] implicit_task_begin: parallel_id=281474976710961 thread_num=23 team_size=32
[OMPT] implicit_task_end: parallel_id=0 thread_num=12
[OMPT] implicit_task_end: parallel_id=0 thread_num=15
[OMPT] implicit_task_begin: parallel_id=281474976710961 thread_num=19 team_size=32
[OMPT] implicit_task_begin: parallel_id=281474976710961 thread_num=15 team_size=32
[OMPT] implicit_task_end: parallel_id=0 thread_num=25
[OMPT] implicit_task_end: parallel_id=0 thread_num=14
[OMPT] implicit_task_begin: parallel_id=281474976710961 thread_num=25 team_size=32
[OMPT] implicit_task_end: parallel_id=0 thread_num=13
[OMPT] implicit_task_begin: parallel_id=281474976710961 thread_num=12 team_size=32
[OMPT] implicit_task_begin: parallel_id=281474976710961 thread_num=13 team_size=32
[OMPT] implicit_task_begin: parallel_id=281474976710961 thread_num=5 team_size=32
[OMPT] implicit_task_begin: parallel_id=281474976710961 thread_num=14 team_size=32
[OMPT] implicit_task_end: parallel_id=0 thread_num=0
[OMPT] parallel_end: parallel_id=281474976710961
[OMPT] parallel_begin: parallel_id=281474976710963 team_size=32
[OMPT] implicit_task_end: parallel_id=0 thread_num=8
[OMPT] implicit_task_end: parallel_id=0 thread_num=3
[OMPT] implicit_task_begin: parallel_id=281474976710963 thread_num=0 team_size=32
[OMPT] implicit_task_end: parallel_id=0 thread_num=9
[OMPT] implicit_task_begin: parallel_id=281474976710963 thread_num=8 team_size=32
[OMPT] implicit_task_end: parallel_id=0 thread_num=16
[OMPT] implicit_task_end: parallel_id=0 thread_num=2
[OMPT] implicit_task_begin: parallel_id=281474976710963 thread_num=16 team_size=32
[OMPT] implicit_task_end: parallel_id=0 thread_num=17
[OMPT] implicit_task_end: parallel_id=0 thread_num=12
[OMPT] implicit_task_end: parallel_id=0 thread_num=11
[OMPT] implicit_task_end: parallel_id=0 thread_num=15
[OMPT] implicit_task_end: parallel_id=0 thread_num=4
[OMPT] implicit_task_begin: parallel_id=281474976710963 thread_num=17 team_size=32
[OMPT] implicit_task_end: parallel_id=0 thread_num=7
[OMPT] implicit_task_end: parallel_id=0 thread_num=6
[OMPT] implicit_task_begin: parallel_id=281474976710963 thread_num=4 team_size=32
[OMPT] implicit_task_end: parallel_id=0 thread_num=19
[OMPT] implicit_task_begin: parallel_id=281474976710963 thread_num=7 team_size=32
[OMPT] implicit_task_begin: parallel_id=281474976710963 thread_num=6 team_size=32
[OMPT] implicit_task_begin: parallel_id=281474976710963 thread_num=19 team_size=32
[OMPT] implicit_task_end: parallel_id=0 thread_num=14
[OMPT] implicit_task_begin: parallel_id=281474976710963 thread_num=14 team_size=32
[OMPT] implicit_task_end: parallel_id=0 thread_num=13
[OMPT] implicit_task_begin: parallel_id=281474976710963 thread_num=13 team_size=32
[OMPT] implicit_task_end: parallel_id=0 thread_num=10
[OMPT] implicit_task_begin: parallel_id=281474976710963 thread_num=10 team_size=32
[OMPT] implicit_task_begin: parallel_id=281474976710963 thread_num=2 team_size=32
[OMPT] implicit_task_begin: parallel_id=281474976710963 thread_num=3 team_size=32
[OMPT] implicit_task_end: parallel_id=0 thread_num=18
[OMPT] implicit_task_begin: parallel_id=281474976710963 thread_num=18 team_size=32
[OMPT] implicit_task_begin: parallel_id=281474976710963 thread_num=9 team_size=32
[OMPT] implicit_task_end: parallel_id=0 thread_num=5
[OMPT] implicit_task_begin: parallel_id=281474976710963 thread_num=5 team_size=32
[OMPT] implicit_task_end: parallel_id=0 thread_num=20
[OMPT] implicit_task_end: parallel_id=0 thread_num=23
[OMPT] implicit_task_begin: parallel_id=281474976710963 thread_num=12 team_size=32
[OMPT] implicit_task_end: parallel_id=0 thread_num=28
[OMPT] implicit_task_end: parallel_id=0 thread_num=31
[OMPT] implicit_task_begin: parallel_id=281474976710963 thread_num=11 team_size=32
[OMPT] implicit_task_begin: parallel_id=281474976710963 thread_num=28 team_size=32
[OMPT] implicit_task_begin: parallel_id=281474976710963 thread_num=31 team_size=32
[OMPT] implicit_task_end: parallel_id=0 thread_num=1
[OMPT] implicit_task_end: parallel_id=0 thread_num=22
[OMPT] implicit_task_end: parallel_id=0 thread_num=21
[OMPT] implicit_task_begin: parallel_id=281474976710963 thread_num=1 team_size=32
[OMPT] implicit_task_begin: parallel_id=281474976710963 thread_num=20 team_size=32
[OMPT] implicit_task_begin: parallel_id=281474976710963 thread_num=21 team_size=32
[OMPT] implicit_task_end: parallel_id=0 thread_num=29
[OMPT] implicit_task_begin: parallel_id=281474976710963 thread_num=29 team_size=32
[OMPT] implicit_task_begin: parallel_id=281474976710963 thread_num=15 team_size=32
[OMPT] implicit_task_begin: parallel_id=281474976710963 thread_num=22 team_size=32
[OMPT] implicit_task_begin: parallel_id=281474976710963 thread_num=23 team_size=32
[OMPT] implicit_task_end: parallel_id=0 thread_num=30
[OMPT] implicit_task_begin: parallel_id=281474976710963 thread_num=30 team_size=32
[OMPT] implicit_task_end: parallel_id=0 thread_num=24
[OMPT] implicit_task_end: parallel_id=0 thread_num=27
[OMPT] implicit_task_begin: parallel_id=281474976710963 thread_num=24 team_size=32
[OMPT] implicit_task_begin: parallel_id=281474976710963 thread_num=27 team_size=32
[OMPT] implicit_task_end: parallel_id=0 thread_num=26
[OMPT] implicit_task_begin: parallel_id=281474976710963 thread_num=26 team_size=32
[OMPT] implicit_task_end: parallel_id=0 thread_num=25
[OMPT] implicit_task_begin: parallel_id=281474976710963 thread_num=25 team_size=32
[OMPT] implicit_task_end: parallel_id=0 thread_num=0
[OMPT] parallel_end: parallel_id=281474976710963
[OMPT] parallel_begin: parallel_id=281474976710965 team_size=32
[OMPT] implicit_task_end: parallel_id=0 thread_num=12
[OMPT] implicit_task_end: parallel_id=0 thread_num=3
[OMPT] implicit_task_begin: parallel_id=281474976710965 thread_num=0 team_size=32
[OMPT] implicit_task_end: parallel_id=0 thread_num=14
[OMPT] implicit_task_end: parallel_id=0 thread_num=16
[OMPT] implicit_task_begin: parallel_id=281474976710965 thread_num=12 team_size=32
[OMPT] implicit_task_end: parallel_id=0 thread_num=4
[OMPT] implicit_task_end: parallel_id=0 thread_num=28
[OMPT] implicit_task_begin: parallel_id=281474976710965 thread_num=14 team_size=32
[OMPT] implicit_task_end: parallel_id=0 thread_num=31
[OMPT] implicit_task_end: parallel_id=0 thread_num=5
[OMPT] implicit_task_end: parallel_id=0 thread_num=13
[OMPT] implicit_task_begin: parallel_id=281474976710965 thread_num=4 team_size=32
[OMPT] implicit_task_begin: parallel_id=281474976710965 thread_num=28 team_size=32
[OMPT] implicit_task_end: parallel_id=0 thread_num=2
[OMPT] implicit_task_end: parallel_id=0 thread_num=20
[OMPT] implicit_task_end: parallel_id=0 thread_num=18
[OMPT] implicit_task_end: parallel_id=0 thread_num=22
[OMPT] implicit_task_begin: parallel_id=281474976710965 thread_num=2 team_size=32
[OMPT] implicit_task_begin: parallel_id=281474976710965 thread_num=20 team_size=32
[OMPT] implicit_task_end: parallel_id=0 thread_num=1
[OMPT] implicit_task_begin: parallel_id=281474976710965 thread_num=16 team_size=32
[OMPT] implicit_task_end: parallel_id=0 thread_num=6
[OMPT] implicit_task_end: parallel_id=0 thread_num=30
[OMPT] implicit_task_end: parallel_id=0 thread_num=29
[OMPT] implicit_task_begin: parallel_id=281474976710965 thread_num=30 team_size=32
[OMPT] implicit_task_end: parallel_id=0 thread_num=15
[OMPT] implicit_task_begin: parallel_id=281474976710965 thread_num=31 team_size=32
[OMPT] implicit_task_begin: parallel_id=281474976710965 thread_num=15 team_size=32
[OMPT] implicit_task_end: parallel_id=0 thread_num=8
[OMPT] implicit_task_begin: parallel_id=281474976710965 thread_num=5 team_size=32
[OMPT] implicit_task_end: parallel_id=0 thread_num=10
[OMPT] implicit_task_end: parallel_id=0 thread_num=24
[OMPT] implicit_task_end: parallel_id=0 thread_num=27
[OMPT] implicit_task_begin: parallel_id=281474976710965 thread_num=13 team_size=32
[OMPT] implicit_task_end: parallel_id=0 thread_num=21
[OMPT] implicit_task_begin: parallel_id=281474976710965 thread_num=27 team_size=32
[OMPT] implicit_task_end: parallel_id=0 thread_num=19
[OMPT] implicit_task_begin: parallel_id=281474976710965 thread_num=18 team_size=32
[OMPT] implicit_task_begin: parallel_id=281474976710965 thread_num=19 team_size=32
[OMPT] implicit_task_begin: parallel_id=281474976710965 thread_num=22 team_size=32
[OMPT] implicit_task_end: parallel_id=0 thread_num=7
[OMPT] implicit_task_begin: parallel_id=281474976710965 thread_num=1 team_size=32
[OMPT] implicit_task_begin: parallel_id=281474976710965 thread_num=7 team_size=32
[OMPT] implicit_task_begin: parallel_id=281474976710965 thread_num=6 team_size=32
[OMPT] implicit_task_begin: parallel_id=281474976710965 thread_num=29 team_size=32
[OMPT] implicit_task_begin: parallel_id=281474976710965 thread_num=3 team_size=32
[OMPT] implicit_task_end: parallel_id=0 thread_num=11
[OMPT] implicit_task_end: parallel_id=0 thread_num=9
[OMPT] implicit_task_begin: parallel_id=281474976710965 thread_num=8 team_size=32
[OMPT] implicit_task_begin: parallel_id=281474976710965 thread_num=9 team_size=32
[OMPT] implicit_task_end: parallel_id=0 thread_num=25
[OMPT] implicit_task_begin: parallel_id=281474976710965 thread_num=25 team_size=32
[OMPT] implicit_task_begin: parallel_id=281474976710965 thread_num=10 team_size=32
[OMPT] implicit_task_end: parallel_id=0 thread_num=23
[OMPT] implicit_task_begin: parallel_id=281474976710965 thread_num=23 team_size=32
[OMPT] implicit_task_begin: parallel_id=281474976710965 thread_num=24 team_size=32
[OMPT] implicit_task_begin: parallel_id=281474976710965 thread_num=21 team_size=32
[OMPT] implicit_task_end: parallel_id=0 thread_num=17
[OMPT] implicit_task_begin: parallel_id=281474976710965 thread_num=17 team_size=32
[OMPT] implicit_task_begin: parallel_id=281474976710965 thread_num=11 team_size=32
[OMPT] implicit_task_end: parallel_id=0 thread_num=26
[OMPT] implicit_task_begin: parallel_id=281474976710965 thread_num=26 team_size=32
[OMPT] implicit_task_end: parallel_id=0 thread_num=0
[OMPT] parallel_end: parallel_id=281474976710965
[OMPT] control_tool: PAUSANDO medicion
[OMPT] implicit_task_end: parallel_id=0 thread_num=1
[OMPT] thread_end: ompt_id=281474976710657 tid=1054869 cpu=38
[OMPT] implicit_task_end: parallel_id=0 thread_num=10
[OMPT] implicit_task_end: parallel_id=0 thread_num=3
[OMPT] implicit_task_end: parallel_id=0 thread_num=1
[OMPT] implicit_task_end: parallel_id=0 thread_num=11
[OMPT] thread_end: ompt_id=3096224743817217 tid=1054880 cpu=165
[OMPT] implicit_task_end: parallel_id=0 thread_num=7
[OMPT] thread_end: ompt_id=3377699720527873 tid=1054881 cpu=239
[OMPT] implicit_task_end: parallel_id=0 thread_num=30
[OMPT] implicit_task_end: parallel_id=0 thread_num=23
[OMPT] thread_end: ompt_id=6755399441055745 tid=1054893 cpu=252
[OMPT] implicit_task_end: parallel_id=0 thread_num=6
[OMPT] implicit_task_end: parallel_id=0 thread_num=12
[OMPT] thread_end: ompt_id=1970324836974593 tid=1054876 cpu=40
[OMPT] implicit_task_end: parallel_id=0 thread_num=24
[OMPT] implicit_task_end: parallel_id=0 thread_num=27
[OMPT] implicit_task_end: parallel_id=0 thread_num=21
[OMPT] thread_end: ompt_id=6192449487634433 tid=1054891 cpu=114
[OMPT] implicit_task_end: parallel_id=0 thread_num=20
[OMPT] implicit_task_end: parallel_id=0 thread_num=17
[OMPT] implicit_task_end: parallel_id=0 thread_num=19
[OMPT] implicit_task_end: parallel_id=0 thread_num=2
[OMPT] thread_end: ompt_id=844424930131969 tid=1054872 cpu=67
[OMPT] implicit_task_end: parallel_id=0 thread_num=14
[OMPT] thread_end: ompt_id=4222124650659841 tid=1054884 cpu=79
[OMPT] implicit_task_end: parallel_id=0 thread_num=9
[OMPT] thread_end: ompt_id=2814749767106561 tid=1054879 cpu=88
[OMPT] implicit_task_end: parallel_id=0 thread_num=18
[OMPT] thread_end: ompt_id=5348024557502465 tid=1054888 cpu=90
[OMPT] implicit_task_end: parallel_id=0 thread_num=15
[OMPT] thread_end: ompt_id=4503599627370497 tid=1054885 cpu=223
[OMPT] implicit_task_end: parallel_id=0 thread_num=5
[OMPT] thread_end: ompt_id=1688849860263937 tid=1054875 cpu=105
[OMPT] thread_end: ompt_id=1125899906842625 tid=1054873 cpu=49
[OMPT] thread_end: ompt_id=562949953421313 tid=1054871 cpu=115
[OMPT] implicit_task_end: parallel_id=0 thread_num=16
[OMPT] thread_end: ompt_id=4785074604081153 tid=1054886 cpu=89
[OMPT] implicit_task_end: parallel_id=0 thread_num=13
[OMPT] thread_end: ompt_id=3940649673949185 tid=1054883 cpu=96
[OMPT] implicit_task_end: parallel_id=0 thread_num=4
[OMPT] thread_end: ompt_id=1407374883553281 tid=1054874 cpu=225
[OMPT] thread_end: ompt_id=2251799813685249 tid=1054877 cpu=113
[OMPT] implicit_task_end: parallel_id=0 thread_num=25
[OMPT] thread_end: ompt_id=7318349394477057 tid=1054895 cpu=253
[OMPT] implicit_task_end: parallel_id=0 thread_num=22
[OMPT] thread_end: ompt_id=6473924464345089 tid=1054892 cpu=254
[OMPT] thread_end: ompt_id=8725724278030337 tid=1054900 cpu=98
[OMPT] thread_end: ompt_id=3659174697238529 tid=1054882 cpu=247
[OMPT] implicit_task_end: parallel_id=0 thread_num=28
[OMPT] thread_end: ompt_id=8162774324609025 tid=1054898 cpu=80
[OMPT] thread_end: ompt_id=7036874417766401 tid=1054894 cpu=81
[OMPT] thread_end: ompt_id=7881299347898369 tid=1054897 cpu=83
[OMPT] implicit_task_end: parallel_id=0 thread_num=8
[OMPT] thread_end: ompt_id=2533274790395905 tid=1054878 cpu=104
[OMPT] thread_end: ompt_id=5910974510923777 tid=1054890 cpu=9
[OMPT] thread_end: ompt_id=5066549580791809 tid=1054887 cpu=56
[OMPT] thread_end: ompt_id=5629499534213121 tid=1054889 cpu=64
[OMPT] implicit_task_end: parallel_id=0 thread_num=29
[OMPT] thread_end: ompt_id=8444249301319681 tid=1054899 cpu=194
[OMPT] implicit_task_end: parallel_id=0 thread_num=31
[OMPT] thread_end: ompt_id=9007199254740993 tid=1054901 cpu=77
[OMPT] implicit_task_end: parallel_id=0 thread_num=26
[OMPT] thread_end: ompt_id=7599824371187713 tid=1054896 cpu=78
[OMPT] ompt_finalize
[OMPT][MON] Monitor detenido
[OMPT] ===== Tabla final: 32 hilos =====
[OMPT] tid=1054869 ompt_id=281474976710657 tipo=ompt_thread_initial    last_cpu=255 numa=1 migraciones=0 perf=abierto
        remote_fills=506829  instr=11820912947  ipc=1.940
[OMPT] tid=1054871 ompt_id=562949953421313 tipo=ompt_thread_worker     last_cpu=115 numa=1 migraciones=0 perf=abierto
        remote_fills=54135  instr=12229892737  ipc=2.041
[OMPT] tid=1054872 ompt_id=844424930131969 tipo=ompt_thread_worker     last_cpu= 67 numa=1 migraciones=0 perf=abierto
        remote_fills=147162  instr=12737758323  ipc=2.136
[OMPT] tid=1054873 ompt_id=1125899906842625 tipo=ompt_thread_worker     last_cpu= 49 numa=0 migraciones=0 perf=abierto
        remote_fills=16238  instr=12706143730  ipc=2.133
[OMPT] tid=1054874 ompt_id=1407374883553281 tipo=ompt_thread_worker     last_cpu=225 numa=1 migraciones=0 perf=abierto
        remote_fills=82138  instr=12281491059  ipc=2.052
[OMPT] tid=1054875 ompt_id=1688849860263937 tipo=ompt_thread_worker     last_cpu=105 numa=1 migraciones=0 perf=abierto
        remote_fills=310758  instr=12250784381  ipc=2.042
[OMPT] tid=1054876 ompt_id=1970324836974593 tipo=ompt_thread_worker     last_cpu= 40 numa=0 migraciones=0 perf=abierto
        remote_fills=16218  instr=12707724902  ipc=2.154
[OMPT] tid=1054877 ompt_id=2251799813685249 tipo=ompt_thread_worker     last_cpu=113 numa=1 migraciones=0 perf=abierto
        remote_fills=79449  instr=12112876149  ipc=2.008
[OMPT] tid=1054878 ompt_id=2533274790395905 tipo=ompt_thread_worker     last_cpu=104 numa=1 migraciones=0 perf=abierto
        remote_fills=73269  instr=12669922706  ipc=2.124
[OMPT] tid=1054879 ompt_id=2814749767106561 tipo=ompt_thread_worker     last_cpu= 88 numa=1 migraciones=0 perf=abierto
        remote_fills=56397  instr=12694439076  ipc=2.133
[OMPT] tid=1054880 ompt_id=3096224743817217 tipo=ompt_thread_worker     last_cpu=165 numa=0 migraciones=0 perf=abierto
        remote_fills=11489  instr=12744249448  ipc=2.137
[OMPT] tid=1054881 ompt_id=3377699720527873 tipo=ompt_thread_worker     last_cpu=239 numa=1 migraciones=0 perf=abierto
        remote_fills=199496  instr=12734362637  ipc=2.140
[OMPT] tid=1054882 ompt_id=3659174697238529 tipo=ompt_thread_worker     last_cpu=247 numa=1 migraciones=0 perf=abierto
        remote_fills=196876  instr=12721594865  ipc=2.139
[OMPT] tid=1054883 ompt_id=3940649673949185 tipo=ompt_thread_worker     last_cpu= 96 numa=1 migraciones=0 perf=abierto
        remote_fills=61459  instr=12734037400  ipc=2.135
[OMPT] tid=1054884 ompt_id=4222124650659841 tipo=ompt_thread_worker     last_cpu= 79 numa=1 migraciones=0 perf=abierto
        remote_fills=68295  instr=12734907999  ipc=2.135
[OMPT] tid=1054885 ompt_id=4503599627370497 tipo=ompt_thread_worker     last_cpu=223 numa=1 migraciones=0 perf=abierto
        remote_fills=163531  instr=12738762571  ipc=2.135
[OMPT] tid=1054886 ompt_id=4785074604081153 tipo=ompt_thread_worker     last_cpu= 89 numa=1 migraciones=0 perf=abierto
        remote_fills=91136  instr=12327500455  ipc=2.047
[OMPT] tid=1054887 ompt_id=5066549580791809 tipo=ompt_thread_worker     last_cpu= 56 numa=0 migraciones=0 perf=abierto
        remote_fills=298044  instr=12305806392  ipc=2.050
[OMPT] tid=1054888 ompt_id=5348024557502465 tipo=ompt_thread_worker     last_cpu= 90 numa=1 migraciones=0 perf=abierto
        remote_fills=83787  instr=11847471364  ipc=1.954
[OMPT] tid=1054889 ompt_id=5629499534213121 tipo=ompt_thread_worker     last_cpu= 64 numa=1 migraciones=0 perf=abierto
        remote_fills=104677  instr=12711672674  ipc=2.140
[OMPT] tid=1054890 ompt_id=5910974510923777 tipo=ompt_thread_worker     last_cpu=  9 numa=0 migraciones=0 perf=abierto
        remote_fills=84029  instr=12035299944  ipc=1.993
[OMPT] tid=1054891 ompt_id=6192449487634433 tipo=ompt_thread_worker     last_cpu=114 numa=1 migraciones=0 perf=abierto
        remote_fills=94106  instr=12723061885  ipc=2.139
[OMPT] tid=1054892 ompt_id=6473924464345089 tipo=ompt_thread_worker     last_cpu=254 numa=1 migraciones=0 perf=abierto
        remote_fills=84984  instr=12040859257  ipc=1.990
[OMPT] tid=1054893 ompt_id=6755399441055745 tipo=ompt_thread_worker     last_cpu=252 numa=1 migraciones=0 perf=abierto
        remote_fills=110855  instr=12160645028  ipc=2.021
[OMPT] tid=1054894 ompt_id=7036874417766401 tipo=ompt_thread_worker     last_cpu= 81 numa=1 migraciones=0 perf=abierto
        remote_fills=62470  instr=12182060085  ipc=2.021
[OMPT] tid=1054895 ompt_id=7318349394477057 tipo=ompt_thread_worker     last_cpu=253 numa=1 migraciones=0 perf=abierto
        remote_fills=115828  instr=12065154757  ipc=2.004
[OMPT] tid=1054896 ompt_id=7599824371187713 tipo=ompt_thread_worker     last_cpu= 78 numa=1 migraciones=0 perf=abierto
        remote_fills=63043  instr=12717141549  ipc=2.138
[OMPT] tid=1054897 ompt_id=7881299347898369 tipo=ompt_thread_worker     last_cpu= 83 numa=1 migraciones=0 perf=abierto
        remote_fills=313395  instr=12312070844  ipc=2.043
[OMPT] tid=1054898 ompt_id=8162774324609025 tipo=ompt_thread_worker     last_cpu= 80 numa=1 migraciones=0 perf=abierto
        remote_fills=185326  instr=12211610528  ipc=2.034
[OMPT] tid=1054899 ompt_id=8444249301319681 tipo=ompt_thread_worker     last_cpu=194 numa=1 migraciones=0 perf=abierto
        remote_fills=137186  instr=12698701752  ipc=2.127
[OMPT] tid=1054900 ompt_id=8725724278030337 tipo=ompt_thread_worker     last_cpu= 98 numa=1 migraciones=0 perf=abierto
        remote_fills=187837  instr=12207069678  ipc=2.023
[OMPT] tid=1054901 ompt_id=9007199254740993 tipo=ompt_thread_worker     last_cpu= 77 numa=1 migraciones=0 perf=abierto
        remote_fills=157807  instr=12737312029  ipc=2.132
