tag,tid,ompt_id,thread_type,last_cpu,numa_node,migrations,mig_failures,remote_fills,all_fills,instructions,cycles,ipc,ratio_rm,windows_counted,first_migration_win,perf_status
stencil_t8_obs,182500,281474976710657,ompt_thread_initial,255,1,0,0,428614344,2601630486,44613908515,18013114880,2.476746,0.164748,47,-1,full
stencil_t8_obs,182502,562949953421313,ompt_thread_worker,239,1,0,0,421599008,2601523344,44617357078,18036653166,2.473705,0.162059,47,-1,full
stencil_t8_obs,182503,844424930131969,ompt_thread_worker,207,1,0,0,421634301,2600673788,44618034610,18039392158,2.473367,0.162125,47,-1,full
stencil_t8_obs,182504,1125899906842625,ompt_thread_worker,215,1,0,0,431240779,2600743273,44565066054,18046654853,2.469436,0.165814,47,-1,full
stencil_t8_obs,182505,1407374883553281,ompt_thread_worker,24,0,0,0,430480109,2600191795,44150923016,18103186403,2.438848,0.165557,47,-1,full
stencil_t8_obs,182506,1688849860263937,ompt_thread_worker,223,1,0,0,430279580,2600712130,44580516393,18034889500,2.471904,0.165447,47,-1,full
stencil_t8_obs,182507,1970324836974593,ompt_thread_worker,16,0,0,0,429511349,2600429522,44127259484,18094730250,2.438680,0.165169,47,-1,full
stencil_t8_obs,182508,2251799813685249,ompt_thread_worker,8,0,0,0,421518819,2600258274,44611121913,18041788842,2.472655,0.162107,47,-1,full
spmv_static_t8_obs,182515,281474976710657,ompt_thread_initial,255,1,0,0,221210418,1987706024,37930504652,29379340058,1.291060,0.111289,78,-1,full
spmv_static_t8_obs,182517,562949953421313,ompt_thread_worker,24,0,0,0,217491860,1975281472,37292870350,29498013929,1.264250,0.110107,78,-1,full
spmv_static_t8_obs,182518,844424930131969,ompt_thread_worker,215,1,0,0,221769892,1971127972,36928418493,29534810263,1.250335,0.112509,78,-1,full
spmv_static_t8_obs,182519,1125899906842625,ompt_thread_worker,1,0,0,0,215219939,1992152901,37757686219,29466139735,1.281392,0.108034,78,-1,full
spmv_static_t8_obs,182520,1407374883553281,ompt_thread_worker,223,1,0,0,219625065,1982597598,37414011530,29480801192,1.269098,0.110776,78,-1,full
spmv_static_t8_obs,182521,1688849860263937,ompt_thread_worker,231,1,0,0,217205498,1965390312,37106008753,29485232274,1.258461,0.110515,78,-1,full
spmv_static_t8_obs,182522,1970324836974593,ompt_thread_worker,16,0,0,0,216331558,1970701382,37777645348,29438268935,1.283284,0.109774,78,-1,full
spmv_static_t8_obs,182523,2251799813685249,ompt_thread_worker,247,1,0,0,222277195,1994370459,36999877879,29537008124,1.252662,0.111452,78,-1,full
stencil_t8_ovh,182536,281474976710657,ompt_thread_initial,128,0,0,0,419966331,2601206015,44138407841,17471557896,2.526301,0.161451,45,-1,full
stencil_t8_ovh,182538,562949953421313,ompt_thread_worker,16,0,0,0,424103584,2601161237,44128215009,17503723007,2.521076,0.163044,45,-1,full
stencil_t8_ovh,182539,844424930131969,ompt_thread_worker,8,0,0,0,416354277,2600274024,44192000731,17488096897,2.526976,0.160119,45,-1,full
stencil_t8_ovh,182540,1125899906842625,ompt_thread_worker,24,0,0,0,421559624,2600338445,44110961396,17498972353,2.520774,0.162117,45,-1,full
stencil_t8_ovh,182541,1407374883553281,ompt_thread_worker,192,1,0,0,426059952,2601180666,44125819963,17499391725,2.521563,0.163795,45,-1,full
stencil_t8_ovh,182542,1688849860263937,ompt_thread_worker,208,1,0,0,425988446,2601204187,44136405532,17485437403,2.524181,0.163766,45,-1,full
stencil_t8_ovh,182543,1970324836974593,ompt_thread_worker,200,1,0,0,422395350,2601128425,44163541819,17484665991,2.525844,0.162389,45,-1,full
stencil_t8_ovh,182544,2251799813685249,ompt_thread_worker,216,1,0,0,424667098,2601322178,44082507722,17491643031,2.520204,0.163250,45,-1,full
spmv_static_t8_ovh,182551,281474976710657,ompt_thread_initial,128,0,0,0,215947060,1988255620,38000988155,29278610634,1.297910,0.108611,78,-1,full
spmv_static_t8_ovh,182553,562949953421313,ompt_thread_worker,16,0,0,0,217045421,1975310912,37115195795,29413334245,1.261849,0.109879,78,-1,full
spmv_static_t8_ovh,182554,844424930131969,ompt_thread_worker,8,0,0,0,213549445,1970644029,37666498952,29329708261,1.284244,0.108365,78,-1,full
spmv_static_t8_ovh,182555,1125899906842625,ompt_thread_worker,152,0,0,0,217501269,1991696045,37394154567,29387038205,1.272471,0.109204,78,-1,full
spmv_static_t8_ovh,182556,1407374883553281,ompt_thread_worker,192,1,0,0,220551713,1981627783,37312019543,29405851611,1.268864,0.111298,78,-1,full
spmv_static_t8_ovh,182557,1688849860263937,ompt_thread_worker,208,1,0,0,219940893,1965441922,37029883506,29382069733,1.260288,0.111904,78,-1,full
spmv_static_t8_ovh,182558,1970324836974593,ompt_thread_worker,200,1,0,0,220568744,1970471523,37312039379,29377680101,1.270081,0.111937,78,-1,full
spmv_static_t8_ovh,182559,2251799813685249,ompt_thread_worker,216,1,0,0,220704640,1994345321,37049790013,29418434061,1.259407,0.110665,78,-1,full
stencil_t8_scheduler,182573,281474976710657,ompt_thread_initial,255,1,0,0,426911991,2601663494,44834555670,18326219665,2.446470,0.164092,48,-1,full
stencil_t8_scheduler,182575,562949953421313,ompt_thread_worker,231,1,0,0,425575168,2601544289,44822910563,18357465953,2.441672,0.163586,48,-1,full
stencil_t8_scheduler,182576,844424930131969,ompt_thread_worker,239,1,0,0,422885050,2600702102,44831895954,18355559828,2.442415,0.162604,48,-1,full
stencil_t8_scheduler,182577,1125899906842625,ompt_thread_worker,247,1,0,0,432963588,2601305559,44788724282,18356784545,2.439900,0.166441,48,-1,full
stencil_t8_scheduler,182578,1407374883553281,ompt_thread_worker,80,1,1,0,436070266,2600961077,44184591131,18444149148,2.395588,0.167657,47,38,full
stencil_t8_scheduler,182580,1688849860263937,ompt_thread_worker,192,1,1,0,431265335,2601445189,44153952802,18449630609,2.393216,0.165779,47,38,full
stencil_t8_scheduler,182579,1970324836974593,ompt_thread_worker,223,1,0,0,429195165,2601251953,44818534809,18354568136,2.441819,0.164996,48,-1,full
stencil_t8_scheduler,182581,2251799813685249,ompt_thread_worker,16,0,0,0,421910535,2600862769,44827623959,18369971874,2.440266,0.162219,48,-1,full
spmv_static_t8_scheduler,182588,281474976710657,ompt_thread_initial,255,1,0,0,222071605,1987708625,37946154597,29567206423,1.283387,0.111722,79,-1,full
spmv_static_t8_scheduler,182590,562949953421313,ompt_thread_worker,247,1,0,0,222163586,1975495379,36892440434,29719034136,1.241374,0.112460,79,-1,full
spmv_static_t8_scheduler,182591,844424930131969,ompt_thread_worker,2,0,0,0,216422778,1970577151,37642489158,29639118103,1.270027,0.109827,79,-1,full
spmv_static_t8_scheduler,182592,1125899906842625,ompt_thread_worker,207,1,0,0,216839465,1991830079,37084832319,29730652960,1.247360,0.108864,79,-1,full
spmv_static_t8_scheduler,182593,1407374883553281,ompt_thread_worker,64,1,1,0,218696958,1982297581,37888676372,29629321745,1.278756,0.110325,78,1004,full
spmv_static_t8_scheduler,182594,1688849860263937,ompt_thread_worker,231,1,0,0,218856972,1965119048,37294344363,29652316845,1.257721,0.111371,79,-1,full
spmv_static_t8_scheduler,182596,2251799813685249,ompt_thread_worker,8,0,0,0,215724677,1994099389,37759981578,29645543892,1.273715,0.108182,79,-1,full
spmv_static_t8_scheduler,182595,1970324836974593,ompt_thread_worker,239,1,0,0,217967709,1970858963,37278488365,29666592745,1.256581,0.110595,79,-1,full
stencil_t16_obs,182800,281474976710657,ompt_thread_initial,255,1,0,0,162518762,1300806061,26023759585,15408094875,1.688967,0.124937,42,-1,full
stencil_t16_obs,182802,562949953421313,ompt_thread_worker,207,1,0,0,179478151,1300522116,25156439171,15559800504,1.616758,0.138005,42,-1,full
stencil_t16_obs,182803,844424930131969,ompt_thread_worker,48,0,0,0,220505014,1299652396,23086963449,15822112582,1.459158,0.169665,42,-1,full
stencil_t16_obs,182804,1125899906842625,ompt_thread_worker,128,0,0,0,181218747,1300435898,24971914144,15588423905,1.601952,0.139352,42,-1,full
stencil_t16_obs,182805,1407374883553281,ompt_thread_worker,223,1,0,0,239948424,1299367620,22119238704,15939552758,1.387695,0.184666,42,-1,full
stencil_t16_obs,182806,1688849860263937,ompt_thread_worker,96,1,0,0,244597414,1299317221,22144095350,15935500492,1.389608,0.188251,42,-1,full
stencil_t16_obs,182807,1970324836974593,ompt_thread_worker,16,0,0,0,163377678,1300562647,26136073462,15446273428,1.692063,0.125621,42,-1,full
stencil_t16_obs,182808,2251799813685249,ompt_thread_worker,239,1,0,0,161407735,1300966574,26160162763,15427987598,1.695630,0.124068,42,-1,full
stencil_t16_obs,182809,2533274790395905,ompt_thread_worker,119,1,0,0,164332876,1300848649,26108978081,15430030363,1.692089,0.126327,42,-1,full
stencil_t16_obs,182810,2814749767106561,ompt_thread_worker,24,0,0,0,163333718,1300511688,26169044135,15439699579,1.694919,0.125592,42,-1,full
stencil_t16_obs,182811,3096224743817217,ompt_thread_worker,199,1,0,0,160548632,1299754183,26139050413,15429001257,1.694151,0.123522,42,-1,full
stencil_t16_obs,182812,3377699720527873,ompt_thread_worker,32,0,0,0,192994811,1298955262,24579646240,15636697429,1.571921,0.148577,42,-1,full
stencil_t16_obs,182813,3659174697238529,ompt_thread_worker,215,1,0,0,218161426,1298733126,23565055979,15759407706,1.495301,0.167980,42,-1,full
stencil_t16_obs,182814,3940649673949185,ompt_thread_worker,8,0,0,0,158294331,1299681746,26165494421,15435949752,1.695101,0.121795,42,-1,full
stencil_t16_obs,182815,4222124650659841,ompt_thread_worker,1,0,0,0,243009771,1298059657,22156503290,15931872691,1.390703,0.187210,42,-1,full
stencil_t16_obs,182816,4503599627370497,ompt_thread_worker,231,1,0,0,244349720,1298382820,22068860532,15945585155,1.384011,0.188195,42,-1,full
spmv_static_t16_obs,182823,281474976710657,ompt_thread_initial,255,1,0,0,126221997,998415672,19204505309,18002764243,1.066753,0.126422,47,-1,full
spmv_static_t16_obs,182825,562949953421313,ompt_thread_worker,120,1,0,0,126326156,991568842,19199353080,18012468879,1.065892,0.127400,47,-1,full
spmv_static_t16_obs,182827,844424930131969,ompt_thread_worker,128,0,0,0,107288512,1001533102,20129116348,17909720421,1.123921,0.107124,47,-1,full
spmv_static_t16_obs,182826,1125899906842625,ompt_thread_worker,207,1,0,0,123316418,988567099,18457637054,18113026578,1.019026,0.124743,47,-1,full
spmv_static_t16_obs,182828,1407374883553281,ompt_thread_worker,48,0,0,0,105991671,997294379,20872537217,17831668505,1.170532,0.106279,47,-1,full
spmv_static_t16_obs,182829,1688849860263937,ompt_thread_worker,80,1,0,0,120899438,987222829,18869895317,18050804479,1.045377,0.122464,47,-1,full
spmv_static_t16_obs,182830,1970324836974593,ompt_thread_worker,56,0,0,0,116009795,990209997,19432238719,17986959139,1.080352,0.117157,47,-1,full
spmv_static_t16_obs,182831,2251799813685249,ompt_thread_worker,40,0,0,0,104695591,1000721721,20912028336,17820886253,1.173456,0.104620,47,-1,full
spmv_static_t16_obs,182832,2533274790395905,ompt_thread_worker,231,1,0,0,109715615,990750275,20257530982,17877683988,1.133118,0.110740,47,-1,full
spmv_static_t16_obs,182833,2814749767106561,ompt_thread_worker,199,1,0,0,104617364,984670727,20421294752,17844144444,1.144426,0.106246,47,-1,full
spmv_static_t16_obs,182834,3096224743817217,ompt_thread_worker,32,0,0,0,109490322,983344808,20054487479,17896294023,1.120594,0.111345,47,-1,full
spmv_static_t16_obs,182835,3377699720527873,ompt_thread_worker,200,1,0,0,124343438,996652723,18483661359,18113032821,1.020462,0.124761,47,-1,full
spmv_static_t16_obs,182836,3659174697238529,ompt_thread_worker,223,1,0,0,105938520,985611985,20589632972,17823214958,1.155214,0.107485,47,-1,full
spmv_static_t16_obs,182837,3940649673949185,ompt_thread_worker,247,1,0,0,119419284,979304543,18718524352,18045635934,1.037288,0.121943,47,-1,full
spmv_static_t16_obs,182838,4222124650659841,ompt_thread_worker,16,0,0,0,106554645,981002406,20499195588,17844858964,1.148745,0.108618,47,-1,full
spmv_static_t16_obs,182839,4503599627370497,ompt_thread_worker,239,1,0,0,113763232,994621196,19550455752,17966359857,1.088170,0.114378,47,-1,full
stencil_t16_ovh,182852,281474976710657,ompt_thread_initial,128,0,0,0,152378975,1300571680,22138583807,11251302974,1.967646,0.117163,29,-1,full
stencil_t16_ovh,182854,562949953421313,ompt_thread_worker,176,0,0,0,153153583,1300981156,22126818209,11268512066,1.963597,0.117722,29,-1,full
stencil_t16_ovh,182855,844424930131969,ompt_thread_worker,16,0,0,0,153220922,1300489117,22118395234,11273796455,1.961930,0.117818,29,-1,full
stencil_t16_ovh,182856,1125899906842625,ompt_thread_worker,32,0,0,0,151438838,1300680552,22147459903,11265893877,1.965886,0.116430,29,-1,full
stencil_t16_ovh,182857,1407374883553281,ompt_thread_worker,136,0,0,0,151802670,1300465185,22162847687,11265278638,1.967359,0.116730,29,-1,full
stencil_t16_ovh,182858,1688849860263937,ompt_thread_worker,56,0,0,0,152678705,1300830836,22103345837,11272136649,1.960883,0.117370,29,-1,full
stencil_t16_ovh,182859,1970324836974593,ompt_thread_worker,152,0,0,0,153922989,1300766107,22111284544,11271795162,1.961647,0.118333,29,-1,full
stencil_t16_ovh,182860,2251799813685249,ompt_thread_worker,168,0,0,0,151174234,1300749425,22137634675,11269605682,1.964366,0.116221,29,-1,full
stencil_t16_ovh,182861,2533274790395905,ompt_thread_worker,64,1,0,0,152845144,1300894728,22127963704,11274868433,1.962592,0.117492,29,-1,full
stencil_t16_ovh,182863,2814749767106561,ompt_thread_worker,208,1,0,0,154277514,1300154930,22061767441,11269768724,1.957606,0.118661,29,-1,full
stencil_t16_ovh,182862,3096224743817217,ompt_thread_worker,240,1,0,0,154735079,1301011180,22083138702,11269951656,1.959471,0.118934,29,-1,full
stencil_t16_ovh,182864,3377699720527873,ompt_thread_worker,96,1,0,0,153487548,1299777363,22079523716,11267783051,1.959527,0.118088,29,-1,full
stencil_t16_ovh,182865,3659174697238529,ompt_thread_worker,200,1,0,0,152327570,1299992949,22114421681,11265559243,1.963011,0.117176,29,-1,full
stencil_t16_ovh,182866,3940649673949185,ompt_thread_worker,248,1,0,0,154151706,1299867009,22082084521,11269622430,1.959434,0.118590,29,-1,full
stencil_t16_ovh,182867,4222124650659841,ompt_thread_worker,216,1,0,0,153080884,1300246475,22082717975,11265776349,1.960159,0.117732,29,-1,full
stencil_t16_ovh,182868,4503599627370497,ompt_thread_worker,232,1,0,0,150215746,1299934465,22076509440,11269933200,1.958886,0.115556,29,-1,full
spmv_static_t16_ovh,182875,281474976710657,ompt_thread_initial,128,0,0,0,102407578,998837483,18978802018,15377803949,1.234169,0.102527,40,-1,full
spmv_static_t16_ovh,182877,562949953421313,ompt_thread_worker,176,0,0,0,102152480,991582022,18638623822,15432109714,1.207782,0.103020,40,-1,full
spmv_static_t16_ovh,182878,844424930131969,ompt_thread_worker,144,0,0,0,102923291,988015189,18715092451,15428939177,1.212986,0.104172,40,-1,full
spmv_static_t16_ovh,182879,1125899906842625,ompt_thread_worker,32,0,0,0,100813334,996292607,18712284094,15428979078,1.212801,0.101188,40,-1,full
spmv_static_t16_ovh,182880,1407374883553281,ompt_thread_worker,8,0,0,0,103616206,997229197,18827965422,15425379752,1.220584,0.103904,40,-1,full
spmv_static_t16_ovh,182881,1688849860263937,ompt_thread_worker,184,0,0,0,101917024,986865482,18683818917,15422451343,1.211469,0.103273,40,-1,full
spmv_static_t16_ovh,182882,1970324836974593,ompt_thread_worker,152,0,0,0,102549862,989968757,18719556300,15423409061,1.213711,0.103589,40,-1,full
spmv_static_t16_ovh,182883,2251799813685249,ompt_thread_worker,40,0,0,0,102203860,1001016159,18851206420,15418628628,1.222625,0.102100,40,-1,full
spmv_static_t16_ovh,182884,2533274790395905,ompt_thread_worker,192,1,0,0,104710850,990746818,18699986154,15424581099,1.212350,0.105689,40,-1,full
spmv_static_t16_ovh,182885,2814749767106561,ompt_thread_worker,240,1,0,0,104659083,984548827,18472213600,15431914597,1.197014,0.106302,40,-1,full
spmv_static_t16_ovh,182886,3096224743817217,ompt_thread_worker,80,1,0,0,105962909,983453207,18446451400,15433175693,1.195247,0.107746,40,-1,full
spmv_static_t16_ovh,182887,3377699720527873,ompt_thread_worker,224,1,0,0,103703242,996494302,18505439857,15442990180,1.198307,0.104068,40,-1,full
spmv_static_t16_ovh,182888,3659174697238529,ompt_thread_worker,200,1,0,0,103266448,985667524,18614901083,15416338863,1.207479,0.104768,40,-1,full
spmv_static_t16_ovh,182889,3940649673949185,ompt_thread_worker,248,1,0,0,104310250,979048448,18433730422,15424519181,1.195093,0.106542,40,-1,full
spmv_static_t16_ovh,182890,4222124650659841,ompt_thread_worker,88,1,0,0,104571057,980911318,18516152921,15421429854,1.200677,0.106606,40,-1,full
spmv_static_t16_ovh,182891,4503599627370497,ompt_thread_worker,232,1,0,0,104060113,994539617,18525765311,15436218716,1.200149,0.104631,40,-1,full
stencil_t16_scheduler,182918,281474976710657,ompt_thread_initial,255,1,0,0,159322458,1300982969,25799500519,15484055469,1.666198,0.122463,41,-1,full
stencil_t16_scheduler,182920,562949953421313,ompt_thread_worker,223,1,0,0,170812591,1300395563,25311807502,15586002222,1.624009,0.131354,41,-1,full
stencil_t16_scheduler,182921,844424930131969,ompt_thread_worker,231,1,0,0,157883755,1300820870,25920792731,15511253640,1.671096,0.121372,41,-1,full
stencil_t16_scheduler,182923,1125899906842625,ompt_thread_worker,239,1,0,0,200688887,1299720540,23788571634,15781561550,1.507365,0.154409,41,-1,full
stencil_t16_scheduler,182924,1407374883553281,ompt_thread_worker,51,0,0,0,157811259,1300561450,25930669226,15523222269,1.670444,0.121341,41,-1,full
stencil_t16_scheduler,182922,1688849860263937,ompt_thread_worker,32,0,0,0,162993177,1300358655,25592412858,15564435201,1.644288,0.125345,41,-1,full
stencil_t16_scheduler,182925,1970324836974593,ompt_thread_worker,128,0,0,0,201265090,1300400305,23576134006,15810498123,1.491170,0.154772,41,-1,full
stencil_t16_scheduler,182926,2251799813685249,ompt_thread_worker,24,0,0,0,176864914,1300884146,24905593465,15648441899,1.591570,0.135957,41,-1,full
stencil_t16_scheduler,182927,2533274790395905,ompt_thread_worker,1,0,1,0,239052751,1299528736,22143656763,15990620913,1.384790,0.183953,40,47,full
stencil_t16_scheduler,182928,2814749767106561,ompt_thread_worker,204,1,0,0,233663129,1299571807,22264411732,15977179315,1.393513,0.179800,41,-1,full
stencil_t16_scheduler,182929,3096224743817217,ompt_thread_worker,192,1,0,0,157003611,1299816780,25933110164,15510664941,1.671953,0.120789,41,-1,full
stencil_t16_scheduler,182930,3377699720527873,ompt_thread_worker,215,1,0,0,158516912,1300491598,25906236504,15518425987,1.669386,0.121890,41,-1,full
stencil_t16_scheduler,182931,3659174697238529,ompt_thread_worker,16,0,0,0,157551218,1300159386,25882445200,15530375318,1.666569,0.121178,41,-1,full
stencil_t16_scheduler,182932,3940649673949185,ompt_thread_worker,186,0,0,0,160248984,1300024341,25754328585,15545848714,1.656669,0.123266,41,-1,full
stencil_t16_scheduler,182933,4222124650659841,ompt_thread_worker,8,0,0,0,158241999,1299763579,25759660631,15545500181,1.657049,0.121747,41,-1,full
stencil_t16_scheduler,182934,4503599627370497,ompt_thread_worker,241,1,0,0,159110148,1300228708,25863955957,15522665338,1.666206,0.122371,41,-1,full
spmv_static_t16_scheduler,182941,281474976710657,ompt_thread_initial,24,0,0,0,107162396,1001393189,19500251095,16941043630,1.151066,0.107013,45,-1,full
spmv_static_t16_scheduler,182943,562949953421313,ompt_thread_worker,103,1,0,0,104615926,991794545,19637004471,16910059106,1.161262,0.105481,45,-1,full
spmv_static_t16_scheduler,182944,844424930131969,ompt_thread_worker,207,1,0,0,104135176,988155412,19777317818,16897965118,1.170396,0.105383,45,-1,full
spmv_static_t16_scheduler,182945,1125899906842625,ompt_thread_worker,215,1,0,0,109102611,996212949,19201735366,16975415047,1.131150,0.109517,45,-1,full
spmv_static_t16_scheduler,182946,1407374883553281,ompt_thread_worker,32,0,0,0,104142029,997414493,20015393323,16890462299,1.185012,0.104412,45,-1,full
spmv_static_t16_scheduler,182947,1688849860263937,ompt_thread_worker,56,0,0,0,102150551,987038642,19927859783,16860422211,1.181931,0.103492,45,-1,full
spmv_static_t16_scheduler,182949,2251799813685249,ompt_thread_worker,40,0,0,0,102712738,1000801184,20140868734,16868397970,1.194000,0.102631,45,-1,full
spmv_static_t16_scheduler,182948,1970324836974593,ompt_thread_worker,199,1,0,0,105219029,990309126,19571136589,16917477237,1.156859,0.106249,45,-1,full
spmv_static_t16_scheduler,182950,2533274790395905,ompt_thread_worker,247,1,0,0,114108840,990866548,19048725975,16983550174,1.121599,0.115161,45,-1,full
spmv_static_t16_scheduler,182951,2814749767106561,ompt_thread_worker,128,0,1,0,113008227,987166610,18604679148,17035601937,1.092106,0.114477,44,1008,full
spmv_static_t16_scheduler,182952,3096224743817217,ompt_thread_worker,48,0,1,0,113633380,984970900,18628304154,17027036125,1.094043,0.115367,44,1008,full
spmv_static_t16_scheduler,182953,3377699720527873,ompt_thread_worker,88,1,0,0,114101696,996217193,19062072550,16984874865,1.122297,0.114535,45,-1,full
spmv_static_t16_scheduler,182954,3659174697238529,ompt_thread_worker,8,0,0,0,102304310,984955832,19953372805,16872433269,1.182602,0.103867,45,-1,full
spmv_static_t16_scheduler,182955,3940649673949185,ompt_thread_worker,120,1,0,0,105397789,978327807,19512481263,16901407117,1.154489,0.107733,45,-1,full
spmv_static_t16_scheduler,182956,4222124650659841,ompt_thread_worker,16,0,0,0,108635127,981234929,19264540052,16952266335,1.136399,0.110713,45,-1,full
spmv_static_t16_scheduler,182957,4503599627370497,ompt_thread_worker,239,1,0,0,105109777,994442664,19647673250,16905083723,1.162235,0.105697,45,-1,full
stencil_t32_obs,183242,281474976710657,ompt_thread_initial,255,1,0,0,50896323,649505329,11432256030,16224051405,0.704649,0.078362,42,-1,full
stencil_t32_obs,183244,562949953421313,ompt_thread_worker,215,1,0,0,52187869,649201852,12624814126,16106459303,0.783835,0.080388,42,-1,full
stencil_t32_obs,183245,844424930131969,ompt_thread_worker,112,1,0,0,62892682,649510760,14249927733,15900485769,0.896194,0.096831,42,-1,full
stencil_t32_obs,183246,1125899906842625,ompt_thread_worker,231,1,0,0,47578112,649150669,13363969032,16010377330,0.834707,0.073293,42,-1,full
stencil_t32_obs,183247,1407374883553281,ompt_thread_worker,56,0,0,0,75292965,650934591,18348130121,15386722292,1.192465,0.115669,42,-1,full
stencil_t32_obs,183248,1688849860263937,ompt_thread_worker,40,0,0,0,63744841,650381290,18910253466,15322779680,1.234127,0.098011,42,-1,full
stencil_t32_obs,183249,1970324836974593,ompt_thread_worker,32,0,0,0,65290608,651094439,18897636497,15325476149,1.233086,0.100278,42,-1,full
stencil_t32_obs,183250,2251799813685249,ompt_thread_worker,24,0,0,0,65362056,651045401,19020335334,15309501928,1.242388,0.100396,42,-1,full
stencil_t32_obs,183251,2533274790395905,ompt_thread_worker,104,1,0,0,59344229,649708730,14349659889,15887482772,0.903205,0.091340,42,-1,full
stencil_t32_obs,183252,2814749767106561,ompt_thread_worker,124,1,0,0,53014325,648864697,11490920803,16250454622,0.707114,0.081703,42,-1,full
stencil_t32_obs,183253,3096224743817217,ompt_thread_worker,123,1,0,0,52270536,648801323,11444596832,16254955674,0.704068,0.080565,42,-1,full
stencil_t32_obs,183254,3377699720527873,ompt_thread_worker,122,1,0,0,49969126,647991545,11472781163,16249389323,0.706044,0.077114,42,-1,full
stencil_t32_obs,183255,3659174697238529,ompt_thread_worker,223,1,0,0,53545772,648824117,11244718706,16277908973,0.690796,0.082527,42,-1,full
stencil_t32_obs,183256,3940649673949185,ompt_thread_worker,82,1,0,0,46033834,647895456,12002116669,16182977801,0.741651,0.071051,42,-1,full
stencil_t32_obs,183257,4222124650659841,ompt_thread_worker,239,1,0,0,61585896,649062694,14734151833,15835057559,0.930477,0.094884,42,-1,full
stencil_t32_obs,183258,4503599627370497,ompt_thread_worker,247,1,0,0,63750178,648197332,14652535008,15843860226,0.924808,0.098350,42,-1,full
stencil_t32_obs,183259,4785074604081153,ompt_thread_worker,197,1,0,0,73785398,649743977,15265667344,15769097673,0.968075,0.113561,42,-1,full
stencil_t32_obs,183260,5066549580791809,ompt_thread_worker,76,1,0,0,49549927,647975369,12983470005,16060017932,0.808434,0.076469,42,-1,full
stencil_t32_obs,183261,5348024557502465,ompt_thread_worker,65,1,0,0,52748277,648871248,12641900059,16101123087,0.785156,0.081292,42,-1,full
stencil_t32_obs,183262,5629499534213121,ompt_thread_worker,90,1,0,0,57531059,647738788,11248682227,16277610326,0.691052,0.088818,42,-1,full
stencil_t32_obs,183263,5910974510923777,ompt_thread_worker,48,0,0,0,67446853,650223308,15367562518,15764011287,0.974851,0.103729,42,-1,full
stencil_t32_obs,183264,6192449487634433,ompt_thread_worker,99,1,0,0,49693782,647790684,13371564049,16006161413,0.835401,0.076713,42,-1,full
stencil_t32_obs,183265,6473924464345089,ompt_thread_worker,98,1,0,0,49013752,648800005,13351070360,16012315794,0.833800,0.075545,42,-1,full
stencil_t32_obs,183266,6755399441055745,ompt_thread_worker,105,1,0,0,52019225,647837388,13397446027,16004907380,0.837084,0.080297,42,-1,full
stencil_t32_obs,183267,7036874417766401,ompt_thread_worker,16,0,0,0,75699537,651858985,17844162851,15456671129,1.154464,0.116129,42,-1,full
stencil_t32_obs,183268,7318349394477057,ompt_thread_worker,192,1,0,0,57737448,648021300,13221406377,16029568021,0.824814,0.089098,42,-1,full
stencil_t32_obs,183269,7599824371187713,ompt_thread_worker,113,1,0,0,53927663,648884255,13443258750,16001037121,0.840149,0.083108,42,-1,full
stencil_t32_obs,183270,7881299347898369,ompt_thread_worker,201,1,0,0,50750451,648007193,12988276288,16061890455,0.808639,0.078318,42,-1,full
stencil_t32_obs,183271,8162774324609025,ompt_thread_worker,81,1,0,0,50326625,648573638,12538572713,16116129445,0.778014,0.077596,42,-1,full
stencil_t32_obs,183272,8444249301319681,ompt_thread_worker,92,1,0,0,52777798,648363255,11244821114,16279819411,0.690721,0.081402,42,-1,full
stencil_t32_obs,183273,8725724278030337,ompt_thread_worker,91,1,0,0,59681874,648363282,11245984809,16280085626,0.690782,0.092050,42,-1,full
stencil_t32_obs,183274,9007199254740993,ompt_thread_worker,207,1,0,0,50816333,648080930,12989899713,16062783081,0.808695,0.078410,42,-1,full
spmv_static_t32_obs,183281,281474976710657,ompt_thread_initial,127,1,0,0,62412305,498757877,10649203901,14043727412,0.758289,0.125135,37,-1,full
spmv_static_t32_obs,183283,562949953421313,ompt_thread_worker,114,1,0,0,61733447,490860856,10549457683,14060697409,0.750280,0.125766,37,-1,full
spmv_static_t32_obs,183284,844424930131969,ompt_thread_worker,97,1,0,0,62682966,498975729,10692356377,14056909716,0.760648,0.125623,37,-1,full
spmv_static_t32_obs,183285,1125899906842625,ompt_thread_worker,81,1,0,0,62530297,504517056,10550976444,14088066347,0.748930,0.123941,37,-1,full
spmv_static_t32_obs,183286,1407374883553281,ompt_thread_worker,75,1,0,0,62595595,504790842,9493128090,14227403565,0.667242,0.124003,37,-1,full
spmv_static_t32_obs,183287,1688849860263937,ompt_thread_worker,126,1,0,0,64325510,497429763,10897822314,14033914774,0.776535,0.129316,37,-1,full
spmv_static_t32_obs,183288,1970324836974593,ompt_thread_worker,125,1,0,0,65078271,500666744,10944492979,14032579171,0.779935,0.129983,37,-1,full
spmv_static_t32_obs,183289,2251799813685249,ompt_thread_worker,105,1,0,0,64207558,511044844,10610270028,14085510557,0.753276,0.125640,37,-1,full
spmv_static_t32_obs,183290,2533274790395905,ompt_thread_worker,79,1,0,0,63436968,499212995,9405033336,14227839564,0.661030,0.127074,37,-1,full
spmv_static_t32_obs,183292,2814749767106561,ompt_thread_worker,89,1,0,0,63886411,490877453,10745067368,14036073201,0.765532,0.130147,37,-1,full
spmv_static_t32_obs,183291,3096224743817217,ompt_thread_worker,215,1,0,0,62278086,495345740,10617471896,14064234664,0.754927,0.125726,37,-1,full
spmv_static_t32_obs,183293,3377699720527873,ompt_thread_worker,223,1,0,0,63497480,496340923,10818189930,14031891183,0.770972,0.127931,37,-1,full
spmv_static_t32_obs,183294,3659174697238529,ompt_thread_worker,8,0,0,0,46450079,491289430,13547971459,13694706085,0.989285,0.094547,37,-1,full
spmv_static_t32_obs,183295,3940649673949185,ompt_thread_worker,96,1,0,0,61526424,485762161,10442764449,14063043122,0.742568,0.126660,37,-1,full
spmv_static_t32_obs,183296,4222124650659841,ompt_thread_worker,40,0,0,0,46614824,490500573,13477185483,13698168699,0.983868,0.095035,37,-1,full
spmv_static_t32_obs,183297,4503599627370497,ompt_thread_worker,128,0,0,0,52730972,501753227,12807249744,13791513890,0.928633,0.105093,37,-1,full
spmv_static_t32_obs,183298,4785074604081153,ompt_thread_worker,239,1,0,0,62637398,501681881,10690766323,14058695185,0.760438,0.124855,37,-1,full
spmv_static_t32_obs,183299,5066549580791809,ompt_thread_worker,113,1,0,0,62223392,502057545,10460681180,14094244897,0.742195,0.123937,37,-1,full
spmv_static_t32_obs,183300,5348024557502465,ompt_thread_worker,1,0,0,0,60188800,490464596,9885760637,14152280956,0.698528,0.122718,37,-1,full
spmv_static_t32_obs,183301,5629499534213121,ompt_thread_worker,80,1,0,0,60877305,493049599,10526768997,14066497477,0.748358,0.123471,37,-1,full
spmv_static_t32_obs,183302,5910974510923777,ompt_thread_worker,24,0,0,0,48603312,493592674,13515308039,13700854937,0.986457,0.098468,37,-1,full
spmv_static_t32_obs,183303,6192449487634433,ompt_thread_worker,16,0,0,0,49226200,490706562,13365686187,13721995654,0.974034,0.100317,37,-1,full
spmv_static_t32_obs,183304,6473924464345089,ompt_thread_worker,32,0,0,0,47545237,490487265,13523935343,13689175171,0.987929,0.096935,37,-1,full
spmv_static_t32_obs,183305,6755399441055745,ompt_thread_worker,56,0,0,0,47201813,491035124,13567304863,13689290487,0.991089,0.096127,37,-1,full
spmv_static_t32_obs,183306,7036874417766401,ompt_thread_worker,199,1,0,0,61807377,492577194,11510356867,13945492816,0.825382,0.125478,37,-1,full
spmv_static_t32_obs,183307,7318349394477057,ompt_thread_worker,66,1,0,0,61693399,490223311,11507834773,13944938821,0.825234,0.125848,37,-1,full
spmv_static_t32_obs,183308,7599824371187713,ompt_thread_worker,74,1,0,0,62111984,493304163,9261533426,14234919724,0.650621,0.125910,37,-1,full
spmv_static_t32_obs,183309,7881299347898369,ompt_thread_worker,48,0,0,0,54099903,500901692,12421276023,13848029803,0.896971,0.108005,37,-1,full
spmv_static_t32_obs,183310,8162774324609025,ompt_thread_worker,247,1,0,0,61513456,495452671,10539065708,14068387214,0.749131,0.124156,37,-1,full
spmv_static_t32_obs,183311,8444249301319681,ompt_thread_worker,88,1,0,0,61501654,494247880,10438035144,14077104481,0.741490,0.124435,37,-1,full
spmv_static_t32_obs,183312,8725724278030337,ompt_thread_worker,104,1,0,0,61881507,491598271,10604175510,14057207576,0.754359,0.125878,37,-1,full
spmv_static_t32_obs,183313,9007199254740993,ompt_thread_worker,231,1,0,0,60462188,496162876,10634261133,14055865106,0.756571,0.121860,37,-1,full
stencil_t32_ovh,183324,281474976710657,ompt_thread_initial,128,0,0,0,65994002,650343017,11064170982,10734847114,1.030678,0.101476,28,-1,full
stencil_t32_ovh,183326,562949953421313,ompt_thread_worker,4,0,0,0,56192566,649667635,11090195228,10743901589,1.032232,0.086494,28,-1,full
stencil_t32_ovh,183327,844424930131969,ompt_thread_worker,176,0,0,0,58188008,650136363,11098184925,10741086192,1.033246,0.089501,28,-1,full
stencil_t32_ovh,183328,1125899906842625,ompt_thread_worker,180,0,0,0,56556944,649570827,11111976233,10739484239,1.034684,0.087068,28,-1,full
stencil_t32_ovh,183329,1407374883553281,ompt_thread_worker,144,0,0,0,60557938,650395276,11117760414,10740127384,1.035161,0.093109,28,-1,full
stencil_t32_ovh,183330,1688849860263937,ompt_thread_worker,148,0,0,0,57573491,649353232,11109208331,10741474564,1.034235,0.088663,28,-1,full
stencil_t32_ovh,183331,1970324836974593,ompt_thread_worker,160,0,0,0,56726131,650370505,11109663639,10738364335,1.034577,0.087221,28,-1,full
stencil_t32_ovh,183332,2251799813685249,ompt_thread_worker,164,0,0,0,59715771,649287895,11095028825,10741269454,1.032935,0.091971,28,-1,full
stencil_t32_ovh,183333,2533274790395905,ompt_thread_worker,136,0,0,0,57259922,650539096,11117882392,10734160000,1.035748,0.088019,28,-1,full
stencil_t32_ovh,183334,2814749767106561,ompt_thread_worker,140,0,0,0,58385320,649113086,11103079811,10734960597,1.034292,0.089946,28,-1,full
stencil_t32_ovh,183336,3096224743817217,ompt_thread_worker,60,0,0,0,59621712,648183986,11115445342,10735515592,1.035390,0.091983,28,-1,full
stencil_t32_ovh,183335,3377699720527873,ompt_thread_worker,184,0,0,0,58240259,649781880,11116830585,10736164907,1.035456,0.089630,28,-1,full
stencil_t32_ovh,183337,3659174697238529,ompt_thread_worker,24,0,0,0,58045474,650043040,11102702615,10738660996,1.033900,0.089295,28,-1,full
stencil_t32_ovh,183338,3940649673949185,ompt_thread_worker,28,0,0,0,60487550,647892613,11107926482,10737712980,1.034478,0.093360,28,-1,full
stencil_t32_ovh,183339,4222124650659841,ompt_thread_worker,40,0,0,0,56483401,650021090,11123350102,10736284639,1.036052,0.086895,28,-1,full
stencil_t32_ovh,183340,4503599627370497,ompt_thread_worker,44,0,0,0,58850789,647859264,11124137018,10736460388,1.036108,0.090839,28,-1,full
stencil_t32_ovh,183341,4785074604081153,ompt_thread_worker,192,1,0,0,59212620,650059049,11091098058,10734241622,1.033245,0.091088,28,-1,full
stencil_t32_ovh,183342,5066549580791809,ompt_thread_worker,68,1,0,0,58902596,647853925,11099338367,10732453301,1.034185,0.090920,28,-1,full
stencil_t32_ovh,183343,5348024557502465,ompt_thread_worker,112,1,0,0,59795519,650174332,11035373147,10739296555,1.027569,0.091968,28,-1,full
stencil_t32_ovh,183344,5629499534213121,ompt_thread_worker,116,1,0,0,61158226,648009848,11051784327,10737042831,1.029314,0.094379,28,-1,full
stencil_t32_ovh,183345,5910974510923777,ompt_thread_worker,80,1,0,0,58488958,650084829,11046740746,10738108850,1.028742,0.089971,28,-1,full
stencil_t32_ovh,183346,6192449487634433,ompt_thread_worker,84,1,0,0,62575802,648234208,11050959882,10738128702,1.029133,0.096533,28,-1,full
stencil_t32_ovh,183347,6473924464345089,ompt_thread_worker,96,1,0,0,58445768,649737450,11046099911,10737430247,1.028747,0.089953,28,-1,full
stencil_t32_ovh,183348,6755399441055745,ompt_thread_worker,100,1,0,0,62344219,650977825,11057493023,10736988992,1.029850,0.095770,28,-1,full
stencil_t32_ovh,183349,7036874417766401,ompt_thread_worker,72,1,0,0,56829951,649769767,11086735127,10736403700,1.032630,0.087462,28,-1,full
stencil_t32_ovh,183350,7318349394477057,ompt_thread_worker,76,1,0,0,60824082,648480800,11103028967,10733360247,1.034441,0.093795,28,-1,full
stencil_t32_ovh,183351,7599824371187713,ompt_thread_worker,120,1,0,0,58110082,649674450,11065609170,10738505191,1.030461,0.089445,28,-1,full
stencil_t32_ovh,183352,7881299347898369,ompt_thread_worker,124,1,0,0,61802009,648525435,11075452455,10737206363,1.031502,0.095296,28,-1,full
stencil_t32_ovh,183353,8162774324609025,ompt_thread_worker,216,1,0,0,60555163,649588723,11061423649,10737326366,1.030184,0.093221,28,-1,full
stencil_t32_ovh,183354,8444249301319681,ompt_thread_worker,92,1,0,0,60161616,648704205,11059958793,10730298792,1.030722,0.092741,28,-1,full
stencil_t32_ovh,183355,8725724278030337,ompt_thread_worker,232,1,0,0,59697182,649430085,11076884766,10737734977,1.031585,0.091922,28,-1,full
stencil_t32_ovh,183356,9007199254740993,ompt_thread_worker,236,1,0,0,59861884,648867563,11050497412,10742270180,1.028693,0.092256,28,-1,full
spmv_static_t32_ovh,183364,281474976710657,ompt_thread_initial,128,0,0,0,58597027,502211776,9412767678,10455637121,0.900258,0.116678,27,-1,full
spmv_static_t32_ovh,183366,562949953421313,ompt_thread_worker,4,0,0,0,58811758,490910821,9396755879,10459220713,0.898418,0.119801,27,-1,full
spmv_static_t32_ovh,183367,844424930131969,ompt_thread_worker,176,0,0,0,58671398,499191404,9444310065,10466419809,0.902344,0.117533,27,-1,full
spmv_static_t32_ovh,183368,1125899906842625,ompt_thread_worker,180,0,0,0,59506063,504288971,9511959461,10465173175,0.908916,0.118000,27,-1,full
spmv_static_t32_ovh,183369,1407374883553281,ompt_thread_worker,16,0,0,0,60451764,505015069,9595610694,10463012709,0.917098,0.119703,27,-1,full
spmv_static_t32_ovh,183370,1688849860263937,ompt_thread_worker,20,0,0,0,58344815,497903148,9483412648,10461979532,0.906464,0.117181,27,-1,full
spmv_static_t32_ovh,183371,1970324836974593,ompt_thread_worker,160,0,0,0,58155042,501040149,9557522349,10454529972,0.914199,0.116069,27,-1,full
spmv_static_t32_ovh,183372,2251799813685249,ompt_thread_worker,164,0,0,0,59486389,511043846,9634959341,10457702674,0.921327,0.116402,27,-1,full
spmv_static_t32_ovh,183373,2533274790395905,ompt_thread_worker,8,0,0,0,58588766,499714893,9599077637,10447545261,0.918788,0.117244,27,-1,full
spmv_static_t32_ovh,183374,2814749767106561,ompt_thread_worker,140,0,0,0,58359789,495465037,9570079722,10440590687,0.916622,0.117788,27,-1,full
spmv_static_t32_ovh,183375,3096224743817217,ompt_thread_worker,184,0,0,0,57405093,491175150,9425151302,10451686213,0.901783,0.116873,27,-1,full
spmv_static_t32_ovh,183376,3377699720527873,ompt_thread_worker,188,0,0,0,57689793,496542754,9498471130,10449657795,0.908974,0.116183,27,-1,full
spmv_static_t32_ovh,183377,3659174697238529,ompt_thread_worker,152,0,0,0,58052841,491787891,9426436459,10453805965,0.901723,0.118044,27,-1,full
spmv_static_t32_ovh,183378,3940649673949185,ompt_thread_worker,156,0,0,0,56768978,486001209,9366058033,10451197139,0.896171,0.116808,27,-1,full
spmv_static_t32_ovh,183379,4222124650659841,ompt_thread_worker,168,0,0,0,58978587,490770510,9329174213,10461458645,0.891766,0.120175,27,-1,full
spmv_static_t32_ovh,183380,4503599627370497,ompt_thread_worker,172,0,0,0,58984176,499546614,9426256357,10461101746,0.901077,0.118075,27,-1,full
spmv_static_t32_ovh,183381,4785074604081153,ompt_thread_worker,192,1,0,0,60003729,502217987,9382514003,10468934673,0.896224,0.119477,27,-1,full
spmv_static_t32_ovh,183382,5066549580791809,ompt_thread_worker,68,1,0,0,59952753,502704140,9428639961,10460981665,0.901315,0.119261,27,-1,full
spmv_static_t32_ovh,183383,5348024557502465,ompt_thread_worker,112,1,0,0,57552256,490688403,9372367831,10449588697,0.896913,0.117289,27,-1,full
spmv_static_t32_ovh,183384,5629499534213121,ompt_thread_worker,116,1,0,0,58609382,493230274,9365811156,10449298918,0.896310,0.118828,27,-1,full
spmv_static_t32_ovh,183385,5910974510923777,ompt_thread_worker,80,1,0,0,57851070,494188703,9458636440,10443686669,0.905680,0.117063,27,-1,full
spmv_static_t32_ovh,183386,6192449487634433,ompt_thread_worker,84,1,0,0,58788790,491383432,9431627919,10443092119,0.903145,0.119639,27,-1,full
spmv_static_t32_ovh,183387,6473924464345089,ompt_thread_worker,96,1,0,0,57621022,490581623,9495232284,10432353658,0.910172,0.117455,27,-1,full
spmv_static_t32_ovh,183388,6755399441055745,ompt_thread_worker,100,1,0,0,59187692,491595361,9495302853,10431900284,0.910218,0.120399,27,-1,full
spmv_static_t32_ovh,183389,7036874417766401,ompt_thread_worker,72,1,0,0,59993682,493059341,9518413957,10432892580,0.912347,0.121676,27,-1,full
spmv_static_t32_ovh,183390,7318349394477057,ompt_thread_worker,76,1,0,0,59326241,490438763,9499092033,10432248695,0.910551,0.120966,27,-1,full
spmv_static_t32_ovh,183391,7599824371187713,ompt_thread_worker,248,1,0,0,59819309,493625596,9339124159,10458917803,0.892934,0.121184,27,-1,full
spmv_static_t32_ovh,183392,7881299347898369,ompt_thread_worker,124,1,0,0,58469577,501039277,9426972827,10458576415,0.901363,0.116697,27,-1,full
spmv_static_t32_ovh,183393,8162774324609025,ompt_thread_worker,216,1,0,0,59394187,495654931,9371438859,10454493810,0.896403,0.119830,27,-1,full
spmv_static_t32_ovh,183394,8444249301319681,ompt_thread_worker,92,1,0,0,58605638,494444286,9349275205,10454049462,0.894321,0.118528,27,-1,full
spmv_static_t32_ovh,183395,8725724278030337,ompt_thread_worker,104,1,0,0,59609890,491871617,9309166021,10463040349,0.889719,0.121190,27,-1,full
spmv_static_t32_ovh,183396,9007199254740993,ompt_thread_worker,108,1,0,0,58922285,496046506,9345409749,10461377979,0.893325,0.118784,27,-1,full
stencil_t32_scheduler,183419,281474976710657,ompt_thread_initial,255,1,0,0,48507467,649236063,11114876445,14346999980,0.774718,0.074715,37,-1,full
stencil_t32_scheduler,183422,562949953421313,ompt_thread_worker,32,0,0,0,63494801,649723015,17246444158,13606169047,1.267546,0.097726,37,-1,full
stencil_t32_scheduler,183421,844424930131969,ompt_thread_worker,96,1,0,0,54930807,649676900,12698388857,14170075061,0.896141,0.084551,37,-1,full
stencil_t32_scheduler,183423,1125899906842625,ompt_thread_worker,82,1,0,0,51502656,649399872,11862380186,14277940913,0.830819,0.079308,37,-1,full
stencil_t32_scheduler,183424,1407374883553281,ompt_thread_worker,6,0,1,0,81597423,650036770,14824730390,13905433436,1.066111,0.125527,36,16,full
stencil_t32_scheduler,183425,1688849860263937,ompt_thread_worker,89,1,0,0,47413568,649527409,11999067149,14260093390,0.841444,0.072997,37,-1,full
stencil_t32_scheduler,183426,1970324836974593,ompt_thread_worker,250,1,0,0,55485272,649377872,11137014694,14375589308,0.774717,0.085444,37,-1,full
stencil_t32_scheduler,183428,2533274790395905,ompt_thread_worker,48,0,0,0,65463552,650495463,16269952900,13728556199,1.185118,0.100636,37,-1,full
stencil_t32_scheduler,183427,2251799813685249,ompt_thread_worker,126,1,0,0,53829926,651655939,11209478077,14367127007,0.780217,0.082605,37,-1,full
stencil_t32_scheduler,183429,2814749767106561,ompt_thread_worker,24,0,0,0,63353469,650805528,17173965620,13610390113,1.261828,0.097346,37,-1,full
stencil_t32_scheduler,183430,3096224743817217,ompt_thread_worker,192,1,0,0,54085778,648713338,12107160062,14242347235,0.850082,0.083374,37,-1,full
stencil_t32_scheduler,183432,3659174697238529,ompt_thread_worker,191,0,0,0,62437113,650095157,17156808726,13615992433,1.260048,0.096043,37,-1,full
stencil_t32_scheduler,183431,3377699720527873,ompt_thread_worker,199,1,0,0,55356538,648617922,13202624890,14109586017,0.935720,0.085345,37,-1,full
stencil_t32_scheduler,183433,3940649673949185,ompt_thread_worker,40,0,1,0,69755914,649508081,16204623979,13734440275,1.179853,0.107398,36,16,full
stencil_t32_scheduler,183434,4222124650659841,ompt_thread_worker,16,0,0,0,63528456,650961091,17115411698,13623927271,1.256276,0.097592,37,-1,full
stencil_t32_scheduler,183435,4503599627370497,ompt_thread_worker,215,1,0,0,44400370,648125349,12078282371,14251673828,0.847499,0.068506,37,-1,full
stencil_t32_scheduler,183436,4785074604081153,ompt_thread_worker,128,0,1,0,62350284,649237807,12666856406,14180239334,0.893275,0.096036,36,37,full
stencil_t32_scheduler,183437,5066549580791809,ompt_thread_worker,73,1,0,0,54043112,648218813,13078426912,14124493027,0.925940,0.083372,37,-1,full
stencil_t32_scheduler,183438,5348024557502465,ompt_thread_worker,74,1,0,0,50915718,648802013,11423326701,14334566888,0.796908,0.078477,37,-1,full
stencil_t32_scheduler,183439,5629499534213121,ompt_thread_worker,9,0,0,0,56791902,648409329,14927282737,13902154551,1.073739,0.087586,37,-1,full
stencil_t32_scheduler,183440,5910974510923777,ompt_thread_worker,106,1,0,0,42331741,648649761,11845832922,14281632695,0.829445,0.065261,37,-1,full
stencil_t32_scheduler,183441,6192449487634433,ompt_thread_worker,88,1,0,0,51044834,648083083,12687937022,14168788247,0.895485,0.078763,37,-1,full
stencil_t32_scheduler,183442,6473924464345089,ompt_thread_worker,81,1,0,0,41567313,648779333,12115983241,14245189494,0.850532,0.064070,37,-1,full
stencil_t32_scheduler,183443,6755399441055745,ompt_thread_worker,105,1,0,0,49634581,647954893,12052493833,14253475642,0.845583,0.076602,37,-1,full
stencil_t32_scheduler,183444,7036874417766401,ompt_thread_worker,247,1,0,0,43826360,648823541,11672627679,14299643883,0.816288,0.067547,37,-1,full
stencil_t32_scheduler,183445,7318349394477057,ompt_thread_worker,68,1,1,0,57787051,647931802,12661932822,14180447052,0.892915,0.089187,36,43,full
stencil_t32_scheduler,183446,7599824371187713,ompt_thread_worker,113,1,0,0,44423082,648851857,11673686642,14302263652,0.816213,0.068464,37,-1,full
stencil_t32_scheduler,183447,7881299347898369,ompt_thread_worker,239,1,0,0,47045687,647823492,12047535043,14254561978,0.845170,0.072621,37,-1,full
stencil_t32_scheduler,183448,8162774324609025,ompt_thread_worker,231,1,0,0,53586057,649150641,12964060781,14135643666,0.917119,0.082548,37,-1,full
stencil_t32_scheduler,183449,8444249301319681,ompt_thread_worker,114,1,0,0,46451087,647820243,11691539664,14298418873,0.817681,0.071704,37,-1,full
stencil_t32_scheduler,183450,8725724278030337,ompt_thread_worker,97,1,0,0,45821486,648778087,12105896401,14244734504,0.849851,0.070627,37,-1,full
stencil_t32_scheduler,183451,9007199254740993,ompt_thread_worker,223,1,0,0,48551053,648245164,12666188869,14172993454,0.893685,0.074896,37,-1,full
spmv_static_t32_scheduler,183458,281474976710657,ompt_thread_initial,255,1,0,0,61806724,499090474,9709623728,13070956307,0.742840,0.123839,34,-1,full
spmv_static_t32_scheduler,183460,562949953421313,ompt_thread_worker,215,1,0,0,61161096,491138299,9805206935,13065485393,0.750466,0.124529,34,-1,full
spmv_static_t32_scheduler,183461,844424930131969,ompt_thread_worker,223,1,0,0,63105710,499172335,9820753031,13074831647,0.751119,0.126421,34,-1,full
spmv_static_t32_scheduler,183462,1125899906842625,ompt_thread_worker,231,1,0,0,62206978,504447124,10193735268,13035454462,0.782001,0.123317,34,-1,full
spmv_static_t32_scheduler,183463,1407374883553281,ompt_thread_worker,89,1,0,0,62644776,505080496,9769334754,13094570550,0.746060,0.124029,34,-1,full
spmv_static_t32_scheduler,183464,1688849860263937,ompt_thread_worker,17,0,0,0,59206543,498089677,11066235330,12923603192,0.856281,0.118867,34,-1,full
spmv_static_t32_scheduler,183465,1970324836974593,ompt_thread_worker,74,1,0,0,62564596,501204040,10034694241,13056097544,0.768583,0.124829,34,-1,full
spmv_static_t32_scheduler,183466,2251799813685249,ompt_thread_worker,56,0,0,0,47840387,511162771,12816960303,12722759246,1.007404,0.093591,34,-1,full
spmv_static_t32_scheduler,183467,2533274790395905,ompt_thread_worker,199,1,0,0,58350382,499803208,11368079311,12881925613,0.882483,0.116747,34,-1,full
spmv_static_t32_scheduler,183469,2814749767106561,ompt_thread_worker,24,0,0,0,46312432,491517724,12656460511,12710596067,0.995741,0.094223,34,-1,full
spmv_static_t32_scheduler,183468,3096224743817217,ompt_thread_worker,79,1,0,0,61204346,495653353,9945488601,13054689819,0.761833,0.123482,34,-1,full
spmv_static_t32_scheduler,183470,3377699720527873,ompt_thread_worker,128,0,0,0,54784770,499619996,11619756195,12842883666,0.904762,0.109653,34,-1,full
spmv_static_t32_scheduler,183471,3659174697238529,ompt_thread_worker,8,0,0,0,46682164,491739721,12667426880,12712896620,0.996423,0.094933,34,-1,full
spmv_static_t32_scheduler,183472,3940649673949185,ompt_thread_worker,48,0,0,0,45700315,485933153,12560123772,12711890877,0.988061,0.094047,34,-1,full
spmv_static_t32_scheduler,183473,4222124650659841,ompt_thread_worker,16,0,0,0,50016646,490811685,12367208499,12749309276,0.970030,0.101906,34,-1,full
spmv_static_t32_scheduler,183474,4503599627370497,ompt_thread_worker,239,1,0,0,62048178,499641538,9850098625,13065651851,0.753893,0.124185,34,-1,full
spmv_static_t32_scheduler,183475,4785074604081153,ompt_thread_worker,97,1,0,0,62392978,502466958,9382489719,13133528738,0.714392,0.124173,34,-1,full
spmv_static_t32_scheduler,183476,5066549580791809,ompt_thread_worker,233,1,0,0,62200288,502634315,9935461198,13062946881,0.760583,0.123749,34,-1,full
spmv_static_t32_scheduler,183477,5348024557502465,ompt_thread_worker,88,1,0,0,59969224,490291713,9588443633,13089611216,0.732523,0.122313,34,-1,full
spmv_static_t32_scheduler,183478,5629499534213121,ompt_thread_worker,80,1,0,0,60689330,493192041,9977707487,13041628456,0.765066,0.123054,34,-1,full
spmv_static_t32_scheduler,183479,5910974510923777,ompt_thread_worker,113,1,0,0,60108861,494086051,9742201045,13078013655,0.744930,0.121657,34,-1,full
spmv_static_t32_scheduler,183480,6192449487634433,ompt_thread_worker,254,1,0,0,59797182,491248647,9565106392,13098431085,0.730248,0.121725,34,-1,full
spmv_static_t32_scheduler,183481,6473924464345089,ompt_thread_worker,81,1,0,0,60693242,490623198,9709739273,13075462740,0.742592,0.123706,34,-1,full
spmv_static_t32_scheduler,183482,6755399441055745,ompt_thread_worker,114,1,0,0,60993079,491649651,9784013439,13063747889,0.748944,0.124058,34,-1,full
spmv_static_t32_scheduler,183483,7036874417766401,ompt_thread_worker,64,1,0,0,61099757,492836683,9815152784,13064905762,0.751261,0.123976,34,-1,full
spmv_static_t32_scheduler,183484,7318349394477057,ompt_thread_worker,40,0,0,0,46694517,490353598,12663480421,12706089930,0.996647,0.095226,34,-1,full
spmv_static_t32_scheduler,183485,7599824371187713,ompt_thread_worker,32,0,0,0,46793804,494049658,12647401830,12714720088,0.994705,0.094715,34,-1,full
spmv_static_t32_scheduler,183486,7881299347898369,ompt_thread_worker,253,1,0,0,60620999,501245528,9749420025,13083456847,0.745172,0.120941,34,-1,full
spmv_static_t32_scheduler,183487,8162774324609025,ompt_thread_worker,104,1,0,0,60799452,495603642,9650400599,13087784538,0.737359,0.122678,34,-1,full
spmv_static_t32_scheduler,183488,8444249301319681,ompt_thread_worker,2,0,0,0,59281987,494529933,10818129413,12940515336,0.835989,0.119875,34,-1,full
spmv_static_t32_scheduler,183489,8725724278030337,ompt_thread_worker,96,1,0,0,61277864,491969724,10024068306,13036485845,0.768924,0.124556,34,-1,full
spmv_static_t32_scheduler,183490,9007199254740993,ompt_thread_worker,247,1,0,0,60443610,496131262,9499418035,13109088154,0.724644,0.121830,34,-1,full
stencil_t64_obs,183975,281474976710657,ompt_thread_initial,255,1,0,0,42262104,325788870,6209599796,16498270744,0.376379,0.129722,43,-1,full
stencil_t64_obs,183977,562949953421313,ompt_thread_worker,123,1,0,0,42614280,324916869,6240482525,16540170122,0.377293,0.131154,43,-1,full
stencil_t64_obs,183979,844424930131969,ompt_thread_worker,121,1,0,0,43483966,325128290,6286543741,16534672324,0.380204,0.133744,43,-1,full
stencil_t64_obs,183978,1125899906842625,ompt_thread_worker,122,1,0,0,42050365,324909541,6234938789,16543151107,0.376889,0.129422,43,-1,full
stencil_t64_obs,183980,1407374883553281,ompt_thread_worker,16,0,0,0,25909533,327083207,15849202579,15354867537,1.032194,0.079214,43,-1,full
stencil_t64_obs,183981,1688849860263937,ompt_thread_worker,80,1,0,0,34077576,324997581,9706630513,16108655769,0.602572,0.104855,43,-1,full
stencil_t64_obs,183982,1970324836974593,ompt_thread_worker,113,1,0,0,42276138,324935425,6133384795,16554097285,0.370506,0.130106,43,-1,full
stencil_t64_obs,183983,2251799813685249,ompt_thread_worker,8,0,0,0,27332842,326832681,15821296311,15351280346,1.030617,0.083629,43,-1,full
stencil_t64_obs,183984,2533274790395905,ompt_thread_worker,40,0,0,0,36529373,326480848,12717566949,15745080380,0.807717,0.111888,43,-1,full
stencil_t64_obs,183985,2814749767106561,ompt_thread_worker,73,1,0,0,40800231,324894416,6500879651,16508119254,0.393799,0.125580,43,-1,full
stencil_t64_obs,183986,3096224743817217,ompt_thread_worker,66,1,0,0,39719414,323948381,7364011532,16403085804,0.448941,0.122610,43,-1,full
stencil_t64_obs,183987,3377699720527873,ompt_thread_worker,64,1,0,0,40687735,324589249,7364058937,16402785920,0.448952,0.125351,43,-1,full
stencil_t64_obs,183988,3659174697238529,ompt_thread_worker,98,1,0,0,43636508,324277026,6738853563,16474133852,0.409057,0.134566,43,-1,full
stencil_t64_obs,183989,3940649673949185,ompt_thread_worker,126,1,0,0,48376561,324035895,6239201210,16541803698,0.377178,0.149294,43,-1,full
stencil_t64_obs,183990,4222124650659841,ompt_thread_worker,125,1,0,0,44851414,324027400,6250367880,16536371182,0.377977,0.138419,43,-1,full
stencil_t64_obs,183991,4503599627370497,ompt_thread_worker,124,1,0,0,43186158,324428904,6243579513,16541812552,0.377442,0.133114,43,-1,full
stencil_t64_obs,183992,4785074604081153,ompt_thread_worker,231,1,0,0,41862179,324194236,7312202245,16402810529,0.445790,0.129127,43,-1,full
stencil_t64_obs,183993,5066549580791809,ompt_thread_worker,74,1,0,0,43650476,324015243,6486316965,16514375045,0.392768,0.134717,43,-1,full
stencil_t64_obs,183994,5348024557502465,ompt_thread_worker,84,1,0,0,40543769,324087533,7445302361,16387500241,0.454328,0.125101,43,-1,full
stencil_t64_obs,183995,5629499534213121,ompt_thread_worker,81,1,0,0,32228636,324811029,8868044679,16207440942,0.547159,0.099223,43,-1,full
stencil_t64_obs,183996,5910974510923777,ompt_thread_worker,32,0,0,0,25741898,324996917,15813425750,15353051580,1.029986,0.079207,43,-1,full
stencil_t64_obs,183997,6192449487634433,ompt_thread_worker,233,1,0,0,44928281,324150849,6447220355,16508127148,0.390548,0.138603,43,-1,full
stencil_t64_obs,183998,6473924464345089,ompt_thread_worker,85,1,0,0,34719496,324406304,6456201306,16505946146,0.391144,0.107025,43,-1,full
stencil_t64_obs,183999,6755399441055745,ompt_thread_worker,110,1,0,0,43409538,324334095,6565373889,16497816197,0.397954,0.133842,43,-1,full
stencil_t64_obs,184000,7036874417766401,ompt_thread_worker,82,1,0,0,35068335,324123303,8236159986,16291899047,0.505537,0.108194,43,-1,full
stencil_t64_obs,184001,7318349394477057,ompt_thread_worker,77,1,0,0,43675547,324062947,6561728572,16502903601,0.397611,0.134775,43,-1,full
stencil_t64_obs,184002,7599824371187713,ompt_thread_worker,76,1,0,0,40387420,324208575,6514584489,16506386514,0.394671,0.124572,43,-1,full
stencil_t64_obs,184003,7881299347898369,ompt_thread_worker,203,1,0,0,43648206,324895357,6451975825,16510891481,0.390771,0.134345,43,-1,full
stencil_t64_obs,184004,8162774324609025,ompt_thread_worker,70,1,0,0,45856643,324717445,6298054180,16521819680,0.381196,0.141220,43,-1,full
stencil_t64_obs,184005,8444249301319681,ompt_thread_worker,92,1,0,0,39438199,324182234,7051543094,16437279833,0.428997,0.121654,43,-1,full
stencil_t64_obs,184006,8725724278030337,ompt_thread_worker,91,1,0,0,41130281,324118965,7040899663,16439842533,0.428283,0.126899,43,-1,full
stencil_t64_obs,184007,9007199254740993,ompt_thread_worker,83,1,0,0,39915124,324411765,7426383474,16390902643,0.453080,0.123038,43,-1,full
stencil_t64_obs,184008,9288674231451649,ompt_thread_worker,215,1,0,0,27585460,324521299,10703414806,15984555759,0.669610,0.085004,43,-1,full
stencil_t64_obs,184009,9570149208162305,ompt_thread_worker,78,1,0,0,41119014,324038731,6604256460,16496105721,0.400352,0.126895,43,-1,full
stencil_t64_obs,184010,9851624184872961,ompt_thread_worker,101,1,0,0,28359087,324168528,7294716015,16403246544,0.444712,0.087483,43,-1,full
stencil_t64_obs,184011,10133099161583617,ompt_thread_worker,65,1,0,0,34659695,324358091,7347382324,16402831756,0.447934,0.106856,43,-1,full
stencil_t64_obs,184012,10414574138294273,ompt_thread_worker,100,1,0,0,46130739,324146575,7058546451,16434746146,0.429489,0.142314,43,-1,full
stencil_t64_obs,184013,10696049115004929,ompt_thread_worker,94,1,0,0,39161196,324021475,7084452778,16434082427,0.431083,0.120860,43,-1,full
stencil_t64_obs,184014,10977524091715585,ompt_thread_worker,234,1,0,0,39075805,324420704,6437669694,16513260274,0.389848,0.120448,43,-1,full
stencil_t64_obs,184015,11258999068426241,ompt_thread_worker,1,0,0,0,40203252,324797054,7846104087,16336629649,0.480277,0.123780,43,-1,full
stencil_t64_obs,184016,11540474045136897,ompt_thread_worker,247,1,0,0,46488834,324245500,6085826296,16547579606,0.367777,0.143375,43,-1,full
stencil_t64_obs,184017,11821949021847553,ompt_thread_worker,115,1,0,0,44858511,324028411,6148702784,16546600098,0.371599,0.138440,43,-1,full
stencil_t64_obs,184018,12103423998558209,ompt_thread_worker,108,1,0,0,42752968,324294111,6563550665,16496423301,0.397877,0.131834,43,-1,full
stencil_t64_obs,184019,12384898975268865,ompt_thread_worker,225,1,0,0,37057618,324290132,7259572642,16408613517,0.442425,0.114273,43,-1,full
stencil_t64_obs,184020,12666373951979521,ompt_thread_worker,0,0,0,0,39111181,324044659,10694420903,15982517319,0.669132,0.120697,43,-1,full
stencil_t64_obs,184021,12947848928690177,ompt_thread_worker,69,1,0,0,41047915,324161612,7420907665,16394105573,0.452657,0.126628,43,-1,full
stencil_t64_obs,184022,13229323905400833,ompt_thread_worker,68,1,0,0,39895559,324316859,7391749846,16397999143,0.450771,0.123014,43,-1,full
stencil_t64_obs,184023,13510798882111489,ompt_thread_worker,67,1,0,0,38617908,324224183,7356609151,16402257894,0.448512,0.119109,43,-1,full
stencil_t64_obs,184024,13792273858822145,ompt_thread_worker,223,1,0,0,42641741,324036501,7030411760,16436583879,0.427729,0.131595,43,-1,full
stencil_t64_obs,184025,14073748835532801,ompt_thread_worker,120,1,0,0,45666207,324322653,5840179839,16585976326,0.352116,0.140805,43,-1,full
stencil_t64_obs,184026,14355223812243457,ompt_thread_worker,114,1,0,0,46714519,324483888,6117509918,16552326711,0.369586,0.143966,43,-1,full
stencil_t64_obs,184027,14636698788954113,ompt_thread_worker,112,1,0,0,40836477,324595700,5860700396,16578227082,0.353518,0.125807,43,-1,full
stencil_t64_obs,184028,14918173765664769,ompt_thread_worker,102,1,0,0,41194203,324026476,6945165644,16450246807,0.422192,0.127132,43,-1,full
stencil_t64_obs,184029,15199648742375425,ompt_thread_worker,118,1,0,0,45552499,324145977,6147032579,16547517179,0.371478,0.140531,43,-1,full
stencil_t64_obs,184030,15481123719086081,ompt_thread_worker,117,1,0,0,42508838,324453681,6173075835,16542970202,0.373154,0.131017,43,-1,full
stencil_t64_obs,184031,15762598695796737,ompt_thread_worker,116,1,0,0,40219473,324131353,6170702600,16546195940,0.372938,0.124084,43,-1,full
stencil_t64_obs,184032,16044073672507393,ompt_thread_worker,239,1,0,0,47136203,324294623,6440735754,16508005934,0.390158,0.145350,43,-1,full
stencil_t64_obs,184033,16325548649218049,ompt_thread_worker,232,1,0,0,42639373,324174789,6493950555,16505497761,0.393442,0.131532,43,-1,full
stencil_t64_obs,184034,16607023625928705,ompt_thread_worker,109,1,0,0,41622206,324415888,6567549099,16497789906,0.398087,0.128299,43,-1,full
stencil_t64_obs,184035,16888498602639361,ompt_thread_worker,24,0,0,0,30305290,325087092,14444729794,15518905413,0.930783,0.093222,43,-1,full
stencil_t64_obs,184036,17169973579350017,ompt_thread_worker,216,1,0,0,32164643,324147479,7008210463,16440943747,0.426266,0.099228,43,-1,full
stencil_t64_obs,184037,17451448556060673,ompt_thread_worker,217,1,0,0,42840360,324549936,6955505655,16444319936,0.422973,0.131999,43,-1,full
stencil_t64_obs,184038,17732923532771329,ompt_thread_worker,99,1,0,0,39970127,324350197,7262190788,16406973205,0.442628,0.123231,43,-1,full
stencil_t64_obs,184039,18014398509481985,ompt_thread_worker,207,1,0,0,41512809,324087187,6501478286,16512474419,0.393731,0.128091,43,-1,full
spmv_static_t64_obs,184046,281474976710657,ompt_thread_initial,255,1,0,0,29244061,250548284,5283621464,13904372201,0.379997,0.116720,35,-1,full
spmv_static_t64_obs,184048,562949953421313,ompt_thread_worker,123,1,0,0,29162582,251632802,5373516432,13925802847,0.385868,0.115893,35,-1,full
spmv_static_t64_obs,184050,1125899906842625,ompt_thread_worker,121,1,0,0,29492891,255438590,5427985537,13925854064,0.389778,0.115460,35,-1,full
spmv_static_t64_obs,184049,844424930131969,ompt_thread_worker,122,1,0,0,29483725,254298453,5420974296,13931434316,0.389118,0.115941,35,-1,full
spmv_static_t64_obs,184051,1407374883553281,ompt_thread_worker,116,1,0,0,29348648,254002316,5235823757,13949774073,0.375334,0.115545,35,-1,full
spmv_static_t64_obs,184052,1688849860263937,ompt_thread_worker,191,0,0,0,22397577,251652386,11569793082,13145879060,0.880108,0.089002,35,-1,full
spmv_static_t64_obs,184054,1970324836974593,ompt_thread_worker,124,1,0,0,29664768,253747470,5378956492,13940250798,0.385858,0.116907,35,-1,full
spmv_static_t64_obs,184053,2251799813685249,ompt_thread_worker,125,1,0,0,29203614,250245054,5346039766,13930128752,0.383775,0.116700,35,-1,full
spmv_static_t64_obs,184055,2533274790395905,ompt_thread_worker,247,1,0,0,30446744,250532939,5541079817,13901372322,0.398599,0.121528,35,-1,full
spmv_static_t64_obs,184056,2814749767106561,ompt_thread_worker,48,0,0,0,20799364,251420735,11753775634,13129834020,0.895196,0.082727,35,-1,full
spmv_static_t64_obs,184057,3096224743817217,ompt_thread_worker,112,1,0,0,30213186,245106796,5465531293,13899482991,0.393218,0.123265,35,-1,full
spmv_static_t64_obs,184058,3377699720527873,ompt_thread_worker,117,1,0,0,30556152,251388993,4892130510,13981127413,0.349910,0.121549,35,-1,full
spmv_static_t64_obs,184059,3659174697238529,ompt_thread_worker,8,0,0,0,20439341,248902321,11729047345,13126164557,0.893562,0.082118,35,-1,full
spmv_static_t64_obs,184060,3940649673949185,ompt_thread_worker,16,0,0,0,23163663,243891973,11316074431,13165629033,0.859516,0.094975,35,-1,full
spmv_static_t64_obs,184061,4222124650659841,ompt_thread_worker,32,0,0,0,20460006,248745146,11638539463,13129629362,0.886433,0.082253,35,-1,full
spmv_static_t64_obs,184062,4503599627370497,ompt_thread_worker,40,0,0,0,20808151,255949540,11708855716,13137582618,0.891249,0.081298,35,-1,full
spmv_static_t64_obs,184063,4785074604081153,ompt_thread_worker,239,1,0,0,28619192,253313695,5049795584,13963883591,0.361633,0.112979,35,-1,full
spmv_static_t64_obs,184064,5066549580791809,ompt_thread_worker,113,1,0,0,28414407,252229843,5462084205,13916545345,0.392489,0.112653,35,-1,full
spmv_static_t64_obs,184065,5348024557502465,ompt_thread_worker,69,1,0,0,28136304,246603350,5286403137,13924494593,0.379648,0.114095,35,-1,full
spmv_static_t64_obs,184066,5629499534213121,ompt_thread_worker,73,1,0,0,29022951,249377658,4976466263,13971729165,0.356181,0.116382,35,-1,full
spmv_static_t64_obs,184067,5910974510923777,ompt_thread_worker,17,0,0,0,27830912,255472801,10576635326,13277684418,0.796572,0.108939,35,-1,full
spmv_static_t64_obs,184068,6192449487634433,ompt_thread_worker,99,1,0,0,29773610,249835568,6208639792,13815188122,0.449407,0.119173,35,-1,full
spmv_static_t64_obs,184069,6473924464345089,ompt_thread_worker,234,1,0,0,27326411,243907024,5130128351,13948908890,0.367780,0.112036,35,-1,full
spmv_static_t64_obs,184070,6755399441055745,ompt_thread_worker,109,1,0,0,27489147,245208695,5137072684,13943631355,0.368417,0.112105,35,-1,full
spmv_static_t64_obs,184071,7036874417766401,ompt_thread_worker,215,1,0,0,27511524,246488158,6436420531,13788205145,0.466806,0.111614,35,-1,full
spmv_static_t64_obs,184072,7318349394477057,ompt_thread_worker,84,1,0,0,27680315,244819445,6422432478,13792378274,0.465651,0.113064,35,-1,full
spmv_static_t64_obs,184073,7599824371187713,ompt_thread_worker,83,1,0,0,28192578,248480988,6480016333,13783400093,0.470132,0.113460,35,-1,full
spmv_static_t64_obs,184074,7881299347898369,ompt_thread_worker,210,1,0,0,28390731,253839605,6467580376,13799642053,0.468677,0.111845,35,-1,full
spmv_static_t64_obs,184075,8162774324609025,ompt_thread_worker,94,1,0,0,29169413,247975817,4874018689,13981007340,0.348617,0.117630,35,-1,full
spmv_static_t64_obs,184076,8444249301319681,ompt_thread_worker,110,1,0,0,27309101,247031873,5146221273,13943055827,0.369088,0.110549,35,-1,full
spmv_static_t64_obs,184077,8725724278030337,ompt_thread_worker,108,1,0,0,27069792,243338799,5110795415,13946158452,0.366466,0.111243,35,-1,full
spmv_static_t64_obs,184078,9007199254740993,ompt_thread_worker,107,1,0,0,27180975,245814898,5142903151,13940900868,0.368908,0.110575,35,-1,full
spmv_static_t64_obs,184079,9288674231451649,ompt_thread_worker,199,1,0,0,28822222,248054990,5263008341,13932539343,0.377749,0.116193,35,-1,full
spmv_static_t64_obs,184080,9570149208162305,ompt_thread_worker,76,1,0,0,27975405,238774747,4957370810,13960420514,0.355102,0.117162,35,-1,full
spmv_static_t64_obs,184081,9851624184872961,ompt_thread_worker,81,1,0,0,29015586,244558629,6327363986,13806853281,0.458277,0.118645,35,-1,full
spmv_static_t64_obs,184082,10133099161583617,ompt_thread_worker,126,1,0,0,30118136,248345709,5154592173,13959648011,0.369249,0.121275,35,-1,full
spmv_static_t64_obs,184083,10414574138294273,ompt_thread_worker,77,1,0,0,28316683,250624108,5133897701,13959432776,0.367773,0.112985,35,-1,full
spmv_static_t64_obs,184084,10696049115004929,ompt_thread_worker,193,1,0,0,30111664,246599599,5314847915,13928815928,0.381572,0.122108,35,-1,full
spmv_static_t64_obs,184085,10977524091715585,ompt_thread_worker,5,0,0,0,26814276,250773027,11118915044,13216322126,0.841302,0.106926,35,-1,full
spmv_static_t64_obs,184086,11258999068426241,ompt_thread_worker,198,1,0,0,29423184,256933868,5339254085,13934543411,0.383167,0.114517,35,-1,full
spmv_static_t64_obs,184087,11540474045136897,ompt_thread_worker,97,1,0,0,31000752,249066959,7017474420,13711987988,0.511777,0.124468,35,-1,full
spmv_static_t64_obs,184088,11821949021847553,ompt_thread_worker,1,0,0,0,27192607,245059029,9447386090,13405527574,0.704738,0.110963,35,-1,full
spmv_static_t64_obs,184089,12103423998558209,ompt_thread_worker,98,1,0,0,31122394,245961572,7005262658,13704296820,0.511173,0.126534,35,-1,full
spmv_static_t64_obs,184090,12384898975268865,ompt_thread_worker,56,0,0,0,27572719,244853602,6928140142,13715781757,0.505122,0.112609,35,-1,full
spmv_static_t64_obs,184091,12666373951979521,ompt_thread_worker,207,1,0,0,27039505,243281101,5114147395,13945557984,0.366722,0.111145,35,-1,full
spmv_static_t64_obs,184092,12947848928690177,ompt_thread_worker,75,1,0,0,26950342,242491756,5162027610,13939743791,0.370310,0.111139,35,-1,full
spmv_static_t64_obs,184093,13229323905400833,ompt_thread_worker,74,1,0,0,26484755,242030737,5162858953,13941190044,0.370331,0.109427,35,-1,full
spmv_static_t64_obs,184094,13510798882111489,ompt_thread_worker,78,1,0,0,27040217,243906113,5147040279,13935795905,0.369340,0.110863,35,-1,full
spmv_static_t64_obs,184095,13792273858822145,ompt_thread_worker,223,1,0,0,28829994,248328614,4993698554,13971757704,0.357414,0.116096,35,-1,full
spmv_static_t64_obs,184096,14073748835532801,ompt_thread_worker,85,1,0,0,30823133,250283912,6284312395,13815577969,0.454871,0.123153,35,-1,full
spmv_static_t64_obs,184097,14355223812243457,ompt_thread_worker,96,1,0,0,30214385,243572370,6960146127,13710950316,0.507634,0.124047,35,-1,full
spmv_static_t64_obs,184098,14636698788954113,ompt_thread_worker,115,1,0,0,28270309,243223549,5477927657,13895456258,0.394224,0.116232,35,-1,full
spmv_static_t64_obs,184099,14918173765664769,ompt_thread_worker,114,1,0,0,27984704,240522432,5473795326,13891711940,0.394033,0.116350,35,-1,full
spmv_static_t64_obs,184100,15199648742375425,ompt_thread_worker,192,1,0,0,26860544,241142934,5329717374,13912502391,0.383088,0.111388,35,-1,full
spmv_static_t64_obs,184101,15481123719086081,ompt_thread_worker,194,1,0,0,27719304,246031403,5377538417,13913686321,0.386493,0.112666,35,-1,full
spmv_static_t64_obs,184102,15762598695796737,ompt_thread_worker,158,0,0,0,20632804,246455635,11652599041,13129016688,0.887545,0.083718,35,-1,full
spmv_static_t64_obs,184103,16044073672507393,ompt_thread_worker,89,1,0,0,28597404,246201261,5058271901,13955085144,0.362468,0.116155,35,-1,full
spmv_static_t64_obs,184104,16325548649218049,ompt_thread_worker,93,1,0,0,28703614,245205079,5059425724,13950096381,0.362680,0.117060,35,-1,full
spmv_static_t64_obs,184105,16607023625928705,ompt_thread_worker,92,1,0,0,28515307,244660869,5048622884,13955839834,0.361757,0.116550,35,-1,full
spmv_static_t64_obs,184106,16888498602639361,ompt_thread_worker,91,1,0,0,27279000,248543056,5079347568,13955044394,0.363979,0.109756,35,-1,full
spmv_static_t64_obs,184107,17169973579350017,ompt_thread_worker,100,1,0,0,28283758,247554216,5838385675,13855886707,0.421365,0.114253,35,-1,full
spmv_static_t64_obs,184108,17451448556060673,ompt_thread_worker,90,1,0,0,27873403,246823426,5038405412,13961104559,0.360889,0.112929,35,-1,full
spmv_static_t64_obs,184109,17732923532771329,ompt_thread_worker,232,1,0,0,29878113,247947606,4992199860,13972548485,0.357286,0.120502,35,-1,full
spmv_static_t64_obs,184110,18014398509481985,ompt_thread_worker,231,1,0,0,31178216,250184369,6902421140,13726810213,0.502842,0.124621,35,-1,full
stencil_t64_ovh,184139,281474976710657,ompt_thread_initial,128,0,0,0,31984214,324979180,5610762789,10447652670,0.537036,0.098419,26,-1,full
stencil_t64_ovh,184141,562949953421313,ompt_thread_worker,2,0,0,0,20385430,324781852,5598436418,10473623302,0.534527,0.062767,26,-1,full
stencil_t64_ovh,184142,844424930131969,ompt_thread_worker,132,0,0,0,15817215,325135676,5590363220,10474823228,0.533695,0.048648,26,-1,full
stencil_t64_ovh,184143,1125899906842625,ompt_thread_worker,6,0,0,0,18745623,325083902,5618117094,10469505787,0.536617,0.057664,26,-1,full
stencil_t64_ovh,184144,1407374883553281,ompt_thread_worker,48,0,0,0,22041529,324816000,5616426411,10469437983,0.536459,0.067859,26,-1,full
stencil_t64_ovh,184145,1688849860263937,ompt_thread_worker,178,0,0,0,20376522,324763923,5636797450,10465109396,0.538628,0.062743,26,-1,full
stencil_t64_ovh,184146,1970324836974593,ompt_thread_worker,52,0,0,0,15661113,325150585,5629529950,10467680193,0.537801,0.048166,26,-1,full
stencil_t64_ovh,184147,2251799813685249,ompt_thread_worker,54,0,0,0,15494541,325071412,5655349818,10464298660,0.540442,0.047665,26,-1,full
stencil_t64_ovh,184148,2533274790395905,ompt_thread_worker,16,0,0,0,17889254,324802708,5603753536,10468902491,0.535276,0.055077,26,-1,full
stencil_t64_ovh,184149,2814749767106561,ompt_thread_worker,18,0,0,0,21253489,324838323,5648872983,10464321549,0.539822,0.065428,26,-1,full
stencil_t64_ovh,184150,3096224743817217,ompt_thread_worker,148,0,0,0,18537561,324324841,5650389592,10465917770,0.539885,0.057157,26,-1,full
stencil_t64_ovh,184151,3377699720527873,ompt_thread_worker,150,0,0,0,14641153,324072060,5617595689,10468228458,0.536633,0.045179,26,-1,full
stencil_t64_ovh,184152,3659174697238529,ompt_thread_worker,32,0,0,0,16044051,323929540,5634141386,10463383454,0.538463,0.049529,26,-1,full
stencil_t64_ovh,184153,3940649673949185,ompt_thread_worker,162,0,0,0,16745462,324001600,5652341687,10459671115,0.540394,0.051683,26,-1,full
stencil_t64_ovh,184154,4222124650659841,ompt_thread_worker,36,0,0,0,19492433,324279474,5624349167,10465517322,0.537417,0.060110,26,-1,full
stencil_t64_ovh,184155,4503599627370497,ompt_thread_worker,38,0,0,0,16506973,324061488,5623577375,10464159636,0.537413,0.050938,26,-1,full
stencil_t64_ovh,184156,4785074604081153,ompt_thread_worker,8,0,0,0,19032250,323930834,5644038225,10463544782,0.539400,0.058754,26,-1,full
stencil_t64_ovh,184157,5066549580791809,ompt_thread_worker,10,0,0,0,18927941,324004956,5672942495,10460738495,0.542308,0.058419,26,-1,full
stencil_t64_ovh,184158,5348024557502465,ompt_thread_worker,140,0,0,0,18013411,324276913,5663859518,10462709471,0.541338,0.055549,26,-1,full
stencil_t64_ovh,184159,5629499534213121,ompt_thread_worker,142,0,0,0,14366440,324013645,5676108139,10460915433,0.542601,0.044339,26,-1,full
stencil_t64_ovh,184160,5910974510923777,ompt_thread_worker,56,0,0,0,18924650,323946103,5628642822,10463151843,0.537949,0.058419,26,-1,full
stencil_t64_ovh,184161,6192449487634433,ompt_thread_worker,58,0,0,0,17901057,324068312,5605384780,10466475769,0.535556,0.055239,26,-1,full
stencil_t64_ovh,184162,6473924464345089,ompt_thread_worker,60,0,0,0,15702663,324293956,5655195992,10460168217,0.540641,0.048421,26,-1,full
stencil_t64_ovh,184163,6755399441055745,ompt_thread_worker,62,0,0,0,17645429,324032120,5663875829,10458535016,0.541555,0.054456,26,-1,full
stencil_t64_ovh,184164,7036874417766401,ompt_thread_worker,24,0,0,0,14663192,323936200,5643099062,10465383268,0.539216,0.045266,26,-1,full
stencil_t64_ovh,184165,7318349394477057,ompt_thread_worker,154,0,0,0,17945600,324096476,5638930512,10465629956,0.538805,0.055371,26,-1,full
stencil_t64_ovh,184166,7599824371187713,ompt_thread_worker,156,0,0,0,21397533,324313138,5616003527,10466661300,0.536561,0.065978,26,-1,full
stencil_t64_ovh,184167,7881299347898369,ompt_thread_worker,158,0,0,0,17388055,323959253,5609178739,10467529394,0.535865,0.053674,26,-1,full
stencil_t64_ovh,184168,8162774324609025,ompt_thread_worker,40,0,0,0,17404527,323950064,5655316754,10460023575,0.540660,0.053726,26,-1,full
stencil_t64_ovh,184169,8444249301319681,ompt_thread_worker,42,0,0,0,19006775,324187231,5727604022,10452349161,0.547973,0.058629,26,-1,full
stencil_t64_ovh,184170,8725724278030337,ompt_thread_worker,172,0,0,0,16948166,324277337,5633964583,10462255639,0.538504,0.052264,26,-1,full
stencil_t64_ovh,184171,9007199254740993,ompt_thread_worker,46,0,0,0,15649834,323888234,5672270556,10458799783,0.542344,0.048319,26,-1,full
stencil_t64_ovh,184172,9288674231451649,ompt_thread_worker,64,1,0,0,15475389,323958865,5668850659,10462250799,0.541839,0.047770,26,-1,full
stencil_t64_ovh,184173,9570149208162305,ompt_thread_worker,194,1,0,0,19762185,324235128,5671788987,10458380956,0.542320,0.060950,26,-1,full
stencil_t64_ovh,184174,9851624184872961,ompt_thread_worker,68,1,0,0,20684940,324314914,5732090095,10452288710,0.548405,0.063780,26,-1,full
stencil_t64_ovh,184175,10133099161583617,ompt_thread_worker,198,1,0,0,17096601,323929262,5707633612,10451544095,0.546104,0.052779,26,-1,full
stencil_t64_ovh,184176,10414574138294273,ompt_thread_worker,112,1,0,0,18733512,323979658,5608466883,10461207988,0.536120,0.057823,26,-1,full
stencil_t64_ovh,184177,10696049115004929,ompt_thread_worker,242,1,0,0,18702001,324322598,5600618130,10463406716,0.535258,0.057665,26,-1,full
stencil_t64_ovh,184178,10977524091715585,ompt_thread_worker,116,1,0,0,19235280,324260541,5625202662,10459473980,0.537809,0.059320,26,-1,full
stencil_t64_ovh,184179,11258999068426241,ompt_thread_worker,246,1,0,0,15778485,323994363,5619216792,10457852859,0.537320,0.048700,26,-1,full
stencil_t64_ovh,184180,11540474045136897,ompt_thread_worker,80,1,0,0,16571671,323906310,5599506917,10465338537,0.535053,0.051162,26,-1,full
stencil_t64_ovh,184181,11821949021847553,ompt_thread_worker,210,1,0,0,20510557,324321724,5600275164,10464606748,0.535163,0.063241,26,-1,full
stencil_t64_ovh,184182,12103423998558209,ompt_thread_worker,212,1,0,0,19342769,324227835,5608145601,10464641908,0.535914,0.059658,26,-1,full
stencil_t64_ovh,184183,12384898975268865,ompt_thread_worker,214,1,0,0,16663193,323977878,5569373134,10468662493,0.532004,0.051433,26,-1,full
stencil_t64_ovh,184184,12666373951979521,ompt_thread_worker,96,1,0,0,19401818,323990463,5612910708,10461481957,0.536531,0.059884,26,-1,full
stencil_t64_ovh,184185,12947848928690177,ompt_thread_worker,98,1,0,0,19932844,324391407,5644848595,10455104048,0.539913,0.061447,26,-1,full
stencil_t64_ovh,184186,13229323905400833,ompt_thread_worker,228,1,0,0,15987944,324149807,5614483669,10460982283,0.536707,0.049323,26,-1,full
stencil_t64_ovh,184187,13510798882111489,ompt_thread_worker,230,1,0,0,14972076,323979832,5615544664,10459286225,0.536896,0.046213,26,-1,full
stencil_t64_ovh,184188,13792273858822145,ompt_thread_worker,200,1,0,0,17736749,324047160,5733319484,10448603325,0.548716,0.054735,26,-1,full
stencil_t64_ovh,184189,14073748835532801,ompt_thread_worker,74,1,0,0,19810762,324311692,5729429732,10449947448,0.548274,0.061086,26,-1,full
stencil_t64_ovh,184190,14355223812243457,ompt_thread_worker,76,1,0,0,21384544,324101896,5784329420,10441520430,0.553974,0.065981,26,-1,full
stencil_t64_ovh,184191,14636698788954113,ompt_thread_worker,78,1,0,0,19616348,323972126,5737516186,10449853313,0.549052,0.060549,26,-1,full
stencil_t64_ovh,184192,14918173765664769,ompt_thread_worker,120,1,0,0,18529925,324141717,5611154105,10464098300,0.536229,0.057166,26,-1,full
stencil_t64_ovh,184193,15199648742375425,ompt_thread_worker,122,1,0,0,17827721,324357739,5636090496,10462388387,0.538700,0.054963,26,-1,full
stencil_t64_ovh,184194,15481123719086081,ompt_thread_worker,252,1,0,0,18832083,324095984,5649025904,10459674813,0.540077,0.058106,26,-1,full
stencil_t64_ovh,184195,15762598695796737,ompt_thread_worker,126,1,0,0,20541821,324004568,5621633216,10465021256,0.537183,0.063400,26,-1,full
stencil_t64_ovh,184196,16044073672507393,ompt_thread_worker,88,1,0,0,17545918,324093549,5611539968,10460798021,0.536435,0.054138,26,-1,full
stencil_t64_ovh,184197,16325548649218049,ompt_thread_worker,90,1,0,0,17730253,324313179,5620353040,10460479323,0.537294,0.054670,26,-1,full
stencil_t64_ovh,184198,16607023625928705,ompt_thread_worker,220,1,0,0,16435267,324029136,5641898429,10453543030,0.539712,0.050722,26,-1,full
stencil_t64_ovh,184199,16888498602639361,ompt_thread_worker,94,1,0,0,20086079,323993816,5627823969,10460217208,0.538022,0.061995,26,-1,full
stencil_t64_ovh,184200,17169973579350017,ompt_thread_worker,104,1,0,0,17739930,324185963,5652565665,10460101366,0.540393,0.054721,26,-1,full
stencil_t64_ovh,184201,17451448556060673,ompt_thread_worker,106,1,0,0,19786448,324427750,5701608273,10454859123,0.545355,0.060989,26,-1,full
stencil_t64_ovh,184202,17732923532771329,ompt_thread_worker,236,1,0,0,19535082,324030883,5650333999,10459659286,0.540202,0.060288,26,-1,full
stencil_t64_ovh,184203,18014398509481985,ompt_thread_worker,238,1,0,0,18730383,324015573,5674756803,10453786552,0.542842,0.057807,26,-1,full
spmv_static_t64_ovh,184220,281474976710657,ompt_thread_initial,128,0,0,0,36473167,252212526,4869403152,9451986612,0.515172,0.144613,24,-1,full
spmv_static_t64_ovh,184222,562949953421313,ompt_thread_worker,2,0,0,0,38129783,250596869,4978750410,9462620032,0.526149,0.152156,24,-1,full
spmv_static_t64_ovh,184223,844424930131969,ompt_thread_worker,4,0,0,0,38272606,253327721,5030142392,9462368960,0.531594,0.151079,24,-1,full
spmv_static_t64_ovh,184224,1125899906842625,ompt_thread_worker,134,0,0,0,39789208,254488787,5029454859,9462963786,0.531488,0.156350,24,-1,full
spmv_static_t64_ovh,184225,1407374883553281,ompt_thread_worker,176,0,0,0,39907485,253494360,4987189103,9466293946,0.526836,0.157429,24,-1,full
spmv_static_t64_ovh,184226,1688849860263937,ompt_thread_worker,50,0,0,0,37523481,250186120,4972662754,9456215793,0.525862,0.149982,24,-1,full
spmv_static_t64_ovh,184227,1970324836974593,ompt_thread_worker,52,0,0,0,37820588,249619117,4985559387,9456211569,0.527226,0.151513,24,-1,full
spmv_static_t64_ovh,184228,2251799813685249,ompt_thread_worker,182,0,0,0,39301297,253186955,5010972321,9461561505,0.529614,0.155226,24,-1,full
spmv_static_t64_ovh,184229,2533274790395905,ompt_thread_worker,144,0,0,0,37480290,250033601,4942853855,9469016327,0.522003,0.149901,24,-1,full
spmv_static_t64_ovh,184230,2814749767106561,ompt_thread_worker,18,0,0,0,38267992,250309556,5002051767,9457034784,0.528924,0.152883,24,-1,full
spmv_static_t64_ovh,184231,3096224743817217,ompt_thread_worker,148,0,0,0,36299133,244625402,4942377445,9453802060,0.522793,0.148387,24,-1,full
spmv_static_t64_ovh,184232,3377699720527873,ompt_thread_worker,150,0,0,0,37000520,250767592,5016803105,9455167951,0.530588,0.147549,24,-1,full
spmv_static_t64_ovh,184233,3659174697238529,ompt_thread_worker,160,0,0,0,36138003,247776925,4982380745,9453975992,0.527014,0.145849,24,-1,full
spmv_static_t64_ovh,184234,3940649673949185,ompt_thread_worker,34,0,0,0,33552581,242595444,4907421186,9449379754,0.519338,0.138307,24,-1,full
spmv_static_t64_ovh,184235,4222124650659841,ompt_thread_worker,164,0,0,0,35288006,247747610,4948590913,9451889632,0.523556,0.142435,24,-1,full
spmv_static_t64_ovh,184236,4503599627370497,ompt_thread_worker,166,0,0,0,36527676,254512558,5011744632,9456140854,0.529999,0.143520,24,-1,full
spmv_static_t64_ovh,184237,4785074604081153,ompt_thread_worker,136,0,0,0,38008598,252579601,4876545436,9473280766,0.514768,0.150482,24,-1,full
spmv_static_t64_ovh,184238,5066549580791809,ompt_thread_worker,138,0,0,0,40890382,251391280,4927274009,9468473111,0.520387,0.162656,24,-1,full
spmv_static_t64_ovh,184239,5348024557502465,ompt_thread_worker,12,0,0,0,40607669,246201895,4889175828,9460093318,0.516821,0.164936,24,-1,full
spmv_static_t64_ovh,184240,5629499534213121,ompt_thread_worker,142,0,0,0,37545222,248742972,4890882470,9462051517,0.516895,0.150940,24,-1,full
spmv_static_t64_ovh,184241,5910974510923777,ompt_thread_worker,56,0,0,0,38170017,252290656,4967228429,9460575834,0.525045,0.151294,24,-1,full
spmv_static_t64_ovh,184242,6192449487634433,ompt_thread_worker,186,0,0,0,37873026,248888526,4974483302,9456964280,0.526013,0.152169,24,-1,full
spmv_static_t64_ovh,184243,6473924464345089,ompt_thread_worker,60,0,0,0,38729986,243340084,4905322496,9456465026,0.518727,0.159160,24,-1,full
spmv_static_t64_ovh,184244,6755399441055745,ompt_thread_worker,62,0,0,0,39280231,244474996,4911090253,9456822069,0.519317,0.160672,24,-1,full
spmv_static_t64_ovh,184245,7036874417766401,ompt_thread_worker,152,0,0,0,39242411,245413486,4881221969,9462564212,0.515846,0.159903,24,-1,full
spmv_static_t64_ovh,184246,7318349394477057,ompt_thread_worker,154,0,0,0,39238794,244161590,4869471507,9461456288,0.514664,0.160708,24,-1,full
spmv_static_t64_ovh,184247,7599824371187713,ompt_thread_worker,156,0,0,0,38717987,247777848,4926561670,9462136196,0.520661,0.156261,24,-1,full
spmv_static_t64_ovh,184248,7881299347898369,ompt_thread_worker,158,0,0,0,38831111,251287995,4945873328,9465484383,0.522517,0.154528,24,-1,full
spmv_static_t64_ovh,184249,8162774324609025,ompt_thread_worker,168,0,0,0,37364899,247261739,4861811443,9469687658,0.513408,0.151115,24,-1,full
spmv_static_t64_ovh,184250,8444249301319681,ompt_thread_worker,170,0,0,0,38103146,246580233,4876308233,9466285260,0.515124,0.154526,24,-1,full
spmv_static_t64_ovh,184251,8725724278030337,ompt_thread_worker,172,0,0,0,38874749,243038918,4838534150,9463690420,0.511274,0.159953,24,-1,full
spmv_static_t64_ovh,184252,9007199254740993,ompt_thread_worker,46,0,0,0,40322866,245392828,4869937983,9463071073,0.514626,0.164320,24,-1,full
spmv_static_t64_ovh,184253,9288674231451649,ompt_thread_worker,64,1,0,0,37298939,247589839,4808864040,9474194493,0.507575,0.150648,24,-1,full
spmv_static_t64_ovh,184254,9570149208162305,ompt_thread_worker,66,1,0,0,37208879,238430052,4742848897,9466324724,0.501023,0.156058,24,-1,full
spmv_static_t64_ovh,184255,9851624184872961,ompt_thread_worker,68,1,0,0,38573944,243734553,4826668129,9463556294,0.510027,0.158262,24,-1,full
spmv_static_t64_ovh,184256,10133099161583617,ompt_thread_worker,70,1,0,0,39202860,247818631,4871386450,9463061895,0.514779,0.158192,24,-1,full
spmv_static_t64_ovh,184257,10414574138294273,ompt_thread_worker,112,1,0,0,38934648,250243486,4738385848,9485442358,0.499543,0.155587,24,-1,full
spmv_static_t64_ovh,184258,10696049115004929,ompt_thread_worker,114,1,0,0,40415164,245672327,4776084428,9472275185,0.504217,0.164508,24,-1,full
spmv_static_t64_ovh,184259,10977524091715585,ompt_thread_worker,244,1,0,0,39499480,249779674,4818295213,9470032191,0.508794,0.158137,24,-1,full
spmv_static_t64_ovh,184260,11258999068426241,ompt_thread_worker,246,1,0,0,40070156,256274846,4834498048,9476218283,0.510172,0.156356,24,-1,full
spmv_static_t64_ovh,184261,11540474045136897,ompt_thread_worker,80,1,0,0,39247990,248147622,4779237376,9472608734,0.504532,0.158164,24,-1,full
spmv_static_t64_ovh,184262,11821949021847553,ompt_thread_worker,82,1,0,0,38997093,243732425,4797073470,9461623677,0.507003,0.160000,24,-1,full
spmv_static_t64_ovh,184263,12103423998558209,ompt_thread_worker,212,1,0,0,39894767,244958598,4826469065,9459472019,0.510226,0.162863,24,-1,full
spmv_static_t64_ovh,184264,12384898975268865,ompt_thread_worker,86,1,0,0,38334607,244099495,4794225295,9460783814,0.506747,0.157045,24,-1,full
spmv_static_t64_ovh,184265,12666373951979521,ompt_thread_worker,96,1,0,0,36984952,242341124,4762303077,9467183469,0.503033,0.152615,24,-1,full
spmv_static_t64_ovh,184266,12947848928690177,ompt_thread_worker,98,1,0,0,36660603,241857729,4814588101,9461284477,0.508873,0.151579,24,-1,full
spmv_static_t64_ovh,184267,13229323905400833,ompt_thread_worker,100,1,0,0,35711582,241592528,4815213981,9460976740,0.508955,0.147817,24,-1,full
spmv_static_t64_ovh,184268,13510798882111489,ompt_thread_worker,102,1,0,0,36617067,243358944,4814924047,9461124763,0.508917,0.150465,24,-1,full
spmv_static_t64_ovh,184269,13792273858822145,ompt_thread_worker,200,1,0,0,38327649,247647946,4770771865,9476933320,0.503409,0.154767,24,-1,full
spmv_static_t64_ovh,184270,14073748835532801,ompt_thread_worker,74,1,0,0,40920873,249253029,4824449947,9471425871,0.509369,0.164174,24,-1,full
spmv_static_t64_ovh,184271,14355223812243457,ompt_thread_worker,76,1,0,0,38177103,242903044,4749015168,9469281458,0.501518,0.157170,24,-1,full
spmv_static_t64_ovh,184272,14636698788954113,ompt_thread_worker,206,1,0,0,36777541,242688702,4735796927,9469883491,0.500090,0.151542,24,-1,full
spmv_static_t64_ovh,184273,14918173765664769,ompt_thread_worker,248,1,0,0,33834328,240069692,4804686280,9459868893,0.507902,0.140935,24,-1,full
spmv_static_t64_ovh,184274,15199648742375425,ompt_thread_worker,122,1,0,0,34570272,240735667,4818802076,9457806364,0.509505,0.143603,24,-1,full
spmv_static_t64_ovh,184275,15481123719086081,ompt_thread_worker,252,1,0,0,35893557,245872410,4875443891,9457750069,0.515497,0.145984,24,-1,full
spmv_static_t64_ovh,184276,15762598695796737,ompt_thread_worker,126,1,0,0,37599935,245381634,4847094176,9460852488,0.512332,0.153230,24,-1,full
spmv_static_t64_ovh,184277,16044073672507393,ompt_thread_worker,88,1,0,0,38518997,245957976,4751571957,9471656064,0.501662,0.156608,24,-1,full
spmv_static_t64_ovh,184278,16325548649218049,ompt_thread_worker,90,1,0,0,39163175,244974223,4763730692,9467327605,0.503176,0.159867,24,-1,full
spmv_static_t64_ovh,184279,16607023625928705,ompt_thread_worker,92,1,0,0,38143697,244535410,4752445541,9468396795,0.501927,0.155984,24,-1,full
spmv_static_t64_ovh,184280,16888498602639361,ompt_thread_worker,94,1,0,0,36679688,248404236,4782284963,9468889954,0.505052,0.147661,24,-1,full
spmv_static_t64_ovh,184281,17169973579350017,ompt_thread_worker,104,1,0,0,36784214,246796365,4717902517,9482930321,0.497515,0.149047,24,-1,full
spmv_static_t64_ovh,184282,17451448556060673,ompt_thread_worker,106,1,0,0,36873639,246430506,4731508045,9478846621,0.499165,0.149631,24,-1,full
spmv_static_t64_ovh,184283,17732923532771329,ompt_thread_worker,236,1,0,0,39768117,247520526,4779303860,9479731369,0.504160,0.160666,24,-1,full
spmv_static_t64_ovh,184284,18014398509481985,ompt_thread_worker,238,1,0,0,39413148,249537621,4765524779,9478979593,0.502747,0.157945,24,-1,full
stencil_t64_scheduler,184294,281474976710657,ompt_thread_initial,255,1,0,0,42726263,325952807,5640211245,16138745538,0.349483,0.131081,41,-1,full
stencil_t64_scheduler,184296,562949953421313,ompt_thread_worker,83,1,0,0,31695907,325361575,7467368945,15957656056,0.467949,0.097417,41,-1,full
stencil_t64_scheduler,184298,844424930131969,ompt_thread_worker,73,1,0,0,24254239,324897232,9382801439,15721157451,0.596826,0.074652,41,-1,full
stencil_t64_scheduler,184297,1125899906842625,ompt_thread_worker,66,1,0,0,23980441,324953566,8893082839,15787500540,0.563299,0.073797,41,-1,full
stencil_t64_scheduler,184299,1407374883553281,ompt_thread_worker,8,0,0,0,35759866,327081663,14595301625,15082160799,0.967720,0.109330,41,-1,full
stencil_t64_scheduler,184301,1688849860263937,ompt_thread_worker,105,1,0,0,29424929,324892693,6578870430,16076179376,0.409231,0.090568,41,-1,full
stencil_t64_scheduler,184300,1970324836974593,ompt_thread_worker,97,1,0,0,35585765,325063873,6989291020,16021567589,0.436243,0.109473,41,-1,full
stencil_t64_scheduler,184302,2251799813685249,ompt_thread_worker,16,0,0,0,36513720,325496209,14547448919,15081870892,0.964565,0.112179,41,-1,full
stencil_t64_scheduler,184303,2533274790395905,ompt_thread_worker,247,1,0,0,38687896,325620312,7165046486,15994016405,0.447983,0.118813,41,-1,full
stencil_t64_scheduler,184304,2814749767106561,ompt_thread_worker,114,1,0,0,34839188,325012906,7216694640,15995317481,0.451175,0.107193,41,-1,full
stencil_t64_scheduler,184306,3377699720527873,ompt_thread_worker,74,1,0,0,34581427,324413889,8513901762,15823878083,0.538041,0.106597,41,-1,full
stencil_t64_scheduler,184305,3096224743817217,ompt_thread_worker,56,0,0,0,23527461,324258374,15199118454,14998686425,1.013363,0.072558,41,-1,full
stencil_t64_scheduler,184307,3659174697238529,ompt_thread_worker,215,1,0,0,28939973,324809183,8757302744,15796907260,0.554368,0.089098,41,-1,full
stencil_t64_scheduler,184308,3940649673949185,ompt_thread_worker,64,1,0,0,28896424,324150214,8747020051,15801918414,0.553542,0.089145,41,-1,full
stencil_t64_scheduler,184309,4222124650659841,ompt_thread_worker,9,0,1,0,40803667,324484614,12238778781,15355292444,0.797040,0.125749,40,18,full
stencil_t64_scheduler,184310,4503599627370497,ompt_thread_worker,5,0,1,0,36806836,325053588,11890403105,15406022435,0.771802,0.113233,40,19,full
stencil_t64_scheduler,184311,4785074604081153,ompt_thread_worker,239,1,0,0,41425531,324378644,6612855524,16066553967,0.411591,0.127707,41,-1,full
stencil_t64_scheduler,184312,5066549580791809,ompt_thread_worker,108,1,0,0,39603311,324070927,6621282583,16070094982,0.412025,0.122206,41,-1,full
stencil_t64_scheduler,184313,5348024557502465,ompt_thread_worker,89,1,0,0,38521048,323996061,7194682544,15996499577,0.449766,0.118894,41,-1,full
stencil_t64_scheduler,184314,5629499534213121,ompt_thread_worker,106,1,0,0,39476263,324131415,6610883000,16070432788,0.411369,0.121791,41,-1,full
stencil_t64_scheduler,184315,5910974510923777,ompt_thread_worker,24,0,0,0,26239766,326348096,15089833459,15016630830,1.004875,0.080404,41,-1,full
stencil_t64_scheduler,184316,6192449487634433,ompt_thread_worker,48,0,0,0,23996418,324466854,15085518438,15012564132,1.004860,0.073956,41,-1,full
stencil_t64_scheduler,184317,6473924464345089,ompt_thread_worker,40,0,0,0,30423435,324112432,14769803387,15054632205,0.981080,0.093867,41,-1,full
stencil_t64_scheduler,184318,6755399441055745,ompt_thread_worker,32,0,0,0,29461441,325390796,14764883774,15054578037,0.980757,0.090542,41,-1,full
stencil_t64_scheduler,184319,7036874417766401,ompt_thread_worker,85,1,0,0,35140059,324435861,6963018679,16025813754,0.434488,0.108311,41,-1,full
stencil_t64_scheduler,184320,7318349394477057,ompt_thread_worker,118,1,0,0,36616687,324105677,7239538025,15991607443,0.452709,0.112978,41,-1,full
stencil_t64_scheduler,184321,7599824371187713,ompt_thread_worker,117,1,0,0,30950347,324210677,7281553040,15984117077,0.455549,0.095464,41,-1,full
stencil_t64_scheduler,184322,7881299347898369,ompt_thread_worker,116,1,0,0,34732881,324279101,7259101071,15990586612,0.453961,0.107108,41,-1,full
stencil_t64_scheduler,184323,8162774324609025,ompt_thread_worker,75,1,0,0,35586259,324565459,7829320982,15918563101,0.491836,0.109643,41,-1,full
stencil_t64_scheduler,184324,8444249301319681,ompt_thread_worker,110,1,0,0,40224704,323994625,6617456080,16069363642,0.411806,0.124152,41,-1,full
stencil_t64_scheduler,184325,8725724278030337,ompt_thread_worker,109,1,0,0,37578063,324005017,6648549608,16066327788,0.413819,0.115980,41,-1,full
stencil_t64_scheduler,184326,9007199254740993,ompt_thread_worker,235,1,0,0,41191897,324858870,6412923099,16078523203,0.398850,0.126799,41,-1,full
stencil_t64_scheduler,184327,9288674231451649,ompt_thread_worker,223,1,0,0,36680457,324289267,7246332412,15984146594,0.453345,0.113110,41,-1,full
stencil_t64_scheduler,184328,9570149208162305,ompt_thread_worker,41,0,1,0,39924251,324597504,11968221914,15385025801,0.777914,0.122996,40,18,full
stencil_t64_scheduler,184329,9851624184872961,ompt_thread_worker,17,0,0,0,34677895,323988906,13711005855,15187691751,0.902771,0.107034,41,-1,full
stencil_t64_scheduler,184330,10133099161583617,ompt_thread_worker,81,1,0,0,31272170,324354062,8734764239,15796799522,0.552945,0.096414,41,-1,full
stencil_t64_scheduler,184331,10414574138294273,ompt_thread_worker,94,1,0,0,32929001,324683258,6513871360,16069291509,0.405361,0.101419,41,-1,full
stencil_t64_scheduler,184332,10696049115004929,ompt_thread_worker,102,1,0,0,41869998,324018096,7047122695,16012511406,0.440101,0.129221,41,-1,full
stencil_t64_scheduler,184333,10977524091715585,ompt_thread_worker,101,1,0,0,31955273,323981004,7060452576,16010726080,0.440983,0.098633,41,-1,full
stencil_t64_scheduler,184334,11258999068426241,ompt_thread_worker,100,1,0,0,42708034,324562101,7012652832,16017697006,0.437807,0.131587,41,-1,full
stencil_t64_scheduler,184335,11540474045136897,ompt_thread_worker,33,0,0,0,32888755,324688172,11428324883,15471601243,0.738665,0.101293,41,-1,full
stencil_t64_scheduler,184336,11821949021847553,ompt_thread_worker,92,1,0,0,40326465,324110158,7183553008,15997928275,0.449030,0.124422,41,-1,full
stencil_t64_scheduler,184337,12103423998558209,ompt_thread_worker,91,1,0,0,37524255,324069873,7224347890,15994689599,0.451672,0.115791,41,-1,full
stencil_t64_scheduler,184338,12384898975268865,ompt_thread_worker,90,1,0,0,34087843,324448275,7197705002,15995572396,0.449981,0.105064,41,-1,full
stencil_t64_scheduler,184339,12666373951979521,ompt_thread_worker,231,1,0,0,33955878,324207521,7020203452,16012930797,0.438408,0.104735,41,-1,full
stencil_t64_scheduler,184340,12947848928690177,ompt_thread_worker,115,1,0,0,38249789,324136611,7248175420,15989395441,0.453311,0.118005,41,-1,full
stencil_t64_scheduler,184341,13229323905400833,ompt_thread_worker,99,1,0,0,38299424,324082389,7007849155,16016107271,0.437550,0.118178,41,-1,full
stencil_t64_scheduler,184342,13510798882111489,ompt_thread_worker,128,0,0,0,39150968,324832699,8616141277,15814937118,0.544810,0.120527,41,-1,full
stencil_t64_scheduler,184343,13792273858822145,ompt_thread_worker,82,1,0,0,35629334,324181391,8755863191,15797658246,0.554251,0.109906,41,-1,full
stencil_t64_scheduler,184344,14073748835532801,ompt_thread_worker,84,1,0,0,40602548,324461879,6740386092,16043515622,0.420131,0.125138,41,-1,full
stencil_t64_scheduler,184345,14355223812243457,ompt_thread_worker,249,1,0,0,43948924,324266511,5868221140,16160632273,0.363118,0.135533,41,-1,full
stencil_t64_scheduler,184346,14636698788954113,ompt_thread_worker,67,1,0,0,28905714,324742192,8025371003,15895361477,0.504888,0.089011,41,-1,full
stencil_t64_scheduler,184347,14918173765664769,ompt_thread_worker,68,1,0,0,31755780,324617528,6773049395,16044414204,0.422144,0.097825,41,-1,full
stencil_t64_scheduler,184348,15199648742375425,ompt_thread_worker,254,1,0,0,40088629,324315485,5702129858,16181807938,0.352379,0.123610,41,-1,full
stencil_t64_scheduler,184349,15481123719086081,ompt_thread_worker,253,1,0,0,43799947,324411752,5762743626,16170781054,0.356368,0.135013,41,-1,full
stencil_t64_scheduler,184350,15762598695796737,ompt_thread_worker,251,1,0,0,39088194,324613562,5771937509,16169590499,0.356963,0.120415,41,-1,full
stencil_t64_scheduler,184351,16044073672507393,ompt_thread_worker,93,1,0,0,42940443,324291534,6459435552,16084778705,0.401587,0.132413,41,-1,full
stencil_t64_scheduler,184352,16325548649218049,ompt_thread_worker,252,1,0,0,43567469,324275042,5712444325,16182350096,0.353005,0.134353,41,-1,full
stencil_t64_scheduler,184353,16607023625928705,ompt_thread_worker,250,1,0,0,40003955,324392159,5869799122,16159330453,0.363245,0.123320,41,-1,full
stencil_t64_scheduler,184354,16888498602639361,ompt_thread_worker,76,1,0,0,36767383,324541854,6786993774,16044816378,0.423002,0.113290,41,-1,full
stencil_t64_scheduler,184355,17169973579350017,ompt_thread_worker,199,1,0,0,26178058,324045099,9556975801,15700803169,0.608693,0.080785,41,-1,full
stencil_t64_scheduler,184356,17451448556060673,ompt_thread_worker,72,1,0,0,27235783,324251866,9703365455,15682285548,0.618747,0.083996,41,-1,full
stencil_t64_scheduler,184357,17732923532771329,ompt_thread_worker,65,1,0,0,25979172,324271191,9513843130,15712938087,0.605478,0.080116,41,-1,full
stencil_t64_scheduler,184358,18014398509481985,ompt_thread_worker,207,1,0,0,30814877,324460357,9754911005,15674781531,0.622332,0.094973,41,-1,full
spmv_static_t64_scheduler,184365,281474976710657,ompt_thread_initial,49,0,1,0,27868666,253567099,7423894624,16326603833,0.454712,0.109906,42,1008,full
spmv_static_t64_scheduler,184367,562949953421313,ompt_thread_worker,14,0,1,0,28656538,252024581,7003760517,16442875467,0.425945,0.113705,42,1007,full
spmv_static_t64_scheduler,184368,844424930131969,ompt_thread_worker,123,1,0,0,27455175,254400229,8148670634,16303332247,0.499816,0.107921,43,-1,full
spmv_static_t64_scheduler,184369,1125899906842625,ompt_thread_worker,22,0,1,0,29361493,255954275,7619874977,16304098944,0.467359,0.114714,42,1008,full
spmv_static_t64_scheduler,184370,1407374883553281,ompt_thread_worker,101,1,0,0,27234283,253937840,7788245368,16343852322,0.476524,0.107248,43,-1,full
spmv_static_t64_scheduler,184371,1688849860263937,ompt_thread_worker,34,0,1,0,27706414,253982863,7352863748,16399464193,0.448360,0.109088,42,1008,full
spmv_static_t64_scheduler,184372,1970324836974593,ompt_thread_worker,10,0,1,0,26925824,262165987,6252683946,16516756030,0.378566,0.102705,42,1008,full
spmv_static_t64_scheduler,184373,2251799813685249,ompt_thread_worker,12,0,1,0,28529320,253626459,6480391273,16490931349,0.392967,0.112486,42,1008,full
spmv_static_t64_scheduler,184374,2533274790395905,ompt_thread_worker,32,0,1,0,25462985,251714569,12936712745,15694233064,0.824297,0.101158,42,983,full
spmv_static_t64_scheduler,184375,2814749767106561,ompt_thread_worker,249,1,0,0,27343078,250633151,8097511332,16311289735,0.496436,0.109096,43,-1,full
spmv_static_t64_scheduler,184376,3096224743817217,ompt_thread_worker,35,0,1,0,27233431,264455524,6036479521,16546292230,0.364824,0.102979,42,1007,full
spmv_static_t64_scheduler,184377,3377699720527873,ompt_thread_worker,31,0,1,0,28106994,255494723,5909002007,16567301395,0.356667,0.110010,42,1007,full
spmv_static_t64_scheduler,184378,3659174697238529,ompt_thread_worker,40,0,0,0,23074488,249591521,13396058878,15641129711,0.856464,0.092449,43,-1,full
spmv_static_t64_scheduler,184379,3940649673949185,ompt_thread_worker,24,0,0,0,22207700,243642902,12326723134,15764769189,0.781916,0.091149,43,-1,full
spmv_static_t64_scheduler,184380,4222124650659841,ompt_thread_worker,23,0,1,0,28278293,248024834,6730466860,16457476201,0.408961,0.114014,42,1011,full
spmv_static_t64_scheduler,184381,4503599627370497,ompt_thread_worker,16,0,0,0,24081849,255246277,12121103425,15814394731,0.766460,0.094348,43,-1,full
spmv_static_t64_scheduler,184382,4785074604081153,ompt_thread_worker,51,0,1,0,27103677,263506288,9937861502,16069313393,0.618437,0.102858,42,991,full
spmv_static_t64_scheduler,184383,5066549580791809,ompt_thread_worker,86,1,0,0,26644368,252007259,7901585587,16330923443,0.483842,0.105729,43,-1,full
spmv_static_t64_scheduler,184384,5348024557502465,ompt_thread_worker,64,1,1,0,27796893,248636735,12442239854,15751405428,0.789913,0.111797,42,988,full
spmv_static_t64_scheduler,184385,5629499534213121,ompt_thread_worker,25,0,1,0,27943839,251362921,8738860626,16214488484,0.538954,0.111169,42,1000,full
spmv_static_t64_scheduler,184386,5910974510923777,ompt_thread_worker,27,0,1,0,28245419,252817345,6804983259,16439997862,0.413928,0.111723,42,1011,full
spmv_static_t64_scheduler,184387,6192449487634433,ompt_thread_worker,18,0,1,0,27960225,249269500,6618710383,16492606977,0.401314,0.112169,42,1009,full
spmv_static_t64_scheduler,184388,6473924464345089,ompt_thread_worker,130,0,1,0,26428377,253279894,7209536244,16397651998,0.439669,0.104345,42,1011,full
spmv_static_t64_scheduler,184389,6755399441055745,ompt_thread_worker,219,1,0,0,26733404,245215442,7803527486,16331247685,0.477828,0.109020,43,-1,full
spmv_static_t64_scheduler,184390,7036874417766401,ompt_thread_worker,77,1,0,0,27018970,246042614,8669362436,16227370292,0.534243,0.109814,43,-1,full
spmv_static_t64_scheduler,184391,7318349394477057,ompt_thread_worker,58,0,1,0,26783572,250170804,7856046362,16298643693,0.482006,0.107061,42,1011,full
spmv_static_t64_scheduler,184392,7599824371187713,ompt_thread_worker,209,1,0,0,27267815,248370417,7985889702,16311478139,0.489587,0.109787,43,-1,full
spmv_static_t64_scheduler,184393,7881299347898369,ompt_thread_worker,85,1,0,0,27503070,251912929,8027062851,16310904211,0.492129,0.109177,43,-1,full
spmv_static_t64_scheduler,184394,8162774324609025,ompt_thread_worker,136,0,1,0,28060184,261633571,6035022661,16541565455,0.364840,0.107250,42,1006,full
spmv_static_t64_scheduler,184395,8444249301319681,ompt_thread_worker,66,1,0,0,26374569,247342609,7784120261,16330981147,0.476647,0.106632,43,-1,full
spmv_static_t64_scheduler,184396,8725724278030337,ompt_thread_worker,132,0,1,0,25937498,264421544,5395832949,16611156867,0.324832,0.098091,42,1011,full
spmv_static_t64_scheduler,184397,9007199254740993,ompt_thread_worker,114,1,0,0,26826895,245833392,8201722081,16277823285,0.503859,0.109126,43,-1,full
spmv_static_t64_scheduler,184398,9288674231451649,ompt_thread_worker,48,0,1,0,24688458,249500163,13085215180,15679671712,0.834534,0.098952,42,985,full
spmv_static_t64_scheduler,184399,9570149208162305,ompt_thread_worker,17,0,1,0,27367736,241475713,10423784543,15994749871,0.651700,0.113335,42,987,full
spmv_static_t64_scheduler,184400,9851624184872961,ompt_thread_worker,26,0,1,0,27386134,261132275,5856103407,16543674201,0.353978,0.104875,42,1011,full
spmv_static_t64_scheduler,184401,10133099161583617,ompt_thread_worker,15,0,1,0,28629074,248318428,6261620821,16526548432,0.378883,0.115292,42,1009,full
spmv_static_t64_scheduler,184402,10414574138294273,ompt_thread_worker,231,1,0,0,27430336,250888281,7855460463,16330890538,0.481018,0.109333,43,-1,full
spmv_static_t64_scheduler,184403,10696049115004929,ompt_thread_worker,21,0,1,0,28205552,246250342,6351561949,16515445745,0.384583,0.114540,42,1010,full
spmv_static_t64_scheduler,184404,10977524091715585,ompt_thread_worker,131,0,1,0,27520133,253110972,6000360869,16518572742,0.363249,0.108728,42,1010,full
spmv_static_t64_scheduler,184405,11258999068426241,ompt_thread_worker,129,0,1,0,27946845,257534181,6269222052,16541304712,0.379004,0.108517,42,1011,full
spmv_static_t64_scheduler,184406,11540474045136897,ompt_thread_worker,57,0,1,0,27610793,253383780,7774784895,16328137601,0.476159,0.108968,42,1006,full
spmv_static_t64_scheduler,184407,11821949021847553,ompt_thread_worker,75,1,0,0,27467490,300975288,8736223606,16207739185,0.539016,0.091262,43,-1,full
spmv_static_t64_scheduler,184408,12103423998558209,ompt_thread_worker,50,0,1,0,27697869,251653921,7087577977,16413507081,0.431814,0.110063,42,1004,full
spmv_static_t64_scheduler,184409,12384898975268865,ompt_thread_worker,11,0,1,0,28228192,244477877,6195153030,16520952975,0.374988,0.115463,42,1008,full
spmv_static_t64_scheduler,184410,12666373951979521,ompt_thread_worker,56,0,1,0,24026694,244519272,13052786096,15670415267,0.832957,0.098261,42,985,full
spmv_static_t64_scheduler,184411,12947848928690177,ompt_thread_worker,222,1,0,0,26298045,242380608,7834226821,16320996445,0.480009,0.108499,43,-1,full
spmv_static_t64_scheduler,184412,13229323905400833,ompt_thread_worker,93,1,0,0,25745459,242140425,7890680040,16309914274,0.483797,0.106324,43,-1,full
spmv_static_t64_scheduler,184413,13510798882111489,ompt_thread_worker,42,0,1,0,27791062,251180235,10288977558,16009027122,0.642698,0.110642,42,999,full
spmv_static_t64_scheduler,184414,13792273858822145,ompt_thread_worker,28,0,1,0,28035308,247844387,6339090481,16504306758,0.384087,0.113117,42,1011,full
spmv_static_t64_scheduler,184415,14073748835532801,ompt_thread_worker,33,0,1,0,28033349,251826382,8708683343,16226771905,0.536686,0.111320,42,1001,full
spmv_static_t64_scheduler,184416,14355223812243457,ompt_thread_worker,135,0,1,0,27021304,250981666,5904936367,16547244262,0.356853,0.107662,42,1011,full
spmv_static_t64_scheduler,184417,14636698788954113,ompt_thread_worker,20,0,1,0,27060700,242815971,6298575839,16517041217,0.381338,0.111445,42,1010,full
spmv_static_t64_scheduler,184418,14918173765664769,ompt_thread_worker,120,1,0,0,25056790,241309643,7417697742,16373822000,0.453022,0.103837,43,-1,full
spmv_static_t64_scheduler,184419,15199648742375425,ompt_thread_worker,134,0,1,0,26124917,245016323,5845178944,16529325400,0.353625,0.106625,42,1011,full
spmv_static_t64_scheduler,184420,15481123719086081,ompt_thread_worker,30,0,1,0,26795633,245934702,6398828144,16492909018,0.387975,0.108954,42,1011,full
spmv_static_t64_scheduler,184421,15762598695796737,ompt_thread_worker,19,0,1,0,27311749,245451215,6259153797,16528375440,0.378691,0.111272,42,1010,full
spmv_static_t64_scheduler,184422,16044073672507393,ompt_thread_worker,43,0,1,0,27467632,258665300,5969654111,16551723904,0.360667,0.106190,42,1008,full
spmv_static_t64_scheduler,184423,16325548649218049,ompt_thread_worker,9,0,1,0,27720876,245428963,6450684869,16492867567,0.391120,0.112949,42,1007,full
spmv_static_t64_scheduler,184424,16607023625928705,ompt_thread_worker,133,0,1,0,27259962,252027227,5756484019,16538282392,0.348070,0.108163,42,1008,full
spmv_static_t64_scheduler,184425,16888498602639361,ompt_thread_worker,116,1,0,0,27152903,249158025,9021139261,16175734068,0.557696,0.108979,43,-1,full
spmv_static_t64_scheduler,184426,17169973579350017,ompt_thread_worker,104,1,0,0,27124569,247458358,9418915677,16128920838,0.583977,0.109613,43,-1,full
spmv_static_t64_scheduler,184427,17451448556060673,ompt_thread_worker,29,0,1,0,28359569,246908515,8136562044,16253418929,0.500606,0.114859,42,1011,full
spmv_static_t64_scheduler,184428,17732923532771329,ompt_thread_worker,41,0,1,0,28150404,249627938,8630115488,16237559283,0.531491,0.112769,42,1003,full
spmv_static_t64_scheduler,184429,18014398509481985,ompt_thread_worker,13,0,1,0,28364958,257461239,6010541346,16537855753,0.363441,0.110172,42,1008,full
stencil_t128_obs,185291,281474976710657,ompt_thread_initial,255,1,0,0,26691779,163785943,3309626877,12163763522,0.272089,0.162967,31,-1,full
stencil_t128_obs,185293,562949953421313,ompt_thread_worker,254,1,0,0,26028020,162906368,3456355725,12253719064,0.282066,0.159773,31,-1,full
stencil_t128_obs,185294,844424930131969,ompt_thread_worker,21,0,0,0,21468215,162668897,4301653004,12153219257,0.353952,0.131975,31,-1,full
stencil_t128_obs,185296,1125899906842625,ompt_thread_worker,134,0,0,0,18855098,162706197,4288898975,12155128002,0.352847,0.115884,31,-1,full
stencil_t128_obs,185295,1407374883553281,ompt_thread_worker,114,1,0,0,19041905,162776809,4752937422,12091877887,0.393069,0.116982,31,-1,full
stencil_t128_obs,185298,1688849860263937,ompt_thread_worker,43,0,0,0,13147712,162532444,5655891089,11980853716,0.472077,0.080893,31,-1,full
stencil_t128_obs,185297,1970324836974593,ompt_thread_worker,108,1,0,0,24561873,163785327,3579918288,12201061457,0.293410,0.149964,31,-1,full
stencil_t128_obs,185300,2251799813685249,ompt_thread_worker,13,0,0,0,23568575,162481269,4245128525,12160247189,0.349099,0.145054,31,-1,full
stencil_t128_obs,185299,2533274790395905,ompt_thread_worker,36,0,0,0,19743193,162569550,4647173193,12108833942,0.383784,0.121445,31,-1,full
stencil_t128_obs,185302,2814749767106561,ompt_thread_worker,45,0,0,0,16176457,162754648,5627439960,11988465615,0.469405,0.099392,31,-1,full
stencil_t128_obs,185301,3096224743817217,ompt_thread_worker,83,1,0,0,25017624,162695309,3716161782,12221136378,0.304077,0.153770,31,-1,full
stencil_t128_obs,185303,3377699720527873,ompt_thread_worker,243,1,0,0,19407626,162881228,5106424184,12046423020,0.423895,0.119152,31,-1,full
stencil_t128_obs,185304,3659174697238529,ompt_thread_worker,11,0,0,0,22909713,162595059,4160758514,12168814764,0.341920,0.140900,31,-1,full
stencil_t128_obs,185305,3940649673949185,ompt_thread_worker,74,1,0,0,20819170,162515592,4479650023,12127472469,0.369380,0.128106,31,-1,full
stencil_t128_obs,185306,4222124650659841,ompt_thread_worker,44,0,0,0,17691850,162558244,5615177160,11987478983,0.468420,0.108834,31,-1,full
stencil_t128_obs,185307,4503599627370497,ompt_thread_worker,246,1,0,0,16032385,162524825,5208013734,12034749457,0.432748,0.098646,31,-1,full
stencil_t128_obs,185308,4785074604081153,ompt_thread_worker,116,1,0,0,21793687,162857036,4115231222,12168934692,0.338175,0.133821,31,-1,full
stencil_t128_obs,185309,5066549580791809,ompt_thread_worker,237,1,0,0,24715589,162794301,3819928345,12210398579,0.312842,0.151821,31,-1,full
stencil_t128_obs,185310,5348024557502465,ompt_thread_worker,240,1,0,0,17925282,162782616,5098001105,12051684844,0.423011,0.110118,31,-1,full
stencil_t128_obs,185311,5629499534213121,ompt_thread_worker,41,0,0,0,20671802,162961723,4656506194,12093104047,0.385055,0.126851,31,-1,full
stencil_t128_obs,185312,5910974510923777,ompt_thread_worker,191,0,0,0,15365809,162514218,6040307918,11938171790,0.505966,0.094551,31,-1,full
stencil_t128_obs,185313,6192449487634433,ompt_thread_worker,91,1,0,0,24792824,162514810,3898395766,12203562394,0.319447,0.152557,31,-1,full
stencil_t128_obs,185314,6473924464345089,ompt_thread_worker,80,1,0,0,24708051,162577131,3763366594,12214171081,0.308115,0.151977,31,-1,full
stencil_t128_obs,185315,6755399441055745,ompt_thread_worker,104,1,0,0,24684367,162520473,3868447164,12202439817,0.317022,0.151885,31,-1,full
stencil_t128_obs,185316,7036874417766401,ompt_thread_worker,248,1,0,0,24493395,162656610,3452543064,12257636566,0.281665,0.150583,31,-1,full
stencil_t128_obs,185317,7318349394477057,ompt_thread_worker,69,1,0,0,20725656,162860112,4365787542,12143472809,0.359517,0.127260,31,-1,full
stencil_t128_obs,185318,7599824371187713,ompt_thread_worker,128,0,0,0,18239361,162806234,4575659515,12114202928,0.377710,0.112031,31,-1,full
stencil_t128_obs,185319,7881299347898369,ompt_thread_worker,196,1,0,0,20195829,162690134,4744331925,12093243443,0.392313,0.124137,31,-1,full
stencil_t128_obs,185320,8162774324609025,ompt_thread_worker,10,0,0,0,21684615,162527495,4163116562,12172346885,0.342014,0.133421,31,-1,full
stencil_t128_obs,185321,8444249301319681,ompt_thread_worker,38,0,0,0,20952735,162621217,4656744631,12108735677,0.384577,0.128844,31,-1,full
stencil_t128_obs,185322,8725724278030337,ompt_thread_worker,238,1,0,0,21865700,162619054,3832774706,12209127290,0.313927,0.134460,31,-1,full
stencil_t128_obs,185323,9007199254740993,ompt_thread_worker,18,0,0,0,20255163,162744116,4170524719,12158450149,0.343015,0.124460,31,-1,full
stencil_t128_obs,185324,9288674231451649,ompt_thread_worker,8,0,0,0,21612450,163068057,4203218235,12147826035,0.346006,0.132536,31,-1,full
stencil_t128_obs,185325,9570149208162305,ompt_thread_worker,135,0,0,0,22016362,163191934,4326037207,12137940665,0.356406,0.134911,31,-1,full
stencil_t128_obs,185326,9851624184872961,ompt_thread_worker,84,1,0,0,26804365,164193313,3232805983,12253360374,0.263830,0.163249,31,-1,full
stencil_t128_obs,185327,10133099161583617,ompt_thread_worker,133,0,0,0,22746670,162710721,4295008816,12156348779,0.353314,0.139798,31,-1,full
stencil_t128_obs,185328,10414574138294273,ompt_thread_worker,35,0,0,0,18675647,162503186,4610953412,12116738294,0.380544,0.114925,31,-1,full
stencil_t128_obs,185329,10696049115004929,ompt_thread_worker,217,1,0,0,24622599,163735272,3662600165,12195270828,0.300330,0.150381,31,-1,full
stencil_t128_obs,185330,10977524091715585,ompt_thread_worker,233,1,0,0,22592870,162537924,3757717406,12218384983,0.307546,0.139001,31,-1,full
stencil_t128_obs,185331,11258999068426241,ompt_thread_worker,113,1,0,0,19901749,162541105,4992753273,12063890690,0.413859,0.122441,31,-1,full
stencil_t128_obs,185332,11540474045136897,ompt_thread_worker,34,0,0,0,18959644,162713328,4290958554,12153242548,0.353071,0.116522,31,-1,full
stencil_t128_obs,185333,11821949021847553,ompt_thread_worker,60,0,0,0,19916239,163146334,4407285890,12128616790,0.363379,0.122076,31,-1,full
stencil_t128_obs,185334,12103423998558209,ompt_thread_worker,40,0,0,0,20070920,162813189,4999490541,12061343026,0.414505,0.123276,31,-1,full
stencil_t128_obs,185335,12384898975268865,ompt_thread_worker,29,0,0,0,20454027,163159927,4667340161,12098497720,0.385778,0.125362,31,-1,full
stencil_t128_obs,185336,12666373951979521,ompt_thread_worker,75,1,0,0,19935242,162738638,3986068976,12184703236,0.327137,0.122499,31,-1,full
stencil_t128_obs,185337,12947848928690177,ompt_thread_worker,89,1,0,0,23361361,163763428,3462360292,12219207453,0.283354,0.142653,31,-1,full
stencil_t128_obs,185338,13229323905400833,ompt_thread_worker,67,1,0,0,20729950,162519915,4847225547,12083502279,0.401144,0.127553,31,-1,full
stencil_t128_obs,185339,13510798882111489,ompt_thread_worker,88,1,0,0,25365772,162630227,3763902431,12218390732,0.308052,0.155972,31,-1,full
stencil_t128_obs,185340,13792273858822145,ompt_thread_worker,251,1,0,0,23720610,162856815,4010863499,12188639785,0.329066,0.145653,31,-1,full
stencil_t128_obs,185341,14073748835532801,ompt_thread_worker,56,0,0,0,15723944,162781000,5979575358,11945993637,0.500551,0.096596,31,-1,full
stencil_t128_obs,185342,14355223812243457,ompt_thread_worker,14,0,0,0,22597535,162698639,4314370093,12152044327,0.355032,0.138892,31,-1,full
stencil_t128_obs,185343,14636698788954113,ompt_thread_worker,252,1,0,0,26088007,162766941,3633428474,12232896067,0.297021,0.160278,31,-1,full
stencil_t128_obs,185344,14918173765664769,ompt_thread_worker,58,0,0,0,13902008,162559333,5584892496,11995658116,0.465576,0.085520,31,-1,full
stencil_t128_obs,185345,15199648742375425,ompt_thread_worker,1,0,0,0,23508794,162579173,4265656501,12160271144,0.350786,0.144599,31,-1,full
stencil_t128_obs,185346,15481123719086081,ompt_thread_worker,59,0,0,0,19373282,162514833,5081688433,12058792538,0.421409,0.119209,31,-1,full
stencil_t128_obs,185347,15762598695796737,ompt_thread_worker,28,0,0,0,18463897,162693960,5058348632,12058076274,0.419499,0.113489,31,-1,full
stencil_t128_obs,185348,16044073672507393,ompt_thread_worker,20,0,0,0,23423427,162678817,4230653479,12163172165,0.347825,0.143986,31,-1,full
stencil_t128_obs,185349,16325548649218049,ompt_thread_worker,167,0,0,0,21611228,162720920,4596838313,12116890167,0.379374,0.132812,31,-1,full
stencil_t128_obs,185350,16607023625928705,ompt_thread_worker,253,1,0,0,25927243,162913208,3435883859,12258225073,0.280292,0.159148,31,-1,full
stencil_t128_obs,185351,16888498602639361,ompt_thread_worker,147,0,0,0,22718769,162764423,4138099981,12168004488,0.340080,0.139581,31,-1,full
stencil_t128_obs,185352,17169973579350017,ompt_thread_worker,49,0,0,0,17230534,162550437,5659943359,11985000807,0.472252,0.106001,31,-1,full
stencil_t128_obs,185353,17451448556060673,ompt_thread_worker,127,1,0,0,25884821,163731120,3333994773,12221807553,0.272791,0.158093,31,-1,full
stencil_t128_obs,185354,17732923532771329,ompt_thread_worker,106,1,0,0,24826717,162541182,3749055433,12220702643,0.306779,0.152741,31,-1,full
stencil_t128_obs,185356,18295873486192641,ompt_thread_worker,239,1,0,0,25846819,162753750,4004630753,12190192761,0.328513,0.158809,31,-1,full
stencil_t128_obs,185396,29554872554618881,ompt_thread_worker,229,1,0,0,27594974,162307459,3188978034,12279450330,0.259700,0.170017,31,-1,full
stencil_t128_obs,185382,25614222880669697,ompt_thread_worker,73,1,0,0,18476047,161757250,4560947331,12115706914,0.376449,0.114221,31,-1,full
stencil_t128_obs,185399,30399297484750849,ompt_thread_worker,70,1,0,0,20557470,161883984,3939346529,12188619923,0.323199,0.126989,31,-1,full
stencil_t128_obs,185376,23925373020405761,ompt_thread_worker,97,1,0,0,26311763,161785734,3199442649,12282868517,0.260480,0.162633,31,-1,full
stencil_t128_obs,185368,21673573206720513,ompt_thread_worker,175,0,0,0,15667037,161676396,5653517140,11984444371,0.471738,0.096904,31,-1,full
stencil_t128_obs,185409,33214047251857409,ompt_thread_worker,46,0,0,0,19061226,161658103,5674228531,11977734652,0.473731,0.117911,31,-1,full
stencil_t128_obs,185391,28147497671065601,ompt_thread_worker,231,1,0,0,25511952,161716920,3339502647,12268045752,0.272211,0.157757,31,-1,full
stencil_t128_obs,185361,19703248369745921,ompt_thread_worker,82,1,0,0,24251193,162539880,3799974961,12208730288,0.311251,0.149201,31,-1,full
stencil_t128_obs,185371,22517998136852481,ompt_thread_worker,190,0,0,0,17365198,161858333,5970435554,11944998953,0.499827,0.107286,31,-1,full
stencil_t128_obs,185407,32651097298436097,ompt_thread_worker,160,0,0,0,20533857,161696379,4631193672,12108906428,0.382462,0.126990,31,-1,full
stencil_t128_obs,185365,20829148276588545,ompt_thread_worker,33,0,0,0,18279441,162687475,4546018295,12124950038,0.374931,0.112359,31,-1,full
stencil_t128_obs,185418,35747322042253313,ompt_thread_worker,107,1,0,0,23083897,161871309,3821987912,12209326234,0.313038,0.142606,31,-1,full
stencil_t128_obs,185370,22236523160141825,ompt_thread_worker,249,1,0,0,25239627,161741649,3472845067,12256595023,0.283345,0.156049,31,-1,full
stencil_t128_obs,185417,35465847065542657,ompt_thread_worker,17,0,0,0,20758689,161725173,4185684438,12169265087,0.343955,0.128358,31,-1,full
stencil_t128_obs,185385,26458647810801665,ompt_thread_worker,23,0,0,0,22764946,161636692,4232371551,12161941928,0.348001,0.140840,31,-1,full
stencil_t128_obs,185357,18577348462903297,ompt_thread_worker,150,0,0,0,20759084,162707275,4285269675,12155868807,0.352527,0.127585,31,-1,full
stencil_t128_obs,185401,30962247438172161,ompt_thread_worker,144,0,0,0,22692076,161762352,4231636446,12158575414,0.348037,0.140280,31,-1,full
stencil_t128_obs,185355,18014398509481985,ompt_thread_worker,247,1,0,0,20446606,162703147,5164304117,12040000849,0.428929,0.125668,31,-1,full
stencil_t128_obs,185374,23362423066984449,ompt_thread_worker,72,1,0,0,23826902,162023125,3628786809,12223949780,0.296859,0.147059,31,-1,full
stencil_t128_obs,185400,30680772461461505,ompt_thread_worker,228,1,0,0,25391603,161891181,3185091685,12282192368,0.259326,0.156844,31,-1,full
stencil_t128_obs,185392,28428972647776257,ompt_thread_worker,65,1,0,0,20022845,161814194,4728334038,12099878399,0.390775,0.123740,31,-1,full
stencil_t128_obs,185363,20266198323167233,ompt_thread_worker,81,1,0,0,25937071,162691337,3773032581,12216015986,0.308859,0.159425,31,-1,full
stencil_t128_obs,185379,24769797950537729,ompt_thread_worker,102,1,0,0,26348897,163308772,3132051023,12248128527,0.255717,0.161344,31,-1,full
stencil_t128_obs,185397,29836347531329537,ompt_thread_worker,37,0,0,0,20114360,161868286,4723191351,12101062619,0.390312,0.124264,31,-1,full
stencil_t128_obs,185408,32932572275146753,ompt_thread_worker,90,1,0,0,23705335,161673314,3695432576,12228435080,0.302200,0.146625,31,-1,full
stencil_t128_obs,185403,31525197391593473,ompt_thread_worker,96,1,0,0,26926974,162315865,3215841228,12266366179,0.262167,0.165892,31,-1,full
stencil_t128_obs,185389,27584547717644289,ompt_thread_worker,131,0,0,0,20918127,161839752,4308218738,12154625134,0.354451,0.129252,31,-1,full
stencil_t128_obs,185404,31806672368304129,ompt_thread_worker,220,1,0,0,23368569,161834641,3859209841,12195642971,0.316442,0.144398,31,-1,full
stencil_t128_obs,185412,34058472181989377,ompt_thread_worker,204,1,0,0,21572921,161933013,4576617162,12112726264,0.377835,0.133221,31,-1,full
stencil_t128_obs,185364,20547673299877889,ompt_thread_worker,143,0,0,0,22154955,163170407,4081869353,12164077064,0.335568,0.135778,31,-1,full
stencil_t128_obs,185388,27303072740933633,ompt_thread_worker,227,1,0,0,24615671,162024681,3254010905,12277241074,0.265044,0.151925,31,-1,full
stencil_t128_obs,185372,22799473113563137,ompt_thread_worker,230,1,0,0,26248279,163380231,3100960298,12268469803,0.252759,0.160658,31,-1,full
stencil_t128_obs,185402,31243722414882817,ompt_thread_worker,250,1,0,0,25739401,161853678,3470575358,12255564585,0.283184,0.159029,31,-1,full
stencil_t128_obs,185416,35184372088832001,ompt_thread_worker,236,1,0,0,24436432,162954524,3700309795,12176463361,0.303890,0.149959,31,-1,full
stencil_t128_obs,185386,26740122787512321,ompt_thread_worker,27,0,0,0,14731204,161744289,5573491465,11995732373,0.464623,0.091077,31,-1,full
stencil_t128_obs,185405,32088147345014785,ompt_thread_worker,57,0,0,0,14623798,161790679,5982110100,11944990945,0.500805,0.090387,31,-1,full
stencil_t128_obs,185387,27021597764222977,ompt_thread_worker,182,0,0,0,17626376,161847799,5635959302,11988127158,0.470128,0.108907,31,-1,full
stencil_t128_obs,185367,21392098230009857,ompt_thread_worker,183,0,0,0,15412986,161786026,5698865061,11980604697,0.475674,0.095268,31,-1,full
stencil_t128_obs,185390,27866022694354945,ompt_thread_worker,221,1,0,0,22794112,161654568,3968490526,12182118893,0.325764,0.141005,31,-1,full
stencil_t128_obs,185419,36028797018963969,ompt_thread_worker,132,0,0,0,21866172,162206987,4307271537,12153672819,0.354401,0.134804,31,-1,full
stencil_t128_obs,185414,34621422135410689,ompt_thread_worker,66,1,0,0,19215941,161669617,4741972797,12097331123,0.391985,0.118859,31,-1,full
stencil_t128_obs,185358,18858823439613953,ompt_thread_worker,199,1,0,0,20733796,162707099,4792181977,12087305986,0.396464,0.127430,31,-1,full
stencil_t128_obs,185398,30117822508040193,ompt_thread_worker,213,1,0,0,24653005,161650007,3925470911,12192898758,0.321947,0.152509,31,-1,full
stencil_t128_obs,185410,33495522228568065,ompt_thread_worker,212,1,0,0,25106274,163145773,3741244639,12185885981,0.307015,0.153889,31,-1,full
stencil_t128_obs,185369,21955048183431169,ompt_thread_worker,159,0,0,0,16823436,161652477,5637253328,11988605107,0.470218,0.104072,31,-1,full
stencil_t128_obs,185393,28710447624486913,ompt_thread_worker,153,0,0,0,20012597,161643320,5552774628,11999560381,0.462748,0.123807,31,-1,full
stencil_t128_obs,185380,25051272927248385,ompt_thread_worker,206,1,0,0,20584310,161961343,4685398907,12098662221,0.387266,0.127094,31,-1,full
stencil_t128_obs,185366,21110623253299201,ompt_thread_worker,207,1,0,0,18544692,161808292,4638200261,12108735483,0.383046,0.114609,31,-1,full
stencil_t128_obs,185394,28991922601197569,ompt_thread_worker,205,1,0,0,19790646,161788494,4579173102,12112914710,0.378041,0.122324,31,-1,full
stencil_t128_obs,185406,32369622321725441,ompt_thread_worker,226,1,0,0,27126034,161764516,3153450071,12288870153,0.256610,0.167688,31,-1,full
stencil_t128_obs,185377,24206847997116417,ompt_thread_worker,181,0,0,0,17012024,161650550,5768066634,11971093219,0.481833,0.105240,31,-1,full
stencil_t128_obs,185415,34902897112121345,ompt_thread_worker,48,0,0,0,15409162,161709060,5690479347,11982701802,0.474891,0.095289,31,-1,full
stencil_t128_obs,185362,19984723346456577,ompt_thread_worker,223,1,0,0,24250487,162603121,3954074968,12186319167,0.324468,0.149139,31,-1,full
stencil_t128_obs,185359,19140298416324609,ompt_thread_worker,51,0,0,0,20439613,162585437,4528151330,12123616800,0.373498,0.125716,31,-1,full
stencil_t128_obs,185381,25332747903959041,ompt_thread_worker,130,0,0,0,19600505,161854294,4330804035,12147374439,0.356522,0.121100,31,-1,full
stencil_t128_obs,185360,19421773393035265,ompt_thread_worker,215,1,0,0,26437595,162661851,3921007388,12202530745,0.321327,0.162531,31,-1,full
stencil_t128_obs,185384,26177172834091009,ompt_thread_worker,214,1,0,0,25293767,161763152,3964756763,12190508796,0.325233,0.156363,31,-1,full
stencil_t128_obs,185383,25895697857380353,ompt_thread_worker,24,0,0,0,18932251,161687971,5456050280,12011537708,0.454234,0.117091,31,-1,full
stencil_t128_obs,185373,23080948090273793,ompt_thread_worker,222,1,0,0,23189289,161877399,3904742851,12192605573,0.320255,0.143252,31,-1,full
stencil_t128_obs,185378,24488322973827073,ompt_thread_worker,64,1,0,0,17688136,161764347,4649568703,12110969453,0.383914,0.109345,31,-1,full
stencil_t128_obs,185395,29273397577908225,ompt_thread_worker,50,0,0,0,17116626,161859833,5087312634,12056547505,0.421954,0.105750,31,-1,full
stencil_t128_obs,185411,33776997205278721,ompt_thread_worker,137,0,0,0,22493849,162066865,4096457639,12167661415,0.336668,0.138794,31,-1,full
stencil_t128_obs,185375,23643898043695105,ompt_thread_worker,12,0,0,0,23206449,161748401,4184614052,12166884149,0.343935,0.143473,31,-1,full
stencil_t128_obs,185413,34339947158700033,ompt_thread_worker,154,0,0,0,15420383,161726448,5526198631,12004258871,0.460353,0.095349,31,-1,full
spmv_static_t128_obs,185426,281474976710657,ompt_thread_initial,167,0,0,0,18375681,120901300,5585173774,10966166886,0.509310,0.151989,28,-1,full
spmv_static_t128_obs,185428,562949953421313,ompt_thread_worker,79,1,0,0,19468906,149979561,2572640032,11364217957,0.226381,0.129810,28,-1,full
spmv_static_t128_obs,185429,844424930131969,ompt_thread_worker,255,1,0,0,20271623,153453815,2692838997,11354673031,0.237157,0.132102,28,-1,full
spmv_static_t128_obs,185430,1125899906842625,ompt_thread_worker,104,1,0,0,21091951,126940858,4483020542,11145337366,0.402233,0.166156,28,-1,full
spmv_static_t128_obs,185431,1407374883553281,ompt_thread_worker,10,0,0,0,20075552,124408926,4754301475,11122805940,0.427437,0.161367,28,-1,full
spmv_static_t128_obs,185432,1688849860263937,ompt_thread_worker,27,0,0,0,19660978,121500679,4699101294,11121568131,0.422521,0.161818,28,-1,full
spmv_static_t128_obs,185433,1970324836974593,ompt_thread_worker,82,1,0,0,20019716,123372551,3753295626,11227989760,0.334280,0.162270,28,-1,full
spmv_static_t128_obs,185434,2251799813685249,ompt_thread_worker,246,1,0,0,20302198,123045387,3700603179,11233456868,0.329427,0.164998,28,-1,full
spmv_static_t128_obs,185435,2533274790395905,ompt_thread_worker,56,0,0,0,20028580,119317105,5050125583,11074901863,0.455997,0.167860,28,-1,full
spmv_static_t128_obs,185437,2814749767106561,ompt_thread_worker,165,0,0,0,17397168,116470201,5754783088,10980136924,0.524108,0.149370,28,-1,full
spmv_static_t128_obs,185436,3096224743817217,ompt_thread_worker,112,1,0,0,19989620,138481212,3136834126,11296314019,0.277687,0.144349,28,-1,full
spmv_static_t128_obs,185438,3377699720527873,ompt_thread_worker,57,0,0,0,18456703,121373729,4951601934,11089189387,0.446525,0.152065,28,-1,full
spmv_static_t128_obs,185439,3659174697238529,ompt_thread_worker,166,0,0,0,17640638,116956928,6042205248,10945394766,0.552032,0.150830,28,-1,full
spmv_static_t128_obs,185440,3940649673949185,ompt_thread_worker,3,0,0,0,18728387,116620771,4788695994,11103617062,0.431274,0.160592,28,-1,full
spmv_static_t128_obs,185441,4222124650659841,ompt_thread_worker,81,1,0,0,20407145,120137771,4032674029,11190868474,0.360354,0.169865,28,-1,full
spmv_static_t128_obs,185442,4503599627370497,ompt_thread_worker,108,1,0,0,21070356,142197473,2791217952,11344807429,0.246035,0.148177,28,-1,full
spmv_static_t128_obs,185443,4785074604081153,ompt_thread_worker,9,0,0,0,18573878,121699224,4822837074,11109084290,0.434135,0.152621,28,-1,full
spmv_static_t128_obs,185444,5066549580791809,ompt_thread_worker,33,0,0,0,20477546,123542287,5213050936,11062154520,0.471251,0.165753,28,-1,full
spmv_static_t128_obs,185445,5348024557502465,ompt_thread_worker,106,1,0,0,19294708,129265922,3352343229,11272510679,0.297391,0.149264,28,-1,full
spmv_static_t128_obs,185446,5629499534213121,ompt_thread_worker,128,0,0,0,18965225,123458813,4807314118,11100757917,0.433062,0.153616,28,-1,full
spmv_static_t128_obs,185447,5910974510923777,ompt_thread_worker,2,0,0,0,20219092,125302899,4894781105,11095633164,0.441145,0.161362,28,-1,full
spmv_static_t128_obs,185448,6192449487634433,ompt_thread_worker,7,0,0,0,19943667,122366416,5058649873,11082209304,0.456466,0.162983,28,-1,full
spmv_static_t128_obs,185449,6473924464345089,ompt_thread_worker,6,0,0,0,20222964,119617505,5050052482,11076136947,0.455940,0.169064,28,-1,full
spmv_static_t128_obs,185450,6755399441055745,ompt_thread_worker,5,0,0,0,20208450,120869322,5000171719,11083746120,0.451127,0.167193,28,-1,full
spmv_static_t128_obs,185451,7036874417766401,ompt_thread_worker,158,0,0,0,20079252,122196197,4771983882,11114266427,0.429357,0.164320,28,-1,full
spmv_static_t128_obs,185452,7318349394477057,ompt_thread_worker,1,0,0,0,19682958,122020283,4132888583,11186463869,0.369454,0.161309,28,-1,full
spmv_static_t128_obs,185453,7599824371187713,ompt_thread_worker,203,1,0,0,19339592,123750938,3436850328,11269263193,0.304976,0.156278,28,-1,full
spmv_static_t128_obs,185454,7881299347898369,ompt_thread_worker,91,1,0,0,20147078,123641679,4066719525,11197238417,0.363190,0.162947,28,-1,full
spmv_static_t128_obs,185455,8162774324609025,ompt_thread_worker,49,0,0,0,19482774,120320034,5007612346,11081349886,0.451896,0.161925,28,-1,full
spmv_static_t128_obs,185456,8444249301319681,ompt_thread_worker,20,0,0,0,18673059,119822110,5119138877,11067481617,0.462539,0.155840,28,-1,full
spmv_static_t128_obs,185457,8725724278030337,ompt_thread_worker,19,0,0,0,18041701,117121173,5302443683,11038880453,0.480343,0.154043,28,-1,full
spmv_static_t128_obs,185458,9007199254740993,ompt_thread_worker,18,0,0,0,20322131,121798753,5242472992,11056167635,0.474167,0.166850,28,-1,full
spmv_static_t128_obs,185459,9288674231451649,ompt_thread_worker,64,1,0,0,18956950,143554932,3002127476,11311660426,0.265401,0.132054,28,-1,full
spmv_static_t128_obs,185460,9570149208162305,ompt_thread_worker,159,0,0,0,19035209,116969053,4912087785,11086200057,0.443081,0.162737,28,-1,full
spmv_static_t128_obs,185461,9851624184872961,ompt_thread_worker,11,0,0,0,18998263,119724172,4836865573,11101793217,0.435683,0.158684,28,-1,full
spmv_static_t128_obs,185462,10133099161583617,ompt_thread_worker,84,1,0,0,19497191,151837849,2683159919,11349995507,0.236402,0.128408,28,-1,full
spmv_static_t128_obs,185463,10414574138294273,ompt_thread_worker,245,1,0,0,20114209,154854146,2984477745,11322541562,0.263587,0.129891,28,-1,full
spmv_static_t128_obs,185464,10696049115004929,ompt_thread_worker,66,1,0,0,22177994,122469456,4093037983,11193935684,0.365648,0.181090,28,-1,full
spmv_static_t128_obs,185465,10977524091715585,ompt_thread_worker,80,1,0,0,21112686,126278158,4069090171,11198615964,0.363357,0.167192,28,-1,full
spmv_static_t128_obs,185466,11258999068426241,ompt_thread_worker,216,1,0,0,19201505,142788126,3719526629,11238068307,0.330976,0.134476,28,-1,full
spmv_static_t128_obs,185467,11540474045136897,ompt_thread_worker,204,1,0,0,19757803,122525023,3479763862,11259268118,0.309058,0.161255,28,-1,full
spmv_static_t128_obs,185468,11821949021847553,ompt_thread_worker,90,1,0,0,20847943,122233044,3711083945,11225343531,0.330599,0.170559,28,-1,full
spmv_static_t128_obs,185469,12103423998558209,ompt_thread_worker,67,1,0,0,20404630,119576066,3875144870,11205804535,0.345816,0.170641,28,-1,full
spmv_static_t128_obs,185470,12384898975268865,ompt_thread_worker,205,1,0,0,19965285,128594223,3147440024,11292626603,0.278716,0.155258,28,-1,full
spmv_static_t128_obs,185471,12666373951979521,ompt_thread_worker,40,0,0,0,19583777,118140256,5147040832,11061900884,0.465294,0.165767,28,-1,full
spmv_static_t128_obs,185472,12947848928690177,ompt_thread_worker,156,0,0,0,20477777,118629012,4736769920,11112200878,0.426267,0.172620,28,-1,full
spmv_static_t128_obs,185473,13229323905400833,ompt_thread_worker,252,1,0,0,18438643,121792937,3457369931,11267318840,0.306849,0.151393,28,-1,full
spmv_static_t128_obs,185474,13510798882111489,ompt_thread_worker,220,1,0,0,18688472,119381652,4086686365,11182923056,0.365440,0.156544,28,-1,full
spmv_static_t128_obs,185475,13792273858822145,ompt_thread_worker,72,1,0,0,19522643,141326878,2761251964,11342497845,0.243443,0.138138,28,-1,full
spmv_static_t128_obs,185476,14073748835532801,ompt_thread_worker,117,1,0,0,20326910,156746431,2795442193,11345320608,0.246396,0.129680,28,-1,full
spmv_static_t128_obs,185477,14355223812243457,ompt_thread_worker,113,1,0,0,21181507,122767968,3661762693,11246359439,0.325595,0.172533,28,-1,full
spmv_static_t128_obs,185478,14636698788954113,ompt_thread_worker,157,0,0,0,20096444,122423735,4783041187,11114620142,0.430338,0.164155,28,-1,full
spmv_static_t128_obs,185479,14918173765664769,ompt_thread_worker,41,0,0,0,21713849,120504955,4964573860,11090490799,0.447642,0.180191,28,-1,full
spmv_static_t128_obs,185480,15199648742375425,ompt_thread_worker,180,0,0,0,20867001,120519701,5052521168,11076131558,0.456163,0.173142,28,-1,full
spmv_static_t128_obs,185481,15481123719086081,ompt_thread_worker,32,0,0,0,20183855,123056707,5607818872,11015441882,0.509087,0.164021,28,-1,full
spmv_static_t128_obs,185482,15762598695796737,ompt_thread_worker,254,1,0,0,20258172,136454049,3211312821,11304202772,0.284081,0.148461,28,-1,full
spmv_static_t128_obs,185483,16044073672507393,ompt_thread_worker,237,1,0,0,20809155,126422091,4925624056,11095209959,0.443941,0.164601,28,-1,full
spmv_static_t128_obs,185484,16325548649218049,ompt_thread_worker,183,0,0,0,19455384,126447746,5080206009,11086983592,0.458214,0.153861,28,-1,full
spmv_static_t128_obs,185485,16607023625928705,ompt_thread_worker,150,0,0,0,20519882,126052040,4949890688,11100790908,0.445904,0.162789,28,-1,full
spmv_static_t128_obs,185486,16888498602639361,ompt_thread_worker,253,1,0,0,18795776,137678633,3199409427,11301405138,0.283098,0.136519,28,-1,full
spmv_static_t128_obs,185487,17169973579350017,ompt_thread_worker,247,1,0,0,18641904,126147169,3757276322,11236896226,0.334370,0.147779,28,-1,full
spmv_static_t128_obs,185488,17451448556060673,ompt_thread_worker,127,1,0,0,18121594,153888695,2734787292,11347118115,0.241012,0.117758,28,-1,full
spmv_static_t128_obs,185489,17732923532771329,ompt_thread_worker,107,1,0,0,20173409,124733965,3778402283,11231322962,0.336416,0.161731,28,-1,full
spmv_static_t128_obs,185526,28147497671065601,ompt_thread_worker,225,1,0,0,20217728,127315874,3434522886,11271172822,0.304717,0.158800,28,-1,full
spmv_static_t128_obs,185494,19140298416324609,ompt_thread_worker,34,0,0,0,21518858,135382089,4098313014,11202715307,0.365832,0.158949,28,-1,full
spmv_static_t128_obs,185543,32932572275146753,ompt_thread_worker,132,0,0,0,20432183,120066692,4685159781,11118428031,0.421387,0.170174,28,-1,full
spmv_static_t128_obs,185522,27021597764222977,ompt_thread_worker,105,1,0,0,18106182,125494299,3987942209,11195595659,0.356206,0.144279,28,-1,full
spmv_static_t128_obs,185506,22517998136852481,ompt_thread_worker,145,0,0,0,20543234,128312792,4883979864,11113164284,0.439477,0.160103,28,-1,full
spmv_static_t128_obs,185533,30117822508040193,ompt_thread_worker,26,0,0,0,19783471,124664910,4748851110,11125151298,0.426857,0.158693,28,-1,full
spmv_static_t128_obs,185498,20547673299877889,ompt_thread_worker,25,0,0,0,20284271,129493395,4736819633,11134212007,0.425429,0.156643,28,-1,full
spmv_static_t128_obs,185512,24206847997116417,ompt_thread_worker,65,1,0,0,20341733,125420288,4245850709,11173809925,0.379982,0.162189,28,-1,full
spmv_static_t128_obs,185541,32369622321725441,ompt_thread_worker,42,0,0,0,19311287,118980615,4897921034,11089945312,0.441654,0.162306,28,-1,full
spmv_static_t128_obs,185535,30680772461461505,ompt_thread_worker,88,1,0,0,18006828,147878411,2816268500,11333930339,0.248481,0.121768,28,-1,full
spmv_static_t128_obs,185492,18577348462903297,ompt_thread_worker,224,1,0,0,20244804,128217793,3576642827,11263032059,0.317556,0.157894,28,-1,full
spmv_static_t128_obs,185516,25332747903959041,ompt_thread_worker,50,0,0,0,21231649,121142669,4867658924,11098975827,0.438568,0.175262,28,-1,full
spmv_static_t128_obs,185531,29554872554618881,ompt_thread_worker,98,1,0,0,19980543,139834407,3123035814,11304741784,0.276259,0.142887,28,-1,full
spmv_static_t128_obs,185547,34058472181989377,ompt_thread_worker,164,0,0,0,18034334,118185924,5589576911,11007417492,0.507801,0.152593,28,-1,full
spmv_static_t128_obs,185503,21673573206720513,ompt_thread_worker,99,1,0,0,21284274,129966933,3533915985,11268625280,0.313607,0.163767,28,-1,full
spmv_static_t128_obs,185508,23080948090273793,ompt_thread_worker,191,0,0,0,21228173,126705541,5233901532,11062429351,0.473124,0.167539,28,-1,full
spmv_static_t128_obs,185523,27303072740933633,ompt_thread_worker,83,1,0,0,18427320,124410548,3623427961,11247546102,0.322153,0.148117,28,-1,full
spmv_static_t128_obs,185499,20266198323167233,ompt_thread_worker,114,1,0,0,21627334,129869069,3787554651,11242267299,0.336903,0.166532,28,-1,full
spmv_static_t128_obs,185544,33214047251857409,ompt_thread_worker,221,1,0,0,19236133,118954876,4070294996,11182354165,0.363993,0.161709,28,-1,full
spmv_static_t128_obs,185502,21392098230009857,ompt_thread_worker,48,0,0,0,20403824,128252617,4997598443,11097187871,0.450348,0.159091,28,-1,full
spmv_static_t128_obs,185549,34621422135410689,ompt_thread_worker,181,0,0,0,18463176,117011413,5046465337,11070174914,0.455861,0.157790,28,-1,full
spmv_static_t128_obs,185527,28428972647776257,ompt_thread_worker,103,1,0,0,18397665,154927572,2727248173,11348918574,0.240309,0.118750,28,-1,full
spmv_static_t128_obs,185514,24769797950537729,ompt_thread_worker,182,0,0,0,21658168,122362277,5060967508,11082274036,0.456672,0.177000,28,-1,full
spmv_static_t128_obs,185546,33776997205278721,ompt_thread_worker,228,1,0,0,19690816,124645018,3186942268,11287417518,0.282345,0.157975,28,-1,full
spmv_static_t128_obs,185552,35465847065542657,ompt_thread_worker,251,1,0,0,19408810,122176354,3392364073,11272395005,0.300944,0.158859,28,-1,full
spmv_static_t128_obs,185528,28710447624486913,ompt_thread_worker,197,1,0,0,20060430,122951046,4060064434,11191246601,0.362789,0.163158,28,-1,full
spmv_static_t128_obs,185495,19421773393035265,ompt_thread_worker,199,1,0,0,19171159,128155033,4083237702,11205619184,0.364392,0.149593,28,-1,full
spmv_static_t128_obs,185511,23925373020405761,ompt_thread_worker,198,1,0,0,21004236,127797982,4328246298,11164521442,0.387679,0.164355,28,-1,full
spmv_static_t128_obs,185553,35747322042253313,ompt_thread_worker,187,0,0,0,19865690,121784175,4995312751,11087052175,0.450554,0.163122,28,-1,full
spmv_static_t128_obs,185500,21110623253299201,ompt_thread_worker,115,1,0,0,19753719,126867776,3908758526,11218854519,0.348410,0.155703,28,-1,full
spmv_static_t128_obs,185504,22236523160141825,ompt_thread_worker,175,0,0,0,17581183,124402892,5198228830,11065515573,0.469768,0.141325,28,-1,full
spmv_static_t128_obs,185525,27866022694354945,ompt_thread_worker,173,0,0,0,19742628,122767382,5154546824,11069273522,0.465663,0.160813,28,-1,full
spmv_static_t128_obs,185518,25895697857380353,ompt_thread_worker,174,0,0,0,20183871,126876233,5157057840,11075080707,0.465645,0.159083,28,-1,full
spmv_static_t128_obs,185539,31806672368304129,ompt_thread_worker,172,0,0,0,19605781,125269178,5180448417,11067808432,0.468065,0.156509,28,-1,full
spmv_static_t128_obs,185507,22799473113563137,ompt_thread_worker,190,0,0,0,21434073,129427045,5141443831,11081571362,0.463963,0.165607,28,-1,full
spmv_static_t128_obs,185524,27584547717644289,ompt_thread_worker,189,0,0,0,20802533,120547996,5009688858,11080652930,0.452111,0.172566,28,-1,full
spmv_static_t128_obs,185537,31243722414882817,ompt_thread_worker,188,0,0,0,20499096,119945539,4957445152,11089842965,0.447026,0.170903,28,-1,full
spmv_static_t128_obs,185493,18858823439613953,ompt_thread_worker,239,1,0,0,19008209,129222884,4954175321,11100849623,0.446288,0.147096,28,-1,full
spmv_static_t128_obs,185509,23362423066984449,ompt_thread_worker,238,1,0,0,18210060,125638110,4922630768,11094064482,0.443718,0.144941,28,-1,full
spmv_static_t128_obs,185515,25051272927248385,ompt_thread_worker,230,1,0,0,18799604,135816360,3047696175,11311650540,0.269430,0.138419,28,-1,full
spmv_static_t128_obs,185532,29836347531329537,ompt_thread_worker,229,1,0,0,19435827,132156555,3308416109,11281307039,0.293265,0.147067,28,-1,full
spmv_static_t128_obs,185534,30399297484750849,ompt_thread_worker,89,1,0,0,19799357,122455926,4113898609,11185918662,0.367775,0.161686,28,-1,full
spmv_static_t128_obs,185497,19703248369745921,ompt_thread_worker,223,1,0,0,21600613,127148268,4086333385,11202183606,0.364780,0.169885,28,-1,full
spmv_static_t128_obs,185490,18014398509481985,ompt_thread_worker,215,1,0,0,21458883,127838972,4084087563,11206181762,0.364450,0.167859,28,-1,full
spmv_static_t128_obs,185542,32651097298436097,ompt_thread_worker,196,1,0,0,18563071,133782478,3673868221,11225183800,0.327288,0.138756,28,-1,full
spmv_static_t128_obs,185491,18295873486192641,ompt_thread_worker,231,1,0,0,20010266,159152085,2750217482,11359904450,0.242099,0.125730,28,-1,full
spmv_static_t128_obs,185519,26177172834091009,ompt_thread_worker,202,1,0,0,19519255,132596597,3068545128,11321665911,0.271033,0.147208,28,-1,full
spmv_static_t128_obs,185517,25614222880669697,ompt_thread_worker,222,1,0,0,20015992,123693713,4052797606,11199517212,0.361873,0.161819,28,-1,full
spmv_static_t128_obs,185530,29273397577908225,ompt_thread_worker,213,1,0,0,20055137,128062958,4118205331,11194159668,0.367889,0.156604,28,-1,full
spmv_static_t128_obs,185548,34339947158700033,ompt_thread_worker,212,1,0,0,19217856,134174668,3657802896,11224311529,0.325882,0.143230,28,-1,full
spmv_static_t128_obs,185513,24488322973827073,ompt_thread_worker,214,1,0,0,19361796,122910630,4149173782,11183630738,0.371004,0.157527,28,-1,full
spmv_static_t128_obs,185501,20829148276588545,ompt_thread_worker,201,1,0,0,20000713,130351556,3221426040,11303452281,0.284995,0.153437,28,-1,full
spmv_static_t128_obs,185550,34902897112121345,ompt_thread_worker,207,1,0,0,19428881,147285526,2577671078,11359355487,0.226921,0.131913,28,-1,full
spmv_static_t128_obs,185520,26740122787512321,ompt_thread_worker,151,0,0,0,21532353,228448956,4896191654,11106387566,0.440845,0.094255,28,-1,full
spmv_static_t128_obs,185551,35184372088832001,ompt_thread_worker,149,0,0,0,19408935,119741342,4892819700,11096497037,0.440934,0.162091,28,-1,full
spmv_static_t128_obs,185554,36028797018963969,ompt_thread_worker,206,1,0,0,19684399,141245798,2761859860,11336383657,0.243628,0.139363,28,-1,full
spmv_static_t128_obs,185545,33495522228568065,ompt_thread_worker,140,0,0,0,20041129,121251913,4805745917,11107289058,0.432666,0.165285,28,-1,full
spmv_static_t128_obs,185529,28991922601197569,ompt_thread_worker,141,0,0,0,20281207,122706921,4853397416,11108145856,0.436922,0.165282,28,-1,full
spmv_static_t128_obs,185510,23643898043695105,ompt_thread_worker,142,0,0,0,19415713,125839049,4812991079,11113752656,0.433066,0.154290,28,-1,full
spmv_static_t128_obs,185496,19984723346456577,ompt_thread_worker,143,0,0,0,19904409,127296349,4855033327,11116343370,0.436747,0.156363,28,-1,full
spmv_static_t128_obs,185538,31525197391593473,ompt_thread_worker,244,1,0,0,20046392,139921519,3091637475,11305480765,0.273464,0.143269,28,-1,full
spmv_static_t128_obs,185540,32088147345014785,ompt_thread_worker,236,1,0,0,19950027,131473677,4671693111,11119506810,0.420135,0.151742,28,-1,full
spmv_static_t128_obs,185505,21955048183431169,ompt_thread_worker,248,1,0,0,20859864,126945897,3428364269,11277891339,0.303990,0.164321,28,-1,full
spmv_static_t128_obs,185521,26458647810801665,ompt_thread_worker,249,1,0,0,18025415,125348622,3508184523,11269168174,0.311308,0.143802,28,-1,full
spmv_static_t128_obs,185536,30962247438172161,ompt_thread_worker,250,1,0,0,19977974,124021771,3436916323,11271238379,0.304928,0.161084,28,-1,full
stencil_t128_ovh,185579,281474976710657,ompt_thread_initial,128,0,0,0,24088062,162973154,3366148387,10770551002,0.312533,0.147804,26,-1,full
stencil_t128_ovh,185581,562949953421313,ompt_thread_worker,129,0,0,0,20594256,162447135,3227549247,10813443963,0.298476,0.126775,26,-1,full
stencil_t128_ovh,185582,844424930131969,ompt_thread_worker,2,0,0,0,22558441,162476908,3178928610,10818803466,0.293834,0.138841,26,-1,full
stencil_t128_ovh,185583,1125899906842625,ompt_thread_worker,3,0,0,0,22521697,162483127,3262397757,10808224922,0.301844,0.138609,26,-1,full
stencil_t128_ovh,185584,1407374883553281,ompt_thread_worker,4,0,0,0,19417403,162443988,3188932932,10820037782,0.294725,0.119533,26,-1,full
stencil_t128_ovh,185585,1688849860263937,ompt_thread_worker,5,0,0,0,19706296,162636591,3308317751,10805181652,0.306179,0.121168,26,-1,full
stencil_t128_ovh,185586,1970324836974593,ompt_thread_worker,134,0,0,0,19088876,162657776,3260771682,10811561073,0.301600,0.117356,26,-1,full
stencil_t128_ovh,185587,2251799813685249,ompt_thread_worker,7,0,0,0,24388718,162652266,3267718178,10811259787,0.302251,0.149944,26,-1,full
stencil_t128_ovh,185588,2533274790395905,ompt_thread_worker,48,0,0,0,20540034,162578751,3218865329,10814909969,0.297632,0.126339,26,-1,full
stencil_t128_ovh,185589,2814749767106561,ompt_thread_worker,49,0,0,0,21508856,162478894,3298863888,10801154093,0.305418,0.132379,26,-1,full
stencil_t128_ovh,185591,3096224743817217,ompt_thread_worker,51,0,0,0,19285938,162503835,3281246879,10806707191,0.303631,0.118680,26,-1,full
stencil_t128_ovh,185590,3377699720527873,ompt_thread_worker,178,0,0,0,21636497,162547163,3230014868,10815579817,0.298645,0.133109,26,-1,full
stencil_t128_ovh,185592,3659174697238529,ompt_thread_worker,52,0,0,0,20539154,162485396,3276685421,10805810934,0.303234,0.126406,26,-1,full
stencil_t128_ovh,185593,3940649673949185,ompt_thread_worker,53,0,0,0,18957650,162633283,3321800584,10801525566,0.307531,0.116567,26,-1,full
stencil_t128_ovh,185594,4222124650659841,ompt_thread_worker,182,0,0,0,20519868,162684271,3393999333,10794948420,0.314406,0.126133,26,-1,full
stencil_t128_ovh,185595,4503599627370497,ompt_thread_worker,55,0,0,0,21546680,162682012,3309891521,10804014988,0.306358,0.132447,26,-1,full
stencil_t128_ovh,185596,4785074604081153,ompt_thread_worker,144,0,0,0,22069451,162589122,3199282184,10821550525,0.295640,0.135738,26,-1,full
stencil_t128_ovh,185597,5066549580791809,ompt_thread_worker,145,0,0,0,21350908,162496638,3121901809,10828472791,0.288305,0.131393,26,-1,full
stencil_t128_ovh,185598,5348024557502465,ompt_thread_worker,146,0,0,0,19762292,162549811,3175325232,10824086988,0.293357,0.121577,26,-1,full
stencil_t128_ovh,185599,5629499534213121,ompt_thread_worker,147,0,0,0,19329946,162490032,3191504673,10822497430,0.294895,0.118961,26,-1,full
stencil_t128_ovh,185600,5910974510923777,ompt_thread_worker,20,0,0,0,21768513,162534231,3224993840,10815315198,0.298188,0.133932,26,-1,full
stencil_t128_ovh,185601,6192449487634433,ompt_thread_worker,149,0,0,0,21767856,162678117,3276236410,10809028199,0.303102,0.133809,26,-1,full
stencil_t128_ovh,185602,6473924464345089,ompt_thread_worker,150,0,0,0,18851614,162681057,3247112607,10814136842,0.300266,0.115881,26,-1,full
stencil_t128_ovh,185603,6755399441055745,ompt_thread_worker,23,0,0,0,20763124,162652456,3274581606,10807992619,0.302978,0.127653,26,-1,full
stencil_t128_ovh,185604,7036874417766401,ompt_thread_worker,160,0,0,0,18327802,162501464,3160431571,10821033969,0.292064,0.112785,26,-1,full
stencil_t128_ovh,185605,7318349394477057,ompt_thread_worker,33,0,0,0,20388114,162486577,3193144703,10816513609,0.295210,0.125476,26,-1,full
stencil_t128_ovh,185606,7599824371187713,ompt_thread_worker,34,0,0,0,20885609,162551675,3247976938,10812006618,0.300405,0.128486,26,-1,full
stencil_t128_ovh,185607,7881299347898369,ompt_thread_worker,35,0,0,0,16923437,162504499,3217171811,10817872747,0.297394,0.104141,26,-1,full
stencil_t128_ovh,185608,8162774324609025,ompt_thread_worker,36,0,0,0,18105268,162589809,3225638090,10814752744,0.298263,0.111355,26,-1,full
stencil_t128_ovh,185609,8444249301319681,ompt_thread_worker,37,0,0,0,18205115,162620240,3243634683,10815331374,0.299911,0.111949,26,-1,full
stencil_t128_ovh,185610,8725724278030337,ompt_thread_worker,166,0,0,0,21497036,162683012,3235843715,10811455020,0.299298,0.132141,26,-1,full
stencil_t128_ovh,185611,9007199254740993,ompt_thread_worker,39,0,0,0,21025763,162634597,3208901991,10816462233,0.296668,0.129282,26,-1,full
stencil_t128_ovh,185612,9288674231451649,ompt_thread_worker,136,0,0,0,20948407,162467887,3252695721,10809110755,0.300922,0.128939,26,-1,full
stencil_t128_ovh,185613,9570149208162305,ompt_thread_worker,137,0,0,0,20204703,162498385,3238581678,10812744068,0.299515,0.124338,26,-1,full
stencil_t128_ovh,185614,9851624184872961,ompt_thread_worker,10,0,0,0,20664484,162507593,3206708358,10819631190,0.296379,0.127160,26,-1,full
stencil_t128_ovh,185615,10133099161583617,ompt_thread_worker,139,0,0,0,16617902,162462894,3346995365,10799199347,0.309930,0.102287,26,-1,full
stencil_t128_ovh,185616,10414574138294273,ompt_thread_worker,12,0,0,0,21393547,162603242,3272193936,10808004563,0.302757,0.131569,26,-1,full
stencil_t128_ovh,185617,10696049115004929,ompt_thread_worker,13,0,0,0,20222377,162657724,3272259992,10804991413,0.302847,0.124325,26,-1,full
stencil_t128_ovh,185618,10977524091715585,ompt_thread_worker,142,0,0,0,20415222,162670077,3332401438,10800887507,0.308530,0.125501,26,-1,full
stencil_t128_ovh,185619,11258999068426241,ompt_thread_worker,15,0,0,0,20514415,162603457,3287712890,10806983685,0.304221,0.126162,26,-1,full
stencil_t128_ovh,185620,11540474045136897,ompt_thread_worker,56,0,0,0,20634307,169172110,3224038718,10813650763,0.298145,0.121972,26,-1,full
stencil_t128_ovh,185621,11821949021847553,ompt_thread_worker,57,0,0,0,16133890,162548998,3233978326,10816045580,0.298998,0.099256,26,-1,full
stencil_t128_ovh,185622,12103423998558209,ompt_thread_worker,186,0,0,0,20889659,162524533,3264617304,10808407007,0.302044,0.128532,26,-1,full
stencil_t128_ovh,185623,12384898975268865,ompt_thread_worker,59,0,0,0,21100249,162500758,3238766396,10814742812,0.299477,0.129847,26,-1,full
stencil_t128_ovh,185624,12666373951979521,ompt_thread_worker,60,0,0,0,19888411,162714141,3256557480,10810212373,0.301248,0.122229,26,-1,full
stencil_t128_ovh,185625,12947848928690177,ompt_thread_worker,61,0,0,0,19549107,162686760,3274426725,10808790419,0.302941,0.120164,26,-1,full
stencil_t128_ovh,185626,13229323905400833,ompt_thread_worker,190,0,0,0,19662613,162670309,3293347626,10801237097,0.304905,0.120874,26,-1,full
stencil_t128_ovh,185627,13510798882111489,ompt_thread_worker,63,0,0,0,20911972,162623067,3283472006,10806541228,0.303841,0.128592,26,-1,full
stencil_t128_ovh,185628,13792273858822145,ompt_thread_worker,152,0,0,0,21472935,162508519,3286107449,10808622145,0.304026,0.132134,26,-1,full
stencil_t128_ovh,185629,14073748835532801,ompt_thread_worker,25,0,0,0,20445065,162529317,3257421099,10810206105,0.301328,0.125793,26,-1,full
stencil_t128_ovh,185630,14355223812243457,ompt_thread_worker,26,0,0,0,21515121,162543650,3309141098,10786113434,0.306796,0.132365,26,-1,full
stencil_t128_ovh,185631,14636698788954113,ompt_thread_worker,155,0,0,0,17225114,162548667,3271824226,10810166315,0.302662,0.105969,26,-1,full
stencil_t128_ovh,185632,14918173765664769,ompt_thread_worker,156,0,0,0,19830647,162696375,3229508716,10816670870,0.298568,0.121887,26,-1,full
stencil_t128_ovh,185633,15199648742375425,ompt_thread_worker,157,0,0,0,20361468,162701245,3352822964,10799608939,0.310458,0.125146,26,-1,full
stencil_t128_ovh,185634,15481123719086081,ompt_thread_worker,30,0,0,0,18262835,162683453,3268041475,10811033714,0.302288,0.112260,26,-1,full
stencil_t128_ovh,185635,15762598695796737,ompt_thread_worker,31,0,0,0,18846733,162516259,3291903792,10807490235,0.304595,0.115968,26,-1,full
stencil_t128_ovh,185636,16044073672507393,ompt_thread_worker,40,0,0,0,21948343,162496051,3246345250,10803674262,0.300485,0.135070,26,-1,full
stencil_t128_ovh,185637,16325548649218049,ompt_thread_worker,169,0,0,0,20222274,162554073,3220524701,10818027818,0.297700,0.124403,26,-1,full
stencil_t128_ovh,185638,16607023625928705,ompt_thread_worker,170,0,0,0,19217349,162495246,3206226492,10821300801,0.296288,0.118264,26,-1,full
stencil_t128_ovh,185640,16888498602639361,ompt_thread_worker,44,0,0,0,20126754,162627756,3232065255,10807132733,0.299068,0.123760,26,-1,full
stencil_t128_ovh,185639,17169973579350017,ompt_thread_worker,171,0,0,0,18428542,162606375,3316087792,10804357794,0.306921,0.113332,26,-1,full
stencil_t128_ovh,185642,17732923532771329,ompt_thread_worker,46,0,0,0,19860406,162631377,3307858797,10793950533,0.306455,0.122119,26,-1,full
stencil_t128_ovh,185641,17451448556060673,ompt_thread_worker,45,0,0,0,18512400,162662045,3315023393,10796423698,0.307048,0.113809,26,-1,full
stencil_t128_ovh,185662,23362423066984449,ompt_thread_worker,82,1,0,0,20896521,161729942,3230187469,10807789645,0.298876,0.129206,26,-1,full
stencil_t128_ovh,185678,27866022694354945,ompt_thread_worker,202,1,0,0,20638924,161731545,3277275304,10803088839,0.303365,0.127612,26,-1,full
stencil_t128_ovh,185682,28991922601197569,ompt_thread_worker,206,1,0,0,19015818,161692062,3396092493,10785984048,0.314862,0.117605,26,-1,full
stencil_t128_ovh,185643,18014398509481985,ompt_thread_worker,175,0,0,0,16700893,162496357,3319612496,10805356164,0.307219,0.102777,26,-1,full
stencil_t128_ovh,185705,35465847065542657,ompt_thread_worker,237,1,0,0,19744810,161730594,3287633506,10804388186,0.304287,0.122085,26,-1,full
stencil_t128_ovh,185689,30962247438172161,ompt_thread_worker,253,1,0,0,20228439,161835901,3347796634,10794439610,0.310141,0.124994,26,-1,full
stencil_t128_ovh,185677,27584547717644289,ompt_thread_worker,73,1,0,0,18365490,161630149,3224832681,10811832063,0.298269,0.113627,26,-1,full
stencil_t128_ovh,185695,32651097298436097,ompt_thread_worker,91,1,0,0,21118496,161827688,3272605260,10810179807,0.302734,0.130500,26,-1,full
stencil_t128_ovh,185660,22799473113563137,ompt_thread_worker,80,1,0,0,19296924,161747726,3196136822,10813504982,0.295569,0.119303,26,-1,full
stencil_t128_ovh,185692,31806672368304129,ompt_thread_worker,216,1,0,0,20407959,161651080,3247199638,10799105508,0.300692,0.126247,26,-1,full
stencil_t128_ovh,185685,29836347531329537,ompt_thread_worker,249,1,0,0,20962159,161683353,3317500268,10798446531,0.307220,0.129649,26,-1,full
stencil_t128_ovh,185649,19984723346456577,ompt_thread_worker,69,1,0,0,19667702,162785605,3421665660,10788650235,0.317154,0.120820,26,-1,full
stencil_t128_ovh,185669,25332747903959041,ompt_thread_worker,225,1,0,0,18860345,161647611,3234095829,10807845846,0.299236,0.116676,26,-1,full
stencil_t128_ovh,185693,32088147345014785,ompt_thread_worker,217,1,0,0,18056959,161648081,3245964656,10800874080,0.300528,0.111705,26,-1,full
stencil_t128_ovh,185679,28147497671065601,ompt_thread_worker,75,1,0,0,19479252,161823423,3263189902,10807437279,0.301939,0.120374,26,-1,full
stencil_t128_ovh,185656,21955048183431169,ompt_thread_worker,244,1,0,0,16399031,161853176,3285103791,10804257987,0.304056,0.101320,26,-1,full
stencil_t128_ovh,185698,33495522228568065,ompt_thread_worker,222,1,0,0,18759851,161641830,3371045177,10782218805,0.312649,0.116058,26,-1,full
stencil_t128_ovh,185655,21392098230009857,ompt_thread_worker,243,1,0,0,20415984,161827138,3399850896,10789913156,0.315095,0.126159,26,-1,full
stencil_t128_ovh,185667,24769797950537729,ompt_thread_worker,87,1,0,0,18092429,161640680,3324301133,10797403657,0.307880,0.111930,26,-1,full
stencil_t128_ovh,185671,25895697857380353,ompt_thread_worker,227,1,0,0,19258789,161837020,3337881670,10795465336,0.309193,0.119001,26,-1,full
stencil_t128_ovh,185687,30399297484750849,ompt_thread_worker,251,1,0,0,17603025,161847132,3316938922,10798035028,0.307180,0.108763,26,-1,full
stencil_t128_ovh,185657,21673573206720513,ompt_thread_worker,245,1,0,0,18128255,161826229,3420372862,10786568431,0.317096,0.112023,26,-1,full
stencil_t128_ovh,185703,34902897112121345,ompt_thread_worker,235,1,0,0,19301843,161880993,3375397378,10791147754,0.312793,0.119235,26,-1,full
stencil_t128_ovh,185673,26458647810801665,ompt_thread_worker,101,1,0,0,17834848,161783620,3392285417,10788231099,0.314443,0.110239,26,-1,full
stencil_t128_ovh,185645,18577348462903297,ompt_thread_worker,65,1,0,0,17718616,162556080,3370443220,10797961433,0.312137,0.109000,26,-1,full
stencil_t128_ovh,185644,18295873486192641,ompt_thread_worker,64,1,0,0,19087468,162582705,3525975706,10780463035,0.327071,0.117402,26,-1,full
stencil_t128_ovh,185694,32369622321725441,ompt_thread_worker,218,1,0,0,19308861,161803328,3201115065,10807702837,0.296188,0.119335,26,-1,full
stencil_t128_ovh,185668,25051272927248385,ompt_thread_worker,224,1,0,0,15183660,161696023,3221408850,10809732693,0.298010,0.093902,26,-1,full
stencil_t128_ovh,185661,23080948090273793,ompt_thread_worker,81,1,0,0,21389334,161653511,3197444505,10813742512,0.295683,0.132316,26,-1,full
stencil_t128_ovh,185699,33776997205278721,ompt_thread_worker,223,1,0,0,20440242,161708624,3329681753,10790691867,0.308570,0.126402,26,-1,full
stencil_t128_ovh,185683,29554872554618881,ompt_thread_worker,79,1,0,0,20579802,161706906,3418034642,10789492233,0.316793,0.127266,26,-1,full
stencil_t128_ovh,185663,23643898043695105,ompt_thread_worker,83,1,0,0,17616162,161885593,3260722269,10806531240,0.301736,0.108819,26,-1,full
stencil_t128_ovh,185701,34339947158700033,ompt_thread_worker,105,1,0,0,17315856,161692113,3218650281,10811675476,0.297701,0.107092,26,-1,full
stencil_t128_ovh,185704,35184372088832001,ompt_thread_worker,108,1,0,0,19855464,161881065,3392234839,10791162381,0.314353,0.122655,26,-1,full
stencil_t128_ovh,185646,18858823439613953,ompt_thread_worker,194,1,0,0,18707711,162552767,3402783028,10786816292,0.315458,0.115087,26,-1,full
stencil_t128_ovh,185659,22517998136852481,ompt_thread_worker,119,1,0,0,19492745,161687051,3328240864,10797049679,0.308255,0.120558,26,-1,full
stencil_t128_ovh,185666,24488322973827073,ompt_thread_worker,86,1,0,0,21375484,161734329,3328933389,10796136840,0.308345,0.132164,26,-1,full
stencil_t128_ovh,185690,31243722414882817,ompt_thread_worker,254,1,0,0,20812296,161658480,3379482299,10795572214,0.313043,0.128742,26,-1,full
stencil_t128_ovh,185658,22236523160141825,ompt_thread_worker,118,1,0,0,18838013,161779112,3269746663,10805593434,0.302598,0.116443,26,-1,full
stencil_t128_ovh,185702,34621422135410689,ompt_thread_worker,106,1,0,0,20483259,161863031,3297336804,10803263876,0.305217,0.126547,26,-1,full
stencil_t128_ovh,185652,20266198323167233,ompt_thread_worker,240,1,0,0,19234354,162612285,3227408473,10812065139,0.298501,0.118284,26,-1,full
stencil_t128_ovh,185686,30117822508040193,ompt_thread_worker,122,1,0,0,20822302,161802983,3239183938,10807206941,0.299724,0.128689,26,-1,full
stencil_t128_ovh,185670,25614222880669697,ompt_thread_worker,226,1,0,0,17496386,161751445,3239161907,10809781262,0.299651,0.108168,26,-1,full
stencil_t128_ovh,185680,28428972647776257,ompt_thread_worker,204,1,0,0,17845237,161901590,3302191671,10799469560,0.305774,0.110223,26,-1,full
stencil_t128_ovh,185696,32932572275146753,ompt_thread_worker,220,1,0,0,20094561,161808116,3237816650,10801717251,0.299750,0.124188,26,-1,full
stencil_t128_ovh,185664,23925373020405761,ompt_thread_worker,84,1,0,0,20797766,161876390,3302312213,10800425792,0.305758,0.128479,26,-1,full
stencil_t128_ovh,185684,29273397577908225,ompt_thread_worker,120,1,0,0,18007389,161756688,3191957399,10816219631,0.295108,0.111324,26,-1,full
stencil_t128_ovh,185700,34058472181989377,ompt_thread_worker,232,1,0,0,21844978,161675807,3304116569,10799448910,0.305952,0.135116,26,-1,full
stencil_t128_ovh,185688,30680772461461505,ompt_thread_worker,252,1,0,0,17079261,161901722,3234418644,10812052704,0.299149,0.105492,26,-1,full
stencil_t128_ovh,185672,26177172834091009,ompt_thread_worker,228,1,0,0,17687739,161894935,3283959909,10805527621,0.303915,0.109254,26,-1,full
stencil_t128_ovh,185654,21110623253299201,ompt_thread_worker,242,1,0,0,16836099,161722210,3310578322,10800159845,0.306530,0.104105,26,-1,full
stencil_t128_ovh,185651,20547673299877889,ompt_thread_worker,199,1,0,0,19965068,162559936,3551664769,10766821833,0.329871,0.122817,26,-1,full
stencil_t128_ovh,185648,19421773393035265,ompt_thread_worker,196,1,0,0,20880573,162715743,3347778833,10794774897,0.310130,0.128325,26,-1,full
stencil_t128_ovh,185676,27303072740933633,ompt_thread_worker,200,1,0,0,17864999,161730524,3237282402,10810458083,0.299458,0.110462,26,-1,full
stencil_t128_ovh,185650,19703248369745921,ompt_thread_worker,198,1,0,0,23205456,162693538,3418697141,10787136853,0.316923,0.142633,26,-1,full
stencil_t128_ovh,185674,26740122787512321,ompt_thread_worker,230,1,0,0,14344293,161647406,3458479408,10780615207,0.320805,0.088738,26,-1,full
stencil_t128_ovh,185706,35747322042253313,ompt_thread_worker,238,1,0,0,18989317,161700540,3539080701,10768937719,0.328638,0.117435,26,-1,full
stencil_t128_ovh,185691,31525197391593473,ompt_thread_worker,255,1,0,0,19196101,161733523,3299545978,10802766602,0.305435,0.118690,26,-1,full
stencil_t128_ovh,185665,24206847997116417,ompt_thread_worker,85,1,0,0,18368642,161934992,3380512959,10785959101,0.313418,0.113432,26,-1,full
stencil_t128_ovh,185653,20829148276588545,ompt_thread_worker,241,1,0,0,19273737,162564587,3212098726,10817716497,0.296929,0.118560,26,-1,full
stencil_t128_ovh,185681,28710447624486913,ompt_thread_worker,77,1,0,0,19076316,161797145,3392261353,10794086829,0.314270,0.117903,26,-1,full
stencil_t128_ovh,185675,27021597764222977,ompt_thread_worker,103,1,0,0,21475263,161650324,3350515825,10792898454,0.310437,0.132850,26,-1,full
stencil_t128_ovh,185697,33214047251857409,ompt_thread_worker,93,1,0,0,18464795,161813795,3395349700,10789618139,0.314687,0.114111,26,-1,full
stencil_t128_ovh,185707,36028797018963969,ompt_thread_worker,239,1,0,0,21104565,161737641,3363019313,10794051476,0.311562,0.130486,26,-1,full
stencil_t128_ovh,185647,19140298416324609,ompt_thread_worker,195,1,0,0,20190115,162699411,3678769404,10749772228,0.342218,0.124095,26,-1,full
spmv_static_t128_ovh,185714,281474976710657,ompt_thread_initial,128,0,0,0,19001243,122680768,2879588284,9199108112,0.313029,0.154884,23,-1,full
spmv_static_t128_ovh,185716,562949953421313,ompt_thread_worker,1,0,0,0,19894486,121799890,3013141796,9217964451,0.326877,0.163337,23,-1,full
spmv_static_t128_ovh,185717,844424930131969,ompt_thread_worker,130,0,0,0,19519314,123240075,3041471053,9219097077,0.329910,0.158384,23,-1,full
spmv_static_t128_ovh,185718,1125899906842625,ompt_thread_worker,131,0,0,0,19508447,124674098,3055529820,9219993377,0.331403,0.156476,23,-1,full
spmv_static_t128_ovh,185719,1407374883553281,ompt_thread_worker,132,0,0,0,21183845,124108901,3100480927,9213821074,0.336503,0.170688,23,-1,full
spmv_static_t128_ovh,185720,1688849860263937,ompt_thread_worker,133,0,0,0,20576067,121300965,3112236530,9203388928,0.338162,0.169628,23,-1,full
spmv_static_t128_ovh,185721,1970324836974593,ompt_thread_worker,134,0,0,0,21255402,121306797,3130807838,9200951317,0.340270,0.175220,23,-1,full
spmv_static_t128_ovh,185722,2251799813685249,ompt_thread_worker,135,0,0,0,20591405,122455315,3061561427,9213402696,0.332294,0.168154,23,-1,full
spmv_static_t128_ovh,185723,2533274790395905,ompt_thread_worker,176,0,0,0,20926806,119260042,2949105206,9220641308,0.319837,0.175472,23,-1,full
spmv_static_t128_ovh,185724,2814749767106561,ompt_thread_worker,177,0,0,0,20802559,122089453,3039781078,9215087924,0.329870,0.170388,23,-1,full
spmv_static_t128_ovh,185726,3096224743817217,ompt_thread_worker,51,0,0,0,19133097,121180739,3054581605,9211140538,0.331618,0.157889,23,-1,full
spmv_static_t128_ovh,185725,3377699720527873,ompt_thread_worker,178,0,0,0,19287508,116399077,3045026563,9200852969,0.330950,0.165702,23,-1,full
spmv_static_t128_ovh,185727,3659174697238529,ompt_thread_worker,52,0,0,0,19850620,116854579,3070025586,9201896591,0.333630,0.169875,23,-1,full
spmv_static_t128_ovh,185728,3940649673949185,ompt_thread_worker,53,0,0,0,19220994,116465012,3076455246,9199285193,0.334423,0.165037,23,-1,full
spmv_static_t128_ovh,185729,4222124650659841,ompt_thread_worker,182,0,0,0,19985376,119706242,3008862716,9213457049,0.326573,0.166953,23,-1,full
spmv_static_t128_ovh,185730,4503599627370497,ompt_thread_worker,55,0,0,0,19604419,124674558,2955929863,9228836195,0.320293,0.157245,23,-1,full
spmv_static_t128_ovh,185731,4785074604081153,ompt_thread_worker,144,0,0,0,19683716,121494171,2716431700,9257580025,0.293428,0.162014,23,-1,full
spmv_static_t128_ovh,185732,5066549580791809,ompt_thread_worker,145,0,0,0,22299929,123158568,2748457448,9256040458,0.296937,0.181067,23,-1,full
spmv_static_t128_ovh,185733,5348024557502465,ompt_thread_worker,18,0,0,0,21945453,119386426,2776275317,9239275415,0.300486,0.183819,23,-1,full
spmv_static_t128_ovh,185734,5629499534213121,ompt_thread_worker,147,0,0,0,20749380,121481901,2785090645,9244741325,0.301262,0.170802,23,-1,full
spmv_static_t128_ovh,185735,5910974510923777,ompt_thread_worker,20,0,0,0,22356441,123243908,2813956678,9245884323,0.304347,0.181400,23,-1,full
spmv_static_t128_ovh,185736,6192449487634433,ompt_thread_worker,149,0,0,0,21620435,122291468,2825724335,9243691180,0.305692,0.176794,23,-1,full
spmv_static_t128_ovh,185737,6473924464345089,ompt_thread_worker,22,0,0,0,22174320,119320536,2743846959,9248194517,0.296690,0.185838,23,-1,full
spmv_static_t128_ovh,185738,6755399441055745,ompt_thread_worker,151,0,0,0,21608190,120834297,2748205466,9251034869,0.297070,0.178825,23,-1,full
spmv_static_t128_ovh,185739,7036874417766401,ompt_thread_worker,32,0,0,0,21363741,122083599,2768529134,9247063457,0.299395,0.174993,23,-1,full
spmv_static_t128_ovh,185740,7318349394477057,ompt_thread_worker,161,0,0,0,21366137,121624976,2788467399,9243334763,0.301673,0.175672,23,-1,full
spmv_static_t128_ovh,185741,7599824371187713,ompt_thread_worker,162,0,0,0,22064726,123072583,2794188179,9246575219,0.302186,0.179282,23,-1,full
spmv_static_t128_ovh,185742,7881299347898369,ompt_thread_worker,35,0,0,0,21739704,123144325,2840992192,9242654098,0.307378,0.176538,23,-1,full
spmv_static_t128_ovh,185743,8162774324609025,ompt_thread_worker,36,0,0,0,21213995,120178254,2799519367,9241486581,0.302930,0.176521,23,-1,full
spmv_static_t128_ovh,185744,8444249301319681,ompt_thread_worker,165,0,0,0,20713459,119630583,2835478474,9234083997,0.307067,0.173145,23,-1,full
spmv_static_t128_ovh,185745,8725724278030337,ompt_thread_worker,38,0,0,0,20901795,116827601,2804681697,9232264694,0.303791,0.178911,23,-1,full
spmv_static_t128_ovh,185746,9007199254740993,ompt_thread_worker,167,0,0,0,22225907,121523074,2785787065,9246268476,0.301288,0.182895,23,-1,full
spmv_static_t128_ovh,185747,9288674231451649,ompt_thread_worker,136,0,0,0,20823797,122282306,2794311832,9247484181,0.302170,0.170293,23,-1,full
spmv_static_t128_ovh,185748,9570149208162305,ompt_thread_worker,9,0,0,0,20374462,116701697,2869483972,9226227100,0.311014,0.174586,23,-1,full
spmv_static_t128_ovh,185749,9851624184872961,ompt_thread_worker,138,0,0,0,20373452,119562047,2900385909,9228721803,0.314278,0.170401,23,-1,full
spmv_static_t128_ovh,185750,10133099161583617,ompt_thread_worker,11,0,0,0,20954652,121905678,2881437817,9234473945,0.312031,0.171892,23,-1,full
spmv_static_t128_ovh,185751,10414574138294273,ompt_thread_worker,140,0,0,0,21715632,124609137,2840489385,9247888736,0.307150,0.174270,23,-1,full
spmv_static_t128_ovh,185752,10696049115004929,ompt_thread_worker,141,0,0,0,19961135,122088750,2879495569,9237633919,0.311714,0.163497,23,-1,full
spmv_static_t128_ovh,185753,10977524091715585,ompt_thread_worker,14,0,0,0,21507594,125701763,2899099818,9237553695,0.313838,0.171100,23,-1,full
spmv_static_t128_ovh,185754,11258999068426241,ompt_thread_worker,15,0,0,0,22015313,126992910,2871030703,9241702494,0.310660,0.173359,23,-1,full
spmv_static_t128_ovh,185755,11540474045136897,ompt_thread_worker,184,0,0,0,20609625,121894816,2763316440,9249378291,0.298757,0.169077,23,-1,full
spmv_static_t128_ovh,185756,11821949021847553,ompt_thread_worker,185,0,0,0,19996929,119455850,2812278950,9238273914,0.304416,0.167400,23,-1,full
spmv_static_t128_ovh,185757,12103423998558209,ompt_thread_worker,58,0,0,0,20319397,119020703,2821591565,9234054838,0.305564,0.170722,23,-1,full
spmv_static_t128_ovh,185758,12384898975268865,ompt_thread_worker,187,0,0,0,20700918,120637545,2824417840,9236179608,0.305799,0.171596,23,-1,full
spmv_static_t128_ovh,185759,12666373951979521,ompt_thread_worker,60,0,0,0,21419106,131814106,2804534716,9239714968,0.303530,0.162495,23,-1,full
spmv_static_t128_ovh,185760,12947848928690177,ompt_thread_worker,189,0,0,0,22333841,118365217,2829072624,9237283910,0.306267,0.188686,23,-1,full
spmv_static_t128_ovh,185761,13229323905400833,ompt_thread_worker,190,0,0,0,22999477,126834643,2831589417,9240444612,0.306434,0.181334,23,-1,full
spmv_static_t128_ovh,185762,13510798882111489,ompt_thread_worker,191,0,0,0,22153048,118945694,2799760801,9241505479,0.302955,0.186245,23,-1,full
spmv_static_t128_ovh,185763,13792273858822145,ompt_thread_worker,152,0,0,0,20745142,121131510,2696497324,9258923599,0.291232,0.171261,23,-1,full
spmv_static_t128_ovh,185764,14073748835532801,ompt_thread_worker,25,0,0,0,19252454,124951500,2781807111,9254884363,0.300577,0.154079,23,-1,full
spmv_static_t128_ovh,185765,14355223812243457,ompt_thread_worker,154,0,0,0,20183264,122043707,2776679835,9247913208,0.300249,0.165377,23,-1,full
spmv_static_t128_ovh,185766,14636698788954113,ompt_thread_worker,27,0,0,0,21702042,122192789,2769573520,9252322225,0.299338,0.177605,23,-1,full
spmv_static_t128_ovh,185767,14918173765664769,ompt_thread_worker,156,0,0,0,23727473,120362290,2752979569,9249076255,0.297649,0.197134,23,-1,full
spmv_static_t128_ovh,185768,15199648742375425,ompt_thread_worker,29,0,0,0,22820218,120324312,2792381103,9243998083,0.302075,0.189656,23,-1,full
spmv_static_t128_ovh,185769,15481123719086081,ompt_thread_worker,30,0,0,0,22939933,122684639,2798978464,9247442546,0.302676,0.186983,23,-1,full
spmv_static_t128_ovh,185770,15762598695796737,ompt_thread_worker,31,0,0,0,21569728,125413613,2780714149,9253955487,0.300489,0.171989,23,-1,full
spmv_static_t128_ovh,185771,16044073672507393,ompt_thread_worker,40,0,0,0,20205901,125977502,2680813439,9266550830,0.289300,0.160393,23,-1,full
spmv_static_t128_ovh,185772,16325548649218049,ompt_thread_worker,41,0,0,0,20483760,126274712,2723684020,9261411652,0.294090,0.162216,23,-1,full
spmv_static_t128_ovh,185773,16607023625928705,ompt_thread_worker,42,0,0,0,21548733,125691765,2737365694,9260465930,0.295597,0.171441,23,-1,full
spmv_static_t128_ovh,185774,16888498602639361,ompt_thread_worker,43,0,0,0,23323783,126337574,2691508512,9262651147,0.290576,0.184615,23,-1,full
spmv_static_t128_ovh,185775,17169973579350017,ompt_thread_worker,172,0,0,0,23762904,125538661,2707936156,9262149673,0.292366,0.189288,23,-1,full
spmv_static_t128_ovh,185776,17451448556060673,ompt_thread_worker,173,0,0,0,22902718,124557021,2706248082,9258630079,0.292295,0.183873,23,-1,full
spmv_static_t128_ovh,185777,17732923532771329,ompt_thread_worker,46,0,0,0,21610122,124214325,2726198938,9257906891,0.294472,0.173974,23,-1,full
spmv_static_t128_ovh,185801,24488322973827073,ompt_thread_worker,86,1,0,0,20817198,122565250,2778860877,9246639921,0.300527,0.169846,23,-1,full
spmv_static_t128_ovh,185817,28991922601197569,ompt_thread_worker,78,1,0,0,21333964,122589752,2764869446,9247412846,0.298988,0.174027,23,-1,full
spmv_static_t128_ovh,185842,36028797018963969,ompt_thread_worker,111,1,0,0,20761746,120519479,2799975255,9235996197,0.303159,0.172269,23,-1,full
spmv_static_t128_ovh,185822,30399297484750849,ompt_thread_worker,251,1,0,0,21045349,122058862,2763221802,9245756855,0.298864,0.172420,23,-1,full
spmv_static_t128_ovh,185838,34902897112121345,ompt_thread_worker,235,1,0,0,20604273,120167872,2820225876,9232895255,0.305454,0.171462,23,-1,full
spmv_static_t128_ovh,185824,30962247438172161,ompt_thread_worker,253,1,0,0,21203527,121919116,2859499261,9234342334,0.309659,0.173915,23,-1,full
spmv_static_t128_ovh,185799,23925373020405761,ompt_thread_worker,84,1,0,0,22318359,127489303,2691785261,9265417611,0.290520,0.175061,23,-1,full
spmv_static_t128_ovh,185794,22517998136852481,ompt_thread_worker,247,1,0,0,22067626,128079518,2655470949,9268288389,0.286511,0.172296,23,-1,full
spmv_static_t128_ovh,185812,27584547717644289,ompt_thread_worker,73,1,0,0,20183051,120293987,2685021953,9252726687,0.290187,0.167781,23,-1,full
spmv_static_t128_ovh,185832,33214047251857409,ompt_thread_worker,93,1,0,0,19806301,118668213,2927843820,9218382905,0.317609,0.166905,23,-1,full
spmv_static_t128_ovh,185791,21673573206720513,ompt_thread_worker,244,1,0,0,23250658,129392337,2749587772,9263518717,0.296819,0.179691,23,-1,full
spmv_static_t128_ovh,185820,29836347531329537,ompt_thread_worker,249,1,0,0,20724662,122950988,2727619570,9254236617,0.294743,0.168560,23,-1,full
spmv_static_t128_ovh,185790,21392098230009857,ompt_thread_worker,243,1,0,0,21783301,128093197,2697945905,9266075916,0.291164,0.170058,23,-1,full
spmv_static_t128_ovh,185810,27021597764222977,ompt_thread_worker,103,1,0,0,18880548,122251916,2723859873,9249987856,0.294472,0.154440,23,-1,full
spmv_static_t128_ovh,185796,23080948090273793,ompt_thread_worker,81,1,0,0,19219913,126529309,2667715738,9267646100,0.287853,0.151901,23,-1,full
spmv_static_t128_ovh,185782,19421773393035265,ompt_thread_worker,67,1,0,0,19464725,128380872,2886572156,9242584144,0.312312,0.151617,23,-1,full
spmv_static_t128_ovh,185798,23643898043695105,ompt_thread_worker,211,1,0,0,21468959,125704046,2689332697,9258390412,0.290475,0.170790,23,-1,full
spmv_static_t128_ovh,185829,32369622321725441,ompt_thread_worker,90,1,0,0,19698299,118811265,2831599626,9231988982,0.306716,0.165795,23,-1,full
spmv_static_t128_ovh,185826,31525197391593473,ompt_thread_worker,255,1,0,0,21097828,122571327,2857502862,9233150485,0.309483,0.172127,23,-1,full
spmv_static_t128_ovh,185780,18577348462903297,ompt_thread_worker,193,1,0,0,21427519,127673438,2785818094,9254324413,0.301029,0.167831,23,-1,full
spmv_static_t128_ovh,185787,20266198323167233,ompt_thread_worker,240,1,0,0,22848056,129300891,2589124101,9286342099,0.278810,0.176705,23,-1,full
spmv_static_t128_ovh,185833,33495522228568065,ompt_thread_worker,222,1,0,0,20369046,121145753,2907766256,9224692438,0.315216,0.168137,23,-1,full
spmv_static_t128_ovh,185797,23362423066984449,ompt_thread_worker,210,1,0,0,19401403,125103308,2699870526,9258799589,0.291600,0.155083,23,-1,full
spmv_static_t128_ovh,185778,18014398509481985,ompt_thread_worker,47,0,0,0,21157076,127191609,2721116072,9264505757,0.293714,0.166340,23,-1,full
spmv_static_t128_ovh,185805,25614222880669697,ompt_thread_worker,226,1,0,0,20749281,123228822,2691021435,9255877591,0.290736,0.168380,23,-1,full
spmv_static_t128_ovh,185783,19140298416324609,ompt_thread_worker,196,1,0,0,19954257,127731885,2878761619,9242482566,0.311471,0.156220,23,-1,full
spmv_static_t128_ovh,185839,35184372088832001,ompt_thread_worker,108,1,0,0,21186082,119577350,2858072016,9229508074,0.309667,0.177175,23,-1,full
spmv_static_t128_ovh,185786,20547673299877889,ompt_thread_worker,71,1,0,0,22895396,129181454,2812505552,9254855353,0.303895,0.177234,23,-1,full
spmv_static_t128_ovh,185800,24206847997116417,ompt_thread_worker,85,1,0,0,21563464,124973095,2788240629,9248960217,0.301465,0.172545,23,-1,full
spmv_static_t128_ovh,185808,26458647810801665,ompt_thread_worker,229,1,0,0,20158993,125314906,2860620483,9237558882,0.309673,0.160867,23,-1,full
spmv_static_t128_ovh,185827,31806672368304129,ompt_thread_worker,88,1,0,0,21582671,125087755,2733322661,9257009474,0.295271,0.172540,23,-1,full
spmv_static_t128_ovh,185795,22799473113563137,ompt_thread_worker,208,1,0,0,19986357,129686326,2602587264,9278612569,0.280493,0.154113,23,-1,full
spmv_static_t128_ovh,185815,28428972647776257,ompt_thread_worker,204,1,0,0,20683768,123902215,2754713945,9248635391,0.297851,0.166936,23,-1,full
spmv_static_t128_ovh,185813,27866022694354945,ompt_thread_worker,74,1,0,0,21271507,122659025,2666226286,9260295370,0.287920,0.173420,23,-1,full
spmv_static_t128_ovh,185835,34058472181989377,ompt_thread_worker,232,1,0,0,20832655,118216471,2707803954,9247517884,0.292814,0.176225,23,-1,full
spmv_static_t128_ovh,185807,26177172834091009,ompt_thread_worker,228,1,0,0,21321398,125589549,2761273202,9251965381,0.298453,0.169770,23,-1,full
spmv_static_t128_ovh,185821,30117822508040193,ompt_thread_worker,122,1,0,0,22321873,124503739,2763255184,9253819192,0.298607,0.179287,23,-1,full
spmv_static_t128_ovh,185811,27303072740933633,ompt_thread_worker,72,1,0,0,19632532,123849084,2636908944,9267222443,0.284541,0.158520,23,-1,full
spmv_static_t128_ovh,185781,18858823439613953,ompt_thread_worker,194,1,0,0,20140427,128812338,2865994720,9247233143,0.309930,0.156355,23,-1,full
spmv_static_t128_ovh,185841,35747322042253313,ompt_thread_worker,238,1,0,0,21948040,121759428,2848873725,9236751195,0.308428,0.180257,23,-1,full
spmv_static_t128_ovh,185793,22236523160141825,ompt_thread_worker,246,1,0,0,22381289,126265151,2690474772,9259381353,0.290567,0.177256,23,-1,full
spmv_static_t128_ovh,185809,26740122787512321,ompt_thread_worker,230,1,0,0,19334253,124625308,2819032400,9242396726,0.305011,0.155139,23,-1,full
spmv_static_t128_ovh,185825,31243722414882817,ompt_thread_worker,126,1,0,0,20933867,119891146,2812904055,9237733305,0.304502,0.174607,23,-1,full
spmv_static_t128_ovh,185819,29554872554618881,ompt_thread_worker,248,1,0,0,21262527,124874631,2692578986,9263315988,0.290671,0.170271,23,-1,full
spmv_static_t128_ovh,185789,20829148276588545,ompt_thread_worker,242,1,0,0,21758411,126747434,2682668445,9264707508,0.289558,0.171667,23,-1,full
spmv_static_t128_ovh,185792,21955048183431169,ompt_thread_worker,245,1,0,0,23510630,124604645,2656926679,9263921902,0.286804,0.188682,23,-1,full
spmv_static_t128_ovh,185840,35465847065542657,ompt_thread_worker,237,1,0,0,20397020,120132522,2970355793,9216728875,0.322279,0.169788,23,-1,full
spmv_static_t128_ovh,185818,29273397577908225,ompt_thread_worker,79,1,0,0,20871309,127988381,2697700542,9264689089,0.291181,0.163072,23,-1,full
spmv_static_t128_ovh,185814,28147497671065601,ompt_thread_worker,75,1,0,0,21411686,124247786,2743978785,9253574936,0.296532,0.172331,23,-1,full
spmv_static_t128_ovh,185804,25332747903959041,ompt_thread_worker,97,1,0,0,19511127,121058970,2656438533,9256785421,0.286972,0.161170,23,-1,full
spmv_static_t128_ovh,185788,21110623253299201,ompt_thread_worker,113,1,0,0,21488990,126421449,2697511679,9265505927,0.291135,0.169979,23,-1,full
spmv_static_t128_ovh,185823,30680772461461505,ompt_thread_worker,124,1,0,0,21218471,122710587,2742774047,9251998116,0.296452,0.172915,23,-1,full
spmv_static_t128_ovh,185785,19703248369745921,ompt_thread_worker,70,1,0,0,23216143,126755240,2928135400,9233498937,0.317121,0.183157,23,-1,full
spmv_static_t128_ovh,185816,28710447624486913,ompt_thread_worker,77,1,0,0,21069868,122362042,2753978485,9250307447,0.297718,0.172193,23,-1,full
spmv_static_t128_ovh,185834,33776997205278721,ompt_thread_worker,223,1,0,0,20355438,118284867,2893973490,9219491663,0.313897,0.172088,23,-1,full
spmv_static_t128_ovh,185803,25051272927248385,ompt_thread_worker,224,1,0,0,19340771,122139886,2649803400,9261474059,0.286110,0.158349,23,-1,full
spmv_static_t128_ovh,185836,34339947158700033,ompt_thread_worker,105,1,0,0,21109769,116797542,2783658230,9233855116,0.301462,0.180738,23,-1,full
spmv_static_t128_ovh,185802,24769797950537729,ompt_thread_worker,87,1,0,0,19339173,122268701,2763977947,9249956313,0.298810,0.158169,23,-1,full
spmv_static_t128_ovh,185806,25895697857380353,ompt_thread_worker,99,1,0,0,21670782,126790228,2701850602,9263164603,0.291677,0.170918,23,-1,full
spmv_static_t128_ovh,185830,32651097298436097,ompt_thread_worker,91,1,0,0,19965776,118784745,2791653310,9238500877,0.302176,0.168084,23,-1,full
spmv_static_t128_ovh,185837,34621422135410689,ompt_thread_worker,234,1,0,0,21010276,117017940,2775312060,9235612692,0.300501,0.179547,23,-1,full
spmv_static_t128_ovh,185779,18295873486192641,ompt_thread_worker,192,1,0,0,22505669,127747735,2724195086,9266187687,0.293993,0.176173,23,-1,full
spmv_static_t128_ovh,185828,32088147345014785,ompt_thread_worker,217,1,0,0,21438950,122592480,2785284022,9244111286,0.301304,0.174880,23,-1,full
spmv_static_t128_ovh,185784,19984723346456577,ompt_thread_worker,197,1,0,0,22085223,127294215,2901564670,9238146506,0.314085,0.173497,23,-1,full
spmv_static_t128_ovh,185831,32932572275146753,ompt_thread_worker,220,1,0,0,19871821,121742210,2850326254,9229444934,0.308830,0.163229,23,-1,full
stencil_t128_scheduler,185854,281474976710657,ompt_thread_initial,255,1,0,0,27224654,164281606,3171940823,12737568138,0.249022,0.165719,32,-1,full
stencil_t128_scheduler,185856,562949953421313,ompt_thread_worker,157,0,0,0,15563864,162698091,6157089268,12458309776,0.494215,0.095661,32,-1,full
stencil_t128_scheduler,185857,844424930131969,ompt_thread_worker,239,1,0,0,24674190,162644376,4167804480,12706121505,0.328015,0.151706,32,-1,full
stencil_t128_scheduler,185858,1125899906842625,ompt_thread_worker,83,1,0,0,24947947,162720528,3808215615,12742454753,0.298860,0.153318,32,-1,full
stencil_t128_scheduler,185859,1407374883553281,ompt_thread_worker,104,1,0,0,25926848,163268653,3381373527,12765930698,0.264875,0.158799,32,-1,full
stencil_t128_scheduler,185860,1688849860263937,ompt_thread_worker,227,1,0,0,22755824,163349371,4611581187,12627940036,0.365189,0.139308,32,-1,full
stencil_t128_scheduler,185861,1970324836974593,ompt_thread_worker,243,1,0,0,25607536,162912628,3479664109,12785529304,0.272156,0.157186,32,-1,full
stencil_t128_scheduler,185862,2251799813685249,ompt_thread_worker,3,0,0,0,22273524,162647381,4841401993,12627367412,0.383405,0.136944,32,-1,full
stencil_t128_scheduler,185863,2533274790395905,ompt_thread_worker,158,0,0,0,17536066,162719251,6116725473,12468040225,0.490592,0.107769,32,-1,full
stencil_t128_scheduler,185864,2814749767106561,ompt_thread_worker,9,0,0,0,19616908,162959442,5252175045,12559915423,0.418170,0.120379,32,-1,full
stencil_t128_scheduler,185865,3096224743817217,ompt_thread_worker,112,1,0,0,24829512,162970448,3966204311,12705333686,0.312168,0.152356,32,-1,full
stencil_t128_scheduler,185866,3377699720527873,ompt_thread_worker,33,0,0,0,18520015,162801524,5596531388,12525098598,0.446825,0.113758,32,-1,full
stencil_t128_scheduler,185867,3659174697238529,ompt_thread_worker,222,1,0,0,23634167,162545530,3924058960,12723964076,0.308399,0.145400,32,-1,full
stencil_t128_scheduler,185868,3940649673949185,ompt_thread_worker,233,1,0,0,25078497,163163551,3963377315,12714437363,0.311723,0.153702,32,-1,full
stencil_t128_scheduler,185869,4222124650659841,ompt_thread_worker,248,1,0,0,24578874,162741193,3422346003,12799591939,0.267379,0.151030,32,-1,full
stencil_t128_scheduler,185870,4503599627370497,ompt_thread_worker,174,0,0,0,20241240,162762078,5611689886,12528424011,0.447917,0.124361,32,-1,full
stencil_t128_scheduler,185871,4785074604081153,ompt_thread_worker,240,1,0,0,25433859,163461665,3575622331,12763275473,0.280149,0.155595,32,-1,full
stencil_t128_scheduler,185872,5066549580791809,ompt_thread_worker,190,0,0,0,13843861,162738752,6615128165,12404629592,0.533279,0.085068,32,-1,full
stencil_t128_scheduler,185873,5348024557502465,ompt_thread_worker,241,1,0,0,24243724,162703244,3528319929,12783484776,0.276006,0.149006,32,-1,full
stencil_t128_scheduler,185874,5629499534213121,ompt_thread_worker,242,1,0,0,21441861,162573422,3756650946,12759849564,0.294412,0.131890,32,-1,full
stencil_t128_scheduler,185875,5910974510923777,ompt_thread_worker,173,0,0,0,19333167,162657761,5649556597,12525483298,0.451045,0.118858,32,-1,full
stencil_t128_scheduler,185876,6192449487634433,ompt_thread_worker,99,1,0,0,25203480,163693824,3317671457,12773285703,0.259735,0.153967,32,-1,full
stencil_t128_scheduler,185877,6473924464345089,ompt_thread_worker,25,0,0,0,17816153,162667435,5863630596,12500790010,0.469061,0.109525,32,-1,full
stencil_t128_scheduler,185878,6755399441055745,ompt_thread_worker,72,1,0,0,21897900,162779220,4665679085,12643091096,0.369030,0.134525,32,-1,full
stencil_t128_scheduler,185879,7036874417766401,ompt_thread_worker,11,0,0,0,16973747,162690933,5355848383,12561208095,0.426380,0.104331,32,-1,full
stencil_t128_scheduler,185880,7318349394477057,ompt_thread_worker,57,0,0,0,15956370,162722828,5649935872,12519561128,0.451289,0.098059,32,-1,full
stencil_t128_scheduler,185881,7599824371187713,ompt_thread_worker,75,1,0,0,25505147,162867845,3691710875,12755883619,0.289412,0.156600,32,-1,full
stencil_t128_scheduler,185882,7881299347898369,ompt_thread_worker,48,0,0,0,16666253,162604430,6115166229,12466324280,0.490535,0.102496,32,-1,full
stencil_t128_scheduler,185883,8162774324609025,ompt_thread_worker,10,0,0,0,20499418,162509873,5290841510,12573042528,0.420808,0.126143,32,-1,full
stencil_t128_scheduler,185884,8444249301319681,ompt_thread_worker,253,1,0,0,25790952,163002474,3409087826,12793678947,0.266467,0.158224,32,-1,full
stencil_t128_scheduler,185885,8725724278030337,ompt_thread_worker,15,0,0,0,19230841,163007269,5300018857,12553011433,0.422211,0.117975,32,-1,full
stencil_t128_scheduler,185886,9007199254740993,ompt_thread_worker,221,1,0,0,26252365,164257385,3506773104,12752986345,0.274977,0.159825,32,-1,full
stencil_t128_scheduler,185887,9288674231451649,ompt_thread_worker,189,0,0,0,16668249,162957522,6795372206,12385227253,0.548668,0.102286,32,-1,full
stencil_t128_scheduler,185888,9570149208162305,ompt_thread_worker,76,1,0,0,27983473,163709655,3162006497,12808188373,0.246874,0.170934,32,-1,full
stencil_t128_scheduler,185889,9851624184872961,ompt_thread_worker,244,1,0,0,20836411,162585824,3739055134,12761999041,0.292983,0.128156,32,-1,full
stencil_t128_scheduler,185890,10133099161583617,ompt_thread_worker,229,1,0,0,22551296,162681066,4733826433,12636699328,0.374609,0.138623,32,-1,full
stencil_t128_scheduler,185891,10414574138294273,ompt_thread_worker,4,0,0,0,21623820,162491306,4888971895,12622191283,0.387331,0.133077,32,-1,full
stencil_t128_scheduler,185892,10696049115004929,ompt_thread_worker,133,0,0,0,23566348,162648185,4841755038,12623143597,0.383562,0.144892,32,-1,full
stencil_t128_scheduler,185893,10977524091715585,ompt_thread_worker,17,0,0,0,16275963,162747085,5660108269,12525455862,0.451888,0.100008,32,-1,full
stencil_t128_scheduler,185894,11258999068426241,ompt_thread_worker,34,0,0,0,22602961,162838954,4885642449,12616857516,0.387231,0.138806,32,-1,full
stencil_t128_scheduler,185895,11540474045136897,ompt_thread_worker,254,1,0,0,26907183,163148225,3417534751,12787152812,0.267263,0.164925,32,-1,full
stencil_t128_scheduler,185896,11821949021847553,ompt_thread_worker,97,1,0,0,22955657,162523495,4632583817,12645845519,0.366332,0.141245,32,-1,full
stencil_t128_scheduler,185897,12103423998558209,ompt_thread_worker,65,1,0,0,22173873,162546302,4416406016,12677055056,0.348378,0.136416,32,-1,full
stencil_t128_scheduler,185898,12384898975268865,ompt_thread_worker,80,1,0,0,22319350,162652495,4558477074,12653515113,0.360254,0.137221,32,-1,full
stencil_t128_scheduler,185899,12666373951979521,ompt_thread_worker,56,0,0,0,12881723,162538309,6233350906,12453812116,0.500518,0.079253,32,-1,full
stencil_t128_scheduler,185900,12947848928690177,ompt_thread_worker,16,0,0,0,17744898,162786989,5987040474,12486078225,0.479497,0.109007,32,-1,full
stencil_t128_scheduler,185901,13229323905400833,ompt_thread_worker,127,1,0,0,25718846,164170590,3228420130,12782225859,0.252571,0.156659,32,-1,full
stencil_t128_scheduler,185902,13510798882111489,ompt_thread_worker,175,0,0,0,19927200,162724867,5708110411,12517891865,0.455996,0.122459,32,-1,full
stencil_t128_scheduler,185903,13792273858822145,ompt_thread_worker,159,0,0,0,16560903,162850198,6296277760,12446440353,0.505870,0.101694,32,-1,full
stencil_t128_scheduler,185904,14073748835532801,ompt_thread_worker,26,0,0,0,17584511,162568000,5459116595,12541736612,0.435276,0.108167,32,-1,full
stencil_t128_scheduler,185905,14355223812243457,ompt_thread_worker,67,1,0,0,24057037,162547404,4410643701,12677682990,0.347906,0.148000,32,-1,full
stencil_t128_scheduler,185906,14636698788954113,ompt_thread_worker,58,0,0,0,20134148,162602723,5062587737,12590247688,0.402104,0.123824,32,-1,full
stencil_t128_scheduler,185907,14918173765664769,ompt_thread_worker,142,0,0,0,21570061,162590005,5255196169,12573215788,0.417968,0.132665,32,-1,full
stencil_t128_scheduler,185908,15199648742375425,ompt_thread_worker,118,1,0,0,25894854,163294439,3549320491,12760043246,0.278159,0.158578,32,-1,full
stencil_t128_scheduler,185909,15481123719086081,ompt_thread_worker,96,1,0,0,22623271,162751498,4601159978,12649104892,0.363754,0.139005,32,-1,full
stencil_t128_scheduler,185910,15762598695796737,ompt_thread_worker,64,1,0,0,23621726,163970227,3750485833,12719759985,0.294855,0.144061,32,-1,full
stencil_t128_scheduler,185911,16044073672507393,ompt_thread_worker,49,0,0,0,18395584,162817686,5627004129,12521769691,0.449378,0.112983,32,-1,full
stencil_t128_scheduler,185912,16325548649218049,ompt_thread_worker,213,1,0,0,25107417,162518974,4659269956,12642704804,0.368534,0.154489,32,-1,full
stencil_t128_scheduler,185913,16607023625928705,ompt_thread_worker,98,1,0,0,24171304,162740622,3748295922,12756606385,0.293832,0.148527,32,-1,full
stencil_t128_scheduler,185914,16888498602639361,ompt_thread_worker,231,1,0,0,22150077,162577180,4693118285,12640357894,0.371280,0.136243,32,-1,full
stencil_t128_scheduler,185915,17169973579350017,ompt_thread_worker,156,0,0,0,19112126,162607835,6161980395,12460491672,0.494521,0.117535,32,-1,full
stencil_t128_scheduler,185916,17451448556060673,ompt_thread_worker,1,0,0,0,22030776,162708826,4398706233,12682027164,0.346846,0.135400,32,-1,full
stencil_t128_scheduler,185917,17732923532771329,ompt_thread_worker,81,1,0,0,20966685,162727724,4634756293,12647480438,0.366457,0.128845,32,-1,full
stencil_t128_scheduler,185957,28991922601197569,ompt_thread_worker,86,1,0,0,20916426,161847821,4681206825,12637731424,0.370415,0.129235,32,-1,full
stencil_t128_scheduler,185950,27021597764222977,ompt_thread_worker,238,1,0,0,21432785,161907016,4176225594,12703730115,0.328740,0.132377,32,-1,full
stencil_t128_scheduler,185935,22799473113563137,ompt_thread_worker,89,1,0,0,24153348,161659264,3877582286,12741281322,0.304332,0.149409,32,-1,full
stencil_t128_scheduler,185943,25051272927248385,ompt_thread_worker,91,1,0,0,24817637,161645922,3846904879,12745848927,0.301816,0.153531,32,-1,full
stencil_t128_scheduler,185959,29554872554618881,ompt_thread_worker,78,1,0,0,22039946,161763908,4737709533,12629479058,0.375131,0.136248,32,-1,full
stencil_t128_scheduler,185956,28710447624486913,ompt_thread_worker,24,0,0,0,16176868,161848458,6056592664,12473184972,0.485569,0.099951,32,-1,full
stencil_t128_scheduler,185929,21110623253299201,ompt_thread_worker,88,1,0,0,27626965,162153043,3517613754,12770275454,0.275453,0.170376,32,-1,full
stencil_t128_scheduler,185938,23643898043695105,ompt_thread_worker,218,1,0,0,26528282,161944533,3578858564,12759663278,0.280482,0.163811,32,-1,full
stencil_t128_scheduler,185974,33776997205278721,ompt_thread_worker,128,0,1,0,25686717,162278185,3805451718,12719730130,0.299177,0.158288,31,23,full
stencil_t128_scheduler,185927,20266198323167233,ompt_thread_worker,84,1,0,0,26369905,163601475,3582849503,12733676638,0.281368,0.161184,32,-1,full
stencil_t128_scheduler,185953,27866022694354945,ompt_thread_worker,207,1,0,0,21839331,161645252,4783807264,12625498900,0.378900,0.135107,32,-1,full
stencil_t128_scheduler,185952,27584547717644289,ompt_thread_worker,73,1,0,0,20911903,161711119,4671480232,12640299237,0.369570,0.129316,32,-1,full
stencil_t128_scheduler,185931,21673573206720513,ompt_thread_worker,18,0,0,0,16928093,161734828,5609352847,12531389436,0.447624,0.104666,32,-1,full
stencil_t128_scheduler,185942,24769797950537729,ompt_thread_worker,42,0,0,0,19561165,161950209,5653510942,12527238428,0.451297,0.120785,32,-1,full
stencil_t128_scheduler,185924,19984723346456577,ompt_thread_worker,82,1,0,0,19953016,162664036,4639750409,12644587588,0.366936,0.122664,32,-1,full
stencil_t128_scheduler,185946,25895697857380353,ompt_thread_worker,93,1,0,0,26651746,162903231,3533325980,12745138199,0.277229,0.163605,32,-1,full
stencil_t128_scheduler,185962,30399297484750849,ompt_thread_worker,141,0,0,0,17386471,161815243,5306337899,12565517330,0.422294,0.107446,32,-1,full
stencil_t128_scheduler,185972,33214047251857409,ompt_thread_worker,140,0,0,0,21498159,227258354,5275703225,12570251990,0.419697,0.094598,32,-1,full
stencil_t128_scheduler,185979,35184372088832001,ompt_thread_worker,234,1,0,0,23988298,162926789,3968919422,12714907489,0.312147,0.147234,32,-1,full
stencil_t128_scheduler,185928,20829148276588545,ompt_thread_worker,235,1,0,0,25288050,162596722,4047526998,12719559910,0.318213,0.155526,32,-1,full
stencil_t128_scheduler,185941,24488322973827073,ompt_thread_worker,166,0,0,0,15961648,161840745,6344948638,12437552061,0.510144,0.098626,32,-1,full
stencil_t128_scheduler,185976,34339947158700033,ompt_thread_worker,164,0,0,0,15591790,161831932,6319843005,12441140303,0.507979,0.096346,32,-1,full
stencil_t128_scheduler,185958,29273397577908225,ompt_thread_worker,165,0,0,0,17076845,161705697,6376124970,12433404024,0.512822,0.105604,32,-1,full
stencil_t128_scheduler,185930,21392098230009857,ompt_thread_worker,167,0,0,0,15167576,161630229,6372803879,12436918849,0.512410,0.093841,32,-1,full
stencil_t128_scheduler,185965,31243722414882817,ompt_thread_worker,251,1,0,0,25641876,162029217,3418117236,12793617982,0.267174,0.158255,32,-1,full
stencil_t128_scheduler,185967,31806672368304129,ompt_thread_worker,204,1,0,0,24534853,162554349,4515340651,12636355834,0.357329,0.150933,32,-1,full
stencil_t128_scheduler,185980,35465847065542657,ompt_thread_worker,134,0,0,0,21632790,162013323,4838618373,12622683173,0.383327,0.133525,32,-1,full
stencil_t128_scheduler,185948,26458647810801665,ompt_thread_worker,7,0,0,0,23368435,162114739,4810199993,12622954156,0.381068,0.144148,32,-1,full
stencil_t128_scheduler,185954,28147497671065601,ompt_thread_worker,43,0,0,0,18570905,161695449,5476874896,12544323350,0.436602,0.114851,32,-1,full
stencil_t128_scheduler,185982,36028797018963969,ompt_thread_worker,2,0,0,0,22324756,161650884,4894877856,12622161371,0.387800,0.138105,32,-1,full
stencil_t128_scheduler,185920,18577348462903297,ompt_thread_worker,32,0,0,0,13783069,162530385,6118490717,12468300982,0.490724,0.084803,32,-1,full
stencil_t128_scheduler,185940,24206847997116417,ompt_thread_worker,66,1,0,0,23598097,161879664,4452000967,12674223895,0.351264,0.145776,32,-1,full
stencil_t128_scheduler,185971,32932572275146753,ompt_thread_worker,245,1,0,0,24709040,163317538,3907694196,12734467367,0.306860,0.151294,32,-1,full
stencil_t128_scheduler,185945,25614222880669697,ompt_thread_worker,106,1,0,0,27302072,162720948,3126085416,12809386226,0.244046,0.167785,32,-1,full
stencil_t128_scheduler,185921,18858823439613953,ompt_thread_worker,247,1,0,0,26521432,163032853,3449877208,12782857534,0.269883,0.162675,32,-1,full
stencil_t128_scheduler,185961,30117822508040193,ompt_thread_worker,50,0,1,0,24396426,162243048,3823721979,12714621019,0.300734,0.150370,31,23,full
stencil_t128_scheduler,185937,23080948090273793,ompt_thread_worker,230,1,0,0,24129593,161689236,4734435284,12634113146,0.374734,0.149234,32,-1,full
stencil_t128_scheduler,185947,26177172834091009,ompt_thread_worker,237,1,0,0,25388796,161924510,4205322568,12704859456,0.331001,0.156794,32,-1,full
stencil_t128_scheduler,185918,18014398509481985,ompt_thread_worker,199,1,0,0,24145538,162739456,4501383171,12664024300,0.355447,0.148369,32,-1,full
stencil_t128_scheduler,185955,28428972647776257,ompt_thread_worker,69,1,0,0,23421937,161911692,4519431179,12660652322,0.356967,0.144659,32,-1,full
stencil_t128_scheduler,185939,23925373020405761,ompt_thread_worker,198,1,0,0,25484359,161798428,4478943396,12664409603,0.353664,0.157507,32,-1,full
stencil_t128_scheduler,185969,32369622321725441,ompt_thread_worker,228,1,0,0,20592317,161758360,4604093833,12647628304,0.364028,0.127303,32,-1,full
stencil_t128_scheduler,185925,19703248369745921,ompt_thread_worker,74,1,0,0,20019797,162694141,4560990794,12662329232,0.360202,0.123052,32,-1,full
stencil_t128_scheduler,185951,27303072740933633,ompt_thread_worker,205,1,0,0,24879055,161653697,4711179879,12638424093,0.372766,0.153903,32,-1,full
stencil_t128_scheduler,185966,31525197391593473,ompt_thread_worker,188,0,0,0,14667605,161632216,6542531118,12410733543,0.527167,0.090747,32,-1,full
stencil_t128_scheduler,185922,19140298416324609,ompt_thread_worker,191,0,0,0,14059360,162512059,6638472850,12406346355,0.535087,0.086513,32,-1,full
stencil_t128_scheduler,185977,34621422135410689,ompt_thread_worker,212,1,0,0,24000052,162403448,4561037532,12641007184,0.360813,0.147780,32,-1,full
stencil_t128_scheduler,185923,19421773393035265,ompt_thread_worker,215,1,0,0,22859968,162753210,4677329069,12645627541,0.369877,0.140458,32,-1,full
stencil_t128_scheduler,185968,32088147345014785,ompt_thread_worker,172,0,0,0,18257381,161713153,5686370402,12518937446,0.454221,0.112900,32,-1,full
stencil_t128_scheduler,185926,20547673299877889,ompt_thread_worker,151,0,0,0,17568975,162685514,6146622257,12470415082,0.492896,0.107993,32,-1,full
stencil_t128_scheduler,185978,34902897112121345,ompt_thread_worker,148,0,0,0,16254578,161782663,6061976185,12478415840,0.485797,0.100472,32,-1,full
stencil_t128_scheduler,185933,22236523160141825,ompt_thread_worker,249,1,0,0,24681746,161944518,3541866091,12784767198,0.277038,0.152409,32,-1,full
stencil_t128_scheduler,185934,22517998136852481,ompt_thread_worker,41,0,0,0,17203055,161777790,5646814041,12527099555,0.450768,0.106338,32,-1,full
stencil_t128_scheduler,185970,32651097298436097,ompt_thread_worker,180,0,0,0,15304054,161927330,6501150255,12416931378,0.523571,0.094512,32,-1,full
stencil_t128_scheduler,185944,25332747903959041,ompt_thread_worker,182,0,0,0,12879671,161697878,6602429522,12407757547,0.532121,0.079653,32,-1,full
stencil_t128_scheduler,185932,21955048183431169,ompt_thread_worker,183,0,0,0,16698054,161855810,6597921106,12410130990,0.531656,0.103166,32,-1,full
stencil_t128_scheduler,185960,29836347531329537,ompt_thread_worker,181,0,0,0,17018696,161705039,6541387630,12410719861,0.527076,0.105245,32,-1,full
stencil_t128_scheduler,185963,30680772461461505,ompt_thread_worker,236,1,0,0,22090646,161842533,4177882511,12706855290,0.328790,0.136495,32,-1,full
stencil_t128_scheduler,185936,23362423066984449,ompt_thread_worker,150,0,0,0,16675682,161664466,6014790814,12482115409,0.481873,0.103150,32,-1,full
stencil_t128_scheduler,185964,30962247438172161,ompt_thread_worker,149,0,0,0,15138341,161833043,6066629833,12474662712,0.486316,0.093543,32,-1,full
stencil_t128_scheduler,185949,26740122787512321,ompt_thread_worker,250,1,0,0,26585638,162024645,3373236369,12805108233,0.263429,0.164084,32,-1,full
stencil_t128_scheduler,185975,34058472181989377,ompt_thread_worker,220,1,0,0,26543305,162130231,3575979452,12757363549,0.280307,0.163716,32,-1,full
stencil_t128_scheduler,185919,18295873486192641,ompt_thread_worker,223,1,0,0,25380216,162637312,3982726107,12722290993,0.313051,0.156054,32,-1,full
stencil_t128_scheduler,185981,35747322042253313,ompt_thread_worker,252,1,0,0,26861460,162009503,3396408493,12801769935,0.265308,0.165802,32,-1,full
stencil_t128_scheduler,185973,33495522228568065,ompt_thread_worker,196,1,0,0,25394765,162917383,4252061078,12669108247,0.335624,0.155875,32,-1,full
spmv_static_t128_scheduler,185989,281474976710657,ompt_thread_initial,255,1,0,0,18876332,132148691,4386253096,11490376566,0.381733,0.142842,29,-1,full
spmv_static_t128_scheduler,185991,562949953421313,ompt_thread_worker,3,0,1,0,19529200,122668307,5302830622,11430278510,0.463928,0.159203,28,1012,full
spmv_static_t128_scheduler,185992,844424930131969,ompt_thread_worker,165,0,0,0,18356686,123721456,5212525058,11454098274,0.455079,0.148371,29,-1,full
spmv_static_t128_scheduler,185993,1125899906842625,ompt_thread_worker,32,0,1,0,18693550,138451656,4234164693,11556420914,0.366391,0.135019,28,996,full
spmv_static_t128_scheduler,185994,1407374883553281,ompt_thread_worker,10,0,0,0,19628348,130208940,4099479115,11591385038,0.353666,0.150745,29,-1,full
spmv_static_t128_scheduler,185995,1688849860263937,ompt_thread_worker,151,0,0,0,19372711,130105494,4460777852,11534469543,0.386735,0.148900,29,-1,full
spmv_static_t128_scheduler,185996,1970324836974593,ompt_thread_worker,72,1,0,0,19304479,121453957,5806559441,11372295253,0.510588,0.158945,29,-1,full
spmv_static_t128_scheduler,185997,2251799813685249,ompt_thread_worker,190,0,0,0,19208597,122752789,5929526527,11362293865,0.521860,0.156482,29,-1,full
spmv_static_t128_scheduler,185998,2533274790395905,ompt_thread_worker,191,0,0,0,18907797,119279096,6107355022,11335474843,0.538782,0.158517,29,-1,full
spmv_static_t128_scheduler,185999,2814749767106561,ompt_thread_worker,21,0,0,0,19321706,130667318,4458239356,11536502770,0.386446,0.147869,29,-1,full
spmv_static_t128_scheduler,186000,3096224743817217,ompt_thread_worker,133,0,1,0,18331234,124390125,3935561058,11529471308,0.341348,0.147369,28,990,full
spmv_static_t128_scheduler,186001,3377699720527873,ompt_thread_worker,11,0,0,0,18181328,126874078,4071549447,11586995996,0.351390,0.143302,29,-1,full
spmv_static_t128_scheduler,186002,3659174697238529,ompt_thread_worker,57,0,0,0,18648848,117567160,5682638195,11384499502,0.499156,0.158623,29,-1,full
spmv_static_t128_scheduler,186003,3940649673949185,ompt_thread_worker,26,0,1,0,18112031,123815134,4632177788,11495082826,0.402970,0.146283,28,993,full
spmv_static_t128_scheduler,186004,4222124650659841,ompt_thread_worker,29,0,1,0,18648590,121545027,4348397513,11541483892,0.376762,0.153429,28,993,full
spmv_static_t128_scheduler,186005,4503599627370497,ompt_thread_worker,50,0,1,0,18738224,138110190,4179039248,11567505964,0.361274,0.135676,28,989,full
spmv_static_t128_scheduler,186006,4785074604081153,ompt_thread_worker,35,0,1,0,19046269,123670967,4618265506,11469689842,0.402650,0.154008,28,992,full
spmv_static_t128_scheduler,186007,5066549580791809,ompt_thread_worker,75,1,1,0,19789769,125470788,4628169129,11522781421,0.401654,0.157724,28,1001,full
spmv_static_t128_scheduler,186008,5348024557502465,ompt_thread_worker,192,1,1,0,19562818,130798943,3567589354,11640436315,0.306482,0.149564,28,1011,full
spmv_static_t128_scheduler,186009,5629499534213121,ompt_thread_worker,95,1,0,0,18551113,144260935,3436780175,11646114305,0.295101,0.128594,29,-1,full
spmv_static_t128_scheduler,186010,5910974510923777,ompt_thread_worker,194,1,1,0,19725647,133533110,4084703256,11585286358,0.352577,0.147721,28,995,full
spmv_static_t128_scheduler,186011,6192449487634433,ompt_thread_worker,42,0,0,0,19294392,122593588,5351247132,11437780155,0.467857,0.157385,29,-1,full
spmv_static_t128_scheduler,186012,6473924464345089,ompt_thread_worker,96,1,1,0,19494489,119901490,4438605149,11535173641,0.384789,0.162588,28,1005,full
spmv_static_t128_scheduler,186013,6755399441055745,ompt_thread_worker,79,1,1,0,19449087,125554919,4400099696,11546105529,0.381090,0.154905,28,1008,full
spmv_static_t128_scheduler,186014,7036874417766401,ompt_thread_worker,77,1,1,0,19354217,126757163,4129978582,11550765958,0.357550,0.152687,28,997,full
spmv_static_t128_scheduler,186015,7318349394477057,ompt_thread_worker,103,1,1,0,19596371,121926581,4915482804,11480952984,0.428142,0.160723,28,1006,full
spmv_static_t128_scheduler,186016,7599824371187713,ompt_thread_worker,113,1,0,0,19578382,123498670,5103138325,11465501811,0.445086,0.158531,29,-1,full
spmv_static_t128_scheduler,186017,7881299347898369,ompt_thread_worker,19,0,0,0,19782026,124830263,4608204134,11527086668,0.399772,0.158471,29,-1,full
spmv_static_t128_scheduler,186018,8162774324609025,ompt_thread_worker,182,0,0,0,19255271,120356522,5611361861,11402604466,0.492112,0.159985,29,-1,full
spmv_static_t128_scheduler,186019,8444249301319681,ompt_thread_worker,59,0,1,0,19331394,121726170,5123373495,11456283137,0.447211,0.158811,28,992,full
spmv_static_t128_scheduler,186020,8725724278030337,ompt_thread_worker,41,0,1,0,18916038,121868668,4575324876,11509218502,0.397536,0.155217,28,995,full
spmv_static_t128_scheduler,186021,9007199254740993,ompt_thread_worker,117,1,1,0,20024419,128121651,4564691430,11516274040,0.396369,0.156292,28,1001,full
spmv_static_t128_scheduler,186022,9288674231451649,ompt_thread_worker,197,1,0,0,19346340,123195025,4015623441,11591877729,0.346417,0.157038,29,-1,full
spmv_static_t128_scheduler,186023,9570149208162305,ompt_thread_worker,14,0,0,0,18676830,135485755,3684624133,11615718931,0.317210,0.137851,29,-1,full
spmv_static_t128_scheduler,186024,9851624184872961,ompt_thread_worker,40,0,0,0,18736027,119745324,5807057042,11376130319,0.510460,0.156466,29,-1,full
spmv_static_t128_scheduler,186025,10133099161583617,ompt_thread_worker,128,0,1,0,19117590,137218992,3842519711,11602044900,0.331193,0.139322,28,1003,full
spmv_static_t128_scheduler,186026,10414574138294273,ompt_thread_worker,7,0,0,0,18604173,125259785,4273051159,11577386326,0.369086,0.148525,29,-1,full
spmv_static_t128_scheduler,186027,10696049115004929,ompt_thread_worker,130,0,0,0,17644032,131320538,4013628343,11591060512,0.346269,0.134359,29,-1,full
spmv_static_t128_scheduler,186028,10977524091715585,ompt_thread_worker,58,0,0,0,18830991,136601388,3993741601,11591764304,0.344533,0.137854,29,-1,full
spmv_static_t128_scheduler,186029,11258999068426241,ompt_thread_worker,27,0,0,0,20066119,128605218,4211507109,11575859590,0.363818,0.156029,29,-1,full
spmv_static_t128_scheduler,186030,11540474045136897,ompt_thread_worker,120,1,1,0,19674006,122974399,5481246745,11417755011,0.480063,0.159985,28,1011,full
spmv_static_t128_scheduler,186031,11821949021847553,ompt_thread_worker,145,0,0,0,18660072,119632688,4848799867,11492585307,0.421907,0.155978,29,-1,full
spmv_static_t128_scheduler,186032,12103423998558209,ompt_thread_worker,144,0,0,0,18532427,120081254,4894384866,11481240611,0.426294,0.154332,29,-1,full
spmv_static_t128_scheduler,186033,12384898975268865,ompt_thread_worker,33,0,0,0,19009110,121666957,4961386628,11478802690,0.432222,0.156239,29,-1,full
spmv_static_t128_scheduler,186034,12666373951979521,ompt_thread_worker,80,1,1,0,19676929,118955919,4818134826,11485501358,0.419497,0.165414,28,996,full
spmv_static_t128_scheduler,186035,12947848928690177,ompt_thread_worker,193,1,1,0,18547355,126998572,3465882987,11609058849,0.298550,0.146044,28,992,full
spmv_static_t128_scheduler,186036,13229323905400833,ompt_thread_worker,123,1,1,0,18196109,129864854,4651395342,11502250629,0.404390,0.140116,28,989,full
spmv_static_t128_scheduler,186037,13510798882111489,ompt_thread_worker,254,1,0,0,18034008,120048038,4797813116,11494870474,0.417387,0.150223,29,-1,full
spmv_static_t128_scheduler,186038,13792273858822145,ompt_thread_worker,8,0,0,0,19751709,131734647,3958989471,11602651379,0.341214,0.149936,29,-1,full
spmv_static_t128_scheduler,186039,14073748835532801,ompt_thread_worker,166,0,0,0,18178397,125222546,5110671854,11471649625,0.445505,0.145169,29,-1,full
spmv_static_t128_scheduler,186040,14355223812243457,ompt_thread_worker,150,0,0,0,18781934,123161120,4671471501,11523675705,0.405380,0.152499,29,-1,full
spmv_static_t128_scheduler,186041,14636698788954113,ompt_thread_worker,119,1,0,0,19030625,140432737,3312679232,11678642870,0.283653,0.135514,29,-1,full
spmv_static_t128_scheduler,186042,14918173765664769,ompt_thread_worker,88,1,0,0,17909327,128348478,4052248927,11581009047,0.349905,0.139537,29,-1,full
spmv_static_t128_scheduler,186043,15199648742375425,ompt_thread_worker,90,1,0,0,18002054,120728638,4336156216,11548623472,0.375470,0.149112,29,-1,full
spmv_static_t128_scheduler,186044,15481123719086081,ompt_thread_worker,73,1,0,0,18398543,123054027,5557021291,11406689564,0.487172,0.149516,29,-1,full
spmv_static_t128_scheduler,186045,15762598695796737,ompt_thread_worker,89,1,0,0,19480315,126029134,4149720857,11584780181,0.358205,0.154570,29,-1,full
spmv_static_t128_scheduler,186046,16044073672507393,ompt_thread_worker,129,0,1,0,19575424,130468080,4434898198,11545910825,0.384110,0.150040,28,1005,full
spmv_static_t128_scheduler,186047,16325548649218049,ompt_thread_worker,132,0,1,0,19469655,138444487,4264960286,11560602509,0.368922,0.140631,28,993,full
spmv_static_t128_scheduler,186048,16607023625928705,ompt_thread_worker,180,0,0,0,20058552,126053215,5582007540,11414610563,0.489023,0.159128,29,-1,full
spmv_static_t128_scheduler,186049,16888498602639361,ompt_thread_worker,253,1,0,0,18195718,127625889,4804146366,11503942082,0.417609,0.142571,29,-1,full
spmv_static_t128_scheduler,186050,17169973579350017,ompt_thread_worker,196,1,0,0,17995610,130193719,3901817365,11611887875,0.336019,0.138222,29,-1,full
spmv_static_t128_scheduler,186052,17451448556060673,ompt_thread_worker,124,1,0,0,19832458,136199427,4354963230,11551326809,0.377010,0.145613,29,-1,full
spmv_static_t128_scheduler,186051,17732923532771329,ompt_thread_worker,70,1,1,0,18740717,125944706,4255545221,11528708071,0.369126,0.148801,28,992,full
spmv_static_t128_scheduler,186083,26458647810801665,ompt_thread_worker,102,1,1,0,19676299,131255044,3737259226,11622262227,0.321560,0.149909,28,1004,full
spmv_static_t128_scheduler,186099,30962247438172161,ompt_thread_worker,118,1,1,0,19813829,123874309,4576453086,11523023495,0.397157,0.159951,28,1005,full
spmv_static_t128_scheduler,186055,18577348462903297,ompt_thread_worker,232,1,0,0,19248168,136451397,4124255122,11584985727,0.356000,0.141062,29,-1,full
spmv_static_t128_scheduler,186081,25895697857380353,ompt_thread_worker,106,1,0,0,18967730,128271302,4137896282,11586122613,0.357142,0.147872,29,-1,full
spmv_static_t128_scheduler,186105,32651097298436097,ompt_thread_worker,112,1,0,0,18511578,118908035,5099269460,11452362557,0.445259,0.155680,29,-1,full
spmv_static_t128_scheduler,186089,28147497671065601,ompt_thread_worker,111,1,0,0,18653643,153934201,3342312865,11661186582,0.286619,0.121179,29,-1,full
spmv_static_t128_scheduler,186066,21673573206720513,ompt_thread_worker,46,0,1,0,19420893,130235631,5556825290,11397139693,0.487563,0.149121,28,993,full
spmv_static_t128_scheduler,186079,25332747903959041,ompt_thread_worker,105,1,0,0,18261804,122700993,4102936151,11580522024,0.354296,0.148832,29,-1,full
spmv_static_t128_scheduler,186103,32088147345014785,ompt_thread_worker,188,0,0,0,18420896,122576065,5769162531,11383713921,0.506791,0.150281,29,-1,full
spmv_static_t128_scheduler,186093,29273397577908225,ompt_thread_worker,83,1,0,0,19956047,128207167,4286711452,11570977938,0.370471,0.155655,29,-1,full
spmv_static_t128_scheduler,186063,20829148276588545,ompt_thread_worker,167,0,0,0,19922448,126654641,5091534127,11479814630,0.443521,0.157297,29,-1,full
spmv_static_t128_scheduler,186075,24206847997116417,ompt_thread_worker,82,1,0,0,19754916,125400976,4542219915,11530576827,0.393928,0.157534,29,-1,full
spmv_static_t128_scheduler,186109,33776997205278721,ompt_thread_worker,164,0,0,0,18491380,125556638,4875479783,11478709976,0.424741,0.147275,29,-1,full
spmv_static_t128_scheduler,186094,29554872554618881,ompt_thread_worker,86,1,0,0,19006379,141699695,3797653755,11617116813,0.326902,0.134131,29,-1,full
spmv_static_t128_scheduler,186078,25051272927248385,ompt_thread_worker,98,1,0,0,18110709,122229643,5401243468,11424067048,0.472795,0.148170,29,-1,full
spmv_static_t128_scheduler,186112,34621422135410689,ompt_thread_worker,43,0,1,0,18573862,119534735,5098044988,11448769577,0.445292,0.155385,28,993,full
spmv_static_t128_scheduler,186060,19703248369745921,ompt_thread_worker,159,0,0,0,19411258,135043029,4423722319,11556010027,0.382807,0.143741,29,-1,full
spmv_static_t128_scheduler,186073,23643898043695105,ompt_thread_worker,158,0,0,0,19575227,127567865,4553459626,11537242704,0.394675,0.153450,29,-1,full
spmv_static_t128_scheduler,186111,34339947158700033,ompt_thread_worker,156,0,0,0,18152573,123320408,4376523780,11538498630,0.379298,0.147198,29,-1,full
spmv_static_t128_scheduler,186067,21955048183431169,ompt_thread_worker,183,0,0,0,17595872,124571387,5601434441,11411042294,0.490878,0.141251,29,-1,full
spmv_static_t128_scheduler,186064,21110623253299201,ompt_thread_worker,91,1,0,0,19750597,127307417,4168261092,11585906165,0.359770,0.155141,29,-1,full
spmv_static_t128_scheduler,186056,18858823439613953,ompt_thread_worker,107,1,0,0,18229176,129322001,4358103401,11562472697,0.376918,0.140960,29,-1,full
spmv_static_t128_scheduler,186095,29836347531329537,ompt_thread_worker,71,1,1,0,19391949,143694203,3351317176,11602306158,0.288849,0.134953,28,994,full
spmv_static_t128_scheduler,186115,35465847065542657,ompt_thread_worker,84,1,1,0,19633029,120450451,4495055814,11536589639,0.389635,0.162997,28,1003,full
spmv_static_t128_scheduler,186088,27866022694354945,ompt_thread_worker,221,1,0,0,19297140,144836920,3465414995,11649235010,0.297480,0.133234,29,-1,full
spmv_static_t128_scheduler,186090,28428972647776257,ompt_thread_worker,213,1,0,0,19163092,144906456,3693104999,11622973260,0.317742,0.132245,29,-1,full
spmv_static_t128_scheduler,186110,34058472181989377,ompt_thread_worker,179,0,1,0,19101115,121456465,4769308435,11489956090,0.415085,0.157267,28,995,full
spmv_static_t128_scheduler,186058,19421773393035265,ompt_thread_worker,215,1,0,0,18909929,128281658,4290535471,11574971986,0.370674,0.147409,29,-1,full
spmv_static_t128_scheduler,186113,34902897112121345,ompt_thread_worker,140,0,0,0,18849606,127156081,4012110047,11590676651,0.346150,0.148240,29,-1,full
spmv_static_t128_scheduler,186061,20266198323167233,ompt_thread_worker,199,1,0,0,20861104,148287722,3343515244,11693590940,0.285927,0.140680,29,-1,full
spmv_static_t128_scheduler,186091,28710447624486913,ompt_thread_worker,114,1,1,0,19894246,122506950,5349206720,11435278152,0.467781,0.162393,28,993,full
spmv_static_t128_scheduler,186092,28991922601197569,ompt_thread_worker,229,1,0,0,19719950,122958948,5307776937,11435178711,0.464162,0.160378,29,-1,full
spmv_static_t128_scheduler,186053,18014398509481985,ompt_thread_worker,148,0,1,0,20287182,128460385,5495064944,11422037749,0.481093,0.157926,28,1003,full
spmv_static_t128_scheduler,186096,30117822508040193,ompt_thread_worker,56,0,1,0,19876574,125433892,5622930967,11400747684,0.493207,0.158463,28,994,full
spmv_static_t128_scheduler,186080,25614222880669697,ompt_thread_worker,206,1,0,0,19132906,123535494,5847902992,11369921442,0.514331,0.154878,29,-1,full
spmv_static_t128_scheduler,186054,18295873486192641,ompt_thread_worker,239,1,0,0,19184329,159614875,3410737810,11662573309,0.292452,0.120191,29,-1,full
spmv_static_t128_scheduler,186070,22799473113563137,ompt_thread_worker,238,1,0,0,18835648,131185291,4204861794,11580213503,0.363107,0.143580,29,-1,full
spmv_static_t128_scheduler,186068,22236523160141825,ompt_thread_worker,13,0,1,0,20028688,132673555,4246688570,11567108596,0.367135,0.150962,28,1009,full
spmv_static_t128_scheduler,186102,31806672368304129,ompt_thread_worker,24,0,1,0,20140948,126628449,4987033690,11478368075,0.434472,0.159055,28,1000,full
spmv_static_t128_scheduler,186072,23362423066984449,ompt_thread_worker,222,1,0,0,18134398,125681175,4181585470,11579190794,0.361129,0.144289,29,-1,full
spmv_static_t128_scheduler,186062,20547673299877889,ompt_thread_worker,25,0,1,0,20693910,131134677,4196017245,11585544325,0.362177,0.157807,28,1007,full
spmv_static_t128_scheduler,186076,24488322973827073,ompt_thread_worker,81,1,0,0,19124117,122998593,4490504184,11535023258,0.389293,0.155482,29,-1,full
spmv_static_t128_scheduler,186104,32369622321725441,ompt_thread_worker,228,1,0,0,18439992,120764209,5263136527,11431113543,0.460422,0.152694,29,-1,full
spmv_static_t128_scheduler,186087,27584547717644289,ompt_thread_worker,74,1,1,0,19211152,121471902,5486787463,11402015326,0.481212,0.158153,28,996,full
spmv_static_t128_scheduler,186077,24769797950537729,ompt_thread_worker,99,1,1,0,18538395,130782555,4606493180,11414362919,0.403570,0.141750,28,989,full
spmv_static_t128_scheduler,186107,33214047251857409,ompt_thread_worker,195,1,1,0,19055030,133097190,3909739358,11555380738,0.338348,0.143166,28,996,full
spmv_static_t128_scheduler,186065,21392098230009857,ompt_thread_worker,175,0,0,0,19546801,128146548,5962683535,11372704577,0.524298,0.152535,29,-1,full
spmv_static_t128_scheduler,186085,27021597764222977,ompt_thread_worker,97,1,1,0,18528972,124195920,4736422421,11451172734,0.413619,0.149191,28,991,full
spmv_static_t128_scheduler,186069,22517998136852481,ompt_thread_worker,49,0,0,0,20258643,139388097,4312357261,11570997490,0.372687,0.145340,29,-1,full
spmv_static_t128_scheduler,186117,36028797018963969,ompt_thread_worker,6,0,0,0,19185787,121040958,4050088424,11591660526,0.349397,0.158507,29,-1,full
spmv_static_t128_scheduler,186074,23925373020405761,ompt_thread_worker,9,0,1,0,20338232,128876684,4424924003,11547352480,0.383198,0.157812,28,1008,full
spmv_static_t128_scheduler,186106,32932572275146753,ompt_thread_worker,236,1,0,0,18697237,118463302,4129742692,11574003679,0.356812,0.157831,29,-1,full
spmv_static_t128_scheduler,186086,27303072740933633,ompt_thread_worker,237,1,0,0,18327242,125344599,4205805363,11573359253,0.363404,0.146215,29,-1,full
spmv_static_t128_scheduler,186101,31525197391593473,ompt_thread_worker,44,0,0,0,19441959,124938515,4263141770,11570247351,0.368457,0.155612,29,-1,full
spmv_static_t128_scheduler,186114,35184372088832001,ompt_thread_worker,0,0,1,0,19148314,120349743,5799436654,11368262566,0.510143,0.159106,29,1013,full
spmv_static_t128_scheduler,186082,26177172834091009,ompt_thread_worker,116,1,0,0,19768553,125904659,5045706904,11477300632,0.439625,0.157012,29,-1,full
spmv_static_t128_scheduler,186100,31243722414882817,ompt_thread_worker,53,0,1,0,19501005,122994347,4306487220,11556094171,0.372659,0.158552,28,1007,full
spmv_static_t128_scheduler,186097,30399297484750849,ompt_thread_worker,85,1,1,0,20156501,131822292,3851928944,11609303594,0.331797,0.152907,28,1010,full
spmv_static_t128_scheduler,186059,19984723346456577,ompt_thread_worker,143,0,0,0,19464658,147692546,3681406011,11642071462,0.316216,0.131792,29,-1,full
spmv_static_t128_scheduler,186098,30680772461461505,ompt_thread_worker,247,1,0,0,19203546,125697554,5102136008,11459104441,0.445247,0.152776,29,-1,full
spmv_static_t128_scheduler,186071,23080948090273793,ompt_thread_worker,92,1,1,0,20343383,147109516,3262739943,11657049220,0.279894,0.138287,28,1004,full
spmv_static_t128_scheduler,186057,19140298416324609,ompt_thread_worker,115,1,1,0,20456795,134347824,4672610955,11524199415,0.405461,0.152267,28,996,full
spmv_static_t128_scheduler,186108,33495522228568065,ompt_thread_worker,220,1,0,0,19391460,134127726,3746201102,11620213781,0.322387,0.144575,29,-1,full
spmv_static_t128_scheduler,186116,35747322042253313,ompt_thread_worker,146,0,1,0,19892043,122204270,4466831821,11543620438,0.386952,0.162777,28,1003,full
spmv_static_t128_scheduler,186084,26740122787512321,ompt_thread_worker,249,1,0,0,17953208,125247026,4661686259,11526387386,0.404436,0.143342,29,-1,full
