0.100126246,137551,,rD044,94736737,100.00,,
0.100126246,930529,,rFF44,94742747,100.00,,
0.100126246,1448096473,,instructions,94747607,100.00,4.12,insn per cycle
0.100126246,351420695,,cycles,94752007,100.00,,
0.200395924,105203,,rD044,100216205,100.00,,
0.200395924,713948,,rFF44,100216035,100.00,,
0.200395924,1668884964,,instructions,100216175,100.00,4.44,insn per cycle
0.200395924,375765265,,cycles,100216685,100.00,,
0.300609061,109664,,rD044,100164015,100.00,,
0.300609061,691400,,rFF44,100164005,100.00,,
0.300609061,1670033246,,instructions,100164325,100.00,4.45,insn per cycle
0.300609061,375568453,,cycles,100163675,100.00,,
0.400821638,110750,,rD044,100162964,100.00,,
0.400821638,704167,,rFF44,100163114,100.00,,
0.400821638,1664807617,,instructions,100162384,100.00,4.43,insn per cycle
0.400821638,375564434,,cycles,100163054,100.00,,
0.501030936,103477,,rD044,100161715,100.00,,
0.501030936,676650,,rFF44,100161145,100.00,,
0.501030936,1667319919,,instructions,100161415,100.00,4.44,insn per cycle
0.501030936,375560298,,cycles,100161725,100.00,,
0.601240703,114524,,rD044,100152174,100.00,,
0.601240703,687422,,rFF44,100152334,100.00,,
0.601240703,1667823508,,instructions,100152664,100.00,4.44,insn per cycle
0.601240703,375510994,,cycles,100151824,100.00,,
0.701451660,112831,,rD044,100157784,100.00,,
0.701451660,718426,,rFF44,100158134,100.00,,
0.701451660,1668778835,,instructions,100158154,100.00,4.44,insn per cycle
0.701451660,375542644,,cycles,100158484,100.00,,
0.801662637,105239,,rD044,100126955,100.00,,
0.801662637,712499,,rFF44,100126635,100.00,,
0.801662637,1665627384,,instructions,100126225,100.00,4.44,insn per cycle
0.801662637,375408504,,cycles,100126735,100.00,,
0.901871704,116960,,rD044,100166434,100.00,,
0.901871704,703837,,rFF44,100167484,100.00,,
0.901871704,1666057136,,instructions,100167494,100.00,4.44,insn per cycle
0.901871704,375591393,,cycles,100167694,100.00,,
1.002100112,110320,,rD044,100182115,100.00,,
1.002100112,732622,,rFF44,100181185,100.00,,
1.002100112,1672447228,,instructions,100180915,100.00,4.45,insn per cycle
1.002100112,375627948,,cycles,100180045,100.00,,
1.102308239,106632,,rD044,100046754,100.00,,
1.102308239,700364,,rFF44,100047734,100.00,,
1.102308239,1658055974,,instructions,100048194,100.00,4.42,insn per cycle
1.102308239,375111198,,cycles,100048534,100.00,,
1.202518376,84104,,rD044,100160285,100.00,,
1.202518376,672390,,rFF44,100159115,100.00,,
1.202518376,1664819168,,instructions,100158695,100.00,4.43,insn per cycle
1.202518376,375543916,,cycles,100158585,100.00,,
1.302728773,106226,,rD044,100159465,100.00,,
1.302728773,729379,,rFF44,100159985,100.00,,
1.302728773,1666310880,,instructions,100160045,100.00,4.44,insn per cycle
1.302728773,375553389,,cycles,100160095,100.00,,
1.402991901,112048,,rD044,100217375,100.00,,
1.402991901,698033,,rFF44,100217905,100.00,,
1.402991901,1657109488,,instructions,100218915,100.00,4.41,insn per cycle
1.402991901,375775711,,cycles,100219635,100.00,,
1.503203678,115754,,rD044,100164614,100.00,,
1.503203678,712356,,rFF44,100164535,100.00,,
1.503203678,1643819657,,instructions,100164255,100.00,4.38,insn per cycle
1.503203678,375566306,,cycles,100163295,100.00,,
1.603412456,103761,,rD044,100147835,100.00,,
1.603412456,722496,,rFF44,100148114,100.00,,
1.603412456,1659677139,,instructions,100147494,100.00,4.42,insn per cycle
1.603412456,375484134,,cycles,100147864,100.00,,
1.703623033,117636,,rD044,100162005,100.00,,
1.703623033,670743,,rFF44,100160575,100.00,,
1.703623033,1657170469,,instructions,100161125,100.00,4.41,insn per cycle
1.703623033,375551767,,cycles,100160475,100.00,,
1.803835870,106902,,rD044,100136505,100.00,,
1.803835870,727330,,rFF44,100137065,100.00,,
1.803835870,1664503091,,instructions,100136895,100.00,4.43,insn per cycle
1.803835870,375443543,,cycles,100136895,100.00,,
1.904046027,99285,,rD044,100168735,100.00,,
1.904046027,717103,,rFF44,100169265,100.00,,
1.904046027,1648338406,,instructions,100168275,100.00,4.39,insn per cycle
1.904046027,375595448,,cycles,100168755,100.00,,
2.004255894,114080,,rD044,100163464,100.00,,
2.004255894,709492,,rFF44,100164095,100.00,,
2.004255894,1654063581,,instructions,100164915,100.00,4.40,insn per cycle
2.004255894,375570070,,cycles,100164835,100.00,,
2.104513812,100527,,rD044,100083165,100.00,,
2.104513812,734224,,rFF44,100082475,100.00,,
2.104513812,1655646373,,instructions,100082885,100.00,4.41,insn per cycle
2.104513812,375246303,,cycles,100082205,100.00,,
2.204726369,103992,,rD044,100161275,100.00,,
2.204726369,698059,,rFF44,100161314,100.00,,
2.204726369,1666786399,,instructions,100160774,100.00,4.44,insn per cycle
2.204726369,375555038,,cycles,100162394,100.00,,
2.304959477,82720,,rD044,100186374,100.00,,
2.304959477,677845,,rFF44,100186864,100.00,,
2.304959477,1665234765,,instructions,100186924,100.00,4.43,insn per cycle
2.304959477,375650016,,cycles,100185884,100.00,,
2.405169924,99117,,rD044,100164394,100.00,,
2.405169924,729442,,rFF44,100163254,100.00,,
2.405169924,1650084942,,instructions,100163054,100.00,4.39,insn per cycle
2.405169924,375567719,,cycles,100163824,100.00,,
2.505380241,106891,,rD044,100162695,100.00,,
2.505380241,701466,,rFF44,100162785,100.00,,
2.505380241,1657085498,,instructions,100163555,100.00,4.41,insn per cycle
2.505380241,375565191,,cycles,100162995,100.00,,
2.605590258,109305,,rD044,100150905,100.00,,
2.605590258,722066,,rFF44,100151265,100.00,,
2.605590258,1661312065,,instructions,100150565,100.00,4.42,insn per cycle
2.605590258,375494485,,cycles,100150035,100.00,,
2.705798476,99362,,rD044,100160673,100.00,,
2.705798476,712708,,rFF44,100159933,100.00,,
2.705798476,1666988347,,instructions,100161303,100.00,4.44,insn per cycle
2.705798476,375557664,,cycles,100162213,100.00,,
2.806011593,108773,,rD044,100137064,100.00,,
2.806011593,668477,,rFF44,100137274,100.00,,
2.806011593,1666380489,,instructions,100136574,100.00,4.44,insn per cycle
2.806011593,375449165,,cycles,100136284,100.00,,
2.906221880,103100,,rD044,100166635,100.00,,
2.906221880,724314,,rFF44,100166395,100.00,,
2.906221880,1679377217,,instructions,100165775,100.00,4.47,insn per cycle
2.906221880,375581031,,cycles,100166285,100.00,,
3.006431197,103414,,rD044,100158424,100.00,,
3.006431197,704385,,rFF44,100158294,100.00,,
3.006431197,1685467960,,instructions,100158044,100.00,4.49,insn per cycle
3.006431197,375543448,,cycles,100157274,100.00,,
3.106638744,111398,,rD044,100050535,100.00,,
3.106638744,708059,,rFF44,100050795,100.00,,
3.106638744,1687085528,,instructions,100051435,100.00,4.50,insn per cycle
3.106638744,375140316,,cycles,100051375,100.00,,
3.206848321,100332,,rD044,100161984,100.00,,
3.206848321,735501,,rFF44,100163254,100.00,,
3.206848321,1695145478,,instructions,100163734,100.00,4.51,insn per cycle
3.206848321,375563865,,cycles,100163164,100.00,,
3.307096499,104508,,rD044,100201175,100.00,,
3.307096499,705574,,rFF44,100199555,100.00,,
3.307096499,1695313009,,instructions,100199395,100.00,4.51,insn per cycle
3.307096499,375695819,,cycles,100199825,100.00,,
3.407337267,111948,,rD044,100193165,100.00,,
3.407337267,717800,,rFF44,100194105,100.00,,
3.407337267,1696582920,,instructions,100193865,100.00,4.52,insn per cycle
3.407337267,375678393,,cycles,100193895,100.00,,
3.507549844,69313,,rD044,100153375,100.00,,
3.507549844,691033,,rFF44,100152725,100.00,,
3.507549844,1700398979,,instructions,100151885,100.00,4.53,insn per cycle
3.507549844,375515518,,cycles,100152245,100.00,,
3.607740931,107014,,rD044,100129794,100.00,,
3.607740931,706451,,rFF44,100128914,100.00,,
3.607740931,1691484806,,instructions,100128574,100.00,4.51,insn per cycle
3.607740931,375415418,,cycles,100128224,100.00,,
3.707965108,106742,,rD044,100179395,100.00,,
3.707965108,728933,,rFF44,100181755,100.00,,
3.707965108,1693164195,,instructions,100183265,100.00,4.51,insn per cycle
3.707965108,375640452,,cycles,100182975,100.00,,
3.808180285,100041,,rD044,100138404,100.00,,
3.808180285,720970,,rFF44,100136995,100.00,,
3.808180285,1692300434,,instructions,100136965,100.00,4.51,insn per cycle
3.808180285,375457779,,cycles,100138875,100.00,,
3.908391073,110587,,rD044,100166025,100.00,,
3.908391073,709914,,rFF44,100166164,100.00,,
3.908391073,1693381919,,instructions,100166144,100.00,4.51,insn per cycle
3.908391073,375573189,,cycles,100164664,100.00,,
4.008638730,100477,,rD044,100201325,100.00,,
4.008638730,735059,,rFF44,100201915,100.00,,
4.008638730,1690220590,,instructions,100201105,100.00,4.50,insn per cycle
4.008638730,375707578,,cycles,100201215,100.00,,
4.108847607,102115,,rD044,100041784,100.00,,
4.108847607,674134,,rFF44,100040874,100.00,,
4.108847607,1682084113,,instructions,100040954,100.00,4.48,insn per cycle
4.108847607,375090158,,cycles,100040734,100.00,,
4.209074815,112277,,rD044,100177704,100.00,,
4.209074815,709023,,rFF44,100178164,100.00,,
4.209074815,1684416752,,instructions,100178784,100.00,4.48,insn per cycle
4.209074815,375625439,,cycles,100179364,100.00,,
4.309286502,99076,,rD044,100162475,100.00,,
4.309286502,734108,,rFF44,100162685,100.00,,
4.309286502,1688238023,,instructions,100162685,100.00,4.50,insn per cycle
4.309286502,375556418,,cycles,100162125,100.00,,
4.409497329,104163,,rD044,100166285,100.00,,
4.409497329,705708,,rFF44,100166655,100.00,,
4.409497329,1688339084,,instructions,100165575,100.00,4.50,insn per cycle
4.409497329,375574034,,cycles,100165265,100.00,,
4.509707936,109196,,rD044,100164693,100.00,,
4.509707936,716525,,rFF44,100164023,100.00,,
4.509707936,1689881694,,instructions,100165113,100.00,4.50,insn per cycle
4.509707936,375567248,,cycles,100165903,100.00,,
4.609918913,95651,,rD044,100164585,100.00,,
4.609918913,727375,,rFF44,100164075,100.00,,
4.609918913,1692618231,,instructions,100163825,100.00,4.51,insn per cycle
4.609918913,375687350,,cycles,100195555,100.00,,
4.710159371,73630,,rD044,100183875,100.00,,
4.710159371,677359,,rFF44,100184475,100.00,,
4.710159371,1695885487,,instructions,100184575,100.00,4.52,insn per cycle
4.710159371,375513339,,cycles,100154035,100.00,,
4.810371198,101603,,rD044,100134574,100.00,,
4.810371198,725255,,rFF44,100133614,100.00,,
4.810371198,1691367619,,instructions,100132924,100.00,4.51,insn per cycle
4.810371198,375424551,,cycles,100131414,100.00,,
4.910580365,97034,,rD044,100164905,100.00,,
4.910580365,714718,,rFF44,100166435,100.00,,
4.910580365,1691282401,,instructions,100167115,100.00,4.50,insn per cycle
4.910580365,375581377,,cycles,100167035,100.00,,
5.010790573,107356,,rD044,100162834,100.00,,
5.010790573,708845,,rFF44,100161854,100.00,,
5.010790573,1692797713,,instructions,100162215,100.00,4.51,insn per cycle
5.010790573,375563484,,cycles,100162665,100.00,,
5.111000200,96719,,rD044,100051825,100.00,,
5.111000200,739236,,rFF44,100051675,100.00,,
5.111000200,1691210820,,instructions,100051034,100.00,4.51,insn per cycle
5.111000200,375132557,,cycles,100050614,100.00,,
5.211211227,99655,,rD044,100163034,100.00,,
5.211211227,700858,,rFF44,100163434,100.00,,
5.211211227,1694104094,,instructions,100163554,100.00,4.51,insn per cycle
5.211211227,375560818,,cycles,100163544,100.00,,
5.311421884,109329,,rD044,100160465,100.00,,
5.311421884,688107,,rFF44,100161775,100.00,,
5.311421884,1692431174,,instructions,100161075,100.00,4.51,insn per cycle
5.311421884,375551391,,cycles,100161215,100.00,,
5.411633481,95501,,rD044,100165885,100.00,,
5.411633481,731143,,rFF44,100164635,100.00,,
5.411633481,1693886463,,instructions,100165275,100.00,4.51,insn per cycle
5.411633481,375574874,,cycles,100165935,100.00,,
5.511845679,100895,,rD044,100165724,100.00,,
5.511845679,704101,,rFF44,100165674,100.00,,
5.511845679,1693731457,,instructions,100165965,100.00,4.51,insn per cycle
5.511845679,375573271,,cycles,100165185,100.00,,
5.612071226,104333,,rD044,100178935,100.00,,
5.612071226,719776,,rFF44,100180265,100.00,,
5.612071226,1693572133,,instructions,100179724,100.00,4.51,insn per cycle
5.612071226,375629371,,cycles,100180144,100.00,,
5.712280613,94777,,rD044,100152525,100.00,,
5.712280613,726876,,rFF44,100150765,100.00,,
5.712280613,1691747214,,instructions,100150975,100.00,4.51,insn per cycle
5.712280613,375503503,,cycles,100150885,100.00,,
5.812489960,78159,,rD044,100131125,100.00,,
5.812489960,671111,,rFF44,100130965,100.00,,
5.812489960,1693854661,,instructions,100130665,100.00,4.51,insn per cycle
5.812489960,375426490,,cycles,100130385,100.00,,
5.912727568,101793,,rD044,100192675,100.00,,
5.912727568,726235,,rFF44,100193645,100.00,,
5.912727568,1694433445,,instructions,100193365,100.00,4.51,insn per cycle
5.912727568,375677734,,cycles,100193145,100.00,,
6.012955855,95612,,rD044,100183075,100.00,,
6.012955855,711293,,rFF44,100183355,100.00,,
6.012955855,1693344756,,instructions,100183805,100.00,4.51,insn per cycle
6.012955855,375645717,,cycles,100184525,100.00,,
6.113165032,109263,,rD044,100050135,100.00,,
6.113165032,707940,,rFF44,100049535,100.00,,
6.113165032,1695115755,,instructions,100049875,100.00,4.52,insn per cycle
6.113165032,375128580,,cycles,100049655,100.00,,
6.213376030,102277,,rD044,100163714,100.00,,
6.213376030,746585,,rFF44,100163154,100.00,,
6.213376030,1704655447,,instructions,100162914,100.00,4.54,insn per cycle
6.213376030,375556033,,cycles,100162224,100.00,,
6.313586007,102583,,rD044,100159995,100.00,,
6.313586007,719779,,rFF44,100160635,100.00,,
6.313586007,1702780447,,instructions,100160405,100.00,4.53,insn per cycle
6.313586007,375552577,,cycles,100161125,100.00,,
6.413797884,106851,,rD044,100165865,100.00,,
6.413797884,688592,,rFF44,100165485,100.00,,
6.413797884,1704496027,,instructions,100165535,100.00,4.54,insn per cycle
6.413797884,375573511,,cycles,100165725,100.00,,
6.514008671,97853,,rD044,100164645,100.00,,
6.514008671,737755,,rFF44,100165615,100.00,,
6.514008671,1702617510,,instructions,100165685,100.00,4.53,insn per cycle
6.514008671,375572720,,cycles,100164785,100.00,,
6.614217528,107755,,rD044,100161875,100.00,,
6.614217528,716461,,rFF44,100161605,100.00,,
6.614217528,1703429691,,instructions,100162115,100.00,4.54,insn per cycle
6.614217528,375560775,,cycles,100162455,100.00,,
6.714429706,100336,,rD044,100151773,100.00,,
6.714429706,740345,,rFF44,100152483,100.00,,
6.714429706,1704287811,,instructions,100152413,100.00,4.54,insn per cycle
6.714429706,375504267,,cycles,100152853,100.00,,
6.814642413,70662,,rD044,100139675,100.00,,
6.814642413,688803,,rFF44,100139125,100.00,,
6.814642413,1705394868,,instructions,100139215,100.00,4.54,insn per cycle
6.814642413,375459053,,cycles,100138795,100.00,,
6.914857000,112392,,rD044,100164595,100.00,,
6.914857000,720645,,rFF44,100163825,100.00,,
6.914857000,1701615912,,instructions,100163735,100.00,4.53,insn per cycle
6.914857000,375568155,,cycles,100163785,100.00,,
7.015112368,96707,,rD044,100096804,100.00,,
7.015112368,743262,,rFF44,100097094,100.00,,
7.015112368,1700928625,,instructions,100096674,100.00,4.53,insn per cycle
7.015112368,375298550,,cycles,100097014,100.00,,
7.115322415,106610,,rD044,100163455,100.00,,
7.115322415,714247,,rFF44,100164705,100.00,,
7.115322415,1701619398,,instructions,100164485,100.00,4.53,insn per cycle
7.115322415,375574235,,cycles,100164245,100.00,,
7.215531472,107711,,rD044,100162335,100.00,,
7.215531472,737772,,rFF44,100161125,100.00,,
7.215531472,1703176491,,instructions,100161215,100.00,4.54,insn per cycle
7.215531472,375558013,,cycles,100161025,100.00,,
7.315739829,94400,,rD044,100160643,100.00,,
7.315739829,699194,,rFF44,100161213,100.00,,
7.315739829,1705600367,,instructions,100161493,100.00,4.54,insn per cycle
7.315739829,375556378,,cycles,100161543,100.00,,
7.415968657,107085,,rD044,100175235,100.00,,
7.415968657,722145,,rFF44,100175755,100.00,,
7.415968657,1700988507,,instructions,100175875,100.00,4.53,insn per cycle
7.415968657,375609195,,cycles,100175735,100.00,,
7.516180184,97430,,rD044,100156064,100.00,,
7.516180184,748536,,rFF44,100154964,100.00,,
7.516180184,1700869703,,instructions,100154644,100.00,4.53,insn per cycle
7.516180184,375522603,,cycles,100154624,100.00,,
7.616371991,101085,,rD044,100145814,100.00,,
7.616371991,719462,,rFF44,100146194,100.00,,
7.616371991,1700715908,,instructions,100146124,100.00,4.53,insn per cycle
7.616371991,375501367,,cycles,100146214,100.00,,
7.716580378,79249,,rD044,100148445,100.00,,
7.716580378,695128,,rFF44,100147105,100.00,,
7.716580378,1704320156,,instructions,100147165,100.00,4.54,insn per cycle
7.716580378,375491195,,cycles,100147955,100.00,,
7.816781725,94205,,rD044,100128214,100.00,,
7.816781725,739480,,rFF44,100128854,100.00,,
7.816781725,1700081297,,instructions,100128754,100.00,4.53,insn per cycle
7.816781725,375417865,,cycles,100128024,100.00,,
7.917017322,107201,,rD044,100187414,100.00,,
7.917017322,719589,,rFF44,100187834,100.00,,
7.917017322,1703078919,,instructions,100187904,100.00,4.53,insn per cycle
7.917017322,375655356,,cycles,100187854,100.00,,
8.017229170,100775,,rD044,100164675,100.00,,
8.017229170,741600,,rFF44,100165695,100.00,,
8.017229170,1701932310,,instructions,100166235,100.00,4.53,insn per cycle
8.017229170,375577259,,cycles,100166165,100.00,,
8.117441407,98087,,rD044,100053135,100.00,,
8.117441407,689826,,rFF44,100052435,100.00,,
8.117441407,1702367755,,instructions,100052675,100.00,4.54,insn per cycle
8.117441407,375137634,,cycles,100052455,100.00,,
8.217651364,109922,,rD044,100163665,100.00,,
8.217651364,718335,,rFF44,100163255,100.00,,
8.217651364,1701311413,,instructions,100162685,100.00,4.53,insn per cycle
8.217651364,375564184,,cycles,100162965,100.00,,
8.317861121,95408,,rD044,100162273,100.00,,
8.317861121,743894,,rFF44,100162843,100.00,,
8.317861121,1698297545,,instructions,100163033,100.00,4.52,insn per cycle
8.317861121,375557442,,cycles,100162783,100.00,,
8.418107559,102202,,rD044,99010459,100.00,,
8.418107559,708717,,rFF44,99010449,100.00,,
8.418107559,1674177327,,instructions,99010999,100.00,4.51,insn per cycle
8.418107559,371222547,,cycles,99011059,100.00,,
8.518324636,76098,,rD044,100167685,100.00,,
8.518324636,697785,,rFF44,100167485,100.00,,
8.518324636,1700701487,,instructions,100166615,100.00,4.53,insn per cycle
8.518324636,375577483,,cycles,100166925,100.00,,
8.618533403,94626,,rD044,100163014,100.00,,
8.618533403,740518,,rFF44,100162944,100.00,,
8.618533403,1725760018,,instructions,100163524,100.00,4.60,insn per cycle
8.618533403,375569634,,cycles,100164484,100.00,,
8.718744330,105903,,rD044,100165095,100.00,,
8.718744330,728763,,rFF44,100164525,100.00,,
8.718744330,1709892857,,instructions,100164005,100.00,4.55,insn per cycle
8.718744330,375563283,,cycles,100162685,100.00,,
8.818952918,97581,,rD044,100121794,100.00,,
8.818952918,758470,,rFF44,100122404,100.00,,
8.818952918,1711532787,,instructions,100122384,100.00,4.56,insn per cycle
8.818952918,375382440,,cycles,100123134,100.00,,
8.919163415,101369,,rD044,100161284,100.00,,
8.919163415,727707,,rFF44,100161334,100.00,,
8.919163415,1717905879,,instructions,100161334,100.00,4.57,insn per cycle
8.919163415,375552816,,cycles,100161044,100.00,,
9.019376852,106923,,rD044,100166695,100.00,,
9.019376852,733536,,rFF44,100166465,100.00,,
9.019376852,1695585918,,instructions,100166355,100.00,4.51,insn per cycle
9.019376852,375578174,,cycles,100166705,100.00,,
9.119592449,94595,,rD044,100052634,100.00,,
9.119592449,749303,,rFF44,100052444,100.00,,
9.119592449,1707227783,,instructions,100052404,100.00,4.55,insn per cycle
9.119592449,375141936,,cycles,100052734,100.00,,
9.219802397,110001,,rD044,100163775,100.00,,
9.219802397,719243,,rFF44,100163605,100.00,,
9.219802397,1687005711,,instructions,100164015,100.00,4.49,insn per cycle
9.219802397,375569645,,cycles,100164365,100.00,,
9.320011954,102480,,rD044,100161115,100.00,,
9.320011954,746381,,rFF44,100161555,100.00,,
9.320011954,1668167287,,instructions,100160915,100.00,4.44,insn per cycle
9.320011954,375550684,,cycles,100160565,100.00,,
9.420225251,96716,,rD044,100161114,100.00,,
9.420225251,689627,,rFF44,100161484,100.00,,
9.420225251,1685567665,,instructions,100161384,100.00,4.49,insn per cycle
9.420225251,375552295,,cycles,100161404,100.00,,
9.520438568,105760,,rD044,100166895,100.00,,
9.520438568,720356,,rFF44,100166935,100.00,,
9.520438568,1687067282,,instructions,100167035,100.00,4.49,insn per cycle
9.520438568,375576001,,cycles,100166155,100.00,,
9.620650045,91992,,rD044,100164964,100.00,,
9.620650045,742932,,rFF44,100165274,100.00,,
9.620650045,1684459168,,instructions,100165424,100.00,4.49,insn per cycle
9.620650045,375570898,,cycles,100165214,100.00,,
9.720860393,103955,,rD044,100162814,100.00,,
9.720860393,715899,,rFF44,100161754,100.00,,
9.720860393,1666352538,,instructions,100161984,100.00,4.44,insn per cycle
9.720860393,375561004,,cycles,100162264,100.00,,
9.821115960,104167,,rD044,100169614,100.00,,
9.821115960,738504,,rFF44,100169494,100.00,,
9.821115960,1667975031,,instructions,100169194,100.00,4.44,insn per cycle
9.821115960,375556636,,cycles,100169504,100.00,,
9.921325188,95803,,rD044,100163214,100.00,,
9.921325188,726453,,rFF44,100163094,100.00,,
9.921325188,1676865733,,instructions,100162784,100.00,4.46,insn per cycle
9.921325188,375565742,,cycles,100162614,100.00,,
10.021538145,73781,,rD044,100053002,100.00,,
10.021538145,684077,,rFF44,100053132,100.00,,
10.021538145,1689182776,,instructions,100052652,100.00,4.50,insn per cycle
10.021538145,375131721,,cycles,100052492,100.00,,
10.121747752,95681,,rD044,100164485,100.00,,
10.121747752,748052,,rFF44,100165015,100.00,,
10.121747752,1677973795,,instructions,100165925,100.00,4.47,insn per cycle
10.121747752,375577013,,cycles,100165375,100.00,,
10.221957299,102672,,rD044,100162104,100.00,,
10.221957299,716405,,rFF44,100162214,100.00,,
10.221957299,1674515420,,instructions,100161984,100.00,4.46,insn per cycle
10.221957299,375562683,,cycles,100162564,100.00,,
10.322166036,104817,,rD044,100162614,100.00,,
10.322166036,725971,,rFF44,100162934,100.00,,
10.322166036,1676650605,,instructions,100163054,100.00,4.46,insn per cycle
10.322166036,375569392,,cycles,100163874,100.00,,
10.422375983,93558,,rD044,100163364,100.00,,
10.422375983,728523,,rFF44,100162664,100.00,,
10.422375983,1678855614,,instructions,100163344,100.00,4.47,insn per cycle
10.422375983,375563114,,cycles,100163124,100.00,,
10.522590371,107778,,rD044,100165434,100.00,,
10.522590371,718686,,rFF44,100165294,100.00,,
10.522590371,1695271395,,instructions,100165354,100.00,4.51,insn per cycle
10.522590371,375569443,,cycles,100164524,100.00,,
10.622804758,100033,,rD044,100168035,100.00,,
10.622804758,753162,,rFF44,100168525,100.00,,
10.622804758,1709483963,,instructions,100168355,100.00,4.55,insn per cycle
10.622804758,375582960,,cycles,100168135,100.00,,
10.723015285,97321,,rD044,100164914,100.00,,
10.723015285,728851,,rFF44,100164994,100.00,,
10.723015285,1711840590,,instructions,100164364,100.00,4.56,insn per cycle
10.723015285,375570137,,cycles,100164534,100.00,,
10.823225472,104525,,rD044,100127945,100.00,,
10.823225472,731328,,rFF44,100126925,100.00,,
10.823225472,1713390022,,instructions,100127255,100.00,4.56,insn per cycle
10.823225472,375397979,,cycles,100127045,100.00,,
10.923434549,96023,,rD044,100161305,100.00,,
10.923434549,710093,,rFF44,100162925,100.00,,
10.923434549,1699808958,,instructions,100162675,100.00,4.53,insn per cycle
10.923434549,375569088,,cycles,100163605,100.00,,
11.023647197,107474,,rD044,100164123,100.00,,
11.023647197,725360,,rFF44,100163303,100.00,,
11.023647197,1705191467,,instructions,100163813,100.00,4.54,insn per cycle
11.023647197,375559968,,cycles,100163404,100.00,,
11.123857994,101033,,rD044,100052875,100.00,,
11.123857994,750039,,rFF44,100053395,100.00,,
11.123857994,1698919207,,instructions,100053625,100.00,4.53,insn per cycle
11.123857994,375144598,,cycles,100053554,100.00,,
11.224105382,95844,,rD044,100200235,100.00,,
11.224105382,735715,,rFF44,100200195,100.00,,
11.224105382,1707352722,,instructions,100199905,100.00,4.54,insn per cycle
11.224105382,375703079,,cycles,100199885,100.00,,
11.324316409,107023,,rD044,100166124,100.00,,
11.324316409,725962,,rFF44,100165694,100.00,,
11.324316409,1694537788,,instructions,100166134,100.00,4.51,insn per cycle
11.324316409,375575559,,cycles,100165964,100.00,,
11.424526416,96522,,rD044,100160735,100.00,,
11.424526416,751313,,rFF44,100160645,100.00,,
11.424526416,1674101751,,instructions,100159715,100.00,4.46,insn per cycle
11.424526416,375543674,,cycles,100159495,100.00,,
11.524737073,102852,,rD044,100152075,100.00,,
11.524737073,724562,,rFF44,100152005,100.00,,
11.524737073,1672477951,,instructions,100151455,100.00,4.45,insn per cycle
11.524737073,375505337,,cycles,100151925,100.00,,
11.624961801,70085,,rD044,100175254,100.00,,
11.624961801,706882,,rFF44,100175354,100.00,,
11.624961801,1675365232,,instructions,100175735,100.00,4.46,insn per cycle
11.624961801,375614118,,cycles,100176485,100.00,,
11.725201418,96922,,rD044,100193505,100.00,,
11.725201418,729925,,rFF44,100193755,100.00,,
11.725201418,1677534848,,instructions,100194284,100.00,4.47,insn per cycle
11.725201418,375679025,,cycles,100193294,100.00,,
11.825413375,108910,,rD044,100129265,100.00,,
11.825413375,723979,,rFF44,100128095,100.00,,
11.825413375,1688285518,,instructions,100128025,100.00,4.50,insn per cycle
11.825413375,375403036,,cycles,100127715,100.00,,
11.925621892,96620,,rD044,100163474,100.00,,
11.925621892,757960,,rFF44,100163974,100.00,,
11.925621892,1694520396,,instructions,100164214,100.00,4.51,insn per cycle
11.925621892,375574639,,cycles,100164664,100.00,,
12.025832590,101783,,rD044,100160965,100.00,,
12.025832590,734296,,rFF44,100162145,100.00,,
12.025832590,1695155147,,instructions,100161785,100.00,4.51,insn per cycle
12.025832590,375554933,,cycles,100161905,100.00,,
12.126049437,106800,,rD044,100054245,100.00,,
12.126049437,746594,,rFF44,100052995,100.00,,
12.126049437,1691403030,,instructions,100053005,100.00,4.51,insn per cycle
12.126049437,375144788,,cycles,100053685,100.00,,
12.226259924,98280,,rD044,100162703,100.00,,
12.226259924,738426,,rFF44,100162783,100.00,,
12.226259924,1690897408,,instructions,100163273,100.00,4.50,insn per cycle
12.226259924,375560996,,cycles,100162333,100.00,,
12.326472551,104977,,rD044,100167795,100.00,,
12.326472551,692039,,rFF44,100167685,100.00,,
12.326472551,1700190647,,instructions,100167045,100.00,4.53,insn per cycle
12.326472551,375581297,,cycles,100167365,100.00,,
12.426682318,97314,,rD044,100162854,100.00,,
12.426682318,760855,,rFF44,100163494,100.00,,
12.426682318,1688563425,,instructions,100163084,100.00,4.50,insn per cycle
12.426682318,375548508,,cycles,100162614,100.00,,
12.526893166,101727,,rD044,100158874,100.00,,
12.526893166,721435,,rFF44,100159144,100.00,,
12.526893166,1692434312,,instructions,100159804,100.00,4.51,insn per cycle
12.526893166,375544244,,cycles,100159934,100.00,,
12.627124363,105684,,rD044,100181545,100.00,,
12.627124363,729452,,rFF44,100180055,100.00,,
12.627124363,1676027189,,instructions,100180185,100.00,4.46,insn per cycle
12.627124363,375630868,,cycles,100180575,100.00,,
12.727334660,94994,,rD044,100164514,100.00,,
12.727334660,737877,,rFF44,100165944,100.00,,
12.727334660,1677955372,,instructions,100165534,100.00,4.47,insn per cycle
12.727334660,375572820,,cycles,100165474,100.00,,
12.827545787,104986,,rD044,100125733,100.00,,
12.827545787,724570,,rFF44,100124183,100.00,,
12.827545787,1676928791,,instructions,100124253,100.00,4.47,insn per cycle
12.827545787,375385978,,cycles,100124773,100.00,,
12.927753645,66948,,rD044,100163155,100.00,,
12.927753645,719353,,rFF44,100163695,100.00,,
12.927753645,1683221793,,instructions,100164475,100.00,4.48,insn per cycle
12.927753645,375573168,,cycles,100164525,100.00,,
13.027963412,100434,,rD044,100044293,100.00,,
13.027963412,726602,,rFF44,100044363,100.00,,
13.027963412,1675967531,,instructions,100043123,100.00,4.47,insn per cycle
13.027963412,375094511,,cycles,100042593,100.00,,
13.128174049,107047,,rD044,100165325,100.00,,
13.128174049,729816,,rFF44,100165795,100.00,,
13.128174049,1677819664,,instructions,100166655,100.00,4.47,insn per cycle
13.128174049,375577585,,cycles,100166535,100.00,,
13.228385706,93419,,rD044,100162783,100.00,,
13.228385706,747813,,rFF44,100162464,100.00,,
13.228385706,1679483569,,instructions,100162284,100.00,4.47,insn per cycle
13.228385706,375560640,,cycles,100162144,100.00,,
13.328595263,107121,,rD044,100163555,100.00,,
13.328595263,718447,,rFF44,100163474,100.00,,
13.328595263,1676233108,,instructions,100163044,100.00,4.46,insn per cycle
13.328595263,375566886,,cycles,100163684,100.00,,
13.428804300,103019,,rD044,100160105,100.00,,
13.428804300,744241,,rFF44,100160435,100.00,,
13.428804300,1714395429,,instructions,100161115,100.00,4.57,insn per cycle
13.428804300,375551040,,cycles,100160435,100.00,,
13.529015988,95989,,rD044,100164944,100.00,,
13.529015988,695652,,rFF44,100164574,100.00,,
13.529015988,1672550227,,instructions,100163784,100.00,4.45,insn per cycle
13.529015988,375556374,,cycles,100163564,100.00,,
13.629242165,105572,,rD044,100177435,100.00,,
13.629242165,723862,,rFF44,100178075,100.00,,
13.629242165,1671926653,,instructions,100177955,100.00,4.45,insn per cycle
13.629242165,375619275,,cycles,100177935,100.00,,
13.729451632,95496,,rD044,100160965,100.00,,
13.729451632,744111,,rFF44,100161215,100.00,,
13.729451632,1671632925,,instructions,100161575,100.00,4.45,insn per cycle
13.729451632,375558680,,cycles,100161595,100.00,,
13.829662129,104131,,rD044,100132503,100.00,,
13.829662129,717865,,rFF44,100131123,100.00,,
13.829662129,1679508843,,instructions,100131803,100.00,4.47,insn per cycle
13.829662129,375429810,,cycles,100132343,100.00,,
13.929871137,100657,,rD044,100157195,100.00,,
13.929871137,734063,,rFF44,100158325,100.00,,
13.929871137,1679818877,,instructions,100158025,100.00,4.47,insn per cycle
13.929871137,375545785,,cycles,100158035,100.00,,
14.030115364,65303,,rD044,100197205,100.00,,
14.030115364,697217,,rFF44,100197005,100.00,,
14.030115364,1670379969,,instructions,100196915,100.00,4.45,insn per cycle
14.030115364,375689583,,cycles,100197025,100.00,,
14.130328401,110469,,rD044,100048173,100.00,,
14.130328401,725554,,rFF44,100048653,100.00,,
14.130328401,1684747287,,instructions,100048523,100.00,4.49,insn per cycle
14.130328401,375115639,,cycles,100048103,100.00,,
14.230538489,96451,,rD044,100164295,100.00,,
14.230538489,754750,,rFF44,100164985,100.00,,
14.230538489,1709399372,,instructions,100165015,100.00,4.55,insn per cycle
14.230538489,375569949,,cycles,100164655,100.00,,
14.330749096,100417,,rD044,100163095,100.00,,
14.330749096,721479,,rFF44,100163225,100.00,,
14.330749096,1714286699,,instructions,100163415,100.00,4.56,insn per cycle
14.330749096,375565357,,cycles,100163405,100.00,,
14.430959223,104176,,rD044,100165264,100.00,,
14.430959223,741896,,rFF44,100164194,100.00,,
14.430959223,1724773481,,instructions,100163974,100.00,4.59,insn per cycle
14.430959223,375569558,,cycles,100164014,100.00,,
14.531169540,94791,,rD044,100160505,100.00,,
14.531169540,737771,,rFF44,100161125,100.00,,
14.531169540,1717437923,,instructions,100161155,100.00,4.57,insn per cycle
14.531169540,375554385,,cycles,100161135,100.00,,
14.631381907,107913,,rD044,100164065,100.00,,
14.631381907,733462,,rFF44,100162835,100.00,,
14.631381907,1747136588,,instructions,100162795,100.00,4.65,insn per cycle
14.631381907,375559087,,cycles,100162845,100.00,,
14.731593495,96428,,rD044,100165955,100.00,,
14.731593495,760440,,rFF44,100167595,100.00,,
14.731593495,1712638334,,instructions,100167655,100.00,4.56,insn per cycle
14.731593495,375583218,,cycles,100168305,100.00,,
14.831804102,100234,,rD044,100132505,100.00,,
14.831804102,727239,,rFF44,100130715,100.00,,
14.831804102,1725432295,,instructions,100130285,100.00,4.60,insn per cycle
14.831804102,375420181,,cycles,100130055,100.00,,
14.932012859,108014,,rD044,100157364,100.00,,
14.932012859,738232,,rFF44,100157784,100.00,,
14.932012859,1744752932,,instructions,100158534,100.00,4.65,insn per cycle
14.932012859,375539540,,cycles,100158244,100.00,,
15.032221536,93863,,rD044,100049074,100.00,,
15.032221536,746784,,rFF44,100049154,100.00,,
15.032221536,1708312015,,instructions,100049104,100.00,4.55,insn per cycle
15.032221536,375115253,,cycles,100049114,100.00,,
15.132435233,110096,,rD044,100162235,100.00,,
15.132435233,729843,,rFF44,100161855,100.00,,
15.132435233,1706323046,,instructions,100161705,100.00,4.54,insn per cycle
15.132435233,375555176,,cycles,100161565,100.00,,
15.232645041,102308,,rD044,100164645,100.00,,
15.232645041,753594,,rFF44,100165775,100.00,,
15.232645041,1694957960,,instructions,100165515,100.00,4.51,insn per cycle
15.232645041,375573752,,cycles,100165545,100.00,,
15.332854738,99041,,rD044,100162754,100.00,,
15.332854738,726399,,rFF44,100162315,100.00,,
15.332854738,1688110574,,instructions,100163015,100.00,4.49,insn per cycle
15.332854738,375565712,,cycles,100163725,100.00,,
15.433083525,109713,,rD044,100170075,100.00,,
15.433083525,690973,,rFF44,100169264,100.00,,
15.433083525,1688434120,,instructions,100168314,100.00,4.50,insn per cycle
15.433083525,375561199,,cycles,100167674,100.00,,
15.533305552,94844,,rD044,100177585,100.00,,
15.533305552,747013,,rFF44,100178265,100.00,,
15.533305552,1690884979,,instructions,100178975,100.00,4.50,insn per cycle
15.533305552,375629696,,cycles,100179235,100.00,,
15.633506760,103863,,rD044,100150464,100.00,,
15.633506760,724440,,rFF44,100150674,100.00,,
15.633506760,1699447773,,instructions,100150574,100.00,4.53,insn per cycle
15.633506760,375510783,,cycles,100150444,100.00,,
15.733717497,101527,,rD044,100163625,100.00,,
15.733717497,743652,,rFF44,100163265,100.00,,
15.733717497,1666689955,,instructions,100163135,100.00,4.44,insn per cycle
15.733717497,375567250,,cycles,100163975,100.00,,
15.833934054,95800,,rD044,100159925,100.00,,
15.833934054,731013,,rFF44,100159655,100.00,,
15.833934054,1666635392,,instructions,100159355,100.00,4.44,insn per cycle
15.833934054,375527620,,cycles,100158825,100.00,,
15.934158471,104491,,rD044,100154494,100.00,,
15.934158471,720378,,rFF44,100154584,100.00,,
15.934158471,1667828254,,instructions,100154565,100.00,4.44,insn per cycle
15.934158471,375520462,,cycles,100154155,100.00,,
16.034367948,63677,,rD044,100047793,100.00,,
16.034367948,712802,,rFF44,100048003,100.00,,
16.034367948,1670480111,,instructions,100048472,100.00,4.45,insn per cycle
16.034367948,375124034,,cycles,100048782,100.00,,
16.134578076,103635,,rD044,100159935,100.00,,
16.134578076,715576,,rFF44,100159735,100.00,,
16.134578076,1666317749,,instructions,100159185,100.00,4.44,insn per cycle
16.134578076,375545801,,cycles,100159155,100.00,,
16.234788833,104899,,rD044,100163925,100.00,,
16.234788833,725832,,rFF44,100164555,100.00,,
16.234788833,1667435866,,instructions,100164895,100.00,4.44,insn per cycle
16.234788833,375567962,,cycles,100164775,100.00,,
16.334999910,94352,,rD044,100165524,100.00,,
16.334999910,732762,,rFF44,100164694,100.00,,
16.334999910,1666887706,,instructions,100165274,100.00,4.44,insn per cycle
16.334999910,375573713,,cycles,100165404,100.00,,
16.435210917,107110,,rD044,100165534,100.00,,
16.435210917,713107,,rFF44,100165834,100.00,,
16.435210917,1675886265,,instructions,100165505,100.00,4.46,insn per cycle
16.435210917,375572906,,cycles,100164875,100.00,,
16.535420774,99405,,rD044,100164055,100.00,,
16.535420774,751708,,rFF44,100164755,100.00,,
16.535420774,1707204784,,instructions,100164104,100.00,4.55,insn per cycle
16.535420774,375562726,,cycles,100164614,100.00,,
16.635630302,97063,,rD044,100160924,100.00,,
16.635630302,729151,,rFF44,100159654,100.00,,
16.635630302,1724567848,,instructions,100159664,100.00,4.59,insn per cycle
16.635630302,375548818,,cycles,100160024,100.00,,
16.735841809,104523,,rD044,100160255,100.00,,
16.735841809,738763,,rFF44,100160525,100.00,,
16.735841809,1728457770,,instructions,100160615,100.00,4.60,insn per cycle
16.735841809,375554676,,cycles,100160365,100.00,,
16.836053526,94629,,rD044,100138255,100.00,,
16.836053526,754730,,rFF44,100137985,100.00,,
16.836053526,1728300146,,instructions,100138185,100.00,4.60,insn per cycle
16.836053526,375451905,,cycles,100138155,100.00,,
16.936262703,108851,,rD044,100155194,100.00,,
16.936262703,730658,,rFF44,100154604,100.00,,
16.936262703,1735245814,,instructions,100154774,100.00,4.62,insn per cycle
16.936262703,375523450,,cycles,100155095,100.00,,
17.036471070,101713,,rD044,100164435,100.00,,
17.036471070,755381,,rFF44,100165525,100.00,,
17.036471070,1732322563,,instructions,100165235,100.00,4.61,insn per cycle
17.036471070,375581400,,cycles,100165484,100.00,,
17.136681988,95808,,rD044,100050073,100.00,,
17.136681988,732961,,rFF44,100051233,100.00,,
17.136681988,1711542934,,instructions,100051953,100.00,4.56,insn per cycle
17.136681988,375133475,,cycles,100052633,100.00,,
17.236895675,104273,,rD044,100167365,100.00,,
17.236895675,695386,,rFF44,100165975,100.00,,
17.236895675,1710257406,,instructions,100165325,100.00,4.55,insn per cycle
17.236895675,375565185,,cycles,100163455,100.00,,
17.337123562,94146,,rD044,100181825,100.00,,
17.337123562,750203,,rFF44,100181775,100.00,,
17.337123562,1706920300,,instructions,100181745,100.00,4.54,insn per cycle
17.337123562,375641921,,cycles,100183585,100.00,,
17.437363860,105622,,rD044,100194035,100.00,,
17.437363860,712343,,rFF44,100194965,100.00,,
17.437363860,1678294913,,instructions,100195315,100.00,4.47,insn per cycle
17.437363860,375679545,,cycles,100194795,100.00,,
17.537574467,102326,,rD044,100166654,100.00,,
17.537574467,729121,,rFF44,100165944,100.00,,
17.537574467,1656546783,,instructions,100165565,100.00,4.41,insn per cycle
17.537574467,375575433,,cycles,100165595,100.00,,
17.637785284,94906,,rD044,100162645,100.00,,
17.637785284,724823,,rFF44,100162205,100.00,,
17.637785284,1655029752,,instructions,100162844,100.00,4.41,insn per cycle
17.637785284,375558152,,cycles,100162104,100.00,,
17.737996681,108614,,rD044,100156545,100.00,,
17.737996681,708795,,rFF44,100157995,100.00,,
17.737996681,1651100388,,instructions,100157905,100.00,4.40,insn per cycle
17.737996681,375542231,,cycles,100157915,100.00,,
17.838208149,65538,,rD044,100138705,100.00,,
17.838208149,702886,,rFF44,100137345,100.00,,
17.838208149,1660774607,,instructions,100137375,100.00,4.42,insn per cycle
17.838208149,375452617,,cycles,100137625,100.00,,
17.938419286,101886,,rD044,100167865,100.00,,
17.938419286,716146,,rFF44,100168455,100.00,,
17.938419286,1670568836,,instructions,100169325,100.00,4.45,insn per cycle
17.938419286,375594190,,cycles,100169675,100.00,,
18.038629833,105706,,rD044,100040563,100.00,,
18.038629833,728730,,rFF44,100040883,100.00,,
18.038629833,1669232894,,instructions,100039724,100.00,4.45,insn per cycle
18.038629833,375072898,,cycles,100039564,100.00,,
18.138839880,95994,,rD044,100162624,100.00,,
18.138839880,737005,,rFF44,100162594,100.00,,
18.138839880,1672008671,,instructions,100162503,100.00,4.45,insn per cycle
18.138839880,375563128,,cycles,100162433,100.00,,
18.239052387,108691,,rD044,100162795,100.00,,
18.239052387,717377,,rFF44,100162695,100.00,,
18.239052387,1670713388,,instructions,100162985,100.00,4.45,insn per cycle
18.239052387,375560130,,cycles,100163305,100.00,,
18.339265475,98308,,rD044,100165525,100.00,,
18.339265475,709454,,rFF44,100165645,100.00,,
18.339265475,1675054014,,instructions,100165595,100.00,4.46,insn per cycle
18.339265475,375571458,,cycles,100165175,100.00,,
18.439475992,99989,,rD044,100164574,100.00,,
18.439475992,720918,,rFF44,100165074,100.00,,
18.439475992,1672421469,,instructions,100165054,100.00,4.45,insn per cycle
18.439475992,375572703,,cycles,100165524,100.00,,
18.539686589,106925,,rD044,100166094,100.00,,
18.539686589,722080,,rFF44,100164625,100.00,,
18.539686589,1671414236,,instructions,100164835,100.00,4.45,insn per cycle
18.539686589,375568853,,cycles,100164035,100.00,,
18.639896136,93942,,rD044,98975759,100.00,,
18.639896136,739285,,rFF44,98976728,100.00,,
18.639896136,1644671202,,instructions,98976238,100.00,4.43,insn per cycle
18.639896136,371085626,,cycles,98976848,100.00,,
18.740129594,95612,,rD044,100182545,100.00,,
18.740129594,701999,,rFF44,100181725,100.00,,
18.740129594,1661236499,,instructions,100181845,100.00,4.42,insn per cycle
18.740129594,375627789,,cycles,100181285,100.00,,
18.840338441,82873,,rD044,100131705,100.00,,
18.840338441,709680,,rFF44,100132145,100.00,,
18.840338441,1658341362,,instructions,100131995,100.00,4.42,insn per cycle
18.840338441,375429820,,cycles,100131525,100.00,,
18.940547138,94497,,rD044,100164895,100.00,,
18.940547138,724930,,rFF44,100165155,100.00,,
18.940547138,1663288920,,instructions,100166055,100.00,4.43,insn per cycle
18.940547138,375580508,,cycles,100166465,100.00,,
19.040755815,107685,,rD044,100034044,100.00,,
19.040755815,712830,,rFF44,100033444,100.00,,
19.040755815,1665930693,,instructions,100033044,100.00,4.44,insn per cycle
19.040755815,375047066,,cycles,100032634,100.00,,
19.140958532,96857,,rD044,100156514,100.00,,
19.140958532,736537,,rFF44,100156754,100.00,,
19.140958532,1659698530,,instructions,100156584,100.00,4.42,insn per cycle
19.140958532,375544829,,cycles,100157164,100.00,,
19.241182560,99259,,rD044,100175125,100.00,,
19.241182560,676271,,rFF44,100174435,100.00,,
19.241182560,1662875555,,instructions,100174005,100.00,4.43,insn per cycle
19.241182560,375597463,,cycles,100173625,100.00,,
19.341392947,102887,,rD044,100163735,100.00,,
19.341392947,719018,,rFF44,100164535,100.00,,
19.341392947,1662494014,,instructions,100164045,100.00,4.43,insn per cycle
19.341392947,375569652,,cycles,100164295,100.00,,
19.441602844,95074,,rD044,100150965,100.00,,
19.441602844,724650,,rFF44,100150155,100.00,,
19.441602844,1674565452,,instructions,100151075,100.00,4.46,insn per cycle
19.441602844,375498029,,cycles,100150755,100.00,,
19.541810751,106600,,rD044,100166765,100.00,,
19.541810751,719624,,rFF44,100167635,100.00,,
19.541810751,1686847928,,instructions,100167055,100.00,4.49,insn per cycle
19.541810751,375590769,,cycles,100167415,100.00,,
19.642003618,96396,,rD044,100145203,100.00,,
19.642003618,752833,,rFF44,100144833,100.00,,
19.642003618,1683891437,,instructions,100144453,100.00,4.48,insn per cycle
19.642003618,375489894,,cycles,100144983,100.00,,
19.742211715,99658,,rD044,100156905,100.00,,
19.742211715,720762,,rFF44,100157255,100.00,,
19.742211715,1684241430,,instructions,100157505,100.00,4.48,insn per cycle
19.742211715,375534086,,cycles,100156675,100.00,,
19.842425612,78119,,rD044,100140595,100.00,,
19.842425612,683182,,rFF44,100141145,100.00,,
19.842425612,1695121041,,instructions,100141155,100.00,4.51,insn per cycle
19.842425612,375470041,,cycles,100141825,100.00,,
19.942636370,93504,,rD044,100167054,100.00,,
19.942636370,733745,,rFF44,100166914,100.00,,
19.942636370,1681838327,,instructions,100167974,100.00,4.48,insn per cycle
19.942636370,375585496,,cycles,100167894,100.00,,
20.042847847,104370,,rD044,100155663,100.00,,
20.042847847,710836,,rFF44,100155343,100.00,,
20.042847847,1677322559,,instructions,100154824,100.00,4.47,insn per cycle
20.042847847,375517003,,cycles,100154194,100.00,,
20.143076294,101727,,rD044,100069594,100.00,,
20.143076294,730041,,rFF44,100070714,100.00,,
20.143076294,1672687672,,instructions,100071023,100.00,4.46,insn per cycle
20.143076294,375210011,,cycles,100071493,100.00,,
20.243287371,96821,,rD044,100163225,100.00,,
20.243287371,718149,,rFF44,100162475,100.00,,
20.243287371,1670013386,,instructions,100163065,100.00,4.45,insn per cycle
20.243287371,375560433,,cycles,100163175,100.00,,
20.343501489,104158,,rD044,100161634,100.00,,
20.343501489,713203,,rFF44,100161414,100.00,,
20.343501489,1671583344,,instructions,100160364,100.00,4.45,insn per cycle
20.343501489,375551212,,cycles,100159934,100.00,,
20.443711926,93543,,rD044,100165185,100.00,,
20.443711926,702942,,rFF44,100164915,100.00,,
20.443711926,1681309781,,instructions,100164935,100.00,4.48,insn per cycle
20.443711926,375574908,,cycles,100165695,100.00,,
20.543924783,104568,,rD044,100167525,100.00,,
20.543924783,709135,,rFF44,100202075,100.00,,
20.543924783,1704742299,,instructions,100202805,100.00,4.54,insn per cycle
20.543924783,375714542,,cycles,100202715,100.00,,
20.644167851,105250,,rD044,100197395,100.00,,
20.644167851,729452,,rFF44,100163125,100.00,,
20.644167851,1702059934,,instructions,100161895,100.00,4.53,insn per cycle
20.644167851,375561187,,cycles,100161905,100.00,,
20.744377118,93069,,rD044,100162004,100.00,,
20.744377118,726459,,rFF44,100161614,100.00,,
20.744377118,1672091528,,instructions,100162044,100.00,4.45,insn per cycle
20.744377118,375556074,,cycles,100161594,100.00,,
20.844592145,106514,,rD044,100142885,100.00,,
20.844592145,715546,,rFF44,100143695,100.00,,
20.844592145,1681739709,,instructions,100143255,100.00,4.48,insn per cycle
20.844592145,375476266,,cycles,100142925,100.00,,
20.944802032,98428,,rD044,100164155,100.00,,
20.944802032,742237,,rFF44,100163565,100.00,,
20.944802032,1666784560,,instructions,100164075,100.00,4.44,insn per cycle
20.944802032,375570827,,cycles,100164465,100.00,,
21.045013220,97319,,rD044,100047124,100.00,,
21.045013220,712336,,rFF44,100047144,100.00,,
21.045013220,1683519897,,instructions,100046754,100.00,4.49,insn per cycle
21.045013220,375101922,,cycles,100046424,100.00,,
21.145235707,74077,,rD044,100179394,100.00,,
21.145235707,687555,,rFF44,100179384,100.00,,
21.145235707,1663859650,,instructions,100180054,100.00,4.43,insn per cycle
21.145235707,375636912,,cycles,100180064,100.00,,
21.245445914,101837,,rD044,100162374,100.00,,
21.245445914,736342,,rFF44,100162114,100.00,,
21.245445914,1674004446,,instructions,100161674,100.00,4.46,insn per cycle
21.245445914,375556982,,cycles,100161794,100.00,,
21.345657511,106554,,rD044,100163104,100.00,,
21.345657511,723614,,rFF44,100163294,100.00,,
21.345657511,1688541504,,instructions,100163204,100.00,4.50,insn per cycle
21.345657511,375559016,,cycles,100162944,100.00,,
21.445869179,99439,,rD044,100164694,100.00,,
21.445869179,741315,,rFF44,100164814,100.00,,
21.445869179,1685071545,,instructions,100164674,100.00,4.49,insn per cycle
21.445869179,375570123,,cycles,100164884,100.00,,
21.546096276,95393,,rD044,100181045,100.00,,
21.546096276,722739,,rFF44,100181375,100.00,,
21.546096276,1687455902,,instructions,100181555,100.00,4.49,insn per cycle
21.546096276,375634650,,cycles,100181625,100.00,,
21.646304623,109114,,rD044,100164644,100.00,,
21.646304623,719323,,rFF44,100163734,100.00,,
21.646304623,1674317776,,instructions,100164454,100.00,4.46,insn per cycle
21.646304623,375570396,,cycles,100164424,100.00,,
21.746514250,96036,,rD044,100157673,100.00,,
21.746514250,747020,,rFF44,100158293,100.00,,
21.746514250,1720206048,,instructions,100157534,100.00,4.58,insn per cycle
21.746514250,375537510,,cycles,100157754,100.00,,
21.846725527,101364,,rD044,100136824,100.00,,
21.846725527,725656,,rFF44,100137124,100.00,,
21.846725527,1739444813,,instructions,100136863,100.00,4.63,insn per cycle
21.846725527,375448896,,cycles,100136253,100.00,,
21.946936055,100915,,rD044,100184924,100.00,,
21.946936055,734881,,rFF44,100184924,100.00,,
21.946936055,1725512153,,instructions,100185274,100.00,4.59,insn per cycle
21.946936055,375648162,,cycles,100185544,100.00,,
22.047162342,95307,,rD044,100039073,100.00,,
22.047162342,738329,,rFF44,100038373,100.00,,
22.047162342,1713087554,,instructions,100038823,100.00,4.57,insn per cycle
22.047162342,375077621,,cycles,100038703,100.00,,
22.147372299,109738,,rD044,100165905,100.00,,
22.147372299,726749,,rFF44,100165885,100.00,,
22.147372299,1715791399,,instructions,100165575,100.00,4.57,insn per cycle
22.147372299,375582974,,cycles,100165425,100.00,,
22.247580686,97675,,rD044,100161335,100.00,,
22.247580686,750707,,rFF44,100162985,100.00,,
22.247580686,1714018010,,instructions,100163445,100.00,4.56,insn per cycle
22.247580686,375562835,,cycles,100164175,100.00,,
22.347796313,122310,,rD044,100165474,100.00,,
22.347796313,725100,,rFF44,100165114,100.00,,
22.347796313,1706478214,,instructions,100164224,100.00,4.54,insn per cycle
22.347796313,375559706,,cycles,100163494,100.00,,
22.448006861,103310,,rD044,100164654,100.00,,
22.448006861,701101,,rFF44,100163784,100.00,,
22.448006861,1720706213,,instructions,100163994,100.00,4.58,insn per cycle
22.448006861,375569287,,cycles,100164414,100.00,,
22.548217908,95381,,rD044,100166905,100.00,,
22.548217908,742735,,rFF44,100166735,100.00,,
22.548217908,1718644360,,instructions,100167295,100.00,4.58,insn per cycle
22.548217908,375584388,,cycles,100168235,100.00,,
22.648428655,108048,,rD044,100165645,100.00,,
22.648428655,724205,,rFF44,100165735,100.00,,
22.648428655,1711737090,,instructions,100164925,100.00,4.56,insn per cycle
22.648428655,375567903,,cycles,100163775,100.00,,
22.748633792,99195,,rD044,100158133,100.00,,
22.748633792,759573,,rFF44,100158504,100.00,,
22.748633792,1724499827,,instructions,100159104,100.00,4.59,insn per cycle
22.748633792,375539502,,cycles,100158674,100.00,,
22.848845499,97800,,rD044,100130465,100.00,,
22.848845499,729648,,rFF44,100130414,100.00,,
22.848845499,1727500537,,instructions,100129874,100.00,4.60,insn per cycle
22.848845499,375424935,,cycles,100130644,100.00,,
22.949077267,105960,,rD044,100185715,100.00,,
22.949077267,729995,,rFF44,100185065,100.00,,
22.949077267,1717801289,,instructions,100185995,100.00,4.57,insn per cycle
22.949077267,375652575,,cycles,100186755,100.00,,
23.049322425,95723,,rD044,100087854,100.00,,
23.049322425,748834,,rFF44,100087534,100.00,,
23.049322425,1716209876,,instructions,100087354,100.00,4.57,insn per cycle
23.049322425,375265843,,cycles,100086674,100.00,,
23.149533052,105654,,rD044,100155675,100.00,,
23.149533052,723235,,rFF44,100156965,100.00,,
23.149533052,1715538207,,instructions,100156265,100.00,4.57,insn per cycle
23.149533052,375528361,,cycles,100156055,100.00,,
23.249743899,99992,,rD044,100163395,100.00,,
23.249743899,750255,,rFF44,100162695,100.00,,
23.249743899,1717800938,,instructions,100163455,100.00,4.57,insn per cycle
23.249743899,375560192,,cycles,100163105,100.00,,
23.349954506,95642,,rD044,100159214,100.00,,
23.349954506,727373,,rFF44,100159454,100.00,,
23.349954506,1699625468,,instructions,100158304,100.00,4.53,insn per cycle
23.349954506,375542187,,cycles,100158814,100.00,,
23.450165023,108548,,rD044,100151644,100.00,,
23.450165023,723936,,rFF44,100151534,100.00,,
23.450165023,1701831133,,instructions,100152394,100.00,4.53,insn per cycle
23.450165023,375508657,,cycles,100152414,100.00,,
23.550374731,97335,,rD044,100166735,100.00,,
23.550374731,748741,,rFF44,100165865,100.00,,
23.550374731,1701550361,,instructions,100165375,100.00,4.53,insn per cycle
23.550374731,375575867,,cycles,100165135,100.00,,
23.650582328,100949,,rD044,100161585,100.00,,
23.650582328,715951,,rFF44,100162695,100.00,,
23.650582328,1696334485,,instructions,100162455,100.00,4.52,insn per cycle
23.650582328,375562427,,cycles,100162135,100.00,,
23.750790545,101082,,rD044,100159855,100.00,,
23.750790545,736440,,rFF44,100159315,100.00,,
23.750790545,1700762084,,instructions,100160015,100.00,4.53,insn per cycle
23.750790545,375548989,,cycles,100160295,100.00,,
23.851011682,65542,,rD044,100146385,100.00,,
23.851011682,704025,,rFF44,100146495,100.00,,
23.851011682,1706599782,,instructions,100146965,100.00,4.55,insn per cycle
23.851011682,375483550,,cycles,100147725,100.00,,
23.951224239,109487,,rD044,100155404,100.00,,
23.951224239,721427,,rFF44,100155924,100.00,,
23.951224239,1702587972,,instructions,100155344,100.00,4.53,insn per cycle
23.951224239,375533352,,cycles,100154654,100.00,,
24.051434186,97652,,rD044,100042334,100.00,,
24.051434186,751905,,rFF44,100042284,100.00,,
24.051434186,1716162067,,instructions,100042264,100.00,4.58,insn per cycle
24.051434186,375093619,,cycles,100041794,100.00,,
24.151643914,99849,,rD044,100155855,100.00,,
24.151643914,730528,,rFF44,100155185,100.00,,
24.151643914,1736189053,,instructions,100155095,100.00,4.62,insn per cycle
24.151643914,375527224,,cycles,100155175,100.00,,
24.251850671,108391,,rD044,100160465,100.00,,
24.251850671,742480,,rFF44,100161125,100.00,,
24.251850671,1733873488,,instructions,100161425,100.00,4.62,insn per cycle
24.251850671,375559534,,cycles,100161765,100.00,,
24.352083248,95069,,rD044,100185665,100.00,,
24.352083248,746102,,rFF44,100185005,100.00,,
24.352083248,1720429309,,instructions,100184535,100.00,4.58,insn per cycle
24.352083248,375641479,,cycles,100184405,100.00,,
24.452295376,110297,,rD044,100164374,100.00,,
24.452295376,732665,,rFF44,100164684,100.00,,
24.452295376,1724585289,,instructions,100165015,100.00,4.59,insn per cycle
24.452295376,375574192,,cycles,100165955,100.00,,
24.552507243,99462,,rD044,100165783,100.00,,
24.552507243,762848,,rFF44,100166763,100.00,,
24.552507243,1725516350,,instructions,100166032,100.00,4.59,insn per cycle
24.552507243,375572849,,cycles,100165222,100.00,,
24.652717860,97320,,rD044,100163355,100.00,,
24.652717860,727924,,rFF44,100161895,100.00,,
24.652717860,1713815314,,instructions,100163335,100.00,4.56,insn per cycle
24.652717860,375563537,,cycles,100163255,100.00,,
24.752928807,105041,,rD044,100164765,100.00,,
24.752928807,734075,,rFF44,100180615,100.00,,
24.752928807,1718727071,,instructions,100181105,100.00,4.58,insn per cycle
24.752928807,375631530,,cycles,100180955,100.00,,
24.853155405,95274,,rD044,100153133,100.00,,
24.853155405,749290,,rFF44,100137553,100.00,,
24.853155405,1713529771,,instructions,100135923,100.00,4.56,insn per cycle
24.853155405,375448853,,cycles,100137093,100.00,,
24.953400342,106712,,rD044,100196465,100.00,,
24.953400342,724030,,rFF44,100196435,100.00,,
24.953400342,1709113776,,instructions,100196615,100.00,4.55,insn per cycle
24.953400342,375684975,,cycles,100195855,100.00,,
25.053606759,100913,,rD044,100037603,100.00,,
25.053606759,744105,,rFF44,100038424,100.00,,
25.053606759,1709054897,,instructions,100039594,100.00,4.56,insn per cycle
25.053606759,375081172,,cycles,100039174,100.00,,
25.153817926,95761,,rD044,100157544,100.00,,
25.153817926,726835,,rFF44,100157463,100.00,,
25.153817926,1712181983,,instructions,100156443,100.00,4.56,insn per cycle
25.153817926,375536397,,cycles,100156923,100.00,,
25.254026704,106234,,rD044,100164255,100.00,,
25.254026704,724950,,rFF44,100163615,100.00,,
25.254026704,1706525905,,instructions,100163715,100.00,4.54,insn per cycle
25.254026704,375569128,,cycles,100163395,100.00,,
25.354235191,95422,,rD044,100160345,100.00,,
25.354235191,756396,,rFF44,100159705,100.00,,
25.354235191,1728397477,,instructions,100159675,100.00,4.60,insn per cycle
25.354235191,375549140,,cycles,100160405,100.00,,
25.454447188,104540,,rD044,100164214,100.00,,
25.454447188,726499,,rFF44,100165044,100.00,,
25.454447188,1729586006,,instructions,100165154,100.00,4.61,insn per cycle
25.454447188,375565685,,cycles,100164844,100.00,,
25.554661105,103739,,rD044,100168384,100.00,,
25.554661105,743282,,rFF44,100168095,100.00,,
25.554661105,1719056920,,instructions,100168505,100.00,4.58,insn per cycle
25.554661105,375582787,,cycles,100167775,100.00,,
25.654872472,95157,,rD044,100164315,100.00,,
25.654872472,741275,,rFF44,100164714,100.00,,
25.654872472,1714126278,,instructions,100164904,100.00,4.56,insn per cycle
25.654872472,375577320,,cycles,100166254,100.00,,
25.755099760,105991,,rD044,100180295,100.00,,
25.755099760,729781,,rFF44,100179665,100.00,,
25.755099760,1714048456,,instructions,100178875,100.00,4.56,insn per cycle
25.755099760,375621106,,cycles,100178295,100.00,,
25.855309287,96561,,rD044,100134965,100.00,,
25.855309287,759331,,rFF44,100135835,100.00,,
25.855309287,1712814984,,instructions,100135885,100.00,4.56,insn per cycle
25.855309287,375443036,,cycles,100136565,100.00,,
25.955523364,100415,,rD044,100164575,100.00,,
25.955523364,720862,,rFF44,100164195,100.00,,
25.955523364,1706132472,,instructions,100164545,100.00,4.54,insn per cycle
25.955523364,375567082,,cycles,100164135,100.00,,
26.055733891,105401,,rD044,100052845,100.00,,
26.055733891,729518,,rFF44,100053285,100.00,,
26.055733891,1709003479,,instructions,100053175,100.00,4.56,insn per cycle
26.055733891,375140333,,cycles,100052715,100.00,,
26.155963529,94545,,rD044,100165294,100.00,,
26.155963529,741874,,rFF44,100165304,100.00,,
26.155963529,1712747995,,instructions,100165365,100.00,4.56,insn per cycle
26.155963529,375557595,,cycles,100165895,100.00,,
26.256171266,106385,,rD044,100164925,100.00,,
26.256171266,718443,,rFF44,100164575,100.00,,
26.256171266,1709692246,,instructions,100164284,100.00,4.55,insn per cycle
26.256171266,375575101,,cycles,100163444,100.00,,
26.356378153,101008,,rD044,100161855,100.00,,
26.356378153,747666,,rFF44,100160895,100.00,,
26.356378153,1716943762,,instructions,100161995,100.00,4.57,insn per cycle
26.356378153,375558140,,cycles,100162755,100.00,,
26.456590320,96793,,rD044,100161935,100.00,,
26.456590320,730639,,rFF44,100162505,100.00,,
26.456590320,1717575615,,instructions,100161405,100.00,4.57,insn per cycle
26.456590320,375548046,,cycles,100160815,100.00,,
26.556801328,105726,,rD044,100165815,100.00,,
26.556801328,726114,,rFF44,100165835,100.00,,
26.556801328,1713219250,,instructions,100166195,100.00,4.56,insn per cycle
26.556801328,375578182,,cycles,100166545,100.00,,
26.657013355,93847,,rD044,100164774,100.00,,
26.657013355,752978,,rFF44,100165104,100.00,,
26.657013355,1726813356,,instructions,100165104,100.00,4.60,insn per cycle
26.657013355,375570972,,cycles,100164735,100.00,,
26.757223732,105511,,rD044,100164075,100.00,,
26.757223732,725401,,rFF44,100162885,100.00,,
26.757223732,1726684030,,instructions,100162775,100.00,4.60,insn per cycle
26.757223732,375564280,,cycles,100162844,100.00,,
26.857458839,102427,,rD044,100161924,100.00,,
26.857458839,741566,,rFF44,100162564,100.00,,
26.857458839,1721922673,,instructions,100163434,100.00,4.59,insn per cycle
26.857458839,375544066,,cycles,100163424,100.00,,
26.957669987,92615,,rD044,100163385,100.00,,
26.957669987,738398,,rFF44,100163665,100.00,,
26.957669987,1722877291,,instructions,100162455,100.00,4.59,insn per cycle
26.957669987,375559301,,cycles,100162415,100.00,,
27.057880094,109007,,rD044,100048245,100.00,,
27.057880094,730875,,rFF44,100049295,100.00,,
27.057880094,1719489948,,instructions,100049055,100.00,4.58,insn per cycle
27.057880094,375127703,,cycles,100049535,100.00,,
27.158122201,96550,,rD044,100183774,100.00,,
27.158122201,759192,,rFF44,100182784,100.00,,
27.158122201,1725768693,,instructions,100183334,100.00,4.59,insn per cycle
27.158122201,375618265,,cycles,100182514,100.00,,
27.258330409,106320,,rD044,100166134,100.00,,
27.258330409,727723,,rFF44,100167435,100.00,,
27.258330409,1719453831,,instructions,100167985,100.00,4.58,insn per cycle
27.258330409,375592705,,cycles,100168305,100.00,,
27.358543606,101717,,rD044,100165704,100.00,,
27.358543606,735713,,rFF44,100163983,100.00,,
27.358543606,1695106908,,instructions,100164163,100.00,4.51,insn per cycle
27.358543606,375567453,,cycles,100164033,100.00,,
27.458755853,95562,,rD044,100154385,100.00,,
27.458755853,733161,,rFF44,100154635,100.00,,
27.458755853,1694360657,,instructions,100153945,100.00,4.51,insn per cycle
27.458755853,375516934,,cycles,100154445,100.00,,
27.558966130,109825,,rD044,100158745,100.00,,
27.558966130,722473,,rFF44,100158845,100.00,,
27.558966130,1691888115,,instructions,100158865,100.00,4.51,insn per cycle
27.558966130,375549162,,cycles,100159085,100.00,,
27.659178787,97328,,rD044,100164764,100.00,,
27.659178787,720903,,rFF44,100164664,100.00,,
27.659178787,1695995520,,instructions,100164934,100.00,4.52,insn per cycle
27.659178787,375569232,,cycles,100164564,100.00,,
27.759388535,97932,,rD044,100162564,100.00,,
27.759388535,725507,,rFF44,100162645,100.00,,
27.759388535,1691012429,,instructions,100162945,100.00,4.50,insn per cycle
27.759388535,375563097,,cycles,100162755,100.00,,
27.859600262,104839,,rD044,100131705,100.00,,
27.859600262,724115,,rFF44,100131244,100.00,,
27.859600262,1697372295,,instructions,100130564,100.00,4.52,insn per cycle
27.859600262,375422496,,cycles,100130784,100.00,,
27.959807059,95658,,rD044,100161355,100.00,,
27.959807059,736647,,rFF44,100162545,100.00,,
27.959807059,1700776678,,instructions,100162065,100.00,4.53,insn per cycle
27.959807059,375563736,,cycles,100162365,100.00,,
28.060021026,106727,,rD044,100051074,100.00,,
28.060021026,716858,,rFF44,100050774,100.00,,
28.060021026,1697015600,,instructions,100051014,100.00,4.52,insn per cycle
28.060021026,375124939,,cycles,100051004,100.00,,
28.160232643,99250,,rD044,100167395,100.00,,
28.160232643,743674,,rFF44,100167275,100.00,,
28.160232643,1700820896,,instructions,100167145,100.00,4.53,insn per cycle
28.160232643,375581155,,cycles,100166445,100.00,,
28.260442371,96815,,rD044,100154494,100.00,,
28.260442371,719553,,rFF44,100154605,100.00,,
28.260442371,1698971280,,instructions,100154995,100.00,4.52,insn per cycle
28.260442371,375526520,,cycles,100155655,100.00,,
28.360653078,107281,,rD044,100164405,100.00,,
28.360653078,723066,,rFF44,100163654,100.00,,
28.360653078,1728465515,,instructions,100164304,100.00,4.60,insn per cycle
28.360653078,375570412,,cycles,100164054,100.00,,
28.460863845,90374,,rD044,100163285,100.00,,
28.460863845,744764,,rFF44,100163745,100.00,,
28.460863845,1731199538,,instructions,100163045,100.00,4.61,insn per cycle
28.460863845,375560677,,cycles,100163225,100.00,,
28.561096352,104043,,rD044,100182504,100.00,,
28.561096352,721341,,rFF44,100182594,100.00,,
28.561096352,1726057199,,instructions,100183814,100.00,4.60,insn per cycle
28.561096352,375635113,,cycles,100183654,100.00,,
28.661308770,101979,,rD044,100166854,100.00,,
28.661308770,741320,,rFF44,100166814,100.00,,
28.661308770,1720641731,,instructions,100165864,100.00,4.58,insn per cycle
28.661308770,375576709,,cycles,100166094,100.00,,
28.761548397,96402,,rD044,100192545,100.00,,
28.761548397,728923,,rFF44,100193375,100.00,,
28.761548397,1719274208,,instructions,100193615,100.00,4.58,insn per cycle
28.761548397,375677536,,cycles,100193325,100.00,,
28.861758424,107073,,rD044,98955888,100.00,,
28.861758424,712760,,rFF44,98954858,100.00,,
28.861758424,1667969783,,instructions,98954178,100.00,4.50,insn per cycle
28.861758424,370998740,,cycles,98953788,100.00,,
28.961994782,94682,,rD044,100172363,100.00,,
28.961994782,747294,,rFF44,100172103,100.00,,
28.961994782,1687400497,,instructions,100172874,100.00,4.49,insn per cycle
28.961994782,375603930,,cycles,100173344,100.00,,
29.062211219,101223,,rD044,100050325,100.00,,
29.062211219,716755,,rFF44,100051015,100.00,,
29.062211219,1684436541,,instructions,100051004,100.00,4.49,insn per cycle
29.062211219,375129842,,cycles,100051234,100.00,,
29.162422126,106246,,rD044,100163824,100.00,,
29.162422126,732180,,rFF44,100163624,100.00,,
29.162422126,1687279771,,instructions,100162384,100.00,4.49,insn per cycle
29.162422126,375559382,,cycles,100161894,100.00,,
29.262631243,94424,,rD044,100152365,100.00,,
29.262631243,736932,,rFF44,100152315,100.00,,
29.262631243,1688523975,,instructions,100153255,100.00,4.50,insn per cycle
29.262631243,375517791,,cycles,100152995,100.00,,
29.362837111,74116,,rD044,100159775,100.00,,
29.362837111,685817,,rFF44,100160315,100.00,,
29.362837111,1690954035,,instructions,100159985,100.00,4.50,insn per cycle
29.362837111,375546671,,cycles,100160195,100.00,,
29.463045528,97120,,rD044,100161043,100.00,,
29.463045528,745503,,rFF44,100159543,100.00,,
29.463045528,1685118487,,instructions,100159933,100.00,4.49,insn per cycle
29.463045528,375548654,,cycles,100160784,100.00,,
29.563258485,99394,,rD044,100163145,100.00,,
29.563258485,724152,,rFF44,100163335,100.00,,
29.563258485,1721150686,,instructions,100163305,100.00,4.58,insn per cycle
29.563258485,375560470,,cycles,100163724,100.00,,
29.663471012,107950,,rD044,100166544,100.00,,
29.663471012,724855,,rFF44,100167264,100.00,,
29.663471012,1713209080,,instructions,100167244,100.00,4.56,insn per cycle
29.663471012,375575875,,cycles,100166544,100.00,,
29.763681879,93575,,rD044,100165845,100.00,,
29.763681879,744860,,rFF44,100165635,100.00,,
29.763681879,1720069473,,instructions,100165135,100.00,4.58,insn per cycle
29.763681879,375570723,,cycles,100164505,100.00,,
29.863890687,105226,,rD044,100136015,100.00,,
29.863890687,723810,,rFF44,100135525,100.00,,
29.863890687,1718150689,,instructions,100135425,100.00,4.58,insn per cycle
29.863890687,375437586,,cycles,100135435,100.00,,
29.964118194,100189,,rD044,100182594,100.00,,
29.964118194,744519,,rFF44,100183504,100.00,,
29.964118194,1718612425,,instructions,100183604,100.00,4.58,insn per cycle
29.964118194,375644453,,cycles,100183584,100.00,,
30.064327721,97449,,rD044,100034534,100.00,,
30.064327721,734383,,rFF44,100034654,100.00,,
30.064327721,1719206055,,instructions,100034604,100.00,4.58,insn per cycle
30.064327721,375069470,,cycles,100035584,100.00,,
30.164537468,107471,,rD044,100163644,100.00,,
30.164537468,728150,,rFF44,100162554,100.00,,
30.164537468,1717635563,,instructions,100163064,100.00,4.57,insn per cycle
30.164537468,375563304,,cycles,100162774,100.00,,
30.264747985,99323,,rD044,100153795,100.00,,
30.264747985,751156,,rFF44,100154505,100.00,,
30.264747985,1712212431,,instructions,100154035,100.00,4.56,insn per cycle
30.264747985,375513701,,cycles,100153735,100.00,,
30.364956973,101927,,rD044,100164325,100.00,,
30.364956973,720210,,rFF44,100164545,100.00,,
30.364956973,1708847885,,instructions,100164735,100.00,4.55,insn per cycle
30.364956973,375576297,,cycles,100165225,100.00,,
30.465165710,103171,,rD044,100161133,100.00,,
30.465165710,737653,,rFF44,100160064,100.00,,
30.465165710,1702557906,,instructions,100159684,100.00,4.53,insn per cycle
30.465165710,375544052,,cycles,100159194,100.00,,
30.565374707,94327,,rD044,100159805,100.00,,
30.565374707,731612,,rFF44,100161014,100.00,,
30.565374707,1707473022,,instructions,100162444,100.00,4.55,insn per cycle
30.565374707,375556723,,cycles,100162064,100.00,,
30.665603564,106221,,rD044,100177855,100.00,,
30.665603564,715605,,rFF44,100176595,100.00,,
30.665603564,1704234498,,instructions,100175685,100.00,4.54,insn per cycle
30.665603564,375613739,,cycles,100176365,100.00,,
30.765813312,95715,,rD044,100163114,100.00,,
30.765813312,744029,,rFF44,100164214,100.00,,
30.765813312,1707406966,,instructions,100164264,100.00,4.55,insn per cycle
30.765813312,375566511,,cycles,100164064,100.00,,
30.866023449,99375,,rD044,100131475,100.00,,
30.866023449,717492,,rFF44,100131565,100.00,,
30.866023449,1700830430,,instructions,100131415,100.00,4.53,insn per cycle
30.866023449,375424469,,cycles,100130675,100.00,,
30.966233746,106832,,rD044,100167895,100.00,,
30.966233746,721388,,rFF44,100166945,100.00,,
30.966233746,1697540228,,instructions,100166755,100.00,4.52,insn per cycle
30.966233746,375587482,,cycles,100166835,100.00,,
31.066443273,94552,,rD044,100048943,100.00,,
31.066443273,739465,,rFF44,100050403,100.00,,
31.066443273,1701332262,,instructions,100050403,100.00,4.54,insn per cycle
31.066443273,375127965,,cycles,100051403,100.00,,
31.166654430,103347,,rD044,100159795,100.00,,
31.166654430,715670,,rFF44,100159325,100.00,,
31.166654430,1697240716,,instructions,100160495,100.00,4.52,insn per cycle
31.166654430,375552206,,cycles,100159985,100.00,,
31.266865478,98101,,rD044,100153695,100.00,,
31.266865478,734623,,rFF44,100153365,100.00,,
31.266865478,1697145169,,instructions,100152085,100.00,4.52,insn per cycle
31.266865478,375504553,,cycles,100152175,100.00,,
31.367110245,97348,,rD044,100201984,100.00,,
31.367110245,723234,,rFF44,100201414,100.00,,
31.367110245,1707082001,,instructions,100201684,100.00,4.54,insn per cycle
31.367110245,375720091,,cycles,100201934,100.00,,
31.467319942,108697,,rD044,100150434,100.00,,
31.467319942,680376,,rFF44,100151234,100.00,,
31.467319942,1698671052,,instructions,100150714,100.00,4.52,insn per cycle
31.467319942,375496788,,cycles,100150074,100.00,,
31.567529579,95525,,rD044,100163164,100.00,,
31.567529579,742875,,rFF44,100163125,100.00,,
31.567529579,1701860254,,instructions,100163715,100.00,4.53,insn per cycle
31.567529579,375570574,,cycles,100164195,100.00,,
31.667739227,100850,,rD044,100158984,100.00,,
31.667739227,718192,,rFF44,100159223,100.00,,
31.667739227,1706846263,,instructions,100159843,100.00,4.54,insn per cycle
31.667739227,375545998,,cycles,100159473,100.00,,
31.767933694,102500,,rD044,100153405,100.00,,
31.767933694,723642,,rFF44,100152465,100.00,,
31.767933694,1703415292,,instructions,100151915,100.00,4.54,insn per cycle
31.767933694,375520321,,cycles,100151605,100.00,,
31.868150481,95417,,rD044,100136935,100.00,,
31.868150481,737469,,rFF44,100136735,100.00,,
31.868150481,1711063810,,instructions,100136635,100.00,4.56,insn per cycle
31.868150481,375446576,,cycles,100137115,100.00,,
31.968359188,108172,,rD044,100164205,100.00,,
31.968359188,722556,,rFF44,100164065,100.00,,
31.968359188,1704322570,,instructions,100164015,100.00,4.54,insn per cycle
31.968359188,375574882,,cycles,100164055,100.00,,
32.068568255,96382,,rD044,100041794,100.00,,
32.068568255,749371,,rFF44,100042744,100.00,,
32.068568255,1698968936,,instructions,100042834,100.00,4.53,insn per cycle
32.068568255,375090037,,cycles,100042974,100.00,,
32.168780222,99585,,rD044,100161275,100.00,,
32.168780222,729808,,rFF44,100161205,100.00,,
32.168780222,1691128221,,instructions,100162085,100.00,4.50,insn per cycle
32.168780222,375555834,,cycles,100161665,100.00,,
32.268992270,107792,,rD044,100164335,100.00,,
32.268992270,732163,,rFF44,100164845,100.00,,
32.268992270,1686867495,,instructions,100163955,100.00,4.49,insn per cycle
32.268992270,375566489,,cycles,100163705,100.00,,
32.369203307,95079,,rD044,100156955,100.00,,
32.369203307,742402,,rFF44,100156815,100.00,,
32.369203307,1686384133,,instructions,100156915,100.00,4.49,insn per cycle
32.369203307,375532879,,cycles,100156705,100.00,,
32.469412744,73841,,rD044,100164345,100.00,,
32.469412744,688103,,rFF44,100163505,100.00,,
32.469412744,1687239241,,instructions,100163385,100.00,4.49,insn per cycle
32.469412744,375567504,,cycles,100163925,100.00,,
32.569637491,98535,,rD044,100177503,100.00,,
32.569637491,750186,,rFF44,100177504,100.00,,
32.569637491,1695147857,,instructions,100176684,100.00,4.51,insn per cycle
32.569637491,375609788,,cycles,100176504,100.00,,
32.669849569,102648,,rD044,100160434,100.00,,
32.669849569,724642,,rFF44,100161453,100.00,,
32.669849569,1692217072,,instructions,100161893,100.00,4.51,insn per cycle
32.669849569,375557628,,cycles,100163293,100.00,,
32.770080696,106740,,rD044,100184545,100.00,,
32.770080696,724386,,rFF44,100183655,100.00,,
32.770080696,1690518600,,instructions,100183935,100.00,4.50,insn per cycle
32.770080696,375638663,,cycles,100183165,100.00,,
32.870289473,95575,,rD044,100133964,100.00,,
32.870289473,748678,,rFF44,100133874,100.00,,
32.870289473,1698899274,,instructions,100133744,100.00,4.53,insn per cycle
32.870289473,375435941,,cycles,100133134,100.00,,
32.970497250,104878,,rD044,100160305,100.00,,
32.970497250,725843,,rFF44,100161435,100.00,,
32.970497250,1707362159,,instructions,100161655,100.00,4.55,insn per cycle
32.970497250,375562492,,cycles,100161705,100.00,,
33.070704057,99976,,rD044,100039005,100.00,,
33.070704057,745193,,rFF44,100038055,100.00,,
33.070704057,1697446500,,instructions,100037685,100.00,4.53,insn per cycle
33.070704057,375073760,,cycles,100038025,100.00,,
33.170914815,96620,,rD044,100160164,100.00,,
33.170914815,738827,,rFF44,100161084,100.00,,
33.170914815,1746778478,,instructions,100160884,100.00,4.65,insn per cycle
33.170914815,375613515,,cycles,100177424,100.00,,
33.271146852,113712,,rD044,100186084,100.00,,
33.271146852,739268,,rFF44,100186494,100.00,,
33.271146852,1773367492,,instructions,100186744,100.00,4.72,insn per cycle
33.271146852,375588267,,cycles,100170394,100.00,,
33.371360219,95197,,rD044,100158785,100.00,,
33.371360219,766409,,rFF44,100159245,100.00,,
33.371360219,1766140887,,instructions,100158755,100.00,4.70,insn per cycle
33.371360219,375538058,,cycles,100158985,100.00,,
33.471571917,107199,,rD044,100165184,100.00,,
33.471571917,740828,,rFF44,100164244,100.00,,
33.471571917,1749435146,,instructions,100164774,100.00,4.66,insn per cycle
33.471571917,375568369,,cycles,100163764,100.00,,
33.571782554,102930,,rD044,100162224,100.00,,
33.571782554,750823,,rFF44,100162064,100.00,,
33.571782554,1749640787,,instructions,100162914,100.00,4.66,insn per cycle
33.571782554,375559194,,cycles,100163344,100.00,,
33.671993951,95931,,rD044,100163844,100.00,,
33.671993951,740592,,rFF44,100163284,100.00,,
33.671993951,1743980705,,instructions,100162435,100.00,4.64,insn per cycle
33.671993951,375556097,,cycles,100162665,100.00,,
33.772204568,106575,,rD044,100164135,100.00,,
33.772204568,734060,,rFF44,100164155,100.00,,
33.772204568,1743750130,,instructions,100164194,100.00,4.64,insn per cycle
33.772204568,375566797,,cycles,100163654,100.00,,
33.872413585,96201,,rD044,100137885,100.00,,
33.872413585,766917,,rFF44,100138215,100.00,,
33.872413585,1744434505,,instructions,100137925,100.00,4.65,insn per cycle
33.872413585,375454908,,cycles,100137955,100.00,,
33.972623263,106212,,rD044,100165064,100.00,,
33.972623263,744017,,rFF44,100165194,100.00,,
33.972623263,1744677075,,instructions,100165704,100.00,4.65,insn per cycle
33.972623263,375575629,,cycles,100165994,100.00,,
34.072842600,104202,,rD044,100039204,100.00,,
34.072842600,757262,,rFF44,100039904,100.00,,
34.072842600,1747743586,,instructions,100039674,100.00,4.66,insn per cycle
34.072842600,375063217,,cycles,100039204,100.00,,
34.173054847,96892,,rD044,100165134,100.00,,
34.173054847,751812,,rFF44,100164475,100.00,,
34.173054847,1764913508,,instructions,100164085,100.00,4.70,insn per cycle
34.173054847,375569329,,cycles,100164055,100.00,,
34.273264594,107357,,rD044,100162445,100.00,,
34.273264594,744143,,rFF44,100162154,100.00,,
34.273264594,1764704519,,instructions,100162594,100.00,4.70,insn per cycle
34.273264594,375565870,,cycles,100163084,100.00,,
34.373475741,95929,,rD044,100154405,100.00,,
34.373475741,769484,,rFF44,100154595,100.00,,
34.373475741,1759530976,,instructions,100154785,100.00,4.69,insn per cycle
34.373475741,375521598,,cycles,100154375,100.00,,
34.473716899,106391,,rD044,100196715,100.00,,
34.473716899,748750,,rFF44,100196845,100.00,,
34.473716899,1766921446,,instructions,100196595,100.00,4.70,insn per cycle
34.473716899,375697065,,cycles,100198545,100.00,,
34.573926916,105402,,rD044,100163185,100.00,,
34.573926916,763754,,rFF44,100197125,100.00,,
34.573926916,1762983383,,instructions,100197475,100.00,4.69,insn per cycle
34.573926916,375689773,,cycles,100196175,100.00,,
34.674173114,96119,,rD044,100200615,100.00,,
34.674173114,747800,,rFF44,100166345,100.00,,
34.674173114,1749525979,,instructions,100166435,100.00,4.66,insn per cycle
34.674173114,375573034,,cycles,100166005,100.00,,
34.774384611,107979,,rD044,100160275,100.00,,
34.774384611,738833,,rFF44,100161595,100.00,,
34.774384611,1754597859,,instructions,100160885,100.00,4.67,insn per cycle
34.774384611,375556024,,cycles,100161245,100.00,,
34.874597328,128636,,rD044,100139043,100.00,,
34.874597328,802040,,rFF44,100137313,100.00,,
34.874597328,1753749685,,instructions,100137623,100.00,4.67,insn per cycle
34.874597328,375455940,,cycles,100137963,100.00,,
34.974806275,101858,,rD044,100163685,100.00,,
34.974806275,740744,,rFF44,100164505,100.00,,
34.974806275,1752844358,,instructions,100164385,100.00,4.67,insn per cycle
34.974806275,375572424,,cycles,100164285,100.00,,
35.075017353,102099,,rD044,100046815,100.00,,
35.075017353,760053,,rFF44,100046855,100.00,,
35.075017353,1754921513,,instructions,100048185,100.00,4.68,insn per cycle
35.075017353,375107147,,cycles,100047815,100.00,,
35.175229900,97353,,rD044,100163724,100.00,,
35.175229900,754723,,rFF44,100163364,100.00,,
35.175229900,1752873284,,instructions,100163034,100.00,4.67,insn per cycle
35.175229900,375554056,,cycles,100162704,100.00,,
35.275443997,111413,,rD044,100162805,100.00,,
35.275443997,745653,,rFF44,100164245,100.00,,
35.275443997,1761556741,,instructions,100163085,100.00,4.69,insn per cycle
35.275443997,375559129,,cycles,100162905,100.00,,
35.375655244,96862,,rD044,100155524,100.00,,
35.375655244,769966,,rFF44,100154154,100.00,,
35.375655244,1761709959,,instructions,100154424,100.00,4.69,insn per cycle
35.375655244,375516412,,cycles,100154804,100.00,,
35.475865731,102854,,rD044,100152504,100.00,,
35.475865731,744692,,rFF44,100152284,100.00,,
35.475865731,1756706995,,instructions,100152084,100.00,4.68,insn per cycle
35.475865731,375510450,,cycles,100152334,100.00,,
35.576089709,106523,,rD044,100181295,100.00,,
35.576089709,761107,,rFF44,100181335,100.00,,
35.576089709,1750722243,,instructions,100181615,100.00,4.66,insn per cycle
35.576089709,375640970,,cycles,100182275,100.00,,
35.676299776,96630,,rD044,100163025,100.00,,
35.676299776,759203,,rFF44,100163085,100.00,,
35.676299776,1750115784,,instructions,100163005,100.00,4.66,insn per cycle
35.676299776,375560547,,cycles,100163355,100.00,,
35.776519113,107192,,rD044,100167565,100.00,,
35.776519113,750314,,rFF44,100168385,100.00,,
35.776519113,1750003132,,instructions,100168615,100.00,4.66,insn per cycle
35.776519113,375575057,,cycles,100167595,100.00,,
35.876729050,95845,,rD044,100139175,100.00,,
35.876729050,770612,,rFF44,100138735,100.00,,
35.876729050,1742362774,,instructions,100139205,100.00,4.64,insn per cycle
35.876729050,375463479,,cycles,100139175,100.00,,
35.976959488,107206,,rD044,100184034,100.00,,
35.976959488,740061,,rFF44,100183754,100.00,,
35.976959488,1729312602,,instructions,100183674,100.00,4.60,insn per cycle
35.976959488,375641739,,cycles,100183524,100.00,,
36.077168425,105397,,rD044,100046685,100.00,,
36.077168425,758793,,rFF44,100046335,100.00,,
36.077168425,1728469688,,instructions,100046005,100.00,4.61,insn per cycle
36.077168425,375107578,,cycles,100046655,100.00,,
36.177379122,96568,,rD044,100165995,100.00,,
36.177379122,751955,,rFF44,100166345,100.00,,
36.177379122,1729631481,,instructions,100165965,100.00,4.61,insn per cycle
36.177379122,375578538,,cycles,100165965,100.00,,
36.277591159,110004,,rD044,100166555,100.00,,
36.277591159,742399,,rFF44,100165885,100.00,,
36.277591159,1728878246,,instructions,100166175,100.00,4.60,insn per cycle
36.277591159,375569790,,cycles,100165895,100.00,,
36.377832717,95944,,rD044,100180965,100.00,,
36.377832717,762319,,rFF44,100181325,100.00,,
36.377832717,1739705117,,instructions,100181345,100.00,4.63,insn per cycle
36.377832717,375612909,,cycles,100181105,100.00,,
36.478042884,109101,,rD044,100167595,100.00,,
36.478042884,739759,,rFF44,100167235,100.00,,
36.478042884,1763603439,,instructions,100167095,100.00,4.70,insn per cycle
36.478042884,375589489,,cycles,100167165,100.00,,
36.578252341,104984,,rD044,100164654,100.00,,
36.578252341,769463,,rFF44,100164874,100.00,,
36.578252341,1762603353,,instructions,100165494,100.00,4.69,insn per cycle
36.578252341,375572078,,cycles,100165164,100.00,,
36.678462859,97832,,rD044,100164605,100.00,,
36.678462859,752417,,rFF44,100164615,100.00,,
36.678462859,1764183468,,instructions,100164105,100.00,4.70,insn per cycle
36.678462859,375561322,,cycles,100164035,100.00,,
36.778676016,106703,,rD044,100161704,100.00,,
36.778676016,744773,,rFF44,100161324,100.00,,
36.778676016,1756449137,,instructions,100162254,100.00,4.68,insn per cycle
36.778676016,375554943,,cycles,100162234,100.00,,
36.878888603,97133,,rD044,100143395,100.00,,
36.878888603,771860,,rFF44,100143765,100.00,,
36.878888603,1796721947,,instructions,100142815,100.00,4.79,insn per cycle
36.878888603,375478506,,cycles,100142995,100.00,,
36.979114690,107778,,rD044,100181945,100.00,,
36.979114690,745274,,rFF44,100182255,100.00,,
36.979114690,1798106193,,instructions,100182525,100.00,4.79,insn per cycle
36.979114690,375637663,,cycles,100182395,100.00,,
37.079330088,100446,,rD044,100051373,100.00,,
37.079330088,760604,,rFF44,100050813,100.00,,
37.079330088,1729856889,,instructions,100050484,100.00,4.61,insn per cycle
37.079330088,375128700,,cycles,100050544,100.00,,
37.179538745,98680,,rD044,100163035,100.00,,
37.179538745,733984,,rFF44,100163645,100.00,,
37.179538745,1698673535,,instructions,100163994,100.00,4.52,insn per cycle
37.179538745,375562000,,cycles,100163674,100.00,,
37.279750282,106783,,rD044,100162885,100.00,,
37.279750282,734432,,rFF44,100163915,100.00,,
37.279750282,1703412399,,instructions,100163285,100.00,4.54,insn per cycle
37.279750282,375563404,,cycles,100163985,100.00,,
37.379964249,94260,,rD044,100167505,100.00,,
37.379964249,754510,,rFF44,100165885,100.00,,
37.379964249,1705999278,,instructions,100166675,100.00,4.54,insn per cycle
37.379964249,375577639,,cycles,100166545,100.00,,
37.480174396,108277,,rD044,100153095,100.00,,
37.480174396,732269,,rFF44,100153495,100.00,,
37.480174396,1714118123,,instructions,100153725,100.00,4.56,insn per cycle
37.480174396,375520765,,cycles,100153495,100.00,,
37.580384744,72616,,rD044,100164014,100.00,,
37.580384744,714442,,rFF44,100164234,100.00,,
37.580384744,1719107179,,instructions,100163005,100.00,4.58,insn per cycle
37.580384744,375557017,,cycles,100163405,100.00,,
37.680595111,95979,,rD044,100162455,100.00,,
37.680595111,733627,,rFF44,100161955,100.00,,
37.680595111,1727839817,,instructions,100163104,100.00,4.60,insn per cycle
37.680595111,375561953,,cycles,100163294,100.00,,
37.780807198,106122,,rD044,100165115,100.00,,
37.780807198,734339,,rFF44,100165575,100.00,,
37.780807198,1732994619,,instructions,100165535,100.00,4.61,insn per cycle
37.780807198,375572244,,cycles,100165715,100.00,,
37.881020595,95941,,rD044,100144705,100.00,,
37.881020595,760520,,rFF44,100144535,100.00,,
37.881020595,1732739599,,instructions,100144705,100.00,4.61,insn per cycle
37.881020595,375483797,,cycles,100144095,100.00,,
37.981229592,105734,,rD044,100163345,100.00,,
37.981229592,732884,,rFF44,100163385,100.00,,
37.981229592,1725899930,,instructions,100163195,100.00,4.60,insn per cycle
37.981229592,375565367,,cycles,100163495,100.00,,
38.081439530,102969,,rD044,100045173,100.00,,
38.081439530,748718,,rFF44,100045383,100.00,,
38.081439530,1720526498,,instructions,100044474,100.00,4.59,insn per cycle
38.081439530,375102125,,cycles,100043924,100.00,,
38.181649707,97451,,rD044,100163145,100.00,,
38.181649707,742700,,rFF44,100164485,100.00,,
38.181649707,1729486974,,instructions,100165144,100.00,4.60,insn per cycle
38.181649707,375579927,,cycles,100165634,100.00,,
38.281874434,107661,,rD044,100177054,100.00,,
38.281874434,741957,,rFF44,100175994,100.00,,
38.281874434,1734446979,,instructions,100175174,100.00,4.62,insn per cycle
38.281874434,375608470,,cycles,100175234,100.00,,
38.382101721,94324,,rD044,100174525,100.00,,
38.382101721,766978,,rFF44,100173805,100.00,,
38.382101721,1725793212,,instructions,100173635,100.00,4.59,insn per cycle
38.382101721,375604693,,cycles,100173825,100.00,,
38.482311889,106209,,rD044,100154604,100.00,,
38.482311889,735550,,rFF44,100154684,100.00,,
38.482311889,1722668152,,instructions,100155214,100.00,4.59,insn per cycle
38.482311889,375524073,,cycles,100154934,100.00,,
38.582521226,104552,,rD044,100159645,100.00,,
38.582521226,752550,,rFF44,100159825,100.00,,
38.582521226,1724397541,,instructions,100159815,100.00,4.59,insn per cycle
38.582521226,375549131,,cycles,100159245,100.00,,
38.682731013,96790,,rD044,100163894,100.00,,
38.682731013,742174,,rFF44,100163444,100.00,,
38.682731013,1734893288,,instructions,100163304,100.00,4.62,insn per cycle
38.682731013,375567983,,cycles,100164314,100.00,,
38.782972961,105917,,rD044,100193594,100.00,,
38.782972961,740716,,rFF44,100194124,100.00,,
38.782972961,1763197074,,instructions,100194214,100.00,4.69,insn per cycle
38.782972961,375672310,,cycles,100193064,100.00,,
38.883185538,96589,,rD044,100138965,100.00,,
38.883185538,767507,,rFF44,100139115,100.00,,
38.883185538,1773442180,,instructions,100138695,100.00,4.72,insn per cycle
38.883185538,375460500,,cycles,100139555,100.00,,
38.983395935,106356,,rD044,100167025,100.00,,
38.983395935,739100,,rFF44,100166945,100.00,,
38.983395935,1746804247,,instructions,100167645,100.00,4.65,insn per cycle
38.983395935,375579883,,cycles,100166835,100.00,,
39.083604832,103527,,rD044,98861027,100.00,,
39.083604832,750737,,rFF44,98861147,100.00,,
39.083604832,1716897798,,instructions,98861077,100.00,4.63,insn per cycle
39.083604832,370651026,,cycles,98860877,100.00,,
39.183820639,99364,,rD044,100171265,100.00,,
39.183820639,742613,,rFF44,100170995,100.00,,
39.183820639,1730882981,,instructions,100171695,100.00,4.61,insn per cycle
39.183820639,375598040,,cycles,100171395,100.00,,
39.284030387,107175,,rD044,100161784,100.00,,
39.284030387,725467,,rFF44,100161424,100.00,,
39.284030387,1728272459,,instructions,100160774,100.00,4.60,insn per cycle
39.284030387,375554273,,cycles,100161714,100.00,,
39.384244114,95708,,rD044,100164715,100.00,,
39.384244114,756617,,rFF44,100164775,100.00,,
39.384244114,1739982224,,instructions,100164225,100.00,4.63,insn per cycle
39.384244114,375562718,,cycles,100163935,100.00,,
39.484455951,107735,,rD044,100145165,100.00,,
39.484455951,732360,,rFF44,100145505,100.00,,
39.484455951,1734854920,,instructions,100145215,100.00,4.62,insn per cycle
39.484455951,375481283,,cycles,100145985,100.00,,
39.584658848,106184,,rD044,100154695,100.00,,
39.584658848,745591,,rFF44,100154905,100.00,,
39.584658848,1725417526,,instructions,100155605,100.00,4.59,insn per cycle
39.584658848,375536430,,cycles,100155505,100.00,,
39.684869255,96652,,rD044,100164975,100.00,,
39.684869255,707634,,rFF44,100164125,100.00,,
39.684869255,1729374751,,instructions,100164295,100.00,4.60,insn per cycle
39.684869255,375570703,,cycles,100164485,100.00,,
39.785098223,105851,,rD044,100182064,100.00,,
39.785098223,733416,,rFF44,100182664,100.00,,
39.785098223,1734469275,,instructions,100182554,100.00,4.62,insn per cycle
39.785098223,375627545,,cycles,100181424,100.00,,
39.885307000,95459,,rD044,100136565,100.00,,
39.885307000,758476,,rFF44,100136945,100.00,,
39.885307000,1741185712,,instructions,100136995,100.00,4.64,insn per cycle
39.885307000,375455487,,cycles,100137785,100.00,,
39.985519817,107769,,rD044,100166455,100.00,,
39.985519817,729906,,rFF44,100166185,100.00,,
39.985519817,1737296122,,instructions,100166285,100.00,4.63,insn per cycle
39.985519817,375579162,,cycles,100166785,100.00,,
40.085737254,104543,,rD044,100050354,100.00,,
40.085737254,748573,,rFF44,100050984,100.00,,
40.085737254,1716944026,,instructions,100050804,100.00,4.58,insn per cycle
40.085737254,375131972,,cycles,100049954,100.00,,
40.185960222,95529,,rD044,100176895,100.00,,
40.185960222,742188,,rFF44,100175685,100.00,,
40.185960222,1721472163,,instructions,100175295,100.00,4.58,insn per cycle
40.185960222,375610558,,cycles,100175165,100.00,,
40.286168979,107849,,rD044,100161824,100.00,,
40.286168979,727527,,rFF44,100162245,100.00,,
40.286168979,1711199570,,instructions,100162705,100.00,4.56,insn per cycle
40.286168979,375556905,,cycles,100162665,100.00,,
40.386378746,95545,,rD044,100159105,100.00,,
40.386378746,745445,,rFF44,100159114,100.00,,
40.386378746,1728106191,,instructions,100158464,100.00,4.60,insn per cycle
40.386378746,375540415,,cycles,100158524,100.00,,
40.486588693,103366,,rD044,100150835,100.00,,
40.486588693,719228,,rFF44,100150215,100.00,,
40.486588693,1682129874,,instructions,100150735,100.00,4.48,insn per cycle
40.486588693,375502123,,cycles,100150925,100.00,,
40.586797240,102344,,rD044,100163754,100.00,,
40.586797240,734137,,rFF44,100164894,100.00,,
40.586797240,1684121392,,instructions,100164794,100.00,4.48,insn per cycle
40.586797240,375575657,,cycles,100164944,100.00,,
40.687007408,93655,,rD044,100163854,100.00,,
40.687007408,732268,,rFF44,100162954,100.00,,
40.687007408,1683055160,,instructions,100163264,100.00,4.48,insn per cycle
40.687007408,375564305,,cycles,100162644,100.00,,
40.787214315,108121,,rD044,100162074,100.00,,
40.787214315,719737,,rFF44,100161674,100.00,,
40.787214315,1683165867,,instructions,100161564,100.00,4.48,insn per cycle
40.787214315,375558438,,cycles,100162785,100.00,,
40.887424352,98905,,rD044,100137933,100.00,,
40.887424352,747878,,rFF44,100139043,100.00,,
40.887424352,1682057503,,instructions,100139383,100.00,4.48,insn per cycle
40.887424352,375456619,,cycles,100138622,100.00,,
40.987634749,66882,,rD044,100163164,100.00,,
40.987634749,693258,,rFF44,100162564,100.00,,
40.987634749,1686220784,,instructions,100162214,100.00,4.49,insn per cycle
40.987634749,375562217,,cycles,100162614,100.00,,
41.087844446,104503,,rD044,100045364,100.00,,
41.087844446,727649,,rFF44,100045134,100.00,,
41.087844446,1680933601,,instructions,100044964,100.00,4.48,insn per cycle
41.087844446,375101367,,cycles,100044884,100.00,,
41.188053793,95657,,rD044,100164045,100.00,,
41.188053793,742280,,rFF44,100164755,100.00,,
41.188053793,1682263405,,instructions,100164845,100.00,4.48,insn per cycle
41.188053793,375571410,,cycles,100163885,100.00,,
41.288263671,106299,,rD044,100163804,100.00,,
41.288263671,723568,,rFF44,100163774,100.00,,
41.288263671,1681331301,,instructions,100164234,100.00,4.48,insn per cycle
41.288263671,375570634,,cycles,100165134,100.00,,
41.388474548,95680,,rD044,100165015,100.00,,
41.388474548,743485,,rFF44,100166115,100.00,,
41.388474548,1682934281,,instructions,100165275,100.00,4.48,insn per cycle
41.388474548,375567325,,cycles,100164755,100.00,,
41.488686035,96851,,rD044,100160255,100.00,,
41.488686035,732587,,rFF44,100158565,100.00,,
41.488686035,1683388595,,instructions,100158915,100.00,4.48,insn per cycle
41.488686035,375551846,,cycles,100160375,100.00,,
41.588896452,104796,,rD044,100154385,100.00,,
41.588896452,719763,,rFF44,100155015,100.00,,
41.588896452,1682621357,,instructions,100155015,100.00,4.48,insn per cycle
41.588896452,375520628,,cycles,100153855,100.00,,
41.689137750,93694,,rD044,100198555,100.00,,
41.689137750,740054,,rFF44,100198215,100.00,,
41.689137750,1684058727,,instructions,100198115,100.00,4.48,insn per cycle
41.689137750,375698260,,cycles,100199255,100.00,,
41.789346954,106714,,rD044,100162715,100.00,,
41.789346954,680939,,rFF44,100163785,100.00,,
41.789346954,1685204567,,instructions,100164325,100.00,4.49,insn per cycle
41.789346954,375563926,,cycles,100163165,100.00,,
41.889559046,103604,,rD044,100140694,100.00,,
41.889559046,730720,,rFF44,100139694,100.00,,
41.889559046,1681285019,,instructions,100139704,100.00,4.48,insn per cycle
41.889559046,375463294,,cycles,100140374,100.00,,
41.989771457,94518,,rD044,100157235,100.00,,
41.989771457,731532,,rFF44,100158315,100.00,,
41.989771457,1682583049,,instructions,100157665,100.00,4.48,insn per cycle
41.989771457,375539971,,cycles,100157215,100.00,,
42.090016520,106404,,rD044,100082754,100.00,,
42.090016520,721099,,rFF44,100081484,100.00,,
42.090016520,1681426917,,instructions,100082354,100.00,4.48,insn per cycle
42.090016520,375254589,,cycles,100083014,100.00,,
42.190225832,99080,,rD044,100162604,100.00,,
42.190225832,746224,,rFF44,100163104,100.00,,
42.190225832,1682184614,,instructions,100162344,100.00,4.48,insn per cycle
42.190225832,375558853,,cycles,100161904,100.00,,
42.290435184,104095,,rD044,100164065,100.00,,
42.290435184,719666,,rFF44,100164425,100.00,,
42.290435184,1681423221,,instructions,100164785,100.00,4.48,insn per cycle
42.290435184,375569791,,cycles,100164675,100.00,,
42.390646795,103195,,rD044,100161725,100.00,,
42.390646795,721853,,rFF44,100161255,100.00,,
42.390646795,1681797910,,instructions,100160775,100.00,4.48,insn per cycle
42.390646795,375546356,,cycles,100160125,100.00,,
42.490856987,64406,,rD044,100160523,100.00,,
42.490856987,696880,,rFF44,100160433,100.00,,
42.490856987,1685213773,,instructions,100160593,100.00,4.49,insn per cycle
42.490856987,375551751,,cycles,100161573,100.00,,
42.591086079,107612,,rD044,100174975,100.00,,
42.591086079,713040,,rFF44,100176015,100.00,,
42.591086079,1677945259,,instructions,100176435,100.00,4.47,insn per cycle
42.591086079,375605246,,cycles,100176295,100.00,,
42.691298641,99601,,rD044,100166645,100.00,,
42.691298641,744972,,rFF44,100164675,100.00,,
42.691298641,1687076584,,instructions,100164305,100.00,4.49,insn per cycle
42.691298641,375567055,,cycles,100163825,100.00,,
42.791505703,95952,,rD044,100161774,100.00,,
42.791505703,732567,,rFF44,100162744,100.00,,
42.791505703,1691659892,,instructions,100163074,100.00,4.50,insn per cycle
42.791505703,375566362,,cycles,100163734,100.00,,
42.891715605,107582,,rD044,100135955,100.00,,
42.891715605,725137,,rFF44,100135295,100.00,,
42.891715605,1687157230,,instructions,100135345,100.00,4.49,insn per cycle
42.891715605,375433511,,cycles,100134615,100.00,,
42.991927147,95726,,rD044,100163224,100.00,,
42.991927147,746351,,rFF44,100181244,100.00,,
42.991927147,1688768788,,instructions,100181585,100.00,4.50,insn per cycle
42.991927147,375629469,,cycles,100181375,100.00,,
43.092154429,102972,,rD044,100067743,100.00,,
43.092154429,721606,,rFF44,100050193,100.00,,
43.092154429,1687228333,,instructions,100049692,100.00,4.50,insn per cycle
43.092154429,375130601,,cycles,100050522,100.00,,
43.192362621,99290,,rD044,100162165,100.00,,
43.192362621,737235,,rFF44,100162705,100.00,,
43.192362621,1688747403,,instructions,100162005,100.00,4.50,insn per cycle
43.192362621,375557874,,cycles,100161195,100.00,,
43.292572503,96610,,rD044,100163725,100.00,,
43.292572503,727152,,rFF44,100163195,100.00,,
43.292572503,1688852313,,instructions,100163495,100.00,4.50,insn per cycle
43.292572503,375570233,,cycles,100164205,100.00,,
43.392782565,109861,,rD044,100162324,100.00,,
43.392782565,688972,,rFF44,100162494,100.00,,
43.392782565,1691137474,,instructions,100162274,100.00,4.50,insn per cycle
43.392782565,375552694,,cycles,100161314,100.00,,
43.492992342,96406,,rD044,100152673,100.00,,
43.492992342,751328,,rFF44,100152043,100.00,,
43.492992342,1685996235,,instructions,100151963,100.00,4.49,insn per cycle
43.492992342,375505728,,cycles,100152353,100.00,,
43.593185279,100670,,rD044,100136435,100.00,,
43.593185279,719626,,rFF44,100136485,100.00,,
43.593185279,1686046451,,instructions,100136985,100.00,4.49,insn per cycle
43.593185279,375457612,,cycles,100137045,100.00,,
43.693391917,104216,,rD044,100157014,100.00,,
43.693391917,731257,,rFF44,100157044,100.00,,
43.693391917,1687481112,,instructions,100156944,100.00,4.49,insn per cycle
43.693391917,375539122,,cycles,100156284,100.00,,
43.793591324,95232,,rD044,100152565,100.00,,
43.793591324,736153,,rFF44,100153025,100.00,,
43.793591324,1687495193,,instructions,100152715,100.00,4.49,insn per cycle
43.793591324,375524773,,cycles,100152815,100.00,,
43.893826852,106365,,rD044,100161884,100.00,,
43.893826852,723924,,rFF44,100162624,100.00,,
43.893826852,1687710515,,instructions,100162934,100.00,4.49,insn per cycle
43.893826852,375541301,,cycles,100162984,100.00,,
43.994036400,95945,,rD044,100160254,100.00,,
43.994036400,749819,,rFF44,100159904,100.00,,
43.994036400,1687250268,,instructions,100159884,100.00,4.49,insn per cycle
43.994036400,375552522,,cycles,100160754,100.00,,
44.094255917,100528,,rD044,100056343,100.00,,
44.094255917,708724,,rFF44,100056403,100.00,,
44.094255917,1680670625,,instructions,100056373,100.00,4.48,insn per cycle
44.094255917,375151316,,cycles,100055793,100.00,,
44.194464505,77941,,rD044,100162285,100.00,,
44.194464505,682933,,rFF44,100161855,100.00,,
44.194464505,1691250769,,instructions,100161875,100.00,4.50,insn per cycle
44.194464505,375558222,,cycles,100162075,100.00,,
44.294679002,94660,,rD044,100169105,100.00,,
44.294679002,745194,,rFF44,100170485,100.00,,
44.294679002,1725952548,,instructions,100170075,100.00,4.60,insn per cycle
44.294679002,375584258,,cycles,100170185,100.00,,
44.394889120,106256,,rD044,100164025,100.00,,
44.394889120,718794,,rFF44,100162715,100.00,,
44.394889120,1715127981,,instructions,100164045,100.00,4.57,insn per cycle
44.394889120,375562550,,cycles,100163665,100.00,,
44.495121218,99612,,rD044,100182784,100.00,,
44.495121218,749849,,rFF44,100183194,100.00,,
44.495121218,1728631802,,instructions,100182244,100.00,4.60,insn per cycle
44.495121218,375634315,,cycles,100182454,100.00,,
44.595330245,99139,,rD044,100151474,100.00,,
44.595330245,733200,,rFF44,100151314,100.00,,
44.595330245,1732023722,,instructions,100151524,100.00,4.61,insn per cycle
44.595330245,375508080,,cycles,100151774,100.00,,
44.695540873,107019,,rD044,100166065,100.00,,
44.695540873,738460,,rFF44,100165155,100.00,,
44.695540873,1731666842,,instructions,100165095,100.00,4.61,insn per cycle
44.695540873,375575322,,cycles,100165075,100.00,,
44.795749050,94650,,rD044,100162394,100.00,,
44.795749050,753955,,rFF44,100162904,100.00,,
44.795749050,1734042194,,instructions,100163044,100.00,4.62,insn per cycle
44.795749050,375567242,,cycles,100163884,100.00,,
44.895960288,107901,,rD044,100137425,100.00,,
44.895960288,729423,,rFF44,100137065,100.00,,
44.895960288,1735195167,,instructions,100137935,100.00,4.62,insn per cycle
44.895960288,375444972,,cycles,100136735,100.00,,
44.996170746,100989,,rD044,100165943,100.00,,
44.996170746,757621,,rFF44,100166384,100.00,,
44.996170746,1736200703,,instructions,100165534,100.00,4.62,insn per cycle
44.996170746,375575660,,cycles,100165484,100.00,,
45.096380723,97812,,rD044,100045254,100.00,,
45.096380723,740345,,rFF44,100045283,100.00,,
45.096380723,1737347315,,instructions,100045443,100.00,4.63,insn per cycle
45.096380723,375114952,,cycles,100046023,100.00,,
45.196591941,106264,,rD044,100164215,100.00,,
45.196591941,738823,,rFF44,100163805,100.00,,
45.196591941,1735031049,,instructions,100163375,100.00,4.62,insn per cycle
45.196591941,375564472,,cycles,100163055,100.00,,
45.296801458,99337,,rD044,100166604,100.00,,
45.296801458,754083,,rFF44,100166594,100.00,,
45.296801458,1726600600,,instructions,100167174,100.00,4.60,insn per cycle
45.296801458,375578812,,cycles,100167174,100.00,,
45.397012126,108968,,rD044,100163385,100.00,,
45.397012126,728847,,rFF44,100163375,100.00,,
45.397012126,1718492763,,instructions,100163205,100.00,4.58,insn per cycle
45.397012126,375562680,,cycles,100163085,100.00,,
45.497222413,102249,,rD044,100162034,100.00,,
45.497222413,736690,,rFF44,100162595,100.00,,
45.497222413,1713578429,,instructions,100162155,100.00,4.56,insn per cycle
45.497222413,375559196,,cycles,100161905,100.00,,
45.597433061,95188,,rD044,100144165,100.00,,
45.597433061,704511,,rFF44,100143294,100.00,,
45.597433061,1705908798,,instructions,100143374,100.00,4.54,insn per cycle
45.597433061,375466954,,cycles,100144344,100.00,,
45.697642849,106315,,rD044,100167535,100.00,,
45.697642849,738419,,rFF44,100168915,100.00,,
45.697642849,1735420680,,instructions,100168965,100.00,4.62,insn per cycle
45.697642849,375594957,,cycles,100168715,100.00,,
45.797885307,94576,,rD044,100195085,100.00,,
45.797885307,763319,,rFF44,100195145,100.00,,
45.797885307,1735350117,,instructions,100196385,100.00,4.62,insn per cycle
45.797885307,375688827,,cycles,100196055,100.00,,
45.898127104,107189,,rD044,100167955,100.00,,
45.898127104,732622,,rFF44,100166635,100.00,,
45.898127104,1734073017,,instructions,100165695,100.00,4.62,insn per cycle
45.898127104,375549043,,cycles,100165875,100.00,,
45.998338062,102270,,rD044,100165815,100.00,,
45.998338062,754433,,rFF44,100166205,100.00,,
45.998338062,1735069603,,instructions,100165815,100.00,4.62,insn per cycle
45.998338062,375578004,,cycles,100166305,100.00,,
46.098548180,96045,,rD044,100047294,100.00,,
46.098548180,745565,,rFF44,100048104,100.00,,
46.098548180,1732883315,,instructions,100049104,100.00,4.62,insn per cycle
46.098548180,375116488,,cycles,100048634,100.00,,
46.198762037,106976,,rD044,100170124,100.00,,
46.198762037,738058,,rFF44,100170474,100.00,,
46.198762037,1735321233,,instructions,100169594,100.00,4.62,insn per cycle
46.198762037,375593214,,cycles,100170264,100.00,,
46.298973755,96172,,rD044,100166085,100.00,,
46.298973755,764159,,rFF44,100165015,100.00,,
46.298973755,1735818580,,instructions,100164645,100.00,4.62,insn per cycle
46.298973755,375570225,,cycles,100164445,100.00,,
46.399183102,106935,,rD044,100161935,100.00,,
46.399183102,735557,,rFF44,100162365,100.00,,
46.399183102,1734950320,,instructions,100162415,100.00,4.62,insn per cycle
46.399183102,375559329,,cycles,100161735,100.00,,
46.499393070,102324,,rD044,100161645,100.00,,
46.499393070,754610,,rFF44,100161755,100.00,,
46.499393070,1735708591,,instructions,100161515,100.00,4.62,insn per cycle
46.499393070,375554085,,cycles,100161615,100.00,,
46.599607287,95585,,rD044,100161545,100.00,,
46.599607287,742836,,rFF44,100160485,100.00,,
46.599607287,1735850492,,instructions,100161145,100.00,4.62,insn per cycle
46.599607287,375552434,,cycles,100161645,100.00,,
46.699820525,106804,,rD044,100156434,100.00,,
46.699820525,739235,,rFF44,100156864,100.00,,
46.699820525,1734814628,,instructions,100156394,100.00,4.62,insn per cycle
46.699820525,375528349,,cycles,100155774,100.00,,
46.800030293,95582,,rD044,100162235,100.00,,
46.800030293,763919,,rFF44,100162475,100.00,,
46.800030293,1736834168,,instructions,100162755,100.00,4.62,insn per cycle
46.800030293,375558750,,cycles,100162445,100.00,,
46.900241090,105536,,rD044,100137045,100.00,,
46.900241090,726731,,rFF44,100136785,100.00,,
46.900241090,1723792768,,instructions,100137105,100.00,4.59,insn per cycle
46.900241090,375451632,,cycles,100137525,100.00,,
47.000453588,102817,,rD044,100048475,100.00,,
47.000453588,748335,,rFF44,100048735,100.00,,
47.000453588,1716000551,,instructions,100048425,100.00,4.57,insn per cycle
47.000453588,375113926,,cycles,100047765,100.00,,
47.100665195,95674,,rD044,100164765,100.00,,
47.100665195,739999,,rFF44,100164185,100.00,,
47.100665195,1727491811,,instructions,100164465,100.00,4.60,insn per cycle
47.100665195,375574101,,cycles,100165345,100.00,,
47.200874963,108464,,rD044,100163044,100.00,,
47.200874963,730282,,rFF44,100163914,100.00,,
47.200874963,1736671983,,instructions,100163754,100.00,4.62,insn per cycle
47.200874963,375569857,,cycles,100164664,100.00,,
47.301104351,97832,,rD044,100183325,100.00,,
47.301104351,762484,,rFF44,100183845,100.00,,
47.301104351,1736481304,,instructions,100184415,100.00,4.62,insn per cycle
47.301104351,375641985,,cycles,100183855,100.00,,
47.401317218,104039,,rD044,100167184,100.00,,
47.401317218,734597,,rFF44,100166274,100.00,,
47.401317218,1745473661,,instructions,100165914,100.00,4.65,insn per cycle
47.401317218,375574354,,cycles,100165534,100.00,,
47.501529106,103122,,rD044,100154505,100.00,,
47.501529106,750179,,rFF44,100153935,100.00,,
47.501529106,1740118178,,instructions,100153685,100.00,4.63,insn per cycle
47.501529106,375512944,,cycles,100153465,100.00,,
47.601731823,96217,,rD044,100151195,100.00,,
47.601731823,741526,,rFF44,100152785,100.00,,
47.601731823,1729439747,,instructions,100153385,100.00,4.61,insn per cycle
47.601731823,375524486,,cycles,100153875,100.00,,
47.701971021,109950,,rD044,100181054,100.00,,
47.701971021,731632,,rFF44,100181534,100.00,,
47.701971021,1728235718,,instructions,100181914,100.00,4.60,insn per cycle
47.701971021,375622276,,cycles,100181294,100.00,,
47.802179819,97430,,rD044,100161664,100.00,,
47.802179819,760302,,rFF44,100159704,100.00,,
47.802179819,1722257292,,instructions,100158624,100.00,4.59,insn per cycle
47.802179819,375549191,,cycles,100159294,100.00,,
47.902387636,100704,,rD044,100135645,100.00,,
47.902387636,723921,,rFF44,100136015,100.00,,
47.902387636,1710996107,,instructions,100136095,100.00,4.56,insn per cycle
47.902387636,375443425,,cycles,100135425,100.00,,
48.002598124,72000,,rD044,100165044,100.00,,
48.002598124,706348,,rFF44,100165794,100.00,,
48.002598124,1715201772,,instructions,100165754,100.00,4.57,insn per cycle
48.002598124,375572863,,cycles,100165514,100.00,,
48.102806622,95632,,rD044,100040515,100.00,,
48.102806622,732648,,rFF44,100039975,100.00,,
48.102806622,1682245094,,instructions,100040505,100.00,4.48,insn per cycle
48.102806622,375092430,,cycles,100040845,100.00,,
48.203021189,111903,,rD044,100167935,100.00,,
48.203021189,719720,,rFF44,100168585,100.00,,
48.203021189,1682929154,,instructions,100167845,100.00,4.48,insn per cycle
48.203021189,375582888,,cycles,100167665,100.00,,
48.303231057,97884,,rD044,100164164,100.00,,
48.303231057,747209,,rFF44,100164004,100.00,,
48.303231057,1684212313,,instructions,100164494,100.00,4.48,insn per cycle
48.303231057,375568451,,cycles,100164084,100.00,,
48.403439564,99837,,rD044,100163135,100.00,,
48.403439564,722749,,rFF44,100162775,100.00,,
48.403439564,1685281299,,instructions,100163035,100.00,4.49,insn per cycle
48.403439564,375568101,,cycles,100164255,100.00,,
48.503649402,107604,,rD044,100163685,100.00,,
48.503649402,727027,,rFF44,100163125,100.00,,
48.503649402,1683260940,,instructions,100162175,100.00,4.48,insn per cycle
48.503649402,375561043,,cycles,100162265,100.00,,
48.603861239,94507,,rD044,100166065,100.00,,
48.603861239,745720,,rFF44,100165885,100.00,,
48.603861239,1684542940,,instructions,100167385,100.00,4.49,insn per cycle
48.603861239,375574471,,cycles,100166415,100.00,,
48.704090757,103947,,rD044,100172805,100.00,,
48.704090757,685013,,rFF44,100174045,100.00,,
48.704090757,1684531699,,instructions,100174185,100.00,4.48,insn per cycle
48.704090757,375596077,,cycles,100174265,100.00,,
48.804301835,98469,,rD044,100161664,100.00,,
48.804301835,750090,,rFF44,100161224,100.00,,
48.804301835,1714895001,,instructions,100159564,100.00,4.57,insn per cycle
48.804301835,375551599,,cycles,100159715,100.00,,
48.904510302,100473,,rD044,100139785,100.00,,
48.904510302,744234,,rFF44,100138825,100.00,,
48.904510302,1760931202,,instructions,100139245,100.00,4.69,insn per cycle
48.904510302,375458546,,cycles,100139204,100.00,,
49.004717490,109861,,rD044,100160965,100.00,,
49.004717490,745359,,rFF44,100161365,100.00,,
49.004717490,1761209537,,instructions,100160595,100.00,4.69,insn per cycle
49.004717490,375560033,,cycles,100160855,100.00,,
49.104927267,94716,,rD044,100045244,100.00,,
49.104927267,751861,,rFF44,100061334,100.00,,
49.104927267,1737638480,,instructions,100062654,100.00,4.63,insn per cycle
49.104927267,375172720,,cycles,100064044,100.00,,
49.205153815,104836,,rD044,100174215,100.00,,
49.205153815,726989,,rFF44,100159725,100.00,,
49.205153815,1729043712,,instructions,100159345,100.00,4.60,insn per cycle
49.205153815,375543718,,cycles,100157825,100.00,,
49.305366653,99078,,rD044,98980158,100.00,,
49.305366653,752953,,rFF44,98979869,100.00,,
49.305366653,1730187566,,instructions,98980609,100.00,4.66,insn per cycle
49.305366653,371110161,,cycles,98980779,100.00,,
49.405584620,100969,,rD044,100176105,100.00,,
49.405584620,734778,,rFF44,100175674,100.00,,
49.405584620,1744725764,,instructions,100175104,100.00,4.65,insn per cycle
49.405584620,375612607,,cycles,100174894,100.00,,
49.505795188,110489,,rD044,100161635,100.00,,
49.505795188,739108,,rFF44,100161445,100.00,,
49.505795188,1742109006,,instructions,100161265,100.00,4.64,insn per cycle
49.505795188,375556220,,cycles,100160855,100.00,,
49.606022076,95999,,rD044,100179735,100.00,,
49.606022076,801311,,rFF44,100179605,100.00,,
49.606022076,1773748026,,instructions,100179215,100.00,4.72,insn per cycle
49.606022076,375621368,,cycles,100179605,100.00,,
49.706231573,105553,,rD044,100147654,100.00,,
49.706231573,743910,,rFF44,100147684,100.00,,
49.706231573,1771488029,,instructions,100148164,100.00,4.72,insn per cycle
49.706231573,375485305,,cycles,100148004,100.00,,
49.806442041,98609,,rD044,100166385,100.00,,
49.806442041,763898,,rFF44,100165805,100.00,,
49.806442041,1748546877,,instructions,100165375,100.00,4.66,insn per cycle
49.806442041,375576194,,cycles,100165375,100.00,,
49.906651158,100023,,rD044,100138644,100.00,,
49.906651158,727834,,rFF44,100139114,100.00,,
49.906651158,1709855448,,instructions,100139554,100.00,4.55,insn per cycle
49.906651158,375465193,,cycles,100140164,100.00,,
50.006859966,108694,,rD044,100040655,100.00,,
50.006859966,687072,,rFF44,100041085,100.00,,
50.006859966,1694245359,,instructions,100041225,100.00,4.52,insn per cycle
50.006859966,375087645,,cycles,100040465,100.00,,
50.107103504,92902,,rD044,100197705,100.00,,
50.107103504,741398,,rFF44,100198115,100.00,,
50.107103504,1684176490,,instructions,100197195,100.00,4.48,insn per cycle
50.107103504,375696195,,cycles,100197165,100.00,,
50.207314241,104494,,rD044,100162035,100.00,,
50.207314241,716266,,rFF44,100161625,100.00,,
50.207314241,1691728437,,instructions,100161645,100.00,4.50,insn per cycle
50.207314241,375550180,,cycles,100161435,100.00,,
50.307522349,101223,,rD044,100161294,100.00,,
50.307522349,731998,,rFF44,100161224,100.00,,
50.307522349,1689389006,,instructions,100162034,100.00,4.50,insn per cycle
50.307522349,375562054,,cycles,100162154,100.00,,
50.407732117,98015,,rD044,100164875,100.00,,
50.407732117,742911,,rFF44,100165135,100.00,,
50.407732117,1752302840,,instructions,100164245,100.00,4.67,insn per cycle
50.407732117,375571865,,cycles,100164855,100.00,,
50.507961604,108519,,rD044,100183073,100.00,,
50.507961604,741514,,rFF44,100182603,100.00,,
50.507961604,1739556805,,instructions,100182883,100.00,4.63,insn per cycle
50.507961604,375635523,,cycles,100182153,100.00,,
50.608168812,94983,,rD044,100160014,100.00,,
50.608168812,749039,,rFF44,100159204,100.00,,
50.608168812,1709750443,,instructions,100160284,100.00,4.55,insn per cycle
50.608168812,375550619,,cycles,100160644,100.00,,
50.708381149,104890,,rD044,100162955,100.00,,
50.708381149,714869,,rFF44,100163215,100.00,,
50.708381149,1682675570,,instructions,100162155,100.00,4.48,insn per cycle
50.708381149,375552675,,cycles,100161875,100.00,,
50.808592867,103253,,rD044,100158675,100.00,,
50.808592867,730073,,rFF44,100159195,100.00,,
50.808592867,1685324256,,instructions,100159525,100.00,4.49,insn per cycle
50.808592867,375545868,,cycles,100160505,100.00,,
50.908804595,95105,,rD044,100142925,100.00,,
50.908804595,725309,,rFF44,100142915,100.00,,
50.908804595,1686534220,,instructions,100143705,100.00,4.49,insn per cycle
50.908804595,375477737,,cycles,100142755,100.00,,
51.009013402,103887,,rD044,100164034,100.00,,
51.009013402,714882,,rFF44,100164294,100.00,,
51.009013402,1677858614,,instructions,100163384,100.00,4.47,insn per cycle
51.009013402,375566545,,cycles,100164004,100.00,,
51.109224540,65398,,rD044,100050225,100.00,,
51.109224540,716964,,rFF44,100049445,100.00,,
51.109224540,1704104346,,instructions,100050105,100.00,4.54,insn per cycle
51.109224540,375125309,,cycles,100050015,100.00,,
51.209436957,106455,,rD044,100164854,100.00,,
51.209436957,718890,,rFF44,100165894,100.00,,
51.209436957,1687354182,,instructions,100165034,100.00,4.49,insn per cycle
51.209436957,375567700,,cycles,100165244,100.00,,
51.309647695,106955,,rD044,100164525,100.00,,
51.309647695,730492,,rFF44,100163385,100.00,,
51.309647695,1690319024,,instructions,100163365,100.00,4.50,insn per cycle
51.309647695,375565776,,cycles,100163535,100.00,,
51.409857102,94612,,rD044,100163714,100.00,,
51.409857102,728964,,rFF44,100164684,100.00,,
51.409857102,1682407938,,instructions,100164884,100.00,4.48,insn per cycle
51.409857102,375570320,,cycles,100164354,100.00,,
51.510101790,107153,,rD044,100187635,100.00,,
51.510101790,725940,,rFF44,100186705,100.00,,
51.510101790,1695553324,,instructions,100186385,100.00,4.51,insn per cycle
51.510101790,375643453,,cycles,100186435,100.00,,
51.610297258,99123,,rD044,100152624,100.00,,
51.610297258,742595,,rFF44,100152384,100.00,,
51.610297258,1692944494,,instructions,100152864,100.00,4.51,insn per cycle
51.610297258,375529627,,cycles,100153804,100.00,,
51.710508245,97549,,rD044,100165184,100.00,,
51.710508245,711754,,rFF44,100165704,100.00,,
51.710508245,1677103500,,instructions,100165204,100.00,4.47,insn per cycle
51.710508245,375568964,,cycles,100165234,100.00,,
51.810727683,104393,,rD044,100161025,100.00,,
51.810727683,684092,,rFF44,100160725,100.00,,
51.810727683,1679892557,,instructions,100161995,100.00,4.47,insn per cycle
51.810727683,375545576,,cycles,100161145,100.00,,
51.910957451,95611,,rD044,100160674,100.00,,
51.910957451,738846,,rFF44,100161474,100.00,,
51.910957451,1686757337,,instructions,100161124,100.00,4.49,insn per cycle
51.910957451,375548423,,cycles,100161784,100.00,,
52.011165568,107823,,rD044,100161235,100.00,,
52.011165568,734629,,rFF44,100160925,100.00,,
52.011165568,1740071953,,instructions,100161285,100.00,4.63,insn per cycle
52.011165568,375557237,,cycles,100161095,100.00,,
52.111370166,101904,,rD044,100036094,100.00,,
52.111370166,762482,,rFF44,100035784,100.00,,
52.111370166,1738854001,,instructions,100034334,100.00,4.64,insn per cycle
52.111370166,375060142,,cycles,100033554,100.00,,
52.211579263,96091,,rD044,100163565,100.00,,
52.211579263,726990,,rFF44,100163565,100.00,,
52.211579263,1708535774,,instructions,100163655,100.00,4.55,insn per cycle
52.211579263,375570046,,cycles,100164525,100.00,,
52.311790261,107063,,rD044,100157355,100.00,,
52.311790261,714823,,rFF44,100158175,100.00,,
52.311790261,1685891739,,instructions,100159085,100.00,4.49,insn per cycle
52.311790261,375544714,,cycles,100158765,100.00,,
52.412002709,96287,,rD044,100165675,100.00,,
52.412002709,735211,,rFF44,100165515,100.00,,
52.412002709,1679719303,,instructions,100165085,100.00,4.47,insn per cycle
52.412002709,375570887,,cycles,100164445,100.00,,
52.512213226,103510,,rD044,100166665,100.00,,
52.512213226,711305,,rFF44,100167415,100.00,,
52.512213226,1678780270,,instructions,100167445,100.00,4.47,insn per cycle
52.512213226,375580480,,cycles,100167715,100.00,,
52.612423184,99758,,rD044,100162664,100.00,,
52.612423184,729029,,rFF44,100161854,100.00,,
52.612423184,1680417204,,instructions,100161664,100.00,4.47,insn per cycle
52.612423184,375560689,,cycles,100161994,100.00,,
52.712633371,95571,,rD044,100160945,100.00,,
52.712633371,718738,,rFF44,100160615,100.00,,
52.712633371,1681776220,,instructions,100160805,100.00,4.48,insn per cycle
52.712633371,375547735,,cycles,100160175,100.00,,
52.812843279,80787,,rD044,100146444,100.00,,
52.812843279,688037,,rFF44,100146124,100.00,,
52.812843279,1725444932,,instructions,100145954,100.00,4.60,insn per cycle
52.812843279,375483213,,cycles,100146064,100.00,,
52.913047336,97328,,rD044,100135465,100.00,,
52.913047336,751288,,rFF44,100136045,100.00,,
52.913047336,1715660794,,instructions,100136895,100.00,4.57,insn per cycle
52.913047336,375457835,,cycles,100136875,100.00,,
53.013255454,100360,,rD044,100160254,100.00,,
53.013255454,716939,,rFF44,100159595,100.00,,
53.013255454,1694758374,,instructions,100159105,100.00,4.51,insn per cycle
53.013255454,375549838,,cycles,100159035,100.00,,
53.113463161,103536,,rD044,100047555,100.00,,
53.113463161,728265,,rFF44,100047454,100.00,,
53.113463161,1694852599,,instructions,100047224,100.00,4.52,insn per cycle
53.113463161,375122963,,cycles,100047804,100.00,,
53.213672129,95791,,rD044,100160725,100.00,,
53.213672129,729648,,rFF44,100161225,100.00,,
53.213672129,1695606839,,instructions,100161265,100.00,4.51,insn per cycle
53.213672129,375553670,,cycles,100161505,100.00,,
53.313883547,106844,,rD044,100162535,100.00,,
53.313883547,709929,,rFF44,100162075,100.00,,
53.313883547,1677601991,,instructions,100162665,100.00,4.47,insn per cycle
53.313883547,375552356,,cycles,100161795,100.00,,
53.414127355,95827,,rD044,100200345,100.00,,
53.414127355,733768,,rFF44,100201645,100.00,,
53.414127355,1675660899,,instructions,100201355,100.00,4.46,insn per cycle
53.414127355,375709194,,cycles,100201565,100.00,,
53.514338912,100006,,rD044,100165455,100.00,,
53.514338912,714355,,rFF44,100164655,100.00,,
53.514338912,1700033459,,instructions,100164375,100.00,4.53,insn per cycle
53.514338912,375569281,,cycles,100164125,100.00,,
53.614548640,108149,,rD044,100164073,100.00,,
53.614548640,725373,,rFF44,100163393,100.00,,
53.614548640,1699994477,,instructions,100163603,100.00,4.53,insn per cycle
53.614548640,375569538,,cycles,100164113,100.00,,
53.714758807,94200,,rD044,100160115,100.00,,
53.714758807,742293,,rFF44,100160955,100.00,,
53.714758807,1695481138,,instructions,100160135,100.00,4.51,insn per cycle
53.714758807,375547269,,cycles,100160165,100.00,,
53.814970175,103414,,rD044,100150345,100.00,,
53.814970175,678248,,rFF44,100150335,100.00,,
53.814970175,1684076998,,instructions,100151405,100.00,4.48,insn per cycle
53.814970175,375501506,,cycles,100150875,100.00,,
53.915179912,98939,,rD044,100142504,100.00,,
53.915179912,741104,,rFF44,100142804,100.00,,
53.915179912,1695005291,,instructions,100142464,100.00,4.51,insn per cycle
53.915179912,375479922,,cycles,100143014,100.00,,
54.015387770,98137,,rD044,100159445,100.00,,
54.015387770,722813,,rFF44,100159045,100.00,,
54.015387770,1693013106,,instructions,100159435,100.00,4.51,insn per cycle
54.015387770,375548941,,cycles,100159575,100.00,,
54.115598808,106660,,rD044,100051193,100.00,,
54.115598808,712477,,rFF44,100050953,100.00,,
54.115598808,1679697340,,instructions,100051413,100.00,4.48,insn per cycle
54.115598808,375129451,,cycles,100051863,100.00,,
54.215810475,97071,,rD044,100161885,100.00,,
54.215810475,743309,,rFF44,100162065,100.00,,
54.215810475,1690386808,,instructions,100161475,100.00,4.50,insn per cycle
54.215810475,375551971,,cycles,100160925,100.00,,
54.316024153,107312,,rD044,100164165,100.00,,
54.316024153,713097,,rFF44,100163795,100.00,,
54.316024153,1675743229,,instructions,100165005,100.00,4.46,insn per cycle
54.316024153,375560446,,cycles,100164375,100.00,,
54.416235160,105713,,rD044,100166515,100.00,,
54.416235160,734347,,rFF44,100167325,100.00,,
54.416235160,1693081090,,instructions,100166055,100.00,4.51,insn per cycle
54.416235160,375576708,,cycles,100166405,100.00,,
54.516443918,58684,,rD044,100164615,100.00,,
54.516443918,697485,,rFF44,100163355,100.00,,
54.516443918,1705777175,,instructions,100163085,100.00,4.54,insn per cycle
54.516443918,375556706,,cycles,100162595,100.00,,
54.616655665,109479,,rD044,100166104,100.00,,
54.616655665,717619,,rFF44,100166814,100.00,,
54.616655665,1694856318,,instructions,100166624,100.00,4.51,insn per cycle
54.616655665,375579238,,cycles,100166954,100.00,,
54.716863593,96316,,rD044,100159275,100.00,,
54.716863593,741706,,rFF44,100158755,100.00,,
54.716863593,1677291889,,instructions,100158825,100.00,4.47,insn per cycle
54.716863593,375545448,,cycles,100159945,100.00,,
54.817109261,102833,,rD044,100186195,100.00,,
54.817109261,719893,,rFF44,100186165,100.00,,
54.817109261,1682326478,,instructions,100186275,100.00,4.48,insn per cycle
54.817109261,375626637,,cycles,100184775,100.00,,
54.917319168,103570,,rD044,100140224,100.00,,
54.917319168,723931,,rFF44,100140804,100.00,,
54.917319168,1685109735,,instructions,100141004,100.00,4.49,insn per cycle
54.917319168,375480398,,cycles,100142564,100.00,,
55.017530756,94601,,rD044,100041714,100.00,,
55.017530756,738461,,rFF44,100040764,100.00,,
55.017530756,1701354161,,instructions,100040204,100.00,4.54,insn per cycle
55.017530756,375078410,,cycles,100038754,100.00,,
55.117737754,108297,,rD044,100164405,100.00,,
55.117737754,724642,,rFF44,100164785,100.00,,
55.117737754,1711810530,,instructions,100165235,100.00,4.56,insn per cycle
55.117737754,375584208,,cycles,100165675,100.00,,
55.217964271,99048,,rD044,100182434,100.00,,
55.217964271,747393,,rFF44,100184014,100.00,,
55.217964271,1704357497,,instructions,100183944,100.00,4.54,insn per cycle
55.217964271,375645837,,cycles,100184484,100.00,,
55.318211419,98249,,rD044,100200275,100.00,,
55.318211419,722660,,rFF44,100199485,100.00,,
55.318211419,1696949586,,instructions,100199935,100.00,4.52,insn per cycle
55.318211419,375700879,,cycles,100199765,100.00,,
55.418422997,104527,,rD044,100164334,100.00,,
55.418422997,727923,,rFF44,100164094,100.00,,
55.418422997,1712827093,,instructions,100163794,100.00,4.56,insn per cycle
55.418422997,375567625,,cycles,100164314,100.00,,
55.518634324,95888,,rD044,100158195,100.00,,
55.518634324,709257,,rFF44,100158185,100.00,,
55.518634324,1718586116,,instructions,100158185,100.00,4.58,insn per cycle
55.518634324,375536568,,cycles,100157675,100.00,,
55.618828102,107758,,rD044,100146285,100.00,,
55.618828102,715069,,rFF44,100146145,100.00,,
55.618828102,1686497760,,instructions,100145845,100.00,4.49,insn per cycle
55.618828102,375498756,,cycles,100145295,100.00,,
55.719036049,99795,,rD044,100157024,100.00,,
55.719036049,737950,,rFF44,100157815,100.00,,
55.719036049,1691014880,,instructions,100158235,100.00,4.50,insn per cycle
55.719036049,375547310,,cycles,100158695,100.00,,
55.819249377,95823,,rD044,100163815,100.00,,
55.819249377,708283,,rFF44,100163184,100.00,,
55.819249377,1674266153,,instructions,100162744,100.00,4.46,insn per cycle
55.819249377,375560779,,cycles,100162564,100.00,,
55.919458525,107608,,rD044,100126855,100.00,,
55.919458525,717756,,rFF44,100126555,100.00,,
55.919458525,1694955007,,instructions,100126795,100.00,4.52,insn per cycle
55.919458525,375404355,,cycles,100126625,100.00,,
56.019668592,95405,,rD044,100163865,100.00,,
56.019668592,743906,,rFF44,100165235,100.00,,
56.019668592,1708043565,,instructions,100165205,100.00,4.55,insn per cycle
56.019668592,375572375,,cycles,100165545,100.00,,
56.119880650,104235,,rD044,100053175,100.00,,
56.119880650,715110,,rFF44,100052195,100.00,,
56.119880650,1701459816,,instructions,100052095,100.00,4.54,insn per cycle
56.119880650,375138936,,cycles,100051885,100.00,,
56.220107357,100453,,rD044,100178735,100.00,,
56.220107357,733893,,rFF44,100179535,100.00,,
56.220107357,1702999456,,instructions,100179245,100.00,4.53,insn per cycle
56.220107357,375623378,,cycles,100178975,100.00,,
56.320316955,96112,,rD044,100161203,100.00,,
56.320316955,731635,,rFF44,100159943,100.00,,
56.320316955,1705716052,,instructions,100160223,100.00,4.54,insn per cycle
56.320316955,375546623,,cycles,100160373,100.00,,
56.420527833,110354,,rD044,100158934,100.00,,
56.420527833,722467,,rFF44,100159604,100.00,,
56.420527833,1704365690,,instructions,100159374,100.00,4.54,insn per cycle
56.420527833,375547517,,cycles,100159724,100.00,,
56.520737340,66404,,rD044,100164495,100.00,,
56.520737340,713207,,rFF44,100164265,100.00,,
56.520737340,1697884106,,instructions,100164185,100.00,4.52,insn per cycle
56.520737340,375569279,,cycles,100164615,100.00,,
56.620963308,100968,,rD044,100179385,100.00,,
56.620963308,712433,,rFF44,100179025,100.00,,
56.620963308,1698959637,,instructions,100179725,100.00,4.52,insn per cycle
56.620963308,375627219,,cycles,100180025,100.00,,
56.721173885,102645,,rD044,100162785,100.00,,
56.721173885,736744,,rFF44,100163145,100.00,,
56.721173885,1694971676,,instructions,100163155,100.00,4.51,insn per cycle
56.721173885,375559365,,cycles,100162075,100.00,,
56.821385053,92618,,rD044,100162334,100.00,,
56.821385053,727870,,rFF44,100161864,100.00,,
56.821385053,1694394810,,instructions,100161094,100.00,4.51,insn per cycle
56.821385053,375552145,,cycles,100161155,100.00,,
56.921594231,106735,,rD044,100130455,100.00,,
56.921594231,717686,,rFF44,100130415,100.00,,
56.921594231,1692271381,,instructions,100131165,100.00,4.51,insn per cycle
56.921594231,375418375,,cycles,100130864,100.00,,
57.021804218,97280,,rD044,100163025,100.00,,
57.021804218,746026,,rFF44,100163135,100.00,,
57.021804218,1697875385,,instructions,100162765,100.00,4.52,insn per cycle
57.021804218,375564507,,cycles,100163385,100.00,,
57.122012966,101053,,rD044,100049795,100.00,,
57.122012966,716751,,rFF44,100050205,100.00,,
57.122012966,1693298649,,instructions,100050315,100.00,4.51,insn per cycle
57.122012966,375128930,,cycles,100049875,100.00,,
57.222251704,106703,,rD044,100193214,100.00,,
57.222251704,723063,,rFF44,100193764,100.00,,
57.222251704,1684827412,,instructions,100194044,100.00,4.48,insn per cycle
57.222251704,375682044,,cycles,100194004,100.00,,
57.322462901,94907,,rD044,100163105,100.00,,
57.322462901,732506,,rFF44,100162215,100.00,,
57.322462901,1699482875,,instructions,100161425,100.00,4.53,insn per cycle
57.322462901,375550619,,cycles,100161325,100.00,,
57.422673199,109479,,rD044,100160634,100.00,,
57.422673199,731023,,rFF44,100161334,100.00,,
57.422673199,1761103338,,instructions,100161414,100.00,4.69,insn per cycle
57.422673199,375550394,,cycles,100161524,100.00,,
57.522883266,98556,,rD044,100162745,100.00,,
57.522883266,762009,,rFF44,100162885,100.00,,
57.522883266,1753437635,,instructions,100163135,100.00,4.67,insn per cycle
57.522883266,375567155,,cycles,100163695,100.00,,
57.623127794,99501,,rD044,100198425,100.00,,
57.623127794,727935,,rFF44,100197195,100.00,,
57.623127794,1749880536,,instructions,100197645,100.00,4.66,insn per cycle
57.623127794,375697168,,cycles,100198225,100.00,,
57.723336652,106993,,rD044,100162595,100.00,,
57.723336652,735891,,rFF44,100162675,100.00,,
57.723336652,1766653361,,instructions,100162155,100.00,4.70,insn per cycle
57.723336652,375557024,,cycles,100160835,100.00,,
57.823547019,96040,,rD044,100163445,100.00,,
57.823547019,757799,,rFF44,100164175,100.00,,
57.823547019,1795522001,,instructions,100164925,100.00,4.78,insn per cycle
57.823547019,375565248,,cycles,100164995,100.00,,
57.923760907,136970,,rD044,100128914,100.00,,
57.923760907,773378,,rFF44,100129585,100.00,,
57.923760907,1794235508,,instructions,100129255,100.00,4.78,insn per cycle
57.923760907,375412230,,cycles,100129775,100.00,,
58.023973375,99173,,rD044,100048014,100.00,,
58.023973375,770113,,rFF44,100047073,100.00,,
58.023973375,1798539483,,instructions,100046543,100.00,4.79,insn per cycle
58.023973375,375108316,,cycles,100046603,100.00,,
58.124183892,100340,,rD044,100166745,100.00,,
58.124183892,742526,,rFF44,100166415,100.00,,
58.124183892,1803260442,,instructions,100166525,100.00,4.80,insn per cycle
58.124183892,375587724,,cycles,100166745,100.00,,
58.224392910,106481,,rD044,100164135,100.00,,
58.224392910,781563,,rFF44,100164715,100.00,,
58.224392910,1797996535,,instructions,100164745,100.00,4.79,insn per cycle
58.224392910,375570429,,cycles,100164425,100.00,,
58.324603237,96552,,rD044,100162535,100.00,,
58.324603237,767548,,rFF44,100163235,100.00,,
58.324603237,1797317213,,instructions,100163325,100.00,4.79,insn per cycle
58.324603237,375557687,,cycles,100162795,100.00,,
58.424815655,108767,,rD044,100165854,100.00,,
58.424815655,748169,,rFF44,100165605,100.00,,
58.424815655,1797723007,,instructions,100165755,100.00,4.79,insn per cycle
58.424815655,375576321,,cycles,100166435,100.00,,
58.525028892,98525,,rD044,100166205,100.00,,
58.525028892,773068,,rFF44,100166424,100.00,,
58.525028892,1797270797,,instructions,100165984,100.00,4.79,insn per cycle
58.525028892,375575866,,cycles,100165724,100.00,,
58.625239140,100951,,rD044,100164024,100.00,,
58.625239140,749946,,rFF44,100163944,100.00,,
58.625239140,1779280803,,instructions,100164054,100.00,4.74,insn per cycle
58.625239140,375566984,,cycles,100163854,100.00,,
58.725448008,111996,,rD044,100162015,100.00,,
58.725448008,748086,,rFF44,100160755,100.00,,
58.725448008,1757056563,,instructions,100161425,100.00,4.68,insn per cycle
58.725448008,375557400,,cycles,100161135,100.00,,
58.825656825,95629,,rD044,100165085,100.00,,
58.825656825,759033,,rFF44,100165695,100.00,,
58.825656825,1755996481,,instructions,100165095,100.00,4.68,insn per cycle
58.825656825,375572042,,cycles,100165435,100.00,,
58.925869113,107548,,rD044,100130043,100.00,,
58.925869113,745702,,rFF44,100129514,100.00,,
58.925869113,1761410949,,instructions,100131014,100.00,4.69,insn per cycle
58.925869113,375421791,,cycles,100131624,100.00,,
59.026098921,99208,,rD044,100179825,100.00,,
59.026098921,770520,,rFF44,100180324,100.00,,
59.026098921,1755385301,,instructions,100179284,100.00,4.67,insn per cycle
59.026098921,375622353,,cycles,100178464,100.00,,
59.126337358,102072,,rD044,100074894,100.00,,
59.126337358,725138,,rFF44,100074524,100.00,,
59.126337358,1722453941,,instructions,100074854,100.00,4.59,insn per cycle
59.126337358,375225910,,cycles,100075284,100.00,,
59.226546486,104796,,rD044,100161024,100.00,,
59.226546486,733069,,rFF44,100160814,100.00,,
59.226546486,1746009562,,instructions,100160084,100.00,4.65,insn per cycle
59.226546486,375554257,,cycles,100160354,100.00,,
59.326754953,96577,,rD044,100161695,100.00,,
59.326754953,757284,,rFF44,100162785,100.00,,
59.326754953,1743878557,,instructions,100163335,100.00,4.64,insn per cycle
59.326754953,375566472,,cycles,100163275,100.00,,
59.426967971,111477,,rD044,100163445,100.00,,
59.426967971,743141,,rFF44,100162295,100.00,,
59.426967971,1758908288,,instructions,100161685,100.00,4.68,insn per cycle
59.426967971,375553628,,cycles,100161295,100.00,,
59.527179619,99066,,rD044,100154134,100.00,,
59.527179619,774406,,rFF44,100154084,100.00,,
59.527179619,1775369100,,instructions,100154454,100.00,4.73,insn per cycle
59.527179619,375518117,,cycles,100154294,100.00,,
59.627382586,102663,,rD044,98972538,100.00,,
59.627382586,745363,,rFF44,98973428,100.00,,
59.627382586,1756373497,,instructions,98974478,100.00,4.73,insn per cycle
59.627382586,371091876,,cycles,98974678,100.00,,
59.727599294,103875,,rD044,100171925,100.00,,
59.727599294,753465,,rFF44,100171585,100.00,,
59.727599294,1761813778,,instructions,100169995,100.00,4.69,insn per cycle
59.727599294,375589023,,cycles,100169595,100.00,,
59.827799831,97571,,rD044,100153905,100.00,,
59.827799831,739009,,rFF44,100154995,100.00,,
59.827799831,1722644347,,instructions,100156115,100.00,4.59,insn per cycle
59.827799831,375541957,,cycles,100156775,100.00,,
59.928012059,112364,,rD044,100125974,100.00,,
59.928012059,743537,,rFF44,100125764,100.00,,
59.928012059,1753484528,,instructions,100125984,100.00,4.67,insn per cycle
59.928012059,375385054,,cycles,100125354,100.00,,
60.028223096,99580,,rD044,100160774,100.00,,
60.028223096,780676,,rFF44,100159264,100.00,,
60.028223096,1789845161,,instructions,100158594,100.00,4.77,insn per cycle
60.028223096,375552673,,cycles,100159275,100.00,,
60.128438664,102988,,rD044,100046584,100.00,,
60.128438664,692953,,rFF44,100047244,100.00,,
60.128438664,1705826443,,instructions,100046934,100.00,4.55,insn per cycle
60.128438664,375117480,,cycles,100046443,100.00,,
60.228648022,104091,,rD044,100161595,100.00,,
60.228648022,732846,,rFF44,100162515,100.00,,
60.228648022,1703045178,,instructions,100162655,100.00,4.53,insn per cycle
60.228648022,375563429,,cycles,100162585,100.00,,
60.328857809,98169,,rD044,100163115,100.00,,
60.328857809,729357,,rFF44,100161935,100.00,,
60.328857809,1694740162,,instructions,100161565,100.00,4.51,insn per cycle
60.328857809,375559428,,cycles,100161655,100.00,,
60.429100357,107881,,rD044,100193315,100.00,,
60.429100357,726585,,rFF44,100194015,100.00,,
60.429100357,1720841963,,instructions,100194295,100.00,4.58,insn per cycle
60.429100357,375676719,,cycles,100194095,100.00,,
60.529309965,95759,,rD044,100160415,100.00,,
60.529309965,760472,,rFF44,100160245,100.00,,
60.529309965,1729725192,,instructions,100160445,100.00,4.61,insn per cycle
60.529309965,375551541,,cycles,100161145,100.00,,
60.629520192,104324,,rD044,100161664,100.00,,
60.629520192,731181,,rFF44,100162064,100.00,,
60.629520192,1725742924,,instructions,100162324,100.00,4.60,insn per cycle
60.629520192,375558990,,cycles,100161684,100.00,,
60.729731450,106829,,rD044,100166815,100.00,,
60.729731450,739932,,rFF44,100166155,100.00,,
60.729731450,1715311618,,instructions,100165255,100.00,4.57,insn per cycle
60.729731450,375572448,,cycles,100165195,100.00,,
60.829959948,64817,,rD044,100182514,100.00,,
60.829959948,709301,,rFF44,100183634,100.00,,
60.829959948,1727379094,,instructions,100184274,100.00,4.60,insn per cycle
60.829959948,375644768,,cycles,100184474,100.00,,
60.930171065,107719,,rD044,100135845,100.00,,
60.930171065,753965,,rFF44,100135355,100.00,,
60.930171065,1795352298,,instructions,100135395,100.00,4.78,insn per cycle
60.930171065,375437495,,cycles,100134985,100.00,,
61.030421793,97239,,rD044,100074254,100.00,,
61.030421793,778238,,rFF44,100073764,100.00,,
61.030421793,1788953806,,instructions,100073474,100.00,4.77,insn per cycle
61.030421793,375201931,,cycles,100073994,100.00,,
61.130630931,109504,,rD044,100164084,100.00,,
61.130630931,746945,,rFF44,100164454,100.00,,
61.130630931,1786118412,,instructions,100163854,100.00,4.76,insn per cycle
61.130630931,375571588,,cycles,100164434,100.00,,
61.230839028,104775,,rD044,100159674,100.00,,
61.230839028,762067,,rFF44,100159114,100.00,,
61.230839028,1771919462,,instructions,100159455,100.00,4.72,insn per cycle
61.230839028,375546305,,cycles,100158365,100.00,,
61.331047126,97516,,rD044,100160615,100.00,,
61.331047126,754933,,rFF44,100160495,100.00,,
61.331047126,1788206336,,instructions,100160414,100.00,4.76,insn per cycle
61.331047126,375553711,,cycles,100160234,100.00,,
61.431253873,107543,,rD044,100158184,100.00,,
61.431253873,754421,,rFF44,100158284,100.00,,
61.431253873,1789681178,,instructions,100158874,100.00,4.77,insn per cycle
61.431253873,375542951,,cycles,100159254,100.00,,
61.531465161,119761,,rD044,100165435,100.00,,
61.531465161,798639,,rFF44,100166755,100.00,,
61.531465161,1781291309,,instructions,100165935,100.00,4.74,insn per cycle
61.531465161,375574879,,cycles,100166485,100.00,,
61.631676818,118412,,rD044,100166364,100.00,,
61.631676818,750777,,rFF44,100165254,100.00,,
61.631676818,1786329251,,instructions,100166504,100.00,4.76,insn per cycle
61.631676818,375577560,,cycles,100166344,100.00,,
61.731888496,71133,,rD044,100166553,100.00,,
61.731888496,737480,,rFF44,100166753,100.00,,
61.731888496,1782838670,,instructions,100166013,100.00,4.75,insn per cycle
61.731888496,375575047,,cycles,100165654,100.00,,
61.832113274,100482,,rD044,100179295,100.00,,
61.832113274,754819,,rFF44,100178345,100.00,,
61.832113274,1790816707,,instructions,100178865,100.00,4.77,insn per cycle
61.832113274,375622725,,cycles,100178854,100.00,,
61.932323041,106156,,rD044,100138425,100.00,,
61.932323041,757794,,rFF44,100138845,100.00,,
61.932323041,1767873384,,instructions,100138035,100.00,4.71,insn per cycle
61.932323041,375454756,,cycles,100138465,100.00,,
62.032535329,97976,,rD044,100152615,100.00,,
62.032535329,761152,,rFF44,100153235,100.00,,
62.032535329,1761548442,,instructions,100153485,100.00,4.69,insn per cycle
62.032535329,375508368,,cycles,100153305,100.00,,
62.132749057,111161,,rD044,100053054,100.00,,
62.132749057,742688,,rFF44,100052894,100.00,,
62.132749057,1754915652,,instructions,100054084,100.00,4.68,insn per cycle
62.132749057,375150572,,cycles,100055374,100.00,,
62.232962344,98304,,rD044,100164075,100.00,,
62.232962344,768415,,rFF44,100163285,100.00,,
62.232962344,1757026169,,instructions,100162765,100.00,4.68,insn per cycle
62.232962344,375562405,,cycles,100162945,100.00,,
62.333174792,103849,,rD044,100164754,100.00,,
62.333174792,736475,,rFF44,100164824,100.00,,
62.333174792,1778055265,,instructions,100164234,100.00,4.73,insn per cycle
62.333174792,375563163,,cycles,100162824,100.00,,
62.433387329,106313,,rD044,100168435,100.00,,
62.433387329,747447,,rFF44,100168895,100.00,,
62.433387329,1764613303,,instructions,100168825,100.00,4.70,insn per cycle
62.433387329,375578139,,cycles,100168525,100.00,,
62.533598037,99242,,rD044,100163425,100.00,,
62.533598037,756885,,rFF44,100163135,100.00,,
62.533598037,1777180424,,instructions,100163655,100.00,4.73,insn per cycle
62.533598037,375565420,,cycles,100163995,100.00,,
62.633808065,109444,,rD044,100161645,100.00,,
62.633808065,751248,,rFF44,100161875,100.00,,
62.633808065,1774941099,,instructions,100161685,100.00,4.73,insn per cycle
62.633808065,375555289,,cycles,100161775,100.00,,
62.734019042,95964,,rD044,100164515,100.00,,
62.734019042,759906,,rFF44,100165235,100.00,,
62.734019042,1774134127,,instructions,100164435,100.00,4.72,insn per cycle
62.734019042,375568501,,cycles,100164345,100.00,,
62.834228960,107593,,rD044,100163334,100.00,,
62.834228960,731980,,rFF44,100163724,100.00,,
62.834228960,1770095432,,instructions,100164374,100.00,4.71,insn per cycle
62.834228960,375571118,,cycles,100164594,100.00,,
62.934453357,102741,,rD044,100151805,100.00,,
62.934453357,752953,,rFF44,100151445,100.00,,
62.934453357,1774214570,,instructions,100151055,100.00,4.72,insn per cycle
62.934453357,375504134,,cycles,100150915,100.00,,
63.034665335,103960,,rD044,100037334,100.00,,
63.034665335,744639,,rFF44,100036914,100.00,,
63.034665335,1770668113,,instructions,100037134,100.00,4.72,insn per cycle
63.034665335,375072314,,cycles,100036904,100.00,,
63.134875663,108458,,rD044,100162025,100.00,,
63.134875663,747449,,rFF44,100161155,100.00,,
63.134875663,1772761303,,instructions,100160795,100.00,4.72,insn per cycle
63.134875663,375556647,,cycles,100161655,100.00,,
63.235120491,99533,,rD044,100198425,100.00,,
63.235120491,783499,,rFF44,100199755,100.00,,
63.235120491,1810600963,,instructions,100200765,100.00,4.82,insn per cycle
63.235120491,375702039,,cycles,100200025,100.00,,
63.335329368,110316,,rD044,100165175,100.00,,
63.335329368,755219,,rFF44,100165035,100.00,,
63.335329368,1806007741,,instructions,100164525,100.00,4.81,insn per cycle
63.335329368,375576067,,cycles,100166145,100.00,,
63.435540606,102044,,rD044,100152924,100.00,,
63.435540606,790725,,rFF44,100151604,100.00,,
63.435540606,1826544314,,instructions,100151844,100.00,4.86,insn per cycle
63.435540606,375496205,,cycles,100150344,100.00,,
63.535751843,107751,,rD044,100167035,100.00,,
63.535751843,761659,,rFF44,100167535,100.00,,
63.535751843,1840645705,,instructions,100167815,100.00,4.90,insn per cycle
63.535751843,375585462,,cycles,100167585,100.00,,
63.635958541,108948,,rD044,100154394,100.00,,
63.635958541,798632,,rFF44,100154734,100.00,,
63.635958541,1836617278,,instructions,100154164,100.00,4.89,insn per cycle
63.635958541,375527467,,cycles,100154354,100.00,,
63.736167768,100687,,rD044,100165315,100.00,,
63.736167768,765792,,rFF44,100165315,100.00,,
63.736167768,1787810251,,instructions,100165105,100.00,4.76,insn per cycle
63.736167768,375572505,,cycles,100165225,100.00,,
63.836383926,112175,,rD044,100170944,100.00,,
63.836383926,762389,,rFF44,100170344,100.00,,
63.836383926,1782234512,,instructions,100170684,100.00,4.75,insn per cycle
63.836383926,375594630,,cycles,100171184,100.00,,
63.936594254,99371,,rD044,100138233,100.00,,
63.936594254,777328,,rFF44,100139113,100.00,,
63.936594254,1788847274,,instructions,100138473,100.00,4.76,insn per cycle
63.936594254,375454959,,cycles,100137713,100.00,,
64.036806921,109988,,rD044,100037604,100.00,,
64.036806921,753981,,rFF44,100036904,100.00,,
64.036806921,1805673541,,instructions,100037404,100.00,4.81,insn per cycle
64.036806921,375073982,,cycles,100037494,100.00,,
64.137017189,98647,,rD044,100161545,100.00,,
64.137017189,782501,,rFF44,100161255,100.00,,
64.137017189,1795861001,,instructions,100160965,100.00,4.78,insn per cycle
64.137017189,375552460,,cycles,100160495,100.00,,
64.237227266,110031,,rD044,100165574,100.00,,
64.237227266,761336,,rFF44,100165704,100.00,,
64.237227266,1798519293,,instructions,100166234,100.00,4.79,insn per cycle
64.237227266,375577198,,cycles,100166724,100.00,,
64.337439044,106283,,rD044,100165345,100.00,,
64.337439044,786763,,rFF44,100166165,100.00,,
64.337439044,1796998678,,instructions,100166105,100.00,4.78,insn per cycle
64.337439044,375576598,,cycles,100166245,100.00,,
64.437647831,102132,,rD044,100164594,100.00,,
64.437647831,769110,,rFF44,100164294,100.00,,
64.437647831,1806269104,,instructions,100164084,100.00,4.81,insn per cycle
64.437647831,375573014,,cycles,100165004,100.00,,
64.537859029,108017,,rD044,100160034,100.00,,
64.537859029,771171,,rFF44,100153954,100.00,,
64.537859029,1793231409,,instructions,100149234,100.00,4.78,insn per cycle
64.537859029,375480949,,cycles,100143444,100.00,,
64.638081647,99173,,rD044,100155175,100.00,,
64.638081647,774273,,rFF44,100162085,100.00,,
64.638081647,1781736457,,instructions,100168015,100.00,4.74,insn per cycle
64.638081647,375568025,,cycles,100172185,100.00,,
64.738291784,113977,,rD044,100164004,100.00,,
64.738291784,723282,,rFF44,100162394,100.00,,
64.738291784,1783545650,,instructions,100161044,100.00,4.75,insn per cycle
64.738291784,375548225,,cycles,100161314,100.00,,
64.838533322,99327,,rD044,100193775,100.00,,
64.838533322,776943,,rFF44,100194095,100.00,,
64.838533322,1752215622,,instructions,100194125,100.00,4.66,insn per cycle
64.838533322,375679466,,cycles,100193685,100.00,,
64.938740730,106672,,rD044,100137085,100.00,,
64.938740730,748468,,rFF44,100137325,100.00,,
64.938740730,1737831592,,instructions,100138025,100.00,4.63,insn per cycle
64.938740730,375458812,,cycles,100138195,100.00,,
65.038953287,106127,,rD044,100161973,100.00,,
65.038953287,771482,,rFF44,100162403,100.00,,
65.038953287,1739082689,,instructions,100161723,100.00,4.63,insn per cycle
65.038953287,375557741,,cycles,100162663,100.00,,
65.139165445,100546,,rD044,100038754,100.00,,
65.139165445,755203,,rFF44,100037894,100.00,,
65.139165445,1735372779,,instructions,100038234,100.00,4.63,insn per cycle
65.139165445,375079162,,cycles,100037274,100.00,,
65.239372252,77008,,rD044,100158785,100.00,,
65.239372252,717017,,rFF44,100158805,100.00,,
65.239372252,1732972592,,instructions,100159475,100.00,4.61,insn per cycle
65.239372252,375550713,,cycles,100159485,100.00,,
65.339581780,98704,,rD044,100163295,100.00,,
65.339581780,770364,,rFF44,100163835,100.00,,
65.339581780,1741319069,,instructions,100163305,100.00,4.64,insn per cycle
65.339581780,375566744,,cycles,100163485,100.00,,
65.439791768,111411,,rD044,100164084,100.00,,
65.439791768,749112,,rFF44,100163685,100.00,,
65.439791768,1746000045,,instructions,100163595,100.00,4.65,insn per cycle
65.439791768,375569163,,cycles,100163805,100.00,,
65.540001335,99332,,rD044,100161925,100.00,,
65.540001335,773055,,rFF44,100161754,100.00,,
65.540001335,1742317382,,instructions,100160964,100.00,4.64,insn per cycle
65.540001335,375555436,,cycles,100160794,100.00,,
65.640211943,106248,,rD044,100163075,100.00,,
65.640211943,752637,,rFF44,100163575,100.00,,
65.640211943,1775797392,,instructions,100165285,100.00,4.73,insn per cycle
65.640211943,375570958,,cycles,100165585,100.00,,
65.740422970,108485,,rD044,100158445,100.00,,
65.740422970,766656,,rFF44,100157295,100.00,,
65.740422970,1797971081,,instructions,100155855,100.00,4.79,insn per cycle
65.740422970,375535799,,cycles,100155205,100.00,,
65.840629428,102841,,rD044,100161115,100.00,,
65.840629428,756976,,rFF44,100161575,100.00,,
65.840629428,1783448083,,instructions,100161885,100.00,4.75,insn per cycle
65.840629428,375559784,,cycles,100161635,100.00,,
65.940836605,110235,,rD044,100140444,100.00,,
65.940836605,759269,,rFF44,100140384,100.00,,
65.940836605,1797742037,,instructions,100139934,100.00,4.79,insn per cycle
65.940836605,375471444,,cycles,100140595,100.00,,
66.041044483,99176,,rD044,100044543,100.00,,
66.041044483,776349,,rFF44,100044683,100.00,,
66.041044483,1796109663,,instructions,100044623,100.00,4.79,insn per cycle
66.041044483,375106095,,cycles,100044552,100.00,,
66.141252981,113598,,rD044,100150675,100.00,,
66.141252981,747681,,rFF44,100150395,100.00,,
66.141252981,1781003411,,instructions,100150915,100.00,4.74,insn per cycle
66.141252981,375503940,,cycles,100151185,100.00,,
66.241460818,101553,,rD044,100156205,100.00,,
66.241460818,777472,,rFF44,100157195,100.00,,
66.241460818,1795959380,,instructions,100157355,100.00,4.78,insn per cycle
66.241460818,375540278,,cycles,100157925,100.00,,
66.341670325,103230,,rD044,100163634,100.00,,
66.341670325,740479,,rFF44,100163954,100.00,,
66.341670325,1768802282,,instructions,100163434,100.00,4.71,insn per cycle
66.341670325,375564250,,cycles,100162554,100.00,,
66.441877693,103771,,rD044,100160014,100.00,,
66.441877693,723439,,rFF44,100158954,100.00,,
66.441877693,1759641967,,instructions,100159104,100.00,4.69,insn per cycle
66.441877693,375550096,,cycles,100159074,100.00,,
66.542119571,100999,,rD044,100193875,100.00,,
66.542119571,757264,,rFF44,100193735,100.00,,
66.542119571,1777278718,,instructions,100194195,100.00,4.73,insn per cycle
66.542119571,375682585,,cycles,100194215,100.00,,
66.642358459,113210,,rD044,100189615,100.00,,
66.642358459,750133,,rFF44,100190615,100.00,,
66.642358459,1770394732,,instructions,100189865,100.00,4.71,insn per cycle
66.642358459,375657586,,cycles,100190035,100.00,,
66.742568567,97722,,rD044,100158294,100.00,,
66.742568567,770389,,rFF44,100158474,100.00,,
66.742568567,1773576771,,instructions,100158924,100.00,4.72,insn per cycle
66.742568567,375542424,,cycles,100158724,100.00,,
66.842778764,109714,,rD044,100165525,100.00,,
66.842778764,737228,,rFF44,100164825,100.00,,
66.842778764,1754749607,,instructions,100164095,100.00,4.67,insn per cycle
66.842778764,375569374,,cycles,100164065,100.00,,
66.942987122,101388,,rD044,100139294,100.00,,
66.942987122,761214,,rFF44,100139144,100.00,,
66.942987122,1734854268,,instructions,100139624,100.00,4.62,insn per cycle
66.942987122,375471218,,cycles,100140694,100.00,,
67.043193529,104144,,rD044,100040953,100.00,,
67.043193529,736615,,rFF44,100041053,100.00,,
67.043193529,1748904739,,instructions,100040683,100.00,4.66,insn per cycle
67.043193529,375094985,,cycles,100040643,100.00,,
67.143404357,105749,,rD044,100150335,100.00,,
67.143404357,755281,,rFF44,100150535,100.00,,
67.143404357,1754255347,,instructions,100151455,100.00,4.67,insn per cycle
67.143404357,375500773,,cycles,100150735,100.00,,
67.243613964,68479,,rD044,100146984,100.00,,
67.243613964,719396,,rFF44,100141214,100.00,,
67.243613964,1750030390,,instructions,100136144,100.00,4.66,insn per cycle
67.243613964,375438328,,cycles,100131574,100.00,,
67.343808362,113305,,rD044,100145755,100.00,,
67.343808362,739424,,rFF44,100150815,100.00,,
67.343808362,1747031536,,instructions,100155875,100.00,4.65,insn per cycle
67.343808362,375541176,,cycles,100161375,100.00,,
67.444018139,97474,,rD044,100140455,100.00,,
67.444018139,757442,,rFF44,100140625,100.00,,
67.444018139,1729418975,,instructions,100141115,100.00,4.61,insn per cycle
67.444018139,375460206,,cycles,100139705,100.00,,
67.544227517,109288,,rD044,100162464,100.00,,
67.544227517,741811,,rFF44,100162684,100.00,,
67.544227517,1754421726,,instructions,100162054,100.00,4.67,insn per cycle
67.544227517,375562285,,cycles,100162534,100.00,,
67.644427734,104519,,rD044,100151075,100.00,,
67.644427734,759237,,rFF44,100151055,100.00,,
67.644427734,1742230162,,instructions,100150645,100.00,4.64,insn per cycle
67.644427734,375507426,,cycles,100150675,100.00,,
67.744638252,101092,,rD044,100160575,100.00,,
67.744638252,739937,,rFF44,100160625,100.00,,
67.744638252,1743205548,,instructions,100160845,100.00,4.64,insn per cycle
67.744638252,375547593,,cycles,100160475,100.00,,
67.844849769,106537,,rD044,100162483,100.00,,
67.844849769,710188,,rFF44,100162493,100.00,,
67.844849769,1751902472,,instructions,100162743,100.00,4.66,insn per cycle
67.844849769,375566419,,cycles,100163623,100.00,,
67.945075787,98400,,rD044,100157425,100.00,,
67.945075787,751635,,rFF44,100156895,100.00,,
67.945075787,1733329676,,instructions,100156845,100.00,4.62,insn per cycle
67.945075787,375529655,,cycles,100156215,100.00,,
68.045283565,111808,,rD044,100161934,100.00,,
68.045283565,739411,,rFF44,100162444,100.00,,
68.045283565,1745873268,,instructions,100161744,100.00,4.65,insn per cycle
68.045283565,375559086,,cycles,100161984,100.00,,
68.145491442,98173,,rD044,100030653,100.00,,
68.145491442,759839,,rFF44,100030273,100.00,,
68.145491442,1730765775,,instructions,100030883,100.00,4.61,insn per cycle
68.145491442,375039742,,cycles,100030493,100.00,,
68.245702090,106091,,rD044,100159255,100.00,,
68.245702090,736248,,rFF44,100160125,100.00,,
68.245702090,1732665759,,instructions,100160325,100.00,4.61,insn per cycle
68.245702090,375546212,,cycles,100160045,100.00,,
68.345912007,1109026,,rD044,100162345,100.00,,
68.345912007,14087473,,rFF44,100162315,100.00,,
68.345912007,1723953229,,instructions,100161945,100.00,4.59,insn per cycle
68.345912007,375561591,,cycles,100162525,100.00,,
68.446157705,2492120,,rD044,100189504,100.00,,
68.446157705,33915060,,rFF44,100189144,100.00,,
68.446157705,1630821787,,instructions,100189144,100.00,4.34,insn per cycle
68.446157705,375650245,,cycles,100188774,100.00,,
68.546379623,2183245,,rD044,100161085,100.00,,
68.546379623,29592854,,rFF44,100162355,100.00,,
68.546379623,1771790583,,instructions,100163025,100.00,4.72,insn per cycle
68.546379623,375556615,,cycles,100164055,100.00,,
68.646590811,1644303,,rD044,100154814,100.00,,
68.646590811,29109356,,rFF44,100153684,100.00,,
68.646590811,1679151645,,instructions,100152974,100.00,4.47,insn per cycle
68.646590811,375510831,,cycles,100152144,100.00,,
68.746800608,830337,,rD044,100154175,100.00,,
68.746800608,18152059,,rFF44,100154065,100.00,,
68.746800608,1101725451,,instructions,100153995,100.00,2.93,insn per cycle
68.746800608,375518872,,cycles,100153585,100.00,,
68.847011236,56367,,rD044,100163875,100.00,,
68.847011236,7370583,,rFF44,100165205,100.00,,
68.847011236,653967759,,instructions,100164995,100.00,1.74,insn per cycle
68.847011236,375574864,,cycles,100166625,100.00,,
68.947220683,555986,,rD044,100134425,100.00,,
68.947220683,16603058,,rFF44,100133355,100.00,,
68.947220683,1054950829,,instructions,100132845,100.00,2.81,insn per cycle
68.947220683,375432525,,cycles,100131125,100.00,,
69.047424281,28970,,rD044,100033603,100.00,,
69.047424281,6956673,,rFF44,100033043,100.00,,
69.047424281,633648199,,instructions,100034164,100.00,1.69,insn per cycle
69.047424281,375069123,,cycles,100034814,100.00,,
69.147634378,90559,,rD044,100150865,100.00,,
69.147634378,8268388,,rFF44,100151165,100.00,,
69.147634378,680896420,,instructions,100151214,100.00,1.81,insn per cycle
69.147634378,375500684,,cycles,100150944,100.00,,
69.247846156,91527,,rD044,100161395,100.00,,
69.247846156,8387268,,rFF44,100161595,100.00,,
69.247846156,686726155,,instructions,100161745,100.00,1.83,insn per cycle
69.247846156,375555986,,cycles,100162075,100.00,,
69.348075374,38429,,rD044,100178745,100.00,,
69.348075374,7054857,,rFF44,100178625,100.00,,
69.348075374,632224295,,instructions,100177845,100.00,1.68,insn per cycle
69.348075374,375619880,,cycles,100178275,100.00,,
69.448282642,295270,,rD044,100157725,100.00,,
69.448282642,10187464,,rFF44,100157705,100.00,,
69.448282642,747421901,,instructions,100157875,100.00,1.99,insn per cycle
69.448282642,375540493,,cycles,100157235,100.00,,
69.548490507,80690,,rD044,100161715,100.00,,
69.548490507,8442194,,rFF44,100161365,100.00,,
69.548490507,688585709,,instructions,100161545,100.00,1.83,insn per cycle
69.548490507,375556569,,cycles,100161445,100.00,,
69.648697492,25606,,rD044,100152624,100.00,,
69.648697492,6676498,,rFF44,100152854,100.00,,
69.648697492,621188154,,instructions,100152434,100.00,1.65,insn per cycle
69.648697492,375520660,,cycles,100152184,100.00,,
69.748906837,77623,,rD044,100159365,100.00,,
69.748906837,8984640,,rFF44,100159645,100.00,,
69.748906837,712325369,,instructions,100159515,100.00,1.90,insn per cycle
69.748906837,375548056,,cycles,100159695,100.00,,
69.849133552,28404,,rD044,98993979,100.00,,
69.849133552,6751790,,rFF44,98993649,100.00,,
69.849133552,620981552,,instructions,98994789,100.00,1.67,insn per cycle
69.849133552,371163664,,cycles,98994859,100.00,,
69.949363727,40289,,rD044,100159724,100.00,,
69.949363727,7089773,,rFF44,100159854,100.00,,
69.949363727,615023456,,instructions,100160024,100.00,1.64,insn per cycle
69.949363727,375544465,,cycles,100160454,100.00,,
70.049573762,1257711,,rD044,100041174,100.00,,
70.049573762,20317670,,rFF44,100041074,100.00,,
70.049573762,1097131520,,instructions,100040014,100.00,2.93,insn per cycle
70.049573762,375086552,,cycles,100039414,100.00,,
70.149781067,1093593,,rD044,100157154,100.00,,
70.149781067,21795007,,rFF44,100156954,100.00,,
70.149781067,1323584591,,instructions,100156614,100.00,3.52,insn per cycle
70.149781067,375536284,,cycles,100156585,100.00,,
70.249989872,603429,,rD044,100135564,100.00,,
70.249989872,16923451,,rFF44,100135984,100.00,,
70.249989872,981553273,,instructions,100136864,100.00,2.61,insn per cycle
70.249989872,375437346,,cycles,100137533,100.00,,
70.350207467,51959,,rD044,100166985,100.00,,
70.350207467,7239165,,rFF44,100166315,100.00,,
70.350207467,634264436,,instructions,100165825,100.00,1.69,insn per cycle
70.350207467,375568396,,cycles,100166085,100.00,,
70.450444873,45569,,rD044,100189855,100.00,,
70.450444873,7088348,,rFF44,100190475,100.00,,
70.450444873,615314038,,instructions,100190775,100.00,1.64,insn per cycle
70.450444873,375664218,,cycles,100190025,100.00,,
70.550652208,18337,,rD044,100157374,100.00,,
70.550652208,6694191,,rFF44,100157104,100.00,,
70.550652208,612492088,,instructions,100156794,100.00,1.63,insn per cycle
70.550652208,375538454,,cycles,100156974,100.00,,
70.650859033,10836,,rD044,100159435,100.00,,
70.650859033,6724399,,rFF44,100159475,100.00,,
70.650859033,618724679,,instructions,100159805,100.00,1.65,insn per cycle
70.650859033,375545861,,cycles,100160815,100.00,,
70.751102748,232015,,rD044,100178175,100.00,,
70.751102748,10251360,,rFF44,100178275,100.00,,
70.751102748,751894094,,instructions,100178175,100.00,2.00,insn per cycle
70.751102748,375603833,,cycles,100176915,100.00,,
70.851311483,99882,,rD044,100157094,100.00,,
70.851311483,8853869,,rFF44,100157244,100.00,,
70.851311483,696112917,,instructions,100156574,100.00,1.85,insn per cycle
70.851311483,375531731,,cycles,100156724,100.00,,
70.951521779,63984,,rD044,100139314,100.00,,
70.951521779,7075351,,rFF44,100139314,100.00,,
70.951521779,634036722,,instructions,100139844,100.00,1.69,insn per cycle
70.951521779,375462114,,cycles,100139694,100.00,,
71.051729364,49864,,rD044,100042825,100.00,,
71.051729364,7598352,,rFF44,100042905,100.00,,
71.051729364,666059633,,instructions,100042525,100.00,1.78,insn per cycle
71.051729364,375096094,,cycles,100043045,100.00,,
71.151956879,730419,,rD044,100174375,100.00,,
71.151956879,15941245,,rFF44,100174545,100.00,,
71.151956879,945669383,,instructions,100175065,100.00,2.52,insn per cycle
71.151956879,375606849,,cycles,100175245,100.00,,
71.252170684,366855,,rD044,100145795,100.00,,
71.252170684,11671635,,rFF44,100145015,100.00,,
71.252170684,800133520,,instructions,100145345,100.00,2.13,insn per cycle
71.252170684,375467632,,cycles,100145035,100.00,,
71.352380699,553995,,rD044,100157724,100.00,,
71.352380699,14351797,,rFF44,100158184,100.00,,
71.352380699,915860998,,instructions,100158104,100.00,2.44,insn per cycle
71.352380699,375533087,,cycles,100157504,100.00,,
71.452589194,267700,,rD044,100141725,100.00,,
71.452589194,11321464,,rFF44,100141735,100.00,,
71.452589194,820720116,,instructions,100141075,100.00,2.19,insn per cycle
71.452589194,375459014,,cycles,100141545,100.00,,
71.552798229,43625,,rD044,100154983,100.00,,
71.552798229,7516220,,rFF44,100155183,100.00,,
71.552798229,645532418,,instructions,100155573,100.00,1.72,insn per cycle
71.552798229,375531706,,cycles,100155413,100.00,,
71.653002104,166087,,rD044,100154035,100.00,,
71.653002104,8882739,,rFF44,100153645,100.00,,
71.653002104,698339867,,instructions,100153605,100.00,1.86,insn per cycle
71.653002104,375527002,,cycles,100153805,100.00,,
71.753210049,26080,,rD044,100153854,100.00,,
71.753210049,7351764,,rFF44,100154404,100.00,,
71.753210049,640174862,,instructions,100155014,100.00,1.70,insn per cycle
71.753210049,375524774,,cycles,100154984,100.00,,
71.853424864,20488,,rD044,100163874,100.00,,
71.853424864,6294164,,rFF44,100163064,100.00,,
71.853424864,582240298,,instructions,100162254,100.00,1.55,insn per cycle
71.853424864,375554890,,cycles,100162574,100.00,,
71.953632239,104640,,rD044,98730498,100.00,,
71.953632239,8562992,,rFF44,98731398,100.00,,
71.953632239,664052160,,instructions,98732028,100.00,1.79,insn per cycle
71.953632239,370188124,,cycles,98732038,100.00,,
72.053844904,136515,,rD044,100195415,100.00,,
72.053844904,8524099,,rFF44,100195815,100.00,,
72.053844904,682839450,,instructions,100195095,100.00,1.82,insn per cycle
72.053844904,375716782,,cycles,100194575,100.00,,
72.154052969,108599,,rD044,100207315,100.00,,
72.154052969,9765310,,rFF44,100206685,100.00,,
72.154052969,735956323,,instructions,100206875,100.00,1.96,insn per cycle
72.154052969,375774168,,cycles,100206935,100.00,,
72.254263444,10642,,rD044,100209484,100.00,,
72.254263444,6582235,,rFF44,100210075,100.00,,
72.254263444,575614141,,instructions,100210285,100.00,1.53,insn per cycle
72.254263444,375784015,,cycles,100209715,100.00,,
72.354502970,45418,,rD044,100238945,100.00,,
72.354502970,7234243,,rFF44,100238474,100.00,,
72.354502970,608744832,,instructions,100238524,100.00,1.62,insn per cycle
72.354502970,375895688,,cycles,100239335,100.00,,
72.454712285,6446,,rD044,100208915,100.00,,
72.454712285,6321739,,rFF44,100208775,100.00,,
72.454712285,563328719,,instructions,100208555,100.00,1.50,insn per cycle
72.454712285,375779245,,cycles,100208344,100.00,,
72.554918980,8740,,rD044,100206075,100.00,,
72.554918980,6080299,,rFF44,100206525,100.00,,
72.554918980,553271198,,instructions,100223445,100.00,1.47,insn per cycle
72.554918980,375836367,,cycles,100223465,100.00,,
72.655143985,270140,,rD044,100224305,100.00,,
72.655143985,11182608,,rFF44,100223925,100.00,,
72.655143985,778599172,,instructions,100206535,100.00,2.07,insn per cycle
72.655143985,375776963,,cycles,100207725,100.00,,
72.755354710,5428,,rD044,100209925,100.00,,
72.755354710,6364510,,rFF44,100210065,100.00,,
72.755354710,574757882,,instructions,100210645,100.00,1.53,insn per cycle
72.755354710,375782309,,cycles,100209095,100.00,,
72.855564265,23207,,rD044,100208934,100.00,,
72.855564265,7011597,,rFF44,100208514,100.00,,
72.855564265,607119580,,instructions,100208505,100.00,1.62,insn per cycle
72.855564265,375780985,,cycles,100208755,100.00,,
72.955771660,112660,,rD044,100206825,100.00,,
72.955771660,10604343,,rFF44,100206995,100.00,,
72.955771660,763481504,,instructions,100207444,100.00,2.03,insn per cycle
72.955771660,375777128,,cycles,100207654,100.00,,
73.055979425,50417,,rD044,100206795,100.00,,
73.055979425,6782453,,rFF44,100207265,100.00,,
73.055979425,585059830,,instructions,100206735,100.00,1.56,insn per cycle
73.055979425,375771979,,cycles,100206405,100.00,,
73.156186680,62719,,rD044,100206375,100.00,,
73.156186680,7379363,,rFF44,100205905,100.00,,
73.156186680,647130185,,instructions,100205715,100.00,1.72,insn per cycle
73.156186680,375771783,,cycles,100206085,100.00,,
73.256402485,32433,,rD044,100215865,100.00,,
73.256402485,7093320,,rFF44,100216005,100.00,,
73.256402485,631666321,,instructions,100215895,100.00,1.68,insn per cycle
73.256402485,375806342,,cycles,100215665,100.00,,
73.356614500,33682,,rD044,100211194,100.00,,
73.356614500,8047506,,rFF44,100211354,100.00,,
73.356614500,676500808,,instructions,100211664,100.00,1.80,insn per cycle
73.356614500,375790470,,cycles,100211335,100.00,,
73.456823505,18102,,rD044,100208385,100.00,,
73.456823505,6775983,,rFF44,100208505,100.00,,
73.456823505,573285741,,instructions,100208195,100.00,1.53,insn per cycle
73.456823505,375778833,,cycles,100208124,100.00,,
73.557032960,7647,,rD044,100208655,100.00,,
73.557032960,5995620,,rFF44,100208415,100.00,,
73.557032960,559223374,,instructions,100209255,100.00,1.49,insn per cycle
73.557032960,375784630,,cycles,100209705,100.00,,
73.657243905,611979,,rD044,100196745,100.00,,
73.657243905,23453847,,rFF44,100196385,100.00,,
73.657243905,1398137152,,instructions,100197325,100.00,3.72,insn per cycle
73.657243905,375718163,,cycles,100197735,100.00,,
73.757455540,678187,,rD044,100211535,100.00,,
73.757455540,25843309,,rFF44,100211485,100.00,,
73.757455540,1530757505,,instructions,100210085,100.00,4.07,insn per cycle
73.757455540,375786977,,cycles,100210345,100.00,,
73.857672346,1516329,,rD044,100215854,100.00,,
73.857672346,28432554,,rFF44,100216194,100.00,,
73.857672346,1718174466,,instructions,100216755,100.00,4.57,insn per cycle
73.857672346,375809710,,cycles,100216405,100.00,,
73.957885021,1643284,,rD044,100211805,100.00,,
73.957885021,27024531,,rFF44,100211535,100.00,,
73.957885021,1494725506,,instructions,100211284,100.00,3.98,insn per cycle
73.957885021,375789458,,cycles,100211004,100.00,,
74.058109926,201582,,rD044,100223755,100.00,,
74.058109926,10376187,,rFF44,100224255,100.00,,
74.058109926,807438940,,instructions,100223885,100.00,2.15,insn per cycle
74.058109926,375836298,,cycles,100223445,100.00,,
74.158318041,11724,,rD044,100207565,100.00,,
74.158318041,7008011,,rFF44,100206885,100.00,,
74.158318041,604394329,,instructions,100207765,100.00,1.61,insn per cycle
74.158318041,375770426,,cycles,100208465,100.00,,
74.258553226,36298,,rD044,100234605,100.00,,
74.258553226,7760113,,rFF44,100234785,100.00,,
74.258553226,677742332,,instructions,100233875,100.00,1.80,insn per cycle
74.258553226,375876802,,cycles,100234295,100.00,,
74.358761921,474201,,rD044,100208205,100.00,,
74.358761921,14817944,,rFF44,100207795,100.00,,
74.358761921,918976661,,instructions,100208365,100.00,2.45,insn per cycle
74.358761921,375776616,,cycles,100207575,100.00,,
74.458972076,27980,,rD044,100209864,100.00,,
74.458972076,6895655,,rFF44,100210744,100.00,,
74.458972076,599810440,,instructions,100210154,100.00,1.60,insn per cycle
74.458972076,375784631,,cycles,100209664,100.00,,
74.559180651,28063,,rD044,100207545,100.00,,
74.559180651,6663170,,rFF44,100206905,100.00,,
74.559180651,580083747,,instructions,100206925,100.00,1.54,insn per cycle
74.559180651,375776498,,cycles,100207615,100.00,,
74.659389656,15356,,rD044,100196655,100.00,,
74.659389656,6575546,,rFF44,100197155,100.00,,
74.659389656,604751953,,instructions,100197335,100.00,1.61,insn per cycle
74.659389656,375718095,,cycles,100197295,100.00,,
74.759600911,12255,,rD044,100210205,100.00,,
74.759600911,7121240,,rFF44,100209955,100.00,,
74.759600911,615239673,,instructions,100210165,100.00,1.64,insn per cycle
74.759600911,375786929,,cycles,100210325,100.00,,
74.859812477,29024,,rD044,100210935,100.00,,
74.859812477,7112900,,rFF44,100210745,100.00,,
74.859812477,578648466,,instructions,100210465,100.00,1.54,insn per cycle
74.859812477,375789254,,cycles,100210955,100.00,,
74.960023432,67141,,rD044,100210204,100.00,,
74.960023432,7419579,,rFF44,100210174,100.00,,
74.960023432,630616235,,instructions,100210524,100.00,1.68,insn per cycle
74.960023432,375779189,,cycles,100209814,100.00,,
75.060239967,42222,,rD044,100215895,100.00,,
75.060239967,7129034,,rFF44,100216375,100.00,,
75.060239967,623333436,,instructions,100215715,100.00,1.66,insn per cycle
75.060239967,375806838,,cycles,100215635,100.00,,
75.160449132,73875,,rD044,100208295,100.00,,
75.160449132,8681567,,rFF44,100207605,100.00,,
75.160449132,706020216,,instructions,100208045,100.00,1.88,insn per cycle
75.160449132,375777599,,cycles,100207905,100.00,,
75.260655977,517084,,rD044,100206625,100.00,,
75.260655977,18247035,,rFF44,100207345,100.00,,
75.260655977,1251510487,,instructions,100207375,100.00,3.33,insn per cycle
75.260655977,375778212,,cycles,100208015,100.00,,
75.360867212,985372,,rD044,100210535,100.00,,
75.360867212,24276925,,rFF44,100210145,100.00,,
75.360867212,1329643263,,instructions,100209715,100.00,3.54,insn per cycle
75.360867212,375782680,,cycles,100209135,100.00,,
75.461108327,73700,,rD044,100240295,100.00,,
75.461108327,8877171,,rFF44,100239705,100.00,,
75.461108327,709827885,,instructions,100239935,100.00,1.89,insn per cycle
75.461108327,375898139,,cycles,100240055,100.00,,
75.561316142,27643,,rD044,100207024,100.00,,
75.561316142,6289473,,rFF44,100208424,100.00,,
75.561316142,595661893,,instructions,100208114,100.00,1.59,insn per cycle
75.561316142,375779571,,cycles,100208364,100.00,,
75.661524727,4102,,rD044,100194944,100.00,,
75.661524727,6176518,,rFF44,100194224,100.00,,
75.661524727,558962391,,instructions,100195214,100.00,1.49,insn per cycle
75.661524727,375707164,,cycles,100194884,100.00,,
75.761728632,194204,,rD044,100191465,100.00,,
75.761728632,11131044,,rFF44,100191295,100.00,,
75.761728632,781472202,,instructions,100190775,100.00,2.08,insn per cycle
75.761728632,375696111,,cycles,100190485,100.00,,
75.861957818,2274,,rD044,100228405,100.00,,
75.861957818,5926580,,rFF44,100228975,100.00,,
75.861957818,541587524,,instructions,100229235,100.00,1.44,insn per cycle
75.861957818,375859843,,cycles,100229705,100.00,,
75.962165623,141918,,rD044,100207025,100.00,,
75.962165623,10476963,,rFF44,100206955,100.00,,
75.962165623,751000361,,instructions,100207575,100.00,2.00,insn per cycle
75.962165623,375774848,,cycles,100207115,100.00,,
76.062375208,5887,,rD044,100209424,100.00,,
76.062375208,5868278,,rFF44,100209244,100.00,,
76.062375208,548919645,,instructions,100208094,100.00,1.46,insn per cycle
76.062375208,375780046,,cycles,100208554,100.00,,
76.162614593,65549,,rD044,100238365,100.00,,
76.162614593,8591804,,rFF44,100237865,100.00,,
76.162614593,679433876,,instructions,100237615,100.00,1.81,insn per cycle
76.162614593,375889205,,cycles,100237605,100.00,,
76.262824208,8483,,rD044,100208735,100.00,,
76.262824208,6453010,,rFF44,100209305,100.00,,
76.262824208,568401868,,instructions,100209885,100.00,1.51,insn per cycle
76.262824208,375784859,,cycles,100209865,100.00,,
76.363035913,13718,,rD044,100210905,100.00,,
76.363035913,6802981,,rFF44,100210795,100.00,,
76.363035913,580604519,,instructions,100210435,100.00,1.55,insn per cycle
76.363035913,375788030,,cycles,100210545,100.00,,
76.463245788,12502,,rD044,100209695,100.00,,
76.463245788,6482512,,rFF44,100209575,100.00,,
76.463245788,555299498,,instructions,100210185,100.00,1.48,insn per cycle
76.463245788,375786252,,cycles,100210155,100.00,,
76.563456293,6549,,rD044,100209624,100.00,,
76.563456293,5653390,,rFF44,100209135,100.00,,
76.563456293,538270982,,instructions,100208415,100.00,1.43,insn per cycle
76.563456293,375778387,,cycles,100208055,100.00,,
76.663664058,155105,,rD044,100194935,100.00,,
76.663664058,10680954,,rFF44,100195074,100.00,,
76.663664058,784152033,,instructions,100195624,100.00,2.09,insn per cycle
76.663664058,375714165,,cycles,100196414,100.00,,
76.763873283,36059,,rD044,100208945,100.00,,
76.763873283,6846685,,rFF44,100209595,100.00,,
76.763873283,621013593,,instructions,100209865,100.00,1.65,insn per cycle
76.763873283,375780825,,cycles,100209535,100.00,,
76.864100449,112913,,rD044,100226705,100.00,,
76.864100449,8212320,,rFF44,100225775,100.00,,
76.864100449,661936869,,instructions,100225665,100.00,1.76,insn per cycle
76.864100449,375846667,,cycles,100226035,100.00,,
76.964310974,18929,,rD044,100209875,100.00,,
76.964310974,6568257,,rFF44,100210505,100.00,,
76.964310974,593013944,,instructions,100209965,100.00,1.58,insn per cycle
76.964310974,375784075,,cycles,100209795,100.00,,
77.064522099,41945,,rD044,100210835,100.00,,
77.064522099,7117906,,rFF44,100210815,100.00,,
77.064522099,639997123,,instructions,100211185,100.00,1.70,insn per cycle
77.064522099,375787801,,cycles,100210565,100.00,,
77.164731744,605689,,rD044,100208884,100.00,,
77.164731744,21638574,,rFF44,100208914,100.00,,
77.164731744,1138090290,,instructions,100209484,100.00,3.03,insn per cycle
77.164731744,375783695,,cycles,100209414,100.00,,
77.264959569,213466,,rD044,100227005,100.00,,
77.264959569,12100961,,rFF44,100226705,100.00,,
77.264959569,822700193,,instructions,100227025,100.00,2.19,insn per cycle
77.264959569,375850628,,cycles,100227375,100.00,,
77.365168384,18562,,rD044,100207865,100.00,,
77.365168384,6936964,,rFF44,100208095,100.00,,
77.365168384,592718028,,instructions,100207225,100.00,1.58,insn per cycle
77.365168384,375775606,,cycles,100207315,100.00,,
77.465378089,28391,,rD044,100198635,100.00,,
77.465378089,6422696,,rFF44,100198425,100.00,,
77.465378089,579670386,,instructions,100198335,100.00,1.54,insn per cycle
77.465378089,375722647,,cycles,100198535,100.00,,
77.565588104,93679,,rD044,100210035,100.00,,
77.565588104,8287886,,rFF44,100210175,100.00,,
77.565588104,648240878,,instructions,100210455,100.00,1.73,insn per cycle
77.565588104,375786483,,cycles,100210205,100.00,,
77.665797859,11061,,rD044,100196914,100.00,,
77.665797859,6138976,,rFF44,100196244,100.00,,
77.665797859,573579901,,instructions,100196374,100.00,1.53,insn per cycle
77.665797859,375714183,,cycles,100196414,100.00,,
77.766006784,38176,,rD044,100208655,100.00,,
77.766006784,7122327,,rFF44,100208965,100.00,,
77.766006784,592512110,,instructions,100208745,100.00,1.58,insn per cycle
77.766006784,375782354,,cycles,100209105,100.00,,
77.866216409,36710,,rD044,100209025,100.00,,
77.866216409,6892736,,rFF44,100209185,100.00,,
77.866216409,588196032,,instructions,100208805,100.00,1.57,insn per cycle
77.866216409,375779756,,cycles,100208205,100.00,,
77.966427094,328385,,rD044,100210235,100.00,,
77.966427094,14538072,,rFF44,100210585,100.00,,
77.966427094,868429163,,instructions,100211115,100.00,2.31,insn per cycle
77.966427094,375789283,,cycles,100211175,100.00,,
78.066652150,5858,,rD044,100224025,100.00,,
78.066652150,5815052,,rFF44,100223715,100.00,,
78.066652150,535818230,,instructions,100223035,100.00,1.43,insn per cycle
78.066652150,375835440,,cycles,100223275,100.00,,
78.166858755,55059,,rD044,100205684,100.00,,
78.166858755,7188448,,rFF44,100205584,100.00,,
78.166858755,599556169,,instructions,100205994,100.00,1.60,insn per cycle
78.166858755,375773944,,cycles,100206874,100.00,,
78.267098980,65359,,rD044,100239825,100.00,,
78.267098980,7682326,,rFF44,100239865,100.00,,
78.267098980,620657322,,instructions,100239875,100.00,1.65,insn per cycle
78.267098980,375893774,,cycles,100238815,100.00,,
78.367306735,3789,,rD044,100206895,100.00,,
78.367306735,5627400,,rFF44,100207495,100.00,,
78.367306735,511287730,,instructions,100207255,100.00,1.36,insn per cycle
78.367306735,375777974,,cycles,100207955,100.00,,
78.467517180,37871,,rD044,100210275,100.00,,
78.467517180,7116612,,rFF44,100210065,100.00,,
78.467517180,596098015,,instructions,100210125,100.00,1.59,insn per cycle
78.467517180,375786707,,cycles,100210275,100.00,,
78.567731355,46150,,rD044,100214325,100.00,,
78.567731355,7394935,,rFF44,100214065,100.00,,
78.567731355,596495419,,instructions,100213925,100.00,1.59,insn per cycle
78.567731355,375796803,,cycles,100212965,100.00,,
78.667958710,56412,,rD044,100213805,100.00,,
78.667958710,7107632,,rFF44,100214295,100.00,,
78.667958710,589235622,,instructions,100215235,100.00,1.57,insn per cycle
78.667958710,375785304,,cycles,100215215,100.00,,
78.768168605,29439,,rD044,100209174,100.00,,
78.768168605,7254560,,rFF44,100208914,100.00,,
78.768168605,611918269,,instructions,100207694,100.00,1.63,insn per cycle
78.768168605,375777102,,cycles,100207715,100.00,,
78.868377131,15095,,rD044,100207925,100.00,,
78.868377131,5846404,,rFF44,100207875,100.00,,
78.868377131,553478929,,instructions,100208345,100.00,1.47,insn per cycle
78.868377131,375781519,,cycles,100208824,100.00,,
78.968586526,309842,,rD044,100209075,100.00,,
78.968586526,14170377,,rFF44,100209275,100.00,,
78.968586526,828836872,,instructions,100208745,100.00,2.21,insn per cycle
78.968586526,375781041,,cycles,100208765,100.00,,
79.068794101,6708,,rD044,100206555,100.00,,
79.068794101,6988577,,rFF44,100206365,100.00,,
79.068794101,586568029,,instructions,100206955,100.00,1.56,insn per cycle
79.068794101,375773256,,cycles,100206745,100.00,,
79.169004496,9287,,rD044,100210155,100.00,,
79.169004496,5544309,,rFF44,100210515,100.00,,
79.169004496,523862990,,instructions,100210345,100.00,1.39,insn per cycle
79.169004496,375784591,,cycles,100209705,100.00,,
79.269214931,3031,,rD044,100209244,100.00,,
79.269214931,5755465,,rFF44,100209574,100.00,,
79.269214931,513917362,,instructions,100209964,100.00,1.37,insn per cycle
79.269214931,375787497,,cycles,100210484,100.00,,
79.369423356,6603,,rD044,100208415,100.00,,
79.369423356,5879873,,rFF44,100207595,100.00,,
79.369423356,545551445,,instructions,100207225,100.00,1.45,insn per cycle
79.369423356,375774167,,cycles,100206935,100.00,,
79.469634171,154410,,rD044,100209645,100.00,,
79.469634171,14904873,,rFF44,100209835,100.00,,
79.469634171,934044704,,instructions,100209735,100.00,2.49,insn per cycle
79.469634171,375785816,,cycles,100210035,100.00,,
79.569844436,20415,,rD044,100209665,100.00,,
79.569844436,7261335,,rFF44,100210005,100.00,,
79.569844436,572511207,,instructions,100210045,100.00,1.52,insn per cycle
79.569844436,375781733,,cycles,100209755,100.00,,
79.670052871,16587,,rD044,100186895,100.00,,
79.670052871,5841318,,rFF44,100185855,100.00,,
79.670052871,538289789,,instructions,100186155,100.00,1.43,insn per cycle
79.670052871,375667143,,cycles,100186645,100.00,,
79.770245956,16894,,rD044,100191314,100.00,,
79.770245956,6835093,,rFF44,100192454,100.00,,
79.770245956,626695830,,instructions,100192034,100.00,1.67,insn per cycle
79.770245956,375717378,,cycles,100191784,100.00,,
79.870453081,106117,,rD044,100206295,100.00,,
79.870453081,9947622,,rFF44,100206305,100.00,,
79.870453081,689812535,,instructions,100206785,100.00,1.84,insn per cycle
79.870453081,375770995,,cycles,100206025,100.00,,
79.970674456,4643,,rD044,100221145,100.00,,
79.970674456,5387954,,rFF44,100220895,100.00,,
79.970674456,519254863,,instructions,100220135,100.00,1.38,insn per cycle
79.970674456,375827488,,cycles,100221205,100.00,,
80.070893291,23955,,rD044,100218285,100.00,,
80.070893291,7316975,,rFF44,100218265,100.00,,
80.070893291,602110053,,instructions,100219955,100.00,1.60,insn per cycle
80.070893291,375824520,,cycles,100220365,100.00,,
80.171128326,4629,,rD044,100234665,100.00,,
80.171128326,6457841,,rFF44,100234645,100.00,,
80.171128326,555712874,,instructions,100233765,100.00,1.48,insn per cycle
80.171128326,375868702,,cycles,100232975,100.00,,
80.271337691,1597,,rD044,100208454,100.00,,
80.271337691,5578470,,rFF44,100208444,100.00,,
80.271337691,520482140,,instructions,100208135,100.00,1.39,insn per cycle
80.271337691,375779405,,cycles,100208325,100.00,,
80.371545816,171031,,rD044,100207425,100.00,,
80.371545816,9412204,,rFF44,100207085,100.00,,
80.371545816,710284787,,instructions,100207274,100.00,1.89,insn per cycle
80.371545816,375775293,,cycles,100207224,100.00,,
80.471753881,55314,,rD044,100207235,100.00,,
80.471753881,8802034,,rFF44,100207245,100.00,,
80.471753881,695599762,,instructions,100206895,100.00,1.85,insn per cycle
80.471753881,375775456,,cycles,100207205,100.00,,
80.571974377,41305,,rD044,100220065,100.00,,
80.571974377,7302613,,rFF44,100220395,100.00,,
80.571974377,630805693,,instructions,100220505,100.00,1.68,insn per cycle
80.571974377,375822532,,cycles,100219895,100.00,,
80.672185252,9825,,rD044,100197235,100.00,,
80.672185252,6116982,,rFF44,100196595,100.00,,
80.672185252,593270054,,instructions,100196325,100.00,1.58,insn per cycle
80.672185252,375715440,,cycles,100197165,100.00,,
80.772394077,568569,,rD044,100208894,100.00,,
80.772394077,16353266,,rFF44,100208954,100.00,,
80.772394077,1137538401,,instructions,100208875,100.00,3.03,insn per cycle
80.772394077,375779717,,cycles,100208335,100.00,,
80.872606042,572735,,rD044,100211095,100.00,,
80.872606042,24264261,,rFF44,100211435,100.00,,
80.872606042,1394576242,,instructions,100211614,100.00,3.71,insn per cycle
80.872606042,375791523,,cycles,100211614,100.00,,
80.972816857,1394725,,rD044,100211055,100.00,,
80.972816857,28067271,,rFF44,100210935,100.00,,
80.972816857,1421607952,,instructions,100210485,100.00,3.78,insn per cycle
80.972816857,375785221,,cycles,100209895,100.00,,
81.073028792,499026,,rD044,100210905,100.00,,
81.073028792,15109591,,rFF44,100210585,100.00,,
81.073028792,963195584,,instructions,100210335,100.00,2.56,insn per cycle
81.073028792,375788282,,cycles,100210685,100.00,,
81.173238877,459267,,rD044,100208815,100.00,,
81.173238877,14274031,,rFF44,100209355,100.00,,
81.173238877,943397877,,instructions,100209975,100.00,2.51,insn per cycle
81.173238877,375786639,,cycles,100210195,100.00,,
81.273449032,11542,,rD044,100209514,100.00,,
81.273449032,7139909,,rFF44,100209694,100.00,,
81.273449032,656538802,,instructions,100210755,100.00,1.75,insn per cycle
81.273449032,375790985,,cycles,100211465,100.00,,
81.373660737,84086,,rD044,100211785,100.00,,
81.373660737,9046758,,rFF44,100211575,100.00,,
81.373660737,764215191,,instructions,100210644,100.00,2.03,insn per cycle
81.373660737,375785189,,cycles,100209814,100.00,,
81.473872432,67858,,rD044,100210325,100.00,,
81.473872432,8091151,,rFF44,100210475,100.00,,
81.473872432,704576626,,instructions,100210715,100.00,1.87,insn per cycle
81.473872432,375790827,,cycles,100211145,100.00,,
81.574115348,168033,,rD044,100242255,100.00,,
81.574115348,9459273,,rFF44,100241945,100.00,,
81.574115348,766831579,,instructions,100242095,100.00,2.04,insn per cycle
81.574115348,375902388,,cycles,100241415,100.00,,
81.674324993,27351,,rD044,100197035,100.00,,
81.674324993,7950286,,rFF44,100197125,100.00,,
81.674324993,716756139,,instructions,100196525,100.00,1.91,insn per cycle
81.674324993,375715493,,cycles,100196835,100.00,,
81.774533778,176260,,rD044,100208175,100.00,,
81.774533778,11322271,,rFF44,100208765,100.00,,
81.774533778,870563189,,instructions,100209005,100.00,2.32,insn per cycle
81.774533778,375782210,,cycles,100209075,100.00,,
81.874754323,94560,,rD044,100219704,100.00,,
81.874754323,8218178,,rFF44,100219394,100.00,,
81.874754323,709109504,,instructions,100219005,100.00,1.89,insn per cycle
81.874754323,375819556,,cycles,100219035,100.00,,
81.974961398,98784,,rD044,100206725,100.00,,
81.974961398,7944290,,rFF44,100206765,100.00,,
81.974961398,688015336,,instructions,100207444,100.00,1.83,insn per cycle
81.974961398,375776120,,cycles,100207444,100.00,,
82.075171873,69977,,rD044,100209665,100.00,,
82.075171873,8178049,,rFF44,100209415,100.00,,
82.075171873,707132311,,instructions,100209435,100.00,1.88,insn per cycle
82.075171873,375781865,,cycles,100208985,100.00,,
82.175382098,238403,,rD044,100209685,100.00,,
82.175382098,11619596,,rFF44,100209935,100.00,,
82.175382098,843837491,,instructions,100209525,100.00,2.25,insn per cycle
82.175382098,375783440,,cycles,100209405,100.00,,
82.275589323,29642,,rD044,100206505,100.00,,
82.275589323,7678350,,rFF44,100206095,100.00,,
82.275589323,684975323,,instructions,100206615,100.00,1.82,insn per cycle
82.275589323,375774282,,cycles,100206955,100.00,,
82.375796228,149987,,rD044,100206374,100.00,,
82.375796228,10359279,,rFF44,100206144,100.00,,
82.375796228,775248566,,instructions,100206174,100.00,2.06,insn per cycle
82.375796228,375766084,,cycles,100207224,100.00,,
82.476003553,91441,,rD044,100207045,100.00,,
82.476003553,8563498,,rFF44,100207665,100.00,,
82.476003553,695761408,,instructions,100206845,100.00,1.85,insn per cycle
82.476003553,375771421,,cycles,100206195,100.00,,
82.576215318,26013,,rD044,100210495,100.00,,
82.576215318,6740091,,rFF44,100211095,100.00,,
82.576215318,606872010,,instructions,100211385,100.00,1.61,insn per cycle
82.576215318,375788134,,cycles,100210595,100.00,,
82.676425343,133798,,rD044,100144455,100.00,,
82.676425343,9672818,,rFF44,100143455,100.00,,
82.676425343,725199603,,instructions,100143555,100.00,1.93,insn per cycle
82.676425343,375472356,,cycles,100144865,100.00,,
82.776636768,5981,,rD044,100158835,100.00,,
82.776636768,6235596,,rFF44,100158785,100.00,,
82.776636768,587752023,,instructions,100158285,100.00,1.57,insn per cycle
82.776636768,375540191,,cycles,100157385,100.00,,
82.876843813,8506,,rD044,100155323,100.00,,
82.876843813,6615920,,rFF44,100155333,100.00,,
82.876843813,606505243,,instructions,100155643,100.00,1.62,insn per cycle
82.876843813,375533607,,cycles,100155843,100.00,,
82.977053028,125669,,rD044,100136485,100.00,,
82.977053028,12365914,,rFF44,100136675,100.00,,
82.977053028,838608455,,instructions,100136855,100.00,2.23,insn per cycle
82.977053028,375452959,,cycles,100136735,100.00,,
83.077262373,11564,,rD044,100038724,100.00,,
83.077262373,6354864,,rFF44,100038184,100.00,,
83.077262373,580994464,,instructions,100037634,100.00,1.55,insn per cycle
83.077262373,375074887,,cycles,100037664,100.00,,
83.177469858,8916,,rD044,100156225,100.00,,
83.177469858,6557023,,rFF44,100156415,100.00,,
83.177469858,595469484,,instructions,100157625,100.00,1.59,insn per cycle
83.177469858,375541311,,cycles,100158405,100.00,,
83.277680454,20352,,rD044,100160015,100.00,,
83.277680454,7402976,,rFF44,100160275,100.00,,
83.277680454,627486807,,instructions,100159295,100.00,1.67,insn per cycle
83.277680454,375546360,,cycles,100158605,100.00,,
83.377890229,30273,,rD044,100159254,100.00,,
83.377890229,7493969,,rFF44,100159494,100.00,,
83.377890229,636414285,,instructions,100160254,100.00,1.69,insn per cycle
83.377890229,375552049,,cycles,100160524,100.00,,
83.478118444,52683,,rD044,100150645,100.00,,
83.478118444,9191931,,rFF44,100150285,100.00,,
83.478118444,708363585,,instructions,100149505,100.00,1.89,insn per cycle
83.478118444,375480576,,cycles,100149065,100.00,,
83.578328169,229771,,rD044,100159055,100.00,,
83.578328169,9610234,,rFF44,100158445,100.00,,
83.578328169,703757189,,instructions,100158125,100.00,1.87,insn per cycle
83.578328169,375544707,,cycles,100158385,100.00,,
83.678537584,57091,,rD044,100147273,100.00,,
83.678537584,8065319,,rFF44,100147423,100.00,,
83.678537584,650526196,,instructions,100148733,100.00,1.73,insn per cycle
83.678537584,375495634,,cycles,100148353,100.00,,
83.778774489,48864,,rD044,100186425,100.00,,
83.778774489,7700041,,rFF44,100186345,100.00,,
83.778774489,622817835,,instructions,100185565,100.00,1.66,insn per cycle
83.778774489,375642587,,cycles,100185515,100.00,,
83.878979864,19787,,rD044,100157464,100.00,,
83.878979864,6355838,,rFF44,100158185,100.00,,
83.878979864,560291573,,instructions,100158455,100.00,1.49,insn per cycle
83.878979864,375546609,,cycles,100158875,100.00,,
83.979188619,30100,,rD044,100141185,100.00,,
83.979188619,6616114,,rFF44,100140804,100.00,,
83.979188619,610944983,,instructions,100140354,100.00,1.63,insn per cycle
83.979188619,375466052,,cycles,100139864,100.00,,
84.079398004,924084,,rD044,100039245,100.00,,
84.079398004,25717846,,rFF44,100039535,100.00,,
84.079398004,1451137770,,instructions,100039625,100.00,3.87,insn per cycle
84.079398004,375074213,,cycles,100039695,100.00,,
84.179610039,609352,,rD044,100151135,100.00,,
84.179610039,23839091,,rFF44,100151575,100.00,,
84.179610039,1353904473,,instructions,100151305,100.00,3.61,insn per cycle
84.179610039,375507520,,cycles,100151715,100.00,,
84.279821174,162993,,rD044,100153275,100.00,,
84.279821174,9771612,,rFF44,100152785,100.00,,
84.279821174,679101980,,instructions,100153445,100.00,1.81,insn per cycle
84.279821174,375518981,,cycles,100153755,100.00,,
84.380030299,17213,,rD044,100162343,100.00,,
84.380030299,6375927,,rFF44,100162123,100.00,,
84.380030299,614379125,,instructions,100162174,100.00,1.64,insn per cycle
84.380030299,375558216,,cycles,100161614,100.00,,
84.480237534,64635,,rD044,100157735,100.00,,
84.480237534,10853449,,rFF44,100157945,100.00,,
84.480237534,708275639,,instructions,100157904,100.00,1.89,insn per cycle
84.480237534,375546510,,cycles,100158674,100.00,,
84.580445549,6041,,rD044,100149575,100.00,,
84.580445549,5555912,,rFF44,100149865,100.00,,
84.580445549,527404371,,instructions,100150235,100.00,1.40,insn per cycle
84.580445549,375497829,,cycles,100149355,100.00,,
84.680657295,62564,,rD044,100159724,100.00,,
84.680657295,7541217,,rFF44,100159714,100.00,,
84.680657295,618941713,,instructions,100159704,100.00,1.65,insn per cycle
84.680657295,375545247,,cycles,100159994,100.00,,
84.780870140,64860,,rD044,100159455,100.00,,
84.780870140,7131660,,rFF44,100159465,100.00,,
84.780870140,592886780,,instructions,100158715,100.00,1.58,insn per cycle
84.780870140,375540934,,cycles,100158565,100.00,,
84.881115125,209200,,rD044,100194335,100.00,,
84.881115125,11610259,,rFF44,100194325,100.00,,
84.881115125,806656338,,instructions,100195325,100.00,2.15,insn per cycle
84.881115125,375682346,,cycles,100195325,100.00,,
84.981325930,75449,,rD044,100135792,100.00,,
84.981325930,9421678,,rFF44,100135292,100.00,,
84.981325930,662054242,,instructions,100134252,100.00,1.76,insn per cycle
84.981325930,375442992,,cycles,100134202,100.00,,
85.081534275,6895,,rD044,100041944,100.00,,
85.081534275,5392389,,rFF44,100042024,100.00,,
85.081534275,506230872,,instructions,100042504,100.00,1.35,insn per cycle
85.081534275,375096357,,cycles,100042294,100.00,,
85.181745970,20669,,rD044,100156935,100.00,,
85.181745970,6859843,,rFF44,100157535,100.00,,
85.181745970,573423391,,instructions,100157615,100.00,1.53,insn per cycle
85.181745970,375531488,,cycles,100158205,100.00,,
85.281965465,1903,,rD044,100161194,100.00,,
85.281965465,5432264,,rFF44,100160774,100.00,,
85.281965465,509399117,,instructions,100160344,100.00,1.36,insn per cycle
85.281965465,375544847,,cycles,100160244,100.00,,
85.382173610,4825,,rD044,100160245,100.00,,
85.382173610,6374498,,rFF44,100160325,100.00,,
85.382173610,543460300,,instructions,100160505,100.00,1.45,insn per cycle
85.382173610,375550477,,cycles,100160075,100.00,,
85.482382155,10204,,rD044,100159864,100.00,,
85.482382155,6421811,,rFF44,100160304,100.00,,
85.482382155,597191615,,instructions,100160154,100.00,1.59,insn per cycle
85.482382155,375550099,,cycles,100160064,100.00,,
85.582591840,67454,,rD044,100148984,100.00,,
85.582591840,8748966,,rFF44,100148254,100.00,,
85.582591840,684740452,,instructions,100148004,100.00,1.82,insn per cycle
85.582591840,375493730,,cycles,100148134,100.00,,
85.682830936,10294,,rD044,100188295,100.00,,
85.682830936,6644089,,rFF44,100188215,100.00,,
85.682830936,606808058,,instructions,100188425,100.00,1.62,insn per cycle
85.682830936,375654284,,cycles,100188895,100.00,,
85.783039041,365588,,rD044,100154165,100.00,,
85.783039041,13980401,,rFF44,100153915,100.00,,
85.783039041,880378913,,instructions,100154005,100.00,2.34,insn per cycle
85.783039041,375519210,,cycles,100153695,100.00,,
85.883246696,24557,,rD044,100158795,100.00,,
85.883246696,6820072,,rFF44,100158885,100.00,,
85.883246696,608505011,,instructions,100159435,100.00,1.62,insn per cycle
85.883246696,375550694,,cycles,100159675,100.00,,
85.983455711,31379,,rD044,100137545,100.00,,
85.983455711,7434050,,rFF44,100138035,100.00,,
85.983455711,613420950,,instructions,100137505,100.00,1.63,insn per cycle
85.983455711,375456114,,cycles,100137715,100.00,,
86.083660196,35075,,rD044,100031363,100.00,,
86.083660196,7506010,,rFF44,100031623,100.00,,
86.083660196,655347621,,instructions,100031683,100.00,1.75,insn per cycle
86.083660196,375060156,,cycles,100032133,100.00,,
86.183871701,116586,,rD044,100158805,100.00,,
86.183871701,12147869,,rFF44,100158815,100.00,,
86.183871701,891282959,,instructions,100158735,100.00,2.37,insn per cycle
86.183871701,375535208,,cycles,100157595,100.00,,
86.284102976,108840,,rD044,100174694,100.00,,
86.284102976,10095381,,rFF44,100174364,100.00,,
86.284102976,736725345,,instructions,100175144,100.00,1.96,insn per cycle
86.284102976,375593845,,cycles,100174814,100.00,,
86.384312461,42131,,rD044,100155405,100.00,,
86.384312461,7451717,,rFF44,100154845,100.00,,
86.384312461,640598164,,instructions,100154505,100.00,1.71,insn per cycle
86.384312461,375528792,,cycles,100154955,100.00,,
86.484521156,54196,,rD044,100160905,100.00,,
86.484521156,6784933,,rFF44,100161525,100.00,,
86.484521156,617324751,,instructions,100161295,100.00,1.64,insn per cycle
86.484521156,375558216,,cycles,100161895,100.00,,
86.584728621,25915,,rD044,100146852,100.00,,
86.584728621,6990372,,rFF44,100147282,100.00,,
86.584728621,615592069,,instructions,100146822,100.00,1.64,insn per cycle
86.584728621,375489054,,cycles,100146742,100.00,,
86.684956347,171874,,rD044,100179075,100.00,,
86.684956347,10911570,,rFF44,100178215,100.00,,
86.684956347,781917013,,instructions,100177865,100.00,2.08,insn per cycle
86.684956347,375617707,,cycles,100177945,100.00,,
86.785164852,36208,,rD044,100156085,100.00,,
86.785164852,7174033,,rFF44,100156365,100.00,,
86.785164852,613707723,,instructions,100156895,100.00,1.63,insn per cycle
86.785164852,375532000,,cycles,100156105,100.00,,
86.885371287,11347,,rD044,100135943,100.00,,
86.885371287,6397098,,rFF44,100135833,100.00,,
86.885371287,600377436,,instructions,100135733,100.00,1.60,insn per cycle
86.885371287,375450573,,cycles,100135613,100.00,,
86.985577952,133200,,rD044,100158074,100.00,,
86.985577952,9580295,,rFF44,100158154,100.00,,
86.985577952,715802893,,instructions,100158584,100.00,1.91,insn per cycle
86.985577952,375546796,,cycles,100159244,100.00,,
87.085786987,27706,,rD044,100043833,100.00,,
87.085786987,7767982,,rFF44,100044113,100.00,,
87.085786987,644009934,,instructions,100044083,100.00,1.72,insn per cycle
87.085786987,375103767,,cycles,100043663,100.00,,
87.185995782,5838,,rD044,100155735,100.00,,
87.185995782,5939902,,rFF44,100155455,100.00,,
87.185995782,549811430,,instructions,100155365,100.00,1.46,insn per cycle
87.185995782,375532649,,cycles,100155385,100.00,,
87.286205587,37029,,rD044,100161164,100.00,,
87.286205587,7345005,,rFF44,100161644,100.00,,
87.286205587,638550335,,instructions,100161184,100.00,1.70,insn per cycle
87.286205587,375552759,,cycles,100161094,100.00,,
87.386414102,19555,,rD044,100153415,100.00,,
87.386414102,7521266,,rFF44,100153045,100.00,,
87.386414102,630328874,,instructions,100153165,100.00,1.68,insn per cycle
87.386414102,375517093,,cycles,100152985,100.00,,
87.486635707,471677,,rD044,100156875,100.00,,
87.486635707,15285864,,rFF44,100156695,100.00,,
87.486635707,961387696,,instructions,100156545,100.00,2.56,insn per cycle
87.486635707,375521614,,cycles,100156815,100.00,,
87.586829332,35701,,rD044,100130733,100.00,,
87.586829332,8920909,,rFF44,100130723,100.00,,
87.586829332,723620665,,instructions,100131493,100.00,1.93,insn per cycle
87.586829332,375421767,,cycles,100131353,100.00,,
87.687037137,297516,,rD044,100155495,100.00,,
87.687037137,13108495,,rFF44,100155805,100.00,,
87.687037137,923132478,,instructions,100155325,100.00,2.46,insn per cycle
87.687037137,375525347,,cycles,100155605,100.00,,
87.787255132,33281,,rD044,100166355,100.00,,
87.787255132,6668549,,rFF44,100166315,100.00,,
87.787255132,580568018,,instructions,100166645,100.00,1.55,insn per cycle
87.787255132,375571090,,cycles,100166545,100.00,,
87.887462007,8139,,rD044,100131744,100.00,,
87.887462007,6067546,,rFF44,100132114,100.00,,
87.887462007,576200771,,instructions,100132334,100.00,1.53,insn per cycle
87.887462007,375433001,,cycles,100132774,100.00,,
87.987671652,66797,,rD044,100161524,100.00,,
87.987671652,7767808,,rFF44,100161545,100.00,,
87.987671652,672883587,,instructions,100162255,100.00,1.79,insn per cycle
87.987671652,375557477,,cycles,100161655,100.00,,
88.087878777,80713,,rD044,100040044,100.00,,
88.087878777,7688391,,rFF44,100040193,100.00,,
88.087878777,621060229,,instructions,100039263,100.00,1.66,insn per cycle
88.087878777,375087285,,cycles,100039873,100.00,,
88.188108153,206038,,rD044,100173795,100.00,,
88.188108153,11001700,,rFF44,100172615,100.00,,
88.188108153,791410323,,instructions,100172155,100.00,2.11,insn per cycle
88.188108153,375586957,,cycles,100172015,100.00,,
88.288317458,25493,,rD044,100157335,100.00,,
88.288317458,8313711,,rFF44,100157995,100.00,,
88.288317458,663417708,,instructions,100158195,100.00,1.77,insn per cycle
88.288317458,375537513,,cycles,100157795,100.00,,
88.388525853,16803,,rD044,100156165,100.00,,
88.388525853,6310550,,rFF44,100156005,100.00,,
88.388525853,579188229,,instructions,100155795,100.00,1.54,insn per cycle
88.388525853,375529984,,cycles,100155855,100.00,,
88.488734648,50557,,rD044,100160795,100.00,,
88.488734648,7431708,,rFF44,100161655,100.00,,
88.488734648,666170947,,instructions,100162305,100.00,1.77,insn per cycle
88.488734648,375561666,,cycles,100162595,100.00,,
88.588956173,63740,,rD044,100169444,100.00,,
88.588956173,7483067,,rFF44,100168614,100.00,,
88.588956173,659457658,,instructions,100168454,100.00,1.76,insn per cycle
88.588956173,375581533,,cycles,100168294,100.00,,
88.689163858,22286,,rD044,100148915,100.00,,
88.689163858,6037091,,rFF44,100148935,100.00,,
88.689163858,613237833,,instructions,100148625,100.00,1.63,insn per cycle
88.689163858,375497007,,cycles,100148495,100.00,,
88.789372773,1071,,rD044,100154355,100.00,,
88.789372773,2426170,,rFF44,100154245,100.00,,
88.789372773,542024584,,instructions,100154165,100.00,1.44,insn per cycle
88.789372773,375524890,,cycles,100154585,100.00,,
88.889582258,1006,,rD044,100130215,100.00,,
88.889582258,2425820,,rFF44,100130285,100.00,,
88.889582258,542050077,,instructions,100130585,100.00,1.44,insn per cycle
88.889582258,375425350,,cycles,100131005,100.00,,
88.989791563,1116,,rD044,100161265,100.00,,
88.989791563,2428601,,rFF44,100161165,100.00,,
88.989791563,542439913,,instructions,100161105,100.00,1.44,insn per cycle
88.989791563,375555379,,cycles,100161375,100.00,,
89.090001628,1121,,rD044,100033122,100.00,,
89.090001628,2424174,,rFF44,100033272,100.00,,
89.090001628,541184543,,instructions,100033362,100.00,1.44,insn per cycle
89.090001628,375064782,,cycles,100032882,100.00,,
89.190210943,1229,,rD044,100159175,100.00,,
89.190210943,2426568,,rFF44,100159135,100.00,,
89.190210943,541855296,,instructions,100159055,100.00,1.44,insn per cycle
89.190210943,375545364,,cycles,100158385,100.00,,
89.290422538,1031,,rD044,100157885,100.00,,
89.290422538,2425905,,rFF44,100158165,100.00,,
89.290422538,542139507,,instructions,100157705,100.00,1.44,insn per cycle
89.290422538,375536855,,cycles,100157905,100.00,,
89.390658513,1131,,rD044,100185194,100.00,,
89.390658513,2426596,,rFF44,100184694,100.00,,
89.390658513,541836862,,instructions,100184774,100.00,1.44,insn per cycle
89.390658513,375639044,,cycles,100184884,100.00,,
89.490867688,1131,,rD044,100158835,100.00,,
89.490867688,2426599,,rFF44,100159085,100.00,,
89.490867688,541795399,,instructions,100159455,100.00,1.44,insn per cycle
89.490867688,375541217,,cycles,100159185,100.00,,
89.591093484,1405,,rD044,100177515,100.00,,
89.591093484,2426782,,rFF44,100177235,100.00,,
89.591093484,542125848,,instructions,100177325,100.00,1.44,insn per cycle
89.591093484,375620029,,cycles,100178215,100.00,,
89.691301569,1115,,rD044,100148093,100.00,,
89.691301569,2426258,,rFF44,100149023,100.00,,
89.691301569,542113116,,instructions,100149013,100.00,1.44,insn per cycle
89.691301569,375493603,,cycles,100148313,100.00,,
89.791513004,1152,,rD044,100161385,100.00,,
89.791513004,2427840,,rFF44,100160715,100.00,,
89.791513004,541808310,,instructions,100160345,100.00,1.44,insn per cycle
89.791513004,375550629,,cycles,100160845,100.00,,
89.891723249,1096,,rD044,100135075,100.00,,
89.891723249,2424457,,rFF44,100135155,100.00,,
89.891723249,541330126,,instructions,100135115,100.00,1.44,insn per cycle
89.891723249,375445578,,cycles,100135025,100.00,,
89.991932534,1099,,rD044,100177765,100.00,,
89.991932534,2427652,,rFF44,100177715,100.00,,
89.991932534,542073448,,instructions,100178065,100.00,1.44,insn per cycle
89.991932534,375618410,,cycles,100178145,100.00,,
90.092161139,1061,,rD044,100041294,100.00,,
90.092161139,2423452,,rFF44,100040954,100.00,,
90.092161139,541258726,,instructions,100041404,100.00,1.44,insn per cycle
90.092161139,375094442,,cycles,100041334,100.00,,
90.192369174,993,,rD044,100157734,100.00,,
90.192369174,2426249,,rFF44,100158754,100.00,,
90.192369174,541740112,,instructions,100158564,100.00,1.44,insn per cycle
90.192369174,375544614,,cycles,100158154,100.00,,
90.292579839,1477,,rD044,98973879,100.00,,
90.292579839,2398572,,rFF44,98973709,100.00,,
90.292579839,535456881,,instructions,98972819,100.00,1.44,insn per cycle
90.292579839,371079834,,cycles,98972719,100.00,,
90.392794384,1280,,rD044,100161805,100.00,,
90.392794384,2427152,,rFF44,100161675,100.00,,
90.392794384,541427072,,instructions,100162365,100.00,1.44,insn per cycle
90.392794384,375553630,,cycles,100162195,100.00,,
90.493003059,1148,,rD044,100158065,100.00,,
90.493003059,2429694,,rFF44,100157415,100.00,,
90.493003059,542040292,,instructions,100157185,100.00,1.44,insn per cycle
90.493003059,375543551,,cycles,100157885,100.00,,
90.593208954,1325,,rD044,100156575,100.00,,
90.593208954,2429766,,rFF44,100156545,100.00,,
90.593208954,542168033,,instructions,100156735,100.00,1.44,insn per cycle
90.593208954,375537351,,cycles,100156185,100.00,,
90.693414169,1040,,rD044,100145102,100.00,,
90.693414169,2428560,,rFF44,100146542,100.00,,
90.693414169,541459955,,instructions,100146292,100.00,1.44,insn per cycle
90.693414169,375489266,,cycles,100146592,100.00,,
90.793629685,1144,,rD044,100159635,100.00,,
90.793629685,2428509,,rFF44,100158505,100.00,,
90.793629685,541590491,,instructions,100158525,100.00,1.44,insn per cycle
90.793629685,375539439,,cycles,100157965,100.00,,
90.893837940,1092,,rD044,100132355,100.00,,
90.893837940,2428894,,rFF44,100132265,100.00,,
90.893837940,541531558,,instructions,100132225,100.00,1.44,insn per cycle
90.893837940,375431717,,cycles,100132815,100.00,,
90.994048075,1099,,rD044,100159323,100.00,,
90.994048075,2430574,,rFF44,100159423,100.00,,
90.994048075,542125424,,instructions,100160063,100.00,1.44,insn per cycle
90.994048075,375548014,,cycles,100159493,100.00,,
91.094256110,1178,,rD044,100039394,100.00,,
91.094256110,2427110,,rFF44,100039014,100.00,,
91.094256110,541333793,,instructions,100038564,100.00,1.44,insn per cycle
91.094256110,375087473,,cycles,100039334,100.00,,
91.194464465,1021,,rD044,100161074,100.00,,
91.194464465,2430073,,rFF44,100161664,100.00,,
91.194464465,541515083,,instructions,100161624,100.00,1.44,insn per cycle
91.194464465,375556222,,cycles,100161574,100.00,,
91.294673320,1218,,rD044,100158735,100.00,,
91.294673320,2429811,,rFF44,100158745,100.00,,
91.294673320,541648131,,instructions,100159165,100.00,1.44,insn per cycle
91.294673320,375546035,,cycles,100158515,100.00,,
91.394897275,1291,,rD044,100171404,100.00,,
91.394897275,2432644,,rFF44,100170974,100.00,,
91.394897275,542474400,,instructions,100170654,100.00,1.44,insn per cycle
91.394897275,375587460,,cycles,100171474,100.00,,
91.495142290,1201,,rD044,100179205,100.00,,
91.495142290,2430119,,rFF44,100179515,100.00,,
91.495142290,541858144,,instructions,100179775,100.00,1.44,insn per cycle
91.495142290,375607906,,cycles,100179465,100.00,,
91.595335865,1243,,rD044,100144785,100.00,,
91.595335865,2426311,,rFF44,100144105,100.00,,
91.595335865,540842514,,instructions,100143565,100.00,1.44,insn per cycle
91.595335865,375488373,,cycles,100142985,100.00,,
91.695543460,1062,,rD044,100150543,100.00,,
91.695543460,2428202,,rFF44,100150673,100.00,,
91.695543460,541312813,,instructions,100150753,100.00,1.44,insn per cycle
91.695543460,375508537,,cycles,100151323,100.00,,
91.795756165,1096,,rD044,100164505,100.00,,
91.795756165,2427285,,rFF44,100165015,100.00,,
91.795756165,541346422,,instructions,100164805,100.00,1.44,insn per cycle
91.795756165,375570739,,cycles,100165315,100.00,,
91.895968080,1104,,rD044,100131065,100.00,,
91.895968080,2430184,,rFF44,100131055,100.00,,
91.895968080,542011043,,instructions,100131675,100.00,1.44,insn per cycle
91.895968080,375423820,,cycles,100130805,100.00,,
91.996179135,1349,,rD044,100157324,100.00,,
91.996179135,2428897,,rFF44,100157834,100.00,,
91.996179135,541825939,,instructions,100157524,100.00,1.44,insn per cycle
91.996179135,375536852,,cycles,100157444,100.00,,
92.096387080,1260,,rD044,100036414,100.00,,
92.096387080,2427000,,rFF44,100035574,100.00,,
92.096387080,541004262,,instructions,100035594,100.00,1.44,insn per cycle
92.096387080,375070891,,cycles,100035664,100.00,,
92.196595176,1071,,rD044,100160974,100.00,,
92.196595176,2429768,,rFF44,100161404,100.00,,
92.196595176,541838585,,instructions,100162244,100.00,1.44,insn per cycle
92.196595176,375560158,,cycles,100162434,100.00,,
92.296804431,1051,,rD044,100159934,100.00,,
92.296804431,2430002,,rFF44,100159694,100.00,,
92.296804431,541760651,,instructions,100158894,100.00,1.44,insn per cycle
92.296804431,375546180,,cycles,100158834,100.00,,
92.397016196,3612414,,rD044,100154505,100.00,,
92.397016196,21360523,,rFF44,100154545,100.00,,
92.397016196,653084681,,instructions,100155655,100.00,1.74,insn per cycle
92.397016196,375528094,,cycles,100155815,100.00,,
92.497226881,4773359,,rD044,100145883,100.00,,
92.497226881,27507037,,rFF44,100146033,100.00,,
92.497226881,687322768,,instructions,100145473,100.00,1.83,insn per cycle
92.497226881,375487612,,cycles,100145393,100.00,,
92.597437116,4782528,,rD044,100150315,100.00,,
92.597437116,27587384,,rFF44,100150865,100.00,,
92.597437116,689167080,,instructions,100150085,100.00,1.84,insn per cycle
92.597437116,375507714,,cycles,100150675,100.00,,
92.697649471,4770456,,rD044,100143284,100.00,,
92.697649471,27477094,,rFF44,100143124,100.00,,
92.697649471,686505413,,instructions,100143344,100.00,1.83,insn per cycle
92.697649471,375469934,,cycles,100142294,100.00,,
92.797859106,4711945,,rD044,100151565,100.00,,
92.797859106,27244148,,rFF44,100151525,100.00,,
92.797859106,682074007,,instructions,100151825,100.00,1.82,insn per cycle
92.797859106,375515397,,cycles,100152495,100.00,,
92.898095211,4615627,,rD044,100152273,100.00,,
92.898095211,26818414,,rFF44,100152133,100.00,,
92.898095211,673481172,,instructions,100151543,100.00,1.79,insn per cycle
92.898095211,375499765,,cycles,100151483,100.00,,
92.998305906,4735862,,rD044,100147655,100.00,,
92.998305906,27342901,,rFF44,100148415,100.00,,
92.998305906,688226832,,instructions,100149275,100.00,1.83,insn per cycle
92.998305906,375499856,,cycles,100148675,100.00,,
93.098517841,4711277,,rD044,100029384,100.00,,
93.098517841,27297323,,rFF44,100028874,100.00,,
93.098517841,685848736,,instructions,100028334,100.00,1.83,insn per cycle
93.098517841,375039444,,cycles,100029334,100.00,,
93.198768077,4733397,,rD044,100192154,100.00,,
93.198768077,27329523,,rFF44,100191174,100.00,,
93.198768077,687224534,,instructions,100191174,100.00,1.83,insn per cycle
93.198768077,375659202,,cycles,100190434,100.00,,
93.298975102,4706828,,rD044,100146974,100.00,,
93.298975102,27070600,,rFF44,100147715,100.00,,
93.298975102,688139525,,instructions,100147575,100.00,1.83,insn per cycle
93.298975102,375499874,,cycles,100148255,100.00,,
93.399188617,1589365,,rD044,100158045,100.00,,
93.399188617,25163194,,rFF44,100158404,100.00,,
93.399188617,1910413565,,instructions,100158714,100.00,5.09,insn per cycle
93.399188617,375538141,,cycles,100158214,100.00,,
93.499403872,1591510,,rD044,100156965,100.00,,
93.499403872,25143818,,rFF44,100157205,100.00,,
93.499403872,1908963162,,instructions,100157315,100.00,5.08,insn per cycle
93.499403872,375534444,,cycles,100157745,100.00,,
93.599618907,1592954,,rD044,100158275,100.00,,
93.599618907,25152327,,rFF44,100157535,100.00,,
93.599618907,1909610270,,instructions,100157075,100.00,5.09,insn per cycle
93.599618907,375526614,,cycles,100156165,100.00,,
93.699830432,4305407,,rD044,100151884,100.00,,
93.699830432,27375448,,rFF44,100152174,100.00,,
93.699830432,930840868,,instructions,100151824,100.00,2.48,insn per cycle
93.699830432,375512654,,cycles,100152164,100.00,,
93.800043957,6931903,,rD044,100143134,100.00,,
93.800043957,30060407,,rFF44,100143684,100.00,,
93.800043957,37573699,,instructions,100143984,100.00,0.10,insn per cycle
93.800043957,375465531,,cycles,100144974,100.00,,
93.900258732,6838000,,rD044,100122654,100.00,,
93.900258732,29595796,,rFF44,100122574,100.00,,
93.900258732,40682185,,instructions,100122174,100.00,0.11,insn per cycle
93.900258732,375387698,,cycles,100121464,100.00,,
94.000470407,6918065,,rD044,100152085,100.00,,
94.000470407,30115518,,rFF44,100151315,100.00,,
94.000470407,37634688,,instructions,100152255,100.00,0.10,insn per cycle
94.000470407,375511629,,cycles,100152905,100.00,,
94.100689503,6837155,,rD044,100035613,100.00,,
94.100689503,29582442,,rFF44,100036953,100.00,,
94.100689503,42779858,,instructions,100037373,100.00,0.11,insn per cycle
94.100689503,375060677,,cycles,100036483,100.00,,
94.200900718,1578144,,rD044,100155365,100.00,,
94.200900718,24579777,,rFF44,100153925,100.00,,
94.200900718,479145587,,instructions,100153135,100.00,1.28,insn per cycle
94.200900718,375521717,,cycles,100153545,100.00,,
94.301126983,1780555,,rD044,100170315,100.00,,
94.301126983,26915074,,rFF44,100170095,100.00,,
94.301126983,528296616,,instructions,100170525,100.00,1.41,insn per cycle
94.301126983,375580976,,cycles,100170615,100.00,,
94.401340088,2696248,,rD044,100155404,100.00,,
94.401340088,35511179,,rFF44,100155655,100.00,,
94.401340088,705273644,,instructions,100155355,100.00,1.88,insn per cycle
94.401340088,375519401,,cycles,100154805,100.00,,
94.501558283,3796543,,rD044,735366825,100.00,,
94.501558283,37673738,,rFF44,735651580,100.00,,
94.501558283,3105091744,,instructions,735834960,100.00,1.13,insn per cycle
94.501558283,2759241897,,cycles,736009200,100.00,,
94.601875189,3961949,,rD044,802414466,100.00,,
94.601875189,40076843,,rFF44,802389810,100.00,,
94.601875189,3316063846,,instructions,802498630,100.00,1.10,insn per cycle
94.601875189,3009297560,,cycles,802497560,100.00,,
94.702190086,25404456,,rD044,577587672,100.00,,
94.702190086,128865621,,rFF44,577572682,100.00,,
94.702190086,3410174117,,instructions,577454982,100.00,1.57,insn per cycle
94.702190086,2165215516,,cycles,577462522,100.00,,
94.802475692,11495335,,rD044,802202090,100.00,,
94.802475692,50032588,,rFF44,802179500,100.00,,
94.802475692,3003640397,,instructions,802181010,100.00,1.00,insn per cycle
94.802475692,3008067563,,cycles,802166435,100.00,,
94.902757967,1049534,,rD044,802183820,100.00,,
94.902757967,4642946,,rFF44,802189980,100.00,,
94.902757967,5989936278,,instructions,802171208,100.00,1.99,insn per cycle
94.902757967,3008045118,,cycles,802165203,100.00,,
95.003046013,5111,,rD044,801982523,100.00,,
95.003046013,163051,,rFF44,801952058,100.00,,
95.003046013,6679207490,,instructions,801944500,100.00,2.22,insn per cycle
95.003046013,3007047036,,cycles,801940610,100.00,,
95.103358590,4720,,rD044,802461405,100.00,,
95.103358590,153641,,rFF44,802486340,100.00,,
95.103358590,6686654146,,instructions,802499250,100.00,2.22,insn per cycle
95.103358590,3009317553,,cycles,802502040,100.00,,
95.203646676,4607,,rD044,802252100,100.00,,
95.203646676,157349,,rFF44,802255870,100.00,,
95.203646676,6684430848,,instructions,802259210,100.00,2.22,insn per cycle
95.203646676,3008389934,,cycles,802253100,100.00,,
95.303935921,4681,,rD044,802399420,100.00,,
95.303935921,156838,,rFF44,802410980,100.00,,
95.303935921,6685660959,,instructions,802408221,100.00,2.22,insn per cycle
95.303935921,3009033898,,cycles,802424708,100.00,,
95.404244018,5029,,rD044,802273540,100.00,,
95.404244018,155414,,rFF44,802270368,100.00,,
95.404244018,6683609566,,instructions,802276247,100.00,2.22,insn per cycle
95.404244018,3008458454,,cycles,802272940,100.00,,
95.504547444,5436,,rD044,802356228,100.00,,
95.504547444,163583,,rFF44,802352110,100.00,,
95.504547444,6682580677,,instructions,802332420,100.00,2.22,insn per cycle
95.504547444,3008608759,,cycles,802323800,100.00,,
95.604819549,5229,,rD044,802067460,100.00,,
95.604819549,160199,,rFF44,802059060,100.00,,
95.604819549,6681019192,,instructions,802069640,100.00,2.22,insn per cycle
95.604819549,3007586612,,cycles,802063400,100.00,,
95.705130596,4894,,rD044,802405500,100.00,,
95.705130596,162705,,rFF44,802404900,100.00,,
95.705130596,6684400149,,instructions,802407980,100.00,2.22,insn per cycle
95.705130596,3008966586,,cycles,802416930,100.00,,
95.805406761,5060,,rD044,802100240,100.00,,
95.805406761,158215,,rFF44,802090100,100.00,,
95.805406761,6681867732,,instructions,802080020,100.00,2.22,insn per cycle
95.805406761,3007615670,,cycles,802071601,100.00,,
95.905693177,4766,,rD044,802208879,100.00,,
95.905693177,157880,,rFF44,802233280,100.00,,
95.905693177,6683511097,,instructions,802232757,100.00,2.22,insn per cycle
95.905693177,3008239078,,cycles,802221836,100.00,,
96.005981903,4810,,rD044,802257094,100.00,,
96.005981903,156504,,rFF44,802258017,100.00,,
96.005981903,6682946179,,instructions,802263370,100.00,2.22,insn per cycle
96.005981903,3008457928,,cycles,802273240,100.00,,
96.106271029,4732,,rD044,802122662,100.00,,
96.106271029,159275,,rFF44,802112778,100.00,,
96.106271029,6682547650,,instructions,802108638,100.00,2.22,insn per cycle
96.106271029,3007839764,,cycles,802119578,100.00,,
96.206559685,4513,,rD044,802251260,100.00,,
96.206559685,159249,,rFF44,802255350,100.00,,
96.206559685,6684365145,,instructions,802263760,100.00,2.22,insn per cycle
96.206559685,3008426012,,cycles,802262350,100.00,,
96.306849461,4671,,rD044,802268050,100.00,,
96.306849461,152970,,rFF44,802259210,100.00,,
96.306849461,6683918093,,instructions,802256090,100.00,2.22,insn per cycle
96.306849461,3008736573,,cycles,802345420,100.00,,
96.407150217,4913,,rD044,802352179,100.00,,
96.407150217,158489,,rFF44,802356739,100.00,,
96.407150217,6684040273,,instructions,802362213,100.00,2.22,insn per cycle
96.407150217,3008440296,,cycles,802267977,100.00,,
96.507442523,5053,,rD044,802277992,100.00,,
96.507442523,155552,,rFF44,802279158,100.00,,
96.507442523,6682479851,,instructions,802269674,100.00,2.22,insn per cycle
96.507442523,3008422202,,cycles,802270340,100.00,,
96.607734159,4990,,rD044,802241406,100.00,,
96.607734159,160268,,rFF44,802241300,100.00,,
96.607734159,6682638552,,instructions,802251820,100.00,2.22,insn per cycle
96.607734159,3008366642,,cycles,802258510,100.00,,
96.708022725,4533,,rD044,802257050,100.00,,
96.708022725,155865,,rFF44,802258460,100.00,,
96.708022725,6683964560,,instructions,802250720,100.00,2.22,insn per cycle
96.708022725,3008326176,,cycles,802236000,100.00,,
96.808307201,12033804,,rD044,802180630,100.00,,
96.808307201,107669292,,rFF44,802193210,100.00,,
96.808307201,4614535390,,instructions,802206640,100.00,1.53,insn per cycle
96.808307201,3008222705,,cycles,802233800,100.00,,
96.908602887,5292009,,rD044,802278500,100.00,,
96.908602887,39416922,,rFF44,802276170,100.00,,
96.908602887,3067949795,,instructions,802280430,100.00,1.02,insn per cycle
96.908602887,3008458964,,cycles,802277768,100.00,,
97.008934633,3994301,,rD044,781406992,100.00,,
97.008934633,45005121,,rFF44,781169312,100.00,,
97.008934633,2848377793,,instructions,780995562,100.00,0.97,insn per cycle
97.008934633,2927991255,,cycles,780824694,100.00,,
97.109171289,10419267,,rD044,403270811,100.00,,
97.109171289,90293996,,rFF44,403529545,100.00,,
97.109171289,1985314984,,instructions,403712905,100.00,1.31,insn per cycle
97.109171289,1514313290,,cycles,403899545,100.00,,
97.209476745,22269998,,rD044,802378024,100.00,,
97.209476745,196008850,,rFF44,802373140,100.00,,
97.209476745,3780708284,,instructions,802364330,100.00,1.26,insn per cycle
97.209476745,3008770676,,cycles,802355540,100.00,,
97.309774851,21746993,,rD044,802310599,100.00,,
97.309774851,198390814,,rFF44,802316469,100.00,,
97.309774851,3756865150,,instructions,802318589,100.00,1.25,insn per cycle
97.309774851,3008607073,,cycles,802316049,100.00,,
97.410092927,21897721,,rD044,802482410,100.00,,
97.410092927,199642079,,rFF44,802491851,100.00,,
97.410092927,3762375049,,instructions,802496608,100.00,1.25,insn per cycle
97.410092927,3009320374,,cycles,802503068,100.00,,
97.510392923,21746472,,rD044,802318855,100.00,,
97.510392923,199464489,,rFF44,802292277,100.00,,
97.510392923,3754655545,,instructions,802287190,100.00,1.25,insn per cycle
97.510392923,3008501672,,cycles,802285070,100.00,,
97.610690499,21722235,,rD044,802340413,100.00,,
97.610690499,200074733,,rFF44,802360860,100.00,,
97.610690499,3776397239,,instructions,802374000,100.00,1.26,insn per cycle
97.610690499,3008841896,,cycles,802376860,100.00,,
97.710991935,22339775,,rD044,802317520,100.00,,
97.710991935,201621984,,rFF44,802307230,100.00,,
97.710991935,3807596937,,instructions,802304490,100.00,1.27,insn per cycle
97.710991935,3008544091,,cycles,802303380,100.00,,
97.811287261,22070538,,rD044,802292139,100.00,,
97.811287261,194509146,,rFF44,802285809,100.00,,
97.811287261,3783147311,,instructions,802275089,100.00,1.26,insn per cycle
97.811287261,3008466187,,cycles,802277187,100.00,,
97.911579907,22032833,,rD044,802224720,100.00,,
97.911579907,193983806,,rFF44,802225627,100.00,,
97.911579907,3768908221,,instructions,802226008,100.00,1.25,insn per cycle
97.911579907,3008251981,,cycles,802222770,100.00,,
98.011873423,22116564,,rD044,802170128,100.00,,
98.011873423,196197582,,rFF44,802221561,100.00,,
98.011873423,3814976118,,instructions,802334210,100.00,1.27,insn per cycle
98.011873423,3008688627,,cycles,802338470,100.00,,
98.112195800,21524192,,rD044,802514270,100.00,,
98.112195800,197218318,,rFF44,802472260,100.00,,
98.112195800,3756017864,,instructions,802358960,100.00,1.25,insn per cycle
98.112195800,3008783817,,cycles,802360840,100.00,,
98.212495216,21846736,,rD044,802307140,100.00,,
98.212495216,199614003,,rFF44,802286520,100.00,,
98.212495216,3763834827,,instructions,802292200,100.00,1.25,insn per cycle
98.212495216,3008525731,,cycles,802290836,100.00,,
98.312789432,21619187,,rD044,802296600,100.00,,
98.312789432,198948438,,rFF44,802301404,100.00,,
98.312789432,3757537715,,instructions,802300668,100.00,1.25,insn per cycle
98.312789432,3008543173,,cycles,802295242,100.00,,
98.413102138,21554525,,rD044,802455398,100.00,,
98.413102138,199690738,,rFF44,802464604,100.00,,
98.413102138,3769345636,,instructions,802466590,100.00,1.25,insn per cycle
98.413102138,3009175126,,cycles,802464800,100.00,,
98.513399964,22389168,,rD044,802307469,100.00,,
98.513399964,200059108,,rFF44,802289089,100.00,,
98.513399964,3814629412,,instructions,802282939,100.00,1.27,insn per cycle
98.513399964,3008511379,,cycles,802288949,100.00,,
98.613694000,22063170,,rD044,802291159,100.00,,
98.613694000,194894309,,rFF44,802309389,100.00,,
98.613694000,3785152552,,instructions,802312859,100.00,1.26,insn per cycle
98.613694000,3008582603,,cycles,802307519,100.00,,
98.713992156,22098741,,rD044,802314300,100.00,,
98.713992156,193849234,,rFF44,802314180,100.00,,
98.713992156,3774253895,,instructions,802313928,100.00,1.25,insn per cycle
98.713992156,3008630316,,cycles,802318278,100.00,,
98.814315162,21793326,,rD044,802520408,100.00,,
98.814315162,195311076,,rFF44,802510888,100.00,,
98.814315162,3790146703,,instructions,802507580,100.00,1.26,insn per cycle
98.814315162,3009316856,,cycles,802506250,100.00,,
98.914607808,21827212,,rD044,802250400,100.00,,
98.914607808,199424229,,rFF44,802258790,100.00,,
98.914607808,3769570049,,instructions,802266100,100.00,1.25,insn per cycle
98.914607808,3008422385,,cycles,802269230,100.00,,
99.014907634,21646467,,rD044,802372289,100.00,,
99.014907634,198610282,,rFF44,802712079,100.00,,
99.014907634,3748561320,,instructions,802711267,100.00,1.25,insn per cycle
99.014907634,3010089052,,cycles,802708897,100.00,,
99.115252351,21717489,,rD044,802505034,100.00,,
99.115252351,199295444,,rFF44,802169538,100.00,,
99.115252351,3766209488,,instructions,802170480,100.00,1.25,insn per cycle
99.115252351,3008008972,,cycles,802163600,100.00,,
99.215545677,21858447,,rD044,802268624,100.00,,
99.215545677,202009461,,rFF44,802245760,100.00,,
99.215545677,3788571607,,instructions,802237530,100.00,1.26,insn per cycle
99.215545677,3008316818,,cycles,802235600,100.00,,
99.315830523,22165591,,rD044,802229779,100.00,,
99.315830523,196877174,,rFF44,802243949,100.00,,
99.315830523,3795847538,,instructions,802252279,100.00,1.26,insn per cycle
99.315830523,3008534173,,cycles,802292879,100.00,,
99.416140089,22036268,,rD044,802409640,100.00,,
99.416140089,194465104,,rFF44,802424370,100.00,,
99.416140089,3781262304,,instructions,802424110,100.00,1.26,insn per cycle
99.416140089,3008898054,,cycles,802390736,100.00,,
99.516438155,22104245,,rD044,802297559,100.00,,
99.516438155,194767400,,rFF44,802288004,100.00,,
99.516438155,3795704179,,instructions,802280407,100.00,1.26,insn per cycle
99.516438155,3008419887,,cycles,802277911,100.00,,
99.616734911,21629061,,rD044,802269935,100.00,,
99.616734911,196344294,,rFF44,802288211,100.00,,
99.616734911,3779539235,,instructions,802294068,100.00,1.26,insn per cycle
99.616734911,3008436811,,cycles,802292948,100.00,,
99.717036717,21929450,,rD044,802286590,100.00,,
99.717036717,200521800,,rFF44,802274689,100.00,,
99.717036717,3782226624,,instructions,802282509,100.00,1.26,insn per cycle
99.717036717,3008435013,,cycles,802287569,100.00,,
99.817330953,21559673,,rD044,802303419,100.00,,
99.817330953,199100126,,rFF44,802297169,100.00,,
99.817330953,3747760914,,instructions,802292949,100.00,1.25,insn per cycle
99.817330953,3008535386,,cycles,802292599,100.00,,
99.917630989,21745429,,rD044,802293660,100.00,,
99.917630989,199803486,,rFF44,802300920,100.00,,
99.917630989,3769407085,,instructions,802303176,100.00,1.25,insn per cycle
99.917630989,3008562816,,cycles,802309158,100.00,,
100.017930055,21917346,,rD044,802420116,100.00,,
100.017930055,202737716,,rFF44,802414048,100.00,,
100.017930055,3787821765,,instructions,802393802,100.00,1.26,insn per cycle
100.017930055,3008843068,,cycles,802376340,100.00,,
100.118235661,21979605,,rD044,802140252,100.00,,
100.118235661,196638839,,rFF44,802139730,100.00,,
100.118235661,3801595374,,instructions,802154250,100.00,1.26,insn per cycle
100.118235661,3008044919,,cycles,802167910,100.00,,
100.218535417,21930864,,rD044,802335569,100.00,,
100.218535417,194427457,,rFF44,802329379,100.00,,
100.218535417,3765439724,,instructions,802335329,100.00,1.25,insn per cycle
100.218535417,3008681657,,cycles,802333509,100.00,,
100.318826903,22146212,,rD044,802267210,100.00,,
100.318826903,195850041,,rFF44,802269150,100.00,,
100.318826903,3795581646,,instructions,802258680,100.00,1.26,insn per cycle
100.318826903,3008394473,,cycles,802256046,100.00,,
100.419140269,21486873,,rD044,802437771,100.00,,
100.419140269,195801512,,rFF44,802434978,100.00,,
100.419140269,3772105907,,instructions,802437258,100.00,1.25,insn per cycle
100.419140269,3009104046,,cycles,802445132,100.00,,
100.519437005,21686597,,rD044,801142670,100.00,,
100.519437005,198857626,,rFF44,801174453,100.00,,
100.519437005,3756061416,,instructions,801180833,100.00,1.25,insn per cycle
100.519437005,3004321731,,cycles,801172253,100.00,,
100.619770102,21731885,,rD044,802607320,100.00,,
100.619770102,200387918,,rFF44,802587120,100.00,,
100.619770102,3760737655,,instructions,802579020,100.00,1.25,insn per cycle
100.619770102,3009597929,,cycles,802578040,100.00,,
100.720115669,21787645,,rD044,802690904,100.00,,
100.720115669,200180995,,rFF44,802693528,100.00,,
100.720115669,3778639466,,instructions,802702888,100.00,1.26,insn per cycle
100.720115669,3010056838,,cycles,802698758,100.00,,
100.820402954,21919046,,rD044,802237864,100.00,,
100.820402954,202503533,,rFF44,802229940,100.00,,
100.820402954,3787891296,,instructions,802219870,100.00,1.26,insn per cycle
100.820402954,3008263780,,cycles,802220640,100.00,,
100.920696360,21961895,,rD044,802224210,100.00,,
100.920696360,194943384,,rFF44,802208840,100.00,,
100.920696360,3785963293,,instructions,802199030,100.00,1.26,insn per cycle
100.920696360,3008145904,,cycles,802195030,100.00,,
101.020988876,21889334,,rD044,801938648,100.00,,
101.020988876,193598190,,rFF44,801950118,100.00,,
101.020988876,3762482153,,instructions,801968188,100.00,1.25,insn per cycle
101.020988876,3007096714,,cycles,801974518,100.00,,
101.121281832,22013353,,rD044,802302620,100.00,,
101.121281832,195081042,,rFF44,802310940,100.00,,
101.121281832,3801209080,,instructions,802307357,100.00,1.26,insn per cycle
101.121281832,3008576187,,cycles,802305028,100.00,,
101.221583379,21571718,,rD044,802338644,100.00,,
101.221583379,197989060,,rFF44,802329538,100.00,,
101.221583379,3771081610,,instructions,802329621,100.00,1.25,insn per cycle
101.221583379,3008724578,,cycles,802344560,100.00,,
101.321870894,21702694,,rD044,802235374,100.00,,
101.321870894,199445526,,rFF44,802228320,100.00,,
101.321870894,3765098873,,instructions,802279820,100.00,1.25,insn per cycle
101.321870894,3008492651,,cycles,802281940,100.00,,
101.422168710,21566559,,rD044,802328419,100.00,,
101.422168710,199316417,,rFF44,802336389,100.00,,
101.422168710,3750409935,,instructions,802285389,100.00,1.25,insn per cycle
101.422168710,3008463983,,cycles,802276679,100.00,,
101.522467296,21551400,,rD044,802321600,100.00,,
101.522467296,199509970,,rFF44,802313840,100.00,,
101.522467296,3762052461,,instructions,802311050,100.00,1.25,insn per cycle
101.522467296,3008606589,,cycles,802312763,100.00,,
101.622762272,22239476,,rD044,802308550,100.00,,
101.622762272,201757019,,rFF44,802316512,100.00,,
101.622762272,3807017937,,instructions,802311388,100.00,1.27,insn per cycle
101.622762272,3008546198,,cycles,802300885,100.00,,
101.723077539,22007930,,rD044,802447668,100.00,,
101.723077539,195659419,,rFF44,802447366,100.00,,
101.723077539,3788288618,,instructions,802451520,100.00,1.26,insn per cycle
101.723077539,3009130756,,cycles,802452950,100.00,,
101.823363465,21939278,,rD044,802232320,100.00,,
101.823363465,193583110,,rFF44,802241850,100.00,,
101.823363465,3761339651,,instructions,802257760,100.00,1.25,insn per cycle
101.823363465,3008433250,,cycles,802266190,100.00,,
101.923660381,21900240,,rD044,802256430,100.00,,
101.923660381,194887840,,rFF44,802246190,100.00,,
101.923660381,3804690575,,instructions,802229570,100.00,1.26,insn per cycle
101.923660381,3008247180,,cycles,802222760,100.00,,
102.023954807,21485355,,rD044,802294549,100.00,,
102.023954807,197905247,,rFF44,802298449,100.00,,
102.023954807,3755123978,,instructions,802299501,100.00,1.25,insn per cycle
102.023954807,3008561111,,cycles,802299717,100.00,,
102.124251033,21704578,,rD044,802059360,100.00,,
102.124251033,199671639,,rFF44,802060487,100.00,,
102.124251033,3753713525,,instructions,802058895,100.00,1.25,insn per cycle
102.124251033,3007534375,,cycles,802064009,100.00,,
102.224547059,21584777,,rD044,802311147,100.00,,
102.224547059,199248654,,rFF44,802317340,100.00,,
102.224547059,3753192679,,instructions,802323380,100.00,1.25,insn per cycle
102.224547059,3008653740,,cycles,802325380,100.00,,
102.324842065,21467256,,rD044,802278100,100.00,,
102.324842065,200187827,,rFF44,802257600,100.00,,
102.324842065,3761899271,,instructions,802256700,100.00,1.25,insn per cycle
102.324842065,3008649480,,cycles,802324260,100.00,,
102.425158521,22230924,,rD044,802458170,100.00,,
102.425158521,198942720,,rFF44,802462300,100.00,,
102.425158521,3804584922,,instructions,802469180,100.00,1.26,insn per cycle
102.425158521,3008895164,,cycles,802398276,100.00,,
102.525477597,22095025,,rD044,802491593,100.00,,
102.525477597,196353811,,rFF44,802489068,100.00,,
102.525477597,3792462413,,instructions,802477128,100.00,1.26,insn per cycle
102.525477597,3009184842,,cycles,802471152,100.00,,
102.625770573,22043878,,rD044,802256465,100.00,,
102.625770573,194852400,,rFF44,802262250,100.00,,
102.625770573,3777174100,,instructions,802265350,100.00,1.26,insn per cycle
102.625770573,3008410232,,cycles,802273520,100.00,,
102.726084239,21750291,,rD044,802439700,100.00,,
102.726084239,195221571,,rFF44,802450980,100.00,,
102.726084239,3791281556,,instructions,802461600,100.00,1.26,insn per cycle
102.726084239,3009131932,,cycles,802459240,100.00,,
102.826380015,21638412,,rD044,802301809,100.00,,
102.826380015,199018736,,rFF44,802289909,100.00,,
102.826380015,3762314062,,instructions,802277229,100.00,1.25,insn per cycle
102.826380015,3008474399,,cycles,802276927,100.00,,
102.926673921,21653367,,rD044,802263210,100.00,,
102.926673921,199452769,,rFF44,802270886,100.00,,
102.926673921,3754996464,,instructions,802282788,100.00,1.25,insn per cycle
102.926673921,3008570920,,cycles,802305210,100.00,,
103.026974647,21644523,,rD044,802162816,100.00,,
103.026974647,199508675,,rFF44,802153120,100.00,,
103.026974647,3757736415,,instructions,802141038,100.00,1.25,insn per cycle
103.026974647,3007807334,,cycles,802111958,100.00,,
103.127264233,21687740,,rD044,802248520,100.00,,
103.127264233,201595309,,rFF44,802242680,100.00,,
103.127264233,3778927601,,instructions,802231700,100.00,1.26,insn per cycle
103.127264233,3008337871,,cycles,802241910,100.00,,
103.227555879,22073485,,rD044,802280800,100.00,,
103.227555879,196983994,,rFF44,802313200,100.00,,
103.227555879,3796111022,,instructions,802330230,100.00,1.26,insn per cycle
103.227555879,3008631503,,cycles,802320010,100.00,,
103.327852195,22068987,,rD044,802302050,100.00,,
103.327852195,195323356,,rFF44,802278740,100.00,,
103.327852195,3775888831,,instructions,802295442,100.00,1.25,insn per cycle
103.327852195,3008972330,,cycles,802409448,100.00,,
103.428163582,21960027,,rD044,802422823,100.00,,
103.428163582,194311652,,rFF44,802419908,100.00,,
103.428163582,3782874759,,instructions,802403226,100.00,1.26,insn per cycle
103.428163582,3008540977,,cycles,802295040,100.00,,
103.528453968,21510249,,rD044,802226535,100.00,,
103.528453968,195813826,,rFF44,802227400,100.00,,
103.528453968,3771977198,,instructions,802229030,100.00,1.25,insn per cycle
103.528453968,3008291044,,cycles,802238860,100.00,,
103.628740183,21775052,,rD044,802200019,100.00,,
103.628740183,199361595,,rFF44,802207989,100.00,,
103.628740183,3760145554,,instructions,802209309,100.00,1.25,insn per cycle
103.628740183,3008111368,,cycles,802203329,100.00,,
103.729040550,21468144,,rD044,802292609,100.00,,
103.729040550,198598759,,rFF44,802295499,100.00,,
103.729040550,3739131486,,instructions,802290799,100.00,1.24,insn per cycle
103.729040550,3008483649,,cycles,802298879,100.00,,
103.829347506,21843231,,rD044,802368590,100.00,,
103.829347506,200912772,,rFF44,802381534,100.00,,
103.829347506,3787029963,,instructions,802383418,100.00,1.26,insn per cycle
103.829347506,3008783801,,cycles,802375658,100.00,,
103.929650012,21960759,,rD044,802288626,100.00,,
103.929650012,202468014,,rFF44,802273833,100.00,,
103.929650012,3787822386,,instructions,802263839,100.00,1.26,insn per cycle
103.929650012,3008348168,,cycles,802253999,100.00,,
104.029963238,22034863,,rD044,802282950,100.00,,
104.029963238,195608748,,rFF44,802271149,100.00,,
104.029963238,3789219328,,instructions,802274679,100.00,1.26,insn per cycle
104.029963238,3008428805,,cycles,802273959,100.00,,
104.130255954,22086381,,rD044,802288700,100.00,,
104.130255954,195624933,,rFF44,802294240,100.00,,
104.130255954,3771190546,,instructions,802299120,100.00,1.25,insn per cycle
104.130255954,3008591004,,cycles,802307830,100.00,,
104.230556490,22066602,,rD044,802340959,100.00,,
104.230556490,195222155,,rFF44,802346119,100.00,,
104.230556490,3794466576,,instructions,802344657,100.00,1.26,insn per cycle
104.230556490,3008688084,,cycles,802334587,100.00,,
104.330866626,21520210,,rD044,802406646,100.00,,
104.330866626,196841719,,rFF44,802405487,100.00,,
104.330866626,3775844974,,instructions,802569269,100.00,1.25,insn per cycle
104.330866626,3010012564,,cycles,802687939,100.00,,
104.431193813,21795224,,rD044,802559090,100.00,,
104.431193813,199967807,,rFF44,802572569,100.00,,
104.431193813,3769200713,,instructions,802407429,100.00,1.25,insn per cycle
104.431193813,3008553632,,cycles,802298209,100.00,,
104.531489949,21595800,,rD044,802305210,100.00,,
104.531489949,199215274,,rFF44,802309320,100.00,,
104.531489949,3744386087,,instructions,802320970,100.00,1.24,insn per cycle
104.531489949,3008651772,,cycles,802324777,100.00,,
104.631790355,21640404,,rD044,802336850,100.00,,
104.631790355,199694279,,rFF44,802315436,100.00,,
104.631790355,3763667597,,instructions,802309498,100.00,1.25,insn per cycle
104.631790355,3008585151,,cycles,802306901,100.00,,
104.732103681,22057712,,rD044,802438678,100.00,,
104.732103681,202436060,,rFF44,802438042,100.00,,
104.732103681,3793289840,,instructions,802422850,100.00,1.26,insn per cycle
104.732103681,3009000777,,cycles,802418150,100.00,,
104.832395067,21916681,,rD044,802267880,100.00,,
104.832395067,194714295,,rFF44,802265900,100.00,,
104.832395067,3777628350,,instructions,802277380,100.00,1.26,insn per cycle
104.832395067,3008478469,,cycles,802279450,100.00,,
104.932691913,21952543,,rD044,802287459,100.00,,
104.932691913,193846590,,rFF44,802286459,100.00,,
104.932691913,3759267407,,instructions,802287439,100.00,1.25,insn per cycle
104.932691913,3008541089,,cycles,802297761,100.00,,
105.032988549,22055827,,rD044,802282800,100.00,,
105.032988549,196236980,,rFF44,802271790,100.00,,
105.032988549,3805987351,,instructions,802276697,100.00,1.27,insn per cycle
105.032988549,3008412711,,cycles,802265126,100.00,,
105.133283345,21469989,,rD044,802153823,100.00,,
105.133283345,197850081,,rFF44,802192607,100.00,,
105.133283345,3772870155,,instructions,802183120,100.00,1.25,insn per cycle
105.133283345,3008119813,,cycles,802186299,100.00,,
105.233584781,17780958,,rD044,796273333,100.00,,
105.233584781,173958070,,rFF44,796250599,100.00,,
105.233584781,3514343944,,instructions,796249389,100.00,1.18,insn per cycle
105.233584781,2985775272,,cycles,796246949,100.00,,
105.238476486,34484,,rD044,17325172,100.00,,
105.238476486,302564,,rFF44,17071202,100.00,,
105.238476486,51279752,,instructions,16887132,100.00,0.82,insn per cycle
105.238476486,62620391,,cycles,16701652,100.00,,
