0.100129027,137565,,rD044,91792269,100.00,,
0.100129027,921951,,rFF44,91797769,100.00,,
0.100129027,1365342907,,instructions,91802389,100.00,4.01,insn per cycle
0.100129027,340435536,,cycles,91807299,100.00,,
0.200387826,104281,,rD044,100255595,100.00,,
0.200387826,732179,,rFF44,100256635,100.00,,
0.200387826,1658943415,,instructions,100256695,100.00,4.41,insn per cycle
0.200387826,375961148,,cycles,100256795,100.00,,
0.300598514,108130,,rD044,100209685,100.00,,
0.300598514,676738,,rFF44,100209365,100.00,,
0.300598514,1662926775,,instructions,100209675,100.00,4.43,insn per cycle
0.300598514,375785008,,cycles,100209925,100.00,,
0.400812893,112426,,rD044,100214075,100.00,,
0.400812893,725130,,rFF44,100214265,100.00,,
0.400812893,1657685340,,instructions,100214285,100.00,4.41,insn per cycle
0.400812893,375799843,,cycles,100213665,100.00,,
0.501026661,103620,,rD044,100212695,100.00,,
0.501026661,729880,,rFF44,100212885,100.00,,
0.501026661,1658275651,,instructions,100212025,100.00,4.41,insn per cycle
0.501026661,375790901,,cycles,100211405,100.00,,
0.601235040,113077,,rD044,100207884,100.00,,
0.601235040,706093,,rFF44,100207564,100.00,,
0.601235040,1665921184,,instructions,100208084,100.00,4.43,insn per cycle
0.601235040,375779210,,cycles,100208264,100.00,,
0.701445218,113025,,rD044,100209115,100.00,,
0.701445218,738107,,rFF44,100209025,100.00,,
0.701445218,1666241218,,instructions,100208845,100.00,4.43,insn per cycle
0.701445218,375785230,,cycles,100209885,100.00,,
0.801656596,104558,,rD044,100197565,100.00,,
0.801656596,732108,,rFF44,100196445,100.00,,
0.801656596,1659594940,,instructions,100196395,100.00,4.42,insn per cycle
0.801656596,375710483,,cycles,100195605,100.00,,
0.901864695,118091,,rD044,100207045,100.00,,
0.901864695,721180,,rFF44,100207855,100.00,,
0.901864695,1665155694,,instructions,100208355,100.00,4.43,insn per cycle
0.901864695,375784553,,cycles,100209615,100.00,,
1.002076943,81124,,rD044,100211975,100.00,,
1.002076943,718131,,rFF44,100212015,100.00,,
1.002076943,1671718961,,instructions,100212055,100.00,4.45,insn per cycle
1.002076943,375791197,,cycles,100211475,100.00,,
1.102287231,104956,,rD044,100209894,100.00,,
1.102287231,724825,,rFF44,100210104,100.00,,
1.102287231,1655026796,,instructions,100210014,100.00,4.40,insn per cycle
1.102287231,375784308,,cycles,100209554,100.00,,
1.202497730,115974,,rD044,100209465,100.00,,
1.202497730,726452,,rFF44,100209495,100.00,,
1.202497730,1661302938,,instructions,100208665,100.00,4.42,insn per cycle
1.202497730,375778822,,cycles,100208255,100.00,,
1.302745868,108159,,rD044,100247785,100.00,,
1.302745868,751263,,rFF44,100247745,100.00,,
1.302745868,1661351787,,instructions,100248105,100.00,4.42,insn per cycle
1.302745868,375929470,,cycles,100248335,100.00,,
1.402956197,109612,,rD044,100209685,100.00,,
1.402956197,718579,,rFF44,100209295,100.00,,
1.402956197,1649690323,,instructions,100209835,100.00,4.39,insn per cycle
1.402956197,375788815,,cycles,100210835,100.00,,
1.503167035,115402,,rD044,100210045,100.00,,
1.503167035,734854,,rFF44,100210305,100.00,,
1.503167035,1643092664,,instructions,100210425,100.00,4.37,insn per cycle
1.503167035,375786073,,cycles,100209995,100.00,,
1.603377343,105683,,rD044,100209665,100.00,,
1.603377343,710544,,rFF44,100209815,100.00,,
1.603377343,1653322219,,instructions,100208985,100.00,4.40,insn per cycle
1.603377343,375781462,,cycles,100208995,100.00,,
1.703588782,116075,,rD044,100210804,100.00,,
1.703588782,720938,,rFF44,100210814,100.00,,
1.703588782,1650281983,,instructions,100211474,100.00,4.39,insn per cycle
1.703588782,375779867,,cycles,100210754,100.00,,
1.803796960,107430,,rD044,100195305,100.00,,
1.803796960,740752,,rFF44,100194805,100.00,,
1.803796960,1661095851,,instructions,100195405,100.00,4.42,insn per cycle
1.803796960,375710661,,cycles,100195795,100.00,,
1.904005868,98738,,rD044,100208235,100.00,,
1.904005868,734153,,rFF44,100208425,100.00,,
1.904005868,1642194456,,instructions,100207455,100.00,4.37,insn per cycle
1.904005868,375774468,,cycles,100206925,100.00,,
2.004215067,114237,,rD044,100208885,100.00,,
2.004215067,721169,,rFF44,100208885,100.00,,
2.004215067,1648024583,,instructions,100208605,100.00,4.39,insn per cycle
2.004215067,375785636,,cycles,100209985,100.00,,
2.104463396,72916,,rD044,100247155,100.00,,
2.104463396,716703,,rFF44,100247445,100.00,,
2.104463396,1655741839,,instructions,100247555,100.00,4.40,insn per cycle
2.104463396,375923556,,cycles,100246765,100.00,,
2.204687274,103378,,rD044,100223535,100.00,,
2.204687274,718747,,rFF44,100223175,100.00,,
2.204687274,1661993156,,instructions,100223055,100.00,4.42,insn per cycle
2.204687274,375837445,,cycles,100223715,100.00,,
2.304898472,111310,,rD044,100210724,100.00,,
2.304898472,729935,,rFF44,100210994,100.00,,
2.304898472,1661776464,,instructions,100212104,100.00,4.42,insn per cycle
2.304898472,375790010,,cycles,100211244,100.00,,
2.405110661,99487,,rD044,100211715,100.00,,
2.405110661,751286,,rFF44,100211365,100.00,,
2.405110661,1643478422,,instructions,100210215,100.00,4.37,insn per cycle
2.405110661,375787494,,cycles,100210475,100.00,,
2.505319909,106880,,rD044,100208355,100.00,,
2.505319909,718141,,rFF44,100208185,100.00,,
2.505319909,1648411404,,instructions,100209115,100.00,4.39,insn per cycle
2.505319909,375783267,,cycles,100209365,100.00,,
2.605530327,111294,,rD044,100209945,100.00,,
2.605530327,703878,,rFF44,100210585,100.00,,
2.605530327,1665604290,,instructions,100209715,100.00,4.43,insn per cycle
2.605530327,375834490,,cycles,100223015,100.00,,
2.705753756,98726,,rD044,100222615,100.00,,
2.705753756,732007,,rFF44,100223545,100.00,,
2.705753756,1649436882,,instructions,100224335,100.00,4.39,insn per cycle
2.705753756,375789798,,cycles,100211095,100.00,,
2.805970424,108862,,rD044,100203364,100.00,,
2.805970424,720774,,rFF44,100202245,100.00,,
2.805970424,1641283980,,instructions,100201885,100.00,4.37,insn per cycle
2.805970424,375730697,,cycles,100201385,100.00,,
2.906170402,107167,,rD044,100180975,100.00,,
2.906170402,740591,,rFF44,100181754,100.00,,
2.906170402,1670975223,,instructions,100182214,100.00,4.45,insn per cycle
2.906170402,375668000,,cycles,100181534,100.00,,
3.006383141,100479,,rD044,100211755,100.00,,
3.006383141,729246,,rFF44,100211005,100.00,,
3.006383141,1678187580,,instructions,100209685,100.00,4.47,insn per cycle
3.006383141,375789433,,cycles,100211095,100.00,,
3.106593849,79948,,rD044,100211355,100.00,,
3.106593849,692067,,rFF44,100212195,100.00,,
3.106593849,1689688246,,instructions,100212985,100.00,4.50,insn per cycle
3.106593849,375798545,,cycles,100213425,100.00,,
3.206809637,102840,,rD044,100213965,100.00,,
3.206809637,750678,,rFF44,100213385,100.00,,
3.206809637,1690550066,,instructions,100213195,100.00,4.50,insn per cycle
3.206809637,375794212,,cycles,100212275,100.00,,
3.307019126,103144,,rD044,100209104,100.00,,
3.307019126,722967,,rFF44,100209124,100.00,,
3.307019126,1696858431,,instructions,100209405,100.00,4.52,insn per cycle
3.307019126,375781473,,cycles,100208885,100.00,,
3.407228264,109896,,rD044,100208335,100.00,,
3.407228264,732670,,rFF44,100208755,100.00,,
3.407228264,1689578491,,instructions,100208714,100.00,4.50,insn per cycle
3.407228264,375784584,,cycles,100209704,100.00,,
3.507440673,99287,,rD044,100211415,100.00,,
3.507440673,751707,,rFF44,100211615,100.00,,
3.507440673,1696488381,,instructions,100211785,100.00,4.51,insn per cycle
3.507440673,375790281,,cycles,100211215,100.00,,
3.607651671,107015,,rD044,100210745,100.00,,
3.607651671,728598,,rFF44,100210045,100.00,,
3.607651671,1694836652,,instructions,100210005,100.00,4.51,insn per cycle
3.607651671,375787739,,cycles,100210475,100.00,,
3.707860789,111607,,rD044,100208575,100.00,,
3.707860789,745755,,rFF44,100208135,100.00,,
3.707860789,1695142339,,instructions,100208315,100.00,4.51,insn per cycle
3.707860789,375775266,,cycles,100207225,100.00,,
3.808069858,98460,,rD044,100196704,100.00,,
3.808069858,710915,,rFF44,100196704,100.00,,
3.808069858,1698176905,,instructions,100196194,100.00,4.52,insn per cycle
3.808069858,375716186,,cycles,100196865,100.00,,
3.908282156,109444,,rD044,100211695,100.00,,
3.908282156,731088,,rFF44,100212175,100.00,,
3.908282156,1698324079,,instructions,100212645,100.00,4.52,insn per cycle
3.908282156,375796147,,cycles,100212694,100.00,,
4.008507324,104782,,rD044,100224805,100.00,,
4.008507324,754591,,rFF44,100225015,100.00,,
4.008507324,1694219527,,instructions,100224555,100.00,4.51,insn per cycle
4.008507324,375842405,,cycles,100225045,100.00,,
4.108758003,100811,,rD044,100250105,100.00,,
4.108758003,738348,,rFF44,100249655,100.00,,
4.108758003,1689368714,,instructions,100250005,100.00,4.49,insn per cycle
4.108758003,375932602,,cycles,100249265,100.00,,
4.208969692,109953,,rD044,100210855,100.00,,
4.208969692,732109,,rFF44,100210885,100.00,,
4.208969692,1693751920,,instructions,100210175,100.00,4.51,insn per cycle
4.208969692,375788826,,cycles,100210835,100.00,,
4.309178070,99715,,rD044,100207835,100.00,,
4.309178070,755031,,rFF44,100207485,100.00,,
4.309178070,1699952213,,instructions,100207625,100.00,4.52,insn per cycle
4.309178070,375773486,,cycles,100206665,100.00,,
4.409386848,74517,,rD044,100207914,100.00,,
4.409386848,695385,,rFF44,100208545,100.00,,
4.409386848,1705146594,,instructions,100208355,100.00,4.54,insn per cycle
4.409386848,375778695,,cycles,100208215,100.00,,
4.509596987,111044,,rD044,100209725,100.00,,
4.509596987,738665,,rFF44,100209554,100.00,,
4.509596987,1700339597,,instructions,100209404,100.00,4.52,insn per cycle
4.509596987,375784997,,cycles,100209824,100.00,,
4.609810225,95416,,rD044,100212395,100.00,,
4.609810225,752524,,rFF44,100212495,100.00,,
4.609810225,1703477159,,instructions,100212855,100.00,4.53,insn per cycle
4.609810225,375794905,,cycles,100212455,100.00,,
4.710020973,104987,,rD044,100210225,100.00,,
4.710020973,728898,,rFF44,100209895,100.00,,
4.710020973,1702568935,,instructions,100210305,100.00,4.53,insn per cycle
4.710020973,375788576,,cycles,100210775,100.00,,
4.810231692,105177,,rD044,100198135,100.00,,
4.810231692,745175,,rFF44,100197975,100.00,,
4.810231692,1702070746,,instructions,100197895,100.00,4.53,insn per cycle
4.810231692,375719376,,cycles,100197375,100.00,,
4.910440550,96747,,rD044,100208164,100.00,,
4.910440550,741572,,rFF44,100208515,100.00,,
4.910440550,1700476487,,instructions,100208625,100.00,4.53,insn per cycle
4.910440550,375785011,,cycles,100209725,100.00,,
5.010652248,105911,,rD044,100211165,100.00,,
5.010652248,730198,,rFF44,100211274,100.00,,
5.010652248,1701361343,,instructions,100212314,100.00,4.53,insn per cycle
5.010652248,375790669,,cycles,100211334,100.00,,
5.110863677,99638,,rD044,100211165,100.00,,
5.110863677,723871,,rFF44,100211085,100.00,,
5.110863677,1702221489,,instructions,100210025,100.00,4.53,insn per cycle
5.110863677,375787680,,cycles,100210395,100.00,,
5.211075695,99379,,rD044,100210925,100.00,,
5.211075695,735599,,rFF44,100211125,100.00,,
5.211075695,1699998973,,instructions,100211135,100.00,4.52,insn per cycle
5.211075695,375793483,,cycles,100212215,100.00,,
5.311285753,108396,,rD044,100209705,100.00,,
5.311285753,728949,,rFF44,100209155,100.00,,
5.311285753,1701515384,,instructions,100209445,100.00,4.53,insn per cycle
5.311285753,375778919,,cycles,100208195,100.00,,
5.411489382,95915,,rD044,100202684,100.00,,
5.411489382,748202,,rFF44,100203534,100.00,,
5.411489382,1705100336,,instructions,100203714,100.00,4.54,insn per cycle
5.411489382,375767489,,cycles,100205155,100.00,,
5.511708740,101495,,rD044,100218595,100.00,,
5.511708740,723771,,rFF44,100218135,100.00,,
5.511708740,1703753133,,instructions,100217135,100.00,4.53,insn per cycle
5.511708740,375806545,,cycles,100215474,100.00,,
5.611918068,104818,,rD044,100208915,100.00,,
5.611918068,738247,,rFF44,100209575,100.00,,
5.611918068,1704075122,,instructions,100209885,100.00,4.53,insn per cycle
5.611918068,375786538,,cycles,100210325,100.00,,
5.712127827,65442,,rD044,100209025,100.00,,
5.712127827,717834,,rFF44,100208505,100.00,,
5.712127827,1709017302,,instructions,100208695,100.00,4.55,insn per cycle
5.712127827,375781449,,cycles,100208865,100.00,,
5.812337665,108651,,rD044,100196115,100.00,,
5.812337665,725658,,rFF44,100196145,100.00,,
5.812337665,1701626246,,instructions,100195795,100.00,4.53,insn per cycle
5.812337665,375704309,,cycles,100195105,100.00,,
5.912580614,102329,,rD044,100229685,100.00,,
5.912580614,747062,,rFF44,100228985,100.00,,
5.912580614,1704640003,,instructions,100229765,100.00,4.54,insn per cycle
5.912580614,375837228,,cycles,100229675,100.00,,
6.012789852,96257,,rD044,100208624,100.00,,
6.012789852,736272,,rFF44,100209094,100.00,,
6.012789852,1704740242,,instructions,100209054,100.00,4.54,insn per cycle
6.012789852,375784162,,cycles,100209504,100.00,,
6.113002270,109800,,rD044,100212095,100.00,,
6.113002270,725798,,rFF44,100211915,100.00,,
6.113002270,1702441819,,instructions,100210865,100.00,4.53,insn per cycle
6.113002270,375791370,,cycles,100211525,100.00,,
6.213213289,103231,,rD044,100210225,100.00,,
6.213213289,764119,,rFF44,100210535,100.00,,
6.213213289,1708807612,,instructions,100211505,100.00,4.55,insn per cycle
6.213213289,375790368,,cycles,100211255,100.00,,
6.313425817,102429,,rD044,100211965,100.00,,
6.313425817,706068,,rFF44,100211805,100.00,,
6.313425817,1707904532,,instructions,100210955,100.00,4.54,insn per cycle
6.313425817,375787648,,cycles,100210515,100.00,,
6.413636685,107652,,rD044,100209915,100.00,,
6.413636685,745135,,rFF44,100210415,100.00,,
6.413636685,1704715924,,instructions,100210965,100.00,4.54,insn per cycle
6.413636685,375791198,,cycles,100211465,100.00,,
6.513847844,98670,,rD044,100210634,100.00,,
6.513847844,758032,,rFF44,100209734,100.00,,
6.513847844,1705424437,,instructions,100210034,100.00,4.54,insn per cycle
6.513847844,375786194,,cycles,100210145,100.00,,
6.614059062,107954,,rD044,100210465,100.00,,
6.614059062,740194,,rFF44,100210555,100.00,,
6.614059062,1702637102,,instructions,100209835,100.00,4.53,insn per cycle
6.614059062,375784463,,cycles,100209674,100.00,,
6.714270130,101024,,rD044,100210975,100.00,,
6.714270130,760545,,rFF44,100211225,100.00,,
6.714270130,1698809258,,instructions,100211995,100.00,4.52,insn per cycle
6.714270130,375791043,,cycles,100211435,100.00,,
6.814484939,71243,,rD044,100193425,100.00,,
6.814484939,719575,,rFF44,100193395,100.00,,
6.814484939,1702768426,,instructions,100192245,100.00,4.53,insn per cycle
6.814484939,375684268,,cycles,100192095,100.00,,
6.914690617,112798,,rD044,100204285,100.00,,
6.914690617,748788,,rFF44,100204655,100.00,,
6.914690617,1702475009,,instructions,100204955,100.00,4.53,insn per cycle
6.914690617,375766089,,cycles,100205045,100.00,,
7.014901445,97639,,rD044,100210394,100.00,,
7.014901445,766875,,rFF44,100209954,100.00,,
7.014901445,1708302596,,instructions,100209914,100.00,4.55,insn per cycle
7.014901445,375786308,,cycles,100210094,100.00,,
7.115112684,107011,,rD044,100210695,100.00,,
7.115112684,741929,,rFF44,100210865,100.00,,
7.115112684,1707034356,,instructions,100211305,100.00,4.54,insn per cycle
7.115112684,375791304,,cycles,100211585,100.00,,
7.215322912,108155,,rD044,100209335,100.00,,
7.215322912,728724,,rFF44,100209265,100.00,,
7.215322912,1712290179,,instructions,100209145,100.00,4.56,insn per cycle
7.215322912,375783078,,cycles,100209295,100.00,,
7.315531550,95116,,rD044,100208225,100.00,,
7.315531550,756915,,rFF44,100208225,100.00,,
7.315531550,1711207715,,instructions,100208315,100.00,4.55,insn per cycle
7.315531550,375911786,,cycles,100243625,100.00,,
7.415777109,108057,,rD044,100244565,100.00,,
7.415777109,745857,,rFF44,100245365,100.00,,
7.415777109,1709273473,,instructions,100245655,100.00,4.55,insn per cycle
7.415777109,375784717,,cycles,100209755,100.00,,
7.515986738,97032,,rD044,100209035,100.00,,
7.515986738,768141,,rFF44,100207675,100.00,,
7.515986738,1709843809,,instructions,100206945,100.00,4.55,insn per cycle
7.515986738,375774841,,cycles,100207105,100.00,,
7.616197226,101409,,rD044,100209884,100.00,,
7.616197226,743018,,rFF44,100210344,100.00,,
7.616197226,1711322596,,instructions,100211234,100.00,4.55,insn per cycle
7.616197226,375790075,,cycles,100211174,100.00,,
7.716408834,79596,,rD044,100210675,100.00,,
7.716408834,720087,,rFF44,100210805,100.00,,
7.716408834,1713677394,,instructions,100211235,100.00,4.56,insn per cycle
7.716408834,375791217,,cycles,100211475,100.00,,
7.816620003,94758,,rD044,100196765,100.00,,
7.816620003,758969,,rFF44,100196465,100.00,,
7.816620003,1709190343,,instructions,100195615,100.00,4.55,insn per cycle
7.816620003,375705844,,cycles,100195115,100.00,,
7.916863671,106857,,rD044,100243555,100.00,,
7.916863671,741539,,rFF44,100243475,100.00,,
7.916863671,1709283604,,instructions,100243205,100.00,4.55,insn per cycle
7.916863671,375912739,,cycles,100243795,100.00,,
8.017072510,101496,,rD044,100207725,100.00,,
8.017072510,763304,,rFF44,100208085,100.00,,
8.017072510,1707335504,,instructions,100208225,100.00,4.54,insn per cycle
8.017072510,375776067,,cycles,100207425,100.00,,
8.117282678,98268,,rD044,100210075,100.00,,
8.117282678,744477,,rFF44,100210885,100.00,,
8.117282678,1705777358,,instructions,100211395,100.00,4.54,insn per cycle
8.117282678,375795069,,cycles,100212525,100.00,,
8.217496726,111465,,rD044,100213424,100.00,,
8.217496726,708294,,rFF44,100212744,100.00,,
8.217496726,1708371868,,instructions,100211714,100.00,4.55,insn per cycle
8.217496726,375790013,,cycles,100211144,100.00,,
8.317729315,95437,,rD044,100232165,100.00,,
8.317729315,762379,,rFF44,100231625,100.00,,
8.317729315,1701518882,,instructions,100232695,100.00,4.53,insn per cycle
8.317729315,375872733,,cycles,100233215,100.00,,
8.417940043,102555,,rD044,100209825,100.00,,
8.417940043,736950,,rFF44,100210525,100.00,,
8.417940043,1702320535,,instructions,100209615,100.00,4.53,insn per cycle
8.417940043,375781734,,cycles,100208945,100.00,,
8.518149372,104843,,rD044,100208485,100.00,,
8.518149372,754494,,rFF44,100207905,100.00,,
8.518149372,1697783497,,instructions,100208475,100.00,4.52,insn per cycle
8.518149372,375782290,,cycles,100209105,100.00,,
8.618359220,94832,,rD044,100209355,100.00,,
8.618359220,749031,,rFF44,100210205,100.00,,
8.618359220,1694432097,,instructions,100210515,100.00,4.51,insn per cycle
8.618359220,375785327,,cycles,100209815,100.00,,
8.718573748,74184,,rD044,100213764,100.00,,
8.718573748,697397,,rFF44,100212944,100.00,,
8.718573748,1672775591,,instructions,100212374,100.00,4.45,insn per cycle
8.718573748,375796308,,cycles,100212915,100.00,,
8.818784577,97388,,rD044,100198385,100.00,,
8.818784577,761225,,rFF44,100198515,100.00,,
8.818784577,1667887975,,instructions,100198845,100.00,4.44,insn per cycle
8.818784577,375724572,,cycles,100199224,100.00,,
8.918994785,100140,,rD044,100209425,100.00,,
8.918994785,739539,,rFF44,100209435,100.00,,
8.918994785,1675374161,,instructions,100209395,100.00,4.46,insn per cycle
8.918994785,375779846,,cycles,100208455,100.00,,
9.019204803,105306,,rD044,100209555,100.00,,
9.019204803,744642,,rFF44,100209895,100.00,,
9.019204803,1663180473,,instructions,100210155,100.00,4.43,insn per cycle
9.019204803,375787010,,cycles,100210345,100.00,,
9.119416592,93555,,rD044,100210895,100.00,,
9.119416592,752935,,rFF44,100210755,100.00,,
9.119416592,1665424598,,instructions,100210725,100.00,4.43,insn per cycle
9.119416592,375788854,,cycles,100210775,100.00,,
9.219628290,110367,,rD044,100210864,100.00,,
9.219628290,727562,,rFF44,100211034,100.00,,
9.219628290,1656187462,,instructions,100210894,100.00,4.41,insn per cycle
9.219628290,375791931,,cycles,100211745,100.00,,
9.319841388,101828,,rD044,100213475,100.00,,
9.319841388,715344,,rFF44,100212975,100.00,,
9.319841388,1642649241,,instructions,100212655,100.00,4.37,insn per cycle
9.319841388,375795648,,cycles,100212634,100.00,,
9.420052167,95451,,rD044,100209305,100.00,,
9.420052167,739527,,rFF44,100210575,100.00,,
9.420052167,1645367075,,instructions,100210285,100.00,4.38,insn per cycle
9.420052167,375783156,,cycles,100209345,100.00,,
9.520263865,108529,,rD044,100211335,100.00,,
9.520263865,731204,,rFF44,100211185,100.00,,
9.520263865,1654520411,,instructions,100211745,100.00,4.40,insn per cycle
9.520263865,375798428,,cycles,100213395,100.00,,
9.620476794,87640,,rD044,100212355,100.00,,
9.620476794,755003,,rFF44,100211265,100.00,,
9.620476794,1652713689,,instructions,100211005,100.00,4.40,insn per cycle
9.620476794,375781672,,cycles,100208935,100.00,,
9.720732072,72965,,rD044,100254355,100.00,,
9.720732072,700724,,rFF44,100254775,100.00,,
9.720732072,1648553248,,instructions,100254915,100.00,4.38,insn per cycle
9.720732072,375956077,,cycles,100255325,100.00,,
9.820963251,105524,,rD044,100219315,100.00,,
9.820963251,748174,,rFF44,100219145,100.00,,
9.820963251,1642573514,,instructions,100218955,100.00,4.37,insn per cycle
9.820963251,375798417,,cycles,100218965,100.00,,
9.921172379,93542,,rD044,100208564,100.00,,
9.921172379,748189,,rFF44,100208274,100.00,,
9.921172379,1646435015,,instructions,100208404,100.00,4.38,insn per cycle
9.921172379,375782094,,cycles,100209034,100.00,,
10.021381397,107432,,rD044,100208155,100.00,,
10.021381397,730115,,rFF44,100208035,100.00,,
10.021381397,1650395745,,instructions,100207555,100.00,4.39,insn per cycle
10.021381397,375764757,,cycles,100206885,100.00,,
10.121591146,99504,,rD044,100208925,100.00,,
10.121591146,722083,,rFF44,100209375,100.00,,
10.121591146,1646949781,,instructions,100209945,100.00,4.38,insn per cycle
10.121591146,375787097,,cycles,100210375,100.00,,
10.221801644,94677,,rD044,100210645,100.00,,
10.221801644,734850,,rFF44,100211055,100.00,,
10.221801644,1643921201,,instructions,100210735,100.00,4.37,insn per cycle
10.221801644,375788246,,cycles,100210695,100.00,,
10.322013102,107463,,rD044,100210835,100.00,,
10.322013102,731424,,rFF44,100209785,100.00,,
10.322013102,1645094864,,instructions,100210475,100.00,4.38,insn per cycle
10.322013102,375787145,,cycles,100210385,100.00,,
10.422223001,96193,,rD044,100208984,100.00,,
10.422223001,750600,,rFF44,100209334,100.00,,
10.422223001,1645646769,,instructions,100208424,100.00,4.38,insn per cycle
10.422223001,375778366,,cycles,100207964,100.00,,
10.522413949,68861,,rD044,100177795,100.00,,
10.522413949,692939,,rFF44,100176925,100.00,,
10.522413949,1648907608,,instructions,100177335,100.00,4.39,insn per cycle
10.522413949,375642622,,cycles,100178205,100.00,,
10.622617897,103120,,rD044,100205455,100.00,,
10.622617897,747011,,rFF44,100206685,100.00,,
10.622617897,1672193181,,instructions,100206325,100.00,4.45,insn per cycle
10.622617897,375770374,,cycles,100205835,100.00,,
10.722828976,95136,,rD044,100210815,100.00,,
10.722828976,747909,,rFF44,100210305,100.00,,
10.722828976,1670293215,,instructions,100210725,100.00,4.44,insn per cycle
10.722828976,375789624,,cycles,100211055,100.00,,
10.823042694,106450,,rD044,100185584,100.00,,
10.823042694,739509,,rFF44,100185664,100.00,,
10.823042694,1660094104,,instructions,100185624,100.00,4.42,insn per cycle
10.823042694,375647071,,cycles,100184674,100.00,,
10.923234842,96403,,rD044,100191315,100.00,,
10.923234842,756573,,rFF44,100191915,100.00,,
10.923234842,1653442625,,instructions,100192325,100.00,4.40,insn per cycle
10.923234842,375722045,,cycles,100193005,100.00,,
11.023442380,98811,,rD044,100196955,100.00,,
11.023442380,695172,,rFF44,100196235,100.00,,
11.023442380,1652379570,,instructions,100196665,100.00,4.40,insn per cycle
11.023442380,375713788,,cycles,100196065,100.00,,
11.123653009,107976,,rD044,100210095,100.00,,
11.123653009,741089,,rFF44,100210195,100.00,,
11.123653009,1666720072,,instructions,100208815,100.00,4.44,insn per cycle
11.123653009,375784354,,cycles,100209555,100.00,,
11.223864257,93423,,rD044,100210705,100.00,,
11.223864257,754276,,rFF44,100210805,100.00,,
11.223864257,1656764515,,instructions,100211295,100.00,4.41,insn per cycle
11.223864257,375789373,,cycles,100210985,100.00,,
11.324075745,102955,,rD044,100210884,100.00,,
11.324075745,729869,,rFF44,100210454,100.00,,
11.324075745,1666394899,,instructions,100210064,100.00,4.43,insn per cycle
11.324075745,375786441,,cycles,100210204,100.00,,
11.424284754,102952,,rD044,100208035,100.00,,
11.424284754,748697,,rFF44,100208255,100.00,,
11.424284754,1652538529,,instructions,100208385,100.00,4.40,insn per cycle
11.424284754,375779173,,cycles,100208175,100.00,,
11.524495242,95310,,rD044,100209965,100.00,,
11.524495242,743137,,rFF44,100210255,100.00,,
11.524495242,1644367324,,instructions,100210565,100.00,4.38,insn per cycle
11.524495242,375787785,,cycles,100210655,100.00,,
11.624749131,73882,,rD044,100252705,100.00,,
11.624749131,699810,,rFF44,100252745,100.00,,
11.624749131,1647229814,,instructions,100252735,100.00,4.38,insn per cycle
11.624749131,375946857,,cycles,100252975,100.00,,
11.724980970,97675,,rD044,100231855,100.00,,
11.724980970,753819,,rFF44,100231485,100.00,,
11.724980970,1644623663,,instructions,100231555,100.00,4.38,insn per cycle
11.724980970,375867424,,cycles,100231805,100.00,,
11.825192488,99936,,rD044,100198795,100.00,,
11.825192488,728188,,rFF44,100200215,100.00,,
11.825192488,1651638425,,instructions,100201895,100.00,4.40,insn per cycle
11.825192488,375732378,,cycles,100201275,100.00,,
11.925407366,102827,,rD044,100214214,100.00,,
11.925407366,745549,,rFF44,100212814,100.00,,
11.925407366,1653726669,,instructions,100211734,100.00,4.40,insn per cycle
11.925407366,375794167,,cycles,100212165,100.00,,
12.025618195,96343,,rD044,100210155,100.00,,
12.025618195,721439,,rFF44,100210975,100.00,,
12.025618195,1658808730,,instructions,100209795,100.00,4.41,insn per cycle
12.025618195,375784263,,cycles,100209534,100.00,,
12.125828113,106930,,rD044,100209325,100.00,,
12.125828113,733795,,rFF44,100208305,100.00,,
12.125828113,1653597309,,instructions,100209685,100.00,4.40,insn per cycle
12.125828113,375787839,,cycles,100210665,100.00,,
12.226040111,98594,,rD044,100211525,100.00,,
12.226040111,762258,,rFF44,100212005,100.00,,
12.226040111,1654979529,,instructions,100210825,100.00,4.40,insn per cycle
12.226040111,375785394,,cycles,100209925,100.00,,
12.326250930,98475,,rD044,100209995,100.00,,
12.326250930,733805,,rFF44,100209765,100.00,,
12.326250930,1652736738,,instructions,100210135,100.00,4.40,insn per cycle
12.326250930,375788306,,cycles,100210705,100.00,,
12.426460928,78264,,rD044,100209974,100.00,,
12.426460928,699867,,rFF44,100210564,100.00,,
12.426460928,1659270219,,instructions,100211044,100.00,4.42,insn per cycle
12.426460928,375786597,,cycles,100210125,100.00,,
12.526692877,93835,,rD044,100230715,100.00,,
12.526692877,753503,,rFF44,100230555,100.00,,
12.526692877,1653922719,,instructions,100229895,100.00,4.40,insn per cycle
12.526692877,375862482,,cycles,100230594,100.00,,
12.626904115,103348,,rD044,100210405,100.00,,
12.626904115,731885,,rFF44,100211235,100.00,,
12.626904115,1649605899,,instructions,100210755,100.00,4.39,insn per cycle
12.626904115,375788926,,cycles,100210865,100.00,,
12.727112943,99880,,rD044,100208405,100.00,,
12.727112943,752811,,rFF44,100207685,100.00,,
12.727112943,1649953958,,instructions,100209305,100.00,4.39,insn per cycle
12.727112943,375780909,,cycles,100208725,100.00,,
12.827327852,95433,,rD044,100202965,100.00,,
12.827327852,710384,,rFF44,100202625,100.00,,
12.827327852,1654542258,,instructions,100202875,100.00,4.40,insn per cycle
12.827327852,375735867,,cycles,100202735,100.00,,
12.927538750,108628,,rD044,100210395,100.00,,
12.927538750,735455,,rFF44,100214475,100.00,,
12.927538750,1654708093,,instructions,100250695,100.00,4.40,insn per cycle
12.927538750,375939871,,cycles,100250905,100.00,,
13.027789419,95091,,rD044,100249735,100.00,,
13.027789419,760584,,rFF44,100246085,100.00,,
13.027789419,1652390266,,instructions,100208065,100.00,4.40,insn per cycle
13.027789419,375776367,,cycles,100207545,100.00,,
13.127997697,100494,,rD044,100207634,100.00,,
13.127997697,731827,,rFF44,100207554,100.00,,
13.127997697,1653120582,,instructions,100207844,100.00,4.40,insn per cycle
13.127997697,375779461,,cycles,100208434,100.00,,
13.228207395,76723,,rD044,100209335,100.00,,
13.228207395,713973,,rFF44,100210365,100.00,,
13.228207395,1656850729,,instructions,100211035,100.00,4.41,insn per cycle
13.228207395,375787835,,cycles,100210485,100.00,,
13.328420694,93090,,rD044,100212665,100.00,,
13.328420694,751683,,rFF44,100211885,100.00,,
13.328420694,1652655285,,instructions,100211775,100.00,4.40,insn per cycle
13.328420694,375794460,,cycles,100212415,100.00,,
13.428630892,105929,,rD044,100209445,100.00,,
13.428630892,727690,,rFF44,100209455,100.00,,
13.428630892,1653594262,,instructions,100209215,100.00,4.40,insn per cycle
13.428630892,375782494,,cycles,100209155,100.00,,
13.528839700,100283,,rD044,100207985,100.00,,
13.528839700,747305,,rFF44,100207555,100.00,,
13.528839700,1659204291,,instructions,100207275,100.00,4.42,insn per cycle
13.528839700,375775322,,cycles,100207245,100.00,,
13.629083469,95604,,rD044,100242884,100.00,,
13.629083469,734961,,rFF44,100243014,100.00,,
13.629083469,1637096603,,instructions,100242945,100.00,4.36,insn per cycle
13.629083469,375909507,,cycles,100242935,100.00,,
13.729292117,104226,,rD044,100208195,100.00,,
13.729292117,701890,,rFF44,100207935,100.00,,
13.729292117,1647354632,,instructions,100208484,100.00,4.38,insn per cycle
13.729292117,375779301,,cycles,100208374,100.00,,
13.829504446,95052,,rD044,100199385,100.00,,
13.829504446,752134,,rFF44,100199435,100.00,,
13.829504446,1643552233,,instructions,100198775,100.00,4.37,insn per cycle
13.829504446,375721845,,cycles,100198795,100.00,,
13.929731684,102382,,rD044,100226625,100.00,,
13.929731684,724172,,rFF44,100226765,100.00,,
13.929731684,1641976622,,instructions,100227325,100.00,4.37,insn per cycle
13.929731684,375849700,,cycles,100226985,100.00,,
14.029941493,69919,,rD044,100209435,100.00,,
14.029941493,707302,,rFF44,100209115,100.00,,
14.029941493,1645959384,,instructions,100208625,100.00,4.38,insn per cycle
14.029941493,375783172,,cycles,100209325,100.00,,
14.130156031,96272,,rD044,100213755,100.00,,
14.130156031,741134,,rFF44,100213955,100.00,,
14.130156031,1645958201,,instructions,100213785,100.00,4.38,insn per cycle
14.130156031,375798987,,cycles,100213475,100.00,,
14.230365419,107664,,rD044,100208954,100.00,,
14.230365419,729360,,rFF44,100209584,100.00,,
14.230365419,1648005555,,instructions,100210104,100.00,4.39,insn per cycle
14.230365419,375783716,,cycles,100209454,100.00,,
14.330576518,94846,,rD044,100210145,100.00,,
14.330576518,751444,,rFF44,100209855,100.00,,
14.330576518,1654469333,,instructions,100209845,100.00,4.40,insn per cycle
14.330576518,375785879,,cycles,100210155,100.00,,
14.430786696,98720,,rD044,100210095,100.00,,
14.430786696,726988,,rFF44,100209745,100.00,,
14.430786696,1662294942,,instructions,100209375,100.00,4.42,insn per cycle
14.430786696,375785516,,cycles,100209825,100.00,,
14.530997974,107538,,rD044,100210115,100.00,,
14.530997974,707893,,rFF44,100210515,100.00,,
14.530997974,1678560746,,instructions,100210775,100.00,4.47,insn per cycle
14.530997974,375789337,,cycles,100211105,100.00,,
14.631208143,92769,,rD044,100210065,100.00,,
14.631208143,748993,,rFF44,100209595,100.00,,
14.631208143,1669727518,,instructions,100209385,100.00,4.44,insn per cycle
14.631208143,375782029,,cycles,100209025,100.00,,
14.731402991,104529,,rD044,100193584,100.00,,
14.731402991,738994,,rFF44,100194024,100.00,,
14.731402991,1709499119,,instructions,100194364,100.00,4.55,insn per cycle
14.731402991,375726943,,cycles,100194324,100.00,,
14.831615569,101048,,rD044,100191735,100.00,,
14.831615569,759433,,rFF44,100191385,100.00,,
14.831615569,1653314902,,instructions,100192775,100.00,4.40,insn per cycle
14.831615569,375687311,,cycles,100192095,100.00,,
14.931820468,96074,,rD044,100204605,100.00,,
14.931820468,744070,,rFF44,100204725,100.00,,
14.931820468,1661558777,,instructions,100204135,100.00,4.42,insn per cycle
14.931820468,375767241,,cycles,100204925,100.00,,
15.032031076,107925,,rD044,100209155,100.00,,
15.032031076,735607,,rFF44,100209415,100.00,,
15.032031076,1692302466,,instructions,100208955,100.00,4.50,insn per cycle
15.032031076,375780729,,cycles,100208745,100.00,,
15.132242024,96857,,rD044,100210614,100.00,,
15.132242024,757360,,rFF44,100210194,100.00,,
15.132242024,1674187289,,instructions,100209854,100.00,4.46,insn per cycle
15.132242024,375784359,,cycles,100209655,100.00,,
15.232451123,67168,,rD044,100208285,100.00,,
15.232451123,702171,,rFF44,100208615,100.00,,
15.232451123,1660962016,,instructions,100209285,100.00,4.42,insn per cycle
15.232451123,375784127,,cycles,100209494,100.00,,
15.332665041,107769,,rD044,100213625,100.00,,
15.332665041,747044,,rFF44,100213195,100.00,,
15.332665041,1652678323,,instructions,100212305,100.00,4.40,insn per cycle
15.332665041,375793401,,cycles,100212145,100.00,,
15.432874309,98838,,rD044,100208645,100.00,,
15.432874309,748248,,rFF44,100209105,100.00,,
15.432874309,1655007658,,instructions,100209455,100.00,4.40,insn per cycle
15.432874309,375784413,,cycles,100209655,100.00,,
15.533121558,106859,,rD044,100246885,100.00,,
15.533121558,730237,,rFF44,100246135,100.00,,
15.533121558,1649741949,,instructions,100246345,100.00,4.39,insn per cycle
15.533121558,375921203,,cycles,100246035,100.00,,
15.633330826,100355,,rD044,100208365,100.00,,
15.633330826,715334,,rFF44,100208885,100.00,,
15.633330826,1650284112,,instructions,100208385,100.00,4.39,insn per cycle
15.633330826,375780054,,cycles,100208505,100.00,,
15.733540085,95054,,rD044,100208424,100.00,,
15.733540085,734740,,rFF44,100227315,100.00,,
15.733540085,1677519178,,instructions,100228125,100.00,4.46,insn per cycle
15.733540085,375855841,,cycles,100228815,100.00,,
15.833769633,105220,,rD044,100217685,100.00,,
15.833769633,731890,,rFF44,100198624,100.00,,
15.833769633,1652411273,,instructions,100197874,100.00,4.40,insn per cycle
15.833769633,375716660,,cycles,100196854,100.00,,
15.933981022,95195,,rD044,100210605,100.00,,
15.933981022,752288,,rFF44,100211085,100.00,,
15.933981022,1648362698,,instructions,100210445,100.00,4.39,insn per cycle
15.933981022,375790394,,cycles,100211165,100.00,,
16.034192680,101355,,rD044,100211185,100.00,,
16.034192680,728034,,rFF44,100210925,100.00,,
16.034192680,1648301340,,instructions,100212005,100.00,4.39,insn per cycle
16.034192680,375793123,,cycles,100211985,100.00,,
16.134404648,70109,,rD044,100211335,100.00,,
16.134404648,713423,,rFF44,100211145,100.00,,
16.134404648,1652934993,,instructions,100210545,100.00,4.40,insn per cycle
16.134404648,375786376,,cycles,100210105,100.00,,
16.234614447,95294,,rD044,100199224,100.00,,
16.234614447,737255,,rFF44,100199225,100.00,,
16.234614447,1646840992,,instructions,100199785,100.00,4.38,insn per cycle
16.234614447,375728529,,cycles,100200115,100.00,,
16.334825685,106616,,rD044,100210235,100.00,,
16.334825685,719909,,rFF44,100210064,100.00,,
16.334825685,1646886539,,instructions,100209664,100.00,4.38,insn per cycle
16.334825685,375784973,,cycles,100209884,100.00,,
16.435036853,95551,,rD044,100210625,100.00,,
16.435036853,750848,,rFF44,100210855,100.00,,
16.435036853,1648219101,,instructions,100211465,100.00,4.39,insn per cycle
16.435036853,375791305,,cycles,100211425,100.00,,
16.535247132,99197,,rD044,100209695,100.00,,
16.535247132,692682,,rFF44,100209315,100.00,,
16.535247132,1650224222,,instructions,100208985,100.00,4.39,insn per cycle
16.535247132,375779628,,cycles,100208465,100.00,,
16.635459960,107152,,rD044,100211865,100.00,,
16.635459960,729057,,rFF44,100211885,100.00,,
16.635459960,1670655310,,instructions,100211635,100.00,4.45,insn per cycle
16.635459960,375794511,,cycles,100212275,100.00,,
16.735668678,93299,,rD044,100208504,100.00,,
16.735668678,756099,,rFF44,100208885,100.00,,
16.735668678,1684581395,,instructions,100209415,100.00,4.48,insn per cycle
16.735668678,375782671,,cycles,100209195,100.00,,
16.835877967,103347,,rD044,100194645,100.00,,
16.835877967,734123,,rFF44,100194964,100.00,,
16.835877967,1676215871,,instructions,100194414,100.00,4.46,insn per cycle
16.835877967,375706358,,cycles,100194164,100.00,,
16.936089075,101554,,rD044,100210585,100.00,,
16.936089075,760540,,rFF44,100210115,100.00,,
16.936089075,1687127174,,instructions,100210325,100.00,4.49,insn per cycle
16.936089075,375786929,,cycles,100210495,100.00,,
17.036299453,95356,,rD044,100209795,100.00,,
17.036299453,752178,,rFF44,100209785,100.00,,
17.036299453,1688989779,,instructions,100209755,100.00,4.49,insn per cycle
17.036299453,375784596,,cycles,100209705,100.00,,
17.136509342,105085,,rD044,100209495,100.00,,
17.136509342,740155,,rFF44,100209935,100.00,,
17.136509342,1685654742,,instructions,100210185,100.00,4.49,insn per cycle
17.136509342,375788395,,cycles,100210715,100.00,,
17.236739760,94495,,rD044,100229265,100.00,,
17.236739760,765712,,rFF44,100230225,100.00,,
17.236739760,1690759878,,instructions,100229215,100.00,4.50,insn per cycle
17.236739760,375855316,,cycles,100228485,100.00,,
17.336950519,101624,,rD044,100210484,100.00,,
17.336950519,738398,,rFF44,100209534,100.00,,
17.336950519,1680579837,,instructions,100210564,100.00,4.47,insn per cycle
17.336950519,375787230,,cycles,100210414,100.00,,
17.437196757,75659,,rD044,100245795,100.00,,
17.437196757,713273,,rFF44,100245385,100.00,,
17.437196757,1683597238,,instructions,100244905,100.00,4.48,insn per cycle
17.437196757,375916830,,cycles,100245075,100.00,,
17.537406526,92894,,rD044,100208985,100.00,,
17.537406526,747282,,rFF44,100208845,100.00,,
17.537406526,1675995897,,instructions,100209045,100.00,4.46,insn per cycle
17.537406526,375786639,,cycles,100210255,100.00,,
17.637618454,105384,,rD044,100211525,100.00,,
17.637618454,728071,,rFF44,100211215,100.00,,
17.637618454,1651004164,,instructions,100211395,100.00,4.39,insn per cycle
17.637618454,375791557,,cycles,100211425,100.00,,
17.737829772,100554,,rD044,100210305,100.00,,
17.737829772,748902,,rFF44,100211145,100.00,,
17.737829772,1641021597,,instructions,100210575,100.00,4.37,insn per cycle
17.737829772,375784669,,cycles,100209865,100.00,,
17.838040501,96753,,rD044,100198505,100.00,,
17.838040501,703774,,rFF44,100197795,100.00,,
17.838040501,1640094267,,instructions,100197705,100.00,4.37,insn per cycle
17.838040501,375721024,,cycles,100198075,100.00,,
17.938252949,108687,,rD044,100211414,100.00,,
17.938252949,724715,,rFF44,100211184,100.00,,
17.938252949,1640911110,,instructions,100211634,100.00,4.37,insn per cycle
17.938252949,375789467,,cycles,100210914,100.00,,
18.038463057,93274,,rD044,100209325,100.00,,
18.038463057,750416,,rFF44,100210075,100.00,,
18.038463057,1644282522,,instructions,100210045,100.00,4.38,insn per cycle
18.038463057,375785191,,cycles,100209875,100.00,,
18.138715306,103972,,rD044,100251905,100.00,,
18.138715306,732009,,rFF44,100251575,100.00,,
18.138715306,1646832188,,instructions,100251445,100.00,4.38,insn per cycle
18.138715306,375942385,,cycles,100251795,100.00,,
18.238925095,74633,,rD044,100208465,100.00,,
18.238925095,714996,,rFF44,100208515,100.00,,
18.238925095,1652657469,,instructions,100208755,100.00,4.40,insn per cycle
18.238925095,375771539,,cycles,100209195,100.00,,
18.339134813,96632,,rD044,100209135,100.00,,
18.339134813,741170,,rFF44,100208965,100.00,,
18.339134813,1646332580,,instructions,100208735,100.00,4.38,insn per cycle
18.339134813,375779511,,cycles,100208265,100.00,,
18.439344771,106341,,rD044,100209845,100.00,,
18.439344771,732318,,rFF44,100210675,100.00,,
18.439344771,1648020673,,instructions,100211635,100.00,4.39,insn per cycle
18.439344771,375791660,,cycles,100211585,100.00,,
18.539574700,95083,,rD044,100228934,100.00,,
18.539574700,757033,,rFF44,100228304,100.00,,
18.539574700,1646497109,,instructions,100226864,100.00,4.38,insn per cycle
18.539574700,375850395,,cycles,100227244,100.00,,
18.639786488,100356,,rD044,100211635,100.00,,
18.639786488,697015,,rFF44,100211955,100.00,,
18.639786488,1648203592,,instructions,100213805,100.00,4.39,insn per cycle
18.639786488,375798684,,cycles,100213485,100.00,,
18.739993416,107349,,rD044,100206135,100.00,,
18.739993416,738418,,rFF44,100206225,100.00,,
18.739993416,1641704098,,instructions,100204685,100.00,4.37,insn per cycle
18.739993416,375764471,,cycles,100204345,100.00,,
18.840200775,93513,,rD044,100180975,100.00,,
18.840200775,749766,,rFF44,100180195,100.00,,
18.840200775,1638892063,,instructions,100180545,100.00,4.36,insn per cycle
18.840200775,375639191,,cycles,100180395,100.00,,
18.940402123,106727,,rD044,100200725,100.00,,
18.940402123,728197,,rFF44,100201865,100.00,,
18.940402123,1637905234,,instructions,100201235,100.00,4.36,insn per cycle
18.940402123,375758925,,cycles,100202775,100.00,,
19.040613361,70708,,rD044,100210234,100.00,,
19.040613361,720539,,rFF44,100209024,100.00,,
19.040613361,1647146419,,instructions,100209394,100.00,4.38,insn per cycle
19.040613361,375778796,,cycles,100208154,100.00,,
19.140823870,94923,,rD044,100210165,100.00,,
19.140823870,737708,,rFF44,100210895,100.00,,
19.140823870,1646104191,,instructions,100211205,100.00,4.38,insn per cycle
19.140823870,375791418,,cycles,100211535,100.00,,
19.241068468,106800,,rD044,100243525,100.00,,
19.241068468,737019,,rFF44,100243515,100.00,,
19.241068468,1658400907,,instructions,100243665,100.00,4.41,insn per cycle
19.241068468,375910356,,cycles,100243245,100.00,,
19.341278247,96096,,rD044,100209035,100.00,,
19.341278247,756768,,rFF44,100209095,100.00,,
19.341278247,1650655430,,instructions,100208945,100.00,4.39,insn per cycle
19.341278247,375780523,,cycles,100208545,100.00,,
19.441489255,99682,,rD044,100210695,100.00,,
19.441489255,697134,,rFF44,100210645,100.00,,
19.441489255,1649439467,,instructions,100210275,100.00,4.39,insn per cycle
19.441489255,375787639,,cycles,100210595,100.00,,
19.541745354,101865,,rD044,100255195,100.00,,
19.541745354,740818,,rFF44,100255965,100.00,,
19.541745354,1646482424,,instructions,100255655,100.00,4.38,insn per cycle
19.541745354,375959503,,cycles,100256265,100.00,,
19.641956232,95373,,rD044,100210675,100.00,,
19.641956232,741968,,rFF44,100209715,100.00,,
19.641956232,1659967593,,instructions,100210205,100.00,4.42,insn per cycle
19.641956232,375784107,,cycles,100209675,100.00,,
19.742166141,105735,,rD044,100209164,100.00,,
19.742166141,737204,,rFF44,100209094,100.00,,
19.742166141,1668092396,,instructions,100209244,100.00,4.44,insn per cycle
19.742166141,375784136,,cycles,100209514,100.00,,
19.842377309,95193,,rD044,100196955,100.00,,
19.842377309,763412,,rFF44,100197055,100.00,,
19.842377309,1664187967,,instructions,100197095,100.00,4.43,insn per cycle
19.842377309,375715444,,cycles,100196585,100.00,,
19.942589257,69015,,rD044,100210975,100.00,,
19.942589257,701705,,rFF44,100210825,100.00,,
19.942589257,1662378960,,instructions,100211205,100.00,4.42,insn per cycle
19.942589257,375792846,,cycles,100212015,100.00,,
20.042803716,106973,,rD044,100214115,100.00,,
20.042803716,731871,,rFF44,100214245,100.00,,
20.042803716,1667099054,,instructions,100213415,100.00,4.44,insn per cycle
20.042803716,375798537,,cycles,100213425,100.00,,
20.143015594,93306,,rD044,100211415,100.00,,
20.143015594,750656,,rFF44,100211365,100.00,,
20.143015594,1657878437,,instructions,100211865,100.00,4.41,insn per cycle
20.143015594,375792516,,cycles,100211705,100.00,,
20.243226312,104422,,rD044,100209814,100.00,,
20.243226312,729365,,rFF44,100210024,100.00,,
20.243226312,1652429915,,instructions,100210224,100.00,4.40,insn per cycle
20.243226312,375787077,,cycles,100210484,100.00,,
20.343437471,103974,,rD044,100211055,100.00,,
20.343437471,740091,,rFF44,100210425,100.00,,
20.343437471,1653128684,,instructions,100209665,100.00,4.40,insn per cycle
20.343437471,375784047,,cycles,100209565,100.00,,
20.443648019,93745,,rD044,100209425,100.00,,
20.443648019,703749,,rFF44,100209945,100.00,,
20.443648019,1648082017,,instructions,100210695,100.00,4.39,insn per cycle
20.443648019,375786299,,cycles,100210165,100.00,,
20.543858537,104481,,rD044,100209915,100.00,,
20.543858537,727020,,rFF44,100209895,100.00,,
20.543858537,1645413320,,instructions,100210025,100.00,4.38,insn per cycle
20.543858537,375786761,,cycles,100210205,100.00,,
20.644071206,96909,,rD044,100212205,100.00,,
20.644071206,746268,,rFF44,100211955,100.00,,
20.644071206,1649585547,,instructions,100211825,100.00,4.39,insn per cycle
20.644071206,375791853,,cycles,100211635,100.00,,
20.744282734,98969,,rD044,100210734,100.00,,
20.744282734,724584,,rFF44,100211154,100.00,,
20.744282734,1677978050,,instructions,100211684,100.00,4.47,insn per cycle
20.744282734,375792534,,cycles,100211914,100.00,,
20.844493602,103456,,rD044,100198085,100.00,,
20.844493602,736439,,rFF44,100198105,100.00,,
20.844493602,1672007507,,instructions,100196985,100.00,4.45,insn per cycle
20.844493602,375716470,,cycles,100197065,100.00,,
20.944721571,63464,,rD044,100227545,100.00,,
20.944721571,714625,,rFF44,100227115,100.00,,
20.944721571,1668597373,,instructions,100227145,100.00,4.44,insn per cycle
20.944721571,375847444,,cycles,100226565,100.00,,
21.044931189,106415,,rD044,100209215,100.00,,
21.044931189,728926,,rFF44,100209465,100.00,,
21.044931189,1658406518,,instructions,100209175,100.00,4.41,insn per cycle
21.044931189,375787219,,cycles,100210485,100.00,,
21.145167318,99618,,rD044,100234925,100.00,,
21.145167318,753225,,rFF44,100235125,100.00,,
21.145167318,1653863396,,instructions,100236215,100.00,4.40,insn per cycle
21.145167318,375882648,,cycles,100235735,100.00,,
21.245376986,94505,,rD044,100209045,100.00,,
21.245376986,738078,,rFF44,100209045,100.00,,
21.245376986,1662828011,,instructions,100208635,100.00,4.42,insn per cycle
21.245376986,375781605,,cycles,100209035,100.00,,
21.345588255,109404,,rD044,100198194,100.00,,
21.345588255,731868,,rFF44,100197894,100.00,,
21.345588255,1643603040,,instructions,100197774,100.00,4.37,insn per cycle
21.345588255,375716860,,cycles,100197094,100.00,,
21.445796933,99295,,rD044,100208185,100.00,,
21.445796933,722443,,rFF44,100208635,100.00,,
21.445796933,1650894352,,instructions,100208555,100.00,4.39,insn per cycle
21.445796933,375779953,,cycles,100208395,100.00,,
21.546008271,101735,,rD044,100210965,100.00,,
21.546008271,733834,,rFF44,100210975,100.00,,
21.546008271,1654484382,,instructions,100210595,100.00,4.40,insn per cycle
21.546008271,375791062,,cycles,100211525,100.00,,
21.646219480,105034,,rD044,100210235,100.00,,
21.646219480,743255,,rFF44,100209545,100.00,,
21.646219480,1650683855,,instructions,100209265,100.00,4.39,insn per cycle
21.646219480,375781704,,cycles,100208945,100.00,,
21.746430868,93904,,rD044,100211015,100.00,,
21.746430868,743620,,rFF44,100211195,100.00,,
21.746430868,1663156889,,instructions,100212125,100.00,4.43,insn per cycle
21.746430868,375797066,,cycles,100213025,100.00,,
21.846643376,73583,,rD044,100198494,100.00,,
21.846643376,697289,,rFF44,100198454,100.00,,
21.846643376,1661274074,,instructions,100198134,100.00,4.42,insn per cycle
21.846643376,375717745,,cycles,100196714,100.00,,
21.946854715,97365,,rD044,100211285,100.00,,
21.946854715,754596,,rFF44,100210815,100.00,,
21.946854715,1666081602,,instructions,100210845,100.00,4.43,insn per cycle
21.946854715,375788958,,cycles,100210765,100.00,,
22.047065653,98063,,rD044,100209615,100.00,,
22.047065653,741602,,rFF44,100209935,100.00,,
22.047065653,1706982940,,instructions,100209525,100.00,4.54,insn per cycle
22.047065653,375786114,,cycles,100210215,100.00,,
22.147275501,107518,,rD044,100209665,100.00,,
22.147275501,738790,,rFF44,100209475,100.00,,
22.147275501,1706146355,,instructions,100210015,100.00,4.54,insn per cycle
22.147275501,375784409,,cycles,100209655,100.00,,
22.247487120,93301,,rD044,100210855,100.00,,
22.247487120,751657,,rFF44,100211425,100.00,,
22.247487120,1669009210,,instructions,100210785,100.00,4.44,insn per cycle
22.247487120,375791779,,cycles,100211615,100.00,,
22.347743939,102364,,rD044,100255915,100.00,,
22.347743939,733301,,rFF44,100256185,100.00,,
22.347743939,1670585412,,instructions,100256545,100.00,4.44,insn per cycle
22.347743939,375956878,,cycles,100255675,100.00,,
22.447954457,102991,,rD044,100209944,100.00,,
22.447954457,748462,,rFF44,100209414,100.00,,
22.447954457,1669404761,,instructions,100209534,100.00,4.44,insn per cycle
22.447954457,375786693,,cycles,100210264,100.00,,
22.548166055,100348,,rD044,100210735,100.00,,
22.548166055,739190,,rFF44,100210975,100.00,,
22.548166055,1667128271,,instructions,100211915,100.00,4.44,insn per cycle
22.548166055,375788824,,cycles,100210835,100.00,,
22.648377204,121540,,rD044,100210945,100.00,,
22.648377204,730835,,rFF44,100211175,100.00,,
22.648377204,1661695150,,instructions,100210185,100.00,4.42,insn per cycle
22.648377204,375784632,,cycles,100209735,100.00,,
22.748583422,96228,,rD044,100205295,100.00,,
22.748583422,722091,,rFF44,100205325,100.00,,
22.748583422,1667521852,,instructions,100205335,100.00,4.44,insn per cycle
22.748583422,375769275,,cycles,100205625,100.00,,
22.848793210,99191,,rD044,100187825,100.00,,
22.848793210,736082,,rFF44,100187535,100.00,,
22.848793210,1660383911,,instructions,100187855,100.00,4.42,insn per cycle
22.848793210,375671049,,cycles,100187605,100.00,,
22.948984268,105449,,rD044,100190254,100.00,,
22.948984268,739480,,rFF44,100190624,100.00,,
22.948984268,1674318615,,instructions,100190854,100.00,4.46,insn per cycle
22.948984268,375718442,,cycles,100192144,100.00,,
23.049225807,93057,,rD044,100241165,100.00,,
23.049225807,758887,,rFF44,100240345,100.00,,
23.049225807,1685395763,,instructions,100239665,100.00,4.48,insn per cycle
23.049225807,375893156,,cycles,100238655,100.00,,
23.149434695,105907,,rD044,100208765,100.00,,
23.149434695,736195,,rFF44,100209125,100.00,,
23.149434695,1683259156,,instructions,100208915,100.00,4.48,insn per cycle
23.149434695,375783276,,cycles,100209375,100.00,,
23.249646154,102918,,rD044,100210285,100.00,,
23.249646154,751308,,rFF44,100210265,100.00,,
23.249646154,1670740940,,instructions,100211415,100.00,4.45,insn per cycle
23.249646154,375790449,,cycles,100211275,100.00,,
23.349857562,62616,,rD044,100210255,100.00,,
23.349857562,707999,,rFF44,100210595,100.00,,
23.349857562,1672961944,,instructions,100209565,100.00,4.45,insn per cycle
23.349857562,375784258,,cycles,100209615,100.00,,
23.450067001,104217,,rD044,100209544,100.00,,
23.450067001,731318,,rFF44,100209684,100.00,,
23.450067001,1669947557,,instructions,100210934,100.00,4.44,insn per cycle
23.450067001,375792494,,cycles,100211724,100.00,,
23.550281939,95974,,rD044,100214045,100.00,,
23.550281939,755280,,rFF44,100213855,100.00,,
23.550281939,1667558916,,instructions,100212865,100.00,4.44,insn per cycle
23.550281939,375792709,,cycles,100211955,100.00,,
23.650494287,99230,,rD044,100211625,100.00,,
23.650494287,732982,,rFF44,100211375,100.00,,
23.650494287,1660116393,,instructions,100211565,100.00,4.42,insn per cycle
23.650494287,375792969,,cycles,100211845,100.00,,
23.750724476,103051,,rD044,100229425,100.00,,
23.750724476,738444,,rFF44,100229445,100.00,,
23.750724476,1658992838,,instructions,100229485,100.00,4.41,insn per cycle
23.750724476,375857464,,cycles,100229165,100.00,,
23.850934224,93888,,rD044,100195265,100.00,,
23.850934224,716101,,rFF44,100195165,100.00,,
23.850934224,1655213588,,instructions,100195585,100.00,4.41,insn per cycle
23.850934224,375709034,,cycles,100195395,100.00,,
23.951145902,106547,,rD044,100211254,100.00,,
23.951145902,732105,,rFF44,100210995,100.00,,
23.951145902,1663243274,,instructions,100210585,100.00,4.43,insn per cycle
23.951145902,375788393,,cycles,100210885,100.00,,
24.051357131,99492,,rD044,100210415,100.00,,
24.051357131,750688,,rFF44,100210734,100.00,,
24.051357131,1659416441,,instructions,100210424,100.00,4.42,insn per cycle
24.051357131,375786085,,cycles,100210104,100.00,,
24.151568799,94352,,rD044,100210625,100.00,,
24.151568799,742055,,rFF44,100210895,100.00,,
24.151568799,1661066358,,instructions,100210555,100.00,4.42,insn per cycle
24.151568799,375787955,,cycles,100210615,100.00,,
24.251778437,106982,,rD044,100209605,100.00,,
24.251778437,734422,,rFF44,100209285,100.00,,
24.251778437,1660205180,,instructions,100209505,100.00,4.42,insn per cycle
24.251778437,375785124,,cycles,100209765,100.00,,
24.351986236,96553,,rD044,100206995,100.00,,
24.351986236,762356,,rFF44,100206635,100.00,,
24.351986236,1678083334,,instructions,100206645,100.00,4.47,insn per cycle
24.351986236,375772350,,cycles,100206445,100.00,,
24.452193764,99143,,rD044,100207144,100.00,,
24.452193764,744049,,rFF44,100207804,100.00,,
24.452193764,1680331657,,instructions,100207964,100.00,4.47,insn per cycle
24.452193764,375782705,,cycles,100209185,100.00,,
24.552402712,76217,,rD044,100207805,100.00,,
24.552402712,723780,,rFF44,100207475,100.00,,
24.552402712,1682332913,,instructions,100208135,100.00,4.48,insn per cycle
24.552402712,375772520,,cycles,100206594,100.00,,
24.652612671,94807,,rD044,100209445,100.00,,
24.652612671,756173,,rFF44,100209455,100.00,,
24.652612671,1679130860,,instructions,100209805,100.00,4.47,insn per cycle
24.652612671,375785521,,cycles,100209945,100.00,,
24.752823419,107839,,rD044,100210255,100.00,,
24.752823419,738888,,rFF44,100209705,100.00,,
24.752823419,1676494275,,instructions,100208865,100.00,4.46,insn per cycle
24.752823419,375785117,,cycles,100209855,100.00,,
24.853031797,98613,,rD044,100194485,100.00,,
24.853031797,764031,,rFF44,100195175,100.00,,
24.853031797,1677119005,,instructions,100195475,100.00,4.46,insn per cycle
24.853031797,375707968,,cycles,100194205,100.00,,
24.953268826,95392,,rD044,100236355,100.00,,
24.953268826,739489,,rFF44,100236375,100.00,,
24.953268826,1671633706,,instructions,100235485,100.00,4.45,insn per cycle
24.953268826,375883359,,cycles,100236125,100.00,,
25.053478464,106728,,rD044,100209144,100.00,,
25.053478464,739153,,rFF44,100209244,100.00,,
25.053478464,1666652039,,instructions,100209484,100.00,4.44,insn per cycle
25.053478464,375782289,,cycles,100209104,100.00,,
25.153732153,95988,,rD044,100253305,100.00,,
25.153732153,759307,,rFF44,100253625,100.00,,
25.153732153,1667024028,,instructions,100253485,100.00,4.43,insn per cycle
25.153732153,375948955,,cycles,100253505,100.00,,
25.253943052,100534,,rD044,100209715,100.00,,
25.253943052,737378,,rFF44,100209365,100.00,,
25.253943052,1666932869,,instructions,100210105,100.00,4.44,insn per cycle
25.253943052,375788634,,cycles,100210825,100.00,,
25.354152650,100381,,rD044,100209465,100.00,,
25.354152650,712767,,rFF44,100209305,100.00,,
25.354152650,1672125436,,instructions,100209515,100.00,4.45,insn per cycle
25.354152650,375782409,,cycles,100209125,100.00,,
25.454362408,95038,,rD044,100208685,100.00,,
25.454362408,743468,,rFF44,100209105,100.00,,
25.454362408,1669588536,,instructions,100208645,100.00,4.44,insn per cycle
25.454362408,375785844,,cycles,100210035,100.00,,
25.554573097,107148,,rD044,100210165,100.00,,
25.554573097,734158,,rFF44,100209955,100.00,,
25.554573097,1668234934,,instructions,100210305,100.00,4.44,insn per cycle
25.554573097,375780145,,cycles,100208445,100.00,,
25.654784995,97038,,rD044,100211334,100.00,,
25.654784995,757270,,rFF44,100211034,100.00,,
25.654784995,1678256710,,instructions,100210744,100.00,4.47,insn per cycle
25.654784995,375791496,,cycles,100211544,100.00,,
25.754996083,96951,,rD044,100210565,100.00,,
25.754996083,734829,,rFF44,100210615,100.00,,
25.754996083,1681830866,,instructions,100210475,100.00,4.48,insn per cycle
25.754996083,375785127,,cycles,100209935,100.00,,
25.855206402,106699,,rD044,100197115,100.00,,
25.855206402,740141,,rFF44,100197165,100.00,,
25.855206402,1681401639,,instructions,100196795,100.00,4.48,insn per cycle
25.855206402,375716880,,cycles,100197165,100.00,,
25.955416970,95375,,rD044,100196004,100.00,,
25.955416970,758416,,rFF44,100195644,100.00,,
25.955416970,1674536514,,instructions,100196124,100.00,4.46,insn per cycle
25.955416970,375714836,,cycles,100195744,100.00,,
26.055627678,101215,,rD044,100210075,100.00,,
26.055627678,735580,,rFF44,100210225,100.00,,
26.055627678,1672597835,,instructions,100209905,100.00,4.45,insn per cycle
26.055627678,375788065,,cycles,100210645,100.00,,
26.155841147,99925,,rD044,100212934,100.00,,
26.155841147,752935,,rFF44,100212944,100.00,,
26.155841147,1671797882,,instructions,100213624,100.00,4.45,insn per cycle
26.155841147,375797410,,cycles,100213034,100.00,,
26.256053195,64904,,rD044,100211345,100.00,,
26.256053195,712701,,rFF44,100211355,100.00,,
26.256053195,1677187775,,instructions,100210905,100.00,4.46,insn per cycle
26.256053195,375786447,,cycles,100210295,100.00,,
26.356263333,108288,,rD044,100209535,100.00,,
26.356263333,738559,,rFF44,100209705,100.00,,
26.356263333,1678728565,,instructions,100209545,100.00,4.47,insn per cycle
26.356263333,375785917,,cycles,100210055,100.00,,
26.456474442,95901,,rD044,100197825,100.00,,
26.456474442,763302,,rFF44,100197585,100.00,,
26.456474442,1678601353,,instructions,100197325,100.00,4.47,insn per cycle
26.456474442,375718992,,cycles,100197265,100.00,,
26.556724781,97673,,rD044,100249775,100.00,,
26.556724781,732965,,rFF44,100250015,100.00,,
26.556724781,1678201049,,instructions,100250855,100.00,4.46,insn per cycle
26.556724781,375930157,,cycles,100251335,100.00,,
26.656939899,107758,,rD044,100214385,100.00,,
26.656939899,741028,,rFF44,100214195,100.00,,
26.656939899,1672066380,,instructions,100213295,100.00,4.45,insn per cycle
26.656939899,375797258,,cycles,100212985,100.00,,
26.757158277,94852,,rD044,100218014,100.00,,
26.757158277,754836,,rFF44,100218154,100.00,,
26.757158277,1676183466,,instructions,100219284,100.00,4.46,insn per cycle
26.757158277,375821349,,cycles,100219534,100.00,,
26.857405336,102433,,rD044,100223225,100.00,,
26.857405336,740126,,rFF44,100223745,100.00,,
26.857405336,1672144963,,instructions,100223785,100.00,4.45,insn per cycle
26.857405336,375801842,,cycles,100224195,100.00,,
26.957610404,98474,,rD044,100203995,100.00,,
26.957610404,749334,,rFF44,100203745,100.00,,
26.957610404,1677252793,,instructions,100202975,100.00,4.46,insn per cycle
26.957610404,375757334,,cycles,100202435,100.00,,
27.057818993,95023,,rD044,100208265,100.00,,
27.057818993,749049,,rFF44,100208635,100.00,,
27.057818993,1686551306,,instructions,100208575,100.00,4.49,insn per cycle
27.057818993,375778696,,cycles,100208295,100.00,,
27.158028871,109250,,rD044,100209335,100.00,,
27.158028871,703173,,rFF44,100209135,100.00,,
27.158028871,1688302533,,instructions,100209005,100.00,4.49,insn per cycle
27.158028871,375781536,,cycles,100208745,100.00,,
27.258239239,95861,,rD044,100209585,100.00,,
27.258239239,754054,,rFF44,100209195,100.00,,
27.258239239,1677929762,,instructions,100209315,100.00,4.47,insn per cycle
27.258239239,375785745,,cycles,100210005,100.00,,
27.358450218,95935,,rD044,100210374,100.00,,
27.358450218,737273,,rFF44,100210944,100.00,,
27.358450218,1673694679,,instructions,100211954,100.00,4.45,insn per cycle
27.358450218,375790733,,cycles,100211354,100.00,,
27.458660686,105040,,rD044,100210315,100.00,,
27.458660686,746456,,rFF44,100209675,100.00,,
27.458660686,1675160340,,instructions,100208545,100.00,4.46,insn per cycle
27.458660686,375780364,,cycles,100208575,100.00,,
27.558868724,93396,,rD044,100206745,100.00,,
27.558868724,749402,,rFF44,100206645,100.00,,
27.558868724,1675425334,,instructions,100207605,100.00,4.46,insn per cycle
27.558868724,375775643,,cycles,100207245,100.00,,
27.659077523,109412,,rD044,100208325,100.00,,
27.659077523,728152,,rFF44,100208045,100.00,,
27.659077523,1667895101,,instructions,100207255,100.00,4.44,insn per cycle
27.659077523,375778416,,cycles,100208145,100.00,,
27.759289241,100903,,rD044,100211114,100.00,,
27.759289241,750046,,rFF44,100211325,100.00,,
27.759289241,1653962688,,instructions,100211305,100.00,4.40,insn per cycle
27.759289241,375788895,,cycles,100210855,100.00,,
27.859497489,64091,,rD044,100194275,100.00,,
27.859497489,699713,,rFF44,100194304,100.00,,
27.859497489,1659275937,,instructions,100194724,100.00,4.42,insn per cycle
27.859497489,375707961,,cycles,100194824,100.00,,
27.959751138,104454,,rD044,100252875,100.00,,
27.959751138,730351,,rFF44,100253085,100.00,,
27.959751138,1654778854,,instructions,100252695,100.00,4.40,insn per cycle
27.959751138,375946021,,cycles,100252755,100.00,,
28.059960396,94990,,rD044,100208325,100.00,,
28.059960396,752103,,rFF44,100208375,100.00,,
28.059960396,1655198541,,instructions,100208355,100.00,4.40,insn per cycle
28.059960396,375779705,,cycles,100208415,100.00,,
28.160170005,101906,,rD044,100209285,100.00,,
28.160170005,728977,,rFF44,100209215,100.00,,
28.160170005,1653837048,,instructions,100209325,100.00,4.40,insn per cycle
28.160170005,375781593,,cycles,100208915,100.00,,
28.260382133,101619,,rD044,100211675,100.00,,
28.260382133,742897,,rFF44,100211735,100.00,,
28.260382133,1659061154,,instructions,100212045,100.00,4.41,insn per cycle
28.260382133,375793780,,cycles,100212155,100.00,,
28.360593101,93918,,rD044,100209904,100.00,,
28.360593101,741368,,rFF44,100210745,100.00,,
28.360593101,1660009969,,instructions,100210585,100.00,4.42,insn per cycle
28.360593101,375787887,,cycles,100210475,100.00,,
28.460805110,107763,,rD044,100211415,100.00,,
28.460805110,688456,,rFF44,100210794,100.00,,
28.460805110,1663655021,,instructions,100211134,100.00,4.43,insn per cycle
28.460805110,375796448,,cycles,100212984,100.00,,
28.561017768,97281,,rD044,100212115,100.00,,
28.561017768,744224,,rFF44,100212045,100.00,,
28.561017768,1661109035,,instructions,100211375,100.00,4.42,insn per cycle
28.561017768,375784861,,cycles,100209765,100.00,,
28.661227226,96110,,rD044,100208535,100.00,,
28.661227226,729531,,rFF44,100208165,100.00,,
28.661227226,1667104117,,instructions,100207805,100.00,4.44,insn per cycle
28.661227226,375778927,,cycles,100208235,100.00,,
28.761461775,106287,,rD044,100234315,100.00,,
28.761461775,739295,,rFF44,100234955,100.00,,
28.761461775,1706046945,,instructions,100236105,100.00,4.54,insn per cycle
28.761461775,375880931,,cycles,100235295,100.00,,
28.861694184,89301,,rD044,100218785,100.00,,
28.861694184,756466,,rFF44,100218945,100.00,,
28.861694184,1702542276,,instructions,100217975,100.00,4.53,insn per cycle
28.861694184,375797293,,cycles,100218945,100.00,,
28.961904642,103193,,rD044,100209684,100.00,,
28.961904642,726976,,rFF44,100209425,100.00,,
28.961904642,1690671208,,instructions,100209345,100.00,4.50,insn per cycle
28.961904642,375781295,,cycles,100208735,100.00,,
29.062114300,102406,,rD044,100209065,100.00,,
29.062114300,742560,,rFF44,100208884,100.00,,
29.062114300,1678408737,,instructions,100208894,100.00,4.47,insn per cycle
29.062114300,375782856,,cycles,100209244,100.00,,
29.162325139,95309,,rD044,100210145,100.00,,
29.162325139,736453,,rFF44,100210215,100.00,,
29.162325139,1677206945,,instructions,100210935,100.00,4.46,insn per cycle
29.162325139,375790183,,cycles,100211185,100.00,,
29.262536087,104939,,rD044,100210125,100.00,,
29.262536087,725636,,rFF44,100209875,100.00,,
29.262536087,1658477331,,instructions,100252285,100.00,4.41,insn per cycle
29.262536087,375944227,,cycles,100252275,100.00,,
29.362788166,94278,,rD044,100251295,100.00,,
29.362788166,751548,,rFF44,100251545,100.00,,
29.362788166,1653261288,,instructions,100208795,100.00,4.40,insn per cycle
29.362788166,375779559,,cycles,100208375,100.00,,
29.462996084,70294,,rD044,100207475,100.00,,
29.462996084,694564,,rFF44,100206975,100.00,,
29.462996084,1660028318,,instructions,100207945,100.00,4.42,insn per cycle
29.462996084,375776964,,cycles,100207585,100.00,,
29.563207013,105364,,rD044,100210124,100.00,,
29.563207013,736348,,rFF44,100210314,100.00,,
29.563207013,1655093860,,instructions,100209575,100.00,4.40,insn per cycle
29.563207013,375783504,,cycles,100209425,100.00,,
29.663415061,93023,,rD044,100207615,100.00,,
29.663415061,744950,,rFF44,100207415,100.00,,
29.663415061,1654958038,,instructions,100207624,100.00,4.40,insn per cycle
29.663415061,375779405,,cycles,100208404,100.00,,
29.763628249,106205,,rD044,100212695,100.00,,
29.763628249,726254,,rFF44,100213075,100.00,,
29.763628249,1656140003,,instructions,100212935,100.00,4.41,insn per cycle
29.763628249,375796830,,cycles,100212985,100.00,,
29.863840408,101408,,rD044,100197815,100.00,,
29.863840408,745749,,rFF44,100197575,100.00,,
29.863840408,1656370441,,instructions,100196865,100.00,4.41,insn per cycle
29.863840408,375713304,,cycles,100196385,100.00,,
29.964049176,93830,,rD044,100208265,100.00,,
29.964049176,702777,,rFF44,100208045,100.00,,
29.964049176,1682084969,,instructions,100208485,100.00,4.48,insn per cycle
29.964049176,375782072,,cycles,100208955,100.00,,
30.064258814,105121,,rD044,100209004,100.00,,
30.064258814,737485,,rFF44,100209804,100.00,,
30.064258814,1688653983,,instructions,100209755,100.00,4.49,insn per cycle
30.064258814,375782696,,cycles,100209285,100.00,,
30.164468673,95288,,rD044,100209335,100.00,,
30.164468673,760035,,rFF44,100209195,100.00,,
30.164468673,1693070746,,instructions,100209454,100.00,4.51,insn per cycle
30.164468673,375783537,,cycles,100209434,100.00,,
30.264699141,102560,,rD044,100229815,100.00,,
30.264699141,737870,,rFF44,100229995,100.00,,
30.264699141,1692381307,,instructions,100229285,100.00,4.50,insn per cycle
30.264699141,375859893,,cycles,100229785,100.00,,
30.364910420,104517,,rD044,100210655,100.00,,
30.364910420,746404,,rFF44,100209955,100.00,,
30.364910420,1692500396,,instructions,100210195,100.00,4.50,insn per cycle
30.364910420,375785195,,cycles,100209785,100.00,,
30.465120568,94118,,rD044,100209655,100.00,,
30.465120568,750807,,rFF44,100209585,100.00,,
30.465120568,1691719599,,instructions,100210005,100.00,4.50,insn per cycle
30.465120568,375786926,,cycles,100210415,100.00,,
30.565331746,106208,,rD044,100210465,100.00,,
30.565331746,733597,,rFF44,100210975,100.00,,
30.565331746,1685650434,,instructions,100210535,100.00,4.49,insn per cycle
30.565331746,375785174,,cycles,100209865,100.00,,
30.665576875,98926,,rD044,100244265,100.00,,
30.665576875,759158,,rFF44,100244465,100.00,,
30.665576875,1677134310,,instructions,100244345,100.00,4.46,insn per cycle
30.665576875,375915585,,cycles,100244645,100.00,,
30.765781433,100261,,rD044,100204054,100.00,,
30.765781433,735945,,rFF44,100204424,100.00,,
30.765781433,1664597564,,instructions,100204874,100.00,4.43,insn per cycle
30.765781433,375767403,,cycles,100205124,100.00,,
30.865991721,103136,,rD044,100185335,100.00,,
30.865991721,732590,,rFF44,100184885,100.00,,
30.865991721,1659678900,,instructions,100185095,100.00,4.42,insn per cycle
30.865991721,375661058,,cycles,100185045,100.00,,
30.966199820,63609,,rD044,100208225,100.00,,
30.966199820,716692,,rFF44,100208025,100.00,,
30.966199820,1667793815,,instructions,100207235,100.00,4.44,insn per cycle
30.966199820,375777018,,cycles,100207685,100.00,,
31.066408088,104109,,rD044,100207375,100.00,,
31.066408088,726614,,rFF44,100206965,100.00,,
31.066408088,1674458967,,instructions,100207915,100.00,4.46,insn per cycle
31.066408088,375778373,,cycles,100208055,100.00,,
31.166617866,103050,,rD044,100208934,100.00,,
31.166617866,742784,,rFF44,100209404,100.00,,
31.166617866,1675966203,,instructions,100208784,100.00,4.46,insn per cycle
31.166617866,375777606,,cycles,100207855,100.00,,
31.266827065,92913,,rD044,100209065,100.00,,
31.266827065,738858,,rFF44,100209205,100.00,,
31.266827065,1664269784,,instructions,100209455,100.00,4.43,insn per cycle
31.266827065,375787001,,cycles,100210344,100.00,,
31.367039753,105644,,rD044,100211725,100.00,,
31.367039753,725654,,rFF44,100211665,100.00,,
31.367039753,1659870052,,instructions,100211295,100.00,4.42,insn per cycle
31.367039753,375789691,,cycles,100211065,100.00,,
31.467251011,98964,,rD044,100210885,100.00,,
31.467251011,752439,,rFF44,100210575,100.00,,
31.467251011,1663765414,,instructions,100211215,100.00,4.43,insn per cycle
31.467251011,375787873,,cycles,100210495,100.00,,
31.567462180,96010,,rD044,100198505,100.00,,
31.567462180,735526,,rFF44,100199015,100.00,,
31.567462180,1665298454,,instructions,100198395,100.00,4.43,insn per cycle
31.567462180,375720477,,cycles,100199575,100.00,,
31.667725729,103483,,rD044,100262815,100.00,,
31.667725729,696985,,rFF44,100262245,100.00,,
31.667725729,1674143129,,instructions,100262535,100.00,4.45,insn per cycle
31.667725729,375979406,,cycles,100261755,100.00,,
31.767935257,94283,,rD044,100208784,100.00,,
31.767935257,751413,,rFF44,100208675,100.00,,
31.767935257,1674274586,,instructions,100208165,100.00,4.46,insn per cycle
31.767935257,375779748,,cycles,100208415,100.00,,
31.868145615,104524,,rD044,100196575,100.00,,
31.868145615,729268,,rFF44,100196574,100.00,,
31.868145615,1670188694,,instructions,100197264,100.00,4.45,insn per cycle
31.868145615,375716473,,cycles,100197334,100.00,,
31.968359104,101784,,rD044,100213595,100.00,,
31.968359104,740410,,rFF44,100213385,100.00,,
31.968359104,1664991976,,instructions,100213555,100.00,4.43,insn per cycle
31.968359104,375797016,,cycles,100212845,100.00,,
32.068570642,93593,,rD044,100210565,100.00,,
32.068570642,743331,,rFF44,100211205,100.00,,
32.068570642,1682109128,,instructions,100210995,100.00,4.48,insn per cycle
32.068570642,375790589,,cycles,100211395,100.00,,
32.168782520,106748,,rD044,100210965,100.00,,
32.168782520,726010,,rFF44,100210835,100.00,,
32.168782520,1682462151,,instructions,100210585,100.00,4.48,insn per cycle
32.168782520,375787988,,cycles,100210615,100.00,,
32.268993359,98484,,rD044,100210565,100.00,,
32.268993359,751677,,rFF44,100210955,100.00,,
32.268993359,1674568799,,instructions,100211185,100.00,4.46,insn per cycle
32.268993359,375789579,,cycles,100211025,100.00,,
32.369205187,66165,,rD044,100210944,100.00,,
32.369205187,696674,,rFF44,100210634,100.00,,
32.369205187,1664891464,,instructions,100210564,100.00,4.43,insn per cycle
32.369205187,375787455,,cycles,100210494,100.00,,
32.469417596,103840,,rD044,100212055,100.00,,
32.469417596,733208,,rFF44,100212215,100.00,,
32.469417596,1656084929,,instructions,100212895,100.00,4.41,insn per cycle
32.469417596,375798990,,cycles,100213545,100.00,,
32.569669974,94773,,rD044,100251565,100.00,,
32.569669974,747995,,rFF44,100252105,100.00,,
32.569669974,1658566342,,instructions,100251275,100.00,4.41,insn per cycle
32.569669974,375937039,,cycles,100250365,100.00,,
32.669879963,103723,,rD044,100208925,100.00,,
32.669879963,731056,,rFF44,100208555,100.00,,
32.669879963,1655918715,,instructions,100208935,100.00,4.41,insn per cycle
32.669879963,375782249,,cycles,100209085,100.00,,
32.770089711,99224,,rD044,100209285,100.00,,
32.770089711,742513,,rFF44,100208925,100.00,,
32.770089711,1653506169,,instructions,100208755,100.00,4.40,insn per cycle
32.770089711,375782706,,cycles,100209205,100.00,,
32.870301429,95698,,rD044,100199425,100.00,,
32.870301429,703663,,rFF44,100199015,100.00,,
32.870301429,1655254896,,instructions,100198775,100.00,4.41,insn per cycle
32.870301429,375723378,,cycles,100198535,100.00,,
32.970511378,108831,,rD044,100209374,100.00,,
32.970511378,731010,,rFF44,100209904,100.00,,
32.970511378,1652203030,,instructions,100209554,100.00,4.40,insn per cycle
32.970511378,375783733,,cycles,100209484,100.00,,
33.070764797,95043,,rD044,100252885,100.00,,
33.070764797,752840,,rFF44,100252555,100.00,,
33.070764797,1655101172,,instructions,100253025,100.00,4.40,insn per cycle
33.070764797,375946154,,cycles,100252795,100.00,,
33.170974725,103096,,rD044,100209605,100.00,,
33.170974725,723243,,rFF44,100209895,100.00,,
33.170974725,1654219282,,instructions,100210255,100.00,4.40,insn per cycle
33.170974725,375787281,,cycles,100210425,100.00,,
33.271186293,103738,,rD044,100210545,100.00,,
33.271186293,732668,,rFF44,100210945,100.00,,
33.271186293,1653453834,,instructions,100211075,100.00,4.40,insn per cycle
33.271186293,375790095,,cycles,100211095,100.00,,
33.371397462,63608,,rD044,100210365,100.00,,
33.371397462,707453,,rFF44,100209415,100.00,,
33.371397462,1664830298,,instructions,100208425,100.00,4.43,insn per cycle
33.371397462,375779015,,cycles,100208235,100.00,,
33.471607240,107382,,rD044,100209155,100.00,,
33.471607240,724741,,rFF44,100209035,100.00,,
33.471607240,1660180242,,instructions,100209625,100.00,4.42,insn per cycle
33.471607240,375784331,,cycles,100209605,100.00,,
33.571814908,98554,,rD044,100207484,100.00,,
33.571814908,757189,,rFF44,100207384,100.00,,
33.571814908,1639792707,,instructions,100207354,100.00,4.36,insn per cycle
33.571814908,375776720,,cycles,100207714,100.00,,
33.672024897,95984,,rD044,100208915,100.00,,
33.672024897,749142,,rFF44,100208995,100.00,,
33.672024897,1718607798,,instructions,100208945,100.00,4.57,insn per cycle
33.672024897,375783283,,cycles,100209355,100.00,,
33.772234195,111839,,rD044,100208965,100.00,,
33.772234195,759588,,rFF44,100208705,100.00,,
33.772234195,1744830480,,instructions,100209095,100.00,4.64,insn per cycle
33.772234195,375781428,,cycles,100208865,100.00,,
33.872444583,95020,,rD044,100195665,100.00,,
33.872444583,768585,,rFF44,100196325,100.00,,
33.872444583,1728563318,,instructions,100195485,100.00,4.60,insn per cycle
33.872444583,375709790,,cycles,100195065,100.00,,
33.972656332,106174,,rD044,100211164,100.00,,
33.972656332,744408,,rFF44,100211295,100.00,,
33.972656332,1703250248,,instructions,100211275,100.00,4.53,insn per cycle
33.972656332,375789269,,cycles,100211005,100.00,,
34.072866990,101298,,rD044,100209855,100.00,,
34.072866990,755125,,rFF44,100209964,100.00,,
34.072866990,1694920793,,instructions,100211354,100.00,4.51,insn per cycle
34.072866990,375792763,,cycles,100212004,100.00,,
34.173077968,94243,,rD044,100210385,100.00,,
34.173077968,745771,,rFF44,100210285,100.00,,
34.173077968,1696449441,,instructions,100209825,100.00,4.51,insn per cycle
34.173077968,375783742,,cycles,100209475,100.00,,
34.273289837,107427,,rD044,100211625,100.00,,
34.273289837,734538,,rFF44,100211015,100.00,,
34.273289837,1683865348,,instructions,100210055,100.00,4.48,insn per cycle
34.273289837,375785490,,cycles,100209925,100.00,,
34.373500775,97741,,rD044,100210095,100.00,,
34.373500775,762875,,rFF44,100210335,100.00,,
34.373500775,1687627298,,instructions,100210505,100.00,4.49,insn per cycle
34.373500775,375788406,,cycles,100210675,100.00,,
34.473784964,98406,,rD044,100283345,100.00,,
34.473784964,706545,,rFF44,100283655,100.00,,
34.473784964,1692369548,,instructions,100284375,100.00,4.50,insn per cycle
34.473784964,376066152,,cycles,100284865,100.00,,
34.573994162,104060,,rD044,100207955,100.00,,
34.573994162,750673,,rFF44,100208235,100.00,,
34.573994162,1695275403,,instructions,100207675,100.00,4.51,insn per cycle
34.573994162,375778101,,cycles,100207985,100.00,,
34.674206001,95553,,rD044,100212674,100.00,,
34.674206001,769579,,rFF44,100212594,100.00,,
34.674206001,1723604341,,instructions,100212714,100.00,4.59,insn per cycle
34.674206001,375794640,,cycles,100212395,100.00,,
34.774408589,107965,,rD044,100201535,100.00,,
34.774408589,750036,,rFF44,100201405,100.00,,
34.774408589,1720372682,,instructions,100201125,100.00,4.58,insn per cycle
34.774408589,375744076,,cycles,100201464,100.00,,
34.874620587,98810,,rD044,100184605,100.00,,
34.874620587,772273,,rFF44,100184785,100.00,,
34.874620587,1706186721,,instructions,100185285,100.00,4.54,insn per cycle
34.874620587,375649593,,cycles,100184035,100.00,,
34.974823836,97862,,rD044,100203105,100.00,,
34.974823836,752442,,rFF44,100203095,100.00,,
34.974823836,1714716338,,instructions,100204195,100.00,4.56,insn per cycle
34.974823836,375767467,,cycles,100205055,100.00,,
35.075032834,107336,,rD044,100208365,100.00,,
35.075032834,753610,,rFF44,100208315,100.00,,
35.075032834,1715501515,,instructions,100206855,100.00,4.57,insn per cycle
35.075032834,375776313,,cycles,100207405,100.00,,
35.175242842,95539,,rD044,100208844,100.00,,
35.175242842,766353,,rFF44,100209004,100.00,,
35.175242842,1711322177,,instructions,100208914,100.00,4.55,insn per cycle
35.175242842,375776573,,cycles,100207634,100.00,,
35.275452221,104638,,rD044,100208805,100.00,,
35.275452221,750931,,rFF44,100208445,100.00,,
35.275452221,1727719715,,instructions,100208535,100.00,4.60,insn per cycle
35.275452221,375784681,,cycles,100209755,100.00,,
35.375663509,101637,,rD044,100211245,100.00,,
35.375663509,772513,,rFF44,100211305,100.00,,
35.375663509,1729422216,,instructions,100211185,100.00,4.60,insn per cycle
35.375663509,375786730,,cycles,100210285,100.00,,
35.475874467,97273,,rD044,100209955,100.00,,
35.475874467,760271,,rFF44,100209955,100.00,,
35.475874467,1724877872,,instructions,100210015,100.00,4.59,insn per cycle
35.475874467,375787075,,cycles,100210375,100.00,,
35.576084966,106238,,rD044,100209755,100.00,,
35.576084966,758187,,rFF44,100209495,100.00,,
35.576084966,1733827480,,instructions,100209905,100.00,4.61,insn per cycle
35.576084966,375782026,,cycles,100209015,100.00,,
35.676292784,95227,,rD044,100206834,100.00,,
35.676292784,783761,,rFF44,100207404,100.00,,
35.676292784,1733692136,,instructions,100206554,100.00,4.61,insn per cycle
35.676292784,375775699,,cycles,100207264,100.00,,
35.776502532,105359,,rD044,100209235,100.00,,
35.776502532,758487,,rFF44,100209215,100.00,,
35.776502532,1726911400,,instructions,100210085,100.00,4.60,insn per cycle
35.776502532,375785893,,cycles,100210145,100.00,,
35.876732161,103722,,rD044,100216105,100.00,,
35.876732161,773889,,rFF44,100215645,100.00,,
35.876732161,1731127612,,instructions,100215905,100.00,4.61,insn per cycle
35.876732161,375787983,,cycles,100215995,100.00,,
35.976943249,95678,,rD044,100210625,100.00,,
35.976943249,763781,,rFF44,100210835,100.00,,
35.976943249,1730291231,,instructions,100210635,100.00,4.60,insn per cycle
35.976943249,375788139,,cycles,100210675,100.00,,
36.077154828,108112,,rD044,100210635,100.00,,
36.077154828,748696,,rFF44,100211065,100.00,,
36.077154828,1702457172,,instructions,100210725,100.00,4.53,insn per cycle
36.077154828,375785868,,cycles,100210045,100.00,,
36.177364696,97328,,rD044,100209474,100.00,,
36.177364696,774112,,rFF44,100209234,100.00,,
36.177364696,1698249838,,instructions,100208754,100.00,4.52,insn per cycle
36.177364696,375781776,,cycles,100208824,100.00,,
36.277575224,69699,,rD044,100209585,100.00,,
36.277575224,717348,,rFF44,100209555,100.00,,
36.277575224,1702551100,,instructions,100210505,100.00,4.53,insn per cycle
36.277575224,375788266,,cycles,100210825,100.00,,
36.377815253,102422,,rD044,100239705,100.00,,
36.377815253,761406,,rFF44,100239605,100.00,,
36.377815253,1698066279,,instructions,100238845,100.00,4.52,insn per cycle
36.377815253,375893200,,cycles,100238665,100.00,,
36.478025751,95941,,rD044,100209765,100.00,,
36.478025751,753346,,rFF44,100210305,100.00,,
36.478025751,1683669871,,instructions,100211165,100.00,4.48,insn per cycle
36.478025751,375790408,,cycles,100211185,100.00,,
36.578236170,107901,,rD044,100209735,100.00,,
36.578236170,742000,,rFF44,100208625,100.00,,
36.578236170,1677760167,,instructions,100208115,100.00,4.46,insn per cycle
36.578236170,375779124,,cycles,100208335,100.00,,
36.678445408,96014,,rD044,100197445,100.00,,
36.678445408,769140,,rFF44,100197775,100.00,,
36.678445408,1677926506,,instructions,100197755,100.00,4.47,insn per cycle
36.678445408,375720802,,cycles,100197885,100.00,,
36.778655786,103577,,rD044,100209794,100.00,,
36.778655786,745480,,rFF44,100209774,100.00,,
36.778655786,1678032645,,instructions,100210064,100.00,4.47,insn per cycle
36.778655786,375782335,,cycles,100209024,100.00,,
36.878863235,109462,,rD044,100194135,100.00,,
36.878863235,754448,,rFF44,100194595,100.00,,
36.878863235,1676682558,,instructions,100193965,100.00,4.46,insn per cycle
36.878863235,375709707,,cycles,100195065,100.00,,
36.979075543,94802,,rD044,100211835,100.00,,
36.979075543,721726,,rFF44,100212065,100.00,,
36.979075543,1687937242,,instructions,100212945,100.00,4.49,insn per cycle
36.979075543,375794992,,cycles,100212495,100.00,,
37.079286121,105451,,rD044,100210025,100.00,,
37.079286121,745111,,rFF44,100209515,100.00,,
37.079286121,1697439397,,instructions,100208445,100.00,4.52,insn per cycle
37.079286121,375779791,,cycles,100208425,100.00,,
37.179496390,98876,,rD044,100209305,100.00,,
37.179496390,771495,,rFF44,100209195,100.00,,
37.179496390,1701109254,,instructions,100209145,100.00,4.53,insn per cycle
37.179496390,375783271,,cycles,100209355,100.00,,
37.279747748,100438,,rD044,100250555,100.00,,
37.279747748,743265,,rFF44,100250615,100.00,,
37.279747748,1697909170,,instructions,100250935,100.00,4.52,insn per cycle
37.279747748,375940182,,cycles,100251205,100.00,,
37.379958747,107272,,rD044,100210684,100.00,,
37.379958747,750436,,rFF44,100210534,100.00,,
37.379958747,1706270081,,instructions,100210404,100.00,4.54,insn per cycle
37.379958747,375783862,,cycles,100209504,100.00,,
37.480171655,96552,,rD044,100212305,100.00,,
37.480171655,779704,,rFF44,100212295,100.00,,
37.480171655,1783151554,,instructions,100211845,100.00,4.74,insn per cycle
37.480171655,375797301,,cycles,100213105,100.00,,
37.580384354,106407,,rD044,100212775,100.00,,
37.580384354,758432,,rFF44,100213195,100.00,,
37.580384354,1778323846,,instructions,100214035,100.00,4.73,insn per cycle
37.580384354,375797239,,cycles,100212975,100.00,,
37.680595822,98355,,rD044,100210145,100.00,,
37.680595822,756914,,rFF44,100210265,100.00,,
37.680595822,1667741549,,instructions,100209945,100.00,4.44,insn per cycle
37.680595822,375787862,,cycles,100210685,100.00,,
37.780807880,98113,,rD044,100198975,100.00,,
37.780807880,728652,,rFF44,100198615,100.00,,
37.780807880,1635035360,,instructions,100199035,100.00,4.35,insn per cycle
37.780807880,375725637,,cycles,100199265,100.00,,
37.881021669,104208,,rD044,100212974,100.00,,
37.881021669,728303,,rFF44,100212864,100.00,,
37.881021669,1637016703,,instructions,100212884,100.00,4.36,insn per cycle
37.881021669,375794451,,cycles,100212254,100.00,,
37.981234427,63487,,rD044,100212635,100.00,,
37.981234427,714380,,rFF44,100212485,100.00,,
37.981234427,1647615023,,instructions,100212565,100.00,4.38,insn per cycle
37.981234427,375793681,,cycles,100212025,100.00,,
38.081448485,105117,,rD044,100213155,100.00,,
38.081448485,726775,,rFF44,100213445,100.00,,
38.081448485,1648605981,,instructions,100213125,100.00,4.39,insn per cycle
38.081448485,375798710,,cycles,100213585,100.00,,
38.181660634,101503,,rD044,100211385,100.00,,
38.181660634,741815,,rFF44,100211305,100.00,,
38.181660634,1648552690,,instructions,100210935,100.00,4.39,insn per cycle
38.181660634,375788856,,cycles,100210845,100.00,,
38.281902652,95018,,rD044,100241605,100.00,,
38.281902652,745642,,rFF44,100242305,100.00,,
38.281902652,1688344512,,instructions,100243545,100.00,4.49,insn per cycle
38.281902652,375911364,,cycles,100243515,100.00,,
38.382112941,109335,,rD044,100209875,100.00,,
38.382112941,703728,,rFF44,100209625,100.00,,
38.382112941,1680792492,,instructions,100208875,100.00,4.47,insn per cycle
38.382112941,375781853,,cycles,100208895,100.00,,
38.482323029,96869,,rD044,100209174,100.00,,
38.482323029,760155,,rFF44,100209164,100.00,,
38.482323029,1676332454,,instructions,100209194,100.00,4.46,insn per cycle
38.482323029,375782776,,cycles,100209314,100.00,,
38.582534407,98081,,rD044,100210765,100.00,,
38.582534407,741267,,rFF44,100211535,100.00,,
38.582534407,1674404042,,instructions,100228995,100.00,4.45,insn per cycle
38.582534407,375858481,,cycles,100229325,100.00,,
38.682762046,105829,,rD044,100226975,100.00,,
38.682762046,750262,,rFF44,100225985,100.00,,
38.682762046,1674957734,,instructions,100209995,100.00,4.46,insn per cycle
38.682762046,375787354,,cycles,100210535,100.00,,
38.782978904,93566,,rD044,100216015,100.00,,
38.782978904,760606,,rFF44,100216375,100.00,,
38.782978904,1685853895,,instructions,100215065,100.00,4.49,insn per cycle
38.782978904,375800858,,cycles,100214025,100.00,,
38.883187283,108354,,rD044,100185934,100.00,,
38.883187283,744917,,rFF44,100185264,100.00,,
38.883187283,1686770175,,instructions,100184804,100.00,4.49,insn per cycle
38.883187283,375662787,,cycles,100185684,100.00,,
38.983392341,69765,,rD044,100204634,100.00,,
38.983392341,736759,,rFF44,100205104,100.00,,
38.983392341,1680252327,,instructions,100205104,100.00,4.47,insn per cycle
38.983392341,375766225,,cycles,100204824,100.00,,
39.083600919,95028,,rD044,100207775,100.00,,
39.083600919,745603,,rFF44,100207845,100.00,,
39.083600919,1677096594,,instructions,100207825,100.00,4.46,insn per cycle
39.083600919,375775412,,cycles,100207255,100.00,,
39.183809958,107810,,rD044,100208505,100.00,,
39.183809958,740967,,rFF44,100208505,100.00,,
39.183809958,1668153180,,instructions,100209105,100.00,4.44,insn per cycle
39.183809958,375783504,,cycles,100209345,100.00,,
39.284019306,96435,,rD044,100208835,100.00,,
39.284019306,757953,,rFF44,100208375,100.00,,
39.284019306,1681588568,,instructions,100208235,100.00,4.47,insn per cycle
39.284019306,375778611,,cycles,100208195,100.00,,
39.384229224,102341,,rD044,100209025,100.00,,
39.384229224,742733,,rFF44,100209365,100.00,,
39.384229224,1698012976,,instructions,100209305,100.00,4.52,insn per cycle
39.384229224,375784054,,cycles,100209485,100.00,,
39.484442143,101738,,rD044,100212544,100.00,,
39.484442143,772175,,rFF44,100212904,100.00,,
39.484442143,1743056619,,instructions,100213114,100.00,4.64,insn per cycle
39.484442143,375795394,,cycles,100212584,100.00,,
39.584655001,96466,,rD044,100212155,100.00,,
39.584655001,754893,,rFF44,100211685,100.00,,
39.584655001,1710840916,,instructions,100211055,100.00,4.55,insn per cycle
39.584655001,375791766,,cycles,100211705,100.00,,
39.684867389,110057,,rD044,100211865,100.00,,
39.684867389,742319,,rFF44,100211705,100.00,,
39.684867389,1686841418,,instructions,100211915,100.00,4.49,insn per cycle
39.684867389,375790184,,cycles,100211205,100.00,,
39.785077238,96481,,rD044,100208905,100.00,,
39.785077238,729544,,rFF44,100209025,100.00,,
39.785077238,1686274131,,instructions,100209525,100.00,4.49,insn per cycle
39.785077238,375785645,,cycles,100209995,100.00,,
39.885288756,103837,,rD044,100198735,100.00,,
39.885288756,740124,,rFF44,100199045,100.00,,
39.885288756,1691879702,,instructions,100198455,100.00,4.50,insn per cycle
39.885288756,375724039,,cycles,100199055,100.00,,
39.985500754,104223,,rD044,100211074,100.00,,
39.985500754,751674,,rFF44,100211084,100.00,,
39.985500754,1704370252,,instructions,100211354,100.00,4.54,insn per cycle
39.985500754,375789016,,cycles,100210834,100.00,,
40.085746543,96953,,rD044,100244975,100.00,,
40.085746543,754775,,rFF44,100244335,100.00,,
40.085746543,1693632022,,instructions,100244285,100.00,4.51,insn per cycle
40.085746543,375912594,,cycles,100243905,100.00,,
40.185982662,106640,,rD044,100235935,100.00,,
40.185982662,740349,,rFF44,100236465,100.00,,
40.185982662,1681211523,,instructions,100236575,100.00,4.47,insn per cycle
40.185982662,375888312,,cycles,100237355,100.00,,
40.286194300,96179,,rD044,100210655,100.00,,
40.286194300,762734,,rFF44,100210905,100.00,,
40.286194300,1676796370,,instructions,100210755,100.00,4.46,insn per cycle
40.286194300,375785762,,cycles,100209925,100.00,,
40.386404608,70542,,rD044,100209755,100.00,,
40.386404608,700442,,rFF44,100209615,100.00,,
40.386404608,1679164911,,instructions,100209415,100.00,4.47,insn per cycle
40.386404608,375786016,,cycles,100210195,100.00,,
40.486614547,107491,,rD044,100209745,100.00,,
40.486614547,741794,,rFF44,100209445,100.00,,
40.486614547,1683518871,,instructions,100209865,100.00,4.48,insn per cycle
40.486614547,375786687,,cycles,100210265,100.00,,
40.586825965,93824,,rD044,100210344,100.00,,
40.586825965,747721,,rFF44,100210314,100.00,,
40.586825965,1665067425,,instructions,100210275,100.00,4.43,insn per cycle
40.586825965,375784192,,cycles,100209605,100.00,,
40.687035263,105167,,rD044,100208605,100.00,,
40.687035263,730752,,rFF44,100208315,100.00,,
40.687035263,1661050345,,instructions,100208024,100.00,4.42,insn per cycle
40.687035263,375778444,,cycles,100208074,100.00,,
40.787243622,101176,,rD044,100195395,100.00,,
40.787243622,748438,,rFF44,100195795,100.00,,
40.787243622,1650518505,,instructions,100195685,100.00,4.39,insn per cycle
40.787243622,375709257,,cycles,100195125,100.00,,
40.887453330,95696,,rD044,100209185,100.00,,
40.887453330,735437,,rFF44,100209405,100.00,,
40.887453330,1650349821,,instructions,100209645,100.00,4.39,insn per cycle
40.887453330,375785402,,cycles,100209835,100.00,,
40.987663258,105194,,rD044,100209695,100.00,,
40.987663258,692616,,rFF44,100209345,100.00,,
40.987663258,1651868978,,instructions,100209355,100.00,4.40,insn per cycle
40.987663258,375782533,,cycles,100209165,100.00,,
41.087872837,94979,,rD044,100208614,100.00,,
41.087872837,749236,,rFF44,100208744,100.00,,
41.087872837,1684888409,,instructions,100208314,100.00,4.48,insn per cycle
41.087872837,375780177,,cycles,100208525,100.00,,
41.188082985,102535,,rD044,100210065,100.00,,
41.188082985,733237,,rFF44,100209745,100.00,,
41.188082985,1652111504,,instructions,100209875,100.00,4.40,insn per cycle
41.188082985,375787406,,cycles,100210454,100.00,,
41.288293604,102306,,rD044,100197765,100.00,,
41.288293604,741864,,rFF44,100198095,100.00,,
41.288293604,1653113746,,instructions,100198745,100.00,4.40,insn per cycle
41.288293604,375725266,,cycles,100198955,100.00,,
41.388505542,92966,,rD044,100211065,100.00,,
41.388505542,740950,,rFF44,100211595,100.00,,
41.388505542,1652416539,,instructions,100211325,100.00,4.40,insn per cycle
41.388505542,375787524,,cycles,100210495,100.00,,
41.488749831,77577,,rD044,100243415,100.00,,
41.488749831,696852,,rFF44,100243035,100.00,,
41.488749831,1657598287,,instructions,100242645,100.00,4.41,insn per cycle
41.488749831,375909810,,cycles,100243105,100.00,,
41.588960999,97115,,rD044,100210605,100.00,,
41.588960999,753179,,rFF44,100210455,100.00,,
41.588960999,1654063774,,instructions,100210245,100.00,4.40,insn per cycle
41.588960999,375785852,,cycles,100210035,100.00,,
41.689171767,96564,,rD044,100210514,100.00,,
41.689171767,733441,,rFF44,100210504,100.00,,
41.689171767,1652531487,,instructions,100211074,100.00,4.40,insn per cycle
41.689171767,375789338,,cycles,100210904,100.00,,
41.789384235,107561,,rD044,100200095,100.00,,
41.789384235,734361,,rFF44,100199805,100.00,,
41.789384235,1649585266,,instructions,100199215,100.00,4.39,insn per cycle
41.789384235,375728899,,cycles,100199775,100.00,,
41.889593534,96160,,rD044,100195705,100.00,,
41.889593534,752875,,rFF44,100196025,100.00,,
41.889593534,1652852619,,instructions,100196715,100.00,4.40,insn per cycle
41.889593534,375716777,,cycles,100196345,100.00,,
41.989806772,100814,,rD044,100212535,100.00,,
41.989806772,695832,,rFF44,100212545,100.00,,
41.989806772,1655407038,,instructions,100212315,100.00,4.41,insn per cycle
41.989806772,375794996,,cycles,100212605,100.00,,
42.090031581,101422,,rD044,100224265,100.00,,
42.090031581,741791,,rFF44,100224315,100.00,,
42.090031581,1650197053,,instructions,100224885,100.00,4.39,insn per cycle
42.090031581,375839294,,cycles,100224285,100.00,,
42.190245529,90164,,rD044,100213604,100.00,,
42.190245529,740315,,rFF44,100213655,100.00,,
42.190245529,1650162134,,instructions,100213045,100.00,4.39,insn per cycle
42.190245529,375804000,,cycles,100214885,100.00,,
42.290460917,106905,,rD044,100214475,100.00,,
42.290460917,727860,,rFF44,100214004,100.00,,
42.290460917,1649712975,,instructions,100214544,100.00,4.39,insn per cycle
42.290460917,375798406,,cycles,100213394,100.00,,
42.390690586,98228,,rD044,100228805,100.00,,
42.390690586,753739,,rFF44,100228885,100.00,,
42.390690586,1652314808,,instructions,100228415,100.00,4.40,insn per cycle
42.390690586,375852438,,cycles,100227805,100.00,,
42.490900104,66717,,rD044,100209445,100.00,,
42.490900104,694719,,rFF44,100209285,100.00,,
42.490900104,1654800228,,instructions,100209975,100.00,4.40,insn per cycle
42.490900104,375791671,,cycles,100211595,100.00,,
42.591114223,104514,,rD044,100213295,100.00,,
42.591114223,737037,,rFF44,100214035,100.00,,
42.591114223,1650863233,,instructions,100213535,100.00,4.39,insn per cycle
42.591114223,375794967,,cycles,100212475,100.00,,
42.691327301,95454,,rD044,100212495,100.00,,
42.691327301,754171,,rFF44,100212225,100.00,,
42.691327301,1644906134,,instructions,100211965,100.00,4.38,insn per cycle
42.691327301,375791764,,cycles,100211625,100.00,,
42.791544860,103130,,rD044,100214645,100.00,,
42.791544860,737207,,rFF44,100214515,100.00,,
42.791544860,1642032356,,instructions,100214705,100.00,4.37,insn per cycle
42.791544860,375781265,,cycles,100214655,100.00,,
42.891766988,98732,,rD044,100198143,100.00,,
42.891766988,747241,,rFF44,100197923,100.00,,
42.891766988,1647544027,,instructions,100198373,100.00,4.38,insn per cycle
42.891766988,375730351,,cycles,100198073,100.00,,
42.991975516,102369,,rD044,100207875,100.00,,
42.991975516,705580,,rFF44,100208235,100.00,,
42.991975516,1648858644,,instructions,100207885,100.00,4.39,insn per cycle
42.991975516,375779027,,cycles,100208225,100.00,,
43.092186615,108061,,rD044,100210295,100.00,,
43.092186615,733350,,rFF44,100210375,100.00,,
43.092186615,1651658713,,instructions,100209885,100.00,4.40,insn per cycle
43.092186615,375776914,,cycles,100209865,100.00,,
43.192399123,94498,,rD044,100212105,100.00,,
43.192399123,749267,,rFF44,100211755,100.00,,
43.192399123,1651310259,,instructions,100211905,100.00,4.39,insn per cycle
43.192399123,375792267,,cycles,100211645,100.00,,
43.292616671,99637,,rD044,100216185,100.00,,
43.292616671,728165,,rFF44,100216405,100.00,,
43.292616671,1652435564,,instructions,100217485,100.00,4.40,insn per cycle
43.292616671,375816745,,cycles,100218395,100.00,,
43.392827630,107165,,rD044,100210674,100.00,,
43.392827630,739592,,rFF44,100210864,100.00,,
43.392827630,1656514134,,instructions,100210684,100.00,4.41,insn per cycle
43.392827630,375784745,,cycles,100209754,100.00,,
43.493037998,63013,,rD044,100209865,100.00,,
43.493037998,718120,,rFF44,100209805,100.00,,
43.493037998,1663309570,,instructions,100209415,100.00,4.43,insn per cycle
43.493037998,375783577,,cycles,100209325,100.00,,
43.593247897,104285,,rD044,100209605,100.00,,
43.593247897,735397,,rFF44,100209375,100.00,,
43.593247897,1657461474,,instructions,100208845,100.00,4.41,insn per cycle
43.593247897,375782870,,cycles,100209255,100.00,,
43.693460425,99929,,rD044,100211675,100.00,,
43.693460425,757723,,rFF44,100211765,100.00,,
43.693460425,1656997990,,instructions,100211795,100.00,4.41,insn per cycle
43.693460425,375791295,,cycles,100211605,100.00,,
43.793669043,96804,,rD044,100195655,100.00,,
43.793669043,740782,,rFF44,100195045,100.00,,
43.793669043,1655140956,,instructions,100195545,100.00,4.41,insn per cycle
43.793669043,375710506,,cycles,100195435,100.00,,
43.893910412,103961,,rD044,100241174,100.00,,
43.893910412,736344,,rFF44,100241934,100.00,,
43.893910412,1657258351,,instructions,100241515,100.00,4.41,insn per cycle
43.893910412,375906287,,cycles,100242065,100.00,,
43.994120990,94120,,rD044,100209345,100.00,,
43.994120990,724753,,rFF44,100208875,100.00,,
43.994120990,1660127113,,instructions,100209114,100.00,4.42,insn per cycle
43.994120990,375782349,,cycles,100209114,100.00,,
44.094330799,104450,,rD044,100209005,100.00,,
44.094330799,738282,,rFF44,100208525,100.00,,
44.094330799,1656528764,,instructions,100208175,100.00,4.41,insn per cycle
44.094330799,375778589,,cycles,100208035,100.00,,
44.194540347,102743,,rD044,100209255,100.00,,
44.194540347,751754,,rFF44,100226925,100.00,,
44.194540347,1656415374,,instructions,100227045,100.00,4.41,insn per cycle
44.194540347,375849388,,cycles,100227055,100.00,,
44.294768595,93749,,rD044,100227195,100.00,,
44.294768595,748392,,rFF44,100210765,100.00,,
44.294768595,1656401442,,instructions,100210695,100.00,4.41,insn per cycle
44.294768595,375789734,,cycles,100210945,100.00,,
44.394979674,106872,,rD044,100210565,100.00,,
44.394979674,735715,,rFF44,100209885,100.00,,
44.394979674,1648932597,,instructions,100210135,100.00,4.39,insn per cycle
44.394979674,375784564,,cycles,100209845,100.00,,
44.495190042,67494,,rD044,100209804,100.00,,
44.495190042,727319,,rFF44,100210154,100.00,,
44.495190042,1660294137,,instructions,100210284,100.00,4.42,insn per cycle
44.495190042,375789076,,cycles,100210904,100.00,,
44.595399470,95846,,rD044,100208805,100.00,,
44.595399470,741242,,rFF44,100208905,100.00,,
44.595399470,1656020085,,instructions,100209055,100.00,4.41,insn per cycle
44.595399470,375779181,,cycles,100208255,100.00,,
44.695611259,106051,,rD044,100211545,100.00,,
44.695611259,744077,,rFF44,100211405,100.00,,
44.695611259,1654521804,,instructions,100211375,100.00,4.40,insn per cycle
44.695611259,375789208,,cycles,100210955,100.00,,
44.795822537,95747,,rD044,100210425,100.00,,
44.795822537,751623,,rFF44,100210615,100.00,,
44.795822537,1655535485,,instructions,100210155,100.00,4.41,insn per cycle
44.795822537,375787753,,cycles,100210465,100.00,,
44.896036956,102198,,rD044,100201125,100.00,,
44.896036956,722322,,rFF44,100201075,100.00,,
44.896036956,1652849038,,instructions,100201045,100.00,4.40,insn per cycle
44.896036956,375732106,,cycles,100201115,100.00,,
44.996246384,99523,,rD044,100208474,100.00,,
44.996246384,709031,,rFF44,100208304,100.00,,
44.996246384,1670854063,,instructions,100207774,100.00,4.45,insn per cycle
44.996246384,375781828,,cycles,100208834,100.00,,
45.096456692,96618,,rD044,100210135,100.00,,
45.096456692,747256,,rFF44,100209855,100.00,,
45.096456692,1696785592,,instructions,100210665,100.00,4.52,insn per cycle
45.096456692,375783957,,cycles,100209665,100.00,,
45.196667450,109420,,rD044,100210325,100.00,,
45.196667450,739879,,rFF44,100210445,100.00,,
45.196667450,1694307132,,instructions,100209935,100.00,4.51,insn per cycle
45.196667450,375784924,,cycles,100209805,100.00,,
45.296879339,95530,,rD044,100210905,100.00,,
45.296879339,761332,,rFF44,100211175,100.00,,
45.296879339,1698366938,,instructions,100211165,100.00,4.52,insn per cycle
45.296879339,375790754,,cycles,100211265,100.00,,
45.397089297,101623,,rD044,100209335,100.00,,
45.397089297,741653,,rFF44,100209595,100.00,,
45.397089297,1700662225,,instructions,100209955,100.00,4.53,insn per cycle
45.397089297,375785409,,cycles,100210015,100.00,,
45.497300765,105739,,rD044,100210844,100.00,,
45.497300765,754818,,rFF44,100210364,100.00,,
45.497300765,1700613106,,instructions,100210734,100.00,4.53,insn per cycle
45.497300765,375791289,,cycles,100211484,100.00,,
45.597511304,95556,,rD044,100209775,100.00,,
45.597511304,755246,,rFF44,100210135,100.00,,
45.597511304,1702513868,,instructions,100209835,100.00,4.53,insn per cycle
45.597511304,375781857,,cycles,100208985,100.00,,
45.697737732,104715,,rD044,100225815,100.00,,
45.697737732,741243,,rFF44,100225595,100.00,,
45.697737732,1701054685,,instructions,100225415,100.00,4.53,insn per cycle
45.697737732,375843108,,cycles,100225325,100.00,,
45.797979941,66350,,rD044,100229855,100.00,,
45.797979941,736026,,rFF44,100229625,100.00,,
45.797979941,1702989594,,instructions,100230355,100.00,4.53,insn per cycle
45.797979941,375841437,,cycles,100230515,100.00,,
45.898189089,100953,,rD044,100208675,100.00,,
45.898189089,749982,,rFF44,100208875,100.00,,
45.898189089,1703810229,,instructions,100208695,100.00,4.53,insn per cycle
45.898189089,375779510,,cycles,100208265,100.00,,
45.998398308,107010,,rD044,100208465,100.00,,
45.998398308,756932,,rFF44,100208345,100.00,,
45.998398308,1701553345,,instructions,100207755,100.00,4.53,insn per cycle
45.998398308,375780738,,cycles,100208675,100.00,,
46.098605692,98745,,rD044,100206584,100.00,,
46.098605692,763219,,rFF44,100206364,100.00,,
46.098605692,1691141692,,instructions,100205964,100.00,4.50,insn per cycle
46.098605692,375766182,,cycles,100205634,100.00,,
46.198814501,107571,,rD044,100208495,100.00,,
46.198814501,748301,,rFF44,100208165,100.00,,
46.198814501,1690600259,,instructions,100208985,100.00,4.50,insn per cycle
46.198814501,375781711,,cycles,100208935,100.00,,
46.299026791,101191,,rD044,100211495,100.00,,
46.299026791,759073,,rFF44,100211665,100.00,,
46.299026791,1688947479,,instructions,100212175,100.00,4.49,insn per cycle
46.299026791,375791988,,cycles,100211695,100.00,,
46.399237370,95973,,rD044,100209735,100.00,,
46.399237370,708096,,rFF44,100209685,100.00,,
46.399237370,1676432850,,instructions,100208505,100.00,4.46,insn per cycle
46.399237370,375780830,,cycles,100208705,100.00,,
46.499445609,104502,,rD044,100207985,100.00,,
46.499445609,751560,,rFF44,100208215,100.00,,
46.499445609,1693017196,,instructions,100208115,100.00,4.51,insn per cycle
46.499445609,375779870,,cycles,100208455,100.00,,
46.599655008,94244,,rD044,100207974,100.00,,
46.599655008,763696,,rFF44,100208054,100.00,,
46.599655008,1682554597,,instructions,100208534,100.00,4.48,insn per cycle
46.599655008,375777808,,cycles,100207894,100.00,,
46.699866397,105119,,rD044,100211075,100.00,,
46.699866397,743076,,rFF44,100211125,100.00,,
46.699866397,1677341187,,instructions,100210605,100.00,4.46,insn per cycle
46.699866397,375790245,,cycles,100211135,100.00,,
46.800074706,100942,,rD044,100185865,100.00,,
46.800074706,756764,,rFF44,100185245,100.00,,
46.800074706,1673141063,,instructions,100185695,100.00,4.45,insn per cycle
46.800074706,375656931,,cycles,100185265,100.00,,
46.900285265,94138,,rD044,100199635,100.00,,
46.900285265,749943,,rFF44,100200015,100.00,,
46.900285265,1675368885,,instructions,100200125,100.00,4.46,insn per cycle
46.900285265,375733373,,cycles,100200375,100.00,,
47.000494274,108908,,rD044,100208244,100.00,,
47.000494274,739672,,rFF44,100208524,100.00,,
47.000494274,1679670009,,instructions,100208825,100.00,4.47,insn per cycle
47.000494274,375779979,,cycles,100208425,100.00,,
47.100734463,97685,,rD044,100239435,100.00,,
47.100734463,766353,,rFF44,100239175,100.00,,
47.100734463,1680989510,,instructions,100238704,100.00,4.47,insn per cycle
47.100734463,375893264,,cycles,100238644,100.00,,
47.200942683,68136,,rD044,100207685,100.00,,
47.200942683,715799,,rFF44,100207945,100.00,,
47.200942683,1687648257,,instructions,100208255,100.00,4.49,insn per cycle
47.200942683,375782051,,cycles,100209125,100.00,,
47.301155972,104248,,rD044,100212615,100.00,,
47.301155972,747670,,rFF44,100213175,100.00,,
47.301155972,1683586877,,instructions,100212375,100.00,4.48,insn per cycle
47.301155972,375795319,,cycles,100212495,100.00,,
47.401368171,94452,,rD044,100211515,100.00,,
47.401368171,756308,,rFF44,100211045,100.00,,
47.401368171,1685013684,,instructions,100211395,100.00,4.48,insn per cycle
47.401368171,375790145,,cycles,100211275,100.00,,
47.501579090,106266,,rD044,100210475,100.00,,
47.501579090,739944,,rFF44,100210545,100.00,,
47.501579090,1683254250,,instructions,100210875,100.00,4.48,insn per cycle
47.501579090,375788382,,cycles,100210715,100.00,,
47.601791129,98467,,rD044,100210634,100.00,,
47.601791129,761889,,rFF44,100210544,100.00,,
47.601791129,1687151061,,instructions,100210184,100.00,4.49,insn per cycle
47.601791129,375787142,,cycles,100210304,100.00,,
47.702015688,96948,,rD044,100224585,100.00,,
47.702015688,742808,,rFF44,100224835,100.00,,
47.702015688,1685286901,,instructions,100225315,100.00,4.48,insn per cycle
47.702015688,375840863,,cycles,100224715,100.00,,
47.802228137,109603,,rD044,100211815,100.00,,
47.802228137,740420,,rFF44,100211435,100.00,,
47.802228137,1670867963,,instructions,100211065,100.00,4.45,insn per cycle
47.802228137,375788689,,cycles,100210805,100.00,,
47.902439686,94835,,rD044,100195605,100.00,,
47.902439686,731389,,rFF44,100195875,100.00,,
47.902439686,1702231722,,instructions,100195965,100.00,4.53,insn per cycle
47.902439686,375712553,,cycles,100196345,100.00,,
48.002650556,102627,,rD044,100209995,100.00,,
48.002650556,745674,,rFF44,100209715,100.00,,
48.002650556,1707316075,,instructions,100209485,100.00,4.54,insn per cycle
48.002650556,375784502,,cycles,100209615,100.00,,
48.102859545,102101,,rD044,100208384,100.00,,
48.102859545,764302,,rFF44,100207755,100.00,,
48.102859545,1701637433,,instructions,100207665,100.00,4.53,insn per cycle
48.102859545,375778184,,cycles,100207985,100.00,,
48.203069214,96997,,rD044,100209215,100.00,,
48.203069214,759677,,rFF44,100210044,100.00,,
48.203069214,1712039896,,instructions,100210324,100.00,4.56,insn per cycle
48.203069214,375785224,,cycles,100209964,100.00,,
48.303280253,108336,,rD044,100209945,100.00,,
48.303280253,748325,,rFF44,100209755,100.00,,
48.303280253,1711145540,,instructions,100209495,100.00,4.55,insn per cycle
48.303280253,375788603,,cycles,100210775,100.00,,
48.403491452,94830,,rD044,100210975,100.00,,
48.403491452,768592,,rFF44,100210975,100.00,,
48.403491452,1700505329,,instructions,100211425,100.00,4.53,insn per cycle
48.403491452,375785073,,cycles,100209835,100.00,,
48.503720721,103606,,rD044,100228405,100.00,,
48.503720721,743072,,rFF44,100227985,100.00,,
48.503720721,1702818562,,instructions,100227845,100.00,4.53,insn per cycle
48.503720721,375855014,,cycles,100228495,100.00,,
48.603930750,105853,,rD044,100209075,100.00,,
48.603930750,764748,,rFF44,100208715,100.00,,
48.603930750,1699067309,,instructions,100209655,100.00,4.52,insn per cycle
48.603930750,375783750,,cycles,100209365,100.00,,
48.704141560,64202,,rD044,100210474,100.00,,
48.704141560,722957,,rFF44,100210434,100.00,,
48.704141560,1692906136,,instructions,100209954,100.00,4.50,insn per cycle
48.704141560,375784882,,cycles,100209814,100.00,,
48.804352419,105024,,rD044,100196505,100.00,,
48.804352419,738412,,rFF44,100196145,100.00,,
48.804352419,1676178111,,instructions,100195525,100.00,4.46,insn per cycle
48.804352419,375708932,,cycles,100195905,100.00,,
48.904594948,96732,,rD044,100241735,100.00,,
48.904594948,760129,,rFF44,100242995,100.00,,
48.904594948,1673781801,,instructions,100243745,100.00,4.45,insn per cycle
48.904594948,375914081,,cycles,100244145,100.00,,
49.004803977,100067,,rD044,100208425,100.00,,
49.004803977,735866,,rFF44,100209045,100.00,,
49.004803977,1654452796,,instructions,100208675,100.00,4.40,insn per cycle
49.004803977,375775867,,cycles,100207305,100.00,,
49.105012546,108973,,rD044,100208065,100.00,,
49.105012546,747137,,rFF44,100207915,100.00,,
49.105012546,1656969927,,instructions,100208955,100.00,4.41,insn per cycle
49.105012546,375788283,,cycles,100210775,100.00,,
49.205224885,93733,,rD044,100211634,100.00,,
49.205224885,732485,,rFF44,100210945,100.00,,
49.205224885,1657763800,,instructions,100209605,100.00,4.41,insn per cycle
49.205224885,375779545,,cycles,100208275,100.00,,
49.305437254,108202,,rD044,100211385,100.00,,
49.305437254,728316,,rFF44,100211554,100.00,,
49.305437254,1653855522,,instructions,100212084,100.00,4.40,insn per cycle
49.305437254,375798123,,cycles,100213404,100.00,,
49.405651034,99460,,rD044,100213205,100.00,,
49.405651034,757773,,rFF44,100213335,100.00,,
49.405651034,1653850402,,instructions,100213205,100.00,4.40,insn per cycle
49.405651034,375798223,,cycles,100213325,100.00,,
49.505863653,94697,,rD044,100212255,100.00,,
49.505863653,744611,,rFF44,100212315,100.00,,
49.505863653,1653215449,,instructions,100212755,100.00,4.40,insn per cycle
49.505863653,375794501,,cycles,100212375,100.00,,
49.606102022,108724,,rD044,100237665,100.00,,
49.606102022,735653,,rFF44,100237735,100.00,,
49.606102022,1653491739,,instructions,100236565,100.00,4.40,insn per cycle
49.606102022,375882474,,cycles,100235815,100.00,,
49.706312251,96381,,rD044,100209465,100.00,,
49.706312251,770638,,rFF44,100209095,100.00,,
49.706312251,1700609244,,instructions,100209415,100.00,4.53,insn per cycle
49.706312251,375785924,,cycles,100209965,100.00,,
49.806522780,70669,,rD044,100196284,100.00,,
49.806522780,724292,,rFF44,100195854,100.00,,
49.806522780,1719099338,,instructions,100195844,100.00,4.58,insn per cycle
49.806522780,375706441,,cycles,100194985,100.00,,
49.906746770,100613,,rD044,100223905,100.00,,
49.906746770,771055,,rFF44,100224205,100.00,,
49.906746770,1716818526,,instructions,100224915,100.00,4.57,insn per cycle
49.906746770,375842660,,cycles,100225024,100.00,,
50.006958599,95617,,rD044,100211195,100.00,,
50.006958599,747276,,rFF44,100210955,100.00,,
50.006958599,1688884919,,instructions,100210515,100.00,4.49,insn per cycle
50.006958599,375786681,,cycles,100210255,100.00,,
50.107168208,109091,,rD044,100208745,100.00,,
50.107168208,739963,,rFF44,100209215,100.00,,
50.107168208,1692145025,,instructions,100209325,100.00,4.50,insn per cycle
50.107168208,375782730,,cycles,100209215,100.00,,
50.207376547,96911,,rD044,100207525,100.00,,
50.207376547,771305,,rFF44,100206965,100.00,,
50.207376547,1713971486,,instructions,100206865,100.00,4.56,insn per cycle
50.207376547,375775748,,cycles,100207435,100.00,,
50.307585856,100466,,rD044,100209034,100.00,,
50.307585856,741731,,rFF44,100209325,100.00,,
50.307585856,1702163358,,instructions,100208935,100.00,4.53,insn per cycle
50.307585856,375779771,,cycles,100208435,100.00,,
50.407796165,105229,,rD044,100209755,100.00,,
50.407796165,755387,,rFF44,100210074,100.00,,
50.407796165,1703704478,,instructions,100210734,100.00,4.53,insn per cycle
50.407796165,375791119,,cycles,100211444,100.00,,
50.508008314,95031,,rD044,100211425,100.00,,
50.508008314,767536,,rFF44,100211125,100.00,,
50.508008314,1726926329,,instructions,100210955,100.00,4.60,insn per cycle
50.508008314,375788076,,cycles,100210645,100.00,,
50.608219193,107497,,rD044,100209675,100.00,,
50.608219193,756375,,rFF44,100210095,100.00,,
50.608219193,1724141353,,instructions,100209895,100.00,4.59,insn per cycle
50.608219193,375787094,,cycles,100210375,100.00,,
50.708429932,96466,,rD044,100210225,100.00,,
50.708429932,766461,,rFF44,100210035,100.00,,
50.708429932,1693610750,,instructions,100210295,100.00,4.51,insn per cycle
50.708429932,375784103,,cycles,100209585,100.00,,
50.808641661,99320,,rD044,100198324,100.00,,
50.808641661,736385,,rFF44,100197415,100.00,,
50.808641661,1658356413,,instructions,100197375,100.00,4.41,insn per cycle
50.808641661,375715027,,cycles,100197355,100.00,,
50.908840550,108109,,rD044,100185405,100.00,,
50.908840550,697755,,rFF44,100186604,100.00,,
50.908840550,1661426267,,instructions,100186564,100.00,4.42,insn per cycle
50.908840550,375679020,,cycles,100186834,100.00,,
51.009052979,92299,,rD044,100212205,100.00,,
51.009052979,747342,,rFF44,100212275,100.00,,
51.009052979,1656150857,,instructions,100211665,100.00,4.41,insn per cycle
51.009052979,375793054,,cycles,100211975,100.00,,
51.109262309,103923,,rD044,100208155,100.00,,
51.109262309,727786,,rFF44,100207545,100.00,,
51.109262309,1666512917,,instructions,100207665,100.00,4.43,insn per cycle
51.109262309,375778225,,cycles,100208005,100.00,,
51.209472288,101207,,rD044,100209275,100.00,,
51.209472288,741704,,rFF44,100209835,100.00,,
51.209472288,1660515374,,instructions,100210015,100.00,4.42,insn per cycle
51.209472288,375782586,,cycles,100209165,100.00,,
51.309714947,96575,,rD044,100241395,100.00,,
51.309714947,753045,,rFF44,100240625,100.00,,
51.309714947,1706968251,,instructions,100240515,100.00,4.54,insn per cycle
51.309714947,375890555,,cycles,100240595,100.00,,
51.409923226,105199,,rD044,100208474,100.00,,
51.409923226,750167,,rFF44,100208674,100.00,,
51.409923226,1694401994,,instructions,100209354,100.00,4.51,insn per cycle
51.409923226,375788686,,cycles,100210624,100.00,,
51.510169266,94007,,rD044,100245685,100.00,,
51.510169266,758124,,rFF44,100245875,100.00,,
51.510169266,1669704522,,instructions,100245565,100.00,4.44,insn per cycle
51.510169266,375914453,,cycles,100244425,100.00,,
51.610379165,73756,,rD044,100209045,100.00,,
51.610379165,697283,,rFF44,100209235,100.00,,
51.610379165,1663512687,,instructions,100209015,100.00,4.43,insn per cycle
51.610379165,375781430,,cycles,100208865,100.00,,
51.710589214,104370,,rD044,100209235,100.00,,
51.710589214,739434,,rFF44,100208865,100.00,,
51.710589214,1659772937,,instructions,100209475,100.00,4.42,insn per cycle
51.710589214,375783182,,cycles,100209255,100.00,,
51.810798223,92998,,rD044,100196195,100.00,,
51.810798223,743048,,rFF44,100196255,100.00,,
51.810798223,1666994556,,instructions,100195305,100.00,4.44,insn per cycle
51.810798223,375713645,,cycles,100196285,100.00,,
51.911010372,106706,,rD044,100211185,100.00,,
51.911010372,733867,,rFF44,100211135,100.00,,
51.911010372,1658421834,,instructions,100211325,100.00,4.41,insn per cycle
51.911010372,375789893,,cycles,100211035,100.00,,
52.011220631,99334,,rD044,100200004,100.00,,
52.011220631,755926,,rFF44,100199944,100.00,,
52.011220631,1664807471,,instructions,100200954,100.00,4.43,insn per cycle
52.011220631,375733650,,cycles,100201074,100.00,,
52.111432780,99505,,rD044,100211705,100.00,,
52.111432780,701484,,rFF44,100211925,100.00,,
52.111432780,1664816416,,instructions,100211205,100.00,4.43,insn per cycle
52.111432780,375790083,,cycles,100211075,100.00,,
52.211644039,105901,,rD044,100210555,100.00,,
52.211644039,737471,,rFF44,100210465,100.00,,
52.211644039,1657542122,,instructions,100211205,100.00,4.41,insn per cycle
52.211644039,375792126,,cycles,100211615,100.00,,
52.311856678,96414,,rD044,100211735,100.00,,
52.311856678,751594,,rFF44,100211635,100.00,,
52.311856678,1662337842,,instructions,100210485,100.00,4.42,insn per cycle
52.311856678,375786198,,cycles,100210155,100.00,,
52.412066847,103684,,rD044,100209665,100.00,,
52.412066847,735913,,rFF44,100209675,100.00,,
52.412066847,1658807465,,instructions,100209315,100.00,4.41,insn per cycle
52.412066847,375778836,,cycles,100208175,100.00,,
52.512278757,99619,,rD044,100211264,100.00,,
52.512278757,752493,,rFF44,100211464,100.00,,
52.512278757,1666533728,,instructions,100211824,100.00,4.43,insn per cycle
52.512278757,375796169,,cycles,100212884,100.00,,
52.612489326,94508,,rD044,100209725,100.00,,
52.612489326,740821,,rFF44,100209995,100.00,,
52.612489326,1659703256,,instructions,100210345,100.00,4.42,insn per cycle
52.612489326,375785560,,cycles,100209965,100.00,,
52.712717925,78457,,rD044,100227795,100.00,,
52.712717925,698373,,rFF44,100228155,100.00,,
52.712717925,1654686785,,instructions,100227835,100.00,4.40,insn per cycle
52.712717925,375855514,,cycles,100228515,100.00,,
52.812929304,95956,,rD044,100198205,100.00,,
52.812929304,760662,,rFF44,100197065,100.00,,
52.812929304,1665787052,,instructions,100197735,100.00,4.43,insn per cycle
52.812929304,375718176,,cycles,100197575,100.00,,
52.913139723,99538,,rD044,100210265,100.00,,
52.913139723,740876,,rFF44,100210475,100.00,,
52.913139723,1676408153,,instructions,100210485,100.00,4.46,insn per cycle
52.913139723,375784617,,cycles,100209545,100.00,,
53.013350932,107150,,rD044,100210464,100.00,,
53.013350932,760201,,rFF44,100210554,100.00,,
53.013350932,1706795222,,instructions,100209994,100.00,4.54,insn per cycle
53.013350932,375789919,,cycles,100211134,100.00,,
53.113596852,95002,,rD044,100244945,100.00,,
53.113596852,757905,,rFF44,100245255,100.00,,
53.113596852,1675391801,,instructions,100245605,100.00,4.46,insn per cycle
53.113596852,375915488,,cycles,100244585,100.00,,
53.213804641,103802,,rD044,100207155,100.00,,
53.213804641,733833,,rFF44,100206955,100.00,,
53.213804641,1663738735,,instructions,100206785,100.00,4.43,insn per cycle
53.213804641,375774167,,cycles,100206955,100.00,,
53.314013970,98244,,rD044,100208235,100.00,,
53.314013970,720321,,rFF44,100208435,100.00,,
53.314013970,1663857728,,instructions,100207835,100.00,4.43,insn per cycle
53.314013970,375777632,,cycles,100207815,100.00,,
53.414249879,98340,,rD044,100235735,100.00,,
53.414249879,737023,,rFF44,100235965,100.00,,
53.414249879,1658763929,,instructions,100236565,100.00,4.41,insn per cycle
53.414249879,375884082,,cycles,100236275,100.00,,
53.514460288,105943,,rD044,100209605,100.00,,
53.514460288,731018,,rFF44,100209635,100.00,,
53.514460288,1656001645,,instructions,100209815,100.00,4.41,insn per cycle
53.514460288,375786958,,cycles,100210415,100.00,,
53.614690528,92907,,rD044,100229615,100.00,,
53.614690528,750723,,rFF44,100229915,100.00,,
53.614690528,1657235190,,instructions,100229515,100.00,4.41,insn per cycle
53.614690528,375856987,,cycles,100228945,100.00,,
53.714901537,104912,,rD044,100210484,100.00,,
53.714901537,727322,,rFF44,100210294,100.00,,
53.714901537,1662995356,,instructions,100210014,100.00,4.43,insn per cycle
53.714901537,375786198,,cycles,100210134,100.00,,
53.815111636,73559,,rD044,100197155,100.00,,
53.815111636,712517,,rFF44,100196925,100.00,,
53.815111636,1685930679,,instructions,100197355,100.00,4.49,insn per cycle
53.815111636,375719680,,cycles,100197655,100.00,,
53.915321215,93466,,rD044,100208615,100.00,,
53.915321215,744137,,rFF44,100208365,100.00,,
53.915321215,1662649474,,instructions,100208285,100.00,4.42,insn per cycle
53.915321215,375779692,,cycles,100208465,100.00,,
54.015530874,105581,,rD044,100209485,100.00,,
54.015530874,728405,,rFF44,100209715,100.00,,
54.015530874,1664853772,,instructions,100209905,100.00,4.43,insn per cycle
54.015530874,375854615,,cycles,100228395,100.00,,
54.115759273,98000,,rD044,100227405,100.00,,
54.115759273,753180,,rFF44,100227105,100.00,,
54.115759273,1669764486,,instructions,100226755,100.00,4.44,insn per cycle
54.115759273,375778904,,cycles,100208275,100.00,,
54.215968672,98543,,rD044,100208734,100.00,,
54.215968672,729182,,rFF44,100208944,100.00,,
54.215968672,1658662718,,instructions,100208844,100.00,4.41,insn per cycle
54.215968672,375779643,,cycles,100208385,100.00,,
54.316177651,103356,,rD044,100208325,100.00,,
54.316177651,729878,,rFF44,100207855,100.00,,
54.316177651,1655605700,,instructions,100208385,100.00,4.41,insn per cycle
54.316177651,375780212,,cycles,100208554,100.00,,
54.416388991,94528,,rD044,100210475,100.00,,
54.416388991,711948,,rFF44,100210815,100.00,,
54.416388991,1659962141,,instructions,100210315,100.00,4.42,insn per cycle
54.416388991,375783221,,cycles,100210165,100.00,,
54.516596410,106277,,rD044,100206695,100.00,,
54.516596410,732123,,rFF44,100206785,100.00,,
54.516596410,1677240712,,instructions,100207425,100.00,4.46,insn per cycle
54.516596410,375779684,,cycles,100208405,100.00,,
54.616810519,99494,,rD044,100213345,100.00,,
54.616810519,757421,,rFF44,100213355,100.00,,
54.616810519,1652596247,,instructions,100212775,100.00,4.40,insn per cycle
54.616810519,375794791,,cycles,100212425,100.00,,
54.717021058,94506,,rD044,100209884,100.00,,
54.717021058,739534,,rFF44,100209954,100.00,,
54.717021058,1656658081,,instructions,100210224,100.00,4.41,insn per cycle
54.717021058,375785740,,cycles,100210024,100.00,,
54.817233717,109103,,rD044,100188705,100.00,,
54.817233717,730234,,rFF44,100187795,100.00,,
54.817233717,1649746496,,instructions,100187675,100.00,4.39,insn per cycle
54.817233717,375667321,,cycles,100186935,100.00,,
54.917427836,65353,,rD044,100193515,100.00,,
54.917427836,723203,,rFF44,100194565,100.00,,
54.917427836,1663775190,,instructions,100194475,100.00,4.43,insn per cycle
54.917427836,375729940,,cycles,100195045,100.00,,
55.017631585,99167,,rD044,100203465,100.00,,
55.017631585,736626,,rFF44,100203065,100.00,,
55.017631585,1665633887,,instructions,100202965,100.00,4.43,insn per cycle
55.017631585,375759813,,cycles,100203105,100.00,,
55.117845284,104250,,rD044,100213005,100.00,,
55.117845284,741373,,rFF44,100213115,100.00,,
55.117845284,1659046478,,instructions,100213315,100.00,4.41,insn per cycle
55.117845284,375797202,,cycles,100213075,100.00,,
55.218057133,100516,,rD044,100210894,100.00,,
55.218057133,743349,,rFF44,100211474,100.00,,
55.218057133,1659833293,,instructions,100211764,100.00,4.42,insn per cycle
55.218057133,375792241,,cycles,100211744,100.00,,
55.318295143,104835,,rD044,100237295,100.00,,
55.318295143,732912,,rFF44,100236925,100.00,,
55.318295143,1659322558,,instructions,100237555,100.00,4.41,insn per cycle
55.318295143,375889279,,cycles,100237525,100.00,,
55.418505532,97525,,rD044,100209605,100.00,,
55.418505532,724961,,rFF44,100209575,100.00,,
55.418505532,1668584058,,instructions,100208905,100.00,4.44,insn per cycle
55.418505532,375779704,,cycles,100209335,100.00,,
55.518746501,96255,,rD044,100240415,100.00,,
55.518746501,735470,,rFF44,100240495,100.00,,
55.518746501,1664402448,,instructions,100240155,100.00,4.43,insn per cycle
55.518746501,375899060,,cycles,100240145,100.00,,
55.618957180,105846,,rD044,100210415,100.00,,
55.618957180,731996,,rFF44,100210195,100.00,,
55.618957180,1660417172,,instructions,100210375,100.00,4.42,insn per cycle
55.618957180,375783627,,cycles,100209545,100.00,,
55.719165369,96045,,rD044,100207395,100.00,,
55.719165369,747696,,rFF44,100207425,100.00,,
55.719165369,1657927352,,instructions,100208665,100.00,4.41,insn per cycle
55.719165369,375784654,,cycles,100209725,100.00,,
55.819378418,105040,,rD044,100199274,100.00,,
55.819378418,730816,,rFF44,100198614,100.00,,
55.819378418,1661259522,,instructions,100197614,100.00,4.42,insn per cycle
55.819378418,375717715,,cycles,100196964,100.00,,
55.919588037,103391,,rD044,100208875,100.00,,
55.919588037,743646,,rFF44,100209155,100.00,,
55.919588037,1663655848,,instructions,100208715,100.00,4.43,insn per cycle
55.919588037,375783062,,cycles,100209135,100.00,,
56.019793897,63182,,rD044,100205345,100.00,,
56.019793897,712415,,rFF44,100205565,100.00,,
56.019793897,1675094983,,instructions,100205985,100.00,4.46,insn per cycle
56.019793897,375772047,,cycles,100206365,100.00,,
56.120006686,105265,,rD044,100212075,100.00,,
56.120006686,734069,,rFF44,100211975,100.00,,
56.120006686,1669574831,,instructions,100211865,100.00,4.44,insn per cycle
56.120006686,375790458,,cycles,100211355,100.00,,
56.220218605,96544,,rD044,100210975,100.00,,
56.220218605,756184,,rFF44,100210515,100.00,,
56.220218605,1665781098,,instructions,100210985,100.00,4.43,insn per cycle
56.220218605,375789250,,cycles,100210955,100.00,,
56.320429154,100319,,rD044,100210064,100.00,,
56.320429154,729659,,rFF44,100210584,100.00,,
56.320429154,1660774394,,instructions,100210274,100.00,4.42,insn per cycle
56.320429154,375785299,,cycles,100209804,100.00,,
56.420639943,102962,,rD044,100210555,100.00,,
56.420639943,736736,,rFF44,100210455,100.00,,
56.420639943,1669698295,,instructions,100210265,100.00,4.44,insn per cycle
56.420639943,375789718,,cycles,100211155,100.00,,
56.520851882,94158,,rD044,100210755,100.00,,
56.520851882,711307,,rFF44,100210895,100.00,,
56.520851882,1668401237,,instructions,100211065,100.00,4.44,insn per cycle
56.520851882,375788295,,cycles,100210705,100.00,,
56.621064191,107307,,rD044,100201634,100.00,,
56.621064191,726767,,rFF44,100201444,100.00,,
56.621064191,1657474214,,instructions,100201514,100.00,4.41,insn per cycle
56.621064191,375732172,,cycles,100200934,100.00,,
56.721275940,98280,,rD044,100211515,100.00,,
56.721275940,750166,,rFF44,100211965,100.00,,
56.721275940,1663276739,,instructions,100211785,100.00,4.43,insn per cycle
56.721275940,375794215,,cycles,100212185,100.00,,
56.821486909,95087,,rD044,100197864,100.00,,
56.821486909,728987,,rFF44,100197444,100.00,,
56.821486909,1656393031,,instructions,100197784,100.00,4.41,insn per cycle
56.821486909,375720651,,cycles,100197514,100.00,,
56.921718589,108102,,rD044,100230845,100.00,,
56.921718589,730318,,rFF44,100230505,100.00,,
56.921718589,1663426288,,instructions,100230055,100.00,4.43,insn per cycle
56.921718589,375864812,,cycles,100231065,100.00,,
57.021932048,95609,,rD044,100211995,100.00,,
57.021932048,751766,,rFF44,100213025,100.00,,
57.021932048,1669889898,,instructions,100212895,100.00,4.44,insn per cycle
57.021932048,375792744,,cycles,100212005,100.00,,
57.122143167,69919,,rD044,100201025,100.00,,
57.122143167,697128,,rFF44,100199915,100.00,,
57.122143167,1666176103,,instructions,100200095,100.00,4.43,insn per cycle
57.122143167,375729934,,cycles,100200215,100.00,,
57.222382316,101847,,rD044,100238775,100.00,,
57.222382316,738840,,rFF44,100239295,100.00,,
57.222382316,1669512601,,instructions,100239445,100.00,4.44,insn per cycle
57.222382316,375896948,,cycles,100239585,100.00,,
57.322591835,96245,,rD044,100208645,100.00,,
57.322591835,741647,,rFF44,100208755,100.00,,
57.322591835,1669682041,,instructions,100208765,100.00,4.44,insn per cycle
57.322591835,375783440,,cycles,100209315,100.00,,
57.422804975,106707,,rD044,100212374,100.00,,
57.422804975,730124,,rFF44,100212424,100.00,,
57.422804975,1662736789,,instructions,100212694,100.00,4.42,insn per cycle
57.422804975,375792109,,cycles,100211795,100.00,,
57.523015444,95277,,rD044,100209955,100.00,,
57.523015444,752383,,rFF44,100210415,100.00,,
57.523015444,1660744509,,instructions,100209745,100.00,4.42,insn per cycle
57.523015444,375784228,,cycles,100209604,100.00,,
57.623228333,100006,,rD044,100212035,100.00,,
57.623228333,727148,,rFF44,100211665,100.00,,
57.623228333,1658032501,,instructions,100212635,100.00,4.41,insn per cycle
57.623228333,375796314,,cycles,100212755,100.00,,
57.723440192,107456,,rD044,100211185,100.00,,
57.723440192,707767,,rFF44,100210855,100.00,,
57.723440192,1664893191,,instructions,100209835,100.00,4.43,insn per cycle
57.723440192,375784805,,cycles,100209775,100.00,,
57.823650891,88579,,rD044,100196125,100.00,,
57.823650891,751706,,rFF44,100196535,100.00,,
57.823650891,1660489366,,instructions,100197035,100.00,4.42,insn per cycle
57.823650891,375720045,,cycles,100197635,100.00,,
57.923861480,104969,,rD044,100209774,100.00,,
57.923861480,731015,,rFF44,100209704,100.00,,
57.923861480,1658638284,,instructions,100209284,100.00,4.41,insn per cycle
57.923861480,375781562,,cycles,100209065,100.00,,
58.024068459,98594,,rD044,100206085,100.00,,
58.024068459,753785,,rFF44,100205985,100.00,,
58.024068459,1662808784,,instructions,100205875,100.00,4.43,insn per cycle
58.024068459,375773208,,cycles,100206554,100.00,,
58.124279248,95614,,rD044,100210155,100.00,,
58.124279248,738256,,rFF44,100210435,100.00,,
58.124279248,1664246208,,instructions,100210515,100.00,4.43,insn per cycle
58.124279248,375786059,,cycles,100210215,100.00,,
58.224488337,80526,,rD044,100208945,100.00,,
58.224488337,704808,,rFF44,100208665,100.00,,
58.224488337,1663309659,,instructions,100208605,100.00,4.43,insn per cycle
58.224488337,375776102,,cycles,100208285,100.00,,
58.324716367,96618,,rD044,100227355,100.00,,
58.324716367,758695,,rFF44,100227925,100.00,,
58.324716367,1656336193,,instructions,100227995,100.00,4.41,insn per cycle
58.324716367,375845767,,cycles,100227615,100.00,,
58.424927356,101927,,rD044,100210044,100.00,,
58.424927356,748147,,rFF44,100209575,100.00,,
58.424927356,1735969585,,instructions,100209965,100.00,4.62,insn per cycle
58.424927356,375786571,,cycles,100210195,100.00,,
58.525138185,102452,,rD044,100210155,100.00,,
58.525138185,770972,,rFF44,100210104,100.00,,
58.525138185,1739697911,,instructions,100209654,100.00,4.63,insn per cycle
58.525138185,375783801,,cycles,100209614,100.00,,
58.625347574,96061,,rD044,100208815,100.00,,
58.625347574,755166,,rFF44,100208745,100.00,,
58.625347574,1710093549,,instructions,100209485,100.00,4.55,insn per cycle
58.625347574,375788226,,cycles,100210585,100.00,,
58.725572943,108934,,rD044,100224335,100.00,,
58.725572943,745716,,rFF44,100224755,100.00,,
58.725572943,1719034875,,instructions,100223825,100.00,4.57,insn per cycle
58.725572943,375834022,,cycles,100222885,100.00,,
58.825783902,130451,,rD044,100184385,100.00,,
58.825783902,818543,,rFF44,100184275,100.00,,
58.825783902,1783556607,,instructions,100185045,100.00,4.75,insn per cycle
58.825783902,375655088,,cycles,100184795,100.00,,
58.925978761,100091,,rD044,100194834,100.00,,
58.925978761,771670,,rFF44,100195445,100.00,,
58.925978761,1817317646,,instructions,100195885,100.00,4.84,insn per cycle
58.925978761,375733707,,cycles,100196055,100.00,,
59.026190080,107742,,rD044,100210455,100.00,,
59.026190080,784761,,rFF44,100209254,100.00,,
59.026190080,1826022777,,instructions,100208274,100.00,4.86,insn per cycle
59.026190080,375780333,,cycles,100208484,100.00,,
59.126412699,96738,,rD044,100221735,100.00,,
59.126412699,823074,,rFF44,100221805,100.00,,
59.126412699,1829619970,,instructions,100222205,100.00,4.87,insn per cycle
59.126412699,375830226,,cycles,100221965,100.00,,
59.226621468,108501,,rD044,100208045,100.00,,
59.226621468,782119,,rFF44,100208235,100.00,,
59.226621468,1836131626,,instructions,100207565,100.00,4.89,insn per cycle
59.226621468,375775383,,cycles,100207255,100.00,,
59.326830818,99935,,rD044,100208905,100.00,,
59.326830818,805894,,rFF44,100208935,100.00,,
59.326830818,1820657707,,instructions,100209625,100.00,4.84,insn per cycle
59.326830818,375785346,,cycles,100209905,100.00,,
59.427041237,132861,,rD044,100209365,100.00,,
59.427041237,812454,,rFF44,100209705,100.00,,
59.427041237,1816917335,,instructions,100209335,100.00,4.84,insn per cycle
59.427041237,375782038,,cycles,100209025,100.00,,
59.527250696,105674,,rD044,100209204,100.00,,
59.527250696,795121,,rFF44,100208424,100.00,,
59.527250696,1827735277,,instructions,100208064,100.00,4.86,insn per cycle
59.527250696,375780013,,cycles,100208484,100.00,,
59.627460485,97891,,rD044,100209165,100.00,,
59.627460485,783216,,rFF44,100210355,100.00,,
59.627460485,1788469275,,instructions,100210375,100.00,4.76,insn per cycle
59.627460485,375777506,,cycles,100210075,100.00,,
59.727669954,109581,,rD044,100208705,100.00,,
59.727669954,757281,,rFF44,100207785,100.00,,
59.727669954,1731946176,,instructions,100208325,100.00,4.61,insn per cycle
59.727669954,375779796,,cycles,100208565,100.00,,
59.827877053,98074,,rD044,100193595,100.00,,
59.827877053,762584,,rFF44,100194435,100.00,,
59.827877053,1690980974,,instructions,100194155,100.00,4.50,insn per cycle
59.827877053,375708035,,cycles,100194525,100.00,,
59.928088752,102148,,rD044,100211114,100.00,,
59.928088752,744363,,rFF44,100210835,100.00,,
59.928088752,1696347861,,instructions,100211965,100.00,4.51,insn per cycle
59.928088752,375790667,,cycles,100211435,100.00,,
60.028299171,102222,,rD044,100210015,100.00,,
60.028299171,760563,,rFF44,100209034,100.00,,
60.028299171,1713655306,,instructions,100208164,100.00,4.56,insn per cycle
60.028299171,375780826,,cycles,100208604,100.00,,
60.128511200,66391,,rD044,100210775,100.00,,
60.128511200,711020,,rFF44,100211325,100.00,,
60.128511200,1685625078,,instructions,100211505,100.00,4.49,insn per cycle
60.128511200,375790147,,cycles,100211295,100.00,,
60.228740470,107362,,rD044,100229015,100.00,,
60.228740470,728918,,rFF44,100229175,100.00,,
60.228740470,1679356488,,instructions,100229035,100.00,4.47,insn per cycle
60.228740470,375861869,,cycles,100230315,100.00,,
60.328953069,95463,,rD044,100211805,100.00,,
60.328953069,762687,,rFF44,100211945,100.00,,
60.328953069,1692403630,,instructions,100212145,100.00,4.50,insn per cycle
60.328953069,375789704,,cycles,100211065,100.00,,
60.429164028,102156,,rD044,100210115,100.00,,
60.429164028,706041,,rFF44,100209935,100.00,,
60.429164028,1675820001,,instructions,100209915,100.00,4.46,insn per cycle
60.429164028,375784201,,cycles,100209615,100.00,,
60.529376197,108101,,rD044,100211834,100.00,,
60.529376197,763531,,rFF44,100212324,100.00,,
60.529376197,1722508053,,instructions,100212154,100.00,4.58,insn per cycle
60.529376197,375792505,,cycles,100211824,100.00,,
60.629586166,96164,,rD044,100209225,100.00,,
60.629586166,780027,,rFF44,100208805,100.00,,
60.629586166,1756075095,,instructions,100208985,100.00,4.67,insn per cycle
60.629586166,375782806,,cycles,100209225,100.00,,
60.729798445,106325,,rD044,100211185,100.00,,
60.729798445,751454,,rFF44,100211125,100.00,,
60.729798445,1718122402,,instructions,100211185,100.00,4.57,insn per cycle
60.729798445,375790170,,cycles,100211115,100.00,,
60.830007524,99091,,rD044,100197015,100.00,,
60.830007524,758168,,rFF44,100196385,100.00,,
60.830007524,1681567753,,instructions,100196655,100.00,4.48,insn per cycle
60.830007524,375716536,,cycles,100196815,100.00,,
60.930219423,99744,,rD044,100210865,100.00,,
60.930219423,734246,,rFF44,100211535,100.00,,
60.930219423,1683480560,,instructions,100211325,100.00,4.48,insn per cycle
60.930219423,375791147,,cycles,100211615,100.00,,
61.030443853,107150,,rD044,100223684,100.00,,
61.030443853,770772,,rFF44,100224184,100.00,,
61.030443853,1754103661,,instructions,100224214,100.00,4.67,insn per cycle
61.030443853,375837906,,cycles,100223925,100.00,,
61.130654592,96674,,rD044,100210385,100.00,,
61.130654592,775312,,rFF44,100209705,100.00,,
61.130654592,1743776750,,instructions,100208885,100.00,4.64,insn per cycle
61.130654592,375780330,,cycles,100208564,100.00,,
61.230865591,88091,,rD044,100209985,100.00,,
61.230865591,701580,,rFF44,100210275,100.00,,
61.230865591,1656336923,,instructions,100210775,100.00,4.41,insn per cycle
61.230865591,375790228,,cycles,100211115,100.00,,
61.331075450,90707,,rD044,100209635,100.00,,
61.331075450,738452,,rFF44,100209685,100.00,,
61.331075450,1660504158,,instructions,100210065,100.00,4.42,insn per cycle
61.331075450,375785551,,cycles,100209945,100.00,,
61.431285119,98223,,rD044,100208755,100.00,,
61.431285119,732332,,rFF44,100208605,100.00,,
61.431285119,1664721420,,instructions,100209015,100.00,4.43,insn per cycle
61.431285119,375785705,,cycles,100210135,100.00,,
61.531496058,109129,,rD044,100210034,100.00,,
61.531496058,749289,,rFF44,100210454,100.00,,
61.531496058,1703631028,,instructions,100209524,100.00,4.53,insn per cycle
61.531496058,375784710,,cycles,100209735,100.00,,
61.631730317,95983,,rD044,100233675,100.00,,
61.631730317,758033,,rFF44,100233585,100.00,,
61.631730317,1689412651,,instructions,100233275,100.00,4.49,insn per cycle
61.631730317,375867943,,cycles,100231944,100.00,,
61.731941066,103283,,rD044,100209955,100.00,,
61.731941066,703948,,rFF44,100209515,100.00,,
61.731941066,1695233997,,instructions,100210315,100.00,4.51,insn per cycle
61.731941066,375788045,,cycles,100210635,100.00,,
61.832153336,100946,,rD044,100198605,100.00,,
61.832153336,751195,,rFF44,100198105,100.00,,
61.832153336,1676116800,,instructions,100198495,100.00,4.46,insn per cycle
61.832153336,375724381,,cycles,100198795,100.00,,
61.932362115,98074,,rD044,100207415,100.00,,
61.932362115,746609,,rFF44,100208255,100.00,,
61.932362115,1696326118,,instructions,100207425,100.00,4.51,insn per cycle
61.932362115,375777347,,cycles,100207855,100.00,,
62.032571894,107282,,rD044,100209045,100.00,,
62.032571894,757398,,rFF44,100208925,100.00,,
62.032571894,1739577111,,instructions,100209155,100.00,4.63,insn per cycle
62.032571894,375780633,,cycles,100208575,100.00,,
62.132780223,96003,,rD044,100207864,100.00,,
62.132780223,779475,,rFF44,100208154,100.00,,
62.132780223,1745703377,,instructions,100208134,100.00,4.65,insn per cycle
62.132780223,375776976,,cycles,100207694,100.00,,
62.232992312,109156,,rD044,100201565,100.00,,
62.232992312,753874,,rFF44,100200565,100.00,,
62.232992312,1734460576,,instructions,100201355,100.00,4.62,insn per cycle
62.232992312,375729651,,cycles,100201455,100.00,,
62.333212921,72745,,rD044,100219915,100.00,,
62.333212921,723071,,rFF44,100221085,100.00,,
62.333212921,1698275766,,instructions,100219935,100.00,4.52,insn per cycle
62.333212921,375820208,,cycles,100219955,100.00,,
62.433424100,96129,,rD044,100210685,100.00,,
62.433424100,758298,,rFF44,100209715,100.00,,
62.433424100,1735919785,,instructions,100210455,100.00,4.62,insn per cycle
62.433424100,375789959,,cycles,100211035,100.00,,
62.533636079,107411,,rD044,100211555,100.00,,
62.533636079,760844,,rFF44,100211835,100.00,,
62.533636079,1746521477,,instructions,100211915,100.00,4.65,insn per cycle
62.533636079,375794676,,cycles,100212495,100.00,,
62.633846498,96799,,rD044,100209424,100.00,,
62.633846498,771154,,rFF44,100209274,100.00,,
62.633846498,1716027467,,instructions,100208654,100.00,4.57,insn per cycle
62.633846498,375776463,,cycles,100207544,100.00,,
62.734054047,108031,,rD044,100206895,100.00,,
62.734054047,754953,,rFF44,100207305,100.00,,
62.734054047,1761712568,,instructions,100207515,100.00,4.69,insn per cycle
62.734054047,375774654,,cycles,100207065,100.00,,
62.834263877,100496,,rD044,100187984,100.00,,
62.834263877,767739,,rFF44,100187594,100.00,,
62.834263877,1705991484,,instructions,100187664,100.00,4.54,insn per cycle
62.834263877,375672781,,cycles,100188224,100.00,,
62.934492676,98644,,rD044,100228015,100.00,,
62.934492676,764601,,rFF44,100229185,100.00,,
62.934492676,1741058255,,instructions,100228565,100.00,4.63,insn per cycle
62.934492676,375855448,,cycles,100228505,100.00,,
63.034725105,110740,,rD044,100231605,100.00,,
63.034725105,754152,,rFF44,100230665,100.00,,
63.034725105,1705608244,,instructions,100230895,100.00,4.54,insn per cycle
63.034725105,375863107,,cycles,100230575,100.00,,
63.134936084,94728,,rD044,100210725,100.00,,
63.134936084,720057,,rFF44,100210815,100.00,,
63.134936084,1668967390,,instructions,100211365,100.00,4.44,insn per cycle
63.134936084,375790837,,cycles,100211455,100.00,,
63.235145683,104166,,rD044,100208124,100.00,,
63.235145683,733912,,rFF44,100207624,100.00,,
63.235145683,1665805569,,instructions,100207644,100.00,4.43,insn per cycle
63.235145683,375779874,,cycles,100208444,100.00,,
63.335357222,103068,,rD044,100211495,100.00,,
63.335357222,753256,,rFF44,100211585,100.00,,
63.335357222,1666049397,,instructions,100210775,100.00,4.43,insn per cycle
63.335357222,375785201,,cycles,100209875,100.00,,
63.435568721,96838,,rD044,100210755,100.00,,
63.435568721,747105,,rFF44,100210795,100.00,,
63.435568721,1705974910,,instructions,100211255,100.00,4.54,insn per cycle
63.435568721,375791628,,cycles,100211475,100.00,,
63.535778241,75241,,rD044,100208905,100.00,,
63.535778241,706391,,rFF44,100209035,100.00,,
63.535778241,1711143606,,instructions,100209385,100.00,4.55,insn per cycle
63.535778241,375781671,,cycles,100208965,100.00,,
63.635987128,97284,,rD044,100207915,100.00,,
63.635987128,766496,,rFF44,100207295,100.00,,
63.635987128,1719712527,,instructions,100207005,100.00,4.58,insn per cycle
63.635987128,375774975,,cycles,100207095,100.00,,
63.736198965,108489,,rD044,100211724,100.00,,
63.736198965,757698,,rFF44,100212294,100.00,,
63.736198965,1735052360,,instructions,100211934,100.00,4.62,insn per cycle
63.736198965,375795434,,cycles,100212724,100.00,,
63.836411503,101889,,rD044,100200565,100.00,,
63.836411503,767003,,rFF44,100200115,100.00,,
63.836411503,1729879873,,instructions,100200115,100.00,4.60,insn per cycle
63.836411503,375726116,,cycles,100200265,100.00,,
63.936622351,96817,,rD044,100210205,100.00,,
63.936622351,748205,,rFF44,100210365,100.00,,
63.936622351,1735831675,,instructions,100210295,100.00,4.62,insn per cycle
63.936622351,375785867,,cycles,100209875,100.00,,
64.036832368,109847,,rD044,100209265,100.00,,
64.036832368,749769,,rFF44,100210025,100.00,,
64.036832368,1737433359,,instructions,100210485,100.00,4.62,insn per cycle
64.036832368,375786239,,cycles,100210135,100.00,,
64.137043246,96761,,rD044,100209605,100.00,,
64.137043246,770982,,rFF44,100209635,100.00,,
64.137043246,1739539357,,instructions,100209745,100.00,4.63,insn per cycle
64.137043246,375785196,,cycles,100209975,100.00,,
64.237254254,107145,,rD044,100211074,100.00,,
64.237254254,734519,,rFF44,100210664,100.00,,
64.237254254,1692289833,,instructions,100209984,100.00,4.50,insn per cycle
64.237254254,375784921,,cycles,100209714,100.00,,
64.337465081,102571,,rD044,100209995,100.00,,
64.337465081,731423,,rFF44,100210335,100.00,,
64.337465081,1719205264,,instructions,100210695,100.00,4.57,insn per cycle
64.337465081,375788693,,cycles,100210875,100.00,,
64.437696599,100634,,rD044,100230865,100.00,,
64.437696599,790860,,rFF44,100231315,100.00,,
64.437696599,1806727472,,instructions,100231835,100.00,4.81,insn per cycle
64.437696599,375867014,,cycles,100231585,100.00,,
64.537909177,114576,,rD044,100211755,100.00,,
64.537909177,788326,,rFF44,100211385,100.00,,
64.537909177,1810113854,,instructions,100210865,100.00,4.82,insn per cycle
64.537909177,375789541,,cycles,100211135,100.00,,
64.638120934,99380,,rD044,100211115,100.00,,
64.638120934,844805,,rFF44,100211055,100.00,,
64.638120934,1834337192,,instructions,100211035,100.00,4.88,insn per cycle
64.638120934,375788212,,cycles,100210685,100.00,,
64.738331382,110082,,rD044,100210054,100.00,,
64.738331382,799852,,rFF44,100209944,100.00,,
64.738331382,1844516858,,instructions,100209964,100.00,4.91,insn per cycle
64.738331382,375789028,,cycles,100210885,100.00,,
64.838575370,99756,,rD044,100227285,100.00,,
64.838575370,772408,,rFF44,100227185,100.00,,
64.838575370,1763973866,,instructions,100227185,100.00,4.69,insn per cycle
64.838575370,375828756,,cycles,100227474,100.00,,
64.938787088,108970,,rD044,100211605,100.00,,
64.938787088,768515,,rFF44,100211375,100.00,,
64.938787088,1721766221,,instructions,100211295,100.00,4.58,insn per cycle
64.938787088,375788344,,cycles,100210635,100.00,,
65.038996235,103867,,rD044,100208305,100.00,,
65.038996235,776257,,rFF44,100208065,100.00,,
65.038996235,1717090605,,instructions,100208105,100.00,4.57,insn per cycle
65.038996235,375777801,,cycles,100207775,100.00,,
65.139207503,97836,,rD044,100210515,100.00,,
65.139207503,770158,,rFF44,100210625,100.00,,
65.139207503,1720461621,,instructions,100210325,100.00,4.58,insn per cycle
65.139207503,375786567,,cycles,100210355,100.00,,
65.239418281,114119,,rD044,100209975,100.00,,
65.239418281,776709,,rFF44,100210325,100.00,,
65.239418281,1785096777,,instructions,100210815,100.00,4.75,insn per cycle
65.239418281,375788833,,cycles,100210725,100.00,,
65.339629838,97337,,rD044,100211164,100.00,,
65.339629838,788431,,rFF44,100210724,100.00,,
65.339629838,1758596802,,instructions,100211244,100.00,4.68,insn per cycle
65.339629838,375790485,,cycles,100211394,100.00,,
65.439840126,76679,,rD044,100209705,100.00,,
65.439840126,739791,,rFF44,100209975,100.00,,
65.439840126,1762562249,,instructions,100209445,100.00,4.69,insn per cycle
65.439840126,375783251,,cycles,100209255,100.00,,
65.540049464,100105,,rD044,100208375,100.00,,
65.540049464,789615,,rFF44,100207845,100.00,,
65.540049464,1727960243,,instructions,100207955,100.00,4.60,insn per cycle
65.540049464,375779543,,cycles,100208345,100.00,,
65.640260641,105030,,rD044,100210585,100.00,,
65.640260641,771380,,rFF44,100211295,100.00,,
65.640260641,1772433276,,instructions,100210685,100.00,4.72,insn per cycle
65.640260641,375787724,,cycles,100210655,100.00,,
65.740473189,108537,,rD044,100211895,100.00,,
65.740473189,787511,,rFF44,100210965,100.00,,
65.740473189,1772127891,,instructions,100212435,100.00,4.72,insn per cycle
65.740473189,375794224,,cycles,100212275,100.00,,
65.840703357,98206,,rD044,100217454,100.00,,
65.840703357,778080,,rFF44,100218025,100.00,,
65.840703357,1750330166,,instructions,100216625,100.00,4.66,insn per cycle
65.840703357,375790660,,cycles,100216735,100.00,,
65.940914794,112149,,rD044,100210905,100.00,,
65.940914794,711937,,rFF44,100211064,100.00,,
65.940914794,1714299861,,instructions,100211144,100.00,4.56,insn per cycle
65.940914794,375789527,,cycles,100210854,100.00,,
66.041124962,97320,,rD044,100209305,100.00,,
66.041124962,771994,,rFF44,100209205,100.00,,
66.041124962,1700441968,,instructions,100209865,100.00,4.53,insn per cycle
66.041124962,375787657,,cycles,100210495,100.00,,
66.141338440,105103,,rD044,100212835,100.00,,
66.141338440,747678,,rFF44,100212845,100.00,,
66.141338440,1679891580,,instructions,100213155,100.00,4.47,insn per cycle
66.141338440,375794338,,cycles,100212325,100.00,,
66.241549897,106819,,rD044,100227905,100.00,,
66.241549897,764864,,rFF44,100228045,100.00,,
66.241549897,1676228621,,instructions,100227225,100.00,4.46,insn per cycle
66.241549897,375847714,,cycles,100227385,100.00,,
66.341777405,65854,,rD044,100209965,100.00,,
66.341777405,718536,,rFF44,100209485,100.00,,
66.341777405,1683075917,,instructions,100209675,100.00,4.48,insn per cycle
66.341777405,375784942,,cycles,100209795,100.00,,
66.441988913,108993,,rD044,100210754,100.00,,
66.441988913,746971,,rFF44,100211464,100.00,,
66.441988913,1675814431,,instructions,100211704,100.00,4.46,insn per cycle
66.441988913,375792457,,cycles,100211894,100.00,,
66.542198950,98735,,rD044,100209315,100.00,,
66.542198950,768685,,rFF44,100209445,100.00,,
66.542198950,1683463657,,instructions,100209945,100.00,4.48,insn per cycle
66.542198950,375786087,,cycles,100210115,100.00,,
66.642425178,104467,,rD044,100225665,100.00,,
66.642425178,716612,,rFF44,100225755,100.00,,
66.642425178,1689245046,,instructions,100225465,100.00,4.49,insn per cycle
66.642425178,375843051,,cycles,100225295,100.00,,
66.742632676,103172,,rD044,100206655,100.00,,
66.742632676,766682,,rFF44,100206185,100.00,,
66.742632676,1684295443,,instructions,100205595,100.00,4.48,insn per cycle
66.742632676,375768274,,cycles,100205365,100.00,,
66.842841563,100598,,rD044,100185444,100.00,,
66.842841563,764718,,rFF44,100185324,100.00,,
66.842841563,1717433133,,instructions,100186154,100.00,4.57,insn per cycle
66.842841563,375663260,,cycles,100185944,100.00,,
66.943048611,107825,,rD044,100207144,100.00,,
66.943048611,775788,,rFF44,100207094,100.00,,
66.943048611,1756675980,,instructions,100206094,100.00,4.67,insn per cycle
66.943048611,375772456,,cycles,100206354,100.00,,
67.043257869,100669,,rD044,100208565,100.00,,
67.043257869,782147,,rFF44,100208915,100.00,,
67.043257869,1753138366,,instructions,100209515,100.00,4.67,insn per cycle
67.043257869,375784586,,cycles,100209735,100.00,,
67.143469436,81608,,rD044,100210765,100.00,,
67.143469436,725954,,rFF44,100210555,100.00,,
67.143469436,1719523503,,instructions,100209875,100.00,4.58,insn per cycle
67.143469436,375784833,,cycles,100209775,100.00,,
67.243712924,99793,,rD044,100242725,100.00,,
67.243712924,784663,,rFF44,100243005,100.00,,
67.243712924,1713200982,,instructions,100243715,100.00,4.56,insn per cycle
67.243712924,375913841,,cycles,100244175,100.00,,
67.343925542,101790,,rD044,100201935,100.00,,
67.343925542,751622,,rFF44,100201285,100.00,,
67.343925542,1706445144,,instructions,100201005,100.00,4.54,insn per cycle
67.343925542,375727074,,cycles,100200035,100.00,,
67.444136500,109099,,rD044,100210495,100.00,,
67.444136500,783374,,rFF44,100210395,100.00,,
67.444136500,1754175369,,instructions,100210305,100.00,4.67,insn per cycle
67.444136500,375789702,,cycles,100211825,100.00,,
67.544347817,97978,,rD044,100210234,100.00,,
67.544347817,772689,,rFF44,100211064,100.00,,
67.544347817,1739483656,,instructions,100211424,100.00,4.63,insn per cycle
67.544347817,375787229,,cycles,100210404,100.00,,
67.644577605,105682,,rD044,100228785,100.00,,
67.644577605,744792,,rFF44,100228315,100.00,,
67.644577605,1691240030,,instructions,100228235,100.00,4.50,insn per cycle
67.644577605,375853957,,cycles,100228215,100.00,,
67.744787913,97049,,rD044,100210345,100.00,,
67.744787913,737388,,rFF44,100210535,100.00,,
67.744787913,1700267251,,instructions,100210285,100.00,4.52,insn per cycle
67.744787913,375786752,,cycles,100210175,100.00,,
67.845000400,108592,,rD044,100198045,100.00,,
67.845000400,759579,,rFF44,100198105,100.00,,
67.845000400,1727850584,,instructions,100198555,100.00,4.60,insn per cycle
67.845000400,375718690,,cycles,100199915,100.00,,
67.945212878,103325,,rD044,100212015,100.00,,
67.945212878,781134,,rFF44,100211955,100.00,,
67.945212878,1737005584,,instructions,100211755,100.00,4.62,insn per cycle
67.945212878,375791285,,cycles,100211315,100.00,,
68.045425026,98301,,rD044,100211454,100.00,,
68.045425026,753240,,rFF44,100211675,100.00,,
68.045425026,1701906392,,instructions,100212095,100.00,4.53,insn per cycle
68.045425026,375795732,,cycles,100212705,100.00,,
68.145637283,81955,,rD044,100211535,100.00,,
68.145637283,722348,,rFF44,100211614,100.00,,
68.145637283,1711555293,,instructions,100211374,100.00,4.55,insn per cycle
68.145637283,375786775,,cycles,100210284,100.00,,
68.245848001,95387,,rD044,100209945,100.00,,
68.245848001,760212,,rFF44,100209375,100.00,,
68.245848001,1688447230,,instructions,100209025,100.00,4.49,insn per cycle
68.245848001,375780661,,cycles,100208755,100.00,,
68.346056789,108620,,rD044,100208145,100.00,,
68.346056789,742027,,rFF44,100208445,100.00,,
68.346056789,1689267703,,instructions,100208745,100.00,4.50,insn per cycle
68.346056789,375782026,,cycles,100209025,100.00,,
68.446268906,103752,,rD044,100211595,100.00,,
68.446268906,771175,,rFF44,100211915,100.00,,
68.446268906,1709786245,,instructions,100211465,100.00,4.55,insn per cycle
68.446268906,375790825,,cycles,100211265,100.00,,
68.546506784,97475,,rD044,100236925,100.00,,
68.546506784,714030,,rFF44,100236865,100.00,,
68.546506784,1686410914,,instructions,100236735,100.00,4.49,insn per cycle
68.546506784,375884067,,cycles,100236335,100.00,,
68.646734782,107617,,rD044,100227504,100.00,,
68.646734782,752339,,rFF44,100227255,100.00,,
68.646734782,1699002848,,instructions,100227495,100.00,4.52,insn per cycle
68.646734782,375854320,,cycles,100228175,100.00,,
68.746946709,97599,,rD044,100211495,100.00,,
68.746946709,755395,,rFF44,100211344,100.00,,
68.746946709,1675704235,,instructions,100212094,100.00,4.46,insn per cycle
68.746946709,375791875,,cycles,100211674,100.00,,
68.847156887,76180,,rD044,100196225,100.00,,
68.847156887,714645,,rFF44,100195855,100.00,,
68.847156887,1693383143,,instructions,100194935,100.00,4.51,insn per cycle
68.847156887,375707597,,cycles,100195045,100.00,,
68.947366315,99815,,rD044,100208905,100.00,,
68.947366315,765932,,rFF44,100209195,100.00,,
68.947366315,1686453791,,instructions,100209425,100.00,4.49,insn per cycle
68.947366315,375783567,,cycles,100209265,100.00,,
69.047576862,102833,,rD044,100210115,100.00,,
69.047576862,743835,,rFF44,100210215,100.00,,
69.047576862,1683125995,,instructions,100209925,100.00,4.48,insn per cycle
69.047576862,375786309,,cycles,100210245,100.00,,
69.147786460,105889,,rD044,100209194,100.00,,
69.147786460,752094,,rFF44,100209645,100.00,,
69.147786460,1695905509,,instructions,100209895,100.00,4.51,insn per cycle
69.147786460,375784885,,cycles,100210285,100.00,,
69.247996698,97030,,rD044,100209725,100.00,,
69.247996698,720139,,rFF44,100209544,100.00,,
69.247996698,1686455887,,instructions,100209814,100.00,4.49,insn per cycle
69.247996698,375780957,,cycles,100208824,100.00,,
69.348208905,110079,,rD044,100211025,100.00,,
69.348208905,740845,,rFF44,100210855,100.00,,
69.348208905,1689361925,,instructions,100210595,100.00,4.50,insn per cycle
69.348208905,375788728,,cycles,100210725,100.00,,
69.448420603,96607,,rD044,100211545,100.00,,
69.448420603,761765,,rFF44,100210725,100.00,,
69.448420603,1675969742,,instructions,100211275,100.00,4.46,insn per cycle
69.448420603,375792293,,cycles,100211775,100.00,,
69.548631561,73718,,rD044,100210045,100.00,,
69.548631561,707692,,rFF44,100210525,100.00,,
69.548631561,1686659080,,instructions,100209855,100.00,4.49,insn per cycle
69.548631561,375783836,,cycles,100209495,100.00,,
69.648838378,950307,,rD044,100206594,100.00,,
69.648838378,11170843,,rFF44,100206754,100.00,,
69.648838378,1718465536,,instructions,100207105,100.00,4.57,insn per cycle
69.648838378,375775473,,cycles,100207255,100.00,,
69.749048196,2461528,,rD044,100209295,100.00,,
69.749048196,33467179,,rFF44,100209665,100.00,,
69.749048196,1620825942,,instructions,100209564,100.00,4.31,insn per cycle
69.749048196,375783520,,cycles,100209424,100.00,,
69.849258293,2100355,,rD044,100193015,100.00,,
69.849258293,30206785,,rFF44,100192565,100.00,,
69.849258293,1764401412,,instructions,100192555,100.00,4.70,insn per cycle
69.849258293,375701830,,cycles,100192955,100.00,,
69.949470191,1222251,,rD044,100211285,100.00,,
69.949470191,27718548,,rFF44,100211335,100.00,,
69.949470191,1649973230,,instructions,100210865,100.00,4.39,insn per cycle
69.949470191,375788824,,cycles,100210855,100.00,,
70.049695469,1193773,,rD044,100224525,100.00,,
70.049695469,21678412,,rFF44,100224475,100.00,,
70.049695469,1223879639,,instructions,100224845,100.00,3.26,insn per cycle
70.049695469,375841834,,cycles,100224865,100.00,,
70.149906627,47679,,rD044,100210295,100.00,,
70.149906627,7070152,,rFF44,100210345,100.00,,
70.149906627,637779392,,instructions,100210155,100.00,1.70,insn per cycle
70.149906627,375784345,,cycles,100209745,100.00,,
70.250113864,537448,,rD044,100207194,100.00,,
70.250113864,15610314,,rFF44,100207514,100.00,,
70.250113864,1021102869,,instructions,100207864,100.00,2.72,insn per cycle
70.250113864,375776965,,cycles,100207574,100.00,,
70.350325392,66981,,rD044,100210525,100.00,,
70.350325392,8314026,,rFF44,100209885,100.00,,
70.350325392,685423002,,instructions,100209705,100.00,1.82,insn per cycle
70.350325392,375784850,,cycles,100209765,100.00,,
70.450548680,96731,,rD044,100241375,100.00,,
70.450548680,7812489,,rFF44,100242195,100.00,,
70.450548680,664490020,,instructions,100242315,100.00,1.77,insn per cycle
70.450548680,375909990,,cycles,100243155,100.00,,
70.550780687,90690,,rD044,100212405,100.00,,
70.550780687,8646111,,rFF44,100212365,100.00,,
70.550780687,697733235,,instructions,100211935,100.00,1.86,insn per cycle
70.550780687,375792866,,cycles,100212025,100.00,,
70.650992385,41082,,rD044,100211185,100.00,,
70.650992385,6913278,,rFF44,100211135,100.00,,
70.650992385,622556779,,instructions,100210625,100.00,1.66,insn per cycle
70.650992385,375786997,,cycles,100210345,100.00,,
70.751196853,245650,,rD044,100203964,100.00,,
70.751196853,9675302,,rFF44,100203334,100.00,,
70.751196853,729763843,,instructions,100204424,100.00,1.94,insn per cycle
70.751196853,375763551,,cycles,100204095,100.00,,
70.851404780,122160,,rD044,100179385,100.00,,
70.851404780,9152259,,rFF44,100179795,100.00,,
70.851404780,715603237,,instructions,100179495,100.00,1.91,insn per cycle
70.851404780,375639069,,cycles,100180234,100.00,,
70.951608218,35272,,rD044,100202885,100.00,,
70.951608218,6790311,,rFF44,100202775,100.00,,
70.951608218,623084710,,instructions,100202535,100.00,1.66,insn per cycle
70.951608218,375754022,,cycles,100201455,100.00,,
71.051815295,68276,,rD044,100206695,100.00,,
71.051815295,8955673,,rFF44,100206715,100.00,,
71.051815295,713171856,,instructions,100207145,100.00,1.90,insn per cycle
71.051815295,375774596,,cycles,100207055,100.00,,
71.152024183,34777,,rD044,100208085,100.00,,
71.152024183,6760059,,rFF44,100207865,100.00,,
71.152024183,627389486,,instructions,100207895,100.00,1.67,insn per cycle
71.152024183,375778598,,cycles,100208205,100.00,,
71.252233621,39129,,rD044,100209034,100.00,,
71.252233621,7194515,,rFF44,100209534,100.00,,
71.252233621,619236591,,instructions,100209354,100.00,1.65,insn per cycle
71.252233621,375782728,,cycles,100209214,100.00,,
71.352444298,1284176,,rD044,100209785,100.00,,
71.352444298,19993749,,rFF44,100209425,100.00,,
71.352444298,1077044533,,instructions,100208805,100.00,2.87,insn per cycle
71.352444298,375783029,,cycles,100209295,100.00,,
71.452655356,706212,,rD044,100210575,100.00,,
71.452655356,18653928,,rFF44,100211095,100.00,,
71.452655356,1231795285,,instructions,100212585,100.00,3.28,insn per cycle
71.452655356,375794815,,cycles,100212335,100.00,,
71.552870014,884749,,rD044,100213825,100.00,,
71.552870014,20335745,,rFF44,100213595,100.00,,
71.552870014,1088757581,,instructions,100212525,100.00,2.90,insn per cycle
71.552870014,375798848,,cycles,100213605,100.00,,
71.653083401,46290,,rD044,100212985,100.00,,
71.653083401,7279996,,rFF44,100212355,100.00,,
71.653083401,636044408,,instructions,100212805,100.00,1.69,insn per cycle
71.653083401,375791429,,cycles,100211525,100.00,,
71.753292219,44743,,rD044,100207204,100.00,,
71.753292219,7204658,,rFF44,100207494,100.00,,
71.753292219,622367941,,instructions,100207054,100.00,1.66,insn per cycle
71.753292219,375775026,,cycles,100207164,100.00,,
71.853500827,16874,,rD044,100194265,100.00,,
71.853500827,6557534,,rFF44,100194055,100.00,,
71.853500827,604821378,,instructions,100193735,100.00,1.61,insn per cycle
71.853500827,375704984,,cycles,100193905,100.00,,
71.953740674,10406,,rD044,100229155,100.00,,
71.953740674,6795108,,rFF44,100228205,100.00,,
71.953740674,621323432,,instructions,100228815,100.00,1.65,insn per cycle
71.953740674,375838108,,cycles,100228775,100.00,,
72.053949312,243394,,rD044,100207945,100.00,,
72.053949312,10191383,,rFF44,100209995,100.00,,
72.053949312,751977687,,instructions,100210095,100.00,2.00,insn per cycle
72.053949312,375786682,,cycles,100210265,100.00,,
72.154159300,112575,,rD044,100209505,100.00,,
72.154159300,7885787,,rFF44,100208705,100.00,,
72.154159300,655729901,,instructions,100208355,100.00,1.74,insn per cycle
72.154159300,375779049,,cycles,100208235,100.00,,
72.254366877,44042,,rD044,100207464,100.00,,
72.254366877,7347715,,rFF44,100207944,100.00,,
72.254366877,644577536,,instructions,100207675,100.00,1.72,insn per cycle
72.254366877,375775340,,cycles,100207245,100.00,,
72.354603895,62062,,rD044,100235985,100.00,,
72.354603895,8212034,,rFF44,100235145,100.00,,
72.354603895,692014705,,instructions,100234934,100.00,1.84,insn per cycle
72.354603895,375883325,,cycles,100236034,100.00,,
72.454813033,582721,,rD044,100196915,100.00,,
72.454813033,13743920,,rFF44,100196655,100.00,,
72.454813033,863444434,,instructions,100197405,100.00,2.30,insn per cycle
72.454813033,375717797,,cycles,100197065,100.00,,
72.555026621,497230,,rD044,100212715,100.00,,
72.555026621,13811248,,rFF44,100213465,100.00,,
72.555026621,881442983,,instructions,100213445,100.00,2.35,insn per cycle
72.555026621,375798821,,cycles,100213495,100.00,,
72.655236288,562804,,rD044,100208755,100.00,,
72.655236288,14078221,,rFF44,100208305,100.00,,
72.655236288,901331883,,instructions,100207685,100.00,2.40,insn per cycle
72.655236288,375774738,,cycles,100207085,100.00,,
72.755443596,274171,,rD044,100206935,100.00,,
72.755443596,11467350,,rFF44,100207455,100.00,,
72.755443596,823951473,,instructions,100207465,100.00,2.19,insn per cycle
72.755443596,375775713,,cycles,100207255,100.00,,
72.855650463,52143,,rD044,100191404,100.00,,
72.855650463,7495140,,rFF44,100191394,100.00,,
72.855650463,647513331,,instructions,100192414,100.00,1.72,insn per cycle
72.855650463,375704707,,cycles,100193934,100.00,,
72.955859271,183680,,rD044,100208765,100.00,,
72.955859271,8909366,,rFF44,100208295,100.00,,
72.955859271,696518740,,instructions,100207285,100.00,1.85,insn per cycle
72.955859271,375771165,,cycles,100206135,100.00,,
73.056068449,26894,,rD044,100208115,100.00,,
73.056068449,6865761,,rFF44,100208965,100.00,,
73.056068449,625039462,,instructions,100209295,100.00,1.66,insn per cycle
73.056068449,375783989,,cycles,100209545,100.00,,
73.156280806,31645,,rD044,100211775,100.00,,
73.156280806,7116548,,rFF44,100210795,100.00,,
73.156280806,617878815,,instructions,100210505,100.00,1.64,insn per cycle
73.156280806,375788035,,cycles,100210625,100.00,,
73.256491414,97742,,rD044,100209535,100.00,,
73.256491414,8709057,,rFF44,100210055,100.00,,
73.256491414,672182104,,instructions,100209835,100.00,1.79,insn per cycle
73.256491414,375784070,,cycles,100209575,100.00,,
73.356720752,160353,,rD044,100228904,100.00,,
73.356720752,8465332,,rFF44,100228544,100.00,,
73.356720752,680317958,,instructions,100228744,100.00,1.81,insn per cycle
73.356720752,375859918,,cycles,100229795,100.00,,
73.456929479,71034,,rD044,100208575,100.00,,
73.456929479,8650537,,rFF44,100208505,100.00,,
73.456929479,697487070,,instructions,100209115,100.00,1.86,insn per cycle
73.456929479,375778374,,cycles,100208044,100.00,,
73.557139457,41104,,rD044,100209065,100.00,,
73.557139457,7706762,,rFF44,100209165,100.00,,
73.557139457,619534062,,instructions,100208525,100.00,1.65,insn per cycle
73.557139457,375781263,,cycles,100208825,100.00,,
73.657348445,27125,,rD044,100208285,100.00,,
73.657348445,6643381,,rFF44,100208725,100.00,,
73.657348445,587365173,,instructions,100209285,100.00,1.56,insn per cycle
73.657348445,375783801,,cycles,100209505,100.00,,
73.757576882,22687,,rD044,100227685,100.00,,
73.757576882,6872191,,rFF44,100227825,100.00,,
73.757576882,582353099,,instructions,100227025,100.00,1.55,insn per cycle
73.757576882,375849254,,cycles,100226945,100.00,,
73.857786080,6108,,rD044,100195174,100.00,,
73.857786080,6084929,,rFF44,100194955,100.00,,
73.857786080,552593127,,instructions,100195085,100.00,1.47,insn per cycle
73.857786080,375710336,,cycles,100194965,100.00,,
73.957993678,262895,,rD044,100207285,100.00,,
73.957993678,11121815,,rFF44,100206734,100.00,,
73.957993678,773925339,,instructions,100207034,100.00,2.06,insn per cycle
73.957993678,375771564,,cycles,100206244,100.00,,
74.058203635,6671,,rD044,100209445,100.00,,
74.058203635,6441733,,rFF44,100210215,100.00,,
74.058203635,580013233,,instructions,100210575,100.00,1.54,insn per cycle
74.058203635,375789106,,cycles,100210995,100.00,,
74.158413803,21582,,rD044,100209225,100.00,,
74.158413803,6982689,,rFF44,100209175,100.00,,
74.158413803,607187257,,instructions,100209705,100.00,1.62,insn per cycle
74.158413803,375784229,,cycles,100209535,100.00,,
74.258650921,104282,,rD044,100236445,100.00,,
74.258650921,10616847,,rFF44,100236385,100.00,,
74.258650921,764173751,,instructions,100235455,100.00,2.03,insn per cycle
74.258650921,375881676,,cycles,100235675,100.00,,
74.358861219,43516,,rD044,100209925,100.00,,
74.358861219,6341967,,rFF44,100209385,100.00,,
74.358861219,566076466,,instructions,100209365,100.00,1.51,insn per cycle
74.358861219,375784606,,cycles,100209635,100.00,,
74.459070676,72203,,rD044,100208624,100.00,,
74.459070676,7813360,,rFF44,100209024,100.00,,
74.459070676,660982802,,instructions,100208714,100.00,1.76,insn per cycle
74.459070676,375780115,,cycles,100208604,100.00,,
74.559280994,28457,,rD044,100209735,100.00,,
74.559280994,6990744,,rFF44,100209405,100.00,,
74.559280994,628526344,,instructions,100210065,100.00,1.67,insn per cycle
74.559280994,375784795,,cycles,100209755,100.00,,
74.659493731,35780,,rD044,100211865,100.00,,
74.659493731,8054638,,rFF44,100212215,100.00,,
74.659493731,680618715,,instructions,100211855,100.00,1.81,insn per cycle
74.659493731,375795082,,cycles,100212505,100.00,,
74.759742449,19751,,rD044,100247475,100.00,,
74.759742449,6947525,,rFF44,100247465,100.00,,
74.759742449,576650868,,instructions,100247595,100.00,1.53,insn per cycle
74.759742449,375923618,,cycles,100246695,100.00,,
74.859951737,7945,,rD044,100183064,100.00,,
74.859951737,6039988,,rFF44,100183094,100.00,,
74.859951737,559125424,,instructions,100182584,100.00,1.49,insn per cycle
74.859951737,375646639,,cycles,100183474,100.00,,
74.960146155,547316,,rD044,100194234,100.00,,
74.960146155,21448292,,rFF44,100195085,100.00,,
74.960146155,1298235377,,instructions,100195555,100.00,3.46,insn per cycle
74.960146155,375731645,,cycles,100195595,100.00,,
75.060360942,715579,,rD044,100213745,100.00,,
75.060360942,25820236,,rFF44,100212944,100.00,,
75.060360942,1531106110,,instructions,100214374,100.00,4.07,insn per cycle
75.060360942,375800407,,cycles,100213924,100.00,,
75.160576580,1354477,,rD044,100214875,100.00,,
75.160576580,28012534,,rFF44,100215135,100.00,,
75.160576580,1687657404,,instructions,100214335,100.00,4.49,insn per cycle
75.160576580,375802685,,cycles,100214535,100.00,,
75.260791718,1803551,,rD044,100214505,100.00,,
75.260791718,29202785,,rFF44,100213785,100.00,,
75.260791718,1603803863,,instructions,100213445,100.00,4.27,insn per cycle
75.260791718,375798670,,cycles,100213465,100.00,,
75.361000655,172565,,rD044,100208825,100.00,,
75.361000655,9830042,,rFF44,100209165,100.00,,
75.361000655,790024619,,instructions,100209605,100.00,2.10,insn per cycle
75.361000655,375783679,,cycles,100209365,100.00,,
75.461213163,40585,,rD044,100211305,100.00,,
75.461213163,7717527,,rFF44,100211075,100.00,,
75.461213163,635539148,,instructions,100210475,100.00,1.69,insn per cycle
75.461213163,375785187,,cycles,100209965,100.00,,
75.561421221,44867,,rD044,100207094,100.00,,
75.561421221,7655573,,rFF44,100207154,100.00,,
75.561421221,673205590,,instructions,100206984,100.00,1.79,insn per cycle
75.561421221,375775196,,cycles,100207204,100.00,,
75.661629358,473015,,rD044,100207265,100.00,,
75.661629358,15010139,,rFF44,100207005,100.00,,
75.661629358,929564478,,instructions,100206995,100.00,2.47,insn per cycle
75.661629358,375774550,,cycles,100207035,100.00,,
75.761838866,32648,,rD044,100209225,100.00,,
75.761838866,6842060,,rFF44,100209015,100.00,,
75.761838866,599185481,,instructions,100208935,100.00,1.59,insn per cycle
75.761838866,375781463,,cycles,100208865,100.00,,
75.862047183,25658,,rD044,100194595,100.00,,
75.862047183,6641493,,rFF44,100194675,100.00,,
75.862047183,576094913,,instructions,100195015,100.00,1.53,insn per cycle
75.862047183,375708043,,cycles,100195045,100.00,,
75.962256501,14174,,rD044,100208304,100.00,,
75.962256501,6221026,,rFF44,100208814,100.00,,
75.962256501,584179810,,instructions,100208475,100.00,1.55,insn per cycle
75.962256501,375780823,,cycles,100208695,100.00,,
76.062465158,11551,,rD044,100207715,100.00,,
76.062465158,7534196,,rFF44,100207655,100.00,,
76.062465158,638802540,,instructions,100208104,100.00,1.70,insn per cycle
76.062465158,375780446,,cycles,100208614,100.00,,
76.162720397,28083,,rD044,100254905,100.00,,
76.162720397,7039609,,rFF44,100254715,100.00,,
76.162720397,580520377,,instructions,100254055,100.00,1.54,insn per cycle
76.162720397,375936022,,cycles,100252805,100.00,,
76.262925584,59783,,rD044,100204735,100.00,,
76.262925584,7398537,,rFF44,100205085,100.00,,
76.262925584,626964978,,instructions,100205945,100.00,1.67,insn per cycle
76.262925584,375773162,,cycles,100206745,100.00,,
76.363133952,45424,,rD044,100207625,100.00,,
76.363133952,7150486,,rFF44,100207465,100.00,,
76.363133952,622680255,,instructions,100207135,100.00,1.66,insn per cycle
76.363133952,375776849,,cycles,100207545,100.00,,
76.463344219,69799,,rD044,100209695,100.00,,
76.463344219,8563568,,rFF44,100208995,100.00,,
76.463344219,699185074,,instructions,100209355,100.00,1.86,insn per cycle
76.463344219,375778904,,cycles,100208295,100.00,,
76.563570187,439371,,rD044,100225205,100.00,,
76.563570187,16496994,,rFF44,100226215,100.00,,
76.563570187,1155129431,,instructions,100225825,100.00,3.07,insn per cycle
76.563570187,375848626,,cycles,100226785,100.00,,
76.663779305,1044857,,rD044,100208544,100.00,,
76.663779305,25820291,,rFF44,100208474,100.00,,
76.663779305,1416108918,,instructions,100209024,100.00,3.77,insn per cycle
76.663779305,375781180,,cycles,100208794,100.00,,
76.763987632,72451,,rD044,100207545,100.00,,
76.763987632,9240547,,rFF44,100207005,100.00,,
76.763987632,728905905,,instructions,100206145,100.00,1.94,insn per cycle
76.763987632,375770968,,cycles,100206075,100.00,,
76.864195000,28932,,rD044,100194055,100.00,,
76.864195000,6111947,,rFF44,100194965,100.00,,
76.864195000,583972738,,instructions,100195745,100.00,1.55,insn per cycle
76.864195000,375711833,,cycles,100195695,100.00,,
76.964406688,9522,,rD044,100210725,100.00,,
76.964406688,6419280,,rFF44,100210515,100.00,,
76.964406688,576287941,,instructions,100210475,100.00,1.53,insn per cycle
76.964406688,375788192,,cycles,100210665,100.00,,
77.064616445,203628,,rD044,100209274,100.00,,
77.064616445,10870015,,rFF44,100208934,100.00,,
77.064616445,775801268,,instructions,100208795,100.00,2.06,insn per cycle
77.064616445,375780715,,cycles,100208675,100.00,,
77.164829573,4956,,rD044,100212465,100.00,,
77.164829573,5932923,,rFF44,100212445,100.00,,
77.164829573,538268130,,instructions,100211794,100.00,1.43,insn per cycle
77.164829573,375790618,,cycles,100211314,100.00,,
77.265039531,121872,,rD044,100209925,100.00,,
77.265039531,9475293,,rFF44,100209665,100.00,,
77.265039531,721608389,,instructions,100210515,100.00,1.92,insn per cycle
77.265039531,375791509,,cycles,100211555,100.00,,
77.365250998,26689,,rD044,100209745,100.00,,
77.365250998,7158880,,rFF44,100210505,100.00,,
77.365250998,587951307,,instructions,100210515,100.00,1.56,insn per cycle
77.365250998,375784752,,cycles,100209755,100.00,,
77.465457966,72578,,rD044,100206975,100.00,,
77.465457966,7818746,,rFF44,100206445,100.00,,
77.465457966,656179267,,instructions,100206025,100.00,1.75,insn per cycle
77.465457966,375771433,,cycles,100206145,100.00,,
77.565668133,11325,,rD044,100209954,100.00,,
77.565668133,7021916,,rFF44,100210144,100.00,,
77.565668133,583141909,,instructions,100209334,100.00,1.55,insn per cycle
77.565668133,375781299,,cycles,100208885,100.00,,
77.665876361,14416,,rD044,100197074,100.00,,
77.665876361,6977221,,rFF44,100197344,100.00,,
77.665876361,587457369,,instructions,100198074,100.00,1.56,insn per cycle
77.665876361,375722178,,cycles,100198613,100.00,,
77.766088399,13177,,rD044,100211175,100.00,,
77.766088399,6467343,,rFF44,100211135,100.00,,
77.766088399,556658721,,instructions,100210855,100.00,1.48,insn per cycle
77.766088399,375787881,,cycles,100210585,100.00,,
77.866298416,6308,,rD044,100194315,100.00,,
77.866298416,5420727,,rFF44,100194385,100.00,,
77.866298416,528674405,,instructions,100194325,100.00,1.41,insn per cycle
77.866298416,375707448,,cycles,100194205,100.00,,
77.966509304,161175,,rD044,100210135,100.00,,
77.966509304,10828252,,rFF44,100210115,100.00,,
77.966509304,783092332,,instructions,100211275,100.00,2.08,insn per cycle
77.966509304,375790033,,cycles,100211255,100.00,,
78.066748032,31735,,rD044,100237895,100.00,,
78.066748032,6891434,,rFF44,100237865,100.00,,
78.066748032,626070628,,instructions,100236855,100.00,1.67,insn per cycle
78.066748032,375887950,,cycles,100237175,100.00,,
78.166958340,101194,,rD044,100209834,100.00,,
78.166958340,7769956,,rFF44,100209364,100.00,,
78.166958340,646129022,,instructions,100209154,100.00,1.72,insn per cycle
78.166958340,375781745,,cycles,100209044,100.00,,
78.267168097,27814,,rD044,100209505,100.00,,
78.267168097,6941838,,rFF44,100209765,100.00,,
78.267168097,605190337,,instructions,100209895,100.00,1.61,insn per cycle
78.267168097,375784735,,cycles,100209745,100.00,,
78.367378015,24932,,rD044,100208705,100.00,,
78.367378015,6962306,,rFF44,100208535,100.00,,
78.367378015,635866587,,instructions,100208665,100.00,1.69,insn per cycle
78.367378015,375784582,,cycles,100209705,100.00,,
78.467589123,536075,,rD044,100211125,100.00,,
78.467589123,20285513,,rFF44,100210925,100.00,,
78.467589123,1097742784,,instructions,100210525,100.00,2.92,insn per cycle
78.467589123,375789472,,cycles,100211015,100.00,,
78.567801240,276438,,rD044,100210765,100.00,,
78.567801240,13684349,,rFF44,100210645,100.00,,
78.567801240,873461570,,instructions,100211625,100.00,2.32,insn per cycle
78.567801240,375787349,,cycles,100210445,100.00,,
78.668012948,22647,,rD044,100210764,100.00,,
78.668012948,6994515,,rFF44,100210754,100.00,,
78.668012948,595569430,,instructions,100209974,100.00,1.58,insn per cycle
78.668012948,375787986,,cycles,100210614,100.00,,
78.768231325,15588,,rD044,100218645,100.00,,
78.768231325,5708785,,rFF44,100218835,100.00,,
78.768231325,547882893,,instructions,100219515,100.00,1.46,insn per cycle
78.768231325,375819782,,cycles,100219095,100.00,,
78.868441193,95771,,rD044,100176085,100.00,,
78.868441193,8954759,,rFF44,100176215,100.00,,
78.868441193,676715621,,instructions,100175475,100.00,1.80,insn per cycle
78.868441193,375623803,,cycles,100175235,100.00,,
78.968650951,16072,,rD044,100209005,100.00,,
78.968650951,6113447,,rFF44,100209255,100.00,,
78.968650951,568723872,,instructions,100210125,100.00,1.51,insn per cycle
78.968650951,375785116,,cycles,100209855,100.00,,
79.068858838,34809,,rD044,100207025,100.00,,
79.068858838,6988328,,rFF44,100206435,100.00,,
79.068858838,589055468,,instructions,100205885,100.00,1.57,insn per cycle
79.068858838,375771663,,cycles,100206255,100.00,,
79.169068376,40130,,rD044,100209384,100.00,,
79.169068376,7076657,,rFF44,100209704,100.00,,
79.169068376,596323738,,instructions,100209524,100.00,1.59,insn per cycle
79.169068376,375782550,,cycles,100209164,100.00,,
79.269278684,342351,,rD044,100209665,100.00,,
79.269278684,14489911,,rFF44,100209115,100.00,,
79.269278684,864442977,,instructions,100209035,100.00,2.30,insn per cycle
79.269278684,375781526,,cycles,100208895,100.00,,
79.369488981,7048,,rD044,100209745,100.00,,
79.369488981,5840207,,rFF44,100210145,100.00,,
79.369488981,537790124,,instructions,100209975,100.00,1.43,insn per cycle
79.369488981,375786499,,cycles,100210125,100.00,,
79.469730199,18140,,rD044,100240035,100.00,,
79.469730199,6080687,,rFF44,100240305,100.00,,
79.469730199,558513216,,instructions,100240855,100.00,1.49,insn per cycle
79.469730199,375902298,,cycles,100241195,100.00,,
79.569939107,104895,,rD044,100208455,100.00,,
79.569939107,8048085,,rFF44,100208615,100.00,,
79.569939107,641441304,,instructions,100208735,100.00,1.71,insn per cycle
79.569939107,375781598,,cycles,100208665,100.00,,
79.670150855,9329,,rD044,100210614,100.00,,
79.670150855,6457550,,rFF44,100210855,100.00,,
79.670150855,536119745,,instructions,100210635,100.00,1.43,insn per cycle
79.670150855,375785890,,cycles,100210295,100.00,,
79.770360132,43340,,rD044,100209075,100.00,,
79.770360132,6865282,,rFF44,100208954,100.00,,
79.770360132,583124095,,instructions,100209434,100.00,1.55,insn per cycle
79.770360132,375784747,,cycles,100209754,100.00,,
79.870572380,42601,,rD044,100188725,100.00,,
79.870572380,7510087,,rFF44,100188395,100.00,,
79.870572380,605119820,,instructions,100187745,100.00,1.61,insn per cycle
79.870572380,375681235,,cycles,100187455,100.00,,
79.970811478,57564,,rD044,100238295,100.00,,
79.970811478,7168547,,rFF44,100238315,100.00,,
79.970811478,591157588,,instructions,100238625,100.00,1.57,insn per cycle
79.970811478,375896376,,cycles,100239525,100.00,,
80.071022515,18609,,rD044,100210445,100.00,,
80.071022515,6427284,,rFF44,100210555,100.00,,
80.071022515,575077422,,instructions,100211045,100.00,1.53,insn per cycle
80.071022515,375788359,,cycles,100210715,100.00,,
80.171232783,24501,,rD044,100209515,100.00,,
80.171232783,6624158,,rFF44,100209105,100.00,,
80.171232783,585478845,,instructions,100208805,100.00,1.56,insn per cycle
80.171232783,375779489,,cycles,100208355,100.00,,
80.271442021,319535,,rD044,100208844,100.00,,
80.271442021,14140994,,rFF44,100208604,100.00,,
80.271442021,828237984,,instructions,100208684,100.00,2.20,insn per cycle
80.271442021,375780024,,cycles,100208484,100.00,,
80.371653718,4638,,rD044,100211165,100.00,,
80.371653718,6585669,,rFF44,100211475,100.00,,
80.371653718,572432175,,instructions,100210695,100.00,1.52,insn per cycle
80.371653718,375789641,,cycles,100210825,100.00,,
80.471862486,10701,,rD044,100207685,100.00,,
80.471862486,5864752,,rFF44,100207775,100.00,,
80.471862486,533029435,,instructions,100208005,100.00,1.42,insn per cycle
80.471862486,375778436,,cycles,100208305,100.00,,
80.572072324,3978,,rD044,100209145,100.00,,
80.572072324,5822335,,rFF44,100209035,100.00,,
80.572072324,521286801,,instructions,100208525,100.00,1.39,insn per cycle
80.572072324,375781511,,cycles,100208885,100.00,,
80.672281701,6468,,rD044,100209025,100.00,,
80.672281701,5928397,,rFF44,100209175,100.00,,
80.672281701,542839105,,instructions,100210115,100.00,1.44,insn per cycle
80.672281701,375785083,,cycles,100209755,100.00,,
80.772492869,153812,,rD044,100211054,100.00,,
80.772492869,14897037,,rFF44,100211044,100.00,,
80.772492869,930227092,,instructions,100210924,100.00,2.48,insn per cycle
80.772492869,375786628,,cycles,100210214,100.00,,
80.872722147,19950,,rD044,100204045,100.00,,
80.872722147,7385549,,rFF44,100203875,100.00,,
80.872722147,581964045,,instructions,100203365,100.00,1.55,insn per cycle
80.872722147,375743072,,cycles,100204275,100.00,,
80.972928324,17577,,rD044,100206035,100.00,,
80.972928324,5665560,,rFF44,100206345,100.00,,
80.972928324,528235365,,instructions,100206615,100.00,1.41,insn per cycle
80.972928324,375770777,,cycles,100206035,100.00,,
81.073137132,22167,,rD044,100207925,100.00,,
81.073137132,6777783,,rFF44,100207285,100.00,,
81.073137132,623559548,,instructions,100207745,100.00,1.66,insn per cycle
81.073137132,375776031,,cycles,100207325,100.00,,
81.173344909,103453,,rD044,100207265,100.00,,
81.173344909,10084043,,rFF44,100207835,100.00,,
81.173344909,698863618,,instructions,100207045,100.00,1.86,insn per cycle
81.173344909,375777552,,cycles,100207925,100.00,,
81.273570427,4466,,rD044,100224535,100.00,,
81.273570427,5412660,,rFF44,100224765,100.00,,
81.273570427,519248987,,instructions,100226165,100.00,1.38,insn per cycle
81.273570427,375844075,,cycles,100225575,100.00,,
81.373780815,15608,,rD044,100209854,100.00,,
81.373780815,6324207,,rFF44,100209564,100.00,,
81.373780815,571274274,,instructions,100208414,100.00,1.52,insn per cycle
81.373780815,375781239,,cycles,100208814,100.00,,
81.473991872,14786,,rD044,100210455,100.00,,
81.473991872,7080462,,rFF44,100210565,100.00,,
81.473991872,578621823,,instructions,100210755,100.00,1.54,insn per cycle
81.473991872,375787221,,cycles,100210405,100.00,,
81.574201650,1936,,rD044,100208915,100.00,,
81.574201650,5900248,,rFF44,100208615,100.00,,
81.574201650,528609805,,instructions,100208485,100.00,1.41,insn per cycle
81.574201650,375779900,,cycles,100208465,100.00,,
81.674408698,169587,,rD044,100206755,100.00,,
81.674408698,8869605,,rFF44,100208245,100.00,,
81.674408698,680214571,,instructions,100208195,100.00,1.81,insn per cycle
81.674408698,375782652,,cycles,100209185,100.00,,
81.774620955,63441,,rD044,100211534,100.00,,
81.774620955,8836273,,rFF44,100210235,100.00,,
81.774620955,704310010,,instructions,100210625,100.00,1.87,insn per cycle
81.774620955,375786668,,cycles,100210265,100.00,,
81.874844953,39042,,rD044,100200525,100.00,,
81.874844953,7764402,,rFF44,100201284,100.00,,
81.874844953,646086065,,instructions,100201994,100.00,1.72,insn per cycle
81.874844953,375735646,,cycles,100201734,100.00,,
81.975056641,9043,,rD044,100210915,100.00,,
81.975056641,6068906,,rFF44,100210285,100.00,,
81.975056641,585861172,,instructions,100208845,100.00,1.56,insn per cycle
81.975056641,375782709,,cycles,100209205,100.00,,
82.075265848,493605,,rD044,100209625,100.00,,
82.075265848,14172988,,rFF44,100209875,100.00,,
82.075265848,1029715764,,instructions,100210195,100.00,2.74,insn per cycle
82.075265848,375786598,,cycles,100210245,100.00,,
82.175479136,542549,,rD044,100212655,100.00,,
82.175479136,24321849,,rFF44,100212415,100.00,,
82.175479136,1422383556,,instructions,100213615,100.00,3.78,insn per cycle
82.175479136,375799653,,cycles,100213735,100.00,,
82.275711974,1319136,,rD044,100231235,100.00,,
82.275711974,27354469,,rFF44,100231355,100.00,,
82.275711974,1405584137,,instructions,100229735,100.00,3.74,insn per cycle
82.275711974,375853906,,cycles,100228885,100.00,,
82.375922962,701526,,rD044,100210194,100.00,,
82.375922962,17175665,,rFF44,100209774,100.00,,
82.375922962,1037109044,,instructions,100210205,100.00,2.76,insn per cycle
82.375922962,375786714,,cycles,100210375,100.00,,
82.476131259,536775,,rD044,100208095,100.00,,
82.476131259,14988307,,rFF44,100207645,100.00,,
82.476131259,961426301,,instructions,100208374,100.00,2.56,insn per cycle
82.476131259,375780151,,cycles,100208514,100.00,,
82.576342827,12509,,rD044,100210845,100.00,,
82.576342827,7196049,,rFF44,100211555,100.00,,
82.576342827,660068099,,instructions,100211515,100.00,1.76,insn per cycle
82.576342827,375788730,,cycles,100210815,100.00,,
82.676570195,80231,,rD044,100226515,100.00,,
82.676570195,9143850,,rFF44,100226215,100.00,,
82.676570195,766308416,,instructions,100225895,100.00,2.04,insn per cycle
82.676570195,375846669,,cycles,100226275,100.00,,
82.776779492,59402,,rD044,100197285,100.00,,
82.776779492,8010626,,rFF44,100197905,100.00,,
82.776779492,701744047,,instructions,100197145,100.00,1.87,insn per cycle
82.776779492,375716606,,cycles,100197005,100.00,,
82.876987730,173156,,rD044,100170425,100.00,,
82.876987730,9396003,,rFF44,100169965,100.00,,
82.876987730,762211932,,instructions,100170785,100.00,2.03,insn per cycle
82.876987730,375601000,,cycles,100170975,100.00,,
82.977197557,30256,,rD044,100209244,100.00,,
82.977197557,7815612,,rFF44,100209564,100.00,,
82.977197557,707684664,,instructions,100209444,100.00,1.88,insn per cycle
82.977197557,375783319,,cycles,100209294,100.00,,
83.077403835,166498,,rD044,100205395,100.00,,
83.077403835,11333568,,rFF44,100204895,100.00,,
83.077403835,871523012,,instructions,100205295,100.00,2.32,insn per cycle
83.077403835,375768860,,cycles,100205595,100.00,,
83.177611383,80061,,rD044,100206995,100.00,,
83.177611383,8269958,,rFF44,100207305,100.00,,
83.177611383,711759291,,instructions,100206185,100.00,1.89,insn per cycle
83.177611383,375771919,,cycles,100206335,100.00,,
83.277822710,91409,,rD044,100211045,100.00,,
83.277822710,8014657,,rFF44,100210865,100.00,,
83.277822710,696100555,,instructions,100211775,100.00,1.85,insn per cycle
83.277822710,375791989,,cycles,100211685,100.00,,
83.378033838,73291,,rD044,100210224,100.00,,
83.378033838,8149979,,rFF44,100210255,100.00,,
83.378033838,703681434,,instructions,100209695,100.00,1.87,insn per cycle
83.378033838,375784250,,cycles,100209615,100.00,,
83.478242396,236963,,rD044,100208005,100.00,,
83.478242396,10913478,,rFF44,100207784,100.00,,
83.478242396,811425825,,instructions,100207934,100.00,2.16,insn per cycle
83.478242396,375780090,,cycles,100208284,100.00,,
83.578453503,29973,,rD044,100210355,100.00,,
83.578453503,8239907,,rFF44,100210435,100.00,,
83.578453503,712532930,,instructions,100211265,100.00,1.90,insn per cycle
83.578453503,375788293,,cycles,100210905,100.00,,
83.678661451,144919,,rD044,100207195,100.00,,
83.678661451,10658962,,rFF44,100206975,100.00,,
83.678661451,787076308,,instructions,100206285,100.00,2.09,insn per cycle
83.678661451,375773188,,cycles,100206565,100.00,,
83.778896899,89114,,rD044,100234535,100.00,,
83.778896899,8609494,,rFF44,100234705,100.00,,
83.778896899,697423492,,instructions,100235165,100.00,1.86,insn per cycle
83.778896899,375881609,,cycles,100235695,100.00,,
83.879108876,14599,,rD044,100187084,100.00,,
83.879108876,6583263,,rFF44,100187774,100.00,,
83.879108876,599094599,,instructions,100187164,100.00,1.59,insn per cycle
83.879108876,375675136,,cycles,100186164,100.00,,
83.979318664,116362,,rD044,100209414,100.00,,
83.979318664,9582105,,rFF44,100208384,100.00,,
83.979318664,729212415,,instructions,100208424,100.00,1.94,insn per cycle
83.979318664,375780453,,cycles,100208614,100.00,,
84.079528362,8264,,rD044,100208905,100.00,,
84.079528362,6452732,,rFF44,100209695,100.00,,
84.079528362,589616121,,instructions,100209225,100.00,1.57,insn per cycle
84.079528362,375781042,,cycles,100208765,100.00,,
84.179754359,11421,,rD044,100225805,100.00,,
84.179754359,6445056,,rFF44,100226065,100.00,,
84.179754359,604725687,,instructions,100226935,100.00,1.61,insn per cycle
84.179754359,375850279,,cycles,100226975,100.00,,
84.279962427,133847,,rD044,100206745,100.00,,
84.279962427,12304690,,rFF44,100206375,100.00,,
84.279962427,828686618,,instructions,100206365,100.00,2.21,insn per cycle
84.279962427,375773868,,cycles,100207285,100.00,,
84.380172205,9883,,rD044,100209725,100.00,,
84.380172205,6656430,,rFF44,100209305,100.00,,
84.380172205,596811482,,instructions,100208915,100.00,1.59,insn per cycle
84.380172205,375771408,,cycles,100208165,100.00,,
84.480381972,9753,,rD044,100208804,100.00,,
84.480381972,6595586,,rFF44,100208934,100.00,,
84.480381972,598026740,,instructions,100208194,100.00,1.59,insn per cycle
84.480381972,375779865,,cycles,100208454,100.00,,
84.580591190,20778,,rD044,100207865,100.00,,
84.580591190,7152753,,rFF44,100208595,100.00,,
84.580591190,617840816,,instructions,100209205,100.00,1.64,insn per cycle
84.580591190,375784562,,cycles,100209625,100.00,,
84.680800938,8094,,rD044,100209595,100.00,,
84.680800938,6529133,,rFF44,100208795,100.00,,
84.680800938,604676030,,instructions,100208685,100.00,1.61,insn per cycle
84.680800938,375778001,,cycles,100208025,100.00,,
84.781008645,72718,,rD044,100206985,100.00,,
84.781008645,10383305,,rFF44,100206865,100.00,,
84.781008645,750827790,,instructions,100206845,100.00,2.00,insn per cycle
84.781008645,375772732,,cycles,100206545,100.00,,
84.881216053,160890,,rD044,100181834,100.00,,
84.881216053,7818494,,rFF44,100181634,100.00,,
84.881216053,647098143,,instructions,100182124,100.00,1.72,insn per cycle
84.881216053,375665265,,cycles,100183364,100.00,,
84.981427200,140255,,rD044,100210764,100.00,,
84.981427200,9865821,,rFF44,100210974,100.00,,
84.981427200,708503006,,instructions,100210484,100.00,1.89,insn per cycle
84.981427200,375785225,,cycles,100209874,100.00,,
85.081635328,53205,,rD044,100206965,100.00,,
85.081635328,7734693,,rFF44,100207355,100.00,,
85.081635328,623396766,,instructions,100207345,100.00,1.66,insn per cycle
85.081635328,375774081,,cycles,100206815,100.00,,
85.181844716,18817,,rD044,100209085,100.00,,
85.181844716,6208093,,rFF44,100209075,100.00,,
85.181844716,557539785,,instructions,100209305,100.00,1.48,insn per cycle
85.181844716,375782682,,cycles,100209195,100.00,,
85.282052253,26360,,rD044,100206685,100.00,,
85.282052253,6673474,,rFF44,100206675,100.00,,
85.282052253,603556550,,instructions,100206575,100.00,1.61,insn per cycle
85.282052253,375774053,,cycles,100206905,100.00,,
85.382261401,889891,,rD044,100208985,100.00,,
85.382261401,23715404,,rFF44,100208335,100.00,,
85.382261401,1330880639,,instructions,100208475,100.00,3.54,insn per cycle
85.382261401,375784687,,cycles,100209825,100.00,,
85.482474649,606698,,rD044,100212384,100.00,,
85.482474649,24039975,,rFF44,100212814,100.00,,
85.482474649,1419994165,,instructions,100212554,100.00,3.78,insn per cycle
85.482474649,375792037,,cycles,100211694,100.00,,
85.582705616,207589,,rD044,100230275,100.00,,
85.582705616,11577481,,rFF44,100230615,100.00,,
85.582705616,742304443,,instructions,100230775,100.00,1.97,insn per cycle
85.582705616,375861234,,cycles,100230075,100.00,,
85.682938744,17082,,rD044,100232405,100.00,,
85.682938744,6361015,,rFF44,100232445,100.00,,
85.682938744,609508405,,instructions,100233075,100.00,1.62,insn per cycle
85.682938744,375874607,,cycles,100233775,100.00,,
85.783148392,70943,,rD044,100171375,100.00,,
85.783148392,10995547,,rFF44,100170775,100.00,,
85.783148392,723587217,,instructions,100170125,100.00,1.93,insn per cycle
85.783148392,375614415,,cycles,100169935,100.00,,
85.883356680,5888,,rD044,100208395,100.00,,
85.883356680,5580629,,rFF44,100208565,100.00,,
85.883356680,523384394,,instructions,100208985,100.00,1.39,insn per cycle
85.883356680,375782324,,cycles,100209105,100.00,,
85.983568417,89883,,rD044,100211515,100.00,,
85.983568417,7514490,,rFF44,100211765,100.00,,
85.983568417,613276559,,instructions,100211455,100.00,1.63,insn per cycle
85.983568417,375790770,,cycles,100211265,100.00,,
86.083781315,8354,,rD044,100212294,100.00,,
86.083781315,5964319,,rFF44,100211974,100.00,,
86.083781315,557597701,,instructions,100212114,100.00,1.48,insn per cycle
86.083781315,375792331,,cycles,100211864,100.00,,
86.183988802,266936,,rD044,100206655,100.00,,
86.183988802,11820358,,rFF44,100207055,100.00,,
86.183988802,820894813,,instructions,100207665,100.00,2.18,insn per cycle
86.183988802,375778528,,cycles,100208095,100.00,,
86.284197650,85797,,rD044,100207965,100.00,,
86.284197650,10382398,,rFF44,100208195,100.00,,
86.284197650,688638532,,instructions,100207825,100.00,1.83,insn per cycle
86.284197650,375780183,,cycles,100208535,100.00,,
86.384410718,5802,,rD044,100212505,100.00,,
86.384410718,5412163,,rFF44,100212445,100.00,,
86.384410718,505671770,,instructions,100212105,100.00,1.35,insn per cycle
86.384410718,375793027,,cycles,100211955,100.00,,
86.484621695,24133,,rD044,100210435,100.00,,
86.484621695,6895326,,rFF44,100210815,100.00,,
86.484621695,576517103,,instructions,100210675,100.00,1.53,insn per cycle
86.484621695,375786323,,cycles,100210175,100.00,,
86.584835243,2307,,rD044,100212684,100.00,,
86.584835243,5345316,,rFF44,100211904,100.00,,
86.584835243,506701921,,instructions,100211954,100.00,1.35,insn per cycle
86.584835243,375792260,,cycles,100211654,100.00,,
86.685044441,4184,,rD044,100208705,100.00,,
86.685044441,6480012,,rFF44,100209275,100.00,,
86.685044441,546114504,,instructions,100209025,100.00,1.45,insn per cycle
86.685044441,375782643,,cycles,100209285,100.00,,
86.785256798,11090,,rD044,100211795,100.00,,
86.785256798,6256593,,rFF44,100211445,100.00,,
86.785256798,579637599,,instructions,100211475,100.00,1.54,insn per cycle
86.785256798,375790160,,cycles,100211195,100.00,,
86.885466916,71710,,rD044,100171275,100.00,,
86.885466916,8567040,,rFF44,100171345,100.00,,
86.885466916,690154311,,instructions,100172615,100.00,1.84,insn per cycle
86.885466916,375616547,,cycles,100172785,100.00,,
86.985704384,17298,,rD044,100235895,100.00,,
86.985704384,6921582,,rFF44,100236525,100.00,,
86.985704384,608571325,,instructions,100235625,100.00,1.62,insn per cycle
86.985704384,375878628,,cycles,100234905,100.00,,
87.085912292,356012,,rD044,100206884,100.00,,
87.085912292,14035737,,rFF44,100206214,100.00,,
87.085912292,882227855,,instructions,100206684,100.00,2.35,insn per cycle
87.085912292,375780032,,cycles,100208585,100.00,,
87.186123249,31330,,rD044,100210825,100.00,,
87.186123249,6782569,,rFF44,100210995,100.00,,
87.186123249,613181659,,instructions,100210405,100.00,1.63,insn per cycle
87.186123249,375784697,,cycles,100209524,100.00,,
87.286334197,22792,,rD044,100209715,100.00,,
87.286334197,7464439,,rFF44,100209395,100.00,,
87.286334197,610559515,,instructions,100210565,100.00,1.62,insn per cycle
87.286334197,375790132,,cycles,100211405,100.00,,
87.386546434,30205,,rD044,100218974,100.00,,
87.386546434,7059304,,rFF44,100219584,100.00,,
87.386546434,637683338,,instructions,100218084,100.00,1.70,insn per cycle
87.386546434,375792617,,cycles,100216894,100.00,,
87.486800642,107856,,rD044,100235915,100.00,,
87.486800642,11150261,,rFF44,100235775,100.00,,
87.486800642,841241962,,instructions,100236485,100.00,2.24,insn per cycle
87.486800642,375885672,,cycles,100236665,100.00,,
87.587011720,114409,,rD044,100210295,100.00,,
87.587011720,11492172,,rFF44,100210345,100.00,,
87.587011720,808267724,,instructions,100209405,100.00,2.15,insn per cycle
87.587011720,375783928,,cycles,100209525,100.00,,
87.687220408,46163,,rD044,100207514,100.00,,
87.687220408,7457465,,rFF44,100206764,100.00,,
87.687220408,638439495,,instructions,100207174,100.00,1.70,insn per cycle
87.687220408,375777734,,cycles,100207895,100.00,,
87.787429065,45340,,rD044,100208135,100.00,,
87.787429065,6794125,,rFF44,100208495,100.00,,
87.787429065,612124177,,instructions,100208485,100.00,1.63,insn per cycle
87.787429065,375776299,,cycles,100207484,100.00,,
87.887636543,26765,,rD044,100178594,100.00,,
87.887636543,6926973,,rFF44,100178484,100.00,,
87.887636543,613585802,,instructions,100178624,100.00,1.63,insn per cycle
87.887636543,375647210,,cycles,100178234,100.00,,
87.987844971,183036,,rD044,100207695,100.00,,
87.987844971,10909773,,rFF44,100207175,100.00,,
87.987844971,784190567,,instructions,100207425,100.00,2.09,insn per cycle
87.987844971,375776681,,cycles,100207695,100.00,,
88.088054258,49585,,rD044,100208955,100.00,,
88.088054258,7222610,,rFF44,100209375,100.00,,
88.088054258,614580538,,instructions,100208825,100.00,1.64,insn per cycle
88.088054258,375781811,,cycles,100208965,100.00,,
88.188264476,3713,,rD044,100209274,100.00,,
88.188264476,6203736,,rFF44,100209564,100.00,,
88.188264476,589370496,,instructions,100209634,100.00,1.57,insn per cycle
88.188264476,375784028,,cycles,100209564,100.00,,
88.288475043,153441,,rD044,100210165,100.00,,
88.288475043,9346378,,rFF44,100210325,100.00,,
88.288475043,715903340,,instructions,100210735,100.00,1.91,insn per cycle
88.288475043,375787681,,cycles,100210525,100.00,,
88.388702381,19155,,rD044,100227555,100.00,,
88.388702381,7232189,,rFF44,100227645,100.00,,
88.388702381,625288933,,instructions,100227235,100.00,1.66,insn per cycle
88.388702381,375852660,,cycles,100227875,100.00,,
88.488916979,12472,,rD044,100212955,100.00,,
88.488916979,6952017,,rFF44,100212845,100.00,,
88.488916979,586058871,,instructions,100213025,100.00,1.56,insn per cycle
88.488916979,375793932,,cycles,100212195,100.00,,
88.589126867,27392,,rD044,100209195,100.00,,
88.589126867,7190273,,rFF44,100209485,100.00,,
88.589126867,624882475,,instructions,100210245,100.00,1.66,insn per cycle
88.589126867,375788774,,cycles,100210725,100.00,,
88.689337904,30160,,rD044,100210504,100.00,,
88.689337904,7511167,,rFF44,100210124,100.00,,
88.689337904,634259701,,instructions,100209305,100.00,1.69,insn per cycle
88.689337904,375783308,,cycles,100209245,100.00,,
88.789551952,333482,,rD044,100208605,100.00,,
88.789551952,12400884,,rFF44,100208905,100.00,,
88.789551952,850498437,,instructions,100209614,100.00,2.26,insn per cycle
88.789551952,375767605,,cycles,100210944,100.00,,
88.889784420,158864,,rD044,100212825,100.00,,
88.889784420,11937374,,rFF44,100212275,100.00,,
88.889784420,833225861,,instructions,100212385,100.00,2.22,insn per cycle
88.889784420,375793296,,cycles,100212035,100.00,,
88.989996617,292731,,rD044,100211875,100.00,,
88.989996617,13017987,,rFF44,100212415,100.00,,
88.989996617,925280584,,instructions,100211845,100.00,2.46,insn per cycle
88.989996617,375788389,,cycles,100210725,100.00,,
89.090208135,4451,,rD044,100210835,100.00,,
89.090208135,6011705,,rFF44,100210725,100.00,,
89.090208135,559066762,,instructions,100210865,100.00,1.49,insn per cycle
89.090208135,375791130,,cycles,100211335,100.00,,
89.190418063,33046,,rD044,100209175,100.00,,
89.190418063,6816222,,rFF44,100208685,100.00,,
89.190418063,606477823,,instructions,100208955,100.00,1.61,insn per cycle
89.190418063,375780757,,cycles,100208705,100.00,,
89.290627100,52664,,rD044,100208244,100.00,,
89.290627100,7707963,,rFF44,100208074,100.00,,
89.290627100,656787331,,instructions,100207684,100.00,1.75,insn per cycle
89.290627100,375776598,,cycles,100207674,100.00,,
89.390864648,10530,,rD044,100237045,100.00,,
89.390864648,6700824,,rFF44,100237455,100.00,,
89.390864648,600379014,,instructions,100237805,100.00,1.60,insn per cycle
89.390864648,375890876,,cycles,100238045,100.00,,
89.491075566,267984,,rD044,100210485,100.00,,
89.491075566,12188857,,rFF44,100210715,100.00,,
89.491075566,832510778,,instructions,100210375,100.00,2.22,insn per cycle
89.491075566,375785670,,cycles,100209995,100.00,,
89.591286183,28858,,rD044,100209665,100.00,,
89.591286183,7972393,,rFF44,100209235,100.00,,
89.591286183,649096530,,instructions,100208495,100.00,1.73,insn per cycle
89.591286183,375781089,,cycles,100208785,100.00,,
89.691493171,18737,,rD044,100206295,100.00,,
89.691493171,6657670,,rFF44,100206435,100.00,,
89.691493171,588975843,,instructions,100206655,100.00,1.57,insn per cycle
89.691493171,375775005,,cycles,100207155,100.00,,
89.791719679,48482,,rD044,100225915,100.00,,
89.791719679,6812717,,rFF44,100226185,100.00,,
89.791719679,634808393,,instructions,100227305,100.00,1.69,insn per cycle
89.791719679,375847235,,cycles,100226415,100.00,,
89.891927617,56035,,rD044,100168294,100.00,,
89.891927617,8038585,,rFF44,100168094,100.00,,
89.891927617,686458157,,instructions,100167344,100.00,1.83,insn per cycle
89.891927617,375604718,,cycles,100167184,100.00,,
89.992139544,23806,,rD044,100211845,100.00,,
89.992139544,6305744,,rFF44,100211905,100.00,,
89.992139544,613163567,,instructions,100212075,100.00,1.63,insn per cycle
89.992139544,375793944,,cycles,100212295,100.00,,
90.092351842,1430,,rD044,100211245,100.00,,
90.092351842,2427966,,rFF44,100211615,100.00,,
90.092351842,542352807,,instructions,100211705,100.00,1.44,insn per cycle
90.092351842,375796623,,cycles,100212815,100.00,,
90.192596370,1315,,rD044,100243465,100.00,,
90.192596370,2427712,,rFF44,100243245,100.00,,
90.192596370,542153979,,instructions,100242985,100.00,1.44,insn per cycle
90.192596370,375907628,,cycles,100242625,100.00,,
90.292804857,1386,,rD044,100207915,100.00,,
90.292804857,2428089,,rFF44,100207765,100.00,,
90.292804857,542415090,,instructions,100208605,100.00,1.44,insn per cycle
90.292804857,375781587,,cycles,100208915,100.00,,
90.393016275,1242,,rD044,100210985,100.00,,
90.393016275,2429376,,rFF44,100210625,100.00,,
90.393016275,542274980,,instructions,100210005,100.00,1.44,insn per cycle
90.393016275,375782292,,cycles,100209085,100.00,,
90.493225923,1567,,rD044,100209124,100.00,,
90.493225923,2428959,,rFF44,100209294,100.00,,
90.493225923,542304853,,instructions,100209154,100.00,1.44,insn per cycle
90.493225923,375785455,,cycles,100209944,100.00,,
90.593440110,1277,,rD044,100213215,100.00,,
90.593440110,2428771,,rFF44,100212875,100.00,,
90.593440110,542548546,,instructions,100212905,100.00,1.44,insn per cycle
90.593440110,375792559,,cycles,100211835,100.00,,
90.693653228,1182,,rD044,100212565,100.00,,
90.693653228,2428329,,rFF44,100213235,100.00,,
90.693653228,542234352,,instructions,100213695,100.00,1.44,insn per cycle
90.693653228,375798953,,cycles,100213535,100.00,,
90.793868856,1320,,rD044,100200875,100.00,,
90.793868856,2425325,,rFF44,100200145,100.00,,
90.793868856,541161054,,instructions,100199565,100.00,1.44,insn per cycle
90.793868856,375724833,,cycles,100199735,100.00,,
90.894076313,1317,,rD044,100185605,100.00,,
90.894076313,2426476,,rFF44,100186395,100.00,,
90.894076313,542052423,,instructions,100186505,100.00,1.44,insn per cycle
90.894076313,375685166,,cycles,100186165,100.00,,
90.994283261,1330,,rD044,100207094,100.00,,
90.994283261,2425760,,rFF44,100208544,100.00,,
90.994283261,542012586,,instructions,100209064,100.00,1.44,insn per cycle
90.994283261,375785281,,cycles,100209904,100.00,,
91.094495129,1462,,rD044,100210535,100.00,,
91.094495129,2427624,,rFF44,100208385,100.00,,
91.094495129,541774164,,instructions,100207745,100.00,1.44,insn per cycle
91.094495129,375776553,,cycles,100207565,100.00,,
91.194720216,1315,,rD044,100224345,100.00,,
91.194720216,2428720,,rFF44,100224205,100.00,,
91.194720216,542154126,,instructions,100224295,100.00,1.44,insn per cycle
91.194720216,375839527,,cycles,100224345,100.00,,
91.294963064,1338,,rD044,100242515,100.00,,
91.294963064,2429836,,rFF44,100242635,100.00,,
91.294963064,542542739,,instructions,100242575,100.00,1.44,insn per cycle
91.294963064,375910292,,cycles,100243235,100.00,,
91.395172262,1452,,rD044,100208645,100.00,,
91.395172262,2428202,,rFF44,100209125,100.00,,
91.395172262,542390230,,instructions,100209425,100.00,1.44,insn per cycle
91.395172262,375778579,,cycles,100208015,100.00,,
91.495379650,1217,,rD044,100206545,100.00,,
91.495379650,2428750,,rFF44,100206865,100.00,,
91.495379650,542266991,,instructions,100206815,100.00,1.44,insn per cycle
91.495379650,375776724,,cycles,100207705,100.00,,
91.595589717,1600,,rD044,100208854,100.00,,
91.595589717,2428344,,rFF44,100208414,100.00,,
91.595589717,542142207,,instructions,100208164,100.00,1.44,insn per cycle
91.595589717,375776881,,cycles,100207654,100.00,,
91.695796475,1390,,rD044,100206705,100.00,,
91.695796475,2429692,,rFF44,100207115,100.00,,
91.695796475,542097391,,instructions,100207075,100.00,1.44,insn per cycle
91.695796475,375775655,,cycles,100207325,100.00,,
91.796005252,1214,,rD044,100189805,100.00,,
91.796005252,2430910,,rFF44,100189155,100.00,,
91.796005252,542204089,,instructions,100189615,100.00,1.44,insn per cycle
91.796005252,375687091,,cycles,100189965,100.00,,
91.896215490,1242,,rD044,100210275,100.00,,
91.896215490,2432901,,rFF44,100210675,100.00,,
91.896215490,542838774,,instructions,100209885,100.00,1.44,insn per cycle
91.896215490,375784502,,cycles,100209475,100.00,,
91.996427138,1512,,rD044,100210474,100.00,,
91.996427138,2431417,,rFF44,100210495,100.00,,
91.996427138,542010568,,instructions,100211395,100.00,1.44,insn per cycle
91.996427138,375790515,,cycles,100211505,100.00,,
92.096637555,1271,,rD044,100209765,100.00,,
92.096637555,2431032,,rFF44,100209614,100.00,,
92.096637555,542010786,,instructions,100209674,100.00,1.44,insn per cycle
92.096637555,375785242,,cycles,100209784,100.00,,
92.196849283,1321,,rD044,100211475,100.00,,
92.196849283,2430845,,rFF44,100211365,100.00,,
92.196849283,541912396,,instructions,100210675,100.00,1.44,insn per cycle
92.196849283,375787451,,cycles,100210555,100.00,,
92.297060771,1342,,rD044,100210645,100.00,,
92.297060771,2432664,,rFF44,100210845,100.00,,
92.297060771,542581802,,instructions,100211725,100.00,1.44,insn per cycle
92.297060771,375792888,,cycles,100211685,100.00,,
92.397271148,1226,,rD044,100209925,100.00,,
92.397271148,2433462,,rFF44,100209625,100.00,,
92.397271148,542751245,,instructions,100208455,100.00,1.44,insn per cycle
92.397271148,375780060,,cycles,100208745,100.00,,
92.497484136,1380,,rD044,100211864,100.00,,
92.497484136,2430817,,rFF44,100212015,100.00,,
92.497484136,541586604,,instructions,100211905,100.00,1.44,insn per cycle
92.497484136,375792987,,cycles,100211865,100.00,,
92.597711714,1376,,rD044,100227155,100.00,,
92.597711714,2433526,,rFF44,100227184,100.00,,
92.597711714,542326982,,instructions,100228264,100.00,1.44,insn per cycle
92.597711714,375856222,,cycles,100228894,100.00,,
92.697922321,1357,,rD044,100210355,100.00,,
92.697922321,2434583,,rFF44,100210235,100.00,,
92.697922321,542829008,,instructions,100210405,100.00,1.44,insn per cycle
92.697922321,375776298,,cycles,100209825,100.00,,
92.798135349,1225,,rD044,100212195,100.00,,
92.798135349,2431118,,rFF44,100211865,100.00,,
92.798135349,542134151,,instructions,100210975,100.00,1.44,insn per cycle
92.798135349,375787270,,cycles,100210425,100.00,,
92.898346587,1323,,rD044,100177985,100.00,,
92.898346587,2430918,,rFF44,100178405,100.00,,
92.898346587,541883318,,instructions,100178885,100.00,1.44,insn per cycle
92.898346587,375649317,,cycles,100179565,100.00,,
92.998573974,1759,,rD044,100215025,100.00,,
92.998573974,2433330,,rFF44,100215165,100.00,,
92.998573974,541902965,,instructions,100214745,100.00,1.44,insn per cycle
92.998573974,375769912,,cycles,100213805,100.00,,
93.098790492,1544,,rD044,100207164,100.00,,
93.098790492,2429688,,rFF44,100206935,100.00,,
93.098790492,541770658,,instructions,100206725,100.00,1.44,insn per cycle
93.098790492,375755413,,cycles,100207045,100.00,,
93.199010470,1351,,rD044,100219365,100.00,,
93.199010470,2433237,,rFF44,100219764,100.00,,
93.199010470,542698365,,instructions,100220244,100.00,1.44,insn per cycle
93.199010470,375829459,,cycles,100221664,100.00,,
93.299220518,1514,,rD044,100209345,100.00,,
93.299220518,2431331,,rFF44,100208385,100.00,,
93.299220518,542323861,,instructions,100208345,100.00,1.44,insn per cycle
93.299220518,375774936,,cycles,100207135,100.00,,
93.399429525,1462,,rD044,100208385,100.00,,
93.399429525,2432164,,rFF44,100209925,100.00,,
93.399429525,542133818,,instructions,100210365,100.00,1.44,insn per cycle
93.399429525,375788805,,cycles,100210615,100.00,,
93.499640893,1388,,rD044,100210665,100.00,,
93.499640893,2432249,,rFF44,100210445,100.00,,
93.499640893,542255078,,instructions,100209675,100.00,1.44,insn per cycle
93.499640893,375784459,,cycles,100209895,100.00,,
93.599850930,1449,,rD044,100209555,100.00,,
93.599850930,2431007,,rFF44,100209075,100.00,,
93.599850930,541826226,,instructions,100209995,100.00,1.44,insn per cycle
93.599850930,375783520,,cycles,100209425,100.00,,
93.700062748,3330416,,rD044,100211214,100.00,,
93.700062748,19880250,,rFF44,100211454,100.00,,
93.700062748,645159259,,instructions,100210804,100.00,1.72,insn per cycle
93.700062748,375790851,,cycles,100211154,100.00,,
93.800272286,4738199,,rD044,100194965,100.00,,
93.800272286,27332715,,rFF44,100195065,100.00,,
93.800272286,683419496,,instructions,100195465,100.00,1.82,insn per cycle
93.800272286,375712151,,cycles,100195855,100.00,,
93.900483983,4778252,,rD044,100210625,100.00,,
93.900483983,27539029,,rFF44,100210655,100.00,,
93.900483983,687876112,,instructions,100209855,100.00,1.83,insn per cycle
93.900483983,375780763,,cycles,100208675,100.00,,
94.000728821,4739808,,rD044,100245005,100.00,,
94.000728821,27341983,,rFF44,100245325,100.00,,
94.000728821,684082880,,instructions,100245605,100.00,1.82,insn per cycle
94.000728821,375921880,,cycles,100246335,100.00,,
94.100940989,4664063,,rD044,100211165,100.00,,
94.100940989,27062879,,rFF44,100210845,100.00,,
94.100940989,677414613,,instructions,100211105,100.00,1.80,insn per cycle
94.100940989,375788775,,cycles,100210805,100.00,,
94.201154357,4611910,,rD044,100212854,100.00,,
94.201154357,26667580,,rFF44,100212525,100.00,,
94.201154357,670281459,,instructions,100212125,100.00,1.78,insn per cycle
94.201154357,375796577,,cycles,100212905,100.00,,
94.301366554,4716883,,rD044,100211225,100.00,,
94.301366554,27254136,,rFF44,100210754,100.00,,
94.301366554,685723704,,instructions,100211504,100.00,1.82,insn per cycle
94.301366554,375790775,,cycles,100211364,100.00,,
94.401575772,4721073,,rD044,100208485,100.00,,
94.401575772,27323698,,rFF44,100209345,100.00,,
94.401575772,687352949,,instructions,100209045,100.00,1.83,insn per cycle
94.401575772,375781840,,cycles,100208885,100.00,,
94.501788210,4735657,,rD044,100211975,100.00,,
94.501788210,27243718,,rFF44,100212205,100.00,,
94.501788210,685182693,,instructions,100211785,100.00,1.82,insn per cycle
94.501788210,375790066,,cycles,100211235,100.00,,
94.602000067,4686036,,rD044,100212025,100.00,,
94.602000067,27158809,,rFF44,100211815,100.00,,
94.602000067,683423687,,instructions,100212415,100.00,1.82,insn per cycle
94.602000067,375795090,,cycles,100212635,100.00,,
94.702215375,1813651,,rD044,100214695,100.00,,
94.702215375,25117633,,rFF44,100214795,100.00,,
94.702215375,1802349280,,instructions,100214705,100.00,4.80,insn per cycle
94.702215375,375809149,,cycles,100216155,100.00,,
94.802435473,1562650,,rD044,100192634,100.00,,
94.802435473,25075702,,rFF44,100192164,100.00,,
94.802435473,1903695225,,instructions,100192324,100.00,5.07,insn per cycle
94.802435473,375678677,,cycles,100191874,100.00,,
94.902653080,1596589,,rD044,100217075,100.00,,
94.902653080,25050931,,rFF44,100216825,100.00,,
94.902653080,1901804372,,instructions,100216145,100.00,5.06,insn per cycle
94.902653080,375803623,,cycles,100214875,100.00,,
95.002865078,3780242,,rD044,100211335,100.00,,
95.002865078,26921138,,rFF44,100211975,100.00,,
95.002865078,1111147994,,instructions,100212205,100.00,2.96,insn per cycle
95.002865078,375794967,,cycles,100212265,100.00,,
95.103091206,6911634,,rD044,100225475,100.00,,
95.103091206,30065368,,rFF44,100225035,100.00,,
95.103091206,37538783,,instructions,100224855,100.00,0.10,insn per cycle
95.103091206,375843260,,cycles,100225455,100.00,,
95.203304964,6822017,,rD044,100212775,100.00,,
95.203304964,29788355,,rFF44,100212785,100.00,,
95.203304964,40856391,,instructions,100213665,100.00,0.11,insn per cycle
95.203304964,375798276,,cycles,100213255,100.00,,
95.303518511,6933035,,rD044,100212825,100.00,,
95.303518511,29728737,,rFF44,100212865,100.00,,
95.303518511,37128150,,instructions,100212545,100.00,0.10,insn per cycle
95.303518511,375795222,,cycles,100212545,100.00,,
95.403748029,6925583,,rD044,100228334,100.00,,
95.403748029,29893151,,rFF44,100228124,100.00,,
95.403748029,37329888,,instructions,100228144,100.00,0.10,insn per cycle
95.403748029,375853616,,cycles,100228114,100.00,,
95.503958577,2006134,,rD044,100210675,100.00,,
95.503958577,25048392,,rFF44,100210745,100.00,,
95.503958577,443880826,,instructions,100210295,100.00,1.18,insn per cycle
95.503958577,375790891,,cycles,100211395,100.00,,
95.604170314,1727198,,rD044,100210745,100.00,,
95.604170314,25605916,,rFF44,100210275,100.00,,
95.604170314,501352571,,instructions,100211285,100.00,1.33,insn per cycle
95.604170314,375789176,,cycles,100210925,100.00,,
95.704384192,2717613,,rD044,100213145,100.00,,
95.704384192,35528317,,rFF44,100213145,100.00,,
95.704384192,705624909,,instructions,100213575,100.00,1.88,insn per cycle
95.704384192,375795468,,cycles,100212725,100.00,,
95.804589960,3449879,,rD044,9498349706,100.00,,
95.804589960,61360406,,rFF44,9547742272,100.00,,
95.804589960,30098705765,,instructions,9588452116,100.00,0.83,insn per cycle
95.804589960,36089536584,,cycles,9628112559,100.00,,
95.906187833,3986859,,rD044,13002059803,100.00,,
95.906187833,75806548,,rFF44,13000121029,100.00,,
95.906187833,41025029170,,instructions,12999760092,100.00,0.84,insn per cycle
95.906187833,48751765789,,cycles,13000575716,100.00,,
96.007765116,45981811,,rD044,8538028679,100.00,,
96.007765116,163289880,,rFF44,8555444768,100.00,,
96.007765116,18450365326,,instructions,8578889500,100.00,0.57,insn per cycle
96.007765116,32260317173,,cycles,8604156113,100.00,,
96.109961286,11097878,,rD044,13076369532,100.00,,
96.109961286,71666043,,rFF44,13050068298,100.00,,
96.109961286,55937733895,,instructions,13022060834,100.00,1.15,insn per cycle
96.109961286,48718041884,,cycles,12991581821,100.00,,
96.211361537,4972253,,rD044,13013349778,100.00,,
96.211361537,31467415,,rFF44,13077106708,100.00,,
96.211361537,102703410151,,instructions,13136048160,100.00,2.08,insn per cycle
96.211361537,49482558970,,cycles,13195398678,100.00,,
96.314796121,18881097,,rD044,13208060433,100.00,,
96.314796121,144946008,,rFF44,13151971905,100.00,,
96.314796121,38095462538,,instructions,13099239113,100.00,0.78,insn per cycle
96.314796121,48910935547,,cycles,13043029210,100.00,,
96.416321713,3964599,,rD044,12995731015,100.00,,
96.416321713,78146157,,rFF44,12995064159,100.00,,
96.416321713,40610505159,,instructions,12993318547,100.00,0.83,insn per cycle
96.416321713,48725980716,,cycles,12993660185,100.00,,
96.517882836,29901470,,rD044,3971402768,100.00,,
96.517882836,179221943,,rFF44,4036739230,100.00,,
96.517882836,6825090866,,instructions,4096946068,100.00,0.44,insn per cycle
96.517882836,15570100550,,cycles,4153048086,100.00,,
96.621520072,125862195,,rD044,13262491569,100.00,,
96.621520072,695420393,,rFF44,13261116593,100.00,,
96.621520072,14727309396,,instructions,13248964615,100.00,0.30,insn per cycle
96.621520072,49569370108,,cycles,13218632957,100.00,,
96.724866995,128112731,,rD044,13227734133,100.00,,
96.724866995,688009693,,rFF44,13225912363,100.00,,
96.724866995,14652653278,,instructions,13247248450,100.00,0.29,insn per cycle
96.724866995,49839134337,,cycles,13290551203,100.00,,
96.828684963,128303418,,rD044,13290586944,100.00,,
96.828684963,707118513,,rFF44,13293372733,100.00,,
96.828684963,14547061759,,instructions,13282322601,100.00,0.29,insn per cycle
96.828684963,49757364141,,cycles,13268709658,100.00,,
96.932411571,128641255,,rD044,13274004481,100.00,,
96.932411571,701058196,,rFF44,13273130060,100.00,,
96.932411571,14513874546,,instructions,13275981595,100.00,0.29,insn per cycle
96.932411571,49800684445,,cycles,13280270178,100.00,,
97.035965616,128915116,,rD044,13255577217,100.00,,
97.035965616,695592414,,rFF44,13254066754,100.00,,
97.035965616,14639709521,,instructions,13254004977,100.00,0.29,insn per cycle
97.035965616,49704167868,,cycles,13254518744,100.00,,
97.139612052,127765890,,rD044,13267686453,100.00,,
97.139612052,705095165,,rFF44,13272700899,100.00,,
97.139612052,14602201526,,instructions,13271917261,100.00,0.29,insn per cycle
97.139612052,49750606731,,cycles,13266905146,100.00,,
97.243251228,129386387,,rD044,13264955040,100.00,,
97.243251228,701848052,,rFF44,13261144193,100.00,,
97.243251228,14413853345,,instructions,13263972948,100.00,0.29,insn per cycle
97.243251228,49770193245,,cycles,13272132256,100.00,,
97.346973826,129157799,,rD044,13273518142,100.00,,
97.346973826,697244647,,rFF44,13274509062,100.00,,
97.346973826,14695475694,,instructions,13270726535,100.00,0.30,insn per cycle
97.346973826,49735450806,,cycles,13262868221,100.00,,
97.450583971,127570753,,rD044,13272936763,100.00,,
97.450583971,704987571,,rFF44,13270316182,100.00,,
97.450583971,14609208904,,instructions,13269741664,100.00,0.29,insn per cycle
97.450583971,49775333476,,cycles,13273574828,100.00,,
97.554242218,129458879,,rD044,13264762756,100.00,,
97.554242218,700752814,,rFF44,13269887650,100.00,,
97.554242218,14448241993,,instructions,13275962297,100.00,0.29,insn per cycle
97.554242218,49807927766,,cycles,13282353274,100.00,,
97.658114417,129422431,,rD044,13286322579,100.00,,
97.658114417,699516717,,rFF44,13274706586,100.00,,
97.658114417,14597934969,,instructions,13269362927,100.00,0.29,insn per cycle
97.658114417,49737016378,,cycles,13263332389,100.00,,
97.761610321,126989515,,rD044,13216408775,100.00,,
97.761610321,699473412,,rFF44,13192132006,100.00,,
97.761610321,14564847488,,instructions,13203397713,100.00,0.29,insn per cycle
97.761610321,49498517225,,cycles,13199876836,100.00,,
97.864770402,129320813,,rD044,13238098664,100.00,,
97.864770402,700729426,,rFF44,13275491268,100.00,,
97.864770402,14373545084,,instructions,13264857008,100.00,0.29,insn per cycle
97.864770402,49766528825,,cycles,13271359439,100.00,,
97.968491889,129088178,,rD044,13274939361,100.00,,
97.968491889,700709408,,rFF44,13262566868,100.00,,
97.968491889,14553804121,,instructions,13258277074,100.00,0.29,insn per cycle
97.968491889,49687147812,,cycles,13250082357,100.00,,
98.071974554,128394193,,rD044,13239808961,100.00,,
98.071974554,704931086,,rFF44,13216399891,100.00,,
98.071974554,14437706092,,instructions,13234496003,100.00,0.29,insn per cycle
98.071974554,49673729583,,cycles,13246600252,100.00,,
98.175502029,129409803,,rD044,13262278994,100.00,,
98.175502029,699265814,,rFF44,13296696907,100.00,,
98.175502029,14457984957,,instructions,13281963035,100.00,0.29,insn per cycle
98.175502029,49788352235,,cycles,13277005363,100.00,,
98.279235896,128222885,,rD044,13271959552,100.00,,
98.279235896,700092542,,rFF44,13269498074,100.00,,
98.279235896,14691360265,,instructions,13270362269,100.00,0.30,insn per cycle
98.279235896,49734325430,,cycles,13262618535,100.00,,
98.382805791,128406216,,rD044,13255937199,100.00,,
98.382805791,706077558,,rFF44,13251624775,100.00,,
98.382805791,14473589611,,instructions,13217814447,100.00,0.29,insn per cycle
98.382805791,49599780307,,cycles,13226688985,100.00,,
98.486159604,129378500,,rD044,13237592830,100.00,,
98.486159604,695578440,,rFF44,13245686907,100.00,,
98.486159604,14543660964,,instructions,13281295094,100.00,0.29,insn per cycle
98.486159604,49801757833,,cycles,13280544659,100.00,,
98.590029563,128223200,,rD044,13287206327,100.00,,
98.590029563,703041876,,rFF44,13280651109,100.00,,
98.590029563,14598398747,,instructions,13273232029,100.00,0.29,insn per cycle
98.590029563,49747668856,,cycles,13266189684,100.00,,
98.693511548,128784810,,rD044,13245855905,100.00,,
98.693511548,707251302,,rFF44,13249488261,100.00,,
98.693511548,14426695420,,instructions,13228242743,100.00,0.29,insn per cycle
98.693511548,49497483631,,cycles,13199689869,100.00,,
98.796855821,129121383,,rD044,13222359896,100.00,,
98.796855821,691541983,,rFF44,13221078774,100.00,,
98.796855821,14479048064,,instructions,13254287847,100.00,0.29,insn per cycle
98.796855821,49854627482,,cycles,13294971849,100.00,,
98.891004610,85418519,,rD044,11213908001,100.00,,
98.891004610,480514596,,rFF44,11103840442,100.00,,
98.891004610,16464778136,,instructions,10997125264,100.00,0.40,insn per cycle
98.891004610,40839407775,,cycles,10891227266,100.00,,
