0.100116111,52372,,rD044,51686040,100.00,,
0.100116111,998182,,rFF44,51686040,100.00,,
0.100116111,656042794,,instructions,51686040,100.00,3.54,insn per cycle
0.100116111,185281953,,cycles,51686040,100.00,,
0.200320033,31123,,rD044,51681722,100.00,,
0.200320033,829823,,rFF44,51687282,100.00,,
0.200320033,763316880,,instructions,51692152,100.00,4.07,insn per cycle
0.200320033,187378430,,cycles,51696322,100.00,,
0.300501932,32189,,rD044,54655037,100.00,,
0.300501932,803860,,rFF44,54649477,100.00,,
0.300501932,824870819,,instructions,54644607,100.00,4.15,insn per cycle
0.300501932,198781394,,cycles,54648577,100.00,,
0.400690191,32877,,rD044,54587190,100.00,,
0.400690191,805772,,rFF44,54593260,100.00,,
0.400690191,823750934,,instructions,54597980,100.00,4.15,insn per cycle
0.400690191,198494086,,cycles,54594470,100.00,,
0.500879330,2703,,rD044,52741217,100.00,,
0.500879330,772478,,rFF44,52740297,100.00,,
0.500879330,791865192,,instructions,52740807,100.00,4.14,insn per cycle
0.500879330,191283089,,cycles,52740687,100.00,,
0.601067750,32925,,rD044,53761820,100.00,,
0.601067750,795529,,rFF44,53756670,100.00,,
0.601067750,805471751,,instructions,53751440,100.00,4.13,insn per cycle
0.601067750,195203091,,cycles,53746930,100.00,,
0.701258079,32753,,rD044,54904987,100.00,,
0.701258079,789779,,rFF44,54904987,100.00,,
0.701258079,827359071,,instructions,54904987,100.00,4.14,insn per cycle
0.701258079,199728525,,cycles,54904987,100.00,,
0.801428507,32661,,rD044,53293401,100.00,,
0.801428507,807219,,rFF44,53298831,100.00,,
0.801428507,794194560,,instructions,53303741,100.00,4.11,insn per cycle
0.801428507,193463818,,cycles,53308551,100.00,,
0.901617897,33313,,rD044,53130484,100.00,,
0.901617897,817656,,rFF44,53129004,100.00,,
0.901617897,790961777,,instructions,53124094,100.00,4.10,insn per cycle
0.901617897,192725493,,cycles,53119284,100.00,,
1.001804365,32966,,rD044,55483399,100.00,,
1.001804365,806079,,rFF44,55479449,100.00,,
1.001804365,836236181,,instructions,55479449,100.00,4.14,insn per cycle
1.001804365,201963637,,cycles,55479449,100.00,,
1.101980054,32833,,rD044,53912883,100.00,,
1.101980054,807351,,rFF44,53918153,100.00,,
1.101980054,806602042,,instructions,53923573,100.00,4.12,insn per cycle
1.101980054,195859397,,cycles,53928143,100.00,,
1.202170972,32789,,rD044,52670789,100.00,,
1.202170972,778816,,rFF44,52671139,100.00,,
1.202170972,783281588,,instructions,52671279,100.00,4.10,insn per cycle
1.202170972,191006668,,cycles,52672039,100.00,,
1.302359951,32612,,rD044,54972045,100.00,,
1.302359951,800327,,rFF44,54973035,100.00,,
1.302359951,821707912,,instructions,54970705,100.00,4.11,insn per cycle
1.302359951,199978190,,cycles,54965375,100.00,,
1.402550990,32757,,rD044,53514285,100.00,,
1.402550990,814361,,rFF44,53507675,100.00,,
1.402550990,796287756,,instructions,53504445,100.00,4.10,insn per cycle
1.402550990,194287223,,cycles,53504445,100.00,,
1.502724408,32644,,rD044,53473591,100.00,,
1.502724408,822122,,rFF44,53473591,100.00,,
1.502724408,800741461,,instructions,53473591,100.00,4.12,insn per cycle
1.502724408,194119143,,cycles,53473591,100.00,,
1.602898668,32642,,rD044,52896611,100.00,,
1.602898668,817208,,rFF44,52901691,100.00,,
1.602898668,789395497,,instructions,52906701,100.00,4.11,insn per cycle
1.602898668,191906202,,cycles,52910941,100.00,,
1.703084607,32769,,rD044,52476306,100.00,,
1.703084607,811479,,rFF44,52477186,100.00,,
1.703084607,781652353,,instructions,52490286,100.00,4.11,insn per cycle
1.703084607,190324000,,cycles,52490536,100.00,,
1.803282456,2357,,rD044,52494657,100.00,,
1.803282456,779099,,rFF44,52494397,100.00,,
1.803282456,779742156,,instructions,52481947,100.00,4.10,insn per cycle
1.803282456,190297605,,cycles,52482907,100.00,,
1.903471775,32626,,rD044,52469498,100.00,,
1.903471775,812862,,rFF44,52469718,100.00,,
1.903471775,779699897,,instructions,52468798,100.00,4.10,insn per cycle
1.903471775,190239430,,cycles,52467908,100.00,,
2.003662834,33015,,rD044,52584987,100.00,,
2.003662834,820073,,rFF44,52584687,100.00,,
2.003662834,787550169,,instructions,52584658,100.00,4.13,insn per cycle
2.003662834,190710308,,cycles,52584208,100.00,,
2.103852393,32860,,rD044,52931895,100.00,,
2.103852393,821538,,rFF44,52926275,100.00,,
2.103852393,791371129,,instructions,52921564,100.00,4.12,insn per cycle
2.103852393,191999998,,cycles,52917454,100.00,,
2.204025191,32532,,rD044,53135968,100.00,,
2.204025191,783143,,rFF44,53135968,100.00,,
2.204025191,795319309,,instructions,53135968,100.00,4.12,insn per cycle
2.204025191,192814830,,cycles,53135968,100.00,,
2.304192980,32762,,rD044,52088885,100.00,,
2.304192980,818405,,rFF44,52094715,100.00,,
2.304192980,762913055,,instructions,52099405,100.00,4.04,insn per cycle
2.304192980,188821047,,cycles,52104865,100.00,,
2.404383829,32631,,rD044,51236865,100.00,,
2.404383829,823979,,rFF44,51236615,100.00,,
2.404383829,758821323,,instructions,51236675,100.00,4.09,insn per cycle
2.404383829,185663033,,cycles,51235515,100.00,,
2.504572988,32626,,rD044,53231684,100.00,,
2.504572988,813941,,rFF44,53226104,100.00,,
2.504572988,797562671,,instructions,53221354,100.00,4.13,insn per cycle
2.504572988,193226968,,cycles,53217054,100.00,,
2.604753266,32899,,rD044,53051604,100.00,,
2.604753266,822963,,rFF44,53051604,100.00,,
2.604753266,791336155,,instructions,53051604,100.00,4.11,insn per cycle
2.604753266,192516683,,cycles,53051604,100.00,,
2.704924985,2301,,rD044,53195884,100.00,,
2.704924985,796860,,rFF44,53195884,100.00,,
2.704924985,790099747,,instructions,53195884,100.00,4.09,insn per cycle
2.704924985,193072412,,cycles,53195884,100.00,,
2.805092623,32654,,rD044,53474721,100.00,,
2.805092623,814561,,rFF44,53474721,100.00,,
2.805092623,794100722,,instructions,53474721,100.00,4.09,insn per cycle
2.805092623,194106214,,cycles,53474721,100.00,,
2.905293972,33153,,rD044,53310976,100.00,,
2.905293972,814137,,rFF44,53310976,100.00,,
2.905293972,799782664,,instructions,53310976,100.00,4.13,insn per cycle
2.905293972,193497455,,cycles,53310976,100.00,,
3.005468021,32902,,rD044,52541068,100.00,,
3.005468021,807182,,rFF44,52541068,100.00,,
3.005468021,790403235,,instructions,52541068,100.00,4.15,insn per cycle
3.005468021,190568100,,cycles,52541068,100.00,,
3.105644230,32567,,rD044,52442244,100.00,,
3.105644230,812086,,rFF44,52442244,100.00,,
3.105644230,772392354,,instructions,52442244,100.00,4.06,insn per cycle
3.105644230,190180216,,cycles,52442244,100.00,,
3.205818328,32783,,rD044,52397149,100.00,,
3.205818328,790535,,rFF44,52397149,100.00,,
3.205818328,777372763,,instructions,52397149,100.00,4.09,insn per cycle
3.205818328,189984913,,cycles,52397149,100.00,,
3.305987187,32560,,rD044,52778076,100.00,,
3.305987187,825209,,rFF44,52778076,100.00,,
3.305987187,791759938,,instructions,52778076,100.00,4.14,insn per cycle
3.305987187,191425547,,cycles,52778076,100.00,,
3.406162145,33293,,rD044,52694511,100.00,,
3.406162145,823600,,rFF44,52694511,100.00,,
3.406162145,787306796,,instructions,52694511,100.00,4.12,insn per cycle
3.406162145,191131935,,cycles,52694511,100.00,,
3.506336644,32866,,rD044,52438645,100.00,,
3.506336644,810117,,rFF44,52438645,100.00,,
3.506336644,781692917,,instructions,52438645,100.00,4.11,insn per cycle
3.506336644,190147773,,cycles,52438645,100.00,,
3.606511222,2066,,rD044,52188998,100.00,,
3.606511222,774680,,rFF44,52188998,100.00,,
3.606511222,783942766,,instructions,52188998,100.00,4.14,insn per cycle
3.606511222,189197012,,cycles,52188998,100.00,,
3.706682151,32669,,rD044,52475860,100.00,,
3.706682151,816712,,rFF44,52475860,100.00,,
3.706682151,784979053,,instructions,52475860,100.00,4.13,insn per cycle
3.706682151,190286308,,cycles,52475860,100.00,,
3.806850629,33103,,rD044,52614368,100.00,,
3.806850629,821119,,rFF44,52614368,100.00,,
3.806850629,787432046,,instructions,52614368,100.00,4.13,insn per cycle
3.806850629,190780950,,cycles,52614368,100.00,,
3.907024167,32936,,rD044,52295874,100.00,,
3.907024167,822656,,rFF44,52295874,100.00,,
3.907024167,776070015,,instructions,52295874,100.00,4.09,insn per cycle
3.907024167,189604950,,cycles,52295874,100.00,,
4.007198416,32661,,rD044,52215810,100.00,,
4.007198416,813576,,rFF44,52215810,100.00,,
4.007198416,770086147,,instructions,52215810,100.00,4.07,insn per cycle
4.007198416,189243583,,cycles,52215810,100.00,,
4.107373465,32732,,rD044,52300067,100.00,,
4.107373465,778434,,rFF44,52308657,100.00,,
4.107373465,783601314,,instructions,52311847,100.00,4.13,insn per cycle
4.107373465,189612763,,cycles,52311847,100.00,,
4.207562844,32817,,rD044,52511657,100.00,,
4.207562844,816082,,rFF44,52503067,100.00,,
4.207562844,778813676,,instructions,52499877,100.00,4.09,insn per cycle
4.207562844,190400759,,cycles,52499877,100.00,,
4.307731403,33074,,rD044,52425847,100.00,,
4.307731403,825977,,rFF44,52425847,100.00,,
4.307731403,771211606,,instructions,52425847,100.00,4.06,insn per cycle
4.307731403,190052234,,cycles,52425847,100.00,,
4.407905931,32779,,rD044,52658419,100.00,,
4.407905931,832107,,rFF44,52658419,100.00,,
4.407905931,791334975,,instructions,52658419,100.00,4.14,insn per cycle
4.407905931,190955476,,cycles,52658419,100.00,,
4.508079380,1964,,rD044,52483855,100.00,,
4.508079380,783696,,rFF44,52483855,100.00,,
4.508079380,783538647,,instructions,52483855,100.00,4.12,insn per cycle
4.508079380,190303448,,cycles,52483855,100.00,,
4.608283189,33132,,rD044,52800196,100.00,,
4.608283189,816662,,rFF44,52800196,100.00,,
4.608283189,789488345,,instructions,52800196,100.00,4.12,insn per cycle
4.608283189,191524324,,cycles,52800196,100.00,,
4.708458367,32655,,rD044,52603414,100.00,,
4.708458367,803224,,rFF44,52606154,100.00,,
4.708458367,794080315,,instructions,52606154,100.00,4.16,insn per cycle
4.708458367,190878954,,cycles,52606154,100.00,,
4.808633526,32424,,rD044,52803585,100.00,,
4.808633526,810938,,rFF44,52800845,100.00,,
4.808633526,795187303,,instructions,52800845,100.00,4.15,insn per cycle
4.808633526,191513990,,cycles,52800845,100.00,,
4.908806914,32709,,rD044,52355951,100.00,,
4.908806914,822809,,rFF44,52355951,100.00,,
4.908806914,773885455,,instructions,52355951,100.00,4.08,insn per cycle
4.908806914,189832988,,cycles,52355951,100.00,,
5.008980293,33169,,rD044,52087708,100.00,,
5.008980293,789155,,rFF44,52087708,100.00,,
5.008980293,773811161,,instructions,52087708,100.00,4.10,insn per cycle
5.008980293,188802129,,cycles,52087708,100.00,,
5.109157122,32525,,rD044,52191702,100.00,,
5.109157122,815679,,rFF44,52197722,100.00,,
5.109157122,773796419,,instructions,52202972,100.00,4.09,insn per cycle
5.109157122,189201776,,cycles,52202972,100.00,,
5.209344160,32907,,rD044,52348840,100.00,,
5.209344160,812287,,rFF44,52342820,100.00,,
5.209344160,773361828,,instructions,52337570,100.00,4.08,insn per cycle
5.209344160,189728952,,cycles,52337570,100.00,,
5.309518179,32533,,rD044,52474104,100.00,,
5.309518179,805852,,rFF44,52474104,100.00,,
5.309518179,782558681,,instructions,52474104,100.00,4.11,insn per cycle
5.309518179,190298496,,cycles,52474104,100.00,,
5.409693477,2586,,rD044,52503475,100.00,,
5.409693477,790924,,rFF44,52503475,100.00,,
5.409693477,787549376,,instructions,52503475,100.00,4.14,insn per cycle
5.409693477,190394560,,cycles,52503475,100.00,,
5.509868346,32506,,rD044,52506813,100.00,,
5.509868346,815071,,rFF44,52506813,100.00,,
5.509868346,791851456,,instructions,52506813,100.00,4.16,insn per cycle
5.509868346,190420113,,cycles,52506813,100.00,,
5.610044894,32483,,rD044,52689412,100.00,,
5.610044894,816513,,rFF44,52689412,100.00,,
5.610044894,786872932,,instructions,52689412,100.00,4.12,insn per cycle
5.610044894,191076022,,cycles,52689412,100.00,,
5.710234383,33046,,rD044,52803228,100.00,,
5.710234383,819438,,rFF44,52803228,100.00,,
5.710234383,796538689,,instructions,52803228,100.00,4.16,insn per cycle
5.710234383,191525774,,cycles,52803228,100.00,,
5.810408722,32835,,rD044,52757843,100.00,,
5.810408722,811723,,rFF44,52757843,100.00,,
5.810408722,796361525,,instructions,52757843,100.00,4.16,insn per cycle
5.810408722,191401694,,cycles,52757843,100.00,,
5.910583831,32696,,rD044,52488825,100.00,,
5.910583831,771744,,rFF44,52488825,100.00,,
5.910583831,780348503,,instructions,52488825,100.00,4.10,insn per cycle
5.910583831,190311866,,cycles,52488825,100.00,,
6.010760099,32829,,rD044,52685064,100.00,,
6.010760099,820767,,rFF44,52690754,100.00,,
6.010760099,797315072,,instructions,52695924,100.00,4.17,insn per cycle
6.010760099,191101623,,cycles,52700224,100.00,,
6.110949768,32706,,rD044,52632191,100.00,,
6.110949768,817403,,rFF44,52632191,100.00,,
6.110949768,797018828,,instructions,52632201,100.00,4.18,insn per cycle
6.110949768,190844096,,cycles,52632671,100.00,,
6.211139037,33577,,rD044,52691834,100.00,,
6.211139037,832898,,rFF44,52691764,100.00,,
6.211139037,792827405,,instructions,52691744,100.00,4.15,insn per cycle
6.211139037,191119194,,cycles,52692214,100.00,,
6.311327946,32705,,rD044,52445258,100.00,,
6.311327946,818251,,rFF44,52445088,100.00,,
6.311327946,787118624,,instructions,52444878,100.00,4.14,insn per cycle
6.311327946,190178249,,cycles,52444408,100.00,,
6.411520314,2222,,rD044,52617708,100.00,,
6.411520314,777712,,rFF44,52617708,100.00,,
6.411520314,795575833,,instructions,52617408,100.00,4.17,insn per cycle
6.411520314,190808359,,cycles,52617588,100.00,,
6.511709003,32695,,rD044,52543814,100.00,,
6.511709003,815194,,rFF44,52544014,100.00,,
6.511709003,791607038,,instructions,52544364,100.00,4.16,insn per cycle
6.511709003,190513748,,cycles,52543444,100.00,,
6.611901892,32559,,rD044,52616552,100.00,,
6.611901892,819850,,rFF44,52615832,100.00,,
6.611901892,792605490,,instructions,52615722,100.00,4.15,insn per cycle
6.611901892,190772145,,cycles,52616992,100.00,,
6.712091551,32740,,rD044,53032266,100.00,,
6.712091551,825983,,rFF44,53027336,100.00,,
6.712091551,799401214,,instructions,53022446,100.00,4.16,insn per cycle
6.712091551,192355050,,cycles,53017146,100.00,,
6.812298050,32628,,rD044,53205244,100.00,,
6.812298050,795279,,rFF44,53205244,100.00,,
6.812298050,805177573,,instructions,53205244,100.00,4.17,insn per cycle
6.812298050,193099959,,cycles,53205244,100.00,,
6.912469508,33345,,rD044,53172704,100.00,,
6.912469508,820234,,rFF44,53172704,100.00,,
6.912469508,805323331,,instructions,53172704,100.00,4.17,insn per cycle
6.912469508,192927309,,cycles,53172704,100.00,,
7.012648197,32760,,rD044,52920057,100.00,,
7.012648197,805497,,rFF44,52920057,100.00,,
7.012648197,805338000,,instructions,52920057,100.00,4.19,insn per cycle
7.012648197,192114554,,cycles,52920057,100.00,,
7.112821765,33342,,rD044,53187642,100.00,,
7.112821765,815595,,rFF44,53187642,100.00,,
7.112821765,806716030,,instructions,53187642,100.00,4.18,insn per cycle
7.112821765,193008243,,cycles,53187642,100.00,,
7.212995224,32490,,rD044,53055199,100.00,,
7.212995224,813639,,rFF44,53055199,100.00,,
7.212995224,805486116,,instructions,53055199,100.00,4.18,insn per cycle
7.212995224,192513251,,cycles,53055199,100.00,,
7.313170432,32808,,rD044,53087577,100.00,,
7.313170432,827555,,rFF44,53087577,100.00,,
7.313170432,805701971,,instructions,53087577,100.00,4.18,insn per cycle
7.313170432,192642078,,cycles,53087577,100.00,,
7.413344761,2969,,rD044,49450929,100.00,,
7.413344761,802268,,rFF44,49450929,100.00,,
7.413344761,733787094,,instructions,49450929,100.00,4.11,insn per cycle
7.413344761,178529287,,cycles,49450929,100.00,,
7.513521000,32194,,rD044,52986249,100.00,,
7.513521000,803744,,rFF44,52986249,100.00,,
7.513521000,803957057,,instructions,52986249,100.00,4.18,insn per cycle
7.513521000,192387575,,cycles,52986249,100.00,,
7.613694138,32804,,rD044,52753851,100.00,,
7.613694138,800643,,rFF44,52753851,100.00,,
7.613694138,802312722,,instructions,52753851,100.00,4.19,insn per cycle
7.613694138,191368393,,cycles,52753851,100.00,,
7.713867887,32797,,rD044,52831052,100.00,,
7.713867887,810321,,rFF44,52831052,100.00,,
7.713867887,801355373,,instructions,52831052,100.00,4.18,insn per cycle
7.713867887,191650609,,cycles,52831052,100.00,,
7.814040675,32494,,rD044,52459219,100.00,,
7.814040675,765863,,rFF44,52459219,100.00,,
7.814040675,799706348,,instructions,52459219,100.00,4.20,insn per cycle
7.814040675,190241747,,cycles,52459219,100.00,,
7.914230994,32636,,rD044,52756424,100.00,,
7.914230994,808433,,rFF44,52756424,100.00,,
7.914230994,800185810,,instructions,52756424,100.00,4.18,insn per cycle
7.914230994,191326626,,cycles,52756424,100.00,,
8.014404083,32317,,rD044,52307549,100.00,,
8.014404083,800147,,rFF44,52312459,100.00,,
8.014404083,791895276,,instructions,52316969,100.00,4.18,insn per cycle
8.014404083,189669063,,cycles,52321019,100.00,,
8.114592701,32405,,rD044,52541727,100.00,,
8.114592701,793711,,rFF44,52542567,100.00,,
8.114592701,798226770,,instructions,52543157,100.00,4.19,insn per cycle
8.114592701,190495191,,cycles,52543247,100.00,,
8.214782460,2408,,rD044,52414768,100.00,,
8.214782460,769411,,rFF44,52414868,100.00,,
8.214782460,797453189,,instructions,52414908,100.00,4.20,insn per cycle
8.214782460,190062191,,cycles,52415318,100.00,,
8.314971709,32346,,rD044,52692393,100.00,,
8.314971709,804128,,rFF44,52692423,100.00,,
8.314971709,797855306,,instructions,52692033,100.00,4.18,insn per cycle
8.314971709,191100714,,cycles,52692063,100.00,,
8.415159178,32651,,rD044,52341226,100.00,,
8.415159178,809119,,rFF44,52341416,100.00,,
8.415159178,791072685,,instructions,52341706,100.00,4.17,insn per cycle
8.415159178,189736440,,cycles,52341196,100.00,,
8.515347896,33047,,rD044,52565076,100.00,,
8.515347896,815537,,rFF44,52564816,100.00,,
8.515347896,795313002,,instructions,52564976,100.00,4.17,insn per cycle
8.515347896,190586452,,cycles,52565786,100.00,,
8.615536805,32365,,rD044,52359574,100.00,,
8.615536805,801659,,rFF44,52359574,100.00,,
8.615536805,792498599,,instructions,52359194,100.00,4.17,insn per cycle
8.615536805,189828568,,cycles,52359714,100.00,,
8.715725354,32814,,rD044,52362878,100.00,,
8.715725354,767187,,rFF44,52363068,100.00,,
8.715725354,793726746,,instructions,52363818,100.00,4.18,insn per cycle
8.715725354,189853215,,cycles,52362918,100.00,,
8.815914373,32796,,rD044,52502916,100.00,,
8.815914373,798666,,rFF44,52503136,100.00,,
8.815914373,798199294,,instructions,52502186,100.00,4.19,insn per cycle
8.815914373,190368560,,cycles,52503366,100.00,,
8.916116561,32505,,rD044,52793917,100.00,,
8.916116561,798281,,rFF44,52787697,100.00,,
8.916116561,801238004,,instructions,52783077,100.00,4.19,insn per cycle
8.916116561,191432795,,cycles,52777397,100.00,,
9.016292470,32794,,rD044,53087597,100.00,,
9.016292470,795566,,rFF44,53087597,100.00,,
9.016292470,805671191,,instructions,53087597,100.00,4.18,insn per cycle
9.016292470,192615926,,cycles,53087597,100.00,,
9.116466748,32460,,rD044,53123138,100.00,,
9.116466748,802993,,rFF44,53123138,100.00,,
9.116466748,805844782,,instructions,53123138,100.00,4.18,insn per cycle
9.116466748,192742516,,cycles,53123138,100.00,,
9.216640977,1734,,rD044,52472906,100.00,,
9.216640977,772248,,rFF44,52472906,100.00,,
9.216640977,806422776,,instructions,52472906,100.00,4.24,insn per cycle
9.216640977,190267289,,cycles,52472906,100.00,,
9.316815325,32813,,rD044,52606188,100.00,,
9.316815325,809028,,rFF44,52606188,100.00,,
9.316815325,806704126,,instructions,52606188,100.00,4.23,insn per cycle
9.316815325,190778902,,cycles,52606188,100.00,,
9.416988114,32391,,rD044,52483063,100.00,,
9.416988114,795645,,rFF44,52483063,100.00,,
9.416988114,806666907,,instructions,52483063,100.00,4.24,insn per cycle
9.416988114,190288043,,cycles,52483063,100.00,,
9.517162632,32630,,rD044,52611080,100.00,,
9.517162632,796426,,rFF44,52611080,100.00,,
9.517162632,807812953,,instructions,52611080,100.00,4.23,insn per cycle
9.517162632,190774955,,cycles,52611080,100.00,,
9.617337821,32455,,rD044,52509356,100.00,,
9.617337821,800642,,rFF44,52509356,100.00,,
9.617337821,806690272,,instructions,52509356,100.00,4.24,insn per cycle
9.617337821,190431687,,cycles,52509356,100.00,,
9.717517960,32913,,rD044,52450656,100.00,,
9.717517960,783204,,rFF44,52450656,100.00,,
9.717517960,806855241,,instructions,52450656,100.00,4.24,insn per cycle
9.717517960,190170966,,cycles,52450656,100.00,,
9.817691038,32745,,rD044,52350345,100.00,,
9.817691038,784641,,rFF44,52350345,100.00,,
9.817691038,806421565,,instructions,52350345,100.00,4.24,insn per cycle
9.817691038,189984858,,cycles,52350345,100.00,,
9.917864257,32149,,rD044,52477427,100.00,,
9.917864257,794273,,rFF44,52477427,100.00,,
9.917864257,806749305,,instructions,52477427,100.00,4.24,insn per cycle
9.917864257,190288218,,cycles,52477427,100.00,,
10.018038556,32436,,rD044,52519220,100.00,,
10.018038556,785371,,rFF44,52519220,100.00,,
10.018038556,806518130,,instructions,52519220,100.00,4.23,insn per cycle
10.018038556,190581642,,cycles,52519220,100.00,,
10.118226994,33019,,rD044,52721374,100.00,,
10.118226994,804420,,rFF44,52730084,100.00,,
10.118226994,806793958,,instructions,52733234,100.00,4.22,insn per cycle
10.118226994,191279638,,cycles,52733234,100.00,,
10.218416993,2002,,rD044,52470113,100.00,,
10.218416993,775384,,rFF44,52461403,100.00,,
10.218416993,806769630,,instructions,52458253,100.00,4.24,insn per cycle
10.218416993,190182810,,cycles,52458253,100.00,,
10.318591102,32714,,rD044,52615527,100.00,,
10.318591102,807162,,rFF44,52615527,100.00,,
10.318591102,806769328,,instructions,52615527,100.00,4.23,insn per cycle
10.318591102,190818618,,cycles,52615527,100.00,,
10.418764751,32546,,rD044,52631818,100.00,,
10.418764751,808021,,rFF44,52631818,100.00,,
10.418764751,806787306,,instructions,52631818,100.00,4.23,insn per cycle
10.418764751,190878174,,cycles,52631818,100.00,,
10.518939829,32570,,rD044,52639618,100.00,,
10.518939829,801847,,rFF44,52639618,100.00,,
10.518939829,806786818,,instructions,52639618,100.00,4.23,insn per cycle
10.518939829,190902105,,cycles,52639618,100.00,,
10.619120697,32656,,rD044,52320142,100.00,,
10.619120697,795666,,rFF44,52325952,100.00,,
10.619120697,801847364,,instructions,52330462,100.00,4.23,insn per cycle
10.619120697,189779477,,cycles,52334382,100.00,,
10.719308586,32993,,rD044,52635509,100.00,,
10.719308586,771384,,rFF44,52635259,100.00,,
10.719308586,808881505,,instructions,52635439,100.00,4.24,insn per cycle
10.719308586,190905378,,cycles,52636119,100.00,,
10.819496955,32542,,rD044,52466417,100.00,,
10.819496955,808993,,rFF44,52466567,100.00,,
10.819496955,805374418,,instructions,52467017,100.00,4.23,insn per cycle
10.819496955,190275952,,cycles,52467347,100.00,,
10.919684393,33460,,rD044,52372478,100.00,,
10.919684393,810471,,rFF44,52371998,100.00,,
10.919684393,800976807,,instructions,52372038,100.00,4.22,insn per cycle
10.919684393,189895976,,cycles,52371608,100.00,,
11.019872542,32913,,rD044,52437021,100.00,,
11.019872542,793517,,rFF44,52437611,100.00,,
11.019872542,803752379,,instructions,52437461,100.00,4.23,insn per cycle
11.019872542,190150027,,cycles,52437151,100.00,,
11.120061651,32962,,rD044,52392102,100.00,,
11.120061651,801713,,rFF44,52391722,100.00,,
11.120061651,802897674,,instructions,52391262,100.00,4.23,insn per cycle
11.120061651,189957127,,cycles,52391692,100.00,,
11.220263990,1973,,rD044,52161520,100.00,,
11.220263990,759684,,rFF44,52161660,100.00,,
11.220263990,803281731,,instructions,52161880,100.00,4.25,insn per cycle
11.220263990,189104104,,cycles,52162200,100.00,,
11.320453729,32763,,rD044,52307763,100.00,,
11.320453729,797892,,rFF44,52308193,100.00,,
11.320453729,801309054,,instructions,52308013,100.00,4.23,insn per cycle
11.320453729,189649319,,cycles,52307593,100.00,,
11.420639748,32891,,rD044,52475905,100.00,,
11.420639748,814109,,rFF44,52475915,100.00,,
11.420639748,805052054,,instructions,52476745,100.00,4.23,insn per cycle
11.420639748,190319953,,cycles,52476995,100.00,,
11.520828736,32405,,rD044,52673229,100.00,,
11.520828736,803257,,rFF44,52672829,100.00,,
11.520828736,809261741,,instructions,52672209,100.00,4.24,insn per cycle
11.520828736,191051182,,cycles,52671649,100.00,,
11.621016155,32709,,rD044,52507278,100.00,,
11.621016155,792408,,rFF44,52507158,100.00,,
11.621016155,805907782,,instructions,52507268,100.00,4.23,insn per cycle
11.621016155,190401694,,cycles,52507608,100.00,,
11.721201884,32593,,rD044,52477889,100.00,,
11.721201884,768530,,rFF44,52477789,100.00,,
11.721201884,806338007,,instructions,52478369,100.00,4.24,insn per cycle
11.721201884,190267144,,cycles,52478339,100.00,,
11.821391343,32403,,rD044,52159344,100.00,,
11.821391343,791560,,rFF44,52159364,100.00,,
11.821391343,800820707,,instructions,52159404,100.00,4.24,insn per cycle
11.821391343,189080785,,cycles,52159024,100.00,,
11.921577591,32587,,rD044,52258256,100.00,,
11.921577591,796363,,rFF44,52258426,100.00,,
11.921577591,801583986,,instructions,52257766,100.00,4.23,insn per cycle
11.921577591,189485681,,cycles,52258136,100.00,,
12.021766420,32578,,rD044,52005336,100.00,,
12.021766420,807247,,rFF44,52005296,100.00,,
12.021766420,797825586,,instructions,52005436,100.00,4.23,insn per cycle
12.021766420,188521621,,cycles,52005536,100.00,,
12.121956509,1796,,rD044,50949826,100.00,,
12.121956509,759742,,rFF44,50950006,100.00,,
12.121956509,783194472,,instructions,50950396,100.00,4.24,insn per cycle
12.121956509,184536084,,cycles,50950196,100.00,,
12.222146587,32689,,rD044,52536351,100.00,,
12.222146587,791468,,rFF44,52530621,100.00,,
12.222146587,806170758,,instructions,52525201,100.00,4.23,insn per cycle
12.222146587,190444327,,cycles,52520791,100.00,,
12.322320836,32458,,rD044,52527248,100.00,,
12.322320836,791027,,rFF44,52532178,100.00,,
12.322320836,806637477,,instructions,52537668,100.00,4.23,insn per cycle
12.322320836,190583007,,cycles,52537668,100.00,,
12.422504064,32701,,rD044,52772497,100.00,,
12.422504064,841657,,rFF44,52767567,100.00,,
12.422504064,807411637,,instructions,52762077,100.00,4.22,insn per cycle
12.422504064,191407826,,cycles,52762077,100.00,,
12.522678763,32489,,rD044,52502446,100.00,,
12.522678763,799898,,rFF44,52502446,100.00,,
12.522678763,806749883,,instructions,52502446,100.00,4.24,insn per cycle
12.522678763,190363759,,cycles,52502446,100.00,,
12.622860912,32159,,rD044,52422913,100.00,,
12.622860912,776520,,rFF44,52422913,100.00,,
12.622860912,806814452,,instructions,52422913,100.00,4.24,insn per cycle
12.622860912,190075625,,cycles,52422913,100.00,,
12.723035571,32399,,rD044,52577091,100.00,,
12.723035571,796256,,rFF44,52577091,100.00,,
12.723035571,806645528,,instructions,52577091,100.00,4.23,insn per cycle
12.723035571,190675292,,cycles,52577091,100.00,,
12.823224059,32449,,rD044,52475347,100.00,,
12.823224059,792319,,rFF44,52475347,100.00,,
12.823224059,806712482,,instructions,52475347,100.00,4.24,insn per cycle
12.823224059,190292461,,cycles,52475347,100.00,,
12.923397908,32525,,rD044,52631382,100.00,,
12.923397908,792409,,rFF44,52631382,100.00,,
12.923397908,806490495,,instructions,52631382,100.00,4.22,insn per cycle
12.923397908,190892561,,cycles,52631382,100.00,,
13.023571627,32409,,rD044,52277639,100.00,,
13.023571627,794886,,rFF44,52277639,100.00,,
13.023571627,802924325,,instructions,52277639,100.00,4.24,insn per cycle
13.023571627,189513032,,cycles,52277639,100.00,,
13.123745185,1742,,rD044,50809164,100.00,,
13.123745185,777556,,rFF44,50814605,100.00,,
13.123745185,782636251,,instructions,50819035,100.00,4.26,insn per cycle
13.123745185,183890685,,cycles,50823725,100.00,,
13.223934134,32906,,rD044,52582289,100.00,,
13.223934134,813851,,rFF44,52582818,100.00,,
13.223934134,808862399,,instructions,52583968,100.00,4.24,insn per cycle
13.223934134,190697104,,cycles,52583598,100.00,,
13.324125203,32914,,rD044,52219390,100.00,,
13.324125203,811112,,rFF44,52213420,100.00,,
13.324125203,799155998,,instructions,52207840,100.00,4.22,insn per cycle
13.324125203,189240622,,cycles,52203520,100.00,,
13.424296932,33032,,rD044,51023275,100.00,,
13.424296932,816268,,rFF44,51023275,100.00,,
13.424296932,773620270,,instructions,51023275,100.00,4.19,insn per cycle
13.424296932,184542911,,cycles,51023275,100.00,,
13.524471710,32694,,rD044,51080282,100.00,,
13.524471710,785096,,rFF44,51080282,100.00,,
13.524471710,773637312,,instructions,51080282,100.00,4.18,insn per cycle
13.524471710,184871232,,cycles,51080282,100.00,,
13.624647229,32454,,rD044,51678208,100.00,,
13.624647229,811848,,rFF44,51684008,100.00,,
13.624647229,782181894,,instructions,51689278,100.00,4.18,insn per cycle
13.624647229,187176440,,cycles,51694528,100.00,,
13.724836127,32806,,rD044,52643446,100.00,,
13.724836127,819460,,rFF44,52642896,100.00,,
13.724836127,803017334,,instructions,52642496,100.00,4.21,insn per cycle
13.724836127,190864119,,cycles,52641916,100.00,,
13.825025156,1852,,rD044,52423539,100.00,,
13.825025156,784058,,rFF44,52418289,100.00,,
13.825025156,803752677,,instructions,52413419,100.00,4.23,insn per cycle
13.825025156,190035510,,cycles,52408749,100.00,,
13.925197094,32354,,rD044,50941347,100.00,,
13.925197094,805105,,rFF44,50941347,100.00,,
13.925197094,773396320,,instructions,50941347,100.00,4.20,insn per cycle
13.925197094,184294786,,cycles,50941347,100.00,,
14.025370993,32321,,rD044,51163519,100.00,,
14.025370993,813791,,rFF44,51163519,100.00,,
14.025370993,773596616,,instructions,51163519,100.00,4.18,insn per cycle
14.025370993,185129916,,cycles,51163519,100.00,,
14.125545331,32533,,rD044,51496270,100.00,,
14.125545331,805446,,rFF44,51501710,100.00,,
14.125545331,780995858,,instructions,51506540,100.00,4.19,insn per cycle
14.125545331,186469971,,cycles,51510380,100.00,,
14.225732961,32589,,rD044,52578782,100.00,,
14.225732961,774898,,rFF44,52579102,100.00,,
14.225732961,803498895,,instructions,52579332,100.00,4.21,insn per cycle
14.225732961,190661774,,cycles,52580152,100.00,,
14.325918819,32320,,rD044,52507787,100.00,,
14.325918819,819704,,rFF44,52507717,100.00,,
14.325918819,799050374,,instructions,52507417,100.00,4.20,insn per cycle
14.325918819,190411736,,cycles,52507477,100.00,,
14.426115288,32744,,rD044,50764763,100.00,,
14.426115288,803490,,rFF44,50764463,100.00,,
14.426115288,766449802,,instructions,50765163,100.00,4.17,insn per cycle
14.426115288,183820479,,cycles,50764723,100.00,,
14.526305027,1799,,rD044,51506297,100.00,,
14.526305027,771560,,rFF44,51500907,100.00,,
14.526305027,786500262,,instructions,51495447,100.00,4.22,insn per cycle
14.526305027,186508390,,cycles,51491167,100.00,,
14.626484896,32394,,rD044,51029913,100.00,,
14.626484896,803818,,rFF44,51029913,100.00,,
14.626484896,773223476,,instructions,51029913,100.00,4.19,insn per cycle
14.626484896,184608832,,cycles,51029913,100.00,,
14.726657845,32735,,rD044,51058564,100.00,,
14.726657845,807722,,rFF44,51058564,100.00,,
14.726657845,773299970,,instructions,51058564,100.00,4.19,insn per cycle
14.726657845,184701086,,cycles,51058564,100.00,,
14.826831663,32587,,rD044,52073457,100.00,,
14.826831663,816743,,rFF44,52078687,100.00,,
14.826831663,789844812,,instructions,52083477,100.00,4.19,insn per cycle
14.826831663,188714572,,cycles,52088967,100.00,,
14.927016512,32605,,rD044,52545109,100.00,,
14.927016512,782777,,rFF44,52546209,100.00,,
14.927016512,802351643,,instructions,52546799,100.00,4.21,insn per cycle
14.927016512,190509844,,cycles,52545579,100.00,,
15.027205180,32833,,rD044,52580635,100.00,,
15.027205180,811797,,rFF44,52574305,100.00,,
15.027205180,796484274,,instructions,52568925,100.00,4.18,insn per cycle
15.027205180,190588824,,cycles,52564655,100.00,,
15.127382589,32507,,rD044,51187288,100.00,,
15.127382589,809077,,rFF44,51187288,100.00,,
15.127382589,773395336,,instructions,51187288,100.00,4.18,insn per cycle
15.127382589,185234625,,cycles,51187288,100.00,,
15.227559538,2207,,rD044,50577470,100.00,,
15.227559538,782974,,rFF44,50577470,100.00,,
15.227559538,773745029,,instructions,50577470,100.00,4.23,insn per cycle
15.227559538,182851780,,cycles,50577470,100.00,,
15.327732326,32494,,rD044,52024323,100.00,,
15.327732326,810652,,rFF44,52030203,100.00,,
15.327732326,799390524,,instructions,52035143,100.00,4.24,insn per cycle
15.327732326,188524198,,cycles,52039603,100.00,,
15.427920775,32648,,rD044,52332783,100.00,,
15.427920775,810818,,rFF44,52332613,100.00,,
15.427920775,806652394,,instructions,52332633,100.00,4.25,insn per cycle
15.427920775,189760516,,cycles,52332763,100.00,,
15.528112184,32469,,rD044,51215057,100.00,,
15.528112184,815891,,rFF44,51209347,100.00,,
15.528112184,783874948,,instructions,51204387,100.00,4.23,insn per cycle
15.528112184,185337784,,cycles,51199797,100.00,,
15.628289152,32277,,rD044,50604823,100.00,,
15.628289152,779924,,rFF44,50608043,100.00,,
15.628289152,773455772,,instructions,50608043,100.00,4.23,insn per cycle
15.628289152,182977059,,cycles,50608043,100.00,,
15.728474221,32443,,rD044,51333534,100.00,,
15.728474221,803760,,rFF44,51336544,100.00,,
15.728474221,787173675,,instructions,51342264,100.00,4.24,insn per cycle
15.728474221,185854576,,cycles,51347324,100.00,,
15.828665400,32379,,rD044,52287344,100.00,,
15.828665400,801188,,rFF44,52286845,100.00,,
15.828665400,804720416,,instructions,52285925,100.00,4.25,insn per cycle
15.828665400,189562198,,cycles,52286045,100.00,,
15.928853248,32649,,rD044,51866570,100.00,,
15.928853248,806814,,rFF44,51866579,100.00,,
15.928853248,796685378,,instructions,51861779,100.00,4.24,insn per cycle
15.928853248,187925974,,cycles,51856599,100.00,,
16.029039007,1900,,rD044,50495718,100.00,,
16.029039007,790562,,rFF44,50489978,100.00,,
16.029039007,773483929,,instructions,50489978,100.00,4.24,insn per cycle
16.029039007,182552904,,cycles,50489978,100.00,,
16.129228386,32277,,rD044,50628983,100.00,,
16.129228386,818412,,rFF44,50628983,100.00,,
16.129228386,773300522,,instructions,50628983,100.00,4.22,insn per cycle
16.129228386,183113650,,cycles,50628983,100.00,,
16.229402985,32824,,rD044,52331777,100.00,,
16.229402985,816320,,rFF44,52337377,100.00,,
16.229402985,804640404,,instructions,52342017,100.00,4.24,insn per cycle
16.229402985,189755186,,cycles,52346387,100.00,,
16.329591653,32459,,rD044,52286453,100.00,,
16.329591653,807277,,rFF44,52286993,100.00,,
16.329591653,805450039,,instructions,52287193,100.00,4.25,insn per cycle
16.329591653,189584784,,cycles,52288143,100.00,,
16.429779162,32780,,rD044,51257758,100.00,,
16.429779162,781477,,rFF44,51251618,100.00,,
16.429779162,780025648,,instructions,51246778,100.00,4.20,insn per cycle
16.429779162,185521426,,cycles,51241458,100.00,,
16.529953240,32547,,rD044,51070989,100.00,,
16.529953240,820624,,rFF44,51070989,100.00,,
16.529953240,773325913,,instructions,51070989,100.00,4.18,insn per cycle
16.529953240,184804122,,cycles,51070989,100.00,,
16.630129159,32548,,rD044,51062850,100.00,,
16.630129159,830108,,rFF44,51062850,100.00,,
16.630129159,773363546,,instructions,51062850,100.00,4.19,insn per cycle
16.630129159,184771263,,cycles,51062850,100.00,,
16.730304638,1710,,rD044,50772021,100.00,,
16.730304638,767504,,rFF44,50772021,100.00,,
16.730304638,772881554,,instructions,50772021,100.00,4.20,insn per cycle
16.730304638,183820183,,cycles,50772021,100.00,,
16.830478767,33012,,rD044,51863305,100.00,,
16.830478767,811025,,rFF44,51868785,100.00,,
16.830478767,785286598,,instructions,51873965,100.00,4.18,insn per cycle
16.830478767,187910328,,cycles,51878935,100.00,,
16.930665466,32617,,rD044,52249737,100.00,,
16.930665466,802565,,rFF44,52249227,100.00,,
16.930665466,795127531,,instructions,52248887,100.00,4.20,insn per cycle
16.930665466,189424081,,cycles,52248147,100.00,,
17.030851114,32603,,rD044,52444962,100.00,,
17.030851114,807963,,rFF44,52445752,100.00,,
17.030851114,798948825,,instructions,52445922,100.00,4.20,insn per cycle
17.030851114,190165214,,cycles,52445412,100.00,,
17.131039223,32634,,rD044,51456663,100.00,,
17.131039223,787852,,rFF44,51450903,100.00,,
17.131039223,781926478,,instructions,51445893,100.00,4.20,insn per cycle
17.131039223,186297605,,cycles,51450623,100.00,,
17.231236372,32570,,rD044,50842314,100.00,,
17.231236372,824715,,rFF44,50842314,100.00,,
17.231236372,773341206,,instructions,50842314,100.00,4.21,insn per cycle
17.231236372,183897855,,cycles,50833864,100.00,,
17.331409720,32847,,rD044,50834063,100.00,,
17.331409720,829071,,rFF44,50839673,100.00,,
17.331409720,775635470,,instructions,50844523,100.00,4.22,insn per cycle
17.331409720,183902451,,cycles,50849553,100.00,,
17.431597329,1897,,rD044,52315137,100.00,,
17.431597329,768822,,rFF44,52314767,100.00,,
17.431597329,810383789,,instructions,52314817,100.00,4.27,insn per cycle
17.431597329,189696653,,cycles,52314487,100.00,,
17.531786968,32228,,rD044,52264503,100.00,,
17.531786968,803532,,rFF44,52259263,100.00,,
17.531786968,803711873,,instructions,52254363,100.00,4.24,insn per cycle
17.531786968,189428989,,cycles,52249663,100.00,,
17.631960077,32300,,rD044,50579452,100.00,,
17.631960077,804963,,rFF44,50579452,100.00,,
17.631960077,773065600,,instructions,50579452,100.00,4.23,insn per cycle
17.631960077,182931080,,cycles,50579452,100.00,,
17.732174396,32785,,rD044,50739349,100.00,,
17.732174396,820901,,rFF44,50739349,100.00,,
17.732174396,772976438,,instructions,50739349,100.00,4.21,insn per cycle
17.732174396,183484262,,cycles,50739349,100.00,,
17.832346874,32395,,rD044,51808404,100.00,,
17.832346874,785849,,rFF44,51814174,100.00,,
17.832346874,794768634,,instructions,51818984,100.00,4.23,insn per cycle
17.832346874,187762071,,cycles,51823164,100.00,,
17.932532163,32504,,rD044,52468804,100.00,,
17.932532163,802725,,rFF44,52468604,100.00,,
17.932532163,805545879,,instructions,52468924,100.00,4.23,insn per cycle
17.932532163,190271159,,cycles,52469254,100.00,,
18.032721872,32547,,rD044,51688348,100.00,,
18.032721872,801226,,rFF44,51682778,100.00,,
18.032721872,785952742,,instructions,51677648,100.00,4.20,insn per cycle
18.032721872,187202844,,cycles,51673138,100.00,,
18.132899150,2008,,rD044,50588487,100.00,,
18.132899150,778532,,rFF44,50588487,100.00,,
18.132899150,772471743,,instructions,50588487,100.00,4.22,insn per cycle
18.132899150,182905557,,cycles,50588487,100.00,,
18.233072828,32324,,rD044,50932138,100.00,,
18.233072828,809451,,rFF44,50932138,100.00,,
18.233072828,772425831,,instructions,50932138,100.00,4.19,insn per cycle
18.233072828,184244465,,cycles,50932138,100.00,,
18.333259617,32307,,rD044,52552753,100.00,,
18.333259617,813454,,rFF44,52558573,100.00,,
18.333259617,799929652,,instructions,52564073,100.00,4.20,insn per cycle
18.333259617,190618817,,cycles,52569473,100.00,,
18.433446315,32543,,rD044,52409803,100.00,,
18.433446315,815098,,rFF44,52410043,100.00,,
18.433446315,813157161,,instructions,52409443,100.00,4.28,insn per cycle
18.433446315,190001391,,cycles,52408653,100.00,,
18.533634174,32321,,rD044,51110089,100.00,,
18.533634174,799838,,rFF44,51104029,100.00,,
18.533634174,765140669,,instructions,51099129,100.00,4.14,insn per cycle
18.533634174,184975225,,cycles,51094519,100.00,,
18.633811383,32397,,rD044,50932801,100.00,,
18.633811383,777041,,rFF44,50932801,100.00,,
18.633811383,770472967,,instructions,50932801,100.00,4.18,insn per cycle
18.633811383,184232892,,cycles,50932801,100.00,,
18.733985421,32527,,rD044,51312332,100.00,,
18.733985421,808774,,rFF44,51318242,100.00,,
18.733985421,765900654,,instructions,51323782,100.00,4.12,insn per cycle
18.733985421,185805594,,cycles,51328632,100.00,,
18.834174450,32308,,rD044,52417029,100.00,,
18.834174450,805051,,rFF44,52416879,100.00,,
18.834174450,791493961,,instructions,52416569,100.00,4.16,insn per cycle
18.834174450,190068151,,cycles,52415939,100.00,,
18.934360379,32601,,rD044,52301344,100.00,,
18.934360379,813693,,rFF44,52301544,100.00,,
18.934360379,789028643,,instructions,52301944,100.00,4.16,insn per cycle
18.934360379,189638000,,cycles,52301954,100.00,,
19.034549498,2148,,rD044,50976999,100.00,,
19.034549498,768020,,rFF44,50976409,100.00,,
19.034549498,773102081,,instructions,50975539,100.00,4.19,insn per cycle
19.034549498,184674308,,cycles,50975399,100.00,,
19.134736796,32496,,rD044,51058502,100.00,,
19.134736796,800154,,rFF44,51053132,100.00,,
19.134736796,768897526,,instructions,51048372,100.00,4.16,insn per cycle
19.134736796,184764543,,cycles,51044282,100.00,,
19.234911275,32583,,rD044,50917819,100.00,,
19.234911275,810137,,rFF44,50917819,100.00,,
19.234911275,760113775,,instructions,50917819,100.00,4.13,insn per cycle
19.234911275,184200515,,cycles,50917819,100.00,,
19.335087343,32305,,rD044,51150906,100.00,,
19.335087343,776424,,rFF44,51161596,100.00,,
19.335087343,771861868,,instructions,51174426,100.00,4.17,insn per cycle
19.335087343,185208576,,cycles,51179386,100.00,,
19.435283492,32517,,rD044,52311750,100.00,,
19.435283492,812634,,rFF44,52307220,100.00,,
19.435283492,785155025,,instructions,52299480,100.00,4.14,insn per cycle
19.435283492,189635153,,cycles,52299130,100.00,,
19.535470561,32515,,rD044,52356535,100.00,,
19.535470561,815252,,rFF44,52356015,100.00,,
19.535470561,789158456,,instructions,52355755,100.00,4.16,insn per cycle
19.535470561,189833724,,cycles,52356165,100.00,,
19.635659119,32247,,rD044,51516230,100.00,,
19.635659119,809157,,rFF44,51510590,100.00,,
19.635659119,768131138,,instructions,51505760,100.00,4.12,insn per cycle
19.635659119,186543804,,cycles,51500740,100.00,,
19.735832388,32754,,rD044,51378014,100.00,,
19.735832388,806449,,rFF44,51383384,100.00,,
19.735832388,768874671,,instructions,51383384,100.00,4.13,insn per cycle
19.735832388,186020870,,cycles,51383384,100.00,,
19.836017957,1665,,rD044,50974948,100.00,,
19.836017957,771488,,rFF44,50977388,100.00,,
19.836017957,754500759,,instructions,50982408,100.00,4.09,insn per cycle
19.836017957,184440971,,cycles,50982408,100.00,,
19.936203095,32681,,rD044,51782210,100.00,,
19.936203095,801408,,rFF44,51780120,100.00,,
19.936203095,763250410,,instructions,51780360,100.00,4.07,insn per cycle
19.936203095,187614623,,cycles,51785240,100.00,,
20.036390944,32633,,rD044,52404019,100.00,,
20.036390944,809430,,rFF44,52403329,100.00,,
20.036390944,776003442,,instructions,52403229,100.00,4.08,insn per cycle
20.036390944,190010821,,cycles,52403269,100.00,,
20.136579163,32204,,rD044,52307776,100.00,,
20.136579163,769264,,rFF44,52308466,100.00,,
20.136579163,776492277,,instructions,52308316,100.00,4.09,insn per cycle
20.136579163,189640292,,cycles,52308506,100.00,,
20.236769042,32379,,rD044,50998252,100.00,,
20.236769042,789240,,rFF44,50997952,100.00,,
20.236769042,754544524,,instructions,50997572,100.00,4.08,insn per cycle
20.236769042,184736206,,cycles,50996992,100.00,,
20.336959160,32187,,rD044,51244199,100.00,,
20.336959160,796609,,rFF44,51238779,100.00,,
20.336959160,761168948,,instructions,51234149,100.00,4.10,insn per cycle
20.336959160,185510781,,cycles,51229619,100.00,,
20.437129929,32732,,rD044,51425935,100.00,,
20.437129929,820824,,rFF44,51425935,100.00,,
20.437129929,760267196,,instructions,51425935,100.00,4.08,insn per cycle
20.437129929,186200273,,cycles,51425935,100.00,,
20.537304687,1791,,rD044,50873656,100.00,,
20.537304687,777066,,rFF44,50873656,100.00,,
20.537304687,756671899,,instructions,50873656,100.00,4.11,insn per cycle
20.537304687,184092864,,cycles,50873656,100.00,,
20.637479016,32896,,rD044,51202775,100.00,,
20.637479016,821592,,rFF44,51208665,100.00,,
20.637479016,757582908,,instructions,51214365,100.00,4.09,insn per cycle
20.637479016,185357164,,cycles,51219465,100.00,,
20.737668925,32422,,rD044,52414402,100.00,,
20.737668925,809145,,rFF44,52413752,100.00,,
20.737668925,781120618,,instructions,52413542,100.00,4.11,insn per cycle
20.737668925,190064133,,cycles,52413782,100.00,,
20.837859943,32301,,rD044,52416132,100.00,,
20.837859943,768658,,rFF44,52416722,100.00,,
20.837859943,780967700,,instructions,52416132,100.00,4.11,insn per cycle
20.837859943,190006149,,cycles,52415732,100.00,,
20.938044552,32848,,rD044,51838722,100.00,,
20.938044552,790846,,rFF44,51832892,100.00,,
20.938044552,765326770,,instructions,51827992,100.00,4.07,insn per cycle
20.938044552,187839686,,cycles,51823052,100.00,,
21.038229171,32570,,rD044,51308773,100.00,,
21.038229171,804441,,rFF44,51308773,100.00,,
21.038229171,753073544,,instructions,51308773,100.00,4.06,insn per cycle
21.038229171,185711439,,cycles,51308773,100.00,,
21.138403609,32409,,rD044,51228064,100.00,,
21.138403609,813471,,rFF44,51228064,100.00,,
21.138403609,752205259,,instructions,51228064,100.00,4.06,insn per cycle
21.138403609,185379700,,cycles,51228064,100.00,,
21.238577948,1754,,rD044,51018661,100.00,,
21.238577948,783978,,rFF44,51018661,100.00,,
21.238577948,752162324,,instructions,51018661,100.00,4.07,insn per cycle
21.238577948,184611068,,cycles,51018661,100.00,,
21.338753387,32390,,rD044,50935002,100.00,,
21.338753387,793262,,rFF44,50940342,100.00,,
21.338753387,746772873,,instructions,50945642,100.00,4.05,insn per cycle
21.338753387,184507200,,cycles,50949712,100.00,,
21.438933445,32579,,rD044,52597215,100.00,,
21.438933445,857307,,rFF44,52597655,100.00,,
21.438933445,780433189,,instructions,52596915,100.00,4.09,insn per cycle
21.438933445,190734741,,cycles,52596775,100.00,,
21.539122664,32698,,rD044,52395193,100.00,,
21.539122664,763259,,rFF44,52394933,100.00,,
21.539122664,782662645,,instructions,52394773,100.00,4.12,insn per cycle
21.539122664,189984581,,cycles,52395463,100.00,,
21.639310392,32912,,rD044,52530149,100.00,,
21.639310392,802571,,rFF44,52529799,100.00,,
21.639310392,777905742,,instructions,52530729,100.00,4.08,insn per cycle
21.639310392,190512048,,cycles,52530659,100.00,,
21.739499001,32277,,rD044,51741528,100.00,,
21.739499001,804615,,rFF44,51736358,100.00,,
21.739499001,768129368,,instructions,51731028,100.00,4.10,insn per cycle
21.739499001,187470398,,cycles,51726478,100.00,,
21.839672630,32402,,rD044,51397065,100.00,,
21.839672630,815804,,rFF44,51397065,100.00,,
21.839672630,757816130,,instructions,51397065,100.00,4.07,insn per cycle
21.839672630,186079538,,cycles,51397065,100.00,,
21.939847049,1588,,rD044,51084541,100.00,,
21.939847049,769410,,rFF44,51089761,100.00,,
21.939847049,757729410,,instructions,51093621,100.00,4.10,insn per cycle
21.939847049,184914064,,cycles,51093621,100.00,,
22.040034198,32562,,rD044,51395966,100.00,,
22.040034198,806488,,rFF44,51390746,100.00,,
22.040034198,755221593,,instructions,51386886,100.00,4.06,insn per cycle
22.040034198,186046290,,cycles,51386886,100.00,,
22.140209957,32515,,rD044,51812830,100.00,,
22.140209957,801094,,rFF44,51818210,100.00,,
22.140209957,766108788,,instructions,51822820,100.00,4.08,insn per cycle
22.140209957,187759506,,cycles,51826850,100.00,,
22.240396595,32480,,rD044,52539384,100.00,,
22.240396595,802751,,rFF44,52539344,100.00,,
22.240396595,779326742,,instructions,52539564,100.00,4.09,insn per cycle
22.240396595,190548709,,cycles,52539844,100.00,,
22.340584744,32483,,rD044,52595745,100.00,,
22.340584744,778156,,rFF44,52596285,100.00,,
22.340584744,783924519,,instructions,52596035,100.00,4.11,insn per cycle
22.340584744,190733974,,cycles,52596555,100.00,,
22.440775323,32370,,rD044,51817416,100.00,,
22.440775323,812070,,rFF44,51816876,100.00,,
22.440775323,768573174,,instructions,51817756,100.00,4.09,insn per cycle
22.440775323,187755885,,cycles,51812926,100.00,,
22.540963651,32864,,rD044,51511708,100.00,,
22.540963651,797191,,rFF44,51506368,100.00,,
22.540963651,761969903,,instructions,51500908,100.00,4.09,insn per cycle
22.540963651,186484597,,cycles,51500908,100.00,,
22.641144340,32413,,rD044,51448598,100.00,,
22.641144340,802271,,rFF44,51448598,100.00,,
22.641144340,761846617,,instructions,51448598,100.00,4.09,insn per cycle
22.641144340,186285020,,cycles,51448598,100.00,,
22.741319129,1702,,rD044,51012947,100.00,,
22.741319129,770081,,rFF44,51012947,100.00,,
22.741319129,762882215,,instructions,51012947,100.00,4.13,insn per cycle
22.741319129,184591176,,cycles,51012947,100.00,,
22.841492697,33263,,rD044,51310112,100.00,,
22.841492697,840693,,rFF44,51310112,100.00,,
22.841492697,765660908,,instructions,51310112,100.00,4.12,insn per cycle
22.841492697,185877147,,cycles,51310112,100.00,,
22.941669716,32314,,rD044,51038592,100.00,,
22.941669716,834519,,rFF44,51038592,100.00,,
22.941669716,762491447,,instructions,51038592,100.00,4.12,insn per cycle
22.941669716,184880124,,cycles,51038592,100.00,,
23.041845124,32687,,rD044,50988494,100.00,,
23.041845124,793666,,rFF44,50988494,100.00,,
23.041845124,761781120,,instructions,50988494,100.00,4.13,insn per cycle
23.041845124,184502543,,cycles,50988494,100.00,,
23.142019183,32669,,rD044,51148305,100.00,,
23.142019183,821190,,rFF44,51148305,100.00,,
23.142019183,768001043,,instructions,51148305,100.00,4.15,insn per cycle
23.142019183,185121756,,cycles,51148305,100.00,,
23.242192911,32686,,rD044,51578731,100.00,,
23.242192911,825371,,rFF44,51584271,100.00,,
23.242192911,773635534,,instructions,51589161,100.00,4.14,insn per cycle
23.242192911,186860730,,cycles,51593981,100.00,,
23.342382280,32894,,rD044,52690898,100.00,,
23.342382280,825169,,rFF44,52691408,100.00,,
23.342382280,789065283,,instructions,52691298,100.00,4.13,insn per cycle
23.342382280,191128007,,cycles,52690488,100.00,,
23.442571539,33351,,rD044,52731560,100.00,,
23.442571539,832037,,rFF44,52730890,100.00,,
23.442571539,784013235,,instructions,52730760,100.00,4.10,insn per cycle
23.442571539,191223372,,cycles,52731190,100.00,,
23.542760957,2675,,rD044,52437276,100.00,,
23.542760957,813191,,rFF44,52431896,100.00,,
23.542760957,774970219,,instructions,52427246,100.00,4.08,insn per cycle
23.542760957,190058365,,cycles,52422806,100.00,,
23.642935116,32508,,rD044,51346157,100.00,,
23.642935116,814238,,rFF44,51351867,100.00,,
23.642935116,753818879,,instructions,51356297,100.00,4.05,insn per cycle
23.642935116,186087863,,cycles,51361507,100.00,,
23.743126315,32565,,rD044,52306835,100.00,,
23.743126315,814425,,rFF44,52301125,100.00,,
23.743126315,770822628,,instructions,52296695,100.00,4.07,insn per cycle
23.743126315,189614945,,cycles,52291485,100.00,,
23.843299753,32801,,rD044,51527036,100.00,,
23.843299753,785475,,rFF44,51527036,100.00,,
23.843299753,758847837,,instructions,51527036,100.00,4.07,insn per cycle
23.843299753,186598204,,cycles,51527036,100.00,,
23.943473542,32683,,rD044,51800146,100.00,,
23.943473542,829037,,rFF44,51802726,100.00,,
23.943473542,763870037,,instructions,51802726,100.00,4.07,insn per cycle
23.943473542,187608861,,cycles,51802726,100.00,,
24.043657060,32811,,rD044,51965264,100.00,,
24.043657060,841115,,rFF44,51962684,100.00,,
24.043657060,766620170,,instructions,51962684,100.00,4.07,insn per cycle
24.043657060,188247060,,cycles,51962684,100.00,,
24.143831739,32353,,rD044,51629229,100.00,,
24.143831739,825667,,rFF44,51629229,100.00,,
24.143831739,756670931,,instructions,51629229,100.00,4.05,insn per cycle
24.143831739,186973255,,cycles,51629229,100.00,,
24.244005777,2607,,rD044,52098708,100.00,,
24.244005777,796405,,rFF44,52104128,100.00,,
24.244005777,766320645,,instructions,52108998,100.00,4.06,insn per cycle
24.244005777,188806695,,cycles,52114118,100.00,,
24.344194836,32823,,rD044,52343193,100.00,,
24.344194836,817420,,rFF44,52344103,100.00,,
24.344194836,773956093,,instructions,52344813,100.00,4.08,insn per cycle
24.344194836,189835109,,cycles,52344743,100.00,,
24.444385795,32561,,rD044,52688872,100.00,,
24.444385795,822600,,rFF44,52687712,100.00,,
24.444385795,779257427,,instructions,52686922,100.00,4.08,insn per cycle
24.444385795,191045680,,cycles,52686112,100.00,,
24.544575513,32967,,rD044,52451752,100.00,,
24.544575513,824528,,rFF44,52451992,100.00,,
24.544575513,776257681,,instructions,52451762,100.00,4.08,insn per cycle
24.544575513,190212681,,cycles,52451632,100.00,,
24.644762782,32553,,rD044,52004103,100.00,,
24.644762782,795387,,rFF44,51998693,100.00,,
24.644762782,761635685,,instructions,51994133,100.00,4.04,insn per cycle
24.644762782,188440711,,cycles,51990023,100.00,,
24.744938951,32741,,rD044,51390744,100.00,,
24.744938951,830137,,rFF44,51390744,100.00,,
24.744938951,746851442,,instructions,51390744,100.00,4.01,insn per cycle
24.744938951,186063336,,cycles,51390744,100.00,,
24.845113989,32806,,rD044,51465868,100.00,,
24.845113989,829598,,rFF44,51471648,100.00,,
24.845113989,747181095,,instructions,51475278,100.00,4.01,insn per cycle
24.845113989,186348259,,cycles,51475278,100.00,,
24.945304208,2060,,rD044,51134954,100.00,,
24.945304208,791037,,rFF44,51129174,100.00,,
24.945304208,747035745,,instructions,51125544,100.00,4.04,insn per cycle
24.945304208,184967012,,cycles,51125544,100.00,,
25.045478616,32779,,rD044,52108736,100.00,,
25.045478616,820530,,rFF44,52114326,100.00,,
25.045478616,759964510,,instructions,52119766,100.00,4.02,insn per cycle
25.045478616,188907393,,cycles,52124716,100.00,,
25.145667305,32621,,rD044,51113350,100.00,,
25.145667305,818272,,rFF44,51113460,100.00,,
25.145667305,744578592,,instructions,51113080,100.00,4.02,insn per cycle
25.145667305,185164125,,cycles,51112820,100.00,,
25.245857024,32498,,rD044,52655792,100.00,,
25.245857024,800329,,rFF44,52655522,100.00,,
25.245857024,773175450,,instructions,52655092,100.00,4.05,insn per cycle
25.245857024,190957764,,cycles,52654642,100.00,,
25.346045122,32659,,rD044,52185334,100.00,,
25.346045122,825947,,rFF44,52185514,100.00,,
25.346045122,763238394,,instructions,52186664,100.00,4.03,insn per cycle
25.346045122,189222648,,cycles,52187254,100.00,,
25.446248631,32475,,rD044,51950699,100.00,,
25.446248631,815295,,rFF44,51945089,100.00,,
25.446248631,764694462,,instructions,51939309,100.00,4.06,insn per cycle
25.446248631,188250461,,cycles,51934479,100.00,,
25.546421030,32483,,rD044,51379720,100.00,,
25.546421030,821071,,rFF44,51379720,100.00,,
25.546421030,755290140,,instructions,51379720,100.00,4.06,insn per cycle
25.546421030,185990172,,cycles,51379720,100.00,,
25.646595158,2127,,rD044,51238308,100.00,,
25.646595158,790411,,rFF44,51238308,100.00,,
25.646595158,755310453,,instructions,51238308,100.00,4.07,insn per cycle
25.646595158,185432603,,cycles,51238308,100.00,,
25.746770516,32564,,rD044,51256837,100.00,,
25.746770516,831595,,rFF44,51256837,100.00,,
25.746770516,748456479,,instructions,51256837,100.00,4.03,insn per cycle
25.746770516,185496485,,cycles,51256837,100.00,,
25.846944565,32678,,rD044,52423713,100.00,,
25.846944565,833803,,rFF44,52429143,100.00,,
25.846944565,770760620,,instructions,52433713,100.00,4.05,insn per cycle
25.846944565,190153093,,cycles,52437873,100.00,,
25.947132304,32537,,rD044,51158680,100.00,,
25.947132304,782631,,rFF44,51159120,100.00,,
25.947132304,751947626,,instructions,51159850,100.00,4.06,insn per cycle
25.947132304,185350566,,cycles,51160590,100.00,,
26.047318723,32972,,rD044,52881220,100.00,,
26.047318723,827424,,rFF44,52881080,100.00,,
26.047318723,776838548,,instructions,52880580,100.00,4.05,insn per cycle
26.047318723,191772785,,cycles,52880520,100.00,,
26.147508452,32725,,rD044,51594248,100.00,,
26.147508452,816865,,rFF44,51588518,100.00,,
26.147508452,755383075,,instructions,51583718,100.00,4.04,insn per cycle
26.147508452,186825215,,cycles,51578878,100.00,,
26.247689260,32730,,rD044,51216762,100.00,,
26.247689260,831902,,rFF44,51216762,100.00,,
26.247689260,747349461,,instructions,51216762,100.00,4.03,insn per cycle
26.247689260,185346258,,cycles,51216762,100.00,,
26.347863308,2017,,rD044,50826429,100.00,,
26.347863308,802618,,rFF44,50826429,100.00,,
26.347863308,747213135,,instructions,50826429,100.00,4.06,insn per cycle
26.347863308,183852520,,cycles,50826429,100.00,,
26.448038727,32820,,rD044,52364063,100.00,,
26.448038727,835812,,rFF44,52369613,100.00,,
26.448038727,770207191,,instructions,52375143,100.00,4.06,insn per cycle
26.448038727,189871305,,cycles,52379983,100.00,,
26.548241806,32589,,rD044,52409308,100.00,,
26.548241806,822077,,rFF44,52409378,100.00,,
26.548241806,767897957,,instructions,52409458,100.00,4.04,insn per cycle
26.548241806,190023832,,cycles,52408948,100.00,,
26.648432014,32768,,rD044,52581833,100.00,,
26.648432014,783952,,rFF44,52581893,100.00,,
26.648432014,777888516,,instructions,52580673,100.00,4.08,insn per cycle
26.648432014,190667549,,cycles,52580583,100.00,,
26.748620793,32524,,rD044,51436671,100.00,,
26.748620793,822404,,rFF44,51430991,100.00,,
26.748620793,754790796,,instructions,51426601,100.00,4.05,insn per cycle
26.748620793,186221516,,cycles,51422361,100.00,,
26.848794871,32600,,rD044,51444918,100.00,,
26.848794871,825569,,rFF44,51444918,100.00,,
26.848794871,753806505,,instructions,51444918,100.00,4.05,insn per cycle
26.848794871,186254342,,cycles,51444918,100.00,,
26.948968620,2089,,rD044,51164484,100.00,,
26.948968620,801754,,rFF44,51164484,100.00,,
26.948968620,753404850,,instructions,51164484,100.00,4.07,insn per cycle
26.948968620,185172845,,cycles,51164484,100.00,,
27.049142149,32602,,rD044,51423538,100.00,,
27.049142149,826715,,rFF44,51429598,100.00,,
27.049142149,757234160,,instructions,51435028,100.00,4.07,insn per cycle
27.049142149,186235199,,cycles,51439508,100.00,,
27.149333238,32829,,rD044,52597646,100.00,,
27.149333238,817684,,rFF44,52597186,100.00,,
27.149333238,784369456,,instructions,52596956,100.00,4.11,insn per cycle
27.149333238,190735414,,cycles,52597016,100.00,,
27.249523846,32470,,rD044,52546719,100.00,,
27.249523846,814270,,rFF44,52546559,100.00,,
27.249523846,781578081,,instructions,52546219,100.00,4.10,insn per cycle
27.249523846,190537884,,cycles,52545849,100.00,,
27.349712685,32774,,rD044,50659898,100.00,,
27.349712685,779661,,rFF44,50654458,100.00,,
27.349712685,749969487,,instructions,50649598,100.00,4.09,insn per cycle
27.349712685,183257668,,cycles,50645428,100.00,,
27.449886734,32628,,rD044,50630154,100.00,,
27.449886734,825058,,rFF44,50633464,100.00,,
27.449886734,747984842,,instructions,50633464,100.00,4.08,insn per cycle
27.449886734,183271427,,cycles,50633464,100.00,,
27.550072712,32502,,rD044,50875475,100.00,,
27.550072712,836026,,rFF44,50872165,100.00,,
27.550072712,748196565,,instructions,50872165,100.00,4.07,insn per cycle
27.550072712,184001008,,cycles,50872165,100.00,,
27.650259571,2229,,rD044,52000410,100.00,,
27.650259571,800327,,rFF44,52006370,100.00,,
27.650259571,773928297,,instructions,52011610,100.00,4.11,insn per cycle
27.650259571,188470812,,cycles,52015680,100.00,,
27.750447940,32840,,rD044,52689055,100.00,,
27.750447940,820311,,rFF44,52689295,100.00,,
27.750447940,783787165,,instructions,52689255,100.00,4.10,insn per cycle
27.750447940,191088711,,cycles,52689315,100.00,,
27.850636958,32507,,rD044,50959255,100.00,,
27.850636958,818377,,rFF44,50953055,100.00,,
27.850636958,753274813,,instructions,50947855,100.00,4.09,insn per cycle
27.850636958,184350495,,cycles,50943725,100.00,,
27.950810637,32265,,rD044,48831635,100.00,,
27.950810637,835737,,rFF44,48837415,100.00,,
27.950810637,712174767,,instructions,48843045,100.00,4.04,insn per cycle
27.950810637,176277338,,cycles,48847325,100.00,,
28.050998546,32347,,rD044,51519941,100.00,,
28.050998546,786995,,rFF44,51519671,100.00,,
28.050998546,768050843,,instructions,51518931,100.00,4.11,insn per cycle
28.050998546,186701420,,cycles,51519081,100.00,,
28.151185875,32522,,rD044,51476979,100.00,,
28.151185875,813428,,rFF44,51471469,100.00,,
28.151185875,765169693,,instructions,51466579,100.00,4.10,insn per cycle
28.151185875,186433293,,cycles,51462149,100.00,,
28.251360853,32594,,rD044,50709182,100.00,,
28.251360853,813439,,rFF44,50709182,100.00,,
28.251360853,748048411,,instructions,50709182,100.00,4.08,insn per cycle
28.251360853,183363855,,cycles,50709182,100.00,,
28.351533632,1986,,rD044,50470627,100.00,,
28.351533632,770102,,rFF44,50476107,100.00,,
28.351533632,749391388,,instructions,50480987,100.00,4.11,insn per cycle
28.351533632,182554650,,cycles,50484817,100.00,,
28.451721130,32499,,rD044,52362566,100.00,,
28.451721130,804049,,rFF44,52362876,100.00,,
28.451721130,782083564,,instructions,52363916,100.00,4.12,insn per cycle
28.451721130,189863858,,cycles,52364916,100.00,,
28.551907909,32588,,rD044,52173800,100.00,,
28.551907909,800778,,rFF44,52173650,100.00,,
28.551907909,777302439,,instructions,52172950,100.00,4.11,insn per cycle
28.551907909,189173855,,cycles,52172600,100.00,,
28.652095188,32901,,rD044,50850179,100.00,,
28.652095188,816431,,rFF44,50847859,100.00,,
28.652095188,749528187,,instructions,50842639,100.00,4.07,insn per cycle
28.652095188,183997139,,cycles,50838159,100.00,,
28.752294656,32444,,rD044,50671595,100.00,,
28.752294656,786254,,rFF44,50668275,100.00,,
28.752294656,748018977,,instructions,50668275,100.00,4.08,insn per cycle
28.752294656,183231552,,cycles,50668275,100.00,,
28.852468565,32990,,rD044,51506721,100.00,,
28.852468565,814985,,rFF44,51512441,100.00,,
28.852468565,762950907,,instructions,51517421,100.00,4.09,insn per cycle
28.852468565,186552067,,cycles,51522241,100.00,,
28.952657783,32352,,rD044,52204341,100.00,,
28.952657783,800502,,rFF44,52204401,100.00,,
28.952657783,778503526,,instructions,52204311,100.00,4.11,insn per cycle
28.952657783,189308750,,cycles,52203971,100.00,,
29.052837472,1935,,rD044,51811464,100.00,,
29.052837472,764092,,rFF44,51805684,100.00,,
29.052837472,774441123,,instructions,51800794,100.00,4.13,insn per cycle
29.052837472,187734579,,cycles,51796314,100.00,,
29.153008290,32370,,rD044,50794593,100.00,,
29.153008290,812148,,rFF44,50794593,100.00,,
29.153008290,756383713,,instructions,50794593,100.00,4.12,insn per cycle
29.153008290,183743941,,cycles,50794593,100.00,,
29.253182569,32609,,rD044,50797392,100.00,,
29.253182569,816672,,rFF44,50797392,100.00,,
29.253182569,756358662,,instructions,50797392,100.00,4.12,insn per cycle
29.253182569,183732298,,cycles,50797392,100.00,,
29.353356347,32394,,rD044,52132348,100.00,,
29.353356347,814280,,rFF44,52137958,100.00,,
29.353356347,774855220,,instructions,52143028,100.00,4.10,insn per cycle
29.353356347,189012282,,cycles,52148508,100.00,,
29.453547956,32333,,rD044,52360558,100.00,,
29.453547956,769108,,rFF44,52360418,100.00,,
29.453547956,779428809,,instructions,52360488,100.00,4.10,insn per cycle
29.453547956,189873321,,cycles,52360198,100.00,,
29.553734115,32981,,rD044,52077686,100.00,,
29.553734115,797913,,rFF44,52078266,100.00,,
29.553734115,771769709,,instructions,52078846,100.00,4.09,insn per cycle
29.553734115,188775403,,cycles,52078376,100.00,,
29.653921224,32294,,rD044,51022370,100.00,,
29.653921224,792958,,rFF44,51016320,100.00,,
29.653921224,753780708,,instructions,51010600,100.00,4.08,insn per cycle
29.653921224,184745740,,cycles,51005880,100.00,,
29.754094932,2005,,rD044,50786749,100.00,,
29.754094932,768827,,rFF44,50786749,100.00,,
29.754094932,752503364,,instructions,50786749,100.00,4.09,insn per cycle
29.754094932,183804494,,cycles,50786749,100.00,,
29.854282491,32271,,rD044,51044855,100.00,,
29.854282491,817465,,rFF44,51044855,100.00,,
29.854282491,751748788,,instructions,51044855,100.00,4.07,insn per cycle
29.854282491,184720113,,cycles,51044855,100.00,,
29.954456450,33023,,rD044,51087782,100.00,,
29.954456450,810642,,rFF44,51093212,100.00,,
29.954456450,751685186,,instructions,51096612,100.00,4.06,insn per cycle
29.954456450,184946917,,cycles,51096612,100.00,,
30.054639608,32379,,rD044,52126791,100.00,,
30.054639608,796597,,rFF44,52126721,100.00,,
30.054639608,772484473,,instructions,52128171,100.00,4.09,insn per cycle
30.054639608,188943190,,cycles,52132831,100.00,,
30.154826837,32690,,rD044,52571494,100.00,,
30.154826837,766300,,rFF44,52571974,100.00,,
30.154826837,781058617,,instructions,52571754,100.00,4.10,insn per cycle
30.154826837,190645878,,cycles,52571704,100.00,,
30.255015686,32569,,rD044,51168930,100.00,,
30.255015686,801619,,rFF44,51168930,100.00,,
30.255015686,751928058,,instructions,51169250,100.00,4.06,insn per cycle
30.255015686,185344189,,cycles,51169740,100.00,,
30.355206804,32436,,rD044,52024790,100.00,,
30.355206804,808129,,rFF44,52018950,100.00,,
30.355206804,767784660,,instructions,52014000,100.00,4.07,insn per cycle
30.355206804,188491885,,cycles,52008900,100.00,,
30.455382563,2182,,rD044,51115153,100.00,,
30.455382563,804985,,rFF44,51115153,100.00,,
30.455382563,750315578,,instructions,51123103,100.00,4.06,insn per cycle
30.455382563,184976740,,cycles,51126253,100.00,,
30.555565142,32854,,rD044,51270974,100.00,,
30.555565142,803226,,rFF44,51270974,100.00,,
30.555565142,747232834,,instructions,51263024,100.00,4.03,insn per cycle
30.555565142,185515562,,cycles,51259874,100.00,,
30.655745660,32534,,rD044,51215185,100.00,,
30.655745660,800694,,rFF44,51215185,100.00,,
30.655745660,747213319,,instructions,51215185,100.00,4.03,insn per cycle
30.655745660,185336367,,cycles,51215185,100.00,,
30.755920779,32477,,rD044,51776835,100.00,,
30.755920779,773649,,rFF44,51782345,100.00,,
30.755920779,759379096,,instructions,51787165,100.00,4.05,insn per cycle
30.755920779,187585733,,cycles,51791705,100.00,,
30.856120507,32849,,rD044,52398614,100.00,,
30.856120507,798046,,rFF44,52398564,100.00,,
30.856120507,772741863,,instructions,52398784,100.00,4.07,insn per cycle
30.856120507,189986275,,cycles,52398554,100.00,,
30.956306356,32356,,rD044,52471627,100.00,,
30.956306356,807365,,rFF44,52471787,100.00,,
30.956306356,774134758,,instructions,52472687,100.00,4.07,insn per cycle
30.956306356,190286439,,cycles,52472517,100.00,,
31.056490814,32660,,rD044,52448070,100.00,,
31.056490814,814743,,rFF44,52447750,100.00,,
31.056490814,772202043,,instructions,52446880,100.00,4.06,insn per cycle
31.056490814,190168264,,cycles,52447400,100.00,,
31.156679393,1654,,rD044,52191933,100.00,,
31.156679393,763895,,rFF44,52186633,100.00,,
31.156679393,779952502,,instructions,52181563,100.00,4.12,insn per cycle
31.156679393,189118690,,cycles,52176903,100.00,,
31.256853651,32524,,rD044,51796495,100.00,,
31.256853651,802649,,rFF44,51796495,100.00,,
31.256853651,765013806,,instructions,51796495,100.00,4.08,insn per cycle
31.256853651,187654492,,cycles,51796495,100.00,,
31.357028010,32707,,rD044,51906880,100.00,,
31.357028010,802864,,rFF44,51912890,100.00,,
31.357028010,767123756,,instructions,51917530,100.00,4.08,insn per cycle
31.357028010,188067200,,cycles,51922480,100.00,,
31.457233819,32448,,rD044,51527632,100.00,,
31.457233819,807368,,rFF44,51521622,100.00,,
31.457233819,770335960,,instructions,51516982,100.00,4.13,insn per cycle
31.457233819,186599200,,cycles,51512032,100.00,,
31.557401517,32399,,rD044,51265859,100.00,,
31.557401517,777701,,rFF44,51265859,100.00,,
31.557401517,764296739,,instructions,51265859,100.00,4.12,insn per cycle
31.557401517,185634242,,cycles,51265859,100.00,,
31.657575176,32351,,rD044,51662872,100.00,,
31.657575176,813385,,rFF44,51662872,100.00,,
31.657575176,764861003,,instructions,51662872,100.00,4.09,insn per cycle
31.657575176,187066366,,cycles,51662872,100.00,,
31.757748024,32695,,rD044,51965361,100.00,,
31.757748024,804991,,rFF44,51971301,100.00,,
31.757748024,773868319,,instructions,51976251,100.00,4.11,insn per cycle
31.757748024,188338866,,cycles,51980401,100.00,,
31.857934903,32446,,rD044,52450556,100.00,,
31.857934903,807729,,rFF44,52450216,100.00,,
31.857934903,807350075,,instructions,52450196,100.00,4.24,insn per cycle
31.857934903,190208859,,cycles,52450976,100.00,,
31.958125182,32419,,rD044,52181615,100.00,,
31.958125182,805955,,rFF44,52176015,100.00,,
31.958125182,791164120,,instructions,52171085,100.00,4.18,insn per cycle
31.958125182,189098134,,cycles,52166155,100.00,,
32.058293380,1971,,rD044,50885162,100.00,,
32.058293380,761803,,rFF44,50890012,100.00,,
32.058293380,757020845,,instructions,50895022,100.00,4.11,insn per cycle
32.058293380,184332912,,cycles,50899752,100.00,,
32.158481618,32537,,rD044,51649985,100.00,,
32.158481618,809481,,rFF44,51645135,100.00,,
32.158481618,764388233,,instructions,51640125,100.00,4.09,insn per cycle
32.158481618,187091210,,cycles,51635395,100.00,,
32.258654407,32401,,rD044,51588571,100.00,,
32.258654407,808156,,rFF44,51588571,100.00,,
32.258654407,759939286,,instructions,51588571,100.00,4.07,insn per cycle
32.258654407,186826109,,cycles,51588571,100.00,,
32.358828715,32538,,rD044,51377616,100.00,,
32.358828715,772478,,rFF44,51377616,100.00,,
32.358828715,765709634,,instructions,51377616,100.00,4.12,insn per cycle
32.358828715,185966833,,cycles,51377616,100.00,,
32.459002164,32641,,rD044,51504859,100.00,,
32.459002164,810406,,rFF44,51504859,100.00,,
32.459002164,772092922,,instructions,51504859,100.00,4.14,insn per cycle
32.459002164,186459126,,cycles,51504859,100.00,,
32.559169972,32304,,rD044,51299383,100.00,,
32.559169972,793836,,rFF44,51299383,100.00,,
32.559169972,776251859,,instructions,51299383,100.00,4.18,insn per cycle
32.559169972,185914711,,cycles,51299383,100.00,,
32.659342451,32819,,rD044,51735495,100.00,,
32.659342451,814723,,rFF44,51740255,100.00,,
32.659342451,774679119,,instructions,51745145,100.00,4.13,insn per cycle
32.659342451,187409708,,cycles,51748855,100.00,,
32.759527060,1790,,rD044,51263612,100.00,,
32.759527060,779735,,rFF44,51266472,100.00,,
32.759527060,766617277,,instructions,51264842,100.00,4.13,insn per cycle
32.759527060,185623141,,cycles,51261132,100.00,,
32.859714299,32858,,rD044,52464345,100.00,,
32.859714299,807086,,rFF44,52462345,100.00,,
32.859714299,775221449,,instructions,52463895,100.00,4.08,insn per cycle
32.859714299,190186337,,cycles,52468025,100.00,,
32.959901837,32537,,rD044,52335445,100.00,,
32.959901837,800827,,rFF44,52334835,100.00,,
32.959901837,773121482,,instructions,52334995,100.00,4.07,insn per cycle
32.959901837,189773496,,cycles,52334885,100.00,,
33.060083646,33587,,rD044,52183500,100.00,,
33.060083646,814978,,rFF44,52183640,100.00,,
33.060083646,770105455,,instructions,52194090,100.00,4.07,insn per cycle
33.060083646,189220357,,cycles,52194590,100.00,,
33.160283405,32323,,rD044,52408970,100.00,,
33.160283405,767200,,rFF44,52409691,100.00,,
33.160283405,774355695,,instructions,52398821,100.00,4.08,insn per cycle
33.160283405,189949306,,cycles,52398811,100.00,,
33.260474024,32811,,rD044,52019954,100.00,,
33.260474024,808039,,rFF44,52020233,100.00,,
33.260474024,765136531,,instructions,52015683,100.00,4.06,insn per cycle
33.260474024,188526371,,cycles,52011173,100.00,,
33.360660483,32298,,rD044,51482149,100.00,,
33.360660483,817069,,rFF44,51475999,100.00,,
33.360660483,754886101,,instructions,51475999,100.00,4.05,insn per cycle
33.360660483,186346490,,cycles,51475999,100.00,,
33.460834162,32405,,rD044,51480931,100.00,,
33.460834162,804742,,rFF44,51480931,100.00,,
33.460834162,754017940,,instructions,51480931,100.00,4.04,insn per cycle
33.460834162,186441222,,cycles,51480931,100.00,,
33.561002733,1833,,rD044,51267898,100.00,,
33.561002733,771912,,rFF44,51267898,100.00,,
33.561002733,755097121,,instructions,51267898,100.00,4.07,insn per cycle
33.561002733,185582987,,cycles,51267898,100.00,,
33.661176177,32567,,rD044,51767555,100.00,,
33.661176177,814307,,rFF44,51772845,100.00,,
33.661176177,757687883,,instructions,51778775,100.00,4.04,insn per cycle
33.661176177,187529549,,cycles,51783305,100.00,,
33.761364650,32454,,rD044,52652150,100.00,,
33.761364650,808843,,rFF44,52651860,100.00,,
33.761364650,773594309,,instructions,52650560,100.00,4.05,insn per cycle
33.761364650,190920641,,cycles,52650280,100.00,,
33.861551754,32322,,rD044,52373255,100.00,,
33.861551754,772147,,rFF44,52373455,100.00,,
33.861551754,773599482,,instructions,52373925,100.00,4.07,insn per cycle
33.861551754,189901371,,cycles,52374245,100.00,,
33.961740568,32960,,rD044,52636893,100.00,,
33.961740568,810994,,rFF44,52636983,100.00,,
33.961740568,771656106,,instructions,52637213,100.00,4.04,insn per cycle
33.961740568,190895623,,cycles,52637223,100.00,,
34.061924481,32643,,rD044,51908033,100.00,,
34.061924481,800726,,rFF44,51908433,100.00,,
34.061924481,763938779,,instructions,51908083,100.00,4.06,insn per cycle
34.061924481,188158836,,cycles,51907973,100.00,,
34.162116055,32747,,rD044,50999528,100.00,,
34.162116055,805899,,rFF44,50993838,100.00,,
34.162116055,777508707,,instructions,50988858,100.00,4.21,insn per cycle
34.162116055,184559900,,cycles,50984388,100.00,,
34.262292148,1701,,rD044,51390280,100.00,,
34.262292148,775571,,rFF44,51390280,100.00,,
34.262292148,754036287,,instructions,51390280,100.00,4.05,insn per cycle
34.262292148,186013192,,cycles,51390280,100.00,,
34.362466232,32586,,rD044,51574928,100.00,,
34.362466232,792842,,rFF44,51574928,100.00,,
34.362466232,757232545,,instructions,51574928,100.00,4.05,insn per cycle
34.362466232,186984033,,cycles,51574928,100.00,,
34.462641335,32709,,rD044,51844880,100.00,,
34.462641335,820155,,rFF44,51844880,100.00,,
34.462641335,757302161,,instructions,51844880,100.00,4.03,insn per cycle
34.462641335,187787233,,cycles,51844880,100.00,,
34.562808479,32526,,rD044,51819151,100.00,,
34.562808479,811303,,rFF44,51819151,100.00,,
34.562808479,757327292,,instructions,51819151,100.00,4.03,insn per cycle
34.562808479,187700454,,cycles,51819151,100.00,,
34.662984402,32450,,rD044,51881005,100.00,,
34.662984402,773556,,rFF44,51886735,100.00,,
34.662984402,761087406,,instructions,51891695,100.00,4.05,insn per cycle
34.662984402,188024050,,cycles,51895845,100.00,,
34.763174756,32161,,rD044,52424228,100.00,,
34.763174756,800068,,rFF44,52424368,100.00,,
34.763174756,770436218,,instructions,52424778,100.00,4.05,insn per cycle
34.763174756,190080617,,cycles,52425118,100.00,,
34.863363859,32745,,rD044,51054524,100.00,,
34.863363859,798005,,rFF44,51054654,100.00,,
34.863363859,747579698,,instructions,51053814,100.00,4.04,insn per cycle
34.863363859,184935802,,cycles,51054014,100.00,,
34.963551423,1976,,rD044,52480277,100.00,,
34.963551423,777480,,rFF44,52480287,100.00,,
34.963551423,776369727,,instructions,52481327,100.00,4.08,insn per cycle
34.963551423,190312467,,cycles,52481337,100.00,,
35.063737186,33007,,rD044,52600359,100.00,,
35.063737186,822027,,rFF44,52600189,100.00,,
35.063737186,773688492,,instructions,52599809,100.00,4.06,insn per cycle
35.063737186,190761905,,cycles,52599399,100.00,,
35.163926030,32430,,rD044,52539065,100.00,,
35.163926030,805962,,rFF44,52538755,100.00,,
35.163926030,772689022,,instructions,52538635,100.00,4.06,insn per cycle
35.163926030,190528028,,cycles,52539265,100.00,,
35.264118404,32801,,rD044,52408016,100.00,,
35.264118404,803937,,rFF44,52402486,100.00,,
35.264118404,768231032,,instructions,52397416,100.00,4.04,insn per cycle
35.264118404,189980652,,cycles,52392496,100.00,,
35.364291337,32588,,rD044,51592707,100.00,,
35.364291337,765018,,rFF44,51592707,100.00,,
35.364291337,757304582,,instructions,51592707,100.00,4.05,insn per cycle
35.364291337,186897138,,cycles,51592707,100.00,,
35.464464651,32686,,rD044,51830547,100.00,,
35.464464651,806911,,rFF44,51830547,100.00,,
35.464464651,757419023,,instructions,51830547,100.00,4.03,insn per cycle
35.464464651,187736557,,cycles,51830547,100.00,,
35.564632434,32517,,rD044,51452947,100.00,,
35.564632434,809923,,rFF44,51452947,100.00,,
35.564632434,751988903,,instructions,51452947,100.00,4.04,insn per cycle
35.564632434,186346427,,cycles,51452947,100.00,,
35.664806857,2073,,rD044,51333994,100.00,,
35.664806857,791236,,rFF44,51333994,100.00,,
35.664806857,752484107,,instructions,51333994,100.00,4.05,insn per cycle
35.664806857,185796581,,cycles,51333994,100.00,,
35.764980931,32470,,rD044,51821385,100.00,,
35.764980931,802018,,rFF44,51826675,100.00,,
35.764980931,757846273,,instructions,51831665,100.00,4.04,insn per cycle
35.764980931,187784010,,cycles,51835505,100.00,,
35.865168284,32529,,rD044,52259294,100.00,,
35.865168284,799414,,rFF44,52260134,100.00,,
35.865168284,766169351,,instructions,52259944,100.00,4.04,insn per cycle
35.865168284,189497984,,cycles,52260264,100.00,,
35.965356208,32328,,rD044,52498976,100.00,,
35.965356208,800961,,rFF44,52498866,100.00,,
35.965356208,773258281,,instructions,52499136,100.00,4.06,insn per cycle
35.965356208,190372225,,cycles,52499386,100.00,,
36.065540532,32168,,rD044,52608209,100.00,,
36.065540532,767234,,rFF44,52607509,100.00,,
36.065540532,787737921,,instructions,52608369,100.00,4.13,insn per cycle
36.065540532,190796724,,cycles,52608319,100.00,,
36.165729915,32489,,rD044,52289824,100.00,,
36.165729915,812691,,rFF44,52284504,100.00,,
36.165729915,783702711,,instructions,52278574,100.00,4.13,insn per cycle
36.165729915,189558495,,cycles,52274214,100.00,,
36.265904239,32522,,rD044,51253226,100.00,,
36.265904239,818987,,rFF44,51253226,100.00,,
36.265904239,767170714,,instructions,51253226,100.00,4.13,insn per cycle
36.265904239,185555946,,cycles,51253226,100.00,,
36.366077872,32931,,rD044,51822011,100.00,,
36.366077872,808326,,rFF44,51826591,100.00,,
36.366077872,772594069,,instructions,51826591,100.00,4.11,insn per cycle
36.366077872,187778868,,cycles,51826591,100.00,,
36.466275316,2190,,rD044,51753876,100.00,,
36.466275316,771851,,rFF44,51749296,100.00,,
36.466275316,769799971,,instructions,51749296,100.00,4.11,insn per cycle
36.466275316,187429219,,cycles,51749296,100.00,,
36.566443489,32781,,rD044,51638092,100.00,,
36.566443489,805257,,rFF44,51638092,100.00,,
36.566443489,769443015,,instructions,51638092,100.00,4.11,insn per cycle
36.566443489,187030242,,cycles,51646262,100.00,,
36.666625993,32481,,rD044,51224844,100.00,,
36.666625993,798629,,rFF44,51224844,100.00,,
36.666625993,770578521,,instructions,51224844,100.00,4.15,insn per cycle
36.666625993,185634141,,cycles,51216674,100.00,,
36.766798916,32693,,rD044,51539558,100.00,,
36.766798916,821229,,rFF44,51539558,100.00,,
36.766798916,769793290,,instructions,51539558,100.00,4.13,insn per cycle
36.766798916,186604064,,cycles,51539558,100.00,,
36.866975359,32476,,rD044,52304582,100.00,,
36.866975359,775910,,rFF44,52309883,100.00,,
36.866975359,785621632,,instructions,52315323,100.00,4.14,insn per cycle
36.866975359,189627617,,cycles,52319523,100.00,,
36.967161953,32544,,rD044,52529206,100.00,,
36.967161953,804094,,rFF44,52529855,100.00,,
36.967161953,790178543,,instructions,52529085,100.00,4.15,insn per cycle
36.967161953,190486566,,cycles,52528845,100.00,,
37.067347587,32959,,rD044,52650987,100.00,,
37.067347587,813970,,rFF44,52650437,100.00,,
37.067347587,793723253,,instructions,52650597,100.00,4.16,insn per cycle
37.067347587,190920068,,cycles,52651497,100.00,,
37.167536460,32588,,rD044,50543878,100.00,,
37.167536460,792680,,rFF44,50543518,100.00,,
37.167536460,753476144,,instructions,50543568,100.00,4.12,insn per cycle
37.167536460,182997298,,cycles,50543748,100.00,,
37.267725684,32491,,rD044,52449397,100.00,,
37.267725684,810205,,rFF44,52450547,100.00,,
37.267725684,786494279,,instructions,52450387,100.00,4.14,insn per cycle
37.267725684,190199019,,cycles,52449987,100.00,,
37.367915968,1835,,rD044,51988060,100.00,,
37.367915968,782855,,rFF44,51981870,100.00,,
37.367915968,784329565,,instructions,51977150,100.00,4.16,insn per cycle
37.367915968,188382609,,cycles,51972510,100.00,,
37.468090351,32485,,rD044,51525102,100.00,,
37.468090351,812599,,rFF44,51525102,100.00,,
37.468090351,773293883,,instructions,51525102,100.00,4.15,insn per cycle
37.468090351,186536051,,cycles,51525102,100.00,,
37.568270154,32477,,rD044,51936756,100.00,,
37.568270154,807713,,rFF44,51943136,100.00,,
37.568270154,770529767,,instructions,51943136,100.00,4.10,insn per cycle
37.568270154,188156668,,cycles,51943136,100.00,,
37.668454328,32688,,rD044,51860594,100.00,,
37.668454328,808932,,rFF44,51854214,100.00,,
37.668454328,770473863,,instructions,51854214,100.00,4.10,insn per cycle
37.668454328,187817557,,cycles,51854214,100.00,,
37.768627602,32238,,rD044,51587458,100.00,,
37.768627602,778208,,rFF44,51587458,100.00,,
37.768627602,770575866,,instructions,51587458,100.00,4.12,insn per cycle
37.768627602,186833743,,cycles,51587458,100.00,,
37.868801445,32573,,rD044,51891654,100.00,,
37.868801445,816587,,rFF44,51897274,100.00,,
37.868801445,770537973,,instructions,51902504,100.00,4.10,insn per cycle
37.868801445,188037833,,cycles,51907764,100.00,,
37.968992598,32318,,rD044,52498902,100.00,,
37.968992598,809866,,rFF44,52499562,100.00,,
37.968992598,783462166,,instructions,52500252,100.00,4.12,insn per cycle
37.968992598,190355742,,cycles,52499422,100.00,,
38.069184302,32536,,rD044,52323590,100.00,,
38.069184302,805009,,rFF44,52323270,100.00,,
38.069184302,776855732,,instructions,52322470,100.00,4.10,insn per cycle
38.069184302,189697087,,cycles,52322240,100.00,,
38.169373076,2063,,rD044,52083407,100.00,,
38.169373076,758267,,rFF44,52082807,100.00,,
38.169373076,773963029,,instructions,52082567,100.00,4.10,insn per cycle
38.169373076,188787017,,cycles,52083847,100.00,,
38.269564729,32818,,rD044,52540382,100.00,,
38.269564729,797110,,rFF44,52541402,100.00,,
38.269564729,770838529,,instructions,52540972,100.00,4.05,insn per cycle
38.269564729,190513557,,cycles,52539952,100.00,,
38.369752443,32684,,rD044,52518473,100.00,,
38.369752443,803114,,rFF44,52517683,100.00,,
38.369752443,766978998,,instructions,52518373,100.00,4.03,insn per cycle
38.369752443,190427837,,cycles,52519283,100.00,,
38.469941556,32684,,rD044,51528453,100.00,,
38.469941556,812939,,rFF44,51522863,100.00,,
38.469941556,749101456,,instructions,51517723,100.00,4.01,insn per cycle
38.469941556,186603919,,cycles,51512353,100.00,,
38.570114650,32539,,rD044,51309199,100.00,,
38.570114650,780858,,rFF44,51309199,100.00,,
38.570114650,745240232,,instructions,51309199,100.00,4.01,insn per cycle
38.570114650,185667021,,cycles,51309199,100.00,,
38.670288573,32554,,rD044,51513192,100.00,,
38.670288573,801719,,rFF44,51513192,100.00,,
38.670288573,744414121,,instructions,51513192,100.00,3.99,insn per cycle
38.670288573,186514580,,cycles,51513192,100.00,,
38.770462757,32969,,rD044,51595411,100.00,,
38.770462757,802370,,rFF44,51600701,100.00,,
38.770462757,746209923,,instructions,51607201,100.00,3.99,insn per cycle
38.770462757,186844854,,cycles,51607201,100.00,,
38.870649160,1683,,rD044,51650949,100.00,,
38.870649160,765251,,rFF44,51651319,100.00,,
38.870649160,754958150,,instructions,51649589,100.00,4.04,insn per cycle
38.870649160,187059989,,cycles,51654599,100.00,,
38.970837174,32286,,rD044,50829840,100.00,,
38.970837174,788560,,rFF44,50829860,100.00,,
38.970837174,739244332,,instructions,50830470,100.00,4.02,insn per cycle
38.970837174,184105541,,cycles,50829980,100.00,,
39.071025578,32693,,rD044,52468896,100.00,,
39.071025578,810669,,rFF44,52469506,100.00,,
39.071025578,765471048,,instructions,52469296,100.00,4.02,insn per cycle
39.071025578,190235292,,cycles,52468866,100.00,,
39.171230691,32474,,rD044,52322332,100.00,,
39.171230691,779197,,rFF44,52322242,100.00,,
39.171230691,776814205,,instructions,52321622,100.00,4.10,insn per cycle
39.171230691,189669390,,cycles,52321672,100.00,,
39.271417745,32283,,rD044,52274998,100.00,,
39.271417745,799762,,rFF44,52268798,100.00,,
39.271417745,776882523,,instructions,52264248,100.00,4.10,insn per cycle
39.271417745,189474989,,cycles,52260108,100.00,,
39.371591398,32576,,rD044,50717097,100.00,,
39.371591398,800806,,rFF44,50717097,100.00,,
39.371591398,748494260,,instructions,50717097,100.00,4.08,insn per cycle
39.371591398,183458990,,cycles,50717097,100.00,,
39.471765642,32461,,rD044,50602619,100.00,,
39.471765642,792077,,rFF44,50602619,100.00,,
39.471765642,749658489,,instructions,50602619,100.00,4.09,insn per cycle
39.471765642,183210457,,cycles,50602619,100.00,,
39.571937265,2488,,rD044,50699307,100.00,,
39.571937265,788897,,rFF44,50699307,100.00,,
39.571937265,749188679,,instructions,50699307,100.00,4.09,insn per cycle
39.571937265,183344134,,cycles,50699307,100.00,,
39.672111619,32558,,rD044,51703372,100.00,,
39.672111619,815354,,rFF44,51708962,100.00,,
39.672111619,766684710,,instructions,51713922,100.00,4.09,insn per cycle
39.672111619,187329399,,cycles,51719042,100.00,,
39.772300582,32308,,rD044,52232622,100.00,,
39.772300582,803405,,rFF44,52232642,100.00,,
39.772300582,775327301,,instructions,52232282,100.00,4.09,insn per cycle
39.772300582,189371230,,cycles,52230582,100.00,,
39.872485866,32272,,rD044,51735725,100.00,,
39.872485866,759251,,rFF44,51730115,100.00,,
39.872485866,770374574,,instructions,51725515,100.00,4.11,insn per cycle
39.872485866,187441312,,cycles,51722095,100.00,,
39.972659789,32437,,rD044,50732884,100.00,,
39.972659789,806210,,rFF44,50732884,100.00,,
39.972659789,748063600,,instructions,50732884,100.00,4.08,insn per cycle
39.972659789,183511480,,cycles,50732884,100.00,,
40.072834023,32546,,rD044,50818272,100.00,,
40.072834023,807225,,rFF44,50818272,100.00,,
40.072834023,748398742,,instructions,50818272,100.00,4.07,insn per cycle
40.072834023,183785428,,cycles,50818272,100.00,,
40.173007186,32748,,rD044,51950317,100.00,,
40.173007186,808313,,rFF44,51955517,100.00,,
40.173007186,770730332,,instructions,51960437,100.00,4.09,insn per cycle
40.173007186,188309634,,cycles,51964747,100.00,,
40.273194470,2057,,rD044,52438869,100.00,,
40.273194470,778304,,rFF44,52439479,100.00,,
40.273194470,783880335,,instructions,52439959,100.00,4.12,insn per cycle
40.273194470,190147197,,cycles,52440209,100.00,,
40.373383634,32500,,rD044,51341893,100.00,,
40.373383634,806216,,rFF44,51336083,100.00,,
40.373383634,757894670,,instructions,51330683,100.00,4.08,insn per cycle
40.373383634,185869548,,cycles,51326123,100.00,,
40.473557617,33049,,rD044,51368012,100.00,,
40.473557617,813039,,rFF44,51373452,100.00,,
40.473557617,749040700,,instructions,51377322,100.00,4.03,insn per cycle
40.473557617,185961662,,cycles,51377322,100.00,,
40.573745090,32485,,rD044,51364774,100.00,,
40.573745090,778489,,rFF44,51359334,100.00,,
40.573745090,750206997,,instructions,51355464,100.00,4.04,insn per cycle
40.573745090,185835301,,cycles,51355464,100.00,,
40.673919154,32248,,rD044,51558565,100.00,,
40.673919154,806974,,rFF44,51563915,100.00,,
40.673919154,752849189,,instructions,51568485,100.00,4.03,insn per cycle
40.673919154,186744137,,cycles,51573145,100.00,,
40.774111288,32722,,rD044,52423105,100.00,,
40.774111288,807788,,rFF44,52423525,100.00,,
40.774111288,769084100,,instructions,52424635,100.00,4.05,insn per cycle
40.774111288,190091640,,cycles,52424455,100.00,,
40.874301291,13702,,rD044,52569219,100.00,,
40.874301291,792018,,rFF44,52568679,100.00,,
40.874301291,771350371,,instructions,52567929,100.00,4.05,insn per cycle
40.874301291,190641870,,cycles,52568359,100.00,,
40.974489725,20920,,rD044,51986359,100.00,,
40.974489725,785220,,rFF44,51981129,100.00,,
40.974489725,761242906,,instructions,51976199,100.00,4.04,insn per cycle
40.974489725,188355791,,cycles,51971289,100.00,,
41.074663258,32501,,rD044,51204573,100.00,,
41.074663258,802215,,rFF44,51204573,100.00,,
41.074663258,744179059,,instructions,51204573,100.00,4.02,insn per cycle
41.074663258,185310459,,cycles,51204573,100.00,,
41.174838462,32403,,rD044,51260286,100.00,,
41.174838462,800550,,rFF44,51260286,100.00,,
41.174838462,744037300,,instructions,51260286,100.00,4.01,insn per cycle
41.174838462,185569771,,cycles,51260286,100.00,,
41.275013755,32501,,rD044,51030703,100.00,,
41.275013755,767423,,rFF44,51030703,100.00,,
41.275013755,745055541,,instructions,51030703,100.00,4.03,insn per cycle
41.275013755,184843668,,cycles,51030703,100.00,,
41.375189098,32481,,rD044,51418006,100.00,,
41.375189098,818842,,rFF44,51418006,100.00,,
41.375189098,746873540,,instructions,51418006,100.00,4.01,insn per cycle
41.375189098,186119382,,cycles,51418006,100.00,,
41.475362422,32407,,rD044,51780311,100.00,,
41.475362422,809930,,rFF44,51785691,100.00,,
41.475362422,753560397,,instructions,51790991,100.00,4.02,insn per cycle
41.475362422,187612049,,cycles,51795661,100.00,,
41.575551146,1917,,rD044,52404899,100.00,,
41.575551146,764444,,rFF44,52404529,100.00,,
41.575551146,771548334,,instructions,52404279,100.00,4.06,insn per cycle
41.575551146,190011059,,cycles,52403719,100.00,,
41.675737319,32758,,rD044,52455106,100.00,,
41.675737319,796951,,rFF44,52455426,100.00,,
41.675737319,769680630,,instructions,52455476,100.00,4.05,insn per cycle
41.675737319,190199875,,cycles,52456466,100.00,,
41.775925723,32569,,rD044,50906010,100.00,,
41.775925723,791281,,rFF44,50906290,100.00,,
41.775925723,746306203,,instructions,50905680,100.00,4.05,insn per cycle
41.775925723,184398765,,cycles,50904870,100.00,,
41.876114536,32357,,rD044,52501167,100.00,,
41.876114536,772057,,rFF44,52501237,100.00,,
41.876114536,774357059,,instructions,52502177,100.00,4.07,insn per cycle
41.876114536,190369369,,cycles,52502327,100.00,,
41.976302230,32414,,rD044,52406955,100.00,,
41.976302230,810569,,rFF44,52406735,100.00,,
41.976302230,770548959,,instructions,52405785,100.00,4.06,insn per cycle
41.976302230,190015119,,cycles,52405415,100.00,,
42.076490744,32938,,rD044,51524483,100.00,,
42.076490744,797115,,rFF44,51519023,100.00,,
42.076490744,754498065,,instructions,51514543,100.00,4.04,insn per cycle
42.076490744,186587367,,cycles,51510473,100.00,,
42.176663507,32495,,rD044,51607500,100.00,,
42.176663507,798021,,rFF44,51607500,100.00,,
42.176663507,754004557,,instructions,51607500,100.00,4.03,insn per cycle
42.176663507,186897109,,cycles,51607500,100.00,,
42.276845201,2604,,rD044,51429881,100.00,,
42.276845201,778412,,rFF44,51429881,100.00,,
42.276845201,754497452,,instructions,51429881,100.00,4.05,insn per cycle
42.276845201,186195566,,cycles,51429881,100.00,,
42.377020114,32471,,rD044,51699946,100.00,,
42.377020114,810424,,rFF44,51699946,100.00,,
42.377020114,755591323,,instructions,51699946,100.00,4.04,insn per cycle
42.377020114,187213900,,cycles,51699946,100.00,,
42.477201378,32569,,rD044,51709165,100.00,,
42.477201378,813901,,rFF44,51709165,100.00,,
42.477201378,755273733,,instructions,51709165,100.00,4.03,insn per cycle
42.477201378,187257123,,cycles,51709165,100.00,,
42.577370811,32217,,rD044,52059562,100.00,,
42.577370811,776567,,rFF44,52065052,100.00,,
42.577370811,768394736,,instructions,52070322,100.00,4.07,insn per cycle
42.577370811,188751508,,cycles,52074552,100.00,,
42.677557634,32694,,rD044,52444686,100.00,,
42.677557634,806923,,rFF44,52445126,100.00,,
42.677557634,772108184,,instructions,52444366,100.00,4.06,insn per cycle
42.677557634,190089874,,cycles,52445736,100.00,,
42.777747888,32461,,rD044,52492035,100.00,,
42.777747888,796090,,rFF44,52492535,100.00,,
42.777747888,778190808,,instructions,52492785,100.00,4.09,insn per cycle
42.777747888,190342719,,cycles,52491355,100.00,,
42.877936632,32289,,rD044,52497770,100.00,,
42.877936632,800620,,rFF44,52497150,100.00,,
42.877936632,780227858,,instructions,52497110,100.00,4.10,insn per cycle
42.877936632,190374021,,cycles,52497160,100.00,,
42.978128585,2004,,rD044,52109940,100.00,,
42.978128585,770656,,rFF44,52104130,100.00,,
42.978128585,772011626,,instructions,52099410,100.00,4.09,insn per cycle
42.978128585,188837845,,cycles,52095190,100.00,,
43.078301899,32865,,rD044,51751019,100.00,,
43.078301899,815603,,rFF44,51751019,100.00,,
43.078301899,760655238,,instructions,51751019,100.00,4.06,insn per cycle
43.078301899,187412202,,cycles,51751019,100.00,,
43.178475572,32764,,rD044,51675660,100.00,,
43.178475572,816041,,rFF44,51675660,100.00,,
43.178475572,761396577,,instructions,51675660,100.00,4.07,insn per cycle
43.178475572,187132649,,cycles,51675660,100.00,,
43.278651636,32592,,rD044,51644018,100.00,,
43.278651636,807789,,rFF44,51644018,100.00,,
43.278651636,760975435,,instructions,51644018,100.00,4.07,insn per cycle
43.278651636,187023093,,cycles,51644018,100.00,,
43.378828509,32977,,rD044,51684613,100.00,,
43.378828509,784991,,rFF44,51684613,100.00,,
43.378828509,760816236,,instructions,51684613,100.00,4.07,insn per cycle
43.378828509,187159680,,cycles,51684613,100.00,,
43.479004943,32768,,rD044,51877025,100.00,,
43.479004943,817136,,rFF44,51877025,100.00,,
43.479004943,764889068,,instructions,51877025,100.00,4.07,insn per cycle
43.479004943,187958657,,cycles,51877025,100.00,,
43.579185716,32910,,rD044,51583814,100.00,,
43.579185716,805895,,rFF44,51589724,100.00,,
43.579185716,767033841,,instructions,51594924,100.00,4.10,insn per cycle
43.579185716,187043727,,cycles,51598034,100.00,,
43.679375430,2063,,rD044,51902999,100.00,,
43.679375430,795608,,rFF44,51901809,100.00,,
43.679375430,766261975,,instructions,51901619,100.00,4.08,insn per cycle
43.679375430,188011999,,cycles,51903239,100.00,,
43.779562783,32666,,rD044,52508964,100.00,,
43.779562783,820543,,rFF44,52510384,100.00,,
43.779562783,774302123,,instructions,52510734,100.00,4.07,insn per cycle
43.779562783,190428263,,cycles,52510264,100.00,,
43.879751937,32720,,rD044,52680388,100.00,,
43.879751937,816147,,rFF44,52679508,100.00,,
43.879751937,776106427,,instructions,52679238,100.00,4.06,insn per cycle
43.879751937,191043378,,cycles,52678928,100.00,,
43.979940731,33091,,rD044,52667306,100.00,,
43.979940731,813867,,rFF44,52667716,100.00,,
43.979940731,774704608,,instructions,52667756,100.00,4.06,insn per cycle
43.979940731,191002623,,cycles,52668396,100.00,,
44.080129584,32743,,rD044,51084623,100.00,,
44.080129584,777334,,rFF44,51084503,100.00,,
44.080129584,748603834,,instructions,51083823,100.00,4.05,insn per cycle
44.080129584,185020325,,cycles,51083253,100.00,,
44.180316708,33015,,rD044,52101281,100.00,,
44.180316708,812772,,rFF44,52095731,100.00,,
44.180316708,763715391,,instructions,52091281,100.00,4.05,insn per cycle
44.180316708,188793089,,cycles,52087261,100.00,,
44.280490841,32532,,rD044,51319455,100.00,,
44.280490841,825038,,rFF44,51319455,100.00,,
44.280490841,754793523,,instructions,51319455,100.00,4.06,insn per cycle
44.280490841,185762049,,cycles,51319455,100.00,,
44.380665535,2316,,rD044,52014732,100.00,,
44.380665535,789185,,rFF44,52020432,100.00,,
44.380665535,762499511,,instructions,52024862,100.00,4.04,insn per cycle
44.380665535,188515376,,cycles,52029252,100.00,,
44.480855139,32584,,rD044,52144029,100.00,,
44.480855139,810006,,rFF44,52138329,100.00,,
44.480855139,762335007,,instructions,52141899,100.00,4.03,insn per cycle
44.480855139,188967128,,cycles,52140629,100.00,,
44.581043292,32880,,rD044,52168921,100.00,,
44.581043292,808177,,rFF44,52168921,100.00,,
44.581043292,761960810,,instructions,52160921,100.00,4.03,insn per cycle
44.581043292,188983723,,cycles,52157801,100.00,,
44.681230586,32391,,rD044,52125933,100.00,,
44.681230586,809853,,rFF44,52125933,100.00,,
44.681230586,762170861,,instructions,52125933,100.00,4.03,insn per cycle
44.681230586,188904181,,cycles,52125933,100.00,,
44.781404469,32749,,rD044,52005845,100.00,,
44.781404469,780428,,rFF44,52005845,100.00,,
44.781404469,762190312,,instructions,52005845,100.00,4.04,insn per cycle
44.781404469,188447905,,cycles,52005845,100.00,,
44.881578143,32533,,rD044,52177050,100.00,,
44.881578143,817326,,rFF44,52180490,100.00,,
44.881578143,761625716,,instructions,52180490,100.00,4.03,insn per cycle
44.881578143,189100655,,cycles,52180490,100.00,,
44.981763876,32659,,rD044,51682225,100.00,,
44.981763876,805847,,rFF44,51678785,100.00,,
44.981763876,764069503,,instructions,51678785,100.00,4.08,insn per cycle
44.981763876,187183226,,cycles,51678785,100.00,,
45.081938669,32799,,rD044,51556069,100.00,,
45.081938669,812524,,rFF44,51556069,100.00,,
45.081938669,768276139,,instructions,51556069,100.00,4.12,insn per cycle
45.081938669,186667192,,cycles,51556069,100.00,,
45.182112313,2258,,rD044,52194684,100.00,,
45.182112313,780099,,rFF44,52200444,100.00,,
45.182112313,783386212,,instructions,52206104,100.00,4.14,insn per cycle
45.182112313,189222929,,cycles,52210324,100.00,,
45.282300347,32757,,rD044,52364317,100.00,,
45.282300347,807738,,rFF44,52364157,100.00,,
45.282300347,777020139,,instructions,52363797,100.00,4.09,insn per cycle
45.282300347,189851244,,cycles,52364207,100.00,,
45.382489480,32608,,rD044,52513011,100.00,,
45.382489480,825011,,rFF44,52513161,100.00,,
45.382489480,781936888,,instructions,52512611,100.00,4.11,insn per cycle
45.382489480,190410365,,cycles,52512221,100.00,,
45.482678414,32765,,rD044,52529873,100.00,,
45.482678414,824154,,rFF44,52530423,100.00,,
45.482678414,779253324,,instructions,52531543,100.00,4.09,insn per cycle
45.482678414,190449673,,cycles,52531373,100.00,,
45.582868367,32370,,rD044,51909139,100.00,,
45.582868367,779731,,rFF44,51902839,100.00,,
45.582868367,768531526,,instructions,51896969,100.00,4.09,insn per cycle
45.582868367,188068005,,cycles,51892899,100.00,,
45.683041111,32880,,rD044,51610769,100.00,,
45.683041111,819219,,rFF44,51610769,100.00,,
45.683041111,753961952,,instructions,51610769,100.00,4.04,insn per cycle
45.683041111,186845127,,cycles,51610769,100.00,,
45.783228904,32761,,rD044,51755961,100.00,,
45.783228904,826867,,rFF44,51755961,100.00,,
45.783228904,760092219,,instructions,51755961,100.00,4.06,insn per cycle
45.783228904,187436414,,cycles,51755961,100.00,,
45.883402418,2380,,rD044,51106042,100.00,,
45.883402418,776488,,rFF44,51106042,100.00,,
45.883402418,753550016,,instructions,51106042,100.00,4.07,insn per cycle
45.883402418,185164338,,cycles,51106042,100.00,,
45.983574951,32683,,rD044,51661214,100.00,,
45.983574951,832213,,rFF44,51661214,100.00,,
45.983574951,755430553,,instructions,51661214,100.00,4.04,insn per cycle
45.983574951,187082450,,cycles,51661214,100.00,,
46.083748545,32692,,rD044,51867804,100.00,,
46.083748545,835123,,rFF44,51867804,100.00,,
46.083748545,753721272,,instructions,51867804,100.00,4.01,insn per cycle
46.083748545,187840067,,cycles,51867804,100.00,,
46.183918738,32580,,rD044,52507640,100.00,,
46.183918738,818569,,rFF44,52513580,100.00,,
46.183918738,777514273,,instructions,52518340,100.00,4.08,insn per cycle
46.183918738,190417387,,cycles,52522330,100.00,,
46.284119962,32642,,rD044,52383556,100.00,,
46.284119962,770707,,rFF44,52383536,100.00,,
46.284119962,776158489,,instructions,52383966,100.00,4.09,insn per cycle
46.284119962,189925364,,cycles,52384846,100.00,,
46.384308106,33008,,rD044,51162782,100.00,,
46.384308106,807944,,rFF44,51162962,100.00,,
46.384308106,744493831,,instructions,51162892,100.00,4.02,insn per cycle
46.384308106,185336259,,cycles,51162952,100.00,,
46.484496009,32712,,rD044,52419870,100.00,,
46.484496009,817289,,rFF44,52418770,100.00,,
46.484496009,764143147,,instructions,52418830,100.00,4.02,insn per cycle
46.484496009,190076614,,cycles,52418040,100.00,,
46.584689103,32743,,rD044,52281644,100.00,,
46.584689103,823756,,rFF44,52282554,100.00,,
46.584689103,763482944,,instructions,52282724,100.00,4.03,insn per cycle
46.584689103,189564349,,cycles,52283274,100.00,,
46.684875136,2422,,rD044,52012770,100.00,,
46.684875136,778583,,rFF44,52014570,100.00,,
46.684875136,776421861,,instructions,52013730,100.00,4.12,insn per cycle
46.684875136,188537337,,cycles,52014070,100.00,,
46.785066490,32400,,rD044,51097212,100.00,,
46.785066490,822943,,rFF44,51089502,100.00,,
46.785066490,755093729,,instructions,51084992,100.00,4.09,insn per cycle
46.785066490,184831928,,cycles,51079962,100.00,,
46.885254934,32587,,rD044,50871425,100.00,,
46.885254934,820925,,rFF44,50871425,100.00,,
46.885254934,750631645,,instructions,50871425,100.00,4.08,insn per cycle
46.885254934,184007775,,cycles,50871425,100.00,,
46.985426537,32712,,rD044,51780094,100.00,,
46.985426537,780787,,rFF44,51785214,100.00,,
46.985426537,766405962,,instructions,51789874,100.00,4.08,insn per cycle
46.985426537,187646692,,cycles,51793804,100.00,,
47.085614381,32964,,rD044,52526451,100.00,,
47.085614381,827971,,rFF44,52527361,100.00,,
47.085614381,778620336,,instructions,52527581,100.00,4.09,insn per cycle
47.085614381,190457058,,cycles,52527801,100.00,,
47.185799064,32834,,rD044,52663071,100.00,,
47.185799064,835268,,rFF44,52657041,100.00,,
47.185799064,792198220,,instructions,52652161,100.00,4.15,insn per cycle
47.185799064,190937325,,cycles,52648011,100.00,,
47.285973358,33090,,rD044,51471950,100.00,,
47.285973358,822884,,rFF44,51471950,100.00,,
47.285973358,765983255,,instructions,51471950,100.00,4.11,insn per cycle
47.285973358,186408852,,cycles,51471950,100.00,,
47.386149441,2244,,rD044,51000297,100.00,,
47.386149441,794010,,rFF44,51000297,100.00,,
47.386149441,757077325,,instructions,51000297,100.00,4.10,insn per cycle
47.386149441,184488294,,cycles,51000297,100.00,,
47.486325365,33008,,rD044,51184266,100.00,,
47.486325365,821522,,rFF44,51184266,100.00,,
47.486325365,758597155,,instructions,51184266,100.00,4.10,insn per cycle
47.486325365,185242526,,cycles,51184266,100.00,,
47.586499478,32570,,rD044,51826213,100.00,,
47.586499478,817234,,rFF44,51831463,100.00,,
47.586499478,771568958,,instructions,51836713,100.00,4.11,insn per cycle
47.586499478,187806053,,cycles,51840783,100.00,,
47.686684331,32895,,rD044,52517200,100.00,,
47.686684331,823906,,rFF44,52517280,100.00,,
47.686684331,777209658,,instructions,52516950,100.00,4.08,insn per cycle
47.686684331,190460896,,cycles,52517190,100.00,,
47.786872575,32990,,rD044,52558608,100.00,,
47.786872575,796770,,rFF44,52559428,100.00,,
47.786872575,802298576,,instructions,52559618,100.00,4.21,insn per cycle
47.786872575,190582873,,cycles,52560578,100.00,,
47.887062629,32958,,rD044,51205720,100.00,,
47.887062629,820165,,rFF44,51204990,100.00,,
47.887062629,778200379,,instructions,51199880,100.00,4.20,insn per cycle
47.887062629,185314060,,cycles,51194610,100.00,,
47.987264082,32866,,rD044,51179579,100.00,,
47.987264082,828886,,rFF44,51174159,100.00,,
47.987264082,776594222,,instructions,51174159,100.00,4.19,insn per cycle
47.987264082,185142683,,cycles,51174159,100.00,,
48.087438426,32684,,rD044,51113699,100.00,,
48.087438426,822163,,rFF44,51119439,100.00,,
48.087438426,777850768,,instructions,51124369,100.00,4.20,insn per cycle
48.087438426,185016029,,cycles,51128789,100.00,,
48.187624430,32607,,rD044,51043866,100.00,,
48.187624430,811833,,rFF44,51043926,100.00,,
48.187624430,780912422,,instructions,51043596,100.00,4.22,insn per cycle
48.187624430,184894534,,cycles,51043276,100.00,,
48.287811033,2503,,rD044,52771651,100.00,,
48.287811033,796863,,rFF44,52771601,100.00,,
48.287811033,792488176,,instructions,52772591,100.00,4.14,insn per cycle
48.287811033,191364970,,cycles,52773431,100.00,,
48.388001097,32580,,rD044,50477742,100.00,,
48.388001097,825313,,rFF44,50471992,100.00,,
48.388001097,743387544,,instructions,50466402,100.00,4.07,insn per cycle
48.388001097,182523235,,cycles,50461462,100.00,,
48.488177960,32632,,rD044,52145075,100.00,,
48.488177960,834311,,rFF44,52145075,100.00,,
48.488177960,772393877,,instructions,52145075,100.00,4.09,insn per cycle
48.488177960,189066189,,cycles,52145075,100.00,,
48.588352664,32589,,rD044,52072264,100.00,,
48.588352664,822922,,rFF44,52072264,100.00,,
48.588352664,772310633,,instructions,52072264,100.00,4.09,insn per cycle
48.588352664,188735642,,cycles,52072264,100.00,,
48.688522067,32324,,rD044,51994839,100.00,,
48.688522067,792753,,rFF44,51994839,100.00,,
48.688522067,773491974,,instructions,51994839,100.00,4.11,insn per cycle
48.688522067,188353897,,cycles,51994839,100.00,,
48.788694650,33409,,rD044,52157411,100.00,,
48.788694650,831596,,rFF44,52157411,100.00,,
48.788694650,772388458,,instructions,52157411,100.00,4.09,insn per cycle
48.788694650,188944885,,cycles,52157411,100.00,,
48.888868794,32591,,rD044,52088046,100.00,,
48.888868794,835109,,rFF44,52088046,100.00,,
48.888868794,772312298,,instructions,52088046,100.00,4.09,insn per cycle
48.888868794,188800911,,cycles,52088046,100.00,,
48.989041848,32968,,rD044,52682886,100.00,,
48.989041848,828105,,rFF44,52688966,100.00,,
48.989041848,782092331,,instructions,52693656,100.00,4.09,insn per cycle
48.989041848,191122895,,cycles,52697966,100.00,,
49.089244491,8112,,rD044,52696305,100.00,,
49.089244491,794495,,rFF44,52696145,100.00,,
49.089244491,786022785,,instructions,52695985,100.00,4.11,insn per cycle
49.089244491,191096898,,cycles,52695775,100.00,,
49.189427615,26936,,rD044,52523848,100.00,,
49.189427615,808992,,rFF44,52523748,100.00,,
49.189427615,784953506,,instructions,52524788,100.00,4.12,insn per cycle
49.189427615,190445609,,cycles,52525028,100.00,,
49.289617138,32548,,rD044,52777697,100.00,,
49.289617138,823733,,rFF44,52777367,100.00,,
49.289617138,788787703,,instructions,52776287,100.00,4.12,insn per cycle
49.289617138,191420715,,cycles,52775757,100.00,,
49.389804122,32921,,rD044,52097869,100.00,,
49.389804122,821872,,rFF44,52092379,100.00,,
49.389804122,775974156,,instructions,52087889,100.00,4.11,insn per cycle
49.389804122,188782332,,cycles,52084079,100.00,,
49.489977515,32592,,rD044,51766991,100.00,,
49.489977515,836320,,rFF44,51766991,100.00,,
49.489977515,769729147,,instructions,51766991,100.00,4.11,insn per cycle
49.489977515,187474913,,cycles,51766991,100.00,,
49.590153709,32979,,rD044,51758523,100.00,,
49.590153709,800282,,rFF44,51758523,100.00,,
49.590153709,769780115,,instructions,51758523,100.00,4.11,insn per cycle
49.590153709,187442485,,cycles,51758523,100.00,,
49.690326132,32410,,rD044,51864773,100.00,,
49.690326132,823141,,rFF44,51864773,100.00,,
49.690326132,769754835,,instructions,51864773,100.00,4.10,insn per cycle
49.690326132,187856192,,cycles,51864773,100.00,,
49.790499176,32851,,rD044,51977764,100.00,,
49.790499176,827209,,rFF44,51983254,100.00,,
49.790499176,770002393,,instructions,51987814,100.00,4.09,insn per cycle
49.790499176,188347226,,cycles,51992754,100.00,,
49.890686699,32808,,rD044,52780386,100.00,,
49.890686699,822510,,rFF44,52780586,100.00,,
49.890686699,790801585,,instructions,52781106,100.00,4.13,insn per cycle
49.890686699,191421729,,cycles,52780536,100.00,,
49.990874313,2301,,rD044,52816581,100.00,,
49.990874313,799785,,rFF44,52816011,100.00,,
49.990874313,801458347,,instructions,52815861,100.00,4.18,insn per cycle
49.990874313,191570176,,cycles,52815841,100.00,,
50.091061436,33080,,rD044,52545111,100.00,,
50.091061436,832853,,rFF44,52539991,100.00,,
50.091061436,788448490,,instructions,52535061,100.00,4.14,insn per cycle
50.091061436,190504833,,cycles,52530711,100.00,,
50.191244690,32683,,rD044,51617662,100.00,,
50.191244690,823929,,rFF44,51617662,100.00,,
50.191244690,770690254,,instructions,51617662,100.00,4.12,insn per cycle
50.191244690,186918292,,cycles,51617662,100.00,,
50.291417894,32802,,rD044,51464183,100.00,,
50.291417894,817471,,rFF44,51464183,100.00,,
50.291417894,770602318,,instructions,51464183,100.00,4.14,insn per cycle
50.291417894,186328594,,cycles,51464183,100.00,,
50.391592477,32639,,rD044,51386675,100.00,,
50.391592477,789510,,rFF44,51386675,100.00,,
50.391592477,770747083,,instructions,51386675,100.00,4.14,insn per cycle
50.391592477,185996734,,cycles,51386675,100.00,,
50.491768050,32573,,rD044,51475828,100.00,,
50.491768050,810082,,rFF44,51475828,100.00,,
50.491768050,770565060,,instructions,51475828,100.00,4.13,insn per cycle
50.491768050,186555974,,cycles,51475828,100.00,,
50.591947434,32426,,rD044,51581226,100.00,,
50.591947434,830305,,rFF44,51581226,100.00,,
50.591947434,766794818,,instructions,51581226,100.00,4.11,insn per cycle
50.591947434,186786267,,cycles,51581226,100.00,,
50.692115867,32598,,rD044,51638097,100.00,,
50.692115867,823748,,rFF44,51643597,100.00,,
50.692115867,768109311,,instructions,51648817,100.00,4.10,insn per cycle
50.692115867,187130169,,cycles,51653587,100.00,,
50.792303891,2326,,rD044,52434324,100.00,,
50.792303891,785523,,rFF44,52434674,100.00,,
50.792303891,784811964,,instructions,52434794,100.00,4.13,insn per cycle
50.792303891,190130752,,cycles,52434614,100.00,,
50.892492284,32556,,rD044,52727056,100.00,,
50.892492284,820531,,rFF44,52727376,100.00,,
50.892492284,782616244,,instructions,52727366,100.00,4.09,insn per cycle
50.892492284,191257750,,cycles,52727316,100.00,,
50.992681598,32820,,rD044,53011357,100.00,,
50.992681598,828673,,rFF44,53011267,100.00,,
50.992681598,777890991,,instructions,53010497,100.00,4.05,insn per cycle
50.992681598,192284750,,cycles,53010217,100.00,,
51.092871292,33028,,rD044,52536321,100.00,,
51.092871292,823614,,rFF44,52535651,100.00,,
51.092871292,780738539,,instructions,52535961,100.00,4.10,insn per cycle
51.092871292,190485821,,cycles,52536681,100.00,,
51.193054975,32454,,rD044,51980290,100.00,,
51.193054975,791386,,rFF44,51974880,100.00,,
51.193054975,775608275,,instructions,51970010,100.00,4.12,insn per cycle
51.193054975,188360095,,cycles,51965030,100.00,,
51.293239499,32603,,rD044,51955386,100.00,,
51.293239499,826821,,rFF44,51955386,100.00,,
51.293239499,766984518,,instructions,51955386,100.00,4.07,insn per cycle
51.293239499,188233260,,cycles,51955386,100.00,,
51.393412782,32736,,rD044,52058560,100.00,,
51.393412782,820805,,rFF44,52058560,100.00,,
51.393412782,765901127,,instructions,52058560,100.00,4.06,insn per cycle
51.393412782,188601875,,cycles,52058560,100.00,,
51.493592266,32599,,rD044,51998956,100.00,,
51.493592266,818257,,rFF44,51998956,100.00,,
51.493592266,765841209,,instructions,51998956,100.00,4.06,insn per cycle
51.493592266,188409940,,cycles,51998956,100.00,,
51.593773540,2101,,rD044,51721161,100.00,,
51.593773540,789482,,rFF44,51721161,100.00,,
51.593773540,765914339,,instructions,51721161,100.00,4.09,insn per cycle
51.593773540,187301158,,cycles,51721161,100.00,,
51.693937633,32810,,rD044,51907305,100.00,,
51.693937633,824334,,rFF44,51913215,100.00,,
51.693937633,765842680,,instructions,51916685,100.00,4.07,insn per cycle
51.693937633,188078064,,cycles,51916685,100.00,,
51.794123786,32357,,rD044,52429762,100.00,,
51.794123786,827358,,rFF44,52429112,100.00,,
51.794123786,772954231,,instructions,52430562,100.00,4.07,insn per cycle
51.794123786,190096122,,cycles,52435202,100.00,,
51.894310660,32653,,rD044,52632575,100.00,,
51.894310660,825879,,rFF44,52632855,100.00,,
51.894310660,776706983,,instructions,52632815,100.00,4.07,insn per cycle
51.894310660,190817310,,cycles,52632495,100.00,,
51.994498214,32980,,rD044,52574251,100.00,,
51.994498214,789706,,rFF44,52574631,100.00,,
51.994498214,779417659,,instructions,52574541,100.00,4.09,insn per cycle
51.994498214,190649505,,cycles,52574371,100.00,,
52.094686537,32904,,rD044,52536440,100.00,,
52.094686537,820388,,rFF44,52536390,100.00,,
52.094686537,776816692,,instructions,52536770,100.00,4.08,insn per cycle
52.094686537,190500280,,cycles,52537520,100.00,,
52.194868551,32573,,rD044,52536248,100.00,,
52.194868551,815751,,rFF44,52535418,100.00,,
52.194868551,775761099,,instructions,52535468,100.00,4.07,insn per cycle
52.194868551,190487787,,cycles,52535098,100.00,,
52.295056814,32824,,rD044,52332702,100.00,,
52.295056814,822761,,rFF44,52333202,100.00,,
52.295056814,772214106,,instructions,52333112,100.00,4.07,insn per cycle
52.295056814,189754627,,cycles,52333002,100.00,,
52.395256808,2117,,rD044,52334085,100.00,,
52.395256808,796542,,rFF44,52328545,100.00,,
52.395256808,776040488,,instructions,52323415,100.00,4.09,insn per cycle
52.395256808,189680150,,cycles,52318995,100.00,,
52.495431942,32660,,rD044,51967660,100.00,,
52.495431942,817535,,rFF44,51967660,100.00,,
52.495431942,765612740,,instructions,51967660,100.00,4.07,insn per cycle
52.495431942,188316471,,cycles,51967660,100.00,,
52.595606825,32596,,rD044,51968880,100.00,,
52.595606825,816174,,rFF44,51968880,100.00,,
52.595606825,765556069,,instructions,51968880,100.00,4.07,insn per cycle
52.595606825,188293237,,cycles,51968880,100.00,,
52.695773388,32561,,rD044,52002794,100.00,,
52.695773388,818512,,rFF44,52002794,100.00,,
52.695773388,765721358,,instructions,52002794,100.00,4.06,insn per cycle
52.695773388,188429522,,cycles,52002794,100.00,,
52.795946942,32498,,rD044,51718112,100.00,,
52.795946942,778227,,rFF44,51718112,100.00,,
52.795946942,765439977,,instructions,51718112,100.00,4.08,insn per cycle
52.795946942,187485498,,cycles,51718112,100.00,,
52.896125555,32581,,rD044,51910013,100.00,,
52.896125555,827199,,rFF44,51910013,100.00,,
52.896125555,767540588,,instructions,51910013,100.00,4.08,insn per cycle
52.896125555,188107428,,cycles,51910013,100.00,,
52.996303789,32660,,rD044,51707830,100.00,,
52.996303789,827354,,rFF44,51707830,100.00,,
52.996303789,769731931,,instructions,51707830,100.00,4.11,insn per cycle
52.996303789,187331686,,cycles,51707830,100.00,,
53.096485792,32498,,rD044,51572222,100.00,,
53.096485792,819879,,rFF44,51572222,100.00,,
53.096485792,769789366,,instructions,51572222,100.00,4.12,insn per cycle
53.096485792,186798631,,cycles,51572222,100.00,,
53.196651326,2237,,rD044,51418008,100.00,,
53.196651326,790923,,rFF44,51418008,100.00,,
53.196651326,769873101,,instructions,51418008,100.00,4.14,insn per cycle
53.196651326,186120187,,cycles,51418008,100.00,,
53.296827119,32693,,rD044,52474264,100.00,,
53.296827119,822886,,rFF44,52480194,100.00,,
53.296827119,782099493,,instructions,52486044,100.00,4.11,insn per cycle
53.296827119,190308200,,cycles,52490954,100.00,,
53.397016443,32895,,rD044,52614559,100.00,,
53.397016443,824017,,rFF44,52614219,100.00,,
53.397016443,784769777,,instructions,52613719,100.00,4.11,insn per cycle
53.397016443,190813619,,cycles,52612939,100.00,,
53.497204876,32737,,rD044,51322714,100.00,,
53.497204876,835619,,rFF44,51323155,100.00,,
53.497204876,766496767,,instructions,51323035,100.00,4.12,insn per cycle
53.497204876,185851413,,cycles,51324055,100.00,,
53.597396410,32711,,rD044,51267756,100.00,,
53.597396410,840587,,rFF44,51267655,100.00,,
53.597396410,772226809,,instructions,51267525,100.00,4.16,insn per cycle
53.597396410,185755710,,cycles,51266545,100.00,,
53.697576284,32646,,rD044,52488839,100.00,,
53.697576284,789347,,rFF44,52488919,100.00,,
53.697576284,795333452,,instructions,52489319,100.00,4.18,insn per cycle
53.697576284,190375724,,cycles,52489339,100.00,,
53.797767067,32536,,rD044,51814339,100.00,,
53.797767067,823561,,rFF44,51808329,100.00,,
53.797767067,779114444,,instructions,51802829,100.00,4.15,insn per cycle
53.797767067,187680378,,cycles,51798639,100.00,,
53.897941731,32514,,rD044,51199552,100.00,,
53.897941731,826905,,rFF44,51199552,100.00,,
53.897941731,766694798,,instructions,51199552,100.00,4.14,insn per cycle
53.897941731,185249170,,cycles,51199552,100.00,,
53.998116004,32695,,rD044,51101258,100.00,,
53.998116004,831765,,rFF44,51101258,100.00,,
53.998116004,766700586,,instructions,51101258,100.00,4.15,insn per cycle
53.998116004,184871905,,cycles,51101258,100.00,,
54.098290508,32567,,rD044,52523860,100.00,,
54.098290508,835460,,rFF44,52529280,100.00,,
54.098290508,794429928,,instructions,52533990,100.00,4.17,insn per cycle
54.098290508,190499655,,cycles,52538680,100.00,,
54.198471721,2276,,rD044,52635655,100.00,,
54.198471721,795804,,rFF44,52635985,100.00,,
54.198471721,800849307,,instructions,52635895,100.00,4.20,insn per cycle
54.198471721,190895232,,cycles,52635865,100.00,,
54.298661345,32806,,rD044,51510773,100.00,,
54.298661345,819845,,rFF44,51505023,100.00,,
54.298661345,774085936,,instructions,51500403,100.00,4.15,insn per cycle
54.298661345,186523044,,cycles,51495743,100.00,,
54.398836058,32530,,rD044,51271645,100.00,,
54.398836058,820903,,rFF44,51271645,100.00,,
54.398836058,768023954,,instructions,51271645,100.00,4.14,insn per cycle
54.398836058,185617508,,cycles,51271645,100.00,,
54.499009922,32900,,rD044,51561043,100.00,,
54.499009922,833381,,rFF44,51561043,100.00,,
54.499009922,769350053,,instructions,51561043,100.00,4.12,insn per cycle
54.499009922,186674213,,cycles,51561043,100.00,,
54.599191975,32580,,rD044,51267002,100.00,,
54.599191975,794568,,rFF44,51267002,100.00,,
54.599191975,768055404,,instructions,51267002,100.00,4.14,insn per cycle
54.599191975,185581314,,cycles,51267002,100.00,,
54.699366379,32878,,rD044,52598456,100.00,,
54.699366379,838583,,rFF44,52604196,100.00,,
54.699366379,787332690,,instructions,52609286,100.00,4.13,insn per cycle
54.699366379,190781510,,cycles,52613836,100.00,,
54.799553702,32403,,rD044,52653650,100.00,,
54.799553702,821206,,rFF44,52653690,100.00,,
54.799553702,790373757,,instructions,52654200,100.00,4.14,insn per cycle
54.799553702,190963487,,cycles,52654320,100.00,,
54.899744446,32800,,rD044,52803615,100.00,,
54.899744446,819360,,rFF44,52803405,100.00,,
54.899744446,794704664,,instructions,52802565,100.00,4.15,insn per cycle
54.899744446,191510886,,cycles,52802145,100.00,,
54.999933529,32889,,rD044,51415184,100.00,,
54.999933529,822457,,rFF44,51409614,100.00,,
54.999933529,768846466,,instructions,51404854,100.00,4.13,insn per cycle
54.999933529,186119341,,cycles,51400604,100.00,,
55.100122333,2047,,rD044,50990724,100.00,,
55.100122333,773623,,rFF44,50990724,100.00,,
55.100122333,770961658,,instructions,50990724,100.00,4.17,insn per cycle
55.100122333,184742144,,cycles,50990724,100.00,,
55.200297096,33268,,rD044,51579202,100.00,,
55.200297096,844602,,rFF44,51579202,100.00,,
55.200297096,771645999,,instructions,51579202,100.00,4.13,insn per cycle
55.200297096,186739712,,cycles,51579202,100.00,,
55.300472310,32514,,rD044,51515591,100.00,,
55.300472310,833321,,rFF44,51515591,100.00,,
55.300472310,771437531,,instructions,51515591,100.00,4.14,insn per cycle
55.300472310,186522775,,cycles,51515591,100.00,,
55.400647583,32705,,rD044,51957093,100.00,,
55.400647583,829907,,rFF44,51962673,100.00,,
55.400647583,779547013,,instructions,51967533,100.00,4.14,insn per cycle
55.400647583,188274353,,cycles,51972093,100.00,,
55.500836277,32840,,rD044,52600110,100.00,,
55.500836277,787804,,rFF44,52600470,100.00,,
55.500836277,795477161,,instructions,52600570,100.00,4.17,insn per cycle
55.500836277,190731934,,cycles,52601200,100.00,,
55.601025101,32722,,rD044,52763189,100.00,,
55.601025101,820731,,rFF44,52762769,100.00,,
55.601025101,794828367,,instructions,52762959,100.00,4.15,insn per cycle
55.601025101,191379615,,cycles,52762449,100.00,,
55.701229584,32713,,rD044,52143625,100.00,,
55.701229584,820461,,rFF44,52138105,100.00,,
55.701229584,784360219,,instructions,52132955,100.00,4.15,insn per cycle
55.701229584,188966427,,cycles,52128275,100.00,,
55.801402938,32722,,rD044,51384317,100.00,,
55.801402938,838126,,rFF44,51384317,100.00,,
55.801402938,774401432,,instructions,51384317,100.00,4.16,insn per cycle
55.801402938,186025461,,cycles,51384317,100.00,,
55.901576021,32406,,rD044,51413743,100.00,,
55.901576021,829705,,rFF44,51413743,100.00,,
55.901576021,774312187,,instructions,51413743,100.00,4.16,insn per cycle
55.901576021,186146471,,cycles,51413743,100.00,,
56.001749385,2036,,rD044,51223325,100.00,,
56.001749385,787364,,rFF44,51223325,100.00,,
56.001749385,774236000,,instructions,51223325,100.00,4.18,insn per cycle
56.001749385,185393528,,cycles,51223325,100.00,,
56.101922628,33026,,rD044,51930873,100.00,,
56.101922628,823579,,rFF44,51936933,100.00,,
56.101922628,781401314,,instructions,51941503,100.00,4.15,insn per cycle
56.101922628,188188524,,cycles,51945983,100.00,,
56.202111812,33015,,rD044,52469409,100.00,,
56.202111812,826902,,rFF44,52468729,100.00,,
56.202111812,791091268,,instructions,52469179,100.00,4.16,insn per cycle
56.202111812,190249776,,cycles,52469129,100.00,,
56.302299325,32483,,rD044,52429294,100.00,,
56.302299325,821244,,rFF44,52428954,100.00,,
56.302299325,794353999,,instructions,52428974,100.00,4.18,insn per cycle
56.302299325,190107918,,cycles,52429774,100.00,,
56.402487429,33045,,rD044,52237274,100.00,,
56.402487429,829672,,rFF44,52237634,100.00,,
56.402487429,789313033,,instructions,52237884,100.00,4.17,insn per cycle
56.402487429,189410629,,cycles,52237924,100.00,,
56.502677133,32556,,rD044,51525684,100.00,,
56.502677133,786538,,rFF44,51523794,100.00,,
56.502677133,776886568,,instructions,51518504,100.00,4.16,insn per cycle
56.502677133,186596493,,cycles,51513234,100.00,,
56.602862436,33191,,rD044,51401133,100.00,,
56.602862436,821450,,rFF44,51397623,100.00,,
56.602862436,770209956,,instructions,51397623,100.00,4.14,insn per cycle
56.602862436,186102706,,cycles,51397623,100.00,,
56.703039059,32589,,rD044,51458098,100.00,,
56.703039059,821997,,rFF44,51458098,100.00,,
56.703039059,770316941,,instructions,51458098,100.00,4.13,insn per cycle
56.703039059,186331134,,cycles,51458098,100.00,,
56.803229313,32701,,rD044,51555697,100.00,,
56.803229313,821977,,rFF44,51555697,100.00,,
56.803229313,771323187,,instructions,51555697,100.00,4.13,insn per cycle
56.803229313,186657240,,cycles,51555697,100.00,,
56.903402667,2050,,rD044,51874237,100.00,,
56.903402667,792668,,rFF44,51879577,100.00,,
56.903402667,784084074,,instructions,51883747,100.00,4.17,insn per cycle
56.903402667,187998101,,cycles,51887637,100.00,,
57.003591210,32657,,rD044,52674501,100.00,,
57.003591210,833575,,rFF44,52674781,100.00,,
57.003591210,795042345,,instructions,52676081,100.00,4.16,insn per cycle
57.003591210,191044517,,cycles,52676471,100.00,,
57.103780644,32852,,rD044,52505696,100.00,,
57.103780644,819745,,rFF44,52505706,100.00,,
57.103780644,789346461,,instructions,52505556,100.00,4.15,insn per cycle
57.103780644,190400726,,cycles,52505776,100.00,,
57.203969707,32844,,rD044,51987316,100.00,,
57.203969707,816814,,rFF44,51981686,100.00,,
57.203969707,779826736,,instructions,51976366,100.00,4.14,insn per cycle
57.203969707,188361007,,cycles,51971866,100.00,,
57.304145341,32742,,rD044,51329879,100.00,,
57.304145341,821514,,rFF44,51329879,100.00,,
57.304145341,771761072,,instructions,51329879,100.00,4.15,insn per cycle
57.304145341,185783870,,cycles,51329879,100.00,,
57.404320664,32662,,rD044,50982142,100.00,,
57.404320664,780283,,rFF44,50982142,100.00,,
57.404320664,771572967,,instructions,50982142,100.00,4.18,insn per cycle
57.404320664,184739885,,cycles,50982142,100.00,,
57.504493568,32890,,rD044,51305618,100.00,,
57.504493568,827858,,rFF44,51305618,100.00,,
57.504493568,771732586,,instructions,51305618,100.00,4.15,insn per cycle
57.504493568,185742277,,cycles,51305618,100.00,,
57.604668461,32912,,rD044,51456254,100.00,,
57.604668461,832514,,rFF44,51456254,100.00,,
57.604668461,771807008,,instructions,51456254,100.00,4.14,insn per cycle
57.604668461,186289518,,cycles,51456254,100.00,,
57.704841435,33102,,rD044,51851238,100.00,,
57.704841435,826892,,rFF44,51857158,100.00,,
57.704841435,779700355,,instructions,51863028,100.00,4.15,insn per cycle
57.704841435,187889496,,cycles,51867558,100.00,,
57.805044218,32741,,rD044,52794927,100.00,,
57.805044218,821459,,rFF44,52794717,100.00,,
57.805044218,798874900,,instructions,52793867,100.00,4.17,insn per cycle
57.805044218,191506536,,cycles,52794507,100.00,,
57.905247162,2050,,rD044,52862091,100.00,,
57.905247162,790272,,rFF44,52862121,100.00,,
57.905247162,801784767,,instructions,52861831,100.00,4.18,insn per cycle
57.905247162,191734898,,cycles,52861201,100.00,,
58.005436046,32868,,rD044,51512386,100.00,,
58.005436046,827297,,rFF44,51506646,100.00,,
58.005436046,775565738,,instructions,51501916,100.00,4.16,insn per cycle
58.005436046,186500601,,cycles,51497376,100.00,,
58.105610609,32684,,rD044,51359025,100.00,,
58.105610609,834425,,rFF44,51359025,100.00,,
58.105610609,771917317,,instructions,51359025,100.00,4.15,insn per cycle
58.105610609,185872911,,cycles,51359025,100.00,,
58.205785093,32884,,rD044,51266034,100.00,,
58.205785093,830625,,rFF44,51268894,100.00,,
58.205785093,771924195,,instructions,51268894,100.00,4.16,insn per cycle
58.205785093,185582901,,cycles,51268894,100.00,,
58.305969496,32507,,rD044,51712939,100.00,,
58.305969496,785670,,rFF44,51716019,100.00,,
58.305969496,784871838,,instructions,51720939,100.00,4.19,insn per cycle
58.305969496,187332999,,cycles,51725439,100.00,,
58.406156540,32549,,rD044,52624345,100.00,,
58.406156540,823034,,rFF44,52624005,100.00,,
58.406156540,797858228,,instructions,52623635,100.00,4.18,insn per cycle
58.406156540,190836755,,cycles,52623365,100.00,,
58.506342533,32968,,rD044,52495532,100.00,,
58.506342533,815549,,rFF44,52495833,100.00,,
58.506342533,796242451,,instructions,52496133,100.00,4.18,insn per cycle
58.506342533,190341880,,cycles,52496483,100.00,,
58.606536457,32515,,rD044,51617342,100.00,,
58.606536457,825194,,rFF44,51611441,100.00,,
58.606536457,777601618,,instructions,51606591,100.00,4.16,insn per cycle
58.606536457,186923903,,cycles,51602011,100.00,,
58.706712170,32727,,rD044,51454275,100.00,,
58.706712170,840177,,rFF44,51454275,100.00,,
58.706712170,775923611,,instructions,51454275,100.00,4.17,insn per cycle
58.706712170,186267374,,cycles,51454275,100.00,,
58.806886314,2227,,rD044,51400857,100.00,,
58.806886314,803869,,rFF44,51400857,100.00,,
58.806886314,775972452,,instructions,51400857,100.00,4.17,insn per cycle
58.806886314,186022506,,cycles,51400857,100.00,,
58.907060727,32448,,rD044,51800717,100.00,,
58.907060727,820935,,rFF44,51806797,100.00,,
58.907060727,782689126,,instructions,51812147,100.00,4.17,insn per cycle
58.907060727,187671550,,cycles,51816707,100.00,,
59.007266571,32596,,rD044,52748642,100.00,,
59.007266571,825015,,rFF44,52748142,100.00,,
59.007266571,799012799,,instructions,52747942,100.00,4.18,insn per cycle
59.007266571,191280003,,cycles,52747852,100.00,,
59.107454845,32892,,rD044,52313079,100.00,,
59.107454845,821073,,rFF44,52312869,100.00,,
59.107454845,793083936,,instructions,52312549,100.00,4.18,insn per cycle
59.107454845,189679487,,cycles,52313009,100.00,,
59.207644858,32589,,rD044,52348471,100.00,,
59.207644858,826106,,rFF44,52348751,100.00,,
59.207644858,792837294,,instructions,52348591,100.00,4.18,insn per cycle
59.207644858,189815558,,cycles,52349811,100.00,,
59.307835782,33542,,rD044,51437115,100.00,,
59.307835782,836440,,rFF44,51431465,100.00,,
59.307835782,769599981,,instructions,51426795,100.00,4.13,insn per cycle
59.307835782,186219033,,cycles,51420645,100.00,,
59.408008155,32681,,rD044,51024121,100.00,,
59.408008155,793525,,rFF44,51024121,100.00,,
59.408008155,765146945,,instructions,51024121,100.00,4.14,insn per cycle
59.408008155,184665874,,cycles,51024121,100.00,,
59.508183479,32665,,rD044,51320193,100.00,,
59.508183479,828856,,rFF44,51320193,100.00,,
59.508183479,765200250,,instructions,51320193,100.00,4.12,insn per cycle
59.508183479,185715960,,cycles,51320193,100.00,,
59.608359182,32487,,rD044,51677252,100.00,,
59.608359182,822325,,rFF44,51682452,100.00,,
59.608359182,774229205,,instructions,51687152,100.00,4.14,insn per cycle
59.608359182,187189946,,cycles,51691382,100.00,,
59.708546876,2135,,rD044,50845690,100.00,,
59.708546876,776121,,rFF44,50845820,100.00,,
59.708546876,765202566,,instructions,50845870,100.00,4.15,insn per cycle
59.708546876,184182179,,cycles,50846430,100.00,,
59.808735490,32609,,rD044,52654537,100.00,,
59.808735490,831286,,rFF44,52655227,100.00,,
59.808735490,789923288,,instructions,52655217,100.00,4.14,insn per cycle
59.808735490,190951275,,cycles,52655157,100.00,,
59.908923923,32462,,rD044,52468647,100.00,,
59.908923923,828797,,rFF44,52467827,100.00,,
59.908923923,788333597,,instructions,52467967,100.00,4.14,insn per cycle
59.908923923,190252745,,cycles,52468537,100.00,,
60.009113487,32853,,rD044,51855182,100.00,,
60.009113487,815151,,rFF44,51855802,100.00,,
60.009113487,775103078,,instructions,51850922,100.00,4.13,insn per cycle
60.009113487,187851650,,cycles,51845622,100.00,,
60.109299600,32507,,rD044,51369565,100.00,,
60.109299600,827907,,rFF44,51368765,100.00,,
60.109299600,765177494,,instructions,51368765,100.00,4.12,insn per cycle
60.109299600,185926537,,cycles,51368765,100.00,,
60.209483584,32773,,rD044,51428848,100.00,,
60.209483584,788204,,rFF44,51423828,100.00,,
60.209483584,765714828,,instructions,51423828,100.00,4.11,insn per cycle
60.209483584,186157729,,cycles,51423828,100.00,,
60.309659478,32628,,rD044,51606714,100.00,,
60.309659478,831860,,rFF44,51606714,100.00,,
60.309659478,762499483,,instructions,51606714,100.00,4.08,insn per cycle
60.309659478,186892565,,cycles,51606714,100.00,,
60.409833231,32860,,rD044,52292556,100.00,,
60.409833231,835574,,rFF44,52298146,100.00,,
60.409833231,775277451,,instructions,52303186,100.00,4.09,insn per cycle
60.409833231,189593737,,cycles,52307876,100.00,,
60.510022455,32943,,rD044,52743857,100.00,,
60.510022455,832160,,rFF44,52744027,100.00,,
60.510022455,783151680,,instructions,52743817,100.00,4.09,insn per cycle
60.510022455,191275828,,cycles,52743387,100.00,,
60.610224188,2121,,rD044,52609729,100.00,,
60.610224188,782275,,rFF44,52609829,100.00,,
60.610224188,786564754,,instructions,52610349,100.00,4.12,insn per cycle
60.610224188,190790495,,cycles,52611109,100.00,,
60.710411612,33343,,rD044,52184889,100.00,,
60.710411612,816162,,rFF44,52179029,100.00,,
60.710411612,772775647,,instructions,52173679,100.00,4.09,insn per cycle
60.710411612,189099911,,cycles,52168659,100.00,,
60.810584195,32396,,rD044,51497151,100.00,,
60.810584195,813448,,rFF44,51497151,100.00,,
60.810584195,762352931,,instructions,51497151,100.00,4.09,insn per cycle
60.810584195,186464716,,cycles,51497151,100.00,,
60.910758629,32916,,rD044,51653164,100.00,,
60.910758629,829421,,rFF44,51653164,100.00,,
60.910758629,762609840,,instructions,51653164,100.00,4.08,insn per cycle
60.910758629,187030317,,cycles,51653164,100.00,,
61.010933122,32489,,rD044,51473692,100.00,,
61.010933122,797004,,rFF44,51473692,100.00,,
61.010933122,762466687,,instructions,51473692,100.00,4.09,insn per cycle
61.010933122,186323780,,cycles,51473692,100.00,,
61.111115186,32908,,rD044,51651215,100.00,,
61.111115186,822394,,rFF44,51651215,100.00,,
61.111115186,762385178,,instructions,51651215,100.00,4.08,insn per cycle
61.111115186,187043935,,cycles,51651215,100.00,,
61.211289889,32507,,rD044,51554142,100.00,,
61.211289889,804642,,rFF44,51554142,100.00,,
61.211289889,762125540,,instructions,51554142,100.00,4.08,insn per cycle
61.211289889,186806009,,cycles,51554142,100.00,,
61.311464893,32855,,rD044,52190986,100.00,,
61.311464893,811804,,rFF44,52196236,100.00,,
61.311464893,770897455,,instructions,52201336,100.00,4.07,insn per cycle
61.311464893,189206412,,cycles,52205366,100.00,,
61.411652466,2053,,rD044,52382045,100.00,,
61.411652466,782860,,rFF44,52382425,100.00,,
61.411652466,782013995,,instructions,52381815,100.00,4.12,insn per cycle
61.411652466,189934547,,cycles,52383365,100.00,,
61.511840810,32881,,rD044,52731019,100.00,,
61.511840810,821437,,rFF44,52730859,100.00,,
61.511840810,784735358,,instructions,52731739,100.00,4.10,insn per cycle
61.511840810,191249309,,cycles,52731379,100.00,,
61.612030124,32621,,rD044,52446894,100.00,,
61.612030124,826115,,rFF44,52441424,100.00,,
61.612030124,782972410,,instructions,52436054,100.00,4.12,insn per cycle
61.612030124,190104176,,cycles,52430834,100.00,,
61.712205717,32703,,rD044,51516434,100.00,,
61.712205717,814770,,rFF44,51516434,100.00,,
61.712205717,763169597,,instructions,51516434,100.00,4.09,insn per cycle
61.712205717,186528078,,cycles,51516434,100.00,,
61.812380420,32505,,rD044,51303149,100.00,,
61.812380420,779222,,rFF44,51303149,100.00,,
61.812380420,763186537,,instructions,51303149,100.00,4.11,insn per cycle
61.812380420,185712954,,cycles,51303149,100.00,,
61.912555044,32761,,rD044,51528964,100.00,,
61.912555044,821429,,rFF44,51528964,100.00,,
61.912555044,763353373,,instructions,51528964,100.00,4.09,insn per cycle
61.912555044,186564402,,cycles,51528964,100.00,,
62.012732597,32470,,rD044,51275062,100.00,,
62.012732597,799908,,rFF44,51275062,100.00,,
62.012732597,762812510,,instructions,51275062,100.00,4.11,insn per cycle
62.012732597,185805217,,cycles,51275062,100.00,,
62.112905961,32714,,rD044,51550202,100.00,,
62.112905961,830161,,rFF44,51550202,100.00,,
62.112905961,763392217,,instructions,51550202,100.00,4.09,insn per cycle
62.112905961,186622872,,cycles,51550202,100.00,,
62.213081194,2244,,rD044,52102965,100.00,,
62.213081194,792585,,rFF44,52108935,100.00,,
62.213081194,779707648,,instructions,52126305,100.00,4.13,insn per cycle
62.213081194,188960502,,cycles,52130985,100.00,,
62.313280508,32842,,rD044,52645928,100.00,,
62.313280508,815601,,rFF44,52645028,100.00,,
62.313280508,785484614,,instructions,52633088,100.00,4.12,insn per cycle
62.313280508,190846335,,cycles,52633538,100.00,,
62.413470362,32893,,rD044,52397257,100.00,,
62.413470362,817493,,rFF44,52397587,100.00,,
62.413470362,783259372,,instructions,52396987,100.00,4.12,insn per cycle
62.413470362,190002135,,cycles,52396497,100.00,,
62.513659305,33035,,rD044,51735976,100.00,,
62.513659305,824208,,rFF44,51730576,100.00,,
62.513659305,788703932,,instructions,51725746,100.00,4.21,insn per cycle
62.513659305,187384813,,cycles,51721106,100.00,,
62.613839689,32754,,rD044,51072207,100.00,,
62.613839689,830915,,rFF44,51072207,100.00,,
62.613839689,777270621,,instructions,51072207,100.00,4.21,insn per cycle
62.613839689,184801783,,cycles,51072207,100.00,,
62.714014862,32684,,rD044,51188084,100.00,,
62.714014862,809495,,rFF44,51188084,100.00,,
62.714014862,777327965,,instructions,51188084,100.00,4.20,insn per cycle
62.714014862,185207831,,cycles,51188084,100.00,,
62.814188246,32783,,rD044,51817019,100.00,,
62.814188246,830658,,rFF44,51822929,100.00,,
62.814188246,786221220,,instructions,51828369,100.00,4.19,insn per cycle
62.814188246,187755273,,cycles,51833879,100.00,,
62.914378909,32694,,rD044,52631725,100.00,,
62.914378909,818701,,rFF44,52631355,100.00,,
62.914378909,804082630,,instructions,52630785,100.00,4.21,insn per cycle
62.914378909,190888001,,cycles,52629595,100.00,,
63.014567463,32847,,rD044,52707348,100.00,,
63.014567463,825754,,rFF44,52706978,100.00,,
63.014567463,796397640,,instructions,52706788,100.00,4.17,insn per cycle
63.014567463,191114083,,cycles,52707578,100.00,,
63.114754787,32873,,rD044,51682731,100.00,,
63.114754787,819589,,rFF44,51677561,100.00,,
63.114754787,771924102,,instructions,51672881,100.00,4.12,insn per cycle
63.114754787,187164648,,cycles,51667771,100.00,,
63.214928970,32924,,rD044,51407527,100.00,,
63.214928970,835254,,rFF44,51407527,100.00,,
63.214928970,764166551,,instructions,51407527,100.00,4.11,insn per cycle
63.214928970,186031400,,cycles,51407527,100.00,,
63.315117394,2075,,rD044,51102630,100.00,,
63.315117394,804656,,rFF44,51102630,100.00,,
63.315117394,764070433,,instructions,51102630,100.00,4.13,insn per cycle
63.315117394,184900626,,cycles,51102630,100.00,,
63.415293207,32507,,rD044,51766872,100.00,,
63.415293207,822194,,rFF44,51772572,100.00,,
63.415293207,772258003,,instructions,51777432,100.00,4.12,insn per cycle
63.415293207,187581500,,cycles,51781522,100.00,,
63.515480281,32777,,rD044,52629013,100.00,,
63.515480281,823458,,rFF44,52628813,100.00,,
63.515480281,786596801,,instructions,52629303,100.00,4.12,insn per cycle
63.515480281,190853328,,cycles,52629943,100.00,,
63.615669654,32875,,rD044,52517803,100.00,,
63.615669654,820206,,rFF44,52518323,100.00,,
63.615669654,774355555,,instructions,52518423,100.00,4.07,insn per cycle
63.615669654,190452201,,cycles,52518343,100.00,,
63.715858958,32592,,rD044,52346044,100.00,,
63.715858958,775588,,rFF44,52345434,100.00,,
63.715858958,774962922,,instructions,52345064,100.00,4.08,insn per cycle
63.715858958,189780557,,cycles,52344164,100.00,,
63.816049382,32639,,rD044,52541579,100.00,,
63.816049382,819264,,rFF44,52536169,100.00,,
63.816049382,771879606,,instructions,52531089,100.00,4.05,insn per cycle
63.816049382,190473605,,cycles,52527339,100.00,,
63.916236215,32940,,rD044,51824897,100.00,,
63.916236215,828510,,rFF44,51824897,100.00,,
63.916236215,761134261,,instructions,51824897,100.00,4.05,insn per cycle
63.916236215,187783562,,cycles,51824897,100.00,,
64.016411339,32675,,rD044,51662499,100.00,,
64.016411339,823623,,rFF44,51662499,100.00,,
64.016411339,761179978,,instructions,51662499,100.00,4.07,insn per cycle
64.016411339,187061116,,cycles,51662499,100.00,,
64.116584622,2268,,rD044,51486120,100.00,,
64.116584622,784118,,rFF44,51486120,100.00,,
64.116584622,761177642,,instructions,51486120,100.00,4.08,insn per cycle
64.116584622,186392615,,cycles,51486120,100.00,,
64.216759326,32696,,rD044,51831529,100.00,,
64.216759326,815046,,rFF44,51831529,100.00,,
64.216759326,761249450,,instructions,51831529,100.00,4.06,insn per cycle
64.216759326,187723981,,cycles,51831529,100.00,,
64.316933139,32736,,rD044,51586471,100.00,,
64.316933139,811215,,rFF44,51586471,100.00,,
64.316933139,761680008,,instructions,51586471,100.00,4.07,insn per cycle
64.316933139,187009101,,cycles,51586471,100.00,,
64.417119433,32397,,rD044,51727369,100.00,,
64.417119433,795492,,rFF44,51727369,100.00,,
64.417119433,761715871,,instructions,51727369,100.00,4.07,insn per cycle
64.417119433,187314180,,cycles,51727369,100.00,,
64.517295376,32648,,rD044,52189659,100.00,,
64.517295376,830396,,rFF44,52194719,100.00,,
64.517295376,766576473,,instructions,52199589,100.00,4.05,insn per cycle
64.517295376,189215252,,cycles,52203669,100.00,,
64.617480660,33267,,rD044,52600080,100.00,,
64.617480660,821515,,rFF44,52600800,100.00,,
64.617480660,775499187,,instructions,52601810,100.00,4.07,insn per cycle
64.617480660,190761841,,cycles,52601930,100.00,,
64.717670323,32728,,rD044,52482012,100.00,,
64.717670323,817263,,rFF44,52481992,100.00,,
64.717670323,773129179,,instructions,52481452,100.00,4.06,insn per cycle
64.717670323,190317240,,cycles,52481622,100.00,,
64.817855197,2920,,rD044,52598927,100.00,,
64.817855197,788292,,rFF44,52599057,100.00,,
64.817855197,778405575,,instructions,52599627,100.00,4.08,insn per cycle
64.817855197,190741440,,cycles,52599277,100.00,,
64.918045211,32709,,rD044,52666139,100.00,,
64.918045211,820637,,rFF44,52666009,100.00,,
64.918045211,776735000,,instructions,52665019,100.00,4.07,insn per cycle
64.918045211,190993009,,cycles,52665659,100.00,,
65.018245084,32943,,rD044,52339492,100.00,,
65.018245084,824082,,rFF44,52333732,100.00,,
65.018245084,771477385,,instructions,52328812,100.00,4.07,insn per cycle
65.018245084,189715614,,cycles,52324152,100.00,,
65.118419778,32531,,rD044,51887662,100.00,,
65.118419778,828702,,rFF44,51887662,100.00,,
65.118419778,763639357,,instructions,51887662,100.00,4.06,insn per cycle
65.118419778,187991529,,cycles,51887662,100.00,,
65.218602921,32722,,rD044,51539522,100.00,,
65.218602921,785549,,rFF44,51539522,100.00,,
65.218602921,772029168,,instructions,51539522,100.00,4.14,insn per cycle
65.218602921,186660341,,cycles,51539522,100.00,,
65.318773835,32634,,rD044,51562840,100.00,,
65.318773835,815807,,rFF44,51568310,100.00,,
65.318773835,772029920,,instructions,51573190,100.00,4.13,insn per cycle
65.318773835,186789545,,cycles,51577450,100.00,,
65.418960808,32796,,rD044,51807494,100.00,,
65.418960808,826182,,rFF44,51802024,100.00,,
65.418960808,772361155,,instructions,51797144,100.00,4.12,insn per cycle
65.418960808,187603015,,cycles,51792884,100.00,,
65.519144602,32820,,rD044,51852667,100.00,,
65.519144602,829338,,rFF44,51858447,100.00,,
65.519144602,774426868,,instructions,51864177,100.00,4.12,insn per cycle
65.519144602,187882478,,cycles,51868637,100.00,,
65.619335395,32577,,rD044,52632535,100.00,,
65.619335395,831665,,rFF44,52632736,100.00,,
65.619335395,792201188,,instructions,52631896,100.00,4.15,insn per cycle
65.619335395,190887512,,cycles,52631656,100.00,,
65.719522699,2322,,rD044,52566100,100.00,,
65.719522699,799186,,rFF44,52565929,100.00,,
65.719522699,791257997,,instructions,52565999,100.00,4.15,insn per cycle
65.719522699,190597240,,cycles,52566889,100.00,,
65.819707173,32828,,rD044,52580340,100.00,,
65.819707173,819367,,rFF44,52580250,100.00,,
65.819707173,790743141,,instructions,52581350,100.00,4.15,insn per cycle
65.819707173,190651378,,cycles,52580630,100.00,,
65.919895846,32759,,rD044,52037603,100.00,,
65.919895846,825538,,rFF44,52031883,100.00,,
65.919895846,781018535,,instructions,52025823,100.00,4.14,insn per cycle
65.919895846,188561748,,cycles,52021433,100.00,,
66.020068910,32627,,rD044,51804068,100.00,,
66.020068910,825138,,rFF44,51804068,100.00,,
66.020068910,773565686,,instructions,51804068,100.00,4.12,insn per cycle
66.020068910,187616457,,cycles,51804068,100.00,,
66.120259833,32720,,rD044,51626481,100.00,,
66.120259833,837218,,rFF44,51626481,100.00,,
66.120259833,772611397,,instructions,51626481,100.00,4.13,insn per cycle
66.120259833,186953144,,cycles,51626481,100.00,,
66.220434807,32181,,rD044,51398228,100.00,,
66.220434807,801202,,rFF44,51398228,100.00,,
66.220434807,772785371,,instructions,51398228,100.00,4.15,insn per cycle
66.220434807,186133513,,cycles,51398228,100.00,,
66.320604100,32961,,rD044,51659306,100.00,,
66.320604100,825852,,rFF44,51659306,100.00,,
66.320604100,770911713,,instructions,51659306,100.00,4.12,insn per cycle
66.320604100,187082326,,cycles,51659306,100.00,,
66.420775983,32571,,rD044,52110370,100.00,,
66.420775983,816688,,rFF44,52116560,100.00,,
66.420775983,780193644,,instructions,52121820,100.00,4.13,insn per cycle
66.420775983,188890895,,cycles,52126210,100.00,,
66.520964077,32834,,rD044,52531216,100.00,,
66.520964077,821015,,rFF44,52530186,100.00,,
66.520964077,786634950,,instructions,52530656,100.00,4.13,insn per cycle
66.520964077,190518857,,cycles,52530806,100.00,,
66.621154931,1933,,rD044,51329323,100.00,,
66.621154931,783028,,rFF44,51329613,100.00,,
66.621154931,766335512,,instructions,51328983,100.00,4.12,insn per cycle
66.621154931,185969102,,cycles,51328633,100.00,,
66.721341474,32757,,rD044,52796676,100.00,,
66.721341474,831542,,rFF44,52796776,100.00,,
66.721341474,791609848,,instructions,52796756,100.00,4.13,insn per cycle
66.721341474,191505237,,cycles,52796996,100.00,,
66.821524528,32636,,rD044,52683859,100.00,,
66.821524528,835297,,rFF44,52684379,100.00,,
66.821524528,787888866,,instructions,52684449,100.00,4.12,insn per cycle
66.821524528,191093160,,cycles,52684369,100.00,,
66.921711571,33066,,rD044,52477679,100.00,,
66.921711571,817794,,rFF44,52477479,100.00,,
66.921711571,779036726,,instructions,52477769,100.00,4.09,insn per cycle
66.921711571,190274888,,cycles,52478429,100.00,,
67.021901875,32656,,rD044,52443555,100.00,,
67.021901875,821094,,rFF44,52437685,100.00,,
67.021901875,777477048,,instructions,52432245,100.00,4.09,insn per cycle
67.021901875,190092591,,cycles,52427235,100.00,,
67.122075638,32684,,rD044,52056130,100.00,,
67.122075638,783539,,rFF44,52056130,100.00,,
67.122075638,772707038,,instructions,52056130,100.00,4.10,insn per cycle
67.122075638,188670274,,cycles,52056130,100.00,,
67.222264792,32632,,rD044,52155404,100.00,,
67.222264792,820582,,rFF44,52155404,100.00,,
67.222264792,771577401,,instructions,52155404,100.00,4.08,insn per cycle
67.222264792,189008545,,cycles,52155404,100.00,,
67.322433785,32471,,rD044,52076914,100.00,,
67.322433785,819654,,rFF44,52076914,100.00,,
67.322433785,771430347,,instructions,52076914,100.00,4.09,insn per cycle
67.322433785,188735721,,cycles,52076914,100.00,,
67.422607299,32397,,rD044,52146691,100.00,,
67.422607299,827198,,rFF44,52146691,100.00,,
67.422607299,771359380,,instructions,52146691,100.00,4.08,insn per cycle
67.422607299,188980668,,cycles,52146691,100.00,,
67.522781362,2050,,rD044,51925492,100.00,,
67.522781362,784387,,rFF44,51925492,100.00,,
67.522781362,776095841,,instructions,51925492,100.00,4.13,insn per cycle
67.522781362,188137691,,cycles,51925492,100.00,,
67.622956286,32561,,rD044,52146602,100.00,,
67.622956286,821194,,rFF44,52146602,100.00,,
67.622956286,776233801,,instructions,52146602,100.00,4.11,insn per cycle
67.622956286,188961453,,cycles,52146602,100.00,,
67.723132599,32557,,rD044,52219494,100.00,,
67.723132599,815471,,rFF44,52219494,100.00,,
67.723132599,776217365,,instructions,52227564,100.00,4.10,insn per cycle
67.723132599,189330772,,cycles,52231934,100.00,,
67.823312113,32657,,rD044,52235674,100.00,,
67.823312113,826739,,rFF44,52235674,100.00,,
67.823312113,776387907,,instructions,52227604,100.00,4.10,insn per cycle
67.823312113,189262585,,cycles,52223234,100.00,,
67.923484886,33062,,rD044,52234924,100.00,,
67.923484886,831006,,rFF44,52234924,100.00,,
67.923484886,775533101,,instructions,52234924,100.00,4.10,insn per cycle
67.923484886,189286315,,cycles,52234924,100.00,,
68.023660220,32773,,rD044,52403134,100.00,,
68.023660220,804385,,rFF44,52408154,100.00,,
68.023660220,775833533,,instructions,52413674,100.00,4.08,insn per cycle
68.023660220,189992735,,cycles,52418544,100.00,,
68.123849853,33194,,rD044,52392888,100.00,,
68.123849853,813776,,rFF44,52393378,100.00,,
68.123849853,773061335,,instructions,52392468,100.00,4.07,insn per cycle
68.123849853,189953301,,cycles,52392168,100.00,,
68.224038367,32391,,rD044,52468630,100.00,,
68.224038367,813783,,rFF44,52468780,100.00,,
68.224038367,775631129,,instructions,52469080,100.00,4.08,insn per cycle
68.224038367,190255498,,cycles,52469230,100.00,,
68.324235671,32914,,rD044,52606130,100.00,,
68.324235671,813562,,rFF44,52605900,100.00,,
68.324235671,776074194,,instructions,52606420,100.00,4.07,insn per cycle
68.324235671,190750951,,cycles,52606140,100.00,,
68.424425214,2025,,rD044,52652376,100.00,,
68.424425214,784253,,rFF44,52652976,100.00,,
68.424425214,782176278,,instructions,52652656,100.00,4.10,insn per cycle
68.424425214,190934220,,cycles,52653336,100.00,,
68.524614228,32447,,rD044,52813151,100.00,,
68.524614228,828037,,rFF44,52813311,100.00,,
68.524614228,781435591,,instructions,52813031,100.00,4.08,insn per cycle
68.524614228,191559952,,cycles,52812581,100.00,,
68.624803341,32506,,rD044,52703017,100.00,,
68.624803341,822211,,rFF44,52702887,100.00,,
68.624803341,781638959,,instructions,52703557,100.00,4.09,insn per cycle
68.624803341,191137225,,cycles,52703947,100.00,,
68.724992205,32681,,rD044,52786664,100.00,,
68.724992205,820302,,rFF44,52786344,100.00,,
68.724992205,781292628,,instructions,52785644,100.00,4.08,insn per cycle
68.724992205,191463530,,cycles,52786134,100.00,,
68.825174109,33240,,rD044,52740125,100.00,,
68.825174109,816599,,rFF44,52740145,100.00,,
68.825174109,780313749,,instructions,52740375,100.00,4.08,insn per cycle
68.825174109,191211399,,cycles,52739305,100.00,,
68.925362092,32554,,rD044,48650672,100.00,,
68.925362092,795659,,rFF44,48644912,100.00,,
68.925362092,707501209,,instructions,48639882,100.00,4.03,insn per cycle
68.925362092,175531809,,cycles,48635402,100.00,,
69.025537716,32265,,rD044,52115708,100.00,,
69.025537716,816188,,rFF44,52123638,100.00,,
69.025537716,771692261,,instructions,52127598,100.00,4.08,insn per cycle
69.025537716,188962424,,cycles,52127598,100.00,,
69.125727569,32656,,rD044,51988028,100.00,,
69.125727569,813909,,rFF44,51980098,100.00,,
69.125727569,770810597,,instructions,51976138,100.00,4.09,insn per cycle
69.125727569,188327662,,cycles,51976138,100.00,,
69.225903013,1655,,rD044,51944315,100.00,,
69.225903013,776733,,rFF44,51949855,100.00,,
69.225903013,774186350,,instructions,51954465,100.00,4.11,insn per cycle
69.225903013,188229666,,cycles,51959695,100.00,,
69.326085026,32866,,rD044,52752368,100.00,,
69.326085026,809361,,rFF44,52752728,100.00,,
69.326085026,782094570,,instructions,52763648,100.00,4.09,insn per cycle
69.326085026,191346668,,cycles,52762988,100.00,,
69.426282370,32562,,rD044,52453439,100.00,,
69.426282370,799108,,rFF44,52452489,100.00,,
69.426282370,775475978,,instructions,52442379,100.00,4.08,insn per cycle
69.426282370,190134710,,cycles,52442299,100.00,,
69.526470404,32595,,rD044,52546355,100.00,,
69.526470404,803186,,rFF44,52547005,100.00,,
69.526470404,776753980,,instructions,52546385,100.00,4.08,insn per cycle
69.526470404,190537216,,cycles,52546775,100.00,,
69.626657707,32871,,rD044,52268816,100.00,,
69.626657707,811105,,rFF44,52268646,100.00,,
69.626657707,774332086,,instructions,52269576,100.00,4.09,insn per cycle
69.626657707,189511762,,cycles,52268916,100.00,,
69.726846921,32676,,rD044,52688118,100.00,,
69.726846921,787544,,rFF44,52688278,100.00,,
69.726846921,784243217,,instructions,52688118,100.00,4.10,insn per cycle
69.726846921,191058685,,cycles,52688208,100.00,,
69.827031384,32500,,rD044,52522743,100.00,,
69.827031384,807584,,rFF44,52523233,100.00,,
69.827031384,786296632,,instructions,52523273,100.00,4.13,insn per cycle
69.827031384,190462849,,cycles,52523513,100.00,,
69.927231778,32562,,rD044,52792024,100.00,,
69.927231778,802196,,rFF44,52791544,100.00,,
69.927231778,791001845,,instructions,52790124,100.00,4.13,insn per cycle
69.927231778,191467029,,cycles,52789534,100.00,,
70.027419072,32634,,rD044,51897312,100.00,,
70.027419072,803551,,rFF44,51891712,100.00,,
70.027419072,774402255,,instructions,51887522,100.00,4.12,insn per cycle
70.027419072,188002535,,cycles,51883562,100.00,,
70.127593635,2007,,rD044,51688298,100.00,,
70.127593635,772144,,rFF44,51688298,100.00,,
70.127593635,774430288,,instructions,51688298,100.00,4.14,insn per cycle
70.127593635,187181197,,cycles,51688298,100.00,,
70.227768209,32796,,rD044,51838114,100.00,,
70.227768209,819057,,rFF44,51838114,100.00,,
70.227768209,773619061,,instructions,51838114,100.00,4.12,insn per cycle
70.227768209,187756280,,cycles,51838114,100.00,,
70.327937082,32238,,rD044,51840175,100.00,,
70.327937082,815883,,rFF44,51840175,100.00,,
70.327937082,765112624,,instructions,51840175,100.00,4.08,insn per cycle
70.327937082,187752892,,cycles,51840175,100.00,,
70.428112246,32527,,rD044,51821565,100.00,,
70.428112246,805721,,rFF44,51821565,100.00,,
70.428112246,764525781,,instructions,51821565,100.00,4.07,insn per cycle
70.428112246,187776369,,cycles,51821565,100.00,,
70.528286309,32434,,rD044,51934183,100.00,,
70.528286309,768145,,rFF44,51939423,100.00,,
70.528286309,765561930,,instructions,51944623,100.00,4.07,insn per cycle
70.528286309,188180541,,cycles,51948573,100.00,,
70.628480243,32851,,rD044,52611442,100.00,,
70.628480243,803921,,rFF44,52611702,100.00,,
70.628480243,773207842,,instructions,52611372,100.00,4.05,insn per cycle
70.628480243,190803087,,cycles,52611862,100.00,,
70.728669376,32659,,rD044,52424377,100.00,,
70.728669376,804126,,rFF44,52423727,100.00,,
70.728669376,774982037,,instructions,52423827,100.00,4.08,insn per cycle
70.728669376,190074213,,cycles,52424017,100.00,,
70.828857280,32598,,rD044,52275403,100.00,,
70.828857280,811553,,rFF44,52276253,100.00,,
70.828857280,771470083,,instructions,52276223,100.00,4.07,insn per cycle
70.828857280,189543696,,cycles,52276243,100.00,,
70.929044954,2182,,rD044,52029699,100.00,,
70.929044954,773753,,rFF44,52029259,100.00,,
70.929044954,768233730,,instructions,52029489,100.00,4.07,insn per cycle
70.929044954,188606496,,cycles,52029599,100.00,,
71.029246317,32780,,rD044,52619362,100.00,,
71.029246317,804869,,rFF44,52619532,100.00,,
71.029246317,772222754,,instructions,52619332,100.00,4.05,insn per cycle
71.029246317,190785006,,cycles,52618622,100.00,,
71.129433431,32615,,rD044,52380706,100.00,,
71.129433431,796322,,rFF44,52380766,100.00,,
71.129433431,769519902,,instructions,52381286,100.00,4.05,insn per cycle
71.129433431,189938533,,cycles,52381256,100.00,,
71.229623345,32646,,rD044,51171014,100.00,,
71.229623345,792760,,rFF44,51170924,100.00,,
71.229623345,750185303,,instructions,51170174,100.00,4.05,insn per cycle
71.229623345,185379526,,cycles,51170744,100.00,,
71.329811098,32439,,rD044,51992377,100.00,,
71.329811098,775940,,rFF44,51986977,100.00,,
71.329811098,765639360,,instructions,51982237,100.00,4.06,insn per cycle
71.329811098,188396554,,cycles,51977647,100.00,,
71.429986392,32480,,rD044,52035572,100.00,,
71.429986392,815835,,rFF44,52035572,100.00,,
71.429986392,754434631,,instructions,52035572,100.00,4.00,insn per cycle
71.429986392,188560586,,cycles,52043622,100.00,,
71.530170185,32571,,rD044,51752467,100.00,,
71.530170185,808882,,rFF44,51752467,100.00,,
71.530170185,754628005,,instructions,51752467,100.00,4.03,insn per cycle
71.530170185,187408346,,cycles,51744417,100.00,,
71.630344039,2081,,rD044,51648906,100.00,,
71.630344039,775417,,rFF44,51651966,100.00,,
71.630344039,754789841,,instructions,51651966,100.00,4.04,insn per cycle
71.630344039,186978191,,cycles,51651966,100.00,,
71.730527282,32447,,rD044,51670216,100.00,,
71.730527282,803177,,rFF44,51667156,100.00,,
71.730527282,754683716,,instructions,51667156,100.00,4.03,insn per cycle
71.730527282,187096279,,cycles,51667156,100.00,,
71.830702075,32549,,rD044,52083776,100.00,,
71.830702075,804901,,rFF44,52089376,100.00,,
71.830702075,768787097,,instructions,52094186,100.00,4.07,insn per cycle
71.830702075,188750679,,cycles,52098436,100.00,,
71.930888479,33030,,rD044,52369292,100.00,,
71.930888479,807243,,rFF44,52369092,100.00,,
71.930888479,778463639,,instructions,52369462,100.00,4.10,insn per cycle
71.930888479,189894790,,cycles,52369492,100.00,,
72.031076573,32474,,rD044,52410897,100.00,,
72.031076573,779081,,rFF44,52411257,100.00,,
72.031076573,780803499,,instructions,52410977,100.00,4.11,insn per cycle
72.031076573,190043006,,cycles,52411117,100.00,,
72.131277296,32664,,rD044,51747211,100.00,,
72.131277296,792622,,rFF44,51741451,100.00,,
72.131277296,766734453,,instructions,51736551,100.00,4.09,insn per cycle
72.131277296,187449859,,cycles,51732131,100.00,,
72.231452530,32452,,rD044,51161749,100.00,,
72.231452530,803020,,rFF44,51161749,100.00,,
72.231452530,756722482,,instructions,51161749,100.00,4.09,insn per cycle
72.231452530,185157498,,cycles,51161749,100.00,,
72.331628203,32714,,rD044,51196070,100.00,,
72.331628203,806712,,rFF44,51196070,100.00,,
72.331628203,756944563,,instructions,51196070,100.00,4.08,insn per cycle
72.331628203,185299661,,cycles,51204470,100.00,,
72.431814517,1765,,rD044,50891257,100.00,,
72.431814517,767926,,rFF44,50891257,100.00,,
72.431814517,756447656,,instructions,50891257,100.00,4.11,insn per cycle
72.431814517,184126617,,cycles,50882857,100.00,,
72.531988350,32549,,rD044,52301243,100.00,,
72.531988350,811708,,rFF44,52307123,100.00,,
72.531988350,779775348,,instructions,52313013,100.00,4.11,insn per cycle
72.531988350,189673904,,cycles,52317623,100.00,,
72.632179264,32763,,rD044,52190396,100.00,,
72.632179264,813155,,rFF44,52189276,100.00,,
72.632179264,775842149,,instructions,52188296,100.00,4.10,insn per cycle
72.632179264,189158754,,cycles,52187736,100.00,,
72.732367828,32850,,rD044,52589685,100.00,,
72.732367828,803263,,rFF44,52584925,100.00,,
72.732367828,788813444,,instructions,52580015,100.00,4.14,insn per cycle
72.732367828,190673692,,cycles,52575965,100.00,,
72.832543821,32251,,rD044,51159177,100.00,,
72.832543821,763247,,rFF44,51159177,100.00,,
72.832543821,763321441,,instructions,51159177,100.00,4.12,insn per cycle
72.832543821,185183502,,cycles,51159177,100.00,,
72.932717555,32715,,rD044,51550315,100.00,,
72.932717555,806917,,rFF44,51550315,100.00,,
72.932717555,764496213,,instructions,51550315,100.00,4.10,insn per cycle
72.932717555,186646990,,cycles,51550315,100.00,,
73.032891538,32501,,rD044,51427298,100.00,,
73.032891538,807333,,rFF44,51427298,100.00,,
73.032891538,763206936,,instructions,51427298,100.00,4.10,insn per cycle
73.032891538,186224450,,cycles,51427298,100.00,,
73.133064041,32752,,rD044,51438842,100.00,,
73.133064041,810655,,rFF44,51438842,100.00,,
73.133064041,763198509,,instructions,51438842,100.00,4.10,insn per cycle
73.133064041,186203593,,cycles,51438842,100.00,,
73.233255735,1831,,rD044,52549549,100.00,,
73.233255735,774670,,rFF44,52555009,100.00,,
73.233255735,791499742,,instructions,52560209,100.00,4.15,insn per cycle
73.233255735,190605568,,cycles,52564229,100.00,,
73.333443949,32373,,rD044,51635040,100.00,,
73.333443949,801728,,rFF44,51629580,100.00,,
73.333443949,813365135,,instructions,51624380,100.00,4.35,insn per cycle
73.333443949,187007844,,cycles,51620360,100.00,,
73.433619462,32791,,rD044,49649157,100.00,,
73.433619462,821822,,rFF44,49649157,100.00,,
73.433619462,772550486,,instructions,49649157,100.00,4.31,insn per cycle
73.433619462,179204656,,cycles,49649157,100.00,,
73.533790875,32423,,rD044,50549111,100.00,,
73.533790875,802444,,rFF44,50555171,100.00,,
73.533790875,794511077,,instructions,50560971,100.00,4.34,insn per cycle
73.533790875,182966949,,cycles,50565581,100.00,,
73.633981149,32586,,rD044,52319835,100.00,,
73.633981149,819382,,rFF44,52313775,100.00,,
73.633981149,818409220,,instructions,52307975,100.00,4.32,insn per cycle
73.633981149,189549057,,cycles,52303365,100.00,,
73.734156113,32629,,rD044,50075431,100.00,,
73.734156113,828992,,rFF44,50083261,100.00,,
73.734156113,771706072,,instructions,50088501,100.00,4.26,insn per cycle
73.734156113,180956732,,cycles,50094421,100.00,,
73.834351836,32525,,rD044,51060983,100.00,,
73.834351836,780463,,rFF44,51053153,100.00,,
73.834351836,769861032,,instructions,51047913,100.00,4.17,insn per cycle
73.834351836,184692618,,cycles,51041993,100.00,,
73.934526300,32295,,rD044,52028420,100.00,,
73.934526300,800440,,rFF44,52034100,100.00,,
73.934526300,784077175,,instructions,52039330,100.00,4.16,insn per cycle
73.934526300,188540437,,cycles,52043850,100.00,,
74.034714653,32660,,rD044,50627959,100.00,,
74.034714653,834044,,rFF44,50622279,100.00,,
74.034714653,757458444,,instructions,50617049,100.00,4.14,insn per cycle
74.034714653,183179778,,cycles,50612529,100.00,,
74.134889217,32722,,rD044,51295123,100.00,,
74.134889217,830484,,rFF44,51295123,100.00,,
74.134889217,770336325,,instructions,51295123,100.00,4.15,insn per cycle
74.134889217,185726246,,cycles,51295123,100.00,,
74.235062780,2151,,rD044,51108956,100.00,,
74.235062780,803141,,rFF44,51108956,100.00,,
74.235062780,770477942,,instructions,51108956,100.00,4.17,insn per cycle
74.235062780,184910583,,cycles,51108956,100.00,,
74.335252404,32897,,rD044,51359212,100.00,,
74.335252404,828527,,rFF44,51359212,100.00,,
74.335252404,770173357,,instructions,51359212,100.00,4.14,insn per cycle
74.335252404,185916862,,cycles,51359212,100.00,,
74.435426357,32548,,rD044,52599256,100.00,,
74.435426357,830050,,rFF44,52604406,100.00,,
74.435426357,789895166,,instructions,52609016,100.00,4.14,insn per cycle
74.435426357,190757561,,cycles,52613116,100.00,,
74.535615311,32578,,rD044,52715647,100.00,,
74.535615311,812388,,rFF44,52715827,100.00,,
74.535615311,789516221,,instructions,52715747,100.00,4.13,insn per cycle
74.535615311,191129175,,cycles,52716897,100.00,,
74.635810784,33037,,rD044,52620689,100.00,,
74.635810784,784407,,rFF44,52620549,100.00,,
74.635810784,786445402,,instructions,52621659,100.00,4.12,insn per cycle
74.635810784,190744994,,cycles,52620759,100.00,,
74.735998458,32635,,rD044,51612352,100.00,,
74.735998458,816475,,rFF44,51607162,100.00,,
74.735998458,770246249,,instructions,51601522,100.00,4.12,insn per cycle
74.735998458,186923663,,cycles,51597172,100.00,,
74.836173602,32823,,rD044,51486233,100.00,,
74.836173602,837819,,rFF44,51486233,100.00,,
74.836173602,767426538,,instructions,51486233,100.00,4.12,insn per cycle
74.836173602,186358472,,cycles,51486233,100.00,,
74.936347875,32775,,rD044,51322465,100.00,,
74.936347875,825249,,rFF44,51328075,100.00,,
74.936347875,767067843,,instructions,51332985,100.00,4.13,insn per cycle
74.936347875,185847792,,cycles,51337625,100.00,,
75.036538579,2557,,rD044,51204983,100.00,,
75.036538579,785666,,rFF44,51199373,100.00,,
75.036538579,767256013,,instructions,51194463,100.00,4.14,insn per cycle
75.036538579,185234576,,cycles,51189823,100.00,,
75.136712652,32546,,rD044,52067186,100.00,,
75.136712652,812413,,rFF44,52072626,100.00,,
75.136712652,778075701,,instructions,52077656,100.00,4.12,insn per cycle
75.136712652,188715328,,cycles,52082746,100.00,,
75.236900996,32824,,rD044,52368375,100.00,,
75.236900996,808364,,rFF44,52368245,100.00,,
75.236900996,784188270,,instructions,52368465,100.00,4.13,insn per cycle
75.236900996,189863521,,cycles,52367405,100.00,,
75.337088909,32812,,rD044,52384885,100.00,,
75.337088909,822301,,rFF44,52398305,100.00,,
75.337088909,788889143,,instructions,52397725,100.00,4.15,insn per cycle
75.337088909,189963254,,cycles,52398045,100.00,,
75.437289873,32612,,rD044,51203762,100.00,,
75.437289873,800796,,rFF44,51185032,100.00,,
75.437289873,782927784,,instructions,51180362,100.00,4.23,insn per cycle
75.437289873,185254527,,cycles,51176012,100.00,,
75.537460806,32557,,rD044,50673013,100.00,,
75.537460806,837822,,rFF44,50673013,100.00,,
75.537460806,767130966,,instructions,50673013,100.00,4.19,insn per cycle
75.537460806,183172059,,cycles,50673013,100.00,,
75.637640630,32788,,rD044,51503061,100.00,,
75.637640630,823641,,rFF44,51508941,100.00,,
75.637640630,784238223,,instructions,51514311,100.00,4.20,insn per cycle
75.637640630,186552905,,cycles,51519621,100.00,,
75.737834364,32945,,rD044,52707308,100.00,,
75.737834364,827649,,rFF44,52706318,100.00,,
75.737834364,804994728,,instructions,52705568,100.00,4.21,insn per cycle
75.737834364,191155814,,cycles,52704778,100.00,,
75.838022517,2087,,rD044,51091172,100.00,,
75.838022517,794968,,rFF44,51086282,100.00,,
75.838022517,780245083,,instructions,51081662,100.00,4.22,insn per cycle
75.838022517,184836000,,cycles,51077142,100.00,,
75.938193330,32814,,rD044,50688915,100.00,,
75.938193330,839125,,rFF44,50696515,100.00,,
75.938193330,767041148,,instructions,50700365,100.00,4.18,insn per cycle
75.938193330,183333085,,cycles,50700365,100.00,,
76.038382084,32731,,rD044,51629544,100.00,,
76.038382084,836893,,rFF44,51627434,100.00,,
76.038382084,779954059,,instructions,51628724,100.00,4.17,insn per cycle
76.038382084,186961107,,cycles,51633054,100.00,,
76.138570158,33458,,rD044,52771128,100.00,,
76.138570158,831933,,rFF44,52771238,100.00,,
76.138570158,800945673,,instructions,52771428,100.00,4.19,insn per cycle
76.138570158,191344442,,cycles,52771498,100.00,,
76.238759582,32762,,rD044,51943626,100.00,,
76.238759582,817905,,rFF44,51943636,100.00,,
76.238759582,788995264,,instructions,51938306,100.00,4.19,insn per cycle
76.238759582,188178282,,cycles,51933906,100.00,,
76.338944355,32561,,rD044,50506194,100.00,,
76.338944355,782616,,rFF44,50500584,100.00,,
76.338944355,768330570,,instructions,50500584,100.00,4.20,insn per cycle
76.338944355,182793102,,cycles,50500584,100.00,,
76.439117428,32472,,rD044,50875959,100.00,,
76.439117428,836193,,rFF44,50875959,100.00,,
76.439117428,767708414,,instructions,50875959,100.00,4.17,insn per cycle
76.439117428,183994171,,cycles,50875959,100.00,,
76.539294082,32891,,rD044,51447048,100.00,,
76.539294082,844491,,rFF44,51453048,100.00,,
76.539294082,775272305,,instructions,51458048,100.00,4.16,insn per cycle
76.539294082,186287695,,cycles,51463128,100.00,,
76.639483176,32578,,rD044,52575112,100.00,,
76.639483176,833915,,rFF44,52574782,100.00,,
76.639483176,794862145,,instructions,52574932,100.00,4.17,insn per cycle
76.639483176,190642281,,cycles,52574112,100.00,,
76.739670499,2071,,rD044,51906403,100.00,,
76.739670499,794974,,rFF44,51908853,100.00,,
76.739670499,796829143,,instructions,51907043,100.00,4.24,insn per cycle
76.739670499,188071588,,cycles,51902783,100.00,,
76.839860183,32843,,rD044,50530683,100.00,,
76.839860183,837014,,rFF44,50522563,100.00,,
76.839860183,766101830,,instructions,50519223,100.00,4.20,insn per cycle
76.839860183,182595318,,cycles,50519223,100.00,,
76.940032296,32625,,rD044,50989823,100.00,,
76.940032296,829004,,rFF44,50995163,100.00,,
76.940032296,777503896,,instructions,51000873,100.00,4.21,insn per cycle
76.940032296,184578896,,cycles,51005104,100.00,,
77.040232210,32551,,rD044,52514549,100.00,,
77.040232210,831460,,rFF44,52514799,100.00,,
77.040232210,808059261,,instructions,52514729,100.00,4.24,insn per cycle
77.040232210,190416286,,cycles,52515218,100.00,,
77.140422503,32764,,rD044,50963108,100.00,,
77.140422503,808771,,rFF44,50957518,100.00,,
77.140422503,780075610,,instructions,50951878,100.00,4.23,insn per cycle
77.140422503,184367212,,cycles,50947158,100.00,,
77.240596857,32602,,rD044,50501841,100.00,,
77.240596857,840341,,rFF44,50501841,100.00,,
77.240596857,765949874,,instructions,50501841,100.00,4.20,insn per cycle
77.240596857,182537902,,cycles,50501841,100.00,,
77.340770440,32666,,rD044,51993343,100.00,,
77.340770440,822446,,rFF44,51998813,100.00,,
77.340770440,789815964,,instructions,52002963,100.00,4.19,insn per cycle
77.340770440,188471752,,cycles,52007673,100.00,,
77.440955524,32617,,rD044,52243775,100.00,,
77.440955524,818128,,rFF44,52243585,100.00,,
77.440955524,803535464,,instructions,52244275,100.00,4.24,insn per cycle
77.440955524,189403166,,cycles,52244365,100.00,,
77.541143827,32759,,rD044,50639947,100.00,,
77.541143827,825597,,rFF44,50639147,100.00,,
77.541143827,771990162,,instructions,50634307,100.00,4.22,insn per cycle
77.541143827,183105861,,cycles,50629507,100.00,,
77.641327651,2143,,rD044,50191369,100.00,,
77.641327651,804228,,rFF44,50186889,100.00,,
77.641327651,765799051,,instructions,50186889,100.00,4.22,insn per cycle
77.641327651,181347777,,cycles,50186889,100.00,,
77.741501524,32441,,rD044,52276496,100.00,,
77.741501524,839566,,rFF44,52282486,100.00,,
77.741501524,801251840,,instructions,52287386,100.00,4.23,insn per cycle
77.741501524,189479229,,cycles,52292406,100.00,,
77.841692268,32667,,rD044,52143850,100.00,,
77.841692268,829022,,rFF44,52137860,100.00,,
77.841692268,798154496,,instructions,52132960,100.00,4.22,insn per cycle
77.841692268,188939114,,cycles,52127940,100.00,,
77.941866502,32684,,rD044,50771105,100.00,,
77.941866502,819828,,rFF44,50774285,100.00,,
77.941866502,765429517,,instructions,50774285,100.00,4.17,insn per cycle
77.941866502,183711108,,cycles,50774285,100.00,,
78.042050955,32785,,rD044,50441601,100.00,,
78.042050955,801510,,rFF44,50438421,100.00,,
78.042050955,766748947,,instructions,50438421,100.00,4.21,insn per cycle
78.042050955,182322727,,cycles,50438421,100.00,,
78.142242079,32799,,rD044,51684727,100.00,,
78.142242079,831665,,rFF44,51690627,100.00,,
78.142242079,789498917,,instructions,51695857,100.00,4.22,insn per cycle
78.142242079,187163525,,cycles,51700537,100.00,,
78.242431292,32831,,rD044,52473366,100.00,,
78.242431292,834804,,rFF44,52472846,100.00,,
78.242431292,809886687,,instructions,52472506,100.00,4.26,insn per cycle
78.242431292,190225721,,cycles,52473546,100.00,,
78.342618506,32706,,rD044,50582429,100.00,,
78.342618506,842151,,rFF44,50577049,100.00,,
78.342618506,768599731,,instructions,50572159,100.00,4.20,insn per cycle
78.342618506,182879975,,cycles,50566439,100.00,,
78.442790679,32754,,rD044,50412996,100.00,,
78.442790679,835924,,rFF44,50412996,100.00,,
78.442790679,766802488,,instructions,50412996,100.00,4.21,insn per cycle
78.442790679,182231219,,cycles,50412996,100.00,,
78.542963523,2105,,rD044,50910825,100.00,,
78.542963523,782247,,rFF44,50916805,100.00,,
78.542963523,782460181,,instructions,50922645,100.00,4.24,insn per cycle
78.542963523,184392334,,cycles,50927025,100.00,,
78.643155236,32663,,rD044,52249648,100.00,,
78.643155236,816263,,rFF44,52248708,100.00,,
78.643155236,789240880,,instructions,52247838,100.00,4.17,insn per cycle
78.643155236,189408112,,cycles,52248178,100.00,,
78.743344450,32857,,rD044,51683523,100.00,,
78.743344450,831527,,rFF44,51678483,100.00,,
78.743344450,775565706,,instructions,51673513,100.00,4.14,insn per cycle
78.743344450,187169587,,cycles,51668793,100.00,,
78.843519613,32741,,rD044,50660092,100.00,,
78.843519613,843209,,rFF44,50660092,100.00,,
78.843519613,754529087,,instructions,50660092,100.00,4.12,insn per cycle
78.843519613,183181224,,cycles,50660092,100.00,,
78.943692377,32741,,rD044,50758000,100.00,,
78.943692377,799549,,rFF44,50763460,100.00,,
78.943692377,761050904,,instructions,50768070,100.00,4.14,insn per cycle
78.943692377,183625659,,cycles,50772170,100.00,,
79.043880950,32726,,rD044,52545596,100.00,,
79.043880950,827626,,rFF44,52546046,100.00,,
79.043880950,792753804,,instructions,52546176,100.00,4.16,insn per cycle
79.043880950,190544172,,cycles,52547326,100.00,,
79.144070544,32640,,rD044,49920368,100.00,,
79.144070544,829587,,rFF44,49919768,100.00,,
79.144070544,743348777,,instructions,49919868,100.00,4.12,insn per cycle
79.144070544,180492496,,cycles,49919668,100.00,,
79.244274948,32989,,rD044,52065748,100.00,,
79.244274948,832614,,rFF44,52066018,100.00,,
79.244274948,781951329,,instructions,52065778,100.00,4.14,insn per cycle
79.244274948,188739672,,cycles,52065458,100.00,,
79.344461881,2125,,rD044,50667461,100.00,,
79.344461881,805216,,rFF44,50661881,100.00,,
79.344461881,760150361,,instructions,50657281,100.00,4.15,insn per cycle
79.344461881,183221933,,cycles,50652551,100.00,,
79.444633615,32586,,rD044,50556605,100.00,,
79.444633615,845160,,rFF44,50556605,100.00,,
79.444633615,754533290,,instructions,50556605,100.00,4.13,insn per cycle
79.444633615,182813116,,cycles,50556605,100.00,,
79.544806398,32412,,rD044,51870703,100.00,,
79.544806398,827268,,rFF44,51876303,100.00,,
79.544806398,771970703,,instructions,51880823,100.00,4.11,insn per cycle
79.544806398,187979849,,cycles,51884823,100.00,,
79.644994202,32772,,rD044,52611796,100.00,,
79.644994202,784498,,rFF44,52611846,100.00,,
79.644994202,786539591,,instructions,52612846,100.00,4.12,insn per cycle
79.644994202,190797618,,cycles,52613626,100.00,,
79.745183465,32556,,rD044,51600932,100.00,,
79.745183465,820466,,rFF44,51595282,100.00,,
79.745183465,764825763,,instructions,51589762,100.00,4.09,insn per cycle
79.745183465,186862530,,cycles,51584982,100.00,,
79.845357059,33025,,rD044,51041950,100.00,,
79.845357059,828352,,rFF44,51041950,100.00,,
79.845357059,752666772,,instructions,51041950,100.00,4.08,insn per cycle
79.845357059,184691839,,cycles,51041950,100.00,,
79.945528652,32983,,rD044,51026645,100.00,,
79.945528652,833002,,rFF44,51026645,100.00,,
79.945528652,751508083,,instructions,51026645,100.00,4.07,insn per cycle
79.945528652,184606396,,cycles,51026645,100.00,,
80.045700096,2034,,rD044,52278168,100.00,,
80.045700096,799661,,rFF44,52283988,100.00,,
80.045700096,779966624,,instructions,52289198,100.00,4.12,insn per cycle
80.045700096,189523139,,cycles,52293698,100.00,,
80.145889849,32836,,rD044,52628306,100.00,,
80.145889849,822054,,rFF44,52628246,100.00,,
80.145889849,780706737,,instructions,52628826,100.00,4.09,insn per cycle
80.145889849,190811254,,cycles,52628566,100.00,,
80.246079723,32617,,rD044,51421871,100.00,,
80.246079723,818713,,rFF44,51416111,100.00,,
80.246079723,760135893,,instructions,51410321,100.00,4.08,insn per cycle
80.246079723,186168614,,cycles,51406081,100.00,,
80.346267687,32500,,rD044,50737352,100.00,,
80.346267687,789285,,rFF44,50743192,100.00,,
80.346267687,751510058,,instructions,50748122,100.00,4.09,insn per cycle
80.346267687,183526333,,cycles,50748122,100.00,,
80.446456840,32985,,rD044,51263204,100.00,,
80.446456840,833317,,rFF44,51262904,100.00,,
80.446456840,756697706,,instructions,51262434,100.00,4.08,insn per cycle
80.446456840,185540590,,cycles,51267434,100.00,,
80.546645114,32526,,rD044,52588759,100.00,,
80.546645114,834428,,rFF44,52589699,100.00,,
80.546645114,782964954,,instructions,52590539,100.00,4.11,insn per cycle
80.546645114,190724578,,cycles,52589779,100.00,,
80.646835057,32307,,rD044,52390844,100.00,,
80.646835057,824180,,rFF44,52390304,100.00,,
80.646835057,780784642,,instructions,52390924,100.00,4.11,insn per cycle
80.646835057,189974869,,cycles,52391534,100.00,,
80.747025731,2107,,rD044,50260485,100.00,,
80.747025731,780680,,rFF44,50254545,100.00,,
80.747025731,754797337,,instructions,50248625,100.00,4.16,insn per cycle
80.747025731,181656165,,cycles,50243775,100.00,,
80.847199794,32632,,rD044,50414457,100.00,,
80.847199794,824377,,rFF44,50414457,100.00,,
80.847199794,752882384,,instructions,50414457,100.00,4.13,insn per cycle
80.847199794,182234623,,cycles,50414457,100.00,,
80.947371588,32712,,rD044,52130519,100.00,,
80.947371588,819019,,rFF44,52135839,100.00,,
80.947371588,788884835,,instructions,52141419,100.00,4.17,insn per cycle
80.947371588,189018780,,cycles,52145549,100.00,,
81.047561021,32641,,rD044,51820574,100.00,,
81.047561021,826772,,rFF44,51815254,100.00,,
81.047561021,784826727,,instructions,51809674,100.00,4.18,insn per cycle
81.047561021,187730717,,cycles,51805544,100.00,,
81.147735145,32470,,rD044,50154722,100.00,,
81.147735145,813413,,rFF44,50154722,100.00,,
81.147735145,753196094,,instructions,50154722,100.00,4.16,insn per cycle
81.147735145,181165660,,cycles,50154722,100.00,,
81.247908998,32972,,rD044,51503779,100.00,,
81.247908998,834986,,rFF44,51509629,100.00,,
81.247908998,773650471,,instructions,51514109,100.00,4.15,insn per cycle
81.247908998,186535574,,cycles,51518239,100.00,,
81.348096182,32661,,rD044,52645344,100.00,,
81.348096182,816195,,rFF44,52639494,100.00,,
81.348096182,799276859,,instructions,52635014,100.00,4.19,insn per cycle
81.348096182,190847389,,cycles,52630884,100.00,,
81.448279535,32732,,rD044,50095477,100.00,,
81.448279535,821706,,rFF44,50095477,100.00,,
81.448279535,752961975,,instructions,50095477,100.00,4.16,insn per cycle
81.448279535,181058496,,cycles,50095477,100.00,,
81.548453499,2212,,rD044,50472447,100.00,,
81.548453499,802331,,rFF44,50478397,100.00,,
81.548453499,760222957,,instructions,50482947,100.00,4.17,insn per cycle
81.548453499,182507735,,cycles,50487737,100.00,,
81.648641673,32636,,rD044,53061096,100.00,,
81.648641673,833513,,rFF44,53060506,100.00,,
81.648641673,805626283,,instructions,53060796,100.00,4.19,insn per cycle
81.648641673,192421707,,cycles,53060276,100.00,,
81.748828906,32680,,rD044,50034013,100.00,,
81.748828906,854079,,rFF44,50032453,100.00,,
81.748828906,785500659,,instructions,50027613,100.00,4.35,insn per cycle
81.748828906,180660967,,cycles,50023343,100.00,,
81.849013910,32608,,rD044,51650361,100.00,,
81.849013910,835192,,rFF44,51652201,100.00,,
81.849013910,816588806,,instructions,51658141,100.00,4.37,insn per cycle
81.849013910,186979835,,cycles,51663041,100.00,,
81.949202643,32660,,rD044,50377356,100.00,,
81.949202643,843644,,rFF44,50377346,100.00,,
81.949202643,790058062,,instructions,50371406,100.00,4.34,insn per cycle
81.949202643,181981207,,cycles,50366506,100.00,,
82.049388157,32801,,rD044,51477104,100.00,,
82.049388157,841314,,rFF44,51476534,100.00,,
82.049388157,814511259,,instructions,51481474,100.00,4.37,insn per cycle
82.049388157,186296458,,cycles,51485914,100.00,,
82.149578670,32962,,rD044,50940492,100.00,,
82.149578670,833577,,rFF44,50935432,100.00,,
82.149578670,792465660,,instructions,50930492,100.00,4.30,insn per cycle
82.149578670,184187724,,cycles,50926052,100.00,,
82.249754234,32698,,rD044,51480580,100.00,,
82.249754234,801774,,rFF44,51480580,100.00,,
82.249754234,748888452,,instructions,51480580,100.00,4.02,insn per cycle
82.249754234,186235957,,cycles,51480580,100.00,,
82.349930067,33499,,rD044,52475218,100.00,,
82.349930067,829919,,rFF44,52480738,100.00,,
82.349930067,766400943,,instructions,52486408,100.00,4.03,insn per cycle
82.349930067,190190442,,cycles,52490408,100.00,,
82.450118371,32795,,rD044,53142553,100.00,,
82.450118371,817222,,rFF44,53143043,100.00,,
82.450118371,780532301,,instructions,53142053,100.00,4.05,insn per cycle
82.450118371,192748390,,cycles,53142053,100.00,,
82.550306305,2103,,rD044,52108596,100.00,,
82.550306305,779597,,rFF44,52106606,100.00,,
82.550306305,766498914,,instructions,52101926,100.00,4.06,insn per cycle
82.550306305,188742786,,cycles,52097926,100.00,,
82.650493158,32778,,rD044,51272181,100.00,,
82.650493158,815113,,rFF44,51268161,100.00,,
82.650493158,749031406,,instructions,51268161,100.00,4.04,insn per cycle
82.650493158,185465502,,cycles,51268161,100.00,,
82.750668842,32803,,rD044,51331817,100.00,,
82.750668842,819953,,rFF44,51331817,100.00,,
82.750668842,752903061,,instructions,51331817,100.00,4.05,insn per cycle
82.750668842,185703471,,cycles,51331817,100.00,,
82.850842715,32709,,rD044,52895932,100.00,,
82.850842715,792972,,rFF44,52901582,100.00,,
82.850842715,785061481,,instructions,52906912,100.00,4.09,insn per cycle
82.850842715,191868569,,cycles,52911182,100.00,,
82.951030529,32665,,rD044,53013952,100.00,,
82.951030529,816623,,rFF44,53014012,100.00,,
82.951030529,781175774,,instructions,53013362,100.00,4.06,insn per cycle
82.951030529,192252600,,cycles,53013582,100.00,,
83.051229872,32902,,rD044,52122373,100.00,,
83.051229872,811814,,rFF44,52116663,100.00,,
83.051229872,765162276,,instructions,52111983,100.00,4.05,insn per cycle
83.051229872,188814925,,cycles,52107493,100.00,,
83.151401976,32579,,rD044,51436360,100.00,,
83.151401976,819088,,rFF44,51443970,100.00,,
83.151401976,756882515,,instructions,51448650,100.00,4.07,insn per cycle
83.151401976,186151182,,cycles,51452690,100.00,,
83.251592190,1962,,rD044,51256521,100.00,,
83.251592190,779718,,rFF44,51248911,100.00,,
83.251592190,758041743,,instructions,51244231,100.00,4.09,insn per cycle
83.251592190,185356141,,cycles,51240191,100.00,,
83.351764813,32752,,rD044,52957828,100.00,,
83.351764813,821729,,rFF44,52963838,100.00,,
83.351764813,783293463,,instructions,52969548,100.00,4.08,insn per cycle
83.351764813,192085473,,cycles,52973798,100.00,,
83.451951076,32661,,rD044,52936759,100.00,,
83.451951076,833012,,rFF44,52936229,100.00,,
83.451951076,795401838,,instructions,52935459,100.00,4.14,insn per cycle
83.451951076,191967382,,cycles,52936469,100.00,,
83.552141040,32921,,rD044,51455448,100.00,,
83.552141040,824462,,rFF44,51449968,100.00,,
83.552141040,771572530,,instructions,51445028,100.00,4.14,insn per cycle
83.552141040,186160699,,cycles,51439768,100.00,,
83.652315714,32588,,rD044,50898137,100.00,,
83.652315714,793891,,rFF44,50898137,100.00,,
83.652315714,764760529,,instructions,50898137,100.00,4.16,insn per cycle
83.652315714,184005257,,cycles,50898137,100.00,,
83.752490017,32804,,rD044,52657028,100.00,,
83.752490017,822234,,rFF44,52662608,100.00,,
83.752490017,792929617,,instructions,52667908,100.00,4.15,insn per cycle
83.752490017,190885006,,cycles,52672598,100.00,,
83.852677731,32653,,rD044,52492493,100.00,,
83.852677731,818953,,rFF44,52486913,100.00,,
83.852677731,790969188,,instructions,52481613,100.00,4.16,insn per cycle
83.852677731,190253414,,cycles,52476923,100.00,,
83.952850764,32602,,rD044,50839312,100.00,,
83.952850764,834114,,rFF44,50839312,100.00,,
83.952850764,758776914,,instructions,50839312,100.00,4.13,insn per cycle
83.952850764,183751375,,cycles,50839312,100.00,,
84.053023528,2192,,rD044,50945936,100.00,,
84.053023528,796428,,rFF44,50951546,100.00,,
84.053023528,764468482,,instructions,50957096,100.00,4.15,insn per cycle
84.053023528,184323207,,cycles,50961247,100.00,,
84.153227162,32605,,rD044,52844831,100.00,,
84.153227162,813709,,rFF44,52844731,100.00,,
84.153227162,795152350,,instructions,52844261,100.00,4.15,insn per cycle
84.153227162,191629441,,cycles,52844410,100.00,,
84.253417495,32718,,rD044,51969998,100.00,,
84.253417495,823480,,rFF44,51964488,100.00,,
84.253417495,777019594,,instructions,51959408,100.00,4.13,insn per cycle
84.253417495,188178945,,cycles,51955108,100.00,,
84.353594749,32745,,rD044,50788193,100.00,,
84.353594749,792712,,rFF44,50795183,100.00,,
84.353594749,757324221,,instructions,50799013,100.00,4.12,insn per cycle
84.353594749,183619941,,cycles,50799013,100.00,,
84.453783022,32814,,rD044,52111116,100.00,,
84.453783022,826217,,rFF44,52109506,100.00,,
84.453783022,778587380,,instructions,52110286,100.00,4.12,insn per cycle
84.453783022,188771604,,cycles,52114116,100.00,,
84.553970206,32767,,rD044,53087472,100.00,,
84.553970206,830864,,rFF44,53087602,100.00,,
84.553970206,797550360,,instructions,53087842,100.00,4.14,insn per cycle
84.553970206,192550602,,cycles,53088272,100.00,,
84.654159129,32614,,rD044,50931321,100.00,,
84.654159129,836780,,rFF44,50925811,100.00,,
84.654159129,761400026,,instructions,50920961,100.00,4.13,insn per cycle
84.654159129,184149680,,cycles,50916701,100.00,,
84.754342203,2282,,rD044,50896609,100.00,,
84.754342203,800495,,rFF44,50901909,100.00,,
84.754342203,771078947,,instructions,50907299,100.00,4.19,insn per cycle
84.754342203,184049496,,cycles,50912009,100.00,,
84.854531077,32683,,rD044,52470107,100.00,,
84.854531077,819102,,rFF44,52470087,100.00,,
84.854531077,797764100,,instructions,52470077,100.00,4.19,insn per cycle
84.854531077,190269293,,cycles,52469777,100.00,,
84.954716130,32727,,rD044,52033116,100.00,,
84.954716130,821160,,rFF44,52033166,100.00,,
84.954716130,782575365,,instructions,52031726,100.00,4.15,insn per cycle
84.954716130,188529058,,cycles,52027316,100.00,,
85.054903234,33014,,rD044,50664832,100.00,,
85.054903234,831117,,rFF44,50659502,100.00,,
85.054903234,753629593,,instructions,50655562,100.00,4.12,insn per cycle
85.054903234,183125585,,cycles,50655562,100.00,,
85.155078697,32592,,rD044,51193550,100.00,,
85.155078697,800169,,rFF44,51199110,100.00,,
85.155078697,765452833,,instructions,51203720,100.00,4.13,insn per cycle
85.155078697,185314608,,cycles,51221050,100.00,,
85.255278571,32516,,rD044,52340750,100.00,,
85.255278571,812591,,rFF44,52341000,100.00,,
85.255278571,785008722,,instructions,52341580,100.00,4.14,insn per cycle
85.255278571,189726971,,cycles,52328680,100.00,,
85.355467425,32668,,rD044,52099896,100.00,,
85.355467425,816649,,rFF44,52094086,100.00,,
85.355467425,778875505,,instructions,52088896,100.00,4.13,insn per cycle
85.355467425,188809794,,cycles,52084466,100.00,,
85.455638528,2507,,rD044,50750709,100.00,,
85.455638528,792862,,rFF44,50755039,100.00,,
85.455638528,756482995,,instructions,50755039,100.00,4.12,insn per cycle
85.455638528,183565817,,cycles,50755039,100.00,,
85.555821932,32867,,rD044,50942002,100.00,,
85.555821932,819728,,rFF44,50937672,100.00,,
85.555821932,755096691,,instructions,50937672,100.00,4.10,insn per cycle
85.555821932,184287257,,cycles,50937672,100.00,,
85.655997505,33100,,rD044,52460753,100.00,,
85.655997505,1052042,,rFF44,52466323,100.00,,
85.655997505,775696245,,instructions,52471093,100.00,4.08,insn per cycle
85.655997505,190163670,,cycles,52475863,100.00,,
85.756184409,32738,,rD044,52666065,100.00,,
85.756184409,835749,,rFF44,52666256,100.00,,
85.756184409,798595396,,instructions,52666576,100.00,4.18,insn per cycle
85.756184409,191011461,,cycles,52666056,100.00,,
85.856371992,32785,,rD044,50734895,100.00,,
85.856371992,790612,,rFF44,50729134,100.00,,
85.856371992,761381772,,instructions,50724044,100.00,4.15,insn per cycle
85.856371992,183451205,,cycles,50719794,100.00,,
85.956542586,32771,,rD044,50528219,100.00,,
85.956542586,825566,,rFF44,50528219,100.00,,
85.956542586,755243889,,instructions,50528219,100.00,4.13,insn per cycle
85.956542586,182652084,,cycles,50528219,100.00,,
86.056717519,32757,,rD044,51984636,100.00,,
86.056717519,821276,,rFF44,51990456,100.00,,
86.056717519,805364415,,instructions,51995186,100.00,4.27,insn per cycle
86.056717519,188416811,,cycles,51999756,100.00,,
86.156907443,32965,,rD044,50937220,100.00,,
86.156907443,832238,,rFF44,50931400,100.00,,
86.156907443,796225442,,instructions,50926670,100.00,4.32,insn per cycle
86.156907443,184303373,,cycles,50922100,100.00,,
86.257082716,32530,,rD044,49808397,100.00,,
86.257082716,846377,,rFF44,49808397,100.00,,
86.257082716,765646573,,instructions,49808397,100.00,4.26,insn per cycle
86.257082716,179840434,,cycles,49808397,100.00,,
86.357273680,1910,,rD044,52030809,100.00,,
86.357273680,796421,,rFF44,52036469,100.00,,
86.357273680,807588910,,instructions,52041409,100.00,4.28,insn per cycle
86.357273680,188601463,,cycles,52045939,100.00,,
86.457457253,32935,,rD044,51499301,100.00,,
86.457457253,820975,,rFF44,51497461,100.00,,
86.457457253,784761748,,instructions,51492521,100.00,4.21,insn per cycle
86.457457253,186445969,,cycles,51487991,100.00,,
86.557644857,32621,,rD044,50585964,100.00,,
86.557644857,808953,,rFF44,50582144,100.00,,
86.557644857,760688139,,instructions,50582144,100.00,4.16,insn per cycle
86.557644857,182987546,,cycles,50590214,100.00,,
86.657830251,32589,,rD044,50838432,100.00,,
86.657830251,830855,,rFF44,50838432,100.00,,
86.657830251,762466502,,instructions,50838432,100.00,4.15,insn per cycle
86.657830251,183841060,,cycles,50830362,100.00,,
86.758005324,32765,,rD044,51889316,100.00,,
86.758005324,792934,,rFF44,51895246,100.00,,
86.758005324,784333647,,instructions,51899626,100.00,4.17,insn per cycle
86.758005324,188051440,,cycles,51904206,100.00,,
86.858195608,32569,,rD044,52615208,100.00,,
86.858195608,827962,,rFF44,52615378,100.00,,
86.858195608,793923441,,instructions,52615928,100.00,4.16,insn per cycle
86.858195608,190801862,,cycles,52615998,100.00,,
86.958377261,32855,,rD044,51377567,100.00,,
86.958377261,822615,,rFF44,51371467,100.00,,
86.958377261,770349374,,instructions,51366537,100.00,4.14,insn per cycle
86.958377261,186025472,,cycles,51361887,100.00,,
87.058552555,33015,,rD044,50880006,100.00,,
87.058552555,823057,,rFF44,50880006,100.00,,
87.058552555,760593557,,instructions,50880006,100.00,4.13,insn per cycle
87.058552555,184023575,,cycles,50880006,100.00,,
87.158727338,2019,,rD044,50782283,100.00,,
87.158727338,792641,,rFF44,50787833,100.00,,
87.158727338,776161977,,instructions,50792623,100.00,4.22,insn per cycle
87.158727338,183755329,,cycles,50797163,100.00,,
87.258917192,32409,,rD044,52606891,100.00,,
87.258917192,817123,,rFF44,52607201,100.00,,
87.258917192,806416676,,instructions,52607651,100.00,4.23,insn per cycle
87.258917192,190787488,,cycles,52607371,100.00,,
87.359118666,32734,,rD044,51079892,100.00,,
87.359118666,829664,,rFF44,51074032,100.00,,
87.359118666,773417896,,instructions,51068792,100.00,4.18,insn per cycle
87.359118666,184846388,,cycles,51064532,100.00,,
87.459293639,32866,,rD044,50416230,100.00,,
87.459293639,840572,,rFF44,50416230,100.00,,
87.459293639,756411705,,instructions,50416230,100.00,4.15,insn per cycle
87.459293639,182238788,,cycles,50416230,100.00,,
87.559466992,32632,,rD044,51520579,100.00,,
87.559466992,787243,,rFF44,51525949,100.00,,
87.559466992,780721066,,instructions,51530739,100.00,4.18,insn per cycle
87.559466992,186604457,,cycles,51534779,100.00,,
87.659655766,33182,,rD044,52395557,100.00,,
87.659655766,817159,,rFF44,52396257,100.00,,
87.659655766,792414122,,instructions,52396477,100.00,4.17,insn per cycle
87.659655766,189975888,,cycles,52397007,100.00,,
87.759844160,32985,,rD044,50942493,100.00,,
87.759844160,820019,,rFF44,50936423,100.00,,
87.759844160,758453620,,instructions,50931413,100.00,4.12,insn per cycle
87.759844160,184295504,,cycles,50926843,100.00,,
87.860019563,32462,,rD044,50569538,100.00,,
87.860019563,820839,,rFF44,50569538,100.00,,
87.860019563,752818129,,instructions,50569538,100.00,4.12,insn per cycle
87.860019563,182805892,,cycles,50569538,100.00,,
87.960193307,2469,,rD044,51693762,100.00,,
87.960193307,800787,,rFF44,51699112,100.00,,
87.960193307,776975608,,instructions,51704262,100.00,4.15,insn per cycle
87.960193307,187265748,,cycles,51708212,100.00,,
88.060382590,32950,,rD044,52546245,100.00,,
88.060382590,831333,,rFF44,52546945,100.00,,
88.060382590,789688435,,instructions,52546485,100.00,4.15,insn per cycle
88.060382590,190503024,,cycles,52546885,100.00,,
88.160572474,33094,,rD044,50705161,100.00,,
88.160572474,818202,,rFF44,50699111,100.00,,
88.160572474,755940509,,instructions,50694421,100.00,4.12,insn per cycle
88.160572474,183385558,,cycles,50690071,100.00,,
88.260747307,32585,,rD044,50539858,100.00,,
88.260747307,824184,,rFF44,50539858,100.00,,
88.260747307,752334452,,instructions,50539858,100.00,4.12,insn per cycle
88.260747307,182702121,,cycles,50539858,100.00,,
88.360921131,32699,,rD044,51785366,100.00,,
88.360921131,800164,,rFF44,51791506,100.00,,
88.360921131,784766673,,instructions,51797236,100.00,4.18,insn per cycle
88.360921131,187621043,,cycles,51801936,100.00,,
88.461111674,32777,,rD044,52263562,100.00,,
88.461111674,819132,,rFF44,52262592,100.00,,
88.461111674,791671296,,instructions,52261852,100.00,4.18,insn per cycle
88.461111674,189448729,,cycles,52261662,100.00,,
88.561301598,32677,,rD044,51082571,100.00,,
88.561301598,830794,,rFF44,51077401,100.00,,
88.561301598,762984793,,instructions,51072411,100.00,4.13,insn per cycle
88.561301598,184846413,,cycles,51067901,100.00,,
88.661475642,32934,,rD044,50726573,100.00,,
88.661475642,825752,,rFF44,50726573,100.00,,
88.661475642,752352547,,instructions,50726573,100.00,4.10,insn per cycle
88.661475642,183398467,,cycles,50726573,100.00,,
88.761651965,1877,,rD044,51136559,100.00,,
88.761651965,781412,,rFF44,51142219,100.00,,
88.761651965,767974225,,instructions,51147289,100.00,4.15,insn per cycle
88.761651965,185139997,,cycles,51152139,100.00,,
88.861841329,32423,,rD044,52391883,100.00,,
88.861841329,809389,,rFF44,52391943,100.00,,
88.861841329,786905147,,instructions,52391493,100.00,4.14,insn per cycle
88.861841329,189958490,,cycles,52391533,100.00,,
88.962031092,32955,,rD044,52004009,100.00,,
88.962031092,822183,,rFF44,51998289,100.00,,
88.962031092,770947537,,instructions,51993669,100.00,4.09,insn per cycle
88.962031092,188439441,,cycles,51988779,100.00,,
89.062205926,32754,,rD044,51149955,100.00,,
89.062205926,836421,,rFF44,51149955,100.00,,
89.062205926,753369981,,instructions,51149955,100.00,4.07,insn per cycle
89.062205926,185109849,,cycles,51149955,100.00,,
89.162381029,32819,,rD044,51017453,100.00,,
89.162381029,794410,,rFF44,51017453,100.00,,
89.162381029,753265894,,instructions,51017453,100.00,4.08,insn per cycle
89.162381029,184591299,,cycles,51017453,100.00,,
89.262556002,32974,,rD044,51507714,100.00,,
89.262556002,826154,,rFF44,51507714,100.00,,
89.262556002,755806317,,instructions,51507714,100.00,4.05,insn per cycle
89.262556002,186503041,,cycles,51507714,100.00,,
89.362731006,32435,,rD044,51334818,100.00,,
89.362731006,813240,,rFF44,51334818,100.00,,
89.362731006,756650153,,instructions,51334818,100.00,4.07,insn per cycle
89.362731006,185970548,,cycles,51334818,100.00,,
89.462914890,1940,,rD044,51238037,100.00,,
89.462914890,797159,,rFF44,51238037,100.00,,
89.462914890,756933007,,instructions,51238037,100.00,4.08,insn per cycle
89.462914890,185600266,,cycles,51238037,100.00,,
89.563089733,32435,,rD044,51525632,100.00,,
89.563089733,815265,,rFF44,51545902,100.00,,
89.563089733,760332323,,instructions,51550802,100.00,4.07,insn per cycle
89.563089733,186706975,,cycles,51555372,100.00,,
89.663294427,32792,,rD044,52434081,100.00,,
89.663294427,824753,,rFF44,52419731,100.00,,
89.663294427,794773820,,instructions,52419881,100.00,4.18,insn per cycle
89.663294427,190066381,,cycles,52420191,100.00,,
89.763483950,32458,,rD044,52541220,100.00,,
89.763483950,826442,,rFF44,52540970,100.00,,
89.763483950,793699263,,instructions,52540840,100.00,4.17,insn per cycle
89.763483950,190557967,,cycles,52540730,100.00,,
89.863673744,32692,,rD044,51759734,100.00,,
89.863673744,777340,,rFF44,51754064,100.00,,
89.863673744,774476953,,instructions,51749144,100.00,4.13,insn per cycle
89.863673744,187534747,,cycles,51744374,100.00,,
89.963849188,32533,,rD044,51299059,100.00,,
89.963849188,813658,,rFF44,51306819,100.00,,
89.963849188,758756937,,instructions,51310829,100.00,4.09,insn per cycle
89.963849188,185705268,,cycles,51310829,100.00,,
90.064038211,32831,,rD044,51242159,100.00,,
90.064038211,805553,,rFF44,51234399,100.00,,
90.064038211,760340176,,instructions,51230389,100.00,4.10,insn per cycle
90.064038211,185459482,,cycles,51230389,100.00,,
90.164225795,32788,,rD044,51247715,100.00,,
90.164225795,814954,,rFF44,51247715,100.00,,
90.164225795,758419007,,instructions,51247715,100.00,4.09,insn per cycle
90.164225795,185457697,,cycles,51247715,100.00,,
90.264400988,2166,,rD044,52206502,100.00,,
90.264400988,803050,,rFF44,52212272,100.00,,
90.264400988,779964211,,instructions,52217792,100.00,4.12,insn per cycle
90.264400988,189217021,,cycles,52222712,100.00,,
90.364590032,32765,,rD044,52439161,100.00,,
90.364590032,822802,,rFF44,52439251,100.00,,
90.364590032,780176255,,instructions,52438101,100.00,4.10,insn per cycle
90.364590032,190180520,,cycles,52437971,100.00,,
90.464779475,32804,,rD044,52493012,100.00,,
90.464779475,819045,,rFF44,52492672,100.00,,
90.464779475,780441469,,instructions,52493312,100.00,4.10,insn per cycle
90.464779475,190283815,,cycles,52492522,100.00,,
90.564966949,32810,,rD044,51517187,100.00,,
90.564966949,805469,,rFF44,51511667,100.00,,
90.564966949,762839932,,instructions,51506657,100.00,4.09,insn per cycle
90.564966949,186533984,,cycles,51502657,100.00,,
90.665142953,32677,,rD044,51248804,100.00,,
90.665142953,782321,,rFF44,51248804,100.00,,
90.665142953,759300004,,instructions,51248804,100.00,4.09,insn per cycle
90.665142953,185461626,,cycles,51248804,100.00,,
90.765318436,32410,,rD044,51327332,100.00,,
90.765318436,822180,,rFF44,51327332,100.00,,
90.765318436,758774333,,instructions,51327332,100.00,4.08,insn per cycle
90.765318436,185778901,,cycles,51327332,100.00,,
90.865493429,32798,,rD044,51332625,100.00,,
90.865493429,828884,,rFF44,51337835,100.00,,
90.865493429,759313158,,instructions,51341215,100.00,4.09,insn per cycle
90.865493429,185871653,,cycles,51341215,100.00,,
90.965681343,32490,,rD044,52183349,100.00,,
90.965681343,820317,,rFF44,52183609,100.00,,
90.965681343,772756389,,instructions,52184999,100.00,4.09,insn per cycle
90.965681343,189128043,,cycles,52189969,100.00,,
91.065868167,2191,,rD044,52259817,100.00,,
91.065868167,778672,,rFF44,52259687,100.00,,
91.065868167,781109115,,instructions,52259667,100.00,4.12,insn per cycle
91.065868167,189486941,,cycles,52259317,100.00,,
91.166057480,32575,,rD044,52403086,100.00,,
91.166057480,809720,,rFF44,52403276,100.00,,
91.166057480,779787732,,instructions,52403136,100.00,4.10,insn per cycle
91.166057480,189974709,,cycles,52403236,100.00,,
91.266259154,32756,,rD044,51848298,100.00,,
91.266259154,807653,,rFF44,51842768,100.00,,
91.266259154,770431807,,instructions,51838158,100.00,4.10,insn per cycle
91.266259154,187864223,,cycles,51833438,100.00,,
91.366433777,32466,,rD044,51304853,100.00,,
91.366433777,828196,,rFF44,51304853,100.00,,
91.366433777,759728273,,instructions,51304853,100.00,4.09,insn per cycle
91.366433777,185711181,,cycles,51304853,100.00,,
91.466607831,32810,,rD044,51300293,100.00,,
91.466607831,805348,,rFF44,51300293,100.00,,
91.466607831,758795415,,instructions,51300293,100.00,4.09,insn per cycle
91.466607831,185671170,,cycles,51300293,100.00,,
91.566779084,32529,,rD044,51557571,100.00,,
91.566779084,826416,,rFF44,51562261,100.00,,
91.566779084,759624444,,instructions,51562261,100.00,4.07,insn per cycle
91.566779084,186703371,,cycles,51562261,100.00,,
91.666965478,32777,,rD044,52509989,100.00,,
91.666965478,819085,,rFF44,52510829,100.00,,
91.666965478,777338210,,instructions,52515499,100.00,4.08,insn per cycle
91.666965478,190392861,,cycles,52519289,100.00,,
91.767151821,32672,,rD044,52468358,100.00,,
91.767151821,816160,,rFF44,52468468,100.00,,
91.767151821,781051346,,instructions,52468638,100.00,4.11,insn per cycle
91.767151821,190266075,,cycles,52469168,100.00,,
91.867341165,2188,,rD044,52126638,100.00,,
91.867341165,776123,,rFF44,52126028,100.00,,
91.867341165,781142016,,instructions,52127048,100.00,4.13,insn per cycle
91.867341165,189000401,,cycles,52127508,100.00,,
91.967532029,32992,,rD044,51847092,100.00,,
91.967532029,836768,,rFF44,51842062,100.00,,
91.967532029,763627897,,instructions,51836202,100.00,4.07,insn per cycle
91.967532029,187748487,,cycles,51831422,100.00,,
92.067702392,32918,,rD044,51770989,100.00,,
92.067702392,835261,,rFF44,51770989,100.00,,
92.067702392,758792903,,instructions,51770989,100.00,4.05,insn per cycle
92.067702392,187495808,,cycles,51770989,100.00,,
92.167876615,32794,,rD044,51637183,100.00,,
92.167876615,783000,,rFF44,51642533,100.00,,
92.167876615,759403898,,instructions,51642533,100.00,4.06,insn per cycle
92.167876615,187026646,,cycles,51642533,100.00,,
92.268059669,32658,,rD044,51929191,100.00,,
92.268059669,829939,,rFF44,51923841,100.00,,
92.268059669,758971485,,instructions,51923841,100.00,4.04,insn per cycle
92.268059669,188062679,,cycles,51923841,100.00,,
92.368248673,32384,,rD044,51763604,100.00,,
92.368248673,815244,,rFF44,51763604,100.00,,
92.368248673,760275618,,instructions,51763604,100.00,4.05,insn per cycle
92.368248673,187504815,,cycles,51763604,100.00,,
92.468423976,32653,,rD044,52462028,100.00,,
92.468423976,825212,,rFF44,52467598,100.00,,
92.468423976,770440886,,instructions,52472228,100.00,4.05,insn per cycle
92.468423976,190253584,,cycles,52476568,100.00,,
92.568611000,1912,,rD044,52585025,100.00,,
92.568611000,794827,,rFF44,52584555,100.00,,
92.568611000,777011938,,instructions,52584535,100.00,4.07,insn per cycle
92.568611000,190696017,,cycles,52584775,100.00,,
92.668798543,32770,,rD044,52566225,100.00,,
92.668798543,823815,,rFF44,52566885,100.00,,
92.668798543,773974044,,instructions,52566995,100.00,4.06,insn per cycle
92.668798543,190637732,,cycles,52566445,100.00,,
92.768987247,32648,,rD044,52836306,100.00,,
92.768987247,816647,,rFF44,52836716,100.00,,
92.768987247,777830740,,instructions,52837356,100.00,4.06,insn per cycle
92.768987247,191636986,,cycles,52837766,100.00,,
92.869176841,32461,,rD044,52004883,100.00,,
92.869176841,817504,,rFF44,51998713,100.00,,
92.869176841,763523111,,instructions,51993353,100.00,4.05,insn per cycle
92.869176841,188440583,,cycles,51988913,100.00,,
92.969351574,32698,,rD044,51596515,100.00,,
92.969351574,784770,,rFF44,51596515,100.00,,
92.969351574,758436174,,instructions,51596515,100.00,4.06,insn per cycle
92.969351574,186824215,,cycles,51596515,100.00,,
93.069524697,33024,,rD044,51730994,100.00,,
93.069524697,826392,,rFF44,51730994,100.00,,
93.069524697,759611961,,instructions,51730994,100.00,4.05,insn per cycle
93.069524697,187363906,,cycles,51730994,100.00,,
93.169698771,32979,,rD044,51804215,100.00,,
93.169698771,839036,,rFF44,51804215,100.00,,
93.169698771,758662636,,instructions,51804215,100.00,4.04,insn per cycle
93.169698771,187619595,,cycles,51804215,100.00,,
93.269869964,32685,,rD044,51818456,100.00,,
93.269869964,820828,,rFF44,51818456,100.00,,
93.269869964,759506251,,instructions,51826756,100.00,4.05,insn per cycle
93.269869964,187739421,,cycles,51830386,100.00,,
93.370059788,2126,,rD044,51889473,100.00,,
93.370059788,787041,,rFF44,51894943,100.00,,
93.370059788,765851441,,instructions,51891283,100.00,4.07,insn per cycle
93.370059788,187989909,,cycles,51892333,100.00,,
93.470261042,32391,,rD044,52706735,100.00,,
93.470261042,821210,,rFF44,52706955,100.00,,
93.470261042,775535949,,instructions,52706985,100.00,4.06,insn per cycle
93.470261042,191142987,,cycles,52707095,100.00,,
93.570448215,32883,,rD044,52738457,100.00,,
93.570448215,822602,,rFF44,52738747,100.00,,
93.570448215,776323485,,instructions,52738747,100.00,4.06,insn per cycle
93.570448215,191225625,,cycles,52738377,100.00,,
93.670637219,32443,,rD044,52464552,100.00,,
93.670637219,824133,,rFF44,52464322,100.00,,
93.670637219,773281682,,instructions,52464122,100.00,4.06,insn per cycle
93.670637219,190235553,,cycles,52464612,100.00,,
93.770826923,32985,,rD044,52385526,100.00,,
93.770826923,797317,,rFF44,52379776,100.00,,
93.770826923,771948050,,instructions,52375306,100.00,4.07,insn per cycle
93.770826923,189873472,,cycles,52370396,100.00,,
93.871001626,32824,,rD044,51807986,100.00,,
93.871001626,814290,,rFF44,51807986,100.00,,
93.871001626,759370747,,instructions,51807986,100.00,4.05,insn per cycle
93.871001626,187689807,,cycles,51807986,100.00,,
93.971177559,32859,,rD044,51851838,100.00,,
93.971177559,822675,,rFF44,51851838,100.00,,
93.971177559,758853727,,instructions,51851838,100.00,4.04,insn per cycle
93.971177559,187814498,,cycles,51851838,100.00,,
94.071349223,1865,,rD044,51563264,100.00,,
94.071349223,783917,,rFF44,51563264,100.00,,
94.071349223,759201656,,instructions,51563264,100.00,4.07,insn per cycle
94.071349223,186685552,,cycles,51563264,100.00,,
94.171524666,32808,,rD044,51834533,100.00,,
94.171524666,822097,,rFF44,51834533,100.00,,
94.171524666,758694921,,instructions,51834533,100.00,4.04,insn per cycle
94.171524666,187740609,,cycles,51834533,100.00,,
94.271700590,32566,,rD044,51886433,100.00,,
94.271700590,822618,,rFF44,51886433,100.00,,
94.271700590,758511459,,instructions,51886433,100.00,4.04,insn per cycle
94.271700590,187953841,,cycles,51886433,100.00,,
94.371876573,32856,,rD044,52313302,100.00,,
94.371876573,825559,,rFF44,52318802,100.00,,
94.371876573,766920918,,instructions,52324242,100.00,4.04,insn per cycle
94.371876573,189701355,,cycles,52328942,100.00,,
94.472065917,32489,,rD044,52690518,100.00,,
94.472065917,783977,,rFF44,52691058,100.00,,
94.472065917,775433182,,instructions,52690498,100.00,4.06,insn per cycle
94.472065917,191077907,,cycles,52689728,100.00,,
94.572266241,32679,,rD044,52369488,100.00,,
94.572266241,816575,,rFF44,52369138,100.00,,
94.572266241,770826770,,instructions,52369358,100.00,4.06,insn per cycle
94.572266241,189859586,,cycles,52369538,100.00,,
94.672455614,32976,,rD044,52783731,100.00,,
94.672455614,820885,,rFF44,52784391,100.00,,
94.672455614,776833766,,instructions,52784231,100.00,4.06,insn per cycle
94.672455614,191456707,,cycles,52784031,100.00,,
94.772643308,32660,,rD044,52414496,100.00,,
94.772643308,820490,,rFF44,52408146,100.00,,
94.772643308,774610964,,instructions,52403206,100.00,4.08,insn per cycle
94.772643308,190001059,,cycles,52399296,100.00,,
94.872817291,2113,,rD044,51127880,100.00,,
94.872817291,801088,,rFF44,51127880,100.00,,
94.872817291,755855403,,instructions,51127880,100.00,4.09,insn per cycle
94.872817291,185028259,,cycles,51127880,100.00,,
94.972990655,32889,,rD044,51499947,100.00,,
94.972990655,831103,,rFF44,51499947,100.00,,
94.972990655,753890173,,instructions,51499947,100.00,4.04,insn per cycle
94.972990655,186465517,,cycles,51499947,100.00,,
95.073161818,33214,,rD044,51834879,100.00,,
95.073161818,821710,,rFF44,51834879,100.00,,
95.073161818,758784246,,instructions,51842869,100.00,4.04,insn per cycle
95.073161818,187779813,,cycles,51848019,100.00,,
95.173354052,32906,,rD044,52050426,100.00,,
95.173354052,824628,,rFF44,52056196,100.00,,
95.173354052,762463237,,instructions,52053956,100.00,4.04,insn per cycle
95.173354052,188583717,,cycles,52053346,100.00,,
95.273543885,32487,,rD044,52778827,100.00,,
95.273543885,787701,,rFF44,52779037,100.00,,
95.273543885,780749743,,instructions,52777867,100.00,4.08,insn per cycle
95.273543885,191397526,,cycles,52778037,100.00,,
95.373733189,32714,,rD044,52580438,100.00,,
95.373733189,823454,,rFF44,52579798,100.00,,
95.373733189,772909127,,instructions,52580798,100.00,4.05,insn per cycle
95.373733189,190672978,,cycles,52580959,100.00,,
95.473923833,32382,,rD044,52610982,100.00,,
95.473923833,833141,,rFF44,52611692,100.00,,
95.473923833,774876330,,instructions,52611292,100.00,4.06,insn per cycle
95.473923833,190822584,,cycles,52611331,100.00,,
95.574110006,32643,,rD044,52190898,100.00,,
95.574110006,829292,,rFF44,52184848,100.00,,
95.574110006,767317676,,instructions,52179668,100.00,4.06,insn per cycle
95.574110006,189129473,,cycles,52174758,100.00,,
95.674284963,2368,,rD044,51553678,100.00,,
95.674284963,793717,,rFF44,51553678,100.00,,
95.674284963,758176221,,instructions,51553678,100.00,4.06,insn per cycle
95.674284963,186663551,,cycles,51561708,100.00,,
95.774467490,32922,,rD044,51724252,100.00,,
95.774467490,828465,,rFF44,51724252,100.00,,
95.774467490,758581768,,instructions,51724252,100.00,4.05,insn per cycle
95.774467490,187266968,,cycles,51716222,100.00,,
95.874642186,32838,,rD044,51810588,100.00,,
95.874642186,824764,,rFF44,51810588,100.00,,
95.874642186,759090141,,instructions,51810588,100.00,4.04,insn per cycle
95.874642186,187670035,,cycles,51810588,100.00,,
95.974816052,32558,,rD044,51708064,100.00,,
95.974816052,793870,,rFF44,51708064,100.00,,
95.974816052,758051337,,instructions,51708064,100.00,4.05,insn per cycle
95.974816052,187264271,,cycles,51708064,100.00,,
96.074987888,32936,,rD044,52585555,100.00,,
96.074987888,832282,,rFF44,52591455,100.00,,
96.074987888,772858978,,instructions,52596735,100.00,4.05,insn per cycle
96.074987888,190731766,,cycles,52601825,100.00,,
96.175179685,32846,,rD044,52615958,100.00,,
96.175179685,823683,,rFF44,52615718,100.00,,
96.175179685,772892231,,instructions,52615088,100.00,4.05,insn per cycle
96.175179685,190798950,,cycles,52614578,100.00,,
96.275365891,32781,,rD044,52763645,100.00,,
96.275365891,820985,,rFF44,52764085,100.00,,
96.275365891,775716801,,instructions,52764055,100.00,4.05,insn per cycle
96.275365891,191363092,,cycles,52764585,100.00,,
96.375554778,32514,,rD044,52688992,100.00,,
96.375554778,818139,,rFF44,52687992,100.00,,
96.375554778,775326104,,instructions,52688422,100.00,4.06,insn per cycle
96.375554778,191055328,,cycles,52687922,100.00,,
96.475743154,2328,,rD044,51634427,100.00,,
96.475743154,783156,,rFF44,51629327,100.00,,
96.475743154,761551179,,instructions,51624277,100.00,4.07,insn per cycle
96.475743154,186997722,,cycles,51619667,100.00,,
96.575914350,32564,,rD044,51629662,100.00,,
96.575914350,827232,,rFF44,51629662,100.00,,
96.575914350,758017424,,instructions,51637732,100.00,4.05,insn per cycle
96.575914350,186981352,,cycles,51641602,100.00,,
96.676117647,32868,,rD044,51751305,100.00,,
96.676117647,827663,,rFF44,51751305,100.00,,
96.676117647,757755746,,instructions,51743235,100.00,4.04,insn per cycle
96.676117647,187401869,,cycles,51739365,100.00,,
96.776292613,32369,,rD044,51565780,100.00,,
96.776292613,784129,,rFF44,51565780,100.00,,
96.776292613,758435647,,instructions,51565780,100.00,4.06,insn per cycle
96.776292613,186718249,,cycles,51565780,100.00,,
96.876464099,32841,,rD044,51739743,100.00,,
96.876464099,815860,,rFF44,51739743,100.00,,
96.876464099,757746328,,instructions,51739743,100.00,4.04,insn per cycle
96.876464099,187415170,,cycles,51739743,100.00,,
96.976637016,32951,,rD044,52220577,100.00,,
96.976637016,820004,,rFF44,52226427,100.00,,
96.976637016,767216012,,instructions,52230977,100.00,4.05,insn per cycle
96.976637016,189296784,,cycles,52235927,100.00,,
97.076819112,32960,,rD044,52561284,100.00,,
97.076819112,825599,,rFF44,52561044,100.00,,
97.076819112,773906415,,instructions,52561324,100.00,4.06,insn per cycle
97.076819112,190595998,,cycles,52560424,100.00,,
97.177005948,2047,,rD044,52619687,100.00,,
97.177005948,796777,,rFF44,52619477,100.00,,
97.177005948,778256427,,instructions,52619667,100.00,4.08,insn per cycle
97.177005948,190797207,,cycles,52620567,100.00,,
97.277196765,32862,,rD044,52623064,100.00,,
97.277196765,832578,,rFF44,52623364,100.00,,
97.277196765,773846288,,instructions,52623134,100.00,4.06,insn per cycle
97.277196765,190816356,,cycles,52623084,100.00,,
97.377385781,32736,,rD044,52072316,100.00,,
97.377385781,813069,,rFF44,52066616,100.00,,
97.377385781,765607749,,instructions,52061826,100.00,4.06,insn per cycle
97.377385781,188727615,,cycles,52056926,100.00,,
97.477560028,32953,,rD044,51773249,100.00,,
97.477560028,825084,,rFF44,51773249,100.00,,
97.477560028,758546068,,instructions,51773249,100.00,4.05,insn per cycle
97.477560028,187505127,,cycles,51773249,100.00,,
97.577727324,32625,,rD044,51635501,100.00,,
97.577727324,788957,,rFF44,51635501,100.00,,
97.577727324,758110758,,instructions,51635501,100.00,4.05,insn per cycle
97.577727324,186981579,,cycles,51635501,100.00,,
97.677900900,33239,,rD044,51853402,100.00,,
97.677900900,834818,,rFF44,51858792,100.00,,
97.677900900,757874970,,instructions,51863692,100.00,4.03,insn per cycle
97.677900900,187866121,,cycles,51863692,100.00,,
97.778087856,32763,,rD044,51689734,100.00,,
97.778087856,834090,,rFF44,51684344,100.00,,
97.778087856,758638264,,instructions,51679444,100.00,4.05,insn per cycle
97.778087856,187135547,,cycles,51679444,100.00,,
97.878278533,2164,,rD044,51949287,100.00,,
97.878278533,787183,,rFF44,51954797,100.00,,
97.878278533,768317767,,instructions,51959897,100.00,4.08,insn per cycle
97.878278533,188320567,,cycles,51964047,100.00,,
97.978467579,32512,,rD044,52386214,100.00,,
97.978467579,811875,,rFF44,52386484,100.00,,
97.978467579,774434871,,instructions,52386214,100.00,4.08,insn per cycle
97.978467579,189975074,,cycles,52386234,100.00,,
98.078650146,32802,,rD044,52590218,100.00,,
98.078650146,810322,,rFF44,52589758,100.00,,
98.078650146,770169024,,instructions,52589738,100.00,4.04,insn per cycle
98.078650146,190698247,,cycles,52591048,100.00,,
98.178838242,32576,,rD044,52473379,100.00,,
98.178838242,815353,,rFF44,52474279,100.00,,
98.178838242,774002705,,instructions,52474909,100.00,4.07,insn per cycle
98.178838242,190269295,,cycles,52474139,100.00,,
98.279026738,32888,,rD044,51852172,100.00,,
98.279026738,791288,,rFF44,51845952,100.00,,
98.279026738,772502964,,instructions,51840512,100.00,4.11,insn per cycle
98.279026738,187817720,,cycles,51835802,100.00,,
98.379206355,32755,,rD044,50957195,100.00,,
98.379206355,845185,,rFF44,50957195,100.00,,
98.379206355,757283358,,instructions,50957195,100.00,4.11,insn per cycle
98.379206355,184310511,,cycles,50957195,100.00,,
98.479381311,32595,,rD044,50919806,100.00,,
98.479381311,823776,,rFF44,50919806,100.00,,
98.479381311,762526474,,instructions,50919806,100.00,4.14,insn per cycle
98.479381311,184229500,,cycles,50919806,100.00,,
98.579561247,32973,,rD044,52428461,100.00,,
98.579561247,826220,,rFF44,52434081,100.00,,
98.579561247,783513349,,instructions,52439651,100.00,4.12,insn per cycle
98.579561247,190064497,,cycles,52443831,100.00,,
98.679750024,2040,,rD044,52514931,100.00,,
98.679750024,777223,,rFF44,52515191,100.00,,
98.679750024,795178641,,instructions,52514321,100.00,4.18,insn per cycle
98.679750024,190434898,,cycles,52514361,100.00,,
98.779937840,32700,,rD044,51411694,100.00,,
98.779937840,822270,,rFF44,51409654,100.00,,
98.779937840,772303941,,instructions,51404954,100.00,4.15,insn per cycle
98.779937840,186134477,,cycles,51400734,100.00,,
98.880124266,32816,,rD044,51156618,100.00,,
98.880124266,834286,,rFF44,51152778,100.00,,
98.880124266,761314087,,instructions,51152778,100.00,4.11,insn per cycle
98.880124266,185125932,,cycles,51152778,100.00,,
98.980299333,32656,,rD044,50965671,100.00,,
98.980299333,840490,,rFF44,50965671,100.00,,
98.980299333,763026411,,instructions,50965671,100.00,4.14,insn per cycle
98.980299333,184326479,,cycles,50965671,100.00,,
99.080469139,32713,,rD044,52389686,100.00,,
99.080469139,794039,,rFF44,52395116,100.00,,
99.080469139,793627503,,instructions,52399816,100.00,4.18,insn per cycle
99.080469139,189975742,,cycles,52404206,100.00,,
99.180659455,32314,,rD044,52606285,100.00,,
99.180659455,823698,,rFF44,52600855,100.00,,
99.180659455,796674671,,instructions,52596155,100.00,4.18,insn per cycle
99.180659455,190707216,,cycles,52591765,100.00,,
99.280831852,32607,,rD044,50910424,100.00,,
99.280831852,827897,,rFF44,50910424,100.00,,
99.280831852,761846454,,instructions,50910424,100.00,4.14,insn per cycle
99.280831852,184183227,,cycles,50910424,100.00,,
99.381005948,32920,,rD044,50739544,100.00,,
99.381005948,837030,,rFF44,50739544,100.00,,
99.381005948,761918335,,instructions,50739544,100.00,4.15,insn per cycle
99.381005948,183457428,,cycles,50739544,100.00,,
99.481179364,2620,,rD044,51959642,100.00,,
99.481179364,808619,,rFF44,51965362,100.00,,
99.481179364,798536171,,instructions,51970442,100.00,4.24,insn per cycle
99.481179364,188303757,,cycles,51974962,100.00,,
99.581363840,33087,,rD044,48843111,100.00,,
99.581363840,842475,,rFF44,48837391,100.00,,
99.581363840,726053427,,instructions,48832311,100.00,4.12,insn per cycle
99.581363840,176175145,,cycles,48827791,100.00,,
99.681537026,32164,,rD044,50733243,100.00,,
99.681537026,823406,,rFF44,50733243,100.00,,
99.681537026,761322423,,instructions,50733243,100.00,4.15,insn per cycle
99.681537026,183636291,,cycles,50733243,100.00,,
99.781711193,32438,,rD044,52507059,100.00,,
99.781711193,772534,,rFF44,52513159,100.00,,
99.781711193,798585669,,instructions,52517989,100.00,4.19,insn per cycle
99.781711193,190450513,,cycles,52522619,100.00,,
99.881899059,32528,,rD044,52366657,100.00,,
99.881899059,806805,,rFF44,52360557,100.00,,
99.881899059,792320629,,instructions,52355727,100.00,4.17,insn per cycle
99.881899059,189825730,,cycles,52351097,100.00,,
99.982073665,32466,,rD044,50731196,100.00,,
99.982073665,811021,,rFF44,50731196,100.00,,
99.982073665,760646507,,instructions,50731196,100.00,4.14,insn per cycle
99.982073665,183517139,,cycles,50731196,100.00,,
100.082257992,33008,,rD044,50667625,100.00,,
100.082257992,831244,,rFF44,50672725,100.00,,
100.082257992,760990382,,instructions,50672725,100.00,4.15,insn per cycle
100.082257992,183228702,,cycles,50672725,100.00,,
100.182444248,2053,,rD044,51705567,100.00,,
100.182444248,782780,,rFF44,51706067,100.00,,
100.182444248,797196741,,instructions,51710657,100.00,4.26,insn per cycle
100.182444248,187338496,,cycles,51714947,100.00,,
100.282634994,32854,,rD044,51766172,100.00,,
100.282634994,810563,,rFF44,51760572,100.00,,
100.282634994,793366716,,instructions,51755982,100.00,4.23,insn per cycle
100.282634994,187491445,,cycles,51751692,100.00,,
100.382809721,32281,,rD044,50026021,100.00,,
100.382809721,815178,,rFF44,50026021,100.00,,
100.382809721,762278588,,instructions,50026021,100.00,4.22,insn per cycle
100.382809721,180761745,,cycles,50026021,100.00,,
100.482983067,32612,,rD044,51144781,100.00,,
100.482983067,823250,,rFF44,51150471,100.00,,
100.482983067,782649644,,instructions,51155491,100.00,4.23,insn per cycle
100.482983067,185174907,,cycles,51159511,100.00,,
100.583166963,32721,,rD044,52446804,100.00,,
100.583166963,817762,,rFF44,52441114,100.00,,
100.583166963,805522218,,instructions,52436094,100.00,4.24,insn per cycle
100.583166963,190137157,,cycles,52432074,100.00,,
100.683340559,32432,,rD044,50027025,100.00,,
100.683340559,792631,,rFF44,50027025,100.00,,
100.683340559,760636161,,instructions,50027025,100.00,4.21,insn per cycle
100.683340559,180774012,,cycles,50027025,100.00,,
100.783523446,32335,,rD044,50427004,100.00,,
100.783523446,802334,,rFF44,50432144,100.00,,
100.783523446,763271494,,instructions,50438074,100.00,4.19,insn per cycle
100.783523446,182381464,,cycles,50442684,100.00,,
100.883713962,32466,,rD044,52567855,100.00,,
100.883713962,802432,,rFF44,52568005,100.00,,
100.883713962,804695767,,instructions,52567145,100.00,4.22,insn per cycle
100.883713962,190633870,,cycles,52567665,100.00,,
100.983904079,32754,,rD044,51274400,100.00,,
100.983904079,800827,,rFF44,51269110,100.00,,
100.983904079,777204553,,instructions,51264040,100.00,4.19,insn per cycle
100.983904079,185619395,,cycles,51258910,100.00,,
101.084072955,2081,,rD044,50257235,100.00,,
101.084072955,791002,,rFF44,50257235,100.00,,
101.084072955,760542751,,instructions,50257235,100.00,4.19,insn per cycle
101.084072955,181598725,,cycles,50257235,100.00,,
101.184257421,32390,,rD044,51628051,100.00,,
101.184257421,820836,,rFF44,51633961,100.00,,
101.184257421,781608010,,instructions,51638981,100.00,4.18,insn per cycle
101.184257421,187071268,,cycles,51643481,100.00,,
101.284446558,33022,,rD044,52444520,100.00,,
101.284446558,813783,,rFF44,52444160,100.00,,
101.284446558,785891798,,instructions,52444620,100.00,4.13,insn per cycle
101.284446558,190140320,,cycles,52444710,100.00,,
101.384635474,32313,,rD044,51617454,100.00,,
101.384635474,762581,,rFF44,51611904,100.00,,
101.384635474,767160557,,instructions,51606424,100.00,4.10,insn per cycle
101.384635474,186966251,,cycles,51601834,100.00,,
101.484816871,32547,,rD044,50889566,100.00,,
101.484816871,813479,,rFF44,50889566,100.00,,
101.484816871,750713769,,instructions,50889566,100.00,4.08,insn per cycle
101.484816871,184054779,,cycles,50889566,100.00,,
101.584983807,32839,,rD044,50636636,100.00,,
101.584983807,815495,,rFF44,50636636,100.00,,
101.584983807,763221050,,instructions,50636636,100.00,4.17,insn per cycle
101.584983807,183122937,,cycles,50636636,100.00,,
101.685160913,32457,,rD044,52127834,100.00,,
101.685160913,810667,,rFF44,52133304,100.00,,
101.685160913,779258762,,instructions,52138374,100.00,4.12,insn per cycle
101.685160913,188986560,,cycles,52142884,100.00,,
101.785349199,1996,,rD044,52311999,100.00,,
101.785349199,782473,,rFF44,52312819,100.00,,
101.785349199,786742146,,instructions,52312369,100.00,4.15,insn per cycle
101.785349199,189665667,,cycles,52312700,100.00,,
101.885539096,32726,,rD044,51155401,100.00,,
101.885539096,803106,,rFF44,51154511,100.00,,
101.885539096,761958968,,instructions,51154511,100.00,4.11,insn per cycle
101.885539096,185335293,,cycles,51154430,100.00,,
101.985726902,32771,,rD044,52272561,100.00,,
101.985726902,799856,,rFF44,52267161,100.00,,
101.985726902,782721876,,instructions,52262541,100.00,4.13,insn per cycle
101.985726902,189423460,,cycles,52257781,100.00,,
102.085893808,32513,,rD044,51103813,100.00,,
102.085893808,803986,,rFF44,51103813,100.00,,
102.085893808,761431149,,instructions,51103813,100.00,4.12,insn per cycle
102.085893808,184947124,,cycles,51103813,100.00,,
102.186068125,32207,,rD044,51326765,100.00,,
102.186068125,765990,,rFF44,51331996,100.00,,
102.186068125,760269277,,instructions,51331996,100.00,4.09,insn per cycle
102.186068125,185891494,,cycles,51331996,100.00,,
102.286266001,32425,,rD044,51192734,100.00,,
102.286266001,821139,,rFF44,51187503,100.00,,
102.286266001,761114407,,instructions,51187503,100.00,4.11,insn per cycle
102.286266001,185251300,,cycles,51187503,100.00,,
102.386440247,32410,,rD044,51757476,100.00,,
102.386440247,821666,,rFF44,51763166,100.00,,
102.386440247,772251042,,instructions,51768006,100.00,4.12,insn per cycle
102.386440247,187532570,,cycles,51772786,100.00,,
102.486629974,32872,,rD044,52548968,100.00,,
102.486629974,812528,,rFF44,52549478,100.00,,
102.486629974,785256805,,instructions,52550018,100.00,4.12,insn per cycle
102.486629974,190527139,,cycles,52549788,100.00,,
102.586823940,2004,,rD044,52525728,100.00,,
102.586823940,772222,,rFF44,52525248,100.00,,
102.586823940,790510598,,instructions,52524928,100.00,4.15,insn per cycle
102.586823940,190466764,,cycles,52524388,100.00,,
102.687013326,32433,,rD044,51242700,100.00,,
102.687013326,802367,,rFF44,51236980,100.00,,
102.687013326,764123729,,instructions,51231920,100.00,4.12,insn per cycle
102.687013326,185506204,,cycles,51227910,100.00,,
102.787187483,32399,,rD044,51049359,100.00,,
102.787187483,808856,,rFF44,51049359,100.00,,
102.787187483,761227359,,instructions,51049359,100.00,4.12,insn per cycle
102.787187483,184754884,,cycles,51049359,100.00,,
102.887357579,32485,,rD044,51244011,100.00,,
102.887357579,825849,,rFF44,51244011,100.00,,
102.887357579,761097416,,instructions,51244011,100.00,4.10,insn per cycle
102.887357579,185458503,,cycles,51244011,100.00,,
102.987532245,32187,,rD044,51723368,100.00,,
102.987532245,784490,,rFF44,51728678,100.00,,
102.987532245,772718905,,instructions,51734348,100.00,4.12,insn per cycle
102.987532245,187386068,,cycles,51738568,100.00,,
103.087712822,33083,,rD044,52410409,100.00,,
103.087712822,809883,,rFF44,52410339,100.00,,
103.087712822,783636214,,instructions,52409689,100.00,4.12,insn per cycle
103.087712822,190025384,,cycles,52410579,100.00,,
103.187900948,32358,,rD044,52471805,100.00,,
103.187900948,802888,,rFF44,52471885,100.00,,
103.187900948,785879883,,instructions,52471755,100.00,4.13,insn per cycle
103.187900948,190261644,,cycles,52470925,100.00,,
103.288089254,32594,,rD044,51740529,100.00,,
103.288089254,809420,,rFF44,51735209,100.00,,
103.288089254,769129423,,instructions,51730319,100.00,4.10,insn per cycle
103.288089254,187405515,,cycles,51726039,100.00,,
103.388281621,2362,,rD044,51014447,100.00,,
103.388281621,792385,,rFF44,51014447,100.00,,
103.388281621,761320771,,instructions,51014447,100.00,4.13,insn per cycle
103.388281621,184521602,,cycles,51014447,100.00,,
103.488457137,32700,,rD044,51165407,100.00,,
103.488457137,823558,,rFF44,51165407,100.00,,
103.488457137,760726481,,instructions,51165407,100.00,4.11,insn per cycle
103.488457137,185135313,,cycles,51165407,100.00,,
103.588632913,32903,,rD044,52030262,100.00,,
103.588632913,817166,,rFF44,52035292,100.00,,
103.588632913,776744374,,instructions,52040172,100.00,4.12,insn per cycle
103.588632913,188593901,,cycles,52045482,100.00,,
103.688821280,32406,,rD044,52502323,100.00,,
103.688821280,806572,,rFF44,52503053,100.00,,
103.688821280,785934168,,instructions,52502843,100.00,4.13,insn per cycle
103.688821280,190412635,,cycles,52501793,100.00,,
103.789008006,32504,,rD044,52387404,100.00,,
103.789008006,771508,,rFF44,52381644,100.00,,
103.789008006,787630046,,instructions,52376974,100.00,4.15,insn per cycle
103.789008006,189905558,,cycles,52372714,100.00,,
103.889182362,32355,,rD044,51240984,100.00,,
103.889182362,806792,,rFF44,51240984,100.00,,
103.889182362,762468131,,instructions,51240984,100.00,4.11,insn per cycle
103.889182362,185459146,,cycles,51240984,100.00,,
103.989356429,32440,,rD044,51188895,100.00,,
103.989356429,821126,,rFF44,51192645,100.00,,
103.989356429,760880516,,instructions,51192645,100.00,4.11,insn per cycle
103.989356429,185231888,,cycles,51192645,100.00,,
104.089545605,32961,,rD044,51313716,100.00,,
104.089545605,829864,,rFF44,51315546,100.00,,
104.089545605,762253032,,instructions,51320956,100.00,4.10,insn per cycle
104.089545605,185744175,,cycles,51325886,100.00,,
104.189733932,2098,,rD044,51234219,100.00,,
104.189733932,772232,,rFF44,51234569,100.00,,
104.189733932,765532579,,instructions,51234179,100.00,4.12,insn per cycle
104.189733932,185610596,,cycles,51234149,100.00,,
104.289921618,32455,,rD044,52580063,100.00,,
104.289921618,801216,,rFF44,52579744,100.00,,
104.289921618,789406101,,instructions,52579114,100.00,4.14,insn per cycle
104.289921618,190645808,,cycles,52578684,100.00,,
104.390110474,32549,,rD044,52467154,100.00,,
104.390110474,794145,,rFF44,52466903,100.00,,
104.390110474,777393377,,instructions,52467543,100.00,4.09,insn per cycle
104.390110474,190163384,,cycles,52467213,100.00,,
104.490299541,32464,,rD044,51695925,100.00,,
104.490299541,800879,,rFF44,51690565,100.00,,
104.490299541,773175805,,instructions,51685535,100.00,4.13,insn per cycle
104.490299541,187227684,,cycles,51681395,100.00,,
104.590475967,32829,,rD044,50913034,100.00,,
104.590475967,785416,,rFF44,50918844,100.00,,
104.590475967,760823351,,instructions,50921804,100.00,4.13,insn per cycle
104.590475967,184140050,,cycles,50921804,100.00,,
104.690663433,32363,,rD044,50806023,100.00,,
104.690663433,815910,,rFF44,50800213,100.00,,
104.690663433,761819476,,instructions,50797253,100.00,4.15,insn per cycle
104.690663433,183712107,,cycles,50797253,100.00,,
104.790838910,32534,,rD044,52232264,100.00,,
104.790838910,810724,,rFF44,52237514,100.00,,
104.790838910,792979653,,instructions,52243374,100.00,4.19,insn per cycle
104.790838910,189362486,,cycles,52248154,100.00,,
104.891026706,32707,,rD044,52433551,100.00,,
104.891026706,802886,,rFF44,52433841,100.00,,
104.891026706,794853235,,instructions,52432681,100.00,4.18,insn per cycle
104.891026706,190110371,,cycles,52433311,100.00,,
104.991228523,2251,,rD044,50694798,100.00,,
104.991228523,789088,,rFF44,50689258,100.00,,
104.991228523,769363663,,instructions,50684558,100.00,4.20,insn per cycle
104.991228523,183257029,,cycles,50679148,100.00,,
105.091402609,32665,,rD044,50879884,100.00,,
105.091402609,815498,,rFF44,50879884,100.00,,
105.091402609,761617542,,instructions,50879884,100.00,4.14,insn per cycle
105.091402609,184034075,,cycles,50879884,100.00,,
105.191580485,32452,,rD044,51632486,100.00,,
105.191580485,818711,,rFF44,51637956,100.00,,
105.191580485,777465116,,instructions,51642736,100.00,4.16,insn per cycle
105.191580485,187052307,,cycles,51647316,100.00,,
105.291769282,32697,,rD044,52373878,100.00,,
105.291769282,815265,,rFF44,52374548,100.00,,
105.291769282,797247757,,instructions,52374938,100.00,4.20,insn per cycle
105.291769282,189875942,,cycles,52374688,100.00,,
105.391957458,32819,,rD044,50613947,100.00,,
105.391957458,775665,,rFF44,50607807,100.00,,
105.391957458,776263918,,instructions,50602637,100.00,4.24,insn per cycle
105.391957458,183034265,,cycles,50598307,100.00,,
105.492133985,32507,,rD044,49877465,100.00,,
105.492133985,808439,,rFF44,49877465,100.00,,
105.492133985,762917366,,instructions,49877465,100.00,4.23,insn per cycle
105.492133985,180165546,,cycles,49877465,100.00,,
105.592311091,32653,,rD044,52223407,100.00,,
105.592311091,808096,,rFF44,52228957,100.00,,
105.592311091,803428038,,instructions,52234057,100.00,4.24,insn per cycle
105.592311091,189269633,,cycles,52238007,100.00,,
105.692500527,32412,,rD044,51276296,100.00,,
105.692500527,816687,,rFF44,51274606,100.00,,
105.692500527,786929702,,instructions,51269506,100.00,4.24,insn per cycle
105.692500527,185608046,,cycles,51265556,100.00,,
105.792685124,1843,,rD044,49739046,100.00,,
105.792685124,795877,,rFF44,49735186,100.00,,
105.792685124,759994288,,instructions,49735186,100.00,4.23,insn per cycle
105.792685124,179605617,,cycles,49735186,100.00,,
105.892857710,32496,,rD044,52153008,100.00,,
105.892857710,822221,,rFF44,52158838,100.00,,
105.892857710,801712883,,instructions,52163688,100.00,4.24,insn per cycle
105.892857710,189062354,,cycles,52167668,100.00,,
105.993046797,32705,,rD044,51255991,100.00,,
105.993046797,802905,,rFF44,51250161,100.00,,
105.993046797,787952536,,instructions,51245311,100.00,4.25,insn per cycle
105.993046797,185547508,,cycles,51241331,100.00,,
106.093235943,32469,,rD044,50059786,100.00,,
106.093235943,824998,,rFF44,50059786,100.00,,
106.093235943,761950527,,instructions,50059786,100.00,4.21,insn per cycle
106.093235943,180857008,,cycles,50059786,100.00,,
106.193414120,32181,,rD044,51631916,100.00,,
106.193414120,779134,,rFF44,51637596,100.00,,
106.193414120,795985524,,instructions,51642826,100.00,4.26,insn per cycle
106.193414120,187051149,,cycles,51647376,100.00,,
106.293603576,32376,,rD044,51677612,100.00,,
106.293603576,813953,,rFF44,51671932,100.00,,
106.293603576,795778483,,instructions,51666702,100.00,4.25,insn per cycle
106.293603576,187213855,,cycles,51662152,100.00,,
106.393777662,32582,,rD044,50261138,100.00,,
106.393777662,833760,,rFF44,50261138,100.00,,
106.393777662,758599116,,instructions,50261138,100.00,4.18,insn per cycle
106.393777662,181618786,,cycles,50261138,100.00,,
106.493950089,32743,,rD044,50182317,100.00,,
106.493950089,806181,,rFF44,50182317,100.00,,
106.493950089,759563824,,instructions,50182317,100.00,4.18,insn per cycle
106.493950089,181544084,,cycles,50182317,100.00,,
106.594133975,1817,,rD044,52267387,100.00,,
106.594133975,767528,,rFF44,52273697,100.00,,
106.594133975,803124237,,instructions,52279008,100.00,4.24,insn per cycle
106.594133975,189535359,,cycles,52283768,100.00,,
106.694325522,32804,,rD044,51233961,100.00,,
106.694325522,800892,,rFF44,51227651,100.00,,
106.694325522,774627348,,instructions,51222340,100.00,4.18,insn per cycle
106.694325522,185487959,,cycles,51217580,100.00,,
106.794505128,32499,,rD044,50095963,100.00,,
106.794505128,814240,,rFF44,50095963,100.00,,
106.794505128,751245528,,instructions,50095963,100.00,4.15,insn per cycle
106.794505128,181031723,,cycles,50095963,100.00,,
106.894681484,32495,,rD044,50809989,100.00,,
106.894681484,814535,,rFF44,50816529,100.00,,
106.894681484,770059441,,instructions,50821439,100.00,4.19,insn per cycle
106.894681484,183964278,,cycles,50826329,100.00,,
106.994873291,32409,,rD044,52398446,100.00,,
106.994873291,777958,,rFF44,52397426,100.00,,
106.994873291,783373632,,instructions,52397776,100.00,4.12,insn per cycle
106.994873291,189994651,,cycles,52397516,100.00,,
107.095063087,32489,,rD044,52572823,100.00,,
107.095063087,811476,,rFF44,52567303,100.00,,
107.095063087,781863713,,instructions,52562043,100.00,4.10,insn per cycle
107.095063087,190590912,,cycles,52557413,100.00,,
107.195251013,32591,,rD044,51002904,100.00,,
107.195251013,799501,,rFF44,51002904,100.00,,
107.195251013,754676052,,instructions,51002904,100.00,4.09,insn per cycle
107.195251013,184622635,,cycles,51002904,100.00,,
107.295425750,32731,,rD044,51151890,100.00,,
107.295425750,804781,,rFF44,51151890,100.00,,
107.295425750,755329663,,instructions,51151890,100.00,4.08,insn per cycle
107.295425750,185179016,,cycles,51151890,100.00,,
107.395602416,1896,,rD044,50900350,100.00,,
107.395602416,778084,,rFF44,50900350,100.00,,
107.395602416,754522113,,instructions,50900350,100.00,4.10,insn per cycle
107.395602416,184158524,,cycles,50900350,100.00,,
107.495776042,32561,,rD044,51900322,100.00,,
107.495776042,809803,,rFF44,51905942,100.00,,
107.495776042,771038142,,instructions,51910532,100.00,4.10,insn per cycle
107.495776042,188096029,,cycles,51915482,100.00,,
107.595964649,32473,,rD044,51970587,100.00,,
107.595964649,793342,,rFF44,51970727,100.00,,
107.595964649,773820202,,instructions,51970577,100.00,4.11,insn per cycle
107.595964649,188340513,,cycles,51971197,100.00,,
107.696151195,32504,,rD044,52049656,100.00,,
107.696151195,764591,,rFF44,52049496,100.00,,
107.696151195,778036985,,instructions,52050596,100.00,4.12,insn per cycle
107.696151195,188653805,,cycles,52049216,100.00,,
107.796340751,32244,,rD044,51227728,100.00,,
107.796340751,797384,,rFF44,51222128,100.00,,
107.796340751,761232659,,instructions,51216588,100.00,4.10,insn per cycle
107.796340751,185475034,,cycles,51212398,100.00,,
107.896515908,32521,,rD044,51003867,100.00,,
107.896515908,809503,,rFF44,51003867,100.00,,
107.896515908,754787624,,instructions,51003867,100.00,4.09,insn per cycle
107.896515908,184530908,,cycles,51003867,100.00,,
107.996690614,32701,,rD044,50978661,100.00,,
107.996690614,813104,,rFF44,50978661,100.00,,
107.996690614,754428033,,instructions,50978661,100.00,4.09,insn per cycle
107.996690614,184410745,,cycles,50978661,100.00,,
108.096864330,1975,,rD044,52061294,100.00,,
108.096864330,780101,,rFF44,52067204,100.00,,
108.096864330,780370263,,instructions,52072274,100.00,4.14,insn per cycle
108.096864330,188671995,,cycles,52076864,100.00,,
108.197055757,32536,,rD044,52501478,100.00,,
108.197055757,803359,,rFF44,52501518,100.00,,
108.197055757,782850710,,instructions,52500968,100.00,4.11,insn per cycle
108.197055757,190402901,,cycles,52500338,100.00,,
108.297257813,32827,,rD044,51600524,100.00,,
108.297257813,792667,,rFF44,51594574,100.00,,
108.297257813,766529774,,instructions,51590054,100.00,4.10,insn per cycle
108.297257813,186908117,,cycles,51586094,100.00,,
108.397432419,32460,,rD044,51149993,100.00,,
108.397432419,803922,,rFF44,51157533,100.00,,
108.397432419,755993138,,instructions,51161813,100.00,4.08,insn per cycle
108.397432419,185190093,,cycles,51167813,100.00,,
108.497629946,32316,,rD044,50865136,100.00,,
108.497629946,772278,,rFF44,50857596,100.00,,
108.497629946,754348504,,instructions,50853316,100.00,4.10,insn per cycle
108.497629946,183925811,,cycles,50847316,100.00,,
108.597805252,32552,,rD044,51160901,100.00,,
108.597805252,812784,,rFF44,51166251,100.00,,
108.597805252,766780319,,instructions,51170931,100.00,4.14,insn per cycle
108.597805252,185231756,,cycles,51176091,100.00,,
108.697993039,32492,,rD044,52480938,100.00,,
108.697993039,815774,,rFF44,52481929,100.00,,
108.697993039,808764984,,instructions,52482029,100.00,4.25,insn per cycle
108.697993039,190285285,,cycles,52481449,100.00,,
108.798183645,32517,,rD044,50133256,100.00,,
108.798183645,801985,,rFF44,50132985,100.00,,
108.798183645,768526354,,instructions,50130625,100.00,4.24,insn per cycle
108.798183645,181357578,,cycles,50126045,100.00,,
108.898369541,2054,,rD044,49615116,100.00,,
108.898369541,785385,,rFF44,49609046,100.00,,
108.898369541,758851232,,instructions,49606626,100.00,4.24,insn per cycle
108.898369541,179111405,,cycles,49606626,100.00,,
108.998545648,32721,,rD044,52235259,100.00,,
108.998545648,817008,,rFF44,52241289,100.00,,
108.998545648,805624153,,instructions,52246029,100.00,4.25,insn per cycle
108.998545648,189375469,,cycles,52250459,100.00,,
109.098734244,32320,,rD044,50911629,100.00,,
109.098734244,811070,,rFF44,50905599,100.00,,
109.098734244,783268472,,instructions,50908839,100.00,4.25,insn per cycle
109.098734244,184213005,,cycles,50908059,100.00,,
109.198923461,32234,,rD044,50066812,100.00,,
109.198923461,826246,,rFF44,50066812,100.00,,
109.198923461,763635464,,instructions,50058832,100.00,4.22,insn per cycle
109.198923461,180887484,,cycles,50055182,100.00,,
109.299115387,32582,,rD044,52072814,100.00,,
109.299115387,781465,,rFF44,52078414,100.00,,
109.299115387,798262599,,instructions,52083324,100.00,4.23,insn per cycle
109.299115387,188739820,,cycles,52087934,100.00,,
109.399304453,32500,,rD044,52091659,100.00,,
109.399304453,795796,,rFF44,52086059,100.00,,
109.399304453,785964012,,instructions,52081149,100.00,4.16,insn per cycle
109.399304453,188808831,,cycles,52076539,100.00,,
109.499479180,32444,,rD044,50300213,100.00,,
109.499479180,810957,,rFF44,50300213,100.00,,
109.499479180,759469362,,instructions,50300213,100.00,4.18,insn per cycle
109.499479180,181822949,,cycles,50300213,100.00,,
109.599652686,32775,,rD044,50554174,100.00,,
109.599652686,814204,,rFF44,50559604,100.00,,
109.599652686,762082261,,instructions,50564934,100.00,4.17,insn per cycle
109.599652686,182837842,,cycles,50569124,100.00,,
109.699840322,32994,,rD044,52721464,100.00,,
109.699840322,822425,,rFF44,52721954,100.00,,
109.699840322,815704384,,instructions,52722304,100.00,4.27,insn per cycle
109.699840322,191193318,,cycles,52722894,100.00,,
109.800030049,1978,,rD044,50614335,100.00,,
109.800030049,787081,,rFF44,50611715,100.00,,
109.800030049,775582958,,instructions,50606035,100.00,4.24,insn per cycle
109.800030049,183077204,,cycles,50601255,100.00,,
109.900233045,32467,,rD044,50305010,100.00,,
109.900233045,822151,,rFF44,50305990,100.00,,
109.900233045,762540675,,instructions,50305990,100.00,4.19,insn per cycle
109.900233045,181803929,,cycles,50305990,100.00,,
110.000416492,32556,,rD044,52147271,100.00,,
110.000416492,806966,,rFF44,52148431,100.00,,
110.000416492,802513083,,instructions,52153251,100.00,4.25,insn per cycle
110.000416492,189013372,,cycles,52157551,100.00,,
110.100605838,32887,,rD044,51089825,100.00,,
110.100605838,806598,,rFF44,51084385,100.00,,
110.100605838,777358373,,instructions,51079565,100.00,4.20,insn per cycle
110.100605838,184888096,,cycles,51075265,100.00,,
110.200779684,32314,,rD044,49813107,100.00,,
110.200779684,785728,,rFF44,49813107,100.00,,
110.200779684,748809375,,instructions,49821547,100.00,4.16,insn per cycle
110.200779684,179927161,,cycles,49827027,100.00,,
110.300972711,32409,,rD044,52334151,100.00,,
110.300972711,821658,,rFF44,52339651,100.00,,
110.300972711,816700112,,instructions,52336541,100.00,4.30,insn per cycle
110.300972711,189757026,,cycles,52334831,100.00,,
110.401163157,32339,,rD044,50228580,100.00,,
110.401163157,828043,,rFF44,50223080,100.00,,
110.401163157,776088400,,instructions,50217750,100.00,4.27,insn per cycle
110.401163157,181548403,,cycles,50213980,100.00,,
110.501337864,32841,,rD044,50414406,100.00,,
110.501337864,823359,,rFF44,50420356,100.00,,
110.501337864,774286720,,instructions,50425396,100.00,4.25,insn per cycle
110.501337864,182279915,,cycles,50430036,100.00,,
110.601534750,32844,,rD044,52561946,100.00,,
110.601534750,814591,,rFF44,52561196,100.00,,
110.601534750,808605299,,instructions,52560776,100.00,4.24,insn per cycle
110.601534750,190579964,,cycles,52560306,100.00,,
110.701720946,1825,,rD044,50260573,100.00,,
110.701720946,778520,,rFF44,50255373,100.00,,
110.701720946,766494462,,instructions,50250753,100.00,4.22,insn per cycle
110.701720946,181651045,,cycles,50246583,100.00,,
110.801895403,32637,,rD044,50380293,100.00,,
110.801895403,820713,,rFF44,50380293,100.00,,
110.801895403,763162391,,instructions,50380293,100.00,4.19,insn per cycle
110.801895403,182123541,,cycles,50380293,100.00,,
110.902069709,32566,,rD044,52552387,100.00,,
110.902069709,827698,,rFF44,52558067,100.00,,
110.902069709,793829064,,instructions,52563177,100.00,4.17,insn per cycle
110.902069709,190591819,,cycles,52568207,100.00,,
111.002274095,32691,,rD044,50915303,100.00,,
111.002274095,798567,,rFF44,50914913,100.00,,
111.002274095,753472457,,instructions,50914753,100.00,4.09,insn per cycle
111.002274095,184438532,,cycles,50913843,100.00,,
111.102461372,32175,,rD044,52641725,100.00,,
111.102461372,769877,,rFF44,52642455,100.00,,
111.102461372,781883056,,instructions,52643005,100.00,4.10,insn per cycle
111.102461372,190870343,,cycles,52643585,100.00,,
111.202652018,32913,,rD044,52138367,100.00,,
111.202652018,797144,,rFF44,52132347,100.00,,
111.202652018,770708311,,instructions,52126847,100.00,4.08,insn per cycle
111.202652018,188965667,,cycles,52122147,100.00,,
111.302825535,32517,,rD044,51424466,100.00,,
111.302825535,799232,,rFF44,51424466,100.00,,
111.302825535,758668540,,instructions,51424466,100.00,4.07,insn per cycle
111.302825535,186275528,,cycles,51424466,100.00,,
111.403001261,2078,,rD044,51211024,100.00,,
111.403001261,785837,,rFF44,51211024,100.00,,
111.403001261,760640899,,instructions,51211024,100.00,4.10,insn per cycle
111.403001261,185314731,,cycles,51211024,100.00,,
111.503176727,32150,,rD044,51657180,100.00,,
111.503176727,815776,,rFF44,51657180,100.00,,
111.503176727,760219091,,instructions,51657180,100.00,4.06,insn per cycle
111.503176727,187073680,,cycles,51657180,100.00,,
111.603355223,32697,,rD044,51868208,100.00,,
111.603355223,808798,,rFF44,51868208,100.00,,
111.603355223,758886394,,instructions,51868208,100.00,4.04,insn per cycle
111.603355223,187882074,,cycles,51868208,100.00,,
111.703527700,32369,,rD044,51806386,100.00,,
111.703527700,802761,,rFF44,51811526,100.00,,
111.703527700,766498820,,instructions,51816296,100.00,4.08,insn per cycle
111.703527700,187694741,,cycles,51820906,100.00,,
111.803715336,32469,,rD044,52506188,100.00,,
111.803715336,764094,,rFF44,52507198,100.00,,
111.803715336,781059253,,instructions,52507198,100.00,4.10,insn per cycle
111.803715336,190398169,,cycles,52506638,100.00,,
111.903903032,32692,,rD044,52573962,100.00,,
111.903903032,806277,,rFF44,52573382,100.00,,
111.903903032,778981687,,instructions,52573402,100.00,4.09,insn per cycle
111.903903032,190661877,,cycles,52574112,100.00,,
112.004090309,32404,,rD044,52406755,100.00,,
112.004090309,809999,,rFF44,52418905,100.00,,
112.004090309,774621694,,instructions,52419335,100.00,4.08,insn per cycle
112.004090309,190059264,,cycles,52419915,100.00,,
112.104291715,32840,,rD044,51447888,100.00,,
112.104291715,805168,,rFF44,51430168,100.00,,
112.104291715,763463504,,instructions,51424948,100.00,4.10,insn per cycle
112.104291715,186234955,,cycles,51419608,100.00,,
112.204461002,1800,,rD044,50645018,100.00,,
112.204461002,777053,,rFF44,50645018,100.00,,
112.204461002,761209510,,instructions,50653198,100.00,4.16,insn per cycle
112.204461002,183165660,,cycles,50657298,100.00,,
112.304646928,32662,,rD044,51124239,100.00,,
112.304646928,809445,,rFF44,51129609,100.00,,
112.304646928,772695768,,instructions,51126810,100.00,4.18,insn per cycle
112.304646928,185008702,,cycles,51127260,100.00,,
112.404836105,32573,,rD044,52444563,100.00,,
112.404836105,802452,,rFF44,52444553,100.00,,
112.404836105,787730432,,instructions,52444112,100.00,4.14,insn per cycle
112.404836105,190151253,,cycles,52444392,100.00,,
112.505024471,32562,,rD044,52619648,100.00,,
112.505024471,812767,,rFF44,52614288,100.00,,
112.505024471,782630938,,instructions,52609348,100.00,4.10,insn per cycle
112.505024471,190746590,,cycles,52604518,100.00,,
112.605200347,32205,,rD044,50627750,100.00,,
112.605200347,781051,,rFF44,50627750,100.00,,
112.605200347,753592907,,instructions,50627750,100.00,4.12,insn per cycle
112.605200347,183106629,,cycles,50627750,100.00,,
112.705370514,32479,,rD044,51712414,100.00,,
112.705370514,814415,,rFF44,51712414,100.00,,
112.705370514,759771331,,instructions,51720054,100.00,4.06,insn per cycle
112.705370514,187361717,,cycles,51724424,100.00,,
112.805555540,32553,,rD044,51733760,100.00,,
112.805555540,795993,,rFF44,51733760,100.00,,
112.805555540,758587925,,instructions,51726120,100.00,4.05,insn per cycle
112.805555540,187343082,,cycles,51721750,100.00,,
112.905731646,32353,,rD044,51682085,100.00,,
112.905731646,803197,,rFF44,51682085,100.00,,
112.905731646,761848713,,instructions,51682085,100.00,4.07,insn per cycle
112.905731646,187123569,,cycles,51682085,100.00,,
113.005906162,2187,,rD044,52243186,100.00,,
113.005906162,768221,,rFF44,52248846,100.00,,
113.005906162,772064107,,instructions,52254326,100.00,4.08,insn per cycle
113.005906162,189410519,,cycles,52259196,100.00,,
113.106096769,32753,,rD044,52384479,100.00,,
113.106096769,805568,,rFF44,52384629,100.00,,
113.106096769,770022419,,instructions,52384179,100.00,4.05,insn per cycle
113.106096769,189911431,,cycles,52383819,100.00,,
113.206295565,32516,,rD044,52529441,100.00,,
113.206295565,810847,,rFF44,52528941,100.00,,
113.206295565,779672636,,instructions,52528841,100.00,4.09,insn per cycle
113.206295565,190462713,,cycles,52529641,100.00,,
113.306483152,32608,,rD044,51022137,100.00,,
113.306483152,792819,,rFF44,51022797,100.00,,
113.306483152,751741879,,instructions,51022677,100.00,4.07,insn per cycle
113.306483152,184830579,,cycles,51022277,100.00,,
113.406671838,32714,,rD044,52060045,100.00,,
113.406671838,762340,,rFF44,52059925,100.00,,
113.406671838,771954882,,instructions,52059695,100.00,4.09,insn per cycle
113.406671838,188724410,,cycles,52060155,100.00,,
113.506861635,32496,,rD044,52047253,100.00,,
113.506861635,797436,,rFF44,52041403,100.00,,
113.506861635,765980014,,instructions,52036823,100.00,4.06,insn per cycle
113.506861635,188573603,,cycles,52031453,100.00,,
113.607040861,32388,,rD044,51796396,100.00,,
113.607040861,802368,,rFF44,51796396,100.00,,
113.607040861,761407046,,instructions,51796396,100.00,4.06,insn per cycle
113.607040861,187648658,,cycles,51796396,100.00,,
113.707226477,1844,,rD044,51294378,100.00,,
113.707226477,777317,,rFF44,51294378,100.00,,
113.707226477,753593302,,instructions,51294378,100.00,4.06,insn per cycle
113.707226477,185637711,,cycles,51294378,100.00,,
113.807400314,32546,,rD044,51254802,100.00,,
113.807400314,816329,,rFF44,51254802,100.00,,
113.807400314,757821732,,instructions,51254802,100.00,4.09,insn per cycle
113.807400314,185503580,,cycles,51254802,100.00,,
113.907572960,32416,,rD044,51750487,100.00,,
113.907572960,808874,,rFF44,51750487,100.00,,
113.907572960,761283782,,instructions,51750487,100.00,4.06,insn per cycle
113.907572960,187444784,,cycles,51750487,100.00,,
114.007747106,32867,,rD044,52203292,100.00,,
114.007747106,797848,,rFF44,52208662,100.00,,
114.007747106,765684566,,instructions,52213942,100.00,4.05,insn per cycle
114.007747106,189252777,,cycles,52219072,100.00,,
114.107939503,32351,,rD044,52393794,100.00,,
114.107939503,763126,,rFF44,52394244,100.00,,
114.107939503,773108788,,instructions,52394684,100.00,4.07,insn per cycle
114.107939503,189948745,,cycles,52394854,100.00,,
114.208127029,32607,,rD044,52663738,100.00,,
114.208127029,798437,,rFF44,52663508,100.00,,
114.208127029,770632565,,instructions,52663158,100.00,4.04,insn per cycle
114.208127029,190975541,,cycles,52662078,100.00,,
114.308314456,32570,,rD044,52671094,100.00,,
114.308314456,809406,,rFF44,52671104,100.00,,
114.308314456,784139487,,instructions,52671144,100.00,4.11,insn per cycle
114.308314456,191000777,,cycles,52672184,100.00,,
114.408503292,32751,,rD044,52506823,100.00,,
114.408503292,804811,,rFF44,52506683,100.00,,
114.408503292,773785266,,instructions,52506363,100.00,4.06,insn per cycle
114.408503292,190383032,,cycles,52505714,100.00,,
114.508691908,2257,,rD044,51702133,100.00,,
114.508691908,777821,,rFF44,51696673,100.00,,
114.508691908,761243264,,instructions,51691583,100.00,4.07,insn per cycle
114.508691908,187260867,,cycles,51686972,100.00,,
114.608867225,32651,,rD044,51885688,100.00,,
114.608867225,804945,,rFF44,51885688,100.00,,
114.608867225,757623016,,instructions,51885688,100.00,4.03,insn per cycle
114.608867225,187949057,,cycles,51893798,100.00,,
114.709045331,32544,,rD044,51614501,100.00,,
114.709045331,799315,,rFF44,51614501,100.00,,
114.709045331,759934124,,instructions,51614501,100.00,4.07,insn per cycle
114.709045331,186887685,,cycles,51606391,100.00,,
114.809233017,32681,,rD044,51502746,100.00,,
114.809233017,810447,,rFF44,51502746,100.00,,
114.809233017,760244475,,instructions,51502746,100.00,4.08,insn per cycle
114.809233017,186416691,,cycles,51502746,100.00,,
114.909414234,32219,,rD044,51892917,100.00,,
114.909414234,780894,,rFF44,51899297,100.00,,
114.909414234,768892526,,instructions,51904557,100.00,4.09,insn per cycle
114.909414234,188028139,,cycles,51910077,100.00,,
115.009605450,32706,,rD044,51128933,100.00,,
115.009605450,819124,,rFF44,51122553,100.00,,
115.009605450,749603781,,instructions,51117293,100.00,4.05,insn per cycle
115.009605450,185137607,,cycles,51111773,100.00,,
115.109782256,32394,,rD044,51451206,100.00,,
115.109782256,800846,,rFF44,51451206,100.00,,
115.109782256,761829794,,instructions,51451206,100.00,4.09,insn per cycle
115.109782256,186386003,,cycles,51451206,100.00,,
115.209953513,2095,,rD044,51348186,100.00,,
115.209953513,768610,,rFF44,51348186,100.00,,
115.209953513,757463271,,instructions,51348186,100.00,4.08,insn per cycle
115.209953513,185836527,,cycles,51348186,100.00,,
115.310128879,32615,,rD044,51713289,100.00,,
115.310128879,796440,,rFF44,51719059,100.00,,
115.310128879,762046402,,instructions,51724309,100.00,4.07,insn per cycle
115.310128879,187286546,,cycles,51729289,100.00,,
115.410316625,32656,,rD044,52425959,100.00,,
115.410316625,795678,,rFF44,52425699,100.00,,
115.410316625,773791683,,instructions,52425659,100.00,4.07,insn per cycle
115.410316625,190071488,,cycles,52425289,100.00,,
115.510504572,32411,,rD044,52260290,100.00,,
115.510504572,815860,,rFF44,52260510,100.00,,
115.510504572,782057073,,instructions,52260550,100.00,4.13,insn per cycle
115.510504572,189426290,,cycles,52260760,100.00,,
115.610692598,32396,,rD044,50934578,100.00,,
115.610692598,758192,,rFF44,50934398,100.00,,
115.610692598,754192673,,instructions,50933788,100.00,4.09,insn per cycle
115.610692598,184453796,,cycles,50933098,100.00,,
115.710877245,32537,,rD044,52327956,100.00,,
115.710877245,799531,,rFF44,52327916,100.00,,
115.710877245,772252163,,instructions,52327966,100.00,4.07,insn per cycle
115.710877245,189733249,,cycles,52328626,100.00,,
115.811064911,32457,,rD044,51017046,100.00,,
115.811064911,800844,,rFF44,51019056,100.00,,
115.811064911,766763976,,instructions,51017996,100.00,4.15,insn per cycle
115.811064911,184620550,,cycles,51013206,100.00,,
115.911268988,32374,,rD044,50438597,100.00,,
115.911268988,809763,,rFF44,50431077,100.00,,
115.911268988,763929837,,instructions,50427447,100.00,4.19,insn per cycle
115.911268988,182300031,,cycles,50427447,100.00,,
116.011444774,1829,,rD044,51026645,100.00,,
116.011444774,784650,,rFF44,51031805,100.00,,
116.011444774,778652724,,instructions,51036615,100.00,4.22,insn per cycle
116.011444774,184632597,,cycles,51040885,100.00,,
116.111634470,32832,,rD044,52062463,100.00,,
116.111634470,808200,,rFF44,52062413,100.00,,
116.111634470,773426312,,instructions,52062593,100.00,4.10,insn per cycle
116.111634470,188725553,,cycles,52063003,100.00,,
116.211818157,32437,,rD044,52098288,100.00,,
116.211818157,807033,,rFF44,52093178,100.00,,
116.211818157,782363656,,instructions,52088188,100.00,4.14,insn per cycle
116.211818157,188803420,,cycles,52083508,100.00,,
116.311993443,32319,,rD044,51218194,100.00,,
116.311993443,805913,,rFF44,51223644,100.00,,
116.311993443,762132627,,instructions,51228804,100.00,4.11,insn per cycle
116.311993443,185383855,,cycles,51228804,100.00,,
116.412177699,32215,,rD044,51619077,100.00,,
116.412177699,770204,,rFF44,51613627,100.00,,
116.412177699,759883654,,instructions,51608467,100.00,4.07,insn per cycle
116.412177699,186886578,,cycles,51608467,100.00,,
116.512353506,32827,,rD044,51433979,100.00,,
116.512353506,814253,,rFF44,51433979,100.00,,
116.512353506,759441455,,instructions,51433979,100.00,4.08,insn per cycle
116.512353506,186173426,,cycles,51433979,100.00,,
116.612527022,32190,,rD044,51698922,100.00,,
116.612527022,801189,,rFF44,51704332,100.00,,
116.612527022,762507275,,instructions,51709672,100.00,4.07,insn per cycle
116.612527022,187343482,,cycles,51715352,100.00,,
116.712711308,32590,,rD044,52370808,100.00,,
116.712711308,803747,,rFF44,52371278,100.00,,
116.712711308,776464471,,instructions,52370918,100.00,4.09,insn per cycle
116.712711308,189874264,,cycles,52370638,100.00,,
116.812900944,1882,,rD044,51841251,100.00,,
116.812900944,758063,,rFF44,51840931,100.00,,
116.812900944,767316671,,instructions,51841321,100.00,4.08,insn per cycle
116.812900944,187879723,,cycles,51840561,100.00,,
116.913089751,32671,,rD044,52519231,100.00,,
116.913089751,803115,,rFF44,52532531,100.00,,
116.913089751,778409527,,instructions,52531791,100.00,4.09,insn per cycle
116.913089751,190494376,,cycles,52531701,100.00,,
117.013291337,33017,,rD044,52362963,100.00,,
117.013291337,798168,,rFF44,52349853,100.00,,
117.013291337,768088725,,instructions,52350743,100.00,4.05,insn per cycle
117.013291337,189801592,,cycles,52350473,100.00,,
117.113479504,32753,,rD044,51486119,100.00,,
117.113479504,774671,,rFF44,51480369,100.00,,
117.113479504,759121423,,instructions,51474849,100.00,4.07,insn per cycle
117.113479504,186418118,,cycles,51470569,100.00,,
117.213647450,32563,,rD044,51169332,100.00,,
117.213647450,812335,,rFF44,51169332,100.00,,
117.213647450,760155035,,instructions,51169332,100.00,4.10,insn per cycle
117.213647450,185270252,,cycles,51169332,100.00,,
117.313820646,33064,,rD044,51077482,100.00,,
117.313820646,817357,,rFF44,51077482,100.00,,
117.313820646,755007997,,instructions,51077482,100.00,4.09,insn per cycle
117.313820646,184800204,,cycles,51077482,100.00,,
117.413994832,32638,,rD044,51257618,100.00,,
117.413994832,797968,,rFF44,51257618,100.00,,
117.413994832,762437409,,instructions,51257618,100.00,4.11,insn per cycle
117.413994832,185564844,,cycles,51257618,100.00,,
117.514168689,2017,,rD044,52327668,100.00,,
117.514168689,763239,,rFF44,52333418,100.00,,
117.514168689,780908654,,instructions,52338278,100.00,4.12,insn per cycle
117.514168689,189770984,,cycles,52342728,100.00,,
117.614359135,32706,,rD044,52511592,100.00,,
117.614359135,801701,,rFF44,52511732,100.00,,
117.614359135,796508150,,instructions,52512192,100.00,4.18,insn per cycle
117.614359135,190419860,,cycles,52513662,100.00,,
117.714543612,32770,,rD044,50752844,100.00,,
117.714543612,809668,,rFF44,50746954,100.00,,
117.714543612,767116034,,instructions,50741634,100.00,4.18,insn per cycle
117.714543612,183586489,,cycles,50735714,100.00,,
117.814716298,32811,,rD044,50759316,100.00,,
117.814716298,813218,,rFF44,50759316,100.00,,
117.814716298,757129232,,instructions,50759316,100.00,4.12,insn per cycle
117.814716298,183570456,,cycles,50759316,100.00,,
117.914890364,32603,,rD044,50562981,100.00,,
117.914890364,758937,,rFF44,50562981,100.00,,
117.914890364,756395557,,instructions,50562981,100.00,4.13,insn per cycle
117.914890364,183038665,,cycles,50562981,100.00,,
118.015064750,32466,,rD044,51410862,100.00,,
118.015064750,800704,,rFF44,51416202,100.00,,
118.015064750,767490295,,instructions,51421212,100.00,4.12,insn per cycle
118.015064750,186156743,,cycles,51425502,100.00,,
118.115268227,32316,,rD044,52350621,100.00,,
118.115268227,786581,,rFF44,52350811,100.00,,
118.115268227,785710901,,instructions,52350521,100.00,4.14,insn per cycle
118.115268227,189812232,,cycles,52350651,100.00,,
118.215449213,32442,,rD044,52148788,100.00,,
118.215449213,793467,,rFF44,52148548,100.00,,
118.215449213,782391673,,instructions,52148658,100.00,4.14,insn per cycle
118.215449213,189031477,,cycles,52149048,100.00,,
118.315640070,2035,,rD044,51175030,100.00,,
118.315640070,773889,,rFF44,51174980,100.00,,
118.315640070,771605937,,instructions,51175760,100.00,4.17,insn per cycle
118.315640070,185199618,,cycles,51170950,100.00,,
118.415827756,33066,,rD044,50934246,100.00,,
118.415827756,825536,,rFF44,50929006,100.00,,
118.415827756,762335907,,instructions,50923396,100.00,4.14,insn per cycle
118.415827756,184259974,,cycles,50923396,100.00,,
118.516002522,32472,,rD044,50916113,100.00,,
118.516002522,808785,,rFF44,50921673,100.00,,
118.516002522,757799300,,instructions,50926773,100.00,4.11,insn per cycle
118.516002522,184206577,,cycles,50931783,100.00,,
118.616197269,32800,,rD044,52219504,100.00,,
118.616197269,792735,,rFF44,52219854,100.00,,
118.616197269,777765897,,instructions,52219614,100.00,4.11,insn per cycle
118.616197269,189300093,,cycles,52219984,100.00,,
118.716379835,32235,,rD044,52484113,100.00,,
118.716379835,767941,,rFF44,52483703,100.00,,
118.716379835,786512072,,instructions,52483623,100.00,4.13,insn per cycle
118.716379835,190304517,,cycles,52482733,100.00,,
118.816568201,32445,,rD044,52205207,100.00,,
118.816568201,795813,,rFF44,52199707,100.00,,
118.816568201,775096387,,instructions,52194927,100.00,4.10,insn per cycle
118.816568201,189168822,,cycles,52190437,100.00,,
118.916743938,32888,,rD044,51431607,100.00,,
118.916743938,813252,,rFF44,51431607,100.00,,
118.916743938,758820253,,instructions,51431607,100.00,4.08,insn per cycle
118.916743938,186162016,,cycles,51431607,100.00,,
119.016918994,32572,,rD044,51224901,100.00,,
119.016918994,810714,,rFF44,51224901,100.00,,
119.016918994,758405217,,instructions,51224901,100.00,4.09,insn per cycle
119.016918994,185380748,,cycles,51224901,100.00,,
119.117093350,1863,,rD044,50895436,100.00,,
119.117093350,766757,,rFF44,50895436,100.00,,
119.117093350,756014048,,instructions,50895436,100.00,4.11,insn per cycle
119.117093350,184135030,,cycles,50895436,100.00,,
119.217276456,32836,,rD044,52355500,100.00,,
119.217276456,804007,,rFF44,52360590,100.00,,
119.217276456,790298040,,instructions,52365120,100.00,4.16,insn per cycle
119.217276456,189839681,,cycles,52369830,100.00,,
119.317464613,32446,,rD044,52441108,100.00,,
119.317464613,795826,,rFF44,52441798,100.00,,
119.317464613,790238629,,instructions,52442578,100.00,4.16,insn per cycle
119.317464613,190147897,,cycles,52442658,100.00,,
119.417654459,32983,,rD044,51863140,100.00,,
119.417654459,801580,,rFF44,51857360,100.00,,
119.417654459,769151195,,instructions,51852050,100.00,4.09,insn per cycle
119.417654459,187888167,,cycles,51847260,100.00,,
119.517829045,32199,,rD044,51034091,100.00,,
119.517829045,781165,,rFF44,51041951,100.00,,
119.517829045,760880301,,instructions,51046731,100.00,4.12,insn per cycle
119.517829045,184696967,,cycles,51049661,100.00,,
119.618021912,32585,,rD044,51320514,100.00,,
119.618021912,817706,,rFF44,51312654,100.00,,
119.618021912,761734689,,instructions,51307874,100.00,4.10,insn per cycle
119.618021912,185707062,,cycles,51304944,100.00,,
119.718187128,32408,,rD044,51586404,100.00,,
119.718187128,795075,,rFF44,51586404,100.00,,
119.718187128,760066727,,instructions,51586404,100.00,4.07,insn per cycle
119.718187128,186856923,,cycles,51586404,100.00,,
119.818362584,32557,,rD044,51848489,100.00,,
119.818362584,804308,,rFF44,51853979,100.00,,
119.818362584,761662872,,instructions,51858509,100.00,4.05,insn per cycle
119.818362584,187863660,,cycles,51862569,100.00,,
119.918548641,1878,,rD044,52482537,100.00,,
119.918548641,760772,,rFF44,52483267,100.00,,
119.918548641,776551804,,instructions,52483527,100.00,4.08,insn per cycle
119.918548641,190327201,,cycles,52483617,100.00,,
120.018738217,32527,,rD044,52447984,100.00,,
120.018738217,804608,,rFF44,52448044,100.00,,
120.018738217,771458515,,instructions,52448204,100.00,4.06,insn per cycle
120.018738217,190143308,,cycles,52448274,100.00,,
120.118925373,32781,,rD044,52505865,100.00,,
120.118925373,811943,,rFF44,52505245,100.00,,
120.118925373,778589679,,instructions,52505005,100.00,4.09,insn per cycle
120.118925373,190399562,,cycles,52505985,100.00,,
120.219116450,32256,,rD044,51109977,100.00,,
120.219116450,763325,,rFF44,51110087,100.00,,
120.219116450,752486352,,instructions,51109967,100.00,4.07,insn per cycle
120.219116450,185096703,,cycles,51109197,100.00,,
120.319303236,32632,,rD044,52768923,100.00,,
120.319303236,800120,,rFF44,52769093,100.00,,
120.319303236,781265509,,instructions,52769373,100.00,4.08,insn per cycle
120.319303236,191378553,,cycles,52769453,100.00,,
120.419493313,32658,,rD044,51756580,100.00,,
120.419493313,805332,,rFF44,51750640,100.00,,
120.419493313,762620795,,instructions,51745770,100.00,4.07,insn per cycle
120.419493313,187428843,,cycles,51741260,100.00,,
120.519667409,32842,,rD044,51894578,100.00,,
120.519667409,804503,,rFF44,51897168,100.00,,
120.519667409,754922338,,instructions,51897168,100.00,4.02,insn per cycle
120.519667409,187951883,,cycles,51897168,100.00,,
120.619851245,1908,,rD044,51449034,100.00,,
120.619851245,779808,,rFF44,51446444,100.00,,
120.619851245,757614084,,instructions,51446444,100.00,4.07,insn per cycle
120.619851245,186206883,,cycles,51446444,100.00,,
120.720025262,32618,,rD044,51544893,100.00,,
120.720025262,815516,,rFF44,51544893,100.00,,
120.720025262,758745066,,instructions,51544893,100.00,4.07,insn per cycle
120.720025262,186602629,,cycles,51544893,100.00,,
120.820198358,32663,,rD044,52454354,100.00,,
120.820198358,807669,,rFF44,52460344,100.00,,
120.820198358,771393247,,instructions,52465864,100.00,4.05,insn per cycle
120.820198358,190241777,,cycles,52470744,100.00,,
120.920387704,32692,,rD044,52389602,100.00,,
120.920387704,798452,,rFF44,52388952,100.00,,
120.920387704,768823536,,instructions,52388692,100.00,4.05,insn per cycle
120.920387704,189940429,,cycles,52387892,100.00,,
121.020577000,32188,,rD044,52598448,100.00,,
121.020577000,773314,,rFF44,52599308,100.00,,
121.020577000,778880749,,instructions,52598968,100.00,4.08,insn per cycle
121.020577000,190687031,,cycles,52599178,100.00,,
121.120767027,32916,,rD044,52715791,100.00,,
121.120767027,802630,,rFF44,52715001,100.00,,
121.120767027,773482139,,instructions,52715011,100.00,4.05,insn per cycle
121.120767027,191151243,,cycles,52714591,100.00,,
121.220957133,32688,,rD044,51713695,100.00,,
121.220957133,808011,,rFF44,51708285,100.00,,
121.220957133,760650141,,instructions,51703355,100.00,4.06,insn per cycle
121.220957133,187339108,,cycles,51699485,100.00,,
121.321135000,32575,,rD044,51510064,100.00,,
121.321135000,809607,,rFF44,51510064,100.00,,
121.321135000,758245577,,instructions,51510064,100.00,4.06,insn per cycle
121.321135000,186538027,,cycles,51510064,100.00,,
121.421309216,2256,,rD044,51502706,100.00,,
121.421309216,770649,,rFF44,51502706,100.00,,
121.421309216,760961024,,instructions,51502706,100.00,4.08,insn per cycle
121.421309216,186505550,,cycles,51502706,100.00,,
121.521483692,32461,,rD044,51864205,100.00,,
121.521483692,809147,,rFF44,51864205,100.00,,
121.521483692,761527763,,instructions,51864205,100.00,4.05,insn per cycle
121.521483692,187868160,,cycles,51864205,100.00,,
121.621656608,32550,,rD044,51498592,100.00,,
121.621656608,807910,,rFF44,51498592,100.00,,
121.621656608,761855671,,instructions,51498592,100.00,4.09,insn per cycle
121.621656608,186474946,,cycles,51498592,100.00,,
121.721830805,32225,,rD044,52107830,100.00,,
121.721830805,773114,,rFF44,52113300,100.00,,
121.721830805,766790902,,instructions,52117960,100.00,4.06,insn per cycle
121.721830805,188897231,,cycles,52122700,100.00,,
121.822018651,32637,,rD044,52404784,100.00,,
121.822018651,808214,,rFF44,52405014,100.00,,
121.822018651,772834575,,instructions,52404924,100.00,4.07,insn per cycle
121.822018651,190030135,,cycles,52405004,100.00,,
121.922205387,32736,,rD044,52493542,100.00,,
121.922205387,816612,,rFF44,52493122,100.00,,
121.922205387,772461900,,instructions,52493332,100.00,4.06,insn per cycle
121.922205387,190329243,,cycles,52494063,100.00,,
122.022395424,32472,,rD044,52307440,100.00,,
122.022395424,794495,,rFF44,52307750,100.00,,
122.022395424,771746832,,instructions,52307870,100.00,4.07,insn per cycle
122.022395424,189691407,,cycles,52307129,100.00,,
122.122584720,2184,,rD044,51601194,100.00,,
122.122584720,764516,,rFF44,51595604,100.00,,
122.122584720,762959739,,instructions,51590704,100.00,4.08,insn per cycle
122.122584720,186903665,,cycles,51585894,100.00,,
122.222759456,32471,,rD044,51678883,100.00,,
122.222759456,798973,,rFF44,51678883,100.00,,
122.222759456,761965235,,instructions,51678883,100.00,4.07,insn per cycle
122.222759456,187215476,,cycles,51678883,100.00,,
122.322934973,32904,,rD044,51847176,100.00,,
122.322934973,811400,,rFF44,51847176,100.00,,
122.322934973,761980844,,instructions,51847176,100.00,4.06,insn per cycle
122.322934973,187832744,,cycles,51847176,100.00,,
122.423112489,32558,,rD044,51790499,100.00,,
122.423112489,813520,,rFF44,51790499,100.00,,
122.423112489,757137772,,instructions,51790499,100.00,4.04,insn per cycle
122.423112489,187555172,,cycles,51790499,100.00,,
122.523287325,32705,,rD044,51043637,100.00,,
122.523287325,771954,,rFF44,51043637,100.00,,
122.523287325,755360204,,instructions,51043637,100.00,4.09,insn per cycle
122.523287325,184857271,,cycles,51043637,100.00,,
122.623469401,32738,,rD044,52069460,100.00,,
122.623469401,806315,,rFF44,52069460,100.00,,
122.623469401,756538977,,instructions,52069460,100.00,4.01,insn per cycle
122.623469401,188671855,,cycles,52069460,100.00,,
122.723642978,33079,,rD044,51698214,100.00,,
122.723642978,807571,,rFF44,51703214,100.00,,
122.723642978,762923622,,instructions,51708234,100.00,4.07,insn per cycle
122.723642978,187278759,,cycles,51712224,100.00,,
122.823830344,21173,,rD044,52705840,100.00,,
122.823830344,796139,,rFF44,52706630,100.00,,
122.823830344,781580641,,instructions,52706850,100.00,4.09,insn per cycle
122.823830344,191127290,,cycles,52707000,100.00,,
122.924018840,13581,,rD044,52305188,100.00,,
122.924018840,783702,,rFF44,52305758,100.00,,
122.924018840,774456593,,instructions,52305348,100.00,4.08,insn per cycle
122.924018840,189636854,,cycles,52305518,100.00,,
123.024207546,32563,,rD044,52135685,100.00,,
123.024207546,808910,,rFF44,52134375,100.00,,
123.024207546,770500239,,instructions,52134165,100.00,4.08,insn per cycle
123.024207546,188977686,,cycles,52134255,100.00,,
123.124395563,32306,,rD044,52161007,100.00,,
123.124395563,799557,,rFF44,52155957,100.00,,
123.124395563,762931575,,instructions,52151337,100.00,4.04,insn per cycle
123.124395563,189006147,,cycles,52146937,100.00,,
123.224571730,32555,,rD044,51418935,100.00,,
123.224571730,762771,,rFF44,51418935,100.00,,
123.224571730,758374434,,instructions,51418935,100.00,4.07,insn per cycle
123.224571730,186209515,,cycles,51418935,100.00,,
123.324745816,32275,,rD044,51488519,100.00,,
123.324745816,792709,,rFF44,51488519,100.00,,
123.324745816,756315740,,instructions,51488519,100.00,4.06,insn per cycle
123.324745816,186448494,,cycles,51488519,100.00,,
123.424919223,32479,,rD044,51517330,100.00,,
123.424919223,804596,,rFF44,51517330,100.00,,
123.424919223,760768443,,instructions,51517330,100.00,4.08,insn per cycle
123.424919223,186523410,,cycles,51517330,100.00,,
123.525094829,32699,,rD044,51238513,100.00,,
123.525094829,817635,,rFF44,51244473,100.00,,
123.525094829,756010748,,instructions,51249303,100.00,4.08,insn per cycle
123.525094829,185506321,,cycles,51253893,100.00,,
123.625297416,2108,,rD044,52575965,100.00,,
123.625297416,781632,,rFF44,52575635,100.00,,
123.625297416,789539164,,instructions,52575555,100.00,4.14,insn per cycle
123.625297416,190649200,,cycles,52576195,100.00,,
123.725486823,32395,,rD044,52327807,100.00,,
123.725486823,799652,,rFF44,52327697,100.00,,
123.725486823,773463661,,instructions,52328007,100.00,4.08,insn per cycle
123.725486823,189737632,,cycles,52327027,100.00,,
123.825675719,32649,,rD044,52685114,100.00,,
123.825675719,801531,,rFF44,52685564,100.00,,
123.825675719,776034742,,instructions,52684994,100.00,4.06,insn per cycle
123.825675719,191081349,,cycles,52686944,100.00,,
123.925866797,32279,,rD044,51672317,100.00,,
123.925866797,790336,,rFF44,51666347,100.00,,
123.925866797,753709359,,instructions,51661857,100.00,4.03,insn per cycle
123.925866797,187164396,,cycles,51655657,100.00,,
124.026040353,32589,,rD044,51720386,100.00,,
124.026040353,772746,,rFF44,51720386,100.00,,
124.026040353,758213866,,instructions,51720386,100.00,4.05,insn per cycle
124.026040353,187346922,,cycles,51720386,100.00,,
124.126226650,32383,,rD044,51203660,100.00,,
124.126226650,812900,,rFF44,51203660,100.00,,
124.126226650,752214834,,instructions,51203660,100.00,4.06,insn per cycle
124.126226650,185319189,,cycles,51203660,100.00,,
124.226399426,32413,,rD044,51899494,100.00,,
124.226399426,809634,,rFF44,51899494,100.00,,
124.226399426,762733191,,instructions,51899494,100.00,4.06,insn per cycle
124.226399426,188051449,,cycles,51899494,100.00,,
124.326575503,2140,,rD044,51623312,100.00,,
124.326575503,766452,,rFF44,51623312,100.00,,
124.326575503,760531585,,instructions,51623312,100.00,4.07,insn per cycle
124.326575503,186960390,,cycles,51623312,100.00,,
124.426758019,32146,,rD044,51795334,100.00,,
124.426758019,793448,,rFF44,51795334,100.00,,
124.426758019,760257121,,instructions,51795334,100.00,4.05,insn per cycle
124.426758019,187642587,,cycles,51795334,100.00,,
124.526932486,32442,,rD044,52366818,100.00,,
124.526932486,797332,,rFF44,52371818,100.00,,
124.526932486,771868651,,instructions,52376408,100.00,4.06,insn per cycle
124.526932486,189914193,,cycles,52380858,100.00,,
124.627119854,32591,,rD044,52402724,100.00,,
124.627119854,801865,,rFF44,52403084,100.00,,
124.627119854,777380242,,instructions,52403354,100.00,4.09,insn per cycle
124.627119854,190013953,,cycles,52402944,100.00,,
124.727307020,32584,,rD044,52352515,100.00,,
124.727307020,809998,,rFF44,52352805,100.00,,
124.727307020,777388280,,instructions,52354175,100.00,4.10,insn per cycle
124.727307020,189798221,,cycles,52354805,100.00,,
124.827496027,32717,,rD044,50744824,100.00,,
124.827496027,763603,,rFF44,50744794,100.00,,
124.827496027,748120830,,instructions,50743204,100.00,4.07,insn per cycle
124.827496027,183763387,,cycles,50743644,100.00,,
124.927683123,32529,,rD044,52455039,100.00,,
124.927683123,800829,,rFF44,52455579,100.00,,
124.927683123,774330674,,instructions,52455589,100.00,4.07,insn per cycle
124.927683123,190223423,,cycles,52455099,100.00,,
125.027871960,32715,,rD044,52426700,100.00,,
125.027871960,803917,,rFF44,52426390,100.00,,
125.027871960,778408299,,instructions,52426560,100.00,4.10,insn per cycle
125.027871960,190046450,,cycles,52426730,100.00,,
125.128059857,1946,,rD044,51325221,100.00,,
125.128059857,766269,,rFF44,51319371,100.00,,
125.128059857,762363357,,instructions,51314551,100.00,4.10,insn per cycle
125.128059857,185808177,,cycles,51309761,100.00,,
125.228247573,32656,,rD044,49348087,100.00,,
125.228247573,820399,,rFF44,49353957,100.00,,
125.228247573,715821692,,instructions,49359897,100.00,4.02,insn per cycle
125.228247573,178249254,,cycles,49363957,100.00,,
125.328439010,32488,,rD044,51652545,100.00,,
125.328439010,822560,,rFF44,51652335,100.00,,
125.328439010,758191243,,instructions,51650895,100.00,4.05,insn per cycle
125.328439010,187203902,,cycles,51650855,100.00,,
125.428627327,32312,,rD044,52215638,100.00,,
125.428627327,799986,,rFF44,52215358,100.00,,
125.428627327,772988191,,instructions,52215588,100.00,4.08,insn per cycle
125.428627327,189324265,,cycles,52216088,100.00,,
125.528815723,32357,,rD044,52543602,100.00,,
125.528815723,761275,,rFF44,52543612,100.00,,
125.528815723,779025424,,instructions,52543652,100.00,4.09,insn per cycle
125.528815723,190534717,,cycles,52543572,100.00,,
125.629002830,32275,,rD044,51490555,100.00,,
125.629002830,790234,,rFF44,51485165,100.00,,
125.629002830,759487637,,instructions,51480395,100.00,4.07,insn per cycle
125.629002830,186463241,,cycles,51475955,100.00,,
125.729177537,32762,,rD044,51795585,100.00,,
125.729177537,803105,,rFF44,51795585,100.00,,
125.729177537,756646277,,instructions,51795585,100.00,4.03,insn per cycle
125.729177537,187596357,,cycles,51795585,100.00,,
125.829355824,2016,,rD044,51353119,100.00,,
125.829355824,780352,,rFF44,51353119,100.00,,
125.829355824,757581325,,instructions,51353119,100.00,4.08,insn per cycle
125.829355824,185885979,,cycles,51353119,100.00,,
125.929534790,32521,,rD044,51729122,100.00,,
125.929534790,814070,,rFF44,51734542,100.00,,
125.929534790,756822017,,instructions,51739662,100.00,4.04,insn per cycle
125.929534790,187373829,,cycles,51739662,100.00,,
126.029720646,32802,,rD044,52274464,100.00,,
126.029720646,808083,,rFF44,52274674,100.00,,
126.029720646,763690026,,instructions,52274704,100.00,4.03,insn per cycle
126.029720646,189442409,,cycles,52279404,100.00,,
126.129909243,32968,,rD044,52542657,100.00,,
126.129909243,798245,,rFF44,52542727,100.00,,
126.129909243,775189960,,instructions,52542267,100.00,4.07,insn per cycle
126.129909243,190559614,,cycles,52541417,100.00,,
126.230094539,32962,,rD044,52563187,100.00,,
126.230094539,770017,,rFF44,52563217,100.00,,
126.230094539,778584880,,instructions,52563097,100.00,4.08,insn per cycle
126.230094539,190597489,,cycles,52563327,100.00,,
126.330294996,32332,,rD044,52159074,100.00,,
126.330294996,795538,,rFF44,52153344,100.00,,
126.330294996,766575235,,instructions,52148774,100.00,4.05,insn per cycle
126.330294996,189044841,,cycles,52144694,100.00,,
126.430468902,32478,,rD044,51255389,100.00,,
126.430468902,812401,,rFF44,51255389,100.00,,
126.430468902,753578550,,instructions,51255389,100.00,4.06,insn per cycle
126.430468902,185580332,,cycles,51255389,100.00,,
126.530641248,32480,,rD044,51588764,100.00,,
126.530641248,810496,,rFF44,51588764,100.00,,
126.530641248,757306967,,instructions,51588764,100.00,4.05,insn per cycle
126.530641248,186785777,,cycles,51588764,100.00,,
126.630819015,1983,,rD044,51322340,100.00,,
126.630819015,767133,,rFF44,51322340,100.00,,
126.630819015,753921157,,instructions,51322340,100.00,4.06,insn per cycle
126.630819015,185808210,,cycles,51322340,100.00,,
126.730993241,32953,,rD044,51533274,100.00,,
126.730993241,807156,,rFF44,51539075,100.00,,
126.730993241,762125031,,instructions,51544365,100.00,4.08,insn per cycle
126.730993241,186637756,,cycles,51548395,100.00,,
126.831180007,32838,,rD044,52272719,100.00,,
126.831180007,791678,,rFF44,52272448,100.00,,
126.831180007,777304041,,instructions,52272408,100.00,4.10,insn per cycle
126.831180007,189489219,,cycles,52272758,100.00,,
126.931368454,32504,,rD044,52335345,100.00,,
126.931368454,799585,,rFF44,52335305,100.00,,
126.931368454,784158208,,instructions,52335265,100.00,4.13,insn per cycle
126.931368454,189737266,,cycles,52335155,100.00,,
127.031556420,32254,,rD044,51675835,100.00,,
127.031556420,778077,,rFF44,51678435,100.00,,
127.031556420,774726452,,instructions,51676915,100.00,4.14,insn per cycle
127.031556420,187223989,,cycles,51672645,100.00,,
127.131744057,32357,,rD044,51019400,100.00,,
127.131744057,806389,,rFF44,51011310,100.00,,
127.131744057,759892579,,instructions,51007620,100.00,4.12,insn per cycle
127.131744057,184585491,,cycles,51007620,100.00,,
127.231918713,32770,,rD044,51277484,100.00,,
127.231918713,808921,,rFF44,51277484,100.00,,
127.231918713,755360983,,instructions,51277484,100.00,4.07,insn per cycle
127.231918713,185558413,,cycles,51277484,100.00,,
127.332091489,1908,,rD044,51368570,100.00,,
127.332091489,770212,,rFF44,51387910,100.00,,
127.332091489,770592642,,instructions,51392900,100.00,4.14,insn per cycle
127.332091489,186079235,,cycles,51397090,100.00,,
127.432292966,32657,,rD044,52150324,100.00,,
127.432292966,803210,,rFF44,52136484,100.00,,
127.432292966,781646823,,instructions,52137194,100.00,4.14,insn per cycle
127.432292966,189026086,,cycles,52137794,100.00,,
127.532483162,32444,,rD044,51376130,100.00,,
127.532483162,796777,,rFF44,51376560,100.00,,
127.532483162,765421869,,instructions,51376150,100.00,4.11,insn per cycle
127.532483162,186153017,,cycles,51375680,100.00,,
127.632674109,32654,,rD044,52248066,100.00,,
127.632674109,810497,,rFF44,52242136,100.00,,
127.632674109,775451085,,instructions,52236846,100.00,4.09,insn per cycle
127.632674109,189404440,,cycles,52232526,100.00,,
127.732847965,32556,,rD044,50936389,100.00,,
127.732847965,774340,,rFF44,50936389,100.00,,
127.732847965,754212895,,instructions,50936389,100.00,4.09,insn per cycle
127.732847965,184325298,,cycles,50936389,100.00,,
127.833022892,32688,,rD044,50713708,100.00,,
127.833022892,818345,,rFF44,50713708,100.00,,
127.833022892,784943172,,instructions,50713708,100.00,4.28,insn per cycle
127.833022892,183424908,,cycles,50713708,100.00,,
127.933196978,32733,,rD044,51345129,100.00,,
127.933196978,815793,,rFF44,51350879,100.00,,
127.933196978,809048893,,instructions,51355899,100.00,4.35,insn per cycle
127.933196978,185930221,,cycles,51360189,100.00,,
128.033385635,32360,,rD044,52180402,100.00,,
128.033385635,805928,,rFF44,52179972,100.00,,
128.033385635,818741157,,instructions,52180222,100.00,4.33,insn per cycle
128.033385635,189175520,,cycles,52180272,100.00,,
128.133575621,32640,,rD044,50563126,100.00,,
128.133575621,815403,,rFF44,50563126,100.00,,
128.133575621,785020762,,instructions,50563306,100.00,4.29,insn per cycle
128.133575621,182863837,,cycles,50558966,100.00,,
128.233762958,32696,,rD044,50386424,100.00,,
128.233762958,820667,,rFF44,50383934,100.00,,
128.233762958,771869505,,instructions,50378484,100.00,4.24,insn per cycle
128.233762958,182151849,,cycles,50378484,100.00,,
128.333943374,2351,,rD044,52100065,100.00,,
128.333943374,783088,,rFF44,52102575,100.00,,
128.333943374,805376569,,instructions,52107535,100.00,4.27,insn per cycle
128.333943374,188807825,,cycles,52112835,100.00,,
128.434134901,32455,,rD044,51960754,100.00,,
128.434134901,800754,,rFF44,51955414,100.00,,
128.434134901,791131706,,instructions,51950454,100.00,4.20,insn per cycle
128.434134901,188299708,,cycles,51945154,100.00,,
128.534308507,32542,,rD044,49946650,100.00,,
128.534308507,817606,,rFF44,49946650,100.00,,
128.534308507,770090788,,instructions,49946650,100.00,4.27,insn per cycle
128.534308507,180387442,,cycles,49946650,100.00,,
128.634488554,32688,,rD044,51504296,100.00,,
128.634488554,819159,,rFF44,51509916,100.00,,
128.634488554,807973910,,instructions,51514776,100.00,4.33,insn per cycle
128.634488554,186513993,,cycles,51518867,100.00,,
128.734677241,32731,,rD044,51219700,100.00,,
128.734677241,833132,,rFF44,51214080,100.00,,
128.734677241,828033122,,instructions,51209220,100.00,4.47,insn per cycle
128.734677241,185377550,,cycles,51205129,100.00,,
128.834849477,32549,,rD044,49767306,100.00,,
128.834849477,847259,,rFF44,49772406,100.00,,
128.834849477,803033270,,instructions,49777657,100.00,4.47,insn per cycle
128.834849477,179715149,,cycles,49782297,100.00,,
128.935038493,32565,,rD044,51129138,100.00,,
128.935038493,824592,,rFF44,51124038,100.00,,
128.935038493,844350556,,instructions,51118787,100.00,4.56,insn per cycle
128.935038493,185041860,,cycles,51114147,100.00,,
129.035227430,32375,,rD044,49432938,100.00,,
129.035227430,826947,,rFF44,49438488,100.00,,
129.035227430,803739479,,instructions,49443498,100.00,4.50,insn per cycle
129.035227430,178454041,,cycles,49447928,100.00,,
129.135417226,32386,,rD044,51564934,100.00,,
129.135417226,812021,,rFF44,51559384,100.00,,
129.135417226,844359438,,instructions,51554374,100.00,4.52,insn per cycle
129.135417226,186728715,,cycles,51549944,100.00,,
129.235593903,32334,,rD044,48810033,100.00,,
129.235593903,797698,,rFF44,48815833,100.00,,
129.235593903,792130256,,instructions,48820513,100.00,4.50,insn per cycle
129.235593903,176013643,,cycles,48824823,100.00,,
129.335776389,32466,,rD044,51764931,100.00,,
129.335776389,829998,,rFF44,51759131,100.00,,
129.335776389,854993350,,instructions,51754451,100.00,4.56,insn per cycle
129.335776389,187495057,,cycles,51750141,100.00,,
129.435951556,32564,,rD044,48898470,100.00,,
129.435951556,836145,,rFF44,48898470,100.00,,
129.435951556,788745898,,instructions,48898470,100.00,4.47,insn per cycle
129.435951556,176298128,,cycles,48898470,100.00,,
129.536128712,32754,,rD044,52018004,100.00,,
129.536128712,817865,,rFF44,52018004,100.00,,
129.536128712,858477235,,instructions,52018004,100.00,4.55,insn per cycle
129.536128712,188503120,,cycles,52018004,100.00,,
129.636308869,32633,,rD044,48837311,100.00,,
129.636308869,830362,,rFF44,48837311,100.00,,
129.636308869,788730875,,instructions,48837311,100.00,4.48,insn per cycle
129.636308869,176061976,,cycles,48837311,100.00,,
129.736484135,32592,,rD044,51654913,100.00,,
129.736484135,816510,,rFF44,51660043,100.00,,
129.736484135,849997806,,instructions,51664723,100.00,4.54,insn per cycle
129.736484135,187192504,,cycles,51670113,100.00,,
129.836671072,32709,,rD044,48771870,100.00,,
129.836671072,840861,,rFF44,48766740,100.00,,
129.836671072,784537685,,instructions,48762060,100.00,4.46,insn per cycle
129.836671072,175787903,,cycles,48756670,100.00,,
129.936844638,32600,,rD044,51868929,100.00,,
129.936844638,837833,,rFF44,51868929,100.00,,
129.936844638,847417642,,instructions,51868929,100.00,4.51,insn per cycle
129.936844638,187831888,,cycles,51868929,100.00,,
130.037018654,32446,,rD044,48302875,100.00,,
130.037018654,827352,,rFF44,48302875,100.00,,
130.037018654,778363324,,instructions,48302875,100.00,4.47,insn per cycle
130.037018654,174025427,,cycles,48302875,100.00,,
130.137191821,32909,,rD044,51679499,100.00,,
130.137191821,822903,,rFF44,51679499,100.00,,
130.137191821,847347101,,instructions,51679499,100.00,4.53,insn per cycle
130.137191821,187232792,,cycles,51688049,100.00,,
130.237373097,32698,,rD044,48925708,100.00,,
130.237373097,829025,,rFF44,48931798,100.00,,
130.237373097,788707733,,instructions,48936958,100.00,4.47,insn per cycle
130.237373097,176472002,,cycles,48933538,100.00,,
130.337560093,32904,,rD044,48005489,100.00,,
130.337560093,860127,,rFF44,47999399,100.00,,
130.337560093,769322073,,instructions,47994239,100.00,4.45,insn per cycle
130.337560093,172927659,,cycles,47989109,100.00,,
130.437742100,33300,,rD044,51132038,100.00,,
130.437742100,870301,,rFF44,51137178,100.00,,
130.437742100,834565742,,instructions,51142198,100.00,4.51,insn per cycle
130.437742100,185177256,,cycles,51147258,100.00,,
130.537930896,2212,,rD044,48714115,100.00,,
130.537930896,820105,,rFF44,48708975,100.00,,
130.537930896,787334016,,instructions,48703955,100.00,4.48,insn per cycle
130.537930896,175615193,,cycles,48698895,100.00,,
130.638111033,32594,,rD044,51928081,100.00,,
130.638111033,827835,,rFF44,51934271,100.00,,
130.638111033,803588554,,instructions,51939941,100.00,4.27,insn per cycle
130.638111033,188170882,,cycles,51944521,100.00,,
130.738299589,32880,,rD044,49660518,100.00,,
130.738299589,836049,,rFF44,49654328,100.00,,
130.738299589,771764114,,instructions,49648658,100.00,4.30,insn per cycle
130.738299589,179293569,,cycles,49644078,100.00,,
130.838469975,32510,,rD044,51023562,100.00,,
130.838469975,831012,,rFF44,51028982,100.00,,
130.838469975,774045789,,instructions,51033732,100.00,4.19,insn per cycle
130.838469975,184637594,,cycles,51038152,100.00,,
130.938656452,32379,,rD044,51859684,100.00,,
130.938656452,799369,,rFF44,51854264,100.00,,
130.938656452,792715705,,instructions,51849514,100.00,4.22,insn per cycle
130.938656452,187888888,,cycles,51845094,100.00,,
131.038830998,32508,,rD044,50872226,100.00,,
131.038830998,830982,,rFF44,50872226,100.00,,
131.038830998,754683682,,instructions,50872226,100.00,4.10,insn per cycle
131.038830998,184031903,,cycles,50872226,100.00,,
131.139005174,32732,,rD044,50475688,100.00,,
131.139005174,832729,,rFF44,50481118,100.00,,
131.139005174,753820753,,instructions,50486428,100.00,4.13,insn per cycle
131.139005174,182506178,,cycles,50491468,100.00,,
131.239195821,2350,,rD044,52669310,100.00,,
131.239195821,792385,,rFF44,52669640,100.00,,
131.239195821,806987863,,instructions,52669360,100.00,4.22,insn per cycle
131.239195821,191023905,,cycles,52668490,100.00,,
131.339381257,32821,,rD044,49514954,100.00,,
131.339381257,829508,,rFF44,49509194,100.00,,
131.339381257,755523667,,instructions,49504164,100.00,4.23,insn per cycle
131.339381257,178748659,,cycles,49499994,100.00,,
131.439557353,33168,,rD044,51109786,100.00,,
131.439557353,838028,,rFF44,51115216,100.00,,
131.439557353,783043344,,instructions,51120556,100.00,4.23,insn per cycle
131.439557353,184999071,,cycles,51125286,100.00,,
131.539748760,32676,,rD044,50948684,100.00,,
131.539748760,833750,,rFF44,50943254,100.00,,
131.539748760,787758948,,instructions,50937914,100.00,4.27,insn per cycle
131.539748760,184420383,,cycles,50933184,100.00,,
131.639923416,32950,,rD044,49634685,100.00,,
131.639923416,803954,,rFF44,49634685,100.00,,
131.639923416,751704394,,instructions,49634685,100.00,4.19,insn per cycle
131.639923416,179240246,,cycles,49634685,100.00,,
131.740099072,32539,,rD044,51171156,100.00,,
131.740099072,810113,,rFF44,51176746,100.00,,
131.740099072,765787146,,instructions,51182326,100.00,4.13,insn per cycle
131.740099072,185266730,,cycles,51187606,100.00,,
131.840298949,33277,,rD044,52429641,100.00,,
131.840298949,815958,,rFF44,52430531,100.00,,
131.840298949,789755598,,instructions,52430541,100.00,4.15,insn per cycle
131.840298949,190119825,,cycles,52429591,100.00,,
131.940489596,2399,,rD044,51522064,100.00,,
131.940489596,786859,,rFF44,51515584,100.00,,
131.940489596,786229858,,instructions,51509994,100.00,4.21,insn per cycle
131.940489596,186579409,,cycles,51505664,100.00,,
132.040673422,32738,,rD044,50435533,100.00,,
132.040673422,834453,,rFF44,50441183,100.00,,
132.040673422,760123182,,instructions,50446793,100.00,4.17,insn per cycle
132.040673422,182378148,,cycles,50446793,100.00,,
132.140859679,32509,,rD044,51214607,100.00,,
132.140859679,844467,,rFF44,51214877,100.00,,
132.140859679,784850549,,instructions,51214007,100.00,4.23,insn per cycle
132.140859679,185382220,,cycles,51218097,100.00,,
132.241049516,32460,,rD044,51610193,100.00,,
132.241049516,784801,,rFF44,51604273,100.00,,
132.241049516,769552137,,instructions,51599533,100.00,4.12,insn per cycle
132.241049516,186903313,,cycles,51595443,100.00,,
132.341233152,32671,,rD044,50144248,100.00,,
132.341233152,826395,,rFF44,50144248,100.00,,
132.341233152,740286854,,instructions,50144248,100.00,4.08,insn per cycle
132.341233152,181221892,,cycles,50144248,100.00,,
132.441407369,32920,,rD044,51569616,100.00,,
132.441407369,827189,,rFF44,51575186,100.00,,
132.441407369,782362206,,instructions,51579726,100.00,4.19,insn per cycle
132.441407369,186745327,,cycles,51585036,100.00,,
132.541599626,2016,,rD044,51153289,100.00,,
132.541599626,785391,,rFF44,51153309,100.00,,
132.541599626,784879244,,instructions,51153429,100.00,4.24,insn per cycle
132.541599626,185323525,,cycles,51152419,100.00,,
132.641789032,32941,,rD044,50280457,100.00,,
132.641789032,844329,,rFF44,50274867,100.00,,
132.641789032,769435298,,instructions,50270207,100.00,4.23,insn per cycle
132.641789032,181744991,,cycles,50265907,100.00,,
132.741963248,32643,,rD044,50577637,100.00,,
132.741963248,855871,,rFF44,50583577,100.00,,
132.741963248,771247193,,instructions,50588727,100.00,4.22,insn per cycle
132.741963248,182893908,,cycles,50594047,100.00,,
132.842147214,32934,,rD044,52436035,100.00,,
132.842147214,834749,,rFF44,52430095,100.00,,
132.842147214,813047484,,instructions,52424945,100.00,4.28,insn per cycle
132.842147214,190072405,,cycles,52419625,100.00,,
132.942321451,32945,,rD044,48546967,100.00,,
132.942321451,837784,,rFF44,48546967,100.00,,
132.942321451,757065094,,instructions,48546967,100.00,4.33,insn per cycle
132.942321451,175007105,,cycles,48546967,100.00,,
133.042503157,32452,,rD044,51969527,100.00,,
133.042503157,790062,,rFF44,51975377,100.00,,
133.042503157,796445978,,instructions,51980057,100.00,4.23,insn per cycle
133.042503157,188362343,,cycles,51984677,100.00,,
133.142691524,32540,,rD044,51055095,100.00,,
133.142691524,821492,,rFF44,51049245,100.00,,
133.142691524,764882843,,instructions,51044565,100.00,4.14,insn per cycle
133.142691524,184799621,,cycles,51039945,100.00,,
133.242867560,32811,,rD044,50095242,100.00,,
133.242867560,831389,,rFF44,50102852,100.00,,
133.242867560,747882899,,instructions,50106792,100.00,4.13,insn per cycle
133.242867560,181013504,,cycles,50106792,100.00,,
133.343050577,2231,,rD044,51946512,100.00,,
133.343050577,796871,,rFF44,51944152,100.00,,
133.343050577,791692224,,instructions,51945622,100.00,4.21,insn per cycle
133.343050577,188218626,,cycles,51950102,100.00,,
133.443250184,32963,,rD044,52133612,100.00,,
133.443250184,823733,,rFF44,52128362,100.00,,
133.443250184,788560064,,instructions,52122952,100.00,4.17,insn per cycle
133.443250184,188917152,,cycles,52118472,100.00,,
133.543425270,32547,,rD044,50195041,100.00,,
133.543425270,812454,,rFF44,50195041,100.00,,
133.543425270,754069054,,instructions,50195041,100.00,4.16,insn per cycle
133.543425270,181451967,,cycles,50195041,100.00,,
133.643600097,32619,,rD044,50749350,100.00,,
133.643600097,831257,,rFF44,50754730,100.00,,
133.643600097,792154276,,instructions,50759070,100.00,4.32,insn per cycle
133.643600097,183559958,,cycles,50764630,100.00,,
133.743790313,32975,,rD044,50108523,100.00,,
133.743790313,810086,,rFF44,50103143,100.00,,
133.743790313,783076631,,instructions,50098803,100.00,4.33,insn per cycle
133.743790313,181003335,,cycles,50093243,100.00,,
133.843963760,32487,,rD044,50730803,100.00,,
133.843963760,847979,,rFF44,50736083,100.00,,
133.843963760,795111110,,instructions,50740863,100.00,4.33,insn per cycle
133.843963760,183466929,,cycles,50745993,100.00,,
133.944153266,32615,,rD044,49986584,100.00,,
133.944153266,831621,,rFF44,49981304,100.00,,
133.944153266,771513256,,instructions,49976524,100.00,4.27,insn per cycle
133.944153266,180504263,,cycles,49971394,100.00,,
134.044327403,32926,,rD044,50998367,100.00,,
134.044327403,828084,,rFF44,51003617,100.00,,
134.044327403,769475255,,instructions,51008637,100.00,4.17,insn per cycle
134.044327403,184534256,,cycles,51013397,100.00,,
134.144514189,2115,,rD044,52315520,100.00,,
134.144514189,770663,,rFF44,52316500,100.00,,
134.144514189,777430617,,instructions,52317310,100.00,4.10,insn per cycle
134.144514189,189721505,,cycles,52316820,100.00,,
134.244705375,32742,,rD044,51496316,100.00,,
134.244705375,811540,,rFF44,51490086,100.00,,
134.244705375,765936845,,instructions,51484256,100.00,4.11,insn per cycle
134.244705375,186408162,,cycles,51479986,100.00,,
134.344873511,32948,,rD044,50558610,100.00,,
134.344873511,827770,,rFF44,50558610,100.00,,
134.344873511,746820329,,instructions,50558610,100.00,4.09,insn per cycle
134.344873511,182733327,,cycles,50558610,100.00,,
134.445047708,32828,,rD044,51215190,100.00,,
134.445047708,797762,,rFF44,51220380,100.00,,
134.445047708,760647570,,instructions,51225521,100.00,4.10,insn per cycle
134.445047708,185352404,,cycles,51229691,100.00,,
134.545252935,32719,,rD044,52643759,100.00,,
134.545252935,813201,,rFF44,52643869,100.00,,
134.545252935,782618705,,instructions,52643178,100.00,4.10,insn per cycle
134.545252935,190872897,,cycles,52643728,100.00,,
134.645444911,32614,,rD044,51163745,100.00,,
134.645444911,810145,,rFF44,51158445,100.00,,
134.645444911,767188831,,instructions,51153995,100.00,4.14,insn per cycle
134.645444911,185147937,,cycles,51149275,100.00,,
134.745618087,2010,,rD044,50264132,100.00,,
134.745618087,788030,,rFF44,50269422,100.00,,
134.745618087,756525338,,instructions,50272752,100.00,4.17,insn per cycle
134.745618087,181631064,,cycles,50272752,100.00,,
134.845795924,33018,,rD044,50454713,100.00,,
134.845795924,819377,,rFF44,50454843,100.00,,
134.845795924,774216010,,instructions,50456433,100.00,4.24,insn per cycle
134.845795924,182599270,,cycles,50460953,100.00,,
134.945983930,32718,,rD044,52175627,100.00,,
134.945983930,829568,,rFF44,52170207,100.00,,
134.945983930,802168361,,instructions,52165287,100.00,4.24,insn per cycle
134.945983930,189037319,,cycles,52160767,100.00,,
135.046156717,32762,,rD044,50440538,100.00,,
135.046156717,826692,,rFF44,50440538,100.00,,
135.046156717,754493681,,instructions,50440538,100.00,4.14,insn per cycle
135.046156717,182281881,,cycles,50440538,100.00,,
135.146331843,32616,,rD044,50584916,100.00,,
135.146331843,784453,,rFF44,50584916,100.00,,
135.146331843,752413241,,instructions,50592496,100.00,4.11,insn per cycle
135.146331843,182900548,,cycles,50596006,100.00,,
135.246520420,32600,,rD044,52452973,100.00,,
135.246520420,815613,,rFF44,52458593,100.00,,
135.246520420,796871885,,instructions,52456063,100.00,4.19,insn per cycle
135.246520420,190154491,,cycles,52457313,100.00,,
135.346701917,32951,,rD044,51506383,100.00,,
135.346701917,820893,,rFF44,51500763,100.00,,
135.346701917,781563592,,instructions,51503143,100.00,4.19,insn per cycle
135.346701917,186430774,,cycles,51502953,100.00,,
135.446887413,2278,,rD044,49794538,100.00,,
135.446887413,803842,,rFF44,49794538,100.00,,
135.446887413,751122297,,instructions,49787108,100.00,4.18,insn per cycle
135.446887413,179739520,,cycles,49782538,100.00,,
135.547065259,33057,,rD044,52287763,100.00,,
135.547065259,836095,,rFF44,52293803,100.00,,
135.547065259,773239062,,instructions,52298733,100.00,4.08,insn per cycle
135.547065259,189529965,,cycles,52303493,100.00,,
135.647265216,32766,,rD044,52630641,100.00,,
135.647265216,830463,,rFF44,52624601,100.00,,
135.647265216,794013456,,instructions,52619671,100.00,4.16,insn per cycle
135.647265216,190774164,,cycles,52614911,100.00,,
135.747438962,32470,,rD044,50628738,100.00,,
135.747438962,818957,,rFF44,50628738,100.00,,
135.747438962,753092568,,instructions,50628738,100.00,4.11,insn per cycle
135.747438962,183106701,,cycles,50628738,100.00,,
135.847609858,32482,,rD044,50127425,100.00,,
135.847609858,809319,,rFF44,50132735,100.00,,
135.847609858,778534677,,instructions,50137475,100.00,4.30,insn per cycle
135.847609858,181147167,,cycles,50142005,100.00,,
135.947797095,32761,,rD044,51000086,100.00,,
135.947797095,833181,,rFF44,50994776,100.00,,
135.947797095,778766141,,instructions,50990036,100.00,4.22,insn per cycle
135.947797095,184493758,,cycles,50985506,100.00,,
136.047971141,32679,,rD044,49676956,100.00,,
136.047971141,845563,,rFF44,49682156,100.00,,
136.047971141,754042915,,instructions,49687216,100.00,4.20,insn per cycle
136.047971141,179408347,,cycles,49691706,100.00,,
136.148162467,2102,,rD044,52439047,100.00,,
136.148162467,809598,,rFF44,52433847,100.00,,
136.148162467,815068209,,instructions,52428787,100.00,4.29,insn per cycle
136.148162467,190100168,,cycles,52424297,100.00,,
136.248337724,32710,,rD044,48829347,100.00,,
136.248337724,838100,,rFF44,48829347,100.00,,
136.248337724,752540694,,instructions,48829347,100.00,4.27,insn per cycle
136.248337724,176061561,,cycles,48829347,100.00,,
136.348509970,32996,,rD044,52192350,100.00,,
136.348509970,836922,,rFF44,52197950,100.00,,
136.348509970,813150274,,instructions,52203740,100.00,4.30,insn per cycle
136.348509970,189177939,,cycles,52208480,100.00,,
136.448699137,32852,,rD044,50684949,100.00,,
136.448699137,826928,,rFF44,50679349,100.00,,
136.448699137,761330957,,instructions,50673559,100.00,4.15,insn per cycle
136.448699137,183261717,,cycles,50668819,100.00,,
136.548871123,32284,,rD044,50428122,100.00,,
136.548871123,800830,,rFF44,50428122,100.00,,
136.548871123,755360920,,instructions,50428122,100.00,4.14,insn per cycle
136.548871123,182248472,,cycles,50428122,100.00,,
136.649043580,32547,,rD044,51765196,100.00,,
136.649043580,830860,,rFF44,51770866,100.00,,
136.649043580,778925592,,instructions,51775836,100.00,4.15,insn per cycle
136.649043580,187575698,,cycles,51780616,100.00,,
136.749243596,32778,,rD044,52586102,100.00,,
136.749243596,838232,,rFF44,52580432,100.00,,
136.749243596,797462907,,instructions,52575462,100.00,4.18,insn per cycle
136.749243596,190608993,,cycles,52570682,100.00,,
136.849417423,2217,,rD044,49344630,100.00,,
136.849417423,806262,,rFF44,49344630,100.00,,
136.849417423,753806786,,instructions,49344630,100.00,4.23,insn per cycle
136.849417423,178075605,,cycles,49344630,100.00,,
136.949591289,32595,,rD044,51547435,100.00,,
136.949591289,836898,,rFF44,51552505,100.00,,
136.949591289,813499653,,instructions,51557475,100.00,4.36,insn per cycle
136.949591289,186690182,,cycles,51562315,100.00,,
137.049780016,32679,,rD044,49428185,100.00,,
137.049780016,842214,,rFF44,49427145,100.00,,
137.049780016,760033745,,instructions,49422175,100.00,4.26,insn per cycle
137.049780016,178395462,,cycles,49417335,100.00,,
137.149963472,32579,,rD044,49959908,100.00,,
137.149963472,827043,,rFF44,49961408,100.00,,
137.149963472,756565650,,instructions,49966628,100.00,4.19,insn per cycle
137.149963472,180692819,,cycles,49970979,100.00,,
137.250151748,32793,,rD044,52503681,100.00,,
137.250151748,803516,,rFF44,52503531,100.00,,
137.250151748,807603643,,instructions,52504081,100.00,4.24,insn per cycle
137.250151748,190383965,,cycles,52504140,100.00,,
137.350339775,33125,,rD044,50218457,100.00,,
137.350339775,840601,,rFF44,50213077,100.00,,
137.350339775,757188614,,instructions,50207307,100.00,4.17,insn per cycle
137.350339775,181427909,,cycles,50202897,100.00,,
137.450513621,32810,,rD044,50718206,100.00,,
137.450513621,842077,,rFF44,50723696,100.00,,
137.450513621,798791472,,instructions,50728426,100.00,4.35,insn per cycle
137.450513621,183468477,,cycles,50733356,100.00,,
137.550701227,32711,,rD044,50136409,100.00,,
137.550701227,821927,,rFF44,50130919,100.00,,
137.550701227,775357778,,instructions,50126189,100.00,4.28,insn per cycle
137.550701227,181172747,,cycles,50121259,100.00,,
137.650872093,1997,,rD044,50263750,100.00,,
137.650872093,798197,,rFF44,50269820,100.00,,
137.650872093,765070380,,instructions,50275330,100.00,4.21,insn per cycle
137.650872093,181681528,,cycles,50279720,100.00,,
137.751062980,32653,,rD044,52570223,100.00,,
137.751062980,831054,,rFF44,52569493,100.00,,
137.751062980,800132328,,instructions,52568883,100.00,4.20,insn per cycle
137.751062980,190606738,,cycles,52568803,100.00,,
137.851263867,32893,,rD044,50322879,100.00,,
137.851263867,842884,,rFF44,50317539,100.00,,
137.851263867,755134999,,instructions,50312639,100.00,4.15,insn per cycle
137.851263867,181811152,,cycles,50308329,100.00,,
137.951444823,32462,,rD044,50557100,100.00,,
137.951444823,794061,,rFF44,50562590,100.00,,
137.951444823,776122967,,instructions,50566970,100.00,4.25,insn per cycle
137.951444823,182792405,,cycles,50571590,100.00,,
138.051633730,32858,,rD044,49853466,100.00,,
138.051633730,852086,,rFF44,49854236,100.00,,
138.051633730,775405000,,instructions,49854846,100.00,4.31,insn per cycle
138.051633730,179996008,,cycles,49850226,100.00,,
138.151819596,32826,,rD044,51221044,100.00,,
138.151819596,835437,,rFF44,51220304,100.00,,
138.151819596,787457135,,instructions,51220204,100.00,4.25,insn per cycle
138.151819596,185342507,,cycles,51224854,100.00,,
138.252009413,33095,,rD044,51769168,100.00,,
138.252009413,825189,,rFF44,51763648,100.00,,
138.252009413,761275893,,instructions,51758758,100.00,4.06,insn per cycle
138.252009413,187487602,,cycles,51754108,100.00,,
138.352185109,2106,,rD044,50469825,100.00,,
138.352185109,804562,,rFF44,50469825,100.00,,
138.352185109,744299945,,instructions,50469825,100.00,4.08,insn per cycle
138.352185109,182437473,,cycles,50469825,100.00,,
138.452360776,32813,,rD044,50795541,100.00,,
138.452360776,833159,,rFF44,50795541,100.00,,
138.452360776,744417384,,instructions,50795541,100.00,4.05,insn per cycle
138.452360776,183658071,,cycles,50795541,100.00,,
138.552534862,32962,,rD044,52555370,100.00,,
138.552534862,828138,,rFF44,52561050,100.00,,
138.552534862,777350458,,instructions,52565890,100.00,4.08,insn per cycle
138.552534862,190565104,,cycles,52570620,100.00,,
138.652722468,32414,,rD044,52437447,100.00,,
138.652722468,782246,,rFF44,52431767,100.00,,
138.652722468,779113977,,instructions,52426927,100.00,4.10,insn per cycle
138.652722468,190049040,,cycles,52422197,100.00,,
138.752896755,32802,,rD044,50690420,100.00,,
138.752896755,834901,,rFF44,50690420,100.00,,
138.752896755,745909119,,instructions,50690420,100.00,4.07,insn per cycle
138.752896755,183304718,,cycles,50690420,100.00,,
138.853078331,2033,,rD044,50554252,100.00,,
138.853078331,803243,,rFF44,50559732,100.00,,
138.853078331,746927373,,instructions,50564382,100.00,4.09,insn per cycle
138.853078331,182800778,,cycles,50568422,100.00,,
138.953279098,32943,,rD044,52484568,100.00,,
138.953279098,834512,,rFF44,52484978,100.00,,
138.953279098,778133423,,instructions,52485538,100.00,4.09,insn per cycle
138.953279098,190309364,,cycles,52485968,100.00,,
139.053469364,32654,,rD044,52444135,100.00,,
139.053469364,828594,,rFF44,52438245,100.00,,
139.053469364,787452088,,instructions,52433035,100.00,4.14,insn per cycle
139.053469364,190083674,,cycles,52428565,100.00,,
139.153639350,32807,,rD044,49836697,100.00,,
139.153639350,840347,,rFF44,49836697,100.00,,
139.153639350,759873065,,instructions,49836697,100.00,4.22,insn per cycle
139.153639350,179983902,,cycles,49844997,100.00,,
139.253824256,32790,,rD044,51582904,100.00,,
139.253824256,800617,,rFF44,51588134,100.00,,
139.253824256,787481352,,instructions,51592905,100.00,4.22,insn per cycle
139.253824256,186777083,,cycles,51588955,100.00,,
139.354012173,32578,,rD044,51083238,100.00,,
139.354012173,811409,,rFF44,51083118,100.00,,
139.354012173,770094224,,instructions,51084087,100.00,4.16,insn per cycle
139.354012173,185034938,,cycles,51084777,100.00,,
139.454201669,32832,,rD044,51119806,100.00,,
139.454201669,836620,,rFF44,51114696,100.00,,
139.454201669,766440247,,instructions,51108956,100.00,4.14,insn per cycle
139.454201669,184964344,,cycles,51103916,100.00,,
139.554375226,2603,,rD044,49778579,100.00,,
139.554375226,822841,,rFF44,49784389,100.00,,
139.554375226,755429374,,instructions,49789939,100.00,4.20,insn per cycle
139.554375226,179787800,,cycles,49795259,100.00,,
139.654562302,32860,,rD044,50560142,100.00,,
139.654562302,840114,,rFF44,50554332,100.00,,
139.654562302,796599431,,instructions,50548782,100.00,4.36,insn per cycle
139.654562302,182799189,,cycles,50543462,100.00,,
139.754736258,32887,,rD044,50524957,100.00,,
139.754736258,837603,,rFF44,50530067,100.00,,
139.754736258,783565306,,instructions,50535277,100.00,4.29,insn per cycle
139.754736258,182705316,,cycles,50540247,100.00,,
139.854924625,32567,,rD044,49838023,100.00,,
139.854924625,799298,,rFF44,49838103,100.00,,
139.854924625,764622080,,instructions,49837993,100.00,4.25,insn per cycle
139.854924625,180015154,,cycles,49833023,100.00,,
139.955114941,32624,,rD044,50834448,100.00,,
139.955114941,837699,,rFF44,50834548,100.00,,
139.955114941,781013033,,instructions,50834468,100.00,4.25,insn per cycle
139.955114941,183886317,,cycles,50839208,100.00,,
140.055304258,33020,,rD044,50514748,100.00,,
140.055304258,838230,,rFF44,50509458,100.00,,
140.055304258,792664793,,instructions,50504438,100.00,4.34,insn per cycle
140.055304258,182661319,,cycles,50499698,100.00,,
140.155473564,32581,,rD044,49658519,100.00,,
140.155473564,829287,,rFF44,49658519,100.00,,
140.155473564,774987016,,instructions,49658519,100.00,4.32,insn per cycle
140.155473564,179371038,,cycles,49658519,100.00,,
140.255648341,2492,,rD044,52259944,100.00,,
140.255648341,796213,,rFF44,52265294,100.00,,
140.255648341,814415003,,instructions,52270654,100.00,4.30,insn per cycle
140.255648341,189457859,,cycles,52275344,100.00,,
140.355837987,32881,,rD044,50581218,100.00,,
140.355837987,820674,,rFF44,50575868,100.00,,
140.355837987,781453460,,instructions,50570508,100.00,4.27,insn per cycle
140.355837987,182926368,,cycles,50565818,100.00,,
140.456013034,32718,,rD044,50129212,100.00,,
140.456013034,840692,,rFF44,50134862,100.00,,
140.456013034,766072893,,instructions,50139772,100.00,4.23,insn per cycle
140.456013034,181126883,,cycles,50144242,100.00,,
140.556201270,33173,,rD044,49772202,100.00,,
140.556201270,853212,,rFF44,49771932,100.00,,
140.556201270,778175528,,instructions,49771672,100.00,4.33,insn per cycle
140.556201270,179862442,,cycles,49771622,100.00,,
140.656390467,32832,,rD044,51579207,100.00,,
140.656390467,853037,,rFF44,51579577,100.00,,
140.656390467,801299277,,instructions,51580557,100.00,4.29,insn per cycle
140.656390467,186909135,,cycles,51580487,100.00,,
140.756580404,32712,,rD044,51694314,100.00,,
140.756580404,791477,,rFF44,51688564,100.00,,
140.756580404,786519191,,instructions,51682934,100.00,4.20,insn per cycle
140.756580404,187185906,,cycles,51678584,100.00,,
140.856756000,32506,,rD044,50314552,100.00,,
140.856756000,830380,,rFF44,50314552,100.00,,
140.856756000,754656749,,instructions,50314552,100.00,4.15,insn per cycle
140.856756000,181838076,,cycles,50314552,100.00,,
140.956929366,32767,,rD044,51669122,100.00,,
140.956929366,827552,,rFF44,51674582,100.00,,
140.956929366,776011002,,instructions,51679552,100.00,4.15,insn per cycle
140.956929366,187169566,,cycles,51684562,100.00,,
141.057117802,2385,,rD044,52605575,100.00,,
141.057117802,793407,,rFF44,52605725,100.00,,
141.057117802,795791939,,instructions,52605995,100.00,4.17,insn per cycle
141.057117802,190766418,,cycles,52606185,100.00,,
141.157307669,32564,,rD044,50473089,100.00,,
141.157307669,844058,,rFF44,50467479,100.00,,
141.157307669,773183615,,instructions,50462239,100.00,4.24,insn per cycle
141.157307669,182462064,,cycles,50457039,100.00,,
141.257481805,32958,,rD044,49937692,100.00,,
141.257481805,862121,,rFF44,49937692,100.00,,
141.257481805,804926695,,instructions,49937692,100.00,4.46,insn per cycle
141.257481805,180379230,,cycles,49937692,100.00,,
141.357656481,32535,,rD044,48584199,100.00,,
141.357656481,851045,,rFF44,48589699,100.00,,
141.357656481,763848977,,instructions,48594929,100.00,4.36,insn per cycle
141.357656481,175164837,,cycles,48599849,100.00,,
141.457845868,32435,,rD044,50328439,100.00,,
141.457845868,808390,,rFF44,50322939,100.00,,
141.457845868,796568409,,instructions,50317709,100.00,4.38,insn per cycle
141.457845868,181890731,,cycles,50312789,100.00,,
141.558019094,32907,,rD044,50479710,100.00,,
141.558019094,846590,,rFF44,50485630,100.00,,
141.558019094,795997110,,instructions,50491130,100.00,4.36,insn per cycle
141.558019094,182491508,,cycles,50495570,100.00,,
141.658224031,32933,,rD044,46747526,100.00,,
141.658224031,853611,,rFF44,46747396,100.00,,
141.658224031,740118149,,instructions,46746816,100.00,4.40,insn per cycle
141.658224031,168172047,,cycles,46747746,100.00,,
141.758413827,2349,,rD044,49013728,100.00,,
141.758413827,838623,,rFF44,49007938,100.00,,
141.758413827,792951460,,instructions,49003018,100.00,4.49,insn per cycle
141.758413827,176760978,,cycles,48997648,100.00,,
141.858587914,32955,,rD044,49726389,100.00,,
141.858587914,854562,,rFF44,49726389,100.00,,
141.858587914,795396308,,instructions,49726389,100.00,4.43,insn per cycle
141.858587914,179588471,,cycles,49726389,100.00,,
141.958761720,32682,,rD044,49374808,100.00,,
141.958761720,848773,,rFF44,49374808,100.00,,
141.958761720,791903294,,instructions,49374808,100.00,4.44,insn per cycle
141.958761720,178274266,,cycles,49374808,100.00,,
142.058935426,33235,,rD044,48536252,100.00,,
142.058935426,852985,,rFF44,48536252,100.00,,
142.058935426,781167199,,instructions,48536252,100.00,4.47,insn per cycle
142.058935426,174942596,,cycles,48536252,100.00,,
142.159112423,32990,,rD044,47889120,100.00,,
142.159112423,832099,,rFF44,47889120,100.00,,
142.159112423,771978543,,instructions,47889120,100.00,4.48,insn per cycle
142.159112423,172441222,,cycles,47889120,100.00,,
142.259283849,32927,,rD044,48507620,100.00,,
142.259283849,872947,,rFF44,48512800,100.00,,
142.259283849,751052734,,instructions,48518260,100.00,4.30,insn per cycle
142.259283849,174851353,,cycles,48523780,100.00,,
142.359474836,2350,,rD044,49004837,100.00,,
142.359474836,822862,,rFF44,48999657,100.00,,
142.359474836,739141370,,instructions,48994197,100.00,4.18,insn per cycle
142.359474836,176739148,,cycles,48988677,100.00,,
142.459646882,33103,,rD044,51304254,100.00,,
142.459646882,835479,,rFF44,51304254,100.00,,
142.459646882,779012848,,instructions,51304254,100.00,4.19,insn per cycle
142.459646882,185734683,,cycles,51304254,100.00,,
142.559821058,32797,,rD044,48840087,100.00,,
142.559821058,846919,,rFF44,48846067,100.00,,
142.559821058,728300009,,instructions,48851137,100.00,4.14,insn per cycle
142.559821058,176091451,,cycles,48855707,100.00,,
142.660012705,32745,,rD044,50882502,100.00,,
142.660012705,800283,,rFF44,50876522,100.00,,
142.660012705,767990575,,instructions,50871452,100.00,4.17,insn per cycle
142.660012705,184080486,,cycles,50875162,100.00,,
142.760196511,33085,,rD044,49870838,100.00,,
142.760196511,851771,,rFF44,49876218,100.00,,
142.760196511,753307018,,instructions,49882488,100.00,4.18,insn per cycle
142.760196511,180093900,,cycles,49878828,100.00,,
142.860384798,32726,,rD044,49408296,100.00,,
142.860384798,853220,,rFF44,49402916,100.00,,
142.860384798,743831517,,instructions,49396646,100.00,4.17,insn per cycle
142.860384798,178322725,,cycles,49392026,100.00,,
142.960556384,2666,,rD044,50991606,100.00,,
142.960556384,806725,,rFF44,50991606,100.00,,
142.960556384,780280753,,instructions,50991606,100.00,4.23,insn per cycle
142.960556384,184511844,,cycles,50991606,100.00,,
143.060729370,32559,,rD044,48735806,100.00,,
143.060729370,836887,,rFF44,48741356,100.00,,
143.060729370,736072239,,instructions,48746456,100.00,4.19,insn per cycle
143.060729370,175727463,,cycles,48750936,100.00,,
143.160918377,32487,,rD044,49814776,100.00,,
143.160918377,811237,,rFF44,49809226,100.00,,
143.160918377,788821629,,instructions,49804126,100.00,4.38,insn per cycle
143.160918377,179917187,,cycles,49799646,100.00,,
143.261091593,32626,,rD044,50860558,100.00,,
143.261091593,844309,,rFF44,50878378,100.00,,
143.261091593,789890069,,instructions,50883338,100.00,4.29,insn per cycle
143.261091593,184070873,,cycles,50887508,100.00,,
143.361291780,32497,,rD044,48119197,100.00,,
143.361291780,854404,,rFF44,48101377,100.00,,
143.361291780,732878592,,instructions,48096417,100.00,4.23,insn per cycle
143.361291780,173275285,,cycles,48100557,100.00,,
143.461473726,32602,,rD044,51120236,100.00,,
143.461473726,852206,,rFF44,51120236,100.00,,
143.461473726,806154427,,instructions,51120236,100.00,4.36,insn per cycle
143.461473726,184985066,,cycles,51111926,100.00,,
143.561649112,2336,,rD044,49849076,100.00,,
143.561649112,813353,,rFF44,49854836,100.00,,
143.561649112,761676126,,instructions,49859686,100.00,4.23,insn per cycle
143.561649112,180046719,,cycles,49864156,100.00,,
143.661837259,33034,,rD044,49108587,100.00,,
143.661837259,847883,,rFF44,49102827,100.00,,
143.661837259,746562098,,instructions,49097977,100.00,4.21,insn per cycle
143.661837259,177131108,,cycles,49093507,100.00,,
143.762011865,32550,,rD044,50891355,100.00,,
143.762011865,842736,,rFF44,50891355,100.00,,
143.762011865,806017293,,instructions,50891355,100.00,4.38,insn per cycle
143.762011865,184140001,,cycles,50891355,100.00,,
143.862186952,32640,,rD044,47952558,100.00,,
143.862186952,813432,,rFF44,47957898,100.00,,
143.862186952,720560657,,instructions,47957898,100.00,4.17,insn per cycle
143.862186952,172815757,,cycles,47957898,100.00,,
143.962372228,32667,,rD044,51364599,100.00,,
143.962372228,848563,,rFF44,51359259,100.00,,
143.962372228,784740443,,instructions,51359259,100.00,4.22,insn per cycle
143.962372228,185984959,,cycles,51359259,100.00,,
144.062551645,32433,,rD044,48933290,100.00,,
144.062551645,851139,,rFF44,48938260,100.00,,
144.062551645,747234775,,instructions,48943520,100.00,4.23,insn per cycle
144.062551645,176472865,,cycles,48947980,100.00,,
144.162738841,2274,,rD044,48769155,100.00,,
144.162738841,808863,,rFF44,48764185,100.00,,
144.162738841,766207367,,instructions,48758925,100.00,4.36,insn per cycle
144.162738841,175811548,,cycles,48754465,100.00,,
144.262915077,32507,,rD044,50782019,100.00,,
144.262915077,835683,,rFF44,50782019,100.00,,
144.262915077,788809185,,instructions,50782019,100.00,4.29,insn per cycle
144.262915077,183699128,,cycles,50782019,100.00,,
144.363090404,32866,,rD044,49231440,100.00,,
144.363090404,866600,,rFF44,49249660,100.00,,
144.363090404,775956136,,instructions,49254670,100.00,4.37,insn per cycle
144.363090404,177676174,,cycles,49259000,100.00,,
144.463289860,32571,,rD044,48811117,100.00,,
144.463289860,820483,,rFF44,48792897,100.00,,
144.463289860,737446853,,instructions,48787887,100.00,4.19,insn per cycle
144.463289860,175952786,,cycles,48783557,100.00,,
144.563465126,33464,,rD044,51805728,100.00,,
144.563465126,849791,,rFF44,51811278,100.00,,
144.563465126,789215966,,instructions,51816288,100.00,4.21,insn per cycle
144.563465126,187676474,,cycles,51820798,100.00,,
144.663654553,32657,,rD044,48160356,100.00,,
144.663654553,856326,,rFF44,48160016,100.00,,
144.663654553,746631426,,instructions,48159696,100.00,4.30,insn per cycle
144.663654553,173481702,,cycles,48159796,100.00,,
144.763841830,2111,,rD044,51074061,100.00,,
144.763841830,802143,,rFF44,51068851,100.00,,
144.763841830,774815127,,instructions,51064161,100.00,4.19,insn per cycle
144.763841830,184760509,,cycles,51059551,100.00,,
144.864016366,32649,,rD044,50130308,100.00,,
144.864016366,844849,,rFF44,50135878,100.00,,
144.864016366,749359471,,instructions,50140488,100.00,4.14,insn per cycle
144.864016366,181089313,,cycles,50145219,100.00,,
144.964202072,32981,,rD044,50728961,100.00,,
144.964202072,810158,,rFF44,50723391,100.00,,
144.964202072,778288386,,instructions,50718781,100.00,4.24,insn per cycle
144.964202072,183408948,,cycles,50714050,100.00,,
145.064383548,32778,,rD044,50230509,100.00,,
145.064383548,848509,,rFF44,50236130,100.00,,
145.064383548,738638140,,instructions,50241130,100.00,4.07,insn per cycle
145.064383548,181531187,,cycles,50245820,100.00,,
145.164573005,32986,,rD044,51615281,100.00,,
145.164573005,820430,,rFF44,51609660,100.00,,
145.164573005,766216028,,instructions,51604660,100.00,4.10,insn per cycle
145.164573005,186939712,,cycles,51599970,100.00,,
145.264748881,2054,,rD044,49012029,100.00,,
145.264748881,806044,,rFF44,49012029,100.00,,
145.264748881,720864795,,instructions,49012029,100.00,4.08,insn per cycle
145.264748881,176727121,,cycles,49012029,100.00,,
145.364923617,32848,,rD044,52457360,100.00,,
145.364923617,830312,,rFF44,52463070,100.00,,
145.364923617,783551663,,instructions,52468500,100.00,4.12,insn per cycle
145.364923617,190245752,,cycles,52472730,100.00,,
145.465115244,32386,,rD044,49035343,100.00,,
145.465115244,801645,,rFF44,49037483,100.00,,
145.465115244,721462208,,instructions,49035903,100.00,4.08,insn per cycle
145.465115244,176902730,,cycles,49031673,100.00,,
145.565305560,32431,,rD044,51773409,100.00,,
145.565305560,843086,,rFF44,51770529,100.00,,
145.565305560,769526684,,instructions,51771459,100.00,4.10,insn per cycle
145.565305560,187493377,,cycles,51775889,100.00,,
145.665492357,32795,,rD044,47913392,100.00,,
145.665492357,850254,,rFF44,47914282,100.00,,
145.665492357,696283660,,instructions,47915122,100.00,4.04,insn per cycle
145.665492357,172556417,,cycles,47915322,100.00,,
145.765683933,1681,,rD044,50800564,100.00,,
145.765683933,781450,,rFF44,50794704,100.00,,
145.765683933,759545274,,instructions,50789084,100.00,4.13,insn per cycle
145.765683933,183959019,,cycles,50784454,100.00,,
145.865859580,32873,,rD044,49059717,100.00,,
145.865859580,820959,,rFF44,49059717,100.00,,
145.865859580,720543402,,instructions,49067627,100.00,4.07,insn per cycle
145.865859580,177018791,,cycles,49071427,100.00,,
145.966049896,32556,,rD044,51831058,100.00,,
145.966049896,817055,,rFF44,51836578,100.00,,
145.966049896,778540783,,instructions,51834078,100.00,4.15,insn per cycle
145.966049896,187747731,,cycles,51835248,100.00,,
146.066254423,32599,,rD044,48888709,100.00,,
146.066254423,771573,,rFF44,48883189,100.00,,
146.066254423,727861532,,instructions,48877779,100.00,4.12,insn per cycle
146.066254423,176461151,,cycles,48872809,100.00,,
146.166434859,32995,,rD044,50152791,100.00,,
146.166434859,825870,,rFF44,50158761,100.00,,
146.166434859,746529113,,instructions,50163711,100.00,4.12,insn per cycle
146.166434859,181269730,,cycles,50168701,100.00,,
146.266627256,1995,,rD044,50635133,100.00,,
146.266627256,783009,,rFF44,50636783,100.00,,
146.266627256,764192968,,instructions,50635383,100.00,4.17,insn per cycle
146.266627256,183155565,,cycles,50630393,100.00,,
146.366816922,32689,,rD044,50018746,100.00,,
146.366816922,811378,,rFF44,50016596,100.00,,
146.366816922,749460765,,instructions,50018046,100.00,4.15,insn per cycle
146.366816922,180681698,,cycles,50022927,100.00,,
146.467003978,32814,,rD044,50401817,100.00,,
146.467003978,811929,,rFF44,50396347,100.00,,
146.467003978,757808615,,instructions,50391347,100.00,4.16,insn per cycle
146.467003978,182222809,,cycles,50386466,100.00,,
146.567179065,32568,,rD044,50143255,100.00,,
146.567179065,785268,,rFF44,50148786,100.00,,
146.567179065,755903541,,instructions,50153866,100.00,4.17,insn per cycle
146.567179065,181222551,,cycles,50158376,100.00,,
146.667367001,32690,,rD044,50005203,100.00,,
146.667367001,821856,,rFF44,49999672,100.00,,
146.667367001,751514181,,instructions,49994592,100.00,4.16,insn per cycle
146.667367001,180656537,,cycles,49990082,100.00,,
146.767542738,32554,,rD044,50531535,100.00,,
146.767542738,831968,,rFF44,50537235,100.00,,
146.767542738,759873063,,instructions,50542405,100.00,4.16,insn per cycle
146.767542738,182743843,,cycles,50546785,100.00,,
146.867731444,1895,,rD044,49629307,100.00,,
146.867731444,780941,,rFF44,49623607,100.00,,
146.867731444,754840750,,instructions,49618437,100.00,4.21,insn per cycle
146.867731444,179194661,,cycles,49614057,100.00,,
146.967901821,32342,,rD044,50415860,100.00,,
146.967901821,826211,,rFF44,50415860,100.00,,
146.967901821,790165090,,instructions,50415860,100.00,4.33,insn per cycle
146.967901821,182298058,,cycles,50415860,100.00,,
147.068078407,32561,,rD044,48721851,100.00,,
147.068078407,829286,,rFF44,48727761,100.00,,
147.068078407,759927225,,instructions,48732501,100.00,4.32,insn per cycle
147.068078407,175733674,,cycles,48750391,100.00,,
147.168282693,32629,,rD044,48985188,100.00,,
147.168282693,799892,,rFF44,48983228,100.00,,
147.168282693,765178742,,instructions,48978488,100.00,4.33,insn per cycle
147.168282693,176605858,,cycles,48960598,100.00,,
147.268466240,32718,,rD044,50592455,100.00,,
147.268466240,838734,,rFF44,50588505,100.00,,
147.268466240,797871055,,instructions,50588505,100.00,4.36,insn per cycle
147.268466240,183038590,,cycles,50588505,100.00,,
147.368641006,32903,,rD044,48928512,100.00,,
147.368641006,842809,,rFF44,48934162,100.00,,
147.368641006,755507684,,instructions,48939882,100.00,4.28,insn per cycle
147.368641006,176476562,,cycles,48944072,100.00,,
147.468828513,2087,,rD044,49829478,100.00,,
147.468828513,778255,,rFF44,49823828,100.00,,
147.468828513,770676985,,instructions,49818108,100.00,4.28,insn per cycle
147.468828513,179971019,,cycles,49813918,100.00,,
147.569005189,32467,,rD044,50391368,100.00,,
147.569005189,818184,,rFF44,50396328,100.00,,
147.569005189,776426096,,instructions,50401288,100.00,4.26,insn per cycle
147.569005189,182215892,,cycles,50405838,100.00,,
147.669191605,32388,,rD044,48253047,100.00,,
147.669191605,823368,,rFF44,48256187,100.00,,
147.669191605,731032125,,instructions,48254637,100.00,4.21,insn per cycle
147.669191605,173829729,,cycles,48250087,100.00,,
147.769381002,32659,,rD044,50991604,100.00,,
147.769381002,794680,,rFF44,50983504,100.00,,
147.769381002,784811208,,instructions,50980094,100.00,4.25,insn per cycle
147.769381002,184506703,,cycles,50988174,100.00,,
147.869562758,32367,,rD044,48176937,100.00,,
147.869562758,818901,,rFF44,48182787,100.00,,
147.869562758,731929301,,instructions,48187827,100.00,4.21,insn per cycle
147.869562758,173703752,,cycles,48184167,100.00,,
147.969750044,32541,,rD044,50499354,100.00,,
147.969750044,816154,,rFF44,50493504,100.00,,
147.969750044,773614670,,instructions,50488464,100.00,4.24,insn per cycle
147.969750044,182626217,,cycles,50484044,100.00,,
148.069924271,1830,,rD044,49789226,100.00,,
148.069924271,788313,,rFF44,49795036,100.00,,
148.069924271,764593309,,instructions,49799636,100.00,4.25,insn per cycle
148.069924271,179820130,,cycles,49803916,100.00,,
148.170113127,32676,,rD044,49016341,100.00,,
148.170113127,819531,,rFF44,49010531,100.00,,
148.170113127,745160556,,instructions,49005931,100.00,4.22,insn per cycle
148.170113127,176747303,,cycles,49001651,100.00,,
148.270288514,32809,,rD044,50239959,100.00,,
148.270288514,821295,,rFF44,50239959,100.00,,
148.270288514,791729264,,instructions,50239959,100.00,4.36,insn per cycle
148.270288514,181736481,,cycles,50239959,100.00,,
148.370460550,32355,,rD044,48412003,100.00,,
148.370460550,806067,,rFF44,48417473,100.00,,
148.370460550,754339254,,instructions,48422473,100.00,4.32,insn per cycle
148.370460550,174452157,,cycles,48426773,100.00,,
148.470646536,32498,,rD044,49710540,100.00,,
148.470646536,831220,,rFF44,49705070,100.00,,
148.470646536,774477226,,instructions,49700070,100.00,4.32,insn per cycle
148.470646536,179473069,,cycles,49695770,100.00,,
148.570819762,32427,,rD044,51034111,100.00,,
148.570819762,814813,,rFF44,51039691,100.00,,
148.570819762,790878468,,instructions,51044851,100.00,4.28,insn per cycle
148.570819762,184690394,,cycles,51048841,100.00,,
148.671006689,2120,,rD044,48565902,100.00,,
148.671006689,787534,,rFF44,48560322,100.00,,
148.671006689,731367825,,instructions,48555162,100.00,4.18,insn per cycle
148.671006689,175016176,,cycles,48551172,100.00,,
148.771181005,32518,,rD044,52211290,100.00,,
148.771181005,817890,,rFF44,52217520,100.00,,
148.771181005,790469864,,instructions,52222630,100.00,4.18,insn per cycle
148.771181005,189285782,,cycles,52227720,100.00,,
148.871372842,32584,,rD044,48948161,100.00,,
148.871372842,822704,,rFF44,48941931,100.00,,
148.871372842,731319034,,instructions,48936821,100.00,4.14,insn per cycle
148.871372842,176527742,,cycles,48931731,100.00,,
148.971544678,32206,,rD044,51557555,100.00,,
148.971544678,785199,,rFF44,51562805,100.00,,
148.971544678,779900986,,instructions,51567805,100.00,4.18,insn per cycle
148.971544678,186740952,,cycles,51572555,100.00,,
149.071727695,32747,,rD044,48167030,100.00,,
149.071727695,835242,,rFF44,48161780,100.00,,
149.071727695,735740846,,instructions,48156780,100.00,4.24,insn per cycle
149.071727695,173495203,,cycles,48152030,100.00,,
149.171899391,32302,,rD044,50786505,100.00,,
149.171899391,813859,,rFF44,50786505,100.00,,
149.171899391,785539624,,instructions,50786505,100.00,4.28,insn per cycle
149.171899391,183745630,,cycles,50786505,100.00,,
149.272073448,1702,,rD044,49605129,100.00,,
149.272073448,785932,,rFF44,49610609,100.00,,
149.272073448,768717840,,instructions,49615469,100.00,4.29,insn per cycle
149.272073448,179136886,,cycles,49620039,100.00,,
149.372275055,33062,,rD044,49126711,100.00,,
149.372275055,825985,,rFF44,49121231,100.00,,
149.372275055,747438742,,instructions,49116371,100.00,4.22,insn per cycle
149.372275055,177216788,,cycles,49111801,100.00,,
149.472445691,32763,,rD044,50082293,100.00,,
149.472445691,831041,,rFF44,50082293,100.00,,
149.472445691,783705838,,instructions,50082293,100.00,4.33,insn per cycle
149.472445691,181005404,,cycles,50082293,100.00,,
149.572619777,32311,,rD044,49419306,100.00,,
149.572619777,794197,,rFF44,49424916,100.00,,
149.572619777,751336649,,instructions,49430026,100.00,4.21,insn per cycle
149.572619777,178396123,,cycles,49433856,100.00,,
149.672807023,32607,,rD044,49992986,100.00,,
149.672807023,806654,,rFF44,49987376,100.00,,
149.672807023,757447016,,instructions,49982266,100.00,4.19,insn per cycle
149.672807023,180670108,,cycles,49978436,100.00,,
149.772980200,32670,,rD044,50298965,100.00,,
149.772980200,819401,,rFF44,50304675,100.00,,
149.772980200,762555895,,instructions,50309725,100.00,4.19,insn per cycle
149.772980200,181846120,,cycles,50314465,100.00,,
149.873170446,2082,,rD044,48866447,100.00,,
149.873170446,793972,,rFF44,48864007,100.00,,
149.873170446,743880959,,instructions,48858957,100.00,4.22,insn per cycle
149.873170446,176219785,,cycles,48854217,100.00,,
149.973348282,32611,,rD044,51614191,100.00,,
149.973348282,814841,,rFF44,51616281,100.00,,
149.973348282,781112609,,instructions,51621641,100.00,4.18,insn per cycle
149.973348282,186993557,,cycles,51626341,100.00,,
150.073537499,32387,,rD044,48626234,100.00,,
150.073537499,771411,,rFF44,48626544,100.00,,
150.073537499,731158189,,instructions,48626484,100.00,4.16,insn per cycle
150.073537499,175584598,,cycles,48624944,100.00,,
150.173729975,32742,,rD044,50125640,100.00,,
150.173729975,817533,,rFF44,50126080,100.00,,
150.173729975,757113546,,instructions,50126110,100.00,4.18,insn per cycle
150.173729975,181119316,,cycles,50128580,100.00,,
150.273920292,32463,,rD044,50455885,100.00,,
150.273920292,813540,,rFF44,50457695,100.00,,
150.273920292,754854991,,instructions,50455805,100.00,4.14,insn per cycle
150.273920292,182402375,,cycles,50450175,100.00,,
150.374121848,1911,,rD044,50251496,100.00,,
150.374121848,792496,,rFF44,50249306,100.00,,
150.374121848,765169575,,instructions,50250726,100.00,4.21,insn per cycle
150.374121848,181599635,,cycles,50255626,100.00,,
150.474307125,32664,,rD044,49787096,100.00,,
150.474307125,802629,,rFF44,49781366,100.00,,
150.474307125,750496416,,instructions,49776506,100.00,4.17,insn per cycle
150.474307125,179986564,,cycles,49771606,100.00,,
150.574482491,32913,,rD044,49424584,100.00,,
150.574482491,842985,,rFF44,49429854,100.00,,
150.574482491,748912265,,instructions,49434764,100.00,4.20,insn per cycle
150.574482491,178435515,,cycles,49439914,100.00,,
150.674673058,32327,,rD044,49950999,100.00,,
150.674673058,795610,,rFF44,49945729,100.00,,
150.674673058,767509976,,instructions,49940819,100.00,4.25,insn per cycle
150.674673058,180426205,,cycles,49935669,100.00,,
150.774847464,32527,,rD044,50637561,100.00,,
150.774847464,816011,,rFF44,50642971,100.00,,
150.774847464,757861984,,instructions,50648231,100.00,4.14,insn per cycle
150.774847464,183171422,,cycles,50652081,100.00,,
150.875038551,32877,,rD044,50710990,100.00,,
150.875038551,823186,,rFF44,50705580,100.00,,
150.875038551,761182035,,instructions,50700320,100.00,4.15,insn per cycle
150.875038551,183389898,,cycles,50696470,100.00,,
150.975221727,2217,,rD044,50153601,100.00,,
150.975221727,799808,,rFF44,50158991,100.00,,
150.975221727,758752650,,instructions,50163721,100.00,4.19,insn per cycle
150.975221727,181247664,,cycles,50168371,100.00,,
151.075409224,32931,,rD044,49978224,100.00,,
151.075409224,833508,,rFF44,49972834,100.00,,
151.075409224,756437249,,instructions,49968104,100.00,4.19,insn per cycle
151.075409224,180542054,,cycles,49963454,100.00,,
151.175583150,32557,,rD044,49990437,100.00,,
151.175583150,832325,,rFF44,49995787,100.00,,
151.175583150,746160990,,instructions,50000867,100.00,4.13,insn per cycle
151.175583150,180709595,,cycles,50005667,100.00,,
151.275772466,32618,,rD044,51132092,100.00,,
151.275772466,783940,,rFF44,51126742,100.00,,
151.275772466,766215610,,instructions,51121662,100.00,4.14,insn per cycle
151.275772466,185077287,,cycles,51116862,100.00,,
151.375946623,32682,,rD044,49231492,100.00,,
151.375946623,832145,,rFF44,49237102,100.00,,
151.375946623,739103220,,instructions,49241902,100.00,4.16,insn per cycle
151.375946623,177703057,,cycles,49246732,100.00,,
151.476131289,32656,,rD044,51606169,100.00,,
151.476131289,819299,,rFF44,51600559,100.00,,
151.476131289,773123918,,instructions,51595759,100.00,4.14,insn per cycle
151.476131289,186885469,,cycles,51590929,100.00,,
151.576306465,2371,,rD044,49081463,100.00,,
151.576306465,821533,,rFF44,49086933,100.00,,
151.576306465,741308686,,instructions,49092024,100.00,4.19,insn per cycle
151.576306465,177072591,,cycles,49097504,100.00,,
151.676498152,32418,,rD044,51215693,100.00,,
151.676498152,835756,,rFF44,51210223,100.00,,
151.676498152,771480629,,instructions,51205132,100.00,4.16,insn per cycle
151.676498152,185398285,,cycles,51199652,100.00,,
151.776673648,32490,,rD044,49312436,100.00,,
151.776673648,814618,,rFF44,49318066,100.00,,
151.776673648,742069975,,instructions,49323346,100.00,4.17,insn per cycle
151.776673648,177956075,,cycles,49328156,100.00,,
151.876864295,32745,,rD044,51317771,100.00,,
151.876864295,825441,,rFF44,51312141,100.00,,
151.876864295,770890745,,instructions,51306861,100.00,4.15,insn per cycle
151.876864295,185725020,,cycles,51302051,100.00,,
151.977034511,32973,,rD044,49344191,100.00,,
151.977034511,831674,,rFF44,49349451,100.00,,
151.977034511,731556620,,instructions,49354441,100.00,4.11,insn per cycle
151.977034511,178096838,,cycles,49359591,100.00,,
152.077234668,2154,,rD044,51016289,100.00,,
152.077234668,787128,,rFF44,51011029,100.00,,
152.077234668,784034333,,instructions,51006039,100.00,4.25,insn per cycle
152.077234668,184650144,,cycles,51000889,100.00,,
152.177409214,32995,,rD044,49169920,100.00,,
152.177409214,837566,,rFF44,49175140,100.00,,
152.177409214,730955543,,instructions,49180670,100.00,4.12,insn per cycle
152.177409214,177432437,,cycles,49185010,100.00,,
152.277598940,32437,,rD044,51886552,100.00,,
152.277598940,831072,,rFF44,51881332,100.00,,
152.277598940,782959576,,instructions,51875802,100.00,4.16,insn per cycle
152.277598940,187999324,,cycles,51871462,100.00,,
152.377772286,32612,,rD044,49135880,100.00,,
152.377772286,798334,,rFF44,49135880,100.00,,
152.377772286,727040246,,instructions,49135880,100.00,4.10,insn per cycle
152.377772286,177316451,,cycles,49135880,100.00,,
152.477951343,33289,,rD044,51365392,100.00,,
152.477951343,831430,,rFF44,51371052,100.00,,
152.477951343,767215165,,instructions,51376062,100.00,4.13,insn per cycle
152.477951343,185961764,,cycles,51380302,100.00,,
152.578142079,32891,,rD044,50707250,100.00,,
152.578142079,829778,,rFF44,50701590,100.00,,
152.578142079,753187316,,instructions,50696580,100.00,4.11,insn per cycle
152.578142079,183358392,,cycles,50692340,100.00,,
152.678317326,2234,,rD044,49925466,100.00,,
152.678317326,806894,,rFF44,49931026,100.00,,
152.678317326,744959203,,instructions,49935566,100.00,4.13,insn per cycle
152.678317326,180385409,,cycles,49941756,100.00,,
152.778505752,32400,,rD044,51655103,100.00,,
152.778505752,826448,,rFF44,51649543,100.00,,
152.778505752,771720949,,instructions,51645003,100.00,4.12,insn per cycle
152.778505752,187098475,,cycles,51638813,100.00,,
152.878680818,32570,,rD044,49539240,100.00,,
152.878680818,809582,,rFF44,49539240,100.00,,
152.878680818,726956995,,instructions,49539240,100.00,4.07,insn per cycle
152.878680818,178823899,,cycles,49539240,100.00,,
152.978854955,33147,,rD044,52056245,100.00,,
152.978854955,826008,,rFF44,52061565,100.00,,
152.978854955,775692893,,instructions,52066175,100.00,4.11,insn per cycle
152.978854955,188632905,,cycles,52070215,100.00,,
153.079040731,32953,,rD044,50023703,100.00,,
153.079040731,825317,,rFF44,50018383,100.00,,
153.079040731,739527642,,instructions,50013773,100.00,4.09,insn per cycle
153.079040731,180745978,,cycles,50009733,100.00,,
153.179228218,2082,,rD044,50648870,100.00,,
153.179228218,796980,,rFF44,50654170,100.00,,
153.179228218,757072697,,instructions,50658490,100.00,4.13,insn per cycle
153.179228218,183160035,,cycles,50663150,100.00,,
153.279415974,32505,,rD044,48854043,100.00,,
153.279415974,859666,,rFF44,48851713,100.00,,
153.279415974,767398573,,instructions,48847393,100.00,4.36,insn per cycle
153.279415974,176145710,,cycles,48842733,100.00,,
153.379599381,2236538,,rD044,96349822,100.00,,
153.379599381,30616117,,rFF44,96353272,100.00,,
153.379599381,1556514765,,instructions,96358062,100.00,4.31,insn per cycle
153.379599381,360891914,,cycles,96362902,100.00,,
153.479788707,2437306,,rD044,100188345,100.00,,
153.479788707,32652745,,rFF44,100188285,100.00,,
153.479788707,1713288200,,instructions,100189095,100.00,4.56,insn per cycle
153.479788707,375712125,,cycles,100190245,100.00,,
153.579981683,1254235,,rD044,100191626,100.00,,
153.579981683,28023605,,rFF44,100192276,100.00,,
153.579981683,1655386576,,instructions,100192006,100.00,4.41,insn per cycle
153.579981683,375713822,,cycles,100190716,100.00,,
153.680171660,1708344,,rD044,100188235,100.00,,
153.680171660,28581812,,rFF44,100187176,100.00,,
153.680171660,1610122800,,instructions,100186676,100.00,4.29,insn per cycle
153.680171660,375701351,,cycles,100187386,100.00,,
153.780358636,106467,,rD044,100186286,100.00,,
153.780358636,8407714,,rFF44,100186015,100.00,,
153.780358636,695421374,,instructions,100185525,100.00,1.85,insn per cycle
153.780358636,375692112,,cycles,100184915,100.00,,
153.880546113,32579,,rD044,100187686,100.00,,
153.880546113,7482297,,rFF44,100188446,100.00,,
153.880546113,669325173,,instructions,100188836,100.00,1.78,insn per cycle
153.880546113,375708814,,cycles,100189366,100.00,,
153.980736919,543160,,rD044,100189905,100.00,,
153.980736919,15930273,,rFF44,100189095,100.00,,
153.980736919,1013878911,,instructions,100189305,100.00,2.70,insn per cycle
153.980736919,375705004,,cycles,100188355,100.00,,
154.080924625,107697,,rD044,100155236,100.00,,
154.080924625,8229255,,rFF44,100155206,100.00,,
154.080924625,682472884,,instructions,100154816,100.00,1.82,insn per cycle
154.080924625,375551279,,cycles,100154936,100.00,,
154.181112982,84902,,rD044,100186435,100.00,,
154.181112982,8291563,,rFF44,100186825,100.00,,
154.181112982,684004558,,instructions,100186725,100.00,1.82,insn per cycle
154.181112982,375699290,,cycles,100186845,100.00,,
154.281299988,27721,,rD044,100186336,100.00,,
154.281299988,7308727,,rFF44,100186016,100.00,,
154.281299988,640076009,,instructions,100186116,100.00,1.70,insn per cycle
154.281299988,375697528,,cycles,100186356,100.00,,
154.381485835,159016,,rD044,100185815,100.00,,
154.381485835,8644554,,rFF44,100185715,100.00,,
154.381485835,695838761,,instructions,100186215,100.00,1.85,insn per cycle
154.381485835,375697442,,cycles,100186335,100.00,,
154.481673671,208833,,rD044,100186436,100.00,,
154.481673671,9737955,,rFF44,100186796,100.00,,
154.481673671,736159494,,instructions,100187276,100.00,1.96,insn per cycle
154.481673671,375700536,,cycles,100187166,100.00,,
154.581868167,19994,,rD044,100182855,100.00,,
154.581868167,6972649,,rFF44,100182185,100.00,,
154.581868167,623780187,,instructions,100180625,100.00,1.66,insn per cycle
154.581868167,375645976,,cycles,100180145,100.00,,
154.682054064,41279,,rD044,100185966,100.00,,
154.682054064,7132180,,rFF44,100186316,100.00,,
154.682054064,644981497,,instructions,100187066,100.00,1.72,insn per cycle
154.682054064,375699481,,cycles,100186696,100.00,,
154.782254890,86995,,rD044,100199565,100.00,,
154.782254890,8353844,,rFF44,100199575,100.00,,
154.782254890,685027173,,instructions,100199516,100.00,1.82,insn per cycle
154.782254890,375748294,,cycles,100199906,100.00,,
154.882440337,51520,,rD044,100185056,100.00,,
154.882440337,7624083,,rFF44,100185126,100.00,,
154.882440337,648499460,,instructions,100184855,100.00,1.73,insn per cycle
154.882440337,375693261,,cycles,100185215,100.00,,
154.982626393,1120307,,rD044,100167826,100.00,,
154.982626393,18628345,,rFF44,100168666,100.00,,
154.982626393,1021540207,,instructions,100169066,100.00,2.72,insn per cycle
154.982626393,375602500,,cycles,100169466,100.00,,
155.082815550,260103,,rD044,100188315,100.00,,
155.082815550,12038882,,rFF44,100188685,100.00,,
155.082815550,910799131,,instructions,100188465,100.00,2.42,insn per cycle
155.082815550,375705066,,cycles,100188375,100.00,,
155.183004136,1441270,,rD044,100187526,100.00,,
155.183004136,28777014,,rFF44,100186196,100.00,,
155.183004136,1485862034,,instructions,100186416,100.00,3.95,insn per cycle
155.183004136,375695483,,cycles,100185816,100.00,,
155.283190562,52310,,rD044,100185645,100.00,,
155.283190562,7237224,,rFF44,100185625,100.00,,
155.283190562,631815538,,instructions,100185335,100.00,1.68,insn per cycle
155.283190562,375695762,,cycles,100185885,100.00,,
155.383376969,52888,,rD044,100185636,100.00,,
155.383376969,7092463,,rFF44,100185686,100.00,,
155.383376969,620563752,,instructions,100186636,100.00,1.65,insn per cycle
155.383376969,375695047,,cycles,100185706,100.00,,
155.483564675,12948,,rD044,100186775,100.00,,
155.483564675,6115989,,rFF44,100186475,100.00,,
155.483564675,575702957,,instructions,100185735,100.00,1.53,insn per cycle
155.483564675,375697995,,cycles,100186485,100.00,,
155.583754392,21916,,rD044,100188266,100.00,,
155.583754392,7325563,,rFF44,100189366,100.00,,
155.583754392,648388932,,instructions,100190096,100.00,1.73,insn per cycle
155.583754392,375709285,,cycles,100189496,100.00,,
155.683941168,211513,,rD044,100185815,100.00,,
155.683941168,10085146,,rFF44,100185275,100.00,,
155.683941168,756791698,,instructions,100184185,100.00,2.01,insn per cycle
155.683941168,375692728,,cycles,100185085,100.00,,
155.784130824,19228,,rD044,100188846,100.00,,
155.784130824,6240963,,rFF44,100188736,100.00,,
155.784130824,584527083,,instructions,100188676,100.00,1.56,insn per cycle
155.784130824,375704674,,cycles,100188266,100.00,,
155.884318091,97941,,rD044,100187015,100.00,,
155.884318091,8516475,,rFF44,100186885,100.00,,
155.884318091,681765386,,instructions,100187125,100.00,1.81,insn per cycle
155.884318091,375698848,,cycles,100187525,100.00,,
155.984509287,55228,,rD044,100189986,100.00,,
155.984509287,7725463,,rFF44,100189756,100.00,,
155.984509287,670122580,,instructions,100189536,100.00,1.78,insn per cycle
155.984509287,375705879,,cycles,100188596,100.00,,
156.084694494,55703,,rD044,100166815,100.00,,
156.084694494,7340690,,rFF44,100166935,100.00,,
156.084694494,661241706,,instructions,100168246,100.00,1.76,insn per cycle
156.084694494,375601450,,cycles,100168506,100.00,,
156.184882120,1094470,,rD044,100186876,100.00,,
156.184882120,21107672,,rFF44,100187256,100.00,,
156.184882120,1130720522,,instructions,100186095,100.00,3.01,insn per cycle
156.184882120,375696833,,cycles,100186165,100.00,,
156.285067656,539572,,rD044,100184406,100.00,,
156.285067656,13968162,,rFF44,100184636,100.00,,
156.285067656,899449342,,instructions,100184766,100.00,2.39,insn per cycle
156.285067656,375690838,,cycles,100184586,100.00,,
156.385267753,16775,,rD044,100199435,100.00,,
156.385267753,7115371,,rFF44,100198825,100.00,,
156.385267753,620510030,,instructions,100199365,100.00,1.65,insn per cycle
156.385267753,375749405,,cycles,100200185,100.00,,
156.485455009,282214,,rD044,100187056,100.00,,
156.485455009,11600811,,rFF44,100187526,100.00,,
156.485455009,839290389,,instructions,100186926,100.00,2.23,insn per cycle
156.485455009,375699339,,cycles,100186866,100.00,,
156.585641776,35266,,rD044,100186085,100.00,,
156.585641776,6949954,,rFF44,100186105,100.00,,
156.585641776,622697360,,instructions,100187065,100.00,1.66,insn per cycle
156.585641776,375699113,,cycles,100186775,100.00,,
156.685828652,174129,,rD044,100185486,100.00,,
156.685828652,9420569,,rFF44,100185006,100.00,,
156.685828652,721836469,,instructions,100184546,100.00,1.92,insn per cycle
156.685828652,375688364,,cycles,100183946,100.00,,
156.786014429,9578,,rD044,100184635,100.00,,
156.786014429,6538818,,rFF44,100184755,100.00,,
156.786014429,597749629,,instructions,100184225,100.00,1.59,insn per cycle
156.786014429,375691155,,cycles,100184645,100.00,,
156.886198515,122693,,rD044,100183716,100.00,,
156.886198515,8986255,,rFF44,100184686,100.00,,
156.886198515,680715622,,instructions,100184326,100.00,1.81,insn per cycle
156.886198515,375693934,,cycles,100185406,100.00,,
156.986387261,16032,,rD044,100188175,100.00,,
156.986387261,6246227,,rFF44,100187225,100.00,,
156.986387261,590154597,,instructions,100187235,100.00,1.57,insn per cycle
156.986387261,375696454,,cycles,100186065,100.00,,
157.086570688,136834,,rD044,100163046,100.00,,
157.086570688,9417146,,rFF44,100163346,100.00,,
157.086570688,722152606,,instructions,100163456,100.00,1.92,insn per cycle
157.086570688,375583468,,cycles,100163436,100.00,,
157.186757164,95663,,rD044,100186775,100.00,,
157.186757164,9723831,,rFF44,100186465,100.00,,
157.186757164,717353669,,instructions,100187075,100.00,1.91,insn per cycle
157.186757164,375698880,,cycles,100186715,100.00,,
157.286946891,8366,,rD044,100188206,100.00,,
157.286946891,5449481,,rFF44,100188276,100.00,,
157.286946891,531674950,,instructions,100188366,100.00,1.42,insn per cycle
157.286946891,375708648,,cycles,100189336,100.00,,
157.387134117,38555,,rD044,100186805,100.00,,
157.387134117,7631948,,rFF44,100186885,100.00,,
157.387134117,628471792,,instructions,100186885,100.00,1.67,insn per cycle
157.387134117,375699041,,cycles,100186766,100.00,,
157.487322583,4418,,rD044,100187796,100.00,,
157.487322583,5814226,,rFF44,100187436,100.00,,
157.487322583,529928065,,instructions,100187176,100.00,1.41,insn per cycle
157.487322583,375699663,,cycles,100186935,100.00,,
157.587508600,80359,,rD044,100185676,100.00,,
157.587508600,6948133,,rFF44,100186166,100.00,,
157.587508600,611025834,,instructions,100186016,100.00,1.63,insn per cycle
157.587508600,375698141,,cycles,100186526,100.00,,
157.687697156,204495,,rD044,100186655,100.00,,
157.687697156,11134338,,rFF44,100186915,100.00,,
157.687697156,768118055,,instructions,100186825,100.00,2.04,insn per cycle
157.687697156,375698476,,cycles,100186605,100.00,,
157.787883963,15462,,rD044,100186846,100.00,,
157.787883963,6494626,,rFF44,100186986,100.00,,
157.787883963,582967793,,instructions,100187036,100.00,1.55,insn per cycle
157.787883963,375697316,,cycles,100186316,100.00,,
157.888073069,5454,,rD044,100187275,100.00,,
157.888073069,6194992,,rFF44,100186745,100.00,,
157.888073069,573844789,,instructions,100186665,100.00,1.53,insn per cycle
157.888073069,375702181,,cycles,100187605,100.00,,
157.988272736,124552,,rD044,100181296,100.00,,
157.988272736,10898675,,rFF44,100181426,100.00,,
157.988272736,762538312,,instructions,100182226,100.00,2.03,insn per cycle
157.988272736,375651690,,cycles,100181176,100.00,,
158.088457202,43343,,rD044,100184075,100.00,,
158.088457202,6899927,,rFF44,100183705,100.00,,
158.088457202,614694755,,instructions,100183095,100.00,1.64,insn per cycle
158.088457202,375688390,,cycles,100183735,100.00,,
158.188643708,81206,,rD044,100185536,100.00,,
158.188643708,8049329,,rFF44,100185626,100.00,,
158.188643708,672753299,,instructions,100185316,100.00,1.79,insn per cycle
158.188643708,375691760,,cycles,100184836,100.00,,
158.288829445,41444,,rD044,100185395,100.00,,
158.288829445,8155887,,rFF44,100185905,100.00,,
158.288829445,682177481,,instructions,100186025,100.00,1.82,insn per cycle
158.288829445,375696404,,cycles,100186045,100.00,,
158.389017061,5192,,rD044,100186306,100.00,,
158.389017061,6004765,,rFF44,100186116,100.00,,
158.389017061,572518208,,instructions,100186506,100.00,1.52,insn per cycle
158.389017061,375699247,,cycles,100186836,100.00,,
158.489205087,24200,,rD044,100187125,100.00,,
158.489205087,6988355,,rFF44,100188075,100.00,,
158.489205087,575369643,,instructions,100187445,100.00,1.53,insn per cycle
158.489205087,375702371,,cycles,100187645,100.00,,
158.589397464,400675,,rD044,100182565,100.00,,
158.589397464,13846790,,rFF44,100181575,100.00,,
158.589397464,943530546,,instructions,100182845,100.00,2.51,insn per cycle
158.589397464,375659718,,cycles,100183895,100.00,,
158.689588230,637597,,rD044,100189835,100.00,,
158.689588230,26298770,,rFF44,100191076,100.00,,
158.689588230,1551924203,,instructions,100190676,100.00,4.13,insn per cycle
158.689588230,375707047,,cycles,100188906,100.00,,
158.789780617,825558,,rD044,100191836,100.00,,
158.789780617,27106543,,rFF44,100190625,100.00,,
158.789780617,1582470532,,instructions,100190165,100.00,4.21,insn per cycle
158.789780617,375713942,,cycles,100190745,100.00,,
158.889969903,2118088,,rD044,100188226,100.00,,
158.889969903,29923245,,rFF44,100188486,100.00,,
158.889969903,1694500978,,instructions,100188556,100.00,4.51,insn per cycle
158.889969903,375707058,,cycles,100188896,100.00,,
158.990157710,634299,,rD044,100186705,100.00,,
158.990157710,15956694,,rFF44,100186745,100.00,,
158.990157710,1079650828,,instructions,100186585,100.00,2.87,insn per cycle
158.990157710,375698767,,cycles,100186695,100.00,,
159.090343116,95416,,rD044,100165376,100.00,,
159.090343116,8801677,,rFF44,100166066,100.00,,
159.090343116,699200587,,instructions,100166886,100.00,1.86,insn per cycle
159.090343116,375590070,,cycles,100166876,100.00,,
159.190531962,50246,,rD044,100188205,100.00,,
159.190531962,7640660,,rFF44,100186865,100.00,,
159.190531962,654403568,,instructions,100186015,100.00,1.74,insn per cycle
159.190531962,375697467,,cycles,100186345,100.00,,
159.290719479,469874,,rD044,100187306,100.00,,
159.290719479,15075686,,rFF44,100187246,100.00,,
159.290719479,942682525,,instructions,100186996,100.00,2.51,insn per cycle
159.290719479,375697067,,cycles,100186246,100.00,,
159.390906565,24967,,rD044,100185815,100.00,,
159.390906565,6302416,,rFF44,100186245,100.00,,
159.390906565,585807136,,instructions,100186595,100.00,1.56,insn per cycle
159.390906565,375699205,,cycles,100186805,100.00,,
159.491095362,9570,,rD044,100200356,100.00,,
159.491095362,6288937,,rFF44,100200146,100.00,,
159.491095362,559821190,,instructions,100200076,100.00,1.49,insn per cycle
159.491095362,375749137,,cycles,100200126,100.00,,
159.591292348,27037,,rD044,100183525,100.00,,
159.591292348,7048058,,rFF44,100183505,100.00,,
159.591292348,604698900,,instructions,100183745,100.00,1.61,insn per cycle
159.591292348,375686091,,cycles,100183315,100.00,,
159.691477545,18869,,rD044,100185056,100.00,,
159.691477545,7534460,,rFF44,100184786,100.00,,
159.691477545,648086496,,instructions,100184816,100.00,1.73,insn per cycle
159.691477545,375692592,,cycles,100185046,100.00,,
159.791663241,33296,,rD044,100184565,100.00,,
159.791663241,7280594,,rFF44,100184745,100.00,,
159.791663241,598182050,,instructions,100184325,100.00,1.59,insn per cycle
159.791663241,375686828,,cycles,100183505,100.00,,
159.891849737,12946,,rD044,100185586,100.00,,
159.891849737,5611093,,rFF44,100185096,100.00,,
159.891849737,539569385,,instructions,100185436,100.00,1.44,insn per cycle
159.891849737,375697772,,cycles,100186436,100.00,,
159.992036774,52226,,rD044,100167876,100.00,,
159.992036774,7544613,,rFF44,100168286,100.00,,
159.992036774,638497458,,instructions,100168066,100.00,1.70,insn per cycle
159.992036774,375598239,,cycles,100167396,100.00,,
160.092233830,113931,,rD044,100196955,100.00,,
160.092233830,8274086,,rFF44,100196615,100.00,,
160.092233830,676488322,,instructions,100196815,100.00,1.80,insn per cycle
160.092233830,375740007,,cycles,100197695,100.00,,
160.192420617,143044,,rD044,100187116,100.00,,
160.192420617,10793431,,rFF44,100187826,100.00,,
160.192420617,838105834,,instructions,100188426,100.00,2.23,insn per cycle
160.192420617,375702821,,cycles,100187776,100.00,,
160.292610753,964418,,rD044,100188535,100.00,,
160.292610753,26537249,,rFF44,100188665,100.00,,
160.292610753,1555886153,,instructions,100188075,100.00,4.14,insn per cycle
160.292610753,375704269,,cycles,100188155,100.00,,
160.392797929,459899,,rD044,100185826,100.00,,
160.392797929,14743162,,rFF44,100185726,100.00,,
160.392797929,940301064,,instructions,100185486,100.00,2.50,insn per cycle
160.392797929,375693545,,cycles,100185276,100.00,,
160.492985336,22773,,rD044,100186765,100.00,,
160.492985336,6947053,,rFF44,100186705,100.00,,
160.492985336,616949563,,instructions,100187155,100.00,1.64,insn per cycle
160.492985336,375704179,,cycles,100188155,100.00,,
160.593173172,32238,,rD044,100187156,100.00,,
160.593173172,6561969,,rFF44,100187466,100.00,,
160.593173172,591030492,,instructions,100188006,100.00,1.57,insn per cycle
160.593173172,375700685,,cycles,100187216,100.00,,
160.693361339,186678,,rD044,100187415,100.00,,
160.693361339,9981524,,rFF44,100187615,100.00,,
160.693361339,739286121,,instructions,100186925,100.00,1.97,insn per cycle
160.693361339,375699413,,cycles,100186865,100.00,,
160.793548205,9352,,rD044,100185626,100.00,,
160.793548205,6879858,,rFF44,100185046,100.00,,
160.793548205,577471226,,instructions,100184626,100.00,1.54,insn per cycle
160.793548205,375692240,,cycles,100184956,100.00,,
160.893736232,8863,,rD044,100187795,100.00,,
160.893736232,5929190,,rFF44,100188065,100.00,,
160.893736232,557017221,,instructions,100188335,100.00,1.48,insn per cycle
160.893736232,375702665,,cycles,100187725,100.00,,
160.993924128,173193,,rD044,100170466,100.00,,
160.993924128,10647251,,rFF44,100170456,100.00,,
160.993924128,754745260,,instructions,100170006,100.00,2.01,insn per cycle
160.993924128,375608257,,cycles,100170156,100.00,,
161.094112094,9305,,rD044,100186995,100.00,,
161.094112094,5959030,,rFF44,100187365,100.00,,
161.094112094,562551531,,instructions,100187426,100.00,1.50,insn per cycle
161.094112094,375700366,,cycles,100187726,100.00,,
161.194298531,63550,,rD044,100185616,100.00,,
161.194298531,9100826,,rFF44,100185486,100.00,,
161.194298531,673692003,,instructions,100185855,100.00,1.79,insn per cycle
161.194298531,375697285,,cycles,100186295,100.00,,
161.294489317,7765,,rD044,100190256,100.00,,
161.294489317,5923953,,rFF44,100190406,100.00,,
161.294489317,565222029,,instructions,100190226,100.00,1.50,insn per cycle
161.294489317,375710277,,cycles,100189756,100.00,,
161.394678724,15811,,rD044,100188915,100.00,,
161.394678724,6452156,,rFF44,100188555,100.00,,
161.394678724,561400944,,instructions,100188685,100.00,1.49,insn per cycle
161.394678724,375708933,,cycles,100189405,100.00,,
161.494867090,11091,,rD044,100187526,100.00,,
161.494867090,6295076,,rFF44,100187216,100.00,,
161.494867090,546922269,,instructions,100187106,100.00,1.46,insn per cycle
161.494867090,375697975,,cycles,100186486,100.00,,
161.595049126,154591,,rD044,100181565,100.00,,
161.595049126,10319425,,rFF44,100181525,100.00,,
161.595049126,749083740,,instructions,100182125,100.00,1.99,insn per cycle
161.595049126,375680569,,cycles,100181835,100.00,,
161.695246593,39671,,rD044,100195826,100.00,,
161.695246593,7487381,,rFF44,100196546,100.00,,
161.695246593,655690485,,instructions,100196586,100.00,1.75,insn per cycle
161.695246593,375737302,,cycles,100196976,100.00,,
161.795434989,68356,,rD044,100188295,100.00,,
161.795434989,7172857,,rFF44,100187535,100.00,,
161.795434989,621788496,,instructions,100187215,100.00,1.66,insn per cycle
161.795434989,375701750,,cycles,100187485,100.00,,
161.895623336,54048,,rD044,100186926,100.00,,
161.895623336,7715427,,rFF44,100186696,100.00,,
161.895623336,636397003,,instructions,100186436,100.00,1.69,insn per cycle
161.895623336,375694285,,cycles,100185496,100.00,,
161.995810322,21253,,rD044,100186965,100.00,,
161.995810322,6407114,,rFF44,100187735,100.00,,
161.995810322,606438759,,instructions,100187575,100.00,1.61,insn per cycle
161.995810322,375703214,,cycles,100187885,100.00,,
162.095996148,293166,,rD044,100161766,100.00,,
162.095996148,14947997,,rFF44,100162096,100.00,,
162.095996148,919546624,,instructions,100162206,100.00,2.45,insn per cycle
162.095996148,375580961,,cycles,100162406,100.00,,
162.196186215,517754,,rD044,100188735,100.00,,
162.196186215,19398896,,rFF44,100187915,100.00,,
162.196186215,1075586855,,instructions,100188775,100.00,2.86,insn per cycle
162.196186215,375706560,,cycles,100188775,100.00,,
162.296375531,31319,,rD044,100187786,100.00,,
162.296375531,6898632,,rFF44,100188066,100.00,,
162.296375531,595469792,,instructions,100188186,100.00,1.58,insn per cycle
162.296375531,375702838,,cycles,100187776,100.00,,
162.396565488,12277,,rD044,100190206,100.00,,
162.396565488,6008754,,rFF44,100189736,100.00,,
162.396565488,555151336,,instructions,100188786,100.00,1.48,insn per cycle
162.396565488,375707123,,cycles,100188916,100.00,,
162.496751794,51920,,rD044,100185265,100.00,,
162.496751794,6935891,,rFF44,100186135,100.00,,
162.496751794,609761835,,instructions,100186435,100.00,1.62,insn per cycle
162.496751794,375700193,,cycles,100187905,100.00,,
162.596950003,65568,,rD044,100186006,100.00,,
162.596950003,7966209,,rFF44,100184706,100.00,,
162.596950003,634460411,,instructions,100184726,100.00,1.69,insn per cycle
162.596950003,375657915,,cycles,100183116,100.00,,
162.697138621,34552,,rD044,100187625,100.00,,
162.697138621,6847274,,rFF44,100188365,100.00,,
162.697138621,581554997,,instructions,100188515,100.00,1.55,insn per cycle
162.697138621,375709613,,cycles,100189585,100.00,,
162.797326429,37811,,rD044,100187566,100.00,,
162.797326429,6794262,,rFF44,100187196,100.00,,
162.797326429,592397954,,instructions,100186536,100.00,1.58,insn per cycle
162.797326429,375694615,,cycles,100185586,100.00,,
162.897511748,250028,,rD044,100184425,100.00,,
162.897511748,11665668,,rFF44,100184955,100.00,,
162.897511748,753815715,,instructions,100185505,100.00,2.01,insn per cycle
162.897511748,375695980,,cycles,100185955,100.00,,
162.997701256,60861,,rD044,100167406,100.00,,
162.997701256,9319217,,rFF44,100166846,100.00,,
162.997701256,676500658,,instructions,100166806,100.00,1.80,insn per cycle
162.997701256,375594610,,cycles,100166546,100.00,,
163.097883744,18359,,rD044,100182585,100.00,,
163.097883744,5986743,,rFF44,100183765,100.00,,
163.097883744,545033017,,instructions,100183505,100.00,1.45,insn per cycle
163.097883744,375686572,,cycles,100183435,100.00,,
163.198072253,75604,,rD044,100186746,100.00,,
163.198072253,7352501,,rFF44,100185786,100.00,,
163.198072253,614637972,,instructions,100185676,100.00,1.64,insn per cycle
163.198072253,375694262,,cycles,100185496,100.00,,
163.298271191,33251,,rD044,100198775,100.00,,
163.298271191,7107983,,rFF44,100198925,100.00,,
163.298271191,576286964,,instructions,100198795,100.00,1.53,insn per cycle
163.298271191,375747732,,cycles,100199755,100.00,,
163.398459180,3239,,rD044,100186646,100.00,,
163.398459180,5303284,,rFF44,100186376,100.00,,
163.398459180,506770625,,instructions,100186926,100.00,1.35,insn per cycle
163.398459180,375695908,,cycles,100185926,100.00,,
163.498643718,77131,,rD044,100184175,100.00,,
163.498643718,8773719,,rFF44,100184525,100.00,,
163.498643718,667476685,,instructions,100184496,100.00,1.78,insn per cycle
163.498643718,375690362,,cycles,100184456,100.00,,
163.598824426,29242,,rD044,100179576,100.00,,
163.598824426,6483994,,rFF44,100179746,100.00,,
163.598824426,562709390,,instructions,100179265,100.00,1.50,insn per cycle
163.598824426,375669740,,cycles,100178945,100.00,,
163.699009844,47698,,rD044,100185546,100.00,,
163.699009844,7164380,,rFF44,100184436,100.00,,
163.699009844,591629620,,instructions,100184376,100.00,1.57,insn per cycle
163.699009844,375689955,,cycles,100184346,100.00,,
163.799195653,25464,,rD044,100183885,100.00,,
163.799195653,6929779,,rFF44,100184675,100.00,,
163.799195653,599426238,,instructions,100185715,100.00,1.60,insn per cycle
163.799195653,375696874,,cycles,100186195,100.00,,
163.899382061,252525,,rD044,100185966,100.00,,
163.899382061,11804927,,rFF44,100185946,100.00,,
163.899382061,754388815,,instructions,100185176,100.00,2.01,insn per cycle
163.899382061,375695035,,cycles,100185696,100.00,,
163.999571079,47052,,rD044,100173005,100.00,,
163.999571079,8269298,,rFF44,100172785,100.00,,
163.999571079,627129344,,instructions,100172765,100.00,1.67,insn per cycle
163.999571079,375614929,,cycles,100172525,100.00,,
164.099749418,10449,,rD044,100177746,100.00,,
164.099749418,6647206,,rFF44,100178146,100.00,,
164.099749418,562330757,,instructions,100178396,100.00,1.50,insn per cycle
164.099749418,375666390,,cycles,100177876,100.00,,
164.199934816,3667,,rD044,100185325,100.00,,
164.199934816,5939306,,rFF44,100184915,100.00,,
164.199934816,531196300,,instructions,100184865,100.00,1.41,insn per cycle
164.199934816,375692144,,cycles,100184915,100.00,,
164.300122674,6657,,rD044,100186896,100.00,,
164.300122674,5364068,,rFF44,100187576,100.00,,
164.300122674,516166942,,instructions,100187766,100.00,1.37,insn per cycle
164.300122674,375705747,,cycles,100188556,100.00,,
164.400310543,88370,,rD044,100186785,100.00,,
164.400310543,12766132,,rFF44,100186545,100.00,,
164.400310543,851517687,,instructions,100187015,100.00,2.27,insn per cycle
164.400310543,375697729,,cycles,100186415,100.00,,
164.500498251,86804,,rD044,100186036,100.00,,
164.500498251,9731307,,rFF44,100186026,100.00,,
164.500498251,677698721,,instructions,100185026,100.00,1.80,insn per cycle
164.500498251,375690939,,cycles,100184606,100.00,,
164.600674129,5433,,rD044,100176375,100.00,,
164.600674129,5212328,,rFF44,100176235,100.00,,
164.600674129,499188475,,instructions,100177145,100.00,1.33,insn per cycle
164.600674129,375665637,,cycles,100177865,100.00,,
164.700862338,25260,,rD044,100187046,100.00,,
164.700862338,6998443,,rFF44,100187236,100.00,,
164.700862338,618479520,,instructions,100187166,100.00,1.65,insn per cycle
164.700862338,375700116,,cycles,100187056,100.00,,
164.801048876,52263,,rD044,100186475,100.00,,
164.801048876,8274519,,rFF44,100186415,100.00,,
164.801048876,658861177,,instructions,100186005,100.00,1.75,insn per cycle
164.801048876,375695528,,cycles,100185815,100.00,,
164.901249344,60939,,rD044,100199066,100.00,,
164.901249344,7333463,,rFF44,100198826,100.00,,
164.901249344,579541734,,instructions,100198766,100.00,1.54,insn per cycle
164.901249344,375743256,,cycles,100198566,100.00,,
165.001434433,8641,,rD044,100184745,100.00,,
165.001434433,6277433,,rFF44,100185105,100.00,,
165.001434433,563947747,,instructions,100184525,100.00,1.50,insn per cycle
165.001434433,375694369,,cycles,100185516,100.00,,
165.101614171,31791,,rD044,100177516,100.00,,
165.101614171,7222789,,rFF44,100176676,100.00,,
165.101614171,591985680,,instructions,100177466,100.00,1.58,insn per cycle
165.101614171,375652804,,cycles,100176105,100.00,,
165.201797979,2425,,rD044,100184065,100.00,,
165.201797979,5892227,,rFF44,100185026,100.00,,
165.201797979,527808039,,instructions,100184386,100.00,1.40,insn per cycle
165.201797979,375694292,,cycles,100185496,100.00,,
165.301985608,4418,,rD044,100186356,100.00,,
165.301985608,5912884,,rFF44,100186065,100.00,,
165.301985608,560056704,,instructions,100186135,100.00,1.49,insn per cycle
165.301985608,375694508,,cycles,100185565,100.00,,
165.402170616,223538,,rD044,100184316,100.00,,
165.402170616,11655955,,rFF44,100184196,100.00,,
165.402170616,796363729,,instructions,100184846,100.00,2.12,insn per cycle
165.402170616,375690811,,cycles,100184576,100.00,,
165.502356494,27466,,rD044,100184405,100.00,,
165.502356494,6899633,,rFF44,100183995,100.00,,
165.502356494,630628028,,instructions,100183005,100.00,1.68,insn per cycle
165.502356494,375684681,,cycles,100182935,100.00,,
165.602534643,22420,,rD044,100178046,100.00,,
165.602534643,6544578,,rFF44,100177906,100.00,,
165.602534643,582166479,,instructions,100178486,100.00,1.55,insn per cycle
165.602534643,375669566,,cycles,100178906,100.00,,
165.702722071,14609,,rD044,100186895,100.00,,
165.702722071,6976244,,rFF44,100187075,100.00,,
165.702722071,659582226,,instructions,100186745,100.00,1.76,insn per cycle
165.702722071,375700107,,cycles,100187045,100.00,,
165.802909799,880253,,rD044,100187766,100.00,,
165.802909799,25759862,,rFF44,100187926,100.00,,
165.802909799,1555687678,,instructions,100187846,100.00,4.14,insn per cycle
165.802909799,375702758,,cycles,100187766,100.00,,
165.903098707,835784,,rD044,100201115,100.00,,
165.903098707,25286093,,rFF44,100201285,100.00,,
165.903098707,1379062275,,instructions,100202115,100.00,3.67,insn per cycle
165.903098707,375756429,,cycles,100202065,100.00,,
166.003299286,1235128,,rD044,100185496,100.00,,
166.003299286,25169980,,rFF44,100186286,100.00,,
166.003299286,1308899419,,instructions,100185886,100.00,3.48,insn per cycle
166.003299286,375696014,,cycles,100185956,100.00,,
166.103478214,489528,,rD044,100178465,100.00,,
166.103478214,13538531,,rFF44,100177925,100.00,,
166.103478214,913189969,,instructions,100177125,100.00,2.43,insn per cycle
166.103478214,375660039,,cycles,100176365,100.00,,
166.203664903,65792,,rD044,100186076,100.00,,
166.203664903,8776872,,rFF44,100186006,100.00,,
166.203664903,712756973,,instructions,100186806,100.00,1.90,insn per cycle
166.203664903,375700174,,cycles,100188546,100.00,,
166.303854061,92430,,rD044,100188505,100.00,,
166.303854061,8531714,,rFF44,100188465,100.00,,
166.303854061,741812281,,instructions,100188925,100.00,1.97,insn per cycle
166.303854061,375702469,,cycles,100187685,100.00,,
166.404041629,67692,,rD044,100186966,100.00,,
166.404041629,8342442,,rFF44,100187096,100.00,,
166.404041629,725446513,,instructions,100186776,100.00,1.93,insn per cycle
166.404041629,375700651,,cycles,100187196,100.00,,
166.504239858,113024,,rD044,100196665,100.00,,
166.504239858,8320840,,rFF44,100196435,100.00,,
166.504239858,708245284,,instructions,100196296,100.00,1.88,insn per cycle
166.504239858,375734823,,cycles,100196306,100.00,,
166.604428636,66540,,rD044,100176436,100.00,,
166.604428636,8535818,,rFF44,100175936,100.00,,
166.604428636,736642780,,instructions,100176445,100.00,1.96,insn per cycle
166.604428636,375630832,,cycles,100176565,100.00,,
166.704615044,33427,,rD044,100186746,100.00,,
166.704615044,8636684,,rFF44,100187206,100.00,,
166.704615044,735138242,,instructions,100186526,100.00,1.96,insn per cycle
166.704615044,375696870,,cycles,100186186,100.00,,
166.804802373,193054,,rD044,100186515,100.00,,
166.804802373,11058873,,rFF44,100186355,100.00,,
166.804802373,865592077,,instructions,100186255,100.00,2.30,insn per cycle
166.804802373,375697379,,cycles,100186315,100.00,,
166.904991771,45429,,rD044,100188766,100.00,,
166.904991771,7335843,,rFF44,100189366,100.00,,
166.904991771,671390472,,instructions,100190186,100.00,1.79,insn per cycle
166.904991771,375710949,,cycles,100189946,100.00,,
167.005179850,137605,,rD044,100187135,100.00,,
167.005179850,9141580,,rFF44,100186525,100.00,,
167.005179850,738706862,,instructions,100185915,100.00,1.97,insn per cycle
167.005179850,375693972,,cycles,100185415,100.00,,
167.105358478,35548,,rD044,100177156,100.00,,
167.105358478,7930357,,rFF44,100177906,100.00,,
167.105358478,690574295,,instructions,100178416,100.00,1.84,insn per cycle
167.105358478,375669418,,cycles,100178866,100.00,,
167.205542676,240253,,rD044,100183495,100.00,,
167.205542676,11324408,,rFF44,100182955,100.00,,
167.205542676,830258689,,instructions,100182275,100.00,2.21,insn per cycle
167.205542676,375688139,,cycles,100183865,100.00,,
167.305731914,104754,,rD044,100190096,100.00,,
167.305731914,9469128,,rFF44,100190836,100.00,,
167.305731914,755051928,,instructions,100191046,100.00,2.01,insn per cycle
167.305731914,375709678,,cycles,100189606,100.00,,
167.405922833,140626,,rD044,100189535,100.00,,
167.405922833,9211762,,rFF44,100189105,100.00,,
167.405922833,725047861,,instructions,100189095,100.00,1.93,insn per cycle
167.405922833,375710445,,cycles,100189795,100.00,,
167.506112681,30685,,rD044,100187476,100.00,,
167.506112681,7560304,,rFF44,100186946,100.00,,
167.506112681,638814772,,instructions,100187186,100.00,1.70,insn per cycle
167.506112681,375700783,,cycles,100187236,100.00,,
167.606293400,14000,,rD044,100180505,100.00,,
167.606293400,6589264,,rFF44,100180835,100.00,,
167.606293400,618412924,,instructions,100180635,100.00,1.65,insn per cycle
167.606293400,375672317,,cycles,100179635,100.00,,
167.706482158,113383,,rD044,100187886,100.00,,
167.706482158,9269215,,rFF44,100187396,100.00,,
167.706482158,690260597,,instructions,100186876,100.00,1.84,insn per cycle
167.706482158,375698461,,cycles,100186626,100.00,,
167.806669436,6776,,rD044,100186475,100.00,,
167.806669436,6324400,,rFF44,100186965,100.00,,
167.806669436,594455736,,instructions,100187175,100.00,1.58,insn per cycle
167.806669436,375701501,,cycles,100187415,100.00,,
167.906856264,36120,,rD044,100186486,100.00,,
167.906856264,8034197,,rFF44,100186416,100.00,,
167.906856264,677205325,,instructions,100186596,100.00,1.80,insn per cycle
167.906856264,375699689,,cycles,100186936,100.00,,
168.007043033,109691,,rD044,100185425,100.00,,
168.007043033,11292132,,rFF44,100185146,100.00,,
168.007043033,775122696,,instructions,100185106,100.00,2.06,insn per cycle
168.007043033,375693255,,cycles,100185226,100.00,,
168.107237781,8921,,rD044,100193896,100.00,,
168.107237781,6021336,,rFF44,100194295,100.00,,
168.107237781,573393844,,instructions,100194535,100.00,1.53,insn per cycle
168.107237781,375725539,,cycles,100195475,100.00,,
168.207429840,28309,,rD044,100190786,100.00,,
168.207429840,7588422,,rFF44,100190776,100.00,,
168.207429840,628642279,,instructions,100191576,100.00,1.67,insn per cycle
168.207429840,375708834,,cycles,100190196,100.00,,
168.307617418,13010,,rD044,100188195,100.00,,
168.307617418,6476304,,rFF44,100188515,100.00,,
168.307617418,609274057,,instructions,100187375,100.00,1.62,insn per cycle
168.307617418,375701533,,cycles,100187445,100.00,,
168.407802616,75879,,rD044,100184116,100.00,,
168.407802616,9984563,,rFF44,100184016,100.00,,
168.407802616,732981377,,instructions,100184416,100.00,1.95,insn per cycle
168.407802616,375688708,,cycles,100183996,100.00,,
168.507990765,11432,,rD044,100187095,100.00,,
168.507990765,6541250,,rFF44,100187585,100.00,,
168.507990765,596480189,,instructions,100187035,100.00,1.59,insn per cycle
168.507990765,375698919,,cycles,100187545,100.00,,
168.608170533,281991,,rD044,100178836,100.00,,
168.608170533,10906848,,rFF44,100178146,100.00,,
168.608170533,757790910,,instructions,100178606,100.00,2.02,insn per cycle
168.608170533,375669224,,cycles,100178816,100.00,,
168.708358281,62623,,rD044,100187035,100.00,,
168.708358281,8239138,,rFF44,100186675,100.00,,
168.708358281,636092598,,instructions,100187375,100.00,1.69,insn per cycle
168.708358281,375697194,,cycles,100187115,100.00,,
168.808553900,20717,,rD044,100194496,100.00,,
168.808553900,6604170,,rFF44,100194626,100.00,,
168.808553900,578059758,,instructions,100193716,100.00,1.54,insn per cycle
168.808553900,375723623,,cycles,100193316,100.00,,
168.908738788,29016,,rD044,100184865,100.00,,
168.908738788,6400943,,rFF44,100185475,100.00,,
168.908738788,582978510,,instructions,100185685,100.00,1.55,insn per cycle
168.908738788,375692495,,cycles,100185845,100.00,,
169.008926016,699954,,rD044,100186586,100.00,,
169.008926016,16649665,,rFF44,100186856,100.00,,
169.008926016,958997180,,instructions,100186426,100.00,2.55,insn per cycle
169.008926016,375700189,,cycles,100187076,100.00,,
169.109113885,599208,,rD044,100187175,100.00,,
169.109113885,25762610,,rFF44,100186735,100.00,,
169.109113885,1594066612,,instructions,100186865,100.00,4.24,insn per cycle
169.109113885,375699879,,cycles,100186985,100.00,,
169.209300753,317870,,rD044,100184546,100.00,,
169.209300753,17042952,,rFF44,100184016,100.00,,
169.209300753,946512266,,instructions,100184476,100.00,2.52,insn per cycle
169.209300753,375687404,,cycles,100183666,100.00,,
169.309487291,24125,,rD044,100186816,100.00,,
169.309487291,6234440,,rFF44,100186746,100.00,,
169.309487291,602262577,,instructions,100186296,100.00,1.60,insn per cycle
169.309487291,375698470,,cycles,100186616,100.00,,
169.409673720,67313,,rD044,100185715,100.00,,
169.409673720,10180270,,rFF44,100185865,100.00,,
169.409673720,731912366,,instructions,100186095,100.00,1.95,insn per cycle
169.409673720,375697407,,cycles,100186335,100.00,,
169.509861938,8418,,rD044,100187366,100.00,,
169.509861938,6362340,,rFF44,100187606,100.00,,
169.509861938,530662420,,instructions,100187226,100.00,1.41,insn per cycle
169.509861938,375698595,,cycles,100186646,100.00,,
169.610048356,9938,,rD044,100185325,100.00,,
169.610048356,5778211,,rFF44,100184965,100.00,,
169.610048356,536417910,,instructions,100185505,100.00,1.43,insn per cycle
169.610048356,375694477,,cycles,100185545,100.00,,
169.710249145,80265,,rD044,100198956,100.00,,
169.710249145,8071464,,rFF44,100199336,100.00,,
169.710249145,638576279,,instructions,100199426,100.00,1.70,insn per cycle
169.710249145,375748017,,cycles,100199836,100.00,,
169.810436103,249708,,rD044,100186355,100.00,,
169.810436103,11287482,,rFF44,100185915,100.00,,
169.810436103,784438877,,instructions,100185715,100.00,2.09,insn per cycle
169.810436103,375693140,,cycles,100185185,100.00,,
169.910621331,86723,,rD044,100184526,100.00,,
169.910621331,9644622,,rFF44,100184976,100.00,,
169.910621331,708360990,,instructions,100185496,100.00,1.89,insn per cycle
169.910621331,375695248,,cycles,100185756,100.00,,
170.010809880,12961,,rD044,100188945,100.00,,
170.010809880,6797228,,rFF44,100188875,100.00,,
170.010809880,541139581,,instructions,100188475,100.00,1.44,insn per cycle
170.010809880,375702993,,cycles,100188035,100.00,,
170.110996588,25967,,rD044,100185536,100.00,,
170.110996588,5855351,,rFF44,100185956,100.00,,
170.110996588,544366733,,instructions,100185596,100.00,1.45,insn per cycle
170.110996588,375697972,,cycles,100186266,100.00,,
170.211184907,5672,,rD044,100186785,100.00,,
170.211184907,6115215,,rFF44,100186165,100.00,,
170.211184907,529685167,,instructions,100186115,100.00,1.41,insn per cycle
170.211184907,375693538,,cycles,100185295,100.00,,
170.311369375,5452,,rD044,100183956,100.00,,
170.311369375,6469521,,rFF44,100184136,100.00,,
170.311369375,540937956,,instructions,100185066,100.00,1.44,insn per cycle
170.311369375,375695222,,cycles,100185756,100.00,,
170.411557973,5041,,rD044,100187825,100.00,,
170.411557973,5813961,,rFF44,100187745,100.00,,
170.411557973,541506049,,instructions,100186805,100.00,1.44,insn per cycle
170.411557973,375697178,,cycles,100186265,100.00,,
170.511743272,71426,,rD044,100183616,100.00,,
170.511743272,8783937,,rFF44,100184006,100.00,,
170.511743272,702760204,,instructions,100184186,100.00,1.87,insn per cycle
170.511743272,375690270,,cycles,100184426,100.00,,
170.611935260,14968,,rD044,100181086,100.00,,
170.611935260,6146755,,rFF44,100180576,100.00,,
170.611935260,571334480,,instructions,100180106,100.00,1.52,insn per cycle
170.611935260,375645465,,cycles,100180066,100.00,,
170.712117938,301571,,rD044,100182415,100.00,,
170.712117938,11009423,,rFF44,100182445,100.00,,
170.712117938,780531503,,instructions,100183085,100.00,2.08,insn per cycle
170.712117938,375688464,,cycles,100183745,100.00,,
170.812304577,101735,,rD044,100185546,100.00,,
170.812304577,10568599,,rFF44,100185416,100.00,,
170.812304577,755130640,,instructions,100184866,100.00,2.01,insn per cycle
170.812304577,375689976,,cycles,100184356,100.00,,
170.912489045,26196,,rD044,100183555,100.00,,
170.912489045,7835153,,rFF44,100183455,100.00,,
170.912489045,635109958,,instructions,100183655,100.00,1.69,insn per cycle
170.912489045,375688694,,cycles,100183995,100.00,,
171.012674883,14923,,rD044,100185526,100.00,,
171.012674883,6076448,,rFF44,100185676,100.00,,
171.012674883,575216978,,instructions,100185666,100.00,1.53,insn per cycle
171.012674883,375692959,,cycles,100185156,100.00,,
171.112861441,27848,,rD044,100185945,100.00,,
171.112861441,7275532,,rFF44,100185665,100.00,,
171.112861441,650824519,,instructions,100186015,100.00,1.73,insn per cycle
171.112861441,375698998,,cycles,100186745,100.00,,
171.213047200,205930,,rD044,100184706,100.00,,
171.213047200,15576595,,rFF44,100184866,100.00,,
171.213047200,1021510041,,instructions,100184816,100.00,2.72,insn per cycle
171.213047200,375690485,,cycles,100184496,100.00,,
171.313258548,47939,,rD044,100209995,100.00,,
171.313258548,7691473,,rFF44,100210715,100.00,,
171.313258548,645414474,,instructions,100211025,100.00,1.72,insn per cycle
171.313258548,375786955,,cycles,100211005,100.00,,
171.413447967,6003,,rD044,100189226,100.00,,
171.413447967,6396550,,rFF44,100188246,100.00,,
171.413447967,595039622,,instructions,100187916,100.00,1.58,insn per cycle
171.413447967,375701642,,cycles,100187456,100.00,,
171.513632955,49107,,rD044,100184665,100.00,,
171.513632955,7480009,,rFF44,100185505,100.00,,
171.513632955,636023660,,instructions,100185305,100.00,1.69,insn per cycle
171.513632955,375696045,,cycles,100185975,100.00,,
171.613820674,188520,,rD044,100186606,100.00,,
171.613820674,10675349,,rFF44,100187126,100.00,,
171.613820674,771939901,,instructions,100187066,100.00,2.05,insn per cycle
171.613820674,375702776,,cycles,100187766,100.00,,
171.714007512,48152,,rD044,100186085,100.00,,
171.714007512,7839713,,rFF44,100185545,100.00,,
171.714007512,650319007,,instructions,100185636,100.00,1.73,insn per cycle
171.714007512,375692024,,cycles,100184896,100.00,,
171.814193850,2498,,rD044,100185146,100.00,,
171.814193850,5661358,,rFF44,100184746,100.00,,
171.814193850,548120754,,instructions,100184635,100.00,1.46,insn per cycle
171.814193850,375692247,,cycles,100184955,100.00,,
171.914379168,148480,,rD044,100184956,100.00,,
171.914379168,9536868,,rFF44,100185126,100.00,,
171.914379168,729249989,,instructions,100185026,100.00,1.94,insn per cycle
171.914379168,375691152,,cycles,100184656,100.00,,
172.014570257,13532,,rD044,100190115,100.00,,
172.014570257,6464034,,rFF44,100191075,100.00,,
172.014570257,606959237,,instructions,100191345,100.00,1.62,insn per cycle
172.014570257,375717119,,cycles,100191585,100.00,,
172.114758675,26121,,rD044,100187046,100.00,,
172.114758675,7887959,,rFF44,100185876,100.00,,
172.114758675,625429781,,instructions,100186156,100.00,1.66,insn per cycle
172.114758675,375696394,,cycles,100186056,100.00,,
172.214945234,27952,,rD044,100185175,100.00,,
172.214945234,7322142,,rFF44,100186385,100.00,,
172.214945234,625402347,,instructions,100186295,100.00,1.66,insn per cycle
172.214945234,375701047,,cycles,100187305,100.00,,
172.315135092,19589,,rD044,100189546,100.00,,
172.315135092,6634744,,rFF44,100188946,100.00,,
172.315135092,602064400,,instructions,100188976,100.00,1.60,insn per cycle
172.315135092,375701739,,cycles,100187486,100.00,,
172.415324490,15686,,rD044,100188555,100.00,,
172.415324490,6869728,,rFF44,100188835,100.00,,
172.415324490,591380580,,instructions,100189245,100.00,1.57,insn per cycle
172.415324490,375708725,,cycles,100189355,100.00,,
172.515512859,487601,,rD044,100188156,100.00,,
172.515512859,18128631,,rFF44,100187196,100.00,,
172.515512859,1109495367,,instructions,100187046,100.00,2.95,insn per cycle
172.515512859,375701762,,cycles,100187496,100.00,,
172.615702077,248660,,rD044,100188425,100.00,,
172.615702077,10939904,,rFF44,100188685,100.00,,
172.615702077,836717311,,instructions,100188935,100.00,2.23,insn per cycle
172.615702077,375704565,,cycles,100188235,100.00,,
172.715891675,40933,,rD044,100188806,100.00,,
172.715891675,8310724,,rFF44,100189206,100.00,,
172.715891675,669655518,,instructions,100188336,100.00,1.78,insn per cycle
172.715891675,375709620,,cycles,100189586,100.00,,
172.816080534,30618,,rD044,100187335,100.00,,
172.816080534,6292380,,rFF44,100187805,100.00,,
172.816080534,568537481,,instructions,100187685,100.00,1.51,insn per cycle
172.816080534,375746296,,cycles,100199366,100.00,,
172.916278622,50234,,rD044,100197656,100.00,,
172.916278622,7670751,,rFF44,100196936,100.00,,
172.916278622,656097062,,instructions,100197046,100.00,1.75,insn per cycle
172.916278622,375689021,,cycles,100184095,100.00,,
173.016465281,26784,,rD044,100185936,100.00,,
173.016465281,7284157,,rFF44,100185966,100.00,,
173.016465281,628676588,,instructions,100186106,100.00,1.67,insn per cycle
173.016465281,375697282,,cycles,100186296,100.00,,
173.116650989,289376,,rD044,100184855,100.00,,
173.116650989,11566209,,rFF44,100184515,100.00,,
173.116650989,804237985,,instructions,100184015,100.00,2.14,insn per cycle
173.116650989,375691506,,cycles,100184755,100.00,,
173.216837887,22550,,rD044,100185836,100.00,,
173.216837887,7891254,,rFF44,100185926,100.00,,
173.216837887,654522231,,instructions,100186676,100.00,1.74,insn per cycle
173.216837887,375699993,,cycles,100187026,100.00,,
173.317026086,7551,,rD044,100187515,100.00,,
173.317026086,6727240,,rFF44,100187985,100.00,,
173.317026086,602848051,,instructions,100188535,100.00,1.60,insn per cycle
173.317026086,375700876,,cycles,100187255,100.00,,
173.417225314,23134,,rD044,100198326,100.00,,
173.417225314,6386225,,rFF44,100198156,100.00,,
173.417225314,592729239,,instructions,100197236,100.00,1.58,insn per cycle
173.417225314,375737289,,cycles,100196956,100.00,,
173.517410122,88833,,rD044,100183915,100.00,,
173.517410122,8789814,,rFF44,100184155,100.00,,
173.517410122,728695150,,instructions,100183965,100.00,1.94,insn per cycle
173.517410122,375691117,,cycles,100184655,100.00,,
173.617595451,9146,,rD044,100185446,100.00,,
173.617595451,6533855,,rFF44,100184636,100.00,,
173.617595451,615056708,,instructions,100185186,100.00,1.64,insn per cycle
173.617595451,375691822,,cycles,100184846,100.00,,
173.717782059,4744,,rD044,100185665,100.00,,
173.717782059,3506968,,rFF44,100185645,100.00,,
173.717782059,564170940,,instructions,100185705,100.00,1.50,insn per cycle
173.717782059,375696748,,cycles,100186155,100.00,,
173.817968397,1617,,rD044,100185106,100.00,,
173.817968397,2425379,,rFF44,100185756,100.00,,
173.817968397,541866486,,instructions,100185506,100.00,1.44,insn per cycle
173.817968397,375696253,,cycles,100186026,100.00,,
173.918154656,1159,,rD044,100185365,100.00,,
173.918154656,2427457,,rFF44,100184795,100.00,,
173.918154656,542550583,,instructions,100184795,100.00,1.44,insn per cycle
173.918154656,375689032,,cycles,100184095,100.00,,
174.018340474,1211,,rD044,100185256,100.00,,
174.018340474,2427483,,rFF44,100185906,100.00,,
174.018340474,541936327,,instructions,100185876,100.00,1.44,insn per cycle
174.018340474,375695986,,cycles,100185956,100.00,,
174.118528612,1409,,rD044,100187145,100.00,,
174.118528612,2427243,,rFF44,100186575,100.00,,
174.118528612,542273741,,instructions,100186375,100.00,1.44,insn per cycle
174.118528612,375697388,,cycles,100186325,100.00,,
174.218715821,1532,,rD044,100186266,100.00,,
174.218715821,2426609,,rFF44,100186386,100.00,,
174.218715821,542117432,,instructions,100186676,100.00,1.44,insn per cycle
174.218715821,375698662,,cycles,100186656,100.00,,
174.318902439,1630,,rD044,100185335,100.00,,
174.318902439,2426629,,rFF44,100185586,100.00,,
174.318902439,542253929,,instructions,100185556,100.00,1.44,insn per cycle
174.318902439,375694109,,cycles,100185456,100.00,,
174.419088517,1403,,rD044,100185766,100.00,,
174.419088517,2428610,,rFF44,100197415,100.00,,
174.419088517,542290924,,instructions,100197205,100.00,1.44,insn per cycle
174.419088517,375739966,,cycles,100197675,100.00,,
174.519286976,1245,,rD044,100196896,100.00,,
174.519286976,2426277,,rFF44,100185136,100.00,,
174.519286976,542287834,,instructions,100185186,100.00,1.44,insn per cycle
174.519286976,375691381,,cycles,100184726,100.00,,
174.619476954,1292,,rD044,100178625,100.00,,
174.619476954,2427360,,rFF44,100178595,100.00,,
174.619476954,542370769,,instructions,100178975,100.00,1.44,insn per cycle
174.619476954,375639888,,cycles,100178775,100.00,,
174.719661752,1463,,rD044,100183646,100.00,,
174.719661752,2426384,,rFF44,100183206,100.00,,
174.719661752,541673232,,instructions,100182346,100.00,1.44,insn per cycle
174.719661752,375684787,,cycles,100182976,100.00,,
174.819847651,1610,,rD044,100185035,100.00,,
174.819847651,2425752,,rFF44,100185565,100.00,,
174.819847651,541719528,,instructions,100186625,100.00,1.44,insn per cycle
174.819847651,375694998,,cycles,100185685,100.00,,
174.920033579,1437,,rD044,100185536,100.00,,
174.920033579,2425852,,rFF44,100185516,100.00,,
174.920033579,541782967,,instructions,100184976,100.00,1.44,insn per cycle
174.920033579,375696322,,cycles,100186036,100.00,,
175.020232648,1340,,rD044,100198985,100.00,,
175.020232648,2426700,,rFF44,100199155,100.00,,
175.020232648,542253088,,instructions,100199405,100.00,1.44,insn per cycle
175.020232648,375744515,,cycles,100198895,100.00,,
175.120418686,1411,,rD044,100184976,100.00,,
175.120418686,2425646,,rFF44,100184336,100.00,,
175.120418686,541699258,,instructions,100184046,100.00,1.44,insn per cycle
175.120418686,375690128,,cycles,100184386,100.00,,
175.220604504,1513,,rD044,100184285,100.00,,
175.220604504,2427124,,rFF44,100184205,100.00,,
175.220604504,542237340,,instructions,100184445,100.00,1.44,insn per cycle
175.220604504,375688932,,cycles,100184075,100.00,,
175.320788043,1366,,rD044,100182756,100.00,,
175.320788043,2427146,,rFF44,100182916,100.00,,
175.320788043,541800084,,instructions,100182936,100.00,1.44,insn per cycle
175.320788043,375686342,,cycles,100183386,100.00,,
175.420972381,1350,,rD044,100183565,100.00,,
175.420972381,2427943,,rFF44,100183745,100.00,,
175.420972381,541783324,,instructions,100183325,100.00,1.44,insn per cycle
175.420972381,375682856,,cycles,100182445,100.00,,
175.521156469,1428,,rD044,100183646,100.00,,
175.521156469,2429927,,rFF44,100183896,100.00,,
175.521156469,542309839,,instructions,100183996,100.00,1.44,insn per cycle
175.521156469,375689704,,cycles,100184276,100.00,,
175.621342227,1533,,rD044,100184495,100.00,,
175.621342227,2429306,,rFF44,100184146,100.00,,
175.621342227,541826194,,instructions,100184086,100.00,1.44,insn per cycle
175.621342227,375690742,,cycles,100184556,100.00,,
175.721527336,1324,,rD044,100184556,100.00,,
175.721527336,2427962,,rFF44,100184505,100.00,,
175.721527336,541582793,,instructions,100184635,100.00,1.44,insn per cycle
175.721527336,375691244,,cycles,100184695,100.00,,
175.821713584,1546,,rD044,100185856,100.00,,
175.821713584,2429058,,rFF44,100185686,100.00,,
175.821713584,541638269,,instructions,100185726,100.00,1.44,insn per cycle
175.821713584,375694871,,cycles,100185646,100.00,,
175.921899022,1467,,rD044,100184305,100.00,,
175.921899022,2429810,,rFF44,100184555,100.00,,
175.921899022,542053270,,instructions,100185125,100.00,1.44,insn per cycle
175.921899022,375691673,,cycles,100184795,100.00,,
176.022084981,1244,,rD044,100185986,100.00,,
176.022084981,2431406,,rFF44,100186436,100.00,,
176.022084981,542562797,,instructions,100197826,100.00,1.44,insn per cycle
176.022084981,375742606,,cycles,100198386,100.00,,
176.122284179,1539,,rD044,100197065,100.00,,
176.122284179,2428787,,rFF44,100197025,100.00,,
176.122284179,541375231,,instructions,100185635,100.00,1.44,insn per cycle
176.122284179,375694780,,cycles,100185635,100.00,,
176.222471018,1595,,rD044,100186626,100.00,,
176.222471018,2429239,,rFF44,100186336,100.00,,
176.222471018,541700030,,instructions,100185916,100.00,1.44,insn per cycle
176.222471018,375693349,,cycles,100185246,100.00,,
176.322657266,1366,,rD044,100185125,100.00,,
176.322657266,2429683,,rFF44,100184695,100.00,,
176.322657266,541759642,,instructions,100184735,100.00,1.44,insn per cycle
176.322657266,375692400,,cycles,100184995,100.00,,
176.422843644,1763,,rD044,100185576,100.00,,
176.422843644,2431611,,rFF44,100185646,100.00,,
176.422843644,542343143,,instructions,100185286,100.00,1.44,insn per cycle
176.422843644,375690051,,cycles,100185206,100.00,,
176.523049323,1291,,rD044,100205275,100.00,,
176.523049323,2430720,,rFF44,100205575,100.00,,
176.523049323,542158214,,instructions,100205865,100.00,1.44,insn per cycle
176.523049323,375769301,,cycles,100205505,100.00,,
176.623249951,1476,,rD044,100199616,100.00,,
176.623249951,2428782,,rFF44,100199796,100.00,,
176.623249951,541360400,,instructions,100199666,100.00,1.44,insn per cycle
176.623249951,375747749,,cycles,100199756,100.00,,
176.723436530,1247,,rD044,100185766,100.00,,
176.723436530,2428188,,rFF44,100185176,100.00,,
176.723436530,541823857,,instructions,100185486,100.00,1.44,insn per cycle
176.723436530,375694373,,cycles,100185526,100.00,,
176.823621358,1569,,rD044,100184145,100.00,,
176.823621358,2430361,,rFF44,100184635,100.00,,
176.823621358,542084839,,instructions,100184245,100.00,1.44,insn per cycle
176.823621358,375691536,,cycles,100184755,100.00,,
176.923808946,1389,,rD044,100186816,100.00,,
176.923808946,2431086,,rFF44,100186476,100.00,,
176.923808946,542470515,,instructions,100186716,100.00,1.44,insn per cycle
176.923808946,375698762,,cycles,100186686,100.00,,
177.023996845,1398,,rD044,100187355,100.00,,
177.023996845,2429027,,rFF44,100187705,100.00,,
177.023996845,541742965,,instructions,100187815,100.00,1.44,insn per cycle
177.023996845,375701121,,cycles,100187325,100.00,,
177.124185093,1586,,rD044,100187526,100.00,,
177.124185093,2429682,,rFF44,100187706,100.00,,
177.124185093,541643292,,instructions,100187226,100.00,1.44,insn per cycle
177.124185093,375703171,,cycles,100187876,100.00,,
177.224367931,1301,,rD044,100181485,100.00,,
177.224367931,2429746,,rFF44,100181035,100.00,,
177.224367931,541999084,,instructions,100181295,100.00,1.44,insn per cycle
177.224367931,375679930,,cycles,100181665,100.00,,
177.324556510,1739681,,rD044,100187736,100.00,,
177.324556510,11539256,,rFF44,100189386,100.00,,
177.324556510,595418330,,instructions,100189856,100.00,1.58,insn per cycle
177.324556510,375708975,,cycles,100189416,100.00,,
177.424744568,4751361,,rD044,100187145,100.00,,
177.424744568,27423789,,rFF44,100185785,100.00,,
177.424744568,685441235,,instructions,100185825,100.00,1.82,insn per cycle
177.424744568,375695515,,cycles,100185825,100.00,,
177.524932826,4784028,,rD044,100187486,100.00,,
177.524932826,27577822,,rFF44,100187406,100.00,,
177.524932826,689198628,,instructions,100187266,100.00,1.83,insn per cycle
177.524932826,375698951,,cycles,100186746,100.00,,
177.625120255,4799650,,rD044,100187125,100.00,,
177.625120255,27469041,,rFF44,100187105,100.00,,
177.625120255,686670964,,instructions,100187235,100.00,1.83,insn per cycle
177.625120255,375699401,,cycles,100186855,100.00,,
177.725305113,4714614,,rD044,100183756,100.00,,
177.725305113,27287218,,rFF44,100183966,100.00,,
177.725305113,681912979,,instructions,100184056,100.00,1.82,insn per cycle
177.725305113,375692111,,cycles,100184916,100.00,,
177.825493171,4591984,,rD044,100187245,100.00,,
177.825493171,26603100,,rFF44,100187065,100.00,,
177.825493171,667897518,,instructions,100187075,100.00,1.78,insn per cycle
177.825493171,375701251,,cycles,100187365,100.00,,
177.925681440,4705962,,rD044,100187416,100.00,,
177.925681440,27311645,,rFF44,100187556,100.00,,
177.925681440,687236307,,instructions,100187626,100.00,1.83,insn per cycle
177.925681440,375699973,,cycles,100187016,100.00,,
178.025868768,4745861,,rD044,100186235,100.00,,
178.025868768,27309293,,rFF44,100186265,100.00,,
178.025868768,686336519,,instructions,100185846,100.00,1.83,insn per cycle
178.025868768,375694839,,cycles,100185646,100.00,,
178.126056756,4747657,,rD044,100187656,100.00,,
178.126056756,27232124,,rFF44,100187396,100.00,,
178.126056756,685321333,,instructions,100187765,100.00,1.82,insn per cycle
178.126056756,375703330,,cycles,100187905,100.00,,
178.226256365,4719070,,rD044,100198666,100.00,,
178.226256365,27246135,,rFF44,100198316,100.00,,
178.226256365,685686242,,instructions,100198366,100.00,1.82,insn per cycle
178.226256365,375741879,,cycles,100198196,100.00,,
178.326443253,2806376,,rD044,100187435,100.00,,
178.326443253,25787972,,rFF44,100188245,100.00,,
178.326443253,1414547736,,instructions,100188215,100.00,3.77,insn per cycle
178.326443253,375707351,,cycles,100188975,100.00,,
178.426635382,1627258,,rD044,100190826,100.00,,
178.426635382,25132787,,rFF44,100191036,100.00,,
178.426635382,1908076516,,instructions,100190806,100.00,5.08,insn per cycle
178.426635382,375711442,,cycles,100190086,100.00,,
178.526823060,1638155,,rD044,100185965,100.00,,
178.526823060,25106209,,rFF44,100185875,100.00,,
178.526823060,1906065624,,instructions,100185815,100.00,5.07,insn per cycle
178.526823060,375696724,,cycles,100186145,100.00,,
178.627016998,2159647,,rD044,100182086,100.00,,
178.627016998,25228506,,rFF44,100181716,100.00,,
178.627016998,1695682122,,instructions,100181826,100.00,4.51,insn per cycle
178.627016998,375649831,,cycles,100181846,100.00,,
178.727202317,6951602,,rD044,100183295,100.00,,
178.727202317,29675811,,rFF44,100183155,100.00,,
178.727202317,37045584,,instructions,100183155,100.00,0.10,insn per cycle
178.727202317,375688089,,cycles,100183835,100.00,,
178.827391955,6895919,,rD044,100190286,100.00,,
178.827391955,29301127,,rFF44,100190376,100.00,,
178.827391955,40266758,,instructions,100190116,100.00,0.11,insn per cycle
178.827391955,375708960,,cycles,100189426,100.00,,
178.927581353,6929811,,rD044,100187955,100.00,,
178.927581353,30284892,,rFF44,100187925,100.00,,
178.927581353,37781792,,instructions,100187555,100.00,0.10,insn per cycle
178.927581353,375702687,,cycles,100187725,100.00,,
179.027770352,6931442,,rD044,100189486,100.00,,
179.027770352,30296503,,rFF44,100189166,100.00,,
179.027770352,37809287,,instructions,100189796,100.00,0.10,insn per cycle
179.027770352,375714436,,cycles,100190876,100.00,,
179.127960520,3730658,,rD044,100173165,100.00,,
179.127960520,26931639,,rFF44,100173776,100.00,,
179.127960520,307956285,,instructions,100173756,100.00,0.82,insn per cycle
179.127960520,375618245,,cycles,100173246,100.00,,
179.228146038,1685537,,rD044,100182576,100.00,,
179.228146038,24059577,,rFF44,100182595,100.00,,
179.228146038,469404554,,instructions,100182765,100.00,1.25,insn per cycle
179.228146038,375683506,,cycles,100182625,100.00,,
179.328333377,2477781,,rD044,100187196,100.00,,
179.328333377,33563026,,rFF44,100187266,100.00,,
179.328333377,665236486,,instructions,100187256,100.00,1.77,insn per cycle
179.328333377,375702470,,cycles,100187676,100.00,,
179.428538965,3223647,,rD044,1582215075,100.00,,
179.428538965,36337150,,rFF44,1585375540,100.00,,
179.428538965,5441481493,,instructions,1588123220,100.00,0.91,insn per cycle
179.428538965,5962970372,,cycles,1590848760,100.00,,
179.529096128,3770907,,rD044,3218937423,100.00,,
179.529096128,41362730,,rFF44,3219219764,100.00,,
179.529096128,10762410600,,instructions,3219229914,100.00,0.89,insn per cycle
179.529096128,12072138130,,cycles,3219247954,100.00,,
179.629731342,13773692,,rD044,2071073222,100.00,,
179.629731342,81148130,,rFF44,2074281965,100.00,,
179.629731342,6974789370,,instructions,2076299148,100.00,0.90,insn per cycle
179.629731342,7792425792,,cycles,2078245601,100.00,,
179.730660638,28991277,,rD044,3224768892,100.00,,
179.730660638,121830768,,rFF44,3221032601,100.00,,
179.730660638,10014894183,,instructions,3218707448,100.00,0.83,insn per cycle
179.730660638,12061884057,,cycles,3216525425,100.00,,
179.831155530,783868,,rD044,3215920730,100.00,,
179.831155530,4469261,,rFF44,3215971941,100.00,,
179.831155530,24697113868,,instructions,3215912244,100.00,2.05,insn per cycle
179.831155530,12059152931,,cycles,3215785764,100.00,,
179.931652182,15345,,rD044,3215876314,100.00,,
179.931652182,700228,,rFF44,3215985895,100.00,,
179.931652182,26742973086,,instructions,3216007942,100.00,2.22,insn per cycle
179.931652182,12059891467,,cycles,3215989864,100.00,,
180.032160074,13157,,rD044,3216271153,100.00,,
180.032160074,710796,,rFF44,3216342124,100.00,,
180.032160074,26741177735,,instructions,3216474054,100.00,2.22,insn per cycle
180.032160074,12061908888,,cycles,3216529492,100.00,,
180.132678427,12669,,rD044,3216545853,100.00,,
180.132678427,695153,,rFF44,3216444057,100.00,,
180.132678427,26746166924,,instructions,3216394604,100.00,2.22,insn per cycle
180.132678427,12061553433,,cycles,3216426234,100.00,,
180.233202019,2478928,,rD044,3217798464,100.00,,
180.233202019,16920900,,rFF44,3219780409,100.00,,
180.233202019,25336229336,,instructions,3221238044,100.00,2.10,insn per cycle
180.233202019,12084799658,,cycles,3222622464,100.00,,
180.333950954,14921297,,rD044,3222925503,100.00,,
180.333950954,125718668,,rFF44,3221186666,100.00,,
180.333950954,10488758698,,instructions,3219840754,100.00,0.87,insn per cycle
180.333950954,12069440676,,cycles,3218531244,100.00,,
180.434476566,4052932,,rD044,3216837195,100.00,,
180.434476566,45454804,,rFF44,3216843351,100.00,,
180.434476566,10390302497,,instructions,3216959724,100.00,0.86,insn per cycle
180.434476566,12064530907,,cycles,3217218234,100.00,,
180.535044149,14552960,,rD044,1158807785,100.00,,
180.535044149,132133320,,rFF44,1160311298,100.00,,
180.535044149,4011208784,,instructions,1161749245,100.00,0.92,insn per cycle
180.535044149,4357973728,,cycles,1162579769,100.00,,
180.635793614,67487937,,rD044,3223918100,100.00,,
180.635793614,559846874,,rFF44,3224327366,100.00,,
180.635793614,10833343485,,instructions,3224437696,100.00,0.90,insn per cycle
180.635793614,12093840108,,cycles,3225031412,100.00,,
180.736588699,68349095,,rD044,3225026249,100.00,,
180.736588699,578354795,,rFF44,3224546834,100.00,,
180.736588699,10956544828,,instructions,3224181967,100.00,0.91,insn per cycle
180.736588699,12089452861,,cycles,3223874386,100.00,,
180.837324934,66427145,,rD044,3223688887,100.00,,
180.837324934,568873444,,rFF44,3224055045,100.00,,
180.837324934,10902257597,,instructions,3224351863,100.00,0.90,insn per cycle
180.837324934,12092600809,,cycles,3224703490,100.00,,
180.938097099,67844171,,rD044,3224724390,100.00,,
180.938097099,565578385,,rFF44,3224229105,100.00,,
180.938097099,10976322242,,instructions,3224013775,100.00,0.91,insn per cycle
180.938097099,12088800589,,cycles,3223692050,100.00,,
181.038838234,68726620,,rD044,3223484140,100.00,,
181.038838234,590670850,,rFF44,3223823200,100.00,,
181.038838234,10960678030,,instructions,3224595415,100.00,0.91,insn per cycle
181.038838234,12091946189,,cycles,3224539409,100.00,,
181.139607289,66756049,,rD044,3223932324,100.00,,
181.139607289,562888141,,rFF44,3223754770,100.00,,
181.139607289,10995517787,,instructions,3223151084,100.00,0.91,insn per cycle
181.139607289,12087946503,,cycles,3223671131,100.00,,
181.240366874,66865933,,rD044,3224187226,100.00,,
181.240366874,568384448,,rFF44,3223951871,100.00,,
181.240366874,10914807724,,instructions,3223191416,100.00,0.90,insn per cycle
181.240366874,12084434262,,cycles,3222526954,100.00,,
181.341068488,66928512,,rD044,3222593381,100.00,,
181.341068488,576853564,,rFF44,3222920789,100.00,,
181.341068488,10957003840,,instructions,3223442959,100.00,0.91,insn per cycle
181.341068488,12088815427,,cycles,3223695626,100.00,,
181.441811333,67520268,,rD044,3223534049,100.00,,
181.441811333,565539152,,rFF44,3223276690,100.00,,
181.441811333,10954093501,,instructions,3223458601,100.00,0.91,insn per cycle
181.441811333,12087611370,,cycles,3223375881,100.00,,
181.542541918,66908436,,rD044,3223298477,100.00,,
181.542541918,576964500,,rFF44,3223090220,100.00,,
181.542541918,10908418730,,instructions,3222474235,100.00,0.90,insn per cycle
181.542541918,12083119805,,cycles,3222176539,100.00,,
181.643277763,67091962,,rD044,3223692093,100.00,,
181.643277763,568020782,,rFF44,3224185100,100.00,,
181.643277763,10966046586,,instructions,3224528755,100.00,0.91,insn per cycle
181.643277763,12093456847,,cycles,3224940110,100.00,,
181.744023167,67525305,,rD044,3223802669,100.00,,
181.744023167,569987132,,rFF44,3223734450,100.00,,
181.744023167,10945118684,,instructions,3223644822,100.00,0.91,insn per cycle
181.744023167,12087570139,,cycles,3223364790,100.00,,
181.844761322,67982332,,rD044,3223888151,100.00,,
181.844761322,583346373,,rFF44,3224282575,100.00,,
181.844761322,10964833043,,instructions,3224877158,100.00,0.91,insn per cycle
181.844761322,12094388932,,cycles,3225182031,100.00,,
181.945541367,68756411,,rD044,3224794276,100.00,,
181.945541367,574037886,,rFF44,3224253745,100.00,,
181.945541367,11006850262,,instructions,3223568604,100.00,0.91,insn per cycle
181.945541367,12085509344,,cycles,3222844889,100.00,,
182.046236912,67650795,,rD044,3221168984,100.00,,
182.046236912,586444293,,rFF44,3220053054,100.00,,
182.046236912,10928377840,,instructions,3219274047,100.00,0.91,insn per cycle
182.046236912,12070229979,,cycles,3218761324,100.00,,
182.146809065,67444156,,rD044,3218903864,100.00,,
182.146809065,564964896,,rFF44,3220019748,100.00,,
182.146809065,10989450933,,instructions,3221106613,100.00,0.91,insn per cycle
182.146809065,12081725546,,cycles,3221858774,100.00,,
182.247510509,66247012,,rD044,3222140933,100.00,,
182.247510509,567549844,,rFF44,3221959268,100.00,,
182.247510509,10896030791,,instructions,3222047053,100.00,0.90,insn per cycle
182.247510509,12084007625,,cycles,3222445984,100.00,,
182.348253354,67636322,,rD044,3223920471,100.00,,
182.348253354,575307294,,rFF44,3224434917,100.00,,
182.348253354,10930782104,,instructions,3224357876,100.00,0.90,insn per cycle
182.348253354,12089740885,,cycles,3223971535,100.00,,
182.448982398,68451793,,rD044,3222725349,100.00,,
182.448982398,572139432,,rFF44,3221663134,100.00,,
182.448982398,10976682761,,instructions,3221284144,100.00,0.91,insn per cycle
182.448982398,12081109345,,cycles,3221662230,100.00,,
182.549670773,67400974,,rD044,3222477129,100.00,,
182.549670773,585837798,,rFF44,3223159176,100.00,,
182.549670773,10946312382,,instructions,3223204151,100.00,0.91,insn per cycle
182.549670773,12086985096,,cycles,3223206130,100.00,,
182.650407607,68041769,,rD044,3223037469,100.00,,
182.650407607,567492162,,rFF44,3223210337,100.00,,
182.650407607,10960714235,,instructions,3223475827,100.00,0.91,insn per cycle
182.650407607,12086694817,,cycles,3223366116,100.00,,
182.751137122,67744074,,rD044,3223482245,100.00,,
182.751137122,582658993,,rFF44,3223371969,100.00,,
182.751137122,10934972489,,instructions,3223531811,100.00,0.90,insn per cycle
182.751137122,12088554735,,cycles,3223637470,100.00,,
182.851886397,66992469,,rD044,3224104883,100.00,,
182.851886397,567083640,,rFF44,3224584835,100.00,,
182.851886397,10962898845,,instructions,3224788637,100.00,0.91,insn per cycle
182.851886397,12092725063,,cycles,3224757508,100.00,,
182.952650982,67834163,,rD044,3223900812,100.00,,
182.952650982,575097627,,rFF44,3222974715,100.00,,
182.952650982,10934254354,,instructions,3222132859,100.00,0.91,insn per cycle
182.952650982,12081935123,,cycles,3221891252,100.00,,
183.053336706,67022555,,rD044,3222276758,100.00,,
183.053336706,574986139,,rFF44,3223018584,100.00,,
183.053336706,10946281513,,instructions,3223475171,100.00,0.91,insn per cycle
183.053336706,12088053492,,cycles,3223508194,100.00,,
183.154074381,67259320,,rD044,3223467962,100.00,,
183.154074381,566222906,,rFF44,3223200586,100.00,,
183.154074381,10972973315,,instructions,3223295186,100.00,0.91,insn per cycle
183.154074381,12086918817,,cycles,3223203006,100.00,,
183.254789095,66613495,,rD044,3222338934,100.00,,
183.254789095,572171391,,rFF44,3221926384,100.00,,
183.254789095,10911624708,,instructions,3222096327,100.00,0.90,insn per cycle
183.254789095,12084139622,,cycles,3222456764,100.00,,
183.355498070,64277951,,rD044,3218337865,100.00,,
183.355498070,552921179,,rFF44,3216942891,100.00,,
183.355498070,10871141141,,instructions,3215180545,100.00,0.90,insn per cycle
183.355498070,12051345914,,cycles,3213724800,100.00,,
183.372384207,191263,,rD044,440696885,100.00,,
183.372384207,2023162,,rFF44,437789385,100.00,,
183.372384207,1327008495,,instructions,435406276,100.00,0.82,insn per cycle
183.372384207,1623239056,,cycles,432884984,100.00,,
