0.100130737,3971,,rD044,61988760,100.00,,
0.100130737,2207537,,rFF44,61993340,100.00,,
0.100130737,654744471,,instructions,61996400,100.00,2.87,insn per cycle
0.100130737,227928759,,cycles,61999570,100.00,,
0.200354355,2353,,rD044,68172663,100.00,,
0.200354355,2665593,,rFF44,68172823,100.00,,
0.200354355,683489321,,instructions,68173273,100.00,2.72,insn per cycle
0.200354355,251190192,,cycles,68173123,100.00,,
0.300546553,3433,,rD044,67148947,100.00,,
0.300546553,2732090,,rFF44,67144207,100.00,,
0.300546553,653018389,,instructions,67140697,100.00,2.64,insn per cycle
0.300546553,247038455,,cycles,67137677,100.00,,
0.400731020,1881,,rD044,69212923,100.00,,
0.400731020,2800350,,rFF44,69212923,100.00,,
0.400731020,643364702,,instructions,69212923,100.00,2.52,insn per cycle
0.400731020,255114215,,cycles,69212923,100.00,,
0.500924228,1822,,rD044,70062055,100.00,,
0.500924228,2731450,,rFF44,70062055,100.00,,
0.500924228,650197663,,instructions,70062055,100.00,2.52,insn per cycle
0.500924228,258388425,,cycles,70062055,100.00,,
0.601108525,2309,,rD044,69039649,100.00,,
0.601108525,2854692,,rFF44,69039649,100.00,,
0.601108525,641285523,,instructions,69039649,100.00,2.52,insn per cycle
0.601108525,254410237,,cycles,69039649,100.00,,
0.701290693,2588,,rD044,70926073,100.00,,
0.701290693,2723488,,rFF44,70926073,100.00,,
0.701290693,653309515,,instructions,70926073,100.00,2.50,insn per cycle
0.701290693,261730967,,cycles,70926073,100.00,,
0.801472811,2009,,rD044,68785953,100.00,,
0.801472811,2837904,,rFF44,68785953,100.00,,
0.801472811,642836139,,instructions,68785953,100.00,2.54,insn per cycle
0.801472811,253438257,,cycles,68785953,100.00,,
0.901660118,1813,,rD044,70129701,100.00,,
0.901660118,2723306,,rFF44,70134941,100.00,,
0.901660118,646393261,,instructions,70138301,100.00,2.50,insn per cycle
0.901660118,258617837,,cycles,70141531,100.00,,
1.001854446,1696,,rD044,69406783,100.00,,
1.001854446,2860096,,rFF44,69407393,100.00,,
1.001854446,649735285,,instructions,69407403,100.00,2.54,insn per cycle
1.001854446,255849753,,cycles,69407503,100.00,,
1.102049384,1854,,rD044,69522579,100.00,,
1.102049384,2701203,,rFF44,69521769,100.00,,
1.102049384,639852417,,instructions,69521729,100.00,2.50,insn per cycle
1.102049384,256239610,,cycles,69521589,100.00,,
1.202242571,2040,,rD044,69338092,100.00,,
1.202242571,2844173,,rFF44,69337992,100.00,,
1.202242571,648961436,,instructions,69337952,100.00,2.54,insn per cycle
1.202242571,255542121,,cycles,69338552,100.00,,
1.302436209,1861,,rD044,69605994,100.00,,
1.302436209,2694704,,rFF44,69606344,100.00,,
1.302436209,635144671,,instructions,69605954,100.00,2.48,insn per cycle
1.302436209,256547386,,cycles,69605294,100.00,,
1.402628397,1983,,rD044,69499399,100.00,,
1.402628397,2850552,,rFF44,69498789,100.00,,
1.402628397,652617538,,instructions,69499039,100.00,2.55,insn per cycle
1.402628397,256161411,,cycles,69498809,100.00,,
1.502822494,1869,,rD044,69372776,100.00,,
1.502822494,2721714,,rFF44,69373436,100.00,,
1.502822494,635393254,,instructions,69373676,100.00,2.48,insn per cycle
1.502822494,255694809,,cycles,69373726,100.00,,
1.603014682,2034,,rD044,69382690,100.00,,
1.603014682,2804467,,rFF44,69382330,100.00,,
1.603014682,647932727,,instructions,69382070,100.00,2.53,insn per cycle
1.603014682,255713496,,cycles,69382160,100.00,,
1.703205000,1920,,rD044,69361403,100.00,,
1.703205000,2789324,,rFF44,69361723,100.00,,
1.703205000,638963870,,instructions,69361693,100.00,2.50,insn per cycle
1.703205000,255621296,,cycles,69362043,100.00,,
1.803398267,1638,,rD044,69494373,100.00,,
1.803398267,2779112,,rFF44,69493913,100.00,,
1.803398267,646235546,,instructions,69493653,100.00,2.52,insn per cycle
1.803398267,256134271,,cycles,69493483,100.00,,
1.903589635,2321,,rD044,69310620,100.00,,
1.903589635,2816650,,rFF44,69310470,100.00,,
1.903589635,641513089,,instructions,69310770,100.00,2.51,insn per cycle
1.903589635,255468919,,cycles,69310850,100.00,,
2.003779643,1660,,rD044,69476320,100.00,,
2.003779643,2725907,,rFF44,69476680,100.00,,
2.003779643,642046272,,instructions,69477020,100.00,2.51,insn per cycle
2.003779643,256083365,,cycles,69476980,100.00,,
2.104007691,1838,,rD044,69355488,100.00,,
2.104007691,2880984,,rFF44,69355128,100.00,,
2.104007691,650495892,,instructions,69355148,100.00,2.54,insn per cycle
2.104007691,255619765,,cycles,69355038,100.00,,
2.204198648,1932,,rD044,69396018,100.00,,
2.204198648,2688777,,rFF44,69396558,100.00,,
2.204198648,640161734,,instructions,69396188,100.00,2.50,insn per cycle
2.204198648,255766070,,cycles,69396008,100.00,,
2.304390876,1741,,rD044,69459636,100.00,,
2.304390876,2872595,,rFF44,69459286,100.00,,
2.304390876,652336396,,instructions,69458876,100.00,2.55,insn per cycle
2.304390876,256019412,,cycles,69459216,100.00,,
2.404582134,2265,,rD044,68770304,100.00,,
2.404582134,2699236,,rFF44,68765424,100.00,,
2.404582134,634234927,,instructions,68762704,100.00,2.50,insn per cycle
2.404582134,253326504,,cycles,68759394,100.00,,
2.504763851,1844,,rD044,66401627,100.00,,
2.504763851,2782135,,rFF44,66401627,100.00,,
2.504763851,621343449,,instructions,66401627,100.00,2.55,insn per cycle
2.504763851,244131653,,cycles,66401627,100.00,,
2.604960109,2041,,rD044,68301555,100.00,,
2.604960109,2661402,,rFF44,68301555,100.00,,
2.604960109,628645153,,instructions,68308625,100.00,2.50,insn per cycle
2.604960109,251532845,,cycles,68311825,100.00,,
2.705154467,1560,,rD044,66834183,100.00,,
2.705154467,2782403,,rFF44,66838953,100.00,,
2.705154467,631781689,,instructions,66835143,100.00,2.57,insn per cycle
2.705154467,246024996,,cycles,66835273,100.00,,
2.805346444,2018,,rD044,69398564,100.00,,
2.805346444,2691630,,rFF44,69398504,100.00,,
2.805346444,639386390,,instructions,69397924,100.00,2.50,insn per cycle
2.805346444,255786733,,cycles,69397394,100.00,,
2.905536332,2294,,rD044,69408673,100.00,,
2.905536332,2860185,,rFF44,69408373,100.00,,
2.905536332,656154614,,instructions,69408723,100.00,2.56,insn per cycle
2.905536332,255842447,,cycles,69409203,100.00,,
3.005727120,2131,,rD044,69371004,100.00,,
3.005727120,2686639,,rFF44,69371974,100.00,,
3.005727120,622410360,,instructions,69372114,100.00,2.43,insn per cycle
3.005727120,255683260,,cycles,69372304,100.00,,
3.105920537,2065,,rD044,69514912,100.00,,
3.105920537,2843679,,rFF44,69514312,100.00,,
3.105920537,653643895,,instructions,69514142,100.00,2.55,insn per cycle
3.105920537,256200912,,cycles,69513972,100.00,,
3.206112635,1926,,rD044,69285168,100.00,,
3.206112635,2691766,,rFF44,69285368,100.00,,
3.206112635,639810820,,instructions,69285708,100.00,2.51,insn per cycle
3.206112635,255352111,,cycles,69285338,100.00,,
3.306305723,1827,,rD044,66639384,100.00,,
3.306305723,2747009,,rFF44,66634404,100.00,,
3.306305723,624704663,,instructions,66631064,100.00,2.55,insn per cycle
3.306305723,245046217,,cycles,66628134,100.00,,
3.406489260,2012,,rD044,68465146,100.00,,
3.406489260,2692854,,rFF44,68465146,100.00,,
3.406489260,630874448,,instructions,68465146,100.00,2.50,insn per cycle
3.406489260,252105415,,cycles,68465146,100.00,,
3.506673528,1704,,rD044,68988155,100.00,,
3.506673528,2864771,,rFF44,68993165,100.00,,
3.506673528,652966166,,instructions,68996395,100.00,2.57,insn per cycle
3.506673528,254211225,,cycles,69000025,100.00,,
3.606867616,1909,,rD044,69593190,100.00,,
3.606867616,2698301,,rFF44,69593170,100.00,,
3.606867616,636001411,,instructions,69593100,100.00,2.48,insn per cycle
3.606867616,256498171,,cycles,69592760,100.00,,
3.707063123,1668,,rD044,69411792,100.00,,
3.707063123,2829905,,rFF44,69411622,100.00,,
3.707063123,656428388,,instructions,69411462,100.00,2.57,insn per cycle
3.707063123,255842346,,cycles,69411392,100.00,,
3.807255471,2016,,rD044,69581828,100.00,,
3.807255471,2709932,,rFF44,69582178,100.00,,
3.807255471,641965345,,instructions,69582088,100.00,2.50,insn per cycle
3.807255471,256474740,,cycles,69581748,100.00,,
3.907446389,2154,,rD044,66134844,100.00,,
3.907446389,2774458,,rFF44,66129674,100.00,,
3.907446389,624141400,,instructions,66126764,100.00,2.57,insn per cycle
3.907446389,243009528,,cycles,66123884,100.00,,
4.007626786,1866,,rD044,68577935,100.00,,
4.007626786,2705759,,rFF44,68583175,100.00,,
4.007626786,630106520,,instructions,68586265,100.00,2.49,insn per cycle
4.007626786,252590975,,cycles,68589165,100.00,,
4.107847204,1728,,rD044,69621848,100.00,,
4.107847204,2965791,,rFF44,69621458,100.00,,
4.107847204,649847115,,instructions,69621368,100.00,2.53,insn per cycle
4.107847204,256559094,,cycles,69621638,100.00,,
4.208039052,2355,,rD044,69596207,100.00,,
4.208039052,2842906,,rFF44,69596497,100.00,,
4.208039052,612781438,,instructions,69597157,100.00,2.39,insn per cycle
4.208039052,256452141,,cycles,69596777,100.00,,
4.308231010,2103,,rD044,69652675,100.00,,
4.308231010,2963854,,rFF44,69652525,100.00,,
4.308231010,636467933,,instructions,69652245,100.00,2.48,insn per cycle
4.308231010,256531501,,cycles,69652605,100.00,,
4.408420457,2208,,rD044,69637326,100.00,,
4.408420457,2702362,,rFF44,69637176,100.00,,
4.408420457,618617235,,instructions,69636816,100.00,2.41,insn per cycle
4.408420457,256372844,,cycles,69636936,100.00,,
4.508612025,1719,,rD044,69925690,100.00,,
4.508612025,2949919,,rFF44,69920850,100.00,,
4.508612025,626485148,,instructions,69917830,100.00,2.43,insn per cycle
4.508612025,257464196,,cycles,69914560,100.00,,
4.608794562,2238,,rD044,69558315,100.00,,
4.608794562,2791837,,rFF44,69575635,100.00,,
4.608794562,646801648,,instructions,69578845,100.00,2.53,insn per cycle
4.608794562,256146771,,cycles,69582185,100.00,,
4.709000220,2507,,rD044,65113542,100.00,,
4.709000220,2809666,,rFF44,65100852,100.00,,
4.709000220,628618950,,instructions,65100802,100.00,2.63,insn per cycle
4.709000220,238800524,,cycles,65101382,100.00,,
4.809195498,1980,,rD044,69117081,100.00,,
4.809195498,2953035,,rFF44,69117771,100.00,,
4.809195498,657793417,,instructions,69118011,100.00,2.58,insn per cycle
4.809195498,254543570,,cycles,69117391,100.00,,
4.909388056,1829,,rD044,68094499,100.00,,
4.909388056,2837888,,rFF44,68089179,100.00,,
4.909388056,626938931,,instructions,68085779,100.00,2.50,insn per cycle
4.909388056,250640882,,cycles,68082479,100.00,,
5.009571143,2087,,rD044,69389833,100.00,,
5.009571143,2821656,,rFF44,69394833,100.00,,
5.009571143,621742483,,instructions,69397843,100.00,2.43,insn per cycle
5.009571143,255467136,,cycles,69401713,100.00,,
5.109764441,1829,,rD044,67263129,100.00,,
5.109764441,2883259,,rFF44,67263899,100.00,,
5.109764441,616216635,,instructions,67263729,100.00,2.49,insn per cycle
5.109764441,247078518,,cycles,67263159,100.00,,
5.209973409,1986,,rD044,69938471,100.00,,
5.209973409,2779586,,rFF44,69932701,100.00,,
5.209973409,628542482,,instructions,69929861,100.00,2.44,insn per cycle
5.209973409,257524464,,cycles,69926561,100.00,,
5.310155326,1670,,rD044,68785448,100.00,,
5.310155326,2983131,,rFF44,68785448,100.00,,
5.310155326,616167468,,instructions,68785448,100.00,2.44,insn per cycle
5.310155326,253012255,,cycles,68785448,100.00,,
5.410337574,1611,,rD044,68682112,100.00,,
5.410337574,2934085,,rFF44,68687212,100.00,,
5.410337574,640060202,,instructions,68691072,100.00,2.53,insn per cycle
5.410337574,252736481,,cycles,68694192,100.00,,
5.510528852,1661,,rD044,69664463,100.00,,
5.510528852,2903143,,rFF44,69664253,100.00,,
5.510528852,645772235,,instructions,69663473,100.00,2.52,insn per cycle
5.510528852,256530984,,cycles,69664083,100.00,,
5.610721699,1950,,rD044,69402997,100.00,,
5.610721699,2932826,,rFF44,69403107,100.00,,
5.610721699,628725389,,instructions,69403457,100.00,2.46,insn per cycle
5.610721699,255495587,,cycles,69403037,100.00,,
5.710911597,1982,,rD044,69689238,100.00,,
5.710911597,3022961,,rFF44,69689278,100.00,,
5.710911597,637959775,,instructions,69688878,100.00,2.49,insn per cycle
5.710911597,256592128,,cycles,69689648,100.00,,
5.811102974,1965,,rD044,69514556,100.00,,
5.811102974,2886444,,rFF44,69514396,100.00,,
5.811102974,631893212,,instructions,69514536,100.00,2.47,insn per cycle
5.811102974,255939435,,cycles,69513726,100.00,,
5.911294172,1938,,rD044,65700179,100.00,,
5.911294172,2813434,,rFF44,65695299,100.00,,
5.911294172,620776527,,instructions,65692129,100.00,2.58,insn per cycle
5.911294172,240986505,,cycles,65688859,100.00,,
6.011476670,1712,,rD044,68884886,100.00,,
6.011476670,3001948,,rFF44,68889696,100.00,,
6.011476670,663131059,,instructions,68892656,100.00,2.62,insn per cycle
6.011476670,253503754,,cycles,68895716,100.00,,
6.111668157,1891,,rD044,67481699,100.00,,
6.111668157,2962765,,rFF44,67476889,100.00,,
6.111668157,645666349,,instructions,67473929,100.00,2.60,insn per cycle
6.111668157,247999985,,cycles,67470869,100.00,,
6.211851335,1526,,rD044,67314965,100.00,,
6.211851335,2963570,,rFF44,67319765,100.00,,
6.211851335,632816697,,instructions,67323565,100.00,2.56,insn per cycle
6.211851335,247333139,,cycles,67326835,100.00,,
6.312046293,1850,,rD044,69736635,100.00,,
6.312046293,2744139,,rFF44,69736496,100.00,,
6.312046293,634549551,,instructions,69736306,100.00,2.47,insn per cycle
6.312046293,256769921,,cycles,69736096,100.00,,
6.412237150,2009,,rD044,69796759,100.00,,
6.412237150,3057531,,rFF44,69797038,100.00,,
6.412237150,669572847,,instructions,69797238,100.00,2.61,insn per cycle
6.412237150,256986748,,cycles,69797548,100.00,,
6.512431298,2370,,rD044,65483058,100.00,,
6.512431298,2895004,,rFF44,65482798,100.00,,
6.512431298,620618120,,instructions,65482338,100.00,2.58,insn per cycle
6.512431298,240131346,,cycles,65482158,100.00,,
6.612623056,1826,,rD044,69517823,100.00,,
6.612623056,3042780,,rFF44,69517743,100.00,,
6.612623056,664365839,,instructions,69517483,100.00,2.60,insn per cycle
6.612623056,255932604,,cycles,69517703,100.00,,
6.712846924,1864,,rD044,69690400,100.00,,
6.712846924,2770055,,rFF44,69691260,100.00,,
6.712846924,628081867,,instructions,69691570,100.00,2.45,insn per cycle
6.712846924,256604327,,cycles,69691770,100.00,,
6.813037491,1728,,rD044,69563240,100.00,,
6.813037491,3099024,,rFF44,69562910,100.00,,
6.813037491,649312547,,instructions,69562500,100.00,2.54,insn per cycle
6.813037491,256094142,,cycles,69562180,100.00,,
6.913230859,2785,,rD044,69654776,100.00,,
6.913230859,2773327,,rFF44,69654386,100.00,,
6.913230859,628740130,,instructions,69654706,100.00,2.45,insn per cycle
6.913230859,256428721,,cycles,69654746,100.00,,
7.013423977,1888,,rD044,66356457,100.00,,
7.013423977,2990945,,rFF44,66351717,100.00,,
7.013423977,621927222,,instructions,66348407,100.00,2.55,insn per cycle
7.013423977,243569915,,cycles,66345077,100.00,,
7.113604314,2035,,rD044,69407539,100.00,,
7.113604314,2757572,,rFF44,69407539,100.00,,
7.113604314,628929670,,instructions,69407539,100.00,2.46,insn per cycle
7.113604314,255497603,,cycles,69407539,100.00,,
7.213789362,1790,,rD044,68649783,100.00,,
7.213789362,3111145,,rFF44,68654843,100.00,,
7.213789362,640885030,,instructions,68670313,100.00,2.54,insn per cycle
7.213789362,252581487,,cycles,68674233,100.00,,
7.313998430,2006,,rD044,69216407,100.00,,
7.313998430,2705715,,rFF44,69215907,100.00,,
7.313998430,626175745,,instructions,69203617,100.00,2.46,insn per cycle
7.313998430,254731781,,cycles,69203707,100.00,,
7.414191387,2081,,rD044,68390449,100.00,,
7.414191387,3034484,,rFF44,68385889,100.00,,
7.414191387,689788698,,instructions,68382709,100.00,2.74,insn per cycle
7.414191387,251532570,,cycles,68378699,100.00,,
7.514373735,1710,,rD044,66660983,100.00,,
7.514373735,3009497,,rFF44,66666063,100.00,,
7.514373735,667908862,,instructions,66669103,100.00,2.73,insn per cycle
7.514373735,244720660,,cycles,66672693,100.00,,
7.614566903,2234,,rD044,69726840,100.00,,
7.614566903,3194784,,rFF44,69726490,100.00,,
7.614566903,660196032,,instructions,69726680,100.00,2.57,insn per cycle
7.614566903,256749134,,cycles,69726520,100.00,,
7.714760690,2153,,rD044,64986646,100.00,,
7.714760690,2975877,,rFF44,64986916,100.00,,
7.714760690,647488761,,instructions,64987036,100.00,2.72,insn per cycle
7.714760690,238279773,,cycles,64986996,100.00,,
7.814969128,2096,,rD044,68377860,100.00,,
7.814969128,3070901,,rFF44,68372860,100.00,,
7.814969128,682147367,,instructions,68369510,100.00,2.71,insn per cycle
7.814969128,251517299,,cycles,68366120,100.00,,
7.915152145,2002,,rD044,65367405,100.00,,
7.915152145,2922179,,rFF44,65372065,100.00,,
7.915152145,652744701,,instructions,65375315,100.00,2.72,insn per cycle
7.915152145,239725650,,cycles,65378556,100.00,,
8.015344993,1903,,rD044,67984906,100.00,,
8.015344993,3121064,,rFF44,67980246,100.00,,
8.015344993,667641119,,instructions,67976996,100.00,2.67,insn per cycle
8.015344993,249932638,,cycles,67973755,100.00,,
8.115526060,1502,,rD044,69781278,100.00,,
8.115526060,2780301,,rFF44,69781278,100.00,,
8.115526060,629350968,,instructions,69781278,100.00,2.45,insn per cycle
8.115526060,256981164,,cycles,69781278,100.00,,
8.215710318,2253,,rD044,66730575,100.00,,
8.215710318,3206904,,rFF44,66733025,100.00,,
8.215710318,622181893,,instructions,66733025,100.00,2.54,insn per cycle
8.215710318,245166452,,cycles,66733025,100.00,,
8.315895955,1736,,rD044,68332564,100.00,,
8.315895955,3142358,,rFF44,68335264,100.00,,
8.315895955,629733271,,instructions,68338234,100.00,2.51,insn per cycle
8.315895955,251314043,,cycles,68341214,100.00,,
8.416087373,1662,,rD044,69478745,100.00,,
8.416087373,2745213,,rFF44,69478375,100.00,,
8.416087373,627370078,,instructions,69478635,100.00,2.45,insn per cycle
8.416087373,255786145,,cycles,69478745,100.00,,
8.516280560,1995,,rD044,69464645,100.00,,
8.516280560,2985675,,rFF44,69464755,100.00,,
8.516280560,642687875,,instructions,69464525,100.00,2.51,insn per cycle
8.516280560,255708136,,cycles,69464365,100.00,,
8.616472378,1815,,rD044,69643370,100.00,,
8.616472378,2708889,,rFF44,69643250,100.00,,
8.616472378,626514739,,instructions,69643440,100.00,2.44,insn per cycle
8.616472378,256413887,,cycles,69643670,100.00,,
8.716664425,1725,,rD044,69763022,100.00,,
8.716664425,3035078,,rFF44,69762582,100.00,,
8.716664425,635624294,,instructions,69762902,100.00,2.47,insn per cycle
8.716664425,256855020,,cycles,69762902,100.00,,
8.816855833,1914,,rD044,69629761,100.00,,
8.816855833,2768534,,rFF44,69630001,100.00,,
8.816855833,627679157,,instructions,69629681,100.00,2.45,insn per cycle
8.816855833,256355645,,cycles,69630321,100.00,,
8.917048840,1769,,rD044,69818626,100.00,,
8.917048840,3076357,,rFF44,69819316,100.00,,
8.917048840,660096256,,instructions,69819566,100.00,2.57,insn per cycle
8.917048840,257059258,,cycles,69818876,100.00,,
9.017241038,1945,,rD044,68213471,100.00,,
9.017241038,3065252,,rFF44,68208211,100.00,,
9.017241038,645393368,,instructions,68204771,100.00,2.57,insn per cycle
9.017241038,250822217,,cycles,68201661,100.00,,
9.117425566,1710,,rD044,70433382,100.00,,
9.117425566,2744320,,rFF44,70433382,100.00,,
9.117425566,631025770,,instructions,70433382,100.00,2.43,insn per cycle
9.117425566,259535106,,cycles,70433382,100.00,,
9.217607063,1801,,rD044,70456504,100.00,,
9.217607063,2935235,,rFF44,70461434,100.00,,
9.217607063,621392056,,instructions,70464614,100.00,2.39,insn per cycle
9.217607063,259546058,,cycles,70467704,100.00,,
9.317799670,2155,,rD044,69675700,100.00,,
9.317799670,2719281,,rFF44,69688750,100.00,,
9.317799670,622833028,,instructions,69688850,100.00,2.43,insn per cycle
9.317799670,256579695,,cycles,69689440,100.00,,
9.418023398,1728,,rD044,69794629,100.00,,
9.418023398,2735413,,rFF44,69781769,100.00,,
9.418023398,627081026,,instructions,69781879,100.00,2.44,insn per cycle
9.418023398,256977253,,cycles,69781069,100.00,,
9.518216336,1989,,rD044,69644279,100.00,,
9.518216336,2709779,,rFF44,69643719,100.00,,
9.518216336,620719701,,instructions,69644089,100.00,2.42,insn per cycle
9.518216336,256437918,,cycles,69644519,100.00,,
9.618410794,1769,,rD044,69641586,100.00,,
9.618410794,2693863,,rFF44,69641856,100.00,,
9.618410794,622122796,,instructions,69640946,100.00,2.43,insn per cycle
9.618410794,256407738,,cycles,69640826,100.00,,
9.718601711,1744,,rD044,69705364,100.00,,
9.718601711,2722378,,rFF44,69705624,100.00,,
9.718601711,622031009,,instructions,69705844,100.00,2.42,insn per cycle
9.718601711,256639642,,cycles,69705624,100.00,,
9.818786769,1926,,rD044,68067301,100.00,,
9.818786769,2643469,,rFF44,68066731,100.00,,
9.818786769,606008559,,instructions,68067191,100.00,2.42,insn per cycle
9.818786769,250387164,,cycles,68079131,100.00,,
9.918993416,1695,,rD044,69555086,100.00,,
9.918993416,2716068,,rFF44,69550566,100.00,,
9.918993416,624983270,,instructions,69547036,100.00,2.44,insn per cycle
9.918993416,256159588,,cycles,69532136,100.00,,
10.019176754,2022,,rD044,70700921,100.00,,
10.019176754,2738783,,rFF44,70700921,100.00,,
10.019176754,633743361,,instructions,70700921,100.00,2.43,insn per cycle
10.019176754,260724503,,cycles,70700921,100.00,,
10.119359411,1946,,rD044,70863562,100.00,,
10.119359411,2728534,,rFF44,70863562,100.00,,
10.119359411,633988688,,instructions,70863562,100.00,2.43,insn per cycle
10.119359411,261250829,,cycles,70863562,100.00,,
10.219545659,1652,,rD044,70257569,100.00,,
10.219545659,2725284,,rFF44,70262959,100.00,,
10.219545659,629090276,,instructions,70266109,100.00,2.43,insn per cycle
10.219545659,258800379,,cycles,70269619,100.00,,
10.319737896,1564,,rD044,69587427,100.00,,
10.319737896,2711647,,rFF44,69587067,100.00,,
10.319737896,623335899,,instructions,69586937,100.00,2.43,insn per cycle
10.319737896,256192276,,cycles,69586797,100.00,,
10.419943844,1563,,rD044,69482215,100.00,,
10.419943844,2690810,,rFF44,69481965,100.00,,
10.419943844,620551321,,instructions,69481885,100.00,2.43,insn per cycle
10.419943844,255823484,,cycles,69481745,100.00,,
10.520135491,2014,,rD044,69559389,100.00,,
10.520135491,2729553,,rFF44,69559309,100.00,,
10.520135491,621857122,,instructions,69559759,100.00,2.43,insn per cycle
10.520135491,256109851,,cycles,69559809,100.00,,
10.620328809,1772,,rD044,69538180,100.00,,
10.620328809,2733372,,rFF44,69538250,100.00,,
10.620328809,621238216,,instructions,69538320,100.00,2.43,insn per cycle
10.620328809,256015657,,cycles,69538480,100.00,,
10.720521187,1879,,rD044,69292137,100.00,,
10.720521187,2704641,,rFF44,69292047,100.00,,
10.720521187,621724833,,instructions,69291517,100.00,2.44,insn per cycle
10.720521187,255088636,,cycles,69291227,100.00,,
10.820712914,1767,,rD044,69407891,100.00,,
10.820712914,2751743,,rFF44,69408161,100.00,,
10.820712914,623090571,,instructions,69408532,100.00,2.44,insn per cycle
10.820712914,255512128,,cycles,69408882,100.00,,
10.920906152,1735,,rD044,69857389,100.00,,
10.920906152,2699401,,rFF44,69852439,100.00,,
10.920906152,624210102,,instructions,69849138,100.00,2.43,insn per cycle
10.920906152,257230891,,cycles,69845638,100.00,,
11.021089579,1948,,rD044,70377741,100.00,,
11.021089579,2763103,,rFF44,70377741,100.00,,
11.021089579,634083431,,instructions,70377741,100.00,2.45,insn per cycle
11.021089579,259290356,,cycles,70377741,100.00,,
11.121274197,1675,,rD044,70704192,100.00,,
11.121274197,2733237,,rFF44,70704192,100.00,,
11.121274197,635134940,,instructions,70704192,100.00,2.44,insn per cycle
11.121274197,260558890,,cycles,70704192,100.00,,
11.221460614,1767,,rD044,70606935,100.00,,
11.221460614,2733113,,rFF44,70606935,100.00,,
11.221460614,632725328,,instructions,70606935,100.00,2.43,insn per cycle
11.221460614,260197199,,cycles,70606935,100.00,,
11.321644411,1743,,rD044,70419932,100.00,,
11.321644411,2759968,,rFF44,70419932,100.00,,
11.321644411,633376675,,instructions,70419932,100.00,2.44,insn per cycle
11.321644411,259416407,,cycles,70419932,100.00,,
11.421827639,1949,,rD044,69519037,100.00,,
11.421827639,2702757,,rFF44,69524177,100.00,,
11.421827639,622066605,,instructions,69527457,100.00,2.43,insn per cycle
11.421827639,256007556,,cycles,69531137,100.00,,
11.522018867,1820,,rD044,69446759,100.00,,
11.522018867,2702500,,rFF44,69447119,100.00,,
11.522018867,621630474,,instructions,69447389,100.00,2.43,insn per cycle
11.522018867,255647744,,cycles,69446849,100.00,,
11.622209864,1743,,rD044,69578617,100.00,,
11.622209864,2721641,,rFF44,69578277,100.00,,
11.622209864,623975762,,instructions,69577607,100.00,2.44,insn per cycle
11.622209864,256142987,,cycles,69578757,100.00,,
11.722404542,1729,,rD044,69282727,100.00,,
11.722404542,2691126,,rFF44,69282027,100.00,,
11.722404542,618976593,,instructions,69282147,100.00,2.43,insn per cycle
11.722404542,255085866,,cycles,69281067,100.00,,
11.822595199,1546,,rD044,69529458,100.00,,
11.822595199,2723124,,rFF44,69529788,100.00,,
11.822595199,622826843,,instructions,69529788,100.00,2.43,insn per cycle
11.822595199,256025480,,cycles,69529558,100.00,,
11.922785387,1890,,rD044,69621885,100.00,,
11.922785387,2716712,,rFF44,69621765,100.00,,
11.922785387,620666289,,instructions,69622325,100.00,2.42,insn per cycle
11.922785387,256311092,,cycles,69622985,100.00,,
12.023008234,1708,,rD044,69400392,100.00,,
12.023008234,2674460,,rFF44,69400622,100.00,,
12.023008234,619360177,,instructions,69400342,100.00,2.42,insn per cycle
12.023008234,255472199,,cycles,69400142,100.00,,
12.123199102,1651,,rD044,69482084,100.00,,
12.123199102,2735490,,rFF44,69482004,100.00,,
12.123199102,624443150,,instructions,69481804,100.00,2.44,insn per cycle
12.123199102,255809538,,cycles,69481534,100.00,,
12.223393010,2374,,rD044,69358505,100.00,,
12.223393010,2679947,,rFF44,69358485,100.00,,
12.223393010,619058177,,instructions,69358705,100.00,2.42,insn per cycle
12.223393010,255318281,,cycles,69358785,100.00,,
12.323586437,1568,,rD044,70122039,100.00,,
12.323586437,2724943,,rFF44,70122409,100.00,,
12.323586437,627623463,,instructions,70119109,100.00,2.43,insn per cycle
12.323586437,258290662,,cycles,70115859,100.00,,
12.423776135,1999,,rD044,70297883,100.00,,
12.423776135,2719660,,rFF44,70292713,100.00,,
12.423776135,629083558,,instructions,70292713,100.00,2.43,insn per cycle
12.423776135,258991470,,cycles,70292713,100.00,,
12.523975052,2001,,rD044,70834475,100.00,,
12.523975052,2715218,,rFF44,70834475,100.00,,
12.523975052,633194379,,instructions,70834475,100.00,2.43,insn per cycle
12.523975052,261074996,,cycles,70834475,100.00,,
12.624163040,1854,,rD044,70097818,100.00,,
12.624163040,2753785,,rFF44,70097818,100.00,,
12.624163040,629195496,,instructions,70097818,100.00,2.44,insn per cycle
12.624163040,258227081,,cycles,70097818,100.00,,
12.724346307,1761,,rD044,70298581,100.00,,
12.724346307,2705078,,rFF44,70303261,100.00,,
12.724346307,629478498,,instructions,70306361,100.00,2.43,insn per cycle
12.724346307,258964356,,cycles,70309691,100.00,,
12.824540425,1606,,rD044,69423921,100.00,,
12.824540425,2680934,,rFF44,69423691,100.00,,
12.824540425,619633326,,instructions,69424621,100.00,2.42,insn per cycle
12.824540425,255578488,,cycles,69424801,100.00,,
12.924732012,1785,,rD044,67633921,100.00,,
12.924732012,2647865,,rFF44,67634351,100.00,,
12.924732012,603195893,,instructions,67633331,100.00,2.42,insn per cycle
12.924732012,248748157,,cycles,67633461,100.00,,
13.024922530,2040,,rD044,69466907,100.00,,
13.024922530,2700753,,rFF44,69467117,100.00,,
13.024922530,618101100,,instructions,69467417,100.00,2.42,insn per cycle
13.024922530,255826387,,cycles,69467007,100.00,,
13.125114978,2737,,rD044,69461724,100.00,,
13.125114978,2844946,,rFF44,69461424,100.00,,
13.125114978,613343371,,instructions,69461344,100.00,2.40,insn per cycle
13.125114978,255942217,,cycles,69461464,100.00,,
13.225307005,2269,,rD044,70795557,100.00,,
13.225307005,2778493,,rFF44,70790767,100.00,,
13.225307005,628254885,,instructions,70787537,100.00,2.41,insn per cycle
13.225307005,261000319,,cycles,70784187,100.00,,
13.325489272,2212,,rD044,70879810,100.00,,
13.325489272,2723479,,rFF44,70879810,100.00,,
13.325489272,633467837,,instructions,70879810,100.00,2.42,insn per cycle
13.325489272,261314834,,cycles,70879810,100.00,,
13.425671240,1673,,rD044,70822579,100.00,,
13.425671240,2726106,,rFF44,70822579,100.00,,
13.425671240,631397947,,instructions,70822579,100.00,2.42,insn per cycle
13.425671240,261027604,,cycles,70822579,100.00,,
13.525853737,2272,,rD044,69926713,100.00,,
13.525853737,2700533,,rFF44,69931373,100.00,,
13.525853737,623519033,,instructions,69934663,100.00,2.42,insn per cycle
13.525853737,257503694,,cycles,69938213,100.00,,
13.626044385,1829,,rD044,69530323,100.00,,
13.626044385,2702249,,rFF44,69530553,100.00,,
13.626044385,619415453,,instructions,69530443,100.00,2.42,insn per cycle
13.626044385,255989047,,cycles,69530233,100.00,,
13.726236612,2234,,rD044,69534707,100.00,,
13.726236612,2742442,,rFF44,69534827,100.00,,
13.726236612,620431855,,instructions,69534617,100.00,2.42,insn per cycle
13.726236612,256015501,,cycles,69534557,100.00,,
13.826428270,1509,,rD044,69445220,100.00,,
13.826428270,2742569,,rFF44,69445250,100.00,,
13.826428270,619163574,,instructions,69445240,100.00,2.42,insn per cycle
13.826428270,255725194,,cycles,69445570,100.00,,
13.926620878,1991,,rD044,69432858,100.00,,
13.926620878,2745552,,rFF44,69433138,100.00,,
13.926620878,619488637,,instructions,69433389,100.00,2.42,insn per cycle
13.926620878,255588333,,cycles,69432939,100.00,,
14.026845435,1802,,rD044,69498241,100.00,,
14.026845435,2712793,,rFF44,69497901,100.00,,
14.026845435,620146034,,instructions,69497650,100.00,2.42,insn per cycle
14.026845435,255871377,,cycles,69497630,100.00,,
14.127041443,1690,,rD044,70856080,100.00,,
14.127041443,2828547,,rFF44,70851100,100.00,,
14.127041443,629372493,,instructions,70848140,100.00,2.41,insn per cycle
14.127041443,261160280,,cycles,70845000,100.00,,
14.227223450,1838,,rD044,71108572,100.00,,
14.227223450,2762769,,rFF44,71108572,100.00,,
14.227223450,633800408,,instructions,71108572,100.00,2.42,insn per cycle
14.227223450,262174133,,cycles,71108572,100.00,,
14.327407288,1584,,rD044,70903623,100.00,,
14.327407288,2737271,,rFF44,70908983,100.00,,
14.327407288,633282054,,instructions,70912573,100.00,2.42,insn per cycle
14.327407288,261323054,,cycles,70916053,100.00,,
14.427600965,1835,,rD044,69434010,100.00,,
14.427600965,2676295,,rFF44,69433870,100.00,,
14.427600965,617357379,,instructions,69433320,100.00,2.42,insn per cycle
14.427600965,255580634,,cycles,69433010,100.00,,
14.527793903,1819,,rD044,69496161,100.00,,
14.527793903,2685067,,rFF44,69509551,100.00,,
14.527793903,617014070,,instructions,69509431,100.00,2.41,insn per cycle
14.527793903,255886848,,cycles,69509421,100.00,,
14.627998931,1600,,rD044,69625685,100.00,,
14.627998931,2694001,,rFF44,69611875,100.00,,
14.627998931,620255834,,instructions,69611825,100.00,2.42,insn per cycle
14.627998931,256255253,,cycles,69613416,100.00,,
14.728192808,2053,,rD044,69538139,100.00,,
14.728192808,2688349,,rFF44,69538079,100.00,,
14.728192808,617846079,,instructions,69538179,100.00,2.41,insn per cycle
14.728192808,256037756,,cycles,69536758,100.00,,
14.828384186,1622,,rD044,69375436,100.00,,
14.828384186,2681982,,rFF44,69370696,100.00,,
14.828384186,618925994,,instructions,69367726,100.00,2.42,insn per cycle
14.828384186,255415191,,cycles,69364396,100.00,,
14.928567473,2105,,rD044,71486124,100.00,,
14.928567473,2792805,,rFF44,71486124,100.00,,
14.928567473,637128819,,instructions,71486124,100.00,2.42,insn per cycle
14.928567473,263689184,,cycles,71486124,100.00,,
15.028754031,2049,,rD044,71120353,100.00,,
15.028754031,2724958,,rFF44,71120353,100.00,,
15.028754031,635435145,,instructions,71120353,100.00,2.42,insn per cycle
15.028754031,262259301,,cycles,71120353,100.00,,
15.128952558,1542,,rD044,70000232,100.00,,
15.128952558,2684973,,rFF44,70005382,100.00,,
15.128952558,625785325,,instructions,70008452,100.00,2.43,insn per cycle
15.128952558,257803932,,cycles,70012742,100.00,,
15.229152546,1854,,rD044,69503157,100.00,,
15.229152546,2661049,,rFF44,69503347,100.00,,
15.229152546,619247161,,instructions,69503727,100.00,2.42,insn per cycle
15.229152546,255831535,,cycles,69502937,100.00,,
15.329346214,1848,,rD044,69509042,100.00,,
15.329346214,2670281,,rFF44,69508842,100.00,,
15.329346214,618685334,,instructions,69508782,100.00,2.42,insn per cycle
15.329346214,255879572,,cycles,69508692,100.00,,
15.429540011,1794,,rD044,69503987,100.00,,
15.429540011,2667572,,rFF44,69503937,100.00,,
15.429540011,618690736,,instructions,69504067,100.00,2.42,insn per cycle
15.429540011,255883764,,cycles,69503877,100.00,,
15.529732809,1797,,rD044,69430967,100.00,,
15.529732809,2659615,,rFF44,69430557,100.00,,
15.529732809,617553206,,instructions,69430407,100.00,2.42,insn per cycle
15.529732809,255609286,,cycles,69430528,100.00,,
15.629939466,2136,,rD044,70206542,100.00,,
15.629939466,2694900,,rFF44,70201862,100.00,,
15.629939466,626197455,,instructions,70198492,100.00,2.42,insn per cycle
15.629939466,258555834,,cycles,70195151,100.00,,
15.730123644,1985,,rD044,70931764,100.00,,
15.730123644,2722237,,rFF44,70931764,100.00,,
15.730123644,635691546,,instructions,70931764,100.00,2.43,insn per cycle
15.730123644,261547323,,cycles,70931764,100.00,,
15.830307131,1577,,rD044,70974437,100.00,,
15.830307131,2717012,,rFF44,70974437,100.00,,
15.830307131,635359563,,instructions,70974437,100.00,2.43,insn per cycle
15.830307131,261673096,,cycles,70974437,100.00,,
15.930490539,1729,,rD044,70087499,100.00,,
15.930490539,2711289,,rFF44,70092229,100.00,,
15.930490539,626812041,,instructions,70095629,100.00,2.43,insn per cycle
15.930490539,258133596,,cycles,70099259,100.00,,
16.030682496,1549,,rD044,69490782,100.00,,
16.030682496,2670783,,rFF44,69491022,100.00,,
16.030682496,619958174,,instructions,69491142,100.00,2.42,insn per cycle
16.030682496,255829306,,cycles,69491162,100.00,,
16.130872854,1572,,rD044,69438686,100.00,,
16.130872854,2684993,,rFF44,69438436,100.00,,
16.130872854,620040391,,instructions,69438176,100.00,2.43,insn per cycle
16.130872854,255627839,,cycles,69437926,100.00,,
16.231066731,1781,,rD044,69454867,100.00,,
16.231066731,2672138,,rFF44,69455137,100.00,,
16.231066731,619524069,,instructions,69454617,100.00,2.42,insn per cycle
16.231066731,255681291,,cycles,69454427,100.00,,
16.331259899,1794,,rD044,69698019,100.00,,
16.331259899,2703069,,rFF44,69697869,100.00,,
16.331259899,621267359,,instructions,69698459,100.00,2.42,insn per cycle
16.331259899,256622251,,cycles,69698639,100.00,,
16.431452096,1654,,rD044,69499324,100.00,,
16.431452096,2691187,,rFF44,69494484,100.00,,
16.431452096,620136940,,instructions,69491154,100.00,2.42,insn per cycle
16.431452096,255837743,,cycles,69487764,100.00,,
16.531632334,2278,,rD044,71025517,100.00,,
16.531632334,2756789,,rFF44,71025517,100.00,,
16.531632334,635763074,,instructions,71025517,100.00,2.43,insn per cycle
16.531632334,261810231,,cycles,71025517,100.00,,
16.631848392,2499,,rD044,70942607,100.00,,
16.631848392,2737363,,rFF44,70945907,100.00,,
16.631848392,635433246,,instructions,70949257,100.00,2.43,insn per cycle
16.631848392,261530077,,cycles,70952487,100.00,,
16.732058849,1821,,rD044,71154443,100.00,,
16.732058849,2733909,,rFF44,71151143,100.00,,
16.732058849,635845884,,instructions,71147793,100.00,2.42,insn per cycle
16.732058849,262240112,,cycles,71144563,100.00,,
16.832242287,1790,,rD044,69926382,100.00,,
16.832242287,2691504,,rFF44,69931102,100.00,,
16.832242287,623355016,,instructions,69934242,100.00,2.42,insn per cycle
16.832242287,257531930,,cycles,69937952,100.00,,
16.932436004,1820,,rD044,69978039,100.00,,
16.932436004,2693486,,rFF44,69978099,100.00,,
16.932436004,624258895,,instructions,69978159,100.00,2.42,insn per cycle
16.932436004,257666002,,cycles,69977809,100.00,,
17.032630162,1801,,rD044,69797717,100.00,,
17.032630162,2669436,,rFF44,69797717,100.00,,
17.032630162,621493520,,instructions,69797407,100.00,2.42,insn per cycle
17.032630162,256985573,,cycles,69797787,100.00,,
17.132824059,1977,,rD044,69591014,100.00,,
17.132824059,2669989,,rFF44,69590884,100.00,,
17.132824059,619599007,,instructions,69591474,100.00,2.42,insn per cycle
17.132824059,256237938,,cycles,69590944,100.00,,
17.233017907,1871,,rD044,69664859,100.00,,
17.233017907,2702441,,rFF44,69664909,100.00,,
17.233017907,619703520,,instructions,69664979,100.00,2.42,insn per cycle
17.233017907,256497869,,cycles,69664839,100.00,,
17.333212045,1795,,rD044,70075367,100.00,,
17.333212045,2781859,,rFF44,70070667,100.00,,
17.333212045,624111742,,instructions,70067117,100.00,2.42,insn per cycle
17.333212045,258038839,,cycles,70064047,100.00,,
17.433395162,1740,,rD044,71205132,100.00,,
17.433395162,2740413,,rFF44,71205132,100.00,,
17.433395162,636904478,,instructions,71205132,100.00,2.43,insn per cycle
17.433395162,262533178,,cycles,71205132,100.00,,
17.533579910,1617,,rD044,71270566,100.00,,
17.533579910,2735233,,rFF44,71270566,100.00,,
17.533579910,636720940,,instructions,71270566,100.00,2.42,insn per cycle
17.533579910,262810091,,cycles,71270566,100.00,,
17.633766207,1644,,rD044,70659082,100.00,,
17.633766207,2709528,,rFF44,70664372,100.00,,
17.633766207,629040389,,instructions,70667932,100.00,2.42,insn per cycle
17.633766207,260320935,,cycles,70671232,100.00,,
17.733975675,1822,,rD044,69703656,100.00,,
17.733975675,2698123,,rFF44,69703406,100.00,,
17.733975675,619020950,,instructions,69703056,100.00,2.41,insn per cycle
17.733975675,256586053,,cycles,69703236,100.00,,
17.834168272,2200,,rD044,69531773,100.00,,
17.834168272,2739956,,rFF44,69531583,100.00,,
17.834168272,614643461,,instructions,69531393,100.00,2.40,insn per cycle
17.834168272,256071865,,cycles,69531273,100.00,,
17.934361300,2071,,rD044,69739572,100.00,,
17.934361300,2696367,,rFF44,69739282,100.00,,
17.934361300,620679729,,instructions,69739392,100.00,2.42,insn per cycle
17.934361300,256787024,,cycles,69739402,100.00,,
18.034554057,1591,,rD044,69393561,100.00,,
18.034554057,2675153,,rFF44,69389001,100.00,,
18.034554057,615625091,,instructions,69385871,100.00,2.41,insn per cycle
18.034554057,255483269,,cycles,69382501,100.00,,
18.134736935,1567,,rD044,71094543,100.00,,
18.134736935,2729867,,rFF44,71094543,100.00,,
18.134736935,636792730,,instructions,71094543,100.00,2.43,insn per cycle
18.134736935,262141278,,cycles,71094543,100.00,,
18.234916842,1559,,rD044,71136960,100.00,,
18.234916842,2734496,,rFF44,71136960,100.00,,
18.234916842,636494225,,instructions,71136960,100.00,2.43,insn per cycle
18.234916842,262302744,,cycles,71143070,100.00,,
18.335106190,2123,,rD044,70630622,100.00,,
18.335106190,2721009,,rFF44,70635422,100.00,,
18.335106190,630377286,,instructions,70638792,100.00,2.42,insn per cycle
18.335106190,260229667,,cycles,70636312,100.00,,
18.435299297,1913,,rD044,69602435,100.00,,
18.435299297,2698701,,rFF44,69602805,100.00,,
18.435299297,620258889,,instructions,69602775,100.00,2.42,insn per cycle
18.435299297,256253177,,cycles,69602365,100.00,,
18.535493275,1759,,rD044,69698825,100.00,,
18.535493275,2788386,,rFF44,69698505,100.00,,
18.535493275,621177518,,instructions,69698415,100.00,2.42,insn per cycle
18.535493275,256622362,,cycles,69698485,100.00,,
18.635686003,1522,,rD044,69615238,100.00,,
18.635686003,2693104,,rFF44,69615488,100.00,,
18.635686003,620145054,,instructions,69615428,100.00,2.42,insn per cycle
18.635686003,256319309,,cycles,69615348,100.00,,
18.735879130,1770,,rD044,69463932,100.00,,
18.735879130,2739287,,rFF44,69463952,100.00,,
18.735879130,618046226,,instructions,69464492,100.00,2.42,insn per cycle
18.735879130,255726859,,cycles,69464712,100.00,,
18.836073668,2093,,rD044,70320531,100.00,,
18.836073668,2818047,,rFF44,70321571,100.00,,
18.836073668,625389866,,instructions,70321051,100.00,2.41,insn per cycle
18.836073668,259076573,,cycles,70320911,100.00,,
18.936267845,1696,,rD044,71337592,100.00,,
18.936267845,2848210,,rFF44,71331432,100.00,,
18.936267845,636918416,,instructions,71328222,100.00,2.42,insn per cycle
18.936267845,263063658,,cycles,71324932,100.00,,
19.036453323,1610,,rD044,71230683,100.00,,
19.036453323,2851349,,rFF44,71235543,100.00,,
19.036453323,635054152,,instructions,71238773,100.00,2.42,insn per cycle
19.036453323,262635143,,cycles,71242413,100.00,,
19.136646100,1565,,rD044,69663165,100.00,,
19.136646100,2788568,,rFF44,69663075,100.00,,
19.136646100,619012461,,instructions,69663175,100.00,2.41,insn per cycle
19.136646100,256521227,,cycles,69662565,100.00,,
19.236841928,1865,,rD044,69514190,100.00,,
19.236841928,2780914,,rFF44,69514690,100.00,,
19.236841928,617278842,,instructions,69515050,100.00,2.41,insn per cycle
19.236841928,255931791,,cycles,69515040,100.00,,
19.337035095,1910,,rD044,69705407,100.00,,
19.337035095,2796993,,rFF44,69705257,100.00,,
19.337035095,618807319,,instructions,69704837,100.00,2.41,insn per cycle
19.337035095,256619453,,cycles,69705247,100.00,,
19.437227903,1959,,rD044,69515554,100.00,,
19.437227903,2791595,,rFF44,69515484,100.00,,
19.437227903,617145170,,instructions,69515324,100.00,2.41,insn per cycle
19.437227903,255912469,,cycles,69515384,100.00,,
19.537421270,1817,,rD044,70335661,100.00,,
19.537421270,2811079,,rFF44,70330611,100.00,,
19.537421270,626241187,,instructions,70327501,100.00,2.42,insn per cycle
19.537421270,259067326,,cycles,70324011,100.00,,
19.637604368,1982,,rD044,71562921,100.00,,
19.637604368,2869962,,rFF44,71562921,100.00,,
19.637604368,636855682,,instructions,71562921,100.00,2.41,insn per cycle
19.637604368,263962306,,cycles,71562921,100.00,,
19.737788775,1615,,rD044,70983483,100.00,,
19.737788775,2852595,,rFF44,70988753,100.00,,
19.737788775,631998216,,instructions,71005993,100.00,2.41,insn per cycle
19.737788775,261699066,,cycles,71009713,100.00,,
19.837997033,1971,,rD044,69489427,100.00,,
19.837997033,2864146,,rFF44,69488917,100.00,,
19.837997033,613586741,,instructions,69474767,100.00,2.40,insn per cycle
19.837997033,255749039,,cycles,69474277,100.00,,
19.938189661,2180,,rD044,69537136,100.00,,
19.938189661,2844183,,rFF44,69537596,100.00,,
19.938189661,613991865,,instructions,69537486,100.00,2.40,insn per cycle
19.938189661,255987071,,cycles,69537586,100.00,,
20.038382048,1518,,rD044,69510789,100.00,,
20.038382048,2807023,,rFF44,69510569,100.00,,
20.038382048,615003876,,instructions,69510299,100.00,2.40,insn per cycle
20.038382048,255949480,,cycles,69510239,100.00,,
20.138576096,2375,,rD044,70138586,100.00,,
20.138576096,2811734,,rFF44,70133586,100.00,,
20.138576096,621653890,,instructions,70130876,100.00,2.41,insn per cycle
20.138576096,258359464,,cycles,70127606,100.00,,
20.238760433,1704,,rD044,71345198,100.00,,
20.238760433,2843149,,rFF44,71350468,100.00,,
20.238760433,636041226,,instructions,71353899,100.00,2.42,insn per cycle
20.238760433,263167385,,cycles,71356489,100.00,,
20.338983161,1881,,rD044,69516681,100.00,,
20.338983161,2796422,,rFF44,69511411,100.00,,
20.338983161,620774116,,instructions,69507980,100.00,2.43,insn per cycle
20.338983161,255973065,,cycles,69505390,100.00,,
20.439164269,1802,,rD044,68253420,100.00,,
20.439164269,2762647,,rFF44,68255850,100.00,,
20.439164269,610409633,,instructions,68255850,100.00,2.43,insn per cycle
20.439164269,250981929,,cycles,68255850,100.00,,
20.539353356,2055,,rD044,68171572,100.00,,
20.539353356,2792633,,rFF44,68174122,100.00,,
20.539353356,610660712,,instructions,68177002,100.00,2.44,insn per cycle
20.539353356,250731381,,cycles,68180162,100.00,,
20.639545224,2214,,rD044,69524274,100.00,,
20.639545224,2727128,,rFF44,69523914,100.00,,
20.639545224,626220365,,instructions,69524124,100.00,2.45,insn per cycle
20.639545224,255966288,,cycles,69524114,100.00,,
20.739736411,1659,,rD044,69538973,100.00,,
20.739736411,2708117,,rFF44,69539793,100.00,,
20.739736411,626654919,,instructions,69539913,100.00,2.45,insn per cycle
20.739736411,256048177,,cycles,69540113,100.00,,
20.839942229,2182,,rD044,69552544,100.00,,
20.839942229,2711585,,rFF44,69552004,100.00,,
20.839942229,626898570,,instructions,69552084,100.00,2.45,insn per cycle
20.839942229,256080893,,cycles,69552154,100.00,,
20.940132906,1790,,rD044,69654863,100.00,,
20.940132906,2719377,,rFF44,69654793,100.00,,
20.940132906,627937222,,instructions,69654793,100.00,2.45,insn per cycle
20.940132906,256475538,,cycles,69654543,100.00,,
21.040324124,1960,,rD044,68674765,100.00,,
21.040324124,2690557,,rFF44,68669935,100.00,,
21.040324124,619357201,,instructions,68666645,100.00,2.45,insn per cycle
21.040324124,252708748,,cycles,68663475,100.00,,
21.140505321,2013,,rD044,68018413,100.00,,
21.140505321,2675854,,rFF44,68018413,100.00,,
21.140505321,609305909,,instructions,68018413,100.00,2.44,insn per cycle
21.140505321,250064951,,cycles,68018413,100.00,,
21.240688499,2212,,rD044,67906982,100.00,,
21.240688499,2673258,,rFF44,67906982,100.00,,
21.240688499,608879801,,instructions,67906982,100.00,2.44,insn per cycle
21.240688499,249611269,,cycles,67914222,100.00,,
21.340876806,1628,,rD044,68964286,100.00,,
21.340876806,2690369,,rFF44,68968916,100.00,,
21.340876806,619426245,,instructions,68972236,100.00,2.44,insn per cycle
21.340876806,253791419,,cycles,68968066,100.00,,
21.441069124,1944,,rD044,69423259,100.00,,
21.441069124,2714163,,rFF44,69423449,100.00,,
21.441069124,624460366,,instructions,69423049,100.00,2.44,insn per cycle
21.441069124,255605793,,cycles,69423369,100.00,,
21.541262291,2109,,rD044,69602855,100.00,,
21.541262291,2703970,,rFF44,69602525,100.00,,
21.541262291,626902804,,instructions,69602555,100.00,2.45,insn per cycle
21.541262291,256268193,,cycles,69602495,100.00,,
21.641453519,2012,,rD044,69530395,100.00,,
21.641453519,2708497,,rFF44,69531185,100.00,,
21.641453519,625795765,,instructions,69531445,100.00,2.44,insn per cycle
21.641453519,255986240,,cycles,69530945,100.00,,
21.741645707,1807,,rD044,69567103,100.00,,
21.741645707,2700053,,rFF44,69566773,100.00,,
21.741645707,626507172,,instructions,69566703,100.00,2.45,insn per cycle
21.741645707,256111245,,cycles,69567263,100.00,,
21.841837864,1957,,rD044,68338336,100.00,,
21.841837864,2643171,,rFF44,68333386,100.00,,
21.841837864,614508300,,instructions,68330246,100.00,2.44,insn per cycle
21.841837864,251353692,,cycles,68326856,100.00,,
21.942021191,1893,,rD044,67897677,100.00,,
21.942021191,2646248,,rFF44,67897677,100.00,,
21.942021191,609016416,,instructions,67904027,100.00,2.44,insn per cycle
21.942021191,249609911,,cycles,67907297,100.00,,
22.042212109,2173,,rD044,68373947,100.00,,
22.042212109,2668608,,rFF44,68378877,100.00,,
22.042212109,615105281,,instructions,68375647,100.00,2.45,insn per cycle
22.042212109,251474883,,cycles,68376227,100.00,,
22.142405447,1910,,rD044,69516836,100.00,,
22.142405447,2673957,,rFF44,69517196,100.00,,
22.142405447,627370406,,instructions,69517016,100.00,2.45,insn per cycle
22.142405447,255943200,,cycles,69516586,100.00,,
22.242598664,1596,,rD044,69705132,100.00,,
22.242598664,2708697,,rFF44,69704952,100.00,,
22.242598664,629843917,,instructions,69704862,100.00,2.45,insn per cycle
22.242598664,256606910,,cycles,69704542,100.00,,
22.342790242,1897,,rD044,69616186,100.00,,
22.342790242,2693804,,rFF44,69616416,100.00,,
22.342790242,629673196,,instructions,69644526,100.00,2.46,insn per cycle
22.342790242,256428555,,cycles,69644546,100.00,,
22.443007370,1623,,rD044,69599363,100.00,,
22.443007370,2694780,,rFF44,69599153,100.00,,
22.443007370,627516171,,instructions,69571673,100.00,2.45,insn per cycle
22.443007370,256142719,,cycles,69572073,100.00,,
22.543200917,1749,,rD044,67756642,100.00,,
22.543200917,2630087,,rFF44,67751512,100.00,,
22.543200917,609165778,,instructions,67748032,100.00,2.45,insn per cycle
22.543200917,249028343,,cycles,67744512,100.00,,
22.643388145,1590,,rD044,67714828,100.00,,
22.643388145,2620998,,rFF44,67714828,100.00,,
22.643388145,609244248,,instructions,67714828,100.00,2.45,insn per cycle
22.643388145,248857774,,cycles,67714828,100.00,,
22.743569312,2152,,rD044,69619416,100.00,,
22.743569312,2688040,,rFF44,69624296,100.00,,
22.743569312,628062806,,instructions,69627716,100.00,2.45,insn per cycle
22.743569312,256346160,,cycles,69631266,100.00,,
22.843760530,1574,,rD044,70020191,100.00,,
22.843760530,2700197,,rFF44,70020701,100.00,,
22.843760530,634720171,,instructions,70020851,100.00,2.46,insn per cycle
22.843760530,257857627,,cycles,70020411,100.00,,
22.943964447,1639,,rD044,69788619,100.00,,
22.943964447,2678783,,rFF44,69788130,100.00,,
22.943964447,630226343,,instructions,69787420,100.00,2.45,insn per cycle
22.943964447,256963379,,cycles,69789300,100.00,,
23.044158135,1650,,rD044,69524460,100.00,,
23.044158135,2668670,,rFF44,69519559,100.00,,
23.044158135,626884789,,instructions,69516699,100.00,2.45,insn per cycle
23.044158135,255929337,,cycles,69511709,100.00,,
23.144340822,1883,,rD044,67848344,100.00,,
23.144340822,2626864,,rFF44,67853304,100.00,,
23.144340822,609125120,,instructions,67856034,100.00,2.44,insn per cycle
23.144340822,249460327,,cycles,67859284,100.00,,
23.244536030,2061,,rD044,67918881,100.00,,
23.244536030,2679757,,rFF44,67919281,100.00,,
23.244536030,609329707,,instructions,67916551,100.00,2.44,insn per cycle
23.244536030,249652778,,cycles,67913301,100.00,,
23.344727407,1937,,rD044,69443993,100.00,,
23.344727407,2675987,,rFF44,69443783,100.00,,
23.344727407,626379913,,instructions,69447133,100.00,2.45,insn per cycle
23.344727407,255643649,,cycles,69450383,100.00,,
23.444919335,1908,,rD044,69939423,100.00,,
23.444919335,2700211,,rFF44,69939113,100.00,,
23.444919335,630378387,,instructions,69938693,100.00,2.45,insn per cycle
23.444919335,257543923,,cycles,69939253,100.00,,
23.545111842,1909,,rD044,69700479,100.00,,
23.545111842,2712001,,rFF44,69700559,100.00,,
23.545111842,628514648,,instructions,69700729,100.00,2.45,insn per cycle
23.545111842,256602837,,cycles,69700139,100.00,,
23.645304720,1919,,rD044,69695806,100.00,,
23.645304720,2744677,,rFF44,69695416,100.00,,
23.645304720,627694695,,instructions,69695556,100.00,2.45,insn per cycle
23.645304720,256651101,,cycles,69695286,100.00,,
23.745497698,1845,,rD044,68651661,100.00,,
23.745497698,2737912,,rFF44,68647131,100.00,,
23.745497698,615645708,,instructions,68643891,100.00,2.44,insn per cycle
23.745497698,252538337,,cycles,68640941,100.00,,
23.845682105,2159,,rD044,68014818,100.00,,
23.845682105,2667342,,rFF44,68014818,100.00,,
23.845682105,610403981,,instructions,68014818,100.00,2.44,insn per cycle
23.845682105,250001422,,cycles,68014818,100.00,,
23.945862652,2065,,rD044,68316335,100.00,,
23.945862652,2664430,,rFF44,68321055,100.00,,
23.945862652,613628906,,instructions,68324485,100.00,2.44,insn per cycle
23.945862652,251233873,,cycles,68329255,100.00,,
24.046055900,1699,,rD044,69804097,100.00,,
24.046055900,2705474,,rFF44,69804297,100.00,,
24.046055900,629497727,,instructions,69804087,100.00,2.45,insn per cycle
24.046055900,257020466,,cycles,69802627,100.00,,
24.146249058,1658,,rD044,69583590,100.00,,
24.146249058,2698999,,rFF44,69583810,100.00,,
24.146249058,629394412,,instructions,69583820,100.00,2.46,insn per cycle
24.146249058,256224590,,cycles,69583890,100.00,,
24.246442325,1927,,rD044,69494662,100.00,,
24.246442325,2700898,,rFF44,69494172,100.00,,
24.246442325,625925981,,instructions,69494282,100.00,2.45,insn per cycle
24.246442325,255845625,,cycles,69494732,100.00,,
24.346637303,2017,,rD044,69484913,100.00,,
24.346637303,2693083,,rFF44,69485153,100.00,,
24.346637303,625542036,,instructions,69485173,100.00,2.45,insn per cycle
24.346637303,255824630,,cycles,69484853,100.00,,
24.446831880,2010,,rD044,68363600,100.00,,
24.446831880,2686495,,rFF44,68358710,100.00,,
24.446831880,613271787,,instructions,68355350,100.00,2.44,insn per cycle
24.446831880,251439819,,cycles,68351840,100.00,,
24.547014868,1789,,rD044,67885082,100.00,,
24.547014868,2666186,,rFF44,67888382,100.00,,
24.547014868,609549118,,instructions,67888382,100.00,2.44,insn per cycle
24.547014868,249576275,,cycles,67888382,100.00,,
24.647203485,1542,,rD044,68234998,100.00,,
24.647203485,2658391,,rFF44,68236368,100.00,,
24.647203485,613733611,,instructions,68239858,100.00,2.45,insn per cycle
24.647203485,251015242,,cycles,68242938,100.00,,
24.747395453,1926,,rD044,69631772,100.00,,
24.747395453,2692721,,rFF44,69632002,100.00,,
24.747395453,628825008,,instructions,69631862,100.00,2.45,insn per cycle
24.747395453,256423945,,cycles,69632352,100.00,,
24.847587640,1485,,rD044,69506367,100.00,,
24.847587640,2698148,,rFF44,69506397,100.00,,
24.847587640,630624225,,instructions,69506527,100.00,2.46,insn per cycle
24.847587640,255942039,,cycles,69506137,100.00,,
24.947778638,1518,,rD044,69526977,100.00,,
24.947778638,2672535,,rFF44,69527157,100.00,,
24.947778638,628926811,,instructions,69526837,100.00,2.46,insn per cycle
24.947778638,256013156,,cycles,69526808,100.00,,
25.047997386,1899,,rD044,69250278,100.00,,
25.047997386,2675142,,rFF44,69245168,100.00,,
25.047997386,625651846,,instructions,69242008,100.00,2.45,insn per cycle
25.047997386,254915028,,cycles,69238857,100.00,,
25.148178763,1489,,rD044,67725343,100.00,,
25.148178763,2626910,,rFF44,67725343,100.00,,
25.148178763,609120208,,instructions,67725343,100.00,2.45,insn per cycle
25.148178763,248995851,,cycles,67725343,100.00,,
25.248362891,2034,,rD044,67890229,100.00,,
25.248362891,2650253,,rFF44,67890229,100.00,,
25.248362891,609316791,,instructions,67890229,100.00,2.44,insn per cycle
25.248362891,249762254,,cycles,67890229,100.00,,
25.348547608,1984,,rD044,67994423,100.00,,
25.348547608,2639601,,rFF44,67999463,100.00,,
25.348547608,609400226,,instructions,68002633,100.00,2.44,insn per cycle
25.348547608,250203046,,cycles,68005953,100.00,,
25.448741586,2115,,rD044,68028958,100.00,,
25.448741586,2648144,,rFF44,68028578,100.00,,
25.448741586,609344416,,instructions,68025408,100.00,2.44,insn per cycle
25.448741586,250139027,,cycles,68022088,100.00,,
25.548944663,1701,,rD044,68068377,100.00,,
25.548944663,2656858,,rFF44,68069617,100.00,,
25.548944663,609338723,,instructions,68069617,100.00,2.43,insn per cycle
25.548944663,250269252,,cycles,68069617,100.00,,
25.649136181,1950,,rD044,69562625,100.00,,
25.649136181,2702430,,rFF44,69561135,100.00,,
25.649136181,625156543,,instructions,69564135,100.00,2.44,insn per cycle
25.649136181,256079273,,cycles,69567165,100.00,,
25.749328888,2152,,rD044,69518827,100.00,,
25.749328888,2697649,,rFF44,69519387,100.00,,
25.749328888,625896750,,instructions,69519617,100.00,2.45,insn per cycle
25.749328888,255963068,,cycles,69519807,100.00,,
25.849521216,2191,,rD044,69579210,100.00,,
25.849521216,2695785,,rFF44,69578931,100.00,,
25.849521216,625809398,,instructions,69578691,100.00,2.44,insn per cycle
25.849521216,256156158,,cycles,69578441,100.00,,
25.949712443,1795,,rD044,69518312,100.00,,
25.949712443,2681354,,rFF44,69519181,100.00,,
25.949712443,624682800,,instructions,69519071,100.00,2.44,insn per cycle
25.949712443,255934140,,cycles,69519441,100.00,,
26.049905041,1673,,rD044,69663735,100.00,,
26.049905041,2700178,,rFF44,69663025,100.00,,
26.049905041,623837834,,instructions,69663125,100.00,2.43,insn per cycle
26.049905041,256498638,,cycles,69663405,100.00,,
26.150096839,1856,,rD044,68864546,100.00,,
26.150096839,2660179,,rFF44,68859696,100.00,,
26.150096839,616042170,,instructions,68856716,100.00,2.43,insn per cycle
26.150096839,253350144,,cycles,68853096,100.00,,
26.250278206,2257,,rD044,68610751,100.00,,
26.250278206,2729836,,rFF44,68610751,100.00,,
26.250278206,610753380,,instructions,68610751,100.00,2.42,insn per cycle
26.250278206,252276244,,cycles,68610751,100.00,,
26.350467723,1938,,rD044,68557533,100.00,,
26.350467723,2729997,,rFF44,68557533,100.00,,
26.350467723,610057465,,instructions,68557533,100.00,2.42,insn per cycle
26.350467723,252111104,,cycles,68557533,100.00,,
26.450650061,1775,,rD044,68867471,100.00,,
26.450650061,2712444,,rFF44,68872251,100.00,,
26.450650061,614702889,,instructions,68875251,100.00,2.43,insn per cycle
26.450650061,253395899,,cycles,68878961,100.00,,
26.550840309,1574,,rD044,69714827,100.00,,
26.550840309,2713205,,rFF44,69714897,100.00,,
26.550840309,624495439,,instructions,69714987,100.00,2.43,insn per cycle
26.550840309,256744179,,cycles,69714917,100.00,,
26.651032366,1501,,rD044,69656125,100.00,,
26.651032366,2692739,,rFF44,69656195,100.00,,
26.651032366,626205950,,instructions,69657025,100.00,2.44,insn per cycle
26.651032366,256514543,,cycles,69656425,100.00,,
26.751223734,1425,,rD044,69368888,100.00,,
26.751223734,2685446,,rFF44,69368988,100.00,,
26.751223734,623572122,,instructions,69368308,100.00,2.44,insn per cycle
26.751223734,255426866,,cycles,69368578,100.00,,
26.851416801,1495,,rD044,69673680,100.00,,
26.851416801,2707433,,rFF44,69673290,100.00,,
26.851416801,624123240,,instructions,69673540,100.00,2.43,insn per cycle
26.851416801,256550693,,cycles,69673600,100.00,,
26.951609689,1558,,rD044,69666305,100.00,,
26.951609689,2705057,,rFF44,69666906,100.00,,
26.951609689,625985671,,instructions,69666716,100.00,2.44,insn per cycle
26.951609689,256544502,,cycles,69666516,100.00,,
27.051801716,1560,,rD044,68469257,100.00,,
27.051801716,2644763,,rFF44,68464026,100.00,,
27.051801716,613145204,,instructions,68467646,100.00,2.43,insn per cycle
27.051801716,251984465,,cycles,68490826,100.00,,
27.152048614,2266,,rD044,68222636,100.00,,
27.152048614,2640801,,rFF44,68222636,100.00,,
27.152048614,609765477,,instructions,68215716,100.00,2.43,insn per cycle
27.152048614,250729236,,cycles,68189366,100.00,,
27.252231762,2089,,rD044,68189138,100.00,,
27.252231762,2649433,,rFF44,68194198,100.00,,
27.252231762,610115530,,instructions,68197408,100.00,2.43,insn per cycle
27.252231762,250750758,,cycles,68201508,100.00,,
27.352426919,1965,,rD044,69525263,100.00,,
27.352426919,2683056,,rFF44,69525203,100.00,,
27.352426919,624179328,,instructions,69525123,100.00,2.44,insn per cycle
27.352426919,255947691,,cycles,69524313,100.00,,
27.452617837,1972,,rD044,69780945,100.00,,
27.452617837,2709376,,rFF44,69780965,100.00,,
27.452617837,626096473,,instructions,69781035,100.00,2.44,insn per cycle
27.452617837,256912270,,cycles,69781205,100.00,,
27.552822605,1666,,rD044,69667794,100.00,,
27.552822605,2720148,,rFF44,69667764,100.00,,
27.552822605,624678087,,instructions,69667564,100.00,2.44,insn per cycle
27.552822605,256506957,,cycles,69667284,100.00,,
27.653012152,1943,,rD044,69654501,100.00,,
27.653012152,2791442,,rFF44,69654341,100.00,,
27.653012152,623780906,,instructions,69654601,100.00,2.43,insn per cycle
27.653012152,256488444,,cycles,69654571,100.00,,
27.753205070,2002,,rD044,69739530,100.00,,
27.753205070,2828644,,rFF44,69739580,100.00,,
27.753205070,625079081,,instructions,69739660,100.00,2.43,insn per cycle
27.753205070,256805256,,cycles,69739760,100.00,,
27.853398237,1966,,rD044,69423638,100.00,,
27.853398237,2812557,,rFF44,69418758,100.00,,
27.853398237,619592883,,instructions,69415418,100.00,2.42,insn per cycle
27.853398237,255539557,,cycles,69412168,100.00,,
27.953581665,2208,,rD044,68332589,100.00,,
27.953581665,2779038,,rFF44,68332589,100.00,,
27.953581665,609374228,,instructions,68332589,100.00,2.42,insn per cycle
27.953581665,251326487,,cycles,68332589,100.00,,
28.053764402,2216,,rD044,68600968,100.00,,
28.053764402,2782030,,rFF44,68600968,100.00,,
28.053764402,609545518,,instructions,68600968,100.00,2.42,insn per cycle
28.053764402,252255199,,cycles,68600968,100.00,,
28.153962270,1912,,rD044,68468509,100.00,,
28.153962270,2788534,,rFF44,68468509,100.00,,
28.153962270,609430862,,instructions,68468509,100.00,2.42,insn per cycle
28.153962270,251801587,,cycles,68468509,100.00,,
28.254144297,1701,,rD044,68897674,100.00,,
28.254144297,2796479,,rFF44,68902604,100.00,,
28.254144297,613362251,,instructions,68906204,100.00,2.42,insn per cycle
28.254144297,253538664,,cycles,68909964,100.00,,
28.354337985,2028,,rD044,69744496,100.00,,
28.354337985,2822918,,rFF44,69744636,100.00,,
28.354337985,622700495,,instructions,69743946,100.00,2.43,insn per cycle
28.354337985,256742522,,cycles,69743366,100.00,,
28.454528152,1774,,rD044,69589697,100.00,,
28.454528152,2819552,,rFF44,69589327,100.00,,
28.454528152,621413859,,instructions,69589817,100.00,2.43,insn per cycle
28.454528152,256182017,,cycles,69589827,100.00,,
28.554718940,1780,,rD044,69513555,100.00,,
28.554718940,2618957,,rFF44,69513926,100.00,,
28.554718940,626194092,,instructions,69513936,100.00,2.45,insn per cycle
28.554718940,255920310,,cycles,69513926,100.00,,
28.654913447,2022,,rD044,69464718,100.00,,
28.654913447,2702057,,rFF44,69464677,100.00,,
28.654913447,626397767,,instructions,69464287,100.00,2.45,insn per cycle
28.654913447,255782152,,cycles,69464507,100.00,,
28.755106135,1645,,rD044,69471911,100.00,,
28.755106135,3253701,,rFF44,69471841,100.00,,
28.755106135,647254790,,instructions,69472081,100.00,2.53,insn per cycle
28.755106135,255782249,,cycles,69472011,100.00,,
28.855300283,1895,,rD044,65174745,100.00,,
28.855300283,2886978,,rFF44,65174705,100.00,,
28.855300283,623705873,,instructions,65174995,100.00,2.61,insn per cycle
28.855300283,238949240,,cycles,65174875,100.00,,
28.955493070,2143,,rD044,69810830,100.00,,
28.955493070,3118577,,rFF44,69810870,100.00,,
28.955493070,641214421,,instructions,69810730,100.00,2.49,insn per cycle
28.955493070,257030942,,cycles,69810670,100.00,,
29.055685858,2068,,rD044,69506159,100.00,,
29.055685858,3026779,,rFF44,69506039,100.00,,
29.055685858,619160158,,instructions,69506149,100.00,2.42,insn per cycle
29.055685858,255866050,,cycles,69506809,100.00,,
29.155879525,2011,,rD044,69566127,100.00,,
29.155879525,2986905,,rFF44,69565947,100.00,,
29.155879525,630408845,,instructions,69565747,100.00,2.46,insn per cycle
29.155879525,256109191,,cycles,69565357,100.00,,
29.256067623,2029,,rD044,69701984,100.00,,
29.256067623,3042683,,rFF44,69702304,100.00,,
29.256067623,596750199,,instructions,69702354,100.00,2.33,insn per cycle
29.256067623,256634490,,cycles,69702304,100.00,,
29.356260890,1915,,rD044,69577695,100.00,,
29.356260890,3017921,,rFF44,69577845,100.00,,
29.356260890,584442445,,instructions,69577645,100.00,2.28,insn per cycle
29.356260890,256132995,,cycles,69577535,100.00,,
29.456452598,2392,,rD044,69715733,100.00,,
29.456452598,3032339,,rFF44,69710603,100.00,,
29.456452598,585647320,,instructions,69707433,100.00,2.28,insn per cycle
29.456452598,256644863,,cycles,69704173,100.00,,
29.556641885,2080,,rD044,74035543,100.00,,
29.556641885,3480294,,rFF44,74040223,100.00,,
29.556641885,592452218,,instructions,74043933,100.00,2.17,insn per cycle
29.556641885,273537326,,cycles,74047293,100.00,,
29.656835563,1800,,rD044,69516645,100.00,,
29.656835563,2818570,,rFF44,69516655,100.00,,
29.656835563,612833844,,instructions,69516035,100.00,2.39,insn per cycle
29.656835563,255925541,,cycles,69515965,100.00,,
29.757017040,1950,,rD044,69589005,100.00,,
29.757017040,2822618,,rFF44,69589185,100.00,,
29.757017040,621880238,,instructions,69589325,100.00,2.43,insn per cycle
29.757017040,256204104,,cycles,69589315,100.00,,
29.857208738,2030,,rD044,69979444,100.00,,
29.857208738,3054805,,rFF44,69979584,100.00,,
29.857208738,607807821,,instructions,69979814,100.00,2.36,insn per cycle
29.857208738,257638761,,cycles,69979614,100.00,,
29.957400065,2076,,rD044,69833972,100.00,,
29.957400065,2942618,,rFF44,69833712,100.00,,
29.957400065,579113806,,instructions,69833672,100.00,2.25,insn per cycle
29.957400065,257089636,,cycles,69833892,100.00,,
30.057593693,2670,,rD044,71061730,100.00,,
30.057593693,3033956,,rFF44,71056980,100.00,,
30.057593693,604941192,,instructions,71053560,100.00,2.31,insn per cycle
30.057593693,261825141,,cycles,71050260,100.00,,
30.157779810,1806,,rD044,68329845,100.00,,
30.157779810,2950135,,rFF44,68334635,100.00,,
30.157779810,611442116,,instructions,68338055,100.00,2.43,insn per cycle
30.157779810,251334842,,cycles,68341165,100.00,,
30.257977238,2393,,rD044,69694977,100.00,,
30.257977238,2948626,,rFF44,69694637,100.00,,
30.257977238,607168848,,instructions,69694677,100.00,2.37,insn per cycle
30.257977238,256617250,,cycles,69695167,100.00,,
30.358169396,1992,,rD044,67891270,100.00,,
30.358169396,3015781,,rFF44,67886820,100.00,,
30.358169396,596102611,,instructions,67883360,100.00,2.39,insn per cycle
30.358169396,249716224,,cycles,67879760,100.00,,
30.458352113,2113,,rD044,69100405,100.00,,
30.458352113,3060333,,rFF44,69100405,100.00,,
30.458352113,606879215,,instructions,69100405,100.00,2.39,insn per cycle
30.458352113,254398807,,cycles,69100405,100.00,,
30.558535000,1958,,rD044,69770582,100.00,,
30.558535000,3011386,,rFF44,69770582,100.00,,
30.558535000,606525876,,instructions,69770582,100.00,2.36,insn per cycle
30.558535000,256980074,,cycles,69770582,100.00,,
30.658717858,1989,,rD044,68499903,100.00,,
30.658717858,2957414,,rFF44,68499903,100.00,,
30.658717858,604713898,,instructions,68499903,100.00,2.40,insn per cycle
30.658717858,251890016,,cycles,68499903,100.00,,
30.758891075,1948,,rD044,70544220,100.00,,
30.758891075,3128644,,rFF44,70547450,100.00,,
30.758891075,612243103,,instructions,70547450,100.00,2.36,insn per cycle
30.758891075,259924107,,cycles,70547450,100.00,,
30.859081493,1770,,rD044,70019702,100.00,,
30.859081493,2923681,,rFF44,70016472,100.00,,
30.859081493,610914325,,instructions,70016472,100.00,2.37,insn per cycle
30.859081493,257877358,,cycles,70016472,100.00,,
30.959264700,1869,,rD044,67449369,100.00,,
30.959264700,2886365,,rFF44,67453759,100.00,,
30.959264700,614750070,,instructions,67457179,100.00,2.48,insn per cycle
30.959264700,247798365,,cycles,67460649,100.00,,
31.059457658,2260,,rD044,70135001,100.00,,
31.059457658,3099842,,rFF44,70135521,100.00,,
31.059457658,672281371,,instructions,70135611,100.00,2.60,insn per cycle
31.059457658,258245785,,cycles,70135451,100.00,,
31.159647115,1922,,rD044,65288155,100.00,,
31.159647115,2774319,,rFF44,65288445,100.00,,
31.159647115,625252728,,instructions,65288705,100.00,2.61,insn per cycle
31.159647115,239382206,,cycles,65288785,100.00,,
31.259834713,2133,,rD044,68083372,100.00,,
31.259834713,2792997,,rFF44,68078172,100.00,,
31.259834713,659755460,,instructions,68074402,100.00,2.64,insn per cycle
31.259834713,250316154,,cycles,68071012,100.00,,
31.360019510,2209,,rD044,67205967,100.00,,
31.360019510,2903194,,rFF44,67210537,100.00,,
31.360019510,644929292,,instructions,67213757,100.00,2.61,insn per cycle
31.360019510,246787067,,cycles,67217307,100.00,,
31.460210628,2103,,rD044,66867207,100.00,,
31.460210628,2796361,,rFF44,66862637,100.00,,
31.460210628,640944184,,instructions,66859417,100.00,2.61,insn per cycle
31.460210628,245527568,,cycles,66855867,100.00,,
31.560393085,2677,,rD044,68246912,100.00,,
31.560393085,3029082,,rFF44,68252422,100.00,,
31.560393085,643521709,,instructions,68255972,100.00,2.56,insn per cycle
31.560393085,250948520,,cycles,68259852,100.00,,
31.660587243,1575,,rD044,69614047,100.00,,
31.660587243,2888389,,rFF44,69613377,100.00,,
31.660587243,626514998,,instructions,69613027,100.00,2.44,insn per cycle
31.660587243,256301424,,cycles,69612207,100.00,,
31.760776460,2038,,rD044,69656482,100.00,,
31.760776460,2850431,,rFF44,69656062,100.00,,
31.760776460,638883073,,instructions,69656152,100.00,2.49,insn per cycle
31.760776460,256470926,,cycles,69656552,100.00,,
31.860981548,2249,,rD044,66900196,100.00,,
31.860981548,2756000,,rFF44,66895776,100.00,,
31.860981548,607856355,,instructions,66892486,100.00,2.47,insn per cycle
31.860981548,245720291,,cycles,66889026,100.00,,
31.961161935,1835,,rD044,67827921,100.00,,
31.961161935,2797670,,rFF44,67832761,100.00,,
31.961161935,622052577,,instructions,67836051,100.00,2.49,insn per cycle
31.961161935,249320262,,cycles,67839911,100.00,,
32.061354923,2001,,rD044,69497089,100.00,,
32.061354923,2948435,,rFF44,69496779,100.00,,
32.061354923,631063968,,instructions,69496909,100.00,2.47,insn per cycle
32.061354923,255813446,,cycles,69496279,100.00,,
32.161546430,1991,,rD044,69588289,100.00,,
32.161546430,2934437,,rFF44,69588749,100.00,,
32.161546430,639909189,,instructions,69588649,100.00,2.50,insn per cycle
32.161546430,256223630,,cycles,69588629,100.00,,
32.261736548,2504,,rD044,66638879,100.00,,
32.261736548,2888802,,rFF44,66633889,100.00,,
32.261736548,606533076,,instructions,66630569,100.00,2.48,insn per cycle
32.261736548,244653090,,cycles,66627359,100.00,,
32.361917745,2407,,rD044,68771173,100.00,,
32.361917745,3046087,,rFF44,68776153,100.00,,
32.361917745,625721017,,instructions,68779113,100.00,2.47,insn per cycle
32.361917745,252912330,,cycles,68782473,100.00,,
32.462111293,1997,,rD044,69607303,100.00,,
32.462111293,2962954,,rFF44,69607253,100.00,,
32.462111293,648535726,,instructions,69607743,100.00,2.53,insn per cycle
32.462111293,256256512,,cycles,69607783,100.00,,
32.562304410,1998,,rD044,66728174,100.00,,
32.562304410,2891314,,rFF44,66723244,100.00,,
32.562304410,618303366,,instructions,66719794,100.00,2.52,insn per cycle
32.562304410,245074488,,cycles,66716394,100.00,,
32.662486818,2130,,rD044,68093333,100.00,,
32.662486818,2922400,,rFF44,68098543,100.00,,
32.662486818,654666814,,instructions,68101993,100.00,2.62,insn per cycle
32.662486818,250330129,,cycles,68105403,100.00,,
32.762677166,2743,,rD044,66543395,100.00,,
32.762677166,3008753,,rFF44,66544065,100.00,,
32.762677166,634567343,,instructions,66543895,100.00,2.60,insn per cycle
32.762677166,244227808,,cycles,66543785,100.00,,
32.862872123,1976,,rD044,68866514,100.00,,
32.862872123,3011295,,rFF44,68866044,100.00,,
32.862872123,662239469,,instructions,68866234,100.00,2.61,insn per cycle
32.862872123,253331855,,cycles,68866074,100.00,,
32.963069621,2916,,rD044,66440876,100.00,,
32.963069621,3054706,,rFF44,66435466,100.00,,
32.963069621,629745510,,instructions,66431996,100.00,2.58,insn per cycle
32.963069621,243697214,,cycles,66428856,100.00,,
33.063252698,2045,,rD044,69609871,100.00,,
33.063252698,2982112,,rFF44,69614331,100.00,,
33.063252698,668469822,,instructions,69617961,100.00,2.61,insn per cycle
33.063252698,256268179,,cycles,69621001,100.00,,
33.163446776,2059,,rD044,65237215,100.00,,
33.163446776,2830042,,rFF44,65237305,100.00,,
33.163446776,621283475,,instructions,65236955,100.00,2.60,insn per cycle
33.163446776,239224467,,cycles,65236885,100.00,,
33.263635073,2140,,rD044,69439814,100.00,,
33.263635073,2922339,,rFF44,69435264,100.00,,
33.263635073,681853783,,instructions,69431984,100.00,2.67,insn per cycle
33.263635073,255614543,,cycles,69429014,100.00,,
33.363828851,2043,,rD044,66786507,100.00,,
33.363828851,2889693,,rFF44,66786507,100.00,,
33.363828851,604708146,,instructions,66786507,100.00,2.46,insn per cycle
33.363828851,245592681,,cycles,66786507,100.00,,
33.464011418,1561,,rD044,66703802,100.00,,
33.464011418,2936988,,rFF44,66703802,100.00,,
33.464011418,609060481,,instructions,66703802,100.00,2.48,insn per cycle
33.464011418,245119294,,cycles,66703802,100.00,,
33.564194166,1558,,rD044,67963888,100.00,,
33.564194166,2978404,,rFF44,67968788,100.00,,
33.564194166,609644539,,instructions,67972028,100.00,2.44,insn per cycle
33.564194166,249736326,,cycles,67975538,100.00,,
33.664387153,2081,,rD044,68843812,100.00,,
33.664387153,3000079,,rFF44,68843542,100.00,,
33.664387153,615402100,,instructions,68843722,100.00,2.43,insn per cycle
33.664387153,253100620,,cycles,68843542,100.00,,
33.764578131,1845,,rD044,69808365,100.00,,
33.764578131,2983584,,rFF44,69808695,100.00,,
33.764578131,644361549,,instructions,69808295,100.00,2.51,insn per cycle
33.764578131,256891680,,cycles,69808265,100.00,,
33.864770768,1497,,rD044,69709157,100.00,,
33.864770768,3156430,,rFF44,69709527,100.00,,
33.864770768,609985356,,instructions,69709947,100.00,2.38,insn per cycle
33.864770768,256573773,,cycles,69709977,100.00,,
33.964977246,1860,,rD044,69917004,100.00,,
33.964977246,3181876,,rFF44,69916324,100.00,,
33.964977246,620985301,,instructions,69916354,100.00,2.41,insn per cycle
33.964977246,257346288,,cycles,69916354,100.00,,
34.065167633,1589,,rD044,69969129,100.00,,
34.065167633,3170362,,rFF44,69969289,100.00,,
34.065167633,621082209,,instructions,69968749,100.00,2.41,insn per cycle
34.065167633,257534731,,cycles,69968799,100.00,,
34.165358761,1559,,rD044,69588332,100.00,,
34.165358761,3158161,,rFF44,69588552,100.00,,
34.165358761,617252394,,instructions,69589222,100.00,2.41,insn per cycle
34.165358761,256103344,,cycles,69588812,100.00,,
34.265551059,1916,,rD044,69200341,100.00,,
34.265551059,3145615,,rFF44,69199931,100.00,,
34.265551059,610618424,,instructions,69199251,100.00,2.40,insn per cycle
34.265551059,254578621,,cycles,69196281,100.00,,
34.365745426,1660,,rD044,67375349,100.00,,
34.365745426,3023479,,rFF44,67370729,100.00,,
34.365745426,604563581,,instructions,67367809,100.00,2.44,insn per cycle
34.365745426,247389063,,cycles,67367809,100.00,,
34.465940274,1939,,rD044,70396017,100.00,,
34.465940274,3337158,,rFF44,70401807,100.00,,
34.465940274,611365695,,instructions,70405237,100.00,2.36,insn per cycle
34.465940274,259431577,,cycles,70409237,100.00,,
34.566138211,2069,,rD044,68906754,100.00,,
34.566138211,3368268,,rFF44,68900964,100.00,,
34.566138211,615077122,,instructions,68897534,100.00,2.42,insn per cycle
34.566138211,253643941,,cycles,68893534,100.00,,
34.666320569,2189,,rD044,68187384,100.00,,
34.666320569,3225658,,rFF44,68192134,100.00,,
34.666320569,614753789,,instructions,68195034,100.00,2.45,insn per cycle
34.666320569,250733829,,cycles,68198534,100.00,,
34.766510676,1700,,rD044,69929676,100.00,,
34.766510676,3283963,,rFF44,69929406,100.00,,
34.766510676,632628416,,instructions,69929696,100.00,2.46,insn per cycle
34.766510676,257518848,,cycles,69929816,100.00,,
34.866702334,2130,,rD044,69779919,100.00,,
34.866702334,3290793,,rFF44,69780709,100.00,,
34.866702334,630978017,,instructions,69780659,100.00,2.46,insn per cycle
34.866702334,256911229,,cycles,69780239,100.00,,
34.966893151,2110,,rD044,69939633,100.00,,
34.966893151,3313960,,rFF44,69939294,100.00,,
34.966893151,637176854,,instructions,69939444,100.00,2.47,insn per cycle
34.966893151,257517372,,cycles,69939844,100.00,,
35.067087899,1790,,rD044,69726350,100.00,,
35.067087899,3373667,,rFF44,69726259,100.00,,
35.067087899,611439814,,instructions,69726049,100.00,2.38,insn per cycle
35.067087899,256679707,,cycles,69725529,100.00,,
35.167279087,2173,,rD044,69144906,100.00,,
35.167279087,3381310,,rFF44,69140066,100.00,,
35.167279087,622954601,,instructions,69136986,100.00,2.45,insn per cycle
35.167279087,254443479,,cycles,69133906,100.00,,
35.267460984,2212,,rD044,68524850,100.00,,
35.267460984,3373062,,rFF44,68524850,100.00,,
35.267460984,616007359,,instructions,68524850,100.00,2.44,insn per cycle
35.267460984,251992076,,cycles,68524850,100.00,,
35.367641191,2248,,rD044,68564964,100.00,,
35.367641191,3364227,,rFF44,68564964,100.00,,
35.367641191,615620379,,instructions,68564964,100.00,2.44,insn per cycle
35.367641191,252152595,,cycles,68564964,100.00,,
35.467821769,2005,,rD044,69103823,100.00,,
35.467821769,3249467,,rFF44,69103823,100.00,,
35.467821769,615402303,,instructions,69103823,100.00,2.42,insn per cycle
35.467821769,254292400,,cycles,69103823,100.00,,
35.568006396,1830,,rD044,68402713,100.00,,
35.568006396,3180368,,rFF44,68407833,100.00,,
35.568006396,643569654,,instructions,68411553,100.00,2.56,insn per cycle
35.568006396,251597704,,cycles,68414753,100.00,,
35.668198204,2400,,rD044,68556938,100.00,,
35.668198204,2986671,,rFF44,68554428,100.00,,
35.668198204,669325377,,instructions,68550708,100.00,2.65,insn per cycle
35.668198204,252203437,,cycles,68547508,100.00,,
35.768388461,1966,,rD044,69533680,100.00,,
35.768388461,3155290,,rFF44,69537820,100.00,,
35.768388461,616926515,,instructions,69540190,100.00,2.41,insn per cycle
35.768388461,256004238,,cycles,69540190,100.00,,
35.868581219,1695,,rD044,70619894,100.00,,
35.868581219,3127973,,rFF44,70618134,100.00,,
35.868581219,617752721,,instructions,70619024,100.00,2.37,insn per cycle
35.868581219,260199996,,cycles,70622864,100.00,,
35.968773386,2049,,rD044,68032270,100.00,,
35.968773386,2991591,,rFF44,68030170,100.00,,
35.968773386,612063968,,instructions,68026910,100.00,2.45,insn per cycle
35.968773386,250170930,,cycles,68023070,100.00,,
36.068978734,1663,,rD044,71029321,100.00,,
36.068978734,3140413,,rFF44,71031311,100.00,,
36.068978734,608164350,,instructions,71034952,100.00,2.32,insn per cycle
36.068978734,261823435,,cycles,71038182,100.00,,
36.169172562,2056,,rD044,68304749,100.00,,
36.169172562,3016992,,rFF44,68299869,100.00,,
36.169172562,617749013,,instructions,68296228,100.00,2.46,insn per cycle
36.169172562,251199697,,cycles,68292998,100.00,,
36.269355889,2007,,rD044,71425284,100.00,,
36.269355889,2953179,,rFF44,71430964,100.00,,
36.269355889,609014610,,instructions,71434374,100.00,2.31,insn per cycle
36.269355889,263326804,,cycles,71437674,100.00,,
36.369550137,1604,,rD044,70166149,100.00,,
36.369550137,2988080,,rFF44,70165179,100.00,,
36.369550137,618857855,,instructions,70164769,100.00,2.40,insn per cycle
36.369550137,258368390,,cycles,70164579,100.00,,
36.469743704,1730,,rD044,70173331,100.00,,
36.469743704,3166590,,rFF44,70173311,100.00,,
36.469743704,597128861,,instructions,70173391,100.00,2.31,insn per cycle
36.469743704,258431081,,cycles,70174401,100.00,,
36.569955292,1429,,rD044,69976069,100.00,,
36.569955292,3126898,,rFF44,69976309,100.00,,
36.569955292,596112812,,instructions,69976499,100.00,2.31,insn per cycle
36.569955292,257689516,,cycles,69976089,100.00,,
36.670148020,2098,,rD044,69910144,100.00,,
36.670148020,3130828,,rFF44,69910034,100.00,,
36.670148020,637263358,,instructions,69909864,100.00,2.48,insn per cycle
36.670148020,257429274,,cycles,69909444,100.00,,
36.770340657,1688,,rD044,69839943,100.00,,
36.770340657,3099789,,rFF44,69840093,100.00,,
36.770340657,592931009,,instructions,69840163,100.00,2.31,insn per cycle
36.770340657,257149571,,cycles,69840103,100.00,,
36.870533945,1771,,rD044,69805267,100.00,,
36.870533945,3059603,,rFF44,69805127,100.00,,
36.870533945,610326583,,instructions,69805477,100.00,2.37,insn per cycle
36.870533945,257055854,,cycles,69805727,100.00,,
36.970727132,1775,,rD044,69851801,100.00,,
36.970727132,3109995,,rFF44,69852051,100.00,,
36.970727132,601232709,,instructions,69851631,100.00,2.34,insn per cycle
36.970727132,257206169,,cycles,69851811,100.00,,
37.070921480,1335,,rD044,69734965,100.00,,
37.070921480,3093788,,rFF44,69734825,100.00,,
37.070921480,588922061,,instructions,69735085,100.00,2.29,insn per cycle
37.070921480,256804840,,cycles,69734995,100.00,,
37.171116717,1674,,rD044,69901952,100.00,,
37.171116717,3087260,,rFF44,69901952,100.00,,
37.171116717,633443669,,instructions,69902272,100.00,2.46,insn per cycle
37.171116717,257435067,,cycles,69901972,100.00,,
37.271311125,1662,,rD044,69588197,100.00,,
37.271311125,2874108,,rFF44,69588197,100.00,,
37.271311125,594210466,,instructions,69588027,100.00,2.32,insn per cycle
37.271311125,256209882,,cycles,69588247,100.00,,
37.371510283,2119,,rD044,69862341,100.00,,
37.371510283,2950182,,rFF44,69862321,100.00,,
37.371510283,622278480,,instructions,69862461,100.00,2.42,insn per cycle
37.371510283,257255079,,cycles,69862801,100.00,,
37.471702950,1807,,rD044,71860358,100.00,,
37.471702950,3154048,,rFF44,71860918,100.00,,
37.471702950,602224056,,instructions,71857268,100.00,2.27,insn per cycle
37.471702950,265056980,,cycles,71853438,100.00,,
37.571893258,1685,,rD044,71944592,100.00,,
37.571893258,3162195,,rFF44,71943832,100.00,,
37.571893258,609572848,,instructions,71947752,100.00,2.30,insn per cycle
37.571893258,265372257,,cycles,71951272,100.00,,
37.672086835,1589,,rD044,68224603,100.00,,
37.672086835,3040463,,rFF44,68224803,100.00,,
37.672086835,611043733,,instructions,68220883,100.00,2.44,insn per cycle
37.672086835,250898521,,cycles,68217363,100.00,,
37.772279043,1883,,rD044,71059833,100.00,,
37.772279043,3113657,,rFF44,71059753,100.00,,
37.772279043,602689569,,instructions,71063333,100.00,2.30,insn per cycle
37.772279043,261926489,,cycles,71066523,100.00,,
37.872471910,1595,,rD044,68542326,100.00,,
37.872471910,2999120,,rFF44,68537486,100.00,,
37.872471910,617581268,,instructions,68533906,100.00,2.45,insn per cycle
37.872471910,252132459,,cycles,68530716,100.00,,
37.972654528,1565,,rD044,70795998,100.00,,
37.972654528,3117363,,rFF44,70801018,100.00,,
37.972654528,595645192,,instructions,70804228,100.00,2.28,insn per cycle
37.972654528,260889178,,cycles,70807848,100.00,,
38.072848345,1611,,rD044,69888134,100.00,,
38.072848345,3061160,,rFF44,69888064,100.00,,
38.072848345,588943906,,instructions,69888174,100.00,2.29,insn per cycle
38.072848345,257371507,,cycles,69887794,100.00,,
38.173041413,1759,,rD044,69539853,100.00,,
38.173041413,2990909,,rFF44,69540933,100.00,,
38.173041413,619160439,,instructions,69541023,100.00,2.42,insn per cycle
38.173041413,256030677,,cycles,69541563,100.00,,
38.273235571,1639,,rD044,69745346,100.00,,
38.273235571,2868498,,rFF44,69743726,100.00,,
38.273235571,601611175,,instructions,69743616,100.00,2.34,insn per cycle
38.273235571,256789674,,cycles,69743096,100.00,,
38.373429178,1696,,rD044,69575414,100.00,,
38.373429178,3012867,,rFF44,69576034,100.00,,
38.373429178,651071134,,instructions,69576194,100.00,2.54,insn per cycle
38.373429178,256143140,,cycles,69576204,100.00,,
38.473620946,1707,,rD044,65033340,100.00,,
38.473620946,2861188,,rFF44,65033320,100.00,,
38.473620946,631266069,,instructions,65032930,100.00,2.65,insn per cycle
38.473620946,238371623,,cycles,65032780,100.00,,
38.573828203,1674,,rD044,67163976,100.00,,
38.573828203,2925125,,rFF44,67158966,100.00,,
38.573828203,654959014,,instructions,67155896,100.00,2.65,insn per cycle
38.573828203,246751143,,cycles,67159727,100.00,,
38.674019691,1851,,rD044,68075830,100.00,,
38.674019691,2965541,,rFF44,68080560,100.00,,
38.674019691,662376828,,instructions,68083820,100.00,2.65,insn per cycle
38.674019691,250254018,,cycles,68080049,100.00,,
38.774210418,2234,,rD044,65437645,100.00,,
38.774210418,2883191,,rFF44,65437845,100.00,,
38.774210418,630853424,,instructions,65437865,100.00,2.63,insn per cycle
38.774210418,239994544,,cycles,65438035,100.00,,
38.874403516,1939,,rD044,68981381,100.00,,
38.874403516,3053905,,rFF44,68981371,100.00,,
38.874403516,671639275,,instructions,68980981,100.00,2.65,insn per cycle
38.874403516,253869278,,cycles,68981101,100.00,,
38.974593833,1523,,rD044,66116100,100.00,,
38.974593833,2937589,,rFF44,66116430,100.00,,
38.974593833,638711108,,instructions,66116840,100.00,2.63,insn per cycle
38.974593833,242611076,,cycles,66116940,100.00,,
39.074783571,1541,,rD044,66642547,100.00,,
39.074783571,2914814,,rFF44,66637297,100.00,,
39.074783571,644799062,,instructions,66633997,100.00,2.64,insn per cycle
39.074783571,244704288,,cycles,66630427,100.00,,
39.174980978,2002,,rD044,68578515,100.00,,
39.174980978,2976412,,rFF44,68583425,100.00,,
39.174980978,665972198,,instructions,68586435,100.00,2.64,insn per cycle
39.174980978,252215985,,cycles,68589825,100.00,,
39.275171756,1777,,rD044,65407254,100.00,,
39.275171756,2861109,,rFF44,65407054,100.00,,
39.275171756,629502130,,instructions,65407004,100.00,2.62,insn per cycle
39.275171756,239880903,,cycles,65406954,100.00,,
39.375364634,1976,,rD044,69101833,100.00,,
39.375364634,2987843,,rFF44,69097123,100.00,,
39.375364634,671537136,,instructions,69094163,100.00,2.64,insn per cycle
39.375364634,254295101,,cycles,69090823,100.00,,
39.475547991,1942,,rD044,66043663,100.00,,
39.475547991,2975974,,rFF44,66048733,100.00,,
39.475547991,634656600,,instructions,66052433,100.00,2.62,insn per cycle
39.475547991,242313413,,cycles,66055623,100.00,,
39.575741099,1661,,rD044,68251934,100.00,,
39.575741099,2992466,,rFF44,68252454,100.00,,
39.575741099,648388540,,instructions,68248754,100.00,2.58,insn per cycle
39.575741099,250997536,,cycles,68245564,100.00,,
39.675946576,1780,,rD044,68700530,100.00,,
39.675946576,3033486,,rFF44,68694940,100.00,,
39.675946576,605361527,,instructions,68694940,100.00,2.40,insn per cycle
39.675946576,252661139,,cycles,68694940,100.00,,
39.776128954,1557,,rD044,68207891,100.00,,
39.776128954,2986683,,rFF44,68207891,100.00,,
39.776128954,605010074,,instructions,68207891,100.00,2.41,insn per cycle
39.776128954,250755987,,cycles,68207891,100.00,,
39.876312421,1877,,rD044,69271706,100.00,,
39.876312421,3005319,,rFF44,69276686,100.00,,
39.876312421,614932117,,instructions,69280006,100.00,2.41,insn per cycle
39.876312421,255011012,,cycles,69283276,100.00,,
39.976506389,2396,,rD044,69661667,100.00,,
39.976506389,3026703,,rFF44,69661467,100.00,,
39.976506389,614300213,,instructions,69661357,100.00,2.39,insn per cycle
39.976506389,256501856,,cycles,69661127,100.00,,
40.076698786,1440,,rD044,69437257,100.00,,
40.076698786,3052903,,rFF44,69437517,100.00,,
40.076698786,641901349,,instructions,69437997,100.00,2.51,insn per cycle
40.076698786,255634934,,cycles,69438527,100.00,,
40.176892064,2054,,rD044,65509804,100.00,,
40.176892064,2866817,,rFF44,65504764,100.00,,
40.176892064,626206267,,instructions,65501074,100.00,2.61,insn per cycle
40.176892064,240271486,,cycles,65497504,100.00,,
40.277073221,2129,,rD044,69085719,100.00,,
40.277073221,2983564,,rFF44,69090569,100.00,,
40.277073221,665627403,,instructions,69093669,100.00,2.62,insn per cycle
40.277073221,254275332,,cycles,69096559,100.00,,
40.377264079,1841,,rD044,65237042,100.00,,
40.377264079,2859566,,rFF44,65237802,100.00,,
40.377264079,620068667,,instructions,65238152,100.00,2.59,insn per cycle
40.377264079,239235529,,cycles,65238942,100.00,,
40.477456876,1497,,rD044,69615389,100.00,,
40.477456876,2991758,,rFF44,69614739,100.00,,
40.477456876,671893029,,instructions,69614789,100.00,2.62,insn per cycle
40.477456876,256347919,,cycles,69614699,100.00,,
40.577649994,1555,,rD044,64156897,100.00,,
40.577649994,2805732,,rFF44,64158418,100.00,,
40.577649994,611647012,,instructions,64157998,100.00,2.60,insn per cycle
40.577649994,235198524,,cycles,64157708,100.00,,
40.677847882,1640,,rD044,67152889,100.00,,
40.677847882,2923662,,rFF44,67151948,100.00,,
40.677847882,645191121,,instructions,67152168,100.00,2.61,insn per cycle
40.677847882,246853922,,cycles,67152348,100.00,,
40.778043989,1964,,rD044,66935151,100.00,,
40.778043989,2953644,,rFF44,66933661,100.00,,
40.778043989,639596691,,instructions,66930361,100.00,2.60,insn per cycle
40.778043989,245931613,,cycles,66926881,100.00,,
40.878233417,1881,,rD044,67527493,100.00,,
40.878233417,2931152,,rFF44,67528783,100.00,,
40.878233417,649737876,,instructions,67531613,100.00,2.62,insn per cycle
40.878233417,248150724,,cycles,67535063,100.00,,
40.978427284,1816,,rD044,66189324,100.00,,
40.978427284,2885987,,rFF44,66183984,100.00,,
40.978427284,634413701,,instructions,66181154,100.00,2.61,insn per cycle
40.978427284,243024404,,cycles,66177704,100.00,,
41.078610432,1708,,rD044,67822459,100.00,,
41.078610432,2948522,,rFF44,67827339,100.00,,
41.078610432,651643583,,instructions,67830439,100.00,2.61,insn per cycle
41.078610432,249340111,,cycles,67833739,100.00,,
41.178802739,1612,,rD044,66089738,100.00,,
41.178802739,2889767,,rFF44,66084858,100.00,,
41.178802739,632906870,,instructions,66081758,100.00,2.61,insn per cycle
41.178802739,242521803,,cycles,66078458,100.00,,
41.279004987,1948,,rD044,68650766,100.00,,
41.279004987,2988555,,rFF44,68655876,100.00,,
41.279004987,658698551,,instructions,68659296,100.00,2.61,insn per cycle
41.279004987,252553426,,cycles,68662596,100.00,,
41.379197644,1684,,rD044,68230496,100.00,,
41.379197644,3120534,,rFF44,68225386,100.00,,
41.379197644,629991300,,instructions,68221966,100.00,2.51,insn per cycle
41.379197644,250886269,,cycles,68218666,100.00,,
41.479378772,1573,,rD044,66693127,100.00,,
41.479378772,3055342,,rFF44,66697647,100.00,,
41.479378772,619263559,,instructions,66700757,100.00,2.53,insn per cycle
41.479378772,244857051,,cycles,66704268,100.00,,
41.579571019,1508,,rD044,69597403,100.00,,
41.579571019,3169514,,rFF44,69597743,100.00,,
41.579571019,650258570,,instructions,69598103,100.00,2.54,insn per cycle
41.579571019,256205804,,cycles,69597782,100.00,,
41.679764187,1483,,rD044,68277041,100.00,,
41.679764187,3134220,,rFF44,68277031,100.00,,
41.679764187,630607651,,instructions,68276961,100.00,2.51,insn per cycle
41.679764187,251106778,,cycles,68273771,100.00,,
41.779971825,1578,,rD044,66736839,100.00,,
41.779971825,3139475,,rFF44,66736709,100.00,,
41.779971825,615244572,,instructions,66736579,100.00,2.51,insn per cycle
41.779971825,244995611,,cycles,66739829,100.00,,
41.880166962,1919,,rD044,69615095,100.00,,
41.880166962,3255295,,rFF44,69615215,100.00,,
41.880166962,647543383,,instructions,69614995,100.00,2.53,insn per cycle
41.880166962,256300111,,cycles,69614795,100.00,,
41.980359180,1817,,rD044,67407313,100.00,,
41.980359180,3050903,,rFF44,67402473,100.00,,
41.980359180,636883624,,instructions,67406093,100.00,2.57,insn per cycle
41.980359180,247725685,,cycles,67406383,100.00,,
42.080548867,1810,,rD044,67159742,100.00,,
42.080548867,3215194,,rFF44,67164652,100.00,,
42.080548867,634014611,,instructions,67162232,100.00,2.57,insn per cycle
42.080548867,246667099,,cycles,67162972,100.00,,
42.180743025,1471,,rD044,69437241,100.00,,
42.180743025,3378314,,rFF44,69437371,100.00,,
42.180743025,649771128,,instructions,69436311,100.00,2.54,insn per cycle
42.180743025,255618549,,cycles,69435871,100.00,,
42.280951773,1805,,rD044,66884241,100.00,,
42.280951773,3265621,,rFF44,66879201,100.00,,
42.280951773,620324288,,instructions,66876011,100.00,2.53,insn per cycle
42.280951773,245603165,,cycles,66872371,100.00,,
42.381135310,1816,,rD044,67852358,100.00,,
42.381135310,3262599,,rFF44,67856958,100.00,,
42.381135310,617737274,,instructions,67859998,100.00,2.48,insn per cycle
42.381135310,249435778,,cycles,67863378,100.00,,
42.481327588,1581,,rD044,68134189,100.00,,
42.481327588,3120645,,rFF44,68129589,100.00,,
42.481327588,676101306,,instructions,68126549,100.00,2.70,insn per cycle
42.481327588,250536799,,cycles,68123169,100.00,,
42.581510635,1896,,rD044,66548370,100.00,,
42.581510635,3074365,,rFF44,66553440,100.00,,
42.581510635,654311769,,instructions,66556510,100.00,2.68,insn per cycle
42.581510635,244318360,,cycles,66559790,100.00,,
42.681704053,1905,,rD044,65248198,100.00,,
42.681704053,3038576,,rFF44,65243128,100.00,,
42.681704053,637019047,,instructions,65240058,100.00,2.66,insn per cycle
42.681704053,239247042,,cycles,65236778,100.00,,
42.781887320,1827,,rD044,69143578,100.00,,
42.781887320,3183993,,rFF44,69143578,100.00,,
42.781887320,686984233,,instructions,69143578,100.00,2.70,insn per cycle
42.781887320,254499588,,cycles,69143578,100.00,,
42.882069958,1494,,rD044,65238039,100.00,,
42.882069958,3022778,,rFF44,65242769,100.00,,
42.882069958,640001808,,instructions,65246079,100.00,2.67,insn per cycle
42.882069958,239301350,,cycles,65249279,100.00,,
42.982261725,1816,,rD044,66225317,100.00,,
42.982261725,3071011,,rFF44,66220587,100.00,,
42.982261725,650565089,,instructions,66217277,100.00,2.68,insn per cycle
42.982261725,243027810,,cycles,66214077,100.00,,
43.082444293,2148,,rD044,68507070,100.00,,
43.082444293,3180643,,rFF44,68511930,100.00,,
43.082444293,674503711,,instructions,68515360,100.00,2.68,insn per cycle
43.082444293,252009803,,cycles,68518960,100.00,,
43.182634000,1931,,rD044,65163531,100.00,,
43.182634000,3018266,,rFF44,65163811,100.00,,
43.182634000,638510611,,instructions,65163711,100.00,2.67,insn per cycle
43.182634000,238939513,,cycles,65163131,100.00,,
43.282826238,1582,,rD044,67036029,100.00,,
43.282826238,3118052,,rFF44,67030889,100.00,,
43.282826238,662026284,,instructions,67034239,100.00,2.69,insn per cycle
43.282826238,246246146,,cycles,67034739,100.00,,
43.383020255,1537,,rD044,67669739,100.00,,
43.383020255,3133879,,rFF44,67674629,100.00,,
43.383020255,668418012,,instructions,67671099,100.00,2.69,insn per cycle
43.383020255,248697736,,cycles,67670729,100.00,,
43.483210913,1868,,rD044,65166976,100.00,,
43.483210913,3042477,,rFF44,65167076,100.00,,
43.483210913,638382737,,instructions,65167836,100.00,2.67,insn per cycle
43.483210913,238935447,,cycles,65168736,100.00,,
43.583404260,1775,,rD044,68126019,100.00,,
43.583404260,3186973,,rFF44,68121029,100.00,,
43.583404260,671129964,,instructions,68117119,100.00,2.68,insn per cycle
43.583404260,250484116,,cycles,68113069,100.00,,
43.683586628,1849,,rD044,65370665,100.00,,
43.683586628,3034597,,rFF44,65375595,100.00,,
43.683586628,638852696,,instructions,65378715,100.00,2.66,insn per cycle
43.683586628,239891354,,cycles,65382215,100.00,,
43.783780205,1904,,rD044,66348890,100.00,,
43.783780205,3099321,,rFF44,66343960,100.00,,
43.783780205,651033629,,instructions,66340840,100.00,2.67,insn per cycle
43.783780205,243516875,,cycles,66337340,100.00,,
43.883981773,1898,,rD044,68402701,100.00,,
43.883981773,3148030,,rFF44,68407421,100.00,,
43.883981773,675545421,,instructions,68410611,100.00,2.68,insn per cycle
43.883981773,251617248,,cycles,68413941,100.00,,
43.984172710,1825,,rD044,65167861,100.00,,
43.984172710,3005915,,rFF44,65168291,100.00,,
43.984172710,634712465,,instructions,65168861,100.00,2.66,insn per cycle
43.984172710,238949736,,cycles,65168831,100.00,,
44.084364888,1928,,rD044,67909230,100.00,,
44.084364888,3166693,,rFF44,67904080,100.00,,
44.084364888,667257034,,instructions,67900320,100.00,2.67,insn per cycle
44.084364888,249622172,,cycles,67897020,100.00,,
44.184548335,1836,,rD044,66799803,100.00,,
44.184548335,3131159,,rFF44,66804143,100.00,,
44.184548335,652810435,,instructions,66807283,100.00,2.66,insn per cycle
44.184548335,245318494,,cycles,66810683,100.00,,
44.284740023,1985,,rD044,65333388,100.00,,
44.284740023,3064648,,rFF44,65329048,100.00,,
44.284740023,637666995,,instructions,65325908,100.00,2.66,insn per cycle
44.284740023,239534924,,cycles,65322508,100.00,,
44.384923390,1898,,rD044,68966377,100.00,,
44.384923390,3181851,,rFF44,68971137,100.00,,
44.384923390,682198538,,instructions,68974417,100.00,2.69,insn per cycle
44.384923390,253916296,,cycles,68977597,100.00,,
44.485117508,1877,,rD044,65111819,100.00,,
44.485117508,3042078,,rFF44,65112429,100.00,,
44.485117508,635257713,,instructions,65112389,100.00,2.66,insn per cycle
44.485117508,238739460,,cycles,65112959,100.00,,
44.585312596,1956,,rD044,67091792,100.00,,
44.585312596,3111193,,rFF44,67086422,100.00,,
44.585312596,659384912,,instructions,67083182,100.00,2.68,insn per cycle
44.585312596,246480585,,cycles,67079432,100.00,,
44.685500043,1768,,rD044,67576220,100.00,,
44.685500043,3150223,,rFF44,67580740,100.00,,
44.685500043,665485444,,instructions,67584050,100.00,2.68,insn per cycle
44.685500043,248339149,,cycles,67587700,100.00,,
44.785691211,1969,,rD044,65002716,100.00,,
44.785691211,3034362,,rFF44,65003316,100.00,,
44.785691211,637436242,,instructions,65003536,100.00,2.67,insn per cycle
44.785691211,238342878,,cycles,65003366,100.00,,
44.885884428,1796,,rD044,68228036,100.00,,
44.885884428,3149391,,rFF44,68222916,100.00,,
44.885884428,674692213,,instructions,68219386,100.00,2.69,insn per cycle
44.885884428,250875133,,cycles,68215906,100.00,,
44.986067686,2071,,rD044,66540225,100.00,,
44.986067686,3123972,,rFF44,66545225,100.00,,
44.986067686,644832434,,instructions,66548305,100.00,2.64,insn per cycle
44.986067686,244266533,,cycles,66551845,100.00,,
45.086258193,1926,,rD044,69546149,100.00,,
45.086258193,3665538,,rFF44,69546029,100.00,,
45.086258193,614941508,,instructions,69546249,100.00,2.40,insn per cycle
45.086258193,256045479,,cycles,69545959,100.00,,
45.186450621,1705,,rD044,69459787,100.00,,
45.186450621,3861452,,rFF44,69460137,100.00,,
45.186450621,613840903,,instructions,69459957,100.00,2.40,insn per cycle
45.186450621,255699425,,cycles,69460107,100.00,,
45.286643748,1321,,rD044,69509447,100.00,,
45.286643748,3886037,,rFF44,69509567,100.00,,
45.286643748,613355503,,instructions,69509777,100.00,2.40,insn per cycle
45.286643748,255912192,,cycles,69509617,100.00,,
45.386836626,1615,,rD044,69526620,100.00,,
45.386836626,3870118,,rFF44,69526350,100.00,,
45.386836626,612048408,,instructions,69526310,100.00,2.39,insn per cycle
45.386836626,255938597,,cycles,69526180,100.00,,
45.487030113,1713,,rD044,69420463,100.00,,
45.487030113,3380349,,rFF44,69420134,100.00,,
45.487030113,633220042,,instructions,69420614,100.00,2.48,insn per cycle
45.487030113,255528448,,cycles,69420494,100.00,,
45.587222311,2231,,rD044,65267999,100.00,,
45.587222311,3050987,,rFF44,65267848,100.00,,
45.587222311,627063187,,instructions,65267458,100.00,2.62,insn per cycle
45.587222311,239311208,,cycles,65267498,100.00,,
45.687414018,1550,,rD044,68438420,100.00,,
45.687414018,3155909,,rFF44,68438450,100.00,,
45.687414018,663777395,,instructions,68438320,100.00,2.64,insn per cycle
45.687414018,251888374,,cycles,68438310,100.00,,
45.787607736,1834,,rD044,65385597,100.00,,
45.787607736,3043603,,rFF44,65380967,100.00,,
45.787607736,625901734,,instructions,65377717,100.00,2.61,insn per cycle
45.787607736,239976979,,cycles,65374697,100.00,,
45.887790883,1584,,rD044,68040591,100.00,,
45.887790883,3152015,,rFF44,68045521,100.00,,
45.887790883,656891524,,instructions,68062431,100.00,2.62,insn per cycle
45.887790883,250344334,,cycles,68065731,100.00,,
45.987996231,2134,,rD044,66740089,100.00,,
45.987996231,3126699,,rFF44,66735159,100.00,,
45.987996231,638096015,,instructions,66718249,100.00,2.60,insn per cycle
45.987996231,245017668,,cycles,66714949,100.00,,
46.088180049,1853,,rD044,67881303,100.00,,
46.088180049,3137997,,rFF44,67886203,100.00,,
46.088180049,650636784,,instructions,67889703,100.00,2.61,insn per cycle
46.088180049,249553967,,cycles,67893473,100.00,,
46.188372716,2098,,rD044,67202041,100.00,,
46.188372716,3109568,,rFF44,67197141,100.00,,
46.188372716,644274387,,instructions,67193641,100.00,2.61,insn per cycle
46.188372716,246864538,,cycles,67189871,100.00,,
46.288553594,1679,,rD044,67383693,100.00,,
46.288553594,3015134,,rFF44,67388443,100.00,,
46.288553594,661202106,,instructions,67391523,100.00,2.67,insn per cycle
46.288553594,247619877,,cycles,67394693,100.00,,
46.388747241,1623,,rD044,69186961,100.00,,
46.388747241,3249051,,rFF44,69182211,100.00,,
46.388747241,630861891,,instructions,69179131,100.00,2.48,insn per cycle
46.388747241,254669836,,cycles,69175961,100.00,,
46.488940739,1840,,rD044,66762505,100.00,,
46.488940739,3095092,,rFF44,66762505,100.00,,
46.488940739,603589721,,instructions,66762505,100.00,2.46,insn per cycle
46.488940739,245171875,,cycles,66762505,100.00,,
46.589125196,1687,,rD044,68260781,100.00,,
46.589125196,3142959,,rFF44,68266001,100.00,,
46.589125196,617246821,,instructions,68269071,100.00,2.46,insn per cycle
46.589125196,251012061,,cycles,68272601,100.00,,
46.689318024,2008,,rD044,69690937,100.00,,
46.689318024,3217439,,rFF44,69690577,100.00,,
46.689318024,633110072,,instructions,69690807,100.00,2.47,insn per cycle
46.689318024,256578583,,cycles,69690697,100.00,,
46.789513171,1705,,rD044,69768042,100.00,,
46.789513171,3250946,,rFF44,69768412,100.00,,
46.789513171,623961410,,instructions,69768732,100.00,2.43,insn per cycle
46.789513171,256915584,,cycles,69768982,100.00,,
46.889708319,1632,,rD044,69824074,100.00,,
46.889708319,3217337,,rFF44,69824054,100.00,,
46.889708319,621405753,,instructions,69823304,100.00,2.42,insn per cycle
46.889708319,257072840,,cycles,69822794,100.00,,
46.989901827,1739,,rD044,69016346,100.00,,
46.989901827,3188904,,rFF44,69011136,100.00,,
46.989901827,610393786,,instructions,69008266,100.00,2.40,insn per cycle
46.989901827,253930931,,cycles,69005106,100.00,,
47.090086534,1478,,rD044,68703870,100.00,,
47.090086534,3188209,,rFF44,68703870,100.00,,
47.090086534,604385121,,instructions,68703870,100.00,2.39,insn per cycle
47.090086534,252697434,,cycles,68703870,100.00,,
47.190274841,1783,,rD044,67332159,100.00,,
47.190274841,3114025,,rFF44,67336969,100.00,,
47.190274841,619533455,,instructions,67340119,100.00,2.50,insn per cycle
47.190274841,247342330,,cycles,67343459,100.00,,
47.290468039,1533,,rD044,69719555,100.00,,
47.290468039,3176011,,rFF44,69714745,100.00,,
47.290468039,671285388,,instructions,69711595,100.00,2.62,insn per cycle
47.290468039,256636857,,cycles,69708255,100.00,,
47.390650486,1567,,rD044,65412943,100.00,,
47.390650486,3021797,,rFF44,65417633,100.00,,
47.390650486,622186941,,instructions,65420733,100.00,2.59,insn per cycle
47.390650486,239904103,,cycles,65424203,100.00,,
47.490843934,1642,,rD044,69458220,100.00,,
47.490843934,3256105,,rFF44,69453530,100.00,,
47.490843934,666518892,,instructions,69450430,100.00,2.61,insn per cycle
47.490843934,255673239,,cycles,69446960,100.00,,
47.591027641,1968,,rD044,65579722,100.00,,
47.591027641,3148070,,rFF44,65584662,100.00,,
47.591027641,619891733,,instructions,65587772,100.00,2.58,insn per cycle
47.591027641,240536965,,cycles,65591262,100.00,,
47.691220529,1587,,rD044,69640730,100.00,,
47.691220529,3215554,,rFF44,69640440,100.00,,
47.691220529,631364024,,instructions,69640600,100.00,2.46,insn per cycle
47.691220529,256404823,,cycles,69640630,100.00,,
47.791412617,1627,,rD044,69653389,100.00,,
47.791412617,3257903,,rFF44,69653759,100.00,,
47.791412617,583485503,,instructions,69653599,100.00,2.28,insn per cycle
47.791412617,256461819,,cycles,69653159,100.00,,
47.891604844,1526,,rD044,69933933,100.00,,
47.891604844,3164156,,rFF44,69928913,100.00,,
47.891604844,590080346,,instructions,69925803,100.00,2.29,insn per cycle
47.891604844,257524611,,cycles,69922723,100.00,,
47.991789852,1528,,rD044,71801658,100.00,,
47.991789852,3201804,,rFF44,71801658,100.00,,
47.991789852,612541950,,instructions,71801658,100.00,2.31,insn per cycle
47.991789852,264845965,,cycles,71801658,100.00,,
48.091985889,1733,,rD044,71522601,100.00,,
48.091985889,3213655,,rFF44,71527691,100.00,,
48.091985889,611220805,,instructions,71531401,100.00,2.32,insn per cycle
48.091985889,263768022,,cycles,71535421,100.00,,
48.192184987,1726,,rD044,69696047,100.00,,
48.192184987,2966541,,rFF44,69695867,100.00,,
48.192184987,597308328,,instructions,69695767,100.00,2.33,insn per cycle
48.192184987,256580155,,cycles,69695217,100.00,,
48.292378274,1825,,rD044,69639551,100.00,,
48.292378274,2956896,,rFF44,69639901,100.00,,
48.292378274,594660279,,instructions,69639451,100.00,2.32,insn per cycle
48.292378274,256383447,,cycles,69639671,100.00,,
48.392569972,2027,,rD044,69733396,100.00,,
48.392569972,3131915,,rFF44,69732836,100.00,,
48.392569972,586975980,,instructions,69733256,100.00,2.29,insn per cycle
48.392569972,256754409,,cycles,69732736,100.00,,
48.492763579,1808,,rD044,70149067,100.00,,
48.492763579,3178428,,rFF44,70144367,100.00,,
48.492763579,602920604,,instructions,70140787,100.00,2.33,insn per cycle
48.492763579,258337525,,cycles,70137617,100.00,,
48.592961287,1570,,rD044,71661626,100.00,,
48.592961287,3226566,,rFF44,71661626,100.00,,
48.592961287,617612571,,instructions,71661626,100.00,2.34,insn per cycle
48.592961287,264351396,,cycles,71661626,100.00,,
48.693142834,1790,,rD044,71032952,100.00,,
48.693142834,3209754,,rFF44,71037452,100.00,,
48.693142834,610504479,,instructions,71040732,100.00,2.33,insn per cycle
48.693142834,261831297,,cycles,71043772,100.00,,
48.793334632,1689,,rD044,68048320,100.00,,
48.793334632,2816369,,rFF44,68049000,100.00,,
48.793334632,595056392,,instructions,68049080,100.00,2.38,insn per cycle
48.793334632,250342222,,cycles,68049280,100.00,,
48.893528670,1665,,rD044,69529283,100.00,,
48.893528670,3151451,,rFF44,69528643,100.00,,
48.893528670,596533057,,instructions,69527813,100.00,2.33,insn per cycle
48.893528670,255933778,,cycles,69528293,100.00,,
48.993721617,1540,,rD044,69591908,100.00,,
48.993721617,3169062,,rFF44,69592448,100.00,,
48.993721617,592069190,,instructions,69593128,100.00,2.31,insn per cycle
48.993721617,256175231,,cycles,69592598,100.00,,
49.093914355,1672,,rD044,70908097,100.00,,
49.093914355,3324971,,rFF44,70903017,100.00,,
49.093914355,603266938,,instructions,70899807,100.00,2.31,insn per cycle
49.093914355,261356520,,cycles,70896617,100.00,,
49.194097252,1675,,rD044,72599439,100.00,,
49.194097252,3406064,,rFF44,72604199,100.00,,
49.194097252,616055657,,instructions,72607249,100.00,2.30,insn per cycle
49.194097252,267960824,,cycles,72610599,100.00,,
49.294288600,1636,,rD044,69513775,100.00,,
49.294288600,3318297,,rFF44,69513855,100.00,,
49.294288600,581448969,,instructions,69514715,100.00,2.27,insn per cycle
49.294288600,255946345,,cycles,69514865,100.00,,
49.394481027,1495,,rD044,71353502,100.00,,
49.394481027,3138694,,rFF44,71348662,100.00,,
49.394481027,584860301,,instructions,71344752,100.00,2.22,insn per cycle
49.394481027,263086635,,cycles,71341252,100.00,,
49.494665075,1509,,rD044,71737977,100.00,,
49.494665075,3397853,,rFF44,71742867,100.00,,
49.494665075,599503057,,instructions,71746157,100.00,2.27,insn per cycle
49.494665075,264661465,,cycles,71749308,100.00,,
49.594857982,2033,,rD044,69569479,100.00,,
49.594857982,3341580,,rFF44,69569379,100.00,,
49.594857982,580984587,,instructions,69569419,100.00,2.27,insn per cycle
49.594857982,256131226,,cycles,69569418,100.00,,
49.695050050,1585,,rD044,72984608,100.00,,
49.695050050,3164271,,rFF44,72984818,100.00,,
49.695050050,583619423,,instructions,72984308,100.00,2.17,insn per cycle
49.695050050,269523780,,cycles,72984338,100.00,,
49.795240677,1540,,rD044,70348052,100.00,,
49.795240677,3053549,,rFF44,70348172,100.00,,
49.795240677,555592132,,instructions,70348702,100.00,2.14,insn per cycle
49.795240677,259126919,,cycles,70348782,100.00,,
49.895433995,1480,,rD044,72522409,100.00,,
49.895433995,3105088,,rFF44,72517289,100.00,,
49.895433995,576275803,,instructions,72513939,100.00,2.15,insn per cycle
49.895433995,267703263,,cycles,72510679,100.00,,
49.995616632,1758,,rD044,70659199,100.00,,
49.995616632,3137089,,rFF44,70663789,100.00,,
49.995616632,530090224,,instructions,70667189,100.00,2.03,insn per cycle
49.995616632,260558737,,cycles,70670089,100.00,,
50.095823500,2407,,rD044,73762529,100.00,,
50.095823500,3291947,,rFF44,73762819,100.00,,
50.095823500,558584838,,instructions,73762789,100.00,2.05,insn per cycle
50.095823500,272744831,,cycles,73763049,100.00,,
50.196012087,2214,,rD044,73757850,100.00,,
50.196012087,3280946,,rFF44,73758070,100.00,,
50.196012087,558984086,,instructions,73757820,100.00,2.05,insn per cycle
50.196012087,272697777,,cycles,73757790,100.00,,
50.296203485,2104,,rD044,70059792,100.00,,
50.296203485,2993758,,rFF44,70054692,100.00,,
50.296203485,555544952,,instructions,70051572,100.00,2.15,insn per cycle
50.296203485,258258840,,cycles,70048442,100.00,,
50.396385653,1902,,rD044,73169436,100.00,,
50.396385653,2951196,,rFF44,73174396,100.00,,
50.396385653,614415136,,instructions,73177686,100.00,2.27,insn per cycle
50.396385653,270430406,,cycles,73180806,100.00,,
50.496577960,1831,,rD044,69400381,100.00,,
50.496577960,2731900,,rFF44,69400281,100.00,,
50.496577960,585042296,,instructions,69400181,100.00,2.29,insn per cycle
50.496577960,255792015,,cycles,69400701,100.00,,
50.596769878,1603,,rD044,69481489,100.00,,
50.596769878,2712347,,rFF44,69481489,100.00,,
50.596769878,573847490,,instructions,69481649,100.00,2.24,insn per cycle
50.596769878,256080718,,cycles,69481079,100.00,,
50.696976795,1572,,rD044,73307428,100.00,,
50.696976795,2806637,,rFF44,73302568,100.00,,
50.696976795,617113507,,instructions,73299218,100.00,2.28,insn per cycle
50.696976795,271039717,,cycles,73296148,100.00,,
50.797159423,5259,,rD044,69144789,100.00,,
50.797159423,2681012,,rFF44,69149409,100.00,,
50.797159423,602353194,,instructions,69152719,100.00,2.36,insn per cycle
50.797159423,255000925,,cycles,69155919,100.00,,
50.897352680,9207,,rD044,68715607,100.00,,
50.897352680,2656641,,rFF44,68715607,100.00,,
50.897352680,601139081,,instructions,68715387,100.00,2.37,insn per cycle
50.897352680,253523532,,cycles,68715427,100.00,,
50.997543228,9650,,rD044,68790144,100.00,,
50.997543228,2742846,,rFF44,68790604,100.00,,
50.997543228,614502534,,instructions,68790834,100.00,2.42,insn per cycle
50.997543228,253829730,,cycles,68791004,100.00,,
51.097737475,9072,,rD044,69490537,100.00,,
51.097737475,2749387,,rFF44,69490217,100.00,,
51.097737475,625312813,,instructions,69490297,100.00,2.44,insn per cycle
51.097737475,256434859,,cycles,69490217,100.00,,
51.197948713,9197,,rD044,67386674,100.00,,
51.197948713,2654753,,rFF44,67381914,100.00,,
51.197948713,606001567,,instructions,67378514,100.00,2.44,insn per cycle
51.197948713,248275032,,cycles,67375184,100.00,,
51.298132461,8936,,rD044,67320023,100.00,,
51.298132461,2624705,,rFF44,67320023,100.00,,
51.298132461,606194105,,instructions,67320023,100.00,2.44,insn per cycle
51.298132461,247989019,,cycles,67320023,100.00,,
51.398313908,9258,,rD044,68751326,100.00,,
51.398313908,2663831,,rFF44,68756576,100.00,,
51.398313908,620323572,,instructions,68759646,100.00,2.45,insn per cycle
51.398313908,253586157,,cycles,68763086,100.00,,
51.498504706,8726,,rD044,69394242,100.00,,
51.498504706,2674758,,rFF44,69393722,100.00,,
51.498504706,629541223,,instructions,69393872,100.00,2.46,insn per cycle
51.498504706,256063105,,cycles,69393542,100.00,,
51.598696893,9528,,rD044,68382791,100.00,,
51.598696893,2912143,,rFF44,68378061,100.00,,
51.598696893,644988365,,instructions,68374841,100.00,2.56,insn per cycle
51.598696893,252129222,,cycles,68371731,100.00,,
51.698880501,9058,,rD044,67943278,100.00,,
51.698880501,3063220,,rFF44,67943278,100.00,,
51.698880501,603410216,,instructions,67943278,100.00,2.41,insn per cycle
51.698880501,250357936,,cycles,67943278,100.00,,
51.799063548,9200,,rD044,67753618,100.00,,
51.799063548,3057512,,rFF44,67753618,100.00,,
51.799063548,603547542,,instructions,67753618,100.00,2.42,insn per cycle
51.799063548,249643267,,cycles,67753618,100.00,,
51.899244445,9027,,rD044,69465199,100.00,,
51.899244445,3110507,,rFF44,69470329,100.00,,
51.899244445,617673316,,instructions,69473419,100.00,2.41,insn per cycle
51.899244445,256318008,,cycles,69476449,100.00,,
51.999437843,8792,,rD044,69723594,100.00,,
51.999437843,3126583,,rFF44,69723054,100.00,,
51.999437843,620412034,,instructions,69723304,100.00,2.41,insn per cycle
51.999437843,257295704,,cycles,69723484,100.00,,
52.099631651,9134,,rD044,69418774,100.00,,
52.099631651,3229469,,rFF44,69419104,100.00,,
52.099631651,608326813,,instructions,69418844,100.00,2.38,insn per cycle
52.099631651,256103235,,cycles,69419514,100.00,,
52.199824568,8769,,rD044,69566051,100.00,,
52.199824568,3323778,,rFF44,69566191,100.00,,
52.199824568,601247369,,instructions,69566731,100.00,2.34,insn per cycle
52.199824568,256673474,,cycles,69566001,100.00,,
52.300017376,8777,,rD044,73959971,100.00,,
52.300017376,3773426,,rFF44,73960001,100.00,,
52.300017376,568396074,,instructions,73959501,100.00,2.08,insn per cycle
52.300017376,273734844,,cycles,73959481,100.00,,
52.400210103,8699,,rD044,69705310,100.00,,
52.400210103,3316625,,rFF44,69705160,100.00,,
52.400210103,599305371,,instructions,69705530,100.00,2.33,insn per cycle
52.400210103,257220010,,cycles,69705900,100.00,,
52.500403791,8784,,rD044,69693170,100.00,,
52.500403791,3301917,,rFF44,69693130,100.00,,
52.500403791,599247156,,instructions,69692860,100.00,2.33,insn per cycle
52.500403791,257178927,,cycles,69692540,100.00,,
52.600594718,8500,,rD044,69596999,100.00,,
52.600594718,3265782,,rFF44,69597009,100.00,,
52.600594718,595821048,,instructions,69596539,100.00,2.32,insn per cycle
52.600594718,256801051,,cycles,69596579,100.00,,
52.700788156,8063,,rD044,71650342,100.00,,
52.700788156,3420903,,rFF44,71645432,100.00,,
52.700788156,603695820,,instructions,71642682,100.00,2.28,insn per cycle
52.700788156,264816422,,cycles,71639462,100.00,,
52.800988594,8377,,rD044,71785322,100.00,,
52.800988594,3427387,,rFF44,71789982,100.00,,
52.800988594,601689962,,instructions,71793002,100.00,2.27,insn per cycle
52.800988594,265299315,,cycles,71795822,100.00,,
52.901179661,8826,,rD044,69504751,100.00,,
52.901179661,3332762,,rFF44,69505111,100.00,,
52.901179661,581071630,,instructions,69505331,100.00,2.27,insn per cycle
52.901179661,256460405,,cycles,69505581,100.00,,
53.001372109,8719,,rD044,69603676,100.00,,
53.001372109,3356287,,rFF44,69603526,100.00,,
53.001372109,581102265,,instructions,69603626,100.00,2.26,insn per cycle
53.001372109,256844365,,cycles,69603926,100.00,,
53.101568836,7846,,rD044,72505177,100.00,,
53.101568836,3295925,,rFF44,72500307,100.00,,
53.101568836,595025349,,instructions,72496967,100.00,2.22,insn per cycle
53.101568836,268083597,,cycles,72493597,100.00,,
53.201752964,8227,,rD044,71155150,100.00,,
53.201752964,3193648,,rFF44,71160220,100.00,,
53.201752964,561826637,,instructions,71163240,100.00,2.14,insn per cycle
53.201752964,262853485,,cycles,71166760,100.00,,
53.301958251,8750,,rD044,69843376,100.00,,
53.301958251,3129135,,rFF44,69838306,100.00,,
53.301958251,672922587,,instructions,69835286,100.00,2.61,insn per cycle
53.301958251,257679148,,cycles,69831766,100.00,,
53.402142309,9430,,rD044,65274553,100.00,,
53.402142309,2892400,,rFF44,65278943,100.00,,
53.402142309,647443727,,instructions,65282393,100.00,2.70,insn per cycle
53.402142309,240025403,,cycles,65285173,100.00,,
53.502336386,9454,,rD044,66217670,100.00,,
53.502336386,2949411,,rFF44,66213280,100.00,,
53.502336386,650288348,,instructions,66209830,100.00,2.67,insn per cycle
53.502336386,243650963,,cycles,66207050,100.00,,
53.602520564,8943,,rD044,68740458,100.00,,
53.602520564,3076314,,rFF44,68745318,100.00,,
53.602520564,674252591,,instructions,68748558,100.00,2.66,insn per cycle
53.602520564,253478142,,cycles,68751638,100.00,,
53.702713491,10191,,rD044,65122547,100.00,,
53.702713491,2922890,,rFF44,65122757,100.00,,
53.702713491,626327200,,instructions,65122547,100.00,2.62,insn per cycle
53.702713491,239398947,,cycles,65122497,100.00,,
53.802906439,8581,,rD044,69607537,100.00,,
53.802906439,3065942,,rFF44,69607717,100.00,,
53.802906439,687101802,,instructions,69607707,100.00,2.68,insn per cycle
53.802906439,256848376,,cycles,69608137,100.00,,
53.903098956,9730,,rD044,63654128,100.00,,
53.903098956,2824600,,rFF44,63654488,100.00,,
53.903098956,612621642,,instructions,63655168,100.00,2.62,insn per cycle
53.903098956,233959296,,cycles,63651708,100.00,,
54.003292004,8715,,rD044,69650247,100.00,,
54.003292004,3085213,,rFF44,69649737,100.00,,
54.003292004,686035823,,instructions,69649137,100.00,2.67,insn per cycle
54.003292004,257018252,,cycles,69652147,100.00,,
54.103485022,9548,,rD044,65113073,100.00,,
54.103485022,2920597,,rFF44,65113213,100.00,,
54.103485022,634995199,,instructions,65113293,100.00,2.65,insn per cycle
54.103485022,239391739,,cycles,65113623,100.00,,
54.203677859,8981,,rD044,69139696,100.00,,
54.203677859,3042634,,rFF44,69134456,100.00,,
54.203677859,675269313,,instructions,69131276,100.00,2.65,insn per cycle
54.203677859,255057329,,cycles,69127936,100.00,,
54.303861127,9061,,rD044,69908008,100.00,,
54.303861127,3361503,,rFF44,69913188,100.00,,
54.303861127,624202224,,instructions,69916688,100.00,2.42,insn per cycle
54.303861127,258009783,,cycles,69919898,100.00,,
54.404053224,9537,,rD044,66147057,100.00,,
54.404053224,2938925,,rFF44,66141877,100.00,,
54.404053224,641457153,,instructions,66138377,100.00,2.63,insn per cycle
54.404053224,243446316,,cycles,66135167,100.00,,
54.504236662,9253,,rD044,68155719,100.00,,
54.504236662,3028606,,rFF44,68160799,100.00,,
54.504236662,661281292,,instructions,68164029,100.00,2.63,insn per cycle
54.504236662,251270657,,cycles,68167459,100.00,,
54.604433029,8935,,rD044,66294673,100.00,,
54.604433029,2930240,,rFF44,66289593,100.00,,
54.604433029,641252617,,instructions,66286363,100.00,2.63,insn per cycle
54.604433029,244073874,,cycles,66282933,100.00,,
54.704622167,9218,,rD044,67457981,100.00,,
54.704622167,2977420,,rFF44,67462981,100.00,,
54.704622167,660500019,,instructions,67466051,100.00,2.66,insn per cycle
54.704622167,248560537,,cycles,67469241,100.00,,
54.804828134,9356,,rD044,67519384,100.00,,
54.804828134,3064672,,rFF44,67514384,100.00,,
54.804828134,644348532,,instructions,67511314,100.00,2.59,insn per cycle
54.804828134,248753768,,cycles,67508124,100.00,,
54.905015892,9415,,rD044,66975901,100.00,,
54.905015892,3094116,,rFF44,66980631,100.00,,
54.905015892,616368709,,instructions,66983431,100.00,2.50,insn per cycle
54.905015892,246608472,,cycles,66986671,100.00,,
55.005208349,8951,,rD044,69455488,100.00,,
55.005208349,3149043,,rFF44,69455318,100.00,,
55.005208349,646961469,,instructions,69455528,100.00,2.52,insn per cycle
55.005208349,256234402,,cycles,69455378,100.00,,
55.105403007,8977,,rD044,69532777,100.00,,
55.105403007,3165536,,rFF44,69533097,100.00,,
55.105403007,645368699,,instructions,69533497,100.00,2.52,insn per cycle
55.105403007,256559829,,cycles,69533757,100.00,,
55.205593395,9062,,rD044,68629002,100.00,,
55.205593395,3154981,,rFF44,68624122,100.00,,
55.205593395,634174039,,instructions,68620712,100.00,2.51,insn per cycle
55.205593395,253045858,,cycles,68617362,100.00,,
55.305775332,9900,,rD044,65796362,100.00,,
55.305775332,2978781,,rFF44,65801212,100.00,,
55.305775332,618998986,,instructions,65805002,100.00,2.56,insn per cycle
55.305775332,241971058,,cycles,65808403,100.00,,
55.405982590,9487,,rD044,69570118,100.00,,
55.405982590,3194259,,rFF44,69570198,100.00,,
55.405982590,647127725,,instructions,69569638,100.00,2.52,insn per cycle
55.405982590,256673665,,cycles,69569757,100.00,,
55.506176737,8994,,rD044,67594278,100.00,,
55.506176737,3133177,,rFF44,67589348,100.00,,
55.506176737,643898526,,instructions,67586118,100.00,2.58,insn per cycle
55.506176737,249092784,,cycles,67589108,100.00,,
55.606365945,9550,,rD044,66465756,100.00,,
55.606365945,3103363,,rFF44,66470696,100.00,,
55.606365945,629229418,,instructions,66474216,100.00,2.57,insn per cycle
55.606365945,244628837,,cycles,66470976,100.00,,
55.706557332,9213,,rD044,69418914,100.00,,
55.706557332,3377633,,rFF44,69418924,100.00,,
55.706557332,651982270,,instructions,69418674,100.00,2.55,insn per cycle
55.706557332,256116319,,cycles,69418904,100.00,,
55.806749000,8747,,rD044,68380233,100.00,,
55.806749000,3177941,,rFF44,68375283,100.00,,
55.806749000,636864385,,instructions,68372013,100.00,2.53,insn per cycle
55.806749000,252091525,,cycles,68368513,100.00,,
55.906945717,9771,,rD044,67142728,100.00,,
55.906945717,3176349,,rFF44,67142728,100.00,,
55.906945717,616402084,,instructions,67142728,100.00,2.49,insn per cycle
55.906945717,247287622,,cycles,67142728,100.00,,
56.007131105,9299,,rD044,67547576,100.00,,
56.007131105,3119554,,rFF44,67547576,100.00,,
56.007131105,622595559,,instructions,67547576,100.00,2.50,insn per cycle
56.007131105,248906883,,cycles,67547576,100.00,,
56.107314882,9189,,rD044,68810366,100.00,,
56.107314882,3205969,,rFF44,68814866,100.00,,
56.107314882,634700891,,instructions,68818286,100.00,2.50,insn per cycle
56.107314882,253825679,,cycles,68821906,100.00,,
56.207508660,8817,,rD044,70377851,100.00,,
56.207508660,3366255,,rFF44,70373351,100.00,,
56.207508660,633948633,,instructions,70369931,100.00,2.44,insn per cycle
56.207508660,259748579,,cycles,70366311,100.00,,
56.307693007,9346,,rD044,69271874,100.00,,
56.307693007,3390312,,rFF44,69276694,100.00,,
56.307693007,631423592,,instructions,69280394,100.00,2.47,insn per cycle
56.307693007,255471250,,cycles,69283604,100.00,,
56.407886195,8824,,rD044,69651022,100.00,,
56.407886195,3492779,,rFF44,69646202,100.00,,
56.407886195,618140978,,instructions,69642502,100.00,2.41,insn per cycle
56.407886195,256960162,,cycles,69639292,100.00,,
56.508070652,8355,,rD044,71640441,100.00,,
56.508070652,3447601,,rFF44,71646111,100.00,,
56.508070652,629339818,,instructions,71651071,100.00,2.38,insn per cycle
56.508070652,264783950,,cycles,71651071,100.00,,
56.608267670,8509,,rD044,71770181,100.00,,
56.608267670,3315733,,rFF44,71769591,100.00,,
56.608267670,611135347,,instructions,71767481,100.00,2.30,insn per cycle
56.608267670,265159926,,cycles,71770411,100.00,,
56.708459448,9282,,rD044,69500755,100.00,,
56.708459448,3178911,,rFF44,69500575,100.00,,
56.708459448,569538529,,instructions,69500865,100.00,2.22,insn per cycle
56.708459448,256428137,,cycles,69500805,100.00,,
56.808652585,7746,,rD044,73849961,100.00,,
56.808652585,3366511,,rFF44,73850171,100.00,,
56.808652585,601004320,,instructions,73850221,100.00,2.20,insn per cycle
56.808652585,273327054,,cycles,73850851,100.00,,
56.908847443,8935,,rD044,69510166,100.00,,
56.908847443,3004742,,rFF44,69509776,100.00,,
56.908847443,575715592,,instructions,69510076,100.00,2.25,insn per cycle
56.908847443,256440912,,cycles,69509956,100.00,,
57.009040250,8708,,rD044,71276983,100.00,,
57.009040250,3031428,,rFF44,71277213,100.00,,
57.009040250,594894629,,instructions,71276793,100.00,2.26,insn per cycle
57.009040250,263305325,,cycles,71276323,100.00,,
57.109231528,8488,,rD044,72419191,100.00,,
57.109231528,3208373,,rFF44,72419131,100.00,,
57.109231528,582133130,,instructions,72419571,100.00,2.17,insn per cycle
57.109231528,267741665,,cycles,72419761,100.00,,
57.209425175,8441,,rD044,71473876,100.00,,
57.209425175,3173639,,rFF44,71468986,100.00,,
57.209425175,581147909,,instructions,71465476,100.00,2.20,insn per cycle
57.209425175,264051641,,cycles,71462376,100.00,,
57.309611413,8134,,rD044,71666357,100.00,,
57.309611413,3256082,,rFF44,71671237,100.00,,
57.309611413,594753441,,instructions,71674257,100.00,2.25,insn per cycle
57.309611413,264874084,,cycles,71677137,100.00,,
57.409802320,9188,,rD044,69481556,100.00,,
57.409802320,3141878,,rFF44,69481416,100.00,,
57.409802320,573905475,,instructions,69481356,100.00,2.24,insn per cycle
57.409802320,256372967,,cycles,69481296,100.00,,
57.510008208,8173,,rD044,73753255,100.00,,
57.510008208,3409875,,rFF44,73753255,100.00,,
57.510008208,613954926,,instructions,73753055,100.00,2.25,insn per cycle
57.510008208,272973288,,cycles,73753385,100.00,,
57.610199346,9175,,rD044,69572705,100.00,,
57.610199346,3014563,,rFF44,69572925,100.00,,
57.610199346,582599294,,instructions,69573145,100.00,2.27,insn per cycle
57.610199346,256715025,,cycles,69572975,100.00,,
57.710394363,8560,,rD044,71469516,100.00,,
57.710394363,3135213,,rFF44,71464556,100.00,,
57.710394363,596394595,,instructions,71461576,100.00,2.26,insn per cycle
57.710394363,264072770,,cycles,71458596,100.00,,
57.810579411,8589,,rD044,71916378,100.00,,
57.810579411,3254481,,rFF44,71921448,100.00,,
57.810579411,597087927,,instructions,71924628,100.00,2.25,insn per cycle
57.810579411,265812830,,cycles,71927748,100.00,,
57.910773898,8737,,rD044,69347341,100.00,,
57.910773898,3044207,,rFF44,69347391,100.00,,
57.910773898,591919068,,instructions,69347621,100.00,2.31,insn per cycle
57.910773898,255874310,,cycles,69347651,100.00,,
58.010981676,8996,,rD044,69408928,100.00,,
58.010981676,3063995,,rFF44,69408928,100.00,,
58.010981676,592833079,,instructions,69409179,100.00,2.31,insn per cycle
58.010981676,256112981,,cycles,69409239,100.00,,
58.111177473,7868,,rD044,72926267,100.00,,
58.111177473,3138897,,rFF44,72921147,100.00,,
58.111177473,617823106,,instructions,72917486,100.00,2.29,insn per cycle
58.111177473,269781599,,cycles,72914276,100.00,,
58.211361211,8442,,rD044,70217974,100.00,,
58.211361211,3044249,,rFF44,70223174,100.00,,
58.211361211,586408114,,instructions,70226304,100.00,2.26,insn per cycle
58.211361211,259235389,,cycles,70229454,100.00,,
58.311556339,8835,,rD044,70662987,100.00,,
58.311556339,2928596,,rFF44,70657787,100.00,,
58.311556339,572223267,,instructions,70654657,100.00,2.19,insn per cycle
58.311556339,260938263,,cycles,70651507,100.00,,
58.411739776,9272,,rD044,68720888,100.00,,
58.411739776,2932135,,rFF44,68720888,100.00,,
58.411739776,622688831,,instructions,68720888,100.00,2.46,insn per cycle
58.411739776,253430514,,cycles,68720888,100.00,,
58.511924183,8983,,rD044,68971427,100.00,,
58.511924183,3152717,,rFF44,68976047,100.00,,
58.511924183,668723741,,instructions,68979707,100.00,2.63,insn per cycle
58.511924183,254429849,,cycles,68982737,100.00,,
58.612117351,8592,,rD044,68865168,100.00,,
58.612117351,3121923,,rFF44,68860548,100.00,,
58.612117351,658715561,,instructions,68856888,100.00,2.59,insn per cycle
58.612117351,254014666,,cycles,68853858,100.00,,
58.712298869,9680,,rD044,65520937,100.00,,
58.712298869,2988576,,rFF44,65526037,100.00,,
58.712298869,624963283,,instructions,65529137,100.00,2.59,insn per cycle
58.712298869,240972926,,cycles,65532027,100.00,,
58.812490656,8818,,rD044,69246770,100.00,,
58.812490656,3150546,,rFF44,69246390,100.00,,
58.812490656,667164077,,instructions,69246360,100.00,2.61,insn per cycle
58.812490656,255501118,,cycles,69246830,100.00,,
58.912682964,9154,,rD044,68175931,100.00,,
58.912682964,3109726,,rFF44,68171211,100.00,,
58.912682964,656685176,,instructions,68168141,100.00,2.61,insn per cycle
58.912682964,251345837,,cycles,68164781,100.00,,
59.012864311,9722,,rD044,66049543,100.00,,
59.012864311,3068755,,rFF44,66054643,100.00,,
59.012864311,631951568,,instructions,66057853,100.00,2.60,insn per cycle
59.012864311,243055982,,cycles,66060743,100.00,,
59.113054649,8598,,rD044,69074178,100.00,,
59.113054649,3129131,,rFF44,69073638,100.00,,
59.113054649,660813039,,instructions,69073628,100.00,2.59,insn per cycle
59.113054649,254857232,,cycles,69073648,100.00,,
59.213248206,8715,,rD044,68702891,100.00,,
59.213248206,3108585,,rFF44,68698331,100.00,,
59.213248206,656388071,,instructions,68695131,100.00,2.59,insn per cycle
59.213248206,253395471,,cycles,68692221,100.00,,
59.313431183,9575,,rD044,65891225,100.00,,
59.313431183,2944962,,rFF44,65891225,100.00,,
59.313431183,621708125,,instructions,65897685,100.00,2.56,insn per cycle
59.313431183,242426201,,cycles,65900875,100.00,,
59.413622941,8930,,rD044,69096969,100.00,,
59.413622941,3104155,,rFF44,69101959,100.00,,
59.413622941,655371628,,instructions,69099019,100.00,2.57,insn per cycle
59.413622941,254920229,,cycles,69098429,100.00,,
59.513830379,8956,,rD044,67908441,100.00,,
59.513830379,2943730,,rFF44,67903451,100.00,,
59.513830379,659149761,,instructions,67899931,100.00,2.63,insn per cycle
59.513830379,250268146,,cycles,67897331,100.00,,
59.614012236,9211,,rD044,66502364,100.00,,
59.614012236,2929155,,rFF44,66507254,100.00,,
59.614012236,646425949,,instructions,66510064,100.00,2.64,insn per cycle
59.614012236,244773395,,cycles,66513284,100.00,,
59.714205524,9146,,rD044,66261196,100.00,,
59.714205524,2863225,,rFF44,66256306,100.00,,
59.714205524,641329289,,instructions,66253496,100.00,2.63,insn per cycle
59.714205524,243894677,,cycles,66250276,100.00,,
59.814389251,9015,,rD044,68108581,100.00,,
59.814389251,2954118,,rFF44,68113831,100.00,,
59.814389251,666570893,,instructions,68117081,100.00,2.66,insn per cycle
59.814389251,251060383,,cycles,68120251,100.00,,
59.914585629,9656,,rD044,65102264,100.00,,
59.914585629,2832069,,rFF44,65101704,100.00,,
59.914585629,629630612,,instructions,65101634,100.00,2.63,insn per cycle
59.914585629,239360564,,cycles,65101524,100.00,,
60.014777996,8877,,rD044,68058365,100.00,,
60.014777996,2958401,,rFF44,68053675,100.00,,
60.014777996,663004887,,instructions,68050495,100.00,2.64,insn per cycle
60.014777996,250895819,,cycles,68047435,100.00,,
60.114975864,9647,,rD044,66294038,100.00,,
60.114975864,2918386,,rFF44,66299178,100.00,,
60.114975864,646895877,,instructions,66302318,100.00,2.65,insn per cycle
60.114975864,244017012,,cycles,66305088,100.00,,
60.215167722,9771,,rD044,65056718,100.00,,
60.215167722,2912560,,rFF44,65056448,100.00,,
60.215167722,635079625,,instructions,65056668,100.00,2.66,insn per cycle
60.215167722,239193438,,cycles,65057008,100.00,,
60.315361419,8656,,rD044,69360054,100.00,,
60.315361419,3098437,,rFF44,69360064,100.00,,
60.315361419,672721974,,instructions,69360054,100.00,2.63,insn per cycle
60.315361419,255917621,,cycles,69359984,100.00,,
60.415554787,9711,,rD044,64919987,100.00,,
60.415554787,2945295,,rFF44,64920327,100.00,,
60.415554787,635371379,,instructions,64919967,100.00,2.66,insn per cycle
60.415554787,238701682,,cycles,64920367,100.00,,
60.515747034,9143,,rD044,67574040,100.00,,
60.515747034,3024270,,rFF44,67568820,100.00,,
60.515747034,651243237,,instructions,67565830,100.00,2.62,insn per cycle
60.515747034,248969391,,cycles,67562390,100.00,,
60.615943592,9440,,rD044,66782556,100.00,,
60.615943592,3023405,,rFF44,66787466,100.00,,
60.615943592,653237498,,instructions,66790956,100.00,2.66,insn per cycle
60.615943592,245856514,,cycles,66793896,100.00,,
60.716134529,9120,,rD044,67269731,100.00,,
60.716134529,3128747,,rFF44,67264821,100.00,,
60.716134529,634778363,,instructions,67261331,100.00,2.56,insn per cycle
60.716134529,247822243,,cycles,67258391,100.00,,
60.816321507,9318,,rD044,67122623,100.00,,
60.816321507,3143934,,rFF44,67127773,100.00,,
60.816321507,635194028,,instructions,67130973,100.00,2.57,insn per cycle
60.816321507,247240613,,cycles,67134013,100.00,,
60.916513794,8899,,rD044,69328559,100.00,,
60.916513794,3242600,,rFF44,69328679,100.00,,
60.916513794,654990312,,instructions,69328679,100.00,2.56,insn per cycle
60.916513794,255791972,,cycles,69328639,100.00,,
61.016705002,10361,,rD044,64054961,100.00,,
61.016705002,2870355,,rFF44,64054881,100.00,,
61.016705002,630367329,,instructions,64054871,100.00,2.68,insn per cycle
61.016705002,235392555,,cycles,64054891,100.00,,
61.116899670,8618,,rD044,68185491,100.00,,
61.116899670,3075739,,rFF44,68180301,100.00,,
61.116899670,660866932,,instructions,68177111,100.00,2.63,insn per cycle
61.116899670,251501447,,cycles,68174091,100.00,,
61.217082117,9845,,rD044,64977340,100.00,,
61.217082117,2976679,,rFF44,64982190,100.00,,
61.217082117,620325251,,instructions,64985290,100.00,2.60,insn per cycle
61.217082117,238965714,,cycles,64988300,100.00,,
61.317274734,9005,,rD044,67681030,100.00,,
61.317274734,3091542,,rFF44,67676180,100.00,,
61.317274734,665039538,,instructions,67673080,100.00,2.67,insn per cycle
61.317274734,249404469,,cycles,67670070,100.00,,
61.417456772,9369,,rD044,66793302,100.00,,
61.417456772,3024166,,rFF44,66798202,100.00,,
61.417456772,637668411,,instructions,66801792,100.00,2.59,insn per cycle
61.417456772,245922745,,cycles,66804842,100.00,,
61.517648169,8987,,rD044,67167423,100.00,,
61.517648169,3030672,,rFF44,67167273,100.00,,
61.517648169,649537834,,instructions,67166633,100.00,2.63,insn per cycle
61.517648169,247421898,,cycles,67166143,100.00,,
61.617842237,9242,,rD044,67205290,100.00,,
61.617842237,3037938,,rFF44,67205370,100.00,,
61.617842237,655862915,,instructions,67206010,100.00,2.65,insn per cycle
61.617842237,247502323,,cycles,67206460,100.00,,
61.718034605,9310,,rD044,66541808,100.00,,
61.718034605,3000980,,rFF44,66536978,100.00,,
61.718034605,631562703,,instructions,66533388,100.00,2.58,insn per cycle
61.718034605,244945192,,cycles,66530378,100.00,,
61.818217392,8889,,rD044,67810569,100.00,,
61.818217392,3055472,,rFF44,67815349,100.00,,
61.818217392,658948162,,instructions,67818269,100.00,2.64,insn per cycle
61.818217392,249910666,,cycles,67821679,100.00,,
61.918410360,10009,,rD044,65611707,100.00,,
61.918410360,2967520,,rFF44,65606927,100.00,,
61.918410360,627777909,,instructions,65604007,100.00,2.60,insn per cycle
61.918410360,241322340,,cycles,65600597,100.00,,
62.018594367,8390,,rD044,68754124,100.00,,
62.018594367,3138027,,rFF44,68759144,100.00,,
62.018594367,658153855,,instructions,68762644,100.00,2.60,insn per cycle
62.018594367,253608096,,cycles,68765904,100.00,,
62.118786845,9623,,rD044,64894969,100.00,,
62.118786845,2930438,,rFF44,64895089,100.00,,
62.118786845,628883123,,instructions,64894919,100.00,2.64,insn per cycle
62.118786845,238658600,,cycles,64908839,100.00,,
62.218994872,8454,,rD044,69356840,100.00,,
62.218994872,3130703,,rFF44,69356690,100.00,,
62.218994872,671576287,,instructions,69357310,100.00,2.62,insn per cycle
62.218994872,255889425,,cycles,69343120,100.00,,
62.319188980,9423,,rD044,65165167,100.00,,
62.319188980,2973713,,rFF44,65165147,100.00,,
62.319188980,624192708,,instructions,65164237,100.00,2.60,insn per cycle
62.319188980,239639576,,cycles,65164907,100.00,,
62.419381267,8329,,rD044,69385056,100.00,,
62.419381267,3110471,,rFF44,69384996,100.00,,
62.419381267,676560489,,instructions,69384886,100.00,2.64,insn per cycle
62.419381267,256048119,,cycles,69385066,100.00,,
62.519575575,9358,,rD044,64890582,100.00,,
62.519575575,2982158,,rFF44,64890532,100.00,,
62.519575575,621787452,,instructions,64890742,100.00,2.61,insn per cycle
62.519575575,238578252,,cycles,64890402,100.00,,
62.619766033,8853,,rD044,68404705,100.00,,
62.619766033,3047869,,rFF44,68399845,100.00,,
62.619766033,667689443,,instructions,68396705,100.00,2.65,insn per cycle
62.619766033,252276529,,cycles,68393205,100.00,,
62.719961770,9973,,rD044,65753039,100.00,,
62.719961770,2970746,,rFF44,65758189,100.00,,
62.719961770,631407013,,instructions,65761559,100.00,2.61,insn per cycle
62.719961770,241961421,,cycles,65764589,100.00,,
62.820157408,8963,,rD044,68420369,100.00,,
62.820157408,3113100,,rFF44,68415219,100.00,,
62.820157408,657937789,,instructions,68411849,100.00,2.61,insn per cycle
62.820157408,252291963,,cycles,68408819,100.00,,
62.920341345,10300,,rD044,66163977,100.00,,
62.920341345,2970340,,rFF44,66168857,100.00,,
62.920341345,636713904,,instructions,66172367,100.00,2.61,insn per cycle
62.920341345,243495131,,cycles,66175467,100.00,,
63.020533103,9013,,rD044,68169082,100.00,,
63.020533103,3061978,,rFF44,68164202,100.00,,
63.020533103,654192941,,instructions,68160692,100.00,2.60,insn per cycle
63.020533103,251306078,,cycles,68157592,100.00,,
63.120715010,9730,,rD044,66243592,100.00,,
63.120715010,3016097,,rFF44,66248333,100.00,,
63.120715010,632757865,,instructions,66251053,100.00,2.60,insn per cycle
63.120715010,243813731,,cycles,66254463,100.00,,
63.220913008,8924,,rD044,67995879,100.00,,
63.220913008,3046255,,rFF44,67995448,100.00,,
63.220913008,655799047,,instructions,67995738,100.00,2.62,insn per cycle
63.220913008,250664660,,cycles,67995238,100.00,,
63.321104155,9500,,rD044,66315393,100.00,,
63.321104155,3007625,,rFF44,66316033,100.00,,
63.321104155,645057849,,instructions,66315973,100.00,2.64,insn per cycle
63.321104155,244075912,,cycles,66316323,100.00,,
63.421297733,9193,,rD044,66889035,100.00,,
63.421297733,3008362,,rFF44,66884085,100.00,,
63.421297733,643104735,,instructions,66881135,100.00,2.61,insn per cycle
63.421297733,246346772,,cycles,66877875,100.00,,
63.521481880,9221,,rD044,67444097,100.00,,
63.521481880,2936466,,rFF44,67448787,100.00,,
63.521481880,657613774,,instructions,67452247,100.00,2.65,insn per cycle
63.521481880,248486654,,cycles,67455527,100.00,,
63.621674228,9624,,rD044,65269401,100.00,,
63.621674228,2970021,,rFF44,65269991,100.00,,
63.621674228,623927425,,instructions,65269601,100.00,2.60,insn per cycle
63.621674228,239956121,,cycles,65269411,100.00,,
63.721866675,8683,,rD044,69457118,100.00,,
63.721866675,3124818,,rFF44,69456608,100.00,,
63.721866675,671667068,,instructions,69456738,100.00,2.62,insn per cycle
63.721866675,256283709,,cycles,69456988,100.00,,
63.822059253,9598,,rD044,65039254,100.00,,
63.822059253,2849274,,rFF44,65039364,100.00,,
63.822059253,640670889,,instructions,65038994,100.00,2.68,insn per cycle
63.822059253,239149903,,cycles,65039274,100.00,,
63.922251501,9232,,rD044,66477095,100.00,,
63.922251501,2998965,,rFF44,66472215,100.00,,
63.922251501,648047307,,instructions,66469385,100.00,2.65,insn per cycle
63.922251501,244712715,,cycles,66465765,100.00,,
64.022427218,9017,,rD044,68214653,100.00,,
64.022427218,3093848,,rFF44,68219133,100.00,,
64.022427218,668046367,,instructions,68222243,100.00,2.66,insn per cycle
64.022427218,251488640,,cycles,68225223,100.00,,
64.122618055,9626,,rD044,64144884,100.00,,
64.122618055,3028917,,rFF44,64140404,100.00,,
64.122618055,615621542,,instructions,64137294,100.00,2.61,insn per cycle
64.122618055,235841763,,cycles,64134314,100.00,,
64.222801823,9015,,rD044,68835693,100.00,,
64.222801823,3165638,,rFF44,68835693,100.00,,
64.222801823,683693631,,instructions,68835693,100.00,2.69,insn per cycle
64.222801823,253856067,,cycles,68835693,100.00,,
64.322997580,9725,,rD044,65340647,100.00,,
64.322997580,3016872,,rFF44,65345727,100.00,,
64.322997580,624335646,,instructions,65348697,100.00,2.60,insn per cycle
64.322997580,240295371,,cycles,65351707,100.00,,
64.423190528,9031,,rD044,67268650,100.00,,
64.423190528,3064783,,rFF44,67263570,100.00,,
64.423190528,664105844,,instructions,67260600,100.00,2.68,insn per cycle
64.423190528,247801206,,cycles,67257590,100.00,,
64.523370995,9721,,rD044,67250129,100.00,,
64.523370995,3164928,,rFF44,67255089,100.00,,
64.523370995,658563428,,instructions,67258529,100.00,2.66,insn per cycle
64.523370995,247654469,,cycles,67261449,100.00,,
64.623565453,8796,,rD044,69480700,100.00,,
64.623565453,3345863,,rFF44,69475740,100.00,,
64.623565453,638950071,,instructions,69472300,100.00,2.49,insn per cycle
64.623565453,256292803,,cycles,69469380,100.00,,
64.723748580,9488,,rD044,65438693,100.00,,
64.723748580,3153034,,rFF44,65443453,100.00,,
64.723748580,613784189,,instructions,65446383,100.00,2.55,insn per cycle
64.723748580,240711765,,cycles,65446383,100.00,,
64.823958778,8646,,rD044,68906982,100.00,,
64.823958778,2848028,,rFF44,68907062,100.00,,
64.823958778,671150025,,instructions,68907572,100.00,2.64,insn per cycle
64.823958778,254195049,,cycles,68910732,100.00,,
64.924149736,9999,,rD044,65706686,100.00,,
64.924149736,2782343,,rFF44,65704296,100.00,,
64.924149736,626928094,,instructions,65700856,100.00,2.59,insn per cycle
64.924149736,241658981,,cycles,65697696,100.00,,
65.024336083,8580,,rD044,68809222,100.00,,
65.024336083,2903245,,rFF44,68811682,100.00,,
65.024336083,664660287,,instructions,68814892,100.00,2.62,insn per cycle
65.024336083,253836655,,cycles,68818292,100.00,,
65.124530081,9614,,rD044,65678569,100.00,,
65.124530081,2783997,,rFF44,65673659,100.00,,
65.124530081,628854261,,instructions,65670449,100.00,2.60,insn per cycle
65.124530081,241590386,,cycles,65667049,100.00,,
65.224713758,9298,,rD044,68467964,100.00,,
65.224713758,2854003,,rFF44,68472504,100.00,,
65.224713758,663532862,,instructions,68476044,100.00,2.63,insn per cycle
65.224713758,252538238,,cycles,68479194,100.00,,
65.324907546,9385,,rD044,65001902,100.00,,
65.324907546,2756034,,rFF44,65002462,100.00,,
65.324907546,637005963,,instructions,65002192,100.00,2.67,insn per cycle
65.324907546,238991591,,cycles,65001972,100.00,,
65.425104063,8765,,rD044,69571388,100.00,,
65.425104063,2865118,,rFF44,69571348,100.00,,
65.425104063,671919576,,instructions,69571018,100.00,2.62,insn per cycle
65.425104063,256730560,,cycles,69571528,100.00,,
65.525297521,9858,,rD044,65039263,100.00,,
65.525297521,2724115,,rFF44,65039263,100.00,,
65.525297521,633383600,,instructions,65039463,100.00,2.65,insn per cycle
65.525297521,239131035,,cycles,65039123,100.00,,
65.625491018,8901,,rD044,69517390,100.00,,
65.625491018,2856704,,rFF44,69517400,100.00,,
65.625491018,672356586,,instructions,69517540,100.00,2.62,insn per cycle
65.625491018,256505333,,cycles,69517560,100.00,,
65.725684596,9775,,rD044,65155554,100.00,,
65.725684596,2774793,,rFF44,65155454,100.00,,
65.725684596,623511046,,instructions,65155374,100.00,2.60,insn per cycle
65.725684596,239557775,,cycles,65155404,100.00,,
65.825879614,8674,,rD044,69504565,100.00,,
65.825879614,3145379,,rFF44,69504705,100.00,,
65.825879614,664719115,,instructions,69504285,100.00,2.59,insn per cycle
65.825879614,256478784,,cycles,69504065,100.00,,
65.926072321,9567,,rD044,66395164,100.00,,
65.926072321,2963863,,rFF44,66390054,100.00,,
65.926072321,621773451,,instructions,66387274,100.00,2.54,insn per cycle
65.926072321,244428193,,cycles,66384344,100.00,,
66.026257229,9481,,rD044,67824431,100.00,,
66.026257229,2930960,,rFF44,67829241,100.00,,
66.026257229,658884513,,instructions,67831961,100.00,2.64,insn per cycle
66.026257229,249928535,,cycles,67835391,100.00,,
66.126448606,8534,,rD044,68131749,100.00,,
66.126448606,3029576,,rFF44,68133209,100.00,,
66.126448606,646629684,,instructions,68133949,100.00,2.57,insn per cycle
66.126448606,251199947,,cycles,68133509,100.00,,
66.226642634,9612,,rD044,66718815,100.00,,
66.226642634,2958532,,rFF44,66712545,100.00,,
66.226642634,613372309,,instructions,66709085,100.00,2.50,insn per cycle
66.226642634,245547733,,cycles,66712965,100.00,,
66.326836331,9015,,rD044,69464291,100.00,,
66.326836331,3171888,,rFF44,69469591,100.00,,
66.326836331,635380655,,instructions,69473081,100.00,2.48,insn per cycle
66.326836331,256297816,,cycles,69469351,100.00,,
66.427027929,8819,,rD044,69108812,100.00,,
66.427027929,2975600,,rFF44,69103512,100.00,,
66.427027929,676887101,,instructions,69100022,100.00,2.66,insn per cycle
66.427027929,254922871,,cycles,69096882,100.00,,
66.527210516,9928,,rD044,65819671,100.00,,
66.527210516,2897268,,rFF44,65824651,100.00,,
66.527210516,639778589,,instructions,65827701,100.00,2.64,insn per cycle
66.527210516,242107256,,cycles,65831071,100.00,,
66.627401654,8803,,rD044,69004951,100.00,,
66.627401654,2983538,,rFF44,69004951,100.00,,
66.627401654,665875882,,instructions,69001901,100.00,2.62,insn per cycle
66.627401654,254517851,,cycles,68998531,100.00,,
66.727592201,10034,,rD044,66392860,100.00,,
66.727592201,2993551,,rFF44,66387880,100.00,,
66.727592201,614768882,,instructions,66387880,100.00,2.52,insn per cycle
66.727592201,244227122,,cycles,66387880,100.00,,
66.827773029,9234,,rD044,69408671,100.00,,
66.827773029,3116994,,rFF44,69413671,100.00,,
66.827773029,642075422,,instructions,69417121,100.00,2.51,insn per cycle
66.827773029,256029566,,cycles,69420561,100.00,,
66.927982437,8946,,rD044,69838617,100.00,,
66.927982437,3147277,,rFF44,69838777,100.00,,
66.927982437,648941431,,instructions,69838697,100.00,2.52,insn per cycle
66.927982437,257651327,,cycles,69838147,100.00,,
67.028175484,9082,,rD044,69613690,100.00,,
67.028175484,3097692,,rFF44,69613540,100.00,,
67.028175484,641446909,,instructions,69613380,100.00,2.50,insn per cycle
67.028175484,256785796,,cycles,69614020,100.00,,
67.128368132,9519,,rD044,67397548,100.00,,
67.128368132,3018530,,rFF44,67392538,100.00,,
67.128368132,618338623,,instructions,67389328,100.00,2.49,insn per cycle
67.128368132,248195555,,cycles,67385798,100.00,,
67.228553219,9889,,rD044,67400998,100.00,,
67.228553219,3033811,,rFF44,67400998,100.00,,
67.228553219,616076966,,instructions,67400998,100.00,2.48,insn per cycle
67.228553219,248210569,,cycles,67400998,100.00,,
67.328735237,8768,,rD044,70661244,100.00,,
67.328735237,3297941,,rFF44,70661244,100.00,,
67.328735237,619544979,,instructions,70661244,100.00,2.37,insn per cycle
67.328735237,260913856,,cycles,70661244,100.00,,
67.428920844,8745,,rD044,71972968,100.00,,
67.428920844,3072268,,rFF44,71972968,100.00,,
67.428920844,623539709,,instructions,71972968,100.00,2.34,insn per cycle
67.428920844,266005343,,cycles,71972968,100.00,,
67.529107051,8941,,rD044,69631259,100.00,,
67.529107051,2993641,,rFF44,69631259,100.00,,
67.529107051,617765760,,instructions,69631259,100.00,2.40,insn per cycle
67.529107051,256887082,,cycles,69631259,100.00,,
67.629287659,8993,,rD044,70747463,100.00,,
67.629287659,3144169,,rFF44,70752373,100.00,,
67.629287659,599528945,,instructions,70755493,100.00,2.30,insn per cycle
67.629287659,261195078,,cycles,70758313,100.00,,
67.729478866,9461,,rD044,69685327,100.00,,
67.729478866,3056702,,rFF44,69685527,100.00,,
67.729478866,604093619,,instructions,69685527,100.00,2.35,insn per cycle
67.729478866,257104620,,cycles,69685747,100.00,,
67.829673574,9512,,rD044,69728795,100.00,,
67.829673574,3089981,,rFF44,69728645,100.00,,
67.829673574,587631941,,instructions,69728745,100.00,2.28,insn per cycle
67.829673574,257279019,,cycles,69728775,100.00,,
67.929865241,8956,,rD044,69398830,100.00,,
67.929865241,3065885,,rFF44,69398900,100.00,,
67.929865241,596898644,,instructions,69399230,100.00,2.33,insn per cycle
67.929865241,256013178,,cycles,69399560,100.00,,
68.030058959,9053,,rD044,69862263,100.00,,
68.030058959,3084152,,rFF44,69857233,100.00,,
68.030058959,594334833,,instructions,69853683,100.00,2.31,insn per cycle
68.030058959,257772219,,cycles,69850283,100.00,,
68.130241817,8787,,rD044,70906941,100.00,,
68.130241817,3104659,,rFF44,70910531,100.00,,
68.130241817,612641441,,instructions,70910531,100.00,2.34,insn per cycle
68.130241817,261907556,,cycles,70910531,100.00,,
68.230434244,9298,,rD044,68041107,100.00,,
68.230434244,3075426,,rFF44,68042177,100.00,,
68.230434244,616107423,,instructions,68044967,100.00,2.46,insn per cycle
68.230434244,250731050,,cycles,68048187,100.00,,
68.330627862,8735,,rD044,69716851,100.00,,
68.330627862,3091996,,rFF44,69712191,100.00,,
68.330627862,597480463,,instructions,69709401,100.00,2.32,insn per cycle
68.330627862,257243467,,cycles,69706181,100.00,,
68.430830239,8289,,rD044,72159346,100.00,,
68.430830239,3513447,,rFF44,72159346,100.00,,
68.430830239,612619195,,instructions,72159346,100.00,2.30,insn per cycle
68.430830239,266829979,,cycles,72159346,100.00,,
68.531014417,9648,,rD044,66682378,100.00,,
68.531014417,3223585,,rFF44,66682378,100.00,,
68.531014417,605930177,,instructions,66682378,100.00,2.47,insn per cycle
68.531014417,245381004,,cycles,66682378,100.00,,
68.631198364,7771,,rD044,73999002,100.00,,
68.631198364,3724674,,rFF44,74003822,100.00,,
68.631198364,610284767,,instructions,74006962,100.00,2.23,insn per cycle
68.631198364,273931741,,cycles,74010402,100.00,,
68.731391572,8839,,rD044,69677461,100.00,,
68.731391572,3169076,,rFF44,69678111,100.00,,
68.731391572,606162337,,instructions,69678191,100.00,2.36,insn per cycle
68.731391572,257054046,,cycles,69677841,100.00,,
68.831586659,9323,,rD044,69896665,100.00,,
68.831586659,3237076,,rFF44,69896285,100.00,,
68.831586659,600285867,,instructions,69896205,100.00,2.33,insn per cycle
68.831586659,257913194,,cycles,69896505,100.00,,
68.931779577,8874,,rD044,69594886,100.00,,
68.931779577,3251915,,rFF44,69594256,100.00,,
68.931779577,587501583,,instructions,69594296,100.00,2.29,insn per cycle
68.931779577,256785978,,cycles,69594016,100.00,,
69.031987115,8581,,rD044,70403762,100.00,,
69.031987115,3208142,,rFF44,70403982,100.00,,
69.031987115,606775440,,instructions,70403552,100.00,2.33,insn per cycle
69.031987115,259923909,,cycles,70403472,100.00,,
69.132183522,8824,,rD044,68866500,100.00,,
69.132183522,3152679,,rFF44,68867041,100.00,,
69.132183522,614921943,,instructions,68867331,100.00,2.42,insn per cycle
69.132183522,253966045,,cycles,68867341,100.00,,
69.232375740,8738,,rD044,68234470,100.00,,
69.232375740,3075571,,rFF44,68234519,100.00,,
69.232375740,622008075,,instructions,68235069,100.00,2.47,insn per cycle
69.232375740,251727512,,cycles,68235099,100.00,,
69.332570867,8623,,rD044,69365639,100.00,,
69.332570867,3137807,,rFF44,69366309,100.00,,
69.332570867,619023765,,instructions,69366159,100.00,2.42,insn per cycle
69.332570867,255966143,,cycles,69366019,100.00,,
69.432764865,8157,,rD044,69356287,100.00,,
69.432764865,3097266,,rFF44,69354927,100.00,,
69.432764865,626143261,,instructions,69355047,100.00,2.45,insn per cycle
69.432764865,255935275,,cycles,69355247,100.00,,
69.532971673,8209,,rD044,69351016,100.00,,
69.532971673,3154397,,rFF44,69351536,100.00,,
69.532971673,621269307,,instructions,69351826,100.00,2.43,insn per cycle
69.532971673,255936201,,cycles,69351766,100.00,,
69.633166250,8618,,rD044,69487465,100.00,,
69.633166250,3165321,,rFF44,69487245,100.00,,
69.633166250,628108412,,instructions,69486745,100.00,2.45,insn per cycle
69.633166250,256429965,,cycles,69487095,100.00,,
69.733360248,8372,,rD044,69343427,100.00,,
69.733360248,3050617,,rFF44,69343957,100.00,,
69.733360248,607710070,,instructions,69344397,100.00,2.37,insn per cycle
69.733360248,255903740,,cycles,69343897,100.00,,
69.833554965,8384,,rD044,69514158,100.00,,
69.833554965,2973595,,rFF44,69513438,100.00,,
69.833554965,616517425,,instructions,69512338,100.00,2.40,insn per cycle
69.833554965,256532565,,cycles,69512539,100.00,,
69.933747293,8260,,rD044,69332498,100.00,,
69.933747293,2895840,,rFF44,69333118,100.00,,
69.933747293,627805055,,instructions,69333378,100.00,2.45,insn per cycle
69.933747293,255864311,,cycles,69333437,100.00,,
70.033953801,8194,,rD044,69362644,100.00,,
70.033953801,3075415,,rFF44,69361774,100.00,,
70.033953801,625551412,,instructions,69361834,100.00,2.44,insn per cycle
70.033953801,255962320,,cycles,69361544,100.00,,
70.134146688,8244,,rD044,69379628,100.00,,
70.134146688,2989163,,rFF44,69380248,100.00,,
70.134146688,613401309,,instructions,69380408,100.00,2.40,insn per cycle
70.134146688,256018693,,cycles,69380938,100.00,,
70.234329056,8389,,rD044,69420638,100.00,,
70.234329056,3311325,,rFF44,69420098,100.00,,
70.234329056,590445947,,instructions,69420038,100.00,2.30,insn per cycle
70.234329056,256183769,,cycles,69419748,100.00,,
70.334520273,8096,,rD044,70224510,100.00,,
70.334520273,3366557,,rFF44,70219990,100.00,,
70.334520273,576940978,,instructions,70216880,100.00,2.23,insn per cycle
70.334520273,259283876,,cycles,70213750,100.00,,
70.434701401,9492,,rD044,68471720,100.00,,
70.434701401,3075515,,rFF44,68476710,100.00,,
70.434701401,625988305,,instructions,68480030,100.00,2.48,insn per cycle
70.434701401,252487250,,cycles,68483360,100.00,,
70.534895948,8553,,rD044,69301899,100.00,,
70.534895948,2964618,,rFF44,69301959,100.00,,
70.534895948,654210199,,instructions,69301669,100.00,2.56,insn per cycle
70.534895948,255711817,,cycles,69301549,100.00,,
70.635091576,8722,,rD044,67763660,100.00,,
70.635091576,2789635,,rFF44,67761870,100.00,,
70.635091576,645344241,,instructions,67758840,100.00,2.58,insn per cycle
70.635091576,249739710,,cycles,67755630,100.00,,
70.735283213,9525,,rD044,66389473,100.00,,
70.735283213,2772485,,rFF44,66390903,100.00,,
70.735283213,637639511,,instructions,66393943,100.00,2.61,insn per cycle
70.735283213,244402996,,cycles,66397003,100.00,,
70.835478541,8692,,rD044,69423277,100.00,,
70.835478541,2971894,,rFF44,69423587,100.00,,
70.835478541,655419789,,instructions,69424017,100.00,2.56,insn per cycle
70.835478541,256170888,,cycles,69424007,100.00,,
70.935674068,9867,,rD044,66130033,100.00,,
70.935674068,2944616,,rFF44,66129743,100.00,,
70.935674068,610655507,,instructions,66130073,100.00,2.51,insn per cycle
70.935674068,243395071,,cycles,66127023,100.00,,
71.035867786,8953,,rD044,68132890,100.00,,
71.035867786,2812852,,rFF44,68133070,100.00,,
71.035867786,664015198,,instructions,68132640,100.00,2.64,insn per cycle
71.035867786,251168597,,cycles,68136090,100.00,,
71.136063034,9512,,rD044,65049752,100.00,,
71.136063034,2680803,,rFF44,65050122,100.00,,
71.136063034,634883051,,instructions,65050092,100.00,2.65,insn per cycle
71.136063034,239180974,,cycles,65049932,100.00,,
71.236259881,9020,,rD044,67795089,100.00,,
71.236259881,2889496,,rFF44,67794849,100.00,,
71.236259881,662738373,,instructions,67794739,100.00,2.65,insn per cycle
71.236259881,249887975,,cycles,67794609,100.00,,
71.336457259,10215,,rD044,64277689,100.00,,
71.336457259,2716613,,rFF44,64277389,100.00,,
71.336457259,628464655,,instructions,64277359,100.00,2.66,insn per cycle
71.336457259,236280237,,cycles,64277229,100.00,,
71.436650406,8664,,rD044,68902814,100.00,,
71.436650406,2946504,,rFF44,68902884,100.00,,
71.436650406,661814514,,instructions,68903204,100.00,2.60,insn per cycle
71.436650406,254231117,,cycles,68903204,100.00,,
71.536841614,8578,,rD044,68701523,100.00,,
71.536841614,3188236,,rFF44,68701943,100.00,,
71.536841614,638202504,,instructions,68698423,100.00,2.52,insn per cycle
71.536841614,253421483,,cycles,68695393,100.00,,
71.637036181,9356,,rD044,66928596,100.00,,
71.637036181,3161082,,rFF44,66923386,100.00,,
71.637036181,622354082,,instructions,66923386,100.00,2.53,insn per cycle
71.637036181,246402602,,cycles,66923386,100.00,,
71.737220359,9605,,rD044,68300530,100.00,,
71.737220359,3169482,,rFF44,68305620,100.00,,
71.737220359,629268258,,instructions,68308810,100.00,2.50,insn per cycle
71.737220359,251797997,,cycles,68312470,100.00,,
71.837413436,9122,,rD044,69394935,100.00,,
71.837413436,3198117,,rFF44,69394655,100.00,,
71.837413436,647871916,,instructions,69394715,100.00,2.53,insn per cycle
71.837413436,256020532,,cycles,69393735,100.00,,
71.937604754,9088,,rD044,66656913,100.00,,
71.937604754,2960193,,rFF44,66656863,100.00,,
71.937604754,636101150,,instructions,66656683,100.00,2.59,insn per cycle
71.937604754,245462146,,cycles,66654003,100.00,,
72.037801492,9464,,rD044,67720063,100.00,,
72.037801492,2973829,,rFF44,67720363,100.00,,
72.037801492,639354663,,instructions,67720843,100.00,2.56,insn per cycle
72.037801492,249537870,,cycles,67723983,100.00,,
72.138009679,9061,,rD044,67387592,100.00,,
72.138009679,3042032,,rFF44,67382532,100.00,,
72.138009679,638091427,,instructions,67378982,100.00,2.57,insn per cycle
72.138009679,248245165,,cycles,67375842,100.00,,
72.238197967,9554,,rD044,66727197,100.00,,
72.238197967,3006232,,rFF44,66732007,100.00,,
72.238197967,629461234,,instructions,66734877,100.00,2.56,insn per cycle
72.238197967,245732518,,cycles,66737917,100.00,,
72.338391134,8884,,rD044,69444917,100.00,,
72.338391134,3079624,,rFF44,69445017,100.00,,
72.338391134,589913404,,instructions,69446227,100.00,2.30,insn per cycle
72.338391134,256220325,,cycles,69446277,100.00,,
72.438584323,8791,,rD044,69486724,100.00,,
72.438584323,3049871,,rFF44,69486814,100.00,,
72.438584323,615011697,,instructions,69485984,100.00,2.40,insn per cycle
72.438584323,256388777,,cycles,69486154,100.00,,
72.538776300,8707,,rD044,68633825,100.00,,
72.538776300,2875041,,rFF44,68628825,100.00,,
72.538776300,668746388,,instructions,68625575,100.00,2.64,insn per cycle
72.538776300,253080344,,cycles,68622315,100.00,,
72.638972248,9477,,rD044,66145985,100.00,,
72.638972248,2939044,,rFF44,66150465,100.00,,
72.638972248,602417245,,instructions,66150465,100.00,2.48,insn per cycle
72.638972248,243397357,,cycles,66150465,100.00,,
72.739162576,8784,,rD044,69111035,100.00,,
72.739162576,3030037,,rFF44,69111325,100.00,,
72.739162576,652255077,,instructions,69114415,100.00,2.56,insn per cycle
72.739162576,254964298,,cycles,69117635,100.00,,
72.839356264,9093,,rD044,69279693,100.00,,
72.839356264,3102772,,rFF44,69280113,100.00,,
72.839356264,616315407,,instructions,69280153,100.00,2.41,insn per cycle
72.839356264,255615661,,cycles,69280213,100.00,,
72.939549552,8899,,rD044,67157110,100.00,,
72.939549552,3137499,,rFF44,67151920,100.00,,
72.939549552,621153153,,instructions,67148790,100.00,2.51,insn per cycle
72.939549552,247395001,,cycles,67145510,100.00,,
73.039732720,8852,,rD044,69227212,100.00,,
73.039732720,3386741,,rFF44,69227212,100.00,,
73.039732720,620345864,,instructions,69227212,100.00,2.43,insn per cycle
73.039732720,255390882,,cycles,69227212,100.00,,
73.139915978,9118,,rD044,70941643,100.00,,
73.139915978,3428980,,rFF44,70941643,100.00,,
73.139915978,626431182,,instructions,70941643,100.00,2.39,insn per cycle
73.139915978,262020628,,cycles,70941643,100.00,,
73.240098826,9380,,rD044,70413231,100.00,,
73.240098826,3388596,,rFF44,70418151,100.00,,
73.240098826,615923520,,instructions,70421871,100.00,2.37,insn per cycle
73.240098826,259934240,,cycles,70425001,100.00,,
73.340291843,9260,,rD044,69490391,100.00,,
73.340291843,3209145,,rFF44,69490191,100.00,,
73.340291843,581382680,,instructions,69489381,100.00,2.27,insn per cycle
73.340291843,256366584,,cycles,69489311,100.00,,
73.440484971,9293,,rD044,69546865,100.00,,
73.440484971,3136182,,rFF44,69547215,100.00,,
73.440484971,597693733,,instructions,69547565,100.00,2.33,insn per cycle
73.440484971,256599957,,cycles,69547695,100.00,,
73.540678369,8807,,rD044,69643168,100.00,,
73.540678369,3124014,,rFF44,69638098,100.00,,
73.540678369,590214606,,instructions,69634838,100.00,2.30,insn per cycle
73.540678369,256902565,,cycles,69631648,100.00,,
73.640860677,8322,,rD044,71559035,100.00,,
73.640860677,3256525,,rFF44,71559035,100.00,,
73.640860677,615976670,,instructions,71559035,100.00,2.33,insn per cycle
73.640860677,264455137,,cycles,71559035,100.00,,
73.741044375,8399,,rD044,71817480,100.00,,
73.741044375,3336284,,rFF44,71822340,100.00,,
73.741044375,595200291,,instructions,71825500,100.00,2.24,insn per cycle
73.741044375,265411173,,cycles,71828560,100.00,,
73.841237723,9249,,rD044,69520863,100.00,,
73.841237723,3456386,,rFF44,69520813,100.00,,
73.841237723,608044632,,instructions,69520983,100.00,2.37,insn per cycle
73.841237723,256521262,,cycles,69521073,100.00,,
73.941428661,8814,,rD044,69577003,100.00,,
73.941428661,3587082,,rFF44,69576993,100.00,,
73.941428661,586974571,,instructions,69576643,100.00,2.29,insn per cycle
73.941428661,256710977,,cycles,69576993,100.00,,
74.041613229,9010,,rD044,69451464,100.00,,
74.041613229,3596923,,rFF44,69451624,100.00,,
74.041613229,594581014,,instructions,69451774,100.00,2.32,insn per cycle
74.041613229,256236983,,cycles,69451214,100.00,,
74.141823257,8784,,rD044,70509389,100.00,,
74.141823257,3479565,,rFF44,70504429,100.00,,
74.141823257,628684581,,instructions,70501299,100.00,2.42,insn per cycle
74.141823257,260300541,,cycles,70498359,100.00,,
74.242009935,8510,,rD044,70533306,100.00,,
74.242009935,3479238,,rFF44,70533306,100.00,,
74.242009935,629771857,,instructions,70533306,100.00,2.42,insn per cycle
74.242009935,260423053,,cycles,70533306,100.00,,
74.342199122,8691,,rD044,70329693,100.00,,
74.342199122,3517156,,rFF44,70334873,100.00,,
74.342199122,623819177,,instructions,70337893,100.00,2.40,insn per cycle
74.342199122,259882369,,cycles,70340753,100.00,,
74.442390450,8787,,rD044,69683841,100.00,,
74.442390450,3402636,,rFF44,69683541,100.00,,
74.442390450,609881584,,instructions,69684071,100.00,2.37,insn per cycle
74.442390450,257057012,,cycles,69684831,100.00,,
74.542583028,8756,,rD044,69669213,100.00,,
74.542583028,3419647,,rFF44,69669203,100.00,,
74.542583028,609499785,,instructions,69669024,100.00,2.37,insn per cycle
74.542583028,257004744,,cycles,69668314,100.00,,
74.642775096,9342,,rD044,69719190,100.00,,
74.642775096,3415680,,rFF44,69719170,100.00,,
74.642775096,608668504,,instructions,69718759,100.00,2.37,insn per cycle
74.642775096,257192991,,cycles,69719039,100.00,,
74.742983474,8849,,rD044,69825205,100.00,,
74.742983474,3410778,,rFF44,69825325,100.00,,
74.742983474,610330903,,instructions,69825515,100.00,2.37,insn per cycle
74.742983474,257595970,,cycles,69825315,100.00,,
74.843175962,8603,,rD044,71133154,100.00,,
74.843175962,3433774,,rFF44,71128184,100.00,,
74.843175962,627945056,,instructions,71125034,100.00,2.39,insn per cycle
74.843175962,262677534,,cycles,71122044,100.00,,
74.943358470,9239,,rD044,68764763,100.00,,
74.943358470,3172642,,rFF44,68764763,100.00,,
74.943358470,614134633,,instructions,68764763,100.00,2.42,insn per cycle
74.943358470,253460899,,cycles,68764763,100.00,,
75.043543818,7692,,rD044,72485464,100.00,,
75.043543818,3219708,,rFF44,72485464,100.00,,
75.043543818,616638627,,instructions,72485464,100.00,2.30,insn per cycle
75.043543818,267954487,,cycles,72485464,100.00,,
75.143728866,8517,,rD044,70005839,100.00,,
75.143728866,3125095,,rFF44,70010789,100.00,,
75.143728866,591398565,,instructions,70014049,100.00,2.29,insn per cycle
75.143728866,258263821,,cycles,70017059,100.00,,
75.243925094,8876,,rD044,69582659,100.00,,
75.243925094,3086428,,rFF44,69583079,100.00,,
75.243925094,587608539,,instructions,69583039,100.00,2.29,insn per cycle
75.243925094,256602422,,cycles,69583449,100.00,,
75.344119632,8899,,rD044,69482366,100.00,,
75.344119632,3116473,,rFF44,69481926,100.00,,
75.344119632,611977474,,instructions,69481696,100.00,2.39,insn per cycle
75.344119632,256360140,,cycles,69481656,100.00,,
75.444313700,8670,,rD044,69538987,100.00,,
75.444313700,3084067,,rFF44,69539567,100.00,,
75.444313700,618845582,,instructions,69539738,100.00,2.41,insn per cycle
75.444313700,256584822,,cycles,69539628,100.00,,
75.544505578,8611,,rD044,69548065,100.00,,
75.544505578,3093726,,rFF44,69547415,100.00,,
75.544505578,616637182,,instructions,69548244,100.00,2.40,insn per cycle
75.544505578,256640924,,cycles,69548094,100.00,,
75.644700045,8499,,rD044,69477323,100.00,,
75.644700045,3088188,,rFF44,69477523,100.00,,
75.644700045,616987164,,instructions,69476563,100.00,2.41,insn per cycle
75.644700045,256374912,,cycles,69476333,100.00,,
75.744894593,8416,,rD044,69424888,100.00,,
75.744894593,3076887,,rFF44,69424768,100.00,,
75.744894593,617736485,,instructions,69424628,100.00,2.41,insn per cycle
75.744894593,256151256,,cycles,69424908,100.00,,
75.845087931,8911,,rD044,69534505,100.00,,
75.845087931,3082959,,rFF44,69534535,100.00,,
75.845087931,617242402,,instructions,69534885,100.00,2.41,insn per cycle
75.845087931,256540927,,cycles,69534925,100.00,,
75.945281199,8428,,rD044,69464518,100.00,,
75.945281199,3105725,,rFF44,69464808,100.00,,
75.945281199,615774789,,instructions,69465508,100.00,2.40,insn per cycle
75.945281199,256306461,,cycles,69465198,100.00,,
76.045474367,8802,,rD044,69597650,100.00,,
76.045474367,3087588,,rFF44,69597340,100.00,,
76.045474367,617265361,,instructions,69596930,100.00,2.40,insn per cycle
76.045474367,256805705,,cycles,69597320,100.00,,
76.145668435,8711,,rD044,69546088,100.00,,
76.145668435,3114648,,rFF44,69545938,100.00,,
76.145668435,588692660,,instructions,69545558,100.00,2.29,insn per cycle
76.145668435,256629838,,cycles,69545218,100.00,,
76.245861303,7795,,rD044,72189715,100.00,,
76.245861303,3201736,,rFF44,72184915,100.00,,
76.245861303,610697643,,instructions,72181765,100.00,2.29,insn per cycle
76.245861303,266896655,,cycles,72178815,100.00,,
76.346046131,7889,,rD044,71344422,100.00,,
76.346046131,3157963,,rFF44,71348952,100.00,,
76.346046131,601952632,,instructions,71352072,100.00,2.28,insn per cycle
76.346046131,263613536,,cycles,71355013,100.00,,
76.446239129,9780,,rD044,65451519,100.00,,
76.446239129,2931981,,rFF44,65451649,100.00,,
76.446239129,544131289,,instructions,65452099,100.00,2.26,insn per cycle
76.446239129,240810046,,cycles,65452778,100.00,,
76.546435227,7926,,rD044,72207503,100.00,,
76.546435227,3209397,,rFF44,72202843,100.00,,
76.546435227,610449406,,instructions,72199273,100.00,2.29,insn per cycle
76.546435227,267034516,,cycles,72195653,100.00,,
76.646617695,8122,,rD044,70397734,100.00,,
76.646617695,3097721,,rFF44,70402164,100.00,,
76.646617695,593853704,,instructions,70405354,100.00,2.28,insn per cycle
76.646617695,259985696,,cycles,70408244,100.00,,
76.746824913,8560,,rD044,69641955,100.00,,
76.746824913,3071814,,rFF44,69642255,100.00,,
76.746824913,586179243,,instructions,69642345,100.00,2.28,insn per cycle
76.746824913,257001486,,cycles,69642645,100.00,,
76.847016811,8748,,rD044,69618841,100.00,,
76.847016811,3083772,,rFF44,69618761,100.00,,
76.847016811,585011192,,instructions,69618601,100.00,2.28,insn per cycle
76.847016811,256889468,,cycles,69618451,100.00,,
76.947209289,7746,,rD044,71584293,100.00,,
76.947209289,3148360,,rFF44,71585803,100.00,,
76.947209289,605646671,,instructions,71586313,100.00,2.29,insn per cycle
76.947209289,264570301,,cycles,71587323,100.00,,
77.047409537,7834,,rD044,72194074,100.00,,
77.047409537,3171978,,rFF44,72192584,100.00,,
77.047409537,611640875,,instructions,72192464,100.00,2.29,insn per cycle
77.047409537,266870030,,cycles,72191604,100.00,,
77.147603064,8408,,rD044,74067163,100.00,,
77.147603064,3575580,,rFF44,74068023,100.00,,
77.147603064,559719150,,instructions,74067753,100.00,2.04,insn per cycle
77.147603064,274182684,,cycles,74067503,100.00,,
77.247795892,8776,,rD044,69681141,100.00,,
77.247795892,3094261,,rFF44,69691431,100.00,,
77.247795892,584813597,,instructions,69691231,100.00,2.27,insn per cycle
77.247795892,257204895,,cycles,69691891,100.00,,
77.347998560,8548,,rD044,69701146,100.00,,
77.347998560,3100989,,rFF44,69690206,100.00,,
77.347998560,582834721,,instructions,69690426,100.00,2.27,insn per cycle
77.347998560,257179013,,cycles,69690076,100.00,,
77.448191778,8449,,rD044,70380215,100.00,,
77.448191778,2969306,,rFF44,70381775,100.00,,
77.448191778,613088960,,instructions,70382375,100.00,2.36,insn per cycle
77.448191778,259863930,,cycles,70379125,100.00,,
77.548386896,8324,,rD044,70213161,100.00,,
77.548386896,2874758,,rFF44,70206721,100.00,,
77.548386896,614168386,,instructions,70202861,100.00,2.37,insn per cycle
77.548386896,259163453,,cycles,70202861,100.00,,
77.648570584,8679,,rD044,70306620,100.00,,
77.648570584,2876820,,rFF44,70306620,100.00,,
77.648570584,615745967,,instructions,70306620,100.00,2.37,insn per cycle
77.648570584,259565982,,cycles,70306620,100.00,,
77.748754962,8233,,rD044,70320589,100.00,,
77.748754962,2880849,,rFF44,70320589,100.00,,
77.748754962,614965678,,instructions,70320589,100.00,2.37,insn per cycle
77.748754962,259652660,,cycles,70320589,100.00,,
77.848958850,8010,,rD044,70334131,100.00,,
77.848958850,2897649,,rFF44,70339211,100.00,,
77.848958850,615407907,,instructions,70342911,100.00,2.37,insn per cycle
77.848958850,259676859,,cycles,70342911,100.00,,
77.949132428,8364,,rD044,70562281,100.00,,
77.949132428,2936120,,rFF44,70557201,100.00,,
77.949132428,615253782,,instructions,70553501,100.00,2.36,insn per cycle
77.949132428,260455687,,cycles,70553501,100.00,,
78.049294565,8793,,rD044,69839874,100.00,,
78.049294565,2883958,,rFF44,69844434,100.00,,
78.049294565,607572232,,instructions,69847444,100.00,2.36,insn per cycle
78.049294565,257736363,,cycles,69850934,100.00,,
78.149471393,8868,,rD044,69786389,100.00,,
78.149471393,2867604,,rFF44,69786459,100.00,,
78.149471393,605781589,,instructions,69786639,100.00,2.35,insn per cycle
78.149471393,257539366,,cycles,69786319,100.00,,
78.249644911,8540,,rD044,69542989,100.00,,
78.249644911,2901358,,rFF44,69542979,100.00,,
78.249644911,606766521,,instructions,69543109,100.00,2.36,insn per cycle
78.249644911,256627696,,cycles,69543069,100.00,,
78.349823449,8539,,rD044,69685874,100.00,,
78.349823449,2893603,,rFF44,69686054,100.00,,
78.349823449,603766600,,instructions,69686124,100.00,2.35,insn per cycle
78.349823449,257110998,,cycles,69685904,100.00,,
78.449999616,9197,,rD044,69673953,100.00,,
78.449999616,2887072,,rFF44,69673943,100.00,,
78.449999616,606533252,,instructions,69673743,100.00,2.36,insn per cycle
78.449999616,257121992,,cycles,69673973,100.00,,
78.550174894,8554,,rD044,69494937,100.00,,
78.550174894,2952213,,rFF44,69494617,100.00,,
78.550174894,580141964,,instructions,69494547,100.00,2.26,insn per cycle
78.550174894,256410816,,cycles,69494787,100.00,,
78.650348802,7972,,rD044,72777240,100.00,,
78.650348802,3105311,,rFF44,72772770,100.00,,
78.650348802,611120320,,instructions,72769650,100.00,2.27,insn per cycle
78.650348802,269158072,,cycles,72766270,100.00,,
78.750515630,8519,,rD044,70525999,100.00,,
78.750515630,3042298,,rFF44,70530309,100.00,,
78.750515630,589176368,,instructions,70533599,100.00,2.26,insn per cycle
78.750515630,260416010,,cycles,70536619,100.00,,
78.850689857,8577,,rD044,69409244,100.00,,
78.850689857,2968234,,rFF44,69409764,100.00,,
78.850689857,576977213,,instructions,69409604,100.00,2.25,insn per cycle
78.850689857,256109163,,cycles,69409854,100.00,,
78.950864815,8298,,rD044,70229360,100.00,,
78.950864815,3011803,,rFF44,70224530,100.00,,
78.950864815,586069653,,instructions,70221400,100.00,2.26,insn per cycle
78.950864815,259265839,,cycles,70218130,100.00,,
79.051033693,8352,,rD044,73264089,100.00,,
79.051033693,3452735,,rFF44,73269099,100.00,,
79.051033693,581128398,,instructions,73272269,100.00,2.14,insn per cycle
79.051033693,271065673,,cycles,73275519,100.00,,
79.151216550,7710,,rD044,72691849,100.00,,
79.151216550,3094165,,rFF44,72686839,100.00,,
79.151216550,607697085,,instructions,72683669,100.00,2.26,insn per cycle
79.151216550,268859563,,cycles,72687039,100.00,,
79.251391668,8358,,rD044,70665311,100.00,,
79.251391668,3048289,,rFF44,70669941,100.00,,
79.251391668,588971118,,instructions,70673291,100.00,2.26,insn per cycle
79.251391668,260914013,,cycles,70670191,100.00,,
79.351572436,8752,,rD044,69657457,100.00,,
79.351572436,3022411,,rFF44,69657607,100.00,,
79.351572436,579303750,,instructions,69657287,100.00,2.25,insn per cycle
79.351572436,257043757,,cycles,69657157,100.00,,
79.451747004,8622,,rD044,70367565,100.00,,
79.451747004,3021033,,rFF44,70362785,100.00,,
79.451747004,585527029,,instructions,70359755,100.00,2.25,insn per cycle
79.451747004,259782960,,cycles,70356365,100.00,,
79.551932512,7755,,rD044,73120521,100.00,,
79.551932512,3139870,,rFF44,73124991,100.00,,
79.551932512,611718978,,instructions,73127821,100.00,2.26,insn per cycle
79.551932512,270500448,,cycles,73130761,100.00,,
79.652113009,8910,,rD044,69539572,100.00,,
79.652113009,3020522,,rFF44,69540222,100.00,,
79.652113009,577990899,,instructions,69540242,100.00,2.25,insn per cycle
79.652113009,256588394,,cycles,69540292,100.00,,
79.752287367,8409,,rD044,69543269,100.00,,
79.752287367,3020233,,rFF44,69543129,100.00,,
79.752287367,579964079,,instructions,69543369,100.00,2.26,insn per cycle
79.752287367,256605016,,cycles,69543669,100.00,,
79.852463355,8518,,rD044,69489966,100.00,,
79.852463355,3051978,,rFF44,69489346,100.00,,
79.852463355,602550748,,instructions,69489606,100.00,2.35,insn per cycle
79.852463355,256385881,,cycles,69489356,100.00,,
79.952634782,8864,,rD044,69680789,100.00,,
79.952634782,3117215,,rFF44,69676429,100.00,,
79.952634782,608450204,,instructions,69673079,100.00,2.37,insn per cycle
79.952634782,257081751,,cycles,69670039,100.00,,
80.052802430,8510,,rD044,69720260,100.00,,
80.052802430,3056189,,rFF44,69724490,100.00,,
80.052802430,611679992,,instructions,69728130,100.00,2.38,insn per cycle
80.052802430,257293417,,cycles,69730680,100.00,,
80.152994198,8474,,rD044,69816147,100.00,,
80.152994198,3046525,,rFF44,69817017,100.00,,
80.152994198,611875203,,instructions,69816397,100.00,2.37,insn per cycle
80.152994198,257787029,,cycles,69816727,100.00,,
80.253165736,8637,,rD044,69996034,100.00,,
80.253165736,3053694,,rFF44,69995904,100.00,,
80.253165736,611327931,,instructions,69995984,100.00,2.37,insn per cycle
80.253165736,258357088,,cycles,69993104,100.00,,
80.353342013,8340,,rD044,69709989,100.00,,
80.353342013,3034423,,rFF44,69705019,100.00,,
80.353342013,611487740,,instructions,69701919,100.00,2.38,insn per cycle
80.353342013,257259037,,cycles,69701919,100.00,,
80.453506841,8414,,rD044,69948847,100.00,,
80.453506841,3050952,,rFF44,69948847,100.00,,
80.453506841,611881055,,instructions,69948847,100.00,2.37,insn per cycle
80.453506841,258160438,,cycles,69948847,100.00,,
80.553675549,8737,,rD044,70087601,100.00,,
80.553675549,3075718,,rFF44,70087601,100.00,,
80.553675549,612262442,,instructions,70087601,100.00,2.37,insn per cycle
80.553675549,258672426,,cycles,70087601,100.00,,
80.653839286,8548,,rD044,70143146,100.00,,
80.653839286,3068823,,rFF44,70143146,100.00,,
80.653839286,612449253,,instructions,70143146,100.00,2.37,insn per cycle
80.653839286,258927569,,cycles,70143146,100.00,,
80.754005454,8820,,rD044,70188225,100.00,,
80.754005454,3064200,,rFF44,70188225,100.00,,
80.754005454,611944821,,instructions,70188225,100.00,2.36,insn per cycle
80.754005454,259088737,,cycles,70188225,100.00,,
80.854169162,8786,,rD044,69626921,100.00,,
80.854169162,3345029,,rFF44,69631651,100.00,,
80.854169162,577845578,,instructions,69634711,100.00,2.25,insn per cycle
80.854169162,256961424,,cycles,69637771,100.00,,
80.954343049,8370,,rD044,69858566,100.00,,
80.954343049,3045059,,rFF44,69853836,100.00,,
80.954343049,609784079,,instructions,69850776,100.00,2.37,insn per cycle
80.954343049,257809792,,cycles,69847716,100.00,,
81.054511917,8528,,rD044,70127766,100.00,,
81.054511917,3086209,,rFF44,70127766,100.00,,
81.054511917,613533425,,instructions,70127766,100.00,2.37,insn per cycle
81.054511917,258931324,,cycles,70127766,100.00,,
81.154676635,8158,,rD044,70851090,100.00,,
81.154676635,3106194,,rFF44,70851090,100.00,,
81.154676635,614757716,,instructions,70851090,100.00,2.35,insn per cycle
81.154676635,261729892,,cycles,70851090,100.00,,
81.254841112,8352,,rD044,70289155,100.00,,
81.254841112,3102977,,rFF44,70289155,100.00,,
81.254841112,612500266,,instructions,70289155,100.00,2.36,insn per cycle
81.254841112,259515611,,cycles,70289155,100.00,,
81.355005470,8560,,rD044,70186628,100.00,,
81.355005470,3080988,,rFF44,70191238,100.00,,
81.355005470,611500231,,instructions,70195028,100.00,2.36,insn per cycle
81.355005470,259122160,,cycles,70198078,100.00,,
81.455188708,8359,,rD044,69361454,100.00,,
81.455188708,3046116,,rFF44,69361404,100.00,,
81.455188708,602837159,,instructions,69360674,100.00,2.36,insn per cycle
81.455188708,255930843,,cycles,69360704,100.00,,
81.555365525,8711,,rD044,69337826,100.00,,
81.555365525,3047203,,rFF44,69338176,100.00,,
81.555365525,601700419,,instructions,69338216,100.00,2.35,insn per cycle
81.555365525,255842664,,cycles,69338366,100.00,,
81.655540313,8762,,rD044,69292179,100.00,,
81.655540313,3026520,,rFF44,69291949,100.00,,
81.655540313,600708830,,instructions,69292529,100.00,2.35,insn per cycle
81.655540313,255651033,,cycles,69292699,100.00,,
81.755718231,8646,,rD044,69345108,100.00,,
81.755718231,3046364,,rFF44,69345418,100.00,,
81.755718231,604426034,,instructions,69345048,100.00,2.36,insn per cycle
81.755718231,255855641,,cycles,69344368,100.00,,
81.855893448,8917,,rD044,69392449,100.00,,
81.855893448,3056439,,rFF44,69392339,100.00,,
81.855893448,601713944,,instructions,69392579,100.00,2.35,insn per cycle
81.855893448,256059096,,cycles,69393069,100.00,,
81.956068916,8987,,rD044,69527249,100.00,,
81.956068916,3055998,,rFF44,69526949,100.00,,
81.956068916,601820905,,instructions,69526709,100.00,2.35,insn per cycle
81.956068916,256520708,,cycles,69526309,100.00,,
82.056241594,8623,,rD044,69263976,100.00,,
82.056241594,3048161,,rFF44,69264286,100.00,,
82.056241594,599948181,,instructions,69264606,100.00,2.35,insn per cycle
82.056241594,255570718,,cycles,69264926,100.00,,
82.156421372,9013,,rD044,69655286,100.00,,
82.156421372,3057056,,rFF44,69650396,100.00,,
82.156421372,604073190,,instructions,69646766,100.00,2.35,insn per cycle
82.156421372,256998727,,cycles,69643636,100.00,,
82.256586679,8409,,rD044,70581064,100.00,,
82.256586679,3093948,,rFF44,70581064,100.00,,
82.256586679,612908848,,instructions,70581064,100.00,2.35,insn per cycle
82.256586679,260648206,,cycles,70581064,100.00,,
82.356748517,8561,,rD044,71231003,100.00,,
82.356748517,3149486,,rFF44,71234763,100.00,,
82.356748517,615632465,,instructions,71234763,100.00,2.34,insn per cycle
82.356748517,263198091,,cycles,71234763,100.00,,
82.456936225,8530,,rD044,69436016,100.00,,
82.456936225,2888025,,rFF44,69432256,100.00,,
82.456936225,617060101,,instructions,69432256,100.00,2.41,insn per cycle
82.456936225,256140201,,cycles,69432256,100.00,,
82.557101113,8577,,rD044,69446416,100.00,,
82.557101113,2885094,,rFF44,69446416,100.00,,
82.557101113,617321524,,instructions,69446416,100.00,2.41,insn per cycle
82.557101113,256242927,,cycles,69446416,100.00,,
82.657267990,8557,,rD044,71391042,100.00,,
82.657267990,3130889,,rFF44,71396332,100.00,,
82.657267990,618828936,,instructions,71399812,100.00,2.35,insn per cycle
82.657267990,263760097,,cycles,71402792,100.00,,
82.757449508,8717,,rD044,69400283,100.00,,
82.757449508,2923892,,rFF44,69400193,100.00,,
82.757449508,615502509,,instructions,69399643,100.00,2.40,insn per cycle
82.757449508,256083875,,cycles,69399653,100.00,,
82.857622966,8589,,rD044,69617195,100.00,,
82.857622966,2936468,,rFF44,69616675,100.00,,
82.857622966,618787667,,instructions,69617025,100.00,2.41,insn per cycle
82.857622966,256916359,,cycles,69617255,100.00,,
82.957797403,8551,,rD044,69277471,100.00,,
82.957797403,2922525,,rFF44,69289321,100.00,,
82.957797403,615526465,,instructions,69289601,100.00,2.41,insn per cycle
82.957797403,255680753,,cycles,69289831,100.00,,
83.057985221,8733,,rD044,69616770,100.00,,
83.057985221,2922657,,rFF44,69605000,100.00,,
83.057985221,615877929,,instructions,69604610,100.00,2.40,insn per cycle
83.057985221,256817706,,cycles,69604620,100.00,,
83.158166729,9047,,rD044,69576173,100.00,,
83.158166729,2909031,,rFF44,69576523,100.00,,
83.158166729,616569084,,instructions,69576173,100.00,2.40,insn per cycle
83.158166729,256695721,,cycles,69575723,100.00,,
83.258346587,8477,,rD044,69779078,100.00,,
83.258346587,2905131,,rFF44,69778798,100.00,,
83.258346587,620864826,,instructions,69779258,100.00,2.41,insn per cycle
83.258346587,257497062,,cycles,69779368,100.00,,
83.358520725,8428,,rD044,69749507,100.00,,
83.358520725,2894193,,rFF44,69749667,100.00,,
83.358520725,618832629,,instructions,69750077,100.00,2.40,insn per cycle
83.358520725,257393370,,cycles,69750247,100.00,,
83.458694352,8881,,rD044,69624810,100.00,,
83.458694352,2974166,,rFF44,69624570,100.00,,
83.458694352,603630196,,instructions,69624250,100.00,2.35,insn per cycle
83.458694352,256900554,,cycles,69623850,100.00,,
83.558867490,8547,,rD044,69566769,100.00,,
83.558867490,2997920,,rFF44,69566779,100.00,,
83.558867490,602559813,,instructions,69566509,100.00,2.35,insn per cycle
83.558867490,256691118,,cycles,69566529,100.00,,
83.659044808,9013,,rD044,69688712,100.00,,
83.659044808,3010351,,rFF44,69689002,100.00,,
83.659044808,605430916,,instructions,69689182,100.00,2.35,insn per cycle
83.659044808,257125130,,cycles,69689812,100.00,,
83.759218125,8489,,rD044,69713960,100.00,,
83.759218125,2992735,,rFF44,69713580,100.00,,
83.759218125,604157073,,instructions,69713360,100.00,2.35,insn per cycle
83.759218125,257247190,,cycles,69713050,100.00,,
83.859390983,8417,,rD044,69973296,100.00,,
83.859390983,3011248,,rFF44,69968626,100.00,,
83.859390983,606687697,,instructions,69965566,100.00,2.35,insn per cycle
83.859390983,258373333,,cycles,69969116,100.00,,
83.959560511,8306,,rD044,72587466,100.00,,
83.959560511,3040687,,rFF44,72591956,100.00,,
83.959560511,614187003,,instructions,72595216,100.00,2.29,insn per cycle
83.959560511,268435586,,cycles,72591256,100.00,,
84.059733068,8878,,rD044,69500227,100.00,,
84.059733068,2973495,,rFF44,69500727,100.00,,
84.059733068,587347249,,instructions,69500637,100.00,2.29,insn per cycle
84.059733068,256408030,,cycles,69501027,100.00,,
84.159907146,8623,,rD044,69476930,100.00,,
84.159907146,3015202,,rFF44,69476670,100.00,,
84.159907146,600495779,,instructions,69476290,100.00,2.34,insn per cycle
84.159907146,256388314,,cycles,69476160,100.00,,
84.260079054,8400,,rD044,69347677,100.00,,
84.260079054,3012497,,rFF44,69347697,100.00,,
84.260079054,599941950,,instructions,69348057,100.00,2.34,insn per cycle
84.260079054,255908535,,cycles,69348267,100.00,,
84.360252142,8738,,rD044,69364337,100.00,,
84.360252142,3020183,,rFF44,69364127,100.00,,
84.360252142,598017055,,instructions,69363987,100.00,2.34,insn per cycle
84.360252142,255945601,,cycles,69363757,100.00,,
84.460425919,8379,,rD044,69949323,100.00,,
84.460425919,3040146,,rFF44,69944783,100.00,,
84.460425919,604623988,,instructions,69941773,100.00,2.34,insn per cycle
84.460425919,258208747,,cycles,69938713,100.00,,
84.560590167,7821,,rD044,71063762,100.00,,
84.560590167,3076931,,rFF44,71063762,100.00,,
84.560590167,616047148,,instructions,71063762,100.00,2.35,insn per cycle
84.560590167,262545185,,cycles,71063762,100.00,,
84.660759485,8259,,rD044,71060787,100.00,,
84.660759485,3080040,,rFF44,71060787,100.00,,
84.660759485,615893225,,instructions,71060787,100.00,2.35,insn per cycle
84.660759485,262524940,,cycles,71060787,100.00,,
84.760936882,9115,,rD044,69519909,100.00,,
84.760936882,3026941,,rFF44,69524359,100.00,,
84.760936882,603657933,,instructions,69527819,100.00,2.35,insn per cycle
84.760936882,256555734,,cycles,69531099,100.00,,
84.861113890,8755,,rD044,69473349,100.00,,
84.861113890,3026289,,rFF44,69473869,100.00,,
84.861113890,605665157,,instructions,69473409,100.00,2.36,insn per cycle
84.861113890,256358034,,cycles,69473339,100.00,,
84.961287998,8608,,rD044,69540029,100.00,,
84.961287998,3019527,,rFF44,69539779,100.00,,
84.961287998,605521107,,instructions,69539959,100.00,2.36,insn per cycle
84.961287998,256615104,,cycles,69540079,100.00,,
85.061471636,8375,,rD044,69383574,100.00,,
85.061471636,3006383,,rFF44,69383974,100.00,,
85.061471636,603866512,,instructions,69384574,100.00,2.36,insn per cycle
85.061471636,255978287,,cycles,69384784,100.00,,
85.161647023,8840,,rD044,69172776,100.00,,
85.161647023,3000875,,rFF44,69172496,100.00,,
85.161647023,602688879,,instructions,69172186,100.00,2.36,insn per cycle
85.161647023,255211940,,cycles,69171636,100.00,,
85.261821291,8512,,rD044,69418879,100.00,,
85.261821291,3034675,,rFF44,69418569,100.00,,
85.261821291,605684953,,instructions,69418289,100.00,2.36,insn per cycle
85.261821291,256132056,,cycles,69418329,100.00,,
85.361996789,8620,,rD044,69418769,100.00,,
85.361996789,2998163,,rFF44,69419139,100.00,,
85.361996789,606502515,,instructions,69419549,100.00,2.37,insn per cycle
85.361996789,256127925,,cycles,69419459,100.00,,
85.462173087,8598,,rD044,69547863,100.00,,
85.462173087,3018567,,rFF44,69547763,100.00,,
85.462173087,604180504,,instructions,69547363,100.00,2.35,insn per cycle
85.462173087,256608242,,cycles,69547433,100.00,,
85.562353654,8497,,rD044,69797749,100.00,,
85.562353654,3026015,,rFF44,69792949,100.00,,
85.562353654,607924166,,instructions,69789749,100.00,2.36,insn per cycle
85.562353654,257519008,,cycles,69786739,100.00,,
85.662520442,8848,,rD044,70326139,100.00,,
85.662520442,3040232,,rFF44,70326139,100.00,,
85.662520442,614436067,,instructions,70326139,100.00,2.37,insn per cycle
85.662520442,259663822,,cycles,70326139,100.00,,
85.762682930,8016,,rD044,71142031,100.00,,
85.762682930,3109187,,rFF44,71146751,100.00,,
85.762682930,615979187,,instructions,71149841,100.00,2.34,insn per cycle
85.762682930,262890674,,cycles,71152301,100.00,,
85.862861407,8413,,rD044,70761973,100.00,,
85.862861407,3052414,,rFF44,70757253,100.00,,
85.862861407,617510896,,instructions,70754163,100.00,2.36,insn per cycle
85.862861407,261304091,,cycles,70751703,100.00,,
85.963027385,8509,,rD044,70106880,100.00,,
85.963027385,3048349,,rFF44,70111280,100.00,,
85.963027385,610253900,,instructions,70114490,100.00,2.36,insn per cycle
85.963027385,258754686,,cycles,70117280,100.00,,
86.063210423,8782,,rD044,69780909,100.00,,
86.063210423,3029205,,rFF44,69781489,100.00,,
86.063210423,606393818,,instructions,69781649,100.00,2.35,insn per cycle
86.063210423,257507584,,cycles,69781829,100.00,,
86.163385561,9052,,rD044,70043015,100.00,,
86.163385561,3039911,,rFF44,70043075,100.00,,
86.163385561,607627134,,instructions,70042905,100.00,2.35,insn per cycle
86.163385561,258476492,,cycles,70043285,100.00,,
86.263565488,8847,,rD044,69808560,100.00,,
86.263565488,3033684,,rFF44,69808190,100.00,,
86.263565488,605990818,,instructions,69807900,100.00,2.35,insn per cycle
86.263565488,257597003,,cycles,69807650,100.00,,
86.363743886,8924,,rD044,69807012,100.00,,
86.363743886,3027450,,rFF44,69807102,100.00,,
86.363743886,607000118,,instructions,69807342,100.00,2.36,insn per cycle
86.363743886,257585812,,cycles,69807152,100.00,,
86.463929634,8686,,rD044,69576574,100.00,,
86.463929634,3019799,,rFF44,69576334,100.00,,
86.463929634,605667392,,instructions,69576204,100.00,2.36,insn per cycle
86.463929634,256745254,,cycles,69576364,100.00,,
86.564104922,8491,,rD044,69508095,100.00,,
86.564104922,3016689,,rFF44,69508415,100.00,,
86.564104922,603506192,,instructions,69508676,100.00,2.35,insn per cycle
86.564104922,256488559,,cycles,69508556,100.00,,
86.664277929,8582,,rD044,69861462,100.00,,
86.664277929,3033280,,rFF44,69856622,100.00,,
86.664277929,606944062,,instructions,69853341,100.00,2.35,insn per cycle
86.664277929,257884259,,cycles,69850391,100.00,,
86.764452887,8876,,rD044,69106396,100.00,,
86.764452887,3028335,,rFF44,69112456,100.00,,
86.764452887,600370907,,instructions,69116016,100.00,2.35,insn per cycle
86.764452887,255036081,,cycles,69118937,100.00,,
86.864634555,9003,,rD044,68835161,100.00,,
86.864634555,3036509,,rFF44,68834091,100.00,,
86.864634555,597681494,,instructions,68833871,100.00,2.35,insn per cycle
86.864634555,253934983,,cycles,68834450,100.00,,
86.964822373,8645,,rD044,69537752,100.00,,
86.964822373,2990321,,rFF44,69537402,100.00,,
86.964822373,594305752,,instructions,69537572,100.00,2.32,insn per cycle
86.964822373,256529565,,cycles,69537382,100.00,,
87.064997971,8636,,rD044,69681595,100.00,,
87.064997971,2864235,,rFF44,69681735,100.00,,
87.064997971,598305653,,instructions,69681605,100.00,2.33,insn per cycle
87.064997971,257037022,,cycles,69681585,100.00,,
87.165180658,8158,,rD044,71948286,100.00,,
87.165180658,2941467,,rFF44,71943506,100.00,,
87.165180658,611822528,,instructions,71940126,100.00,2.30,insn per cycle
87.165180658,265851881,,cycles,71943476,100.00,,
87.265360506,7973,,rD044,71408226,100.00,,
87.265360506,2934005,,rFF44,71413036,100.00,,
87.265360506,606261834,,instructions,71416336,100.00,2.30,insn per cycle
87.265360506,263745448,,cycles,71413326,100.00,,
87.365533274,9059,,rD044,69507811,100.00,,
87.365533274,2888865,,rFF44,69507881,100.00,,
87.365533274,587636991,,instructions,69507571,100.00,2.29,insn per cycle
87.365533274,256346400,,cycles,69507031,100.00,,
87.465707932,8502,,rD044,69273947,100.00,,
87.465707932,2860629,,rFF44,69273837,100.00,,
87.465707932,585343321,,instructions,69274387,100.00,2.29,insn per cycle
87.465707932,255475072,,cycles,69274677,100.00,,
87.565881409,8329,,rD044,71395541,100.00,,
87.565881409,2951570,,rFF44,71390771,100.00,,
87.565881409,608205116,,instructions,71387231,100.00,2.31,insn per cycle
87.565881409,263719571,,cycles,71383851,100.00,,
87.666043597,8118,,rD044,71128503,100.00,,
87.666043597,2921366,,rFF44,71132563,100.00,,
87.666043597,604131341,,instructions,71136243,100.00,2.30,insn per cycle
87.666043597,262764484,,cycles,71139383,100.00,,
87.766218405,8932,,rD044,69392248,100.00,,
87.766218405,2862846,,rFF44,69392248,100.00,,
87.766218405,585743777,,instructions,69391888,100.00,2.29,insn per cycle
87.766218405,255962969,,cycles,69392148,100.00,,
87.866390032,8759,,rD044,69415309,100.00,,
87.866390032,2920204,,rFF44,69415839,100.00,,
87.866390032,582498371,,instructions,69415789,100.00,2.28,insn per cycle
87.866390032,256036848,,cycles,69415979,100.00,,
87.966563230,8038,,rD044,72215060,100.00,,
87.966563230,2963121,,rFF44,72210470,100.00,,
87.966563230,613932417,,instructions,72207200,100.00,2.30,insn per cycle
87.966563230,266898558,,cycles,72203610,100.00,,
88.066726978,8585,,rD044,71246053,100.00,,
88.066726978,3043823,,rFF44,71250783,100.00,,
88.066726978,585949299,,instructions,71254063,100.00,2.23,insn per cycle
88.066726978,263141539,,cycles,71257573,100.00,,
88.166901705,8705,,rD044,70037468,100.00,,
88.166901705,3158058,,rFF44,70037448,100.00,,
88.166901705,569496281,,instructions,70034168,100.00,2.20,insn per cycle
88.166901705,258478306,,cycles,70030658,100.00,,
88.267080513,8704,,rD044,73236333,100.00,,
88.267080513,3285614,,rFF44,73236263,100.00,,
88.267080513,601865101,,instructions,73239443,100.00,2.22,insn per cycle
88.267080513,270933522,,cycles,73242643,100.00,,
88.367254661,9134,,rD044,69144046,100.00,,
88.367254661,3112133,,rFF44,69144106,100.00,,
88.367254661,560999234,,instructions,69144336,100.00,2.20,insn per cycle
88.367254661,255071675,,cycles,69144706,100.00,,
88.467430129,7921,,rD044,73925381,100.00,,
88.467430129,3324468,,rFF44,73925301,100.00,,
88.467430129,610641210,,instructions,73924861,100.00,2.23,insn per cycle
88.467430129,273608711,,cycles,73924501,100.00,,
88.567605406,9293,,rD044,69433881,100.00,,
88.567605406,3133252,,rFF44,69434371,100.00,,
88.567605406,566096653,,instructions,69435091,100.00,2.21,insn per cycle
88.567605406,256198491,,cycles,69434671,100.00,,
88.667780324,8466,,rD044,73473962,100.00,,
88.667780324,3290146,,rFF44,73468852,100.00,,
88.667780324,605593235,,instructions,73465162,100.00,2.23,insn per cycle
88.667780324,271857506,,cycles,73462372,100.00,,
88.767959712,9042,,rD044,69610935,100.00,,
88.767959712,3163050,,rFF44,69615735,100.00,,
88.767959712,567517192,,instructions,69618985,100.00,2.21,insn per cycle
88.767959712,256842023,,cycles,69621905,100.00,,
88.868132410,8362,,rD044,72179344,100.00,,
88.868132410,3231041,,rFF44,72174544,100.00,,
88.868132410,592229389,,instructions,72171294,100.00,2.22,insn per cycle
88.868132410,266848213,,cycles,72168374,100.00,,
88.968296477,8691,,rD044,70980454,100.00,,
88.968296477,3205653,,rFF44,70985314,100.00,,
88.968296477,582021881,,instructions,70988674,100.00,2.22,insn per cycle
88.968296477,262151200,,cycles,70991734,100.00,,
89.068472365,8575,,rD044,70986472,100.00,,
89.068472365,3236244,,rFF44,70981612,100.00,,
89.068472365,577999281,,instructions,70978252,100.00,2.20,insn per cycle
89.068472365,262246083,,cycles,70975192,100.00,,
89.168636122,8501,,rD044,71975074,100.00,,
89.168636122,3262861,,rFF44,71979854,100.00,,
89.168636122,588879208,,instructions,71982804,100.00,2.21,insn per cycle
89.168636122,266055905,,cycles,71985614,100.00,,
89.268817060,8972,,rD044,70197989,100.00,,
89.268817060,3184376,,rFF44,70193209,100.00,,
89.268817060,570894177,,instructions,70190259,100.00,2.20,insn per cycle
89.268817060,259087092,,cycles,70187449,100.00,,
89.368986008,8480,,rD044,73327701,100.00,,
89.368986008,3350097,,rFF44,73332771,100.00,,
89.368986008,613409134,,instructions,73335831,100.00,2.26,insn per cycle
89.368986008,271283919,,cycles,73339131,100.00,,
89.469163886,9153,,rD044,69368728,100.00,,
89.469163886,3129151,,rFF44,69368548,100.00,,
89.469163886,581696840,,instructions,69368658,100.00,2.27,insn per cycle
89.469163886,255933840,,cycles,69368578,100.00,,
89.569340183,8454,,rD044,70107450,100.00,,
89.569340183,3174310,,rFF44,70102560,100.00,,
89.569340183,588615329,,instructions,70099390,100.00,2.27,insn per cycle
89.569340183,258800105,,cycles,70096170,100.00,,
89.669510141,8131,,rD044,72911247,100.00,,
89.669510141,3294866,,rFF44,72915927,100.00,,
89.669510141,614812089,,instructions,72919187,100.00,2.28,insn per cycle
89.669510141,269704863,,cycles,72922387,100.00,,
89.769687369,9290,,rD044,69533186,100.00,,
89.769687369,3146894,,rFF44,69533186,100.00,,
89.769687369,580675243,,instructions,69533486,100.00,2.26,insn per cycle
89.769687369,256540925,,cycles,69533686,100.00,,
89.869867297,8956,,rD044,70385132,100.00,,
89.869867297,3166627,,rFF44,70380452,100.00,,
89.869867297,592788808,,instructions,70376892,100.00,2.28,insn per cycle
89.869867297,259797114,,cycles,70373492,100.00,,
89.970034524,8181,,rD044,72915570,100.00,,
89.970034524,3272065,,rFF44,72920090,100.00,,
89.970034524,615952553,,instructions,72923180,100.00,2.28,insn per cycle
89.970034524,269759888,,cycles,72925960,100.00,,
90.070208122,9225,,rD044,69549406,100.00,,
90.070208122,3143630,,rFF44,69549346,100.00,,
90.070208122,580789286,,instructions,69549746,100.00,2.26,insn per cycle
90.070208122,256598271,,cycles,69550136,100.00,,
90.170383050,8614,,rD044,70401757,100.00,,
90.170383050,3194076,,rFF44,70397297,100.00,,
90.170383050,590360083,,instructions,70393807,100.00,2.27,insn per cycle
90.170383050,259907479,,cycles,70390637,100.00,,
90.270553318,8159,,rD044,73026851,100.00,,
90.270553318,3282490,,rFF44,73031461,100.00,,
90.270553318,613197305,,instructions,73034481,100.00,2.27,insn per cycle
90.270553318,270142150,,cycles,73038021,100.00,,
90.370727945,9339,,rD044,69692768,100.00,,
90.370727945,3158236,,rFF44,69692698,100.00,,
90.370727945,578434283,,instructions,69692768,100.00,2.25,insn per cycle
90.370727945,257138412,,cycles,69692588,100.00,,
90.470908503,8349,,rD044,71141359,100.00,,
90.470908503,3207996,,rFF44,71141319,100.00,,
90.470908503,596772408,,instructions,71141209,100.00,2.27,insn per cycle
90.470908503,262927043,,cycles,71140429,100.00,,
90.571084231,8519,,rD044,71420064,100.00,,
90.571084231,3241424,,rFF44,71420254,100.00,,
90.571084231,590127391,,instructions,71420464,100.00,2.24,insn per cycle
90.571084231,263868974,,cycles,71421474,100.00,,
90.671260088,9070,,rD044,69606538,100.00,,
90.671260088,3181309,,rFF44,69606638,100.00,,
90.671260088,581758880,,instructions,69606668,100.00,2.27,insn per cycle
90.671260088,256822304,,cycles,69606558,100.00,,
90.771436326,8352,,rD044,73051989,100.00,,
90.771436326,3314694,,rFF44,73047199,100.00,,
90.771436326,616080405,,instructions,73043979,100.00,2.28,insn per cycle
90.771436326,270210457,,cycles,73040499,100.00,,
90.871605294,8917,,rD044,69953792,100.00,,
90.871605294,3151961,,rFF44,69958812,100.00,,
90.871605294,597758025,,instructions,69962642,100.00,2.32,insn per cycle
90.871605294,258194679,,cycles,69965842,100.00,,
90.971781832,8601,,rD044,69382553,100.00,,
90.971781832,3025037,,rFF44,69382393,100.00,,
90.971781832,608036530,,instructions,69381913,100.00,2.37,insn per cycle
90.971781832,256040593,,cycles,69381993,100.00,,
91.071969310,8214,,rD044,69201139,100.00,,
91.071969310,3014756,,rFF44,69201269,100.00,,
91.071969310,608387164,,instructions,69201639,100.00,2.38,insn per cycle
91.071969310,255352222,,cycles,69201259,100.00,,
91.172150797,8295,,rD044,69341378,100.00,,
91.172150797,3020174,,rFF44,69341208,100.00,,
91.172150797,610710995,,instructions,69340578,100.00,2.39,insn per cycle
91.172150797,255868564,,cycles,69340838,100.00,,
91.272325545,8354,,rD044,69365398,100.00,,
91.272325545,3011961,,rFF44,69365388,100.00,,
91.272325545,608244769,,instructions,69365488,100.00,2.38,insn per cycle
91.272325545,255962798,,cycles,69365458,100.00,,
91.372504583,8674,,rD044,69323218,100.00,,
91.372504583,3031887,,rFF44,69322848,100.00,,
91.372504583,607794720,,instructions,69322758,100.00,2.38,insn per cycle
91.372504583,255817385,,cycles,69322688,100.00,,
91.472676801,8710,,rD044,68531315,100.00,,
91.472676801,3023845,,rFF44,68526875,100.00,,
91.472676801,602036970,,instructions,68523775,100.00,2.38,insn per cycle
91.472676801,252808570,,cycles,68520715,100.00,,
91.572839058,8241,,rD044,70329336,100.00,,
91.572839058,3069269,,rFF44,70329336,100.00,,
91.572839058,618196261,,instructions,70329336,100.00,2.38,insn per cycle
91.572839058,259727304,,cycles,70329336,100.00,,
91.673000716,7990,,rD044,70715909,100.00,,
91.673000716,3099291,,rFF44,70715909,100.00,,
91.673000716,617345913,,instructions,70715909,100.00,2.36,insn per cycle
91.673000716,261246486,,cycles,70715909,100.00,,
91.773165353,4586,,rD044,70027887,100.00,,
91.773165353,3000326,,rFF44,70027887,100.00,,
91.773165353,621932698,,instructions,70027887,100.00,2.41,insn per cycle
91.773165353,258345296,,cycles,70027887,100.00,,
91.873334071,2382,,rD044,69805944,100.00,,
91.873334071,2973362,,rFF44,69805944,100.00,,
91.873334071,623101335,,instructions,69805944,100.00,2.42,insn per cycle
91.873334071,257370285,,cycles,69805944,100.00,,
91.973498989,1994,,rD044,70175161,100.00,,
91.973498989,2959556,,rFF44,70175161,100.00,,
91.973498989,623019415,,instructions,70175161,100.00,2.41,insn per cycle
91.973498989,258770197,,cycles,70175161,100.00,,
92.073662496,1932,,rD044,69819572,100.00,,
92.073662496,2930570,,rFF44,69824342,100.00,,
92.073662496,623063682,,instructions,69827862,100.00,2.42,insn per cycle
92.073662496,257377459,,cycles,69831062,100.00,,
92.173835094,2306,,rD044,69349948,100.00,,
92.173835094,2913018,,rFF44,69349988,100.00,,
92.173835094,618184326,,instructions,69349728,100.00,2.42,insn per cycle
92.173835094,255624422,,cycles,69350078,100.00,,
92.274015682,1889,,rD044,69467328,100.00,,
92.274015682,2922207,,rFF44,69467368,100.00,,
92.274015682,618637329,,instructions,69467288,100.00,2.42,insn per cycle
92.274015682,256049973,,cycles,69467388,100.00,,
92.374192779,2937,,rD044,69447955,100.00,,
92.374192779,2944532,,rFF44,69447895,100.00,,
92.374192779,618928685,,instructions,69447675,100.00,2.42,insn per cycle
92.374192779,255958330,,cycles,69447725,100.00,,
92.474365077,1684,,rD044,69439605,100.00,,
92.474365077,2927816,,rFF44,69439495,100.00,,
92.474365077,618011548,,instructions,69440015,100.00,2.41,insn per cycle
92.474365077,255921489,,cycles,69439435,100.00,,
92.574540025,1616,,rD044,69410691,100.00,,
92.574540025,2927608,,rFF44,69410811,100.00,,
92.574540025,617144707,,instructions,69410261,100.00,2.41,insn per cycle
92.574540025,255838868,,cycles,69410631,100.00,,
92.674713183,1455,,rD044,69508836,100.00,,
92.674713183,2933235,,rFF44,69508706,100.00,,
92.674713183,617409552,,instructions,69508906,100.00,2.41,insn per cycle
92.674713183,256235580,,cycles,69508266,100.00,,
92.774892470,1503,,rD044,69404911,100.00,,
92.774892470,3213975,,rFF44,69405011,100.00,,
92.774892470,616102010,,instructions,69405451,100.00,2.41,insn per cycle
92.774892470,255845067,,cycles,69405841,100.00,,
92.875066458,1533,,rD044,69354343,100.00,,
92.875066458,3432892,,rFF44,69354353,100.00,,
92.875066458,624072320,,instructions,69353993,100.00,2.44,insn per cycle
92.875066458,255632469,,cycles,69354253,100.00,,
92.975245856,1728,,rD044,69456805,100.00,,
92.975245856,3438152,,rFF44,69456855,100.00,,
92.975245856,625197985,,instructions,69456635,100.00,2.44,insn per cycle
92.975245856,256009576,,cycles,69455925,100.00,,
93.075427134,1968,,rD044,69462415,100.00,,
93.075427134,3429674,,rFF44,69461895,100.00,,
93.075427134,625703434,,instructions,69462065,100.00,2.44,insn per cycle
93.075427134,256053246,,cycles,69462585,100.00,,
93.175599241,1685,,rD044,68883984,100.00,,
93.175599241,3407275,,rFF44,68879674,100.00,,
93.175599241,619668565,,instructions,68876514,100.00,2.44,insn per cycle
93.175599241,253819091,,cycles,68873204,100.00,,
93.275764889,2100,,rD044,68602586,100.00,,
93.275764889,3393920,,rFF44,68602586,100.00,,
93.275764889,615577429,,instructions,68602586,100.00,2.44,insn per cycle
93.275764889,252651481,,cycles,68602586,100.00,,
93.375944127,2028,,rD044,68613840,100.00,,
93.375944127,3401581,,rFF44,68613840,100.00,,
93.375944127,615861343,,instructions,68613840,100.00,2.44,insn per cycle
93.375944127,252659493,,cycles,68613840,100.00,,
93.476115584,2089,,rD044,68485051,100.00,,
93.476115584,3425497,,rFF44,68485051,100.00,,
93.476115584,615546059,,instructions,68485051,100.00,2.44,insn per cycle
93.476115584,252181245,,cycles,68485051,100.00,,
93.576283982,1806,,rD044,68711519,100.00,,
93.576283982,3424209,,rFF44,68716019,100.00,,
93.576283982,617714058,,instructions,68718759,100.00,2.44,insn per cycle
93.576283982,253095773,,cycles,68721879,100.00,,
93.676458480,1813,,rD044,69739774,100.00,,
93.676458480,3466339,,rFF44,69739684,100.00,,
93.676458480,627043037,,instructions,69740544,100.00,2.44,insn per cycle
93.676458480,257075664,,cycles,69740584,100.00,,
93.776630617,1775,,rD044,69538821,100.00,,
93.776630617,3448014,,rFF44,69538671,100.00,,
93.776630617,627238941,,instructions,69538181,100.00,2.45,insn per cycle
93.776630617,256294254,,cycles,69537761,100.00,,
93.876801665,2210,,rD044,69544727,100.00,,
93.876801665,3424361,,rFF44,69545487,100.00,,
93.876801665,624743968,,instructions,69545967,100.00,2.44,insn per cycle
93.876801665,256324651,,cycles,69546577,100.00,,
93.976991233,1525,,rD044,69532671,100.00,,
93.976991233,3443817,,rFF44,69532361,100.00,,
93.976991233,623961309,,instructions,69531981,100.00,2.43,insn per cycle
93.976991233,256299485,,cycles,69531491,100.00,,
94.077162601,1764,,rD044,69553954,100.00,,
94.077162601,3467487,,rFF44,69553594,100.00,,
94.077162601,623620017,,instructions,69553414,100.00,2.43,insn per cycle
94.077162601,256366217,,cycles,69553404,100.00,,
94.177335728,1846,,rD044,68787844,100.00,,
94.177335728,3424908,,rFF44,68787864,100.00,,
94.177335728,615180959,,instructions,68788464,100.00,2.43,insn per cycle
94.177335728,253493732,,cycles,68788804,100.00,,
94.277515666,1843,,rD044,69603640,100.00,,
94.277515666,3466037,,rFF44,69603880,100.00,,
94.277515666,620656910,,instructions,69603690,100.00,2.42,insn per cycle
94.277515666,256541410,,cycles,69603600,100.00,,
94.377690334,1853,,rD044,69520416,100.00,,
94.377690334,3536426,,rFF44,69520596,100.00,,
94.377690334,600278275,,instructions,69520266,100.00,2.34,insn per cycle
94.377690334,256228115,,cycles,69520276,100.00,,
94.477865822,1795,,rD044,69430767,100.00,,
94.477865822,3550949,,rFF44,69430617,100.00,,
94.477865822,604500131,,instructions,69430727,100.00,2.36,insn per cycle
94.477865822,255909852,,cycles,69431027,100.00,,
94.578040329,2123,,rD044,69601757,100.00,,
94.578040329,3558982,,rFF44,69601917,100.00,,
94.578040329,601023277,,instructions,69601877,100.00,2.34,insn per cycle
94.578040329,256540190,,cycles,69601557,100.00,,
94.678213787,1701,,rD044,69632050,100.00,,
94.678213787,3555928,,rFF44,69632240,100.00,,
94.678213787,603334226,,instructions,69631810,100.00,2.35,insn per cycle
94.678213787,256652868,,cycles,69631430,100.00,,
94.778393085,1528,,rD044,70479007,100.00,,
94.778393085,3625366,,rFF44,70474017,100.00,,
94.778393085,612923131,,instructions,70471267,100.00,2.36,insn per cycle
94.778393085,259972953,,cycles,70468557,100.00,,
94.878561683,1812,,rD044,70052611,100.00,,
94.878561683,3590600,,rFF44,70057121,100.00,,
94.878561683,611272296,,instructions,70060511,100.00,2.36,insn per cycle
94.878561683,258560164,,cycles,70063751,100.00,,
94.978737720,2368,,rD044,69451547,100.00,,
94.978737720,3555801,,rFF44,69451497,100.00,,
94.978737720,600733430,,instructions,69451537,100.00,2.35,insn per cycle
94.978737720,255975494,,cycles,69451617,100.00,,
95.078920148,1886,,rD044,69493933,100.00,,
95.078920148,3525689,,rFF44,69493813,100.00,,
95.078920148,600218517,,instructions,69494043,100.00,2.34,insn per cycle
95.078920148,256123257,,cycles,69493773,100.00,,
95.179099646,1693,,rD044,68769636,100.00,,
95.179099646,3540014,,rFF44,68769956,100.00,,
95.179099646,594649059,,instructions,68769116,100.00,2.35,insn per cycle
95.179099646,253401641,,cycles,68769306,100.00,,
95.279272534,1780,,rD044,69315891,100.00,,
95.279272534,3546276,,rFF44,69316151,100.00,,
95.279272534,600917188,,instructions,69316631,100.00,2.35,insn per cycle
95.279272534,255489501,,cycles,69316731,100.00,,
95.379453981,1739,,rD044,69158838,100.00,,
95.379453981,3525563,,rFF44,69158708,100.00,,
95.379453981,597205063,,instructions,69158528,100.00,2.34,insn per cycle
95.379453981,254870906,,cycles,69158048,100.00,,
95.479626309,2065,,rD044,70305895,100.00,,
95.479626309,3608815,,rFF44,70301105,100.00,,
95.479626309,610285665,,instructions,70297985,100.00,2.35,insn per cycle
95.479626309,259283986,,cycles,70295125,100.00,,
95.579789887,2008,,rD044,70828162,100.00,,
95.579789887,3651659,,rFF44,70828162,100.00,,
95.579789887,614697259,,instructions,70828162,100.00,2.35,insn per cycle
95.579789887,261358792,,cycles,70828162,100.00,,
95.679970705,1530,,rD044,70726673,100.00,,
95.679970705,3654535,,rFF44,70726673,100.00,,
95.679970705,614494704,,instructions,70726673,100.00,2.35,insn per cycle
95.679970705,260938654,,cycles,70726673,100.00,,
95.780137952,1819,,rD044,70480227,100.00,,
95.780137952,3650963,,rFF44,70484727,100.00,,
95.780137952,607420828,,instructions,70487837,100.00,2.34,insn per cycle
95.780137952,259962860,,cycles,70490677,100.00,,
95.880308810,1769,,rD044,69417067,100.00,,
95.880308810,3659754,,rFF44,69417527,100.00,,
95.880308810,579879562,,instructions,69417477,100.00,2.27,insn per cycle
95.880308810,255787323,,cycles,69417987,100.00,,
95.980483088,2048,,rD044,70362164,100.00,,
95.980483088,3734437,,rFF44,70357204,100.00,,
95.980483088,581534992,,instructions,70354144,100.00,2.24,insn per cycle
95.980483088,259419594,,cycles,70350794,100.00,,
96.080647335,1895,,rD044,72813750,100.00,,
96.080647335,3767289,,rFF44,72819200,100.00,,
96.080647335,612144807,,instructions,72822620,100.00,2.28,insn per cycle
96.080647335,268908613,,cycles,72826060,100.00,,
96.180822813,1596,,rD044,69565279,100.00,,
96.180822813,3549901,,rFF44,69564349,100.00,,
96.180822813,572602909,,instructions,69564169,100.00,2.24,insn per cycle
96.180822813,256113892,,cycles,69563829,100.00,,
96.280995021,1465,,rD044,70581293,100.00,,
96.280995021,3575145,,rFF44,70576773,100.00,,
96.280995021,583026359,,instructions,70573533,100.00,2.24,insn per cycle
96.280995021,260076495,,cycles,70570433,100.00,,
96.381166788,1781,,rD044,73218609,100.00,,
96.381166788,3721308,,rFF44,73222819,100.00,,
96.381166788,609455315,,instructions,73226050,100.00,2.25,insn per cycle
96.381166788,270422750,,cycles,73229670,100.00,,
96.481340956,2224,,rD044,69876997,100.00,,
96.481340956,3544533,,rFF44,69877157,100.00,,
96.481340956,578978256,,instructions,69877146,100.00,2.25,insn per cycle
96.481340956,257302577,,cycles,69876886,100.00,,
96.581522314,1419,,rD044,70134308,100.00,,
96.581522314,3549422,,rFF44,70129938,100.00,,
96.581522314,579546654,,instructions,70126718,100.00,2.24,insn per cycle
96.581522314,258304215,,cycles,70123358,100.00,,
96.681693621,1505,,rD044,73732759,100.00,,
96.681693621,3703950,,rFF44,73737349,100.00,,
96.681693621,614743924,,instructions,73740629,100.00,2.26,insn per cycle
96.681693621,272411717,,cycles,73744429,100.00,,
96.781868299,1616,,rD044,69795425,100.00,,
96.781868299,3537125,,rFF44,69795365,100.00,,
96.781868299,576791933,,instructions,69795425,100.00,2.24,insn per cycle
96.781868299,256966368,,cycles,69794765,100.00,,
96.882040667,1807,,rD044,70010211,100.00,,
96.882040667,3558932,,rFF44,70011801,100.00,,
96.882040667,575550503,,instructions,70011131,100.00,2.23,insn per cycle
96.882040667,257863526,,cycles,70007991,100.00,,
96.982220015,1721,,rD044,73760909,100.00,,
96.982220015,3730957,,rFF44,73759709,100.00,,
96.982220015,613422101,,instructions,73760259,100.00,2.25,insn per cycle
96.982220015,272450871,,cycles,73763569,100.00,,
97.082397523,1732,,rD044,69547968,100.00,,
97.082397523,3542941,,rFF44,69547908,100.00,,
97.082397523,573315694,,instructions,69547988,100.00,2.24,insn per cycle
97.082397523,256021721,,cycles,69548038,100.00,,
97.182577750,2012,,rD044,70219435,100.00,,
97.182577750,3581330,,rFF44,70214575,100.00,,
97.182577750,581259915,,instructions,70211275,100.00,2.25,insn per cycle
97.182577750,258563389,,cycles,70207915,100.00,,
97.282741168,1457,,rD044,73531826,100.00,,
97.282741168,3713362,,rFF44,73536056,100.00,,
97.282741168,612153963,,instructions,73539286,100.00,2.25,insn per cycle
97.282741168,271616026,,cycles,73542616,100.00,,
97.382927606,1723,,rD044,69717303,100.00,,
97.382927606,3537957,,rFF44,69717553,100.00,,
97.382927606,574053014,,instructions,69717043,100.00,2.24,insn per cycle
97.382927606,256698806,,cycles,69718233,100.00,,
97.483103024,1701,,rD044,70651296,100.00,,
97.483103024,3571161,,rFF44,70646816,100.00,,
97.483103024,583255451,,instructions,70644096,100.00,2.24,insn per cycle
97.483103024,260339190,,cycles,70639576,100.00,,
97.583270631,1915,,rD044,73148115,100.00,,
97.583270631,3700904,,rFF44,73152795,100.00,,
97.583270631,604343304,,instructions,73156225,100.00,2.24,insn per cycle
97.583270631,270084542,,cycles,73159425,100.00,,
97.683445999,1653,,rD044,69815239,100.00,,
97.683445999,3547937,,rFF44,69815069,100.00,,
97.683445999,572264493,,instructions,69814629,100.00,2.23,insn per cycle
97.683445999,257017019,,cycles,69814669,100.00,,
97.783619337,1749,,rD044,72336405,100.00,,
97.783619337,3652787,,rFF44,72336205,100.00,,
97.783619337,595783114,,instructions,72333215,100.00,2.23,insn per cycle
97.783619337,266937583,,cycles,72329975,100.00,,
97.883791624,1615,,rD044,71499026,100.00,,
97.883791624,3635579,,rFF44,71499186,100.00,,
97.883791624,588668408,,instructions,71515666,100.00,2.23,insn per cycle
97.883791624,263646599,,cycles,71518826,100.00,,
97.983980372,1977,,rD044,72098294,100.00,,
97.983980372,3450872,,rFF44,72100064,100.00,,
97.983980372,571380288,,instructions,72086854,100.00,2.15,insn per cycle
97.983980372,266070238,,cycles,72085754,100.00,,
98.084161620,1692,,rD044,70613572,100.00,,
98.084161620,3291002,,rFF44,70612682,100.00,,
98.084161620,548879126,,instructions,70612552,100.00,2.11,insn per cycle
98.084161620,260157829,,cycles,70613492,100.00,,
98.184336548,1817,,rD044,73820446,100.00,,
98.184336548,3372586,,rFF44,73819456,100.00,,
98.184336548,576732332,,instructions,73819556,100.00,2.11,insn per cycle
98.184336548,272750394,,cycles,73820206,100.00,,
98.284511735,1896,,rD044,74048631,100.00,,
98.284511735,3405445,,rFF44,74049081,100.00,,
98.284511735,580651488,,instructions,74048961,100.00,2.12,insn per cycle
98.284511735,273624524,,cycles,74048231,100.00,,
98.384686223,1686,,rD044,71423445,100.00,,
98.384686223,3307498,,rFF44,71418635,100.00,,
98.384686223,557325887,,instructions,71415515,100.00,2.12,insn per cycle
98.384686223,263391960,,cycles,71412595,100.00,,
98.484860041,1840,,rD044,71894331,100.00,,
98.484860041,3326031,,rFF44,71898851,100.00,,
98.484860041,560731883,,instructions,71902081,100.00,2.11,insn per cycle
98.484860041,265208461,,cycles,71905201,100.00,,
98.585040429,1994,,rD044,73980991,100.00,,
98.585040429,3404600,,rFF44,73981281,100.00,,
98.585040429,580786586,,instructions,73981111,100.00,2.12,insn per cycle
98.585040429,273339768,,cycles,73981681,100.00,,
98.685215506,1781,,rD044,73932593,100.00,,
98.685215506,3401233,,rFF44,73927783,100.00,,
98.685215506,577581817,,instructions,73924723,100.00,2.12,insn per cycle
98.685215506,273074528,,cycles,73921033,100.00,,
98.785376644,1723,,rD044,70555303,100.00,,
98.785376644,3279822,,rFF44,70555303,100.00,,
98.785376644,545044231,,instructions,70555303,100.00,2.10,insn per cycle
98.785376644,259944923,,cycles,70555303,100.00,,
98.885541231,1632,,rD044,73369285,100.00,,
98.885541231,3381811,,rFF44,73373935,100.00,,
98.885541231,569211143,,instructions,73377255,100.00,2.10,insn per cycle
98.885541231,270963627,,cycles,73380595,100.00,,
98.985717509,1540,,rD044,69251237,100.00,,
98.985717509,3341119,,rFF44,69246587,100.00,,
98.985717509,598776294,,instructions,69243267,100.00,2.35,insn per cycle
98.985717509,254914531,,cycles,69239927,100.00,,
99.085882047,2209,,rD044,69289832,100.00,,
99.085882047,3451388,,rFF44,69294382,100.00,,
99.085882047,664801255,,instructions,69297952,100.00,2.61,insn per cycle
99.085882047,255027579,,cycles,69301142,100.00,,
99.186064705,1860,,rD044,67262124,100.00,,
99.186064705,3419635,,rFF44,67260744,100.00,,
99.186064705,645876521,,instructions,67257174,100.00,2.61,insn per cycle
99.186064705,247189515,,cycles,67253984,100.00,,
99.286241522,1797,,rD044,67739646,100.00,,
99.286241522,3421688,,rFF44,67741316,100.00,,
99.286241522,668311188,,instructions,67744506,100.00,2.68,insn per cycle
99.286241522,249290704,,cycles,67747736,100.00,,
99.386416340,2093,,rD044,65526448,100.00,,
99.386416340,3326308,,rFF44,65521608,100.00,,
99.386416340,643844380,,instructions,65518418,100.00,2.68,insn per cycle
99.386416340,240666336,,cycles,65515188,100.00,,
99.486578348,1813,,rD044,69003302,100.00,,
99.486578348,3473869,,rFF44,69008102,100.00,,
99.486578348,682997097,,instructions,69011802,100.00,2.69,insn per cycle
99.486578348,254258104,,cycles,69014712,100.00,,
99.586754186,2134,,rD044,65223543,100.00,,
99.586754186,3321386,,rFF44,65223603,100.00,,
99.586754186,638366487,,instructions,65223363,100.00,2.67,insn per cycle
99.586754186,239502322,,cycles,65223543,100.00,,
99.686941433,1760,,rD044,69612420,100.00,,
99.686941433,3500606,,rFF44,69612590,100.00,,
99.686941433,690767485,,instructions,69612760,100.00,2.69,insn per cycle
99.686941433,256579621,,cycles,69612760,100.00,,
99.787118971,2166,,rD044,65206616,100.00,,
99.787118971,3304787,,rFF44,65205886,100.00,,
99.787118971,634807315,,instructions,65205496,100.00,2.65,insn per cycle
99.787118971,239418667,,cycles,65205296,100.00,,
99.887292889,1810,,rD044,69366611,100.00,,
99.887292889,3326827,,rFF44,69366871,100.00,,
99.887292889,659007059,,instructions,69366901,100.00,2.58,insn per cycle
99.887292889,255669156,,cycles,69367041,100.00,,
99.987475857,1673,,rD044,67893131,100.00,,
99.987475857,3220222,,rFF44,67893601,100.00,,
99.987475857,619710756,,instructions,67894231,100.00,2.48,insn per cycle
99.987475857,250117031,,cycles,67894551,100.00,,
100.087652624,1846,,rD044,67955172,100.00,,
100.087652624,3233494,,rFF44,67950142,100.00,,
100.087652624,617203789,,instructions,67946242,100.00,2.47,insn per cycle
100.087652624,250155748,,cycles,67942892,100.00,,
100.187821542,1745,,rD044,67089000,100.00,,
100.187821542,3217558,,rFF44,67089000,100.00,,
100.187821542,609409538,,instructions,67089000,100.00,2.47,insn per cycle
100.187821542,246759396,,cycles,67089000,100.00,,
100.287992520,1676,,rD044,68609533,100.00,,
100.287992520,3267097,,rFF44,68614033,100.00,,
100.287992520,625756169,,instructions,68617243,100.00,2.48,insn per cycle
100.287992520,252754193,,cycles,68620403,100.00,,
100.388167728,2161,,rD044,69626555,100.00,,
100.388167728,3350806,,rFF44,69626715,100.00,,
100.388167728,621472461,,instructions,69626435,100.00,2.42,insn per cycle
100.388167728,256599449,,cycles,69626545,100.00,,
100.488339615,2163,,rD044,69474555,100.00,,
100.488339615,3375603,,rFF44,69474445,100.00,,
100.488339615,605478253,,instructions,69474635,100.00,2.37,insn per cycle
100.488339615,255953122,,cycles,69474535,100.00,,
100.588513503,1802,,rD044,69522174,100.00,,
100.588513503,3259387,,rFF44,69522304,100.00,,
100.588513503,610675835,,instructions,69522214,100.00,2.39,insn per cycle
100.588513503,255953238,,cycles,69522064,100.00,,
100.688694051,1788,,rD044,69520581,100.00,,
100.688694051,3248402,,rFF44,69520831,100.00,,
100.688694051,610961163,,instructions,69521021,100.00,2.39,insn per cycle
100.688694051,255927748,,cycles,69521381,100.00,,
100.788869058,1827,,rD044,69473603,100.00,,
100.788869058,3246713,,rFF44,69473533,100.00,,
100.788869058,610190963,,instructions,69473743,100.00,2.39,insn per cycle
100.788869058,255773156,,cycles,69473803,100.00,,
100.889044726,1740,,rD044,69507036,100.00,,
100.889044726,3252619,,rFF44,69506736,100.00,,
100.889044726,612137616,,instructions,69506626,100.00,2.39,insn per cycle
100.889044726,255905157,,cycles,69506666,100.00,,
100.989221454,1615,,rD044,69431937,100.00,,
100.989221454,3194101,,rFF44,69432257,100.00,,
100.989221454,609841680,,instructions,69432717,100.00,2.39,insn per cycle
100.989221454,255618770,,cycles,69432777,100.00,,
101.089396982,1949,,rD044,69749747,100.00,,
101.089396982,3243848,,rFF44,69744867,100.00,,
101.089396982,588798326,,instructions,69741087,100.00,2.29,insn per cycle
101.089396982,256805146,,cycles,69737547,100.00,,
101.189563929,2063,,rD044,72195907,100.00,,
101.189563929,3312907,,rFF44,72201217,100.00,,
101.189563929,609844665,,instructions,72201217,100.00,2.29,insn per cycle
101.189563929,266461897,,cycles,72201217,100.00,,
101.289739177,1654,,rD044,71131233,100.00,,
101.289739177,3287181,,rFF44,71130683,100.00,,
101.289739177,599371828,,instructions,71133923,100.00,2.29,insn per cycle
101.289739177,262166896,,cycles,71137093,100.00,,
101.389927385,1719,,rD044,69629889,100.00,,
101.389927385,3219349,,rFF44,69629219,100.00,,
101.389927385,586599686,,instructions,69628899,100.00,2.29,insn per cycle
101.389927385,256369906,,cycles,69628799,100.00,,
101.490101863,1387,,rD044,69559817,100.00,,
101.490101863,3199228,,rFF44,69560147,100.00,,
101.490101863,583407517,,instructions,69560807,100.00,2.28,insn per cycle
101.490101863,256071177,,cycles,69561017,100.00,,
101.590275290,1585,,rD044,69773569,100.00,,
101.590275290,3222956,,rFF44,69773649,100.00,,
101.590275290,587863810,,instructions,69773609,100.00,2.29,insn per cycle
101.590275290,256932425,,cycles,69773059,100.00,,
101.690454188,1828,,rD044,71946684,100.00,,
101.690454188,3308336,,rFF44,71942184,100.00,,
101.690454188,610012939,,instructions,71938644,100.00,2.30,insn per cycle
101.690454188,265472665,,cycles,71935914,100.00,,
101.790618646,1721,,rD044,71068127,100.00,,
101.790618646,3270985,,rFF44,71074537,100.00,,
101.790618646,599023525,,instructions,71078027,100.00,2.29,insn per cycle
101.790618646,261977933,,cycles,71081337,100.00,,
101.890794833,1595,,rD044,69547947,100.00,,
101.890794833,3221249,,rFF44,69554317,100.00,,
101.890794833,586771680,,instructions,69558147,100.00,2.29,insn per cycle
101.890794833,256074636,,cycles,69557897,100.00,,
101.990979701,4597,,rD044,69315998,100.00,,
101.990979701,3175183,,rFF44,69308148,100.00,,
101.990979701,582019081,,instructions,69303918,100.00,2.28,insn per cycle
101.990979701,255348143,,cycles,69304078,100.00,,
102.091164249,8534,,rD044,69771505,100.00,,
102.091164249,3162009,,rFF44,69766575,100.00,,
102.091164249,588975834,,instructions,69763485,100.00,2.29,insn per cycle
102.091164249,257410717,,cycles,69760265,100.00,,
102.191332627,8068,,rD044,71855524,100.00,,
102.191332627,3251419,,rFF44,71860834,100.00,,
102.191332627,609021381,,instructions,71860834,100.00,2.29,insn per cycle
102.191332627,265646778,,cycles,71860834,100.00,,
102.291507034,8392,,rD044,70913194,100.00,,
102.291507034,3130213,,rFF44,70913144,100.00,,
102.291507034,605597903,,instructions,70916244,100.00,2.31,insn per cycle
102.291507034,261858544,,cycles,70919534,100.00,,
102.391682812,8548,,rD044,69409418,100.00,,
102.391682812,2900602,,rFF44,69408708,100.00,,
102.391682812,598266276,,instructions,69408928,100.00,2.34,insn per cycle
102.391682812,256033450,,cycles,69408908,100.00,,
102.491856620,8562,,rD044,69350928,100.00,,
102.491856620,2917304,,rFF44,69351198,100.00,,
102.491856620,598733179,,instructions,69350828,100.00,2.34,insn per cycle
102.491856620,255834335,,cycles,69350788,100.00,,
102.592039788,8594,,rD044,69478672,100.00,,
102.592039788,2897572,,rFF44,69478752,100.00,,
102.592039788,598214365,,instructions,69479202,100.00,2.33,insn per cycle
102.592039788,256265820,,cycles,69478992,100.00,,
102.692217085,8496,,rD044,68661175,100.00,,
102.692217085,2890433,,rFF44,68661405,100.00,,
102.692217085,610174311,,instructions,68661225,100.00,2.41,insn per cycle
102.692217085,253318966,,cycles,68661825,100.00,,
102.792391693,8794,,rD044,69422604,100.00,,
102.792391693,2922068,,rFF44,69422014,100.00,,
102.792391693,614938777,,instructions,69421934,100.00,2.40,insn per cycle
102.792391693,256160217,,cycles,69421974,100.00,,
102.892570861,8602,,rD044,69349456,100.00,,
102.892570861,2895226,,rFF44,69349736,100.00,,
102.892570861,616926162,,instructions,69349646,100.00,2.41,insn per cycle
102.892570861,255893253,,cycles,69349246,100.00,,
102.992745059,8423,,rD044,69230854,100.00,,
102.992745059,2889260,,rFF44,69231114,100.00,,
102.992745059,613450859,,instructions,69231034,100.00,2.40,insn per cycle
102.992745059,255419876,,cycles,69231134,100.00,,
103.092942277,8115,,rD044,73803213,100.00,,
103.092942277,3444140,,rFF44,73802803,100.00,,
103.092942277,589841666,,instructions,73802623,100.00,2.16,insn per cycle
103.092942277,273158574,,cycles,73802283,100.00,,
103.193121645,5994,,rD044,69200892,100.00,,
103.193121645,2889536,,rFF44,69200942,100.00,,
103.193121645,608989697,,instructions,69200852,100.00,2.39,insn per cycle
103.193121645,255320884,,cycles,69201432,100.00,,
103.293295802,2768,,rD044,68757766,100.00,,
103.293295802,2981654,,rFF44,68757606,100.00,,
103.293295802,606878817,,instructions,68758016,100.00,2.39,insn per cycle
103.293295802,253745166,,cycles,68757516,100.00,,
103.393471260,1525,,rD044,68829790,100.00,,
103.393471260,3002024,,rFF44,68825230,100.00,,
103.393471260,607080302,,instructions,68822120,100.00,2.39,insn per cycle
103.393471260,254066561,,cycles,68819020,100.00,,
103.493634108,1588,,rD044,69623491,100.00,,
103.493634108,3007737,,rFF44,69623491,100.00,,
103.493634108,616370985,,instructions,69623491,100.00,2.40,insn per cycle
103.493634108,257124079,,cycles,69623491,100.00,,
103.593797845,1552,,rD044,69706819,100.00,,
103.593797845,3016002,,rFF44,69706819,100.00,,
103.593797845,616412163,,instructions,69706819,100.00,2.39,insn per cycle
103.593797845,257440497,,cycles,69706819,100.00,,
103.693975083,1676,,rD044,70048967,100.00,,
103.693975083,3018249,,rFF44,70048967,100.00,,
103.693975083,617956193,,instructions,70048967,100.00,2.39,insn per cycle
103.693975083,258743398,,cycles,70048967,100.00,,
103.794149561,2021,,rD044,69704317,100.00,,
103.794149561,2985650,,rFF44,69709627,100.00,,
103.794149561,610965387,,instructions,69713257,100.00,2.37,insn per cycle
103.794149561,257279196,,cycles,69716087,100.00,,
103.894330279,2059,,rD044,68787539,100.00,,
103.894330279,2978513,,rFF44,68786889,100.00,,
103.894330279,601020679,,instructions,68786459,100.00,2.37,insn per cycle
103.894330279,253714594,,cycles,68787019,100.00,,
103.994504666,2124,,rD044,68758353,100.00,,
103.994504666,3008505,,rFF44,68758323,100.00,,
103.994504666,603847448,,instructions,68758503,100.00,2.38,insn per cycle
103.994504666,253639867,,cycles,68758223,100.00,,
104.094675804,1743,,rD044,68593496,100.00,,
104.094675804,2908549,,rFF44,68593456,100.00,,
104.094675804,609628962,,instructions,68593266,100.00,2.41,insn per cycle
104.094675804,253129341,,cycles,68593176,100.00,,
104.194849562,2071,,rD044,68804595,100.00,,
104.194849562,3008509,,rFF44,68804375,100.00,,
104.194849562,614805547,,instructions,68804665,100.00,2.42,insn per cycle
104.194849562,253917859,,cycles,68805195,100.00,,
104.295029109,2140,,rD044,68579645,100.00,,
104.295029109,2995651,,rFF44,68580165,100.00,,
104.295029109,614931724,,instructions,68580035,100.00,2.43,insn per cycle
104.295029109,253100172,,cycles,68579725,100.00,,
104.395203607,2235,,rD044,68738312,100.00,,
104.395203607,3008702,,rFF44,68738262,100.00,,
104.395203607,615843717,,instructions,68738202,100.00,2.43,insn per cycle
104.395203607,253648199,,cycles,68737872,100.00,,
104.495376305,1699,,rD044,68604553,100.00,,
104.495376305,3038314,,rFF44,68604393,100.00,,
104.495376305,613873103,,instructions,68604403,100.00,2.42,insn per cycle
104.495376305,253148809,,cycles,68604653,100.00,,
104.595550673,1457,,rD044,68648273,100.00,,
104.595550673,2993822,,rFF44,68648403,100.00,,
104.595550673,614866959,,instructions,68648003,100.00,2.43,insn per cycle
104.595550673,253313940,,cycles,68647853,100.00,,
104.695723510,1591,,rD044,68677202,100.00,,
104.695723510,2974302,,rFF44,68676923,100.00,,
104.695723510,615318885,,instructions,68677553,100.00,2.43,insn per cycle
104.695723510,253415136,,cycles,68677583,100.00,,
104.795898538,1711,,rD044,68670563,100.00,,
104.795898538,3000559,,rFF44,68670462,100.00,,
104.795898538,614660527,,instructions,68670062,100.00,2.43,insn per cycle
104.795898538,253411304,,cycles,68670272,100.00,,
104.896071946,1567,,rD044,68286126,100.00,,
104.896071946,3041469,,rFF44,68286336,100.00,,
104.896071946,609425433,,instructions,68286337,100.00,2.42,insn per cycle
104.896071946,251961428,,cycles,68286207,100.00,,
104.996245943,2004,,rD044,68725791,100.00,,
104.996245943,3039618,,rFF44,68725251,100.00,,
104.996245943,613107463,,instructions,68725200,100.00,2.42,insn per cycle
104.996245943,253511281,,cycles,68725400,100.00,,
105.096420211,1674,,rD044,71882472,100.00,,
105.096420211,3436337,,rFF44,71882882,100.00,,
105.096420211,613824913,,instructions,71882702,100.00,2.31,insn per cycle
105.096420211,265941100,,cycles,71882312,100.00,,
105.196593689,2887,,rD044,68807639,100.00,,
105.196593689,2996861,,rFF44,68807789,100.00,,
105.196593689,608751814,,instructions,68808399,100.00,2.40,insn per cycle
105.196593689,253796719,,cycles,68809069,100.00,,
105.296773677,1984,,rD044,68808422,100.00,,
105.296773677,3000842,,rFF44,68808662,100.00,,
105.296773677,613005091,,instructions,68808392,100.00,2.42,insn per cycle
105.296773677,253811701,,cycles,68807952,100.00,,
105.396960034,2557,,rD044,68202401,100.00,,
105.396960034,2970174,,rFF44,68202401,100.00,,
105.396960034,604762687,,instructions,68202061,100.00,2.40,insn per cycle
105.396960034,251529418,,cycles,68202081,100.00,,
105.497132402,2240,,rD044,68765065,100.00,,
105.497132402,2986061,,rFF44,68764775,100.00,,
105.497132402,608662633,,instructions,68765346,100.00,2.40,insn per cycle
105.497132402,253653937,,cycles,68765226,100.00,,
105.597306080,1651,,rD044,68769485,100.00,,
105.597306080,2984213,,rFF44,68769565,100.00,,
105.597306080,610488521,,instructions,68769444,100.00,2.41,insn per cycle
105.597306080,253704045,,cycles,68770064,100.00,,
105.697480938,1542,,rD044,68566256,100.00,,
105.697480938,2964328,,rFF44,68566126,100.00,,
105.697480938,608716895,,instructions,68566206,100.00,2.41,insn per cycle
105.697480938,252943941,,cycles,68565766,100.00,,
105.797654255,2019,,rD044,68652295,100.00,,
105.797654255,2994044,,rFF44,68652175,100.00,,
105.797654255,611253413,,instructions,68651845,100.00,2.41,insn per cycle
105.797654255,253372724,,cycles,68651365,100.00,,
105.897828473,1899,,rD044,68939688,100.00,,
105.897828473,3018928,,rFF44,68935248,100.00,,
105.897828473,612776239,,instructions,68932148,100.00,2.41,insn per cycle
105.897828473,254451776,,cycles,68929388,100.00,,
105.997998681,1586,,rD044,69038927,100.00,,
105.997998681,2957403,,rFF44,69038927,100.00,,
105.997998681,616454800,,instructions,69038927,100.00,2.42,insn per cycle
105.997998681,254873751,,cycles,69038927,100.00,,
106.098163198,1579,,rD044,68518624,100.00,,
106.098163198,2804672,,rFF44,68518624,100.00,,
106.098163198,619856973,,instructions,68518624,100.00,2.45,insn per cycle
106.098163198,252840634,,cycles,68518624,100.00,,
106.198334756,1746,,rD044,68732691,100.00,,
106.198334756,2813055,,rFF44,68737011,100.00,,
106.198334756,620238824,,instructions,68740611,100.00,2.44,insn per cycle
106.198334756,253679795,,cycles,68740611,100.00,,
106.298509054,1942,,rD044,68734523,100.00,,
106.298509054,2825231,,rFF44,68730203,100.00,,
106.298509054,620513358,,instructions,68726603,100.00,2.45,insn per cycle
106.298509054,253662788,,cycles,68726603,100.00,,
106.398677471,1342,,rD044,68684657,100.00,,
106.398677471,2805033,,rFF44,68684657,100.00,,
106.398677471,620276077,,instructions,68684657,100.00,2.45,insn per cycle
106.398677471,253586439,,cycles,68691877,100.00,,
106.498854499,1680,,rD044,68581434,100.00,,
106.498854499,2801585,,rFF44,68581434,100.00,,
106.498854499,619662609,,instructions,68581434,100.00,2.45,insn per cycle
106.498854499,253051796,,cycles,68574214,100.00,,
106.599017637,1685,,rD044,68437201,100.00,,
106.599017637,2808463,,rFF44,68437201,100.00,,
106.599017637,619482271,,instructions,68437201,100.00,2.45,insn per cycle
106.599017637,252499919,,cycles,68437201,100.00,,
106.699191244,1552,,rD044,68556168,100.00,,
106.699191244,2818324,,rFF44,68556168,100.00,,
106.699191244,619658088,,instructions,68556168,100.00,2.45,insn per cycle
106.699191244,252959586,,cycles,68556168,100.00,,
106.799355442,2452,,rD044,68674126,100.00,,
106.799355442,2806763,,rFF44,68679986,100.00,,
106.799355442,618000174,,instructions,68682196,100.00,2.44,insn per cycle
106.799355442,253433918,,cycles,68682196,100.00,,
106.899534710,1406,,rD044,69546215,100.00,,
106.899534710,3022807,,rFF44,69540355,100.00,,
106.899534710,616015101,,instructions,69538145,100.00,2.40,insn per cycle
106.899534710,256765410,,cycles,69538145,100.00,,
106.999706138,2813,,rD044,71663056,100.00,,
106.999706138,3330451,,rFF44,71667666,100.00,,
106.999706138,616776585,,instructions,71670386,100.00,2.33,insn per cycle
106.999706138,264981143,,cycles,71673386,100.00,,
107.099880065,2264,,rD044,66904055,100.00,,
107.099880065,3024283,,rFF44,66899445,100.00,,
107.099880065,578415796,,instructions,66896725,100.00,2.35,insn per cycle
107.099880065,246572462,,cycles,66900245,100.00,,
107.200058453,1800,,rD044,69831867,100.00,,
107.200058453,3066379,,rFF44,69835617,100.00,,
107.200058453,616336530,,instructions,69835617,100.00,2.39,insn per cycle
107.200058453,257943698,,cycles,69829097,100.00,,
107.300231151,2058,,rD044,69665398,100.00,,
107.300231151,3043712,,rFF44,69661648,100.00,,
107.300231151,616710678,,instructions,69661648,100.00,2.40,insn per cycle
107.300231151,257327870,,cycles,69661648,100.00,,
107.400402258,1333,,rD044,69853696,100.00,,
107.400402258,3044358,,rFF44,69853696,100.00,,
107.400402258,618143231,,instructions,69853696,100.00,2.40,insn per cycle
107.400402258,257955337,,cycles,69853696,100.00,,
107.500571346,1682,,rD044,68974625,100.00,,
107.500571346,3032481,,rFF44,68979405,100.00,,
107.500571346,608133653,,instructions,68982525,100.00,2.39,insn per cycle
107.500571346,254553552,,cycles,68985385,100.00,,
107.600744294,1475,,rD044,68679805,100.00,,
107.600744294,3001444,,rFF44,68679815,100.00,,
107.600744294,604021692,,instructions,68680175,100.00,2.38,insn per cycle
107.600744294,253445492,,cycles,68680625,100.00,,
107.700934082,2816,,rD044,69021455,100.00,,
107.700934082,3028063,,rFF44,69021385,100.00,,
107.700934082,608741190,,instructions,69021065,100.00,2.39,insn per cycle
107.700934082,254704811,,cycles,69020975,100.00,,
107.801109309,1691,,rD044,68965771,100.00,,
107.801109309,2966046,,rFF44,68965811,100.00,,
107.801109309,615125522,,instructions,68966021,100.00,2.42,insn per cycle
107.801109309,254489670,,cycles,68965901,100.00,,
107.901285437,1602,,rD044,68941732,100.00,,
107.901285437,3014958,,rFF44,68941832,100.00,,
107.901285437,620827026,,instructions,68941972,100.00,2.44,insn per cycle
107.901285437,254413611,,cycles,68942732,100.00,,
108.001461575,2187,,rD044,68941232,100.00,,
108.001461575,3028517,,rFF44,68941122,100.00,,
108.001461575,617696277,,instructions,68940642,100.00,2.43,insn per cycle
108.001461575,254372323,,cycles,68940072,100.00,,
108.101635283,2050,,rD044,68943907,100.00,,
108.101635283,3072004,,rFF44,68943567,100.00,,
108.101635283,617438578,,instructions,68943677,100.00,2.43,insn per cycle
108.101635283,254427327,,cycles,68943877,100.00,,
108.201822260,1856,,rD044,68878500,100.00,,
108.201822260,3044635,,rFF44,68878960,100.00,,
108.201822260,614868116,,instructions,68878880,100.00,2.42,insn per cycle
108.201822260,254180903,,cycles,68878610,100.00,,
108.301997158,1802,,rD044,69019498,100.00,,
108.301997158,3027628,,rFF44,69019178,100.00,,
108.301997158,618730887,,instructions,69019068,100.00,2.43,insn per cycle
108.301997158,254680218,,cycles,69019318,100.00,,
108.402173136,2223,,rD044,68979957,100.00,,
108.402173136,3017438,,rFF44,68982177,100.00,,
108.402173136,619446621,,instructions,68982827,100.00,2.43,insn per cycle
108.402173136,254570448,,cycles,68982747,100.00,,
108.502351504,1655,,rD044,68813976,100.00,,
108.502351504,3011639,,rFF44,68812226,100.00,,
108.502351504,617024612,,instructions,68811966,100.00,2.43,insn per cycle
108.502351504,253930894,,cycles,68812176,100.00,,
108.602527841,1405,,rD044,68640662,100.00,,
108.602527841,3022323,,rFF44,68640512,100.00,,
108.602527841,616498101,,instructions,68640332,100.00,2.43,insn per cycle
108.602527841,253292440,,cycles,68639722,100.00,,
108.702702649,1799,,rD044,68427571,100.00,,
108.702702649,2976572,,rFF44,68427061,100.00,,
108.702702649,611540454,,instructions,68426861,100.00,2.42,insn per cycle
108.702702649,252500299,,cycles,68427001,100.00,,
108.802885867,2029,,rD044,68739777,100.00,,
108.802885867,2989636,,rFF44,68740317,100.00,,
108.802885867,617445395,,instructions,68740427,100.00,2.43,insn per cycle
108.802885867,253656228,,cycles,68740347,100.00,,
108.903064155,2867,,rD044,71021849,100.00,,
108.903064155,3361714,,rFF44,71016949,100.00,,
108.903064155,610093871,,instructions,71013879,100.00,2.32,insn per cycle
108.903064155,262495058,,cycles,71010829,100.00,,
109.003230162,1675,,rD044,69049787,100.00,,
109.003230162,3025384,,rFF44,69049787,100.00,,
109.003230162,616987752,,instructions,69049787,100.00,2.42,insn per cycle
109.003230162,254814864,,cycles,69056537,100.00,,
109.103407480,1644,,rD044,68967694,100.00,,
109.103407480,3006456,,rFF44,68967694,100.00,,
109.103407480,617111961,,instructions,68967694,100.00,2.42,insn per cycle
109.103407480,254515397,,cycles,68967724,100.00,,
109.203578258,1361,,rD044,69131756,100.00,,
109.203578258,3047644,,rFF44,69131756,100.00,,
109.203578258,619117202,,instructions,69131756,100.00,2.43,insn per cycle
109.203578258,255163735,,cycles,69124976,100.00,,
109.303744226,2041,,rD044,68795150,100.00,,
109.303744226,2995598,,rFF44,68795150,100.00,,
109.303744226,616632084,,instructions,68795150,100.00,2.43,insn per cycle
109.303744226,253890350,,cycles,68795150,100.00,,
109.403927663,1790,,rD044,69061304,100.00,,
109.403927663,3004467,,rFF44,69061304,100.00,,
109.403927663,616752183,,instructions,69061304,100.00,2.42,insn per cycle
109.403927663,254859381,,cycles,69061304,100.00,,
109.504105421,1983,,rD044,69038899,100.00,,
109.504105421,3042467,,rFF44,69043589,100.00,,
109.504105421,617488926,,instructions,69043589,100.00,2.42,insn per cycle
109.504105421,254716821,,cycles,69043589,100.00,,
109.604285479,1899,,rD044,69078118,100.00,,
109.604285479,3001272,,rFF44,69073428,100.00,,
109.604285479,617048727,,instructions,69073428,100.00,2.42,insn per cycle
109.604285479,254930452,,cycles,69073428,100.00,,
109.704451227,1351,,rD044,68425252,100.00,,
109.704451227,2895171,,rFF44,68425252,100.00,,
109.704451227,616187830,,instructions,68425252,100.00,2.44,insn per cycle
109.704451227,252434906,,cycles,68425252,100.00,,
109.804626484,1546,,rD044,68076945,100.00,,
109.804626484,2824269,,rFF44,68076945,100.00,,
109.804626484,618136700,,instructions,68076945,100.00,2.46,insn per cycle
109.804626484,251078493,,cycles,68076945,100.00,,
109.904792762,1945,,rD044,68080790,100.00,,
109.904792762,2843473,,rFF44,68080790,100.00,,
109.904792762,618670524,,instructions,68080790,100.00,2.46,insn per cycle
109.904792762,251183731,,cycles,68096230,100.00,,
110.004984040,2283,,rD044,68125539,100.00,,
110.004984040,2841999,,rFF44,68125539,100.00,,
110.004984040,618681278,,instructions,68125539,100.00,2.46,insn per cycle
110.004984040,251209301,,cycles,68110099,100.00,,
110.105156607,2165,,rD044,68067928,100.00,,
110.105156607,2859043,,rFF44,68067928,100.00,,
110.105156607,618939222,,instructions,68067928,100.00,2.46,insn per cycle
110.105156607,251169693,,cycles,68067928,100.00,,
110.205322815,1406,,rD044,68026121,100.00,,
110.205322815,2843593,,rFF44,68026121,100.00,,
110.205322815,618606438,,instructions,68026121,100.00,2.46,insn per cycle
110.205322815,250999382,,cycles,68026121,100.00,,
110.305494413,1590,,rD044,67981981,100.00,,
110.305494413,2824138,,rFF44,67981981,100.00,,
110.305494413,619212866,,instructions,67981981,100.00,2.47,insn per cycle
110.305494413,250707459,,cycles,67981981,100.00,,
110.405655940,1912,,rD044,68328181,100.00,,
110.405655940,2849015,,rFF44,68328181,100.00,,
110.405655940,619428921,,instructions,68328181,100.00,2.46,insn per cycle
110.405655940,252072667,,cycles,68328181,100.00,,
110.505826218,2123,,rD044,68314695,100.00,,
110.505826218,2932564,,rFF44,68314695,100.00,,
110.505826218,613178932,,instructions,68314695,100.00,2.43,insn per cycle
110.505826218,252025998,,cycles,68321345,100.00,,
110.606004866,1792,,rD044,68486209,100.00,,
110.606004866,3092836,,rFF44,68490709,100.00,,
110.606004866,614665514,,instructions,68494229,100.00,2.43,insn per cycle
110.606004866,252686051,,cycles,68490659,100.00,,
110.706179433,2174,,rD044,73127359,100.00,,
110.706179433,3510493,,rFF44,73127829,100.00,,
110.706179433,640611618,,instructions,73127489,100.00,2.37,insn per cycle
110.706179433,270709226,,cycles,73127279,100.00,,
110.806355221,1640,,rD044,68521129,100.00,,
110.806355221,3109858,,rFF44,68516159,100.00,,
110.806355221,617319966,,instructions,68512979,100.00,2.44,insn per cycle
110.806355221,252779978,,cycles,68510109,100.00,,
110.906520569,1812,,rD044,68037302,100.00,,
110.906520569,3095089,,rFF44,68037302,100.00,,
110.906520569,611282301,,instructions,68037302,100.00,2.44,insn per cycle
110.906520569,250956223,,cycles,68037302,100.00,,
111.006689107,1390,,rD044,68091888,100.00,,
111.006689107,3100178,,rFF44,68091888,100.00,,
111.006689107,611331284,,instructions,68098348,100.00,2.43,insn per cycle
111.006689107,251167177,,cycles,68101958,100.00,,
111.106866764,2519,,rD044,68381462,100.00,,
111.106866764,3099297,,rFF44,68381462,100.00,,
111.106866764,613079967,,instructions,68375002,100.00,2.43,insn per cycle
111.106866764,252231547,,cycles,68371392,100.00,,
111.207037702,1788,,rD044,68301971,100.00,,
111.207037702,3119619,,rFF44,68301971,100.00,,
111.207037702,612168437,,instructions,68301971,100.00,2.43,insn per cycle
111.207037702,251966224,,cycles,68301971,100.00,,
111.307199320,1311,,rD044,68486686,100.00,,
111.307199320,3121000,,rFF44,68486686,100.00,,
111.307199320,612323047,,instructions,68486686,100.00,2.42,insn per cycle
111.307199320,252692502,,cycles,68486686,100.00,,
111.407366597,1688,,rD044,68353086,100.00,,
111.407366597,3089870,,rFF44,68353086,100.00,,
111.407366597,612243138,,instructions,68359566,100.00,2.43,insn per cycle
111.407366597,252181991,,cycles,68362146,100.00,,
111.507540595,1397,,rD044,68212801,100.00,,
111.507540595,3094631,,rFF44,68219131,100.00,,
111.507540595,611798075,,instructions,68214761,100.00,2.43,insn per cycle
111.507540595,251602767,,cycles,68212181,100.00,,
111.607716193,1877,,rD044,67838000,100.00,,
111.607716193,3098552,,rFF44,67831670,100.00,,
111.607716193,609155592,,instructions,67829560,100.00,2.44,insn per cycle
111.607716193,250094317,,cycles,67829560,100.00,,
111.707879690,2299,,rD044,68037383,100.00,,
111.707879690,3198098,,rFF44,68042023,100.00,,
111.707879690,608669950,,instructions,68045363,100.00,2.43,insn per cycle
111.707879690,250954450,,cycles,68048453,100.00,,
111.808054478,1700,,rD044,68601136,100.00,,
111.808054478,3243349,,rFF44,68601076,100.00,,
111.808054478,611785076,,instructions,68600876,100.00,2.42,insn per cycle
111.808054478,253127219,,cycles,68601266,100.00,,
111.908233756,1391,,rD044,68681493,100.00,,
111.908233756,3261875,,rFF44,68681653,100.00,,
111.908233756,611667525,,instructions,68681943,100.00,2.41,insn per cycle
111.908233756,253450446,,cycles,68681933,100.00,,
112.008413524,1821,,rD044,68970351,100.00,,
112.008413524,3244032,,rFF44,68970311,100.00,,
112.008413524,614930388,,instructions,68969661,100.00,2.42,insn per cycle
112.008413524,254531272,,cycles,68969381,100.00,,
112.108586501,1673,,rD044,68821837,100.00,,
112.108586501,3250603,,rFF44,68821717,100.00,,
112.108586501,612885253,,instructions,68821957,100.00,2.41,insn per cycle
112.108586501,253933921,,cycles,68821927,100.00,,
112.208758589,1990,,rD044,66136987,100.00,,
112.208758589,3123087,,rFF44,66137167,100.00,,
112.208758589,585086491,,instructions,66137337,100.00,2.40,insn per cycle
112.208758589,243614483,,cycles,66137217,100.00,,
112.308950807,1475,,rD044,67959346,100.00,,
112.308950807,3214113,,rFF44,67959866,100.00,,
112.308950807,604466284,,instructions,67959726,100.00,2.41,insn per cycle
112.308950807,250724496,,cycles,67960046,100.00,,
112.409131805,1780,,rD044,68383074,100.00,,
112.409131805,3239005,,rFF44,68382724,100.00,,
112.409131805,607520024,,instructions,68382594,100.00,2.41,insn per cycle
112.409131805,252321586,,cycles,68381944,100.00,,
112.509307352,2123,,rD044,68663223,100.00,,
112.509307352,3250077,,rFF44,68663133,100.00,,
112.509307352,608337792,,instructions,68663603,100.00,2.40,insn per cycle
112.509307352,253378661,,cycles,68663773,100.00,,
112.609481350,1464,,rD044,68812962,100.00,,
112.609481350,3240783,,rFF44,68812462,100.00,,
112.609481350,610245783,,instructions,68811992,100.00,2.40,insn per cycle
112.609481350,253926517,,cycles,68812602,100.00,,
112.709654928,1553,,rD044,68924005,100.00,,
112.709654928,3249807,,rFF44,68924025,100.00,,
112.709654928,612046090,,instructions,68923995,100.00,2.41,insn per cycle
112.709654928,254359255,,cycles,68923565,100.00,,
112.809828956,1509,,rD044,68990850,100.00,,
112.809828956,3258313,,rFF44,68991400,100.00,,
112.809828956,613449749,,instructions,68991490,100.00,2.41,insn per cycle
112.809828956,254599424,,cycles,68991670,100.00,,
112.910004743,1557,,rD044,68916399,100.00,,
112.910004743,3230620,,rFF44,68915999,100.00,,
112.910004743,613523360,,instructions,68915779,100.00,2.41,insn per cycle
112.910004743,254295740,,cycles,68915669,100.00,,
113.010176751,2741,,rD044,68736629,100.00,,
113.010176751,3292595,,rFF44,68736609,100.00,,
113.010176751,603531671,,instructions,68736679,100.00,2.38,insn per cycle
113.010176751,253634364,,cycles,68736919,100.00,,
113.110354909,1526,,rD044,68942448,100.00,,
113.110354909,3311155,,rFF44,68942478,100.00,,
113.110354909,603615145,,instructions,68942548,100.00,2.37,insn per cycle
113.110354909,254386799,,cycles,68942118,100.00,,
113.210528667,1857,,rD044,69058077,100.00,,
113.210528667,3350611,,rFF44,69057637,100.00,,
113.210528667,606057531,,instructions,69057807,100.00,2.38,insn per cycle
113.210528667,254869763,,cycles,69057867,100.00,,
113.310698704,2307,,rD044,69214848,100.00,,
113.310698704,3309341,,rFF44,69214988,100.00,,
113.310698704,606681416,,instructions,69214888,100.00,2.38,insn per cycle
113.310698704,255422874,,cycles,69215118,100.00,,
113.410870492,2047,,rD044,68880143,100.00,,
113.410870492,3316465,,rFF44,68880823,100.00,,
113.410870492,604595903,,instructions,68880933,100.00,2.38,insn per cycle
113.410870492,254173404,,cycles,68880903,100.00,,
113.511046450,1855,,rD044,69014147,100.00,,
113.511046450,3308413,,rFF44,69013607,100.00,,
113.511046450,605540310,,instructions,69013877,100.00,2.38,insn per cycle
113.511046450,254639250,,cycles,69013637,100.00,,
113.611224377,1993,,rD044,68914867,100.00,,
113.611224377,3294804,,rFF44,68915377,100.00,,
113.611224377,604028402,,instructions,68915037,100.00,2.38,insn per cycle
113.611224377,254256195,,cycles,68914927,100.00,,
113.711401685,1580,,rD044,69039002,100.00,,
113.711401685,3304308,,rFF44,69038652,100.00,,
113.711401685,604084993,,instructions,69038592,100.00,2.37,insn per cycle
113.711401685,254757043,,cycles,69039022,100.00,,
113.811575763,1739,,rD044,69005383,100.00,,
113.811575763,3303882,,rFF44,69005363,100.00,,
113.811575763,604185900,,instructions,69005503,100.00,2.37,insn per cycle
113.811575763,254635674,,cycles,69005343,100.00,,
113.911753831,1427,,rD044,68916727,100.00,,
113.911753831,3299437,,rFF44,68917057,100.00,,
113.911753831,603151605,,instructions,68917207,100.00,2.37,insn per cycle
113.911753831,254298684,,cycles,68917037,100.00,,
114.011941379,2296,,rD044,69000941,100.00,,
114.011941379,3298118,,rFF44,69000891,100.00,,
114.011941379,604292856,,instructions,69000811,100.00,2.37,insn per cycle
114.011941379,254610332,,cycles,69001121,100.00,,
114.112121316,2212,,rD044,68801460,100.00,,
114.112121316,3299904,,rFF44,68800980,100.00,,
114.112121316,600667048,,instructions,68801200,100.00,2.37,insn per cycle
114.112121316,253856909,,cycles,68801090,100.00,,
114.212301714,1461,,rD044,68874275,100.00,,
114.212301714,3295383,,rFF44,68874715,100.00,,
114.212301714,603993343,,instructions,68874415,100.00,2.38,insn per cycle
114.212301714,254149075,,cycles,68874455,100.00,,
114.312474702,2313,,rD044,69438466,100.00,,
114.312474702,3372227,,rFF44,69433726,100.00,,
114.312474702,609002630,,instructions,69430646,100.00,2.38,insn per cycle
114.312474702,256331756,,cycles,69427456,100.00,,
114.412640529,1546,,rD044,69178731,100.00,,
114.412640529,3370233,,rFF44,69178731,100.00,,
114.412640529,615931637,,instructions,69178731,100.00,2.41,insn per cycle
114.412640529,255363079,,cycles,69178731,100.00,,
114.512819027,1575,,rD044,69407926,100.00,,
114.512819027,3401758,,rFF44,69407926,100.00,,
114.512819027,616003387,,instructions,69407926,100.00,2.40,insn per cycle
114.512819027,256218411,,cycles,69407926,100.00,,
114.612987245,2040,,rD044,69523106,100.00,,
114.612987245,3387808,,rFF44,69523106,100.00,,
114.612987245,616268690,,instructions,69523106,100.00,2.40,insn per cycle
114.612987245,256658162,,cycles,69523106,100.00,,
114.713149992,1697,,rD044,69642775,100.00,,
114.713149992,3409229,,rFF44,69642775,100.00,,
114.713149992,617469586,,instructions,69642775,100.00,2.40,insn per cycle
114.713149992,257136390,,cycles,69642775,100.00,,
114.813315390,2245,,rD044,69497369,100.00,,
114.813315390,3403162,,rFF44,69501929,100.00,,
114.813315390,615912587,,instructions,69505089,100.00,2.40,insn per cycle
114.813315390,256552061,,cycles,69508169,100.00,,
114.913486898,1368,,rD044,68719681,100.00,,
114.913486898,3381930,,rFF44,68720021,100.00,,
114.913486898,608071864,,instructions,68720421,100.00,2.40,insn per cycle
114.913486898,253577209,,cycles,68720402,100.00,,
115.013661555,1908,,rD044,68804940,100.00,,
115.013661555,3394700,,rFF44,68804740,100.00,,
115.013661555,606897321,,instructions,68804740,100.00,2.39,insn per cycle
115.013661555,253893053,,cycles,68804979,100.00,,
115.113839843,1415,,rD044,68722766,100.00,,
115.113839843,3373534,,rFF44,68722666,100.00,,
115.113839843,606312155,,instructions,68722576,100.00,2.39,insn per cycle
115.113839843,253592498,,cycles,68722717,100.00,,
115.214016421,1742,,rD044,68769998,100.00,,
115.214016421,3371863,,rFF44,68769988,100.00,,
115.214016421,602544647,,instructions,68769218,100.00,2.37,insn per cycle
115.214016421,253767659,,cycles,68768897,100.00,,
115.314191369,1847,,rD044,68674027,100.00,,
115.314191369,3296221,,rFF44,68674387,100.00,,
115.314191369,617252422,,instructions,68674937,100.00,2.44,insn per cycle
115.314191369,253420804,,cycles,68674997,100.00,,
115.414367996,1406,,rD044,68653879,100.00,,
115.414367996,3301664,,rFF44,68654099,100.00,,
115.414367996,628182248,,instructions,68653699,100.00,2.48,insn per cycle
115.414367996,253350460,,cycles,68653929,100.00,,
115.514543294,1310,,rD044,68705266,100.00,,
115.514543294,3310917,,rFF44,68705006,100.00,,
115.514543294,628554254,,instructions,68705206,100.00,2.48,insn per cycle
115.514543294,253521134,,cycles,68704786,100.00,,
115.614719712,2123,,rD044,68810076,100.00,,
115.614719712,3310192,,rFF44,68810316,100.00,,
115.614719712,628429710,,instructions,68810326,100.00,2.47,insn per cycle
115.614719712,253923789,,cycles,68810816,100.00,,
115.714894700,1642,,rD044,68767311,100.00,,
115.714894700,3303243,,rFF44,68767161,100.00,,
115.714894700,628238270,,instructions,68767331,100.00,2.48,insn per cycle
115.714894700,253732846,,cycles,68767141,100.00,,
115.815069547,1709,,rD044,68819756,100.00,,
115.815069547,3311955,,rFF44,68819326,100.00,,
115.815069547,629931805,,instructions,68819226,100.00,2.48,insn per cycle
115.815069547,253921894,,cycles,68819106,100.00,,
115.915244005,1625,,rD044,68571003,100.00,,
115.915244005,3288115,,rFF44,68571023,100.00,,
115.915244005,626998979,,instructions,68571103,100.00,2.48,insn per cycle
115.915244005,252997550,,cycles,68570863,100.00,,
116.015420063,1629,,rD044,68391819,100.00,,
116.015420063,3270099,,rFF44,68387229,100.00,,
116.015420063,625624818,,instructions,68384019,100.00,2.48,insn per cycle
116.015420063,252291738,,cycles,68381089,100.00,,
116.115585601,1712,,rD044,68724883,100.00,,
116.115585601,3222464,,rFF44,68724883,100.00,,
116.115585601,617203561,,instructions,68724883,100.00,2.43,insn per cycle
116.115585601,253513358,,cycles,68724883,100.00,,
116.215754278,1753,,rD044,69691629,100.00,,
116.215754278,3016910,,rFF44,69696429,100.00,,
116.215754278,604799074,,instructions,69699359,100.00,2.35,insn per cycle
116.215754278,257261266,,cycles,69702139,100.00,,
116.315938176,1597,,rD044,68916353,100.00,,
116.315938176,2999387,,rFF44,68916173,100.00,,
116.315938176,596680245,,instructions,68915983,100.00,2.35,insn per cycle
116.315938176,254280605,,cycles,68916273,100.00,,
116.416111994,1553,,rD044,68755209,100.00,,
116.416111994,2993857,,rFF44,68755189,100.00,,
116.416111994,596683695,,instructions,68755749,100.00,2.35,insn per cycle
116.416111994,253697322,,cycles,68755579,100.00,,
116.516293212,1796,,rD044,68917094,100.00,,
116.516293212,3000278,,rFF44,68916914,100.00,,
116.516293212,599378009,,instructions,68916914,100.00,2.36,insn per cycle
116.516293212,254290503,,cycles,68917204,100.00,,
116.616469619,1644,,rD044,68774207,100.00,,
116.616469619,3013030,,rFF44,68774447,100.00,,
116.616469619,595133822,,instructions,68774397,100.00,2.35,insn per cycle
116.616469619,253733198,,cycles,68774057,100.00,,
116.716645497,1452,,rD044,68747702,100.00,,
116.716645497,2985747,,rFF44,68748412,100.00,,
116.716645497,596102421,,instructions,68749352,100.00,2.35,insn per cycle
116.716645497,253651897,,cycles,68749462,100.00,,
116.816820885,1820,,rD044,70208698,100.00,,
116.816820885,3044499,,rFF44,70203328,100.00,,
116.816820885,611589629,,instructions,70199138,100.00,2.36,insn per cycle
116.816820885,259287238,,cycles,70196178,100.00,,
116.916984212,1704,,rD044,70435028,100.00,,
116.916984212,3073046,,rFF44,70435028,100.00,,
116.916984212,613041340,,instructions,70435028,100.00,2.36,insn per cycle
116.916984212,260208518,,cycles,70435028,100.00,,
117.017161710,1643,,rD044,70061921,100.00,,
117.017161710,3011021,,rFF44,70066591,100.00,,
117.017161710,609509026,,instructions,70070011,100.00,2.36,insn per cycle
117.017161710,258751115,,cycles,70073281,100.00,,
117.117338408,1793,,rD044,68755948,100.00,,
117.117338408,2970188,,rFF44,68755968,100.00,,
117.117338408,595582960,,instructions,68755778,100.00,2.35,insn per cycle
117.117338408,253671282,,cycles,68755468,100.00,,
117.217519486,1768,,rD044,68539101,100.00,,
117.217519486,2964195,,rFF44,68539381,100.00,,
117.217519486,587343544,,instructions,68539241,100.00,2.32,insn per cycle
117.217519486,252795441,,cycles,68539631,100.00,,
117.317701063,2131,,rD044,68840316,100.00,,
117.317701063,3008044,,rFF44,68840016,100.00,,
117.317701063,574368279,,instructions,68839916,100.00,2.26,insn per cycle
117.317701063,253922702,,cycles,68839716,100.00,,
117.417876921,1885,,rD044,72326548,100.00,,
117.417876921,3096815,,rFF44,72321878,100.00,,
117.417876921,599874017,,instructions,72318888,100.00,2.24,insn per cycle
117.417876921,267606537,,cycles,72315738,100.00,,
117.518042619,1426,,rD044,69598179,100.00,,
117.518042619,3015280,,rFF44,69602449,100.00,,
117.518042619,573364446,,instructions,69605849,100.00,2.23,insn per cycle
117.518042619,256992810,,cycles,69609129,100.00,,
117.618217236,1525,,rD044,68496804,100.00,,
117.618217236,2950215,,rFF44,68497064,100.00,,
117.618217236,563679165,,instructions,68496764,100.00,2.23,insn per cycle
117.618217236,252747925,,cycles,68496554,100.00,,
117.718394454,1630,,rD044,72956020,100.00,,
117.718394454,3112946,,rFF44,72951490,100.00,,
117.718394454,605471699,,instructions,72948390,100.00,2.24,insn per cycle
117.718394454,270022432,,cycles,72945320,100.00,,
117.818558832,2269,,rD044,69002952,100.00,,
117.818558832,2981741,,rFF44,69007852,100.00,,
117.818558832,568168079,,instructions,69010832,100.00,2.23,insn per cycle
117.818558832,254704775,,cycles,69014062,100.00,,
117.918732880,1731,,rD044,68855556,100.00,,
117.918732880,3001248,,rFF44,68855196,100.00,,
117.918732880,567006066,,instructions,68855526,100.00,2.23,insn per cycle
117.918732880,254100272,,cycles,68855546,100.00,,
118.018907497,1392,,rD044,72814256,100.00,,
118.018907497,3106097,,rFF44,72809716,100.00,,
118.018907497,605654312,,instructions,72806406,100.00,2.25,insn per cycle
118.018907497,269488408,,cycles,72803156,100.00,,
118.119071335,1565,,rD044,69026460,100.00,,
118.119071335,2971604,,rFF44,69031700,100.00,,
118.119071335,569389487,,instructions,69034820,100.00,2.23,insn per cycle
118.119071335,254776667,,cycles,69037910,100.00,,
118.219248753,1432,,rD044,68715236,100.00,,
118.219248753,2983054,,rFF44,68714706,100.00,,
118.219248753,565542713,,instructions,68714576,100.00,2.23,insn per cycle
118.219248753,253567061,,cycles,68714666,100.00,,
118.319422790,1739,,rD044,73239143,100.00,,
118.319422790,3131678,,rFF44,73239113,100.00,,
118.319422790,607741076,,instructions,73239203,100.00,2.24,insn per cycle
118.319422790,271123801,,cycles,73239013,100.00,,
118.419596358,1518,,rD044,68590957,100.00,,
118.419596358,2933317,,rFF44,68590567,100.00,,
118.419596358,565695201,,instructions,68590467,100.00,2.24,insn per cycle
118.419596358,253106150,,cycles,68590587,100.00,,
118.519771156,1276,,rD044,68969818,100.00,,
118.519771156,2943259,,rFF44,68965528,100.00,,
118.519771156,569020149,,instructions,68962548,100.00,2.24,insn per cycle
118.519771156,254562111,,cycles,68959438,100.00,,
118.619949914,1989,,rD044,72229063,100.00,,
118.619949914,3077489,,rFF44,72229063,100.00,,
118.619949914,608127481,,instructions,72229063,100.00,2.28,insn per cycle
118.619949914,267209442,,cycles,72229063,100.00,,
118.720120661,1625,,rD044,67990994,100.00,,
118.720120661,2731908,,rFF44,67990994,100.00,,
118.720120661,607957006,,instructions,67990994,100.00,2.42,insn per cycle
118.720120661,250745536,,cycles,67990994,100.00,,
118.820285009,1559,,rD044,68198789,100.00,,
118.820285009,2743630,,rFF44,68201289,100.00,,
118.820285009,608970136,,instructions,68201289,100.00,2.42,insn per cycle
118.820285009,251557754,,cycles,68201289,100.00,,
118.920456607,2431,,rD044,68298834,100.00,,
118.920456607,2742990,,rFF44,68296334,100.00,,
118.920456607,608884147,,instructions,68296334,100.00,2.42,insn per cycle
118.920456607,251960114,,cycles,68296334,100.00,,
119.020623234,1707,,rD044,68218817,100.00,,
119.020623234,2743740,,rFF44,68222917,100.00,,
119.020623234,608353797,,instructions,68222917,100.00,2.42,insn per cycle
119.020623234,251654053,,cycles,68222917,100.00,,
119.120797912,1910,,rD044,68296337,100.00,,
119.120797912,2748699,,rFF44,68292237,100.00,,
119.120797912,608090799,,instructions,68298497,100.00,2.41,insn per cycle
119.120797912,251954322,,cycles,68301067,100.00,,
119.220995970,2255,,rD044,68616005,100.00,,
119.220995970,2765250,,rFF44,68616005,100.00,,
119.220995970,609466085,,instructions,68609745,100.00,2.41,insn per cycle
119.220995970,253148134,,cycles,68607175,100.00,,
119.321166808,1333,,rD044,68516475,100.00,,
119.321166808,2792509,,rFF44,68522665,100.00,,
119.321166808,609723849,,instructions,68525015,100.00,2.41,insn per cycle
119.321166808,252873600,,cycles,68525015,100.00,,
119.421342605,1619,,rD044,68499894,100.00,,
119.421342605,2732778,,rFF44,68493704,100.00,,
119.421342605,609588596,,instructions,68491354,100.00,2.41,insn per cycle
119.421342605,252693534,,cycles,68491354,100.00,,
119.521506733,1544,,rD044,68402414,100.00,,
119.521506733,2726970,,rFF44,68402414,100.00,,
119.521506733,609497946,,instructions,68402414,100.00,2.41,insn per cycle
119.521506733,252394335,,cycles,68409424,100.00,,
119.621687221,1701,,rD044,68691203,100.00,,
119.621687221,2752492,,rFF44,68691203,100.00,,
119.621687221,609443508,,instructions,68691203,100.00,2.40,insn per cycle
119.621687221,253456749,,cycles,68684193,100.00,,
119.721851008,1675,,rD044,71725263,100.00,,
119.721851008,2929620,,rFF44,71725263,100.00,,
119.721851008,610076253,,instructions,71725263,100.00,2.30,insn per cycle
119.721851008,265259401,,cycles,71725263,100.00,,
119.822016916,1785,,rD044,69001475,100.00,,
119.822016916,2786913,,rFF44,69006265,100.00,,
119.822016916,579189943,,instructions,69009605,100.00,2.27,insn per cycle
119.822016916,254685347,,cycles,69012785,100.00,,
119.922190714,1728,,rD044,68574226,100.00,,
119.922190714,2767075,,rFF44,68574066,100.00,,
119.922190714,577619868,,instructions,68573956,100.00,2.28,insn per cycle
119.922190714,253074279,,cycles,68573916,100.00,,
120.022364222,2225,,rD044,70096028,100.00,,
120.022364222,2836633,,rFF44,70091398,100.00,,
120.022364222,590224698,,instructions,70088168,100.00,2.28,insn per cycle
120.022364222,258937536,,cycles,70085028,100.00,,
120.122537419,1710,,rD044,71612234,100.00,,
120.122537419,2906596,,rFF44,71617534,100.00,,
120.122537419,604709627,,instructions,71620904,100.00,2.28,insn per cycle
120.122537419,264814212,,cycles,71624474,100.00,,
120.222715417,1790,,rD044,68695523,100.00,,
120.222715417,2794207,,rFF44,68694503,100.00,,
120.222715417,577523474,,instructions,68694033,100.00,2.28,insn per cycle
120.222715417,253494294,,cycles,68693463,100.00,,
120.322895715,1428,,rD044,68616067,100.00,,
120.322895715,2807021,,rFF44,68616487,100.00,,
120.322895715,576122031,,instructions,68616857,100.00,2.28,insn per cycle
120.322895715,253193434,,cycles,68617067,100.00,,
120.423072893,1532,,rD044,71026851,100.00,,
120.423072893,2883691,,rFF44,71022151,100.00,,
120.423072893,600224050,,instructions,71018881,100.00,2.29,insn per cycle
120.423072893,262574863,,cycles,71015671,100.00,,
120.523236420,1743,,rD044,70611749,100.00,,
120.523236420,2841786,,rFF44,70616659,100.00,,
120.523236420,595282652,,instructions,70619979,100.00,2.28,insn per cycle
120.523236420,260936014,,cycles,70622819,100.00,,
120.623415008,1410,,rD044,68694683,100.00,,
120.623415008,2788229,,rFF44,68695023,100.00,,
120.623415008,577255323,,instructions,68695703,100.00,2.28,insn per cycle
120.623415008,253540402,,cycles,68695883,100.00,,
120.723592846,2437,,rD044,68819854,100.00,,
120.723592846,2842359,,rFF44,68817244,100.00,,
120.723592846,575521536,,instructions,68813244,100.00,2.27,insn per cycle
120.723592846,253922724,,cycles,68810224,100.00,,
120.823769203,1946,,rD044,70109619,100.00,,
120.823769203,2943641,,rFF44,70111369,100.00,,
120.823769203,608605640,,instructions,70114319,100.00,2.35,insn per cycle
120.823769203,259056950,,cycles,70119579,100.00,,
120.923966371,1691,,rD044,67999865,100.00,,
120.923966371,2801730,,rFF44,67995475,100.00,,
120.923966371,608968231,,instructions,67992525,100.00,2.43,insn per cycle
120.923966371,250745953,,cycles,67987265,100.00,,
121.024129529,2185,,rD044,68185581,100.00,,
121.024129529,2826217,,rFF44,68185581,100.00,,
121.024129529,609129929,,instructions,68185581,100.00,2.42,insn per cycle
121.024129529,251548196,,cycles,68185581,100.00,,
121.124290016,1241,,rD044,68316695,100.00,,
121.124290016,2910258,,rFF44,68316695,100.00,,
121.124290016,608804837,,instructions,68316695,100.00,2.42,insn per cycle
121.124290016,252061176,,cycles,68316695,100.00,,
121.224457864,1355,,rD044,68533541,100.00,,
121.224457864,2915350,,rFF44,68538331,100.00,,
121.224457864,610114140,,instructions,68541381,100.00,2.41,insn per cycle
121.224457864,252924439,,cycles,68544711,100.00,,
121.324634852,2424,,rD044,68681724,100.00,,
121.324634852,2800743,,rFF44,68681344,100.00,,
121.324634852,615344821,,instructions,68681554,100.00,2.43,insn per cycle
121.324634852,253437376,,cycles,68681334,100.00,,
121.424823180,1514,,rD044,68642782,100.00,,
121.424823180,2808827,,rFF44,68643322,100.00,,
121.424823180,615607693,,instructions,68643172,100.00,2.43,insn per cycle
121.424823180,253305075,,cycles,68643062,100.00,,
121.525001048,1560,,rD044,68843734,100.00,,
121.525001048,2867619,,rFF44,68843564,100.00,,
121.525001048,615430743,,instructions,68843554,100.00,2.42,insn per cycle
121.525001048,254054562,,cycles,68843944,100.00,,
121.625176995,1749,,rD044,68751726,100.00,,
121.625176995,2813658,,rFF44,68751226,100.00,,
121.625176995,615450058,,instructions,68751216,100.00,2.43,insn per cycle
121.625176995,253683057,,cycles,68750586,100.00,,
121.725351653,1380,,rD044,68805465,100.00,,
121.725351653,2843460,,rFF44,68805805,100.00,,
121.725351653,615082143,,instructions,68805775,100.00,2.42,insn per cycle
121.725351653,253936453,,cycles,68806335,100.00,,
121.825530221,1840,,rD044,68316530,100.00,,
121.825530221,2884329,,rFF44,68316600,100.00,,
121.825530221,601166736,,instructions,68316610,100.00,2.38,insn per cycle
121.825530221,252091963,,cycles,68316430,100.00,,
121.925705858,2118,,rD044,68638705,100.00,,
121.925705858,2823884,,rFF44,68638365,100.00,,
121.925705858,612803545,,instructions,68638395,100.00,2.42,insn per cycle
121.925705858,253259893,,cycles,68638165,100.00,,
122.025880876,1580,,rD044,68746981,100.00,,
122.025880876,2812146,,rFF44,68747241,100.00,,
122.025880876,614793704,,instructions,68746951,100.00,2.42,insn per cycle
122.025880876,253699680,,cycles,68747031,100.00,,
122.126056804,2530,,rD044,68597379,100.00,,
122.126056804,2839112,,rFF44,68597319,100.00,,
122.126056804,611755655,,instructions,68597739,100.00,2.42,insn per cycle
122.126056804,253120821,,cycles,68597859,100.00,,
122.226237632,2483,,rD044,68691442,100.00,,
122.226237632,2846563,,rFF44,68691322,100.00,,
122.226237632,613198258,,instructions,68691302,100.00,2.42,insn per cycle
122.226237632,253465622,,cycles,68691202,100.00,,
122.326415680,1410,,rD044,68664454,100.00,,
122.326415680,2802608,,rFF44,68665234,100.00,,
122.326415680,614986841,,instructions,68665384,100.00,2.43,insn per cycle
122.326415680,253391746,,cycles,68665544,100.00,,
122.426593027,1854,,rD044,68696384,100.00,,
122.426593027,2800004,,rFF44,68695444,100.00,,
122.426593027,615343456,,instructions,68695224,100.00,2.43,insn per cycle
122.426593027,253499009,,cycles,68695044,100.00,,
122.526767665,3202,,rD044,64710036,100.00,,
122.526767665,2710187,,rFF44,64710576,100.00,,
122.526767665,561489038,,instructions,64710496,100.00,2.36,insn per cycle
122.526767665,237695740,,cycles,64710806,100.00,,
122.626957923,2314,,rD044,69360287,100.00,,
122.626957923,2862283,,rFF44,69360207,100.00,,
122.626957923,610055729,,instructions,69360737,100.00,2.39,insn per cycle
122.626957923,255728070,,cycles,69360507,100.00,,
122.727132361,2429,,rD044,69673357,100.00,,
122.727132361,2887929,,rFF44,69673077,100.00,,
122.727132361,612576291,,instructions,69672617,100.00,2.38,insn per cycle
122.727132361,256886857,,cycles,69672457,100.00,,
122.827307088,2550,,rD044,69857155,100.00,,
122.827307088,2911731,,rFF44,69857395,100.00,,
122.827307088,613810483,,instructions,69857165,100.00,2.38,insn per cycle
122.827307088,257578436,,cycles,69857225,100.00,,
122.927480176,2481,,rD044,69899525,100.00,,
122.927480176,2897791,,rFF44,69894835,100.00,,
122.927480176,602510847,,instructions,69891935,100.00,2.34,insn per cycle
122.927480176,257628492,,cycles,69888965,100.00,,
123.027639854,1766,,rD044,69295784,100.00,,
123.027639854,2866027,,rFF44,69300194,100.00,,
123.027639854,617122487,,instructions,69303664,100.00,2.42,insn per cycle
123.027639854,255391479,,cycles,69306694,100.00,,
123.127814801,1664,,rD044,69435982,100.00,,
123.127814801,2888258,,rFF44,69436362,100.00,,
123.127814801,617276466,,instructions,69435702,100.00,2.41,insn per cycle
123.127814801,255947971,,cycles,69435902,100.00,,
123.227994469,1559,,rD044,69030614,100.00,,
123.227994469,2855507,,rFF44,69030294,100.00,,
123.227994469,613027423,,instructions,69030814,100.00,2.41,insn per cycle
123.227994469,254358743,,cycles,69030934,100.00,,
123.328171717,1505,,rD044,69484807,100.00,,
123.328171717,2878186,,rFF44,69485467,100.00,,
123.328171717,617834496,,instructions,69485097,100.00,2.41,insn per cycle
123.328171717,256106425,,cycles,69484987,100.00,,
123.428351075,1533,,rD044,69573473,100.00,,
123.428351075,2877215,,rFF44,69572933,100.00,,
123.428351075,617483771,,instructions,69572933,100.00,2.41,insn per cycle
123.428351075,256442019,,cycles,69572813,100.00,,
123.528530232,2007,,rD044,69632368,100.00,,
123.528530232,2870685,,rFF44,69632608,100.00,,
123.528530232,616487673,,instructions,69632818,100.00,2.40,insn per cycle
123.528530232,256629554,,cycles,69632818,100.00,,
123.628705270,1725,,rD044,69601910,100.00,,
123.628705270,2877567,,rFF44,69601660,100.00,,
123.628705270,617289339,,instructions,69601790,100.00,2.41,insn per cycle
123.628705270,256569784,,cycles,69601580,100.00,,
123.728877768,1524,,rD044,69386000,100.00,,
123.728877768,2899268,,rFF44,69386770,100.00,,
123.728877768,613884567,,instructions,69386380,100.00,2.40,insn per cycle
123.728877768,255742166,,cycles,69387000,100.00,,
123.829052956,2155,,rD044,69532465,100.00,,
123.829052956,2885056,,rFF44,69531525,100.00,,
123.829052956,617630113,,instructions,69532095,100.00,2.41,insn per cycle
123.829052956,256264446,,cycles,69531565,100.00,,
123.929228563,1959,,rD044,69629386,100.00,,
123.929228563,3098194,,rFF44,69629996,100.00,,
123.929228563,621974730,,instructions,69629656,100.00,2.42,insn per cycle
123.929228563,256624688,,cycles,69629716,100.00,,
124.029409031,1886,,rD044,69554208,100.00,,
124.029409031,3411418,,rFF44,69553608,100.00,,
124.029409031,634956464,,instructions,69553518,100.00,2.48,insn per cycle
124.029409031,256352776,,cycles,69553718,100.00,,
124.129581919,1758,,rD044,67134019,100.00,,
124.129581919,3311980,,rFF44,67129599,100.00,,
124.129581919,609543521,,instructions,67126549,100.00,2.47,insn per cycle
124.129581919,246940521,,cycles,67129729,100.00,,
124.229756577,1815,,rD044,67536065,100.00,,
124.229756577,3342148,,rFF44,67540985,100.00,,
124.229756577,613386909,,instructions,67544455,100.00,2.47,insn per cycle
124.229756577,248522422,,cycles,67541365,100.00,,
124.329949164,1965,,rD044,69626331,100.00,,
124.329949164,3434282,,rFF44,69626441,100.00,,
124.329949164,635281788,,instructions,69626251,100.00,2.48,insn per cycle
124.329949164,256615878,,cycles,69625771,100.00,,
124.430128812,1579,,rD044,69522251,100.00,,
124.430128812,3460134,,rFF44,69522021,100.00,,
124.430128812,631954725,,instructions,69522221,100.00,2.47,insn per cycle
124.430128812,256259747,,cycles,69522411,100.00,,
124.530305030,2042,,rD044,68366992,100.00,,
124.530305030,3416621,,rFF44,68362192,100.00,,
124.530305030,619908536,,instructions,68358712,100.00,2.46,insn per cycle
124.530305030,251757759,,cycles,68355652,100.00,,
124.630475628,1491,,rD044,66898491,100.00,,
124.630475628,3331246,,rFF44,66902731,100.00,,
124.630475628,604765648,,instructions,66902731,100.00,2.46,insn per cycle
124.630475628,245992614,,cycles,66902731,100.00,,
124.730647615,1486,,rD044,68956896,100.00,,
124.730647615,3394011,,rFF44,68957276,100.00,,
124.730647615,626951240,,instructions,68960636,100.00,2.47,insn per cycle
124.730647615,254107737,,cycles,68963556,100.00,,
124.830820213,1421,,rD044,69584494,100.00,,
124.830820213,3481777,,rFF44,69584274,100.00,,
124.830820213,633515082,,instructions,69584244,100.00,2.47,insn per cycle
124.830820213,256507894,,cycles,69584874,100.00,,
124.930997921,2230,,rD044,69506599,100.00,,
124.930997921,3444906,,rFF44,69507029,100.00,,
124.930997921,631718375,,instructions,69507999,100.00,2.47,insn per cycle
124.930997921,256218301,,cycles,69507829,100.00,,
125.031172599,2171,,rD044,67640481,100.00,,
125.031172599,3348969,,rFF44,67635651,100.00,,
125.031172599,610505262,,instructions,67631351,100.00,2.45,insn per cycle
125.031172599,248936593,,cycles,67627971,100.00,,
125.131335146,1941,,rD044,66953858,100.00,,
125.131335146,3335269,,rFF44,66953858,100.00,,
125.131335146,605125421,,instructions,66953858,100.00,2.46,insn per cycle
125.131335146,246220962,,cycles,66953858,100.00,,
125.231499724,1668,,rD044,69266035,100.00,,
125.231499724,3416018,,rFF44,69270795,100.00,,
125.231499724,630061292,,instructions,69274015,100.00,2.47,insn per cycle
125.231499724,255284643,,cycles,69277215,100.00,,
125.331673422,2025,,rD044,69333087,100.00,,
125.331673422,3412397,,rFF44,69333007,100.00,,
125.331673422,626624614,,instructions,69332707,100.00,2.45,insn per cycle
125.331673422,255519392,,cycles,69332617,100.00,,
125.431850419,1669,,rD044,69393172,100.00,,
125.431850419,3456773,,rFF44,69393352,100.00,,
125.431850419,600666619,,instructions,69393882,100.00,2.35,insn per cycle
125.431850419,255769925,,cycles,69394052,100.00,,
125.532034817,1810,,rD044,65866123,100.00,,
125.532034817,3320706,,rFF44,65866353,100.00,,
125.532034817,568627850,,instructions,65866003,100.00,2.35,insn per cycle
125.532034817,242374834,,cycles,65865933,100.00,,
125.632211795,1710,,rD044,69467029,100.00,,
125.632211795,3520250,,rFF44,69467019,100.00,,
125.632211795,602311559,,instructions,69466949,100.00,2.35,insn per cycle
125.632211795,256033840,,cycles,69466909,100.00,,
125.732384903,1806,,rD044,69482385,100.00,,
125.732384903,3518101,,rFF44,69481935,100.00,,
125.732384903,602650697,,instructions,69482055,100.00,2.35,insn per cycle
125.732384903,256115516,,cycles,69482125,100.00,,
125.832560510,1703,,rD044,69332773,100.00,,
125.832560510,3528814,,rFF44,69328143,100.00,,
125.832560510,601778384,,instructions,69324993,100.00,2.36,insn per cycle
125.832560510,255486435,,cycles,69321753,100.00,,
125.932728898,1807,,rD044,69299260,100.00,,
125.932728898,3518448,,rFF44,69304110,100.00,,
125.932728898,602659355,,instructions,69307030,100.00,2.36,insn per cycle
125.932728898,255418361,,cycles,69310470,100.00,,
126.032904226,1818,,rD044,69379048,100.00,,
126.032904226,3536763,,rFF44,69374198,100.00,,
126.032904226,602514472,,instructions,69371278,100.00,2.36,insn per cycle
126.032904226,255661746,,cycles,69367838,100.00,,
126.133067643,1707,,rD044,69358978,100.00,,
126.133067643,3508636,,rFF44,69358978,100.00,,
126.133067643,602663999,,instructions,69358978,100.00,2.36,insn per cycle
126.133067643,255845006,,cycles,69358978,100.00,,
126.233231611,1677,,rD044,69489031,100.00,,
126.233231611,3514607,,rFF44,69489031,100.00,,
126.233231611,603006740,,instructions,69489031,100.00,2.35,insn per cycle
126.233231611,256110061,,cycles,69489031,100.00,,
126.333401949,1692,,rD044,69450925,100.00,,
126.333401949,3532057,,rFF44,69450925,100.00,,
126.333401949,603008280,,instructions,69450925,100.00,2.36,insn per cycle
126.333401949,255944376,,cycles,69450925,100.00,,
126.433566736,2049,,rD044,70652609,100.00,,
126.433566736,3627109,,rFF44,70652609,100.00,,
126.433566736,605476552,,instructions,70652609,100.00,2.32,insn per cycle
126.433566736,260607604,,cycles,70652609,100.00,,
126.533730994,1971,,rD044,71819534,100.00,,
126.533730994,3774449,,rFF44,71824424,100.00,,
126.533730994,596088186,,instructions,71827704,100.00,2.25,insn per cycle
126.533730994,265082767,,cycles,71830874,100.00,,
126.633905652,2977,,rD044,69645049,100.00,,
126.633905652,3590304,,rFF44,69644689,100.00,,
126.633905652,578327346,,instructions,69644439,100.00,2.25,insn per cycle
126.633905652,256588881,,cycles,69644419,100.00,,
126.734077539,1702,,rD044,69831078,100.00,,
126.734077539,3486168,,rFF44,69830688,100.00,,
126.734077539,576583503,,instructions,69830918,100.00,2.24,insn per cycle
126.734077539,257042872,,cycles,69831138,100.00,,
126.834255937,1493,,rD044,70992556,100.00,,
126.834255937,3531805,,rFF44,70988416,100.00,,
126.834255937,589395667,,instructions,70985156,100.00,2.25,insn per cycle
126.834255937,261516604,,cycles,70981786,100.00,,
126.934419345,1719,,rD044,72631361,100.00,,
126.934419345,3606705,,rFF44,72631361,100.00,,
126.934419345,603323997,,instructions,72631361,100.00,2.25,insn per cycle
126.934419345,267976416,,cycles,72631361,100.00,,
127.034582282,1720,,rD044,70221798,100.00,,
127.034582282,3506845,,rFF44,70226998,100.00,,
127.034582282,579812425,,instructions,70230438,100.00,2.24,insn per cycle
127.034582282,258508777,,cycles,70233548,100.00,,
127.134762240,1614,,rD044,70064133,100.00,,
127.134762240,3472155,,rFF44,70063083,100.00,,
127.134762240,565688374,,instructions,70062693,100.00,2.19,insn per cycle
127.134762240,257885563,,cycles,70062923,100.00,,
127.234951928,1667,,rD044,70898953,100.00,,
127.234951928,3539027,,rFF44,70894803,100.00,,
127.234951928,589615655,,instructions,70891753,100.00,2.26,insn per cycle
127.234951928,261258181,,cycles,70888413,100.00,,
127.335125026,1672,,rD044,72135947,100.00,,
127.335125026,3631734,,rFF44,72135947,100.00,,
127.335125026,607906494,,instructions,72135947,100.00,2.28,insn per cycle
127.335125026,266123877,,cycles,72135947,100.00,,
127.435288033,1909,,rD044,70551118,100.00,,
127.435288033,3543943,,rFF44,70555908,100.00,,
127.435288033,588982806,,instructions,70559248,100.00,2.27,insn per cycle
127.435288033,259929516,,cycles,70562658,100.00,,
127.535460691,1607,,rD044,69714838,100.00,,
127.535460691,3519801,,rFF44,69715218,100.00,,
127.535460691,581525872,,instructions,69715468,100.00,2.27,insn per cycle
127.535460691,256648640,,cycles,69715148,100.00,,
127.635642169,1883,,rD044,68372382,100.00,,
127.635642169,3447344,,rFF44,68371312,100.00,,
127.635642169,570618087,,instructions,68370682,100.00,2.27,insn per cycle
127.635642169,251593467,,cycles,68370972,100.00,,
127.735819266,1543,,rD044,72090505,100.00,,
127.735819266,3620700,,rFF44,72086405,100.00,,
127.735819266,606893717,,instructions,72083445,100.00,2.28,insn per cycle
127.735819266,266126653,,cycles,72080065,100.00,,
127.835983114,1725,,rD044,70898993,100.00,,
127.835983114,3567823,,rFF44,70903763,100.00,,
127.835983114,594419626,,instructions,70907223,100.00,2.27,insn per cycle
127.835983114,261376665,,cycles,70910553,100.00,,
127.936158882,1471,,rD044,69582670,100.00,,
127.936158882,3513764,,rFF44,69582690,100.00,,
127.936158882,582745189,,instructions,69582600,100.00,2.27,insn per cycle
127.936158882,256177498,,cycles,69582160,100.00,,
128.036337740,1733,,rD044,69539773,100.00,,
128.036337740,3520140,,rFF44,69539673,100.00,,
128.036337740,581435889,,instructions,69539393,100.00,2.27,insn per cycle
128.036337740,256023244,,cycles,69539843,100.00,,
128.136517837,1740,,rD044,70154815,100.00,,
128.136517837,3548815,,rFF44,70150125,100.00,,
128.136517837,585464665,,instructions,70147035,100.00,2.27,insn per cycle
128.136517837,258387359,,cycles,70143695,100.00,,
128.236683735,1813,,rD044,72556062,100.00,,
128.236683735,3702306,,rFF44,72556062,100.00,,
128.236683735,606779560,,instructions,72556062,100.00,2.27,insn per cycle
128.236683735,267824778,,cycles,72556062,100.00,,
128.336846193,1499,,rD044,70195389,100.00,,
128.336846193,3533695,,rFF44,70199969,100.00,,
128.336846193,585577390,,instructions,70203369,100.00,2.26,insn per cycle
128.336846193,258576068,,cycles,70206339,100.00,,
128.437021540,1995,,rD044,69629934,100.00,,
128.437021540,3517449,,rFF44,69629624,100.00,,
128.437021540,579277499,,instructions,69629394,100.00,2.26,insn per cycle
128.437021540,256347741,,cycles,69630054,100.00,,
128.537198008,1903,,rD044,69603024,100.00,,
128.537198008,3499830,,rFF44,69603204,100.00,,
128.537198008,578203035,,instructions,69603004,100.00,2.26,insn per cycle
128.537198008,256237444,,cycles,69602744,100.00,,
128.637371066,1692,,rD044,72616411,100.00,,
128.637371066,3656576,,rFF44,72611961,100.00,,
128.637371066,605763352,,instructions,72608991,100.00,2.26,insn per cycle
128.637371066,268018833,,cycles,72605621,100.00,,
128.737536003,1872,,rD044,71265889,100.00,,
128.737536003,3578123,,rFF44,71270209,100.00,,
128.737536003,588709340,,instructions,71273429,100.00,2.24,insn per cycle
128.737536003,262709789,,cycles,71276489,100.00,,
128.837709881,1820,,rD044,70135778,100.00,,
128.837709881,3375542,,rFF44,70131458,100.00,,
128.837709881,554499051,,instructions,70128238,100.00,2.15,insn per cycle
128.837709881,258280155,,cycles,70125178,100.00,,
128.937875389,2095,,rD044,73719222,100.00,,
128.937875389,3451813,,rFF44,73723602,100.00,,
128.937875389,583597573,,instructions,73726692,100.00,2.14,insn per cycle
128.937875389,272304696,,cycles,73730032,100.00,,
129.038051136,1744,,rD044,72924630,100.00,,
129.038051136,3432975,,rFF44,72925850,100.00,,
129.038051136,577430346,,instructions,72922760,100.00,2.14,insn per cycle
129.038051136,269231123,,cycles,72919420,100.00,,
129.138225544,1607,,rD044,70889961,100.00,,
129.138225544,3336496,,rFF44,70889131,100.00,,
129.138225544,557483312,,instructions,70892451,100.00,2.13,insn per cycle
129.138225544,261201633,,cycles,70895671,100.00,,
129.238399902,1433,,rD044,74052525,100.00,,
129.238399902,3456246,,rFF44,74052795,100.00,,
129.238399902,587018638,,instructions,74053405,100.00,2.15,insn per cycle
129.238399902,273634203,,cycles,74053545,100.00,,
129.338576800,1520,,rD044,70388490,100.00,,
129.338576800,3325521,,rFF44,70383450,100.00,,
129.338576800,551900897,,instructions,70379520,100.00,2.13,insn per cycle
129.338576800,259277359,,cycles,70376160,100.00,,
129.438741937,1634,,rD044,72720836,100.00,,
129.438741937,3444182,,rFF44,72725686,100.00,,
129.438741937,573742170,,instructions,72728896,100.00,2.14,insn per cycle
129.438741937,268510429,,cycles,72732336,100.00,,
129.538934655,1751,,rD044,74219849,100.00,,
129.538934655,3488049,,rFF44,74219909,100.00,,
129.538934655,586393603,,instructions,74219789,100.00,2.14,insn per cycle
129.538934655,274222009,,cycles,74219669,100.00,,
129.639109913,1747,,rD044,69644235,100.00,,
129.639109913,3321048,,rFF44,69644175,100.00,,
129.639109913,543915618,,instructions,69644315,100.00,2.12,insn per cycle
129.639109913,256394988,,cycles,69643995,100.00,,
129.739285061,1804,,rD044,74040882,100.00,,
129.739285061,3496115,,rFF44,74040312,100.00,,
129.739285061,583326660,,instructions,74040082,100.00,2.13,insn per cycle
129.739285061,273547880,,cycles,74040112,100.00,,
129.839459158,1622,,rD044,69434475,100.00,,
129.839459158,3400803,,rFF44,69434785,100.00,,
129.839459158,566237097,,instructions,69435015,100.00,2.21,insn per cycle
129.839459158,255640583,,cycles,69435085,100.00,,
129.939643886,1841,,rD044,70570841,100.00,,
129.939643886,3540674,,rFF44,70566251,100.00,,
129.939643886,600519362,,instructions,70563021,100.00,2.31,insn per cycle
129.939643886,260239970,,cycles,70559921,100.00,,
130.039824664,1946,,rD044,71404881,100.00,,
130.039824664,3577103,,rFF44,71409471,100.00,,
130.039824664,604613332,,instructions,71412761,100.00,2.30,insn per cycle
130.039824664,263285269,,cycles,71416161,100.00,,
130.139996162,1848,,rD044,69375552,100.00,,
130.139996162,3494756,,rFF44,69376292,100.00,,
130.139996162,588218125,,instructions,69376512,100.00,2.30,insn per cycle
130.139996162,255377164,,cycles,69376892,100.00,,
130.240170099,1569,,rD044,69458938,100.00,,
130.240170099,3477654,,rFF44,69458018,100.00,,
130.240170099,587585286,,instructions,69458028,100.00,2.30,insn per cycle
130.240170099,255715670,,cycles,69457968,100.00,,
130.340345067,1557,,rD044,69522100,100.00,,
130.340345067,3497102,,rFF44,69522650,100.00,,
130.340345067,590820135,,instructions,69522340,100.00,2.31,insn per cycle
130.340345067,255976158,,cycles,69522570,100.00,,
130.440521745,1604,,rD044,69561669,100.00,,
130.440521745,3507360,,rFF44,69561619,100.00,,
130.440521745,591351848,,instructions,69561379,100.00,2.31,insn per cycle
130.440521745,256038595,,cycles,69560849,100.00,,
130.540699243,1662,,rD044,69512055,100.00,,
130.540699243,3512328,,rFF44,69511815,100.00,,
130.540699243,589789295,,instructions,69512165,100.00,2.30,insn per cycle
130.540699243,255920441,,cycles,69511875,100.00,,
130.640879561,1298,,rD044,70641551,100.00,,
130.640879561,3523870,,rFF44,70636881,100.00,,
130.640879561,599675885,,instructions,70633561,100.00,2.30,insn per cycle
130.640879561,260497118,,cycles,70630431,100.00,,
130.741051458,1658,,rD044,71542911,100.00,,
130.741051458,3350878,,rFF44,71547631,100.00,,
130.741051458,592685407,,instructions,71550981,100.00,2.25,insn per cycle
130.741051458,263828505,,cycles,71554041,100.00,,
130.841226956,1423,,rD044,69491873,100.00,,
130.841226956,3246249,,rFF44,69491573,100.00,,
130.841226956,572382151,,instructions,69491303,100.00,2.24,insn per cycle
130.841226956,255856230,,cycles,69491323,100.00,,
130.941404184,1754,,rD044,69565111,100.00,,
130.941404184,3250866,,rFF44,69565521,100.00,,
130.941404184,574744416,,instructions,69566051,100.00,2.24,insn per cycle
130.941404184,256133322,,cycles,69566231,100.00,,
131.041580261,1562,,rD044,72850715,100.00,,
131.041580261,3367962,,rFF44,72845885,100.00,,
131.041580261,604505455,,instructions,72842275,100.00,2.25,insn per cycle
131.041580261,268985076,,cycles,72839015,100.00,,
131.141750849,1505,,rD044,70560490,100.00,,
131.141750849,3298562,,rFF44,70565180,100.00,,
131.141750849,583887103,,instructions,70568820,100.00,2.25,insn per cycle
131.141750849,259973151,,cycles,70572290,100.00,,
131.241944027,1469,,rD044,69592386,100.00,,
131.241944027,3239671,,rFF44,69592466,100.00,,
131.241944027,572137291,,instructions,69591936,100.00,2.23,insn per cycle
131.241944027,256228525,,cycles,69591606,100.00,,
131.342120105,1725,,rD044,73999387,100.00,,
131.342120105,3664112,,rFF44,73998797,100.00,,
131.342120105,547335502,,instructions,73999137,100.00,2.00,insn per cycle
131.342120105,273445250,,cycles,73999327,100.00,,
131.442294383,1256,,rD044,73224610,100.00,,
131.442294383,3273722,,rFF44,73220430,100.00,,
131.442294383,606760005,,instructions,73216980,100.00,2.24,insn per cycle
131.442294383,270467033,,cycles,73213650,100.00,,
131.542459980,1424,,rD044,70444552,100.00,,
131.542459980,3188140,,rFF44,70449272,100.00,,
131.542459980,577714648,,instructions,70452922,100.00,2.23,insn per cycle
131.542459980,259537657,,cycles,70456542,100.00,,
131.642637008,1752,,rD044,69533827,100.00,,
131.642637008,3148356,,rFF44,69534207,100.00,,
131.642637008,568755601,,instructions,69533817,100.00,2.22,insn per cycle
131.642637008,256022514,,cycles,69533217,100.00,,
131.742814956,1605,,rD044,72347726,100.00,,
131.742814956,3282175,,rFF44,72348666,100.00,,
131.742814956,595846838,,instructions,72348836,100.00,2.23,insn per cycle
131.742814956,267014726,,cycles,72347926,100.00,,
131.842990653,1736,,rD044,71353855,100.00,,
131.842990653,3205338,,rFF44,71352315,100.00,,
131.842990653,584917843,,instructions,71352385,100.00,2.22,insn per cycle
131.842990653,263058936,,cycles,71353835,100.00,,
131.943166521,1480,,rD044,69538614,100.00,,
131.943166521,2948960,,rFF44,69539074,100.00,,
131.943166521,590687790,,instructions,69538884,100.00,2.31,insn per cycle
131.943166521,256047410,,cycles,69538314,100.00,,
132.043342799,1797,,rD044,69554142,100.00,,
132.043342799,2914212,,rFF44,69553822,100.00,,
132.043342799,592617427,,instructions,69553862,100.00,2.31,insn per cycle
132.043342799,256070263,,cycles,69553942,100.00,,
132.143522397,1571,,rD044,69866746,100.00,,
132.143522397,2927937,,rFF44,69862106,100.00,,
132.143522397,594939819,,instructions,69858756,100.00,2.31,insn per cycle
132.143522397,257274230,,cycles,69855686,100.00,,
132.243688594,1570,,rD044,71869096,100.00,,
132.243688594,3013462,,rFF44,71874996,100.00,,
132.243688594,613749725,,instructions,71878497,100.00,2.31,insn per cycle
132.243688594,265237046,,cycles,71881257,100.00,,
132.343862982,1590,,rD044,71284321,100.00,,
132.343862982,3096696,,rFF44,71283211,100.00,,
132.343862982,605292721,,instructions,71283110,100.00,2.30,insn per cycle
132.343862982,262788013,,cycles,71283740,100.00,,
132.444038190,1635,,rD044,69530343,100.00,,
132.444038190,3086406,,rFF44,69529973,100.00,,
132.444038190,587216345,,instructions,69529613,100.00,2.29,insn per cycle
132.444038190,255985191,,cycles,69529234,100.00,,
132.544219297,1735,,rD044,69346425,100.00,,
132.544219297,3092194,,rFF44,69346605,100.00,,
132.544219297,584154730,,instructions,69346825,100.00,2.29,insn per cycle
132.544219297,255268200,,cycles,69347044,100.00,,
132.644398785,1847,,rD044,69617742,100.00,,
132.644398785,3097565,,rFF44,69618213,100.00,,
132.644398785,585796226,,instructions,69618343,100.00,2.29,insn per cycle
132.644398785,256308158,,cycles,69618753,100.00,,
132.744573483,1715,,rD044,69860061,100.00,,
132.744573483,3104715,,rFF44,69859620,100.00,,
132.744573483,588741645,,instructions,69859190,100.00,2.29,insn per cycle
132.744573483,257383642,,cycles,69858650,100.00,,
132.844748631,1869,,rD044,69281498,100.00,,
132.844748631,3104266,,rFF44,69281398,100.00,,
132.844748631,582388448,,instructions,69281669,100.00,2.28,insn per cycle
132.844748631,255087591,,cycles,69281709,100.00,,
132.944939859,1841,,rD044,69166317,100.00,,
132.944939859,3114903,,rFF44,69166727,100.00,,
132.944939859,583809971,,instructions,69167796,100.00,2.29,insn per cycle
132.944939859,254688104,,cycles,69167906,100.00,,
133.045115126,2653,,rD044,69566915,100.00,,
133.045115126,3131918,,rFF44,69566785,100.00,,
133.045115126,587093718,,instructions,69565575,100.00,2.29,insn per cycle
133.045115126,256130121,,cycles,69565695,100.00,,
133.145291274,1923,,rD044,70972014,100.00,,
133.145291274,3166019,,rFF44,70967204,100.00,,
133.145291274,601575746,,instructions,70964114,100.00,2.30,insn per cycle
133.145291274,261655578,,cycles,70960744,100.00,,
133.245457262,1840,,rD044,71914072,100.00,,
133.245457262,3217955,,rFF44,71914072,100.00,,
133.245457262,607749681,,instructions,71914072,100.00,2.29,insn per cycle
133.245457262,265258597,,cycles,71914072,100.00,,
133.345619839,2235,,rD044,71758497,100.00,,
133.345619839,3526638,,rFF44,71758497,100.00,,
133.345619839,572263094,,instructions,71758497,100.00,2.16,insn per cycle
133.345619839,264646383,,cycles,71758497,100.00,,
133.445782867,1616,,rD044,71440814,100.00,,
133.445782867,3187864,,rFF44,71440814,100.00,,
133.445782867,607184034,,instructions,71440814,100.00,2.30,insn per cycle
133.445782867,263478243,,cycles,71440814,100.00,,
133.545962295,1365,,rD044,70223571,100.00,,
133.545962295,3182752,,rFF44,70228591,100.00,,
133.545962295,592169927,,instructions,70232161,100.00,2.29,insn per cycle
133.545962295,258715949,,cycles,70235261,100.00,,
133.646134862,1921,,rD044,69569655,100.00,,
133.646134862,3141361,,rFF44,69569165,100.00,,
133.646134862,585347153,,instructions,69568625,100.00,2.29,insn per cycle
133.646134862,256155847,,cycles,69568975,100.00,,
133.746308650,2169,,rD044,67853441,100.00,,
133.746308650,3066317,,rFF44,67853471,100.00,,
133.746308650,569022241,,instructions,67853411,100.00,2.28,insn per cycle
133.746308650,249687234,,cycles,67853451,100.00,,
133.846486628,1795,,rD044,70937553,100.00,,
133.846486628,3205492,,rFF44,70932993,100.00,,
133.846486628,596946605,,instructions,70930023,100.00,2.28,insn per cycle
133.846486628,261456188,,cycles,70926533,100.00,,
133.946649206,1678,,rD044,71420953,100.00,,
133.946649206,3064518,,rFF44,71420953,100.00,,
133.946649206,611094294,,instructions,71420953,100.00,2.32,insn per cycle
133.946649206,263418189,,cycles,71420953,100.00,,
134.046814473,1519,,rD044,70550208,100.00,,
134.046814473,2952475,,rFF44,70555138,100.00,,
134.046814473,610035473,,instructions,70558218,100.00,2.35,insn per cycle
134.046814473,259957261,,cycles,70561598,100.00,,
134.146988421,1593,,rD044,69513338,100.00,,
134.146988421,2905188,,rFF44,69512778,100.00,,
134.146988421,599721305,,instructions,69512918,100.00,2.34,insn per cycle
134.146988421,255913795,,cycles,69512348,100.00,,
134.247164269,1669,,rD044,69668043,100.00,,
134.247164269,2924185,,rFF44,69668593,100.00,,
134.247164269,602157208,,instructions,69668283,100.00,2.35,insn per cycle
134.247164269,256492033,,cycles,69668563,100.00,,
134.347343956,1525,,rD044,69581809,100.00,,
134.347343956,3039073,,rFF44,69581619,100.00,,
134.347343956,592966516,,instructions,69581689,100.00,2.31,insn per cycle
134.347343956,256162345,,cycles,69581879,100.00,,
134.447519734,1672,,rD044,69569021,100.00,,
134.447519734,3198581,,rFF44,69568701,100.00,,
134.447519734,591175939,,instructions,69568951,100.00,2.31,insn per cycle
134.447519734,256132610,,cycles,69568681,100.00,,
134.547695472,1444,,rD044,69696436,100.00,,
134.547695472,3202617,,rFF44,69696986,100.00,,
134.547695472,588977585,,instructions,69697306,100.00,2.30,insn per cycle
134.547695472,256626008,,cycles,69697656,100.00,,
134.647871690,1590,,rD044,69944873,100.00,,
134.647871690,3208416,,rFF44,69946733,100.00,,
134.647871690,591945306,,instructions,69945693,100.00,2.30,insn per cycle
134.647871690,257555258,,cycles,69942333,100.00,,
134.748055827,1603,,rD044,71145238,100.00,,
134.748055827,3214731,,rFF44,71138418,100.00,,
134.748055827,605041208,,instructions,71135908,100.00,2.31,insn per cycle
134.748055827,262246393,,cycles,71135908,100.00,,
134.848230885,1849,,rD044,71146071,100.00,,
134.848230885,3247978,,rFF44,71146071,100.00,,
134.848230885,605019070,,instructions,71146071,100.00,2.31,insn per cycle
134.848230885,262316706,,cycles,71146071,100.00,,
134.948395433,1341,,rD044,70839491,100.00,,
134.948395433,3236695,,rFF44,70844131,100.00,,
134.948395433,600467073,,instructions,70847241,100.00,2.30,insn per cycle
134.948395433,261100191,,cycles,70850361,100.00,,
135.048566840,1745,,rD044,69633650,100.00,,
135.048566840,3227704,,rFF44,69633440,100.00,,
135.048566840,587782792,,instructions,69633790,100.00,2.29,insn per cycle
135.048566840,256382190,,cycles,69634000,100.00,,
135.148740708,1935,,rD044,73406851,100.00,,
135.148740708,3644217,,rFF44,73402421,100.00,,
135.148740708,596855570,,instructions,73398961,100.00,2.20,insn per cycle
135.148740708,271135546,,cycles,73395631,100.00,,
135.248904546,1762,,rD044,70271551,100.00,,
135.248904546,3256290,,rFF44,70276271,100.00,,
135.248904546,591782590,,instructions,70279571,100.00,2.29,insn per cycle
135.248904546,258808023,,cycles,70283001,100.00,,
135.349080313,1708,,rD044,69561315,100.00,,
135.349080313,3225074,,rFF44,69561345,100.00,,
135.349080313,585798477,,instructions,69561195,100.00,2.29,insn per cycle
135.349080313,256076821,,cycles,69560745,100.00,,
135.449251651,1567,,rD044,69495907,100.00,,
135.449251651,3239298,,rFF44,69495957,100.00,,
135.449251651,583247620,,instructions,69495657,100.00,2.28,insn per cycle
135.449251651,255861943,,cycles,69495907,100.00,,
135.549425749,1579,,rD044,69679401,100.00,,
135.549425749,3268403,,rFF44,69679441,100.00,,
135.549425749,586109817,,instructions,69680071,100.00,2.28,insn per cycle
135.549425749,256551410,,cycles,69680171,100.00,,
135.649600407,1753,,rD044,72216276,100.00,,
135.649600407,3357455,,rFF44,72211436,100.00,,
135.649600407,608345611,,instructions,72207956,100.00,2.28,insn per cycle
135.649600407,266488534,,cycles,72211226,100.00,,
135.749779114,1479,,rD044,71351187,100.00,,
135.749779114,3323031,,rFF44,71356617,100.00,,
135.749779114,597780622,,instructions,71360387,100.00,2.27,insn per cycle
135.749779114,263057848,,cycles,71357157,100.00,,
135.849964822,1617,,rD044,68079031,100.00,,
135.849964822,3195141,,rFF44,68078231,100.00,,
135.849964822,567115100,,instructions,68077981,100.00,2.26,insn per cycle
135.849964822,250455752,,cycles,68077731,100.00,,
135.950137610,1919,,rD044,69601714,100.00,,
135.950137610,3254444,,rFF44,69600354,100.00,,
135.950137610,580039196,,instructions,69596834,100.00,2.26,insn per cycle
135.950137610,256234798,,cycles,69593714,100.00,,
136.050309418,1714,,rD044,72666077,100.00,,
136.050309418,3404190,,rFF44,72662807,100.00,,
136.050309418,610055738,,instructions,72662807,100.00,2.27,insn per cycle
136.050309418,268284273,,cycles,72662807,100.00,,
136.150475155,1738,,rD044,70568970,100.00,,
136.150475155,3324224,,rFF44,70573730,100.00,,
136.150475155,585827043,,instructions,70577310,100.00,2.25,insn per cycle
136.150475155,260011642,,cycles,70580120,100.00,,
136.250649943,1757,,rD044,69602336,100.00,,
136.250649943,3084656,,rFF44,69597576,100.00,,
136.250649943,563777021,,instructions,69593996,100.00,2.20,insn per cycle
136.250649943,256216182,,cycles,69591186,100.00,,
136.350813891,1585,,rD044,73741092,100.00,,
136.350813891,3210867,,rFF44,73745742,100.00,,
136.350813891,601356812,,instructions,73748692,100.00,2.21,insn per cycle
136.350813891,272450208,,cycles,73752122,100.00,,
136.450989538,1568,,rD044,70031829,100.00,,
136.450989538,3211435,,rFF44,70027179,100.00,,
136.450989538,562928850,,instructions,70024229,100.00,2.18,insn per cycle
136.450989538,257911930,,cycles,70020799,100.00,,
136.551158666,2098,,rD044,72516701,100.00,,
136.551158666,3524531,,rFF44,72521311,100.00,,
136.551158666,607281856,,instructions,72524592,100.00,2.27,insn per cycle
136.551158666,267998371,,cycles,72528402,100.00,,
136.651341134,1839,,rD044,69078361,100.00,,
136.651341134,3469855,,rFF44,69073751,100.00,,
136.651341134,640175777,,instructions,69070470,100.00,2.52,insn per cycle
136.651341134,254308347,,cycles,69066660,100.00,,
136.751508211,1637,,rD044,66730418,100.00,,
136.751508211,3278342,,rFF44,66730418,100.00,,
136.751508211,617435816,,instructions,66730418,100.00,2.52,insn per cycle
136.751508211,244996218,,cycles,66730418,100.00,,
136.851670989,1702,,rD044,68627864,100.00,,
136.851670989,3364991,,rFF44,68632434,100.00,,
136.851670989,635596278,,instructions,68635974,100.00,2.52,insn per cycle
136.851670989,252467300,,cycles,68639244,100.00,,
136.951846657,1606,,rD044,74042535,100.00,,
136.951846657,3723586,,rFF44,74042755,100.00,,
136.951846657,641712038,,instructions,74042695,100.00,2.35,insn per cycle
136.951846657,273567396,,cycles,74042505,100.00,,
137.052020874,1829,,rD044,69247057,100.00,,
137.052020874,3247787,,rFF44,69242267,100.00,,
137.052020874,615134269,,instructions,69238787,100.00,2.41,insn per cycle
137.052020874,254869265,,cycles,69235707,100.00,,
137.152192312,1660,,rD044,69042286,100.00,,
137.152192312,3226516,,rFF44,69042286,100.00,,
137.152192312,613659620,,instructions,69042286,100.00,2.42,insn per cycle
137.152192312,254035108,,cycles,69042286,100.00,,
137.252361620,1919,,rD044,69734405,100.00,,
137.252361620,3306645,,rFF44,69734405,100.00,,
137.252361620,616000099,,instructions,69734405,100.00,2.40,insn per cycle
137.252361620,256985909,,cycles,69734405,100.00,,
137.352531678,1881,,rD044,69218384,100.00,,
137.352531678,3246470,,rFF44,69218384,100.00,,
137.352531678,613230138,,instructions,69218384,100.00,2.41,insn per cycle
137.352531678,254679703,,cycles,69218384,100.00,,
137.452700135,1768,,rD044,70658687,100.00,,
137.452700135,3261327,,rFF44,70663077,100.00,,
137.452700135,598266525,,instructions,70666127,100.00,2.30,insn per cycle
137.452700135,260362614,,cycles,70669907,100.00,,
137.552875793,1982,,rD044,68194752,100.00,,
137.552875793,3173872,,rFF44,68194762,100.00,,
137.552875793,572379057,,instructions,68195072,100.00,2.28,insn per cycle
137.552875793,250969600,,cycles,68194342,100.00,,
137.653055224,1501,,rD044,69611285,100.00,,
137.653055224,3219521,,rFF44,69611795,100.00,,
137.653055224,585064991,,instructions,69611805,100.00,2.28,insn per cycle
137.653055224,256291388,,cycles,69611565,100.00,,
137.753228337,2059,,rD044,71631273,100.00,,
137.753228337,3296376,,rFF44,71626363,100.00,,
137.753228337,604899288,,instructions,71622993,100.00,2.29,insn per cycle
137.753228337,264146691,,cycles,71620183,100.00,,
137.853393071,1326,,rD044,71549162,100.00,,
137.853393071,3316538,,rFF44,71554392,100.00,,
137.853393071,603577132,,instructions,71557942,100.00,2.29,insn per cycle
137.853393071,263984871,,cycles,71561032,100.00,,
137.953574384,1406,,rD044,69596698,100.00,,
137.953574384,3058941,,rFF44,69595968,100.00,,
137.953574384,591752917,,instructions,69595718,100.00,2.31,insn per cycle
137.953574384,256327676,,cycles,69595778,100.00,,
138.053746677,1336,,rD044,69557672,100.00,,
138.053746677,2881872,,rFF44,69557892,100.00,,
138.053746677,602884493,,instructions,69558002,100.00,2.35,insn per cycle
138.053746677,256211688,,cycles,69558342,100.00,,
138.153929650,2135,,rD044,69897248,100.00,,
138.153929650,2903591,,rFF44,69896758,100.00,,
138.153929650,603208234,,instructions,69896458,100.00,2.34,insn per cycle
138.153929650,257366579,,cycles,69896368,100.00,,
138.254102243,1878,,rD044,69921729,100.00,,
138.254102243,2904583,,rFF44,69921949,100.00,,
138.254102243,602859494,,instructions,69922059,100.00,2.34,insn per cycle
138.254102243,257462039,,cycles,69922139,100.00,,
138.354280167,1813,,rD044,70156674,100.00,,
138.354280167,3032895,,rFF44,70152224,100.00,,
138.354280167,588324533,,instructions,70149004,100.00,2.28,insn per cycle
138.354280167,258406220,,cycles,70145524,100.00,,
138.454449220,1841,,rD044,73532114,100.00,,
138.454449220,3362314,,rFF44,73536784,100.00,,
138.454449220,601675319,,instructions,73539594,100.00,2.21,insn per cycle
138.454449220,271804028,,cycles,73542644,100.00,,
138.554623323,1816,,rD044,69607437,100.00,,
138.554623323,3233554,,rFF44,69607567,100.00,,
138.554623323,561900459,,instructions,69607857,100.00,2.19,insn per cycle
138.554623323,256502910,,cycles,69608057,100.00,,
138.654796176,1572,,rD044,72641288,100.00,,
138.654796176,3349627,,rFF44,72636488,100.00,,
138.654796176,591767468,,instructions,72633388,100.00,2.20,insn per cycle
138.654796176,268379665,,cycles,72630138,100.00,,
138.754971049,2397,,rD044,73882621,100.00,,
138.754971049,3653846,,rFF44,73882621,100.00,,
138.754971049,578304286,,instructions,73882621,100.00,2.12,insn per cycle
138.754971049,273143344,,cycles,73882621,100.00,,
138.855134482,2344,,rD044,70728519,100.00,,
138.855134482,3302881,,rFF44,70733399,100.00,,
138.855134482,571740328,,instructions,70737189,100.00,2.19,insn per cycle
138.855134482,260848188,,cycles,70740399,100.00,,
138.955308655,1953,,rD044,69527124,100.00,,
138.955308655,3292483,,rFF44,69526874,100.00,,
138.955308655,578155749,,instructions,69526374,100.00,2.26,insn per cycle
138.955308655,256184250,,cycles,69526104,100.00,,
139.055483669,1854,,rD044,70828611,100.00,,
139.055483669,3232133,,rFF44,70823981,100.00,,
139.055483669,599250116,,instructions,70820691,100.00,2.30,insn per cycle
139.055483669,261023681,,cycles,70817751,100.00,,
139.155648652,1820,,rD044,71701534,100.00,,
139.155648652,3248685,,rFF44,71701534,100.00,,
139.155648652,606333477,,instructions,71701534,100.00,2.29,insn per cycle
139.155648652,264507875,,cycles,71701534,100.00,,
139.255814415,1464,,rD044,70532055,100.00,,
139.255814415,3205339,,rFF44,70537375,100.00,,
139.255814415,593497556,,instructions,70540495,100.00,2.28,insn per cycle
139.255814415,259859632,,cycles,70543765,100.00,,
139.355992568,1527,,rD044,69467790,100.00,,
139.355992568,3183340,,rFF44,69467440,100.00,,
139.355992568,582082407,,instructions,69468100,100.00,2.28,insn per cycle
139.355992568,255771245,,cycles,69468260,100.00,,
139.456168391,1484,,rD044,69519215,100.00,,
139.456168391,3231569,,rFF44,69519185,100.00,,
139.456168391,581454063,,instructions,69518645,100.00,2.27,insn per cycle
139.456168391,255938543,,cycles,69518235,100.00,,
139.556341884,1564,,rD044,69531456,100.00,,
139.556341884,3227042,,rFF44,69531646,100.00,,
139.556341884,583084453,,instructions,69532296,100.00,2.28,insn per cycle
139.556341884,256007807,,cycles,69532356,100.00,,
139.656516528,1383,,rD044,71423117,100.00,,
139.656516528,3250318,,rFF44,71417987,100.00,,
139.656516528,603764056,,instructions,71414097,100.00,2.29,insn per cycle
139.656516528,263411744,,cycles,71411017,100.00,,
139.756680511,1709,,rD044,71579999,100.00,,
139.756680511,3255327,,rFF44,71584679,100.00,,
139.756680511,604674569,,instructions,71587229,100.00,2.29,insn per cycle
139.756680511,264049922,,cycles,71587229,100.00,,
139.856854104,1384,,rD044,70215284,100.00,,
139.856854104,3221570,,rFF44,70215134,100.00,,
139.856854104,589504664,,instructions,70215844,100.00,2.28,insn per cycle
139.856854104,258636664,,cycles,70218765,100.00,,
139.957026317,1682,,rD044,69643288,100.00,,
139.957026317,3068617,,rFF44,69643328,100.00,,
139.957026317,589845499,,instructions,69643378,100.00,2.30,insn per cycle
139.957026317,256456221,,cycles,69643827,100.00,,
140.057200900,1623,,rD044,69527094,100.00,,
140.057200900,2974269,,rFF44,69527084,100.00,,
140.057200900,595466976,,instructions,69527444,100.00,2.33,insn per cycle
140.057200900,255993565,,cycles,69527304,100.00,,
140.157373603,1724,,rD044,69587148,100.00,,
140.157373603,2950712,,rFF44,69587308,100.00,,
140.157373603,596063113,,instructions,69586798,100.00,2.33,insn per cycle
140.157373603,256256997,,cycles,69586658,100.00,,
140.257550287,1312,,rD044,68884872,100.00,,
140.257550287,2913680,,rFF44,68880152,100.00,,
140.257550287,590134635,,instructions,68876992,100.00,2.33,insn per cycle
140.257550287,253559641,,cycles,68873902,100.00,,
140.357710590,1270,,rD044,72676816,100.00,,
140.357710590,3150039,,rFF44,72676816,100.00,,
140.357710590,608442044,,instructions,72676816,100.00,2.27,insn per cycle
140.357710590,268333526,,cycles,72676816,100.00,,
140.457872363,1327,,rD044,70908086,100.00,,
140.457872363,3198860,,rFF44,70913196,100.00,,
140.457872363,577650796,,instructions,70916766,100.00,2.21,insn per cycle
140.457872363,261358982,,cycles,70920206,100.00,,
140.558051116,1461,,rD044,73935485,100.00,,
140.558051116,3559270,,rFF44,73934985,100.00,,
140.558051116,584888038,,instructions,73934775,100.00,2.14,insn per cycle
140.558051116,273198759,,cycles,73934665,100.00,,
140.658226299,1270,,rD044,69487655,100.00,,
140.658226299,3145979,,rFF44,69488055,100.00,,
140.658226299,566357987,,instructions,69488635,100.00,2.21,insn per cycle
140.658226299,255882269,,cycles,69489065,100.00,,
140.758410202,1653,,rD044,70705701,100.00,,
140.758410202,3195854,,rFF44,70700691,100.00,,
140.758410202,578050042,,instructions,70703391,100.00,2.22,insn per cycle
140.758410202,260636031,,cycles,70702981,100.00,,
140.858585815,1592,,rD044,72503333,100.00,,
140.858585815,3263451,,rFF44,72508583,100.00,,
140.858585815,593727076,,instructions,72505843,100.00,2.22,insn per cycle
140.858585815,267567239,,cycles,72505913,100.00,,
140.958766999,1608,,rD044,69418192,100.00,,
140.958766999,3141985,,rFF44,69417682,100.00,,
140.958766999,562245488,,instructions,69417312,100.00,2.20,insn per cycle
140.958766999,255520308,,cycles,69417422,100.00,,
141.058960042,1830,,rD044,70752578,100.00,,
141.058960042,3191129,,rFF44,70747838,100.00,,
141.058960042,581059899,,instructions,70744308,100.00,2.23,insn per cycle
141.058960042,260794872,,cycles,70740778,100.00,,
141.159123745,1974,,rD044,72412474,100.00,,
141.159123745,3245233,,rFF44,72417244,100.00,,
141.159123745,595199993,,instructions,72420604,100.00,2.23,insn per cycle
141.159123745,267231171,,cycles,72423694,100.00,,
141.259300288,1756,,rD044,69453126,100.00,,
141.259300288,3138805,,rFF44,69453106,100.00,,
141.259300288,566995741,,instructions,69453266,100.00,2.22,insn per cycle
141.259300288,255726087,,cycles,69453486,100.00,,
141.359475371,1502,,rD044,70336357,100.00,,
141.359475371,3181143,,rFF44,70331607,100.00,,
141.359475371,573759669,,instructions,70328087,100.00,2.21,insn per cycle
141.359475371,259094189,,cycles,70324777,100.00,,
141.459648155,1728,,rD044,73081228,100.00,,
141.459648155,3279542,,rFF44,73086588,100.00,,
141.459648155,599384128,,instructions,73089928,100.00,2.22,insn per cycle
141.459648155,269889171,,cycles,73093008,100.00,,
141.559822528,1601,,rD044,69448585,100.00,,
141.559822528,3119844,,rFF44,69447375,100.00,,
141.559822528,558209070,,instructions,69448025,100.00,2.18,insn per cycle
141.559822528,255652748,,cycles,69448435,100.00,,
141.659995991,1418,,rD044,72159269,100.00,,
141.659995991,3199070,,rFF44,72155119,100.00,,
141.659995991,581176260,,instructions,72151129,100.00,2.18,insn per cycle
141.659995991,266277873,,cycles,72147639,100.00,,
141.760158614,1701,,rD044,71183350,100.00,,
141.760158614,3174113,,rFF44,71187910,100.00,,
141.760158614,571537743,,instructions,71190930,100.00,2.18,insn per cycle
141.760158614,262435921,,cycles,71194050,100.00,,
141.860332027,1686,,rD044,69860399,100.00,,
141.860332027,3141196,,rFF44,69855839,100.00,,
141.860332027,560177740,,instructions,69852819,100.00,2.18,insn per cycle
141.860332027,257206587,,cycles,69849699,100.00,,
141.960492760,2148,,rD044,73911952,100.00,,
141.960492760,3303174,,rFF44,73916992,100.00,,
141.960492760,595764926,,instructions,73920292,100.00,2.18,insn per cycle
141.960492760,273035542,,cycles,73923342,100.00,,
142.060667813,1714,,rD044,69990695,100.00,,
142.060667813,3166650,,rFF44,69990535,100.00,,
142.060667813,560340742,,instructions,69990505,100.00,2.17,insn per cycle
142.060667813,257699034,,cycles,69990555,100.00,,
142.160841757,1656,,rD044,74078529,100.00,,
142.160841757,3197291,,rFF44,74078409,100.00,,
142.160841757,587598065,,instructions,74078639,100.00,2.15,insn per cycle
142.160841757,273721451,,cycles,74079019,100.00,,
142.261019060,1541,,rD044,69810927,100.00,,
142.261019060,3024990,,rFF44,69810417,100.00,,
142.261019060,541887539,,instructions,69810187,100.00,2.11,insn per cycle
142.261019060,257052583,,cycles,69810317,100.00,,
142.361193713,1983,,rD044,73995232,100.00,,
142.361193713,3136432,,rFF44,73995922,100.00,,
142.361193713,580342539,,instructions,73995762,100.00,2.12,insn per cycle
142.361193713,273396635,,cycles,73995252,100.00,,
142.461367766,1701,,rD044,72730496,100.00,,
142.461367766,3104539,,rFF44,72725556,100.00,,
142.461367766,569378691,,instructions,72722446,100.00,2.12,insn per cycle
142.461367766,268437062,,cycles,72719346,100.00,,
142.561531309,1547,,rD044,71278946,100.00,,
142.561531309,3057662,,rFF44,71283976,100.00,,
142.561531309,596572503,,instructions,71287356,100.00,2.27,insn per cycle
142.561531309,262711700,,cycles,71290656,100.00,,
142.661705712,1792,,rD044,69162245,100.00,,
142.661705712,3091305,,rFF44,69157215,100.00,,
142.661705712,632788803,,instructions,69153835,100.00,2.49,insn per cycle
142.661705712,254522447,,cycles,69157125,100.00,,
142.761875506,1832,,rD044,68802127,100.00,,
142.761875506,3107618,,rFF44,68802127,100.00,,
142.761875506,612741694,,instructions,68802127,100.00,2.42,insn per cycle
142.761875506,253058723,,cycles,68795537,100.00,,
142.862046339,1485,,rD044,67994022,100.00,,
142.862046339,3139936,,rFF44,67994022,100.00,,
142.862046339,613785399,,instructions,68000622,100.00,2.46,insn per cycle
142.862046339,249927451,,cycles,68003052,100.00,,
142.962225622,1827,,rD044,69630182,100.00,,
142.962225622,3182146,,rFF44,69634462,100.00,,
142.962225622,622860119,,instructions,69631192,100.00,2.43,insn per cycle
142.962225622,256326980,,cycles,69632022,100.00,,
143.062401425,1787,,rD044,69901019,100.00,,
143.062401425,3193058,,rFF44,69901289,100.00,,
143.062401425,632379350,,instructions,69900969,100.00,2.46,insn per cycle
143.062401425,257393451,,cycles,69900869,100.00,,
143.162583008,1647,,rD044,69984963,100.00,,
143.162583008,3211899,,rFF44,69984563,100.00,,
143.162583008,626814732,,instructions,69984423,100.00,2.43,insn per cycle
143.162583008,257704264,,cycles,69984793,100.00,,
143.262757902,1532,,rD044,70095495,100.00,,
143.262757902,3221653,,rFF44,70095965,100.00,,
143.262757902,634777018,,instructions,70095875,100.00,2.46,insn per cycle
143.262757902,258120171,,cycles,70095345,100.00,,
143.362944125,2080,,rD044,69984218,100.00,,
143.362944125,3188892,,rFF44,69984078,100.00,,
143.362944125,623630396,,instructions,69984778,100.00,2.42,insn per cycle
143.362944125,257691475,,cycles,69984928,100.00,,
143.463118848,1879,,rD044,68201378,100.00,,
143.463118848,3146291,,rFF44,68201348,100.00,,
143.463118848,616441727,,instructions,68200018,100.00,2.46,insn per cycle
143.463118848,250751549,,cycles,68196868,100.00,,
143.563292061,1575,,rD044,69355666,100.00,,
143.563292061,3131511,,rFF44,69351216,100.00,,
143.563292061,612350475,,instructions,69349066,100.00,2.40,insn per cycle
143.563292061,255214584,,cycles,69349066,100.00,,
143.663456574,1562,,rD044,68941136,100.00,,
143.663456574,3122630,,rFF44,68941136,100.00,,
143.663456574,613247952,,instructions,68941136,100.00,2.42,insn per cycle
143.663456574,253594844,,cycles,68941136,100.00,,
143.763621227,2131,,rD044,68715327,100.00,,
143.763621227,3123889,,rFF44,68719708,100.00,,
143.763621227,613722041,,instructions,68723228,100.00,2.43,insn per cycle
143.763621227,252776254,,cycles,68726538,100.00,,
143.863803331,1710,,rD044,69940986,100.00,,
143.863803331,3180711,,rFF44,69941785,100.00,,
143.863803331,623368590,,instructions,69941335,100.00,2.42,insn per cycle
143.863803331,257501655,,cycles,69941775,100.00,,
143.963992064,1910,,rD044,69799103,100.00,,
143.963992064,3206102,,rFF44,69798423,100.00,,
143.963992064,627713649,,instructions,69798483,100.00,2.44,insn per cycle
143.963992064,256988565,,cycles,69798303,100.00,,
144.064169817,1899,,rD044,68830077,100.00,,
144.064169817,3133544,,rFF44,68830387,100.00,,
144.064169817,620271190,,instructions,68830857,100.00,2.45,insn per cycle
144.064169817,253332870,,cycles,68830477,100.00,,
144.164347850,1603,,rD044,69817986,100.00,,
144.164347850,3189995,,rFF44,69818016,100.00,,
144.164347850,627023663,,instructions,69817866,100.00,2.44,insn per cycle
144.164347850,257075568,,cycles,69818046,100.00,,
144.264524144,2160,,rD044,69818862,100.00,,
144.264524144,3177721,,rFF44,69818592,100.00,,
144.264524144,627337190,,instructions,69818602,100.00,2.44,insn per cycle
144.264524144,257063409,,cycles,69818532,100.00,,
144.364708197,1689,,rD044,69674105,100.00,,
144.364708197,3153924,,rFF44,69674295,100.00,,
144.364708197,622839999,,instructions,69674355,100.00,2.43,insn per cycle
144.364708197,256539914,,cycles,69674415,100.00,,
144.464884070,1937,,rD044,69824427,100.00,,
144.464884070,3171171,,rFF44,69824397,100.00,,
144.464884070,622391522,,instructions,69824377,100.00,2.42,insn per cycle
144.464884070,257096038,,cycles,69824107,100.00,,
144.565057473,1574,,rD044,68126218,100.00,,
144.565057473,3142469,,rFF44,68121488,100.00,,
144.565057473,616825675,,instructions,68117988,100.00,2.46,insn per cycle
144.565057473,250498412,,cycles,68114898,100.00,,
144.665231866,1700,,rD044,68674915,100.00,,
144.665231866,3150436,,rFF44,68674915,100.00,,
144.665231866,614373290,,instructions,68674915,100.00,2.43,insn per cycle
144.665231866,252622743,,cycles,68674915,100.00,,
144.765396349,1651,,rD044,68936044,100.00,,
144.765396349,3147768,,rFF44,68936044,100.00,,
144.765396349,611996269,,instructions,68936044,100.00,2.41,insn per cycle
144.765396349,253657103,,cycles,68936044,100.00,,
144.865562783,1624,,rD044,68537035,100.00,,
144.865562783,3124761,,rFF44,68537035,100.00,,
144.865562783,612047394,,instructions,68537035,100.00,2.43,insn per cycle
144.865562783,252078916,,cycles,68537035,100.00,,
144.965731946,1480,,rD044,69332999,100.00,,
144.965731946,3166826,,rFF44,69337459,100.00,,
144.965731946,631805111,,instructions,69340469,100.00,2.48,insn per cycle
144.965731946,255231370,,cycles,69343879,100.00,,
145.065913589,2163,,rD044,69790875,100.00,,
145.065913589,3205141,,rFF44,69791555,100.00,,
145.065913589,627550566,,instructions,69791585,100.00,2.44,insn per cycle
145.065913589,256961426,,cycles,69791625,100.00,,
145.166092932,1549,,rD044,69781723,100.00,,
145.166092932,3212590,,rFF44,69781193,100.00,,
145.166092932,630179778,,instructions,69781103,100.00,2.45,insn per cycle
145.166092932,256934944,,cycles,69780584,100.00,,
145.266266645,1611,,rD044,69507517,100.00,,
145.266266645,3198619,,rFF44,69507887,100.00,,
145.266266645,626936904,,instructions,69508037,100.00,2.45,insn per cycle
145.266266645,255896116,,cycles,69508506,100.00,,
145.366440949,1936,,rD044,69614647,100.00,,
145.366440949,3165182,,rFF44,69614087,100.00,,
145.366440949,619377060,,instructions,69614347,100.00,2.42,insn per cycle
145.366440949,256302046,,cycles,69613807,100.00,,
145.466614732,1958,,rD044,69744247,100.00,,
145.466614732,3184472,,rFF44,69739827,100.00,,
145.466614732,629179685,,instructions,69736467,100.00,2.45,insn per cycle
145.466614732,256717109,,cycles,69733607,100.00,,
145.566780975,1836,,rD044,68356087,100.00,,
145.566780975,3122835,,rFF44,68356087,100.00,,
145.566780975,612852882,,instructions,68356087,100.00,2.44,insn per cycle
145.566780975,251488822,,cycles,68356087,100.00,,
145.666959958,1776,,rD044,68530383,100.00,,
145.666959958,3152309,,rFF44,68530383,100.00,,
145.666959958,612644002,,instructions,68530383,100.00,2.43,insn per cycle
145.666959958,252074599,,cycles,68530383,100.00,,
145.767122831,1930,,rD044,68956726,100.00,,
145.767122831,3113741,,rFF44,68956726,100.00,,
145.767122831,613006454,,instructions,68956726,100.00,2.42,insn per cycle
145.767122831,253761764,,cycles,68956726,100.00,,
145.867284974,2140,,rD044,68076204,100.00,,
145.867284974,3128445,,rFF44,68076204,100.00,,
145.867284974,614070479,,instructions,68076204,100.00,2.45,insn per cycle
145.867284974,250283980,,cycles,68076204,100.00,,
145.967449847,1611,,rD044,69299284,100.00,,
145.967449847,3194526,,rFF44,69303514,100.00,,
145.967449847,628787479,,instructions,69306684,100.00,2.46,insn per cycle
145.967449847,255094740,,cycles,69310434,100.00,,
146.067627250,2308,,rD044,68378293,100.00,,
146.067627250,3122100,,rFF44,68378483,100.00,,
146.067627250,604676873,,instructions,68378413,100.00,2.40,insn per cycle
146.067627250,251647750,,cycles,68378223,100.00,,
146.167801374,1564,,rD044,69866806,100.00,,
146.167801374,3193134,,rFF44,69867506,100.00,,
146.167801374,635245900,,instructions,69867486,100.00,2.47,insn per cycle
146.167801374,257265377,,cycles,69867296,100.00,,
146.267988097,1605,,rD044,69824281,100.00,,
146.267988097,3129718,,rFF44,69823801,100.00,,
146.267988097,616446750,,instructions,69823861,100.00,2.40,insn per cycle
146.267988097,257067930,,cycles,69823781,100.00,,
146.368162230,1605,,rD044,69720067,100.00,,
146.368162230,3181896,,rFF44,69720107,100.00,,
146.368162230,626989825,,instructions,69720137,100.00,2.44,insn per cycle
146.368162230,256694362,,cycles,69719877,100.00,,
146.468339143,1505,,rD044,69732276,100.00,,
146.468339143,3148583,,rFF44,69732226,100.00,,
146.468339143,611243751,,instructions,69732576,100.00,2.38,insn per cycle
146.468339143,256663759,,cycles,69733166,100.00,,
146.568518917,1773,,rD044,69670935,100.00,,
146.568518917,3158433,,rFF44,69670955,100.00,,
146.568518917,617510718,,instructions,69670615,100.00,2.41,insn per cycle
146.568518917,256455721,,cycles,69670115,100.00,,
146.668693850,1636,,rD044,69761788,100.00,,
146.668693850,3176518,,rFF44,69762268,100.00,,
146.668693850,630484623,,instructions,69762448,100.00,2.45,insn per cycle
146.668693850,256836403,,cycles,69762848,100.00,,
146.768868103,1733,,rD044,69708218,100.00,,
146.768868103,3149238,,rFF44,69707678,100.00,,
146.768868103,622094915,,instructions,69707658,100.00,2.42,insn per cycle
146.768868103,256652155,,cycles,69707258,100.00,,
146.869042616,1681,,rD044,69891296,100.00,,
146.869042616,3161791,,rFF44,69891326,100.00,,
146.869042616,620365733,,instructions,69891096,100.00,2.41,insn per cycle
146.869042616,257281959,,cycles,69891516,100.00,,
146.969217949,1776,,rD044,69803002,100.00,,
146.969217949,3195214,,rFF44,69798382,100.00,,
146.969217949,617278083,,instructions,69795272,100.00,2.40,insn per cycle
146.969217949,256850708,,cycles,69791732,100.00,,
147.069382642,1587,,rD044,70011906,100.00,,
147.069382642,3136673,,rFF44,70016816,100.00,,
147.069382642,605926103,,instructions,70020436,100.00,2.35,insn per cycle
147.069382642,257706443,,cycles,70024076,100.00,,
147.169566366,2237,,rD044,69827301,100.00,,
147.169566366,3143717,,rFF44,69827091,100.00,,
147.169566366,609488929,,instructions,69826761,100.00,2.37,insn per cycle
147.169566366,256984914,,cycles,69826181,100.00,,
147.269741119,2025,,rD044,69643310,100.00,,
147.269741119,3167746,,rFF44,69643480,100.00,,
147.269741119,609033072,,instructions,69643580,100.00,2.38,insn per cycle
147.269741119,256284546,,cycles,69643940,100.00,,
147.369929032,1664,,rD044,69524792,100.00,,
147.369929032,3140508,,rFF44,69524832,100.00,,
147.369929032,615480280,,instructions,69524612,100.00,2.41,insn per cycle
147.369929032,255874214,,cycles,69524882,100.00,,
147.470112555,1464,,rD044,69437421,100.00,,
147.470112555,3137720,,rFF44,69437451,100.00,,
147.470112555,621653228,,instructions,69437791,100.00,2.43,insn per cycle
147.470112555,255632988,,cycles,69437411,100.00,,
147.570290119,1758,,rD044,69250594,100.00,,
147.570290119,3121757,,rFF44,69245654,100.00,,
147.570290119,621530585,,instructions,69242144,100.00,2.44,insn per cycle
147.570290119,254861328,,cycles,69238834,100.00,,
147.670460822,1903,,rD044,68812904,100.00,,
147.670460822,3184056,,rFF44,68812904,100.00,,
147.670460822,613221980,,instructions,68812904,100.00,2.42,insn per cycle
147.670460822,253287324,,cycles,68812904,100.00,,
147.770627275,1934,,rD044,68433943,100.00,,
147.770627275,3135596,,rFF44,68433943,100.00,,
147.770627275,613930942,,instructions,68433943,100.00,2.44,insn per cycle
147.770627275,251697081,,cycles,68433943,100.00,,
147.870790508,1550,,rD044,68793497,100.00,,
147.870790508,3170322,,rFF44,68793497,100.00,,
147.870790508,613976241,,instructions,68793497,100.00,2.43,insn per cycle
147.870790508,253106548,,cycles,68793497,100.00,,
147.970975191,1657,,rD044,69127675,100.00,,
147.970975191,3145624,,rFF44,69127675,100.00,,
147.970975191,613650861,,instructions,69127675,100.00,2.41,insn per cycle
147.970975191,254351026,,cycles,69127675,100.00,,
148.071146294,1971,,rD044,68540890,100.00,,
148.071146294,3172589,,rFF44,68540890,100.00,,
148.071146294,612306887,,instructions,68540890,100.00,2.43,insn per cycle
148.071146294,252218548,,cycles,68540890,100.00,,
148.171316487,1807,,rD044,67955891,100.00,,
148.171316487,3118070,,rFF44,67955891,100.00,,
148.171316487,612166754,,instructions,67955891,100.00,2.45,insn per cycle
148.171316487,249989813,,cycles,67955891,100.00,,
148.271483890,1623,,rD044,68124953,100.00,,
148.271483890,3126990,,rFF44,68124953,100.00,,
148.271483890,612815933,,instructions,68124953,100.00,2.45,insn per cycle
148.271483890,250611889,,cycles,68124953,100.00,,
148.371646444,1675,,rD044,68364561,100.00,,
148.371646444,3159049,,rFF44,68364561,100.00,,
148.371646444,614566194,,instructions,68364561,100.00,2.44,insn per cycle
148.371646444,251405581,,cycles,68364561,100.00,,
148.471816057,1811,,rD044,69485218,100.00,,
148.471816057,3148045,,rFF44,69485218,100.00,,
148.471816057,613546206,,instructions,69485218,100.00,2.40,insn per cycle
148.471816057,255810110,,cycles,69485218,100.00,,
148.571981340,2032,,rD044,68952785,100.00,,
148.571981340,3162890,,rFF44,68957455,100.00,,
148.571981340,617269536,,instructions,68960565,100.00,2.43,insn per cycle
148.571981340,253741261,,cycles,68963825,100.00,,
148.672154783,1522,,rD044,69580613,100.00,,
148.672154783,3173917,,rFF44,69580954,100.00,,
148.672154783,627433903,,instructions,69580914,100.00,2.45,insn per cycle
148.672154783,256176189,,cycles,69580914,100.00,,
148.772333056,1695,,rD044,69456702,100.00,,
148.772333056,3171233,,rFF44,69456271,100.00,,
148.772333056,621764910,,instructions,69456511,100.00,2.43,insn per cycle
148.772333056,255672196,,cycles,69456641,100.00,,
148.872510909,1632,,rD044,69428196,100.00,,
148.872510909,3204362,,rFF44,69428316,100.00,,
148.872510909,624831280,,instructions,69428536,100.00,2.44,insn per cycle
148.872510909,255606178,,cycles,69428256,100.00,,
148.972683813,1651,,rD044,69579663,100.00,,
148.972683813,3136745,,rFF44,69579613,100.00,,
148.972683813,616497337,,instructions,69579183,100.00,2.41,insn per cycle
148.972683813,256170804,,cycles,69579043,100.00,,
149.072858776,1544,,rD044,69542029,100.00,,
149.072858776,3168611,,rFF44,69542449,100.00,,
149.072858776,630151577,,instructions,69542320,100.00,2.46,insn per cycle
149.072858776,256062129,,cycles,69543170,100.00,,
149.173039009,1650,,rD044,69560547,100.00,,
149.173039009,3141990,,rFF44,69560677,100.00,,
149.173039009,624381246,,instructions,69561136,100.00,2.44,insn per cycle
149.173039009,256112710,,cycles,69560346,100.00,,
149.273212032,1645,,rD044,69614561,100.00,,
149.273212032,3168747,,rFF44,69613811,100.00,,
149.273212032,626260524,,instructions,69613772,100.00,2.44,insn per cycle
149.273212032,256330577,,cycles,69614382,100.00,,
149.373384195,1908,,rD044,69075182,100.00,,
149.373384195,3188273,,rFF44,69070732,100.00,,
149.373384195,621168066,,instructions,69067341,100.00,2.44,insn per cycle
149.373384195,254256137,,cycles,69063701,100.00,,
149.473545828,1415,,rD044,68592531,100.00,,
149.473545828,3143723,,rFF44,68592531,100.00,,
149.473545828,613490661,,instructions,68592531,100.00,2.43,insn per cycle
149.473545828,252337813,,cycles,68592531,100.00,,
149.573709321,1870,,rD044,68704320,100.00,,
149.573709321,3117141,,rFF44,68704320,100.00,,
149.573709321,613937862,,instructions,68704320,100.00,2.43,insn per cycle
149.573709321,252751194,,cycles,68704320,100.00,,
149.673877324,2201,,rD044,68341875,100.00,,
149.673877324,3092975,,rFF44,68347645,100.00,,
149.673877324,613932724,,instructions,68350675,100.00,2.44,insn per cycle
149.673877324,251422702,,cycles,68353885,100.00,,
149.774050588,1439,,rD044,68856215,100.00,,
149.774050588,3108057,,rFF44,68854655,100.00,,
149.774050588,618857740,,instructions,68854685,100.00,2.44,insn per cycle
149.774050588,253375466,,cycles,68854395,100.00,,
149.874223901,1421,,rD044,69580605,100.00,,
149.874223901,3190118,,rFF44,69581175,100.00,,
149.874223901,633567186,,instructions,69581675,100.00,2.47,insn per cycle
149.874223901,256232539,,cycles,69581885,100.00,,
149.974397994,1564,,rD044,69477360,100.00,,
149.974397994,3136896,,rFF44,69476830,100.00,,
149.974397994,621055185,,instructions,69476540,100.00,2.43,insn per cycle
149.974397994,255825226,,cycles,69477020,100.00,,
150.074572107,1736,,rD044,69537720,100.00,,
150.074572107,3182319,,rFF44,69537900,100.00,,
150.074572107,629415198,,instructions,69538080,100.00,2.46,insn per cycle
150.074572107,256041961,,cycles,69537450,100.00,,
150.174748850,1433,,rD044,69413316,100.00,,
150.174748850,3215959,,rFF44,69413806,100.00,,
150.174748850,618043611,,instructions,69414006,100.00,2.42,insn per cycle
150.174748850,255616300,,cycles,69414546,100.00,,
150.274936794,1743,,rD044,69551972,100.00,,
150.274936794,3317425,,rFF44,69551552,100.00,,
150.274936794,628697888,,instructions,69551432,100.00,2.46,insn per cycle
150.274936794,256088387,,cycles,69551082,100.00,,
150.375110097,1446,,rD044,69621167,100.00,,
150.375110097,3168327,,rFF44,69621247,100.00,,
150.375110097,625106111,,instructions,69620867,100.00,2.44,insn per cycle
150.375110097,256379155,,cycles,69620957,100.00,,
150.475284390,1409,,rD044,68305712,100.00,,
150.475284390,3270247,,rFF44,68301132,100.00,,
150.475284390,623837385,,instructions,68297982,100.00,2.48,insn per cycle
150.475284390,251330501,,cycles,68301012,100.00,,
150.575464543,1391,,rD044,69354966,100.00,,
150.575464543,3543960,,rFF44,69354966,100.00,,
150.575464543,606948787,,instructions,69354966,100.00,2.38,insn per cycle
150.575464543,255334992,,cycles,69348676,100.00,,
150.675631056,2294,,rD044,67095921,100.00,,
150.675631056,3081584,,rFF44,67095921,100.00,,
150.675631056,618129207,,instructions,67095921,100.00,2.51,insn per cycle
150.675631056,246485972,,cycles,67095921,100.00,,
150.775794600,1997,,rD044,68618263,100.00,,
150.775794600,3152281,,rFF44,68633193,100.00,,
150.775794600,633788255,,instructions,68636573,100.00,2.51,insn per cycle
150.775794600,252515135,,cycles,68639953,100.00,,
150.875979543,1423,,rD044,69539693,100.00,,
150.875979543,3179962,,rFF44,69529283,100.00,,
150.875979543,640838778,,instructions,69529323,100.00,2.50,insn per cycle
150.875979543,256038805,,cycles,69529663,100.00,,
150.976152336,1618,,rD044,69621684,100.00,,
150.976152336,3208920,,rFF44,69621844,100.00,,
150.976152336,644417157,,instructions,69621594,100.00,2.51,insn per cycle
150.976152336,256364566,,cycles,69620964,100.00,,
151.076330809,1423,,rD044,67394056,100.00,,
151.076330809,3113433,,rFF44,67389376,100.00,,
151.076330809,619707764,,instructions,67386206,100.00,2.50,insn per cycle
151.076330809,247710645,,cycles,67383116,100.00,,
151.176502962,1834,,rD044,67414108,100.00,,
151.176502962,3125823,,rFF44,67418528,100.00,,
151.176502962,620618969,,instructions,67422138,100.00,2.51,insn per cycle
151.176502962,247738530,,cycles,67425558,100.00,,
151.276680856,1390,,rD044,69523180,100.00,,
151.276680856,3170281,,rFF44,69523550,100.00,,
151.276680856,638962969,,instructions,69523340,100.00,2.50,insn per cycle
151.276680856,256008650,,cycles,69523070,100.00,,
151.376859309,1433,,rD044,69617907,100.00,,
151.376859309,3223946,,rFF44,69617837,100.00,,
151.376859309,648369633,,instructions,69618057,100.00,2.53,insn per cycle
151.376859309,256383839,,cycles,69618167,100.00,,
151.477034152,1388,,rD044,68772746,100.00,,
151.477034152,3154481,,rFF44,68768026,100.00,,
151.477034152,629816768,,instructions,68764406,100.00,2.49,insn per cycle
151.477034152,253123900,,cycles,68761146,100.00,,
151.577200985,1796,,rD044,66870998,100.00,,
151.577200985,3059298,,rFF44,66870998,100.00,,
151.577200985,614500904,,instructions,66870998,100.00,2.50,insn per cycle
151.577200985,245607953,,cycles,66870998,100.00,,
151.677369278,1444,,rD044,68248621,100.00,,
151.677369278,3164128,,rFF44,68253291,100.00,,
151.677369278,628274601,,instructions,68256421,100.00,2.50,insn per cycle
151.677369278,251047467,,cycles,68260411,100.00,,
151.777542741,1400,,rD044,69623181,100.00,,
151.777542741,3273770,,rFF44,69624131,100.00,,
151.777542741,643891282,,instructions,69624171,100.00,2.51,insn per cycle
151.777542741,256376595,,cycles,69623591,100.00,,
151.877721834,1475,,rD044,69639956,100.00,,
151.877721834,3172288,,rFF44,69639046,100.00,,
151.877721834,640066867,,instructions,69639116,100.00,2.50,insn per cycle
151.877721834,256440949,,cycles,69638896,100.00,,
151.977896488,1989,,rD044,68226193,100.00,,
151.977896488,3157803,,rFF44,68221483,100.00,,
151.977896488,628377846,,instructions,68218243,100.00,2.50,insn per cycle
151.977896488,250940754,,cycles,68215053,100.00,,
152.078068331,1460,,rD044,66632911,100.00,,
152.078068331,3127537,,rFF44,66637761,100.00,,
152.078068331,616981102,,instructions,66641281,100.00,2.52,insn per cycle
152.078068331,244721707,,cycles,66644321,100.00,,
152.178239534,1835,,rD044,69433555,100.00,,
152.178239534,3208357,,rFF44,69433415,100.00,,
152.178239534,639580169,,instructions,69433635,100.00,2.50,insn per cycle
152.178239534,255674287,,cycles,69433545,100.00,,
152.278413877,2088,,rD044,69827320,100.00,,
152.278413877,3185188,,rFF44,69827400,100.00,,
152.278413877,642470494,,instructions,69826920,100.00,2.50,insn per cycle
152.278413877,257147249,,cycles,69827080,100.00,,
152.378587530,1663,,rD044,69191552,100.00,,
152.378587530,3173665,,rFF44,69186762,100.00,,
152.378587530,639802846,,instructions,69183502,100.00,2.51,insn per cycle
152.378587530,254721814,,cycles,69180392,100.00,,
152.478749293,1975,,rD044,66904476,100.00,,
152.478749293,3090497,,rFF44,66904476,100.00,,
152.478749293,613607792,,instructions,66904476,100.00,2.50,insn per cycle
152.478749293,245722736,,cycles,66904476,100.00,,
152.578919496,2145,,rD044,68468110,100.00,,
152.578919496,3173848,,rFF44,68472570,100.00,,
152.578919496,631177431,,instructions,68475670,100.00,2.51,insn per cycle
152.578919496,251892412,,cycles,68478880,100.00,,
152.679094810,1420,,rD044,69708905,100.00,,
152.679094810,3360869,,rFF44,69709415,100.00,,
152.679094810,641590521,,instructions,69709545,100.00,2.50,insn per cycle
152.679094810,256702660,,cycles,69709725,100.00,,
152.779270433,1443,,rD044,69589338,100.00,,
152.779270433,3293021,,rFF44,69589419,100.00,,
152.779270433,636540402,,instructions,69589449,100.00,2.48,insn per cycle
152.779270433,256265713,,cycles,69589599,100.00,,
152.879444966,1786,,rD044,69285270,100.00,,
152.879444966,3307892,,rFF44,69280219,100.00,,
152.879444966,630105025,,instructions,69276959,100.00,2.47,insn per cycle
152.879444966,255049971,,cycles,69273419,100.00,,
152.979605569,1882,,rD044,67138724,100.00,,
152.979605569,3216383,,rFF44,67138724,100.00,,
152.979605569,614063720,,instructions,67138724,100.00,2.49,insn per cycle
152.979605569,246671204,,cycles,67138724,100.00,,
153.079770602,1395,,rD044,68057274,100.00,,
153.079770602,3157609,,rFF44,68061764,100.00,,
153.079770602,625407111,,instructions,68065274,100.00,2.50,insn per cycle
153.079770602,250279991,,cycles,68068514,100.00,,
153.179956065,1726,,rD044,67822433,100.00,,
153.179956065,3169502,,rFF44,67823043,100.00,,
153.179956065,620832513,,instructions,67823033,100.00,2.49,insn per cycle
153.179956065,249466686,,cycles,67823273,100.00,,
153.280136759,1474,,rD044,69027279,100.00,,
153.280136759,3195724,,rFF44,69026679,100.00,,
153.280136759,636095492,,instructions,69026249,100.00,2.50,insn per cycle
153.280136759,254210507,,cycles,69025859,100.00,,
153.380310682,1771,,rD044,69077477,100.00,,
153.380310682,3140653,,rFF44,69077657,100.00,,
153.380310682,630905565,,instructions,69078057,100.00,2.48,insn per cycle
153.380310682,254433965,,cycles,69078457,100.00,,
153.480485135,1941,,rD044,69132407,100.00,,
153.480485135,3179487,,rFF44,69127727,100.00,,
153.480485135,637985830,,instructions,69124257,100.00,2.51,insn per cycle
153.480485135,254477683,,cycles,69120767,100.00,,
153.580647848,1728,,rD044,66597699,100.00,,
153.580647848,3114198,,rFF44,66603989,100.00,,
153.580647848,613212979,,instructions,66606479,100.00,2.51,insn per cycle
153.580647848,244553318,,cycles,66606479,100.00,,
153.680830851,1684,,rD044,68904063,100.00,,
153.680830851,3151792,,rFF44,68902203,100.00,,
153.680830851,629722604,,instructions,68902963,100.00,2.48,insn per cycle
153.680830851,253552217,,cycles,68905993,100.00,,
153.781005845,1388,,rD044,69699220,100.00,,
153.781005845,3225530,,rFF44,69699250,100.00,,
153.781005845,645493856,,instructions,69699010,100.00,2.51,insn per cycle
153.781005845,256662868,,cycles,69698830,100.00,,
153.881180578,1836,,rD044,69655106,100.00,,
153.881180578,3250346,,rFF44,69655836,100.00,,
153.881180578,640744862,,instructions,69656016,100.00,2.50,insn per cycle
153.881180578,256496511,,cycles,69656606,100.00,,
153.981355871,1450,,rD044,67969301,100.00,,
153.981355871,3251627,,rFF44,67964111,100.00,,
153.981355871,622367441,,instructions,67960921,100.00,2.49,insn per cycle
153.981355871,249900772,,cycles,67957481,100.00,,
154.081520324,1455,,rD044,67251787,100.00,,
154.081520324,3087794,,rFF44,67251787,100.00,,
154.081520324,613528444,,instructions,67251787,100.00,2.48,insn per cycle
154.081520324,247061304,,cycles,67251787,100.00,,
154.181681977,1481,,rD044,69737754,100.00,,
154.181681977,3220412,,rFF44,69742374,100.00,,
154.181681977,648972695,,instructions,69745524,100.00,2.53,insn per cycle
154.181681977,256838855,,cycles,69748724,100.00,,
154.281854500,1449,,rD044,69674548,100.00,,
154.281854500,3212834,,rFF44,69674838,100.00,,
154.281854500,645307649,,instructions,69674868,100.00,2.52,insn per cycle
154.281854500,256581304,,cycles,69674948,100.00,,
154.382028533,1907,,rD044,68469353,100.00,,
154.382028533,3151472,,rFF44,68464443,100.00,,
154.382028533,630531498,,instructions,68461263,100.00,2.50,insn per cycle
154.382028533,251882567,,cycles,68457983,100.00,,
154.482197997,1498,,rD044,67044988,100.00,,
154.482197997,3105858,,rFF44,67044988,100.00,,
154.482197997,613120985,,instructions,67044988,100.00,2.49,insn per cycle
154.482197997,246256883,,cycles,67044988,100.00,,
154.582361710,1452,,rD044,68896554,100.00,,
154.582361710,3238797,,rFF44,68901094,100.00,,
154.582361710,633459405,,instructions,68904224,100.00,2.50,insn per cycle
154.582361710,253590282,,cycles,68907654,100.00,,
154.682545413,1396,,rD044,69735862,100.00,,
154.682545413,3431100,,rFF44,69736592,100.00,,
154.682545413,639994494,,instructions,69736902,100.00,2.49,insn per cycle
154.682545413,256789738,,cycles,69737062,100.00,,
154.782722186,1765,,rD044,69806567,100.00,,
154.782722186,3452019,,rFF44,69805677,100.00,,
154.782722186,636434322,,instructions,69805717,100.00,2.48,insn per cycle
154.782722186,257075616,,cycles,69805597,100.00,,
154.882898729,1796,,rD044,68310319,100.00,,
154.882898729,3321129,,rFF44,68305939,100.00,,
154.882898729,629196853,,instructions,68302459,100.00,2.50,insn per cycle
154.882898729,251232653,,cycles,68298989,100.00,,
154.983070982,1944,,rD044,67056177,100.00,,
154.983070982,3172837,,rFF44,67060717,100.00,,
154.983070982,613752882,,instructions,67064097,100.00,2.49,insn per cycle
154.983070982,246327513,,cycles,67067187,100.00,,
155.083245516,1459,,rD044,69655609,100.00,,
155.083245516,3227690,,rFF44,69655479,100.00,,
155.083245516,644391167,,instructions,69655379,100.00,2.51,insn per cycle
155.083245516,256508188,,cycles,69655419,100.00,,
155.183424749,1784,,rD044,69877365,100.00,,
155.183424749,3103163,,rFF44,69877225,100.00,,
155.183424749,657656093,,instructions,69877325,100.00,2.56,insn per cycle
155.183424749,257341346,,cycles,69877235,100.00,,
155.283599322,2717,,rD044,68244459,100.00,,
155.283599322,3229826,,rFF44,68240189,100.00,,
155.283599322,627547432,,instructions,68236809,100.00,2.50,insn per cycle
155.283599322,250807080,,cycles,68233769,100.00,,
155.383772385,1778,,rD044,67584339,100.00,,
155.383772385,3042019,,rFF44,67588579,100.00,,
155.383772385,630578154,,instructions,67591679,100.00,2.54,insn per cycle
155.383772385,248392130,,cycles,67594699,100.00,,
155.483962049,1520,,rD044,69520145,100.00,,
155.483962049,3153603,,rFF44,69520565,100.00,,
155.483962049,634208627,,instructions,69520715,100.00,2.48,insn per cycle
155.483962049,255993100,,cycles,69520915,100.00,,
155.584136222,1808,,rD044,69629824,100.00,,
155.584136222,3173633,,rFF44,69630044,100.00,,
155.584136222,644713909,,instructions,69630034,100.00,2.51,insn per cycle
155.584136222,256403043,,cycles,69630244,100.00,,
155.684311505,1522,,rD044,67636228,100.00,,
155.684311505,3172171,,rFF44,67631348,100.00,,
155.684311505,619758999,,instructions,67628108,100.00,2.49,insn per cycle
155.684311505,248612270,,cycles,67624678,100.00,,
155.784475808,2149,,rD044,67411419,100.00,,
155.784475808,3182304,,rFF44,67415939,100.00,,
155.784475808,619196139,,instructions,67419149,100.00,2.50,insn per cycle
155.784475808,247748867,,cycles,67422389,100.00,,
155.884656041,1475,,rD044,69230824,100.00,,
155.884656041,3429883,,rFF44,69231104,100.00,,
155.884656041,632193835,,instructions,69231274,100.00,2.48,insn per cycle
155.884656041,254933154,,cycles,69231684,100.00,,
155.984830984,1524,,rD044,69556304,100.00,,
155.984830984,3161103,,rFF44,69556154,100.00,,
155.984830984,619747370,,instructions,69555914,100.00,2.42,insn per cycle
155.984830984,256130654,,cycles,69555674,100.00,,
156.085004287,1456,,rD044,69547748,100.00,,
156.085004287,3009647,,rFF44,69547508,100.00,,
156.085004287,593902416,,instructions,69547678,100.00,2.32,insn per cycle
156.085004287,256107959,,cycles,69547598,100.00,,
156.185177781,1372,,rD044,69644337,100.00,,
156.185177781,2897500,,rFF44,69644487,100.00,,
156.185177781,600971052,,instructions,69644737,100.00,2.34,insn per cycle
156.185177781,256460541,,cycles,69644837,100.00,,
156.285352424,1259,,rD044,71394503,100.00,,
156.285352424,2947353,,rFF44,71389943,100.00,,
156.285352424,605069108,,instructions,71386383,100.00,2.30,insn per cycle
156.285352424,263367667,,cycles,71382953,100.00,,
156.385517097,1425,,rD044,69442756,100.00,,
156.385517097,2896042,,rFF44,69442756,100.00,,
156.385517097,609716657,,instructions,69442756,100.00,2.38,insn per cycle
156.385517097,255649846,,cycles,69442756,100.00,,
156.485679910,1525,,rD044,68511713,100.00,,
156.485679910,2865602,,rFF44,68511713,100.00,,
156.485679910,612110033,,instructions,68511713,100.00,2.43,insn per cycle
156.485679910,252016863,,cycles,68519073,100.00,,
156.585850853,1485,,rD044,69298785,100.00,,
156.585850853,2961617,,rFF44,69298785,100.00,,
156.585850853,611763010,,instructions,69298785,100.00,2.40,insn per cycle
156.585850853,255037360,,cycles,69291425,100.00,,
156.686023556,1423,,rD044,69061487,100.00,,
156.686023556,2985514,,rFF44,69061487,100.00,,
156.686023556,610612985,,instructions,69061487,100.00,2.40,insn per cycle
156.686023556,254175354,,cycles,69061487,100.00,,
156.786188789,1468,,rD044,69396102,100.00,,
156.786188789,2917803,,rFF44,69400992,100.00,,
156.786188789,622875525,,instructions,69404522,100.00,2.44,insn per cycle
156.786188789,255487443,,cycles,69407582,100.00,,
156.886368073,1518,,rD044,69956783,100.00,,
156.886368073,2921722,,rFF44,69956273,100.00,,
156.886368073,614906944,,instructions,69956053,100.00,2.39,insn per cycle
156.886368073,257633752,,cycles,69956483,100.00,,
156.986541296,1559,,rD044,69813189,100.00,,
156.986541296,2907978,,rFF44,69813329,100.00,,
156.986541296,611213909,,instructions,69813329,100.00,2.38,insn per cycle
156.986541296,257088911,,cycles,69813119,100.00,,
157.086715119,2045,,rD044,69999700,100.00,,
157.086715119,2933544,,rFF44,69999630,100.00,,
157.086715119,620416901,,instructions,69999520,100.00,2.41,insn per cycle
157.086715119,257795369,,cycles,69999530,100.00,,
157.186888662,1672,,rD044,69887340,100.00,,
157.186888662,3000157,,rFF44,69888030,100.00,,
157.186888662,617026473,,instructions,69888060,100.00,2.40,insn per cycle
157.186888662,257386059,,cycles,69888070,100.00,,
157.287072225,1940,,rD044,69921204,100.00,,
157.287072225,2951545,,rFF44,69921144,100.00,,
157.287072225,614972319,,instructions,69921554,100.00,2.39,insn per cycle
157.287072225,257488217,,cycles,69921574,100.00,,
157.387248819,2258,,rD044,69876180,100.00,,
157.387248819,2915860,,rFF44,69875790,100.00,,
157.387248819,610284046,,instructions,69875450,100.00,2.37,insn per cycle
157.387248819,257313705,,cycles,69875590,100.00,,
157.487424522,1779,,rD044,69817172,100.00,,
157.487424522,2950816,,rFF44,69817522,100.00,,
157.487424522,618597829,,instructions,69817602,100.00,2.41,insn per cycle
157.487424522,257080629,,cycles,69817902,100.00,,
157.587599285,1448,,rD044,69582912,100.00,,
157.587599285,2981747,,rFF44,69582072,100.00,,
157.587599285,609603212,,instructions,69582102,100.00,2.38,insn per cycle
157.587599285,256226244,,cycles,69581482,100.00,,
157.687769478,1433,,rD044,69640740,100.00,,
157.687769478,2933956,,rFF44,69640850,100.00,,
157.687769478,618673764,,instructions,69641330,100.00,2.41,insn per cycle
157.687769478,256471788,,cycles,69641350,100.00,,
157.787959041,1828,,rD044,69427610,100.00,,
157.787959041,2909343,,rFF44,69428070,100.00,,
157.787959041,616706395,,instructions,69427510,100.00,2.41,insn per cycle
157.787959041,255650861,,cycles,69427840,100.00,,
157.888133515,1932,,rD044,69326713,100.00,,
157.888133515,3011583,,rFF44,69326423,100.00,,
157.888133515,601481447,,instructions,69326063,100.00,2.36,insn per cycle
157.888133515,255259062,,cycles,69326053,100.00,,
157.988313668,1475,,rD044,69656076,100.00,,
157.988313668,2938346,,rFF44,69656576,100.00,,
157.988313668,615101044,,instructions,69656846,100.00,2.40,insn per cycle
157.988313668,256482483,,cycles,69656806,100.00,,
158.088487731,1452,,rD044,69514794,100.00,,
158.088487731,2888618,,rFF44,69514304,100.00,,
158.088487731,614585768,,instructions,69514254,100.00,2.40,insn per cycle
158.088487731,255982866,,cycles,69514174,100.00,,
158.188660774,1881,,rD044,69573216,100.00,,
158.188660774,3041452,,rFF44,69572976,100.00,,
158.188660774,610935112,,instructions,69573066,100.00,2.38,insn per cycle
158.188660774,256195684,,cycles,69572976,100.00,,
158.288840867,2052,,rD044,67829878,100.00,,
158.288840867,2921428,,rFF44,67830708,100.00,,
158.288840867,597450038,,instructions,67830978,100.00,2.40,insn per cycle
158.288840867,249403116,,cycles,67831018,100.00,,
158.389019561,1520,,rD044,68909816,100.00,,
158.389019561,2926331,,rFF44,68909046,100.00,,
158.389019561,604091255,,instructions,68908696,100.00,2.38,insn per cycle
158.389019561,253756315,,cycles,68908966,100.00,,
158.489193694,1442,,rD044,69148684,100.00,,
158.489193694,2993277,,rFF44,69148764,100.00,,
158.489193694,594291924,,instructions,69149364,100.00,2.33,insn per cycle
158.489193694,254630547,,cycles,69149114,100.00,,
158.589375307,1466,,rD044,69863995,100.00,,
158.589375307,3021312,,rFF44,69859605,100.00,,
158.589375307,600174703,,instructions,69855805,100.00,2.33,insn per cycle
158.589375307,257311396,,cycles,69852475,100.00,,
158.689541080,1416,,rD044,69759757,100.00,,
158.689541080,2890003,,rFF44,69764037,100.00,,
158.689541080,614618328,,instructions,69767697,100.00,2.39,insn per cycle
158.689541080,256889817,,cycles,69770837,100.00,,
158.789715643,1647,,rD044,70370591,100.00,,
158.789715643,2981402,,rFF44,70366311,100.00,,
158.789715643,610508740,,instructions,70362651,100.00,2.36,insn per cycle
158.789715643,259186654,,cycles,70359511,100.00,,
158.889878706,1840,,rD044,70038681,100.00,,
158.889878706,3019012,,rFF44,70038681,100.00,,
158.889878706,611864966,,instructions,70038681,100.00,2.37,insn per cycle
158.889878706,257959499,,cycles,70038681,100.00,,
158.990046279,1434,,rD044,70039029,100.00,,
158.990046279,2931567,,rFF44,70039029,100.00,,
158.990046279,612905076,,instructions,70039029,100.00,2.38,insn per cycle
158.990046279,257963211,,cycles,70039029,100.00,,
159.090210413,1451,,rD044,70078642,100.00,,
159.090210413,2995737,,rFF44,70078642,100.00,,
159.090210413,612109998,,instructions,70078642,100.00,2.37,insn per cycle
159.090210413,258124736,,cycles,70078642,100.00,,
159.190381476,1423,,rD044,70270091,100.00,,
159.190381476,3038889,,rFF44,70270091,100.00,,
159.190381476,612248894,,instructions,70270091,100.00,2.37,insn per cycle
159.190381476,258832367,,cycles,70270091,100.00,,
159.290547249,1605,,rD044,69743253,100.00,,
159.290547249,2916510,,rFF44,69743253,100.00,,
159.290547249,611861225,,instructions,69743253,100.00,2.38,insn per cycle
159.290547249,256838471,,cycles,69743253,100.00,,
159.390711222,1375,,rD044,70946772,100.00,,
159.390711222,2940031,,rFF44,70946772,100.00,,
159.390711222,612555133,,instructions,70946772,100.00,2.34,insn per cycle
159.390711222,261550276,,cycles,70946772,100.00,,
159.490876395,1788,,rD044,70415862,100.00,,
159.490876395,3026722,,rFF44,70415862,100.00,,
159.490876395,610898776,,instructions,70415862,100.00,2.35,insn per cycle
159.490876395,259484811,,cycles,70415862,100.00,,
159.591041308,1752,,rD044,69804848,100.00,,
159.591041308,2985215,,rFF44,69804848,100.00,,
159.591041308,611551173,,instructions,69804848,100.00,2.38,insn per cycle
159.591041308,257031781,,cycles,69804848,100.00,,
159.691206881,1883,,rD044,70618988,100.00,,
159.691206881,3086871,,rFF44,70623578,100.00,,
159.691206881,609267913,,instructions,70626788,100.00,2.34,insn per cycle
159.691206881,260214724,,cycles,70629888,100.00,,
159.791381534,1645,,rD044,69885946,100.00,,
159.791381534,3089485,,rFF44,69885976,100.00,,
159.791381534,595680221,,instructions,69885946,100.00,2.31,insn per cycle
159.791381534,257362445,,cycles,69886046,100.00,,
159.891556267,2630,,rD044,74445315,100.00,,
159.891556267,4723150,,rFF44,74445325,100.00,,
159.891556267,474133918,,instructions,74444935,100.00,1.73,insn per cycle
159.891556267,274824761,,cycles,74445185,100.00,,
159.991730841,1583,,rD044,69212236,100.00,,
159.991730841,2879871,,rFF44,69212337,100.00,,
159.991730841,614324666,,instructions,69212857,100.00,2.41,insn per cycle
159.991730841,255104601,,cycles,69212557,100.00,,
160.091904294,1881,,rD044,69500501,100.00,,
160.091904294,3008057,,rFF44,69501020,100.00,,
160.091904294,607458264,,instructions,69501110,100.00,2.37,insn per cycle
160.091904294,256174204,,cycles,69501760,100.00,,
160.192080757,2281,,rD044,76700503,100.00,,
160.192080757,4414702,,rFF44,76695253,100.00,,
160.192080757,515423256,,instructions,76691853,100.00,1.82,insn per cycle
160.192080757,283833527,,cycles,76688053,100.00,,
160.292242890,2751,,rD044,71537974,100.00,,
160.292242890,3032949,,rFF44,71542664,100.00,,
160.292242890,611687016,,instructions,71546154,100.00,2.32,insn per cycle
160.292242890,263961272,,cycles,71549174,100.00,,
160.392418543,2692,,rD044,69779255,100.00,,
160.392418543,2964977,,rFF44,69779715,100.00,,
160.392418543,597026028,,instructions,69779315,100.00,2.32,insn per cycle
160.392418543,257242314,,cycles,69779105,100.00,,
160.492593116,2296,,rD044,69813139,100.00,,
160.492593116,2984905,,rFF44,69812669,100.00,,
160.492593116,606237904,,instructions,69812539,100.00,2.36,insn per cycle
160.492593116,257352329,,cycles,69812909,100.00,,
160.592769240,3001,,rD044,69784713,100.00,,
160.592769240,2943106,,rFF44,69784813,100.00,,
160.592769240,622168465,,instructions,69785193,100.00,2.42,insn per cycle
160.592769240,257236270,,cycles,69784903,100.00,,
160.692956343,2385,,rD044,68979719,100.00,,
160.692956343,3258389,,rFF44,68978769,100.00,,
160.692956343,615198937,,instructions,68975429,100.00,2.42,insn per cycle
160.692956343,254142913,,cycles,68972539,100.00,,
160.793129186,2664,,rD044,70798870,100.00,,
160.793129186,3459454,,rFF44,70801030,100.00,,
160.793129186,604851751,,instructions,70804480,100.00,2.32,insn per cycle
160.793129186,261176395,,cycles,70807480,100.00,,
160.893304259,1931,,rD044,69856999,100.00,,
160.893304259,3450584,,rFF44,69855529,100.00,,
160.893304259,586760084,,instructions,69855689,100.00,2.28,insn per cycle
160.893304259,257542082,,cycles,69856329,100.00,,
160.993478232,1874,,rD044,69505017,100.00,,
160.993478232,3413572,,rFF44,69505347,100.00,,
160.993478232,575001208,,instructions,69505017,100.00,2.24,insn per cycle
160.993478232,256126503,,cycles,69504507,100.00,,
161.093654986,1346,,rD044,69332700,100.00,,
161.093654986,3159797,,rFF44,69332620,100.00,,
161.093654986,634072871,,instructions,69332480,100.00,2.48,insn per cycle
161.093654986,255542349,,cycles,69333160,100.00,,
161.193832069,1980,,rD044,69293229,100.00,,
161.193832069,3308432,,rFF44,69293389,100.00,,
161.193832069,658793829,,instructions,69293499,100.00,2.58,insn per cycle
161.193832069,255386715,,cycles,69292789,100.00,,
161.294005432,1924,,rD044,67102466,100.00,,
161.294005432,3141705,,rFF44,67097536,100.00,,
161.294005432,626930059,,instructions,67094286,100.00,2.54,insn per cycle
161.294005432,246862844,,cycles,67091186,100.00,,
161.394178415,3557,,rD044,67702110,100.00,,
161.394178415,3024268,,rFF44,67706670,100.00,,
161.394178415,616350381,,instructions,67709870,100.00,2.47,insn per cycle
161.394178415,249138861,,cycles,67713450,100.00,,
161.494355778,2553,,rD044,68806302,100.00,,
161.494355778,3169671,,rFF44,68806822,100.00,,
161.494355778,638924844,,instructions,68806742,100.00,2.52,insn per cycle
161.494355778,253439688,,cycles,68806032,100.00,,
161.594536932,2764,,rD044,69927926,100.00,,
161.594536932,3211456,,rFF44,69928246,100.00,,
161.594536932,653422873,,instructions,69927996,100.00,2.53,insn per cycle
161.594536932,257787033,,cycles,69928066,100.00,,
161.694718725,2384,,rD044,68556679,100.00,,
161.694718725,3165973,,rFF44,68551279,100.00,,
161.694718725,641186397,,instructions,68548409,100.00,2.54,insn per cycle
161.694718725,252449288,,cycles,68545469,100.00,,
161.794883368,3157,,rD044,67030947,100.00,,
161.794883368,3131492,,rFF44,67035607,100.00,,
161.794883368,628086580,,instructions,67038847,100.00,2.55,insn per cycle
161.794883368,246504873,,cycles,67041957,100.00,,
161.895063581,2193,,rD044,69765134,100.00,,
161.895063581,3231172,,rFF44,69765154,100.00,,
161.895063581,649952479,,instructions,69765224,100.00,2.53,insn per cycle
161.895063581,257178552,,cycles,69765614,100.00,,
161.995259625,3038,,rD044,69837655,100.00,,
161.995259625,3219488,,rFF44,69832975,100.00,,
161.995259625,655440356,,instructions,69829665,100.00,2.55,insn per cycle
161.995259625,257399117,,cycles,69826165,100.00,,
162.095444228,2271,,rD044,66699868,100.00,,
162.095444228,3054355,,rFF44,66706408,100.00,,
162.095444228,617213187,,instructions,66709278,100.00,2.52,insn per cycle
162.095444228,245308699,,cycles,66713068,100.00,,
162.195642221,3462,,rD044,68743993,100.00,,
162.195642221,3231674,,rFF44,68742203,100.00,,
162.195642221,640664704,,instructions,68742443,100.00,2.53,insn per cycle
162.195642221,253142608,,cycles,68741613,100.00,,
162.295836345,2636,,rD044,69843475,100.00,,
162.295836345,3196524,,rFF44,69843625,100.00,,
162.295836345,650211146,,instructions,69843545,100.00,2.53,insn per cycle
162.295836345,257462138,,cycles,69843525,100.00,,
162.396029948,2491,,rD044,69034552,100.00,,
162.396029948,3167026,,rFF44,69029652,100.00,,
162.396029948,643893604,,instructions,69026622,100.00,2.53,insn per cycle
162.396029948,254337039,,cycles,69023682,100.00,,
162.496213581,2708,,rD044,66716773,100.00,,
162.496213581,3078369,,rFF44,66721673,100.00,,
162.496213581,617643804,,instructions,66724953,100.00,2.52,insn per cycle
162.496213581,245223095,,cycles,66728623,100.00,,
162.596407665,2874,,rD044,74313114,100.00,,
162.596407665,3640654,,rFF44,74313184,100.00,,
162.596407665,638096130,,instructions,74312924,100.00,2.32,insn per cycle
162.596407665,274834940,,cycles,74312604,100.00,,
162.696603108,2783,,rD044,69991086,100.00,,
162.696603108,3227459,,rFF44,69991396,100.00,,
162.696603108,629541636,,instructions,69991626,100.00,2.44,insn per cycle
162.696603108,258023936,,cycles,69992236,100.00,,
162.796800232,2538,,rD044,67602556,100.00,,
162.796800232,3176300,,rFF44,67601666,100.00,,
162.796800232,630502087,,instructions,67600576,100.00,2.53,insn per cycle
162.796800232,248776240,,cycles,67596616,100.00,,
162.897006965,2443,,rD044,68840182,100.00,,
162.897006965,3221707,,rFF44,68839943,100.00,,
162.897006965,616665556,,instructions,68841453,100.00,2.43,insn per cycle
162.897006965,253508455,,cycles,68841453,100.00,,
162.997200709,1732,,rD044,68331655,100.00,,
162.997200709,3206112,,rFF44,68332054,100.00,,
162.997200709,644950609,,instructions,68331474,100.00,2.56,insn per cycle
162.997200709,251593841,,cycles,68334714,100.00,,
163.097393452,1311,,rD044,69317113,100.00,,
163.097393452,3282308,,rFF44,69317223,100.00,,
163.097393452,653783073,,instructions,69317363,100.00,2.56,insn per cycle
163.097393452,255495119,,cycles,69317113,100.00,,
163.197588675,2227,,rD044,67408390,100.00,,
163.197588675,3166778,,rFF44,67410030,100.00,,
163.197588675,635459151,,instructions,67409060,100.00,2.56,insn per cycle
163.197588675,248113243,,cycles,67406070,100.00,,
163.297782179,1722,,rD044,66614544,100.00,,
163.297782179,3112343,,rFF44,66612764,100.00,,
163.297782179,624563989,,instructions,66613784,100.00,2.55,insn per cycle
163.297782179,244916459,,cycles,66616714,100.00,,
163.397986092,1274,,rD044,66184341,100.00,,
163.397986092,3133566,,rFF44,66179821,100.00,,
163.397986092,623960814,,instructions,66176541,100.00,2.56,insn per cycle
163.397986092,243306461,,cycles,66173611,100.00,,
163.498170365,2790,,rD044,68588593,100.00,,
163.498170365,3056000,,rFF44,68593363,100.00,,
163.498170365,612956126,,instructions,68596583,100.00,2.43,insn per cycle
163.498170365,252650299,,cycles,68599803,100.00,,
163.598362529,2391,,rD044,69344041,100.00,,
163.598362529,3148898,,rFF44,69344101,100.00,,
163.598362529,646672253,,instructions,69344171,100.00,2.53,insn per cycle
163.598362529,255615300,,cycles,69343831,100.00,,
163.698556972,3174,,rD044,69691369,100.00,,
163.698556972,3221598,,rFF44,69691509,100.00,,
163.698556972,654233074,,instructions,69692019,100.00,2.55,insn per cycle
163.698556972,256908110,,cycles,69692499,100.00,,
163.798751106,2459,,rD044,67032225,100.00,,
163.798751106,3131267,,rFF44,67027255,100.00,,
163.798751106,624334516,,instructions,67023455,100.00,2.53,insn per cycle
163.798751106,246465013,,cycles,67020095,100.00,,
163.898949139,2539,,rD044,68545470,100.00,,
163.898949139,3185914,,rFF44,68550350,100.00,,
163.898949139,644043884,,instructions,68553440,100.00,2.55,insn per cycle
163.898949139,252431411,,cycles,68556650,100.00,,
163.999143423,2890,,rD044,69848771,100.00,,
163.999143423,3225572,,rFF44,69848491,100.00,,
163.999143423,655153504,,instructions,69848701,100.00,2.54,insn per cycle
163.999143423,257467987,,cycles,69848411,100.00,,
164.099336156,2577,,rD044,68909691,100.00,,
164.099336156,3156751,,rFF44,68905091,100.00,,
164.099336156,638294410,,instructions,68901791,100.00,2.51,insn per cycle
164.099336156,253910113,,cycles,68898871,100.00,,
164.199520569,4314,,rD044,66839434,100.00,,
164.199520569,3084676,,rFF44,66839434,100.00,,
164.199520569,618332948,,instructions,66839434,100.00,2.52,insn per cycle
164.199520569,245658130,,cycles,66839434,100.00,,
164.299705892,2429,,rD044,69569092,100.00,,
164.299705892,3211792,,rFF44,69573942,100.00,,
164.299705892,651552246,,instructions,69576992,100.00,2.54,insn per cycle
164.299705892,256398237,,cycles,69580212,100.00,,
164.399898406,2436,,rD044,69925109,100.00,,
164.399898406,3247920,,rFF44,69925239,100.00,,
164.399898406,649280555,,instructions,69926029,100.00,2.52,insn per cycle
164.399898406,257802069,,cycles,69925909,100.00,,
164.500093079,2531,,rD044,68318968,100.00,,
164.500093079,3274275,,rFF44,68313988,100.00,,
164.500093079,635339711,,instructions,68310148,100.00,2.53,insn per cycle
164.500093079,251524705,,cycles,68307048,100.00,,
164.600277503,2669,,rD044,67387259,100.00,,
164.600277503,3084758,,rFF44,67391919,100.00,,
164.600277503,624720659,,instructions,67395189,100.00,2.52,insn per cycle
164.600277503,247885423,,cycles,67398199,100.00,,
164.700472256,2515,,rD044,74216343,100.00,,
164.700472256,3709284,,rFF44,74216954,100.00,,
164.700472256,658333679,,instructions,74216794,100.00,2.40,insn per cycle
164.700472256,274499974,,cycles,74216884,100.00,,
164.800667199,2586,,rD044,67448521,100.00,,
164.800667199,3042198,,rFF44,67443250,100.00,,
164.800667199,618039609,,instructions,67440140,100.00,2.49,insn per cycle
164.800667199,248118670,,cycles,67437040,100.00,,
164.900851483,2223,,rD044,67970326,100.00,,
164.900851483,3160477,,rFF44,67975056,100.00,,
164.900851483,630171138,,instructions,67978466,100.00,2.52,insn per cycle
164.900851483,250169774,,cycles,67981726,100.00,,
165.001045756,2991,,rD044,69960521,100.00,,
165.001045756,3303162,,rFF44,69961061,100.00,,
165.001045756,651057751,,instructions,69960331,100.00,2.52,insn per cycle
165.001045756,257908826,,cycles,69960701,100.00,,
165.101234199,2344,,rD044,69839559,100.00,,
165.101234199,3176728,,rFF44,69839209,100.00,,
165.101234199,653006731,,instructions,69839829,100.00,2.54,insn per cycle
165.101234199,257468706,,cycles,69839359,100.00,,
165.201427153,2111,,rD044,66933238,100.00,,
165.201427153,3023353,,rFF44,66928318,100.00,,
165.201427153,617795872,,instructions,66925018,100.00,2.51,insn per cycle
165.201427153,246138657,,cycles,66921858,100.00,,
165.301614356,2642,,rD044,68443961,100.00,,
165.301614356,3177606,,rFF44,68448511,100.00,,
165.301614356,636630765,,instructions,68451901,100.00,2.53,insn per cycle
165.301614356,252032244,,cycles,68454991,100.00,,
165.401818309,2614,,rD044,69907221,100.00,,
165.401818309,3204706,,rFF44,69907451,100.00,,
165.401818309,644609912,,instructions,69907031,100.00,2.50,insn per cycle
165.401818309,257711696,,cycles,69907091,100.00,,
165.502010383,2294,,rD044,69838504,100.00,,
165.502010383,3420027,,rFF44,69838514,100.00,,
165.502010383,629782380,,instructions,69838814,100.00,2.45,insn per cycle
165.502010383,257452700,,cycles,69838784,100.00,,
165.602203926,2665,,rD044,69769229,100.00,,
165.602203926,3128315,,rFF44,69769170,100.00,,
165.602203926,603990338,,instructions,69769210,100.00,2.35,insn per cycle
165.602203926,257197761,,cycles,69769290,100.00,,
165.702397570,2654,,rD044,69885335,100.00,,
165.702397570,2943302,,rFF44,69886264,100.00,,
165.702397570,589296383,,instructions,69886194,100.00,2.29,insn per cycle
165.702397570,257601467,,cycles,69886614,100.00,,
165.802591773,2326,,rD044,69930777,100.00,,
165.802591773,2834471,,rFF44,69930457,100.00,,
165.802591773,622405730,,instructions,69930937,100.00,2.41,insn per cycle
165.802591773,257766204,,cycles,69930287,100.00,,
165.902786277,2493,,rD044,69752307,100.00,,
165.902786277,2914104,,rFF44,69751707,100.00,,
165.902786277,622248060,,instructions,69750957,100.00,2.42,insn per cycle
165.902786277,257130569,,cycles,69750897,100.00,,
166.002988230,2296,,rD044,69862435,100.00,,
166.002988230,2816584,,rFF44,69862825,100.00,,
166.002988230,632976395,,instructions,69863325,100.00,2.46,insn per cycle
166.002988230,257542911,,cycles,69863825,100.00,,
166.103181013,2343,,rD044,69247899,100.00,,
166.103181013,2857752,,rFF44,69242769,100.00,,
166.103181013,621713266,,instructions,69239299,100.00,2.44,insn per cycle
166.103181013,255142701,,cycles,69235889,100.00,,
166.203364187,2826,,rD044,68826744,100.00,,
166.203364187,2832101,,rFF44,68826744,100.00,,
166.203364187,613868327,,instructions,68826744,100.00,2.42,insn per cycle
166.203364187,253438917,,cycles,68826744,100.00,,
166.303548940,2490,,rD044,67629987,100.00,,
166.303548940,2778946,,rFF44,67634997,100.00,,
166.303548940,612745625,,instructions,67634997,100.00,2.46,insn per cycle
166.303548940,248843486,,cycles,67634997,100.00,,
166.403740313,2346,,rD044,69765128,100.00,,
166.403740313,2956826,,rFF44,69764578,100.00,,
166.403740313,628613777,,instructions,69767758,100.00,2.44,insn per cycle
166.403740313,257192439,,cycles,69770618,100.00,,
166.503947377,3186,,rD044,74200859,100.00,,
166.503947377,3314261,,rFF44,74201119,100.00,,
166.503947377,638326659,,instructions,74201069,100.00,2.33,insn per cycle
166.503947377,274423951,,cycles,74201399,100.00,,
166.604143820,2176,,rD044,69366108,100.00,,
166.604143820,2862428,,rFF44,69361388,100.00,,
166.604143820,622583643,,instructions,69358258,100.00,2.44,insn per cycle
166.604143820,255616953,,cycles,69355068,100.00,,
166.704328473,2505,,rD044,69018808,100.00,,
166.704328473,2915123,,rFF44,69018808,100.00,,
166.704328473,610842002,,instructions,69018808,100.00,2.40,insn per cycle
166.704328473,254228142,,cycles,69018808,100.00,,
166.804513337,2086,,rD044,68080967,100.00,,
166.804513337,2876260,,rFF44,68080967,100.00,,
166.804513337,613730801,,instructions,68080967,100.00,2.45,insn per cycle
166.804513337,250540071,,cycles,68080967,100.00,,
166.904696440,2482,,rD044,69119471,100.00,,
166.904696440,2885963,,rFF44,69123861,100.00,,
166.904696440,624988603,,instructions,69126851,100.00,2.45,insn per cycle
166.904696440,254602378,,cycles,69129991,100.00,,
167.004891433,2963,,rD044,69360466,100.00,,
167.004891433,2898320,,rFF44,69361276,100.00,,
167.004891433,623083696,,instructions,69361926,100.00,2.44,insn per cycle
167.004891433,255654862,,cycles,69362706,100.00,,
167.105087967,2381,,rD044,70127301,100.00,,
167.105087967,2904092,,rFF44,70127191,100.00,,
167.105087967,650260930,,instructions,70127081,100.00,2.52,insn per cycle
167.105087967,258507694,,cycles,70126121,100.00,,
167.205284330,2125,,rD044,70149770,100.00,,
167.205284330,3026828,,rFF44,70149720,100.00,,
167.205284330,637588554,,instructions,70148880,100.00,2.47,insn per cycle
167.205284330,258600432,,cycles,70148960,100.00,,
167.305478324,2850,,rD044,68008761,100.00,,
167.305478324,2823309,,rFF44,68003721,100.00,,
167.305478324,615245318,,instructions,68001031,100.00,2.46,insn per cycle
167.305478324,250236799,,cycles,67997991,100.00,,
167.405660797,2193,,rD044,68189782,100.00,,
167.405660797,2864097,,rFF44,68194742,100.00,,
167.405660797,620540410,,instructions,68198402,100.00,2.47,insn per cycle
167.405660797,250994947,,cycles,68201662,100.00,,
167.505854310,2755,,rD044,70083741,100.00,,
167.505854310,2929223,,rFF44,70083611,100.00,,
167.505854310,635300471,,instructions,70082951,100.00,2.46,insn per cycle
167.505854310,258379402,,cycles,70082711,100.00,,
167.606046134,2616,,rD044,70209495,100.00,,
167.606046134,2934123,,rFF44,70209525,100.00,,
167.606046134,629341373,,instructions,70209715,100.00,2.43,insn per cycle
167.606046134,258819322,,cycles,70209815,100.00,,
167.706240237,2372,,rD044,70046254,100.00,,
167.706240237,3000239,,rFF44,70046414,100.00,,
167.706240237,629787685,,instructions,70046414,100.00,2.44,insn per cycle
167.706240237,258219284,,cycles,70046194,100.00,,
167.806432241,2145,,rD044,70197236,100.00,,
167.806432241,3036968,,rFF44,70197466,100.00,,
167.806432241,627939504,,instructions,70197716,100.00,2.43,insn per cycle
167.806432241,258823378,,cycles,70198236,100.00,,
167.906626804,2714,,rD044,68702845,100.00,,
167.906626804,2853968,,rFF44,68697595,100.00,,
167.906626804,622589806,,instructions,68694155,100.00,2.46,insn per cycle
167.906626804,253075953,,cycles,68690735,100.00,,
168.006822987,2070,,rD044,68620484,100.00,,
168.006822987,2996632,,rFF44,68620484,100.00,,
168.006822987,612958462,,instructions,68620484,100.00,2.43,insn per cycle
168.006822987,252683813,,cycles,68620484,100.00,,
168.107005561,2043,,rD044,68288748,100.00,,
168.107005561,2889934,,rFF44,68288748,100.00,,
168.107005561,614769358,,instructions,68288748,100.00,2.45,insn per cycle
168.107005561,251381310,,cycles,68288748,100.00,,
168.207187904,2038,,rD044,69869628,100.00,,
168.207187904,2977427,,rFF44,69874518,100.00,,
168.207187904,638496126,,instructions,69877788,100.00,2.48,insn per cycle
168.207187904,257614703,,cycles,69880738,100.00,,
168.307381467,2691,,rD044,73595217,100.00,,
168.307381467,3382418,,rFF44,73590327,100.00,,
168.307381467,638573999,,instructions,73587057,100.00,2.35,insn per cycle
168.307381467,272079730,,cycles,73584107,100.00,,
168.407563240,2115,,rD044,67739366,100.00,,
168.407563240,2885885,,rFF44,67739366,100.00,,
168.407563240,612822395,,instructions,67739366,100.00,2.46,insn per cycle
168.407563240,249235137,,cycles,67739366,100.00,,
168.507746774,3376,,rD044,68709724,100.00,,
168.507746774,2959660,,rFF44,68715074,100.00,,
168.507746774,620601903,,instructions,68718454,100.00,2.45,insn per cycle
168.507746774,253104542,,cycles,68721984,100.00,,
168.607957297,2972,,rD044,68397990,100.00,,
168.607957297,2998023,,rFF44,68397720,100.00,,
168.607957297,609469438,,instructions,68397080,100.00,2.42,insn per cycle
168.607957297,251958708,,cycles,68396770,100.00,,
168.708154551,2116,,rD044,69416607,100.00,,
168.708154551,2946594,,rFF44,69416597,100.00,,
168.708154551,624141834,,instructions,69417307,100.00,2.44,insn per cycle
168.708154551,255905736,,cycles,69416707,100.00,,
168.808350054,2554,,rD044,69778550,100.00,,
168.808350054,3022050,,rFF44,69780280,100.00,,
168.808350054,613926242,,instructions,69780860,100.00,2.39,insn per cycle
168.808350054,257216177,,cycles,69781300,100.00,,
168.908544878,2733,,rD044,69951194,100.00,,
168.908544878,3049149,,rFF44,69949044,100.00,,
168.908544878,614524515,,instructions,69947874,100.00,2.38,insn per cycle
168.908544878,257882659,,cycles,69947764,100.00,,
169.008737631,2448,,rD044,70015252,100.00,,
169.008737631,3041931,,rFF44,70015742,100.00,,
169.008737631,637027378,,instructions,70016072,100.00,2.47,insn per cycle
169.008737631,258131637,,cycles,70016192,100.00,,
169.108946195,2512,,rD044,70012893,100.00,,
169.108946195,3388801,,rFF44,70012933,100.00,,
169.108946195,616418240,,instructions,70013253,100.00,2.39,insn per cycle
169.108946195,258123882,,cycles,70013563,100.00,,
169.209139418,2811,,rD044,69951221,100.00,,
169.209139418,3446986,,rFF44,69950692,100.00,,
169.209139418,602079941,,instructions,69950292,100.00,2.33,insn per cycle
169.209139418,257882901,,cycles,69950302,100.00,,
169.309331251,2199,,rD044,70005209,100.00,,
169.309331251,3405946,,rFF44,70005918,100.00,,
169.309331251,593333359,,instructions,70006038,100.00,2.30,insn per cycle
169.309331251,258095626,,cycles,70005738,100.00,,
169.409525265,2358,,rD044,69929658,100.00,,
169.409525265,3255797,,rFF44,69929228,100.00,,
169.409525265,654508072,,instructions,69928898,100.00,2.54,insn per cycle
169.409525265,257783374,,cycles,69928918,100.00,,
169.509719698,2505,,rD044,67359515,100.00,,
169.509719698,3192182,,rFF44,67354585,100.00,,
169.509719698,629611760,,instructions,67351685,100.00,2.54,insn per cycle
169.509719698,247745617,,cycles,67348575,100.00,,
169.609903751,2137,,rD044,68319712,100.00,,
169.609903751,3239996,,rFF44,68324282,100.00,,
169.609903751,637942659,,instructions,68327742,100.00,2.54,insn per cycle
169.609903751,251567058,,cycles,68330912,100.00,,
169.710097035,2163,,rD044,69792937,100.00,,
169.710097035,3313979,,rFF44,69793487,100.00,,
169.710097035,658274415,,instructions,69792977,100.00,2.56,insn per cycle
169.710097035,257292097,,cycles,69792857,100.00,,
169.810290678,2703,,rD044,66880256,100.00,,
169.810290678,3188158,,rFF44,66879636,100.00,,
169.810290678,625382387,,instructions,66880336,100.00,2.54,insn per cycle
169.810290678,245939989,,cycles,66877286,100.00,,
169.910483682,2598,,rD044,68554081,100.00,,
169.910483682,3271457,,rFF44,68554621,100.00,,
169.910483682,646911700,,instructions,68554421,100.00,2.56,insn per cycle
169.910483682,252440556,,cycles,68557601,100.00,,
170.010676125,2345,,rD044,69775928,100.00,,
170.010676125,3326266,,rFF44,69770888,100.00,,
170.010676125,661508699,,instructions,69767438,100.00,2.57,insn per cycle
170.010676125,257190827,,cycles,69764258,100.00,,
170.110860188,2506,,rD044,69945745,100.00,,
170.110860188,3578786,,rFF44,69950765,100.00,,
170.110860188,623960113,,instructions,69954755,100.00,2.42,insn per cycle
170.110860188,257898237,,cycles,69957975,100.00,,
170.211054072,2274,,rD044,69357205,100.00,,
170.211054072,3282141,,rFF44,69352185,100.00,,
170.211054072,648122260,,instructions,69348195,100.00,2.54,insn per cycle
170.211054072,255538857,,cycles,69344975,100.00,,
170.311237515,2468,,rD044,66349816,100.00,,
170.311237515,3177892,,rFF44,66354786,100.00,,
170.311237515,618968084,,instructions,66357706,100.00,2.54,insn per cycle
170.311237515,243846058,,cycles,66361156,100.00,,
170.411427468,2160,,rD044,69843624,100.00,,
170.411427468,3316125,,rFF44,69843584,100.00,,
170.411427468,661243698,,instructions,69843914,100.00,2.57,insn per cycle
170.411427468,257481174,,cycles,69843684,100.00,,
170.511619282,2378,,rD044,68255990,100.00,,
170.511619282,3246305,,rFF44,68251060,100.00,,
170.511619282,638756871,,instructions,68247810,100.00,2.54,insn per cycle
170.511619282,251351954,,cycles,68244590,100.00,,
170.611802235,2528,,rD044,67008637,100.00,,
170.611802235,3173971,,rFF44,67013967,100.00,,
170.611802235,623532900,,instructions,67016697,100.00,2.53,insn per cycle
170.611802235,246437924,,cycles,67019987,100.00,,
170.712006958,2982,,rD044,70006529,100.00,,
170.712006958,3330704,,rFF44,70006309,100.00,,
170.712006958,653702837,,instructions,70007239,100.00,2.53,insn per cycle
170.712006958,258084355,,cycles,70006819,100.00,,
170.812201882,3665,,rD044,68880903,100.00,,
170.812201882,3297373,,rFF44,68875793,100.00,,
170.812201882,642272267,,instructions,68872133,100.00,2.53,insn per cycle
170.812201882,253690563,,cycles,68869263,100.00,,
170.912383535,3153,,rD044,66724314,100.00,,
170.912383535,3176947,,rFF44,66729124,100.00,,
170.912383535,613146756,,instructions,66731914,100.00,2.50,insn per cycle
170.912383535,245255994,,cycles,66735074,100.00,,
171.012576528,1825,,rD044,69395532,100.00,,
171.012576528,3329270,,rFF44,69395722,100.00,,
171.012576528,660078345,,instructions,69396012,100.00,2.58,insn per cycle
171.012576528,255774913,,cycles,69395822,100.00,,
171.112770082,1560,,rD044,69465707,100.00,,
171.112770082,3367733,,rFF44,69465667,100.00,,
171.112770082,640011400,,instructions,69465827,100.00,2.50,insn per cycle
171.112770082,255985074,,cycles,69465697,100.00,,
171.212980515,1583,,rD044,68650081,100.00,,
171.212980515,3257614,,rFF44,68645121,100.00,,
171.212980515,617925075,,instructions,68641881,100.00,2.45,insn per cycle
171.212980515,252489267,,cycles,68639041,100.00,,
171.313163839,1562,,rD044,67246050,100.00,,
171.313163839,3216897,,rFF44,67246050,100.00,,
171.313163839,611534345,,instructions,67246050,100.00,2.48,insn per cycle
171.313163839,246972045,,cycles,67246050,100.00,,
171.413346862,1737,,rD044,68650480,100.00,,
171.413346862,3251431,,rFF44,68655450,100.00,,
171.413346862,621756811,,instructions,68658960,100.00,2.46,insn per cycle
171.413346862,252596513,,cycles,68661780,100.00,,
171.513541355,1593,,rD044,69503437,100.00,,
171.513541355,3344252,,rFF44,69503187,100.00,,
171.513541355,639306723,,instructions,69502837,100.00,2.50,insn per cycle
171.513541355,255889206,,cycles,69503087,100.00,,
171.613733379,1356,,rD044,67693908,100.00,,
171.613733379,3224995,,rFF44,67694308,100.00,,
171.613733379,617334402,,instructions,67694478,100.00,2.48,insn per cycle
171.613733379,249058420,,cycles,67694618,100.00,,
171.713941682,1824,,rD044,69699305,100.00,,
171.713941682,3326668,,rFF44,69699135,100.00,,
171.713941682,630313724,,instructions,69698765,100.00,2.46,insn per cycle
171.713941682,256525700,,cycles,69698845,100.00,,
171.814136806,1692,,rD044,69618351,100.00,,
171.814136806,3291711,,rFF44,69618461,100.00,,
171.814136806,629367364,,instructions,69618631,100.00,2.46,insn per cycle
171.814136806,256205963,,cycles,69618731,100.00,,
171.914333279,1552,,rD044,69772357,100.00,,
171.914333279,3527810,,rFF44,69773117,100.00,,
171.914333279,597916484,,instructions,69773118,100.00,2.33,insn per cycle
171.914333279,256824990,,cycles,69773268,100.00,,
172.014529182,1493,,rD044,69785142,100.00,,
172.014529182,3283495,,rFF44,69783992,100.00,,
172.014529182,627907454,,instructions,69784091,100.00,2.44,insn per cycle
172.014529182,256876320,,cycles,69783721,100.00,,
172.114721006,1766,,rD044,69694374,100.00,,
172.114721006,3321265,,rFF44,69694704,100.00,,
172.114721006,611214053,,instructions,69694924,100.00,2.38,insn per cycle
172.114721006,256651630,,cycles,69694924,100.00,,
172.214915699,1490,,rD044,69609952,100.00,,
172.214915699,3234836,,rFF44,69609722,100.00,,
172.214915699,596032121,,instructions,69608872,100.00,2.33,insn per cycle
172.214915699,256347522,,cycles,69608732,100.00,,
172.315111153,1434,,rD044,69543300,100.00,,
172.315111153,3010109,,rFF44,69543450,100.00,,
172.315111153,602905336,,instructions,69544140,100.00,2.35,insn per cycle
172.315111153,256079525,,cycles,69544570,100.00,,
172.415306396,2024,,rD044,69800607,100.00,,
172.415306396,3115144,,rFF44,69800337,100.00,,
172.415306396,614034497,,instructions,69800117,100.00,2.39,insn per cycle
172.415306396,257049880,,cycles,69800207,100.00,,
172.515500059,2003,,rD044,69691454,100.00,,
172.515500059,3032132,,rFF44,69691414,100.00,,
172.515500059,612510426,,instructions,69691794,100.00,2.39,insn per cycle
172.515500059,256634971,,cycles,69691374,100.00,,
172.615691143,1733,,rD044,69805295,100.00,,
172.615691143,3141835,,rFF44,69805275,100.00,,
172.615691143,620521695,,instructions,69804995,100.00,2.41,insn per cycle
172.615691143,257084992,,cycles,69805265,100.00,,
172.715886716,1402,,rD044,69797357,100.00,,
172.715886716,3051734,,rFF44,69797717,100.00,,
172.715886716,617455441,,instructions,69797717,100.00,2.40,insn per cycle
172.715886716,257041888,,cycles,69797337,100.00,,
172.816078860,1414,,rD044,69733971,100.00,,
172.816078860,3121657,,rFF44,69733581,100.00,,
172.816078860,614438850,,instructions,69733541,100.00,2.39,insn per cycle
172.816078860,256783160,,cycles,69733621,100.00,,
172.916272253,2159,,rD044,69681096,100.00,,
172.916272253,3102769,,rFF44,69681986,100.00,,
172.916272253,618456129,,instructions,69682406,100.00,2.41,insn per cycle
172.916272253,256573165,,cycles,69682536,100.00,,
173.016467026,2060,,rD044,69633374,100.00,,
173.016467026,3115395,,rFF44,69632724,100.00,,
173.016467026,609549687,,instructions,69632594,100.00,2.38,insn per cycle
173.016467026,256351187,,cycles,69632854,100.00,,
173.116661230,1853,,rD044,69738007,100.00,,
173.116661230,3184126,,rFF44,69738257,100.00,,
173.116661230,613129722,,instructions,69738217,100.00,2.39,insn per cycle
173.116661230,256743718,,cycles,69738157,100.00,,
173.216854613,1797,,rD044,69808778,100.00,,
173.216854613,3119174,,rFF44,69808728,100.00,,
173.216854613,603253410,,instructions,69808478,100.00,2.35,insn per cycle
173.216854613,257047922,,cycles,69808368,100.00,,
173.317049176,1767,,rD044,70948025,100.00,,
173.317049176,3530220,,rFF44,70943025,100.00,,
173.317049176,601916683,,instructions,70939895,100.00,2.30,insn per cycle
173.317049176,261481602,,cycles,70936575,100.00,,
173.417232690,1181,,rD044,72736195,100.00,,
173.417232690,3634814,,rFF44,72740885,100.00,,
173.417232690,595743040,,instructions,72744395,100.00,2.22,insn per cycle
173.417232690,268558779,,cycles,72747285,100.00,,
173.517427973,1824,,rD044,69699829,100.00,,
173.517427973,3389216,,rFF44,69700449,100.00,,
173.517427973,581794354,,instructions,69700529,100.00,2.27,insn per cycle
173.517427973,256642292,,cycles,69700579,100.00,,
173.617622707,1741,,rD044,69632030,100.00,,
173.617622707,3206242,,rFF44,69631670,100.00,,
173.617622707,617604538,,instructions,69631410,100.00,2.41,insn per cycle
173.617622707,256394046,,cycles,69631890,100.00,,
173.717831830,1543,,rD044,72027449,100.00,,
173.717831830,3411119,,rFF44,72027289,100.00,,
173.717831830,565163219,,instructions,72027169,100.00,2.13,insn per cycle
173.717831830,265836394,,cycles,72026949,100.00,,
173.818026624,1721,,rD044,70385670,100.00,,
173.818026624,2944937,,rFF44,70380880,100.00,,
173.818026624,582305696,,instructions,70377670,100.00,2.24,insn per cycle
173.818026624,259446314,,cycles,70374470,100.00,,
173.918211367,1518,,rD044,72390214,100.00,,
173.918211367,3021057,,rFF44,72395004,100.00,,
173.918211367,610043358,,instructions,72398174,100.00,2.28,insn per cycle
173.918211367,267221119,,cycles,72401264,100.00,,
174.018404700,1978,,rD044,69775787,100.00,,
174.018404700,2951505,,rFF44,69775637,100.00,,
174.018404700,586416942,,instructions,69775717,100.00,2.28,insn per cycle
174.018404700,256910938,,cycles,69776107,100.00,,
174.118598634,1527,,rD044,69587982,100.00,,
174.118598634,3001151,,rFF44,69588182,100.00,,
174.118598634,584536869,,instructions,69588052,100.00,2.28,insn per cycle
174.118598634,256240989,,cycles,69587702,100.00,,
174.218790777,1448,,rD044,69815145,100.00,,
174.218790777,3020110,,rFF44,69820825,100.00,,
174.218790777,585801316,,instructions,69817705,100.00,2.28,insn per cycle
174.218790777,257123850,,cycles,69814575,100.00,,
174.318992860,1348,,rD044,72643500,100.00,,
174.318992860,3088301,,rFF44,72632980,100.00,,
174.318992860,611758440,,instructions,72632980,100.00,2.28,insn per cycle
174.318992860,268195114,,cycles,72632980,100.00,,
174.419178304,1352,,rD044,70518833,100.00,,
174.419178304,3088124,,rFF44,70523743,100.00,,
174.419178304,591302536,,instructions,70527883,100.00,2.28,insn per cycle
174.419178304,259838209,,cycles,70531144,100.00,,
174.519373207,2027,,rD044,69550075,100.00,,
174.519373207,3393039,,rFF44,69550135,100.00,,
174.519373207,584519941,,instructions,69549355,100.00,2.28,insn per cycle
174.519373207,255993814,,cycles,69549494,100.00,,
174.619567311,1885,,rD044,69582791,100.00,,
174.619567311,3431773,,rFF44,69583061,100.00,,
174.619567311,572247896,,instructions,69582941,100.00,2.23,insn per cycle
174.619567311,256200726,,cycles,69582601,100.00,,
174.719762604,1782,,rD044,73817223,100.00,,
174.719762604,3626370,,rFF44,73816933,100.00,,
174.719762604,598110297,,instructions,73817063,100.00,2.19,insn per cycle
174.719762604,272719574,,cycles,73817333,100.00,,
174.819971217,1757,,rD044,69555426,100.00,,
174.819971217,3301523,,rFF44,69554866,100.00,,
174.819971217,552874167,,instructions,69554546,100.00,2.16,insn per cycle
174.819971217,256087342,,cycles,69554036,100.00,,
174.920163921,1654,,rD044,69899967,100.00,,
174.920163921,3287332,,rFF44,69900097,100.00,,
174.920163921,602680352,,instructions,69900067,100.00,2.34,insn per cycle
174.920163921,257400367,,cycles,69897247,100.00,,
175.020360944,1870,,rD044,71624499,100.00,,
175.020360944,3115690,,rFF44,71619979,100.00,,
175.020360944,614839707,,instructions,71616959,100.00,2.33,insn per cycle
175.020360944,264145977,,cycles,71616959,100.00,,
175.120544598,1803,,rD044,71757163,100.00,,
175.120544598,3279250,,rFF44,71762453,100.00,,
175.120544598,611212145,,instructions,71765653,100.00,2.31,insn per cycle
175.120544598,264623907,,cycles,71768643,100.00,,
175.220740011,2522,,rD044,69505219,100.00,,
175.220740011,3112563,,rFF44,69499929,100.00,,
175.220740011,616085632,,instructions,69496729,100.00,2.41,insn per cycle
175.220740011,255830697,,cycles,69493739,100.00,,
175.320924924,1660,,rD044,69745026,100.00,,
175.320924924,3214136,,rFF44,69749906,100.00,,
175.320924924,595425739,,instructions,69752806,100.00,2.32,insn per cycle
175.320924924,256854364,,cycles,69755896,100.00,,
175.421118758,1959,,rD044,69601982,100.00,,
175.421118758,3116796,,rFF44,69602082,100.00,,
175.421118758,598791064,,instructions,69602562,100.00,2.34,insn per cycle
175.421118758,256144214,,cycles,69603082,100.00,,
175.521311601,1566,,rD044,72458215,100.00,,
175.521311601,3448170,,rFF44,72459865,100.00,,
175.521311601,588560978,,instructions,72459375,100.00,2.20,insn per cycle
175.521311601,267348645,,cycles,72455765,100.00,,
175.621507504,2065,,rD044,71229734,100.00,,
175.621507504,3186573,,rFF44,71227924,100.00,,
175.621507504,611092867,,instructions,71228154,100.00,2.33,insn per cycle
175.621507504,262459722,,cycles,71231394,100.00,,
175.721700838,1365,,rD044,69743759,100.00,,
175.721700838,3243030,,rFF44,69743559,100.00,,
175.721700838,578826361,,instructions,69743819,100.00,2.25,insn per cycle
175.721700838,256697267,,cycles,69743679,100.00,,
175.821895351,1717,,rD044,69716376,100.00,,
175.821895351,3147670,,rFF44,69716756,100.00,,
175.821895351,588520737,,instructions,69716666,100.00,2.29,insn per cycle
175.821895351,256622986,,cycles,69716996,100.00,,
175.922090045,1211,,rD044,72903969,100.00,,
175.922090045,3510008,,rFF44,72898969,100.00,,
175.922090045,595595862,,instructions,72895679,100.00,2.21,insn per cycle
175.922090045,269099432,,cycles,72892249,100.00,,
176.022273108,1595,,rD044,70717597,100.00,,
176.022273108,3642055,,rFF44,70722287,100.00,,
176.022273108,542773893,,instructions,70725707,100.00,2.08,insn per cycle
176.022273108,260664528,,cycles,70729367,100.00,,
176.122465551,2345,,rD044,74082920,100.00,,
176.122465551,3632382,,rFF44,74083190,100.00,,
176.122465551,592565090,,instructions,74082760,100.00,2.16,insn per cycle
176.122465551,273819421,,cycles,74081980,100.00,,
176.222658305,2076,,rD044,69548451,100.00,,
176.222658305,3198510,,rFF44,69548401,100.00,,
176.222658305,602376555,,instructions,69548511,100.00,2.35,insn per cycle
176.222658305,256077996,,cycles,69549101,100.00,,
176.322850808,1833,,rD044,69926858,100.00,,
176.322850808,3081036,,rFF44,69926188,100.00,,
176.322850808,625302092,,instructions,69926548,100.00,2.43,insn per cycle
176.322850808,257383198,,cycles,69926658,100.00,,
176.423045671,1747,,rD044,69771195,100.00,,
176.423045671,3094931,,rFF44,69771275,100.00,,
176.423045671,622227560,,instructions,69771145,100.00,2.42,insn per cycle
176.423045671,256785239,,cycles,69770835,100.00,,
176.523238395,1505,,rD044,69030709,100.00,,
176.523238395,3006815,,rFF44,69026389,100.00,,
176.523238395,618399723,,instructions,69023059,100.00,2.44,insn per cycle
176.523238395,253921482,,cycles,69019789,100.00,,
176.623421778,1832,,rD044,68138538,100.00,,
176.623421778,3033295,,rFF44,68138538,100.00,,
176.623421778,613259342,,instructions,68138538,100.00,2.45,insn per cycle
176.623421778,250378485,,cycles,68138538,100.00,,
176.723606241,1738,,rD044,68724127,100.00,,
176.723606241,3002931,,rFF44,68724127,100.00,,
176.723606241,616171757,,instructions,68724127,100.00,2.44,insn per cycle
176.723606241,252607220,,cycles,68724127,100.00,,
176.823791005,1773,,rD044,69328447,100.00,,
176.823791005,3159094,,rFF44,69333117,100.00,,
176.823791005,620977090,,instructions,69350437,100.00,2.43,insn per cycle
176.823791005,255247161,,cycles,69353907,100.00,,
176.924000908,1525,,rD044,71838080,100.00,,
176.924000908,3481631,,rFF44,71839460,100.00,,
176.924000908,609295716,,instructions,71826480,100.00,2.30,insn per cycle
176.924000908,264935230,,cycles,71823010,100.00,,
177.024198182,1626,,rD044,70191899,100.00,,
177.024198182,3090437,,rFF44,70185849,100.00,,
177.024198182,611980840,,instructions,70181509,100.00,2.37,insn per cycle
177.024198182,258507518,,cycles,70181509,100.00,,
177.124383025,1990,,rD044,69732896,100.00,,
177.124383025,3002588,,rFF44,69732896,100.00,,
177.124383025,612828239,,instructions,69732896,100.00,2.39,insn per cycle
177.124383025,256719149,,cycles,69732896,100.00,,
177.224571178,1570,,rD044,68835683,100.00,,
177.224571178,2990178,,rFF44,68835683,100.00,,
177.224571178,613137868,,instructions,68835683,100.00,2.42,insn per cycle
177.224571178,253259684,,cycles,68835683,100.00,,
177.324755482,1520,,rD044,70974975,100.00,,
177.324755482,3089084,,rFF44,70974975,100.00,,
177.324755482,612146548,,instructions,70974975,100.00,2.34,insn per cycle
177.324755482,261649899,,cycles,70974975,100.00,,
177.424953565,1751,,rD044,68708333,100.00,,
177.424953565,2987808,,rFF44,68708333,100.00,,
177.424953565,616035998,,instructions,68708333,100.00,2.44,insn per cycle
177.424953565,252751790,,cycles,68708333,100.00,,
177.525135508,1914,,rD044,70419295,100.00,,
177.525135508,3142829,,rFF44,70419295,100.00,,
177.525135508,613016633,,instructions,70419295,100.00,2.36,insn per cycle
177.525135508,259461985,,cycles,70419295,100.00,,
177.625317702,1274,,rD044,70049061,100.00,,
177.625317702,3243890,,rFF44,70054051,100.00,,
177.625317702,611071121,,instructions,70057391,100.00,2.37,insn per cycle
177.625317702,258020568,,cycles,70060621,100.00,,
177.725510195,2089,,rD044,69222255,100.00,,
177.725510195,3308901,,rFF44,69221815,100.00,,
177.725510195,599347600,,instructions,69221515,100.00,2.35,insn per cycle
177.725510195,254840596,,cycles,69221745,100.00,,
177.825701078,1364,,rD044,69608541,100.00,,
177.825701078,3385570,,rFF44,69608611,100.00,,
177.825701078,604308151,,instructions,69608861,100.00,2.36,insn per cycle
177.825701078,256328519,,cycles,69608671,100.00,,
177.925894162,1443,,rD044,69603677,100.00,,
177.925894162,3230987,,rFF44,69603667,100.00,,
177.925894162,584123045,,instructions,69603567,100.00,2.28,insn per cycle
177.925894162,256284392,,cycles,69603067,100.00,,
178.026085545,1361,,rD044,70423451,100.00,,
178.026085545,3141197,,rFF44,70423451,100.00,,
178.026085545,584253156,,instructions,70424371,100.00,2.25,insn per cycle
178.026085545,259493451,,cycles,70421601,100.00,,
178.126277938,1823,,rD044,72899745,100.00,,
178.126277938,3110707,,rFF44,72895135,100.00,,
178.126277938,614004152,,instructions,72891025,100.00,2.28,insn per cycle
178.126277938,269123975,,cycles,72891025,100.00,,
178.226460732,1636,,rD044,69648425,100.00,,
178.226460732,3143525,,rFF44,69653345,100.00,,
178.226460732,593236412,,instructions,69656955,100.00,2.31,insn per cycle
178.226460732,256509178,,cycles,69659985,100.00,,
178.326651255,1373,,rD044,69469334,100.00,,
178.326651255,3130084,,rFF44,69469074,100.00,,
178.326651255,618207550,,instructions,69468624,100.00,2.42,insn per cycle
178.326651255,255807136,,cycles,69468694,100.00,,
178.426844778,1755,,rD044,69610596,100.00,,
178.426844778,3495587,,rFF44,69610936,100.00,,
178.426844778,587396097,,instructions,69611666,100.00,2.29,insn per cycle
178.426844778,256309126,,cycles,69611886,100.00,,
178.527039002,1441,,rD044,69388683,100.00,,
178.527039002,3461586,,rFF44,69388163,100.00,,
178.527039002,568756417,,instructions,69387553,100.00,2.23,insn per cycle
178.527039002,255485624,,cycles,69387683,100.00,,
178.627231585,2442,,rD044,73923805,100.00,,
178.627231585,3598980,,rFF44,73924805,100.00,,
178.627231585,592519902,,instructions,73924575,100.00,2.17,insn per cycle
178.627231585,273150019,,cycles,73924765,100.00,,
178.727423179,1389,,rD044,69460924,100.00,,
178.727423179,3174575,,rFF44,69460104,100.00,,
178.727423179,590985317,,instructions,69460514,100.00,2.31,insn per cycle
178.727423179,255748871,,cycles,69459854,100.00,,
178.827613402,1444,,rD044,66841860,100.00,,
178.827613402,2974648,,rFF44,66841850,100.00,,
178.827613402,612271010,,instructions,66842030,100.00,2.49,insn per cycle
178.827613402,245677268,,cycles,66842440,100.00,,
178.927822255,1404,,rD044,68945445,100.00,,
178.927822255,3018604,,rFF44,68945475,100.00,,
178.927822255,623053075,,instructions,68945455,100.00,2.45,insn per cycle
178.927822255,253900824,,cycles,68945285,100.00,,
179.028013359,1768,,rD044,69291764,100.00,,
179.028013359,3193185,,rFF44,69291654,100.00,,
179.028013359,634210296,,instructions,69291324,100.00,2.49,insn per cycle
179.028013359,255183814,,cycles,69291154,100.00,,
179.128204792,1467,,rD044,68886460,100.00,,
179.128204792,3192519,,rFF44,68881890,100.00,,
179.128204792,622659313,,instructions,68878600,100.00,2.46,insn per cycle
179.128204792,253501732,,cycles,68875550,100.00,,
179.228391575,1883,,rD044,69131589,100.00,,
179.228391575,3365676,,rFF44,69131589,100.00,,
179.228391575,616055005,,instructions,69131589,100.00,2.42,insn per cycle
179.228391575,254411190,,cycles,69131589,100.00,,
179.328571919,1434,,rD044,69602998,100.00,,
179.328571919,3469535,,rFF44,69602998,100.00,,
179.328571919,610755968,,instructions,69602998,100.00,2.38,insn per cycle
179.328571919,256284252,,cycles,69602998,100.00,,
179.428753242,1417,,rD044,69183866,100.00,,
179.428753242,3393579,,rFF44,69189036,100.00,,
179.428753242,612434795,,instructions,69189036,100.00,2.41,insn per cycle
179.428753242,254643900,,cycles,69189036,100.00,,
179.528958896,1449,,rD044,67435873,100.00,,
179.528958896,3110965,,rFF44,67430703,100.00,,
179.528958896,614352291,,instructions,67430703,100.00,2.48,insn per cycle
179.528958896,247734546,,cycles,67430703,100.00,,
179.629141019,1397,,rD044,69503976,100.00,,
179.629141019,3153749,,rFF44,69509006,100.00,,
179.629141019,622907406,,instructions,69512056,100.00,2.43,insn per cycle
179.629141019,255887839,,cycles,69515256,100.00,,
179.729333392,1941,,rD044,69664892,100.00,,
179.729333392,3317346,,rFF44,69664472,100.00,,
179.729333392,616860785,,instructions,69664922,100.00,2.40,insn per cycle
179.729333392,256537722,,cycles,69665332,100.00,,
179.829525725,2271,,rD044,69728537,100.00,,
179.829525725,3313234,,rFF44,69728787,100.00,,
179.829525725,611819668,,instructions,69728667,100.00,2.38,insn per cycle
179.829525725,256775911,,cycles,69728647,100.00,,
179.929718639,1899,,rD044,69777996,100.00,,
179.929718639,3346480,,rFF44,69777806,100.00,,
179.929718639,619375668,,instructions,69777616,100.00,2.41,insn per cycle
179.929718639,256922809,,cycles,69777256,100.00,,
180.029911052,1692,,rD044,69688954,100.00,,
180.029911052,3536645,,rFF44,69689114,100.00,,
180.029911052,604094663,,instructions,69690034,100.00,2.35,insn per cycle
180.029911052,256615202,,cycles,69690174,100.00,,
180.130105936,1455,,rD044,69712142,100.00,,
180.130105936,3353850,,rFF44,69711772,100.00,,
180.130105936,621749457,,instructions,69711042,100.00,2.42,insn per cycle
180.130105936,256699936,,cycles,69711152,100.00,,
180.230297919,1448,,rD044,69577329,100.00,,
180.230297919,3078377,,rFF44,69578040,100.00,,
180.230297919,663677569,,instructions,69577880,100.00,2.59,insn per cycle
180.230297919,256205832,,cycles,69577960,100.00,,
180.330489782,1482,,rD044,67457991,100.00,,
180.330489782,3267175,,rFF44,67452820,100.00,,
180.330489782,628245603,,instructions,67449600,100.00,2.53,insn per cycle
180.330489782,247939408,,cycles,67446040,100.00,,
180.430672496,1993,,rD044,67120467,100.00,,
180.430672496,3267514,,rFF44,67124887,100.00,,
180.430672496,621927403,,instructions,67127747,100.00,2.52,insn per cycle
180.430672496,246634481,,cycles,67130857,100.00,,
180.530866269,1693,,rD044,69635109,100.00,,
180.530866269,3272633,,rFF44,69635229,100.00,,
180.530866269,627044113,,instructions,69635459,100.00,2.45,insn per cycle
180.530866269,256404525,,cycles,69635899,100.00,,
180.631058172,1444,,rD044,69494767,100.00,,
180.631058172,3187231,,rFF44,69495117,100.00,,
180.631058172,624225071,,instructions,69495917,100.00,2.44,insn per cycle
180.631058172,255905877,,cycles,69495877,100.00,,
180.731252226,1501,,rD044,69490873,100.00,,
180.731252226,3167460,,rFF44,69490933,100.00,,
180.731252226,635767481,,instructions,69490073,100.00,2.48,insn per cycle
180.731252226,255866344,,cycles,69489923,100.00,,
180.831444589,1877,,rD044,69379091,100.00,,
180.831444589,3183136,,rFF44,69378861,100.00,,
180.831444589,626154018,,instructions,69379131,100.00,2.45,insn per cycle
180.831444589,255464600,,cycles,69378991,100.00,,
180.931635723,1449,,rD044,68332021,100.00,,
180.931635723,3101948,,rFF44,68327301,100.00,,
180.931635723,623590324,,instructions,68324001,100.00,2.48,insn per cycle
180.931635723,251389809,,cycles,68320781,100.00,,
181.031835996,1464,,rD044,67535240,100.00,,
181.031835996,3140969,,rFF44,67535240,100.00,,
181.031835996,614727859,,instructions,67535240,100.00,2.48,insn per cycle
181.031835996,248183053,,cycles,67535240,100.00,,
181.132018059,1589,,rD044,68706943,100.00,,
181.132018059,3345364,,rFF44,68706943,100.00,,
181.132018059,611817114,,instructions,68706943,100.00,2.42,insn per cycle
181.132018059,252752288,,cycles,68706943,100.00,,
181.232201333,1476,,rD044,69553363,100.00,,
181.232201333,3268542,,rFF44,69557793,100.00,,
181.232201333,647664783,,instructions,69560953,100.00,2.53,insn per cycle
181.232201333,256125332,,cycles,69563783,100.00,,
181.332394396,1414,,rD044,69629059,100.00,,
181.332394396,3251726,,rFF44,69629479,100.00,,
181.332394396,646170187,,instructions,69629379,100.00,2.52,insn per cycle
181.332394396,256406982,,cycles,69630099,100.00,,
181.432589669,1373,,rD044,69262838,100.00,,
181.432589669,3135141,,rFF44,69257988,100.00,,
181.432589669,631606890,,instructions,69254928,100.00,2.48,insn per cycle
181.432589669,254986383,,cycles,69251378,100.00,,
181.532774583,1918,,rD044,66721469,100.00,,
181.532774583,3072378,,rFF44,66727099,100.00,,
181.532774583,611546939,,instructions,66727099,100.00,2.50,insn per cycle
181.532774583,245040493,,cycles,66727099,100.00,,
181.632981816,1484,,rD044,68379458,100.00,,
181.632981816,3080633,,rFF44,68378438,100.00,,
181.632981816,627060133,,instructions,68381348,100.00,2.49,insn per cycle
181.632981816,251528034,,cycles,68384428,100.00,,
181.733174360,1787,,rD044,69540373,100.00,,
181.733174360,3296210,,rFF44,69540843,100.00,,
181.733174360,637048329,,instructions,69541323,100.00,2.49,insn per cycle
181.733174360,256056227,,cycles,69540883,100.00,,
181.833367493,1598,,rD044,69374425,100.00,,
181.833367493,3160457,,rFF44,69374705,100.00,,
181.833367493,609843172,,instructions,69374525,100.00,2.39,insn per cycle
181.833367493,255360572,,cycles,69375285,100.00,,
181.933559646,1365,,rD044,69507357,100.00,,
181.933559646,3127304,,rFF44,69507117,100.00,,
181.933559646,622640010,,instructions,69506937,100.00,2.43,insn per cycle
181.933559646,255943205,,cycles,69506707,100.00,,
182.033753100,1734,,rD044,69549194,100.00,,
182.033753100,3167194,,rFF44,69549144,100.00,,
182.033753100,627798012,,instructions,69549544,100.00,2.45,insn per cycle
182.033753100,256096662,,cycles,69549554,100.00,,
182.133960273,1737,,rD044,69565796,100.00,,
182.133960273,3186459,,rFF44,69565416,100.00,,
182.133960273,628383337,,instructions,69564946,100.00,2.45,insn per cycle
182.133960273,256121335,,cycles,69564956,100.00,,
182.234153487,1501,,rD044,69426635,100.00,,
182.234153487,3212500,,rFF44,69421945,100.00,,
182.234153487,617488688,,instructions,69418985,100.00,2.42,insn per cycle
182.234153487,255591084,,cycles,69415795,100.00,,
182.334336450,1414,,rD044,69886260,100.00,,
182.334336450,3260040,,rFF44,69891200,100.00,,
182.334336450,601207542,,instructions,69894490,100.00,2.34,insn per cycle
182.334336450,257399788,,cycles,69897540,100.00,,
182.434529403,1665,,rD044,66620047,100.00,,
182.434529403,3013455,,rFF44,66620187,100.00,,
182.434529403,623216578,,instructions,66620627,100.00,2.55,insn per cycle
182.434529403,244651200,,cycles,66617577,100.00,,
182.534723487,1393,,rD044,68207421,100.00,,
182.534723487,2842345,,rFF44,68207361,100.00,,
182.534723487,645521363,,instructions,68206881,100.00,2.57,insn per cycle
182.534723487,250822712,,cycles,68209971,100.00,,
182.634916710,1514,,rD044,69706344,100.00,,
182.634916710,3073316,,rFF44,69705704,100.00,,
182.634916710,661032765,,instructions,69705354,100.00,2.58,insn per cycle
182.634916710,256674293,,cycles,69705324,100.00,,
182.735108903,1721,,rD044,65569079,100.00,,
182.735108903,3008413,,rFF44,65564699,100.00,,
182.735108903,615513851,,instructions,65561799,100.00,2.56,insn per cycle
182.735108903,240528997,,cycles,65558739,100.00,,
182.835294157,1743,,rD044,69257520,100.00,,
182.835294157,3017445,,rFF44,69262330,100.00,,
182.835294157,656244914,,instructions,69265720,100.00,2.57,insn per cycle
182.835294157,254959755,,cycles,69268970,100.00,,
182.935488480,1531,,rD044,68226548,100.00,,
182.935488480,3069545,,rFF44,68221738,100.00,,
182.935488480,651565131,,instructions,68218348,100.00,2.60,insn per cycle
182.935488480,250938283,,cycles,68215098,100.00,,
183.035671733,1655,,rD044,66643336,100.00,,
183.035671733,3163464,,rFF44,66648306,100.00,,
183.035671733,620577160,,instructions,66651606,100.00,2.54,insn per cycle
183.035671733,244709771,,cycles,66655116,100.00,,
183.135866537,1466,,rD044,69597786,100.00,,
183.135866537,3263329,,rFF44,69597986,100.00,,
183.135866537,647405817,,instructions,69598136,100.00,2.53,insn per cycle
183.135866537,256270860,,cycles,69597866,100.00,,
183.236061670,1449,,rD044,69191694,100.00,,
183.236061670,2921803,,rFF44,69186524,100.00,,
183.236061670,655638076,,instructions,69183074,100.00,2.57,insn per cycle
183.236061670,254706003,,cycles,69179834,100.00,,
183.336245153,1414,,rD044,65779975,100.00,,
183.336245153,3015314,,rFF44,65784515,100.00,,
183.336245153,623768556,,instructions,65788095,100.00,2.58,insn per cycle
183.336245153,241307036,,cycles,65791275,100.00,,
183.436439477,1341,,rD044,69659692,100.00,,
183.436439477,3258740,,rFF44,69660362,100.00,,
183.436439477,656550603,,instructions,69659882,100.00,2.56,insn per cycle
183.436439477,256501778,,cycles,69659902,100.00,,
183.536634060,1329,,rD044,67904953,100.00,,
183.536634060,3168191,,rFF44,67905733,100.00,,
183.536634060,636809550,,instructions,67905003,100.00,2.55,insn per cycle
183.536634060,249648984,,cycles,67901803,100.00,,
183.636825524,1626,,rD044,71634288,100.00,,
183.636825524,3268840,,rFF44,71633438,100.00,,
183.636825524,606827471,,instructions,71634128,100.00,2.30,insn per cycle
183.636825524,264135546,,cycles,71637488,100.00,,
183.737018547,1827,,rD044,69420383,100.00,,
183.737018547,3013256,,rFF44,69420583,100.00,,
183.737018547,575128452,,instructions,69420903,100.00,2.25,insn per cycle
183.737018547,255570980,,cycles,69420893,100.00,,
183.837212360,1360,,rD044,69786452,100.00,,
183.837212360,2931990,,rFF44,69785812,100.00,,
183.837212360,596002312,,instructions,69785702,100.00,2.32,insn per cycle
183.837212360,256972085,,cycles,69785562,100.00,,
183.937405444,6474,,rD044,69395236,100.00,,
183.937405444,3073870,,rFF44,69395356,100.00,,
183.937405444,597348807,,instructions,69395536,100.00,2.33,insn per cycle
183.937405444,255867334,,cycles,69395646,100.00,,
184.037599787,8023,,rD044,71578874,100.00,,
184.037599787,3588013,,rFF44,71574054,100.00,,
184.037599787,602490772,,instructions,71570604,100.00,2.28,insn per cycle
184.037599787,264497926,,cycles,71567284,100.00,,
184.137784210,8058,,rD044,71854479,100.00,,
184.137784210,3591074,,rFF44,71859619,100.00,,
184.137784210,574879581,,instructions,71863199,100.00,2.16,insn per cycle
184.137784210,265565682,,cycles,71866479,100.00,,
184.237991434,8648,,rD044,69838959,100.00,,
184.237991434,3447620,,rFF44,69833819,100.00,,
184.237991434,562453108,,instructions,69830239,100.00,2.18,insn per cycle
184.237991434,257678945,,cycles,69826959,100.00,,
184.338180547,8366,,rD044,70200428,100.00,,
184.338180547,3056305,,rFF44,70206568,100.00,,
184.338180547,612075585,,instructions,70209738,100.00,2.36,insn per cycle
184.338180547,259164386,,cycles,70212848,100.00,,
184.438374571,9110,,rD044,68360243,100.00,,
184.438374571,2991745,,rFF44,68358683,100.00,,
184.438374571,624699887,,instructions,68358803,100.00,2.48,insn per cycle
184.438374571,251953276,,cycles,68359043,100.00,,
184.538565784,8659,,rD044,69535908,100.00,,
184.538565784,3213852,,rFF44,69536218,100.00,,
184.538565784,622835330,,instructions,69536518,100.00,2.43,insn per cycle
184.538565784,256533596,,cycles,69536838,100.00,,
184.638759727,8703,,rD044,69563973,100.00,,
184.638759727,3141929,,rFF44,69563673,100.00,,
184.638759727,615200361,,instructions,69563363,100.00,2.40,insn per cycle
184.638759727,256612053,,cycles,69563013,100.00,,
184.738966481,8979,,rD044,69612948,100.00,,
184.738966481,3180294,,rFF44,69613469,100.00,,
184.738966481,621568919,,instructions,69613599,100.00,2.42,insn per cycle
184.738966481,256844710,,cycles,69613099,100.00,,
184.839158024,8755,,rD044,69560926,100.00,,
184.839158024,3440523,,rFF44,69560395,100.00,,
184.839158024,578436360,,instructions,69560275,100.00,2.25,insn per cycle
184.839158024,256611922,,cycles,69560565,100.00,,
184.939349038,7898,,rD044,69233796,100.00,,
184.939349038,3098852,,rFF44,69233976,100.00,,
184.939349038,613550467,,instructions,69233906,100.00,2.40,insn per cycle
184.939349038,255396892,,cycles,69233946,100.00,,
185.039542631,1779,,rD044,68732827,100.00,,
185.039542631,2857823,,rFF44,68732947,100.00,,
185.039542631,659300827,,instructions,68732727,100.00,2.60,insn per cycle
185.039542631,253624491,,cycles,68733227,100.00,,
185.139737755,1507,,rD044,67003200,100.00,,
185.139737755,2858069,,rFF44,66998320,100.00,,
185.139737755,644912131,,instructions,66995320,100.00,2.61,insn per cycle
185.139737755,246913725,,cycles,66991670,100.00,,
185.239920088,1408,,rD044,66012749,100.00,,
185.239920088,3076782,,rFF44,66017609,100.00,,
185.239920088,624895644,,instructions,66020979,100.00,2.57,insn per cycle
185.239920088,243077919,,cycles,66024399,100.00,,
185.340113651,1956,,rD044,68707170,100.00,,
185.340113651,2927580,,rFF44,68707190,100.00,,
185.340113651,676862283,,instructions,68707140,100.00,2.67,insn per cycle
185.340113651,253524545,,cycles,68707170,100.00,,
185.440307335,1375,,rD044,64159614,100.00,,
185.440307335,2823008,,rFF44,64159494,100.00,,
185.440307335,627484182,,instructions,64159614,100.00,2.66,insn per cycle
185.440307335,235932765,,cycles,64159264,100.00,,
185.540498708,1940,,rD044,68631045,100.00,,
185.540498708,3189329,,rFF44,68631135,100.00,,
185.540498708,665381722,,instructions,68630605,100.00,2.63,insn per cycle
185.540498708,253283096,,cycles,68631065,100.00,,
185.640692021,1938,,rD044,66194979,100.00,,
185.640692021,3032716,,rFF44,66190129,100.00,,
185.640692021,630466897,,instructions,66187219,100.00,2.59,insn per cycle
185.640692021,243783885,,cycles,66183659,100.00,,
185.740875055,2125,,rD044,66742497,100.00,,
185.740875055,2774375,,rFF44,66747377,100.00,,
185.740875055,657724586,,instructions,66750247,100.00,2.67,insn per cycle
185.740875055,245934027,,cycles,66753287,100.00,,
185.841066828,1844,,rD044,67429470,100.00,,
185.841066828,3018503,,rFF44,67424590,100.00,,
185.841066828,652381944,,instructions,67421720,100.00,2.62,insn per cycle
185.841066828,248533005,,cycles,67418680,100.00,,
185.941250281,1686,,rD044,65504851,100.00,,
185.941250281,3111379,,rFF44,65509161,100.00,,
185.941250281,617721087,,instructions,65512561,100.00,2.56,insn per cycle
185.941250281,241098208,,cycles,65515911,100.00,,
186.041440405,1444,,rD044,68756323,100.00,,
186.041440405,2903194,,rFF44,68756563,100.00,,
186.041440405,676504253,,instructions,68756263,100.00,2.67,insn per cycle
186.041440405,253730745,,cycles,68756233,100.00,,
186.141631448,2486,,rD044,64701537,100.00,,
186.141631448,2801826,,rFF44,64696987,100.00,,
186.141631448,627503696,,instructions,64693887,100.00,2.64,insn per cycle
186.141631448,237918732,,cycles,64690567,100.00,,
186.241829711,1594,,rD044,68478413,100.00,,
186.241829711,3200520,,rFF44,68483083,100.00,,
186.241829711,663735186,,instructions,68486393,100.00,2.63,insn per cycle
186.241829711,252656124,,cycles,68489653,100.00,,
186.342022225,1860,,rD044,68805625,100.00,,
186.342022225,3290728,,rFF44,68800955,100.00,,
186.342022225,640435626,,instructions,68797645,100.00,2.52,insn per cycle
186.342022225,253867129,,cycles,68794385,100.00,,
186.442203248,2539,,rD044,68929253,100.00,,
186.442203248,3093361,,rFF44,68934013,100.00,,
186.442203248,613656268,,instructions,68936733,100.00,2.41,insn per cycle
186.442203248,254414304,,cycles,68939533,100.00,,
186.542394041,1660,,rD044,69059804,100.00,,
186.542394041,3095430,,rFF44,69059824,100.00,,
186.542394041,605595446,,instructions,69060414,100.00,2.38,insn per cycle
186.542394041,254856632,,cycles,69060524,100.00,,
186.642585255,1415,,rD044,68732843,100.00,,
186.642585255,3017815,,rFF44,68733123,100.00,,
186.642585255,614864143,,instructions,68733423,100.00,2.42,insn per cycle
186.642585255,253673098,,cycles,68734303,100.00,,
186.742778138,1786,,rD044,68951138,100.00,,
186.742778138,3288309,,rFF44,68950768,100.00,,
186.742778138,572840127,,instructions,68951118,100.00,2.25,insn per cycle
186.742778138,254446123,,cycles,68951118,100.00,,
186.842985752,1842,,rD044,68951483,100.00,,
186.842985752,3342591,,rFF44,68951553,100.00,,
186.842985752,576434257,,instructions,68951003,100.00,2.27,insn per cycle
186.842985752,254423906,,cycles,68950863,100.00,,
186.943176015,1663,,rD044,68928434,100.00,,
186.943176015,3195921,,rFF44,68928304,100.00,,
186.943176015,619950238,,instructions,68927884,100.00,2.44,insn per cycle
186.943176015,254375007,,cycles,68927834,100.00,,
187.043365138,1777,,rD044,65083227,100.00,,
187.043365138,2858040,,rFF44,65083627,100.00,,
187.043365138,604877219,,instructions,65083807,100.00,2.52,insn per cycle
187.043365138,239944883,,cycles,65083107,100.00,,
187.143556462,1624,,rD044,68856312,100.00,,
187.143556462,3008275,,rFF44,68855962,100.00,,
187.143556462,640813969,,instructions,68855912,100.00,2.52,insn per cycle
187.143556462,254106451,,cycles,68856292,100.00,,
187.243752385,1643,,rD044,68834885,100.00,,
187.243752385,2959872,,rFF44,68834765,100.00,,
187.243752385,644115412,,instructions,68834635,100.00,2.54,insn per cycle
187.243752385,254019473,,cycles,68834845,100.00,,
187.343960639,1757,,rD044,68852747,100.00,,
187.343960639,2988345,,rFF44,68853047,100.00,,
187.343960639,610555809,,instructions,68853117,100.00,2.40,insn per cycle
187.343960639,254100943,,cycles,68853017,100.00,,
187.444153812,1772,,rD044,68358790,100.00,,
187.444153812,2956188,,rFF44,68353930,100.00,,
187.444153812,638038655,,instructions,68350870,100.00,2.53,insn per cycle
187.444153812,252188956,,cycles,68347480,100.00,,
187.544336495,1729,,rD044,66367606,100.00,,
187.544336495,2964299,,rFF44,66367606,100.00,,
187.544336495,616695135,,instructions,66367606,100.00,2.52,insn per cycle
187.544336495,244430028,,cycles,66367606,100.00,,
187.644518279,2336,,rD044,67224178,100.00,,
187.644518279,3002286,,rFF44,67228838,100.00,,
187.644518279,637810341,,instructions,67232019,100.00,2.57,insn per cycle
187.644518279,247812183,,cycles,67235579,100.00,,
187.744711302,2275,,rD044,68945490,100.00,,
187.744711302,3054802,,rFF44,68945430,100.00,,
187.744711302,663615776,,instructions,68945659,100.00,2.61,insn per cycle
187.744711302,254444594,,cycles,68945259,100.00,,
187.844903655,2163,,rD044,67040336,100.00,,
187.844903655,3313896,,rFF44,67035736,100.00,,
187.844903655,627467917,,instructions,67032326,100.00,2.54,insn per cycle
187.844903655,247091572,,cycles,67029166,100.00,,
187.945086389,1677,,rD044,66127525,100.00,,
187.945086389,3062549,,rFF44,66127525,100.00,,
187.945086389,613534536,,instructions,66127525,100.00,2.52,insn per cycle
187.945086389,243493458,,cycles,66127525,100.00,,
188.045269942,3225,,rD044,68746532,100.00,,
188.045269942,3114998,,rFF44,68751132,100.00,,
188.045269942,636466946,,instructions,68754652,100.00,2.51,insn per cycle
188.045269942,253723835,,cycles,68757552,100.00,,
188.145462385,2223,,rD044,68833464,100.00,,
188.145462385,3107408,,rFF44,68833564,100.00,,
188.145462385,633085700,,instructions,68833224,100.00,2.49,insn per cycle
188.145462385,254010276,,cycles,68833414,100.00,,
188.245653519,1724,,rD044,68806577,100.00,,
188.245653519,3191968,,rFF44,68806437,100.00,,
188.245653519,643320086,,instructions,68806417,100.00,2.53,insn per cycle
188.245653519,253894971,,cycles,68806497,100.00,,
188.345845752,1922,,rD044,68713767,100.00,,
188.345845752,3235142,,rFF44,68714007,100.00,,
188.345845752,619350608,,instructions,68714157,100.00,2.44,insn per cycle
188.345845752,253565637,,cycles,68713627,100.00,,
188.446035185,1825,,rD044,68063004,100.00,,
188.446035185,3062631,,rFF44,68058204,100.00,,
188.446035185,619827184,,instructions,68054894,100.00,2.47,insn per cycle
188.446035185,251047533,,cycles,68052254,100.00,,
188.546216579,2286,,rD044,66853493,100.00,,
188.546216579,3037980,,rFF44,66853493,100.00,,
188.546216579,614024565,,instructions,66853493,100.00,2.49,insn per cycle
188.546216579,246286097,,cycles,66853493,100.00,,
188.646398542,2106,,rD044,67330823,100.00,,
188.646398542,3030733,,rFF44,67330823,100.00,,
188.646398542,613658061,,instructions,67330823,100.00,2.47,insn per cycle
188.646398542,248131231,,cycles,67330823,100.00,,
188.746583255,1767,,rD044,69035831,100.00,,
188.746583255,3299001,,rFF44,69040701,100.00,,
188.746583255,632706857,,instructions,69043531,100.00,2.48,insn per cycle
188.746583255,254759995,,cycles,69046981,100.00,,
188.846777338,1895,,rD044,68844170,100.00,,
188.846777338,3133715,,rFF44,68844050,100.00,,
188.846777338,639555812,,instructions,68844550,100.00,2.52,insn per cycle
188.846777338,254029360,,cycles,68844030,100.00,,
188.946984012,1743,,rD044,67069035,100.00,,
188.946984012,2821925,,rFF44,67064285,100.00,,
188.946984012,652234511,,instructions,67060955,100.00,2.64,insn per cycle
188.946984012,247129324,,cycles,67058025,100.00,,
189.047167645,1507,,rD044,63836166,100.00,,
189.047167645,2850807,,rFF44,63842126,100.00,,
189.047167645,616059700,,instructions,63845336,100.00,2.62,insn per cycle
189.047167645,234700563,,cycles,63848466,100.00,,
189.147365459,2125,,rD044,67831889,100.00,,
189.147365459,2989569,,rFF44,67830379,100.00,,
189.147365459,639991092,,instructions,67830319,100.00,2.56,insn per cycle
189.147365459,250190242,,cycles,67830379,100.00,,
189.247559132,1812,,rD044,68375121,100.00,,
189.247559132,3318128,,rFF44,68375381,100.00,,
189.247559132,636165709,,instructions,68375331,100.00,2.52,insn per cycle
189.247559132,252302263,,cycles,68375591,100.00,,
189.347751845,2128,,rD044,68796153,100.00,,
189.347751845,3159388,,rFF44,68796483,100.00,,
189.347751845,647198632,,instructions,68796213,100.00,2.55,insn per cycle
189.347751845,253861022,,cycles,68796043,100.00,,
189.447959409,1827,,rD044,66529782,100.00,,
189.447959409,3046398,,rFF44,66524742,100.00,,
189.447959409,624177714,,instructions,66521912,100.00,2.55,insn per cycle
189.447959409,244982010,,cycles,66518632,100.00,,
189.548142002,1750,,rD044,66869965,100.00,,
189.548142002,3086806,,rFF44,66874575,100.00,,
189.548142002,617623938,,instructions,66877815,100.00,2.51,insn per cycle
189.548142002,246241721,,cycles,66880985,100.00,,
189.648334496,1800,,rD044,69163872,100.00,,
189.648334496,3148688,,rFF44,69164022,100.00,,
189.648334496,623411525,,instructions,69163682,100.00,2.44,insn per cycle
189.648334496,255077829,,cycles,69163733,100.00,,
189.748526139,1823,,rD044,68853148,100.00,,
189.748526139,3169279,,rFF44,68853708,100.00,,
189.748526139,644491139,,instructions,68853958,100.00,2.54,insn per cycle
189.748526139,253505092,,cycles,68853677,100.00,,
189.848720373,2872,,rD044,69082409,100.00,,
189.848720373,3122621,,rFF44,69081749,100.00,,
189.848720373,656411980,,instructions,69081739,100.00,2.58,insn per cycle
189.848720373,254337622,,cycles,69081759,100.00,,
189.948911916,2255,,rD044,65702044,100.00,,
189.948911916,2963363,,rFF44,65697384,100.00,,
189.948911916,621565575,,instructions,65694244,100.00,2.58,insn per cycle
189.948911916,241116192,,cycles,65691284,100.00,,
190.049094529,1450,,rD044,67719783,100.00,,
190.049094529,3183021,,rFF44,67724463,100.00,,
190.049094529,628930445,,instructions,67727433,100.00,2.53,insn per cycle
190.049094529,249054123,,cycles,67730273,100.00,,
190.149286702,1687,,rD044,68817415,100.00,,
190.149286702,3319217,,rFF44,68817545,100.00,,
190.149286702,620032791,,instructions,68817435,100.00,2.44,insn per cycle
190.149286702,253740845,,cycles,68817805,100.00,,
190.249477976,2187,,rD044,68884868,100.00,,
190.249477976,3048531,,rFF44,68885118,100.00,,
190.249477976,635794267,,instructions,68886008,100.00,2.50,insn per cycle
190.249477976,254130703,,cycles,68886378,100.00,,
190.349671119,1843,,rD044,68779845,100.00,,
190.349671119,3013677,,rFF44,68779405,100.00,,
190.349671119,631277941,,instructions,68779135,100.00,2.49,insn per cycle
190.349671119,253713460,,cycles,68778835,100.00,,
190.449863253,2407,,rD044,68217375,100.00,,
190.449863253,3052433,,rFF44,68212755,100.00,,
190.449863253,628532371,,instructions,68209275,100.00,2.50,insn per cycle
190.449863253,251561925,,cycles,68205995,100.00,,
190.550045176,1698,,rD044,66759219,100.00,,
190.550045176,2966250,,rFF44,66759219,100.00,,
190.550045176,611261943,,instructions,66759219,100.00,2.49,insn per cycle
190.550045176,245840099,,cycles,66759219,100.00,,
190.650227649,1302,,rD044,66829536,100.00,,
190.650227649,2955891,,rFF44,66834356,100.00,,
190.650227649,632905797,,instructions,66837466,100.00,2.57,insn per cycle
190.650227649,246166842,,cycles,66840406,100.00,,
190.750419653,1896,,rD044,68749393,100.00,,
190.750419653,2997762,,rFF44,68749113,100.00,,
190.750419653,636729158,,instructions,68749143,100.00,2.51,insn per cycle
190.750419653,253625389,,cycles,68749773,100.00,,
190.850612996,1595,,rD044,68812594,100.00,,
190.850612996,3207000,,rFF44,68812684,100.00,,
190.850612996,628611626,,instructions,68812674,100.00,2.48,insn per cycle
190.850612996,253861895,,cycles,68812534,100.00,,
190.950819939,1317,,rD044,68797790,100.00,,
190.950819939,3343966,,rFF44,68798150,100.00,,
190.950819939,621193427,,instructions,68798420,100.00,2.45,insn per cycle
190.950819939,253799813,,cycles,68798110,100.00,,
191.050994763,1799,,rD044,65460935,100.00,,
191.050994763,2959247,,rFF44,65455945,100.00,,
191.050994763,629312591,,instructions,65452545,100.00,2.61,insn per cycle
191.050994763,240856827,,cycles,65449425,100.00,,
191.151177576,1342,,rD044,67427153,100.00,,
191.151177576,3073936,,rFF44,67431653,100.00,,
191.151177576,648376056,,instructions,67434343,100.00,2.61,insn per cycle
191.151177576,248508850,,cycles,67437663,100.00,,
191.251371269,2663,,rD044,68745773,100.00,,
191.251371269,3210882,,rFF44,68745853,100.00,,
191.251371269,647804759,,instructions,68746043,100.00,2.55,insn per cycle
191.251371269,253599736,,cycles,68745553,100.00,,
191.351561573,2145,,rD044,67893985,100.00,,
191.351561573,3090047,,rFF44,67889405,100.00,,
191.351561573,626162186,,instructions,67886525,100.00,2.50,insn per cycle
191.351561573,250323558,,cycles,67883695,100.00,,
191.451748856,1325,,rD044,66759779,100.00,,
191.451748856,3008776,,rFF44,66759779,100.00,,
191.451748856,614641563,,instructions,66759779,100.00,2.50,insn per cycle
191.451748856,245870799,,cycles,66759779,100.00,,
191.551944709,1407,,rD044,68759309,100.00,,
191.551944709,3141287,,rFF44,68759309,100.00,,
191.551944709,613378231,,instructions,68759309,100.00,2.42,insn per cycle
191.551944709,253636427,,cycles,68759309,100.00,,
191.652125973,1352,,rD044,68132362,100.00,,
191.652125973,3146455,,rFF44,68135872,100.00,,
191.652125973,614996708,,instructions,68135872,100.00,2.45,insn per cycle
191.652125973,251216718,,cycles,68135872,100.00,,
191.752315876,1212,,rD044,67847666,100.00,,
191.752315876,3132897,,rFF44,67844156,100.00,,
191.752315876,614185435,,instructions,67844156,100.00,2.46,insn per cycle
191.752315876,250088042,,cycles,67844156,100.00,,
191.852499609,1673,,rD044,68883657,100.00,,
191.852499609,3360832,,rFF44,68888387,100.00,,
191.852499609,610406217,,instructions,68891627,100.00,2.40,insn per cycle
191.852499609,254138338,,cycles,68895097,100.00,,
191.952691983,1368,,rD044,68719501,100.00,,
191.952691983,3454901,,rFF44,68719841,100.00,,
191.952691983,628053897,,instructions,68719241,100.00,2.48,insn per cycle
191.952691983,253513456,,cycles,68719091,100.00,,
192.052883326,1338,,rD044,68750225,100.00,,
192.052883326,3247729,,rFF44,68750015,100.00,,
192.052883326,667957957,,instructions,68750265,100.00,2.63,insn per cycle
192.052883326,253635877,,cycles,68750255,100.00,,
192.153076179,1822,,rD044,65469683,100.00,,
192.153076179,3225208,,rFF44,65464823,100.00,,
192.153076179,615975882,,instructions,65461933,100.00,2.55,insn per cycle
192.153076179,241148233,,cycles,65458623,100.00,,
192.253259933,1567,,rD044,65890348,100.00,,
192.253259933,3007377,,rFF44,65890348,100.00,,
192.253259933,614288429,,instructions,65890348,100.00,2.53,insn per cycle
192.253259933,242487356,,cycles,65890348,100.00,,
192.353440896,2231,,rD044,68635438,100.00,,
192.353440896,3169463,,rFF44,68640118,100.00,,
192.353440896,644017712,,instructions,68643258,100.00,2.54,insn per cycle
192.353440896,253207722,,cycles,68646208,100.00,,
192.453633239,1704,,rD044,68780381,100.00,,
192.453633239,3203791,,rFF44,68780381,100.00,,
192.453633239,626816168,,instructions,68780781,100.00,2.47,insn per cycle
192.453633239,253759321,,cycles,68780931,100.00,,
192.553825983,3012,,rD044,69007187,100.00,,
192.553825983,3238980,,rFF44,69007687,100.00,,
192.553825983,653440605,,instructions,69007427,100.00,2.57,insn per cycle
192.553825983,254580256,,cycles,69007717,100.00,,
192.654017616,2162,,rD044,65463131,100.00,,
192.654017616,3045065,,rFF44,65457951,100.00,,
192.654017616,617687446,,instructions,65454671,100.00,2.56,insn per cycle
192.654017616,240828219,,cycles,65451281,100.00,,
192.754199839,1333,,rD044,68730311,100.00,,
192.754199839,3144370,,rFF44,68730311,100.00,,
192.754199839,612125460,,instructions,68730311,100.00,2.41,insn per cycle
192.754199839,253534377,,cycles,68730311,100.00,,
192.854382262,1829,,rD044,67601079,100.00,,
192.854382262,3207996,,rFF44,67605899,100.00,,
192.854382262,630077475,,instructions,67609859,100.00,2.53,insn per cycle
192.854382262,249166534,,cycles,67613239,100.00,,
192.954575626,1380,,rD044,68731189,100.00,,
192.954575626,3227289,,rFF44,68731249,100.00,,
192.954575626,646378255,,instructions,68730419,100.00,2.55,insn per cycle
192.954575626,253547655,,cycles,68730359,100.00,,
193.054768159,1311,,rD044,68734920,100.00,,
193.054768159,3379479,,rFF44,68735370,100.00,,
193.054768159,624972301,,instructions,68735600,100.00,2.46,insn per cycle
193.054768159,253561895,,cycles,68735230,100.00,,
193.154975723,2116,,rD044,68713834,100.00,,
193.154975723,3255389,,rFF44,68713094,100.00,,
193.154975723,618016628,,instructions,68712864,100.00,2.44,insn per cycle
193.154975723,253484713,,cycles,68713234,100.00,,
193.255168356,1751,,rD044,67126790,100.00,,
193.255168356,3160021,,rFF44,67122200,100.00,,
193.255168356,623918631,,instructions,67119070,100.00,2.52,insn per cycle
193.255168356,247326219,,cycles,67115750,100.00,,
193.355351969,1639,,rD044,66457021,100.00,,
193.355351969,3105946,,rFF44,66457021,100.00,,
193.355351969,610844165,,instructions,66457021,100.00,2.50,insn per cycle
193.355351969,244684774,,cycles,66457021,100.00,,
193.455533773,1397,,rD044,68143264,100.00,,
193.455533773,3440182,,rFF44,68148124,100.00,,
193.455533773,631834461,,instructions,68151694,100.00,2.51,insn per cycle
193.455533773,251322381,,cycles,68155184,100.00,,
193.555727046,1311,,rD044,68861034,100.00,,
193.555727046,2976435,,rFF44,68861384,100.00,,
193.555727046,673109042,,instructions,68860934,100.00,2.65,insn per cycle
193.555727046,254038064,,cycles,68860804,100.00,,
193.655920550,1809,,rD044,64736384,100.00,,
193.655920550,2782274,,rFF44,64731174,100.00,,
193.655920550,621869567,,instructions,64728054,100.00,2.61,insn per cycle
193.655920550,238010651,,cycles,64724694,100.00,,
193.756104023,1321,,rD044,68397839,100.00,,
193.756104023,2825313,,rFF44,68402709,100.00,,
193.756104023,672097024,,instructions,68405449,100.00,2.66,insn per cycle
193.756104023,252293946,,cycles,68410219,100.00,,
193.856298586,1795,,rD044,67912859,100.00,,
193.856298586,3192254,,rFF44,67907989,100.00,,
193.856298586,638200009,,instructions,67905249,100.00,2.55,insn per cycle
193.856298586,250359435,,cycles,67900479,100.00,,
193.956481879,1371,,rD044,65494255,100.00,,
193.956481879,3070854,,rFF44,65499025,100.00,,
193.956481879,632988710,,instructions,65502105,100.00,2.63,insn per cycle
193.956481879,240940685,,cycles,65505365,100.00,,
194.056675043,1847,,rD044,68712339,100.00,,
194.056675043,3350240,,rFF44,68713159,100.00,,
194.056675043,651608050,,instructions,68713269,100.00,2.57,insn per cycle
194.056675043,253491240,,cycles,68713499,100.00,,
194.156868876,1370,,rD044,65834144,100.00,,
194.156868876,3178552,,rFF44,65834744,100.00,,
194.156868876,633437425,,instructions,65834284,100.00,2.61,insn per cycle
194.156868876,242325424,,cycles,65833594,100.00,,
194.257066930,1783,,rD044,67283808,100.00,,
194.257066930,3235617,,rFF44,67282648,100.00,,
194.257066930,630241483,,instructions,67283378,100.00,2.54,insn per cycle
194.257066930,247901732,,cycles,67283888,100.00,,
194.357260653,1285,,rD044,68796143,100.00,,
194.357260653,3122818,,rFF44,68796043,100.00,,
194.357260653,648301275,,instructions,68796013,100.00,2.55,insn per cycle
194.357260653,253807699,,cycles,68795813,100.00,,
194.457456097,1286,,rD044,68742827,100.00,,
194.457456097,3270439,,rFF44,68742907,100.00,,
194.457456097,638765203,,instructions,68742767,100.00,2.52,insn per cycle
194.457456097,253606370,,cycles,68743067,100.00,,
194.557649950,1832,,rD044,68350655,100.00,,
194.557649950,3329770,,rFF44,68345645,100.00,,
194.557649950,614649559,,instructions,68342355,100.00,2.44,insn per cycle
194.557649950,252089641,,cycles,68338945,100.00,,
194.657832823,1782,,rD044,66790010,100.00,,
194.657832823,3098965,,rFF44,66790010,100.00,,
194.657832823,610928883,,instructions,66790010,100.00,2.48,insn per cycle
194.657832823,245957420,,cycles,66790010,100.00,,
194.758015976,1792,,rD044,66864175,100.00,,
194.758015976,3106215,,rFF44,66869145,100.00,,
194.758015976,633968057,,instructions,66872565,100.00,2.57,insn per cycle
194.758015976,246320401,,cycles,66875745,100.00,,
194.858209710,1270,,rD044,68855925,100.00,,
194.858209710,3341809,,rFF44,68855835,100.00,,
194.858209710,635622454,,instructions,68855455,100.00,2.50,insn per cycle
194.858209710,254038040,,cycles,68855485,100.00,,
194.958403193,2185,,rD044,68596094,100.00,,
194.958403193,3331448,,rFF44,68595814,100.00,,
194.958403193,605757783,,instructions,68595844,100.00,2.39,insn per cycle
194.958403193,253057573,,cycles,68595844,100.00,,
195.058595057,1443,,rD044,68770396,100.00,,
195.058595057,3154598,,rFF44,68770776,100.00,,
195.058595057,636757236,,instructions,68772006,100.00,2.51,insn per cycle
195.058595057,253816384,,cycles,68772216,100.00,,
195.158786600,1434,,rD044,68461606,100.00,,
195.158786600,3166205,,rFF44,68456626,100.00,,
195.158786600,636022768,,instructions,68452326,100.00,2.52,insn per cycle
195.158786600,252571252,,cycles,68448906,100.00,,
195.258973453,1317,,rD044,68115719,100.00,,
195.258973453,3300692,,rFF44,68115719,100.00,,
195.258973453,610041302,,instructions,68115719,100.00,2.43,insn per cycle
195.258973453,251298170,,cycles,68115719,100.00,,
195.359155447,1233,,rD044,65838222,100.00,,
195.359155447,3042916,,rFF44,65844492,100.00,,
195.359155447,615386709,,instructions,65847402,100.00,2.54,insn per cycle
195.359155447,242455569,,cycles,65850662,100.00,,
195.459353280,1323,,rD044,68119360,100.00,,
195.459353280,3248228,,rFF44,68117870,100.00,,
195.459353280,639267218,,instructions,68118380,100.00,2.54,insn per cycle
195.459353280,251259782,,cycles,68118160,100.00,,
195.559545853,1424,,rD044,68672956,100.00,,
195.559545853,3388289,,rFF44,68672516,100.00,,
195.559545853,629015208,,instructions,68672066,100.00,2.48,insn per cycle
195.559545853,253451349,,cycles,68671986,100.00,,
195.659735717,1904,,rD044,68863693,100.00,,
195.659735717,3258698,,rFF44,68864023,100.00,,
195.659735717,621592836,,instructions,68863973,100.00,2.45,insn per cycle
195.659735717,254154037,,cycles,68863983,100.00,,
195.759941230,1868,,rD044,68376175,100.00,,
195.759941230,3064924,,rFF44,68371505,100.00,,
195.759941230,643448804,,instructions,68368585,100.00,2.55,insn per cycle
195.759941230,252287907,,cycles,68365615,100.00,,
195.860122473,2047,,rD044,66135337,100.00,,
195.860122473,3272519,,rFF44,66135337,100.00,,
195.860122473,610010176,,instructions,66135337,100.00,2.50,insn per cycle
195.860122473,243596083,,cycles,66135337,100.00,,
195.960306277,1251,,rD044,67519042,100.00,,
195.960306277,3268679,,rFF44,67519042,100.00,,
195.960306277,611622490,,instructions,67519042,100.00,2.46,insn per cycle
195.960306277,248942634,,cycles,67519042,100.00,,
196.060489920,1379,,rD044,68189236,100.00,,
196.060489920,3144250,,rFF44,68193946,100.00,,
196.060489920,624514849,,instructions,68196706,100.00,2.48,insn per cycle
196.060489920,251593966,,cycles,68199366,100.00,,
196.160678413,2789,,rD044,68739410,100.00,,
196.160678413,3250391,,rFF44,68739590,100.00,,
196.160678413,603002352,,instructions,68740350,100.00,2.38,insn per cycle
196.160678413,253690799,,cycles,68740670,100.00,,
196.260870957,1358,,rD044,68509743,100.00,,
196.260870957,3370890,,rFF44,68509584,100.00,,
196.260870957,616290919,,instructions,68509234,100.00,2.44,insn per cycle
196.260870957,252811753,,cycles,68509484,100.00,,
196.361063670,1363,,rD044,68687757,100.00,,
196.361063670,3111677,,rFF44,68687436,100.00,,
196.361063670,628384966,,instructions,68687506,100.00,2.48,insn per cycle
196.361063670,253493117,,cycles,68687656,100.00,,
196.461255533,1365,,rD044,68756942,100.00,,
196.461255533,3334777,,rFF44,68756662,100.00,,
196.461255533,618815685,,instructions,68756482,100.00,2.44,insn per cycle
196.461255533,253738027,,cycles,68756212,100.00,,
196.561447087,1767,,rD044,73131972,100.00,,
196.561447087,3759499,,rFF44,73132612,100.00,,
196.561447087,577497587,,instructions,73132662,100.00,2.13,insn per cycle
196.561447087,270742592,,cycles,73132462,100.00,,
196.661638100,1335,,rD044,68644701,100.00,,
196.661638100,2755213,,rFF44,68644921,100.00,,
196.661638100,661310934,,instructions,68645231,100.00,2.61,insn per cycle
196.661638100,253331437,,cycles,68645781,100.00,,
196.761829914,1428,,rD044,65034009,100.00,,
196.761829914,2955272,,rFF44,65033499,100.00,,
196.761829914,616684455,,instructions,65032329,100.00,2.58,insn per cycle
196.761829914,239292528,,cycles,65028869,100.00,,
196.862020397,1854,,rD044,68130314,100.00,,
196.862020397,3062312,,rFF44,68130084,100.00,,
196.862020397,644723490,,instructions,68130894,100.00,2.57,insn per cycle
196.862020397,251329029,,cycles,68133994,100.00,,
196.962211980,1906,,rD044,68932378,100.00,,
196.962211980,2983004,,rFF44,68932728,100.00,,
196.962211980,668571986,,instructions,68932688,100.00,2.63,insn per cycle
196.962211980,254412633,,cycles,68933008,100.00,,
197.062405834,1394,,rD044,66247803,100.00,,
197.062405834,3091618,,rFF44,66243203,100.00,,
197.062405834,612840131,,instructions,66240183,100.00,2.51,insn per cycle
197.062405834,244006011,,cycles,66236763,100.00,,
197.162588747,1320,,rD044,67117577,100.00,,
197.162588747,2950337,,rFF44,67117577,100.00,,
197.162588747,616496713,,instructions,67117577,100.00,2.49,insn per cycle
197.162588747,247349572,,cycles,67117577,100.00,,
197.262770830,1370,,rD044,67901840,100.00,,
197.262770830,2899395,,rFF44,67906140,100.00,,
197.262770830,652357776,,instructions,67909410,100.00,2.60,insn per cycle
197.262770830,250573854,,cycles,67912420,100.00,,
197.362977114,1406,,rD044,68529293,100.00,,
197.362977114,3170239,,rFF44,68529593,100.00,,
197.362977114,630527703,,instructions,68529253,100.00,2.49,insn per cycle
197.362977114,252911791,,cycles,68529383,100.00,,
197.463168377,1909,,rD044,67614473,100.00,,
197.463168377,2899629,,rFF44,67609873,100.00,,
197.463168377,648529027,,instructions,67606943,100.00,2.60,insn per cycle
197.463168377,249377430,,cycles,67603803,100.00,,
197.563350860,1935,,rD044,67159692,100.00,,
197.563350860,3139559,,rFF44,67159692,100.00,,
197.563350860,611236001,,instructions,67159692,100.00,2.47,insn per cycle
197.563350860,247544772,,cycles,67159692,100.00,,
197.663531974,1377,,rD044,66727766,100.00,,
197.663531974,2866983,,rFF44,66732966,100.00,,
197.663531974,630771838,,instructions,66736016,100.00,2.57,insn per cycle
197.663531974,245886146,,cycles,66739186,100.00,,
197.763723987,1447,,rD044,69120175,100.00,,
197.763723987,3285043,,rFF44,69119845,100.00,,
197.763723987,631874313,,instructions,69120035,100.00,2.48,insn per cycle
197.763723987,255104770,,cycles,69120035,100.00,,
197.863915380,1875,,rD044,69058866,100.00,,
197.863915380,3029447,,rFF44,69058356,100.00,,
197.863915380,657168125,,instructions,69058606,100.00,2.58,insn per cycle
197.863915380,254871843,,cycles,69058766,100.00,,
197.964107404,2217,,rD044,68660643,100.00,,
197.964107404,3345778,,rFF44,68656283,100.00,,
197.964107404,625639778,,instructions,68652793,100.00,2.47,insn per cycle
197.964107404,253361546,,cycles,68649463,100.00,,
198.064290227,1446,,rD044,64927435,100.00,,
198.064290227,2915328,,rFF44,64932295,100.00,,
198.064290227,623392689,,instructions,64934955,100.00,2.61,insn per cycle
198.064290227,238841322,,cycles,64938045,100.00,,
198.164481990,1380,,rD044,68804605,100.00,,
198.164481990,3294772,,rFF44,68804915,100.00,,
198.164481990,619122396,,instructions,68805745,100.00,2.44,insn per cycle
198.164481990,253935509,,cycles,68805725,100.00,,
198.264672714,2424,,rD044,69016765,100.00,,
198.264672714,3056387,,rFF44,69016265,100.00,,
198.264672714,651368076,,instructions,69016405,100.00,2.56,insn per cycle
198.264672714,254733690,,cycles,69016445,100.00,,
198.364864687,1311,,rD044,68894895,100.00,,
198.364864687,3429484,,rFF44,68895185,100.00,,
198.364864687,630834831,,instructions,68894885,100.00,2.48,insn per cycle
198.364864687,254270967,,cycles,68894605,100.00,,
198.465057110,1322,,rD044,65711033,100.00,,
198.465057110,3080148,,rFF44,65712403,100.00,,
198.465057110,627019369,,instructions,65712423,100.00,2.59,insn per cycle
198.465057110,241955880,,cycles,65711793,100.00,,
198.565253694,2285,,rD044,72000386,100.00,,
198.565253694,3665582,,rFF44,71999076,100.00,,
198.565253694,635601223,,instructions,71999186,100.00,2.39,insn per cycle
198.565253694,266306905,,cycles,71999926,100.00,,
198.665447247,2033,,rD044,68289582,100.00,,
198.665447247,3157670,,rFF44,68284562,100.00,,
198.665447247,639515237,,instructions,68281102,100.00,2.54,insn per cycle
198.665447247,251961467,,cycles,68278162,100.00,,
198.765628540,1901,,rD044,66682546,100.00,,
198.765628540,3248696,,rFF44,66682546,100.00,,
198.765628540,610133088,,instructions,66682546,100.00,2.48,insn per cycle
198.765628540,245684983,,cycles,66682546,100.00,,
198.865824744,1980,,rD044,66934854,100.00,,
198.865824744,3071732,,rFF44,66939474,100.00,,
198.865824744,635599484,,instructions,66942914,100.00,2.58,insn per cycle
198.865824744,246661135,,cycles,66946214,100.00,,
198.966017077,1372,,rD044,68952408,100.00,,
198.966017077,3356295,,rFF44,68952028,100.00,,
198.966017077,628617947,,instructions,68951888,100.00,2.47,insn per cycle
198.966017077,254489934,,cycles,68951798,100.00,,
199.066210541,2500,,rD044,68957325,100.00,,
199.066210541,3165074,,rFF44,68957715,100.00,,
199.066210541,654287099,,instructions,68957415,100.00,2.57,insn per cycle
199.066210541,254487115,,cycles,68957155,100.00,,
199.166402224,1854,,rD044,68766892,100.00,,
199.166402224,3334533,,rFF44,68766932,100.00,,
199.166402224,617790570,,instructions,68766772,100.00,2.43,insn per cycle
199.166402224,253785946,,cycles,68766982,100.00,,
199.266594887,1474,,rD044,67191062,100.00,,
199.266594887,3180528,,rFF44,67191182,100.00,,
199.266594887,609997719,,instructions,67191232,100.00,2.46,insn per cycle
199.266594887,247694637,,cycles,67190882,100.00,,
199.366788121,1513,,rD044,68095112,100.00,,
199.366788121,3341109,,rFF44,68094972,100.00,,
199.366788121,610346023,,instructions,68095182,100.00,2.43,insn per cycle
199.366788121,251342368,,cycles,68109032,100.00,,
199.466990764,1401,,rD044,67894418,100.00,,
199.466990764,3312307,,rFF44,67894248,100.00,,
199.466990764,597616304,,instructions,67893798,100.00,2.39,insn per cycle
199.466990764,250490024,,cycles,67880308,100.00,,
199.567183578,1340,,rD044,68625834,100.00,,
199.567183578,3213384,,rFF44,68621354,100.00,,
199.567183578,628261959,,instructions,68618704,100.00,2.48,insn per cycle
199.567183578,253211495,,cycles,68615534,100.00,,
199.667365731,1336,,rD044,68818798,100.00,,
199.667365731,3420013,,rFF44,68823748,100.00,,
199.667365731,590329441,,instructions,68827148,100.00,2.32,insn per cycle
199.667365731,254031148,,cycles,68830178,100.00,,
199.767557334,1983,,rD044,68659502,100.00,,
199.767557334,3276426,,rFF44,68654552,100.00,,
199.767557334,631617172,,instructions,68651152,100.00,2.49,insn per cycle
199.767557334,253347279,,cycles,68648122,100.00,,
199.867739488,1342,,rD044,68356413,100.00,,
199.867739488,3323355,,rFF44,68360883,100.00,,
199.867739488,600522364,,instructions,68363893,100.00,2.38,insn per cycle
199.867739488,252293614,,cycles,68366853,100.00,,
199.967945231,1964,,rD044,68635100,100.00,,
199.967945231,3361540,,rFF44,68635460,100.00,,
199.967945231,610882479,,instructions,68635440,100.00,2.41,insn per cycle
199.967945231,253309404,,cycles,68635470,100.00,,
200.068135104,1894,,rD044,68107602,100.00,,
200.068135104,3208542,,rFF44,68102772,100.00,,
200.068135104,620166804,,instructions,68099782,100.00,2.47,insn per cycle
200.068135104,251278202,,cycles,68096792,100.00,,
200.168316758,1403,,rD044,69091747,100.00,,
200.168316758,3479999,,rFF44,69091747,100.00,,
200.168316758,607880888,,instructions,69091747,100.00,2.38,insn per cycle
200.168316758,255028289,,cycles,69091747,100.00,,
200.268500581,1826,,rD044,66789347,100.00,,
200.268500581,3114720,,rFF44,66789347,100.00,,
200.268500581,613764157,,instructions,66789347,100.00,2.49,insn per cycle
200.268500581,246089419,,cycles,66789347,100.00,,
200.368681704,2331,,rD044,68809675,100.00,,
200.368681704,3443690,,rFF44,68809675,100.00,,
200.368681704,608501457,,instructions,68809675,100.00,2.40,insn per cycle
200.368681704,253943645,,cycles,68809675,100.00,,
200.468862567,1681,,rD044,70883193,100.00,,
200.468862567,3287138,,rFF44,70888103,100.00,,
200.468862567,643543458,,instructions,70891504,100.00,2.46,insn per cycle
200.468862567,262000280,,cycles,70894584,100.00,,
200.569055601,2273,,rD044,68715122,100.00,,
200.569055601,3097762,,rFF44,68714882,100.00,,
200.569055601,631347010,,instructions,68714831,100.00,2.49,insn per cycle
200.569055601,253566458,,cycles,68715181,100.00,,
200.669248444,2369,,rD044,67099059,100.00,,
200.669248444,3143815,,rFF44,67094389,100.00,,
200.669248444,618078486,,instructions,67091039,100.00,2.50,insn per cycle
200.669248444,247282834,,cycles,67087609,100.00,,
200.769431837,1862,,rD044,70492889,100.00,,
200.769431837,3438820,,rFF44,70498229,100.00,,
200.769431837,603805453,,instructions,70501279,100.00,2.32,insn per cycle
200.769431837,260445340,,cycles,70504209,100.00,,
200.869623771,1663,,rD044,68124180,100.00,,
200.869623771,3298255,,rFF44,68118840,100.00,,
200.869623771,622570987,,instructions,68115790,100.00,2.48,insn per cycle
200.869623771,251291202,,cycles,68112860,100.00,,
200.969819684,1741,,rD044,69419513,100.00,,
200.969819684,3571788,,rFF44,69424203,100.00,,
200.969819684,602974239,,instructions,69427283,100.00,2.35,insn per cycle
200.969819684,256280773,,cycles,69430863,100.00,,
201.070011998,1653,,rD044,65561516,100.00,,
201.070011998,2928132,,rFF44,65556826,100.00,,
201.070011998,623306171,,instructions,65553746,100.00,2.58,insn per cycle
201.070011998,241312211,,cycles,65550166,100.00,,
201.170204741,1538,,rD044,67503171,100.00,,
201.170204741,3044587,,rFF44,67507221,100.00,,
201.170204741,615105812,,instructions,67510421,100.00,2.47,insn per cycle
201.170204741,248859198,,cycles,67512371,100.00,,
201.270399304,2091,,rD044,68570676,100.00,,
201.270399304,3189054,,rFF44,68571756,100.00,,
201.270399304,632699254,,instructions,68572076,100.00,2.50,insn per cycle
201.270399304,253004408,,cycles,68573246,100.00,,
201.370591348,2023,,rD044,68943683,100.00,,
201.370591348,3359098,,rFF44,68938553,100.00,,
201.370591348,593199618,,instructions,68935033,100.00,2.33,insn per cycle
201.370591348,254438935,,cycles,68938703,100.00,,
201.470778721,2125,,rD044,68491264,100.00,,
201.470778721,3200017,,rFF44,68495594,100.00,,
201.470778721,625526672,,instructions,68498464,100.00,2.47,insn per cycle
201.470778721,252747427,,cycles,68494454,100.00,,
201.570985615,1663,,rD044,69654980,100.00,,
201.570985615,3444939,,rFF44,69650650,100.00,,
201.570985615,599693763,,instructions,69647780,100.00,2.33,insn per cycle
201.570985615,257153635,,cycles,69645000,100.00,,
201.671167968,2202,,rD044,67911969,100.00,,
201.671167968,3031009,,rFF44,67916809,100.00,,
201.671167968,617796570,,instructions,67920299,100.00,2.47,insn per cycle
201.671167968,250356204,,cycles,67923339,100.00,,
201.771361561,1749,,rD044,69227946,100.00,,
201.771361561,3139659,,rFF44,69229276,100.00,,
201.771361561,608049791,,instructions,69228486,100.00,2.38,insn per cycle
201.771361561,255444227,,cycles,69225446,100.00,,
201.871557095,1945,,rD044,68645014,100.00,,
201.871557095,3245994,,rFF44,68644164,100.00,,
201.871557095,617756395,,instructions,68644694,100.00,2.44,insn per cycle
201.871557095,253156284,,cycles,68647714,100.00,,
201.971749798,1930,,rD044,69724931,100.00,,
201.971749798,3563656,,rFF44,69719611,100.00,,
201.971749798,605187880,,instructions,69716381,100.00,2.35,insn per cycle
201.971749798,257276863,,cycles,69713361,100.00,,
202.071949861,2217,,rD044,69852764,100.00,,
202.071949861,3265369,,rFF44,69852764,100.00,,
202.071949861,613025771,,instructions,69852764,100.00,2.38,insn per cycle
202.071949861,257830015,,cycles,69852764,100.00,,
202.172132367,2201,,rD044,69241064,100.00,,
202.172132367,3460669,,rFF44,69241064,100.00,,
202.172132367,608474983,,instructions,69241064,100.00,2.38,insn per cycle
202.172132367,255474603,,cycles,69241064,100.00,,
202.272317801,2189,,rD044,78577047,100.00,,
202.272317801,3134563,,rFF44,78577047,100.00,,
202.272317801,497583897,,instructions,78577047,100.00,1.71,insn per cycle
202.272317801,291719886,,cycles,78577047,100.00,,
202.372500745,2300,,rD044,79041355,100.00,,
202.372500745,2337642,,rFF44,79046765,100.00,,
202.372500745,419110411,,instructions,79049765,100.00,1.43,insn per cycle
202.372500745,293686117,,cycles,79052805,100.00,,
202.472692499,2283,,rD044,77972638,100.00,,
202.472692499,2378846,,rFF44,77972138,100.00,,
202.472692499,425856379,,instructions,77972348,100.00,1.47,insn per cycle
202.472692499,289360721,,cycles,77972098,100.00,,
202.572884803,1967,,rD044,77990253,100.00,,
202.572884803,2368727,,rFF44,77990263,100.00,,
202.572884803,423060390,,instructions,77989953,100.00,1.46,insn per cycle
202.572884803,289433165,,cycles,77990793,100.00,,
202.673078477,1732,,rD044,81038445,100.00,,
202.673078477,2398359,,rFF44,81033525,100.00,,
202.673078477,437406607,,instructions,81030625,100.00,1.45,insn per cycle
202.673078477,301262750,,cycles,81026995,100.00,,
202.773259891,2778,,rD044,79487272,100.00,,
202.773259891,2477133,,rFF44,79492542,100.00,,
202.773259891,433582615,,instructions,79495802,100.00,1.47,insn per cycle
202.773259891,295227320,,cycles,79499062,100.00,,
202.873452595,2210,,rD044,78092570,100.00,,
202.873452595,2403274,,rFF44,78092090,100.00,,
202.873452595,426294289,,instructions,78091470,100.00,1.47,insn per cycle
202.873452595,289772605,,cycles,78091410,100.00,,
202.973643839,2170,,rD044,77875707,100.00,,
202.973643839,2338882,,rFF44,77875947,100.00,,
202.973643839,422834208,,instructions,77876257,100.00,1.46,insn per cycle
202.973643839,288992197,,cycles,77875927,100.00,,
203.073835533,2326,,rD044,77899767,100.00,,
203.073835533,2392079,,rFF44,77899157,100.00,,
203.073835533,429771338,,instructions,77899507,100.00,1.49,insn per cycle
203.073835533,289080061,,cycles,77899717,100.00,,
203.174031607,2188,,rD044,77952895,100.00,,
203.174031607,2395065,,rFF44,77953595,100.00,,
203.174031607,423628648,,instructions,77953155,100.00,1.46,insn per cycle
203.174031607,289259530,,cycles,77953165,100.00,,
203.274225731,1842,,rD044,79837349,100.00,,
203.274225731,2465630,,rFF44,79832229,100.00,,
203.274225731,436381184,,instructions,79829369,100.00,1.47,insn per cycle
203.274225731,296595075,,cycles,79826279,100.00,,
203.374407075,2292,,rD044,76172148,100.00,,
203.374407075,2738427,,rFF44,76177008,100.00,,
203.374407075,469369215,,instructions,76180218,100.00,1.66,insn per cycle
203.374407075,282363777,,cycles,76183288,100.00,,
203.474598159,2352,,rD044,81147100,100.00,,
203.474598159,2468367,,rFF44,81142240,100.00,,
203.474598159,406476704,,instructions,81139030,100.00,1.35,insn per cycle
203.474598159,301683602,,cycles,81135960,100.00,,
203.574779183,1625,,rD044,79218353,100.00,,
203.574779183,2528347,,rFF44,79222993,100.00,,
203.574779183,389045728,,instructions,79225843,100.00,1.32,insn per cycle
203.574779183,294173662,,cycles,79229083,100.00,,
203.674984347,2798,,rD044,78132120,100.00,,
203.674984347,2651301,,rFF44,78132080,100.00,,
203.674984347,417397674,,instructions,78132300,100.00,1.44,insn per cycle
203.674984347,289955454,,cycles,78132240,100.00,,
203.775177211,2335,,rD044,77811550,100.00,,
203.775177211,2723052,,rFF44,77811660,100.00,,
203.775177211,437868473,,instructions,77811720,100.00,1.52,insn per cycle
203.775177211,288791576,,cycles,77811630,100.00,,
203.875368405,1893,,rD044,78014008,100.00,,
203.875368405,2724447,,rFF44,78013758,100.00,,
203.875368405,433801385,,instructions,78013578,100.00,1.50,insn per cycle
203.875368405,289502708,,cycles,78013328,100.00,,
203.975560589,2443,,rD044,82289434,100.00,,
203.975560589,2896346,,rFF44,82289494,100.00,,
203.975560589,426344682,,instructions,82289634,100.00,1.39,insn per cycle
203.975560589,306171933,,cycles,82289974,100.00,,
204.075752383,1886,,rD044,77824815,100.00,,
204.075752383,3216237,,rFF44,77824975,100.00,,
204.075752383,475628658,,instructions,77825285,100.00,1.65,insn per cycle
204.075752383,288834795,,cycles,77825105,100.00,,
204.175955757,1288,,rD044,77849826,100.00,,
204.175955757,2486228,,rFF44,77850176,100.00,,
204.175955757,406345930,,instructions,77850246,100.00,1.41,insn per cycle
204.175955757,288943846,,cycles,77850526,100.00,,
204.276147871,2430,,rD044,77745607,100.00,,
204.276147871,2464371,,rFF44,77745367,100.00,,
204.276147871,424301868,,instructions,77745357,100.00,1.47,insn per cycle
204.276147871,288498810,,cycles,77745128,100.00,,
204.376339645,2693,,rD044,77857938,100.00,,
204.376339645,2326448,,rFF44,77858468,100.00,,
204.376339645,423990756,,instructions,77858368,100.00,1.47,insn per cycle
204.376339645,288883918,,cycles,77858437,100.00,,
204.476534889,1847,,rD044,77935002,100.00,,
204.476534889,2242299,,rFF44,77934422,100.00,,
204.476534889,418859158,,instructions,77934372,100.00,1.45,insn per cycle
204.476534889,289033259,,cycles,77934442,100.00,,
204.576725624,1705,,rD044,77785545,100.00,,
204.576725624,2399668,,rFF44,77785835,100.00,,
204.576725624,428909065,,instructions,77785855,100.00,1.49,insn per cycle
204.576725624,288440059,,cycles,77785805,100.00,,
204.676917277,1808,,rD044,80521994,100.00,,
204.676917277,2570624,,rFF44,80516964,100.00,,
204.676917277,439439160,,instructions,80513634,100.00,1.47,insn per cycle
204.676917277,299093640,,cycles,80510494,100.00,,
204.777100931,1958,,rD044,79924189,100.00,,
204.777100931,2576341,,rFF44,79928929,100.00,,
204.777100931,438441017,,instructions,79931999,100.00,1.48,insn per cycle
204.777100931,296714524,,cycles,79935209,100.00,,
204.877290855,2209,,rD044,78149315,100.00,,
204.877290855,2525769,,rFF44,78150185,100.00,,
204.877290855,426510674,,instructions,78150515,100.00,1.47,insn per cycle
204.877290855,289797933,,cycles,78150315,100.00,,
204.977483529,2059,,rD044,78257105,100.00,,
204.977483529,2519343,,rFF44,78255835,100.00,,
204.977483529,426652561,,instructions,78255735,100.00,1.47,insn per cycle
204.977483529,290199738,,cycles,78255955,100.00,,
205.077676763,2351,,rD044,81193909,100.00,,
205.077676763,2592958,,rFF44,81189569,100.00,,
205.077676763,446246457,,instructions,81186269,100.00,1.48,insn per cycle
205.077676763,301667428,,cycles,81189399,100.00,,
205.177865967,2121,,rD044,79756353,100.00,,
205.177865967,2522805,,rFF44,79761253,100.00,,
205.177865967,434720357,,instructions,79764463,100.00,1.47,insn per cycle
205.177865967,296019591,,cycles,79761093,100.00,,
205.278058261,2227,,rD044,78359666,100.00,,
205.278058261,2512913,,rFF44,78359226,100.00,,
205.278058261,432189716,,instructions,78359206,100.00,1.49,insn per cycle
205.278058261,290617166,,cycles,78359116,100.00,,
205.378250286,1596,,rD044,78283983,100.00,,
205.378250286,2475483,,rFF44,78284253,100.00,,
205.378250286,427381279,,instructions,78284683,100.00,1.47,insn per cycle
205.378250286,290329365,,cycles,78285103,100.00,,
205.478444209,1698,,rD044,81088245,100.00,,
205.478444209,2592951,,rFF44,81083515,100.00,,
205.478444209,441061877,,instructions,81079895,100.00,1.46,insn per cycle
205.478444209,301171753,,cycles,81076575,100.00,,
205.578626973,1510,,rD044,80039222,100.00,,
205.578626973,2426184,,rFF44,80044122,100.00,,
205.578626973,438876048,,instructions,80047282,100.00,1.48,insn per cycle
205.578626973,296931170,,cycles,80050462,100.00,,
205.678821708,1407,,rD044,78180417,100.00,,
205.678821708,2664674,,rFF44,78180377,100.00,,
205.678821708,426825508,,instructions,78180567,100.00,1.47,insn per cycle
205.678821708,289962427,,cycles,78180597,100.00,,
205.779012961,1805,,rD044,78356331,100.00,,
205.779012961,2346307,,rFF44,78356011,100.00,,
205.779012961,449068643,,instructions,78356171,100.00,1.54,insn per cycle
205.779012961,290661158,,cycles,78355921,100.00,,
205.879204606,1955,,rD044,78341886,100.00,,
205.879204606,2353656,,rFF44,78342746,100.00,,
205.879204606,448142592,,instructions,78342796,100.00,1.54,insn per cycle
205.879204606,290603865,,cycles,78342866,100.00,,
205.979396660,1902,,rD044,78628669,100.00,,
205.979396660,2345423,,rFF44,78623269,100.00,,
205.979396660,446946381,,instructions,78619709,100.00,1.53,insn per cycle
205.979396660,291674554,,cycles,78616679,100.00,,
206.079578513,1550,,rD044,79209093,100.00,,
206.079578513,2353500,,rFF44,79209093,100.00,,
206.079578513,449601706,,instructions,79209093,100.00,1.53,insn per cycle
206.079578513,293973547,,cycles,79209093,100.00,,
206.179760077,1666,,rD044,79413113,100.00,,
206.179760077,2339331,,rFF44,79413113,100.00,,
206.179760077,449125474,,instructions,79413113,100.00,1.52,insn per cycle
206.179760077,294794028,,cycles,79413113,100.00,,
206.279959171,1380,,rD044,79715110,100.00,,
206.279959171,2344137,,rFF44,79715110,100.00,,
206.279959171,449460373,,instructions,79715110,100.00,1.52,insn per cycle
206.279959171,295917556,,cycles,79715110,100.00,,
206.380147965,1428,,rD044,78983709,100.00,,
206.380147965,2357210,,rFF44,78983709,100.00,,
206.380147965,449258095,,instructions,78983709,100.00,1.53,insn per cycle
206.380147965,293079330,,cycles,78983709,100.00,,
206.480329439,1567,,rD044,78629461,100.00,,
206.480329439,2427842,,rFF44,78634682,100.00,,
206.480329439,442075573,,instructions,78637962,100.00,1.52,insn per cycle
206.480329439,291724118,,cycles,78641552,100.00,,
206.580522213,1530,,rD044,78373319,100.00,,
206.580522213,2429336,,rFF44,78373088,100.00,,
206.580522213,436984502,,instructions,78373028,100.00,1.50,insn per cycle
206.580522213,290691471,,cycles,78372918,100.00,,
206.680714437,1573,,rD044,78325795,100.00,,
206.680714437,2402337,,rFF44,78325585,100.00,,
206.680714437,439998773,,instructions,78325395,100.00,1.51,insn per cycle
206.680714437,290511838,,cycles,78324935,100.00,,
206.780908611,1564,,rD044,78345076,100.00,,
206.780908611,2340692,,rFF44,78345126,100.00,,
206.780908611,439602627,,instructions,78345566,100.00,1.51,insn per cycle
206.780908611,290572094,,cycles,78345786,100.00,,
206.881101235,1801,,rD044,78182993,100.00,,
206.881101235,2328451,,rFF44,78183483,100.00,,
206.881101235,439251173,,instructions,78183023,100.00,1.51,insn per cycle
206.881101235,289961197,,cycles,78183093,100.00,,
206.981293369,1464,,rD044,78364170,100.00,,
206.981293369,2360373,,rFF44,78363880,100.00,,
206.981293369,444669397,,instructions,78363800,100.00,1.53,insn per cycle
206.981293369,290666917,,cycles,78363580,100.00,,
207.081484233,1395,,rD044,78420830,100.00,,
207.081484233,2372248,,rFF44,78420690,100.00,,
207.081484233,448736468,,instructions,78420930,100.00,1.54,insn per cycle
207.081484233,290893368,,cycles,78420790,100.00,,
207.181671428,1552,,rD044,78319206,100.00,,
207.181671428,2348965,,rFF44,78319386,100.00,,
207.181671428,445044092,,instructions,78319186,100.00,1.53,insn per cycle
207.181671428,290484927,,cycles,78319596,100.00,,
207.281863541,1623,,rD044,79953692,100.00,,
207.281863541,2702413,,rFF44,79948622,100.00,,
207.281863541,448097734,,instructions,79952302,100.00,1.51,insn per cycle
207.281863541,296889831,,cycles,79953522,100.00,,
207.382062316,1830,,rD044,78311228,100.00,,
207.382062316,2324704,,rFF44,78311228,100.00,,
207.382062316,444332211,,instructions,78304578,100.00,1.53,insn per cycle
207.382062316,290411872,,cycles,78299998,100.00,,
207.482245149,1574,,rD044,78307380,100.00,,
207.482245149,2290873,,rFF44,78307380,100.00,,
207.482245149,444055762,,instructions,78307380,100.00,1.53,insn per cycle
207.482245149,290460731,,cycles,78307380,100.00,,
207.582428173,1670,,rD044,78048505,100.00,,
207.582428173,2314663,,rFF44,78048505,100.00,,
207.582428173,444316335,,instructions,78048505,100.00,1.54,insn per cycle
207.582428173,289442285,,cycles,78048505,100.00,,
207.682610897,1452,,rD044,77569999,100.00,,
207.682610897,2340368,,rFF44,77569999,100.00,,
207.682610897,444021850,,instructions,77569999,100.00,1.54,insn per cycle
207.682610897,287578394,,cycles,77569999,100.00,,
207.782798611,1442,,rD044,78238554,100.00,,
207.782798611,2337566,,rFF44,78238554,100.00,,
207.782798611,443859834,,instructions,78238554,100.00,1.53,insn per cycle
207.782798611,290191884,,cycles,78238554,100.00,,
207.882995665,1610,,rD044,77852212,100.00,,
207.882995665,2324338,,rFF44,77858162,100.00,,
207.882995665,444061152,,instructions,77861432,100.00,1.54,insn per cycle
207.882995665,288723988,,cycles,77863712,100.00,,
207.983187539,2115,,rD044,78007195,100.00,,
207.983187539,2319867,,rFF44,78001245,100.00,,
207.983187539,445295074,,instructions,77997975,100.00,1.54,insn per cycle
207.983187539,289228444,,cycles,77995695,100.00,,
208.083370523,1792,,rD044,78118654,100.00,,
208.083370523,2323724,,rFF44,78118654,100.00,,
208.083370523,443875943,,instructions,78118654,100.00,1.53,insn per cycle
208.083370523,289686803,,cycles,78118654,100.00,,
208.183552757,2054,,rD044,77875987,100.00,,
208.183552757,2331660,,rFF44,77875987,100.00,,
208.183552757,443521156,,instructions,77875987,100.00,1.54,insn per cycle
208.183552757,288807307,,cycles,77875987,100.00,,
208.283736511,1733,,rD044,78106030,100.00,,
208.283736511,2373868,,rFF44,78111360,100.00,,
208.283736511,447370664,,instructions,78114570,100.00,1.54,insn per cycle
208.283736511,289689680,,cycles,78117660,100.00,,
208.383944855,1626,,rD044,78268633,100.00,,
208.383944855,2329825,,rFF44,78263303,100.00,,
208.383944855,443378605,,instructions,78260093,100.00,1.53,insn per cycle
208.383944855,290282311,,cycles,78257003,100.00,,
208.484128619,1654,,rD044,78923408,100.00,,
208.484128619,2411715,,rFF44,78923408,100.00,,
208.484128619,445222581,,instructions,78923408,100.00,1.52,insn per cycle
208.484128619,292863700,,cycles,78923408,100.00,,
208.584311713,1677,,rD044,79880553,100.00,,
208.584311713,2442563,,rFF44,79880553,100.00,,
208.584311713,445128303,,instructions,79880553,100.00,1.50,insn per cycle
208.584311713,296591840,,cycles,79880553,100.00,,
208.684493257,1617,,rD044,78805283,100.00,,
208.684493257,2435278,,rFF44,78805283,100.00,,
208.684493257,446337100,,instructions,78805283,100.00,1.53,insn per cycle
208.684493257,292417528,,cycles,78805283,100.00,,
208.784676771,1907,,rD044,76757793,100.00,,
208.784676771,2358392,,rFF44,76757793,100.00,,
208.784676771,439240723,,instructions,76757793,100.00,1.54,insn per cycle
208.784676771,284385870,,cycles,76757793,100.00,,
208.884858225,2035,,rD044,81035300,100.00,,
208.884858225,3298763,,rFF44,81040121,100.00,,
208.884858225,451241781,,instructions,81043281,100.00,1.50,insn per cycle
208.884858225,300995755,,cycles,81046631,100.00,,
208.985050679,2309,,rD044,78335628,100.00,,
208.985050679,2962939,,rFF44,78335737,100.00,,
208.985050679,440881192,,instructions,78335737,100.00,1.52,insn per cycle
208.985050679,290477119,,cycles,78335897,100.00,,
209.085245113,2025,,rD044,78944560,100.00,,
209.085245113,2570258,,rFF44,78939630,100.00,,
209.085245113,391540170,,instructions,78936470,100.00,1.34,insn per cycle
209.085245113,292813323,,cycles,78932960,100.00,,
209.185426957,1964,,rD044,82023931,100.00,,
209.185426957,2620834,,rFF44,82028721,100.00,,
209.185426957,403639691,,instructions,82031731,100.00,1.32,insn per cycle
209.185426957,304885730,,cycles,82034641,100.00,,
209.285617231,1959,,rD044,79307324,100.00,,
209.285617231,2634649,,rFF44,79302534,100.00,,
209.285617231,388686547,,instructions,79299524,100.00,1.32,insn per cycle
209.285617231,294300853,,cycles,79296614,100.00,,
209.385801495,2273,,rD044,81616842,100.00,,
209.385801495,2722022,,rFF44,81622312,100.00,,
209.385801495,423895401,,instructions,81625402,100.00,1.40,insn per cycle
209.385801495,303316645,,cycles,81628472,100.00,,
209.486008419,1760,,rD044,73997114,100.00,,
209.486008419,2811000,,rFF44,73991644,100.00,,
209.486008419,448636114,,instructions,73988554,100.00,1.64,insn per cycle
209.486008419,273692683,,cycles,73985484,100.00,,
209.586189763,2419,,rD044,79638060,100.00,,
209.586189763,2757146,,rFF44,79643290,100.00,,
209.586189763,415854009,,instructions,79646700,100.00,1.41,insn per cycle
209.586189763,295628212,,cycles,79649610,100.00,,
209.686380607,1764,,rD044,79182359,100.00,,
209.686380607,2631493,,rFF44,79182559,100.00,,
209.686380607,369023882,,instructions,79179149,100.00,1.26,insn per cycle
209.686380607,293914627,,cycles,79176239,100.00,,
209.786572311,2025,,rD044,80901217,100.00,,
209.786572311,2965956,,rFF44,80900507,100.00,,
209.786572311,423016004,,instructions,80903467,100.00,1.41,insn per cycle
209.786572311,300561392,,cycles,80906137,100.00,,
209.886765255,2420,,rD044,76834318,100.00,,
209.886765255,3119408,,rFF44,76829598,100.00,,
209.886765255,452291259,,instructions,76826638,100.00,1.59,insn per cycle
209.886765255,284678231,,cycles,76823968,100.00,,
209.986965469,2225,,rD044,79605162,100.00,,
209.986965469,2948492,,rFF44,79610082,100.00,,
209.986965469,431346175,,instructions,79613202,100.00,1.46,insn per cycle
209.986965469,295423723,,cycles,79616662,100.00,,
210.087159103,2053,,rD044,78163924,100.00,,
210.087159103,2855080,,rFF44,78163744,100.00,,
210.087159103,387460844,,instructions,78163754,100.00,1.34,insn per cycle
210.087159103,289836112,,cycles,78163694,100.00,,
210.187353607,1979,,rD044,78194540,100.00,,
210.187353607,3348821,,rFF44,78194570,100.00,,
210.187353607,434534833,,instructions,78194780,100.00,1.50,insn per cycle
210.187353607,289963280,,cycles,78194400,100.00,,
210.287549591,1888,,rD044,78173161,100.00,,
210.287549591,3416668,,rFF44,78173211,100.00,,
210.287549591,445482793,,instructions,78172961,100.00,1.54,insn per cycle
210.287549591,289898028,,cycles,78172951,100.00,,
210.387744945,1868,,rD044,78254883,100.00,,
210.387744945,3331749,,rFF44,78254723,100.00,,
210.387744945,448452350,,instructions,78254293,100.00,1.55,insn per cycle
210.387744945,290240630,,cycles,78254333,100.00,,
210.487953380,1930,,rD044,78664203,100.00,,
210.487953380,2701175,,rFF44,78659543,100.00,,
210.487953380,399684390,,instructions,78656883,100.00,1.37,insn per cycle
210.487953380,291796545,,cycles,78653833,100.00,,
210.588138303,2064,,rD044,82260840,100.00,,
210.588138303,3280113,,rFF44,82266310,100.00,,
210.588138303,474033030,,instructions,82269360,100.00,1.55,insn per cycle
210.588138303,305855816,,cycles,82272400,100.00,,
210.688330467,1565,,rD044,74718973,100.00,,
210.688330467,3018444,,rFF44,74713503,100.00,,
210.688330467,441128671,,instructions,74710453,100.00,1.60,insn per cycle
210.688330467,276449334,,cycles,74707413,100.00,,
210.788514561,1994,,rD044,81716148,100.00,,
210.788514561,2767498,,rFF44,81720858,100.00,,
210.788514561,427739934,,instructions,81723908,100.00,1.41,insn per cycle
210.788514561,303705828,,cycles,81726898,100.00,,
210.888709015,1935,,rD044,75752210,100.00,,
210.888709015,3250546,,rFF44,75747500,100.00,,
210.888709015,453799989,,instructions,75744450,100.00,1.62,insn per cycle
210.888709015,280402161,,cycles,75741460,100.00,,
210.988897519,1919,,rD044,76292800,100.00,,
210.988897519,3282437,,rFF44,76297550,100.00,,
210.988897519,460605830,,instructions,76300330,100.00,1.63,insn per cycle
210.988897519,282573101,,cycles,76303440,100.00,,
211.089087723,2268,,rD044,82615772,100.00,,
211.089087723,2673173,,rFF44,82616592,100.00,,
211.089087723,416570413,,instructions,82616882,100.00,1.36,insn per cycle
211.089087723,307203165,,cycles,82616902,100.00,,
211.189285657,2274,,rD044,77059705,100.00,,
211.189285657,3156413,,rFF44,77054135,100.00,,
211.189285657,442676778,,instructions,77051065,100.00,1.55,insn per cycle
211.189285657,285561864,,cycles,77047935,100.00,,
211.289468731,2131,,rD044,79196145,100.00,,
211.289468731,2917955,,rFF44,79201095,100.00,,
211.289468731,412085604,,instructions,79203935,100.00,1.40,insn per cycle
211.289468731,293845649,,cycles,79207095,100.00,,
211.389662185,2368,,rD044,74228127,100.00,,
211.389662185,3055456,,rFF44,74223177,100.00,,
211.389662185,468650095,,instructions,74220337,100.00,1.71,insn per cycle
211.389662185,274450410,,cycles,74217177,100.00,,
211.489843429,1810,,rD044,77077973,100.00,,
211.489843429,3249368,,rFF44,77077973,100.00,,
211.489843429,524881490,,instructions,77077973,100.00,1.84,insn per cycle
211.489843429,285667110,,cycles,77077973,100.00,,
211.590024263,2462,,rD044,74732068,100.00,,
211.590024263,3177517,,rFF44,74737238,100.00,,
211.590024263,504905156,,instructions,74740728,100.00,1.83,insn per cycle
211.590024263,276466199,,cycles,74743718,100.00,,
211.690217297,1777,,rD044,73868194,100.00,,
211.690217297,3084544,,rFF44,73868304,100.00,,
211.690217297,466696209,,instructions,73868184,100.00,1.71,insn per cycle
211.690217297,273084175,,cycles,73868184,100.00,,
211.790410551,1765,,rD044,82658679,100.00,,
211.790410551,3118479,,rFF44,82657749,100.00,,
211.790410551,374827194,,instructions,82657100,100.00,1.22,insn per cycle
211.790410551,307395425,,cycles,82657530,100.00,,
211.890603035,2013,,rD044,78281037,100.00,,
211.890603035,3155476,,rFF44,78281717,100.00,,
211.890603035,430733203,,instructions,78282416,100.00,1.48,insn per cycle
211.890603035,290281860,,cycles,78281746,100.00,,
211.990796219,2176,,rD044,78321346,100.00,,
211.990796219,3219213,,rFF44,78334866,100.00,,
211.990796219,473243168,,instructions,78334296,100.00,1.63,insn per cycle
211.990796219,290504979,,cycles,78334886,100.00,,
212.091000944,1970,,rD044,78260906,100.00,,
212.091000944,3209361,,rFF44,78247356,100.00,,
212.091000944,472203467,,instructions,78248026,100.00,1.63,insn per cycle
212.091000944,290161663,,cycles,78247946,100.00,,
212.191193048,2196,,rD044,74734705,100.00,,
212.191193048,3106402,,rFF44,74729705,100.00,,
212.191193048,449498723,,instructions,74726185,100.00,1.63,insn per cycle
212.191193048,276420477,,cycles,74722925,100.00,,
212.291375271,2127,,rD044,81858552,100.00,,
212.291375271,3245703,,rFF44,81863662,100.00,,
212.291375271,424460114,,instructions,81866572,100.00,1.40,insn per cycle
212.291375271,304248984,,cycles,81870012,100.00,,
212.391568215,1566,,rD044,78189380,100.00,,
212.391568215,3133259,,rFF44,78189510,100.00,,
212.391568215,391887920,,instructions,78189910,100.00,1.35,insn per cycle
212.391568215,289973655,,cycles,78189850,100.00,,
212.491760840,1629,,rD044,78246426,100.00,,
212.491760840,3639067,,rFF44,78246086,100.00,,
212.491760840,477217299,,instructions,78245666,100.00,1.64,insn per cycle
212.491760840,290189158,,cycles,78245876,100.00,,
212.591966374,1735,,rD044,73252936,100.00,,
212.591966374,3730977,,rFF44,73252826,100.00,,
212.591966374,490435813,,instructions,73253226,100.00,1.81,insn per cycle
212.591966374,270844487,,cycles,73253086,100.00,,
212.692158258,2276,,rD044,74602067,100.00,,
212.692158258,3808287,,rFF44,74597277,100.00,,
212.692158258,500998295,,instructions,74593987,100.00,1.82,insn per cycle
212.692158258,275967274,,cycles,74590537,100.00,,
212.792342112,1946,,rD044,77585168,100.00,,
212.792342112,3954257,,rFF44,77590238,100.00,,
212.792342112,521242572,,instructions,77593298,100.00,1.81,insn per cycle
212.792342112,287631803,,cycles,77596458,100.00,,
212.892536226,2566,,rD044,73899982,100.00,,
212.892536226,3662529,,rFF44,73899742,100.00,,
212.892536226,478374425,,instructions,73899682,100.00,1.75,insn per cycle
212.892536226,273247050,,cycles,73899582,100.00,,
212.992729200,1461,,rD044,79916876,100.00,,
212.992729200,3164674,,rFF44,79912046,100.00,,
212.992729200,417620034,,instructions,79909046,100.00,1.41,insn per cycle
212.992729200,296682174,,cycles,79905986,100.00,,
213.092913334,1637,,rD044,80943307,100.00,,
213.092913334,3406915,,rFF44,80948207,100.00,,
213.092913334,433752561,,instructions,80951487,100.00,1.44,insn per cycle
213.092913334,300726516,,cycles,80954677,100.00,,
213.193105588,2234,,rD044,78159367,100.00,,
213.193105588,3132334,,rFF44,78158897,100.00,,
213.193105588,393503118,,instructions,78158517,100.00,1.36,insn per cycle
213.193105588,289863632,,cycles,78158217,100.00,,
213.293297792,2990,,rD044,78242889,100.00,,
213.293297792,3228268,,rFF44,78243579,100.00,,
213.293297792,451649443,,instructions,78244019,100.00,1.56,insn per cycle
213.293297792,290193294,,cycles,78244299,100.00,,
213.393489416,3150,,rD044,78188334,100.00,,
213.393489416,3178919,,rFF44,78188114,100.00,,
213.393489416,460906595,,instructions,78187954,100.00,1.59,insn per cycle
213.393489416,289956301,,cycles,78188024,100.00,,
213.493682910,2651,,rD044,77932999,100.00,,
213.493682910,3092015,,rFF44,77932929,100.00,,
213.493682910,463341551,,instructions,77933039,100.00,1.60,insn per cycle
213.493682910,288992188,,cycles,77932669,100.00,,
213.593875664,2784,,rD044,74062543,100.00,,
213.593875664,3405011,,rFF44,74057713,100.00,,
213.593875664,474302244,,instructions,74054423,100.00,1.73,insn per cycle
213.593875664,273810915,,cycles,74051553,100.00,,
213.694059878,2765,,rD044,78061984,100.00,,
213.694059878,3174546,,rFF44,78066744,100.00,,
213.694059878,484073481,,instructions,78069544,100.00,1.67,insn per cycle
213.694059878,289520941,,cycles,78072824,100.00,,
213.794254212,3326,,rD044,73849508,100.00,,
213.794254212,3648185,,rFF44,73849368,100.00,,
213.794254212,514535909,,instructions,73849568,100.00,1.88,insn per cycle
213.794254212,273050292,,cycles,73849478,100.00,,
213.894447846,2946,,rD044,82396480,100.00,,
213.894447846,2828364,,rFF44,82391860,100.00,,
213.894447846,430443231,,instructions,82388860,100.00,1.41,insn per cycle
213.894447846,306322823,,cycles,82385670,100.00,,
213.994630710,3061,,rD044,78871401,100.00,,
213.994630710,2923487,,rFF44,78876501,100.00,,
213.994630710,418861099,,instructions,78880151,100.00,1.43,insn per cycle
213.994630710,292568302,,cycles,78883801,100.00,,
214.094824634,3018,,rD044,78467935,100.00,,
214.094824634,2569522,,rFF44,78467285,100.00,,
214.094824634,400577402,,instructions,78466925,100.00,1.38,insn per cycle
214.094824634,290989394,,cycles,78466405,100.00,,
214.195012128,3126,,rD044,82173640,100.00,,
214.195012128,2513644,,rFF44,82169190,100.00,,
214.195012128,416623626,,instructions,82165900,100.00,1.36,insn per cycle
214.195012128,305513788,,cycles,82162770,100.00,,
214.295194092,3084,,rD044,78799498,100.00,,
214.295194092,2513235,,rFF44,78804308,100.00,,
214.295194092,376439394,,instructions,78807388,100.00,1.29,insn per cycle
214.295194092,292287266,,cycles,78810418,100.00,,
214.395383416,2950,,rD044,82635483,100.00,,
214.395383416,2584554,,rFF44,82635613,100.00,,
214.395383416,389673567,,instructions,82635793,100.00,1.27,insn per cycle
214.395383416,307278860,,cycles,82636053,100.00,,
214.495576130,3301,,rD044,80425042,100.00,,
214.495576130,2625469,,rFF44,80420102,100.00,,
214.495576130,368258441,,instructions,80416842,100.00,1.23,insn per cycle
214.495576130,298613493,,cycles,80413552,100.00,,
214.595758414,3110,,rD044,79601275,100.00,,
214.595758414,3049449,,rFF44,79601275,100.00,,
214.595758414,416949692,,instructions,79601275,100.00,1.41,insn per cycle
214.595758414,295461583,,cycles,79607965,100.00,,
214.695964098,3096,,rD044,75415184,100.00,,
214.695964098,3412954,,rFF44,75415184,100.00,,
214.695964098,453934125,,instructions,75415184,100.00,1.63,insn per cycle
214.695964098,279210158,,cycles,75408494,100.00,,
214.796146482,3804,,rD044,75898330,100.00,,
214.796146482,3424505,,rFF44,75902720,100.00,,
214.796146482,454990080,,instructions,75905640,100.00,1.62,insn per cycle
214.796146482,281054054,,cycles,75908590,100.00,,
214.896338496,2533,,rD044,77889696,100.00,,
214.896338496,3759902,,rFF44,77889936,100.00,,
214.896338496,507467986,,instructions,77890166,100.00,1.76,insn per cycle
214.896338496,288847410,,cycles,77890076,100.00,,
214.996530520,2939,,rD044,75869777,100.00,,
214.996530520,3305364,,rFF44,75865147,100.00,,
214.996530520,450349490,,instructions,75861997,100.00,1.60,insn per cycle
214.996530520,280916105,,cycles,75859137,100.00,,
215.096711974,2819,,rD044,76350128,100.00,,
215.096711974,3161753,,rFF44,76354868,100.00,,
215.096711974,460149714,,instructions,76357738,100.00,1.63,insn per cycle
215.096711974,282775292,,cycles,76360808,100.00,,
215.196908378,3024,,rD044,78380382,100.00,,
215.196908378,3442436,,rFF44,78380612,100.00,,
215.196908378,504110714,,instructions,78380972,100.00,1.73,insn per cycle
215.196908378,290660978,,cycles,78380862,100.00,,
215.297101302,1840,,rD044,73756527,100.00,,
215.297101302,3182772,,rFF44,73756317,100.00,,
215.297101302,484949497,,instructions,73756057,100.00,1.78,insn per cycle
215.297101302,272729852,,cycles,73756167,100.00,,
215.397292406,1558,,rD044,73843987,100.00,,
215.397292406,3155077,,rFF44,73844257,100.00,,
215.397292406,488819613,,instructions,73844487,100.00,1.79,insn per cycle
215.397292406,273102834,,cycles,73844557,100.00,,
215.497485310,1402,,rD044,77142335,100.00,,
215.497485310,3401041,,rFF44,77137305,100.00,,
215.497485310,521173084,,instructions,77134105,100.00,1.82,insn per cycle
215.497485310,285947558,,cycles,77130965,100.00,,
215.597666944,1909,,rD044,74803032,100.00,,
215.597666944,3210041,,rFF44,74808002,100.00,,
215.597666944,510718476,,instructions,74811272,100.00,1.85,insn per cycle
215.597666944,276808496,,cycles,74815062,100.00,,
215.697860088,1395,,rD044,73865170,100.00,,
215.697860088,2957700,,rFF44,73866850,100.00,,
215.697860088,478987749,,instructions,73867010,100.00,1.75,insn per cycle
215.697860088,273187092,,cycles,73866280,100.00,,
215.798055102,1397,,rD044,78152391,100.00,,
215.798055102,3048498,,rFF44,78150632,100.00,,
215.798055102,482415781,,instructions,78150632,100.00,1.66,insn per cycle
215.798055102,289885716,,cycles,78150932,100.00,,
215.898247466,1529,,rD044,75803837,100.00,,
215.898247466,2658470,,rFF44,75798946,100.00,,
215.898247466,445664034,,instructions,75795516,100.00,1.59,insn per cycle
215.898247466,280727497,,cycles,75792156,100.00,,
215.998428130,1783,,rD044,76176392,100.00,,
215.998428130,3020410,,rFF44,76181112,100.00,,
215.998428130,471488160,,instructions,76184352,100.00,1.67,insn per cycle
215.998428130,282157305,,cycles,76187792,100.00,,
216.098622854,1608,,rD044,78109799,100.00,,
216.098622854,2919981,,rFF44,78109809,100.00,,
216.098622854,475337506,,instructions,78109479,100.00,1.64,insn per cycle
216.098622854,289688731,,cycles,78109209,100.00,,
216.198828698,1989,,rD044,73908203,100.00,,
216.198828698,2877961,,rFF44,73908453,100.00,,
216.198828698,452963310,,instructions,73908323,100.00,1.66,insn per cycle
216.198828698,273318570,,cycles,73908353,100.00,,
216.299019672,1867,,rD044,74232640,100.00,,
216.299019672,3084589,,rFF44,74232190,100.00,,
216.299019672,515151612,,instructions,74232740,100.00,1.88,insn per cycle
216.299019672,274554712,,cycles,74232890,100.00,,
216.399212556,1981,,rD044,74231393,100.00,,
216.399212556,3103991,,rFF44,74231743,100.00,,
216.399212556,515873101,,instructions,74231383,100.00,1.88,insn per cycle
216.399212556,274568964,,cycles,74231233,100.00,,
216.499403970,2116,,rD044,74209560,100.00,,
216.499403970,3147880,,rFF44,74209470,100.00,,
216.499403970,511343825,,instructions,74209760,100.00,1.86,insn per cycle
216.499403970,274451329,,cycles,74209680,100.00,,
216.599596914,1594,,rD044,77794301,100.00,,
216.599596914,3206410,,rFF44,77789511,100.00,,
216.599596914,504805254,,instructions,77786251,100.00,1.75,insn per cycle
216.599596914,288444674,,cycles,77783131,100.00,,
216.699782278,1560,,rD044,74800677,100.00,,
216.699782278,3182016,,rFF44,74805667,100.00,,
216.699782278,457687305,,instructions,74808727,100.00,1.65,insn per cycle
216.699782278,276744251,,cycles,74811908,100.00,,
216.799986372,1745,,rD044,77038610,100.00,,
216.799986372,3399294,,rFF44,77033620,100.00,,
216.799986372,491323403,,instructions,77030560,100.00,1.72,insn per cycle
216.799986372,285505999,,cycles,77027379,100.00,,
216.900171556,1584,,rD044,75382521,100.00,,
216.900171556,3407899,,rFF44,75387531,100.00,,
216.900171556,513896420,,instructions,75390431,100.00,1.84,insn per cycle
216.900171556,279034465,,cycles,75393111,100.00,,
217.000362410,1806,,rD044,73987312,100.00,,
217.000362410,3361829,,rFF44,73987392,100.00,,
217.000362410,504784767,,instructions,73987192,100.00,1.84,insn per cycle
217.000362410,273621067,,cycles,73987582,100.00,,
217.100555454,1938,,rD044,73952994,100.00,,
217.100555454,3371407,,rFF44,73952684,100.00,,
217.100555454,503028694,,instructions,73953424,100.00,1.84,insn per cycle
217.100555454,273481064,,cycles,73953564,100.00,,
217.200748468,2028,,rD044,74066042,100.00,,
217.200748468,3341932,,rFF44,74066452,100.00,,
217.200748468,502232647,,instructions,74066102,100.00,1.83,insn per cycle
217.200748468,273904433,,cycles,74066322,100.00,,
217.300953032,1568,,rD044,73999616,100.00,,
217.300953032,3348893,,rFF44,73999626,100.00,,
217.300953032,501375964,,instructions,73999826,100.00,1.83,insn per cycle
217.300953032,273696886,,cycles,74000636,100.00,,
217.401149166,2104,,rD044,73904729,100.00,,
217.401149166,3329138,,rFF44,73904609,100.00,,
217.401149166,501336592,,instructions,73904449,100.00,1.83,insn per cycle
217.401149166,273304330,,cycles,73903239,100.00,,
217.501340430,1468,,rD044,74818321,100.00,,
217.501340430,3292482,,rFF44,74813241,100.00,,
217.501340430,498805080,,instructions,74810111,100.00,1.80,insn per cycle
217.501340430,276854140,,cycles,74807081,100.00,,
217.601524514,1852,,rD044,77331576,100.00,,
217.601524514,3707913,,rFF44,77336567,100.00,,
217.601524514,513208988,,instructions,77340147,100.00,1.79,insn per cycle
217.601524514,286691317,,cycles,77343187,100.00,,
217.701718888,1888,,rD044,72184208,100.00,,
217.701718888,3234133,,rFF44,72184087,100.00,,
217.701718888,485289395,,instructions,72183497,100.00,1.82,insn per cycle
217.701718888,266783092,,cycles,72183157,100.00,,
217.801909822,1452,,rD044,75905792,100.00,,
217.801909822,2942149,,rFF44,75900922,100.00,,
217.801909822,476878346,,instructions,75897932,100.00,1.70,insn per cycle
217.801909822,281064508,,cycles,75895232,100.00,,
217.902093666,2016,,rD044,76424052,100.00,,
217.902093666,2950233,,rFF44,76428482,100.00,,
217.902093666,474611590,,instructions,76431302,100.00,1.68,insn per cycle
217.902093666,283114573,,cycles,76434402,100.00,,
218.002284930,1559,,rD044,73800539,100.00,,
218.002284930,3174463,,rFF44,73800549,100.00,,
218.002284930,496542475,,instructions,73800889,100.00,1.82,insn per cycle
218.002284930,272941927,,cycles,73800709,100.00,,
218.102481344,1600,,rD044,77399412,100.00,,
218.102481344,2943658,,rFF44,77394972,100.00,,
218.102481344,512493284,,instructions,77391812,100.00,1.79,insn per cycle
218.102481344,286929281,,cycles,77388892,100.00,,
218.202665068,1942,,rD044,74745419,100.00,,
218.202665068,2916486,,rFF44,74750049,100.00,,
218.202665068,495636646,,instructions,74753719,100.00,1.79,insn per cycle
218.202665068,276563086,,cycles,74756509,100.00,,
218.302857352,1808,,rD044,73806243,100.00,,
218.302857352,2827777,,rFF44,73806313,100.00,,
218.302857352,464335471,,instructions,73805443,100.00,1.70,insn per cycle
218.302857352,272925421,,cycles,73805943,100.00,,
218.403047936,1834,,rD044,78183030,100.00,,
218.403047936,3002530,,rFF44,78183530,100.00,,
218.403047936,481654593,,instructions,78183920,100.00,1.66,insn per cycle
218.403047936,289981833,,cycles,78183810,100.00,,
218.503240450,1811,,rD044,75789897,100.00,,
218.503240450,2972131,,rFF44,75784697,100.00,,
218.503240450,465139239,,instructions,75781507,100.00,1.66,insn per cycle
218.503240450,280649852,,cycles,75778327,100.00,,
218.603424144,1612,,rD044,76499001,100.00,,
218.603424144,3513072,,rFF44,76504191,100.00,,
218.603424144,522979074,,instructions,76507901,100.00,1.85,insn per cycle
218.603424144,283410701,,cycles,76511311,100.00,,
218.703617148,2108,,rD044,74045064,100.00,,
218.703617148,3087348,,rFF44,74044604,100.00,,
218.703617148,481987766,,instructions,74044634,100.00,1.76,insn per cycle
218.703617148,273857517,,cycles,74044324,100.00,,
218.803818032,1467,,rD044,74017875,100.00,,
218.803818032,3091826,,rFF44,74017945,100.00,,
218.803818032,484867093,,instructions,74017895,100.00,1.77,insn per cycle
218.803818032,273743023,,cycles,74018185,100.00,,
218.904007376,1927,,rD044,78322488,100.00,,
218.904007376,3023847,,rFF44,78322518,100.00,,
218.904007376,492218969,,instructions,78321578,100.00,1.69,insn per cycle
218.904007376,290531764,,cycles,78321028,100.00,,
219.004197650,2304,,rD044,74036270,100.00,,
219.004197650,3287724,,rFF44,74036290,100.00,,
219.004197650,508846914,,instructions,74036570,100.00,1.86,insn per cycle
219.004197650,273837646,,cycles,74036690,100.00,,
219.104386854,1686,,rD044,73960425,100.00,,
219.104386854,2868474,,rFF44,73960135,100.00,,
219.104386854,476904067,,instructions,73960135,100.00,1.74,insn per cycle
219.104386854,273561295,,cycles,73960175,100.00,,
219.204578938,1824,,rD044,78382393,100.00,,
219.204578938,3013988,,rFF44,78382563,100.00,,
219.204578938,497190609,,instructions,78382613,100.00,1.71,insn per cycle
219.204578938,290764154,,cycles,78382803,100.00,,
219.304770472,1426,,rD044,74008489,100.00,,
219.304770472,2973126,,rFF44,74008319,100.00,,
219.304770472,470555495,,instructions,74008239,100.00,1.72,insn per cycle
219.304770472,273728501,,cycles,74008259,100.00,,
219.404976276,1493,,rD044,74550492,100.00,,
219.404976276,3199403,,rFF44,74545932,100.00,,
219.404976276,496575586,,instructions,74542932,100.00,1.80,insn per cycle
219.404976276,275833905,,cycles,74539722,100.00,,
219.505159720,1617,,rD044,77337682,100.00,,
219.505159720,3181926,,rFF44,77342502,100.00,,
219.505159720,486490828,,instructions,77346112,100.00,1.70,insn per cycle
219.505159720,286755078,,cycles,77348972,100.00,,
219.605351224,1485,,rD044,74027134,100.00,,
219.605351224,3070606,,rFF44,74026904,100.00,,
219.605351224,477169734,,instructions,74026344,100.00,1.74,insn per cycle
219.605351224,273807109,,cycles,74026964,100.00,,
219.705544648,1366,,rD044,77162143,100.00,,
219.705544648,3267105,,rFF44,77157553,100.00,,
219.705544648,502936438,,instructions,77154503,100.00,1.76,insn per cycle
219.705544648,286034478,,cycles,77151023,100.00,,
219.805726902,1516,,rD044,71962066,100.00,,
219.805726902,2903997,,rFF44,71967356,100.00,,
219.805726902,451166191,,instructions,71970556,100.00,1.70,insn per cycle
219.805726902,265837597,,cycles,71973686,100.00,,
219.905919436,1388,,rD044,77801336,100.00,,
219.905919436,3202800,,rFF44,77800816,100.00,,
219.905919436,490331840,,instructions,77800656,100.00,1.70,insn per cycle
219.905919436,288573905,,cycles,77800656,100.00,,
220.006112800,1261,,rD044,77840314,100.00,,
220.006112800,2590835,,rFF44,77840624,100.00,,
220.006112800,438650658,,instructions,77840564,100.00,1.52,insn per cycle
220.006112800,288723161,,cycles,77840504,100.00,,
220.106308164,1459,,rD044,78062463,100.00,,
220.106308164,2197869,,rFF44,78062223,100.00,,
220.106308164,396374142,,instructions,78062883,100.00,1.37,insn per cycle
220.106308164,289562223,,cycles,78062763,100.00,,
220.206500888,1398,,rD044,78228751,100.00,,
220.206500888,2441327,,rFF44,78228931,100.00,,
220.206500888,400936303,,instructions,78228331,100.00,1.38,insn per cycle
220.206500888,290179653,,cycles,78228671,100.00,,
220.306693533,1372,,rD044,78188211,100.00,,
220.306693533,2653763,,rFF44,78187971,100.00,,
220.306693533,409870228,,instructions,78188171,100.00,1.41,insn per cycle
220.306693533,290030039,,cycles,78188201,100.00,,
220.406884906,1438,,rD044,80481179,100.00,,
220.406884906,2678082,,rFF44,80476399,100.00,,
220.406884906,423853229,,instructions,80473159,100.00,1.42,insn per cycle
220.406884906,298946977,,cycles,80469839,100.00,,
220.507066310,1310,,rD044,80319327,100.00,,
220.507066310,2682518,,rFF44,80324317,100.00,,
220.507066310,421517287,,instructions,80327657,100.00,1.41,insn per cycle
220.507066310,298336161,,cycles,80330637,100.00,,
220.607257344,1745,,rD044,78331909,100.00,,
220.607257344,2732492,,rFF44,78331719,100.00,,
220.607257344,433123110,,instructions,78331239,100.00,1.49,insn per cycle
220.607257344,290572590,,cycles,78331439,100.00,,
220.707449488,1448,,rD044,78166271,100.00,,
220.707449488,2676477,,rFF44,78166271,100.00,,
220.707449488,429155027,,instructions,78166371,100.00,1.48,insn per cycle
220.707449488,289956752,,cycles,78166221,100.00,,
220.807640353,1460,,rD044,78285055,100.00,,
220.807640353,2672842,,rFF44,78284905,100.00,,
220.807640353,429769831,,instructions,78285555,100.00,1.48,insn per cycle
220.807640353,290392378,,cycles,78285865,100.00,,
220.907834476,1406,,rD044,78257550,100.00,,
220.907834476,2611758,,rFF44,78257970,100.00,,
220.907834476,421393609,,instructions,78257250,100.00,1.45,insn per cycle
220.907834476,290271891,,cycles,78257080,100.00,,
221.008025241,1510,,rD044,78277150,100.00,,
221.008025241,2246638,,rFF44,78276840,100.00,,
221.008025241,382935434,,instructions,78277430,100.00,1.32,insn per cycle
221.008025241,290361731,,cycles,78277010,100.00,,
221.108216295,1648,,rD044,82585292,100.00,,
221.108216295,2332285,,rFF44,82585472,100.00,,
221.108216295,405969966,,instructions,82585062,100.00,1.32,insn per cycle
221.108216295,307162607,,cycles,82585452,100.00,,
221.208408809,1311,,rD044,78128439,100.00,,
221.208408809,2217664,,rFF44,78128289,100.00,,
221.208408809,380875540,,instructions,78128539,100.00,1.31,insn per cycle
221.208408809,289818244,,cycles,78128509,100.00,,
221.308593003,1323,,rD044,81877572,100.00,,
221.308593003,2281244,,rFF44,81872782,100.00,,
221.308593003,405060083,,instructions,81869462,100.00,1.33,insn per cycle
221.308593003,304401942,,cycles,81866352,100.00,,
221.408774506,1338,,rD044,79030240,100.00,,
221.408774506,2250157,,rFF44,79035220,100.00,,
221.408774506,388915535,,instructions,79038480,100.00,1.33,insn per cycle
221.408774506,293281186,,cycles,79041600,100.00,,
221.508980011,2292,,rD044,78286492,100.00,,
221.508980011,2661151,,rFF44,78286242,100.00,,
221.508980011,429870223,,instructions,78286682,100.00,1.48,insn per cycle
221.508980011,290406353,,cycles,78286352,100.00,,
221.609170375,1299,,rD044,78145955,100.00,,
221.609170375,2969234,,rFF44,78146035,100.00,,
221.609170375,465962291,,instructions,78145555,100.00,1.61,insn per cycle
221.609170375,289885719,,cycles,78145965,100.00,,
221.709361609,1357,,rD044,75680274,100.00,,
221.709361609,2885270,,rFF44,75675464,100.00,,
221.709361609,448261549,,instructions,75672244,100.00,1.60,insn per cycle
221.709361609,280262295,,cycles,75669044,100.00,,
221.809550813,1369,,rD044,76204798,100.00,,
221.809550813,2900505,,rFF44,76209448,100.00,,
221.809550813,453258273,,instructions,76212588,100.00,1.61,insn per cycle
221.809550813,282333683,,cycles,76215808,100.00,,
221.909744617,1379,,rD044,78357968,100.00,,
221.909744617,2964567,,rFF44,78358598,100.00,,
221.909744617,465083864,,instructions,78358598,100.00,1.60,insn per cycle
221.909744617,290662251,,cycles,78358628,100.00,,
222.009951211,1308,,rD044,77917921,100.00,,
222.009951211,2989155,,rFF44,77912641,100.00,,
222.009951211,467853784,,instructions,77909501,100.00,1.62,insn per cycle
222.009951211,288978887,,cycles,77906251,100.00,,
222.110132905,1637,,rD044,73999008,100.00,,
222.110132905,2876999,,rFF44,74003908,100.00,,
222.110132905,440943810,,instructions,74007428,100.00,1.61,insn per cycle
222.110132905,273739280,,cycles,74010758,100.00,,
222.210324559,1831,,rD044,78215995,100.00,,
222.210324559,3008839,,rFF44,78215425,100.00,,
222.210324559,469852743,,instructions,78215705,100.00,1.62,insn per cycle
222.210324559,290146192,,cycles,78215085,100.00,,
222.310518633,1347,,rD044,78120808,100.00,,
222.310518633,3004093,,rFF44,78121368,100.00,,
222.310518633,470078966,,instructions,78120908,100.00,1.62,insn per cycle
222.310518633,289774694,,cycles,78121338,100.00,,
222.410711637,1384,,rD044,78220506,100.00,,
222.410711637,2538921,,rFF44,78220396,100.00,,
222.410711637,421711242,,instructions,78220276,100.00,1.45,insn per cycle
222.410711637,290163595,,cycles,78220286,100.00,,
222.510903021,1811,,rD044,78191106,100.00,,
222.510903021,2112295,,rFF44,78191076,100.00,,
222.510903021,381231215,,instructions,78190836,100.00,1.31,insn per cycle
222.510903021,290020941,,cycles,78190736,100.00,,
222.611095565,1392,,rD044,82627550,100.00,,
222.611095565,2197827,,rFF44,82627840,100.00,,
222.611095565,404849270,,instructions,82628200,100.00,1.32,insn per cycle
222.611095565,307284737,,cycles,82628260,100.00,,
222.711289259,1846,,rD044,78118558,100.00,,
222.711289259,2153239,,rFF44,78118448,100.00,,
222.711289259,382233661,,instructions,78118238,100.00,1.32,insn per cycle
222.711289259,289748528,,cycles,78118538,100.00,,
222.811484723,1142,,rD044,80972308,100.00,,
222.811484723,2182346,,rFF44,80972528,100.00,,
222.811484723,400429181,,instructions,80972628,100.00,1.33,insn per cycle
222.811484723,300991952,,cycles,80972328,100.00,,
222.911678027,1718,,rD044,77822005,100.00,,
222.911678027,2262213,,rFF44,77821845,100.00,,
222.911678027,391755582,,instructions,77822305,100.00,1.36,insn per cycle
222.911678027,288616551,,cycles,77822275,100.00,,
223.011870121,1605,,rD044,78142711,100.00,,
223.011870121,2788576,,rFF44,78142711,100.00,,
223.011870121,442655876,,instructions,78142681,100.00,1.53,insn per cycle
223.011870121,289825889,,cycles,78142611,100.00,,
223.112062285,1679,,rD044,78160262,100.00,,
223.112062285,2779067,,rFF44,78160122,100.00,,
223.112062285,442716513,,instructions,78159252,100.00,1.53,insn per cycle
223.112062285,289895492,,cycles,78159462,100.00,,
223.212255809,1853,,rD044,78149133,100.00,,
223.212255809,2791180,,rFF44,78149013,100.00,,
223.212255809,442849592,,instructions,78149503,100.00,1.53,insn per cycle
223.212255809,289842448,,cycles,78149293,100.00,,
223.312447973,1447,,rD044,77410396,100.00,,
223.312447973,2804654,,rFF44,77405666,100.00,,
223.312447973,439424161,,instructions,77402386,100.00,1.53,insn per cycle
223.312447973,287042065,,cycles,77399376,100.00,,
223.412632347,1627,,rD044,76526199,100.00,,
223.412632347,2781920,,rFF44,76526199,100.00,,
223.412632347,431735297,,instructions,76526199,100.00,1.52,insn per cycle
223.412632347,283562463,,cycles,76526199,100.00,,
223.512823561,1582,,rD044,76569514,100.00,,
223.512823561,2771985,,rFF44,76569514,100.00,,
223.512823561,431881783,,instructions,76569514,100.00,1.52,insn per cycle
223.512823561,283679961,,cycles,76569514,100.00,,
223.613006785,1652,,rD044,77117851,100.00,,
223.613006785,2776977,,rFF44,77122801,100.00,,
223.613006785,434613185,,instructions,77125841,100.00,1.52,insn per cycle
223.613006785,285866824,,cycles,77128801,100.00,,
223.713200109,1232,,rD044,81883302,100.00,,
223.713200109,2493993,,rFF44,81878352,100.00,,
223.713200109,427257344,,instructions,81875312,100.00,1.40,insn per cycle
223.713200109,304441927,,cycles,81872352,100.00,,
223.813385213,1798,,rD044,78952300,100.00,,
223.813385213,2126622,,rFF44,78957220,100.00,,
223.813385213,382254488,,instructions,78960290,100.00,1.30,insn per cycle
223.813385213,292920652,,cycles,78964060,100.00,,
223.913581617,1322,,rD044,80944365,100.00,,
223.913581617,2153827,,rFF44,80939445,100.00,,
223.913581617,393792239,,instructions,80936375,100.00,1.31,insn per cycle
223.913581617,300747986,,cycles,80932605,100.00,,
224.013764281,1722,,rD044,79733606,100.00,,
224.013764281,2153667,,rFF44,79738376,100.00,,
224.013764281,395535154,,instructions,79741626,100.00,1.34,insn per cycle
224.013764281,296014604,,cycles,79744786,100.00,,
224.113970785,2036,,rD044,78327535,100.00,,
224.113970785,2127870,,rFF44,78327595,100.00,,
224.113970785,387279442,,instructions,78328875,100.00,1.33,insn per cycle
224.113970785,290533747,,cycles,78329125,100.00,,
224.214157269,1917,,rD044,82449361,100.00,,
224.214157269,2381478,,rFF44,82444531,100.00,,
224.214157269,423516853,,instructions,82440001,100.00,1.38,insn per cycle
224.214157269,306604414,,cycles,82436591,100.00,,
224.314340253,1559,,rD044,76731242,100.00,,
224.314340253,2716097,,rFF44,76731242,100.00,,
224.314340253,431410836,,instructions,76731242,100.00,1.52,insn per cycle
224.314340253,284342679,,cycles,76731242,100.00,,
224.414521527,2126,,rD044,76639440,100.00,,
224.414521527,2701488,,rFF44,76639440,100.00,,
224.414521527,431640127,,instructions,76639440,100.00,1.52,insn per cycle
224.414521527,283926650,,cycles,76639440,100.00,,
224.514705141,1785,,rD044,76935593,100.00,,
224.514705141,2721828,,rFF44,76940043,100.00,,
224.514705141,432947710,,instructions,76943223,100.00,1.52,insn per cycle
224.514705141,285119696,,cycles,76946213,100.00,,
224.614895045,1734,,rD044,78340630,100.00,,
224.614895045,2792545,,rFF44,78341140,100.00,,
224.614895045,443991228,,instructions,78341170,100.00,1.53,insn per cycle
224.614895045,290586363,,cycles,78341350,100.00,,
224.715088839,1867,,rD044,78097535,100.00,,
224.715088839,2802598,,rFF44,78097175,100.00,,
224.715088839,443216675,,instructions,78097165,100.00,1.53,insn per cycle
224.715088839,289656024,,cycles,78097085,100.00,,
224.815281793,1733,,rD044,78099259,100.00,,
224.815281793,2770803,,rFF44,78099419,100.00,,
224.815281793,443705879,,instructions,78099219,100.00,1.53,insn per cycle
224.815281793,289660162,,cycles,78098959,100.00,,
224.915473267,1629,,rD044,75114914,100.00,,
224.915473267,2697862,,rFF44,75115184,100.00,,
224.915473267,422926772,,instructions,75115254,100.00,1.52,insn per cycle
224.915473267,278141536,,cycles,75115834,100.00,,
225.015667111,1643,,rD044,77865357,100.00,,
225.015667111,2472649,,rFF44,77865277,100.00,,
225.015667111,411558316,,instructions,77865487,100.00,1.43,insn per cycle
225.015667111,288804582,,cycles,77865047,100.00,,
225.115859285,1749,,rD044,81701771,100.00,,
225.115859285,2206201,,rFF44,81696821,100.00,,
225.115859285,406111936,,instructions,81693541,100.00,1.34,insn per cycle
225.115859285,303764852,,cycles,81690571,100.00,,
225.216042759,1696,,rD044,78334675,100.00,,
225.216042759,2144707,,rFF44,78338755,100.00,,
225.216042759,386927127,,instructions,78341965,100.00,1.33,insn per cycle
225.216042759,290601649,,cycles,78345425,100.00,,
225.316234023,1421,,rD044,78207381,100.00,,
225.316234023,2180896,,rFF44,78207901,100.00,,
225.316234023,386391641,,instructions,78207711,100.00,1.33,insn per cycle
225.316234023,290063631,,cycles,78207381,100.00,,
225.416424237,1564,,rD044,81918072,100.00,,
225.416424237,2267019,,rFF44,81913472,100.00,,
225.416424237,408367277,,instructions,81910452,100.00,1.34,insn per cycle
225.416424237,304539464,,cycles,81907322,100.00,,
225.516607021,1298,,rD044,78704625,100.00,,
225.516607021,2522681,,rFF44,78709725,100.00,,
225.516607021,425250774,,instructions,78712775,100.00,1.46,insn per cycle
225.516607021,292037579,,cycles,78715745,100.00,,
225.616796625,1983,,rD044,71115957,100.00,,
225.616796625,3556742,,rFF44,71110857,100.00,,
225.616796625,519528098,,instructions,71107807,100.00,1.98,insn per cycle
225.616796625,262470830,,cycles,71104837,100.00,,
225.716989559,2143,,rD044,72053131,100.00,,
225.716989559,3593501,,rFF44,72058201,100.00,,
225.716989559,524871673,,instructions,72061501,100.00,1.97,insn per cycle
225.716989559,266132876,,cycles,72064691,100.00,,
225.817181873,2042,,rD044,73907457,100.00,,
225.817181873,3678363,,rFF44,73907517,100.00,,
225.817181873,541934291,,instructions,73907757,100.00,1.98,insn per cycle
225.817181873,273341360,,cycles,73907727,100.00,,
225.917374137,1788,,rD044,73697193,100.00,,
225.917374137,3686803,,rFF44,73697033,100.00,,
225.917374137,540164055,,instructions,73696673,100.00,1.98,insn per cycle
225.917374137,272550834,,cycles,73696783,100.00,,
226.017565991,2210,,rD044,73840631,100.00,,
226.017565991,3670410,,rFF44,73840991,100.00,,
226.017565991,538359597,,instructions,73841021,100.00,1.97,insn per cycle
226.017565991,273092947,,cycles,73840921,100.00,,
226.117757485,1811,,rD044,72781702,100.00,,
226.117757485,3615767,,rFF44,72776372,100.00,,
226.117757485,529860646,,instructions,72773162,100.00,1.97,insn per cycle
226.117757485,268954689,,cycles,72769992,100.00,,
226.217958629,1791,,rD044,71620784,100.00,,
226.217958629,3587580,,rFF44,71620784,100.00,,
226.217958629,519063736,,instructions,71620784,100.00,1.96,insn per cycle
226.217958629,264401879,,cycles,71620784,100.00,,
226.318142203,1370,,rD044,72288906,100.00,,
226.318142203,3620572,,rFF44,72293716,100.00,,
226.318142203,524024453,,instructions,72297026,100.00,1.96,insn per cycle
226.318142203,267111144,,cycles,72299826,100.00,,
226.418334737,1634,,rD044,73788647,100.00,,
226.418334737,3772018,,rFF44,73788507,100.00,,
226.418334737,546995811,,instructions,73788207,100.00,2.00,insn per cycle
226.418334737,272890578,,cycles,73788467,100.00,,
226.518529171,1963,,rD044,73830170,100.00,,
226.518529171,3770889,,rFF44,73830360,100.00,,
226.518529171,546780217,,instructions,73830440,100.00,2.00,insn per cycle
226.518529171,273052535,,cycles,73830310,100.00,,
226.618721585,1746,,rD044,73484729,100.00,,
226.618721585,3747785,,rFF44,73479869,100.00,,
226.618721585,545981809,,instructions,73476779,100.00,2.01,insn per cycle
226.618721585,271700394,,cycles,73473849,100.00,,
226.718902399,1696,,rD044,70697401,100.00,,
226.718902399,3632458,,rFF44,70697401,100.00,,
226.718902399,520024241,,instructions,70697401,100.00,1.99,insn per cycle
226.718902399,260826932,,cycles,70704451,100.00,,
226.819093063,1464,,rD044,72919222,100.00,,
226.819093063,3740365,,rFF44,72924242,100.00,,
226.819093063,539880250,,instructions,72927452,100.00,2.00,insn per cycle
226.819093063,269508054,,cycles,72923432,100.00,,
226.919286907,1402,,rD044,73999302,100.00,,
226.919286907,3774599,,rFF44,73998952,100.00,,
226.919286907,547305105,,instructions,73999112,100.00,2.00,insn per cycle
226.919286907,273685228,,cycles,73999292,100.00,,
227.019478611,1495,,rD044,73948673,100.00,,
227.019478611,3792597,,rFF44,73949163,100.00,,
227.019478611,546102553,,instructions,73948883,100.00,2.00,insn per cycle
227.019478611,273499474,,cycles,73948623,100.00,,
227.119673465,1583,,rD044,73970271,100.00,,
227.119673465,3570675,,rFF44,73969871,100.00,,
227.119673465,518298878,,instructions,73969451,100.00,1.89,insn per cycle
227.119673465,273536853,,cycles,73969851,100.00,,
227.219870599,1424,,rD044,78378105,100.00,,
227.219870599,2691401,,rFF44,78378135,100.00,,
227.219870599,425172417,,instructions,78378235,100.00,1.46,insn per cycle
227.219870599,290698278,,cycles,78378025,100.00,,
227.320061253,1307,,rD044,78329251,100.00,,
227.320061253,2680861,,rFF44,78329091,100.00,,
227.320061253,425265338,,instructions,78329551,100.00,1.46,insn per cycle
227.320061253,290558317,,cycles,78329451,100.00,,
227.420253567,1930,,rD044,78439397,100.00,,
227.420253567,2469177,,rFF44,78439487,100.00,,
227.420253567,408805929,,instructions,78439417,100.00,1.41,insn per cycle
227.420253567,290961888,,cycles,78439957,100.00,,
227.520446511,1468,,rD044,82761323,100.00,,
227.520446511,2272677,,rFF44,82761403,100.00,,
227.520446511,415580036,,instructions,82761473,100.00,1.35,insn per cycle
227.520446511,307798372,,cycles,82760993,100.00,,
227.620637725,1820,,rD044,78427063,100.00,,
227.620637725,2499589,,rFF44,78427253,100.00,,
227.620637725,418550498,,instructions,78427363,100.00,1.44,insn per cycle
227.620637725,290875927,,cycles,78427073,100.00,,
227.720830669,1600,,rD044,78238402,100.00,,
227.720830669,2816759,,rFF44,78233412,100.00,,
227.720830669,449857740,,instructions,78230072,100.00,1.55,insn per cycle
227.720830669,290152638,,cycles,78227262,100.00,,
227.821015493,1556,,rD044,75307677,100.00,,
227.821015493,2740949,,rFF44,75307677,100.00,,
227.821015493,431221548,,instructions,75307677,100.00,1.55,insn per cycle
227.821015493,278755762,,cycles,75307677,100.00,,
227.921200157,1640,,rD044,76030477,100.00,,
227.921200157,2724803,,rFF44,76035877,100.00,,
227.921200157,432558077,,instructions,76039067,100.00,1.54,insn per cycle
227.921200157,281777290,,cycles,76042537,100.00,,
228.021393731,1760,,rD044,78498338,100.00,,
228.021393731,2866999,,rFF44,78498448,100.00,,
228.021393731,460812390,,instructions,78498488,100.00,1.58,insn per cycle
228.021393731,291201904,,cycles,78497968,100.00,,
228.121586435,1388,,rD044,78274885,100.00,,
228.121586435,2866309,,rFF44,78274635,100.00,,
228.121586435,460560005,,instructions,78274575,100.00,1.59,insn per cycle
228.121586435,290362015,,cycles,78274995,100.00,,
228.221778239,1829,,rD044,77173237,100.00,,
228.221778239,2814096,,rFF44,77167977,100.00,,
228.221778239,452560983,,instructions,77164807,100.00,1.58,insn per cycle
228.221778239,286095742,,cycles,77161437,100.00,,
228.321974163,1764,,rD044,79389783,100.00,,
228.321974163,2298909,,rFF44,79394383,100.00,,
228.321974163,410197395,,instructions,79397443,100.00,1.39,insn per cycle
228.321974163,294672848,,cycles,79400553,100.00,,
228.422166977,1354,,rD044,78430701,100.00,,
228.422166977,2127237,,rFF44,78431061,100.00,,
228.422166977,393523456,,instructions,78431171,100.00,1.35,insn per cycle
228.422166977,290951186,,cycles,78431231,100.00,,
228.522359811,1390,,rD044,78227746,100.00,,
228.522359811,2151078,,rFF44,78227696,100.00,,
228.522359811,392141000,,instructions,78227667,100.00,1.35,insn per cycle
228.522359811,290179139,,cycles,78227847,100.00,,
228.622554585,1382,,rD044,80424055,100.00,,
228.622554585,2212498,,rFF44,80419145,100.00,,
228.622554585,406076825,,instructions,80416004,100.00,1.36,insn per cycle
228.622554585,298717050,,cycles,80412654,100.00,,
228.722739219,1682,,rD044,77892867,100.00,,
228.722739219,2497483,,rFF44,77892867,100.00,,
228.722739219,423483244,,instructions,77892867,100.00,1.47,insn per cycle
228.722739219,288851183,,cycles,77892867,100.00,,
228.822920543,1726,,rD044,76467883,100.00,,
228.822920543,2834851,,rFF44,76472673,100.00,,
228.822920543,451751627,,instructions,76475473,100.00,1.59,insn per cycle
228.822920543,283339141,,cycles,76478873,100.00,,
228.923112577,1382,,rD044,78260370,100.00,,
228.923112577,2882040,,rFF44,78260270,100.00,,
228.923112577,462960146,,instructions,78261060,100.00,1.59,insn per cycle
228.923112577,290264503,,cycles,78260880,100.00,,
229.023306301,1596,,rD044,76913467,100.00,,
229.023306301,2832835,,rFF44,76908777,100.00,,
229.023306301,447730253,,instructions,76905187,100.00,1.57,insn per cycle
229.023306301,285030679,,cycles,76901967,100.00,,
229.123489835,1666,,rD044,75200398,100.00,,
229.123489835,2800351,,rFF44,75205048,100.00,,
229.123489835,442981983,,instructions,75207678,100.00,1.59,insn per cycle
229.123489835,278332540,,cycles,75210908,100.00,,
229.223678739,1517,,rD044,78372261,100.00,,
229.223678739,2881945,,rFF44,78372091,100.00,,
229.223678739,464599207,,instructions,78372581,100.00,1.60,insn per cycle
229.223678739,290693483,,cycles,78372771,100.00,,
229.323872703,1983,,rD044,78228380,100.00,,
229.323872703,2929136,,rFF44,78229070,100.00,,
229.323872703,435205616,,instructions,78229110,100.00,1.50,insn per cycle
229.323872703,290113672,,cycles,78228640,100.00,,
229.424068597,2324,,rD044,82312991,100.00,,
229.424068597,2417475,,rFF44,82307821,100.00,,
229.424068597,395786338,,instructions,82304661,100.00,1.29,insn per cycle
229.424068597,305987085,,cycles,82301711,100.00,,
229.524254921,2541,,rD044,83017895,100.00,,
229.524254921,2987628,,rFF44,83022815,100.00,,
229.524254921,381851108,,instructions,83026255,100.00,1.24,insn per cycle
229.524254921,308718188,,cycles,83029685,100.00,,
229.624449305,2200,,rD044,80949705,100.00,,
229.624449305,2374576,,rFF44,80949295,100.00,,
229.624449305,390388102,,instructions,80948636,100.00,1.30,insn per cycle
229.624449305,300712103,,cycles,80949196,100.00,,
229.724642959,2036,,rD044,79868634,100.00,,
229.724642959,2358932,,rFF44,79868914,100.00,,
229.724642959,386746540,,instructions,79869193,100.00,1.30,insn per cycle
229.724642959,296445497,,cycles,79868633,100.00,,
229.824835333,1880,,rD044,81105088,100.00,,
229.824835333,2724188,,rFF44,81100298,100.00,,
229.824835333,426727472,,instructions,81097238,100.00,1.42,insn per cycle
229.824835333,301326375,,cycles,81093808,100.00,,
229.925021317,2054,,rD044,79279722,100.00,,
229.925021317,3053002,,rFF44,79279722,100.00,,
229.925021317,447015732,,instructions,79279722,100.00,1.52,insn per cycle
229.925021317,294198934,,cycles,79279722,100.00,,
230.025205281,2359,,rD044,75095349,100.00,,
230.025205281,2899286,,rFF44,75100469,100.00,,
230.025205281,420536365,,instructions,75103519,100.00,1.51,insn per cycle
230.025205281,277929915,,cycles,75106529,100.00,,
230.125399545,1620,,rD044,77704263,100.00,,
230.125399545,2975563,,rFF44,77704323,100.00,,
230.125399545,431029356,,instructions,77704483,100.00,1.50,insn per cycle
230.125399545,288160330,,cycles,77704933,100.00,,
230.225594129,2214,,rD044,77974951,100.00,,
230.225594129,3017673,,rFF44,77974471,100.00,,
230.225594129,436894708,,instructions,77974401,100.00,1.51,insn per cycle
230.225594129,289139734,,cycles,77974291,100.00,,
230.325787293,2063,,rD044,77885454,100.00,,
230.325787293,3011773,,rFF44,77885274,100.00,,
230.325787293,436203090,,instructions,77885234,100.00,1.51,insn per cycle
230.325787293,288869524,,cycles,77902654,100.00,,
230.425994727,2310,,rD044,78330509,100.00,,
230.425994727,3030101,,rFF44,78330779,100.00,,
230.425994727,438379580,,instructions,78330749,100.00,1.51,insn per cycle
230.425994727,290452309,,cycles,78313309,100.00,,
230.526188521,1880,,rD044,82678582,100.00,,
230.526188521,2539977,,rFF44,82679182,100.00,,
230.526188521,404529275,,instructions,82679162,100.00,1.32,insn per cycle
230.526188521,307402709,,cycles,82678982,100.00,,
230.626382295,2218,,rD044,82675705,100.00,,
230.626382295,2436583,,rFF44,82675195,100.00,,
230.626382295,394425035,,instructions,82675565,100.00,1.28,insn per cycle
230.626382295,307409437,,cycles,82675905,100.00,,
230.726575139,2004,,rD044,79757252,100.00,,
230.726575139,2392072,,rFF44,79752372,100.00,,
230.726575139,379532969,,instructions,79748952,100.00,1.28,insn per cycle
230.726575139,296000268,,cycles,79745462,100.00,,
230.826765114,1936,,rD044,81032869,100.00,,
230.826765114,2422827,,rFF44,81037749,100.00,,
230.826765114,388601627,,instructions,81041069,100.00,1.29,insn per cycle
230.826765114,301014099,,cycles,81044369,100.00,,
230.926973798,1951,,rD044,78843721,100.00,,
230.926973798,2900171,,rFF44,78838841,100.00,,
230.926973798,429643389,,instructions,78835521,100.00,1.47,insn per cycle
230.926973798,292469355,,cycles,78832221,100.00,,
231.027155392,1700,,rD044,77696115,100.00,,
231.027155392,3526224,,rFF44,77701395,100.00,,
231.027155392,487620031,,instructions,77704315,100.00,1.69,insn per cycle
231.027155392,288052203,,cycles,77707465,100.00,,
231.127349886,2499,,rD044,78299363,100.00,,
231.127349886,3528795,,rFF44,78299173,100.00,,
231.127349886,491250730,,instructions,78299503,100.00,1.69,insn per cycle
231.127349886,290384647,,cycles,78299303,100.00,,
231.227542540,3041,,rD044,73973482,100.00,,
231.227542540,3368134,,rFF44,73973262,100.00,,
231.227542540,461011867,,instructions,73973192,100.00,1.69,insn per cycle
231.227542540,273476685,,cycles,73973422,100.00,,
231.327734714,1804,,rD044,78312890,100.00,,
231.327734714,3521331,,rFF44,78312830,100.00,,
231.327734714,489990854,,instructions,78312840,100.00,1.69,insn per cycle
231.327734714,290413391,,cycles,78313070,100.00,,
231.427942788,2391,,rD044,78311969,100.00,,
231.427942788,3922888,,rFF44,78311879,100.00,,
231.427942788,481551528,,instructions,78311659,100.00,1.66,insn per cycle
231.427942788,290429413,,cycles,78311529,100.00,,
231.528135742,1790,,rD044,78246862,100.00,,
231.528135742,3625755,,rFF44,78246712,100.00,,
231.528135742,494188361,,instructions,78246842,100.00,1.70,insn per cycle
231.528135742,290203576,,cycles,78246832,100.00,,
231.628328776,1614,,rD044,73862509,100.00,,
231.628328776,3430906,,rFF44,73862499,100.00,,
231.628328776,462398334,,instructions,73862359,100.00,1.69,insn per cycle
231.628328776,273105641,,cycles,73862389,100.00,,
231.728520420,1653,,rD044,78232404,100.00,,
231.728520420,3602284,,rFF44,78232734,100.00,,
231.728520420,494194564,,instructions,78233494,100.00,1.70,insn per cycle
231.728520420,290154882,,cycles,78233384,100.00,,
231.828714014,2154,,rD044,75251515,100.00,,
231.828714014,3517717,,rFF44,75246625,100.00,,
231.828714014,472871945,,instructions,75242905,100.00,1.70,insn per cycle
231.828714014,278454885,,cycles,75239715,100.00,,
231.928898798,1657,,rD044,81447689,100.00,,
231.928898798,2987881,,rFF44,81452309,100.00,,
231.928898798,437293514,,instructions,81455389,100.00,1.44,insn per cycle
231.928898798,302661865,,cycles,81458519,100.00,,
232.029092032,2611,,rD044,78420651,100.00,,
232.029092032,2883786,,rFF44,78421101,100.00,,
232.029092032,417091946,,instructions,78421521,100.00,1.43,insn per cycle
232.029092032,290842448,,cycles,78421141,100.00,,
232.129284276,2150,,rD044,80202484,100.00,,
232.129284276,2656160,,rFF44,80197414,100.00,,
232.129284276,404260800,,instructions,80193914,100.00,1.36,insn per cycle
232.129284276,297773377,,cycles,80191164,100.00,,
232.229469350,2001,,rD044,80768451,100.00,,
232.229469350,2526171,,rFF44,80773551,100.00,,
232.229469350,397721054,,instructions,80776981,100.00,1.33,insn per cycle
232.229469350,299991766,,cycles,80780251,100.00,,
232.329662694,1939,,rD044,78340898,100.00,,
232.329662694,2566430,,rFF44,78340098,100.00,,
232.329662694,384880449,,instructions,78339978,100.00,1.32,insn per cycle
232.329662694,290524117,,cycles,78340238,100.00,,
232.429855098,1918,,rD044,82761335,100.00,,
232.429855098,2838914,,rFF44,82761865,100.00,,
232.429855098,416031804,,instructions,82761855,100.00,1.35,insn per cycle
232.429855098,307741797,,cycles,82761765,100.00,,
232.530049782,1835,,rD044,78566899,100.00,,
232.530049782,2729959,,rFF44,78567049,100.00,,
232.530049782,390788202,,instructions,78566759,100.00,1.34,insn per cycle
232.530049782,291359312,,cycles,78566389,100.00,,
232.630241406,1821,,rD044,82620762,100.00,,
232.630241406,2838778,,rFF44,82615782,100.00,,
232.630241406,415089173,,instructions,82612772,100.00,1.35,insn per cycle
232.630241406,307163249,,cycles,82609702,100.00,,
232.730425210,2610,,rD044,78677365,100.00,,
232.730425210,2804800,,rFF44,78682885,100.00,,
232.730425210,405554195,,instructions,78686555,100.00,1.39,insn per cycle
232.730425210,291830960,,cycles,78689775,100.00,,
232.830619764,2300,,rD044,78602769,100.00,,
232.830619764,2790820,,rFF44,78601829,100.00,,
232.830619764,412065393,,instructions,78601209,100.00,1.41,insn per cycle
232.830619764,291486630,,cycles,78601739,100.00,,
232.930826548,1628,,rD044,78473365,100.00,,
232.930826548,2774011,,rFF44,78473715,100.00,,
232.930826548,412719264,,instructions,78473805,100.00,1.42,insn per cycle
232.930826548,291037509,,cycles,78473365,100.00,,
233.031019992,1807,,rD044,78502462,100.00,,
233.031019992,2790912,,rFF44,78502332,100.00,,
233.031019992,412048695,,instructions,78502202,100.00,1.42,insn per cycle
233.031019992,291123192,,cycles,78503682,100.00,,
233.131215216,2406,,rD044,82847634,100.00,,
233.131215216,2995883,,rFF44,82847474,100.00,,
233.131215216,419404731,,instructions,82847504,100.00,1.36,insn per cycle
233.131215216,308053970,,cycles,82846304,100.00,,
233.231408340,2322,,rD044,78465782,100.00,,
233.231408340,2351474,,rFF44,78466402,100.00,,
233.231408340,377162343,,instructions,78467092,100.00,1.30,insn per cycle
233.231408340,290995252,,cycles,78467152,100.00,,
233.331601504,1969,,rD044,82395413,100.00,,
233.331601504,2416886,,rFF44,82395213,100.00,,
233.331601504,398113676,,instructions,82394413,100.00,1.30,insn per cycle
233.331601504,306353125,,cycles,82394523,100.00,,
233.431794258,2440,,rD044,78459950,100.00,,
233.431794258,2345837,,rFF44,78473000,100.00,,
233.431794258,383428638,,instructions,78472930,100.00,1.32,insn per cycle
233.431794258,291005885,,cycles,78472360,100.00,,
233.532000103,2261,,rD044,80994506,100.00,,
233.532000103,2359264,,rFF44,80976396,100.00,,
233.532000103,396913715,,instructions,80973536,100.00,1.32,insn per cycle
233.532000103,300777609,,cycles,80970346,100.00,,
233.632182937,2328,,rD044,80241717,100.00,,
233.632182937,2378751,,rFF44,80246437,100.00,,
233.632182937,391566844,,instructions,80249677,100.00,1.31,insn per cycle
233.632182937,297905653,,cycles,80252877,100.00,,
233.732374930,1970,,rD044,78541218,100.00,,
233.732374930,2346864,,rFF44,78541278,100.00,,
233.732374930,376621340,,instructions,78541338,100.00,1.29,insn per cycle
233.732374930,291266596,,cycles,78540958,100.00,,
233.832568535,1800,,rD044,82511705,100.00,,
233.832568535,2397328,,rFF44,82511405,100.00,,
233.832568535,398956214,,instructions,82511235,100.00,1.30,insn per cycle
233.832568535,306787603,,cycles,82511495,100.00,,
233.932760309,2663,,rD044,78392560,100.00,,
233.932760309,2386147,,rFF44,78393170,100.00,,
233.932760309,377478817,,instructions,78393240,100.00,1.30,insn per cycle
233.932760309,290719035,,cycles,78393051,100.00,,
234.032966223,2970,,rD044,81150468,100.00,,
234.032966223,2368564,,rFF44,81145378,100.00,,
234.032966223,390479029,,instructions,81142178,100.00,1.30,insn per cycle
234.032966223,301477151,,cycles,81139287,100.00,,
234.133148697,3175,,rD044,80087055,100.00,,
234.133148697,2320716,,rFF44,80092075,100.00,,
234.133148697,384607597,,instructions,80095195,100.00,1.29,insn per cycle
234.133148697,297295790,,cycles,80098575,100.00,,
234.233339201,3330,,rD044,78320336,100.00,,
234.233339201,2373545,,rFF44,78320096,100.00,,
234.233339201,380412243,,instructions,78320326,100.00,1.31,insn per cycle
234.233339201,290452596,,cycles,78320186,100.00,,
234.333529425,17362,,rD044,82024623,100.00,,
234.333529425,2401753,,rFF44,82019843,100.00,,
234.333529425,399956044,,instructions,82016493,100.00,1.31,insn per cycle
234.333529425,304890497,,cycles,82013253,100.00,,
234.433711179,65654,,rD044,79153369,100.00,,
234.433711179,2353209,,rFF44,79158289,100.00,,
234.433711179,382449638,,instructions,79161639,100.00,1.30,insn per cycle
234.433711179,293672088,,cycles,79165029,100.00,,
234.533901552,77889,,rD044,78368208,100.00,,
234.533901552,2345005,,rFF44,78367998,100.00,,
234.533901552,376304210,,instructions,78367588,100.00,1.29,insn per cycle
234.533901552,290638217,,cycles,78367238,100.00,,
234.634092257,69290,,rD044,81879592,100.00,,
234.634092257,2416653,,rFF44,81874882,100.00,,
234.634092257,391935401,,instructions,81871942,100.00,1.29,insn per cycle
234.634092257,304349769,,cycles,81868902,100.00,,
234.734274280,104605,,rD044,79259892,100.00,,
234.734274280,2337390,,rFF44,79264362,100.00,,
234.734274280,375347566,,instructions,79267202,100.00,1.28,insn per cycle
234.734274280,294073578,,cycles,79270262,100.00,,
234.834464634,111593,,rD044,77367276,100.00,,
234.834464634,3852265,,rFF44,77362806,100.00,,
234.834464634,505099468,,instructions,77359966,100.00,1.76,insn per cycle
234.834464634,286762769,,cycles,77356906,100.00,,
234.934647228,126377,,rD044,72770084,100.00,,
234.934647228,3635255,,rFF44,72770084,100.00,,
234.934647228,502789870,,instructions,72770084,100.00,1.87,insn per cycle
234.934647228,268825454,,cycles,72770084,100.00,,
235.034829512,126494,,rD044,72634362,100.00,,
235.034829512,3624591,,rFF44,72634362,100.00,,
235.034829512,502354468,,instructions,72640402,100.00,1.87,insn per cycle
235.034829512,268326410,,cycles,72643422,100.00,,
235.135021706,105115,,rD044,72093439,100.00,,
235.135021706,3641134,,rFF44,72093439,100.00,,
235.135021706,502547064,,instructions,72087399,100.00,1.89,insn per cycle
235.135021706,266293130,,cycles,72084379,100.00,,
235.235208490,120557,,rD044,72537905,100.00,,
235.235208490,3643818,,rFF44,72537905,100.00,,
235.235208490,502731728,,instructions,72537905,100.00,1.88,insn per cycle
235.235208490,268044974,,cycles,72544835,100.00,,
235.335398254,123400,,rD044,73064898,100.00,,
235.335398254,3708332,,rFF44,73064898,100.00,,
235.335398254,502779190,,instructions,73064898,100.00,1.86,insn per cycle
235.335398254,270029191,,cycles,73057968,100.00,,
235.435581548,123709,,rD044,73562386,100.00,,
235.435581548,3666343,,rFF44,73567136,100.00,,
235.435581548,508596263,,instructions,73570246,100.00,1.87,insn per cycle
235.435581548,271963890,,cycles,73573616,100.00,,
235.535774822,122203,,rD044,74097745,100.00,,
235.535774822,3709108,,rFF44,74097365,100.00,,
235.535774822,509543803,,instructions,74097695,100.00,1.86,insn per cycle
235.535774822,274011038,,cycles,74097225,100.00,,
235.635981666,147688,,rD044,73794565,100.00,,
235.635981666,3721620,,rFF44,73794915,100.00,,
235.635981666,511317160,,instructions,73794665,100.00,1.87,insn per cycle
235.635981666,272870880,,cycles,73794625,100.00,,
235.736175100,152552,,rD044,74053444,100.00,,
235.736175100,3777989,,rFF44,74053424,100.00,,
235.736175100,520341892,,instructions,74053574,100.00,1.90,insn per cycle
235.736175100,273827749,,cycles,74053594,100.00,,
235.836365664,147841,,rD044,74077881,100.00,,
235.836365664,3770883,,rFF44,74078451,100.00,,
235.836365664,519734850,,instructions,74077931,100.00,1.90,insn per cycle
235.836365664,273901145,,cycles,74078601,100.00,,
235.936557088,148904,,rD044,74135710,100.00,,
235.936557088,3800294,,rFF44,74135160,100.00,,
235.936557088,523277582,,instructions,74135540,100.00,1.91,insn per cycle
235.936557088,274144594,,cycles,74135030,100.00,,
236.036747422,151499,,rD044,74173829,100.00,,
236.036747422,3817668,,rFF44,74173679,100.00,,
236.036747422,520978878,,instructions,74173719,100.00,1.90,insn per cycle
236.036747422,274271279,,cycles,74174109,100.00,,
236.136951417,143666,,rD044,73454252,100.00,,
236.136951417,3737974,,rFF44,73449682,100.00,,
236.136951417,505195015,,instructions,73446442,100.00,1.86,insn per cycle
236.136951417,271496995,,cycles,73443012,100.00,,
236.237133731,143823,,rD044,73492271,100.00,,
236.237133731,3718100,,rFF44,73492271,100.00,,
236.237133731,505104891,,instructions,73492271,100.00,1.86,insn per cycle
236.237133731,271635004,,cycles,73492271,100.00,,
236.337318134,150165,,rD044,73970544,100.00,,
236.337318134,3715912,,rFF44,73970544,100.00,,
236.337318134,505673770,,instructions,73970544,100.00,1.85,insn per cycle
236.337318134,273485625,,cycles,73970544,100.00,,
236.437505378,195881,,rD044,80040015,100.00,,
236.437505378,2649664,,rFF44,80044525,100.00,,
236.437505378,380349319,,instructions,80047905,100.00,1.28,insn per cycle
236.437505378,297104702,,cycles,80051075,100.00,,
236.537698112,176514,,rD044,82946234,100.00,,
236.537698112,2746727,,rFF44,82946334,100.00,,
236.537698112,395508453,,instructions,82946114,100.00,1.28,insn per cycle
236.537698112,308433507,,cycles,82946204,100.00,,
236.637891546,164921,,rD044,82758343,100.00,,
236.637891546,3134161,,rFF44,82758523,100.00,,
236.637891546,407301929,,instructions,82758603,100.00,1.32,insn per cycle
236.637891546,307709805,,cycles,82758223,100.00,,
236.738086741,92676,,rD044,78629484,100.00,,
236.738086741,2932252,,rFF44,78628964,100.00,,
236.738086741,416466370,,instructions,78628664,100.00,1.43,insn per cycle
236.738086741,291594401,,cycles,78629044,100.00,,
236.838277844,106585,,rD044,78486872,100.00,,
236.838277844,3061974,,rFF44,78487802,100.00,,
236.838277844,434389926,,instructions,78488122,100.00,1.49,insn per cycle
236.838277844,291078932,,cycles,78488192,100.00,,
236.938472499,114853,,rD044,78400801,100.00,,
236.938472499,3129189,,rFF44,78395601,100.00,,
236.938472499,443708945,,instructions,78392341,100.00,1.53,insn per cycle
236.938472499,290703990,,cycles,78389011,100.00,,
237.038655922,132346,,rD044,77031901,100.00,,
237.038655922,3043247,,rFF44,77031901,100.00,,
237.038655922,428397851,,instructions,77031901,100.00,1.50,insn per cycle
237.038655922,285434816,,cycles,77031901,100.00,,
237.138839996,139019,,rD044,77423506,100.00,,
237.138839996,3072778,,rFF44,77428636,100.00,,
237.138839996,428203303,,instructions,77431166,100.00,1.49,insn per cycle
237.138839996,286970510,,cycles,77431166,100.00,,
237.239034170,131566,,rD044,81045879,100.00,,
237.239034170,2451398,,rFF44,81045589,100.00,,
237.239034170,377711455,,instructions,81045989,100.00,1.25,insn per cycle
237.239034170,300997374,,cycles,81049119,100.00,,
237.339226874,128100,,rD044,82816564,100.00,,
237.339226874,2341822,,rFF44,82817004,100.00,,
237.339226874,374591095,,instructions,82817124,100.00,1.22,insn per cycle
237.339226874,307928357,,cycles,82817154,100.00,,
237.439420069,137886,,rD044,78437803,100.00,,
237.439420069,2823775,,rFF44,78437263,100.00,,
237.439420069,411675490,,instructions,78437783,100.00,1.42,insn per cycle
237.439420069,290889442,,cycles,78438003,100.00,,
237.539611122,143386,,rD044,78453548,100.00,,
237.539611122,3247863,,rFF44,78453708,100.00,,
237.539611122,454439778,,instructions,78453148,100.00,1.56,insn per cycle
237.539611122,290957192,,cycles,78452518,100.00,,
237.639802717,147315,,rD044,77589817,100.00,,
237.639802717,3208643,,rFF44,77584917,100.00,,
237.639802717,447029345,,instructions,77581907,100.00,1.55,insn per cycle
237.639802717,287621818,,cycles,77579157,100.00,,
237.740001781,158241,,rD044,75082131,100.00,,
237.740001781,3168282,,rFF44,75087001,100.00,,
237.740001781,429815583,,instructions,75089831,100.00,1.55,insn per cycle
237.740001781,277783578,,cycles,75093041,100.00,,
237.840196485,156343,,rD044,78303943,100.00,,
237.840196485,3265034,,rFF44,78303913,100.00,,
237.840196485,452210572,,instructions,78304293,100.00,1.56,insn per cycle
237.840196485,290392297,,cycles,78304353,100.00,,
237.940390979,132119,,rD044,82792402,100.00,,
237.940390979,2381668,,rFF44,82793142,100.00,,
237.940390979,382554123,,instructions,82792972,100.00,1.24,insn per cycle
237.940390979,307854578,,cycles,82792512,100.00,,
238.040584923,127068,,rD044,80922654,100.00,,
238.040584923,2306047,,rFF44,80917074,100.00,,
238.040584923,372756344,,instructions,80914034,100.00,1.24,insn per cycle
238.040584923,300586085,,cycles,80911224,100.00,,
238.140768047,144089,,rD044,75923111,100.00,,
238.140768047,3086768,,rFF44,75927881,100.00,,
238.140768047,451026815,,instructions,75931181,100.00,1.60,insn per cycle
238.140768047,281072651,,cycles,75934471,100.00,,
238.240973431,142217,,rD044,74771308,100.00,,
238.240973431,3383229,,rFF44,74766538,100.00,,
238.240973431,485220377,,instructions,74763238,100.00,1.75,insn per cycle
238.240973431,276863163,,cycles,74759948,100.00,,
238.341157895,140719,,rD044,76180295,100.00,,
238.341157895,3576797,,rFF44,76185355,100.00,,
238.341157895,495595254,,instructions,76188705,100.00,1.76,insn per cycle
238.341157895,282134215,,cycles,76191895,100.00,,
238.441351689,172576,,rD044,74051539,100.00,,
238.441351689,3255900,,rFF44,74051109,100.00,,
238.441351689,493875751,,instructions,74050739,100.00,1.80,insn per cycle
238.441351689,273846940,,cycles,74050599,100.00,,
238.541544083,177137,,rD044,74084464,100.00,,
238.541544083,3280871,,rFF44,74084654,100.00,,
238.541544083,494955864,,instructions,74084734,100.00,1.81,insn per cycle
238.541544083,273989055,,cycles,74084804,100.00,,
238.641738667,178048,,rD044,74486528,100.00,,
238.641738667,3280845,,rFF44,74486668,100.00,,
238.641738667,493941991,,instructions,74487348,100.00,1.79,insn per cycle
238.641738667,275543590,,cycles,74484228,100.00,,
238.741946831,184518,,rD044,82323412,100.00,,
238.741946831,2125122,,rFF44,82323432,100.00,,
238.741946831,391253245,,instructions,82322882,100.00,1.28,insn per cycle
238.741946831,306075934,,cycles,82325922,100.00,,
238.842138685,95247,,rD044,78438435,100.00,,
238.842138685,2411753,,rFF44,78438025,100.00,,
238.842138685,423128283,,instructions,78438396,100.00,1.45,insn per cycle
238.842138685,290924367,,cycles,78438596,100.00,,
238.942330409,116275,,rD044,74522254,100.00,,
238.942330409,2808784,,rFF44,74517684,100.00,,
238.942330409,437681279,,instructions,74514123,100.00,1.59,insn per cycle
238.942330409,275701126,,cycles,74510883,100.00,,
239.042512643,121585,,rD044,77676546,100.00,,
239.042512643,2903993,,rFF44,77681346,100.00,,
239.042512643,457941897,,instructions,77684586,100.00,1.59,insn per cycle
239.042512643,287990003,,cycles,77687716,100.00,,
239.142704707,139484,,rD044,76504442,100.00,,
239.142704707,2882308,,rFF44,76504472,100.00,,
239.142704707,457285709,,instructions,76501232,100.00,1.61,insn per cycle
239.142704707,283414791,,cycles,76498102,100.00,,
239.242896671,135021,,rD044,77818452,100.00,,
239.242896671,2504374,,rFF44,77818412,100.00,,
239.242896671,415963016,,instructions,77820672,100.00,1.44,insn per cycle
239.242896671,288511480,,cycles,77820672,100.00,,
239.343088595,130767,,rD044,80923230,100.00,,
239.343088595,2155036,,rFF44,80923670,100.00,,
239.343088595,385363041,,instructions,80924750,100.00,1.28,insn per cycle
239.343088595,300586518,,cycles,80928130,100.00,,
239.443282319,136188,,rD044,78538619,100.00,,
239.443282319,2442598,,rFF44,78538649,100.00,,
239.443282319,405467300,,instructions,78538429,100.00,1.39,insn per cycle
239.443282319,291286232,,cycles,78537949,100.00,,
239.543475053,144578,,rD044,74670614,100.00,,
239.543475053,3016513,,rFF44,74665354,100.00,,
239.543475053,458800397,,instructions,74662234,100.00,1.66,insn per cycle
239.543475053,276209058,,cycles,74659334,100.00,,
239.643656287,145870,,rD044,77894765,100.00,,
239.643656287,3119337,,rFF44,77899395,100.00,,
239.643656287,477794500,,instructions,77902765,100.00,1.65,insn per cycle
239.643656287,288847272,,cycles,77905785,100.00,,
239.743848741,157408,,rD044,74028825,100.00,,
239.743848741,2987596,,rFF44,74029255,100.00,,
239.743848741,451492045,,instructions,74028875,100.00,1.65,insn per cycle
239.743848741,273764608,,cycles,74028925,100.00,,
239.844040015,157753,,rD044,78437120,100.00,,
239.844040015,3117677,,rFF44,78436950,100.00,,
239.844040015,481469153,,instructions,78437060,100.00,1.66,insn per cycle
239.844040015,290913809,,cycles,78437190,100.00,,
239.944232519,134453,,rD044,78422666,100.00,,
239.944232519,2183554,,rFF44,78423356,100.00,,
239.944232519,379444248,,instructions,78423656,100.00,1.30,insn per cycle
239.944232519,290900022,,cycles,78423916,100.00,,
240.044424963,120786,,rD044,82801862,100.00,,
240.044424963,2598315,,rFF44,82801092,100.00,,
240.044424963,401972179,,instructions,82801042,100.00,1.31,insn per cycle
240.044424963,307931713,,cycles,82800982,100.00,,
240.144619377,142113,,rD044,76868447,100.00,,
240.144619377,2747026,,rFF44,76863637,100.00,,
240.144619377,444272503,,instructions,76860287,100.00,1.56,insn per cycle
240.144619377,284914742,,cycles,76856887,100.00,,
240.244801721,148727,,rD044,73999900,100.00,,
240.244801721,3083483,,rFF44,74004780,100.00,,
240.244801721,477369695,,instructions,74008280,100.00,1.74,insn per cycle
240.244801721,273712434,,cycles,74011420,100.00,,
240.345010525,148306,,rD044,73503057,100.00,,
240.345010525,3059907,,rFF44,73503297,100.00,,
240.345010525,470470697,,instructions,73503167,100.00,1.73,insn per cycle
240.345010525,271781899,,cycles,73503617,100.00,,
240.445204669,165497,,rD044,75469507,100.00,,
240.445204669,3158377,,rFF44,75464387,100.00,,
240.445204669,486287579,,instructions,75461017,100.00,1.74,insn per cycle
240.445204669,279417428,,cycles,75457427,100.00,,
240.545389953,167079,,rD044,76387158,100.00,,
240.545389953,3190403,,rFF44,76392168,100.00,,
240.545389953,492714090,,instructions,76395538,100.00,1.74,insn per cycle
240.545389953,282970735,,cycles,76398358,100.00,,
240.645583887,145727,,rD044,77554778,100.00,,
240.645583887,2672072,,rFF44,77549768,100.00,,
240.645583887,431331440,,instructions,77546398,100.00,1.50,insn per cycle
240.645583887,287582137,,cycles,77543578,100.00,,
240.745765801,119732,,rD044,78370966,100.00,,
240.745765801,2407524,,rFF44,78373216,100.00,,
240.745765801,414204795,,instructions,78373216,100.00,1.43,insn per cycle
240.745765801,290655877,,cycles,78373216,100.00,,
240.845966745,117040,,rD044,72640347,100.00,,
240.845966745,3045249,,rFF44,72638097,100.00,,
240.845966745,497276609,,instructions,72638097,100.00,1.85,insn per cycle
240.845966745,268321486,,cycles,72638097,100.00,,
240.946151689,116478,,rD044,72678690,100.00,,
240.946151689,3037248,,rFF44,72678690,100.00,,
240.946151689,497212169,,instructions,72678690,100.00,1.85,insn per cycle
240.946151689,268448955,,cycles,72678690,100.00,,
241.046335903,114000,,rD044,73185471,100.00,,
241.046335903,3076208,,rFF44,73190561,100.00,,
241.046335903,502834515,,instructions,73193891,100.00,1.86,insn per cycle
241.046335903,270512495,,cycles,73197171,100.00,,
241.146528527,116527,,rD044,74006688,100.00,,
241.146528527,3039271,,rFF44,74006348,100.00,,
241.146528527,501072353,,instructions,74006178,100.00,1.83,insn per cycle
241.146528527,273685404,,cycles,74005838,100.00,,
241.246721011,111873,,rD044,73970745,100.00,,
241.246721011,3071450,,rFF44,73970775,100.00,,
241.246721011,506943269,,instructions,73970605,100.00,1.85,insn per cycle
241.246721011,273560945,,cycles,73970935,100.00,,
241.346913365,115373,,rD044,74010772,100.00,,
241.346913365,3106962,,rFF44,74010672,100.00,,
241.346913365,506924222,,instructions,74011102,100.00,1.85,insn per cycle
241.346913365,273714328,,cycles,74011312,100.00,,
241.447109289,116530,,rD044,74016589,100.00,,
241.447109289,3052838,,rFF44,74016789,100.00,,
241.447109289,501390605,,instructions,74016749,100.00,1.83,insn per cycle
241.447109289,273733222,,cycles,74016239,100.00,,
241.547300983,116259,,rD044,74145347,100.00,,
241.547300983,3161183,,rFF44,74145417,100.00,,
241.547300983,512896448,,instructions,74145467,100.00,1.87,insn per cycle
241.547300983,274207054,,cycles,74145537,100.00,,
241.647494247,116626,,rD044,74071514,100.00,,
241.647494247,3047742,,rFF44,74071624,100.00,,
241.647494247,502082295,,instructions,74070854,100.00,1.83,insn per cycle
241.647494247,273937325,,cycles,74070954,100.00,,
241.747686121,112152,,rD044,74358204,100.00,,
241.747686121,3340042,,rFF44,74353144,100.00,,
241.747686121,488954353,,instructions,74350484,100.00,1.78,insn per cycle
241.747686121,275048248,,cycles,74347344,100.00,,
241.847869785,114537,,rD044,73712979,100.00,,
241.847869785,3074183,,rFF44,73717689,100.00,,
241.847869785,504401366,,instructions,73720679,100.00,1.85,insn per cycle
241.847869785,272590942,,cycles,73724049,100.00,,
241.948063509,114235,,rD044,73966711,100.00,,
241.948063509,3125300,,rFF44,73966691,100.00,,
241.948063509,511054772,,instructions,73966941,100.00,1.87,insn per cycle
241.948063509,273569295,,cycles,73966541,100.00,,
242.048257013,116789,,rD044,74093769,100.00,,
242.048257013,3026267,,rFF44,74094189,100.00,,
242.048257013,499688671,,instructions,74094729,100.00,1.82,insn per cycle
242.048257013,274022574,,cycles,74095169,100.00,,
242.148451207,116124,,rD044,73981374,100.00,,
242.148451207,3129990,,rFF44,73981684,100.00,,
242.148451207,508128414,,instructions,73981084,100.00,1.86,insn per cycle
242.148451207,273598610,,cycles,73980844,100.00,,
242.248646422,114861,,rD044,73767656,100.00,,
242.248646422,3029167,,rFF44,73768066,100.00,,
242.248646422,495106295,,instructions,73768076,100.00,1.81,insn per cycle
242.248646422,272798262,,cycles,73768056,100.00,,
242.348841806,117486,,rD044,74093288,100.00,,
242.348841806,3153962,,rFF44,74092338,100.00,,
242.348841806,514430912,,instructions,74092288,100.00,1.88,insn per cycle
242.348841806,274002211,,cycles,74092358,100.00,,
242.449034630,115164,,rD044,74000518,100.00,,
242.449034630,3070031,,rFF44,74000658,100.00,,
242.449034630,505188624,,instructions,74000448,100.00,1.85,insn per cycle
242.449034630,273646220,,cycles,74000778,100.00,,
242.549227254,118222,,rD044,74023068,100.00,,
242.549227254,3068363,,rFF44,74022768,100.00,,
242.549227254,507427162,,instructions,74022788,100.00,1.85,insn per cycle
242.549227254,273733887,,cycles,74022158,100.00,,
242.649422268,116648,,rD044,74048660,100.00,,
242.649422268,3105127,,rFF44,74048780,100.00,,
242.649422268,506425725,,instructions,74048930,100.00,1.85,insn per cycle
242.649422268,273846751,,cycles,74049041,100.00,,
242.749617512,116615,,rD044,73551709,100.00,,
242.749617512,3066693,,rFF44,73546869,100.00,,
242.749617512,501201911,,instructions,73543769,100.00,1.84,insn per cycle
242.749617512,271950887,,cycles,73540738,100.00,,
242.849802796,117274,,rD044,73468823,100.00,,
242.849802796,3095529,,rFF44,73468823,100.00,,
242.849802796,498505431,,instructions,73468823,100.00,1.84,insn per cycle
242.849802796,271603441,,cycles,73468823,100.00,,
242.949996720,120072,,rD044,70781464,100.00,,
242.949996720,3242931,,rFF44,70786474,100.00,,
242.949996720,503888106,,instructions,70789424,100.00,1.93,insn per cycle
242.949996720,261092286,,cycles,70792374,100.00,,
243.050189944,109674,,rD044,74979365,100.00,,
243.050189944,3200396,,rFF44,74974355,100.00,,
243.050189944,502110311,,instructions,74971405,100.00,1.81,insn per cycle
243.050189944,277363082,,cycles,74968455,100.00,,
243.150373888,108219,,rD044,75159276,100.00,,
243.150373888,3187970,,rFF44,75159276,100.00,,
243.150373888,502282346,,instructions,75159276,100.00,1.81,insn per cycle
243.150373888,278141799,,cycles,75159276,100.00,,
243.250558232,112296,,rD044,75333226,100.00,,
243.250558232,3205583,,rFF44,75333226,100.00,,
243.250558232,502160673,,instructions,75333226,100.00,1.80,insn per cycle
243.250558232,278812459,,cycles,75333226,100.00,,
243.350740906,111535,,rD044,74484170,100.00,,
243.350740906,3190691,,rFF44,74484170,100.00,,
243.350740906,502061527,,instructions,74484170,100.00,1.82,insn per cycle
243.350740906,275424709,,cycles,74484170,100.00,,
243.450938910,106668,,rD044,75064079,100.00,,
243.450938910,3421128,,rFF44,75068729,100.00,,
243.450938910,480575353,,instructions,75071529,100.00,1.73,insn per cycle
243.450938910,277706239,,cycles,75074719,100.00,,
243.551132074,112055,,rD044,74244163,100.00,,
243.551132074,3209491,,rFF44,74243803,100.00,,
243.551132074,496512754,,instructions,74244273,100.00,1.81,insn per cycle
243.551132074,274518133,,cycles,74244003,100.00,,
243.651322548,112448,,rD044,74506035,100.00,,
243.651322548,3182527,,rFF44,74506465,100.00,,
243.651322548,498668261,,instructions,74503195,100.00,1.81,insn per cycle
243.651322548,275512274,,cycles,74500275,100.00,,
243.751513752,103896,,rD044,74495347,100.00,,
243.751513752,3207047,,rFF44,74490627,100.00,,
243.751513752,502313884,,instructions,74490627,100.00,1.82,insn per cycle
243.751513752,275522607,,cycles,74490627,100.00,,
243.851696186,111796,,rD044,74967306,100.00,,
243.851696186,3232997,,rFF44,74971776,100.00,,
243.851696186,501870815,,instructions,74974526,100.00,1.81,insn per cycle
243.851696186,277393737,,cycles,74974526,100.00,,
243.951890890,111841,,rD044,74972150,100.00,,
243.951890890,3195785,,rFF44,74967680,100.00,,
243.951890890,502143572,,instructions,74964930,100.00,1.81,insn per cycle
243.951890890,277333773,,cycles,74964930,100.00,,
244.052075354,112313,,rD044,75066520,100.00,,
244.052075354,3317411,,rFF44,75066520,100.00,,
244.052075354,501924418,,instructions,75066520,100.00,1.81,insn per cycle
244.052075354,277758385,,cycles,75066520,100.00,,
244.152261478,110962,,rD044,75383094,100.00,,
244.152261478,3139249,,rFF44,75388064,100.00,,
244.152261478,494402598,,instructions,75391114,100.00,1.77,insn per cycle
244.152261478,278950893,,cycles,75394004,100.00,,
244.252452072,108929,,rD044,73881531,100.00,,
244.252452072,2995438,,rFF44,73881181,100.00,,
244.252452072,468476123,,instructions,73881081,100.00,1.72,insn per cycle
244.252452072,273163124,,cycles,73881301,100.00,,
244.352641976,116895,,rD044,74245913,100.00,,
244.352641976,3432311,,rFF44,74245623,100.00,,
244.352641976,515428379,,instructions,74246003,100.00,1.88,insn per cycle
244.352641976,274552669,,cycles,74246193,100.00,,
244.452834600,106483,,rD044,78395290,100.00,,
244.452834600,2805424,,rFF44,78395430,100.00,,
244.452834600,450298958,,instructions,78395070,100.00,1.55,insn per cycle
244.452834600,290747534,,cycles,78395200,100.00,,
244.553027404,116913,,rD044,73945455,100.00,,
244.553027404,2834856,,rFF44,73946245,100.00,,
244.553027404,441479954,,instructions,73946455,100.00,1.61,insn per cycle
244.553027404,273404060,,cycles,73946125,100.00,,
244.653220438,110363,,rD044,78610898,100.00,,
244.653220438,2880067,,rFF44,78610278,100.00,,
244.653220438,462287883,,instructions,78610038,100.00,1.59,insn per cycle
244.653220438,291532346,,cycles,78610138,100.00,,
244.753410822,110011,,rD044,77282426,100.00,,
244.753410822,2838857,,rFF44,77277786,100.00,,
244.753410822,458901729,,instructions,77274846,100.00,1.60,insn per cycle
244.753410822,286422026,,cycles,77271646,100.00,,
244.853594576,116203,,rD044,75351701,100.00,,
244.853594576,2849176,,rFF44,75356331,100.00,,
244.853594576,444366508,,instructions,75359161,100.00,1.59,insn per cycle
244.853594576,278868896,,cycles,75362451,100.00,,
244.953788710,111358,,rD044,78349567,100.00,,
244.953788710,2809542,,rFF44,78349927,100.00,,
244.953788710,481275424,,instructions,78349877,100.00,1.66,insn per cycle
244.953788710,290670214,,cycles,78363237,100.00,,
245.053992784,117094,,rD044,74154512,100.00,,
245.053992784,2628325,,rFF44,74154192,100.00,,
245.053992784,446357966,,instructions,74154172,100.00,1.63,insn per cycle
245.053992784,274220656,,cycles,74140922,100.00,,
245.154185708,113314,,rD044,77580074,100.00,,
245.154185708,2857741,,rFF44,77575404,100.00,,
245.154185708,485271586,,instructions,77572644,100.00,1.69,insn per cycle
245.154185708,287709360,,cycles,77569244,100.00,,
245.254370302,130218,,rD044,77492744,100.00,,
245.254370302,2988270,,rFF44,77492744,100.00,,
245.254370302,465152460,,instructions,77492744,100.00,1.62,insn per cycle
245.254370302,287281508,,cycles,77492744,100.00,,
245.354554356,120122,,rD044,71690969,100.00,,
245.354554356,2669321,,rFF44,71695959,100.00,,
245.354554356,436377205,,instructions,71699079,100.00,1.65,insn per cycle
245.354554356,264717131,,cycles,71702349,100.00,,
245.454751230,116751,,rD044,78094237,100.00,,
245.454751230,2912259,,rFF44,78094037,100.00,,
245.454751230,490553550,,instructions,78094347,100.00,1.69,insn per cycle
245.454751230,289689635,,cycles,78094427,100.00,,
245.554959704,123392,,rD044,73579611,100.00,,
245.554959704,3102578,,rFF44,73579991,100.00,,
245.554959704,485633045,,instructions,73579601,100.00,1.78,insn per cycle
245.554959704,272064417,,cycles,73579221,100.00,,
245.655152008,140931,,rD044,73681682,100.00,,
245.655152008,3572974,,rFF44,73681232,100.00,,
245.655152008,531506575,,instructions,73681322,100.00,1.95,insn per cycle
245.655152008,272477304,,cycles,73681432,100.00,,
245.755344712,120000,,rD044,72640450,100.00,,
245.755344712,3056008,,rFF44,72635730,100.00,,
245.755344712,500946743,,instructions,72632600,100.00,1.87,insn per cycle
245.755344712,268376939,,cycles,72629520,100.00,,
245.855527936,120059,,rD044,72562597,100.00,,
245.855527936,3057603,,rFF44,72562597,100.00,,
245.855527936,498816615,,instructions,72562597,100.00,1.86,insn per cycle
245.855527936,268035796,,cycles,72562597,100.00,,
245.955713080,122994,,rD044,72479097,100.00,,
245.955713080,3071812,,rFF44,72479097,100.00,,
245.955713080,498216803,,instructions,72479097,100.00,1.86,insn per cycle
245.955713080,267716549,,cycles,72479097,100.00,,
246.055899224,117525,,rD044,74002513,100.00,,
246.055899224,3131571,,rFF44,74007293,100.00,,
246.055899224,509428854,,instructions,74010453,100.00,1.86,insn per cycle
246.055899224,273686271,,cycles,74013713,100.00,,
246.156089388,119365,,rD044,74168882,100.00,,
246.156089388,3292926,,rFF44,74164102,100.00,,
246.156089388,495181509,,instructions,74160942,100.00,1.81,insn per cycle
246.156089388,274205804,,cycles,74157682,100.00,,
246.256272652,116564,,rD044,75386976,100.00,,
246.256272652,3287209,,rFF44,75386976,100.00,,
246.256272652,504267176,,instructions,75386976,100.00,1.81,insn per cycle
246.256272652,278998026,,cycles,75386976,100.00,,
246.358568959,120590,,rD044,75716631,100.00,,
246.358568959,3250775,,rFF44,75716631,100.00,,
246.358568959,502857884,,instructions,75716631,100.00,1.80,insn per cycle
246.358568959,279948127,,cycles,75716631,100.00,,
246.458737742,113901,,rD044,73645902,100.00,,
246.458737742,3046986,,rFF44,73649032,100.00,,
246.458737742,498879972,,instructions,73651172,100.00,1.83,insn per cycle
246.458737742,272312356,,cycles,73653312,100.00,,
246.558897826,131638,,rD044,74989685,100.00,,
246.558897826,3091541,,rFF44,74986555,100.00,,
246.558897826,514789814,,instructions,74984415,100.00,1.85,insn per cycle
246.558897826,277526598,,cycles,74982275,100.00,,
246.659049800,121959,,rD044,73124891,100.00,,
246.659049800,3090384,,rFF44,73127982,100.00,,
246.659049800,502113767,,instructions,73129842,100.00,1.86,insn per cycle
246.659049800,270268198,,cycles,73131722,100.00,,
246.759208143,120357,,rD044,74024732,100.00,,
246.759208143,3100230,,rFF44,74024901,100.00,,
246.759208143,513118764,,instructions,74025121,100.00,1.87,insn per cycle
246.759208143,273764601,,cycles,74025241,100.00,,
246.859367917,119718,,rD044,74214119,100.00,,
246.859367917,3101982,,rFF44,74214189,100.00,,
246.859367917,513076584,,instructions,74213999,100.00,1.87,insn per cycle
246.859367917,274475171,,cycles,74214009,100.00,,
246.959525730,113172,,rD044,74013947,100.00,,
246.959525730,2878590,,rFF44,74013627,100.00,,
246.959525730,470618499,,instructions,74013597,100.00,1.72,insn per cycle
246.959525730,273741630,,cycles,74013617,100.00,,
247.059686054,114846,,rD044,78481667,100.00,,
247.059686054,2728113,,rFF44,78481917,100.00,,
247.059686054,483359150,,instructions,78482037,100.00,1.66,insn per cycle
247.059686054,291127259,,cycles,78482207,100.00,,
247.159858288,113004,,rD044,74141521,100.00,,
247.159858288,2585333,,rFF44,74141541,100.00,,
247.159858288,455792989,,instructions,74141231,100.00,1.66,insn per cycle
247.159858288,274192458,,cycles,74140701,100.00,,
247.260016052,110025,,rD044,76689512,100.00,,
247.260016052,2753779,,rFF44,76686232,100.00,,
247.260016052,482219579,,instructions,76684562,100.00,1.70,insn per cycle
247.260016052,284162616,,cycles,76682892,100.00,,
247.360169115,111678,,rD044,75916600,100.00,,
247.360169115,2680374,,rFF44,75919910,100.00,,
247.360169115,471075602,,instructions,75921790,100.00,1.68,insn per cycle
247.360169115,281145615,,cycles,75923820,100.00,,
247.460327879,112505,,rD044,74190045,100.00,,
247.460327879,2716384,,rFF44,74189995,100.00,,
247.460327879,463594422,,instructions,74190085,100.00,1.69,insn per cycle
247.460327879,274413906,,cycles,74190145,100.00,,
247.560487283,112089,,rD044,78419245,100.00,,
247.560487283,2851208,,rFF44,78419495,100.00,,
247.560487283,489858586,,instructions,78419735,100.00,1.68,insn per cycle
247.560487283,290894663,,cycles,78419635,100.00,,
247.660646776,118758,,rD044,74095734,100.00,,
247.660646776,2744875,,rFF44,74095724,100.00,,
247.660646776,464156143,,instructions,74095264,100.00,1.69,insn per cycle
247.660646776,274074792,,cycles,74095514,100.00,,
247.760821220,116418,,rD044,74636293,100.00,,
247.760821220,3037310,,rFF44,74632793,100.00,,
247.760821220,492879891,,instructions,74631043,100.00,1.78,insn per cycle
247.760821220,276153872,,cycles,74628803,100.00,,
247.860972794,134040,,rD044,73327419,100.00,,
247.860972794,3571765,,rFF44,73330389,100.00,,
247.860972794,544610988,,instructions,73332129,100.00,2.01,insn per cycle
247.860972794,271095810,,cycles,73333829,100.00,,
247.961130927,120460,,rD044,74081082,100.00,,
247.961130927,3222495,,rFF44,74081632,100.00,,
247.961130927,532399912,,instructions,74081912,100.00,1.94,insn per cycle
247.961130927,274021453,,cycles,74082452,100.00,,
248.061290581,120933,,rD044,73977724,100.00,,
248.061290581,3233559,,rFF44,73974204,100.00,,
248.061290581,531615261,,instructions,73972184,100.00,1.94,insn per cycle
248.061290581,273590713,,cycles,73969944,100.00,,
248.161445205,123208,,rD044,71220964,100.00,,
248.161445205,3133665,,rFF44,71220964,100.00,,
248.161445205,509602114,,instructions,71220964,100.00,1.94,insn per cycle
248.161445205,262918851,,cycles,71220964,100.00,,
248.261598798,123806,,rD044,72681894,100.00,,
248.261598798,3203408,,rFF44,72685215,100.00,,
248.261598798,521771195,,instructions,72687135,100.00,1.94,insn per cycle
248.261598798,268565991,,cycles,72688915,100.00,,
248.361757752,121371,,rD044,73943566,100.00,,
248.361757752,3226433,,rFF44,73943865,100.00,,
248.361757752,531360915,,instructions,73943835,100.00,1.94,insn per cycle
248.361757752,273451387,,cycles,73943755,100.00,,
248.461925326,116609,,rD044,71155562,100.00,,
248.461925326,3227982,,rFF44,71155752,100.00,,
248.461925326,490237463,,instructions,71155672,100.00,1.87,insn per cycle
248.461925326,262821274,,cycles,71155782,100.00,,
248.562087549,119714,,rD044,74148414,100.00,,
248.562087549,3399000,,rFF44,74148134,100.00,,
248.562087549,515091645,,instructions,74148344,100.00,1.88,insn per cycle
248.562087549,274154489,,cycles,74148604,100.00,,
248.662247703,114158,,rD044,77077110,100.00,,
248.662247703,3266438,,rFF44,77073580,100.00,,
248.662247703,495376452,,instructions,77071560,100.00,1.73,insn per cycle
248.662247703,285582202,,cycles,77069490,100.00,,
248.762399897,119742,,rD044,75682299,100.00,,
248.762399897,3188970,,rFF44,75685239,100.00,,
248.762399897,483507774,,instructions,75687209,100.00,1.73,insn per cycle
248.762399897,280089233,,cycles,75688969,100.00,,
248.862561960,121189,,rD044,74336736,100.00,,
248.862561960,3156207,,rFF44,74337116,100.00,,
248.862561960,471468664,,instructions,74337166,100.00,1.72,insn per cycle
248.862561960,274861091,,cycles,74337476,100.00,,
248.962719864,122269,,rD044,75471329,100.00,,
248.962719864,3396867,,rFF44,75471259,100.00,,
248.962719864,493093345,,instructions,75470989,100.00,1.77,insn per cycle
248.962719864,279335772,,cycles,75470899,100.00,,
249.062889018,114882,,rD044,77260589,100.00,,
249.062889018,3462329,,rFF44,77260799,100.00,,
249.062889018,501081547,,instructions,77260919,100.00,1.75,insn per cycle
249.062889018,286265978,,cycles,77260839,100.00,,
249.163045471,113935,,rD044,74136913,100.00,,
249.163045471,2891325,,rFF44,74136753,100.00,,
249.163045471,438951420,,instructions,74136693,100.00,1.60,insn per cycle
249.163045471,274099961,,cycles,74136523,100.00,,
249.263205555,114052,,rD044,78394960,100.00,,
249.263205555,3138034,,rFF44,78394900,100.00,,
249.263205555,472766944,,instructions,78394970,100.00,1.63,insn per cycle
249.263205555,290715751,,cycles,78395020,100.00,,
249.363361869,141103,,rD044,74127618,100.00,,
249.363361869,3792822,,rFF44,74127558,100.00,,
249.363361869,516161093,,instructions,74127468,100.00,1.88,insn per cycle
249.363361869,274063171,,cycles,74127628,100.00,,
249.463520492,120007,,rD044,74169283,100.00,,
249.463520492,3125791,,rFF44,74169393,100.00,,
249.463520492,459140285,,instructions,74169733,100.00,1.67,insn per cycle
249.463520492,274222676,,cycles,74169613,100.00,,
249.563677546,119550,,rD044,78390095,100.00,,
249.563677546,3234356,,rFF44,78390545,100.00,,
249.563677546,494150846,,instructions,78390545,100.00,1.70,insn per cycle
249.563677546,290699171,,cycles,78390545,100.00,,
249.663836840,122924,,rD044,74087093,100.00,,
249.663836840,3203725,,rFF44,74086813,100.00,,
249.663836840,468091864,,instructions,74086553,100.00,1.71,insn per cycle
249.663836840,273931558,,cycles,74086643,100.00,,
249.763997253,125720,,rD044,73188599,100.00,,
249.763997253,3517840,,rFF44,73188379,100.00,,
249.763997253,491208475,,instructions,73188519,100.00,1.82,insn per cycle
249.763997253,270555659,,cycles,73188549,100.00,,
249.864154507,108861,,rD044,76919768,100.00,,
249.864154507,3112032,,rFF44,76916528,100.00,,
249.864154507,483610018,,instructions,76914518,100.00,1.70,insn per cycle
249.864154507,284991982,,cycles,76912578,100.00,,
249.964307480,111582,,rD044,75489381,100.00,,
249.964307480,3091221,,rFF44,75492881,100.00,,
249.964307480,460679235,,instructions,75494941,100.00,1.65,insn per cycle
249.964307480,279362123,,cycles,75496781,100.00,,
250.064465294,115091,,rD044,76549269,100.00,,
250.064465294,3193009,,rFF44,76545769,100.00,,
250.064465294,478153493,,instructions,76543709,100.00,1.69,insn per cycle
250.064465294,283572963,,cycles,76541869,100.00,,
250.164617648,117385,,rD044,75819759,100.00,,
250.164617648,3254423,,rFF44,75822849,100.00,,
250.164617648,468052389,,instructions,75824879,100.00,1.67,insn per cycle
250.164617648,280666507,,cycles,75826809,100.00,,
250.264777821,109384,,rD044,76846452,100.00,,
250.264777821,3052890,,rFF44,76843362,100.00,,
250.264777821,462078676,,instructions,76841332,100.00,1.62,insn per cycle
250.264777821,284715388,,cycles,76839402,100.00,,
250.364954505,126812,,rD044,75582246,100.00,,
250.364954505,3435047,,rFF44,75585706,100.00,,
250.364954505,486631764,,instructions,75587576,100.00,1.74,insn per cycle
250.364954505,279765592,,cycles,75589236,100.00,,
250.465122939,129820,,rD044,73055209,100.00,,
250.465122939,3552012,,rFF44,73055089,100.00,,
250.465122939,487918106,,instructions,73055119,100.00,1.81,insn per cycle
250.465122939,270015134,,cycles,73055489,100.00,,
250.565287943,107509,,rD044,74938914,100.00,,
250.565287943,3142376,,rFF44,74935574,100.00,,
250.565287943,467437275,,instructions,74933674,100.00,1.69,insn per cycle
250.565287943,277306470,,cycles,74931644,100.00,,
250.665442856,116396,,rD044,76645379,100.00,,
250.665442856,3460844,,rFF44,76648619,100.00,,
250.665442856,498262854,,instructions,76650499,100.00,1.75,insn per cycle
250.665442856,283996474,,cycles,76652549,100.00,,
250.765602290,117076,,rD044,73863303,100.00,,
250.765602290,3157900,,rFF44,73863543,100.00,,
250.765602290,459756013,,instructions,73863653,100.00,1.68,insn per cycle
250.765602290,273088134,,cycles,73863493,100.00,,
250.865760964,113128,,rD044,76155175,100.00,,
250.865760964,3365068,,rFF44,76154715,100.00,,
250.865760964,494190773,,instructions,76152725,100.00,1.75,insn per cycle
250.865760964,282027109,,cycles,76150835,100.00,,
250.965922417,116615,,rD044,74837885,100.00,,
250.965922417,3377930,,rFF44,74834865,100.00,,
250.965922417,510134761,,instructions,74834865,100.00,1.84,insn per cycle
250.965922417,276842114,,cycles,74834865,100.00,,
251.066079491,116514,,rD044,75741436,100.00,,
251.066079491,3268878,,rFF44,75744606,100.00,,
251.066079491,496802036,,instructions,75746666,100.00,1.77,insn per cycle
251.066079491,280329467,,cycles,75748656,100.00,,
251.166262495,113134,,rD044,74000504,100.00,,
251.166262495,3207216,,rFF44,74000074,100.00,,
251.166262495,480727978,,instructions,74000164,100.00,1.76,insn per cycle
251.166262495,273577097,,cycles,74000264,100.00,,
251.266439579,111087,,rD044,73997773,100.00,,
251.266439579,3060136,,rFF44,73999013,100.00,,
251.266439579,491876898,,instructions,73998903,100.00,1.80,insn per cycle
251.266439579,273524320,,cycles,73998903,100.00,,
251.366599823,114696,,rD044,74129382,100.00,,
251.366599823,3026248,,rFF44,74129172,100.00,,
251.366599823,476167764,,instructions,74128982,100.00,1.74,insn per cycle
251.366599823,273992152,,cycles,74128962,100.00,,
251.466758476,118898,,rD044,74705822,100.00,,
251.466758476,3026568,,rFF44,74705982,100.00,,
251.466758476,477663956,,instructions,74705962,100.00,1.73,insn per cycle
251.466758476,276287705,,cycles,74706082,100.00,,
251.566930120,103918,,rD044,77701181,100.00,,
251.566930120,2922232,,rFF44,77697251,100.00,,
251.566930120,499860282,,instructions,77695421,100.00,1.74,insn per cycle
251.566930120,287882027,,cycles,77693231,100.00,,
251.667084744,112879,,rD044,73905514,100.00,,
251.667084744,3080943,,rFF44,73905514,100.00,,
251.667084744,504787412,,instructions,73905514,100.00,1.85,insn per cycle
251.667084744,273127985,,cycles,73905514,100.00,,
251.767237387,114381,,rD044,72053085,100.00,,
251.767237387,3045923,,rFF44,72053085,100.00,,
251.767237387,506154426,,instructions,72053085,100.00,1.90,insn per cycle
251.767237387,266077985,,cycles,72053085,100.00,,
251.867419311,122582,,rD044,76278902,100.00,,
251.867419311,2784101,,rFF44,76281862,100.00,,
251.867419311,457732036,,instructions,76283732,100.00,1.62,insn per cycle
251.867419311,282517834,,cycles,76285692,100.00,,
251.967606045,132294,,rD044,73932695,100.00,,
251.967606045,3485188,,rFF44,73933255,100.00,,
251.967606045,515195002,,instructions,73933185,100.00,1.88,insn per cycle
251.967606045,273422448,,cycles,73933185,100.00,,
252.067778459,120413,,rD044,74081903,100.00,,
252.067778459,2996045,,rFF44,74081423,100.00,,
252.067778459,481861292,,instructions,74081593,100.00,1.76,insn per cycle
252.067778459,273980195,,cycles,74081593,100.00,,
252.167955523,121189,,rD044,73914808,100.00,,
252.167955523,3090257,,rFF44,73915018,100.00,,
252.167955523,497159745,,instructions,73915248,100.00,1.82,insn per cycle
252.167955523,273355953,,cycles,73915408,100.00,,
252.268127746,113113,,rD044,74029455,100.00,,
252.268127746,2827738,,rFF44,74029195,100.00,,
252.268127746,483806486,,instructions,74028895,100.00,1.77,insn per cycle
252.268127746,273773736,,cycles,74029075,100.00,,
252.368298150,112923,,rD044,75075743,100.00,,
252.368298150,2911626,,rFF44,75072753,100.00,,
252.368298150,499934194,,instructions,75070853,100.00,1.80,insn per cycle
252.368298150,277862702,,cycles,75068553,100.00,,
252.468454344,111186,,rD044,76011104,100.00,,
252.468454344,2969897,,rFF44,76011104,100.00,,
252.468454344,505504633,,instructions,76011104,100.00,1.80,insn per cycle
252.468454344,281540124,,cycles,76011104,100.00,,
252.568609257,115012,,rD044,75061029,100.00,,
252.568609257,2957760,,rFF44,75063859,100.00,,
252.568609257,480085092,,instructions,75065739,100.00,1.73,insn per cycle
252.568609257,277763233,,cycles,75067869,100.00,,
252.668766681,131876,,rD044,74074500,100.00,,
252.668766681,3101193,,rFF44,74075070,100.00,,
252.668766681,482718424,,instructions,74075330,100.00,1.76,insn per cycle
252.668766681,273965388,,cycles,74075190,100.00,,
252.768931655,118862,,rD044,73979414,100.00,,
252.768931655,2887902,,rFF44,73979014,100.00,,
252.768931655,473894004,,instructions,73978784,100.00,1.73,insn per cycle
252.768931655,273579129,,cycles,73978624,100.00,,
252.869088529,105724,,rD044,75171576,100.00,,
252.869088529,2883424,,rFF44,75168576,100.00,,
252.869088529,491799085,,instructions,75166666,100.00,1.77,insn per cycle
252.869088529,278296388,,cycles,75164836,100.00,,
252.969243312,119345,,rD044,73447390,100.00,,
252.969243312,3151730,,rFF44,73447390,100.00,,
252.969243312,501717310,,instructions,73447390,100.00,1.85,insn per cycle
252.969243312,271486659,,cycles,73447390,100.00,,
253.069397026,122863,,rD044,73480909,100.00,,
253.069397026,3150422,,rFF44,73480909,100.00,,
253.069397026,501368262,,instructions,73480909,100.00,1.85,insn per cycle
253.069397026,271659227,,cycles,73480909,100.00,,
253.169549059,123452,,rD044,73677626,100.00,,
253.169549059,3147910,,rFF44,73677626,100.00,,
253.169549059,500498852,,instructions,73677626,100.00,1.84,insn per cycle
253.169549059,272425901,,cycles,73677626,100.00,,
253.269700773,110541,,rD044,75787417,100.00,,
253.269700773,2959558,,rFF44,75787417,100.00,,
253.269700773,501693403,,instructions,75787417,100.00,1.79,insn per cycle
253.269700773,280635621,,cycles,75787417,100.00,,
253.369852206,114170,,rD044,73827713,100.00,,
253.369852206,3080327,,rFF44,73830953,100.00,,
253.369852206,498569275,,instructions,73833453,100.00,1.83,insn per cycle
253.369852206,273031515,,cycles,73833453,100.00,,
253.470015900,124203,,rD044,73468506,100.00,,
253.470015900,3042488,,rFF44,73468756,100.00,,
253.470015900,499374576,,instructions,73468336,100.00,1.84,insn per cycle
253.470015900,271635673,,cycles,73470236,100.00,,
253.570180934,118435,,rD044,74885672,100.00,,
253.570180934,3097165,,rFF44,74882182,100.00,,
253.570180934,503003953,,instructions,74880102,100.00,1.81,insn per cycle
253.570180934,277344688,,cycles,74878202,100.00,,
253.670334868,123712,,rD044,74513856,100.00,,
253.670334868,2922862,,rFF44,74517446,100.00,,
253.670334868,483516387,,instructions,74519466,100.00,1.75,insn per cycle
253.670334868,275653080,,cycles,74521326,100.00,,
253.770493631,122994,,rD044,73974791,100.00,,
253.770493631,2976898,,rFF44,73974251,100.00,,
253.770493631,481556683,,instructions,73973971,100.00,1.76,insn per cycle
253.770493631,273572353,,cycles,73973861,100.00,,
253.870651455,124366,,rD044,74031484,100.00,,
253.870651455,3033828,,rFF44,74032294,100.00,,
253.870651455,505348211,,instructions,74032474,100.00,1.85,insn per cycle
253.870651455,273789285,,cycles,74032694,100.00,,
253.970815909,127669,,rD044,74050309,100.00,,
253.970815909,3013524,,rFF44,74049499,100.00,,
253.970815909,484441717,,instructions,74052949,100.00,1.77,insn per cycle
253.970815909,273868519,,cycles,74052969,100.00,,
254.070978592,126494,,rD044,74001081,100.00,,
254.070978592,3437002,,rFF44,74001311,100.00,,
254.070978592,537128931,,instructions,73997871,100.00,1.96,insn per cycle
254.070978592,273664883,,cycles,73997791,100.00,,
254.171135846,124420,,rD044,73409709,100.00,,
254.171135846,2954490,,rFF44,73410289,100.00,,
254.171135846,484264748,,instructions,73410239,100.00,1.78,insn per cycle
254.171135846,271455276,,cycles,73410649,100.00,,
254.271295850,124983,,rD044,74045243,100.00,,
254.271295850,2999136,,rFF44,74044593,100.00,,
254.271295850,493624789,,instructions,74044433,100.00,1.80,insn per cycle
254.271295850,273815909,,cycles,74044013,100.00,,
254.371454963,126506,,rD044,74053595,100.00,,
254.371454963,3249957,,rFF44,74054485,100.00,,
254.371454963,513730076,,instructions,74054855,100.00,1.88,insn per cycle
254.371454963,273876092,,cycles,74055455,100.00,,
254.471616547,120974,,rD044,73952454,100.00,,
254.471616547,3277956,,rFF44,73951534,100.00,,
254.471616547,526758444,,instructions,73951294,100.00,1.93,insn per cycle
254.471616547,273523932,,cycles,73950724,100.00,,
254.571781681,117076,,rD044,73948810,100.00,,
254.571781681,2721296,,rFF44,73948750,100.00,,
254.571781681,473819968,,instructions,73948770,100.00,1.73,insn per cycle
254.571781681,273526324,,cycles,73948930,100.00,,
254.671943084,121123,,rD044,73989520,100.00,,
254.671943084,3286942,,rFF44,73989470,100.00,,
254.671943084,534514769,,instructions,73989560,100.00,1.95,insn per cycle
254.671943084,273667208,,cycles,73989780,100.00,,
254.772100558,121459,,rD044,74093938,100.00,,
254.772100558,3144339,,rFF44,74094248,100.00,,
254.772100558,509237658,,instructions,74094208,100.00,1.86,insn per cycle
254.772100558,274043985,,cycles,74094388,100.00,,
254.872259112,124083,,rD044,73998291,100.00,,
254.872259112,3140680,,rFF44,73994911,100.00,,
254.872259112,505632593,,instructions,73992991,100.00,1.85,insn per cycle
254.872259112,273653955,,cycles,73990501,100.00,,
254.972411115,118390,,rD044,73966706,100.00,,
254.972411115,3084227,,rFF44,73969646,100.00,,
254.972411115,499668172,,instructions,73971586,100.00,1.83,insn per cycle
254.972411115,273575884,,cycles,73973766,100.00,,
255.072568139,120941,,rD044,73151838,100.00,,
255.072568139,3150488,,rFF44,73148898,100.00,,
255.072568139,504842724,,instructions,73146958,100.00,1.87,insn per cycle
255.072568139,270406063,,cycles,73144778,100.00,,
255.172731113,123263,,rD044,72706819,100.00,,
255.172731113,3165269,,rFF44,72706819,100.00,,
255.172731113,503997438,,instructions,72706819,100.00,1.88,insn per cycle
255.172731113,268613777,,cycles,72706819,100.00,,
255.272883606,129835,,rD044,72495090,100.00,,
255.272883606,3281138,,rFF44,72495090,100.00,,
255.272883606,504849014,,instructions,72495090,100.00,1.89,insn per cycle
255.272883606,267773310,,cycles,72495090,100.00,,
255.373036480,119458,,rD044,76874207,100.00,,
255.373036480,2854584,,rFF44,76874207,100.00,,
255.373036480,501468629,,instructions,76874207,100.00,1.76,insn per cycle
255.373036480,284922325,,cycles,76874207,100.00,,
255.473188673,120716,,rD044,74637455,100.00,,
255.473188673,2752925,,rFF44,74640575,100.00,,
255.473188673,471310125,,instructions,74642445,100.00,1.71,insn per cycle
255.473188673,276095687,,cycles,74644235,100.00,,
255.573345237,121735,,rD044,71628685,100.00,,
255.573345237,2691326,,rFF44,71625565,100.00,,
255.573345237,451296242,,instructions,71623695,100.00,1.71,insn per cycle
255.573345237,264464085,,cycles,71621905,100.00,,
255.673496951,128079,,rD044,75160066,100.00,,
255.673496951,3092050,,rFF44,75168506,100.00,,
255.673496951,506578197,,instructions,75168506,100.00,1.82,insn per cycle
255.673496951,278309074,,cycles,75168506,100.00,,
255.773648984,129916,,rD044,74497691,100.00,,
255.773648984,3151145,,rFF44,74489251,100.00,,
255.773648984,507342436,,instructions,74489251,100.00,1.84,insn per cycle
255.773648984,275647939,,cycles,74489251,100.00,,
255.873802198,122040,,rD044,72799987,100.00,,
255.873802198,3084150,,rFF44,72803137,100.00,,
255.873802198,503018817,,instructions,72805267,100.00,1.87,insn per cycle
255.873802198,269103399,,cycles,72807107,100.00,,
255.973989212,93550,,rD044,73508636,100.00,,
255.973989212,3040595,,rFF44,73505486,100.00,,
255.973989212,501240171,,instructions,73503356,100.00,1.84,insn per cycle
255.973989212,271741935,,cycles,73501516,100.00,,
256.074144025,135137,,rD044,73016630,100.00,,
256.074144025,3236575,,rFF44,73016630,100.00,,
256.074144025,506074686,,instructions,73016630,100.00,1.88,insn per cycle
256.074144025,269809897,,cycles,73016630,100.00,,
256.174296079,132320,,rD044,72800068,100.00,,
256.174296079,3246887,,rFF44,72800068,100.00,,
256.174296079,506680298,,instructions,72800068,100.00,1.88,insn per cycle
256.174296079,269009394,,cycles,72800068,100.00,,
256.274447993,134419,,rD044,73428869,100.00,,
256.274447993,3339476,,rFF44,73432469,100.00,,
256.274447993,517074289,,instructions,73434519,100.00,1.90,insn per cycle
256.274447993,271504114,,cycles,73436219,100.00,,
256.374605096,123709,,rD044,74060551,100.00,,
256.374605096,3070837,,rFF44,74060141,100.00,,
256.374605096,503541659,,instructions,74060061,100.00,1.84,insn per cycle
256.374605096,273960775,,cycles,74060241,100.00,,
256.474761300,130942,,rD044,74082117,100.00,,
256.474761300,3315731,,rFF44,74082147,100.00,,
256.474761300,514532372,,instructions,74082227,100.00,1.88,insn per cycle
256.474761300,274038693,,cycles,74082027,100.00,,
256.574924134,124873,,rD044,74024408,100.00,,
256.574924134,2957745,,rFF44,74024518,100.00,,
256.574924134,489144902,,instructions,74024458,100.00,1.79,insn per cycle
256.574924134,273823051,,cycles,74024538,100.00,,
256.675082507,112318,,rD044,74439274,100.00,,
256.675082507,3104157,,rFF44,74435944,100.00,,
256.675082507,495940358,,instructions,74433954,100.00,1.80,insn per cycle
256.675082507,275437386,,cycles,74432194,100.00,,
256.775235051,135951,,rD044,76395702,100.00,,
256.775235051,3272248,,rFF44,76395702,100.00,,
256.775235051,506765130,,instructions,76395702,100.00,1.79,insn per cycle
256.775235051,283071439,,cycles,76395702,100.00,,
256.875391154,119809,,rD044,80082845,100.00,,
256.875391154,2545042,,rFF44,80086055,100.00,,
256.875391154,417792920,,instructions,80087915,100.00,1.40,insn per cycle
256.875391154,297376874,,cycles,80089625,100.00,,
256.975548218,121732,,rD044,78564061,100.00,,
256.975548218,2400144,,rFF44,78564541,100.00,,
256.975548218,438741917,,instructions,78564551,100.00,1.51,insn per cycle
256.975548218,291469439,,cycles,78564841,100.00,,
257.075707062,124941,,rD044,87084652,100.00,,
257.075707062,1996760,,rFF44,87084912,100.00,,
257.075707062,325807578,,instructions,87084862,100.00,1.00,insn per cycle
257.075707062,324679411,,cycles,87084632,100.00,,
257.175865455,1044205,,rD044,88039586,100.00,,
257.175865455,4977971,,rFF44,88039866,100.00,,
257.175865455,392854269,,instructions,88040276,100.00,1.20,insn per cycle
257.175865455,328521449,,cycles,88040376,100.00,,
257.276031839,1975022,,rD044,100165955,100.00,,
257.276031839,4825687,,rFF44,100165575,100.00,,
257.276031839,310271908,,instructions,100165445,100.00,0.83,insn per cycle
257.276031839,375619512,,cycles,100165515,100.00,,
257.376202183,1975929,,rD044,100167786,100.00,,
257.376202183,4841589,,rFF44,100168386,100.00,,
257.376202183,310617250,,instructions,100168376,100.00,0.83,insn per cycle
257.376202183,375629613,,cycles,100168206,100.00,,
257.476369237,1976218,,rD044,100167595,100.00,,
257.476369237,4830242,,rFF44,100167645,100.00,,
257.476369237,310184802,,instructions,100167555,100.00,0.83,insn per cycle
257.476369237,375612548,,cycles,100167965,100.00,,
257.576538280,1971008,,rD044,100156926,100.00,,
257.576538280,4831436,,rFF44,100156426,100.00,,
257.576538280,310523344,,instructions,100156486,100.00,0.83,insn per cycle
257.576538280,375557495,,cycles,100156386,100.00,,
257.676703444,1966836,,rD044,100165625,100.00,,
257.676703444,4831077,,rFF44,100165735,100.00,,
257.676703444,310616373,,instructions,100165635,100.00,0.83,insn per cycle
257.676703444,375618796,,cycles,100165415,100.00,,
257.776869818,1982672,,rD044,100163996,100.00,,
257.776869818,4832555,,rFF44,100163956,100.00,,
257.776869818,309735599,,instructions,100164146,100.00,0.82,insn per cycle
257.776869818,375614486,,cycles,100164206,100.00,,
257.877034842,1984351,,rD044,100153945,100.00,,
257.877034842,4826354,,rFF44,100153425,100.00,,
257.877034842,310316113,,instructions,100153355,100.00,0.83,insn per cycle
257.877034842,375546003,,cycles,100153325,100.00,,
257.977201395,1983449,,rD044,100166335,100.00,,
257.977201395,4854900,,rFF44,100166825,100.00,,
257.977201395,310661661,,instructions,100167705,100.00,0.83,insn per cycle
257.977201395,375628652,,cycles,100167885,100.00,,
258.077369799,1984297,,rD044,100167406,100.00,,
258.077369799,4837388,,rFF44,100167946,100.00,,
258.077369799,310613801,,instructions,100167086,100.00,0.83,insn per cycle
258.077369799,375620971,,cycles,100166836,100.00,,
258.177537803,189601,,rD044,100132955,100.00,,
258.177537803,35537432,,rFF44,100134045,100.00,,
258.177537803,72761138,,instructions,100136535,100.00,0.19,insn per cycle
258.177537803,375474252,,cycles,100138895,100.00,,
258.277710577,413366,,rD044,100170856,100.00,,
258.277710577,19358745,,rFF44,100170616,100.00,,
258.277710577,36983973,,instructions,100170366,100.00,0.10,insn per cycle
258.277710577,375637655,,cycles,100170466,100.00,,
258.377884000,805759,,rD044,100173425,100.00,,
258.377884000,1480223,,rFF44,100173565,100.00,,
258.377884000,25385442,,instructions,100173525,100.00,0.07,insn per cycle
258.377884000,375651795,,cycles,100174105,100.00,,
258.478058124,810798,,rD044,100173556,100.00,,
258.478058124,1508533,,rFF44,100173896,100.00,,
258.478058124,25836421,,instructions,100173746,100.00,0.07,insn per cycle
258.478058124,375646638,,cycles,100172786,100.00,,
258.578229608,807706,,rD044,100170525,100.00,,
258.578229608,1523456,,rFF44,100170025,100.00,,
258.578229608,25929355,,instructions,100170355,100.00,0.07,insn per cycle
258.578229608,375637439,,cycles,100170405,100.00,,
258.678407662,783209,,rD044,100178396,100.00,,
258.678407662,1465802,,rFF44,100178886,100.00,,
258.678407662,25024769,,instructions,100179306,100.00,0.07,insn per cycle
258.678407662,375673554,,cycles,100179906,100.00,,
258.778582846,819474,,rD044,100159095,100.00,,
258.778582846,1542364,,rFF44,100159175,100.00,,
258.778582846,26368185,,instructions,100158995,100.00,0.07,insn per cycle
258.778582846,375570689,,cycles,100158775,100.00,,
258.878756390,826680,,rD044,100173116,100.00,,
258.878756390,1551032,,rFF44,100172896,100.00,,
258.878756390,26601782,,instructions,100172626,100.00,0.07,insn per cycle
258.878756390,375646214,,cycles,100172676,100.00,,
258.978936874,828120,,rD044,100179835,100.00,,
258.978936874,1553042,,rFF44,100179815,100.00,,
258.978936874,26621437,,instructions,100179645,100.00,0.07,insn per cycle
258.978936874,375676667,,cycles,100180715,100.00,,
259.079110727,846771,,rD044,100173676,100.00,,
259.079110727,1533551,,rFF44,100173906,100.00,,
259.079110727,41028313,,instructions,100174186,100.00,0.11,insn per cycle
259.079110727,375648423,,cycles,100173356,100.00,,
259.179297541,824526,,rD044,100173135,100.00,,
259.179297541,1546233,,rFF44,100172615,100.00,,
259.179297541,26511337,,instructions,100172585,100.00,0.07,insn per cycle
259.179297541,375626363,,cycles,100172745,100.00,,
259.279471765,826215,,rD044,100174196,100.00,,
259.279471765,1553433,,rFF44,100174736,100.00,,
259.279471765,26634818,,instructions,100174556,100.00,0.07,insn per cycle
259.279471765,375651394,,cycles,100173996,100.00,,
259.379646309,843679,,rD044,100173795,100.00,,
259.379646309,1548627,,rFF44,100174625,100.00,,
259.379646309,41136731,,instructions,100174465,100.00,0.11,insn per cycle
259.379646309,375655620,,cycles,100175245,100.00,,
259.479822763,827968,,rD044,100176016,100.00,,
259.479822763,1549145,,rFF44,100175246,100.00,,
259.479822763,26552834,,instructions,100175456,100.00,0.07,insn per cycle
259.479822763,375654457,,cycles,100174876,100.00,,
259.579998707,853128,,rD044,100175445,100.00,,
259.579998707,1575808,,rFF44,100176235,100.00,,
259.579998707,41253938,,instructions,100175845,100.00,0.11,insn per cycle
259.579998707,375659188,,cycles,100176085,100.00,,
259.680174700,826694,,rD044,100174576,100.00,,
259.680174700,1541604,,rFF44,100173726,100.00,,
259.680174700,26430447,,instructions,100174396,100.00,0.07,insn per cycle
259.680174700,375651986,,cycles,100174226,100.00,,
259.780350334,823813,,rD044,100162075,100.00,,
259.780350334,1550360,,rFF44,100161825,100.00,,
259.780350334,26776958,,instructions,100161905,100.00,0.07,insn per cycle
259.780350334,375552545,,cycles,100161495,100.00,,
259.880523038,824913,,rD044,100161936,100.00,,
259.880523038,1544325,,rFF44,100161666,100.00,,
259.880523038,26639809,,instructions,100161606,100.00,0.07,insn per cycle
259.880523038,375555351,,cycles,100161946,100.00,,
259.980697592,830167,,rD044,100174055,100.00,,
259.980697592,1555147,,rFF44,100174605,100.00,,
259.980697592,26639207,,instructions,100174435,100.00,0.07,insn per cycle
259.980697592,375655282,,cycles,100175105,100.00,,
260.080877546,825493,,rD044,100179896,100.00,,
260.080877546,1544126,,rFF44,100179786,100.00,,
260.080877546,26492145,,instructions,100179726,100.00,0.07,insn per cycle
260.080877546,375668911,,cycles,100178666,100.00,,
260.181053250,874632,,rD044,100174055,100.00,,
260.181053250,1551269,,rFF44,100174835,100.00,,
260.181053250,40719938,,instructions,100175085,100.00,0.11,insn per cycle
260.181053250,375655944,,cycles,100175265,100.00,,
260.281230924,826113,,rD044,100177226,100.00,,
260.281230924,1510985,,rFF44,100176666,100.00,,
260.281230924,25878404,,instructions,100176286,100.00,0.07,insn per cycle
260.281230924,375660199,,cycles,100176476,100.00,,
260.381408357,863555,,rD044,100176925,100.00,,
260.381408357,2111920,,rFF44,100176545,100.00,,
260.381408357,51968775,,instructions,100176625,100.00,0.14,insn per cycle
260.381408357,375660201,,cycles,100176345,100.00,,
260.481584801,851972,,rD044,100142146,100.00,,
260.481584801,1508795,,rFF44,100142926,100.00,,
260.481584801,41255968,,instructions,100143006,100.00,0.11,insn per cycle
260.481584801,375496230,,cycles,100143676,100.00,,
260.581764955,780688,,rD044,100179395,100.00,,
260.581764955,1497196,,rFF44,100179095,100.00,,
260.581764955,28715720,,instructions,100179195,100.00,0.08,insn per cycle
260.581764955,375671830,,cycles,100179325,100.00,,
260.681974279,742964,,rD044,100207986,100.00,,
260.681974279,1614060,,rFF44,100207706,100.00,,
260.681974279,35728336,,instructions,100207596,100.00,0.10,insn per cycle
260.681974279,375776037,,cycles,100207256,100.00,,
260.782148863,871504,,rD044,100173985,100.00,,
260.782148863,2196906,,rFF44,100173755,100.00,,
260.782148863,67852392,,instructions,100174235,100.00,0.18,insn per cycle
260.782148863,375652855,,cycles,100174485,100.00,,
260.882327167,792616,,rD044,100177696,100.00,,
260.882327167,1888890,,rFF44,100178396,100.00,,
260.882327167,38949601,,instructions,100177986,100.00,0.10,insn per cycle
260.882327167,375664833,,cycles,100177786,100.00,,
260.982504931,686565,,rD044,100158035,100.00,,
260.982504931,1694619,,rFF44,100157615,100.00,,
260.982504931,43951669,,instructions,100157415,100.00,0.12,insn per cycle
260.982504931,375570931,,cycles,100157965,100.00,,
261.082682865,724688,,rD044,100178426,100.00,,
261.082682865,2032981,,rFF44,100177836,100.00,,
261.082682865,83787030,,instructions,100178236,100.00,0.22,insn per cycle
261.082682865,375667484,,cycles,100178136,100.00,,
261.182860539,829369,,rD044,100177095,100.00,,
261.182860539,2059634,,rFF44,100178015,100.00,,
261.182860539,44793313,,instructions,100178225,100.00,0.12,insn per cycle
261.182860539,375666506,,cycles,100178095,100.00,,
261.283039343,787707,,rD044,100177846,100.00,,
261.283039343,2252711,,rFF44,100177236,100.00,,
261.283039343,57796344,,instructions,100176816,100.00,0.15,insn per cycle
261.283039343,375658787,,cycles,100176246,100.00,,
261.383214416,837014,,rD044,100174065,100.00,,
261.383214416,1520740,,rFF44,100174095,100.00,,
261.383214416,40255666,,instructions,100173895,100.00,0.11,insn per cycle
261.383214416,375652384,,cycles,100174275,100.00,,
261.483389370,834577,,rD044,100173116,100.00,,
261.483389370,2139412,,rFF44,100173236,100.00,,
261.483389370,52309808,,instructions,100174186,100.00,0.14,insn per cycle
261.483389370,375646070,,cycles,100174946,100.00,,
261.583564694,781309,,rD044,100164845,100.00,,
261.583564694,1899448,,rFF44,100164815,100.00,,
261.583564694,46883128,,instructions,100164655,100.00,0.12,insn per cycle
261.583564694,375557117,,cycles,100164205,100.00,,
261.683742708,865817,,rD044,100166026,100.00,,
261.683742708,2486662,,rFF44,100166746,100.00,,
261.683742708,80265578,,instructions,100165786,100.00,0.21,insn per cycle
261.683742708,375567516,,cycles,100165756,100.00,,
261.783927002,802365,,rD044,100183695,100.00,,
261.783927002,2035901,,rFF44,100182615,100.00,,
261.783927002,42889210,,instructions,100183315,100.00,0.11,insn per cycle
261.783927002,375674842,,cycles,100182776,100.00,,
261.884101666,880759,,rD044,100163656,100.00,,
261.884101666,2411881,,rFF44,100163276,100.00,,
261.884101666,71649775,,instructions,100163686,100.00,0.19,insn per cycle
261.884101666,375553566,,cycles,100164105,100.00,,
261.984278470,770691,,rD044,100164635,100.00,,
261.984278470,2048258,,rFF44,100165635,100.00,,
261.984278470,53906786,,instructions,100164965,100.00,0.14,insn per cycle
261.984278470,375569894,,cycles,100164275,100.00,,
262.084455303,758277,,rD044,100165816,100.00,,
262.084455303,1922680,,rFF44,100166026,100.00,,
262.084455303,50094742,,instructions,100165926,100.00,0.13,insn per cycle
262.084455303,375571600,,cycles,100166486,100.00,,
262.184629277,837562,,rD044,100161895,100.00,,
262.184629277,1959276,,rFF44,100161255,100.00,,
262.184629277,56219818,,instructions,100162005,100.00,0.15,insn per cycle
262.184629277,375556371,,cycles,100162155,100.00,,
262.284803581,823066,,rD044,100185216,100.00,,
262.284803581,1996687,,rFF44,100185856,100.00,,
262.284803581,43725165,,instructions,100185246,100.00,0.12,insn per cycle
262.284803581,375644396,,cycles,100184926,100.00,,
262.385005225,806501,,rD044,100168436,100.00,,
262.385005225,1961711,,rFF44,100168166,100.00,,
262.385005225,43136579,,instructions,100167956,100.00,0.11,insn per cycle
262.385005225,375566256,,cycles,100168356,100.00,,
262.485181529,812277,,rD044,100163665,100.00,,
262.485181529,2014608,,rFF44,100163595,100.00,,
262.485181529,59828054,,instructions,100163875,100.00,0.16,insn per cycle
262.485181529,375551603,,cycles,100163565,100.00,,
262.585355673,773776,,rD044,100163545,100.00,,
262.585355673,1871134,,rFF44,100163215,100.00,,
262.585355673,43347178,,instructions,100162825,100.00,0.12,insn per cycle
262.585355673,375556454,,cycles,100162165,100.00,,
262.685531887,710214,,rD044,100164445,100.00,,
262.685531887,1228878,,rFF44,100165005,100.00,,
262.685531887,39056213,,instructions,100165455,100.00,0.10,insn per cycle
262.685531887,375570971,,cycles,100166045,100.00,,
262.785712541,720013,,rD044,100166816,100.00,,
262.785712541,1171072,,rFF44,100166816,100.00,,
262.785712541,22480962,,instructions,100166296,100.00,0.06,insn per cycle
262.785712541,375610095,,cycles,100166406,100.00,,
262.885887174,755319,,rD044,100174345,100.00,,
262.885887174,1221929,,rFF44,100173295,100.00,,
262.885887174,21552516,,instructions,100173555,100.00,0.06,insn per cycle
262.885887174,375649858,,cycles,100173625,100.00,,
262.986061498,772312,,rD044,100172185,100.00,,
262.986061498,1423169,,rFF44,100173086,100.00,,
262.986061498,42085394,,instructions,100172856,100.00,0.11,insn per cycle
262.986061498,375643599,,cycles,100171986,100.00,,
263.086235362,817124,,rD044,100174006,100.00,,
263.086235362,1614992,,rFF44,100173735,100.00,,
263.086235362,35721287,,instructions,100174005,100.00,0.10,insn per cycle
263.086235362,375655542,,cycles,100175235,100.00,,
263.186419836,763596,,rD044,100171526,100.00,,
263.186419836,1315418,,rFF44,100171426,100.00,,
263.186419836,23446400,,instructions,100171376,100.00,0.06,insn per cycle
263.186419836,375622282,,cycles,100171476,100.00,,
263.286594850,823707,,rD044,100174775,100.00,,
263.286594850,1703727,,rFF44,100174975,100.00,,
263.286594850,53661125,,instructions,100174655,100.00,0.14,insn per cycle
263.286594850,375644790,,cycles,100173075,100.00,,
263.386767334,830073,,rD044,100172205,100.00,,
263.386767334,1701862,,rFF44,100172066,100.00,,
263.386767334,39648770,,instructions,100172676,100.00,0.11,insn per cycle
263.386767334,375616804,,cycles,100174006,100.00,,
263.486952828,763544,,rD044,100173666,100.00,,
263.486952828,1525833,,rFF44,100173735,100.00,,
263.486952828,44476253,,instructions,100174075,100.00,0.12,insn per cycle
263.486952828,375589855,,cycles,100173415,100.00,,
263.587128451,776889,,rD044,100163066,100.00,,
263.587128451,1484094,,rFF44,100163556,100.00,,
263.587128451,29043335,,instructions,100162976,100.00,0.08,insn per cycle
263.587128451,375565385,,cycles,100163736,100.00,,
263.687303635,803414,,rD044,100150775,100.00,,
263.687303635,1519993,,rFF44,100150455,100.00,,
263.687303635,29685545,,instructions,100150525,100.00,0.08,insn per cycle
263.687303635,375498306,,cycles,100149965,100.00,,
263.787479349,794025,,rD044,100164235,100.00,,
263.787479349,1537993,,rFF44,100164136,100.00,,
263.787479349,43928291,,instructions,100164456,100.00,0.12,insn per cycle
263.787479349,375560150,,cycles,100164296,100.00,,
263.887652923,795164,,rD044,100162556,100.00,,
263.887652923,1433710,,rFF44,100162435,100.00,,
263.887652923,26659436,,instructions,100161865,100.00,0.07,insn per cycle
263.887652923,375548730,,cycles,100162285,100.00,,
263.987828767,801874,,rD044,100175805,100.00,,
263.987828767,1453733,,rFF44,100175706,100.00,,
263.987828767,26814697,,instructions,100175856,100.00,0.07,insn per cycle
263.987828767,375647511,,cycles,100175536,100.00,,
264.088005441,795820,,rD044,100164746,100.00,,
264.088005441,1599633,,rFF44,100164665,100.00,,
264.088005441,46977978,,instructions,100164605,100.00,0.13,insn per cycle
264.088005441,375567996,,cycles,100164715,100.00,,
264.188179914,803298,,rD044,100163005,100.00,,
264.188179914,1492073,,rFF44,100162965,100.00,,
264.188179914,28472546,,instructions,100162656,100.00,0.08,insn per cycle
264.188179914,375550420,,cycles,100162806,100.00,,
264.288355948,780623,,rD044,100165166,100.00,,
264.288355948,1481456,,rFF44,100164766,100.00,,
264.288355948,42410603,,instructions,100165215,100.00,0.11,insn per cycle
264.288355948,375561027,,cycles,100164895,100.00,,
264.388531492,792711,,rD044,100163565,100.00,,
264.388531492,1449513,,rFF44,100163785,100.00,,
264.388531492,27018505,,instructions,100163746,100.00,0.07,insn per cycle
264.388531492,375547864,,cycles,100164016,100.00,,
264.488705686,802584,,rD044,100162685,100.00,,
264.488705686,1550463,,rFF44,100163225,100.00,,
264.488705686,30996243,,instructions,100163434,100.00,0.08,insn per cycle
264.488705686,375549301,,cycles,100162794,100.00,,
264.588879710,785701,,rD044,100162155,100.00,,
264.588879710,1595457,,rFF44,100161395,100.00,,
264.588879710,46493516,,instructions,100161235,100.00,0.12,insn per cycle
264.588879710,375548805,,cycles,100161645,100.00,,
264.689056914,791181,,rD044,100165706,100.00,,
264.689056914,1488342,,rFF44,100166416,100.00,,
264.689056914,27896165,,instructions,100167036,100.00,0.07,insn per cycle
264.689056914,375575250,,cycles,100166956,100.00,,
264.789244228,845643,,rD044,100175455,100.00,,
264.789244228,2422568,,rFF44,100175656,100.00,,
264.789244228,68165555,,instructions,100174566,100.00,0.18,insn per cycle
264.789244228,375608613,,cycles,100174576,100.00,,
264.889417841,892134,,rD044,100161696,100.00,,
264.889417841,3582009,,rFF44,100161055,100.00,,
264.889417841,130772252,,instructions,100161695,100.00,0.35,insn per cycle
264.889417841,375565246,,cycles,100162455,100.00,,
264.989593275,797089,,rD044,100164085,100.00,,
264.989593275,2595286,,rFF44,100163905,100.00,,
264.989593275,77379579,,instructions,100163746,100.00,0.21,insn per cycle
264.989593275,375551816,,cycles,100163076,100.00,,
265.089767129,778839,,rD044,100162966,100.00,,
265.089767129,2098140,,rFF44,100163396,100.00,,
265.089767129,68739921,,instructions,100163855,100.00,0.18,insn per cycle
265.089767129,375567542,,cycles,100163815,100.00,,
265.189950193,810405,,rD044,100170965,100.00,,
265.189950193,1522940,,rFF44,100171135,100.00,,
265.189950193,28325693,,instructions,100170956,100.00,0.08,insn per cycle
265.189950193,375584101,,cycles,100171136,100.00,,
265.290124117,810210,,rD044,100162626,100.00,,
265.290124117,1530873,,rFF44,100162306,100.00,,
265.290124117,28631645,,instructions,100162105,100.00,0.08,insn per cycle
265.290124117,375551612,,cycles,100161635,100.00,,
265.390296983,803568,,rD044,100161535,100.00,,
265.390296983,1659938,,rFF44,100161595,100.00,,
265.390296983,48837605,,instructions,100161155,100.00,0.13,insn per cycle
265.390296983,375551398,,cycles,100161445,100.00,,
265.490468688,805711,,rD044,100170976,100.00,,
265.490468688,1489973,,rFF44,100171196,100.00,,
265.490468688,27984129,,instructions,100171476,100.00,0.07,insn per cycle
265.490468688,375607314,,cycles,100171536,100.00,,
265.590640783,803050,,rD044,100171195,100.00,,
265.590640783,1485995,,rFF44,100171435,100.00,,
265.590640783,27730185,,instructions,100171385,100.00,0.07,insn per cycle
265.590640783,375610450,,cycles,100171495,100.00,,
265.690814248,799044,,rD044,100149266,100.00,,
265.690814248,1590722,,rFF44,100148636,100.00,,
265.690814248,45726617,,instructions,100148066,100.00,0.12,insn per cycle
265.690814248,375476357,,cycles,100148156,100.00,,
265.790988802,815345,,rD044,100163965,100.00,,
265.790988802,1563877,,rFF44,100164215,100.00,,
265.790988802,30447030,,instructions,100164695,100.00,0.08,insn per cycle
265.790988802,375563452,,cycles,100164365,100.00,,
265.891161507,792776,,rD044,100161696,100.00,,
265.891161507,1530968,,rFF44,100161766,100.00,,
265.891161507,43454028,,instructions,100162136,100.00,0.12,insn per cycle
265.891161507,375555854,,cycles,100162566,100.00,,
265.991337582,809901,,rD044,100165125,100.00,,
265.991337582,1511692,,rFF44,100164975,100.00,,
265.991337582,28597895,,instructions,100164735,100.00,0.08,insn per cycle
265.991337582,375556375,,cycles,100164735,100.00,,
266.091514497,817325,,rD044,100164936,100.00,,
266.091514497,1605431,,rFF44,100165146,100.00,,
266.091514497,31665370,,instructions,100165126,100.00,0.08,insn per cycle
266.091514497,375556558,,cycles,100164646,100.00,,
266.191687391,794386,,rD044,100161745,100.00,,
266.191687391,1588350,,rFF44,100161425,100.00,,
266.191687391,44924396,,instructions,100161535,100.00,0.12,insn per cycle
266.191687391,375555728,,cycles,100161485,100.00,,
266.291862056,801732,,rD044,100174046,100.00,,
266.291862056,2074504,,rFF44,100173946,100.00,,
266.291862056,51578343,,instructions,100173956,100.00,0.14,insn per cycle
266.291862056,375621450,,cycles,100175166,100.00,,
266.392038671,789818,,rD044,100164825,100.00,,
266.392038671,2541132,,rFF44,100165455,100.00,,
266.392038671,73829727,,instructions,100166065,100.00,0.20,insn per cycle
266.392038671,375568944,,cycles,100165595,100.00,,
266.492212686,757909,,rD044,100162586,100.00,,
266.492212686,2771520,,rFF44,100162386,100.00,,
266.492212686,99858142,,instructions,100161586,100.00,0.27,insn per cycle
266.492212686,375549041,,cycles,100160096,100.00,,
266.592384250,780863,,rD044,100160965,100.00,,
266.592384250,2457248,,rFF44,100161115,100.00,,
266.592384250,71738095,,instructions,100161535,100.00,0.19,insn per cycle
266.592384250,375551383,,cycles,100162435,100.00,,
266.692557995,783453,,rD044,100149616,100.00,,
266.692557995,1482678,,rFF44,100149076,100.00,,
266.692557995,42361055,,instructions,100149326,100.00,0.11,insn per cycle
266.692557995,375488863,,cycles,100149446,100.00,,
266.792731840,806851,,rD044,100165065,100.00,,
266.792731840,1483414,,rFF44,100164855,100.00,,
266.792731840,27572321,,instructions,100164135,100.00,0.07,insn per cycle
266.792731840,375562249,,cycles,100164415,100.00,,
266.892926965,792187,,rD044,100170076,100.00,,
266.892926965,1485534,,rFF44,100171116,100.00,,
266.892926965,28249700,,instructions,100171646,100.00,0.08,insn per cycle
266.892926965,375578606,,cycles,100171646,100.00,,
266.993102320,795258,,rD044,100162874,100.00,,
266.993102320,1568365,,rFF44,100162554,100.00,,
266.993102320,45296914,,instructions,100162844,100.00,0.12,insn per cycle
266.993102320,375552377,,cycles,100162774,100.00,,
267.093277485,799201,,rD044,100164896,100.00,,
267.093277485,1432725,,rFF44,100165136,100.00,,
267.093277485,26545419,,instructions,100164226,100.00,0.07,insn per cycle
267.093277485,375563325,,cycles,100163686,100.00,,
267.193459729,802476,,rD044,100160195,100.00,,
267.193459729,1438203,,rFF44,100159765,100.00,,
267.193459729,26622673,,instructions,100159915,100.00,0.07,insn per cycle
267.193459729,375554665,,cycles,100160315,100.00,,
267.293632526,787675,,rD044,100172896,100.00,,
267.293632526,1603862,,rFF44,100172786,100.00,,
267.293632526,45796333,,instructions,100172746,100.00,0.12,insn per cycle
267.293632526,375647551,,cycles,100172986,100.00,,
267.393812142,792343,,rD044,100178045,100.00,,
267.393812142,1702667,,rFF44,100178325,100.00,,
267.393812142,34848298,,instructions,100179265,100.00,0.09,insn per cycle
267.393812142,375670376,,cycles,100178935,100.00,,
267.493987808,747139,,rD044,100175636,100.00,,
267.493987808,1755539,,rFF44,100175246,100.00,,
267.493987808,49338226,,instructions,100174146,100.00,0.13,insn per cycle
267.493987808,375649442,,cycles,100173566,100.00,,
267.594162054,753832,,rD044,100173765,100.00,,
267.594162054,1681485,,rFF44,100174235,100.00,,
267.594162054,33008675,,instructions,100174905,100.00,0.09,insn per cycle
267.594162054,375655882,,cycles,100175415,100.00,,
267.694336360,851029,,rD044,100173996,100.00,,
267.694336360,3416729,,rFF44,100174116,100.00,,
267.694336360,108663767,,instructions,100173856,100.00,0.29,insn per cycle
267.694336360,375651777,,cycles,100174216,100.00,,
267.794515387,785945,,rD044,100163474,100.00,,
267.794515387,2702360,,rFF44,100163104,100.00,,
267.794515387,95925354,,instructions,100163304,100.00,0.26,insn per cycle
267.794515387,375592281,,cycles,100163044,100.00,,
267.894691883,709732,,rD044,100174996,100.00,,
267.894691883,1746254,,rFF44,100175036,100.00,,
267.894691883,38076509,,instructions,100175226,100.00,0.10,insn per cycle
267.894691883,375656135,,cycles,100175326,100.00,,
267.994866439,765560,,rD044,100174315,100.00,,
267.994866439,2008194,,rFF44,100174005,100.00,,
267.994866439,47375861,,instructions,100173705,100.00,0.13,insn per cycle
267.994866439,375648814,,cycles,100173345,100.00,,
268.095042905,739122,,rD044,100175596,100.00,,
268.095042905,2021313,,rFF44,100176236,100.00,,
268.095042905,61156075,,instructions,100176196,100.00,0.16,insn per cycle
268.095042905,375659185,,cycles,100176366,100.00,,
268.195219231,776335,,rD044,100176345,100.00,,
268.195219231,2085088,,rFF44,100175815,100.00,,
268.195219231,48983595,,instructions,100176355,100.00,0.13,insn per cycle
268.195219231,375661151,,cycles,100176425,100.00,,
268.295397637,888008,,rD044,100177666,100.00,,
268.295397637,3350135,,rFF44,100177916,100.00,,
268.295397637,123790644,,instructions,100177606,100.00,0.33,insn per cycle
268.295397637,375665093,,cycles,100177746,100.00,,
268.395574313,808919,,rD044,100175755,100.00,,
268.395574313,2213651,,rFF44,100175925,100.00,,
268.395574313,52137400,,instructions,100175805,100.00,0.14,insn per cycle
268.395574313,375655517,,cycles,100175375,100.00,,
268.495748929,777382,,rD044,100173506,100.00,,
268.495748929,1996043,,rFF44,100173496,100.00,,
268.495748929,40399222,,instructions,100173226,100.00,0.11,insn per cycle
268.495748929,375650794,,cycles,100173896,100.00,,
268.595938705,775067,,rD044,100189185,100.00,,
268.595938705,2079740,,rFF44,100189155,100.00,,
268.595938705,59637896,,instructions,100189795,100.00,0.16,insn per cycle
268.595938705,375711377,,cycles,100189845,100.00,,
268.696114351,807211,,rD044,100159586,100.00,,
268.696114351,2185308,,rFF44,100159316,100.00,,
268.696114351,56403498,,instructions,100158606,100.00,0.15,insn per cycle
268.696114351,375563525,,cycles,100158846,100.00,,
268.796288897,940757,,rD044,100175865,100.00,,
268.796288897,3043458,,rFF44,100175855,100.00,,
268.796288897,107499863,,instructions,100176135,100.00,0.29,insn per cycle
268.796288897,375641191,,cycles,100175275,100.00,,
268.896476843,729742,,rD044,100176046,100.00,,
268.896476843,2340546,,rFF44,100176056,100.00,,
268.896476843,74812335,,instructions,100176126,100.00,0.20,insn per cycle
268.896476843,375643199,,cycles,100176826,100.00,,
268.996655729,760577,,rD044,100178075,100.00,,
268.996655729,2397617,,rFF44,100178175,100.00,,
268.996655729,61784343,,instructions,100177695,100.00,0.16,insn per cycle
268.996655729,375663424,,cycles,100177255,100.00,,
269.096833635,742711,,rD044,100177256,100.00,,
269.096833635,2427427,,rFF44,100177276,100.00,,
269.096833635,77195720,,instructions,100177566,100.00,0.21,insn per cycle
269.096833635,375666101,,cycles,100177996,100.00,,
269.197012651,762365,,rD044,100178475,100.00,,
269.197012651,2413007,,rFF44,100178815,100.00,,
269.197012651,62191302,,instructions,100179095,100.00,0.17,insn per cycle
269.197012651,375667906,,cycles,100178465,100.00,,
269.297191477,760352,,rD044,100177946,100.00,,
269.297191477,2395553,,rFF44,100177606,100.00,,
269.297191477,60692748,,instructions,100177316,100.00,0.16,insn per cycle
269.297191477,375666160,,cycles,100177996,100.00,,
269.397367493,754691,,rD044,100175835,100.00,,
269.397367493,2397738,,rFF44,100175685,100.00,,
269.397367493,72032402,,instructions,100176185,100.00,0.19,insn per cycle
269.397367493,375660104,,cycles,100176385,100.00,,
269.497546130,785206,,rD044,100178446,100.00,,
269.497546130,2405234,,rFF44,100178576,100.00,,
269.497546130,55814685,,instructions,100177956,100.00,0.15,insn per cycle
269.497546130,375665189,,cycles,100177746,100.00,,
269.597726106,786291,,rD044,100178755,100.00,,
269.597726106,2403459,,rFF44,100178825,100.00,,
269.597726106,55623138,,instructions,100179085,100.00,0.15,insn per cycle
269.597726106,375669561,,cycles,100178886,100.00,,
269.697905042,759094,,rD044,100178186,100.00,,
269.697905042,2335371,,rFF44,100177776,100.00,,
269.697905042,67627843,,instructions,100177686,100.00,0.18,insn per cycle
269.697905042,375664575,,cycles,100177585,100.00,,
269.798080898,777295,,rD044,100161755,100.00,,
269.798080898,2395746,,rFF44,100162185,100.00,,
269.798080898,59221491,,instructions,100162595,100.00,0.16,insn per cycle
269.798080898,375588521,,cycles,100162316,100.00,,
269.898259654,749447,,rD044,100178006,100.00,,
269.898259654,2239258,,rFF44,100177896,100.00,,
269.898259654,63533293,,instructions,100178106,100.00,0.17,insn per cycle
269.898259654,375665847,,cycles,100177955,100.00,,
269.998438620,769326,,rD044,100177835,100.00,,
269.998438620,2262816,,rFF44,100178895,100.00,,
269.998438620,50371342,,instructions,100178496,100.00,0.13,insn per cycle
269.998438620,375667810,,cycles,100178416,100.00,,
270.098617776,777487,,rD044,100179096,100.00,,
270.098617776,2353032,,rFF44,100177896,100.00,,
270.098617776,54962986,,instructions,100178435,100.00,0.15,insn per cycle
270.098617776,375668049,,cycles,100178525,100.00,,
270.198821992,768853,,rD044,100202656,100.00,,
270.198821992,2656735,,rFF44,100203326,100.00,,
270.198821992,84446504,,instructions,100202766,100.00,0.22,insn per cycle
270.198821992,375754850,,cycles,100202466,100.00,,
270.299003428,774204,,rD044,100180665,100.00,,
270.299003428,2516418,,rFF44,100180235,100.00,,
270.299003428,63436598,,instructions,100180105,100.00,0.17,insn per cycle
270.299003428,375667373,,cycles,100180795,100.00,,
270.399179144,774089,,rD044,100175906,100.00,,
270.399179144,2518854,,rFF44,100175916,100.00,,
270.399179144,63410427,,instructions,100175766,100.00,0.17,insn per cycle
270.399179144,375657464,,cycles,100175696,100.00,,
270.499367991,746166,,rD044,100187835,100.00,,
270.499367991,2476891,,rFF44,100187915,100.00,,
270.499367991,77953356,,instructions,100188575,100.00,0.21,insn per cycle
270.499367991,375705031,,cycles,100188385,100.00,,
270.599546717,768657,,rD044,100178176,100.00,,
270.599546717,2248156,,rFF44,100177806,100.00,,
270.599546717,49110825,,instructions,100177166,100.00,0.13,insn per cycle
270.599546717,375663288,,cycles,100177226,100.00,,
270.699724283,751914,,rD044,100177755,100.00,,
270.699724283,2305538,,rFF44,100178255,100.00,,
270.699724283,66590440,,instructions,100178585,100.00,0.18,insn per cycle
270.699724283,375670347,,cycles,100179105,100.00,,
270.799909179,773353,,rD044,100169226,100.00,,
270.799909179,2483924,,rFF44,100169136,100.00,,
270.799909179,61939391,,instructions,100168916,100.00,0.16,insn per cycle
270.799909179,375612113,,cycles,100168586,100.00,,
270.900087315,766985,,rD044,100177515,100.00,,
270.900087315,2399277,,rFF44,100177515,100.00,,
270.900087315,59351498,,instructions,100177725,100.00,0.16,insn per cycle
270.900087315,375663312,,cycles,100177035,100.00,,
271.000277571,759352,,rD044,100189966,100.00,,
271.000277571,2477331,,rFF44,100189776,100.00,,
271.000277571,78111285,,instructions,100189226,100.00,0.21,insn per cycle
271.000277571,375710697,,cycles,100189876,100.00,,
271.100469087,791463,,rD044,100190715,100.00,,
271.100469087,2498572,,rFF44,100191355,100.00,,
271.100469087,64183816,,instructions,100191325,100.00,0.17,insn per cycle
271.100469087,375714583,,cycles,100190915,100.00,,
271.200662113,802203,,rD044,100181886,100.00,,
271.200662113,2648657,,rFF44,100181136,100.00,,
271.200662113,70437096,,instructions,100181606,100.00,0.19,insn per cycle
271.200662113,375664200,,cycles,100182316,100.00,,
271.300840470,756688,,rD044,100177605,100.00,,
271.300840470,2458120,,rFF44,100177185,100.00,,
271.300840470,76278709,,instructions,100177185,100.00,0.20,insn per cycle
271.300840470,375661486,,cycles,100176755,100.00,,
271.401020116,759099,,rD044,100178876,100.00,,
271.401020116,2199963,,rFF44,100179566,100.00,,
271.401020116,49295438,,instructions,100179406,100.00,0.13,insn per cycle
271.401020116,375669735,,cycles,100178956,100.00,,
271.501196862,746899,,rD044,100175665,100.00,,
271.501196862,2252970,,rFF44,100175125,100.00,,
271.501196862,65807825,,instructions,100174715,100.00,0.18,insn per cycle
271.501196862,375654056,,cycles,100174985,100.00,,
271.601382818,778565,,rD044,100185726,100.00,,
271.601382818,2353254,,rFF44,100186416,100.00,,
271.601382818,55336732,,instructions,100186716,100.00,0.15,insn per cycle
271.601382818,375699790,,cycles,100186956,100.00,,
271.701559324,754764,,rD044,100161895,100.00,,
271.701559324,2266252,,rFF44,100161855,100.00,,
271.701559324,52314204,,instructions,100162185,100.00,0.14,insn per cycle
271.701559324,375588526,,cycles,100162185,100.00,,
271.801737030,776499,,rD044,100177146,100.00,,
271.801737030,2264561,,rFF44,100176906,100.00,,
271.801737030,66773488,,instructions,100176406,100.00,0.18,insn per cycle
271.801737030,375661023,,cycles,100176636,100.00,,
271.901922876,772070,,rD044,100185695,100.00,,
271.901922876,2191060,,rFF44,100185475,100.00,,
271.901922876,49492434,,instructions,100185805,100.00,0.13,insn per cycle
271.901922876,375693360,,cycles,100185175,100.00,,
272.002107222,787153,,rD044,100184106,100.00,,
272.002107222,2176764,,rFF44,100184066,100.00,,
272.002107222,50160994,,instructions,100183976,100.00,0.13,insn per cycle
272.002107222,375687947,,cycles,100183876,100.00,,
272.102291838,750622,,rD044,100182965,100.00,,
272.102291838,2335930,,rFF44,100183865,100.00,,
272.102291838,70979256,,instructions,100183815,100.00,0.19,insn per cycle
272.102291838,375689710,,cycles,100184216,100.00,,
272.202470474,769102,,rD044,100177716,100.00,,
272.202470474,2377031,,rFF44,100177086,100.00,,
272.202470474,55542517,,instructions,100177346,100.00,0.15,insn per cycle
272.202470474,375662620,,cycles,100177085,100.00,,
272.302659210,736006,,rD044,100189016,100.00,,
272.302659210,2284348,,rFF44,100189076,100.00,,
272.302659210,65961808,,instructions,100188816,100.00,0.18,insn per cycle
272.302659210,375708098,,cycles,100189216,100.00,,
272.402836487,776909,,rD044,100175615,100.00,,
272.402836487,2259469,,rFF44,100175305,100.00,,
272.402836487,50390826,,instructions,100175635,100.00,0.13,insn per cycle
272.402836487,375657391,,cycles,100175665,100.00,,
272.503020173,766835,,rD044,100183756,100.00,,
272.503020173,2422988,,rFF44,100183786,100.00,,
272.503020173,57705678,,instructions,100183546,100.00,0.15,insn per cycle
272.503020173,375687379,,cycles,100183596,100.00,,
272.603196439,770831,,rD044,100175615,100.00,,
272.603196439,2357007,,rFF44,100175895,100.00,,
272.603196439,68835867,,instructions,100175265,100.00,0.18,insn per cycle
272.603196439,375654860,,cycles,100175035,100.00,,
272.703377095,748985,,rD044,100179856,100.00,,
272.703377095,2323078,,rFF44,100179696,100.00,,
272.703377095,55532899,,instructions,100179906,100.00,0.15,insn per cycle
272.703377095,375674058,,cycles,100180106,100.00,,
272.803568151,777278,,rD044,100177375,100.00,,
272.803568151,2195384,,rFF44,100177075,100.00,,
272.803568151,51489277,,instructions,100177805,100.00,0.14,insn per cycle
272.803568151,375646896,,cycles,100177625,100.00,,
272.903749907,751665,,rD044,100180576,100.00,,
272.903749907,2384918,,rFF44,100180576,100.00,,
272.903749907,70266125,,instructions,100179896,100.00,0.19,insn per cycle
272.903749907,375673584,,cycles,100179976,100.00,,
273.003946843,752246,,rD044,100196205,100.00,,
273.003946843,2330560,,rFF44,100197335,100.00,,
273.003946843,53529332,,instructions,100197795,100.00,0.14,insn per cycle
273.003946843,375740148,,cycles,100197725,100.00,,
273.104123739,753461,,rD044,100176816,100.00,,
273.104123739,2414998,,rFF44,100175736,100.00,,
273.104123739,71709983,,instructions,100175206,100.00,0.19,insn per cycle
273.104123739,375656714,,cycles,100175436,100.00,,
273.204309105,1355651,,rD044,100184285,100.00,,
273.204309105,3956540,,rFF44,100184655,100.00,,
273.204309105,155305461,,instructions,100184895,100.00,0.41,insn per cycle
273.204309105,375692980,,cycles,100185135,100.00,,
273.304496572,1194618,,rD044,100185906,100.00,,
273.304496572,4212381,,rFF44,100186246,100.00,,
273.304496572,173748679,,instructions,100185986,100.00,0.46,insn per cycle
273.304496572,375695876,,cycles,100185986,100.00,,
273.404673378,1132125,,rD044,100177255,100.00,,
273.404673378,4110653,,rFF44,100176275,100.00,,
273.404673378,182854173,,instructions,100176605,100.00,0.49,insn per cycle
273.404673378,375659559,,cycles,100176195,100.00,,
273.504860084,1160873,,rD044,100186336,100.00,,
273.504860084,4138077,,rFF44,100186416,100.00,,
273.504860084,171069604,,instructions,100186456,100.00,0.46,insn per cycle
273.504860084,375696053,,cycles,100185936,100.00,,
273.605037890,1157678,,rD044,100175685,100.00,,
273.605037890,4160507,,rFF44,100175305,100.00,,
273.605037890,171132131,,instructions,100175885,100.00,0.46,insn per cycle
273.605037890,375658193,,cycles,100175945,100.00,,
273.705222636,1146388,,rD044,100171195,100.00,,
273.705222636,4193934,,rFF44,100171975,100.00,,
273.705222636,187678538,,instructions,100171055,100.00,0.50,insn per cycle
273.705222636,375621829,,cycles,100171295,100.00,,
273.805398262,1385231,,rD044,100175405,100.00,,
273.805398262,4540155,,rFF44,100175995,100.00,,
273.805398262,195669563,,instructions,100176495,100.00,0.52,insn per cycle
273.805398262,375658165,,cycles,100176065,100.00,,
273.905574168,1497263,,rD044,100175446,100.00,,
273.905574168,4758217,,rFF44,100174786,100.00,,
273.905574168,222933314,,instructions,100174656,100.00,0.59,insn per cycle
273.905574168,375657821,,cycles,100175576,100.00,,
274.005764364,1385661,,rD044,100190055,100.00,,
274.005764364,4491884,,rFF44,100190425,100.00,,
274.005764364,194056360,,instructions,100190195,100.00,0.52,insn per cycle
274.005764364,375709564,,cycles,100189495,100.00,,
274.105948600,1335351,,rD044,100182606,100.00,,
274.105948600,4318743,,rFF44,100182406,100.00,,
274.105948600,181963116,,instructions,100182416,100.00,0.48,insn per cycle
274.105948600,375685430,,cycles,100183226,100.00,,
274.206125907,1009930,,rD044,100177465,100.00,,
274.206125907,4060646,,rFF44,100177725,100.00,,
274.206125907,178507852,,instructions,100177825,100.00,0.48,insn per cycle
274.206125907,375662756,,cycles,100177085,100.00,,
274.306304263,978048,,rD044,100177216,100.00,,
274.306304263,4084312,,rFF44,100177086,100.00,,
274.306304263,164877217,,instructions,100176586,100.00,0.44,insn per cycle
274.306304263,375659780,,cycles,100176496,100.00,,
274.406480959,978142,,rD044,100175875,100.00,,
274.406480959,4099458,,rFF44,100175985,100.00,,
274.406480959,164538535,,instructions,100176185,100.00,0.44,insn per cycle
274.406480959,375659980,,cycles,100176305,100.00,,
274.506657655,951937,,rD044,100176226,100.00,,
274.506657655,4021296,,rFF44,100176006,100.00,,
274.506657655,176564249,,instructions,100175866,100.00,0.47,insn per cycle
274.506657655,375657667,,cycles,100175776,100.00,,
274.606833351,983453,,rD044,100174785,100.00,,
274.606833351,4043636,,rFF44,100174285,100.00,,
274.606833351,164457837,,instructions,100174785,100.00,0.44,insn per cycle
274.606833351,375654920,,cycles,100174995,100.00,,
274.707008467,957225,,rD044,100160806,100.00,,
274.707008467,4044232,,rFF44,100161246,100.00,,
274.707008467,176325587,,instructions,100160766,100.00,0.47,insn per cycle
274.707008467,375582862,,cycles,100161266,100.00,,
274.807183543,982630,,rD044,100174955,100.00,,
274.807183543,4088509,,rFF44,100174625,100.00,,
274.807183543,164778909,,instructions,100174875,100.00,0.44,insn per cycle
274.807183543,375654237,,cycles,100174745,100.00,,
274.907360739,979551,,rD044,100175186,100.00,,
274.907360739,4126596,,rFF44,100175466,100.00,,
274.907360739,167362974,,instructions,100175426,100.00,0.45,insn per cycle
274.907360739,375656544,,cycles,100175446,100.00,,
275.007535315,953598,,rD044,100174355,100.00,,
275.007535315,4098842,,rFF44,100174535,100.00,,
275.007535315,178774354,,instructions,100174705,100.00,0.48,insn per cycle
275.007535315,375653304,,cycles,100174625,100.00,,
275.107711611,978349,,rD044,100176246,100.00,,
275.107711611,4134661,,rFF44,100176236,100.00,,
275.107711611,167694141,,instructions,100177466,100.00,0.45,insn per cycle
275.107711611,375665179,,cycles,100177566,100.00,,
275.207897037,977331,,rD044,100173525,100.00,,
275.207897037,4119292,,rFF44,100173955,100.00,,
275.207897037,167223042,,instructions,100172895,100.00,0.45,insn per cycle
275.207897037,375628670,,cycles,100172945,100.00,,
275.308074343,953607,,rD044,100176596,100.00,,
275.308074343,4088451,,rFF44,100175816,100.00,,
275.308074343,178989064,,instructions,100175496,100.00,0.48,insn per cycle
275.308074343,375655142,,cycles,100175306,100.00,,
275.408248199,979170,,rD044,100173585,100.00,,
275.408248199,4104160,,rFF44,100173945,100.00,,
275.408248199,167172651,,instructions,100174255,100.00,0.45,insn per cycle
275.408248199,375651568,,cycles,100173885,100.00,,
275.508425355,957160,,rD044,100176216,100.00,,
275.508425355,4110951,,rFF44,100175616,100.00,,
275.508425355,179838309,,instructions,100194146,100.00,0.48,insn per cycle
275.508425355,375728617,,cycles,100194656,100.00,,
275.608620321,977974,,rD044,100194735,100.00,,
275.608620321,4135502,,rFF44,100195055,100.00,,
275.608620321,166802892,,instructions,100177335,100.00,0.44,insn per cycle
275.608620321,375664160,,cycles,100177466,100.00,,
275.708797617,966674,,rD044,100176156,100.00,,
275.708797617,4126540,,rFF44,100179456,100.00,,
275.708797617,167392416,,instructions,100178746,100.00,0.45,insn per cycle
275.708797617,375666307,,cycles,100178065,100.00,,
275.808979284,937529,,rD044,100166785,100.00,,
275.808979284,4094963,,rFF44,100163805,100.00,,
275.808979284,178560413,,instructions,100164226,100.00,0.48,insn per cycle
275.808979284,375599244,,cycles,100164796,100.00,,
275.909157020,962777,,rD044,100176676,100.00,,
275.909157020,4122712,,rFF44,100176576,100.00,,
275.909157020,168524194,,instructions,100176745,100.00,0.45,insn per cycle
275.909157020,375659711,,cycles,100176415,100.00,,
276.009335086,954755,,rD044,100177535,100.00,,
276.009335086,4109145,,rFF44,100177195,100.00,,
276.009335086,167461408,,instructions,100176516,100.00,0.45,insn per cycle
276.009335086,375661264,,cycles,100176676,100.00,,
276.109513722,933410,,rD044,100177776,100.00,,
276.109513722,4094030,,rFF44,100177656,100.00,,
276.109513722,179609406,,instructions,100177985,100.00,0.48,insn per cycle
276.109513722,375662871,,cycles,100177335,100.00,,
276.209690798,948725,,rD044,100176275,100.00,,
276.209690798,4092067,,rFF44,100177006,100.00,,
276.209690798,166939206,,instructions,100176276,100.00,0.44,insn per cycle
276.209690798,375661194,,cycles,100176616,100.00,,
276.309865044,927536,,rD044,100173236,100.00,,
276.309865044,4053596,,rFF44,100172315,100.00,,
276.309865044,178753712,,instructions,100172535,100.00,0.48,insn per cycle
276.309865044,375649298,,cycles,100173555,100.00,,
276.410042980,950280,,rD044,100178105,100.00,,
276.410042980,4115145,,rFF44,100178385,100.00,,
276.410042980,168192459,,instructions,100178306,100.00,0.45,insn per cycle
276.410042980,375662852,,cycles,100177056,100.00,,
276.510218486,948432,,rD044,100174446,100.00,,
276.510218486,3913396,,rFF44,100175496,100.00,,
276.510218486,153591628,,instructions,100175615,100.00,0.41,insn per cycle
276.510218486,375658877,,cycles,100176115,100.00,,
276.610394862,884419,,rD044,100175715,100.00,,
276.610394862,3642198,,rFF44,100175215,100.00,,
276.610394862,152596160,,instructions,100174906,100.00,0.41,insn per cycle
276.610394862,375652253,,cycles,100174256,100.00,,
276.710569658,912243,,rD044,100160086,100.00,,
276.710569658,3764170,,rFF44,100159576,100.00,,
276.710569658,148350132,,instructions,100159925,100.00,0.39,insn per cycle
276.710569658,375581574,,cycles,100160655,100.00,,
276.810746164,1238344,,rD044,100176065,100.00,,
276.810746164,4296012,,rFF44,100176085,100.00,,
276.810746164,183836882,,instructions,100175695,100.00,0.49,insn per cycle
276.810746164,375655818,,cycles,100175236,100.00,,
276.910943020,1323971,,rD044,100196826,100.00,,
276.910943020,4345571,,rFF44,100197186,100.00,,
276.910943020,203137402,,instructions,100197476,100.00,0.54,insn per cycle
276.910943020,375741885,,cycles,100197965,100.00,,
277.011120086,1570367,,rD044,100176426,100.00,,
277.011120086,4614371,,rFF44,100176836,100.00,,
277.011120086,206766273,,instructions,100178196,100.00,0.55,insn per cycle
277.011120086,375667423,,cycles,100178356,100.00,,
277.111307072,1158797,,rD044,100170165,100.00,,
277.111307072,3914616,,rFF44,100169775,100.00,,
277.111307072,180055861,,instructions,100168455,100.00,0.48,insn per cycle
277.111307072,375607128,,cycles,100168305,100.00,,
277.211484228,1151968,,rD044,100176176,100.00,,
277.211484228,3917987,,rFF44,100175806,100.00,,
277.211484228,151587263,,instructions,100175606,100.00,0.40,insn per cycle
277.211484228,375654787,,cycles,100174976,100.00,,
277.311658444,1168747,,rD044,100203245,100.00,,
277.311658444,4297423,,rFF44,100203235,100.00,,
277.311658444,172869072,,instructions,100203535,100.00,0.46,insn per cycle
277.311658444,375764965,,cycles,100204335,100.00,,
277.411867611,955379,,rD044,100179076,100.00,,
277.411867611,3616793,,rFF44,100179596,100.00,,
277.411867611,154330542,,instructions,100179506,100.00,0.41,insn per cycle
277.411867611,375670971,,cycles,100179256,100.00,,
277.512047857,978241,,rD044,100180225,100.00,,
277.512047857,3699021,,rFF44,100180145,100.00,,
277.512047857,143794638,,instructions,100180515,100.00,0.38,insn per cycle
277.512047857,375675480,,cycles,100180485,100.00,,
277.612226293,1018424,,rD044,100177116,100.00,,
277.612226293,3778700,,rFF44,100176026,100.00,,
277.612226293,147416679,,instructions,100175886,100.00,0.39,insn per cycle
277.612226293,375659450,,cycles,100176196,100.00,,
277.712403009,1447855,,rD044,100161495,100.00,,
277.712403009,4624842,,rFF44,100162105,100.00,,
277.712403009,212758597,,instructions,100162045,100.00,0.57,insn per cycle
277.712403009,375642243,,cycles,100176805,100.00,,
277.812594325,1729302,,rD044,100190766,100.00,,
277.812594325,5394768,,rFF44,100191336,100.00,,
277.812594325,246628099,,instructions,100191226,100.00,0.66,insn per cycle
277.812594325,375659687,,cycles,100176076,100.00,,
277.912772841,1541929,,rD044,100177675,100.00,,
277.912772841,4582342,,rFF44,100177785,100.00,,
277.912772841,216275984,,instructions,100178025,100.00,0.58,insn per cycle
277.912772841,375667122,,cycles,100178245,100.00,,
278.012964118,1828174,,rD044,100190586,100.00,,
278.012964118,5283692,,rFF44,100190716,100.00,,
278.012964118,248584225,,instructions,100190216,100.00,0.66,insn per cycle
278.012964118,375712985,,cycles,100190476,100.00,,
278.113141664,1664433,,rD044,100177655,100.00,,
278.113141664,4813794,,rFF44,100177075,100.00,,
278.113141664,216156102,,instructions,100177375,100.00,0.58,insn per cycle
278.113141664,375661153,,cycles,100176665,100.00,,
278.213320020,1669400,,rD044,100176956,100.00,,
278.213320020,4694373,,rFF44,100177266,100.00,,
278.213320020,218266816,,instructions,100177406,100.00,0.58,insn per cycle
278.213320020,375666751,,cycles,100178166,100.00,,
278.313499436,1319732,,rD044,100179355,100.00,,
278.313499436,4184686,,rFF44,100178045,100.00,,
278.313499436,166783499,,instructions,100178115,100.00,0.44,insn per cycle
278.313499436,375664647,,cycles,100177585,100.00,,
278.413678652,1174325,,rD044,100177836,100.00,,
278.413678652,3819089,,rFF44,100179576,100.00,,
278.413678652,148742054,,instructions,100179356,100.00,0.40,insn per cycle
278.413678652,375672421,,cycles,100179686,100.00,,
278.513855568,1145107,,rD044,100176655,100.00,,
278.513855568,3941143,,rFF44,100175305,100.00,,
278.513855568,171932181,,instructions,100175195,100.00,0.46,insn per cycle
278.513855568,375657411,,cycles,100175605,100.00,,
278.614035524,871006,,rD044,100179246,100.00,,
278.614035524,3686497,,rFF44,100179586,100.00,,
278.614035524,139349651,,instructions,100179986,100.00,0.37,insn per cycle
278.614035524,375671835,,cycles,100179536,100.00,,
278.714212510,879532,,rD044,100176145,100.00,,
278.714212510,3829197,,rFF44,100176845,100.00,,
278.714212510,160223269,,instructions,100177355,100.00,0.43,insn per cycle
278.714212510,375662322,,cycles,100177005,100.00,,
278.814390296,965652,,rD044,100163876,100.00,,
278.814390296,4463343,,rFF44,100163246,100.00,,
278.814390296,167427380,,instructions,100162176,100.00,0.45,insn per cycle
278.814390296,375587922,,cycles,100161966,100.00,,
278.914566802,940535,,rD044,100175515,100.00,,
278.914566802,4141109,,rFF44,100175755,100.00,,
278.914566802,165122101,,instructions,100176045,100.00,0.44,insn per cycle
278.914566802,375658643,,cycles,100176205,100.00,,
279.014741308,1289795,,rD044,100173936,100.00,,
279.014741308,4430267,,rFF44,100174196,100.00,,
279.014741308,201858989,,instructions,100174326,100.00,0.54,insn per cycle
279.014741308,375651535,,cycles,100173926,100.00,,
279.114945204,1351866,,rD044,100203095,100.00,,
279.114945204,4474779,,rFF44,100202665,100.00,,
279.114945204,192833007,,instructions,100202895,100.00,0.51,insn per cycle
279.114945204,375761840,,cycles,100203495,100.00,,
279.215126110,867060,,rD044,100169306,100.00,,
279.215126110,4279464,,rFF44,100169206,100.00,,
279.215126110,147567345,,instructions,100169106,100.00,0.39,insn per cycle
279.215126110,375615439,,cycles,100169376,100.00,,
279.315304287,1309455,,rD044,100177135,100.00,,
279.315304287,5297987,,rFF44,100177475,100.00,,
279.315304287,230378241,,instructions,100176855,100.00,0.61,insn per cycle
279.315304287,375661437,,cycles,100176645,100.00,,
279.415480863,1424901,,rD044,100175606,100.00,,
279.415480863,5527629,,rFF44,100175526,100.00,,
279.415480863,229017497,,instructions,100175336,100.00,0.61,insn per cycle
279.415480863,375655012,,cycles,100175106,100.00,,
279.515656169,1266632,,rD044,100175255,100.00,,
279.515656169,5467958,,rFF44,100175055,100.00,,
279.515656169,233135975,,instructions,100175685,100.00,0.62,insn per cycle
279.515656169,375657013,,cycles,100175555,100.00,,
279.615831405,961832,,rD044,100174386,100.00,,
279.615831405,4119579,,rFF44,100174216,100.00,,
279.615831405,157561700,,instructions,100174196,100.00,0.42,insn per cycle
279.615831405,375654458,,cycles,100174876,100.00,,
279.716006581,866697,,rD044,100158625,100.00,,
279.716006581,3983009,,rFF44,100159295,100.00,,
279.716006581,151475591,,instructions,100159125,100.00,0.40,insn per cycle
279.716006581,375573066,,cycles,100158655,100.00,,
279.816182197,796558,,rD044,100175316,100.00,,
279.816182197,4237484,,rFF44,100174786,100.00,,
279.816182197,168014262,,instructions,100175246,100.00,0.45,insn per cycle
279.816182197,375655175,,cycles,100175316,100.00,,
279.916357413,1329928,,rD044,100178995,100.00,,
279.916357413,5522994,,rFF44,100178975,100.00,,
279.916357413,225281434,,instructions,100178285,100.00,0.60,insn per cycle
279.916357413,375668811,,cycles,100178495,100.00,,
280.016539379,1691574,,rD044,100177986,100.00,,
280.016539379,5295240,,rFF44,100177926,100.00,,
280.016539379,235846272,,instructions,100179156,100.00,0.63,insn per cycle
280.016539379,375667297,,cycles,100178296,100.00,,
280.116716095,1489232,,rD044,100175835,100.00,,
280.116716095,5253218,,rFF44,100176095,100.00,,
280.116716095,231659093,,instructions,100175775,100.00,0.62,insn per cycle
280.116716095,375662766,,cycles,100177085,100.00,,
280.216897881,1531013,,rD044,100181276,100.00,,
280.216897881,5235422,,rFF44,100181486,100.00,,
280.216897881,226187592,,instructions,100181086,100.00,0.60,insn per cycle
280.216897881,375673299,,cycles,100180056,100.00,,
280.317076297,1540387,,rD044,100177875,100.00,,
280.317076297,5262528,,rFF44,100177515,100.00,,
280.317076297,231347536,,instructions,100177785,100.00,0.62,insn per cycle
280.317076297,375665546,,cycles,100177696,100.00,,
280.417254023,1558355,,rD044,100176816,100.00,,
280.417254023,5279554,,rFF44,100177176,100.00,,
280.417254023,225447702,,instructions,100176336,100.00,0.60,insn per cycle
280.417254023,375662049,,cycles,100176905,100.00,,
280.517432919,1461754,,rD044,100178405,100.00,,
280.517432919,5343226,,rFF44,100178655,100.00,,
280.517432919,232067927,,instructions,100179436,100.00,0.62,insn per cycle
280.517432919,375674055,,cycles,100180126,100.00,,
280.617610135,1285868,,rD044,100176576,100.00,,
280.617610135,5405534,,rFF44,100176046,100.00,,
280.617610135,220862163,,instructions,100176205,100.00,0.59,insn per cycle
280.617610135,375655414,,cycles,100175065,100.00,,
280.717788631,1290812,,rD044,100162775,100.00,,
280.717788631,5355210,,rFF44,100163205,100.00,,
280.717788631,230344776,,instructions,100177176,100.00,0.61,insn per cycle
280.717788631,375644633,,cycles,100177706,100.00,,
280.817979028,1368828,,rD044,100189726,100.00,,
280.817979028,5068534,,rFF44,100189876,100.00,,
280.817979028,209952559,,instructions,100175105,100.00,0.56,insn per cycle
280.817979028,375655401,,cycles,100175135,100.00,,
280.918156244,1172776,,rD044,100176856,100.00,,
280.918156244,5032091,,rFF44,100177026,100.00,,
280.918156244,197147198,,instructions,100177536,100.00,0.52,insn per cycle
280.918156244,375661958,,cycles,100176896,100.00,,
281.018334430,1113195,,rD044,100178505,100.00,,
281.018334430,4973404,,rFF44,100178525,100.00,,
281.018334430,194869960,,instructions,100178115,100.00,0.52,insn per cycle
281.018334430,375667423,,cycles,100178255,100.00,,
281.118513846,1368092,,rD044,100178496,100.00,,
281.118513846,5257060,,rFF44,100177996,100.00,,
281.118513846,221687186,,instructions,100177756,100.00,0.59,insn per cycle
281.118513846,375664945,,cycles,100177676,100.00,,
281.218695482,1498617,,rD044,100180095,100.00,,
281.218695482,5131818,,rFF44,100180205,100.00,,
281.218695482,223330943,,instructions,100180955,100.00,0.59,insn per cycle
281.218695482,375677694,,cycles,100181325,100.00,,
281.318874238,1226919,,rD044,100178426,100.00,,
281.318874238,4863988,,rFF44,100178236,100.00,,
281.318874238,195379113,,instructions,100178776,100.00,0.52,insn per cycle
281.318874238,375669244,,cycles,100178636,100.00,,
281.419051334,1126694,,rD044,100175365,100.00,,
281.419051334,5382693,,rFF44,100175295,100.00,,
281.419051334,234926237,,instructions,100174415,100.00,0.63,insn per cycle
281.419051334,375649821,,cycles,100173645,100.00,,
281.519225630,1326670,,rD044,100175106,100.00,,
281.519225630,5250713,,rFF44,100174916,100.00,,
281.519225630,214910249,,instructions,100175416,100.00,0.57,insn per cycle
281.519225630,375656377,,cycles,100175396,100.00,,
281.619401426,1270538,,rD044,100174755,100.00,,
281.619401426,5033922,,rFF44,100175475,100.00,,
281.619401426,207921456,,instructions,100175435,100.00,0.55,insn per cycle
281.619401426,375660104,,cycles,100176275,100.00,,
281.719580522,821316,,rD044,100163416,100.00,,
281.719580522,3744260,,rFF44,100162496,100.00,,
281.719580522,146508675,,instructions,100161956,100.00,0.39,insn per cycle
281.719580522,375587230,,cycles,100162146,100.00,,
281.819756858,727117,,rD044,100175555,100.00,,
281.819756858,3396158,,rFF44,100176155,100.00,,
281.819756858,122794079,,instructions,100176635,100.00,0.33,insn per cycle
281.819756858,375663359,,cycles,100177245,100.00,,
281.919942744,816918,,rD044,100184746,100.00,,
281.919942744,3584184,,rFF44,100184526,100.00,,
281.919942744,132894058,,instructions,100184356,100.00,0.35,insn per cycle
281.919942744,375687990,,cycles,100183866,100.00,,
282.020115820,978078,,rD044,100173215,100.00,,
282.020115820,3973817,,rFF44,100172955,100.00,,
282.020115820,158626257,,instructions,100172655,100.00,0.42,insn per cycle
282.020115820,375644608,,cycles,100172455,100.00,,
282.120291186,1013669,,rD044,100173846,100.00,,
282.120291186,4036179,,rFF44,100173886,100.00,,
282.120291186,161709460,,instructions,100174286,100.00,0.43,insn per cycle
282.120291186,375651829,,cycles,100173966,100.00,,
282.220466302,904247,,rD044,100176105,100.00,,
282.220466302,4207848,,rFF44,100176415,100.00,,
282.220466302,186247648,,instructions,100176265,100.00,0.50,insn per cycle
282.220466302,375663316,,cycles,100177275,100.00,,
282.320645418,947556,,rD044,100176826,100.00,,
282.320645418,3953630,,rFF44,100177106,100.00,,
282.320645418,156629462,,instructions,100177336,100.00,0.42,insn per cycle
282.320645418,375660885,,cycles,100176536,100.00,,
282.420820794,928382,,rD044,100175815,100.00,,
282.420820794,3918022,,rFF44,100175175,100.00,,
282.420820794,155160495,,instructions,100175045,100.00,0.41,insn per cycle
282.420820794,375653260,,cycles,100174795,100.00,,
282.520994520,934127,,rD044,100172506,100.00,,
282.520994520,3938347,,rFF44,100172546,100.00,,
282.520994520,156087809,,instructions,100171936,100.00,0.42,insn per cycle
282.520994520,375647012,,cycles,100172836,100.00,,
282.621170036,936383,,rD044,100174705,100.00,,
282.621170036,3937315,,rFF44,100174715,100.00,,
282.621170036,156134596,,instructions,100175085,100.00,0.42,insn per cycle
282.621170036,375652079,,cycles,100174295,100.00,,
282.721343782,939627,,rD044,100159776,100.00,,
282.721343782,3964708,,rFF44,100160216,100.00,,
282.721343782,157131585,,instructions,100159536,100.00,0.42,insn per cycle
282.721343782,375579602,,cycles,100159906,100.00,,
282.821519538,980194,,rD044,100174655,100.00,,
282.821519538,4016227,,rFF44,100175195,100.00,,
282.821519538,160976448,,instructions,100175985,100.00,0.43,insn per cycle
282.821519538,375656239,,cycles,100175555,100.00,,
282.921695484,1014416,,rD044,100174936,100.00,,
282.921695484,4095229,,rFF44,100174346,100.00,,
282.921695484,165046864,,instructions,100174236,100.00,0.44,insn per cycle
282.921695484,375652983,,cycles,100174276,100.00,,
283.021871641,911190,,rD044,100175345,100.00,,
283.021871641,4074968,,rFF44,100175095,100.00,,
283.021871641,172184258,,instructions,100175505,100.00,0.46,insn per cycle
283.021871641,375660747,,cycles,100176535,100.00,,
283.122045827,959008,,rD044,100173736,100.00,,
283.122045827,3984959,,rFF44,100174056,100.00,,
283.122045827,159558878,,instructions,100173456,100.00,0.42,insn per cycle
283.122045827,375645916,,cycles,100172776,100.00,,
283.222228863,953443,,rD044,100171545,100.00,,
283.222228863,3980670,,rFF44,100171555,100.00,,
283.222228863,157897953,,instructions,100172715,100.00,0.42,insn per cycle
283.222228863,375625827,,cycles,100171825,100.00,,
283.322401979,958647,,rD044,100172866,100.00,,
283.322401979,3981103,,rFF44,100172786,100.00,,
283.322401979,158480946,,instructions,100172056,100.00,0.42,insn per cycle
283.322401979,375648363,,cycles,100173226,100.00,,
283.422577835,993108,,rD044,100174885,100.00,,
283.422577835,4068988,,rFF44,100174845,100.00,,
283.422577835,162746198,,instructions,100174675,100.00,0.43,insn per cycle
283.422577835,375654076,,cycles,100174765,100.00,,
283.522752571,1016697,,rD044,100174006,100.00,,
283.522752571,4109934,,rFF44,100173766,100.00,,
283.522752571,164763716,,instructions,100174126,100.00,0.44,insn per cycle
283.522752571,375652538,,cycles,100174376,100.00,,
283.622935697,908898,,rD044,100182955,100.00,,
283.622935697,4269429,,rFF44,100183235,100.00,,
283.622935697,191129470,,instructions,100183215,100.00,0.51,insn per cycle
283.622935697,375681622,,cycles,100182095,100.00,,
283.723113133,1005010,,rD044,100160776,100.00,,
283.723113133,4070882,,rFF44,100160046,100.00,,
283.723113133,164171067,,instructions,100159916,100.00,0.44,insn per cycle
283.723113133,375580894,,cycles,100160346,100.00,,
283.823285769,976801,,rD044,100172305,100.00,,
283.823285769,4003385,,rFF44,100173045,100.00,,
283.823285769,162493348,,instructions,100173005,100.00,0.43,insn per cycle
283.823285769,375647891,,cycles,100172945,100.00,,
283.923462395,940125,,rD044,100175976,100.00,,
283.923462395,3846401,,rFF44,100175926,100.00,,
283.923462395,152871619,,instructions,100176006,100.00,0.41,insn per cycle
283.923462395,375657775,,cycles,100175706,100.00,,
284.023637371,955516,,rD044,100173865,100.00,,
284.023637371,3838796,,rFF44,100174065,100.00,,
284.023637371,152567458,,instructions,100173915,100.00,0.41,insn per cycle
284.023637371,375653101,,cycles,100174585,100.00,,
284.123813507,1063953,,rD044,100176326,100.00,,
284.123813507,4017473,,rFF44,100176996,100.00,,
284.123813507,163572979,,instructions,100176926,100.00,0.44,insn per cycle
284.123813507,375661855,,cycles,100177036,100.00,,
284.223990073,1064810,,rD044,100175815,100.00,,
284.223990073,4027425,,rFF44,100174835,100.00,,
284.223990073,164183225,,instructions,100174855,100.00,0.44,insn per cycle
284.223990073,375652687,,cycles,100174205,100.00,,
284.324176879,1089873,,rD044,100186236,100.00,,
284.324176879,4095360,,rFF44,100186036,100.00,,
284.324176879,168163781,,instructions,100186426,100.00,0.45,insn per cycle
284.324176879,375699798,,cycles,100186976,100.00,,
284.424355975,937945,,rD044,100178695,100.00,,
284.424355975,4301109,,rFF44,100178365,100.00,,
284.424355975,188856798,,instructions,100177935,100.00,0.50,insn per cycle
284.424355975,375662098,,cycles,100177105,100.00,,
284.524528781,1019282,,rD044,100171876,100.00,,
284.524528781,4045341,,rFF44,100172486,100.00,,
284.524528781,167173351,,instructions,100172136,100.00,0.45,insn per cycle
284.524528781,375646769,,cycles,100172586,100.00,,
284.624705507,697917,,rD044,100176905,100.00,,
284.624705507,3363085,,rFF44,100176765,100.00,,
284.624705507,118273292,,instructions,100177315,100.00,0.31,insn per cycle
284.624705507,375667182,,cycles,100178335,100.00,,
284.724883993,677333,,rD044,100162246,100.00,,
284.724883993,3820519,,rFF44,100162756,100.00,,
284.724883993,124994563,,instructions,100162426,100.00,0.33,insn per cycle
284.724883993,375585276,,cycles,100161816,100.00,,
284.825059490,716736,,rD044,100198595,100.00,,
284.825059490,4212574,,rFF44,100198555,100.00,,
284.825059490,138493392,,instructions,100198455,100.00,0.37,insn per cycle
284.825059490,375740757,,cycles,100197855,100.00,,
284.925258706,717658,,rD044,100175196,100.00,,
284.925258706,4207219,,rFF44,100174196,100.00,,
284.925258706,138314847,,instructions,100174476,100.00,0.37,insn per cycle
284.925258706,375627239,,cycles,100175156,100.00,,
285.025433852,710868,,rD044,100164245,100.00,,
285.025433852,4197634,,rFF44,100164825,100.00,,
285.025433852,137861567,,instructions,100165105,100.00,0.37,insn per cycle
285.025433852,375567353,,cycles,100164325,100.00,,
285.125610258,1011041,,rD044,100176716,100.00,,
285.125610258,4687431,,rFF44,100176306,100.00,,
285.125610258,190354321,,instructions,100176486,100.00,0.51,insn per cycle
285.125610258,375622850,,cycles,100176586,100.00,,
285.225795864,1355699,,rD044,100173495,100.00,,
285.225795864,5140455,,rFF44,100191635,100.00,,
285.225795864,221314559,,instructions,100191255,100.00,0.59,insn per cycle
285.225795864,375688140,,cycles,100191985,100.00,,
285.325992400,1356913,,rD044,100185446,100.00,,
285.325992400,5133779,,rFF44,100167316,100.00,,
285.325992400,221313868,,instructions,100167246,100.00,0.59,insn per cycle
285.325992400,375577264,,cycles,100167446,100.00,,
285.426171326,1011526,,rD044,100167255,100.00,,
285.426171326,4098847,,rFF44,100168315,100.00,,
285.426171326,167922948,,instructions,100168165,100.00,0.45,insn per cycle
285.426171326,375577114,,cycles,100166975,100.00,,
285.526347822,917184,,rD044,100164606,100.00,,
285.526347822,3821179,,rFF44,100163536,100.00,,
285.526347822,151026594,,instructions,100164376,100.00,0.40,insn per cycle
285.526347822,375557270,,cycles,100164806,100.00,,
285.626524188,892683,,rD044,100164495,100.00,,
285.626524188,3842354,,rFF44,100164825,100.00,,
285.626524188,160149643,,instructions,100164235,100.00,0.43,insn per cycle
285.626524188,375545869,,cycles,100164345,100.00,,
285.726697864,958922,,rD044,100151646,100.00,,
285.726697864,3951211,,rFF44,100151706,100.00,,
285.726697864,160036475,,instructions,100151546,100.00,0.43,insn per cycle
285.726697864,375491030,,cycles,100151426,100.00,,
285.826873990,978817,,rD044,100164594,100.00,,
285.826873990,3958254,,rFF44,100164564,100.00,,
285.826873990,160569909,,instructions,100164944,100.00,0.43,insn per cycle
285.826873990,375556457,,cycles,100164584,100.00,,
285.927048856,956642,,rD044,100163066,100.00,,
285.927048856,3919589,,rFF44,100162686,100.00,,
285.927048856,158931642,,instructions,100162616,100.00,0.42,insn per cycle
285.927048856,375549876,,cycles,100162896,100.00,,
286.027221972,922857,,rD044,100161475,100.00,,
286.027221972,3870127,,rFF44,100161665,100.00,,
286.027221972,155971626,,instructions,100160895,100.00,0.42,insn per cycle
286.027221972,375548631,,cycles,100160815,100.00,,
286.127394708,905421,,rD044,100161725,100.00,,
286.127394708,3943973,,rFF44,100161705,100.00,,
286.127394708,166240737,,instructions,100162225,100.00,0.44,insn per cycle
286.127394708,375567983,,cycles,100162365,100.00,,
286.227567415,928655,,rD044,100172045,100.00,,
286.227567415,3894826,,rFF44,100172335,100.00,,
286.227567415,155784756,,instructions,100172255,100.00,0.41,insn per cycle
286.227567415,375643994,,cycles,100171905,100.00,,
286.327740601,948730,,rD044,100172896,100.00,,
286.327740601,3940142,,rFF44,100173456,100.00,,
286.327740601,158104106,,instructions,100173016,100.00,0.42,insn per cycle
286.327740601,375649873,,cycles,100173656,100.00,,
286.427921627,984294,,rD044,100180235,100.00,,
286.427921627,3991306,,rFF44,100179845,100.00,,
286.427921627,161562056,,instructions,100180015,100.00,0.43,insn per cycle
286.427921627,375674994,,cycles,100180335,100.00,,
286.528095773,932316,,rD044,100173486,100.00,,
286.528095773,3929471,,rFF44,100173196,100.00,,
286.528095773,157852321,,instructions,100173336,100.00,0.42,insn per cycle
286.528095773,375646461,,cycles,100172746,100.00,,
286.628269609,898824,,rD044,100172795,100.00,,
286.628269609,3952574,,rFF44,100172625,100.00,,
286.628269609,166255137,,instructions,100172795,100.00,0.44,insn per cycle
286.628269609,375611375,,cycles,100172725,100.00,,
286.728442155,917824,,rD044,100149526,100.00,,
286.728442155,3879999,,rFF44,100149886,100.00,,
286.728442155,153085168,,instructions,100149746,100.00,0.41,insn per cycle
286.728442155,375476618,,cycles,100149276,100.00,,
286.828617081,998596,,rD044,100163845,100.00,,
286.828617081,4001540,,rFF44,100163685,100.00,,
286.828617081,160824407,,instructions,100163425,100.00,0.43,insn per cycle
286.828617081,375558701,,cycles,100163725,100.00,,
286.928790937,1047405,,rD044,100162526,100.00,,
286.928790937,4116838,,rFF44,100163456,100.00,,
286.928790937,167598324,,instructions,100184706,100.00,0.45,insn per cycle
286.928790937,375633055,,cycles,100185336,100.00,,
287.028989363,1054548,,rD044,100187175,100.00,,
287.028989363,4154840,,rFF44,100186385,100.00,,
287.028989363,169560155,,instructions,100165755,100.00,0.45,insn per cycle
287.028989363,375551848,,cycles,100165835,100.00,,
287.129166069,953109,,rD044,100165636,100.00,,
287.129166069,4153804,,rFF44,100165036,100.00,,
287.129166069,184222396,,instructions,100165146,100.00,0.49,insn per cycle
287.129166069,375589426,,cycles,100164296,100.00,,
287.229347095,927448,,rD044,100170374,100.00,,
287.229347095,3857247,,rFF44,100170484,100.00,,
287.229347095,150207117,,instructions,100171214,100.00,0.40,insn per cycle
287.229347095,375625562,,cycles,100171454,100.00,,
287.329531631,711060,,rD044,100169816,100.00,,
287.329531631,3691273,,rFF44,100170306,100.00,,
287.329531631,131344861,,instructions,100169236,100.00,0.35,insn per cycle
287.329531631,375610702,,cycles,100169236,100.00,,
287.429707457,795844,,rD044,100175775,100.00,,
287.429707457,4143855,,rFF44,100176095,100.00,,
287.429707457,141963003,,instructions,100176245,100.00,0.38,insn per cycle
287.429707457,375659580,,cycles,100176025,100.00,,
287.529884953,814339,,rD044,100177276,100.00,,
287.529884953,4211224,,rFF44,100176436,100.00,,
287.529884953,145958959,,instructions,100176166,100.00,0.39,insn per cycle
287.529884953,375660285,,cycles,100176466,100.00,,
287.630059059,1172881,,rD044,100173255,100.00,,
287.630059059,4768671,,rFF44,100173755,100.00,,
287.630059059,191918795,,instructions,100173815,100.00,0.51,insn per cycle
287.630059059,375651241,,cycles,100173995,100.00,,
287.730234305,1156802,,rD044,100161356,100.00,,
287.730234305,4681795,,rFF44,100161416,100.00,,
287.730234305,187948267,,instructions,100161556,100.00,0.50,insn per cycle
287.730234305,375584431,,cycles,100161226,100.00,,
287.830412091,790698,,rD044,100175915,100.00,,
287.830412091,4156313,,rFF44,100176315,100.00,,
287.830412091,187609198,,instructions,100175795,100.00,0.50,insn per cycle
287.830412091,375659198,,cycles,100176165,100.00,,
287.930588577,664039,,rD044,100176316,100.00,,
287.930588577,3269306,,rFF44,100176416,100.00,,
287.930588577,120518359,,instructions,100177726,100.00,0.32,insn per cycle
287.930588577,375664246,,cycles,100177686,100.00,,
288.030765584,760545,,rD044,100175985,100.00,,
288.030765584,3456427,,rFF44,100175345,100.00,,
288.030765584,130956849,,instructions,100173855,100.00,0.35,insn per cycle
288.030765584,375649486,,cycles,100173485,100.00,,
288.130958090,914117,,rD044,100191466,100.00,,
288.130958090,3846052,,rFF44,100191186,100.00,,
288.130958090,154939349,,instructions,100191536,100.00,0.41,insn per cycle
288.130958090,375717803,,cycles,100191776,100.00,,
288.231134236,883574,,rD044,100176625,100.00,,
288.231134236,3771561,,rFF44,100177255,100.00,,
288.231134236,151068091,,instructions,100177415,100.00,0.40,insn per cycle
288.231134236,375663219,,cycles,100177265,100.00,,
288.331311352,891791,,rD044,100176786,100.00,,
288.331311352,3824736,,rFF44,100176696,100.00,,
288.331311352,154190849,,instructions,100176216,100.00,0.41,insn per cycle
288.331311352,375658325,,cycles,100175906,100.00,,
288.431487448,862832,,rD044,100175675,100.00,,
288.431487448,3698572,,rFF44,100176145,100.00,,
288.431487448,146454078,,instructions,100176575,100.00,0.39,insn per cycle
288.431487448,375663298,,cycles,100177005,100.00,,
288.531666844,862412,,rD044,100178486,100.00,,
288.531666844,3760910,,rFF44,100177926,100.00,,
288.531666844,158839479,,instructions,100178436,100.00,0.42,insn per cycle
288.531666844,375668143,,cycles,100178546,100.00,,
288.631843980,967027,,rD044,100176115,100.00,,
288.631843980,3757520,,rFF44,100175875,100.00,,
288.631843980,151104746,,instructions,100175295,100.00,0.40,insn per cycle
288.631843980,375655752,,cycles,100175435,100.00,,
288.732023106,887374,,rD044,100167546,100.00,,
288.732023106,3592670,,rFF44,100167616,100.00,,
288.732023106,141836111,,instructions,100167926,100.00,0.38,insn per cycle
288.732023106,375609503,,cycles,100167516,100.00,,
288.832204352,824884,,rD044,100177995,100.00,,
288.832204352,3609274,,rFF44,100178035,100.00,,
288.832204352,144007672,,instructions,100178165,100.00,0.38,insn per cycle
288.832204352,375667983,,cycles,100178465,100.00,,
288.932382648,560591,,rD044,100178186,100.00,,
288.932382648,3057454,,rFF44,100178466,100.00,,
288.932382648,103256673,,instructions,100177826,100.00,0.27,insn per cycle
288.932382648,375665782,,cycles,100177946,100.00,,
289.032560644,497719,,rD044,100176865,100.00,,
289.032560644,3561218,,rFF44,100176655,100.00,,
289.032560644,108566997,,instructions,100177195,100.00,0.29,insn per cycle
289.032560644,375662815,,cycles,100177025,100.00,,
289.132738230,508730,,rD044,100176586,100.00,,
289.132738230,3697568,,rFF44,100176906,100.00,,
289.132738230,114266725,,instructions,100176606,100.00,0.30,insn per cycle
289.132738230,375661463,,cycles,100176786,100.00,,
289.232929226,502701,,rD044,100190745,100.00,,
289.232929226,3677480,,rFF44,100190455,100.00,,
289.232929226,113362808,,instructions,100191095,100.00,0.30,insn per cycle
289.232929226,375716359,,cycles,100191385,100.00,,
289.333106922,636197,,rD044,100176646,100.00,,
289.333106922,3655727,,rFF44,100176496,100.00,,
289.333106922,115785130,,instructions,100175676,100.00,0.31,insn per cycle
289.333106922,375656666,,cycles,100175476,100.00,,
289.433285999,797707,,rD044,100178725,100.00,,
289.433285999,3505132,,rFF44,100179025,100.00,,
289.433285999,132417677,,instructions,100179655,100.00,0.35,insn per cycle
289.433285999,375669352,,cycles,100178865,100.00,,
289.533460165,765558,,rD044,100173836,100.00,,
289.533460165,3460859,,rFF44,100173216,100.00,,
289.533460165,129570962,,instructions,100172816,100.00,0.34,insn per cycle
289.533460165,375648234,,cycles,100173176,100.00,,
289.633636421,771654,,rD044,100175735,100.00,,
289.633636421,3456838,,rFF44,100176085,100.00,,
289.633636421,128881879,,instructions,100175945,100.00,0.34,insn per cycle
289.633636421,375657736,,cycles,100175775,100.00,,
289.733813637,814749,,rD044,100161346,100.00,,
289.733813637,3558192,,rFF44,100161236,100.00,,
289.733813637,136136743,,instructions,100161766,100.00,0.36,insn per cycle
289.733813637,375589350,,cycles,100162646,100.00,,
289.833988393,782062,,rD044,100174635,100.00,,
289.833988393,3522141,,rFF44,100174885,100.00,,
289.833988393,134258841,,instructions,100175525,100.00,0.36,insn per cycle
289.833988393,375652696,,cycles,100174415,100.00,,
289.934164859,821542,,rD044,100175066,100.00,,
289.934164859,3537715,,rFF44,100174766,100.00,,
289.934164859,133871532,,instructions,100173616,100.00,0.36,insn per cycle
289.934164859,375651422,,cycles,100173996,100.00,,
290.034343895,885773,,rD044,100179465,100.00,,
290.034343895,3698968,,rFF44,100179285,100.00,,
290.034343895,143775527,,instructions,100179735,100.00,0.38,insn per cycle
290.034343895,375672620,,cycles,100179785,100.00,,
290.134521471,649091,,rD044,100176666,100.00,,
290.134521471,3280792,,rFF44,100177616,100.00,,
290.134521471,116756709,,instructions,100177046,100.00,0.31,insn per cycle
290.134521471,375661627,,cycles,100176986,100.00,,
290.234696767,591463,,rD044,100173945,100.00,,
290.234696767,3798560,,rFF44,100172865,100.00,,
290.234696767,113784721,,instructions,100173895,100.00,0.30,insn per cycle
290.234696767,375653365,,cycles,100174395,100.00,,
290.334873213,1082562,,rD044,100177836,100.00,,
290.334873213,4272397,,rFF44,100179146,100.00,,
290.334873213,172055076,,instructions,100179056,100.00,0.46,insn per cycle
290.334873213,375666002,,cycles,100178126,100.00,,
290.435051779,657464,,rD044,100176475,100.00,,
290.435051779,3270112,,rFF44,100175715,100.00,,
290.435051779,115185657,,instructions,100175345,100.00,0.31,insn per cycle
290.435051779,375657787,,cycles,100175595,100.00,,
290.535229355,872839,,rD044,100177196,100.00,,
290.535229355,3735986,,rFF44,100176596,100.00,,
290.535229355,143720454,,instructions,100175896,100.00,0.38,insn per cycle
290.535229355,375662899,,cycles,100177126,100.00,,
290.635405671,821408,,rD044,100175315,100.00,,
290.635405671,3609324,,rFF44,100176895,100.00,,
290.635405671,138262223,,instructions,100177115,100.00,0.37,insn per cycle
290.635405671,375658728,,cycles,100175985,100.00,,
290.735581757,804581,,rD044,100162366,100.00,,
290.735581757,3580243,,rFF44,100161656,100.00,,
290.735581757,135770178,,instructions,100162206,100.00,0.36,insn per cycle
290.735581757,375588587,,cycles,100162556,100.00,,
290.835757293,825980,,rD044,100174565,100.00,,
290.835757293,3627038,,rFF44,100174265,100.00,,
290.835757293,137747516,,instructions,100174045,100.00,0.37,insn per cycle
290.835757293,375652422,,cycles,100174095,100.00,,
290.935949749,503499,,rD044,100191806,100.00,,
290.935949749,2885860,,rFF44,100192106,100.00,,
290.935949749,91596981,,instructions,100192026,100.00,0.24,insn per cycle
290.935949749,375718107,,cycles,100191886,100.00,,
291.036124665,409107,,rD044,100174195,100.00,,
291.036124665,3174250,,rFF44,100174155,100.00,,
291.036124665,99434173,,instructions,100174565,100.00,0.26,insn per cycle
291.036124665,375653626,,cycles,100174605,100.00,,
291.136303592,987794,,rD044,100178706,100.00,,
291.136303592,4899963,,rFF44,100178356,100.00,,
291.136303592,188472825,,instructions,100177436,100.00,0.50,insn per cycle
291.136303592,375663359,,cycles,100177326,100.00,,
291.236481838,1011048,,rD044,100166375,100.00,,
291.236481838,4998353,,rFF44,100166315,100.00,,
291.236481838,192210538,,instructions,100166735,100.00,0.51,insn per cycle
291.236481838,375604556,,cycles,100166295,100.00,,
291.336655284,1010284,,rD044,100172916,100.00,,
291.336655284,4991002,,rFF44,100172876,100.00,,
291.336655284,192136007,,instructions,100173156,100.00,0.51,insn per cycle
291.336655284,375649918,,cycles,100173616,100.00,,
291.436838180,961241,,rD044,100182445,100.00,,
291.436838180,5076834,,rFF44,100182885,100.00,,
291.436838180,207637205,,instructions,100183125,100.00,0.55,insn per cycle
291.436838180,375684023,,cycles,100182935,100.00,,
291.537015076,1010013,,rD044,100175626,100.00,,
291.537015076,4982380,,rFF44,100175126,100.00,,
291.537015076,191658526,,instructions,100175146,100.00,0.51,insn per cycle
291.537015076,375643253,,cycles,100175096,100.00,,
291.637190802,1006988,,rD044,100175005,100.00,,
291.637190802,4954498,,rFF44,100174855,100.00,,
291.637190802,190581899,,instructions,100174415,100.00,0.51,insn per cycle
291.637190802,375655925,,cycles,100175405,100.00,,
291.737367248,1017866,,rD044,100154246,100.00,,
291.737367248,5003890,,rFF44,100155036,100.00,,
291.737367248,193013789,,instructions,100155426,100.00,0.51,insn per cycle
291.737367248,375561304,,cycles,100154876,100.00,,
291.837545194,1089689,,rD044,100177575,100.00,,
291.837545194,5159755,,rFF44,100177465,100.00,,
291.837545194,202457577,,instructions,100177195,100.00,0.54,insn per cycle
291.837545194,375663311,,cycles,100177225,100.00,,
291.937723470,1032164,,rD044,100177306,100.00,,
291.937723470,5208660,,rFF44,100176726,100.00,,
291.937723470,201085141,,instructions,100176306,100.00,0.54,insn per cycle
291.937723470,375657837,,cycles,100175656,100.00,,
292.037898376,1051067,,rD044,100174975,100.00,,
292.037898376,5231341,,rFF44,100175425,100.00,,
292.037898376,204124031,,instructions,100176085,100.00,0.54,insn per cycle
292.037898376,375664892,,cycles,100177785,100.00,,
292.138077762,1046866,,rD044,100178186,100.00,,
292.138077762,5198188,,rFF44,100177746,100.00,,
292.138077762,203081633,,instructions,100177276,100.00,0.54,insn per cycle
292.138077762,375660684,,cycles,100176566,100.00,,
292.238256998,1044193,,rD044,100178165,100.00,,
292.238256998,5195760,,rFF44,100178535,100.00,,
292.238256998,203073560,,instructions,100178095,100.00,0.54,insn per cycle
292.238256998,375664869,,cycles,100177835,100.00,,
292.338433234,1117069,,rD044,100175776,100.00,,
292.338433234,5289444,,rFF44,100175496,100.00,,
292.338433234,210703700,,instructions,100176386,100.00,0.56,insn per cycle
292.338433234,375651657,,cycles,100176636,100.00,,
292.438607790,1004309,,rD044,100173715,100.00,,
292.438607790,4723331,,rFF44,100174275,100.00,,
292.438607790,183672671,,instructions,100174085,100.00,0.49,insn per cycle
292.438607790,375610331,,cycles,100173675,100.00,,
292.538784336,971724,,rD044,100165616,100.00,,
292.538784336,4469294,,rFF44,100164836,100.00,,
292.538784336,176800355,,instructions,100163926,100.00,0.47,insn per cycle
292.538784336,375553866,,cycles,100163756,100.00,,
292.638971663,960499,,rD044,100175995,100.00,,
292.638971663,4438876,,rFF44,100176905,100.00,,
292.638971663,175484783,,instructions,100177285,100.00,0.47,insn per cycle
292.638971663,375616477,,cycles,100176936,100.00,,
292.739146759,830763,,rD044,100159816,100.00,,
292.739146759,4567509,,rFF44,100158756,100.00,,
292.739146759,198803437,,instructions,100159686,100.00,0.53,insn per cycle
292.739146759,375581337,,cycles,100160195,100.00,,
292.839320225,938726,,rD044,100173145,100.00,,
292.839320225,4355446,,rFF44,100174075,100.00,,
292.839320225,170834371,,instructions,100173465,100.00,0.45,insn per cycle
292.839320225,375648630,,cycles,100173365,100.00,,
292.939493930,851699,,rD044,100173686,100.00,,
292.939493930,4239357,,rFF44,100173256,100.00,,
292.939493930,158737550,,instructions,100173486,100.00,0.42,insn per cycle
292.939493930,375648633,,cycles,100173336,100.00,,
293.039669857,847215,,rD044,100175195,100.00,,
293.039669857,4616796,,rFF44,100175565,100.00,,
293.039669857,168639008,,instructions,100175625,100.00,0.45,insn per cycle
293.039669857,375656794,,cycles,100175495,100.00,,
293.139844403,900127,,rD044,100173996,100.00,,
293.139844403,4776595,,rFF44,100173366,100.00,,
293.139844403,177104265,,instructions,100173716,100.00,0.47,insn per cycle
293.139844403,375651387,,cycles,100174056,100.00,,
293.240020919,898223,,rD044,100175265,100.00,,
293.240020919,4734493,,rFF44,100175645,100.00,,
293.240020919,176067662,,instructions,100174655,100.00,0.47,insn per cycle
293.240020919,375653545,,cycles,100174635,100.00,,
293.340191985,901004,,rD044,100170916,100.00,,
293.340191985,4753080,,rFF44,100170946,100.00,,
293.340191985,176749590,,instructions,100171726,100.00,0.47,insn per cycle
293.340191985,375601269,,cycles,100171726,100.00,,
293.440368581,965611,,rD044,100164665,100.00,,
293.440368581,4572512,,rFF44,100164645,100.00,,
293.440368581,176060009,,instructions,100164205,100.00,0.47,insn per cycle
293.440368581,375561544,,cycles,100164265,100.00,,
293.540542967,969897,,rD044,100163406,100.00,,
293.540542967,4538491,,rFF44,100163026,100.00,,
293.540542967,179375502,,instructions,100162986,100.00,0.48,insn per cycle
293.540542967,375557644,,cycles,100162976,100.00,,
293.640717103,986100,,rD044,100162585,100.00,,
293.640717103,4574306,,rFF44,100162825,100.00,,
293.640717103,180395710,,instructions,100162505,100.00,0.48,insn per cycle
293.640717103,375547003,,cycles,100162435,100.00,,
293.740891139,818546,,rD044,100151416,100.00,,
293.740891139,4447270,,rFF44,100151366,100.00,,
293.740891139,195159330,,instructions,100152076,100.00,0.52,insn per cycle
293.740891139,375505490,,cycles,100151466,100.00,,
293.841068335,841565,,rD044,100165545,100.00,,
293.841068335,4500172,,rFF44,100165415,100.00,,
293.841068335,165826575,,instructions,100164985,100.00,0.44,insn per cycle
293.841068335,375557974,,cycles,100165425,100.00,,
293.941241651,903673,,rD044,100161996,100.00,,
293.941241651,4935504,,rFF44,100161916,100.00,,
293.941241651,185402108,,instructions,100162096,100.00,0.49,insn per cycle
293.941241651,375553967,,cycles,100162916,100.00,,
294.041418887,908808,,rD044,100176225,100.00,,
294.041418887,4943498,,rFF44,100176395,100.00,,
294.041418887,185788660,,instructions,100176355,100.00,0.49,insn per cycle
294.041418887,375617190,,cycles,100175745,100.00,,
294.141592683,924011,,rD044,100163406,100.00,,
294.141592683,4689133,,rFF44,100163766,100.00,,
294.141592683,177285317,,instructions,100164046,100.00,0.47,insn per cycle
294.141592683,375568319,,cycles,100163956,100.00,,
294.241768589,923743,,rD044,100163805,100.00,,
294.241768589,4624843,,rFF44,100163165,100.00,,
294.241768589,173482853,,instructions,100162995,100.00,0.46,insn per cycle
294.241768589,375556305,,cycles,100162965,100.00,,
294.341961955,993092,,rD044,100181896,100.00,,
294.341961955,4534708,,rFF44,100181806,100.00,,
294.341961955,177739043,,instructions,100182566,100.00,0.47,insn per cycle
294.341961955,375625810,,cycles,100183116,100.00,,
294.442135761,813983,,rD044,100162905,100.00,,
294.442135761,4377023,,rFF44,100163675,100.00,,
294.442135761,157830377,,instructions,100162585,100.00,0.42,insn per cycle
294.442135761,375545585,,cycles,100162005,100.00,,
294.542310957,911079,,rD044,100163036,100.00,,
294.542310957,4672217,,rFF44,100162886,100.00,,
294.542310957,174456155,,instructions,100163776,100.00,0.46,insn per cycle
294.542310957,375548369,,cycles,100164036,100.00,,
294.642486063,1054426,,rD044,100158925,100.00,,
294.642486063,4975663,,rFF44,100159025,100.00,,
294.642486063,195744983,,instructions,100159015,100.00,0.52,insn per cycle
294.642486063,375525544,,cycles,100159125,100.00,,
294.742663639,1004001,,rD044,100154636,100.00,,
294.742663639,4634307,,rFF44,100153836,100.00,,
294.742663639,179126574,,instructions,100153116,100.00,0.48,insn per cycle
294.742663639,375506287,,cycles,100153046,100.00,,
294.842839285,866266,,rD044,100163865,100.00,,
294.842839285,4932056,,rFF44,100165065,100.00,,
294.842839285,205801143,,instructions,100165605,100.00,0.55,insn per cycle
294.842839285,375559804,,cycles,100165575,100.00,,
294.943017301,1074629,,rD044,100165956,100.00,,
294.943017301,5162418,,rFF44,100164946,100.00,,
294.943017301,202446084,,instructions,100164616,100.00,0.54,insn per cycle
294.943017301,375557580,,cycles,100164416,100.00,,
295.043192437,1035402,,rD044,100163925,100.00,,
295.043192437,5039389,,rFF44,100164365,100.00,,
295.043192437,193743826,,instructions,100164405,100.00,0.52,insn per cycle
295.043192437,375562697,,cycles,100164935,100.00,,
295.143371233,1035950,,rD044,100178456,100.00,,
295.143371233,4989954,,rFF44,100178896,100.00,,
295.143371233,192359597,,instructions,100178866,100.00,0.51,insn per cycle
295.143371233,375629772,,cycles,100178446,100.00,,
295.243552530,1155730,,rD044,100162995,100.00,,
295.243552530,5286727,,rFF44,100162755,100.00,,
295.243552530,213220166,,instructions,100162205,100.00,0.57,insn per cycle
295.243552530,375543385,,cycles,100162265,100.00,,
295.343727706,1007805,,rD044,100163316,100.00,,
295.343727706,4874812,,rFF44,100163116,100.00,,
295.343727706,187155630,,instructions,100162926,100.00,0.50,insn per cycle
295.343727706,375563690,,cycles,100162796,100.00,,
295.443904252,972059,,rD044,100166145,100.00,,
295.443904252,4949085,,rFF44,100166105,100.00,,
295.443904252,187297287,,instructions,100166925,100.00,0.50,insn per cycle
295.443904252,375565755,,cycles,100166185,100.00,,
295.544087028,1105137,,rD044,100169166,100.00,,
295.544087028,5129793,,rFF44,100169036,100.00,,
295.544087028,204955372,,instructions,100168716,100.00,0.55,insn per cycle
295.544087028,375591333,,cycles,100169856,100.00,,
295.644263404,966846,,rD044,100166015,100.00,,
295.644263404,4716613,,rFF44,100166315,100.00,,
295.644263404,178008856,,instructions,100166035,100.00,0.47,insn per cycle
295.644263404,375550132,,cycles,100164985,100.00,,
295.744440810,1013625,,rD044,100153586,100.00,,
295.744440810,4821656,,rFF44,100152916,100.00,,
295.744440810,185934173,,instructions,100153906,100.00,0.50,insn per cycle
295.744440810,375515116,,cycles,100154336,100.00,,
295.844616376,877188,,rD044,100174545,100.00,,
295.844616376,4942262,,rFF44,100174545,100.00,,
295.844616376,207952809,,instructions,100173735,100.00,0.55,insn per cycle
295.844616376,375611807,,cycles,100173465,100.00,,
295.944788852,999633,,rD044,100160086,100.00,,
295.944788852,4791098,,rFF44,100159996,100.00,,
295.944788852,183277335,,instructions,100166816,100.00,0.49,insn per cycle
295.944788852,375614088,,cycles,100174916,100.00,,
296.044979198,937773,,rD044,100179695,100.00,,
296.044979198,4722307,,rFF44,100180325,100.00,,
296.044979198,179994313,,instructions,100173875,100.00,0.48,insn per cycle
296.044979198,375585635,,cycles,100166195,100.00,,
296.145155934,913068,,rD044,100176226,100.00,,
296.145155934,4757249,,rFF44,100175976,100.00,,
296.145155934,177550557,,instructions,100175496,100.00,0.47,insn per cycle
296.145155934,375658274,,cycles,100175896,100.00,,
296.245330760,886769,,rD044,100174665,100.00,,
296.245330760,4643430,,rFF44,100174745,100.00,,
296.245330760,170703012,,instructions,100174505,100.00,0.45,insn per cycle
296.245330760,375651311,,cycles,100174035,100.00,,
296.345504906,968226,,rD044,100173286,100.00,,
296.345504906,4845881,,rFF44,100173506,100.00,,
296.345504906,183688215,,instructions,100174026,100.00,0.49,insn per cycle
296.345504906,375649551,,cycles,100173576,100.00,,
296.445679832,946540,,rD044,100174025,100.00,,
296.445679832,4770274,,rFF44,100173945,100.00,,
296.445679832,177895887,,instructions,100173895,100.00,0.47,insn per cycle
296.445679832,375654533,,cycles,100174695,100.00,,
296.545853998,1027320,,rD044,100173776,100.00,,
296.545853998,5063717,,rFF44,100173796,100.00,,
296.545853998,194523501,,instructions,100173706,100.00,0.52,insn per cycle
296.545853998,375648869,,cycles,100173336,100.00,,
296.646029454,947209,,rD044,100175015,100.00,,
296.646029454,4774207,,rFF44,100174885,100.00,,
296.646029454,181688398,,instructions,100174555,100.00,0.48,insn per cycle
296.646029454,375651354,,cycles,100174255,100.00,,
296.746202960,847841,,rD044,100157466,100.00,,
296.746202960,4410261,,rFF44,100157626,100.00,,
296.746202960,161213288,,instructions,100157946,100.00,0.43,insn per cycle
296.746202960,375573814,,cycles,100158626,100.00,,
296.846377416,931506,,rD044,100174225,100.00,,
296.846377416,4668966,,rFF44,100174135,100.00,,
296.846377416,174501661,,instructions,100174265,100.00,0.46,insn per cycle
296.846377416,375655388,,cycles,100175135,100.00,,
296.946551862,676614,,rD044,100173646,100.00,,
296.946551862,4625128,,rFF44,100173536,100.00,,
296.946551862,183672846,,instructions,100175356,100.00,0.49,insn per cycle
296.946551862,375652011,,cycles,100174426,100.00,,
297.046727298,861141,,rD044,100175245,100.00,,
297.046727298,4575038,,rFF44,100175385,100.00,,
297.046727298,167215720,,instructions,100173355,100.00,0.45,insn per cycle
297.046727298,375647498,,cycles,100172825,100.00,,
297.146902405,823612,,rD044,100174656,100.00,,
297.146902405,4533709,,rFF44,100174756,100.00,,
297.146902405,163872548,,instructions,100175186,100.00,0.44,insn per cycle
297.146902405,375656623,,cycles,100175446,100.00,,
297.247076370,702914,,rD044,100173295,100.00,,
297.247076370,6982294,,rFF44,100173055,100.00,,
297.247076370,187439411,,instructions,100172585,100.00,0.50,insn per cycle
297.247076370,375644206,,cycles,100172145,100.00,,
297.347250713,292619,,rD044,100173026,100.00,,
297.347250713,4320654,,rFF44,100172656,100.00,,
297.347250713,95968910,,instructions,100173566,100.00,0.26,insn per cycle
297.347250713,375649975,,cycles,100173626,100.00,,
297.447424295,293890,,rD044,100172405,100.00,,
297.447424295,4092462,,rFF44,100173135,100.00,,
297.447424295,94976304,,instructions,100172685,100.00,0.25,insn per cycle
297.447424295,375648478,,cycles,100173295,100.00,,
297.547610347,448089,,rD044,100170956,100.00,,
297.547610347,4128725,,rFF44,100171076,100.00,,
297.547610347,107661989,,instructions,100171126,100.00,0.29,insn per cycle
297.547610347,375617653,,cycles,100171306,100.00,,
297.647786629,228501,,rD044,100177065,100.00,,
297.647786629,4328661,,rFF44,100176865,100.00,,
297.647786629,100695414,,instructions,100176245,100.00,0.27,insn per cycle
297.647786629,375681841,,cycles,100181985,100.00,,
297.747970381,279912,,rD044,100161176,100.00,,
297.747970381,4492838,,rFF44,100161596,100.00,,
297.747970381,105370613,,instructions,100161936,100.00,0.28,insn per cycle
297.747970381,375563041,,cycles,100155956,100.00,,
297.848145192,280847,,rD044,100174145,100.00,,
297.848145192,4501041,,rFF44,100173475,100.00,,
297.848145192,105576836,,instructions,100173325,100.00,0.28,insn per cycle
297.848145192,375649346,,cycles,100173485,100.00,,
297.948318584,243257,,rD044,100172466,100.00,,
297.948318584,4559930,,rFF44,100172706,100.00,,
297.948318584,138824555,,instructions,100172606,100.00,0.37,insn per cycle
297.948318584,375647471,,cycles,100173026,100.00,,
298.048495126,277579,,rD044,100175865,100.00,,
298.048495126,4445055,,rFF44,100175765,100.00,,
298.048495126,104479992,,instructions,100176425,100.00,0.28,insn per cycle
298.048495126,375662171,,cycles,100176945,100.00,,
298.148672978,280230,,rD044,100177046,100.00,,
298.148672978,4468514,,rFF44,100177546,100.00,,
298.148672978,104962574,,instructions,100177276,100.00,0.28,insn per cycle
298.148672978,375634887,,cycles,100176316,100.00,,
298.248850400,279140,,rD044,100165715,100.00,,
298.248850400,4461100,,rFF44,100165365,100.00,,
298.248850400,104829964,,instructions,100165625,100.00,0.28,insn per cycle
298.248850400,375568605,,cycles,100165685,100.00,,
298.349027112,280138,,rD044,100164596,100.00,,
298.349027112,4483642,,rFF44,100164496,100.00,,
298.349027112,105314033,,instructions,100164126,100.00,0.28,insn per cycle
298.349027112,375560646,,cycles,100164176,100.00,,
298.449200644,278313,,rD044,100173215,100.00,,
298.449200644,4451965,,rFF44,100172945,100.00,,
298.449200644,104669402,,instructions,100172845,100.00,0.28,insn per cycle
298.449200644,375604313,,cycles,100172825,100.00,,
298.549378645,278580,,rD044,100166096,100.00,,
298.549378645,4457429,,rFF44,100165956,100.00,,
298.549378645,104800798,,instructions,100165576,100.00,0.28,insn per cycle
298.549378645,375563024,,cycles,100166246,100.00,,
298.649553727,281038,,rD044,100162675,100.00,,
298.649553727,4424211,,rFF44,100163425,100.00,,
298.649553727,104259377,,instructions,100164035,100.00,0.28,insn per cycle
298.649553727,375550606,,cycles,100163055,100.00,,
298.749728509,229460,,rD044,100153556,100.00,,
298.749728509,3554700,,rFF44,100153226,100.00,,
298.749728509,80798706,,instructions,100152456,100.00,0.22,insn per cycle
298.749728509,375499235,,cycles,100152726,100.00,,
298.849904501,221779,,rD044,100163704,100.00,,
298.849904501,3389813,,rFF44,100163454,100.00,,
298.849904501,73366906,,instructions,100164414,100.00,0.20,insn per cycle
298.849904501,375563068,,cycles,100164934,100.00,,
298.950079943,253847,,rD044,100162666,100.00,,
298.950079943,3679251,,rFF44,100162816,100.00,,
298.950079943,96109636,,instructions,100163006,100.00,0.26,insn per cycle
298.950079943,375546200,,cycles,100161996,100.00,,
299.050254425,286565,,rD044,100163025,100.00,,
299.050254425,3735824,,rFF44,100162995,100.00,,
299.050254425,107286703,,instructions,100162425,100.00,0.29,insn per cycle
299.050254425,375549190,,cycles,100162905,100.00,,
299.150431896,190345,,rD044,100165975,100.00,,
299.150431896,2653556,,rFF44,100165685,100.00,,
299.150431896,56686501,,instructions,100165885,100.00,0.15,insn per cycle
299.150431896,375574334,,cycles,100165945,100.00,,
299.250608058,201431,,rD044,100164965,100.00,,
299.250608058,3535476,,rFF44,100165365,100.00,,
299.250608058,80901818,,instructions,100165245,100.00,0.22,insn per cycle
299.250608058,375568321,,cycles,100164805,100.00,,
299.350784450,31162,,rD044,100163876,100.00,,
299.350784450,2714557,,rFF44,100164616,100.00,,
299.350784450,53275844,,instructions,100164496,100.00,0.14,insn per cycle
299.350784450,375583687,,cycles,100172876,100.00,,
299.450968722,33804,,rD044,100173465,100.00,,
299.450968722,2701228,,rFF44,100172455,100.00,,
299.450968722,55185933,,instructions,100172285,100.00,0.15,insn per cycle
299.450968722,375552193,,cycles,100163915,100.00,,
299.551143774,38875,,rD044,100173156,100.00,,
299.551143774,2720846,,rFF44,100173206,100.00,,
299.551143774,56604874,,instructions,100173466,100.00,0.15,insn per cycle
299.551143774,375620298,,cycles,100173846,100.00,,
299.651320296,45817,,rD044,100165345,100.00,,
299.651320296,2790223,,rFF44,100165595,100.00,,
299.651320296,57740418,,instructions,100165155,100.00,0.15,insn per cycle
299.651320296,375577498,,cycles,100164675,100.00,,
299.751494708,89621,,rD044,100150406,100.00,,
299.751494708,2662805,,rFF44,100150226,100.00,,
299.751494708,54705415,,instructions,100150716,100.00,0.15,insn per cycle
299.751494708,375513998,,cycles,100151026,100.00,,
299.851669249,64956,,rD044,100174005,100.00,,
299.851669249,2851395,,rFF44,100174595,100.00,,
299.851669249,58792948,,instructions,100174445,100.00,0.16,insn per cycle
299.851669249,375634947,,cycles,100173895,100.00,,
299.951843461,69545,,rD044,100173066,100.00,,
299.951843461,2854321,,rFF44,100171986,100.00,,
299.951843461,59385988,,instructions,100172576,100.00,0.16,insn per cycle
299.951843461,375603664,,cycles,100172956,100.00,,
300.052019283,63201,,rD044,100164235,100.00,,
300.052019283,3096883,,rFF44,100164665,100.00,,
300.052019283,98561288,,instructions,100164465,100.00,0.26,insn per cycle
300.052019283,375550442,,cycles,100164795,100.00,,
300.152192665,327605,,rD044,100162976,100.00,,
300.152192665,3668817,,rFF44,100163156,100.00,,
300.152192665,95836531,,instructions,100163036,100.00,0.26,insn per cycle
300.152192665,375552982,,cycles,100163156,100.00,,
300.252366967,290674,,rD044,100161665,100.00,,
300.252366967,3402766,,rFF44,100161695,100.00,,
300.252366967,87289907,,instructions,100161475,100.00,0.23,insn per cycle
300.252366967,375545103,,cycles,100161265,100.00,,
300.352539368,62519,,rD044,100160966,100.00,,
300.352539368,2481662,,rFF44,100160316,100.00,,
300.352539368,51566759,,instructions,100160876,100.00,0.14,insn per cycle
300.352539368,375554862,,cycles,100160656,100.00,,
300.452711940,53648,,rD044,100161235,100.00,,
300.452711940,2434581,,rFF44,100161945,100.00,,
300.452711940,50044243,,instructions,100161675,100.00,0.13,insn per cycle
300.452711940,375554430,,cycles,100162205,100.00,,
300.552884652,92382,,rD044,100162766,100.00,,
300.552884652,2550068,,rFF44,100162456,100.00,,
300.552884652,53337134,,instructions,100162406,100.00,0.14,insn per cycle
300.552884652,375544203,,cycles,100161936,100.00,,
300.653058834,42898,,rD044,100172975,100.00,,
300.653058834,2373927,,rFF44,100173495,100.00,,
300.653058834,48525440,,instructions,100173155,100.00,0.13,insn per cycle
300.653058834,375610099,,cycles,100172795,100.00,,
300.753234756,19953,,rD044,100152336,100.00,,
300.753234756,2335736,,rFF44,100151646,100.00,,
300.753234756,46987354,,instructions,100152106,100.00,0.13,insn per cycle
300.753234756,375507242,,cycles,100152206,100.00,,
300.853408288,16002,,rD044,100162515,100.00,,
300.853408288,2385302,,rFF44,100162735,100.00,,
300.853408288,47509700,,instructions,100162735,100.00,0.13,insn per cycle
300.853408288,375560917,,cycles,100162865,100.00,,
300.953582149,15938,,rD044,100161076,100.00,,
300.953582149,2372207,,rFF44,100161126,100.00,,
300.953582149,47217317,,instructions,100161016,100.00,0.13,insn per cycle
300.953582149,375546874,,cycles,100160436,100.00,,
301.053755311,19343,,rD044,100161605,100.00,,
301.053755311,2736067,,rFF44,100161655,100.00,,
301.053755311,90237947,,instructions,100161435,100.00,0.24,insn per cycle
301.053755311,375565669,,cycles,100162635,100.00,,
301.153952263,17413,,rD044,100187096,100.00,,
301.153952263,2369045,,rFF44,100187536,100.00,,
301.153952263,47345545,,instructions,100187226,100.00,0.13,insn per cycle
301.153952263,375649340,,cycles,100186896,100.00,,
301.254123555,17038,,rD044,100161685,100.00,,
301.254123555,2413963,,rFF44,100160545,100.00,,
301.254123555,48057115,,instructions,100160595,100.00,0.13,insn per cycle
301.254123555,375556329,,cycles,100160505,100.00,,
301.354293507,19402,,rD044,100158616,100.00,,
301.354293507,2426423,,rFF44,100159726,100.00,,
301.354293507,48144414,,instructions,100159916,100.00,0.13,insn per cycle
301.354293507,375540165,,cycles,100159876,100.00,,
301.454466609,21979,,rD044,100162725,100.00,,
301.454466609,2377376,,rFF44,100162305,100.00,,
301.454466609,49692230,,instructions,100162395,100.00,0.13,insn per cycle
301.454466609,375558558,,cycles,100162075,100.00,,
301.554638410,95649,,rD044,100160496,100.00,,
301.554638410,2647640,,rFF44,100160576,100.00,,
301.554638410,58825317,,instructions,100160506,100.00,0.16,insn per cycle
301.554638410,375581398,,cycles,100161026,100.00,,
301.654822832,66677,,rD044,100184045,100.00,,
301.654822832,2608660,,rFF44,100183995,100.00,,
301.654822832,54141607,,instructions,100184405,100.00,0.14,insn per cycle
301.654822832,375676517,,cycles,100184055,100.00,,
301.754997764,19558,,rD044,100149996,100.00,,
301.754997764,2482848,,rFF44,100150226,100.00,,
301.754997764,49346963,,instructions,100150016,100.00,0.13,insn per cycle
301.754997764,375493926,,cycles,100150466,100.00,,
301.855172426,13398,,rD044,100174155,100.00,,
301.855172426,2442560,,rFF44,100173715,100.00,,
301.855172426,48580838,,instructions,100173755,100.00,0.13,insn per cycle
301.855172426,375615064,,cycles,100173275,100.00,,
301.955348358,13542,,rD044,100164676,100.00,,
301.955348358,2447048,,rFF44,100164976,100.00,,
301.955348358,48607657,,instructions,100164286,100.00,0.13,insn per cycle
301.955348358,375559419,,cycles,100164226,100.00,,
302.055521570,14441,,rD044,100162075,100.00,,
302.055521570,2727325,,rFF44,100161725,100.00,,
302.055521570,90686508,,instructions,100162255,100.00,0.24,insn per cycle
302.055521570,375562494,,cycles,100162475,100.00,,
302.155697371,13982,,rD044,100164286,100.00,,
302.155697371,2456761,,rFF44,100164956,100.00,,
302.155697371,48524437,,instructions,100165066,100.00,0.13,insn per cycle
302.155697371,375598068,,cycles,100165026,100.00,,
302.255872363,27759,,rD044,100173395,100.00,,
302.255872363,2520501,,rFF44,100173045,100.00,,
302.255872363,49826414,,instructions,100172855,100.00,0.13,insn per cycle
302.255872363,375648039,,cycles,100173185,100.00,,
302.356049135,107599,,rD044,100176096,100.00,,
302.356049135,2754585,,rFF44,100175966,100.00,,
302.356049135,61857086,,instructions,100176106,100.00,0.16,insn per cycle
302.356049135,375658972,,cycles,100176086,100.00,,
302.456224577,138218,,rD044,100174465,100.00,,
302.456224577,2730321,,rFF44,100174985,100.00,,
302.456224577,62859712,,instructions,100174805,100.00,0.17,insn per cycle
302.456224577,375652596,,cycles,100174405,100.00,,
302.556398699,65389,,rD044,100174466,100.00,,
302.556398699,2489907,,rFF44,100173886,100.00,,
302.556398699,52589289,,instructions,100173906,100.00,0.14,insn per cycle
302.556398699,375651611,,cycles,100174096,100.00,,
302.656569481,19921,,rD044,100168565,100.00,,
302.656569481,2366764,,rFF44,100168605,100.00,,
302.656569481,47050472,,instructions,100168665,100.00,0.13,insn per cycle
302.656569481,375629879,,cycles,100168295,100.00,,
302.756741582,25944,,rD044,100149216,100.00,,
302.756741582,2371615,,rFF44,100149266,100.00,,
302.756741582,47424024,,instructions,100149006,100.00,0.13,insn per cycle
302.756741582,375539330,,cycles,100149326,100.00,,
302.856938084,22883,,rD044,100195905,100.00,,
302.856938084,2387473,,rFF44,100196085,100.00,,
302.856938084,47719634,,instructions,100196105,100.00,0.13,insn per cycle
302.856938084,375734622,,cycles,100196205,100.00,,
302.957111176,17009,,rD044,100172836,100.00,,
302.957111176,2381337,,rFF44,100172456,100.00,,
302.957111176,47344228,,instructions,100172786,100.00,0.13,insn per cycle
302.957111176,375646479,,cycles,100172946,100.00,,
303.057285798,16870,,rD044,100173495,100.00,,
303.057285798,2664222,,rFF44,100174085,100.00,,
303.057285798,72230743,,instructions,100174165,100.00,0.19,insn per cycle
303.057285798,375650427,,cycles,100173705,100.00,,
303.157471420,15319,,rD044,100172696,100.00,,
303.157471420,2411884,,rFF44,100172036,100.00,,
303.157471420,49726751,,instructions,100171986,100.00,0.13,insn per cycle
303.157471420,375625774,,cycles,100172486,100.00,,
303.257643332,78092,,rD044,100171245,100.00,,
303.257643332,2528455,,rFF44,100171425,100.00,,
303.257643332,54986917,,instructions,100171935,100.00,0.15,insn per cycle
303.257643332,375642209,,cycles,100171425,100.00,,
303.357820854,46551,,rD044,100177376,100.00,,
303.357820854,2556415,,rFF44,100177566,100.00,,
303.357820854,53118968,,instructions,100176356,100.00,0.14,insn per cycle
303.357820854,375659119,,cycles,100176056,100.00,,
303.457995156,13051,,rD044,100173065,100.00,,
303.457995156,2583913,,rFF44,100173785,100.00,,
303.457995156,51579336,,instructions,100173915,100.00,0.14,insn per cycle
303.457995156,375651933,,cycles,100174185,100.00,,
303.558169027,21306,,rD044,100174296,100.00,,
303.558169027,2522802,,rFF44,100173476,100.00,,
303.558169027,52929343,,instructions,100174266,100.00,0.14,insn per cycle
303.558169027,375654681,,cycles,100174966,100.00,,
303.658346119,11998,,rD044,100175675,100.00,,
303.658346119,2590933,,rFF44,100176005,100.00,,
303.658346119,51757282,,instructions,100175445,100.00,0.14,insn per cycle
303.658346119,375654369,,cycles,100174785,100.00,,
303.758524861,53040,,rD044,100159696,100.00,,
303.758524861,2797695,,rFF44,100159296,100.00,,
303.758524861,73072290,,instructions,100159696,100.00,0.19,insn per cycle
303.758524861,375580735,,cycles,100160416,100.00,,
303.858698763,33610,,rD044,100173865,100.00,,
303.858698763,2613234,,rFF44,100173785,100.00,,
303.858698763,53968608,,instructions,100173455,100.00,0.14,insn per cycle
303.858698763,375646891,,cycles,100172855,100.00,,
303.958872025,26102,,rD044,100172006,100.00,,
303.958872025,2728324,,rFF44,100171776,100.00,,
303.958872025,55937827,,instructions,100172176,100.00,0.15,insn per cycle
303.958872025,375647254,,cycles,100172956,100.00,,
304.059046517,25800,,rD044,100173425,100.00,,
304.059046517,2768440,,rFF44,100173685,100.00,,
304.059046517,56744538,,instructions,100174035,100.00,0.15,insn per cycle
304.059046517,375647345,,cycles,100172945,100.00,,
304.159221418,27749,,rD044,100174976,100.00,,
304.159221418,2806352,,rFF44,100175846,100.00,,
304.159221418,57653502,,instructions,100175426,100.00,0.15,insn per cycle
304.159221418,375656847,,cycles,100175526,100.00,,
304.259397370,30312,,rD044,100175415,100.00,,
304.259397370,2829958,,rFF44,100174815,100.00,,
304.259397370,58114271,,instructions,100174685,100.00,0.15,insn per cycle
304.259397370,375653717,,cycles,100174715,100.00,,
304.359573792,25138,,rD044,100175126,100.00,,
304.359573792,2849716,,rFF44,100175216,100.00,,
304.359573792,58321524,,instructions,100175056,100.00,0.16,insn per cycle
304.359573792,375656237,,cycles,100175346,100.00,,
304.459750094,38494,,rD044,100175465,100.00,,
304.459750094,2908244,,rFF44,100175355,100.00,,
304.459750094,61981382,,instructions,100175035,100.00,0.17,insn per cycle
304.459750094,375620397,,cycles,100174905,100.00,,
304.559950896,40025,,rD044,100189136,100.00,,
304.559950896,2794471,,rFF44,100189276,100.00,,
304.559950896,57916357,,instructions,100190096,100.00,0.15,insn per cycle
304.559950896,375653301,,cycles,100190056,100.00,,
304.660125138,28602,,rD044,100161955,100.00,,
304.660125138,2785237,,rFF44,100161695,100.00,,
304.660125138,57014503,,instructions,100161275,100.00,0.15,insn per cycle
304.660125138,375550976,,cycles,100161055,100.00,,
304.760298330,26763,,rD044,100158986,100.00,,
304.760298330,2764808,,rFF44,100159176,100.00,,
304.760298330,57317703,,instructions,100159346,100.00,0.15,insn per cycle
304.760298330,375528687,,cycles,100159296,100.00,,
304.860473351,35048,,rD044,100163845,100.00,,
304.860473351,2810715,,rFF44,100163275,100.00,,
304.860473351,58483948,,instructions,100163335,100.00,0.16,insn per cycle
304.860473351,375576330,,cycles,100163845,100.00,,
304.960647173,48173,,rD044,100162515,100.00,,
304.960647173,2811173,,rFF44,100163105,100.00,,
304.960647173,59193261,,instructions,100163095,100.00,0.16,insn per cycle
304.960647173,375591118,,cycles,100163135,100.00,,
305.060821725,26195,,rD044,100174675,100.00,,
305.060821725,3021143,,rFF44,100174205,100.00,,
305.060821725,84021740,,instructions,100173795,100.00,0.22,insn per cycle
305.060821725,375648990,,cycles,100173245,100.00,,
305.160997157,31143,,rD044,100173106,100.00,,
305.160997157,2789026,,rFF44,100173356,100.00,,
305.160997157,57479947,,instructions,100173246,100.00,0.15,insn per cycle
305.160997157,375649179,,cycles,100173626,100.00,,
305.261169609,30190,,rD044,100173085,100.00,,
305.261169609,2979924,,rFF44,100172775,100.00,,
305.261169609,61475373,,instructions,100173745,100.00,0.16,insn per cycle
305.261169609,375649445,,cycles,100173535,100.00,,
305.361346521,43155,,rD044,100175396,100.00,,
305.361346521,2811639,,rFF44,100175556,100.00,,
305.361346521,58800995,,instructions,100174776,100.00,0.16,insn per cycle
305.361346521,375654848,,cycles,100174966,100.00,,
305.461521452,28603,,rD044,100174525,100.00,,
305.461521452,2824771,,rFF44,100174015,100.00,,
305.461521452,58341152,,instructions,100174135,100.00,0.16,insn per cycle
305.461521452,375652347,,cycles,100174345,100.00,,
305.561697794,41416,,rD044,100175446,100.00,,
305.561697794,2799935,,rFF44,100176446,100.00,,
305.561697794,58025490,,instructions,100176416,100.00,0.15,insn per cycle
305.561697794,375659635,,cycles,100176056,100.00,,
305.661872806,48487,,rD044,100173875,100.00,,
305.661872806,2856393,,rFF44,100173425,100.00,,
305.661872806,59949155,,instructions,100173705,100.00,0.16,insn per cycle
305.661872806,375634927,,cycles,100173995,100.00,,
305.762057048,47475,,rD044,100158576,100.00,,
305.762057048,2766010,,rFF44,100159356,100.00,,
305.762057048,58231126,,instructions,100159496,100.00,0.16,insn per cycle
305.762057048,375544788,,cycles,100159266,100.00,,
305.862236720,50278,,rD044,100177985,100.00,,
305.862236720,2867599,,rFF44,100177035,100.00,,
305.862236720,60196684,,instructions,100177165,100.00,0.16,insn per cycle
305.862236720,375631116,,cycles,100176985,100.00,,
305.962410632,69702,,rD044,100161716,100.00,,
305.962410632,2914649,,rFF44,100162156,100.00,,
305.962410632,61844275,,instructions,100161576,100.00,0.16,insn per cycle
305.962410632,375546562,,cycles,100161696,100.00,,
306.062586484,55034,,rD044,100163875,100.00,,
306.062586484,2806596,,rFF44,100164125,100.00,,
306.062586484,59133166,,instructions,100164075,100.00,0.16,insn per cycle
306.062586484,375553691,,cycles,100164415,100.00,,
306.162763395,51300,,rD044,100164906,100.00,,
306.162763395,2840952,,rFF44,100165036,100.00,,
306.162763395,59877622,,instructions,100165516,100.00,0.16,insn per cycle
306.162763395,375555148,,cycles,100164986,100.00,,
306.262965338,35826,,rD044,100189835,100.00,,
306.262965338,2820884,,rFF44,100189745,100.00,,
306.262965338,58758386,,instructions,100189175,100.00,0.16,insn per cycle
306.262965338,375647994,,cycles,100189885,100.00,,
306.363139149,53488,,rD044,100161526,100.00,,
306.363139149,2881797,,rFF44,100161246,100.00,,
306.363139149,60562985,,instructions,100161736,100.00,0.16,insn per cycle
306.363139149,375538580,,cycles,100160956,100.00,,
306.463313291,79741,,rD044,100163154,100.00,,
306.463313291,3303110,,rFF44,100163114,100.00,,
306.463313291,104221885,,instructions,100163134,100.00,0.28,insn per cycle
306.463313291,375562038,,cycles,100163674,100.00,,
306.563486453,63065,,rD044,100161976,100.00,,
306.563486453,2833180,,rFF44,100162536,100.00,,
306.563486453,60377074,,instructions,100162316,100.00,0.16,insn per cycle
306.563486453,375558697,,cycles,100162386,100.00,,
306.663660735,63413,,rD044,100162795,100.00,,
306.663660735,2909490,,rFF44,100162045,100.00,,
306.663660735,61856557,,instructions,100161965,100.00,0.16,insn per cycle
306.663660735,375554395,,cycles,100162275,100.00,,
306.763834997,44512,,rD044,100152176,100.00,,
306.763834997,2578668,,rFF44,100152396,100.00,,
306.763834997,55130050,,instructions,100152256,100.00,0.15,insn per cycle
306.763834997,375500717,,cycles,100151956,100.00,,
306.864008308,15136,,rD044,100172725,100.00,,
306.864008308,1856862,,rFF44,100172275,100.00,,
306.864008308,42743457,,instructions,100172845,100.00,0.11,insn per cycle
306.864008308,375613837,,cycles,100172985,100.00,,
306.964183040,18668,,rD044,100162006,100.00,,
306.964183040,1826218,,rFF44,100162296,100.00,,
306.964183040,41610470,,instructions,100161876,100.00,0.11,insn per cycle
306.964183040,375552130,,cycles,100161306,100.00,,
307.064357892,54521,,rD044,100163495,100.00,,
307.064357892,1817576,,rFF44,100164145,100.00,,
307.064357892,40344037,,instructions,100164485,100.00,0.11,insn per cycle
307.064357892,375554624,,cycles,100164855,100.00,,
307.164544784,8442,,rD044,100162396,100.00,,
307.164544784,1916755,,rFF44,100162336,100.00,,
307.164544784,43862512,,instructions,100161866,100.00,0.12,insn per cycle
307.164544784,375529237,,cycles,100161806,100.00,,
307.264719396,8129,,rD044,100164215,100.00,,
307.264719396,1930695,,rFF44,100163955,100.00,,
307.264719396,44031527,,instructions,100164235,100.00,0.12,insn per cycle
307.264719396,375562882,,cycles,100163715,100.00,,
307.364895948,8445,,rD044,100165726,100.00,,
307.364895948,1941126,,rFF44,100165176,100.00,,
307.364895948,43622307,,instructions,100164766,100.00,0.12,insn per cycle
307.364895948,375557524,,cycles,100164866,100.00,,
307.465070410,16932,,rD044,100162575,100.00,,
307.465070410,2400826,,rFF44,100163135,100.00,,
307.465070410,87399863,,instructions,100163235,100.00,0.23,insn per cycle
307.465070410,375567508,,cycles,100163315,100.00,,
307.565244651,7040,,rD044,100163296,100.00,,
307.565244651,2012161,,rFF44,100163276,100.00,,
307.565244651,44568413,,instructions,100163086,100.00,0.12,insn per cycle
307.565244651,375592626,,cycles,100163566,100.00,,
307.665418493,4757,,rD044,100173205,100.00,,
307.665418493,2007699,,rFF44,100172695,100.00,,
307.665418493,44491552,,instructions,100172855,100.00,0.12,insn per cycle
307.665418493,375646526,,cycles,100172765,100.00,,
307.765591475,5056,,rD044,100155156,100.00,,
307.765591475,2007253,,rFF44,100155386,100.00,,
307.765591475,44472053,,instructions,100155656,100.00,0.12,insn per cycle
307.765591475,375562863,,cycles,100155316,100.00,,
307.865772817,4795,,rD044,100165715,100.00,,
307.865772817,2004241,,rFF44,100165575,100.00,,
307.865772817,44390241,,instructions,100165565,100.00,0.12,insn per cycle
307.865772817,375600714,,cycles,100166415,100.00,,
307.965962529,5086,,rD044,100188496,100.00,,
307.965962529,2007709,,rFF44,100188306,100.00,,
307.965962529,44507739,,instructions,100188276,100.00,0.12,insn per cycle
307.965962529,375702258,,cycles,100187606,100.00,,
308.066138171,14387,,rD044,100174305,100.00,,
308.066138171,2091462,,rFF44,100174915,100.00,,
308.066138171,47326204,,instructions,100175165,100.00,0.13,insn per cycle
308.066138171,375649710,,cycles,100175275,100.00,,
308.166314213,25680,,rD044,100176346,100.00,,
308.166314213,2110235,,rFF44,100176666,100.00,,
308.166314213,48555746,,instructions,100176386,100.00,0.13,insn per cycle
308.166314213,375615435,,cycles,100176096,100.00,,
308.266488764,48048,,rD044,100161675,100.00,,
308.266488764,1810268,,rFF44,100161665,100.00,,
308.266488764,40143614,,instructions,100162125,100.00,0.11,insn per cycle
308.266488764,375544095,,cycles,100162925,100.00,,
308.366664726,146130,,rD044,100164316,100.00,,
308.366664726,3222142,,rFF44,100163656,100.00,,
308.366664726,75433758,,instructions,100163716,100.00,0.20,insn per cycle
308.366664726,375547995,,cycles,100163266,100.00,,
308.466838248,101925,,rD044,100161325,100.00,,
308.466838248,2507793,,rFF44,100161175,100.00,,
308.466838248,81982406,,instructions,100160975,100.00,0.22,insn per cycle
308.466838248,375560726,,cycles,100161015,100.00,,
308.567011880,135282,,rD044,100163066,100.00,,
308.567011880,1989804,,rFF44,100163556,100.00,,
308.567011880,53508266,,instructions,100162666,100.00,0.14,insn per cycle
308.567011880,375591390,,cycles,100162006,100.00,,
308.667184322,182645,,rD044,100171605,100.00,,
308.667184322,3004528,,rFF44,100171115,100.00,,
308.667184322,68889444,,instructions,100171525,100.00,0.18,insn per cycle
308.667184322,375642039,,cycles,100171495,100.00,,
308.767355943,67505,,rD044,100144886,100.00,,
308.767355943,2989168,,rFF44,100145136,100.00,,
308.767355943,69297676,,instructions,100144996,100.00,0.18,insn per cycle
308.767355943,375525190,,cycles,100145196,100.00,,
308.867530385,34964,,rD044,100174315,100.00,,
308.867530385,2159903,,rFF44,100173915,100.00,,
308.867530385,49004827,,instructions,100173805,100.00,0.13,insn per cycle
308.867530385,375651636,,cycles,100174155,100.00,,
308.967702807,24140,,rD044,100170886,100.00,,
308.967702807,3140243,,rFF44,100171766,100.00,,
308.967702807,72170961,,instructions,100171896,100.00,0.19,insn per cycle
308.967702807,375641858,,cycles,100171556,100.00,,
309.067876329,17618,,rD044,100172365,100.00,,
309.067876329,2830932,,rFF44,100172175,100.00,,
309.067876329,65091472,,instructions,100172105,100.00,0.17,insn per cycle
309.067876329,375644497,,cycles,100172165,100.00,,
309.168049311,12053,,rD044,100172476,100.00,,
309.168049311,2892817,,rFF44,100171966,100.00,,
309.168049311,66970775,,instructions,100171846,100.00,0.18,insn per cycle
309.168049311,375641387,,cycles,100171366,100.00,,
309.268218742,28872,,rD044,100169225,100.00,,
309.268218742,2095555,,rFF44,100169205,100.00,,
309.268218742,46649273,,instructions,100169275,100.00,0.12,insn per cycle
309.268218742,375634352,,cycles,100169535,100.00,,
309.368390284,25698,,rD044,100170345,100.00,,
309.368390284,2140234,,rFF44,100170045,100.00,,
309.368390284,48123118,,instructions,100170146,100.00,0.13,insn per cycle
309.368390284,375636240,,cycles,100170016,100.00,,
309.468561416,20142,,rD044,100170626,100.00,,
309.468561416,2309310,,rFF44,100171626,100.00,,
309.468561416,52801841,,instructions,100171375,100.00,0.14,insn per cycle
309.468561416,375644279,,cycles,100172045,100.00,,
309.568734118,21075,,rD044,100172225,100.00,,
309.568734118,2702107,,rFF44,100171535,100.00,,
309.568734118,93626055,,instructions,100171895,100.00,0.25,insn per cycle
309.568734118,375642744,,cycles,100171905,100.00,,
309.668935860,21429,,rD044,100200396,100.00,,
309.668935860,2063031,,rFF44,100200766,100.00,,
309.668935860,46871822,,instructions,100201016,100.00,0.12,insn per cycle
309.668935860,375751768,,cycles,100200866,100.00,,
309.769109482,20968,,rD044,100157126,100.00,,
309.769109482,3145512,,rFF44,100157106,100.00,,
309.769109482,72836011,,instructions,100156596,100.00,0.19,insn per cycle
309.769109482,375566324,,cycles,100156416,100.00,,
309.869288284,21694,,rD044,100177255,100.00,,
309.869288284,1988315,,rFF44,100176995,100.00,,
309.869288284,45764851,,instructions,100177635,100.00,0.12,insn per cycle
309.869288284,375664322,,cycles,100177505,100.00,,
309.969459445,21413,,rD044,100171266,100.00,,
309.969459445,1929345,,rFF44,100170666,100.00,,
309.969459445,44353987,,instructions,100170036,100.00,0.12,insn per cycle
309.969459445,375636582,,cycles,100170096,100.00,,
310.069630797,26077,,rD044,100171275,100.00,,
310.069630797,2020635,,rFF44,100171485,100.00,,
310.069630797,46461307,,instructions,100171425,100.00,0.12,insn per cycle
310.069630797,375641391,,cycles,100171405,100.00,,
310.169803149,25634,,rD044,100176725,100.00,,
310.169803149,2087329,,rFF44,100177396,100.00,,
310.169803149,48018988,,instructions,100177666,100.00,0.13,insn per cycle
310.169803149,375664949,,cycles,100177506,100.00,,
310.269980611,26378,,rD044,100171826,100.00,,
310.269980611,1946440,,rFF44,100171395,100.00,,
310.269980611,44777633,,instructions,100171665,100.00,0.12,insn per cycle
310.269980611,375639764,,cycles,100171195,100.00,,
310.370154783,25187,,rD044,100172285,100.00,,
310.370154783,1925941,,rFF44,100172475,100.00,,
310.370154783,44203413,,instructions,100172035,100.00,0.12,insn per cycle
310.370154783,375646964,,cycles,100172816,100.00,,
310.470326805,25310,,rD044,100171276,100.00,,
310.470326805,2015444,,rFF44,100171426,100.00,,
310.470326805,46223313,,instructions,100171456,100.00,0.12,insn per cycle
310.470326805,375640687,,cycles,100171195,100.00,,
310.570498216,25332,,rD044,100170355,100.00,,
310.570498216,1830287,,rFF44,100170045,100.00,,
310.570498216,42005672,,instructions,100170025,100.00,0.11,insn per cycle
310.570498216,375637543,,cycles,100170385,100.00,,
310.670667638,28583,,rD044,100169106,100.00,,
310.670667638,2367496,,rFF44,100169036,100.00,,
310.670667638,85544921,,instructions,100169206,100.00,0.23,insn per cycle
310.670667638,375632788,,cycles,100169086,100.00,,
310.770838950,25539,,rD044,100154615,100.00,,
310.770838950,1837936,,rFF44,100154585,100.00,,
310.770838950,42254534,,instructions,100154385,100.00,0.11,insn per cycle
310.770838950,375558689,,cycles,100154325,100.00,,
310.871009272,26932,,rD044,100169736,100.00,,
310.871009272,1912395,,rFF44,100168986,100.00,,
310.871009272,43860504,,instructions,100168866,100.00,0.12,insn per cycle
310.871009272,375630765,,cycles,100168576,100.00,,
310.971175023,26345,,rD044,100165515,100.00,,
310.971175023,1879626,,rFF44,100165975,100.00,,
310.971175023,42969132,,instructions,100165895,100.00,0.11,insn per cycle
310.971175023,375621721,,cycles,100166175,100.00,,
311.071347415,26349,,rD044,100172426,100.00,,
311.071347415,3626024,,rFF44,100172546,100.00,,
311.071347415,84071796,,instructions,100172746,100.00,0.22,insn per cycle
311.071347415,375648323,,cycles,100173226,100.00,,
311.171530427,25172,,rD044,100169455,100.00,,
311.171530427,6230296,,rFF44,100170615,100.00,,
311.171530427,145312437,,instructions,100171385,100.00,0.39,insn per cycle
311.171530427,375621057,,cycles,100171165,100.00,,
311.271702609,23610,,rD044,100171866,100.00,,
311.271702609,2239648,,rFF44,100171046,100.00,,
311.271702609,51368874,,instructions,100170536,100.00,0.14,insn per cycle
311.271702609,375637624,,cycles,100170326,100.00,,
311.371872801,22023,,rD044,100169135,100.00,,
311.371872801,1975816,,rFF44,100168965,100.00,,
311.371872801,45360661,,instructions,100169145,100.00,0.12,insn per cycle
311.371872801,375632572,,cycles,100169035,100.00,,
311.472044243,24006,,rD044,100170856,100.00,,
311.472044243,2138969,,rFF44,100170856,100.00,,
311.472044243,48985867,,instructions,100170276,100.00,0.13,insn per cycle
311.472044243,375637237,,cycles,100170366,100.00,,
311.572214034,23973,,rD044,100168835,100.00,,
311.572214034,2026743,,rFF44,100168855,100.00,,
311.572214034,46527999,,instructions,100169045,100.00,0.12,insn per cycle
311.572214034,375633398,,cycles,100169205,100.00,,
311.672383776,28159,,rD044,100170616,100.00,,
311.672383776,2440253,,rFF44,100171296,100.00,,
311.672383776,88722556,,instructions,100170786,100.00,0.24,insn per cycle
311.672383776,375637890,,cycles,100170446,100.00,,
311.772560778,25290,,rD044,100144185,100.00,,
311.772560778,1925056,,rFF44,100143875,100.00,,
311.772560778,44225818,,instructions,100144305,100.00,0.12,insn per cycle
311.772560778,375524957,,cycles,100145485,100.00,,
311.872733670,24720,,rD044,100171836,100.00,,
311.872733670,2116190,,rFF44,100171926,100.00,,
311.872733670,48494908,,instructions,100171866,100.00,0.13,insn per cycle
311.872733670,375638408,,cycles,100170606,100.00,,
311.972936442,23164,,rD044,100203015,100.00,,
311.972936442,2433511,,rFF44,100203055,100.00,,
311.972936442,55839793,,instructions,100203185,100.00,0.15,insn per cycle
311.972936442,375761884,,cycles,100203515,100.00,,
312.073113354,24581,,rD044,100175856,100.00,,
312.073113354,5537729,,rFF44,100175706,100.00,,
312.073113354,129067850,,instructions,100175726,100.00,0.34,insn per cycle
312.073113354,375656283,,cycles,100175376,100.00,,
312.173285555,19575,,rD044,100170985,100.00,,
312.173285555,1857976,,rFF44,100171105,100.00,,
312.173285555,42829519,,instructions,100171565,100.00,0.11,insn per cycle
312.173285555,375640770,,cycles,100171215,100.00,,
312.273455497,18653,,rD044,100169446,100.00,,
312.273455497,1789840,,rFF44,100168936,100.00,,
312.273455497,41355615,,instructions,100168186,100.00,0.11,insn per cycle
312.273455497,375631029,,cycles,100168716,100.00,,
312.373624769,19089,,rD044,100168845,100.00,,
312.373624769,1701914,,rFF44,100168935,100.00,,
312.373624769,39255285,,instructions,100169895,100.00,0.10,insn per cycle
312.373624769,375619896,,cycles,100169755,100.00,,
312.473798591,20331,,rD044,100164416,100.00,,
312.473798591,1784395,,rFF44,100169096,100.00,,
312.473798591,41254007,,instructions,100169236,100.00,0.11,insn per cycle
312.473798591,375587645,,cycles,100169586,100.00,,
312.573979283,21420,,rD044,100166745,100.00,,
312.573979283,1737273,,rFF44,100161425,100.00,,
312.573979283,39797965,,instructions,100160285,100.00,0.11,insn per cycle
312.573979283,375560466,,cycles,100160225,100.00,,
312.674151445,20123,,rD044,100171776,100.00,,
312.674151445,2212479,,rFF44,100172446,100.00,,
312.674151445,51281193,,instructions,100173046,100.00,0.14,insn per cycle
312.674151445,375611865,,cycles,100173246,100.00,,
312.774327736,28461,,rD044,100148765,100.00,,
312.774327736,7388464,,rFF44,100148765,100.00,,
312.774327736,204531882,,instructions,100148475,100.00,0.54,insn per cycle
312.774327736,375485994,,cycles,100148065,100.00,,
312.874499448,38618,,rD044,100159446,100.00,,
312.874499448,3379821,,rFF44,100159316,100.00,,
312.874499448,77140939,,instructions,100159896,100.00,0.21,insn per cycle
312.874499448,375544011,,cycles,100160246,100.00,,
312.974670270,26826,,rD044,100170715,100.00,,
312.974670270,2601760,,rFF44,100171735,100.00,,
312.974670270,59525635,,instructions,100171055,100.00,0.16,insn per cycle
312.974670270,375598728,,cycles,100170755,100.00,,
313.074843632,20728,,rD044,100162626,100.00,,
313.074843632,3231234,,rFF44,100161896,100.00,,
313.074843632,74748103,,instructions,100161866,100.00,0.20,insn per cycle
313.074843632,375542549,,cycles,100161816,100.00,,
313.175018864,24164,,rD044,100163515,100.00,,
313.175018864,3289664,,rFF44,100163555,100.00,,
313.175018864,75995599,,instructions,100163595,100.00,0.20,insn per cycle
313.175018864,375559196,,cycles,100163645,100.00,,
313.275194215,29771,,rD044,100162846,100.00,,
313.275194215,3126192,,rFF44,100163206,100.00,,
313.275194215,71512506,,instructions,100163276,100.00,0.19,insn per cycle
313.275194215,375561200,,cycles,100163176,100.00,,
313.375369417,31128,,rD044,100164375,100.00,,
313.375369417,2850157,,rFF44,100164015,100.00,,
313.375369417,65438888,,instructions,100164425,100.00,0.17,insn per cycle
313.375369417,375563049,,cycles,100164685,100.00,,
313.475542219,10077,,rD044,100160666,100.00,,
313.475542219,2582998,,rFF44,100160246,100.00,,
313.475542219,59717368,,instructions,100160066,100.00,0.16,insn per cycle
313.475542219,375543607,,cycles,100159586,100.00,,
313.575712251,7700,,rD044,100158315,100.00,,
313.575712251,2706297,,rFF44,100158365,100.00,,
313.575712251,62642611,,instructions,100157965,100.00,0.17,insn per cycle
313.575712251,375538836,,cycles,100158695,100.00,,
313.675884503,7739,,rD044,100146206,100.00,,
313.675884503,2760253,,rFF44,100146686,100.00,,
313.675884503,63884586,,instructions,100146926,100.00,0.17,insn per cycle
313.675884503,375478104,,cycles,100146356,100.00,,
313.776057544,12272,,rD044,100161895,100.00,,
313.776057544,3054523,,rFF44,100162155,100.00,,
313.776057544,103329592,,instructions,100162055,100.00,0.28,insn per cycle
313.776057544,375569252,,cycles,100163115,100.00,,
313.876232956,7061,,rD044,100175646,100.00,,
313.876232956,2608068,,rFF44,100175086,100.00,,
313.876232956,60693570,,instructions,100175316,100.00,0.16,insn per cycle
313.876232956,375641818,,cycles,100174826,100.00,,
313.976411108,6351,,rD044,100176475,100.00,,
313.976411108,2527833,,rFF44,100176705,100.00,,
313.976411108,59185292,,instructions,100176845,100.00,0.16,insn per cycle
313.976411108,375643561,,cycles,100176125,100.00,,
314.076584710,6953,,rD044,100162316,100.00,,
314.076584710,2435746,,rFF44,100162056,100.00,,
314.076584710,56969404,,instructions,100161696,100.00,0.15,insn per cycle
314.076584710,375553672,,cycles,100161876,100.00,,
314.176760362,10586,,rD044,100163884,100.00,,
314.176760362,2341203,,rFF44,100164344,100.00,,
314.176760362,54040624,,instructions,100164284,100.00,0.14,insn per cycle
314.176760362,375561076,,cycles,100164194,100.00,,
314.276940944,10852,,rD044,100168946,100.00,,
314.276940944,2164993,,rFF44,100168756,100.00,,
314.276940944,49649726,,instructions,100168976,100.00,0.13,insn per cycle
314.276940944,375592722,,cycles,100169276,100.00,,
314.377114046,10848,,rD044,100161755,100.00,,
314.377114046,2743993,,rFF44,100161535,100.00,,
314.377114046,63364468,,instructions,100161535,100.00,0.17,insn per cycle
314.377114046,375547731,,cycles,100161275,100.00,,
314.477286117,8070,,rD044,100161576,100.00,,
314.477286117,2575314,,rFF44,100161976,100.00,,
314.477286117,60194230,,instructions,100161966,100.00,0.16,insn per cycle
314.477286117,375558643,,cycles,100162126,100.00,,
314.577461039,7401,,rD044,100163885,100.00,,
314.577461039,2322516,,rFF44,100163615,100.00,,
314.577461039,54297392,,instructions,100163715,100.00,0.14,insn per cycle
314.577461039,375566440,,cycles,100164095,100.00,,
314.677634851,10905,,rD044,100172766,100.00,,
314.677634851,2517494,,rFF44,100172596,100.00,,
314.677634851,58151008,,instructions,100172796,100.00,0.15,insn per cycle
314.677634851,375610304,,cycles,100172966,100.00,,
314.777815093,14053,,rD044,100135705,100.00,,
314.777815093,2507640,,rFF44,100135815,100.00,,
314.777815093,91542664,,instructions,100135755,100.00,0.24,insn per cycle
314.777815093,375443884,,cycles,100135015,100.00,,
314.877990655,9655,,rD044,100164226,100.00,,
314.877990655,3530858,,rFF44,100163816,100.00,,
314.877990655,82360105,,instructions,100163116,100.00,0.22,insn per cycle
314.877990655,375550597,,cycles,100163106,100.00,,
314.978162166,9155,,rD044,100159155,100.00,,
314.978162166,3175001,,rFF44,100159695,100.00,,
314.978162166,74141484,,instructions,100160335,100.00,0.20,insn per cycle
314.978162166,375550204,,cycles,100160415,100.00,,
315.078331988,9751,,rD044,100171165,100.00,,
315.078331988,2871388,,rFF44,100171175,100.00,,
315.078331988,65975048,,instructions,100170765,100.00,0.18,insn per cycle
315.078331988,375598457,,cycles,100170656,100.00,,
315.178513360,9299,,rD044,100157506,100.00,,
315.178513360,2654586,,rFF44,100157736,100.00,,
315.178513360,61063317,,instructions,100158196,100.00,0.16,insn per cycle
315.178513360,375526601,,cycles,100158475,100.00,,
315.278686702,10853,,rD044,100166235,100.00,,
315.278686702,2713939,,rFF44,100165835,100.00,,
315.278686702,62496835,,instructions,100165976,100.00,0.17,insn per cycle
315.278686702,375572600,,cycles,100166376,100.00,,
315.378862174,9314,,rD044,100162106,100.00,,
315.378862174,2767562,,rFF44,100162396,100.00,,
315.378862174,64493841,,instructions,100161645,100.00,0.17,insn per cycle
315.378862174,375550245,,cycles,100161225,100.00,,
315.479032826,10827,,rD044,100159755,100.00,,
315.479032826,3166741,,rFF44,100159255,100.00,,
315.479032826,73721703,,instructions,100159425,100.00,0.20,insn per cycle
315.479032826,375551830,,cycles,100159685,100.00,,
315.579204557,11472,,rD044,100159756,100.00,,
315.579204557,3100952,,rFF44,100161326,100.00,,
315.579204557,71851483,,instructions,100161596,100.00,0.19,insn per cycle
315.579204557,375554452,,cycles,100161136,100.00,,
315.679380019,10807,,rD044,100162785,100.00,,
315.679380019,2774137,,rFF44,100161045,100.00,,
315.679380019,64399431,,instructions,100161165,100.00,0.17,insn per cycle
315.679380019,375544863,,cycles,100161335,100.00,,
315.779551961,11760,,rD044,100149786,100.00,,
315.779551961,2934685,,rFF44,100149946,100.00,,
315.779551961,96253444,,instructions,100149606,100.00,0.26,insn per cycle
315.779551961,375495210,,cycles,100149046,100.00,,
315.879726863,10338,,rD044,100164195,100.00,,
315.879726863,2970032,,rFF44,100164575,100.00,,
315.879726863,75741642,,instructions,100164825,100.00,0.20,insn per cycle
315.879726863,375569107,,cycles,100165905,100.00,,
315.979911805,11079,,rD044,100172656,100.00,,
315.979911805,3390796,,rFF44,100172386,100.00,,
315.979911805,79153738,,instructions,100171826,100.00,0.21,insn per cycle
315.979911805,375583138,,cycles,100171276,100.00,,
316.080086267,9920,,rD044,100163845,100.00,,
316.080086267,3282334,,rFF44,100164455,100.00,,
316.080086267,76437960,,instructions,100165315,100.00,0.20,insn per cycle
316.080086267,375567915,,cycles,100165025,100.00,,
316.180259738,11356,,rD044,100158406,100.00,,
316.180259738,3195116,,rFF44,100157726,100.00,,
316.180259738,74596153,,instructions,100157096,100.00,0.20,insn per cycle
316.180259738,375531274,,cycles,100157696,100.00,,
316.280431020,11099,,rD044,100171765,100.00,,
316.280431020,3795300,,rFF44,100172005,100.00,,
316.280431020,88494905,,instructions,100172525,100.00,0.24,insn per cycle
316.280431020,375620098,,cycles,100172285,100.00,,
316.380606572,13283,,rD044,100163826,100.00,,
316.380606572,3184245,,rFF44,100164056,100.00,,
316.380606572,158291374,,instructions,100164476,100.00,0.42,insn per cycle
316.380606572,375570206,,cycles,100164966,100.00,,
316.480780344,7546,,rD044,100163645,100.00,,
316.480780344,3231418,,rFF44,100163995,100.00,,
316.480780344,268731797,,instructions,100163365,100.00,0.72,insn per cycle
316.480780344,375549019,,cycles,100162655,100.00,,
316.580962956,7669,,rD044,100170286,100.00,,
316.580962956,3384098,,rFF44,100170006,100.00,,
316.580962956,274876033,,instructions,100170376,100.00,0.73,insn per cycle
316.580962956,375583017,,cycles,100170596,100.00,,
316.681137738,8008,,rD044,100146775,100.00,,
316.681137738,3285750,,rFF44,100146755,100.00,,
316.681137738,270833476,,instructions,100146345,100.00,0.72,insn per cycle
316.681137738,375474324,,cycles,100146645,100.00,,
316.781312329,10723,,rD044,100164706,100.00,,
316.781312329,3003172,,rFF44,100164306,100.00,,
316.781312329,261490603,,instructions,100164776,100.00,0.70,insn per cycle
316.781312329,375557779,,cycles,100164406,100.00,,
316.881487841,7955,,rD044,100163465,100.00,,
316.881487841,3563901,,rFF44,100163935,100.00,,
316.881487841,286170076,,instructions,100163325,100.00,0.76,insn per cycle
316.881487841,375554032,,cycles,100163085,100.00,,
316.981661353,7831,,rD044,100162906,100.00,,
316.981661353,3342262,,rFF44,100163076,100.00,,
316.981661353,270064950,,instructions,100163116,100.00,0.72,insn per cycle
316.981661353,375557685,,cycles,100164026,100.00,,
317.081836135,8060,,rD044,100162005,100.00,,
317.081836135,3294478,,rFF44,100162015,100.00,,
317.081836135,267907524,,instructions,100161915,100.00,0.71,insn per cycle
317.081836135,375562142,,cycles,100161205,100.00,,
317.182014867,7596,,rD044,100167556,100.00,,
317.182014867,3239725,,rFF44,100167386,100.00,,
317.182014867,267770073,,instructions,100167886,100.00,0.71,insn per cycle
317.182014867,375570085,,cycles,100168666,100.00,,
317.282188859,8187,,rD044,100161575,100.00,,
317.282188859,3154123,,rFF44,100160965,100.00,,
317.282188859,261654787,,instructions,100160905,100.00,0.70,insn per cycle
317.282188859,375549594,,cycles,100160285,100.00,,
317.382361660,8366,,rD044,100172726,100.00,,
317.382361660,3306292,,rFF44,100173006,100.00,,
317.382361660,267653022,,instructions,100172946,100.00,0.71,insn per cycle
317.382361660,375618093,,cycles,100173206,100.00,,
317.482535282,8877,,rD044,100162425,100.00,,
317.482535282,3238884,,rFF44,100163125,100.00,,
317.482535282,265579284,,instructions,100163315,100.00,0.71,insn per cycle
317.482535282,375552320,,cycles,100162995,100.00,,
317.582710664,9679,,rD044,100163736,100.00,,
317.582710664,3192797,,rFF44,100163466,100.00,,
317.582710664,264203172,,instructions,100163176,100.00,0.70,insn per cycle
317.582710664,375558394,,cycles,100163286,100.00,,
317.682886216,8768,,rD044,100162925,100.00,,
317.682886216,3300664,,rFF44,100162185,100.00,,
317.682886216,267605070,,instructions,100162555,100.00,0.71,insn per cycle
317.682886216,375551407,,cycles,100162555,100.00,,
317.783058628,9486,,rD044,100141146,100.00,,
317.783058628,3184607,,rFF44,100141656,100.00,,
317.783058628,263715923,,instructions,100141476,100.00,0.70,insn per cycle
317.783058628,375454741,,cycles,100141476,100.00,,
317.883232620,7678,,rD044,100161955,100.00,,
317.883232620,3244306,,rFF44,100161945,100.00,,
317.883232620,263890341,,instructions,100161255,100.00,0.70,insn per cycle
317.883232620,375549422,,cycles,100161145,100.00,,
317.983406871,8064,,rD044,100162016,100.00,,
317.983406871,3324720,,rFF44,100161636,100.00,,
317.983406871,268522363,,instructions,100162356,100.00,0.71,insn per cycle
317.983406871,375567239,,cycles,100162456,100.00,,
318.083587873,8944,,rD044,100155115,100.00,,
318.083587873,3361241,,rFF44,100155475,100.00,,
318.083587873,266683325,,instructions,100155735,100.00,0.71,insn per cycle
318.083587873,375511295,,cycles,100156455,100.00,,
318.183763725,8271,,rD044,100163766,100.00,,
318.183763725,3105902,,rFF44,100163656,100.00,,
318.183763725,256216191,,instructions,100163376,100.00,0.68,insn per cycle
318.183763725,375590351,,cycles,100162846,100.00,,
318.283944037,7096,,rD044,100180665,100.00,,
318.283944037,3175602,,rFF44,100181135,100.00,,
318.283944037,262036134,,instructions,100181795,100.00,0.70,insn per cycle
318.283944037,375680862,,cycles,100181685,100.00,,
318.384122709,8433,,rD044,100177036,100.00,,
318.384122709,3295775,,rFF44,100176566,100.00,,
318.384122709,267900359,,instructions,100175836,100.00,0.71,insn per cycle
318.384122709,375656488,,cycles,100175436,100.00,,
318.484296991,6991,,rD044,100173485,100.00,,
318.484296991,3221892,,rFF44,100173445,100.00,,
318.484296991,264279590,,instructions,100174335,100.00,0.70,insn per cycle
318.484296991,375641327,,cycles,100174695,100.00,,
318.584472282,5493,,rD044,100163226,100.00,,
318.584472282,3413567,,rFF44,100163056,100.00,,
318.584472282,275685397,,instructions,100161766,100.00,0.73,insn per cycle
318.584472282,375549045,,cycles,100162156,100.00,,
318.684646694,5432,,rD044,100174215,100.00,,
318.684646694,3421022,,rFF44,100174175,100.00,,
318.684646694,275534212,,instructions,100175435,100.00,0.73,insn per cycle
318.684646694,375606162,,cycles,100175145,100.00,,
318.784823046,18056,,rD044,100123886,100.00,,
318.784823046,3711816,,rFF44,100124076,100.00,,
318.784823046,285846321,,instructions,100123246,100.00,0.76,insn per cycle
318.784823046,375391314,,cycles,100123376,100.00,,
318.885000408,8000,,rD044,100164945,100.00,,
318.885000408,3053484,,rFF44,100165465,100.00,,
318.885000408,257536351,,instructions,100165475,100.00,0.69,insn per cycle
318.885000408,375570234,,cycles,100164865,100.00,,
318.985174790,8270,,rD044,100162276,100.00,,
318.985174790,3101277,,rFF44,100161736,100.00,,
318.985174790,261576978,,instructions,100161486,100.00,0.70,insn per cycle
318.985174790,375541088,,cycles,100161876,100.00,,
319.085346842,7344,,rD044,100160865,100.00,,
319.085346842,3117631,,rFF44,100160805,100.00,,
319.085346842,264096596,,instructions,100160775,100.00,0.70,insn per cycle
319.085346842,375538578,,cycles,100160845,100.00,,
319.185529504,7390,,rD044,100161476,100.00,,
319.185529504,3114366,,rFF44,100161516,100.00,,
319.185529504,263559180,,instructions,100161526,100.00,0.70,insn per cycle
319.185529504,375533524,,cycles,100161566,100.00,,
319.285703085,7413,,rD044,100163004,100.00,,
319.285703085,3117463,,rFF44,100163414,100.00,,
319.285703085,264139648,,instructions,100163384,100.00,0.70,insn per cycle
319.285703085,375566150,,cycles,100163614,100.00,,
319.385877277,7772,,rD044,100161816,100.00,,
319.385877277,3313635,,rFF44,100162066,100.00,,
319.385877277,270487129,,instructions,100162446,100.00,0.72,insn per cycle
319.385877277,375550040,,cycles,100162026,100.00,,
319.486052369,7713,,rD044,100163425,100.00,,
319.486052369,3061521,,rFF44,100162845,100.00,,
319.486052369,258610360,,instructions,100162725,100.00,0.69,insn per cycle
319.486052369,375559199,,cycles,100163515,100.00,,
319.586226101,8129,,rD044,100161595,100.00,,
319.586226101,3042244,,rFF44,100162015,100.00,,
319.586226101,257079875,,instructions,100162325,100.00,0.68,insn per cycle
319.586226101,375558902,,cycles,100161525,100.00,,
319.686399893,6757,,rD044,100151285,100.00,,
319.686399893,3266876,,rFF44,100151175,100.00,,
319.686399893,266908992,,instructions,100150665,100.00,0.71,insn per cycle
319.686399893,375544309,,cycles,100150945,100.00,,
319.786573444,13292,,rD044,100172326,100.00,,
319.786573444,3487850,,rFF44,100172106,100.00,,
319.786573444,276869568,,instructions,100172166,100.00,0.74,insn per cycle
319.786573444,375643378,,cycles,100171896,100.00,,
319.886746966,5449,,rD044,100173685,100.00,,
319.886746966,3258842,,rFF44,100173445,100.00,,
319.886746966,267026533,,instructions,100173595,100.00,0.71,insn per cycle
319.886746966,375623945,,cycles,100174045,100.00,,
319.986951368,5539,,rD044,100202846,100.00,,
319.986951368,3333970,,rFF44,100202966,100.00,,
319.986951368,271420945,,instructions,100203396,100.00,0.72,insn per cycle
319.986951368,375734621,,cycles,100202986,100.00,,
320.087134200,6599,,rD044,100170435,100.00,,
320.087134200,3391695,,rFF44,100170495,100.00,,
320.087134200,268895427,,instructions,100170105,100.00,0.72,insn per cycle
320.087134200,375580438,,cycles,100170365,100.00,,
320.187307012,6216,,rD044,100150575,100.00,,
320.187307012,3322275,,rFF44,100149895,100.00,,
320.187307012,267781314,,instructions,100149505,100.00,0.71,insn per cycle
320.187307012,375475887,,cycles,100149075,100.00,,
320.287479584,5975,,rD044,100161115,100.00,,
320.287479584,3321456,,rFF44,100161385,100.00,,
320.287479584,267820541,,instructions,100161605,100.00,0.71,insn per cycle
320.287479584,375548315,,cycles,100162415,100.00,,
320.387653816,6415,,rD044,100162726,100.00,,
320.387653816,3305638,,rFF44,100163236,100.00,,
320.387653816,266503472,,instructions,100163346,100.00,0.71,insn per cycle
320.387653816,375544530,,cycles,100162726,100.00,,
320.487830068,6282,,rD044,100163585,100.00,,
320.487830068,3322707,,rFF44,100163485,100.00,,
320.487830068,267287319,,instructions,100163025,100.00,0.71,insn per cycle
320.487830068,375555699,,cycles,100163555,100.00,,
320.588006509,12627,,rD044,100163726,100.00,,
320.588006509,2668894,,rFF44,100164236,100.00,,
320.588006509,244676472,,instructions,100164936,100.00,0.65,insn per cycle
320.588006509,375561031,,cycles,100164036,100.00,,
320.688180411,23948,,rD044,100162175,100.00,,
320.688180411,2975655,,rFF44,100161765,100.00,,
320.688180411,243972026,,instructions,100161655,100.00,0.65,insn per cycle
320.688180411,375568347,,cycles,100161825,100.00,,
320.788353683,26604,,rD044,100153536,100.00,,
320.788353683,3130955,,rFF44,100154276,100.00,,
320.788353683,242266771,,instructions,100153786,100.00,0.65,insn per cycle
320.788353683,375557640,,cycles,100153996,100.00,,
320.888529225,29243,,rD044,100174185,100.00,,
320.888529225,3417352,,rFF44,100173735,100.00,,
320.888529225,256322363,,instructions,100174055,100.00,0.68,insn per cycle
320.888529225,375650797,,cycles,100173895,100.00,,
320.988703197,23471,,rD044,100173626,100.00,,
320.988703197,3037718,,rFF44,100173336,100.00,,
320.988703197,241105569,,instructions,100173896,100.00,0.64,insn per cycle
320.988703197,375649964,,cycles,100173916,100.00,,
321.088877648,16946,,rD044,100174015,100.00,,
321.088877648,3311982,,rFF44,100174035,100.00,,
321.088877648,264651030,,instructions,100172855,100.00,0.70,insn per cycle
321.088877648,375647940,,cycles,100172945,100.00,,
321.189051920,13340,,rD044,100173086,100.00,,
321.189051920,3292939,,rFF44,100172936,100.00,,
321.189051920,274786592,,instructions,100173606,100.00,0.73,insn per cycle
321.189051920,375651996,,cycles,100174196,100.00,,
321.289226692,23411,,rD044,100173965,100.00,,
321.289226692,2966599,,rFF44,100174355,100.00,,
321.289226692,237052180,,instructions,100174105,100.00,0.63,insn per cycle
321.289226692,375647659,,cycles,100173235,100.00,,
321.389402824,26272,,rD044,100174516,100.00,,
321.389402824,3106681,,rFF44,100174186,100.00,,
321.389402824,241057020,,instructions,100174566,100.00,0.64,insn per cycle
321.389402824,375624758,,cycles,100174296,100.00,,
321.489578406,26571,,rD044,100164125,100.00,,
321.489578406,2945990,,rFF44,100164825,100.00,,
321.489578406,238181617,,instructions,100165115,100.00,0.63,insn per cycle
321.489578406,375566783,,cycles,100165785,100.00,,
321.589752338,30001,,rD044,100162466,100.00,,
321.589752338,3191521,,rFF44,100162226,100.00,,
321.589752338,243459467,,instructions,100162076,100.00,0.65,insn per cycle
321.589752338,375558978,,cycles,100162436,100.00,,
321.689949700,14063,,rD044,100140405,100.00,,
321.689949700,3729407,,rFF44,100140205,100.00,,
321.689949700,291042484,,instructions,100140085,100.00,0.78,insn per cycle
321.689949700,375453558,,cycles,100140115,100.00,,
321.790124462,7731,,rD044,100174446,100.00,,
321.790124462,3953324,,rFF44,100173926,100.00,,
321.790124462,309135793,,instructions,100173936,100.00,0.82,insn per cycle
321.790124462,375605226,,cycles,100173476,100.00,,
321.890300573,7786,,rD044,100165525,100.00,,
321.890300573,3874230,,rFF44,100165735,100.00,,
321.890300573,302880622,,instructions,100165715,100.00,0.81,insn per cycle
321.890300573,375574279,,cycles,100165875,100.00,,
321.990475295,25694,,rD044,100173476,100.00,,
321.990475295,3687219,,rFF44,100173556,100.00,,
321.990475295,278233053,,instructions,100173016,100.00,0.74,insn per cycle
321.990475295,375609456,,cycles,100173526,100.00,,
322.090650407,31711,,rD044,100163065,100.00,,
322.090650407,2444558,,rFF44,100163085,100.00,,
322.090650407,215365310,,instructions,100163185,100.00,0.57,insn per cycle
322.090650407,375574420,,cycles,100162415,100.00,,
322.190826699,29651,,rD044,100175156,100.00,,
322.190826699,2291372,,rFF44,100174846,100.00,,
322.190826699,212745267,,instructions,100174806,100.00,0.57,insn per cycle
322.190826699,375654219,,cycles,100174866,100.00,,
322.290998921,27835,,rD044,100172255,100.00,,
322.290998921,2292718,,rFF44,100173125,100.00,,
322.290998921,214389406,,instructions,100172775,100.00,0.57,insn per cycle
322.290998921,375646124,,cycles,100172555,100.00,,
322.391172443,26063,,rD044,100172816,100.00,,
322.391172443,2324817,,rFF44,100172446,100.00,,
322.391172443,217026089,,instructions,100172816,100.00,0.58,insn per cycle
322.391172443,375646121,,cycles,100172746,100.00,,
322.491345294,24674,,rD044,100172215,100.00,,
322.491345294,2298119,,rFF44,100172515,100.00,,
322.491345294,217994495,,instructions,100172535,100.00,0.58,insn per cycle
322.491345294,375647528,,cycles,100172785,100.00,,
322.591520486,26596,,rD044,100173306,100.00,,
322.591520486,2267922,,rFF44,100173576,100.00,,
322.591520486,215704596,,instructions,100174066,100.00,0.57,insn per cycle
322.591520486,375628509,,cycles,100173946,100.00,,
322.691693198,28019,,rD044,100149714,100.00,,
322.691693198,2531595,,rFF44,100148554,100.00,,
322.691693198,225484160,,instructions,100148744,100.00,0.60,insn per cycle
322.691693198,375503712,,cycles,100149184,100.00,,
322.791867940,23875,,rD044,100168446,100.00,,
322.791867940,2951098,,rFF44,100168986,100.00,,
322.791867940,253487040,,instructions,100168666,100.00,0.67,insn per cycle
322.791867940,375578026,,cycles,100168316,100.00,,
322.892043192,11198,,rD044,100164235,100.00,,
322.892043192,3842362,,rFF44,100163665,100.00,,
322.892043192,297043955,,instructions,100163605,100.00,0.79,insn per cycle
322.892043192,375559826,,cycles,100163495,100.00,,
322.992217023,21760,,rD044,100162126,100.00,,
322.992217023,3614125,,rFF44,100162136,100.00,,
322.992217023,277061433,,instructions,100161916,100.00,0.74,insn per cycle
322.992217023,375544351,,cycles,100162006,100.00,,
323.092390715,30965,,rD044,100158335,100.00,,
323.092390715,2929120,,rFF44,100159145,100.00,,
323.092390715,234494066,,instructions,100159365,100.00,0.62,insn per cycle
323.092390715,375547719,,cycles,100159955,100.00,,
323.192573797,31049,,rD044,100161076,100.00,,
323.192573797,2587791,,rFF44,100160146,100.00,,
323.192573797,223138157,,instructions,100159976,100.00,0.59,insn per cycle
323.192573797,375532742,,cycles,100159546,100.00,,
323.292745769,30785,,rD044,100161635,100.00,,
323.292745769,2645634,,rFF44,100162675,100.00,,
323.292745769,225357283,,instructions,100162765,100.00,0.60,insn per cycle
323.292745769,375545953,,cycles,100163225,100.00,,
323.392946861,30224,,rD044,100189446,100.00,,
323.392946861,2708898,,rFF44,100189146,100.00,,
323.392946861,228586331,,instructions,100189096,100.00,0.61,insn per cycle
323.392946861,375649936,,cycles,100188776,100.00,,
323.493122633,29300,,rD044,100164265,100.00,,
323.493122633,2661451,,rFF44,100164415,100.00,,
323.493122633,227844138,,instructions,100164385,100.00,0.61,insn per cycle
323.493122633,375557096,,cycles,100164375,100.00,,
323.593299825,28989,,rD044,100164566,100.00,,
323.593299825,2695229,,rFF44,100164106,100.00,,
323.593299825,226613017,,instructions,100164176,100.00,0.60,insn per cycle
323.593299825,375560877,,cycles,100163936,100.00,,
323.693473247,28743,,rD044,100162365,100.00,,
323.693473247,2721637,,rFF44,100162475,100.00,,
323.693473247,224742796,,instructions,100162325,100.00,0.60,insn per cycle
323.693473247,375561970,,cycles,100162275,100.00,,
323.793644058,27787,,rD044,100151176,100.00,,
323.793644058,2697261,,rFF44,100152466,100.00,,
323.793644058,224864491,,instructions,100152726,100.00,0.60,insn per cycle
323.793644058,375543566,,cycles,100152516,100.00,,
323.893817850,31821,,rD044,100161815,100.00,,
323.893817850,3053844,,rFF44,100160005,100.00,,
323.893817850,232448265,,instructions,100160005,100.00,0.62,insn per cycle
323.893817850,375582463,,cycles,100160395,100.00,,
323.993992232,28342,,rD044,100173216,100.00,,
323.993992232,3292741,,rFF44,100173276,100.00,,
323.993992232,255168774,,instructions,100173306,100.00,0.68,insn per cycle
323.993992232,375643274,,cycles,100172876,100.00,,
324.094164084,14363,,rD044,100171865,100.00,,
324.094164084,4014861,,rFF44,100172365,100.00,,
324.094164084,303790281,,instructions,100172625,100.00,0.81,insn per cycle
324.094164084,375618789,,cycles,100172855,100.00,,
324.194346396,8813,,rD044,100170166,100.00,,
324.194346396,3779042,,rFF44,100170116,100.00,,
324.194346396,295585672,,instructions,100169716,100.00,0.79,insn per cycle
324.194346396,375587521,,cycles,100170276,100.00,,
324.294519818,7784,,rD044,100161155,100.00,,
324.294519818,3850569,,rFF44,100161675,100.00,,
324.294519818,301481967,,instructions,100161615,100.00,0.80,insn per cycle
324.294519818,375585342,,cycles,100161475,100.00,,
324.394691639,28718,,rD044,100171876,100.00,,
324.394691639,3343021,,rFF44,100171646,100.00,,
324.394691639,259586952,,instructions,100172046,100.00,0.69,insn per cycle
324.394691639,375644327,,cycles,100172056,100.00,,
324.494866141,35825,,rD044,100173395,100.00,,
324.494866141,2648705,,rFF44,100173155,100.00,,
324.494866141,220400460,,instructions,100172715,100.00,0.59,insn per cycle
324.494866141,375646460,,cycles,100172685,100.00,,
324.595042453,34789,,rD044,100175866,100.00,,
324.595042453,2584624,,rFF44,100175886,100.00,,
324.595042453,219550182,,instructions,100176176,100.00,0.58,insn per cycle
324.595042453,375656626,,cycles,100175646,100.00,,
324.695216305,34843,,rD044,100127405,100.00,,
324.695216305,2655720,,rFF44,100126835,100.00,,
324.695216305,221585111,,instructions,100126345,100.00,0.59,insn per cycle
324.695216305,375432428,,cycles,100127205,100.00,,
324.795386877,33621,,rD044,100159806,100.00,,
324.795386877,2710021,,rFF44,100160056,100.00,,
324.795386877,224447251,,instructions,100160366,100.00,0.60,insn per cycle
324.795386877,375552097,,cycles,100159496,100.00,,
324.895556848,33675,,rD044,100169635,100.00,,
324.895556848,2731598,,rFF44,100169915,100.00,,
324.895556848,225664779,,instructions,100170235,100.00,0.60,insn per cycle
324.895556848,375598789,,cycles,100170595,100.00,,
324.995726130,31438,,rD044,100158906,100.00,,
324.995726130,2653848,,rFF44,100158746,100.00,,
324.995726130,222459131,,instructions,100159016,100.00,0.59,insn per cycle
324.995726130,375534392,,cycles,100159136,100.00,,
325.095897222,32360,,rD044,100161324,100.00,,
325.095897222,2811833,,rFF44,100160604,100.00,,
325.095897222,226783034,,instructions,100160014,100.00,0.60,insn per cycle
325.095897222,375538101,,cycles,100159694,100.00,,
325.196067994,32470,,rD044,100160485,100.00,,
325.196067994,3011904,,rFF44,100161385,100.00,,
325.196067994,236464145,,instructions,100161465,100.00,0.63,insn per cycle
325.196067994,375567000,,cycles,100161606,100.00,,
325.296239555,31994,,rD044,100160846,100.00,,
325.296239555,2657022,,rFF44,100160716,100.00,,
325.296239555,221559102,,instructions,100161146,100.00,0.59,insn per cycle
325.296239555,375565101,,cycles,100161705,100.00,,
325.396413187,31763,,rD044,100173825,100.00,,
325.396413187,2715092,,rFF44,100173955,100.00,,
325.396413187,225637228,,instructions,100173545,100.00,0.60,insn per cycle
325.396413187,375621640,,cycles,100172775,100.00,,
325.496587299,32483,,rD044,100162416,100.00,,
325.496587299,2753487,,rFF44,100162166,100.00,,
325.496587299,225277015,,instructions,100161926,100.00,0.60,insn per cycle
325.496587299,375559154,,cycles,100162156,100.00,,
325.596761771,33357,,rD044,100163405,100.00,,
325.596761771,2741426,,rFF44,100164425,100.00,,
325.596761771,226147900,,instructions,100164765,100.00,0.60,insn per cycle
325.596761771,375580895,,cycles,100164615,100.00,,
325.696955233,28259,,rD044,100192196,100.00,,
325.696955233,2605127,,rFF44,100191746,100.00,,
325.696955233,222773892,,instructions,100191376,100.00,0.59,insn per cycle
325.696955233,375715984,,cycles,100191276,100.00,,
325.797130405,29043,,rD044,100154365,100.00,,
325.797130405,2714201,,rFF44,100153955,100.00,,
325.797130405,223258453,,instructions,100154376,100.00,0.59,insn per cycle
325.797130405,375560011,,cycles,100154886,100.00,,
325.897305197,27644,,rD044,100174966,100.00,,
325.897305197,2873029,,rFF44,100174756,100.00,,
325.897305197,233159119,,instructions,100174535,100.00,0.62,insn per cycle
325.897305197,375604532,,cycles,100174035,100.00,,
325.997482098,24031,,rD044,100164625,100.00,,
325.997482098,3037353,,rFF44,100165025,100.00,,
325.997482098,252839355,,instructions,100164965,100.00,0.67,insn per cycle
325.997482098,375563411,,cycles,100165776,100.00,,
326.097656050,22701,,rD044,100162436,100.00,,
326.097656050,2936366,,rFF44,100162666,100.00,,
326.097656050,242741610,,instructions,100163356,100.00,0.65,insn per cycle
326.097656050,375562992,,cycles,100162665,100.00,,
326.197831352,22672,,rD044,100162035,100.00,,
326.197831352,3232713,,rFF44,100162325,100.00,,
326.197831352,260552059,,instructions,100161935,100.00,0.69,insn per cycle
326.197831352,375551005,,cycles,100162225,100.00,,
326.298008174,20428,,rD044,100163936,100.00,,
326.298008174,3018510,,rFF44,100163706,100.00,,
326.298008174,249298021,,instructions,100163166,100.00,0.66,insn per cycle
326.298008174,375556146,,cycles,100163066,100.00,,
326.398184006,16840,,rD044,100164795,100.00,,
326.398184006,2972261,,rFF44,100165265,100.00,,
326.398184006,248667406,,instructions,100165445,100.00,0.66,insn per cycle
326.398184006,375560101,,cycles,100165565,100.00,,
326.498359428,27708,,rD044,100163576,100.00,,
326.498359428,3226052,,rFF44,100162756,100.00,,
326.498359428,250345308,,instructions,100162766,100.00,0.67,insn per cycle
326.498359428,375551487,,cycles,100162246,100.00,,
326.598534780,31713,,rD044,100164515,100.00,,
326.598534780,3393394,,rFF44,100164545,100.00,,
326.598534780,249444235,,instructions,100164915,100.00,0.66,insn per cycle
326.598534780,375560474,,cycles,100165485,100.00,,
326.698712611,11095,,rD044,100165926,100.00,,
326.698712611,3243030,,rFF44,100165716,100.00,,
326.698712611,260620840,,instructions,100165786,100.00,0.69,insn per cycle
326.698712611,375554510,,cycles,100165746,100.00,,
326.798886413,12587,,rD044,100157715,100.00,,
326.798886413,2853841,,rFF44,100158395,100.00,,
326.798886413,245437239,,instructions,100157725,100.00,0.65,insn per cycle
326.798886413,375567290,,cycles,100157425,100.00,,
326.899059865,9160,,rD044,100171376,100.00,,
326.899059865,3313548,,rFF44,100170366,100.00,,
326.899059865,266066859,,instructions,100171106,100.00,0.71,insn per cycle
326.899059865,375641489,,cycles,100171236,100.00,,
326.999233997,18256,,rD044,100174515,100.00,,
326.999233997,3219536,,rFF44,100174585,100.00,,
326.999233997,256685026,,instructions,100174105,100.00,0.68,insn per cycle
326.999233997,375646844,,cycles,100173645,100.00,,
327.099409329,23177,,rD044,100175246,100.00,,
327.099409329,3470579,,rFF44,100175646,100.00,,
327.099409329,275840673,,instructions,100175816,100.00,0.73,insn per cycle
327.099409329,375660330,,cycles,100176456,100.00,,
327.199592711,25485,,rD044,100170295,100.00,,
327.199592711,2787106,,rFF44,100170295,100.00,,
327.199592711,242055682,,instructions,100170325,100.00,0.64,insn per cycle
327.199592711,375616924,,cycles,100170195,100.00,,
327.299767042,12943,,rD044,100173786,100.00,,
327.299767042,3049168,,rFF44,100174076,100.00,,
327.299767042,262244063,,instructions,100174046,100.00,0.70,insn per cycle
327.299767042,375650089,,cycles,100173926,100.00,,
327.399947634,18417,,rD044,100179525,100.00,,
327.399947634,3387403,,rFF44,100178845,100.00,,
327.399947634,259304123,,instructions,100178995,100.00,0.69,insn per cycle
327.399947634,375671151,,cycles,100179095,100.00,,
327.500121936,65367,,rD044,100173536,100.00,,
327.500121936,3735370,,rFF44,100173656,100.00,,
327.500121936,257823492,,instructions,100174026,100.00,0.69,insn per cycle
327.500121936,375652936,,cycles,100174506,100.00,,
327.600297878,61771,,rD044,100175085,100.00,,
327.600297878,3032037,,rFF44,100175515,100.00,,
327.600297878,215408474,,instructions,100175105,100.00,0.57,insn per cycle
327.600297878,375654560,,cycles,100174875,100.00,,
327.700472370,18815,,rD044,100156336,100.00,,
327.700472370,3286824,,rFF44,100156046,100.00,,
327.700472370,254183097,,instructions,100155906,100.00,0.68,insn per cycle
327.700472370,375561139,,cycles,100155416,100.00,,
327.800645152,31082,,rD044,100172175,100.00,,
327.800645152,3764798,,rFF44,100172345,100.00,,
327.800645152,274066394,,instructions,100172195,100.00,0.73,insn per cycle
327.800645152,375645086,,cycles,100172435,100.00,,
327.900820393,37149,,rD044,100174296,100.00,,
327.900820393,2674359,,rFF44,100174056,100.00,,
327.900820393,220798643,,instructions,100173786,100.00,0.59,insn per cycle
327.900820393,375610988,,cycles,100173366,100.00,,
328.000994855,17083,,rD044,100163745,100.00,,
328.000994855,3073590,,rFF44,100163865,100.00,,
328.000994855,250835423,,instructions,100164385,100.00,0.67,insn per cycle
328.000994855,375560262,,cycles,100164345,100.00,,
328.101170557,7962,,rD044,100164426,100.00,,
328.101170557,2577151,,rFF44,100164456,100.00,,
328.101170557,240235320,,instructions,100164976,100.00,0.64,insn per cycle
328.101170557,375558279,,cycles,100165046,100.00,,
328.201344509,10514,,rD044,100161774,100.00,,
328.201344509,2872599,,rFF44,100161874,100.00,,
328.201344509,254237838,,instructions,100160974,100.00,0.68,insn per cycle
328.201344509,375541986,,cycles,100160974,100.00,,
328.301526591,8312,,rD044,100170156,100.00,,
328.301526591,2595389,,rFF44,100169926,100.00,,
328.301526591,240164264,,instructions,100170346,100.00,0.64,insn per cycle
328.301526591,375599937,,cycles,100171896,100.00,,
328.401702383,7271,,rD044,100175105,100.00,,
328.401702383,2617668,,rFF44,100175145,100.00,,
328.401702383,240279081,,instructions,100175375,100.00,0.64,insn per cycle
328.401702383,375632877,,cycles,100174075,100.00,,
328.501878235,7880,,rD044,100174586,100.00,,
328.501878235,2592024,,rFF44,100175556,100.00,,
328.501878235,240076792,,instructions,100174756,100.00,0.64,insn per cycle
328.501878235,375649203,,cycles,100175176,100.00,,
328.602053476,7574,,rD044,100174185,100.00,,
328.602053476,2603866,,rFF44,100173115,100.00,,
328.602053476,240967278,,instructions,100173395,100.00,0.64,insn per cycle
328.602053476,375622186,,cycles,100173155,100.00,,
328.702226178,7887,,rD044,100172156,100.00,,
328.702226178,2596578,,rFF44,100172256,100.00,,
328.702226178,240512005,,instructions,100171656,100.00,0.64,insn per cycle
328.702226178,375604784,,cycles,100172256,100.00,,
328.802400320,8170,,rD044,100146945,100.00,,
328.802400320,2601196,,rFF44,100146925,100.00,,
328.802400320,240261593,,instructions,100147625,100.00,0.64,insn per cycle
328.802400320,375474590,,cycles,100147135,100.00,,
328.902588462,7647,,rD044,100175496,100.00,,
328.902588462,2611087,,rFF44,100175576,100.00,,
328.902588462,241438418,,instructions,100175736,100.00,0.64,insn per cycle
328.902588462,375596618,,cycles,100175476,100.00,,
329.002763194,7720,,rD044,100174985,100.00,,
329.002763194,2618237,,rFF44,100175365,100.00,,
329.002763194,241606015,,instructions,100175635,100.00,0.64,insn per cycle
329.002763194,375611873,,cycles,100175905,100.00,,
329.102948216,7679,,rD044,100173456,100.00,,
329.102948216,2650587,,rFF44,100172646,100.00,,
329.102948216,241718516,,instructions,100172296,100.00,0.64,insn per cycle
329.102948216,375582780,,cycles,100172076,100.00,,
329.203124378,15609,,rD044,100164865,100.00,,
329.203124378,2643639,,rFF44,100165915,100.00,,
329.203124378,238297238,,instructions,100166085,100.00,0.63,insn per cycle
329.203124378,375565718,,cycles,100166745,100.00,,
329.303300849,38100,,rD044,100163846,100.00,,
329.303300849,2972867,,rFF44,100162946,100.00,,
329.303300849,248886637,,instructions,100163166,100.00,0.66,insn per cycle
329.303300849,375553727,,cycles,100163046,100.00,,
329.403475161,15547,,rD044,100161565,100.00,,
329.403475161,2641807,,rFF44,100161365,100.00,,
329.403475161,237659317,,instructions,100160905,100.00,0.63,insn per cycle
329.403475161,375540911,,cycles,100160735,100.00,,
329.503647843,14417,,rD044,100161366,100.00,,
329.503647843,2635164,,rFF44,100161206,100.00,,
329.503647843,237412141,,instructions,100161106,100.00,0.63,insn per cycle
329.503647843,375541142,,cycles,100160646,100.00,,
329.603823325,12269,,rD044,100163225,100.00,,
329.603823325,3281191,,rFF44,100163495,100.00,,
329.603823325,284179231,,instructions,100163635,100.00,0.76,insn per cycle
329.603823325,375561281,,cycles,100163705,100.00,,
329.703999287,14005,,rD044,100159526,100.00,,
329.703999287,3365556,,rFF44,100160596,100.00,,
329.703999287,290719519,,instructions,100160306,100.00,0.77,insn per cycle
329.703999287,375537803,,cycles,100160256,100.00,,
329.804177329,13307,,rD044,100165365,100.00,,
329.804177329,3496223,,rFF44,100164785,100.00,,
329.804177329,300870210,,instructions,100165045,100.00,0.80,insn per cycle
329.804177329,375567519,,cycles,100165035,100.00,,
329.904353300,12348,,rD044,100163926,100.00,,
329.904353300,3413482,,rFF44,100163226,100.00,,
329.904353300,294986536,,instructions,100163536,100.00,0.79,insn per cycle
329.904353300,375574109,,cycles,100163606,100.00,,
330.004527652,11984,,rD044,100162825,100.00,,
330.004527652,3465515,,rFF44,100163545,100.00,,
330.004527652,295964808,,instructions,100163045,100.00,0.79,insn per cycle
330.004527652,375548030,,cycles,100162885,100.00,,
330.104701864,11106,,rD044,100173106,100.00,,
330.104701864,3468021,,rFF44,100173266,100.00,,
330.104701864,296649097,,instructions,100173446,100.00,0.79,insn per cycle
330.104701864,375639784,,cycles,100174126,100.00,,
330.204877936,12557,,rD044,100165235,100.00,,
330.204877936,3485616,,rFF44,100164875,100.00,,
330.204877936,297391952,,instructions,100165105,100.00,0.79,insn per cycle
330.204877936,375555195,,cycles,100164305,100.00,,
330.305055318,13212,,rD044,100165556,100.00,,
330.305055318,3440529,,rFF44,100165496,100.00,,
330.305055318,299068763,,instructions,100165236,100.00,0.80,insn per cycle
330.305055318,375558554,,cycles,100165276,100.00,,
330.405229810,11189,,rD044,100162515,100.00,,
330.405229810,3479423,,rFF44,100162625,100.00,,
330.405229810,300723734,,instructions,100162945,100.00,0.80,insn per cycle
330.405229810,375551601,,cycles,100163075,100.00,,
330.505404711,11373,,rD044,100163056,100.00,,
330.505404711,3481097,,rFF44,100163196,100.00,,
330.505404711,298113566,,instructions,100163126,100.00,0.79,insn per cycle
330.505404711,375570816,,cycles,100163566,100.00,,
330.605577963,12150,,rD044,100172385,100.00,,
330.605577963,3444905,,rFF44,100172055,100.00,,
330.605577963,297653200,,instructions,100171745,100.00,0.79,insn per cycle
330.605577963,375615301,,cycles,100171195,100.00,,
330.705752975,11376,,rD044,100149866,100.00,,
330.705752975,3452275,,rFF44,100150006,100.00,,
330.705752975,301798091,,instructions,100150466,100.00,0.80,insn per cycle
330.705752975,375486250,,cycles,100151306,100.00,,
330.805957807,10378,,rD044,100192275,100.00,,
330.805957807,3443504,,rFF44,100193085,100.00,,
330.805957807,300563213,,instructions,100193085,100.00,0.80,insn per cycle
330.805957807,375662376,,cycles,100192785,100.00,,
330.906134999,10844,,rD044,100165266,100.00,,
330.906134999,3517061,,rFF44,100164916,100.00,,
330.906134999,300125805,,instructions,100164876,100.00,0.80,insn per cycle
330.906134999,375552461,,cycles,100164536,100.00,,
331.006307731,9699,,rD044,100160505,100.00,,
331.006307731,3506508,,rFF44,100160665,100.00,,
331.006307731,297341981,,instructions,100160375,100.00,0.79,insn per cycle
331.006307731,375531662,,cycles,100160285,100.00,,
331.106481383,9977,,rD044,100173666,100.00,,
331.106481383,3542974,,rFF44,100172986,100.00,,
331.106481383,303847229,,instructions,100173046,100.00,0.81,insn per cycle
331.106481383,375643637,,cycles,100173426,100.00,,
331.206661925,10397,,rD044,100155885,100.00,,
331.206661925,3574947,,rFF44,100156675,100.00,,
331.206661925,309883582,,instructions,100156065,100.00,0.83,insn per cycle
331.206661925,375528595,,cycles,100155705,100.00,,
331.306836936,10976,,rD044,100175096,100.00,,
331.306836936,3524984,,rFF44,100174186,100.00,,
331.306836936,304260055,,instructions,100174736,100.00,0.81,insn per cycle
331.306836936,375616092,,cycles,100175466,100.00,,
331.407012398,9543,,rD044,100161925,100.00,,
331.407012398,3562504,,rFF44,100162025,100.00,,
331.407012398,300443783,,instructions,100162455,100.00,0.80,insn per cycle
331.407012398,375564084,,cycles,100162015,100.00,,
331.507186870,9662,,rD044,100162846,100.00,,
331.507186870,3561396,,rFF44,100162786,100.00,,
331.507186870,302850352,,instructions,100162176,100.00,0.81,insn per cycle
331.507186870,375550953,,cycles,100161866,100.00,,
331.607360682,9176,,rD044,100161775,100.00,,
331.607360682,3579668,,rFF44,100162065,100.00,,
331.607360682,308406922,,instructions,100162375,100.00,0.82,insn per cycle
331.607360682,375557959,,cycles,100162405,100.00,,
331.707535974,9049,,rD044,100162086,100.00,,
331.707535974,3561631,,rFF44,100161986,100.00,,
331.707535974,307220521,,instructions,100161606,100.00,0.82,insn per cycle
331.707535974,375540743,,cycles,100162056,100.00,,
331.807709355,9551,,rD044,100144705,100.00,,
331.807709355,3576673,,rFF44,100145065,100.00,,
331.807709355,305358546,,instructions,100145205,100.00,0.81,insn per cycle
331.807709355,375468676,,cycles,100144965,100.00,,
331.907884487,9537,,rD044,100163356,100.00,,
331.907884487,3556771,,rFF44,100163706,100.00,,
331.907884487,304793771,,instructions,100163546,100.00,0.81,insn per cycle
331.907884487,375563159,,cycles,100163636,100.00,,
332.008059419,9312,,rD044,100162355,100.00,,
332.008059419,3559005,,rFF44,100161555,100.00,,
332.008059419,305161664,,instructions,100162015,100.00,0.81,insn per cycle
332.008059419,375545247,,cycles,100162595,100.00,,
332.108236091,22815,,rD044,100165406,100.00,,
332.108236091,3228808,,rFF44,100165426,100.00,,
332.108236091,268742745,,instructions,100164956,100.00,0.72,insn per cycle
332.108236091,375547576,,cycles,100164096,100.00,,
332.208409593,21702,,rD044,100172925,100.00,,
332.208409593,3130950,,rFF44,100173145,100.00,,
332.208409593,261813739,,instructions,100173225,100.00,0.70,insn per cycle
332.208409593,375606076,,cycles,100173375,100.00,,
332.308584794,18765,,rD044,100161646,100.00,,
332.308584794,3066566,,rFF44,100161716,100.00,,
332.308584794,263363948,,instructions,100162266,100.00,0.70,insn per cycle
332.308584794,375546582,,cycles,100161946,100.00,,
332.408757937,20297,,rD044,100163875,100.00,,
332.408757937,3036973,,rFF44,100163815,100.00,,
332.408757937,262617937,,instructions,100163695,100.00,0.70,insn per cycle
332.408757937,375552561,,cycles,100163645,100.00,,
332.508961440,22235,,rD044,100190706,100.00,,
332.508961440,3148714,,rFF44,100190396,100.00,,
332.508961440,262711787,,instructions,100190796,100.00,0.70,insn per cycle
332.508961440,375667213,,cycles,100191256,100.00,,
332.609138694,30007,,rD044,100166555,100.00,,
332.609138694,3071025,,rFF44,100166985,100.00,,
332.609138694,258677079,,instructions,100166095,100.00,0.69,insn per cycle
332.609138694,375574070,,cycles,100166225,100.00,,
332.709314787,23835,,rD044,100153116,100.00,,
332.709314787,2852203,,rFF44,100152726,100.00,,
332.709314787,261091947,,instructions,100153146,100.00,0.70,insn per cycle
332.709314787,375498104,,cycles,100153196,100.00,,
332.809490770,29820,,rD044,100162625,100.00,,
332.809490770,3115173,,rFF44,100162945,100.00,,
332.809490770,258048552,,instructions,100162885,100.00,0.69,insn per cycle
332.809490770,375588645,,cycles,100162595,100.00,,
332.909667014,28220,,rD044,100175886,100.00,,
332.909667014,3122461,,rFF44,100175646,100.00,,
332.909667014,259606886,,instructions,100175436,100.00,0.69,insn per cycle
332.909667014,375656524,,cycles,100175266,100.00,,
333.009844107,25822,,rD044,100176165,100.00,,
333.009844107,3140889,,rFF44,100176205,100.00,,
333.009844107,261337991,,instructions,100176235,100.00,0.70,insn per cycle
333.009844107,375658489,,cycles,100175835,100.00,,
333.110018230,26469,,rD044,100173016,100.00,,
333.110018230,3161641,,rFF44,100173126,100.00,,
333.110018230,262872548,,instructions,100173306,100.00,0.70,insn per cycle
333.110018230,375650853,,cycles,100173976,100.00,,
333.210193083,27011,,rD044,100174355,100.00,,
333.210193083,3148991,,rFF44,100173965,100.00,,
333.210193083,261636745,,instructions,100174705,100.00,0.70,insn per cycle
333.210193083,375649735,,cycles,100174485,100.00,,
333.310368477,21925,,rD044,100175506,100.00,,
333.310368477,2927643,,rFF44,100176166,100.00,,
333.310368477,269099440,,instructions,100175466,100.00,0.72,insn per cycle
333.310368477,375622067,,cycles,100175356,100.00,,
333.410545750,25073,,rD044,100164375,100.00,,
333.410545750,2863130,,rFF44,100163325,100.00,,
333.410545750,256481985,,instructions,100162955,100.00,0.68,insn per cycle
333.410545750,375554331,,cycles,100163825,100.00,,
333.510717553,28355,,rD044,100160226,100.00,,
333.510717553,3068399,,rFF44,100161756,100.00,,
333.510717553,256555986,,instructions,100162156,100.00,0.68,insn per cycle
333.510717553,375564542,,cycles,100161156,100.00,,
333.610889967,24305,,rD044,100171695,100.00,,
333.610889967,3106485,,rFF44,100170325,100.00,,
333.610889967,259531628,,instructions,100170305,100.00,0.69,insn per cycle
333.610889967,375617440,,cycles,100170705,100.00,,
333.711063890,23046,,rD044,100156266,100.00,,
333.711063890,3306185,,rFF44,100156816,100.00,,
333.711063890,275808486,,instructions,100157136,100.00,0.73,insn per cycle
333.711063890,375533092,,cycles,100157616,100.00,,
333.811238653,23645,,rD044,100162445,100.00,,
333.811238653,3107642,,rFF44,100162385,100.00,,
333.811238653,260137220,,instructions,100162105,100.00,0.69,insn per cycle
333.811238653,375565104,,cycles,100161445,100.00,,
333.911412386,23785,,rD044,100174396,100.00,,
333.911412386,3098040,,rFF44,100174396,100.00,,
333.911412386,259119174,,instructions,100174196,100.00,0.69,insn per cycle
333.911412386,375631795,,cycles,100174636,100.00,,
334.011586030,26804,,rD044,100160735,100.00,,
334.011586030,3102292,,rFF44,100160845,100.00,,
334.011586030,260395745,,instructions,100160555,100.00,0.69,insn per cycle
334.011586030,375556879,,cycles,100160585,100.00,,
334.111759293,23981,,rD044,100160976,100.00,,
334.111759293,2915457,,rFF44,100160456,100.00,,
334.111759293,262449658,,instructions,100160876,100.00,0.70,insn per cycle
334.111759293,375548878,,cycles,100160196,100.00,,
334.211955956,28396,,rD044,100185365,100.00,,
334.211955956,2859447,,rFF44,100185695,100.00,,
334.211955956,256210655,,instructions,100185495,100.00,0.68,insn per cycle
334.211955956,375653109,,cycles,100186185,100.00,,
334.312130660,33226,,rD044,100174596,100.00,,
334.312130660,3009573,,rFF44,100174476,100.00,,
334.312130660,251409149,,instructions,100175016,100.00,0.67,insn per cycle
334.312130660,375645681,,cycles,100174796,100.00,,
334.412305643,28474,,rD044,100162765,100.00,,
334.412305643,3045285,,rFF44,100162725,100.00,,
334.412305643,254906085,,instructions,100162815,100.00,0.68,insn per cycle
334.412305643,375589408,,cycles,100162715,100.00,,
334.512480906,27984,,rD044,100173746,100.00,,
334.512480906,3053008,,rFF44,100174206,100.00,,
334.512480906,256063180,,instructions,100173646,100.00,0.68,insn per cycle
334.512480906,375622131,,cycles,100173766,100.00,,
334.612653080,27731,,rD044,100161215,100.00,,
334.612653080,3044654,,rFF44,100160575,100.00,,
334.612653080,255309691,,instructions,100160755,100.00,0.68,insn per cycle
334.612653080,375554652,,cycles,100160635,100.00,,
334.712823963,28324,,rD044,100160116,100.00,,
334.712823963,3053513,,rFF44,100160146,100.00,,
334.712823963,256039061,,instructions,100159946,100.00,0.68,insn per cycle
334.712823963,375550447,,cycles,100160196,100.00,,
334.812997656,28322,,rD044,100149525,100.00,,
334.812997656,3072754,,rFF44,100149655,100.00,,
334.812997656,255967675,,instructions,100149585,100.00,0.68,insn per cycle
334.812997656,375491579,,cycles,100149255,100.00,,
334.913170999,30250,,rD044,100162476,100.00,,
334.913170999,3136127,,rFF44,100162896,100.00,,
334.913170999,258808761,,instructions,100162926,100.00,0.69,insn per cycle
334.913170999,375560482,,cycles,100163126,100.00,,
335.013346653,29519,,rD044,100163755,100.00,,
335.013346653,3143780,,rFF44,100163715,100.00,,
335.013346653,259675277,,instructions,100163985,100.00,0.69,insn per cycle
335.013346653,375558956,,cycles,100164215,100.00,,
335.113521846,25237,,rD044,100163506,100.00,,
335.113521846,2996269,,rFF44,100163466,100.00,,
335.113521846,250769528,,instructions,100163266,100.00,0.67,insn per cycle
335.113521846,375566452,,cycles,100162656,100.00,,
335.213700749,22009,,rD044,100159545,100.00,,
335.213700749,2974556,,rFF44,100159115,100.00,,
335.213700749,259924058,,instructions,100159335,100.00,0.69,insn per cycle
335.213700749,375535225,,cycles,100159785,100.00,,
335.313874293,21620,,rD044,100161736,100.00,,
335.313874293,2980386,,rFF44,100162466,100.00,,
335.313874293,268386430,,instructions,100162166,100.00,0.71,insn per cycle
335.313874293,375574510,,cycles,100161656,100.00,,
335.414046876,26384,,rD044,100172115,100.00,,
335.414046876,3404317,,rFF44,100171495,100.00,,
335.414046876,288070087,,instructions,100171515,100.00,0.77,insn per cycle
335.414046876,375642835,,cycles,100171545,100.00,,
335.514220229,23715,,rD044,100173606,100.00,,
335.514220229,3437179,,rFF44,100173866,100.00,,
335.514220229,295379960,,instructions,100173766,100.00,0.79,insn per cycle
335.514220229,375650492,,cycles,100173816,100.00,,
335.614394962,38629,,rD044,100173125,100.00,,
335.614394962,3306560,,rFF44,100172505,100.00,,
335.614394962,275580717,,instructions,100172795,100.00,0.73,insn per cycle
335.614394962,375648514,,cycles,100173295,100.00,,
335.714571816,25815,,rD044,100159316,100.00,,
335.714571816,3366919,,rFF44,100159716,100.00,,
335.714571816,281519506,,instructions,100159316,100.00,0.75,insn per cycle
335.714571816,375575951,,cycles,100159146,100.00,,
335.814745589,10732,,rD044,100173815,100.00,,
335.814745589,3462908,,rFF44,100174385,100.00,,
335.814745589,293426395,,instructions,100174355,100.00,0.78,insn per cycle
335.814745589,375652207,,cycles,100174265,100.00,,
335.914926992,31185,,rD044,100180366,100.00,,
335.914926992,3268580,,rFF44,100179826,100.00,,
335.914926992,279962335,,instructions,100179756,100.00,0.75,insn per cycle
335.914926992,375675528,,cycles,100180436,100.00,,
336.015102556,24307,,rD044,100174475,100.00,,
336.015102556,3384223,,rFF44,100174665,100.00,,
336.015102556,288515240,,instructions,100174445,100.00,0.77,insn per cycle
336.015102556,375651572,,cycles,100174125,100.00,,
336.115276959,40787,,rD044,100174276,100.00,,
336.115276959,3227212,,rFF44,100174526,100.00,,
336.115276959,268255704,,instructions,100175006,100.00,0.71,insn per cycle
336.115276959,375652953,,cycles,100174496,100.00,,
336.215453782,78079,,rD044,100176165,100.00,,
336.215453782,2893187,,rFF44,100175885,100.00,,
336.215453782,230869254,,instructions,100176085,100.00,0.61,insn per cycle
336.215453782,375650096,,cycles,100176245,100.00,,
336.315630126,31757,,rD044,100175186,100.00,,
336.315630126,3288332,,rFF44,100175346,100.00,,
336.315630126,273711490,,instructions,100175646,100.00,0.73,insn per cycle
336.315630126,375621244,,cycles,100175916,100.00,,
336.415805119,37006,,rD044,100180175,100.00,,
336.415805119,3206915,,rFF44,100180225,100.00,,
336.415805119,266806636,,instructions,100180635,100.00,0.71,insn per cycle
336.415805119,375615714,,cycles,100180395,100.00,,
336.516000752,13633,,rD044,100166306,100.00,,
336.516000752,3443705,,rFF44,100166666,100.00,,
336.516000752,294385883,,instructions,100165606,100.00,0.78,insn per cycle
336.516000752,375559060,,cycles,100165286,100.00,,
336.616174586,9101,,rD044,100162965,100.00,,
336.616174586,3575315,,rFF44,100162255,100.00,,
336.616174586,304398865,,instructions,100163135,100.00,0.81,insn per cycle
336.616174586,375564644,,cycles,100163655,100.00,,
336.716350119,9081,,rD044,100150166,100.00,,
336.716350119,3587810,,rFF44,100149916,100.00,,
336.716350119,305457884,,instructions,100149186,100.00,0.81,insn per cycle
336.716350119,375484433,,cycles,100148586,100.00,,
336.816526032,9081,,rD044,100163045,100.00,,
336.816526032,3611926,,rFF44,100164345,100.00,,
336.816526032,306720789,,instructions,100165245,100.00,0.82,insn per cycle
336.816526032,375567172,,cycles,100165555,100.00,,
336.916703175,9340,,rD044,100165456,100.00,,
336.916703175,3605406,,rFF44,100164386,100.00,,
336.916703175,306448326,,instructions,100164016,100.00,0.82,insn per cycle
336.916703175,375575589,,cycles,100164436,100.00,,
337.016882179,8390,,rD044,100178015,100.00,,
337.016882179,3612282,,rFF44,100178405,100.00,,
337.016882179,307151047,,instructions,100178325,100.00,0.82,insn per cycle
337.016882179,375665355,,cycles,100177795,100.00,,
337.117058382,8297,,rD044,100175576,100.00,,
337.117058382,3596039,,rFF44,100175756,100.00,,
337.117058382,306144249,,instructions,100175306,100.00,0.81,insn per cycle
337.117058382,375657135,,cycles,100175576,100.00,,
337.217232215,8831,,rD044,100173395,100.00,,
337.217232215,3624367,,rFF44,100173535,100.00,,
337.217232215,307363724,,instructions,100174085,100.00,0.82,insn per cycle
337.217232215,375651843,,cycles,100174225,100.00,,
337.317408049,10295,,rD044,100174766,100.00,,
337.317408049,3601101,,rFF44,100174156,100.00,,
337.317408049,305449544,,instructions,100173826,100.00,0.81,insn per cycle
337.317408049,375649908,,cycles,100173636,100.00,,
337.417583162,39083,,rD044,100174805,100.00,,
337.417583162,3340909,,rFF44,100174785,100.00,,
337.417583162,278819255,,instructions,100174825,100.00,0.74,insn per cycle
337.417583162,375654347,,cycles,100174845,100.00,,
337.517758845,16795,,rD044,100174276,100.00,,
337.517758845,3532982,,rFF44,100175036,100.00,,
337.517758845,299044544,,instructions,100174896,100.00,0.80,insn per cycle
337.517758845,375656127,,cycles,100175326,100.00,,
337.617941879,19107,,rD044,98781230,100.00,,
337.617941879,6718376,,rFF44,98780220,100.00,,
337.617941879,280766835,,instructions,98780720,100.00,0.76,insn per cycle
337.617941879,370404354,,cycles,98780130,100.00,,
337.718115672,38018,,rD044,100147306,100.00,,
337.718115672,9261223,,rFF44,100147356,100.00,,
337.718115672,223849045,,instructions,100146536,100.00,0.60,insn per cycle
337.718115672,375527319,,cycles,100146236,100.00,,
337.818288565,30053,,rD044,100172395,100.00,,
337.818288565,9315603,,rFF44,100172475,100.00,,
337.818288565,226867844,,instructions,100172385,100.00,0.60,insn per cycle
337.818288565,375645539,,cycles,100172485,100.00,,
337.918465008,12325,,rD044,100176076,100.00,,
337.918465008,9664347,,rFF44,100176556,100.00,,
337.918465008,236709770,,instructions,100176826,100.00,0.63,insn per cycle
337.918465008,375661920,,cycles,100176856,100.00,,
338.018642442,12213,,rD044,100176305,100.00,,
338.018642442,9650997,,rFF44,100175875,100.00,,
338.018642442,236901491,,instructions,100176065,100.00,0.63,insn per cycle
338.018642442,375658073,,cycles,100175865,100.00,,
338.118816465,12268,,rD044,100173366,100.00,,
338.118816465,9671189,,rFF44,100173206,100.00,,
338.118816465,237474075,,instructions,100172806,100.00,0.63,insn per cycle
338.118816465,375647811,,cycles,100173126,100.00,,
338.218993098,12128,,rD044,100175615,100.00,,
338.218993098,9591667,,rFF44,100175775,100.00,,
338.218993098,235586898,,instructions,100175915,100.00,0.63,insn per cycle
338.218993098,375658523,,cycles,100175945,100.00,,
338.319167042,12358,,rD044,100172866,100.00,,
338.319167042,9587323,,rFF44,100173336,100.00,,
338.319167042,235260105,,instructions,100173476,100.00,0.63,insn per cycle
338.319167042,375646880,,cycles,100172906,100.00,,
338.419340115,22868,,rD044,100173235,100.00,,
338.419340115,9142493,,rFF44,100172665,100.00,,
338.419340115,224179252,,instructions,100172165,100.00,0.60,insn per cycle
338.419340115,375645306,,cycles,100172365,100.00,,
338.519524888,64157,,rD044,100163146,100.00,,
338.519524888,8515072,,rFF44,100163746,100.00,,
338.519524888,202145993,,instructions,100164306,100.00,0.54,insn per cycle
338.519524888,375562085,,cycles,100164546,100.00,,
338.619698442,99270,,rD044,100161275,100.00,,
338.619698442,8068501,,rFF44,100161135,100.00,,
338.619698442,182308113,,instructions,100160865,100.00,0.49,insn per cycle
338.619698442,375564226,,cycles,100160615,100.00,,
338.719873465,48395,,rD044,100144976,100.00,,
338.719873465,10017708,,rFF44,100144806,100.00,,
338.719873465,230522922,,instructions,100144636,100.00,0.61,insn per cycle
338.719873465,375472401,,cycles,100144726,100.00,,
338.820046168,53514,,rD044,100162075,100.00,,
338.820046168,9321949,,rFF44,100161745,100.00,,
338.820046168,228909052,,instructions,100161435,100.00,0.61,insn per cycle
338.820046168,375562052,,cycles,100161375,100.00,,
338.920218751,20416,,rD044,100159736,100.00,,
338.920218751,11233034,,rFF44,100159806,100.00,,
338.920218751,264824975,,instructions,100160396,100.00,0.71,insn per cycle
338.920218751,375564818,,cycles,100160946,100.00,,
339.020389865,53329,,rD044,100159435,100.00,,
339.020389865,10389607,,rFF44,100159745,100.00,,
339.020389865,242648549,,instructions,100160225,100.00,0.65,insn per cycle
339.020389865,375551532,,cycles,100159685,100.00,,
339.120563748,41954,,rD044,100161176,100.00,,
339.120563748,11257609,,rFF44,100160786,100.00,,
339.120563748,264471218,,instructions,100160556,100.00,0.70,insn per cycle
339.120563748,375565504,,cycles,100161006,100.00,,
339.220743151,31894,,rD044,100167335,100.00,,
339.220743151,9252091,,rFF44,100167295,100.00,,
339.220743151,237532647,,instructions,100166705,100.00,0.63,insn per cycle
339.220743151,375567986,,cycles,100166375,100.00,,
339.320924405,39451,,rD044,100169906,100.00,,
339.320924405,7869645,,rFF44,100170006,100.00,,
339.320924405,216809480,,instructions,100169896,100.00,0.58,insn per cycle
339.320924405,375604710,,cycles,100169856,100.00,,
339.421098158,39247,,rD044,100162044,100.00,,
339.421098158,8568916,,rFF44,100162154,100.00,,
339.421098158,196108544,,instructions,100163014,100.00,0.52,insn per cycle
339.421098158,375591553,,cycles,100163374,100.00,,
339.521271171,38208,,rD044,100172216,100.00,,
339.521271171,8862090,,rFF44,100172466,100.00,,
339.521271171,199174071,,instructions,100171496,100.00,0.53,insn per cycle
339.521271171,375641072,,cycles,100171236,100.00,,
339.621445404,37381,,rD044,100173275,100.00,,
339.621445404,7642263,,rFF44,100173035,100.00,,
339.621445404,187299618,,instructions,100173615,100.00,0.50,insn per cycle
339.621445404,375649066,,cycles,100173455,100.00,,
339.721615848,38804,,rD044,100146156,100.00,,
339.721615848,7663785,,rFF44,100146566,100.00,,
339.721615848,187241216,,instructions,100146296,100.00,0.50,insn per cycle
339.721615848,375526289,,cycles,100146326,100.00,,
339.821786341,37446,,rD044,100169795,100.00,,
339.821786341,7666730,,rFF44,100168755,100.00,,
339.821786341,187253184,,instructions,100169235,100.00,0.50,insn per cycle
339.821786341,375658690,,cycles,100175925,100.00,,
339.921963424,45540,,rD044,100176716,100.00,,
339.921963424,7591231,,rFF44,100176966,100.00,,
339.921963424,183823369,,instructions,100176536,100.00,0.49,insn per cycle
339.921963424,375636357,,cycles,100170076,100.00,,
340.022139827,36603,,rD044,100177285,100.00,,
340.022139827,7568656,,rFF44,100177175,100.00,,
340.022139827,205959146,,instructions,100177325,100.00,0.55,insn per cycle
340.022139827,375664168,,cycles,100177485,100.00,,
340.122315111,36300,,rD044,100173816,100.00,,
340.122315111,9123884,,rFF44,100174356,100.00,,
340.122315111,210915668,,instructions,100174156,100.00,0.56,insn per cycle
340.122315111,375644969,,cycles,100173806,100.00,,
340.222486504,34028,,rD044,100158425,100.00,,
340.222486504,7835163,,rFF44,100158525,100.00,,
340.222486504,190180655,,instructions,100158695,100.00,0.51,insn per cycle
340.222486504,375544444,,cycles,100158725,100.00,,
340.322658987,35728,,rD044,100172525,100.00,,
340.322658987,7392896,,rFF44,100173076,100.00,,
340.322658987,212586108,,instructions,100172686,100.00,0.57,insn per cycle
340.322658987,375625297,,cycles,100173626,100.00,,
340.422835121,31990,,rD044,100163496,100.00,,
340.422835121,7841382,,rFF44,100163395,100.00,,
340.422835121,190979785,,instructions,100163515,100.00,0.51,insn per cycle
340.422835121,375580218,,cycles,100163085,100.00,,
340.523010184,37672,,rD044,100163065,100.00,,
340.523010184,7768306,,rFF44,100162406,100.00,,
340.523010184,188458069,,instructions,100162406,100.00,0.50,insn per cycle
340.523010184,375588313,,cycles,100162316,100.00,,
340.623196517,36954,,rD044,100187246,100.00,,
340.623196517,9040062,,rFF44,100187765,100.00,,
340.623196517,224619014,,instructions,100188575,100.00,0.60,insn per cycle
340.623196517,375705585,,cycles,100188265,100.00,,
340.723389401,40909,,rD044,100173866,100.00,,
340.723389401,8550114,,rFF44,100173686,100.00,,
340.723389401,202362818,,instructions,100173536,100.00,0.54,insn per cycle
340.723389401,375602283,,cycles,100173356,100.00,,
340.823569404,44996,,rD044,100166815,100.00,,
340.823569404,7889742,,rFF44,100166335,100.00,,
340.823569404,188947675,,instructions,100166885,100.00,0.50,insn per cycle
340.823569404,375574040,,cycles,100166825,100.00,,
340.923739927,39274,,rD044,100159906,100.00,,
340.923739927,7921517,,rFF44,100160026,100.00,,
340.923739927,188750070,,instructions,100158616,100.00,0.50,insn per cycle
340.923739927,375551542,,cycles,100158896,100.00,,
341.023940461,49037,,rD044,100200345,100.00,,
341.023940461,7790133,,rFF44,100200845,100.00,,
341.023940461,184639838,,instructions,100201025,100.00,0.49,insn per cycle
341.023940461,375733038,,cycles,100200835,100.00,,
341.124118824,38036,,rD044,100167116,100.00,,
341.124118824,7730366,,rFF44,100166826,100.00,,
341.124118824,208848778,,instructions,100167286,100.00,0.56,insn per cycle
341.124118824,375575138,,cycles,100167246,100.00,,
341.224294007,45893,,rD044,100163625,100.00,,
341.224294007,8479662,,rFF44,100164305,100.00,,
341.224294007,192526724,,instructions,100164045,100.00,0.51,insn per cycle
341.224294007,375568031,,cycles,100164085,100.00,,
341.324469451,31391,,rD044,100163096,100.00,,
341.324469451,8166958,,rFF44,100162506,100.00,,
341.324469451,198477177,,instructions,100163416,100.00,0.53,insn per cycle
341.324469451,375565262,,cycles,100163546,100.00,,
341.424642464,34375,,rD044,100162014,100.00,,
341.424642464,7633679,,rFF44,100161884,100.00,,
341.424642464,220217460,,instructions,100160714,100.00,0.59,insn per cycle
341.424642464,375554553,,cycles,100160954,100.00,,
341.524816437,36655,,rD044,100161486,100.00,,
341.524816437,8244255,,rFF44,100160996,100.00,,
341.524816437,191582464,,instructions,100161646,100.00,0.51,insn per cycle
341.524816437,375564625,,cycles,100161256,100.00,,
341.624992261,19691,,rD044,100175235,100.00,,
341.624992261,10902157,,rFF44,100175715,100.00,,
341.624992261,262077471,,instructions,100175035,100.00,0.70,insn per cycle
341.624992261,375637321,,cycles,100175285,100.00,,
341.725167014,13638,,rD044,100154916,100.00,,
341.725167014,11966572,,rFF44,100154596,100.00,,
341.725167014,291995345,,instructions,100154646,100.00,0.78,insn per cycle
341.725167014,375551948,,cycles,100154626,100.00,,
341.825338207,14070,,rD044,100159455,100.00,,
341.825338207,11807690,,rFF44,100160295,100.00,,
341.825338207,291959871,,instructions,100161055,100.00,0.78,insn per cycle
341.825338207,375554256,,cycles,100161105,100.00,,
341.925512500,15799,,rD044,100162016,100.00,,
341.925512500,11706329,,rFF44,100160976,100.00,,
341.925512500,285308240,,instructions,100160766,100.00,0.76,insn per cycle
341.925512500,375556000,,cycles,100160336,100.00,,
342.025685654,16548,,rD044,100171775,100.00,,
342.025685654,11823340,,rFF44,100171765,100.00,,
342.025685654,285691463,,instructions,100171555,100.00,0.76,insn per cycle
342.025685654,375624871,,cycles,100171925,100.00,,
342.125855497,17842,,rD044,100158616,100.00,,
342.125855497,11826519,,rFF44,100159136,100.00,,
342.125855497,288913480,,instructions,100159206,100.00,0.77,insn per cycle
342.125855497,375546071,,cycles,100158776,100.00,,
342.226031280,16394,,rD044,100163205,100.00,,
342.226031280,11958887,,rFF44,100163135,100.00,,
342.226031280,288029306,,instructions,100162445,100.00,0.77,insn per cycle
342.226031280,375560065,,cycles,100162835,100.00,,
342.326203133,17594,,rD044,100160406,100.00,,
342.326203133,11721996,,rFF44,100160526,100.00,,
342.326203133,288144976,,instructions,100161436,100.00,0.77,insn per cycle
342.326203133,375551942,,cycles,100161276,100.00,,
342.426379147,19805,,rD044,100164025,100.00,,
342.426379147,10998763,,rFF44,100164245,100.00,,
342.426379147,283981388,,instructions,100163365,100.00,0.76,insn per cycle
342.426379147,375565493,,cycles,100163585,100.00,,
342.526551650,22318,,rD044,100160805,100.00,,
342.526551650,11260195,,rFF44,100160336,100.00,,
342.526551650,289299796,,instructions,100160536,100.00,0.77,insn per cycle
342.526551650,375547918,,cycles,100160436,100.00,,
342.626725833,20342,,rD044,100163086,100.00,,
342.626725833,11776421,,rFF44,100163175,100.00,,
342.626725833,281088790,,instructions,100163765,100.00,0.75,insn per cycle
342.626725833,375569000,,cycles,100163575,100.00,,
342.726900647,18286,,rD044,100146115,100.00,,
342.726900647,12157890,,rFF44,100146005,100.00,,
342.726900647,284651506,,instructions,100146106,100.00,0.76,insn per cycle
342.726900647,375507097,,cycles,100146146,100.00,,
342.827072900,18706,,rD044,100173096,100.00,,
342.827072900,11809453,,rFF44,100173516,100.00,,
342.827072900,280497503,,instructions,100172995,100.00,0.75,insn per cycle
342.827072900,375649529,,cycles,100173495,100.00,,
342.927247433,20173,,rD044,100173215,100.00,,
342.927247433,12237962,,rFF44,100173585,100.00,,
342.927247433,283791727,,instructions,100173815,100.00,0.76,insn per cycle
342.927247433,375649012,,cycles,100173446,100.00,,
343.027421556,21115,,rD044,100173096,100.00,,
343.027421556,11817045,,rFF44,100172276,100.00,,
343.027421556,277518127,,instructions,100172306,100.00,0.74,insn per cycle
343.027421556,375644925,,cycles,100172325,100.00,,
343.127595440,27318,,rD044,100172965,100.00,,
343.127595440,10154631,,rFF44,100173285,100.00,,
343.127595440,178131499,,instructions,100173325,100.00,0.47,insn per cycle
343.127595440,375647997,,cycles,100173145,100.00,,
343.227776623,66031,,rD044,100169406,100.00,,
343.227776623,9818563,,rFF44,100170296,100.00,,
343.227776623,162757736,,instructions,100169406,100.00,0.43,insn per cycle
343.227776623,375613509,,cycles,100169526,100.00,,
343.327960026,23456,,rD044,100182375,100.00,,
343.327960026,10689718,,rFF44,100181875,100.00,,
343.327960026,190502953,,instructions,100182906,100.00,0.51,insn per cycle
343.327960026,375671127,,cycles,100183476,100.00,,
343.428136610,12625,,rD044,100164916,100.00,,
343.428136610,10860720,,rFF44,100164626,100.00,,
343.428136610,196941310,,instructions,100164895,100.00,0.52,insn per cycle
343.428136610,375564888,,cycles,100163575,100.00,,
343.528311253,18405,,rD044,100162834,100.00,,
343.528311253,9954903,,rFF44,100163324,100.00,,
343.528311253,215675919,,instructions,100162604,100.00,0.57,insn per cycle
343.528311253,375559712,,cycles,100163145,100.00,,
343.628485996,12490,,rD044,100162066,100.00,,
343.628485996,10872264,,rFF44,100161256,100.00,,
343.628485996,197102627,,instructions,100161456,100.00,0.52,insn per cycle
343.628485996,375558207,,cycles,100161415,100.00,,
343.728659710,13368,,rD044,100145385,100.00,,
343.728659710,10673175,,rFF44,100145775,100.00,,
343.728659710,193716845,,instructions,100145555,100.00,0.52,insn per cycle
343.728659710,375480582,,cycles,100146345,100.00,,
343.828834503,13610,,rD044,100162826,100.00,,
343.828834503,10432633,,rFF44,100162586,100.00,,
343.828834503,188419009,,instructions,100163256,100.00,0.50,insn per cycle
343.828834503,375558813,,cycles,100163476,100.00,,
343.929013876,20217,,rD044,100165755,100.00,,
343.929013876,11362775,,rFF44,100165055,100.00,,
343.929013876,194749802,,instructions,100164475,100.00,0.52,insn per cycle
343.929013876,375572248,,cycles,100163705,100.00,,
344.029184299,52511,,rD044,100170856,100.00,,
344.029184299,10041520,,rFF44,100171196,100.00,,
344.029184299,161622888,,instructions,100171086,100.00,0.43,insn per cycle
344.029184299,375611979,,cycles,100171406,100.00,,
344.129360473,80212,,rD044,100164285,100.00,,
344.129360473,13994793,,rFF44,100164795,100.00,,
344.129360473,200564981,,instructions,100165855,100.00,0.53,insn per cycle
344.129360473,375564818,,cycles,100165575,100.00,,
344.229547146,77778,,rD044,100174206,100.00,,
344.229547146,12817784,,rFF44,100174426,100.00,,
344.229547146,180765359,,instructions,100172626,100.00,0.48,insn per cycle
344.229547146,375615879,,cycles,100172346,100.00,,
344.329719349,144448,,rD044,100159665,100.00,,
344.329719349,14700609,,rFF44,100158865,100.00,,
344.329719349,185804621,,instructions,100159625,100.00,0.49,insn per cycle
344.329719349,375578411,,cycles,100159685,100.00,,
344.429889583,28594,,rD044,100170306,100.00,,
344.429889583,17314935,,rFF44,100170806,100.00,,
344.429889583,249606098,,instructions,100171056,100.00,0.66,insn per cycle
344.429889583,375642374,,cycles,100171406,100.00,,
344.530065816,80140,,rD044,100174715,100.00,,
344.530065816,13733387,,rFF44,100174815,100.00,,
344.530065816,214002197,,instructions,100174415,100.00,0.57,insn per cycle
344.530065816,375650681,,cycles,100174115,100.00,,
344.630236799,32622,,rD044,100170596,100.00,,
344.630236799,16479725,,rFF44,100170516,100.00,,
344.630236799,274517800,,instructions,100171296,100.00,0.73,insn per cycle
344.630236799,375641505,,cycles,100171406,100.00,,
344.730409602,23653,,rD044,100155025,100.00,,
344.730409602,16928490,,rFF44,100154685,100.00,,
344.730409602,253362184,,instructions,100154485,100.00,0.67,insn per cycle
344.730409602,375550306,,cycles,100154115,100.00,,
344.830582376,59486,,rD044,100161176,100.00,,
344.830582376,17316337,,rFF44,100161396,100.00,,
344.830582376,240829514,,instructions,100160936,100.00,0.64,insn per cycle
344.830582376,375558159,,cycles,100161776,100.00,,
344.930756899,44504,,rD044,100162175,100.00,,
344.930756899,17136736,,rFF44,100162275,100.00,,
344.930756899,258512083,,instructions,100162775,100.00,0.69,insn per cycle
344.930756899,375559873,,cycles,100162125,100.00,,
345.030936232,48252,,rD044,100178556,100.00,,
345.030936232,17047020,,rFF44,100178336,100.00,,
345.030936232,250617091,,instructions,100178486,100.00,0.67,insn per cycle
345.030936232,375640808,,cycles,100178606,100.00,,
345.131110256,39612,,rD044,100162825,100.00,,
345.131110256,13055988,,rFF44,100162785,100.00,,
345.131110256,192659540,,instructions,100162355,100.00,0.51,insn per cycle
345.131110256,375560870,,cycles,100162515,100.00,,
345.231284379,39062,,rD044,100162426,100.00,,
345.231284379,10628435,,rFF44,100162626,100.00,,
345.231284379,168010182,,instructions,100163286,100.00,0.45,insn per cycle
345.231284379,375562591,,cycles,100163156,100.00,,
345.331459502,47105,,rD044,100163045,100.00,,
345.331459502,10884751,,rFF44,100162565,100.00,,
345.331459502,169354587,,instructions,100161385,100.00,0.45,insn per cycle
345.331459502,375556898,,cycles,100161185,100.00,,
345.431632675,45401,,rD044,100162326,100.00,,
345.431632675,11160159,,rFF44,100162946,100.00,,
345.431632675,172202008,,instructions,100162826,100.00,0.46,insn per cycle
345.431632675,375560067,,cycles,100162946,100.00,,
345.531804639,47263,,rD044,100166904,100.00,,
345.531804639,10686933,,rFF44,100166974,100.00,,
345.531804639,167133380,,instructions,100167864,100.00,0.44,insn per cycle
345.531804639,375594362,,cycles,100168104,100.00,,
345.631985412,47118,,rD044,100172436,100.00,,
345.631985412,9736973,,rFF44,100172496,100.00,,
345.631985412,193201914,,instructions,100172526,100.00,0.51,insn per cycle
345.631985412,375644981,,cycles,100172356,100.00,,
345.732161025,50576,,rD044,100156045,100.00,,
345.732161025,10326370,,rFF44,100155855,100.00,,
345.732161025,163311361,,instructions,100155985,100.00,0.43,insn per cycle
345.732161025,375565220,,cycles,100155975,100.00,,
345.832330479,47018,,rD044,100168406,100.00,,
345.832330479,10326199,,rFF44,100167806,100.00,,
345.832330479,164588615,,instructions,100167376,100.00,0.44,insn per cycle
345.832330479,375626046,,cycles,100167426,100.00,,
345.932497892,53060,,rD044,100166495,100.00,,
345.932497892,10298856,,rFF44,100166945,100.00,,
345.932497892,163180809,,instructions,100167145,100.00,0.43,insn per cycle
345.932497892,375627739,,cycles,100167565,100.00,,
346.032669015,54125,,rD044,100172086,100.00,,
346.032669015,10041194,,rFF44,100171846,100.00,,
346.032669015,160030938,,instructions,100171656,100.00,0.43,insn per cycle
346.032669015,375638428,,cycles,100170786,100.00,,
346.132841568,41181,,rD044,100171775,100.00,,
346.132841568,18587893,,rFF44,100172095,100.00,,
346.132841568,263352031,,instructions,100172445,100.00,0.70,insn per cycle
346.132841568,375646111,,cycles,100172645,100.00,,
346.233014501,35119,,rD044,100172056,100.00,,
346.233014501,25251830,,rFF44,100171956,100.00,,
346.233014501,333796583,,instructions,100172276,100.00,0.89,insn per cycle
346.233014501,375648353,,cycles,100173326,100.00,,
346.333188135,43382,,rD044,100172995,100.00,,
346.333188135,12340068,,rFF44,100173045,100.00,,
346.333188135,179240781,,instructions,100172465,100.00,0.48,insn per cycle
346.333188135,375643726,,cycles,100171945,100.00,,
346.433358718,42309,,rD044,100169006,100.00,,
346.433358718,10848013,,rFF44,100168856,100.00,,
346.433358718,168783736,,instructions,100168706,100.00,0.45,insn per cycle
346.433358718,375631675,,cycles,100168636,100.00,,
346.533530391,40536,,rD044,100171495,100.00,,
346.533530391,11018752,,rFF44,100171325,100.00,,
346.533530391,172972167,,instructions,100171265,100.00,0.46,insn per cycle
346.533530391,375638702,,cycles,100170835,100.00,,
346.633701334,43437,,rD044,100170926,100.00,,
346.633701334,10126931,,rFF44,100170926,100.00,,
346.633701334,197863305,,instructions,100171526,100.00,0.53,insn per cycle
346.633701334,375641659,,cycles,100171456,100.00,,
346.733875288,39638,,rD044,100156085,100.00,,
346.733875288,10893691,,rFF44,100155725,100.00,,
346.733875288,172552611,,instructions,100155435,100.00,0.46,insn per cycle
346.733875288,375524524,,cycles,100155515,100.00,,
346.834046801,40894,,rD044,100159956,100.00,,
346.834046801,10627107,,rFF44,100160156,100.00,,
346.834046801,168692579,,instructions,100159846,100.00,0.45,insn per cycle
346.834046801,375541385,,cycles,100159896,100.00,,
346.934219924,37889,,rD044,100162685,100.00,,
346.934219924,17023446,,rFF44,100163365,100.00,,
346.934219924,244681828,,instructions,100163735,100.00,0.65,insn per cycle
346.934219924,375567193,,cycles,100163775,100.00,,
347.034395088,40050,,rD044,100174516,100.00,,
347.034395088,18045140,,rFF44,100174466,100.00,,
347.034395088,246482184,,instructions,100174066,100.00,0.66,insn per cycle
347.034395088,375616808,,cycles,100173856,100.00,,
347.134569781,35312,,rD044,100162915,100.00,,
347.134569781,8574299,,rFF44,100162835,100.00,,
347.134569781,149296951,,instructions,100162745,100.00,0.40,insn per cycle
347.134569781,375552259,,cycles,100162805,100.00,,
347.234747664,35670,,rD044,100157276,100.00,,
347.234747664,8639752,,rFF44,100157296,100.00,,
347.234747664,149188311,,instructions,100157596,100.00,0.40,insn per cycle
347.234747664,375534828,,cycles,100157736,100.00,,
347.334947778,35895,,rD044,100187945,100.00,,
347.334947778,8702188,,rFF44,100188085,100.00,,
347.334947778,150255000,,instructions,100188055,100.00,0.40,insn per cycle
347.334947778,375679301,,cycles,100188365,100.00,,
347.435120611,43069,,rD044,100161766,100.00,,
347.435120611,8689775,,rFF44,100161486,100.00,,
347.435120611,149484535,,instructions,100161586,100.00,0.40,insn per cycle
347.435120611,375584395,,cycles,100161466,100.00,,
347.535292144,39549,,rD044,100170235,100.00,,
347.535292144,14668192,,rFF44,100170685,100.00,,
347.535292144,220566892,,instructions,100170515,100.00,0.59,insn per cycle
347.535292144,375638104,,cycles,100170505,100.00,,
347.635464957,27094,,rD044,100172126,100.00,,
347.635464957,26402325,,rFF44,100171176,100.00,,
347.635464957,374765705,,instructions,100171696,100.00,1.00,insn per cycle
347.635464957,375627690,,cycles,100171636,100.00,,
347.735640801,46652,,rD044,100146915,100.00,,
347.735640801,14301659,,rFF44,100148035,100.00,,
347.735640801,219584876,,instructions,100147765,100.00,0.58,insn per cycle
347.735640801,375489919,,cycles,100148025,100.00,,
347.835817064,40221,,rD044,100163996,100.00,,
347.835817064,13717889,,rFF44,100163846,100.00,,
347.835817064,199775040,,instructions,100163786,100.00,0.53,insn per cycle
347.835817064,375565281,,cycles,100164006,100.00,,
347.935989337,29900,,rD044,100160835,100.00,,
347.935989337,16447104,,rFF44,100160285,100.00,,
347.935989337,234126307,,instructions,100160635,100.00,0.62,insn per cycle
347.935989337,375555831,,cycles,100160945,100.00,,
348.036162851,34854,,rD044,100162946,100.00,,
348.036162851,15088843,,rFF44,100162666,100.00,,
348.036162851,214899184,,instructions,100161956,100.00,0.57,insn per cycle
348.036162851,375556643,,cycles,100160856,100.00,,
348.136335864,40630,,rD044,100171835,100.00,,
348.136335864,13565259,,rFF44,100172055,100.00,,
348.136335864,197082019,,instructions,100172455,100.00,0.52,insn per cycle
348.136335864,375618245,,cycles,100172845,100.00,,
348.236508167,40991,,rD044,100161346,100.00,,
348.236508167,14801300,,rFF44,100161736,100.00,,
348.236508167,214190797,,instructions,100161196,100.00,0.57,insn per cycle
348.236508167,375555996,,cycles,100161086,100.00,,
348.336681480,15631,,rD044,100161625,100.00,,
348.336681480,19269059,,rFF44,100161195,100.00,,
348.336681480,290326430,,instructions,100161235,100.00,0.77,insn per cycle
348.336681480,375558793,,cycles,100161885,100.00,,
348.436856244,13243,,rD044,100163846,100.00,,
348.436856244,20063718,,rFF44,100163676,100.00,,
348.436856244,301718099,,instructions,100163746,100.00,0.80,insn per cycle
348.436856244,375567079,,cycles,100162886,100.00,,
348.537028987,13933,,rD044,100160785,100.00,,
348.537028987,20111783,,rFF44,100161505,100.00,,
348.537028987,302648291,,instructions,100162075,100.00,0.81,insn per cycle
348.537028987,375563681,,cycles,100162645,100.00,,
348.637204410,14163,,rD044,100163125,100.00,,
348.637204410,19478430,,rFF44,100162766,100.00,,
348.637204410,297548035,,instructions,100162566,100.00,0.79,insn per cycle
348.637204410,375561182,,cycles,100162476,100.00,,
348.737381034,18081,,rD044,100148946,100.00,,
348.737381034,14636561,,rFF44,100148745,100.00,,
348.737381034,271585401,,instructions,100148885,100.00,0.72,insn per cycle
348.737381034,375487946,,cycles,100148545,100.00,,
348.837554197,15574,,rD044,100160095,100.00,,
348.837554197,18443347,,rFF44,100159725,100.00,,
348.837554197,283129885,,instructions,100159006,100.00,0.75,insn per cycle
348.837554197,375558080,,cycles,100158996,100.00,,
348.937726260,16675,,rD044,100171416,100.00,,
348.937726260,19906465,,rFF44,100171936,100.00,,
348.937726260,303174459,,instructions,100172475,100.00,0.81,insn per cycle
348.937726260,375620836,,cycles,100173195,100.00,,
349.037900423,17117,,rD044,100162405,100.00,,
349.037900423,16923213,,rFF44,100162525,100.00,,
349.037900423,266169987,,instructions,100162615,100.00,0.71,insn per cycle
349.037900423,375579917,,cycles,100162445,100.00,,
349.138074627,12527,,rD044,100173456,100.00,,
349.138074627,21978467,,rFF44,100173516,100.00,,
349.138074627,321293460,,instructions,100173366,100.00,0.86,insn per cycle
349.138074627,375646894,,cycles,100173026,100.00,,
349.238247510,16095,,rD044,100172275,100.00,,
349.238247510,19330974,,rFF44,100171645,100.00,,
349.238247510,290628038,,instructions,100171705,100.00,0.77,insn per cycle
349.238247510,375641992,,cycles,100171555,100.00,,
349.338419583,16989,,rD044,100171726,100.00,,
349.338419583,19887559,,rFF44,100171906,100.00,,
349.338419583,294572403,,instructions,100172156,100.00,0.78,insn per cycle
349.338419583,375647609,,cycles,100172926,100.00,,
349.438594066,17605,,rD044,100173185,100.00,,
349.438594066,20249080,,rFF44,100173925,100.00,,
349.438594066,299863913,,instructions,100173815,100.00,0.80,insn per cycle
349.438594066,375648676,,cycles,100173255,100.00,,
349.538768320,18124,,rD044,100173666,100.00,,
349.538768320,19327520,,rFF44,100173126,100.00,,
349.538768320,289532519,,instructions,100173206,100.00,0.77,insn per cycle
349.538768320,375648275,,cycles,100173456,100.00,,
349.638951933,20564,,rD044,100182655,100.00,,
349.638951933,18932495,,rFF44,100182675,100.00,,
349.638951933,285612364,,instructions,100182545,100.00,0.76,insn per cycle
349.638951933,375680337,,cycles,100181755,100.00,,
349.739126286,17388,,rD044,100158036,100.00,,
349.739126286,18925414,,rFF44,100158816,100.00,,
349.739126286,318604684,,instructions,100158206,100.00,0.85,insn per cycle
349.739126286,375576404,,cycles,100159286,100.00,,
349.839302540,19441,,rD044,100175235,100.00,,
349.839302540,20569358,,rFF44,100174505,100.00,,
349.839302540,303863274,,instructions,100175465,100.00,0.81,insn per cycle
349.839302540,375655071,,cycles,100175035,100.00,,
349.939480773,18731,,rD044,100177476,100.00,,
349.939480773,21127036,,rFF44,100177046,100.00,,
349.939480773,307887209,,instructions,100176776,100.00,0.82,insn per cycle
349.939480773,375663558,,cycles,100177266,100.00,,
350.039655806,20081,,rD044,100175335,100.00,,
350.039655806,21454728,,rFF44,100176285,100.00,,
350.039655806,311898391,,instructions,100176515,100.00,0.83,insn per cycle
350.039655806,375658529,,cycles,100175955,100.00,,
350.139834480,11809,,rD044,100177586,100.00,,
350.139834480,16644491,,rFF44,100177306,100.00,,
350.139834480,619943488,,instructions,100177446,100.00,1.65,insn per cycle
350.139834480,375663824,,cycles,100177406,100.00,,
350.240008493,4532,,rD044,100172615,100.00,,
350.240008493,19579444,,rFF44,100172235,100.00,,
350.240008493,1180214270,,instructions,100171785,100.00,3.14,insn per cycle
350.240008493,375638830,,cycles,100171695,100.00,,
350.340182996,10399,,rD044,100174646,100.00,,
350.340182996,45808199,,rFF44,100174926,100.00,,
350.340182996,943463395,,instructions,100174636,100.00,2.51,insn per cycle
350.340182996,375625629,,cycles,100174616,100.00,,
350.440361810,8836,,rD044,100166195,100.00,,
350.440361810,46535819,,rFF44,100166105,100.00,,
350.440361810,861187584,,instructions,100166665,100.00,2.29,insn per cycle
350.440361810,375589269,,cycles,100166455,100.00,,
350.540535183,8827,,rD044,100160815,100.00,,
350.540535183,45288984,,rFF44,100161055,100.00,,
350.540535183,986850131,,instructions,100160625,100.00,2.63,insn per cycle
350.540535183,375579460,,cycles,100161085,100.00,,
350.640710296,7954,,rD044,100174045,100.00,,
350.640710296,47391917,,rFF44,100173895,100.00,,
350.640710296,829692148,,instructions,100174255,100.00,2.21,insn per cycle
350.640710296,375623498,,cycles,100174155,100.00,,
350.740884339,9980,,rD044,100145496,100.00,,
350.740884339,44974871,,rFF44,100145676,100.00,,
350.740884339,1053342600,,instructions,100145026,100.00,2.81,insn per cycle
350.740884339,375474008,,cycles,100144976,100.00,,
350.841066793,9464,,rD044,100168655,100.00,,
350.841066793,47803002,,rFF44,100169045,100.00,,
350.841066793,801283241,,instructions,100169035,100.00,2.13,insn per cycle
350.841066793,375585953,,cycles,100169315,100.00,,
350.941246296,9571,,rD044,100167406,100.00,,
350.941246296,45442271,,rFF44,100166776,100.00,,
350.941246296,1092513266,,instructions,100166496,100.00,2.91,insn per cycle
350.941246296,375574809,,cycles,100166166,100.00,,
351.041420919,9871,,rD044,100162775,100.00,,
351.041420919,47324040,,rFF44,100163155,100.00,,
351.041420919,788694074,,instructions,100163695,100.00,2.10,insn per cycle
351.041420919,375563917,,cycles,100163195,100.00,,
351.141594453,13656,,rD044,96296811,100.00,,
351.141594453,43708872,,rFF44,96296411,100.00,,
351.141594453,1041228110,,instructions,96296951,100.00,2.88,insn per cycle
351.141594453,360959163,,cycles,96297831,100.00,,
351.241773846,9560,,rD044,100153885,100.00,,
351.241773846,46635910,,rFF44,100154495,100.00,,
351.241773846,804790440,,instructions,100154235,100.00,2.14,insn per cycle
351.241773846,375508497,,cycles,100154565,100.00,,
351.341957379,9092,,rD044,100182786,100.00,,
351.341957379,46228799,,rFF44,100182216,100.00,,
351.341957379,1047688115,,instructions,100182506,100.00,2.79,insn per cycle
351.341957379,375648567,,cycles,100181846,100.00,,
351.442132753,9745,,rD044,100161985,100.00,,
351.442132753,46453585,,rFF44,100161915,100.00,,
351.442132753,828093519,,instructions,100161515,100.00,2.20,insn per cycle
351.442132753,375555566,,cycles,100161435,100.00,,
351.542305426,8911,,rD044,100160226,100.00,,
351.542305426,46441772,,rFF44,100159876,100.00,,
351.542305426,1025837288,,instructions,100159526,100.00,2.73,insn per cycle
351.542305426,375555100,,cycles,100159806,100.00,,
351.642478489,9871,,rD044,100161085,100.00,,
351.642478489,45707090,,rFF44,100161255,100.00,,
351.642478489,846355645,,instructions,100161515,100.00,2.25,insn per cycle
351.642478489,375559747,,cycles,100161435,100.00,,
351.742651052,7673,,rD044,100143155,100.00,,
351.742651052,47016293,,rFF44,100143505,100.00,,
351.742651052,1000391100,,instructions,100143125,100.00,2.66,insn per cycle
351.742651052,375492473,,cycles,100142835,100.00,,
351.842826046,8601,,rD044,100173655,100.00,,
351.842826046,45963364,,rFF44,100173855,100.00,,
351.842826046,877721223,,instructions,100174735,100.00,2.34,insn per cycle
351.842826046,375654374,,cycles,100174855,100.00,,
351.943001069,7538,,rD044,100174226,100.00,,
351.943001069,46794530,,rFF44,100173776,100.00,,
351.943001069,968614862,,instructions,100173086,100.00,2.58,insn per cycle
351.943001069,375646801,,cycles,100172836,100.00,,
352.043173312,8551,,rD044,100171345,100.00,,
352.043173312,46455718,,rFF44,100171605,100.00,,
352.043173312,910830072,,instructions,100172545,100.00,2.42,insn per cycle
352.043173312,375646919,,cycles,100172875,100.00,,
352.143346866,7971,,rD044,100172936,100.00,,
352.143346866,46409704,,rFF44,100172376,100.00,,
352.143346866,938363145,,instructions,100171726,100.00,2.50,insn per cycle
352.143346866,375643540,,cycles,100171966,100.00,,
352.243521719,8425,,rD044,100174665,100.00,,
352.243521719,46212857,,rFF44,100174955,100.00,,
352.243521719,938267105,,instructions,100175015,100.00,2.50,insn per cycle
352.243521719,375653271,,cycles,100174565,100.00,,
352.343695432,7648,,rD044,100172956,100.00,,
352.343695432,46762510,,rFF44,100172776,100.00,,
352.343695432,912716127,,instructions,100172466,100.00,2.43,insn per cycle
352.343695432,375646845,,cycles,100172806,100.00,,
352.443869095,8250,,rD044,100172725,100.00,,
352.443869095,46203342,,rFF44,100173035,100.00,,
352.443869095,969123225,,instructions,100173225,100.00,2.58,insn per cycle
352.443869095,375647774,,cycles,100173125,100.00,,
352.544043009,7612,,rD044,100173276,100.00,,
352.544043009,46672117,,rFF44,100173496,100.00,,
352.544043009,883234797,,instructions,100173406,100.00,2.35,insn per cycle
352.544043009,375647977,,cycles,100173116,100.00,,
352.644217222,8651,,rD044,100173265,100.00,,
352.644217222,45652101,,rFF44,100172975,100.00,,
352.644217222,996276245,,instructions,100173055,100.00,2.65,insn per cycle
352.644217222,375648332,,cycles,100173275,100.00,,
352.744392685,6589,,rD044,100159546,100.00,,
352.744392685,47787799,,rFF44,100159426,100.00,,
352.744392685,872992708,,instructions,100159456,100.00,2.32,insn per cycle
352.744392685,375575614,,cycles,100158926,100.00,,
352.844574869,9006,,rD044,100180185,100.00,,
352.844574869,45176006,,rFF44,100180265,100.00,,
352.844574869,1012452983,,instructions,100179845,100.00,2.70,insn per cycle
352.844574869,375676313,,cycles,100180685,100.00,,
352.944748062,6779,,rD044,100174106,100.00,,
352.944748062,48093257,,rFF44,100174676,100.00,,
352.944748062,847078135,,instructions,100175226,100.00,2.25,insn per cycle
352.944748062,375656984,,cycles,100175606,100.00,,
353.044931995,8562,,rD044,100182685,100.00,,
353.044931995,45137927,,rFF44,100181925,100.00,,
353.044931995,1043311193,,instructions,100181455,100.00,2.78,insn per cycle
353.044931995,375676358,,cycles,100180675,100.00,,
353.145104188,7508,,rD044,100171636,100.00,,
353.145104188,47823147,,rFF44,100171986,100.00,,
353.145104188,805714672,,instructions,100172736,100.00,2.14,insn per cycle
353.145104188,375646663,,cycles,100172806,100.00,,
353.245280072,7847,,rD044,100174515,100.00,,
353.245280072,45511997,,rFF44,100174455,100.00,,
353.245280072,1092266073,,instructions,100173775,100.00,2.91,insn per cycle
353.245280072,375651047,,cycles,100173935,100.00,,
353.345452785,8170,,rD044,100172026,100.00,,
353.345452785,47433043,,rFF44,100171866,100.00,,
353.345452785,787127528,,instructions,100171666,100.00,2.10,insn per cycle
353.345452785,375638644,,cycles,100170736,100.00,,
353.445625688,8553,,rD044,100173175,100.00,,
353.445625688,45467791,,rFF44,100173325,100.00,,
353.445625688,1082328125,,instructions,100173735,100.00,2.88,insn per cycle
353.445625688,375652078,,cycles,100174195,100.00,,
353.545804331,7609,,rD044,100184106,100.00,,
353.545804331,47307247,,rFF44,100184546,100.00,,
353.545804331,798795146,,instructions,100184196,100.00,2.13,insn per cycle
353.545804331,375688368,,cycles,100183926,100.00,,
353.645985905,7730,,rD044,100174825,100.00,,
353.645985905,45934785,,rFF44,100174235,100.00,,
353.645985905,1071793992,,instructions,100173775,100.00,2.85,insn per cycle
353.645985905,375654429,,cycles,100174855,100.00,,
353.746161508,8157,,rD044,100153976,100.00,,
353.746161508,46737629,,rFF44,100154276,100.00,,
353.746161508,808969154,,instructions,100155536,100.00,2.15,insn per cycle
353.746161508,375560013,,cycles,100155016,100.00,,
353.846337641,8979,,rD044,100174505,100.00,,
353.846337641,46212793,,rFF44,100174665,100.00,,
353.846337641,1045633583,,instructions,100174295,100.00,2.78,insn per cycle
353.846337641,375630343,,cycles,100175005,100.00,,
353.946513935,10042,,rD044,100163346,100.00,,
353.946513935,46454573,,rFF44,100163276,100.00,,
353.946513935,829913937,,instructions,100162816,100.00,2.21,insn per cycle
353.946513935,375557329,,cycles,100162226,100.00,,
354.046690998,9264,,rD044,100164235,100.00,,
354.046690998,46508685,,rFF44,100164015,100.00,,
354.046690998,1025463120,,instructions,100164445,100.00,2.73,insn per cycle
354.046690998,375567496,,cycles,100164295,100.00,,
354.146864671,10010,,rD044,100162156,100.00,,
354.146864671,45745071,,rFF44,100162046,100.00,,
354.146864671,848393542,,instructions,100161776,100.00,2.26,insn per cycle
354.146864671,375558168,,cycles,100161626,100.00,,
354.247038675,8931,,rD044,100172465,100.00,,
354.247038675,46690898,,rFF44,100172515,100.00,,
354.247038675,993829588,,instructions,100173555,100.00,2.65,insn per cycle
354.247038675,375628729,,cycles,100173855,100.00,,
354.347214078,9815,,rD044,100163776,100.00,,
354.347214078,46163837,,rFF44,100163836,100.00,,
354.347214078,885423144,,instructions,100163106,100.00,2.36,insn per cycle
354.347214078,375567703,,cycles,100162956,100.00,,
354.447390581,8662,,rD044,100164255,100.00,,
354.447390581,46823174,,rFF44,100164335,100.00,,
354.447390581,966893514,,instructions,100164315,100.00,2.57,insn per cycle
354.447390581,375572780,,cycles,100164095,100.00,,
354.547566264,9932,,rD044,100162856,100.00,,
354.547566264,46460750,,rFF44,100162956,100.00,,
354.547566264,912348547,,instructions,100163076,100.00,2.43,insn per cycle
354.547566264,375572619,,cycles,100163186,100.00,,
354.647741168,9490,,rD044,100163315,100.00,,
354.647741168,46343981,,rFF44,100163375,100.00,,
354.647741168,935331628,,instructions,100162975,100.00,2.49,insn per cycle
354.647741168,375567047,,cycles,100163715,100.00,,
354.747924401,9890,,rD044,100155185,100.00,,
354.747924401,46236531,,rFF44,100155375,100.00,,
354.747924401,942731378,,instructions,100155175,100.00,2.51,insn per cycle
354.747924401,375512886,,cycles,100154475,100.00,,
354.848099054,10014,,rD044,100162745,100.00,,
354.848099054,44689008,,rFF44,100162515,100.00,,
354.848099054,878879276,,instructions,100163055,100.00,2.34,insn per cycle
354.848099054,375561972,,cycles,100163075,100.00,,
354.948277418,10417,,rD044,100165926,100.00,,
354.948277418,46317907,,rFF44,100165686,100.00,,
354.948277418,994985818,,instructions,100165126,100.00,2.65,insn per cycle
354.948277418,375569561,,cycles,100164906,100.00,,
355.048449321,8355,,rD044,100170035,100.00,,
355.048449321,47232907,,rFF44,100170055,100.00,,
355.048449321,876105351,,instructions,100170265,100.00,2.33,insn per cycle
355.048449321,375612778,,cycles,100170365,100.00,,
355.148622204,10640,,rD044,100160776,100.00,,
355.148622204,45272332,,rFF44,100160816,100.00,,
355.148622204,1006793208,,instructions,100160756,100.00,2.68,insn per cycle
355.148622204,375548282,,cycles,100161026,100.00,,
355.248796368,7658,,rD044,100152855,100.00,,
355.248796368,48353523,,rFF44,100159645,100.00,,
355.248796368,866774785,,instructions,100160005,100.00,2.31,insn per cycle
355.248796368,375541573,,cycles,100159905,100.00,,
355.348976611,10916,,rD044,100168086,100.00,,
355.348976611,44972744,,rFF44,100161836,100.00,,
355.348976611,1026571020,,instructions,100161826,100.00,2.73,insn per cycle
355.348976611,375557329,,cycles,100161946,100.00,,
355.449150684,8955,,rD044,100161125,100.00,,
355.449150684,48032505,,rFF44,100160795,100.00,,
355.449150684,822218134,,instructions,100160985,100.00,2.19,insn per cycle
355.449150684,375559045,,cycles,100161545,100.00,,
355.549323927,9470,,rD044,100162026,100.00,,
355.549323927,45424976,,rFF44,100161836,100.00,,
355.549323927,1074088972,,instructions,100161436,100.00,2.86,insn per cycle
355.549323927,375556368,,cycles,100160656,100.00,,
355.649497241,9151,,rD044,100161085,100.00,,
355.649497241,47754298,,rFF44,100161085,100.00,,
355.649497241,795997057,,instructions,100160795,100.00,2.12,insn per cycle
355.649497241,375564507,,cycles,100162105,100.00,,
355.749669424,9526,,rD044,100137496,100.00,,
355.749669424,45537268,,rFF44,100137476,100.00,,
355.749669424,1091850596,,instructions,100138096,100.00,2.91,insn per cycle
355.749669424,375444928,,cycles,100136986,100.00,,
355.849844727,9733,,rD044,100163895,100.00,,
355.849844727,47405319,,rFF44,100163945,100.00,,
355.849844727,792255295,,instructions,100163865,100.00,2.11,insn per cycle
355.849844727,375566761,,cycles,100164095,100.00,,
355.950027391,9553,,rD044,100170066,100.00,,
355.950027391,45818101,,rFF44,100170416,100.00,,
355.950027391,1082615846,,instructions,100169816,100.00,2.88,insn per cycle
355.950027391,375589940,,cycles,100169606,100.00,,
356.050198114,9484,,rD044,100159785,100.00,,
356.050198114,47060161,,rFF44,100159455,100.00,,
356.050198114,801504270,,instructions,100159655,100.00,2.13,insn per cycle
356.050198114,375549481,,cycles,100159425,100.00,,
356.150373417,19530,,rD044,100163276,100.00,,
356.150373417,40974248,,rFF44,100163196,100.00,,
356.150373417,967757130,,instructions,100163156,100.00,2.58,insn per cycle
356.150373417,375565020,,cycles,100163826,100.00,,
356.250546670,10017,,rD044,100172145,100.00,,
356.250546670,45904173,,rFF44,100172015,100.00,,
356.250546670,851026896,,instructions,100172665,100.00,2.27,insn per cycle
356.250546670,375624771,,cycles,100171965,100.00,,
356.350719864,7733,,rD044,100162126,100.00,,
356.350719864,47106623,,rFF44,100162196,100.00,,
356.350719864,1002777923,,instructions,100162306,100.00,2.67,insn per cycle
356.350719864,375590375,,cycles,100163086,100.00,,
356.450896207,8485,,rD044,100175805,100.00,,
356.450896207,46087429,,rFF44,100175865,100.00,,
356.450896207,879207056,,instructions,100175355,100.00,2.34,insn per cycle
356.450896207,375653491,,cycles,100174545,100.00,,
356.551069810,7743,,rD044,100172916,100.00,,
356.551069810,46986497,,rFF44,100172506,100.00,,
356.551069810,975566376,,instructions,100172956,100.00,2.60,insn per cycle
356.551069810,375647371,,cycles,100172996,100.00,,
356.651245014,8550,,rD044,100174125,100.00,,
356.651245014,46576686,,rFF44,100174235,100.00,,
356.651245014,911180916,,instructions,100174245,100.00,2.43,insn per cycle
356.651245014,375651204,,cycles,100174005,100.00,,
356.751419057,7453,,rD044,100144076,100.00,,
356.751419057,46754086,,rFF44,100144186,100.00,,
356.751419057,950387975,,instructions,100143666,100.00,2.53,insn per cycle
356.751419057,375518684,,cycles,100144316,100.00,,
356.851593480,8642,,rD044,100173865,100.00,,
356.851593480,46462770,,rFF44,100173805,100.00,,
356.851593480,932071791,,instructions,100173935,100.00,2.48,insn per cycle
356.851593480,375649617,,cycles,100173535,100.00,,
356.951777213,7706,,rD044,100182646,100.00,,
356.951777213,46603324,,rFF44,100182906,100.00,,
356.951777213,920697807,,instructions,100182806,100.00,2.45,insn per cycle
356.951777213,375685912,,cycles,100183286,100.00,,
357.051955167,8105,,rD044,100177215,100.00,,
357.051955167,46416753,,rFF44,100177115,100.00,,
357.051955167,965029354,,instructions,100177335,100.00,2.57,insn per cycle
357.051955167,375663094,,cycles,100177205,100.00,,
357.152128860,15106,,rD044,100173716,100.00,,
357.152128860,41431097,,rFF44,100173566,100.00,,
357.152128860,801181129,,instructions,100173996,100.00,2.13,insn per cycle
357.152128860,375651174,,cycles,100173666,100.00,,
357.252303093,9629,,rD044,100173215,100.00,,
357.252303093,45036955,,rFF44,100172985,100.00,,
357.252303093,1022655349,,instructions,100172315,100.00,2.72,insn per cycle
357.252303093,375643106,,cycles,100172115,100.00,,
357.352477407,7545,,rD044,100173136,100.00,,
357.352477407,48030194,,rFF44,100173776,100.00,,
357.352477407,827919472,,instructions,100173956,100.00,2.20,insn per cycle
357.352477407,375654338,,cycles,100174926,100.00,,
357.452651180,8284,,rD044,100173955,100.00,,
357.452651180,45252598,,rFF44,100173295,100.00,,
357.452651180,1061933041,,instructions,100173655,100.00,2.83,insn per cycle
357.452651180,375647490,,cycles,100172935,100.00,,
357.552825733,7688,,rD044,100173636,100.00,,
357.552825733,47985956,,rFF44,100174106,100.00,,
357.552825733,803103256,,instructions,100173796,100.00,2.14,insn per cycle
357.552825733,375649965,,cycles,100173686,100.00,,
357.653001906,8265,,rD044,100175515,100.00,,
357.653001906,45702365,,rFF44,100175845,100.00,,
357.653001906,1097455483,,instructions,100176005,100.00,2.92,insn per cycle
357.653001906,375658268,,cycles,100175895,100.00,,
357.753174930,8294,,rD044,100150486,100.00,,
357.753174930,47481136,,rFF44,100150286,100.00,,
357.753174930,789131182,,instructions,100149416,100.00,2.10,insn per cycle
357.753174930,375539960,,cycles,100149546,100.00,,
357.853346713,8629,,rD044,100171005,100.00,,
357.853346713,45689505,,rFF44,100170755,100.00,,
357.853346713,1082308176,,instructions,100171725,100.00,2.88,insn per cycle
357.853346713,375641906,,cycles,100171485,100.00,,
357.953520356,7833,,rD044,100172165,100.00,,
357.953520356,47353834,,rFF44,100172186,100.00,,
357.953520356,803901011,,instructions,100171726,100.00,2.14,insn per cycle
357.953520356,375643077,,cycles,100171836,100.00,,
358.053691700,8000,,rD044,100170876,100.00,,
358.053691700,46112075,,rFF44,100170895,100.00,,
358.053691700,1069224517,,instructions,100171495,100.00,2.85,insn per cycle
358.053691700,375644189,,cycles,100172145,100.00,,
358.153868043,8143,,rD044,100175835,100.00,,
358.153868043,46883660,,rFF44,100175045,100.00,,
358.153868043,815667635,,instructions,100174115,100.00,2.17,insn per cycle
358.153868043,375650499,,cycles,100173826,100.00,,
358.254039046,13901,,rD044,100170406,100.00,,
358.254039046,40180498,,rFF44,100171206,100.00,,
358.254039046,927601576,,instructions,100171436,100.00,2.47,insn per cycle
358.254039046,375641299,,cycles,100171345,100.00,,
358.354211399,8705,,rD044,100171835,100.00,,
358.354211399,46074791,,rFF44,100172685,100.00,,
358.354211399,876341403,,instructions,100173265,100.00,2.33,insn per cycle
358.354211399,375648875,,cycles,100173405,100.00,,
358.454385783,7397,,rD044,100172986,100.00,,
358.454385783,46981288,,rFF44,100171906,100.00,,
358.454385783,978118407,,instructions,100171196,100.00,2.60,insn per cycle
358.454385783,375639119,,cycles,100170796,100.00,,
358.554558616,8848,,rD044,100172265,100.00,,
358.554558616,46575245,,rFF44,100171965,100.00,,
358.554558616,909442546,,instructions,100171555,100.00,2.42,insn per cycle
358.554558616,375643300,,cycles,100171915,100.00,,
358.654730799,7549,,rD044,100171776,100.00,,
358.654730799,46856759,,rFF44,100172046,100.00,,
358.654730799,955155821,,instructions,100172836,100.00,2.54,insn per cycle
358.654730799,375646780,,cycles,100172866,100.00,,
358.754902002,8659,,rD044,100153805,100.00,,
358.754902002,46336209,,rFF44,100154175,100.00,,
358.754902002,924987023,,instructions,100153685,100.00,2.46,insn per cycle
358.754902002,375554147,,cycles,100153475,100.00,,
358.855074546,8195,,rD044,100172936,100.00,,
358.855074546,46553752,,rFF44,100172346,100.00,,
358.855074546,923480296,,instructions,100173386,100.00,2.46,insn per cycle
358.855074546,375649374,,cycles,100173516,100.00,,
358.955248469,8291,,rD044,100172455,100.00,,
358.955248469,46382117,,rFF44,100173085,100.00,,
358.955248469,961623823,,instructions,100172235,100.00,2.56,insn per cycle
358.955248469,375645506,,cycles,100172485,100.00,,
359.055425662,8019,,rD044,100157076,100.00,,
359.055425662,46541102,,rFF44,100157826,100.00,,
359.055425662,888680873,,instructions,100157636,100.00,2.37,insn per cycle
359.055425662,375569984,,cycles,100158056,100.00,,
359.155600426,8244,,rD044,100173665,100.00,,
359.155600426,46331481,,rFF44,100172765,100.00,,
359.155600426,993040833,,instructions,100172465,100.00,2.64,insn per cycle
359.155600426,375645402,,cycles,100172465,100.00,,
359.255773449,7168,,rD044,100160356,100.00,,
359.255773449,47003340,,rFF44,100160536,100.00,,
359.255773449,873024707,,instructions,100160926,100.00,2.32,insn per cycle
359.255773449,375583607,,cycles,100160706,100.00,,
359.355952462,13784,,rD044,100178635,100.00,,
359.355952462,39720439,,rFF44,100178715,100.00,,
359.355952462,954701697,,instructions,100178875,100.00,2.54,insn per cycle
359.355952462,375666494,,cycles,100178085,100.00,,
359.456124375,7617,,rD044,100170476,100.00,,
359.456124375,47944158,,rFF44,100170106,100.00,,
359.456124375,802595807,,instructions,100169656,100.00,2.14,insn per cycle
359.456124375,375636249,,cycles,100170026,100.00,,
359.556296319,8117,,rD044,100171775,100.00,,
359.556296319,45718363,,rFF44,100172605,100.00,,
359.556296319,1097934450,,instructions,100173095,100.00,2.92,insn per cycle
359.556296319,375649866,,cycles,100173595,100.00,,
359.656468232,8199,,rD044,100170976,100.00,,
359.656468232,47469445,,rFF44,100169846,100.00,,
359.656468232,788874039,,instructions,100170316,100.00,2.10,insn per cycle
359.656468232,375637155,,cycles,100170256,100.00,,
359.756639715,8107,,rD044,100171135,100.00,,
359.756639715,45697488,,rFF44,100171525,100.00,,
359.756639715,1082573107,,instructions,100171465,100.00,2.88,insn per cycle
359.756639715,375639639,,cycles,100170995,100.00,,
359.856813018,7666,,rD044,100172136,100.00,,
359.856813018,47336273,,rFF44,100172836,100.00,,
359.856813018,803443618,,instructions,100172946,100.00,2.14,insn per cycle
359.856813018,375646404,,cycles,100172726,100.00,,
359.956987042,7863,,rD044,100156565,100.00,,
359.956987042,45941405,,rFF44,100156025,100.00,,
359.956987042,1065163146,,instructions,100155795,100.00,2.84,insn per cycle
359.956987042,375565137,,cycles,100156285,100.00,,
360.057161925,8160,,rD044,100174496,100.00,,
360.057161925,46802755,,rFF44,100174026,100.00,,
360.057161925,815111581,,instructions,100173956,100.00,2.17,insn per cycle
360.057161925,375648253,,cycles,100173256,100.00,,
360.157335548,7853,,rD044,100171995,100.00,,
360.157335548,46506311,,rFF44,100171795,100.00,,
360.157335548,1048201312,,instructions,100171335,100.00,2.79,insn per cycle
360.157335548,375642398,,cycles,100171635,100.00,,
360.257506381,8156,,rD044,100170636,100.00,,
360.257506381,46556383,,rFF44,100171126,100.00,,
360.257506381,834583785,,instructions,100171596,100.00,2.22,insn per cycle
360.257506381,375641535,,cycles,100171476,100.00,,
360.357679995,7957,,rD044,100173095,100.00,,
360.357679995,46780049,,rFF44,100173065,100.00,,
360.357679995,1029706623,,instructions,100172515,100.00,2.74,insn per cycle
360.357679995,375645919,,cycles,100172605,100.00,,
360.457854128,14320,,rD044,100173576,100.00,,
360.457854128,40439115,,rFF44,100173656,100.00,,
360.457854128,786212248,,instructions,100173966,100.00,2.09,insn per cycle
360.457854128,375650533,,cycles,100173836,100.00,,
360.558027061,7605,,rD044,100171855,100.00,,
360.558027061,46909697,,rFF44,100171415,100.00,,
360.558027061,957061813,,instructions,100171455,100.00,2.55,insn per cycle
360.558027061,375644789,,cycles,100172035,100.00,,
360.658203785,8411,,rD044,100176396,100.00,,
360.658203785,46513862,,rFF44,100176676,100.00,,
360.658203785,925761168,,instructions,100176396,100.00,2.46,insn per cycle
360.658203785,375658122,,cycles,100176046,100.00,,
360.758379448,8129,,rD044,100174915,100.00,,
360.758379448,46434705,,rFF44,100174755,100.00,,
360.758379448,923864816,,instructions,100174875,100.00,2.46,insn per cycle
360.758379448,375653607,,cycles,100174655,100.00,,
360.858551921,8610,,rD044,100171216,100.00,,
360.858551921,46393304,,rFF44,100171546,100.00,,
360.858551921,959832623,,instructions,100171666,100.00,2.56,insn per cycle
360.858551921,375644203,,cycles,100172206,100.00,,
360.958724984,8016,,rD044,100172475,100.00,,
360.958724984,46710303,,rFF44,100172555,100.00,,
360.958724984,894662612,,instructions,100172655,100.00,2.38,insn per cycle
360.958724984,375645472,,cycles,100172475,100.00,,
361.058908118,8252,,rD044,100181586,100.00,,
361.058908118,46439960,,rFF44,100181446,100.00,,
361.058908118,990942793,,instructions,100181266,100.00,2.64,insn per cycle
361.058908118,375677632,,cycles,100181026,100.00,,
361.159080471,7186,,rD044,100173035,100.00,,
361.159080471,47157979,,rFF44,100173695,100.00,,
361.159080471,881671064,,instructions,100173985,100.00,2.35,insn per cycle
361.159080471,375650800,,cycles,100173895,100.00,,
361.259258134,9427,,rD044,100176226,100.00,,
361.259258134,45299919,,rFF44,100175396,100.00,,
361.259258134,1000585438,,instructions,100175556,100.00,2.66,insn per cycle
361.259258134,375659711,,cycles,100176276,100.00,,
361.359431278,6221,,rD044,100172595,100.00,,
361.359431278,48519279,,rFF44,100172565,100.00,,
361.359431278,877840968,,instructions,100172215,100.00,2.34,insn per cycle
361.359431278,375644297,,cycles,100172165,100.00,,
361.459605161,13758,,rD044,100173866,100.00,,
361.459605161,39826610,,rFF44,100174016,100.00,,
361.459605161,977674650,,instructions,100173896,100.00,2.60,insn per cycle
361.459605161,375649956,,cycles,100173746,100.00,,
361.559779024,8133,,rD044,100172425,100.00,,
361.559779024,47563579,,rFF44,100172545,100.00,,
361.559779024,789233236,,instructions,100173055,100.00,2.10,insn per cycle
361.559779024,375646985,,cycles,100172725,100.00,,
361.659960938,8257,,rD044,100181416,100.00,,
361.659960938,45705356,,rFF44,100181466,100.00,,
361.659960938,1087386480,,instructions,100181026,100.00,2.89,insn per cycle
361.659960938,375677287,,cycles,100181046,100.00,,
361.760135191,7644,,rD044,100157945,100.00,,
361.760135191,47432322,,rFF44,100158795,100.00,,
361.760135191,799707175,,instructions,100158555,100.00,2.13,insn per cycle
361.760135191,375572539,,cycles,100158315,100.00,,
361.860309044,8265,,rD044,100173106,100.00,,
361.860309044,46005374,,rFF44,100172676,100.00,,
361.860309044,1076466334,,instructions,100173136,100.00,2.87,insn per cycle
361.860309044,375649018,,cycles,100173396,100.00,,
361.960484347,8241,,rD044,100174635,100.00,,
361.960484347,46959611,,rFF44,100174015,100.00,,
361.960484347,808916390,,instructions,100173845,100.00,2.15,insn per cycle
361.960484347,375648457,,cycles,100173275,100.00,,
362.060656921,7620,,rD044,100171486,100.00,,
362.060656921,46457819,,rFF44,100171456,100.00,,
362.060656921,1057147980,,instructions,100170886,100.00,2.81,insn per cycle
362.060656921,375644350,,cycles,100172196,100.00,,
362.160830424,8315,,rD044,100173055,100.00,,
362.160830424,46789321,,rFF44,100173345,100.00,,
362.160830424,828111054,,instructions,100173845,100.00,2.20,insn per cycle
362.160830424,375646280,,cycles,100172685,100.00,,
362.261005347,7789,,rD044,100174406,100.00,,
362.261005347,46531126,,rFF44,100174196,100.00,,
362.261005347,1036116449,,instructions,100174636,100.00,2.76,insn per cycle
362.261005347,375654845,,cycles,100174986,100.00,,
362.361178880,8142,,rD044,100172025,100.00,,
362.361178880,46353209,,rFF44,100171715,100.00,,
362.361178880,847521142,,instructions,100171315,100.00,2.26,insn per cycle
362.361178880,375640253,,cycles,100171105,100.00,,
362.461351334,7849,,rD044,100172196,100.00,,
362.461351334,46990256,,rFF44,100172466,100.00,,
362.461351334,1015029680,,instructions,100172416,100.00,2.70,insn per cycle
362.461351334,375644926,,cycles,100172326,100.00,,
362.561522947,13232,,rD044,100170985,100.00,,
362.561522947,40982970,,rFF44,100171155,100.00,,
362.561522947,806884671,,instructions,100171525,100.00,2.15,insn per cycle
362.561522947,375642555,,cycles,100171715,100.00,,
362.661695690,7865,,rD044,100171965,100.00,,
362.661695690,46468478,,rFF44,100172346,100.00,,
362.661695690,937770896,,instructions,100171816,100.00,2.50,insn per cycle
362.661695690,375643551,,cycles,100171936,100.00,,
362.761869394,8487,,rD044,100173096,100.00,,
362.761869394,46365758,,rFF44,100172955,100.00,,
362.761869394,944251415,,instructions,100173085,100.00,2.51,insn per cycle
362.761869394,375646274,,cycles,100172735,100.00,,
362.862042337,7783,,rD044,100172165,100.00,,
362.862042337,46930768,,rFF44,100172175,100.00,,
362.862042337,915162341,,instructions,100173035,100.00,2.44,insn per cycle
362.862042337,375647804,,cycles,100173076,100.00,,
362.962217030,8604,,rD044,100173496,100.00,,
362.962217030,46416805,,rFF44,100173066,100.00,,
362.962217030,973089837,,instructions,100172276,100.00,2.59,insn per cycle
362.962217030,375645876,,cycles,100172575,100.00,,
363.062388713,7830,,rD044,100171225,100.00,,
363.062388713,46761212,,rFF44,100171155,100.00,,
363.062388713,886355097,,instructions,100170995,100.00,2.36,insn per cycle
363.062388713,375640614,,cycles,100171225,100.00,,
363.162573967,8975,,rD044,100173646,100.00,,
363.162573967,45966474,,rFF44,100174616,100.00,,
363.162573967,997572951,,instructions,100174676,100.00,2.66,insn per cycle
363.162573967,375623841,,cycles,100174606,100.00,,
363.262750110,8487,,rD044,100175735,100.00,,
363.262750110,47511302,,rFF44,100175105,100.00,,
363.262750110,871062700,,instructions,100175545,100.00,2.32,insn per cycle
363.262750110,375631052,,cycles,100175216,100.00,,
363.362932433,10916,,rD044,100169216,100.00,,
363.362932433,45388073,,rFF44,100169106,100.00,,
363.362932433,1015282357,,instructions,100169706,100.00,2.70,insn per cycle
363.362932433,375587477,,cycles,100169465,100.00,,
363.463103177,8251,,rD044,100159075,100.00,,
363.463103177,48219920,,rFF44,100159435,100.00,,
363.463103177,855886961,,instructions,100159495,100.00,2.28,insn per cycle
363.463103177,375548440,,cycles,100160066,100.00,,
363.563276510,14970,,rD044,100162146,100.00,,
363.563276510,40008455,,rFF44,100161596,100.00,,
363.563276510,993803592,,instructions,100160856,100.00,2.65,insn per cycle
363.563276510,375558208,,cycles,100160855,100.00,,
363.663448953,10054,,rD044,100160935,100.00,,
363.663448953,47274351,,rFF44,100160955,100.00,,
363.663448953,789233005,,instructions,100160525,100.00,2.10,insn per cycle
363.663448953,375550617,,cycles,100160825,100.00,,
363.763622476,8782,,rD044,100161466,100.00,,
363.763622476,45873275,,rFF44,100160806,100.00,,
363.763622476,1083876810,,instructions,100161026,100.00,2.89,insn per cycle
363.763622476,375563259,,cycles,100160816,100.00,,
363.863801030,9425,,rD044,100186255,100.00,,
363.863801030,47153031,,rFF44,100187275,100.00,,
363.863801030,802521598,,instructions,100187195,100.00,2.14,insn per cycle
363.863801030,375675973,,cycles,100187125,100.00,,
363.963984113,10014,,rD044,100163386,100.00,,
363.963984113,46103525,,rFF44,100162796,100.00,,
363.963984113,1061409583,,instructions,100162516,100.00,2.83,insn per cycle
363.963984113,375560349,,cycles,100162646,100.00,,
364.064160696,9429,,rD044,100164245,100.00,,
364.064160696,46847860,,rFF44,100164675,100.00,,
364.064160696,820322385,,instructions,100164895,100.00,2.18,insn per cycle
364.064160696,375571549,,cycles,100164495,100.00,,
364.164340030,9244,,rD044,100166786,100.00,,
364.164340030,46412565,,rFF44,100166356,100.00,,
364.164340030,1043868820,,instructions,100166716,100.00,2.78,insn per cycle
364.164340030,375577764,,cycles,100167126,100.00,,
364.264514393,9819,,rD044,100162795,100.00,,
364.264514393,46308911,,rFF44,100163315,100.00,,
364.264514393,836063628,,instructions,100162495,100.00,2.23,insn per cycle
364.264514393,375560409,,cycles,100162135,100.00,,
364.364690726,9508,,rD044,100163806,100.00,,
364.364690726,46841757,,rFF44,100163786,100.00,,
364.364690726,1021886779,,instructions,100164446,100.00,2.72,insn per cycle
364.364690726,375566515,,cycles,100164176,100.00,,
364.464865470,10016,,rD044,100162355,100.00,,
364.464865470,45811681,,rFF44,100162055,100.00,,
364.464865470,857202816,,instructions,100162185,100.00,2.28,insn per cycle
364.464865470,375560004,,cycles,100162225,100.00,,
364.565040693,13731,,rD044,100163586,100.00,,
364.565040693,41586005,,rFF44,100163846,100.00,,
364.565040693,889269661,,instructions,100164526,100.00,2.37,insn per cycle
364.565040693,375571763,,cycles,100164976,100.00,,
364.665214176,8473,,rD044,100161505,100.00,,
364.665214176,46312514,,rFF44,100161485,100.00,,
364.665214176,932265384,,instructions,100160405,100.00,2.48,insn per cycle
364.665214176,375582904,,cycles,100160825,100.00,,
364.765387729,8224,,rD044,100172916,100.00,,
364.765387729,46683040,,rFF44,100172476,100.00,,
364.765387729,918853902,,instructions,100172796,100.00,2.45,insn per cycle
364.765387729,375644450,,cycles,100172166,100.00,,
364.865562493,8617,,rD044,100173565,100.00,,
364.865562493,46094284,,rFF44,100174055,100.00,,
364.865562493,962207537,,instructions,100173755,100.00,2.56,insn per cycle
364.865562493,375651226,,cycles,100173975,100.00,,
364.965734276,7598,,rD044,100171476,100.00,,
364.965734276,46616689,,rFF44,100171766,100.00,,
364.965734276,884893887,,instructions,100172026,100.00,2.36,insn per cycle
364.965734276,375643940,,cycles,100172106,100.00,,
365.065915779,8850,,rD044,100180335,100.00,,
365.065915779,45986047,,rFF44,100179625,100.00,,
365.065915779,995207903,,instructions,100180225,100.00,2.65,insn per cycle
365.065915779,375674136,,cycles,100180125,100.00,,
365.166096883,6842,,rD044,100180416,100.00,,
365.166096883,47324407,,rFF44,100180786,100.00,,
365.166096883,869054919,,instructions,100179826,100.00,2.31,insn per cycle
365.166096883,375674536,,cycles,100180286,100.00,,
365.266271656,9258,,rD044,100174165,100.00,,
365.266271656,45270940,,rFF44,100173785,100.00,,
365.266271656,1012620839,,instructions,100174205,100.00,2.70,insn per cycle
365.266271656,375649040,,cycles,100173395,100.00,,
365.366443889,6849,,rD044,100171556,100.00,,
365.366443889,48082281,,rFF44,100172556,100.00,,
365.366443889,851855079,,instructions,100172526,100.00,2.27,insn per cycle
365.366443889,375647095,,cycles,100172896,100.00,,
365.466617593,8681,,rD044,100173375,100.00,,
365.466617593,44925654,,rFF44,100172965,100.00,,
365.466617593,1035806075,,instructions,100172835,100.00,2.76,insn per cycle
365.466617593,375645590,,cycles,100172565,100.00,,
365.566790806,9490,,rD044,100172926,100.00,,
365.566790806,41857460,,rFF44,100172956,100.00,,
365.566790806,741868550,,instructions,100178566,100.00,1.97,insn per cycle
365.566790806,375661689,,cycles,100179226,100.00,,
365.666972239,7844,,rD044,100180375,100.00,,
365.666972239,45858437,,rFF44,100179905,100.00,,
365.666972239,1081048953,,instructions,100175365,100.00,2.88,insn per cycle
365.666972239,375649636,,cycles,100175265,100.00,,
365.767147262,8255,,rD044,100174626,100.00,,
365.767147262,47075500,,rFF44,100174936,100.00,,
365.767147262,803443033,,instructions,100174096,100.00,2.14,insn per cycle
365.767147262,375649276,,cycles,100173476,100.00,,
365.867321286,9155,,rD044,100172605,100.00,,
365.867321286,46138729,,rFF44,100171915,100.00,,
365.867321286,1057727039,,instructions,100171925,100.00,2.82,insn per cycle
365.867321286,375623505,,cycles,100172415,100.00,,
365.967495749,9864,,rD044,100162066,100.00,,
365.967495749,46781701,,rFF44,100162176,100.00,,
365.967495749,822087787,,instructions,100162186,100.00,2.19,insn per cycle
365.967495749,375558381,,cycles,100161736,100.00,,
366.067669222,9513,,rD044,100161365,100.00,,
366.067669222,46221012,,rFF44,100161945,100.00,,
366.067669222,1035113918,,instructions,100162865,100.00,2.76,insn per cycle
366.067669222,375563783,,cycles,100163355,100.00,,
366.167855856,10284,,rD044,100174326,100.00,,
366.167855856,46073199,,rFF44,100174356,100.00,,
366.167855856,839791205,,instructions,100172956,100.00,2.24,insn per cycle
366.167855856,375595686,,cycles,100172976,100.00,,
366.268030039,9137,,rD044,100162365,100.00,,
366.268030039,46901307,,rFF44,100162355,100.00,,
366.268030039,1013689976,,instructions,100162385,100.00,2.70,insn per cycle
366.268030039,375558489,,cycles,100161815,100.00,,
366.368207932,10513,,rD044,100165786,100.00,,
366.368207932,45934693,,rFF44,100165656,100.00,,
366.368207932,865802072,,instructions,100166396,100.00,2.31,insn per cycle
366.368207932,375572737,,cycles,100166396,100.00,,
366.468383336,9434,,rD044,100163205,100.00,,
366.468383336,46769963,,rFF44,100163465,100.00,,
366.468383336,979707623,,instructions,100162745,100.00,2.61,insn per cycle
366.468383336,375562296,,cycles,100163125,100.00,,
366.568555079,10440,,rD044,100160466,100.00,,
366.568555079,46401246,,rFF44,100160126,100.00,,
366.568555079,902721123,,instructions,100160366,100.00,2.40,insn per cycle
366.568555079,375553169,,cycles,100160496,100.00,,
366.668730952,7723,,rD044,100163995,100.00,,
366.668730952,43458992,,rFF44,100163905,100.00,,
366.668730952,904058042,,instructions,100164655,100.00,2.41,insn per cycle
366.668730952,375593836,,cycles,100164465,100.00,,
366.768914605,8451,,rD044,100182706,100.00,,
366.768914605,46311863,,rFF44,100182846,100.00,,
366.768914605,955346827,,instructions,100181986,100.00,2.54,insn per cycle
366.768914605,375680255,,cycles,100181776,100.00,,
366.869087219,8931,,rD044,100172785,100.00,,
366.869087219,46688929,,rFF44,100172595,100.00,,
366.869087219,896260254,,instructions,100172945,100.00,2.39,insn per cycle
366.869087219,375639581,,cycles,100173385,100.00,,
366.969264242,8377,,rD044,100163485,100.00,,
366.969264242,46413528,,rFF44,100163475,100.00,,
366.969264242,988015725,,instructions,100163255,100.00,2.63,insn per cycle
366.969264242,375591085,,cycles,100163265,100.00,,
367.069439275,7192,,rD044,100174605,100.00,,
367.069439275,47156641,,rFF44,100175215,100.00,,
367.069439275,883652004,,instructions,100175135,100.00,2.35,insn per cycle
367.069439275,375652791,,cycles,100175285,100.00,,
367.169627499,9383,,rD044,100174836,100.00,,
367.169627499,45188584,,rFF44,100174206,100.00,,
367.169627499,997041455,,instructions,100174196,100.00,2.65,insn per cycle
367.169627499,375628612,,cycles,100173526,100.00,,
367.269799862,6170,,rD044,100179095,100.00,,
367.269799862,48470827,,rFF44,100179525,100.00,,
367.269799862,877298788,,instructions,100179765,100.00,2.34,insn per cycle
367.269799862,375673497,,cycles,100179925,100.00,,
367.369981865,9271,,rD044,100174266,100.00,,
367.369981865,45060330,,rFF44,100173426,100.00,,
367.369981865,1019161498,,instructions,100173226,100.00,2.71,insn per cycle
367.369981865,375647560,,cycles,100173056,100.00,,
367.470157889,7470,,rD044,100175155,100.00,,
367.470157889,47943927,,rFF44,100175685,100.00,,
367.470157889,830140387,,instructions,100175875,100.00,2.21,insn per cycle
367.470157889,375658603,,cycles,100176005,100.00,,
367.570332942,8645,,rD044,100174566,100.00,,
367.570332942,45188030,,rFF44,100174476,100.00,,
367.570332942,1057207682,,instructions,100173996,100.00,2.81,insn per cycle
367.570332942,375652720,,cycles,100174346,100.00,,
367.670508745,7589,,rD044,100175125,100.00,,
367.670508745,47968820,,rFF44,100175415,100.00,,
367.670508745,803270957,,instructions,100176075,100.00,2.14,insn per cycle
367.670508745,375657471,,cycles,100175715,100.00,,
367.770683089,8135,,rD044,100173086,100.00,,
367.770683089,45660299,,rFF44,100172656,100.00,,
367.770683089,1097722931,,instructions,100172216,100.00,2.92,insn per cycle
367.770683089,375645471,,cycles,100172546,100.00,,
367.870856932,8239,,rD044,100173625,100.00,,
367.870856932,47382419,,rFF44,100174265,100.00,,
367.870856932,786961342,,instructions,100174615,100.00,2.09,insn per cycle
367.870856932,375651165,,cycles,100173985,100.00,,
367.971036275,8550,,rD044,100178306,100.00,,
367.971036275,45646693,,rFF44,100178336,100.00,,
367.971036275,1081560997,,instructions,100178226,100.00,2.88,insn per cycle
367.971036275,375670161,,cycles,100179026,100.00,,
368.071211198,7801,,rD044,100174285,100.00,,
368.071211198,47294070,,rFF44,100174125,100.00,,
368.071211198,802700856,,instructions,100173865,100.00,2.14,insn per cycle
368.071211198,375647419,,cycles,100173015,100.00,,
368.171383662,8125,,rD044,100171676,100.00,,
368.171383662,46081711,,rFF44,100171376,100.00,,
368.171383662,1068307376,,instructions,100171876,100.00,2.84,insn per cycle
368.171383662,375644764,,cycles,100172316,100.00,,
368.271557755,8268,,rD044,100173535,100.00,,
368.271557755,46702035,,rFF44,100173755,100.00,,
368.271557755,812414623,,instructions,100173585,100.00,2.16,insn per cycle
368.271557755,375648738,,cycles,100173305,100.00,,
368.371734048,7894,,rD044,100175996,100.00,,
368.371734048,46487248,,rFF44,100176476,100.00,,
368.371734048,1047694322,,instructions,100176196,100.00,2.79,insn per cycle
368.371734048,375661524,,cycles,100176816,100.00,,
368.471919482,8496,,rD044,100184465,100.00,,
368.471919482,46518345,,rFF44,100183795,100.00,,
368.471919482,834199185,,instructions,100183595,100.00,2.22,insn per cycle
368.471919482,375685070,,cycles,100183005,100.00,,
368.572092495,7940,,rD044,100171786,100.00,,
368.572092495,46765903,,rFF44,100171956,100.00,,
368.572092495,1028623846,,instructions,100172386,100.00,2.74,insn per cycle
368.572092495,375645980,,cycles,100172646,100.00,,
368.672264748,8808,,rD044,100172405,100.00,,
368.672264748,45793514,,rFF44,100172595,100.00,,
368.672264748,849605548,,instructions,100172915,100.00,2.26,insn per cycle
368.672264748,375646154,,cycles,100172625,100.00,,
368.772438991,8081,,rD044,100172866,100.00,,
368.772438991,47121611,,rFF44,100172486,100.00,,
368.772438991,1001408097,,instructions,100172966,100.00,2.67,insn per cycle
368.772438991,375648244,,cycles,100173276,100.00,,
368.872613265,8816,,rD044,100173515,100.00,,
368.872613265,46086500,,rFF44,100173685,100.00,,
368.872613265,880728239,,instructions,100172925,100.00,2.34,insn per cycle
368.872613265,375646832,,cycles,100172775,100.00,,
368.972790758,7565,,rD044,100176376,100.00,,
368.972790758,46930624,,rFF44,100176176,100.00,,
368.972790758,972238200,,instructions,100184146,100.00,2.59,insn per cycle
368.972790758,375688277,,cycles,100183926,100.00,,
369.072973411,8758,,rD044,100182065,100.00,,
369.072973411,46557734,,rFF44,100182385,100.00,,
369.072973411,912125971,,instructions,100174045,100.00,2.43,insn per cycle
369.072973411,375654002,,cycles,100174735,100.00,,
369.173148795,7932,,rD044,100174986,100.00,,
369.173148795,46640777,,rFF44,100174876,100.00,,
369.173148795,945549441,,instructions,100175156,100.00,2.52,insn per cycle
369.173148795,375653986,,cycles,100174746,100.00,,
369.273327658,8413,,rD044,100176895,100.00,,
369.273327658,46406551,,rFF44,100176815,100.00,,
369.273327658,935898990,,instructions,100176065,100.00,2.49,insn per cycle
369.273327658,375659597,,cycles,100176235,100.00,,
369.373500211,8087,,rD044,100173186,100.00,,
369.373500211,46573746,,rFF44,100173346,100.00,,
369.373500211,914730893,,instructions,100174526,100.00,2.44,insn per cycle
369.373500211,375653172,,cycles,100174546,100.00,,
369.473674435,8538,,rD044,100173475,100.00,,
369.473674435,46300813,,rFF44,100173555,100.00,,
369.473674435,967740420,,instructions,100173215,100.00,2.58,insn per cycle
369.473674435,375647409,,cycles,100173005,100.00,,
369.573850118,7991,,rD044,100174286,100.00,,
369.573850118,46680171,,rFF44,100174266,100.00,,
369.573850118,886105644,,instructions,100174186,100.00,2.36,insn per cycle
369.573850118,375652886,,cycles,100174466,100.00,,
369.674024221,8474,,rD044,100173815,100.00,,
369.674024221,46210700,,rFF44,100173705,100.00,,
369.674024221,998056553,,instructions,100174205,100.00,2.66,insn per cycle
369.674024221,375652971,,cycles,100174475,100.00,,
369.774203624,6901,,rD044,100178716,100.00,,
369.774203624,47434917,,rFF44,100178976,100.00,,
369.774203624,874528895,,instructions,100178426,100.00,2.33,insn per cycle
369.774203624,375665264,,cycles,100178006,100.00,,
369.874380618,9479,,rD044,100176585,100.00,,
369.874380618,45315093,,rFF44,100175705,100.00,,
369.874380618,1011069158,,instructions,100175275,100.00,2.69,insn per cycle
369.874380618,375656914,,cycles,100175315,100.00,,
369.974555011,6618,,rD044,100173146,100.00,,
369.974555011,48264331,,rFF44,100173496,100.00,,
369.974555011,859720431,,instructions,100174586,100.00,2.29,insn per cycle
369.974555011,375655840,,cycles,100175256,100.00,,
370.074730564,9055,,rD044,100174915,100.00,,
370.074730564,45039213,,rFF44,100175205,100.00,,
370.074730564,1032285132,,instructions,100173735,100.00,2.75,insn per cycle
370.074730564,375647964,,cycles,100173095,100.00,,
370.174904608,8376,,rD044,100173806,100.00,,
370.174904608,47987612,,rFF44,100173776,100.00,,
370.174904608,817090883,,instructions,100174526,100.00,2.18,insn per cycle
370.174904608,375639658,,cycles,100174256,100.00,,
370.275080441,9305,,rD044,100163075,100.00,,
370.275080441,45443005,,rFF44,100163965,100.00,,
370.275080441,1080461141,,instructions,100164295,100.00,2.88,insn per cycle
370.275080441,375570829,,cycles,100164485,100.00,,
370.375257264,9723,,rD044,100164876,100.00,,
370.375257264,47496658,,rFF44,100164036,100.00,,
370.375257264,790328199,,instructions,100164136,100.00,2.10,insn per cycle
370.375257264,375565789,,cycles,100164066,100.00,,
370.475432518,9921,,rD044,100162975,100.00,,
370.475432518,45307296,,rFF44,100163415,100.00,,
370.475432518,1086031957,,instructions,100162655,100.00,2.89,insn per cycle
370.475432518,375563736,,cycles,100162895,100.00,,
370.575609941,8851,,rD044,100176966,100.00,,
370.575609941,47364048,,rFF44,100176296,100.00,,
370.575609941,795845844,,instructions,100176156,100.00,2.12,insn per cycle
370.575609941,375643241,,cycles,100176046,100.00,,
370.675784044,8160,,rD044,100161755,100.00,,
370.675784044,45694940,,rFF44,100161775,100.00,,
370.675784044,1072783066,,instructions,100161985,100.00,2.86,insn per cycle
370.675784044,375611323,,cycles,100168575,100.00,,
370.775963447,7944,,rD044,100178476,100.00,,
370.775963447,46887384,,rFF44,100178326,100.00,,
370.775963447,806497685,,instructions,100178516,100.00,2.15,insn per cycle
370.775963447,375645289,,cycles,100172336,100.00,,
370.876136251,8754,,rD044,100172055,100.00,,
370.876136251,46293828,,rFF44,100172005,100.00,,
370.876136251,1053672791,,instructions,100171905,100.00,2.81,insn per cycle
370.876136251,375622272,,cycles,100171355,100.00,,
370.976310584,10096,,rD044,100162216,100.00,,
370.976310584,46631784,,rFF44,100162706,100.00,,
370.976310584,826311651,,instructions,100162876,100.00,2.20,insn per cycle
370.976310584,375559908,,cycles,100162976,100.00,,
371.076489447,8749,,rD044,100167245,100.00,,
371.076489447,44593374,,rFF44,100166985,100.00,,
371.076489447,1006903208,,instructions,100167625,100.00,2.68,insn per cycle
371.076489447,375587883,,cycles,100168105,100.00,,
371.176674361,10769,,rD044,100160996,100.00,,
371.176674361,45767784,,rFF44,100161036,100.00,,
371.176674361,857157899,,instructions,100160036,100.00,2.28,insn per cycle
371.176674361,375529090,,cycles,100159286,100.00,,
371.276860594,8887,,rD044,100172655,100.00,,
371.276860594,46900022,,rFF44,100173375,100.00,,
371.276860594,987341423,,instructions,100174435,100.00,2.63,insn per cycle
371.276860594,375621995,,cycles,100174695,100.00,,
371.377046937,10068,,rD044,100187146,100.00,,
371.377046937,46267049,,rFF44,100186246,100.00,,
371.377046937,894651502,,instructions,100186206,100.00,2.38,insn per cycle
371.377046937,375670173,,cycles,100186536,100.00,,
371.477235731,8140,,rD044,100163225,100.00,,
371.477235731,46680381,,rFF44,100163295,100.00,,
371.477235731,956265573,,instructions,100162755,100.00,2.55,insn per cycle
371.477235731,375560361,,cycles,100162925,100.00,,
371.577410494,8877,,rD044,100173876,100.00,,
371.577410494,46502699,,rFF44,100174246,100.00,,
371.577410494,920402280,,instructions,100174496,100.00,2.45,insn per cycle
371.577410494,375643496,,cycles,100173656,100.00,,
371.677584107,9436,,rD044,100162715,100.00,,
371.677584107,46166741,,rFF44,100162335,100.00,,
371.677584107,924706712,,instructions,100162045,100.00,2.46,insn per cycle
371.677584107,375558241,,cycles,100162585,100.00,,
371.777758181,10386,,rD044,100173106,100.00,,
371.777758181,46237838,,rFF44,100173076,100.00,,
371.777758181,950993645,,instructions,100173216,100.00,2.53,insn per cycle
371.777758181,375619158,,cycles,100172726,100.00,,
371.877938704,10013,,rD044,100168595,100.00,,
371.877938704,46741206,,rFF44,100168735,100.00,,
371.877938704,900122052,,instructions,100168345,100.00,2.40,insn per cycle
371.877938704,375582287,,cycles,100168415,100.00,,
371.978117857,10228,,rD044,100166725,100.00,,
371.978117857,46271736,,rFF44,100167515,100.00,,
371.978117857,983128255,,instructions,100167595,100.00,2.62,insn per cycle
371.978117857,375580562,,cycles,100167635,100.00,,
372.078291431,8870,,rD044,100161625,100.00,,
372.078291431,47074419,,rFF44,100161005,100.00,,
372.078291431,883401212,,instructions,100161585,100.00,2.35,insn per cycle
372.078291431,375556400,,cycles,100161525,100.00,,
372.178467984,11062,,rD044,100163956,100.00,,
372.178467984,45168993,,rFF44,100164726,100.00,,
372.178467984,996162725,,instructions,100164366,100.00,2.65,insn per cycle
372.178467984,375568938,,cycles,100164706,100.00,,
372.278643277,7961,,rD044,100163314,100.00,,
372.278643277,48390995,,rFF44,100163064,100.00,,
372.278643277,876077122,,instructions,100162944,100.00,2.33,insn per cycle
372.278643277,375560738,,cycles,100162624,100.00,,
372.378817681,10910,,rD044,100162746,100.00,,
372.378817681,44973093,,rFF44,100166646,100.00,,
372.378817681,1018556156,,instructions,100166356,100.00,2.71,insn per cycle
372.378817681,375573999,,cycles,100166356,100.00,,
372.478996534,8820,,rD044,100165445,100.00,,
372.478996534,47904230,,rFF44,100160695,100.00,,
372.478996534,827735127,,instructions,100161505,100.00,2.20,insn per cycle
372.478996534,375561296,,cycles,100161605,100.00,,
372.579168477,10426,,rD044,100161116,100.00,,
372.579168477,45126835,,rFF44,100161196,100.00,,
372.579168477,1058171349,,instructions,100160746,100.00,2.82,insn per cycle
372.579168477,375553330,,cycles,100160296,100.00,,
372.679341800,8799,,rD044,100161475,100.00,,
372.679341800,47884132,,rFF44,100161435,100.00,,
372.679341800,801767335,,instructions,100161165,100.00,2.13,insn per cycle
372.679341800,375569242,,cycles,100162295,100.00,,
372.779516174,8979,,rD044,100173366,100.00,,
372.779516174,45596976,,rFF44,100173746,100.00,,
372.779516174,1095167994,,instructions,100174576,100.00,2.92,insn per cycle
372.779516174,375627104,,cycles,100174176,100.00,,
372.879692037,9903,,rD044,100175795,100.00,,
372.879692037,47393397,,rFF44,100175635,100.00,,
372.879692037,788737302,,instructions,100174735,100.00,2.10,insn per cycle
372.879692037,375617568,,cycles,100174255,100.00,,
372.979862940,9604,,rD044,100158496,100.00,,
372.979862940,45711548,,rFF44,100158366,100.00,,
372.979862940,1082700671,,instructions,100158996,100.00,2.88,insn per cycle
372.979862940,375548410,,cycles,100159056,100.00,,
373.080036444,9561,,rD044,100161825,100.00,,
373.080036444,45222613,,rFF44,100162095,100.00,,
373.080036444,790244060,,instructions,100161825,100.00,2.10,insn per cycle
373.080036444,375560594,,cycles,100162175,100.00,,
373.180211047,9213,,rD044,100162036,100.00,,
373.180211047,46232079,,rFF44,100161876,100.00,,
373.180211047,1050575814,,instructions,100161286,100.00,2.80,insn per cycle
373.180211047,375560595,,cycles,100160906,100.00,,
373.280383880,10089,,rD044,100161485,100.00,,
373.280383880,46576146,,rFF44,100161695,100.00,,
373.280383880,827424176,,instructions,100162245,100.00,2.20,insn per cycle
373.280383880,375560000,,cycles,100162515,100.00,,
373.380564213,9532,,rD044,100168756,100.00,,
373.380564213,46529079,,rFF44,100168396,100.00,,
373.380564213,1031537416,,instructions,100168466,100.00,2.75,insn per cycle
373.380564213,375577861,,cycles,100168096,100.00,,
373.480739157,9347,,rD044,100163005,100.00,,
373.480739157,46043953,,rFF44,100163215,100.00,,
373.480739157,847557864,,instructions,100163455,100.00,2.26,insn per cycle
373.480739157,375573280,,cycles,100163775,100.00,,
373.580931730,9192,,rD044,100181946,100.00,,
373.580931730,47021178,,rFF44,100182336,100.00,,
373.580931730,1007873239,,instructions,100182646,100.00,2.68,insn per cycle
373.580931730,375640674,,cycles,100184006,100.00,,
373.681115394,10539,,rD044,100171075,100.00,,
373.681115394,45908909,,rFF44,100170805,100.00,,
373.681115394,871069191,,instructions,100170305,100.00,2.32,insn per cycle
373.681115394,375585763,,cycles,100168955,100.00,,
373.781289867,9491,,rD044,100162096,100.00,,
373.781289867,46848979,,rFF44,100161526,100.00,,
373.781289867,976277572,,instructions,100161686,100.00,2.60,insn per cycle
373.781289867,375550813,,cycles,100161786,100.00,,
373.881464080,10365,,rD044,100163695,100.00,,
373.881464080,46418559,,rFF44,100164395,100.00,,
373.881464080,906032759,,instructions,100164095,100.00,2.41,insn per cycle
373.881464080,375563705,,cycles,100164175,100.00,,
373.981643083,9043,,rD044,100178046,100.00,,
373.981643083,46677129,,rFF44,100177536,100.00,,
373.981643083,949764571,,instructions,100177436,100.00,2.53,insn per cycle
373.981643083,375637144,,cycles,100176986,100.00,,
374.081818387,10414,,rD044,100163545,100.00,,
374.081818387,46229708,,rFF44,100163655,100.00,,
374.081818387,927033644,,instructions,100163955,100.00,2.47,insn per cycle
374.081818387,375567036,,cycles,100165145,100.00,,
374.181994540,8978,,rD044,100163816,100.00,,
374.181994540,46503480,,rFF44,100163816,100.00,,
374.181994540,917517153,,instructions,100163426,100.00,2.44,insn per cycle
374.181994540,375567565,,cycles,100162536,100.00,,
374.282167563,9900,,rD044,100161205,100.00,,
374.282167563,46269173,,rFF44,100161165,100.00,,
374.282167563,964288311,,instructions,100161145,100.00,2.57,insn per cycle
374.282167563,375555399,,cycles,100161145,100.00,,
374.382343767,9286,,rD044,100165146,100.00,,
374.382343767,46554017,,rFF44,100165456,100.00,,
374.382343767,885355328,,instructions,100166026,100.00,2.36,insn per cycle
374.382343767,375580489,,cycles,100166146,100.00,,
374.482520660,10024,,rD044,100164505,100.00,,
374.482520660,46042830,,rFF44,100164465,100.00,,
374.482520660,994062197,,instructions,100164485,100.00,2.65,insn per cycle
374.482520660,375565528,,cycles,100164175,100.00,,
374.582697513,8250,,rD044,100165605,100.00,,
374.582697513,47311394,,rFF44,100165775,100.00,,
374.582697513,871995106,,instructions,100165845,100.00,2.32,insn per cycle
374.582697513,375582661,,cycles,100166075,100.00,,
374.682876326,9637,,rD044,100165245,100.00,,
374.682876326,45237528,,rFF44,100164725,100.00,,
374.682876326,1010069866,,instructions,100164065,100.00,2.69,insn per cycle
374.682876326,375597534,,cycles,100164445,100.00,,
374.783054880,6586,,rD044,100177996,100.00,,
374.783054880,48272819,,rFF44,100178066,100.00,,
374.783054880,858684573,,instructions,100178566,100.00,2.29,insn per cycle
374.783054880,375666819,,cycles,100178216,100.00,,
374.883232533,9076,,rD044,100176895,100.00,,
374.883232533,45021429,,rFF44,100177255,100.00,,
374.883232533,1033602936,,instructions,100176585,100.00,2.75,insn per cycle
374.883232533,375662484,,cycles,100176995,100.00,,
374.983406956,7591,,rD044,100173986,100.00,,
374.983406956,48028289,,rFF44,100174316,100.00,,
374.983406956,816756387,,instructions,100175296,100.00,2.17,insn per cycle
374.983406956,375654894,,cycles,100174966,100.00,,
375.083585280,8340,,rD044,100177285,100.00,,
375.083585280,45540841,,rFF44,100177035,100.00,,
375.083585280,1083078926,,instructions,100176385,100.00,2.88,insn per cycle
375.083585280,375660404,,cycles,100176425,100.00,,
375.183774513,8188,,rD044,100176866,100.00,,
375.183774513,47488625,,rFF44,100176546,100.00,,
375.183774513,789694404,,instructions,100175826,100.00,2.10,insn per cycle
375.183774513,375637415,,cycles,100175836,100.00,,
375.283960907,8067,,rD044,100185425,100.00,,
375.283960907,45668056,,rFF44,100185395,100.00,,
375.283960907,1090579051,,instructions,100187195,100.00,2.90,insn per cycle
375.283960907,375699681,,cycles,100187015,100.00,,
375.384145440,8077,,rD044,100183746,100.00,,
375.384145440,47379079,,rFF44,100183576,100.00,,
375.384145440,794691944,,instructions,100182296,100.00,2.12,insn per cycle
375.384145440,375679749,,cycles,100181586,100.00,,
375.484317483,8147,,rD044,100171285,100.00,,
375.484317483,45909364,,rFF44,100171405,100.00,,
375.484317483,1080558368,,instructions,100171535,100.00,2.88,insn per cycle
375.484317483,375645384,,cycles,100172495,100.00,,
375.584492087,8559,,rD044,100173776,100.00,,
375.584492087,46916908,,rFF44,100173786,100.00,,
375.584492087,802319738,,instructions,100174086,100.00,2.14,insn per cycle
375.584492087,375646771,,cycles,100174216,100.00,,
375.684670100,9983,,rD044,100177315,100.00,,
375.684670100,46133266,,rFF44,100177535,100.00,,
375.684670100,1054915814,,instructions,100177535,100.00,2.81,insn per cycle
375.684670100,375631895,,cycles,100177375,100.00,,
375.784845063,10189,,rD044,100161656,100.00,,
375.784845063,46618622,,rFF44,100161246,100.00,,
375.784845063,822605767,,instructions,100160806,100.00,2.19,insn per cycle
375.784845063,375548546,,cycles,100160466,100.00,,
375.885017546,9682,,rD044,100160585,100.00,,
375.885017546,46305011,,rFF44,100160755,100.00,,
375.885017546,1032096597,,instructions,100160875,100.00,2.75,insn per cycle
375.885017546,375554118,,cycles,100160995,100.00,,
375.985192190,8924,,rD044,100163096,100.00,,
375.985192190,46161542,,rFF44,100163196,100.00,,
375.985192190,845062439,,instructions,100163196,100.00,2.25,insn per cycle
375.985192190,375580914,,cycles,100162746,100.00,,
376.085363723,7846,,rD044,100171735,100.00,,
376.085363723,46980691,,rFF44,100172225,100.00,,
376.085363723,1012359041,,instructions,100172155,100.00,2.69,insn per cycle
376.085363723,375647501,,cycles,100173045,100.00,,
376.185538446,8886,,rD044,100173406,100.00,,
376.185538446,45951275,,rFF44,100173566,100.00,,
376.185538446,867246458,,instructions,100173746,100.00,2.31,insn per cycle
376.185538446,375648577,,cycles,100173246,100.00,,
376.285712580,7682,,rD044,100173735,100.00,,
376.285712580,46692837,,rFF44,100172725,100.00,,
376.285712580,976264002,,instructions,100172925,100.00,2.60,insn per cycle
376.285712580,375646590,,cycles,100172885,100.00,,
376.385823162,8543,,rD044,100109866,100.00,,
376.385823162,46395582,,rFF44,100110716,100.00,,
376.385823162,903790982,,instructions,100110976,100.00,2.41,insn per cycle
376.385823162,375413865,,cycles,100110666,100.00,,
376.485999645,7292,,rD044,100175485,100.00,,
376.485999645,46784525,,rFF44,100174875,100.00,,
376.485999645,955071716,,instructions,100174835,100.00,2.54,insn per cycle
376.485999645,375658045,,cycles,100175845,100.00,,
376.586172449,8352,,rD044,100171996,100.00,,
376.586172449,46195380,,rFF44,100171926,100.00,,
376.586172449,919658782,,instructions,100171756,100.00,2.45,insn per cycle
376.586172449,375639962,,cycles,100171006,100.00,,
376.686345852,7941,,rD044,100172785,100.00,,
376.686345852,46191603,,rFF44,100173215,100.00,,
376.686345852,915418148,,instructions,100173805,100.00,2.44,insn per cycle
376.686345852,375651120,,cycles,100173975,100.00,,
376.786521365,8387,,rD044,100175056,100.00,,
376.786521365,46056466,,rFF44,100174466,100.00,,
376.786521365,957956938,,instructions,100174226,100.00,2.55,insn per cycle
376.786521365,375651741,,cycles,100174166,100.00,,
376.886696929,7824,,rD044,100174605,100.00,,
376.886696929,46363163,,rFF44,100174745,100.00,,
376.886696929,881205549,,instructions,100174615,100.00,2.35,insn per cycle
376.886696929,375653587,,cycles,100174695,100.00,,
376.986873242,8799,,rD044,100175596,100.00,,
376.986873242,45723069,,rFF44,100175426,100.00,,
376.986873242,990756132,,instructions,100174976,100.00,2.64,insn per cycle
376.986873242,375654948,,cycles,100174796,100.00,,
377.087046305,6826,,rD044,100172795,100.00,,
377.087046305,47294911,,rFF44,100173425,100.00,,
377.087046305,867178178,,instructions,100173585,100.00,2.31,insn per cycle
377.087046305,375649641,,cycles,100173805,100.00,,
377.187220568,9204,,rD044,100173646,100.00,,
377.187220568,45064263,,rFF44,100173436,100.00,,
377.187220568,1010280989,,instructions,100172886,100.00,2.69,insn per cycle
377.187220568,375646836,,cycles,100172806,100.00,,
377.287394702,6996,,rD044,100172195,100.00,,
377.287394702,47962370,,rFF44,100172315,100.00,,
377.287394702,844341759,,instructions,100172715,100.00,2.25,insn per cycle
377.287394702,375645340,,cycles,100172435,100.00,,
377.387568865,8574,,rD044,100174415,100.00,,
377.387568865,44864035,,rFF44,100174366,100.00,,
377.387568865,1041276838,,instructions,100174546,100.00,2.77,insn per cycle
377.387568865,375655420,,cycles,100175136,100.00,,
377.487748958,7512,,rD044,100179416,100.00,,
377.487748958,47773489,,rFF44,100179575,100.00,,
377.487748958,801942940,,instructions,100179615,100.00,2.13,insn per cycle
377.487748958,375671087,,cycles,100179355,100.00,,
377.587933242,8608,,rD044,100182836,100.00,,
377.587933242,45477072,,rFF44,100182626,100.00,,
377.587933242,1094713534,,instructions,100182136,100.00,2.91,insn per cycle
377.587933242,375678972,,cycles,100182186,100.00,,
377.688109295,9887,,rD044,100175525,100.00,,
377.688109295,47359050,,rFF44,100175965,100.00,,
377.688109295,786985125,,instructions,100176045,100.00,2.10,insn per cycle
377.688109295,375631085,,cycles,100176175,100.00,,
377.788286438,9617,,rD044,100165796,100.00,,
377.788286438,45585206,,rFF44,100164986,100.00,,
377.788286438,1081991184,,instructions,100165146,100.00,2.88,insn per cycle
377.788286438,375568970,,cycles,100164676,100.00,,
377.888460022,9523,,rD044,100161035,100.00,,
377.888460022,47298576,,rFF44,100161135,100.00,,
377.888460022,801329555,,instructions,100160865,100.00,2.13,insn per cycle
377.888460022,375550544,,cycles,100160575,100.00,,
377.988635515,9764,,rD044,100163296,100.00,,
377.988635515,44087572,,rFF44,100163996,100.00,,
377.988635515,1043564283,,instructions,100164406,100.00,2.78,insn per cycle
377.988635515,375570987,,cycles,100164936,100.00,,
378.088813278,9884,,rD044,100164855,100.00,,
378.088813278,46599764,,rFF44,100164785,100.00,,
378.088813278,823690751,,instructions,100164385,100.00,2.19,insn per cycle
378.088813278,375564615,,cycles,100164295,100.00,,
378.188987761,9784,,rD044,100163534,100.00,,
378.188987761,46411803,,rFF44,100163705,100.00,,
378.188987761,1032944625,,instructions,100164005,100.00,2.75,insn per cycle
378.188987761,375564835,,cycles,100163725,100.00,,
378.289165105,10085,,rD044,100165566,100.00,,
378.289165105,46095000,,rFF44,100165715,100.00,,
378.289165105,844877934,,instructions,100165385,100.00,2.25,insn per cycle
378.289165105,375570763,,cycles,100165325,100.00,,
378.389338038,9477,,rD044,100159865,100.00,,
378.389338038,46981556,,rFF44,100159156,100.00,,
378.389338038,1011193999,,instructions,100159506,100.00,2.69,insn per cycle
378.389338038,375547562,,cycles,100160156,100.00,,
378.489513131,10478,,rD044,100163246,100.00,,
378.489513131,45888079,,rFF44,100163075,100.00,,
378.489513131,867387298,,instructions,100162895,100.00,2.31,insn per cycle
378.489513131,375563450,,cycles,100162485,100.00,,
378.589688905,8083,,rD044,100163745,100.00,,
378.589688905,46740185,,rFF44,100163595,100.00,,
378.589688905,976508753,,instructions,100163686,100.00,2.60,insn per cycle
378.589688905,375585129,,cycles,100163826,100.00,,
378.689864848,10108,,rD044,100175016,100.00,,
378.689864848,46394168,,rFF44,100175076,100.00,,
378.689864848,904355817,,instructions,100175525,100.00,2.41,insn per cycle
378.689864848,375629557,,cycles,100174915,100.00,,
378.790039061,9530,,rD044,100173465,100.00,,
378.790039061,46845924,,rFF44,100173455,100.00,,
378.790039061,955896378,,instructions,100173845,100.00,2.54,insn per cycle
378.790039061,375618287,,cycles,100174416,100.00,,
378.890213944,10097,,rD044,100163286,100.00,,
378.890213944,46361818,,rFF44,100163596,100.00,,
378.890213944,923771496,,instructions,100162706,100.00,2.46,insn per cycle
378.890213944,375565533,,cycles,100163405,100.00,,
378.990389568,9581,,rD044,100162325,100.00,,
378.990389568,46311113,,rFF44,100162325,100.00,,
378.990389568,918864795,,instructions,100163115,100.00,2.45,insn per cycle
378.990389568,375562092,,cycles,100162816,100.00,,
379.090564511,10415,,rD044,100162886,100.00,,
379.090564511,46251532,,rFF44,100162896,100.00,,
379.090564511,960345400,,instructions,100162636,100.00,2.56,insn per cycle
379.090564511,375554521,,cycles,100162465,100.00,,
379.190747464,9195,,rD044,100158605,100.00,,
379.190747464,46485595,,rFF44,100158425,100.00,,
379.190747464,886277823,,instructions,100157835,100.00,2.36,insn per cycle
379.190747464,375530470,,cycles,100157396,100.00,,
379.290929128,9890,,rD044,100170436,100.00,,
379.290929128,46327097,,rFF44,100170526,100.00,,
379.290929128,995600291,,instructions,100170466,100.00,2.65,insn per cycle
379.290929128,375587731,,cycles,100170195,100.00,,
379.391102521,8571,,rD044,100161635,100.00,,
379.391102521,47181618,,rFF44,100161685,100.00,,
379.391102521,874533540,,instructions,100161555,100.00,2.33,insn per cycle
379.391102521,375557661,,cycles,100161996,100.00,,
379.491283594,11190,,rD044,100168696,100.00,,
379.491283594,45192391,,rFF44,100168576,100.00,,
379.491283594,1006196801,,instructions,100169006,100.00,2.68,insn per cycle
379.491283594,375583492,,cycles,100169085,100.00,,
379.591460518,8088,,rD044,100165565,100.00,,
379.591460518,48310182,,rFF44,100165795,100.00,,
379.591460518,863790909,,instructions,100166386,100.00,2.30,insn per cycle
379.591460518,375575341,,cycles,100166546,100.00,,
379.691638021,10561,,rD044,100166056,100.00,,
379.691638021,44943434,,rFF44,100165766,100.00,,
379.691638021,1027936419,,instructions,100164785,100.00,2.74,insn per cycle
379.691638021,375575510,,cycles,100164895,100.00,,
379.791813584,8523,,rD044,100174285,100.00,,
379.791813584,47948550,,rFF44,100174145,100.00,,
379.791813584,817789818,,instructions,100174806,100.00,2.18,insn per cycle
379.791813584,375637065,,cycles,100175066,100.00,,
379.891994548,9800,,rD044,100168606,100.00,,
379.891994548,45509189,,rFF44,100169566,100.00,,
379.891994548,1079983469,,instructions,100169485,100.00,2.88,insn per cycle
379.891994548,375586840,,cycles,100169435,100.00,,
379.992170081,9434,,rD044,100175545,100.00,,
379.992170081,47505059,,rFF44,100174856,100.00,,
379.992170081,790828136,,instructions,100174796,100.00,2.11,insn per cycle
379.992170081,375627505,,cycles,100174296,100.00,,
380.092343574,9621,,rD044,100161616,100.00,,
380.092343574,45616476,,rFF44,100161345,100.00,,
380.092343574,1090887165,,instructions,100160755,100.00,2.90,insn per cycle
380.092343574,375559054,,cycles,100160725,100.00,,
380.192516307,8141,,rD044,100160945,100.00,,
380.192516307,47376431,,rFF44,100161885,100.00,,
380.192516307,793480119,,instructions,100162465,100.00,2.11,insn per cycle
380.192516307,375590194,,cycles,100162776,100.00,,
380.292691621,9461,,rD044,100174176,100.00,,
380.292691621,45762084,,rFF44,100173176,100.00,,
380.292691621,1078922161,,instructions,100172956,100.00,2.87,insn per cycle
380.292691621,375620009,,cycles,100173125,100.00,,
380.392864094,9944,,rD044,100160825,100.00,,
380.392864094,46949580,,rFF44,100161385,100.00,,
380.392864094,802328147,,instructions,100161635,100.00,2.14,insn per cycle
380.392864094,375557614,,cycles,100161615,100.00,,
380.493039337,9596,,rD044,100163596,100.00,,
380.493039337,46159822,,rFF44,100163396,100.00,,
380.493039337,1056145542,,instructions,100162666,100.00,2.81,insn per cycle
380.493039337,375562412,,cycles,100162266,100.00,,
380.593218261,8648,,rD044,100166365,100.00,,
380.593218261,46790158,,rFF44,100166475,100.00,,
380.593218261,823892369,,instructions,100166425,100.00,2.19,insn per cycle
380.593218261,375593470,,cycles,100166415,100.00,,
380.693393644,9391,,rD044,100174876,100.00,,
380.693393644,46354671,,rFF44,100174766,100.00,,
380.693393644,1036645488,,instructions,100175526,100.00,2.76,insn per cycle
380.693393644,375628225,,cycles,100176146,100.00,,
380.793568837,10282,,rD044,100163625,100.00,,
380.793568837,46161731,,rFF44,100163475,100.00,,
380.793568837,841898995,,instructions,100162885,100.00,2.24,insn per cycle
380.793568837,375556366,,cycles,100162115,100.00,,
380.893743891,9383,,rD044,100174216,100.00,,
380.893743891,46893152,,rFF44,100174366,100.00,,
380.893743891,1013607489,,instructions,100174586,100.00,2.70,insn per cycle
380.893743891,375625482,,cycles,100174586,100.00,,
380.993926544,10419,,rD044,100171185,100.00,,
380.993926544,45891075,,rFF44,100170705,100.00,,
380.993926544,864856880,,instructions,100171075,100.00,2.30,insn per cycle
380.993926544,375594422,,cycles,100171775,100.00,,
381.094102397,9578,,rD044,100163716,100.00,,
381.094102397,46772162,,rFF44,100164346,100.00,,
381.094102397,979659561,,instructions,100164366,100.00,2.61,insn per cycle
381.094102397,375567256,,cycles,100164016,100.00,,
381.194279180,20675,,rD044,100164595,100.00,,
381.194279180,40809287,,rFF44,100164455,100.00,,
381.194279180,839580270,,instructions,100164385,100.00,2.24,insn per cycle
381.194279180,375562772,,cycles,100163695,100.00,,
381.294454044,9398,,rD044,100163416,100.00,,
381.294454044,46671103,,rFF44,100163636,100.00,,
381.294454044,904678112,,instructions,100163276,100.00,2.41,insn per cycle
381.294454044,375571166,,cycles,100164016,100.00,,
381.394631247,9293,,rD044,100164375,100.00,,
381.394631247,46079692,,rFF44,100164085,100.00,,
381.394631247,972593894,,instructions,100164405,100.00,2.59,insn per cycle
381.394631247,375579400,,cycles,100164375,100.00,,
381.494812740,8963,,rD044,100168836,100.00,,
381.494812740,46739638,,rFF44,100168766,100.00,,
381.494812740,880483270,,instructions,100168766,100.00,2.34,insn per cycle
381.494812740,375585169,,cycles,100168756,100.00,,
381.594990774,10812,,rD044,100166925,100.00,,
381.594990774,45059347,,rFF44,100167585,100.00,,
381.594990774,992228136,,instructions,100167485,100.00,2.64,insn per cycle
381.594990774,375579777,,cycles,100167516,100.00,,
381.695168757,7767,,rD044,100155396,100.00,,
381.695168757,48186697,,rFF44,100154786,100.00,,
381.695168757,872319459,,instructions,100155326,100.00,2.32,insn per cycle
381.695168757,375513095,,cycles,100155055,100.00,,
381.795345400,10404,,rD044,100164335,100.00,,
381.795345400,44839460,,rFF44,100164285,100.00,,
381.795345400,1016506810,,instructions,100163445,100.00,2.71,insn per cycle
381.795345400,375570770,,cycles,100163265,100.00,,
381.895520984,9049,,rD044,100164216,100.00,,
381.895520984,47718066,,rFF44,100164506,100.00,,
381.895520984,821263964,,instructions,100164706,100.00,2.19,insn per cycle
381.895520984,375569095,,cycles,100165106,100.00,,
381.995694507,9806,,rD044,100173075,100.00,,
381.995694507,45183929,,rFF44,100172915,100.00,,
381.995694507,1063396800,,instructions,100173265,100.00,2.83,insn per cycle
381.995694507,375619949,,cycles,100173225,100.00,,
382.095868170,9428,,rD044,100161676,100.00,,
382.095868170,47615328,,rFF44,100161406,100.00,,
382.095868170,795813607,,instructions,100161036,100.00,2.12,insn per cycle
382.095868170,375554088,,cycles,100161736,100.00,,
382.196048324,17991,,rD044,100168065,100.00,,
382.196048324,39338165,,rFF44,100168455,100.00,,
382.196048324,990243923,,instructions,100168575,100.00,2.64,insn per cycle
382.196048324,375580769,,cycles,100168425,100.00,,
382.296225117,9812,,rD044,100165156,100.00,,
382.296225117,46662779,,rFF44,100165096,100.00,,
382.296225117,815974886,,instructions,100164826,100.00,2.17,insn per cycle
382.296225117,375564022,,cycles,100164236,100.00,,
382.396399030,8957,,rD044,100162385,100.00,,
382.396399030,46162913,,rFF44,100162065,100.00,,
382.396399030,1037701850,,instructions,100162275,100.00,2.76,insn per cycle
382.396399030,375568910,,cycles,100162125,100.00,,
382.496572103,8432,,rD044,100160536,100.00,,
382.496572103,46205270,,rFF44,100160476,100.00,,
382.496572103,836335959,,instructions,100160416,100.00,2.23,insn per cycle
382.496572103,375579727,,cycles,100160616,100.00,,
382.596745557,4958,,rD044,95896920,100.00,,
382.596745557,19423397,,rFF44,95899240,100.00,,
382.596745557,646381729,,instructions,95900530,100.00,1.80,insn per cycle
382.596745557,359559314,,cycles,95901420,100.00,,
382.696933030,2884,,rD044,100187406,100.00,,
382.696933030,3271272,,rFF44,100187056,100.00,,
382.696933030,579557012,,instructions,100185996,100.00,1.54,insn per cycle
382.696933030,375657508,,cycles,100185696,100.00,,
382.797110073,6144,,rD044,100162975,100.00,,
382.797110073,4375793,,rFF44,100161275,100.00,,
382.797110073,529662806,,instructions,100161355,100.00,1.41,insn per cycle
382.797110073,375569738,,cycles,100161715,100.00,,
382.897284387,5342,,rD044,100164576,100.00,,
382.897284387,4389029,,rFF44,100164476,100.00,,
382.897284387,532161318,,instructions,100164676,100.00,1.42,insn per cycle
382.897284387,375572631,,cycles,100164026,100.00,,
382.997457580,6429,,rD044,100172045,100.00,,
382.997457580,4206162,,rFF44,100171925,100.00,,
382.997457580,466058904,,instructions,100171895,100.00,1.24,insn per cycle
382.997457580,375617446,,cycles,100172495,100.00,,
383.097630643,4486,,rD044,100165556,100.00,,
383.097630643,4576256,,rFF44,100167966,100.00,,
383.097630643,484906529,,instructions,100167936,100.00,1.29,insn per cycle
383.097630643,375582922,,cycles,100168426,100.00,,
383.197816317,4031,,rD044,100153485,100.00,,
383.197816317,4536886,,rFF44,100151405,100.00,,
383.197816317,492833904,,instructions,100150945,100.00,1.31,insn per cycle
383.197816317,375512594,,cycles,100149535,100.00,,
383.297992390,3318,,rD044,100166966,100.00,,
383.297992390,4967332,,rFF44,100170236,100.00,,
383.297992390,513517225,,instructions,100173096,100.00,1.37,insn per cycle
383.297992390,375636012,,cycles,100174736,100.00,,
383.398175073,3569,,rD044,100182455,100.00,,
383.398175073,4817675,,rFF44,100179895,100.00,,
383.398175073,511509366,,instructions,100178665,100.00,1.36,insn per cycle
383.398175073,375647161,,cycles,100178746,100.00,,
383.498353817,3675,,rD044,100168266,100.00,,
383.498353817,4459676,,rFF44,100167826,100.00,,
383.498353817,502406394,,instructions,100167326,100.00,1.34,insn per cycle
383.498353817,375565917,,cycles,100165265,100.00,,
383.598536340,3613,,rD044,100173215,100.00,,
383.598536340,4512933,,rFF44,100173395,100.00,,
383.598536340,512662777,,instructions,100174056,100.00,1.36,insn per cycle
383.598536340,375605881,,cycles,100176026,100.00,,
383.698716563,3577,,rD044,100168495,100.00,,
383.698716563,4502377,,rFF44,100167555,100.00,,
383.698716563,528785679,,instructions,100166064,100.00,1.41,insn per cycle
383.698716563,375558946,,cycles,100164224,100.00,,
383.798889337,4133,,rD044,100162535,100.00,,
383.798889337,4507761,,rFF44,100163075,100.00,,
383.798889337,518889251,,instructions,100162605,100.00,1.38,insn per cycle
383.798889337,375557517,,cycles,100163046,100.00,,
383.899061470,2900,,rD044,100163236,100.00,,
383.899061470,4538885,,rFF44,100164586,100.00,,
383.899061470,517092759,,instructions,100167056,100.00,1.38,insn per cycle
383.899061470,375581363,,cycles,100169045,100.00,,
383.999241383,3369,,rD044,100168245,100.00,,
383.999241383,4010494,,rFF44,100166635,100.00,,
383.999241383,494053003,,instructions,100165065,100.00,1.32,insn per cycle
383.999241383,375557233,,cycles,100163066,100.00,,
384.099418016,2813,,rD044,100176726,100.00,,
384.099418016,4231877,,rFF44,100177546,100.00,,
384.099418016,418886378,,instructions,100178346,100.00,1.12,insn per cycle
384.099418016,375637027,,cycles,100179315,100.00,,
384.199594710,1267,,rD044,100165405,100.00,,
384.199594710,3347660,,rFF44,100164875,100.00,,
384.199594710,540641244,,instructions,100164365,100.00,1.44,insn per cycle
384.199594710,375564616,,cycles,100164286,100.00,,
384.224892141,28137,,rD044,23413843,100.00,,
384.224892141,698152,,rFF44,23408033,100.00,,
384.224892141,126288283,,instructions,23402793,100.00,1.44,insn per cycle
384.224892141,87701538,,cycles,23397262,100.00,,
