0.100129086,137508,,rD044,95081538,100.00,,
0.100129086,932882,,rFF44,95087118,100.00,,
0.100129086,1447286460,,instructions,95091898,100.00,4.10,insn per cycle
0.100129086,352754189,,cycles,95096428,100.00,,
0.200430564,105471,,rD044,100296235,100.00,,
0.200430564,724903,,rFF44,100296595,100.00,,
0.200430564,1665468952,,instructions,100297215,100.00,4.43,insn per cycle
0.200430564,376113241,,cycles,100297325,100.00,,
0.300644331,109586,,rD044,100212675,100.00,,
0.300644331,703233,,rFF44,100213525,100.00,,
0.300644331,1664869705,,instructions,100212595,100.00,4.43,insn per cycle
0.300644331,375795560,,cycles,100212795,100.00,,
0.400857848,111034,,rD044,100212165,100.00,,
0.400857848,713081,,rFF44,100211435,100.00,,
0.400857848,1661165992,,instructions,100211925,100.00,4.42,insn per cycle
0.400857848,375794374,,cycles,100212315,100.00,,
0.501060454,103932,,rD044,100201715,100.00,,
0.501060454,684874,,rFF44,100201445,100.00,,
0.501060454,1656638100,,instructions,100200965,100.00,4.41,insn per cycle
0.501060454,375749475,,cycles,100200385,100.00,,
0.601255471,114152,,rD044,100172445,100.00,,
0.601255471,701289,,rFF44,100172255,100.00,,
0.601255471,1653390527,,instructions,100172225,100.00,4.40,insn per cycle
0.601255471,375609318,,cycles,100172215,100.00,,
0.701465338,112224,,rD044,100208674,100.00,,
0.701465338,727235,,rFF44,100209384,100.00,,
0.701465338,1660028929,,instructions,100210014,100.00,4.42,insn per cycle
0.701465338,375785436,,cycles,100209934,100.00,,
0.801680495,104945,,rD044,100215015,100.00,,
0.801680495,727134,,rFF44,100214705,100.00,,
0.801680495,1655584924,,instructions,100214665,100.00,4.41,insn per cycle
0.801680495,375803630,,cycles,100214795,100.00,,
0.901892302,117339,,rD044,100210595,100.00,,
0.901892302,711082,,rFF44,100210725,100.00,,
0.901892302,1663158655,,instructions,100210245,100.00,4.43,insn per cycle
0.901892302,375787423,,cycles,100210385,100.00,,
1.002102568,111196,,rD044,100209765,100.00,,
1.002102568,737508,,rFF44,100209865,100.00,,
1.002102568,1666274509,,instructions,100209455,100.00,4.43,insn per cycle
1.002102568,375781069,,cycles,100208565,100.00,,
1.102314545,75551,,rD044,100210895,100.00,,
1.102314545,683787,,rFF44,100210585,100.00,,
1.102314545,1659741357,,instructions,100210375,100.00,4.42,insn per cycle
1.102314545,375786888,,cycles,100210385,100.00,,
1.202545662,115609,,rD044,100230274,100.00,,
1.202545662,711942,,rFF44,100230304,100.00,,
1.202545662,1656821934,,instructions,100230794,100.00,4.41,insn per cycle
1.202545662,375868105,,cycles,100232185,100.00,,
1.302759559,107039,,rD044,100213425,100.00,,
1.302759559,738714,,rFF44,100213365,100.00,,
1.302759559,1660063897,,instructions,100213915,100.00,4.42,insn per cycle
1.302759559,375796293,,cycles,100212834,100.00,,
1.402969856,110900,,rD044,100209705,100.00,,
1.402969856,710650,,rFF44,100209535,100.00,,
1.402969856,1648547194,,instructions,100208665,100.00,4.39,insn per cycle
1.402969856,375780468,,cycles,100208615,100.00,,
1.503170403,115466,,rD044,100199765,100.00,,
1.503170403,717055,,rFF44,100199865,100.00,,
1.503170403,1640715137,,instructions,100200495,100.00,4.37,insn per cycle
1.503170403,375749474,,cycles,100200185,100.00,,
1.603419440,104202,,rD044,100248025,100.00,,
1.603419440,699596,,rFF44,100248465,100.00,,
1.603419440,1655611787,,instructions,100247875,100.00,4.40,insn per cycle
1.603419440,375928297,,cycles,100247935,100.00,,
1.703629377,117425,,rD044,100195555,100.00,,
1.703629377,711913,,rFF44,100195635,100.00,,
1.703629377,1648890260,,instructions,100195425,100.00,4.39,insn per cycle
1.703629377,375713702,,cycles,100196275,100.00,,
1.803839114,107178,,rD044,100209444,100.00,,
1.803839114,729212,,rFF44,100209184,100.00,,
1.803839114,1657873859,,instructions,100209724,100.00,4.41,insn per cycle
1.803839114,375782037,,cycles,100209144,100.00,,
1.904047880,99065,,rD044,100207935,100.00,,
1.904047880,728352,,rFF44,100207645,100.00,,
1.904047880,1640487092,,instructions,100207605,100.00,4.37,insn per cycle
1.904047880,375776755,,cycles,100207685,100.00,,
2.004258857,114163,,rD044,100210545,100.00,,
2.004258857,709100,,rFF44,100210835,100.00,,
2.004258857,1648888273,,instructions,100211995,100.00,4.39,insn per cycle
2.004258857,375796611,,cycles,100212915,100.00,,
2.104525415,71650,,rD044,100265055,100.00,,
2.104525415,703944,,rFF44,100264865,100.00,,
2.104525415,1655747243,,instructions,100263865,100.00,4.40,insn per cycle
2.104525415,375984282,,cycles,100262695,100.00,,
2.204733952,103529,,rD044,100208175,100.00,,
2.204733952,710659,,rFF44,100208255,100.00,,
2.204733952,1663311317,,instructions,100207725,100.00,4.43,insn per cycle
2.204733952,375778562,,cycles,100208385,100.00,,
2.304944188,111783,,rD044,100209435,100.00,,
2.304944188,711386,,rFF44,100209875,100.00,,
2.304944188,1658142641,,instructions,100210155,100.00,4.41,insn per cycle
2.304944188,375781197,,cycles,100209625,100.00,,
2.405154345,99168,,rD044,100209954,100.00,,
2.405154345,735999,,rFF44,100208844,100.00,,
2.405154345,1645555518,,instructions,100210004,100.00,4.38,insn per cycle
2.405154345,375787736,,cycles,100210474,100.00,,
2.505357752,106690,,rD044,100201655,100.00,,
2.505357752,707731,,rFF44,100201895,100.00,,
2.505357752,1650578997,,instructions,100200615,100.00,4.39,insn per cycle
2.505357752,375806674,,cycles,100215595,100.00,,
2.605578599,111235,,rD044,100193685,100.00,,
2.605578599,688000,,rFF44,100193665,100.00,,
2.605578599,1663805131,,instructions,100194035,100.00,4.43,insn per cycle
2.605578599,375649041,,cycles,100179235,100.00,,
2.705786486,97890,,rD044,100207195,100.00,,
2.705786486,726739,,rFF44,100207755,100.00,,
2.705786486,1657049771,,instructions,100207385,100.00,4.41,insn per cycle
2.705786486,375775285,,cycles,100207245,100.00,,
2.805989542,108859,,rD044,100202515,100.00,,
2.805989542,708859,,rFF44,100202295,100.00,,
2.805989542,1662466649,,instructions,100202225,100.00,4.42,insn per cycle
2.805989542,375759109,,cycles,100202855,100.00,,
2.906200299,105664,,rD044,100210144,100.00,,
2.906200299,728238,,rFF44,100209924,100.00,,
2.906200299,1673367997,,instructions,100210454,100.00,4.45,insn per cycle
2.906200299,375786917,,cycles,100210384,100.00,,
3.006417926,101184,,rD044,100216775,100.00,,
3.006417926,723301,,rFF44,100217175,100.00,,
3.006417926,1679002301,,instructions,100216885,100.00,4.47,insn per cycle
3.006417926,375789980,,cycles,100215765,100.00,,
3.106628513,110727,,rD044,100209675,100.00,,
3.106628513,712536,,rFF44,100209725,100.00,,
3.106628513,1683784752,,instructions,100210195,100.00,4.48,insn per cycle
3.106628513,375787628,,cycles,100210595,100.00,,
3.206837750,71175,,rD044,100208665,100.00,,
3.206837750,708970,,rFF44,100208585,100.00,,
3.206837750,1693125771,,instructions,100208625,100.00,4.51,insn per cycle
3.206837750,375781126,,cycles,100208795,100.00,,
3.307050187,104571,,rD044,100211415,100.00,,
3.307050187,715023,,rFF44,100210735,100.00,,
3.307050187,1692869436,,instructions,100210795,100.00,4.50,insn per cycle
3.307050187,375787821,,cycles,100210515,100.00,,
3.407260413,111039,,rD044,100209694,100.00,,
3.407260413,721616,,rFF44,100210434,100.00,,
3.407260413,1695887996,,instructions,100209944,100.00,4.51,insn per cycle
3.407260413,375784863,,cycles,100209844,100.00,,
3.507460960,99207,,rD044,100199005,100.00,,
3.507460960,739885,,rFF44,100198075,100.00,,
3.507460960,1696320149,,instructions,100197845,100.00,4.51,insn per cycle
3.507460960,375740447,,cycles,100197885,100.00,,
3.607667187,107367,,rD044,100191845,100.00,,
3.607667187,718933,,rFF44,100191905,100.00,,
3.607667187,1693757635,,instructions,100192795,100.00,4.51,insn per cycle
3.607667187,375702560,,cycles,100193305,100.00,,
3.707877464,109907,,rD044,100209545,100.00,,
3.707877464,735660,,rFF44,100209935,100.00,,
3.707877464,1693356324,,instructions,100208845,100.00,4.51,insn per cycle
3.707877464,375779619,,cycles,100208395,100.00,,
3.808086241,99672,,rD044,100208374,100.00,,
3.808086241,732848,,rFF44,100208515,100.00,,
3.808086241,1695429994,,instructions,100208575,100.00,4.51,insn per cycle
3.808086241,375778726,,cycles,100208095,100.00,,
3.908295327,109136,,rD044,100208025,100.00,,
3.908295327,683496,,rFF44,100207964,100.00,,
3.908295327,1697084358,,instructions,100208334,100.00,4.52,insn per cycle
3.908295327,375779903,,cycles,100208464,100.00,,
4.008580355,103610,,rD044,100271335,100.00,,
4.008580355,741451,,rFF44,100272025,100.00,,
4.008580355,1691983044,,instructions,100271555,100.00,4.50,insn per cycle
4.008580355,375998698,,cycles,100271666,100.00,,
4.108787902,101962,,rD044,100207125,100.00,,
4.108787902,726014,,rFF44,100206295,100.00,,
4.108787902,1686827380,,instructions,100207225,100.00,4.49,insn per cycle
4.108787902,375775194,,cycles,100207194,100.00,,
4.208996989,110782,,rD044,100208585,100.00,,
4.208996989,715697,,rFF44,100208795,100.00,,
4.208996989,1690172036,,instructions,100208515,100.00,4.50,insn per cycle
4.208996989,375780736,,cycles,100208685,100.00,,
4.309208726,99850,,rD044,100210675,100.00,,
4.309208726,745450,,rFF44,100210635,100.00,,
4.309208726,1694793361,,instructions,100211315,100.00,4.51,insn per cycle
4.309208726,375791030,,cycles,100211355,100.00,,
4.409421393,104910,,rD044,100211635,100.00,,
4.409421393,722948,,rFF44,100211575,100.00,,
4.409421393,1689877010,,instructions,100210655,100.00,4.50,insn per cycle
4.409421393,375789511,,cycles,100211095,100.00,,
4.509625059,81086,,rD044,100202954,100.00,,
4.509625059,690098,,rFF44,100203824,100.00,,
4.509625059,1696067340,,instructions,100204904,100.00,4.51,insn per cycle
4.509625059,375765161,,cycles,100204534,100.00,,
4.609836026,95352,,rD044,100194445,100.00,,
4.609836026,741330,,rFF44,100193295,100.00,,
4.609836026,1691091764,,instructions,100192495,100.00,4.50,insn per cycle
4.609836026,375697334,,cycles,100192455,100.00,,
4.710044083,105260,,rD044,100197915,100.00,,
4.710044083,719337,,rFF44,100198485,100.00,,
4.710044083,1694962735,,instructions,100198615,100.00,4.51,insn per cycle
4.710044083,375733653,,cycles,100198925,100.00,,
4.810259650,104756,,rD044,100215275,100.00,,
4.810259650,727417,,rFF44,100215245,100.00,,
4.810259650,1694565585,,instructions,100215785,100.00,4.51,insn per cycle
4.810259650,375805357,,cycles,100215035,100.00,,
4.910473547,96981,,rD044,100212685,100.00,,
4.910473547,732230,,rFF44,100212535,100.00,,
4.910473547,1698837296,,instructions,100211345,100.00,4.52,insn per cycle
4.910473547,375794601,,cycles,100212665,100.00,,
5.010687954,105929,,rD044,100213914,100.00,,
5.010687954,717775,,rFF44,100214094,100.00,,
5.010687954,1697692557,,instructions,100214634,100.00,4.52,insn per cycle
5.010687954,375800928,,cycles,100213974,100.00,,
5.110900130,99336,,rD044,100211015,100.00,,
5.110900130,710415,,rFF44,100211625,100.00,,
5.110900130,1699533932,,instructions,100212365,100.00,4.52,insn per cycle
5.110900130,375793020,,cycles,100212025,100.00,,
5.211110167,99245,,rD044,100209665,100.00,,
5.211110167,726626,,rFF44,100208535,100.00,,
5.211110167,1697559487,,instructions,100207445,100.00,4.52,insn per cycle
5.211110167,375776725,,cycles,100207575,100.00,,
5.311321004,108289,,rD044,100209945,100.00,,
5.311321004,713440,,rFF44,100210445,100.00,,
5.311321004,1697878018,,instructions,100210515,100.00,4.52,insn per cycle
5.311321004,375787399,,cycles,100210375,100.00,,
5.411567811,96216,,rD044,100246075,100.00,,
5.411567811,742636,,rFF44,100245665,100.00,,
5.411567811,1697919218,,instructions,100245295,100.00,4.52,insn per cycle
5.411567811,375919295,,cycles,100245685,100.00,,
5.511786458,101944,,rD044,100218285,100.00,,
5.511786458,717298,,rFF44,100218685,100.00,,
5.511786458,1698634567,,instructions,100218805,100.00,4.52,insn per cycle
5.511786458,375819630,,cycles,100219135,100.00,,
5.611997905,104613,,rD044,100195914,100.00,,
5.611997905,726089,,rFF44,100195614,100.00,,
5.611997905,1697168129,,instructions,100196074,100.00,4.52,insn per cycle
5.611997905,375713123,,cycles,100196015,100.00,,
5.712205702,65701,,rD044,100207545,100.00,,
5.712205702,705805,,rFF44,100207345,100.00,,
5.712205702,1703415208,,instructions,100206685,100.00,4.53,insn per cycle
5.712205702,375769808,,cycles,100205704,100.00,,
5.812413038,108524,,rD044,100206025,100.00,,
5.812413038,719740,,rFF44,100206875,100.00,,
5.812413038,1698307701,,instructions,100207345,100.00,4.52,insn per cycle
5.812413038,375776414,,cycles,100207585,100.00,,
5.912651696,102543,,rD044,100237955,100.00,,
5.912651696,735909,,rFF44,100237115,100.00,,
5.912651696,1699949084,,instructions,100236705,100.00,4.52,insn per cycle
5.912651696,375887124,,cycles,100236785,100.00,,
6.012860603,96289,,rD044,100208445,100.00,,
6.012860603,727709,,rFF44,100209005,100.00,,
6.012860603,1699818241,,instructions,100208985,100.00,4.52,insn per cycle
6.012860603,375781237,,cycles,100209025,100.00,,
6.113071019,110224,,rD044,100209395,100.00,,
6.113071019,713036,,rFF44,100209665,100.00,,
6.113071019,1698069709,,instructions,100209435,100.00,4.52,insn per cycle
6.113071019,375785686,,cycles,100209995,100.00,,
6.213280496,103583,,rD044,100208914,100.00,,
6.213280496,752846,,rFF44,100208994,100.00,,
6.213280496,1705291624,,instructions,100209174,100.00,4.54,insn per cycle
6.213280496,375786632,,cycles,100210264,100.00,,
6.313492253,101155,,rD044,100210945,100.00,,
6.313492253,697683,,rFF44,100210775,100.00,,
6.313492253,1706455976,,instructions,100211055,100.00,4.54,insn per cycle
6.313492253,375782437,,cycles,100209135,100.00,,
6.413704080,108594,,rD044,100210845,100.00,,
6.413704080,732187,,rFF44,100210425,100.00,,
6.413704080,1702015768,,instructions,100211505,100.00,4.53,insn per cycle
6.413704080,375793656,,cycles,100212185,100.00,,
6.513922397,98764,,rD044,100217905,100.00,,
6.513922397,753671,,rFF44,100218015,100.00,,
6.513922397,1703707551,,instructions,100217625,100.00,4.53,insn per cycle
6.513922397,375811283,,cycles,100216685,100.00,,
6.614133944,107109,,rD044,100197525,100.00,,
6.614133944,729436,,rFF44,100197345,100.00,,
6.614133944,1701679356,,instructions,100197305,100.00,4.53,insn per cycle
6.614133944,375722028,,cycles,100198565,100.00,,
6.714346300,70675,,rD044,100211224,100.00,,
6.714346300,716859,,rFF44,100211404,100.00,,
6.714346300,1708394760,,instructions,100211134,100.00,4.55,insn per cycle
6.714346300,375788389,,cycles,100210724,100.00,,
6.814592108,101001,,rD044,100245145,100.00,,
6.814592108,744007,,rFF44,100245485,100.00,,
6.814592108,1702588323,,instructions,100245615,100.00,4.53,insn per cycle
6.814592108,375917548,,cycles,100245075,100.00,,
6.914802065,112015,,rD044,100209595,100.00,,
6.914802065,735321,,rFF44,100209185,100.00,,
6.914802065,1701786726,,instructions,100208805,100.00,4.53,insn per cycle
6.914802065,375782760,,cycles,100209305,100.00,,
7.015011581,96704,,rD044,100208755,100.00,,
7.015011581,756794,,rFF44,100209215,100.00,,
7.015011581,1702875470,,instructions,100209015,100.00,4.53,insn per cycle
7.015011581,375781626,,cycles,100208925,100.00,,
7.115223568,106587,,rD044,100211075,100.00,,
7.115223568,731885,,rFF44,100210745,100.00,,
7.115223568,1701620536,,instructions,100211305,100.00,4.53,insn per cycle
7.115223568,375792192,,cycles,100211545,100.00,,
7.215435465,107822,,rD044,100211045,100.00,,
7.215435465,709887,,rFF44,100211125,100.00,,
7.215435465,1705937199,,instructions,100210965,100.00,4.54,insn per cycle
7.215435465,375788657,,cycles,100210985,100.00,,
7.315644682,94452,,rD044,100209104,100.00,,
7.315644682,746247,,rFF44,100209014,100.00,,
7.315644682,1703083332,,instructions,100208274,100.00,4.53,insn per cycle
7.315644682,375779451,,cycles,100208504,100.00,,
7.415854549,107630,,rD044,100208565,100.00,,
7.415854549,729292,,rFF44,100209055,100.00,,
7.415854549,1701495131,,instructions,100209785,100.00,4.53,insn per cycle
7.415854549,375783576,,cycles,100209275,100.00,,
7.516074156,96561,,rD044,100218825,100.00,,
7.516074156,755086,,rFF44,100217885,100.00,,
7.516074156,1702764650,,instructions,100217595,100.00,4.53,insn per cycle
7.516074156,375813654,,cycles,100217465,100.00,,
7.616284722,70539,,rD044,100197905,100.00,,
7.616284722,699480,,rFF44,100198705,100.00,,
7.616284722,1705224461,,instructions,100198935,100.00,4.54,insn per cycle
7.616284722,375726072,,cycles,100199355,100.00,,
7.716494049,109208,,rD044,100208815,100.00,,
7.716494049,731842,,rFF44,100208565,100.00,,
7.716494049,1703442020,,instructions,100208735,100.00,4.53,insn per cycle
7.716494049,375778544,,cycles,100208005,100.00,,
7.816703316,94071,,rD044,100208424,100.00,,
7.816703316,753472,,rFF44,100207974,100.00,,
7.816703316,1703326898,,instructions,100208474,100.00,4.53,insn per cycle
7.816703316,375781705,,cycles,100208964,100.00,,
7.916941573,107269,,rD044,100237055,100.00,,
7.916941573,728498,,rFF44,100237645,100.00,,
7.916941573,1703302321,,instructions,100236865,100.00,4.53,insn per cycle
7.916941573,375887024,,cycles,100237095,100.00,,
8.017140030,100039,,rD044,100198255,100.00,,
8.017140030,745490,,rFF44,100198085,100.00,,
8.017140030,1693356901,,instructions,100197645,100.00,4.51,insn per cycle
8.017140030,375739387,,cycles,100197585,100.00,,
8.118568452,99523,,rD044,101427301,100.00,,
8.118568452,716526,,rFF44,101427741,100.00,,
8.118568452,1723651794,,instructions,101428041,100.00,4.53,insn per cycle
8.118568452,380343730,,cycles,101427141,100.00,,
8.218776979,109552,,rD044,100207794,100.00,,
8.218776979,728278,,rFF44,100207065,100.00,,
8.218776979,1703884494,,instructions,100207295,100.00,4.53,insn per cycle
8.218776979,375778794,,cycles,100208245,100.00,,
8.318991365,95694,,rD044,100213955,100.00,,
8.318991365,753162,,rFF44,100214064,100.00,,
8.318991365,1702569860,,instructions,100214624,100.00,4.53,insn per cycle
8.318991365,375801533,,cycles,100214224,100.00,,
8.419202502,102553,,rD044,100209885,100.00,,
8.419202502,733189,,rFF44,100209885,100.00,,
8.419202502,1693862185,,instructions,100209205,100.00,4.51,insn per cycle
8.419202502,375784822,,cycles,100209575,100.00,,
8.519425359,76042,,rD044,100221665,100.00,,
8.519425359,709315,,rFF44,100222755,100.00,,
8.519425359,1692767340,,instructions,100223275,100.00,4.50,insn per cycle
8.519425359,375839048,,cycles,100223895,100.00,,
8.619637416,94050,,rD044,100187335,100.00,,
8.619637416,747000,,rFF44,100186625,100.00,,
8.619637416,1688956373,,instructions,100187275,100.00,4.50,insn per cycle
8.619637416,375665327,,cycles,100187165,100.00,,
8.719849603,106026,,rD044,100210725,100.00,,
8.719849603,724499,,rFF44,100210955,100.00,,
8.719849603,1667908801,,instructions,100210485,100.00,4.44,insn per cycle
8.719849603,375784420,,cycles,100209665,100.00,,
8.820061800,99211,,rD044,100211794,100.00,,
8.820061800,752451,,rFF44,100211124,100.00,,
8.820061800,1669145676,,instructions,100211014,100.00,4.44,insn per cycle
8.820061800,375791172,,cycles,100211274,100.00,,
8.920273107,98221,,rD044,100210585,100.00,,
8.920273107,735508,,rFF44,100210615,100.00,,
8.920273107,1676928757,,instructions,100210335,100.00,4.46,insn per cycle
8.920273107,375790577,,cycles,100211305,100.00,,
9.020487223,104267,,rD044,100213285,100.00,,
9.020487223,730589,,rFF44,100213315,100.00,,
9.020487223,1666786636,,instructions,100213365,100.00,4.44,insn per cycle
9.020487223,375794572,,cycles,100212565,100.00,,
9.120699620,94765,,rD044,100200085,100.00,,
9.120699620,718159,,rFF44,100199505,100.00,,
9.120699620,1665336870,,instructions,100199495,100.00,4.43,insn per cycle
9.120699620,375724795,,cycles,100198875,100.00,,
9.220906607,108858,,rD044,100206235,100.00,,
9.220906607,722600,,rFF44,100206885,100.00,,
9.220906607,1658563705,,instructions,100207305,100.00,4.41,insn per cycle
9.220906607,375775465,,cycles,100207295,100.00,,
9.321115454,101222,,rD044,100208294,100.00,,
9.321115454,734623,,rFF44,100207954,100.00,,
9.321115454,1641279461,,instructions,100208074,100.00,4.37,insn per cycle
9.321115454,375779261,,cycles,100208294,100.00,,
9.421326321,95592,,rD044,100210135,100.00,,
9.421326321,734926,,rFF44,100210285,100.00,,
9.421326321,1647304167,,instructions,100209155,100.00,4.38,insn per cycle
9.421326321,375783213,,cycles,100209325,100.00,,
9.521576488,79622,,rD044,100248965,100.00,,
9.521576488,687190,,rFF44,100249235,100.00,,
9.521576488,1660893970,,instructions,100249595,100.00,4.42,insn per cycle
9.521576488,375934966,,cycles,100249875,100.00,,
9.621787995,89572,,rD044,100198925,100.00,,
9.621787995,747203,,rFF44,100198625,100.00,,
9.621787995,1656040086,,instructions,100198775,100.00,4.41,insn per cycle
9.621787995,375720090,,cycles,100197965,100.00,,
9.721998292,101633,,rD044,100209595,100.00,,
9.721998292,719513,,rFF44,100210345,100.00,,
9.721998292,1647707130,,instructions,100210335,100.00,4.38,insn per cycle
9.721998292,375787209,,cycles,100210365,100.00,,
9.822240289,105259,,rD044,100241025,100.00,,
9.822240289,723753,,rFF44,100240865,100.00,,
9.822240289,1645936843,,instructions,100240655,100.00,4.38,insn per cycle
9.822240289,375903909,,cycles,100241525,100.00,,
9.922448936,94010,,rD044,100207784,100.00,,
9.922448936,740999,,rFF44,100207235,100.00,,
9.922448936,1646496448,,instructions,100207365,100.00,4.38,insn per cycle
9.922448936,375774050,,cycles,100206945,100.00,,
10.022659663,107414,,rD044,100209675,100.00,,
10.022659663,688114,,rFF44,100210284,100.00,,
10.022659663,1657687714,,instructions,100209884,100.00,4.41,insn per cycle
10.022659663,375784980,,cycles,100209824,100.00,,
10.122876450,99549,,rD044,100216695,100.00,,
10.122876450,738545,,rFF44,100217075,100.00,,
10.122876450,1648276661,,instructions,100217915,100.00,4.39,insn per cycle
10.122876450,375815493,,cycles,100217955,100.00,,
10.223087886,94762,,rD044,100210615,100.00,,
10.223087886,729605,,rFF44,100210195,100.00,,
10.223087886,1647471177,,instructions,100210145,100.00,4.38,insn per cycle
10.223087886,375784588,,cycles,100209645,100.00,,
10.323298723,108997,,rD044,100209745,100.00,,
10.323298723,719340,,rFF44,100209575,100.00,,
10.323298723,1650052030,,instructions,100208875,100.00,4.39,insn per cycle
10.323298723,375784108,,cycles,100209575,100.00,,
10.423525860,65004,,rD044,100226455,100.00,,
10.423525860,711563,,rFF44,100226655,100.00,,
10.423525860,1653598338,,instructions,100227085,100.00,4.40,insn per cycle
10.423525860,375848378,,cycles,100226715,100.00,,
10.523739247,98888,,rD044,100212664,100.00,,
10.523739247,714367,,rFF44,100212304,100.00,,
10.523739247,1652192327,,instructions,100211844,100.00,4.40,insn per cycle
10.523739247,375795740,,cycles,100212754,100.00,,
10.623949414,104209,,rD044,100196965,100.00,,
10.623949414,733184,,rFF44,100197295,100.00,,
10.623949414,1669887181,,instructions,100197325,100.00,4.44,insn per cycle
10.623949414,375714335,,cycles,100196225,100.00,,
10.724159851,94966,,rD044,100210085,100.00,,
10.724159851,746489,,rFF44,100210145,100.00,,
10.724159851,1674968229,,instructions,100210365,100.00,4.46,insn per cycle
10.724159851,375788482,,cycles,100210625,100.00,,
10.824369968,105343,,rD044,100209255,100.00,,
10.824369968,723131,,rFF44,100227865,100.00,,
10.824369968,1669008109,,instructions,100228275,100.00,4.44,insn per cycle
10.824369968,375857038,,cycles,100229095,100.00,,
10.924599705,96931,,rD044,100229075,100.00,,
10.924599705,746424,,rFF44,100209955,100.00,,
10.924599705,1659318969,,instructions,100209605,100.00,4.42,insn per cycle
10.924599705,375781480,,cycles,100208925,100.00,,
11.024811081,98825,,rD044,100210324,100.00,,
11.024811081,692121,,rFF44,100211325,100.00,,
11.024811081,1653902880,,instructions,100210845,100.00,4.40,insn per cycle
11.024811081,375788279,,cycles,100210705,100.00,,
11.125022898,106984,,rD044,100211445,100.00,,
11.125022898,722866,,rFF44,100210384,100.00,,
11.125022898,1665499562,,instructions,100210424,100.00,4.43,insn per cycle
11.125022898,375787765,,cycles,100210554,100.00,,
11.225234485,93619,,rD044,100210445,100.00,,
11.225234485,747519,,rFF44,100210595,100.00,,
11.225234485,1660572049,,instructions,100211255,100.00,4.42,insn per cycle
11.225234485,375779824,,cycles,100211415,100.00,,
11.325446062,102964,,rD044,100211275,100.00,,
11.325446062,722668,,rFF44,100210775,100.00,,
11.325446062,1666345546,,instructions,100210825,100.00,4.43,insn per cycle
11.325446062,375787465,,cycles,100210415,100.00,,
11.425656799,104192,,rD044,100209685,100.00,,
11.425656799,740380,,rFF44,100210115,100.00,,
11.425656799,1656477518,,instructions,100210295,100.00,4.41,insn per cycle
11.425656799,375787839,,cycles,100210575,100.00,,
11.525870066,63326,,rD044,100212234,100.00,,
11.525870066,706300,,rFF44,100212505,100.00,,
11.525870066,1648709331,,instructions,100212075,100.00,4.39,insn per cycle
11.525870066,375791534,,cycles,100211555,100.00,,
11.626082542,105346,,rD044,100198965,100.00,,
11.626082542,718851,,rFF44,100198604,100.00,,
11.626082542,1644423598,,instructions,100199224,100.00,4.38,insn per cycle
11.626082542,375730180,,cycles,100200284,100.00,,
11.726318740,98044,,rD044,100235575,100.00,,
11.726318740,748532,,rFF44,100235945,100.00,,
11.726318740,1646482132,,instructions,100235105,100.00,4.38,insn per cycle
11.726318740,375878894,,cycles,100234785,100.00,,
11.826546397,98726,,rD044,100226185,100.00,,
11.826546397,721143,,rFF44,100226365,100.00,,
11.826546397,1657359365,,instructions,100226165,100.00,4.41,insn per cycle
11.826546397,375845068,,cycles,100225835,100.00,,
11.926758203,103256,,rD044,100211555,100.00,,
11.926758203,693824,,rFF44,100211475,100.00,,
11.926758203,1657557662,,instructions,100211705,100.00,4.41,insn per cycle
11.926758203,375792329,,cycles,100211775,100.00,,
12.026970350,96383,,rD044,100211495,100.00,,
12.026970350,747740,,rFF44,100211715,100.00,,
12.026970350,1656795770,,instructions,100211545,100.00,4.41,insn per cycle
12.026970350,375794659,,cycles,100212465,100.00,,
12.127182497,106050,,rD044,100212065,100.00,,
12.127182497,723621,,rFF44,100211515,100.00,,
12.127182497,1656327392,,instructions,100212195,100.00,4.41,insn per cycle
12.127182497,375792769,,cycles,100211885,100.00,,
12.227395354,98937,,rD044,100211274,100.00,,
12.227395354,748258,,rFF44,100211024,100.00,,
12.227395354,1655555986,,instructions,100210734,100.00,4.41,insn per cycle
12.227395354,375785213,,cycles,100209824,100.00,,
12.327604391,68730,,rD044,100208585,100.00,,
12.327604391,698100,,rFF44,100208505,100.00,,
12.327604391,1658917820,,instructions,100207715,100.00,4.41,insn per cycle
12.327604391,375777094,,cycles,100207705,100.00,,
12.427815038,108099,,rD044,100210135,100.00,,
12.427815038,719211,,rFF44,100210055,100.00,,
12.427815038,1656949755,,instructions,100210525,100.00,4.41,insn per cycle
12.427815038,375791214,,cycles,100211535,100.00,,
12.528025854,93991,,rD044,100209265,100.00,,
12.528025854,744611,,rFF44,100209925,100.00,,
12.528025854,1653117876,,instructions,100209905,100.00,4.40,insn per cycle
12.528025854,375782405,,cycles,100209065,100.00,,
12.628237761,103723,,rD044,100186115,100.00,,
12.628237761,724885,,rFF44,100185525,100.00,,
12.628237761,1647566845,,instructions,100186655,100.00,4.39,insn per cycle
12.628237761,375660883,,cycles,100187385,100.00,,
12.728445608,100188,,rD044,100206624,100.00,,
12.728445608,736859,,rFF44,100206734,100.00,,
12.728445608,1650627539,,instructions,100205764,100.00,4.39,insn per cycle
12.728445608,375767955,,cycles,100205274,100.00,,
12.828646725,96219,,rD044,100200115,100.00,,
12.828646725,703499,,rFF44,100200355,100.00,,
12.828646725,1657874438,,instructions,100200595,100.00,4.41,insn per cycle
12.828646725,375749577,,cycles,100200225,100.00,,
12.928854062,108426,,rD044,100206465,100.00,,
12.928854062,722828,,rFF44,100206435,100.00,,
12.928854062,1654966061,,instructions,100206085,100.00,4.40,insn per cycle
12.928854062,375769333,,cycles,100205725,100.00,,
13.029063568,95092,,rD044,100209445,100.00,,
13.029063568,751868,,rFF44,100209645,100.00,,
13.029063568,1654766680,,instructions,100210045,100.00,4.40,insn per cycle
13.029063568,375786637,,cycles,100210315,100.00,,
13.129274755,100500,,rD044,100210034,100.00,,
13.129274755,722970,,rFF44,100209934,100.00,,
13.129274755,1654624421,,instructions,100209994,100.00,4.40,insn per cycle
13.129274755,375785896,,cycles,100209785,100.00,,
13.229487662,77493,,rD044,100212235,100.00,,
13.229487662,700176,,rFF44,100212285,100.00,,
13.229487662,1658693636,,instructions,100211845,100.00,4.41,insn per cycle
13.229487662,375787801,,cycles,100212254,100.00,,
13.329721869,92922,,rD044,100233185,100.00,,
13.329721869,745742,,rFF44,100233225,100.00,,
13.329721869,1656378430,,instructions,100233105,100.00,4.41,insn per cycle
13.329721869,375871503,,cycles,100232835,100.00,,
13.429929786,105972,,rD044,100207755,100.00,,
13.429929786,717015,,rFF44,100207955,100.00,,
13.429929786,1654145013,,instructions,100207705,100.00,4.40,insn per cycle
13.429929786,375778579,,cycles,100208155,100.00,,
13.530132803,100926,,rD044,100201045,100.00,,
13.530132803,736927,,rFF44,100200445,100.00,,
13.530132803,1658508530,,instructions,100201255,100.00,4.41,insn per cycle
13.530132803,375751172,,cycles,100200805,100.00,,
13.630371210,95735,,rD044,100229525,100.00,,
13.630371210,697784,,rFF44,100239945,100.00,,
13.630371210,1649291079,,instructions,100239635,100.00,4.39,insn per cycle
13.630371210,375877183,,cycles,100239675,100.00,,
13.730595447,104802,,rD044,100219384,100.00,,
13.730595447,721659,,rFF44,100209815,100.00,,
13.730595447,1648049315,,instructions,100210435,100.00,4.39,insn per cycle
13.730595447,375787285,,cycles,100210415,100.00,,
13.830806994,95452,,rD044,100210675,100.00,,
13.830806994,746036,,rFF44,100210154,100.00,,
13.830806994,1647138811,,instructions,100210054,100.00,4.38,insn per cycle
13.830806994,375784787,,cycles,100209764,100.00,,
13.931018381,102413,,rD044,100210375,100.00,,
13.931018381,717365,,rFF44,100209845,100.00,,
13.931018381,1646921736,,instructions,100209085,100.00,4.38,insn per cycle
13.931018381,375782101,,cycles,100209125,100.00,,
14.031227927,69621,,rD044,100208965,100.00,,
14.031227927,701681,,rFF44,100209455,100.00,,
14.031227927,1649082374,,instructions,100209295,100.00,4.39,insn per cycle
14.031227927,375786086,,cycles,100209975,100.00,,
14.131440534,96711,,rD044,100211845,100.00,,
14.131440534,739256,,rFF44,100211835,100.00,,
14.131440534,1645941764,,instructions,100212335,100.00,4.38,insn per cycle
14.131440534,375793351,,cycles,100212175,100.00,,
14.231653341,107895,,rD044,100199655,100.00,,
14.231653341,722288,,rFF44,100199715,100.00,,
14.231653341,1647785570,,instructions,100200195,100.00,4.39,insn per cycle
14.231653341,375734800,,cycles,100201415,100.00,,
14.331866148,95049,,rD044,100212714,100.00,,
14.331866148,757078,,rFF44,100212804,100.00,,
14.331866148,1654919744,,instructions,100212584,100.00,4.40,insn per cycle
14.331866148,375791637,,cycles,100211674,100.00,,
14.432077115,98853,,rD044,100210095,100.00,,
14.432077115,723552,,rFF44,100209765,100.00,,
14.432077115,1661348873,,instructions,100208965,100.00,4.42,insn per cycle
14.432077115,375779512,,cycles,100208425,100.00,,
14.532276411,107712,,rD044,100197835,100.00,,
14.532276411,698926,,rFF44,100197605,100.00,,
14.532276411,1675256327,,instructions,100197635,100.00,4.46,insn per cycle
14.532276411,375740274,,cycles,100197835,100.00,,
14.632485618,92521,,rD044,100195835,100.00,,
14.632485618,747731,,rFF44,100196515,100.00,,
14.632485618,1667285640,,instructions,100197895,100.00,4.44,insn per cycle
14.632485618,375723624,,cycles,100198735,100.00,,
14.732698315,104621,,rD044,100212394,100.00,,
14.732698315,729152,,rFF44,100212584,100.00,,
14.732698315,1711231956,,instructions,100212065,100.00,4.55,insn per cycle
14.732698315,375789689,,cycles,100211035,100.00,,
14.832911802,100917,,rD044,100212295,100.00,,
14.832911802,745573,,rFF44,100211485,100.00,,
14.832911802,1663572919,,instructions,100211764,100.00,4.43,insn per cycle
14.832911802,375792476,,cycles,100211844,100.00,,
14.933121589,96221,,rD044,100209005,100.00,,
14.933121589,736313,,rFF44,100209845,100.00,,
14.933121589,1670322944,,instructions,100209415,100.00,4.44,insn per cycle
14.933121589,375783499,,cycles,100209345,100.00,,
15.033332776,108229,,rD044,100210615,100.00,,
15.033332776,723905,,rFF44,100209775,100.00,,
15.033332776,1690608530,,instructions,100209245,100.00,4.50,insn per cycle
15.033332776,375783257,,cycles,100209485,100.00,,
15.133562813,97294,,rD044,100229655,100.00,,
15.133562813,754696,,rFF44,100230025,100.00,,
15.133562813,1670204783,,instructions,100230405,100.00,4.44,insn per cycle
15.133562813,375862611,,cycles,100230135,100.00,,
15.233773490,67561,,rD044,100209595,100.00,,
15.233773490,693475,,rFF44,100209665,100.00,,
15.233773490,1658469988,,instructions,100209225,100.00,4.41,insn per cycle
15.233773490,375783611,,cycles,100209565,100.00,,
15.333982526,107363,,rD044,100207974,100.00,,
15.333982526,733724,,rFF44,100207684,100.00,,
15.333982526,1652362259,,instructions,100207564,100.00,4.40,insn per cycle
15.333982526,375777930,,cycles,100208204,100.00,,
15.434192673,98790,,rD044,100209265,100.00,,
15.434192673,744387,,rFF44,100209315,100.00,,
15.434192673,1652826128,,instructions,100209225,100.00,4.40,insn per cycle
15.434192673,375780986,,cycles,100208685,100.00,,
15.534405390,106969,,rD044,100211715,100.00,,
15.534405390,723546,,rFF44,100211945,100.00,,
15.534405390,1649504697,,instructions,100213295,100.00,4.39,insn per cycle
15.534405390,375800523,,cycles,100214005,100.00,,
15.634615067,100148,,rD044,100193574,100.00,,
15.634615067,709022,,rFF44,100193504,100.00,,
15.634615067,1649630064,,instructions,100193174,100.00,4.39,insn per cycle
15.634615067,375697806,,cycles,100192824,100.00,,
15.734828214,95066,,rD044,100212385,100.00,,
15.734828214,730310,,rFF44,100212135,100.00,,
15.734828214,1675674089,,instructions,100211575,100.00,4.46,insn per cycle
15.734828214,375788112,,cycles,100210555,100.00,,
15.835039931,105698,,rD044,100210964,100.00,,
15.835039931,723804,,rFF44,100210554,100.00,,
15.835039931,1651964488,,instructions,100210734,100.00,4.40,insn per cycle
15.835039931,375793248,,cycles,100212044,100.00,,
15.935251907,95352,,rD044,100211205,100.00,,
15.935251907,748494,,rFF44,100211515,100.00,,
15.935251907,1647750194,,instructions,100211715,100.00,4.38,insn per cycle
15.935251907,375790837,,cycles,100211265,100.00,,
16.035462944,101485,,rD044,100210735,100.00,,
16.035462944,725794,,rFF44,100210995,100.00,,
16.035462944,1652838639,,instructions,100211525,100.00,4.40,insn per cycle
16.035462944,375788220,,cycles,100210775,100.00,,
16.135676411,69920,,rD044,100212035,100.00,,
16.135676411,702573,,rFF44,100211945,100.00,,
16.135676411,1656690982,,instructions,100210625,100.00,4.41,insn per cycle
16.135676411,375789564,,cycles,100211075,100.00,,
16.235887878,95740,,rD044,100210825,100.00,,
16.235887878,736339,,rFF44,100211195,100.00,,
16.235887878,1653155641,,instructions,100211845,100.00,4.40,insn per cycle
16.235887878,375794909,,cycles,100212505,100.00,,
16.336099115,107063,,rD044,100211134,100.00,,
16.336099115,714455,,rFF44,100210174,100.00,,
16.336099115,1650693327,,instructions,100210664,100.00,4.39,insn per cycle
16.336099115,375784183,,cycles,100209594,100.00,,
16.436308862,95749,,rD044,100208335,100.00,,
16.436308862,749599,,rFF44,100209205,100.00,,
16.436308862,1647297095,,instructions,100208745,100.00,4.38,insn per cycle
16.436308862,375785563,,cycles,100209975,100.00,,
16.536539379,99676,,rD044,100229315,100.00,,
16.536539379,721172,,rFF44,100229195,100.00,,
16.536539379,1647730718,,instructions,100229015,100.00,4.38,insn per cycle
16.536539379,375852703,,cycles,100227775,100.00,,
16.636746775,106902,,rD044,100185735,100.00,,
16.636746775,693700,,rFF44,100185215,100.00,,
16.636746775,1663421806,,instructions,100185865,100.00,4.43,insn per cycle
16.636746775,375663111,,cycles,100186605,100.00,,
16.736959482,93637,,rD044,100212175,100.00,,
16.736959482,753958,,rFF44,100212545,100.00,,
16.736959482,1681430026,,instructions,100211675,100.00,4.47,insn per cycle
16.736959482,375792764,,cycles,100211825,100.00,,
16.837170179,104366,,rD044,100209634,100.00,,
16.837170179,729701,,rFF44,100210134,100.00,,
16.837170179,1681140141,,instructions,100210424,100.00,4.47,insn per cycle
16.837170179,375786502,,cycles,100210285,100.00,,
16.937400886,101666,,rD044,100229635,100.00,,
16.937400886,748514,,rFF44,100229545,100.00,,
16.937400886,1691116881,,instructions,100229495,100.00,4.50,insn per cycle
16.937400886,375856526,,cycles,100228814,100.00,,
17.037609113,95676,,rD044,100207485,100.00,,
17.037609113,743649,,rFF44,100207325,100.00,,
17.037609113,1689865604,,instructions,100207205,100.00,4.50,insn per cycle
17.037609113,375777528,,cycles,100207895,100.00,,
17.137819520,105248,,rD044,100209875,100.00,,
17.137819520,729362,,rFF44,100209935,100.00,,
17.137819520,1686682215,,instructions,100209665,100.00,4.49,insn per cycle
17.137819520,375785242,,cycles,100209815,100.00,,
17.238032027,94868,,rD044,100211685,100.00,,
17.238032027,756379,,rFF44,100211755,100.00,,
17.238032027,1693328351,,instructions,100212015,100.00,4.51,insn per cycle
17.238032027,375790864,,cycles,100211445,100.00,,
17.338242174,101996,,rD044,100209435,100.00,,
17.338242174,730211,,rFF44,100209635,100.00,,
17.338242174,1682899898,,instructions,100210865,100.00,4.48,insn per cycle
17.338242174,375787871,,cycles,100210525,100.00,,
17.438470190,75945,,rD044,100227464,100.00,,
17.438470190,703707,,rFF44,100227184,100.00,,
17.438470190,1685572945,,instructions,100226094,100.00,4.48,insn per cycle
17.438470190,375849895,,cycles,100226914,100.00,,
17.538671927,92667,,rD044,100200915,100.00,,
17.538671927,738437,,rFF44,100200705,100.00,,
17.538671927,1678617550,,instructions,100200455,100.00,4.47,insn per cycle
17.538671927,375748343,,cycles,100200155,100.00,,
17.638881374,105223,,rD044,100194595,100.00,,
17.638881374,715965,,rFF44,100194695,100.00,,
17.638881374,1650891339,,instructions,100195455,100.00,4.39,insn per cycle
17.638881374,375704868,,cycles,100195355,100.00,,
17.739094451,100089,,rD044,100211975,100.00,,
17.739094451,741487,,rFF44,100211805,100.00,,
17.739094451,1644740751,,instructions,100211605,100.00,4.38,insn per cycle
17.739094451,375792309,,cycles,100211705,100.00,,
17.839305606,97382,,rD044,100210725,100.00,,
17.839305606,728623,,rFF44,100210965,100.00,,
17.839305606,1643392771,,instructions,100210575,100.00,4.37,insn per cycle
17.839305606,375789358,,cycles,100210905,100.00,,
17.939535821,108445,,rD044,100229274,100.00,,
17.939535821,686362,,rFF44,100229404,100.00,,
17.939535821,1645731648,,instructions,100229135,100.00,4.38,insn per cycle
17.939535821,375855247,,cycles,100228365,100.00,,
18.039745545,93816,,rD044,100209435,100.00,,
18.039745545,741712,,rFF44,100209305,100.00,,
18.039745545,1649343555,,instructions,100210044,100.00,4.39,insn per cycle
18.039745545,375786821,,cycles,100210574,100.00,,
18.139957980,104077,,rD044,100211895,100.00,,
18.139957980,721732,,rFF44,100211845,100.00,,
18.139957980,1652185429,,instructions,100210985,100.00,4.40,insn per cycle
18.139957980,375787479,,cycles,100210525,100.00,,
18.240168994,104602,,rD044,100210255,100.00,,
18.240168994,736410,,rFF44,100210925,100.00,,
18.240168994,1651872002,,instructions,100211745,100.00,4.40,insn per cycle
18.240168994,375791678,,cycles,100211545,100.00,,
18.340400749,66760,,rD044,100230615,100.00,,
18.340400749,705590,,rFF44,100230285,100.00,,
18.340400749,1643779686,,instructions,100229665,100.00,4.37,insn per cycle
18.340400749,375853654,,cycles,100229665,100.00,,
18.440618413,106716,,rD044,100217185,100.00,,
18.440618413,723813,,rFF44,100216075,100.00,,
18.440618413,1648666785,,instructions,100216465,100.00,4.39,insn per cycle
18.440618413,375813088,,cycles,100217265,100.00,,
18.540831057,95839,,rD044,100211704,100.00,,
18.540831057,751326,,rFF44,100212184,100.00,,
18.540831057,1650821420,,instructions,100212434,100.00,4.39,insn per cycle
18.540831057,375793472,,cycles,100212304,100.00,,
18.641040082,100372,,rD044,100195345,100.00,,
18.641040082,722981,,rFF44,100195445,100.00,,
18.641040082,1648482654,,instructions,100194925,100.00,4.39,insn per cycle
18.641040082,375707364,,cycles,100194345,100.00,,
18.741251606,107644,,rD044,100211345,100.00,,
18.741251606,691149,,rFF44,100211195,100.00,,
18.741251606,1652691228,,instructions,100211565,100.00,4.40,insn per cycle
18.741251606,375794672,,cycles,100212185,100.00,,
18.841467030,93305,,rD044,100214035,100.00,,
18.841467030,742795,,rFF44,100214475,100.00,,
18.841467030,1648503627,,instructions,100213965,100.00,4.39,insn per cycle
18.841467030,375799954,,cycles,100213985,100.00,,
18.941676795,106246,,rD044,100209355,100.00,,
18.941676795,721987,,rFF44,100209375,100.00,,
18.941676795,1643534801,,instructions,100209645,100.00,4.37,insn per cycle
18.941676795,375784265,,cycles,100209715,100.00,,
19.041888499,101358,,rD044,100211164,100.00,,
19.041888499,741348,,rFF44,100211764,100.00,,
19.041888499,1646432480,,instructions,100211714,100.00,4.38,insn per cycle
19.041888499,375790305,,cycles,100211234,100.00,,
19.142098263,64575,,rD044,100208705,100.00,,
19.142098263,697579,,rFF44,100208155,100.00,,
19.142098263,1653549845,,instructions,100208175,100.00,4.40,insn per cycle
19.142098263,375779762,,cycles,100208345,100.00,,
19.242342218,105703,,rD044,100243955,100.00,,
19.242342218,717895,,rFF44,100243695,100.00,,
19.242342218,1656579108,,instructions,100243745,100.00,4.41,insn per cycle
19.242342218,375912446,,cycles,100243815,100.00,,
19.342571152,95944,,rD044,100214555,100.00,,
19.342571152,745748,,rFF44,100214105,100.00,,
19.342571152,1652354969,,instructions,100214025,100.00,4.40,insn per cycle
19.342571152,375781017,,cycles,100214585,100.00,,
19.442781217,101732,,rD044,100209275,100.00,,
19.442781217,717849,,rFF44,100209795,100.00,,
19.442781217,1651942308,,instructions,100210065,100.00,4.40,insn per cycle
19.442781217,375783528,,cycles,100209395,100.00,,
19.542997321,100539,,rD044,100214935,100.00,,
19.542997321,696787,,rFF44,100214875,100.00,,
19.542997321,1654935977,,instructions,100214775,100.00,4.40,insn per cycle
19.542997321,375792544,,cycles,100214865,100.00,,
19.643207346,95814,,rD044,100195653,100.00,,
19.643207346,734031,,rFF44,100195143,100.00,,
19.643207346,1662093691,,instructions,100195574,100.00,4.42,insn per cycle
19.643207346,375712345,,cycles,100195794,100.00,,
19.743417960,107400,,rD044,100209945,100.00,,
19.743417960,722820,,rFF44,100210045,100.00,,
19.743417960,1668231689,,instructions,100209724,100.00,4.44,insn per cycle
19.743417960,375785157,,cycles,100209804,100.00,,
19.843629224,94957,,rD044,100210545,100.00,,
19.843629224,755034,,rFF44,100210805,100.00,,
19.843629224,1667505937,,instructions,100210975,100.00,4.44,insn per cycle
19.843629224,375789477,,cycles,100210905,100.00,,
19.943840029,98882,,rD044,100210565,100.00,,
19.943840029,725527,,rFF44,100210625,100.00,,
19.943840029,1664096943,,instructions,100211385,100.00,4.43,insn per cycle
19.943840029,375787595,,cycles,100210675,100.00,,
20.044049793,77518,,rD044,100209195,100.00,,
20.044049793,691142,,rFF44,100209375,100.00,,
20.044049793,1677661822,,instructions,100207995,100.00,4.46,insn per cycle
20.044049793,375778645,,cycles,100208055,100.00,,
20.144258887,93179,,rD044,100207864,100.00,,
20.144258887,742720,,rFF44,100207604,100.00,,
20.144258887,1667282476,,instructions,100208095,100.00,4.44,insn per cycle
20.144258887,375782001,,cycles,100209015,100.00,,
20.244461341,104281,,rD044,100201825,100.00,,
20.244461341,717017,,rFF44,100202165,100.00,,
20.244461341,1658365905,,instructions,100201964,100.00,4.41,insn per cycle
20.244461341,375755755,,cycles,100202044,100.00,,
20.344672856,101736,,rD044,100210965,100.00,,
20.344672856,734265,,rFF44,100210565,100.00,,
20.344672856,1658071520,,instructions,100210385,100.00,4.41,insn per cycle
20.344672856,375785287,,cycles,100209935,100.00,,
20.444884170,96467,,rD044,100210875,100.00,,
20.444884170,733200,,rFF44,100211385,100.00,,
20.444884170,1648233670,,instructions,100211185,100.00,4.39,insn per cycle
20.444884170,375789703,,cycles,100211065,100.00,,
20.545103235,103659,,rD044,100218685,100.00,,
20.545103235,682472,,rFF44,100218185,100.00,,
20.545103235,1649352966,,instructions,100219835,100.00,4.39,insn per cycle
20.545103235,375821917,,cycles,100219675,100.00,,
20.645316289,95182,,rD044,100187624,100.00,,
20.645316289,744580,,rFF44,100187414,100.00,,
20.645316289,1648150962,,instructions,100187125,100.00,4.39,insn per cycle
20.645316289,375662561,,cycles,100187635,100.00,,
20.745555004,101764,,rD044,100237895,100.00,,
20.745555004,716103,,rFF44,100238945,100.00,,
20.745555004,1675320053,,instructions,100237514,100.00,4.46,insn per cycle
20.745555004,375889972,,cycles,100237764,100.00,,
20.845765628,104422,,rD044,100210165,100.00,,
20.845765628,726884,,rFF44,100209735,100.00,,
20.845765628,1678034112,,instructions,100210675,100.00,4.47,insn per cycle
20.845765628,375784732,,cycles,100209735,100.00,,
20.945975762,92672,,rD044,100209105,100.00,,
20.945975762,740890,,rFF44,100208725,100.00,,
20.945975762,1664469316,,instructions,100208155,100.00,4.43,insn per cycle
20.945975762,375777782,,cycles,100207955,100.00,,
21.046184336,77723,,rD044,100208305,100.00,,
21.046184336,688491,,rFF44,100208715,100.00,,
21.046184336,1666127587,,instructions,100208935,100.00,4.43,insn per cycle
21.046184336,375783185,,cycles,100209335,100.00,,
21.146407581,99131,,rD044,100222685,100.00,,
21.146407581,742372,,rFF44,100222235,100.00,,
21.146407581,1655250512,,instructions,100222865,100.00,4.40,insn per cycle
21.146407581,375835154,,cycles,100223135,100.00,,
21.246618305,94694,,rD044,100210044,100.00,,
21.246618305,723947,,rFF44,100210134,100.00,,
21.246618305,1665943394,,instructions,100209644,100.00,4.43,insn per cycle
21.246618305,375788145,,cycles,100210715,100.00,,
21.346831100,107727,,rD044,100211875,100.00,,
21.346831100,718956,,rFF44,100212015,100.00,,
21.346831100,1645404529,,instructions,100212535,100.00,4.38,insn per cycle
21.346831100,375789525,,cycles,100211024,100.00,,
21.447042114,102543,,rD044,100210985,100.00,,
21.447042114,742942,,rFF44,100210955,100.00,,
21.447042114,1650608452,,instructions,100211595,100.00,4.39,insn per cycle
21.447042114,375792838,,cycles,100211855,100.00,,
21.547262698,101130,,rD044,100219165,100.00,,
21.547262698,688402,,rFF44,100218975,100.00,,
21.547262698,1660367190,,instructions,100217165,100.00,4.42,insn per cycle
21.547262698,375812748,,cycles,100217215,100.00,,
21.647473033,101664,,rD044,100196835,100.00,,
21.647473033,731997,,rFF44,100197105,100.00,,
21.647473033,1657260094,,instructions,100197945,100.00,4.41,insn per cycle
21.647473033,375721793,,cycles,100197825,100.00,,
21.747683617,95032,,rD044,100209914,100.00,,
21.747683617,735743,,rFF44,100210255,100.00,,
21.747683617,1666168230,,instructions,100209805,100.00,4.43,insn per cycle
21.747683617,375783930,,cycles,100209845,100.00,,
21.847894841,106504,,rD044,100210435,100.00,,
21.847894841,716719,,rFF44,100210824,100.00,,
21.847894841,1661229106,,instructions,100210734,100.00,4.42,insn per cycle
21.847894841,375788074,,cycles,100210704,100.00,,
21.948108406,95109,,rD044,100212995,100.00,,
21.948108406,747814,,rFF44,100212435,100.00,,
21.948108406,1679637244,,instructions,100212235,100.00,4.47,insn per cycle
21.948108406,375792979,,cycles,100211875,100.00,,
22.048319560,100476,,rD044,100210205,100.00,,
22.048319560,728445,,rFF44,100210135,100.00,,
22.048319560,1711050207,,instructions,100210205,100.00,4.55,insn per cycle
22.048319560,375787922,,cycles,100210665,100.00,,
22.148547115,107947,,rD044,100227275,100.00,,
22.148547115,726088,,rFF44,100227215,100.00,,
22.148547115,1709347119,,instructions,100226805,100.00,4.55,insn per cycle
22.148547115,375849372,,cycles,100226925,100.00,,
22.248758569,94268,,rD044,100210795,100.00,,
22.248758569,742664,,rFF44,100211115,100.00,,
22.248758569,1670388023,,instructions,100211735,100.00,4.44,insn per cycle
22.248758569,375792107,,cycles,100211715,100.00,,
22.348970023,71494,,rD044,100210254,100.00,,
22.348970023,691593,,rFF44,100210134,100.00,,
22.348970023,1676960543,,instructions,100210604,100.00,4.46,insn per cycle
22.348970023,375788244,,cycles,100210734,100.00,,
22.449181978,99479,,rD044,100211675,100.00,,
22.449181978,738825,,rFF44,100212075,100.00,,
22.449181978,1673861369,,instructions,100211325,100.00,4.45,insn per cycle
22.449181978,375793742,,cycles,100212155,100.00,,
22.549401862,108361,,rD044,100218995,100.00,,
22.549401862,734685,,rFF44,100218615,100.00,,
22.549401862,1669857766,,instructions,100218855,100.00,4.44,insn per cycle
22.549401862,375814129,,cycles,100217585,100.00,,
22.649612206,118365,,rD044,100195675,100.00,,
22.649612206,720065,,rFF44,100195605,100.00,,
22.649612206,1672162496,,instructions,100195645,100.00,4.45,insn per cycle
22.649612206,375715014,,cycles,100195805,100.00,,
22.749822241,94265,,rD044,100209395,100.00,,
22.749822241,752238,,rFF44,100209705,100.00,,
22.749822241,1669997928,,instructions,100209305,100.00,4.44,insn per cycle
22.749822241,375786072,,cycles,100210115,100.00,,
22.850025895,101078,,rD044,100203234,100.00,,
22.850025895,724787,,rFF44,100202684,100.00,,
22.850025895,1674289835,,instructions,100203204,100.00,4.46,insn per cycle
22.850025895,375755952,,cycles,100202264,100.00,,
22.950235369,107219,,rD044,100209005,100.00,,
22.950235369,734853,,rFF44,100209465,100.00,,
22.950235369,1685888329,,instructions,100208805,100.00,4.49,insn per cycle
22.950235369,375780249,,cycles,100208435,100.00,,
23.050464174,93777,,rD044,100228575,100.00,,
23.050464174,715793,,rFF44,100227785,100.00,,
23.050464174,1692771044,,instructions,100228195,100.00,4.50,insn per cycle
23.050464174,375856134,,cycles,100228685,100.00,,
23.150674008,104855,,rD044,100208885,100.00,,
23.150674008,726630,,rFF44,100209425,100.00,,
23.150674008,1688676043,,instructions,100209145,100.00,4.49,insn per cycle
23.150674008,375784062,,cycles,100209775,100.00,,
23.250886193,99195,,rD044,100211415,100.00,,
23.250886193,745267,,rFF44,100211345,100.00,,
23.250886193,1678537423,,instructions,100211035,100.00,4.47,insn per cycle
23.250886193,375787189,,cycles,100210345,100.00,,
23.351098337,97578,,rD044,100211774,100.00,,
23.351098337,730827,,rFF44,100211545,100.00,,
23.351098337,1677809332,,instructions,100211825,100.00,4.46,insn per cycle
23.351098337,375790626,,cycles,100211385,100.00,,
23.451309771,105579,,rD044,100211025,100.00,,
23.451309771,725147,,rFF44,100211164,100.00,,
23.451309771,1675610115,,instructions,100211274,100.00,4.46,insn per cycle
23.451309771,375787982,,cycles,100212204,100.00,,
23.551556216,93334,,rD044,100244995,100.00,,
23.551556216,750539,,rFF44,100245085,100.00,,
23.551556216,1673555507,,instructions,100245425,100.00,4.45,insn per cycle
23.551556216,375913978,,cycles,100244225,100.00,,
23.651763310,74399,,rD044,100194125,100.00,,
23.651763310,690830,,rFF44,100194405,100.00,,
23.651763310,1667749869,,instructions,100193635,100.00,4.44,insn per cycle
23.651763310,375708023,,cycles,100194085,100.00,,
23.751972415,103960,,rD044,100208135,100.00,,
23.751972415,735037,,rFF44,100207695,100.00,,
23.751972415,1664226198,,instructions,100208255,100.00,4.43,insn per cycle
23.751972415,375780427,,cycles,100208815,100.00,,
23.852182709,94013,,rD044,100210105,100.00,,
23.852182709,742386,,rFF44,100210255,100.00,,
23.852182709,1664407928,,instructions,100210345,100.00,4.43,insn per cycle
23.852182709,375784605,,cycles,100209715,100.00,,
23.952397983,105932,,rD044,100213944,100.00,,
23.952397983,718214,,rFF44,100214094,100.00,,
23.952397983,1662305011,,instructions,100214184,100.00,4.42,insn per cycle
23.952397983,375801729,,cycles,100214285,100.00,,
24.052607508,98499,,rD044,100209025,100.00,,
24.052607508,746190,,rFF44,100208455,100.00,,
24.052607508,1661647826,,instructions,100209075,100.00,4.42,insn per cycle
24.052607508,375786121,,cycles,100210164,100.00,,
24.152819212,97342,,rD044,100211125,100.00,,
24.152819212,730239,,rFF44,100211265,100.00,,
24.152819212,1663697774,,instructions,100211195,100.00,4.43,insn per cycle
24.152819212,375785599,,cycles,100209985,100.00,,
24.253027976,103601,,rD044,100208145,100.00,,
24.253027976,688788,,rFF44,100208515,100.00,,
24.253027976,1667761225,,instructions,100207495,100.00,4.44,insn per cycle
24.253027976,375778244,,cycles,100208015,100.00,,
24.353238301,94371,,rD044,100209915,100.00,,
24.353238301,754541,,rFF44,100209765,100.00,,
24.353238301,1681680039,,instructions,100210065,100.00,4.48,insn per cycle
24.353238301,375789083,,cycles,100210905,100.00,,
24.453451975,106477,,rD044,100202114,100.00,,
24.453451975,729497,,rFF44,100202504,100.00,,
24.453451975,1683792545,,instructions,100202764,100.00,4.48,insn per cycle
24.453451975,375736121,,cycles,100201885,100.00,,
24.553654069,106497,,rD044,100200835,100.00,,
24.553654069,745146,,rFF44,100200195,100.00,,
24.553654069,1680155094,,instructions,100200005,100.00,4.47,insn per cycle
24.553654069,375748557,,cycles,100200104,100.00,,
24.653863344,94241,,rD044,100186925,100.00,,
24.653863344,746111,,rFF44,100187335,100.00,,
24.653863344,1675891400,,instructions,100187145,100.00,4.46,insn per cycle
24.653863344,375668686,,cycles,100187065,100.00,,
24.754070078,107431,,rD044,100206555,100.00,,
24.754070078,727406,,rFF44,100206275,100.00,,
24.754070078,1677521913,,instructions,100206805,100.00,4.46,insn per cycle
24.754070078,375771732,,cycles,100206225,100.00,,
24.854278772,97140,,rD044,100207875,100.00,,
24.854278772,756936,,rFF44,100208185,100.00,,
24.854278772,1683098256,,instructions,100208005,100.00,4.48,insn per cycle
24.854278772,375781038,,cycles,100208815,100.00,,
24.954543267,99881,,rD044,100263315,100.00,,
24.954543267,725286,,rFF44,100263295,100.00,,
24.954543267,1677308846,,instructions,100262915,100.00,4.46,insn per cycle
24.954543267,375982662,,cycles,100262535,100.00,,
25.054750101,103255,,rD044,100206584,100.00,,
25.054750101,725445,,rFF44,100206354,100.00,,
25.054750101,1674289829,,instructions,100207124,100.00,4.46,insn per cycle
25.054750101,375774476,,cycles,100206934,100.00,,
25.154961146,94048,,rD044,100210775,100.00,,
25.154961146,747809,,rFF44,100210265,100.00,,
25.154961146,1675454682,,instructions,100210185,100.00,4.46,insn per cycle
25.154961146,375787660,,cycles,100210535,100.00,,
25.255172310,77304,,rD044,100210175,100.00,,
25.255172310,690223,,rFF44,100211315,100.00,,
25.255172310,1678918141,,instructions,100210615,100.00,4.47,insn per cycle
25.255172310,375790644,,cycles,100211335,100.00,,
25.355399285,100050,,rD044,100226285,100.00,,
25.355399285,742720,,rFF44,100225255,100.00,,
25.355399285,1675410063,,instructions,100225745,100.00,4.46,insn per cycle
25.355399285,375840916,,cycles,100224715,100.00,,
25.455607649,94793,,rD044,100208005,100.00,,
25.455607649,736098,,rFF44,100208865,100.00,,
25.455607649,1673448237,,instructions,100208715,100.00,4.45,insn per cycle
25.455607649,375782020,,cycles,100209005,100.00,,
25.555829703,106441,,rD044,100221015,100.00,,
25.555829703,721791,,rFF44,100221915,100.00,,
25.555829703,1672833487,,instructions,100221735,100.00,4.45,insn per cycle
25.555829703,375828372,,cycles,100221415,100.00,,
25.656038118,95375,,rD044,100194474,100.00,,
25.656038118,754902,,rFF44,100193354,100.00,,
25.656038118,1685004864,,instructions,100194784,100.00,4.48,insn per cycle
25.656038118,375711557,,cycles,100195964,100.00,,
25.756252432,100863,,rD044,100213395,100.00,,
25.756252432,728144,,rFF44,100212855,100.00,,
25.756252432,1685773071,,instructions,100211415,100.00,4.49,insn per cycle
25.756252432,375788398,,cycles,100210655,100.00,,
25.856462616,102007,,rD044,100209945,100.00,,
25.856462616,736967,,rFF44,100209895,100.00,,
25.856462616,1683605849,,instructions,100210755,100.00,4.48,insn per cycle
25.856462616,375787356,,cycles,100210255,100.00,,
25.956673241,94118,,rD044,100210025,100.00,,
25.956673241,748474,,rFF44,100210275,100.00,,
25.956673241,1676868310,,instructions,100209515,100.00,4.46,insn per cycle
25.956673241,375785764,,cycles,100210215,100.00,,
26.056884335,108555,,rD044,100210415,100.00,,
26.056884335,727187,,rFF44,100210565,100.00,,
26.056884335,1676979662,,instructions,100210415,100.00,4.46,insn per cycle
26.056884335,375785278,,cycles,100209895,100.00,,
26.157097039,99327,,rD044,100211924,100.00,,
26.157097039,717915,,rFF44,100212224,100.00,,
26.157097039,1679959382,,instructions,100212844,100.00,4.47,insn per cycle
26.157097039,375797843,,cycles,100213314,100.00,,
26.257308364,94927,,rD044,100210415,100.00,,
26.257308364,730054,,rFF44,100210375,100.00,,
26.257308364,1678739667,,instructions,100209785,100.00,4.47,insn per cycle
26.257308364,375784451,,cycles,100209385,100.00,,
26.357555298,105345,,rD044,100246405,100.00,,
26.357555298,724089,,rFF44,100246175,100.00,,
26.357555298,1682087028,,instructions,100246335,100.00,4.47,insn per cycle
26.357555298,375923705,,cycles,100247085,100.00,,
26.457766253,94808,,rD044,100210235,100.00,,
26.457766253,748073,,rFF44,100210675,100.00,,
26.457766253,1683925675,,instructions,100210705,100.00,4.48,insn per cycle
26.457766253,375785600,,cycles,100209915,100.00,,
26.557984697,103685,,rD044,100217595,100.00,,
26.557984697,721360,,rFF44,100217185,100.00,,
26.557984697,1681018923,,instructions,100217095,100.00,4.47,insn per cycle
26.557984697,375812323,,cycles,100217095,100.00,,
26.658194641,103420,,rD044,100195775,100.00,,
26.658194641,738660,,rFF44,100196075,100.00,,
26.658194641,1683044749,,instructions,100196205,100.00,4.48,insn per cycle
26.658194641,375717426,,cycles,100196635,100.00,,
26.758408306,94686,,rD044,100212874,100.00,,
26.758408306,744144,,rFF44,100212874,100.00,,
26.758408306,1685616880,,instructions,100213264,100.00,4.49,insn per cycle
26.758408306,375795623,,cycles,100212644,100.00,,
26.858650351,107767,,rD044,100241375,100.00,,
26.858650351,724180,,rFF44,100240905,100.00,,
26.858650351,1684557629,,instructions,100240495,100.00,4.48,insn per cycle
26.858650351,375900477,,cycles,100240625,100.00,,
26.958859215,97658,,rD044,100208405,100.00,,
26.958859215,753457,,rFF44,100208475,100.00,,
26.958859215,1686066288,,instructions,100208695,100.00,4.49,insn per cycle
26.958859215,375782881,,cycles,100209255,100.00,,
27.059072649,97593,,rD044,100212905,100.00,,
27.059072649,725654,,rFF44,100212905,100.00,,
27.059072649,1687758072,,instructions,100212305,100.00,4.49,insn per cycle
27.059072649,375792055,,cycles,100211755,100.00,,
27.159282424,103531,,rD044,100208665,100.00,,
27.159282424,722925,,rFF44,100208555,100.00,,
27.159282424,1686920548,,instructions,100209025,100.00,4.49,insn per cycle
27.159282424,375781295,,cycles,100208825,100.00,,
27.259491298,64596,,rD044,100208164,100.00,,
27.259491298,716389,,rFF44,100208345,100.00,,
27.259491298,1684267963,,instructions,100207875,100.00,4.48,insn per cycle
27.259491298,375781406,,cycles,100208675,100.00,,
27.359702152,103591,,rD044,100210155,100.00,,
27.359702152,725699,,rFF44,100210164,100.00,,
27.359702152,1679664708,,instructions,100210394,100.00,4.47,insn per cycle
27.359702152,375785069,,cycles,100209974,100.00,,
27.459912857,100691,,rD044,100210375,100.00,,
27.459912857,742962,,rFF44,100210315,100.00,,
27.459912857,1678753378,,instructions,100210855,100.00,4.47,insn per cycle
27.459912857,375788917,,cycles,100210825,100.00,,
27.560129521,96416,,rD044,100216915,100.00,,
27.560129521,735323,,rFF44,100216505,100.00,,
27.560129521,1679654255,,instructions,100216235,100.00,4.47,insn per cycle
27.560129521,375808536,,cycles,100216185,100.00,,
27.660342095,109331,,rD044,100196725,100.00,,
27.660342095,719818,,rFF44,100197015,100.00,,
27.660342095,1667925473,,instructions,100197005,100.00,4.44,insn per cycle
27.660342095,375719889,,cycles,100197435,100.00,,
27.760571760,94885,,rD044,100229155,100.00,,
27.760571760,747980,,rFF44,100229025,100.00,,
27.760571760,1660344474,,instructions,100228855,100.00,4.42,insn per cycle
27.760571760,375842473,,cycles,100228095,100.00,,
27.860781224,101487,,rD044,100209034,100.00,,
27.860781224,720713,,rFF44,100209204,100.00,,
27.860781224,1659726223,,instructions,100209334,100.00,4.42,insn per cycle
27.860781224,375784631,,cycles,100209654,100.00,,
27.960990639,105910,,rD044,100208605,100.00,,
27.960990639,695130,,rFF44,100207935,100.00,,
27.960990639,1663300768,,instructions,100208245,100.00,4.43,insn per cycle
27.960990639,375778286,,cycles,100208015,100.00,,
28.061195633,92744,,rD044,100204325,100.00,,
28.061195633,742961,,rFF44,100204945,100.00,,
28.061195633,1660740007,,instructions,100204695,100.00,4.42,insn per cycle
28.061195633,375769629,,cycles,100205715,100.00,,
28.161406477,105788,,rD044,100210795,100.00,,
28.161406477,719991,,rFF44,100210345,100.00,,
28.161406477,1660555111,,instructions,100209895,100.00,4.42,insn per cycle
28.161406477,375781779,,cycles,100208835,100.00,,
28.261614371,99794,,rD044,100206535,100.00,,
28.261614371,737208,,rFF44,100207065,100.00,,
28.261614371,1667603384,,instructions,100207505,100.00,4.44,insn per cycle
28.261614371,375777886,,cycles,100208055,100.00,,
28.361824166,96962,,rD044,100209544,100.00,,
28.361824166,723501,,rFF44,100209524,100.00,,
28.361824166,1666366011,,instructions,100209344,100.00,4.43,insn per cycle
28.361824166,375787854,,cycles,100210644,100.00,,
28.462035020,103828,,rD044,100210195,100.00,,
28.462035020,718138,,rFF44,100210075,100.00,,
28.462035020,1662069587,,instructions,100209655,100.00,4.42,insn per cycle
28.462035020,375778588,,cycles,100208045,100.00,,
28.562236664,64416,,rD044,100200425,100.00,,
28.562236664,707464,,rFF44,100200485,100.00,,
28.562236664,1658571139,,instructions,100201405,100.00,4.41,insn per cycle
28.562236664,375748926,,cycles,100201005,100.00,,
28.662455719,104634,,rD044,100192255,100.00,,
28.662455719,716009,,rFF44,100192745,100.00,,
28.662455719,1672442451,,instructions,100192045,100.00,4.45,insn per cycle
28.662455719,375689096,,cycles,100193105,100.00,,
28.762698103,104298,,rD044,100241745,100.00,,
28.762698103,731810,,rFF44,100241585,100.00,,
28.762698103,1703894714,,instructions,100241985,100.00,4.53,insn per cycle
28.762698103,375902903,,cycles,100241265,100.00,,
28.862907728,87677,,rD044,100209064,100.00,,
28.862907728,735781,,rFF44,100209335,100.00,,
28.862907728,1709445823,,instructions,100209235,100.00,4.55,insn per cycle
28.862907728,375785471,,cycles,100209765,100.00,,
28.963119432,108706,,rD044,100210705,100.00,,
28.963119432,713956,,rFF44,100210194,100.00,,
28.963119432,1686827959,,instructions,100209984,100.00,4.49,insn per cycle
28.963119432,375782908,,cycles,100209354,100.00,,
29.063328226,96695,,rD044,100208595,100.00,,
29.063328226,746686,,rFF44,100208845,100.00,,
29.063328226,1681674494,,instructions,100209105,100.00,4.48,insn per cycle
29.063328226,375782330,,cycles,100209195,100.00,,
29.163553661,98664,,rD044,100224715,100.00,,
29.163553661,719076,,rFF44,100224345,100.00,,
29.163553661,1674575139,,instructions,100224645,100.00,4.46,insn per cycle
29.163553661,375841905,,cycles,100224925,100.00,,
29.263763415,106271,,rD044,100208735,100.00,,
29.263763415,723298,,rFF44,100208575,100.00,,
29.263763415,1658629165,,instructions,100207235,100.00,4.41,insn per cycle
29.263763415,375775941,,cycles,100207635,100.00,,
29.363971130,95385,,rD044,100207305,100.00,,
29.363971130,742232,,rFF44,100207735,100.00,,
29.363971130,1660800468,,instructions,100208715,100.00,4.42,insn per cycle
29.363971130,375778914,,cycles,100207955,100.00,,
29.464181164,102503,,rD044,100209264,100.00,,
29.464181164,717052,,rFF44,100208384,100.00,,
29.464181164,1660940909,,instructions,100207764,100.00,4.42,insn per cycle
29.464181164,375777044,,cycles,100207764,100.00,,
29.564410928,99905,,rD044,100214725,100.00,,
29.564410928,703822,,rFF44,100215025,100.00,,
29.564410928,1660800151,,instructions,100216085,100.00,4.42,insn per cycle
29.564410928,375786705,,cycles,100216015,100.00,,
29.664618733,97005,,rD044,100194775,100.00,,
29.664618733,732094,,rFF44,100195075,100.00,,
29.664618733,1657550418,,instructions,100194635,100.00,4.41,insn per cycle
29.664618733,375712757,,cycles,100195465,100.00,,
29.764828297,107045,,rD044,100209205,100.00,,
29.764828297,713298,,rFF44,100209445,100.00,,
29.764828297,1662211580,,instructions,100209325,100.00,4.42,insn per cycle
29.764828297,375780252,,cycles,100208495,100.00,,
29.865039001,93760,,rD044,100209495,100.00,,
29.865039001,746510,,rFF44,100209315,100.00,,
29.865039001,1663123086,,instructions,100209325,100.00,4.43,insn per cycle
29.865039001,375788128,,cycles,100210515,100.00,,
29.965249766,101298,,rD044,100210164,100.00,,
29.965249766,724971,,rFF44,100210564,100.00,,
29.965249766,1689251696,,instructions,100210804,100.00,4.50,insn per cycle
29.965249766,375784795,,cycles,100209884,100.00,,
30.065460250,108189,,rD044,100209895,100.00,,
30.065460250,729955,,rFF44,100209945,100.00,,
30.065460250,1684360412,,instructions,100209595,100.00,4.48,insn per cycle
30.065460250,375785483,,cycles,100209775,100.00,,
30.165670154,88750,,rD044,100209945,100.00,,
30.165670154,740844,,rFF44,100209975,100.00,,
30.165670154,1691440376,,instructions,100210435,100.00,4.50,insn per cycle
30.165670154,375785476,,cycles,100210125,100.00,,
30.265879049,79332,,rD044,100208095,100.00,,
30.265879049,695094,,rFF44,100207565,100.00,,
30.265879049,1697926952,,instructions,100207395,100.00,4.52,insn per cycle
30.265879049,375775200,,cycles,100207265,100.00,,
30.366089353,98296,,rD044,100209165,100.00,,
30.366089353,747977,,rFF44,100209765,100.00,,
30.366089353,1696264649,,instructions,100210105,100.00,4.51,insn per cycle
30.366089353,375786781,,cycles,100210295,100.00,,
30.466300267,98249,,rD044,100210214,100.00,,
30.466300267,735778,,rFF44,100209514,100.00,,
30.466300267,1692758283,,instructions,100208994,100.00,4.50,insn per cycle
30.466300267,375782244,,cycles,100209094,100.00,,
30.566528992,107846,,rD044,100228335,100.00,,
30.566528992,726404,,rFF44,100228205,100.00,,
30.566528992,1689639934,,instructions,100228175,100.00,4.50,insn per cycle
30.566528992,375854029,,cycles,100228155,100.00,,
30.666766567,98052,,rD044,100221945,100.00,,
30.666766567,754710,,rFF44,100222805,100.00,,
30.666766567,1681265967,,instructions,100222775,100.00,4.47,insn per cycle
30.666766567,375812511,,cycles,100222685,100.00,,
30.766976921,101799,,rD044,100210255,100.00,,
30.766976921,723193,,rFF44,100210295,100.00,,
30.766976921,1670270915,,instructions,100210005,100.00,4.44,insn per cycle
30.766976921,375785454,,cycles,100209875,100.00,,
30.867186685,103582,,rD044,100208965,100.00,,
30.867186685,733060,,rFF44,100208145,100.00,,
30.867186685,1668885759,,instructions,100207925,100.00,4.44,insn per cycle
30.867186685,375777434,,cycles,100207855,100.00,,
30.967394489,94727,,rD044,100206565,100.00,,
30.967394489,735788,,rFF44,100206315,100.00,,
30.967394489,1672787014,,instructions,100207345,100.00,4.45,insn per cycle
30.967394489,375775160,,cycles,100207135,100.00,,
31.067605224,104303,,rD044,100209934,100.00,,
31.067605224,717809,,rFF44,100210434,100.00,,
31.067605224,1673047965,,instructions,100210144,100.00,4.45,insn per cycle
31.067605224,375787524,,cycles,100210554,100.00,,
31.167816488,96338,,rD044,100211035,100.00,,
31.167816488,745944,,rFF44,100211235,100.00,,
31.167816488,1673369026,,instructions,100211855,100.00,4.45,insn per cycle
31.167816488,375794701,,cycles,100212215,100.00,,
31.268027562,99024,,rD044,100210645,100.00,,
31.268027562,687774,,rFF44,100210885,100.00,,
31.268027562,1665636379,,instructions,100210525,100.00,4.43,insn per cycle
31.268027562,375785382,,cycles,100210055,100.00,,
31.368237757,106611,,rD044,100209105,100.00,,
31.368237757,720945,,rFF44,100209235,100.00,,
31.368237757,1662920521,,instructions,100208245,100.00,4.43,insn per cycle
31.368237757,375781260,,cycles,100208805,100.00,,
31.468447481,93470,,rD044,100208945,100.00,,
31.468447481,745861,,rFF44,100208345,100.00,,
31.468447481,1667641988,,instructions,100208845,100.00,4.44,insn per cycle
31.468447481,375779709,,cycles,100208395,100.00,,
31.568661526,102916,,rD044,100199734,100.00,,
31.568661526,712617,,rFF44,100199884,100.00,,
31.568661526,1667739762,,instructions,100200424,100.00,4.44,insn per cycle
31.568661526,375731031,,cycles,100200874,100.00,,
31.668875730,103798,,rD044,100213775,100.00,,
31.668875730,725281,,rFF44,100214385,100.00,,
31.668875730,1668091031,,instructions,100213755,100.00,4.44,insn per cycle
31.668875730,375798188,,cycles,100213255,100.00,,
31.769086284,94438,,rD044,100210065,100.00,,
31.769086284,737260,,rFF44,100209215,100.00,,
31.769086284,1671820585,,instructions,100209105,100.00,4.45,insn per cycle
31.769086284,375784060,,cycles,100209565,100.00,,
31.869296038,103989,,rD044,100209325,100.00,,
31.869296038,711402,,rFF44,100209255,100.00,,
31.869296038,1668364694,,instructions,100209705,100.00,4.44,insn per cycle
31.869296038,375782809,,cycles,100209255,100.00,,
31.969524733,65688,,rD044,100227805,100.00,,
31.969524733,706805,,rFF44,100228585,100.00,,
31.969524733,1673900294,,instructions,100228295,100.00,4.45,insn per cycle
31.969524733,375852964,,cycles,100228005,100.00,,
32.069734027,99287,,rD044,100208344,100.00,,
32.069734027,724379,,rFF44,100207244,100.00,,
32.069734027,1686987690,,instructions,100207174,100.00,4.49,insn per cycle
32.069734027,375775229,,cycles,100207165,100.00,,
32.169943062,106622,,rD044,100208795,100.00,,
32.169943062,717711,,rFF44,100209025,100.00,,
32.169943062,1685226335,,instructions,100209015,100.00,4.48,insn per cycle
32.169943062,375783615,,cycles,100209494,100.00,,
32.270152256,93510,,rD044,100208625,100.00,,
32.270152256,743084,,rFF44,100208635,100.00,,
32.270152256,1671647725,,instructions,100209015,100.00,4.45,insn per cycle
32.270152256,375781942,,cycles,100208865,100.00,,
32.370363100,104830,,rD044,100210165,100.00,,
32.370363100,720382,,rFF44,100210175,100.00,,
32.370363100,1664529311,,instructions,100226485,100.00,4.43,insn per cycle
32.370363100,375850300,,cycles,100227375,100.00,,
32.470590995,103417,,rD044,100227155,100.00,,
32.470590995,741366,,rFF44,100227085,100.00,,
32.470590995,1655005375,,instructions,100211095,100.00,4.40,insn per cycle
32.470590995,375785644,,cycles,100209715,100.00,,
32.570815549,94252,,rD044,100223555,100.00,,
32.570815549,705830,,rFF44,100223585,100.00,,
32.570815549,1660143285,,instructions,100222735,100.00,4.42,insn per cycle
32.570815549,375835030,,cycles,100223255,100.00,,
32.671025134,104739,,rD044,100185294,100.00,,
32.671025134,721457,,rFF44,100185744,100.00,,
32.671025134,1649121725,,instructions,100186644,100.00,4.39,insn per cycle
32.671025134,375663911,,cycles,100186414,100.00,,
32.771245878,97490,,rD044,100220255,100.00,,
32.771245878,749740,,rFF44,100219855,100.00,,
32.771245878,1653764727,,instructions,100219155,100.00,4.40,insn per cycle
32.771245878,375819226,,cycles,100218965,100.00,,
32.871455362,100432,,rD044,100207875,100.00,,
32.871455362,723934,,rFF44,100207675,100.00,,
32.871455362,1656953960,,instructions,100207585,100.00,4.41,insn per cycle
32.871455362,375777537,,cycles,100207815,100.00,,
32.971663907,103329,,rD044,100208045,100.00,,
32.971663907,725545,,rFF44,100208535,100.00,,
32.971663907,1657863279,,instructions,100208805,100.00,4.41,insn per cycle
32.971663907,375780261,,cycles,100208485,100.00,,
33.071873121,69762,,rD044,100208995,100.00,,
33.071873121,705943,,rFF44,100208845,100.00,,
33.071873121,1661072047,,instructions,100208485,100.00,4.42,insn per cycle
33.071873121,375780462,,cycles,100208615,100.00,,
33.172082685,104376,,rD044,100209124,100.00,,
33.172082685,713476,,rFF44,100209364,100.00,,
33.172082685,1656463048,,instructions,100209584,100.00,4.41,insn per cycle
33.172082685,375787929,,cycles,100210664,100.00,,
33.272294390,100924,,rD044,100211025,100.00,,
33.272294390,738444,,rFF44,100211295,100.00,,
33.272294390,1657952937,,instructions,100211575,100.00,4.41,insn per cycle
33.272294390,375789216,,cycles,100210885,100.00,,
33.372541354,97298,,rD044,100246205,100.00,,
33.372541354,727579,,rFF44,100245955,100.00,,
33.372541354,1662883494,,instructions,100246385,100.00,4.42,insn per cycle
33.372541354,375920192,,cycles,100245855,100.00,,
33.472749519,104477,,rD044,100207495,100.00,,
33.472749519,712685,,rFF44,100207885,100.00,,
33.472749519,1664278331,,instructions,100207995,100.00,4.43,insn per cycle
33.472749519,375783605,,cycles,100209425,100.00,,
33.572966483,93317,,rD044,100216025,100.00,,
33.572966483,746071,,rFF44,100215645,100.00,,
33.572966483,1669501550,,instructions,100215495,100.00,4.44,insn per cycle
33.572966483,375804308,,cycles,100215055,100.00,,
33.673177357,106648,,rD044,100196275,100.00,,
33.673177357,740291,,rFF44,100196565,100.00,,
33.673177357,1743291922,,instructions,100195805,100.00,4.64,insn per cycle
33.673177357,375704832,,cycles,100195595,100.00,,
33.773396032,110414,,rD044,100218064,100.00,,
33.773396032,753569,,rFF44,100218124,100.00,,
33.773396032,1743976945,,instructions,100218224,100.00,4.64,insn per cycle
33.773396032,375817412,,cycles,100218394,100.00,,
33.873608716,95508,,rD044,100212045,100.00,,
33.873608716,750672,,rFF44,100211545,100.00,,
33.873608716,1709197594,,instructions,100212475,100.00,4.55,insn per cycle
33.873608716,375792504,,cycles,100211895,100.00,,
33.973819361,105096,,rD044,100209985,100.00,,
33.973819361,729688,,rFF44,100210025,100.00,,
33.973819361,1692144781,,instructions,100209095,100.00,4.50,insn per cycle
33.973819361,375784524,,cycles,100209685,100.00,,
34.074030775,95205,,rD044,100210715,100.00,,
34.074030775,724226,,rFF44,100210975,100.00,,
34.074030775,1697249613,,instructions,100211035,100.00,4.52,insn per cycle
34.074030775,375786217,,cycles,100210075,100.00,,
34.174239949,101457,,rD044,100208255,100.00,,
34.174239949,727202,,rFF44,100207415,100.00,,
34.174239949,1690051517,,instructions,100208205,100.00,4.50,insn per cycle
34.174239949,375781145,,cycles,100208855,100.00,,
34.274450574,106989,,rD044,100210044,100.00,,
34.274450574,734449,,rFF44,100210094,100.00,,
34.274450574,1689095228,,instructions,100210094,100.00,4.49,insn per cycle
34.274450574,375784977,,cycles,100209754,100.00,,
34.374660418,94098,,rD044,100209235,100.00,,
34.374660418,754105,,rFF44,100209425,100.00,,
34.374660418,1690944860,,instructions,100208595,100.00,4.50,insn per cycle
34.374660418,375780889,,cycles,100208785,100.00,,
34.474881252,106574,,rD044,100219715,100.00,,
34.474881252,732469,,rFF44,100219785,100.00,,
34.474881252,1690198053,,instructions,100219645,100.00,4.50,insn per cycle
34.474881252,375822515,,cycles,100219825,100.00,,
34.575093787,101515,,rD044,100212665,100.00,,
34.575093787,760655,,rFF44,100213485,100.00,,
34.575093787,1713734814,,instructions,100214405,100.00,4.56,insn per cycle
34.575093787,375800564,,cycles,100213965,100.00,,
34.675305441,97423,,rD044,100186785,100.00,,
34.675305441,758174,,rFF44,100185805,100.00,,
34.675305441,1727975339,,instructions,100185145,100.00,4.60,insn per cycle
34.675305441,375655362,,cycles,100185375,100.00,,
34.775537766,105553,,rD044,100231515,100.00,,
34.775537766,744038,,rFF44,100232235,100.00,,
34.775537766,1727694038,,instructions,100232005,100.00,4.60,insn per cycle
34.775537766,375875502,,cycles,100234005,100.00,,
34.875750470,94212,,rD044,100212714,100.00,,
34.875750470,770862,,rFF44,100212284,100.00,,
34.875750470,1712421576,,instructions,100213044,100.00,4.56,insn per cycle
34.875750470,375790786,,cycles,100211304,100.00,,
34.975962084,107502,,rD044,100210165,100.00,,
34.975962084,748291,,rFF44,100210485,100.00,,
34.975962084,1714511356,,instructions,100209915,100.00,4.56,insn per cycle
34.975962084,375783903,,cycles,100209585,100.00,,
35.076170879,103994,,rD044,100208205,100.00,,
35.076170879,765803,,rFF44,100208425,100.00,,
35.076170879,1713443088,,instructions,100208015,100.00,4.56,insn per cycle
35.076170879,375779373,,cycles,100208315,100.00,,
35.176401153,91041,,rD044,100229855,100.00,,
35.176401153,754512,,rFF44,100229275,100.00,,
35.176401153,1720865385,,instructions,100229705,100.00,4.58,insn per cycle
35.176401153,375859740,,cycles,100229675,100.00,,
35.276613367,81729,,rD044,100211025,100.00,,
35.276613367,721472,,rFF44,100211395,100.00,,
35.276613367,1731871854,,instructions,100210705,100.00,4.61,insn per cycle
35.276613367,375787234,,cycles,100210435,100.00,,
35.376824622,97104,,rD044,100211034,100.00,,
35.376824622,780214,,rFF44,100210814,100.00,,
35.376824622,1730343621,,instructions,100211275,100.00,4.60,insn per cycle
35.376824622,375795669,,cycles,100212515,100.00,,
35.477035586,101309,,rD044,100210465,100.00,,
35.477035586,750163,,rFF44,100210225,100.00,,
35.477035586,1725785759,,instructions,100210794,100.00,4.59,insn per cycle
35.477035586,375786219,,cycles,100210084,100.00,,
35.577250541,102440,,rD044,100213925,100.00,,
35.577250541,767651,,rFF44,100214465,100.00,,
35.577250541,1730623448,,instructions,100213845,100.00,4.61,insn per cycle
35.577250541,375797068,,cycles,100213295,100.00,,
35.677458685,96628,,rD044,100196005,100.00,,
35.677458685,767345,,rFF44,100195175,100.00,,
35.677458685,1729991546,,instructions,100195955,100.00,4.60,insn per cycle
35.677458685,375714351,,cycles,100196015,100.00,,
35.777670389,110395,,rD044,100209845,100.00,,
35.777670389,749253,,rFF44,100210255,100.00,,
35.777670389,1723249157,,instructions,100209495,100.00,4.59,insn per cycle
35.777670389,375783132,,cycles,100209315,100.00,,
35.877878204,96969,,rD044,100207544,100.00,,
35.877878204,778531,,rFF44,100207334,100.00,,
35.877878204,1726076070,,instructions,100207544,100.00,4.59,insn per cycle
35.877878204,375779235,,cycles,100208045,100.00,,
35.978086558,100410,,rD044,100208075,100.00,,
35.978086558,750164,,rFF44,100208135,100.00,,
35.978086558,1719300693,,instructions,100208545,100.00,4.58,insn per cycle
35.978086558,375778502,,cycles,100208324,100.00,,
36.078296642,106484,,rD044,100209385,100.00,,
36.078296642,753034,,rFF44,100210005,100.00,,
36.078296642,1697968098,,instructions,100209075,100.00,4.52,insn per cycle
36.078296642,375773550,,cycles,100209545,100.00,,
36.178542007,94304,,rD044,100244865,100.00,,
36.178542007,760132,,rFF44,100244475,100.00,,
36.178542007,1699101694,,instructions,100245845,100.00,4.52,insn per cycle
36.178542007,375919984,,cycles,100245755,100.00,,
36.278753891,108020,,rD044,100210905,100.00,,
36.278753891,742108,,rFF44,100211105,100.00,,
36.278753891,1698214197,,instructions,100210705,100.00,4.52,insn per cycle
36.278753891,375791229,,cycles,100211485,100.00,,
36.378978826,98887,,rD044,100224685,100.00,,
36.378978826,768993,,rFF44,100225255,100.00,,
36.378978826,1696545523,,instructions,100224975,100.00,4.51,insn per cycle
36.378978826,375835958,,cycles,100223365,100.00,,
36.479189130,99754,,rD044,100209704,100.00,,
36.479189130,738779,,rFF44,100210095,100.00,,
36.479189130,1676972296,,instructions,100210305,100.00,4.46,insn per cycle
36.479189130,375789117,,cycles,100210735,100.00,,
36.579392924,104505,,rD044,100202515,100.00,,
36.579392924,708287,,rFF44,100202004,100.00,,
36.579392924,1677297104,,instructions,100201764,100.00,4.46,insn per cycle
36.579392924,375756496,,cycles,100202304,100.00,,
36.679604629,96237,,rD044,100185565,100.00,,
36.679604629,761343,,rFF44,100185085,100.00,,
36.679604629,1672270915,,instructions,100185365,100.00,4.45,insn per cycle
36.679604629,375649563,,cycles,100184585,100.00,,
36.779813773,112537,,rD044,100208825,100.00,,
36.779813773,732139,,rFF44,100209095,100.00,,
36.779813773,1674126278,,instructions,100208235,100.00,4.46,insn per cycle
36.779813773,375780050,,cycles,100208545,100.00,,
36.880023877,99512,,rD044,100209605,100.00,,
36.880023877,752202,,rFF44,100209535,100.00,,
36.880023877,1677973676,,instructions,100209855,100.00,4.47,insn per cycle
36.880023877,375784367,,cycles,100209585,100.00,,
36.980233512,98809,,rD044,100209264,100.00,,
36.980233512,744637,,rFF44,100209174,100.00,,
36.980233512,1713800783,,instructions,100209404,100.00,4.56,insn per cycle
36.980233512,375783888,,cycles,100209584,100.00,,
37.080444876,109194,,rD044,100210075,100.00,,
37.080444876,736601,,rFF44,100209845,100.00,,
37.080444876,1709015925,,instructions,100210845,100.00,4.55,insn per cycle
37.080444876,375793713,,cycles,100211955,100.00,,
37.180656510,96835,,rD044,100211025,100.00,,
37.180656510,762374,,rFF44,100210895,100.00,,
37.180656510,1716210574,,instructions,100209915,100.00,4.57,insn per cycle
37.180656510,375780474,,cycles,100208735,100.00,,
37.280867855,105103,,rD044,100210695,100.00,,
37.280867855,732794,,rFF44,100210955,100.00,,
37.280867855,1712262554,,instructions,100211435,100.00,4.56,insn per cycle
37.280867855,375790086,,cycles,100211185,100.00,,
37.381077979,100712,,rD044,100209445,100.00,,
37.381077979,758601,,rFF44,100209005,100.00,,
37.381077979,1745800248,,instructions,100208055,100.00,4.65,insn per cycle
37.381077979,375780041,,cycles,100208565,100.00,,
37.481287373,99656,,rD044,100209174,100.00,,
37.481287373,757906,,rFF44,100209024,100.00,,
37.481287373,1783298259,,instructions,100209164,100.00,4.75,insn per cycle
37.481287373,375782488,,cycles,100209044,100.00,,
37.581520588,109156,,rD044,100232755,100.00,,
37.581520588,743461,,rFF44,100233785,100.00,,
37.581520588,1753034635,,instructions,100233615,100.00,4.66,insn per cycle
37.581520588,375874768,,cycles,100233855,100.00,,
37.681728612,95847,,rD044,100194565,100.00,,
37.681728612,739952,,rFF44,100193975,100.00,,
37.681728612,1640386132,,instructions,100194985,100.00,4.37,insn per cycle
37.681728612,375709549,,cycles,100194935,100.00,,
37.781938367,102313,,rD044,100209225,100.00,,
37.781938367,713464,,rFF44,100209295,100.00,,
37.781938367,1639372280,,instructions,100209635,100.00,4.36,insn per cycle
37.781938367,375784819,,cycles,100209645,100.00,,
37.882148771,70828,,rD044,100209445,100.00,,
37.882148771,696663,,rFF44,100209555,100.00,,
37.882148771,1649384401,,instructions,100208575,100.00,4.39,insn per cycle
37.882148771,375779048,,cycles,100208355,100.00,,
37.982357475,96306,,rD044,100208194,100.00,,
37.982357475,730232,,rFF44,100207845,100.00,,
37.982357475,1645998273,,instructions,100207755,100.00,4.38,insn per cycle
37.982357475,375843570,,cycles,100225485,100.00,,
38.082584240,105603,,rD044,100226515,100.00,,
38.082584240,722545,,rFF44,100226284,100.00,,
38.082584240,1647596570,,instructions,100226544,100.00,4.38,insn per cycle
38.082584240,375780846,,cycles,100208714,100.00,,
38.182793754,95734,,rD044,100208765,100.00,,
38.182793754,716243,,rFF44,100209505,100.00,,
38.182793754,1670881488,,instructions,100209975,100.00,4.45,insn per cycle
38.182793754,375785437,,cycles,100209875,100.00,,
38.283017389,102465,,rD044,100222925,100.00,,
38.283017389,725367,,rFF44,100222465,100.00,,
38.283017389,1683578338,,instructions,100221975,100.00,4.48,insn per cycle
38.283017389,375831141,,cycles,100222125,100.00,,
38.383229863,106173,,rD044,100212435,100.00,,
38.383229863,731900,,rFF44,100213035,100.00,,
38.383229863,1676372650,,instructions,100212595,100.00,4.46,insn per cycle
38.383229863,375795603,,cycles,100212595,100.00,,
38.483441797,93624,,rD044,100210495,100.00,,
38.483441797,756689,,rFF44,100210205,100.00,,
38.483441797,1677244454,,instructions,100210525,100.00,4.46,insn per cycle
38.483441797,375788968,,cycles,100210715,100.00,,
38.583656661,106648,,rD044,100214384,100.00,,
38.583656661,733904,,rFF44,100214174,100.00,,
38.583656661,1677435694,,instructions,100214335,100.00,4.46,insn per cycle
38.583656661,375801879,,cycles,100214535,100.00,,
38.683864256,67377,,rD044,100193645,100.00,,
38.683864256,721687,,rFF44,100193685,100.00,,
38.683864256,1678522328,,instructions,100194514,100.00,4.47,insn per cycle
38.683864256,375706229,,cycles,100194544,100.00,,
38.784077450,99013,,rD044,100211805,100.00,,
38.784077450,744829,,rFF44,100212565,100.00,,
38.784077450,1681701895,,instructions,100212115,100.00,4.48,insn per cycle
38.784077450,375792530,,cycles,100211835,100.00,,
38.884296535,107550,,rD044,100206945,100.00,,
38.884296535,738407,,rFF44,100206165,100.00,,
38.884296535,1681123477,,instructions,100205265,100.00,4.47,insn per cycle
38.884296535,375744785,,cycles,100205375,100.00,,
38.984541069,93407,,rD044,100243925,100.00,,
38.984541069,760997,,rFF44,100244035,100.00,,
38.984541069,1673498044,,instructions,100244595,100.00,4.45,insn per cycle
38.984541069,375914015,,cycles,100244195,100.00,,
39.084749364,105591,,rD044,100206705,100.00,,
39.084749364,727999,,rFF44,100207095,100.00,,
39.084749364,1672477791,,instructions,100207075,100.00,4.45,insn per cycle
39.084749364,375774369,,cycles,100207025,100.00,,
39.184955908,104220,,rD044,100206634,100.00,,
39.184955908,708444,,rFF44,100206964,100.00,,
39.184955908,1675684299,,instructions,100206934,100.00,4.46,insn per cycle
39.184955908,375774448,,cycles,100207054,100.00,,
39.285165482,95374,,rD044,100208795,100.00,,
39.285165482,743360,,rFF44,100207805,100.00,,
39.285165482,1686788417,,instructions,100208775,100.00,4.49,insn per cycle
39.285165482,375783650,,cycles,100209455,100.00,,
39.385398197,105727,,rD044,100231865,100.00,,
39.385398197,734299,,rFF44,100232165,100.00,,
39.385398197,1721782251,,instructions,100230885,100.00,4.58,insn per cycle
39.385398197,375866114,,cycles,100231445,100.00,,
39.485609501,95628,,rD044,100210905,100.00,,
39.485609501,765642,,rFF44,100210655,100.00,,
39.485609501,1726571378,,instructions,100210675,100.00,4.59,insn per cycle
39.485609501,375781999,,cycles,100208835,100.00,,
39.585822536,104254,,rD044,100198985,100.00,,
39.585822536,736161,,rFF44,100199455,100.00,,
39.585822536,1696582800,,instructions,100199615,100.00,4.52,insn per cycle
39.585822536,375730528,,cycles,100200935,100.00,,
39.686031910,105014,,rD044,100208995,100.00,,
39.686031910,742810,,rFF44,100208435,100.00,,
39.686031910,1685052845,,instructions,100208425,100.00,4.48,insn per cycle
39.686031910,375777073,,cycles,100207615,100.00,,
39.786243754,94390,,rD044,100200164,100.00,,
39.786243754,745195,,rFF44,100200734,100.00,,
39.786243754,1680566134,,instructions,100199834,100.00,4.47,insn per cycle
39.786243754,375728321,,cycles,100199794,100.00,,
39.886453889,111176,,rD044,100209395,100.00,,
39.886453889,729025,,rFF44,100209295,100.00,,
39.886453889,1699508458,,instructions,100210215,100.00,4.52,insn per cycle
39.886453889,375788562,,cycles,100210585,100.00,,
39.986665143,99691,,rD044,100210405,100.00,,
39.986665143,762490,,rFF44,100210665,100.00,,
39.986665143,1694424200,,instructions,100211315,100.00,4.51,insn per cycle
39.986665143,375788755,,cycles,100211015,100.00,,
40.086875807,98562,,rD044,100210045,100.00,,
40.086875807,731222,,rFF44,100209895,100.00,,
40.086875807,1688872438,,instructions,100210175,100.00,4.49,insn per cycle
40.086875807,375788193,,cycles,100210605,100.00,,
40.187116432,74648,,rD044,100239835,100.00,,
40.187116432,699854,,rFF44,100239515,100.00,,
40.187116432,1681808695,,instructions,100239315,100.00,4.47,insn per cycle
40.187116432,375893554,,cycles,100238765,100.00,,
40.287307726,96691,,rD044,100190104,100.00,,
40.287307726,751992,,rFF44,100190104,100.00,,
40.287307726,1677092165,,instructions,100190304,100.00,4.46,insn per cycle
40.287307726,375712910,,cycles,100190654,100.00,,
40.387533331,106632,,rD044,100225385,100.00,,
40.387533331,728294,,rFF44,100225385,100.00,,
40.387533331,1680231922,,instructions,100224455,100.00,4.47,insn per cycle
40.387533331,375840540,,cycles,100224565,100.00,,
40.487745195,99345,,rD044,100211055,100.00,,
40.487745195,749027,,rFF44,100211665,100.00,,
40.487745195,1674649974,,instructions,100212475,100.00,4.46,insn per cycle
40.487745195,375794484,,cycles,100212415,100.00,,
40.587951629,96545,,rD044,100205905,100.00,,
40.587951629,731918,,rFF44,100204945,100.00,,
40.587951629,1661393075,,instructions,100203725,100.00,4.42,insn per cycle
40.587951629,375763599,,cycles,100204035,100.00,,
40.688161183,109570,,rD044,100186635,100.00,,
40.688161183,722291,,rFF44,100186755,100.00,,
40.688161183,1648059738,,instructions,100187005,100.00,4.39,insn per cycle
40.688161183,375664957,,cycles,100186455,100.00,,
40.788360168,94894,,rD044,100198374,100.00,,
40.788360168,713035,,rFF44,100198504,100.00,,
40.788360168,1651720309,,instructions,100199004,100.00,4.40,insn per cycle
40.788360168,375774162,,cycles,100206934,100.00,,
40.888576632,100684,,rD044,100215685,100.00,,
40.888576632,718333,,rFF44,100215945,100.00,,
40.888576632,1650241471,,instructions,100215605,100.00,4.39,insn per cycle
40.888576632,375780154,,cycles,100208465,100.00,,
40.988786936,105734,,rD044,100210115,100.00,,
40.988786936,727451,,rFF44,100210425,100.00,,
40.988786936,1668136286,,instructions,100210505,100.00,4.44,insn per cycle
40.988786936,375785164,,cycles,100209855,100.00,,
41.088999281,94679,,rD044,100211505,100.00,,
41.088999281,737081,,rFF44,100210825,100.00,,
41.088999281,1672963289,,instructions,100210945,100.00,4.45,insn per cycle
41.088999281,375788143,,cycles,100210715,100.00,,
41.189208235,104365,,rD044,100208285,100.00,,
41.189208235,716712,,rFF44,100208535,100.00,,
41.189208235,1652813563,,instructions,100207985,100.00,4.40,insn per cycle
41.189208235,375777561,,cycles,100207835,100.00,,
41.289416089,66018,,rD044,100207044,100.00,,
41.289416089,713716,,rFF44,100207074,100.00,,
41.289416089,1658569888,,instructions,100207534,100.00,4.41,insn per cycle
41.289416089,375776530,,cycles,100207504,100.00,,
41.389624634,99580,,rD044,100208185,100.00,,
41.389624634,724691,,rFF44,100207915,100.00,,
41.389624634,1654144860,,instructions,100207515,100.00,4.40,insn per cycle
41.389624634,375779593,,cycles,100208385,100.00,,
41.489835198,105689,,rD044,100209355,100.00,,
41.489835198,723344,,rFF44,100209425,100.00,,
41.489835198,1652812061,,instructions,100209405,100.00,4.40,insn per cycle
41.489835198,375783924,,cycles,100209595,100.00,,
41.590049472,92934,,rD044,100213865,100.00,,
41.590049472,745556,,rFF44,100213805,100.00,,
41.590049472,1655323132,,instructions,100214045,100.00,4.40,insn per cycle
41.590049472,375800365,,cycles,100213645,100.00,,
41.690259447,106788,,rD044,100194475,100.00,,
41.690259447,723333,,rFF44,100194685,100.00,,
41.690259447,1658300736,,instructions,100194935,100.00,4.41,insn per cycle
41.690259447,375706746,,cycles,100194465,100.00,,
41.790469761,102514,,rD044,100210344,100.00,,
41.790469761,700560,,rFF44,100210304,100.00,,
41.790469761,1659577257,,instructions,100210414,100.00,4.42,insn per cycle
41.790469761,375786956,,cycles,100210404,100.00,,
41.890682875,94312,,rD044,100212235,100.00,,
41.890682875,736811,,rFF44,100212785,100.00,,
41.890682875,1657779234,,instructions,100212135,100.00,4.41,insn per cycle
41.890682875,375794037,,cycles,100211955,100.00,,
41.990895760,105572,,rD044,100212725,100.00,,
41.990895760,727321,,rFF44,100212605,100.00,,
41.990895760,1636976971,,instructions,100213365,100.00,4.36,insn per cycle
41.990895760,375800848,,cycles,100214115,100.00,,
42.091135504,89776,,rD044,100238665,100.00,,
42.091135504,749561,,rFF44,100238705,100.00,,
42.091135504,1658506839,,instructions,100239895,100.00,4.41,insn per cycle
42.091135504,375900616,,cycles,100240645,100.00,,
42.191349349,100146,,rD044,100213535,100.00,,
42.191349349,723263,,rFF44,100213615,100.00,,
42.191349349,1656558931,,instructions,100212035,100.00,4.41,insn per cycle
42.191349349,375792701,,cycles,100212015,100.00,,
42.291596363,76853,,rD044,100245855,100.00,,
42.291596363,689116,,rFF44,100245075,100.00,,
42.291596363,1659432388,,instructions,100245385,100.00,4.41,insn per cycle
42.291596363,375915667,,cycles,100244635,100.00,,
42.391807098,92922,,rD044,100210134,100.00,,
42.391807098,737318,,rFF44,100210175,100.00,,
42.391807098,1653194816,,instructions,100209975,100.00,4.40,insn per cycle
42.391807098,375784058,,cycles,100209655,100.00,,
42.492019272,105660,,rD044,100211325,100.00,,
42.492019272,717863,,rFF44,100211104,100.00,,
42.492019272,1653819188,,instructions,100211714,100.00,4.40,insn per cycle
42.492019272,375797479,,cycles,100213144,100.00,,
42.592235006,100836,,rD044,100201145,100.00,,
42.592235006,738875,,rFF44,100201495,100.00,,
42.592235006,1652033710,,instructions,100201295,100.00,4.40,insn per cycle
42.592235006,375728537,,cycles,100199965,100.00,,
42.692445311,96263,,rD044,100208805,100.00,,
42.692445311,738392,,rFF44,100208855,100.00,,
42.692445311,1653792827,,instructions,100208475,100.00,4.40,insn per cycle
42.692445311,375779415,,cycles,100208255,100.00,,
42.792654185,103722,,rD044,100208845,100.00,,
42.792654185,688538,,rFF44,100209345,100.00,,
42.792654185,1656754540,,instructions,100208855,100.00,4.41,insn per cycle
42.792654185,375781972,,cycles,100209095,100.00,,
42.892864510,99727,,rD044,100209555,100.00,,
42.892864510,750008,,rFF44,100209395,100.00,,
42.892864510,1652238292,,instructions,100210625,100.00,4.40,insn per cycle
42.892864510,375789204,,cycles,100210935,100.00,,
42.993078154,104320,,rD044,100213034,100.00,,
42.993078154,724443,,rFF44,100213264,100.00,,
42.993078154,1651328358,,instructions,100213394,100.00,4.39,insn per cycle
42.993078154,375801358,,cycles,100213904,100.00,,
43.093291218,102578,,rD044,100212015,100.00,,
43.093291218,731472,,rFF44,100211705,100.00,,
43.093291218,1651789620,,instructions,100210575,100.00,4.40,insn per cycle
43.093291218,375786468,,cycles,100210485,100.00,,
43.193521683,93371,,rD044,100229825,100.00,,
43.193521683,734177,,rFF44,100229405,100.00,,
43.193521683,1654018772,,instructions,100229225,100.00,4.40,insn per cycle
43.193521683,375853440,,cycles,100228075,100.00,,
43.293731857,77812,,rD044,100209795,100.00,,
43.293731857,682306,,rFF44,100209775,100.00,,
43.293731857,1655958571,,instructions,100209965,100.00,4.41,insn per cycle
43.293731857,375789945,,cycles,100211065,100.00,,
43.393944462,98816,,rD044,100211815,100.00,,
43.393944462,745761,,rFF44,100211885,100.00,,
43.393944462,1659712868,,instructions,100211715,100.00,4.42,insn per cycle
43.393944462,375790683,,cycles,100211335,100.00,,
43.494156926,96324,,rD044,100211804,100.00,,
43.494156926,732368,,rFF44,100211514,100.00,,
43.494156926,1659171541,,instructions,100211884,100.00,4.42,insn per cycle
43.494156926,375793935,,cycles,100212265,100.00,,
43.594371810,107535,,rD044,100230825,100.00,,
43.594371810,726894,,rFF44,100231535,100.00,,
43.594371810,1655488355,,instructions,100231275,100.00,4.40,insn per cycle
43.594371810,375862411,,cycles,100230394,100.00,,
43.694596175,96013,,rD044,100193334,100.00,,
43.694596175,750762,,rFF44,100193394,100.00,,
43.694596175,1655259888,,instructions,100193574,100.00,4.41,insn per cycle
43.694596175,375703094,,cycles,100193514,100.00,,
43.794805679,101099,,rD044,100209045,100.00,,
43.794805679,690246,,rFF44,100208085,100.00,,
43.794805679,1658936538,,instructions,100208625,100.00,4.41,insn per cycle
43.794805679,375783684,,cycles,100209465,100.00,,
43.895042274,101488,,rD044,100236325,100.00,,
43.895042274,736489,,rFF44,100236245,100.00,,
43.895042274,1656538775,,instructions,100235105,100.00,4.41,insn per cycle
43.895042274,375873154,,cycles,100234135,100.00,,
43.995260088,95483,,rD044,100217195,100.00,,
43.995260088,740523,,rFF44,100218185,100.00,,
43.995260088,1655442051,,instructions,100218475,100.00,4.40,insn per cycle
43.995260088,375812475,,cycles,100218765,100.00,,
44.095470512,106389,,rD044,100210074,100.00,,
44.095470512,720862,,rFF44,100209634,100.00,,
44.095470512,1654725637,,instructions,100210125,100.00,4.40,insn per cycle
44.095470512,375786935,,cycles,100210335,100.00,,
44.195681727,95543,,rD044,100210025,100.00,,
44.195681727,753599,,rFF44,100210505,100.00,,
44.195681727,1656740133,,instructions,100209744,100.00,4.41,insn per cycle
44.195681727,375786028,,cycles,100210164,100.00,,
44.295892721,100064,,rD044,100210945,100.00,,
44.295892721,725571,,rFF44,100210195,100.00,,
44.295892721,1655575600,,instructions,100210695,100.00,4.41,insn per cycle
44.295892721,375775697,,cycles,100209945,100.00,,
44.396103185,76575,,rD044,100209195,100.00,,
44.396103185,698791,,rFF44,100210085,100.00,,
44.396103185,1659649208,,instructions,100210135,100.00,4.42,insn per cycle
44.396103185,375786773,,cycles,100210375,100.00,,
44.496306610,92846,,rD044,100202355,100.00,,
44.496306610,745535,,rFF44,100202035,100.00,,
44.496306610,1652490577,,instructions,100201735,100.00,4.40,insn per cycle
44.496306610,375753651,,cycles,100201635,100.00,,
44.596533474,105566,,rD044,100212875,100.00,,
44.596533474,731600,,rFF44,100213005,100.00,,
44.596533474,1648079873,,instructions,100213835,100.00,4.39,insn per cycle
44.596533474,375779940,,cycles,100214375,100.00,,
44.696747469,102062,,rD044,100200884,100.00,,
44.696747469,742470,,rFF44,100201244,100.00,,
44.696747469,1647020011,,instructions,100200854,100.00,4.38,insn per cycle
44.696747469,375736572,,cycles,100199814,100.00,,
44.796962563,95775,,rD044,100214725,100.00,,
44.796962563,727456,,rFF44,100214325,100.00,,
44.796962563,1658331052,,instructions,100214775,100.00,4.41,insn per cycle
44.796962563,375803756,,cycles,100215085,100.00,,
44.897165547,104547,,rD044,100190355,100.00,,
44.897165547,677906,,rFF44,100189735,100.00,,
44.897165547,1656790940,,instructions,100189005,100.00,4.41,insn per cycle
44.897165547,375689608,,cycles,100189495,100.00,,
44.997373782,95795,,rD044,100224445,100.00,,
44.997373782,753848,,rFF44,100225545,100.00,,
44.997373782,1687589476,,instructions,100225905,100.00,4.49,insn per cycle
44.997373782,375843086,,cycles,100225315,100.00,,
45.097600146,103626,,rD044,100208765,100.00,,
45.097600146,726211,,rFF44,100207425,100.00,,
45.097600146,1687716485,,instructions,100206915,100.00,4.49,insn per cycle
45.097600146,375773748,,cycles,100206765,100.00,,
45.197808640,103332,,rD044,100207664,100.00,,
45.197808640,737233,,rFF44,100207874,100.00,,
45.197808640,1694870241,,instructions,100207614,100.00,4.51,insn per cycle
45.197808640,375779285,,cycles,100208254,100.00,,
45.298015975,95142,,rD044,100206435,100.00,,
45.298015975,751911,,rFF44,100207175,100.00,,
45.298015975,1699886034,,instructions,100207335,100.00,4.52,insn per cycle
45.298015975,375776392,,cycles,100207615,100.00,,
45.398224509,110135,,rD044,100208375,100.00,,
45.398224509,730505,,rFF44,100208155,100.00,,
45.398224509,1701419014,,instructions,100208265,100.00,4.53,insn per cycle
45.398224509,375777725,,cycles,100207885,100.00,,
45.498427933,67547,,rD044,100202135,100.00,,
45.498427933,729778,,rFF44,100201925,100.00,,
45.498427933,1705686777,,instructions,100202095,100.00,4.54,insn per cycle
45.498427933,375755075,,cycles,100201815,100.00,,
45.598635837,98242,,rD044,100194194,100.00,,
45.598635837,735751,,rFF44,100194074,100.00,,
45.598635837,1701123753,,instructions,100194435,100.00,4.53,insn per cycle
45.598635837,375707503,,cycles,100194495,100.00,,
45.698845412,105875,,rD044,100208845,100.00,,
45.698845412,738059,,rFF44,100208995,100.00,,
45.698845412,1699478733,,instructions,100208704,100.00,4.52,insn per cycle
45.698845412,375780227,,cycles,100208554,100.00,,
45.799083206,95504,,rD044,100237335,100.00,,
45.799083206,758721,,rFF44,100237115,100.00,,
45.799083206,1704854396,,instructions,100237135,100.00,4.54,insn per cycle
45.799083206,375889485,,cycles,100237595,100.00,,
45.899292091,106148,,rD044,100208075,100.00,,
45.899292091,736837,,rFF44,100207835,100.00,,
45.899292091,1706615411,,instructions,100208035,100.00,4.54,insn per cycle
45.899292091,375777782,,cycles,100207965,100.00,,
45.999519415,103791,,rD044,100226565,100.00,,
45.999519415,757979,,rFF44,100226895,100.00,,
45.999519415,1701111221,,instructions,100226425,100.00,4.53,insn per cycle
45.999519415,375842391,,cycles,100225945,100.00,,
46.099730000,97674,,rD044,100209755,100.00,,
46.099730000,740278,,rFF44,100209445,100.00,,
46.099730000,1696543327,,instructions,100209545,100.00,4.51,insn per cycle
46.099730000,375784536,,cycles,100209415,100.00,,
46.199939944,110612,,rD044,100209534,100.00,,
46.199939944,729087,,rFF44,100209754,100.00,,
46.199939944,1691537387,,instructions,100210335,100.00,4.50,insn per cycle
46.199939944,375790845,,cycles,100211595,100.00,,
46.300150598,94781,,rD044,100210265,100.00,,
46.300150598,718176,,rFF44,100210355,100.00,,
46.300150598,1688781519,,instructions,100210374,100.00,4.49,insn per cycle
46.300150598,375785539,,cycles,100209964,100.00,,
46.400358422,102812,,rD044,100206935,100.00,,
46.400358422,730272,,rFF44,100206895,100.00,,
46.400358422,1682230355,,instructions,100206615,100.00,4.48,insn per cycle
46.400358422,375895477,,cycles,100239245,100.00,,
46.500601667,101265,,rD044,100241635,100.00,,
46.500601667,745684,,rFF44,100241365,100.00,,
46.500601667,1676596297,,instructions,100240975,100.00,4.46,insn per cycle
46.500601667,375778177,,cycles,100208095,100.00,,
46.600811502,95684,,rD044,100209825,100.00,,
46.600811502,743497,,rFF44,100210055,100.00,,
46.600811502,1677480944,,instructions,100210195,100.00,4.46,insn per cycle
46.600811502,375786179,,cycles,100210025,100.00,,
46.701021176,105448,,rD044,100195735,100.00,,
46.701021176,727288,,rFF44,100196445,100.00,,
46.701021176,1675378350,,instructions,100196255,100.00,4.46,insn per cycle
46.701021176,375716143,,cycles,100196785,100.00,,
46.801234540,93940,,rD044,100212544,100.00,,
46.801234540,755471,,rFF44,100211864,100.00,,
46.801234540,1681016454,,instructions,100212454,100.00,4.47,insn per cycle
46.801234540,375794218,,cycles,100212284,100.00,,
46.901445615,72416,,rD044,100210105,100.00,,
46.901445615,695864,,rFF44,100210205,100.00,,
46.901445615,1682515848,,instructions,100210655,100.00,4.48,insn per cycle
46.901445615,375786488,,cycles,100210205,100.00,,
47.001657289,106617,,rD044,100211165,100.00,,
47.001657289,735431,,rFF44,100211325,100.00,,
47.001657289,1677070004,,instructions,100210715,100.00,4.46,insn per cycle
47.001657289,375790502,,cycles,100211345,100.00,,
47.101869533,93778,,rD044,100211745,100.00,,
47.101869533,748412,,rFF44,100211655,100.00,,
47.101869533,1677420149,,instructions,100211485,100.00,4.46,insn per cycle
47.101869533,375790115,,cycles,100211185,100.00,,
47.202081558,106680,,rD044,100211415,100.00,,
47.202081558,724723,,rFF44,100211405,100.00,,
47.202081558,1677977083,,instructions,100210855,100.00,4.47,insn per cycle
47.202081558,375789690,,cycles,100210815,100.00,,
47.302293062,98749,,rD044,100210894,100.00,,
47.302293062,751448,,rFF44,100210964,100.00,,
47.302293062,1676905231,,instructions,100211454,100.00,4.46,insn per cycle
47.302293062,375791187,,cycles,100211654,100.00,,
47.402523946,97133,,rD044,100229935,100.00,,
47.402523946,732833,,rFF44,100229815,100.00,,
47.402523946,1677180841,,instructions,100229785,100.00,4.46,insn per cycle
47.402523946,375858204,,cycles,100229395,100.00,,
47.502727831,104369,,rD044,100202965,100.00,,
47.502727831,727167,,rFF44,100202695,100.00,,
47.502727831,1676967736,,instructions,100202395,100.00,4.46,insn per cycle
47.502727831,375756853,,cycles,100202245,100.00,,
47.602937395,94237,,rD044,100193155,100.00,,
47.602937395,719840,,rFF44,100193135,100.00,,
47.602937395,1682883179,,instructions,100193605,100.00,4.48,insn per cycle
47.602937395,375701878,,cycles,100193625,100.00,,
47.703175730,106630,,rD044,100238655,100.00,,
47.703175730,718226,,rFF44,100239585,100.00,,
47.703175730,1671674792,,instructions,100240305,100.00,4.45,insn per cycle
47.703175730,375900896,,cycles,100240675,100.00,,
47.803405214,101591,,rD044,100227695,100.00,,
47.803405214,745609,,rFF44,100227785,100.00,,
47.803405214,1684601583,,instructions,100227095,100.00,4.48,insn per cycle
47.803405214,375848245,,cycles,100226745,100.00,,
47.903612669,95047,,rD044,100207294,100.00,,
47.903612669,744816,,rFF44,100206154,100.00,,
47.903612669,1698063239,,instructions,100205725,100.00,4.52,insn per cycle
47.903612669,375769269,,cycles,100205625,100.00,,
48.003823173,108296,,rD044,100209025,100.00,,
48.003823173,730810,,rFF44,100209245,100.00,,
48.003823173,1704739613,,instructions,100209354,100.00,4.54,insn per cycle
48.003823173,375784129,,cycles,100209584,100.00,,
48.104033267,97586,,rD044,100209475,100.00,,
48.104033267,759699,,rFF44,100209695,100.00,,
48.104033267,1702370691,,instructions,100209785,100.00,4.53,insn per cycle
48.104033267,375788322,,cycles,100210695,100.00,,
48.204243812,101211,,rD044,100210325,100.00,,
48.204243812,735764,,rFF44,100210475,100.00,,
48.204243812,1706770009,,instructions,100211205,100.00,4.54,insn per cycle
48.204243812,375787871,,cycles,100210535,100.00,,
48.304455986,102483,,rD044,100211595,100.00,,
48.304455986,742305,,rFF44,100211335,100.00,,
48.304455986,1701029455,,instructions,100210625,100.00,4.53,insn per cycle
48.304455986,375786805,,cycles,100210275,100.00,,
48.404666470,65741,,rD044,100210154,100.00,,
48.404666470,715843,,rFF44,100210394,100.00,,
48.404666470,1701182749,,instructions,100210415,100.00,4.53,insn per cycle
48.404666470,375788725,,cycles,100210845,100.00,,
48.504868085,109923,,rD044,100200005,100.00,,
48.504868085,730911,,rFF44,100200055,100.00,,
48.504868085,1693251810,,instructions,100200934,100.00,4.51,insn per cycle
48.504868085,375747546,,cycles,100200684,100.00,,
48.605072579,97312,,rD044,100181115,100.00,,
48.605072579,761039,,rFF44,100181315,100.00,,
48.605072579,1682253195,,instructions,100179935,100.00,4.48,insn per cycle
48.605072579,375644041,,cycles,100180785,100.00,,
48.705284003,98915,,rD044,100210805,100.00,,
48.705284003,732993,,rFF44,100210205,100.00,,
48.705284003,1678392358,,instructions,100211625,100.00,4.47,insn per cycle
48.705284003,375787808,,cycles,100210465,100.00,,
48.805498617,107647,,rD044,100213935,100.00,,
48.805498617,734348,,rFF44,100214475,100.00,,
48.805498617,1682121152,,instructions,100213555,100.00,4.48,insn per cycle
48.805498617,375800634,,cycles,100214075,100.00,,
48.905709342,95157,,rD044,100210364,100.00,,
48.905709342,741827,,rFF44,100209714,100.00,,
48.905709342,1651708425,,instructions,100209654,100.00,4.40,insn per cycle
48.905709342,375784524,,cycles,100209694,100.00,,
49.005917796,103593,,rD044,100207435,100.00,,
49.005917796,689528,,rFF44,100207785,100.00,,
49.005917796,1644401633,,instructions,100208645,100.00,4.38,insn per cycle
49.005917796,375780060,,cycles,100208505,100.00,,
49.106134710,105038,,rD044,100216465,100.00,,
49.106134710,741335,,rFF44,100216515,100.00,,
49.106134710,1651584281,,instructions,100215625,100.00,4.39,insn per cycle
49.106134710,375808057,,cycles,100216745,100.00,,
49.206346715,97320,,rD044,100211465,100.00,,
49.206346715,737681,,rFF44,100211195,100.00,,
49.206346715,1652676815,,instructions,100211495,100.00,4.40,insn per cycle
49.206346715,375789406,,cycles,100210985,100.00,,
49.306576619,104463,,rD044,100229675,100.00,,
49.306576619,722729,,rFF44,100229045,100.00,,
49.306576619,1652386168,,instructions,100229185,100.00,4.40,insn per cycle
49.306576619,375859566,,cycles,100229765,100.00,,
49.406785214,63844,,rD044,100207415,100.00,,
49.406785214,720830,,rFF44,100208355,100.00,,
49.406785214,1657977437,,instructions,100207945,100.00,4.41,insn per cycle
49.406785214,375773599,,cycles,100206775,100.00,,
49.506988758,103623,,rD044,100202074,100.00,,
49.506988758,725308,,rFF44,100201904,100.00,,
49.506988758,1653281305,,instructions,100202244,100.00,4.40,insn per cycle
49.506988758,375757178,,cycles,100202404,100.00,,
49.607227933,103986,,rD044,100239645,100.00,,
49.607227933,729823,,rFF44,100239315,100.00,,
49.607227933,1659082209,,instructions,100238815,100.00,4.41,insn per cycle
49.607227933,375893378,,cycles,100238655,100.00,,
49.707437367,95462,,rD044,100194045,100.00,,
49.707437367,767227,,rFF44,100194515,100.00,,
49.707437367,1710946660,,instructions,100194905,100.00,4.55,insn per cycle
49.707437367,375705850,,cycles,100194445,100.00,,
49.807647921,108412,,rD044,100210175,100.00,,
49.807647921,741779,,rFF44,100210235,100.00,,
49.807647921,1714507437,,instructions,100210845,100.00,4.56,insn per cycle
49.807647921,375789228,,cycles,100210945,100.00,,
49.907858366,97965,,rD044,100209095,100.00,,
49.907858366,765063,,rFF44,100208805,100.00,,
49.907858366,1707969753,,instructions,100207715,100.00,4.55,insn per cycle
49.907858366,375781769,,cycles,100208895,100.00,,
50.008069700,99154,,rD044,100198754,100.00,,
50.008069700,730864,,rFF44,100198334,100.00,,
50.008069700,1678136910,,instructions,100198624,100.00,4.47,insn per cycle
50.008069700,375720923,,cycles,100197884,100.00,,
50.108279404,104609,,rD044,100209265,100.00,,
50.108279404,739813,,rFF44,100209455,100.00,,
50.108279404,1699698769,,instructions,100209635,100.00,4.52,insn per cycle
50.108279404,375784066,,cycles,100209305,100.00,,
50.208489309,95431,,rD044,100209475,100.00,,
50.208489309,758286,,rFF44,100209475,100.00,,
50.208489309,1701297508,,instructions,100209435,100.00,4.53,insn per cycle
50.208489309,375782296,,cycles,100209305,100.00,,
50.308696243,109478,,rD044,100205355,100.00,,
50.308696243,697823,,rFF44,100205305,100.00,,
50.308696243,1692448075,,instructions,100205235,100.00,4.50,insn per cycle
50.308696243,375767386,,cycles,100205135,100.00,,
50.408902977,100884,,rD044,100206995,100.00,,
50.408902977,760638,,rFF44,100206845,100.00,,
50.408902977,1711688606,,instructions,100206185,100.00,4.56,insn per cycle
50.408902977,375773065,,cycles,100206615,100.00,,
50.509106221,96476,,rD044,100201744,100.00,,
50.509106221,756183,,rFF44,100201424,100.00,,
50.509106221,1717971445,,instructions,100202804,100.00,4.57,insn per cycle
50.509106221,375755257,,cycles,100201874,100.00,,
50.609313076,106573,,rD044,100194395,100.00,,
50.609313076,743834,,rFF44,100194665,100.00,,
50.609313076,1716406980,,instructions,100194105,100.00,4.57,insn per cycle
50.609313076,375709525,,cycles,100195165,100.00,,
50.709557350,96047,,rD044,100242955,100.00,,
50.709557350,755838,,rFF44,100243605,100.00,,
50.709557350,1679285724,,instructions,100243415,100.00,4.47,insn per cycle
50.709557350,375909153,,cycles,100242915,100.00,,
50.809766255,103927,,rD044,100208405,100.00,,
50.809766255,723105,,rFF44,100208945,100.00,,
50.809766255,1661224981,,instructions,100208515,100.00,4.42,insn per cycle
50.809766255,375779923,,cycles,100208415,100.00,,
50.909976689,99128,,rD044,100209815,100.00,,
50.909976689,732979,,rFF44,100209565,100.00,,
50.909976689,1666912042,,instructions,100210565,100.00,4.44,insn per cycle
50.909976689,375788333,,cycles,100210705,100.00,,
51.010187703,94187,,rD044,100210494,100.00,,
51.010187703,736671,,rFF44,100210304,100.00,,
51.010187703,1655668196,,instructions,100210004,100.00,4.41,insn per cycle
51.010187703,375784895,,cycles,100209795,100.00,,
51.110398338,79100,,rD044,100209535,100.00,,
51.110398338,682811,,rFF44,100209615,100.00,,
51.110398338,1667389968,,instructions,100208965,100.00,4.44,insn per cycle
51.110398338,375780773,,cycles,100209584,100.00,,
51.210608112,96457,,rD044,100209645,100.00,,
51.210608112,748728,,rFF44,100209705,100.00,,
51.210608112,1671648214,,instructions,100210295,100.00,4.45,insn per cycle
51.210608112,375783125,,cycles,100210095,100.00,,
51.310817976,100272,,rD044,100209435,100.00,,
51.310817976,740891,,rFF44,100208695,100.00,,
51.310817976,1703816081,,instructions,100208425,100.00,4.53,insn per cycle
51.310817976,375778862,,cycles,100208165,100.00,,
51.411028071,105780,,rD044,100209105,100.00,,
51.411028071,742789,,rFF44,100209115,100.00,,
51.411028071,1677872870,,instructions,100209195,100.00,4.46,insn per cycle
51.411028071,375784183,,cycles,100209675,100.00,,
51.511247185,94945,,rD044,100217494,100.00,,
51.511247185,745933,,rFF44,100218044,100.00,,
51.511247185,1668228803,,instructions,100218255,100.00,4.44,insn per cycle
51.511247185,375815771,,cycles,100218025,100.00,,
51.611455849,104594,,rD044,100196055,100.00,,
51.611455849,717249,,rFF44,100196115,100.00,,
51.611455849,1654639362,,instructions,100195914,100.00,4.40,insn per cycle
51.611455849,375712991,,cycles,100196414,100.00,,
51.711667194,97419,,rD044,100211045,100.00,,
51.711667194,707513,,rFF44,100211115,100.00,,
51.711667194,1666622253,,instructions,100210885,100.00,4.44,insn per cycle
51.711667194,375786940,,cycles,100210325,100.00,,
51.811878148,98326,,rD044,100210635,100.00,,
51.811878148,730699,,rFF44,100210085,100.00,,
51.811878148,1659283764,,instructions,100210365,100.00,4.42,insn per cycle
51.811878148,375792999,,cycles,100211965,100.00,,
51.912089852,106635,,rD044,100210885,100.00,,
51.912089852,716889,,rFF44,100211135,100.00,,
51.912089852,1653859482,,instructions,100211135,100.00,4.40,insn per cycle
51.912089852,375784417,,cycles,100209655,100.00,,
52.012299877,93245,,rD044,100209274,100.00,,
52.012299877,753035,,rFF44,100209714,100.00,,
52.012299877,1667069718,,instructions,100209455,100.00,4.44,insn per cycle
52.012299877,375782257,,cycles,100209095,100.00,,
52.112525591,109138,,rD044,100225185,100.00,,
52.112525591,723135,,rFF44,100224705,100.00,,
52.112525591,1653974333,,instructions,100225244,100.00,4.40,insn per cycle
52.112525591,375846404,,cycles,100226174,100.00,,
52.212736126,81043,,rD044,100209445,100.00,,
52.212736126,711771,,rFF44,100209805,100.00,,
52.212736126,1661831024,,instructions,100209785,100.00,4.42,insn per cycle
52.212736126,375782830,,cycles,100209255,100.00,,
52.312947680,87168,,rD044,100210785,100.00,,
52.312947680,727344,,rFF44,100210135,100.00,,
52.312947680,1653002311,,instructions,100209555,100.00,4.40,insn per cycle
52.312947680,375784805,,cycles,100209715,100.00,,
52.413156444,105742,,rD044,100208335,100.00,,
52.413156444,729485,,rFF44,100208335,100.00,,
52.413156444,1658846637,,instructions,100208705,100.00,4.41,insn per cycle
52.413156444,375781372,,cycles,100208895,100.00,,
52.513357529,98092,,rD044,100198274,100.00,,
52.513357529,748466,,rFF44,100198464,100.00,,
52.513357529,1654764476,,instructions,100198955,100.00,4.40,insn per cycle
52.513357529,375743532,,cycles,100198765,100.00,,
52.613563693,98246,,rD044,100195585,100.00,,
52.613563693,720240,,rFF44,100195225,100.00,,
52.613563693,1647236739,,instructions,100194924,100.00,4.38,insn per cycle
52.613563693,375696683,,cycles,100194644,100.00,,
52.713774317,104036,,rD044,100197155,100.00,,
52.713774317,688921,,rFF44,100197955,100.00,,
52.713774317,1650022020,,instructions,100197665,100.00,4.39,insn per cycle
52.713774317,375726125,,cycles,100197655,100.00,,
52.813983021,95844,,rD044,100208705,100.00,,
52.813983021,742014,,rFF44,100208185,100.00,,
52.813983021,1656757465,,instructions,100208345,100.00,4.41,insn per cycle
52.813983021,375778476,,cycles,100208075,100.00,,
52.914191696,106254,,rD044,100207795,100.00,,
52.914191696,736296,,rFF44,100207705,100.00,,
52.914191696,1692797259,,instructions,100207075,100.00,4.50,insn per cycle
52.914191696,375775976,,cycles,100207475,100.00,,
53.014399940,100254,,rD044,100207664,100.00,,
53.014399940,757086,,rFF44,100207664,100.00,,
53.014399940,1691594484,,instructions,100207924,100.00,4.50,insn per cycle
53.014399940,375779654,,cycles,100208394,100.00,,
53.114607314,95523,,rD044,100206515,100.00,,
53.114607314,737583,,rFF44,100206445,100.00,,
53.114607314,1675473865,,instructions,100206785,100.00,4.46,insn per cycle
53.114607314,375771072,,cycles,100205965,100.00,,
53.214817219,109609,,rD044,100209355,100.00,,
53.214817219,715449,,rFF44,100209555,100.00,,
53.214817219,1658898385,,instructions,100209415,100.00,4.41,insn per cycle
53.214817219,375781189,,cycles,100208875,100.00,,
53.315027583,65940,,rD044,100209645,100.00,,
53.315027583,711253,,rFF44,100209505,100.00,,
53.315027583,1660589450,,instructions,100209735,100.00,4.42,insn per cycle
53.315027583,375789162,,cycles,100210985,100.00,,
53.415252937,98876,,rD044,100225125,100.00,,
53.415252937,720306,,rFF44,100225485,100.00,,
53.415252937,1651888609,,instructions,100225495,100.00,4.40,insn per cycle
53.415252937,375846702,,cycles,100226225,100.00,,
53.515457192,103709,,rD044,100202964,100.00,,
53.515457192,725018,,rFF44,100203024,100.00,,
53.515457192,1652931672,,instructions,100202894,100.00,4.40,insn per cycle
53.515457192,375757110,,cycles,100202434,100.00,,
53.615666986,95005,,rD044,100197105,100.00,,
53.615666986,738357,,rFF44,100196725,100.00,,
53.615666986,1654683300,,instructions,100197235,100.00,4.40,insn per cycle
53.615666986,375716827,,cycles,100196865,100.00,,
53.715878470,105203,,rD044,100211065,100.00,,
53.715878470,721177,,rFF44,100211365,100.00,,
53.715878470,1670867039,,instructions,100210855,100.00,4.45,insn per cycle
53.715878470,375787260,,cycles,100210365,100.00,,
53.816090535,96544,,rD044,100211575,100.00,,
53.816090535,748856,,rFF44,100211615,100.00,,
53.816090535,1673437619,,instructions,100211125,100.00,4.45,insn per cycle
53.816090535,375789451,,cycles,100211065,100.00,,
53.916300579,99827,,rD044,100209325,100.00,,
53.916300579,695758,,rFF44,100208745,100.00,,
53.916300579,1662864409,,instructions,100208955,100.00,4.43,insn per cycle
53.916300579,375782003,,cycles,100209015,100.00,,
54.016545964,106641,,rD044,100244755,100.00,,
54.016545964,718417,,rFF44,100245135,100.00,,
54.016545964,1662128631,,instructions,100245255,100.00,4.42,insn per cycle
54.016545964,375919536,,cycles,100245645,100.00,,
54.116754428,93657,,rD044,100207864,100.00,,
54.116754428,744650,,rFF44,100208074,100.00,,
54.116754428,1664276967,,instructions,100207434,100.00,4.43,insn per cycle
54.116754428,375773833,,cycles,100207694,100.00,,
54.216970334,105029,,rD044,100215075,100.00,,
54.216970334,715606,,rFF44,100215055,100.00,,
54.216970334,1651439082,,instructions,100215795,100.00,4.39,insn per cycle
54.216970334,375800233,,cycles,100215545,100.00,,
54.317181882,103924,,rD044,100211085,100.00,,
54.317181882,724893,,rFF44,100211485,100.00,,
54.317181882,1650337502,,instructions,100211555,100.00,4.39,insn per cycle
54.317181882,375791759,,cycles,100211165,100.00,,
54.417411860,63231,,rD044,100229485,100.00,,
54.417411860,697696,,rFF44,100229485,100.00,,
54.417411860,1663126006,,instructions,100230035,100.00,4.42,insn per cycle
54.417411860,375858910,,cycles,100229975,100.00,,
54.517613958,104946,,rD044,100200475,100.00,,
54.517613958,717409,,rFF44,100199695,100.00,,
54.517613958,1667158503,,instructions,100199655,100.00,4.44,insn per cycle
54.517613958,375747712,,cycles,100199795,100.00,,
54.617824086,96533,,rD044,100198004,100.00,,
54.617824086,750566,,rFF44,100198404,100.00,,
54.617824086,1661630351,,instructions,100199004,100.00,4.42,insn per cycle
54.617824086,375725962,,cycles,100199405,100.00,,
54.718034824,99382,,rD044,100210235,100.00,,
54.718034824,721264,,rFF44,100209895,100.00,,
54.718034824,1655847272,,instructions,100209645,100.00,4.41,insn per cycle
54.718034824,375783082,,cycles,100209314,100.00,,
54.818248322,103124,,rD044,100212395,100.00,,
54.818248322,720497,,rFF44,100212765,100.00,,
54.818248322,1655916684,,instructions,100212275,100.00,4.41,insn per cycle
54.818248322,375794865,,cycles,100212375,100.00,,
54.918460050,94491,,rD044,100211375,100.00,,
54.918460050,709396,,rFF44,100211315,100.00,,
54.918460050,1665778701,,instructions,100210795,100.00,4.43,insn per cycle
54.918460050,375787151,,cycles,100210405,100.00,,
55.018671368,106944,,rD044,100210405,100.00,,
55.018671368,717538,,rFF44,100210295,100.00,,
55.018671368,1659174858,,instructions,100210265,100.00,4.42,insn per cycle
55.018671368,375786577,,cycles,100210295,100.00,,
55.118880396,98516,,rD044,100208814,100.00,,
55.118880396,741955,,rFF44,100209284,100.00,,
55.118880396,1660270712,,instructions,100209655,100.00,4.42,insn per cycle
55.118880396,375787625,,cycles,100210325,100.00,,
55.219093264,100580,,rD044,100200815,100.00,,
55.219093264,729566,,rFF44,100200875,100.00,,
55.219093264,1651101667,,instructions,100200104,100.00,4.39,insn per cycle
55.219093264,375728928,,cycles,100199874,100.00,,
55.319334263,109999,,rD044,100240765,100.00,,
55.319334263,717432,,rFF44,100240265,100.00,,
55.319334263,1656926695,,instructions,100240545,100.00,4.41,insn per cycle
55.319334263,375898065,,cycles,100239965,100.00,,
55.419561881,65293,,rD044,100226685,100.00,,
55.419561881,718672,,rFF44,100226985,100.00,,
55.419561881,1669466768,,instructions,100227535,100.00,4.44,insn per cycle
55.419561881,375851874,,cycles,100227575,100.00,,
55.519769289,96543,,rD044,100206005,100.00,,
55.519769289,723128,,rFF44,100206245,100.00,,
55.519769289,1663009756,,instructions,100205855,100.00,4.43,insn per cycle
55.519769289,375774950,,cycles,100207205,100.00,,
55.619979077,103669,,rD044,100196265,100.00,,
55.619979077,722393,,rFF44,100195735,100.00,,
55.619979077,1654418421,,instructions,100196915,100.00,4.40,insn per cycle
55.619979077,375716162,,cycles,100196035,100.00,,
55.720192025,97931,,rD044,100212314,100.00,,
55.720192025,736162,,rFF44,100212984,100.00,,
55.720192025,1654443125,,instructions,100211915,100.00,4.40,insn per cycle
55.720192025,375793235,,cycles,100212275,100.00,,
55.820402543,105492,,rD044,100209825,100.00,,
55.820402543,718766,,rFF44,100209125,100.00,,
55.820402543,1660785238,,instructions,100208624,100.00,4.42,insn per cycle
55.820402543,375777555,,cycles,100207834,100.00,,
55.920613161,96269,,rD044,100210165,100.00,,
55.920613161,716300,,rFF44,100209935,100.00,,
55.920613161,1665550387,,instructions,100210025,100.00,4.43,insn per cycle
55.920613161,375787518,,cycles,100210405,100.00,,
56.020821689,100348,,rD044,100207595,100.00,,
56.020821689,725097,,rFF44,100208115,100.00,,
56.020821689,1667385243,,instructions,100208105,100.00,4.44,insn per cycle
56.020821689,375776508,,cycles,100207585,100.00,,
56.121031827,106428,,rD044,100209315,100.00,,
56.121031827,721840,,rFF44,100209345,100.00,,
56.121031827,1663097351,,instructions,100209625,100.00,4.43,insn per cycle
56.121031827,375788881,,cycles,100210855,100.00,,
56.221242435,93038,,rD044,100210214,100.00,,
56.221242435,743080,,rFF44,100209934,100.00,,
56.221242435,1660800272,,instructions,100210134,100.00,4.42,insn per cycle
56.221242435,375781564,,cycles,100208965,100.00,,
56.321452203,105326,,rD044,100208835,100.00,,
56.321452203,719727,,rFF44,100208855,100.00,,
56.321452203,1659578973,,instructions,100208735,100.00,4.42,insn per cycle
56.321452203,375781956,,cycles,100209004,100.00,,
56.421662721,103308,,rD044,100210235,100.00,,
56.421662721,733441,,rFF44,100210255,100.00,,
56.421662721,1660013228,,instructions,100210355,100.00,4.42,insn per cycle
56.421662721,375790861,,cycles,100211375,100.00,,
56.521880449,64151,,rD044,100216655,100.00,,
56.521880449,702668,,rFF44,100216525,100.00,,
56.521880449,1661213979,,instructions,100215935,100.00,4.42,insn per cycle
56.521880449,375804964,,cycles,100215085,100.00,,
56.622091277,105155,,rD044,100187225,100.00,,
56.622091277,714652,,rFF44,100187315,100.00,,
56.622091277,1646611845,,instructions,100188305,100.00,4.38,insn per cycle
56.622091277,375675262,,cycles,100188885,100.00,,
56.722302655,96505,,rD044,100210744,100.00,,
56.722302655,742665,,rFF44,100210704,100.00,,
56.722302655,1655864470,,instructions,100210025,100.00,4.41,insn per cycle
56.722302655,375783418,,cycles,100209525,100.00,,
56.822536504,99740,,rD044,100233215,100.00,,
56.822536504,714012,,rFF44,100233415,100.00,,
56.822536504,1650430530,,instructions,100233984,100.00,4.39,insn per cycle
56.822536504,375874722,,cycles,100233744,100.00,,
56.922748962,103016,,rD044,100211955,100.00,,
56.922748962,720959,,rFF44,100212145,100.00,,
56.922748962,1662037448,,instructions,100212435,100.00,4.42,insn per cycle
56.922748962,375794942,,cycles,100212445,100.00,,
57.022959290,94905,,rD044,100209655,100.00,,
57.022959290,707431,,rFF44,100209165,100.00,,
57.022959290,1667375310,,instructions,100208775,100.00,4.44,insn per cycle
57.022959290,375779464,,cycles,100208365,100.00,,
57.123169358,107478,,rD044,100209375,100.00,,
57.123169358,718211,,rFF44,100209365,100.00,,
57.123169358,1666816140,,instructions,100209675,100.00,4.44,insn per cycle
57.123169358,375786392,,cycles,100210245,100.00,,
57.223408906,99592,,rD044,100238615,100.00,,
57.223408906,738720,,rFF44,100239035,100.00,,
57.223408906,1663784328,,instructions,100238115,100.00,4.43,insn per cycle
57.223408906,375890839,,cycles,100238045,100.00,,
57.323619224,95692,,rD044,100209845,100.00,,
57.323619224,731172,,rFF44,100210055,100.00,,
57.323619224,1664862771,,instructions,100210125,100.00,4.43,insn per cycle
57.323619224,375787162,,cycles,100210395,100.00,,
57.423831202,108585,,rD044,100211034,100.00,,
57.423831202,717774,,rFF44,100211594,100.00,,
57.423831202,1665121067,,instructions,100212204,100.00,4.43,insn per cycle
57.423831202,375794983,,cycles,100212474,100.00,,
57.524050250,96327,,rD044,100218345,100.00,,
57.524050250,745926,,rFF44,100217285,100.00,,
57.524050250,1653269648,,instructions,100216665,100.00,4.40,insn per cycle
57.524050250,375806732,,cycles,100215535,100.00,,
57.624259558,69883,,rD044,100195955,100.00,,
57.624259558,687055,,rFF44,100195345,100.00,,
57.624259558,1661460063,,instructions,100195635,100.00,4.42,insn per cycle
57.624259558,375714416,,cycles,100196425,100.00,,
57.724452696,102712,,rD044,100192465,100.00,,
57.724452696,733091,,rFF44,100193205,100.00,,
57.724452696,1657139667,,instructions,100193095,100.00,4.41,insn per cycle
57.724452696,375721110,,cycles,100192735,100.00,,
57.824661304,90499,,rD044,100207954,100.00,,
57.824661304,737356,,rFF44,100207724,100.00,,
57.824661304,1659809739,,instructions,100207144,100.00,4.42,insn per cycle
57.824661304,375776810,,cycles,100207685,100.00,,
57.924870122,107585,,rD044,100208745,100.00,,
57.924870122,715536,,rFF44,100208655,100.00,,
57.924870122,1656328321,,instructions,100209925,100.00,4.41,insn per cycle
57.924870122,375782655,,cycles,100209204,100.00,,
58.025083960,98772,,rD044,100212725,100.00,,
58.025083960,749023,,rFF44,100212545,100.00,,
58.025083960,1662154390,,instructions,100211745,100.00,4.42,insn per cycle
58.025083960,375794878,,cycles,100212345,100.00,,
58.125293018,97023,,rD044,100208595,100.00,,
58.125293018,690767,,rFF44,100208865,100.00,,
58.125293018,1658707808,,instructions,100209235,100.00,4.41,insn per cycle
58.125293018,375781670,,cycles,100209025,100.00,,
58.225536747,108090,,rD044,100243455,100.00,,
58.225536747,722087,,rFF44,100243445,100.00,,
58.225536747,1655861400,,instructions,100242905,100.00,4.40,insn per cycle
58.225536747,375908925,,cycles,100242815,100.00,,
58.325744655,95894,,rD044,100206865,100.00,,
58.325744655,742960,,rFF44,100206945,100.00,,
58.325744655,1660594172,,instructions,100207275,100.00,4.42,insn per cycle
58.325744655,375774702,,cycles,100207075,100.00,,
58.425953313,105890,,rD044,100208284,100.00,,
58.425953313,737155,,rFF44,100208274,100.00,,
58.425953313,1741391089,,instructions,100208394,100.00,4.63,insn per cycle
58.425953313,375779476,,cycles,100208344,100.00,,
58.526175291,101086,,rD044,100221135,100.00,,
58.526175291,759583,,rFF44,100221645,100.00,,
58.526175291,1740077971,,instructions,100220675,100.00,4.63,insn per cycle
58.526175291,375828065,,cycles,100221345,100.00,,
58.626403189,95593,,rD044,100213085,100.00,,
58.626403189,737627,,rFF44,100213105,100.00,,
58.626403189,1699647964,,instructions,100214585,100.00,4.52,insn per cycle
58.626403189,375779405,,cycles,100214565,100.00,,
58.726612357,107917,,rD044,100208675,100.00,,
58.726612357,735121,,rFF44,100208155,100.00,,
58.726612357,1740085660,,instructions,100207845,100.00,4.63,insn per cycle
58.726612357,375780436,,cycles,100208535,100.00,,
58.826822095,94896,,rD044,100209125,100.00,,
58.826822095,787542,,rFF44,100209355,100.00,,
58.826822095,1813848824,,instructions,100209625,100.00,4.83,insn per cycle
58.826822095,375782076,,cycles,100209045,100.00,,
58.927035773,108827,,rD044,100213135,100.00,,
58.927035773,799254,,rFF44,100212795,100.00,,
58.927035773,1825355240,,instructions,100212695,100.00,4.86,insn per cycle
58.927035773,375792513,,cycles,100211875,100.00,,
59.027246621,103104,,rD044,100210354,100.00,,
59.027246621,789289,,rFF44,100210434,100.00,,
59.027246621,1829558787,,instructions,100210204,100.00,4.87,insn per cycle
59.027246621,375788788,,cycles,100210764,100.00,,
59.127486179,127511,,rD044,100238525,100.00,,
59.127486179,814305,,rFF44,100239255,100.00,,
59.127486179,1827945214,,instructions,100239095,100.00,4.86,insn per cycle
59.127486179,375893232,,cycles,100238745,100.00,,
59.227696487,111124,,rD044,100209965,100.00,,
59.227696487,767717,,rFF44,100209395,100.00,,
59.227696487,1818024397,,instructions,100209075,100.00,4.84,insn per cycle
59.227696487,375784831,,cycles,100209775,100.00,,
59.327914326,96958,,rD044,100216475,100.00,,
59.327914326,798109,,rFF44,100216555,100.00,,
59.327914326,1826058718,,instructions,100216415,100.00,4.86,insn per cycle
59.327914326,375804909,,cycles,100215885,100.00,,
59.428122413,109401,,rD044,100207995,100.00,,
59.428122413,803753,,rFF44,100207645,100.00,,
59.428122413,1822296903,,instructions,100208075,100.00,4.85,insn per cycle
59.428122413,375777606,,cycles,100207845,100.00,,
59.528344262,102194,,rD044,100220955,100.00,,
59.528344262,790531,,rFF44,100220905,100.00,,
59.528344262,1823678586,,instructions,100220785,100.00,4.85,insn per cycle
59.528344262,375828455,,cycles,100221485,100.00,,
59.628570130,99006,,rD044,100210934,100.00,,
59.628570130,770522,,rFF44,100211204,100.00,,
59.628570130,1768281021,,instructions,100211734,100.00,4.71,insn per cycle
59.628570130,375768115,,cycles,100211504,100.00,,
59.728781638,108964,,rD044,100210515,100.00,,
59.728781638,744148,,rFF44,100210605,100.00,,
59.728781638,1722222874,,instructions,100209975,100.00,4.58,insn per cycle
59.728781638,375787369,,cycles,100210205,100.00,,
59.828990876,93796,,rD044,100208655,100.00,,
59.828990876,750511,,rFF44,100208755,100.00,,
59.828990876,1681053097,,instructions,100208825,100.00,4.47,insn per cycle
59.828990876,375778597,,cycles,100208345,100.00,,
59.929198274,109035,,rD044,100207195,100.00,,
59.929198274,700601,,rFF44,100206885,100.00,,
59.929198274,1705510743,,instructions,100207945,100.00,4.54,insn per cycle
59.929198274,375776687,,cycles,100207545,100.00,,
60.029409652,101796,,rD044,100210445,100.00,,
60.029409652,756614,,rFF44,100210505,100.00,,
60.029409652,1705880718,,instructions,100209685,100.00,4.54,insn per cycle
60.029409652,375787102,,cycles,100210325,100.00,,
60.129619460,94333,,rD044,100209314,100.00,,
60.129619460,722810,,rFF44,100209074,100.00,,
60.129619460,1669617938,,instructions,100208984,100.00,4.44,insn per cycle
60.129619460,375782339,,cycles,100209224,100.00,,
60.229830918,109235,,rD044,100210895,100.00,,
60.229830918,719063,,rFF44,100210915,100.00,,
60.229830918,1682953495,,instructions,100210855,100.00,4.48,insn per cycle
60.229830918,375786819,,cycles,100210245,100.00,,
60.330038366,64966,,rD044,100195845,100.00,,
60.330038366,720890,,rFF44,100196555,100.00,,
60.330038366,1685475259,,instructions,100197325,100.00,4.49,insn per cycle
60.330038366,375722385,,cycles,100198055,100.00,,
60.430251274,102483,,rD044,100211855,100.00,,
60.430251274,725512,,rFF44,100211395,100.00,,
60.430251274,1675315738,,instructions,100209985,100.00,4.46,insn per cycle
60.430251274,375782821,,cycles,100209295,100.00,,
60.530471292,103356,,rD044,100219725,100.00,,
60.530471292,755992,,rFF44,100219605,100.00,,
60.530471292,1724460622,,instructions,100219835,100.00,4.59,insn per cycle
60.530471292,375822894,,cycles,100219755,100.00,,
60.630680090,97690,,rD044,100180344,100.00,,
60.630680090,776598,,rFF44,100180634,100.00,,
60.630680090,1749974182,,instructions,100182164,100.00,4.66,insn per cycle
60.630680090,375644916,,cycles,100183404,100.00,,
60.730887628,107842,,rD044,100206885,100.00,,
60.730887628,725697,,rFF44,100206605,100.00,,
60.730887628,1682753409,,instructions,100205395,100.00,4.48,insn per cycle
60.730887628,375763366,,cycles,100204005,100.00,,
60.831095586,94926,,rD044,100207695,100.00,,
60.831095586,750274,,rFF44,100207435,100.00,,
60.831095586,1684864664,,instructions,100208085,100.00,4.48,insn per cycle
60.831095586,375767280,,cycles,100207635,100.00,,
60.931304544,104988,,rD044,100208415,100.00,,
60.931304544,727906,,rFF44,100208635,100.00,,
60.931304544,1688819122,,instructions,100208075,100.00,4.49,insn per cycle
60.931304544,375781400,,cycles,100208855,100.00,,
61.031581903,108352,,rD044,100275755,100.00,,
61.031581903,771290,,rFF44,100275725,100.00,,
61.031581903,1755807262,,instructions,100275545,100.00,4.67,insn per cycle
61.031581903,376031131,,cycles,100275465,100.00,,
61.131790561,96038,,rD044,100208615,100.00,,
61.131790561,726156,,rFF44,100209095,100.00,,
61.131790561,1728132509,,instructions,100208935,100.00,4.60,insn per cycle
61.131790561,375779739,,cycles,100208415,100.00,,
61.231998819,108462,,rD044,100207354,100.00,,
61.231998819,709607,,rFF44,100207334,100.00,,
61.231998819,1648925923,,instructions,100207894,100.00,4.39,insn per cycle
61.231998819,375779291,,cycles,100208295,100.00,,
61.332208597,98803,,rD044,100208875,100.00,,
61.332208597,742575,,rFF44,100209115,100.00,,
61.332208597,1658816975,,instructions,100209575,100.00,4.41,insn per cycle
61.332208597,375787759,,cycles,100210474,100.00,,
61.432420925,69656,,rD044,100211755,100.00,,
61.432420925,688963,,rFF44,100210925,100.00,,
61.432420925,1671041966,,instructions,100210135,100.00,4.45,insn per cycle
61.432420925,375786722,,cycles,100210355,100.00,,
61.532640403,103949,,rD044,100218715,100.00,,
61.532640403,742679,,rFF44,100219645,100.00,,
61.532640403,1706575478,,instructions,100219545,100.00,4.54,insn per cycle
61.532640403,375821655,,cycles,100219395,100.00,,
61.632851841,96120,,rD044,100195775,100.00,,
61.632851841,749094,,rFF44,100195345,100.00,,
61.632851841,1680039859,,instructions,100195405,100.00,4.47,insn per cycle
61.632851841,375706797,,cycles,100194555,100.00,,
61.733061589,107961,,rD044,100208914,100.00,,
61.733061589,731109,,rFF44,100208765,100.00,,
61.733061589,1693849784,,instructions,100208845,100.00,4.51,insn per cycle
61.733061589,375780451,,cycles,100208545,100.00,,
61.833270157,96095,,rD044,100208155,100.00,,
61.833270157,749262,,rFF44,100208264,100.00,,
61.833270157,1677822422,,instructions,100208584,100.00,4.46,insn per cycle
61.833270157,375784824,,cycles,100209774,100.00,,
61.933480945,100894,,rD044,100210045,100.00,,
61.933480945,742762,,rFF44,100210155,100.00,,
61.933480945,1710621748,,instructions,100210695,100.00,4.55,insn per cycle
61.933480945,375785064,,cycles,100209895,100.00,,
62.033689933,110483,,rD044,100208175,100.00,,
62.033689933,721794,,rFF44,100208225,100.00,,
62.033689933,1739132517,,instructions,100207715,100.00,4.63,insn per cycle
62.033689933,375775285,,cycles,100207165,100.00,,
62.133898711,95834,,rD044,100208535,100.00,,
62.133898711,770958,,rFF44,100208435,100.00,,
62.133898711,1748807265,,instructions,100208625,100.00,4.65,insn per cycle
62.133898711,375786634,,cycles,100210255,100.00,,
62.234110459,106610,,rD044,100210484,100.00,,
62.234110459,738313,,rFF44,100210434,100.00,,
62.234110459,1720420482,,instructions,100210005,100.00,4.58,insn per cycle
62.234110459,375780837,,cycles,100208715,100.00,,
62.334318067,99383,,rD044,100207295,100.00,,
62.334318067,750203,,rFF44,100207285,100.00,,
62.334318067,1688808198,,instructions,100207394,100.00,4.49,insn per cycle
62.334318067,375777467,,cycles,100207784,100.00,,
62.434537565,101061,,rD044,100218515,100.00,,
62.434537565,746450,,rFF44,100218375,100.00,,
62.434537565,1740399072,,instructions,100218235,100.00,4.63,insn per cycle
62.434537565,375814027,,cycles,100217575,100.00,,
62.534747413,107221,,rD044,100209295,100.00,,
62.534747413,751341,,rFF44,100209555,100.00,,
62.534747413,1736544953,,instructions,100209345,100.00,4.62,insn per cycle
62.534747413,375786617,,cycles,100210215,100.00,,
62.634957171,95528,,rD044,100195905,100.00,,
62.634957171,766292,,rFF44,100195565,100.00,,
62.634957171,1725940346,,instructions,100197145,100.00,4.59,insn per cycle
62.634957171,375714509,,cycles,100196395,100.00,,
62.735166539,110294,,rD044,100208294,100.00,,
62.735166539,744990,,rFF44,100208444,100.00,,
62.735166539,1750905986,,instructions,100207035,100.00,4.66,insn per cycle
62.735166539,375775866,,cycles,100207375,100.00,,
62.835359047,100459,,rD044,100191345,100.00,,
62.835359047,765962,,rFF44,100191845,100.00,,
62.835359047,1718655170,,instructions,100191854,100.00,4.57,insn per cycle
62.835359047,375778421,,cycles,100207974,100.00,,
62.935598115,69311,,rD044,100238875,100.00,,
62.935598115,720817,,rFF44,100238915,100.00,,
62.935598115,1753229332,,instructions,100239695,100.00,4.66,insn per cycle
62.935598115,375838721,,cycles,100224175,100.00,,
63.035810214,105404,,rD044,100211775,100.00,,
63.035810214,742428,,rFF44,100211405,100.00,,
63.035810214,1691494515,,instructions,100210835,100.00,4.50,insn per cycle
63.035810214,375786001,,cycles,100210145,100.00,,
63.136021491,96136,,rD044,100210515,100.00,,
63.136021491,745419,,rFF44,100210895,100.00,,
63.136021491,1667660503,,instructions,100210555,100.00,4.44,insn per cycle
63.136021491,375787457,,cycles,100210475,100.00,,
63.236230179,105687,,rD044,100207395,100.00,,
63.236230179,720573,,rFF44,100207245,100.00,,
63.236230179,1662075393,,instructions,100207065,100.00,4.42,insn per cycle
63.236230179,375776126,,cycles,100207385,100.00,,
63.336441028,98552,,rD044,100210444,100.00,,
63.336441028,713946,,rFF44,100210084,100.00,,
63.336441028,1666508010,,instructions,100210774,100.00,4.43,insn per cycle
63.336441028,375787091,,cycles,100210444,100.00,,
63.436651666,100754,,rD044,100209835,100.00,,
63.436651666,739360,,rFF44,100209845,100.00,,
63.436651666,1719653292,,instructions,100209525,100.00,4.58,insn per cycle
63.436651666,375784128,,cycles,100209595,100.00,,
63.536862024,106660,,rD044,100209285,100.00,,
63.536862024,735501,,rFF44,100209125,100.00,,
63.536862024,1692206944,,instructions,100208705,100.00,4.50,insn per cycle
63.536862024,375781259,,cycles,100208655,100.00,,
63.637071841,95535,,rD044,100196065,100.00,,
63.637071841,764583,,rFF44,100196985,100.00,,
63.637071841,1722472822,,instructions,100197925,100.00,4.58,insn per cycle
63.637071841,375719349,,cycles,100197975,100.00,,
63.737291420,111603,,rD044,100218795,100.00,,
63.737291420,750258,,rFF44,100218155,100.00,,
63.737291420,1721457706,,instructions,100218155,100.00,4.58,insn per cycle
63.737291420,375816431,,cycles,100218125,100.00,,
63.837521108,70250,,rD044,100228654,100.00,,
63.837521108,737209,,rFF44,100228224,100.00,,
63.837521108,1733007685,,instructions,100227664,100.00,4.61,insn per cycle
63.837521108,375851773,,cycles,100227624,100.00,,
63.937730566,97949,,rD044,100209055,100.00,,
63.937730566,738104,,rFF44,100209555,100.00,,
63.937730566,1725123953,,instructions,100209345,100.00,4.59,insn per cycle
63.937730566,375784301,,cycles,100209645,100.00,,
64.037942404,106813,,rD044,100211365,100.00,,
64.037942404,744646,,rFF44,100211525,100.00,,
64.037942404,1742100133,,instructions,100210995,100.00,4.64,insn per cycle
64.037942404,375788138,,cycles,100210435,100.00,,
64.138153522,99872,,rD044,100210135,100.00,,
64.138153522,765275,,rFF44,100209825,100.00,,
64.138153522,1731474764,,instructions,100211175,100.00,4.61,insn per cycle
64.138153522,375789862,,cycles,100211395,100.00,,
64.238363340,108318,,rD044,100208925,100.00,,
64.238363340,729048,,rFF44,100208655,100.00,,
64.238363340,1693573667,,instructions,100226065,100.00,4.51,insn per cycle
64.238363340,375850418,,cycles,100227175,100.00,,
64.338591568,102716,,rD044,100227734,100.00,,
64.338591568,772022,,rFF44,100227845,100.00,,
64.338591568,1735752348,,instructions,100210035,100.00,4.62,insn per cycle
64.338591568,375781823,,cycles,100208995,100.00,,
64.438808696,101428,,rD044,100216785,100.00,,
64.438808696,783325,,rFF44,100217204,100.00,,
64.438808696,1795181868,,instructions,100216734,100.00,4.78,insn per cycle
64.438808696,375805603,,cycles,100216954,100.00,,
64.539019614,111356,,rD044,100209945,100.00,,
64.539019614,787932,,rFF44,100210315,100.00,,
64.539019614,1805025040,,instructions,100210705,100.00,4.80,insn per cycle
64.539019614,375786150,,cycles,100210135,100.00,,
64.639232572,100172,,rD044,100188195,100.00,,
64.639232572,807209,,rFF44,100187915,100.00,,
64.639232572,1819663211,,instructions,100188305,100.00,4.84,insn per cycle
64.639232572,375675020,,cycles,100188935,100.00,,
64.739438440,113867,,rD044,100205325,100.00,,
64.739438440,796064,,rFF44,100204815,100.00,,
64.739438440,1839362693,,instructions,100204105,100.00,4.90,insn per cycle
64.739438440,375762805,,cycles,100203835,100.00,,
64.839659739,98441,,rD044,100220215,100.00,,
64.839659739,797330,,rFF44,100219845,100.00,,
64.839659739,1755524635,,instructions,100219875,100.00,4.67,insn per cycle
64.839659739,375822162,,cycles,100219805,100.00,,
64.939867777,110642,,rD044,100207194,100.00,,
64.939867777,754611,,rFF44,100207554,100.00,,
64.939867777,1721359445,,instructions,100207334,100.00,4.58,insn per cycle
64.939867777,375777163,,cycles,100207714,100.00,,
65.040077344,104152,,rD044,100209565,100.00,,
65.040077344,740972,,rFF44,100209215,100.00,,
65.040077344,1721701917,,instructions,100209315,100.00,4.58,insn per cycle
65.040077344,375780590,,cycles,100208645,100.00,,
65.140287533,98549,,rD044,100209685,100.00,,
65.140287533,763941,,rFF44,100210415,100.00,,
65.140287533,1735967575,,instructions,100211435,100.00,4.62,insn per cycle
65.140287533,375792351,,cycles,100211695,100.00,,
65.240520151,109904,,rD044,100231945,100.00,,
65.240520151,772925,,rFF44,100231615,100.00,,
65.240520151,1775570826,,instructions,100230935,100.00,4.72,insn per cycle
65.240520151,375863646,,cycles,100230815,100.00,,
65.340730469,98053,,rD044,100209105,100.00,,
65.340730469,786759,,rFF44,100208895,100.00,,
65.340730469,1762364318,,instructions,100208545,100.00,4.69,insn per cycle
65.340730469,375781388,,cycles,100208915,100.00,,
65.440938127,110980,,rD044,100196114,100.00,,
65.440938127,766254,,rFF44,100196034,100.00,,
65.440938127,1763889404,,instructions,100196014,100.00,4.69,insn per cycle
65.440938127,375711809,,cycles,100195804,100.00,,
65.541136345,97923,,rD044,100197575,100.00,,
65.541136345,786476,,rFF44,100197825,100.00,,
65.541136345,1727196193,,instructions,100197985,100.00,4.60,insn per cycle
65.541136345,375740352,,cycles,100197835,100.00,,
65.641347623,108311,,rD044,100198125,100.00,,
65.641347623,768706,,rFF44,100198175,100.00,,
65.641347623,1765294898,,instructions,100198875,100.00,4.70,insn per cycle
65.641347623,375727990,,cycles,100199515,100.00,,
65.741593021,78127,,rD044,100244595,100.00,,
65.741593021,744446,,rFF44,100244505,100.00,,
65.741593021,1763573346,,instructions,100243905,100.00,4.69,insn per cycle
65.741593021,375914051,,cycles,100244235,100.00,,
65.841801929,98476,,rD044,100208185,100.00,,
65.841801929,770643,,rFF44,100208475,100.00,,
65.841801929,1744608019,,instructions,100208365,100.00,4.64,insn per cycle
65.841801929,375781077,,cycles,100208715,100.00,,
65.942011697,109756,,rD044,100208885,100.00,,
65.942011697,741374,,rFF44,100208865,100.00,,
65.942011697,1704737809,,instructions,100209755,100.00,4.54,insn per cycle
65.942011697,375780326,,cycles,100208635,100.00,,
66.042219735,99284,,rD044,100207574,100.00,,
66.042219735,766156,,rFF44,100207844,100.00,,
66.042219735,1691609155,,instructions,100207164,100.00,4.50,insn per cycle
66.042219735,375777511,,cycles,100207814,100.00,,
66.142430553,104877,,rD044,100209695,100.00,,
66.142430553,704731,,rFF44,100209795,100.00,,
66.142430553,1679400335,,instructions,100210385,100.00,4.47,insn per cycle
66.142430553,375786130,,cycles,100210115,100.00,,
66.242641451,102819,,rD044,100210515,100.00,,
66.242641451,758474,,rFF44,100209995,100.00,,
66.242641451,1677650877,,instructions,100209925,100.00,4.46,insn per cycle
66.242641451,375783592,,cycles,100209455,100.00,,
66.342851739,100435,,rD044,100209645,100.00,,
66.342851739,747980,,rFF44,100210135,100.00,,
66.342851739,1678961026,,instructions,100210125,100.00,4.47,insn per cycle
66.342851739,375785645,,cycles,100209915,100.00,,
66.443062507,76633,,rD044,100210304,100.00,,
66.443062507,708492,,rFF44,100209995,100.00,,
66.443062507,1677630557,,instructions,100209705,100.00,4.46,insn per cycle
66.443062507,375786543,,cycles,100210295,100.00,,
66.543263445,97865,,rD044,100199955,100.00,,
66.543263445,765277,,rFF44,100200024,100.00,,
66.543263445,1686377120,,instructions,100200544,100.00,4.49,insn per cycle
66.543263445,375749393,,cycles,100200324,100.00,,
66.643517234,108043,,rD044,100239495,100.00,,
66.643517234,739527,,rFF44,100239195,100.00,,
66.643517234,1684860894,,instructions,100238715,100.00,4.48,insn per cycle
66.643517234,375876505,,cycles,100239305,100.00,,
66.743727552,99007,,rD044,100209745,100.00,,
66.743727552,727097,,rFF44,100209555,100.00,,
66.743727552,1687775135,,instructions,100208855,100.00,4.49,insn per cycle
66.743727552,375779572,,cycles,100208395,100.00,,
66.843937150,103898,,rD044,100208545,100.00,,
66.843937150,756309,,rFF44,100208795,100.00,,
66.843937150,1732786421,,instructions,100209655,100.00,4.61,insn per cycle
66.843937150,375782981,,cycles,100209275,100.00,,
66.944146578,110028,,rD044,100208435,100.00,,
66.944146578,770291,,rFF44,100208845,100.00,,
66.944146578,1760213331,,instructions,100209295,100.00,4.68,insn per cycle
66.944146578,375783695,,cycles,100209345,100.00,,
67.044357416,101201,,rD044,100210954,100.00,,
67.044357416,772984,,rFF44,100211184,100.00,,
67.044357416,1746537820,,instructions,100210004,100.00,4.65,insn per cycle
67.044357416,375853457,,cycles,100228255,100.00,,
67.144586664,110324,,rD044,100228235,100.00,,
67.144586664,746200,,rFF44,100227705,100.00,,
67.144586664,1715762377,,instructions,100228065,100.00,4.57,insn per cycle
67.144586664,375788979,,cycles,100210714,100.00,,
67.244799242,100944,,rD044,100211505,100.00,,
67.244799242,772330,,rFF44,100212105,100.00,,
67.244799242,1718230222,,instructions,100212875,100.00,4.57,insn per cycle
67.244799242,375794030,,cycles,100212285,100.00,,
67.345011320,72924,,rD044,100211595,100.00,,
67.345011320,708774,,rFF44,100211325,100.00,,
67.345011320,1714688397,,instructions,100210515,100.00,4.56,insn per cycle
67.345011320,375786164,,cycles,100210245,100.00,,
67.445219878,104678,,rD044,100208185,100.00,,
67.445219878,773613,,rFF44,100207785,100.00,,
67.445219878,1756655298,,instructions,100207935,100.00,4.67,insn per cycle
67.445219878,375777562,,cycles,100207745,100.00,,
67.545418716,100134,,rD044,100197664,100.00,,
67.545418716,762948,,rFF44,100198104,100.00,,
67.545418716,1736622013,,instructions,100197325,100.00,4.62,insn per cycle
67.545418716,375741957,,cycles,100198365,100.00,,
67.645630004,108348,,rD044,100197395,100.00,,
67.645630004,732311,,rFF44,100196995,100.00,,
67.645630004,1685415947,,instructions,100197894,100.00,4.49,insn per cycle
67.645630004,375722812,,cycles,100198174,100.00,,
67.745842112,95186,,rD044,100210975,100.00,,
67.745842112,765870,,rFF44,100210845,100.00,,
67.745842112,1706703373,,instructions,100209945,100.00,4.54,insn per cycle
67.745842112,375782050,,cycles,100209025,100.00,,
67.846060330,111060,,rD044,100217805,100.00,,
67.846060330,751664,,rFF44,100218035,100.00,,
67.846060330,1723201018,,instructions,100218255,100.00,4.59,insn per cycle
67.846060330,375819145,,cycles,100218865,100.00,,
67.946267678,102560,,rD044,100206415,100.00,,
67.946267678,742231,,rFF44,100206475,100.00,,
67.946267678,1735792918,,instructions,100207235,100.00,4.62,insn per cycle
67.946267678,375777729,,cycles,100207925,100.00,,
68.046475116,99041,,rD044,100206894,100.00,,
68.046475116,746340,,rFF44,100206594,100.00,,
68.046475116,1700142721,,instructions,100206065,100.00,4.52,insn per cycle
68.046475116,375768118,,cycles,100205255,100.00,,
68.146686284,109940,,rD044,100210365,100.00,,
68.146686284,744537,,rFF44,100210135,100.00,,
68.146686284,1703619229,,instructions,100210264,100.00,4.53,insn per cycle
68.146686284,375785811,,cycles,100210044,100.00,,
68.246896822,97531,,rD044,100209855,100.00,,
68.246896822,751162,,rFF44,100209865,100.00,,
68.246896822,1687885850,,instructions,100209705,100.00,4.49,insn per cycle
68.246896822,375783354,,cycles,100209375,100.00,,
68.347104850,76502,,rD044,100207705,100.00,,
68.347104850,701438,,rFF44,100207655,100.00,,
68.347104850,1695164561,,instructions,100208195,100.00,4.51,insn per cycle
68.347104850,375779630,,cycles,100208395,100.00,,
68.447313978,100194,,rD044,100208365,100.00,,
68.447313978,776413,,rFF44,100209365,100.00,,
68.447313978,1705886625,,instructions,100208945,100.00,4.54,insn per cycle
68.447313978,375780994,,cycles,100208475,100.00,,
68.547552746,102213,,rD044,100238095,100.00,,
68.547552746,734091,,rFF44,100237375,100.00,,
68.547552746,1680315838,,instructions,100237055,100.00,4.47,insn per cycle
68.547552746,375886465,,cycles,100237205,100.00,,
68.647762834,104834,,rD044,100184194,100.00,,
68.647762834,713492,,rFF44,100184514,100.00,,
68.647762834,1693641224,,instructions,100185614,100.00,4.51,insn per cycle
68.647762834,375663401,,cycles,100185964,100.00,,
68.747978343,98223,,rD044,100215355,100.00,,
68.747978343,748374,,rFF44,100214725,100.00,,
68.747978343,1670783067,,instructions,100214135,100.00,4.45,insn per cycle
68.747978343,375801325,,cycles,100214185,100.00,,
68.848188651,109454,,rD044,100209325,100.00,,
68.848188651,736928,,rFF44,100209415,100.00,,
68.848188651,1691137587,,instructions,100209285,100.00,4.50,insn per cycle
68.848188651,375781586,,cycles,100208895,100.00,,
68.948398829,95755,,rD044,100208935,100.00,,
68.948398829,761684,,rFF44,100209125,100.00,,
68.948398829,1687456498,,instructions,100208655,100.00,4.49,insn per cycle
68.948398829,375783851,,cycles,100209305,100.00,,
69.048607237,76134,,rD044,100208325,100.00,,
69.048607237,701645,,rFF44,100208475,100.00,,
69.048607237,1688037564,,instructions,100209015,100.00,4.49,insn per cycle
69.048607237,375778871,,cycles,100208335,100.00,,
69.148817055,105622,,rD044,100209204,100.00,,
69.148817055,743905,,rFF44,100208984,100.00,,
69.148817055,1688001176,,instructions,100209134,100.00,4.49,insn per cycle
69.148817055,375774396,,cycles,100209434,100.00,,
69.249027043,95303,,rD044,100208915,100.00,,
69.249027043,746381,,rFF44,100209355,100.00,,
69.249027043,1676054889,,instructions,100208885,100.00,4.46,insn per cycle
69.249027043,375780440,,cycles,100208445,100.00,,
69.349236441,112058,,rD044,100209335,100.00,,
69.349236441,698916,,rFF44,100208875,100.00,,
69.349236441,1687023288,,instructions,100208735,100.00,4.49,insn per cycle
69.349236441,375781192,,cycles,100208695,100.00,,
69.449444279,96164,,rD044,100206725,100.00,,
69.449444279,759501,,rFF44,100206415,100.00,,
69.449444279,1673159341,,instructions,100207125,100.00,4.45,insn per cycle
69.449444279,375778087,,cycles,100208245,100.00,,
69.549657977,104945,,rD044,100213115,100.00,,
69.549657977,730810,,rFF44,100213765,100.00,,
69.549657977,1669880957,,instructions,100213995,100.00,4.44,insn per cycle
69.549657977,375793711,,cycles,100212925,100.00,,
69.649873595,1091838,,rD044,100202564,100.00,,
69.649873595,13675703,,rFF44,100202124,100.00,,
69.649873595,1710889363,,instructions,100201624,100.00,4.55,insn per cycle
69.649873595,375735581,,cycles,100201494,100.00,,
69.750084603,2503900,,rD044,100210605,100.00,,
69.750084603,33656646,,rFF44,100211205,100.00,,
69.750084603,1620449846,,instructions,100210685,100.00,4.31,insn per cycle
69.750084603,375790926,,cycles,100211765,100.00,,
69.850295781,1949085,,rD044,100210335,100.00,,
69.850295781,29509972,,rFF44,100210105,100.00,,
69.850295781,1758132033,,instructions,100210515,100.00,4.68,insn per cycle
69.850295781,375786385,,cycles,100210185,100.00,,
69.950546959,1376475,,rD044,100250715,100.00,,
69.950546959,28493417,,rFF44,100250735,100.00,,
69.950546959,1657638737,,instructions,100251235,100.00,4.41,insn per cycle
69.950546959,375937222,,cycles,100250415,100.00,,
70.050758207,963419,,rD044,100210145,100.00,,
70.050758207,19340192,,rFF44,100210325,100.00,,
70.050758207,1144832503,,instructions,100209605,100.00,3.05,insn per cycle
70.050758207,375784956,,cycles,100209745,100.00,,
70.150966565,49123,,rD044,100207565,100.00,,
70.150966565,7159310,,rFF44,100207245,100.00,,
70.150966565,644431201,,instructions,100207415,100.00,1.71,insn per cycle
70.150966565,375778573,,cycles,100208105,100.00,,
70.251169243,575644,,rD044,100202004,100.00,,
70.251169243,16844953,,rFF44,100201774,100.00,,
70.251169243,1065194055,,instructions,100201764,100.00,2.83,insn per cycle
70.251169243,375753905,,cycles,100201524,100.00,,
70.351377181,35374,,rD044,100225635,100.00,,
70.351377181,6945232,,rFF44,100226115,100.00,,
70.351377181,634597928,,instructions,100226265,100.00,1.69,insn per cycle
70.351377181,375845521,,cycles,100225955,100.00,,
70.451618040,96768,,rD044,100221925,100.00,,
70.451618040,7916082,,rFF44,100222075,100.00,,
70.451618040,667781673,,instructions,100221955,100.00,1.78,insn per cycle
70.451618040,375833816,,cycles,100222895,100.00,,
70.551831708,88397,,rD044,100200495,100.00,,
70.551831708,8451475,,rFF44,100199715,100.00,,
70.551831708,689253553,,instructions,100199995,100.00,1.83,insn per cycle
70.551831708,375724664,,cycles,100199265,100.00,,
70.652038866,37780,,rD044,100190945,100.00,,
70.652038866,7347695,,rFF44,100190895,100.00,,
70.652038866,642610119,,instructions,100190775,100.00,1.71,insn per cycle
70.652038866,375692735,,cycles,100190345,100.00,,
70.752248094,240422,,rD044,100209004,100.00,,
70.752248094,9718386,,rFF44,100210094,100.00,,
70.752248094,731392591,,instructions,100209864,100.00,1.95,insn per cycle
70.752248094,375789361,,cycles,100210825,100.00,,
70.852459492,101120,,rD044,100210535,100.00,,
70.852459492,8933969,,rFF44,100209805,100.00,,
70.852459492,706381021,,instructions,100210945,100.00,1.88,insn per cycle
70.852459492,375786486,,cycles,100210414,100.00,,
70.952669260,28387,,rD044,100209055,100.00,,
70.952669260,6648867,,rFF44,100209385,100.00,,
70.952669260,619876755,,instructions,100208805,100.00,1.65,insn per cycle
70.952669260,375781135,,cycles,100208785,100.00,,
71.052877618,87512,,rD044,100208065,100.00,,
71.052877618,9023001,,rFF44,100207655,100.00,,
71.052877618,713713565,,instructions,100207325,100.00,1.90,insn per cycle
71.052877618,375777045,,cycles,100207695,100.00,,
71.153087156,28996,,rD044,100208455,100.00,,
71.153087156,6751608,,rFF44,100208515,100.00,,
71.153087156,625940107,,instructions,100208965,100.00,1.67,insn per cycle
71.153087156,375783415,,cycles,100209395,100.00,,
71.253298694,36063,,rD044,100211054,100.00,,
71.253298694,7094198,,rFF44,100210994,100.00,,
71.253298694,616403873,,instructions,100210824,100.00,1.64,insn per cycle
71.253298694,375787514,,cycles,100210494,100.00,,
71.353528372,1237538,,rD044,100229345,100.00,,
71.353528372,20290387,,rFF44,100229345,100.00,,
71.353528372,1094861087,,instructions,100229445,100.00,2.91,insn per cycle
71.353528372,375856239,,cycles,100228755,100.00,,
71.453736750,955950,,rD044,100207495,100.00,,
71.453736750,20941387,,rFF44,100208385,100.00,,
71.453736750,1295237719,,instructions,100207625,100.00,3.45,insn per cycle
71.453736750,375776680,,cycles,100207665,100.00,,
71.553951558,739572,,rD044,100213505,100.00,,
71.553951558,17782169,,rFF44,100212225,100.00,,
71.553951558,1008329020,,instructions,100212295,100.00,2.68,insn per cycle
71.553951558,375793988,,cycles,100212135,100.00,,
71.654156776,51357,,rD044,100193605,100.00,,
71.654156776,7299054,,rFF44,100194005,100.00,,
71.654156776,636407347,,instructions,100194305,100.00,1.69,insn per cycle
71.654156776,375711750,,cycles,100195385,100.00,,
71.754368164,53867,,rD044,100210994,100.00,,
71.754368164,7055479,,rFF44,100230925,100.00,,
71.754368164,615081706,,instructions,100230795,100.00,1.64,insn per cycle
71.754368164,375860229,,cycles,100229875,100.00,,
71.854597752,12443,,rD044,100228805,100.00,,
71.854597752,6668562,,rFF44,100208704,100.00,,
71.854597752,612419592,,instructions,100209794,100.00,1.63,insn per cycle
71.854597752,375783252,,cycles,100209234,100.00,,
71.954807310,12121,,rD044,100208685,100.00,,
71.954807310,6740866,,rFF44,100209335,100.00,,
71.954807310,619318522,,instructions,100208725,100.00,1.65,insn per cycle
71.954807310,375785531,,cycles,100209805,100.00,,
72.055017658,211780,,rD044,100210055,100.00,,
72.055017658,10164474,,rFF44,100209925,100.00,,
72.055017658,749557641,,instructions,100210525,100.00,1.99,insn per cycle
72.055017658,375786548,,cycles,100210435,100.00,,
72.155229386,110811,,rD044,100210985,100.00,,
72.155229386,8847760,,rFF44,100210875,100.00,,
72.155229386,696222726,,instructions,100210645,100.00,1.85,insn per cycle
72.155229386,375787255,,cycles,100210425,100.00,,
72.255432954,68875,,rD044,100202805,100.00,,
72.255432954,7179426,,rFF44,100202545,100.00,,
72.255432954,637305019,,instructions,100201665,100.00,1.70,insn per cycle
72.255432954,375757415,,cycles,100202525,100.00,,
72.355659342,47237,,rD044,100225754,100.00,,
72.355659342,7532539,,rFF44,100225854,100.00,,
72.355659342,663623981,,instructions,100225824,100.00,1.77,insn per cycle
72.355659342,375843163,,cycles,100225264,100.00,,
72.455872611,646938,,rD044,100213195,100.00,,
72.455872611,15495260,,rFF44,100213745,100.00,,
72.455872611,929829434,,instructions,100213995,100.00,2.47,insn per cycle
72.455872611,375801300,,cycles,100214225,100.00,,
72.556075088,463825,,rD044,100201015,100.00,,
72.556075088,12022943,,rFF44,100200145,100.00,,
72.556075088,812889187,,instructions,100199975,100.00,2.16,insn per cycle
72.556075088,375745400,,cycles,100199195,100.00,,
72.656284646,576594,,rD044,100180075,100.00,,
72.656284646,14515994,,rFF44,100180195,100.00,,
72.656284646,918180036,,instructions,100180035,100.00,2.44,insn per cycle
72.656284646,375640549,,cycles,100180485,100.00,,
72.756490044,249189,,rD044,100204445,100.00,,
72.756490044,11257897,,rFF44,100204695,100.00,,
72.756490044,818237360,,instructions,100205285,100.00,2.18,insn per cycle
72.756490044,375768210,,cycles,100205395,100.00,,
72.856695372,72581,,rD044,100204644,100.00,,
72.856695372,7421890,,rFF44,100204224,100.00,,
72.856695372,641873714,,instructions,100204514,100.00,1.71,insn per cycle
72.856695372,375766954,,cycles,100205004,100.00,,
72.956903900,160175,,rD044,100207505,100.00,,
72.956903900,8636583,,rFF44,100208085,100.00,,
72.956903900,685299559,,instructions,100207525,100.00,1.82,insn per cycle
72.956903900,375776207,,cycles,100207475,100.00,,
73.057112468,28223,,rD044,100208515,100.00,,
73.057112468,7755364,,rFF44,100208375,100.00,,
73.057112468,660703830,,instructions,100208145,100.00,1.76,insn per cycle
73.057112468,375777334,,cycles,100207715,100.00,,
73.157323006,32590,,rD044,100209465,100.00,,
73.157323006,6291071,,rFF44,100208905,100.00,,
73.157323006,582925322,,instructions,100208785,100.00,1.55,insn per cycle
73.157323006,375778624,,cycles,100208115,100.00,,
73.257539295,94196,,rD044,100215955,100.00,,
73.257539295,8661878,,rFF44,100216955,100.00,,
73.257539295,672489695,,instructions,100217615,100.00,1.79,insn per cycle
73.257539295,375818730,,cycles,100218875,100.00,,
73.357751112,142176,,rD044,100211024,100.00,,
73.357751112,8524973,,rFF44,100211104,100.00,,
73.357751112,684069624,,instructions,100210894,100.00,1.82,insn per cycle
73.357751112,375787954,,cycles,100210604,100.00,,
73.457960550,102785,,rD044,100209485,100.00,,
73.457960550,9767422,,rFF44,100208895,100.00,,
73.457960550,736523803,,instructions,100208865,100.00,1.96,insn per cycle
73.457960550,375777488,,cycles,100207755,100.00,,
73.558177799,11480,,rD044,100215545,100.00,,
73.558177799,6585600,,rFF44,100215545,100.00,,
73.558177799,576620685,,instructions,100215045,100.00,1.53,insn per cycle
73.558177799,375807248,,cycles,100215745,100.00,,
73.658412157,44355,,rD044,100218475,100.00,,
73.658412157,7247503,,rFF44,100218915,100.00,,
73.658412157,609283472,,instructions,100219585,100.00,1.62,insn per cycle
73.658412157,375799586,,cycles,100219185,100.00,,
73.758612195,7278,,rD044,100199325,100.00,,
73.758612195,6324846,,rFF44,100198455,100.00,,
73.758612195,563190989,,instructions,100198295,100.00,1.50,insn per cycle
73.758612195,375743017,,cycles,100198685,100.00,,
73.858820763,7160,,rD044,100208214,100.00,,
73.858820763,6073588,,rFF44,100208754,100.00,,
73.858820763,552923712,,instructions,100209084,100.00,1.47,insn per cycle
73.858820763,375783371,,cycles,100209304,100.00,,
73.959029361,263243,,rD044,100207555,100.00,,
73.959029361,11174271,,rFF44,100208025,100.00,,
73.959029361,778610058,,instructions,100207395,100.00,2.07,insn per cycle
73.959029361,375773940,,cycles,100206905,100.00,,
74.059238589,4476,,rD044,100208675,100.00,,
74.059238589,6371462,,rFF44,100208835,100.00,,
74.059238589,574994914,,instructions,100208885,100.00,1.53,insn per cycle
74.059238589,375782250,,cycles,100209085,100.00,,
74.159447187,24879,,rD044,100208315,100.00,,
74.159447187,7015830,,rFF44,100207805,100.00,,
74.159447187,607580255,,instructions,100208115,100.00,1.62,insn per cycle
74.159447187,375778084,,cycles,100208025,100.00,,
74.259677645,120899,,rD044,100229745,100.00,,
74.259677645,10607645,,rFF44,100229495,100.00,,
74.259677645,763957306,,instructions,100229525,100.00,2.03,insn per cycle
74.259677645,375858076,,cycles,100229315,100.00,,
74.359885843,61099,,rD044,100206884,100.00,,
74.359885843,6782411,,rFF44,100207184,100.00,,
74.359885843,584882131,,instructions,100207304,100.00,1.56,insn per cycle
74.359885843,375777993,,cycles,100207945,100.00,,
74.460094241,64489,,rD044,100208275,100.00,,
74.460094241,7366334,,rFF44,100207955,100.00,,
74.460094241,646709320,,instructions,100207675,100.00,1.72,insn per cycle
74.460094241,375776701,,cycles,100207544,100.00,,
74.560311719,35351,,rD044,100216125,100.00,,
74.560311719,7104073,,rFF44,100217805,100.00,,
74.560311719,632322119,,instructions,100217665,100.00,1.68,insn per cycle
74.560311719,375813240,,cycles,100217415,100.00,,
74.660540937,30855,,rD044,100215045,100.00,,
74.660540937,8042074,,rFF44,100213895,100.00,,
74.660540937,676309021,,instructions,100214045,100.00,1.80,insn per cycle
74.660540937,375774036,,cycles,100214155,100.00,,
74.760762066,17758,,rD044,100220665,100.00,,
74.760762066,6785164,,rFF44,100220215,100.00,,
74.760762066,573903061,,instructions,100220725,100.00,1.53,insn per cycle
74.760762066,375825104,,cycles,100220505,100.00,,
74.860972244,6643,,rD044,100209375,100.00,,
74.860972244,5991109,,rFF44,100209565,100.00,,
74.860972244,559362620,,instructions,100208795,100.00,1.49,insn per cycle
74.860972244,375784270,,cycles,100209565,100.00,,
74.961183862,613342,,rD044,100211544,100.00,,
74.961183862,23420824,,rFF44,100211944,100.00,,
74.961183862,1396415112,,instructions,100212174,100.00,3.72,insn per cycle
74.961183862,375792408,,cycles,100211794,100.00,,
75.061395140,685022,,rD044,100210685,100.00,,
75.061395140,25857476,,rFF44,100210485,100.00,,
75.061395140,1531546710,,instructions,100210755,100.00,4.08,insn per cycle
75.061395140,375787316,,cycles,100210405,100.00,,
75.161605628,1557823,,rD044,100209965,100.00,,
75.161605628,28404667,,rFF44,100210095,100.00,,
75.161605628,1716329077,,instructions,100210715,100.00,4.57,insn per cycle
75.161605628,375787853,,cycles,100210675,100.00,,
75.261807285,1605990,,rD044,100200185,100.00,,
75.261807285,27074152,,rFF44,100199705,100.00,,
75.261807285,1497925471,,instructions,100198755,100.00,3.99,insn per cycle
75.261807285,375743854,,cycles,100198775,100.00,,
75.362014374,202771,,rD044,100206325,100.00,,
75.362014374,10373865,,rFF44,100206305,100.00,,
75.362014374,807138401,,instructions,100206005,100.00,2.15,insn per cycle
75.362014374,375770675,,cycles,100206075,100.00,,
75.462226102,14738,,rD044,100211044,100.00,,
75.462226102,7006753,,rFF44,100211224,100.00,,
75.462226102,604440465,,instructions,100212204,100.00,1.61,insn per cycle
75.462226102,375795185,,cycles,100212464,100.00,,
75.562444840,43692,,rD044,100218185,100.00,,
75.562444840,7753696,,rFF44,100218105,100.00,,
75.562444840,677296323,,instructions,100217865,100.00,1.80,insn per cycle
75.562444840,375814060,,cycles,100217565,100.00,,
75.662654718,482651,,rD044,100193575,100.00,,
75.662654718,14825100,,rFF44,100193535,100.00,,
75.662654718,919064499,,instructions,100193615,100.00,2.45,insn per cycle
75.662654718,375707129,,cycles,100194825,100.00,,
75.762856056,30538,,rD044,100201055,100.00,,
75.762856056,6900104,,rFF44,100201325,100.00,,
75.762856056,599976118,,instructions,100201275,100.00,1.60,insn per cycle
75.762856056,375747931,,cycles,100199935,100.00,,
75.863065834,25160,,rD044,100209305,100.00,,
75.863065834,6655341,,rFF44,100208875,100.00,,
75.863065834,579471439,,instructions,100208025,100.00,1.54,insn per cycle
75.863065834,375781142,,cycles,100208785,100.00,,
75.963278712,18494,,rD044,100212704,100.00,,
75.963278712,6523335,,rFF44,100213574,100.00,,
75.963278712,601908535,,instructions,100213634,100.00,1.60,insn per cycle
75.963278712,375796445,,cycles,100212874,100.00,,
76.063491120,14444,,rD044,100211095,100.00,,
76.063491120,7174285,,rFF44,100210915,100.00,,
76.063491120,618154066,,instructions,100212035,100.00,1.64,insn per cycle
76.063491120,375794088,,cycles,100212175,100.00,,
76.163729338,35514,,rD044,100237475,100.00,,
76.163729338,7111659,,rFF44,100236825,100.00,,
76.163729338,578799267,,instructions,100236055,100.00,1.54,insn per cycle
76.163729338,375883057,,cycles,100236025,100.00,,
76.263930786,59296,,rD044,100200935,100.00,,
76.263930786,7428684,,rFF44,100201135,100.00,,
76.263930786,632065796,,instructions,100200965,100.00,1.68,insn per cycle
76.263930786,375754885,,cycles,100201795,100.00,,
76.364140754,49716,,rD044,100209565,100.00,,
76.364140754,7119377,,rFF44,100209075,100.00,,
76.364140754,622765659,,instructions,100209415,100.00,1.66,insn per cycle
76.364140754,375784412,,cycles,100209665,100.00,,
76.464352312,72077,,rD044,100210594,100.00,,
76.464352312,8683064,,rFF44,100211624,100.00,,
76.464352312,705565235,,instructions,100211354,100.00,1.88,insn per cycle
76.464352312,375785712,,cycles,100209944,100.00,,
76.564583730,519773,,rD044,100231075,100.00,,
76.564583730,18206226,,rFF44,100230245,100.00,,
76.564583730,1248591068,,instructions,100229975,100.00,3.32,insn per cycle
76.564583730,375862585,,cycles,100230565,100.00,,
76.664807308,997562,,rD044,100193555,100.00,,
76.664807308,24294930,,rFF44,100194115,100.00,,
76.664807308,1329558890,,instructions,100194485,100.00,3.54,insn per cycle
76.664807308,375685219,,cycles,100194335,100.00,,
76.765010636,82435,,rD044,100202745,100.00,,
76.765010636,8872267,,rFF44,100202885,100.00,,
76.765010636,709567150,,instructions,100202835,100.00,1.89,insn per cycle
76.765010636,375758796,,cycles,100202895,100.00,,
76.865217324,33687,,rD044,100206065,100.00,,
76.865217324,6295873,,rFF44,100206155,100.00,,
76.865217324,595574222,,instructions,100206395,100.00,1.58,insn per cycle
76.865217324,375773242,,cycles,100206615,100.00,,
76.965427162,3668,,rD044,100208955,100.00,,
76.965427162,6170251,,rFF44,100208005,100.00,,
76.965427162,560201966,,instructions,100208045,100.00,1.49,insn per cycle
76.965427162,375775911,,cycles,100207395,100.00,,
77.065635840,195051,,rD044,100208124,100.00,,
77.065635840,11106347,,rFF44,100208264,100.00,,
77.065635840,781032686,,instructions,100208184,100.00,2.08,insn per cycle
77.065635840,375778523,,cycles,100208144,100.00,,
77.165843078,4265,,rD044,100206705,100.00,,
77.165843078,5947234,,rFF44,100207445,100.00,,
77.165843078,542567241,,instructions,100207245,100.00,1.44,insn per cycle
77.165843078,375777406,,cycles,100207795,100.00,,
77.266050906,138361,,rD044,100207195,100.00,,
77.266050906,10457867,,rFF44,100206925,100.00,,
77.266050906,750172270,,instructions,100207045,100.00,2.00,insn per cycle
77.266050906,375772438,,cycles,100206485,100.00,,
77.366258744,9403,,rD044,100206885,100.00,,
77.366258744,5894449,,rFF44,100206895,100.00,,
77.366258744,549992125,,instructions,100206535,100.00,1.46,insn per cycle
77.366258744,375762902,,cycles,100206685,100.00,,
77.466466272,67686,,rD044,100207324,100.00,,
77.466466272,8555189,,rFF44,100207654,100.00,,
77.466466272,678232323,,instructions,100207634,100.00,1.80,insn per cycle
77.466466272,375780914,,cycles,100208645,100.00,,
77.566687141,9646,,rD044,100220085,100.00,,
77.566687141,6503271,,rFF44,100219355,100.00,,
77.566687141,569845156,,instructions,100220275,100.00,1.52,insn per cycle
77.566687141,375818418,,cycles,100218804,100.00,,
77.666897568,17023,,rD044,100197365,100.00,,
77.666897568,6771767,,rFF44,100197825,100.00,,
77.666897568,579621623,,instructions,100197715,100.00,1.54,insn per cycle
77.666897568,375721786,,cycles,100198305,100.00,,
77.767104856,8548,,rD044,100206705,100.00,,
77.767104856,6500495,,rFF44,100206455,100.00,,
77.767104856,555788724,,instructions,100205385,100.00,1.48,insn per cycle
77.767104856,375769369,,cycles,100205695,100.00,,
77.867310615,5635,,rD044,100205435,100.00,,
77.867310615,5643121,,rFF44,100205805,100.00,,
77.867310615,537522305,,instructions,100206235,100.00,1.43,insn per cycle
77.867310615,375771675,,cycles,100206165,100.00,,
77.967543373,157322,,rD044,100231465,100.00,,
77.967543373,10689287,,rFF44,100231415,100.00,,
77.967543373,784214861,,instructions,100231335,100.00,2.09,insn per cycle
77.967543373,375866993,,cycles,100231795,100.00,,
78.067791881,43517,,rD044,100248115,100.00,,
78.067791881,6852947,,rFF44,100248205,100.00,,
78.067791881,621221737,,instructions,100248465,100.00,1.65,insn per cycle
78.067791881,375929201,,cycles,100248265,100.00,,
78.168000749,124754,,rD044,100207924,100.00,,
78.168000749,8208579,,rFF44,100207974,100.00,,
78.168000749,662227835,,instructions,100207824,100.00,1.76,insn per cycle
78.168000749,375774868,,cycles,100207114,100.00,,
78.268210707,16124,,rD044,100210535,100.00,,
78.268210707,6487522,,rFF44,100210125,100.00,,
78.268210707,588441387,,instructions,100210195,100.00,1.57,insn per cycle
78.268210707,375788216,,cycles,100210615,100.00,,
78.368422995,25945,,rD044,100210985,100.00,,
78.368422995,7119269,,rFF44,100211215,100.00,,
78.368422995,642578231,,instructions,100210505,100.00,1.71,insn per cycle
78.368422995,375785298,,cycles,100209905,100.00,,
78.468630973,596317,,rD044,100207235,100.00,,
78.468630973,21665673,,rFF44,100207015,100.00,,
78.468630973,1138676400,,instructions,100207515,100.00,3.03,insn per cycle
78.468630973,375778277,,cycles,100208015,100.00,,
78.568849481,203419,,rD044,100217275,100.00,,
78.568849481,12163496,,rFF44,100217135,100.00,,
78.568849481,825070822,,instructions,100217415,100.00,2.20,insn per cycle
78.568849481,375819322,,cycles,100218625,100.00,,
78.669062139,20044,,rD044,100198144,100.00,,
78.669062139,6921433,,rFF44,100198124,100.00,,
78.669062139,592492232,,instructions,100197614,100.00,1.58,insn per cycle
78.669062139,375714621,,cycles,100196684,100.00,,
78.769270617,26529,,rD044,100207865,100.00,,
78.769270617,6438202,,rFF44,100207925,100.00,,
78.769270617,580091186,,instructions,100208665,100.00,1.54,insn per cycle
78.769270617,375779301,,cycles,100208355,100.00,,
78.869478565,89169,,rD044,100206975,100.00,,
78.869478565,8293226,,rFF44,100207425,100.00,,
78.869478565,648763052,,instructions,100207165,100.00,1.73,insn per cycle
78.869478565,375775715,,cycles,100207295,100.00,,
78.969688313,12616,,rD044,100209395,100.00,,
78.969688313,6137903,,rFF44,100208755,100.00,,
78.969688313,573488909,,instructions,100208165,100.00,1.53,insn per cycle
78.969688313,375778528,,cycles,100208145,100.00,,
79.069896991,39467,,rD044,100207895,100.00,,
79.069896991,7126596,,rFF44,100208315,100.00,,
79.069896991,592733273,,instructions,100208805,100.00,1.58,insn per cycle
79.069896991,375780691,,cycles,100208535,100.00,,
79.170106909,39731,,rD044,100208924,100.00,,
79.170106909,6892593,,rFF44,100208964,100.00,,
79.170106909,588226153,,instructions,100208714,100.00,1.57,insn per cycle
79.170106909,375780278,,cycles,100208694,100.00,,
79.270314587,362024,,rD044,100207215,100.00,,
79.270314587,14518331,,rFF44,100206555,100.00,,
79.270314587,867266767,,instructions,100207445,100.00,2.31,insn per cycle
79.270314587,375777037,,cycles,100207685,100.00,,
79.370557326,9328,,rD044,100242235,100.00,,
79.370557326,5822657,,rFF44,100243105,100.00,,
79.370557326,535357717,,instructions,100242525,100.00,1.42,insn per cycle
79.370557326,375900857,,cycles,100242385,100.00,,
79.470765624,56971,,rD044,100207345,100.00,,
79.470765624,7182275,,rFF44,100206705,100.00,,
79.470765624,599352942,,instructions,100207065,100.00,1.59,insn per cycle
79.470765624,375778892,,cycles,100208205,100.00,,
79.570980302,65182,,rD044,100199615,100.00,,
79.570980302,7675763,,rFF44,100199545,100.00,,
79.570980302,620581011,,instructions,100200135,100.00,1.65,insn per cycle
79.570980302,375724982,,cycles,100199135,100.00,,
79.671190120,2591,,rD044,100209994,100.00,,
79.671190120,5638681,,rFF44,100210384,100.00,,
79.671190120,512026221,,instructions,100209734,100.00,1.36,insn per cycle
79.671190120,375785147,,cycles,100209855,100.00,,
79.771405738,46025,,rD044,100214965,100.00,,
79.771405738,7079064,,rFF44,100214975,100.00,,
79.771405738,594573036,,instructions,100215625,100.00,1.58,insn per cycle
79.771405738,375802932,,cycles,100215444,100.00,,
79.871635726,44813,,rD044,100228565,100.00,,
79.871635726,7448966,,rFF44,100228165,100.00,,
79.871635726,597789570,,instructions,100227255,100.00,1.59,insn per cycle
79.871635726,375849161,,cycles,100226925,100.00,,
79.971877874,57100,,rD044,100241995,100.00,,
79.971877874,7112780,,rFF44,100241665,100.00,,
79.971877874,589551278,,instructions,100242045,100.00,1.57,insn per cycle
79.971877874,375905684,,cycles,100242005,100.00,,
80.072094773,35608,,rD044,100216225,100.00,,
80.072094773,7243723,,rFF44,100216965,100.00,,
80.072094773,611303847,,instructions,100216755,100.00,1.63,insn per cycle
80.072094773,375811738,,cycles,100216935,100.00,,
80.172302911,14709,,rD044,100207175,100.00,,
80.172302911,5857078,,rFF44,100206805,100.00,,
80.172302911,554033122,,instructions,100206225,100.00,1.47,insn per cycle
80.172302911,375772347,,cycles,100206395,100.00,,
80.272526189,319121,,rD044,100222595,100.00,,
80.272526189,14135518,,rFF44,100222935,100.00,,
80.272526189,827917087,,instructions,100223055,100.00,2.20,insn per cycle
80.272526189,375834762,,cycles,100223155,100.00,,
80.372730787,6068,,rD044,100204134,100.00,,
80.372730787,7016542,,rFF44,100203734,100.00,,
80.372730787,586616752,,instructions,100204164,100.00,1.56,insn per cycle
80.372730787,375761717,,cycles,100203544,100.00,,
80.472940715,2828,,rD044,100209195,100.00,,
80.472940715,5517188,,rFF44,100209225,100.00,,
80.472940715,523291667,,instructions,100208825,100.00,1.39,insn per cycle
80.472940715,375783000,,cycles,100209185,100.00,,
80.573148023,1530,,rD044,100206205,100.00,,
80.573148023,5762596,,rFF44,100206305,100.00,,
80.573148023,513652305,,instructions,100206595,100.00,1.37,insn per cycle
80.573148023,375773338,,cycles,100206805,100.00,,
80.673358031,3770,,rD044,100183965,100.00,,
80.673358031,5907411,,rFF44,100184415,100.00,,
80.673358031,545183591,,instructions,100184585,100.00,1.45,insn per cycle
80.673358031,375726305,,cycles,100202945,100.00,,
80.773590309,168162,,rD044,100219005,100.00,,
80.773590309,14870378,,rFF44,100218515,100.00,,
80.773590309,931665605,,instructions,100218165,100.00,2.48,insn per cycle
80.773590309,375725462,,cycles,100199575,100.00,,
80.873797607,15579,,rD044,100206494,100.00,,
80.873797607,7258937,,rFF44,100206304,100.00,,
80.873797607,574329929,,instructions,100206214,100.00,1.53,insn per cycle
80.873797607,375771391,,cycles,100206114,100.00,,
80.974007565,14980,,rD044,100209165,100.00,,
80.974007565,5836641,,rFF44,100209705,100.00,,
80.974007565,538716266,,instructions,100209905,100.00,1.43,insn per cycle
80.974007565,375783979,,cycles,100209615,100.00,,
81.074218303,20111,,rD044,100209915,100.00,,
81.074218303,6856979,,rFF44,100209265,100.00,,
81.074218303,627220908,,instructions,100209015,100.00,1.67,insn per cycle
81.074218303,375787483,,cycles,100210415,100.00,,
81.174425191,121666,,rD044,100206695,100.00,,
81.174425191,9930763,,rFF44,100207395,100.00,,
81.174425191,688996003,,instructions,100207905,100.00,1.83,insn per cycle
81.174425191,375776862,,cycles,100207655,100.00,,
81.274636979,5560,,rD044,100211205,100.00,,
81.274636979,5389070,,rFF44,100211205,100.00,,
81.274636979,519156300,,instructions,100211385,100.00,1.38,insn per cycle
81.274636979,375786086,,cycles,100210065,100.00,,
81.374845557,26195,,rD044,100208014,100.00,,
81.374845557,7290093,,rFF44,100207864,100.00,,
81.374845557,601847876,,instructions,100207374,100.00,1.60,insn per cycle
81.374845557,375777823,,cycles,100208004,100.00,,
81.475054045,9147,,rD044,100207475,100.00,,
81.475054045,6508099,,rFF44,100207695,100.00,,
81.475054045,556761300,,instructions,100208325,100.00,1.48,insn per cycle
81.475054045,375779272,,cycles,100208285,100.00,,
81.575267673,2249,,rD044,100212915,100.00,,
81.575267673,5584141,,rFF44,100212815,100.00,,
81.575267673,520648794,,instructions,100212395,100.00,1.39,insn per cycle
81.575267673,375794595,,cycles,100212375,100.00,,
81.675475491,163711,,rD044,100194355,100.00,,
81.675475491,9293895,,rFF44,100193975,100.00,,
81.675475491,705444077,,instructions,100193855,100.00,1.88,insn per cycle
81.675475491,375704840,,cycles,100193825,100.00,,
81.775684579,61478,,rD044,100208145,100.00,,
81.775684579,8871977,,rFF44,100208715,100.00,,
81.775684579,698705815,,instructions,100208355,100.00,1.86,insn per cycle
81.775684579,375780849,,cycles,100208715,100.00,,
81.875905447,37250,,rD044,100220464,100.00,,
81.875905447,7334870,,rFF44,100220364,100.00,,
81.875905447,631082470,,instructions,100220294,100.00,1.68,insn per cycle
81.875905447,375823161,,cycles,100219804,100.00,,
81.976113885,9743,,rD044,100207935,100.00,,
81.976113885,6097704,,rFF44,100207725,100.00,,
81.976113885,592323277,,instructions,100207855,100.00,1.58,insn per cycle
81.976113885,375776749,,cycles,100207805,100.00,,
82.076323183,544665,,rD044,100208875,100.00,,
82.076323183,16182606,,rFF44,100208935,100.00,,
82.076323183,1129121164,,instructions,100208875,100.00,3.00,insn per cycle
82.076323183,375784608,,cycles,100209705,100.00,,
82.176571142,546185,,rD044,100246755,100.00,,
82.176571142,24162732,,rFF44,100246905,100.00,,
82.176571142,1395298602,,instructions,100247055,100.00,3.71,insn per cycle
82.176571142,375923155,,cycles,100246675,100.00,,
82.276781760,1408722,,rD044,100210365,100.00,,
82.276781760,28207222,,rFF44,100210565,100.00,,
82.276781760,1421521998,,instructions,100210515,100.00,3.78,insn per cycle
82.276781760,375789603,,cycles,100211045,100.00,,
82.376992598,495933,,rD044,100210705,100.00,,
82.376992598,15087401,,rFF44,100210615,100.00,,
82.376992598,967779284,,instructions,100211145,100.00,2.58,insn per cycle
82.376992598,375789266,,cycles,100210955,100.00,,
82.477204686,458940,,rD044,100210424,100.00,,
82.477204686,14459200,,rFF44,100210314,100.00,,
82.477204686,948298099,,instructions,100209774,100.00,2.52,insn per cycle
82.477204686,375783060,,cycles,100209294,100.00,,
82.577418604,11034,,rD044,100193965,100.00,,
82.577418604,7138360,,rFF44,100193395,100.00,,
82.577418604,656953441,,instructions,100194445,100.00,1.75,insn per cycle
82.577418604,375706671,,cycles,100194405,100.00,,
82.677628172,82407,,rD044,100209485,100.00,,
82.677628172,9018964,,rFF44,100210205,100.00,,
82.677628172,763158121,,instructions,100209745,100.00,2.03,insn per cycle
82.677628172,375785679,,cycles,100209945,100.00,,
82.777839340,71318,,rD044,100210155,100.00,,
82.777839340,8115633,,rFF44,100209865,100.00,,
82.777839340,705163501,,instructions,100209575,100.00,1.88,insn per cycle
82.777839340,375786663,,cycles,100210235,100.00,,
82.878048688,162484,,rD044,100208695,100.00,,
82.878048688,9459518,,rFF44,100208415,100.00,,
82.878048688,766812114,,instructions,100207965,100.00,2.04,insn per cycle
82.878048688,375773404,,cycles,100206755,100.00,,
82.978254776,26303,,rD044,100205254,100.00,,
82.978254776,7920795,,rFF44,100205874,100.00,,
82.978254776,715816868,,instructions,100205764,100.00,1.90,insn per cycle
82.978254776,375771300,,cycles,100206154,100.00,,
83.078463144,153070,,rD044,100207885,100.00,,
83.078463144,11347882,,rFF44,100207305,100.00,,
83.078463144,872081363,,instructions,100208235,100.00,2.32,insn per cycle
83.078463144,375778054,,cycles,100207965,100.00,,
83.178674082,79096,,rD044,100210175,100.00,,
83.178674082,8224290,,rFF44,100210005,100.00,,
83.178674082,709600149,,instructions,100209435,100.00,1.89,insn per cycle
83.178674082,375783416,,cycles,100209395,100.00,,
83.278881400,87134,,rD044,100206345,100.00,,
83.278881400,7949669,,rFF44,100206885,100.00,,
83.278881400,688650253,,instructions,100207265,100.00,1.83,insn per cycle
83.278881400,375776970,,cycles,100207685,100.00,,
83.379091918,64853,,rD044,100210094,100.00,,
83.379091918,8181078,,rFF44,100210385,100.00,,
83.379091918,706725491,,instructions,100210275,100.00,1.88,insn per cycle
83.379091918,375785598,,cycles,100210035,100.00,,
83.479301456,230412,,rD044,100209295,100.00,,
83.479301456,11627292,,rFF44,100208944,100.00,,
83.479301456,843979150,,instructions,100208554,100.00,2.25,insn per cycle
83.479301456,375780204,,cycles,100208534,100.00,,
83.579533514,29379,,rD044,100231535,100.00,,
83.579533514,7673854,,rFF44,100230865,100.00,,
83.579533514,685348783,,instructions,100230685,100.00,1.82,insn per cycle
83.579533514,375866361,,cycles,100231515,100.00,,
83.679744142,158152,,rD044,100184955,100.00,,
83.679744142,10366309,,rFF44,100186185,100.00,,
83.679744142,775209375,,instructions,100186455,100.00,2.06,insn per cycle
83.679744142,375671210,,cycles,100185325,100.00,,
83.779967340,97270,,rD044,100222005,100.00,,
83.779967340,8556374,,rFF44,100221445,100.00,,
83.779967340,695280220,,instructions,100221855,100.00,1.85,insn per cycle
83.779967340,375833683,,cycles,100222805,100.00,,
83.880177758,18068,,rD044,100210105,100.00,,
83.880177758,6743400,,rFF44,100209735,100.00,,
83.880177758,606380633,,instructions,100209185,100.00,1.61,insn per cycle
83.880177758,375781286,,cycles,100208825,100.00,,
83.980401596,109806,,rD044,100222945,100.00,,
83.980401596,9674491,,rFF44,100223275,100.00,,
83.980401596,726459121,,instructions,100223175,100.00,1.93,insn per cycle
83.980401596,375833887,,cycles,100222915,100.00,,
84.080608695,7600,,rD044,100206154,100.00,,
84.080608695,6238998,,rFF44,100206244,100.00,,
84.080608695,588340024,,instructions,100206694,100.00,1.57,insn per cycle
84.080608695,375773576,,cycles,100206704,100.00,,
84.180826983,12161,,rD044,100218055,100.00,,
84.180826983,6636323,,rFF44,100217645,100.00,,
84.180826983,607154351,,instructions,100217695,100.00,1.62,insn per cycle
84.180826983,375815307,,cycles,100217955,100.00,,
84.281038171,135347,,rD044,100210335,100.00,,
84.281038171,12366756,,rFF44,100210215,100.00,,
84.281038171,838415907,,instructions,100210705,100.00,2.23,insn per cycle
84.281038171,375789238,,cycles,100210955,100.00,,
84.381246019,11342,,rD044,100207265,100.00,,
84.381246019,6360156,,rFF44,100207535,100.00,,
84.381246019,582238837,,instructions,100206435,100.00,1.55,insn per cycle
84.381246019,375773554,,cycles,100206775,100.00,,
84.481456857,9332,,rD044,100210155,100.00,,
84.481456857,6591868,,rFF44,100209645,100.00,,
84.481456857,596374695,,instructions,100209895,100.00,1.59,insn per cycle
84.481456857,375781446,,cycles,100208865,100.00,,
84.581652895,25124,,rD044,100194794,100.00,,
84.581652895,7373433,,rFF44,100195234,100.00,,
84.581652895,626047210,,instructions,100194914,100.00,1.67,insn per cycle
84.581652895,375732007,,cycles,100195634,100.00,,
84.681861352,31503,,rD044,100170835,100.00,,
84.681861352,7495256,,rFF44,100171155,100.00,,
84.681861352,635492936,,instructions,100172175,100.00,1.69,insn per cycle
84.681861352,375604231,,cycles,100171645,100.00,,
84.782079881,58543,,rD044,100217945,100.00,,
84.782079881,9197539,,rFF44,100217655,100.00,,
84.782079881,708477968,,instructions,100217455,100.00,1.89,insn per cycle
84.782079881,375817577,,cycles,100218505,100.00,,
84.882290819,236318,,rD044,100210975,100.00,,
84.882290819,9596115,,rFF44,100211525,100.00,,
84.882290819,703132343,,instructions,100212275,100.00,1.87,insn per cycle
84.882290819,375785584,,cycles,100211615,100.00,,
84.982532377,63532,,rD044,100228005,100.00,,
84.982532377,8088240,,rFF44,100227885,100.00,,
84.982532377,651191244,,instructions,100227455,100.00,1.73,insn per cycle
84.982532377,375829919,,cycles,100227005,100.00,,
85.082740185,40715,,rD044,100207384,100.00,,
85.082740185,7702240,,rFF44,100207174,100.00,,
85.082740185,623607342,,instructions,100207044,100.00,1.66,insn per cycle
85.082740185,375775929,,cycles,100207204,100.00,,
85.182951103,24470,,rD044,100210405,100.00,,
85.182951103,6363849,,rFF44,100210305,100.00,,
85.182951103,560342862,,instructions,100209855,100.00,1.49,insn per cycle
85.182951103,375787599,,cycles,100210515,100.00,,
85.283162301,27921,,rD044,100210845,100.00,,
85.283162301,6631904,,rFF44,100210675,100.00,,
85.283162301,611881232,,instructions,100210775,100.00,1.63,insn per cycle
85.283162301,375785462,,cycles,100210145,100.00,,
85.383371409,895312,,rD044,100208505,100.00,,
85.383371409,25799281,,rFF44,100238455,100.00,,
85.383371409,1456782746,,instructions,100238365,100.00,3.88,insn per cycle
85.383371409,375894673,,cycles,100239055,100.00,,
85.483609787,601197,,rD044,100236775,100.00,,
85.483609787,23962083,,rFF44,100206785,100.00,,
85.483609787,1356669025,,instructions,100206675,100.00,3.61,insn per cycle
85.483609787,375770899,,cycles,100206065,100.00,,
85.583855286,130260,,rD044,100221694,100.00,,
85.583855286,9615205,,rFF44,100221574,100.00,,
85.583855286,676133201,,instructions,100221774,100.00,1.80,insn per cycle
85.583855286,375810578,,cycles,100221834,100.00,,
85.684063274,21968,,rD044,100207854,100.00,,
85.684063274,6370196,,rFF44,100207734,100.00,,
85.684063274,613433536,,instructions,100207915,100.00,1.63,insn per cycle
85.684063274,375770927,,cycles,100208365,100.00,,
85.784271102,67464,,rD044,100206675,100.00,,
85.784271102,10820527,,rFF44,100207145,100.00,,
85.784271102,705379533,,instructions,100206964,100.00,1.88,insn per cycle
85.784271102,375772027,,cycles,100206294,100.00,,
85.884481060,5880,,rD044,100198515,100.00,,
85.884481060,5611318,,rFF44,100198225,100.00,,
85.884481060,528548172,,instructions,100198085,100.00,1.41,insn per cycle
85.884481060,375721730,,cycles,100198005,100.00,,
85.984690338,52639,,rD044,100208835,100.00,,
85.984690338,7541101,,rFF44,100209435,100.00,,
85.984690338,620646469,,instructions,100209195,100.00,1.65,insn per cycle
85.984690338,375784719,,cycles,100209745,100.00,,
86.084899616,73444,,rD044,100208275,100.00,,
86.084899616,7337634,,rFF44,100207635,100.00,,
86.084899616,598181111,,instructions,100207505,100.00,1.59,insn per cycle
86.084899616,375774878,,cycles,100207125,100.00,,
86.185108894,199671,,rD044,100209074,100.00,,
86.185108894,11484062,,rFF44,100208984,100.00,,
86.185108894,802598653,,instructions,100209744,100.00,2.14,insn per cycle
86.185108894,375783412,,cycles,100209394,100.00,,
86.285318392,67978,,rD044,100208555,100.00,,
86.285318392,9398631,,rFF44,100209195,100.00,,
86.285318392,660745509,,instructions,100208745,100.00,1.76,insn per cycle
86.285318392,375780867,,cycles,100208655,100.00,,
86.385546360,5326,,rD044,100227155,100.00,,
86.385546360,5320932,,rFF44,100226455,100.00,,
86.385546360,505729777,,instructions,100226625,100.00,1.35,insn per cycle
86.385546360,375848013,,cycles,100226615,100.00,,
86.485755488,24760,,rD044,100208445,100.00,,
86.485755488,6871615,,rFF44,100208875,100.00,,
86.485755488,573854050,,instructions,100209225,100.00,1.53,insn per cycle
86.485755488,375785777,,cycles,100210085,100.00,,
86.585968086,3203,,rD044,100212585,100.00,,
86.585968086,5419892,,rFF44,100212555,100.00,,
86.585968086,509478429,,instructions,100211775,100.00,1.36,insn per cycle
86.585968086,375788340,,cycles,100210555,100.00,,
86.686177084,4106,,rD044,100180684,100.00,,
86.686177084,6382042,,rFF44,100180765,100.00,,
86.686177084,543240085,,instructions,100180465,100.00,1.45,insn per cycle
86.686177084,375658279,,cycles,100181225,100.00,,
86.786407112,10886,,rD044,100229485,100.00,,
86.786407112,6432043,,rFF44,100229534,100.00,,
86.786407112,599143555,,instructions,100230824,100.00,1.59,insn per cycle
86.786407112,375861878,,cycles,100230414,100.00,,
86.886615070,84589,,rD044,100206945,100.00,,
86.886615070,8732857,,rFF44,100207215,100.00,,
86.886615070,682493944,,instructions,100206285,100.00,1.82,insn per cycle
86.886615070,375774220,,cycles,100206935,100.00,,
86.986825038,15073,,rD044,100209245,100.00,,
86.986825038,6655385,,rFF44,100208645,100.00,,
86.986825038,607183852,,instructions,100208785,100.00,1.62,insn per cycle
86.986825038,375778642,,cycles,100208055,100.00,,
87.087032526,359134,,rD044,100207015,100.00,,
87.087032526,14097945,,rFF44,100207215,100.00,,
87.087032526,884794253,,instructions,100207535,100.00,2.35,insn per cycle
87.087032526,375779621,,cycles,100208455,100.00,,
87.187242674,32204,,rD044,100209755,100.00,,
87.187242674,6693412,,rFF44,100209405,100.00,,
87.187242674,603612288,,instructions,100210075,100.00,1.61,insn per cycle
87.187242674,375783886,,cycles,100209455,100.00,,
87.287464932,26992,,rD044,100221574,100.00,,
87.287464932,7587535,,rFF44,100221804,100.00,,
87.287464932,618423175,,instructions,100221204,100.00,1.65,insn per cycle
87.287464932,375829477,,cycles,100221744,100.00,,
87.387675071,38310,,rD044,100209035,100.00,,
87.387675071,7373723,,rFF44,100209045,100.00,,
87.387675071,652327398,,instructions,100209095,100.00,1.74,insn per cycle
87.387675071,375780299,,cycles,100208395,100.00,,
87.487908889,113912,,rD044,100233725,100.00,,
87.487908889,12377312,,rFF44,100233995,100.00,,
87.487908889,898883750,,instructions,100233875,100.00,2.39,insn per cycle
87.487908889,375876897,,cycles,100234485,100.00,,
87.588124017,94036,,rD044,100199055,100.00,,
87.588124017,9883178,,rFF44,100198085,100.00,,
87.588124017,728407086,,instructions,100197855,100.00,1.94,insn per cycle
87.588124017,375720340,,cycles,100197705,100.00,,
87.688331575,48168,,rD044,100207335,100.00,,
87.688331575,7497240,,rFF44,100207525,100.00,,
87.688331575,642281240,,instructions,100207585,100.00,1.71,insn per cycle
87.688331575,375775756,,cycles,100207515,100.00,,
87.788561173,42538,,rD044,100228675,100.00,,
87.788561173,6949094,,rFF44,100229635,100.00,,
87.788561173,625763442,,instructions,100230555,100.00,1.66,insn per cycle
87.788561173,375862940,,cycles,100230705,100.00,,
87.888758171,20899,,rD044,100195884,100.00,,
87.888758171,6765744,,rFF44,100195224,100.00,,
87.888758171,606519636,,instructions,100194274,100.00,1.61,insn per cycle
87.888758171,375725246,,cycles,100193824,100.00,,
87.988967999,180239,,rD044,100209485,100.00,,
87.988967999,10951571,,rFF44,100209505,100.00,,
87.988967999,782731150,,instructions,100209755,100.00,2.08,insn per cycle
87.988967999,375786213,,cycles,100210195,100.00,,
88.089176247,40986,,rD044,100207725,100.00,,
88.089176247,7132646,,rFF44,100208125,100.00,,
88.089176247,612462682,,instructions,100207955,100.00,1.63,insn per cycle
88.089176247,375776583,,cycles,100207585,100.00,,
88.189401565,11203,,rD044,100224465,100.00,,
88.189401565,6404576,,rFF44,100223995,100.00,,
88.189401565,601583634,,instructions,100223885,100.00,1.60,insn per cycle
88.189401565,375837663,,cycles,100223855,100.00,,
88.289609653,147338,,rD044,100207235,100.00,,
88.289609653,9579561,,rFF44,100207505,100.00,,
88.289609653,713928782,,instructions,100207555,100.00,1.90,insn per cycle
88.289609653,375778515,,cycles,100208005,100.00,,
88.389819761,25803,,rD044,100209674,100.00,,
88.389819761,7898378,,rFF44,100209534,100.00,,
88.389819761,647902695,,instructions,100209624,100.00,1.72,insn per cycle
88.389819761,375784626,,cycles,100209714,100.00,,
88.490030189,4876,,rD044,100209695,100.00,,
88.490030189,5813617,,rFF44,100209855,100.00,,
88.490030189,547261313,,instructions,100209915,100.00,1.46,insn per cycle
88.490030189,375786921,,cycles,100210415,100.00,,
88.590226437,36331,,rD044,100182075,100.00,,
88.590226437,7544780,,rFF44,100182135,100.00,,
88.590226437,643368038,,instructions,100182435,100.00,1.71,insn per cycle
88.590226437,375659698,,cycles,100182225,100.00,,
88.690438185,30121,,rD044,100199684,100.00,,
88.690438185,7480545,,rFF44,100199194,100.00,,
88.690438185,628435655,,instructions,100198974,100.00,1.67,insn per cycle
88.690438185,375734034,,cycles,100199104,100.00,,
88.790646393,491077,,rD044,100208294,100.00,,
88.790646393,15297127,,rFF44,100209265,100.00,,
88.790646393,962255159,,instructions,100209545,100.00,2.56,insn per cycle
88.790646393,375780075,,cycles,100208565,100.00,,
88.890857141,29877,,rD044,100209455,100.00,,
88.890857141,8778794,,rFF44,100209204,100.00,,
88.890857141,719895796,,instructions,100209074,100.00,1.92,insn per cycle
88.890857141,375783153,,cycles,100209214,100.00,,
88.991064679,286433,,rD044,100207105,100.00,,
88.991064679,13079922,,rFF44,100207425,100.00,,
88.991064679,920529636,,instructions,100206795,100.00,2.45,insn per cycle
88.991064679,375776190,,cycles,100207445,100.00,,
89.091273877,29475,,rD044,100208185,100.00,,
89.091273877,6778555,,rFF44,100207815,100.00,,
89.091273877,583556094,,instructions,100208235,100.00,1.55,insn per cycle
89.091273877,375777435,,cycles,100207665,100.00,,
89.191484195,7228,,rD044,100209605,100.00,,
89.191484195,5980903,,rFF44,100209655,100.00,,
89.191484195,575207813,,instructions,100209695,100.00,1.53,insn per cycle
89.191484195,375787971,,cycles,100210815,100.00,,
89.291695363,63799,,rD044,100210824,100.00,,
89.291695363,7792169,,rFF44,100210974,100.00,,
89.291695363,676356261,,instructions,100210654,100.00,1.80,insn per cycle
89.291695363,375783269,,cycles,100209305,100.00,,
89.391927441,112760,,rD044,100231685,100.00,,
89.391927441,8175017,,rFF44,100231065,100.00,,
89.391927441,639080279,,instructions,100230795,100.00,1.70,insn per cycle
89.391927441,375863568,,cycles,100230884,100.00,,
89.492136889,189347,,rD044,100208625,100.00,,
89.492136889,10508435,,rFF44,100208855,100.00,,
89.492136889,771477441,,instructions,100208755,100.00,2.05,insn per cycle
89.492136889,375782708,,cycles,100209205,100.00,,
89.592349808,27064,,rD044,100211615,100.00,,
89.592349808,8304803,,rFF44,100211715,100.00,,
89.592349808,663148180,,instructions,100211805,100.00,1.76,insn per cycle
89.592349808,375789268,,cycles,100210885,100.00,,
89.692588866,19402,,rD044,100238585,100.00,,
89.692588866,6304759,,rFF44,100238535,100.00,,
89.692588866,579665681,,instructions,100238785,100.00,1.54,insn per cycle
89.692588866,375896448,,cycles,100239615,100.00,,
89.792795714,44664,,rD044,100206745,100.00,,
89.792795714,7468102,,rFF44,100207035,100.00,,
89.792795714,666879033,,instructions,100206595,100.00,1.77,insn per cycle
89.792795714,375774140,,cycles,100206915,100.00,,
89.893004952,53337,,rD044,100208084,100.00,,
89.893004952,7455533,,rFF44,100207624,100.00,,
89.893004952,658853256,,instructions,100208335,100.00,1.75,insn per cycle
89.893004952,375778065,,cycles,100207965,100.00,,
89.993216210,22003,,rD044,100210975,100.00,,
89.993216210,6007889,,rFF44,100211235,100.00,,
89.993216210,612421589,,instructions,100211214,100.00,1.63,insn per cycle
89.993216210,375784691,,cycles,100210504,100.00,,
90.093434458,1255,,rD044,100217525,100.00,,
90.093434458,2425613,,rFF44,100217475,100.00,,
90.093434458,541930851,,instructions,100217425,100.00,1.44,insn per cycle
90.093434458,375815761,,cycles,100218095,100.00,,
90.193643966,1348,,rD044,100208605,100.00,,
90.193643966,2427200,,rFF44,100208595,100.00,,
90.193643966,542408176,,instructions,100208595,100.00,1.44,insn per cycle
90.193643966,375779200,,cycles,100208205,100.00,,
90.293847114,1231,,rD044,100202195,100.00,,
90.293847114,2428372,,rFF44,100202075,100.00,,
90.293847114,542438764,,instructions,100201715,100.00,1.44,insn per cycle
90.293847114,375755453,,cycles,100201935,100.00,,
90.394054472,1273,,rD044,100206994,100.00,,
90.394054472,2427088,,rFF44,100207174,100.00,,
90.394054472,542038451,,instructions,100207374,100.00,1.44,insn per cycle
90.394054472,375775288,,cycles,100207295,100.00,,
90.494273520,1479,,rD044,100218735,100.00,,
90.494273520,2429178,,rFF44,100218495,100.00,,
90.494273520,542359946,,instructions,100218515,100.00,1.44,insn per cycle
90.494273520,375817319,,cycles,100218354,100.00,,
90.594483788,1269,,rD044,100209555,100.00,,
90.594483788,2427762,,rFF44,100209775,100.00,,
90.594483788,542511514,,instructions,100209825,100.00,1.44,insn per cycle
90.594483788,375786709,,cycles,100210345,100.00,,
90.694692836,1313,,rD044,100207605,100.00,,
90.694692836,2428667,,rFF44,100207955,100.00,,
90.694692836,542366305,,instructions,100207945,100.00,1.44,insn per cycle
90.694692836,375777304,,cycles,100207715,100.00,,
90.794902794,1391,,rD044,100210155,100.00,,
90.794902794,2428765,,rFF44,100209315,100.00,,
90.794902794,542430399,,instructions,100209315,100.00,1.44,insn per cycle
90.794902794,375781911,,cycles,100209055,100.00,,
90.895113952,1436,,rD044,100210054,100.00,,
90.895113952,2426814,,rFF44,100210634,100.00,,
90.895113952,542221036,,instructions,100210865,100.00,1.44,insn per cycle
90.895113952,375790394,,cycles,100211195,100.00,,
90.995324410,1510,,rD044,100197305,100.00,,
90.995324410,2426963,,rFF44,100197025,100.00,,
90.995324410,542269937,,instructions,100196764,100.00,1.44,insn per cycle
90.995324410,375714860,,cycles,100196584,100.00,,
91.095552358,1244,,rD044,100227895,100.00,,
91.095552358,2428602,,rFF44,100228025,100.00,,
91.095552358,542019135,,instructions,100227675,100.00,1.44,insn per cycle
91.095552358,375854272,,cycles,100228295,100.00,,
91.195761916,1152,,rD044,100208605,100.00,,
91.195761916,2427498,,rFF44,100208775,100.00,,
91.195761916,542255907,,instructions,100209465,100.00,1.44,insn per cycle
91.195761916,375782739,,cycles,100209215,100.00,,
91.296004835,1550,,rD044,100242615,100.00,,
91.296004835,2429148,,rFF44,100242975,100.00,,
91.296004835,542533434,,instructions,100243555,100.00,1.44,insn per cycle
91.296004835,375909928,,cycles,100243075,100.00,,
91.396221623,1329,,rD044,100216065,100.00,,
91.396221623,2427353,,rFF44,100215325,100.00,,
91.396221623,542212326,,instructions,100214725,100.00,1.44,insn per cycle
91.396221623,375805226,,cycles,100215275,100.00,,
91.496423251,1476,,rD044,100200454,100.00,,
91.496423251,2427915,,rFF44,100200584,100.00,,
91.496423251,542152385,,instructions,100200215,100.00,1.44,insn per cycle
91.496423251,375745872,,cycles,100199325,100.00,,
91.596629769,1290,,rD044,100206575,100.00,,
91.596629769,2427113,,rFF44,100206195,100.00,,
91.596629769,542071154,,instructions,100206054,100.00,1.44,insn per cycle
91.596629769,375771441,,cycles,100206254,100.00,,
91.696835747,1311,,rD044,100205115,100.00,,
91.696835747,2428355,,rFF44,100205065,100.00,,
91.696835747,541951360,,instructions,100205745,100.00,1.44,insn per cycle
91.696835747,375769049,,cycles,100205515,100.00,,
91.797042395,1194,,rD044,100205545,100.00,,
91.797042395,2431747,,rFF44,100205535,100.00,,
91.797042395,542475948,,instructions,100205285,100.00,1.44,insn per cycle
91.797042395,375770523,,cycles,100206015,100.00,,
91.897249323,1304,,rD044,100206745,100.00,,
91.897249323,2431716,,rFF44,100206865,100.00,,
91.897249323,542688159,,instructions,100206615,100.00,1.44,insn per cycle
91.897249323,375773535,,cycles,100206755,100.00,,
91.997457031,1741,,rD044,100206824,100.00,,
91.997457031,2429845,,rFF44,100207014,100.00,,
91.997457031,541724412,,instructions,100207494,100.00,1.44,insn per cycle
91.997457031,375774187,,cycles,100206934,100.00,,
92.097667069,1437,,rD044,100209555,100.00,,
92.097667069,2430662,,rFF44,100209335,100.00,,
92.097667069,542028625,,instructions,100208725,100.00,1.44,insn per cycle
92.097667069,375781648,,cycles,100208785,100.00,,
92.197874737,1346,,rD044,100207175,100.00,,
92.197874737,2432278,,rFF44,100207515,100.00,,
92.197874737,542411436,,instructions,100207575,100.00,1.44,insn per cycle
92.197874737,375775788,,cycles,100207505,100.00,,
92.298084205,1341,,rD044,100208535,100.00,,
92.298084205,2431258,,rFF44,100208165,100.00,,
92.298084205,542422209,,instructions,100208585,100.00,1.44,insn per cycle
92.298084205,375780491,,cycles,100208615,100.00,,
92.398292043,1465,,rD044,100207015,100.00,,
92.398292043,2431608,,rFF44,100207495,100.00,,
92.398292043,542473488,,instructions,100207045,100.00,1.44,insn per cycle
92.398292043,375778122,,cycles,100207985,100.00,,
92.498523751,1447,,rD044,100230624,100.00,,
92.498523751,2430418,,rFF44,100230264,100.00,,
92.498523751,541520870,,instructions,100231244,100.00,1.44,insn per cycle
92.498523751,375863131,,cycles,100230354,100.00,,
92.598731089,1578,,rD044,100191955,100.00,,
92.598731089,2429621,,rFF44,100191375,100.00,,
92.598731089,541464963,,instructions,100191075,100.00,1.44,insn per cycle
92.598731089,375690542,,cycles,100191015,100.00,,
92.698940117,1278,,rD044,100207775,100.00,,
92.698940117,2430618,,rFF44,100209135,100.00,,
92.698940117,542263906,,instructions,100208175,100.00,1.44,insn per cycle
92.698940117,375779086,,cycles,100208255,100.00,,
92.799149405,1494,,rD044,100209325,100.00,,
92.799149405,2430678,,rFF44,100209535,100.00,,
92.799149405,542081074,,instructions,100210315,100.00,1.44,insn per cycle
92.799149405,375790445,,cycles,100211025,100.00,,
92.899360783,1283,,rD044,100210355,100.00,,
92.899360783,2430777,,rFF44,100210095,100.00,,
92.899360783,542027191,,instructions,100228715,100.00,1.44,insn per cycle
92.899360783,375855709,,cycles,100228905,100.00,,
92.999590081,1305,,rD044,100228434,100.00,,
92.999590081,2430958,,rFF44,100228065,100.00,,
92.999590081,541948574,,instructions,100209245,100.00,1.44,insn per cycle
92.999590081,375781163,,cycles,100208735,100.00,,
93.099798979,1302,,rD044,100208485,100.00,,
93.099798979,2429821,,rFF44,100208524,100.00,,
93.099798979,542050046,,instructions,100208604,100.00,1.44,insn per cycle
93.099798979,375780527,,cycles,100208694,100.00,,
93.200039398,1403,,rD044,100239685,100.00,,
93.200039398,2432536,,rFF44,100239305,100.00,,
93.200039398,542692275,,instructions,100238275,100.00,1.44,insn per cycle
93.200039398,375892028,,cycles,100238295,100.00,,
93.300248116,1355,,rD044,100207605,100.00,,
93.300248116,2430694,,rFF44,100207265,100.00,,
93.300248116,542240809,,instructions,100207785,100.00,1.44,insn per cycle
93.300248116,375776188,,cycles,100207525,100.00,,
93.400462564,1589,,rD044,100214465,100.00,,
93.400462564,2431864,,rFF44,100215175,100.00,,
93.400462564,542036975,,instructions,100215695,100.00,1.44,insn per cycle
93.400462564,375806840,,cycles,100215635,100.00,,
93.500676272,1233,,rD044,100212415,100.00,,
93.500676272,2431013,,rFF44,100212205,100.00,,
93.500676272,542204094,,instructions,100211695,100.00,1.44,insn per cycle
93.500676272,375790370,,cycles,100211255,100.00,,
93.600884090,1522,,rD044,100207234,100.00,,
93.600884090,2431470,,rFF44,100206864,100.00,,
93.600884090,542074866,,instructions,100207094,100.00,1.44,insn per cycle
93.600884090,375776912,,cycles,100207604,100.00,,
93.701091878,3902403,,rD044,100207795,100.00,,
93.701091878,22812118,,rFF44,100208275,100.00,,
93.701091878,660253060,,instructions,100208845,100.00,1.76,insn per cycle
93.701091878,375784118,,cycles,100209645,100.00,,
93.801301916,4746637,,rD044,100209245,100.00,,
93.801301916,27355995,,rFF44,100209095,100.00,,
93.801301916,684045749,,instructions,100209565,100.00,1.82,insn per cycle
93.801301916,375784749,,cycles,100209505,100.00,,
93.901532344,4766369,,rD044,100230085,100.00,,
93.901532344,27479756,,rFF44,100231365,100.00,,
93.901532344,686822193,,instructions,100230515,100.00,1.83,insn per cycle
93.901532344,375848219,,cycles,100229615,100.00,,
94.001743962,4741254,,rD044,100211225,100.00,,
94.001743962,27318527,,rFF44,100210215,100.00,,
94.001743962,683183688,,instructions,100209875,100.00,1.82,insn per cycle
94.001743962,375786338,,cycles,100210225,100.00,,
94.101953420,4649449,,rD044,100208814,100.00,,
94.101953420,26924037,,rFF44,100208845,100.00,,
94.101953420,673780807,,instructions,100208945,100.00,1.79,insn per cycle
94.101953420,375782780,,cycles,100209225,100.00,,
94.202164358,4615853,,rD044,100209975,100.00,,
94.202164358,26762390,,rFF44,100210264,100.00,,
94.202164358,673002670,,instructions,100210464,100.00,1.79,insn per cycle
94.202164358,375786498,,cycles,100210184,100.00,,
94.302376106,4707830,,rD044,100243835,100.00,,
94.302376106,27320462,,rFF44,100244135,100.00,,
94.302376106,687891897,,instructions,100244195,100.00,1.83,insn per cycle
94.302376106,375912949,,cycles,100243975,100.00,,
94.402618074,4721789,,rD044,100208305,100.00,,
94.402618074,27273942,,rFF44,100207445,100.00,,
94.402618074,686052408,,instructions,100207185,100.00,1.83,insn per cycle
94.402618074,375775105,,cycles,100207175,100.00,,
94.502837782,4724619,,rD044,100218395,100.00,,
94.502837782,27267481,,rFF44,100218455,100.00,,
94.502837782,685726999,,instructions,100219235,100.00,1.82,insn per cycle
94.502837782,375821181,,cycles,100219475,100.00,,
94.603048261,4588201,,rD044,100211245,100.00,,
94.603048261,26949287,,rFF44,100211605,100.00,,
94.603048261,722522337,,instructions,100211375,100.00,1.92,insn per cycle
94.603048261,375793596,,cycles,100212115,100.00,,
94.703262049,1599150,,rD044,100211864,100.00,,
94.703262049,25133714,,rFF44,100212455,100.00,,
94.703262049,1908136467,,instructions,100212875,100.00,5.08,insn per cycle
94.703262049,375793330,,cycles,100212025,100.00,,
94.803476267,1608365,,rD044,100214425,100.00,,
94.803476267,25163312,,rFF44,100213674,100.00,,
94.803476267,1910381831,,instructions,100213344,100.00,5.08,insn per cycle
94.803476267,375804551,,cycles,100215234,100.00,,
94.903693275,1606602,,rD044,100216355,100.00,,
94.903693275,25168679,,rFF44,100216135,100.00,,
94.903693275,1910792411,,instructions,100215715,100.00,5.08,insn per cycle
94.903693275,375801147,,cycles,100214125,100.00,,
95.003908113,4490994,,rD044,100214115,100.00,,
95.003908113,27372257,,rFF44,100214615,100.00,,
95.003908113,875784470,,instructions,100214935,100.00,2.33,insn per cycle
95.003908113,375803056,,cycles,100214185,100.00,,
95.104136181,6840331,,rD044,100227225,100.00,,
95.104136181,29624392,,rFF44,100226255,100.00,,
95.104136181,40097097,,instructions,100226305,100.00,0.11,insn per cycle
95.104136181,375845840,,cycles,100227125,100.00,,
95.204354789,6906512,,rD044,100217905,100.00,,
95.204354789,30089211,,rFF44,100219055,100.00,,
95.204354789,38209913,,instructions,100219265,100.00,0.10,insn per cycle
95.204354789,375883226,,cycles,100236965,100.00,,
95.304584907,6930140,,rD044,100230045,100.00,,
95.304584907,30072188,,rFF44,100229565,100.00,,
95.304584907,37553784,,instructions,100229815,100.00,0.10,insn per cycle
95.304584907,375790983,,cycles,100211415,100.00,,
95.404796625,6707811,,rD044,100210214,100.00,,
95.404796625,29454229,,rFF44,100209774,100.00,,
95.404796625,53674783,,instructions,100209214,100.00,0.14,insn per cycle
95.404796625,375783378,,cycles,100209124,100.00,,
95.505003593,1640189,,rD044,100190645,100.00,,
95.505003593,24589927,,rFF44,100190625,100.00,,
95.505003593,479438163,,instructions,100190095,100.00,1.28,insn per cycle
95.505003593,375687574,,cycles,100190535,100.00,,
95.605213571,1807824,,rD044,100210555,100.00,,
95.605213571,27123150,,rFF44,100211115,100.00,,
95.605213571,532594174,,instructions,100211125,100.00,1.42,insn per cycle
95.605213571,375790957,,cycles,100211415,100.00,,
95.705423699,2669077,,rD044,100209285,100.00,,
95.705423699,35576875,,rFF44,100208995,100.00,,
95.705423699,706557993,,instructions,100209315,100.00,1.88,insn per cycle
95.705423699,375782745,,cycles,100209225,100.00,,
95.805639308,3665415,,rD044,1491001348,100.00,,
95.805639308,41251407,,rFF44,1491875678,100.00,,
95.805639308,5411270082,,instructions,1492639808,100.00,0.97,insn per cycle
95.805639308,5598939797,,cycles,1493386410,100.00,,
95.906042188,3826350,,rD044,1606363673,100.00,,
95.906042188,43986740,,rFF44,1606356876,100.00,,
95.906042188,5778859301,,instructions,1606337996,100.00,0.96,insn per cycle
95.906042188,6023790386,,cycles,1606355344,100.00,,
96.006441468,8187371,,rD044,1040056398,100.00,,
96.006441468,59542205,,rFF44,1042649522,100.00,,
96.006441468,1758602618,,instructions,1044905667,100.00,0.45,insn per cycle
96.006441468,3926336541,,cycles,1047136461,100.00,,
96.107455405,10921604,,rD044,1614737415,100.00,,
96.107455405,67463947,,rFF44,1612796931,100.00,,
96.107455405,2317597481,,instructions,1611232909,100.00,0.38,insn per cycle
96.107455405,6036039678,,cycles,1609649775,100.00,,
96.208022107,8284159,,rD044,1609048650,100.00,,
96.208022107,43626368,,rFF44,1608996829,100.00,,
96.208022107,4528938399,,instructions,1608743616,100.00,0.75,insn per cycle
96.208022107,6032275300,,cycles,1608615566,100.00,,
96.308564439,4547027,,rD044,1590512861,100.00,,
96.308564439,24407756,,rFF44,1589788899,100.00,,
96.308564439,7101924493,,instructions,1589249019,100.00,1.19,insn per cycle
96.308564439,5957239385,,cycles,1588629849,100.00,,
96.408934869,4673,,rD044,1605945430,100.00,,
96.408934869,532050,,rFF44,1606018012,100.00,,
96.408934869,13386420111,,instructions,1606070276,100.00,2.22,insn per cycle
96.408934869,6022574448,,cycles,1606027906,100.00,,
96.509314119,4405,,rD044,1605960316,100.00,,
96.509314119,532758,,rFF44,1606140704,100.00,,
96.509314119,13385526267,,instructions,1606380898,100.00,2.22,insn per cycle
96.509314119,6024026243,,cycles,1606445146,100.00,,
96.609722689,4491,,rD044,1606471606,100.00,,
96.609722689,524276,,rFF44,1606269436,100.00,,
96.609722689,13382895060,,instructions,1606016408,100.00,2.22,insn per cycle
96.609722689,6022291270,,cycles,1605973870,100.00,,
96.710092639,4167,,rD044,1605881580,100.00,,
96.710092639,530313,,rFF44,1605844195,100.00,,
96.710092639,13383397506,,instructions,1605814986,100.00,2.22,insn per cycle
96.710092639,6021963865,,cycles,1605877326,100.00,,
96.810471079,4634,,rD044,1606049216,100.00,,
96.810471079,520034,,rFF44,1606065571,100.00,,
96.810471079,13384944332,,instructions,1606073010,100.00,2.22,insn per cycle
96.810471079,6022481113,,cycles,1606002216,100.00,,
96.910842829,4324,,rD044,1605949664,100.00,,
96.910842829,518022,,rFF44,1605974146,100.00,,
96.910842829,13386741094,,instructions,1605971196,100.00,2.22,insn per cycle
96.910842829,6022426431,,cycles,1605988750,100.00,,
97.011234329,4018,,rD044,1606261472,100.00,,
97.011234329,515108,,rFF44,1606242630,100.00,,
97.011234329,13388478819,,instructions,1606235031,100.00,2.22,insn per cycle
97.011234329,6024262290,,cycles,1606477376,100.00,,
97.111618429,4138,,rD044,1606123436,100.00,,
97.111618429,525277,,rFF44,1606146676,100.00,,
97.111618429,13387596412,,instructions,1606175875,100.00,2.22,insn per cycle
97.111618429,6022205471,,cycles,1605929330,100.00,,
97.211993779,3926,,rD044,1605995890,100.00,,
97.211993779,512710,,rFF44,1606005864,100.00,,
97.211993779,13388943190,,instructions,1606007276,100.00,2.22,insn per cycle
97.211993779,6022412334,,cycles,1605984746,100.00,,
97.312368519,6772064,,rD044,1605953532,100.00,,
97.312368519,62582260,,rFF44,1607172953,100.00,,
97.312368519,6235350740,,instructions,1608293444,100.00,1.03,insn per cycle
97.312368519,6035265860,,cycles,1609568898,100.00,,
97.413048832,6477878,,rD044,1610250992,100.00,,
97.413048832,75160295,,rFF44,1609031237,100.00,,
97.413048832,4533657546,,instructions,1607905708,100.00,0.75,insn per cycle
97.413048832,6025080958,,cycles,1606701806,100.00,,
97.513435512,4243564,,rD044,1606172096,100.00,,
97.513435512,47484489,,rFF44,1606201396,100.00,,
97.513435512,5477073051,,instructions,1606292142,100.00,0.91,insn per cycle
97.513435512,6023773445,,cycles,1606345910,100.00,,
97.613833982,3946416,,rD044,674947268,100.00,,
97.613833982,47587543,,rFF44,676098803,100.00,,
97.613833982,2335412850,,instructions,677144128,100.00,0.92,insn per cycle
97.613833982,2542466860,,cycles,678131811,100.00,,
97.714532286,11547611,,rD044,1610938935,100.00,,
97.714532286,123451590,,rFF44,1610927784,100.00,,
97.714532286,2384826809,,instructions,1610719903,100.00,0.39,insn per cycle
97.714532286,6039229945,,cycles,1610508440,100.00,,
97.815173359,11412194,,rD044,1610314939,100.00,,
97.815173359,123100948,,rFF44,1610421772,100.00,,
97.815173359,2412173547,,instructions,1610810412,100.00,0.40,insn per cycle
97.815173359,6041451351,,cycles,1611059777,100.00,,
97.915870492,11308716,,rD044,1611104695,100.00,,
97.915870492,126729896,,rFF44,1611112715,100.00,,
97.915870492,2370831405,,instructions,1610937342,100.00,0.39,insn per cycle
97.915870492,6041047602,,cycles,1610955095,100.00,,
98.016564756,10877753,,rD044,1611249324,100.00,,
98.016564756,130067413,,rFF44,1611317968,100.00,,
98.016564756,2385712359,,instructions,1611180952,100.00,0.39,insn per cycle
98.016564756,6042209273,,cycles,1611263718,100.00,,
98.117251219,11006476,,rD044,1610988232,100.00,,
98.117251219,128290667,,rFF44,1611049095,100.00,,
98.117251219,2408173276,,instructions,1611112722,100.00,0.40,insn per cycle
98.117251219,6040725649,,cycles,1610867274,100.00,,
98.217939483,11554425,,rD044,1610925902,100.00,,
98.217939483,123030108,,rFF44,1610829084,100.00,,
98.217939483,2385419392,,instructions,1610619142,100.00,0.39,insn per cycle
98.217939483,6039382513,,cycles,1610522921,100.00,,
98.318599846,11421877,,rD044,1610481742,100.00,,
98.318599846,123050327,,rFF44,1610360440,100.00,,
98.318599846,2408344828,,instructions,1610530182,100.00,0.40,insn per cycle
98.318599846,6039751589,,cycles,1610608452,100.00,,
98.419254039,11321019,,rD044,1610417652,100.00,,
98.419254039,125463855,,rFF44,1610649452,100.00,,
98.419254039,2377348031,,instructions,1610799123,100.00,0.39,insn per cycle
98.419254039,6040681070,,cycles,1610856133,100.00,,
98.519934393,10958384,,rD044,1610965694,100.00,,
98.519934393,129902761,,rFF44,1610989514,100.00,,
98.519934393,2382093598,,instructions,1611149088,100.00,0.39,insn per cycle
98.519934393,6043630545,,cycles,1611692362,100.00,,
98.620677967,10947542,,rD044,1611732498,100.00,,
98.620677967,130563760,,rFF44,1611945934,100.00,,
98.620677967,2388683813,,instructions,1611662021,100.00,0.40,insn per cycle
98.620677967,6040681968,,cycles,1610913162,100.00,,
98.721346700,11537203,,rD044,1610521552,100.00,,
98.721346700,122348382,,rFF44,1609980600,100.00,,
98.721346700,2423505323,,instructions,1609870606,100.00,0.40,insn per cycle
98.721346700,6038157541,,cycles,1610198412,100.00,,
98.822046964,11392539,,rD044,1611344166,100.00,,
98.822046964,123421096,,rFF44,1611579686,100.00,,
98.822046964,2400211256,,instructions,1611750658,100.00,0.40,insn per cycle
98.822046964,6043962356,,cycles,1611742028,100.00,,
98.922751887,11385449,,rD044,1610561976,100.00,,
98.922751887,124194634,,rFF44,1609928538,100.00,,
98.922751887,2385203644,,instructions,1609318958,100.00,0.40,insn per cycle
98.922751887,6032840142,,cycles,1608806106,100.00,,
99.023299299,10961658,,rD044,1608966160,100.00,,
99.023299299,130487868,,rFF44,1609461542,100.00,,
99.023299299,2375610709,,instructions,1610000657,100.00,0.39,insn per cycle
99.023299299,6039096013,,cycles,1610477312,100.00,,
99.123971783,10936294,,rD044,1610809343,100.00,,
99.123971783,129872591,,rFF44,1610754072,100.00,,
99.123971783,2377205748,,instructions,1610942864,100.00,0.39,insn per cycle
99.123971783,6041445767,,cycles,1611060562,100.00,,
99.224670046,11530777,,rD044,1611108655,100.00,,
99.224670046,124151953,,rFF44,1611146302,100.00,,
99.224670046,2418160036,,instructions,1610561891,100.00,0.40,insn per cycle
99.224670046,6039255204,,cycles,1610475662,100.00,,
99.325328149,11344283,,rD044,1610486051,100.00,,
99.325328149,123145957,,rFF44,1610318272,100.00,,
99.325328149,2410163156,,instructions,1610697613,100.00,0.40,insn per cycle
99.325328149,6040336164,,cycles,1610764792,100.00,,
99.425999293,11462070,,rD044,1611006294,100.00,,
99.425999293,123658299,,rFF44,1611614195,100.00,,
99.425999293,2400797971,,instructions,1611973309,100.00,0.40,insn per cycle
99.425999293,6046043565,,cycles,1612281782,100.00,,
99.526778187,11115039,,rD044,1612124479,100.00,,
99.526778187,130041587,,rFF44,1611766671,100.00,,
99.526778187,2369073624,,instructions,1611516302,100.00,0.39,insn per cycle
99.526778187,6042273882,,cycles,1611281818,100.00,,
99.627476901,10909621,,rD044,1611031902,100.00,,
99.627476901,129541181,,rFF44,1611226685,100.00,,
99.627476901,2387260400,,instructions,1611406028,100.00,0.40,insn per cycle
99.627476901,6043089051,,cycles,1611524061,100.00,,
99.728202865,11302610,,rD044,1611224924,100.00,,
99.728202865,125311302,,rFF44,1610264592,100.00,,
99.728202865,2429362579,,instructions,1609546865,100.00,0.40,insn per cycle
99.728202865,6032430459,,cycles,1608660093,100.00,,
99.828719007,11459072,,rD044,1608301905,100.00,,
99.828719007,122981022,,rFF44,1608708176,100.00,,
99.828719007,2400470729,,instructions,1608933608,100.00,0.40,insn per cycle
99.828719007,6035429390,,cycles,1609476845,100.00,,
99.929336219,11342851,,rD044,1610084567,100.00,,
99.929336219,123389617,,rFF44,1610108410,100.00,,
99.929336219,2412030584,,instructions,1610390889,100.00,0.40,insn per cycle
99.929336219,6038607149,,cycles,1610333530,100.00,,
100.029984102,11173746,,rD044,1610355889,100.00,,
100.029984102,128292304,,rFF44,1610667402,100.00,,
100.029984102,2363621817,,instructions,1610623461,100.00,0.39,insn per cycle
100.029984102,6040450899,,cycles,1610802352,100.00,,
100.130662265,10964138,,rD044,1610941944,100.00,,
100.130662265,130188982,,rFF44,1610913282,100.00,,
100.130662265,2379225457,,instructions,1610857564,100.00,0.39,insn per cycle
100.130662265,6040538951,,cycles,1610818162,100.00,,
100.231351559,11174324,,rD044,1611033265,100.00,,
100.231351559,127105404,,rFF44,1611170714,100.00,,
100.231351559,2420947981,,instructions,1611221006,100.00,0.40,insn per cycle
100.231351559,6042472022,,cycles,1611331887,100.00,,
100.332055273,11452574,,rD044,1611178455,100.00,,
100.332055273,123022380,,rFF44,1611183707,100.00,,
100.332055273,2401131627,,instructions,1611335382,100.00,0.40,insn per cycle
100.332055273,6043767701,,cycles,1611679420,100.00,,
100.432784357,11403293,,rD044,1611487774,100.00,,
100.432784357,123305723,,rFF44,1611219969,100.00,,
100.432784357,2414429823,,instructions,1610959892,100.00,0.40,insn per cycle
100.432784357,6039105299,,cycles,1610482573,100.00,,
100.533446680,11275158,,rD044,1610399111,100.00,,
100.533446680,126347208,,rFF44,1610790201,100.00,,
100.533446680,2373862197,,instructions,1611176945,100.00,0.39,insn per cycle
100.533446680,6042498840,,cycles,1611418683,100.00,,
100.634187674,10923224,,rD044,1611559158,100.00,,
100.634187674,130589679,,rFF44,1611214303,100.00,,
100.634187674,2387147846,,instructions,1611128278,100.00,0.40,insn per cycle
100.634187674,6040741649,,cycles,1610959111,100.00,,
100.734869127,10887669,,rD044,1610243041,100.00,,
100.734869127,128568678,,rFF44,1610168801,100.00,,
100.734869127,2416093344,,instructions,1610012201,100.00,0.40,insn per cycle
100.734869127,6035620036,,cycles,1609647641,100.00,,
100.835510320,11603657,,rD044,1610128819,100.00,,
100.835510320,122811690,,rFF44,1610060512,100.00,,
100.835510320,2405646908,,instructions,1609865075,100.00,0.40,insn per cycle
100.835510320,6037571691,,cycles,1610081282,100.00,,
100.936150603,11399590,,rD044,1610454412,100.00,,
100.936150603,123154693,,rFF44,1610804092,100.00,,
100.936150603,2408233147,,instructions,1611039496,100.00,0.40,insn per cycle
100.936150603,6041831114,,cycles,1611159482,100.00,,
101.036850677,11378430,,rD044,1611175095,100.00,,
101.036850677,125191032,,rFF44,1611388542,100.00,,
101.036850677,2380475239,,instructions,1611600730,100.00,0.39,insn per cycle
101.036850677,6043371688,,cycles,1611575395,100.00,,
101.137589171,10965764,,rD044,1611622938,100.00,,
101.137589171,130362834,,rFF44,1611237687,100.00,,
101.137589171,2382797278,,instructions,1611085890,100.00,0.39,insn per cycle
101.137589171,6041628790,,cycles,1611215208,100.00,,
101.238292295,10932080,,rD044,1611125423,100.00,,
101.238292295,130492939,,rFF44,1611466099,100.00,,
101.238292295,2384023813,,instructions,1611428284,100.00,0.39,insn per cycle
101.238292295,6043619568,,cycles,1611663677,100.00,,
101.339044599,11519771,,rD044,1611945418,100.00,,
101.339044599,122890625,,rFF44,1611810844,100.00,,
101.339044599,2432524166,,instructions,1611921732,100.00,0.40,insn per cycle
101.339044599,6043694352,,cycles,1611674832,100.00,,
101.439756113,11404601,,rD044,1611345007,100.00,,
101.439756113,123249393,,rFF44,1611302723,100.00,,
101.439756113,2411388140,,instructions,1611215316,100.00,0.40,insn per cycle
101.439756113,6041917261,,cycles,1611185337,100.00,,
101.540457296,11412593,,rD044,1610879515,100.00,,
101.540457296,123541275,,rFF44,1610487051,100.00,,
101.540457296,2401997399,,instructions,1610362901,100.00,0.40,insn per cycle
101.540457296,6038243049,,cycles,1610209648,100.00,,
101.641095479,10985718,,rD044,1610594979,100.00,,
101.641095479,130990959,,rFF44,1611324898,100.00,,
101.641095479,2375436151,,instructions,1611786252,100.00,0.39,insn per cycle
101.641095479,6045415510,,cycles,1612157985,100.00,,
101.741867834,10969513,,rD044,1612225908,100.00,,
101.741867834,129765759,,rFF44,1611972871,100.00,,
101.741867834,2384535115,,instructions,1611722119,100.00,0.39,insn per cycle
101.741867834,6042897039,,cycles,1611449503,100.00,,
101.842576607,11441023,,rD044,1611105695,100.00,,
101.842576607,124452434,,rFF44,1611000892,100.00,,
101.842576607,2424606280,,instructions,1610817104,100.00,0.40,insn per cycle
101.842576607,6039905877,,cycles,1610684452,100.00,,
101.943249101,11409791,,rD044,1610967404,100.00,,
101.943249101,123247375,,rFF44,1611073962,100.00,,
101.943249101,2411783243,,instructions,1611114246,100.00,0.40,insn per cycle
101.943249101,6042244696,,cycles,1611269352,100.00,,
102.043961464,11377539,,rD044,1611422538,100.00,,
102.043961464,123657730,,rFF44,1611709830,100.00,,
102.043961464,2406170680,,instructions,1612309577,100.00,0.40,insn per cycle
102.043961464,6047307382,,cycles,1612662338,100.00,,
102.144771149,11151804,,rD044,1612572449,100.00,,
102.144771149,129648766,,rFF44,1612078530,100.00,,
102.144771149,2371534736,,instructions,1611431727,100.00,0.39,insn per cycle
102.144771149,6041215246,,cycles,1611014712,100.00,,
102.245449923,10937405,,rD044,1610716692,100.00,,
102.245449923,130006805,,rFF44,1610639462,100.00,,
102.245449923,2384001797,,instructions,1610621602,100.00,0.39,insn per cycle
102.245449923,6040429831,,cycles,1610786792,100.00,,
102.346123306,11362223,,rD044,1610967965,100.00,,
102.346123306,126153554,,rFF44,1611045812,100.00,,
102.346123306,2423051144,,instructions,1611039607,100.00,0.40,insn per cycle
102.346123306,6038352978,,cycles,1610240652,100.00,,
102.446774449,11405227,,rD044,1610036247,100.00,,
102.446774449,123072962,,rFF44,1609665492,100.00,,
102.446774449,2407309130,,instructions,1609467110,100.00,0.40,insn per cycle
102.446774449,6037352471,,cycles,1609997952,100.00,,
102.547394082,11328122,,rD044,1609969598,100.00,,
102.547394082,123315233,,rFF44,1610335199,100.00,,
102.547394082,2411785505,,instructions,1610437190,100.00,0.40,insn per cycle
102.547394082,6039234278,,cycles,1610508739,100.00,,
102.648057845,11267215,,rD044,1610626261,100.00,,
102.648057845,128242746,,rFF44,1610620352,100.00,,
102.648057845,2367484866,,instructions,1610718643,100.00,0.39,insn per cycle
102.648057845,6039923552,,cycles,1610700672,100.00,,
102.748733838,10894949,,rD044,1610791904,100.00,,
102.748733838,130073738,,rFF44,1610875682,100.00,,
102.748733838,2391801286,,instructions,1610887194,100.00,0.40,insn per cycle
102.748733838,6041101563,,cycles,1610965772,100.00,,
102.849402922,11226249,,rD044,1610410980,100.00,,
102.849402922,127423930,,rFF44,1610404432,100.00,,
102.849402922,2416946711,,instructions,1610404620,100.00,0.40,insn per cycle
102.849402922,6039152373,,cycles,1610479962,100.00,,
102.950080305,11508987,,rD044,1610923684,100.00,,
102.950080305,123123231,,rFF44,1611000872,100.00,,
102.950080305,2403415059,,instructions,1611178627,100.00,0.40,insn per cycle
102.950080305,6041626576,,cycles,1611110322,100.00,,
103.050778589,11449056,,rD044,1610997363,100.00,,
103.050778589,123300501,,rFF44,1610536102,100.00,,
103.050778589,2411013904,,instructions,1610275429,100.00,0.40,insn per cycle
103.050778589,6038083146,,cycles,1610185422,100.00,,
103.151418882,11288008,,rD044,1610510543,100.00,,
103.151418882,126432266,,rFF44,1610850182,100.00,,
103.151418882,2367634754,,instructions,1611082486,100.00,0.39,insn per cycle
103.151418882,6042555975,,cycles,1611351222,100.00,,
103.252127355,10925232,,rD044,1611263246,100.00,,
103.252127355,130549990,,rFF44,1611407242,100.00,,
103.252127355,2380360374,,instructions,1611466709,100.00,0.39,insn per cycle
103.252127355,6042830274,,cycles,1611444986,100.00,,
103.352846169,10984302,,rD044,1611449668,100.00,,
103.352846169,128624233,,rFF44,1611222114,100.00,,
103.352846169,2426049621,,instructions,1610812433,100.00,0.40,insn per cycle
103.352846169,6039005358,,cycles,1610410168,100.00,,
103.453488752,11571518,,rD044,1610032638,100.00,,
103.453488752,122898320,,rFF44,1609757500,100.00,,
103.453488752,2404086013,,instructions,1609922977,100.00,0.40,insn per cycle
103.453488752,6037872878,,cycles,1610137652,100.00,,
103.554125155,11399258,,rD044,1610293399,100.00,,
103.554125155,123143370,,rFF44,1610666682,100.00,,
103.554125155,2414070957,,instructions,1610886224,100.00,0.40,insn per cycle
103.554125155,6040719930,,cycles,1610866942,100.00,,
103.654806728,11369403,,rD044,1610812553,100.00,,
103.654806728,125159290,,rFF44,1610762241,100.00,,
103.654806728,2380827626,,instructions,1610565832,100.00,0.39,insn per cycle
103.654806728,6039318656,,cycles,1610516081,100.00,,
103.755473792,10947012,,rD044,1610672163,100.00,,
103.755473792,130320812,,rFF44,1610863272,100.00,,
103.755473792,2386149661,,instructions,1611000304,100.00,0.39,insn per cycle
103.755473792,6042116062,,cycles,1611236037,100.00,,
103.856179045,10912998,,rD044,1611393267,100.00,,
103.856179045,130549713,,rFF44,1611254688,100.00,,
103.856179045,2384158848,,instructions,1611307822,100.00,0.39,insn per cycle
103.856179045,6042509723,,cycles,1611347088,100.00,,
103.956891599,11547450,,rD044,1611311833,100.00,,
103.956891599,122966481,,rFF44,1611236087,100.00,,
103.956891599,2421505782,,instructions,1611213502,100.00,0.40,insn per cycle
103.956891599,6041834089,,cycles,1611164306,100.00,,
104.057594343,11340371,,rD044,1611331134,100.00,,
104.057594343,123105473,,rFF44,1611462927,100.00,,
104.057594343,2417603797,,instructions,1611379597,100.00,0.40,insn per cycle
104.057594343,6042201065,,cycles,1611258243,100.00,,
104.158308917,11400956,,rD044,1611044394,100.00,,
104.158308917,123973105,,rFF44,1610750622,100.00,,
104.158308917,2394687900,,instructions,1610620622,100.00,0.40,insn per cycle
104.158308917,6039114049,,cycles,1610440142,100.00,,
104.258938479,11033244,,rD044,1610116558,100.00,,
104.258938479,130925297,,rFF44,1610374602,100.00,,
104.258938479,2374790581,,instructions,1610671792,100.00,0.39,insn per cycle
104.258938479,6041576606,,cycles,1611104162,100.00,,
104.359650693,10932519,,rD044,1611625680,100.00,,
104.359650693,129669953,,rFF44,1611464252,100.00,,
104.359650693,2381849500,,instructions,1611451089,100.00,0.39,insn per cycle
104.359650693,6042420906,,cycles,1611320573,100.00,,
104.460354317,11430368,,rD044,1610887285,100.00,,
104.460354317,124313609,,rFF44,1610732632,100.00,,
104.460354317,2425998607,,instructions,1610248961,100.00,0.40,insn per cycle
104.460354317,6036198980,,cycles,1609724581,100.00,,
104.560948019,11355798,,rD044,1609536404,100.00,,
104.560948019,123052914,,rFF44,1610017691,100.00,,
104.560948019,2411601365,,instructions,1610373589,100.00,0.40,insn per cycle
104.560948019,6040309619,,cycles,1610829641,100.00,,
104.661647993,11354367,,rD044,1610977082,100.00,,
104.661647993,123282331,,rFF44,1611146409,100.00,,
104.661647993,2411431718,,instructions,1611457495,100.00,0.40,insn per cycle
104.661647993,6044000999,,cycles,1611849697,100.00,,
104.762432507,11145865,,rD044,1612579710,100.00,,
104.762432507,129173304,,rFF44,1612203466,100.00,,
104.762432507,2376552810,,instructions,1611639912,100.00,0.39,insn per cycle
104.762432507,6041280338,,cycles,1611020647,100.00,,
104.863100101,10969935,,rD044,1610523182,100.00,,
104.863100101,130216704,,rFF44,1610922393,100.00,,
104.863100101,2383388747,,instructions,1611384448,100.00,0.39,insn per cycle
104.863100101,6044130480,,cycles,1611773134,100.00,,
104.963846475,11381434,,rD044,1611669366,100.00,,
104.963846475,126267215,,rFF44,1611029552,100.00,,
104.963846475,2418910259,,instructions,1610732242,100.00,0.40,insn per cycle
104.963846475,6039637254,,cycles,1610579782,100.00,,
105.064511908,11385473,,rD044,1610558921,100.00,,
105.064511908,123188236,,rFF44,1610521742,100.00,,
105.064511908,2404688984,,instructions,1610324199,100.00,0.40,insn per cycle
105.064511908,6037382247,,cycles,1609980392,100.00,,
105.165122771,11357872,,rD044,1610184911,100.00,,
105.165122771,123353278,,rFF44,1610577402,100.00,,
105.165122771,2411181444,,instructions,1610989025,100.00,0.40,insn per cycle
105.165122771,6042515465,,cycles,1611339742,100.00,,
105.265842935,11245810,,rD044,1611302576,100.00,,
105.265842935,128307928,,rFF44,1610933792,100.00,,
105.265842935,2364588027,,instructions,1610635802,100.00,0.39,insn per cycle
105.265842935,6039675138,,cycles,1610590892,100.00,,
105.366513848,10909743,,rD044,1610634001,100.00,,
105.366513848,130286254,,rFF44,1610912592,100.00,,
105.366513848,2387296011,,instructions,1611064747,100.00,0.40,insn per cycle
105.366513848,6042683090,,cycles,1611388763,100.00,,
105.467232272,11140863,,rD044,1611876380,100.00,,
105.467232272,127054785,,rFF44,1612042289,100.00,,
105.467232272,2429397587,,instructions,1612150517,100.00,0.40,insn per cycle
105.467232272,6044197016,,cycles,1611793961,100.00,,
105.567947045,11490148,,rD044,1611217705,100.00,,
105.567947045,123122902,,rFF44,1611008715,100.00,,
105.567947045,2398883635,,instructions,1610772342,100.00,0.40,insn per cycle
105.567947045,6040746182,,cycles,1610873894,100.00,,
105.668631289,11409189,,rD044,1610642381,100.00,,
105.668631289,123177882,,rFF44,1610493761,100.00,,
105.668631289,2406742349,,instructions,1610419111,100.00,0.40,insn per cycle
105.668631289,6038709931,,cycles,1610356401,100.00,,
105.769287212,11302597,,rD044,1610550752,100.00,,
105.769287212,126374487,,rFF44,1610616312,100.00,,
105.769287212,2376648120,,instructions,1610736572,100.00,0.39,insn per cycle
105.769287212,6039978524,,cycles,1610665812,100.00,,
105.869955625,10894934,,rD044,1610738132,100.00,,
105.869955625,130266207,,rFF44,1610942995,100.00,,
105.869955625,2387109921,,instructions,1610996092,100.00,0.40,insn per cycle
105.869955625,6042143156,,cycles,1611245736,100.00,,
105.970702959,10961175,,rD044,1611824366,100.00,,
105.970702959,129213576,,rFF44,1611454115,100.00,,
105.970702959,2415556187,,instructions,1611221076,100.00,0.40,insn per cycle
105.970702959,6041162506,,cycles,1610997202,100.00,,
106.071344712,11560276,,rD044,1610236728,100.00,,
106.071344712,122903923,,rFF44,1610126542,100.00,,
106.071344712,2400339172,,instructions,1610226758,100.00,0.40,insn per cycle
106.071344712,6037883027,,cycles,1610123672,100.00,,
106.171978155,11343748,,rD044,1610122752,100.00,,
106.171978155,123136406,,rFF44,1610558220,100.00,,
106.171978155,2413874880,,instructions,1610625932,100.00,0.40,insn per cycle
106.171978155,6040440174,,cycles,1610790122,100.00,,
106.272662769,11345562,,rD044,1610904882,100.00,,
106.272662769,124912519,,rFF44,1610829314,100.00,,
106.272662769,2386535066,,instructions,1611289349,100.00,0.39,insn per cycle
106.272662769,6043186689,,cycles,1611522572,100.00,,
106.373374443,10939743,,rD044,1611482108,100.00,,
106.373374443,129919283,,rFF44,1611429272,100.00,,
106.373374443,2385129018,,instructions,1611244607,100.00,0.39,insn per cycle
106.373374443,6041399088,,cycles,1611073082,100.00,,
106.474071126,10934264,,rD044,1610970825,100.00,,
106.474071126,130498624,,rFF44,1610833692,100.00,,
106.474071126,2387188208,,instructions,1610622472,100.00,0.40,insn per cycle
106.474071126,6038990118,,cycles,1610420992,100.00,,
106.574729589,11498492,,rD044,1610852643,100.00,,
106.574729589,123123031,,rFF44,1611342805,100.00,,
106.574729589,2425558299,,instructions,1611614166,100.00,0.40,insn per cycle
106.574729589,6044768072,,cycles,1611945861,100.00,,
106.675480664,11433118,,rD044,1611515477,100.00,,
106.675480664,123064718,,rFF44,1610979965,100.00,,
106.675480664,2408686309,,instructions,1610597431,100.00,0.40,insn per cycle
106.675480664,6039272729,,cycles,1610504271,100.00,,
106.776144687,11403437,,rD044,1611031272,100.00,,
106.776144687,123842023,,rFF44,1611360258,100.00,,
106.776144687,2399773390,,instructions,1611477602,100.00,0.40,insn per cycle
106.776144687,6042336221,,cycles,1611297178,100.00,,
106.876843760,10998067,,rD044,1610940242,100.00,,
106.876843760,130953752,,rFF44,1610858504,100.00,,
106.876843760,2374868070,,instructions,1610919145,100.00,0.39,insn per cycle
106.876843760,6041953218,,cycles,1611221273,100.00,,
106.977562264,10945965,,rD044,1611274005,100.00,,
106.977562264,129563268,,rFF44,1611135803,100.00,,
106.977562264,2382913023,,instructions,1610976014,100.00,0.39,insn per cycle
106.977562264,6040015714,,cycles,1610691782,100.00,,
107.078218467,11409053,,rD044,1610699733,100.00,,
107.078218467,124771734,,rFF44,1611167922,100.00,,
107.078218467,2419462633,,instructions,1611352529,100.00,0.40,insn per cycle
107.078218467,6042984649,,cycles,1611484302,100.00,,
107.178940911,11392622,,rD044,1611729919,100.00,,
107.178940911,123299803,,rFF44,1611603346,100.00,,
107.178940911,2411922173,,instructions,1611675226,100.00,0.40,insn per cycle
107.178940911,6043452678,,cycles,1611597660,100.00,,
107.279659325,11414875,,rD044,1611430207,100.00,,
107.279659325,123648559,,rFF44,1611647480,100.00,,
107.279659325,2406416889,,instructions,1611793124,100.00,0.40,insn per cycle
107.279659325,6045492513,,cycles,1612135470,100.00,,
107.380435949,11154836,,rD044,1612005084,100.00,,
107.380435949,129681466,,rFF44,1611345486,100.00,,
107.380435949,2349717461,,instructions,1610877303,100.00,0.39,insn per cycle
107.380435949,6039098787,,cycles,1610436192,100.00,,
107.481070732,10882146,,rD044,1610506183,100.00,,
107.481070732,129928361,,rFF44,1610925662,100.00,,
107.481070732,2387612937,,instructions,1611347280,100.00,0.40,insn per cycle
107.481070732,6043633937,,cycles,1611643452,100.00,,
107.581802816,11302369,,rD044,1611302046,100.00,,
107.581802816,125869369,,rFF44,1610644052,100.00,,
107.581802816,2423953033,,instructions,1610098575,100.00,0.40,insn per cycle
107.581802816,6036291316,,cycles,1609686172,100.00,,
107.682408079,11422258,,rD044,1609495974,100.00,,
107.682408079,123194030,,rFF44,1609538129,100.00,,
107.682408079,2400360423,,instructions,1609458137,100.00,0.40,insn per cycle
107.682408079,6034997007,,cycles,1609361075,100.00,,
107.783022622,11326363,,rD044,1610070342,100.00,,
107.783022622,123238432,,rFF44,1610403399,100.00,,
107.783022622,2413180618,,instructions,1610848472,100.00,0.40,insn per cycle
107.783022622,6042117744,,cycles,1611237887,100.00,,
107.883708435,11210256,,rD044,1610877222,100.00,,
107.883708435,127901893,,rFF44,1610787843,100.00,,
107.883708435,2371436673,,instructions,1610757542,100.00,0.39,insn per cycle
107.883708435,6039987368,,cycles,1610671733,100.00,,
107.984366968,10892888,,rD044,1610654912,100.00,,
107.984366968,130097342,,rFF44,1610837764,100.00,,
107.984366968,2387374396,,instructions,1610801022,100.00,0.40,insn per cycle
107.984366968,6040612984,,cycles,1610837732,100.00,,
108.085061442,11107202,,rD044,1611224585,100.00,,
108.085061442,127361943,,rFF44,1611345504,100.00,,
108.085061442,2419941965,,instructions,1611334089,100.00,0.40,insn per cycle
108.085061442,6042720875,,cycles,1611395552,100.00,,
108.185767165,11506293,,rD044,1611365896,100.00,,
108.185767165,122995474,,rFF44,1611562302,100.00,,
108.185767165,2403812658,,instructions,1611637370,100.00,0.40,insn per cycle
108.185767165,6043260589,,cycles,1611549124,100.00,,
108.286491239,11367837,,rD044,1611299117,100.00,,
108.286491239,123337294,,rFF44,1610969453,100.00,,
108.286491239,2413147452,,instructions,1610741613,100.00,0.40,insn per cycle
108.286491239,6039793802,,cycles,1610618682,100.00,,
108.387156833,11388617,,rD044,1610707672,100.00,,
108.387156833,126347007,,rFF44,1610997367,100.00,,
108.387156833,2371693406,,instructions,1611446122,100.00,0.39,insn per cycle
108.387156833,6043541406,,cycles,1611619791,100.00,,
108.487877906,10878691,,rD044,1611294915,100.00,,
108.487877906,130141734,,rFF44,1610978035,100.00,,
108.487877906,2385973401,,instructions,1610638341,100.00,0.40,insn per cycle
108.487877906,6038772399,,cycles,1610472512,100.00,,
108.588553900,10883239,,rD044,1609983932,100.00,,
108.588553900,129159239,,rFF44,1608834182,100.00,,
108.588553900,2405796803,,instructions,1607832596,100.00,0.40,insn per cycle
108.588553900,6025556948,,cycles,1606841572,100.00,,
108.688953570,11570108,,rD044,1606721400,100.00,,
108.688953570,122607212,,rFF44,1607967367,100.00,,
108.688953570,2398472990,,instructions,1608929429,100.00,0.40,insn per cycle
108.688953570,6036645157,,cycles,1609878956,100.00,,
108.789634863,11387477,,rD044,1610545613,100.00,,
108.789634863,122983903,,rFF44,1610027188,100.00,,
108.789634863,2413309399,,instructions,1610036779,100.00,0.40,insn per cycle
108.789634863,6037932003,,cycles,1610136247,100.00,,
108.890262856,11345380,,rD044,1609960495,100.00,,
108.890262856,123846570,,rFF44,1610230322,100.00,,
108.890262856,2402664482,,instructions,1610142978,100.00,0.40,insn per cycle
108.890262856,6037811385,,cycles,1610091122,100.00,,
108.990889639,10962700,,rD044,1610438051,100.00,,
108.990889639,130560117,,rFF44,1610806372,100.00,,
108.990889639,2381299311,,instructions,1611302837,100.00,0.39,insn per cycle
108.990889639,6044261943,,cycles,1611809799,100.00,,
109.091642373,10949405,,rD044,1612170812,100.00,,
109.091642373,130079833,,rFF44,1611934639,100.00,,
109.091642373,2390140042,,instructions,1611606744,100.00,0.40,insn per cycle
109.091642373,6041977332,,cycles,1611200865,100.00,,
109.192339257,11515581,,rD044,1611054282,100.00,,
109.192339257,123897310,,rFF44,1611084857,100.00,,
109.192339257,2423199578,,instructions,1611003072,100.00,0.40,insn per cycle
109.192339257,6040843716,,cycles,1610900675,100.00,,
109.293010300,11372507,,rD044,1610603252,100.00,,
109.293010300,123056492,,rFF44,1610494110,100.00,,
109.293010300,2408959358,,instructions,1610579292,100.00,0.40,insn per cycle
109.293010300,6040401216,,cycles,1610780204,100.00,,
109.393695494,11382771,,rD044,1611189093,100.00,,
109.393695494,123606356,,rFF44,1611756058,100.00,,
109.393695494,2401933953,,instructions,1611983410,100.00,0.40,insn per cycle
109.393695494,6044801531,,cycles,1611953093,100.00,,
109.494420428,11022580,,rD044,1611251265,100.00,,
109.494420428,130385891,,rFF44,1610830632,100.00,,
109.494420428,2371462512,,instructions,1610581372,100.00,0.39,insn per cycle
109.494420428,6039440169,,cycles,1610526122,100.00,,
109.595110311,10890690,,rD044,1611206118,100.00,,
109.595110311,129295037,,rFF44,1611226842,100.00,,
109.595110311,2391303559,,instructions,1611314600,100.00,0.40,insn per cycle
109.595110311,6042169470,,cycles,1611283785,100.00,,
109.695812315,11344752,,rD044,1611309515,100.00,,
109.695812315,125455197,,rFF44,1611706341,100.00,,
109.695812315,2421664147,,instructions,1611781292,100.00,0.40,insn per cycle
109.695812315,6044247516,,cycles,1611808282,100.00,,
109.796559529,11461190,,rD044,1611911245,100.00,,
109.796559529,123319979,,rFF44,1611603259,100.00,,
109.796559529,2405654524,,instructions,1611532716,100.00,0.40,insn per cycle
109.796559529,6043809137,,cycles,1611689355,100.00,,
109.897291583,11305021,,rD044,1611548478,100.00,,
109.897291583,123491739,,rFF44,1611506662,100.00,,
109.897291583,2409813614,,instructions,1611431730,100.00,0.40,insn per cycle
109.897291583,6041745554,,cycles,1611153962,100.00,,
109.997982856,11138207,,rD044,1611215855,100.00,,
109.997982856,128603553,,rFF44,1611710987,100.00,,
109.997982856,2372436711,,instructions,1612079356,100.00,0.39,insn per cycle
109.997982856,6046330044,,cycles,1612363495,100.00,,
110.098754371,10896445,,rD044,1612201939,100.00,,
110.098754371,129906079,,rFF44,1611871292,100.00,,
110.098754371,2391858351,,instructions,1611697506,100.00,0.40,insn per cycle
110.098754371,6043746790,,cycles,1611669165,100.00,,
110.199496775,11234564,,rD044,1611702818,100.00,,
110.199496775,126715061,,rFF44,1611659793,100.00,,
110.199496775,2427001728,,instructions,1611471650,100.00,0.40,insn per cycle
110.199496775,6042386197,,cycles,1611312892,100.00,,
110.300196479,11421353,,rD044,1611272456,100.00,,
110.300196479,122989930,,rFF44,1610977932,100.00,,
110.300196479,2400060391,,instructions,1610756483,100.00,0.40,insn per cycle
110.300196479,6039711942,,cycles,1610599912,100.00,,
110.400847022,11356958,,rD044,1610400470,100.00,,
110.400847022,123372501,,rFF44,1610324052,100.00,,
110.400847022,2411337838,,instructions,1610494671,100.00,0.40,insn per cycle
110.400847022,6039950169,,cycles,1610660492,100.00,,
110.466128760,4797308,,rD044,1018871408,100.00,,
110.466128760,68489395,,rFF44,1016989560,100.00,,
110.466128760,1920597087,,instructions,1015230398,100.00,0.51,insn per cycle
110.466128760,3800041162,,cycles,1013393464,100.00,,
