kernel,size_tag,n_or_rows,ws_bytes,threads,config,binding,memory_policy,tool,migration,familia,warmup,reps,min_ms,avg_ms,max_ms,stdev_ms,migrations,caudal_util_gibs,mlups,gflops,ipc,fills_l2,fills_l3_ccd,fills_ccd_vecino,fills_dram_local,fills_far_cache,fills_far_dram,bw_remoto_gibs,gib_remotos_total,ratio_rm
stencil,S0,180,259200.0,8,base,none,first-touch,no,-,any,5.0,150,0.00479,0.005276,0.01331,0.000684,0,134.23925,6005.762378,30.028812,1.727189,0,0,42489,0,6613,1645,93.293244,0.000492,0.005037
spmv_static,S0,640,261192.0,8,base,none,first-touch,no,-,any,5.0,150,0.00601,0.006564,0.01953,0.001097,0,37.059145,,6.306883,1.431201,0,0,31077,0,1095,568,15.100933,9.9e-05,0.001119
stencil,S0,180,259200.0,8,bind_close,close,first-touch,no,-,any,5.0,150,0.00212,0.002223,0.00269,5.8e-05,0,318.608605,14254.307695,71.271538,3.224302,0,0,0,0,0,0,0.0,0.0,5.1e-05
spmv_static,S0,640,261192.0,8,bind_close,close,first-touch,no,-,any,5.0,150,0.00385,0.004413,0.055891,0.004232,0,55.124805,,9.381374,1.867916,0,0,7,0,18,6,0.324159,1e-06,6.1e-05
stencil,S0,180,259200.0,8,bind_spread,spread,first-touch,no,-,any,5.0,150,0.00541,0.006103,0.01885,0.001103,0,116.046415,5191.828709,25.959144,1.391271,0,0,32659,0,29167,4719,330.945927,0.00202,0.020121
spmv_static,S0,640,261192.0,8,bind_spread,spread,first-touch,no,-,any,5.0,150,0.00663,0.007127,0.01879,0.000969,0,34.131875,,5.808707,1.267939,0,0,17976,0,11079,2978,117.561736,0.000838,0.009582
stencil,S0,180,259200.0,8,interleave,none,interleave,no,-,any,5.0,150,0.00537,0.005799,0.018651,0.001072,0,122.127438,5463.88908,27.319445,1.450164,0,0,30909,0,30471,3252,346.619665,0.00201,0.019129
spmv_static,S0,640,261192.0,8,interleave,none,interleave,no,-,any,5.0,150,0.0064,0.007021,0.01852,0.000967,0,34.647225,,5.896412,1.253735,0,0,18177,0,15460,2029,148.47253,0.001042,0.011884
stencil,S0,180,259200.0,8,bind_close_il,close,interleave,no,-,any,5.0,150,0.00213,0.002225,0.00249,5.2e-05,0,318.218247,14236.843367,71.184217,3.185767,0,0,0,0,0,0,0.0,0.0,5e-05
spmv_static,S0,640,261192.0,8,bind_close_il,close,interleave,no,-,any,5.0,150,0.00399,0.004092,0.00436,5.3e-05,0,59.450403,,10.117522,1.874371,0,0,12,0,5,66,1.034196,4e-06,7.2e-05
stencil,S0,180,259200.0,8,bind_spread_il,spread,interleave,no,-,any,5.0,150,0.0055,0.006254,0.01892,0.001116,0,113.241842,5066.354253,25.331771,1.45484,0,0,13721,0,45944,4550,481.240316,0.00301,0.030291
spmv_static,S0,640,261192.0,8,bind_spread_il,spread,interleave,no,-,any,5.0,150,0.00603,0.006931,0.01823,0.000981,0,35.096422,,5.972858,1.298945,0,0,15857,0,16969,2472,167.187116,0.001159,0.013249
stencil,S0,180,259200.0,8,obs,none,first-touch,ompt,off,any,5.0,150,0.01423,0.016559,0.03165,0.002522,0,42.766992,1913.362822,9.566814,0.797858,0,0,0,0,0,0,0.0,0.0,0.013184
spmv_static,S0,640,261192.0,8,obs,none,first-touch,ompt,off,any,5.0,150,0.01424,0.017364,0.033591,0.002357,0,14.008831,,2.384082,0.753683,0,0,0,0,0,0,0.0,0.0,0.010546
stencil,S0,180,259200.0,8,scheduler,none,first-touch,ompt,on,any,5.0,150,0.01471,0.016618,0.03015,0.001885,0,42.616011,1906.608058,9.53304,0.785016,0,0,0,0,0,0,0.0,0.0,0.013318
spmv_static,S0,640,261192.0,8,scheduler,none,first-touch,ompt,on,any,5.0,150,0.01356,0.016682,0.028041,0.001787,0,14.581417,,2.481528,0.74575,0,0,0,0,0,0,0.0,0.0,0.010706
stencil,S0,180,259200.0,16,base,none,first-touch,no,-,any,5.0,150,0.00427,0.004831,0.01858,0.001153,0,146.599645,6558.757085,32.793785,1.068226,0,0,59463,0,6150,650,83.898072,0.000405,0.008927
spmv_static,S0,640,261192.0,16,base,none,first-touch,no,-,any,5.0,150,0.00593,0.006342,0.017171,0.000904,0,38.357613,,6.527861,1.147748,0,0,44982,0,1710,381,19.652052,0.000125,0.00142
stencil,S0,180,259200.0,16,bind_close,close,first-touch,no,-,any,5.0,150,0.0034,0.004007,0.01395,0.000839,0,176.742676,7907.333492,39.536667,1.414776,0,0,9013,0,2080,28,31.356773,0.000126,0.005116
spmv_static,S0,640,261192.0,16,bind_close,close,first-touch,no,-,any,5.0,150,0.0048,0.005244,0.006651,0.000208,0,46.38481,,7.893964,1.180273,0,0,6458,0,1637,312,22.152832,0.000116,0.001397
stencil,S0,180,259200.0,16,bind_spread,spread,first-touch,no,-,any,5.0,150,0.00478,0.006423,0.02156,0.001404,0,110.264457,4933.148294,24.665741,0.953256,0,0,34595,0,23698,13091,341.397365,0.002193,0.081897
spmv_static,S0,640,261192.0,16,bind_spread,spread,first-touch,no,-,any,5.0,150,0.00708,0.008015,0.01949,0.001045,0,30.348709,,5.164872,1.039814,0,0,30236,0,17923,6887,184.502962,0.001479,0.016286
stencil,S0,180,259200.0,16,interleave,none,interleave,no,-,any,5.0,150,0.00494,0.005616,0.01532,0.000918,0,126.102669,5641.737892,28.208689,1.229689,0,0,18874,0,13912,5890,210.165808,0.00118,0.045042
spmv_static,S0,640,261192.0,16,interleave,none,interleave,no,-,any,5.0,150,0.0069,0.007365,0.02112,0.001154,0,33.02799,,5.620844,1.139547,0,0,22191,0,18352,1680,162.118159,0.001194,0.013107
stencil,S0,180,259200.0,16,bind_close_il,close,interleave,no,-,any,5.0,150,0.00353,0.00388,0.00436,0.000148,0,182.515395,8165.600565,40.828003,1.556672,0,0,944,0,632,14,9.923866,3.9e-05,0.015428
spmv_static,S0,640,261192.0,16,bind_close_il,close,interleave,no,-,any,5.0,150,0.00493,0.005347,0.02919,0.001964,0,45.49077,,7.741812,1.245124,0,0,2907,0,4389,600,55.613909,0.000297,0.003482
stencil,S0,180,259200.0,16,bind_spread_il,spread,interleave,no,-,any,5.0,150,0.00525,0.007028,0.02157,0.001324,0,100.772749,4508.496475,22.542482,1.056806,0,0,20859,0,32900,10367,366.948515,0.002579,0.10843
spmv_static,S0,640,261192.0,16,bind_spread_il,spread,interleave,no,-,any,5.0,150,0.00711,0.007977,0.02085,0.001125,0,30.493301,,5.189479,1.017884,0,0,25196,0,22932,5862,215.150576,0.001716,0.019137
stencil,S0,180,259200.0,16,obs,none,first-touch,ompt,off,any,5.0,150,0.03259,0.038984,0.063431,0.004334,0,18.166085,812.736879,4.063684,0.530064,0,0,0,0,0,0,0.0,0.0,0.019188
spmv_static,S0,640,261192.0,16,obs,none,first-touch,ompt,off,any,5.0,150,0.02804,0.034597,0.051991,0.004082,0,7.03107,,1.196577,0.500563,0,0,0,0,0,0,0.0,0.0,0.016614
stencil,S0,180,259200.0,16,scheduler,none,first-touch,ompt,on,any,5.0,150,0.03115,0.039086,0.061861,0.004192,0,18.118706,810.617199,4.053086,0.495855,0,0,0,0,0,0,0.0,0.0,0.019939
spmv_static,S0,640,261192.0,16,scheduler,none,first-touch,ompt,on,any,5.0,150,0.02902,0.037025,0.04883,0.003644,0,6.569915,,1.118096,0.503406,0,0,0,0,0,0,0.0,0.0,0.015776
stencil,S0,180,259200.0,32,base,none,first-touch,no,-,any,5.0,150,0.0239,0.026292,0.041561,0.00254,0,26.935894,1205.091477,6.025457,0.887388,0,0,58704,0,7938,2945,24.672043,0.000649,0.010907
spmv_static,S0,640,261192.0,32,base,none,first-touch,no,-,any,5.0,150,0.00763,0.008267,0.02804,0.001654,0,29.426006,,5.007843,0.986869,0,0,42280,0,7636,1543,66.180118,0.000547,0.005666
stencil,S0,180,259200.0,32,bind_close,close,first-touch,no,-,any,5.0,150,0.00333,0.003777,0.00444,0.000164,0,187.525509,8389.749275,41.948746,1.363471,0,0,13521,0,2784,283,48.400171,0.000183,0.010541
spmv_static,S0,640,261192.0,32,bind_close,close,first-touch,no,-,any,5.0,150,0.00497,0.006123,0.04216,0.003159,0,39.730897,,6.761573,1.20664,0,0,23455,0,1224,304,14.874391,9.1e-05,0.001007
stencil,S0,180,259200.0,32,bind_spread,spread,first-touch,no,-,any,5.0,150,0.00589,0.007209,0.02254,0.001344,0,98.238829,4395.130825,21.975654,0.911753,0,0,42139,0,32329,12071,367.103097,0.002646,0.134145
spmv_static,S0,640,261192.0,32,bind_spread,spread,first-touch,no,-,any,5.0,150,0.00681,0.007551,0.02281,0.001309,0,32.215319,,5.48254,0.955607,0,0,39361,0,22283,8055,239.476323,0.001808,0.018541
stencil,S0,180,259200.0,32,interleave,none,interleave,no,-,any,5.0,150,0.00598,0.00681,0.018511,0.001015,0,103.997925,4652.788384,23.263942,1.022695,0,0,31059,0,44713,6956,452.233831,0.00308,0.097424
spmv_static,S0,640,261192.0,32,interleave,none,interleave,no,-,any,5.0,150,0.00674,0.008104,0.026851,0.00205,0,30.017178,,5.108451,0.9379,0,0,22952,0,28781,2817,232.402217,0.001883,0.018993
stencil,S0,180,259200.0,32,bind_close_il,close,interleave,no,-,any,5.0,150,0.00435,0.005356,0.01705,0.00101,0,132.217574,5915.314149,29.576571,1.258477,0,0,12948,0,18306,2557,232.175449,0.001244,0.064156
spmv_static,S0,640,261192.0,32,bind_close_il,close,interleave,no,-,any,5.0,150,0.005541,0.00624,0.01731,0.000927,0,38.98543,,6.634706,1.112029,0,0,12769,0,12790,3455,155.172669,0.000968,0.0096
stencil,S0,180,259200.0,32,bind_spread_il,spread,interleave,no,-,any,5.0,150,0.00599,0.007738,0.02252,0.001335,0,91.525105,4094.763896,20.473819,0.92455,0,0,36420,0,32137,13437,351.049636,0.002716,0.126423
spmv_static,S0,640,261192.0,32,bind_spread_il,spread,interleave,no,-,any,5.0,150,0.00697,0.007818,0.022181,0.001233,0,31.114502,,5.295198,0.982529,0,0,33403,0,28518,8422,281.631565,0.002202,0.022163
stencil,S0,180,259200.0,32,obs,none,first-touch,ompt,off,any,5.0,150,0.06143,0.079402,0.106002,0.008052,0,8.919107,399.034077,1.99517,0.338339,0,0,0,0,0,0,0.0,0.0,0.017201
spmv_static,S0,640,261192.0,32,obs,none,first-touch,ompt,off,any,5.0,150,0.07212,0.096937,0.123321,0.009904,0,2.509394,,0.427059,0.37568,0,0,0,0,0,0,0.0,0.0,0.017116
stencil,S0,180,259200.0,32,scheduler,none,first-touch,ompt,on,any,5.0,150,0.056521,0.071493,0.098541,0.008288,0,9.905829,443.179272,2.215896,0.359848,0,0,0,0,0,0,0.0,0.0,0.014874
spmv_static,S0,640,261192.0,32,scheduler,none,first-touch,ompt,on,any,5.0,150,0.06841,0.09174,0.118852,0.010235,0,2.651554,,0.451253,0.411227,0,0,0,0,0,0,0.0,0.0,0.0113
stencil,S0,180,259200.0,64,base,none,first-touch,no,-,any,5.0,150,0.046101,0.050169,0.067691,0.003984,0,14.116122,631.544621,3.157723,0.825599,0,0,96526,0,18730,4804,27.960209,0.001403,0.011654
spmv_static,S0,640,261192.0,64,base,none,first-touch,no,-,any,5.0,150,0.00843,0.008902,0.03137,0.002165,0,27.326466,,4.650534,0.828369,0,0,65670,0,6110,2019,54.42891,0.000485,0.003596
stencil,S0,180,259200.0,64,bind_close,close,first-touch,no,-,any,5.0,150,0.004681,0.005306,0.021791,0.00137,0,133.470312,5971.360688,29.856803,1.010174,0,0,41177,0,3637,2159,65.109031,0.000345,0.012594
spmv_static,S0,640,261192.0,64,bind_close,close,first-touch,no,-,any,5.0,150,0.006701,0.007438,0.025221,0.001478,0,32.703255,,5.565579,1.003621,0,0,50344,0,4463,4267,69.958127,0.00052,0.004936
stencil,S0,180,259200.0,64,bind_spread,spread,first-touch,no,-,any,5.0,150,0.00622,0.0082,0.02749,0.001724,0,86.363967,3863.85846,19.319292,0.885092,0,0,43232,0,31968,20657,382.523711,0.003137,0.091645
spmv_static,S0,640,261192.0,64,bind_spread,spread,first-touch,no,-,any,5.0,150,0.00724,0.008028,0.02875,0.001718,0,30.29934,,5.15647,0.925165,0,0,29692,0,24724,15291,297.09515,0.002385,0.01517
stencil,S0,180,259200.0,64,interleave,none,interleave,no,-,any,5.0,150,0.00668,0.007839,0.0263,0.001559,0,90.341903,4041.828322,20.209142,0.812907,0,0,49848,0,47272,9416,431.033053,0.003379,0.064159
spmv_static,S0,640,261192.0,64,interleave,none,interleave,no,-,any,5.0,150,0.009321,0.017073,1.096333,0.088713,0,14.24771,,2.424736,0.788777,0,0,42444,0,32151,7959,140.030592,0.002391,0.016998
stencil,S0,180,259200.0,64,bind_close_il,close,interleave,no,-,any,5.0,150,0.00525,0.005954,0.025801,0.001655,0,118.94267,5321.404978,26.607025,0.974199,0,0,33248,0,30579,9283,399.052796,0.002376,0.065256
spmv_static,S0,640,261192.0,64,bind_close_il,close,interleave,no,-,any,5.0,150,0.0066,0.007358,0.02388,0.001697,0,33.060309,,5.626344,0.984044,0,0,31276,0,17309,10093,221.974242,0.001633,0.018743
stencil,S0,180,259200.0,64,bind_spread_il,spread,interleave,no,-,any,5.0,150,0.00716,0.008336,0.02939,0.001809,0,84.960341,3801.061316,19.005307,0.880462,0,0,32201,0,32849,16115,350.105785,0.002918,0.101244
spmv_static,S0,640,261192.0,64,bind_spread_il,spread,interleave,no,-,any,5.0,150,0.00807,0.009074,0.04186,0.002714,0,26.806897,,4.562112,0.933484,0,0,29419,0,27131,13380,266.105771,0.002415,0.026133
stencil,S0,180,259200.0,64,obs,none,first-touch,ompt,off,any,5.0,150,0.139351,0.216698,0.291973,0.027939,0,3.268107,146.212643,0.731063,0.452205,0,0,0,0,0,0,0.0,0.0,0.03824
spmv_static,S0,640,261192.0,64,obs,none,first-touch,ompt,off,any,5.0,150,0.147022,0.211316,0.293594,0.027703,0,1.151139,,0.195906,0.476669,0,0,0,0,0,0,0.0,0.0,0.028185
stencil,S0,180,259200.0,64,scheduler,none,first-touch,ompt,on,any,5.0,150,0.145872,0.214104,0.286153,0.03032,0,3.307696,147.983835,0.739919,0.439328,0,0,0,0,0,0,0.0,0.0,0.041166
spmv_static,S0,640,261192.0,64,scheduler,none,first-touch,ompt,on,any,5.0,150,0.146722,0.212446,0.292613,0.025264,0,1.145017,,0.194864,0.383564,0,0,0,0,0,0,0.0,0.0,0.02563
stencil,S0,180,259200.0,128,base,none,first-touch,no,-,any,5.0,150,0.136082,0.257195,0.398815,0.064859,0,2.753529,123.190808,0.615954,0.739425,0,0,335820,0,36094,5520,9.643997,0.00248,0.00506
spmv_static,S0,640,261192.0,128,base,none,first-touch,no,-,any,5.0,150,0.092722,0.127801,0.185752,0.017213,0,1.903375,,0.323925,0.745135,0,0,157930,0,23477,4545,13.069079,0.00167,0.002003
stencil,S0,180,259200.0,128,bind_close,close,first-touch,no,-,any,5.0,150,0.00747,0.00913,0.02501,0.00165,0,77.566114,3470.249217,17.351246,0.86114,0,0,73617,0,50219,29541,520.708266,0.004754,0.072175
spmv_static,S0,640,261192.0,128,bind_close,close,first-touch,no,-,any,5.0,150,0.0082,0.00924,0.03625,0.002307,0,26.325507,,4.480187,0.888031,0,0,64924,0,40916,22958,412.033234,0.003807,0.022207
stencil,S0,180,259200.0,128,bind_spread,spread,first-touch,no,-,any,5.0,150,0.00782,0.009388,0.038341,0.002757,0,75.436099,3374.95393,16.87477,0.849598,0,0,82951,0,50500,30929,516.99474,0.004854,0.066374
spmv_static,S0,640,261192.0,128,bind_spread,spread,first-touch,no,-,any,5.0,150,0.00862,0.009627,0.04341,0.003248,0,25.267945,,4.300206,0.915825,0,0,62817,0,42986,26851,432.38907,0.004163,0.029283
stencil,S0,180,259200.0,128,interleave,none,interleave,no,-,any,5.0,150,0.105391,0.167678,0.256623,0.02997,0,4.223534,188.95773,0.944789,0.753588,0,0,171460,0,178846,16272,69.358765,0.01163,0.030738
spmv_static,S0,640,261192.0,128,interleave,none,interleave,no,-,any,5.0,150,0.138362,0.19621,0.369694,0.03789,0,1.239766,,0.210989,0.746592,0,0,78653,0,104133,14766,36.119121,0.007087,0.020074
stencil,S0,180,259200.0,128,bind_close_il,close,interleave,no,-,any,5.0,150,0.00771,0.009779,0.03237,0.00285,0,72.418896,3239.966541,16.199833,0.833967,0,0,56847,0,54889,25384,489.277395,0.004785,0.076029
spmv_static,S0,640,261192.0,128,bind_close_il,close,interleave,no,-,any,5.0,150,0.00834,0.009755,0.070351,0.005326,0,24.936222,,4.243752,0.883586,0,0,51147,0,49632,21153,432.507922,0.004219,0.024461
stencil,S0,180,259200.0,128,bind_spread_il,spread,interleave,no,-,any,5.0,150,0.008231,0.009853,0.05267,0.003942,0,71.875979,3215.676882,16.078384,0.849388,0,0,59883,0,61555,30130,554.63837,0.005465,0.065129
spmv_static,S0,640,261192.0,128,bind_spread_il,spread,interleave,no,-,any,5.0,150,0.009441,0.010516,0.051611,0.00382,0,23.132108,,3.93672,0.889431,0,0,55560,0,54452,23700,442.965215,0.004658,0.03426
stencil,S0,180,259200.0,128,obs,none,first-touch,ompt,off,any,5.0,150,0.413565,0.582118,3.080867,0.214147,0,1.216578,54.428782,0.272144,0.330382,0,0,0,0,0,0,0.0,0.0,0.037348
spmv_static,S0,640,261192.0,128,obs,none,first-touch,ompt,off,any,5.0,150,0.399824,0.584235,4.043128,0.291824,0,0.416363,,0.070858,0.354451,0,0,0,0,0,0,0.0,0.0,0.031907
stencil,S0,180,259200.0,128,scheduler,none,first-touch,ompt,on,any,5.0,150,0.424155,0.593941,4.256591,0.307307,0,1.192361,53.345322,0.266727,0.372096,0,0,0,0,0,0,0.0,0.0,0.041019
spmv_static,S0,640,261192.0,128,scheduler,none,first-touch,ompt,on,any,5.0,150,0.428035,0.552179,2.56715,0.174157,0,0.440535,,0.074972,0.399767,0,0,0,0,0,0,0.0,0.0,0.033733
stencil,S0,180,259200.0,256,base,none,first-touch,no,-,any,5.0,150,0.239243,0.431806,13.55097,1.081406,0,1.64007,73.375468,0.366877,0.727809,0,0,622725,0,155146,18765,24.005927,0.010366,0.009109
spmv_static,S0,640,261192.0,256,base,none,first-touch,no,-,any,5.0,150,0.260683,0.408362,7.788192,0.620874,0,0.595682,,0.101376,0.717734,0,0,384717,0,191850,19855,30.900528,0.012619,0.012134
stencil,S0,180,259200.0,256,bind_close,close,first-touch,no,-,any,5.0,150,0.010061,0.011419,0.048531,0.003089,0,62.018032,2774.639771,13.873199,0.775673,0,0,170472,0,64341,30960,497.450061,0.00568,0.068613
spmv_static,S0,640,261192.0,256,bind_close,close,first-touch,no,-,any,5.0,150,0.01269,0.013813,0.040441,0.003116,0,17.61013,,2.996967,0.78481,0,0,105962,0,57704,27166,366.223572,0.005059,0.030743
stencil,S0,180,259200.0,256,bind_spread,spread,first-touch,no,-,any,5.0,150,0.01053,0.011943,0.04132,0.002512,0,59.297349,2652.918484,13.264592,0.763532,0,0,141943,0,63752,30131,468.547506,0.005596,0.065713
spmv_static,S0,640,261192.0,256,bind_spread,spread,first-touch,no,-,any,5.0,150,0.01283,0.014186,0.055071,0.004085,0,17.147994,,2.918318,0.785517,0,0,119820,0,57641,27736,358.7245,0.005089,0.036104
stencil,S0,180,259200.0,256,interleave,none,interleave,no,-,any,5.0,150,0.308014,0.538184,1.502748,0.199987,0,1.315893,58.872041,0.29436,0.721628,0,0,491177,0,582292,45883,69.571276,0.037442,0.034384
spmv_static,S0,640,261192.0,256,interleave,none,interleave,no,-,any,5.0,150,0.551616,0.75094,1.051522,0.086084,0,0.323932,,0.055128,0.750692,0,0,281694,0,310402,45087,28.216363,0.021189,0.016315
stencil,S0,180,259200.0,256,bind_close_il,close,interleave,no,-,any,5.0,150,0.01075,0.012506,0.038191,0.003175,0,56.626626,2533.432341,12.667162,0.757263,0,0,100007,0,105006,29962,643.268807,0.008045,0.075212
spmv_static,S0,640,261192.0,256,bind_close_il,close,interleave,no,-,any,5.0,150,0.01302,0.014125,0.05075,0.00376,0,17.221238,,2.930783,0.781332,0,0,90820,0,95505,26805,516.123476,0.00729,0.040362
stencil,S0,180,259200.0,256,bind_spread_il,spread,interleave,no,-,any,5.0,150,0.0113,0.013294,0.042431,0.002997,0,53.273385,2383.410906,11.917055,0.752832,0,0,94667,0,88449,30877,535.007059,0.007112,0.074729
spmv_static,S0,640,261192.0,256,bind_spread_il,spread,interleave,no,-,any,5.0,150,0.01345,0.014325,0.03406,0.002251,0,16.981351,,2.889958,0.779699,0,0,93984,0,96845,27326,516.660967,0.007401,0.040655
stencil,S0,180,259200.0,256,obs,none,first-touch,ompt,off,any,5.0,150,1.450628,1.987388,8.4469,0.766716,0,0.356343,15.942531,0.079713,0.271984,0,0,0,0,0,0,0.0,0.0,0.039655
spmv_static,S0,640,261192.0,256,obs,none,first-touch,ompt,off,any,5.0,150,1.508848,1.940728,13.854474,1.098599,0,0.125342,,0.021331,0.263523,0,0,0,0,0,0,0.0,0.0,0.033683
stencil,S0,180,259200.0,256,scheduler,none,first-touch,ompt,on,any,5.0,150,1.472807,2.026244,19.707943,1.652733,0,0.34951,15.636815,0.078184,0.256172,0,0,0,0,0,0,0.0,0.0,0.038518
spmv_static,S0,640,261192.0,256,scheduler,none,first-touch,ompt,on,any,5.0,150,1.525188,2.027612,12.555968,1.215024,0,0.119971,,0.020417,0.259261,0,0,0,0,0,0,0.0,0.0,0.036689
stencil,S1,700,3920000.0,8,base,none,first-touch,no,-,any,5.0,150,0.01967,0.020709,0.07136,0.004423,0,525.857052,23526.446271,117.632231,3.689637,0,0,65958,0,13761,3954,50.987314,0.001056,0.000954
spmv_static,S1,9700,3912948.0,8,base,none,first-touch,no,-,any,5.0,150,0.02645,0.028116,0.04859,0.002655,0,129.614551,,22.045398,2.371647,0,0,81928,0,11547,2457,29.687845,0.000835,0.00017
stencil,S1,700,3920000.0,8,bind_close,close,first-touch,no,-,any,5.0,150,0.01581,0.016736,0.030401,0.002436,0,650.700184,29111.833457,145.559167,4.541315,0,0,31,0,6,28,0.12109,2e-06,1.3e-05
spmv_static,S1,9700,3912948.0,8,bind_close,close,first-touch,no,-,any,5.0,150,0.021291,0.021841,0.032241,0.001393,0,166.852664,,28.379016,2.828747,0,0,7,0,6,7,0.035477,1e-06,2e-06
stencil,S1,700,3920000.0,8,bind_spread,spread,first-touch,no,-,any,5.0,150,0.01962,0.020701,0.033721,0.001761,0,526.063663,23535.689867,117.678449,3.661996,0,0,35820,0,41422,6004,136.554267,0.002827,0.003106
spmv_static,S1,9700,3912948.0,8,bind_spread,spread,first-touch,no,-,any,5.0,150,0.02603,0.027496,0.057581,0.003421,0,132.536317,,22.542344,2.328906,0,0,41744,0,48485,5546,117.126075,0.00322,0.000657
stencil,S1,700,3920000.0,8,interleave,none,interleave,no,-,any,5.0,150,0.01901,0.019819,0.03862,0.002164,0,549.466303,24582.706269,122.913531,3.747065,0,0,35130,0,35280,4978,121.073908,0.0024,0.002894
spmv_static,S1,9700,3912948.0,8,interleave,none,interleave,no,-,any,5.0,150,0.02777,0.030068,0.048281,0.002231,0,121.199122,,20.614066,2.200086,0,0,40918,0,55668,5173,120.606831,0.003626,0.000756
stencil,S1,700,3920000.0,8,bind_close_il,close,interleave,no,-,any,5.0,150,0.0157,0.017013,0.03292,0.002582,0,640.085385,28636.935387,143.184677,4.446368,0,0,25,0,7,1914,6.730178,0.000115,0.000191
spmv_static,S1,9700,3912948.0,8,bind_close_il,close,interleave,no,-,any,5.0,150,0.021161,0.021603,0.03115,0.001311,0,168.68724,,28.691048,2.823227,0,0,37,0,18,2319,6.447996,0.000139,2.4e-05
stencil,S1,700,3920000.0,8,bind_spread_il,spread,interleave,no,-,any,5.0,150,0.01955,0.021337,0.03874,0.003178,0,510.374692,22833.777216,114.168886,3.568588,0,0,43049,0,39701,5936,127.486393,0.00272,0.002843
spmv_static,S1,9700,3912948.0,8,bind_spread_il,spread,interleave,no,-,any,5.0,150,0.02586,0.027086,0.04552,0.002422,0,134.544503,,22.883905,2.334497,0,0,43228,0,44866,6901,113.916918,0.003086,0.000639
stencil,S1,700,3920000.0,8,obs,none,first-touch,ompt,off,any,5.0,150,0.033351,0.036597,0.059891,0.003359,0,297.559055,13312.566774,66.562834,2.400244,0,0,0,0,0,0,0.0,0.0,0.002143
spmv_static,S1,9700,3912948.0,8,obs,none,first-touch,ompt,off,any,5.0,150,0.03864,0.043558,0.062021,0.003127,0,83.664354,,14.229992,1.669173,0,0,0,0,0,0,0.0,0.0,0.000543
stencil,S1,700,3920000.0,8,scheduler,none,first-touch,ompt,on,any,5.0,150,0.03263,0.036122,0.05176,0.002918,0,301.475839,13487.800728,67.439004,2.377677,0,0,0,0,0,0,0.0,0.0,0.002198
spmv_static,S1,9700,3912948.0,8,scheduler,none,first-touch,ompt,on,any,5.0,150,0.036931,0.04317,0.060891,0.003408,0,84.415923,,14.357822,1.672386,0,0,0,0,0,0,0.0,0.0,0.000547
stencil,S1,700,3920000.0,16,base,none,first-touch,no,-,any,5.0,150,0.012031,0.013222,0.03009,0.001766,0,823.623608,36848.296486,184.241482,3.040079,0,0,92003,0,17322,3215,92.580592,0.001224,0.001158
spmv_static,S1,9700,3912948.0,16,base,none,first-touch,no,-,any,5.0,150,0.017241,0.018186,0.031241,0.001726,0,200.39017,,34.083218,2.111448,0,0,68283,0,10021,2730,41.791423,0.00076,0.000152
stencil,S1,700,3920000.0,16,bind_close,close,first-touch,no,-,any,5.0,150,0.00956,0.010652,0.023471,0.00163,0,1022.375322,45740.297635,228.701488,3.399275,0,0,13227,0,1137,12,6.429378,6.8e-05,6.2e-05
spmv_static,S1,9700,3912948.0,16,bind_close,close,first-touch,no,-,any,5.0,150,0.01363,0.014628,0.02716,0.00178,0,249.134517,,42.373865,2.274284,0,0,15126,0,1252,30,5.22376,7.6e-05,1.6e-05
stencil,S1,700,3920000.0,16,bind_spread,spread,first-touch,no,-,any,5.0,150,0.01276,0.014332,0.02762,0.001764,0,759.833165,33994.360369,169.971802,2.827607,0,0,65783,0,62402,13609,316.118382,0.004531,0.005385
spmv_static,S1,9700,3912948.0,16,bind_spread,spread,first-touch,no,-,any,5.0,150,0.01664,0.017938,0.058991,0.003721,0,203.151569,,34.552889,1.947446,0,0,55010,0,54377,11685,219.511765,0.003938,0.000806
stencil,S1,700,3920000.0,16,interleave,none,interleave,no,-,any,5.0,150,0.01226,0.013157,0.02599,0.001508,0,827.701009,37030.716291,185.153581,2.98998,0,0,60786,0,53800,5839,270.180239,0.003555,0.003327
spmv_static,S1,9700,3912948.0,16,interleave,none,interleave,no,-,any,5.0,150,0.01799,0.019028,0.029411,0.001653,0,191.517774,,32.574163,1.946517,0,0,52572,0,56329,5513,193.718228,0.003686,0.000754
stencil,S1,700,3920000.0,16,bind_close_il,close,interleave,no,-,any,5.0,150,0.01084,0.011867,0.042491,0.002846,0,917.678992,41056.263135,205.281316,3.308654,0,0,4299,0,9241,1772,55.31524,0.000656,0.000661
spmv_static,S1,9700,3912948.0,16,bind_close_il,close,interleave,no,-,any,5.0,150,0.01422,0.015188,0.026611,0.001707,0,239.940848,,40.810167,2.207159,0,0,8095,0,9275,1610,42.717709,0.000649,0.000196
stencil,S1,700,3920000.0,16,bind_spread_il,spread,interleave,no,-,any,5.0,150,0.01241,0.014204,0.032701,0.002261,0,766.651695,34299.416239,171.497081,2.772361,0,0,68580,0,68875,14007,347.800068,0.00494,0.004395
spmv_static,S1,9700,3912948.0,16,bind_spread_il,spread,interleave,no,-,any,5.0,150,0.01871,0.020398,0.083051,0.005384,0,178.656995,,30.386747,1.847673,0,0,48464,0,57150,10908,198.871111,0.004057,0.000835
stencil,S1,700,3920000.0,16,obs,none,first-touch,ompt,off,any,5.0,150,0.040971,0.047739,0.123731,0.007127,0,228.112244,10205.569028,51.027845,1.184785,0,0,0,0,0,0,0.0,0.0,0.003165
spmv_static,S1,9700,3912948.0,16,obs,none,first-touch,ompt,off,any,5.0,150,0.044091,0.051295,0.065711,0.003625,0,71.044741,,12.083594,0.929061,0,0,0,0,0,0,0.0,0.0,0.00081
stencil,S1,700,3920000.0,16,scheduler,none,first-touch,ompt,on,any,5.0,150,0.040081,0.048647,0.066781,0.004339,0,223.853839,10015.051232,50.075256,1.117252,0,0,0,0,0,0,0.0,0.0,0.003206
spmv_static,S1,9700,3912948.0,16,scheduler,none,first-touch,ompt,on,any,5.0,150,0.043081,0.051881,0.070691,0.004386,0,70.242452,,11.947137,0.946122,0,0,0,0,0,0,0.0,0.0,0.000828
stencil,S1,700,3920000.0,32,base,none,first-touch,no,-,any,5.0,150,0.01192,0.012658,0.022291,0.001111,0,860.299316,38489.139863,192.445699,2.002049,0,0,152304,0,18944,4911,112.329657,0.001422,0.001061
spmv_static,S1,9700,3912948.0,32,base,none,first-touch,no,-,any,5.0,150,0.01791,0.018895,0.02992,0.001609,0,192.866523,,32.803564,1.394994,0,0,87392,0,16469,2491,59.809689,0.00113,0.00022
stencil,S1,700,3920000.0,32,bind_close,close,first-touch,no,-,any,5.0,150,0.00694,0.007577,0.02071,0.00111,0,1437.196468,64299.081537,321.495408,2.753616,0,0,41189,0,2897,434,26.203388,0.000199,0.000147
spmv_static,S1,9700,3912948.0,32,bind_close,close,first-touch,no,-,any,5.0,150,0.01014,0.011067,0.026371,0.001616,0,329.296699,,56.008193,1.834547,0,0,32932,0,3261,158,18.414049,0.000204,4.2e-05
stencil,S1,700,3920000.0,32,bind_spread,spread,first-touch,no,-,any,5.0,150,0.01067,0.011554,0.02489,0.001154,0,942.490701,42166.320188,210.831601,2.068864,0,0,75894,0,73377,10317,431.759662,0.004989,0.005614
spmv_static,S1,9700,3912948.0,32,bind_spread,spread,first-touch,no,-,any,5.0,150,0.01305,0.013729,0.029641,0.001788,0,265.436254,,45.146535,1.536709,0,0,55877,0,47229,11086,253.175385,0.003476,0.000702
stencil,S1,700,3920000.0,32,interleave,none,interleave,no,-,any,5.0,150,0.01197,0.012725,0.02686,0.001663,0,855.787658,38287.291689,191.436458,1.991532,0,0,107961,0,90812,6421,455.445063,0.005796,0.004567
spmv_static,S1,9700,3912948.0,32,interleave,none,interleave,no,-,any,5.0,150,0.014231,0.014861,0.03169,0.001857,0,245.214,,41.707047,1.521342,0,0,48232,0,47490,5302,211.738672,0.003147,0.000631
stencil,S1,700,3920000.0,32,bind_close_il,close,interleave,no,-,any,5.0,150,0.00806,0.009202,0.02131,0.001078,0,1183.452104,52946.750844,264.733754,2.230356,0,0,12416,0,31625,1059,211.705956,0.001948,0.001576
spmv_static,S1,9700,3912948.0,32,bind_close_il,close,interleave,no,-,any,5.0,150,0.0106,0.011269,0.02217,0.001341,0,323.374657,,55.000947,1.776683,0,0,19551,0,19670,1983,114.528297,0.001291,0.000251
stencil,S1,700,3920000.0,32,bind_spread_il,spread,interleave,no,-,any,5.0,150,0.00973,0.01069,0.02142,0.001029,0,1018.671015,45574.569749,227.872849,2.062475,0,0,90775,0,70088,11665,455.833351,0.004873,0.003623
spmv_static,S1,9700,3912948.0,32,bind_spread_il,spread,interleave,no,-,any,5.0,150,0.01477,0.016024,0.02945,0.001766,0,227.423552,,38.681172,1.525461,0,0,48212,0,53756,10689,239.716758,0.003841,0.00076
stencil,S1,700,3920000.0,32,obs,none,first-touch,ompt,off,any,5.0,150,0.069261,0.084033,0.142062,0.008174,0,129.590267,5797.770384,28.988852,0.555981,0,0,0,0,0,0,0.0,0.0,0.004931
spmv_static,S1,9700,3912948.0,32,obs,none,first-touch,ompt,off,any,5.0,150,0.074751,0.099967,0.121151,0.008456,0,36.454203,,6.200287,0.441269,0,0,0,0,0,0,0.0,0.0,0.001475
stencil,S1,700,3920000.0,32,scheduler,none,first-touch,ompt,on,any,5.0,150,0.064381,0.084212,0.128592,0.009439,0,129.314289,5785.423354,28.927117,0.51521,0,0,0,0,0,0,0.0,0.0,0.004072
spmv_static,S1,9700,3912948.0,32,scheduler,none,first-touch,ompt,on,any,5.0,150,0.070441,0.10178,0.151442,0.014537,0,35.804795,,6.089833,0.507338,0,0,0,0,0,0,0.0,0.0,0.001235
stencil,S1,700,3920000.0,64,base,none,first-touch,no,-,any,5.0,150,0.05517,0.074668,0.119842,0.014562,0,145.843799,6524.941133,32.624706,1.086699,0,0,174124,0,11383,3859,12.167113,0.000908,0.000658
spmv_static,S1,9700,3912948.0,64,base,none,first-touch,no,-,any,5.0,150,0.092031,0.125567,0.162412,0.0129,0,29.022086,,4.936201,0.844433,0,0,129633,0,15532,3681,9.120104,0.001145,0.000227
stencil,S1,700,3920000.0,64,bind_close,close,first-touch,no,-,any,5.0,150,0.00608,0.007083,0.024851,0.001531,0,1537.475647,68785.496055,343.92748,1.959033,0,0,81038,0,3425,2879,53.049228,0.000376,0.000281
spmv_static,S1,9700,3912948.0,64,bind_close,close,first-touch,no,-,any,5.0,150,0.00832,0.009704,0.02886,0.002015,0,375.52005,,63.870058,1.428991,0,0,83854,0,4465,2123,40.465313,0.000393,7.6e-05
stencil,S1,700,3920000.0,64,bind_spread,spread,first-touch,no,-,any,5.0,150,0.0089,0.010269,0.03021,0.001756,0,1060.44705,47443.597893,237.217989,1.566508,0,0,82405,0,68593,11994,467.753385,0.004803,0.003326
spmv_static,S1,9700,3912948.0,64,bind_spread,spread,first-touch,no,-,any,5.0,150,0.01079,0.011884,0.04421,0.002949,0,306.653824,,52.156996,1.286937,0,0,69215,0,44245,13929,291.773864,0.003467,0.000758
stencil,S1,700,3920000.0,64,interleave,none,interleave,no,-,any,5.0,150,0.052101,0.056978,0.072331,0.004543,0,191.12478,8550.7779,42.75389,0.899815,0,0,155256,0,111609,11260,128.533172,0.007324,0.005325
spmv_static,S1,9700,3912948.0,64,interleave,none,interleave,no,-,any,5.0,150,0.057121,0.066827,0.105941,0.006969,0,54.531841,,9.275009,0.830021,0,0,49397,0,55258,12452,60.392214,0.004036,0.000805
stencil,S1,700,3920000.0,64,bind_close_il,close,interleave,no,-,any,5.0,150,0.00748,0.008748,0.027011,0.001792,0,1244.787561,55690.852769,278.454264,1.587327,0,0,30857,0,51778,6487,396.989555,0.003473,0.002272
spmv_static,S1,9700,3912948.0,64,bind_close_il,close,interleave,no,-,any,5.0,150,0.00996,0.010842,0.02892,0.001531,0,336.106087,,57.166363,1.322218,0,0,37751,0,41409,6224,261.865712,0.002839,0.000513
stencil,S1,700,3920000.0,64,bind_spread_il,spread,interleave,no,-,any,5.0,150,0.00875,0.010409,0.025171,0.001659,0,1046.230543,46807.562165,234.037811,1.47539,0,0,90406,0,69538,15931,489.417752,0.005094,0.003103
spmv_static,S1,9700,3912948.0,64,bind_spread_il,spread,interleave,no,-,any,5.0,150,0.01066,0.012597,0.027041,0.002166,0,289.2981,,49.20506,1.240594,0,0,43369,0,53356,12572,311.948481,0.00393,0.00076
stencil,S1,700,3920000.0,64,obs,none,first-touch,ompt,off,any,5.0,150,0.159692,0.197162,0.301024,0.023005,0,55.232954,2471.080514,12.355403,0.445045,0,0,0,0,0,0,0.0,0.0,0.015277
spmv_static,S1,9700,3912948.0,64,obs,none,first-touch,ompt,off,any,5.0,150,0.155962,0.217413,0.285513,0.021764,0,16.761712,,2.850904,0.420684,0,0,0,0,0,0,0.0,0.0,0.004054
stencil,S1,700,3920000.0,64,scheduler,none,first-touch,ompt,on,any,5.0,150,0.145601,0.205869,0.316914,0.032607,0,52.896999,2366.571692,11.832858,0.459256,0,0,0,0,0,0,0.0,0.0,0.013557
spmv_static,S1,9700,3912948.0,64,scheduler,none,first-touch,ompt,on,any,5.0,150,0.162872,0.217181,0.289964,0.025824,0,16.779663,,2.853957,0.442558,0,0,0,0,0,0,0.0,0.0,0.004435
stencil,S1,700,3920000.0,128,base,none,first-touch,no,-,any,5.0,150,0.07678,0.120331,0.188923,0.019979,0,90.498869,4048.850857,20.244254,0.780066,0,0,452589,0,70668,8726,39.32695,0.004732,0.002614
spmv_static,S1,9700,3912948.0,128,base,none,first-touch,no,-,any,5.0,150,0.193033,0.398467,6.7834,0.755744,0,9.145587,,1.555521,0.754021,0,0,219148,0,28926,7679,5.475555,0.002182,0.000408
stencil,S1,700,3920000.0,128,bind_close,close,first-touch,no,-,any,5.0,150,0.00911,0.010584,0.053,0.003766,0,1028.898797,46032.152956,230.160765,1.146353,0,0,109698,0,74018,10238,474.494421,0.005022,0.003412
spmv_static,S1,9700,3912948.0,128,bind_close,close,first-touch,no,-,any,5.0,150,0.01065,0.012053,0.03996,0.002951,0,302.36073,,51.426808,1.038441,0,0,98886,0,73383,22600,474.65632,0.005721,0.001041
stencil,S1,700,3920000.0,128,bind_spread,spread,first-touch,no,-,any,5.0,150,0.009361,0.010898,0.075171,0.005557,0,999.29018,44707.485873,223.537429,1.164505,0,0,109780,0,77761,12880,495.744596,0.005403,0.003846
spmv_static,S1,9700,3912948.0,128,bind_spread,spread,first-touch,no,-,any,5.0,150,0.01071,0.011861,0.04393,0.003074,0,307.250374,,52.258459,1.098574,0,0,74113,0,72919,24281,488.455566,0.005794,0.000983
stencil,S1,700,3920000.0,128,interleave,none,interleave,no,-,any,5.0,150,0.088291,0.123317,0.189412,0.019103,0,88.308084,3950.836813,19.754184,0.769911,0,0,218938,0,219414,31987,121.513395,0.014985,0.007271
spmv_static,S1,9700,3912948.0,128,interleave,none,interleave,no,-,any,5.0,150,0.073861,0.103011,0.191182,0.022283,0,35.377032,,6.017077,0.760938,0,0,112445,0,130011,22016,87.966483,0.009062,0.001751
stencil,S1,700,3920000.0,128,bind_close_il,close,interleave,no,-,any,5.0,150,0.00884,0.010521,0.041481,0.003039,0,1035.053313,46307.501335,231.537507,1.104663,0,0,88564,0,87819,12405,567.799251,0.005974,0.003817
spmv_static,S1,9700,3912948.0,128,bind_close_il,close,interleave,no,-,any,5.0,150,0.01182,0.013553,0.04409,0.003227,0,268.893632,,45.73458,1.044919,0,0,83217,0,80238,19158,437.13298,0.005924,0.001212
stencil,S1,700,3920000.0,128,bind_spread_il,spread,interleave,no,-,any,5.0,150,0.00902,0.010661,0.049941,0.003792,0,1021.473869,45699.967295,228.499836,1.160662,0,0,92475,0,91937,16340,605.366487,0.006454,0.003892
spmv_static,S1,9700,3912948.0,128,bind_spread_il,spread,interleave,no,-,any,5.0,150,0.01181,0.013104,0.039151,0.002994,0,278.107638,,47.301738,1.064592,0,0,80544,0,81773,20966,467.316972,0.006124,0.001248
stencil,S1,700,3920000.0,128,obs,none,first-touch,ompt,off,any,5.0,150,0.418624,0.553731,2.863784,0.194439,0,19.666346,879.85743,4.399287,0.361965,0,0,0,0,0,0,0.0,0.0,0.023114
spmv_static,S1,9700,3912948.0,128,obs,none,first-touch,ompt,off,any,5.0,150,0.429435,0.571848,3.956906,0.2848,0,6.372701,,1.083896,0.380616,0,0,0,0,0,0,0.0,0.0,0.007825
stencil,S1,700,3920000.0,128,scheduler,none,first-touch,ompt,on,any,5.0,150,0.424945,0.583421,3.699874,0.263684,0,18.665522,835.081309,4.175407,0.339715,0,0,0,0,0,0,0.0,0.0,0.025108
spmv_static,S1,9700,3912948.0,128,scheduler,none,first-touch,ompt,on,any,5.0,150,0.441325,0.56937,3.35814,0.23701,0,6.400438,,1.088614,0.360584,0,0,0,0,0,0,0.0,0.0,0.008127
stencil,S1,700,3920000.0,256,base,none,first-touch,no,-,any,5.0,150,0.343414,0.44041,0.77997,0.05731,0,24.72661,1106.249804,5.531249,0.725715,0,0,1116817,0,201145,22784,30.306325,0.013347,0.004748
spmv_static,S1,9700,3912948.0,256,base,none,first-touch,no,-,any,5.0,150,0.315603,0.431864,1.297805,0.093816,0,8.438343,,1.435229,0.735739,0,0,461179,0,116693,30430,20.305499,0.008769,0.001395
stencil,S1,700,3920000.0,256,bind_close,close,first-touch,no,-,any,5.0,150,0.01181,0.013398,0.03945,0.00329,0,812.775445,36362.957855,181.814789,0.890417,0,0,115354,0,57117,9370,295.785492,0.003963,0.00391
spmv_static,S1,9700,3912948.0,256,bind_close,close,first-touch,no,-,any,5.0,150,0.01802,0.019334,0.05253,0.004087,0,188.486563,,32.058602,0.795351,0,0,162157,0,115613,28844,445.345411,0.00861,0.001704
stencil,S1,700,3920000.0,256,bind_spread,spread,first-touch,no,-,any,5.0,150,0.01211,0.013507,0.043441,0.003343,0,806.260384,36071.478988,180.357395,0.891785,0,0,135931,0,56526,10302,294.903324,0.003983,0.004459
spmv_static,S1,9700,3912948.0,256,bind_spread,spread,first-touch,no,-,any,5.0,150,0.01835,0.020963,0.051161,0.004544,0,173.839429,,29.567354,0.790545,0,0,163626,0,114040,30530,411.059652,0.008617,0.001705
stencil,S1,700,3920000.0,256,interleave,none,interleave,no,-,any,5.0,150,0.203712,0.516543,17.242064,1.632825,0,21.082211,943.202132,4.716011,0.72632,0,0,819572,0,861236,74526,107.978932,0.055776,0.020913
spmv_static,S1,9700,3912948.0,256,interleave,none,interleave,no,-,any,5.0,150,0.223663,0.450305,12.237394,1.123308,0,8.092782,,1.376455,0.735209,0,0,320845,0,353665,81127,57.551266,0.025916,0.004281
stencil,S1,700,3920000.0,256,bind_close_il,close,interleave,no,-,any,5.0,150,0.01206,0.013502,0.03207,0.00204,0,806.511176,36082.699209,180.413496,0.881863,0,0,90569,0,113802,10498,548.722956,0.007409,0.005731
spmv_static,S1,9700,3912948.0,256,bind_close_il,close,interleave,no,-,any,5.0,150,0.01906,0.020416,0.05208,0.003894,0,178.495399,,30.359262,0.784443,0,0,132518,0,145202,27997,505.655607,0.010323,0.002126
stencil,S1,700,3920000.0,256,bind_spread_il,spread,interleave,no,-,any,5.0,150,0.01212,0.013706,0.04803,0.003578,0,794.53063,35546.698679,177.733493,0.8868,0,0,93675,0,96904,11352,470.783629,0.006453,0.00547
spmv_static,S1,9700,3912948.0,256,bind_spread_il,spread,interleave,no,-,any,5.0,150,0.02079,0.02211,0.051011,0.00401,0,164.821661,,28.033574,0.778978,0,0,141127,0,136734,27208,441.958601,0.009772,0.001982
stencil,S1,700,3920000.0,256,obs,none,first-touch,ompt,off,any,5.0,150,1.506037,1.93143,9.690825,0.784948,0,5.638236,252.250399,1.261252,0.26538,0,0,0,0,0,0,0.0,0.0,0.032536
spmv_static,S1,9700,3912948.0,256,obs,none,first-touch,ompt,off,any,5.0,150,1.503678,2.121415,32.225401,2.642746,0,1.717824,,0.292175,0.253084,0,0,0,0,0,0,0.0,0.0,0.017265
stencil,S1,700,3920000.0,256,scheduler,none,first-touch,ompt,on,any,5.0,150,1.445537,1.94589,9.547543,0.795681,0,5.596337,250.375868,1.251879,0.283851,0,0,0,0,0,0,0.0,0.0,0.033488
spmv_static,S1,9700,3912948.0,256,scheduler,none,first-touch,ompt,on,any,5.0,150,1.426576,1.947622,8.589021,0.878907,0,1.871111,,0.318247,0.286324,0,0,0,0,0,0,0.0,0.0,0.017384
stencil,S2,1800,25920000.0,8,base,none,first-touch,no,-,any,5.0,150,0.111361,0.113948,0.129632,0.003697,0,634.136081,28370.768012,141.85384,4.194721,0,0,112733,0,33467,16830,26.309675,0.002998,0.00053
spmv_static,S2,64000,25854204.0,8,base,none,first-touch,no,-,any,5.0,150,0.187402,0.194819,0.217962,0.006232,0,123.594716,,21.023099,2.095838,0,0,267758,0,82479,40028,37.480873,0.007302,0.000172
stencil,S2,1800,25920000.0,8,bind_close,close,first-touch,no,-,any,5.0,150,0.105411,0.109924,0.158902,0.01023,0,657.349764,29409.330592,147.046653,4.252929,0,0,92,0,10,53,0.034161,4e-06,2e-06
spmv_static,S2,64000,25854204.0,8,bind_close,close,first-touch,no,-,any,5.0,150,0.180752,0.185176,0.196972,0.004504,0,130.030868,,22.11787,2.186795,0,0,12,0,5,103,0.034763,6e-06,0.0
stencil,S2,1800,25920000.0,8,bind_spread,spread,first-touch,no,-,any,5.0,150,0.108991,0.11464,0.155502,0.010503,0,630.310796,28199.627669,140.998138,4.122113,0,0,73008,0,102218,79073,94.258423,0.010806,0.001676
spmv_static,S2,64000,25854204.0,8,bind_spread,spread,first-touch,no,-,any,5.0,150,0.184532,0.193187,0.217643,0.005903,0,124.638871,,21.200707,2.040199,0,0,259155,0,232477,100455,102.720647,0.019844,0.000472
stencil,S2,1800,25920000.0,8,interleave,none,interleave,no,-,any,5.0,150,0.112681,0.115949,0.132891,0.004236,0,623.196367,27881.333484,139.406667,4.222831,0,0,58349,0,82395,79868,83.41278,0.009672,0.001802
spmv_static,S2,64000,25854204.0,8,interleave,none,interleave,no,-,any,5.0,150,0.181072,0.191025,0.216403,0.007259,0,126.049208,,21.440601,2.048866,0,0,206213,0,214088,103644,99.140442,0.018938,0.000451
stencil,S2,1800,25920000.0,8,bind_close_il,close,interleave,no,-,any,5.0,150,0.105411,0.11088,0.152022,0.010098,0,651.682591,29155.785569,145.778928,4.282733,0,0,54,0,23,63700,34.254931,0.003798,0.000761
spmv_static,S2,64000,25854204.0,8,bind_close_il,close,interleave,no,-,any,5.0,150,0.176082,0.18194,0.283573,0.009941,0,132.343321,,22.511211,2.152187,0,0,14,0,10,259799,85.115,0.015486,0.000361
stencil,S2,1800,25920000.0,8,bind_spread_il,spread,interleave,no,-,any,5.0,150,0.110991,0.116212,0.161762,0.009192,0,621.784577,27818.171085,139.090855,4.2121,0,0,59541,0,65078,97098,83.179387,0.009666,0.001838
spmv_static,S2,64000,25854204.0,8,bind_spread_il,spread,interleave,no,-,any,5.0,150,0.187382,0.194661,0.224112,0.006964,0,123.694889,,21.040138,2.043604,0,0,229098,0,248071,88565,103.076986,0.020065,0.000513
stencil,S2,1800,25920000.0,8,obs,none,first-touch,ompt,off,any,5.0,150,0.130382,0.138984,0.209692,0.007307,0,519.908751,23260.323771,116.301619,3.552644,0,0,0,0,0,0,0.0,0.0,0.000705
spmv_static,S2,64000,25854204.0,8,obs,none,first-touch,ompt,off,any,5.0,150,0.203753,0.216597,0.236213,0.007611,0,111.167838,,18.909324,1.888406,0,0,0,0,0,0,0.0,0.0,0.000286
stencil,S2,1800,25920000.0,8,scheduler,none,first-touch,ompt,on,any,5.0,150,0.123281,0.13529,0.156792,0.005294,0,534.101303,23895.287797,119.476439,3.528015,0,0,0,0,0,0,0.0,0.0,0.000778
spmv_static,S2,64000,25854204.0,8,scheduler,none,first-touch,ompt,on,any,5.0,150,0.197623,0.210013,0.228652,0.006998,0,114.652677,,19.502085,1.909674,0,0,0,0,0,0,0.0,0.0,0.000225
stencil,S2,1800,25920000.0,16,base,none,first-touch,no,-,any,5.0,150,0.058241,0.060315,0.154442,0.008509,0,1198.024243,53598.697327,267.993487,3.585677,0,0,171113,0,32234,8665,40.417315,0.002438,0.000343
spmv_static,S2,64000,25854204.0,16,base,none,first-touch,no,-,any,5.0,150,0.092421,0.096437,0.160942,0.006639,0,249.681888,,42.470158,2.069408,0,0,279960,0,50685,16874,41.756071,0.004027,0.0001
stencil,S2,1800,25920000.0,16,bind_close,close,first-touch,no,-,any,5.0,150,0.05543,0.057858,0.082181,0.005803,0,1248.907524,55875.17677,279.375884,4.018221,0,0,30958,0,0,6,0.006181,0.0,2e-06
spmv_static,S2,64000,25854204.0,16,bind_close,close,first-touch,no,-,any,5.0,150,0.089791,0.093909,0.139952,0.00754,0,256.402962,,43.613393,2.115524,0,0,53707,0,1,37,0.024119,2e-06,0.0
stencil,S2,1800,25920000.0,16,bind_spread,spread,first-touch,no,-,any,5.0,150,0.064861,0.06755,0.095921,0.005059,0,1069.706468,47857.857247,239.289286,3.869367,0,0,95246,0,112487,73891,164.455877,0.011109,0.00182
spmv_static,S2,64000,25854204.0,16,bind_spread,spread,first-touch,no,-,any,5.0,150,0.097301,0.102133,0.124081,0.005558,0,235.757381,,40.10164,1.961315,0,0,317804,0,252907,81655,195.249813,0.019941,0.000475
stencil,S2,1800,25920000.0,16,interleave,none,interleave,no,-,any,5.0,150,0.058201,0.05996,0.074361,0.003128,0,1205.110719,53915.740915,269.578705,3.938798,0,0,80059,0,89835,26022,115.170369,0.006906,0.001575
spmv_static,S2,64000,25854204.0,16,interleave,none,interleave,no,-,any,5.0,150,0.094581,0.100755,0.149542,0.007348,0,238.982754,,40.650267,2.019572,0,0,157317,0,177776,64862,143.539793,0.014462,0.000358
stencil,S2,1800,25920000.0,16,bind_close_il,close,interleave,no,-,any,5.0,150,0.056031,0.05918,0.142162,0.008851,0,1220.995803,54626.427546,273.132138,4.006605,0,0,32587,0,13428,26563,40.277955,0.002384,0.00066
spmv_static,S2,64000,25854204.0,16,bind_close_il,close,interleave,no,-,any,5.0,150,0.090801,0.094845,0.119882,0.005229,0,253.872738,,43.183009,2.106372,0,0,51078,0,4383,67410,45.117784,0.004279,0.0001
stencil,S2,1800,25920000.0,16,bind_spread_il,spread,interleave,no,-,any,5.0,150,0.05953,0.062917,0.096931,0.006822,0,1148.47329,51381.825233,256.909126,3.777342,0,0,126126,0,144608,39023,173.963484,0.010945,0.00162
spmv_static,S2,64000,25854204.0,16,bind_spread_il,spread,interleave,no,-,any,5.0,150,0.097512,0.102912,0.125992,0.005816,0,233.973373,,39.798186,1.962952,0,0,208956,0,255319,90934,200.543057,0.020638,0.000483
stencil,S2,1800,25920000.0,16,obs,none,first-touch,ompt,off,any,5.0,150,0.114022,0.138171,0.266953,0.017873,0,522.96468,23397.043702,116.985219,2.239854,0,0,0,0,0,0,0.0,0.0,0.001249
spmv_static,S2,64000,25854204.0,16,obs,none,first-touch,ompt,off,any,5.0,150,0.141862,0.153786,0.175832,0.007192,0,156.57188,,26.632418,1.464661,0,0,0,0,0,0,0.0,0.0,0.000303
stencil,S2,1800,25920000.0,16,scheduler,none,first-touch,ompt,on,any,5.0,150,0.105142,0.113291,0.136182,0.005429,0,637.813716,28535.302596,142.676513,2.295812,0,0,0,0,0,0,0.0,0.0,0.001492
spmv_static,S2,64000,25854204.0,16,scheduler,none,first-touch,ompt,on,any,5.0,150,0.137891,0.148326,0.171982,0.006101,0,162.335269,,27.612754,1.485605,0,0,0,0,0,0,0.0,0.0,0.000308
stencil,S2,1800,25920000.0,32,base,none,first-touch,no,-,any,5.0,150,0.032501,0.033922,0.058931,0.003133,0,2130.171173,95302.24504,476.511225,2.895176,0,0,211012,0,33321,7056,70.946782,0.002407,0.000377
spmv_static,S2,64000,25854204.0,32,base,none,first-touch,no,-,any,5.0,150,0.088561,0.093223,0.107312,0.003785,0,258.29034,,43.93443,1.726007,0,0,334062,0,38758,12553,32.807075,0.003058,7.9e-05
stencil,S2,1800,25920000.0,32,bind_close,close,first-touch,no,-,any,5.0,150,0.02971,0.031146,0.049271,0.003366,0,2319.985693,103794.402918,518.972015,3.991692,0,0,36315,0,5,86,0.174148,5e-06,2e-06
spmv_static,S2,64000,25854204.0,32,bind_close,close,first-touch,no,-,any,5.0,150,0.047601,0.049562,0.077191,0.003654,0,485.832046,,82.638608,2.067728,0,0,81293,0,2,60,0.074563,4e-06,0.0
stencil,S2,1800,25920000.0,32,bind_spread,spread,first-touch,no,-,any,5.0,150,0.033391,0.036781,0.094121,0.006359,0,1964.559768,87892.916212,439.464581,3.568238,0,0,110805,0,88897,51148,226.946861,0.008347,0.002058
spmv_static,S2,64000,25854204.0,32,bind_spread,spread,first-touch,no,-,any,5.0,150,0.05348,0.057086,0.074931,0.003387,0,421.797716,,71.746556,1.899579,0,0,143495,0,141291,66386,216.839747,0.012379,0.000273
stencil,S2,1800,25920000.0,32,interleave,none,interleave,no,-,any,5.0,150,0.053851,0.056031,0.069961,0.002808,0,1289.632869,57697.197884,288.485989,2.481766,0,0,132719,0,151963,52709,217.725935,0.012199,0.001711
spmv_static,S2,64000,25854204.0,32,interleave,none,interleave,no,-,any,5.0,150,0.080571,0.083388,0.098021,0.003475,0,288.755532,,49.11647,1.581512,0,0,123947,0,111875,51547,116.811894,0.009741,0.000241
stencil,S2,1800,25920000.0,32,bind_close_il,close,interleave,no,-,any,5.0,150,0.0364,0.037994,0.055961,0.003139,0,1901.845331,85087.119789,425.435599,3.365819,0,0,28178,0,34345,42276,120.202334,0.004567,0.001286
spmv_static,S2,64000,25854204.0,32,bind_close_il,close,interleave,no,-,any,5.0,150,0.050581,0.053107,0.097111,0.005711,0,453.400604,,77.122115,2.005849,0,0,33815,0,67390,24068,102.647892,0.005451,0.000137
stencil,S2,1800,25920000.0,32,bind_spread_il,spread,interleave,no,-,any,5.0,150,0.032751,0.034906,0.054391,0.00359,0,2070.088537,92614.193377,463.070967,3.55669,0,0,116191,0,100463,46017,250.12572,0.008731,0.001691
spmv_static,S2,64000,25854204.0,32,bind_spread_il,spread,interleave,no,-,any,5.0,150,0.051271,0.055102,0.086591,0.004763,0,436.984138,,74.329722,1.898458,0,0,123893,0,153864,38941,208.560008,0.011492,0.000279
stencil,S2,1800,25920000.0,32,obs,none,first-touch,ompt,off,any,5.0,150,0.102671,0.120515,0.138022,0.007705,0,599.582428,26824.863761,134.124319,1.100369,0,0,0,0,0,0,0.0,0.0,0.001395
spmv_static,S2,64000,25854204.0,32,obs,none,first-touch,ompt,off,any,5.0,150,0.163832,0.192664,0.217303,0.010895,0,124.976936,,21.258211,0.820867,0,0,0,0,0,0,0.0,0.0,0.000253
stencil,S2,1800,25920000.0,32,scheduler,none,first-touch,ompt,on,any,5.0,150,0.103861,0.120533,0.160752,0.009228,0,599.495973,26820.995794,134.104979,1.202687,0,0,0,0,0,0,0.0,0.0,0.001118
spmv_static,S2,64000,25854204.0,32,scheduler,none,first-touch,ompt,on,any,5.0,150,0.147831,0.177448,0.217412,0.017807,0,135.693553,,23.081076,0.744748,0,0,0,0,0,0,0.0,0.0,0.000291
stencil,S2,1800,25920000.0,64,base,none,first-touch,no,-,any,5.0,150,0.096861,0.108909,0.158771,0.01042,0,663.475803,29683.404951,148.417025,1.308721,0,0,190492,0,20968,6852,15.225566,0.001658,0.000127
spmv_static,S2,64000,25854204.0,64,base,none,first-touch,no,-,any,5.0,150,0.096511,0.121949,0.138712,0.005869,0,197.447897,,33.585309,1.11992,0,0,241246,0,41473,12809,26.531249,0.003235,8.4e-05
stencil,S2,1800,25920000.0,64,bind_close,close,first-touch,no,-,any,5.0,150,0.01775,0.019992,0.0425,0.003759,0,3614.4159,161706.230044,808.53115,3.019457,0,0,117734,0,5052,4229,27.670604,0.000553,6.2e-05
spmv_static,S2,64000,25854204.0,64,bind_close,close,first-touch,no,-,any,5.0,150,0.026541,0.030366,0.083041,0.009425,0,792.949318,,134.878357,1.853332,0,0,129174,0,3094,2925,11.814541,0.000359,8e-06
stencil,S2,1800,25920000.0,64,bind_spread,spread,first-touch,no,-,any,5.0,150,0.02036,0.022778,0.05272,0.004264,0,3172.335406,141927.883561,709.639418,2.903802,0,0,97685,0,105618,25943,344.264056,0.007842,0.001509
spmv_static,S2,64000,25854204.0,64,bind_spread,spread,first-touch,no,-,any,5.0,150,0.03031,0.032434,0.061331,0.003851,0,742.397502,,126.279641,1.801508,0,0,97085,0,82416,35758,217.170848,0.007044,0.000199
stencil,S2,1800,25920000.0,64,interleave,none,interleave,no,-,any,5.0,150,0.067871,0.07152,0.088221,0.003929,0,1010.334314,45201.592028,226.00796,1.403175,0,0,123390,0,154936,30600,154.625383,0.011059,0.00117
spmv_static,S2,64000,25854204.0,64,interleave,none,interleave,no,-,any,5.0,150,0.049801,0.052034,0.071691,0.003764,0,462.751006,,78.712591,1.206704,0,0,146174,0,162609,25203,215.137555,0.011194,0.000298
stencil,S2,1800,25920000.0,64,bind_close_il,close,interleave,no,-,any,5.0,150,0.01928,0.021826,0.066571,0.004734,0,3310.648051,148115.886518,740.579433,2.88388,0,0,93023,0,59325,16049,205.83893,0.004493,0.000952
spmv_static,S2,64000,25854204.0,64,bind_close_il,close,interleave,no,-,any,5.0,150,0.0292,0.033157,0.083951,0.008872,0,726.201464,,123.524742,1.851431,0,0,58403,0,55639,9768,117.578822,0.003899,0.000112
stencil,S2,1800,25920000.0,64,bind_spread_il,spread,interleave,no,-,any,5.0,150,0.01996,0.021968,0.044481,0.002844,0,3289.247372,147158.436381,735.792182,2.815785,0,0,102750,0,114232,15556,352.147107,0.007736,0.001287
spmv_static,S2,64000,25854204.0,64,bind_spread_il,spread,interleave,no,-,any,5.0,150,0.03017,0.032749,0.05608,0.003822,0,735.250587,,125.063972,1.751134,0,0,77491,0,94874,44909,254.411312,0.008332,0.000244
stencil,S2,1800,25920000.0,64,obs,none,first-touch,ompt,off,any,5.0,150,0.166862,0.243953,0.335684,0.034976,0,296.199226,13251.729033,66.258645,0.566051,0,0,0,0,0,0,0.0,0.0,0.004272
spmv_static,S2,64000,25854204.0,64,obs,none,first-touch,ompt,off,any,5.0,150,0.228472,0.311156,2.025794,0.144905,0,77.384309,,13.162844,0.490524,0,0,0,0,0,0,0.0,0.0,0.00093
stencil,S2,1800,25920000.0,64,scheduler,none,first-touch,ompt,on,any,5.0,150,0.170332,0.245554,0.391745,0.034398,0,294.26816,13165.334619,65.826673,0.569255,0,0,0,0,0,0,0.0,0.0,0.003569
spmv_static,S2,64000,25854204.0,64,scheduler,none,first-touch,ompt,on,any,5.0,150,0.230292,0.290311,0.364814,0.030087,0,82.940594,,14.107952,0.498519,0,0,0,0,0,0,0.0,0.0,0.000907
stencil,S2,1800,25920000.0,128,base,none,first-touch,no,-,any,5.0,150,0.135041,0.212981,0.293233,0.029616,0,339.273012,15178.817594,75.894088,0.923542,0,0,448091,0,68106,19019,24.382713,0.005193,0.000392
spmv_static,S2,64000,25854204.0,128,base,none,first-touch,no,-,any,5.0,150,0.099161,0.105195,0.132711,0.005581,0,228.895033,,38.934375,0.826316,0,0,260606,0,65040,26631,51.941798,0.005464,0.000127
stencil,S2,1800,25920000.0,128,bind_close,close,first-touch,no,-,any,5.0,150,0.016071,0.018291,0.047121,0.003956,0,3950.450721,176740.17346,883.700867,2.13685,0,0,136996,0,101837,26046,416.730676,0.007622,0.001585
spmv_static,S2,64000,25854204.0,128,bind_close,close,first-touch,no,-,any,5.0,150,0.02007,0.024251,0.064851,0.006195,0,992.901272,,168.889599,1.500742,0,0,115253,0,72249,37719,270.281785,0.006555,0.000192
stencil,S2,1800,25920000.0,128,bind_spread,spread,first-touch,no,-,any,5.0,150,0.01569,0.018204,0.04536,0.003552,0,3969.446598,177590.034579,887.950173,2.108569,0,0,138179,0,112208,28013,459.120133,0.008358,0.001588
spmv_static,S2,64000,25854204.0,128,bind_spread,spread,first-touch,no,-,any,5.0,150,0.019871,0.023136,0.094631,0.007194,0,1040.756862,,177.029694,1.492549,0,0,126759,0,74189,34046,278.842874,0.006451,0.00021
stencil,S2,1800,25920000.0,128,interleave,none,interleave,no,-,any,5.0,150,0.145651,0.24083,0.439055,0.041763,0,300.040436,13423.581887,67.117909,0.925984,0,0,267241,0,293822,142302,107.939277,0.025995,0.00232
spmv_static,S2,64000,25854204.0,128,interleave,none,interleave,no,-,any,5.0,150,0.146062,0.161104,0.195852,0.011207,0,149.459994,,25.422707,0.828908,0,0,179805,0,224256,103771,121.362181,0.019552,0.00049
stencil,S2,1800,25920000.0,128,bind_close_il,close,interleave,no,-,any,5.0,150,0.014641,0.016772,0.04011,0.003733,0,4308.404028,192754.733301,963.773667,2.197593,0,0,103199,0,124756,11865,485.526245,0.008143,0.001567
spmv_static,S2,64000,25854204.0,128,bind_close_il,close,interleave,no,-,any,5.0,150,0.01893,0.022478,0.060781,0.00572,0,1071.230131,,182.213108,1.507782,0,0,76287,0,95514,26036,322.312687,0.007245,0.000218
stencil,S2,1800,25920000.0,128,bind_spread_il,spread,interleave,no,-,any,5.0,150,0.014911,0.01704,0.039531,0.00272,0,4240.456971,189714.833434,948.574167,2.179543,0,0,124706,0,126457,36000,568.262428,0.009683,0.001651
spmv_static,S2,64000,25854204.0,128,bind_spread_il,spread,interleave,no,-,any,5.0,150,0.01949,0.02342,0.06636,0.006193,0,1028.103576,,174.877407,1.50213,0,0,96965,0,92981,38969,335.816946,0.007865,0.00023
stencil,S2,1800,25920000.0,128,obs,none,first-touch,ompt,off,any,5.0,150,0.458205,0.607905,4.391961,0.315649,0,118.865229,5317.940321,26.589702,0.41381,0,0,0,0,0,0,0.0,0.0,0.00901
spmv_static,S2,64000,25854204.0,128,obs,none,first-touch,ompt,off,any,5.0,150,0.497826,0.65045,3.797144,0.264012,0,37.018364,,6.296715,0.406322,0,0,0,0,0,0,0.0,0.0,0.0018
stencil,S2,1800,25920000.0,128,scheduler,none,first-touch,ompt,on,any,5.0,150,0.434555,0.578468,4.24179,0.305505,0,124.914113,5588.562799,27.942814,0.388555,0,0,0,0,0,0,0.0,0.0,0.008903
spmv_static,S2,64000,25854204.0,128,scheduler,none,first-touch,ompt,on,any,5.0,150,0.456065,0.644994,5.252391,0.383283,0,37.331506,,6.34998,0.327736,0,0,0,0,0,0,0.0,0.0,0.001876
stencil,S2,1800,25920000.0,256,base,none,first-touch,no,-,any,5.0,150,0.353644,0.471122,5.341393,0.404457,0,153.376021,6861.927012,34.309635,0.794166,0,0,1082104,0,295630,82184,47.799655,0.022519,0.00178
spmv_static,S2,64000,25854204.0,256,base,none,first-touch,no,-,any,5.0,150,0.364554,0.631117,6.89249,0.630444,0,38.152381,,6.489608,0.755427,0,0,582619,0,193628,88910,26.683764,0.016841,0.000388
stencil,S2,1800,25920000.0,256,bind_close,close,first-touch,no,-,any,5.0,150,0.01703,0.018808,0.046291,0.003901,0,3841.900644,171883.725192,859.418626,1.237699,0,0,176259,0,98778,27787,401.098568,0.007544,0.000621
spmv_static,S2,64000,25854204.0,256,bind_close,close,first-touch,no,-,any,5.0,150,0.021931,0.024952,0.05319,0.004756,0,965.001073,,164.143857,0.92771,0,0,133274,0,60581,24743,203.819602,0.005086,0.000221
stencil,S2,1800,25920000.0,256,bind_spread,spread,first-touch,no,-,any,5.0,150,0.01712,0.018864,0.052821,0.004242,0,3830.590325,171377.710111,856.888551,1.342944,0,0,155212,0,93290,27501,381.663732,0.0072,0.000715
spmv_static,S2,64000,25854204.0,256,bind_spread,spread,first-touch,no,-,any,5.0,150,0.022011,0.024355,0.07583,0.005994,0,988.667055,,168.169371,0.928971,0,0,135403,0,61807,22338,205.930316,0.005015,0.000234
stencil,S2,1800,25920000.0,256,interleave,none,interleave,no,-,any,5.0,150,0.283033,0.530451,7.313435,0.620521,0,136.221453,6094.444621,30.472223,0.771681,0,0,537396,0,806853,372506,132.519826,0.070295,0.005511
spmv_static,S2,64000,25854204.0,256,interleave,none,interleave,no,-,any,5.0,150,0.343744,0.54382,12.340974,0.972425,0,44.276763,,7.531348,0.762211,0,0,381304,0,423784,285714,77.763555,0.042289,0.000969
stencil,S2,1800,25920000.0,256,bind_close_il,close,interleave,no,-,any,5.0,150,0.01695,0.018612,0.04963,0.004325,0,3882.303273,173691.308246,868.456541,1.36908,0,0,126305,0,115581,19329,432.047208,0.008041,0.000769
spmv_static,S2,64000,25854204.0,256,bind_close_il,close,interleave,no,-,any,5.0,150,0.02189,0.024153,0.054691,0.004494,0,996.902736,,169.570236,0.934052,0,0,75448,0,82630,18895,250.542854,0.006051,0.000226
stencil,S2,1800,25920000.0,256,bind_spread_il,spread,interleave,no,-,any,5.0,150,0.01763,0.019782,0.05066,0.003822,0,3652.68857,163418.520338,817.092602,1.339395,0,0,122586,0,128568,28454,473.119024,0.009359,0.000868
spmv_static,S2,64000,25854204.0,256,bind_spread_il,spread,interleave,no,-,any,5.0,150,0.02218,0.024197,0.05488,0.004176,0,995.111651,,169.265578,0.93238,0,0,78806,0,81546,19146,248.03533,0.006002,0.000233
stencil,S2,1800,25920000.0,256,obs,none,first-touch,ompt,off,any,5.0,150,1.401176,2.020002,9.606821,0.922693,0,35.771648,1600.396446,8.001982,0.281157,0,0,0,0,0,0,0.0,0.0,0.015717
spmv_static,S2,64000,25854204.0,256,obs,none,first-touch,ompt,off,any,5.0,150,1.502788,2.18006,29.606564,2.360646,0,11.044928,,1.87871,0.258129,0,0,0,0,0,0,0.0,0.0,0.004483
stencil,S2,1800,25920000.0,256,scheduler,none,first-touch,ompt,on,any,5.0,150,1.438027,1.921522,10.984647,0.856774,0,37.604989,1682.418737,8.412094,0.275423,0,0,0,0,0,0,0.0,0.0,0.016626
spmv_static,S2,64000,25854204.0,256,scheduler,none,first-touch,ompt,on,any,5.0,150,1.516127,1.976875,8.489719,0.865007,0,12.180134,,2.071805,0.272305,0,0,0,0,0,0,0.0,0.0,0.004626
stencil,S3,5000,200000000.0,8,base,none,first-touch,no,-,any,5.0,150,0.945141,0.962221,0.975711,0.005053,0,580.268847,25960.788753,129.803944,4.318537,0,0,139526,0,33620,894765,57.508679,0.055336,0.000503
spmv_static,S3,495000,199968652.0,8,base,none,first-touch,no,-,any,5.0,150,4.163488,4.425954,4.629994,0.075064,0,42.078009,,7.157352,0.918679,0,0,2307989,0,167367,13156920,179.439143,0.794189,0.002345
stencil,S3,5000,200000000.0,8,bind_close,close,first-touch,no,-,any,5.0,150,5.739796,5.809373,6.0212,0.059431,0,96.111331,4299.948154,21.499741,0.6314,0,0,7,0,0,22689,0.232791,0.001352,1.6e-05
spmv_static,S3,495000,199968652.0,8,bind_close,close,first-touch,no,-,any,5.0,150,4.714704,4.763359,4.877817,0.020944,0,39.097476,,6.650372,0.629371,0,0,9,0,0,30571,0.38254,0.001822,5e-06
stencil,S3,5000,200000000.0,8,bind_spread,spread,first-touch,no,-,any,5.0,150,0.781129,0.803772,0.83608,0.010734,0,694.657972,31078.471561,155.392358,4.494973,0,0,66183,0,108281,3904557,297.576655,0.239184,0.002036
spmv_static,S3,495000,199968652.0,8,bind_spread,spread,first-touch,no,-,any,5.0,150,4.566813,4.842167,5.414533,0.206514,0,38.461156,,6.542135,0.783279,0,0,1222213,0,1202166,150247890,1864.274154,9.027127,0.026558
stencil,S3,5000,200000000.0,8,interleave,none,interleave,no,-,any,5.0,150,0.774359,0.804016,0.842829,0.01293,0,694.447044,31069.03482,155.345174,3.982194,0,0,49868,0,64613,21919009,1629.726249,1.310326,0.011601
spmv_static,S3,495000,199968652.0,8,interleave,none,interleave,no,-,any,5.0,150,3.984076,4.144419,6.560786,0.214527,0,44.936411,,7.643558,0.797673,0,0,671317,0,1745197,134521724,1959.778058,8.122141,0.023995
stencil,S3,5000,200000000.0,8,bind_close_il,close,interleave,no,-,any,5.0,150,8.047294,8.538823,8.61671,0.088312,0,65.389179,2925.462347,14.627312,0.436853,0,0,45,0,0,191692364,1338.094871,11.425755,0.100939
spmv_static,S3,495000,199968652.0,8,bind_close_il,close,interleave,no,-,any,5.0,150,6.159982,6.208159,6.312074,0.018653,0,29.998476,,5.102657,0.482379,0,0,13,0,0,333352639,3200.524605,19.869366,0.058672
stencil,S3,5000,200000000.0,8,bind_spread_il,spread,interleave,no,-,any,5.0,150,0.776419,0.801831,0.83734,0.011685,0,696.339502,31153.701965,155.76851,4.494718,0,0,92631,0,100554,4108767,312.902698,0.250895,0.00208
spmv_static,S3,495000,199968652.0,8,bind_spread_il,spread,interleave,no,-,any,5.0,150,3.913345,4.054617,4.494952,0.114716,0,45.931668,,7.812849,0.804885,0,0,1232751,0,1253654,139011490,2061.959017,8.360454,0.024643
stencil,S3,5000,200000000.0,8,obs,none,first-touch,ompt,off,any,5.0,150,1.392806,1.45228,1.605669,0.031216,0,384.462006,17200.538963,86.002695,3.194847,0,0,0,0,0,0,0.0,0.0,0.040406
spmv_static,S3,495000,199968652.0,8,obs,none,first-touch,ompt,off,any,5.0,150,4.245919,4.640584,7.526328,0.487607,0,40.131875,,6.82632,0.843892,0,0,0,0,0,0,0.0,0.0,0.012924
stencil,S3,5000,200000000.0,8,scheduler,none,first-touch,ompt,on,any,5.0,150,1.394737,1.458302,1.68421,0.056752,0,382.874438,17129.512387,85.647562,3.193125,0,0,0,0,0,0,0.0,0.0,0.041539
spmv_static,S3,495000,199968652.0,8,scheduler,none,first-touch,ompt,on,any,5.0,150,4.163828,4.418498,7.214204,0.32187,1,42.149012,,7.169429,0.840882,0,0,0,0,0,0,0.0,0.0,0.010215
stencil,S3,5000,200000000.0,16,base,none,first-touch,no,-,any,5.0,150,0.679658,0.710446,0.756219,0.015228,0,785.91005,35161.020463,175.805102,2.53603,0,0,156778,0,12211,151682,13.750213,0.009769,0.000106
spmv_static,S3,495000,199968652.0,16,base,none,first-touch,no,-,any,5.0,150,2.042424,2.160292,2.780812,0.128673,0,86.208387,,14.663806,0.919834,0,0,3190737,0,109257,5980416,168.020247,0.362973,0.001064
stencil,S3,5000,200000000.0,16,bind_close,close,first-touch,no,-,any,5.0,150,2.458839,2.521123,2.58503,0.02,0,221.467374,9908.28261,49.541413,0.7431,0,0,15736,0,3136,31005,0.807165,0.002035,1.8e-05
spmv_static,S3,495000,199968652.0,16,bind_close,close,first-touch,no,-,any,5.0,150,2.240946,2.261608,2.296537,0.010934,0,82.346404,,14.006894,0.699366,0,0,187740,0,3633,36566,1.059444,0.002396,7e-06
stencil,S3,5000,200000000.0,16,bind_spread,spread,first-touch,no,-,any,5.0,150,0.390624,0.410305,0.498816,0.01459,0,1360.808754,60881.553048,304.407765,4.429096,0,0,120325,0,91038,1687708,258.39686,0.106022,0.001199
spmv_static,S3,495000,199968652.0,16,bind_spread,spread,first-touch,no,-,any,5.0,150,2.321748,2.424337,2.761552,0.107675,0,76.819084,,13.066712,0.8478,0,0,1582829,0,1615099,124950818,3111.744169,7.543917,0.022316
stencil,S3,5000,200000000.0,16,interleave,none,interleave,no,-,any,5.0,150,1.997213,2.023868,2.073785,0.012803,0,275.880978,12342.706039,61.71353,1.646842,0,0,107137,0,107525,63451906,1871.879642,3.788437,0.032991
spmv_static,S3,495000,199968652.0,16,interleave,none,interleave,no,-,any,5.0,150,2.184365,2.444847,3.041705,0.286855,0,76.174625,,12.957091,0.76098,0,0,821221,0,1534458,151287667,3725.758084,9.108908,0.026946
stencil,S3,5000,200000000.0,16,bind_close_il,close,interleave,no,-,any,5.0,150,3.300598,3.343076,3.40132,0.020496,0,167.015847,7472.16249,37.360812,0.56063,0,0,12181,0,11024,117023295,2086.637878,6.975789,0.061935
spmv_static,S3,495000,199968652.0,16,bind_close_il,close,interleave,no,-,any,5.0,150,2.951064,2.987867,3.026595,0.013626,0,62.330526,,10.602248,0.540315,0,0,115830,0,118380,277397304,5536.131215,16.541224,0.04871
stencil,S3,5000,200000000.0,16,bind_spread_il,spread,interleave,no,-,any,5.0,150,0.390444,0.408479,0.471345,0.011782,0,1366.890828,61153.660437,305.768302,4.44425,0,0,114487,0,131493,1796112,281.273239,0.114894,0.001107
spmv_static,S3,495000,199968652.0,16,bind_spread_il,spread,interleave,no,-,any,5.0,150,1.987453,2.072475,2.406008,0.082405,0,89.861328,,15.285161,0.855601,0,0,1589808,0,1547890,110455749,3221.238913,6.675937,0.019642
stencil,S3,5000,200000000.0,16,obs,none,first-touch,ompt,off,any,5.0,150,0.613137,0.650334,0.709148,0.017665,0,858.553551,38411.035658,192.055178,3.324225,0,0,0,0,0,0,0.0,0.0,0.017859
spmv_static,S3,495000,199968652.0,16,obs,none,first-touch,ompt,off,any,5.0,150,2.125755,2.471143,3.621302,0.281903,0,75.364035,,12.819212,0.877865,0,0,0,0,0,0,0.0,0.0,0.006593
stencil,S3,5000,200000000.0,16,scheduler,none,first-touch,ompt,on,any,5.0,150,0.582027,0.636148,0.740238,0.019548,0,877.699204,39267.597695,196.337988,3.378309,0,0,0,0,0,0,0.0,0.0,0.012343
spmv_static,S3,495000,199968652.0,16,scheduler,none,first-touch,ompt,on,any,5.0,150,2.352317,2.5171,3.733834,0.164082,0,73.988037,,12.585159,0.855962,0,0,0,0,0,0,0.0,0.0,0.015374
stencil,S3,5000,200000000.0,32,base,none,first-touch,no,-,any,5.0,150,0.376745,0.401953,0.438105,0.012325,0,1389.083327,62146.536035,310.73268,1.706072,0,0,325728,0,52592,284242,49.948305,0.020077,0.000259
spmv_static,S3,495000,199968652.0,32,base,none,first-touch,no,-,any,5.0,150,1.481547,1.539721,1.639519,0.02464,0,120.953903,,20.573921,0.820335,0,0,2591579,0,202529,11945187,470.254219,0.72406,0.00215
stencil,S3,5000,200000000.0,32,bind_close,close,first-touch,no,-,any,5.0,150,0.784309,0.820784,0.85687,0.013708,0,680.260296,30434.330478,152.171652,1.216427,0,0,75532,0,13,3323,0.242258,0.000199,2e-06
spmv_static,S3,495000,199968652.0,32,bind_close,close,first-touch,no,-,any,5.0,150,1.173254,1.199,1.227124,0.008517,0,155.325474,,26.420429,0.702026,0,0,1600480,0,0,7365,0.366129,0.000439,1e-06
stencil,S3,5000,200000000.0,32,bind_spread,spread,first-touch,no,-,any,5.0,150,0.199862,0.214316,0.268893,0.01435,0,2605.244879,116556.68284,582.783414,4.27944,0,0,148248,0,199298,1315340,421.244611,0.090279,0.000736
spmv_static,S3,495000,199968652.0,32,bind_spread,spread,first-touch,no,-,any,5.0,150,1.117223,1.164243,2.369878,0.105178,0,159.962619,,27.209195,0.791571,0,0,2363130,0,1652830,140239880,7264.346512,8.457465,0.025028
stencil,S3,5000,200000000.0,32,interleave,none,interleave,no,-,any,5.0,150,2.519979,3.03083,3.202237,0.203035,0,184.222348,8241.96835,41.209842,1.103284,0,0,173018,0,185576,26818444,531.064104,1.609565,0.013984
spmv_static,S3,495000,199968652.0,32,interleave,none,interleave,no,-,any,5.0,150,1.916972,2.169206,2.475819,0.172002,0,85.854127,,14.603547,0.698654,0,0,846710,0,1113672,181736332,5024.28517,10.89871,0.032064
stencil,S3,5000,200000000.0,32,bind_close_il,close,interleave,no,-,any,5.0,150,0.89636,0.935131,0.991951,0.016974,0,597.078428,26712.836688,133.564183,1.072763,0,0,30807,0,27914,102112714,6510.377529,6.088056,0.053794
spmv_static,S3,495000,199968652.0,32,bind_close_il,close,interleave,no,-,any,5.0,150,1.429086,1.448292,1.484427,0.010633,0,128.589627,,21.872737,0.591462,0,0,681015,0,183456,242356533,9981.76465,14.45651,0.042617
stencil,S3,5000,200000000.0,32,bind_spread_il,spread,interleave,no,-,any,5.0,150,0.200022,0.214089,0.277904,0.016198,0,2608.012918,116680.522801,583.402614,4.296088,0,0,145474,0,149414,977086,313.629529,0.067145,0.000815
spmv_static,S3,495000,199968652.0,32,bind_spread_il,spread,interleave,no,-,any,5.0,150,1.095843,1.118424,1.219934,0.02037,0,166.515795,,28.323872,0.804707,0,0,1321104,0,1165834,154450450,8293.324651,9.275453,0.027322
stencil,S3,5000,200000000.0,32,obs,none,first-touch,ompt,off,any,5.0,150,2.007393,2.056011,2.968475,0.080474,0,271.567869,12149.740774,60.748704,1.103184,0,0,0,0,0,0,0.0,0.0,0.001108
spmv_static,S3,495000,199968652.0,32,obs,none,first-touch,ompt,off,any,5.0,150,1.331846,1.424593,1.916402,0.079111,0,130.728817,,22.236607,0.778897,0,0,0,0,0,0,0.0,0.0,0.008805
stencil,S3,5000,200000000.0,32,scheduler,none,first-touch,ompt,on,any,5.0,150,1.157363,1.251015,2.282966,0.091842,0,446.314812,19967.786695,99.838933,1.166795,0,0,0,0,0,0,0.0,0.0,0.015063
spmv_static,S3,495000,199968652.0,32,scheduler,none,first-touch,ompt,on,any,5.0,150,1.425327,1.512797,2.427418,0.092279,0,123.10661,,20.940091,0.714554,0,0,0,0,0,0,0.0,0.0,0.013167
stencil,S3,5000,200000000.0,64,base,none,first-touch,no,-,any,5.0,150,0.685708,0.713605,0.750399,0.012535,0,782.430413,35005.34413,175.026721,1.055206,0,0,181220,0,35631,112626,12.383329,0.008837,8.6e-05
spmv_static,S3,495000,199968652.0,64,base,none,first-touch,no,-,any,5.0,150,0.82926,0.865032,1.775451,0.078787,0,215.292965,,36.620732,0.674089,0,0,2646776,0,337897,28888580,2013.837384,1.742034,0.005136
stencil,S3,5000,200000000.0,64,bind_close,close,first-touch,no,-,any,5.0,150,0.104731,0.11511,0.173172,0.012862,0,4850.531029,217009.084785,1085.045424,4.312099,0,0,135911,0,5,160,0.085438,1e-05,0.0
spmv_static,S3,495000,199968652.0,64,bind_close,close,first-touch,no,-,any,5.0,150,0.685178,0.716835,0.84503,0.020389,0,259.802064,,44.191606,0.635814,0,0,2645140,0,12,4203,0.350476,0.000251,1e-06
stencil,S3,5000,200000000.0,64,bind_spread,spread,first-touch,no,-,any,5.0,150,0.104842,0.112456,0.160462,0.011001,0,4965.020993,222131.279031,1110.656395,4.203195,0,0,148256,0,127973,451653,307.217061,0.034548,0.000787
spmv_static,S3,495000,199968652.0,64,bind_spread,spread,first-touch,no,-,any,5.0,150,0.684898,0.720071,0.760699,0.012316,0,258.634691,,43.993039,0.716172,0,0,1509784,0,873920,115050295,9595.750497,6.909622,0.020435
stencil,S3,5000,200000000.0,64,interleave,none,interleave,no,-,any,5.0,150,0.920621,0.984972,1.045763,0.025296,0,566.865373,25361.127473,126.805637,0.964681,0,0,196519,0,200346,28399866,1730.714657,1.704705,0.014756
spmv_static,S3,495000,199968652.0,64,interleave,none,interleave,no,-,any,5.0,150,0.90142,1.065634,1.181864,0.05931,0,174.764871,,29.727017,0.651299,0,0,1031709,0,790188,145003379,8154.745224,8.689974,0.025657
stencil,S3,5000,200000000.0,64,bind_close_il,close,interleave,no,-,any,5.0,150,0.106661,0.119175,0.165702,0.012117,0,4685.083178,209607.073228,1048.035366,3.823206,0,0,127642,0,22155,727917,375.143907,0.044708,0.000723
spmv_static,S3,495000,199968652.0,64,bind_close_il,close,interleave,no,-,any,5.0,150,0.732849,0.758506,0.82223,0.013482,0,245.529016,,41.7638,0.673153,0,0,429993,0,896771,183692056,14505.292592,11.002351,0.032504
stencil,S3,5000,200000000.0,64,bind_spread_il,spread,interleave,no,-,any,5.0,150,0.105451,0.113471,0.154842,0.010464,0,4920.631362,220145.320564,1100.726603,3.780959,0,0,138758,0,154104,712467,455.196981,0.051652,0.000894
spmv_static,S3,495000,199968652.0,64,bind_spread_il,spread,interleave,no,-,any,5.0,150,0.643188,0.663437,0.711958,0.010852,0,280.712981,,47.748494,0.765153,0,0,739685,0,691365,146991365,13268.142508,8.802577,0.025941
stencil,S3,5000,200000000.0,64,obs,none,first-touch,ompt,off,any,5.0,150,0.627207,0.705529,1.68055,0.094426,0,791.387156,35406.062016,177.03031,1.020843,0,0,0,0,0,0,0.0,0.0,0.001644
spmv_static,S3,495000,199968652.0,64,obs,none,first-touch,ompt,off,any,5.0,150,0.770209,0.879001,1.432047,0.084531,0,211.871576,,36.038764,0.669952,0,0,0,0,0,0,0.0,0.0,0.006961
stencil,S3,5000,200000000.0,64,scheduler,none,first-touch,ompt,on,any,5.0,150,0.606327,0.697663,3.455191,0.231463,0,800.309745,35805.251912,179.02626,1.002423,0,0,0,0,0,0,0.0,0.0,0.001329
spmv_static,S3,495000,199968652.0,64,scheduler,none,first-touch,ompt,on,any,5.0,150,1.080683,1.286667,3.800115,0.290524,0,144.74239,,24.620276,0.620522,0,0,0,0,0,0,0.0,0.0,0.012788
stencil,S3,5000,200000000.0,128,base,none,first-touch,no,-,any,5.0,150,0.411784,0.693274,1.042703,0.153966,0,805.376741,36031.945473,180.159727,1.047951,0,0,521842,0,178396,565888,63.99026,0.044363,0.000404
spmv_static,S3,495000,199968652.0,128,base,none,first-touch,no,-,any,5.0,150,0.710838,0.748812,0.787459,0.015326,0,248.707784,,42.3045,0.756418,0,0,1194925,0,692875,19101109,1575.580232,1.179813,0.003962
stencil,S3,5000,200000000.0,128,bind_close,close,first-touch,no,-,any,5.0,150,0.062881,0.067357,0.097601,0.006775,0,8289.38151,370860.650939,1854.303255,3.509393,0,0,188826,0,153916,321828,420.988941,0.028357,0.000552
spmv_static,S3,495000,199968652.0,128,bind_close,close,first-touch,no,-,any,5.0,150,0.360024,0.399672,0.475315,0.019011,0,465.970411,,79.260266,0.857407,0,0,658166,0,824964,52997770,8026.794324,3.208085,0.009423
stencil,S3,5000,200000000.0,128,bind_spread,spread,first-touch,no,-,any,5.0,150,0.062291,0.066495,0.087901,0.005977,0,8396.790497,375666.047675,1878.330238,3.561361,0,0,187873,0,151908,233693,345.644193,0.022984,0.000698
spmv_static,S3,495000,199968652.0,128,bind_spread,spread,first-touch,no,-,any,5.0,150,0.360965,0.401382,0.462975,0.018104,0,463.98483,,78.922524,0.860101,0,0,514361,0,655958,52337035,7869.382592,3.158629,0.009328
stencil,S3,5000,200000000.0,128,interleave,none,interleave,no,-,any,5.0,150,0.303444,0.398435,0.647477,0.062827,0,1401.34984,62695.330559,313.476653,1.025804,0,0,416549,0,400508,23755213,3613.621217,1.439793,0.012094
spmv_static,S3,495000,199968652.0,128,interleave,none,interleave,no,-,any,5.0,150,0.488606,0.514151,0.561237,0.016532,0,362.219128,,61.612463,0.729692,0,0,712412,0,913547,66215724,7782.181406,4.001216,0.012176
stencil,S3,5000,200000000.0,128,bind_close_il,close,interleave,no,-,any,5.0,150,0.062131,0.066127,0.103441,0.007427,0,8443.578466,377759.305963,1888.79653,3.48659,0,0,159490,0,173003,257215,387.783977,0.025643,0.00068
spmv_static,S3,495000,199968652.0,128,bind_close_il,close,interleave,no,-,any,5.0,150,0.324084,0.342654,0.452785,0.018818,0,543.508304,,92.449245,0.876766,0,0,401327,0,367628,57073796,9991.932599,3.423776,0.010078
stencil,S3,5000,200000000.0,128,bind_spread_il,spread,interleave,no,-,any,5.0,150,0.06189,0.066057,0.094212,0.006257,0,8452.467219,378156.982051,1890.78491,3.44866,0,0,155840,0,166312,308566,428.492582,0.028305,0.000655
spmv_static,S3,495000,199968652.0,128,bind_spread_il,spread,interleave,no,-,any,5.0,150,0.334434,0.351755,0.414645,0.012019,0,529.445377,,90.057181,0.874075,0,0,454566,0,410094,58048130,9905.706175,3.484382,0.010235
stencil,S3,5000,200000000.0,128,obs,none,first-touch,ompt,off,any,5.0,150,0.670578,0.884685,4.629094,0.386638,0,631.124821,28236.046529,141.180233,0.561593,0,0,0,0,0,0,0.0,0.0,0.002418
spmv_static,S3,495000,199968652.0,128,obs,none,first-touch,ompt,off,any,5.0,150,0.91841,1.135204,7.606669,0.593082,0,164.054474,,27.905208,0.44472,0,0,0,0,0,0,0.0,0.0,0.004996
stencil,S3,5000,200000000.0,128,scheduler,none,first-touch,ompt,on,any,5.0,150,0.727518,0.878555,5.285282,0.437792,0,635.528319,28433.05569,142.165278,0.550523,0,0,0,0,0,0,0.0,0.0,0.002372
spmv_static,S3,495000,199968652.0,128,scheduler,none,first-touch,ompt,on,any,5.0,150,0.88256,1.085338,7.015451,0.632754,0,171.591965,,29.187314,0.43762,0,0,0,0,0,0,0.0,0.0,0.005991
stencil,S3,5000,200000000.0,256,base,none,first-touch,no,-,any,5.0,150,0.544236,0.717964,1.051392,0.088688,0,777.680907,34792.854825,173.964274,1.0347,0,0,897011,0,206703,447019,54.271339,0.038965,0.000318
spmv_static,S3,495000,199968652.0,256,base,none,first-touch,no,-,any,5.0,150,0.443295,0.553157,0.90202,0.063603,0,336.677077,,57.267831,0.742122,0,0,1431012,0,1317316,16692002,1940.568414,1.073439,0.003143
stencil,S3,5000,200000000.0,256,bind_close,close,first-touch,no,-,any,5.0,150,0.110232,0.11627,0.130602,0.004313,0,4802.165235,214845.235769,1074.226179,1.363994,0,0,211620,0,147571,62173,107.52315,0.012502,0.000108
spmv_static,S3,495000,199968652.0,256,bind_close,close,first-touch,no,-,any,5.0,150,0.205753,0.222373,0.259993,0.011155,0,837.489471,,142.454621,0.721749,0,0,306503,0,268895,8065026,2233.816159,0.49674,0.001442
stencil,S3,5000,200000000.0,256,bind_spread,spread,first-touch,no,-,any,5.0,150,0.111501,0.117454,0.131112,0.004013,0,4753.753739,212679.342096,1063.39671,1.356342,0,0,206195,0,147249,78548,114.58571,0.013459,0.000107
spmv_static,S3,495000,199968652.0,256,bind_spread,spread,first-touch,no,-,any,5.0,150,0.199302,0.220997,0.275133,0.014701,0,842.70705,,143.342117,0.722967,0,0,266114,0,192385,7442922,2059.302893,0.4551,0.001262
stencil,S3,5000,200000000.0,256,interleave,none,interleave,no,-,any,5.0,150,0.624917,0.818997,2.107325,0.143901,0,681.744765,30500.744488,152.503722,0.889806,0,0,675134,0,844630,42837738,3179.09837,2.603672,0.0219
spmv_static,S3,495000,199968652.0,256,interleave,none,interleave,no,-,any,5.0,150,0.737258,0.953162,1.511088,0.172904,0,195.386926,,33.234771,0.734311,0,0,1289281,0,1363115,31486689,2054.216281,1.958001,0.005796
stencil,S3,5000,200000000.0,256,bind_close_il,close,interleave,no,-,any,5.0,150,0.114061,0.11966,0.143612,0.005087,0,4666.093632,208757.495309,1043.787477,1.376462,0,0,171479,0,179540,181317,179.748899,0.021509,0.000123
spmv_static,S3,495000,199968652.0,256,bind_close_il,close,interleave,no,-,any,5.0,150,0.234373,0.255159,0.292843,0.011419,0,729.878819,,124.15035,0.693273,0,0,185523,0,208965,14958074,3542.990731,0.904026,0.002722
stencil,S3,5000,200000000.0,256,bind_spread_il,spread,interleave,no,-,any,5.0,150,0.146142,0.158608,0.174582,0.006968,0,3520.290278,157495.120994,787.475605,1.471218,0,0,164364,0,175080,252579,160.713601,0.02549,0.000184
spmv_static,S3,495000,199968652.0,256,bind_spread_il,spread,interleave,no,-,any,5.0,150,0.318963,0.343893,0.420215,0.013477,0,541.549572,,92.11607,0.708272,0,0,191610,0,240157,14019061,2471.45369,0.849916,0.002398
stencil,S3,5000,200000000.0,256,obs,none,first-touch,ompt,off,any,5.0,150,1.590969,2.36859,27.718643,2.527812,0,235.729576,10546.36269,52.731813,0.311985,0,0,0,0,0,0,0.0,0.0,0.005287
spmv_static,S3,495000,199968652.0,256,obs,none,first-touch,ompt,off,any,5.0,150,1.860802,2.666155,33.777694,2.991457,0,69.851651,,11.881571,0.286239,0,0,0,0,0,0,0.0,0.0,0.004044
stencil,S3,5000,200000000.0,256,scheduler,none,first-touch,ompt,on,any,5.0,150,1.69578,2.5853,36.509343,3.154659,0,215.96975,9662.32306,48.311615,0.312415,0,0,0,0,0,0,0.0,0.0,0.005371
spmv_static,S3,495000,199968652.0,256,scheduler,none,first-touch,ompt,on,any,5.0,150,1.805951,3.144971,32.387726,3.569089,0,59.216867,,10.072624,0.298696,0,0,0,0,0,0,0.0,0.0,0.004592
stencil,S4,11500,1058000000.0,8,base,none,first-touch,no,-,any,5.0,150,8.140664,8.176126,8.228225,0.015568,0,361.416876,16169.517338,80.847587,2.180876,0,0,66911,0,15618,135025182,984.458766,8.049059,0.013595
spmv_static,S4,2616000,1056805672.0,8,base,none,first-touch,no,-,any,5.0,150,27.453899,44.460697,51.631979,8.602066,0,22.137012,,3.765444,0.5469,0,0,11789878,0,2242474,715262627,961.897576,42.766637,0.023769
stencil,S4,11500,1058000000.0,8,bind_close,close,first-touch,no,-,any,5.0,150,31.971441,32.05877,32.134573,0.027662,0,92.174145,4123.801448,20.619007,0.603899,0,0,13,0,0,56263,0.104606,0.003354,6e-06
spmv_static,S4,2616000,1056805672.0,8,bind_close,close,first-touch,no,-,any,5.0,150,27.982135,28.716051,29.226259,0.258107,0,34.274454,,5.82999,0.550434,0,0,6,0,0,53738,0.111542,0.003203,2e-06
stencil,S4,11500,1058000000.0,8,bind_spread,spread,first-touch,no,-,any,5.0,150,9.333588,9.374979,9.416179,0.018885,0,315.199618,14101.792205,70.508961,2.11357,0,0,42459,0,57498,1053050440,6695.49495,62.770125,0.106043
spmv_static,S4,2616000,1056805672.0,8,bind_spread,spread,first-touch,no,-,any,5.0,150,49.98237,52.560967,54.558494,1.095813,0,18.725435,,3.185145,0.471294,0,0,4279062,0,6615941,2063311625,2347.317873,123.377297,0.06861
stencil,S4,11500,1058000000.0,8,interleave,none,interleave,no,-,any,5.0,150,6.785248,6.836179,6.935001,0.025376,0,432.257522,19338.874179,96.694371,2.779651,0,0,53376,0,45016,1236839929,10784.399849,73.724088,0.124285
spmv_static,S4,2616000,1056805672.0,8,interleave,none,interleave,no,-,any,5.0,150,42.288261,43.53478,46.932525,0.567459,0,22.607832,,3.845529,0.385569,0,0,3426280,0,4126088,1053448253,1447.953634,63.036343,0.070056
stencil,S4,11500,1058000000.0,8,bind_close_il,close,interleave,no,-,any,5.0,150,46.010935,46.185828,46.309648,0.063163,0,63.980444,2862.436603,14.312183,0.422503,0,0,6,0,1,502239797,648.1604,29.935825,0.101294
spmv_static,S4,2616000,1056805672.0,8,bind_close_il,close,interleave,no,-,any,5.0,150,37.151181,37.407442,37.761428,0.14158,0,26.310994,,4.475427,0.422283,0,0,7,0,0,997346741,1589.162344,59.446498,0.066133
stencil,S4,11500,1058000000.0,8,bind_spread_il,spread,interleave,no,-,any,5.0,150,6.795369,6.846355,6.942551,0.02163,0,431.615067,19310.131215,96.550656,2.787847,0,0,27319,0,22604,618391495,5383.93827,36.860353,0.124521
spmv_static,S4,2616000,1056805672.0,8,bind_spread_il,spread,interleave,no,-,any,5.0,150,40.990937,43.680338,46.120109,1.2549,0,22.532495,,3.832715,0.402457,0,0,3819363,0,4077678,1053012970,1442.468521,63.007513,0.070055
stencil,S4,11500,1058000000.0,8,obs,none,first-touch,ompt,off,any,5.0,150,9.424444,10.071932,15.801292,1.786003,0,293.388568,13125.982356,65.629912,2.023559,0,0,0,0,0,0,0.0,0.0,0.058246
spmv_static,S4,2616000,1056805672.0,8,obs,none,first-touch,ompt,off,any,5.0,150,46.571748,50.43667,54.311226,1.710106,0,19.514115,,3.319297,0.51586,0,0,0,0,0,0,0.0,0.0,0.044974
stencil,S4,11500,1058000000.0,8,scheduler,none,first-touch,ompt,on,any,5.0,150,9.543877,10.121854,15.863134,1.718253,0,291.941562,13061.244366,65.306222,2.05874,0,0,0,0,0,0,0.0,0.0,0.058678
spmv_static,S4,2616000,1056805672.0,8,scheduler,none,first-touch,ompt,on,any,5.0,150,26.676808,30.406252,46.977218,5.875088,2,32.36923,,5.505916,0.546281,0,0,0,0,0,0,0.0,0.0,0.004039
stencil,S4,11500,1058000000.0,16,base,none,first-touch,no,-,any,5.0,150,7.046953,7.676433,8.628567,0.65484,0,384.943083,17222.061981,86.11031,1.314747,0,0,70736,0,14450,10311902,80.180279,0.615499,0.00211
spmv_static,S4,2616000,1056805672.0,16,base,none,first-touch,no,-,any,5.0,150,20.000153,22.818221,28.106379,1.733373,0,43.133378,,7.336868,0.589222,0,0,4853483,0,798829,399305130,1045.132061,23.848054,0.026531
stencil,S4,11500,1058000000.0,16,bind_close,close,first-touch,no,-,any,5.0,150,17.571251,17.62049,17.670522,0.017988,0,167.701909,7502.856413,37.514282,0.553692,0,0,11001,0,6879,66493,0.248195,0.004373,1.5e-05
spmv_static,S4,2616000,1056805672.0,16,bind_close,close,first-touch,no,-,any,5.0,150,14.3376,14.561983,14.848352,0.130596,0,67.588802,,11.496668,0.557613,0,0,593770,0,7115,79559,0.354771,0.005166,6e-06
stencil,S4,11500,1058000000.0,16,bind_spread,spread,first-touch,no,-,any,5.0,150,5.684505,5.729686,5.768667,0.013477,0,515.733324,23073.518326,115.367592,1.716224,0,0,46687,0,55166,322853798,3359.14989,19.246874,0.064949
spmv_static,S4,2616000,1056805672.0,16,bind_spread,spread,first-touch,no,-,any,5.0,150,23.37874,23.996967,24.714876,0.270096,0,41.014641,,6.976477,0.481182,0,0,3138282,0,3399336,947966637,2363.041582,56.705831,0.062916
stencil,S4,11500,1058000000.0,16,interleave,none,interleave,no,-,any,5.0,150,5.386102,6.590682,11.26599,2.185359,0,448.358732,20059.230108,100.296151,1.607282,0,0,99304,0,110090,639032076,5780.25791,38.095842,0.128133
spmv_static,S4,2616000,1056805672.0,16,interleave,none,interleave,no,-,any,5.0,150,17.558703,21.039433,24.649144,1.275367,0,46.78011,,7.957167,0.459614,0,0,2871908,0,3327352,980651748,2787.609567,58.649725,0.06525
stencil,S4,11500,1058000000.0,16,bind_close_il,close,interleave,no,-,any,5.0,150,23.38157,23.700348,23.820165,0.056673,0,124.681282,5578.146132,27.890731,0.408599,0,0,5908,0,8768,334370107,840.938456,19.930534,0.067549
spmv_static,S4,2616000,1056805672.0,16,bind_close_il,close,interleave,no,-,any,5.0,150,19.284233,19.635573,20.092722,0.200076,0,50.124689,,8.52607,0.412656,0,0,502113,0,403242,997522792,3029.248333,59.481027,0.066129
stencil,S4,11500,1058000000.0,16,bind_spread_il,spread,interleave,no,-,any,5.0,150,3.675753,3.709885,3.766863,0.014975,0,796.517784,35635.602423,178.178012,2.562977,0,0,48747,0,49477,385390782,6192.652796,22.97403,0.077584
spmv_static,S4,2616000,1056805672.0,16,bind_spread_il,spread,interleave,no,-,any,5.0,150,18.338895,20.25248,22.150726,1.124942,0,48.59785,,8.266359,0.407711,0,0,3587867,0,3741538,984601242,2908.770695,58.90982,0.065426
stencil,S4,11500,1058000000.0,16,obs,none,first-touch,ompt,off,any,5.0,150,6.482244,7.914144,16.207484,3.321834,0,373.380824,16704.775299,83.523876,1.419143,0,0,0,0,0,0,0.0,0.0,0.036183
spmv_static,S4,2616000,1056805672.0,16,obs,none,first-touch,ompt,off,any,5.0,150,21.313008,24.788194,31.498995,2.209456,0,39.705474,,6.753791,0.51737,0,0,0,0,0,0,0.0,0.0,0.036471
stencil,S4,11500,1058000000.0,16,scheduler,none,first-touch,ompt,on,any,5.0,150,6.657606,7.5272,12.614242,1.998367,0,392.574906,17563.50398,87.81752,1.413519,0,0,0,0,0,0,0.0,0.0,0.028097
spmv_static,S4,2616000,1056805672.0,16,scheduler,none,first-touch,ompt,on,any,5.0,150,14.297007,19.859645,30.438739,5.067242,6,49.559143,,8.429873,0.547052,0,0,0,0,0,0,0.0,0.0,0.011483
stencil,S4,11500,1058000000.0,32,base,none,first-touch,no,-,any,5.0,150,7.074982,8.198013,9.915813,0.91262,0,360.45195,16126.347267,80.631736,0.772881,0,0,156643,0,9733,763718,5.623469,0.046101,0.000142
spmv_static,S4,2616000,1056805672.0,32,base,none,first-touch,no,-,any,5.0,150,9.829372,11.771018,14.939056,1.036744,0,83.614428,,14.222582,0.610423,0,0,4708940,0,269224,114699205,582.163104,6.852652,0.007667
stencil,S4,11500,1058000000.0,32,bind_close,close,first-touch,no,-,any,5.0,150,9.973264,10.002486,10.046995,0.011751,0,295.425529,13217.11444,66.085572,0.484889,0,0,26145,0,8322,63752,0.429488,0.004296,1.4e-05
spmv_static,S4,2616000,1056805672.0,32,bind_close,close,first-touch,no,-,any,5.0,150,8.056106,8.175757,8.32263,0.059353,0,120.383584,,20.476914,0.504767,0,0,1126070,0,9218,85081,0.687479,0.005621,6e-06
stencil,S4,11500,1058000000.0,32,bind_spread,spread,first-touch,no,-,any,5.0,150,5.399568,5.451025,5.50024,0.021124,0,542.098043,24253.055898,121.265279,0.991763,0,0,51244,0,52813,438886265,4799.612517,26.162808,0.088115
spmv_static,S4,2616000,1056805672.0,32,bind_spread,spread,first-touch,no,-,any,5.0,150,10.40513,11.064061,12.046104,0.348836,0,88.957117,,15.131359,0.498863,0,0,1615919,0,1791772,930288836,5021.332903,55.556334,0.061704
stencil,S4,11500,1058000000.0,32,interleave,none,interleave,no,-,any,5.0,150,5.417028,6.712574,8.35675,1.005617,0,440.217081,19694.978809,98.474894,0.873986,0,0,97455,0,115290,322001627,2860.253669,19.199664,0.064657
spmv_static,S4,2616000,1056805672.0,32,interleave,none,interleave,no,-,any,5.0,150,9.157162,9.865715,14.842904,0.655315,0,99.762356,,16.9693,0.486591,0,0,2371796,0,2811866,956067382,5793.159133,57.153657,0.063531
stencil,S4,11500,1058000000.0,32,bind_close_il,close,interleave,no,-,any,5.0,150,12.245746,12.310869,12.4302,0.038624,0,240.030962,10738.803474,53.694017,0.418398,0,0,15203,0,20074,460945059,2231.821572,27.475663,0.092347
spmv_static,S4,2616000,1056805672.0,32,bind_close_il,close,interleave,no,-,any,5.0,150,9.911723,10.037724,10.280759,0.078438,0,98.052801,,16.678509,0.408054,0,0,441769,0,643424,991757733,5892.941312,59.151718,0.065726
stencil,S4,11500,1058000000.0,32,bind_spread_il,spread,interleave,no,-,any,5.0,150,2.81559,2.865398,3.037174,0.027465,0,1031.266602,46138.086767,230.690434,1.67889,0,0,42467,0,54300,366486577,7624.608787,21.847539,0.074328
spmv_static,S4,2616000,1056805672.0,32,bind_spread_il,spread,interleave,no,-,any,5.0,150,8.584384,9.20362,10.008855,0.339609,0,106.939121,,18.190048,0.450213,0,0,1658081,0,1694687,949859758,6162.473535,56.717065,0.063077
stencil,S4,11500,1058000000.0,32,obs,none,first-touch,ompt,off,any,5.0,150,6.401083,8.385271,14.57283,2.697208,0,352.402424,15766.217579,78.831088,0.912753,0,0,0,0,0,0,0.0,0.0,0.006158
spmv_static,S4,2616000,1056805672.0,32,obs,none,first-touch,ompt,off,any,5.0,150,11.244732,12.302174,16.958405,0.636867,0,80.004311,,13.608511,0.569113,0,0,0,0,0,0,0.0,0.0,0.029855
stencil,S4,11500,1058000000.0,32,scheduler,none,first-touch,ompt,on,any,5.0,150,6.184649,8.609698,15.505033,3.021479,0,343.216406,15355.242093,76.77621,0.911282,0,0,0,0,0,0,0.0,0.0,0.005588
spmv_static,S4,2616000,1056805672.0,32,scheduler,none,first-touch,ompt,on,any,5.0,150,7.416867,10.525518,17.249359,2.347329,8,93.50865,,15.905562,0.56609,0,0,0,0,0,0,0.0,0.0,0.011038
stencil,S4,11500,1058000000.0,64,base,none,first-touch,no,-,any,5.0,150,7.853103,8.616136,10.192637,0.666867,0,342.959991,15343.770242,76.718851,0.512861,0,0,196327,0,5833,1180535,8.207048,0.070713,0.000206
spmv_static,S4,2616000,1056805672.0,64,base,none,first-touch,no,-,any,5.0,150,6.332701,6.885217,7.962955,0.375167,0,142.947858,,24.315034,0.401246,0,0,7360205,0,1818584,451802634,3926.954163,27.037932,0.029962
stencil,S4,11500,1058000000.0,64,bind_close,close,first-touch,no,-,any,5.0,150,7.180924,7.224953,7.320395,0.022908,0,408.997757,18298.24991,91.49125,0.352408,0,0,46518,0,15196,94180,0.902334,0.006519,2.2e-05
spmv_static,S4,2616000,1056805672.0,64,bind_close,close,first-touch,no,-,any,5.0,150,5.748414,5.881155,6.097798,0.07538,0,167.352664,,28.466224,0.35105,0,0,2238748,0,15971,108479,1.261283,0.007418,9e-06
stencil,S4,11500,1058000000.0,64,bind_spread,spread,first-touch,no,-,any,5.0,150,5.326457,5.367826,5.415268,0.01795,0,550.50033,24628.967857,123.144839,0.584553,0,0,62470,0,59195,520233488,5777.359503,31.011861,0.104811
spmv_static,S4,2616000,1056805672.0,64,bind_spread,spread,first-touch,no,-,any,5.0,150,6.333551,6.596769,7.029421,0.128812,0,149.198341,,25.378224,0.385137,0,0,2378273,0,945490,924410212,8360.986706,55.155498,0.061276
stencil,S4,11500,1058000000.0,64,interleave,none,interleave,no,-,any,5.0,150,6.158399,7.926829,12.278287,2.004664,0,372.783353,16678.044875,83.390224,0.575699,0,0,132878,0,184118,259689059,1954.078788,15.489648,0.05245
spmv_static,S4,2616000,1056805672.0,64,interleave,none,interleave,no,-,any,5.0,150,8.078496,8.580474,9.229773,0.260082,0,114.705426,,19.511075,0.506356,0,0,2253944,0,2745686,851166718,5931.740544,50.897146,0.056313
stencil,S4,11500,1058000000.0,64,bind_close_il,close,interleave,no,-,any,5.0,150,5.457595,5.496474,5.562347,0.02263,0,537.61549,24052.509849,120.262549,0.455289,0,0,32297,0,34659,279906557,3035.727402,16.685797,0.056379
spmv_static,S4,2616000,1056805672.0,64,bind_close_il,close,interleave,no,-,any,5.0,150,5.736789,5.811422,5.938142,0.048789,0,169.360774,,28.807798,0.43643,0,0,873900,0,624302,1001238643,10275.57196,59.715685,0.066345
stencil,S4,11500,1058000000.0,64,bind_spread_il,spread,interleave,no,-,any,5.0,150,2.685542,2.750753,2.943296,0.045417,0,1074.247583,48061.023291,240.305116,0.901169,0,0,44300,0,66984,198415374,4300.811612,11.83047,0.039954
spmv_static,S4,2616000,1056805672.0,64,bind_spread_il,spread,interleave,no,-,any,5.0,150,4.395319,4.561055,4.787674,0.083992,0,215.789325,,36.705165,0.482061,0,0,1064248,0,809135,349655790,4579.935423,20.889337,0.023275
stencil,S4,11500,1058000000.0,64,obs,none,first-touch,ompt,off,any,5.0,150,5.813041,7.27669,9.910834,1.501363,0,406.089799,18168.150063,90.84075,0.656911,0,0,0,0,0,0,0.0,0.0,0.061725
spmv_static,S4,2616000,1056805672.0,64,obs,none,first-touch,ompt,off,any,5.0,150,6.248478,7.044183,8.856968,0.590522,0,139.721949,,23.766316,0.409291,0,0,0,0,0,0,0.0,0.0,0.056533
stencil,S4,11500,1058000000.0,64,scheduler,none,first-touch,ompt,on,any,5.0,150,7.166471,8.471748,13.418619,1.037542,12,348.805206,15605.280749,78.026404,0.648187,0,0,0,0,0,0,0.0,0.0,0.053605
spmv_static,S4,2616000,1056805672.0,64,scheduler,none,first-touch,ompt,on,any,5.0,150,6.185156,6.823707,10.354261,0.590536,0,144.236414,,24.534214,0.402605,0,0,0,0,0,0,0.0,0.0,0.054447
stencil,S4,11500,1058000000.0,128,base,none,first-touch,no,-,any,5.0,150,6.110766,6.864658,9.453828,0.897635,0,430.464238,19258.644006,96.29322,0.366081,0,0,336221,0,182260,154915948,1346.691065,9.244574,0.031252
spmv_static,S4,2616000,1056805672.0,128,base,none,first-touch,no,-,any,5.0,150,5.703559,6.160862,7.247883,0.368969,0,159.754761,,27.173841,0.30024,0,0,5701498,0,1487070,641570256,6221.402701,38.329203,0.042032
stencil,S4,11500,1058000000.0,128,bind_close,close,first-touch,no,-,any,5.0,150,5.09466,5.142421,5.225211,0.0234,0,574.630022,25708.512003,128.54256,0.383949,0,0,89908,0,64014,379428586,4398.613341,22.619522,0.076191
spmv_static,S4,2616000,1056805672.0,128,bind_close,close,first-touch,no,-,any,5.0,150,6.204117,6.372521,6.654314,0.100242,0,154.448616,,26.271281,0.309247,0,0,940734,0,502203,958598403,8970.837589,57.166851,0.063419
stencil,S4,11500,1058000000.0,128,bind_spread,spread,first-touch,no,-,any,5.0,150,5.112169,5.165991,5.273112,0.029074,0,572.008266,25591.21663,127.956083,0.383459,0,0,92031,0,62691,379559063,4380.034692,22.62722,0.076287
spmv_static,S4,2616000,1056805672.0,128,bind_spread,spread,first-touch,no,-,any,5.0,150,6.162046,6.330212,6.630653,0.105932,0,155.480895,,26.446869,0.308017,0,0,983234,0,522881,963235481,9074.652605,57.444475,0.063896
stencil,S4,11500,1058000000.0,128,interleave,none,interleave,no,-,any,5.0,150,5.069029,5.375212,5.659568,0.218796,0,549.743838,24595.122988,122.975615,0.438073,0,0,250267,0,284141,452405034,5019.779214,26.982377,0.091119
spmv_static,S4,2616000,1056805672.0,128,interleave,none,interleave,no,-,any,5.0,150,4.365798,4.635438,4.879397,0.110414,0,212.326658,,36.116175,0.453869,0,0,2739966,0,2855784,851993804,10992.058578,50.953006,0.056602
stencil,S4,11500,1058000000.0,128,bind_close_il,close,interleave,no,-,any,5.0,150,2.633092,2.715381,2.918915,0.045377,0,1088.2414,48687.096096,243.43548,0.509707,0,0,60427,0,95120,165568317,3636.436402,9.87431,0.032982
spmv_static,S4,2616000,1056805672.0,128,bind_close_il,close,interleave,no,-,any,5.0,150,3.479854,3.580766,4.52834,0.088176,0,274.864895,,46.753756,0.380888,0,0,1076641,0,1087651,1116128828,18596.940255,66.591291,0.073917
stencil,S4,11500,1058000000.0,128,bind_spread_il,spread,interleave,no,-,any,5.0,150,2.637891,2.709393,2.925456,0.047082,0,1090.646272,48794.688242,243.973441,0.515886,0,0,86650,0,63236,151030480,3323.95015,9.005887,0.030535
spmv_static,S4,2616000,1056805672.0,128,bind_spread_il,spread,interleave,no,-,any,5.0,150,3.473614,3.566304,3.752828,0.04891,0,275.979549,,46.943355,0.380994,0,0,1068249,0,1092495,1112066113,18604.533828,66.349423,0.073728
stencil,S4,11500,1058000000.0,128,obs,none,first-touch,ompt,off,any,5.0,150,5.842411,7.071391,14.893962,1.497362,0,417.879546,18695.614397,93.478072,0.526487,0,0,0,0,0,0,0.0,0.0,0.088521
spmv_static,S4,2616000,1056805672.0,128,obs,none,first-touch,ompt,off,any,5.0,150,6.603623,7.835507,14.633248,0.920936,0,125.61114,,21.366106,0.372425,0,0,0,0,0,0,0.0,0.0,0.060954
stencil,S4,11500,1058000000.0,128,scheduler,none,first-touch,ompt,on,any,5.0,150,5.978754,6.906121,13.867366,1.065238,0,427.879824,19143.019297,95.715096,0.486336,0,0,0,0,0,0,0.0,0.0,0.075587
spmv_static,S4,2616000,1056805672.0,128,scheduler,none,first-touch,ompt,on,any,5.0,150,6.462121,7.200377,12.687738,0.711608,0,136.691038,,23.250766,0.360589,0,0,0,0,0,0,0.0,0.0,0.059053
stencil,S4,11500,1058000000.0,256,base,none,first-touch,no,-,any,5.0,150,5.558837,7.183289,18.838103,2.978593,0,411.370008,18404.382618,92.021913,0.374496,0,0,750087,0,678015,188733283,1571.674637,11.289793,0.037815
spmv_static,S4,2616000,1056805672.0,256,base,none,first-touch,no,-,any,5.0,150,6.028434,6.200987,6.645004,0.102441,0,158.721026,,26.998006,0.218558,0,0,2540356,0,1634711,808320120,7785.384808,48.27707,0.053635
stencil,S4,11500,1058000000.0,256,bind_close,close,first-touch,no,-,any,5.0,150,5.10635,5.205056,7.748251,0.214527,0,567.715314,25399.153215,126.995766,0.251892,0,0,90805,0,60384,212115831,2429.692961,12.646688,0.042531
spmv_static,S4,2616000,1056805672.0,256,bind_close,close,first-touch,no,-,any,5.0,150,6.074185,6.305948,8.284059,0.195829,0,156.079143,,26.548629,0.22054,0,0,382392,0,193062,833977431,7884.688538,49.720436,0.054859
stencil,S4,11500,1058000000.0,256,bind_spread,spread,first-touch,no,-,any,5.0,150,5.1248,5.18813,5.413174,0.044647,0,569.567463,25482.016945,127.410085,0.251805,0,0,96587,0,60984,212136055,2437.858946,12.647929,0.042487
spmv_static,S4,2616000,1056805672.0,256,bind_spread,spread,first-touch,no,-,any,5.0,150,6.161946,6.37058,6.933548,0.185552,0,154.495665,,26.279284,0.21689,0,0,408964,0,194633,835836850,7822.107181,49.83136,0.05514
stencil,S4,11500,1058000000.0,256,interleave,none,interleave,no,-,any,5.0,150,2.874433,5.255277,17.137877,3.356616,0,562.289985,25156.428094,125.78214,0.481217,0,0,789129,0,770060,450446553,5117.638125,26.894606,0.090348
spmv_static,S4,2616000,1056805672.0,256,interleave,none,interleave,no,-,any,5.0,150,3.266308,3.460977,8.55746,0.512543,0,284.37836,,48.37197,0.274531,0,0,3087746,0,3072530,955313697,16505.244218,57.124271,0.063538
stencil,S4,11500,1058000000.0,256,bind_close_il,close,interleave,no,-,any,5.0,150,2.649461,2.71653,2.943685,0.041822,0,1087.780919,48666.494506,243.332473,0.293397,0,0,84533,0,70475,431157737,9461.778222,25.703204,0.086752
spmv_static,S4,2616000,1056805672.0,256,bind_close_il,close,interleave,no,-,any,5.0,150,3.384639,3.622483,24.01378,1.67706,0,271.699574,,46.215344,0.270343,0,0,439613,0,432359,1041474606,17143.626219,62.102495,0.069075
stencil,S4,11500,1058000000.0,256,bind_spread_il,spread,interleave,no,-,any,5.0,150,2.639671,2.698796,2.853163,0.039683,0,1094.928872,48986.288489,244.931442,0.291791,0,0,84043,0,73976,429055401,9477.598188,25.578104,0.086503
spmv_static,S4,2616000,1056805672.0,256,bind_spread_il,spread,interleave,no,-,any,5.0,150,3.437771,3.537536,3.743134,0.064206,0,278.223906,,47.325114,0.258958,0,0,426841,0,423780,1045542741,17623.697096,62.344463,0.069355
stencil,S4,11500,1058000000.0,256,obs,none,first-touch,ompt,off,any,5.0,150,5.954839,7.782976,36.676068,5.919138,0,379.673482,16986.304036,84.93152,0.313034,0,0,0,0,0,0,0.0,0.0,0.066531
spmv_static,S4,2616000,1056805672.0,256,obs,none,first-touch,ompt,off,any,5.0,150,6.560156,7.15722,20.366118,1.502498,0,137.515271,,23.390966,0.257657,0,0,0,0,0,0,0.0,0.0,0.055381
stencil,S4,11500,1058000000.0,256,scheduler,none,first-touch,ompt,on,any,5.0,150,5.962869,7.158224,34.178289,2.755688,0,412.810482,18468.828323,92.344142,0.347262,0,0,0,0,0,0,0.0,0.0,0.06942
spmv_static,S4,2616000,1056805672.0,256,scheduler,none,first-touch,ompt,on,any,5.0,150,6.60509,7.41518,33.475275,2.821345,0,132.731361,,22.577236,0.2578,0,0,0,0,0,0,0.0,0.0,0.055337
stencil,S5,23500,4418000000.0,8,base,none,first-touch,no,-,any,5.0,150,45.595468,47.235442,73.206135,5.539941,0,261.27941,11689.442932,58.447215,1.794433,0,0,38056,0,224678,1170332424,1477.082405,69.77064,0.056269
spmv_static,S5,10923000,4412955772.0,8,base,none,first-touch,no,-,any,5.0,150,416.376948,417.558213,418.401827,0.415992,0,9.842664,,1.674216,0.340521,0,0,6459532,0,1240767,14673228194,2094.717533,874.66651,0.232694
stencil,S5,23500,4418000000.0,8,bind_close,close,first-touch,no,-,any,5.0,150,133.931529,134.111036,134.324954,0.081098,0,92.025599,4117.155611,20.585778,0.603161,0,0,4,0,0,6880,0.003058,0.00041,0.0
spmv_static,S5,10923000,4412955772.0,8,bind_close,close,first-touch,no,-,any,5.0,150,444.008198,445.05081,445.784575,0.360781,0,9.234643,,1.570793,0.162335,0,0,441223,0,1,21139,0.002831,0.00126,0.0
stencil,S5,23500,4418000000.0,8,bind_spread,spread,first-touch,no,-,any,5.0,150,45.126314,45.251265,45.390937,0.062973,0,272.735987,12202.001522,61.010008,1.843569,0,0,25493,0,34423,2791400835,3676.85869,166.382507,0.134181
spmv_static,S5,10923000,4412955772.0,8,bind_spread,spread,first-touch,no,-,any,5.0,150,418.520661,419.263072,420.286697,0.331281,0,9.802641,,1.667408,0.306045,0,0,6295566,0,10732459,19977338829,2841.609406,1191.381889,0.317007
stencil,S5,23500,4418000000.0,8,interleave,none,interleave,no,-,any,5.0,150,31.236327,31.379075,40.069141,0.830317,0,393.308231,17596.312406,87.981562,2.53353,0,0,78164,0,77590,3397458303,6453.62937,202.50892,0.16332
spmv_static,S5,10923000,4412955772.0,8,interleave,none,interleave,no,-,any,5.0,150,353.3628,354.702745,357.241377,0.742988,0,11.586844,,1.970897,0.190938,0,0,11592657,0,11734262,19765614380,3323.407718,1178.82184,0.313535
stencil,S5,23500,4418000000.0,8,bind_close_il,close,interleave,no,-,any,5.0,150,192.578062,193.003874,193.295301,0.158525,0,63.945081,2860.854514,14.304273,0.423244,0,0,161,0,7,2267301094,700.201887,135.141677,0.108831
spmv_static,S5,10923000,4412955772.0,8,bind_close_il,close,interleave,no,-,any,5.0,150,615.194044,616.179196,618.518752,0.465011,0,6.669951,,1.134544,0.122684,0,0,6,0,0,19200454148,1857.310757,1144.436249,0.304399
stencil,S5,23500,4418000000.0,8,bind_spread_il,spread,interleave,no,-,any,5.0,150,31.146716,31.201517,31.708932,0.077336,0,395.546423,17696.447414,88.482237,2.540533,0,0,36570,0,40229,3380024203,6456.978992,201.46754,0.16241
spmv_static,S5,10923000,4412955772.0,8,bind_spread_il,spread,interleave,no,-,any,5.0,150,351.835593,353.036652,354.90535,0.726372,0,11.641526,,1.980198,0.1909,0,0,10722980,0,11053779,19857705905,3354.525249,1184.270363,0.314955
stencil,S5,23500,4418000000.0,8,obs,none,first-touch,ompt,off,any,5.0,150,46.178445,46.348777,46.473769,0.051245,0,266.277756,11913.065126,59.565326,1.823889,0,0,0,0,0,0,0.0,0.0,0.06869
spmv_static,S5,10923000,4412955772.0,8,obs,none,first-touch,ompt,off,any,5.0,150,414.051382,417.095998,419.840691,0.891584,0,9.853572,,1.676071,0.339682,0,0,0,0,0,0,0.0,0.0,0.231715
stencil,S5,23500,4418000000.0,8,scheduler,none,first-touch,ompt,on,any,5.0,150,39.463361,40.766473,53.947077,2.797266,2,302.740154,13544.365198,67.721826,1.89022,0,0,0,0,0,0,0.0,0.0,0.003405
spmv_static,S5,10923000,4412955772.0,8,scheduler,none,first-touch,ompt,on,any,5.0,150,266.240379,273.152835,414.22423,29.237498,4,15.046102,,2.559309,0.307319,0,0,0,0,0,0,0.0,0.0,0.008648
stencil,S5,23500,4418000000.0,16,base,none,first-touch,no,-,any,5.0,150,36.46262,39.286375,48.89397,4.542777,0,314.145766,14054.643652,70.273218,1.108411,0,0,65133,0,166244,1835907720,2785.66135,109.438536,0.088298
spmv_static,S5,10923000,4412955772.0,16,base,none,first-touch,no,-,any,5.0,150,212.974959,214.348615,214.855092,0.231875,0,19.173837,,3.261428,0.317613,0,0,8311691,0,5328872,16486711333,4585.997432,983.002198,0.261491
stencil,S5,23500,4418000000.0,16,bind_close,close,first-touch,no,-,any,5.0,150,73.410405,73.528302,73.682879,0.052374,0,167.848952,7509.435006,37.547175,0.552252,0,0,16656,0,372,14900,0.01238,0.00091,1e-06
spmv_static,S5,10923000,4412955772.0,16,bind_close,close,first-touch,no,-,any,5.0,150,229.595231,230.342814,231.038374,0.306901,0,17.842472,,3.034966,0.163081,0,0,1681730,0,30,17360,0.0045,0.001037,0.0
stencil,S5,23500,4418000000.0,16,bind_spread,spread,first-touch,no,-,any,5.0,150,36.736283,36.822995,36.946276,0.034978,0,335.16145,14994.869429,74.974347,1.169782,0,0,49798,0,66565,2488304604,4027.876592,148.31848,0.119696
spmv_static,S5,10923000,4412955772.0,16,bind_spread,spread,first-touch,no,-,any,5.0,150,213.675694,214.231307,214.485554,0.126233,0,19.184336,,3.263214,0.296818,0,0,6814981,0,11972871,19787622964,5508.755433,1180.147876,0.313918
stencil,S5,23500,4418000000.0,16,interleave,none,interleave,no,-,any,5.0,150,27.75724,28.360219,39.120223,2.103336,0,435.174656,19469.384521,97.346923,1.504616,0,0,109599,0,145338,3754524230,7891.185391,223.795746,0.180597
spmv_static,S5,10923000,4412955772.0,16,interleave,none,interleave,no,-,any,5.0,150,178.948025,179.675423,180.21232,0.295694,0,22.873943,,3.890808,0.192515,0,0,9641862,0,9948739,19735269999,6550.182152,1176.906749,0.313083
stencil,S5,23500,4418000000.0,16,bind_close_il,close,interleave,no,-,any,5.0,150,98.770511,99.002972,99.334238,0.113186,0,124.659373,5577.165955,27.88583,0.40655,0,0,6145,0,7037,2062534688,1241.751276,122.937067,0.097379
spmv_static,S5,10923000,4412955772.0,16,bind_close_il,close,interleave,no,-,any,5.0,150,311.684853,312.590915,313.657783,0.414234,0,13.147808,,2.236414,0.121797,0,0,1401310,0,1451803,19208257010,3662.895545,1144.98787,0.304571
stencil,S5,23500,4418000000.0,16,bind_spread_il,spread,interleave,no,-,any,5.0,150,19.995253,20.054062,20.164585,0.024141,0,615.418887,27533.374909,137.666875,1.980805,0,0,52773,0,44734,2444606146,7265.986677,145.712547,0.117461
spmv_static,S5,10923000,4412955772.0,16,bind_spread_il,spread,interleave,no,-,any,5.0,150,177.591298,178.269419,178.779564,0.279741,0,23.054349,,3.921495,0.191206,0,0,12485958,0,12856817,19742366327,6605.188173,1177.503058,0.313168
stencil,S5,23500,4418000000.0,16,obs,none,first-touch,ompt,off,any,5.0,150,36.488763,39.752186,48.464139,4.440893,0,310.464649,13889.95328,69.449766,1.124785,0,0,0,0,0,0,0.0,0.0,0.05847
spmv_static,S5,10923000,4412955772.0,16,obs,none,first-touch,ompt,off,any,5.0,150,213.706687,214.507738,217.466973,0.709459,0,19.159613,,3.259009,0.313683,0,0,0,0,0,0,0.0,0.0,0.264128
stencil,S5,23500,4418000000.0,16,scheduler,none,first-touch,ompt,on,any,5.0,150,36.833708,38.516338,54.517562,3.646182,5,320.426321,14335.630944,71.678155,1.111321,0,0,0,0,0,0,0.0,0.0,0.005327
spmv_static,S5,10923000,4412955772.0,16,scheduler,none,first-touch,ompt,on,any,5.0,150,143.257452,146.464493,216.098226,13.905414,5,28.060626,,4.773052,0.28372,0,0,0,0,0,0,0.0,0.0,0.004014
stencil,S5,23500,4418000000.0,32,base,none,first-touch,no,-,any,5.0,150,37.289263,37.999412,48.800163,1.556606,0,324.785244,14530.64584,72.653229,0.61491,0,0,152445,0,181866,793805180,1245.42232,47.325316,0.038247
spmv_static,S5,10923000,4412955772.0,32,base,none,first-touch,no,-,any,5.0,150,123.666473,126.148966,128.255529,1.180726,0,32.57962,,5.541723,0.251293,0,0,17977745,0,2438122,11603935909,5483.943493,691.793801,0.183981
stencil,S5,23500,4418000000.0,32,bind_close,close,first-touch,no,-,any,5.0,150,44.911352,44.975549,45.071423,0.027521,0,274.407956,12276.804145,61.384021,0.445656,0,0,48856,0,20,22893,0.030366,0.001366,1e-06
spmv_static,S5,10923000,4412955772.0,32,bind_close,close,first-touch,no,-,any,5.0,150,127.070403,127.331696,127.708831,0.128655,0,32.277001,,5.490248,0.150229,0,0,2411170,0,306,34707,0.01639,0.002087,1e-06
stencil,S5,23500,4418000000.0,32,bind_spread,spread,first-touch,no,-,any,5.0,150,36.701255,36.78107,36.926498,0.035461,0,335.543485,15011.961417,75.059807,0.665134,0,0,57107,0,73304,3757513666,6089.263759,223.969637,0.180779
spmv_static,S5,10923000,4412955772.0,32,bind_spread,spread,first-touch,no,-,any,5.0,150,123.643351,123.867673,124.275858,0.101139,0,33.179644,,5.643786,0.226148,0,0,9421783,0,4070104,19380651411,9327.852958,1155.41944,0.307266
stencil,S5,23500,4418000000.0,32,interleave,none,interleave,no,-,any,5.0,150,27.704707,29.065948,45.100319,3.171463,0,424.6085,18996.66273,94.983314,0.809033,0,0,146153,0,200765,1780317604,3651.254206,106.127165,0.086173
spmv_static,S5,10923000,4412955772.0,32,interleave,none,interleave,no,-,any,5.0,150,91.942629,92.880984,94.162526,0.862462,0,44.248942,,7.52665,0.190559,0,0,9947328,0,10191110,19287246643,12383.771928,1150.216922,0.305828
stencil,S5,23500,4418000000.0,32,bind_close_il,close,interleave,no,-,any,5.0,150,50.650316,50.746661,50.846878,0.037984,0,243.20119,10880.637058,54.403185,0.392914,0,0,39644,0,21296,2942305360,3455.918709,175.376335,0.143107
spmv_static,S5,10923000,4412955772.0,32,bind_close_il,close,interleave,no,-,any,5.0,150,158.6619,159.444966,160.187239,0.294275,0,25.7762,,4.384476,0.121044,0,0,1568384,0,1524712,19203842975,7179.462278,1144.729119,0.304227
stencil,S5,23500,4418000000.0,32,bind_spread_il,spread,interleave,no,-,any,5.0,150,18.684993,19.155047,19.644445,0.243552,0,644.302692,28825.614489,144.128072,1.035028,0,0,40725,0,68333,1928960881,6002.548627,114.979101,0.092774
spmv_static,S5,10923000,4412955772.0,32,bind_spread_il,spread,interleave,no,-,any,5.0,150,91.36092,91.774715,92.741167,0.21699,0,44.782327,,7.617377,0.189033,0,0,4222158,0,4355406,19419174471,12614.940821,1157.732599,0.307836
stencil,S5,23500,4418000000.0,32,obs,none,first-touch,ompt,off,any,5.0,150,36.262703,39.128095,71.575593,5.236014,0,315.416543,14111.497275,70.557486,0.625238,0,0,0,0,0,0,0.0,0.0,0.038696
spmv_static,S5,10923000,4412955772.0,32,obs,none,first-touch,ompt,off,any,5.0,150,124.402832,125.77751,127.814565,1.019123,0,32.675836,,5.558089,0.233835,0,0,0,0,0,0,0.0,0.0,0.252757
stencil,S5,23500,4418000000.0,32,scheduler,none,first-touch,ompt,on,any,5.0,150,37.145865,38.055926,52.146004,2.175716,6,324.302933,14509.067618,72.545338,0.593043,0,0,0,0,0,0,0.0,0.0,0.003031
spmv_static,S5,10923000,4412955772.0,32,scheduler,none,first-touch,ompt,on,any,5.0,150,104.484066,106.081456,130.906643,5.044934,4,38.742731,,6.590055,0.201111,0,0,0,0,0,0,0.0,0.0,0.002227
stencil,S5,23500,4418000000.0,64,base,none,first-touch,no,-,any,5.0,150,36.099221,38.183779,49.610454,3.556329,0,323.217052,14460.486122,72.302431,0.365165,0,0,300714,0,248744,591525691,923.756263,35.272505,0.028435
spmv_static,S5,10923000,4412955772.0,64,base,none,first-touch,no,-,any,5.0,150,96.698479,99.675136,117.528952,4.74774,0,41.232804,,7.013611,0.126566,0,0,16024295,0,964431,4722335144,2824.481657,281.530593,0.074842
stencil,S5,23500,4418000000.0,64,bind_close,close,first-touch,no,-,any,5.0,150,37.125853,37.268235,37.427606,0.056356,0,331.157306,14815.727084,74.078635,0.27585,0,0,103146,0,77,27116,0.043491,0.001621,1e-06
spmv_static,S5,10923000,4412955772.0,64,bind_close,close,first-touch,no,-,any,5.0,150,96.890487,97.105485,97.290683,0.085214,0,42.323926,,7.199208,0.098249,0,0,5173389,0,84,35224,0.021673,0.002105,1e-06
stencil,S5,23500,4418000000.0,64,bind_spread,spread,first-touch,no,-,any,5.0,150,36.932557,37.014378,37.300432,0.042111,0,333.428495,14917.338339,74.586692,0.402321,0,0,65269,0,74712,3093393526,4981.444655,184.385075,0.148848
spmv_static,S5,10923000,4412955772.0,64,bind_spread,spread,first-touch,no,-,any,5.0,150,107.24114,107.449446,107.814282,0.116589,0,38.249479,,6.506154,0.19227,0,0,5903220,0,5995876,19512809885,10827.524265,1163.411484,0.309239
stencil,S5,23500,4418000000.0,64,interleave,none,interleave,no,-,any,5.0,150,25.029768,30.170685,52.144372,7.081732,0,409.060931,18301.076249,91.505381,0.465122,0,0,236374,0,316723,2737087600,5407.965125,163.162012,0.132215
spmv_static,S5,10923000,4412955772.0,64,interleave,none,interleave,no,-,any,5.0,150,76.2785,83.838484,118.781672,8.817267,0,49.021465,,8.338445,0.200494,0,0,4618000,0,5177130,19245227975,13686.000788,1147.413558,0.305166
stencil,S5,23500,4418000000.0,64,bind_close_il,close,interleave,no,-,any,5.0,150,28.017145,28.080298,28.3714,0.074849,0,439.512728,19663.466588,98.317333,0.358642,0,0,41144,0,61641,3096968603,6573.911272,184.597388,0.149549
spmv_static,S5,10923000,4412955772.0,64,bind_close_il,close,interleave,no,-,any,5.0,150,85.155235,85.40565,86.320309,0.132648,0,48.121937,,8.185438,0.134177,0,0,1519669,0,1686756,19229567228,13421.501532,1146.272062,0.304862
stencil,S5,23500,4418000000.0,64,bind_spread_il,spread,interleave,no,-,any,5.0,150,18.348839,18.453937,18.652523,0.046286,0,668.781341,29920.770726,149.603854,0.545496,0,0,68148,0,63743,1446693760,4672.903513,86.233467,0.070192
spmv_static,S5,10923000,4412955772.0,64,bind_spread_il,spread,interleave,no,-,any,5.0,150,56.270944,56.411857,57.918774,0.135903,0,72.854991,,12.392477,0.152239,0,0,5675450,0,5371407,20863266993,22049.757709,1243.867779,0.330713
stencil,S5,23500,4418000000.0,64,obs,none,first-touch,ompt,off,any,5.0,150,36.287464,37.747554,42.292058,1.726473,0,326.952272,14627.597025,73.137985,0.395691,0,0,0,0,0,0,0.0,0.0,0.113467
spmv_static,S5,10923000,4412955772.0,64,obs,none,first-touch,ompt,off,any,5.0,150,107.785417,109.346426,117.59451,1.375906,0,37.585914,,6.393283,0.173061,0,0,0,0,0,0,0.0,0.0,0.305764
stencil,S5,23500,4418000000.0,64,scheduler,none,first-touch,ompt,on,any,5.0,150,36.163738,39.409408,47.523871,2.17229,19,313.165032,14010.766357,70.053832,0.371778,0,0,0,0,0,0,0.0,0.0,0.081521
spmv_static,S5,10923000,4412955772.0,64,scheduler,none,first-touch,ompt,on,any,5.0,150,107.55925,108.55148,115.881095,1.262857,0,37.861164,,6.440102,0.162277,0,0,0,0,0,0,0.0,0.0,0.303414
stencil,S5,23500,4418000000.0,128,base,none,first-touch,no,-,any,5.0,150,37.225241,38.469439,39.837414,0.620855,0,320.816957,14353.107678,71.765538,0.232646,0,0,690251,0,338015,1984746667,3075.695159,118.320267,0.095207
spmv_static,S5,10923000,4412955772.0,128,base,none,first-touch,no,-,any,5.0,150,96.607877,97.647244,99.822873,0.658862,0,42.089107,,7.159266,0.119298,0,0,6944758,0,1892436,6453502327,3940.423672,384.771512,0.102369
stencil,S5,23500,4418000000.0,128,bind_close,close,first-touch,no,-,any,5.0,150,38.230724,38.32692,38.466117,0.035833,0,322.009917,14406.479801,72.032399,0.277972,0,0,99863,0,69632,2911353469,4527.740286,173.53434,0.140581
spmv_static,S5,10923000,4412955772.0,128,bind_close,close,first-touch,no,-,any,5.0,150,106.798629,107.004451,107.542849,0.091288,0,38.408546,,6.533211,0.188241,0,0,2058659,0,3039606,19322808337,10765.069031,1151.910302,0.306266
stencil,S5,23500,4418000000.0,128,bind_spread,spread,first-touch,no,-,any,5.0,150,38.247031,38.33749,38.452754,0.037337,0,321.921142,14402.508082,72.01254,0.277808,0,0,97576,0,72598,2882563862,4481.736343,171.818522,0.139635
spmv_static,S5,10923000,4412955772.0,128,bind_spread,spread,first-touch,no,-,any,5.0,150,106.879395,107.08793,107.28434,0.087402,0,38.378605,,6.528118,0.189027,0,0,2369678,0,3021504,19339913672,10766.187936,1152.92878,0.306512
stencil,S5,23500,4418000000.0,128,interleave,none,interleave,no,-,any,5.0,150,25.221245,27.360618,29.077766,1.350348,0,451.073458,20180.684878,100.903424,0.372692,0,0,430933,0,395465,3348451095,7295.40574,199.60681,0.160996
spmv_static,S5,10923000,4412955772.0,128,interleave,none,interleave,no,-,any,5.0,150,71.007557,75.48732,82.799659,2.645037,0,54.444711,,9.260928,0.235227,0,0,2721559,0,2843026,19886851459,15704.865062,1185.518174,0.315521
stencil,S5,23500,4418000000.0,128,bind_close_il,close,interleave,no,-,any,5.0,150,18.279096,18.330268,18.426578,0.029759,0,673.293411,30122.637304,150.613187,0.281176,0,0,92154,0,73406,3179392370,10338.688346,189.510928,0.153673
spmv_static,S5,10923000,4412955772.0,128,bind_close_il,close,interleave,no,-,any,5.0,150,52.750901,52.98811,53.201117,0.101631,0,77.562407,,13.193198,0.118472,0,0,2921840,0,2991401,19050187159,21432.316418,1135.65794,0.302021
stencil,S5,23500,4418000000.0,128,bind_spread_il,spread,interleave,no,-,any,5.0,150,18.255936,18.323415,18.477968,0.028511,0,673.545206,30133.902396,150.669512,0.280246,0,0,82667,0,95297,3180666528,10346.770986,189.588179,0.153757
spmv_static,S5,10923000,4412955772.0,128,bind_spread_il,spread,interleave,no,-,any,5.0,150,52.932719,53.036162,53.159071,0.039606,0,77.492133,,13.181245,0.115605,0,0,3319555,0,3226954,19061822692,21426.239549,1136.365512,0.302061
stencil,S5,23500,4418000000.0,128,obs,none,first-touch,ompt,off,any,5.0,150,37.9914,39.283968,45.535385,0.925987,0,314.165018,14055.504992,70.277525,0.29645,0,0,0,0,0,0,0.0,0.0,0.119539
spmv_static,S5,10923000,4412955772.0,128,obs,none,first-touch,ompt,off,any,5.0,150,107.934407,112.45351,135.184207,8.154749,0,36.547417,,6.216637,0.202345,0,0,0,0,0,0,0.0,0.0,0.306966
stencil,S5,23500,4418000000.0,128,scheduler,none,first-touch,ompt,on,any,5.0,150,36.8656,39.793253,49.608481,1.999407,40,310.144243,13875.618561,69.378093,0.276156,0,0,0,0,0,0,0.0,0.0,0.103304
spmv_static,S5,10923000,4412955772.0,128,scheduler,none,first-touch,ompt,on,any,5.0,150,107.561111,114.484655,130.554683,9.449435,0,35.899006,,6.106344,0.23131,0,0,0,0,0,0,0.0,0.0,0.30831
stencil,S5,23500,4418000000.0,256,base,none,first-touch,no,-,any,5.0,150,39.177349,39.303185,40.75721,0.182046,0,314.01141,14048.632654,70.243163,0.191181,0,0,1129409,0,520739,1970269056,2988.771156,117.468226,0.094041
spmv_static,S5,10923000,4412955772.0,256,base,none,first-touch,no,-,any,5.0,150,107.61636,107.977173,123.514595,1.293856,0,38.062539,,6.474356,0.150025,0,0,3344579,0,9172839,19933704568,11008.698326,1188.688124,0.316084
stencil,S5,23500,4418000000.0,256,bind_close,close,first-touch,no,-,any,5.0,150,38.969913,39.121239,40.98896,0.215105,0,315.471821,14113.970345,70.569852,0.188904,0,0,141339,0,67060,2208086993,3364.316706,131.616238,0.10511
spmv_static,S5,10923000,4412955772.0,256,bind_close,close,first-touch,no,-,any,5.0,150,106.648837,106.904456,108.696274,0.329908,0,38.444472,,6.539322,0.144244,0,0,902933,0,910377,19768477309,11022.434186,1178.34733,0.313364
stencil,S5,23500,4418000000.0,256,bind_spread,spread,first-touch,no,-,any,5.0,150,38.982954,39.105884,41.395385,0.230801,0,315.595688,14119.512073,70.59756,0.18849,0,0,124317,0,67192,2215150385,3376.403837,132.037257,0.105369
spmv_static,S5,10923000,4412955772.0,256,bind_spread,spread,first-touch,no,-,any,5.0,150,106.978001,107.30375,114.861923,0.69374,0,38.301414,,6.514988,0.145002,0,0,1123417,0,1030558,19836433963,11019.233028,1182.405026,0.314379
stencil,S5,23500,4418000000.0,256,interleave,none,interleave,no,-,any,5.0,150,19.480485,20.108331,34.900807,2.424451,0,613.757973,27459.066901,137.295335,0.163577,0,0,607429,0,572038,3792644103,11243.76263,226.093301,0.181808
spmv_static,S5,10923000,4412955772.0,256,interleave,none,interleave,no,-,any,5.0,150,51.748167,55.416968,85.175354,4.655876,0,74.162941,,12.614956,0.100546,0,0,8156315,0,8755142,19788703593,21293.487138,1180.020495,0.314246
stencil,S5,23500,4418000000.0,256,bind_close_il,close,interleave,no,-,any,5.0,150,19.423694,19.845313,23.253134,0.430071,0,621.892354,27822.992956,139.114965,0.157941,0,0,81310,0,88617,3786238327,11372.089344,225.682673,0.181549
spmv_static,S5,10923000,4412955772.0,256,bind_close_il,close,interleave,no,-,any,5.0,150,52.436006,53.626543,78.513827,3.029477,0,76.639013,,13.036131,0.077936,0,0,1125779,0,1036138,19809546916,22018.998423,1180.802766,0.3145
stencil,S5,23500,4418000000.0,256,bind_spread_il,spread,interleave,no,-,any,5.0,150,19.10902,19.33583,35.539545,1.351981,0,638.278697,28556.105516,142.780528,0.14317,0,0,88223,0,87110,3817651451,11768.563893,227.554951,0.183123
spmv_static,S5,10923000,4412955772.0,256,bind_spread_il,spread,interleave,no,-,any,5.0,150,52.73897,52.918305,53.268257,0.081096,0,77.664719,,13.210601,0.071353,0,0,1021890,0,975963,19768759886,22267.683793,1178.368083,0.313849
stencil,S5,23500,4418000000.0,256,obs,none,first-touch,ompt,off,any,5.0,150,39.597172,40.233588,46.201606,0.851697,0,306.74988,13723.757342,68.618787,0.219276,0,0,0,0,0,0,0.0,0.0,0.094971
spmv_static,S5,10923000,4412955772.0,256,obs,none,first-touch,ompt,off,any,5.0,150,107.529614,108.474513,110.300059,0.401485,0,37.888028,,6.444672,0.150803,0,0,0,0,0,0,0.0,0.0,0.315354
stencil,S5,23500,4418000000.0,256,scheduler,none,first-touch,ompt,on,any,5.0,150,39.564907,40.299982,56.262634,1.87309,0,306.244517,13701.147746,68.505739,0.220784,0,0,0,0,0,0,0.0,0.0,0.098428
spmv_static,S5,10923000,4412955772.0,256,scheduler,none,first-touch,ompt,on,any,5.0,150,107.497863,108.176079,109.949515,0.307379,0,37.992552,,6.462451,0.149368,0,0,0,0,0,0,0.0,0.0,0.314682
