0.100129428,136634,,rD044,95663804,100.00,,
0.100129428,925574,,rFF44,95669684,100.00,,
0.100129428,1442958764,,instructions,95674574,100.00,4.07,insn per cycle
0.100129428,354942421,,cycles,95679604,100.00,,
0.200423878,104999,,rD044,100289585,100.00,,
0.200423878,719720,,rFF44,100290585,100.00,,
0.200423878,1652327762,,instructions,100290275,100.00,4.39,insn per cycle
0.200423878,376084690,,cycles,100289735,100.00,,
0.300636687,108932,,rD044,100211765,100.00,,
0.300636687,698050,,rFF44,100211375,100.00,,
0.300636687,1653582311,,instructions,100211355,100.00,4.40,insn per cycle
0.300636687,375790395,,cycles,100211255,100.00,,
0.400849986,110934,,rD044,100211745,100.00,,
0.400849986,676944,,rFF44,100211165,100.00,,
0.400849986,1651847957,,instructions,100211075,100.00,4.40,insn per cycle
0.400849986,375790450,,cycles,100211465,100.00,,
0.501060705,102996,,rD044,100210724,100.00,,
0.501060705,715403,,rFF44,100210625,100.00,,
0.501060705,1648502469,,instructions,100211255,100.00,4.39,insn per cycle
0.501060705,375788221,,cycles,100210485,100.00,,
0.601270323,112818,,rD044,100194675,100.00,,
0.601270323,690150,,rFF44,100194544,100.00,,
0.601270323,1652382388,,instructions,100194004,100.00,4.40,insn per cycle
0.601270323,375705819,,cycles,100194274,100.00,,
0.701481892,112082,,rD044,100210695,100.00,,
0.701481892,720253,,rFF44,100210875,100.00,,
0.701481892,1654007955,,instructions,100210955,100.00,4.40,insn per cycle
0.701481892,375792126,,cycles,100211705,100.00,,
0.801693781,104232,,rD044,100211995,100.00,,
0.801693781,720093,,rFF44,100212315,100.00,,
0.801693781,1652510163,,instructions,100212355,100.00,4.40,insn per cycle
0.801693781,375792994,,cycles,100211765,100.00,,
0.901906080,117649,,rD044,100211245,100.00,,
0.901906080,703444,,rFF44,100211755,100.00,,
0.901906080,1655003869,,instructions,100212305,100.00,4.40,insn per cycle
0.901906080,375792236,,cycles,100211935,100.00,,
1.002111519,80378,,rD044,100204394,100.00,,
1.002111519,699606,,rFF44,100203354,100.00,,
1.002111519,1657836277,,instructions,100202575,100.00,4.41,insn per cycle
1.002111519,375757763,,cycles,100202555,100.00,,
1.102322447,104701,,rD044,100210655,100.00,,
1.102322447,713022,,rFF44,100210925,100.00,,
1.102322447,1646059571,,instructions,100211274,100.00,4.38,insn per cycle
1.102322447,375792035,,cycles,100211504,100.00,,
1.202533356,115840,,rD044,100211165,100.00,,
1.202533356,705119,,rFF44,100210775,100.00,,
1.202533356,1648136793,,instructions,100210245,100.00,4.39,insn per cycle
1.202533356,375788032,,cycles,100210635,100.00,,
1.302743395,108207,,rD044,100208455,100.00,,
1.302743395,733488,,rFF44,100208625,100.00,,
1.302743395,1650152675,,instructions,100209285,100.00,4.39,insn per cycle
1.302743395,375780384,,cycles,100208775,100.00,,
1.402973464,108892,,rD044,100229085,100.00,,
1.402973464,708202,,rFF44,100229335,100.00,,
1.402973464,1638296570,,instructions,100229085,100.00,4.36,insn per cycle
1.402973464,375861756,,cycles,100230295,100.00,,
1.503169993,115500,,rD044,100196214,100.00,,
1.503169993,687049,,rFF44,100196415,100.00,,
1.503169993,1636041804,,instructions,100196015,100.00,4.35,insn per cycle
1.503169993,375731505,,cycles,100195335,100.00,,
1.603380422,105179,,rD044,100186525,100.00,,
1.603380422,734567,,rFF44,100186224,100.00,,
1.603380422,1639637044,,instructions,100186064,100.00,4.36,insn per cycle
1.603380422,375658092,,cycles,100185874,100.00,,
1.703599270,114616,,rD044,100207595,100.00,,
1.703599270,706461,,rFF44,100207775,100.00,,
1.703599270,1643293756,,instructions,100208185,100.00,4.37,insn per cycle
1.703599270,375759027,,cycles,100208055,100.00,,
1.803809649,106859,,rD044,100229295,100.00,,
1.803809649,726284,,rFF44,100229145,100.00,,
1.803809649,1655031428,,instructions,100229285,100.00,4.40,insn per cycle
1.803809649,375856342,,cycles,100228835,100.00,,
1.904040388,98972,,rD044,100210675,100.00,,
1.904040388,727187,,rFF44,100210555,100.00,,
1.904040388,1643382674,,instructions,100210305,100.00,4.37,insn per cycle
1.904040388,375785284,,cycles,100210305,100.00,,
2.004248897,84597,,rD044,100208405,100.00,,
2.004248897,674075,,rFF44,100208625,100.00,,
2.004248897,1648560324,,instructions,100209335,100.00,4.39,insn per cycle
2.004248897,375784868,,cycles,100209585,100.00,,
2.104481736,104147,,rD044,100231774,100.00,,
2.104481736,736530,,rFF44,100232725,100.00,,
2.104481736,1648301332,,instructions,100232595,100.00,4.39,insn per cycle
2.104481736,375870639,,cycles,100232455,100.00,,
2.204694775,102202,,rD044,100212875,100.00,,
2.204694775,712770,,rFF44,100211784,100.00,,
2.204694775,1652334055,,instructions,100211224,100.00,4.40,insn per cycle
2.204694775,375781055,,cycles,100211444,100.00,,
2.304911604,109551,,rD044,100204815,100.00,,
2.304911604,712132,,rFF44,100205085,100.00,,
2.304911604,1656010761,,instructions,100206105,100.00,4.41,insn per cycle
2.304911604,375753676,,cycles,100206325,100.00,,
2.405123143,99661,,rD044,100211085,100.00,,
2.405123143,706097,,rFF44,100210665,100.00,,
2.405123143,1646534518,,instructions,100209865,100.00,4.38,insn per cycle
2.405123143,375787733,,cycles,100210545,100.00,,
2.505337582,106482,,rD044,100213825,100.00,,
2.505337582,707697,,rFF44,100213765,100.00,,
2.505337582,1643553449,,instructions,100214545,100.00,4.37,insn per cycle
2.505337582,375801361,,cycles,100214185,100.00,,
2.605551420,110455,,rD044,100186395,100.00,,
2.605551420,717569,,rFF44,100186695,100.00,,
2.605551420,1654137420,,instructions,100185675,100.00,4.40,insn per cycle
2.605551420,375673417,,cycles,100185225,100.00,,
2.705762889,97669,,rD044,100211474,100.00,,
2.705762889,727783,,rFF44,100211594,100.00,,
2.705762889,1655765510,,instructions,100211304,100.00,4.41,insn per cycle
2.705762889,375791394,,cycles,100211394,100.00,,
2.806013949,109624,,rD044,100250145,100.00,,
2.806013949,705279,,rFF44,100250485,100.00,,
2.806013949,1652414976,,instructions,100250975,100.00,4.40,insn per cycle
2.806013949,375938740,,cycles,100251035,100.00,,
2.906225117,108086,,rD044,100210615,100.00,,
2.906225117,720288,,rFF44,100210165,100.00,,
2.906225117,1663405785,,instructions,100210635,100.00,4.43,insn per cycle
2.906225117,375788170,,cycles,100210675,100.00,,
3.006436156,67407,,rD044,100210225,100.00,,
3.006436156,683000,,rFF44,100210075,100.00,,
3.006436156,1673254719,,instructions,100209735,100.00,4.45,insn per cycle
3.006436156,375784744,,cycles,100209745,100.00,,
3.106649255,111056,,rD044,100212725,100.00,,
3.106649255,704943,,rFF44,100213235,100.00,,
3.106649255,1668654809,,instructions,100213005,100.00,4.44,insn per cycle
3.106649255,375794937,,cycles,100212455,100.00,,
3.206863234,104238,,rD044,100213325,100.00,,
3.206863234,735355,,rFF44,100213655,100.00,,
3.206863234,1675724049,,instructions,100214005,100.00,4.46,insn per cycle
3.206863234,375804204,,cycles,100214735,100.00,,
3.307079023,100710,,rD044,100214804,100.00,,
3.307079023,710948,,rFF44,100214474,100.00,,
3.307079023,1678780050,,instructions,100213944,100.00,4.47,insn per cycle
3.307079023,375797459,,cycles,100213354,100.00,,
3.407289322,107878,,rD044,100209995,100.00,,
3.407289322,713085,,rFF44,100209735,100.00,,
3.407289322,1680282726,,instructions,100209815,100.00,4.47,insn per cycle
3.407289322,375786473,,cycles,100210195,100.00,,
3.507501870,99803,,rD044,100211705,100.00,,
3.507501870,709214,,rFF44,100211505,100.00,,
3.507501870,1683594111,,instructions,100212375,100.00,4.48,insn per cycle
3.507501870,375795009,,cycles,100212505,100.00,,
3.607715119,105871,,rD044,100199185,100.00,,
3.607715119,714687,,rFF44,100199425,100.00,,
3.607715119,1680259477,,instructions,100199165,100.00,4.47,insn per cycle
3.607715119,375724350,,cycles,100198825,100.00,,
3.707927718,110061,,rD044,100212645,100.00,,
3.707927718,724518,,rFF44,100212635,100.00,,
3.707927718,1679922262,,instructions,100212225,100.00,4.47,insn per cycle
3.707927718,375793069,,cycles,100211975,100.00,,
3.808141917,97506,,rD044,100212964,100.00,,
3.808141917,736926,,rFF44,100213164,100.00,,
3.808141917,1681940545,,instructions,100212925,100.00,4.48,insn per cycle
3.808141917,375798511,,cycles,100213415,100.00,,
3.908355966,109673,,rD044,100213585,100.00,,
3.908355966,716094,,rFF44,100213475,100.00,,
3.908355966,1681706030,,instructions,100213434,100.00,4.48,insn per cycle
3.908355966,375796487,,cycles,100213104,100.00,,
4.008605215,77598,,rD044,100248155,100.00,,
4.008605215,698925,,rFF44,100248005,100.00,,
4.008605215,1682967426,,instructions,100247965,100.00,4.48,insn per cycle
4.008605215,375931428,,cycles,100248645,100.00,,
4.108837384,97072,,rD044,100231545,100.00,,
4.108837384,727332,,rFF44,100231755,100.00,,
4.108837384,1668416432,,instructions,100232295,100.00,4.44,insn per cycle
4.108837384,375870377,,cycles,100232595,100.00,,
4.209052403,109608,,rD044,100214695,100.00,,
4.209052403,709684,,rFF44,100214325,100.00,,
4.209052403,1672386566,,instructions,100213965,100.00,4.45,insn per cycle
4.209052403,375800925,,cycles,100214055,100.00,,
4.309265692,103956,,rD044,100212385,100.00,,
4.309265692,734494,,rFF44,100212375,100.00,,
4.309265692,1677560516,,instructions,100211865,100.00,4.46,insn per cycle
4.309265692,375788750,,cycles,100211035,100.00,,
4.409474211,100231,,rD044,100208035,100.00,,
4.409474211,719346,,rFF44,100208495,100.00,,
4.409474211,1679357159,,instructions,100209065,100.00,4.47,insn per cycle
4.409474211,375781129,,cycles,100208785,100.00,,
4.509685839,107801,,rD044,100197284,100.00,,
4.509685839,682843,,rFF44,100197074,100.00,,
4.509685839,1681678061,,instructions,100197494,100.00,4.48,insn per cycle
4.509685839,375719741,,cycles,100198134,100.00,,
4.609899838,96751,,rD044,100213355,100.00,,
4.609899838,741300,,rFF44,100213385,100.00,,
4.609899838,1681620609,,instructions,100213015,100.00,4.47,insn per cycle
4.609899838,375796692,,cycles,100212725,100.00,,
4.710111677,100993,,rD044,100210865,100.00,,
4.710111677,714541,,rFF44,100210675,100.00,,
4.710111677,1678498933,,instructions,100210805,100.00,4.47,insn per cycle
4.710111677,375786426,,cycles,100210405,100.00,,
4.810322766,105866,,rD044,100210955,100.00,,
4.810322766,716902,,rFF44,100211025,100.00,,
4.810322766,1678532245,,instructions,100211425,100.00,4.47,insn per cycle
4.810322766,375793303,,cycles,100211825,100.00,,
4.910534795,94191,,rD044,100211165,100.00,,
4.910534795,731514,,rFF44,100210785,100.00,,
4.910534795,1681487948,,instructions,100209945,100.00,4.47,insn per cycle
4.910534795,375785261,,cycles,100209895,100.00,,
5.010745704,76356,,rD044,100210114,100.00,,
5.010745704,679782,,rFF44,100210494,100.00,,
5.010745704,1685060668,,instructions,100211044,100.00,4.48,insn per cycle
5.010745704,375790557,,cycles,100211294,100.00,,
5.111008483,105029,,rD044,100262375,100.00,,
5.111008483,731201,,rFF44,100262265,100.00,,
5.111008483,1678643513,,instructions,100261636,100.00,4.46,insn per cycle
5.111008483,375979386,,cycles,100262486,100.00,,
5.211221392,93888,,rD044,100211895,100.00,,
5.211221392,726587,,rFF44,100212085,100.00,,
5.211221392,1681234397,,instructions,100212634,100.00,4.47,insn per cycle
5.211221392,375794545,,cycles,100212364,100.00,,
5.311434191,106968,,rD044,100212755,100.00,,
5.311434191,709508,,rFF44,100212645,100.00,,
5.311434191,1681750570,,instructions,100212405,100.00,4.48,insn per cycle
5.311434191,375790692,,cycles,100211345,100.00,,
5.411644340,101477,,rD044,100209745,100.00,,
5.411644340,729488,,rFF44,100209685,100.00,,
5.411644340,1678550871,,instructions,100211085,100.00,4.47,insn per cycle
5.411644340,375791643,,cycles,100211795,100.00,,
5.511841238,92116,,rD044,100195665,100.00,,
5.511841238,680598,,rFF44,100196375,100.00,,
5.511841238,1682044415,,instructions,100195385,100.00,4.48,insn per cycle
5.511841238,375731925,,cycles,100195455,100.00,,
5.612052417,109348,,rD044,100189394,100.00,,
5.612052417,713012,,rFF44,100189054,100.00,,
5.612052417,1670767744,,instructions,100189034,100.00,4.45,insn per cycle
5.612052417,375673481,,cycles,100188714,100.00,,
5.712265326,96260,,rD044,100212285,100.00,,
5.712265326,737444,,rFF44,100211575,100.00,,
5.712265326,1679087337,,instructions,100210925,100.00,4.47,insn per cycle
5.712265326,375787575,,cycles,100210505,100.00,,
5.812476765,100008,,rD044,100211105,100.00,,
5.812476765,712758,,rFF44,100211005,100.00,,
5.812476765,1681558068,,instructions,100211095,100.00,4.47,insn per cycle
5.812476765,375788144,,cycles,100210865,100.00,,
5.912717314,108715,,rD044,100239755,100.00,,
5.912717314,718518,,rFF44,100239895,100.00,,
5.912717314,1681162502,,instructions,100240555,100.00,4.47,insn per cycle
5.912717314,375894680,,cycles,100241165,100.00,,
6.012930643,65190,,rD044,100212135,100.00,,
6.012930643,697966,,rFF44,100212005,100.00,,
6.012930643,1685706533,,instructions,100211835,100.00,4.49,insn per cycle
6.012930643,375791569,,cycles,100211575,100.00,,
6.113140821,101688,,rD044,100209845,100.00,,
6.113140821,708627,,rFF44,100210465,100.00,,
6.113140821,1681025126,,instructions,100210235,100.00,4.47,insn per cycle
6.113140821,375785395,,cycles,100210135,100.00,,
6.213353390,108316,,rD044,100212064,100.00,,
6.213353390,727820,,rFF44,100211544,100.00,,
6.213353390,1684433330,,instructions,100211224,100.00,4.48,insn per cycle
6.213353390,375791585,,cycles,100211354,100.00,,
6.313565959,97640,,rD044,100211735,100.00,,
6.313565959,741497,,rFF44,100212105,100.00,,
6.313565959,1686594226,,instructions,100212935,100.00,4.49,insn per cycle
6.313565959,375796924,,cycles,100213005,100.00,,
6.413777148,108513,,rD044,100210835,100.00,,
6.413777148,687421,,rFF44,100210755,100.00,,
6.413777148,1688267856,,instructions,100209725,100.00,4.49,insn per cycle
6.413777148,375785266,,cycles,100209885,100.00,,
6.514026037,100274,,rD044,100248295,100.00,,
6.514026037,744395,,rFF44,100248695,100.00,,
6.514026037,1687977324,,instructions,100249075,100.00,4.49,insn per cycle
6.514026037,375930685,,cycles,100248665,100.00,,
6.614236556,101627,,rD044,100195995,100.00,,
6.614236556,732528,,rFF44,100196135,100.00,,
6.614236556,1687016974,,instructions,100196005,100.00,4.49,insn per cycle
6.614236556,375711865,,cycles,100195755,100.00,,
6.714446825,106975,,rD044,100210185,100.00,,
6.714446825,729450,,rFF44,100210345,100.00,,
6.714446825,1686525296,,instructions,100210525,100.00,4.49,insn per cycle
6.714446825,375791258,,cycles,100211485,100.00,,
6.814663164,66246,,rD044,100204064,100.00,,
6.814663164,713380,,rFF44,100203244,100.00,,
6.814663164,1690405400,,instructions,100202974,100.00,4.50,insn per cycle
6.814663164,375736511,,cycles,100201824,100.00,,
6.914870622,110703,,rD044,100206815,100.00,,
6.914870622,728259,,rFF44,100207265,100.00,,
6.914870622,1685999704,,instructions,100207705,100.00,4.49,insn per cycle
6.914870622,375777465,,cycles,100207795,100.00,,
7.015080691,103114,,rD044,100209635,100.00,,
7.015080691,748242,,rFF44,100209635,100.00,,
7.015080691,1688732237,,instructions,100209305,100.00,4.49,insn per cycle
7.015080691,375783019,,cycles,100209295,100.00,,
7.115290870,97747,,rD044,100209275,100.00,,
7.115290870,736404,,rFF44,100208635,100.00,,
7.115290870,1687902095,,instructions,100209015,100.00,4.49,insn per cycle
7.115290870,375781410,,cycles,100208865,100.00,,
7.215500909,111966,,rD044,100210085,100.00,,
7.215500909,691571,,rFF44,100210225,100.00,,
7.215500909,1687832837,,instructions,100209835,100.00,4.49,insn per cycle
7.215500909,375789728,,cycles,100210865,100.00,,
7.315712968,96996,,rD044,100210944,100.00,,
7.315712968,756030,,rFF44,100210744,100.00,,
7.315712968,1686183150,,instructions,100211124,100.00,4.49,insn per cycle
7.315712968,375777747,,cycles,100210584,100.00,,
7.415928537,99762,,rD044,100214915,100.00,,
7.415928537,728156,,rFF44,100215615,100.00,,
7.415928537,1687956182,,instructions,100215465,100.00,4.49,insn per cycle
7.415928537,375806681,,cycles,100215375,100.00,,
7.516140355,105144,,rD044,100196465,100.00,,
7.516140355,735123,,rFF44,100195865,100.00,,
7.516140355,1688708218,,instructions,100196705,100.00,4.49,insn per cycle
7.516140355,375715149,,cycles,100196655,100.00,,
7.616351574,65400,,rD044,100210745,100.00,,
7.616351574,714520,,rFF44,100210805,100.00,,
7.616351574,1693028268,,instructions,100209795,100.00,4.51,insn per cycle
7.616351574,375786752,,cycles,100210065,100.00,,
7.716561663,107849,,rD044,100209455,100.00,,
7.716561663,726384,,rFF44,100209135,100.00,,
7.716561663,1688990765,,instructions,100209475,100.00,4.49,insn per cycle
7.716561663,375784258,,cycles,100209855,100.00,,
7.816773342,99114,,rD044,100211014,100.00,,
7.816773342,747993,,rFF44,100211204,100.00,,
7.816773342,1688837250,,instructions,100210954,100.00,4.49,insn per cycle
7.816773342,375785922,,cycles,100210054,100.00,,
7.917042731,96384,,rD044,100269285,100.00,,
7.917042731,732441,,rFF44,100269475,100.00,,
7.917042731,1689036901,,instructions,100269596,100.00,4.49,insn per cycle
7.917042731,376009679,,cycles,100269716,100.00,,
8.017252000,109235,,rD044,100208275,100.00,,
8.017252000,694356,,rFF44,100208385,100.00,,
8.017252000,1690514983,,instructions,100207784,100.00,4.50,insn per cycle
8.017252000,375783154,,cycles,100209124,100.00,,
8.117463809,97509,,rD044,100211195,100.00,,
8.117463809,751072,,rFF44,100210835,100.00,,
8.117463809,1688266871,,instructions,100212325,100.00,4.49,insn per cycle
8.117463809,375788856,,cycles,100211055,100.00,,
8.217674948,103655,,rD044,100210535,100.00,,
8.217674948,725868,,rFF44,100210725,100.00,,
8.217674948,1684155865,,instructions,100209565,100.00,4.48,insn per cycle
8.217674948,375787395,,cycles,100210455,100.00,,
8.317884407,102555,,rD044,100208755,100.00,,
8.317884407,732475,,rFF44,100208895,100.00,,
8.317884407,1684671508,,instructions,100209795,100.00,4.48,insn per cycle
8.317884407,375784831,,cycles,100209785,100.00,,
8.418096096,65952,,rD044,100211514,100.00,,
8.418096096,703570,,rFF44,100211554,100.00,,
8.418096096,1687730839,,instructions,100210805,100.00,4.49,insn per cycle
8.418096096,375786852,,cycles,100210295,100.00,,
8.518308074,107472,,rD044,100211295,100.00,,
8.518308074,720162,,rFF44,100211235,100.00,,
8.518308074,1683838598,,instructions,100211374,100.00,4.48,insn per cycle
8.518308074,375791391,,cycles,100211534,100.00,,
8.618518723,96440,,rD044,100197375,100.00,,
8.618518723,748909,,rFF44,100197275,100.00,,
8.618518723,1686804010,,instructions,100196915,100.00,4.49,insn per cycle
8.618518723,375712658,,cycles,100196245,100.00,,
8.718728772,97321,,rD044,100209445,100.00,,
8.718728772,726857,,rFF44,100209905,100.00,,
8.718728772,1679680513,,instructions,100210565,100.00,4.47,insn per cycle
8.718728772,375790686,,cycles,100211125,100.00,,
8.818976501,108823,,rD044,100247725,100.00,,
8.818976501,689855,,rFF44,100246995,100.00,,
8.818976501,1657023790,,instructions,100246745,100.00,4.41,insn per cycle
8.818976501,375921775,,cycles,100246505,100.00,,
8.919186380,93940,,rD044,100209195,100.00,,
8.919186380,749083,,rFF44,100209695,100.00,,
8.919186380,1669348005,,instructions,100209395,100.00,4.44,insn per cycle
8.919186380,375782192,,cycles,100209075,100.00,,
9.019396339,102218,,rD044,100209324,100.00,,
9.019396339,725889,,rFF44,100208974,100.00,,
9.019396339,1668521350,,instructions,100208874,100.00,4.44,insn per cycle
9.019396339,375783878,,cycles,100209295,100.00,,
9.119608348,103045,,rD044,100211005,100.00,,
9.119608348,744855,,rFF44,100211225,100.00,,
9.119608348,1664440376,,instructions,100212265,100.00,4.43,insn per cycle
9.119608348,375793888,,cycles,100212414,100.00,,
9.219839487,96268,,rD044,100230105,100.00,,
9.219839487,737222,,rFF44,100230625,100.00,,
9.219839487,1662329253,,instructions,100230325,100.00,4.42,insn per cycle
9.219839487,375863157,,cycles,100230435,100.00,,
9.320043635,106097,,rD044,100203595,100.00,,
9.320043635,717443,,rFF44,100202985,100.00,,
9.320043635,1647007019,,instructions,100202495,100.00,4.38,insn per cycle
9.320043635,375756453,,cycles,100202125,100.00,,
9.420253374,67483,,rD044,100209855,100.00,,
9.420253374,718528,,rFF44,100210055,100.00,,
9.420253374,1637963286,,instructions,100210175,100.00,4.36,insn per cycle
9.420253374,375787400,,cycles,100210545,100.00,,
9.520460213,100431,,rD044,100191204,100.00,,
9.520460213,723034,,rFF44,100191065,100.00,,
9.520460213,1641823316,,instructions,100191325,100.00,4.37,insn per cycle
9.520460213,375692581,,cycles,100190975,100.00,,
9.620672272,104699,,rD044,100201595,100.00,,
9.620672272,727478,,rFF44,100202534,100.00,,
9.620672272,1649576225,,instructions,100203124,100.00,4.39,insn per cycle
9.620672272,375752809,,cycles,100203984,100.00,,
9.720878151,92279,,rD044,100204325,100.00,,
9.720878151,742283,,rFF44,100203435,100.00,,
9.720878151,1645340835,,instructions,100202815,100.00,4.38,insn per cycle
9.720878151,375758329,,cycles,100202505,100.00,,
9.821120490,103317,,rD044,100242025,100.00,,
9.821120490,683851,,rFF44,100242055,100.00,,
9.821120490,1646002307,,instructions,100241545,100.00,4.38,insn per cycle
9.821120490,375900451,,cycles,100240815,100.00,,
9.921333379,101403,,rD044,100212115,100.00,,
9.921333379,740660,,rFF44,100212895,100.00,,
9.921333379,1642917915,,instructions,100213735,100.00,4.37,insn per cycle
9.921333379,375801948,,cycles,100214125,100.00,,
10.021546157,96498,,rD044,100211765,100.00,,
10.021546157,726526,,rFF44,100211205,100.00,,
10.021546157,1646813894,,instructions,100210635,100.00,4.38,insn per cycle
10.021546157,375785506,,cycles,100210175,100.00,,
10.121758566,104022,,rD044,100212214,100.00,,
10.121758566,721481,,rFF44,100211404,100.00,,
10.121758566,1648412364,,instructions,100211424,100.00,4.39,insn per cycle
10.121758566,375792028,,cycles,100211675,100.00,,
10.221992145,64440,,rD044,100232515,100.00,,
10.221992145,717789,,rFF44,100233275,100.00,,
10.221992145,1649696816,,instructions,100233185,100.00,4.39,insn per cycle
10.221992145,375872701,,cycles,100232994,100.00,,
10.322205104,101727,,rD044,100212615,100.00,,
10.322205104,718905,,rFF44,100212905,100.00,,
10.322205104,1645501700,,instructions,100213635,100.00,4.38,insn per cycle
10.322205104,375801314,,cycles,100214395,100.00,,
10.422419113,103562,,rD044,100213245,100.00,,
10.422419113,728481,,rFF44,100213345,100.00,,
10.422419113,1644482820,,instructions,100213915,100.00,4.38,insn per cycle
10.422419113,375798844,,cycles,100213505,100.00,,
10.522631652,92650,,rD044,100198945,100.00,,
10.522631652,738735,,rFF44,100198625,100.00,,
10.522631652,1647422677,,instructions,100197835,100.00,4.38,insn per cycle
10.522631652,375718827,,cycles,100197715,100.00,,
10.622844031,107788,,rD044,100211525,100.00,,
10.622844031,684542,,rFF44,100211335,100.00,,
10.622844031,1658473024,,instructions,100211335,100.00,4.41,insn per cycle
10.622844031,375791530,,cycles,100211335,100.00,,
10.723054750,99452,,rD044,100209904,100.00,,
10.723054750,743112,,rFF44,100210144,100.00,,
10.723054750,1667036904,,instructions,100209554,100.00,4.44,insn per cycle
10.723054750,375783905,,cycles,100209524,100.00,,
10.823266458,95289,,rD044,100211415,100.00,,
10.823266458,730653,,rFF44,100211305,100.00,,
10.823266458,1662270510,,instructions,100211655,100.00,4.42,insn per cycle
10.823266458,375791344,,cycles,100211515,100.00,,
10.923480077,106948,,rD044,100212805,100.00,,
10.923480077,725694,,rFF44,100213175,100.00,,
10.923480077,1669443360,,instructions,100213035,100.00,4.44,insn per cycle
10.923480077,375796622,,cycles,100213135,100.00,,
11.023690806,97117,,rD044,100210275,100.00,,
11.023690806,743162,,rFF44,100209605,100.00,,
11.023690806,1648314858,,instructions,100209525,100.00,4.39,insn per cycle
11.023690806,375786598,,cycles,100210035,100.00,,
11.123901745,69059,,rD044,100211135,100.00,,
11.123901745,683854,,rFF44,100211185,100.00,,
11.123901745,1655039778,,instructions,100211845,100.00,4.40,insn per cycle
11.123901745,375792499,,cycles,100211805,100.00,,
11.224114814,101408,,rD044,100211254,100.00,,
11.224114814,737964,,rFF44,100211294,100.00,,
11.224114814,1658930949,,instructions,100210404,100.00,4.41,insn per cycle
11.224114814,375785686,,cycles,100210004,100.00,,
11.324325162,95066,,rD044,100210045,100.00,,
11.324325162,739114,,rFF44,100210115,100.00,,
11.324325162,1656081814,,instructions,100210335,100.00,4.41,insn per cycle
11.324325162,375787815,,cycles,100210565,100.00,,
11.424538101,106126,,rD044,100212075,100.00,,
11.424538101,722082,,rFF44,100212275,100.00,,
11.424538101,1666829110,,instructions,100212515,100.00,4.44,insn per cycle
11.424538101,375794323,,cycles,100212525,100.00,,
11.524748980,95668,,rD044,100210485,100.00,,
11.524748980,745548,,rFF44,100210245,100.00,,
11.524748980,1644399039,,instructions,100209895,100.00,4.38,insn per cycle
11.524748980,375786236,,cycles,100209935,100.00,,
11.624993259,98481,,rD044,100233045,100.00,,
11.624993259,701840,,rFF44,100233325,100.00,,
11.624993259,1647095492,,instructions,100233035,100.00,4.38,insn per cycle
11.624993259,375850303,,cycles,100232615,100.00,,
11.725231979,107259,,rD044,100238385,100.00,,
11.725231979,727713,,rFF44,100238615,100.00,,
11.725231979,1644935902,,instructions,100239455,100.00,4.38,insn per cycle
11.725231979,375897347,,cycles,100239985,100.00,,
11.825443917,92776,,rD044,100210995,100.00,,
11.825443917,741354,,rFF44,100210685,100.00,,
11.825443917,1645260815,,instructions,100210085,100.00,4.38,insn per cycle
11.825443917,375782378,,cycles,100209115,100.00,,
11.925654806,105797,,rD044,100199764,100.00,,
11.925654806,720995,,rFF44,100199424,100.00,,
11.925654806,1661276560,,instructions,100199344,100.00,4.42,insn per cycle
11.925654806,375727964,,cycles,100199844,100.00,,
12.025870345,73159,,rD044,100215065,100.00,,
12.025870345,712691,,rFF44,100215535,100.00,,
12.025870345,1658917778,,instructions,100215415,100.00,4.41,insn per cycle
12.025870345,375808504,,cycles,100215875,100.00,,
12.126082644,94021,,rD044,100211065,100.00,,
12.126082644,737116,,rFF44,100211185,100.00,,
12.126082644,1655687207,,instructions,100211405,100.00,4.41,insn per cycle
12.126082644,375787185,,cycles,100210595,100.00,,
12.226293353,106181,,rD044,100210125,100.00,,
12.226293353,729572,,rFF44,100209595,100.00,,
12.226293353,1655967942,,instructions,100209695,100.00,4.41,insn per cycle
12.226293353,375785630,,cycles,100210005,100.00,,
12.326506702,99622,,rD044,100212455,100.00,,
12.326506702,757945,,rFF44,100212715,100.00,,
12.326506702,1653478209,,instructions,100213355,100.00,4.40,insn per cycle
12.326506702,375797150,,cycles,100213055,100.00,,
12.426717030,99804,,rD044,100209824,100.00,,
12.426717030,723607,,rFF44,100209604,100.00,,
12.426717030,1654344902,,instructions,100209184,100.00,4.40,insn per cycle
12.426717030,375781184,,cycles,100210224,100.00,,
12.526955899,102263,,rD044,100225565,100.00,,
12.526955899,698652,,rFF44,100225815,100.00,,
12.526955899,1659286637,,instructions,100225675,100.00,4.42,insn per cycle
12.526955899,375823318,,cycles,100226055,100.00,,
12.627168308,95552,,rD044,100212185,100.00,,
12.627168308,740101,,rFF44,100211895,100.00,,
12.627168308,1657667395,,instructions,100212025,100.00,4.41,insn per cycle
12.627168308,375790098,,cycles,100210975,100.00,,
12.727379047,106550,,rD044,100209895,100.00,,
12.727379047,721520,,rFF44,100210035,100.00,,
12.727379047,1653862187,,instructions,100210065,100.00,4.40,insn per cycle
12.727379047,375786167,,cycles,100210125,100.00,,
12.827591196,99221,,rD044,100211715,100.00,,
12.827591196,744738,,rFF44,100211865,100.00,,
12.827591196,1654264014,,instructions,100211425,100.00,4.40,insn per cycle
12.827591196,375789067,,cycles,100211115,100.00,,
12.927802315,65726,,rD044,100199654,100.00,,
12.927802315,690875,,rFF44,100216105,100.00,,
12.927802315,1659777810,,instructions,100216405,100.00,4.42,insn per cycle
12.927802315,375791621,,cycles,100216915,100.00,,
13.028029594,105612,,rD044,100226715,100.00,,
13.028029594,731550,,rFF44,100210354,100.00,,
13.028029594,1654489942,,instructions,100210154,100.00,4.40,insn per cycle
13.028029594,375785852,,cycles,100209844,100.00,,
13.128239913,96200,,rD044,100209935,100.00,,
13.128239913,749162,,rFF44,100209555,100.00,,
13.128239913,1656020821,,instructions,100209345,100.00,4.41,insn per cycle
13.128239913,375783505,,cycles,100209425,100.00,,
13.228450501,103540,,rD044,100209445,100.00,,
13.228450501,723013,,rFF44,100209585,100.00,,
13.228450501,1654326653,,instructions,100210015,100.00,4.40,insn per cycle
13.228450501,375784748,,cycles,100209745,100.00,,
13.328662200,98739,,rD044,100211665,100.00,,
13.328662200,714691,,rFF44,100211245,100.00,,
13.328662200,1655203690,,instructions,100210855,100.00,4.40,insn per cycle
13.328662200,375790073,,cycles,100211175,100.00,,
13.428873379,97501,,rD044,100209915,100.00,,
13.428873379,739191,,rFF44,100210555,100.00,,
13.428873379,1649959197,,instructions,100211295,100.00,4.39,insn per cycle
13.428873379,375788894,,cycles,100210845,100.00,,
13.529083498,106797,,rD044,100198583,100.00,,
13.529083498,722906,,rFF44,100198243,100.00,,
13.529083498,1642248677,,instructions,100197883,100.00,4.37,insn per cycle
13.529083498,375709359,,cycles,100198354,100.00,,
13.629342347,94365,,rD044,100245245,100.00,,
13.629342347,740324,,rFF44,100245315,100.00,,
13.629342347,1652449785,,instructions,100244845,100.00,4.40,insn per cycle
13.629342347,375915581,,cycles,100244434,100.00,,
13.729556386,101228,,rD044,100212985,100.00,,
13.729556386,726415,,rFF44,100213025,100.00,,
13.729556386,1641271385,,instructions,100213395,100.00,4.37,insn per cycle
13.729556386,375800456,,cycles,100213925,100.00,,
13.829768245,75264,,rD044,100211165,100.00,,
13.829768245,704762,,rFF44,100211695,100.00,,
13.829768245,1649929476,,instructions,100211625,100.00,4.39,insn per cycle
13.829768245,375793280,,cycles,100212035,100.00,,
13.929999404,92318,,rD044,100230515,100.00,,
13.929999404,738804,,rFF44,100229795,100.00,,
13.929999404,1645669390,,instructions,100229705,100.00,4.38,insn per cycle
13.929999404,375857136,,cycles,100229055,100.00,,
14.030209713,106583,,rD044,100210165,100.00,,
14.030209713,716707,,rFF44,100210365,100.00,,
14.030209713,1643007063,,instructions,100211635,100.00,4.37,insn per cycle
14.030209713,375793598,,cycles,100212105,100.00,,
14.130422222,100225,,rD044,100211945,100.00,,
14.130422222,706634,,rFF44,100212535,100.00,,
14.130422222,1643224142,,instructions,100212245,100.00,4.37,insn per cycle
14.130422222,375779335,,cycles,100211455,100.00,,
14.230634060,94949,,rD044,100211034,100.00,,
14.230634060,725157,,rFF44,100210344,100.00,,
14.230634060,1644627516,,instructions,100209414,100.00,4.38,insn per cycle
14.230634060,375788103,,cycles,100210444,100.00,,
14.330845939,106804,,rD044,100211455,100.00,,
14.330845939,726152,,rFF44,100211605,100.00,,
14.330845939,1651223270,,instructions,100211765,100.00,4.39,insn per cycle
14.330845939,375790306,,cycles,100211225,100.00,,
14.431058828,95214,,rD044,100211975,100.00,,
14.431058828,739997,,rFF44,100211665,100.00,,
14.431058828,1656346582,,instructions,100212555,100.00,4.41,insn per cycle
14.431058828,375795060,,cycles,100212505,100.00,,
14.531272467,100923,,rD044,100213225,100.00,,
14.531272467,717221,,rFF44,100213315,100.00,,
14.531272467,1658692197,,instructions,100212705,100.00,4.41,insn per cycle
14.531272467,375796235,,cycles,100213025,100.00,,
14.631483416,69559,,rD044,100198065,100.00,,
14.631483416,710384,,rFF44,100198435,100.00,,
14.631483416,1677817097,,instructions,100197685,100.00,4.47,insn per cycle
14.631483416,375720505,,cycles,100198095,100.00,,
14.731694865,94791,,rD044,100210354,100.00,,
14.731694865,734673,,rFF44,100210974,100.00,,
14.731694865,1673500255,,instructions,100210894,100.00,4.45,insn per cycle
14.731694865,375787485,,cycles,100210694,100.00,,
14.831907913,108097,,rD044,100212805,100.00,,
14.831907913,728116,,rFF44,100212345,100.00,,
14.831907913,1698346780,,instructions,100213525,100.00,4.52,insn per cycle
14.831907913,375797346,,cycles,100212895,100.00,,
14.932121552,94927,,rD044,100212965,100.00,,
14.932121552,751372,,rFF44,100213215,100.00,,
14.932121552,1661187631,,instructions,100212445,100.00,4.42,insn per cycle
14.932121552,375796676,,cycles,100213125,100.00,,
15.032335191,98880,,rD044,100212975,100.00,,
15.032335191,722602,,rFF44,100212865,100.00,,
15.032335191,1672297002,,instructions,100212835,100.00,4.45,insn per cycle
15.032335191,375794971,,cycles,100212275,100.00,,
15.132546880,106476,,rD044,100211205,100.00,,
15.132546880,728175,,rFF44,100210665,100.00,,
15.132546880,1688037118,,instructions,100210625,100.00,4.49,insn per cycle
15.132546880,375788319,,cycles,100210915,100.00,,
15.232756659,92189,,rD044,100209094,100.00,,
15.232756659,743955,,rFF44,100209644,100.00,,
15.232756659,1662034361,,instructions,100209724,100.00,4.42,insn per cycle
15.232756659,375783696,,cycles,100209264,100.00,,
15.332987798,108600,,rD044,100231145,100.00,,
15.332987798,689397,,rFF44,100230205,100.00,,
15.332987798,1654807603,,instructions,100230035,100.00,4.40,insn per cycle
15.332987798,375859411,,cycles,100229885,100.00,,
15.433198377,101874,,rD044,100209235,100.00,,
15.433198377,747536,,rFF44,100209425,100.00,,
15.433198377,1653106377,,instructions,100209605,100.00,4.40,insn per cycle
15.433198377,375785106,,cycles,100209625,100.00,,
15.533423746,100239,,rD044,100212665,100.00,,
15.533423746,733079,,rFF44,100213585,100.00,,
15.533423746,1651418171,,instructions,100214345,100.00,4.39,insn per cycle
15.533423746,375781298,,cycles,100214525,100.00,,
15.633638355,104371,,rD044,100214265,100.00,,
15.633638355,720732,,rFF44,100213455,100.00,,
15.633638355,1645241093,,instructions,100212345,100.00,4.38,insn per cycle
15.633638355,375798879,,cycles,100213305,100.00,,
15.733850383,64428,,rD044,100211655,100.00,,
15.733850383,708266,,rFF44,100211695,100.00,,
15.733850383,1649840616,,instructions,100212065,100.00,4.39,insn per cycle
15.733850383,375788851,,cycles,100210845,100.00,,
15.834061102,101979,,rD044,100210024,100.00,,
15.834061102,720521,,rFF44,100209944,100.00,,
15.834061102,1673549921,,instructions,100209904,100.00,4.45,insn per cycle
15.834061102,375786560,,cycles,100210234,100.00,,
15.934272131,104098,,rD044,100210045,100.00,,
15.934272131,727160,,rFF44,100210005,100.00,,
15.934272131,1644488946,,instructions,100210585,100.00,4.38,insn per cycle
15.934272131,375789875,,cycles,100211115,100.00,,
16.034484490,92280,,rD044,100212045,100.00,,
16.034484490,734672,,rFF44,100211795,100.00,,
16.034484490,1645559000,,instructions,100211285,100.00,4.38,insn per cycle
16.034484490,375789617,,cycles,100211055,100.00,,
16.134695199,107215,,rD044,100210175,100.00,,
16.134695199,718776,,rFF44,100210625,100.00,,
16.134695199,1644188894,,instructions,100210635,100.00,4.38,insn per cycle
16.134695199,375786827,,cycles,100210295,100.00,,
16.234905587,98559,,rD044,100209395,100.00,,
16.234905587,704774,,rFF44,100209135,100.00,,
16.234905587,1647609007,,instructions,100209085,100.00,4.38,insn per cycle
16.234905587,375781924,,cycles,100209215,100.00,,
16.335116956,93979,,rD044,100210814,100.00,,
16.335116956,719691,,rFF44,100211614,100.00,,
16.335116956,1645339535,,instructions,100211524,100.00,4.38,insn per cycle
16.335116956,375791821,,cycles,100211424,100.00,,
16.435329945,107150,,rD044,100212095,100.00,,
16.435329945,712970,,rFF44,100211695,100.00,,
16.435329945,1644923415,,instructions,100211795,100.00,4.38,insn per cycle
16.435329945,375792745,,cycles,100211885,100.00,,
16.535540644,96217,,rD044,100196975,100.00,,
16.535540644,743709,,rFF44,100196765,100.00,,
16.535540644,1647857649,,instructions,100196675,100.00,4.39,insn per cycle
16.535540644,375714039,,cycles,100196485,100.00,,
16.635751243,68738,,rD044,100210065,100.00,,
16.635751243,687309,,rFF44,100209705,100.00,,
16.635751243,1650573104,,instructions,100209925,100.00,4.39,insn per cycle
16.635751243,375785492,,cycles,100209945,100.00,,
16.735979592,102168,,rD044,100227615,100.00,,
16.735979592,726442,,rFF44,100227945,100.00,,
16.735979592,1671295492,,instructions,100227965,100.00,4.45,insn per cycle
16.735979592,375852577,,cycles,100227835,100.00,,
16.836191811,94696,,rD044,100211554,100.00,,
16.836191811,742619,,rFF44,100211545,100.00,,
16.836191811,1677255414,,instructions,100211695,100.00,4.46,insn per cycle
16.836191811,375795308,,cycles,100212365,100.00,,
16.936403299,105963,,rD044,100210815,100.00,,
16.936403299,728676,,rFF44,100211154,100.00,,
16.936403299,1674289372,,instructions,100211424,100.00,4.46,insn per cycle
16.936403299,375786955,,cycles,100210544,100.00,,
17.036615148,94854,,rD044,100199584,100.00,,
17.036615148,757092,,rFF44,100199374,100.00,,
17.036615148,1675890352,,instructions,100198814,100.00,4.46,insn per cycle
17.036615148,375726464,,cycles,100199084,100.00,,
17.136845817,98549,,rD044,100230495,100.00,,
17.136845817,736898,,rFF44,100230625,100.00,,
17.136845817,1680988469,,instructions,100230995,100.00,4.47,insn per cycle
17.136845817,375862995,,cycles,100230835,100.00,,
17.237057026,108181,,rD044,100210405,100.00,,
17.237057026,733209,,rFF44,100210285,100.00,,
17.237057026,1675380301,,instructions,100210015,100.00,4.46,insn per cycle
17.237057026,375785798,,cycles,100209915,100.00,,
17.337267305,93855,,rD044,100209425,100.00,,
17.337267305,720096,,rFF44,100209895,100.00,,
17.337267305,1683260693,,instructions,100209845,100.00,4.48,insn per cycle
17.337267305,375787149,,cycles,100210295,100.00,,
17.437492304,101250,,rD044,100224284,100.00,,
17.437492304,728287,,rFF44,100224154,100.00,,
17.437492304,1668686917,,instructions,100224444,100.00,4.44,insn per cycle
17.437492304,375839940,,cycles,100224465,100.00,,
17.537695833,101287,,rD044,100188655,100.00,,
17.537695833,747423,,rFF44,100188625,100.00,,
17.537695833,1661699399,,instructions,100188895,100.00,4.42,insn per cycle
17.537695833,375682454,,cycles,100189134,100.00,,
17.637915301,95043,,rD044,100204695,100.00,,
17.637915301,737847,,rFF44,100203945,100.00,,
17.637915301,1660706041,,instructions,100202995,100.00,4.42,insn per cycle
17.637915301,375733828,,cycles,100202745,100.00,,
17.738128640,105237,,rD044,100212145,100.00,,
17.738128640,718742,,rFF44,100212635,100.00,,
17.738128640,1646107008,,instructions,100212505,100.00,4.38,insn per cycle
17.738128640,375796671,,cycles,100212935,100.00,,
17.838337309,64313,,rD044,100208215,100.00,,
17.838337309,717163,,rFF44,100208165,100.00,,
17.838337309,1645931938,,instructions,100208665,100.00,4.38,insn per cycle
17.838337309,375777981,,cycles,100207945,100.00,,
17.938548428,103991,,rD044,100210354,100.00,,
17.938548428,719735,,rFF44,100210144,100.00,,
17.938548428,1640069781,,instructions,100211195,100.00,4.36,insn per cycle
17.938548428,375792463,,cycles,100212025,100.00,,
18.038761117,105930,,rD044,100212165,100.00,,
18.038761117,725710,,rFF44,100212645,100.00,,
18.038761117,1640212085,,instructions,100212414,100.00,4.36,insn per cycle
18.038761117,375792071,,cycles,100211704,100.00,,
18.138993096,95466,,rD044,100231145,100.00,,
18.138993096,743143,,rFF44,100231265,100.00,,
18.138993096,1644122319,,instructions,100230485,100.00,4.37,insn per cycle
18.138993096,375865031,,cycles,100231155,100.00,,
18.239204405,103129,,rD044,100210845,100.00,,
18.239204405,689253,,rFF44,100210995,100.00,,
18.239204405,1648828245,,instructions,100211145,100.00,4.39,insn per cycle
18.239204405,375790352,,cycles,100211035,100.00,,
18.339417244,99790,,rD044,100212085,100.00,,
18.339417244,744394,,rFF44,100212185,100.00,,
18.339417244,1649603819,,instructions,100212105,100.00,4.39,insn per cycle
18.339417244,375790208,,cycles,100211415,100.00,,
18.439630112,100550,,rD044,100212705,100.00,,
18.439630112,730704,,rFF44,100211845,100.00,,
18.439630112,1647872422,,instructions,100211685,100.00,4.39,insn per cycle
18.439630112,375794103,,cycles,100212035,100.00,,
18.539842951,108046,,rD044,100200604,100.00,,
18.539842951,727463,,rFF44,100200364,100.00,,
18.539842951,1649729959,,instructions,100200844,100.00,4.39,insn per cycle
18.539842951,375734842,,cycles,100201754,100.00,,
18.640054860,65492,,rD044,100211695,100.00,,
18.640054860,714468,,rFF44,100212375,100.00,,
18.640054860,1654086916,,instructions,100212315,100.00,4.40,insn per cycle
18.640054860,375790315,,cycles,100211225,100.00,,
18.740266559,100247,,rD044,100211105,100.00,,
18.740266559,722556,,rFF44,100211125,100.00,,
18.740266559,1649865383,,instructions,100211205,100.00,4.39,insn per cycle
18.740266559,375791802,,cycles,100211635,100.00,,
18.840478398,103733,,rD044,100211025,100.00,,
18.840478398,734790,,rFF44,100211205,100.00,,
18.840478398,1648480186,,instructions,100210555,100.00,4.39,insn per cycle
18.840478398,375788897,,cycles,100210865,100.00,,
18.940689937,95311,,rD044,100211225,100.00,,
18.940689937,739837,,rFF44,100210855,100.00,,
18.940689937,1647293079,,instructions,100210715,100.00,4.38,insn per cycle
18.940689937,375785980,,cycles,100210075,100.00,,
19.040902075,104637,,rD044,100211684,100.00,,
19.040902075,684744,,rFF44,100211534,100.00,,
19.040902075,1636685991,,instructions,100211664,100.00,4.36,insn per cycle
19.040902075,375788855,,cycles,100211054,100.00,,
19.141114214,97899,,rD044,100211155,100.00,,
19.141114214,750663,,rFF44,100211035,100.00,,
19.141114214,1644956185,,instructions,100211895,100.00,4.38,insn per cycle
19.141114214,375796534,,cycles,100212685,100.00,,
19.241358793,99371,,rD044,100244955,100.00,,
19.241358793,720979,,rFF44,100245235,100.00,,
19.241358793,1647432635,,instructions,100244815,100.00,4.38,insn per cycle
19.241358793,375917584,,cycles,100245175,100.00,,
19.341571762,103822,,rD044,100211385,100.00,,
19.341571762,726270,,rFF44,100211035,100.00,,
19.341571762,1653089353,,instructions,100210605,100.00,4.40,insn per cycle
19.341571762,375787470,,cycles,100210475,100.00,,
19.441783231,63218,,rD044,100211225,100.00,,
19.441783231,710898,,rFF44,100211615,100.00,,
19.441783231,1653023994,,instructions,100212405,100.00,4.40,insn per cycle
19.441783231,375793212,,cycles,100212015,100.00,,
19.542013800,106451,,rD044,100217235,100.00,,
19.542013800,721476,,rFF44,100217455,100.00,,
19.542013800,1648478761,,instructions,100217855,100.00,4.39,insn per cycle
19.542013800,375793071,,cycles,100217545,100.00,,
19.642224669,98245,,rD044,100210444,100.00,,
19.642224669,736315,,rFF44,100209975,100.00,,
19.642224669,1649397059,,instructions,100208925,100.00,4.39,insn per cycle
19.642224669,375785320,,cycles,100209905,100.00,,
19.742438408,93929,,rD044,100213015,100.00,,
19.742438408,729914,,rFF44,100212914,100.00,,
19.742438408,1658647215,,instructions,100212494,100.00,4.41,insn per cycle
19.742438408,375793779,,cycles,100211944,100.00,,
19.842649467,109611,,rD044,100210995,100.00,,
19.842649467,705210,,rFF44,100211785,100.00,,
19.842649467,1664286672,,instructions,100212245,100.00,4.43,insn per cycle
19.842649467,375794541,,cycles,100212355,100.00,,
19.942861545,94561,,rD044,100210845,100.00,,
19.942861545,740115,,rFF44,100210665,100.00,,
19.942861545,1661839677,,instructions,100210735,100.00,4.42,insn per cycle
19.942861545,375787455,,cycles,100210475,100.00,,
20.043072504,98689,,rD044,100210175,100.00,,
20.043072504,723158,,rFF44,100209835,100.00,,
20.043072504,1656132746,,instructions,100209595,100.00,4.41,insn per cycle
20.043072504,375787231,,cycles,100210625,100.00,,
20.143283653,104781,,rD044,100210945,100.00,,
20.143283653,730463,,rFF44,100211045,100.00,,
20.143283653,1664082046,,instructions,100211335,100.00,4.43,insn per cycle
20.143283653,375790541,,cycles,100211085,100.00,,
20.243497582,94193,,rD044,100213194,100.00,,
20.243497582,741585,,rFF44,100213484,100.00,,
20.243497582,1662692831,,instructions,100212944,100.00,4.42,insn per cycle
20.243497582,375793816,,cycles,100212164,100.00,,
20.343709281,73477,,rD044,100211075,100.00,,
20.343709281,690206,,rFF44,100210905,100.00,,
20.343709281,1656252802,,instructions,100211345,100.00,4.41,insn per cycle
20.343709281,375794982,,cycles,100212485,100.00,,
20.443923370,98172,,rD044,100213055,100.00,,
20.443923370,745327,,rFF44,100212435,100.00,,
20.443923370,1653571710,,instructions,100212225,100.00,4.40,insn per cycle
20.443923370,375789555,,cycles,100211035,100.00,,
20.544132098,97696,,rD044,100194415,100.00,,
20.544132098,728673,,rFF44,100195025,100.00,,
20.544132098,1643360862,,instructions,100195295,100.00,4.37,insn per cycle
20.544132098,375704102,,cycles,100194585,100.00,,
20.644342117,104213,,rD044,100209285,100.00,,
20.644342117,723445,,rFF44,100208795,100.00,,
20.644342117,1643830790,,instructions,100209125,100.00,4.37,insn per cycle
20.644342117,375786385,,cycles,100209985,100.00,,
20.744551826,92107,,rD044,100209234,100.00,,
20.744551826,739814,,rFF44,100210164,100.00,,
20.744551826,1649389580,,instructions,100210334,100.00,4.39,insn per cycle
20.744551826,375788054,,cycles,100210644,100.00,,
20.844765135,104470,,rD044,100212835,100.00,,
20.844765135,685186,,rFF44,100211865,100.00,,
20.844765135,1677876554,,instructions,100211565,100.00,4.46,insn per cycle
20.844765135,375791979,,cycles,100211665,100.00,,
20.944995184,103853,,rD044,100229425,100.00,,
20.944995184,735430,,rFF44,100230165,100.00,,
20.944995184,1669407430,,instructions,100229605,100.00,4.44,insn per cycle
20.944995184,375858911,,cycles,100229545,100.00,,
21.045205323,92877,,rD044,100209165,100.00,,
21.045205323,738196,,rFF44,100208735,100.00,,
21.045205323,1655139177,,instructions,100209515,100.00,4.40,insn per cycle
21.045205323,375778970,,cycles,100209025,100.00,,
21.145431342,106802,,rD044,100226055,100.00,,
21.145431342,720548,,rFF44,100226645,100.00,,
21.145431342,1656570506,,instructions,100226285,100.00,4.41,insn per cycle
21.145431342,375847189,,cycles,100226385,100.00,,
21.245644781,98541,,rD044,100212325,100.00,,
21.245644781,746828,,rFF44,100211735,100.00,,
21.245644781,1648475992,,instructions,100211575,100.00,4.39,insn per cycle
21.245644781,375790828,,cycles,100211375,100.00,,
21.345854729,64604,,rD044,100209314,100.00,,
21.345854729,687340,,rFF44,100209124,100.00,,
21.345854729,1663859970,,instructions,100209314,100.00,4.43,insn per cycle
21.345854729,375784422,,cycles,100209674,100.00,,
21.446063658,105343,,rD044,100208545,100.00,,
21.446063658,726602,,rFF44,100208675,100.00,,
21.446063658,1640084834,,instructions,100208505,100.00,4.36,insn per cycle
21.446063658,375776329,,cycles,100207705,100.00,,
21.546262117,101961,,rD044,100174905,100.00,,
21.546262117,743948,,rFF44,100175035,100.00,,
21.546262117,1639982253,,instructions,100174855,100.00,4.37,insn per cycle
21.546262117,375622740,,cycles,100175065,100.00,,
21.646472516,102400,,rD044,100210165,100.00,,
21.646472516,727154,,rFF44,100209975,100.00,,
21.646472516,1647606018,,instructions,100210445,100.00,4.38,insn per cycle
21.646472516,375792669,,cycles,100211655,100.00,,
21.746687084,99215,,rD044,100213704,100.00,,
21.746687084,706310,,rFF44,100213924,100.00,,
21.746687084,1655573687,,instructions,100213284,100.00,4.41,insn per cycle
21.746687084,375794951,,cycles,100212475,100.00,,
21.846896253,94989,,rD044,100208635,100.00,,
21.846896253,731427,,rFF44,100208295,100.00,,
21.846896253,1657114155,,instructions,100208465,100.00,4.41,insn per cycle
21.846896253,375781999,,cycles,100209014,100.00,,
21.947107922,107357,,rD044,100210995,100.00,,
21.947107922,723402,,rFF44,100210995,100.00,,
21.947107922,1655621054,,instructions,100210765,100.00,4.41,insn per cycle
21.947107922,375786359,,cycles,100210385,100.00,,
22.047318981,94539,,rD044,100210205,100.00,,
22.047318981,750846,,rFF44,100210125,100.00,,
22.047318981,1672340863,,instructions,100210745,100.00,4.45,insn per cycle
22.047318981,375790520,,cycles,100211295,100.00,,
22.147531000,99645,,rD044,100199455,100.00,,
22.147531000,729412,,rFF44,100199705,100.00,,
22.147531000,1696522584,,instructions,100199765,100.00,4.52,insn per cycle
22.147531000,375724540,,cycles,100198995,100.00,,
22.247742399,105986,,rD044,100210944,100.00,,
22.247742399,728783,,rFF44,100211144,100.00,,
22.247742399,1694136726,,instructions,100210794,100.00,4.51,insn per cycle
22.247742399,375789229,,cycles,100211155,100.00,,
22.347985218,93738,,rD044,100242325,100.00,,
22.347985218,741995,,rFF44,100242415,100.00,,
22.347985218,1663655218,,instructions,100242745,100.00,4.43,insn per cycle
22.347985218,375907492,,cycles,100242274,100.00,,
22.448196257,102214,,rD044,100210015,100.00,,
22.448196257,722172,,rFF44,100209875,100.00,,
22.448196257,1664144914,,instructions,100209965,100.00,4.43,insn per cycle
22.448196257,375772886,,cycles,100209525,100.00,,
22.548405565,67558,,rD044,100194895,100.00,,
22.548405565,712512,,rFF44,100194815,100.00,,
22.548405565,1667628757,,instructions,100194305,100.00,4.44,insn per cycle
22.548405565,375709481,,cycles,100194915,100.00,,
22.648616994,108554,,rD044,100211145,100.00,,
22.648616994,730887,,rFF44,100211335,100.00,,
22.648616994,1658505556,,instructions,100211245,100.00,4.41,insn per cycle
22.648616994,375786670,,cycles,100211095,100.00,,
22.748835163,117476,,rD044,100217275,100.00,,
22.748835163,724336,,rFF44,100217125,100.00,,
22.748835163,1661089492,,instructions,100217245,100.00,4.42,insn per cycle
22.748835163,375808312,,cycles,100216865,100.00,,
22.849043522,93888,,rD044,100208064,100.00,,
22.849043522,748081,,rFF44,100208114,100.00,,
22.849043522,1665322534,,instructions,100208294,100.00,4.43,insn per cycle
22.849043522,375784139,,cycles,100209594,100.00,,
22.949255951,100133,,rD044,100211655,100.00,,
22.949255951,723682,,rFF44,100211765,100.00,,
22.949255951,1665995936,,instructions,100211425,100.00,4.43,insn per cycle
22.949255951,375788827,,cycles,100210625,100.00,,
23.049481830,106693,,rD044,100225195,100.00,,
23.049481830,703158,,rFF44,100225355,100.00,,
23.049481830,1681440128,,instructions,100226505,100.00,4.47,insn per cycle
23.049481830,375845899,,cycles,100226065,100.00,,
23.149692559,92845,,rD044,100210025,100.00,,
23.149692559,748872,,rFF44,100210185,100.00,,
23.149692559,1680665076,,instructions,100209945,100.00,4.47,insn per cycle
23.149692559,375786694,,cycles,100210265,100.00,,
23.249902397,104386,,rD044,100209165,100.00,,
23.249902397,730652,,rFF44,100208725,100.00,,
23.249902397,1678916072,,instructions,100208215,100.00,4.47,insn per cycle
23.249902397,375779008,,cycles,100208215,100.00,,
23.350113016,99300,,rD044,100210364,100.00,,
23.350113016,744445,,rFF44,100210465,100.00,,
23.350113016,1670085671,,instructions,100210425,100.00,4.44,insn per cycle
23.350113016,375786328,,cycles,100210395,100.00,,
23.450324155,96356,,rD044,100210505,100.00,,
23.450324155,727983,,rFF44,100210124,100.00,,
23.450324155,1669478546,,instructions,100210824,100.00,4.44,insn per cycle
23.450324155,375787866,,cycles,100210574,100.00,,
23.550535904,103625,,rD044,100197255,100.00,,
23.550535904,728068,,rFF44,100197675,100.00,,
23.550535904,1668855351,,instructions,100197635,100.00,4.44,insn per cycle
23.550535904,375717493,,cycles,100198175,100.00,,
23.650747173,92697,,rD044,100210095,100.00,,
23.650747173,746603,,rFF44,100209995,100.00,,
23.650747173,1667213486,,instructions,100209755,100.00,4.44,insn per cycle
23.650747173,375784227,,cycles,100209415,100.00,,
23.750975532,73411,,rD044,100227925,100.00,,
23.750975532,688644,,rFF44,100227845,100.00,,
23.750975532,1662517185,,instructions,100227765,100.00,4.42,insn per cycle
23.750975532,375854074,,cycles,100228215,100.00,,
23.851186121,103283,,rD044,100210035,100.00,,
23.851186121,729841,,rFF44,100210515,100.00,,
23.851186121,1658839193,,instructions,100210215,100.00,4.41,insn per cycle
23.851186121,375783604,,cycles,100209675,100.00,,
23.951397289,93300,,rD044,100210684,100.00,,
23.951397289,736909,,rFF44,100210354,100.00,,
23.951397289,1661039510,,instructions,100210554,100.00,4.42,insn per cycle
23.951397289,375788957,,cycles,100210644,100.00,,
24.051607458,105909,,rD044,100209345,100.00,,
24.051607458,719216,,rFF44,100208705,100.00,,
24.051607458,1659151643,,instructions,100208175,100.00,4.42,insn per cycle
24.051607458,375778601,,cycles,100208335,100.00,,
24.151838317,98944,,rD044,100230125,100.00,,
24.151838317,746945,,rFF44,100230315,100.00,,
24.151838317,1656697433,,instructions,100230895,100.00,4.41,insn per cycle
24.151838317,375863920,,cycles,100230645,100.00,,
24.252051366,95043,,rD044,100213035,100.00,,
24.252051366,693898,,rFF44,100213185,100.00,,
24.252051366,1657433908,,instructions,100212965,100.00,4.41,insn per cycle
24.252051366,375796263,,cycles,100213025,100.00,,
24.352263955,104356,,rD044,100211225,100.00,,
24.352263955,720948,,rFF44,100211145,100.00,,
24.352263955,1656413475,,instructions,100211335,100.00,4.41,insn per cycle
24.352263955,375794077,,cycles,100212245,100.00,,
24.452474334,94425,,rD044,100210114,100.00,,
24.452474334,750361,,rFF44,100210685,100.00,,
24.452474334,1673356466,,instructions,100210385,100.00,4.45,insn per cycle
24.452474334,375785747,,cycles,100209815,100.00,,
24.552683392,103207,,rD044,100195174,100.00,,
24.552683392,728538,,rFF44,100195453,100.00,,
24.552683392,1673495389,,instructions,100195383,100.00,4.45,insn per cycle
24.552683392,375703496,,cycles,100194863,100.00,,
24.652893731,105889,,rD044,100209845,100.00,,
24.652893731,742240,,rFF44,100208945,100.00,,
24.652893731,1674131528,,instructions,100208855,100.00,4.45,insn per cycle
24.652893731,375787224,,cycles,100210205,100.00,,
24.753105810,93703,,rD044,100211645,100.00,,
24.753105810,739509,,rFF44,100212055,100.00,,
24.753105810,1674221890,,instructions,100212055,100.00,4.46,insn per cycle
24.753105810,375790761,,cycles,100211565,100.00,,
24.853316719,108573,,rD044,100210245,100.00,,
24.853316719,727030,,rFF44,100210345,100.00,,
24.853316719,1672703615,,instructions,100211005,100.00,4.45,insn per cycle
24.853316719,375788586,,cycles,100210555,100.00,,
24.953561188,97746,,rD044,100243705,100.00,,
24.953561188,756094,,rFF44,100242915,100.00,,
24.953561188,1674053747,,instructions,100242925,100.00,4.45,insn per cycle
24.953561188,375908664,,cycles,100243005,100.00,,
25.053772647,65626,,rD044,100210624,100.00,,
25.053772647,692216,,rFF44,100210824,100.00,,
25.053772647,1672245692,,instructions,100211084,100.00,4.45,insn per cycle
25.053772647,375788039,,cycles,100210635,100.00,,
25.153999916,104212,,rD044,100226755,100.00,,
25.153999916,726336,,rFF44,100226735,100.00,,
25.153999916,1662572752,,instructions,100226525,100.00,4.42,insn per cycle
25.153999916,375848839,,cycles,100226834,100.00,,
25.254211985,94441,,rD044,100211745,100.00,,
25.254211985,742533,,rFF44,100211615,100.00,,
25.254211985,1664638354,,instructions,100211195,100.00,4.43,insn per cycle
25.254211985,375790617,,cycles,100211325,100.00,,
25.354422454,103850,,rD044,100209695,100.00,,
25.354422454,723470,,rFF44,100209615,100.00,,
25.354422454,1664088312,,instructions,100209645,100.00,4.43,insn per cycle
25.354422454,375787791,,cycles,100210565,100.00,,
25.454634512,99513,,rD044,100211305,100.00,,
25.454634512,739047,,rFF44,100212595,100.00,,
25.454634512,1659568655,,instructions,100211995,100.00,4.42,insn per cycle
25.454634512,375791234,,cycles,100211465,100.00,,
25.554844501,94418,,rD044,100184035,100.00,,
25.554844501,740979,,rFF44,100183315,100.00,,
25.554844501,1656355627,,instructions,100183725,100.00,4.41,insn per cycle
25.554844501,375644795,,cycles,100183075,100.00,,
25.655055350,108515,,rD044,100209624,100.00,,
25.655055350,724205,,rFF44,100209754,100.00,,
25.655055350,1661940307,,instructions,100209844,100.00,4.42,insn per cycle
25.655055350,375787347,,cycles,100210434,100.00,,
25.755267469,96460,,rD044,100211975,100.00,,
25.755267469,714643,,rFF44,100211905,100.00,,
25.755267469,1676670948,,instructions,100211835,100.00,4.46,insn per cycle
25.755267469,375791902,,cycles,100211445,100.00,,
25.855478738,96800,,rD044,100210325,100.00,,
25.855478738,719927,,rFF44,100210325,100.00,,
25.855478738,1676008194,,instructions,100210035,100.00,4.46,insn per cycle
25.855478738,375786640,,cycles,100210255,100.00,,
25.955689447,104465,,rD044,100210395,100.00,,
25.955689447,728316,,rFF44,100210395,100.00,,
25.955689447,1675909361,,instructions,100211345,100.00,4.46,insn per cycle
25.955689447,375794465,,cycles,100212345,100.00,,
26.055901885,94968,,rD044,100211415,100.00,,
26.055901885,743723,,rFF44,100211135,100.00,,
26.055901885,1670297978,,instructions,100210095,100.00,4.44,insn per cycle
26.055901885,375780353,,cycles,100208495,100.00,,
26.156113914,103850,,rD044,100211364,100.00,,
26.156113914,724633,,rFF44,100211614,100.00,,
26.156113914,1668792250,,instructions,100211774,100.00,4.44,insn per cycle
26.156113914,375794451,,cycles,100212424,100.00,,
26.256324523,99152,,rD044,100210075,100.00,,
26.256324523,741250,,rFF44,100210175,100.00,,
26.256324523,1669872673,,instructions,100210425,100.00,4.44,insn per cycle
26.256324523,375786514,,cycles,100210225,100.00,,
26.356538832,94096,,rD044,100213825,100.00,,
26.356538832,737459,,rFF44,100213035,100.00,,
26.356538832,1670442903,,instructions,100213165,100.00,4.45,insn per cycle
26.356538832,375796849,,cycles,100212975,100.00,,
26.456748881,108783,,rD044,100209615,100.00,,
26.456748881,724377,,rFF44,100210435,100.00,,
26.456748881,1674525690,,instructions,100210305,100.00,4.46,insn per cycle
26.456748881,375788329,,cycles,100210705,100.00,,
26.556981990,64959,,rD044,100219145,100.00,,
26.556981990,717199,,rFF44,100219225,100.00,,
26.556981990,1678849019,,instructions,100219455,100.00,4.47,insn per cycle
26.556981990,375799799,,cycles,100219205,100.00,,
26.657193269,97698,,rD044,100211124,100.00,,
26.657193269,719812,,rFF44,100210544,100.00,,
26.657193269,1672786034,,instructions,100210155,100.00,4.45,insn per cycle
26.657193269,375787850,,cycles,100210395,100.00,,
26.757404457,105475,,rD044,100210065,100.00,,
26.757404457,728870,,rFF44,100210975,100.00,,
26.757404457,1675748882,,instructions,100211284,100.00,4.46,insn per cycle
26.757404457,375787773,,cycles,100210554,100.00,,
26.857642097,94291,,rD044,100237675,100.00,,
26.857642097,741873,,rFF44,100236915,100.00,,
26.857642097,1677054921,,instructions,100237805,100.00,4.46,insn per cycle
26.857642097,375891016,,cycles,100238075,100.00,,
26.957852815,104541,,rD044,100209965,100.00,,
26.957852815,722661,,rFF44,100210545,100.00,,
26.957852815,1675655965,,instructions,100209525,100.00,4.46,insn per cycle
26.957852815,375786123,,cycles,100210105,100.00,,
27.058063954,97547,,rD044,100210035,100.00,,
27.058063954,738097,,rFF44,100209705,100.00,,
27.058063954,1678515181,,instructions,100209975,100.00,4.47,insn per cycle
27.058063954,375785147,,cycles,100209865,100.00,,
27.158277183,95149,,rD044,100213025,100.00,,
27.158277183,735571,,rFF44,100213055,100.00,,
27.158277183,1680596072,,instructions,100212595,100.00,4.47,insn per cycle
27.158277183,375798606,,cycles,100213445,100.00,,
27.258489612,108083,,rD044,100199053,100.00,,
27.258489612,723700,,rFF44,100198763,100.00,,
27.258489612,1679904868,,instructions,100199623,100.00,4.47,insn per cycle
27.258489612,375720413,,cycles,100198773,100.00,,
27.358701311,96207,,rD044,100211205,100.00,,
27.358701311,743945,,rFF44,100211345,100.00,,
27.358701311,1673306495,,instructions,100210605,100.00,4.45,insn per cycle
27.358701311,375785860,,cycles,100210055,100.00,,
27.458912250,95841,,rD044,100210285,100.00,,
27.458912250,688997,,rFF44,100210445,100.00,,
27.458912250,1671532005,,instructions,100211175,100.00,4.45,insn per cycle
27.458912250,375793844,,cycles,100211955,100.00,,
27.559126668,104614,,rD044,100198515,100.00,,
27.559126668,731939,,rFF44,100197645,100.00,,
27.559126668,1670509336,,instructions,100196835,100.00,4.45,insn per cycle
27.559126668,375714770,,cycles,100196085,100.00,,
27.659336417,93268,,rD044,100209535,100.00,,
27.659336417,736869,,rFF44,100210535,100.00,,
27.659336417,1672002722,,instructions,100211945,100.00,4.45,insn per cycle
27.659336417,375794536,,cycles,100212365,100.00,,
27.759548706,109482,,rD044,100211664,100.00,,
27.759548706,720400,,rFF44,100211184,100.00,,
27.759548706,1665056807,,instructions,100209514,100.00,4.43,insn per cycle
27.759548706,375781075,,cycles,100209365,100.00,,
27.859787775,99751,,rD044,100238125,100.00,,
27.859787775,748033,,rFF44,100238375,100.00,,
27.859787775,1653796910,,instructions,100239285,100.00,4.40,insn per cycle
27.859787775,375891781,,cycles,100239134,100.00,,
27.960016754,96614,,rD044,100228295,100.00,,
27.960016754,720747,,rFF44,100228995,100.00,,
27.960016754,1653653184,,instructions,100228855,100.00,4.40,insn per cycle
27.960016754,375857890,,cycles,100229255,100.00,,
28.060229963,73561,,rD044,100212395,100.00,,
28.060229963,685852,,rFF44,100212025,100.00,,
28.060229963,1655906874,,instructions,100212795,100.00,4.41,insn per cycle
28.060229963,375797527,,cycles,100213155,100.00,,
28.160442932,94559,,rD044,100213025,100.00,,
28.160442932,741482,,rFF44,100212695,100.00,,
28.160442932,1653759913,,instructions,100211815,100.00,4.40,insn per cycle
28.160442932,375791557,,cycles,100211565,100.00,,
28.260654021,103309,,rD044,100198385,100.00,,
28.260654021,716288,,rFF44,100198035,100.00,,
28.260654021,1654303066,,instructions,100198185,100.00,4.40,insn per cycle
28.260654021,375719008,,cycles,100197715,100.00,,
28.360865009,101341,,rD044,100210514,100.00,,
28.360865009,729436,,rFF44,100210855,100.00,,
28.360865009,1658622937,,instructions,100210105,100.00,4.41,insn per cycle
28.360865009,375786999,,cycles,100210345,100.00,,
28.461076438,94480,,rD044,100211025,100.00,,
28.461076438,729730,,rFF44,100210864,100.00,,
28.461076438,1660593912,,instructions,100211094,100.00,4.42,insn per cycle
28.461076438,375789981,,cycles,100211144,100.00,,
28.561287437,108180,,rD044,100198315,100.00,,
28.561287437,714723,,rFF44,100198355,100.00,,
28.561287437,1659880804,,instructions,100199055,100.00,4.42,insn per cycle
28.561287437,375725708,,cycles,100199205,100.00,,
28.661497216,97139,,rD044,100209285,100.00,,
28.661497216,705671,,rFF44,100209435,100.00,,
28.661497216,1661475093,,instructions,100209025,100.00,4.42,insn per cycle
28.661497216,375780764,,cycles,100208685,100.00,,
28.761740655,95959,,rD044,100242715,100.00,,
28.761740655,725620,,rFF44,100242735,100.00,,
28.761740655,1665897490,,instructions,100242715,100.00,4.43,insn per cycle
28.761740655,375910270,,cycles,100243435,100.00,,
28.861972714,105177,,rD044,100231525,100.00,,
28.861972714,727131,,rFF44,100231755,100.00,,
28.861972714,1696599942,,instructions,100231315,100.00,4.51,insn per cycle
28.861972714,375864137,,cycles,100230715,100.00,,
28.962184503,89762,,rD044,100211175,100.00,,
28.962184503,743246,,rFF44,100211025,100.00,,
28.962184503,1696845379,,instructions,100211395,100.00,4.52,insn per cycle
28.962184503,375790434,,cycles,100211265,100.00,,
29.062397372,102779,,rD044,100212064,100.00,,
29.062397372,719287,,rFF44,100211914,100.00,,
29.062397372,1683193702,,instructions,100211914,100.00,4.48,insn per cycle
29.062397372,375792861,,cycles,100211904,100.00,,
29.162606301,101820,,rD044,100208455,100.00,,
29.162606301,734734,,rFF44,100208475,100.00,,
29.162606301,1672206829,,instructions,100208325,100.00,4.45,insn per cycle
29.162606301,375780901,,cycles,100208725,100.00,,
29.262852290,95161,,rD044,100245285,100.00,,
29.262852290,731121,,rFF44,100244985,100.00,,
29.262852290,1675028129,,instructions,100245045,100.00,4.46,insn per cycle
29.262852290,375917606,,cycles,100245185,100.00,,
29.363063449,105127,,rD044,100210195,100.00,,
29.363063449,719575,,rFF44,100210445,100.00,,
29.363063449,1644832429,,instructions,100210255,100.00,4.38,insn per cycle
29.363063449,375785082,,cycles,100209845,100.00,,
29.463274038,93569,,rD044,100210225,100.00,,
29.463274038,746514,,rFF44,100210115,100.00,,
29.463274038,1650480224,,instructions,100210625,100.00,4.39,insn per cycle
29.463274038,375785595,,cycles,100210175,100.00,,
29.563485486,70313,,rD044,100189995,100.00,,
29.563485486,692895,,rFF44,100190005,100.00,,
29.563485486,1650241934,,instructions,100189505,100.00,4.39,insn per cycle
29.563485486,375676256,,cycles,100189745,100.00,,
29.663695835,105585,,rD044,100209614,100.00,,
29.663695835,723854,,rFF44,100209964,100.00,,
29.663695835,1647947659,,instructions,100210584,100.00,4.39,insn per cycle
29.663695835,375788619,,cycles,100210784,100.00,,
29.763906234,92326,,rD044,100209665,100.00,,
29.763906234,735472,,rFF44,100209205,100.00,,
29.763906234,1651151077,,instructions,100209185,100.00,4.39,insn per cycle
29.763906234,375782257,,cycles,100208875,100.00,,
29.864118313,105795,,rD044,100211825,100.00,,
29.864118313,714862,,rFF44,100211835,100.00,,
29.864118313,1653246808,,instructions,100212155,100.00,4.40,insn per cycle
29.864118313,375792840,,cycles,100212115,100.00,,
29.964330292,100900,,rD044,100211625,100.00,,
29.964330292,698788,,rFF44,100212495,100.00,,
29.964330292,1656436810,,instructions,100212265,100.00,4.41,insn per cycle
29.964330292,375796619,,cycles,100212705,100.00,,
30.064544550,93505,,rD044,100213395,100.00,,
30.064544550,725569,,rFF44,100212925,100.00,,
30.064544550,1670668810,,instructions,100212635,100.00,4.45,insn per cycle
30.064544550,375793296,,cycles,100212245,100.00,,
30.164754679,105069,,rD044,100209364,100.00,,
30.164754679,723095,,rFF44,100209204,100.00,,
30.164754679,1675631536,,instructions,100209574,100.00,4.46,insn per cycle
30.164754679,375785680,,cycles,100210004,100.00,,
30.264983508,95210,,rD044,100228105,100.00,,
30.264983508,751087,,rFF44,100228525,100.00,,
30.264983508,1678350881,,instructions,100228045,100.00,4.47,insn per cycle
30.264983508,375852701,,cycles,100227655,100.00,,
30.365196327,100765,,rD044,100211755,100.00,,
30.365196327,722770,,rFF44,100211835,100.00,,
30.365196327,1682047127,,instructions,100211545,100.00,4.48,insn per cycle
30.365196327,375793783,,cycles,100212385,100.00,,
30.465409846,103538,,rD044,100213545,100.00,,
30.465409846,729420,,rFF44,100213205,100.00,,
30.465409846,1681261314,,instructions,100212975,100.00,4.47,insn per cycle
30.465409846,375794409,,cycles,100212315,100.00,,
30.565619905,93221,,rD044,100195255,100.00,,
30.565619905,740262,,rFF44,100195025,100.00,,
30.565619905,1678887945,,instructions,100195405,100.00,4.47,insn per cycle
30.565619905,375710748,,cycles,100195485,100.00,,
30.665863014,106906,,rD044,100242285,100.00,,
30.665863014,719888,,rFF44,100242575,100.00,,
30.665863014,1677751288,,instructions,100242775,100.00,4.46,insn per cycle
30.665863014,375896658,,cycles,100242665,100.00,,
30.766076403,99981,,rD044,100212564,100.00,,
30.766076403,746703,,rFF44,100212114,100.00,,
30.766076403,1678990287,,instructions,100211734,100.00,4.47,insn per cycle
30.766076403,375793425,,cycles,100211854,100.00,,
30.866289322,67999,,rD044,100212445,100.00,,
30.866289322,696422,,rFF44,100212745,100.00,,
30.866289322,1667825591,,instructions,100212635,100.00,4.44,insn per cycle
30.866289322,375794158,,cycles,100212255,100.00,,
30.966499241,103596,,rD044,100209105,100.00,,
30.966499241,719179,,rFF44,100209205,100.00,,
30.966499241,1662732501,,instructions,100209715,100.00,4.42,insn per cycle
30.966499241,375785887,,cycles,100210055,100.00,,
31.066709519,94440,,rD044,100209525,100.00,,
31.066709519,741074,,rFF44,100209075,100.00,,
31.066709519,1662241490,,instructions,100208605,100.00,4.42,insn per cycle
31.066709519,375782200,,cycles,100209065,100.00,,
31.166921658,102097,,rD044,100212135,100.00,,
31.166921658,716210,,rFF44,100212335,100.00,,
31.166921658,1667474544,,instructions,100212925,100.00,4.44,insn per cycle
31.166921658,375797405,,cycles,100213145,100.00,,
31.267134877,102644,,rD044,100211924,100.00,,
31.267134877,728161,,rFF44,100211864,100.00,,
31.267134877,1667683544,,instructions,100212354,100.00,4.44,insn per cycle
31.267134877,375790216,,cycles,100211414,100.00,,
31.367345846,92888,,rD044,100210945,100.00,,
31.367345846,731431,,rFF44,100211505,100.00,,
31.367345846,1661575159,,instructions,100210395,100.00,4.42,insn per cycle
31.367345846,375788098,,cycles,100210635,100.00,,
31.467558675,106571,,rD044,100212025,100.00,,
31.467558675,714386,,rFF44,100211815,100.00,,
31.467558675,1657334173,,instructions,100211545,100.00,4.41,insn per cycle
31.467558675,375789838,,cycles,100211115,100.00,,
31.567770394,98915,,rD044,100199505,100.00,,
31.567770394,703616,,rFF44,100199515,100.00,,
31.567770394,1660343234,,instructions,100199595,100.00,4.42,insn per cycle
31.567770394,375729716,,cycles,100200205,100.00,,
31.668014013,93944,,rD044,100242195,100.00,,
31.668014013,721190,,rFF44,100242215,100.00,,
31.668014013,1662885622,,instructions,100242745,100.00,4.42,insn per cycle
31.668014013,375906182,,cycles,100242355,100.00,,
31.768223971,104691,,rD044,100210185,100.00,,
31.768223971,711039,,rFF44,100209855,100.00,,
31.768223971,1662992005,,instructions,100210195,100.00,4.43,insn per cycle
31.768223971,375787957,,cycles,100210485,100.00,,
31.868435410,94755,,rD044,100210814,100.00,,
31.868435410,745164,,rFF44,100211224,100.00,,
31.868435410,1643348727,,instructions,100211114,100.00,4.37,insn per cycle
31.868435410,375788961,,cycles,100210994,100.00,,
31.968649059,100901,,rD044,100213355,100.00,,
31.968649059,711426,,rFF44,100212665,100.00,,
31.968649059,1663114972,,instructions,100212645,100.00,4.43,insn per cycle
31.968649059,375796066,,cycles,100212755,100.00,,
32.068862098,101028,,rD044,100211905,100.00,,
32.068862098,718862,,rFF44,100212415,100.00,,
32.068862098,1659539343,,instructions,100212365,100.00,4.42,insn per cycle
32.068862098,375794322,,cycles,100212105,100.00,,
32.169073847,94745,,rD044,100211065,100.00,,
32.169073847,731252,,rFF44,100211085,100.00,,
32.169073847,1675049345,,instructions,100210935,100.00,4.46,insn per cycle
32.169073847,375792388,,cycles,100211785,100.00,,
32.269286066,77133,,rD044,100211025,100.00,,
32.269286066,680253,,rFF44,100210745,100.00,,
32.269286066,1681118136,,instructions,100210485,100.00,4.47,insn per cycle
32.269286066,375783094,,cycles,100209515,100.00,,
32.369497594,98316,,rD044,100201694,100.00,,
32.369497594,732897,,rFF44,100202254,100.00,,
32.369497594,1671215242,,instructions,100202544,100.00,4.45,insn per cycle
32.369497594,375736404,,cycles,100202434,100.00,,
32.469710953,94390,,rD044,100212485,100.00,,
32.469710953,726379,,rFF44,100212415,100.00,,
32.469710953,1656439864,,instructions,100212685,100.00,4.41,insn per cycle
32.469710953,375803719,,cycles,100214805,100.00,,
32.569972233,107443,,rD044,100247085,100.00,,
32.569972233,716850,,rFF44,100246535,100.00,,
32.569972233,1654332238,,instructions,100246375,100.00,4.40,insn per cycle
32.569972233,375896938,,cycles,100244635,100.00,,
32.670184902,95632,,rD044,100212085,100.00,,
32.670184902,735133,,rFF44,100212415,100.00,,
32.670184902,1653790688,,instructions,100212665,100.00,4.40,insn per cycle
32.670184902,375796611,,cycles,100212795,100.00,,
32.770395630,99887,,rD044,100210015,100.00,,
32.770395630,688636,,rFF44,100210165,100.00,,
32.770395630,1656024565,,instructions,100210175,100.00,4.41,insn per cycle
32.770395630,375789282,,cycles,100211085,100.00,,
32.870609819,101991,,rD044,100213965,100.00,,
32.870609819,727446,,rFF44,100213785,100.00,,
32.870609819,1652106523,,instructions,100213375,100.00,4.40,insn per cycle
32.870609819,375790402,,cycles,100212085,100.00,,
32.970829928,95532,,rD044,100218835,100.00,,
32.970829928,732953,,rFF44,100219115,100.00,,
32.970829928,1651331136,,instructions,100218955,100.00,4.39,insn per cycle
32.970829928,375816672,,cycles,100219105,100.00,,
33.071042387,106266,,rD044,100212094,100.00,,
33.071042387,718240,,rFF44,100211714,100.00,,
33.071042387,1653389296,,instructions,100211604,100.00,4.40,insn per cycle
33.071042387,375791849,,cycles,100211624,100.00,,
33.171253406,94766,,rD044,100210605,100.00,,
33.171253406,742669,,rFF44,100210335,100.00,,
33.171253406,1655929231,,instructions,100210425,100.00,4.41,insn per cycle
33.171253406,375787559,,cycles,100210305,100.00,,
33.271463285,74062,,rD044,100209205,100.00,,
33.271463285,681271,,rFF44,100209585,100.00,,
33.271463285,1660155792,,instructions,100209615,100.00,4.42,insn per cycle
33.271463285,375783624,,cycles,100209855,100.00,,
33.371676073,105342,,rD044,100211875,100.00,,
33.371676073,718570,,rFF44,100211435,100.00,,
33.371676073,1651151838,,instructions,100212235,100.00,4.39,insn per cycle
33.371676073,375793047,,cycles,100211765,100.00,,
33.471885352,95241,,rD044,100208725,100.00,,
33.471885352,735224,,rFF44,100208945,100.00,,
33.471885352,1652621989,,instructions,100208295,100.00,4.40,insn per cycle
33.471885352,375781554,,cycles,100208905,100.00,,
33.572089191,103026,,rD044,100178674,100.00,,
33.572089191,712866,,rFF44,100178764,100.00,,
33.572089191,1647725356,,instructions,100178934,100.00,4.39,insn per cycle
33.572089191,375634707,,cycles,100178424,100.00,,
33.672286260,98935,,rD044,100196125,100.00,,
33.672286260,727021,,rFF44,100195785,100.00,,
33.672286260,1651009487,,instructions,100195295,100.00,4.39,insn per cycle
33.672286260,375731960,,cycles,100195665,100.00,,
33.772498608,95591,,rD044,100211735,100.00,,
33.772498608,735718,,rFF44,100212105,100.00,,
33.772498608,1699619338,,instructions,100213505,100.00,4.52,insn per cycle
33.772498608,375798139,,cycles,100213325,100.00,,
33.872710617,113438,,rD044,100211225,100.00,,
33.872710617,739299,,rFF44,100211185,100.00,,
33.872710617,1731061005,,instructions,100209945,100.00,4.61,insn per cycle
33.872710617,375785623,,cycles,100209975,100.00,,
33.972922356,98231,,rD044,100211304,100.00,,
33.972922356,762455,,rFF44,100211374,100.00,,
33.972922356,1722638155,,instructions,100211855,100.00,4.58,insn per cycle
33.972922356,375792163,,cycles,100211735,100.00,,
34.073133095,99681,,rD044,100210165,100.00,,
34.073133095,726500,,rFF44,100210355,100.00,,
34.073133095,1685432885,,instructions,100209304,100.00,4.49,insn per cycle
34.073133095,375786733,,cycles,100210064,100.00,,
34.173343494,102109,,rD044,100209745,100.00,,
34.173343494,697289,,rFF44,100209755,100.00,,
34.173343494,1688342592,,instructions,100210365,100.00,4.49,insn per cycle
34.173343494,375784566,,cycles,100209915,100.00,,
34.273553983,95083,,rD044,100210065,100.00,,
34.273553983,738737,,rFF44,100210235,100.00,,
34.273553983,1687456773,,instructions,100210215,100.00,4.49,insn per cycle
34.273553983,375786581,,cycles,100210025,100.00,,
34.373766612,106570,,rD044,100212145,100.00,,
34.373766612,719157,,rFF44,100211605,100.00,,
34.373766612,1680262481,,instructions,100211485,100.00,4.47,insn per cycle
34.373766612,375790266,,cycles,100211435,100.00,,
34.474027941,97951,,rD044,100260275,100.00,,
34.474027941,748334,,rFF44,100260505,100.00,,
34.474027941,1684649801,,instructions,100260765,100.00,4.48,insn per cycle
34.474027941,375976555,,cycles,100260685,100.00,,
34.574237330,96893,,rD044,100197244,100.00,,
34.574237330,730733,,rFF44,100197215,100.00,,
34.574237330,1683331344,,instructions,100197505,100.00,4.48,insn per cycle
34.574237330,375719734,,cycles,100197745,100.00,,
34.674448908,108980,,rD044,100210685,100.00,,
34.674448908,729405,,rFF44,100210264,100.00,,
34.674448908,1685658740,,instructions,100210394,100.00,4.49,insn per cycle
34.674448908,375787406,,cycles,100210234,100.00,,
34.774658937,95466,,rD044,100209285,100.00,,
34.774658937,758524,,rFF44,100209815,100.00,,
34.774658937,1718645729,,instructions,100209085,100.00,4.57,insn per cycle
34.774658937,375781982,,cycles,100209025,100.00,,
34.874869386,87674,,rD044,100209885,100.00,,
34.874869386,719978,,rFF44,100209895,100.00,,
34.874869386,1719736920,,instructions,100210245,100.00,4.58,insn per cycle
34.874869386,375788352,,cycles,100210705,100.00,,
34.975081535,83767,,rD044,100211375,100.00,,
34.975081535,725622,,rFF44,100211135,100.00,,
34.975081535,1711869123,,instructions,100212285,100.00,4.56,insn per cycle
34.975081535,375792234,,cycles,100211745,100.00,,
35.075295174,96725,,rD044,100213335,100.00,,
35.075295174,739956,,rFF44,100213075,100.00,,
35.075295174,1705432009,,instructions,100211455,100.00,4.54,insn per cycle
35.075295174,375795087,,cycles,100212515,100.00,,
35.175506803,108643,,rD044,100211214,100.00,,
35.175506803,729858,,rFF44,100212164,100.00,,
35.175506803,1704705094,,instructions,100212624,100.00,4.54,insn per cycle
35.175506803,375795660,,cycles,100212664,100.00,,
35.275719121,95575,,rD044,100211485,100.00,,
35.275719121,755487,,rFF44,100210945,100.00,,
35.275719121,1704634659,,instructions,100210875,100.00,4.54,insn per cycle
35.275719121,375786103,,cycles,100210115,100.00,,
35.375931070,100892,,rD044,100211065,100.00,,
35.375931070,736054,,rFF44,100211295,100.00,,
35.375931070,1721956832,,instructions,100211525,100.00,4.58,insn per cycle
35.375931070,375789891,,cycles,100211335,100.00,,
35.476141469,103857,,rD044,100209675,100.00,,
35.476141469,745261,,rFF44,100209835,100.00,,
35.476141469,1720295274,,instructions,100209825,100.00,4.58,insn per cycle
35.476141469,375786292,,cycles,100210165,100.00,,
35.576354378,94973,,rD044,100198435,100.00,,
35.576354378,748106,,rFF44,100198245,100.00,,
35.576354378,1715329350,,instructions,100198135,100.00,4.57,insn per cycle
35.576354378,375721093,,cycles,100198215,100.00,,
35.676566497,106932,,rD044,100211834,100.00,,
35.676566497,737756,,rFF44,100211864,100.00,,
35.676566497,1722473542,,instructions,100211284,100.00,4.58,insn per cycle
35.676566497,375789469,,cycles,100211014,100.00,,
35.776777466,97334,,rD044,100209975,100.00,,
35.776777466,765316,,rFF44,100210005,100.00,,
35.776777466,1726183696,,instructions,100210555,100.00,4.59,insn per cycle
35.776777466,375787353,,cycles,100210445,100.00,,
35.877008975,99965,,rD044,100230645,100.00,,
35.877008975,737282,,rFF44,100230505,100.00,,
35.877008975,1713566047,,instructions,100229895,100.00,4.56,insn per cycle
35.877008975,375860676,,cycles,100229995,100.00,,
35.977219793,104920,,rD044,100210115,100.00,,
35.977219793,742604,,rFF44,100210115,100.00,,
35.977219793,1718902677,,instructions,100210705,100.00,4.57,insn per cycle
35.977219793,375786762,,cycles,100210505,100.00,,
36.077432062,93973,,rD044,100212205,100.00,,
36.077432062,752072,,rFF44,100211885,100.00,,
36.077432062,1720104754,,instructions,100211625,100.00,4.58,insn per cycle
36.077432062,375793162,,cycles,100211775,100.00,,
36.177644801,107445,,rD044,100211834,100.00,,
36.177644801,730548,,rFF44,100211824,100.00,,
36.177644801,1700771102,,instructions,100212434,100.00,4.53,insn per cycle
36.177644801,375796012,,cycles,100212755,100.00,,
36.277855830,96515,,rD044,100210325,100.00,,
36.277855830,755014,,rFF44,100209945,100.00,,
36.277855830,1689503874,,instructions,100209885,100.00,4.50,insn per cycle
36.277855830,375782150,,cycles,100209264,100.00,,
36.378078319,99011,,rD044,100222305,100.00,,
36.378078319,700399,,rFF44,100222735,100.00,,
36.378078319,1693992341,,instructions,100222235,100.00,4.51,insn per cycle
36.378078319,375835461,,cycles,100223065,100.00,,
36.478291748,108572,,rD044,100212425,100.00,,
36.478291748,734957,,rFF44,100212645,100.00,,
36.478291748,1688558538,,instructions,100213175,100.00,4.49,insn per cycle
36.478291748,375795652,,cycles,100212665,100.00,,
36.578505747,93809,,rD044,100199995,100.00,,
36.578505747,749929,,rFF44,100199665,100.00,,
36.578505747,1679991158,,instructions,100199835,100.00,4.47,insn per cycle
36.578505747,375730166,,cycles,100200165,100.00,,
36.678719155,105085,,rD044,100213175,100.00,,
36.678719155,721295,,rFF44,100213345,100.00,,
36.678719155,1669759860,,instructions,100213715,100.00,4.44,insn per cycle
36.678719155,375799616,,cycles,100213715,100.00,,
36.778932244,102140,,rD044,100211814,100.00,,
36.778932244,744525,,rFF44,100211454,100.00,,
36.778932244,1671227627,,instructions,100211084,100.00,4.45,insn per cycle
36.778932244,375789776,,cycles,100211094,100.00,,
36.879143193,96186,,rD044,100210455,100.00,,
36.879143193,738144,,rFF44,100211075,100.00,,
36.879143193,1674044981,,instructions,100210375,100.00,4.45,insn per cycle
36.879143193,375785450,,cycles,100210155,100.00,,
36.979354452,78329,,rD044,100210605,100.00,,
36.979354452,697797,,rFF44,100210855,100.00,,
36.979354452,1676086583,,instructions,100211135,100.00,4.46,insn per cycle
36.979354452,375791236,,cycles,100211235,100.00,,
37.079566161,95227,,rD044,100210975,100.00,,
37.079566161,747517,,rFF44,100210435,100.00,,
37.079566161,1676369379,,instructions,100210705,100.00,4.46,insn per cycle
37.079566161,375788267,,cycles,100210715,100.00,,
37.179778620,105660,,rD044,100212105,100.00,,
37.179778620,724984,,rFF44,100212075,100.00,,
37.179778620,1689468583,,instructions,100212275,100.00,4.50,insn per cycle
37.179778620,375794778,,cycles,100212645,100.00,,
37.280024089,103879,,rD044,100245115,100.00,,
37.280024089,738600,,rFF44,100245325,100.00,,
37.280024089,1692281486,,instructions,100245085,100.00,4.50,insn per cycle
37.280024089,375915271,,cycles,100244555,100.00,,
37.380235388,95411,,rD044,100210134,100.00,,
37.380235388,736342,,rFF44,100209824,100.00,,
37.380235388,1689717203,,instructions,100209844,100.00,4.50,insn per cycle
37.380235388,375785853,,cycles,100209834,100.00,,
37.480445846,108148,,rD044,100197744,100.00,,
37.480445846,724693,,rFF44,100198344,100.00,,
37.480445846,1683950858,,instructions,100197534,100.00,4.48,insn per cycle
37.480445846,375714980,,cycles,100197384,100.00,,
37.580656155,97057,,rD044,100186265,100.00,,
37.580656155,768140,,rFF44,100186045,100.00,,
37.580656155,1751723589,,instructions,100187525,100.00,4.66,insn per cycle
37.580656155,375671997,,cycles,100187365,100.00,,
37.680866484,102828,,rD044,100209525,100.00,,
37.680866484,741763,,rFF44,100209415,100.00,,
37.680866484,1767518852,,instructions,100208265,100.00,4.70,insn per cycle
37.680866484,375782384,,cycles,100209125,100.00,,
37.781078573,104532,,rD044,100211805,100.00,,
37.781078573,739096,,rFF44,100211975,100.00,,
37.781078573,1707880627,,instructions,100212545,100.00,4.54,insn per cycle
37.781078573,375793237,,cycles,100212015,100.00,,
37.881291582,92967,,rD044,100212124,100.00,,
37.881291582,727341,,rFF44,100211784,100.00,,
37.881291582,1639996775,,instructions,100211524,100.00,4.36,insn per cycle
37.881291582,375791660,,cycles,100211604,100.00,,
37.981502161,108143,,rD044,100210075,100.00,,
37.981502161,676071,,rFF44,100210095,100.00,,
37.981502161,1639704509,,instructions,100209895,100.00,4.36,insn per cycle
37.981502161,375786678,,cycles,100210475,100.00,,
38.081721179,97274,,rD044,100218665,100.00,,
38.081721179,739878,,rFF44,100218965,100.00,,
38.081721179,1643497449,,instructions,100219055,100.00,4.37,insn per cycle
38.081721179,375811884,,cycles,100218635,100.00,,
38.181952189,96560,,rD044,100229645,100.00,,
38.181952189,716766,,rFF44,100229455,100.00,,
38.181952189,1643201705,,instructions,100230315,100.00,4.37,insn per cycle
38.181952189,375859504,,cycles,100229675,100.00,,
38.282198538,108413,,rD044,100246035,100.00,,
38.282198538,716576,,rFF44,100245795,100.00,,
38.282198538,1645243994,,instructions,100244915,100.00,4.38,insn per cycle
38.282198538,375915281,,cycles,100244555,100.00,,
38.382408847,64197,,rD044,100209825,100.00,,
38.382408847,709428,,rFF44,100210115,100.00,,
38.382408847,1674686209,,instructions,100210545,100.00,4.46,insn per cycle
38.382408847,375793118,,cycles,100211995,100.00,,
38.482622515,102503,,rD044,100212714,100.00,,
38.482622515,717617,,rFF44,100212454,100.00,,
38.482622515,1674063606,,instructions,100212115,100.00,4.45,insn per cycle
38.482622515,375790950,,cycles,100211195,100.00,,
38.582835464,101953,,rD044,100198175,100.00,,
38.582835464,737680,,rFF44,100198455,100.00,,
38.582835464,1668831169,,instructions,100198594,100.00,4.44,insn per cycle
38.582835464,375722757,,cycles,100198814,100.00,,
38.683047943,95413,,rD044,100212115,100.00,,
38.683047943,737003,,rFF44,100212005,100.00,,
38.683047943,1668850367,,instructions,100211565,100.00,4.44,insn per cycle
38.683047943,375789617,,cycles,100211055,100.00,,
38.783259962,107467,,rD044,100211035,100.00,,
38.783259962,723268,,rFF44,100211155,100.00,,
38.783259962,1667891941,,instructions,100211115,100.00,4.44,insn per cycle
38.783259962,375790650,,cycles,100211535,100.00,,
38.883473691,95811,,rD044,100213285,100.00,,
38.883473691,715278,,rFF44,100213585,100.00,,
38.883473691,1672742574,,instructions,100213775,100.00,4.45,insn per cycle
38.883473691,375798743,,cycles,100213275,100.00,,
38.983686120,98947,,rD044,100212064,100.00,,
38.983686120,727058,,rFF44,100211285,100.00,,
38.983686120,1689871057,,instructions,100211995,100.00,4.50,insn per cycle
38.983686120,375785380,,cycles,100212235,100.00,,
39.083897838,105671,,rD044,100210945,100.00,,
39.083897838,734319,,rFF44,100210974,100.00,,
39.083897838,1671666746,,instructions,100209964,100.00,4.45,insn per cycle
39.083897838,375783964,,cycles,100209744,100.00,,
39.184108677,94747,,rD044,100210255,100.00,,
39.184108677,740256,,rFF44,100210585,100.00,,
39.184108677,1668281946,,instructions,100211435,100.00,4.44,insn per cycle
39.184108677,375797842,,cycles,100213035,100.00,,
39.284324676,90637,,rD044,100216185,100.00,,
39.284324676,704390,,rFF44,100216235,100.00,,
39.284324676,1664893544,,instructions,100215815,100.00,4.43,insn per cycle
39.284324676,375801494,,cycles,100214435,100.00,,
39.384536375,80672,,rD044,100210115,100.00,,
39.384536375,727356,,rFF44,100210085,100.00,,
39.384536375,1674224171,,instructions,100210015,100.00,4.46,insn per cycle
39.384536375,375786688,,cycles,100210165,100.00,,
39.484749594,99504,,rD044,100212475,100.00,,
39.484749594,731822,,rFF44,100212645,100.00,,
39.484749594,1678394166,,instructions,100212825,100.00,4.47,insn per cycle
39.484749594,375797044,,cycles,100213125,100.00,,
39.584984703,107116,,rD044,100222364,100.00,,
39.584984703,739188,,rFF44,100222124,100.00,,
39.584984703,1715930918,,instructions,100222695,100.00,4.57,insn per cycle
39.584984703,375808313,,cycles,100222185,100.00,,
39.685196642,94384,,rD044,100211775,100.00,,
39.685196642,756502,,rFF44,100212055,100.00,,
39.685196642,1714190919,,instructions,100210904,100.00,4.56,insn per cycle
39.685196642,375789701,,cycles,100211064,100.00,,
39.785409221,104637,,rD044,100211925,100.00,,
39.785409221,727095,,rFF44,100212125,100.00,,
39.785409221,1685775318,,instructions,100212225,100.00,4.49,insn per cycle
39.785409221,375793312,,cycles,100212245,100.00,,
39.885621659,101833,,rD044,100211365,100.00,,
39.885621659,742027,,rFF44,100210735,100.00,,
39.885621659,1679642099,,instructions,100211115,100.00,4.47,insn per cycle
39.885621659,375791139,,cycles,100211275,100.00,,
39.985832598,97829,,rD044,100210325,100.00,,
39.985832598,728885,,rFF44,100209995,100.00,,
39.985832598,1678069685,,instructions,100209565,100.00,4.47,insn per cycle
39.985832598,375784565,,cycles,100209685,100.00,,
40.086044647,105957,,rD044,100211594,100.00,,
40.086044647,721420,,rFF44,100212035,100.00,,
40.086044647,1697836857,,instructions,100212275,100.00,4.52,insn per cycle
40.086044647,375796622,,cycles,100213125,100.00,,
40.186285486,96020,,rD044,100240255,100.00,,
40.186285486,713027,,rFF44,100239944,100.00,,
40.186285486,1692370481,,instructions,100240654,100.00,4.50,insn per cycle
40.186285486,375896101,,cycles,100239444,100.00,,
40.286497725,105019,,rD044,100211665,100.00,,
40.286497725,722662,,rFF44,100211755,100.00,,
40.286497725,1680347380,,instructions,100210935,100.00,4.47,insn per cycle
40.286497725,375793094,,cycles,100211845,100.00,,
40.386708924,103678,,rD044,100211045,100.00,,
40.386708924,734498,,rFF44,100211675,100.00,,
40.386708924,1672535623,,instructions,100211475,100.00,4.45,insn per cycle
40.386708924,375789075,,cycles,100210825,100.00,,
40.486922323,94800,,rD044,100212115,100.00,,
40.486922323,735296,,rFF44,100211875,100.00,,
40.486922323,1670834426,,instructions,100211975,100.00,4.45,insn per cycle
40.486922323,375796711,,cycles,100212945,100.00,,
40.587134182,107633,,rD044,100197765,100.00,,
40.587134182,718884,,rFF44,100197765,100.00,,
40.587134182,1673285720,,instructions,100197565,100.00,4.45,insn per cycle
40.587134182,375715991,,cycles,100196835,100.00,,
40.687344810,98219,,rD044,100210294,100.00,,
40.687344810,742460,,rFF44,100210294,100.00,,
40.687344810,1668331984,,instructions,100210785,100.00,4.44,insn per cycle
40.687344810,375788761,,cycles,100210615,100.00,,
40.787556609,66764,,rD044,100210715,100.00,,
40.787556609,681334,,rFF44,100210475,100.00,,
40.787556609,1667354199,,instructions,100210664,100.00,4.44,insn per cycle
40.787556609,375786843,,cycles,100210514,100.00,,
40.887765438,104919,,rD044,100208245,100.00,,
40.887765438,719999,,rFF44,100208535,100.00,,
40.887765438,1653010938,,instructions,100208585,100.00,4.40,insn per cycle
40.887765438,375782333,,cycles,100208905,100.00,,
40.987996567,95478,,rD044,100230525,100.00,,
40.987996567,734772,,rFF44,100230615,100.00,,
40.987996567,1651093325,,instructions,100230275,100.00,4.39,insn per cycle
40.987996567,375858947,,cycles,100229635,100.00,,
41.088208226,103433,,rD044,100211165,100.00,,
41.088208226,711316,,rFF44,100211065,100.00,,
41.088208226,1648840138,,instructions,100211215,100.00,4.39,insn per cycle
41.088208226,375792925,,cycles,100212025,100.00,,
41.188414085,99167,,rD044,100205335,100.00,,
41.188414085,728577,,rFF44,100204935,100.00,,
41.188414085,1668292323,,instructions,100204665,100.00,4.44,insn per cycle
41.188414085,375763760,,cycles,100204175,100.00,,
41.288623933,96581,,rD044,100209434,100.00,,
41.288623933,692352,,rFF44,100209614,100.00,,
41.288623933,1665202993,,instructions,100210774,100.00,4.43,insn per cycle
41.288623933,375788420,,cycles,100210724,100.00,,
41.388836382,108162,,rD044,100211275,100.00,,
41.388836382,716878,,rFF44,100211145,100.00,,
41.388836382,1648861431,,instructions,100210235,100.00,4.39,insn per cycle
41.388836382,375790166,,cycles,100210985,100.00,,
41.489030651,93939,,rD044,100194325,100.00,,
41.489030651,738641,,rFF44,100195225,100.00,,
41.489030651,1645666362,,instructions,100194805,100.00,4.38,insn per cycle
41.489030651,375726410,,cycles,100194195,100.00,,
41.589242620,100116,,rD044,100185495,100.00,,
41.589242620,715872,,rFF44,100185145,100.00,,
41.589242620,1641884798,,instructions,100186195,100.00,4.37,insn per cycle
41.589242620,375653195,,cycles,100185875,100.00,,
41.689450078,106179,,rD044,100206734,100.00,,
41.689450078,722699,,rFF44,100206474,100.00,,
41.689450078,1644991027,,instructions,100206454,100.00,4.38,insn per cycle
41.689450078,375777576,,cycles,100207635,100.00,,
41.789663617,61799,,rD044,100213075,100.00,,
41.789663617,701589,,rFF44,100213595,100.00,,
41.789663617,1653945032,,instructions,100212715,100.00,4.40,insn per cycle
41.789663617,375792544,,cycles,100211834,100.00,,
41.889874086,104939,,rD044,100210225,100.00,,
41.889874086,714556,,rFF44,100209835,100.00,,
41.889874086,1647773457,,instructions,100209865,100.00,4.38,insn per cycle
41.889874086,375785104,,cycles,100209845,100.00,,
41.990085055,99397,,rD044,100209895,100.00,,
41.990085055,738637,,rFF44,100209855,100.00,,
41.990085055,1649370405,,instructions,100210555,100.00,4.39,insn per cycle
41.990085055,375787496,,cycles,100210485,100.00,,
42.090325164,96620,,rD044,100239255,100.00,,
42.090325164,720909,,rFF44,100239235,100.00,,
42.090325164,1649826698,,instructions,100239395,100.00,4.39,insn per cycle
42.090325164,375901081,,cycles,100240775,100.00,,
42.190529283,103351,,rD044,100204175,100.00,,
42.190529283,714090,,rFF44,100204085,100.00,,
42.190529283,1649581737,,instructions,100204215,100.00,4.39,insn per cycle
42.190529283,375757534,,cycles,100202705,100.00,,
42.290741352,92099,,rD044,100211074,100.00,,
42.290741352,704910,,rFF44,100211154,100.00,,
42.290741352,1652142751,,instructions,100210174,100.00,4.40,insn per cycle
42.290741352,375790313,,cycles,100211244,100.00,,
42.390972891,99678,,rD044,100230895,100.00,,
42.390972891,716022,,rFF44,100230795,100.00,,
42.390972891,1648370703,,instructions,100230745,100.00,4.39,insn per cycle
42.390972891,375859599,,cycles,100229695,100.00,,
42.491183410,103760,,rD044,100209775,100.00,,
42.491183410,719022,,rFF44,100209905,100.00,,
42.491183410,1650766929,,instructions,100210075,100.00,4.39,insn per cycle
42.491183410,375786167,,cycles,100210145,100.00,,
42.591394088,94713,,rD044,100185345,100.00,,
42.591394088,724477,,rFF44,100185175,100.00,,
42.591394088,1650394981,,instructions,100185005,100.00,4.39,insn per cycle
42.591394088,375649237,,cycles,100185035,100.00,,
42.691594087,73625,,rD044,100199395,100.00,,
42.691594087,676029,,rFF44,100199285,100.00,,
42.691594087,1653462780,,instructions,100200195,100.00,4.40,insn per cycle
42.691594087,375749299,,cycles,100200295,100.00,,
42.791805556,96761,,rD044,100215804,100.00,,
42.791805556,739025,,rFF44,100224894,100.00,,
42.791805556,1650606651,,instructions,100224585,100.00,4.39,insn per cycle
42.791805556,375841651,,cycles,100224935,100.00,,
42.892029805,98574,,rD044,100219165,100.00,,
42.892029805,723797,,rFF44,100210535,100.00,,
42.892029805,1650255217,,instructions,100210404,100.00,4.39,insn per cycle
42.892029805,375786423,,cycles,100210194,100.00,,
42.992248694,104983,,rD044,100218095,100.00,,
42.992248694,717899,,rFF44,100217875,100.00,,
42.992248694,1648202710,,instructions,100217435,100.00,4.39,insn per cycle
42.992248694,375814521,,cycles,100217685,100.00,,
43.092460203,96682,,rD044,100210605,100.00,,
43.092460203,735198,,rFF44,100210395,100.00,,
43.092460203,1650292253,,instructions,100210405,100.00,4.39,insn per cycle
43.092460203,375786586,,cycles,100210245,100.00,,
43.193989906,107862,,rD044,101528851,100.00,,
43.193989906,691167,,rFF44,101528961,100.00,,
43.193989906,1672025332,,instructions,101529581,100.00,4.39,insn per cycle
43.193989906,380727229,,cycles,101530041,100.00,,
43.294201495,102506,,rD044,100211085,100.00,,
43.294201495,724008,,rFF44,100211325,100.00,,
43.294201495,1649230992,,instructions,100210355,100.00,4.39,insn per cycle
43.294201495,375786313,,cycles,100210155,100.00,,
43.394412964,93033,,rD044,100211405,100.00,,
43.394412964,723351,,rFF44,100211165,100.00,,
43.394412964,1651670506,,instructions,100211515,100.00,4.40,insn per cycle
43.394412964,375789326,,cycles,100211195,100.00,,
43.494624423,105641,,rD044,100210874,100.00,,
43.494624423,710819,,rFF44,100211005,100.00,,
43.494624423,1650650441,,instructions,100211595,100.00,4.39,insn per cycle
43.494624423,375790723,,cycles,100211345,100.00,,
43.594836451,97773,,rD044,100198675,100.00,,
43.594836451,738687,,rFF44,100198854,100.00,,
43.594836451,1657683269,,instructions,100198474,100.00,4.41,insn per cycle
43.594836451,375722666,,cycles,100198624,100.00,,
43.695038700,67222,,rD044,100192575,100.00,,
43.695038700,685391,,rFF44,100192215,100.00,,
43.695038700,1655703300,,instructions,100192015,100.00,4.41,insn per cycle
43.695038700,375696949,,cycles,100191255,100.00,,
43.795248449,103966,,rD044,100209085,100.00,,
43.795248449,721888,,rFF44,100209475,100.00,,
43.795248449,1652046311,,instructions,100209875,100.00,4.40,insn per cycle
43.795248449,375790376,,cycles,100211045,100.00,,
43.895494018,94867,,rD044,100244665,100.00,,
43.895494018,738625,,rFF44,100244965,100.00,,
43.895494018,1654854432,,instructions,100245785,100.00,4.40,insn per cycle
43.895494018,375917745,,cycles,100245215,100.00,,
43.995705917,104050,,rD044,100211235,100.00,,
43.995705917,716438,,rFF44,100210665,100.00,,
43.995705917,1650989330,,instructions,100209795,100.00,4.39,insn per cycle
43.995705917,375785380,,cycles,100210125,100.00,,
44.095919406,97817,,rD044,100212754,100.00,,
44.095919406,728066,,rFF44,100212664,100.00,,
44.095919406,1653337815,,instructions,100213134,100.00,4.40,insn per cycle
44.095919406,375797278,,cycles,100212885,100.00,,
44.196121305,95550,,rD044,100201645,100.00,,
44.196121305,689266,,rFF44,100201615,100.00,,
44.196121305,1656785989,,instructions,100201435,100.00,4.41,insn per cycle
44.196121305,375753473,,cycles,100201414,100.00,,
44.296334763,108946,,rD044,100213085,100.00,,
44.296334763,714481,,rFF44,100213405,100.00,,
44.296334763,1653276096,,instructions,100212635,100.00,4.40,insn per cycle
44.296334763,375795015,,cycles,100212495,100.00,,
44.396547732,94927,,rD044,100211825,100.00,,
44.396547732,739220,,rFF44,100212215,100.00,,
44.396547732,1654227769,,instructions,100212615,100.00,4.40,insn per cycle
44.396547732,375795800,,cycles,100212695,100.00,,
44.496757071,99348,,rD044,100209075,100.00,,
44.496757071,714939,,rFF44,100207935,100.00,,
44.496757071,1653529529,,instructions,100207605,100.00,4.40,insn per cycle
44.496757071,375774400,,cycles,100207205,100.00,,
44.597002610,105856,,rD044,100233115,100.00,,
44.597002610,724277,,rFF44,100233415,100.00,,
44.597002610,1651688161,,instructions,100233905,100.00,4.39,insn per cycle
44.597002610,375858065,,cycles,100234385,100.00,,
44.697210449,93295,,rD044,100206754,100.00,,
44.697210449,735242,,rFF44,100207134,100.00,,
44.697210449,1652331209,,instructions,100206594,100.00,4.40,insn per cycle
44.697210449,375769903,,cycles,100206624,100.00,,
44.797422628,74135,,rD044,100212065,100.00,,
44.797422628,684710,,rFF44,100211885,100.00,,
44.797422628,1655429869,,instructions,100212645,100.00,4.41,insn per cycle
44.797422628,375793973,,cycles,100212435,100.00,,
44.897636167,98869,,rD044,100213015,100.00,,
44.897636167,741141,,rFF44,100213405,100.00,,
44.897636167,1653169178,,instructions,100212485,100.00,4.40,insn per cycle
44.897636167,375797225,,cycles,100212865,100.00,,
44.997849176,97513,,rD044,100212485,100.00,,
44.997849176,715542,,rFF44,100212455,100.00,,
44.997849176,1654460031,,instructions,100212825,100.00,4.40,insn per cycle
44.997849176,375796256,,cycles,100212815,100.00,,
45.098062344,104063,,rD044,100212125,100.00,,
45.098062344,712461,,rFF44,100212245,100.00,,
45.098062344,1651278525,,instructions,100212655,100.00,4.39,insn per cycle
45.098062344,375796290,,cycles,100212835,100.00,,
45.198266733,93473,,rD044,100204194,100.00,,
45.198266733,741957,,rFF44,100204354,100.00,,
45.198266733,1684420331,,instructions,100203704,100.00,4.48,insn per cycle
45.198266733,375764501,,cycles,100204344,100.00,,
45.298478412,106737,,rD044,100210615,100.00,,
45.298478412,691355,,rFF44,100210705,100.00,,
45.298478412,1678891073,,instructions,100211315,100.00,4.47,insn per cycle
45.298478412,375778450,,cycles,100210555,100.00,,
45.398694001,102807,,rD044,100214895,100.00,,
45.398694001,733202,,rFF44,100214375,100.00,,
45.398694001,1685850650,,instructions,100214145,100.00,4.49,insn per cycle
45.398694001,375799947,,cycles,100213795,100.00,,
45.498886640,94967,,rD044,100192075,100.00,,
45.498886640,738879,,rFF44,100191465,100.00,,
45.498886640,1685563281,,instructions,100191335,100.00,4.49,insn per cycle
45.498886640,375719701,,cycles,100192415,100.00,,
45.599098618,108084,,rD044,100188275,100.00,,
45.599098618,730432,,rFF44,100188085,100.00,,
45.599098618,1685500545,,instructions,100188735,100.00,4.49,insn per cycle
45.599098618,375670039,,cycles,100187975,100.00,,
45.699304707,97713,,rD044,100205224,100.00,,
45.699304707,754087,,rFF44,100205624,100.00,,
45.699304707,1687627260,,instructions,100204894,100.00,4.49,insn per cycle
45.699304707,375764848,,cycles,100204444,100.00,,
45.799543576,98856,,rD044,100238155,100.00,,
45.799543576,724844,,rFF44,100238025,100.00,,
45.799543576,1695737649,,instructions,100238265,100.00,4.51,insn per cycle
45.799543576,375892620,,cycles,100238515,100.00,,
45.899755245,72993,,rD044,100211315,100.00,,
45.899755245,699610,,rFF44,100212005,100.00,,
45.899755245,1694280694,,instructions,100211515,100.00,4.51,insn per cycle
45.899755245,375791787,,cycles,100211635,100.00,,
45.999984724,95242,,rD044,100228935,100.00,,
45.999984724,745771,,rFF44,100229005,100.00,,
45.999984724,1695556475,,instructions,100228905,100.00,4.51,insn per cycle
45.999984724,375855624,,cycles,100228655,100.00,,
46.100196163,107328,,rD044,100211065,100.00,,
46.100196163,727848,,rFF44,100210975,100.00,,
46.100196163,1691676022,,instructions,100211555,100.00,4.50,insn per cycle
46.100196163,375793664,,cycles,100212345,100.00,,
46.200409152,102303,,rD044,100212235,100.00,,
46.200409152,746477,,rFF44,100212515,100.00,,
46.200409152,1691137393,,instructions,100212265,100.00,4.50,insn per cycle
46.200409152,375795346,,cycles,100212355,100.00,,
46.300622471,97745,,rD044,100212554,100.00,,
46.300622471,733239,,rFF44,100212174,100.00,,
46.300622471,1684817242,,instructions,100212564,100.00,4.48,insn per cycle
46.300622471,375792648,,cycles,100211864,100.00,,
46.400835800,109381,,rD044,100212235,100.00,,
46.400835800,724610,,rFF44,100212455,100.00,,
46.400835800,1679306744,,instructions,100212745,100.00,4.47,insn per cycle
46.400835800,375795600,,cycles,100212635,100.00,,
46.501047068,94231,,rD044,100210735,100.00,,
46.501047068,706563,,rFF44,100210075,100.00,,
46.501047068,1677114546,,instructions,100209185,100.00,4.46,insn per cycle
46.501047068,375782769,,cycles,100209235,100.00,,
46.601258647,102514,,rD044,100197235,100.00,,
46.601258647,723583,,rFF44,100197445,100.00,,
46.601258647,1672968058,,instructions,100197855,100.00,4.45,insn per cycle
46.601258647,375716268,,cycles,100197935,100.00,,
46.701469436,101189,,rD044,100209905,100.00,,
46.701469436,736132,,rFF44,100209855,100.00,,
46.701469436,1671492983,,instructions,100209765,100.00,4.45,insn per cycle
46.701469436,375785983,,cycles,100209855,100.00,,
46.801680765,95209,,rD044,100210644,100.00,,
46.801680765,733000,,rFF44,100210974,100.00,,
46.801680765,1672120970,,instructions,100211904,100.00,4.45,insn per cycle
46.801680765,375793400,,cycles,100212054,100.00,,
46.901892814,105451,,rD044,100212165,100.00,,
46.901892814,719450,,rFF44,100212115,100.00,,
46.901892814,1670657020,,instructions,100211255,100.00,4.45,insn per cycle
46.901892814,375790221,,cycles,100211215,100.00,,
47.002107182,94037,,rD044,100213315,100.00,,
47.002107182,743761,,rFF44,100213105,100.00,,
47.002107182,1672100545,,instructions,100213325,100.00,4.45,insn per cycle
47.002107182,375796258,,cycles,100213025,100.00,,
47.102319061,72061,,rD044,100211315,100.00,,
47.102319061,690985,,rFF44,100211355,100.00,,
47.102319061,1675607841,,instructions,100211155,100.00,4.46,insn per cycle
47.102319061,375788682,,cycles,100210815,100.00,,
47.202530780,106151,,rD044,100210615,100.00,,
47.202530780,734705,,rFF44,100210665,100.00,,
47.202530780,1670664653,,instructions,100210765,100.00,4.45,insn per cycle
47.202530780,375777242,,cycles,100211075,100.00,,
47.302742259,93040,,rD044,100210954,100.00,,
47.302742259,743995,,rFF44,100209934,100.00,,
47.302742259,1670966433,,instructions,100209554,100.00,4.45,insn per cycle
47.302742259,375782340,,cycles,100209114,100.00,,
47.402986348,106091,,rD044,100243275,100.00,,
47.402986348,723101,,rFF44,100244305,100.00,,
47.402986348,1668762718,,instructions,100244105,100.00,4.44,insn per cycle
47.402986348,375917316,,cycles,100245105,100.00,,
47.503200697,99516,,rD044,100214005,100.00,,
47.503200697,744692,,rFF44,100214015,100.00,,
47.503200697,1667106902,,instructions,100214155,100.00,4.44,insn per cycle
47.503200697,375798771,,cycles,100213485,100.00,,
47.603412226,95958,,rD044,100197375,100.00,,
47.603412226,726513,,rFF44,100196735,100.00,,
47.603412226,1669306312,,instructions,100196965,100.00,4.44,insn per cycle
47.603412226,375716160,,cycles,100196825,100.00,,
47.703650415,104095,,rD044,100226005,100.00,,
47.703650415,690822,,rFF44,100226675,100.00,,
47.703650415,1673388773,,instructions,100226725,100.00,4.45,insn per cycle
47.703650415,375830288,,cycles,100227595,100.00,,
47.803860734,94764,,rD044,100209235,100.00,,
47.803860734,744931,,rFF44,100209455,100.00,,
47.803860734,1671914295,,instructions,100209245,100.00,4.45,insn per cycle
47.803860734,375781016,,cycles,100208555,100.00,,
47.904072743,104205,,rD044,100212414,100.00,,
47.904072743,719349,,rFF44,100212205,100.00,,
47.904072743,1662656179,,instructions,100213035,100.00,4.42,insn per cycle
47.904072743,375798567,,cycles,100213425,100.00,,
48.004285401,101705,,rD044,100211645,100.00,,
48.004285401,736616,,rFF44,100211664,100.00,,
48.004285401,1680004016,,instructions,100211704,100.00,4.47,insn per cycle
48.004285401,375792726,,cycles,100211884,100.00,,
48.104504630,94725,,rD044,100218645,100.00,,
48.104504630,735169,,rFF44,100218425,100.00,,
48.104504630,1688133011,,instructions,100218095,100.00,4.49,insn per cycle
48.104504630,375815054,,cycles,100217835,100.00,,
48.204717559,109192,,rD044,100211905,100.00,,
48.204717559,725780,,rFF44,100211945,100.00,,
48.204717559,1696325778,,instructions,100211585,100.00,4.51,insn per cycle
48.204717559,375791889,,cycles,100211655,100.00,,
48.304926658,82798,,rD044,100208845,100.00,,
48.304926658,739169,,rFF44,100208815,100.00,,
48.304926658,1692977654,,instructions,100208985,100.00,4.51,insn per cycle
48.304926658,375774316,,cycles,100208605,100.00,,
48.405145397,84164,,rD044,100218185,100.00,,
48.405145397,712893,,rFF44,100218165,100.00,,
48.405145397,1699254652,,instructions,100218175,100.00,4.52,insn per cycle
48.405145397,375814715,,cycles,100217945,100.00,,
48.505358156,104229,,rD044,100212164,100.00,,
48.505358156,732465,,rFF44,100211824,100.00,,
48.505358156,1696570279,,instructions,100211664,100.00,4.51,insn per cycle
48.505358156,375793560,,cycles,100212104,100.00,,
48.605569235,95267,,rD044,100197075,100.00,,
48.605569235,740812,,rFF44,100197695,100.00,,
48.605569235,1687494957,,instructions,100197355,100.00,4.49,insn per cycle
48.605569235,375717310,,cycles,100197285,100.00,,
48.705780973,106875,,rD044,100211015,100.00,,
48.705780973,723168,,rFF44,100210675,100.00,,
48.705780973,1689560733,,instructions,100211155,100.00,4.50,insn per cycle
48.705780973,375790061,,cycles,100211175,100.00,,
48.806011662,97245,,rD044,100229595,100.00,,
48.806011662,751211,,rFF44,100229725,100.00,,
48.806011662,1684753259,,instructions,100229665,100.00,4.48,insn per cycle
48.806011662,375858519,,cycles,100229625,100.00,,
48.906221411,97533,,rD044,100209255,100.00,,
48.906221411,729160,,rFF44,100208835,100.00,,
48.906221411,1677544376,,instructions,100208725,100.00,4.46,insn per cycle
48.906221411,375780972,,cycles,100208755,100.00,,
49.006433370,109042,,rD044,100211474,100.00,,
49.006433370,689606,,rFF44,100211835,100.00,,
49.006433370,1673673698,,instructions,100212295,100.00,4.45,insn per cycle
49.006433370,375794277,,cycles,100212285,100.00,,
49.106646739,93114,,rD044,100212645,100.00,,
49.106646739,732310,,rFF44,100212654,100.00,,
49.106646739,1647154750,,instructions,100212244,100.00,4.38,insn per cycle
49.106646739,375795392,,cycles,100212374,100.00,,
49.206860448,103153,,rD044,100212875,100.00,,
49.206860448,716375,,rFF44,100212805,100.00,,
49.206860448,1637427363,,instructions,100212205,100.00,4.36,insn per cycle
49.206860448,375795488,,cycles,100212615,100.00,,
49.307071887,108313,,rD044,100210705,100.00,,
49.307071887,731050,,rFF44,100210775,100.00,,
49.307071887,1644466258,,instructions,100211145,100.00,4.38,insn per cycle
49.307071887,375786974,,cycles,100210365,100.00,,
49.407281855,64198,,rD044,100209045,100.00,,
49.407281855,697565,,rFF44,100209175,100.00,,
49.407281855,1644825362,,instructions,100209505,100.00,4.38,insn per cycle
49.407281855,375784574,,cycles,100209685,100.00,,
49.507482054,104034,,rD044,100199984,100.00,,
49.507482054,717348,,rFF44,100199264,100.00,,
49.507482054,1634386576,,instructions,100199065,100.00,4.35,insn per cycle
49.507482054,375747453,,cycles,100199815,100.00,,
49.607724463,96798,,rD044,100215934,100.00,,
49.607724463,743088,,rFF44,100216474,100.00,,
49.607724463,1639145088,,instructions,100216733,100.00,4.36,insn per cycle
49.607724463,375776654,,cycles,100216773,100.00,,
49.707977233,98404,,rD044,100251875,100.00,,
49.707977233,720282,,rFF44,100251505,100.00,,
49.707977233,1636027344,,instructions,100251435,100.00,4.35,insn per cycle
49.707977233,375938474,,cycles,100250755,100.00,,
49.808188741,103151,,rD044,100211085,100.00,,
49.808188741,678157,,rFF44,100211065,100.00,,
49.808188741,1642012714,,instructions,100211065,100.00,4.37,insn per cycle
49.808188741,375790568,,cycles,100211295,100.00,,
49.908399500,95500,,rD044,100210305,100.00,,
49.908399500,748394,,rFF44,100210435,100.00,,
49.908399500,1695136174,,instructions,100210115,100.00,4.51,insn per cycle
49.908399500,375784217,,cycles,100209605,100.00,,
50.008609979,107587,,rD044,100209635,100.00,,
50.008609979,735611,,rFF44,100210015,100.00,,
50.008609979,1703428097,,instructions,100209985,100.00,4.53,insn per cycle
50.008609979,375783753,,cycles,100209695,100.00,,
50.108837868,99473,,rD044,100227695,100.00,,
50.108837868,746768,,rFF44,100227885,100.00,,
50.108837868,1699110763,,instructions,100228825,100.00,4.52,insn per cycle
50.108837868,375860260,,cycles,100229895,100.00,,
50.209053867,94844,,rD044,100214555,100.00,,
50.209053867,725343,,rFF44,100214275,100.00,,
50.209053867,1662382854,,instructions,100213435,100.00,4.42,insn per cycle
50.209053867,375798436,,cycles,100213195,100.00,,
50.309269346,108135,,rD044,100214924,100.00,,
50.309269346,724991,,rFF44,100214824,100.00,,
50.309269346,1684851126,,instructions,100215044,100.00,4.48,insn per cycle
50.309269346,375803515,,cycles,100214964,100.00,,
50.409479345,96241,,rD044,100209025,100.00,,
50.409479345,744967,,rFF44,100208825,100.00,,
50.409479345,1693681419,,instructions,100209495,100.00,4.51,insn per cycle
50.409479345,375784653,,cycles,100209535,100.00,,
50.509689883,101755,,rD044,100210305,100.00,,
50.509689883,722427,,rFF44,100210625,100.00,,
50.509689883,1686777901,,instructions,100210365,100.00,4.49,insn per cycle
50.509689883,375786111,,cycles,100210085,100.00,,
50.609902672,100284,,rD044,100199155,100.00,,
50.609902672,739723,,rFF44,100198805,100.00,,
50.609902672,1694826749,,instructions,100198565,100.00,4.51,insn per cycle
50.609902672,375723377,,cycles,100198835,100.00,,
50.710114031,65583,,rD044,100210465,100.00,,
50.710114031,712589,,rFF44,100210195,100.00,,
50.710114031,1714564243,,instructions,100210285,100.00,4.56,insn per cycle
50.710114031,375788334,,cycles,100210495,100.00,,
50.810326680,110456,,rD044,100212214,100.00,,
50.810326680,731763,,rFF44,100212574,100.00,,
50.810326680,1706020807,,instructions,100212394,100.00,4.54,insn per cycle
50.810326680,375793486,,cycles,100212084,100.00,,
50.910538369,96195,,rD044,100210985,100.00,,
50.910538369,750275,,rFF44,100211485,100.00,,
50.910538369,1678359227,,instructions,100211385,100.00,4.47,insn per cycle
50.910538369,375788495,,cycles,100210755,100.00,,
51.010751768,98459,,rD044,100213075,100.00,,
51.010751768,717561,,rFF44,100212365,100.00,,
51.010751768,1658290921,,instructions,100213115,100.00,4.41,insn per cycle
51.010751768,375798431,,cycles,100213395,100.00,,
51.110981127,105071,,rD044,100228265,100.00,,
51.110981127,723678,,rFF44,100228705,100.00,,
51.110981127,1657055340,,instructions,100227845,100.00,4.41,insn per cycle
51.110981127,375853571,,cycles,100228325,100.00,,
51.211192685,94140,,rD044,100211265,100.00,,
51.211192685,731966,,rFF44,100210855,100.00,,
51.211192685,1647680648,,instructions,100211125,100.00,4.38,insn per cycle
51.211192685,375787424,,cycles,100210255,100.00,,
51.311402434,103602,,rD044,100209124,100.00,,
51.311402434,677868,,rFF44,100209684,100.00,,
51.311402434,1656391004,,instructions,100209805,100.00,4.41,insn per cycle
51.311402434,375787273,,cycles,100210415,100.00,,
51.411614763,98536,,rD044,100211745,100.00,,
51.411614763,729272,,rFF44,100212095,100.00,,
51.411614763,1656149611,,instructions,100212604,100.00,4.41,insn per cycle
51.411614763,375794507,,cycles,100212344,100.00,,
51.511843342,98090,,rD044,100227545,100.00,,
51.511843342,731929,,rFF44,100227035,100.00,,
51.511843342,1690987969,,instructions,100226775,100.00,4.50,insn per cycle
51.511843342,375847844,,cycles,100226795,100.00,,
51.612055831,106752,,rD044,100197435,100.00,,
51.612055831,728269,,rFF44,100197255,100.00,,
51.612055831,1675078861,,instructions,100196935,100.00,4.46,insn per cycle
51.612055831,375717110,,cycles,100197275,100.00,,
51.712267510,92313,,rD044,100211245,100.00,,
51.712267510,740069,,rFF44,100211025,100.00,,
51.712267510,1661439588,,instructions,100210625,100.00,4.42,insn per cycle
51.712267510,375785939,,cycles,100210265,100.00,,
51.812478149,103776,,rD044,100209885,100.00,,
51.812478149,715197,,rFF44,100210605,100.00,,
51.812478149,1649078965,,instructions,100211095,100.00,4.39,insn per cycle
51.812478149,375792222,,cycles,100211545,100.00,,
51.912689987,73712,,rD044,100211354,100.00,,
51.912689987,692885,,rFF44,100210624,100.00,,
51.912689987,1655017256,,instructions,100209974,100.00,4.40,insn per cycle
51.912689987,375784000,,cycles,100209554,100.00,,
52.012900106,92442,,rD044,100210075,100.00,,
52.012900106,727620,,rFF44,100211095,100.00,,
52.012900106,1654654794,,instructions,100211555,100.00,4.40,insn per cycle
52.012900106,375797137,,cycles,100213055,100.00,,
52.113112975,105131,,rD044,100211945,100.00,,
52.113112975,709668,,rFF44,100211205,100.00,,
52.113112975,1646892570,,instructions,100210865,100.00,4.38,insn per cycle
52.113112975,375784432,,cycles,100209665,100.00,,
52.213333424,97646,,rD044,100219935,100.00,,
52.213333424,746771,,rFF44,100219695,100.00,,
52.213333424,1651489487,,instructions,100220375,100.00,4.39,insn per cycle
52.213333424,375823373,,cycles,100220055,100.00,,
52.313547823,100504,,rD044,100213415,100.00,,
52.313547823,716067,,rFF44,100213715,100.00,,
52.313547823,1649740618,,instructions,100213235,100.00,4.39,insn per cycle
52.313547823,375798450,,cycles,100213415,100.00,,
52.413761002,105174,,rD044,100212964,100.00,,
52.413761002,684680,,rFF44,100212764,100.00,,
52.413761002,1650106000,,instructions,100212974,100.00,4.39,insn per cycle
52.413761002,375798318,,cycles,100213355,100.00,,
52.513991881,95516,,rD044,100216355,100.00,,
52.513991881,734400,,rFF44,100216685,100.00,,
52.513991881,1649274497,,instructions,100217135,100.00,4.39,insn per cycle
52.513991881,375789069,,cycles,100216584,100.00,,
52.614204630,103793,,rD044,100211655,100.00,,
52.614204630,716595,,rFF44,100211295,100.00,,
52.614204630,1646939409,,instructions,100210925,100.00,4.38,insn per cycle
52.614204630,375791520,,cycles,100211325,100.00,,
52.714415008,98678,,rD044,100210595,100.00,,
52.714415008,730023,,rFF44,100211365,100.00,,
52.714415008,1655851140,,instructions,100211015,100.00,4.41,insn per cycle
52.714415008,375788122,,cycles,100210875,100.00,,
52.814626467,94521,,rD044,100210705,100.00,,
52.814626467,721661,,rFF44,100210125,100.00,,
52.814626467,1650406750,,instructions,100210105,100.00,4.39,insn per cycle
52.814626467,375784581,,cycles,100209705,100.00,,
52.914838046,78218,,rD044,100199505,100.00,,
52.914838046,678428,,rFF44,100199385,100.00,,
52.914838046,1645987160,,instructions,100199455,100.00,4.38,insn per cycle
52.914838046,375723725,,cycles,100200025,100.00,,
53.015049310,95184,,rD044,100210504,100.00,,
53.015049310,739377,,rFF44,100210934,100.00,,
53.015049310,1656530089,,instructions,100211364,100.00,4.41,insn per cycle
53.015049310,375793709,,cycles,100211924,100.00,,
53.115264078,99285,,rD044,100214105,100.00,,
53.115264078,720566,,rFF44,100213905,100.00,,
53.115264078,1665951922,,instructions,100214435,100.00,4.43,insn per cycle
53.115264078,375797739,,cycles,100213435,100.00,,
53.215476626,107229,,rD044,100211965,100.00,,
53.215476626,737928,,rFF44,100212185,100.00,,
53.215476626,1695673789,,instructions,100211825,100.00,4.51,insn per cycle
53.215476626,375794423,,cycles,100212335,100.00,,
53.315688444,94972,,rD044,100211045,100.00,,
53.315688444,738498,,rFF44,100210605,100.00,,
53.315688444,1665567555,,instructions,100210275,100.00,4.43,insn per cycle
53.315688444,375785008,,cycles,100209815,100.00,,
53.415913322,103726,,rD044,100224495,100.00,,
53.415913322,679116,,rFF44,100224985,100.00,,
53.415913322,1652447198,,instructions,100224375,100.00,4.40,insn per cycle
53.415913322,375834688,,cycles,100224725,100.00,,
53.516116040,99320,,rD044,100202224,100.00,,
53.516116040,733051,,rFF44,100202034,100.00,,
53.516116040,1640941927,,instructions,100202364,100.00,4.37,insn per cycle
53.516116040,375756449,,cycles,100202214,100.00,,
53.616327548,97095,,rD044,100187025,100.00,,
53.616327548,722227,,rFF44,100186605,100.00,,
53.616327548,1640397828,,instructions,100186395,100.00,4.37,insn per cycle
53.616327548,375658115,,cycles,100186655,100.00,,
53.716545926,104046,,rD044,100217565,100.00,,
53.716545926,717123,,rFF44,100217745,100.00,,
53.716545926,1639040428,,instructions,100217365,100.00,4.36,insn per cycle
53.716545926,375813973,,cycles,100217535,100.00,,
53.816755583,62928,,rD044,100209145,100.00,,
53.816755583,704392,,rFF44,100209225,100.00,,
53.816755583,1653851511,,instructions,100210355,100.00,4.40,insn per cycle
53.816755583,375785354,,cycles,100209915,100.00,,
53.916986962,103504,,rD044,100230735,100.00,,
53.916986962,720103,,rFF44,100231245,100.00,,
53.916986962,1654461846,,instructions,100230355,100.00,4.40,insn per cycle
53.916986962,375862008,,cycles,100230355,100.00,,
54.017199210,104333,,rD044,100211865,100.00,,
54.017199210,728216,,rFF44,100211155,100.00,,
54.017199210,1677445312,,instructions,100211645,100.00,4.46,insn per cycle
54.017199210,375793668,,cycles,100212345,100.00,,
54.117411807,93307,,rD044,100211834,100.00,,
54.117411807,734505,,rFF44,100212474,100.00,,
54.117411807,1653302618,,instructions,100212044,100.00,4.40,insn per cycle
54.117411807,375794347,,cycles,100212094,100.00,,
54.217622935,106952,,rD044,100210305,100.00,,
54.217622935,715192,,rFF44,100209515,100.00,,
54.217622935,1652953026,,instructions,100209885,100.00,4.40,insn per cycle
54.217622935,375779945,,cycles,100208675,100.00,,
54.317833573,99162,,rD044,100210685,100.00,,
54.317833573,715814,,rFF44,100211335,100.00,,
54.317833573,1661213683,,instructions,100211245,100.00,4.42,insn per cycle
54.317833573,375790115,,cycles,100211195,100.00,,
54.418045361,94467,,rD044,100210415,100.00,,
54.418045361,710200,,rFF44,100210045,100.00,,
54.418045361,1651006334,,instructions,100210065,100.00,4.39,insn per cycle
54.418045361,375792018,,cycles,100211475,100.00,,
54.518256869,105408,,rD044,100210955,100.00,,
54.518256869,713633,,rFF44,100211185,100.00,,
54.518256869,1646025720,,instructions,100211345,100.00,4.38,insn per cycle
54.518256869,375787471,,cycles,100210695,100.00,,
54.618468717,94704,,rD044,100197874,100.00,,
54.618468717,734880,,rFF44,100197744,100.00,,
54.618468717,1648724863,,instructions,100198524,100.00,4.39,insn per cycle
54.618468717,375720432,,cycles,100197794,100.00,,
54.718680095,102139,,rD044,100210635,100.00,,
54.718680095,719891,,rFF44,100210795,100.00,,
54.718680095,1666798989,,instructions,100209875,100.00,4.44,insn per cycle
54.718680095,375786121,,cycles,100210125,100.00,,
54.818891803,98852,,rD044,100211435,100.00,,
54.818891803,734222,,rFF44,100211135,100.00,,
54.818891803,1653372154,,instructions,100211755,100.00,4.40,insn per cycle
54.818891803,375791264,,cycles,100211485,100.00,,
54.919105131,64684,,rD044,100212645,100.00,,
54.919105131,695902,,rFF44,100212755,100.00,,
54.919105131,1656609182,,instructions,100212185,100.00,4.41,insn per cycle
54.919105131,375795041,,cycles,100212495,100.00,,
55.019316939,107320,,rD044,100210795,100.00,,
55.019316939,709660,,rFF44,100210985,100.00,,
55.019316939,1646768526,,instructions,100210655,100.00,4.38,insn per cycle
55.019316939,375788580,,cycles,100210775,100.00,,
55.119529167,94537,,rD044,100212204,100.00,,
55.119529167,742067,,rFF44,100211894,100.00,,
55.119529167,1655832143,,instructions,100212414,100.00,4.41,insn per cycle
55.119529167,375793871,,cycles,100212184,100.00,,
55.219742645,98979,,rD044,100212765,100.00,,
55.219742645,715850,,rFF44,100212985,100.00,,
55.219742645,1658793827,,instructions,100213245,100.00,4.41,insn per cycle
55.219742645,375798384,,cycles,100213385,100.00,,
55.320009063,107666,,rD044,100265365,100.00,,
55.320009063,687614,,rFF44,100265185,100.00,,
55.320009063,1651239895,,instructions,100265195,100.00,4.39,insn per cycle
55.320009063,375993664,,cycles,100265455,100.00,,
55.420222391,97464,,rD044,100212585,100.00,,
55.420222391,735159,,rFF44,100212915,100.00,,
55.420222391,1652137367,,instructions,100211975,100.00,4.40,insn per cycle
55.420222391,375792225,,cycles,100211745,100.00,,
55.520433779,103995,,rD044,100196595,100.00,,
55.520433779,713296,,rFF44,100196515,100.00,,
55.520433779,1648925116,,instructions,100196635,100.00,4.39,insn per cycle
55.520433779,375703432,,cycles,100196515,100.00,,
55.620646467,102204,,rD044,100211935,100.00,,
55.620646467,733439,,rFF44,100212055,100.00,,
55.620646467,1657105216,,instructions,100212325,100.00,4.41,insn per cycle
55.620646467,375794176,,cycles,100212265,100.00,,
55.720859865,89334,,rD044,100212704,100.00,,
55.720859865,723377,,rFF44,100212515,100.00,,
55.720859865,1654762201,,instructions,100213015,100.00,4.40,insn per cycle
55.720859865,375797721,,cycles,100212995,100.00,,
55.821070273,78642,,rD044,100210375,100.00,,
55.821070273,683053,,rFF44,100210134,100.00,,
55.821070273,1658831271,,instructions,100209444,100.00,4.41,insn per cycle
55.821070273,375785201,,cycles,100209874,100.00,,
55.921283271,95006,,rD044,100212605,100.00,,
55.921283271,738505,,rFF44,100212675,100.00,,
55.921283271,1648671237,,instructions,100213275,100.00,4.39,insn per cycle
55.921283271,375796382,,cycles,100212855,100.00,,
56.021495589,102415,,rD044,100211575,100.00,,
56.021495589,716102,,rFF44,100211095,100.00,,
56.021495589,1651179972,,instructions,100210795,100.00,4.39,insn per cycle
56.021495589,375787695,,cycles,100210735,100.00,,
56.121706027,102709,,rD044,100209215,100.00,,
56.121706027,719770,,rFF44,100209945,100.00,,
56.121706027,1654353230,,instructions,100209335,100.00,4.40,insn per cycle
56.121706027,375785353,,cycles,100209925,100.00,,
56.221918625,93139,,rD044,100212155,100.00,,
56.221918625,740197,,rFF44,100211955,100.00,,
56.221918625,1659873527,,instructions,100212525,100.00,4.42,insn per cycle
56.221918625,375796345,,cycles,100212625,100.00,,
56.322137873,108293,,rD044,100218724,100.00,,
56.322137873,688517,,rFF44,100218654,100.00,,
56.322137873,1664670692,,instructions,100219014,100.00,4.43,insn per cycle
56.322137873,375816299,,cycles,100218314,100.00,,
56.422348590,98156,,rD044,100209755,100.00,,
56.422348590,741543,,rFF44,100209505,100.00,,
56.422348590,1655294060,,instructions,100208765,100.00,4.40,insn per cycle
56.422348590,375781919,,cycles,100208855,100.00,,
56.522557358,94620,,rD044,100207965,100.00,,
56.522557358,720697,,rFF44,100208545,100.00,,
56.522557358,1650505907,,instructions,100209215,100.00,4.39,insn per cycle
56.522557358,375784390,,cycles,100209675,100.00,,
56.622769236,107461,,rD044,100198765,100.00,,
56.622769236,716987,,rFF44,100198345,100.00,,
56.622769236,1654495534,,instructions,100198055,100.00,4.40,insn per cycle
56.622769236,375718364,,cycles,100197635,100.00,,
56.722998314,96345,,rD044,100229185,100.00,,
56.722998314,740933,,rFF44,100229805,100.00,,
56.722998314,1658425710,,instructions,100229955,100.00,4.41,insn per cycle
56.722998314,375866171,,cycles,100231255,100.00,,
56.823210912,69490,,rD044,100211934,100.00,,
56.823210912,680653,,rFF44,100211664,100.00,,
56.823210912,1653453419,,instructions,100211865,100.00,4.40,insn per cycle
56.823210912,375792471,,cycles,100211815,100.00,,
56.923422490,101306,,rD044,100210445,100.00,,
56.923422490,724657,,rFF44,100210235,100.00,,
56.923422490,1649776020,,instructions,100209344,100.00,4.39,insn per cycle
56.923422490,375779178,,cycles,100208264,100.00,,
57.023632258,94815,,rD044,100209355,100.00,,
57.023632258,720742,,rFF44,100209655,100.00,,
57.023632258,1648613401,,instructions,100210965,100.00,4.39,insn per cycle
57.023632258,375791144,,cycles,100211455,100.00,,
57.123845126,105773,,rD044,100211755,100.00,,
57.123845126,709169,,rFF44,100211495,100.00,,
57.123845126,1651787572,,instructions,100211485,100.00,4.40,insn per cycle
57.123845126,375790824,,cycles,100211575,100.00,,
57.224085824,94282,,rD044,100240405,100.00,,
57.224085824,737236,,rFF44,100240305,100.00,,
57.224085824,1654322015,,instructions,100239535,100.00,4.40,insn per cycle
57.224085824,375894905,,cycles,100238925,100.00,,
57.324296762,100127,,rD044,100210265,100.00,,
57.324296762,684108,,rFF44,100210355,100.00,,
57.324296762,1659200640,,instructions,100210185,100.00,4.42,insn per cycle
57.324296762,375788431,,cycles,100210735,100.00,,
57.424507980,106943,,rD044,100210714,100.00,,
57.424507980,717681,,rFF44,100210774,100.00,,
57.424507980,1655866707,,instructions,100210734,100.00,4.41,insn per cycle
57.424507980,375789632,,cycles,100211254,100.00,,
57.524700068,92714,,rD044,100177085,100.00,,
57.524700068,740804,,rFF44,100176975,100.00,,
57.524700068,1650826806,,instructions,100177705,100.00,4.39,insn per cycle
57.524700068,375637177,,cycles,100176695,100.00,,
57.624911126,105252,,rD044,100198915,100.00,,
57.624911126,715471,,rFF44,100199075,100.00,,
57.624911126,1649527775,,instructions,100198445,100.00,4.39,insn per cycle
57.624911126,375725526,,cycles,100198535,100.00,,
57.725119604,102643,,rD044,100208005,100.00,,
57.725119604,732176,,rFF44,100207565,100.00,,
57.725119604,1643710269,,instructions,100207485,100.00,4.37,insn per cycle
57.725119604,375775381,,cycles,100207255,100.00,,
57.825328512,64084,,rD044,100208614,100.00,,
57.825328512,691093,,rFF44,100208785,100.00,,
57.825328512,1655836267,,instructions,100208925,100.00,4.41,insn per cycle
57.825328512,375781650,,cycles,100208925,100.00,,
57.925539240,104493,,rD044,100210025,100.00,,
57.925539240,722681,,rFF44,100210204,100.00,,
57.925539240,1631674218,,instructions,100210504,100.00,4.34,insn per cycle
57.925539240,375788604,,cycles,100210774,100.00,,
58.025752127,96186,,rD044,100201365,100.00,,
58.025752127,741341,,rFF44,100202055,100.00,,
58.025752127,1650838081,,instructions,100201685,100.00,4.39,insn per cycle
58.025752127,375729843,,cycles,100201425,100.00,,
58.125977975,94355,,rD044,100225395,100.00,,
58.125977975,718872,,rFF44,100224325,100.00,,
58.125977975,1645977322,,instructions,100224525,100.00,4.38,insn per cycle
58.125977975,375836865,,cycles,100224505,100.00,,
58.226195943,107009,,rD044,100217625,100.00,,
58.226195943,687716,,rFF44,100218105,100.00,,
58.226195943,1648811027,,instructions,100217995,100.00,4.39,insn per cycle
58.226195943,375814162,,cycles,100218435,100.00,,
58.326411310,93039,,rD044,100214125,100.00,,
58.326411310,733915,,rFF44,100214135,100.00,,
58.326411310,1653856912,,instructions,100213865,100.00,4.40,insn per cycle
58.326411310,375798914,,cycles,100213525,100.00,,
58.426622578,104852,,rD044,100210784,100.00,,
58.426622578,714562,,rFF44,100210584,100.00,,
58.426622578,1654059480,,instructions,100211544,100.00,4.40,insn per cycle
58.426622578,375791987,,cycles,100211684,100.00,,
58.526834236,103524,,rD044,100195705,100.00,,
58.526834236,735631,,rFF44,100196385,100.00,,
58.526834236,1646584910,,instructions,100195605,100.00,4.38,insn per cycle
58.526834236,375701944,,cycles,100195775,100.00,,
58.627058273,96990,,rD044,100223475,100.00,,
58.627058273,727052,,rFF44,100222645,100.00,,
58.627058273,1694629925,,instructions,100223175,100.00,4.51,insn per cycle
58.627058273,375837017,,cycles,100223505,100.00,,
58.727270591,105449,,rD044,100212115,100.00,,
58.727270591,731341,,rFF44,100212205,100.00,,
58.727270591,1729059433,,instructions,100211655,100.00,4.60,insn per cycle
58.727270591,375789732,,cycles,100211075,100.00,,
58.827481079,94494,,rD044,100209925,100.00,,
58.827481079,752541,,rFF44,100210905,100.00,,
58.827481079,1713090599,,instructions,100211445,100.00,4.56,insn per cycle
58.827481079,375790409,,cycles,100211255,100.00,,
58.927695316,104108,,rD044,100213645,100.00,,
58.927695316,723848,,rFF44,100213395,100.00,,
58.927695316,1705494765,,instructions,100213945,100.00,4.54,insn per cycle
58.927695316,375804678,,cycles,100215275,100.00,,
59.027908604,104034,,rD044,100203324,100.00,,
59.027908604,746581,,rFF44,100203074,100.00,,
59.027908604,1748488238,,instructions,100202234,100.00,4.65,insn per cycle
59.027908604,375734649,,cycles,100201464,100.00,,
59.128161582,94355,,rD044,100252015,100.00,,
59.128161582,760103,,rFF44,100251795,100.00,,
59.128161582,1797609959,,instructions,100252025,100.00,4.78,insn per cycle
59.128161582,375943334,,cycles,100251905,100.00,,
59.228373280,110659,,rD044,100211675,100.00,,
59.228373280,759797,,rFF44,100211755,100.00,,
59.228373280,1799275191,,instructions,100211245,100.00,4.79,insn per cycle
59.228373280,375789499,,cycles,100211015,100.00,,
59.328585947,96625,,rD044,100211995,100.00,,
59.328585947,798026,,rFF44,100211595,100.00,,
59.328585947,1799780401,,instructions,100211275,100.00,4.79,insn per cycle
59.328585947,375790272,,cycles,100211225,100.00,,
59.428796225,102314,,rD044,100209605,100.00,,
59.428796225,746165,,rFF44,100209525,100.00,,
59.428796225,1801991620,,instructions,100245865,100.00,4.79,insn per cycle
59.428796225,375920663,,cycles,100246205,100.00,,
59.529044803,106895,,rD044,100247875,100.00,,
59.529044803,766056,,rFF44,100249055,100.00,,
59.529044803,1801324456,,instructions,100213625,100.00,4.79,insn per cycle
59.529044803,375798011,,cycles,100213075,100.00,,
59.629255501,126197,,rD044,100196585,100.00,,
59.629255501,799745,,rFF44,100195565,100.00,,
59.629255501,1797069773,,instructions,100195075,100.00,4.78,insn per cycle
59.629255501,375709525,,cycles,100195465,100.00,,
59.729467268,107096,,rD044,100211324,100.00,,
59.729467268,751885,,rFF44,100211444,100.00,,
59.729467268,1800482415,,instructions,100211444,100.00,4.79,insn per cycle
59.729467268,375790786,,cycles,100211554,100.00,,
59.829680076,98240,,rD044,100211685,100.00,,
59.829680076,778048,,rFF44,100212095,100.00,,
59.829680076,1817629363,,instructions,100211655,100.00,4.84,insn per cycle
59.829680076,375790400,,cycles,100211255,100.00,,
59.929890734,103224,,rD044,100210405,100.00,,
59.929890734,744713,,rFF44,100209975,100.00,,
59.929890734,1743386747,,instructions,100209935,100.00,4.64,insn per cycle
59.929890734,375786002,,cycles,100209885,100.00,,
60.030102301,105184,,rD044,100210865,100.00,,
60.030102301,735552,,rFF44,100211175,100.00,,
60.030102301,1684672856,,instructions,100211775,100.00,4.48,insn per cycle
60.030102301,375795773,,cycles,100212825,100.00,,
60.130314979,96462,,rD044,100211945,100.00,,
60.130314979,735131,,rFF44,100211535,100.00,,
60.130314979,1681173368,,instructions,100211055,100.00,4.47,insn per cycle
60.130314979,375787676,,cycles,100210385,100.00,,
60.230509176,105967,,rD044,100193494,100.00,,
60.230509176,729517,,rFF44,100194174,100.00,,
60.230509176,1710119772,,instructions,100194644,100.00,4.55,insn per cycle
60.230509176,375727153,,cycles,100194394,100.00,,
60.330722374,65415,,rD044,100212575,100.00,,
60.330722374,716224,,rFF44,100212595,100.00,,
60.330722374,1705378374,,instructions,100212055,100.00,4.54,insn per cycle
60.330722374,375793802,,cycles,100212355,100.00,,
60.430951422,103342,,rD044,100228405,100.00,,
60.430951422,708782,,rFF44,100227645,100.00,,
60.430951422,1667223861,,instructions,100228345,100.00,4.44,insn per cycle
60.430951422,375853192,,cycles,100228035,100.00,,
60.531167689,102883,,rD044,100201935,100.00,,
60.531167689,724555,,rFF44,100202105,100.00,,
60.531167689,1700221371,,instructions,100202105,100.00,4.53,insn per cycle
60.531167689,375735824,,cycles,100202125,100.00,,
60.631377867,94502,,rD044,100210215,100.00,,
60.631377867,706919,,rFF44,100210175,100.00,,
60.631377867,1667905822,,instructions,100209445,100.00,4.44,insn per cycle
60.631377867,375783522,,cycles,100209205,100.00,,
60.731588825,109595,,rD044,100210154,100.00,,
60.731588825,728274,,rFF44,100210424,100.00,,
60.731588825,1688779185,,instructions,100211004,100.00,4.49,insn per cycle
60.731588825,375789619,,cycles,100211264,100.00,,
60.831801252,98636,,rD044,100211945,100.00,,
60.831801252,761813,,rFF44,100227125,100.00,,
60.831801252,1724524721,,instructions,100227505,100.00,4.59,insn per cycle
60.831801252,375852559,,cycles,100227825,100.00,,
60.932029750,99762,,rD044,100227905,100.00,,
60.932029750,749269,,rFF44,100212275,100.00,,
60.932029750,1746561148,,instructions,100212825,100.00,4.65,insn per cycle
60.932029750,375795554,,cycles,100212425,100.00,,
61.032269938,106143,,rD044,100238925,100.00,,
61.032269938,728233,,rFF44,100239755,100.00,,
61.032269938,1679506952,,instructions,100238995,100.00,4.47,insn per cycle
61.032269938,375890019,,cycles,100238855,100.00,,
61.132480886,95768,,rD044,100198685,100.00,,
61.132480886,734835,,rFF44,100198155,100.00,,
61.132480886,1684542945,,instructions,100198085,100.00,4.48,insn per cycle
61.132480886,375721105,,cycles,100198655,100.00,,
61.232694073,105796,,rD044,100212245,100.00,,
61.232694073,725830,,rFF44,100212195,100.00,,
61.232694073,1702093536,,instructions,100212335,100.00,4.53,insn per cycle
61.232694073,375792823,,cycles,100211715,100.00,,
61.332911701,98638,,rD044,100217034,100.00,,
61.332911701,771422,,rFF44,100217794,100.00,,
61.332911701,1758264078,,instructions,100217525,100.00,4.68,insn per cycle
61.332911701,375816128,,cycles,100218115,100.00,,
61.433124219,102145,,rD044,100212385,100.00,,
61.433124219,730854,,rFF44,100211995,100.00,,
61.433124219,1683122353,,instructions,100212224,100.00,4.48,insn per cycle
61.433124219,375794592,,cycles,100212364,100.00,,
61.533332146,77840,,rD044,100182455,100.00,,
61.533332146,684025,,rFF44,100181885,100.00,,
61.533332146,1646234698,,instructions,100182025,100.00,4.38,insn per cycle
61.533332146,375647395,,cycles,100181555,100.00,,
61.633541294,93173,,rD044,100208375,100.00,,
61.633541294,733964,,rFF44,100208655,100.00,,
61.633541294,1652455049,,instructions,100208485,100.00,4.40,insn per cycle
61.633541294,375775868,,cycles,100208125,100.00,,
61.733750151,108033,,rD044,100208305,100.00,,
61.733750151,720287,,rFF44,100208365,100.00,,
61.733750151,1671698605,,instructions,100208155,100.00,4.45,insn per cycle
61.733750151,375782740,,cycles,100209295,100.00,,
61.833970549,101901,,rD044,100219484,100.00,,
61.833970549,717039,,rFF44,100219574,100.00,,
61.833970549,1704188272,,instructions,100219435,100.00,4.53,insn per cycle
61.833970549,375821194,,cycles,100219255,100.00,,
61.934182247,94593,,rD044,100210965,100.00,,
61.934182247,724755,,rFF44,100210755,100.00,,
61.934182247,1667639569,,instructions,100210914,100.00,4.44,insn per cycle
61.934182247,375787001,,cycles,100210354,100.00,,
62.034392264,107370,,rD044,100209955,100.00,,
62.034392264,727903,,rFF44,100210315,100.00,,
62.034392264,1693887218,,instructions,100209905,100.00,4.51,insn per cycle
62.034392264,375785260,,cycles,100210105,100.00,,
62.134603772,96842,,rD044,100210825,100.00,,
62.134603772,744746,,rFF44,100210695,100.00,,
62.134603772,1677118164,,instructions,100210895,100.00,4.46,insn per cycle
62.134603772,375791156,,cycles,100211465,100.00,,
62.234849800,103330,,rD044,100245055,100.00,,
62.234849800,735414,,rFF44,100245075,100.00,,
62.234849800,1719768125,,instructions,100245585,100.00,4.57,insn per cycle
62.234849800,375918645,,cycles,100245235,100.00,,
62.335063408,100540,,rD044,100213525,100.00,,
62.335063408,752982,,rFF44,100213615,100.00,,
62.335063408,1728779082,,instructions,100213345,100.00,4.60,insn per cycle
62.335063408,375798069,,cycles,100213295,100.00,,
62.435277046,68974,,rD044,100212954,100.00,,
62.435277046,723113,,rFF44,100212114,100.00,,
62.435277046,1751534563,,instructions,100212275,100.00,4.66,insn per cycle
62.435277046,375797652,,cycles,100213195,100.00,,
62.535488823,110229,,rD044,100210985,100.00,,
62.535488823,729816,,rFF44,100211195,100.00,,
62.535488823,1702399616,,instructions,100211364,100.00,4.53,insn per cycle
62.535488823,375786581,,cycles,100210454,100.00,,
62.635700261,94313,,rD044,100198265,100.00,,
62.635700261,745127,,rFF44,100198565,100.00,,
62.635700261,1694176983,,instructions,100197835,100.00,4.51,insn per cycle
62.635700261,375719531,,cycles,100197735,100.00,,
62.735911248,105209,,rD044,100210765,100.00,,
62.735911248,746988,,rFF44,100211015,100.00,,
62.735911248,1761150077,,instructions,100211035,100.00,4.69,insn per cycle
62.735911248,375789958,,cycles,100210925,100.00,,
62.836124656,103729,,rD044,100212465,100.00,,
62.836124656,747945,,rFF44,100212085,100.00,,
62.836124656,1713018838,,instructions,100212725,100.00,4.56,insn per cycle
62.836124656,375795179,,cycles,100212535,100.00,,
62.936364884,97328,,rD044,100239965,100.00,,
62.936364884,749414,,rFF44,100239935,100.00,,
62.936364884,1742898311,,instructions,100239355,100.00,4.64,insn per cycle
62.936364884,375899451,,cycles,100240335,100.00,,
63.036575572,106190,,rD044,100209564,100.00,,
63.036575572,732615,,rFF44,100209794,100.00,,
63.036575572,1735249043,,instructions,100210774,100.00,4.62,insn per cycle
63.036575572,375787190,,cycles,100210425,100.00,,
63.136789359,94170,,rD044,100202195,100.00,,
63.136789359,752993,,rFF44,100201985,100.00,,
63.136789359,1715706148,,instructions,100201345,100.00,4.57,insn per cycle
63.136789359,375729709,,cycles,100201194,100.00,,
63.237018717,110726,,rD044,100228965,100.00,,
63.237018717,754698,,rFF44,100228815,100.00,,
63.237018717,1772253595,,instructions,100229165,100.00,4.72,insn per cycle
63.237018717,375857413,,cycles,100228915,100.00,,
63.337217104,101439,,rD044,100197695,100.00,,
63.337217104,700777,,rFF44,100197665,100.00,,
63.337217104,1666334874,,instructions,100197125,100.00,4.43,insn per cycle
63.337217104,375736304,,cycles,100196845,100.00,,
63.437427942,94754,,rD044,100210125,100.00,,
63.437427942,726295,,rFF44,100210445,100.00,,
63.437427942,1662923575,,instructions,100210235,100.00,4.43,insn per cycle
63.437427942,375786989,,cycles,100210545,100.00,,
63.537640430,109832,,rD044,100199204,100.00,,
63.537640430,716121,,rFF44,100199265,100.00,,
63.537640430,1662840608,,instructions,100199985,100.00,4.43,insn per cycle
63.537640430,375728379,,cycles,100199785,100.00,,
63.637850627,64644,,rD044,100210025,100.00,,
63.637850627,710640,,rFF44,100210684,100.00,,
63.637850627,1667817432,,instructions,100210304,100.00,4.44,insn per cycle
63.637850627,375774072,,cycles,100210204,100.00,,
63.738091105,102104,,rD044,100239065,100.00,,
63.738091105,726918,,rFF44,100238395,100.00,,
63.738091105,1722906560,,instructions,100238275,100.00,4.58,insn per cycle
63.738091105,375881892,,cycles,100238505,100.00,,
63.838301273,104420,,rD044,100210585,100.00,,
63.838301273,729297,,rFF44,100210035,100.00,,
63.838301273,1690811482,,instructions,100210315,100.00,4.50,insn per cycle
63.838301273,375788173,,cycles,100210655,100.00,,
63.938513951,97808,,rD044,100211485,100.00,,
63.938513951,751881,,rFF44,100212135,100.00,,
63.938513951,1740228140,,instructions,100212195,100.00,4.63,insn per cycle
63.938513951,375791970,,cycles,100211695,100.00,,
64.038724958,106213,,rD044,100210285,100.00,,
64.038724958,737395,,rFF44,100209915,100.00,,
64.038724958,1717801971,,instructions,100209335,100.00,4.57,insn per cycle
64.038724958,375784004,,cycles,100209555,100.00,,
64.138956396,95244,,rD044,100230525,100.00,,
64.138956396,717151,,rFF44,100230725,100.00,,
64.138956396,1741441069,,instructions,100231115,100.00,4.63,insn per cycle
64.138956396,375863769,,cycles,100230605,100.00,,
64.239165184,105713,,rD044,100208774,100.00,,
64.239165184,724600,,rFF44,100208484,100.00,,
64.239165184,1718171744,,instructions,100207944,100.00,4.57,insn per cycle
64.239165184,375779518,,cycles,100208564,100.00,,
64.339375901,104590,,rD044,100209645,100.00,,
64.339375901,742835,,rFF44,100209885,100.00,,
64.339375901,1746355292,,instructions,100211175,100.00,4.65,insn per cycle
64.339375901,375789501,,cycles,100210815,100.00,,
64.439586889,98818,,rD044,100211035,100.00,,
64.439586889,738386,,rFF44,100211175,100.00,,
64.439586889,1699392552,,instructions,100211115,100.00,4.52,insn per cycle
64.439586889,375789434,,cycles,100211215,100.00,,
64.539797917,107787,,rD044,100195725,100.00,,
64.539797917,722761,,rFF44,100195015,100.00,,
64.539797917,1681089953,,instructions,100211185,100.00,4.47,insn per cycle
64.539797917,375767623,,cycles,100210725,100.00,,
64.640023424,100379,,rD044,100224925,100.00,,
64.640023424,772252,,rFF44,100225725,100.00,,
64.640023424,1760900479,,instructions,100208775,100.00,4.69,insn per cycle
64.640023424,375783355,,cycles,100209175,100.00,,
64.740234502,105452,,rD044,100210464,100.00,,
64.740234502,762613,,rFF44,100210124,100.00,,
64.740234502,1789057774,,instructions,100209954,100.00,4.76,insn per cycle
64.740234502,375786214,,cycles,100210134,100.00,,
64.840457910,106104,,rD044,100222605,100.00,,
64.840457910,779299,,rFF44,100222575,100.00,,
64.840457910,1809677358,,instructions,100223725,100.00,4.82,insn per cycle
64.840457910,375838261,,cycles,100224025,100.00,,
64.940669237,101125,,rD044,100210445,100.00,,
64.940669237,778250,,rFF44,100210605,100.00,,
64.940669237,1828893771,,instructions,100209425,100.00,4.87,insn per cycle
64.940669237,375780859,,cycles,100208925,100.00,,
65.040878915,113754,,rD044,100209735,100.00,,
65.040878915,793828,,rFF44,100209625,100.00,,
65.040878915,1843809882,,instructions,100210345,100.00,4.91,insn per cycle
65.040878915,375785914,,cycles,100210055,100.00,,
65.141091053,99130,,rD044,100211455,100.00,,
65.141091053,767848,,rFF44,100211375,100.00,,
65.141091053,1719111260,,instructions,100210855,100.00,4.57,insn per cycle
65.141091053,375792988,,cycles,100211745,100.00,,
65.241304410,77394,,rD044,100212614,100.00,,
65.241304410,711699,,rFF44,100213154,100.00,,
65.241304410,1717311237,,instructions,100213735,100.00,4.57,insn per cycle
65.241304410,375799156,,cycles,100213805,100.00,,
65.341517038,99171,,rD044,100211435,100.00,,
65.341517038,772463,,rFF44,100210895,100.00,,
65.341517038,1717969352,,instructions,100210444,100.00,4.57,insn per cycle
65.341517038,375786583,,cycles,100210024,100.00,,
65.441728096,106948,,rD044,100211155,100.00,,
65.441728096,752544,,rFF44,100211065,100.00,,
65.441728096,1750200717,,instructions,100210905,100.00,4.66,insn per cycle
65.441728096,375789433,,cycles,100211215,100.00,,
65.541974694,104644,,rD044,100230705,100.00,,
65.541974694,764336,,rFF44,100230735,100.00,,
65.541974694,1741025778,,instructions,100230705,100.00,4.63,insn per cycle
65.541974694,375839291,,cycles,100230085,100.00,,
65.642184221,98468,,rD044,100196695,100.00,,
65.642184221,758992,,rFF44,100197235,100.00,,
65.642184221,1738471869,,instructions,100197335,100.00,4.63,insn per cycle
65.642184221,375727578,,cycles,100198435,100.00,,
65.742402439,112549,,rD044,100217715,100.00,,
65.742402439,751986,,rFF44,100217615,100.00,,
65.742402439,1751841204,,instructions,100217445,100.00,4.66,insn per cycle
65.742402439,375811073,,cycles,100216765,100.00,,
65.842612927,98928,,rD044,100209644,100.00,,
65.842612927,771122,,rFF44,100209534,100.00,,
65.842612927,1730713374,,instructions,100209145,100.00,4.61,insn per cycle
65.842612927,375780034,,cycles,100208495,100.00,,
65.942841484,106724,,rD044,100227545,100.00,,
65.942841484,724719,,rFF44,100227565,100.00,,
65.942841484,1766270504,,instructions,100229264,100.00,4.70,insn per cycle
65.942841484,375861739,,cycles,100230284,100.00,,
66.043055812,101969,,rD044,100214275,100.00,,
66.043055812,774037,,rFF44,100213885,100.00,,
66.043055812,1750524514,,instructions,100213045,100.00,4.66,insn per cycle
66.043055812,375793453,,cycles,100212075,100.00,,
66.143266320,104014,,rD044,100209725,100.00,,
66.143266320,747453,,rFF44,100210095,100.00,,
66.143266320,1739338850,,instructions,100209785,100.00,4.63,insn per cycle
66.143266320,375784811,,cycles,100209775,100.00,,
66.243477567,106839,,rD044,100210615,100.00,,
66.243477567,741466,,rFF44,100210395,100.00,,
66.243477567,1714281437,,instructions,100210105,100.00,4.56,insn per cycle
66.243477567,375788005,,cycles,100210605,100.00,,
66.343688535,66495,,rD044,100210115,100.00,,
66.343688535,715648,,rFF44,100210335,100.00,,
66.343688535,1681047484,,instructions,100210765,100.00,4.47,insn per cycle
66.343688535,375788233,,cycles,100210685,100.00,,
66.443901643,110401,,rD044,100212304,100.00,,
66.443901643,731636,,rFF44,100212404,100.00,,
66.443901643,1675234270,,instructions,100212504,100.00,4.46,insn per cycle
66.443901643,375793486,,cycles,100212074,100.00,,
66.544115250,96164,,rD044,100200755,100.00,,
66.544115250,753870,,rFF44,100201035,100.00,,
66.544115250,1673346984,,instructions,100201455,100.00,4.45,insn per cycle
66.544115250,375731286,,cycles,100201775,100.00,,
66.644326948,105003,,rD044,100211435,100.00,,
66.644326948,697563,,rFF44,100210925,100.00,,
66.644326948,1676914475,,instructions,100210655,100.00,4.46,insn per cycle
66.644326948,375791043,,cycles,100211425,100.00,,
66.744554236,106734,,rD044,100226185,100.00,,
66.744554236,736827,,rFF44,100226435,100.00,,
66.744554236,1671845373,,instructions,100225775,100.00,4.45,insn per cycle
66.744554236,375840866,,cycles,100224505,100.00,,
66.844763983,95265,,rD044,100209465,100.00,,
66.844763983,750042,,rFF44,100209265,100.00,,
66.844763983,1685457792,,instructions,100210175,100.00,4.49,insn per cycle
66.844763983,375786263,,cycles,100210355,100.00,,
66.944993771,81046,,rD044,100228805,100.00,,
66.944993771,701449,,rFF44,100229175,100.00,,
66.944993771,1688425723,,instructions,100228155,100.00,4.49,insn per cycle
66.944993771,375858868,,cycles,100229325,100.00,,
67.045206429,97082,,rD044,100211974,100.00,,
67.045206429,755666,,rFF44,100211434,100.00,,
67.045206429,1683528565,,instructions,100211664,100.00,4.48,insn per cycle
67.045206429,375788179,,cycles,100210664,100.00,,
67.145415646,105193,,rD044,100209015,100.00,,
67.145415646,752687,,rFF44,100208635,100.00,,
67.145415646,1738359713,,instructions,100208795,100.00,4.63,insn per cycle
67.145415646,375784065,,cycles,100209575,100.00,,
67.245635684,106200,,rD044,100219165,100.00,,
67.245635684,760690,,rFF44,100219005,100.00,,
67.245635684,1752061062,,instructions,100219075,100.00,4.66,insn per cycle
67.245635684,375817650,,cycles,100218515,100.00,,
67.345846532,102121,,rD044,100210065,100.00,,
67.345846532,754348,,rFF44,100210575,100.00,,
67.345846532,1732507066,,instructions,100210345,100.00,4.61,insn per cycle
67.345846532,375787529,,cycles,100210485,100.00,,
67.446057809,107068,,rD044,100211245,100.00,,
67.446057809,742891,,rFF44,100211245,100.00,,
67.446057809,1710175101,,instructions,100211055,100.00,4.55,insn per cycle
67.446057809,375787716,,cycles,100210545,100.00,,
67.546274637,98880,,rD044,100202114,100.00,,
67.546274637,725700,,rFF44,100202164,100.00,,
67.546274637,1713543966,,instructions,100202164,100.00,4.56,insn per cycle
67.546274637,375734853,,cycles,100202684,100.00,,
67.646483755,109419,,rD044,100208665,100.00,,
67.646483755,734549,,rFF44,100208935,100.00,,
67.646483755,1714151056,,instructions,100209725,100.00,4.56,insn per cycle
67.646483755,375782721,,cycles,100209205,100.00,,
67.746693062,100616,,rD044,100208585,100.00,,
67.746693062,770555,,rFF44,100207715,100.00,,
67.746693062,1749705342,,instructions,100207855,100.00,4.66,insn per cycle
67.746693062,375781620,,cycles,100208935,100.00,,
67.846904020,100390,,rD044,100209965,100.00,,
67.846904020,739785,,rFF44,100210515,100.00,,
67.846904020,1722095540,,instructions,100209945,100.00,4.58,insn per cycle
67.846904020,375780870,,cycles,100208695,100.00,,
67.947114827,110030,,rD044,100210145,100.00,,
67.947114827,733030,,rFF44,100210385,100.00,,
67.947114827,1682443062,,instructions,100210775,100.00,4.48,insn per cycle
67.947114827,375790077,,cycles,100211175,100.00,,
68.047326885,64797,,rD044,100212124,100.00,,
68.047326885,720835,,rFF44,100211864,100.00,,
68.047326885,1715182031,,instructions,100211684,100.00,4.56,insn per cycle
68.047326885,375795046,,cycles,100212294,100.00,,
68.147538253,108473,,rD044,100210395,100.00,,
68.147538253,738164,,rFF44,100210215,100.00,,
68.147538253,1721426168,,instructions,100210005,100.00,4.58,insn per cycle
68.147538253,375784116,,cycles,100209585,100.00,,
68.247748750,100304,,rD044,100198255,100.00,,
68.247748750,766011,,rFF44,100198815,100.00,,
68.247748750,1724821356,,instructions,100199265,100.00,4.59,insn per cycle
68.247748750,375722404,,cycles,100198805,100.00,,
68.347977208,102986,,rD044,100227485,100.00,,
68.347977208,730422,,rFF44,100227685,100.00,,
68.347977208,1700775192,,instructions,100227075,100.00,4.53,insn per cycle
68.347977208,375850967,,cycles,100227195,100.00,,
68.448187456,104445,,rD044,100210305,100.00,,
68.448187456,707303,,rFF44,100209895,100.00,,
68.448187456,1702009915,,instructions,100209825,100.00,4.53,insn per cycle
68.448187456,375788360,,cycles,100210715,100.00,,
68.548431074,98615,,rD044,100228565,100.00,,
68.548431074,737382,,rFF44,100228965,100.00,,
68.548431074,1683366576,,instructions,100230425,100.00,4.48,insn per cycle
68.548431074,375840764,,cycles,100230235,100.00,,
68.648644722,108715,,rD044,100212874,100.00,,
68.648644722,725824,,rFF44,100213084,100.00,,
68.648644722,1690304974,,instructions,100212075,100.00,4.50,insn per cycle
68.648644722,375791146,,cycles,100211465,100.00,,
68.748856029,96099,,rD044,100210485,100.00,,
68.748856029,761161,,rFF44,100209805,100.00,,
68.748856029,1709264002,,instructions,100209714,100.00,4.55,insn per cycle
68.748856029,375777392,,cycles,100210264,100.00,,
68.849075517,77405,,rD044,100218625,100.00,,
68.849075517,692909,,rFF44,100219065,100.00,,
68.849075517,1687006507,,instructions,100218665,100.00,4.49,insn per cycle
68.849075517,375818401,,cycles,100218735,100.00,,
68.949286414,103521,,rD044,100209935,100.00,,
68.949286414,741385,,rFF44,100209905,100.00,,
68.949286414,1699230227,,instructions,100210005,100.00,4.52,insn per cycle
68.949286414,375786257,,cycles,100210155,100.00,,
69.049498922,96413,,rD044,100212385,100.00,,
69.049498922,735810,,rFF44,100212185,100.00,,
69.049498922,1680152945,,instructions,100211865,100.00,4.47,insn per cycle
69.049498922,375794865,,cycles,100212445,100.00,,
69.149711140,112000,,rD044,100211855,100.00,,
69.149711140,693053,,rFF44,100211655,100.00,,
69.149711140,1691026270,,instructions,100212115,100.00,4.50,insn per cycle
69.149711140,375793249,,cycles,100212015,100.00,,
69.249923687,95655,,rD044,100211774,100.00,,
69.249923687,749848,,rFF44,100212174,100.00,,
69.249923687,1689979355,,instructions,100212574,100.00,4.50,insn per cycle
69.249923687,375791991,,cycles,100211684,100.00,,
69.350134415,105833,,rD044,100209905,100.00,,
69.350134415,725390,,rFF44,100209565,100.00,,
69.350134415,1683673585,,instructions,100208835,100.00,4.48,insn per cycle
69.350134415,375784360,,cycles,100209645,100.00,,
69.450345183,105057,,rD044,100210155,100.00,,
69.450345183,740304,,rFF44,100210335,100.00,,
69.450345183,1680994922,,instructions,100210535,100.00,4.47,insn per cycle
69.450345183,375785493,,cycles,100209945,100.00,,
69.550549390,65597,,rD044,100179905,100.00,,
69.550549390,701161,,rFF44,100179695,100.00,,
69.550549390,1673203536,,instructions,100180905,100.00,4.45,insn per cycle
69.550549390,375641395,,cycles,100180305,100.00,,
69.650761868,108888,,rD044,100212314,100.00,,
69.650761868,727515,,rFF44,100212395,100.00,,
69.650761868,1676631646,,instructions,100211075,100.00,4.46,insn per cycle
69.650761868,375789314,,cycles,100211195,100.00,,
69.750993266,98066,,rD044,100230295,100.00,,
69.750993266,746061,,rFF44,100230184,100.00,,
69.750993266,1673661694,,instructions,100230574,100.00,4.45,insn per cycle
69.750993266,375863645,,cycles,100230574,100.00,,
69.851202623,104371,,rD044,100209115,100.00,,
69.851202623,690230,,rFF44,100209235,100.00,,
69.851202623,1681705182,,instructions,100209025,100.00,4.48,insn per cycle
69.851202623,375784568,,cycles,100209705,100.00,,
69.951413731,1451458,,rD044,100210915,100.00,,
69.951413731,18960392,,rFF44,100211475,100.00,,
69.951413731,1697776712,,instructions,100212145,100.00,4.52,insn per cycle
69.951413731,375791759,,cycles,100211615,100.00,,
70.051627949,2475316,,rD044,100213845,100.00,,
70.051627949,33787902,,rFF44,100213435,100.00,,
70.051627949,1631283379,,instructions,100212485,100.00,4.34,insn per cycle
70.051627949,375796510,,cycles,100212885,100.00,,
70.151843346,1670960,,rD044,100214515,100.00,,
70.151843346,28391954,,rFF44,100214415,100.00,,
70.151843346,1742662736,,instructions,100215135,100.00,4.64,insn per cycle
70.151843346,375800962,,cycles,100214075,100.00,,
70.252056134,1642852,,rD044,100211714,100.00,,
70.252056134,29573918,,rFF44,100211684,100.00,,
70.252056134,1664725186,,instructions,100211004,100.00,4.43,insn per cycle
70.252056134,375789668,,cycles,100211285,100.00,,
70.352268492,533762,,rD044,100211565,100.00,,
70.352268492,14811043,,rFF44,100211275,100.00,,
70.352268492,978275881,,instructions,100211605,100.00,2.60,insn per cycle
70.352268492,375791904,,cycles,100211434,100.00,,
70.452494259,64694,,rD044,100225055,100.00,,
70.452494259,7422631,,rFF44,100225075,100.00,,
70.452494259,658197055,,instructions,100224975,100.00,1.75,insn per cycle
70.452494259,375845978,,cycles,100226075,100.00,,
70.552704977,576119,,rD044,100197155,100.00,,
70.552704977,16471348,,rFF44,100196745,100.00,,
70.552704977,1046171096,,instructions,100197165,100.00,2.78,insn per cycle
70.552704977,375713943,,cycles,100196495,100.00,,
70.652916675,21530,,rD044,100211205,100.00,,
70.652916675,7083414,,rFF44,100211535,100.00,,
70.652916675,637192974,,instructions,100211545,100.00,1.70,insn per cycle
70.652916675,375790960,,cycles,100211215,100.00,,
70.753126002,92402,,rD044,100208695,100.00,,
70.753126002,8059109,,rFF44,100208785,100.00,,
70.753126002,675394905,,instructions,100208155,100.00,1.80,insn per cycle
70.753126002,375778760,,cycles,100208145,100.00,,
70.853336180,86427,,rD044,100209734,100.00,,
70.853336180,8367297,,rFF44,100209744,100.00,,
70.853336180,685412941,,instructions,100209574,100.00,1.82,insn per cycle
70.853336180,375783913,,cycles,100209524,100.00,,
70.953548168,37830,,rD044,100211185,100.00,,
70.953548168,7199846,,rFF44,100211855,100.00,,
70.953548168,638604805,,instructions,100211795,100.00,1.70,insn per cycle
70.953548168,375793462,,cycles,100212075,100.00,,
71.053759155,300171,,rD044,100210175,100.00,,
71.053759155,10190404,,rFF44,100209135,100.00,,
71.053759155,747642684,,instructions,100209705,100.00,1.99,insn per cycle
71.053759155,375783877,,cycles,100209515,100.00,,
71.153987383,78736,,rD044,100227855,100.00,,
71.153987383,8550019,,rFF44,100228905,100.00,,
71.153987383,691522997,,instructions,100228665,100.00,1.84,insn per cycle
71.153987383,375856770,,cycles,100228955,100.00,,
71.254196181,34828,,rD044,100207605,100.00,,
71.254196181,6985575,,rFF44,100207005,100.00,,
71.254196181,639734608,,instructions,100207405,100.00,1.70,insn per cycle
71.254196181,375776479,,cycles,100207555,100.00,,
71.354405938,76021,,rD044,100209214,100.00,,
71.354405938,8462482,,rFF44,100209274,100.00,,
71.354405938,687756133,,instructions,100208824,100.00,1.83,insn per cycle
71.354405938,375779840,,cycles,100208654,100.00,,
71.454616406,30471,,rD044,100209905,100.00,,
71.454616406,7113188,,rFF44,100209495,100.00,,
71.454616406,636131938,,instructions,100209765,100.00,1.69,insn per cycle
71.454616406,375786340,,cycles,100209955,100.00,,
71.554832023,69994,,rD044,100202175,100.00,,
71.554832023,7725660,,rFF44,100203515,100.00,,
71.554832023,650757298,,instructions,100203775,100.00,1.73,insn per cycle
71.554832023,375746964,,cycles,100204595,100.00,,
71.655056171,1210126,,rD044,100222965,100.00,,
71.655056171,19552496,,rFF44,100222275,100.00,,
71.655056171,1061634012,,instructions,100221935,100.00,2.82,insn per cycle
71.655056171,375826198,,cycles,100220805,100.00,,
71.755265689,1232511,,rD044,100210055,100.00,,
71.755265689,24920982,,rFF44,100210455,100.00,,
71.755265689,1426667431,,instructions,100210255,100.00,3.80,insn per cycle
71.755265689,375789372,,cycles,100211205,100.00,,
71.855478816,325131,,rD044,100211504,100.00,,
71.855478816,13868763,,rFF44,100210984,100.00,,
71.855478816,879147894,,instructions,100211215,100.00,2.34,insn per cycle
71.855478816,375788337,,cycles,100210705,100.00,,
71.955690174,49779,,rD044,100210665,100.00,,
71.955690174,7173101,,rFF44,100210405,100.00,,
71.955690174,632594384,,instructions,100210604,100.00,1.68,insn per cycle
71.955690174,375788183,,cycles,100210454,100.00,,
72.055901012,50123,,rD044,100210185,100.00,,
72.055901012,7175010,,rFF44,100210445,100.00,,
72.055901012,614330708,,instructions,100209865,100.00,1.63,insn per cycle
72.055901012,375770992,,cycles,100209055,100.00,,
72.156108829,20824,,rD044,100207335,100.00,,
72.156108829,6970643,,rFF44,100207115,100.00,,
72.156108829,627609714,,instructions,100206805,100.00,1.67,insn per cycle
72.156108829,375775795,,cycles,100207365,100.00,,
72.256315647,197316,,rD044,100205835,100.00,,
72.256315647,8990183,,rFF44,100206565,100.00,,
72.256315647,704123098,,instructions,100207115,100.00,1.87,insn per cycle
72.256315647,375776840,,cycles,100207635,100.00,,
72.356540975,32795,,rD044,100225024,100.00,,
72.356540975,7478504,,rFF44,100223965,100.00,,
72.356540975,646305212,,instructions,100223675,100.00,1.72,insn per cycle
72.356540975,375835794,,cycles,100223385,100.00,,
72.456749502,107024,,rD044,100208285,100.00,,
72.456749502,8979053,,rFF44,100208684,100.00,,
72.456749502,700315059,,instructions,100208554,100.00,1.86,insn per cycle
72.456749502,375782049,,cycles,100209014,100.00,,
72.556977090,54433,,rD044,100212335,100.00,,
72.556977090,7442560,,rFF44,100212735,100.00,,
72.556977090,651998670,,instructions,100212675,100.00,1.74,insn per cycle
72.556977090,375772558,,cycles,100211785,100.00,,
72.657186858,34589,,rD044,100209245,100.00,,
72.657186858,7224407,,rFF44,100208965,100.00,,
72.657186858,653361893,,instructions,100209575,100.00,1.74,insn per cycle
72.657186858,375784372,,cycles,100209655,100.00,,
72.757394985,998934,,rD044,100208635,100.00,,
72.757394985,19517064,,rFF44,100208265,100.00,,
72.757394985,1081769741,,instructions,100207825,100.00,2.88,insn per cycle
72.757394985,375777650,,cycles,100207855,100.00,,
72.857605873,108650,,rD044,100209335,100.00,,
72.857605873,7928567,,rFF44,100209695,100.00,,
72.857605873,655314898,,instructions,100209925,100.00,1.74,insn per cycle
72.857605873,375787284,,cycles,100210425,100.00,,
72.957832131,578102,,rD044,100225304,100.00,,
72.957832131,14440019,,rFF44,100225594,100.00,,
72.957832131,916633165,,instructions,100225604,100.00,2.44,insn per cycle
72.957832131,375841627,,cycles,100224914,100.00,,
73.058041438,272371,,rD044,100208865,100.00,,
73.058041438,11552586,,rFF44,100208535,100.00,,
73.058041438,831500342,,instructions,100208035,100.00,2.21,insn per cycle
73.058041438,375779955,,cycles,100208485,100.00,,
73.158251396,36242,,rD044,100209605,100.00,,
73.158251396,7586256,,rFF44,100209435,100.00,,
73.158251396,647849824,,instructions,100209775,100.00,1.72,insn per cycle
73.158251396,375782946,,cycles,100209265,100.00,,
73.258461914,161509,,rD044,100209865,100.00,,
73.258461914,8567080,,rFF44,100210485,100.00,,
73.258461914,687322438,,instructions,100210945,100.00,1.83,insn per cycle
73.258461914,375794846,,cycles,100212445,100.00,,
73.358674601,36102,,rD044,100200265,100.00,,
73.358674601,7380747,,rFF44,100200045,100.00,,
73.358674601,639680706,,instructions,100199735,100.00,1.70,insn per cycle
73.358674601,375723689,,cycles,100199005,100.00,,
73.458883799,24789,,rD044,100208704,100.00,,
73.458883799,6235979,,rFF44,100208484,100.00,,
73.458883799,578064624,,instructions,100208624,100.00,1.54,insn per cycle
73.458883799,375776970,,cycles,100207674,100.00,,
73.559087906,106067,,rD044,100178215,100.00,,
73.559087906,8949502,,rFF44,100177165,100.00,,
73.559087906,685843863,,instructions,100177205,100.00,1.83,insn per cycle
73.559087906,375631339,,cycles,100177915,100.00,,
73.659296464,150761,,rD044,100209285,100.00,,
73.659296464,9231990,,rFF44,100210135,100.00,,
73.659296464,713250788,,instructions,100210135,100.00,1.90,insn per cycle
73.659296464,375787357,,cycles,100210435,100.00,,
73.759509202,100858,,rD044,100211165,100.00,,
73.759509202,9399140,,rFF44,100210985,100.00,,
73.759509202,716093122,,instructions,100210885,100.00,1.91,insn per cycle
73.759509202,375790206,,cycles,100211215,100.00,,
73.859718409,10520,,rD044,100207985,100.00,,
73.859718409,5962721,,rFF44,100208375,100.00,,
73.859718409,553260776,,instructions,100208445,100.00,1.47,insn per cycle
73.859718409,375776576,,cycles,100208405,100.00,,
73.959954327,45915,,rD044,100235804,100.00,,
73.959954327,7230241,,rFF44,100235865,100.00,,
73.959954327,609589071,,instructions,100236115,100.00,1.62,insn per cycle
73.959954327,375879575,,cycles,100235865,100.00,,
74.060165075,8910,,rD044,100209835,100.00,,
74.060165075,6475088,,rFF44,100210104,100.00,,
74.060165075,562433812,,instructions,100209494,100.00,1.50,insn per cycle
74.060165075,375783880,,cycles,100209524,100.00,,
74.160377742,8375,,rD044,100212315,100.00,,
74.160377742,5960775,,rFF44,100211735,100.00,,
74.160377742,555971010,,instructions,100211785,100.00,1.48,insn per cycle
74.160377742,375790129,,cycles,100211185,100.00,,
74.260620720,266473,,rD044,100242455,100.00,,
74.260620720,11414571,,rFF44,100242645,100.00,,
74.260620720,790025807,,instructions,100243465,100.00,2.10,insn per cycle
74.260620720,375915004,,cycles,100244485,100.00,,
74.360831758,8035,,rD044,100199905,100.00,,
74.360831758,6253304,,rFF44,100200985,100.00,,
74.360831758,570336286,,instructions,100201195,100.00,1.52,insn per cycle
74.360831758,375730865,,cycles,100200875,100.00,,
74.461044156,23170,,rD044,100211325,100.00,,
74.461044156,6832998,,rFF44,100210695,100.00,,
74.461044156,597194492,,instructions,100210385,100.00,1.59,insn per cycle
74.461044156,375787141,,cycles,100210185,100.00,,
74.561253503,105659,,rD044,100194484,100.00,,
74.561253503,10677731,,rFF44,100193954,100.00,,
74.561253503,764167635,,instructions,100193394,100.00,2.03,insn per cycle
74.561253503,375703984,,cycles,100193375,100.00,,
74.661461301,48862,,rD044,100207595,100.00,,
74.661461301,6760865,,rFF44,100207925,100.00,,
74.661461301,589139478,,instructions,100207705,100.00,1.57,insn per cycle
74.661461301,375776248,,cycles,100207484,100.00,,
74.761672059,84829,,rD044,100209775,100.00,,
74.761672059,8511985,,rFF44,100209615,100.00,,
74.761672059,689598831,,instructions,100209735,100.00,1.84,insn per cycle
74.761672059,375784883,,cycles,100209785,100.00,,
74.861882826,28469,,rD044,100210115,100.00,,
74.861882826,6394641,,rFF44,100210175,100.00,,
74.861882826,609226360,,instructions,100210255,100.00,1.62,insn per cycle
74.861882826,375788678,,cycles,100210795,100.00,,
74.962094144,28861,,rD044,100210515,100.00,,
74.962094144,7786211,,rFF44,100210405,100.00,,
74.962094144,658450403,,instructions,100210535,100.00,1.75,insn per cycle
74.962094144,375787668,,cycles,100210535,100.00,,
75.062305251,19711,,rD044,100210834,100.00,,
75.062305251,6585233,,rFF44,100211014,100.00,,
75.062305251,567279133,,instructions,100210514,100.00,1.51,insn per cycle
75.062305251,375784777,,cycles,100209754,100.00,,
75.162514939,6491,,rD044,100208765,100.00,,
75.162514939,6117597,,rFF44,100208705,100.00,,
75.162514939,568239772,,instructions,100209095,100.00,1.51,insn per cycle
75.162514939,375783337,,cycles,100209375,100.00,,
75.262726177,705220,,rD044,100211525,100.00,,
75.262726177,26598147,,rFF44,100211565,100.00,,
75.262726177,1557849092,,instructions,100211955,100.00,4.15,insn per cycle
75.262726177,375790515,,cycles,100211285,100.00,,
75.362958144,651353,,rD044,100231255,100.00,,
75.362958144,25919418,,rFF44,100231305,100.00,,
75.362958144,1521561408,,instructions,100230965,100.00,4.05,insn per cycle
75.362958144,375864680,,cycles,100231075,100.00,,
75.463168662,1813040,,rD044,100209765,100.00,,
75.463168662,28673961,,rFF44,100209375,100.00,,
75.463168662,1730133691,,instructions,100209585,100.00,4.60,insn per cycle
75.463168662,375784075,,cycles,100209565,100.00,,
75.563377010,1458130,,rD044,100192655,100.00,,
75.563377010,25498383,,rFF44,100192945,100.00,,
75.563377010,1425488045,,instructions,100193105,100.00,3.79,insn per cycle
75.563377010,375703595,,cycles,100193465,100.00,,
75.663586117,91804,,rD044,100208434,100.00,,
75.663586117,8762288,,rFF44,100208234,100.00,,
75.663586117,725741790,,instructions,100208274,100.00,1.93,insn per cycle
75.663586117,375779671,,cycles,100208184,100.00,,
75.763803745,46790,,rD044,100217025,100.00,,
75.763803745,7200761,,rFF44,100233145,100.00,,
75.763803745,615695726,,instructions,100233445,100.00,1.64,insn per cycle
75.763803745,375877720,,cycles,100234545,100.00,,
75.864031263,273464,,rD044,100227265,100.00,,
75.864031263,10270025,,rFF44,100211295,100.00,,
75.864031263,759353476,,instructions,100210625,100.00,2.02,insn per cycle
75.864031263,375784414,,cycles,100209665,100.00,,
75.964242070,232249,,rD044,100209525,100.00,,
75.964242070,11885096,,rFF44,100209475,100.00,,
75.964242070,814493112,,instructions,100209505,100.00,2.17,insn per cycle
75.964242070,375783552,,cycles,100209435,100.00,,
76.064451388,27836,,rD044,100208845,100.00,,
76.064451388,6620829,,rFF44,100208535,100.00,,
76.064451388,586312592,,instructions,100208165,100.00,1.56,insn per cycle
76.064451388,375778792,,cycles,100208175,100.00,,
76.164690716,28617,,rD044,100238655,100.00,,
76.164690716,7064999,,rFF44,100239265,100.00,,
76.164690716,596645707,,instructions,100239775,100.00,1.59,insn per cycle
76.164690716,375895623,,cycles,100239315,100.00,,
76.264899864,18634,,rD044,100208444,100.00,,
76.264899864,7352981,,rFF44,100207834,100.00,,
76.264899864,638164314,,instructions,100207914,100.00,1.70,insn per cycle
76.264899864,375778507,,cycles,100208284,100.00,,
76.365109581,23841,,rD044,100209445,100.00,,
76.365109581,6718711,,rFF44,100209475,100.00,,
76.365109581,593834134,,instructions,100208835,100.00,1.58,insn per cycle
76.365109581,375782444,,cycles,100208935,100.00,,
76.465318929,26045,,rD044,100208645,100.00,,
76.465318929,6502456,,rFF44,100208745,100.00,,
76.465318929,555840583,,instructions,100209035,100.00,1.48,insn per cycle
76.465318929,375782132,,cycles,100209045,100.00,,
76.565528716,58240,,rD044,100196345,100.00,,
76.565528716,7386507,,rFF44,100196455,100.00,,
76.565528716,633429377,,instructions,100196395,100.00,1.69,insn per cycle
76.565528716,375715632,,cycles,100196595,100.00,,
76.665738114,46565,,rD044,100209075,100.00,,
76.665738114,7287645,,rFF44,100208945,100.00,,
76.665738114,629714014,,instructions,100209605,100.00,1.68,insn per cycle
76.665738114,375786627,,cycles,100210245,100.00,,
76.765967762,83165,,rD044,100228974,100.00,,
76.765967762,8579776,,rFF44,100229604,100.00,,
76.765967762,706513166,,instructions,100229734,100.00,1.88,insn per cycle
76.765967762,375855711,,cycles,100228674,100.00,,
76.866178200,652327,,rD044,100210395,100.00,,
76.866178200,21201746,,rFF44,100209865,100.00,,
76.866178200,1391196527,,instructions,100209245,100.00,3.70,insn per cycle
76.866178200,375783303,,cycles,100209365,100.00,,
76.966387947,912945,,rD044,100208295,100.00,,
76.966387947,21348157,,rFF44,100208515,100.00,,
76.966387947,1191912747,,instructions,100208565,100.00,3.17,insn per cycle
76.966387947,375780538,,cycles,100208625,100.00,,
77.066596405,79794,,rD044,100208145,100.00,,
77.066596405,8957893,,rFF44,100208305,100.00,,
77.066596405,707715040,,instructions,100207865,100.00,1.88,insn per cycle
77.066596405,375776630,,cycles,100207595,100.00,,
77.166804472,34141,,rD044,100207265,100.00,,
77.166804472,6595897,,rFF44,100239835,100.00,,
77.166804472,604530468,,instructions,100239905,100.00,1.61,insn per cycle
77.166804472,375900342,,cycles,100240575,100.00,,
77.267046690,47791,,rD044,100241775,100.00,,
77.267046690,7412728,,rFF44,100209435,100.00,,
77.267046690,630754722,,instructions,100210265,100.00,1.68,insn per cycle
77.267046690,375788191,,cycles,100210665,100.00,,
77.367259448,145713,,rD044,100212064,100.00,,
77.367259448,9462044,,rFF44,100211414,100.00,,
77.367259448,693618553,,instructions,100211064,100.00,1.85,insn per cycle
77.367259448,375785302,,cycles,100209894,100.00,,
77.467469966,6489,,rD044,100209815,100.00,,
77.467469966,5916265,,rFF44,100210665,100.00,,
77.467469966,544001362,,instructions,100210335,100.00,1.45,insn per cycle
77.467469966,375787280,,cycles,100210425,100.00,,
77.567678473,143477,,rD044,100181335,100.00,,
77.567678473,10650356,,rFF44,100181085,100.00,,
77.567678473,755462061,,instructions,100181295,100.00,2.01,insn per cycle
77.567678473,375648277,,cycles,100181865,100.00,,
77.667876751,6519,,rD044,100197165,100.00,,
77.667876751,5677128,,rFF44,100196975,100.00,,
77.667876751,539381759,,instructions,100196595,100.00,1.44,insn per cycle
77.667876751,375733422,,cycles,100196055,100.00,,
77.768089128,80982,,rD044,100212104,100.00,,
77.768089128,9068623,,rFF44,100212044,100.00,,
77.768089128,693601552,,instructions,100212395,100.00,1.85,insn per cycle
77.768089128,375794073,,cycles,100212235,100.00,,
77.868300946,4951,,rD044,100211005,100.00,,
77.868300946,5757488,,rFF44,100210775,100.00,,
77.868300946,548215661,,instructions,100210434,100.00,1.46,insn per cycle
77.868300946,375788980,,cycles,100210874,100.00,,
77.968510553,14287,,rD044,100209225,100.00,,
77.968510553,6928427,,rFF44,100209925,100.00,,
77.968510553,583468195,,instructions,100210495,100.00,1.55,insn per cycle
77.968510553,375787381,,cycles,100210465,100.00,,
78.068749302,10453,,rD044,100237955,100.00,,
78.068749302,6360889,,rFF44,100237415,100.00,,
78.068749302,549572160,,instructions,100236595,100.00,1.46,insn per cycle
78.068749302,375884813,,cycles,100236435,100.00,,
78.168977789,6766,,rD044,100227915,100.00,,
78.168977789,5705838,,rFF44,100227465,100.00,,
78.168977789,542698584,,instructions,100227655,100.00,1.44,insn per cycle
78.168977789,375852504,,cycles,100227815,100.00,,
78.269187947,167720,,rD044,100209225,100.00,,
78.269187947,10733969,,rFF44,100210035,100.00,,
78.269187947,794110026,,instructions,100210175,100.00,2.11,insn per cycle
78.269187947,375786278,,cycles,100210165,100.00,,
78.369399255,79053,,rD044,100210894,100.00,,
78.369399255,8140549,,rFF44,100210284,100.00,,
78.369399255,664975907,,instructions,100210755,100.00,1.77,insn per cycle
78.369399255,375791659,,cycles,100211595,100.00,,
78.469607792,79242,,rD044,100198335,100.00,,
78.469607792,7159706,,rFF44,100198305,100.00,,
78.469607792,620319458,,instructions,100198034,100.00,1.65,insn per cycle
78.469607792,375716494,,cycles,100196954,100.00,,
78.569835180,19697,,rD044,100212605,100.00,,
78.569835180,7180818,,rFF44,100213405,100.00,,
78.569835180,625746280,,instructions,100214245,100.00,1.67,insn per cycle
78.569835180,375784939,,cycles,100215105,100.00,,
78.670047278,159461,,rD044,100212425,100.00,,
78.670047278,8986031,,rFF44,100212395,100.00,,
78.670047278,684090856,,instructions,100211725,100.00,1.82,insn per cycle
78.670047278,375789882,,cycles,100211095,100.00,,
78.770258205,487859,,rD044,100210365,100.00,,
78.770258205,21309147,,rFF44,100210005,100.00,,
78.770258205,1171362139,,instructions,100209675,100.00,3.12,insn per cycle
78.770258205,375784194,,cycles,100209615,100.00,,
78.870471113,184197,,rD044,100211315,100.00,,
78.870471113,10548681,,rFF44,100211315,100.00,,
78.870471113,733691912,,instructions,100211145,100.00,1.95,insn per cycle
78.870471113,375789819,,cycles,100211095,100.00,,
78.970681950,4762,,rD044,100210284,100.00,,
78.970681950,6093301,,rFF44,100209684,100.00,,
78.970681950,559893710,,instructions,100210354,100.00,1.49,insn per cycle
78.970681950,375783876,,cycles,100210184,100.00,,
79.070899028,27785,,rD044,100216635,100.00,,
79.070899028,6482744,,rFF44,100216945,100.00,,
79.070899028,586739827,,instructions,100216745,100.00,1.56,insn per cycle
79.070899028,375808799,,cycles,100217005,100.00,,
79.171109426,86849,,rD044,100209865,100.00,,
79.171109426,8211481,,rFF44,100209975,100.00,,
79.171109426,644715030,,instructions,100209525,100.00,1.72,insn per cycle
79.171109426,375782592,,cycles,100209185,100.00,,
79.271319023,44715,,rD044,100208365,100.00,,
79.271319023,7622815,,rFF44,100208025,100.00,,
79.271319023,614231958,,instructions,100208295,100.00,1.63,insn per cycle
79.271319023,375780507,,cycles,100208615,100.00,,
79.371530161,26023,,rD044,100210905,100.00,,
79.371530161,6001127,,rFF44,100210625,100.00,,
79.371530161,564248198,,instructions,100210745,100.00,1.50,insn per cycle
79.371530161,375790265,,cycles,100211225,100.00,,
79.471738939,13362,,rD044,100207944,100.00,,
79.471738939,6423502,,rFF44,100208184,100.00,,
79.471738939,568550921,,instructions,100208474,100.00,1.51,insn per cycle
79.471738939,375779396,,cycles,100208314,100.00,,
79.571967737,333050,,rD044,100212905,100.00,,
79.571967737,14833429,,rFF44,100212945,100.00,,
79.571967737,880985615,,instructions,100213085,100.00,2.34,insn per cycle
79.571967737,375774702,,cycles,100212415,100.00,,
79.672175644,17434,,rD044,100207385,100.00,,
79.672175644,6243015,,rFF44,100207545,100.00,,
79.672175644,546456509,,instructions,100206715,100.00,1.45,insn per cycle
79.672175644,375774238,,cycles,100206935,100.00,,
79.772383442,41103,,rD044,100207165,100.00,,
79.772383442,6676274,,rFF44,100207505,100.00,,
79.772383442,586589653,,instructions,100207445,100.00,1.56,insn per cycle
79.772383442,375776396,,cycles,100207525,100.00,,
79.872592629,72952,,rD044,100208745,100.00,,
79.872592629,8038776,,rFF44,100208165,100.00,,
79.872592629,620238216,,instructions,100208995,100.00,1.65,insn per cycle
79.872592629,375783488,,cycles,100209425,100.00,,
79.972833327,2050,,rD044,100240145,100.00,,
79.972833327,5145853,,rFF44,100240325,100.00,,
79.972833327,498426211,,instructions,100239725,100.00,1.33,insn per cycle
79.972833327,375896872,,cycles,100239645,100.00,,
80.073044615,41809,,rD044,100210154,100.00,,
80.073044615,7165663,,rFF44,100210444,100.00,,
80.073044615,604179156,,instructions,100210504,100.00,1.61,insn per cycle
80.073044615,375786307,,cycles,100210164,100.00,,
80.173255642,46515,,rD044,100210745,100.00,,
80.173255642,7357457,,rFF44,100210735,100.00,,
80.173255642,597354739,,instructions,100210645,100.00,1.59,insn per cycle
80.173255642,375786819,,cycles,100210305,100.00,,
80.273464670,62779,,rD044,100208335,100.00,,
80.273464670,7172447,,rFF44,100207655,100.00,,
80.273464670,588851881,,instructions,100207675,100.00,1.57,insn per cycle
80.273464670,375768673,,cycles,100208445,100.00,,
80.373675948,40328,,rD044,100210505,100.00,,
80.373675948,7156217,,rFF44,100210345,100.00,,
80.373675948,611174968,,instructions,100210305,100.00,1.63,insn per cycle
80.373675948,375785621,,cycles,100209965,100.00,,
80.473884805,27715,,rD044,100208955,100.00,,
80.473884805,6267681,,rFF44,100209105,100.00,,
80.473884805,565937190,,instructions,100209345,100.00,1.51,insn per cycle
80.473884805,375782009,,cycles,100209015,100.00,,
80.574095343,288844,,rD044,100197114,100.00,,
80.574095343,14164014,,rFF44,100198124,100.00,,
80.574095343,830818344,,instructions,100198014,100.00,2.21,insn per cycle
80.574095343,375720427,,cycles,100198464,100.00,,
80.674305701,5936,,rD044,100209415,100.00,,
80.674305701,6570550,,rFF44,100209215,100.00,,
80.674305701,566162942,,instructions,100209485,100.00,1.51,insn per cycle
80.674305701,375781968,,cycles,100209005,100.00,,
80.774514258,4018,,rD044,100208325,100.00,,
80.774514258,5830517,,rFF44,100208115,100.00,,
80.774514258,530133446,,instructions,100208005,100.00,1.41,insn per cycle
80.774514258,375780944,,cycles,100208735,100.00,,
80.874724606,3187,,rD044,100210195,100.00,,
80.874724606,5414980,,rFF44,100210005,100.00,,
80.874724606,506216196,,instructions,100210875,100.00,1.35,insn per cycle
80.874724606,375788654,,cycles,100210785,100.00,,
80.974955784,50494,,rD044,100230715,100.00,,
80.974955784,7948340,,rFF44,100231285,100.00,,
80.974955784,632697865,,instructions,100230605,100.00,1.68,insn per cycle
80.974955784,375862074,,cycles,100230375,100.00,,
81.075167851,129238,,rD044,100210684,100.00,,
81.075167851,14190488,,rFF44,100210174,100.00,,
81.075167851,898059006,,instructions,100210004,100.00,2.39,insn per cycle
81.075167851,375785282,,cycles,100209904,100.00,,
81.175377239,11262,,rD044,100208615,100.00,,
81.175377239,5907992,,rFF44,100208925,100.00,,
81.175377239,522901141,,instructions,100209305,100.00,1.39,insn per cycle
81.175377239,375786780,,cycles,100210285,100.00,,
81.275588966,12410,,rD044,100211265,100.00,,
81.275588966,6151953,,rFF44,100211545,100.00,,
81.275588966,559137391,,instructions,100211535,100.00,1.49,insn per cycle
81.275588966,375787399,,cycles,100210465,100.00,,
81.375800264,15739,,rD044,100210525,100.00,,
81.375800264,6646016,,rFF44,100239845,100.00,,
81.375800264,616786850,,instructions,100239925,100.00,1.64,insn per cycle
81.375800264,375900520,,cycles,100240615,100.00,,
81.476041222,110904,,rD044,100239865,100.00,,
81.476041222,9965631,,rFF44,100210215,100.00,,
81.476041222,683530700,,instructions,100210065,100.00,1.82,insn per cycle
81.476041222,375782452,,cycles,100209145,100.00,,
81.576253080,4827,,rD044,100182034,100.00,,
81.576253080,5573700,,rFF44,100182224,100.00,,
81.576253080,528808009,,instructions,100182114,100.00,1.41,insn per cycle
81.576253080,375646618,,cycles,100183314,100.00,,
81.676462067,30277,,rD044,100208174,100.00,,
81.676462067,7749898,,rFF44,100207724,100.00,,
81.676462067,610163203,,instructions,100207074,100.00,1.62,insn per cycle
81.676462067,375772269,,cycles,100206224,100.00,,
81.776671045,4574,,rD044,100208725,100.00,,
81.776671045,5790605,,rFF44,100209375,100.00,,
81.776671045,536503481,,instructions,100209845,100.00,1.43,insn per cycle
81.776671045,375783477,,cycles,100209405,100.00,,
81.876896343,1782,,rD044,100224495,100.00,,
81.876896343,5454750,,rFF44,100223915,100.00,,
81.876896343,519059930,,instructions,100224005,100.00,1.38,insn per cycle
81.876896343,375838888,,cycles,100224405,100.00,,
81.977107510,161906,,rD044,100210565,100.00,,
81.977107510,9552849,,rFF44,100210525,100.00,,
81.977107510,721967489,,instructions,100210255,100.00,1.92,insn per cycle
81.977107510,375786811,,cycles,100210085,100.00,,
82.077316568,63623,,rD044,100208365,100.00,,
82.077316568,8713068,,rFF44,100208695,100.00,,
82.077316568,690477616,,instructions,100209525,100.00,1.84,insn per cycle
82.077316568,375786834,,cycles,100210315,100.00,,
82.177535336,41736,,rD044,100217974,100.00,,
82.177535336,7359590,,rFF44,100217624,100.00,,
82.177535336,628437964,,instructions,100217044,100.00,1.67,insn per cycle
82.177535336,375810113,,cycles,100216515,100.00,,
82.277746073,14918,,rD044,100210165,100.00,,
82.277746073,6566954,,rFF44,100210505,100.00,,
82.277746073,622998890,,instructions,100210845,100.00,1.66,insn per cycle
82.277746073,375788523,,cycles,100210764,100.00,,
82.377976761,637196,,rD044,100230385,100.00,,
82.377976761,19070572,,rFF44,100230095,100.00,,
82.377976761,1258463500,,instructions,100229895,100.00,3.35,insn per cycle
82.377976761,375861449,,cycles,100230195,100.00,,
82.478188279,811517,,rD044,100211545,100.00,,
82.478188279,25146830,,rFF44,100211715,100.00,,
82.478188279,1369796224,,instructions,100211635,100.00,3.65,insn per cycle
82.478188279,375789955,,cycles,100211135,100.00,,
82.578401346,1375800,,rD044,100187885,100.00,,
82.578401346,27966998,,rFF44,100188375,100.00,,
82.578401346,1459838390,,instructions,100187635,100.00,3.89,insn per cycle
82.578401346,375683460,,cycles,100188275,100.00,,
82.678614994,457159,,rD044,100212935,100.00,,
82.678614994,14678754,,rFF44,100212215,100.00,,
82.678614994,951502187,,instructions,100212355,100.00,2.53,insn per cycle
82.678614994,375793648,,cycles,100211905,100.00,,
82.778845912,193636,,rD044,100230274,100.00,,
82.778845912,10870900,,rFF44,100230104,100.00,,
82.778845912,802334488,,instructions,100230615,100.00,2.13,insn per cycle
82.778845912,375863742,,cycles,100230825,100.00,,
82.879057609,14260,,rD044,100210995,100.00,,
82.879057609,7222264,,rFF44,100211645,100.00,,
82.879057609,662193673,,instructions,100211054,100.00,1.76,insn per cycle
82.879057609,375793454,,cycles,100212064,100.00,,
82.979274057,111716,,rD044,100216225,100.00,,
82.979274057,9549767,,rFF44,100216775,100.00,,
82.979274057,790822001,,instructions,100216895,100.00,2.10,insn per cycle
82.979274057,375807709,,cycles,100215875,100.00,,
83.079488145,47376,,rD044,100213055,100.00,,
83.079488145,7898824,,rFF44,100212075,100.00,,
83.079488145,690145804,,instructions,100212465,100.00,1.84,insn per cycle
83.079488145,375795258,,cycles,100212555,100.00,,
83.179698133,167797,,rD044,100209295,100.00,,
83.179698133,9433425,,rFF44,100209325,100.00,,
83.179698133,770088988,,instructions,100210125,100.00,2.05,insn per cycle
83.179698133,375787945,,cycles,100210605,100.00,,
83.279910550,26625,,rD044,100212105,100.00,,
83.279910550,7738371,,rFF44,100212475,100.00,,
83.279910550,705830277,,instructions,100211375,100.00,1.88,insn per cycle
83.279910550,375789844,,cycles,100211115,100.00,,
83.380122008,175422,,rD044,100210374,100.00,,
83.380122008,11301860,,rFF44,100209704,100.00,,
83.380122008,867883390,,instructions,100209954,100.00,2.31,insn per cycle
83.380122008,375783392,,cycles,100209384,100.00,,
83.480332405,81687,,rD044,100209375,100.00,,
83.480332405,8210709,,rFF44,100210045,100.00,,
83.480332405,709136336,,instructions,100209675,100.00,1.89,insn per cycle
83.480332405,375785818,,cycles,100210035,100.00,,
83.580543153,108270,,rD044,100190415,100.00,,
83.580543153,8030081,,rFF44,100189885,100.00,,
83.580543153,691743230,,instructions,100190405,100.00,1.84,insn per cycle
83.580543153,375692582,,cycles,100190865,100.00,,
83.680753681,71207,,rD044,100209895,100.00,,
83.680753681,8480276,,rFF44,100210325,100.00,,
83.680753681,719941513,,instructions,100210835,100.00,1.92,insn per cycle
83.680753681,375786342,,cycles,100210175,100.00,,
83.780994829,215168,,rD044,100240645,100.00,,
83.780994829,11307572,,rFF44,100240735,100.00,,
83.780994829,829518505,,instructions,100239525,100.00,2.21,insn per cycle
83.780994829,375896516,,cycles,100239565,100.00,,
83.881204356,26736,,rD044,100208354,100.00,,
83.881204356,7423703,,rFF44,100207914,100.00,,
83.881204356,669739059,,instructions,100208354,100.00,1.78,insn per cycle
83.881204356,375777788,,cycles,100207885,100.00,,
83.981414564,134838,,rD044,100210095,100.00,,
83.981414564,10636450,,rFF44,100210165,100.00,,
83.981414564,791309733,,instructions,100209915,100.00,2.11,insn per cycle
83.981414564,375787167,,cycles,100210394,100.00,,
84.081622891,105911,,rD044,100207455,100.00,,
84.081622891,9112830,,rFF44,100207055,100.00,,
84.081622891,707742063,,instructions,100207525,100.00,1.88,insn per cycle
84.081622891,375774157,,cycles,100207765,100.00,,
84.181840569,14987,,rD044,100217155,100.00,,
84.181840569,6419882,,rFF44,100217365,100.00,,
84.181840569,598832452,,instructions,100216725,100.00,1.59,insn per cycle
84.181840569,375806507,,cycles,100216385,100.00,,
84.282049207,100809,,rD044,100207815,100.00,,
84.282049207,9313230,,rFF44,100207385,100.00,,
84.282049207,707293404,,instructions,100208255,100.00,1.88,insn per cycle
84.282049207,375779315,,cycles,100208305,100.00,,
84.382257004,5013,,rD044,100206994,100.00,,
84.382257004,6082461,,rFF44,100207374,100.00,,
84.382257004,589731645,,instructions,100207444,100.00,1.57,insn per cycle
84.382257004,375776897,,cycles,100207655,100.00,,
84.482468712,10028,,rD044,100211085,100.00,,
84.482468712,6519966,,rFF44,100211145,100.00,,
84.482468712,603692735,,instructions,100210505,100.00,1.61,insn per cycle
84.482468712,375785295,,cycles,100209904,100.00,,
84.582678140,141042,,rD044,100180555,100.00,,
84.582678140,12884151,,rFF44,100180595,100.00,,
84.582678140,854037137,,instructions,100181075,100.00,2.27,insn per cycle
84.582678140,375657043,,cycles,100182225,100.00,,
84.682887897,14101,,rD044,100208865,100.00,,
84.682887897,6461156,,rFF44,100208675,100.00,,
84.682887897,585278705,,instructions,100208535,100.00,1.56,insn per cycle
84.682887897,375777135,,cycles,100207715,100.00,,
84.783095445,26225,,rD044,100206825,100.00,,
84.783095445,7025570,,rFF44,100207005,100.00,,
84.783095445,612987522,,instructions,100206535,100.00,1.63,insn per cycle
84.783095445,375774697,,cycles,100207075,100.00,,
84.883305812,10308,,rD044,100209674,100.00,,
84.883305812,6822106,,rFF44,100209704,100.00,,
84.883305812,609530885,,instructions,100210334,100.00,1.62,insn per cycle
84.883305812,375786001,,cycles,100210094,100.00,,
84.983517060,76456,,rD044,100210725,100.00,,
84.983517060,9200770,,rFF44,100211055,100.00,,
84.983517060,700840179,,instructions,100210995,100.00,1.86,insn per cycle
84.983517060,375792737,,cycles,100211875,100.00,,
85.083734038,5452,,rD044,100215765,100.00,,
85.083734038,7315989,,rFF44,100215785,100.00,,
85.083734038,633218258,,instructions,100216145,100.00,1.68,insn per cycle
85.083734038,375808280,,cycles,100216025,100.00,,
85.183979836,279955,,rD044,100245515,100.00,,
85.183979836,10523224,,rFF44,100245445,100.00,,
85.183979836,739545946,,instructions,100244375,100.00,1.97,insn per cycle
85.183979836,375911749,,cycles,100243615,100.00,,
85.284189323,52790,,rD044,100209385,100.00,,
85.284189323,7786499,,rFF44,100209245,100.00,,
85.284189323,638834770,,instructions,100209725,100.00,1.70,insn per cycle
85.284189323,375781389,,cycles,100209075,100.00,,
85.384400081,8667,,rD044,100209485,100.00,,
85.384400081,6818664,,rFF44,100209065,100.00,,
85.384400081,587294265,,instructions,100210085,100.00,1.56,insn per cycle
85.384400081,375787816,,cycles,100210345,100.00,,
85.484610469,19820,,rD044,100210254,100.00,,
85.484610469,6382269,,rFF44,100210874,100.00,,
85.484610469,564527091,,instructions,100209604,100.00,1.50,insn per cycle
85.484610469,375783487,,cycles,100209414,100.00,,
85.584841137,88850,,rD044,100193735,100.00,,
85.584841137,7615822,,rFF44,100193865,100.00,,
85.584841137,657371608,,instructions,100195135,100.00,1.75,insn per cycle
85.584841137,375698595,,cycles,100195365,100.00,,
85.685085045,900722,,rD044,100243405,100.00,,
85.685085045,27716339,,rFF44,100243345,100.00,,
85.685085045,1570541640,,instructions,100242375,100.00,4.18,insn per cycle
85.685085045,375909336,,cycles,100242775,100.00,,
85.785294692,687460,,rD044,100208705,100.00,,
85.785294692,24306966,,rFF44,100208735,100.00,,
85.785294692,1286013307,,instructions,100208485,100.00,3.42,insn per cycle
85.785294692,375778413,,cycles,100208065,100.00,,
85.885505660,18087,,rD044,100210155,100.00,,
85.885505660,6506363,,rFF44,100210405,100.00,,
85.885505660,590865988,,instructions,100210205,100.00,1.57,insn per cycle
85.885505660,375787558,,cycles,100210495,100.00,,
85.985716077,21242,,rD044,100209955,100.00,,
85.985716077,6513259,,rFF44,100209785,100.00,,
85.985716077,627268368,,instructions,100210205,100.00,1.67,insn per cycle
85.985716077,375786558,,cycles,100210235,100.00,,
86.085927675,63467,,rD044,100210474,100.00,,
86.085927675,10486378,,rFF44,100210194,100.00,,
86.085927675,680560936,,instructions,100209824,100.00,1.81,insn per cycle
86.085927675,375785300,,cycles,100209895,100.00,,
86.186136873,3791,,rD044,100208855,100.00,,
86.186136873,5677609,,rFF44,100208925,100.00,,
86.186136873,530289004,,instructions,100208715,100.00,1.41,insn per cycle
86.186136873,375778844,,cycles,100208174,100.00,,
86.286342790,62943,,rD044,100205115,100.00,,
86.286342790,8213833,,rFF44,100205515,100.00,,
86.286342790,642480621,,instructions,100206195,100.00,1.71,insn per cycle
86.286342790,375769617,,cycles,100205715,100.00,,
86.386550948,245232,,rD044,100208465,100.00,,
86.386550948,10066665,,rFF44,100208135,100.00,,
86.386550948,703123886,,instructions,100208755,100.00,1.87,insn per cycle
86.386550948,375783546,,cycles,100209425,100.00,,
86.486761315,77823,,rD044,100209005,100.00,,
86.486761315,10089931,,rFF44,100208575,100.00,,
86.486761315,754700538,,instructions,100208225,100.00,2.01,insn per cycle
86.486761315,375778805,,cycles,100208175,100.00,,
86.586990943,9861,,rD044,100207164,100.00,,
86.586990943,7235567,,rFF44,100207465,100.00,,
86.586990943,577568887,,instructions,100207855,100.00,1.54,insn per cycle
86.586990943,375758665,,cycles,100208425,100.00,,
86.687202181,11881,,rD044,100210765,100.00,,
86.687202181,5717150,,rFF44,100210924,100.00,,
86.687202181,525591612,,instructions,100210274,100.00,1.40,insn per cycle
86.687202181,375787916,,cycles,100210374,100.00,,
86.787410238,17244,,rD044,100207735,100.00,,
86.787410238,6545692,,rFF44,100207535,100.00,,
86.787410238,556810148,,instructions,100207215,100.00,1.48,insn per cycle
86.787410238,375774734,,cycles,100207085,100.00,,
86.887621066,3133,,rD044,100210335,100.00,,
86.887621066,5707256,,rFF44,100210865,100.00,,
86.887621066,516621843,,instructions,100210925,100.00,1.37,insn per cycle
86.887621066,375788313,,cycles,100210705,100.00,,
86.987832234,3795,,rD044,100209985,100.00,,
86.987832234,6337300,,rFF44,100209915,100.00,,
86.987832234,545270505,,instructions,100210255,100.00,1.45,insn per cycle
86.987832234,375786652,,cycles,100210255,100.00,,
87.088042711,71759,,rD044,100210324,100.00,,
87.088042711,8406725,,rFF44,100209714,100.00,,
87.088042711,672858345,,instructions,100209935,100.00,1.79,insn per cycle
87.088042711,375788111,,cycles,100210655,100.00,,
87.188253819,21635,,rD044,100210175,100.00,,
87.188253819,6822220,,rFF44,100210265,100.00,,
87.188253819,613048241,,instructions,100209424,100.00,1.63,insn per cycle
87.188253819,375784212,,cycles,100209594,100.00,,
87.288464597,11213,,rD044,100209645,100.00,,
87.288464597,6676354,,rFF44,100210015,100.00,,
87.288464597,616886258,,instructions,100210465,100.00,1.64,insn per cycle
87.288464597,375784829,,cycles,100209775,100.00,,
87.388674344,351785,,rD044,100209365,100.00,,
87.388674344,13938147,,rFF44,100208715,100.00,,
87.388674344,881776463,,instructions,100208685,100.00,2.35,insn per cycle
87.388674344,375778265,,cycles,100208025,100.00,,
87.488884112,31252,,rD044,100209725,100.00,,
87.488884112,7317565,,rFF44,100210335,100.00,,
87.488884112,623757690,,instructions,100210375,100.00,1.66,insn per cycle
87.488884112,375788833,,cycles,100210845,100.00,,
87.589128040,26075,,rD044,100218674,100.00,,
87.589128040,7073693,,rFF44,100218884,100.00,,
87.589128040,591418343,,instructions,100220154,100.00,1.57,insn per cycle
87.589128040,375803529,,cycles,100220044,100.00,,
87.689339677,31856,,rD044,100211514,100.00,,
87.689339677,7434144,,rFF44,100211484,100.00,,
87.689339677,659704619,,instructions,100210294,100.00,1.76,insn per cycle
87.689339677,375787821,,cycles,100210564,100.00,,
87.789550905,197738,,rD044,100210345,100.00,,
87.789550905,14625723,,rFF44,100210035,100.00,,
87.789550905,980889957,,instructions,100210265,100.00,2.61,insn per cycle
87.789550905,375786502,,cycles,100210215,100.00,,
87.889762673,27989,,rD044,100211135,100.00,,
87.889762673,7445721,,rFF44,100210605,100.00,,
87.889762673,636253278,,instructions,100209805,100.00,1.69,insn per cycle
87.889762673,375783515,,cycles,100209435,100.00,,
87.990007901,48089,,rD044,100244705,100.00,,
87.990007901,7715243,,rFF44,100244835,100.00,,
87.990007901,651319012,,instructions,100245095,100.00,1.73,insn per cycle
87.990007901,375919513,,cycles,100245685,100.00,,
88.090217648,51473,,rD044,100209345,100.00,,
88.090217648,7353909,,rFF44,100209565,100.00,,
88.090217648,636698766,,instructions,100210285,100.00,1.69,insn per cycle
88.090217648,375784428,,cycles,100209665,100.00,,
88.190430326,13998,,rD044,100211965,100.00,,
88.190430326,6406201,,rFF44,100212045,100.00,,
88.190430326,601401801,,instructions,100212135,100.00,1.60,insn per cycle
88.190430326,375794872,,cycles,100212445,100.00,,
88.290642024,170680,,rD044,100211164,100.00,,
88.290642024,10664399,,rFF44,100210884,100.00,,
88.290642024,768019756,,instructions,100210294,100.00,2.04,insn per cycle
88.290642024,375785630,,cycles,100209994,100.00,,
88.390852341,40556,,rD044,100208845,100.00,,
88.390852341,7421378,,rFF44,100208935,100.00,,
88.390852341,618112760,,instructions,100209045,100.00,1.64,insn per cycle
88.390852341,375780228,,cycles,100208545,100.00,,
88.491061099,8352,,rD044,100208625,100.00,,
88.491061099,6237679,,rFF44,100208425,100.00,,
88.491061099,602056332,,instructions,100208035,100.00,1.60,insn per cycle
88.491061099,375782599,,cycles,100209175,100.00,,
88.591271966,148029,,rD044,100189905,100.00,,
88.591271966,9445332,,rFF44,100190345,100.00,,
88.591271966,708782770,,instructions,100190425,100.00,1.89,insn per cycle
88.591271966,375676204,,cycles,100189425,100.00,,
88.691481954,24390,,rD044,100199615,100.00,,
88.691481954,7810493,,rFF44,100199135,100.00,,
88.691481954,640315200,,instructions,100199905,100.00,1.70,insn per cycle
88.691481954,375731814,,cycles,100200625,100.00,,
88.791692872,4490,,rD044,100209974,100.00,,
88.791692872,6078585,,rFF44,100210464,100.00,,
88.791692872,562350101,,instructions,100209544,100.00,1.50,insn per cycle
88.791692872,375783249,,cycles,100209354,100.00,,
88.891902159,48061,,rD044,100208395,100.00,,
88.891902159,8262277,,rFF44,100208355,100.00,,
88.891902159,660468318,,instructions,100208115,100.00,1.76,insn per cycle
88.891902159,375777227,,cycles,100207745,100.00,,
88.992112177,19072,,rD044,100209785,100.00,,
88.992112177,7004073,,rFF44,100209845,100.00,,
88.992112177,619144963,,instructions,100211165,100.00,1.65,insn per cycle
88.992112177,375790943,,cycles,100211395,100.00,,
89.092323625,500220,,rD044,100210415,100.00,,
89.092323625,16732364,,rFF44,100210605,100.00,,
89.092323625,1016482622,,instructions,100209325,100.00,2.70,insn per cycle
89.092323625,375786459,,cycles,100210225,100.00,,
89.192535582,225798,,rD044,100212205,100.00,,
89.192535582,11216901,,rFF44,100212465,100.00,,
89.192535582,854002342,,instructions,100212795,100.00,2.27,insn per cycle
89.192535582,375788623,,cycles,100211605,100.00,,
89.292756250,45692,,rD044,100219554,100.00,,
89.292756250,8811148,,rFF44,100219224,100.00,,
89.292756250,719578821,,instructions,100219434,100.00,1.91,insn per cycle
89.292756250,375818784,,cycles,100219644,100.00,,
89.392999478,26587,,rD044,100242235,100.00,,
89.392999478,6735569,,rFF44,100241555,100.00,,
89.392999478,581378350,,instructions,100241385,100.00,1.55,insn per cycle
89.392999478,375903091,,cycles,100241305,100.00,,
89.493194615,8029,,rD044,100194335,100.00,,
89.493194615,5981616,,rFF44,100194645,100.00,,
89.493194615,574970774,,instructions,100194705,100.00,1.53,insn per cycle
89.493194615,375729060,,cycles,100194905,100.00,,
89.593405393,79312,,rD044,100185025,100.00,,
89.593405393,8962350,,rFF44,100185125,100.00,,
89.593405393,712872570,,instructions,100185125,100.00,1.90,insn per cycle
89.593405393,375654714,,cycles,100185075,100.00,,
89.693619201,256658,,rD044,100203115,100.00,,
89.693619201,10657845,,rFF44,100203145,100.00,,
89.693619201,764453718,,instructions,100203435,100.00,2.03,insn per cycle
89.693619201,375740600,,cycles,100203735,100.00,,
89.793831208,21866,,rD044,100211225,100.00,,
89.793831208,6820888,,rFF44,100211235,100.00,,
89.793831208,605191497,,instructions,100210935,100.00,1.61,insn per cycle
89.793831208,375791572,,cycles,100211355,100.00,,
89.894043436,30352,,rD044,100211514,100.00,,
89.894043436,8479966,,rFF44,100211414,100.00,,
89.894043436,667486637,,instructions,100211804,100.00,1.78,insn per cycle
89.894043436,375790920,,cycles,100211394,100.00,,
89.994254693,17238,,rD044,100210595,100.00,,
89.994254693,6388654,,rFF44,100210525,100.00,,
89.994254693,587286272,,instructions,100211055,100.00,1.56,insn per cycle
89.994254693,375789114,,cycles,100210925,100.00,,
90.094464991,51823,,rD044,100209395,100.00,,
90.094464991,7362432,,rFF44,100209145,100.00,,
90.094464991,665347188,,instructions,100208725,100.00,1.77,insn per cycle
90.094464991,375782100,,cycles,100209045,100.00,,
90.194678539,57407,,rD044,100213345,100.00,,
90.194678539,7420815,,rFF44,100213995,100.00,,
90.194678539,657415633,,instructions,100213685,100.00,1.75,insn per cycle
90.194678539,375797318,,cycles,100213095,100.00,,
90.294887526,14699,,rD044,100207975,100.00,,
90.294887526,5431138,,rFF44,100207505,100.00,,
90.294887526,605841623,,instructions,100208215,100.00,1.61,insn per cycle
90.294887526,375779196,,cycles,100208265,100.00,,
90.395098044,1479,,rD044,100209774,100.00,,
90.395098044,2427018,,rFF44,100209774,100.00,,
90.395098044,542196854,,instructions,100209284,100.00,1.44,insn per cycle
90.395098044,375782993,,cycles,100209294,100.00,,
90.495305972,1369,,rD044,100207685,100.00,,
90.495305972,2426292,,rFF44,100207935,100.00,,
90.495305972,542285969,,instructions,100207245,100.00,1.44,insn per cycle
90.495305972,375776264,,cycles,100207475,100.00,,
90.595515419,1600,,rD044,100208885,100.00,,
90.595515419,2427402,,rFF44,100208335,100.00,,
90.595515419,541992518,,instructions,100208605,100.00,1.44,insn per cycle
90.595515419,375779295,,cycles,100208305,100.00,,
90.695725757,1183,,rD044,100210425,100.00,,
90.695725757,2428854,,rFF44,100211135,100.00,,
90.695725757,542586509,,instructions,100211765,100.00,1.44,insn per cycle
90.695725757,375794952,,cycles,100212495,100.00,,
90.795959875,1155,,rD044,100232485,100.00,,
90.795959875,2427320,,rFF44,100231995,100.00,,
90.795959875,541968488,,instructions,100231135,100.00,1.44,insn per cycle
90.795959875,375861304,,cycles,100230135,100.00,,
90.896168182,1246,,rD044,100207204,100.00,,
90.896168182,2427070,,rFF44,100207254,100.00,,
90.896168182,542585316,,instructions,100207794,100.00,1.44,insn per cycle
90.896168182,375782268,,cycles,100209094,100.00,,
90.996379870,1378,,rD044,100211435,100.00,,
90.996379870,2427637,,rFF44,100211585,100.00,,
90.996379870,541924319,,instructions,100211465,100.00,1.44,insn per cycle
90.996379870,375786147,,cycles,100210125,100.00,,
91.096590348,1336,,rD044,100209975,100.00,,
91.096590348,2427901,,rFF44,100209915,100.00,,
91.096590348,542524338,,instructions,100209585,100.00,1.44,insn per cycle
91.096590348,375784922,,cycles,100209795,100.00,,
91.196801985,1454,,rD044,100211265,100.00,,
91.196801985,2428522,,rFF44,100244915,100.00,,
91.196801985,542480693,,instructions,100245655,100.00,1.44,insn per cycle
91.196801985,375920196,,cycles,100245875,100.00,,
91.297081354,1272,,rD044,100278305,100.00,,
91.297081354,2427695,,rFF44,100245005,100.00,,
91.297081354,542329308,,instructions,100244705,100.00,1.44,insn per cycle
91.297081354,375914538,,cycles,100244375,100.00,,
91.397291971,1370,,rD044,100209925,100.00,,
91.397291971,2427839,,rFF44,100209825,100.00,,
91.397291971,542072072,,instructions,100209725,100.00,1.44,insn per cycle
91.397291971,375786390,,cycles,100210195,100.00,,
91.497501359,1198,,rD044,100209135,100.00,,
91.497501359,2426426,,rFF44,100208795,100.00,,
91.497501359,541966802,,instructions,100208685,100.00,1.44,insn per cycle
91.497501359,375782892,,cycles,100209235,100.00,,
91.597711447,1758,,rD044,100209364,100.00,,
91.597711447,2427992,,rFF44,100209484,100.00,,
91.597711447,542152351,,instructions,100209784,100.00,1.44,insn per cycle
91.597711447,375785311,,cycles,100209904,100.00,,
91.697921744,1202,,rD044,100209575,100.00,,
91.697921744,2428528,,rFF44,100209345,100.00,,
91.697921744,542575625,,instructions,100209205,100.00,1.44,insn per cycle
91.697921744,375782063,,cycles,100209035,100.00,,
91.798132582,1454,,rD044,100210545,100.00,,
91.798132582,2428129,,rFF44,100210585,100.00,,
91.798132582,542178742,,instructions,100210465,100.00,1.44,insn per cycle
91.798132582,375780681,,cycles,100209455,100.00,,
91.898343209,1346,,rD044,100209845,100.00,,
91.898343209,2428487,,rFF44,100209985,100.00,,
91.898343209,542295370,,instructions,100209615,100.00,1.44,insn per cycle
91.898343209,375785072,,cycles,100209845,100.00,,
91.998553377,1256,,rD044,100209535,100.00,,
91.998553377,2428207,,rFF44,100209705,100.00,,
91.998553377,541954739,,instructions,100209795,100.00,1.44,insn per cycle
91.998553377,375784600,,cycles,100209705,100.00,,
92.098764765,1289,,rD044,100210554,100.00,,
92.098764765,2430573,,rFF44,100210364,100.00,,
92.098764765,542271831,,instructions,100210634,100.00,1.44,insn per cycle
92.098764765,375788558,,cycles,100210764,100.00,,
92.199000252,1330,,rD044,100234565,100.00,,
92.199000252,2432046,,rFF44,100234755,100.00,,
92.199000252,542593711,,instructions,100234435,100.00,1.44,insn per cycle
92.199000252,375876031,,cycles,100234095,100.00,,
92.299210010,1189,,rD044,100208805,100.00,,
92.299210010,2427710,,rFF44,100208405,100.00,,
92.299210010,541399017,,instructions,100208525,100.00,1.44,insn per cycle
92.299210010,375780703,,cycles,100208675,100.00,,
92.399418678,1483,,rD044,100208405,100.00,,
92.399418678,2429208,,rFF44,100208355,100.00,,
92.399418678,541824683,,instructions,100208135,100.00,1.44,insn per cycle
92.399418678,375779789,,cycles,100208425,100.00,,
92.499627415,1590,,rD044,100208105,100.00,,
92.499627415,2430841,,rFF44,100208155,100.00,,
92.499627415,542070997,,instructions,100208255,100.00,1.44,insn per cycle
92.499627415,375778871,,cycles,100208185,100.00,,
92.599836193,1683,,rD044,100207954,100.00,,
92.599836193,2431636,,rFF44,100207944,100.00,,
92.599836193,542382813,,instructions,100208104,100.00,1.44,insn per cycle
92.599836193,375778969,,cycles,100208204,100.00,,
92.700046920,1123,,rD044,100210375,100.00,,
92.700046920,2431823,,rFF44,100210485,100.00,,
92.700046920,542454144,,instructions,100210345,100.00,1.44,insn per cycle
92.700046920,375785961,,cycles,100210085,100.00,,
92.800256658,1276,,rD044,100209425,100.00,,
92.800256658,2430805,,rFF44,100209265,100.00,,
92.800256658,541643298,,instructions,100209815,100.00,1.44,insn per cycle
92.800256658,375784379,,cycles,100209645,100.00,,
92.900466446,1360,,rD044,100208705,100.00,,
92.900466446,2431506,,rFF44,100209305,100.00,,
92.900466446,542236926,,instructions,100209385,100.00,1.44,insn per cycle
92.900466446,375786421,,cycles,100210205,100.00,,
93.000677573,1214,,rD044,100210525,100.00,,
93.000677573,2432917,,rFF44,100210095,100.00,,
93.000677573,542929584,,instructions,100209845,100.00,1.44,insn per cycle
93.000677573,375782877,,cycles,100209245,100.00,,
93.100889011,1179,,rD044,100211194,100.00,,
93.100889011,2430624,,rFF44,100211224,100.00,,
93.100889011,542025458,,instructions,100211334,100.00,1.44,insn per cycle
93.100889011,375793292,,cycles,100212034,100.00,,
93.201115929,1255,,rD044,100226025,100.00,,
93.201115929,2429679,,rFF44,100225925,100.00,,
93.201115929,541651684,,instructions,100225595,100.00,1.44,insn per cycle
93.201115929,375842547,,cycles,100225375,100.00,,
93.301326906,1413,,rD044,100210125,100.00,,
93.301326906,2430748,,rFF44,100210085,100.00,,
93.301326906,542168040,,instructions,100209905,100.00,1.44,insn per cycle
93.301326906,375784878,,cycles,100209595,100.00,,
93.401535634,1226,,rD044,100208075,100.00,,
93.401535634,2428757,,rFF44,100208035,100.00,,
93.401535634,541751629,,instructions,100208285,100.00,1.44,insn per cycle
93.401535634,375778442,,cycles,100208045,100.00,,
93.501728701,1501,,rD044,100192695,100.00,,
93.501728701,2429129,,rFF44,100193555,100.00,,
93.501728701,541924065,,instructions,100193265,100.00,1.44,insn per cycle
93.501728701,375723503,,cycles,100193425,100.00,,
93.601957619,1675,,rD044,100214084,100.00,,
93.601957619,2428703,,rFF44,100213444,100.00,,
93.601957619,541585111,,instructions,100213414,100.00,1.44,insn per cycle
93.601957619,375777107,,cycles,100213385,100.00,,
93.702161387,1272,,rD044,100202945,100.00,,
93.702161387,2428993,,rFF44,100203375,100.00,,
93.702161387,541597707,,instructions,100203865,100.00,1.44,insn per cycle
93.702161387,375763538,,cycles,100204094,100.00,,
93.802371894,1298,,rD044,100198305,100.00,,
93.802371894,2429988,,rFF44,100198055,100.00,,
93.802371894,541922910,,instructions,100198075,100.00,1.44,insn per cycle
93.802371894,375720137,,cycles,100197965,100.00,,
93.902580192,1412,,rD044,100207985,100.00,,
93.902580192,2431449,,rFF44,100207805,100.00,,
93.902580192,542180615,,instructions,100207885,100.00,1.44,insn per cycle
93.902580192,375777918,,cycles,100207935,100.00,,
94.002789490,4712665,,rD044,100195495,100.00,,
94.002789490,27052442,,rFF44,100195955,100.00,,
94.002789490,685608319,,instructions,100195935,100.00,1.82,insn per cycle
94.002789490,375710353,,cycles,100195795,100.00,,
94.103013667,4750118,,rD044,100223754,100.00,,
94.103013667,27377629,,rFF44,100223844,100.00,,
94.103013667,684405930,,instructions,100223644,100.00,1.82,insn per cycle
94.103013667,375836525,,cycles,100223565,100.00,,
94.203225175,4773108,,rD044,100210895,100.00,,
94.203225175,27478716,,rFF44,100210565,100.00,,
94.203225175,686723361,,instructions,100211285,100.00,1.83,insn per cycle
94.203225175,375790006,,cycles,100211154,100.00,,
94.303435653,4717821,,rD044,100209525,100.00,,
94.303435653,27338462,,rFF44,100209725,100.00,,
94.303435653,684266561,,instructions,100209725,100.00,1.82,insn per cycle
94.303435653,375781190,,cycles,100209635,100.00,,
94.403654320,4613768,,rD044,100218125,100.00,,
94.403654320,26623787,,rFF44,100217855,100.00,,
94.403654320,666979525,,instructions,100217185,100.00,1.77,insn per cycle
94.403654320,375810587,,cycles,100217475,100.00,,
94.503863068,4679486,,rD044,100207895,100.00,,
94.503863068,27033687,,rFF44,100207985,100.00,,
94.503863068,680140957,,instructions,100207865,100.00,1.81,insn per cycle
94.503863068,375778823,,cycles,100208175,100.00,,
94.604073846,4754536,,rD044,100210584,100.00,,
94.604073846,27316504,,rFF44,100210715,100.00,,
94.604073846,687420715,,instructions,100210525,100.00,1.83,insn per cycle
94.604073846,375787704,,cycles,100210555,100.00,,
94.704288513,4754776,,rD044,100214265,100.00,,
94.704288513,27285438,,rFF44,100214424,100.00,,
94.704288513,686496941,,instructions,100214364,100.00,1.83,insn per cycle
94.704288513,375804170,,cycles,100214914,100.00,,
94.804501761,4725719,,rD044,100212445,100.00,,
94.804501761,27255682,,rFF44,100211535,100.00,,
94.804501761,685963056,,instructions,100212555,100.00,1.83,insn per cycle
94.804501761,375793554,,cycles,100212095,100.00,,
94.904715409,4027406,,rD044,100213815,100.00,,
94.904715409,26597341,,rFF44,100215225,100.00,,
94.904715409,936962399,,instructions,100215025,100.00,2.49,insn per cycle
94.904715409,375804263,,cycles,100214955,100.00,,
95.004930206,1604348,,rD044,100213375,100.00,,
95.004930206,25108340,,rFF44,100212725,100.00,,
95.004930206,1906162110,,instructions,100211975,100.00,5.07,insn per cycle
95.004930206,375793887,,cycles,100212185,100.00,,
95.105178144,1602238,,rD044,100247495,100.00,,
95.105178144,25156611,,rFF44,100248015,100.00,,
95.105178144,1909840283,,instructions,100248095,100.00,5.08,insn per cycle
95.105178144,375925888,,cycles,100247385,100.00,,
95.205390722,1600617,,rD044,100211255,100.00,,
95.205390722,25108892,,rFF44,100211065,100.00,,
95.205390722,1906217799,,instructions,100211365,100.00,5.07,insn per cycle
95.205390722,375793010,,cycles,100211965,100.00,,
95.305600780,5350050,,rD044,100209164,100.00,,
95.305600780,28502753,,rFF44,100208594,100.00,,
95.305600780,556358777,,instructions,100208604,100.00,1.48,insn per cycle
95.305600780,375779551,,cycles,100208364,100.00,,
95.405807697,6833081,,rD044,100225275,100.00,,
95.405807697,29865766,,rFF44,100225305,100.00,,
95.405807697,40987970,,instructions,100225345,100.00,0.11,insn per cycle
95.405807697,375843801,,cycles,100225495,100.00,,
95.506039335,6925471,,rD044,100212585,100.00,,
95.506039335,30186435,,rFF44,100212545,100.00,,
95.506039335,37696779,,instructions,100212695,100.00,0.10,insn per cycle
95.506039335,375795001,,cycles,100212485,100.00,,
95.606253923,6906467,,rD044,100197855,100.00,,
95.606253923,30164274,,rFF44,100198045,100.00,,
95.606253923,37720631,,instructions,100197725,100.00,0.10,insn per cycle
95.606253923,375722862,,cycles,100198755,100.00,,
95.706461330,5604086,,rD044,100206655,100.00,,
95.706461330,28878868,,rFF44,100206535,100.00,,
95.706461330,150105202,,instructions,100206965,100.00,0.40,insn per cycle
95.706461330,375771238,,cycles,100205935,100.00,,
95.806671928,1673435,,rD044,100210684,100.00,,
95.806671928,24160105,,rFF44,100210454,100.00,,
95.806671928,471472906,,instructions,100210254,100.00,1.25,insn per cycle
95.806671928,375784523,,cycles,100209704,100.00,,
95.906879735,2049410,,rD044,100206605,100.00,,
95.906879735,29307294,,rFF44,100207315,100.00,,
95.906879735,577586837,,instructions,100207405,100.00,1.54,insn per cycle
95.906879735,375777000,,cycles,100207665,100.00,,
96.007084023,2825883,,rD044,290162223,100.00,,
96.007084023,34649292,,rFF44,290991383,100.00,,
96.007084023,1354513727,,instructions,291669844,100.00,1.24,insn per cycle
96.007084023,1095082447,,cycles,292393459,100.00,,
96.107475953,3985278,,rD044,1606254726,100.00,,
96.107475953,40641320,,rFF44,1606282706,100.00,,
96.107475953,5845240581,,instructions,1606345795,100.00,0.97,insn per cycle
96.107475953,6023874939,,cycles,1606372985,100.00,,
96.207869182,4004402,,rD044,1415066113,100.00,,
96.207869182,40747045,,rFF44,1414214893,100.00,,
96.207869182,5202609488,,instructions,1413476483,100.00,0.98,insn per cycle
96.207869182,5297666706,,cycles,1412729508,100.00,,
96.308100590,10040848,,rD044,1326442322,100.00,,
96.308100590,68538645,,rFF44,1329623279,100.00,,
96.308100590,1543232247,,instructions,1332392212,100.00,0.31,insn per cycle
96.308100590,5007528403,,cycles,1335461605,100.00,,
96.409101537,10088131,,rD044,1614744312,100.00,,
96.409101537,57288425,,rFF44,1613074921,100.00,,
96.409101537,3096557983,,instructions,1611599058,100.00,0.51,insn per cycle
96.409101537,6036535239,,cycles,1609762465,100.00,,
96.509642268,8684930,,rD044,1608451716,100.00,,
96.509642268,39605508,,rFF44,1607797176,100.00,,
96.509642268,4675128456,,instructions,1607238706,100.00,0.78,insn per cycle
96.509642268,6025599388,,cycles,1606837776,100.00,,
96.610044838,1951942,,rD044,1588695212,100.00,,
96.610044838,11332776,,rFF44,1588597666,100.00,,
96.610044838,9317874240,,instructions,1588469103,100.00,1.56,insn per cycle
96.610044838,5955879240,,cycles,1588268002,100.00,,
96.710413267,4490,,rD044,1605871756,100.00,,
96.710413267,1258290,,rFF44,1605876646,100.00,,
96.710413267,13386560319,,instructions,1605880879,100.00,2.22,insn per cycle
96.710413267,6022059558,,cycles,1605890760,100.00,,
96.810785267,4577,,rD044,1606049910,100.00,,
96.810785267,1254209,,rFF44,1606127398,100.00,,
96.810785267,13387725411,,instructions,1606151996,100.00,2.22,insn per cycle
96.810785267,6022860540,,cycles,1606107376,100.00,,
96.911167676,4244,,rD044,1605995206,100.00,,
96.911167676,1256608,,rFF44,1605927848,100.00,,
96.911167676,13386868215,,instructions,1605943170,100.00,2.22,insn per cycle
96.911167676,6022325654,,cycles,1605961254,100.00,,
97.011573316,4448,,rD044,1606474523,100.00,,
97.011573316,1256028,,rFF44,1606459456,100.00,,
97.011573316,13391662987,,instructions,1606448146,100.00,2.22,insn per cycle
97.011573316,6024257380,,cycles,1606478562,100.00,,
97.111951436,4764,,rD044,1606043273,100.00,,
97.111951436,1260177,,rFF44,1606023690,100.00,,
97.111951436,13385869698,,instructions,1605994776,100.00,2.22,insn per cycle
97.111951436,6022368149,,cycles,1605975246,100.00,,
97.212319405,4459,,rD044,1605880006,100.00,,
97.212319405,1257997,,rFF44,1605904476,100.00,,
97.212319405,13386324768,,instructions,1605913470,100.00,2.22,insn per cycle
97.212319405,6022174660,,cycles,1605921010,100.00,,
97.312687484,4424,,rD044,1605705720,100.00,,
97.312687484,1253588,,rFF44,1605684851,100.00,,
97.312687484,13384049813,,instructions,1605822976,100.00,2.22,insn per cycle
97.312687484,6023170228,,cycles,1606244096,100.00,,
97.413088264,4218,,rD044,1606287535,100.00,,
97.413088264,1267739,,rFF44,1606272724,100.00,,
97.413088264,13384279039,,instructions,1606118480,100.00,2.22,insn per cycle
97.413088264,6021073625,,cycles,1605665425,100.00,,
97.513440843,4504,,rD044,1605650548,100.00,,
97.513440843,1253983,,rFF44,1605700006,100.00,,
97.513440843,13380455560,,instructions,1605738415,100.00,2.22,insn per cycle
97.513440843,6021543061,,cycles,1605752730,100.00,,
97.613811003,9157791,,rD044,1606680751,100.00,,
97.613811003,101660507,,rFF44,1607967745,100.00,,
97.613811003,3296084685,,instructions,1609165435,100.00,0.55,insn per cycle
97.613811003,6037704568,,cycles,1610118091,100.00,,
97.714482176,5284292,,rD044,1609811538,100.00,,
97.714482176,43721327,,rFF44,1608511986,100.00,,
97.714482176,5417706862,,instructions,1607361368,100.00,0.90,insn per cycle
97.714482176,6024294840,,cycles,1606490316,100.00,,
97.814859845,3877255,,rD044,1606071886,100.00,,
97.814859845,44685097,,rFF44,1606149406,100.00,,
97.814859845,5410963191,,instructions,1606197244,100.00,0.90,insn per cycle
97.814859845,6023352892,,cycles,1606233893,100.00,,
97.915255725,6221679,,rD044,666787363,100.00,,
97.915255725,61419340,,rFF44,667864528,100.00,,
97.915255725,1544703475,,instructions,668859543,100.00,0.61,insn per cycle
97.915255725,2512241487,,cycles,670076274,100.00,,
98.015958808,11484321,,rD044,1611129606,100.00,,
98.015958808,125010288,,rFF44,1611134016,100.00,,
98.015958808,2367883569,,instructions,1610972233,100.00,0.39,insn per cycle
98.015958808,6039724444,,cycles,1610603091,100.00,,
98.116588770,10981805,,rD044,1610314759,100.00,,
98.116588770,130259459,,rFF44,1610639293,100.00,,
98.116588770,2391153498,,instructions,1611041202,100.00,0.40,insn per cycle
98.116588770,6042489848,,cycles,1611338478,100.00,,
98.217314254,10949533,,rD044,1611900336,100.00,,
98.217314254,130315327,,rFF44,1611946233,100.00,,
98.217314254,2390100063,,instructions,1611974067,100.00,0.40,insn per cycle
98.217314254,6045072321,,cycles,1612027440,100.00,,
98.318055647,11494462,,rD044,1611403895,100.00,,
98.318055647,124031422,,rFF44,1611201682,100.00,,
98.318055647,2424618686,,instructions,1610726361,100.00,0.40,insn per cycle
98.318055647,6039714826,,cycles,1610599722,100.00,,
98.418726360,11388782,,rD044,1610695923,100.00,,
98.418726360,123179599,,rFF44,1610533002,100.00,,
98.418726360,2422097459,,instructions,1610639663,100.00,0.40,insn per cycle
98.418726360,6039662317,,cycles,1610614992,100.00,,
98.519391153,11412606,,rD044,1610642143,100.00,,
98.519391153,123566719,,rFF44,1611254572,100.00,,
98.519391153,2410695663,,instructions,1611781372,100.00,0.40,insn per cycle
98.519391153,6044945889,,cycles,1612036547,100.00,,
98.620154977,11075072,,rD044,1612075952,100.00,,
98.620154977,130369978,,rFF44,1611745239,100.00,,
98.620154977,2377811374,,instructions,1611474353,100.00,0.39,insn per cycle
98.620154977,6042476739,,cycles,1611336509,100.00,,
98.720864240,10945329,,rD044,1611303913,100.00,,
98.720864240,129735195,,rFF44,1611090456,100.00,,
98.720864240,2388332396,,instructions,1611195753,100.00,0.40,insn per cycle
98.720864240,6042737080,,cycles,1611403776,100.00,,
98.821616274,11418253,,rD044,1612158010,100.00,,
98.821616274,125559033,,rFF44,1612451957,100.00,,
98.821616274,2428671865,,instructions,1612250877,100.00,0.40,insn per cycle
98.821616274,6044331259,,cycles,1611875303,100.00,,
98.922329347,11427851,,rD044,1611054316,100.00,,
98.922329347,123469176,,rFF44,1611083537,100.00,,
98.922329347,2415664891,,instructions,1611220912,100.00,0.40,insn per cycle
98.922329347,6043193004,,cycles,1611562811,100.00,,
99.023073710,11351269,,rD044,1612048336,100.00,,
99.023073710,123675632,,rFF44,1611857222,100.00,,
99.023073710,2415223059,,instructions,1611702024,100.00,0.40,insn per cycle
99.023073710,6042877953,,cycles,1611443588,100.00,,
99.123786554,11191818,,rD044,1611394447,100.00,,
99.123786554,129276674,,rFF44,1611502193,100.00,,
99.123786554,2374145627,,instructions,1611652501,100.00,0.39,insn per cycle
99.123786554,6043703360,,cycles,1611661272,100.00,,
99.224500167,10921344,,rD044,1611312875,100.00,,
99.224500167,130222284,,rFF44,1611186972,100.00,,
99.224500167,2389532153,,instructions,1611013515,100.00,0.40,insn per cycle
99.224500167,6040908896,,cycles,1610918392,100.00,,
99.325181720,11276278,,rD044,1610982145,100.00,,
99.325181720,126292902,,rFF44,1611181165,100.00,,
99.325181720,2435762494,,instructions,1611232854,100.00,0.40,insn per cycle
99.325181720,6042669255,,cycles,1611383399,100.00,,
99.425897963,11445137,,rD044,1611040166,100.00,,
99.425897963,123329755,,rFF44,1610408189,100.00,,
99.425897963,2399432305,,instructions,1610118362,100.00,0.40,insn per cycle
99.425897963,6036716942,,cycles,1609802525,100.00,,
99.526510855,11349097,,rD044,1609967796,100.00,,
99.526510855,123499200,,rFF44,1610198972,100.00,,
99.526510855,2422435229,,instructions,1610585959,100.00,0.40,insn per cycle
99.526510855,6040643015,,cycles,1610844043,100.00,,
99.627188568,11324528,,rD044,1610807775,100.00,,
99.627188568,127758875,,rFF44,1610969913,100.00,,
99.627188568,2370046731,,instructions,1610888775,100.00,0.39,insn per cycle
99.627188568,6040437547,,cycles,1610827055,100.00,,
99.727874451,10911666,,rD044,1610648073,100.00,,
99.727874451,130153150,,rFF44,1610399281,100.00,,
99.727874451,2396771703,,instructions,1610201640,100.00,0.40,insn per cycle
99.727874451,6038540091,,cycles,1610284289,100.00,,
99.828524824,11087400,,rD044,1610532919,100.00,,
99.828524824,128239517,,rFF44,1610753492,100.00,,
99.828524824,2421318438,,instructions,1611199762,100.00,0.40,insn per cycle
99.828524824,6041953925,,cycles,1611258477,100.00,,
99.929247287,11507431,,rD044,1611496816,100.00,,
99.929247287,123141031,,rFF44,1611424079,100.00,,
99.929247287,2405636376,,instructions,1611122932,100.00,0.40,insn per cycle
99.929247287,6041509418,,cycles,1611079386,100.00,,
100.029931760,11418867,,rD044,1610809632,100.00,,
100.029931760,123452910,,rFF44,1610591261,100.00,,
100.029931760,2412625851,,instructions,1610363842,100.00,0.40,insn per cycle
100.029931760,6038561353,,cycles,1610304549,100.00,,
100.130573683,11326360,,rD044,1610210812,100.00,,
100.130573683,126149360,,rFF44,1610289788,100.00,,
100.130573683,2379075403,,instructions,1610534662,100.00,0.39,insn per cycle
100.130573683,6040090464,,cycles,1610727423,100.00,,
100.231240476,10901236,,rD044,1610917982,100.00,,
100.231240476,130152847,,rFF44,1611235499,100.00,,
100.231240476,2392808768,,instructions,1611475542,100.00,0.40,insn per cycle
100.231240476,6042929074,,cycles,1611455378,100.00,,
100.331983309,10914023,,rD044,1611261822,100.00,,
100.331983309,130185186,,rFF44,1610240589,100.00,,
100.331983309,2402549266,,instructions,1609177522,100.00,0.40,insn per cycle
100.331983309,6029769588,,cycles,1607949396,100.00,,
100.432424889,11551963,,rD044,1607580377,100.00,,
100.432424889,122766609,,rFF44,1608329704,100.00,,
100.432424889,2415093433,,instructions,1609019257,100.00,0.40,insn per cycle
100.432424889,6037411820,,cycles,1609981742,100.00,,
100.533077902,11378619,,rD044,1610063290,100.00,,
100.533077902,123056728,,rFF44,1610002758,100.00,,
100.533077902,2417536742,,instructions,1609803790,100.00,0.40,insn per cycle
100.533077902,6036125825,,cycles,1609691445,100.00,,
100.633727994,11397036,,rD044,1610400412,100.00,,
100.633727994,124747045,,rFF44,1610504321,100.00,,
100.633727994,2390135957,,instructions,1610740522,100.00,0.40,insn per cycle
100.633727994,6041152591,,cycles,1610980285,100.00,,
100.734393877,10958711,,rD044,1610854353,100.00,,
100.734393877,130581429,,rFF44,1611447586,100.00,,
100.734393877,2388352319,,instructions,1611987550,100.00,0.40,insn per cycle
100.734393877,6046454027,,cycles,1612392586,100.00,,
100.835176751,10940260,,rD044,1612515522,100.00,,
100.835176751,130738941,,rFF44,1612228086,100.00,,
100.835176751,2387913660,,instructions,1612064620,100.00,0.40,insn per cycle
100.835176751,6043419905,,cycles,1611628590,100.00,,
100.935914495,11460841,,rD044,1611464007,100.00,,
100.935914495,123656514,,rFF44,1611357838,100.00,,
100.935914495,2431482810,,instructions,1611123442,100.00,0.40,insn per cycle
100.935914495,6041701539,,cycles,1611127627,100.00,,
101.036595998,11388379,,rD044,1611064812,100.00,,
101.036595998,123476240,,rFF44,1611077457,100.00,,
101.036595998,2414670874,,instructions,1610997633,100.00,0.40,insn per cycle
101.036595998,6041258054,,cycles,1611010794,100.00,,
101.137281331,11384924,,rD044,1611145635,100.00,,
101.137281331,123876962,,rFF44,1611625283,100.00,,
101.137281331,2405193328,,instructions,1611997883,100.00,0.40,insn per cycle
101.137281331,6045658193,,cycles,1612183292,100.00,,
101.238041845,11023853,,rD044,1612013460,100.00,,
101.238041845,131002004,,rFF44,1611633215,100.00,,
101.238041845,2384340459,,instructions,1611509676,100.00,0.39,insn per cycle
101.238041845,6042651715,,cycles,1611386610,100.00,,
101.338758218,10979159,,rD044,1611471537,100.00,,
101.338758218,129467379,,rFF44,1611350108,100.00,,
101.338758218,2390966247,,instructions,1611350542,100.00,0.40,insn per cycle
101.338758218,6042285596,,cycles,1611284668,100.00,,
101.439464741,11388620,,rD044,1610912399,100.00,,
101.439464741,125038245,,rFF44,1610780773,100.00,,
101.439464741,2428337267,,instructions,1610442659,100.00,0.40,insn per cycle
101.439464741,6038025940,,cycles,1610313049,100.00,,
101.540127404,11373428,,rD044,1610016219,100.00,,
101.540127404,123178602,,rFF44,1610413732,100.00,,
101.540127404,2410759608,,instructions,1610775344,100.00,0.40,insn per cycle
101.540127404,6041697750,,cycles,1611309481,100.00,,
101.640894828,11334149,,rD044,1612115670,100.00,,
101.640894828,123725661,,rFF44,1612098733,100.00,,
101.640894828,2414307685,,instructions,1611937803,100.00,0.40,insn per cycle
101.640894828,6044056320,,cycles,1611796299,100.00,,
101.741637961,11138119,,rD044,1612047570,100.00,,
101.741637961,129014888,,rFF44,1611970594,100.00,,
101.741637961,2384791100,,instructions,1611990372,100.00,0.39,insn per cycle
101.741637961,6044016910,,cycles,1611743471,100.00,,
101.842352754,10927522,,rD044,1611339303,100.00,,
101.842352754,130336902,,rFF44,1611211065,100.00,,
101.842352754,2387166792,,instructions,1611229268,100.00,0.40,insn per cycle
101.842352754,6042036859,,cycles,1611236352,100.00,,
101.943056738,11323904,,rD044,1610782415,100.00,,
101.943056738,126519092,,rFF44,1610684782,100.00,,
101.943056738,2428252031,,instructions,1610638083,100.00,0.40,insn per cycle
101.943056738,6039766705,,cycles,1610724792,100.00,,
102.043753651,11401920,,rD044,1611075875,100.00,,
102.043753651,123368166,,rFF44,1610786252,100.00,,
102.043753651,2405420623,,instructions,1610460701,100.00,0.40,insn per cycle
102.043753651,6037476503,,cycles,1610000882,100.00,,
102.144364513,11370847,,rD044,1610008488,100.00,,
102.144364513,123502393,,rFF44,1610483292,100.00,,
102.144364513,2422372125,,instructions,1610536451,100.00,0.40,insn per cycle
102.144364513,6040322555,,cycles,1610760252,100.00,,
102.245051226,11276857,,rD044,1610901994,100.00,,
102.245051226,128050483,,rFF44,1610577692,100.00,,
102.245051226,2367348248,,instructions,1610791114,100.00,0.39,insn per cycle
102.245051226,6041296645,,cycles,1611018362,100.00,,
102.345741409,10887725,,rD044,1611124755,100.00,,
102.345741409,130559018,,rFF44,1611666552,100.00,,
102.345741409,2392105859,,instructions,1611731561,100.00,0.40,insn per cycle
102.345741409,6044286834,,cycles,1611819157,100.00,,
102.446515893,11145508,,rD044,1612226350,100.00,,
102.446515893,127966427,,rFF44,1612002494,100.00,,
102.446515893,2422554900,,instructions,1612054562,100.00,0.40,insn per cycle
102.446515893,6044712602,,cycles,1611930343,100.00,,
102.547229886,11535169,,rD044,1611246932,100.00,,
102.547229886,123361840,,rFF44,1611065405,100.00,,
102.547229886,2408711427,,instructions,1610892135,100.00,0.40,insn per cycle
102.547229886,6041108475,,cycles,1610996141,100.00,,
102.647928039,11363226,,rD044,1611044894,100.00,,
102.647928039,123462669,,rFF44,1611047482,100.00,,
102.647928039,2416297140,,instructions,1611187956,100.00,0.40,insn per cycle
102.647928039,6041913653,,cycles,1611184872,100.00,,
102.748632652,11340235,,rD044,1611176587,100.00,,
102.748632652,126573559,,rFF44,1611245552,100.00,,
102.748632652,2375989325,,instructions,1611100088,100.00,0.39,insn per cycle
102.748632652,6040320171,,cycles,1610829872,100.00,,
102.849312825,10938680,,rD044,1610992124,100.00,,
102.849312825,130640754,,rFF44,1611083885,100.00,,
102.849312825,2386621139,,instructions,1611170954,100.00,0.39,insn per cycle
102.849312825,6042629956,,cycles,1611391738,100.00,,
102.950038789,10915874,,rD044,1611465788,100.00,,
102.950038789,129208498,,rFF44,1611382819,100.00,,
102.950038789,2420199909,,instructions,1611248032,100.00,0.40,insn per cycle
102.950038789,6040804590,,cycles,1610933826,100.00,,
103.050713442,11590405,,rD044,1610723392,100.00,,
103.050713442,123145728,,rFF44,1610455640,100.00,,
103.050713442,2409382818,,instructions,1610430212,100.00,0.40,insn per cycle
103.050713442,6038827901,,cycles,1610366049,100.00,,
103.151354044,11437913,,rD044,1610071401,100.00,,
103.151354044,123660998,,rFF44,1610122117,100.00,,
103.151354044,2415844337,,instructions,1610349072,100.00,0.40,insn per cycle
103.151354044,6039989337,,cycles,1610671403,100.00,,
103.252031477,11340355,,rD044,1611002773,100.00,,
103.252031477,125630461,,rFF44,1611089007,100.00,,
103.252031477,2392782465,,instructions,1610763122,100.00,0.40,insn per cycle
103.252031477,6039947348,,cycles,1610656782,100.00,,
103.352704490,10926875,,rD044,1610515922,100.00,,
103.352704490,130666527,,rFF44,1610594181,100.00,,
103.352704490,2384918408,,instructions,1610769902,100.00,0.39,insn per cycle
103.352704490,6041077474,,cycles,1610957454,100.00,,
103.453398293,10917956,,rD044,1611481052,100.00,,
103.453398293,130995167,,rFF44,1611413530,100.00,,
103.453398293,2389380670,,instructions,1611027192,100.00,0.40,insn per cycle
103.453398293,6038327592,,cycles,1610275761,100.00,,
103.554019935,11538636,,rD044,1609604780,100.00,,
103.554019935,122638276,,rFF44,1609658963,100.00,,
103.554019935,2432791721,,instructions,1610000981,100.00,0.40,insn per cycle
103.554019935,6039277144,,cycles,1610513160,100.00,,
103.654693288,11357394,,rD044,1610697153,100.00,,
103.654693288,123148679,,rFF44,1610619582,100.00,,
103.654693288,2417229709,,instructions,1610535002,100.00,0.40,insn per cycle
103.654693288,6040020213,,cycles,1610679632,100.00,,
103.755367521,11371685,,rD044,1610588852,100.00,,
103.755367521,124227197,,rFF44,1610250587,100.00,,
103.755367521,2403633930,,instructions,1610242032,100.00,0.40,insn per cycle
103.755367521,6036710365,,cycles,1609800104,100.00,,
103.855979293,10969773,,rD044,1609949717,100.00,,
103.855979293,130897366,,rFF44,1610447302,100.00,,
103.855979293,2382775287,,instructions,1610502702,100.00,0.39,insn per cycle
103.855979293,6040659691,,cycles,1610864906,100.00,,
103.956663266,10967318,,rD044,1610918094,100.00,,
103.956663266,130406521,,rFF44,1611023046,100.00,,
103.956663266,2386812426,,instructions,1611252182,100.00,0.40,insn per cycle
103.956663266,6041916171,,cycles,1611183446,100.00,,
104.057366499,11462062,,rD044,1611063785,100.00,,
104.057366499,124124029,,rFF44,1610542681,100.00,,
104.057366499,2427854159,,instructions,1610295112,100.00,0.40,insn per cycle
104.057366499,6038401905,,cycles,1610271089,100.00,,
104.158030392,11404822,,rD044,1610672562,100.00,,
104.158030392,123634038,,rFF44,1610991476,100.00,,
104.158030392,2417538400,,instructions,1611141832,100.00,0.40,insn per cycle
104.158030392,6041615259,,cycles,1611105277,100.00,,
104.258700535,11429860,,rD044,1610852332,100.00,,
104.258700535,123976338,,rFF44,1611586798,100.00,,
104.258700535,2404544690,,instructions,1612030729,100.00,0.40,insn per cycle
104.258700535,6046762328,,cycles,1612477998,100.00,,
104.359487109,11058192,,rD044,1612695232,100.00,,
104.359487109,130833401,,rFF44,1612283306,100.00,,
104.359487109,2386363785,,instructions,1612083011,100.00,0.39,insn per cycle
104.359487109,6044538128,,cycles,1611884560,100.00,,
104.460226452,10943377,,rD044,1611845708,100.00,,
104.460226452,130002435,,rFF44,1611645250,100.00,,
104.460226452,2389377042,,instructions,1611379772,100.00,0.40,insn per cycle
104.460226452,6042781449,,cycles,1611418118,100.00,,
104.560961996,11380695,,rD044,1611467093,100.00,,
104.560961996,125014707,,rFF44,1611340516,100.00,,
104.560961996,2433867544,,instructions,1610967931,100.00,0.40,insn per cycle
104.560961996,6038743340,,cycles,1610368201,100.00,,
104.661598358,11405871,,rD044,1610143360,100.00,,
104.661598358,123578083,,rFF44,1610587622,100.00,,
104.661598358,2418638866,,instructions,1611467661,100.00,0.40,insn per cycle
104.661598358,6046585244,,cycles,1612428316,100.00,,
104.762397442,11416667,,rD044,1612815395,100.00,,
104.762397442,123807801,,rFF44,1612520928,100.00,,
104.762397442,2406739109,,instructions,1612206879,100.00,0.40,insn per cycle
104.762397442,6045055226,,cycles,1612060483,100.00,,
104.863144156,11123594,,rD044,1612002475,100.00,,
104.863144156,129526930,,rFF44,1611908282,100.00,,
104.863144156,2378506556,,instructions,1611912037,100.00,0.39,insn per cycle
104.863144156,6044489586,,cycles,1611866995,100.00,,
104.963882950,10926873,,rD044,1611552449,100.00,,
104.963882950,130376363,,rFF44,1611631492,100.00,,
104.963882950,2389274848,,instructions,1611814342,100.00,0.40,insn per cycle
104.963882950,6043571700,,cycles,1611633617,100.00,,
105.064611313,11305241,,rD044,1611531959,100.00,,
105.064611313,126432229,,rFF44,1611212614,100.00,,
105.064611313,2433485781,,instructions,1610770693,100.00,0.40,insn per cycle
105.064611313,6038452015,,cycles,1610291247,100.00,,
105.165239125,11427637,,rD044,1609931456,100.00,,
105.165239125,123375311,,rFF44,1609847130,100.00,,
105.165239125,2398733513,,instructions,1609571784,100.00,0.40,insn per cycle
105.165239125,6035878793,,cycles,1609576162,100.00,,
105.265843027,11370091,,rD044,1609898867,100.00,,
105.265843027,123465223,,rFF44,1610071312,100.00,,
105.265843027,2418600043,,instructions,1610152447,100.00,0.40,insn per cycle
105.265843027,6038873241,,cycles,1610379522,100.00,,
105.366500150,11279477,,rD044,1610264679,100.00,,
105.366500150,128265417,,rFF44,1610200341,100.00,,
105.366500150,2368967941,,instructions,1610326130,100.00,0.39,insn per cycle
105.366500150,6039912650,,cycles,1610712051,100.00,,
105.467171243,10940233,,rD044,1610636702,100.00,,
105.467171243,130424168,,rFF44,1610748920,100.00,,
105.467171243,2383837499,,instructions,1610860383,100.00,0.39,insn per cycle
105.467171243,6039806706,,cycles,1610713910,100.00,,
105.567870326,11158945,,rD044,1610620181,100.00,,
105.567870326,127667635,,rFF44,1610640780,100.00,,
105.567870326,2417741360,,instructions,1610743614,100.00,0.40,insn per cycle
105.567870326,6038701821,,cycles,1610425100,100.00,,
105.668515529,11509760,,rD044,1610483722,100.00,,
105.668515529,123173904,,rFF44,1610480922,100.00,,
105.668515529,2400452696,,instructions,1610570252,100.00,0.40,insn per cycle
105.668515529,6040332395,,cycles,1610781462,100.00,,
105.769209052,11366258,,rD044,1611011344,100.00,,
105.769209052,123393686,,rFF44,1610936882,100.00,,
105.769209052,2420686059,,instructions,1610577061,100.00,0.40,insn per cycle
105.769209052,6039039489,,cycles,1610433162,100.00,,
105.869853834,11313286,,rD044,1610367100,100.00,,
105.869853834,126515400,,rFF44,1610482782,100.00,,
105.869853834,2376260607,,instructions,1610566051,100.00,0.39,insn per cycle
105.869853834,6039281278,,cycles,1610481362,100.00,,
105.970554507,10889921,,rD044,1611207686,100.00,,
105.970554507,130282311,,rFF44,1611205632,100.00,,
105.970554507,2390158514,,instructions,1611433330,100.00,0.40,insn per cycle
105.970554507,6043948653,,cycles,1611727064,100.00,,
106.071247950,10904685,,rD044,1611009195,100.00,,
106.071247950,129325030,,rFF44,1610789262,100.00,,
106.071247950,2421822209,,instructions,1610449440,100.00,0.40,insn per cycle
106.071247950,6038788657,,cycles,1610352140,100.00,,
106.171895903,11585142,,rD044,1610323499,100.00,,
106.171895903,123229475,,rFF44,1610335012,100.00,,
106.171895903,2405453692,,instructions,1610381720,100.00,0.40,insn per cycle
106.171895903,6038391315,,cycles,1610245652,100.00,,
106.272532415,11364386,,rD044,1610306890,100.00,,
106.272532415,123443778,,rFF44,1610628732,100.00,,
106.272532415,2418426633,,instructions,1610993725,100.00,0.40,insn per cycle
106.272532415,6041915359,,cycles,1611185662,100.00,,
106.373231158,11333887,,rD044,1611265156,100.00,,
106.373231158,125386512,,rFF44,1611239073,100.00,,
106.373231158,2386181731,,instructions,1610979684,100.00,0.40,insn per cycle
106.373231158,6040618880,,cycles,1610839584,100.00,,
106.473915841,10947529,,rD044,1610951115,100.00,,
106.473915841,130481347,,rFF44,1611074807,100.00,,
106.473915841,2384176609,,instructions,1611254332,100.00,0.39,insn per cycle
106.473915841,6043175261,,cycles,1611518070,100.00,,
106.574640655,10906109,,rD044,1611358744,100.00,,
106.574640655,130484552,,rFF44,1611226897,100.00,,
106.574640655,2391309132,,instructions,1611265131,100.00,0.40,insn per cycle
106.574640655,6041251915,,cycles,1611038837,100.00,,
106.675331058,11487326,,rD044,1611131902,100.00,,
106.675331058,123023092,,rFF44,1611150526,100.00,,
106.675331058,2434756981,,instructions,1611168216,100.00,0.40,insn per cycle
106.675331058,6042033400,,cycles,1611217952,100.00,,
106.776039381,11380079,,rD044,1611218036,100.00,,
106.776039381,123412619,,rFF44,1611253392,100.00,,
106.776039381,2416649285,,instructions,1611054796,100.00,0.40,insn per cycle
106.776039381,6041079363,,cycles,1610962742,100.00,,
106.876722494,11398347,,rD044,1611034454,100.00,,
106.876722494,124059857,,rFF44,1610841472,100.00,,
106.876722494,2397520513,,instructions,1610721642,100.00,0.40,insn per cycle
106.876722494,6039852284,,cycles,1610635272,100.00,,
106.977370816,10982791,,rD044,1610465691,100.00,,
106.977370816,130873870,,rFF44,1610802052,100.00,,
106.977370816,2379861582,,instructions,1611120436,100.00,0.39,insn per cycle
106.977370816,6042590520,,cycles,1611364882,100.00,,
107.078095060,10934419,,rD044,1611347407,100.00,,
107.078095060,129844804,,rFF44,1611153692,100.00,,
107.078095060,2392865703,,instructions,1610987195,100.00,0.40,insn per cycle
107.078095060,6041714367,,cycles,1611129396,100.00,,
107.178784843,11406551,,rD044,1611153876,100.00,,
107.178784843,124501941,,rFF44,1611048944,100.00,,
107.178784843,2432362245,,instructions,1610855183,100.00,0.40,insn per cycle
107.178784843,6038305108,,cycles,1610236708,100.00,,
107.279422695,11392097,,rD044,1610115557,100.00,,
107.279422695,123457564,,rFF44,1610157180,100.00,,
107.279422695,2411969207,,instructions,1610394961,100.00,0.40,insn per cycle
107.279422695,6041176914,,cycles,1610984256,100.00,,
107.380125938,11407051,,rD044,1611559777,100.00,,
107.380125938,123839618,,rFF44,1612350675,100.00,,
107.380125938,2413722410,,instructions,1612814859,100.00,0.40,insn per cycle
107.380125938,6048745677,,cycles,1613007504,100.00,,
107.480967013,11105578,,rD044,1613095724,100.00,,
107.480967013,129991586,,rFF44,1612177945,100.00,,
107.480967013,2376366464,,instructions,1611656550,100.00,0.39,insn per cycle
107.480967013,6042608650,,cycles,1611370544,100.00,,
107.581652376,10948714,,rD044,1610724743,100.00,,
107.581652376,129907327,,rFF44,1610835343,100.00,,
107.581652376,2385296857,,instructions,1611150723,100.00,0.39,insn per cycle
107.581652376,6042169425,,cycles,1611279698,100.00,,
107.682368729,11384705,,rD044,1611185996,100.00,,
107.682368729,126230941,,rFF44,1610517100,100.00,,
107.682368729,2421848217,,instructions,1609537918,100.00,0.40,insn per cycle
107.682368729,6032405399,,cycles,1608652903,100.00,,
107.782921411,11491248,,rD044,1608838248,100.00,,
107.782921411,123405324,,rFF44,1609111522,100.00,,
107.782921411,2401675697,,instructions,1609600271,100.00,0.40,insn per cycle
107.782921411,6038913195,,cycles,1610381972,100.00,,
107.883563283,11330396,,rD044,1610546473,100.00,,
107.883563283,123523965,,rFF44,1611034882,100.00,,
107.883563283,2414415461,,instructions,1611489090,100.00,0.40,insn per cycle
107.883563283,6043074606,,cycles,1611492912,100.00,,
107.984289197,11190974,,rD044,1611687319,100.00,,
107.984289197,128842740,,rFF44,1611563522,100.00,,
107.984289197,2371834487,,instructions,1611531288,100.00,0.39,insn per cycle
107.984289197,6044622809,,cycles,1611907429,100.00,,
108.085030420,10904468,,rD044,1611764948,100.00,,
108.085030420,130319816,,rFF44,1611680841,100.00,,
108.085030420,2391540123,,instructions,1611418363,100.00,0.40,insn per cycle
108.085030420,6041469149,,cycles,1611066376,100.00,,
108.185705163,11227472,,rD044,1610749412,100.00,,
108.185705163,127210442,,rFF44,1610812652,100.00,,
108.185705163,2426253975,,instructions,1611007022,100.00,0.40,insn per cycle
108.185705163,6041403406,,cycles,1611049656,100.00,,
108.286399156,11493547,,rD044,1611114632,100.00,,
108.286399156,123358346,,rFF44,1611067317,100.00,,
108.286399156,2400750064,,instructions,1610708412,100.00,0.40,insn per cycle
108.286399156,6039273734,,cycles,1610477911,100.00,,
108.387054349,11365663,,rD044,1610625162,100.00,,
108.387054349,123452051,,rFF44,1610752413,100.00,,
108.387054349,2418560685,,instructions,1611046735,100.00,0.40,insn per cycle
108.387054349,6042212043,,cycles,1611279424,100.00,,
108.487767012,11314599,,rD044,1611342396,100.00,,
108.487767012,127276073,,rFF44,1611258573,100.00,,
108.487767012,2370254197,,instructions,1611067824,100.00,0.39,insn per cycle
108.487767012,6040764256,,cycles,1610890192,100.00,,
108.588441085,10909286,,rD044,1610588373,100.00,,
108.588441085,130314046,,rFF44,1610694442,100.00,,
108.588441085,2390984858,,instructions,1610945118,100.00,0.40,insn per cycle
108.588441085,6041257376,,cycles,1611027462,100.00,,
108.689146208,11019746,,rD044,1611102374,100.00,,
108.689146208,128725516,,rFF44,1611042492,100.00,,
108.689146208,2420051904,,instructions,1610825402,100.00,0.40,insn per cycle
108.689146208,6040261054,,cycles,1610746512,100.00,,
108.789831641,11529587,,rD044,1610931784,100.00,,
108.789831641,123264632,,rFF44,1610870992,100.00,,
108.789831641,2409520797,,instructions,1610958875,100.00,0.40,insn per cycle
108.789831641,6040990295,,cycles,1610938632,100.00,,
108.890500444,11408767,,rD044,1610818954,100.00,,
108.890500444,123420936,,rFF44,1610816822,100.00,,
108.890500444,2419289780,,instructions,1610838633,100.00,0.40,insn per cycle
108.890500444,6040434842,,cycles,1610789774,100.00,,
108.991174367,11335045,,rD044,1610506711,100.00,,
108.991174367,126267790,,rFF44,1610361572,100.00,,
108.991174367,2378958112,,instructions,1610043628,100.00,0.39,insn per cycle
108.991174367,6037299698,,cycles,1609955640,100.00,,
109.091796029,10913685,,rD044,1610229179,100.00,,
109.091796029,130189864,,rFF44,1610298342,100.00,,
109.091796029,2388518624,,instructions,1610702332,100.00,0.40,insn per cycle
109.091796029,6041449883,,cycles,1611060882,100.00,,
109.192486982,10902769,,rD044,1610815125,100.00,,
109.192486982,130265366,,rFF44,1610216822,100.00,,
109.192486982,2401256385,,instructions,1609595541,100.00,0.40,insn per cycle
109.192486982,6032809222,,cycles,1608780401,100.00,,
109.293022843,11639494,,rD044,1608647822,100.00,,
109.293022843,122751283,,rFF44,1609160283,100.00,,
109.293022843,2414870094,,instructions,1609396922,100.00,0.40,insn per cycle
109.293022843,6036629317,,cycles,1609775452,100.00,,
109.393652936,11392565,,rD044,1609902250,100.00,,
109.393652936,123349784,,rFF44,1609959567,100.00,,
109.393652936,2413484303,,instructions,1610093562,100.00,0.40,insn per cycle
109.393652936,6037788717,,cycles,1610143348,100.00,,
109.494277878,11328102,,rD044,1609757085,100.00,,
109.494277878,124765690,,rFF44,1609930909,100.00,,
109.494277878,2393184711,,instructions,1609991948,100.00,0.40,insn per cycle
109.494277878,6037883193,,cycles,1610193510,100.00,,
109.594972521,10936288,,rD044,1610919755,100.00,,
109.594972521,130526764,,rFF44,1611244117,100.00,,
109.594972521,2386000067,,instructions,1611423673,100.00,0.39,insn per cycle
109.594972521,6042724202,,cycles,1611512730,100.00,,
109.695696664,10944329,,rD044,1611558895,100.00,,
109.695696664,130440995,,rFF44,1611124666,100.00,,
109.695696664,2392525972,,instructions,1610964432,100.00,0.40,insn per cycle
109.695696664,6040770981,,cycles,1610893195,100.00,,
109.796391027,11472978,,rD044,1610944042,100.00,,
109.796391027,123822124,,rFF44,1611016815,100.00,,
109.796391027,2425153630,,instructions,1611261735,100.00,0.40,insn per cycle
109.796391027,6043210319,,cycles,1611543435,100.00,,
109.897099261,11384237,,rD044,1611402916,100.00,,
109.897099261,123405204,,rFF44,1611188084,100.00,,
109.897099261,2416388970,,instructions,1610955395,100.00,0.40,insn per cycle
109.897099261,6039591971,,cycles,1610593732,100.00,,
109.997758983,11440693,,rD044,1610768263,100.00,,
109.997758983,124055607,,rFF44,1610984002,100.00,,
109.997758983,2405161931,,instructions,1611289697,100.00,0.40,insn per cycle
109.997758983,6043114769,,cycles,1611505412,100.00,,
110.098485857,11037225,,rD044,1611488267,100.00,,
110.098485857,131348541,,rFF44,1611741564,100.00,,
110.098485857,2380936930,,instructions,1611743297,100.00,0.39,insn per cycle
110.098485857,6044419246,,cycles,1611865532,100.00,,
110.199225700,10940169,,rD044,1611632518,100.00,,
110.199225700,129817420,,rFF44,1611222488,100.00,,
110.199225700,2386365287,,instructions,1610901182,100.00,0.40,insn per cycle
110.199225700,6039450193,,cycles,1610530041,100.00,,
110.299878073,11407740,,rD044,1610519252,100.00,,
110.299878073,124915081,,rFF44,1610980864,100.00,,
110.299878073,2434857103,,instructions,1611153132,100.00,0.40,insn per cycle
110.299878073,6042254198,,cycles,1611276667,100.00,,
110.400596176,11471630,,rD044,1611652244,100.00,,
110.400596176,123741741,,rFF44,1611771838,100.00,,
110.400596176,2413248169,,instructions,1611985962,100.00,0.40,insn per cycle
110.400596176,6044860921,,cycles,1611968484,100.00,,
110.501337850,11403870,,rD044,1611955889,100.00,,
110.501337850,124043276,,rFF44,1611902635,100.00,,
110.501337850,2408171730,,instructions,1611870198,100.00,0.40,insn per cycle
110.501337850,6045997917,,cycles,1612273874,100.00,,
110.602112054,11145106,,rD044,1612034778,100.00,,
110.602112054,130113885,,rFF44,1611666261,100.00,,
110.602112054,2377664658,,instructions,1611342671,100.00,0.39,insn per cycle
110.602112054,6040993509,,cycles,1610963565,100.00,,
110.702800717,10925337,,rD044,1610883452,100.00,,
110.702800717,129928824,,rFF44,1611080665,100.00,,
110.702800717,2391301184,,instructions,1611161407,100.00,0.40,insn per cycle
110.702800717,6041586189,,cycles,1611093052,100.00,,
110.730384077,949181,,rD044,390849787,100.00,,
110.730384077,13473483,,rFF44,388616251,100.00,,
110.730384077,1011334694,,instructions,386760496,100.00,0.70,insn per cycle
110.730384077,1443514143,,cycles,384977315,100.00,,
