0.100133303,138017,,rD044,95208818,100.00,,
0.100133303,932959,,rFF44,95214948,100.00,,
0.100133303,1468986927,,instructions,95219428,100.00,4.16,insn per cycle
0.100133303,353185880,,cycles,95224368,100.00,,
0.200404617,105538,,rD044,100216085,100.00,,
0.200404617,727007,,rFF44,100215475,100.00,,
0.200404617,1684080738,,instructions,100215895,100.00,4.48,insn per cycle
0.200404617,375762773,,cycles,100216045,100.00,,
0.300616481,110753,,rD044,100162625,100.00,,
0.300616481,705217,,rFF44,100163395,100.00,,
0.300616481,1685436041,,instructions,100162875,100.00,4.49,insn per cycle
0.300616481,375563450,,cycles,100163255,100.00,,
0.400831204,110961,,rD044,100132161,100.00,,
0.400831204,715016,,rFF44,100131021,100.00,,
0.400831204,1679381221,,instructions,100131391,100.00,4.47,insn per cycle
0.400831204,375422770,,cycles,100130521,100.00,,
0.501040428,103760,,rD044,100156085,100.00,,
0.501040428,719918,,rFF44,100156105,100.00,,
0.501040428,1678594454,,instructions,100155945,100.00,4.47,insn per cycle
0.501040428,375531817,,cycles,100156655,100.00,,
0.601254681,115951,,rD044,99995174,100.00,,
0.601254681,704478,,rFF44,99995334,100.00,,
0.601254681,1678939450,,instructions,99995494,100.00,4.48,insn per cycle
0.601254681,374924312,,cycles,99995784,100.00,,
0.701463295,83242,,rD044,100160195,100.00,,
0.701463295,697606,,rFF44,100159975,100.00,,
0.701463295,1694100827,,instructions,100159675,100.00,4.51,insn per cycle
0.701463295,375546248,,cycles,100158615,100.00,,
0.801673858,105608,,rD044,100162794,100.00,,
0.801673858,722640,,rFF44,100162994,100.00,,
0.801673858,1680574187,,instructions,100163114,100.00,4.47,insn per cycle
0.801673858,375563557,,cycles,100163204,100.00,,
0.901903422,116201,,rD044,100175434,100.00,,
0.901903422,715941,,rFF44,100175494,100.00,,
0.901903422,1680494737,,instructions,100175584,100.00,4.47,insn per cycle
0.901903422,375604997,,cycles,100175744,100.00,,
1.002113245,108510,,rD044,100139945,100.00,,
1.002113245,738918,,rFF44,100139815,100.00,,
1.002113245,1688635338,,instructions,100139395,100.00,4.50,insn per cycle
1.002113245,375458926,,cycles,100139685,100.00,,
1.102322789,109606,,rD044,100163424,100.00,,
1.102322789,712606,,rFF44,100163454,100.00,,
1.102322789,1675710890,,instructions,100164074,100.00,4.46,insn per cycle
1.102322789,375566966,,cycles,100164604,100.00,,
1.202533792,116062,,rD044,100165315,100.00,,
1.202533792,716170,,rFF44,100165175,100.00,,
1.202533792,1667060622,,instructions,100165005,100.00,4.44,insn per cycle
1.202533792,375566385,,cycles,100163935,100.00,,
1.302742766,104420,,rD044,100160245,100.00,,
1.302742766,735578,,rFF44,100160205,100.00,,
1.302742766,1676389375,,instructions,100160025,100.00,4.46,insn per cycle
1.302742766,375549434,,cycles,100160055,100.00,,
1.402951519,115120,,rD044,100132783,100.00,,
1.402951519,711660,,rFF44,100133143,100.00,,
1.402951519,1669330882,,instructions,100133533,100.00,4.45,insn per cycle
1.402951519,375433842,,cycles,100133973,100.00,,
1.503160863,117037,,rD044,100158115,100.00,,
1.503160863,689727,,rFF44,100158505,100.00,,
1.503160863,1650338056,,instructions,100158355,100.00,4.39,insn per cycle
1.503160863,375531870,,cycles,100158045,100.00,,
1.603371806,104501,,rD044,100058564,100.00,,
1.603371806,729699,,rFF44,100058264,100.00,,
1.603371806,1670548572,,instructions,100058654,100.00,4.45,insn per cycle
1.603371806,375156391,,cycles,100058214,100.00,,
1.703581960,115897,,rD044,100163354,100.00,,
1.703581960,717638,,rFF44,100163384,100.00,,
1.703581960,1666840507,,instructions,100163104,100.00,4.44,insn per cycle
1.703581960,375565191,,cycles,100163224,100.00,,
1.803791393,106176,,rD044,100159665,100.00,,
1.803791393,739068,,rFF44,100159475,100.00,,
1.803791393,1669557867,,instructions,100159295,100.00,4.45,insn per cycle
1.803791393,375552267,,cycles,100160425,100.00,,
1.904002127,102652,,rD044,100163214,100.00,,
1.904002127,723998,,rFF44,100163534,100.00,,
1.904002127,1653917767,,instructions,100164184,100.00,4.40,insn per cycle
1.904002127,375563671,,cycles,100163454,100.00,,
2.004217090,84172,,rD044,100150204,100.00,,
2.004217090,688344,,rFF44,100150084,100.00,,
2.004217090,1668756926,,instructions,100149604,100.00,4.44,insn per cycle
2.004217090,375497625,,cycles,100149514,100.00,,
2.104469994,101002,,rD044,100202615,100.00,,
2.104469994,734386,,rFF44,100202545,100.00,,
2.104469994,1668113229,,instructions,100202155,100.00,4.44,insn per cycle
2.104469994,375709713,,cycles,100201875,100.00,,
2.204679048,104559,,rD044,100161235,100.00,,
2.204679048,713463,,rFF44,100161725,100.00,,
2.204679048,1680842303,,instructions,100161695,100.00,4.48,insn per cycle
2.204679048,375558267,,cycles,100161705,100.00,,
2.304925801,109808,,rD044,100198775,100.00,,
2.304925801,723460,,rFF44,100198405,100.00,,
2.304925801,1667302076,,instructions,100199065,100.00,4.44,insn per cycle
2.304925801,375700816,,cycles,100199785,100.00,,
2.405136825,100317,,rD044,100136055,100.00,,
2.405136825,731827,,rFF44,100136365,100.00,,
2.405136825,1660048540,,instructions,100136105,100.00,4.42,insn per cycle
2.405136825,375445040,,cycles,100135315,100.00,,
2.505346908,108491,,rD044,100159245,100.00,,
2.505346908,712570,,rFF44,100158805,100.00,,
2.505346908,1665226552,,instructions,100158195,100.00,4.43,insn per cycle
2.505346908,375540304,,cycles,100158255,100.00,,
2.605552482,103514,,rD044,100043363,100.00,,
2.605552482,729627,,rFF44,100043133,100.00,,
2.605552482,1670308515,,instructions,100043803,100.00,4.45,insn per cycle
2.605552482,375105849,,cycles,100044093,100.00,,
2.705763105,101407,,rD044,100161494,100.00,,
2.705763105,685197,,rFF44,100161574,100.00,,
2.705763105,1687772041,,instructions,100161494,100.00,4.49,insn per cycle
2.705763105,375556046,,cycles,100161224,100.00,,
2.805972859,113616,,rD044,100163725,100.00,,
2.805972859,716005,,rFF44,100163765,100.00,,
2.805972859,1674517406,,instructions,100163465,100.00,4.46,insn per cycle
2.805972859,375565911,,cycles,100163385,100.00,,
2.906182342,100604,,rD044,100159975,100.00,,
2.906182342,739569,,rFF44,100160205,100.00,,
2.906182342,1693464450,,instructions,100159825,100.00,4.51,insn per cycle
2.906182342,375547391,,cycles,100159875,100.00,,
3.006392836,105222,,rD044,100144653,100.00,,
3.006392836,712393,,rFF44,100144864,100.00,,
3.006392836,1694991917,,instructions,100145674,100.00,4.51,insn per cycle
3.006392836,375471463,,cycles,100145824,100.00,,
3.106597819,112788,,rD044,100150635,100.00,,
3.106597819,722010,,rFF44,100150414,100.00,,
3.106597819,1699755691,,instructions,100150084,100.00,4.53,insn per cycle
3.106597819,375510460,,cycles,100150084,100.00,,
3.206808833,100437,,rD044,100158765,100.00,,
3.206808833,740215,,rFF44,100158905,100.00,,
3.206808833,1707645844,,instructions,100158975,100.00,4.55,insn per cycle
3.206808833,375547018,,cycles,100159415,100.00,,
3.307008296,106280,,rD044,100150475,100.00,,
3.307008296,716347,,rFF44,100150035,100.00,,
3.307008296,1706765822,,instructions,100149945,100.00,4.55,insn per cycle
3.307008296,375513274,,cycles,100149765,100.00,,
3.407217389,105202,,rD044,100138615,100.00,,
3.407217389,730398,,rFF44,100138345,100.00,,
3.407217389,1708057044,,instructions,100138655,100.00,4.55,insn per cycle
3.407217389,375463942,,cycles,100138455,100.00,,
3.507429313,70716,,rD044,100162484,100.00,,
3.507429313,694617,,rFF44,100162824,100.00,,
3.507429313,1713473617,,instructions,100163044,100.00,4.56,insn per cycle
3.507429313,375556163,,cycles,100162824,100.00,,
3.607639487,112662,,rD044,100039502,100.00,,
3.607639487,720258,,rFF44,100039732,100.00,,
3.607639487,1706488832,,instructions,100039162,100.00,4.55,insn per cycle
3.607639487,375084833,,cycles,100039672,100.00,,
3.707868110,103735,,rD044,100181214,100.00,,
3.707868110,745217,,rFF44,100180774,100.00,,
3.707868110,1710743029,,instructions,100181494,100.00,4.55,insn per cycle
3.707868110,375637789,,cycles,100182784,100.00,,
3.808079984,101257,,rD044,100164665,100.00,,
3.808079984,723302,,rFF44,100164875,100.00,,
3.808079984,1708698354,,instructions,100164325,100.00,4.55,insn per cycle
3.808079984,375564237,,cycles,100163205,100.00,,
3.908288437,112501,,rD044,100161115,100.00,,
3.908288437,722850,,rFF44,100161065,100.00,,
3.908288437,1707319814,,instructions,100161115,100.00,4.55,insn per cycle
3.908288437,375555699,,cycles,100160915,100.00,,
4.008545271,100263,,rD044,100196614,100.00,,
4.008545271,742527,,rFF44,100196724,100.00,,
4.008545271,1705372263,,instructions,100196134,100.00,4.54,insn per cycle
4.008545271,375669784,,cycles,100196954,100.00,,
4.108753925,105333,,rD044,100156064,100.00,,
4.108753925,716271,,rFF44,100155945,100.00,,
4.108753925,1703192598,,instructions,100156295,100.00,4.54,insn per cycle
4.108753925,375529790,,cycles,100155015,100.00,,
4.208961788,106712,,rD044,100160825,100.00,,
4.208961788,691511,,rFF44,100160894,100.00,,
4.208961788,1714065982,,instructions,100160604,100.00,4.56,insn per cycle
4.208961788,375555011,,cycles,100160714,100.00,,
4.309172292,99670,,rD044,100164045,100.00,,
4.309172292,733620,,rFF44,100163875,100.00,,
4.309172292,1714067120,,instructions,100163675,100.00,4.56,insn per cycle
4.309172292,375570320,,cycles,100164745,100.00,,
4.409382675,111125,,rD044,100139745,100.00,,
4.409382675,720425,,rFF44,100140575,100.00,,
4.409382675,1712791108,,instructions,100141105,100.00,4.56,insn per cycle
4.409382675,375468338,,cycles,100140325,100.00,,
4.509593729,101640,,rD044,100160864,100.00,,
4.509593729,739707,,rFF44,100160494,100.00,,
4.509593729,1713408401,,instructions,100160624,100.00,4.56,insn per cycle
4.509593729,375548782,,cycles,100160674,100.00,,
4.609805702,96522,,rD044,100042043,100.00,,
4.609805702,727089,,rFF44,100041564,100.00,,
4.609805702,1713635749,,instructions,100041004,100.00,4.57,insn per cycle
4.609805702,375088503,,cycles,100041064,100.00,,
4.710018326,109575,,rD044,100164765,100.00,,
4.710018326,718723,,rFF44,100165064,100.00,,
4.710018326,1717360153,,instructions,100165304,100.00,4.57,insn per cycle
4.710018326,375569393,,cycles,100164484,100.00,,
4.810227509,98610,,rD044,100157024,100.00,,
4.810227509,743134,,rFF44,100157374,100.00,,
4.810227509,1714728777,,instructions,100157384,100.00,4.57,insn per cycle
4.810227509,375541634,,cycles,100157954,100.00,,
4.910437293,100249,,rD044,100161805,100.00,,
4.910437293,720184,,rFF44,100161285,100.00,,
4.910437293,1716109486,,instructions,100161215,100.00,4.57,insn per cycle
4.910437293,375558689,,cycles,100161475,100.00,,
5.010645756,105409,,rD044,100157545,100.00,,
5.010645756,725920,,rFF44,100157525,100.00,,
5.010645756,1714298085,,instructions,100157545,100.00,4.56,insn per cycle
5.010645756,375540458,,cycles,100157605,100.00,,
5.110894430,65499,,rD044,100189205,100.00,,
5.110894430,709116,,rFF44,100189295,100.00,,
5.110894430,1720209680,,instructions,100189085,100.00,4.58,insn per cycle
5.110894430,375649289,,cycles,100188305,100.00,,
5.211108583,107299,,rD044,100161934,100.00,,
5.211108583,718132,,rFF44,100161834,100.00,,
5.211108583,1716052121,,instructions,100162255,100.00,4.57,insn per cycle
5.211108583,375563048,,cycles,100162765,100.00,,
5.311318117,102631,,rD044,100162455,100.00,,
5.311318117,733859,,rFF44,100162545,100.00,,
5.311318117,1718176994,,instructions,100162864,100.00,4.57,insn per cycle
5.311318117,375568532,,cycles,100164124,100.00,,
5.411528300,94017,,rD044,100137995,100.00,,
5.411528300,729375,,rFF44,100137705,100.00,,
5.411528300,1718064457,,instructions,100138065,100.00,4.58,insn per cycle
5.411528300,375455773,,cycles,100136675,100.00,,
5.511738884,108324,,rD044,100162974,100.00,,
5.511738884,721585,,rFF44,100163494,100.00,,
5.511738884,1717037571,,instructions,100162514,100.00,4.57,insn per cycle
5.511738884,375561722,,cycles,100162394,100.00,,
5.611947797,97407,,rD044,100040184,100.00,,
5.611947797,746407,,rFF44,100039854,100.00,,
5.611947797,1714649647,,instructions,100039844,100.00,4.57,insn per cycle
5.611947797,375086438,,cycles,100040314,100.00,,
5.712157071,100876,,rD044,100161294,100.00,,
5.712157071,721009,,rFF44,100161074,100.00,,
5.712157071,1717965647,,instructions,100161384,100.00,4.57,insn per cycle
5.712157071,375557528,,cycles,100161074,100.00,,
5.812365814,110175,,rD044,100160553,100.00,,
5.812365814,724003,,rFF44,100161483,100.00,,
5.812365814,1718309067,,instructions,100162003,100.00,4.58,insn per cycle
5.812365814,375559520,,cycles,100162423,100.00,,
5.912590878,97086,,rD044,100175885,100.00,,
5.912590878,704596,,rFF44,100175515,100.00,,
5.912590878,1721802220,,instructions,100175655,100.00,4.58,insn per cycle
5.912590878,375613348,,cycles,100175905,100.00,,
6.012804522,102431,,rD044,100164145,100.00,,
6.012804522,718092,,rFF44,100164335,100.00,,
6.012804522,1719864132,,instructions,100163855,100.00,4.58,insn per cycle
6.012804522,375564884,,cycles,100163665,100.00,,
6.113019545,108150,,rD044,100152984,100.00,,
6.113019545,744183,,rFF44,100152374,100.00,,
6.113019545,1725017666,,instructions,100152484,100.00,4.59,insn per cycle
6.113019545,375506160,,cycles,100151964,100.00,,
6.213229138,98913,,rD044,100159565,100.00,,
6.213229138,742814,,rFF44,100160205,100.00,,
6.213229138,1722825517,,instructions,100159775,100.00,4.59,insn per cycle
6.213229138,375550335,,cycles,100160415,100.00,,
6.313442772,110879,,rD044,100166784,100.00,,
6.313442772,732438,,rFF44,100166824,100.00,,
6.313442772,1724115642,,instructions,100167054,100.00,4.59,insn per cycle
6.313442772,375578405,,cycles,100166454,100.00,,
6.413652836,97542,,rD044,100138094,100.00,,
6.413652836,757273,,rFF44,100137874,100.00,,
6.413652836,1725825703,,instructions,100138594,100.00,4.60,insn per cycle
6.413652836,375461778,,cycles,100138584,100.00,,
6.513900899,104697,,rD044,100196055,100.00,,
6.513900899,732013,,rFF44,100196225,100.00,,
6.513900899,1722979117,,instructions,100197125,100.00,4.59,insn per cycle
6.513900899,375689034,,cycles,100197105,100.00,,
6.614113143,79386,,rD044,100045164,100.00,,
6.614113143,709200,,rFF44,100045014,100.00,,
6.614113143,1722590845,,instructions,100043524,100.00,4.59,insn per cycle
6.614113143,375095754,,cycles,100043824,100.00,,
6.714324446,96501,,rD044,100159504,100.00,,
6.714324446,749465,,rFF44,100159114,100.00,,
6.714324446,1722307653,,instructions,100158624,100.00,4.59,insn per cycle
6.714324446,375540120,,cycles,100157984,100.00,,
6.814533810,111507,,rD044,100161454,100.00,,
6.814533810,730469,,rFF44,100161795,100.00,,
6.814533810,1722914415,,instructions,100162255,100.00,4.59,insn per cycle
6.814533810,375564756,,cycles,100162925,100.00,,
6.914744583,104018,,rD044,100156665,100.00,,
6.914744583,755976,,rFF44,100156634,100.00,,
6.914744583,1720774960,,instructions,100156684,100.00,4.58,insn per cycle
6.914744583,375529909,,cycles,100156484,100.00,,
7.014956217,100665,,rD044,100152005,100.00,,
7.014956217,736282,,rFF44,100152105,100.00,,
7.014956217,1720782156,,instructions,100152705,100.00,4.58,insn per cycle
7.014956217,375513162,,cycles,100152355,100.00,,
7.115166340,107956,,rD044,100150095,100.00,,
7.115166340,700871,,rFF44,100150095,100.00,,
7.115166340,1722950075,,instructions,100149515,100.00,4.59,insn per cycle
7.115166340,375496506,,cycles,100150095,100.00,,
7.215377014,96879,,rD044,100160115,100.00,,
7.215377014,753228,,rFF44,100159885,100.00,,
7.215377014,1723051664,,instructions,100159865,100.00,4.59,insn per cycle
7.215377014,375544165,,cycles,100159275,100.00,,
7.315593877,107000,,rD044,100169865,100.00,,
7.315593877,732039,,rFF44,100170455,100.00,,
7.315593877,1723887505,,instructions,100170575,100.00,4.59,insn per cycle
7.315593877,375595211,,cycles,100171235,100.00,,
7.415805401,104063,,rD044,100140004,100.00,,
7.415805401,750965,,rFF44,100139194,100.00,,
7.415805401,1722277144,,instructions,100138594,100.00,4.59,insn per cycle
7.415805401,375459851,,cycles,100137924,100.00,,
7.516013574,97892,,rD044,100161145,100.00,,
7.516013574,738621,,rFF44,100161335,100.00,,
7.516013574,1724817821,,instructions,100161765,100.00,4.59,insn per cycle
7.516013574,375562876,,cycles,100162305,100.00,,
7.616221298,105787,,rD044,100036193,100.00,,
7.616221298,727843,,rFF44,100035883,100.00,,
7.616221298,1719001350,,instructions,100036453,100.00,4.58,insn per cycle
7.616221298,375070852,,cycles,100036813,100.00,,
7.716431601,66009,,rD044,98970820,100.00,,
7.716431601,714107,,rFF44,98970930,100.00,,
7.716431601,1703255328,,instructions,98970550,100.00,4.59,insn per cycle
7.716431601,371075871,,cycles,98970240,100.00,,
7.816641475,105540,,rD044,100162954,100.00,,
7.816641475,730971,,rFF44,100163155,100.00,,
7.816641475,1719455943,,instructions,100163655,100.00,4.58,insn per cycle
7.816641475,375565762,,cycles,100163315,100.00,,
7.916901059,106838,,rD044,100211596,100.00,,
7.916901059,742298,,rFF44,100211205,100.00,,
7.916901059,1719568546,,instructions,100210145,100.00,4.58,insn per cycle
7.916901059,375744657,,cycles,100210545,100.00,,
8.017109012,96788,,rD044,100160634,100.00,,
8.017109012,739408,,rFF44,100161224,100.00,,
8.017109012,1720875475,,instructions,100161304,100.00,4.58,insn per cycle
8.017109012,375556645,,cycles,100160884,100.00,,
8.117316476,106566,,rD044,100149465,100.00,,
8.117316476,727805,,rFF44,100149315,100.00,,
8.117316476,1719527409,,instructions,100150035,100.00,4.58,insn per cycle
8.117316476,375497048,,cycles,100150465,100.00,,
8.217526799,98554,,rD044,100153235,100.00,,
8.217526799,719910,,rFF44,100152535,100.00,,
8.217526799,1722648954,,instructions,100151665,100.00,4.59,insn per cycle
8.217526799,375513582,,cycles,100150925,100.00,,
8.317736813,101539,,rD044,100161645,100.00,,
8.317736813,730746,,rFF44,100162425,100.00,,
8.317736813,1717682916,,instructions,100163485,100.00,4.57,insn per cycle
8.317736813,375568486,,cycles,100164035,100.00,,
8.417948806,106478,,rD044,100140634,100.00,,
8.417948806,737495,,rFF44,100141065,100.00,,
8.417948806,1717596418,,instructions,100140185,100.00,4.57,insn per cycle
8.417948806,375468627,,cycles,100139835,100.00,,
8.518159920,94667,,rD044,100163745,100.00,,
8.518159920,754718,,rFF44,100162824,100.00,,
8.518159920,1733058160,,instructions,100162894,100.00,4.61,insn per cycle
8.518159920,375566268,,cycles,100163324,100.00,,
8.618369283,107789,,rD044,100041205,100.00,,
8.618369283,736191,,rFF44,100041485,100.00,,
8.618369283,1713596881,,instructions,100041495,100.00,4.57,insn per cycle
8.618369283,375092682,,cycles,100041435,100.00,,
8.718579087,101339,,rD044,100161335,100.00,,
8.718579087,756911,,rFF44,100161705,100.00,,
8.718579087,1715515105,,instructions,100161665,100.00,4.57,insn per cycle
8.718579087,375555967,,cycles,100161325,100.00,,
8.818786890,97616,,rD044,100161195,100.00,,
8.818786890,743428,,rFF44,100160975,100.00,,
8.818786890,1724612835,,instructions,100161025,100.00,4.59,insn per cycle
8.818786890,375555719,,cycles,100161165,100.00,,
8.918997104,105161,,rD044,100163113,100.00,,
8.918997104,737398,,rFF44,100163263,100.00,,
8.918997104,1705621649,,instructions,100164304,100.00,4.54,insn per cycle
8.918997104,375570605,,cycles,100164894,100.00,,
9.019210087,94031,,rD044,100165675,100.00,,
9.019210087,756638,,rFF44,100165365,100.00,,
9.019210087,1706106397,,instructions,100164414,100.00,4.54,insn per cycle
9.019210087,375567153,,cycles,100163744,100.00,,
9.119419651,80719,,rD044,100155005,100.00,,
9.119419651,695495,,rFF44,100155285,100.00,,
9.119419651,1699122635,,instructions,100155835,100.00,4.52,insn per cycle
9.119419651,375528455,,cycles,100155875,100.00,,
9.219629884,102228,,rD044,100158735,100.00,,
9.219629884,742880,,rFF44,100158395,100.00,,
9.219629884,1668098408,,instructions,100157805,100.00,4.44,insn per cycle
9.219629884,375536720,,cycles,100157425,100.00,,
9.319879288,95838,,rD044,100200285,100.00,,
9.319879288,734918,,rFF44,100200505,100.00,,
9.319879288,1682550523,,instructions,100200685,100.00,4.48,insn per cycle
9.319879288,375710237,,cycles,100202015,100.00,,
9.420091132,108623,,rD044,100139974,100.00,,
9.420091132,726492,,rFF44,100139624,100.00,,
9.420091132,1690975160,,instructions,100139894,100.00,4.50,insn per cycle
9.420091132,375465457,,cycles,100139804,100.00,,
9.520302115,89186,,rD044,100163244,100.00,,
9.520302115,748287,,rFF44,100163924,100.00,,
9.520302115,1689727907,,instructions,100163634,100.00,4.50,insn per cycle
9.520302115,375565603,,cycles,100162725,100.00,,
9.620511999,103879,,rD044,100041214,100.00,,
9.620511999,722539,,rFF44,100041004,100.00,,
9.620511999,1664327442,,instructions,100041484,100.00,4.44,insn per cycle
9.620511999,375092077,,cycles,100041573,100.00,,
9.720740762,106553,,rD044,100180645,100.00,,
9.720740762,701753,,rFF44,100180955,100.00,,
9.720740762,1668657645,,instructions,100180065,100.00,4.44,insn per cycle
9.720740762,375610651,,cycles,100179915,100.00,,
9.820979206,94146,,rD044,100189244,100.00,,
9.820979206,740729,,rFF44,100188614,100.00,,
9.820979206,1675503794,,instructions,100188664,100.00,4.46,insn per cycle
9.820979206,375653799,,cycles,100188504,100.00,,
9.921187850,106732,,rD044,100161885,100.00,,
9.921187850,731439,,rFF44,100161985,100.00,,
9.921187850,1692219038,,instructions,100161505,100.00,4.51,insn per cycle
9.921187850,375560574,,cycles,100161985,100.00,,
10.021397193,98009,,rD044,100164265,100.00,,
10.021397193,747661,,rFF44,100164255,100.00,,
10.021397193,1678120978,,instructions,100164615,100.00,4.47,insn per cycle
10.021397193,375568840,,cycles,100164355,100.00,,
10.121607356,99249,,rD044,100164613,100.00,,
10.121607356,724954,,rFF44,100164123,100.00,,
10.121607356,1673126589,,instructions,100164743,100.00,4.45,insn per cycle
10.121607356,375570058,,cycles,100165154,100.00,,
10.221820430,103846,,rD044,100153075,100.00,,
10.221820430,726397,,rFF44,100153635,100.00,,
10.221820430,1675445475,,instructions,100153515,100.00,4.46,insn per cycle
10.221820430,375513559,,cycles,100154534,100.00,,
10.322031703,64392,,rD044,100158665,100.00,,
10.322031703,708322,,rFF44,100158685,100.00,,
10.322031703,1684647259,,instructions,100159025,100.00,4.49,insn per cycle
10.322031703,375538844,,cycles,100157495,100.00,,
10.422243397,107370,,rD044,100140184,100.00,,
10.422243397,725517,,rFF44,100140034,100.00,,
10.422243397,1692229001,,instructions,100139834,100.00,4.51,insn per cycle
10.422243397,375464719,,cycles,100139414,100.00,,
10.522452720,101419,,rD044,100040995,100.00,,
10.522452720,754060,,rFF44,100040775,100.00,,
10.522452720,1720278092,,instructions,100040835,100.00,4.59,insn per cycle
10.522452720,375099035,,cycles,100042025,100.00,,
10.622663524,96027,,rD044,100162814,100.00,,
10.622663524,738206,,rFF44,100162944,100.00,,
10.622663524,1705474492,,instructions,100162684,100.00,4.54,insn per cycle
10.622663524,375559442,,cycles,100162095,100.00,,
10.722892108,107483,,rD044,100177394,100.00,,
10.722892108,740473,,rFF44,100177294,100.00,,
10.722892108,1727329150,,instructions,100177104,100.00,4.60,insn per cycle
10.722892108,375611926,,cycles,100177773,100.00,,
10.823103151,96533,,rD044,100160305,100.00,,
10.823103151,751803,,rFF44,100161495,100.00,,
10.823103151,1690497870,,instructions,100162535,100.00,4.50,insn per cycle
10.823103151,375557207,,cycles,100161855,100.00,,
10.923314855,104109,,rD044,100164765,100.00,,
10.923314855,736654,,rFF44,100163815,100.00,,
10.923314855,1709033662,,instructions,100163045,100.00,4.55,insn per cycle
10.923314855,375565390,,cycles,100163065,100.00,,
11.023525878,101174,,rD044,100152034,100.00,,
11.023525878,745499,,rFF44,100152204,100.00,,
11.023525878,1703391916,,instructions,100152254,100.00,4.54,insn per cycle
11.023525878,375514664,,cycles,100152084,100.00,,
11.123751272,96745,,rD044,100180975,100.00,,
11.123751272,746848,,rFF44,100181175,100.00,,
11.123751272,1709806028,,instructions,100181235,100.00,4.55,insn per cycle
11.123751272,375634192,,cycles,100181155,100.00,,
11.223964285,109471,,rD044,100154144,100.00,,
11.223964285,733525,,rFF44,100154674,100.00,,
11.223964285,1700253950,,instructions,100154014,100.00,4.53,insn per cycle
11.223964285,375510569,,cycles,100154334,100.00,,
11.324182529,97952,,rD044,100166295,100.00,,
11.324182529,755066,,rFF44,100165465,100.00,,
11.324182529,1670158986,,instructions,100165845,100.00,4.45,insn per cycle
11.324182529,375566473,,cycles,100165865,100.00,,
11.424391842,99275,,rD044,100136134,100.00,,
11.424391842,697736,,rFF44,100136294,100.00,,
11.424391842,1674758523,,instructions,100136204,100.00,4.46,insn per cycle
11.424391842,375455593,,cycles,100137194,100.00,,
11.524603276,104016,,rD044,100164035,100.00,,
11.524603276,741067,,rFF44,100164235,100.00,,
11.524603276,1672853240,,instructions,100164255,100.00,4.45,insn per cycle
11.524603276,375565848,,cycles,100163445,100.00,,
11.624813489,96192,,rD044,100042235,100.00,,
11.624813489,740059,,rFF44,100041335,100.00,,
11.624813489,1671822352,,instructions,100041255,100.00,4.46,insn per cycle
11.624813489,375093453,,cycles,100040695,100.00,,
11.725036673,106906,,rD044,100174835,100.00,,
11.725036673,728754,,rFF44,100175395,100.00,,
11.725036673,1689872246,,instructions,100175365,100.00,4.50,insn per cycle
11.725036673,375606247,,cycles,100175515,100.00,,
11.825244416,96922,,rD044,100152544,100.00,,
11.825244416,759589,,rFF44,100152574,100.00,,
11.825244416,1691035492,,instructions,100152224,100.00,4.50,insn per cycle
11.825244416,375522315,,cycles,100152464,100.00,,
11.925455910,71506,,rD044,100163804,100.00,,
11.925455910,703933,,rFF44,100163984,100.00,,
11.925455910,1697168782,,instructions,100164624,100.00,4.52,insn per cycle
11.925455910,375569940,,cycles,100164624,100.00,,
12.025666833,107865,,rD044,100162925,100.00,,
12.025666833,742872,,rFF44,100162235,100.00,,
12.025666833,1692400831,,instructions,100161825,100.00,4.51,insn per cycle
12.025666833,375562204,,cycles,100162195,100.00,,
12.125892927,96811,,rD044,100180205,100.00,,
12.125892927,747167,,rFF44,100180675,100.00,,
12.125892927,1685555652,,instructions,100180725,100.00,4.49,insn per cycle
12.125892927,375628575,,cycles,100180315,100.00,,
12.226103381,106812,,rD044,100147294,100.00,,
12.226103381,730154,,rFF44,100147884,100.00,,
12.226103381,1696457325,,instructions,100147834,100.00,4.52,insn per cycle
12.226103381,375496760,,cycles,100148784,100.00,,
12.326318784,99025,,rD044,100164764,100.00,,
12.326318784,750657,,rFF44,100163824,100.00,,
12.326318784,1684812546,,instructions,100163714,100.00,4.49,insn per cycle
12.326318784,375566403,,cycles,100163824,100.00,,
12.426530338,98700,,rD044,100140945,100.00,,
12.426530338,733471,,rFF44,100141615,100.00,,
12.426530338,1689874006,,instructions,100141905,100.00,4.50,insn per cycle
12.426530338,375472493,,cycles,100140635,100.00,,
12.526742431,107488,,rD044,100164753,100.00,,
12.526742431,733323,,rFF44,100164493,100.00,,
12.526742431,1676256361,,instructions,100165143,100.00,4.46,insn per cycle
12.526742431,375572308,,cycles,100165083,100.00,,
12.626950965,93623,,rD044,100038215,100.00,,
12.626950965,714931,,rFF44,100038065,100.00,,
12.626950965,1676884546,,instructions,100037255,100.00,4.47,insn per cycle
12.626950965,375082839,,cycles,100037765,100.00,,
12.727160138,104266,,rD044,100159935,100.00,,
12.727160138,730950,,rFF44,100159795,100.00,,
12.727160138,1676619416,,instructions,100160745,100.00,4.46,insn per cycle
12.727160138,375556797,,cycles,100161195,100.00,,
12.827373251,100835,,rD044,100163732,100.00,,
12.827373251,747922,,rFF44,100164202,100.00,,
12.827373251,1676473445,,instructions,100163272,100.00,4.46,insn per cycle
12.827373251,375557057,,cycles,100162362,100.00,,
12.927581815,97372,,rD044,100160405,100.00,,
12.927581815,733379,,rFF44,100160195,100.00,,
12.927581815,1677489994,,instructions,100160495,100.00,4.47,insn per cycle
12.927581815,375553428,,cycles,100160725,100.00,,
13.027792189,104888,,rD044,100162745,100.00,,
13.027792189,731205,,rFF44,100162855,100.00,,
13.027792189,1677759434,,instructions,100162835,100.00,4.47,insn per cycle
13.027792189,375565052,,cycles,100163615,100.00,,
13.128003582,64141,,rD044,100162215,100.00,,
13.128003582,720155,,rFF44,100162215,100.00,,
13.128003582,1680408075,,instructions,100162345,100.00,4.47,insn per cycle
13.128003582,375559777,,cycles,100161385,100.00,,
13.228212355,106647,,rD044,100150205,100.00,,
13.228212355,725383,,rFF44,100150115,100.00,,
13.228212355,1669099331,,instructions,100150165,100.00,4.44,insn per cycle
13.228212355,375501279,,cycles,100150005,100.00,,
13.328421259,103755,,rD044,100158034,100.00,,
13.328421259,747659,,rFF44,100158464,100.00,,
13.328421259,1719585142,,instructions,100158024,100.00,4.58,insn per cycle
13.328421259,375542832,,cycles,100157814,100.00,,
13.428629812,94174,,rD044,100135005,100.00,,
13.428629812,736333,,rFF44,100134305,100.00,,
13.428629812,1669072750,,instructions,100135215,100.00,4.45,insn per cycle
13.428629812,375445381,,cycles,100135275,100.00,,
13.528857786,107608,,rD044,100063234,100.00,,
13.528857786,727329,,rFF44,100062974,100.00,,
13.528857786,1666723754,,instructions,100062344,100.00,4.44,insn per cycle
13.528857786,375179011,,cycles,100062924,100.00,,
13.629079770,97153,,rD044,100172935,100.00,,
13.629079770,751780,,rFF44,100173515,100.00,,
13.629079770,1670183407,,instructions,100173225,100.00,4.45,insn per cycle
13.629079770,375602854,,cycles,100173105,100.00,,
13.729289433,99116,,rD044,100162645,100.00,,
13.729289433,696405,,rFF44,100162725,100.00,,
13.729289433,1683682550,,instructions,100162755,100.00,4.48,insn per cycle
13.729289433,375563719,,cycles,100162505,100.00,,
13.829499977,103033,,rD044,100160523,100.00,,
13.829499977,736614,,rFF44,100161303,100.00,,
13.829499977,1680492649,,instructions,100161084,100.00,4.47,insn per cycle
13.829499977,375546687,,cycles,100160874,100.00,,
13.929707780,95653,,rD044,100164885,100.00,,
13.929707780,741399,,rFF44,100181595,100.00,,
13.929707780,1666109107,,instructions,100181564,100.00,4.44,insn per cycle
13.929707780,375618575,,cycles,100181934,100.00,,
14.029949524,107426,,rD044,100181215,100.00,,
14.029949524,732423,,rFF44,100163615,100.00,,
14.029949524,1683311621,,instructions,100163675,100.00,4.48,insn per cycle
14.029949524,375565621,,cycles,100163225,100.00,,
14.130158447,96873,,rD044,100163085,100.00,,
14.130158447,759964,,rFF44,100163505,100.00,,
14.130158447,1709039341,,instructions,100163625,100.00,4.55,insn per cycle
14.130158447,375567814,,cycles,100163995,100.00,,
14.230369491,100361,,rD044,100156755,100.00,,
14.230369491,736346,,rFF44,100156935,100.00,,
14.230369491,1717950199,,instructions,100156735,100.00,4.57,insn per cycle
14.230369491,375526248,,cycles,100157085,100.00,,
14.330580354,108553,,rD044,100160495,100.00,,
14.330580354,743802,,rFF44,100160185,100.00,,
14.330580354,1727067931,,instructions,100160235,100.00,4.60,insn per cycle
14.330580354,375542981,,cycles,100159595,100.00,,
14.430790038,94515,,rD044,100133904,100.00,,
14.430790038,755113,,rFF44,100133714,100.00,,
14.430790038,1721156709,,instructions,100133984,100.00,4.58,insn per cycle
14.430790038,375446934,,cycles,100134064,100.00,,
14.530999411,105206,,rD044,100164445,100.00,,
14.530999411,742180,,rFF44,100164235,100.00,,
14.530999411,1754182796,,instructions,100164355,100.00,4.67,insn per cycle
14.530999411,375569224,,cycles,100164555,100.00,,
14.631208735,97354,,rD044,100044055,100.00,,
14.631208735,760932,,rFF44,100044695,100.00,,
14.631208735,1718748466,,instructions,100044485,100.00,4.58,insn per cycle
14.631208735,375113263,,cycles,100045385,100.00,,
14.731420338,100471,,rD044,100164735,100.00,,
14.731420338,744571,,rFF44,100163985,100.00,,
14.731420338,1732477942,,instructions,100163975,100.00,4.61,insn per cycle
14.731420338,375559682,,cycles,100163095,100.00,,
14.831630082,108057,,rD044,100159425,100.00,,
14.831630082,743302,,rFF44,100160425,100.00,,
14.831630082,1749317056,,instructions,100160565,100.00,4.66,insn per cycle
14.831630082,375549125,,cycles,100161265,100.00,,
14.931857475,93779,,rD044,100178754,100.00,,
14.931857475,762333,,rFF44,100178734,100.00,,
14.931857475,1718913567,,instructions,100179354,100.00,4.58,insn per cycle
14.931857475,375621110,,cycles,100178285,100.00,,
15.032067209,80277,,rD044,100150963,100.00,,
15.032067209,700703,,rFF44,100150443,100.00,,
15.032067209,1710593223,,instructions,100149813,100.00,4.56,insn per cycle
15.032067209,375506361,,cycles,100149862,100.00,,
15.132268132,104239,,rD044,100155805,100.00,,
15.132268132,751619,,rFF44,100156035,100.00,,
15.132268132,1693638676,,instructions,100156145,100.00,4.51,insn per cycle
15.132268132,375538634,,cycles,100155845,100.00,,
15.232477816,99247,,rD044,100161265,100.00,,
15.232477816,736975,,rFF44,100160525,100.00,,
15.232477816,1687210346,,instructions,100160565,100.00,4.49,insn per cycle
15.232477816,375555779,,cycles,100161725,100.00,,
15.332686999,107434,,rD044,100148564,100.00,,
15.332686999,730498,,rFF44,100148564,100.00,,
15.332686999,1683246084,,instructions,100148724,100.00,4.48,insn per cycle
15.332686999,375490538,,cycles,100147874,100.00,,
15.432914413,94702,,rD044,100147294,100.00,,
15.432914413,752971,,rFF44,100147814,100.00,,
15.432914413,1691842195,,instructions,100147415,100.00,4.51,insn per cycle
15.432914413,375488549,,cycles,100147155,100.00,,
15.533152737,104417,,rD044,100188885,100.00,,
15.533152737,729243,,rFF44,100188605,100.00,,
15.533152737,1706924066,,instructions,100188994,100.00,4.54,insn per cycle
15.533152737,375662659,,cycles,100189154,100.00,,
15.633365370,103650,,rD044,100042474,100.00,,
15.633365370,737669,,rFF44,100042724,100.00,,
15.633365370,1665470750,,instructions,100041934,100.00,4.44,insn per cycle
15.633365370,375099989,,cycles,100042504,100.00,,
15.733572164,93995,,rD044,100162105,100.00,,
15.733572164,737227,,rFF44,100161885,100.00,,
15.733572164,1668866763,,instructions,100162525,100.00,4.44,insn per cycle
15.733572164,375560517,,cycles,100162015,100.00,,
15.833780397,104101,,rD044,100160945,100.00,,
15.833780397,690999,,rFF44,100160825,100.00,,
15.833780397,1668397385,,instructions,100160745,100.00,4.44,insn per cycle
15.833780397,375557405,,cycles,100161585,100.00,,
15.933989931,96610,,rD044,100161814,100.00,,
15.933989931,747086,,rFF44,100161944,100.00,,
15.933989931,1666829618,,instructions,100162454,100.00,4.44,insn per cycle
15.933989931,375563196,,cycles,100162544,100.00,,
16.034199944,99992,,rD044,100163644,100.00,,
16.034199944,721651,,rFF44,100163754,100.00,,
16.034199944,1664424189,,instructions,100162954,100.00,4.43,insn per cycle
16.034199944,375560577,,cycles,100162294,100.00,,
16.134408378,104447,,rD044,100162125,100.00,,
16.134408378,722669,,rFF44,100162155,100.00,,
16.134408378,1665344115,,instructions,100162355,100.00,4.43,insn per cycle
16.134408378,375561838,,cycles,100162095,100.00,,
16.234614611,93520,,rD044,100160664,100.00,,
16.234614611,737224,,rFF44,100160584,100.00,,
16.234614611,1660697660,,instructions,100160314,100.00,4.42,insn per cycle
16.234614611,375553894,,cycles,100160694,100.00,,
16.334825165,76966,,rD044,100153194,100.00,,
16.334825165,685651,,rFF44,100152614,100.00,,
16.334825165,1675375412,,instructions,100152564,100.00,4.46,insn per cycle
16.334825165,375508459,,cycles,100152444,100.00,,
16.435032448,100011,,rD044,100133204,100.00,,
16.435032448,751751,,rFF44,100133485,100.00,,
16.435032448,1709718027,,instructions,100134115,100.00,4.55,insn per cycle
16.435032448,375434640,,cycles,100134475,100.00,,
16.535241812,96214,,rD044,100047685,100.00,,
16.535241812,744803,,rFF44,100047494,100.00,,
16.535241812,1730739256,,instructions,100048064,100.00,4.61,insn per cycle
16.535241812,375121958,,cycles,100047364,100.00,,
16.635449575,106768,,rD044,100158065,100.00,,
16.635449575,744059,,rFF44,100158635,100.00,,
16.635449575,1736693532,,instructions,100157565,100.00,4.62,insn per cycle
16.635449575,375543233,,cycles,100157635,100.00,,
16.735659318,94736,,rD044,100164055,100.00,,
16.735659318,765198,,rFF44,100163875,100.00,,
16.735659318,1737654938,,instructions,100164645,100.00,4.63,insn per cycle
16.735659318,375570647,,cycles,100164815,100.00,,
16.835884862,106436,,rD044,100175914,100.00,,
16.835884862,743091,,rFF44,100175724,100.00,,
16.835884862,1739736111,,instructions,100175214,100.00,4.63,insn per cycle
16.835884862,375607552,,cycles,100176144,100.00,,
16.936093196,102206,,rD044,100159274,100.00,,
16.936093196,756524,,rFF44,100159654,100.00,,
16.936093196,1736603915,,instructions,100159854,100.00,4.62,insn per cycle
16.936093196,375540278,,cycles,100158794,100.00,,
17.036302329,95251,,rD044,100162124,100.00,,
17.036302329,746744,,rFF44,100162214,100.00,,
17.036302329,1725269571,,instructions,100162214,100.00,4.59,insn per cycle
17.036302329,375560605,,cycles,100162544,100.00,,
17.136511962,105586,,rD044,100163704,100.00,,
17.136511962,737478,,rFF44,100163064,100.00,,
17.136511962,1715352871,,instructions,100163554,100.00,4.57,insn per cycle
17.136511962,375564873,,cycles,100163464,100.00,,
17.236755406,95013,,rD044,100198584,100.00,,
17.236755406,757264,,rFF44,100199344,100.00,,
17.236755406,1713210067,,instructions,100198904,100.00,4.56,insn per cycle
17.236755406,375698391,,cycles,100198734,100.00,,
17.336964600,103387,,rD044,100152284,100.00,,
17.336964600,722119,,rFF44,100151954,100.00,,
17.336964600,1678905920,,instructions,100151854,100.00,4.47,insn per cycle
17.336964600,375507301,,cycles,100151884,100.00,,
17.437201594,102447,,rD044,100162235,100.00,,
17.437201594,730603,,rFF44,100162085,100.00,,
17.437201594,1651310293,,instructions,100161725,100.00,4.40,insn per cycle
17.437201594,375542064,,cycles,100161665,100.00,,
17.537410357,93984,,rD044,100162965,100.00,,
17.537410357,731696,,rFF44,100162835,100.00,,
17.537410357,1648196137,,instructions,100162905,100.00,4.39,insn per cycle
17.537410357,375564453,,cycles,100162975,100.00,,
17.637623991,109467,,rD044,100048083,100.00,,
17.637623991,683899,,rFF44,100048603,100.00,,
17.637623991,1648420831,,instructions,100048913,100.00,4.39,insn per cycle
17.637623991,375128162,,cycles,100049163,100.00,,
17.737833684,97835,,rD044,100164315,100.00,,
17.737833684,739192,,rFF44,100164465,100.00,,
17.737833684,1650957894,,instructions,100164295,100.00,4.40,insn per cycle
17.737833684,375568111,,cycles,100164675,100.00,,
17.838043318,99473,,rD044,100160654,100.00,,
17.838043318,729338,,rFF44,100160454,100.00,,
17.838043318,1666313258,,instructions,100160614,100.00,4.44,insn per cycle
17.838043318,375547431,,cycles,100160204,100.00,,
17.938256411,105059,,rD044,100162865,100.00,,
17.938256411,730973,,rFF44,100162165,100.00,,
17.938256411,1667021061,,instructions,100161655,100.00,4.44,insn per cycle
17.938256411,375552407,,cycles,100161915,100.00,,
18.038466875,64119,,rD044,98981510,100.00,,
18.038466875,708205,,rFF44,98981580,100.00,,
18.038466875,1651211633,,instructions,98982360,100.00,4.45,insn per cycle
18.038466875,371120955,,cycles,98982090,100.00,,
18.138675638,110398,,rD044,100164043,100.00,,
18.138675638,729931,,rFF44,100164173,100.00,,
18.138675638,1666207972,,instructions,100163823,100.00,4.44,insn per cycle
18.138675638,375568953,,cycles,100164263,100.00,,
18.238897102,101188,,rD044,100175075,100.00,,
18.238897102,742786,,rFF44,100175325,100.00,,
18.238897102,1666975824,,instructions,100175815,100.00,4.44,insn per cycle
18.238897102,375613193,,cycles,100175785,100.00,,
18.339106785,97306,,rD044,100153765,100.00,,
18.339106785,733629,,rFF44,100154415,100.00,,
18.339106785,1665696773,,instructions,100154045,100.00,4.44,insn per cycle
18.339106785,375513866,,cycles,100153385,100.00,,
18.439319649,104463,,rD044,100137195,100.00,,
18.439319649,723788,,rFF44,100136585,100.00,,
18.439319649,1662582422,,instructions,100136905,100.00,4.43,insn per cycle
18.439319649,375451248,,cycles,100137655,100.00,,
18.539535322,95375,,rD044,100049124,100.00,,
18.539535322,713483,,rFF44,100049514,100.00,,
18.539535322,1659390281,,instructions,100049584,100.00,4.42,insn per cycle
18.539535322,375122959,,cycles,100049084,100.00,,
18.639747786,105175,,rD044,100166554,100.00,,
18.639747786,724955,,rFF44,100165784,100.00,,
18.639747786,1652606047,,instructions,100165194,100.00,4.40,insn per cycle
18.639747786,375569791,,cycles,100164625,100.00,,
18.739956479,101430,,rD044,100162285,100.00,,
18.739956479,729662,,rFF44,100162675,100.00,,
18.739956479,1648796615,,instructions,100162745,100.00,4.39,insn per cycle
18.739956479,375562515,,cycles,100163384,100.00,,
18.840165403,94384,,rD044,100162285,100.00,,
18.840165403,734908,,rFF44,100162125,100.00,,
18.840165403,1657566199,,instructions,100162725,100.00,4.41,insn per cycle
18.840165403,375561140,,cycles,100163045,100.00,,
18.940379436,79199,,rD044,100161805,100.00,,
18.940379436,688485,,rFF44,100161905,100.00,,
18.940379436,1674197795,,instructions,100161065,100.00,4.46,insn per cycle
18.940379436,375553733,,cycles,100160725,100.00,,
19.040591570,95844,,rD044,100145825,100.00,,
19.040591570,740820,,rFF44,100146305,100.00,,
19.040591570,1656856622,,instructions,100146435,100.00,4.41,insn per cycle
19.040591570,375486295,,cycles,100146565,100.00,,
19.140800453,98746,,rD044,100160464,100.00,,
19.140800453,720570,,rFF44,100159924,100.00,,
19.140800453,1655392251,,instructions,100160244,100.00,4.41,insn per cycle
19.140800453,375553269,,cycles,100160215,100.00,,
19.241027157,106611,,rD044,100177944,100.00,,
19.241027157,722373,,rFF44,100177794,100.00,,
19.241027157,1657249675,,instructions,100178334,100.00,4.41,insn per cycle
19.241027157,375620095,,cycles,100178483,100.00,,
19.341238870,95212,,rD044,100163704,100.00,,
19.341238870,735069,,rFF44,100164364,100.00,,
19.341238870,1668966687,,instructions,100163464,100.00,4.44,insn per cycle
19.341238870,375566732,,cycles,100163354,100.00,,
19.441450664,104001,,rD044,100125744,100.00,,
19.441450664,695537,,rFF44,100125674,100.00,,
19.441450664,1691802176,,instructions,100126514,100.00,4.51,insn per cycle
19.441450664,375392694,,cycles,100126104,100.00,,
19.541661457,99518,,rD044,100160675,100.00,,
19.541661457,751204,,rFF44,100161035,100.00,,
19.541661457,1690722811,,instructions,100160135,100.00,4.50,insn per cycle
19.541661457,375552794,,cycles,100160855,100.00,,
19.641892551,98446,,rD044,100056884,100.00,,
19.641892551,733582,,rFF44,100056474,100.00,,
19.641892551,1685468275,,instructions,100056574,100.00,4.49,insn per cycle
19.641892551,375154516,,cycles,100056184,100.00,,
19.742103355,106657,,rD044,100162663,100.00,,
19.742103355,724199,,rFF44,100162153,100.00,,
19.742103355,1695662760,,instructions,100162613,100.00,4.52,insn per cycle
19.742103355,375561971,,cycles,100162283,100.00,,
19.842312438,93654,,rD044,100164225,100.00,,
19.842312438,746735,,rFF44,100164005,100.00,,
19.842312438,1683449211,,instructions,100163815,100.00,4.48,insn per cycle
19.842312438,375566606,,cycles,100163965,100.00,,
19.942521861,105215,,rD044,100162645,100.00,,
19.942521861,723703,,rFF44,100163215,100.00,,
19.942521861,1678795146,,instructions,100162985,100.00,4.47,insn per cycle
19.942521861,375561802,,cycles,100163465,100.00,,
20.042734885,104466,,rD044,100156734,100.00,,
20.042734885,735814,,rFF44,100156594,100.00,,
20.042734885,1673403225,,instructions,100156754,100.00,4.46,insn per cycle
20.042734885,375534528,,cycles,100157344,100.00,,
20.142946068,63934,,rD044,100165465,100.00,,
20.142946068,700692,,rFF44,100165155,100.00,,
20.142946068,1677331651,,instructions,100164395,100.00,4.47,insn per cycle
20.142946068,375565884,,cycles,100163685,100.00,,
20.243155012,104652,,rD044,100163854,100.00,,
20.243155012,721681,,rFF44,100163894,100.00,,
20.243155012,1671959220,,instructions,100164704,100.00,4.45,insn per cycle
20.243155012,375574916,,cycles,100165434,100.00,,
20.343364155,96166,,rD044,100162834,100.00,,
20.343364155,743532,,rFF44,100162774,100.00,,
20.343364155,1674750795,,instructions,100162474,100.00,4.46,insn per cycle
20.343364155,375558933,,cycles,100161134,100.00,,
20.443573659,100450,,rD044,100127615,100.00,,
20.443573659,725017,,rFF44,100127775,100.00,,
20.443573659,1701314046,,instructions,100127695,100.00,4.53,insn per cycle
20.443573659,375411533,,cycles,100128565,100.00,,
20.543782512,104487,,rD044,100158145,100.00,,
20.543782512,728919,,rFF44,100158155,100.00,,
20.543782512,1701049866,,instructions,100157665,100.00,4.53,insn per cycle
20.543782512,375534160,,cycles,100157335,100.00,,
20.643990776,93296,,rD044,100044035,100.00,,
20.643990776,738093,,rFF44,100044205,100.00,,
20.643990776,1676330332,,instructions,100044795,100.00,4.47,insn per cycle
20.643990776,375114286,,cycles,100045555,100.00,,
20.744201699,108112,,rD044,100164174,100.00,,
20.744201699,723674,,rFF44,100164434,100.00,,
20.744201699,1679762451,,instructions,100164944,100.00,4.47,insn per cycle
20.744201699,375567867,,cycles,100163984,100.00,,
20.844412763,98868,,rD044,100167025,100.00,,
20.844412763,705900,,rFF44,100166795,100.00,,
20.844412763,1670672969,,instructions,100166785,100.00,4.45,insn per cycle
20.844412763,375583350,,cycles,100168025,100.00,,
20.944623466,94842,,rD044,100161024,100.00,,
20.944623466,726087,,rFF44,100160864,100.00,,
20.944623466,1681078185,,instructions,100160484,100.00,4.48,insn per cycle
20.944623466,375543109,,cycles,100159644,100.00,,
21.044833100,106937,,rD044,100160965,100.00,,
21.044833100,719835,,rFF44,100161375,100.00,,
21.044833100,1653263866,,instructions,100161715,100.00,4.40,insn per cycle
21.044833100,375551566,,cycles,100161295,100.00,,
21.145071884,102425,,rD044,100187985,100.00,,
21.145071884,743906,,rFF44,100188365,100.00,,
21.145071884,1668809838,,instructions,100187895,100.00,4.44,insn per cycle
21.145071884,375654874,,cycles,100187895,100.00,,
21.245282087,102831,,rD044,100164494,100.00,,
21.245282087,729089,,rFF44,100163935,100.00,,
21.245282087,1688053428,,instructions,100164305,100.00,4.49,insn per cycle
21.245282087,375569033,,cycles,100164485,100.00,,
21.345491011,69437,,rD044,100161615,100.00,,
21.345491011,704411,,rFF44,100161744,100.00,,
21.345491011,1682542502,,instructions,100161114,100.00,4.48,insn per cycle
21.345491011,375554490,,cycles,100160734,100.00,,
21.445698524,95637,,rD044,100123094,100.00,,
21.445698524,734028,,rFF44,100122664,100.00,,
21.445698524,1687159658,,instructions,100123954,100.00,4.49,insn per cycle
21.445698524,375460120,,cycles,100141774,100.00,,
21.545933568,108505,,rD044,100061024,100.00,,
21.545933568,722436,,rFF44,100061054,100.00,,
21.545933568,1671709087,,instructions,100059754,100.00,4.46,insn per cycle
21.545933568,375098369,,cycles,100042834,100.00,,
21.646143261,95436,,rD044,100163894,100.00,,
21.646143261,748868,,rFF44,100164004,100.00,,
21.646143261,1709435108,,instructions,100164514,100.00,4.55,insn per cycle
21.646143261,375567971,,cycles,100163404,100.00,,
21.746352905,100690,,rD044,100163945,100.00,,
21.746352905,735171,,rFF44,100163705,100.00,,
21.746352905,1742628483,,instructions,100163665,100.00,4.64,insn per cycle
21.746352905,375566187,,cycles,100163765,100.00,,
21.846561628,103660,,rD044,100163674,100.00,,
21.846561628,736276,,rFF44,100164144,100.00,,
21.846561628,1729438809,,instructions,100163544,100.00,4.60,insn per cycle
21.846561628,375566494,,cycles,100163904,100.00,,
21.946772072,94878,,rD044,100160895,100.00,,
21.946772072,749717,,rFF44,100160925,100.00,,
21.946772072,1716444004,,instructions,100161385,100.00,4.57,insn per cycle
21.946772072,375553901,,cycles,100161725,100.00,,
22.046988715,107675,,rD044,100168905,100.00,,
22.046988715,734322,,rFF44,100168775,100.00,,
22.046988715,1718388778,,instructions,100168645,100.00,4.58,insn per cycle
22.046988715,375582156,,cycles,100168565,100.00,,
22.147201139,97967,,rD044,100163435,100.00,,
22.147201139,754096,,rFF44,100163555,100.00,,
22.147201139,1720495486,,instructions,100163695,100.00,4.58,insn per cycle
22.147201139,375564652,,cycles,100163215,100.00,,
22.247409322,121485,,rD044,100162065,100.00,,
22.247409322,730954,,rFF44,100161745,100.00,,
22.247409322,1705645700,,instructions,100162035,100.00,4.54,insn per cycle
22.247409322,375560804,,cycles,100162335,100.00,,
22.347619626,106767,,rD044,100158494,100.00,,
22.347619626,736049,,rFF44,100158514,100.00,,
22.347619626,1718029126,,instructions,100157844,100.00,4.57,insn per cycle
22.347619626,375542504,,cycles,100157504,100.00,,
22.447828819,95354,,rD044,100134315,100.00,,
22.447828819,753279,,rFF44,100134505,100.00,,
22.447828819,1721002751,,instructions,100134715,100.00,4.58,insn per cycle
22.447828819,375441534,,cycles,100135495,100.00,,
22.548036753,104984,,rD044,100160765,100.00,,
22.548036753,732228,,rFF44,100160345,100.00,,
22.548036753,1717301873,,instructions,100160135,100.00,4.57,insn per cycle
22.548036753,375549633,,cycles,100159675,100.00,,
22.648244976,99953,,rD044,100030744,100.00,,
22.648244976,758027,,rFF44,100031174,100.00,,
22.648244976,1732142119,,instructions,100032404,100.00,4.62,insn per cycle
22.648244976,375057494,,cycles,100032284,100.00,,
22.748455260,97528,,rD044,100163065,100.00,,
22.748455260,744937,,rFF44,100162665,100.00,,
22.748455260,1736670995,,instructions,100161385,100.00,4.62,insn per cycle
22.748455260,375554188,,cycles,100160985,100.00,,
22.848664073,108842,,rD044,100163974,100.00,,
22.848664073,734580,,rFF44,100164094,100.00,,
22.848664073,1725188707,,instructions,100164424,100.00,4.59,insn per cycle
22.848664073,375571275,,cycles,100164914,100.00,,
22.948889397,96227,,rD044,100180125,100.00,,
22.948889397,758932,,rFF44,100179925,100.00,,
22.948889397,1720463084,,instructions,100179965,100.00,4.58,insn per cycle
22.948889397,375627261,,cycles,100179455,100.00,,
23.049125070,102582,,rD044,100173624,100.00,,
23.049125070,734330,,rFF44,100173974,100.00,,
23.049125070,1717770824,,instructions,100174584,100.00,4.57,insn per cycle
23.049125070,375593551,,cycles,100175314,100.00,,
23.149334304,100646,,rD044,100159655,100.00,,
23.149334304,747229,,rFF44,100159955,100.00,,
23.149334304,1718677582,,instructions,100159655,100.00,4.58,insn per cycle
23.149334304,375547419,,cycles,100159295,100.00,,
23.249546807,95603,,rD044,100167685,100.00,,
23.249546807,741459,,rFF44,100167175,100.00,,
23.249546807,1704567469,,instructions,100166425,100.00,4.54,insn per cycle
23.249546807,375576501,,cycles,100166475,100.00,,
23.349759411,110571,,rD044,100165704,100.00,,
23.349759411,697148,,rFF44,100165844,100.00,,
23.349759411,1706992369,,instructions,100166904,100.00,4.54,insn per cycle
23.349759411,375579460,,cycles,100166784,100.00,,
23.449969144,96393,,rD044,100132524,100.00,,
23.449969144,756290,,rFF44,100132944,100.00,,
23.449969144,1706387389,,instructions,100132664,100.00,4.55,insn per cycle
23.449969144,375433968,,cycles,100133034,100.00,,
23.550179878,99300,,rD044,100162565,100.00,,
23.550179878,726050,,rFF44,100162705,100.00,,
23.550179878,1700608608,,instructions,100162755,100.00,4.53,insn per cycle
23.550179878,375556949,,cycles,100162875,100.00,,
23.650390581,103163,,rD044,100040074,100.00,,
23.650390581,738373,,rFF44,100040094,100.00,,
23.650390581,1699837619,,instructions,100039544,100.00,4.53,insn per cycle
23.650390581,375083312,,cycles,100039494,100.00,,
23.750600225,94810,,rD044,100162634,100.00,,
23.750600225,746071,,rFF44,100162044,100.00,,
23.750600225,1703294968,,instructions,100162504,100.00,4.54,insn per cycle
23.750600225,375559457,,cycles,100161604,100.00,,
23.850810918,107075,,rD044,100164884,100.00,,
23.850810918,730174,,rFF44,100165255,100.00,,
23.850810918,1703120481,,instructions,100165045,100.00,4.53,insn per cycle
23.850810918,375574478,,cycles,100165715,100.00,,
23.951020272,97447,,rD044,100163325,100.00,,
23.951020272,760653,,rFF44,100163334,100.00,,
23.951020272,1720090184,,instructions,100163604,100.00,4.58,insn per cycle
23.951020272,375565675,,cycles,100163614,100.00,,
24.051233045,99427,,rD044,100161404,100.00,,
24.051233045,742993,,rFF44,100161144,100.00,,
24.051233045,1739533881,,instructions,100160284,100.00,4.63,insn per cycle
24.051233045,375548601,,cycles,100160234,100.00,,
24.151443119,109621,,rD044,100162644,100.00,,
24.151443119,746833,,rFF44,100162524,100.00,,
24.151443119,1735914877,,instructions,100163204,100.00,4.62,insn per cycle
24.151443119,375559096,,cycles,100163044,100.00,,
24.251653022,96716,,rD044,100164735,100.00,,
24.251653022,758238,,rFF44,100165115,100.00,,
24.251653022,1726509668,,instructions,100165045,100.00,4.60,insn per cycle
24.251653022,375574514,,cycles,100165495,100.00,,
24.351878596,107344,,rD044,100179624,100.00,,
24.351878596,741424,,rFF44,100179244,100.00,,
24.351878596,1729599132,,instructions,100179664,100.00,4.60,insn per cycle
24.351878596,375624216,,cycles,100179154,100.00,,
24.452088329,100363,,rD044,100139474,100.00,,
24.452088329,761210,,rFF44,100139794,100.00,,
24.452088329,1730495063,,instructions,100139654,100.00,4.61,insn per cycle
24.452088329,375465559,,cycles,100140164,100.00,,
24.552298083,96543,,rD044,100033984,100.00,,
24.552298083,741075,,rFF44,100033884,100.00,,
24.552298083,1716725804,,instructions,100034034,100.00,4.58,insn per cycle
24.552298083,375053031,,cycles,100033504,100.00,,
24.652507886,106810,,rD044,100160855,100.00,,
24.652507886,735597,,rFF44,100160955,100.00,,
24.652507886,1719632652,,instructions,100160405,100.00,4.58,insn per cycle
24.652507886,375545849,,cycles,100160555,100.00,,
24.752715720,95465,,rD044,100180515,100.00,,
24.752715720,758143,,rFF44,100180625,100.00,,
24.752715720,1721051120,,instructions,100180935,100.00,4.58,insn per cycle
24.752715720,375632369,,cycles,100181035,100.00,,
24.852944934,105089,,rD044,100164795,100.00,,
24.852944934,733195,,rFF44,100164875,100.00,,
24.852944934,1713919152,,instructions,100164245,100.00,4.56,insn per cycle
24.852944934,375569706,,cycles,100164425,100.00,,
24.953182407,101030,,rD044,100189515,100.00,,
24.953182407,748815,,rFF44,100188745,100.00,,
24.953182407,1720202976,,instructions,100189065,100.00,4.58,insn per cycle
24.953182407,375659572,,cycles,100188245,100.00,,
25.053391291,95347,,rD044,100161094,100.00,,
25.053391291,744178,,rFF44,100161784,100.00,,
25.053391291,1716317543,,instructions,100161794,100.00,4.57,insn per cycle
25.053391291,375554899,,cycles,100162044,100.00,,
25.153604605,107723,,rD044,100163165,100.00,,
25.153604605,735335,,rFF44,100163105,100.00,,
25.153604605,1710660663,,instructions,100162635,100.00,4.56,insn per cycle
25.153604605,375552393,,cycles,100162745,100.00,,
25.253813651,95826,,rD044,100161105,100.00,,
25.253813651,762222,,rFF44,100160405,100.00,,
25.253813651,1730497791,,instructions,100161435,100.00,4.61,insn per cycle
25.253813651,375558464,,cycles,100161605,100.00,,
25.354024817,102289,,rD044,100164085,100.00,,
25.354024817,742023,,rFF44,100164275,100.00,,
25.354024817,1729768269,,instructions,100164715,100.00,4.61,insn per cycle
25.354024817,375573372,,cycles,100165175,100.00,,
25.454237063,103147,,rD044,100138824,100.00,,
25.454237063,745841,,rFF44,100138954,100.00,,
25.454237063,1720276517,,instructions,100138094,100.00,4.58,insn per cycle
25.454237063,375456658,,cycles,100137934,100.00,,
25.554446079,94741,,rD044,100152443,100.00,,
25.554446079,748863,,rFF44,100152113,100.00,,
25.554446079,1713413049,,instructions,100152583,100.00,4.56,insn per cycle
25.554446079,375511426,,cycles,100152113,100.00,,
25.654657304,106745,,rD044,100039734,100.00,,
25.654657304,733820,,rFF44,100040784,100.00,,
25.654657304,1711921798,,instructions,100040234,100.00,4.56,insn per cycle
25.654657304,375087568,,cycles,100040264,100.00,,
25.754887631,97154,,rD044,100183075,100.00,,
25.754887631,758661,,rFF44,100182405,100.00,,
25.754887631,1713725562,,instructions,100182065,100.00,4.56,insn per cycle
25.754887631,375637485,,cycles,100182825,100.00,,
25.855098326,98674,,rD044,100165745,100.00,,
25.855098326,728238,,rFF44,100165735,100.00,,
25.855098326,1708694203,,instructions,100165815,100.00,4.55,insn per cycle
25.855098326,375573818,,cycles,100165665,100.00,,
25.955308542,105057,,rD044,100164725,100.00,,
25.955308542,732821,,rFF44,100164865,100.00,,
25.955308542,1715270327,,instructions,100165315,100.00,4.57,insn per cycle
25.955308542,375570459,,cycles,100164415,100.00,,
26.055519248,93986,,rD044,100165184,100.00,,
26.055519248,749957,,rFF44,100164684,100.00,,
26.055519248,1716331254,,instructions,100164524,100.00,4.57,insn per cycle
26.055519248,375575042,,cycles,100165594,100.00,,
26.155745344,107327,,rD044,100180075,100.00,,
26.155745344,731606,,rFF44,100180935,100.00,,
26.155745344,1711706606,,instructions,100181675,100.00,4.56,insn per cycle
26.155745344,375628997,,cycles,100180825,100.00,,
26.255956870,102099,,rD044,100157355,100.00,,
26.255956870,753963,,rFF44,100156965,100.00,,
26.255956870,1719933380,,instructions,100156335,100.00,4.58,insn per cycle
26.255956870,375531934,,cycles,100157295,100.00,,
26.356168626,95908,,rD044,100163015,100.00,,
26.356168626,741136,,rFF44,100162715,100.00,,
26.356168626,1720465279,,instructions,100163285,100.00,4.58,insn per cycle
26.356168626,375561922,,cycles,100162545,100.00,,
26.456378302,105171,,rD044,100138364,100.00,,
26.456378302,734397,,rFF44,100138524,100.00,,
26.456378302,1716593263,,instructions,100138484,100.00,4.57,insn per cycle
26.456378302,375460588,,cycles,100138994,100.00,,
26.556590598,94057,,rD044,100046204,100.00,,
26.556590598,758423,,rFF44,100046444,100.00,,
26.556590598,1729001684,,instructions,100047434,100.00,4.61,insn per cycle
26.556590598,375119730,,cycles,100047074,100.00,,
26.656802814,105788,,rD044,100162714,100.00,,
26.656802814,736050,,rFF44,100162274,100.00,,
26.656802814,1732979177,,instructions,100161054,100.00,4.61,insn per cycle
26.656802814,375551767,,cycles,100161094,100.00,,
26.757010420,102870,,rD044,100157804,100.00,,
26.757010420,750434,,rFF44,100158284,100.00,,
26.757010420,1725880126,,instructions,100158084,100.00,4.60,insn per cycle
26.757010420,375538937,,cycles,100157724,100.00,,
26.857249316,91251,,rD044,100192485,100.00,,
26.857249316,751966,,rFF44,100192175,100.00,,
26.857249316,1728888048,,instructions,100192175,100.00,4.60,insn per cycle
26.857249316,375671911,,cycles,100192385,100.00,,
26.957459892,109511,,rD044,100155245,100.00,,
26.957459892,740957,,rFF44,100155505,100.00,,
26.957459892,1727996635,,instructions,100155585,100.00,4.60,insn per cycle
26.957459892,375527927,,cycles,100155575,100.00,,
27.057671267,96919,,rD044,100165214,100.00,,
27.057671267,763602,,rFF44,100164904,100.00,,
27.057671267,1726316978,,instructions,100164874,100.00,4.60,insn per cycle
27.057671267,375572123,,cycles,100165194,100.00,,
27.157910114,105284,,rD044,100192135,100.00,,
27.157910114,740817,,rFF44,100192465,100.00,,
27.157910114,1718945040,,instructions,100192065,100.00,4.58,insn per cycle
27.157910114,375666965,,cycles,100192065,100.00,,
27.258108439,102182,,rD044,100147444,100.00,,
27.258108439,737110,,rFF44,100147594,100.00,,
27.258108439,1690908802,,instructions,100147454,100.00,4.50,insn per cycle
27.258108439,375502207,,cycles,100147734,100.00,,
27.358320405,95690,,rD044,100167304,100.00,,
27.358320405,744224,,rFF44,100166484,100.00,,
27.358320405,1694174478,,instructions,100167304,100.00,4.51,insn per cycle
27.358320405,375575350,,cycles,100166374,100.00,,
27.458531971,78948,,rD044,100138614,100.00,,
27.458531971,695747,,rFF44,100139964,100.00,,
27.458531971,1697330524,,instructions,100139844,100.00,4.52,insn per cycle
27.458531971,375471634,,cycles,100140734,100.00,,
27.558744927,97324,,rD044,100046264,100.00,,
27.558744927,754360,,rFF44,100045504,100.00,,
27.558744927,1689918717,,instructions,100045184,100.00,4.51,insn per cycle
27.558744927,375110907,,cycles,100044454,100.00,,
27.658954753,97364,,rD044,100162274,100.00,,
27.658954753,732938,,rFF44,100162214,100.00,,
27.658954753,1691750403,,instructions,100162144,100.00,4.50,insn per cycle
27.658954753,375557570,,cycles,100162504,100.00,,
27.759167759,105565,,rD044,100165444,100.00,,
27.759167759,725777,,rFF44,100165554,100.00,,
27.759167759,1697645613,,instructions,100165914,100.00,4.52,insn per cycle
27.759167759,375567571,,cycles,100165364,100.00,,
27.859378495,95537,,rD044,100162715,100.00,,
27.859378495,746268,,rFF44,100162655,100.00,,
27.859378495,1704344752,,instructions,100162655,100.00,4.54,insn per cycle
27.859378495,375556068,,cycles,100162495,100.00,,
27.959588661,106158,,rD044,100163784,100.00,,
27.959588661,727069,,rFF44,100164024,100.00,,
27.959588661,1704257814,,instructions,100164284,100.00,4.54,insn per cycle
27.959588661,375575814,,cycles,100165704,100.00,,
28.059799526,99531,,rD044,100166775,100.00,,
28.059799526,742134,,rFF44,100166585,100.00,,
28.059799526,1701920315,,instructions,100166065,100.00,4.53,insn per cycle
28.059799526,375571690,,cycles,100165125,100.00,,
28.160011122,96488,,rD044,100162485,100.00,,
28.160011122,730758,,rFF44,100162475,100.00,,
28.160011122,1699409657,,instructions,100163165,100.00,4.52,insn per cycle
28.160011122,375562301,,cycles,100163945,100.00,,
28.260223288,107751,,rD044,98978978,100.00,,
28.260223288,722659,,rFF44,98978738,100.00,,
28.260223288,1707217632,,instructions,98977848,100.00,4.60,insn per cycle
28.260223288,371094197,,cycles,98976768,100.00,,
28.360433044,89385,,rD044,100163264,100.00,,
28.360433044,749863,,rFF44,100163354,100.00,,
28.360433044,1735479106,,instructions,100163334,100.00,4.62,insn per cycle
28.360433044,375565315,,cycles,100163574,100.00,,
28.460644020,104324,,rD044,100140115,100.00,,
28.460644020,727652,,rFF44,100140315,100.00,,
28.460644020,1724857707,,instructions,100140325,100.00,4.59,insn per cycle
28.460644020,375471759,,cycles,100140645,100.00,,
28.560871706,103185,,rD044,100180845,100.00,,
28.560871706,742300,,rFF44,100180275,100.00,,
28.560871706,1717272509,,instructions,100180365,100.00,4.57,insn per cycle
28.560871706,375628774,,cycles,100180155,100.00,,
28.661080582,95553,,rD044,100036763,100.00,,
28.661080582,738870,,rFF44,100036903,100.00,,
28.661080582,1711389767,,instructions,100036823,100.00,4.56,insn per cycle
28.661080582,375078075,,cycles,100036983,100.00,,
28.761322938,106857,,rD044,100194835,100.00,,
28.761322938,723674,,rFF44,100195285,100.00,,
28.761322938,1687350716,,instructions,100195175,100.00,4.49,insn per cycle
28.761322938,375680360,,cycles,100194925,100.00,,
28.861532704,94363,,rD044,100161944,100.00,,
28.861532704,747202,,rFF44,100162034,100.00,,
28.861532704,1686405302,,instructions,100162244,100.00,4.49,insn per cycle
28.861532704,375560636,,cycles,100162334,100.00,,
28.961744260,101700,,rD044,100166375,100.00,,
28.961744260,724389,,rFF44,100165875,100.00,,
28.961744260,1685288789,,instructions,100166185,100.00,4.49,insn per cycle
28.961744260,375576960,,cycles,100166165,100.00,,
29.061956106,106703,,rD044,100166195,100.00,,
29.061956106,733182,,rFF44,100166465,100.00,,
29.061956106,1684943175,,instructions,100166905,100.00,4.49,insn per cycle
29.061956106,375580571,,cycles,100167425,100.00,,
29.162167111,93564,,rD044,100164405,100.00,,
29.162167111,703832,,rFF44,100165035,100.00,,
29.162167111,1688048976,,instructions,100164055,100.00,4.49,insn per cycle
29.162167111,375566476,,cycles,100163475,100.00,,
29.262381717,104965,,rD044,100167345,100.00,,
29.262381717,722185,,rFF44,100167045,100.00,,
29.262381717,1681829038,,instructions,100168275,100.00,4.48,insn per cycle
29.262381717,375581019,,cycles,100168435,100.00,,
29.362597043,97622,,rD044,100168104,100.00,,
29.362597043,745031,,rFF44,100168164,100.00,,
29.362597043,1681495828,,instructions,100167224,100.00,4.48,insn per cycle
29.362597043,375578333,,cycles,100167214,100.00,,
29.462808899,98824,,rD044,100138494,100.00,,
29.462808899,737290,,rFF44,100138264,100.00,,
29.462808899,1727571719,,instructions,100138344,100.00,4.60,insn per cycle
29.462808899,375463175,,cycles,100138654,100.00,,
29.563013505,107493,,rD044,100036055,100.00,,
29.563013505,729720,,rFF44,100035315,100.00,,
29.563013505,1712905420,,instructions,100035415,100.00,4.57,insn per cycle
29.563013505,375074508,,cycles,100035575,100.00,,
29.663222681,94173,,rD044,100151525,100.00,,
29.663222681,753116,,rFF44,100152145,100.00,,
29.663222681,1728722600,,instructions,100151835,100.00,4.60,insn per cycle
29.663222681,375506027,,cycles,100150795,100.00,,
29.763433687,105580,,rD044,100159695,100.00,,
29.763433687,732797,,rFF44,100159605,100.00,,
29.763433687,1731865364,,instructions,100160205,100.00,4.61,insn per cycle
29.763433687,375549997,,cycles,100160745,100.00,,
29.863643573,100400,,rD044,100154283,100.00,,
29.863643573,750772,,rFF44,100154393,100.00,,
29.863643573,1727500285,,instructions,100153823,100.00,4.60,insn per cycle
29.863643573,375522938,,cycles,100153523,100.00,,
29.963872409,97110,,rD044,100182655,100.00,,
29.963872409,745573,,rFF44,100182915,100.00,,
29.963872409,1729419354,,instructions,100183215,100.00,4.60,insn per cycle
29.963872409,375642458,,cycles,100183665,100.00,,
30.064081134,107449,,rD044,100162775,100.00,,
30.064081134,735942,,rFF44,100161915,100.00,,
30.064081134,1723189178,,instructions,100161645,100.00,4.59,insn per cycle
30.064081134,375557264,,cycles,100161285,100.00,,
30.164288590,99026,,rD044,100162404,100.00,,
30.164288590,755277,,rFF44,100172014,100.00,,
30.164288590,1717109137,,instructions,100172024,100.00,4.57,insn per cycle
30.164288590,375601873,,cycles,100173084,100.00,,
30.264511866,102531,,rD044,100172695,100.00,,
30.264511866,729466,,rFF44,100164185,100.00,,
30.264511866,1710770900,,instructions,100164085,100.00,4.56,insn per cycle
30.264511866,375562348,,cycles,100163215,100.00,,
30.364735352,102352,,rD044,100169735,100.00,,
30.364735352,740631,,rFF44,100169325,100.00,,
30.364735352,1706009310,,instructions,100169335,100.00,4.54,insn per cycle
30.364735352,375582061,,cycles,100169265,100.00,,
30.464944408,95392,,rD044,100137573,100.00,,
30.464944408,740725,,rFF44,100137343,100.00,,
30.464944408,1710720421,,instructions,100137383,100.00,4.56,insn per cycle
30.464944408,375452126,,cycles,100137413,100.00,,
30.565152634,106585,,rD044,100041224,100.00,,
30.565152634,724234,,rFF44,100040904,100.00,,
30.565152634,1704130145,,instructions,100041534,100.00,4.54,insn per cycle
30.565152634,375101222,,cycles,100042104,100.00,,
30.665380660,96391,,rD044,100174995,100.00,,
30.665380660,749768,,rFF44,100175565,100.00,,
30.665380660,1708254478,,instructions,100175475,100.00,4.55,insn per cycle
30.665380660,375598579,,cycles,100175505,100.00,,
30.765594436,99047,,rD044,100167274,100.00,,
30.765594436,728992,,rFF44,100167114,100.00,,
30.765594436,1703730445,,instructions,100167194,100.00,4.54,insn per cycle
30.765594436,375572196,,cycles,100167164,100.00,,
30.865807322,106314,,rD044,100161645,100.00,,
30.865807322,725536,,rFF44,100161345,100.00,,
30.865807322,1698849683,,instructions,100160865,100.00,4.52,insn per cycle
30.865807322,375549921,,cycles,100160335,100.00,,
30.966016088,94492,,rD044,100153114,100.00,,
30.966016088,745396,,rFF44,100153254,100.00,,
30.966016088,1705371082,,instructions,100153584,100.00,4.54,insn per cycle
30.966016088,375519190,,cycles,100153664,100.00,,
31.066227744,104072,,rD044,100163565,100.00,,
31.066227744,721174,,rFF44,100163975,100.00,,
31.066227744,1698046361,,instructions,100163495,100.00,4.52,insn per cycle
31.066227744,375567670,,cycles,100163805,100.00,,
31.166436490,98311,,rD044,100163735,100.00,,
31.166436490,741626,,rFF44,100162975,100.00,,
31.166436490,1695789865,,instructions,100162705,100.00,4.52,insn per cycle
31.166436490,375565334,,cycles,100162915,100.00,,
31.266642605,97207,,rD044,100155735,100.00,,
31.266642605,733738,,rFF44,100156505,100.00,,
31.266642605,1707099816,,instructions,100156345,100.00,4.55,insn per cycle
31.266642605,375532327,,cycles,100156185,100.00,,
31.366863101,109351,,rD044,100171465,100.00,,
31.366863101,723329,,rFF44,100171345,100.00,,
31.366863101,1699825485,,instructions,100172615,100.00,4.53,insn per cycle
31.366863101,375591119,,cycles,100171975,100.00,,
31.467072857,65198,,rD044,100134574,100.00,,
31.467072857,714821,,rFF44,100134144,100.00,,
31.467072857,1711276480,,instructions,100133464,100.00,4.56,insn per cycle
31.467072857,375448213,,cycles,100134644,100.00,,
31.567283983,100575,,rD044,100166255,100.00,,
31.567283983,729343,,rFF44,100166325,100.00,,
31.567283983,1714025266,,instructions,100166825,100.00,4.56,insn per cycle
31.567283983,375577017,,cycles,100166005,100.00,,
31.667494649,101721,,rD044,100036463,100.00,,
31.667494649,734271,,rFF44,100036753,100.00,,
31.667494649,1707201197,,instructions,100036113,100.00,4.55,insn per cycle
31.667494649,375070746,,cycles,100036083,100.00,,
31.767703735,95501,,rD044,100160785,100.00,,
31.767703735,747249,,rFF44,100160615,100.00,,
31.767703735,1714521908,,instructions,100178455,100.00,4.56,insn per cycle
31.767703735,375614179,,cycles,100178215,100.00,,
31.869407977,109804,,rD044,101654872,100.00,,
31.869407977,741166,,rFF44,101654762,100.00,,
31.869407977,1729753344,,instructions,101637212,100.00,4.54,insn per cycle
31.869407977,381078610,,cycles,101637572,100.00,,
31.969617723,96733,,rD044,100162744,100.00,,
31.969617723,749023,,rFF44,100162954,100.00,,
31.969617723,1705178914,,instructions,100162934,100.00,4.54,insn per cycle
31.969617723,375562466,,cycles,100162574,100.00,,
32.069827679,99437,,rD044,100164974,100.00,,
32.069827679,734144,,rFF44,100165024,100.00,,
32.069827679,1692438354,,instructions,100165744,100.00,4.51,insn per cycle
32.069827679,375577674,,cycles,100166464,100.00,,
32.170040855,105558,,rD044,100166755,100.00,,
32.170040855,738078,,rFF44,100166805,100.00,,
32.170040855,1686009386,,instructions,100166695,100.00,4.49,insn per cycle
32.170040855,375576627,,cycles,100166715,100.00,,
32.270253571,95221,,rD044,100163344,100.00,,
32.270253571,742512,,rFF44,100163354,100.00,,
32.270253571,1684778777,,instructions,100163024,100.00,4.49,insn per cycle
32.270253571,375555236,,cycles,100162054,100.00,,
32.370464287,105274,,rD044,100162295,100.00,,
32.370464287,727531,,rFF44,100162495,100.00,,
32.370464287,1684189449,,instructions,100163205,100.00,4.48,insn per cycle
32.370464287,375558787,,cycles,100163435,100.00,,
32.470676383,96726,,rD044,100140105,100.00,,
32.470676383,750906,,rFF44,100139445,100.00,,
32.470676383,1695236556,,instructions,100138115,100.00,4.52,insn per cycle
32.470676383,375456975,,cycles,100138245,100.00,,
32.570913859,104516,,rD044,100067175,100.00,,
32.570913859,695774,,rFF44,100067365,100.00,,
32.570913859,1691987144,,instructions,100067365,100.00,4.51,insn per cycle
32.570913859,375195468,,cycles,100067365,100.00,,
32.671124465,105536,,rD044,100156153,100.00,,
32.671124465,727735,,rFF44,100155643,100.00,,
32.671124465,1689319928,,instructions,100155613,100.00,4.50,insn per cycle
32.671124465,375530747,,cycles,100155913,100.00,,
32.771331960,95184,,rD044,100160475,100.00,,
32.771331960,749254,,rFF44,100160685,100.00,,
32.771331960,1699384051,,instructions,100161245,100.00,4.52,insn per cycle
32.771331960,375559374,,cycles,100161915,100.00,,
32.871540566,106060,,rD044,100161255,100.00,,
32.871540566,730386,,rFF44,100161455,100.00,,
32.871540566,1705780432,,instructions,100161955,100.00,4.54,insn per cycle
32.871540566,375551817,,cycles,100160805,100.00,,
32.971749632,100517,,rD044,100161614,100.00,,
32.971749632,743801,,rFF44,100161744,100.00,,
32.971749632,1699590538,,instructions,100161514,100.00,4.53,insn per cycle
32.971749632,375558214,,cycles,100161584,100.00,,
33.071960778,97152,,rD044,100165775,100.00,,
33.071960778,748911,,rFF44,100165565,100.00,,
33.071960778,1756464932,,instructions,100164945,100.00,4.68,insn per cycle
33.071960778,375572225,,cycles,100165085,100.00,,
33.172171244,112836,,rD044,100161814,100.00,,
33.172171244,749981,,rFF44,100162084,100.00,,
33.172171244,1780526101,,instructions,100161954,100.00,4.74,insn per cycle
33.172171244,375561127,,cycles,100161734,100.00,,
33.272381250,95521,,rD044,100165364,100.00,,
33.272381250,802454,,rFF44,100165254,100.00,,
33.272381250,1772461204,,instructions,100165724,100.00,4.72,insn per cycle
33.272381250,375573854,,cycles,100165694,100.00,,
33.372590216,109989,,rD044,100160835,100.00,,
33.372590216,752775,,rFF44,100160825,100.00,,
33.372590216,1759587897,,instructions,100160415,100.00,4.69,insn per cycle
33.372590216,375552832,,cycles,100160875,100.00,,
33.472802472,103421,,rD044,100132565,100.00,,
33.472802472,761524,,rFF44,100132615,100.00,,
33.472802472,1759858610,,instructions,100132725,100.00,4.69,insn per cycle
33.472802472,375431096,,cycles,100132445,100.00,,
33.573013617,95988,,rD044,100045835,100.00,,
33.573013617,752932,,rFF44,100045545,100.00,,
33.573013617,1750977701,,instructions,100045225,100.00,4.67,insn per cycle
33.573013617,375113589,,cycles,100045515,100.00,,
33.673222143,105607,,rD044,100161794,100.00,,
33.673222143,745436,,rFF44,100162654,100.00,,
33.673222143,1751807742,,instructions,100163494,100.00,4.66,insn per cycle
33.673222143,375564507,,cycles,100163044,100.00,,
33.773432869,95054,,rD044,100156375,100.00,,
33.773432869,766912,,rFF44,100156315,100.00,,
33.773432869,1749979837,,instructions,100155765,100.00,4.66,insn per cycle
33.773432869,375527372,,cycles,100155495,100.00,,
33.873643595,109315,,rD044,100161795,100.00,,
33.873643595,748275,,rFF44,100161345,100.00,,
33.873643595,1751857891,,instructions,100162045,100.00,4.66,insn per cycle
33.873643595,375558041,,cycles,100163325,100.00,,
33.973876071,104593,,rD044,100181145,100.00,,
33.973876071,766764,,rFF44,100181285,100.00,,
33.973876071,1763823001,,instructions,100180085,100.00,4.70,insn per cycle
33.973876071,375616006,,cycles,100179235,100.00,,
34.074085127,96374,,rD044,100162805,100.00,,
34.074085127,760518,,rFF44,100163015,100.00,,
34.074085127,1780360157,,instructions,100162905,100.00,4.74,insn per cycle
34.074085127,375564487,,cycles,100163045,100.00,,
34.174295653,106507,,rD044,100162964,100.00,,
34.174295653,755873,,rFF44,100162594,100.00,,
34.174295653,1783271028,,instructions,100162774,100.00,4.75,insn per cycle
34.174295653,375561399,,cycles,100162654,100.00,,
34.274504499,95628,,rD044,100160455,100.00,,
34.274504499,775928,,rFF44,100160875,100.00,,
34.274504499,1778683954,,instructions,100161285,100.00,4.74,insn per cycle
34.274504499,375556271,,cycles,100160945,100.00,,
34.374714374,108478,,rD044,100197815,100.00,,
34.374714374,757086,,rFF44,100198125,100.00,,
34.374714374,1783467692,,instructions,100197675,100.00,4.75,insn per cycle
34.374714374,375691804,,cycles,100198215,100.00,,
34.474990461,102553,,rD044,100167424,100.00,,
34.474990461,771358,,rFF44,100166304,100.00,,
34.474990461,1774524844,,instructions,100166674,100.00,4.73,insn per cycle
34.474990461,375557622,,cycles,100166724,100.00,,
34.575208557,97628,,rD044,100048885,100.00,,
34.575208557,753626,,rFF44,100048915,100.00,,
34.575208557,1758220216,,instructions,100049355,100.00,4.69,insn per cycle
34.575208557,375118289,,cycles,100049055,100.00,,
34.675417343,107638,,rD044,100162635,100.00,,
34.675417343,752528,,rFF44,100163205,100.00,,
34.675417343,1768032026,,instructions,100162845,100.00,4.71,insn per cycle
34.675417343,375564563,,cycles,100163135,100.00,,
34.775627859,96581,,rD044,100152874,100.00,,
34.775627859,770414,,rFF44,100152294,100.00,,
34.775627859,1762206043,,instructions,100153164,100.00,4.69,insn per cycle
34.775627859,375516899,,cycles,100153474,100.00,,
34.875857075,107481,,rD044,100180204,100.00,,
34.875857075,751081,,rFF44,100180334,100.00,,
34.875857075,1766603964,,instructions,100179794,100.00,4.70,insn per cycle
34.875857075,375622020,,cycles,100179904,100.00,,
34.976070931,101714,,rD044,100152785,100.00,,
34.976070931,769020,,rFF44,100153275,100.00,,
34.976070931,1762946161,,instructions,100153035,100.00,4.69,insn per cycle
34.976070931,375507541,,cycles,100152465,100.00,,
35.076269426,97312,,rD044,100149285,100.00,,
35.076269426,757425,,rFF44,100149245,100.00,,
35.076269426,1757116600,,instructions,100149135,100.00,4.68,insn per cycle
35.076269426,375509649,,cycles,100148765,100.00,,
35.176478662,107214,,rD044,100163415,100.00,,
35.176478662,755476,,rFF44,100163085,100.00,,
35.176478662,1770091591,,instructions,100163165,100.00,4.71,insn per cycle
35.176478662,375566472,,cycles,100163745,100.00,,
35.276684518,95898,,rD044,100160155,100.00,,
35.276684518,773239,,rFF44,100160025,100.00,,
35.276684518,1770523126,,instructions,100160065,100.00,4.71,insn per cycle
35.276684518,375550382,,cycles,100159485,100.00,,
35.376901504,134424,,rD044,100168674,100.00,,
35.376901504,780356,,rFF44,100169434,100.00,,
35.376901504,1756619743,,instructions,100169834,100.00,4.68,insn per cycle
35.376901504,375586685,,cycles,100171054,100.00,,
35.477114190,104546,,rD044,100139355,100.00,,
35.477114190,776755,,rFF44,100138905,100.00,,
35.477114190,1756831740,,instructions,100138335,100.00,4.68,insn per cycle
35.477114190,375448978,,cycles,100137385,100.00,,
35.577325176,99751,,rD044,100041745,100.00,,
35.577325176,759274,,rFF44,100041965,100.00,,
35.577325176,1755818985,,instructions,100041565,100.00,4.68,insn per cycle
35.577325176,375096400,,cycles,100042245,100.00,,
35.677535572,111147,,rD044,100164704,100.00,,
35.677535572,759595,,rFF44,100164414,100.00,,
35.677535572,1759521556,,instructions,100164884,100.00,4.68,insn per cycle
35.677535572,375569838,,cycles,100164634,100.00,,
35.777746798,95987,,rD044,100155255,100.00,,
35.777746798,770045,,rFF44,100155415,100.00,,
35.777746798,1744709954,,instructions,100156615,100.00,4.65,insn per cycle
35.777746798,375527544,,cycles,100155955,100.00,,
35.877958493,105249,,rD044,100164133,100.00,,
35.877958493,749051,,rFF44,100164373,100.00,,
35.877958493,1734525487,,instructions,100163213,100.00,4.62,insn per cycle
35.877958493,375561746,,cycles,100163313,100.00,,
35.978167929,68917,,rD044,100164355,100.00,,
35.978167929,738227,,rFF44,100164765,100.00,,
35.978167929,1740852333,,instructions,100164645,100.00,4.64,insn per cycle
35.978167929,375568211,,cycles,100164825,100.00,,
36.078379515,102097,,rD044,100164245,100.00,,
36.078379515,752127,,rFF44,100162845,100.00,,
36.078379515,1735624709,,instructions,100163185,100.00,4.62,insn per cycle
36.078379515,375566907,,cycles,100163965,100.00,,
36.178590901,113424,,rD044,100164655,100.00,,
36.178590901,750497,,rFF44,100165025,100.00,,
36.178590901,1735460850,,instructions,100164645,100.00,4.62,insn per cycle
36.178590901,375567238,,cycles,100163725,100.00,,
36.278799737,96344,,rD044,100161874,100.00,,
36.278799737,761045,,rFF44,100162064,100.00,,
36.278799737,1748270580,,instructions,100161794,100.00,4.66,insn per cycle
36.278799737,375561424,,cycles,100162554,100.00,,
36.379039863,106429,,rD044,100194554,100.00,,
36.379039863,749508,,rFF44,100194575,100.00,,
36.379039863,1766615310,,instructions,100195025,100.00,4.70,insn per cycle
36.379039863,375681748,,cycles,100194175,100.00,,
36.479247429,128828,,rD044,100134565,100.00,,
36.479247429,807495,,rFF44,100134584,100.00,,
36.479247429,1761789258,,instructions,100135024,100.00,4.69,insn per cycle
36.479247429,375444593,,cycles,100135684,100.00,,
36.579455765,103851,,rD044,100040864,100.00,,
36.579455765,752677,,rFF44,100040774,100.00,,
36.579455765,1764765534,,instructions,100039784,100.00,4.70,insn per cycle
36.579455765,375089267,,cycles,100039624,100.00,,
36.679664991,108974,,rD044,100158685,100.00,,
36.679664991,756982,,rFF44,100159405,100.00,,
36.679664991,1777721894,,instructions,100159655,100.00,4.73,insn per cycle
36.679664991,375549399,,cycles,100159115,100.00,,
36.779909017,95842,,rD044,100192934,100.00,,
36.779909017,771715,,rFF44,100192874,100.00,,
36.779909017,1811630904,,instructions,100193184,100.00,4.82,insn per cycle
36.779909017,375668207,,cycles,100193304,100.00,,
36.880119633,109717,,rD044,100165445,100.00,,
36.880119633,755903,,rFF44,100165425,100.00,,
36.880119633,1807507231,,instructions,100165715,100.00,4.81,insn per cycle
36.880119633,375576293,,cycles,100165495,100.00,,
36.980333389,96730,,rD044,100165484,100.00,,
36.980333389,759708,,rFF44,100166044,100.00,,
36.980333389,1704611620,,instructions,100165294,100.00,4.54,insn per cycle
36.980333389,375567162,,cycles,100165564,100.00,,
37.080541964,101126,,rD044,100157465,100.00,,
37.080541964,730498,,rFF44,100156865,100.00,,
37.080541964,1693300294,,instructions,100156635,100.00,4.51,insn per cycle
37.080541964,375540170,,cycles,100157945,100.00,,
37.180751730,106781,,rD044,100164464,100.00,,
37.180751730,745708,,rFF44,100164244,100.00,,
37.180751730,1706315502,,instructions,100164814,100.00,4.54,insn per cycle
37.180751730,375564474,,cycles,100163124,100.00,,
37.280961816,95413,,rD044,100163955,100.00,,
37.280961816,748533,,rFF44,100163995,100.00,,
37.280961816,1700802693,,instructions,100164325,100.00,4.53,insn per cycle
37.280961816,375570546,,cycles,100165015,100.00,,
37.381173712,105319,,rD044,100168075,100.00,,
37.381173712,734799,,rFF44,100167595,100.00,,
37.381173712,1713551477,,instructions,100167445,100.00,4.56,insn per cycle
37.381173712,375580106,,cycles,100167235,100.00,,
37.481386598,66758,,rD044,100141133,100.00,,
37.481386598,727154,,rFF44,100141413,100.00,,
37.481386598,1726655109,,instructions,100140943,100.00,4.60,insn per cycle
37.481386598,375463033,,cycles,100140553,100.00,,
37.581595934,102226,,rD044,100039605,100.00,,
37.581595934,736235,,rFF44,100040095,100.00,,
37.581595934,1730613111,,instructions,100039715,100.00,4.61,insn per cycle
37.581595934,375081513,,cycles,100040285,100.00,,
37.681808610,107376,,rD044,100165425,100.00,,
37.681808610,748994,,rFF44,100164935,100.00,,
37.681808610,1731602589,,instructions,100166115,100.00,4.61,insn per cycle
37.681808610,375572770,,cycles,100165625,100.00,,
37.782021476,94646,,rD044,100159774,100.00,,
37.782021476,761352,,rFF44,100160294,100.00,,
37.782021476,1733638017,,instructions,100159204,100.00,4.62,insn per cycle
37.782021476,375542078,,cycles,100159524,100.00,,
37.882230912,108010,,rD044,100163275,100.00,,
37.882230912,741908,,rFF44,100162965,100.00,,
37.882230912,1730657851,,instructions,100162995,100.00,4.61,insn per cycle
37.882230912,375565431,,cycles,100163275,100.00,,
37.982439817,97344,,rD044,100162693,100.00,,
37.982439817,761550,,rFF44,100162623,100.00,,
37.982439817,1718814500,,instructions,100162803,100.00,4.58,insn per cycle
37.982439817,375555656,,cycles,100162283,100.00,,
38.082648933,100297,,rD044,100161375,100.00,,
38.082648933,743322,,rFF44,100161195,100.00,,
38.082648933,1729708921,,instructions,100161015,100.00,4.61,insn per cycle
38.082648933,375549927,,cycles,100160915,100.00,,
38.182875719,108273,,rD044,100182145,100.00,,
38.182875719,751096,,rFF44,100181805,100.00,,
38.182875719,1732793837,,instructions,100182785,100.00,4.61,insn per cycle
38.182875719,375640212,,cycles,100183245,100.00,,
38.283114435,95590,,rD044,100192405,100.00,,
38.283114435,762142,,rFF44,100192905,100.00,,
38.283114435,1727465357,,instructions,100192615,100.00,4.60,insn per cycle
38.283114435,375674441,,cycles,100192515,100.00,,
38.383326561,105556,,rD044,100162385,100.00,,
38.383326561,740407,,rFF44,100162305,100.00,,
38.383326561,1717240833,,instructions,100161775,100.00,4.57,insn per cycle
38.383326561,375563026,,cycles,100162445,100.00,,
38.483540877,96964,,rD044,98962469,100.00,,
38.483540877,757861,,rFF44,98962739,100.00,,
38.483540877,1710290469,,instructions,98963199,100.00,4.61,insn per cycle
38.483540877,371038637,,cycles,98962999,100.00,,
38.583762963,102303,,rD044,100052624,100.00,,
38.583762963,743564,,rFF44,100051945,100.00,,
38.583762963,1734009379,,instructions,100051985,100.00,4.62,insn per cycle
38.583762963,375123566,,cycles,100050875,100.00,,
38.683973349,109470,,rD044,100163925,100.00,,
38.683973349,754625,,rFF44,100164304,100.00,,
38.683973349,1782504063,,instructions,100164824,100.00,4.75,insn per cycle
38.683973349,375570248,,cycles,100165364,100.00,,
38.784186235,96097,,rD044,100167364,100.00,,
38.784186235,771020,,rFF44,100167394,100.00,,
38.784186235,1785713825,,instructions,100166844,100.00,4.75,insn per cycle
38.784186235,375579559,,cycles,100167174,100.00,,
38.884397291,107552,,rD044,100153915,100.00,,
38.884397291,746443,,rFF44,100153685,100.00,,
38.884397291,1745015669,,instructions,100153695,100.00,4.65,insn per cycle
38.884397291,375516981,,cycles,100153675,100.00,,
38.984607747,97840,,rD044,100156885,100.00,,
38.984607747,770339,,rFF44,100156875,100.00,,
38.984607747,1741556758,,instructions,100156515,100.00,4.64,insn per cycle
38.984607747,375524347,,cycles,100156515,100.00,,
39.084802832,103198,,rD044,100148824,100.00,,
39.084802832,741602,,rFF44,100148494,100.00,,
39.084802832,1733946028,,instructions,100148534,100.00,4.62,insn per cycle
39.084802832,375504698,,cycles,100148394,100.00,,
39.185011888,109662,,rD044,100160295,100.00,,
39.185011888,742961,,rFF44,100160335,100.00,,
39.185011888,1731526848,,instructions,100160985,100.00,4.61,insn per cycle
39.185011888,375554585,,cycles,100161275,100.00,,
39.285216414,97121,,rD044,100156795,100.00,,
39.285216414,757190,,rFF44,100157135,100.00,,
39.285216414,1733337172,,instructions,100157055,100.00,4.62,insn per cycle
39.285216414,375541862,,cycles,100157055,100.00,,
39.385426320,105645,,rD044,100164815,100.00,,
39.385426320,740033,,rFF44,100164805,100.00,,
39.385426320,1728920488,,instructions,100164355,100.00,4.60,insn per cycle
39.385426320,375571769,,cycles,100164755,100.00,,
39.485634976,98240,,rD044,100136295,100.00,,
39.485634976,762368,,rFF44,100136525,100.00,,
39.485634976,1724893478,,instructions,100136225,100.00,4.59,insn per cycle
39.485634976,375451868,,cycles,100136415,100.00,,
39.585863352,102144,,rD044,100066273,100.00,,
39.585863352,706371,,rFF44,100065783,100.00,,
39.585863352,1718440181,,instructions,100066423,100.00,4.58,insn per cycle
39.585863352,375184364,,cycles,100065014,100.00,,
39.686072958,109266,,rD044,100161585,100.00,,
39.686072958,744234,,rFF44,100162305,100.00,,
39.686072958,1738817397,,instructions,100162695,100.00,4.63,insn per cycle
39.686072958,375564483,,cycles,100163604,100.00,,
39.786282344,95802,,rD044,100164625,100.00,,
39.786282344,759056,,rFF44,100164375,100.00,,
39.786282344,1743670432,,instructions,100163505,100.00,4.64,insn per cycle
39.786282344,375568967,,cycles,100164415,100.00,,
39.886492179,105685,,rD044,100153725,100.00,,
39.886492179,738365,,rFF44,100153755,100.00,,
39.886492179,1731243415,,instructions,100154465,100.00,4.61,insn per cycle
39.886492179,375514442,,cycles,100152745,100.00,,
39.986702865,98053,,rD044,100163225,100.00,,
39.986702865,758507,,rFF44,100163325,100.00,,
39.986702865,1714298590,,instructions,100194545,100.00,4.56,insn per cycle
39.986702865,375681366,,cycles,100194595,100.00,,
40.086943452,100907,,rD044,100194345,100.00,,
40.086943452,739093,,rFF44,100194315,100.00,,
40.086943452,1714783682,,instructions,100162275,100.00,4.57,insn per cycle
40.086943452,375558220,,cycles,100162375,100.00,,
40.187181678,108460,,rD044,100186784,100.00,,
40.187181678,736923,,rFF44,100186835,100.00,,
40.187181678,1716933069,,instructions,100187605,100.00,4.57,insn per cycle
40.187181678,375648443,,cycles,100187265,100.00,,
40.287389584,94144,,rD044,100161235,100.00,,
40.287389584,745794,,rFF44,100160984,100.00,,
40.287389584,1713182950,,instructions,100160684,100.00,4.56,insn per cycle
40.287389584,375558233,,cycles,100161744,100.00,,
40.387597299,105279,,rD044,100162255,100.00,,
40.387597299,725648,,rFF44,100162175,100.00,,
40.387597299,1681378331,,instructions,100161925,100.00,4.48,insn per cycle
40.387597299,375560415,,cycles,100161815,100.00,,
40.487808095,99974,,rD044,100140395,100.00,,
40.487808095,743481,,rFF44,100140635,100.00,,
40.487808095,1682412978,,instructions,100140805,100.00,4.48,insn per cycle
40.487808095,375468613,,cycles,100140425,100.00,,
40.588027591,96556,,rD044,100048743,100.00,,
40.588027591,734110,,rFF44,100048373,100.00,,
40.588027591,1679814522,,instructions,100048653,100.00,4.48,insn per cycle
40.588027591,375119144,,cycles,100049413,100.00,,
40.688238727,104035,,rD044,100150215,100.00,,
40.688238727,724651,,rFF44,100150095,100.00,,
40.688238727,1681022635,,instructions,100150785,100.00,4.48,insn per cycle
40.688238727,375506329,,cycles,100149525,100.00,,
40.788447523,93713,,rD044,100163244,100.00,,
40.788447523,748568,,rFF44,100163264,100.00,,
40.788447523,1682450750,,instructions,100162234,100.00,4.48,insn per cycle
40.788447523,375563565,,cycles,100162584,100.00,,
40.888659459,75963,,rD044,100157115,100.00,,
40.888659459,697481,,rFF44,100157125,100.00,,
40.888659459,1684836614,,instructions,100157305,100.00,4.49,insn per cycle
40.888659459,375531745,,cycles,100157395,100.00,,
40.988888155,103467,,rD044,100183125,100.00,,
40.988888155,738235,,rFF44,100182915,100.00,,
40.988888155,1681889761,,instructions,100182625,100.00,4.48,insn per cycle
40.988888155,375638210,,cycles,100182435,100.00,,
41.089098651,94957,,rD044,100163465,100.00,,
41.089098651,739296,,rFF44,100164045,100.00,,
41.089098651,1682394420,,instructions,100164745,100.00,4.48,insn per cycle
41.089098651,375564831,,cycles,100164885,100.00,,
41.189308997,106918,,rD044,100160854,100.00,,
41.189308997,726463,,rFF44,100160404,100.00,,
41.189308997,1681778861,,instructions,100160394,100.00,4.48,insn per cycle
41.189308997,375550037,,cycles,100160864,100.00,,
41.289520603,90937,,rD044,100165864,100.00,,
41.289520603,750930,,rFF44,100166304,100.00,,
41.289520603,1682074443,,instructions,100166474,100.00,4.48,insn per cycle
41.289520603,375575368,,cycles,100166004,100.00,,
41.389733948,100326,,rD044,100167785,100.00,,
41.389733948,731827,,rFF44,100167865,100.00,,
41.389733948,1681458931,,instructions,100167145,100.00,4.48,insn per cycle
41.389733948,375580307,,cycles,100167255,100.00,,
41.489946884,107395,,rD044,100141535,100.00,,
41.489946884,731331,,rFF44,100141335,100.00,,
41.489946884,1681706305,,instructions,100142215,100.00,4.48,insn per cycle
41.489946884,375474653,,cycles,100142175,100.00,,
41.590159010,93281,,rD044,100047515,100.00,,
41.590159010,705648,,rFF44,100047845,100.00,,
41.590159010,1683876217,,instructions,100047835,100.00,4.49,insn per cycle
41.590159010,375118557,,cycles,100048595,100.00,,
41.690372186,104515,,rD044,100162645,100.00,,
41.690372186,723757,,rFF44,100163015,100.00,,
41.690372186,1683106274,,instructions,100162585,100.00,4.48,insn per cycle
41.690372186,375551117,,cycles,100161855,100.00,,
41.790584762,98810,,rD044,100167234,100.00,,
41.790584762,744369,,rFF44,100166834,100.00,,
41.790584762,1683100577,,instructions,100167764,100.00,4.48,insn per cycle
41.790584762,375583601,,cycles,100167715,100.00,,
41.890798748,98038,,rD044,100161055,100.00,,
41.890798748,735875,,rFF44,100160965,100.00,,
41.890798748,1681958298,,instructions,100159505,100.00,4.48,insn per cycle
41.890798748,375541016,,cycles,100159434,100.00,,
41.991008314,105822,,rD044,100164404,100.00,,
41.991008314,732639,,rFF44,100164214,100.00,,
41.991008314,1682228224,,instructions,100164874,100.00,4.48,insn per cycle
41.991008314,375576794,,cycles,100166124,100.00,,
42.091235960,97431,,rD044,100180464,100.00,,
42.091235960,753136,,rFF44,100181034,100.00,,
42.091235960,1682183213,,instructions,100180404,100.00,4.48,insn per cycle
42.091235960,375620082,,cycles,100179284,100.00,,
42.191448626,107369,,rD044,100164295,100.00,,
42.191448626,731364,,rFF44,100163535,100.00,,
42.191448626,1682424347,,instructions,100163675,100.00,4.48,insn per cycle
42.191448626,375560825,,cycles,100163535,100.00,,
42.291659242,103255,,rD044,100164575,100.00,,
42.291659242,734971,,rFF44,100164965,100.00,,
42.291659242,1682124939,,instructions,100165495,100.00,4.48,insn per cycle
42.291659242,375573861,,cycles,100165545,100.00,,
42.391904218,63352,,rD044,100197894,100.00,,
42.391904218,697848,,rFF44,100197675,100.00,,
42.391904218,1686879858,,instructions,100196605,100.00,4.49,insn per cycle
42.391904218,375692556,,cycles,100197265,100.00,,
42.492115764,104388,,rD044,100141505,100.00,,
42.492115764,721301,,rFF44,100141414,100.00,,
42.492115764,1676753857,,instructions,100142064,100.00,4.47,insn per cycle
42.492115764,375472462,,cycles,100141174,100.00,,
42.592326590,95663,,rD044,100041954,100.00,,
42.592326590,751726,,rFF44,100042214,100.00,,
42.592326590,1688198251,,instructions,100041714,100.00,4.50,insn per cycle
42.592326590,375096917,,cycles,100042324,100.00,,
42.692535825,102216,,rD044,100161075,100.00,,
42.692535825,734016,,rFF44,100161365,100.00,,
42.692535825,1690746775,,instructions,100161685,100.00,4.50,insn per cycle
42.692535825,375552770,,cycles,100160925,100.00,,
42.792745781,103843,,rD044,100162995,100.00,,
42.792745781,740184,,rFF44,100163035,100.00,,
42.792745781,1689930623,,instructions,100162965,100.00,4.50,insn per cycle
42.792745781,375557904,,cycles,100163415,100.00,,
42.892955897,93865,,rD044,100164164,100.00,,
42.892955897,746247,,rFF44,100163494,100.00,,
42.892955897,1690410049,,instructions,100164295,100.00,4.50,insn per cycle
42.892955897,375570497,,cycles,100164585,100.00,,
42.993166183,108295,,rD044,100145385,100.00,,
42.993166183,730582,,rFF44,100145655,100.00,,
42.993166183,1687890841,,instructions,100144934,100.00,4.50,insn per cycle
42.993166183,375475523,,cycles,100144174,100.00,,
43.093366329,99210,,rD044,100156155,100.00,,
43.093366329,753951,,rFF44,100156125,100.00,,
43.093366329,1685764186,,instructions,100156165,100.00,4.49,insn per cycle
43.093366329,375543357,,cycles,100157125,100.00,,
43.193576905,96864,,rD044,100163475,100.00,,
43.193576905,699067,,rFF44,100163365,100.00,,
43.193576905,1689573830,,instructions,100163335,100.00,4.50,insn per cycle
43.193576905,375558374,,cycles,100162425,100.00,,
43.293794741,105370,,rD044,100168835,100.00,,
43.293794741,732716,,rFF44,100169285,100.00,,
43.293794741,1686493989,,instructions,100169035,100.00,4.49,insn per cycle
43.293794741,375588209,,cycles,100169615,100.00,,
43.394005626,95490,,rD044,100164144,100.00,,
43.394005626,747628,,rFF44,100163884,100.00,,
43.394005626,1689358563,,instructions,100164604,100.00,4.50,insn per cycle
43.394005626,375567613,,cycles,100164295,100.00,,
43.494215062,105646,,rD044,100137954,100.00,,
43.494215062,727765,,rFF44,100138844,100.00,,
43.494215062,1683850274,,instructions,100139154,100.00,4.48,insn per cycle
43.494215062,375466348,,cycles,100139363,100.00,,
43.594425918,98866,,rD044,100046784,100.00,,
43.594425918,743945,,rFF44,100045924,100.00,,
43.594425918,1687204067,,instructions,100045584,100.00,4.50,insn per cycle
43.594425918,375111215,,cycles,100045304,100.00,,
43.694638064,96181,,rD044,100164975,100.00,,
43.694638064,737635,,rFF44,100165415,100.00,,
43.694638064,1690240206,,instructions,100165405,100.00,4.50,insn per cycle
43.694638064,375571842,,cycles,100165925,100.00,,
43.794868910,109324,,rD044,100182575,100.00,,
43.794868910,736461,,rFF44,100182435,100.00,,
43.794868910,1691065173,,instructions,100181615,100.00,4.50,insn per cycle
43.794868910,375628543,,cycles,100181665,100.00,,
43.895106366,96895,,rD044,100190954,100.00,,
43.895106366,747195,,rFF44,100190414,100.00,,
43.895106366,1688516194,,instructions,100191124,100.00,4.49,insn per cycle
43.895106366,375670047,,cycles,100191024,100.00,,
43.995314882,70169,,rD044,100151734,100.00,,
43.995314882,683441,,rFF44,100151974,100.00,,
43.995314882,1681920931,,instructions,100151655,100.00,4.48,insn per cycle
43.995314882,375510640,,cycles,100151725,100.00,,
44.095525928,101906,,rD044,100167605,100.00,,
44.095525928,736546,,rFF44,100167275,100.00,,
44.095525928,1697768094,,instructions,100167244,100.00,4.52,insn per cycle
44.095525928,375580343,,cycles,100166584,100.00,,
44.195739124,96492,,rD044,100159824,100.00,,
44.195739124,749637,,rFF44,100160324,100.00,,
44.195739124,1727608812,,instructions,100161424,100.00,4.60,insn per cycle
44.195739124,375551657,,cycles,100161974,100.00,,
44.295951460,109435,,rD044,100157725,100.00,,
44.295951460,733922,,rFF44,100157385,100.00,,
44.295951460,1719535089,,instructions,100156005,100.00,4.58,insn per cycle
44.295951460,375534359,,cycles,100156565,100.00,,
44.396161206,96119,,rD044,100164844,100.00,,
44.396161206,761168,,rFF44,100165174,100.00,,
44.396161206,1729714739,,instructions,100165874,100.00,4.61,insn per cycle
44.396161206,375573212,,cycles,100165534,100.00,,
44.496375302,103043,,rD044,100143424,100.00,,
44.496375302,739606,,rFF44,100143415,100.00,,
44.496375302,1730400432,,instructions,100143715,100.00,4.61,insn per cycle
44.496375302,375481641,,cycles,100143535,100.00,,
44.596591278,105185,,rD044,100051164,100.00,,
44.596591278,748685,,rFF44,100050613,100.00,,
44.596591278,1734017793,,instructions,100050423,100.00,4.62,insn per cycle
44.596591278,375130931,,cycles,100049933,100.00,,
44.696801283,96244,,rD044,100162044,100.00,,
44.696801283,754018,,rFF44,100162474,100.00,,
44.696801283,1736182451,,instructions,100161384,100.00,4.62,insn per cycle
44.696801283,375554085,,cycles,100162194,100.00,,
44.797013229,107432,,rD044,100159045,100.00,,
44.797013229,741000,,rFF44,100159055,100.00,,
44.797013229,1737318507,,instructions,100160085,100.00,4.63,insn per cycle
44.797013229,375543895,,cycles,100159625,100.00,,
44.897223965,96444,,rD044,100164955,100.00,,
44.897223965,762730,,rFF44,100164855,100.00,,
44.897223965,1737057722,,instructions,100164745,100.00,4.63,insn per cycle
44.897223965,375571205,,cycles,100164815,100.00,,
44.997435301,103248,,rD044,100156915,100.00,,
44.997435301,744794,,rFF44,100157075,100.00,,
44.997435301,1740804068,,instructions,100157415,100.00,4.64,insn per cycle
44.997435301,375531204,,cycles,100157405,100.00,,
45.097646997,110253,,rD044,100169354,100.00,,
45.097646997,747855,,rFF44,100168714,100.00,,
45.097646997,1734162839,,instructions,100167954,100.00,4.62,insn per cycle
45.097646997,375579372,,cycles,100167714,100.00,,
45.197878013,97673,,rD044,100182285,100.00,,
45.197878013,750968,,rFF44,100182765,100.00,,
45.197878013,1725986083,,instructions,100182825,100.00,4.59,insn per cycle
45.197878013,375633814,,cycles,100183015,100.00,,
45.298087579,106511,,rD044,100162345,100.00,,
45.298087579,737345,,rFF44,100162465,100.00,,
45.298087579,1722894582,,instructions,100162255,100.00,4.59,insn per cycle
45.298087579,375551390,,cycles,100162165,100.00,,
45.398295795,96040,,rD044,100161674,100.00,,
45.398295795,726826,,rFF44,100161214,100.00,,
45.398295795,1719207362,,instructions,100162554,100.00,4.58,insn per cycle
45.398295795,375562959,,cycles,100162434,100.00,,
45.498507571,102241,,rD044,98777958,100.00,,
45.498507571,732686,,rFF44,98777758,100.00,,
45.498507571,1664121289,,instructions,98777348,100.00,4.49,insn per cycle
45.498507571,370355829,,cycles,98777558,100.00,,
45.598735857,106386,,rD044,100227334,100.00,,
45.598735857,736484,,rFF44,100227895,100.00,,
45.598735857,1689773319,,instructions,100226875,100.00,4.50,insn per cycle
45.598735857,375847215,,cycles,100226405,100.00,,
45.698945483,93044,,rD044,100208525,100.00,,
45.698945483,741573,,rFF44,100208954,100.00,,
45.698945483,1677414104,,instructions,100209244,100.00,4.46,insn per cycle
45.698945483,375787514,,cycles,100210194,100.00,,
45.799185199,106611,,rD044,100239495,100.00,,
45.799185199,722060,,rFF44,100238995,100.00,,
45.799185199,1676995316,,instructions,100239155,100.00,4.46,insn per cycle
45.799185199,375894175,,cycles,100239225,100.00,,
45.899396565,100080,,rD044,100210345,100.00,,
45.899396565,742368,,rFF44,100211065,100.00,,
45.899396565,1676042160,,instructions,100211095,100.00,4.46,insn per cycle
45.899396565,375786249,,cycles,100209945,100.00,,
45.999608510,96105,,rD044,100211375,100.00,,
45.999608510,727684,,rFF44,100211155,100.00,,
45.999608510,1674740794,,instructions,100210845,100.00,4.46,insn per cycle
45.999608510,375794481,,cycles,100212355,100.00,,
46.099820106,74026,,rD044,100211105,100.00,,
46.099820106,694356,,rFF44,100211075,100.00,,
46.099820106,1680994451,,instructions,100210935,100.00,4.47,insn per cycle
46.099820106,375784339,,cycles,100209835,100.00,,
46.200030152,95316,,rD044,100209404,100.00,,
46.200030152,745358,,rFF44,100209194,100.00,,
46.200030152,1676174452,,instructions,100209534,100.00,4.46,insn per cycle
46.200030152,375783893,,cycles,100209334,100.00,,
46.300241228,105562,,rD044,100210165,100.00,,
46.300241228,725423,,rFF44,100210875,100.00,,
46.300241228,1675197316,,instructions,100210535,100.00,4.46,insn per cycle
46.300241228,375788440,,cycles,100210735,100.00,,
46.400453564,101247,,rD044,100212025,100.00,,
46.400453564,737357,,rFF44,100211395,100.00,,
46.400453564,1676699463,,instructions,100212785,100.00,4.46,insn per cycle
46.400453564,375797718,,cycles,100213215,100.00,,
46.500664070,94092,,rD044,100209875,100.00,,
46.500664070,740988,,rFF44,100209395,100.00,,
46.500664070,1675387354,,instructions,100209005,100.00,4.46,insn per cycle
46.500664070,375781929,,cycles,100208995,100.00,,
46.600907866,108720,,rD044,100242825,100.00,,
46.600907866,729621,,rFF44,100242975,100.00,,
46.600907866,1674556010,,instructions,100242135,100.00,4.45,insn per cycle
46.600907866,375903705,,cycles,100241465,100.00,,
46.701120092,97785,,rD044,100198365,100.00,,
46.701120092,751569,,rFF44,100197815,100.00,,
46.701120092,1674667681,,instructions,100197545,100.00,4.46,insn per cycle
46.701120092,375719724,,cycles,100198245,100.00,,
46.801332128,97616,,rD044,100212354,100.00,,
46.801332128,689971,,rFF44,100212914,100.00,,
46.801332128,1678281894,,instructions,100213284,100.00,4.47,insn per cycle
46.801332128,375797995,,cycles,100213084,100.00,,
46.901545714,104736,,rD044,100212445,100.00,,
46.901545714,726634,,rFF44,100212975,100.00,,
46.901545714,1674152203,,instructions,100212115,100.00,4.45,insn per cycle
46.901545714,375793885,,cycles,100212185,100.00,,
47.001757260,95577,,rD044,100211065,100.00,,
47.001757260,746012,,rFF44,100210465,100.00,,
47.001757260,1691795650,,instructions,100211415,100.00,4.50,insn per cycle
47.001757260,375791994,,cycles,100211685,100.00,,
47.101952785,106279,,rD044,100194985,100.00,,
47.101952785,730997,,rFF44,100194805,100.00,,
47.101952785,1700038064,,instructions,100194785,100.00,4.52,insn per cycle
47.101952785,375729173,,cycles,100194925,100.00,,
47.202164161,98937,,rD044,100190755,100.00,,
47.202164161,754346,,rFF44,100191665,100.00,,
47.202164161,1688557289,,instructions,100192575,100.00,4.49,insn per cycle
47.202164161,375683053,,cycles,100192145,100.00,,
47.302387457,98513,,rD044,100222864,100.00,,
47.302387457,738462,,rFF44,100222624,100.00,,
47.302387457,1695749783,,instructions,100222304,100.00,4.51,insn per cycle
47.302387457,375831129,,cycles,100222114,100.00,,
47.402599883,110420,,rD044,100211845,100.00,,
47.402599883,730529,,rFF44,100211755,100.00,,
47.402599883,1705331278,,instructions,100210935,100.00,4.54,insn per cycle
47.402599883,375789108,,cycles,100210915,100.00,,
47.502813359,64397,,rD044,100213035,100.00,,
47.502813359,717759,,rFF44,100213065,100.00,,
47.502813359,1696649242,,instructions,100212985,100.00,4.51,insn per cycle
47.502813359,375797344,,cycles,100213115,100.00,,
47.603025875,103135,,rD044,100211705,100.00,,
47.603025875,734168,,rFF44,100211235,100.00,,
47.603025875,1696985450,,instructions,100211375,100.00,4.52,insn per cycle
47.603025875,375789341,,cycles,100210965,100.00,,
47.703264031,101495,,rD044,100237605,100.00,,
47.703264031,743982,,rFF44,100237875,100.00,,
47.703264031,1693797991,,instructions,100237715,100.00,4.51,insn per cycle
47.703264031,375889896,,cycles,100237795,100.00,,
47.803473937,96870,,rD044,100209085,100.00,,
47.803473937,737008,,rFF44,100208825,100.00,,
47.803473937,1682605394,,instructions,100208975,100.00,4.48,insn per cycle
47.803473937,375778684,,cycles,100208965,100.00,,
47.903684503,106105,,rD044,100210054,100.00,,
47.903684503,722936,,rFF44,100210454,100.00,,
47.903684503,1674489426,,instructions,100210344,100.00,4.46,insn per cycle
47.903684503,375790582,,cycles,100211314,100.00,,
48.003914919,93328,,rD044,100230035,100.00,,
48.003914919,745923,,rFF44,100229925,100.00,,
48.003914919,1663144015,,instructions,100230285,100.00,4.42,insn per cycle
48.003914919,375862781,,cycles,100230555,100.00,,
48.104131475,103499,,rD044,100215705,100.00,,
48.104131475,685377,,rFF44,100215475,100.00,,
48.104131475,1650602431,,instructions,100215925,100.00,4.39,insn per cycle
48.104131475,375804880,,cycles,100215115,100.00,,
48.204342381,109827,,rD044,100179175,100.00,,
48.204342381,723737,,rFF44,100178665,100.00,,
48.204342381,1645152651,,instructions,100177965,100.00,4.38,insn per cycle
48.204342381,375638301,,cycles,100177455,100.00,,
48.304554077,92776,,rD044,100211565,100.00,,
48.304554077,732774,,rFF44,100212175,100.00,,
48.304554077,1647725114,,instructions,100212235,100.00,4.38,insn per cycle
48.304554077,375796296,,cycles,100212495,100.00,,
48.404765062,107402,,rD044,100210374,100.00,,
48.404765062,719551,,rFF44,100210194,100.00,,
48.404765062,1647518794,,instructions,100210335,100.00,4.38,insn per cycle
48.404765062,375783549,,cycles,100209565,100.00,,
48.504977238,69313,,rD044,100210995,100.00,,
48.504977238,705570,,rFF44,100211005,100.00,,
48.504977238,1652383160,,instructions,100210884,100.00,4.40,insn per cycle
48.504977238,375790341,,cycles,100211244,100.00,,
48.605186684,94017,,rD044,100209175,100.00,,
48.605186684,722754,,rFF44,100209505,100.00,,
48.605186684,1648710392,,instructions,100209305,100.00,4.39,insn per cycle
48.605186684,375783586,,cycles,100209435,100.00,,
48.705398370,106719,,rD044,100211055,100.00,,
48.705398370,712548,,rFF44,100211415,100.00,,
48.705398370,1641111187,,instructions,100211375,100.00,4.37,insn per cycle
48.705398370,375794186,,cycles,100212265,100.00,,
48.805611676,96254,,rD044,100212805,100.00,,
48.805611676,753779,,rFF44,100212445,100.00,,
48.805611676,1696247610,,instructions,100213065,100.00,4.51,insn per cycle
48.805611676,375793920,,cycles,100212205,100.00,,
48.905823552,103565,,rD044,100211134,100.00,,
48.905823552,735479,,rFF44,100210965,100.00,,
48.905823552,1710256751,,instructions,100210895,100.00,4.55,insn per cycle
48.905823552,375789037,,cycles,100211085,100.00,,
49.006036948,100059,,rD044,100212445,100.00,,
49.006036948,747138,,rFF44,100211944,100.00,,
49.006036948,1708932548,,instructions,100212134,100.00,4.55,insn per cycle
49.006036948,375794013,,cycles,100212224,100.00,,
49.106249584,94941,,rD044,100212355,100.00,,
49.106249584,731521,,rFF44,100213125,100.00,,
49.106249584,1675262141,,instructions,100212995,100.00,4.46,insn per cycle
49.106249584,375796487,,cycles,100212685,100.00,,
49.206460840,110443,,rD044,100195145,100.00,,
49.206460840,694160,,rFF44,100194545,100.00,,
49.206460840,1690191826,,instructions,100194165,100.00,4.50,insn per cycle
49.206460840,375707290,,cycles,100194335,100.00,,
49.306669035,97586,,rD044,100208365,100.00,,
49.306669035,755659,,rFF44,100208765,100.00,,
49.306669035,1702984142,,instructions,100208405,100.00,4.53,insn per cycle
49.306669035,375780049,,cycles,100208315,100.00,,
49.406914272,100755,,rD044,100244745,100.00,,
49.406914272,730919,,rFF44,100245325,100.00,,
49.406914272,1693167356,,instructions,100245225,100.00,4.50,insn per cycle
49.406914272,375918741,,cycles,100245485,100.00,,
49.507125157,103900,,rD044,100209784,100.00,,
49.507125157,740677,,rFF44,100209234,100.00,,
49.507125157,1697445526,,instructions,100209675,100.00,4.52,insn per cycle
49.507125157,375788143,,cycles,100210535,100.00,,
49.607353954,95409,,rD044,100228065,100.00,,
49.607353954,753639,,rFF44,100227715,100.00,,
49.607353954,1720329678,,instructions,100228324,100.00,4.58,insn per cycle
49.607353954,375850355,,cycles,100227364,100.00,,
49.707567500,108575,,rD044,100212875,100.00,,
49.707567500,740937,,rFF44,100213405,100.00,,
49.707567500,1717354199,,instructions,100212425,100.00,4.57,insn per cycle
49.707567500,375795017,,cycles,100212485,100.00,,
49.807780295,97022,,rD044,100212655,100.00,,
49.807780295,750971,,rFF44,100212505,100.00,,
49.807780295,1687030318,,instructions,100212515,100.00,4.49,insn per cycle
49.807780295,375798157,,cycles,100213335,100.00,,
49.907993701,98852,,rD044,100212295,100.00,,
49.907993701,720473,,rFF44,100211955,100.00,,
49.907993701,1663913758,,instructions,100212395,100.00,4.43,insn per cycle
49.907993701,375791745,,cycles,100211815,100.00,,
50.008205197,107523,,rD044,100210795,100.00,,
50.008205197,718682,,rFF44,100210935,100.00,,
50.008205197,1660037621,,instructions,100210345,100.00,4.42,insn per cycle
50.008205197,375786024,,cycles,100210035,100.00,,
50.108412343,62502,,rD044,100206584,100.00,,
50.108412343,701878,,rFF44,100206934,100.00,,
50.108412343,1652765304,,instructions,100207024,100.00,4.40,insn per cycle
50.108412343,375773953,,cycles,100206724,100.00,,
50.208621939,103585,,rD044,100196725,100.00,,
50.208621939,717225,,rFF44,100196705,100.00,,
50.208621939,1659402852,,instructions,100196865,100.00,4.42,insn per cycle
50.208621939,375722009,,cycles,100197965,100.00,,
50.308834515,101086,,rD044,100211975,100.00,,
50.308834515,733847,,rFF44,100211835,100.00,,
50.308834515,1654871354,,instructions,100211455,100.00,4.40,insn per cycle
50.308834515,375787384,,cycles,100210265,100.00,,
50.409043901,97203,,rD044,100208805,100.00,,
50.409043901,740423,,rFF44,100208365,100.00,,
50.409043901,1701211258,,instructions,100209005,100.00,4.53,insn per cycle
50.409043901,375782325,,cycles,100209105,100.00,,
50.509254196,106059,,rD044,100209625,100.00,,
50.509254196,734615,,rFF44,100209695,100.00,,
50.509254196,1688058113,,instructions,100210355,100.00,4.49,insn per cycle
50.509254196,375788656,,cycles,100210795,100.00,,
50.609466442,93792,,rD044,100211334,100.00,,
50.609466442,741584,,rFF44,100211224,100.00,,
50.609466442,1668622758,,instructions,100210914,100.00,4.44,insn per cycle
50.609466442,375788953,,cycles,100210864,100.00,,
50.709677978,104115,,rD044,100210715,100.00,,
50.709677978,682628,,rFF44,100210695,100.00,,
50.709677978,1655879102,,instructions,100210275,100.00,4.41,insn per cycle
50.709677978,375784835,,cycles,100209865,100.00,,
50.809906524,104937,,rD044,100218805,100.00,,
50.809906524,723057,,rFF44,100219175,100.00,,
50.809906524,1652542344,,instructions,100219095,100.00,4.40,insn per cycle
50.809906524,375800465,,cycles,100219245,100.00,,
50.910117530,92864,,rD044,100210395,100.00,,
50.910117530,731851,,rFF44,100210865,100.00,,
50.910117530,1658527433,,instructions,100211085,100.00,4.41,insn per cycle
50.910117530,375791804,,cycles,100211835,100.00,,
51.010330036,106111,,rD044,100211865,100.00,,
51.010330036,723267,,rFF44,100211355,100.00,,
51.010330036,1645941933,,instructions,100211575,100.00,4.38,insn per cycle
51.010330036,375791288,,cycles,100211295,100.00,,
51.110525172,99757,,rD044,100194194,100.00,,
51.110525172,743197,,rFF44,100194634,100.00,,
51.110525172,1651815384,,instructions,100194814,100.00,4.40,insn per cycle
51.110525172,375726875,,cycles,100194194,100.00,,
51.210735017,67771,,rD044,100183455,100.00,,
51.210735017,694811,,rFF44,100183195,100.00,,
51.210735017,1653969094,,instructions,100182945,100.00,4.40,insn per cycle
51.210735017,375652146,,cycles,100182645,100.00,,
51.310944023,107609,,rD044,100208985,100.00,,
51.310944023,720117,,rFF44,100208555,100.00,,
51.310944023,1644723046,,instructions,100208135,100.00,4.38,insn per cycle
51.310944023,375783931,,cycles,100209355,100.00,,
51.411153769,96066,,rD044,100209115,100.00,,
51.411153769,737055,,rFF44,100209165,100.00,,
51.411153769,1656628409,,instructions,100209205,100.00,4.41,insn per cycle
51.411153769,375778949,,cycles,100208205,100.00,,
51.511393425,103177,,rD044,100238635,100.00,,
51.511393425,720182,,rFF44,100238725,100.00,,
51.511393425,1652001525,,instructions,100239385,100.00,4.39,insn per cycle
51.511393425,375896256,,cycles,100239485,100.00,,
51.611607361,99829,,rD044,100213795,100.00,,
51.611607361,726359,,rFF44,100213995,100.00,,
51.611607361,1661992743,,instructions,100213525,100.00,4.42,insn per cycle
51.611607361,375799182,,cycles,100213595,100.00,,
51.711821267,95387,,rD044,100212954,100.00,,
51.711821267,689265,,rFF44,100213064,100.00,,
51.711821267,1655715039,,instructions,100213204,100.00,4.41,insn per cycle
51.711821267,375796695,,cycles,100212944,100.00,,
51.812037733,108417,,rD044,100215615,100.00,,
51.812037733,715803,,rFF44,100215455,100.00,,
51.812037733,1645741733,,instructions,100214525,100.00,4.38,insn per cycle
51.812037733,375800071,,cycles,100214605,100.00,,
51.912246949,96225,,rD044,100208995,100.00,,
51.912246949,738170,,rFF44,100208715,100.00,,
51.912246949,1659436519,,instructions,100208915,100.00,4.42,insn per cycle
51.912246949,375781808,,cycles,100208785,100.00,,
52.012456355,99267,,rD044,100208655,100.00,,
52.012456355,720723,,rFF44,100209205,100.00,,
52.012456355,1668595009,,instructions,100210115,100.00,4.44,insn per cycle
52.012456355,375785965,,cycles,100210065,100.00,,
52.112668771,108704,,rD044,100211895,100.00,,
52.112668771,740484,,rFF44,100211755,100.00,,
52.112668771,1705155844,,instructions,100211525,100.00,4.54,insn per cycle
52.112668771,375793364,,cycles,100212045,100.00,,
52.212896887,64042,,rD044,100213104,100.00,,
52.212896887,711046,,rFF44,100213094,100.00,,
52.212896887,1670948096,,instructions,100213204,100.00,4.45,insn per cycle
52.212896887,375779651,,cycles,100214135,100.00,,
52.313107543,103953,,rD044,100210515,100.00,,
52.313107543,714437,,rFF44,100210195,100.00,,
52.313107543,1657657885,,instructions,100209845,100.00,4.41,insn per cycle
52.313107543,375781102,,cycles,100208594,100.00,,
52.413320119,100514,,rD044,100211995,100.00,,
52.413320119,730863,,rFF44,100212455,100.00,,
52.413320119,1650982798,,instructions,100212635,100.00,4.39,insn per cycle
52.413320119,375785182,,cycles,100212385,100.00,,
52.513532455,96868,,rD044,100211435,100.00,,
52.513532455,722409,,rFF44,100211145,100.00,,
52.513532455,1650553859,,instructions,100211175,100.00,4.39,insn per cycle
52.513532455,375791120,,cycles,100211445,100.00,,
52.613745320,104384,,rD044,100212365,100.00,,
52.613745320,714852,,rFF44,100212555,100.00,,
52.613745320,1649604008,,instructions,100211905,100.00,4.39,insn per cycle
52.613745320,375794950,,cycles,100212475,100.00,,
52.713957286,93768,,rD044,100210914,100.00,,
52.713957286,697725,,rFF44,100210504,100.00,,
52.713957286,1651785976,,instructions,100211825,100.00,4.40,insn per cycle
52.713957286,375796929,,cycles,100212995,100.00,,
52.814159132,104024,,rD044,100201325,100.00,,
52.814159132,709914,,rFF44,100201875,100.00,,
52.814159132,1655441018,,instructions,100200784,100.00,4.41,insn per cycle
52.814159132,375749399,,cycles,100200514,100.00,,
52.914372648,104863,,rD044,100212955,100.00,,
52.914372648,729648,,rFF44,100212715,100.00,,
52.914372648,1680500010,,instructions,100213065,100.00,4.47,insn per cycle
52.914372648,375793931,,cycles,100212015,100.00,,
53.014583074,93731,,rD044,100210065,100.00,,
53.014583074,731713,,rFF44,100210145,100.00,,
53.014583074,1655300894,,instructions,100210445,100.00,4.40,insn per cycle
53.014583074,375787929,,cycles,100210595,100.00,,
53.114805420,107352,,rD044,100221355,100.00,,
53.114805420,710346,,rFF44,100220875,100.00,,
53.114805420,1656191349,,instructions,100220185,100.00,4.41,insn per cycle
53.114805420,375822636,,cycles,100219855,100.00,,
53.215017886,99437,,rD044,100200534,100.00,,
53.215017886,734510,,rFF44,100201015,100.00,,
53.215017886,1662420760,,instructions,100201805,100.00,4.42,insn per cycle
53.215017886,375733003,,cycles,100202115,100.00,,
53.315230052,65050,,rD044,100211805,100.00,,
53.315230052,682975,,rFF44,100212014,100.00,,
53.315230052,1656117626,,instructions,100211884,100.00,4.41,insn per cycle
53.315230052,375791109,,cycles,100211504,100.00,,
53.415471908,105418,,rD044,100241065,100.00,,
53.415471908,712288,,rFF44,100240825,100.00,,
53.415471908,1647182705,,instructions,100240675,100.00,4.38,insn per cycle
53.415471908,375899261,,cycles,100240285,100.00,,
53.515684184,95325,,rD044,100212105,100.00,,
53.515684184,732923,,rFF44,100211845,100.00,,
53.515684184,1650412978,,instructions,100211955,100.00,4.39,insn per cycle
53.515684184,375793620,,cycles,100212125,100.00,,
53.615913380,103070,,rD044,100228295,100.00,,
53.615913380,715463,,rFF44,100228605,100.00,,
53.615913380,1668484522,,instructions,100228615,100.00,4.44,insn per cycle
53.615913380,375855858,,cycles,100228905,100.00,,
53.716125146,99324,,rD044,100210945,100.00,,
53.716125146,727276,,rFF44,100211265,100.00,,
53.716125146,1655967237,,instructions,100210725,100.00,4.41,insn per cycle
53.716125146,375791013,,cycles,100211225,100.00,,
53.816328442,95656,,rD044,100202874,100.00,,
53.816328442,689426,,rFF44,100202315,100.00,,
53.816328442,1656903022,,instructions,100201905,100.00,4.41,insn per cycle
53.816328442,375753763,,cycles,100201495,100.00,,
53.916540897,108105,,rD044,100212135,100.00,,
53.916540897,704875,,rFF44,100212084,100.00,,
53.916540897,1647681714,,instructions,100212814,100.00,4.38,insn per cycle
53.916540897,375796642,,cycles,100212914,100.00,,
54.016753603,95451,,rD044,100211605,100.00,,
54.016753603,737720,,rFF44,100212495,100.00,,
54.016753603,1658180774,,instructions,100212375,100.00,4.41,insn per cycle
54.016753603,375795333,,cycles,100212575,100.00,,
54.116967439,98889,,rD044,100212775,100.00,,
54.116967439,716640,,rFF44,100212535,100.00,,
54.116967439,1660741648,,instructions,100212355,100.00,4.42,insn per cycle
54.116967439,375794390,,cycles,100212325,100.00,,
54.217180955,108064,,rD044,100199985,100.00,,
54.217180955,716162,,rFF44,100199575,100.00,,
54.217180955,1649410089,,instructions,100199995,100.00,4.39,insn per cycle
54.217180955,375722394,,cycles,100199345,100.00,,
54.317391971,67473,,rD044,100210175,100.00,,
54.317391971,698645,,rFF44,100210445,100.00,,
54.317391971,1658943870,,instructions,100209925,100.00,4.41,insn per cycle
54.317391971,375786612,,cycles,100210065,100.00,,
54.417603657,104347,,rD044,100210554,100.00,,
54.417603657,712076,,rFF44,100210074,100.00,,
54.417603657,1652742280,,instructions,100211564,100.00,4.40,insn per cycle
54.417603657,375794659,,cycles,100212384,100.00,,
54.517815523,102361,,rD044,100211505,100.00,,
54.517815523,733193,,rFF44,100211805,100.00,,
54.517815523,1658192440,,instructions,100210165,100.00,4.41,insn per cycle
54.517815523,375784569,,cycles,100209715,100.00,,
54.618029019,90205,,rD044,100212755,100.00,,
54.618029019,721518,,rFF44,100212645,100.00,,
54.618029019,1659590994,,instructions,100213065,100.00,4.42,insn per cycle
54.618029019,375795652,,cycles,100213035,100.00,,
54.718238594,109459,,rD044,100209095,100.00,,
54.718238594,716255,,rFF44,100208845,100.00,,
54.718238594,1656497157,,instructions,100208735,100.00,4.41,insn per cycle
54.718238594,375777464,,cycles,100208235,100.00,,
54.818441150,95992,,rD044,100202515,100.00,,
54.818441150,700488,,rFF44,100203165,100.00,,
54.818441150,1653355928,,instructions,100203025,100.00,4.40,insn per cycle
54.818441150,375760928,,cycles,100203405,100.00,,
54.918652416,102672,,rD044,100210194,100.00,,
54.918652416,714907,,rFF44,100209114,100.00,,
54.918652416,1652336808,,instructions,100209244,100.00,4.40,insn per cycle
54.918652416,375781807,,cycles,100208964,100.00,,
55.018897172,103520,,rD044,100244355,100.00,,
55.018897172,720264,,rFF44,100244895,100.00,,
55.018897172,1652722163,,instructions,100244915,100.00,4.40,insn per cycle
55.018897172,375920434,,cycles,100245935,100.00,,
55.119104498,93757,,rD044,100206475,100.00,,
55.119104498,734110,,rFF44,100206845,100.00,,
55.119104498,1657610860,,instructions,100207305,100.00,4.41,insn per cycle
55.119104498,375773140,,cycles,100206655,100.00,,
55.219316604,108269,,rD044,100184045,100.00,,
55.219316604,719064,,rFF44,100183965,100.00,,
55.219316604,1659732997,,instructions,100184275,100.00,4.42,insn per cycle
55.219316604,375642459,,cycles,100184195,100.00,,
55.319555470,68256,,rD044,100238325,100.00,,
55.319555470,699007,,rFF44,100237745,100.00,,
55.319555470,1658896046,,instructions,100236825,100.00,4.41,insn per cycle
55.319555470,375886103,,cycles,100236785,100.00,,
55.419765166,95650,,rD044,100209795,100.00,,
55.419765166,717896,,rFF44,100210585,100.00,,
55.419765166,1654963980,,instructions,100210985,100.00,4.40,insn per cycle
55.419765166,375789722,,cycles,100211075,100.00,,
55.519975382,107029,,rD044,100209194,100.00,,
55.519975382,719028,,rFF44,100208984,100.00,,
55.519975382,1658248729,,instructions,100208874,100.00,4.41,insn per cycle
55.519975382,375782211,,cycles,100208874,100.00,,
55.620186618,96454,,rD044,100210285,100.00,,
55.620186618,740868,,rFF44,100210235,100.00,,
55.620186618,1662531274,,instructions,100210805,100.00,4.42,insn per cycle
55.620186618,375789335,,cycles,100210975,100.00,,
55.720398964,101338,,rD044,100212065,100.00,,
55.720398964,711568,,rFF44,100212045,100.00,,
55.720398964,1652575614,,instructions,100211605,100.00,4.40,insn per cycle
55.720398964,375791664,,cycles,100211795,100.00,,
55.820610650,100815,,rD044,100210385,100.00,,
55.820610650,688024,,rFF44,100210825,100.00,,
55.820610650,1654984005,,instructions,100210515,100.00,4.40,insn per cycle
55.820610650,375786166,,cycles,100209925,100.00,,
55.920823655,94839,,rD044,100203545,100.00,,
55.920823655,719673,,rFF44,100203305,100.00,,
55.920823655,1649842453,,instructions,100203715,100.00,4.39,insn per cycle
55.920823655,375743305,,cycles,100203845,100.00,,
56.021038191,106855,,rD044,100214514,100.00,,
56.021038191,710227,,rFF44,100214074,100.00,,
56.021038191,1657552266,,instructions,100213534,100.00,4.41,insn per cycle
56.021038191,375799683,,cycles,100213735,100.00,,
56.121250027,95144,,rD044,100210635,100.00,,
56.121250027,738077,,rFF44,100211195,100.00,,
56.121250027,1659223321,,instructions,100212225,100.00,4.42,insn per cycle
56.121250027,375793149,,cycles,100212184,100.00,,
56.221462263,99792,,rD044,100199285,100.00,,
56.221462263,714562,,rFF44,100199155,100.00,,
56.221462263,1661301616,,instructions,100198595,100.00,4.42,insn per cycle
56.221462263,375727676,,cycles,100199105,100.00,,
56.321672009,77251,,rD044,100210095,100.00,,
56.321672009,684129,,rFF44,100209905,100.00,,
56.321672009,1666620369,,instructions,100209875,100.00,4.44,insn per cycle
56.321672009,375782608,,cycles,100209295,100.00,,
56.421902425,93493,,rD044,100228825,100.00,,
56.421902425,737506,,rFF44,100228725,100.00,,
56.421902425,1663662655,,instructions,100229375,100.00,4.43,insn per cycle
56.421902425,375857455,,cycles,100229145,100.00,,
56.522115091,104367,,rD044,100212465,100.00,,
56.522115091,715406,,rFF44,100212615,100.00,,
56.522115091,1654365539,,instructions,100211655,100.00,4.40,insn per cycle
56.522115091,375792611,,cycles,100211845,100.00,,
56.622325997,101317,,rD044,100210304,100.00,,
56.622325997,729022,,rFF44,100210004,100.00,,
56.622325997,1656196313,,instructions,100210474,100.00,4.41,insn per cycle
56.622325997,375788343,,cycles,100210894,100.00,,
56.722539673,96742,,rD044,100212625,100.00,,
56.722539673,719141,,rFF44,100213315,100.00,,
56.722539673,1655525044,,instructions,100213205,100.00,4.41,insn per cycle
56.722539673,375797077,,cycles,100212855,100.00,,
56.822751759,103980,,rD044,100211775,100.00,,
56.822751759,680057,,rFF44,100210975,100.00,,
56.822751759,1655732618,,instructions,100211135,100.00,4.41,insn per cycle
56.822751759,375789228,,cycles,100210945,100.00,,
56.922962535,95434,,rD044,100209685,100.00,,
56.922962535,739499,,rFF44,100210625,100.00,,
56.922962535,1656250814,,instructions,100211065,100.00,4.41,insn per cycle
56.922962535,375787519,,cycles,100211325,100.00,,
57.023178841,98286,,rD044,100216065,100.00,,
57.023178841,714285,,rFF44,100215575,100.00,,
57.023178841,1659596177,,instructions,100215215,100.00,4.42,insn per cycle
57.023178841,375804319,,cycles,100214975,100.00,,
57.123392866,105212,,rD044,100213254,100.00,,
57.123392866,722745,,rFF44,100212654,100.00,,
57.123392866,1651032700,,instructions,100212094,100.00,4.39,insn per cycle
57.123392866,375789601,,cycles,100211844,100.00,,
57.223617182,95061,,rD044,100212915,100.00,,
57.223617182,728527,,rFF44,100213085,100.00,,
57.223617182,1655324312,,instructions,100213475,100.00,4.41,insn per cycle
57.223617182,375777854,,cycles,100213615,100.00,,
57.323829838,73741,,rD044,100211795,100.00,,
57.323829838,684463,,rFF44,100211805,100.00,,
57.323829838,1660119693,,instructions,100211235,100.00,4.42,insn per cycle
57.323829838,375793133,,cycles,100211785,100.00,,
57.424040174,101189,,rD044,100209475,100.00,,
57.424040174,734371,,rFF44,100209395,100.00,,
57.424040174,1650537529,,instructions,100209875,100.00,4.39,insn per cycle
57.424040174,375783980,,cycles,100209545,100.00,,
57.524255600,99615,,rD044,100215245,100.00,,
57.524255600,731108,,rFF44,100215395,100.00,,
57.524255600,1708941070,,instructions,100215685,100.00,4.55,insn per cycle
57.524255600,375806081,,cycles,100215445,100.00,,
57.624466776,108069,,rD044,100210474,100.00,,
57.624466776,736799,,rFF44,100210365,100.00,,
57.624466776,1738548838,,instructions,100210345,100.00,4.63,insn per cycle
57.624466776,375786674,,cycles,100210255,100.00,,
57.724677622,95118,,rD044,100209695,100.00,,
57.724677622,749551,,rFF44,100209974,100.00,,
57.724677622,1719297405,,instructions,100209304,100.00,4.58,insn per cycle
57.724677622,375787818,,cycles,100210564,100.00,,
57.824907498,104331,,rD044,100229355,100.00,,
57.824907498,724811,,rFF44,100229505,100.00,,
57.824907498,1702556077,,instructions,100229945,100.00,4.53,insn per cycle
57.824907498,375857989,,cycles,100229295,100.00,,
57.925120084,101022,,rD044,100211955,100.00,,
57.925120084,763645,,rFF44,100211975,100.00,,
57.925120084,1782820817,,instructions,100212005,100.00,4.74,insn per cycle
57.925120084,375792863,,cycles,100211905,100.00,,
58.025333590,129057,,rD044,100213025,100.00,,
58.025333590,798426,,rFF44,100212515,100.00,,
58.025333590,1814096278,,instructions,100213175,100.00,4.83,insn per cycle
58.025333590,375800472,,cycles,100213925,100.00,,
58.125547376,109673,,rD044,100213265,100.00,,
58.125547376,759995,,rFF44,100213375,100.00,,
58.125547376,1820792059,,instructions,100212705,100.00,4.85,insn per cycle
58.125547376,375793072,,cycles,100211985,100.00,,
58.225762452,94787,,rD044,100200984,100.00,,
58.225762452,808965,,rFF44,100201074,100.00,,
58.225762452,1824349956,,instructions,100200854,100.00,4.86,insn per cycle
58.225762452,375730769,,cycles,100200615,100.00,,
58.325974747,109268,,rD044,100211895,100.00,,
58.325974747,768282,,rFF44,100211685,100.00,,
58.325974747,1824293294,,instructions,100211905,100.00,4.85,insn per cycle
58.325974747,375795242,,cycles,100212344,100.00,,
58.426186453,102583,,rD044,100210965,100.00,,
58.426186453,779892,,rFF44,100211515,100.00,,
58.426186453,1823139137,,instructions,100210845,100.00,4.85,insn per cycle
58.426186453,375789195,,cycles,100210945,100.00,,
58.526397839,129894,,rD044,100210435,100.00,,
58.526397839,799059,,rFF44,100210085,100.00,,
58.526397839,1816678493,,instructions,100210665,100.00,4.83,insn per cycle
58.526397839,375790657,,cycles,100211325,100.00,,
58.626609255,111034,,rD044,100210895,100.00,,
58.626609255,767795,,rFF44,100210655,100.00,,
58.626609255,1822847311,,instructions,100210825,100.00,4.85,insn per cycle
58.626609255,375785781,,cycles,100210225,100.00,,
58.726822351,96179,,rD044,100213074,100.00,,
58.726822351,782335,,rFF44,100213384,100.00,,
58.726822351,1810131523,,instructions,100212985,100.00,4.82,insn per cycle
58.726822351,375793940,,cycles,100212005,100.00,,
58.827034517,109444,,rD044,100211285,100.00,,
58.827034517,743186,,rFF44,100211615,100.00,,
58.827034517,1740210740,,instructions,100211524,100.00,4.63,insn per cycle
58.827034517,375792735,,cycles,100211884,100.00,,
58.927245513,98694,,rD044,100210045,100.00,,
58.927245513,737122,,rFF44,100209965,100.00,,
58.927245513,1674990425,,instructions,100210665,100.00,4.46,insn per cycle
58.927245513,375789030,,cycles,100211085,100.00,,
59.027459989,97904,,rD044,100213845,100.00,,
59.027459989,732887,,rFF44,100214265,100.00,,
59.027459989,1681421827,,instructions,100213185,100.00,4.47,insn per cycle
59.027459989,375801576,,cycles,100214035,100.00,,
59.127688335,80416,,rD044,100227985,100.00,,
59.127688335,701333,,rFF44,100227485,100.00,,
59.127688335,1711582409,,instructions,100228205,100.00,4.55,insn per cycle
59.127688335,375853121,,cycles,100227985,100.00,,
59.227930611,94669,,rD044,100219364,100.00,,
59.227930611,746108,,rFF44,100219264,100.00,,
59.227930611,1683180897,,instructions,100218724,100.00,4.48,insn per cycle
59.227930611,375781161,,cycles,100217404,100.00,,
59.328147037,104731,,rD044,100215965,100.00,,
59.328147037,710121,,rFF44,100216025,100.00,,
59.328147037,1661830394,,instructions,100216605,100.00,4.42,insn per cycle
59.328147037,375812493,,cycles,100217155,100.00,,
59.428356153,104769,,rD044,100208174,100.00,,
59.428356153,705011,,rFF44,100208924,100.00,,
59.428356153,1699426025,,instructions,100208894,100.00,4.52,insn per cycle
59.428356153,375780405,,cycles,100208584,100.00,,
59.528565709,94172,,rD044,100208925,100.00,,
59.528565709,728202,,rFF44,100208495,100.00,,
59.528565709,1656088220,,instructions,100208495,100.00,4.41,insn per cycle
59.528565709,375780900,,cycles,100208735,100.00,,
59.628777054,107067,,rD044,100210335,100.00,,
59.628777054,731488,,rFF44,100209975,100.00,,
59.628777054,1703686496,,instructions,100210115,100.00,4.53,insn per cycle
59.628777054,375785840,,cycles,100210045,100.00,,
59.728988170,96600,,rD044,100210985,100.00,,
59.728988170,765621,,rFF44,100211545,100.00,,
59.728988170,1739365252,,instructions,100211665,100.00,4.63,insn per cycle
59.728988170,375791360,,cycles,100211365,100.00,,
59.829200656,105425,,rD044,100211945,100.00,,
59.829200656,743531,,rFF44,100211315,100.00,,
59.829200656,1735245846,,instructions,100211225,100.00,4.62,insn per cycle
59.829200656,375788840,,cycles,100210985,100.00,,
59.929413362,101402,,rD044,100212424,100.00,,
59.929413362,737286,,rFF44,100212494,100.00,,
59.929413362,1672846590,,instructions,100211924,100.00,4.45,insn per cycle
59.929413362,375793281,,cycles,100212214,100.00,,
60.029623288,96053,,rD044,100209265,100.00,,
60.029623288,732697,,rFF44,100209435,100.00,,
60.029623288,1681915123,,instructions,100209365,100.00,4.48,insn per cycle
60.029623288,375784002,,cycles,100209365,100.00,,
60.129835494,111632,,rD044,100211075,100.00,,
60.129835494,737970,,rFF44,100210955,100.00,,
60.129835494,1719287428,,instructions,100211985,100.00,4.58,insn per cycle
60.129835494,375797978,,cycles,100213275,100.00,,
60.230051630,79513,,rD044,100206135,100.00,,
60.230051630,749685,,rFF44,100206385,100.00,,
60.230051630,1750534225,,instructions,100205355,100.00,4.66,insn per cycle
60.230051630,375744794,,cycles,100204225,100.00,,
60.330260616,91285,,rD044,100208895,100.00,,
60.330260616,706748,,rFF44,100208625,100.00,,
60.330260616,1668933479,,instructions,100208995,100.00,4.44,insn per cycle
60.330260616,375780993,,cycles,100208765,100.00,,
60.430470281,106152,,rD044,100209034,100.00,,
60.430470281,725073,,rFF44,100208724,100.00,,
60.430470281,1652534277,,instructions,100208684,100.00,4.40,insn per cycle
60.430470281,375780388,,cycles,100208584,100.00,,
60.530680687,96564,,rD044,100209175,100.00,,
60.530680687,724562,,rFF44,100209345,100.00,,
60.530680687,1650219976,,instructions,100208775,100.00,4.39,insn per cycle
60.530680687,375783172,,cycles,100209325,100.00,,
60.630908793,105104,,rD044,100227755,100.00,,
60.630908793,690954,,rFF44,100228085,100.00,,
60.630908793,1688021293,,instructions,100228425,100.00,4.49,insn per cycle
60.630908793,375853857,,cycles,100228185,100.00,,
60.731118149,98780,,rD044,100209015,100.00,,
60.731118149,750511,,rFF44,100208805,100.00,,
60.731118149,1692278091,,instructions,100208975,100.00,4.50,insn per cycle
60.731118149,375770931,,cycles,100208545,100.00,,
60.831328465,100294,,rD044,100209305,100.00,,
60.831328465,721152,,rFF44,100209705,100.00,,
60.831328465,1676993823,,instructions,100209965,100.00,4.46,insn per cycle
60.831328465,375785203,,cycles,100209865,100.00,,
60.931539431,105879,,rD044,100210594,100.00,,
60.931539431,727510,,rFF44,100209864,100.00,,
60.931539431,1688037391,,instructions,100210214,100.00,4.49,insn per cycle
60.931539431,375787790,,cycles,100210574,100.00,,
61.031763547,63821,,rD044,100211125,100.00,,
61.031763547,702342,,rFF44,100210985,100.00,,
61.031763547,1673699194,,instructions,100210975,100.00,4.45,insn per cycle
61.031763547,375775078,,cycles,100211915,100.00,,
61.131978343,110419,,rD044,100214555,100.00,,
61.131978343,734832,,rFF44,100214905,100.00,,
61.131978343,1728331368,,instructions,100214325,100.00,4.60,insn per cycle
61.131978343,375800697,,cycles,100214205,100.00,,
61.232189989,100393,,rD044,100196855,100.00,,
61.232189989,758425,,rFF44,100197745,100.00,,
61.232189989,1724690907,,instructions,100197805,100.00,4.59,insn per cycle
61.232189989,375718244,,cycles,100196915,100.00,,
61.332403005,99985,,rD044,100212615,100.00,,
61.332403005,749496,,rFF44,100211815,100.00,,
61.332403005,1752805815,,instructions,100212265,100.00,4.66,insn per cycle
61.332403005,375797225,,cycles,100213075,100.00,,
61.432616581,106739,,rD044,100212775,100.00,,
61.432616581,727779,,rFF44,100212725,100.00,,
61.432616581,1684461477,,instructions,100212365,100.00,4.48,insn per cycle
61.432616581,375791761,,cycles,100211625,100.00,,
61.532826136,95989,,rD044,100208804,100.00,,
61.532826136,744451,,rFF44,100209284,100.00,,
61.532826136,1696696767,,instructions,100209514,100.00,4.52,insn per cycle
61.532826136,375784774,,cycles,100209754,100.00,,
61.633038022,107021,,rD044,100211735,100.00,,
61.633038022,747359,,rFF44,100211165,100.00,,
61.633038022,1766825079,,instructions,100210875,100.00,4.70,insn per cycle
61.633038022,375787908,,cycles,100210605,100.00,,
61.733249678,97765,,rD044,100210825,100.00,,
61.733249678,755834,,rFF44,100210605,100.00,,
61.733249678,1713612962,,instructions,100211115,100.00,4.56,insn per cycle
61.733249678,375789297,,cycles,100210965,100.00,,
61.833460424,101737,,rD044,100209945,100.00,,
61.833460424,747371,,rFF44,100209795,100.00,,
61.833460424,1749210570,,instructions,100209115,100.00,4.65,insn per cycle
61.833460424,375781739,,cycles,100208935,100.00,,
61.933669250,109970,,rD044,100208435,100.00,,
61.933669250,701335,,rFF44,100208625,100.00,,
61.933669250,1728747385,,instructions,100209285,100.00,4.60,insn per cycle
61.933669250,375788734,,cycles,100210825,100.00,,
62.033918176,94105,,rD044,100236145,100.00,,
62.033918176,747644,,rFF44,100236115,100.00,,
62.033918176,1711782350,,instructions,100235465,100.00,4.55,insn per cycle
62.033918176,375855626,,cycles,100234165,100.00,,
62.134128262,108314,,rD044,100208844,100.00,,
62.134128262,746244,,rFF44,100209014,100.00,,
62.134128262,1742467707,,instructions,100209244,100.00,4.64,insn per cycle
62.134128262,375786454,,cycles,100210014,100.00,,
62.234340558,100558,,rD044,100197955,100.00,,
62.234340558,736269,,rFF44,100198775,100.00,,
62.234340558,1656141467,,instructions,100198755,100.00,4.41,insn per cycle
62.234340558,375722526,,cycles,100198485,100.00,,
62.334550654,98084,,rD044,100209405,100.00,,
62.334550654,718754,,rFF44,100209105,100.00,,
62.334550654,1659751406,,instructions,100208645,100.00,4.42,insn per cycle
62.334550654,375781494,,cycles,100208885,100.00,,
62.434761810,75519,,rD044,100210385,100.00,,
62.434761810,689458,,rFF44,100210475,100.00,,
62.434761810,1665218714,,instructions,100210245,100.00,4.43,insn per cycle
62.434761810,375785008,,cycles,100209715,100.00,,
62.534971756,97152,,rD044,100209274,100.00,,
62.534971756,738808,,rFF44,100208725,100.00,,
62.534971756,1672576151,,instructions,100209755,100.00,4.45,insn per cycle
62.534971756,375785897,,cycles,100210995,100.00,,
62.635212672,105523,,rD044,100240395,100.00,,
62.635212672,728208,,rFF44,100241024,100.00,,
62.635212672,1718881650,,instructions,100240884,100.00,4.57,insn per cycle
62.635212672,375888778,,cycles,100239355,100.00,,
62.735424178,99403,,rD044,100211005,100.00,,
62.735424178,701262,,rFF44,100210495,100.00,,
62.735424178,1693876836,,instructions,100210725,100.00,4.51,insn per cycle
62.735424178,375789474,,cycles,100210824,100.00,,
62.835635094,101862,,rD044,100210265,100.00,,
62.835635094,751918,,rFF44,100210655,100.00,,
62.835635094,1741267024,,instructions,100209775,100.00,4.63,insn per cycle
62.835635094,375787641,,cycles,100210525,100.00,,
62.935879550,109875,,rD044,100243595,100.00,,
62.935879550,740071,,rFF44,100243035,100.00,,
62.935879550,1712842810,,instructions,100243115,100.00,4.56,insn per cycle
62.935879550,375908192,,cycles,100242665,100.00,,
63.036088866,95185,,rD044,100208475,100.00,,
63.036088866,751269,,rFF44,100208845,100.00,,
63.036088866,1738738551,,instructions,100209055,100.00,4.63,insn per cycle
63.036088866,375782589,,cycles,100209175,100.00,,
63.136291622,106177,,rD044,100202525,100.00,,
63.136291622,728215,,rFF44,100202745,100.00,,
63.136291622,1711712109,,instructions,100202565,100.00,4.56,insn per cycle
63.136291622,375756789,,cycles,100202485,100.00,,
63.236502207,102312,,rD044,100186514,100.00,,
63.236502207,757488,,rFF44,100186514,100.00,,
63.236502207,1750649422,,instructions,100187484,100.00,4.66,insn per cycle
63.236502207,375670935,,cycles,100188224,100.00,,
63.336735253,102834,,rD044,100232385,100.00,,
63.336735253,736428,,rFF44,100231665,100.00,,
63.336735253,1691875822,,instructions,100230605,100.00,4.50,insn per cycle
63.336735253,375863305,,cycles,100230695,100.00,,
63.436945879,105139,,rD044,100209655,100.00,,
63.436945879,730275,,rFF44,100209905,100.00,,
63.436945879,1683653779,,instructions,100210055,100.00,4.48,insn per cycle
63.436945879,375782926,,cycles,100209265,100.00,,
63.537156735,99287,,rD044,100210345,100.00,,
63.537156735,779999,,rFF44,100210185,100.00,,
63.537156735,1781401536,,instructions,100209825,100.00,4.74,insn per cycle
63.537156735,375786881,,cycles,100210325,100.00,,
63.637367791,111844,,rD044,100209835,100.00,,
63.637367791,761261,,rFF44,100209985,100.00,,
63.637367791,1792514299,,instructions,100210255,100.00,4.77,insn per cycle
63.637367791,375784661,,cycles,100209725,100.00,,
63.737578047,106187,,rD044,100210594,100.00,,
63.737578047,793198,,rFF44,100210844,100.00,,
63.737578047,1822323299,,instructions,100211045,100.00,4.85,insn per cycle
63.737578047,375789846,,cycles,100211105,100.00,,
63.837792123,102645,,rD044,100212935,100.00,,
63.837792123,773910,,rFF44,100212415,100.00,,
63.837792123,1827690444,,instructions,100212854,100.00,4.86,insn per cycle
63.837792123,375795104,,cycles,100212714,100.00,,
63.938002549,108862,,rD044,100209565,100.00,,
63.938002549,796790,,rFF44,100209905,100.00,,
63.938002549,1828600939,,instructions,100209415,100.00,4.87,insn per cycle
63.938002549,375784292,,cycles,100209435,100.00,,
64.038211755,69535,,rD044,100208335,100.00,,
64.038211755,724937,,rFF44,100208295,100.00,,
64.038211755,1719073238,,instructions,100208855,100.00,4.57,insn per cycle
64.038211755,375778550,,cycles,100208925,100.00,,
64.138423831,112023,,rD044,100211755,100.00,,
64.138423831,745725,,rFF44,100211745,100.00,,
64.138423831,1710791762,,instructions,100211675,100.00,4.55,insn per cycle
64.138423831,375793739,,cycles,100212155,100.00,,
64.238634566,96055,,rD044,100197444,100.00,,
64.238634566,770625,,rFF44,100197304,100.00,,
64.238634566,1715725927,,instructions,100197295,100.00,4.57,insn per cycle
64.238634566,375716662,,cycles,100196655,100.00,,
64.338866702,110926,,rD044,100231185,100.00,,
64.338866702,754439,,rFF44,100231615,100.00,,
64.338866702,1761636644,,instructions,100231214,100.00,4.69,insn per cycle
64.338866702,375864511,,cycles,100231014,100.00,,
64.439075688,104896,,rD044,100208825,100.00,,
64.439075688,771352,,rFF44,100209455,100.00,,
64.439075688,1752967659,,instructions,100209635,100.00,4.66,insn per cycle
64.439075688,375787346,,cycles,100210445,100.00,,
64.539288034,99441,,rD044,100211375,100.00,,
64.539288034,758616,,rFF44,100210715,100.00,,
64.539288034,1744277422,,instructions,100210795,100.00,4.64,insn per cycle
64.539288034,375787794,,cycles,100210545,100.00,,
64.639499660,107084,,rD044,100211035,100.00,,
64.639499660,726633,,rFF44,100211295,100.00,,
64.639499660,1754513653,,instructions,100211185,100.00,4.67,insn per cycle
64.639499660,375789155,,cycles,100210785,100.00,,
64.739712746,99108,,rD044,100228485,100.00,,
64.739712746,770129,,rFF44,100228365,100.00,,
64.739712746,1750867224,,instructions,100228245,100.00,4.66,insn per cycle
64.739712746,375852752,,cycles,100228045,100.00,,
64.839953352,112406,,rD044,100223835,100.00,,
64.839953352,757678,,rFF44,100223565,100.00,,
64.839953352,1758890713,,instructions,100224135,100.00,4.68,insn per cycle
64.839953352,375838802,,cycles,100224185,100.00,,
64.940164148,98357,,rD044,100210294,100.00,,
64.940164148,771682,,rFF44,100210244,100.00,,
64.940164148,1735995458,,instructions,100210104,100.00,4.62,insn per cycle
64.940164148,375786948,,cycles,100210184,100.00,,
65.040376234,107056,,rD044,100212055,100.00,,
65.040376234,745524,,rFF44,100211585,100.00,,
65.040376234,1733461405,,instructions,100211175,100.00,4.61,insn per cycle
65.040376234,375794064,,cycles,100212365,100.00,,
65.140588030,76662,,rD044,100210345,100.00,,
65.140588030,716121,,rFF44,100211025,100.00,,
65.140588030,1713530621,,instructions,100211905,100.00,4.56,insn per cycle
65.140588030,375788332,,cycles,100210715,100.00,,
65.240799956,95829,,rD044,100197595,100.00,,
65.240799956,740717,,rFF44,100197645,100.00,,
65.240799956,1673473999,,instructions,100197115,100.00,4.45,insn per cycle
65.240799956,375716175,,cycles,100197275,100.00,,
65.341012322,111023,,rD044,100212175,100.00,,
65.341012322,733743,,rFF44,100212025,100.00,,
65.341012322,1674273962,,instructions,100211565,100.00,4.46,insn per cycle
65.341012322,375792935,,cycles,100211925,100.00,,
65.441223107,98150,,rD044,100209884,100.00,,
65.441223107,720488,,rFF44,100209674,100.00,,
65.441223107,1675338178,,instructions,100210254,100.00,4.46,insn per cycle
65.441223107,375786982,,cycles,100210294,100.00,,
65.541434763,104529,,rD044,100210485,100.00,,
65.541434763,731143,,rFF44,100210795,100.00,,
65.541434763,1672265087,,instructions,100210435,100.00,4.45,insn per cycle
65.541434763,375784815,,cycles,100209825,100.00,,
65.641645589,105385,,rD044,100210785,100.00,,
65.641645589,745326,,rFF44,100210025,100.00,,
65.641645589,1670340705,,instructions,100209985,100.00,4.44,insn per cycle
65.641645589,375785990,,cycles,100210085,100.00,,
65.741883595,66787,,rD044,100237725,100.00,,
65.741883595,712470,,rFF44,100238435,100.00,,
65.741883595,1683872892,,instructions,100238285,100.00,4.48,insn per cycle
65.741883595,375891015,,cycles,100238095,100.00,,
65.842095181,108422,,rD044,100210605,100.00,,
65.842095181,733953,,rFF44,100210925,100.00,,
65.842095181,1679742902,,instructions,100211335,100.00,4.47,insn per cycle
65.842095181,375792375,,cycles,100211775,100.00,,
65.942308527,99186,,rD044,100212654,100.00,,
65.942308527,754472,,rFF44,100212705,100.00,,
65.942308527,1683573460,,instructions,100212665,100.00,4.48,insn per cycle
65.942308527,375795425,,cycles,100212605,100.00,,
66.042521193,106776,,rD044,100212115,100.00,,
66.042521193,757438,,rFF44,100211994,100.00,,
66.042521193,1751363614,,instructions,100211804,100.00,4.66,insn per cycle
66.042521193,375791633,,cycles,100211584,100.00,,
66.142733179,100150,,rD044,100189744,100.00,,
66.142733179,773745,,rFF44,100189394,100.00,,
66.142733179,1754343021,,instructions,100189904,100.00,4.67,insn per cycle
66.142733179,375673120,,cycles,100189964,100.00,,
66.242944765,106775,,rD044,100211585,100.00,,
66.242944765,716706,,rFF44,100211685,100.00,,
66.242944765,1731554604,,instructions,100211405,100.00,4.61,insn per cycle
66.242944765,375792981,,cycles,100211755,100.00,,
66.343155881,110839,,rD044,100209865,100.00,,
66.343155881,748684,,rFF44,100210175,100.00,,
66.343155881,1709067763,,instructions,100209525,100.00,4.55,insn per cycle
66.343155881,375782469,,cycles,100209145,100.00,,
66.443366857,96830,,rD044,100210535,100.00,,
66.443366857,757287,,rFF44,100210465,100.00,,
66.443366857,1709033985,,instructions,100210995,100.00,4.55,insn per cycle
66.443366857,375789156,,cycles,100210925,100.00,,
66.543580102,111221,,rD044,100212814,100.00,,
66.543580102,743527,,rFF44,100212824,100.00,,
66.543580102,1720008175,,instructions,100213114,100.00,4.58,insn per cycle
66.543580102,375803216,,cycles,100214674,100.00,,
66.643804948,101052,,rD044,100224235,100.00,,
66.643804948,776764,,rFF44,100223525,100.00,,
66.643804948,1749373554,,instructions,100223075,100.00,4.65,insn per cycle
66.643804948,375828193,,cycles,100221335,100.00,,
66.744013644,71140,,rD044,100208085,100.00,,
66.744013644,706821,,rFF44,100207835,100.00,,
66.744013644,1715925386,,instructions,100208555,100.00,4.57,insn per cycle
66.744013644,375782200,,cycles,100209075,100.00,,
66.844225900,104313,,rD044,100211405,100.00,,
66.844225900,744926,,rFF44,100211985,100.00,,
66.844225900,1682459097,,instructions,100211295,100.00,4.48,insn per cycle
66.844225900,375791642,,cycles,100211595,100.00,,
66.944435856,98378,,rD044,100209355,100.00,,
66.944435856,757653,,rFF44,100208755,100.00,,
66.944435856,1719887458,,instructions,100208565,100.00,4.58,insn per cycle
66.944435856,375778968,,cycles,100208205,100.00,,
67.044647782,108857,,rD044,100212304,100.00,,
67.044647782,743493,,rFF44,100212704,100.00,,
67.044647782,1711131047,,instructions,100212574,100.00,4.55,insn per cycle
67.044647782,375793765,,cycles,100212164,100.00,,
67.144872338,96603,,rD044,100222955,100.00,,
67.144872338,770285,,rFF44,100223115,100.00,,
67.144872338,1722535490,,instructions,100223785,100.00,4.58,insn per cycle
67.144872338,375838230,,cycles,100224005,100.00,,
67.245083404,110262,,rD044,100188615,100.00,,
67.245083404,707493,,rFF44,100188535,100.00,,
67.245083404,1694778661,,instructions,100187875,100.00,4.51,insn per cycle
67.245083404,375666322,,cycles,100187645,100.00,,
67.345297180,102734,,rD044,100213695,100.00,,
67.345297180,746022,,rFF44,100213895,100.00,,
67.345297180,1682937728,,instructions,100214475,100.00,4.48,insn per cycle
67.345297180,375804542,,cycles,100215015,100.00,,
67.445510846,98091,,rD044,100212655,100.00,,
67.445510846,737111,,rFF44,100213015,100.00,,
67.445510846,1685216189,,instructions,100212685,100.00,4.48,insn per cycle
67.445510846,375794803,,cycles,100212435,100.00,,
67.545739062,81591,,rD044,100227825,100.00,,
67.545739062,702295,,rFF44,100226915,100.00,,
67.545739062,1694768476,,instructions,100227015,100.00,4.51,insn per cycle
67.545739062,375850388,,cycles,100227265,100.00,,
67.645949668,96275,,rD044,100209394,100.00,,
67.645949668,764071,,rFF44,100209804,100.00,,
67.645949668,1706527538,,instructions,100210124,100.00,4.54,insn per cycle
67.645949668,375785285,,cycles,100209884,100.00,,
67.746160033,107488,,rD044,100209595,100.00,,
67.746160033,732461,,rFF44,100209585,100.00,,
67.746160033,1685220143,,instructions,100209195,100.00,4.48,insn per cycle
67.746160033,375787342,,cycles,100210445,100.00,,
67.846372009,104300,,rD044,100211385,100.00,,
67.846372009,750501,,rFF44,100211215,100.00,,
67.846372009,1686994689,,instructions,100211035,100.00,4.49,insn per cycle
67.846372009,375786571,,cycles,100210235,100.00,,
67.946581005,97351,,rD044,100208605,100.00,,
67.946581005,702616,,rFF44,100208475,100.00,,
67.946581005,1679820612,,instructions,100208935,100.00,4.47,insn per cycle
67.946581005,375779203,,cycles,100208275,100.00,,
68.046793201,108741,,rD044,100211225,100.00,,
68.046793201,737381,,rFF44,100211485,100.00,,
68.046793201,1689498833,,instructions,100211215,100.00,4.50,insn per cycle
68.046793201,375791059,,cycles,100211435,100.00,,
68.147004697,97891,,rD044,100211024,100.00,,
68.147004697,749546,,rFF44,100211014,100.00,,
68.147004697,1682909462,,instructions,100211384,100.00,4.48,insn per cycle
68.147004697,375794753,,cycles,100212604,100.00,,
68.247217463,75997,,rD044,100199465,100.00,,
68.247217463,698736,,rFF44,100199375,100.00,,
68.247217463,1689518091,,instructions,100199285,100.00,4.50,insn per cycle
68.247217463,375724404,,cycles,100198605,100.00,,
68.347427759,100560,,rD044,100209915,100.00,,
68.347427759,749025,,rFF44,100209925,100.00,,
68.347427759,1676531493,,instructions,100209605,100.00,4.46,insn per cycle
68.347427759,375780924,,cycles,100208545,100.00,,
68.447638205,101561,,rD044,100209285,100.00,,
68.447638205,730768,,rFF44,100209725,100.00,,
68.447638205,1674493284,,instructions,100210665,100.00,4.46,insn per cycle
68.447638205,375788876,,cycles,100210845,100.00,,
68.547903751,105596,,rD044,100265555,100.00,,
68.547903751,697859,,rFF44,100265085,100.00,,
68.547903751,1680634155,,instructions,100264205,100.00,4.47,insn per cycle
68.547903751,375987308,,cycles,100263765,100.00,,
68.648110997,97825,,rD044,100206445,100.00,,
68.648110997,743265,,rFF44,100206145,100.00,,
68.648110997,1671943543,,instructions,100206115,100.00,4.45,insn per cycle
68.648110997,375771674,,cycles,100206175,100.00,,
68.748322013,109197,,rD044,100209944,100.00,,
68.748322013,738394,,rFF44,100210344,100.00,,
68.748322013,1696046114,,instructions,100210684,100.00,4.51,insn per cycle
68.748322013,375789907,,cycles,100211214,100.00,,
68.848532029,1781531,,rD044,100210675,100.00,,
68.848532029,23650601,,rFF44,100210665,100.00,,
68.848532029,1674878476,,instructions,100210255,100.00,4.46,insn per cycle
68.848532029,375786246,,cycles,100210155,100.00,,
68.948742385,2403954,,rD044,100209415,100.00,,
68.948742385,33192434,,rFF44,100209915,100.00,,
68.948742385,1664399349,,instructions,100210575,100.00,4.43,insn per cycle
68.948742385,375780085,,cycles,100211515,100.00,,
69.048959590,1496612,,rD044,100216465,100.00,,
69.048959590,28246542,,rFF44,100215575,100.00,,
69.048959590,1709736464,,instructions,100214815,100.00,4.55,insn per cycle
69.048959590,375801661,,cycles,100214265,100.00,,
69.149171396,1741019,,rD044,100192955,100.00,,
69.149171396,30030234,,rFF44,100193195,100.00,,
69.149171396,1674077713,,instructions,100193665,100.00,4.46,insn per cycle
69.149171396,375702688,,cycles,100194305,100.00,,
69.249385162,239287,,rD044,100213094,100.00,,
69.249385162,11093940,,rFF44,100213144,100.00,,
69.249385162,815948755,,instructions,100212594,100.00,2.17,insn per cycle
69.249385162,375792277,,cycles,100211755,100.00,,
69.349595808,56772,,rD044,100209985,100.00,,
69.349595808,7657505,,rFF44,100210085,100.00,,
69.349595808,671042554,,instructions,100210585,100.00,1.79,insn per cycle
69.349595808,375789377,,cycles,100210984,100.00,,
69.449810014,603162,,rD044,100213495,100.00,,
69.449810014,16364094,,rFF44,100213825,100.00,,
69.449810014,1041174814,,instructions,100213015,100.00,2.77,insn per cycle
69.449810014,375795049,,cycles,100212485,100.00,,
69.550020990,23736,,rD044,100210015,100.00,,
69.550020990,6978733,,rFF44,100209445,100.00,,
69.550020990,629444892,,instructions,100210805,100.00,1.67,insn per cycle
69.550020990,375789896,,cycles,100211335,100.00,,
69.650233526,132312,,rD044,100212435,100.00,,
69.650233526,8366078,,rFF44,100212805,100.00,,
69.650233526,686538160,,instructions,100212585,100.00,1.83,insn per cycle
69.650233526,375794247,,cycles,100212285,100.00,,
69.750448112,54769,,rD044,100214144,100.00,,
69.750448112,8276205,,rFF44,100214295,100.00,,
69.750448112,681111192,,instructions,100213375,100.00,1.81,insn per cycle
69.750448112,375797653,,cycles,100212995,100.00,,
69.850657977,41571,,rD044,100208565,100.00,,
69.850657977,7167015,,rFF44,100208874,100.00,,
69.850657977,639220720,,instructions,100208824,100.00,1.70,insn per cycle
69.850657977,375782515,,cycles,100209164,100.00,,
69.950887204,323386,,rD044,100228885,100.00,,
69.950887204,10851878,,rFF44,100228645,100.00,,
69.950887204,774390926,,instructions,100228525,100.00,2.06,insn per cycle
69.950887204,375858615,,cycles,100229445,100.00,,
70.051097739,43613,,rD044,100209615,100.00,,
70.051097739,7721400,,rFF44,100209515,100.00,,
70.051097739,655979457,,instructions,100209745,100.00,1.75,insn per cycle
70.051097739,375781530,,cycles,100209085,100.00,,
70.151308245,43566,,rD044,100210235,100.00,,
70.151308245,7073574,,rFF44,100209685,100.00,,
70.151308245,645013845,,instructions,100209415,100.00,1.72,insn per cycle
70.151308245,375782515,,cycles,100209155,100.00,,
70.251519131,80970,,rD044,100198464,100.00,,
70.251519131,8502216,,rFF44,100198694,100.00,,
70.251519131,687205294,,instructions,100200034,100.00,1.83,insn per cycle
70.251519131,375728974,,cycles,100200374,100.00,,
70.351736137,44303,,rD044,100216454,100.00,,
70.351736137,7011399,,rFF44,100216254,100.00,,
70.351736137,632113756,,instructions,100215214,100.00,1.68,insn per cycle
70.351736137,375803154,,cycles,100214664,100.00,,
70.451977953,467944,,rD044,100241735,100.00,,
70.451977953,11858973,,rFF44,100241585,100.00,,
70.451977953,792548583,,instructions,100241865,100.00,2.11,insn per cycle
70.451977953,375907870,,cycles,100242395,100.00,,
70.552191219,820431,,rD044,100212325,100.00,,
70.552191219,15281253,,rFF44,100212335,100.00,,
70.552191219,915357143,,instructions,100212975,100.00,2.44,insn per cycle
70.552191219,375794444,,cycles,100212535,100.00,,
70.652401515,1433957,,rD044,100210045,100.00,,
70.652401515,28427948,,rFF44,100210485,100.00,,
70.652401515,1549005883,,instructions,100209455,100.00,4.12,insn per cycle
70.652401515,375789189,,cycles,100210735,100.00,,
70.752616121,157818,,rD044,100213045,100.00,,
70.752616121,10355532,,rFF44,100212805,100.00,,
70.752616121,753548005,,instructions,100213465,100.00,2.01,insn per cycle
70.752616121,375793995,,cycles,100212225,100.00,,
70.852825357,99495,,rD044,100208705,100.00,,
70.852825357,8325612,,rFF44,100209555,100.00,,
70.852825357,677495020,,instructions,100208725,100.00,1.80,insn per cycle
70.852825357,375780402,,cycles,100208585,100.00,,
70.953034943,2545,,rD044,100209054,100.00,,
70.953034943,5910592,,rFF44,100208504,100.00,,
70.953034943,565056217,,instructions,100209064,100.00,1.50,insn per cycle
70.953034943,375785104,,cycles,100210034,100.00,,
71.053246019,20657,,rD044,100210345,100.00,,
71.053246019,7207702,,rFF44,100211115,100.00,,
71.053246019,637590004,,instructions,100210615,100.00,1.70,insn per cycle
71.053246019,375786280,,cycles,100209975,100.00,,
71.153458205,243071,,rD044,100212575,100.00,,
71.153458205,10231443,,rFF44,100211415,100.00,,
71.153458205,763189800,,instructions,100211635,100.00,2.03,insn per cycle
71.153458205,375789418,,cycles,100211185,100.00,,
71.253657530,14126,,rD044,100170045,100.00,,
71.253657530,6338965,,rFF44,100170645,100.00,,
71.253657530,592115830,,instructions,100171025,100.00,1.58,insn per cycle
71.253657530,375602591,,cycles,100171905,100.00,,
71.353882526,115362,,rD044,100225505,100.00,,
71.353882526,8707429,,rFF44,100225125,100.00,,
71.353882526,685955882,,instructions,100224585,100.00,1.83,insn per cycle
71.353882526,375838882,,cycles,100224015,100.00,,
71.454093252,51317,,rD044,100209054,100.00,,
71.454093252,7563073,,rFF44,100209214,100.00,,
71.454093252,659990340,,instructions,100209404,100.00,1.76,insn per cycle
71.454093252,375786153,,cycles,100210304,100.00,,
71.554304968,56972,,rD044,100211045,100.00,,
71.554304968,7246478,,rFF44,100211055,100.00,,
71.554304968,654776090,,instructions,100211255,100.00,1.74,insn per cycle
71.554304968,375788900,,cycles,100210665,100.00,,
71.654516784,1073996,,rD044,100211455,100.00,,
71.654516784,21343469,,rFF44,100212215,100.00,,
71.654516784,1150167606,,instructions,100211885,100.00,3.06,insn per cycle
71.654516784,375796565,,cycles,100212915,100.00,,
71.754745880,216137,,rD044,100228665,100.00,,
71.754745880,8693445,,rFF44,100228265,100.00,,
71.754745880,679642288,,instructions,100228625,100.00,1.81,insn per cycle
71.754745880,375851697,,cycles,100227595,100.00,,
71.854957976,354449,,rD044,100211165,100.00,,
71.854957976,11749004,,rFF44,100210775,100.00,,
71.854957976,815634161,,instructions,100210955,100.00,2.17,insn per cycle
71.854957976,375787269,,cycles,100210615,100.00,,
71.955170232,275170,,rD044,100211584,100.00,,
71.955170232,11488905,,rFF44,100211495,100.00,,
71.955170232,831780718,,instructions,100211925,100.00,2.21,insn per cycle
71.955170232,375797015,,cycles,100212825,100.00,,
72.055386168,50740,,rD044,100215555,100.00,,
72.055386168,7809989,,rFF44,100215854,100.00,,
72.055386168,656508850,,instructions,100214974,100.00,1.75,insn per cycle
72.055386168,375800621,,cycles,100213994,100.00,,
72.155598304,161561,,rD044,100198765,100.00,,
72.155598304,8544137,,rFF44,100198095,100.00,,
72.155598304,687595819,,instructions,100198445,100.00,1.83,insn per cycle
72.155598304,375723189,,cycles,100198855,100.00,,
72.255808599,21021,,rD044,100209955,100.00,,
72.255808599,7592333,,rFF44,100210385,100.00,,
72.255808599,643526350,,instructions,100210515,100.00,1.71,insn per cycle
72.255808599,375790805,,cycles,100210985,100.00,,
72.356049096,78518,,rD044,100239335,100.00,,
72.356049096,6965269,,rFF44,100239465,100.00,,
72.356049096,602693033,,instructions,100239195,100.00,1.60,insn per cycle
72.356049096,375892361,,cycles,100238645,100.00,,
72.456261272,39446,,rD044,100212415,100.00,,
72.456261272,8047981,,rFF44,100212155,100.00,,
72.456261272,654644964,,instructions,100211875,100.00,1.74,insn per cycle
72.456261272,375793418,,cycles,100212065,100.00,,
72.556474577,154740,,rD044,100212054,100.00,,
72.556474577,9131317,,rFF44,100212634,100.00,,
72.556474577,714742958,,instructions,100212365,100.00,1.90,insn per cycle
72.556474577,375792674,,cycles,100211675,100.00,,
72.656691133,86287,,rD044,100216155,100.00,,
72.656691133,9261941,,rFF44,100215515,100.00,,
72.656691133,708139912,,instructions,100215974,100.00,1.88,insn per cycle
72.656691133,375809870,,cycles,100216424,100.00,,
72.756920659,17262,,rD044,100228365,100.00,,
72.756920659,6363674,,rFF44,100228505,100.00,,
72.756920659,564044225,,instructions,100228665,100.00,1.50,insn per cycle
72.756920659,375853875,,cycles,100228205,100.00,,
72.857130645,40642,,rD044,100209745,100.00,,
72.857130645,7385333,,rFF44,100209655,100.00,,
72.857130645,618684143,,instructions,100210385,100.00,1.65,insn per cycle
72.857130645,375788735,,cycles,100210815,100.00,,
72.957342551,3062,,rD044,100211435,100.00,,
72.957342551,5997944,,rFF44,100212425,100.00,,
72.957342551,542878730,,instructions,100212195,100.00,1.44,insn per cycle
72.957342551,375792904,,cycles,100211925,100.00,,
73.057553797,12050,,rD044,100210265,100.00,,
73.057553797,6180645,,rFF44,100209245,100.00,,
73.057553797,571494670,,instructions,100208515,100.00,1.52,insn per cycle
73.057553797,375778978,,cycles,100208215,100.00,,
73.157762163,274537,,rD044,100207794,100.00,,
73.157762163,11919679,,rFF44,100208104,100.00,,
73.157762163,800748645,,instructions,100208194,100.00,2.13,insn per cycle
73.157762163,375782116,,cycles,100209234,100.00,,
73.257973909,17337,,rD044,100198255,100.00,,
73.257973909,6330681,,rFF44,100198265,100.00,,
73.257973909,576245405,,instructions,100198545,100.00,1.53,insn per cycle
73.257973909,375721648,,cycles,100197925,100.00,,
73.358185175,3839,,rD044,100210615,100.00,,
73.358185175,6335064,,rFF44,100210375,100.00,,
73.358185175,578150848,,instructions,100210745,100.00,1.54,insn per cycle
73.358185175,375792386,,cycles,100211785,100.00,,
73.458397040,110786,,rD044,100211255,100.00,,
73.458397040,10503267,,rFF44,100211055,100.00,,
73.458397040,755685981,,instructions,100210715,100.00,2.01,insn per cycle
73.458397040,375785947,,cycles,100210065,100.00,,
73.558609556,40086,,rD044,100212095,100.00,,
73.558609556,6769245,,rFF44,100213125,100.00,,
73.558609556,595183330,,instructions,100211625,100.00,1.58,insn per cycle
73.558609556,375790210,,cycles,100211215,100.00,,
73.658818322,81908,,rD044,100208174,100.00,,
73.658818322,8436808,,rFF44,100207664,100.00,,
73.658818322,687100740,,instructions,100209114,100.00,1.83,insn per cycle
73.658818322,375782331,,cycles,100209104,100.00,,
73.759030448,19758,,rD044,100211435,100.00,,
73.759030448,6427113,,rFF44,100211025,100.00,,
73.759030448,612478938,,instructions,100210935,100.00,1.63,insn per cycle
73.759030448,375790367,,cycles,100211245,100.00,,
73.859241774,19412,,rD044,100210575,100.00,,
73.859241774,7749236,,rFF44,100210535,100.00,,
73.859241774,651585389,,instructions,100209935,100.00,1.73,insn per cycle
73.859241774,375784939,,cycles,100209805,100.00,,
73.959450990,27946,,rD044,100208855,100.00,,
73.959450990,7061084,,rFF44,100209335,100.00,,
73.959450990,581405441,,instructions,100209495,100.00,1.55,insn per cycle
73.959450990,375782713,,cycles,100209215,100.00,,
74.059662666,142291,,rD044,100211425,100.00,,
74.059662666,8329107,,rFF44,100211015,100.00,,
74.059662666,680854898,,instructions,100211235,100.00,1.81,insn per cycle
74.059662666,375791630,,cycles,100211585,100.00,,
74.159906662,702690,,rD044,100229445,100.00,,
74.159906662,26938738,,rFF44,100229815,100.00,,
74.159906662,1581658677,,instructions,100229565,100.00,4.21,insn per cycle
74.159906662,375836338,,cycles,100229535,100.00,,
74.260145158,637076,,rD044,100238794,100.00,,
74.260145158,26160170,,rFF44,100238965,100.00,,
74.260145158,1526278950,,instructions,100239995,100.00,4.06,insn per cycle
74.260145158,375901280,,cycles,100240825,100.00,,
74.360358794,1906136,,rD044,100211855,100.00,,
74.360358794,29275191,,rFF44,100211764,100.00,,
74.360358794,1723583236,,instructions,100210994,100.00,4.59,insn per cycle
74.360358794,375787334,,cycles,100210824,100.00,,
74.460570190,1197292,,rD044,100211225,100.00,,
74.460570190,21710698,,rFF44,100211185,100.00,,
74.460570190,1290405425,,instructions,100211915,100.00,3.43,insn per cycle
74.460570190,375795920,,cycles,100212345,100.00,,
74.560784116,97744,,rD044,100212655,100.00,,
74.560784116,8773458,,rFF44,100212795,100.00,,
74.560784116,717652740,,instructions,100212135,100.00,1.91,insn per cycle
74.560784116,375787970,,cycles,100210805,100.00,,
74.660993602,53538,,rD044,100209135,100.00,,
74.660993602,7761070,,rFF44,100209075,100.00,,
74.660993602,647694563,,instructions,100209855,100.00,1.72,insn per cycle
74.660993602,375787542,,cycles,100210295,100.00,,
74.761204488,403676,,rD044,100210314,100.00,,
74.761204488,12472993,,rFF44,100209865,100.00,,
74.761204488,841443292,,instructions,100209405,100.00,2.24,insn per cycle
74.761204488,375783035,,cycles,100209305,100.00,,
74.861415194,77344,,rD044,100209715,100.00,,
74.861415194,8955523,,rFF44,100209804,100.00,,
74.861415194,695762252,,instructions,100209584,100.00,1.85,insn per cycle
74.861415194,375781561,,cycles,100209084,100.00,,
74.961626739,22459,,rD044,100211005,100.00,,
74.961626739,6881199,,rFF44,100211375,100.00,,
74.961626739,587758944,,instructions,100210835,100.00,1.56,insn per cycle
74.961626739,375789936,,cycles,100210945,100.00,,
75.061856305,23578,,rD044,100229045,100.00,,
75.061856305,7047556,,rFF44,100228695,100.00,,
75.061856305,596964970,,instructions,100229055,100.00,1.59,insn per cycle
75.061856305,375856937,,cycles,100229185,100.00,,
75.162068221,17720,,rD044,100186675,100.00,,
75.162068221,7416493,,rFF44,100186605,100.00,,
75.162068221,644789580,,instructions,100186985,100.00,1.72,insn per cycle
75.162068221,375665744,,cycles,100186905,100.00,,
75.262274157,17607,,rD044,100204765,100.00,,
75.262274157,6430476,,rFF44,100205095,100.00,,
75.262274157,581671209,,instructions,100204505,100.00,1.55,insn per cycle
75.262274157,375765511,,cycles,100204435,100.00,,
75.362483263,18770,,rD044,100208894,100.00,,
75.362483263,6521657,,rFF44,100208544,100.00,,
75.362483263,554998319,,instructions,100208714,100.00,1.48,insn per cycle
75.362483263,375782409,,cycles,100209134,100.00,,
75.462695069,48597,,rD044,100210915,100.00,,
75.462695069,7474435,,rFF44,100211175,100.00,,
75.462695069,639759599,,instructions,100212345,100.00,1.70,insn per cycle
75.462695069,375857889,,cycles,100229465,100.00,,
75.562924725,84206,,rD044,100229185,100.00,,
75.562924725,7821307,,rFF44,100229255,100.00,,
75.562924725,654215478,,instructions,100228025,100.00,1.74,insn per cycle
75.562924725,375790835,,cycles,100211165,100.00,,
75.663137941,60913,,rD044,100212905,100.00,,
75.663137941,8220110,,rFF44,100212335,100.00,,
75.663137941,690620487,,instructions,100212425,100.00,1.84,insn per cycle
75.663137941,375792173,,cycles,100211825,100.00,,
75.763347127,776181,,rD044,100208425,100.00,,
75.763347127,24204345,,rFF44,100208935,100.00,,
75.763347127,1511490872,,instructions,100209425,100.00,4.02,insn per cycle
75.763347127,375783546,,cycles,100209335,100.00,,
75.863558983,709571,,rD044,100211144,100.00,,
75.863558983,18345370,,rFF44,100211094,100.00,,
75.863558983,1076355366,,instructions,100210745,100.00,2.86,insn per cycle
75.863558983,375788002,,cycles,100210805,100.00,,
75.963769148,69116,,rD044,100209425,100.00,,
75.963769148,8699527,,rFF44,100208725,100.00,,
75.963769148,692615477,,instructions,100208334,100.00,1.84,insn per cycle
75.963769148,375781156,,cycles,100208794,100.00,,
76.063977784,32732,,rD044,100207905,100.00,,
76.063977784,6770415,,rFF44,100208935,100.00,,
76.063977784,603969286,,instructions,100209435,100.00,1.61,insn per cycle
76.063977784,375782499,,cycles,100208955,100.00,,
76.164214820,196668,,rD044,100236625,100.00,,
76.164214820,9717933,,rFF44,100236565,100.00,,
76.164214820,716453251,,instructions,100236245,100.00,1.91,insn per cycle
76.164214820,375884525,,cycles,100236355,100.00,,
76.264425486,8879,,rD044,100197225,100.00,,
76.264425486,6937168,,rFF44,100197185,100.00,,
76.264425486,601246385,,instructions,100197165,100.00,1.60,insn per cycle
76.264425486,375717956,,cycles,100197015,100.00,,
76.364636072,6866,,rD044,100200345,100.00,,
76.364636072,6149869,,rFF44,100199635,100.00,,
76.364636072,555699760,,instructions,100199705,100.00,1.48,insn per cycle
76.364636072,375730992,,cycles,100200795,100.00,,
76.464878968,160109,,rD044,100242195,100.00,,
76.464878968,10581408,,rFF44,100242955,100.00,,
76.464878968,752810554,,instructions,100242745,100.00,2.00,insn per cycle
76.464878968,375905782,,cycles,100241845,100.00,,
76.565088044,5051,,rD044,100208374,100.00,,
76.565088044,5594570,,rFF44,100208464,100.00,,
76.565088044,541745633,,instructions,100209044,100.00,1.44,insn per cycle
76.565088044,375783600,,cycles,100209634,100.00,,
76.665300530,76715,,rD044,100211885,100.00,,
76.665300530,9472673,,rFF44,100211495,100.00,,
76.665300530,701074245,,instructions,100211405,100.00,1.87,insn per cycle
76.665300530,375788548,,cycles,100210565,100.00,,
76.765511246,7102,,rD044,100210065,100.00,,
76.765511246,5818280,,rFF44,100209935,100.00,,
76.765511246,555883471,,instructions,100209395,100.00,1.48,insn per cycle
76.765511246,375783849,,cycles,100209515,100.00,,
76.865738682,14356,,rD044,100226325,100.00,,
76.865738682,6552562,,rFF44,100226995,100.00,,
76.865738682,565325601,,instructions,100227725,100.00,1.50,insn per cycle
76.865738682,375852146,,cycles,100227725,100.00,,
76.965949268,13978,,rD044,100210325,100.00,,
76.965949268,6244119,,rFF44,100209415,100.00,,
76.965949268,543616570,,instructions,100208975,100.00,1.45,insn per cycle
76.965949268,375784156,,cycles,100209595,100.00,,
77.066161524,83575,,rD044,100211934,100.00,,
77.066161524,7360552,,rFF44,100213554,100.00,,
77.066161524,609652712,,instructions,100212864,100.00,1.62,insn per cycle
77.066161524,375794492,,cycles,100212544,100.00,,
77.166372310,106532,,rD044,100196895,100.00,,
77.166372310,9873451,,rFF44,100195735,100.00,,
77.166372310,766968234,,instructions,100196405,100.00,2.04,insn per cycle
77.166372310,375713775,,cycles,100196275,100.00,,
77.266582066,46129,,rD044,100208895,100.00,,
77.266582066,7339224,,rFF44,100209135,100.00,,
77.266582066,631760165,,instructions,100209055,100.00,1.68,insn per cycle
77.266582066,375773833,,cycles,100209015,100.00,,
77.366792791,74700,,rD044,100198005,100.00,,
77.366792791,7758811,,rFF44,100197905,100.00,,
77.366792791,640129146,,instructions,100198035,100.00,1.70,insn per cycle
77.366792791,375720847,,cycles,100197935,100.00,,
77.467001927,24626,,rD044,100208465,100.00,,
77.467001927,6720086,,rFF44,100207915,100.00,,
77.467001927,613711590,,instructions,100207825,100.00,1.63,insn per cycle
77.467001927,375777296,,cycles,100207575,100.00,,
77.567211633,229287,,rD044,100209634,100.00,,
77.567211633,11399284,,rFF44,100210564,100.00,,
77.567211633,774199348,,instructions,100211214,100.00,2.06,insn per cycle
77.567211633,375790218,,cycles,100211204,100.00,,
77.667424749,567442,,rD044,100212415,100.00,,
77.667424749,21664266,,rFF44,100212175,100.00,,
77.667424749,1178995814,,instructions,100211535,100.00,3.14,insn per cycle
77.667424749,375791890,,cycles,100211655,100.00,,
77.767637865,44977,,rD044,100211945,100.00,,
77.767637865,7788012,,rFF44,100211815,100.00,,
77.767637865,631309034,,instructions,100211635,100.00,1.68,insn per cycle
77.767637865,375792620,,cycles,100211735,100.00,,
77.867868231,8585,,rD044,100229865,100.00,,
77.867868231,6026928,,rFF44,100229565,100.00,,
77.867868231,554173280,,instructions,100229845,100.00,1.47,insn per cycle
77.867868231,375862910,,cycles,100230715,100.00,,
77.968076847,33502,,rD044,100207885,100.00,,
77.968076847,6378070,,rFF44,100207595,100.00,,
77.968076847,588478384,,instructions,100207735,100.00,1.57,insn per cycle
77.968076847,375773086,,cycles,100206645,100.00,,
78.068315993,83088,,rD044,100238945,100.00,,
78.068315993,8374775,,rFF44,100239005,100.00,,
78.068315993,647927178,,instructions,100238445,100.00,1.72,insn per cycle
78.068315993,375893618,,cycles,100238755,100.00,,
78.168526519,47923,,rD044,100195074,100.00,,
78.168526519,7418819,,rFF44,100195314,100.00,,
78.168526519,606937355,,instructions,100195754,100.00,1.62,insn per cycle
78.168526519,375714304,,cycles,100197234,100.00,,
78.268736705,36631,,rD044,100210105,100.00,,
78.268736705,6490861,,rFF44,100210055,100.00,,
78.268736705,582771179,,instructions,100210345,100.00,1.55,insn per cycle
78.268736705,375785389,,cycles,100209535,100.00,,
78.368949081,148988,,rD044,100211705,100.00,,
78.368949081,8561350,,rFF44,100212105,100.00,,
78.368949081,633287105,,instructions,100212275,100.00,1.69,insn per cycle
78.368949081,375794817,,cycles,100212435,100.00,,
78.469165407,154477,,rD044,100215045,100.00,,
78.469165407,12334946,,rFF44,100214525,100.00,,
78.469165407,801567101,,instructions,100214105,100.00,2.13,insn per cycle
78.469165407,375801631,,cycles,100214455,100.00,,
78.569377022,16496,,rD044,100211175,100.00,,
78.569377022,6266259,,rFF44,100211715,100.00,,
78.569377022,548066894,,instructions,100212075,100.00,1.46,insn per cycle
78.569377022,375792840,,cycles,100211715,100.00,,
78.669591808,34164,,rD044,100214324,100.00,,
78.669591808,6662146,,rFF44,100213974,100.00,,
78.669591808,586475422,,instructions,100213505,100.00,1.56,insn per cycle
78.669591808,375797304,,cycles,100213095,100.00,,
78.769812954,62057,,rD044,100220565,100.00,,
78.769812954,7896461,,rFF44,100220565,100.00,,
78.769812954,611737331,,instructions,100220194,100.00,1.63,insn per cycle
78.769812954,375823653,,cycles,100220124,100.00,,
78.870024760,1467,,rD044,100210985,100.00,,
78.870024760,5265543,,rFF44,100210745,100.00,,
78.870024760,501151176,,instructions,100211065,100.00,1.33,insn per cycle
78.870024760,375789931,,cycles,100211135,100.00,,
78.970234676,45614,,rD044,100209085,100.00,,
78.970234676,7342606,,rFF44,100209305,100.00,,
78.970234676,613782897,,instructions,100209235,100.00,1.63,insn per cycle
78.970234676,375782865,,cycles,100209255,100.00,,
79.070447392,44037,,rD044,100211775,100.00,,
79.070447392,7461620,,rFF44,100211945,100.00,,
79.070447392,597477394,,instructions,100211585,100.00,1.59,insn per cycle
79.070447392,375790297,,cycles,100211225,100.00,,
79.170658838,66200,,rD044,100197055,100.00,,
79.170658838,7126790,,rFF44,100197055,100.00,,
79.170658838,591145100,,instructions,100197885,100.00,1.57,insn per cycle
79.170658838,375719417,,cycles,100198525,100.00,,
79.270881484,20971,,rD044,100210564,100.00,,
79.270881484,7065137,,rFF44,100210404,100.00,,
79.270881484,606744697,,instructions,100209704,100.00,1.61,insn per cycle
79.270881484,375762560,,cycles,100208754,100.00,,
79.371090550,174540,,rD044,100209005,100.00,,
79.371090550,8970781,,rFF44,100209185,100.00,,
79.371090550,656012164,,instructions,100209705,100.00,1.75,insn per cycle
79.371090550,375787349,,cycles,100210305,100.00,,
79.471303806,149515,,rD044,100211785,100.00,,
79.471303806,11511231,,rFF44,100211885,100.00,,
79.471303806,735843781,,instructions,100212345,100.00,1.96,insn per cycle
79.471303806,375791494,,cycles,100211695,100.00,,
79.571514501,6014,,rD044,100210295,100.00,,
79.571514501,6503703,,rFF44,100210575,100.00,,
79.571514501,567945992,,instructions,100210825,100.00,1.51,insn per cycle
79.571514501,375791163,,cycles,100211455,100.00,,
79.671743858,8729,,rD044,100229055,100.00,,
79.671743858,5662489,,rFF44,100228625,100.00,,
79.671743858,523868898,,instructions,100227725,100.00,1.39,insn per cycle
79.671743858,375855878,,cycles,100228725,100.00,,
79.771955054,5382,,rD044,100210544,100.00,,
79.771955054,5875268,,rFF44,100210735,100.00,,
79.771955054,523845626,,instructions,100210485,100.00,1.39,insn per cycle
79.771955054,375783168,,cycles,100209325,100.00,,
79.872164279,81562,,rD044,100208775,100.00,,
79.872164279,9734644,,rFF44,100209604,100.00,,
79.872164279,705083616,,instructions,100210134,100.00,1.88,insn per cycle
79.872164279,375786708,,cycles,100210274,100.00,,
79.972394826,103104,,rD044,100230045,100.00,,
79.972394826,12080784,,rFF44,100228625,100.00,,
79.972394826,813484624,,instructions,100228335,100.00,2.16,insn per cycle
79.972394826,375855813,,cycles,100228885,100.00,,
80.072606101,10348,,rD044,100210145,100.00,,
80.072606101,5904239,,rFF44,100210285,100.00,,
80.072606101,518229837,,instructions,100210115,100.00,1.38,insn per cycle
80.072606101,375784330,,cycles,100209455,100.00,,
80.172818557,18480,,rD044,100200185,100.00,,
80.172818557,6160236,,rFF44,100200175,100.00,,
80.172818557,570495141,,instructions,100200795,100.00,1.52,insn per cycle
80.172818557,375730563,,cycles,100201085,100.00,,
80.273029093,12464,,rD044,100210545,100.00,,
80.273029093,6717780,,rFF44,100210845,100.00,,
80.273029093,618678577,,instructions,100210485,100.00,1.65,insn per cycle
80.273029093,375784574,,cycles,100209705,100.00,,
80.373238479,108781,,rD044,100208374,100.00,,
80.373238479,9846613,,rFF44,100208434,100.00,,
80.373238479,668810503,,instructions,100208314,100.00,1.78,insn per cycle
80.373238479,375783275,,cycles,100209364,100.00,,
80.473451535,6036,,rD044,100212655,100.00,,
80.473451535,5595139,,rFF44,100212045,100.00,,
80.473451535,537421839,,instructions,100212045,100.00,1.43,insn per cycle
80.473451535,375791085,,cycles,100211445,100.00,,
80.573661871,31401,,rD044,100210015,100.00,,
80.573661871,7684457,,rFF44,100210275,100.00,,
80.573661871,605735117,,instructions,100210595,100.00,1.61,insn per cycle
80.573661871,375786570,,cycles,100210225,100.00,,
80.673905437,4977,,rD044,100242775,100.00,,
80.673905437,5915259,,rFF44,100242635,100.00,,
80.673905437,537108403,,instructions,100242975,100.00,1.43,insn per cycle
80.673905437,375909240,,cycles,100242945,100.00,,
80.774115303,3165,,rD044,100209205,100.00,,
80.774115303,5824434,,rFF44,100209225,100.00,,
80.774115303,546299886,,instructions,100208745,100.00,1.45,insn per cycle
80.774115303,375780128,,cycles,100208525,100.00,,
80.874325069,208674,,rD044,100209235,100.00,,
80.874325069,10650591,,rFF44,100209485,100.00,,
80.874325069,762808529,,instructions,100209375,100.00,2.03,insn per cycle
80.874325069,375785505,,cycles,100209945,100.00,,
80.974536735,39216,,rD044,100210874,100.00,,
80.974536735,7928507,,rFF44,100211234,100.00,,
80.974536735,661986522,,instructions,100211424,100.00,1.76,insn per cycle
80.974536735,375789543,,cycles,100211434,100.00,,
81.074749690,20023,,rD044,100211875,100.00,,
81.074749690,6696391,,rFF44,100211545,100.00,,
81.074749690,593336533,,instructions,100211425,100.00,1.58,insn per cycle
81.074749690,375793777,,cycles,100211765,100.00,,
81.174959756,14282,,rD044,100196545,100.00,,
81.174959756,6881335,,rFF44,100195895,100.00,,
81.174959756,644902607,,instructions,100196455,100.00,1.72,insn per cycle
81.174959756,375711672,,cycles,100195885,100.00,,
81.275170392,673317,,rD044,100211315,100.00,,
81.275170392,21296609,,rFF44,100212065,100.00,,
81.275170392,1357934887,,instructions,100211295,100.00,3.61,insn per cycle
81.275170392,375792064,,cycles,100211905,100.00,,
81.375383618,828958,,rD044,100212065,100.00,,
81.375383618,25339415,,rFF44,100212045,100.00,,
81.375383618,1381051675,,instructions,100212225,100.00,3.68,insn per cycle
81.375383618,375794255,,cycles,100212095,100.00,,
81.475594634,1440195,,rD044,100197954,100.00,,
81.475594634,27801446,,rFF44,100197904,100.00,,
81.475594634,1427561746,,instructions,100198174,100.00,3.80,insn per cycle
81.475594634,375721539,,cycles,100198434,100.00,,
81.575803840,447417,,rD044,100208905,100.00,,
81.575803840,13739172,,rFF44,100208775,100.00,,
81.575803840,923108657,,instructions,100208365,100.00,2.46,insn per cycle
81.575803840,375781218,,cycles,100208625,100.00,,
81.676013616,104909,,rD044,100209145,100.00,,
81.676013616,9836973,,rFF44,100209285,100.00,,
81.676013616,759719238,,instructions,100209365,100.00,2.02,insn per cycle
81.676013616,375779720,,cycles,100208415,100.00,,
81.776224471,84136,,rD044,100210265,100.00,,
81.776224471,8111608,,rFF44,100209755,100.00,,
81.776224471,714230968,,instructions,100210205,100.00,1.90,insn per cycle
81.776224471,375786588,,cycles,100210245,100.00,,
81.876466878,61606,,rD044,100242045,100.00,,
81.876466878,8800937,,rFF44,100242525,100.00,,
81.876466878,746995149,,instructions,100242025,100.00,1.99,insn per cycle
81.876466878,375904731,,cycles,100241735,100.00,,
81.976677934,14332,,rD044,100210214,100.00,,
81.976677934,7229077,,rFF44,100210744,100.00,,
81.976677934,664092603,,instructions,100210595,100.00,1.77,insn per cycle
81.976677934,375788355,,cycles,100210915,100.00,,
82.076904760,175727,,rD044,100226245,100.00,,
82.076904760,9453000,,rFF44,100225595,100.00,,
82.076904760,772722420,,instructions,100226054,100.00,2.06,insn per cycle
82.076904760,375848680,,cycles,100226604,100.00,,
82.177118406,33185,,rD044,100197515,100.00,,
82.177118406,8067265,,rFF44,100197215,100.00,,
82.177118406,713540571,,instructions,100197515,100.00,1.90,insn per cycle
82.177118406,375716274,,cycles,100196945,100.00,,
82.277331551,147340,,rD044,100212255,100.00,,
82.277331551,11168042,,rFF44,100213135,100.00,,
82.277331551,866154847,,instructions,100212025,100.00,2.30,insn per cycle
82.277331551,375793583,,cycles,100212115,100.00,,
82.377542367,76711,,rD044,100210445,100.00,,
82.377542367,7991334,,rFF44,100209715,100.00,,
82.377542367,698875852,,instructions,100210715,100.00,1.86,insn per cycle
82.377542367,375787724,,cycles,100210535,100.00,,
82.477750643,155625,,rD044,100207725,100.00,,
82.477750643,8969912,,rFF44,100208335,100.00,,
82.477750643,730778559,,instructions,100208385,100.00,1.94,insn per cycle
82.477750643,375781565,,cycles,100209095,100.00,,
82.577965129,32242,,rD044,100213754,100.00,,
82.577965129,7635718,,rFF44,100213484,100.00,,
82.577965129,686735338,,instructions,100212784,100.00,1.83,insn per cycle
82.577965129,375798874,,cycles,100213504,100.00,,
82.678178575,215382,,rD044,100212945,100.00,,
82.678178575,11181674,,rFF44,100212795,100.00,,
82.678178575,823150533,,instructions,100213065,100.00,2.19,insn per cycle
82.678178575,375794220,,cycles,100212095,100.00,,
82.778392581,38084,,rD044,100213475,100.00,,
82.778392581,7475606,,rFF44,100214095,100.00,,
82.778392581,673316908,,instructions,100214025,100.00,1.79,insn per cycle
82.778392581,375799329,,cycles,100213635,100.00,,
82.878605637,151228,,rD044,100212365,100.00,,
82.878605637,10760140,,rFF44,100211715,100.00,,
82.878605637,794687462,,instructions,100212015,100.00,2.11,insn per cycle
82.878605637,375796353,,cycles,100212855,100.00,,
82.978815823,93990,,rD044,100209395,100.00,,
82.978815823,8798664,,rFF44,100209315,100.00,,
82.978815823,689498920,,instructions,100208525,100.00,1.83,insn per cycle
82.978815823,375777215,,cycles,100207745,100.00,,
83.079012068,17698,,rD044,100195404,100.00,,
83.079012068,6426284,,rFF44,100195354,100.00,,
83.079012068,604900529,,instructions,100196674,100.00,1.61,insn per cycle
83.079012068,375735217,,cycles,100196534,100.00,,
83.179225394,124293,,rD044,100175745,100.00,,
83.179225394,9357966,,rFF44,100175725,100.00,,
83.179225394,698724807,,instructions,100175255,100.00,1.86,insn per cycle
83.179225394,375620719,,cycles,100175155,100.00,,
83.279441240,9216,,rD044,100214945,100.00,,
83.279441240,6719771,,rFF44,100215125,100.00,,
83.279441240,615306260,,instructions,100214995,100.00,1.64,insn per cycle
83.279441240,375806161,,cycles,100215475,100.00,,
83.379651406,11276,,rD044,100209855,100.00,,
83.379651406,6193083,,rFF44,100209845,100.00,,
83.379651406,598389337,,instructions,100209855,100.00,1.59,insn per cycle
83.379651406,375787623,,cycles,100210315,100.00,,
83.479877482,135419,,rD044,100225595,100.00,,
83.479877482,12782427,,rFF44,100225425,100.00,,
83.479877482,842758321,,instructions,100224835,100.00,2.24,insn per cycle
83.479877482,375837790,,cycles,100223895,100.00,,
83.580085328,12645,,rD044,100206894,100.00,,
83.580085328,6391402,,rFF44,100207694,100.00,,
83.580085328,582751675,,instructions,100208534,100.00,1.55,insn per cycle
83.580085328,375783508,,cycles,100209424,100.00,,
83.680296274,26035,,rD044,100210695,100.00,,
83.680296274,7436809,,rFF44,100210525,100.00,,
83.680296274,627686414,,instructions,100210445,100.00,1.67,insn per cycle
83.680296274,375784228,,cycles,100209805,100.00,,
83.780533910,11738,,rD044,100236655,100.00,,
83.780533910,6349044,,rFF44,100235885,100.00,,
83.780533910,600188739,,instructions,100235325,100.00,1.60,insn per cycle
83.780533910,375883380,,cycles,100235715,100.00,,
83.880751446,77024,,rD044,100217005,100.00,,
83.880751446,9166927,,rFF44,100217465,100.00,,
83.880751446,695881102,,instructions,100218955,100.00,1.85,insn per cycle
83.880751446,375819954,,cycles,100219275,100.00,,
83.980962332,9521,,rD044,100210395,100.00,,
83.980962332,7273491,,rFF44,100210335,100.00,,
83.980962332,626819069,,instructions,100208735,100.00,1.67,insn per cycle
83.980962332,375781239,,cycles,100208735,100.00,,
84.081171618,276107,,rD044,100208465,100.00,,
84.081171618,10759808,,rFF44,100208655,100.00,,
84.081171618,753090460,,instructions,100208985,100.00,2.00,insn per cycle
84.081171618,375780485,,cycles,100208895,100.00,,
84.181379833,50275,,rD044,100208004,100.00,,
84.181379833,7715026,,rFF44,100207694,100.00,,
84.181379833,637123392,,instructions,100208084,100.00,1.70,insn per cycle
84.181379833,375777906,,cycles,100207734,100.00,,
84.281591369,25500,,rD044,100184175,100.00,,
84.281591369,7180660,,rFF44,100184535,100.00,,
84.281591369,591896504,,instructions,100183945,100.00,1.58,insn per cycle
84.281591369,375667760,,cycles,100183805,100.00,,
84.381802795,7099,,rD044,100210625,100.00,,
84.381802795,5985037,,rFF44,100210365,100.00,,
84.381802795,559263569,,instructions,100210225,100.00,1.49,insn per cycle
84.381802795,375786738,,cycles,100210095,100.00,,
84.482012611,484121,,rD044,100209835,100.00,,
84.482012611,11943557,,rFF44,100209755,100.00,,
84.482012611,778715852,,instructions,100210005,100.00,2.07,insn per cycle
84.482012611,375785743,,cycles,100210015,100.00,,
84.582223977,632698,,rD044,100210175,100.00,,
84.582223977,26054120,,rFF44,100210145,100.00,,
84.582223977,1582951503,,instructions,100211015,100.00,4.21,insn per cycle
84.582223977,375789573,,cycles,100211035,100.00,,
84.682435823,616158,,rD044,100210784,100.00,,
84.682435823,22040066,,rFF44,100210844,100.00,,
84.682435823,1161581940,,instructions,100210724,100.00,3.09,insn per cycle
84.682435823,375787725,,cycles,100210554,100.00,,
84.782646129,13248,,rD044,100209765,100.00,,
84.782646129,5977891,,rFF44,100209795,100.00,,
84.782646129,575997461,,instructions,100209875,100.00,1.53,insn per cycle
84.782646129,375788418,,cycles,100210715,100.00,,
84.882876875,48089,,rD044,100231195,100.00,,
84.882876875,7877859,,rFF44,100231535,100.00,,
84.882876875,673821327,,instructions,100231195,100.00,1.79,insn per cycle
84.882876875,375861278,,cycles,100230165,100.00,,
84.983089881,46792,,rD044,100211245,100.00,,
84.983089881,9176399,,rFF44,100210615,100.00,,
84.983089881,628234241,,instructions,100210425,100.00,1.67,insn per cycle
84.983089881,375789168,,cycles,100210935,100.00,,
85.083300557,6977,,rD044,100209695,100.00,,
85.083300557,5709551,,rFF44,100210375,100.00,,
85.083300557,531532700,,instructions,100209825,100.00,1.41,insn per cycle
85.083300557,375784150,,cycles,100209585,100.00,,
85.183509452,78382,,rD044,100176244,100.00,,
85.183509452,8095295,,rFF44,100175314,100.00,,
85.183509452,636654478,,instructions,100175595,100.00,1.69,insn per cycle
85.183509452,375637110,,cycles,100176025,100.00,,
85.283751939,246768,,rD044,100242705,100.00,,
85.283751939,10585222,,rFF44,100243205,100.00,,
85.283751939,740524369,,instructions,100243624,100.00,1.97,insn per cycle
85.283751939,375914216,,cycles,100244474,100.00,,
85.383964305,91688,,rD044,100210735,100.00,,
85.383964305,9724114,,rFF44,100210545,100.00,,
85.383964305,733403068,,instructions,100210075,100.00,1.95,insn per cycle
85.383964305,375784791,,cycles,100209565,100.00,,
85.484174130,13010,,rD044,100209625,100.00,,
85.484174130,7217848,,rFF44,100210345,100.00,,
85.484174130,566740974,,instructions,100210565,100.00,1.51,insn per cycle
85.484174130,375773675,,cycles,100209715,100.00,,
85.584386456,9269,,rD044,100211785,100.00,,
85.584386456,5586386,,rFF44,100210965,100.00,,
85.584386456,525965998,,instructions,100210485,100.00,1.40,insn per cycle
85.584386456,375790623,,cycles,100211125,100.00,,
85.684621042,19814,,rD044,100233445,100.00,,
85.684621042,6752135,,rFF44,100234405,100.00,,
85.684621042,553700414,,instructions,100235165,100.00,1.47,insn per cycle
85.684621042,375877316,,cycles,100234445,100.00,,
85.784831278,5679,,rD044,100209885,100.00,,
85.784831278,6116884,,rFF44,100209305,100.00,,
85.784831278,532758367,,instructions,100209085,100.00,1.42,insn per cycle
85.784831278,375780845,,cycles,100208705,100.00,,
85.885042414,4962,,rD044,100210384,100.00,,
85.885042414,5881623,,rFF44,100210014,100.00,,
85.885042414,538437728,,instructions,100209774,100.00,1.43,insn per cycle
85.885042414,375788526,,cycles,100210944,100.00,,
85.985254280,67751,,rD044,100212035,100.00,,
85.985254280,8439682,,rFF44,100212425,100.00,,
85.985254280,679701480,,instructions,100212415,100.00,1.81,insn per cycle
85.985254280,375791766,,cycles,100211435,100.00,,
86.085464586,15922,,rD044,100209235,100.00,,
86.085464586,6649029,,rFF44,100209125,100.00,,
86.085464586,597181870,,instructions,100208645,100.00,1.59,insn per cycle
86.085464586,375781227,,cycles,100209005,100.00,,
86.185674522,15380,,rD044,100172905,100.00,,
86.185674522,6785600,,rFF44,100172785,100.00,,
86.185674522,629663678,,instructions,100173415,100.00,1.68,insn per cycle
86.185674522,375631208,,cycles,100174055,100.00,,
86.285898218,376877,,rD044,100223605,100.00,,
86.285898218,14650809,,rFF44,100223725,100.00,,
86.285898218,903757852,,instructions,100224095,100.00,2.40,insn per cycle
86.285898218,375837943,,cycles,100223555,100.00,,
86.386108674,24461,,rD044,100209914,100.00,,
86.386108674,7608964,,rFF44,100210154,100.00,,
86.386108674,628841250,,instructions,100210994,100.00,1.67,insn per cycle
86.386108674,375789465,,cycles,100210854,100.00,,
86.486320010,10816,,rD044,100210705,100.00,,
86.486320010,6137050,,rFF44,100210145,100.00,,
86.486320010,562674299,,instructions,100208555,100.00,1.50,insn per cycle
86.486320010,375779345,,cycles,100208655,100.00,,
86.586531456,19991,,rD044,100198785,100.00,,
86.586531456,7395183,,rFF44,100198965,100.00,,
86.586531456,661942986,,instructions,100199925,100.00,1.76,insn per cycle
86.586531456,375726999,,cycles,100199975,100.00,,
86.686741031,197998,,rD044,100209195,100.00,,
86.686741031,15706199,,rFF44,100209185,100.00,,
86.686741031,1023198435,,instructions,100208935,100.00,2.72,insn per cycle
86.686741031,375784786,,cycles,100209385,100.00,,
86.786952707,45386,,rD044,100211295,100.00,,
86.786952707,6954946,,rFF44,100211225,100.00,,
86.786952707,616423620,,instructions,100211035,100.00,1.64,insn per cycle
86.786952707,375786844,,cycles,100210315,100.00,,
86.887163943,14989,,rD044,100210454,100.00,,
86.887163943,6992656,,rFF44,100210594,100.00,,
86.887163943,622756494,,instructions,100210474,100.00,1.66,insn per cycle
86.887163943,375789229,,cycles,100211134,100.00,,
86.987375149,49549,,rD044,100209945,100.00,,
86.987375149,7291906,,rFF44,100209975,100.00,,
86.987375149,632053890,,instructions,100209825,100.00,1.68,insn per cycle
86.987375149,375785391,,cycles,100209585,100.00,,
87.087569305,132691,,rD044,100193955,100.00,,
87.087569305,8710456,,rFF44,100193815,100.00,,
87.087569305,686888320,,instructions,100193875,100.00,1.83,insn per cycle
87.087569305,375725493,,cycles,100194095,100.00,,
87.187781050,109246,,rD044,100197635,100.00,,
87.187781050,9098308,,rFF44,100198475,100.00,,
87.187781050,712518879,,instructions,100198705,100.00,1.90,insn per cycle
87.187781050,375721894,,cycles,100198945,100.00,,
87.287984626,5043,,rD044,100188104,100.00,,
87.287984626,6717120,,rFF44,100187635,100.00,,
87.287984626,587184987,,instructions,100187525,100.00,1.56,insn per cycle
87.287984626,375686089,,cycles,100186955,100.00,,
87.388193582,76130,,rD044,100209115,100.00,,
87.388193582,7065166,,rFF44,100208784,100.00,,
87.388193582,631833888,,instructions,100208314,100.00,1.68,insn per cycle
87.388193582,375778515,,cycles,100208084,100.00,,
87.488420198,85565,,rD044,100225355,100.00,,
87.488420198,8587101,,rFF44,100225735,100.00,,
87.488420198,681727045,,instructions,100226675,100.00,1.81,insn per cycle
87.488420198,375848223,,cycles,100226675,100.00,,
87.588630154,28641,,rD044,100209325,100.00,,
87.588630154,7881587,,rFF44,100209005,100.00,,
87.588630154,637317122,,instructions,100208065,100.00,1.70,insn per cycle
87.588630154,375779273,,cycles,100208295,100.00,,
87.688857790,6372,,rD044,100227815,100.00,,
87.688857790,6342197,,rFF44,100228075,100.00,,
87.688857790,580378981,,instructions,100228895,100.00,1.54,insn per cycle
87.688857790,375857375,,cycles,100229125,100.00,,
87.789069586,37611,,rD044,100209695,100.00,,
87.789069586,7936136,,rFF44,100209255,100.00,,
87.789069586,641783502,,instructions,100208615,100.00,1.71,insn per cycle
87.789069586,375777863,,cycles,100207915,100.00,,
87.889276612,14887,,rD044,100207434,100.00,,
87.889276612,7040938,,rFF44,100207604,100.00,,
87.889276612,614705270,,instructions,100207984,100.00,1.64,insn per cycle
87.889276612,375782371,,cycles,100209104,100.00,,
87.989501608,477717,,rD044,100223785,100.00,,
87.989501608,17306357,,rFF44,100224185,100.00,,
87.989501608,1056292146,,instructions,100223855,100.00,2.81,insn per cycle
87.989501608,375835395,,cycles,100223265,100.00,,
88.089711094,239578,,rD044,100226415,100.00,,
88.089711094,11197114,,rFF44,100226835,100.00,,
88.089711094,851413966,,instructions,100226585,100.00,2.27,insn per cycle
88.089711094,375846180,,cycles,100226135,100.00,,
88.189935600,49064,,rD044,100192955,100.00,,
88.189935600,8792115,,rFF44,100191855,100.00,,
88.189935600,705426825,,instructions,100192545,100.00,1.88,insn per cycle
88.189935600,375702032,,cycles,100192975,100.00,,
88.290145676,24896,,rD044,100208955,100.00,,
88.290145676,6300460,,rFF44,100208855,100.00,,
88.290145676,566203306,,instructions,100208545,100.00,1.51,insn per cycle
88.290145676,375779213,,cycles,100208285,100.00,,
88.390353481,53855,,rD044,100207745,100.00,,
88.390353481,7337323,,rFF44,100208305,100.00,,
88.390353481,634237131,,instructions,100208005,100.00,1.69,insn per cycle
88.390353481,375782022,,cycles,100209215,100.00,,
88.490562577,29724,,rD044,100207974,100.00,,
88.490562577,7624633,,rFF44,100207944,100.00,,
88.490562577,652431811,,instructions,100208394,100.00,1.74,insn per cycle
88.490562577,375775777,,cycles,100207164,100.00,,
88.590771903,257985,,rD044,100209055,100.00,,
88.590771903,11508674,,rFF44,100209805,100.00,,
88.590771903,796907358,,instructions,100209835,100.00,2.12,insn per cycle
88.590771903,375785815,,cycles,100210035,100.00,,
88.690983039,25648,,rD044,100210665,100.00,,
88.690983039,7451396,,rFF44,100209585,100.00,,
88.690983039,636862628,,instructions,100209425,100.00,1.69,insn per cycle
88.690983039,375787805,,cycles,100210565,100.00,,
88.791194345,7198,,rD044,100210035,100.00,,
88.791194345,6799452,,rFF44,100210975,100.00,,
88.791194345,607146432,,instructions,100211575,100.00,1.62,insn per cycle
88.791194345,375786363,,cycles,100210185,100.00,,
88.891405191,27622,,rD044,100210694,100.00,,
88.891405191,6614249,,rFF44,100210245,100.00,,
88.891405191,593804516,,instructions,100210145,100.00,1.58,insn per cycle
88.891405191,375787266,,cycles,100210415,100.00,,
88.991619127,47293,,rD044,100213245,100.00,,
88.991619127,7369665,,rFF44,100213004,100.00,,
88.991619127,665543334,,instructions,100211974,100.00,1.77,insn per cycle
88.991619127,375793155,,cycles,100212004,100.00,,
89.091828392,62014,,rD044,100208395,100.00,,
89.091828392,8102080,,rFF44,100208715,100.00,,
89.091828392,686634761,,instructions,100208905,100.00,1.83,insn per cycle
89.091828392,375783101,,cycles,100209315,100.00,,
89.192038228,6834,,rD044,100209245,100.00,,
89.192038228,4195855,,rFF44,100208615,100.00,,
89.192038228,567622511,,instructions,100209075,100.00,1.51,insn per cycle
89.192038228,375780807,,cycles,100208695,100.00,,
89.292248904,1233,,rD044,100209845,100.00,,
89.292248904,2426969,,rFF44,100210455,100.00,,
89.292248904,542263211,,instructions,100210515,100.00,1.44,insn per cycle
89.292248904,375789057,,cycles,100210905,100.00,,
89.392491150,1253,,rD044,100241825,100.00,,
89.392491150,2426890,,rFF44,100241385,100.00,,
89.392491150,542386490,,instructions,100241055,100.00,1.44,insn per cycle
89.392491150,375901049,,cycles,100240755,100.00,,
89.492702606,1431,,rD044,100211184,100.00,,
89.492702606,2428609,,rFF44,100211454,100.00,,
89.492702606,542197588,,instructions,100229285,100.00,1.44,insn per cycle
89.492702606,375857306,,cycles,100229295,100.00,,
89.592930862,1340,,rD044,100227465,100.00,,
89.592930862,2428939,,rFF44,100227735,100.00,,
89.592930862,542554404,,instructions,100210354,100.00,1.44,insn per cycle
89.592930862,375788259,,cycles,100210494,100.00,,
89.693144988,1149,,rD044,100212815,100.00,,
89.693144988,2427787,,rFF44,100212325,100.00,,
89.693144988,542093654,,instructions,100212865,100.00,1.44,insn per cycle
89.693144988,375792944,,cycles,100211935,100.00,,
89.793355314,1278,,rD044,100209535,100.00,,
89.793355314,2427384,,rFF44,100209615,100.00,,
89.793355314,542524492,,instructions,100209305,100.00,1.44,insn per cycle
89.793355314,375786620,,cycles,100210265,100.00,,
89.893565640,1120,,rD044,100210425,100.00,,
89.893565640,2428646,,rFF44,100210755,100.00,,
89.893565640,542330408,,instructions,100210955,100.00,1.44,insn per cycle
89.893565640,375787091,,cycles,100210365,100.00,,
89.993778305,1380,,rD044,100211495,100.00,,
89.993778305,2428201,,rFF44,100211575,100.00,,
89.993778305,542431419,,instructions,100211425,100.00,1.44,insn per cycle
89.993778305,375790276,,cycles,100212055,100.00,,
90.093990569,1471,,rD044,100211504,100.00,,
90.093990569,2427603,,rFF44,100210994,100.00,,
90.093990569,542321036,,instructions,100210704,100.00,1.44,insn per cycle
90.093990569,375788494,,cycles,100210754,100.00,,
90.194208054,1311,,rD044,100217225,100.00,,
90.194208054,2428250,,rFF44,100217325,100.00,,
90.194208054,542282737,,instructions,100217155,100.00,1.44,insn per cycle
90.194208054,375809298,,cycles,100216295,100.00,,
90.294415328,1490,,rD044,100206555,100.00,,
90.294415328,2427352,,rFF44,100207095,100.00,,
90.294415328,542070042,,instructions,100206565,100.00,1.44,insn per cycle
90.294415328,375778013,,cycles,100207805,100.00,,
90.394627333,1340,,rD044,100211185,100.00,,
90.394627333,2427711,,rFF44,100211215,100.00,,
90.394627333,542239928,,instructions,100212275,100.00,1.44,insn per cycle
90.394627333,375791346,,cycles,100211655,100.00,,
90.494859918,1231,,rD044,100232125,100.00,,
90.494859918,2427638,,rFF44,100231885,100.00,,
90.494859918,542080471,,instructions,100230905,100.00,1.44,insn per cycle
90.494859918,375862419,,cycles,100230645,100.00,,
90.595068482,1495,,rD044,100208044,100.00,,
90.595068482,2426090,,rFF44,100207684,100.00,,
90.595068482,541940857,,instructions,100208835,100.00,1.44,insn per cycle
90.595068482,375783069,,cycles,100209125,100.00,,
90.695279417,1286,,rD044,100209585,100.00,,
90.695279417,2427137,,rFF44,100209545,100.00,,
90.695279417,542151647,,instructions,100209664,100.00,1.44,insn per cycle
90.695279417,375782544,,cycles,100209164,100.00,,
90.795488971,1340,,rD044,100209215,100.00,,
90.795488971,2429161,,rFF44,100209095,100.00,,
90.795488971,542251706,,instructions,100208115,100.00,1.44,insn per cycle
90.795488971,375782087,,cycles,100209045,100.00,,
90.895699676,1246,,rD044,100210115,100.00,,
90.895699676,2428622,,rFF44,100210225,100.00,,
90.895699676,542217356,,instructions,100227715,100.00,1.44,insn per cycle
90.895699676,375849893,,cycles,100227315,100.00,,
90.995927450,1245,,rD044,100226815,100.00,,
90.995927450,2431517,,rFF44,100227025,100.00,,
90.995927450,542356324,,instructions,100209705,100.00,1.44,insn per cycle
90.995927450,375783643,,cycles,100209265,100.00,,
91.096130645,1258,,rD044,100203054,100.00,,
91.096130645,2428258,,rFF44,100202985,100.00,,
91.096130645,541644872,,instructions,100202865,100.00,1.44,insn per cycle
91.096130645,375757994,,cycles,100202615,100.00,,
91.196338739,1289,,rD044,100191095,100.00,,
91.196338739,2428690,,rFF44,100190914,100.00,,
91.196338739,541569863,,instructions,100190564,100.00,1.44,insn per cycle
91.196338739,375691547,,cycles,100191074,100.00,,
91.296566824,1173,,rD044,100227255,100.00,,
91.296566824,2429223,,rFF44,100227275,100.00,,
91.296566824,541677101,,instructions,100227505,100.00,1.44,insn per cycle
91.296566824,375853475,,cycles,100228085,100.00,,
91.396774278,1194,,rD044,100207005,100.00,,
91.396774278,2430391,,rFF44,100207275,100.00,,
91.396774278,542067820,,instructions,100207915,100.00,1.44,insn per cycle
91.396774278,375776543,,cycles,100207545,100.00,,
91.496983773,1566,,rD044,100209305,100.00,,
91.496983773,2432674,,rFF44,100209575,100.00,,
91.496983773,542719553,,instructions,100209175,100.00,1.44,insn per cycle
91.496983773,375783441,,cycles,100209415,100.00,,
91.597194817,1613,,rD044,100210015,100.00,,
91.597194817,2430892,,rFF44,100210095,100.00,,
91.597194817,542035336,,instructions,100209765,100.00,1.44,insn per cycle
91.597194817,375782524,,cycles,100209165,100.00,,
91.697405662,1425,,rD044,100198934,100.00,,
91.697405662,2429932,,rFF44,100198504,100.00,,
91.697405662,541557661,,instructions,100199264,100.00,1.44,insn per cycle
91.697405662,375728207,,cycles,100199564,100.00,,
91.797616097,1233,,rD044,100210055,100.00,,
91.797616097,2432380,,rFF44,100210075,100.00,,
91.797616097,542350941,,instructions,100209335,100.00,1.44,insn per cycle
91.797616097,375784718,,cycles,100209745,100.00,,
91.897824921,1163,,rD044,100207685,100.00,,
91.897824921,2433224,,rFF44,100207565,100.00,,
91.897824921,542864329,,instructions,100207955,100.00,1.44,insn per cycle
91.897824921,375777358,,cycles,100207775,100.00,,
91.998035335,1591,,rD044,100209875,100.00,,
91.998035335,2429630,,rFF44,100209845,100.00,,
91.998035335,541853764,,instructions,100209535,100.00,1.44,insn per cycle
91.998035335,375785458,,cycles,100210135,100.00,,
92.098247820,1188,,rD044,100211385,100.00,,
92.098247820,2429638,,rFF44,100212235,100.00,,
92.098247820,541626100,,instructions,100212835,100.00,1.44,insn per cycle
92.098247820,375794646,,cycles,100212205,100.00,,
92.198459595,1297,,rD044,100211184,100.00,,
92.198459595,2428894,,rFF44,100210324,100.00,,
92.198459595,541722808,,instructions,100209864,100.00,1.44,insn per cycle
92.198459595,375782471,,cycles,100208994,100.00,,
92.298669439,1259,,rD044,100209675,100.00,,
92.298669439,2430955,,rFF44,100209735,100.00,,
92.298669439,542379878,,instructions,100210415,100.00,1.44,insn per cycle
92.298669439,375786532,,cycles,100210375,100.00,,
92.398896364,1504,,rD044,100226145,100.00,,
92.398896364,2430914,,rFF44,100226095,100.00,,
92.398896364,542209040,,instructions,100225405,100.00,1.44,insn per cycle
92.398896364,375847111,,cycles,100226375,100.00,,
92.499109588,1382,,rD044,100213135,100.00,,
92.499109588,2429530,,rFF44,100213315,100.00,,
92.499109588,542027596,,instructions,100214145,100.00,1.44,insn per cycle
92.499109588,375801965,,cycles,100214345,100.00,,
92.599320713,1739,,rD044,100209815,100.00,,
92.599320713,2431379,,rFF44,100210025,100.00,,
92.599320713,541989156,,instructions,100209655,100.00,1.44,insn per cycle
92.599320713,375781831,,cycles,100208975,100.00,,
92.699522407,1194,,rD044,100191094,100.00,,
92.699522407,2429444,,rFF44,100190804,100.00,,
92.699522407,541885538,,instructions,100190904,100.00,1.44,insn per cycle
92.699522407,375692885,,cycles,100190854,100.00,,
92.799735862,628489,,rD044,100213205,100.00,,
92.799735862,5674714,,rFF44,100213055,100.00,,
92.799735862,560905892,,instructions,100212395,100.00,1.49,insn per cycle
92.799735862,375796269,,cycles,100212635,100.00,,
92.899945466,4787430,,rD044,100209295,100.00,,
92.899945466,27484681,,rFF44,100209435,100.00,,
92.899945466,686347958,,instructions,100209735,100.00,1.83,insn per cycle
92.899945466,375782475,,cycles,100209135,100.00,,
93.000157691,4742879,,rD044,100211315,100.00,,
93.000157691,27433435,,rFF44,100211685,100.00,,
93.000157691,686472456,,instructions,100211915,100.00,1.83,insn per cycle
93.000157691,375793649,,cycles,100212315,100.00,,
93.100370695,4747617,,rD044,100200185,100.00,,
93.100370695,27450870,,rFF44,100200625,100.00,,
93.100370695,685845547,,instructions,100200155,100.00,1.83,insn per cycle
93.100370695,375730296,,cycles,100200905,100.00,,
93.200597620,4720169,,rD044,100226104,100.00,,
93.200597620,27290030,,rFF44,100225355,100.00,,
93.200597620,682408771,,instructions,100225735,100.00,1.82,insn per cycle
93.200597620,375840754,,cycles,100224695,100.00,,
93.300806374,4561642,,rD044,100207785,100.00,,
93.300806374,26495250,,rFF44,100208044,100.00,,
93.300806374,664190258,,instructions,100208194,100.00,1.77,insn per cycle
93.300806374,375776518,,cycles,100209214,100.00,,
93.401023129,4725910,,rD044,100207105,100.00,,
93.401023129,27177738,,rFF44,100207055,100.00,,
93.401023129,683273797,,instructions,100206415,100.00,1.82,insn per cycle
93.401023129,375746418,,cycles,100205775,100.00,,
93.501234794,4742165,,rD044,100210875,100.00,,
93.501234794,27293297,,rFF44,100210855,100.00,,
93.501234794,686479067,,instructions,100211685,100.00,1.83,insn per cycle
93.501234794,375792375,,cycles,100211625,100.00,,
93.601446968,4711815,,rD044,100211835,100.00,,
93.601446968,27330053,,rFF44,100211745,100.00,,
93.601446968,687639170,,instructions,100210575,100.00,1.83,insn per cycle
93.601446968,375788704,,cycles,100211155,100.00,,
93.701657853,4692038,,rD044,100209875,100.00,,
93.701657853,27261261,,rFF44,100210555,100.00,,
93.701657853,685701677,,instructions,100211175,100.00,1.82,insn per cycle
93.701657853,375788316,,cycles,100210515,100.00,,
93.801889477,3565460,,rD044,100232244,100.00,,
93.801889477,26291025,,rFF44,100231304,100.00,,
93.801889477,1113006220,,instructions,100231254,100.00,2.96,insn per cycle
93.801889477,375857582,,cycles,100231524,100.00,,
93.902106632,1615865,,rD044,100216125,100.00,,
93.902106632,25125873,,rFF44,100216495,100.00,,
93.902106632,1907553756,,instructions,100217205,100.00,5.08,insn per cycle
93.902106632,375811691,,cycles,100216945,100.00,,
94.002324277,1600469,,rD044,100216675,100.00,,
94.002324277,25155472,,rFF44,100216265,100.00,,
94.002324277,1909748402,,instructions,100215925,100.00,5.08,insn per cycle
94.002324277,375807112,,cycles,100215715,100.00,,
94.102540141,1614030,,rD044,100215815,100.00,,
94.102540141,25096094,,rFF44,100216025,100.00,,
94.102540141,1905266223,,instructions,100216605,100.00,5.07,insn per cycle
94.102540141,375813586,,cycles,100217635,100.00,,
94.202756166,6149969,,rD044,100200715,100.00,,
94.202756166,29079621,,rFF44,100200895,100.00,,
94.202756166,285566293,,instructions,100200345,100.00,0.76,insn per cycle
94.202756166,375725727,,cycles,100199955,100.00,,
94.302970090,6849867,,rD044,100213525,100.00,,
94.302970090,29798438,,rFF44,100213385,100.00,,
94.302970090,40879616,,instructions,100213145,100.00,0.11,insn per cycle
94.302970090,375795662,,cycles,100212665,100.00,,
94.403184865,6942533,,rD044,100213164,100.00,,
94.403184865,29826175,,rFF44,100213124,100.00,,
94.403184865,37260072,,instructions,100213424,100.00,0.10,insn per cycle
94.403184865,375798246,,cycles,100213344,100.00,,
94.503397639,6921939,,rD044,100211955,100.00,,
94.503397639,29960467,,rFF44,100212485,100.00,,
94.503397639,37411621,,instructions,100212275,100.00,0.10,insn per cycle
94.503397639,375794870,,cycles,100212455,100.00,,
94.603609024,4986065,,rD044,100211895,100.00,,
94.603609024,28253143,,rFF44,100211445,100.00,,
94.603609024,202418940,,instructions,100211475,100.00,0.54,insn per cycle
94.603609024,375791016,,cycles,100211415,100.00,,
94.703820378,1627153,,rD044,100210675,100.00,,
94.703820378,24139516,,rFF44,100210495,100.00,,
94.703820378,471040934,,instructions,100210095,100.00,1.25,insn per cycle
94.703820378,375788104,,cycles,100210655,100.00,,
94.804034353,2165907,,rD044,100213945,100.00,,
94.804034353,30716992,,rFF44,100213845,100.00,,
94.804034353,606596696,,instructions,100213335,100.00,1.61,insn per cycle
94.804034353,375795625,,cycles,100212645,100.00,,
94.904243777,2756121,,rD044,842430620,100.00,,
94.904243777,34487766,,rFF44,845829378,100.00,,
94.904243777,3061979469,,instructions,848811602,100.00,0.96,insn per cycle
94.904243777,3190790653,,cycles,851754310,100.00,,
95.004835456,3732781,,rD044,3218827973,100.00,,
95.004835456,39942143,,rFF44,3218806554,100.00,,
95.004835456,10787981879,,instructions,3218861810,100.00,0.89,insn per cycle
95.004835456,12070815789,,cycles,3218907583,100.00,,
95.105449815,3997165,,rD044,2478789863,100.00,,
95.105449815,40677956,,rFF44,2475423134,100.00,,
95.105449815,8458121760,,instructions,2472394394,100.00,0.91,insn per cycle
95.105449815,9260072220,,cycles,2469415083,100.00,,
95.205699480,30069095,,rD044,2720814184,100.00,,
95.205699480,113752076,,rFF44,2726670902,100.00,,
95.205699480,3871657605,,instructions,2731562363,100.00,0.38,insn per cycle
95.205699480,10260354653,,cycles,2736692420,100.00,,
95.306594852,6561038,,rD044,3227957994,100.00,,
95.306594852,40796652,,rFF44,3227346254,100.00,,
95.306594852,8596213070,,instructions,3227030718,100.00,0.71,insn per cycle
95.306594852,12099961489,,cycles,3226691285,100.00,,
95.407408184,4095445,,rD044,3220676320,100.00,,
95.407408184,23019834,,rFF44,3218503302,100.00,,
95.407408184,14012590371,,instructions,3216445438,100.00,1.16,insn per cycle
95.407408184,12053452429,,cycles,3214290855,100.00,,
95.507956672,8860,,rD044,3217579522,100.00,,
95.507956672,977105,,rFF44,3217505284,100.00,,
95.507956672,26780583349,,instructions,3217454223,100.00,2.22,insn per cycle
95.507956672,12064758800,,cycles,3217285015,100.00,,
95.608492470,9208,,rD044,3217120996,100.00,,
95.608492470,995759,,rFF44,3217316872,100.00,,
95.608492470,26784663888,,instructions,3217901215,100.00,2.22,insn per cycle
95.608492470,12067691832,,cycles,3218067101,100.00,,
95.709055028,8548,,rD044,3217991700,100.00,,
95.709055028,989816,,rFF44,3217947106,100.00,,
95.709055028,26781580660,,instructions,3217604001,100.00,2.22,insn per cycle
95.709055028,12065257290,,cycles,3217416478,100.00,,
95.809599987,8447,,rD044,3217363280,100.00,,
95.809599987,990137,,rFF44,3217589060,100.00,,
95.809599987,26784139203,,instructions,3217484263,100.00,2.22,insn per cycle
95.809599987,12065877686,,cycles,3217588748,100.00,,
95.910152595,9202168,,rD044,3221098022,100.00,,
95.910152595,95431743,,rFF44,3226211038,100.00,,
95.910152595,16757609227,,instructions,3231788649,100.00,1.38,insn per cycle
95.910152595,12142670231,,cycles,3238055881,100.00,,
96.011434192,5830692,,rD044,3237757734,100.00,,
96.011434192,51615904,,rFF44,3232593490,100.00,,
96.011434192,10327004331,,instructions,3227404164,100.00,0.85,insn per cycle
96.011434192,12081179675,,cycles,3221683351,100.00,,
96.112023020,3919186,,rD044,3218763075,100.00,,
96.112023020,45911020,,rFF44,3218764928,100.00,,
96.112023020,10407601301,,instructions,3218671813,100.00,0.86,insn per cycle
96.112023020,12069075596,,cycles,3218441244,100.00,,
96.212606569,9966604,,rD044,1340621211,100.00,,
96.212606569,104506832,,rFF44,1347032284,100.00,,
96.212606569,2547362132,,instructions,1353584635,100.00,0.50,insn per cycle
96.212606569,5095416589,,cycles,1359041723,100.00,,
96.313940356,21742394,,rD044,3242430759,100.00,,
96.313940356,244992692,,rFF44,3242242214,100.00,,
96.313940356,4636883678,,instructions,3241181730,100.00,0.38,insn per cycle
96.313940356,12152466034,,cycles,3240718719,100.00,,
96.415235333,22323694,,rD044,3241569243,100.00,,
96.415235333,237575197,,rFF44,3241343381,100.00,,
96.415235333,4621998371,,instructions,3240529329,100.00,0.38,insn per cycle
96.415235333,12150656607,,cycles,3240272487,100.00,,
96.516495899,22101083,,rD044,3239323968,100.00,,
96.516495899,238763948,,rFF44,3238211967,100.00,,
96.516495899,4587204626,,instructions,3238186147,100.00,0.38,insn per cycle
96.516495899,12139609191,,cycles,3237315473,100.00,,
96.617674875,21542888,,rD044,3236442794,100.00,,
96.617674875,245518098,,rFF44,3237433491,100.00,,
96.617674875,4584885360,,instructions,3238671430,100.00,0.38,insn per cycle
96.617674875,12148988077,,cycles,3240004617,100.00,,
96.718949961,22050172,,rD044,3241648973,100.00,,
96.718949961,240108336,,rFF44,3241379614,100.00,,
96.718949961,4682820399,,instructions,3238660598,100.00,0.39,insn per cycle
96.718949961,12140307820,,cycles,3237435041,100.00,,
96.820113136,22060799,,rD044,3235675370,100.00,,
96.820113136,235805841,,rFF44,3234160904,100.00,,
96.820113136,4633379963,,instructions,3234979038,100.00,0.38,insn per cycle
96.820113136,12132341979,,cycles,3235324400,100.00,,
96.921255691,21934944,,rD044,3236748298,100.00,,
96.921255691,240238374,,rFF44,3237842116,100.00,,
96.921255691,4588098973,,instructions,3238413928,100.00,0.38,insn per cycle
96.921255691,12143203429,,cycles,3238203288,100.00,,
97.022409846,21452975,,rD044,3237721456,100.00,,
97.022409846,244880690,,rFF44,3237971991,100.00,,
97.022409846,4597216317,,instructions,3238658897,100.00,0.38,insn per cycle
97.022409846,12147296546,,cycles,3239285353,100.00,,
97.123658422,22077891,,rD044,3239772804,100.00,,
97.123658422,238520353,,rFF44,3239587424,100.00,,
97.123658422,4661447643,,instructions,3238906789,100.00,0.38,insn per cycle
97.123658422,12144214449,,cycles,3238498253,100.00,,
97.224875328,22167407,,rD044,3238347804,100.00,,
97.224875328,236995556,,rFF44,3238981191,100.00,,
97.224875328,4617963715,,instructions,3238726989,100.00,0.38,insn per cycle
97.224875328,12146562046,,cycles,3239137892,100.00,,
97.326091724,21729924,,rD044,3238955440,100.00,,
97.326091724,242267087,,rFF44,3238817336,100.00,,
97.326091724,4582025793,,instructions,3239609974,100.00,0.38,insn per cycle
97.326091724,12149572612,,cycles,3239896035,100.00,,
97.427357870,21523658,,rD044,3240447087,100.00,,
97.427357870,245363467,,rFF44,3240318928,100.00,,
97.427357870,4591724592,,instructions,3238539267,100.00,0.38,insn per cycle
97.427357870,12136834632,,cycles,3236561037,100.00,,
97.528439695,22092792,,rD044,3234399069,100.00,,
97.528439695,234842367,,rFF44,3234153796,100.00,,
97.528439695,4682156155,,instructions,3236334277,100.00,0.39,insn per cycle
97.528439695,12146788841,,cycles,3239206432,100.00,,
97.629738061,22103152,,rD044,3241233769,100.00,,
97.629738061,236568937,,rFF44,3242385986,100.00,,
97.629738061,4643929214,,instructions,3244669946,100.00,0.38,insn per cycle
97.629738061,12172845577,,cycles,3246121474,100.00,,
97.731195850,21696152,,rD044,3247006599,100.00,,
97.731195850,244422109,,rFF44,3246652095,100.00,,
97.731195850,4586118750,,instructions,3245458303,100.00,0.38,insn per cycle
97.731195850,12164714897,,cycles,3243940532,100.00,,
97.832557687,21634178,,rD044,3243847940,100.00,,
97.832557687,243447631,,rFF44,3243287244,100.00,,
97.832557687,4666460118,,instructions,3242053874,100.00,0.38,insn per cycle
97.832557687,12153511843,,cycles,3240985670,100.00,,
97.933824584,22308302,,rD044,3240484538,100.00,,
97.933824584,236833182,,rFF44,3241781994,100.00,,
97.933824584,4649695203,,instructions,3242562225,100.00,0.38,insn per cycle
97.933824584,12161409563,,cycles,3243058329,100.00,,
98.035151941,22114669,,rD044,3241207571,100.00,,
98.035151941,237292359,,rFF44,3238534455,100.00,,
98.035151941,4626124001,,instructions,3237358331,100.00,0.38,insn per cycle
98.035151941,12137944956,,cycles,3236842392,100.00,,
98.136330076,21532340,,rD044,3237718866,100.00,,
98.136330076,245282284,,rFF44,3238890440,100.00,,
98.136330076,4590376825,,instructions,3238949590,100.00,0.38,insn per cycle
98.136330076,12146835853,,cycles,3239330358,100.00,,
98.237572882,21965480,,rD044,3239255558,100.00,,
98.237572882,240929282,,rFF44,3236280479,100.00,,
98.237572882,4654516050,,instructions,3235850054,100.00,0.38,insn per cycle
98.237572882,12132208126,,cycles,3235290302,100.00,,
98.338649016,22091434,,rD044,3234883290,100.00,,
98.338649016,236338229,,rFF44,3236744556,100.00,,
98.338649016,4644204221,,instructions,3236129307,100.00,0.38,insn per cycle
98.338649016,12133945464,,cycles,3235774025,100.00,,
98.439776501,21999840,,rD044,3235546897,100.00,,
98.439776501,239356944,,rFF44,3236479618,100.00,,
98.439776501,4598093189,,instructions,3237702612,100.00,0.38,insn per cycle
98.439776501,12148077588,,cycles,3239528022,100.00,,
98.541033897,21555103,,rD044,3240407896,100.00,,
98.541033897,245254513,,rFF44,3240750038,100.00,,
98.541033897,4603190652,,instructions,3240798469,100.00,0.38,insn per cycle
98.541033897,12152402318,,cycles,3240689289,100.00,,
98.642310884,22166590,,rD044,3241305781,100.00,,
98.642310884,239736610,,rFF44,3241202611,100.00,,
98.642310884,4674809964,,instructions,3241450132,100.00,0.38,insn per cycle
98.642310884,12153508521,,cycles,3240956898,100.00,,
98.743608051,22087661,,rD044,3240876869,100.00,,
98.743608051,236276494,,rFF44,3239843664,100.00,,
98.743608051,4648708501,,instructions,3238485449,100.00,0.38,insn per cycle
98.743608051,12139836834,,cycles,3237317063,100.00,,
98.844742645,21851500,,rD044,3236867308,100.00,,
98.844742645,241944411,,rFF44,3238696326,100.00,,
98.844742645,4586481492,,instructions,3240337467,100.00,0.38,insn per cycle
98.844742645,12153892372,,cycles,3241059240,100.00,,
98.946032912,21605981,,rD044,3241154370,100.00,,
98.946032912,246389125,,rFF44,3241393942,100.00,,
98.946032912,4616001558,,instructions,3241584753,100.00,0.38,insn per cycle
98.946032912,12158140078,,cycles,3242201494,100.00,,
99.047328849,22142384,,rD044,3240742820,100.00,,
99.047328849,236134508,,rFF44,3239864304,100.00,,
99.047328849,4682621887,,instructions,3239466894,100.00,0.39,insn per cycle
99.047328849,12145622338,,cycles,3239080983,100.00,,
99.148597275,22074563,,rD044,3240800298,100.00,,
99.148597275,236199281,,rFF44,3240803648,100.00,,
99.148597275,4651462999,,instructions,3241843133,100.00,0.38,insn per cycle
99.148597275,12164138112,,cycles,3243835239,100.00,,
99.249991703,21807169,,rD044,3243647959,100.00,,
99.249991703,244068697,,rFF44,3244230057,100.00,,
99.249991703,4589162348,,instructions,3243744607,100.00,0.38,insn per cycle
99.249991703,12156452716,,cycles,3242043335,100.00,,
99.351320680,21502286,,rD044,3242083877,100.00,,
99.351320680,243304436,,rFF44,3240820358,100.00,,
99.351320680,4652751600,,instructions,3239648964,100.00,0.38,insn per cycle
99.351320680,12148990476,,cycles,3239746991,100.00,,
99.452569516,22379974,,rD044,3239914182,100.00,,
99.452569516,236598809,,rFF44,3240479648,100.00,,
99.452569516,4646182742,,instructions,3241956823,100.00,0.38,insn per cycle
99.452569516,12160756592,,cycles,3242920463,100.00,,
99.553916283,22061434,,rD044,3242667351,100.00,,
99.553916283,236521531,,rFF44,3240644765,100.00,,
99.553916283,4635844042,,instructions,3237232561,100.00,0.38,insn per cycle
99.553916283,12125916048,,cycles,3233620873,100.00,,
99.654936767,21507330,,rD044,3233941003,100.00,,
99.654936767,244467377,,rFF44,3236361168,100.00,,
99.654936767,4593485495,,instructions,3239399231,100.00,0.38,insn per cycle
99.654936767,12158429628,,cycles,3242251607,100.00,,
99.756274584,21958047,,rD044,3241980306,100.00,,
99.756274584,242494970,,rFF44,3240617698,100.00,,
99.756274584,4671408052,,instructions,3237921306,100.00,0.38,insn per cycle
99.756274584,12136224065,,cycles,3236350176,100.00,,
99.857389469,21990084,,rD044,3234963219,100.00,,
99.857389469,235029705,,rFF44,3234579637,100.00,,
99.857389469,4655314470,,instructions,3235694155,100.00,0.38,insn per cycle
99.857389469,12136336011,,cycles,3236375855,100.00,,
99.958549564,22128471,,rD044,3237841620,100.00,,
99.958549564,239061817,,rFF44,3238723572,100.00,,
99.958549564,4606900502,,instructions,3239207622,100.00,0.38,insn per cycle
99.958549564,12144732131,,cycles,3238623549,100.00,,
100.059742600,21482001,,rD044,3237650098,100.00,,
100.059742600,245088637,,rFF44,3237777581,100.00,,
100.059742600,4606978257,,instructions,3238131882,100.00,0.38,insn per cycle
100.059742600,12147467378,,cycles,3239425024,100.00,,
100.161019266,22068110,,rD044,3241280080,100.00,,
100.161019266,239734343,,rFF44,3240432537,100.00,,
100.161019266,4675920769,,instructions,3238893690,100.00,0.39,insn per cycle
100.161019266,12139605435,,cycles,3237277178,100.00,,
100.262140251,22175749,,rD044,3235045739,100.00,,
100.262140251,236455831,,rFF44,3235264880,100.00,,
100.262140251,4642268962,,instructions,3236337917,100.00,0.38,insn per cycle
100.262140251,12138893120,,cycles,3237072378,100.00,,
100.363307466,21939938,,rD044,3237784832,100.00,,
100.363307466,240883265,,rFF44,3237988026,100.00,,
100.363307466,4576444946,,instructions,3237491204,100.00,0.38,insn per cycle
100.363307466,12139163573,,cycles,3237117263,100.00,,
100.464484661,21560716,,rD044,3236883176,100.00,,
100.464484661,246370654,,rFF44,3238293719,100.00,,
100.464484661,4588966941,,instructions,3239221206,100.00,0.38,insn per cycle
100.464484661,12148077852,,cycles,3239700108,100.00,,
100.565769078,22170946,,rD044,3240301897,100.00,,
100.565769078,237184002,,rFF44,3238916101,100.00,,
100.565769078,4698545738,,instructions,3238310874,100.00,0.39,insn per cycle
100.565769078,12144055558,,cycles,3238430655,100.00,,
100.666958743,22147272,,rD044,3237851553,100.00,,
100.666958743,236990279,,rFF44,3238250589,100.00,,
100.666958743,4647995671,,instructions,3239082782,100.00,0.38,insn per cycle
100.666958743,12148062270,,cycles,3239693985,100.00,,
100.768210160,21710020,,rD044,3240719268,100.00,,
100.768210160,243318813,,rFF44,3242866118,100.00,,
100.768210160,4576682909,,instructions,3243068257,100.00,0.38,insn per cycle
100.768210160,12161719076,,cycles,3243152481,100.00,,
100.869569897,21517470,,rD044,3241763804,100.00,,
100.869569897,244232668,,rFF44,3236639051,100.00,,
100.869569897,4633332930,,instructions,3232252817,100.00,0.38,insn per cycle
100.869569897,12103207333,,cycles,3227561134,100.00,,
100.970354218,22175314,,rD044,3226318917,100.00,,
100.970354218,234856663,,rFF44,3229707180,100.00,,
100.970354218,4656996276,,instructions,3232931142,100.00,0.38,insn per cycle
100.970354218,12132954939,,cycles,3235463843,100.00,,
101.071528313,22101707,,rD044,3238668031,100.00,,
101.071528313,236515633,,rFF44,3240605487,100.00,,
101.071528313,4627740214,,instructions,3244801567,100.00,0.38,insn per cycle
101.071528313,12184419193,,cycles,3249182030,100.00,,
101.173100923,21732869,,rD044,3250162301,100.00,,
101.173100923,245159153,,rFF44,3249723804,100.00,,
101.173100923,4588887504,,instructions,3246195217,100.00,0.38,insn per cycle
101.173100923,12166321387,,cycles,3244385192,100.00,,
101.274489631,21786241,,rD044,3243366664,100.00,,
101.274489631,243131477,,rFF44,3241486311,100.00,,
101.274489631,4676420879,,instructions,3241348490,100.00,0.38,insn per cycle
101.274489631,12151222999,,cycles,3240346547,100.00,,
101.375736217,22216422,,rD044,3239706198,100.00,,
101.375736217,236436122,,rFF44,3239866945,100.00,,
101.375736217,4640042769,,instructions,3239553593,100.00,0.38,insn per cycle
101.375736217,12145536493,,cycles,3238830001,100.00,,
101.476933123,22111046,,rD044,3237971001,100.00,,
101.476933123,238471158,,rFF44,3238149713,100.00,,
101.476933123,4614500865,,instructions,3238872641,100.00,0.38,insn per cycle
101.476933123,12145951587,,cycles,3239068571,100.00,,
101.578167179,21523572,,rD044,3239946115,100.00,,
101.578167179,245699433,,rFF44,3240158357,100.00,,
101.578167179,4594842666,,instructions,3240428634,100.00,0.38,insn per cycle
101.578167179,12153266840,,cycles,3240905431,100.00,,
101.679461825,22117089,,rD044,3240736677,100.00,,
101.679461825,240669739,,rFF44,3238810989,100.00,,
101.679461825,4658125239,,instructions,3236483569,100.00,0.38,insn per cycle
101.679461825,12132407671,,cycles,3235327940,100.00,,
101.780540569,21894495,,rD044,3234497400,100.00,,
101.780540569,235683647,,rFF44,3235499773,100.00,,
101.780540569,4641144991,,instructions,3235815604,100.00,0.38,insn per cycle
101.780540569,12135938748,,cycles,3236264496,100.00,,
101.881701775,21928150,,rD044,3236738555,100.00,,
101.881701775,240106518,,rFF44,3236449238,100.00,,
101.881701775,4588582088,,instructions,3237175890,100.00,0.38,insn per cycle
101.881701775,12139737323,,cycles,3237289321,100.00,,
101.982848780,21489427,,rD044,3236870259,100.00,,
101.982848780,245121135,,rFF44,3237524974,100.00,,
101.982848780,4610779109,,instructions,3238209638,100.00,0.38,insn per cycle
101.982848780,12147928829,,cycles,3239532194,100.00,,
102.084114836,22182723,,rD044,3240606078,100.00,,
102.084114836,238919339,,rFF44,3240069706,100.00,,
102.084114836,4662887408,,instructions,3239336933,100.00,0.38,insn per cycle
102.084114836,12141033829,,cycles,3237706965,100.00,,
102.185276061,22186712,,rD044,3236823874,100.00,,
102.185276061,236911733,,rFF44,3237491162,100.00,,
102.185276061,4640015045,,instructions,3238371065,100.00,0.38,insn per cycle
102.185276061,12147933409,,cycles,3239514313,100.00,,
102.286525907,21883548,,rD044,3240482006,100.00,,
102.286525907,243830247,,rFF44,3241089040,100.00,,
102.286525907,4567108713,,instructions,3242072754,100.00,0.38,insn per cycle
102.286525907,12161100118,,cycles,3242972890,100.00,,
102.387925475,21640804,,rD044,3243224808,100.00,,
102.387925475,244856798,,rFF44,3240261075,100.00,,
102.387925475,4631281474,,instructions,3236405463,100.00,0.38,insn per cycle
102.387925475,12117584955,,cycles,3231395017,100.00,,
102.488769637,22175617,,rD044,3227943337,100.00,,
102.488769637,234882854,,rFF44,3230512037,100.00,,
102.488769637,4656211717,,instructions,3232715124,100.00,0.38,insn per cycle
102.488769637,12136001626,,cycles,3236298142,100.00,,
102.589990233,22073790,,rD044,3239830995,100.00,,
102.589990233,236769429,,rFF44,3241878844,100.00,,
102.589990233,4636880516,,instructions,3244642208,100.00,0.38,insn per cycle
102.589990233,12177927925,,cycles,3247455349,100.00,,
102.691518382,21753384,,rD044,3248229294,100.00,,
102.691518382,244664246,,rFF44,3246509325,100.00,,
102.691518382,4593270113,,instructions,3245289522,100.00,0.38,insn per cycle
102.691518382,12162225777,,cycles,3243290831,100.00,,
102.792844929,21786758,,rD044,3242506624,100.00,,
102.792844929,243768725,,rFF44,3242675531,100.00,,
102.792844929,4652837871,,instructions,3242185985,100.00,0.38,insn per cycle
102.792844929,12156580776,,cycles,3241776032,100.00,,
102.894122755,22229731,,rD044,3240726820,100.00,,
102.894122755,236583386,,rFF44,3239302929,100.00,,
102.894122755,4642780306,,instructions,3238128753,100.00,0.38,insn per cycle
102.894122755,12139631256,,cycles,3237252341,100.00,,
102.990477417,15946243,,rD044,2958399707,100.00,,
102.990477417,184758103,,rFF44,2950452720,100.00,,
102.990477417,5099220763,,instructions,2943024094,100.00,0.46,insn per cycle
102.990477417,11009098400,,cycles,2935855749,100.00,,
