0.100128555,137107,,rD044,95156687,100.00,,
0.100128555,1829960,,rFF44,95161237,100.00,,
0.100128555,1468104727,,instructions,95167427,100.00,4.16,insn per cycle
0.100128555,353025372,,cycles,95171757,100.00,,
0.200420962,104617,,rD044,100245014,100.00,,
0.200420962,1764739,,rFF44,100246054,100.00,,
0.200420962,1689748551,,instructions,100244865,100.00,4.50,insn per cycle
0.200420962,375876110,,cycles,100245265,100.00,,
0.300614558,111061,,rD044,99961024,100.00,,
0.300614558,1731565,,rFF44,99960834,100.00,,
0.300614558,1689975427,,instructions,99960193,100.00,4.51,insn per cycle
0.300614558,374784056,,cycles,99959933,100.00,,
0.400821664,111399,,rD044,100127025,100.00,,
0.400821664,1749994,,rFF44,100127485,100.00,,
0.400821664,1686878421,,instructions,100128155,100.00,4.49,insn per cycle
0.400821664,375423508,,cycles,100128595,100.00,,
0.501024200,104082,,rD044,100155124,100.00,,
0.501024200,1750834,,rFF44,100154754,100.00,,
0.501024200,1687410225,,instructions,100154964,100.00,4.49,insn per cycle
0.501024200,375530196,,cycles,100154954,100.00,,
0.601237497,116088,,rD044,100151925,100.00,,
0.601237497,1728437,,rFF44,100152175,100.00,,
0.601237497,1687121601,,instructions,100152495,100.00,4.49,insn per cycle
0.601237497,375512086,,cycles,100151595,100.00,,
0.701448873,113299,,rD044,100165634,100.00,,
0.701448873,1753150,,rFF44,100166124,100.00,,
0.701448873,1696259316,,instructions,100164694,100.00,4.52,insn per cycle
0.701448873,375569382,,cycles,100164904,100.00,,
0.801661689,75727,,rD044,100165704,100.00,,
0.801661689,1696159,,rFF44,100165314,100.00,,
0.801661689,1689127250,,instructions,100165234,100.00,4.50,insn per cycle
0.801661689,375574550,,cycles,100165934,100.00,,
0.901871665,115965,,rD044,100160265,100.00,,
0.901871665,1727078,,rFF44,100160165,100.00,,
0.901871665,1682843961,,instructions,100160955,100.00,4.48,insn per cycle
0.901871665,375551741,,cycles,100161115,100.00,,
1.002065621,107623,,rD044,100143615,100.00,,
1.002065621,1756161,,rFF44,100143635,100.00,,
1.002065621,1691216314,,instructions,100143715,100.00,4.50,insn per cycle
1.002065621,375487969,,cycles,100144115,100.00,,
1.102278347,111175,,rD044,100165224,100.00,,
1.102278347,1713320,,rFF44,100165184,100.00,,
1.102278347,1684144613,,instructions,100164865,100.00,4.48,insn per cycle
1.102278347,375567147,,cycles,100163575,100.00,,
1.202487913,115895,,rD044,98971060,100.00,,
1.202487913,1712687,,rFF44,98971120,100.00,,
1.202487913,1654689756,,instructions,98971439,100.00,4.46,insn per cycle
1.202487913,371076475,,cycles,98971749,100.00,,
1.302706069,105833,,rD044,100174355,100.00,,
1.302706069,1754422,,rFF44,100174225,100.00,,
1.302706069,1684684000,,instructions,100174555,100.00,4.49,insn per cycle
1.302706069,375616152,,cycles,100175865,100.00,,
1.402936686,115540,,rD044,100047385,100.00,,
1.402936686,1721430,,rFF44,100047435,100.00,,
1.402936686,1679906636,,instructions,100047165,100.00,4.48,insn per cycle
1.402936686,375097941,,cycles,100046595,100.00,,
1.503132862,116570,,rD044,100148975,100.00,,
1.503132862,1742985,,rFF44,100148865,100.00,,
1.503132862,1653483297,,instructions,100148235,100.00,4.40,insn per cycle
1.503132862,375509442,,cycles,100147975,100.00,,
1.603338288,104922,,rD044,100144414,100.00,,
1.603338288,1706846,,rFF44,100144305,100.00,,
1.603338288,1679249444,,instructions,100144335,100.00,4.47,insn per cycle
1.603338288,375485118,,cycles,100144225,100.00,,
1.703547434,115241,,rD044,100161565,100.00,,
1.703547434,1728155,,rFF44,100161834,100.00,,
1.703547434,1670214907,,instructions,100161794,100.00,4.45,insn per cycle
1.703547434,375560046,,cycles,100161524,100.00,,
1.803778890,105074,,rD044,100177285,100.00,,
1.803778890,1767238,,rFF44,100177465,100.00,,
1.803778890,1675415604,,instructions,100178425,100.00,4.46,insn per cycle
1.803778890,375611795,,cycles,100178215,100.00,,
1.903982926,105172,,rD044,100155285,100.00,,
1.903982926,1727758,,rFF44,100155195,100.00,,
1.903982926,1655814929,,instructions,100155115,100.00,4.41,insn per cycle
1.903982926,375535901,,cycles,100155695,100.00,,
2.004178882,114120,,rD044,100144135,100.00,,
2.004178882,1742420,,rFF44,100144305,100.00,,
2.004178882,1669754038,,instructions,100143595,100.00,4.45,insn per cycle
2.004178882,375487606,,cycles,100143645,100.00,,
2.104416548,101887,,rD044,100184325,100.00,,
2.104416548,1751909,,rFF44,100184035,100.00,,
2.104416548,1676872358,,instructions,100183985,100.00,4.46,insn per cycle
2.104416548,375638855,,cycles,100184375,100.00,,
2.204627975,74747,,rD044,100164604,100.00,,
2.204627975,1689181,,rFF44,100164524,100.00,,
2.204627975,1685868544,,instructions,100164864,100.00,4.49,insn per cycle
2.204627975,375570335,,cycles,100164454,100.00,,
2.304839721,108161,,rD044,100161885,100.00,,
2.304839721,1748985,,rFF44,100161825,100.00,,
2.304839721,1670374941,,instructions,100161685,100.00,4.45,insn per cycle
2.304839721,375558361,,cycles,100161385,100.00,,
2.405051777,100991,,rD044,100007854,100.00,,
2.405051777,1752961,,rFF44,100007894,100.00,,
2.405051777,1657835244,,instructions,100008174,100.00,4.42,insn per cycle
2.405051777,374949325,,cycles,100008034,100.00,,
2.505246343,110545,,rD044,100147615,100.00,,
2.505246343,1723369,,rFF44,100147495,100.00,,
2.505246343,1667985170,,instructions,100147385,100.00,4.44,insn per cycle
2.505246343,375508185,,cycles,100147905,100.00,,
2.605459239,103765,,rD044,100147145,100.00,,
2.605459239,1752177,,rFF44,100147825,100.00,,
2.605459239,1670216892,,instructions,100147475,100.00,4.45,insn per cycle
2.605459239,375483850,,cycles,100147665,100.00,,
2.705670205,101348,,rD044,100162084,100.00,,
2.705670205,1721294,,rFF44,100161744,100.00,,
2.705670205,1687191404,,instructions,100161974,100.00,4.49,insn per cycle
2.705670205,375561227,,cycles,100161294,100.00,,
2.805920512,113945,,rD044,100205245,100.00,,
2.805920512,1697214,,rFF44,100205485,100.00,,
2.805920512,1675147632,,instructions,100205055,100.00,4.46,insn per cycle
2.805920512,375724234,,cycles,100205495,100.00,,
2.906132118,100406,,rD044,100165885,100.00,,
2.906132118,1737199,,rFF44,100165665,100.00,,
2.906132118,1700120124,,instructions,100165635,100.00,4.53,insn per cycle
2.906132118,375572229,,cycles,100165105,100.00,,
3.006325274,105728,,rD044,100141354,100.00,,
3.006325274,1710779,,rFF44,100141834,100.00,,
3.006325274,1703536536,,instructions,100142944,100.00,4.54,insn per cycle
3.006325274,375484774,,cycles,100143044,100.00,,
3.106537450,111001,,rD044,100164535,100.00,,
3.106537450,1731263,,rFF44,100164005,100.00,,
3.106537450,1707036869,,instructions,100163505,100.00,4.55,insn per cycle
3.106537450,375560061,,cycles,100163545,100.00,,
3.206748706,99697,,rD044,100165014,100.00,,
3.206748706,1741742,,rFF44,100183825,100.00,,
3.206748706,1713616919,,instructions,100184545,100.00,4.56,insn per cycle
3.206748706,375647405,,cycles,100184985,100.00,,
3.306982772,109117,,rD044,100188044,100.00,,
3.306982772,1715915,,rFF44,100169303,100.00,,
3.306982772,1713936582,,instructions,100168663,100.00,4.56,insn per cycle
3.306982772,375583578,,cycles,100167903,100.00,,
3.407194858,104902,,rD044,100025264,100.00,,
3.407194858,1742561,,rFF44,100025254,100.00,,
3.407194858,1710664068,,instructions,100025184,100.00,4.56,insn per cycle
3.407194858,375021288,,cycles,100025744,100.00,,
3.507390494,100521,,rD044,100149925,100.00,,
3.507390494,1730746,,rFF44,100150675,100.00,,
3.507390494,1714363841,,instructions,100150995,100.00,4.57,insn per cycle
3.507390494,375522560,,cycles,100150605,100.00,,
3.607602351,113466,,rD044,100163105,100.00,,
3.607602351,1724429,,rFF44,100162675,100.00,,
3.607602351,1711613247,,instructions,100162395,100.00,4.56,insn per cycle
3.607602351,375558556,,cycles,100163645,100.00,,
3.707810897,82174,,rD044,100151973,100.00,,
3.707810897,1737485,,rFF44,100151964,100.00,,
3.707810897,1713834655,,instructions,100151604,100.00,4.56,insn per cycle
3.707810897,375509866,,cycles,100150774,100.00,,
3.808022753,93045,,rD044,100167235,100.00,,
3.808022753,1713295,,rFF44,100167454,100.00,,
3.808022753,1714603105,,instructions,100167774,100.00,4.57,insn per cycle
3.808022753,375581095,,cycles,100167964,100.00,,
3.908236119,110064,,rD044,100164365,100.00,,
3.908236119,1730397,,rFF44,100163965,100.00,,
3.908236119,1712255654,,instructions,100164075,100.00,4.56,insn per cycle
3.908236119,375566478,,cycles,100163685,100.00,,
4.008473715,99292,,rD044,100188644,100.00,,
4.008473715,1744497,,rFF44,100188864,100.00,,
4.008473715,1708726032,,instructions,100188334,100.00,4.55,insn per cycle
4.008473715,375653194,,cycles,100188334,100.00,,
4.108683981,108941,,rD044,100159785,100.00,,
4.108683981,1714124,,rFF44,100159845,100.00,,
4.108683981,1708229530,,instructions,100160435,100.00,4.55,insn per cycle
4.108683981,375548537,,cycles,100160665,100.00,,
4.208936328,106566,,rD044,100205725,100.00,,
4.208936328,1739851,,rFF44,100205025,100.00,,
4.208936328,1712962734,,instructions,100205475,100.00,4.56,insn per cycle
4.208936328,375718280,,cycles,100205065,100.00,,
4.309145704,99729,,rD044,100163375,100.00,,
4.309145704,1735521,,rFF44,100163815,100.00,,
4.309145704,1715978893,,instructions,100162665,100.00,4.57,insn per cycle
4.309145704,375563532,,cycles,100162565,100.00,,
4.409357730,112481,,rD044,100026612,100.00,,
4.409357730,1718691,,rFF44,100026452,100.00,,
4.409357730,1713864714,,instructions,100026702,100.00,4.57,insn per cycle
4.409357730,375026999,,cycles,100027173,100.00,,
4.509552716,102474,,rD044,100149684,100.00,,
4.509552716,1753841,,rFF44,100149464,100.00,,
4.509552716,1718950116,,instructions,100149284,100.00,4.58,insn per cycle
4.509552716,375516724,,cycles,100148743,100.00,,
4.609779842,97227,,rD044,100180025,100.00,,
4.609779842,1691511,,rFF44,100180685,100.00,,
4.609779842,1721492800,,instructions,100182035,100.00,4.58,insn per cycle
4.609779842,375635618,,cycles,100183145,100.00,,
4.709993098,106806,,rD044,100156975,100.00,,
4.709993098,1726612,,rFF44,100156165,100.00,,
4.709993098,1718373598,,instructions,100155185,100.00,4.58,insn per cycle
4.709993098,375521524,,cycles,100154185,100.00,,
4.810204575,97086,,rD044,100164275,100.00,,
4.810204575,1749292,,rFF44,100164345,100.00,,
4.810204575,1719056613,,instructions,100164455,100.00,4.58,insn per cycle
4.810204575,375570037,,cycles,100164425,100.00,,
4.910416581,104528,,rD044,100165684,100.00,,
4.910416581,1716444,,rFF44,100165724,100.00,,
4.910416581,1717818689,,instructions,100165095,100.00,4.57,insn per cycle
4.910416581,375574433,,cycles,100165425,100.00,,
5.010612067,105534,,rD044,100150694,100.00,,
5.010612067,1739863,,rFF44,100150734,100.00,,
5.010612067,1719992616,,instructions,100151123,100.00,4.58,insn per cycle
5.010612067,375521413,,cycles,100151533,100.00,,
5.110823113,95718,,rD044,100162865,100.00,,
5.110823113,1743604,,rFF44,100163335,100.00,,
5.110823113,1718425975,,instructions,100163295,100.00,4.58,insn per cycle
5.110823113,375562592,,cycles,100162915,100.00,,
5.211037069,108613,,rD044,100163195,100.00,,
5.211037069,1720761,,rFF44,100164055,100.00,,
5.211037069,1719513955,,instructions,100164095,100.00,4.58,insn per cycle
5.211037069,375568694,,cycles,100164305,100.00,,
5.311257415,102298,,rD044,100058283,100.00,,
5.311257415,1748126,,rFF44,100057413,100.00,,
5.311257415,1716944106,,instructions,100057113,100.00,4.58,insn per cycle
5.311257415,375139232,,cycles,100056993,100.00,,
5.411467281,92501,,rD044,100135123,100.00,,
5.411467281,1727004,,rFF44,100134893,100.00,,
5.411467281,1721426627,,instructions,100135383,100.00,4.59,insn per cycle
5.411467281,375446011,,cycles,100135354,100.00,,
5.511662597,80462,,rD044,100152855,100.00,,
5.511662597,1698057,,rFF44,100152825,100.00,,
5.511662597,1725620806,,instructions,100152515,100.00,4.60,insn per cycle
5.511662597,375532706,,cycles,100152044,100.00,,
5.611872333,97424,,rD044,100161094,100.00,,
5.611872333,1753078,,rFF44,100161474,100.00,,
5.611872333,1720167278,,instructions,100162174,100.00,4.58,insn per cycle
5.611872333,375559123,,cycles,100162744,100.00,,
5.712083980,101288,,rD044,100151635,100.00,,
5.712083980,1720365,,rFF44,100151235,100.00,,
5.712083980,1720195942,,instructions,100151425,100.00,4.58,insn per cycle
5.712083980,375505321,,cycles,100150835,100.00,,
5.812295166,106370,,rD044,100154494,100.00,,
5.812295166,1737127,,rFF44,100154324,100.00,,
5.812295166,1720875812,,instructions,100153274,100.00,4.58,insn per cycle
5.812295166,375519094,,cycles,100153734,100.00,,
5.912529342,97278,,rD044,100185374,100.00,,
5.912529342,1743581,,rFF44,100185545,100.00,,
5.912529342,1720927103,,instructions,100186115,100.00,4.58,insn per cycle
5.912529342,375649148,,cycles,100185575,100.00,,
6.012723168,106629,,rD044,100149385,100.00,,
6.012723168,1720541,,rFF44,100149704,100.00,,
6.012723168,1722767591,,instructions,100148654,100.00,4.59,insn per cycle
6.012723168,375514208,,cycles,100149194,100.00,,
6.112924374,105130,,rD044,100149464,100.00,,
6.112924374,1749269,,rFF44,100149414,100.00,,
6.112924374,1728174271,,instructions,100150294,100.00,4.60,insn per cycle
6.112924374,375510285,,cycles,100150144,100.00,,
6.213134050,100696,,rD044,100160005,100.00,,
6.213134050,1730448,,rFF44,100159315,100.00,,
6.213134050,1728893344,,instructions,100159825,100.00,4.60,insn per cycle
6.213134050,375548749,,cycles,100160485,100.00,,
6.313346336,113175,,rD044,100167075,100.00,,
6.313346336,1696082,,rFF44,100167495,100.00,,
6.313346336,1733576071,,instructions,100166615,100.00,4.62,insn per cycle
6.313346336,375575130,,cycles,100165755,100.00,,
6.413557982,98405,,rD044,100020773,100.00,,
6.413557982,1752505,,rFF44,100021133,100.00,,
6.413557982,1729629315,,instructions,100021233,100.00,4.61,insn per cycle
6.413557982,374996734,,cycles,100021293,100.00,,
6.513792029,105350,,rD044,100192275,100.00,,
6.513792029,1721492,,rFF44,100192095,100.00,,
6.513792029,1732408363,,instructions,100191675,100.00,4.61,insn per cycle
6.513792029,375683719,,cycles,100192205,100.00,,
6.614002735,107273,,rD044,100163204,100.00,,
6.614002735,1745558,,rFF44,100163194,100.00,,
6.614002735,1732547075,,instructions,100164304,100.00,4.61,insn per cycle
6.614002735,375563521,,cycles,100164384,100.00,,
6.714214971,99078,,rD044,100151004,100.00,,
6.714214971,1736562,,rFF44,100150814,100.00,,
6.714214971,1731441556,,instructions,100150304,100.00,4.61,insn per cycle
6.714214971,375500859,,cycles,100150724,100.00,,
6.814426637,109525,,rD044,100164905,100.00,,
6.814426637,1723536,,rFF44,100165505,100.00,,
6.814426637,1727768649,,instructions,100164775,100.00,4.60,insn per cycle
6.814426637,375566120,,cycles,100163515,100.00,,
6.914637703,68981,,rD044,100164303,100.00,,
6.914637703,1723501,,rFF44,100163744,100.00,,
6.914637703,1732858796,,instructions,100164844,100.00,4.61,insn per cycle
6.914637703,375576097,,cycles,100165894,100.00,,
7.014849609,106607,,rD044,100167154,100.00,,
7.014849609,1716553,,rFF44,100167623,100.00,,
7.014849609,1727736802,,instructions,100166413,100.00,4.60,insn per cycle
7.014849609,375574072,,cycles,100165543,100.00,,
7.115058615,108863,,rD044,100160745,100.00,,
7.115058615,1743510,,rFF44,100160805,100.00,,
7.115058615,1731192061,,instructions,100161985,100.00,4.61,insn per cycle
7.115058615,375557138,,cycles,100162335,100.00,,
7.215273462,95328,,rD044,100165155,100.00,,
7.215273462,1743000,,rFF44,100164015,100.00,,
7.215273462,1729270899,,instructions,100163395,100.00,4.60,insn per cycle
7.215273462,375560556,,cycles,100163555,100.00,,
7.315484698,108342,,rD044,100165604,100.00,,
7.315484698,1726132,,rFF44,100166504,100.00,,
7.315484698,1730814268,,instructions,100167094,100.00,4.61,insn per cycle
7.315484698,375579489,,cycles,100167014,100.00,,
7.415696774,97971,,rD044,100022452,100.00,,
7.415696774,1756171,,rFF44,100022373,100.00,,
7.415696774,1729014792,,instructions,100021953,100.00,4.61,insn per cycle
7.415696774,375003362,,cycles,100021163,100.00,,
7.515941130,102105,,rD044,100202475,100.00,,
7.515941130,1694314,,rFF44,100202224,100.00,,
7.515941130,1734418419,,instructions,100201365,100.00,4.62,insn per cycle
7.515941130,375721477,,cycles,100202565,100.00,,
7.616153206,109841,,rD044,100164295,100.00,,
7.616153206,1737753,,rFF44,100164175,100.00,,
7.616153206,1730991058,,instructions,100164804,100.00,4.61,insn per cycle
7.616153206,375563769,,cycles,100164204,100.00,,
7.716366083,95047,,rD044,100166525,100.00,,
7.716366083,1747329,,rFF44,100166895,100.00,,
7.716366083,1731033502,,instructions,100167395,100.00,4.61,insn per cycle
7.716366083,375574465,,cycles,100167095,100.00,,
7.816595239,107473,,rD044,100170454,100.00,,
7.816595239,1715758,,rFF44,100169974,100.00,,
7.816595239,1727032144,,instructions,100169954,100.00,4.60,insn per cycle
7.816595239,375578067,,cycles,100170504,100.00,,
7.916805705,101569,,rD044,100165575,100.00,,
7.916805705,1752106,,rFF44,100165595,100.00,,
7.916805705,1728894113,,instructions,100166005,100.00,4.60,insn per cycle
7.916805705,375573646,,cycles,100165605,100.00,,
8.017017011,98483,,rD044,100164745,100.00,,
8.017017011,1725697,,rFF44,100164855,100.00,,
8.017017011,1729503691,,instructions,100163975,100.00,4.61,insn per cycle
8.017017011,375569243,,cycles,100164485,100.00,,
8.117227597,81291,,rD044,100165173,100.00,,
8.117227597,1696338,,rFF44,100165633,100.00,,
8.117227597,1733435230,,instructions,100165153,100.00,4.62,insn per cycle
8.117227597,375570434,,cycles,100164883,100.00,,
8.217439043,96353,,rD044,100164485,100.00,,
8.217439043,1746338,,rFF44,100164285,100.00,,
8.217439043,1726548304,,instructions,100165035,100.00,4.60,insn per cycle
8.217439043,375568975,,cycles,100164825,100.00,,
8.317648759,103148,,rD044,100050744,100.00,,
8.317648759,1712909,,rFF44,100050404,100.00,,
8.317648759,1719505503,,instructions,100050474,100.00,4.58,insn per cycle
8.317648759,375132650,,cycles,100050154,100.00,,
8.417858476,103216,,rD044,100136275,100.00,,
8.417858476,1738781,,rFF44,100136625,100.00,,
8.417858476,1721072344,,instructions,100136325,100.00,4.58,insn per cycle
8.417858476,375449711,,cycles,100136295,100.00,,
8.518069472,96437,,rD044,100167345,100.00,,
8.518069472,1783541,,rFF44,100167545,100.00,,
8.518069472,1745723099,,instructions,100167715,100.00,4.65,insn per cycle
8.518069472,375588248,,cycles,100168055,100.00,,
8.618278108,107556,,rD044,100164414,100.00,,
8.618278108,1749389,,rFF44,100163484,100.00,,
8.618278108,1723133521,,instructions,100163614,100.00,4.59,insn per cycle
8.618278108,375565490,,cycles,100163384,100.00,,
8.718488894,95806,,rD044,100159625,100.00,,
8.718488894,1770130,,rFF44,100159955,100.00,,
8.718488894,1730073926,,instructions,100160425,100.00,4.61,insn per cycle
8.718488894,375558039,,cycles,100161965,100.00,,
8.818702090,104020,,rD044,100154265,100.00,,
8.818702090,1733273,,rFF44,100153475,100.00,,
8.818702090,1716247988,,instructions,100153855,100.00,4.57,insn per cycle
8.818702090,375512466,,cycles,100152185,100.00,,
8.918929806,106717,,rD044,100183295,100.00,,
8.918929806,1778859,,rFF44,100184245,100.00,,
8.918929806,1717589270,,instructions,100183415,100.00,4.57,insn per cycle
8.918929806,375644743,,cycles,100184365,100.00,,
9.019141142,96927,,rD044,100163075,100.00,,
9.019141142,1779124,,rFF44,100163045,100.00,,
9.019141142,1722328729,,instructions,100161855,100.00,4.59,insn per cycle
9.019141142,375557944,,cycles,100161025,100.00,,
9.119351729,106902,,rD044,100165704,100.00,,
9.119351729,1730188,,rFF44,100165394,100.00,,
9.119351729,1681556829,,instructions,100166584,100.00,4.48,insn per cycle
9.119351729,375578599,,cycles,100167064,100.00,,
9.219562515,98648,,rD044,100158564,100.00,,
9.219562515,1730277,,rFF44,100158984,100.00,,
9.219562515,1671881628,,instructions,100158864,100.00,4.45,insn per cycle
9.219562515,375543268,,cycles,100158654,100.00,,
9.319775281,102308,,rD044,100161584,100.00,,
9.319775281,1742886,,rFF44,100161224,100.00,,
9.319775281,1692870579,,instructions,100161474,100.00,4.51,insn per cycle
9.319775281,375550869,,cycles,100161324,100.00,,
9.419986897,106553,,rD044,100024083,100.00,,
9.419986897,1753331,,rFF44,100024463,100.00,,
9.419986897,1687541210,,instructions,100024033,100.00,4.50,insn per cycle
9.419986897,375019309,,cycles,100024933,100.00,,
9.520199603,91360,,rD044,100168405,100.00,,
9.520199603,1761887,,rFF44,100168385,100.00,,
9.520199603,1687795939,,instructions,100168545,100.00,4.49,insn per cycle
9.520199603,375585722,,cycles,100168025,100.00,,
9.620410419,105512,,rD044,100167244,100.00,,
9.620410419,1733618,,rFF44,100167274,100.00,,
9.620410419,1667498610,,instructions,100167074,100.00,4.44,insn per cycle
9.620410419,375578689,,cycles,100166605,100.00,,
9.720636275,67766,,rD044,100176645,100.00,,
9.720636275,1732999,,rFF44,100176825,100.00,,
9.720636275,1672749475,,instructions,100176855,100.00,4.45,insn per cycle
9.720636275,375612024,,cycles,100177424,100.00,,
9.820848912,100077,,rD044,100141985,100.00,,
9.820848912,1747545,,rFF44,100141485,100.00,,
9.820848912,1687498947,,instructions,100141635,100.00,4.49,insn per cycle
9.820848912,375457962,,cycles,100141905,100.00,,
9.921069128,107938,,rD044,100173094,100.00,,
9.921069128,1748909,,rFF44,100173644,100.00,,
9.921069128,1686580493,,instructions,100173714,100.00,4.49,insn per cycle
9.921069128,375600363,,cycles,100172984,100.00,,
10.021282164,94125,,rD044,100168105,100.00,,
10.021282164,1763153,,rFF44,100167855,100.00,,
10.021282164,1675879465,,instructions,100167835,100.00,4.46,insn per cycle
10.021282164,375583497,,cycles,100167965,100.00,,
10.121485010,105087,,rD044,100155755,100.00,,
10.121485010,1729570,,rFF44,100156035,100.00,,
10.121485010,1674597954,,instructions,100155515,100.00,4.46,insn per cycle
10.121485010,375537628,,cycles,100155465,100.00,,
10.221694726,104052,,rD044,100160304,100.00,,
10.221694726,1761623,,rFF44,100160224,100.00,,
10.221694726,1676942773,,instructions,100160794,100.00,4.47,insn per cycle
10.221694726,375549201,,cycles,100160424,100.00,,
10.321923253,95212,,rD044,100176235,100.00,,
10.321923253,1750166,,rFF44,100176085,100.00,,
10.321923253,1684761221,,instructions,100175635,100.00,4.49,insn per cycle
10.321923253,375604404,,cycles,100175805,100.00,,
10.422131819,104614,,rD044,100013994,100.00,,
10.422131819,1731306,,rFF44,100013734,100.00,,
10.422131819,1711379302,,instructions,100014524,100.00,4.56,insn per cycle
10.422131819,374981147,,cycles,100014494,100.00,,
10.522344505,96223,,rD044,100169374,100.00,,
10.522344505,1792162,,rFF44,100170074,100.00,,
10.522344505,1711365150,,instructions,100169524,100.00,4.56,insn per cycle
10.522344505,375591614,,cycles,100169914,100.00,,
10.622554341,104592,,rD044,100165355,100.00,,
10.622554341,1772635,,rFF44,100165035,100.00,,
10.622554341,1729759853,,instructions,100165555,100.00,4.61,insn per cycle
10.622554341,375574734,,cycles,100165425,100.00,,
10.722783527,107038,,rD044,100179055,100.00,,
10.722783527,1770501,,rFF44,100178995,100.00,,
10.722783527,1708136527,,instructions,100179125,100.00,4.55,insn per cycle
10.722783527,375618422,,cycles,100179025,100.00,,
10.822994153,94736,,rD044,100149863,100.00,,
10.822994153,1768462,,rFF44,100149203,100.00,,
10.822994153,1708406612,,instructions,100148963,100.00,4.55,insn per cycle
10.822994153,375499318,,cycles,100150123,100.00,,
10.923207689,105885,,rD044,100167835,100.00,,
10.923207689,1754046,,rFF44,100168725,100.00,,
10.923207689,1704994489,,instructions,100168975,100.00,4.54,insn per cycle
10.923207689,375580745,,cycles,100167775,100.00,,
11.023420006,97017,,rD044,100167885,100.00,,
11.023420006,1799029,,rFF44,100168015,100.00,,
11.023420006,1721315889,,instructions,100167655,100.00,4.58,insn per cycle
11.023420006,375584036,,cycles,100168085,100.00,,
11.123632332,101148,,rD044,100167545,100.00,,
11.123632332,1751464,,rFF44,100167615,100.00,,
11.123632332,1700019636,,instructions,100167155,100.00,4.53,insn per cycle
11.123632332,375578953,,cycles,100166695,100.00,,
11.223845678,105602,,rD044,100165825,100.00,,
11.223845678,1774652,,rFF44,100165175,100.00,,
11.223845678,1700347527,,instructions,100165395,100.00,4.53,insn per cycle
11.223845678,375568119,,cycles,100165275,100.00,,
11.324058214,93416,,rD044,100045883,100.00,,
11.324058214,1765418,,rFF44,100045943,100.00,,
11.324058214,1672764252,,instructions,100046183,100.00,4.46,insn per cycle
11.324058214,375110664,,cycles,100046773,100.00,,
11.424271650,108352,,rD044,100146635,100.00,,
11.424271650,1741631,,rFF44,100147055,100.00,,
11.424271650,1675070620,,instructions,100146715,100.00,4.46,insn per cycle
11.424271650,375495155,,cycles,100146915,100.00,,
11.524484816,69389,,rD044,98982870,100.00,,
11.524484816,1726458,,rFF44,98983210,100.00,,
11.524484816,1660342735,,instructions,98982900,100.00,4.47,insn per cycle
11.524484816,371120881,,cycles,98982120,100.00,,
11.624710113,96867,,rD044,100178665,100.00,,
11.624710113,1755012,,rFF44,100177805,100.00,,
11.624710113,1690217491,,instructions,100178015,100.00,4.50,insn per cycle
11.624710113,375621882,,cycles,100178735,100.00,,
11.724936919,107168,,rD044,100179985,100.00,,
11.724936919,1768258,,rFF44,100180505,100.00,,
11.724936919,1692780546,,instructions,100180515,100.00,4.51,insn per cycle
11.724936919,375627273,,cycles,100180075,100.00,,
11.825147875,96946,,rD044,100151404,100.00,,
11.825147875,1792231,,rFF44,100151954,100.00,,
11.825147875,1695824220,,instructions,100152474,100.00,4.52,insn per cycle
11.825147875,375507415,,cycles,100152874,100.00,,
11.925363581,105088,,rD044,100170994,100.00,,
11.925363581,1764497,,rFF44,100170634,100.00,,
11.925363581,1697472574,,instructions,100170714,100.00,4.52,insn per cycle
11.925363581,375591885,,cycles,100170694,100.00,,
12.025580327,99935,,rD044,100170725,100.00,,
12.025580327,1796127,,rFF44,100170165,100.00,,
12.025580327,1696418440,,instructions,100171015,100.00,4.52,insn per cycle
12.025580327,375591827,,cycles,100170695,100.00,,
12.125792353,100787,,rD044,100163975,100.00,,
12.125792353,1735479,,rFF44,100163975,100.00,,
12.125792353,1699940504,,instructions,100162645,100.00,4.53,insn per cycle
12.125792353,375562365,,cycles,100162925,100.00,,
12.226002060,109340,,rD044,100164225,100.00,,
12.226002060,1772922,,rFF44,100164395,100.00,,
12.226002060,1699479016,,instructions,100165105,100.00,4.53,insn per cycle
12.226002060,375573770,,cycles,100165195,100.00,,
12.326214816,95105,,rD044,100162875,100.00,,
12.326214816,1791128,,rFF44,100162945,100.00,,
12.326214816,1695634681,,instructions,100162285,100.00,4.52,insn per cycle
12.326214816,375555675,,cycles,100162065,100.00,,
12.426428432,104481,,rD044,100017613,100.00,,
12.426428432,1752324,,rFF44,100017563,100.00,,
12.426428432,1683013309,,instructions,100017883,100.00,4.49,insn per cycle
12.426428432,374991307,,cycles,100017623,100.00,,
12.526637258,100306,,rD044,100163725,100.00,,
12.526637258,1775350,,rFF44,100163615,100.00,,
12.526637258,1679136040,,instructions,100163545,100.00,4.47,insn per cycle
12.526637258,375564344,,cycles,100163325,100.00,,
12.626846394,95748,,rD044,100164265,100.00,,
12.626846394,1759590,,rFF44,100164155,100.00,,
12.626846394,1679829407,,instructions,100163925,100.00,4.47,insn per cycle
12.626846394,375570378,,cycles,100164445,100.00,,
12.727055150,110388,,rD044,100162284,100.00,,
12.727055150,1759230,,rFF44,100162354,100.00,,
12.727055150,1681588928,,instructions,100163084,100.00,4.48,insn per cycle
12.727055150,375562370,,cycles,100162284,100.00,,
12.827265826,65391,,rD044,100161275,100.00,,
12.827265826,1756023,,rFF44,100161475,100.00,,
12.827265826,1685168247,,instructions,100161235,100.00,4.49,insn per cycle
12.827265826,375548624,,cycles,100161225,100.00,,
12.927479482,101489,,rD044,100154304,100.00,,
12.927479482,1748362,,rFF44,100154174,100.00,,
12.927479482,1679062436,,instructions,100153494,100.00,4.47,insn per cycle
12.927479482,375515216,,cycles,100153684,100.00,,
13.027690408,104300,,rD044,100164265,100.00,,
13.027690408,1775967,,rFF44,100164295,100.00,,
13.027690408,1681583840,,instructions,100164915,100.00,4.48,insn per cycle
13.027690408,375570853,,cycles,100164825,100.00,,
13.127918385,96283,,rD044,100183885,100.00,,
13.127918385,1773011,,rFF44,100183925,100.00,,
13.127918385,1681256371,,instructions,100183535,100.00,4.48,insn per cycle
13.127918385,375643127,,cycles,100184165,100.00,,
13.228127671,105755,,rD044,100163535,100.00,,
13.228127671,1755736,,rFF44,100163425,100.00,,
13.228127671,1692124141,,instructions,100163085,100.00,4.51,insn per cycle
13.228127671,375565905,,cycles,100163235,100.00,,
13.328336737,95536,,rD044,100040865,100.00,,
13.328336737,1798270,,rFF44,100040505,100.00,,
13.328336737,1706254879,,instructions,100041515,100.00,4.55,insn per cycle
13.328336737,375086305,,cycles,100042215,100.00,,
13.428549393,102513,,rD044,100141173,100.00,,
13.428549393,1710911,,rFF44,100141263,100.00,,
13.428549393,1673381749,,instructions,100141103,100.00,4.46,insn per cycle
13.428549393,375465885,,cycles,100139674,100.00,,
13.528792470,106113,,rD044,100197335,100.00,,
13.528792470,1758093,,rFF44,100197725,100.00,,
13.528792470,1671580761,,instructions,100197335,100.00,4.45,insn per cycle
13.528792470,375687140,,cycles,100197404,100.00,,
13.629002486,93539,,rD044,100164555,100.00,,
13.629002486,1763658,,rFF44,100164755,100.00,,
13.629002486,1677344017,,instructions,100164915,100.00,4.47,insn per cycle
13.629002486,375575139,,cycles,100165475,100.00,,
13.729197352,107320,,rD044,100137444,100.00,,
13.729197352,1746519,,rFF44,100136234,100.00,,
13.729197352,1684907438,,instructions,100135864,100.00,4.49,insn per cycle
13.729197352,375441077,,cycles,100135344,100.00,,
13.829404618,100133,,rD044,100163845,100.00,,
13.829404618,1773529,,rFF44,100165505,100.00,,
13.829404618,1679634161,,instructions,100165815,100.00,4.47,insn per cycle
13.829404618,375578326,,cycles,100165805,100.00,,
13.929617044,66687,,rD044,100151265,100.00,,
13.929617044,1705506,,rFF44,100150575,100.00,,
13.929617044,1669970258,,instructions,100150505,100.00,4.45,insn per cycle
13.929617044,375502669,,cycles,100151505,100.00,,
14.029828730,105867,,rD044,100163514,100.00,,
14.029828730,1768362,,rFF44,100163224,100.00,,
14.029828730,1704953851,,instructions,100163344,100.00,4.54,insn per cycle
14.029828730,375562280,,cycles,100162474,100.00,,
14.130036906,95596,,rD044,100161385,100.00,,
14.130036906,1778958,,rFF44,100161035,100.00,,
14.130036906,1720093569,,instructions,100160295,100.00,4.58,insn per cycle
14.130036906,375556853,,cycles,100160305,100.00,,
14.230246202,107167,,rD044,100163085,100.00,,
14.230246202,1755940,,rFF44,100164125,100.00,,
14.230246202,1724313348,,instructions,100164855,100.00,4.59,insn per cycle
14.230246202,375571504,,cycles,100164705,100.00,,
14.330455768,100559,,rD044,100042015,100.00,,
14.330455768,1784564,,rFF44,100041425,100.00,,
14.330455768,1736370664,,instructions,100042105,100.00,4.63,insn per cycle
14.330455768,375090374,,cycles,100042835,100.00,,
14.430666744,96449,,rD044,100131484,100.00,,
14.430666744,1778255,,rFF44,100131085,100.00,,
14.430666744,1741350187,,instructions,100130755,100.00,4.64,insn per cycle
14.430666744,375430094,,cycles,100130835,100.00,,
14.530878361,107034,,rD044,100164445,100.00,,
14.530878361,1796389,,rFF44,100164864,100.00,,
14.530878361,1749760537,,instructions,100164564,100.00,4.66,insn per cycle
14.530878361,375570403,,cycles,100164264,100.00,,
14.631086117,95699,,rD044,100164075,100.00,,
14.631086117,1798073,,rFF44,100164025,100.00,,
14.631086117,1723262124,,instructions,100163915,100.00,4.59,insn per cycle
14.631086117,375570452,,cycles,100164235,100.00,,
14.731295823,106766,,rD044,100163215,100.00,,
14.731295823,1777779,,rFF44,100163835,100.00,,
14.731295823,1753999955,,instructions,100163125,100.00,4.67,insn per cycle
14.731295823,375563787,,cycles,100162815,100.00,,
14.831505769,101265,,rD044,100162755,100.00,,
14.831505769,1808759,,rFF44,100162475,100.00,,
14.831505769,1748740408,,instructions,100163065,100.00,4.66,insn per cycle
14.831505769,375559834,,cycles,100163255,100.00,,
14.931719015,97526,,rD044,100151054,100.00,,
14.931719015,1773814,,rFF44,100151255,100.00,,
14.931719015,1720181817,,instructions,100151125,100.00,4.58,insn per cycle
14.931719015,375501496,,cycles,100150655,100.00,,
15.031951091,111803,,rD044,100185945,100.00,,
15.031951091,1772862,,rFF44,100185924,100.00,,
15.031951091,1715083492,,instructions,100186074,100.00,4.57,insn per cycle
15.031951091,375651408,,cycles,100186824,100.00,,
15.132165857,95520,,rD044,100169934,100.00,,
15.132165857,1790763,,rFF44,100169474,100.00,,
15.132165857,1705220284,,instructions,100169104,100.00,4.54,insn per cycle
15.132165857,375583422,,cycles,100167984,100.00,,
15.232377304,108968,,rD044,100166214,100.00,,
15.232377304,1746343,,rFF44,100166584,100.00,,
15.232377304,1696814913,,instructions,100167114,100.00,4.52,insn per cycle
15.232377304,375584146,,cycles,100168214,100.00,,
15.332587450,101409,,rD044,100164225,100.00,,
15.332587450,1775079,,rFF44,100164185,100.00,,
15.332587450,1696830637,,instructions,100163825,100.00,4.52,insn per cycle
15.332587450,375566708,,cycles,100163285,100.00,,
15.432827596,96412,,rD044,100042433,100.00,,
15.432827596,1768330,,rFF44,100042163,100.00,,
15.432827596,1709046967,,instructions,100043073,100.00,4.56,insn per cycle
15.432827596,375086410,,cycles,100044403,100.00,,
15.533040942,109315,,rD044,100164354,100.00,,
15.533040942,1746371,,rFF44,100164344,100.00,,
15.533040942,1691544496,,instructions,100163484,100.00,4.50,insn per cycle
15.533040942,375563292,,cycles,100162174,100.00,,
15.633251628,96286,,rD044,100164604,100.00,,
15.633251628,1731742,,rFF44,100164174,100.00,,
15.633251628,1678045630,,instructions,100164304,100.00,4.47,insn per cycle
15.633251628,375569526,,cycles,100164164,100.00,,
15.733461724,98683,,rD044,100162875,100.00,,
15.733461724,1725302,,rFF44,100163115,100.00,,
15.733461724,1672921854,,instructions,100163305,100.00,4.45,insn per cycle
15.733461724,375566915,,cycles,100163205,100.00,,
15.833673501,103599,,rD044,100165334,100.00,,
15.833673501,1746934,,rFF44,100165314,100.00,,
15.833673501,1673047230,,instructions,100165134,100.00,4.45,insn per cycle
15.833673501,375572973,,cycles,100165464,100.00,,
15.933901167,95124,,rD044,100165185,100.00,,
15.933901167,1747077,,rFF44,100164895,100.00,,
15.933901167,1674298272,,instructions,100164825,100.00,4.46,insn per cycle
15.933901167,375549166,,cycles,100164435,100.00,,
16.034111453,105052,,rD044,100161945,100.00,,
16.034111453,1717452,,rFF44,100161815,100.00,,
16.034111453,1669601217,,instructions,100162155,100.00,4.45,insn per cycle
16.034111453,375561044,,cycles,100162805,100.00,,
16.134322529,96215,,rD044,100161654,100.00,,
16.134322529,1755427,,rFF44,100162244,100.00,,
16.134322529,1671980763,,instructions,100161534,100.00,4.45,insn per cycle
16.134322529,375555199,,cycles,100160604,100.00,,
16.234532585,69604,,rD044,100165005,100.00,,
16.234532585,1689579,,rFF44,100164545,100.00,,
16.234532585,1671931821,,instructions,100164575,100.00,4.45,insn per cycle
16.234532585,375569867,,cycles,100164785,100.00,,
16.334742121,107164,,rD044,100043995,100.00,,
16.334742121,1725193,,rFF44,100044235,100.00,,
16.334742121,1696817921,,instructions,100063045,100.00,4.52,insn per cycle
16.334742121,375172006,,cycles,100063535,100.00,,
16.434969378,94881,,rD044,100153935,100.00,,
16.434969378,1793510,,rFF44,100153915,100.00,,
16.434969378,1732892360,,instructions,100135265,100.00,4.62,insn per cycle
16.434969378,375443862,,cycles,100134945,100.00,,
16.535180614,105269,,rD044,100162684,100.00,,
16.535180614,1776114,,rFF44,100163004,100.00,,
16.535180614,1733743551,,instructions,100163524,100.00,4.62,insn per cycle
16.535180614,375561542,,cycles,100163204,100.00,,
16.635390150,100574,,rD044,100158444,100.00,,
16.635390150,1809593,,rFF44,100158985,100.00,,
16.635390150,1743661937,,instructions,100158405,100.00,4.64,insn per cycle
16.635390150,375543130,,cycles,100158785,100.00,,
16.735626356,97992,,rD044,100190255,100.00,,
16.735626356,1784413,,rFF44,100189744,100.00,,
16.735626356,1742388551,,instructions,100189704,100.00,4.64,insn per cycle
16.735626356,375663889,,cycles,100189424,100.00,,
16.835818172,108859,,rD044,100146664,100.00,,
16.835818172,1788559,,rFF44,100146774,100.00,,
16.835818172,1741740893,,instructions,100146784,100.00,4.64,insn per cycle
16.835818172,375505957,,cycles,100147094,100.00,,
16.936029058,96031,,rD044,100161365,100.00,,
16.936029058,1807782,,rFF44,100161485,100.00,,
16.936029058,1743149413,,instructions,100162525,100.00,4.64,insn per cycle
16.936029058,375558854,,cycles,100162735,100.00,,
17.036240954,102544,,rD044,100149525,100.00,,
17.036240954,1760891,,rFF44,100148945,100.00,,
17.036240954,1719546138,,instructions,100148265,100.00,4.58,insn per cycle
17.036240954,375493308,,cycles,100148475,100.00,,
17.136452691,101537,,rD044,100167584,100.00,,
17.136452691,1786071,,rFF44,100167774,100.00,,
17.136452691,1719637168,,instructions,100167744,100.00,4.58,insn per cycle
17.136452691,375583772,,cycles,100168194,100.00,,
17.236666447,96038,,rD044,100167034,100.00,,
17.236666447,1752340,,rFF44,100167114,100.00,,
17.236666447,1706809858,,instructions,100167354,100.00,4.54,insn per cycle
17.236666447,375580075,,cycles,100166794,100.00,,
17.336926563,107736,,rD044,100094315,100.00,,
17.336926563,1727140,,rFF44,100093915,100.00,,
17.336926563,1667779722,,instructions,100093625,100.00,4.44,insn per cycle
17.336926563,375282283,,cycles,100092875,100.00,,
17.437136360,94241,,rD044,100133905,100.00,,
17.437136360,1753679,,rFF44,100133595,100.00,,
17.437136360,1655499459,,instructions,100134235,100.00,4.41,insn per cycle
17.437136360,375443525,,cycles,100134615,100.00,,
17.537347386,105540,,rD044,100161315,100.00,,
17.537347386,1714080,,rFF44,100161495,100.00,,
17.537347386,1653039215,,instructions,100160905,100.00,4.40,insn per cycle
17.537347386,375553243,,cycles,100161015,100.00,,
17.637558282,103036,,rD044,100164105,100.00,,
17.637558282,1694019,,rFF44,100164705,100.00,,
17.637558282,1654694930,,instructions,100164275,100.00,4.41,insn per cycle
17.637558282,375570150,,cycles,100164275,100.00,,
17.737781628,95825,,rD044,100163964,100.00,,
17.737781628,1748825,,rFF44,100164094,100.00,,
17.737781628,1670585341,,instructions,100164754,100.00,4.45,insn per cycle
17.737781628,375553135,,cycles,100164924,100.00,,
17.837973784,107215,,rD044,100149964,100.00,,
17.837973784,1739724,,rFF44,100149834,100.00,,
17.837973784,1675897154,,instructions,100149204,100.00,4.46,insn per cycle
17.837973784,375520143,,cycles,100148564,100.00,,
17.938174960,96987,,rD044,100153124,100.00,,
17.938174960,1773159,,rFF44,100153374,100.00,,
17.938174960,1673823329,,instructions,100153614,100.00,4.46,insn per cycle
17.938174960,375522632,,cycles,100153274,100.00,,
18.038385216,105136,,rD044,100147434,100.00,,
18.038385216,1736465,,rFF44,100147364,100.00,,
18.038385216,1672125754,,instructions,100147114,100.00,4.45,insn per cycle
18.038385216,375492172,,cycles,100147674,100.00,,
18.138592062,74350,,rD044,100160985,100.00,,
18.138592062,1715139,,rFF44,100160615,100.00,,
18.138592062,1678134261,,instructions,100160815,100.00,4.47,insn per cycle
18.138592062,375556516,,cycles,100160835,100.00,,
18.238801168,96479,,rD044,100164093,100.00,,
18.238801168,1762783,,rFF44,100164323,100.00,,
18.238801168,1676082842,,instructions,100164324,100.00,4.46,insn per cycle
18.238801168,375569722,,cycles,100164334,100.00,,
18.339010544,106309,,rD044,100163014,100.00,,
18.339010544,1735306,,rFF44,100162974,100.00,,
18.339010544,1674951533,,instructions,100162763,100.00,4.46,insn per cycle
18.339010544,375562785,,cycles,100162453,100.00,,
18.439221200,99002,,rD044,100019595,100.00,,
18.439221200,1760567,,rFF44,100019615,100.00,,
18.439221200,1669749690,,instructions,100019915,100.00,4.45,insn per cycle
18.439221200,374996449,,cycles,100020045,100.00,,
18.539432597,97084,,rD044,100164795,100.00,,
18.539432597,1732338,,rFF44,100164995,100.00,,
18.539432597,1662492870,,instructions,100164585,100.00,4.43,insn per cycle
18.539432597,375573927,,cycles,100165095,100.00,,
18.639644243,109796,,rD044,100164354,100.00,,
18.639644243,1698440,,rFF44,100164704,100.00,,
18.639644243,1660113225,,instructions,100165354,100.00,4.42,insn per cycle
18.639644243,375574731,,cycles,100165744,100.00,,
18.739858119,94033,,rD044,100168884,100.00,,
18.739858119,1757200,,rFF44,100168465,100.00,,
18.739858119,1662918926,,instructions,100167765,100.00,4.43,insn per cycle
18.739858119,375581536,,cycles,100167355,100.00,,
18.840050235,103766,,rD044,100146985,100.00,,
18.840050235,1730266,,rFF44,100146634,100.00,,
18.840050235,1676302800,,instructions,100147414,100.00,4.46,insn per cycle
18.840050235,375505180,,cycles,100147174,100.00,,
18.940261111,103971,,rD044,100165265,100.00,,
18.940261111,1743681,,rFF44,100165305,100.00,,
18.940261111,1669008026,,instructions,100165115,100.00,4.44,insn per cycle
18.940261111,375573133,,cycles,100165075,100.00,,
19.040474137,94780,,rD044,100152675,100.00,,
19.040474137,1733234,,rFF44,100152645,100.00,,
19.040474137,1666417011,,instructions,100152955,100.00,4.44,insn per cycle
19.040474137,375509067,,cycles,100152975,100.00,,
19.140684683,73574,,rD044,100162844,100.00,,
19.140684683,1686574,,rFF44,100163334,100.00,,
19.140684683,1670384458,,instructions,100163444,100.00,4.45,insn per cycle
19.140684683,375565460,,cycles,100163274,100.00,,
19.240960970,96500,,rD044,100229925,100.00,,
19.240960970,1752368,,rFF44,100229955,100.00,,
19.240960970,1675420558,,instructions,100229935,100.00,4.46,insn per cycle
19.240960970,375814295,,cycles,100229865,100.00,,
19.341171986,101459,,rD044,100045905,100.00,,
19.341171986,1731328,,rFF44,100045925,100.00,,
19.341171986,1696107935,,instructions,100045615,100.00,4.52,insn per cycle
19.341171986,375107820,,cycles,100045985,100.00,,
19.441383282,104804,,rD044,100133713,100.00,,
19.441383282,1754552,,rFF44,100133493,100.00,,
19.441383282,1701793441,,instructions,100133603,100.00,4.53,insn per cycle
19.441383282,375439862,,cycles,100133413,100.00,,
19.541593338,94774,,rD044,100158245,100.00,,
19.541593338,1758190,,rFF44,100157565,100.00,,
19.541593338,1700566881,,instructions,100157435,100.00,4.53,insn per cycle
19.541593338,375547422,,cycles,100158195,100.00,,
19.641800084,107759,,rD044,100157875,100.00,,
19.641800084,1735882,,rFF44,100158325,100.00,,
19.641800084,1705420610,,instructions,100158105,100.00,4.54,insn per cycle
19.641800084,375539541,,cycles,100157305,100.00,,
19.742010271,100175,,rD044,100165374,100.00,,
19.742010271,1767890,,rFF44,100165494,100.00,,
19.742010271,1697626938,,instructions,100165454,100.00,4.52,insn per cycle
19.742010271,375574563,,cycles,100165764,100.00,,
19.842202616,97036,,rD044,100147454,100.00,,
19.842202616,1702066,,rFF44,100147524,100.00,,
19.842202616,1694104672,,instructions,100147734,100.00,4.51,insn per cycle
19.842202616,375505486,,cycles,100147034,100.00,,
19.942413963,105108,,rD044,100165735,100.00,,
19.942413963,1741730,,rFF44,100166075,100.00,,
19.942413963,1684696773,,instructions,100166315,100.00,4.49,insn per cycle
19.942413963,375581525,,cycles,100167055,100.00,,
20.042626619,95899,,rD044,100153114,100.00,,
20.042626619,1762107,,rFF44,100152104,100.00,,
20.042626619,1686798749,,instructions,100152104,100.00,4.49,insn per cycle
20.042626619,375501307,,cycles,100152004,100.00,,
20.142833675,105418,,rD044,100159625,100.00,,
20.142833675,1728106,,rFF44,100159555,100.00,,
20.142833675,1680324077,,instructions,100159705,100.00,4.47,insn per cycle
20.142833675,375554122,,cycles,100160885,100.00,,
20.243047831,99400,,rD044,100168425,100.00,,
20.243047831,1755434,,rFF44,100168665,100.00,,
20.243047831,1682595255,,instructions,100168145,100.00,4.48,insn per cycle
20.243047831,375578937,,cycles,100166905,100.00,,
20.343260257,96362,,rD044,100045894,100.00,,
20.343260257,1744351,,rFF44,100046484,100.00,,
20.343260257,1707338185,,instructions,100047094,100.00,4.55,insn per cycle
20.343260257,375109844,,cycles,100047244,100.00,,
20.443472553,109242,,rD044,100140595,100.00,,
20.443472553,1747767,,rFF44,100139945,100.00,,
20.443472553,1708930587,,instructions,100140025,100.00,4.55,insn per cycle
20.443472553,375466549,,cycles,100139585,100.00,,
20.543682809,96666,,rD044,100166265,100.00,,
20.543682809,1768119,,rFF44,100166885,100.00,,
20.543682809,1706274198,,instructions,100166385,100.00,4.54,insn per cycle
20.543682809,375581633,,cycles,100166675,100.00,,
20.643921746,69347,,rD044,100188865,100.00,,
20.643921746,1695939,,rFF44,100188605,100.00,,
20.643921746,1684358554,,instructions,100189455,100.00,4.48,insn per cycle
20.643921746,375658934,,cycles,100189535,100.00,,
20.744135762,102272,,rD044,100167105,100.00,,
20.744135762,1748263,,rFF44,100167075,100.00,,
20.744135762,1690495526,,instructions,100166225,100.00,4.50,insn per cycle
20.744135762,375576759,,cycles,100166265,100.00,,
20.844330828,95372,,rD044,100149764,100.00,,
20.844330828,1746689,,rFF44,100149275,100.00,,
20.844330828,1686180268,,instructions,100149515,100.00,4.49,insn per cycle
20.844330828,375516131,,cycles,100149815,100.00,,
20.944543055,107285,,rD044,100169675,100.00,,
20.944543055,1724034,,rFF44,100170264,100.00,,
20.944543055,1675251635,,instructions,100170274,100.00,4.46,insn per cycle
20.944543055,375588696,,cycles,100169574,100.00,,
21.044780152,100053,,rD044,100174825,100.00,,
21.044780152,1763407,,rFF44,100174345,100.00,,
21.044780152,1672407840,,instructions,100174065,100.00,4.45,insn per cycle
21.044780152,375580933,,cycles,100174075,100.00,,
21.144982658,103128,,rD044,100152455,100.00,,
21.144982658,1740350,,rFF44,100152855,100.00,,
21.144982658,1698138809,,instructions,100152525,100.00,4.52,insn per cycle
21.144982658,375521866,,cycles,100153135,100.00,,
21.245193055,107840,,rD044,100161725,100.00,,
21.245193055,1750913,,rFF44,100161985,100.00,,
21.245193055,1683659537,,instructions,100163105,100.00,4.48,insn per cycle
21.245193055,375562858,,cycles,100162395,100.00,,
21.345412272,93998,,rD044,100054364,100.00,,
21.345412272,1727919,,rFF44,100054014,100.00,,
21.345412272,1705538220,,instructions,100053174,100.00,4.55,insn per cycle
21.345412272,375145622,,cycles,100053834,100.00,,
21.445624029,105053,,rD044,100136504,100.00,,
21.445624029,1737059,,rFF44,100136554,100.00,,
21.445624029,1689621569,,instructions,100137014,100.00,4.50,insn per cycle
21.445624029,375446223,,cycles,100136474,100.00,,
21.545834665,98498,,rD044,100167345,100.00,,
21.545834665,1773925,,rFF44,100167265,100.00,,
21.545834665,1703019760,,instructions,100167375,100.00,4.53,insn per cycle
21.545834665,375584213,,cycles,100167365,100.00,,
21.646038922,98368,,rD044,100152025,100.00,,
21.646038922,1780941,,rFF44,100151905,100.00,,
21.646038922,1756852565,,instructions,100151525,100.00,4.68,insn per cycle
21.646038922,375517497,,cycles,100152035,100.00,,
21.746249109,108947,,rD044,98968820,100.00,,
21.746249109,1764660,,rFF44,98968730,100.00,,
21.746249109,1733184273,,instructions,98969500,100.00,4.67,insn per cycle
21.746249109,371059833,,cycles,98969910,100.00,,
21.846450986,95385,,rD044,100158495,100.00,,
21.846450986,1787362,,rFF44,100159065,100.00,,
21.846450986,1725030051,,instructions,100158635,100.00,4.59,insn per cycle
21.846450986,375539033,,cycles,100157935,100.00,,
21.946667692,103742,,rD044,100169033,100.00,,
21.946667692,1769311,,rFF44,100169053,100.00,,
21.946667692,1729847274,,instructions,100169103,100.00,4.61,insn per cycle
21.946667692,375590216,,cycles,100169693,100.00,,
22.046890429,100120,,rD044,100175465,100.00,,
22.046890429,1791338,,rFF44,100175225,100.00,,
22.046890429,1731935309,,instructions,100174435,100.00,4.61,insn per cycle
22.046890429,375609165,,cycles,100174355,100.00,,
22.147094476,112436,,rD044,100145324,100.00,,
22.147094476,1759125,,rFF44,100145054,100.00,,
22.147094476,1717266331,,instructions,100145664,100.00,4.57,insn per cycle
22.147094476,375484017,,cycles,100145514,100.00,,
22.247314663,117030,,rD044,100173805,100.00,,
22.247314663,1765989,,rFF44,100174475,100.00,,
22.247314663,1726362719,,instructions,100174335,100.00,4.60,insn per cycle
22.247314663,375603509,,cycles,100173645,100.00,,
22.347525420,95892,,rD044,100040434,100.00,,
22.347525420,1787673,,rFF44,100040164,100.00,,
22.347525420,1726188604,,instructions,100040084,100.00,4.60,insn per cycle
22.347525420,375087626,,cycles,100040304,100.00,,
22.447737716,102170,,rD044,100135944,100.00,,
22.447737716,1751021,,rFF44,100135744,100.00,,
22.447737716,1721435666,,instructions,100135844,100.00,4.58,insn per cycle
22.447737716,375511984,,cycles,100153775,100.00,,
22.547965713,102660,,rD044,100183135,100.00,,
22.547965713,1794038,,rFF44,100183565,100.00,,
22.547965713,1742724212,,instructions,100183155,100.00,4.64,insn per cycle
22.547965713,375582242,,cycles,100165204,100.00,,
22.648168510,96572,,rD044,100153644,100.00,,
22.648168510,1780921,,rFF44,100153014,100.00,,
22.648168510,1742070565,,instructions,100153374,100.00,4.64,insn per cycle
22.648168510,375527355,,cycles,100153784,100.00,,
22.748382157,108702,,rD044,100164185,100.00,,
22.748382157,1766599,,rFF44,100163995,100.00,,
22.748382157,1736206534,,instructions,100163845,100.00,4.62,insn per cycle
22.748382157,375564927,,cycles,100164215,100.00,,
22.848577473,96694,,rD044,100150085,100.00,,
22.848577473,1793843,,rFF44,100150785,100.00,,
22.848577473,1729191793,,instructions,100150985,100.00,4.60,insn per cycle
22.848577473,375515749,,cycles,100150445,100.00,,
22.948822151,100834,,rD044,100194194,100.00,,
22.948822151,1759084,,rFF44,100194514,100.00,,
22.948822151,1732119811,,instructions,100194464,100.00,4.61,insn per cycle
22.948822151,375681435,,cycles,100194244,100.00,,
23.049032637,104410,,rD044,100165444,100.00,,
23.049032637,1779033,,rFF44,100165144,100.00,,
23.049032637,1730499527,,instructions,100165414,100.00,4.61,insn per cycle
23.049032637,375575133,,cycles,100165744,100.00,,
23.149230794,95791,,rD044,100137685,100.00,,
23.149230794,1758304,,rFF44,100137505,100.00,,
23.149230794,1715336887,,instructions,100137235,100.00,4.57,insn per cycle
23.149230794,375447990,,cycles,100137525,100.00,,
23.249444291,107278,,rD044,100163565,100.00,,
23.249444291,1737404,,rFF44,100163685,100.00,,
23.249444291,1715539327,,instructions,100163815,100.00,4.57,insn per cycle
23.249444291,375562623,,cycles,100163275,100.00,,
23.349657917,96955,,rD044,100046895,100.00,,
23.349657917,1767625,,rFF44,100046685,100.00,,
23.349657917,1713591586,,instructions,100046575,100.00,4.57,insn per cycle
23.349657917,375110327,,cycles,100047015,100.00,,
23.449869214,99455,,rD044,100141265,100.00,,
23.449869214,1728050,,rFF44,100141085,100.00,,
23.449869214,1712780707,,instructions,100141455,100.00,4.56,insn per cycle
23.449869214,375476898,,cycles,100140905,100.00,,
23.550080451,107182,,rD044,100166494,100.00,,
23.550080451,1744591,,rFF44,100167554,100.00,,
23.550080451,1714929462,,instructions,100167424,100.00,4.57,insn per cycle
23.550080451,375594466,,cycles,100169504,100.00,,
23.650294568,94867,,rD044,100167305,100.00,,
23.650294568,1754588,,rFF44,100166775,100.00,,
23.650294568,1714733850,,instructions,100166625,100.00,4.57,insn per cycle
23.650294568,375566915,,cycles,100164755,100.00,,
23.750502825,104872,,rD044,100159105,100.00,,
23.750502825,1731073,,rFF44,100158695,100.00,,
23.750502825,1713549804,,instructions,100158315,100.00,4.56,insn per cycle
23.750502825,375542010,,cycles,100158555,100.00,,
23.850705711,98556,,rD044,100155895,100.00,,
23.850705711,1764733,,rFF44,100155635,100.00,,
23.850705711,1727270795,,instructions,100156045,100.00,4.60,insn per cycle
23.850705711,375537941,,cycles,100156015,100.00,,
23.950927108,99263,,rD044,100175975,100.00,,
23.950927108,1745669,,rFF44,100176255,100.00,,
23.950927108,1747788624,,instructions,100176665,100.00,4.65,insn per cycle
23.950927108,375620126,,cycles,100177455,100.00,,
24.051139225,111709,,rD044,100164154,100.00,,
24.051139225,1753381,,rFF44,100163824,100.00,,
24.051139225,1748304031,,instructions,100163544,100.00,4.66,insn per cycle
24.051139225,375564543,,cycles,100162884,100.00,,
24.151349722,97283,,rD044,100148775,100.00,,
24.151349722,1769932,,rFF44,100149215,100.00,,
24.151349722,1737120270,,instructions,100148805,100.00,4.63,insn per cycle
24.151349722,375484336,,cycles,100148375,100.00,,
24.251559778,105843,,rD044,100160665,100.00,,
24.251559778,1746635,,rFF44,100160125,100.00,,
24.251559778,1740722543,,instructions,100159765,100.00,4.64,insn per cycle
24.251559778,375552686,,cycles,100160685,100.00,,
24.351773005,100575,,rD044,100047883,100.00,,
24.351773005,1776804,,rFF44,100048203,100.00,,
24.351773005,1739836675,,instructions,100048473,100.00,4.64,insn per cycle
24.351773005,375124577,,cycles,100048083,100.00,,
24.451985812,97051,,rD044,100140124,100.00,,
24.451985812,1759534,,rFF44,100139794,100.00,,
24.451985812,1725737785,,instructions,100140114,100.00,4.60,insn per cycle
24.451985812,375464476,,cycles,100140324,100.00,,
24.552197929,108075,,rD044,100169244,100.00,,
24.552197929,1780984,,rFF44,100169884,100.00,,
24.552197929,1729635875,,instructions,100169594,100.00,4.61,insn per cycle
24.552197929,375588132,,cycles,100168504,100.00,,
24.652408736,96194,,rD044,100162664,100.00,,
24.652408736,1802392,,rFF44,100162304,100.00,,
24.652408736,1729614530,,instructions,100162764,100.00,4.61,insn per cycle
24.652408736,375557049,,cycles,100162634,100.00,,
24.752619452,103828,,rD044,100160654,100.00,,
24.752619452,1758788,,rFF44,100160944,100.00,,
24.752619452,1719621873,,instructions,100160894,100.00,4.58,insn per cycle
24.752619452,375554917,,cycles,100161864,100.00,,
24.852856339,101247,,rD044,100189755,100.00,,
24.852856339,1788044,,rFF44,100189805,100.00,,
24.852856339,1723349561,,instructions,100188515,100.00,4.59,insn per cycle
24.852856339,375658921,,cycles,100188095,100.00,,
24.953066726,96301,,rD044,100165705,100.00,,
24.953066726,1772170,,rFF44,100165495,100.00,,
24.953066726,1723671927,,instructions,100166555,100.00,4.59,insn per cycle
24.953066726,375580251,,cycles,100166735,100.00,,
25.053278723,108069,,rD044,100165454,100.00,,
25.053278723,1765488,,rFF44,100165624,100.00,,
25.053278723,1719980751,,instructions,100165164,100.00,4.58,insn per cycle
25.053278723,375572786,,cycles,100165234,100.00,,
25.153490170,96745,,rD044,100150244,100.00,,
25.153490170,1806184,,rFF44,100149654,100.00,,
25.153490170,1734684973,,instructions,100150054,100.00,4.62,insn per cycle
25.153490170,375491419,,cycles,100149584,100.00,,
25.253701247,102276,,rD044,100160175,100.00,,
25.253701247,1770545,,rFF44,100160625,100.00,,
25.253701247,1738608436,,instructions,100161055,100.00,4.63,insn per cycle
25.253701247,375558524,,cycles,100161295,100.00,,
25.353942674,103551,,rD044,100076223,100.00,,
25.353942674,1786855,,rFF44,100075993,100.00,,
25.353942674,1729763400,,instructions,100075323,100.00,4.61,insn per cycle
25.353942674,375229710,,cycles,100076103,100.00,,
25.454154150,95059,,rD044,100141535,100.00,,
25.454154150,1782207,,rFF44,100142145,100.00,,
25.454154150,1726750267,,instructions,100142755,100.00,4.60,insn per cycle
25.454154150,375471957,,cycles,100141685,100.00,,
25.554364157,107626,,rD044,100164705,100.00,,
25.554364157,1770432,,rFF44,100164135,100.00,,
25.554364157,1731749991,,instructions,100163305,100.00,4.61,insn per cycle
25.554364157,375568178,,cycles,100163365,100.00,,
25.654574624,97321,,rD044,100165423,100.00,,
25.654574624,1803973,,rFF44,100165483,100.00,,
25.654574624,1732287196,,instructions,100165444,100.00,4.61,insn per cycle
25.654574624,375575837,,cycles,100165914,100.00,,
25.754787831,100155,,rD044,100154195,100.00,,
25.754787831,1759095,,rFF44,100153865,100.00,,
25.754787831,1724380392,,instructions,100154884,100.00,4.59,insn per cycle
25.754787831,375515017,,cycles,100154844,100.00,,
25.854997277,105560,,rD044,100163165,100.00,,
25.854997277,1778819,,rFF44,100163495,100.00,,
25.854997277,1726587811,,instructions,100163505,100.00,4.60,insn per cycle
25.854997277,375564538,,cycles,100162975,100.00,,
25.955214234,95022,,rD044,100169705,100.00,,
25.955214234,1785223,,rFF44,100169905,100.00,,
25.955214234,1727582329,,instructions,100168375,100.00,4.60,insn per cycle
25.955214234,375584038,,cycles,100168245,100.00,,
26.055423751,107203,,rD044,100161555,100.00,,
26.055423751,1756681,,rFF44,100160975,100.00,,
26.055423751,1721907801,,instructions,100162155,100.00,4.58,insn per cycle
26.055423751,375564798,,cycles,100163105,100.00,,
26.155633698,101012,,rD044,100163274,100.00,,
26.155633698,1796686,,rFF44,100163575,100.00,,
26.155633698,1732265096,,instructions,100162755,100.00,4.61,insn per cycle
26.155633698,375558634,,cycles,100161545,100.00,,
26.255842665,98062,,rD044,100151365,100.00,,
26.255842665,1774909,,rFF44,100151344,100.00,,
26.255842665,1733794189,,instructions,100151544,100.00,4.62,insn per cycle
26.255842665,375506092,,cycles,100152424,100.00,,
26.356054191,106360,,rD044,100039004,100.00,,
26.356054191,1770506,,rFF44,100039444,100.00,,
26.356054191,1727186832,,instructions,100039914,100.00,4.60,insn per cycle
26.356054191,375082324,,cycles,100040174,100.00,,
26.456265838,94777,,rD044,100144644,100.00,,
26.456265838,1801610,,rFF44,100144784,100.00,,
26.456265838,1743008221,,instructions,100143974,100.00,4.64,insn per cycle
26.456265838,375483331,,cycles,100143244,100.00,,
26.556475055,105917,,rD044,100164165,100.00,,
26.556475055,1773251,,rFF44,100163775,100.00,,
26.556475055,1742617785,,instructions,100164155,100.00,4.64,insn per cycle
26.556475055,375568657,,cycles,100163925,100.00,,
26.656685702,100589,,rD044,100166384,100.00,,
26.656685702,1798294,,rFF44,100166324,100.00,,
26.656685702,1736940796,,instructions,100166315,100.00,4.62,insn per cycle
26.656685702,375579684,,cycles,100166855,100.00,,
26.756926559,95552,,rD044,100190905,100.00,,
26.756926559,1791111,,rFF44,100191495,100.00,,
26.756926559,1736997298,,instructions,100191574,100.00,4.62,insn per cycle
26.756926559,375662826,,cycles,100191394,100.00,,
26.857132925,107573,,rD044,100155935,100.00,,
26.857132925,1788639,,rFF44,100154785,100.00,,
26.857132925,1734305159,,instructions,100154825,100.00,4.62,insn per cycle
26.857132925,375520155,,cycles,100154475,100.00,,
26.957349652,95947,,rD044,100170095,100.00,,
26.957349652,1814324,,rFF44,100170805,100.00,,
26.957349652,1739400269,,instructions,100171325,100.00,4.63,insn per cycle
26.957349652,375596212,,cycles,100171825,100.00,,
27.057559319,109214,,rD044,100163945,100.00,,
27.057559319,1773537,,rFF44,100164185,100.00,,
27.057559319,1729790198,,instructions,100163215,100.00,4.61,insn per cycle
27.057559319,375564866,,cycles,100162835,100.00,,
27.157802166,102100,,rD044,100197395,100.00,,
27.157802166,1778933,,rFF44,100197095,100.00,,
27.157802166,1706092935,,instructions,100197545,100.00,4.54,insn per cycle
27.157802166,375694473,,cycles,100197955,100.00,,
27.258008393,96188,,rD044,100148875,100.00,,
27.258008393,1763693,,rFF44,100148455,100.00,,
27.258008393,1706650021,,instructions,100148675,100.00,4.55,insn per cycle
27.258008393,375493306,,cycles,100148645,100.00,,
27.358221040,107344,,rD044,100042393,100.00,,
27.358221040,1754165,,rFF44,100042883,100.00,,
27.358221040,1703330242,,instructions,100042383,100.00,4.54,insn per cycle
27.358221040,375092555,,cycles,100042253,100.00,,
27.458432106,96181,,rD044,100136894,100.00,,
27.458432106,1786083,,rFF44,100136564,100.00,,
27.458432106,1704235157,,instructions,100137344,100.00,4.54,insn per cycle
27.458432106,375456062,,cycles,100136984,100.00,,
27.558642333,101488,,rD044,100163765,100.00,,
27.558642333,1751076,,rFF44,100164175,100.00,,
27.558642333,1702952398,,instructions,100163835,100.00,4.53,insn per cycle
27.558642333,375568044,,cycles,100163985,100.00,,
27.658854720,102703,,rD044,100166955,100.00,,
27.658854720,1781628,,rFF44,100166935,100.00,,
27.658854720,1715498302,,instructions,100167375,100.00,4.57,insn per cycle
27.658854720,375583876,,cycles,100168325,100.00,,
27.759064087,95924,,rD044,100161975,100.00,,
27.759064087,1781841,,rFF44,100161885,100.00,,
27.759064087,1717777894,,instructions,100161385,100.00,4.57,insn per cycle
27.759064087,375551901,,cycles,100160845,100.00,,
27.859268843,108611,,rD044,100152434,100.00,,
27.859268843,1763730,,rFF44,100152484,100.00,,
27.859268843,1718839764,,instructions,100152414,100.00,4.58,insn per cycle
27.859268843,375519150,,cycles,100152604,100.00,,
27.959483130,98079,,rD044,100168695,100.00,,
27.959483130,1800087,,rFF44,100168615,100.00,,
27.959483130,1718425067,,instructions,100168605,100.00,4.58,insn per cycle
27.959483130,375583607,,cycles,100168275,100.00,,
28.059694137,99128,,rD044,100165255,100.00,,
28.059694137,1760202,,rFF44,100165385,100.00,,
28.059694137,1721532282,,instructions,100166065,100.00,4.58,insn per cycle
28.059694137,375576483,,cycles,100166745,100.00,,
28.159924754,104633,,rD044,100186195,100.00,,
28.159924754,1790798,,rFF44,100185985,100.00,,
28.159924754,1748299364,,instructions,100185355,100.00,4.65,insn per cycle
28.159924754,375643786,,cycles,100184235,100.00,,
28.260132191,91226,,rD044,100146715,100.00,,
28.260132191,1796065,,rFF44,100146825,100.00,,
28.260132191,1747771513,,instructions,100147115,100.00,4.65,insn per cycle
28.260132191,375486761,,cycles,100148145,100.00,,
28.360343867,106742,,rD044,100045813,100.00,,
28.360343867,1768375,,rFF44,100045953,100.00,,
28.360343867,1736927311,,instructions,100045763,100.00,4.63,insn per cycle
28.360343867,375106674,,cycles,100044963,100.00,,
28.460556724,98740,,rD044,100143345,100.00,,
28.460556724,1803234,,rFF44,100143085,100.00,,
28.460556724,1732716982,,instructions,100142555,100.00,4.61,insn per cycle
28.460556724,375478213,,cycles,100142685,100.00,,
28.560785381,99341,,rD044,100181505,100.00,,
28.560785381,1761385,,rFF44,100181805,100.00,,
28.560785381,1726626341,,instructions,100182535,100.00,4.60,insn per cycle
28.560785381,375637425,,cycles,100182265,100.00,,
28.661010698,106823,,rD044,100178835,100.00,,
28.661010698,1758196,,rFF44,100179135,100.00,,
28.661010698,1704477879,,instructions,100178975,100.00,4.54,insn per cycle
28.661010698,375626419,,cycles,100179195,100.00,,
28.761218205,95009,,rD044,100158015,100.00,,
28.761218205,1769828,,rFF44,100157595,100.00,,
28.761218205,1699561452,,instructions,100157695,100.00,4.53,insn per cycle
28.761218205,375543342,,cycles,100158975,100.00,,
28.861423211,104481,,rD044,100156795,100.00,,
28.861423211,1743901,,rFF44,100157145,100.00,,
28.861423211,1699873929,,instructions,100156945,100.00,4.53,insn per cycle
28.861423211,375536142,,cycles,100156005,100.00,,
28.961634288,98520,,rD044,100164854,100.00,,
28.961634288,1771142,,rFF44,100164314,100.00,,
28.961634288,1698811782,,instructions,100164444,100.00,4.52,insn per cycle
28.961634288,375568129,,cycles,100164394,100.00,,
29.061845825,97208,,rD044,100166995,100.00,,
29.061845825,1743821,,rFF44,100167795,100.00,,
29.061845825,1697047526,,instructions,100167505,100.00,4.52,insn per cycle
29.061845825,375584255,,cycles,100168145,100.00,,
29.162058212,79408,,rD044,100163785,100.00,,
29.162058212,1712055,,rFF44,100163515,100.00,,
29.162058212,1700461037,,instructions,100163285,100.00,4.53,insn per cycle
29.162058212,375565186,,cycles,100163025,100.00,,
29.262266289,94769,,rD044,100149145,100.00,,
29.262266289,1773310,,rFF44,100149315,100.00,,
29.262266289,1708229864,,instructions,100150195,100.00,4.55,insn per cycle
29.262266289,375495933,,cycles,100149875,100.00,,
29.362481595,102402,,rD044,100046674,100.00,,
29.362481595,1758961,,rFF44,100046624,100.00,,
29.362481595,1732870335,,instructions,100046694,100.00,4.62,insn per cycle
29.362481595,375115380,,cycles,100046544,100.00,,
29.462695962,101185,,rD044,100141984,100.00,,
29.462695962,1782104,,rFF44,100141594,100.00,,
29.462695962,1729043887,,instructions,100141884,100.00,4.60,insn per cycle
29.462695962,375474491,,cycles,100141984,100.00,,
29.562928959,96180,,rD044,100187695,100.00,,
29.562928959,1781014,,rFF44,100187945,100.00,,
29.562928959,1739319569,,instructions,100187415,100.00,4.63,insn per cycle
29.562928959,375655062,,cycles,100187115,100.00,,
29.663139226,110229,,rD044,100164335,100.00,,
29.663139226,1770509,,rFF44,100163855,100.00,,
29.663139226,1734754956,,instructions,100164045,100.00,4.62,insn per cycle
29.663139226,375565136,,cycles,100164425,100.00,,
29.763344933,97086,,rD044,100146475,100.00,,
29.763344933,1796756,,rFF44,100146485,100.00,,
29.763344933,1733859932,,instructions,100145965,100.00,4.62,insn per cycle
29.763344933,375478602,,cycles,100145975,100.00,,
29.863547379,130874,,rD044,100153865,100.00,,
29.863547379,1796269,,rFF44,100153955,100.00,,
29.863547379,1731295046,,instructions,100154325,100.00,4.61,insn per cycle
29.863547379,375533924,,cycles,100154695,100.00,,
29.963777866,101894,,rD044,100180183,100.00,,
29.963777866,1777032,,rFF44,100181114,100.00,,
29.963777866,1731788557,,instructions,100180594,100.00,4.61,insn per cycle
29.963777866,375624776,,cycles,100180374,100.00,,
30.063989633,99516,,rD044,100163465,100.00,,
30.063989633,1776390,,rFF44,100162484,100.00,,
30.063989633,1725788808,,instructions,100162954,100.00,4.60,insn per cycle
30.063989633,375555400,,cycles,100162554,100.00,,
30.164201220,109388,,rD044,100165485,100.00,,
30.164201220,1755416,,rFF44,100165155,100.00,,
30.164201220,1721367484,,instructions,100164515,100.00,4.58,insn per cycle
30.164201220,375567876,,cycles,100164035,100.00,,
30.264406477,98229,,rD044,100140284,100.00,,
30.264406477,1780287,,rFF44,100140714,100.00,,
30.264406477,1716240321,,instructions,100141514,100.00,4.57,insn per cycle
30.264406477,375466918,,cycles,100142134,100.00,,
30.364613903,97539,,rD044,100038244,100.00,,
30.364613903,1754442,,rFF44,100037984,100.00,,
30.364613903,1724432486,,instructions,100037684,100.00,4.60,insn per cycle
30.364613903,375080993,,cycles,100037344,100.00,,
30.464824370,103210,,rD044,100138604,100.00,,
30.464824370,1756290,,rFF44,100138944,100.00,,
30.464824370,1718985771,,instructions,100138985,100.00,4.58,insn per cycle
30.464824370,375466990,,cycles,100139835,100.00,,
30.565067127,63984,,rD044,100196615,100.00,,
30.565067127,1748360,,rFF44,100196875,100.00,,
30.565067127,1726765906,,instructions,100197264,100.00,4.60,insn per cycle
30.565067127,375689129,,cycles,100196284,100.00,,
30.665277394,107866,,rD044,100162915,100.00,,
30.665277394,1751155,,rFF44,100162445,100.00,,
30.665277394,1715007875,,instructions,100162215,100.00,4.57,insn per cycle
30.665277394,375565330,,cycles,100162715,100.00,,
30.765484771,100137,,rD044,100161245,100.00,,
30.765484771,1768353,,rFF44,100160915,100.00,,
30.765484771,1712583675,,instructions,100160865,100.00,4.56,insn per cycle
30.765484771,375555773,,cycles,100160465,100.00,,
30.865677187,95987,,rD044,100144745,100.00,,
30.865677187,1755288,,rFF44,100144885,100.00,,
30.865677187,1718668183,,instructions,100144545,100.00,4.58,insn per cycle
30.865677187,375488677,,cycles,100144255,100.00,,
30.965904904,104759,,rD044,100178295,100.00,,
30.965904904,1744365,,rFF44,100178525,100.00,,
30.965904904,1709662495,,instructions,100178505,100.00,4.55,insn per cycle
30.965904904,375620132,,cycles,100179305,100.00,,
31.066116131,94776,,rD044,100166174,100.00,,
31.066116131,1777031,,rFF44,100166404,100.00,,
31.066116131,1717704748,,instructions,100166834,100.00,4.57,insn per cycle
31.066116131,375577341,,cycles,100166524,100.00,,
31.166326278,105828,,rD044,100164265,100.00,,
31.166326278,1751047,,rFF44,100163965,100.00,,
31.166326278,1717289237,,instructions,100163505,100.00,4.57,insn per cycle
31.166326278,375566624,,cycles,100163225,100.00,,
31.266532404,102418,,rD044,100159635,100.00,,
31.266532404,1770303,,rFF44,100159735,100.00,,
31.266532404,1708684308,,instructions,100160205,100.00,4.55,insn per cycle
31.266532404,375554484,,cycles,100160465,100.00,,
31.366742741,94996,,rD044,100032084,100.00,,
31.366742741,1765907,,rFF44,100031684,100.00,,
31.366742741,1723676619,,instructions,100065594,100.00,4.59,insn per cycle
31.366742741,375166569,,cycles,100065884,100.00,,
31.466988128,105518,,rD044,100174005,100.00,,
31.466988128,1748330,,rFF44,100174135,100.00,,
31.466988128,1717478597,,instructions,100139625,100.00,4.57,insn per cycle
31.466988128,375463449,,cycles,100139445,100.00,,
31.567200015,96776,,rD044,100165815,100.00,,
31.567200015,1792348,,rFF44,100166205,100.00,,
31.567200015,1726465777,,instructions,100166115,100.00,4.60,insn per cycle
31.567200015,375572567,,cycles,100166035,100.00,,
31.667415322,102273,,rD044,100167934,100.00,,
31.667415322,1761410,,rFF44,100167994,100.00,,
31.667415322,1718940919,,instructions,100168284,100.00,4.58,insn per cycle
31.667415322,375580695,,cycles,100167874,100.00,,
31.767621449,105188,,rD044,100162445,100.00,,
31.767621449,1773728,,rFF44,100162925,100.00,,
31.767621449,1717945608,,instructions,100162385,100.00,4.57,insn per cycle
31.767621449,375567781,,cycles,100163535,100.00,,
31.867816325,94560,,rD044,100146175,100.00,,
31.867816325,1774531,,rFF44,100145425,100.00,,
31.867816325,1710937375,,instructions,100145945,100.00,4.56,insn per cycle
31.867816325,375490162,,cycles,100144685,100.00,,
31.968026322,107230,,rD044,98970119,100.00,,
31.968026322,1735919,,rFF44,98970409,100.00,,
31.968026322,1680485483,,instructions,98970569,100.00,4.53,insn per cycle
31.968026322,371070768,,cycles,98971099,100.00,,
32.068244519,98850,,rD044,100164944,100.00,,
32.068244519,1781658,,rFF44,100164755,100.00,,
32.068244519,1697715803,,instructions,100164235,100.00,4.52,insn per cycle
32.068244519,375551369,,cycles,100164135,100.00,,
32.168458536,98690,,rD044,100167305,100.00,,
32.168458536,1748426,,rFF44,100167194,100.00,,
32.168458536,1697016283,,instructions,100167524,100.00,4.52,insn per cycle
32.168458536,375587880,,cycles,100169114,100.00,,
32.268666972,104278,,rD044,100161965,100.00,,
32.268666972,1762146,,rFF44,100162275,100.00,,
32.268666972,1700435826,,instructions,100162885,100.00,4.53,insn per cycle
32.268666972,375564086,,cycles,100162505,100.00,,
32.368910459,100699,,rD044,100068674,100.00,,
32.368910459,1738984,,rFF44,100068784,100.00,,
32.368910459,1703793230,,instructions,100068534,100.00,4.54,insn per cycle
32.368910459,375189741,,cycles,100067504,100.00,,
32.469122556,104713,,rD044,100134685,100.00,,
32.469122556,1742805,,rFF44,100134275,100.00,,
32.469122556,1699722559,,instructions,100134305,100.00,4.53,insn per cycle
32.469122556,375438864,,cycles,100134295,100.00,,
32.569332533,98917,,rD044,100162505,100.00,,
32.569332533,1778524,,rFF44,100163015,100.00,,
32.569332533,1699954793,,instructions,100163545,100.00,4.53,insn per cycle
32.569332533,375567727,,cycles,100163815,100.00,,
32.669544550,98617,,rD044,100168404,100.00,,
32.669544550,1749152,,rFF44,100168114,100.00,,
32.669544550,1714141271,,instructions,100167244,100.00,4.56,insn per cycle
32.669544550,375577911,,cycles,100166985,100.00,,
32.769751187,107054,,rD044,100177054,100.00,,
32.769751187,1750853,,rFF44,100177604,100.00,,
32.769751187,1708402924,,instructions,100177774,100.00,4.55,insn per cycle
32.769751187,375619790,,cycles,100178123,100.00,,
32.869961373,94816,,rD044,100148445,100.00,,
32.869961373,1785783,,rFF44,100147555,100.00,,
32.869961373,1725122871,,instructions,100147865,100.00,4.59,insn per cycle
32.869961373,375505182,,cycles,100147635,100.00,,
32.970172620,107419,,rD044,100162725,100.00,,
32.970172620,1806205,,rFF44,100163305,100.00,,
32.970172620,1789559660,,instructions,100162575,100.00,4.77,insn per cycle
32.970172620,375561705,,cycles,100163115,100.00,,
33.070383327,104027,,rD044,100155314,100.00,,
33.070383327,1871363,,rFF44,100154944,100.00,,
33.070383327,1786859537,,instructions,100154864,100.00,4.76,insn per cycle
33.070383327,375528548,,cycles,100154604,100.00,,
33.170594044,99886,,rD044,100164864,100.00,,
33.170594044,1805751,,rFF44,100164994,100.00,,
33.170594044,1766109331,,instructions,100165564,100.00,4.70,insn per cycle
33.170594044,375572622,,cycles,100165184,100.00,,
33.270801300,110480,,rD044,100160445,100.00,,
33.270801300,1806421,,rFF44,100160065,100.00,,
33.270801300,1766192120,,instructions,100159335,100.00,4.70,insn per cycle
33.270801300,375551553,,cycles,100159775,100.00,,
33.371000827,95978,,rD044,100025544,100.00,,
33.371000827,1821531,,rFF44,100025994,100.00,,
33.371000827,1765333138,,instructions,100026524,100.00,4.71,insn per cycle
33.371000827,375031168,,cycles,100026434,100.00,,
33.471213494,104023,,rD044,100138955,100.00,,
33.471213494,1780689,,rFF44,100138625,100.00,,
33.471213494,1751674181,,instructions,100138965,100.00,4.67,insn per cycle
33.471213494,375458589,,cycles,100139015,100.00,,
33.571427201,100386,,rD044,100163965,100.00,,
33.571427201,1813775,,rFF44,100164235,100.00,,
33.571427201,1757740648,,instructions,100163575,100.00,4.68,insn per cycle
33.571427201,375559953,,cycles,100162845,100.00,,
33.671638807,98338,,rD044,100165464,100.00,,
33.671638807,1798642,,rFF44,100165214,100.00,,
33.671638807,1756866097,,instructions,100165754,100.00,4.68,insn per cycle
33.671638807,375576631,,cycles,100166424,100.00,,
33.771845714,110283,,rD044,100147964,100.00,,
33.771845714,1796608,,rFF44,100148394,100.00,,
33.771845714,1756226835,,instructions,100149304,100.00,4.68,insn per cycle
33.771845714,375500905,,cycles,100149774,100.00,,
33.872043051,96941,,rD044,100153345,100.00,,
33.872043051,1834527,,rFF44,100153305,100.00,,
33.872043051,1783775306,,instructions,100152095,100.00,4.75,insn per cycle
33.872043051,375525469,,cycles,100151825,100.00,,
33.972256478,105754,,rD044,100163694,100.00,,
33.972256478,1805664,,rFF44,100164464,100.00,,
33.972256478,1783945637,,instructions,100164604,100.00,4.75,insn per cycle
33.972256478,375562088,,cycles,100163784,100.00,,
34.072452274,101093,,rD044,100143534,100.00,,
34.072452274,1816500,,rFF44,100142794,100.00,,
34.072452274,1775802016,,instructions,100142024,100.00,4.73,insn per cycle
34.072452274,375481864,,cycles,100142324,100.00,,
34.172661251,98921,,rD044,100158165,100.00,,
34.172661251,1787781,,rFF44,100157765,100.00,,
34.172661251,1784279096,,instructions,100157745,100.00,4.75,insn per cycle
34.172661251,375545588,,cycles,100157945,100.00,,
34.272915208,108265,,rD044,100208424,100.00,,
34.272915208,1790311,,rFF44,100208584,100.00,,
34.272915208,1779870427,,instructions,100209054,100.00,4.74,insn per cycle
34.272915208,375735558,,cycles,100208784,100.00,,
34.373125805,96223,,rD044,100042073,100.00,,
34.373125805,1801456,,rFF44,100042003,100.00,,
34.373125805,1765252838,,instructions,100042373,100.00,4.71,insn per cycle
34.373125805,375092887,,cycles,100042483,100.00,,
34.473336332,106749,,rD044,100138284,100.00,,
34.473336332,1795572,,rFF44,100137974,100.00,,
34.473336332,1777000884,,instructions,100138734,100.00,4.73,insn per cycle
34.473336332,375463352,,cycles,100139034,100.00,,
34.573549068,98893,,rD044,100162084,100.00,,
34.573549068,1829571,,rFF44,100163044,100.00,,
34.573549068,1776379395,,instructions,100161654,100.00,4.73,insn per cycle
34.573549068,375552963,,cycles,100161234,100.00,,
34.673779575,100730,,rD044,100186375,100.00,,
34.673779575,1791942,,rFF44,100185745,100.00,,
34.673779575,1769517771,,instructions,100185945,100.00,4.71,insn per cycle
34.673779575,375649886,,cycles,100185705,100.00,,
34.773984212,139966,,rD044,100158803,100.00,,
34.773984212,1841508,,rFF44,100158853,100.00,,
34.773984212,1772163517,,instructions,100159363,100.00,4.72,insn per cycle
34.773984212,375552368,,cycles,100160093,100.00,,
34.874177329,95908,,rD044,100148245,100.00,,
34.874177329,1825442,,rFF44,100147805,100.00,,
34.874177329,1777827197,,instructions,100147775,100.00,4.73,insn per cycle
34.874177329,375505909,,cycles,100146935,100.00,,
34.974386465,105654,,rD044,100162005,100.00,,
34.974386465,1799314,,rFF44,100162415,100.00,,
34.974386465,1775940378,,instructions,100162445,100.00,4.73,insn per cycle
34.974386465,375557119,,cycles,100162755,100.00,,
35.074597322,98970,,rD044,100156384,100.00,,
35.074597322,1838864,,rFF44,100156444,100.00,,
35.074597322,1783162706,,instructions,100155864,100.00,4.75,insn per cycle
35.074597322,375530303,,cycles,100155544,100.00,,
35.174809339,101443,,rD044,100165214,100.00,,
35.174809339,1797562,,rFF44,100165754,100.00,,
35.174809339,1777316142,,instructions,100166774,100.00,4.73,insn per cycle
35.174809339,375579999,,cycles,100167344,100.00,,
35.275016206,108993,,rD044,100158815,100.00,,
35.275016206,1822892,,rFF44,100158275,100.00,,
35.275016206,1769798662,,instructions,100157565,100.00,4.71,insn per cycle
35.275016206,375544235,,cycles,100157645,100.00,,
35.375228772,96736,,rD044,100037504,100.00,,
35.375228772,1828436,,rFF44,100037424,100.00,,
35.375228772,1768887064,,instructions,100037534,100.00,4.72,insn per cycle
35.375228772,375065129,,cycles,100037274,100.00,,
35.475439899,108655,,rD044,100136645,100.00,,
35.475439899,1810945,,rFF44,100136315,100.00,,
35.475439899,1770553541,,instructions,100136355,100.00,4.72,insn per cycle
35.475439899,375452211,,cycles,100136335,100.00,,
35.575653306,98640,,rD044,100164345,100.00,,
35.575653306,1836021,,rFF44,100164315,100.00,,
35.575653306,1765581460,,instructions,100164815,100.00,4.70,insn per cycle
35.575653306,375572921,,cycles,100164975,100.00,,
35.675865203,103511,,rD044,100164403,100.00,,
35.675865203,1783630,,rFF44,100165033,100.00,,
35.675865203,1745383378,,instructions,100164713,100.00,4.65,insn per cycle
35.675865203,375570352,,cycles,100164613,100.00,,
35.776073740,106406,,rD044,100162805,100.00,,
35.776073740,1801083,,rFF44,100162705,100.00,,
35.776073740,1744339170,,instructions,100161545,100.00,4.64,insn per cycle
35.776073740,375561472,,cycles,100161925,100.00,,
35.876275756,96907,,rD044,100155925,100.00,,
35.876275756,1804685,,rFF44,100155595,100.00,,
35.876275756,1747091627,,instructions,100156995,100.00,4.65,insn per cycle
35.876275756,375542392,,cycles,100156755,100.00,,
35.976486633,113091,,rD044,100163965,100.00,,
35.976486633,1788762,,rFF44,100164395,100.00,,
35.976486633,1744142748,,instructions,100163675,100.00,4.64,insn per cycle
35.976486633,375563874,,cycles,100163655,100.00,,
36.076696880,97679,,rD044,100161085,100.00,,
36.076696880,1820902,,rFF44,100161015,100.00,,
36.076696880,1749888031,,instructions,100161655,100.00,4.66,insn per cycle
36.076696880,375555816,,cycles,100161765,100.00,,
36.176974937,105566,,rD044,100230515,100.00,,
36.176974937,1817154,,rFF44,100230655,100.00,,
36.176974937,1779308527,,instructions,100231115,100.00,4.73,insn per cycle
36.176974937,375820653,,cycles,100231695,100.00,,
36.277180874,105904,,rD044,100159944,100.00,,
36.277180874,1840536,,rFF44,100159374,100.00,,
36.277180874,1775767854,,instructions,100158294,100.00,4.73,insn per cycle
36.277180874,375544002,,cycles,100158075,100.00,,
36.377395111,98212,,rD044,100040774,100.00,,
36.377395111,1827902,,rFF44,100040954,100.00,,
36.377395111,1775967680,,instructions,100041034,100.00,4.73,insn per cycle
36.377395111,375088877,,cycles,100040833,100.00,,
36.477604868,107269,,rD044,100127945,100.00,,
36.477604868,1814514,,rFF44,100128105,100.00,,
36.477604868,1768320731,,instructions,100128685,100.00,4.71,insn per cycle
36.477604868,375409310,,cycles,100127985,100.00,,
36.577816454,96400,,rD044,100164185,100.00,,
36.577816454,1906234,,rFF44,100164455,100.00,,
36.577816454,1817249342,,instructions,100163955,100.00,4.84,insn per cycle
36.577816454,375573583,,cycles,100164855,100.00,,
36.678031241,109001,,rD044,100166375,100.00,,
36.678031241,1837052,,rFF44,100166355,100.00,,
36.678031241,1820306200,,instructions,100166795,100.00,4.85,insn per cycle
36.678031241,375574610,,cycles,100166645,100.00,,
36.778238858,102893,,rD044,100162054,100.00,,
36.778238858,1817765,,rFF44,100161964,100.00,,
36.778238858,1751629226,,instructions,100162145,100.00,4.66,insn per cycle
36.778238858,375564669,,cycles,100162715,100.00,,
36.878447024,97906,,rD044,100161595,100.00,,
36.878447024,1757480,,rFF44,100161275,100.00,,
36.878447024,1707535208,,instructions,100160334,100.00,4.55,insn per cycle
36.878447024,375553104,,cycles,100159784,100.00,,
36.978656941,105968,,rD044,100164185,100.00,,
36.978656941,1761425,,rFF44,100164245,100.00,,
36.978656941,1712140890,,instructions,100164765,100.00,4.56,insn per cycle
36.978656941,375564969,,cycles,100164095,100.00,,
37.078872038,95060,,rD044,100164365,100.00,,
37.078872038,1776689,,rFF44,100164335,100.00,,
37.078872038,1717292096,,instructions,100164595,100.00,4.57,insn per cycle
37.078872038,375562866,,cycles,100165535,100.00,,
37.179092195,109046,,rD044,100170824,100.00,,
37.179092195,1717584,,rFF44,100170904,100.00,,
37.179092195,1725932181,,instructions,100170324,100.00,4.60,insn per cycle
37.179092195,375583385,,cycles,100170254,100.00,,
37.279296082,103058,,rD044,100158334,100.00,,
37.279296082,1769966,,rFF44,100158435,100.00,,
37.279296082,1721898639,,instructions,100158085,100.00,4.59,insn per cycle
37.279296082,375543255,,cycles,100157305,100.00,,
37.379505598,96523,,rD044,100042545,100.00,,
37.379505598,1752518,,rFF44,100042984,100.00,,
37.379505598,1736321636,,instructions,100043114,100.00,4.63,insn per cycle
37.379505598,375106921,,cycles,100043394,100.00,,
37.479718565,107118,,rD044,100123093,100.00,,
37.479718565,1760038,,rFF44,100122313,100.00,,
37.479718565,1741902008,,instructions,100122893,100.00,4.64,insn per cycle
37.479718565,375383523,,cycles,100123073,100.00,,
37.579948442,96399,,rD044,100184515,100.00,,
37.579948442,1785179,,rFF44,100184835,100.00,,
37.579948442,1743215982,,instructions,100185125,100.00,4.64,insn per cycle
37.579948442,375649172,,cycles,100184465,100.00,,
37.680161519,105784,,rD044,100162405,100.00,,
37.680161519,1748022,,rFF44,100162635,100.00,,
37.680161519,1735211767,,instructions,100162275,100.00,4.62,insn per cycle
37.680161519,375560120,,cycles,100163315,100.00,,
37.780368886,103344,,rD044,100152124,100.00,,
37.780368886,1783919,,rFF44,100152314,100.00,,
37.780368886,1732072743,,instructions,100152074,100.00,4.61,insn per cycle
37.780368886,375512378,,cycles,100151684,100.00,,
37.880575162,97316,,rD044,100159414,100.00,,
37.880575162,1765596,,rFF44,100159384,100.00,,
37.880575162,1739774092,,instructions,100159244,100.00,4.63,insn per cycle
37.880575162,375550491,,cycles,100159574,100.00,,
37.980787119,107369,,rD044,100166215,100.00,,
37.980787119,1771947,,rFF44,100165665,100.00,,
37.980787119,1743326338,,instructions,100166105,100.00,4.64,insn per cycle
37.980787119,375572410,,cycles,100165135,100.00,,
38.081012726,95564,,rD044,100174535,100.00,,
38.081012726,1793419,,rFF44,100175405,100.00,,
38.081012726,1735546438,,instructions,100176355,100.00,4.62,insn per cycle
38.081012726,375609329,,cycles,100176525,100.00,,
38.181226913,106955,,rD044,100163634,100.00,,
38.181226913,1759324,,rFF44,100162804,100.00,,
38.181226913,1733829277,,instructions,100161554,100.00,4.62,insn per cycle
38.181226913,375558125,,cycles,100162914,100.00,,
38.281432750,104284,,rD044,100160355,100.00,,
38.281432750,1788878,,rFF44,100160325,100.00,,
38.281432750,1736202443,,instructions,100161015,100.00,4.62,insn per cycle
38.281432750,375552009,,cycles,100159915,100.00,,
38.381643766,97629,,rD044,100046123,100.00,,
38.381643766,1770689,,rFF44,100045673,100.00,,
38.381643766,1745110306,,instructions,100045023,100.00,4.65,insn per cycle
38.381643766,375105187,,cycles,100044833,100.00,,
38.481852613,107057,,rD044,100121904,100.00,,
38.481852613,1790473,,rFF44,100122014,100.00,,
38.481852613,1781701953,,instructions,100122354,100.00,4.75,insn per cycle
38.481852613,375383557,,cycles,100123234,100.00,,
38.582064080,97321,,rD044,100163715,100.00,,
38.582064080,1841763,,rFF44,100164005,100.00,,
38.582064080,1794352157,,instructions,100163625,100.00,4.78,insn per cycle
38.582064080,375570886,,cycles,100163315,100.00,,
38.682276117,106760,,rD044,100161965,100.00,,
38.682276117,1785408,,rFF44,100161915,100.00,,
38.682276117,1760623128,,instructions,100162035,100.00,4.69,insn per cycle
38.682276117,375548943,,cycles,100161555,100.00,,
38.782473823,102350,,rD044,100150064,100.00,,
38.782473823,1800747,,rFF44,100150114,100.00,,
38.782473823,1751931112,,instructions,100150944,100.00,4.67,insn per cycle
38.782473823,375517814,,cycles,100150714,100.00,,
38.882684460,100831,,rD044,100165914,100.00,,
38.882684460,1767034,,rFF44,100165514,100.00,,
38.882684460,1744497196,,instructions,100164604,100.00,4.64,insn per cycle
38.882684460,375570636,,cycles,100164634,100.00,,
38.982928977,108983,,rD044,100200794,100.00,,
38.982928977,1750751,,rFF44,100201624,100.00,,
38.982928977,1742341712,,instructions,100202154,100.00,4.64,insn per cycle
38.982928977,375713196,,cycles,100202654,100.00,,
39.083139224,96668,,rD044,100160334,100.00,,
39.083139224,1799083,,rFF44,100160714,100.00,,
39.083139224,1749319630,,instructions,100159704,100.00,4.66,insn per cycle
39.083139224,375546678,,cycles,100159674,100.00,,
39.183352301,107707,,rD044,100163324,100.00,,
39.183352301,1760892,,rFF44,100162624,100.00,,
39.183352301,1745033506,,instructions,100164344,100.00,4.65,insn per cycle
39.183352301,375565682,,cycles,100163904,100.00,,
39.283549147,102808,,rD044,100150595,100.00,,
39.283549147,1780015,,rFF44,100150535,100.00,,
39.283549147,1738628972,,instructions,100149195,100.00,4.63,insn per cycle
39.283549147,375510344,,cycles,100148595,100.00,,
39.383778514,98420,,rD044,100063405,100.00,,
39.383778514,1753394,,rFF44,100063815,100.00,,
39.383778514,1732016719,,instructions,100064115,100.00,4.62,insn per cycle
39.383778514,375183641,,cycles,100064815,100.00,,
39.483991201,106962,,rD044,100126993,100.00,,
39.483991201,1745676,,rFF44,100127123,100.00,,
39.483991201,1749052220,,instructions,100127863,100.00,4.66,insn per cycle
39.483991201,375407145,,cycles,100128753,100.00,,
39.584203358,96015,,rD044,100168285,100.00,,
39.584203358,1777461,,rFF44,100168235,100.00,,
39.584203358,1754001534,,instructions,100167975,100.00,4.67,insn per cycle
39.584203358,375591707,,cycles,100167735,100.00,,
39.684415905,107968,,rD044,100162885,100.00,,
39.684415905,1753721,,rFF44,100162425,100.00,,
39.684415905,1744656476,,instructions,100162215,100.00,4.65,insn per cycle
39.684415905,375559032,,cycles,100161845,100.00,,
39.784613741,101310,,rD044,100150334,100.00,,
39.784613741,1801660,,rFF44,100150254,100.00,,
39.784613741,1729161887,,instructions,100150344,100.00,4.60,insn per cycle
39.784613741,375509174,,cycles,100149574,100.00,,
39.884824028,98512,,rD044,100164254,100.00,,
39.884824028,1774335,,rFF44,100164515,100.00,,
39.884824028,1731641825,,instructions,100164265,100.00,4.61,insn per cycle
39.884824028,375571433,,cycles,100164795,100.00,,
39.985064285,107248,,rD044,100193465,100.00,,
39.985064285,1773600,,rFF44,100193454,100.00,,
39.985064285,1730352374,,instructions,100192934,100.00,4.61,insn per cycle
39.985064285,375674498,,cycles,100192544,100.00,,
40.085275542,94665,,rD044,100165344,100.00,,
40.085275542,1787482,,rFF44,100165374,100.00,,
40.085275542,1731816076,,instructions,100165854,100.00,4.61,insn per cycle
40.085275542,375576421,,cycles,100166274,100.00,,
40.185487249,106519,,rD044,100161515,100.00,,
40.185487249,1723241,,rFF44,100161685,100.00,,
40.185487249,1692987788,,instructions,100161635,100.00,4.51,insn per cycle
40.185487249,375554823,,cycles,100161915,100.00,,
40.285683625,102021,,rD044,100144355,100.00,,
40.285683625,1755025,,rFF44,100144075,100.00,,
40.285683625,1693444155,,instructions,100144565,100.00,4.51,insn per cycle
40.285683625,375491272,,cycles,100144785,100.00,,
40.385907342,95691,,rD044,100060075,100.00,,
40.385907342,1731128,,rFF44,100060355,100.00,,
40.385907342,1693020204,,instructions,100060025,100.00,4.51,insn per cycle
40.385907342,375167657,,cycles,100059575,100.00,,
40.486119229,73462,,rD044,100139504,100.00,,
40.486119229,1698942,,rFF44,100139284,100.00,,
40.486119229,1696857586,,instructions,100139044,100.00,4.52,insn per cycle
40.486119229,375459301,,cycles,100138864,100.00,,
40.586327786,95118,,rD044,100155365,100.00,,
40.586327786,1757177,,rFF44,100155465,100.00,,
40.586327786,1693863017,,instructions,100154745,100.00,4.51,insn per cycle
40.586327786,375529885,,cycles,100155565,100.00,,
40.686540082,105450,,rD044,100165085,100.00,,
40.686540082,1724892,,rFF44,100164675,100.00,,
40.686540082,1693164596,,instructions,100166085,100.00,4.51,insn per cycle
40.686540082,375568356,,cycles,100166215,100.00,,
40.786754459,102994,,rD044,100180345,100.00,,
40.786754459,1749063,,rFF44,100181145,100.00,,
40.786754459,1692303042,,instructions,100180885,100.00,4.51,insn per cycle
40.786754459,375623529,,cycles,100179955,100.00,,
40.886985386,94965,,rD044,100165715,100.00,,
40.886985386,1740252,,rFF44,100165285,100.00,,
40.886985386,1693582322,,instructions,100164895,100.00,4.51,insn per cycle
40.886985386,375571770,,cycles,100164865,100.00,,
40.987196563,107072,,rD044,100165515,100.00,,
40.987196563,1728846,,rFF44,100165655,100.00,,
40.987196563,1692525296,,instructions,100165555,100.00,4.51,insn per cycle
40.987196563,375575236,,cycles,100165525,100.00,,
41.087407600,90289,,rD044,100164804,100.00,,
41.087407600,1763011,,rFF44,100164864,100.00,,
41.087407600,1693817635,,instructions,100164634,100.00,4.51,insn per cycle
41.087407600,375572555,,cycles,100164704,100.00,,
41.187620947,101069,,rD044,100165555,100.00,,
41.187620947,1727442,,rFF44,100165835,100.00,,
41.187620947,1693016094,,instructions,100166485,100.00,4.51,insn per cycle
41.187620947,375572099,,cycles,100166025,100.00,,
41.287835143,107357,,rD044,100164865,100.00,,
41.287835143,1736853,,rFF44,100164405,100.00,,
41.287835143,1693383069,,instructions,100164605,100.00,4.51,insn per cycle
41.287835143,375567443,,cycles,100164925,100.00,,
41.388048090,94618,,rD044,100049695,100.00,,
41.388048090,1710522,,rFF44,100049625,100.00,,
41.388048090,1695181072,,instructions,100049585,100.00,4.52,insn per cycle
41.388048090,375132584,,cycles,100050735,100.00,,
41.488260457,104681,,rD044,100143435,100.00,,
41.488260457,1724660,,rFF44,100143435,100.00,,
41.488260457,1693283420,,instructions,100143735,100.00,4.51,insn per cycle
41.488260457,375481404,,cycles,100142975,100.00,,
41.588454894,98401,,rD044,100139343,100.00,,
41.588454894,1757979,,rFF44,100139013,100.00,,
41.588454894,1694093587,,instructions,100138863,100.00,4.51,insn per cycle
41.588454894,375466087,,cycles,100138583,100.00,,
41.688664460,99240,,rD044,100163305,100.00,,
41.688664460,1732835,,rFF44,100163515,100.00,,
41.688664460,1694727077,,instructions,100162685,100.00,4.51,insn per cycle
41.688664460,375560433,,cycles,100163055,100.00,,
41.788876997,106736,,rD044,100153445,100.00,,
41.788876997,1736157,,rFF44,100153425,100.00,,
41.788876997,1693166296,,instructions,100153735,100.00,4.51,insn per cycle
41.788876997,375515392,,cycles,100154075,100.00,,
41.889105974,98196,,rD044,100178804,100.00,,
41.889105974,1750916,,rFF44,100179274,100.00,,
41.889105974,1691974809,,instructions,100178944,100.00,4.50,insn per cycle
41.889105974,375621591,,cycles,100178444,100.00,,
41.989317661,107509,,rD044,100164915,100.00,,
41.989317661,1725272,,rFF44,100164395,100.00,,
41.989317661,1693270539,,instructions,100164185,100.00,4.51,insn per cycle
41.989317661,375567268,,cycles,100164115,100.00,,
42.089511757,102346,,rD044,100144254,100.00,,
42.089511757,1741738,,rFF44,100144494,100.00,,
42.089511757,1690238735,,instructions,100145424,100.00,4.50,insn per cycle
42.089511757,375500521,,cycles,100145724,100.00,,
42.189723094,95207,,rD044,98976908,100.00,,
42.189723094,1711164,,rFF44,98977078,100.00,,
42.189723094,1671543933,,instructions,98976208,100.00,4.50,insn per cycle
42.189723094,371089680,,cycles,98976108,100.00,,
42.289992952,73648,,rD044,100220705,100.00,,
42.289992952,1704609,,rFF44,100220445,100.00,,
42.289992952,1692296347,,instructions,100220905,100.00,4.50,insn per cycle
42.289992952,375780481,,cycles,100221415,100.00,,
42.390212268,95931,,rD044,100051475,100.00,,
42.390212268,1770731,,rFF44,100051755,100.00,,
42.390212268,1699238110,,instructions,100051665,100.00,4.53,insn per cycle
42.390212268,375136636,,cycles,100051855,100.00,,
42.490426095,105763,,rD044,100145595,100.00,,
42.490426095,1734987,,rFF44,100145055,100.00,,
42.490426095,1700973197,,instructions,100145885,100.00,4.53,insn per cycle
42.490426095,375486534,,cycles,100144665,100.00,,
42.590639702,104030,,rD044,100157115,100.00,,
42.590639702,1752453,,rFF44,100157505,100.00,,
42.590639702,1701226089,,instructions,100157105,100.00,4.53,insn per cycle
42.590639702,375525994,,cycles,100157555,100.00,,
42.690849119,94888,,rD044,100163854,100.00,,
42.690849119,1749014,,rFF44,100163394,100.00,,
42.690849119,1700725927,,instructions,100162305,100.00,4.53,insn per cycle
42.690849119,375563224,,cycles,100161925,100.00,,
42.791059116,106769,,rD044,100160935,100.00,,
42.791059116,1734755,,rFF44,100160935,100.00,,
42.791059116,1699973725,,instructions,100161724,100.00,4.53,insn per cycle
42.791059116,375555459,,cycles,100161534,100.00,,
42.891272112,96629,,rD044,100165025,100.00,,
42.891272112,1763967,,rFF44,100164835,100.00,,
42.891272112,1700643686,,instructions,100164315,100.00,4.53,insn per cycle
42.891272112,375569322,,cycles,100164875,100.00,,
42.991484769,100745,,rD044,100164645,100.00,,
42.991484769,1731247,,rFF44,100164985,100.00,,
42.991484769,1701339713,,instructions,100165435,100.00,4.53,insn per cycle
42.991484769,375571840,,cycles,100164775,100.00,,
43.091696856,103425,,rD044,100166395,100.00,,
43.091696856,1749017,,rFF44,100166165,100.00,,
43.091696856,1699984719,,instructions,100165575,100.00,4.53,insn per cycle
43.091696856,375576736,,cycles,100166245,100.00,,
43.191925423,94832,,rD044,100183065,100.00,,
43.191925423,1751307,,rFF44,100183615,100.00,,
43.191925423,1697483140,,instructions,100183595,100.00,4.52,insn per cycle
43.191925423,375641624,,cycles,100183335,100.00,,
43.292137750,109118,,rD044,100163204,100.00,,
43.292137750,1727246,,rFF44,100162644,100.00,,
43.292137750,1696248846,,instructions,100163024,100.00,4.52,insn per cycle
43.292137750,375561913,,cycles,100162614,100.00,,
43.392349166,98536,,rD044,100044553,100.00,,
43.392349166,1727806,,rFF44,100044483,100.00,,
43.392349166,1697933971,,instructions,100043913,100.00,4.53,insn per cycle
43.392349166,375106507,,cycles,100044363,100.00,,
43.492559683,97333,,rD044,100142764,100.00,,
43.492559683,1734192,,rFF44,100142734,100.00,,
43.492559683,1698342172,,instructions,100143624,100.00,4.52,insn per cycle
43.492559683,375482219,,cycles,100143844,100.00,,
43.592775200,105229,,rD044,100153724,100.00,,
43.592775200,1742736,,rFF44,100154314,100.00,,
43.592775200,1698105837,,instructions,100154014,100.00,4.52,insn per cycle
43.592775200,375514195,,cycles,100154844,100.00,,
43.693016367,95258,,rD044,100197625,100.00,,
43.693016367,1749115,,rFF44,100197495,100.00,,
43.693016367,1699317859,,instructions,100197205,100.00,4.52,insn per cycle
43.693016367,375697843,,cycles,100196385,100.00,,
43.793225914,105647,,rD044,100160745,100.00,,
43.793225914,1716497,,rFF44,100160245,100.00,,
43.793225914,1686949459,,instructions,100160685,100.00,4.49,insn per cycle
43.793225914,375548644,,cycles,100160375,100.00,,
43.893434051,99240,,rD044,100158333,100.00,,
43.893434051,1753698,,rFF44,100158773,100.00,,
43.893434051,1711486128,,instructions,100159303,100.00,4.56,insn per cycle
43.893434051,375545055,,cycles,100158933,100.00,,
43.993645927,97767,,rD044,100166215,100.00,,
43.993645927,1757203,,rFF44,100166235,100.00,,
43.993645927,1739898718,,instructions,100166445,100.00,4.63,insn per cycle
43.993645927,375578291,,cycles,100166515,100.00,,
44.093857234,109021,,rD044,100165585,100.00,,
44.093857234,1752502,,rFF44,100165315,100.00,,
44.093857234,1731391798,,instructions,100164025,100.00,4.61,insn per cycle
44.093857234,375568067,,cycles,100164065,100.00,,
44.194066051,96333,,rD044,100161764,100.00,,
44.194066051,1784343,,rFF44,100162124,100.00,,
44.194066051,1743377884,,instructions,100162524,100.00,4.64,insn per cycle
44.194066051,375564770,,cycles,100163384,100.00,,
44.294276708,104769,,rD044,100162115,100.00,,
44.294276708,1760682,,rFF44,100162125,100.00,,
44.294276708,1745070913,,instructions,100161595,100.00,4.65,insn per cycle
44.294276708,375551394,,cycles,100160835,100.00,,
44.394487004,99915,,rD044,100046593,100.00,,
44.394487004,1792824,,rFF44,100046393,100.00,,
44.394487004,1745292546,,instructions,100046943,100.00,4.65,insn per cycle
44.394487004,375115564,,cycles,100047413,100.00,,
44.494697351,98414,,rD044,100141645,100.00,,
44.494697351,1770060,,rFF44,100141645,100.00,,
44.494697351,1750637299,,instructions,100141305,100.00,4.66,insn per cycle
44.494697351,375474156,,cycles,100141305,100.00,,
44.594942548,110297,,rD044,100186495,100.00,,
44.594942548,1769893,,rFF44,100186635,100.00,,
44.594942548,1747880740,,instructions,100187255,100.00,4.65,insn per cycle
44.594942548,375634786,,cycles,100187285,100.00,,
44.695151985,96165,,rD044,100167124,100.00,,
44.695151985,1796258,,rFF44,100167194,100.00,,
44.695151985,1752207116,,instructions,100166654,100.00,4.67,insn per cycle
44.695151985,375585950,,cycles,100165984,100.00,,
44.795361642,104509,,rD044,100161524,100.00,,
44.795361642,1768133,,rFF44,100161744,100.00,,
44.795361642,1752742263,,instructions,100161854,100.00,4.67,insn per cycle
44.795361642,375557005,,cycles,100162224,100.00,,
44.895572329,103579,,rD044,100161734,100.00,,
44.895572329,1789023,,rFF44,100161474,100.00,,
44.895572329,1746006796,,instructions,100162005,100.00,4.65,insn per cycle
44.895572329,375554438,,cycles,100162325,100.00,,
44.995785785,100078,,rD044,100169655,100.00,,
44.995785785,1757397,,rFF44,100169915,100.00,,
44.995785785,1735104719,,instructions,100169164,100.00,4.62,insn per cycle
44.995785785,375584368,,cycles,100168504,100.00,,
45.095995872,111475,,rD044,100164494,100.00,,
45.095995872,1752367,,rFF44,100164624,100.00,,
45.095995872,1730298328,,instructions,100164724,100.00,4.61,insn per cycle
45.095995872,375572734,,cycles,100165024,100.00,,
45.196208179,64974,,rD044,100165875,100.00,,
45.196208179,1734563,,rFF44,100165375,100.00,,
45.196208179,1724815821,,instructions,100165715,100.00,4.59,insn per cycle
45.196208179,375573471,,cycles,100165535,100.00,,
45.296417176,104167,,rD044,100042474,100.00,,
45.296417176,1757783,,rFF44,100042794,100.00,,
45.296417176,1727859419,,instructions,100043144,100.00,4.61,insn per cycle
45.296417176,375093808,,cycles,100043524,100.00,,
45.396626262,100350,,rD044,100159254,100.00,,
45.396626262,1806292,,rFF44,100158904,100.00,,
45.396626262,1748237932,,instructions,100157684,100.00,4.66,insn per cycle
45.396626262,375541246,,cycles,100157655,100.00,,
45.496838349,98336,,rD044,100145984,100.00,,
45.496838349,1784351,,rFF44,100146374,100.00,,
45.496838349,1748769784,,instructions,100147244,100.00,4.66,insn per cycle
45.496838349,375498083,,cycles,100148053,100.00,,
45.597077296,110571,,rD044,100192744,100.00,,
45.597077296,1783426,,rFF44,100192914,100.00,,
45.597077296,1748609611,,instructions,100192824,100.00,4.65,insn per cycle
45.597077296,375677592,,cycles,100193044,100.00,,
45.697288803,96530,,rD044,100157035,100.00,,
45.697288803,1803956,,rFF44,100156645,100.00,,
45.697288803,1749260259,,instructions,100157015,100.00,4.66,insn per cycle
45.697288803,375526988,,cycles,100155495,100.00,,
45.797501000,104012,,rD044,100151545,100.00,,
45.797501000,1773225,,rFF44,100151825,100.00,,
45.797501000,1745804769,,instructions,100151485,100.00,4.65,insn per cycle
45.797501000,375508221,,cycles,100152635,100.00,,
45.897707807,100704,,rD044,100155174,100.00,,
45.897707807,1800514,,rFF44,100154644,100.00,,
45.897707807,1744372670,,instructions,100154854,100.00,4.65,insn per cycle
45.897707807,375527042,,cycles,100153934,100.00,,
45.997922243,99163,,rD044,100167954,100.00,,
45.997922243,1783766,,rFF44,100168334,100.00,,
45.997922243,1745818732,,instructions,100167674,100.00,4.65,insn per cycle
45.997922243,375581230,,cycles,100167824,100.00,,
46.098115190,110819,,rD044,100145025,100.00,,
46.098115190,1780501,,rFF44,100144975,100.00,,
46.098115190,1745119153,,instructions,100145575,100.00,4.65,insn per cycle
46.098115190,375497844,,cycles,100145505,100.00,,
46.198326867,113008,,rD044,100168375,100.00,,
46.198326867,1822922,,rFF44,100168705,100.00,,
46.198326867,1746641148,,instructions,100168505,100.00,4.65,insn per cycle
46.198326867,375585629,,cycles,100168275,100.00,,
46.298539354,117729,,rD044,100166975,100.00,,
46.298539354,1785885,,rFF44,100166535,100.00,,
46.298539354,1745986839,,instructions,100165965,100.00,4.65,insn per cycle
46.298539354,375578112,,cycles,100166685,100.00,,
46.398747970,100506,,rD044,100041134,100.00,,
46.398747970,1803353,,rFF44,100055704,100.00,,
46.398747970,1745142714,,instructions,100056324,100.00,4.65,insn per cycle
46.398747970,375152811,,cycles,100056014,100.00,,
46.498973387,98610,,rD044,100151614,100.00,,
46.498973387,1781250,,rFF44,100136754,100.00,,
46.498973387,1750697534,,instructions,100136554,100.00,4.66,insn per cycle
46.498973387,375454113,,cycles,100136334,100.00,,
46.599182704,80001,,rD044,100163105,100.00,,
46.599182704,1726879,,rFF44,100162765,100.00,,
46.599182704,1723524504,,instructions,100162705,100.00,4.59,insn per cycle
46.599182704,375555318,,cycles,100162805,100.00,,
46.699393591,95576,,rD044,100155185,100.00,,
46.699393591,1778850,,rFF44,100155895,100.00,,
46.699393591,1732509779,,instructions,100155985,100.00,4.61,insn per cycle
46.699393591,375528993,,cycles,100155865,100.00,,
46.799604777,103993,,rD044,100165114,100.00,,
46.799604777,1760550,,rFF44,100164584,100.00,,
46.799604777,1748366784,,instructions,100164774,100.00,4.66,insn per cycle
46.799604777,375577250,,cycles,100166094,100.00,,
46.899808984,101412,,rD044,100156135,100.00,,
46.899808984,1790069,,rFF44,100156055,100.00,,
46.899808984,1743218586,,instructions,100156125,100.00,4.64,insn per cycle
46.899808984,375531074,,cycles,100154835,100.00,,
47.000018931,98620,,rD044,100160773,100.00,,
47.000018931,1779319,,rFF44,100161033,100.00,,
47.000018931,1754764833,,instructions,100161143,100.00,4.67,insn per cycle
47.000018931,375554190,,cycles,100162053,100.00,,
47.100230708,110651,,rD044,100167034,100.00,,
47.100230708,1776553,,rFF44,100167354,100.00,,
47.100230708,1752221766,,instructions,100166934,100.00,4.67,insn per cycle
47.100230708,375576042,,cycles,100165884,100.00,,
47.200441774,96066,,rD044,100165634,100.00,,
47.200441774,1791364,,rFF44,100165434,100.00,,
47.200441774,1743544847,,instructions,100165934,100.00,4.64,insn per cycle
47.200441774,375577865,,cycles,100166384,100.00,,
47.300637181,104822,,rD044,100149255,100.00,,
47.300637181,1755846,,rFF44,100149635,100.00,,
47.300637181,1741129371,,instructions,100149995,100.00,4.64,insn per cycle
47.300637181,375511267,,cycles,100149575,100.00,,
47.400864988,101476,,rD044,100055244,100.00,,
47.400864988,1781555,,rFF44,100054874,100.00,,
47.400864988,1734562949,,instructions,100054444,100.00,4.62,insn per cycle
47.400864988,375134687,,cycles,100055794,100.00,,
47.501106545,97787,,rD044,100168944,100.00,,
47.501106545,1748436,,rFF44,100169045,100.00,,
47.501106545,1722643981,,instructions,100168835,100.00,4.59,insn per cycle
47.501106545,375570766,,cycles,100167825,100.00,,
47.601318002,108463,,rD044,100160185,100.00,,
47.601318002,1757313,,rFF44,100160554,100.00,,
47.601318002,1722668552,,instructions,100160904,100.00,4.59,insn per cycle
47.601318002,375555889,,cycles,100160594,100.00,,
47.701529079,94962,,rD044,100148105,100.00,,
47.701529079,1767360,,rFF44,100147965,100.00,,
47.701529079,1703101620,,instructions,100147665,100.00,4.54,insn per cycle
47.701529079,375491144,,cycles,100148245,100.00,,
47.801739735,104481,,rD044,100166754,100.00,,
47.801739735,1729853,,rFF44,100166044,100.00,,
47.801739735,1692581121,,instructions,100166584,100.00,4.51,insn per cycle
47.801739735,375636460,,cycles,100180854,100.00,,
47.901957552,108718,,rD044,100168545,100.00,,
47.901957552,1753462,,rFF44,100169115,100.00,,
47.901957552,1691047235,,instructions,100168975,100.00,4.50,insn per cycle
47.901957552,375528243,,cycles,100154685,100.00,,
48.002170469,96572,,rD044,100165885,100.00,,
48.002170469,1745049,,rFF44,100165585,100.00,,
48.002170469,1692086084,,instructions,100164865,100.00,4.51,insn per cycle
48.002170469,375565745,,cycles,100164375,100.00,,
48.102381716,104272,,rD044,100164963,100.00,,
48.102381716,1739037,,rFF44,100165543,100.00,,
48.102381716,1693449795,,instructions,100165713,100.00,4.51,insn per cycle
48.102381716,375575835,,cycles,100165913,100.00,,
48.202591452,95809,,rD044,100164425,100.00,,
48.202591452,1737440,,rFF44,100164485,100.00,,
48.202591452,1696503637,,instructions,100164895,100.00,4.52,insn per cycle
48.202591452,375571029,,cycles,100164835,100.00,,
48.302802159,103871,,rD044,100041224,100.00,,
48.302802159,1731265,,rFF44,100040684,100.00,,
48.302802159,1690250880,,instructions,100040424,100.00,4.51,insn per cycle
48.302802159,375086249,,cycles,100040304,100.00,,
48.403005866,104432,,rD044,100157334,100.00,,
48.403005866,1743614,,rFF44,100157624,100.00,,
48.403005866,1699065567,,instructions,100157374,100.00,4.52,insn per cycle
48.403005866,375548403,,cycles,100157844,100.00,,
48.503217503,97282,,rD044,100137675,100.00,,
48.503217503,1817184,,rFF44,100137135,100.00,,
48.503217503,1777048198,,instructions,100137425,100.00,4.73,insn per cycle
48.503217503,375450074,,cycles,100137065,100.00,,
48.603430010,107099,,rD044,100164404,100.00,,
48.603430010,1808477,,rFF44,100165034,100.00,,
48.603430010,1775083967,,instructions,100165404,100.00,4.73,insn per cycle
48.603430010,375574169,,cycles,100165834,100.00,,
48.703641696,96017,,rD044,100149125,100.00,,
48.703641696,1829590,,rFF44,100148985,100.00,,
48.703641696,1764841147,,instructions,100149195,100.00,4.70,insn per cycle
48.703641696,375490699,,cycles,100148995,100.00,,
48.803853823,104859,,rD044,100168925,100.00,,
48.803853823,1765535,,rFF44,100169095,100.00,,
48.803853823,1735261168,,instructions,100168775,100.00,4.62,insn per cycle
48.803853823,375593623,,cycles,100168175,100.00,,
48.904054520,106887,,rD044,100153745,100.00,,
48.904054520,1812022,,rFF44,100154515,100.00,,
48.904054520,1765647742,,instructions,100154525,100.00,4.70,insn per cycle
48.904054520,375527016,,cycles,100154665,100.00,,
49.004268726,97022,,rD044,100163693,100.00,,
49.004268726,1796134,,rFF44,100162464,100.00,,
49.004268726,1757323342,,instructions,100161874,100.00,4.68,insn per cycle
49.004268726,375554395,,cycles,100162184,100.00,,
49.104480973,105879,,rD044,100166445,100.00,,
49.104480973,1788849,,rFF44,100166724,100.00,,
49.104480973,1745019343,,instructions,100166944,100.00,4.65,insn per cycle
49.104480973,375579506,,cycles,100167134,100.00,,
49.204696940,95584,,rD044,100170085,100.00,,
49.204696940,1875508,,rFF44,100169725,100.00,,
49.204696940,1785136983,,instructions,100169575,100.00,4.75,insn per cycle
49.204696940,375588147,,cycles,100169195,100.00,,
49.304929477,108400,,rD044,100186874,100.00,,
49.304929477,1812817,,rFF44,100187164,100.00,,
49.304929477,1786659935,,instructions,100187524,100.00,4.76,insn per cycle
49.304929477,375659552,,cycles,100188144,100.00,,
49.405157294,105728,,rD044,100052314,100.00,,
49.405157294,1822521,,rFF44,100052114,100.00,,
49.405157294,1766212836,,instructions,100051894,100.00,4.71,insn per cycle
49.405157294,375129010,,cycles,100052064,100.00,,
49.505367031,96738,,rD044,100135965,100.00,,
49.505367031,1768232,,rFF44,100136255,100.00,,
49.505367031,1722591431,,instructions,100136525,100.00,4.59,insn per cycle
49.505367031,375446166,,cycles,100136365,100.00,,
49.605579968,104405,,rD044,100166824,100.00,,
49.605579968,1727110,,rFF44,100166764,100.00,,
49.605579968,1701175822,,instructions,100166634,100.00,4.53,insn per cycle
49.605579968,375573464,,cycles,100165654,100.00,,
49.705792344,93736,,rD044,100166144,100.00,,
49.705792344,1762590,,rFF44,100165944,100.00,,
49.705792344,1695642637,,instructions,100165564,100.00,4.51,insn per cycle
49.705792344,375575559,,cycles,100165914,100.00,,
49.806002491,105171,,rD044,100149005,100.00,,
49.806002491,1694319,,rFF44,100148945,100.00,,
49.806002491,1702688988,,instructions,100149145,100.00,4.53,insn per cycle
49.806002491,375496500,,cycles,100149475,100.00,,
49.906206108,105304,,rD044,100156955,100.00,,
49.906206108,1736875,,rFF44,100156745,100.00,,
49.906206108,1696453849,,instructions,100156875,100.00,4.52,insn per cycle
49.906206108,375539876,,cycles,100156655,100.00,,
50.006416205,96932,,rD044,100163484,100.00,,
50.006416205,1802141,,rFF44,100163764,100.00,,
50.006416205,1755047070,,instructions,100164004,100.00,4.67,insn per cycle
50.006416205,375563455,,cycles,100163794,100.00,,
50.106624991,106678,,rD044,100159864,100.00,,
50.106624991,1794841,,rFF44,100159904,100.00,,
50.106624991,1755413682,,instructions,100159225,100.00,4.67,insn per cycle
50.106624991,375550749,,cycles,100159845,100.00,,
50.206834128,96240,,rD044,100161965,100.00,,
50.206834128,1795291,,rFF44,100162565,100.00,,
50.206834128,1726834257,,instructions,100162914,100.00,4.60,insn per cycle
50.206834128,375565738,,cycles,100163234,100.00,,
50.307044445,103418,,rD044,100165674,100.00,,
50.307044445,1722309,,rFF44,100165084,100.00,,
50.307044445,1694285149,,instructions,100164734,100.00,4.51,insn per cycle
50.307044445,375567640,,cycles,100163914,100.00,,
50.407239931,105314,,rD044,100019424,100.00,,
50.407239931,1737161,,rFF44,100019194,100.00,,
50.407239931,1687731330,,instructions,100019744,100.00,4.50,insn per cycle
50.407239931,375010884,,cycles,100020504,100.00,,
50.507451838,93865,,rD044,100135135,100.00,,
50.507451838,1748590,,rFF44,100135295,100.00,,
50.507451838,1696046892,,instructions,100135085,100.00,4.52,insn per cycle
50.507451838,375442021,,cycles,100134445,100.00,,
50.607664025,106092,,rD044,100164513,100.00,,
50.607664025,1726319,,rFF44,100164173,100.00,,
50.607664025,1687333831,,instructions,100163753,100.00,4.49,insn per cycle
50.607664025,375563416,,cycles,100163533,100.00,,
50.707875162,98875,,rD044,100165205,100.00,,
50.707875162,1764884,,rFF44,100166965,100.00,,
50.707875162,1707255564,,instructions,100168285,100.00,4.55,insn per cycle
50.707875162,375585146,,cycles,100168755,100.00,,
50.808086459,101998,,rD044,100155265,100.00,,
50.808086459,1734471,,rFF44,100153715,100.00,,
50.808086459,1701643499,,instructions,100152295,100.00,4.53,insn per cycle
50.808086459,375515664,,cycles,100152105,100.00,,
50.908279465,105441,,rD044,100147804,100.00,,
50.908279465,1744969,,rFF44,100148354,100.00,,
50.908279465,1696366788,,instructions,100149104,100.00,4.52,insn per cycle
50.908279465,375517238,,cycles,100150224,100.00,,
51.008491452,95296,,rD044,100162195,100.00,,
51.008491452,1748829,,rFF44,100161945,100.00,,
51.008491452,1696279006,,instructions,100162585,100.00,4.52,insn per cycle
51.008491452,375550836,,cycles,100161515,100.00,,
51.108704769,77736,,rD044,100164864,100.00,,
51.108704769,1702394,,rFF44,100164854,100.00,,
51.108704769,1702487452,,instructions,100164174,100.00,4.53,insn per cycle
51.108704769,375562667,,cycles,100163914,100.00,,
51.208951526,100349,,rD044,100200225,100.00,,
51.208951526,1756141,,rFF44,100200365,100.00,,
51.208951526,1704858086,,instructions,100200285,100.00,4.54,insn per cycle
51.208951526,375705453,,cycles,100200395,100.00,,
51.309174873,95785,,rD044,100050084,100.00,,
51.309174873,1719758,,rFF44,100049694,100.00,,
51.309174873,1685541350,,instructions,100049524,100.00,4.49,insn per cycle
51.309174873,375119665,,cycles,100050004,100.00,,
51.409369799,106521,,rD044,100151425,100.00,,
51.409369799,1719998,,rFF44,100151155,100.00,,
51.409369799,1684015307,,instructions,100151625,100.00,4.48,insn per cycle
51.409369799,375533103,,cycles,100151975,100.00,,
51.509580706,96303,,rD044,100132315,100.00,,
51.509580706,1752081,,rFF44,100132705,100.00,,
51.509580706,1696462526,,instructions,100132095,100.00,4.52,insn per cycle
51.509580706,375423495,,cycles,100131525,100.00,,
51.609790763,104277,,rD044,100161444,100.00,,
51.609790763,1762420,,rFF44,100161424,100.00,,
51.609790763,1739339007,,instructions,100161645,100.00,4.63,insn per cycle
51.609790763,375557190,,cycles,100161495,100.00,,
51.710002110,102257,,rD044,100165905,100.00,,
51.710002110,1817639,,rFF44,100165575,100.00,,
51.710002110,1755697544,,instructions,100165414,100.00,4.67,insn per cycle
51.710002110,375575598,,cycles,100165944,100.00,,
51.810212906,96812,,rD044,100153855,100.00,,
51.810212906,1765227,,rFF44,100153885,100.00,,
51.810212906,1721871163,,instructions,100153965,100.00,4.59,insn per cycle
51.810212906,375513956,,cycles,100153395,100.00,,
51.910406873,109310,,rD044,100150055,100.00,,
51.910406873,1735087,,rFF44,100150285,100.00,,
51.910406873,1693355731,,instructions,100149965,100.00,4.51,insn per cycle
51.910406873,375514912,,cycles,100149725,100.00,,
52.010617220,97074,,rD044,100162585,100.00,,
52.010617220,1751419,,rFF44,100162915,100.00,,
52.010617220,1691112396,,instructions,100162985,100.00,4.50,insn per cycle
52.010617220,375565667,,cycles,100164465,100.00,,
52.110830657,100533,,rD044,100161703,100.00,,
52.110830657,1715907,,rFF44,100161163,100.00,,
52.110830657,1685108686,,instructions,100160963,100.00,4.49,insn per cycle
52.110830657,375542205,,cycles,100159073,100.00,,
52.211040403,101319,,rD044,100164025,100.00,,
52.211040403,1702548,,rFF44,100164225,100.00,,
52.211040403,1691067469,,instructions,100164495,100.00,4.50,insn per cycle
52.211040403,375574928,,cycles,100165485,100.00,,
52.311251190,96413,,rD044,100165535,100.00,,
52.311251190,1727374,,rFF44,100166115,100.00,,
52.311251190,1692222464,,instructions,100166605,100.00,4.51,insn per cycle
52.311251190,375581972,,cycles,100167535,100.00,,
52.411449707,109001,,rD044,98848497,100.00,,
52.411449707,1738411,,rFF44,98848017,100.00,,
52.411449707,1704676513,,instructions,98847537,100.00,4.60,insn per cycle
52.411449707,370595553,,cycles,98846227,100.00,,
52.511667063,97381,,rD044,100145735,100.00,,
52.511667063,1793474,,rFF44,100146415,100.00,,
52.511667063,1725403929,,instructions,100147155,100.00,4.60,insn per cycle
52.511667063,375492139,,cycles,100147555,100.00,,
52.611900691,100602,,rD044,100181004,100.00,,
52.611900691,1725280,,rFF44,100180354,100.00,,
52.611900691,1705318278,,instructions,100179785,100.00,4.54,insn per cycle
52.611900691,375625307,,cycles,100179595,100.00,,
52.712113017,105661,,rD044,100166225,100.00,,
52.712113017,1749217,,rFF44,100166335,100.00,,
52.712113017,1706649791,,instructions,100166344,100.00,4.54,insn per cycle
52.712113017,375578258,,cycles,100166734,100.00,,
52.812323774,95482,,rD044,100150544,100.00,,
52.812323774,1758671,,rFF44,100150444,100.00,,
52.812323774,1705978456,,instructions,100150854,100.00,4.54,insn per cycle
52.812323774,375496700,,cycles,100150074,100.00,,
52.912529841,105589,,rD044,100159745,100.00,,
52.912529841,1720873,,rFF44,100159365,100.00,,
52.912529841,1687024421,,instructions,100158705,100.00,4.49,insn per cycle
52.912529841,375558750,,cycles,100159445,100.00,,
53.012738817,95581,,rD044,100164995,100.00,,
53.012738817,1748132,,rFF44,100165265,100.00,,
53.012738817,1686895947,,instructions,100165185,100.00,4.49,insn per cycle
53.012738817,375690920,,cycles,100197225,100.00,,
53.112981025,100313,,rD044,100195194,100.00,,
53.112981025,1734639,,rFF44,100195484,100.00,,
53.112981025,1708553582,,instructions,100195884,100.00,4.55,insn per cycle
53.112981025,375562249,,cycles,100163084,100.00,,
53.213222342,108959,,rD044,100191715,100.00,,
53.213222342,1755431,,rFF44,100191775,100.00,,
53.213222342,1710731436,,instructions,100191405,100.00,4.55,insn per cycle
53.213222342,375672632,,cycles,100191775,100.00,,
53.313428318,63518,,rD044,100030803,100.00,,
53.313428318,1729046,,rFF44,100030083,100.00,,
53.313428318,1709368726,,instructions,100030703,100.00,4.56,insn per cycle
53.313428318,375048983,,cycles,100030503,100.00,,
53.413620965,104158,,rD044,100152024,100.00,,
53.413620965,1718038,,rFF44,100152344,100.00,,
53.413620965,1691892158,,instructions,100151814,100.00,4.51,insn per cycle
53.413620965,375535648,,cycles,100152534,100.00,,
53.513830512,99594,,rD044,100135364,100.00,,
53.513830512,1763104,,rFF44,100135724,100.00,,
53.513830512,1704166434,,instructions,100135964,100.00,4.54,insn per cycle
53.513830512,375446962,,cycles,100135644,100.00,,
53.614042759,98239,,rD044,100164245,100.00,,
53.614042759,1733273,,rFF44,100164155,100.00,,
53.614042759,1704615943,,instructions,100163845,100.00,4.54,insn per cycle
53.614042759,375565979,,cycles,100163545,100.00,,
53.714234965,106822,,rD044,100144413,100.00,,
53.714234965,1726040,,rFF44,100144183,100.00,,
53.714234965,1689615484,,instructions,100144913,100.00,4.50,insn per cycle
53.714234965,375491185,,cycles,100144513,100.00,,
53.814443572,97882,,rD044,100139414,100.00,,
53.814443572,1755707,,rFF44,100139814,100.00,,
53.814443572,1701091018,,instructions,100139634,100.00,4.53,insn per cycle
53.814443572,375452251,,cycles,100140844,100.00,,
53.914649389,107002,,rD044,100161145,100.00,,
53.914649389,1719736,,rFF44,100160865,100.00,,
53.914649389,1683545862,,instructions,100160045,100.00,4.48,insn per cycle
53.914649389,375560268,,cycles,100159545,100.00,,
54.014859585,104986,,rD044,100163665,100.00,,
54.014859585,1749602,,rFF44,100163925,100.00,,
54.014859585,1701006189,,instructions,100164925,100.00,4.53,insn per cycle
54.014859585,375572502,,cycles,100165115,100.00,,
54.115063972,89214,,rD044,100153074,100.00,,
54.115063972,1743097,,rFF44,100152864,100.00,,
54.115063972,1707042070,,instructions,100153055,100.00,4.55,insn per cycle
54.115063972,375521192,,cycles,100152995,100.00,,
54.215275509,110136,,rD044,100162195,100.00,,
54.215275509,1703025,,rFF44,100162205,100.00,,
54.215275509,1703837849,,instructions,100161304,100.00,4.54,insn per cycle
54.215275509,375551243,,cycles,100161324,100.00,,
54.315487015,96101,,rD044,100162245,100.00,,
54.315487015,1754751,,rFF44,100161855,100.00,,
54.315487015,1685353348,,instructions,100162245,100.00,4.49,insn per cycle
54.315487015,375559648,,cycles,100161905,100.00,,
54.415681692,103838,,rD044,100031334,100.00,,
54.415681692,1725793,,rFF44,100031754,100.00,,
54.415681692,1689429925,,instructions,100032324,100.00,4.50,insn per cycle
54.415681692,375067884,,cycles,100032974,100.00,,
54.515903099,104157,,rD044,100151675,100.00,,
54.515903099,1738896,,rFF44,100151735,100.00,,
54.515903099,1692486678,,instructions,100151305,100.00,4.51,insn per cycle
54.515903099,375500498,,cycles,100150705,100.00,,
54.616114236,95145,,rD044,100161724,100.00,,
54.616114236,1747060,,rFF44,100161544,100.00,,
54.616114236,1711793681,,instructions,100161124,100.00,4.56,insn per cycle
54.616114236,375556679,,cycles,100161285,100.00,,
54.716324783,107718,,rD044,100162255,100.00,,
54.716324783,1755333,,rFF44,100162725,100.00,,
54.716324783,1720188162,,instructions,100163035,100.00,4.58,insn per cycle
54.716324783,375557943,,cycles,100163494,100.00,,
54.816537619,98258,,rD044,100166055,100.00,,
54.816537619,1779613,,rFF44,100165905,100.00,,
54.816537619,1714671941,,instructions,100165665,100.00,4.57,insn per cycle
54.816537619,375573276,,cycles,100165395,100.00,,
54.916734396,100819,,rD044,100137894,100.00,,
54.916734396,1734645,,rFF44,100137674,100.00,,
54.916734396,1700604122,,instructions,100137854,100.00,4.53,insn per cycle
54.916734396,375451767,,cycles,100136914,100.00,,
55.016979633,104698,,rD044,100199555,100.00,,
55.016979633,1772247,,rFF44,100199475,100.00,,
55.016979633,1724362738,,instructions,100199785,100.00,4.59,insn per cycle
55.016979633,375702251,,cycles,100199915,100.00,,
55.117189340,95701,,rD044,100161145,100.00,,
55.117189340,1774689,,rFF44,100161645,100.00,,
55.117189340,1721189815,,instructions,100161125,100.00,4.58,insn per cycle
55.117189340,375554375,,cycles,100162395,100.00,,
55.217401647,108657,,rD044,100163944,100.00,,
55.217401647,1727940,,rFF44,100163064,100.00,,
55.217401647,1691349721,,instructions,100163524,100.00,4.50,insn per cycle
55.217401647,375556772,,cycles,100162884,100.00,,
55.317613113,99139,,rD044,100164545,100.00,,
55.317613113,1767774,,rFF44,100165015,100.00,,
55.317613113,1699613746,,instructions,100164905,100.00,4.53,insn per cycle
55.317613113,375572698,,cycles,100164985,100.00,,
55.417808390,66617,,rD044,100028474,100.00,,
55.417808390,1680404,,rFF44,100027844,100.00,,
55.417808390,1686498641,,instructions,100027784,100.00,4.50,insn per cycle
55.417808390,375046944,,cycles,100027174,100.00,,
55.518018407,104871,,rD044,100139535,100.00,,
55.518018407,1749721,,rFF44,100140475,100.00,,
55.518018407,1707347736,,instructions,100140275,100.00,4.55,insn per cycle
55.518018407,375466500,,cycles,100140865,100.00,,
55.618231744,95277,,rD044,100163964,100.00,,
55.618231744,1773493,,rFF44,100163805,100.00,,
55.618231744,1718380731,,instructions,100163455,100.00,4.58,insn per cycle
55.618231744,375559231,,cycles,100162795,100.00,,
55.718442910,107584,,rD044,100160195,100.00,,
55.718442910,1751264,,rFF44,100160174,100.00,,
55.718442910,1718394818,,instructions,100160474,100.00,4.58,insn per cycle
55.718442910,375547155,,cycles,100160224,100.00,,
55.818653027,100799,,rD044,100165085,100.00,,
55.818653027,1773770,,rFF44,100164985,100.00,,
55.818653027,1714411768,,instructions,100165455,100.00,4.56,insn per cycle
55.818653027,375573803,,cycles,100165785,100.00,,
55.918846974,96614,,rD044,100137795,100.00,,
55.918846974,1748871,,rFF44,100137605,100.00,,
55.918846974,1716791501,,instructions,100137035,100.00,4.57,insn per cycle
55.918846974,375460637,,cycles,100137745,100.00,,
56.019056370,107337,,rD044,100164615,100.00,,
56.019056370,1761503,,rFF44,100164495,100.00,,
56.019056370,1717450916,,instructions,100165435,100.00,4.57,insn per cycle
56.019056370,375570944,,cycles,100164815,100.00,,
56.119267717,95968,,rD044,100166493,100.00,,
56.119267717,1770228,,rFF44,100166193,100.00,,
56.119267717,1706256667,,instructions,100165023,100.00,4.54,insn per cycle
56.119267717,375563707,,cycles,100164923,100.00,,
56.219477464,105116,,rD044,100161835,100.00,,
56.219477464,1743078,,rFF44,100162685,100.00,,
56.219477464,1708133957,,instructions,100164215,100.00,4.55,insn per cycle
56.219477464,375569079,,cycles,100165235,100.00,,
56.319690201,100115,,rD044,100046105,100.00,,
56.319690201,1776888,,rFF44,100046675,100.00,,
56.319690201,1703163458,,instructions,100046055,100.00,4.54,insn per cycle
56.319690201,375102512,,cycles,100045115,100.00,,
56.419904158,95091,,rD044,100168255,100.00,,
56.419904158,1751523,,rFF44,100167255,100.00,,
56.419904158,1704881162,,instructions,100166705,100.00,4.54,insn per cycle
56.419904158,375583724,,cycles,100166675,100.00,,
56.520112934,104628,,rD044,100140355,100.00,,
56.520112934,1750926,,rFF44,100140565,100.00,,
56.520112934,1701026197,,instructions,100140745,100.00,4.53,insn per cycle
56.520112934,375472716,,cycles,100140745,100.00,,
56.620322741,94523,,rD044,100164384,100.00,,
56.620322741,1774249,,rFF44,100164674,100.00,,
56.620322741,1705798601,,instructions,100164374,100.00,4.54,insn per cycle
56.620322741,375570883,,cycles,100164404,100.00,,
56.720535758,107205,,rD044,100165425,100.00,,
56.720535758,1709245,,rFF44,100165055,100.00,,
56.720535758,1703975313,,instructions,100165285,100.00,4.54,insn per cycle
56.720535758,375574239,,cycles,100165915,100.00,,
56.820748514,106589,,rD044,100166325,100.00,,
56.820748514,1754745,,rFF44,100185325,100.00,,
56.820748514,1690076801,,instructions,100185135,100.00,4.50,insn per cycle
56.820748514,375647220,,cycles,100185115,100.00,,
56.920976882,95843,,rD044,100171315,100.00,,
56.920976882,1764552,,rFF44,100152365,100.00,,
56.920976882,1725096457,,instructions,100153235,100.00,4.59,insn per cycle
56.920976882,375512073,,cycles,100153005,100.00,,
57.021189628,105784,,rD044,100168465,100.00,,
57.021189628,1823064,,rFF44,100168475,100.00,,
57.021189628,1775478102,,instructions,100167705,100.00,4.73,insn per cycle
57.021189628,375583441,,cycles,100167415,100.00,,
57.121400605,96069,,rD044,100158455,100.00,,
57.121400605,1812181,,rFF44,100158755,100.00,,
57.121400605,1769148019,,instructions,100158265,100.00,4.71,insn per cycle
57.121400605,375549638,,cycles,100159075,100.00,,
57.221614272,106511,,rD044,100165424,100.00,,
57.221614272,1773822,,rFF44,100165714,100.00,,
57.221614272,1763275493,,instructions,100166574,100.00,4.69,insn per cycle
57.221614272,375571766,,cycles,100165904,100.00,,
57.321828659,105647,,rD044,100165625,100.00,,
57.321828659,1818130,,rFF44,100165155,100.00,,
57.321828659,1792533564,,instructions,100164785,100.00,4.77,insn per cycle
57.321828659,375566298,,cycles,100164995,100.00,,
57.422023855,95761,,rD044,100029364,100.00,,
57.422023855,1820709,,rFF44,100029084,100.00,,
57.422023855,1819743696,,instructions,100028764,100.00,4.85,insn per cycle
57.422023855,375049553,,cycles,100028514,100.00,,
57.522232116,141640,,rD044,100139995,100.00,,
57.522232116,1846286,,rFF44,100140515,100.00,,
57.522232116,1819838799,,instructions,100140485,100.00,4.85,insn per cycle
57.522232116,375471151,,cycles,100140815,100.00,,
57.622449232,96409,,rD044,100170354,100.00,,
57.622449232,1847542,,rFF44,100169715,100.00,,
57.622449232,1826197090,,instructions,100169915,100.00,4.86,insn per cycle
57.622449232,375583972,,cycles,100169685,100.00,,
57.722662118,105556,,rD044,100165224,100.00,,
57.722662118,1808657,,rFF44,100165823,100.00,,
57.722662118,1825110767,,instructions,100166143,100.00,4.86,insn per cycle
57.722662118,375564280,,cycles,100166733,100.00,,
57.822904655,106308,,rD044,100178815,100.00,,
57.822904655,1865934,,rFF44,100178995,100.00,,
57.822904655,1819430358,,instructions,100179165,100.00,4.84,insn per cycle
57.822904655,375604983,,cycles,100178445,100.00,,
57.923121901,97373,,rD044,100157795,100.00,,
57.923121901,1815370,,rFF44,100157165,100.00,,
57.923121901,1820386940,,instructions,100157845,100.00,4.85,insn per cycle
57.923121901,375522544,,cycles,100157665,100.00,,
58.023334237,109797,,rD044,100168345,100.00,,
58.023334237,1807515,,rFF44,100168605,100.00,,
58.023334237,1819929500,,instructions,100167845,100.00,4.85,insn per cycle
58.023334237,375590693,,cycles,100168515,100.00,,
58.123530613,129294,,rD044,100148125,100.00,,
58.123530613,1869999,,rFF44,100148435,100.00,,
58.123530613,1813650830,,instructions,100148045,100.00,4.83,insn per cycle
58.123530613,375507064,,cycles,100147965,100.00,,
58.223742529,105993,,rD044,100162934,100.00,,
58.223742529,1801497,,rFF44,100162354,100.00,,
58.223742529,1779843592,,instructions,100180785,100.00,4.74,insn per cycle
58.223742529,375624879,,cycles,100180995,100.00,,
58.323972616,101430,,rD044,100181435,100.00,,
58.323972616,1800677,,rFF44,100181845,100.00,,
58.323972616,1756739622,,instructions,100164124,100.00,4.68,insn per cycle
58.323972616,375558851,,cycles,100163564,100.00,,
58.424185792,100108,,rD044,100036854,100.00,,
58.424185792,1812181,,rFF44,100037404,100.00,,
58.424185792,1758862876,,instructions,100036954,100.00,4.69,insn per cycle
58.424185792,375081930,,cycles,100037484,100.00,,
58.524400958,111924,,rD044,100141235,100.00,,
58.524400958,1811486,,rFF44,100140715,100.00,,
58.524400958,1763690120,,instructions,100140225,100.00,4.70,insn per cycle
58.524400958,375462912,,cycles,100139345,100.00,,
58.624611554,65629,,rD044,100165885,100.00,,
58.624611554,1767449,,rFF44,100165465,100.00,,
58.624611554,1749020112,,instructions,100166525,100.00,4.66,insn per cycle
58.624611554,375578434,,cycles,100167055,100.00,,
58.724823050,105204,,rD044,100162805,100.00,,
58.724823050,1733695,,rFF44,100163005,100.00,,
58.724823050,1731001791,,instructions,100162745,100.00,4.61,insn per cycle
58.724823050,375555875,,cycles,100162595,100.00,,
58.825077097,101624,,rD044,100199944,100.00,,
58.825077097,1800449,,rFF44,100200084,100.00,,
58.825077097,1747652997,,instructions,100199944,100.00,4.65,insn per cycle
58.825077097,375688947,,cycles,100199864,100.00,,
58.925288403,99763,,rD044,100150974,100.00,,
58.925288403,1792773,,rFF44,100150424,100.00,,
58.925288403,1733499448,,instructions,100150674,100.00,4.62,insn per cycle
58.925288403,375492992,,cycles,100150234,100.00,,
59.025499389,107380,,rD044,100169645,100.00,,
59.025499389,1832159,,rFF44,100170315,100.00,,
59.025499389,1773845090,,instructions,100169775,100.00,4.72,insn per cycle
59.025499389,375599328,,cycles,100170005,100.00,,
59.125709316,97595,,rD044,100165135,100.00,,
59.125709316,1851994,,rFF44,100164755,100.00,,
59.125709316,1788531536,,instructions,100165855,100.00,4.76,insn per cycle
59.125709316,375574015,,cycles,100166085,100.00,,
59.225957242,109357,,rD044,100200055,100.00,,
59.225957242,1808041,,rFF44,100199785,100.00,,
59.225957242,1777768070,,instructions,100198445,100.00,4.73,insn per cycle
59.225957242,375687185,,cycles,100198275,100.00,,
59.326168848,100645,,rD044,100045535,100.00,,
59.326168848,1819475,,rFF44,100046145,100.00,,
59.326168848,1746575317,,instructions,100047015,100.00,4.66,insn per cycle
59.326168848,375104159,,cycles,100046925,100.00,,
59.426381054,100640,,rD044,100164525,100.00,,
59.426381054,1766037,,rFF44,100164555,100.00,,
59.426381054,1723249074,,instructions,100163655,100.00,4.59,insn per cycle
59.426381054,375565455,,cycles,100163385,100.00,,
59.526591051,108029,,rD044,100143274,100.00,,
59.526591051,1847825,,rFF44,100143034,100.00,,
59.526591051,1787581095,,instructions,100143444,100.00,4.76,insn per cycle
59.526591051,375481166,,cycles,100144144,100.00,,
59.626801367,97583,,rD044,100163335,100.00,,
59.626801367,1851316,,rFF44,100163265,100.00,,
59.626801367,1783834946,,instructions,100163255,100.00,4.75,insn per cycle
59.626801367,375564829,,cycles,100163665,100.00,,
59.727015553,110923,,rD044,100169445,100.00,,
59.727015553,1719437,,rFF44,100170185,100.00,,
59.727015553,1682693240,,instructions,100169695,100.00,4.48,insn per cycle
59.727015553,375584942,,cycles,100169745,100.00,,
59.827229959,100152,,rD044,100165115,100.00,,
59.827229959,1773488,,rFF44,100164655,100.00,,
59.827229959,1705765313,,instructions,100164865,100.00,4.54,insn per cycle
59.827229959,375563154,,cycles,100163895,100.00,,
59.927445765,99142,,rD044,100164515,100.00,,
59.927445765,1701280,,rFF44,100164445,100.00,,
59.927445765,1701988424,,instructions,100165085,100.00,4.53,insn per cycle
59.927445765,375569256,,cycles,100165515,100.00,,
60.027657601,105526,,rD044,100156954,100.00,,
60.027657601,1788053,,rFF44,100156914,100.00,,
60.027657601,1743948677,,instructions,100156394,100.00,4.64,insn per cycle
60.027657601,375527877,,cycles,100156714,100.00,,
60.127870128,96892,,rD044,100167385,100.00,,
60.127870128,1779332,,rFF44,100167085,100.00,,
60.127870128,1722424224,,instructions,100167525,100.00,4.59,insn per cycle
60.127870128,375575910,,cycles,100166865,100.00,,
60.228081004,109026,,rD044,100165194,100.00,,
60.228081004,1768127,,rFF44,100165634,100.00,,
60.228081004,1736024036,,instructions,100166344,100.00,4.62,insn per cycle
60.228081004,375577322,,cycles,100166684,100.00,,
60.328295370,97428,,rD044,100166375,100.00,,
60.328295370,1771886,,rFF44,100166125,100.00,,
60.328295370,1715242736,,instructions,100165305,100.00,4.57,insn per cycle
60.328295370,375567720,,cycles,100165285,100.00,,
60.428507056,102082,,rD044,100046935,100.00,,
60.428507056,1785509,,rFF44,100047015,100.00,,
60.428507056,1749561776,,instructions,100046535,100.00,4.66,insn per cycle
60.428507056,375118640,,cycles,100046925,100.00,,
60.528719462,108958,,rD044,100144743,100.00,,
60.528719462,1830665,,rFF44,100144813,100.00,,
60.528719462,1796320308,,instructions,100145123,100.00,4.78,insn per cycle
60.528719462,375484426,,cycles,100144923,100.00,,
60.628949439,98360,,rD044,100184825,100.00,,
60.628949439,1834560,,rFF44,100184775,100.00,,
60.628949439,1800441603,,instructions,100184795,100.00,4.79,insn per cycle
60.628949439,375642092,,cycles,100184455,100.00,,
60.729194085,109619,,rD044,100197725,100.00,,
60.729194085,1797154,,rFF44,100197385,100.00,,
60.729194085,1784342462,,instructions,100197275,100.00,4.75,insn per cycle
60.729194085,375689810,,cycles,100197405,100.00,,
60.829405441,97320,,rD044,100163505,100.00,,
60.829405441,1814301,,rFF44,100164165,100.00,,
60.829405441,1776061522,,instructions,100163705,100.00,4.73,insn per cycle
60.829405441,375561022,,cycles,100163655,100.00,,
60.929620338,106625,,rD044,100165345,100.00,,
60.929620338,1800934,,rFF44,100164625,100.00,,
60.929620338,1792052524,,instructions,100164935,100.00,4.77,insn per cycle
60.929620338,375563212,,cycles,100164755,100.00,,
61.029832814,105452,,rD044,100154435,100.00,,
61.029832814,1833545,,rFF44,100154855,100.00,,
61.029832814,1786636152,,instructions,100154775,100.00,4.76,insn per cycle
61.029832814,375519613,,cycles,100154395,100.00,,
61.130043270,98773,,rD044,100165244,100.00,,
61.130043270,1815295,,rFF44,100165045,100.00,,
61.130043270,1790559302,,instructions,100164925,100.00,4.77,insn per cycle
61.130043270,375568698,,cycles,100164845,100.00,,
61.230254726,108889,,rD044,100166075,100.00,,
61.230254726,1819241,,rFF44,100166234,100.00,,
61.230254726,1777657296,,instructions,100166314,100.00,4.73,insn per cycle
61.230254726,375576463,,cycles,100166484,100.00,,
61.330468722,95829,,rD044,100041135,100.00,,
61.330468722,1833635,,rFF44,100040905,100.00,,
61.330468722,1770457874,,instructions,100040815,100.00,4.72,insn per cycle
61.330468722,375084046,,cycles,100041785,100.00,,
61.430680808,110361,,rD044,100164745,100.00,,
61.430680808,1842735,,rFF44,100164565,100.00,,
61.430680808,1788083420,,instructions,100164545,100.00,4.76,insn per cycle
61.430680808,375562800,,cycles,100163575,100.00,,
61.530910225,102095,,rD044,100161795,100.00,,
61.530910225,1833555,,rFF44,100161705,100.00,,
61.530910225,1760066872,,instructions,100161435,100.00,4.69,insn per cycle
61.530910225,375549344,,cycles,100161765,100.00,,
61.631116111,100758,,rD044,100159525,100.00,,
61.631116111,1796147,,rFF44,100159235,100.00,,
61.631116111,1756750517,,instructions,100159765,100.00,4.68,insn per cycle
61.631116111,375550449,,cycles,100159795,100.00,,
61.731326117,106671,,rD044,100149814,100.00,,
61.731326117,1814906,,rFF44,100150304,100.00,,
61.731326117,1761810536,,instructions,100150864,100.00,4.69,insn per cycle
61.731326117,375495798,,cycles,100150874,100.00,,
61.831538053,97505,,rD044,100165624,100.00,,
61.831538053,1831732,,rFF44,100165384,100.00,,
61.831538053,1767999816,,instructions,100165174,100.00,4.71,insn per cycle
61.831538053,375573666,,cycles,100164934,100.00,,
61.931757339,112369,,rD044,100181235,100.00,,
61.931757339,1790896,,rFF44,100181725,100.00,,
61.931757339,1768080280,,instructions,100181945,100.00,4.71,insn per cycle
61.931757339,375627704,,cycles,100181955,100.00,,
62.031979306,69839,,rD044,100154614,100.00,,
62.031979306,1792237,,rFF44,100154584,100.00,,
62.031979306,1771016232,,instructions,100154154,100.00,4.72,insn per cycle
62.031979306,375514162,,cycles,100154304,100.00,,
62.132188362,104101,,rD044,100153344,100.00,,
62.132188362,1831475,,rFF44,100153264,100.00,,
62.132188362,1778463529,,instructions,100153434,100.00,4.74,insn per cycle
62.132188362,375529964,,cycles,100153424,100.00,,
62.232400188,105049,,rD044,100165334,100.00,,
62.232400188,1839165,,rFF44,100164994,100.00,,
62.232400188,1775609682,,instructions,100164305,100.00,4.73,insn per cycle
62.232400188,375568648,,cycles,100164345,100.00,,
62.332610974,97577,,rD044,100042715,100.00,,
62.332610974,1817341,,rFF44,100042925,100.00,,
62.332610974,1772754833,,instructions,100043664,100.00,4.73,insn per cycle
62.332610974,375091018,,cycles,100043614,100.00,,
62.432822280,111532,,rD044,100161345,100.00,,
62.432822280,1799590,,rFF44,100161635,100.00,,
62.432822280,1784729380,,instructions,100161195,100.00,4.75,insn per cycle
62.432822280,375555291,,cycles,100161395,100.00,,
62.533035907,129134,,rD044,100144665,100.00,,
62.533035907,1864000,,rFF44,100143655,100.00,,
62.533035907,1788657291,,instructions,100144225,100.00,4.76,insn per cycle
62.533035907,375481059,,cycles,100144235,100.00,,
62.633274643,108225,,rD044,100194034,100.00,,
62.633274643,1818416,,rFF44,100194584,100.00,,
62.633274643,1782504262,,instructions,100194304,100.00,4.74,insn per cycle
62.633274643,375681244,,cycles,100194364,100.00,,
62.733487069,103826,,rD044,98987519,100.00,,
62.733487069,1828418,,rFF44,98988259,100.00,,
62.733487069,1765224998,,instructions,98988279,100.00,4.76,insn per cycle
62.733487069,371169061,,cycles,98988429,100.00,,
62.833708076,101124,,rD044,100172194,100.00,,
62.833708076,1829348,,rFF44,100171565,100.00,,
62.833708076,1819194224,,instructions,100171985,100.00,4.84,insn per cycle
62.833708076,375591376,,cycles,100171935,100.00,,
62.933936652,114199,,rD044,100178665,100.00,,
62.933936652,1801223,,rFF44,100179024,100.00,,
62.933936652,1816155450,,instructions,100179054,100.00,4.84,insn per cycle
62.933936652,375614824,,cycles,100178884,100.00,,
63.034150888,99499,,rD044,100153495,100.00,,
63.034150888,1867155,,rFF44,100153325,100.00,,
63.034150888,1833657707,,instructions,100153275,100.00,4.88,insn per cycle
63.034150888,375502861,,cycles,100153075,100.00,,
63.134362584,111024,,rD044,100168855,100.00,,
63.134362584,1878017,,rFF44,100168815,100.00,,
63.134362584,1849354035,,instructions,100168525,100.00,4.92,insn per cycle
63.134362584,375587678,,cycles,100169965,100.00,,
63.234577570,100170,,rD044,100167735,100.00,,
63.234577570,1877531,,rFF44,100167865,100.00,,
63.234577570,1811760557,,instructions,100167685,100.00,4.82,insn per cycle
63.234577570,375576531,,cycles,100166405,100.00,,
63.334789387,112507,,rD044,100165254,100.00,,
63.334789387,1809703,,rFF44,100165284,100.00,,
63.334789387,1788544811,,instructions,100165494,100.00,4.76,insn per cycle
63.334789387,375567975,,cycles,100165924,100.00,,
63.435002383,76015,,rD044,100043293,100.00,,
63.435002383,1808634,,rFF44,100043353,100.00,,
63.435002383,1783719454,,instructions,100042923,100.00,4.76,insn per cycle
63.435002383,375096965,,cycles,100042533,100.00,,
63.535215219,100394,,rD044,100144075,100.00,,
63.535215219,1823403,,rFF44,100143765,100.00,,
63.535215219,1792633072,,instructions,100143875,100.00,4.77,insn per cycle
63.535215219,375477708,,cycles,100143445,100.00,,
63.635424945,108242,,rD044,100163944,100.00,,
63.635424945,1849408,,rFF44,100164124,100.00,,
63.635424945,1809215437,,instructions,100164284,100.00,4.82,insn per cycle
63.635424945,375572220,,cycles,100165614,100.00,,
63.735619791,99738,,rD044,100143994,100.00,,
63.735619791,1841123,,rFF44,100144154,100.00,,
63.735619791,1804796203,,instructions,100144334,100.00,4.81,insn per cycle
63.735619791,375485752,,cycles,100143384,100.00,,
63.835815347,114417,,rD044,100148764,100.00,,
63.835815347,1837924,,rFF44,100148454,100.00,,
63.835815347,1810873383,,instructions,100148735,100.00,4.82,insn per cycle
63.835815347,375509218,,cycles,100148815,100.00,,
63.936026633,99868,,rD044,100164825,100.00,,
63.936026633,1870787,,rFF44,100164725,100.00,,
63.936026633,1798376645,,instructions,100164184,100.00,4.79,insn per cycle
63.936026633,375564468,,cycles,100164194,100.00,,
64.036237719,108356,,rD044,100166394,100.00,,
64.036237719,1797824,,rFF44,100166694,100.00,,
64.036237719,1803869875,,instructions,100166924,100.00,4.80,insn per cycle
64.036237719,375579431,,cycles,100167654,100.00,,
64.136451955,102765,,rD044,100158095,100.00,,
64.136451955,1817351,,rFF44,100158425,100.00,,
64.136451955,1792246940,,instructions,100158365,100.00,4.77,insn per cycle
64.136451955,375531994,,cycles,100157785,100.00,,
64.236665412,106004,,rD044,100168725,100.00,,
64.236665412,1771743,,rFF44,100168345,100.00,,
64.236665412,1786232290,,instructions,100169585,100.00,4.76,insn per cycle
64.236665412,375587228,,cycles,100169415,100.00,,
64.336900418,108585,,rD044,100068143,100.00,,
64.336900418,1782496,,rFF44,100067963,100.00,,
64.336900418,1774368610,,instructions,100066243,100.00,4.73,insn per cycle
64.336900418,375177225,,cycles,100066033,100.00,,
64.437126944,98291,,rD044,100180143,100.00,,
64.437126944,1782091,,rFF44,100180164,100.00,,
64.437126944,1741860166,,instructions,100180704,100.00,4.64,insn per cycle
64.437126944,375629848,,cycles,100180644,100.00,,
64.537340381,113338,,rD044,100140784,100.00,,
64.537340381,1769570,,rFF44,100141143,100.00,,
64.537340381,1739327649,,instructions,100141233,100.00,4.63,insn per cycle
64.537340381,375466760,,cycles,100141703,100.00,,
64.637551567,98494,,rD044,100164935,100.00,,
64.637551567,1767240,,rFF44,100164755,100.00,,
64.637551567,1743050967,,instructions,100164965,100.00,4.64,insn per cycle
64.637551567,375569630,,cycles,100165015,100.00,,
64.737775893,106273,,rD044,100177994,100.00,,
64.737775893,1762616,,rFF44,100178204,100.00,,
64.737775893,1738368346,,instructions,100178274,100.00,4.63,insn per cycle
64.737775893,375619757,,cycles,100178354,100.00,,
64.837971149,103817,,rD044,100143055,100.00,,
64.837971149,1786554,,rFF44,100143375,100.00,,
64.837971149,1727766981,,instructions,100143745,100.00,4.60,insn per cycle
64.837971149,375492838,,cycles,100144395,100.00,,
64.938184345,101893,,rD044,100164075,100.00,,
64.938184345,1772205,,rFF44,100164235,100.00,,
64.938184345,1748420156,,instructions,100163675,100.00,4.66,insn per cycle
64.938184345,375558711,,cycles,100164015,100.00,,
65.038398951,107640,,rD044,100165964,100.00,,
65.038398951,1772863,,rFF44,100166034,100.00,,
65.038398951,1744569028,,instructions,100165584,100.00,4.65,insn per cycle
65.038398951,375560785,,cycles,100164154,100.00,,
65.138611368,98302,,rD044,100156505,100.00,,
65.138611368,1788195,,rFF44,100156235,100.00,,
65.138611368,1748920074,,instructions,100156465,100.00,4.66,insn per cycle
65.138611368,375528771,,cycles,100156765,100.00,,
65.238823244,114246,,rD044,100165355,100.00,,
65.238823244,1798421,,rFF44,100164855,100.00,,
65.238823244,1797010892,,instructions,100164345,100.00,4.78,insn per cycle
65.238823244,375569449,,cycles,100164615,100.00,,
65.339034120,101393,,rD044,100039655,100.00,,
65.339034120,1836796,,rFF44,100039315,100.00,,
65.339034120,1800799565,,instructions,100039835,100.00,4.80,insn per cycle
65.339034120,375079056,,cycles,100039805,100.00,,
65.439246026,108260,,rD044,100166625,100.00,,
65.439246026,1801500,,rFF44,100166805,100.00,,
65.439246026,1786315720,,instructions,100166615,100.00,4.76,insn per cycle
65.439246026,375578484,,cycles,100166175,100.00,,
65.539457402,75105,,rD044,100140084,100.00,,
65.539457402,1809059,,rFF44,100140294,100.00,,
65.539457402,1800374341,,instructions,100140084,100.00,4.80,insn per cycle
65.539457402,375461155,,cycles,100140194,100.00,,
65.639668638,103607,,rD044,100164295,100.00,,
65.639668638,1815112,,rFF44,100164275,100.00,,
65.639668638,1799189729,,instructions,100164765,100.00,4.79,insn per cycle
65.639668638,375566766,,cycles,100164195,100.00,,
65.739899785,112070,,rD044,100166505,100.00,,
65.739899785,1807912,,rFF44,100166185,100.00,,
65.739899785,1789882464,,instructions,100166795,100.00,4.77,insn per cycle
65.739899785,375555623,,cycles,100167105,100.00,,
65.840093661,98624,,rD044,100149475,100.00,,
65.840093661,1823793,,rFF44,100149745,100.00,,
65.840093661,1794877131,,instructions,100148635,100.00,4.78,insn per cycle
65.840093661,375520609,,cycles,100148885,100.00,,
65.940305007,108399,,rD044,100162935,100.00,,
65.940305007,1787865,,rFF44,100163175,100.00,,
65.940305007,1759561780,,instructions,100163525,100.00,4.69,insn per cycle
65.940305007,375560040,,cycles,100163475,100.00,,
66.040515103,99159,,rD044,100159194,100.00,,
66.040515103,1814615,,rFF44,100159074,100.00,,
66.040515103,1760848823,,instructions,100159914,100.00,4.69,insn per cycle
66.040515103,375546977,,cycles,100160844,100.00,,
66.140728149,109257,,rD044,100156155,100.00,,
66.140728149,1800041,,rFF44,100155845,100.00,,
66.140728149,1778710930,,instructions,100155295,100.00,4.74,insn per cycle
66.140728149,375520825,,cycles,100154315,100.00,,
66.240954506,104801,,rD044,100182535,100.00,,
66.240954506,1839891,,rFF44,100182855,100.00,,
66.240954506,1786096852,,instructions,100182005,100.00,4.75,insn per cycle
66.240954506,375633256,,cycles,100182205,100.00,,
66.341197062,100017,,rD044,100196885,100.00,,
66.341197062,1775759,,rFF44,100196685,100.00,,
66.341197062,1758024517,,instructions,100197195,100.00,4.68,insn per cycle
66.341197062,375689459,,cycles,100197195,100.00,,
66.441409298,112210,,rD044,100046025,100.00,,
66.441409298,1788122,,rFF44,100046745,100.00,,
66.441409298,1756212917,,instructions,100046965,100.00,4.68,insn per cycle
66.441409298,375112240,,cycles,100046905,100.00,,
66.541621754,98758,,rD044,100133164,100.00,,
66.541621754,1790737,,rFF44,100132824,100.00,,
66.541621754,1747100603,,instructions,100132404,100.00,4.65,insn per cycle
66.541621754,375426669,,cycles,100132174,100.00,,
66.641832631,107557,,rD044,100165004,100.00,,
66.641832631,1737196,,rFF44,100164394,100.00,,
66.641832631,1757997425,,instructions,100164574,100.00,4.68,insn per cycle
66.641832631,375570002,,cycles,100164544,100.00,,
66.742043467,99306,,rD044,100165635,100.00,,
66.742043467,1826081,,rFF44,100166375,100.00,,
66.742043467,1767556534,,instructions,100166135,100.00,4.71,insn per cycle
66.742043467,375574726,,cycles,100166505,100.00,,
66.842238083,107157,,rD044,100149205,100.00,,
66.842238083,1753626,,rFF44,100148465,100.00,,
66.842238083,1734005861,,instructions,100148485,100.00,4.62,insn per cycle
66.842238083,375504527,,cycles,100147835,100.00,,
66.942447989,106246,,rD044,100166345,100.00,,
66.942447989,1793685,,rFF44,100167035,100.00,,
66.942447989,1757638823,,instructions,100167465,100.00,4.68,insn per cycle
66.942447989,375579067,,cycles,100168375,100.00,,
67.042662415,98659,,rD044,100166315,100.00,,
67.042662415,1772056,,rFF44,100165865,100.00,,
67.042662415,1739744272,,instructions,100165595,100.00,4.63,insn per cycle
67.042662415,375570053,,cycles,100165605,100.00,,
67.142875041,112845,,rD044,100153893,100.00,,
67.142875041,1777977,,rFF44,100154103,100.00,,
67.142875041,1752369351,,instructions,100153703,100.00,4.67,insn per cycle
67.142875041,375505983,,cycles,100153193,100.00,,
67.243084207,99214,,rD044,100165025,100.00,,
67.243084207,1801936,,rFF44,100164995,100.00,,
67.243084207,1753122978,,instructions,100165245,100.00,4.67,insn per cycle
67.243084207,375578400,,cycles,100165915,100.00,,
67.343295584,76552,,rD044,100043774,100.00,,
67.343295584,1734204,,rFF44,100044204,100.00,,
67.343295584,1748579271,,instructions,100044934,100.00,4.66,insn per cycle
67.343295584,375095801,,cycles,100044054,100.00,,
67.443507880,100798,,rD044,100171305,100.00,,
67.443507880,1790937,,rFF44,100170715,100.00,,
67.443507880,1741975886,,instructions,100171165,100.00,4.64,insn per cycle
67.443507880,375606183,,cycles,100171865,100.00,,
67.543720766,104417,,rD044,100138915,100.00,,
67.543720766,1749958,,rFF44,100139285,100.00,,
67.543720766,1732535076,,instructions,100138455,100.00,4.61,insn per cycle
67.543720766,375457302,,cycles,100138745,100.00,,
67.643949032,107765,,rD044,100173934,100.00,,
67.643949032,1779428,,rFF44,100173894,100.00,,
67.643949032,1744053373,,instructions,100174104,100.00,4.64,insn per cycle
67.643949032,375600434,,cycles,100173295,100.00,,
67.744159798,97676,,rD044,100164345,100.00,,
67.744159798,1775361,,rFF44,100164175,100.00,,
67.744159798,1733337236,,instructions,100163275,100.00,4.62,insn per cycle
67.744159798,375564241,,cycles,100163464,100.00,,
67.844353684,112869,,rD044,100147445,100.00,,
67.844353684,1624644,,rFF44,100147465,100.00,,
67.844353684,1756945737,,instructions,100148075,100.00,4.68,insn per cycle
67.844353684,375494643,,cycles,100147935,100.00,,
67.944571511,2171820,,rD044,100169935,100.00,,
67.944571511,29411964,,rFF44,100169685,100.00,,
67.944571511,1655017988,,instructions,100170525,100.00,4.41,insn per cycle
67.944571511,375588754,,cycles,100170305,100.00,,
68.044780227,2543648,,rD044,100150174,100.00,,
68.044780227,32781208,,rFF44,100151184,100.00,,
68.044780227,1713016106,,instructions,100150054,100.00,4.56,insn per cycle
68.044780227,375504844,,cycles,100150764,100.00,,
68.144997443,1505190,,rD044,100142904,100.00,,
68.144997443,28313046,,rFF44,100141954,100.00,,
68.144997443,1670993010,,instructions,100142404,100.00,4.45,insn per cycle
68.144997443,375449086,,cycles,100142164,100.00,,
68.245243740,1841753,,rD044,100186435,100.00,,
68.245243740,29277967,,rFF44,100185975,100.00,,
68.245243740,1650391408,,instructions,100185775,100.00,4.39,insn per cycle
68.245243740,375631142,,cycles,100184655,100.00,,
68.345452386,95499,,rD044,100029324,100.00,,
68.345452386,8440830,,rFF44,100029684,100.00,,
68.345452386,694974554,,instructions,100029934,100.00,1.85,insn per cycle
68.345452386,375040846,,cycles,100030544,100.00,,
68.445661602,15904,,rD044,100164134,100.00,,
68.445661602,6797215,,rFF44,100164054,100.00,,
68.445661602,633605575,,instructions,100163594,100.00,1.69,insn per cycle
68.445661602,375560949,,cycles,100163154,100.00,,
68.545868628,571037,,rD044,100117325,100.00,,
68.545868628,16423998,,rFF44,100117175,100.00,,
68.545868628,1041303122,,instructions,100117155,100.00,2.77,insn per cycle
68.545868628,375363686,,cycles,100117875,100.00,,
68.646078724,111562,,rD044,100155965,100.00,,
68.646078724,8394278,,rFF44,100156445,100.00,,
68.646078724,688367425,,instructions,100156895,100.00,1.83,insn per cycle
68.646078724,375525205,,cycles,100156275,100.00,,
68.746291820,78833,,rD044,100162694,100.00,,
68.746291820,8268026,,rFF44,100162764,100.00,,
68.746291820,681051509,,instructions,100162504,100.00,1.81,insn per cycle
68.746291820,375555231,,cycles,100162394,100.00,,
68.846486176,34953,,rD044,100142625,100.00,,
68.846486176,7341964,,rFF44,100142195,100.00,,
68.846486176,642621188,,instructions,100142185,100.00,1.71,insn per cycle
68.846486176,375479963,,cycles,100142015,100.00,,
68.946698152,99807,,rD044,100165025,100.00,,
68.946698152,7673884,,rFF44,100165635,100.00,,
68.946698152,657879848,,instructions,100166215,100.00,1.75,insn per cycle
68.946698152,375575924,,cycles,100167475,100.00,,
69.046923969,264190,,rD044,100168445,100.00,,
69.046923969,10466600,,rFF44,100168195,100.00,,
69.046923969,764380720,,instructions,100167745,100.00,2.04,insn per cycle
69.046923969,375565678,,cycles,100166995,100.00,,
69.147137295,26986,,rD044,100160984,100.00,,
69.147137295,6876011,,rFF44,100160944,100.00,,
69.147137295,615899918,,instructions,100160814,100.00,1.64,insn per cycle
69.147137295,375544695,,cycles,100160874,100.00,,
69.247351211,42613,,rD044,100153963,100.00,,
69.247351211,7324630,,rFF44,100154023,100.00,,
69.247351211,655141756,,instructions,100154073,100.00,1.74,insn per cycle
69.247351211,375522035,,cycles,100155033,100.00,,
69.347564817,81652,,rD044,100039274,100.00,,
69.347564817,8314938,,rFF44,100038844,100.00,,
69.347564817,681210468,,instructions,100039744,100.00,1.82,insn per cycle
69.347564817,375072519,,cycles,100038384,100.00,,
69.447774253,60461,,rD044,100162345,100.00,,
69.447774253,7732465,,rFF44,100162245,100.00,,
69.447774253,653056721,,instructions,100160875,100.00,1.74,insn per cycle
69.447774253,375554212,,cycles,100161345,100.00,,
69.547979189,978396,,rD044,100128965,100.00,,
69.547979189,17037265,,rFF44,100129205,100.00,,
69.547979189,967432748,,instructions,100129825,100.00,2.58,insn per cycle
69.547979189,375421811,,cycles,100130395,100.00,,
69.648193236,433344,,rD044,100156295,100.00,,
69.648193236,12576040,,rFF44,100156925,100.00,,
69.648193236,901010705,,instructions,100156845,100.00,2.40,insn per cycle
69.648193236,375521320,,cycles,100156075,100.00,,
69.748406732,1531756,,rD044,100139854,100.00,,
69.748406732,29104184,,rFF44,100138934,100.00,,
69.748406732,1515102062,,instructions,100139824,100.00,4.04,insn per cycle
69.748406732,375440490,,cycles,100139714,100.00,,
69.848602448,52395,,rD044,100144565,100.00,,
69.848602448,7870771,,rFF44,100145365,100.00,,
69.848602448,660617785,,instructions,100144205,100.00,1.76,insn per cycle
69.848602448,375486773,,cycles,100143775,100.00,,
69.948804334,48907,,rD044,100153044,100.00,,
69.948804334,7170442,,rFF44,100152864,100.00,,
69.948804334,624386317,,instructions,100153384,100.00,1.66,insn per cycle
69.948804334,375524183,,cycles,100153674,100.00,,
70.049007630,15721,,rD044,100152555,100.00,,
70.049007630,6102192,,rFF44,100152435,100.00,,
70.049007630,573922231,,instructions,100151985,100.00,1.53,insn per cycle
70.049007630,375514595,,cycles,100152335,100.00,,
70.149248586,12916,,rD044,100186445,100.00,,
70.149248586,6824070,,rFF44,100185845,100.00,,
70.149248586,624585435,,instructions,100185475,100.00,1.66,insn per cycle
70.149248586,375637293,,cycles,100185095,100.00,,
70.249451523,224806,,rD044,100146103,100.00,,
70.249451523,10425818,,rFF44,100145473,100.00,,
70.249451523,774506278,,instructions,100145593,100.00,2.06,insn per cycle
70.249451523,375482114,,cycles,100145393,100.00,,
70.349684359,20942,,rD044,100052664,100.00,,
70.349684359,6115875,,rFF44,100052384,100.00,,
70.349684359,578661085,,instructions,100052394,100.00,1.54,insn per cycle
70.349684359,375128425,,cycles,100052654,100.00,,
70.449903895,109817,,rD044,100165855,100.00,,
70.449903895,8817571,,rFF44,100167535,100.00,,
70.449903895,690918468,,instructions,100168935,100.00,1.84,insn per cycle
70.449903895,375594052,,cycles,100169185,100.00,,
70.550140932,60432,,rD044,100147664,100.00,,
70.550140932,7589544,,rFF44,100141484,100.00,,
70.550140932,664576614,,instructions,100145484,100.00,1.77,insn per cycle
70.550140932,375452078,,cycles,100146314,100.00,,
70.650360598,60268,,rD044,100166354,100.00,,
70.650360598,7221561,,rFF44,100172074,100.00,,
70.650360598,654428647,,instructions,100167214,100.00,1.74,insn per cycle
70.650360598,375570263,,cycles,100166274,100.00,,
70.750572584,1087904,,rD044,100159555,100.00,,
70.750572584,21253670,,rFF44,100159625,100.00,,
70.750572584,1141406911,,instructions,100159675,100.00,3.04,insn per cycle
70.750572584,375551721,,cycles,100160335,100.00,,
70.850767260,383995,,rD044,100146054,100.00,,
70.850767260,12254034,,rFF44,100145884,100.00,,
70.850767260,838542109,,instructions,100145844,100.00,2.23,insn per cycle
70.850767260,375493971,,cycles,100145334,100.00,,
70.950979526,161457,,rD044,100147515,100.00,,
70.950979526,8495658,,rFF44,100147165,100.00,,
70.950979526,669421829,,instructions,100146625,100.00,1.78,insn per cycle
70.950979526,375488789,,cycles,100147095,100.00,,
71.051182742,269443,,rD044,100152485,100.00,,
71.051182742,11820507,,rFF44,100152895,100.00,,
71.051182742,846573706,,instructions,100152825,100.00,2.25,insn per cycle
71.051182742,375522497,,cycles,100152725,100.00,,
71.151393448,31729,,rD044,100158415,100.00,,
71.151393448,7025425,,rFF44,100158195,100.00,,
71.151393448,624583847,,instructions,100158615,100.00,1.66,insn per cycle
71.151393448,375541633,,cycles,100158325,100.00,,
71.251603644,174763,,rD044,100135645,100.00,,
71.251603644,9229870,,rFF44,100135755,100.00,,
71.251603644,715922618,,instructions,100136035,100.00,1.91,insn per cycle
71.251603644,375426818,,cycles,100136465,100.00,,
71.351815321,10757,,rD044,100023703,100.00,,
71.351815321,6824592,,rFF44,100023633,100.00,,
71.351815321,607993354,,instructions,100023553,100.00,1.62,insn per cycle
71.351815321,375026983,,cycles,100023323,100.00,,
71.452024337,113676,,rD044,100158075,100.00,,
71.452024337,7965778,,rFF44,100158065,100.00,,
71.452024337,639608244,,instructions,100157175,100.00,1.70,insn per cycle
71.452024337,375531228,,cycles,100156825,100.00,,
71.552221963,18356,,rD044,100118305,100.00,,
71.552221963,7137163,,rFF44,100118695,100.00,,
71.552221963,625219745,,instructions,100119005,100.00,1.67,insn per cycle
71.552221963,375389565,,cycles,100120375,100.00,,
71.652427179,136431,,rD044,100151645,100.00,,
71.652427179,9298017,,rFF44,100151265,100.00,,
71.652427179,719165505,,instructions,100151675,100.00,1.92,insn per cycle
71.652427179,375510968,,cycles,100150895,100.00,,
71.752638645,91651,,rD044,100156083,100.00,,
71.752638645,9301400,,rFF44,100155913,100.00,,
71.752638645,708333176,,instructions,100156543,100.00,1.89,insn per cycle
71.752638645,375529573,,cycles,100156274,100.00,,
71.852831251,18308,,rD044,100140824,100.00,,
71.852831251,6113303,,rFF44,100141814,100.00,,
71.852831251,550048832,,instructions,100141084,100.00,1.46,insn per cycle
71.852831251,375479189,,cycles,100141033,100.00,,
71.953040627,33439,,rD044,100159295,100.00,,
71.953040627,7408107,,rFF44,100158785,100.00,,
71.953040627,622075687,,instructions,100158825,100.00,1.66,insn per cycle
71.953040627,375548602,,cycles,100159405,100.00,,
72.053276224,1756,,rD044,100182565,100.00,,
72.053276224,6033427,,rFF44,100182795,100.00,,
72.053276224,538627495,,instructions,100182685,100.00,1.43,insn per cycle
72.053276224,375632396,,cycles,100181765,100.00,,
72.153488850,11137,,rD044,100159564,100.00,,
72.153488850,6262070,,rFF44,100158944,100.00,,
72.153488850,585598613,,instructions,100159124,100.00,1.56,insn per cycle
72.153488850,375542228,,cycles,100159734,100.00,,
72.253699166,260000,,rD044,100141534,100.00,,
72.253699166,11667904,,rFF44,100141634,100.00,,
72.253699166,786316469,,instructions,100141605,100.00,2.09,insn per cycle
72.253699166,375453519,,cycles,100141305,100.00,,
72.353949382,19685,,rD044,100086574,100.00,,
72.353949382,6497020,,rFF44,100086914,100.00,,
72.353949382,582806087,,instructions,100087454,100.00,1.55,insn per cycle
72.353949382,375269661,,cycles,100087234,100.00,,
72.454161189,7302,,rD044,100162194,100.00,,
72.454161189,6223518,,rFF44,100162264,100.00,,
72.454161189,573890473,,instructions,100161803,100.00,1.53,insn per cycle
72.454161189,375557456,,cycles,100161983,100.00,,
72.554356165,122482,,rD044,100121725,100.00,,
72.554356165,10968447,,rFF44,100121325,100.00,,
72.554356165,767068379,,instructions,100121005,100.00,2.04,insn per cycle
72.554356165,375390059,,cycles,100120975,100.00,,
72.654566971,45545,,rD044,100151745,100.00,,
72.654566971,6522809,,rFF44,100152285,100.00,,
72.654566971,596603539,,instructions,100152335,100.00,1.59,insn per cycle
72.654566971,375513639,,cycles,100152155,100.00,,
72.754778937,88310,,rD044,100156514,100.00,,
72.754778937,8342271,,rFF44,100156184,100.00,,
72.754778937,683744182,,instructions,100156564,100.00,1.82,insn per cycle
72.754778937,375527392,,cycles,100156634,100.00,,
72.854971093,34769,,rD044,100140524,100.00,,
72.854971093,8049264,,rFF44,100140104,100.00,,
72.854971093,680671384,,instructions,100139434,100.00,1.81,insn per cycle
72.854971093,375473341,,cycles,100139314,100.00,,
72.955179689,7238,,rD044,98972069,100.00,,
72.955179689,6069049,,rFF44,98972239,100.00,,
72.955179689,573779460,,instructions,98972809,100.00,1.55,insn per cycle
72.955179689,371080344,,cycles,98973339,100.00,,
73.055386475,24615,,rD044,100156155,100.00,,
73.055386475,7042591,,rFF44,100156555,100.00,,
73.055386475,574681198,,instructions,100156745,100.00,1.53,insn per cycle
73.055386475,375541206,,cycles,100157815,100.00,,
73.155599711,358842,,rD044,100160215,100.00,,
73.155599711,11948350,,rFF44,100160125,100.00,,
73.155599711,854939666,,instructions,100160115,100.00,2.28,insn per cycle
73.155599711,375538987,,cycles,100158705,100.00,,
73.255812838,672100,,rD044,100152513,100.00,,
73.255812838,26715921,,rFF44,100152604,100.00,,
73.255812838,1576501164,,instructions,100152144,100.00,4.20,insn per cycle
73.255812838,375510799,,cycles,100152204,100.00,,
73.356026554,976152,,rD044,100020564,100.00,,
73.356026554,27243919,,rFF44,100019923,100.00,,
73.356026554,1585055273,,instructions,100020043,100.00,4.23,insn per cycle
73.356026554,374991095,,cycles,100020533,100.00,,
73.456245320,2091002,,rD044,100158845,100.00,,
73.456245320,29475004,,rFF44,100159875,100.00,,
73.456245320,1702217956,,instructions,100159775,100.00,4.53,insn per cycle
73.456245320,375541232,,cycles,100160295,100.00,,
73.556442086,831246,,rD044,100111774,100.00,,
73.556442086,17723414,,rFF44,100111134,100.00,,
73.556442086,1136383834,,instructions,100111194,100.00,3.03,insn per cycle
73.556442086,375345034,,cycles,100110194,100.00,,
73.656653082,98572,,rD044,100157744,100.00,,
73.656653082,8940782,,rFF44,100157784,100.00,,
73.656653082,707022305,,instructions,100157794,100.00,1.88,insn per cycle
73.656653082,375536787,,cycles,100157824,100.00,,
73.756865518,38433,,rD044,100145724,100.00,,
73.756865518,7001999,,rFF44,100145685,100.00,,
73.756865518,629232799,,instructions,100146325,100.00,1.68,insn per cycle
73.756865518,375482408,,cycles,100146185,100.00,,
73.857067704,477117,,rD044,100150345,100.00,,
73.857067704,14768542,,rFF44,100149664,100.00,,
73.857067704,936036621,,instructions,100149684,100.00,2.49,insn per cycle
73.857067704,375504292,,cycles,100147984,100.00,,
73.957304901,22912,,rD044,100176025,100.00,,
73.957304901,7226735,,rFF44,100176485,100.00,,
73.957304901,617059417,,instructions,100176595,100.00,1.64,insn per cycle
73.957304901,375610486,,cycles,100179135,100.00,,
74.057500707,12193,,rD044,100142745,100.00,,
74.057500707,6175295,,rFF44,100142965,100.00,,
74.057500707,557957136,,instructions,100142325,100.00,1.49,insn per cycle
74.057500707,375482171,,cycles,100141885,100.00,,
74.157712243,28504,,rD044,100160195,100.00,,
74.157712243,7039383,,rFF44,100160175,100.00,,
74.157712243,599277147,,instructions,100160105,100.00,1.60,insn per cycle
74.157712243,375548733,,cycles,100159585,100.00,,
74.257956359,20814,,rD044,100179824,100.00,,
74.257956359,7582463,,rFF44,100174204,100.00,,
74.257956359,652894551,,instructions,100169574,100.00,1.74,insn per cycle
74.257956359,375582679,,cycles,100174064,100.00,,
74.358162116,36891,,rD044,100027032,100.00,,
74.358162116,7276794,,rFF44,100033212,100.00,,
74.358162116,598331289,,instructions,100037432,100.00,1.60,insn per cycle
74.358162116,375055718,,cycles,100033282,100.00,,
74.458371052,17626,,rD044,100159075,100.00,,
74.458371052,5658459,,rFF44,100159085,100.00,,
74.458371052,538440704,,instructions,100159665,100.00,1.43,insn per cycle
74.458371052,375546760,,cycles,100158935,100.00,,
74.558564878,48841,,rD044,100120304,100.00,,
74.558564878,7352948,,rFF44,100120004,100.00,,
74.558564878,631319778,,instructions,100119674,100.00,1.68,insn per cycle
74.558564878,375392979,,cycles,100120464,100.00,,
74.658773744,80324,,rD044,100149985,100.00,,
74.658773744,8084634,,rFF44,100149815,100.00,,
74.658773744,670510183,,instructions,100149985,100.00,1.79,insn per cycle
74.658773744,375502483,,cycles,100149995,100.00,,
74.758986130,123198,,rD044,100152005,100.00,,
74.758986130,9752950,,rFF44,100152315,100.00,,
74.758986130,776640127,,instructions,100152375,100.00,2.07,insn per cycle
74.758986130,375512084,,cycles,100153035,100.00,,
74.859196306,1043862,,rD044,100150953,100.00,,
74.859196306,26772520,,rFF44,100150793,100.00,,
74.859196306,1569858873,,instructions,100150803,100.00,4.18,insn per cycle
74.859196306,375502565,,cycles,100149753,100.00,,
74.959409142,459171,,rD044,100153385,100.00,,
74.959409142,15907317,,rFF44,100153105,100.00,,
74.959409142,1000390059,,instructions,100153365,100.00,2.66,insn per cycle
74.959409142,375517467,,cycles,100153955,100.00,,
75.059619228,21226,,rD044,100161605,100.00,,
75.059619228,6959277,,rFF44,100161865,100.00,,
75.059619228,617099751,,instructions,100162085,100.00,1.64,insn per cycle
75.059619228,375556898,,cycles,100161745,100.00,,
75.159829905,30505,,rD044,100158285,100.00,,
75.159829905,6578501,,rFF44,100158425,100.00,,
75.159829905,593570601,,instructions,100157345,100.00,1.58,insn per cycle
75.159829905,375535149,,cycles,100157635,100.00,,
75.260042441,185720,,rD044,100160805,100.00,,
75.260042441,9884134,,rFF44,100161005,100.00,,
75.260042441,732256754,,instructions,100161445,100.00,1.95,insn per cycle
75.260042441,375550614,,cycles,100160855,100.00,,
75.360252697,7241,,rD044,100035093,100.00,,
75.360252697,7000638,,rFF44,100034503,100.00,,
75.360252697,585733710,,instructions,100034613,100.00,1.56,insn per cycle
75.360252697,375059074,,cycles,100035073,100.00,,
75.460457463,8588,,rD044,100153394,100.00,,
75.460457463,5903889,,rFF44,100153574,100.00,,
75.460457463,553702415,,instructions,100153494,100.00,1.47,insn per cycle
75.460457463,375526927,,cycles,100153464,100.00,,
75.560667299,156770,,rD044,100140194,100.00,,
75.560667299,10625974,,rFF44,100140324,100.00,,
75.560667299,753996651,,instructions,100139894,100.00,2.01,insn per cycle
75.560667299,375462807,,cycles,100139734,100.00,,
75.660896975,7398,,rD044,100178955,100.00,,
75.660896975,5891766,,rFF44,100179375,100.00,,
75.660896975,560794440,,instructions,100179955,100.00,1.49,insn per cycle
75.660896975,375626879,,cycles,100180165,100.00,,
75.761109462,64888,,rD044,100159895,100.00,,
75.761109462,9122612,,rFF44,100159425,100.00,,
75.761109462,676558681,,instructions,100159885,100.00,1.80,insn per cycle
75.761109462,375543246,,cycles,100159755,100.00,,
75.861331678,3896,,rD044,100168384,100.00,,
75.861331678,5829052,,rFF44,100168104,100.00,,
75.861331678,560049185,,instructions,100167195,100.00,1.49,insn per cycle
75.861331678,375569620,,cycles,100166685,100.00,,
75.961540864,16181,,rD044,100157545,100.00,,
75.961540864,6609495,,rFF44,100157705,100.00,,
75.961540864,567984281,,instructions,100158874,100.00,1.51,insn per cycle
75.961540864,375542680,,cycles,100158594,100.00,,
76.061750720,14389,,rD044,100161445,100.00,,
76.061750720,6127325,,rFF44,100178985,100.00,,
76.061750720,541972527,,instructions,100178115,100.00,1.44,insn per cycle
76.061750720,375624086,,cycles,100179375,100.00,,
76.161977777,164705,,rD044,100176405,100.00,,
76.161977777,10203141,,rFF44,100159045,100.00,,
76.161977777,739035772,,instructions,100158445,100.00,1.97,insn per cycle
76.161977777,375542575,,cycles,100157995,100.00,,
76.262187343,34403,,rD044,100156795,100.00,,
76.262187343,7703734,,rFF44,100156625,100.00,,
76.262187343,667497355,,instructions,100157035,100.00,1.78,insn per cycle
76.262187343,375530320,,cycles,100157035,100.00,,
76.362410019,49834,,rD044,100036064,100.00,,
76.362410019,6769017,,rFF44,100036154,100.00,,
76.362410019,606182962,,instructions,100037274,100.00,1.62,insn per cycle
76.362410019,375067637,,cycles,100037534,100.00,,
76.462620545,76131,,rD044,100152942,100.00,,
76.462620545,7941564,,rFF44,100152762,100.00,,
76.462620545,646470979,,instructions,100151522,100.00,1.72,insn per cycle
76.462620545,375509678,,cycles,100150702,100.00,,
76.562829921,17300,,rD044,100139175,100.00,,
76.562829921,6577604,,rFF44,100138795,100.00,,
76.562829921,609556570,,instructions,100139125,100.00,1.62,insn per cycle
76.562829921,375462178,,cycles,100139055,100.00,,
76.663037697,271427,,rD044,100156964,100.00,,
76.663037697,13853763,,rFF44,100157384,100.00,,
76.663037697,871934709,,instructions,100158024,100.00,2.32,insn per cycle
76.663037697,375545370,,cycles,100158794,100.00,,
76.763249364,533066,,rD044,100155455,100.00,,
76.763249364,20312110,,rFF44,100155525,100.00,,
76.763249364,1120792807,,instructions,100154815,100.00,2.98,insn per cycle
76.763249364,375518344,,cycles,100154475,100.00,,
76.863460300,24078,,rD044,100154235,100.00,,
76.863460300,6569966,,rFF44,100154325,100.00,,
76.863460300,583152328,,instructions,100154515,100.00,1.55,insn per cycle
76.863460300,375526277,,cycles,100155665,100.00,,
76.963674776,16526,,rD044,100159964,100.00,,
76.963674776,6392747,,rFF44,100159914,100.00,,
76.963674776,569698348,,instructions,100159834,100.00,1.52,insn per cycle
76.963674776,375544645,,cycles,100158854,100.00,,
77.063896192,14713,,rD044,100172765,100.00,,
77.063896192,6085885,,rFF44,100172595,100.00,,
77.063896192,582380527,,instructions,100172225,100.00,1.55,insn per cycle
77.063896192,375596864,,cycles,100171845,100.00,,
77.164104658,80677,,rD044,100152714,100.00,,
77.164104658,8585492,,rFF44,100151794,100.00,,
77.164104658,653456050,,instructions,100152264,100.00,1.74,insn per cycle
77.164104658,375516714,,cycles,100153354,100.00,,
77.264314894,41677,,rD044,100158295,100.00,,
77.264314894,7104475,,rFF44,100159795,100.00,,
77.264314894,591098405,,instructions,100159325,100.00,1.57,insn per cycle
77.264314894,375543098,,cycles,100158725,100.00,,
77.364525061,43042,,rD044,100028415,100.00,,
77.364525061,6917630,,rFF44,100028055,100.00,,
77.364525061,596485894,,instructions,100028365,100.00,1.59,insn per cycle
77.364525061,375016512,,cycles,100028225,100.00,,
77.464736987,235942,,rD044,100159803,100.00,,
77.464736987,10604211,,rFF44,100159193,100.00,,
77.464736987,715657635,,instructions,100159293,100.00,1.91,insn per cycle
77.464736987,375594849,,cycles,100172174,100.00,,
77.564960713,92939,,rD044,100147795,100.00,,
77.564960713,10360141,,rFF44,100147965,100.00,,
77.564960713,715907309,,instructions,100148455,100.00,1.91,insn per cycle
77.564960713,375451293,,cycles,100136944,100.00,,
77.665172049,15649,,rD044,100162705,100.00,,
77.665172049,5914290,,rFF44,100162755,100.00,,
77.665172049,540991779,,instructions,100162555,100.00,1.44,insn per cycle
77.665172049,375554406,,cycles,100161345,100.00,,
77.765416346,66465,,rD044,100178454,100.00,,
77.765416346,7156163,,rFF44,100179094,100.00,,
77.765416346,606153469,,instructions,100179144,100.00,1.61,insn per cycle
77.765416346,375610608,,cycles,100180084,100.00,,
77.865630512,32468,,rD044,100161475,100.00,,
77.865630512,7286473,,rFF44,100161215,100.00,,
77.865630512,585568919,,instructions,100160865,100.00,1.56,insn per cycle
77.865630512,375546708,,cycles,100159845,100.00,,
77.965845708,1203,,rD044,100161005,100.00,,
77.965845708,5326152,,rFF44,100161175,100.00,,
77.965845708,506030744,,instructions,100161195,100.00,1.35,insn per cycle
77.965845708,375554430,,cycles,100161075,100.00,,
78.066042724,60041,,rD044,100142364,100.00,,
78.066042724,7837616,,rFF44,100141994,100.00,,
78.066042724,631533707,,instructions,100142594,100.00,1.68,insn per cycle
78.066042724,375481490,,cycles,100142894,100.00,,
78.166261600,48261,,rD044,100167415,100.00,,
78.166261600,7376467,,rFF44,100167605,100.00,,
78.166261600,597215458,,instructions,100166615,100.00,1.59,insn per cycle
78.166261600,375576594,,cycles,100166885,100.00,,
78.266472827,49378,,rD044,100157535,100.00,,
78.266472827,7257565,,rFF44,100157305,100.00,,
78.266472827,595409220,,instructions,100157075,100.00,1.59,insn per cycle
78.266472827,375532729,,cycles,100156365,100.00,,
78.366684043,16767,,rD044,100034763,100.00,,
78.366684043,6388457,,rFF44,100035463,100.00,,
78.366684043,584877219,,instructions,100035683,100.00,1.56,insn per cycle
78.366684043,375066319,,cycles,100035683,100.00,,
78.466931859,204258,,rD044,100184625,100.00,,
78.466931859,11090135,,rFF44,100184745,100.00,,
78.466931859,729012508,,instructions,100185245,100.00,1.94,insn per cycle
78.466931859,375633062,,cycles,100186255,100.00,,
78.567145905,104492,,rD044,100137755,100.00,,
78.567145905,9302470,,rFF44,100136885,100.00,,
78.567145905,661074175,,instructions,100137655,100.00,1.76,insn per cycle
78.567145905,375451955,,cycles,100136545,100.00,,
78.667355082,9474,,rD044,100157474,100.00,,
78.667355082,6824608,,rFF44,100157564,100.00,,
78.667355082,569509051,,instructions,100156374,100.00,1.52,insn per cycle
78.667355082,375539899,,cycles,100156854,100.00,,
78.767563668,5188,,rD044,100156615,100.00,,
78.767563668,5830438,,rFF44,100156475,100.00,,
78.767563668,529820360,,instructions,100156425,100.00,1.41,insn per cycle
78.767563668,375533996,,cycles,100156275,100.00,,
78.867789374,5626,,rD044,100172275,100.00,,
78.867789374,5439567,,rFF44,100172875,100.00,,
78.867789374,513647620,,instructions,100173575,100.00,1.37,insn per cycle
78.867789374,375596565,,cycles,100173335,100.00,,
78.967999180,77981,,rD044,100155564,100.00,,
78.967999180,11941883,,rFF44,100155854,100.00,,
78.967999180,818070954,,instructions,100155764,100.00,2.18,insn per cycle
78.967999180,375530321,,cycles,100156424,100.00,,
79.068211316,97894,,rD044,100156795,100.00,,
79.068211316,10373180,,rFF44,100155885,100.00,,
79.068211316,711031873,,instructions,100156305,100.00,1.89,insn per cycle
79.068211316,375525227,,cycles,100155715,100.00,,
79.168421913,1993,,rD044,100160574,100.00,,
79.168421913,5397861,,rFF44,100160925,100.00,,
79.168421913,502331953,,instructions,100160485,100.00,1.34,insn per cycle
79.168421913,375553892,,cycles,100160805,100.00,,
79.268634419,23285,,rD044,100162164,100.00,,
79.268634419,6545890,,rFF44,100162573,100.00,,
79.268634419,602649211,,instructions,100162513,100.00,1.60,insn per cycle
79.268634419,375561676,,cycles,100163223,100.00,,
79.368850165,20372,,rD044,100038594,100.00,,
79.368850165,7675195,,rFF44,100038674,100.00,,
79.368850165,636844152,,instructions,100038564,100.00,1.70,insn per cycle
79.368850165,375064450,,cycles,100037654,100.00,,
79.469063581,100080,,rD044,100144225,100.00,,
79.469063581,8354544,,rFF44,100143485,100.00,,
79.469063581,616130990,,instructions,100144295,100.00,1.64,insn per cycle
79.469063581,375462178,,cycles,100144195,100.00,,
79.569275337,10696,,rD044,100139634,100.00,,
79.569275337,6141567,,rFF44,100139584,100.00,,
79.569275337,558970526,,instructions,100138654,100.00,1.49,insn per cycle
79.569275337,375459981,,cycles,100138554,100.00,,
79.669517194,29079,,rD044,100192045,100.00,,
79.669517194,7149390,,rFF44,100191825,100.00,,
79.669517194,587239379,,instructions,100191905,100.00,1.56,insn per cycle
79.669517194,375658707,,cycles,100191655,100.00,,
79.769725710,3847,,rD044,100160344,100.00,,
79.769725710,6042586,,rFF44,100160864,100.00,,
79.769725710,536715014,,instructions,100161085,100.00,1.43,insn per cycle
79.769725710,375555959,,cycles,100161415,100.00,,
79.869946666,5128,,rD044,100168515,100.00,,
79.869946666,5985975,,rFF44,100168485,100.00,,
79.869946666,559180603,,instructions,100168474,100.00,1.49,insn per cycle
79.869946666,375575869,,cycles,100168274,100.00,,
79.970156492,223466,,rD044,100156435,100.00,,
79.970156492,11653001,,rFF44,100156725,100.00,,
79.970156492,797303738,,instructions,100156715,100.00,2.12,insn per cycle
79.970156492,375529842,,cycles,100156755,100.00,,
80.070368648,28769,,rD044,100156505,100.00,,
80.070368648,6809414,,rFF44,100156665,100.00,,
80.070368648,625941246,,instructions,100156855,100.00,1.67,insn per cycle
80.070368648,375537122,,cycles,100156725,100.00,,
80.170580695,24310,,rD044,100163155,100.00,,
80.170580695,6556186,,rFF44,100163065,100.00,,
80.170580695,582690475,,instructions,100163455,100.00,1.55,insn per cycle
80.170580695,375566447,,cycles,100164195,100.00,,
80.270792491,12826,,rD044,100157435,100.00,,
80.270792491,7010370,,rFF44,100156605,100.00,,
80.270792491,658325308,,instructions,100156985,100.00,1.75,insn per cycle
80.270792491,375538854,,cycles,100157085,100.00,,
80.371000307,852130,,rD044,100016564,100.00,,
80.371000307,24330883,,rFF44,100016954,100.00,,
80.371000307,1493330544,,instructions,100015854,100.00,3.98,insn per cycle
80.371000307,374979754,,cycles,100015174,100.00,,
80.471213993,819726,,rD044,100140265,100.00,,
80.471213993,25223081,,rFF44,100140775,100.00,,
80.471213993,1380506984,,instructions,100140465,100.00,3.68,insn per cycle
80.471213993,375443581,,cycles,100140835,100.00,,
80.571426589,1356446,,rD044,100130923,100.00,,
80.571426589,26175401,,rFF44,100130143,100.00,,
80.571426589,1347413633,,instructions,100130303,100.00,3.59,insn per cycle
80.571426589,375416887,,cycles,100129803,100.00,,
80.671636925,481680,,rD044,100160015,100.00,,
80.671636925,13081907,,rFF44,100160375,100.00,,
80.671636925,894461826,,instructions,100160555,100.00,2.38,insn per cycle
80.671636925,375554008,,cycles,100160995,100.00,,
80.771847152,97108,,rD044,100152945,100.00,,
80.771847152,9646396,,rFF44,100152585,100.00,,
80.771847152,748403782,,instructions,100152545,100.00,1.99,insn per cycle
80.771847152,375510956,,cycles,100153005,100.00,,
80.872050208,85577,,rD044,100151293,100.00,,
80.872050208,8314962,,rFF44,100151563,100.00,,
80.872050208,731483330,,instructions,100151293,100.00,1.95,insn per cycle
80.872050208,375511344,,cycles,100150723,100.00,,
80.972259544,62216,,rD044,100156775,100.00,,
80.972259544,8589631,,rFF44,100156705,100.00,,
80.972259544,737390296,,instructions,100156635,100.00,1.96,insn per cycle
80.972259544,375531789,,cycles,100156545,100.00,,
81.072468410,119031,,rD044,100157304,100.00,,
81.072468410,8243717,,rFF44,100157044,100.00,,
81.072468410,704441533,,instructions,100157034,100.00,1.88,insn per cycle
81.072468410,375539877,,cycles,100157544,100.00,,
81.172676906,67598,,rD044,100158115,100.00,,
81.172676906,8430522,,rFF44,100158155,100.00,,
81.172676906,732117448,,instructions,100158195,100.00,1.95,insn per cycle
81.172676906,375541401,,cycles,100157485,100.00,,
81.272903012,33024,,rD044,100175755,100.00,,
81.272903012,8728216,,rFF44,100175605,100.00,,
81.272903012,736817444,,instructions,100175815,100.00,1.96,insn per cycle
81.272903012,375610885,,cycles,100175965,100.00,,
81.373114029,179922,,rD044,100024734,100.00,,
81.373114029,10783852,,rFF44,100025044,100.00,,
81.373114029,852548165,,instructions,100025304,100.00,2.27,insn per cycle
81.373114029,375026298,,cycles,100025424,100.00,,
81.473339005,36913,,rD044,100159635,100.00,,
81.473339005,7271457,,rFF44,100159855,100.00,,
81.473339005,665266724,,instructions,100160245,100.00,1.77,insn per cycle
81.473339005,375531973,,cycles,100160805,100.00,,
81.573550541,142010,,rD044,100134314,100.00,,
81.573550541,9468742,,rFF44,100134264,100.00,,
81.573550541,759295996,,instructions,100133544,100.00,2.02,insn per cycle
81.573550541,375442408,,cycles,100133724,100.00,,
81.673777527,38367,,rD044,100174675,100.00,,
81.673777527,7679515,,rFF44,100174805,100.00,,
81.673777527,682261401,,instructions,100175315,100.00,1.82,insn per cycle
81.673777527,375605768,,cycles,100174685,100.00,,
81.773990154,217524,,rD044,100149095,100.00,,
81.773990154,10670397,,rFF44,100148945,100.00,,
81.773990154,800958554,,instructions,100148705,100.00,2.13,insn per cycle
81.773990154,375497673,,cycles,100148865,100.00,,
81.874195460,100081,,rD044,100150184,100.00,,
81.874195460,8958999,,rFF44,100150044,100.00,,
81.874195460,731165562,,instructions,100149535,100.00,1.95,insn per cycle
81.874195460,375506890,,cycles,100149255,100.00,,
81.974409196,85428,,rD044,100154145,100.00,,
81.974409196,9305761,,rFF44,100154095,100.00,,
81.974409196,740620083,,instructions,100154434,100.00,1.97,insn per cycle
81.974409196,375521018,,cycles,100154794,100.00,,
82.074601752,89492,,rD044,100133224,100.00,,
82.074601752,8856302,,rFF44,100133644,100.00,,
82.074601752,685962906,,instructions,100134234,100.00,1.83,insn per cycle
82.074601752,375444224,,cycles,100134074,100.00,,
82.174811638,15610,,rD044,100159725,100.00,,
82.174811638,6566404,,rFF44,100159075,100.00,,
82.174811638,612448563,,instructions,100158905,100.00,1.63,insn per cycle
82.174811638,375551652,,cycles,100160245,100.00,,
82.275021604,117678,,rD044,100158705,100.00,,
82.275021604,9263036,,rFF44,100158435,100.00,,
82.275021604,694806544,,instructions,100158505,100.00,1.85,insn per cycle
82.275021604,375539086,,cycles,100157045,100.00,,
82.375229960,6661,,rD044,100027591,100.00,,
82.375229960,6398498,,rFF44,100027921,100.00,,
82.375229960,597815148,,instructions,100027291,100.00,1.59,insn per cycle
82.375229960,375043107,,cycles,100028061,100.00,,
82.475441936,12912,,rD044,100132355,100.00,,
82.475441936,6780120,,rFF44,100132225,100.00,,
82.475441936,630169898,,instructions,100132915,100.00,1.68,insn per cycle
82.475441936,375428324,,cycles,100132095,100.00,,
82.575654452,128005,,rD044,100145485,100.00,,
82.575654452,12152568,,rFF44,100146165,100.00,,
82.575654452,810161978,,instructions,100145965,100.00,2.16,insn per cycle
82.575654452,375481805,,cycles,100146135,100.00,,
82.675865399,6973,,rD044,100160245,100.00,,
82.675865399,6364926,,rFF44,100160115,100.00,,
82.675865399,583677723,,instructions,100159715,100.00,1.55,insn per cycle
82.675865399,375549584,,cycles,100159405,100.00,,
82.776074105,19463,,rD044,100155785,100.00,,
82.776074105,7705982,,rFF44,100155255,100.00,,
82.776074105,634638560,,instructions,100155425,100.00,1.69,insn per cycle
82.776074105,375531470,,cycles,100155595,100.00,,
82.876263461,8591,,rD044,100138164,100.00,,
82.876263461,6346846,,rFF44,100138724,100.00,,
82.876263461,602321756,,instructions,100138994,100.00,1.60,insn per cycle
82.876263461,375469877,,cycles,100138604,100.00,,
82.976473397,76929,,rD044,100156235,100.00,,
82.976473397,9675844,,rFF44,100156065,100.00,,
82.976473397,720085496,,instructions,100156145,100.00,1.92,insn per cycle
82.976473397,375530438,,cycles,100156285,100.00,,
83.076683123,14212,,rD044,100155764,100.00,,
83.076683123,6731577,,rFF44,100155654,100.00,,
83.076683123,602281321,,instructions,100155094,100.00,1.60,insn per cycle
83.076683123,375525838,,cycles,100155004,100.00,,
83.176911549,247306,,rD044,98991469,100.00,,
83.176911549,10663001,,rFF44,98991699,100.00,,
83.176911549,747229906,,instructions,98992919,100.00,2.01,insn per cycle
83.176911549,371149963,,cycles,98993259,100.00,,
83.277149306,63073,,rD044,100186525,100.00,,
83.277149306,8459326,,rFF44,100186115,100.00,,
83.277149306,647107723,,instructions,100185075,100.00,1.72,insn per cycle
83.277149306,375643528,,cycles,100184985,100.00,,
83.377391792,21018,,rD044,100054034,100.00,,
83.377391792,6769752,,rFF44,100054134,100.00,,
83.377391792,582892379,,instructions,100054114,100.00,1.55,insn per cycle
83.377391792,375137569,,cycles,100054584,100.00,,
83.477603128,26962,,rD044,100132383,100.00,,
83.477603128,6284219,,rFF44,100132683,100.00,,
83.477603128,576132829,,instructions,100132263,100.00,1.53,insn per cycle
83.477603128,375420181,,cycles,100131583,100.00,,
83.577813405,633276,,rD044,100143995,100.00,,
83.577813405,14313038,,rFF44,100143535,100.00,,
83.577813405,860319686,,instructions,100143545,100.00,2.29,insn per cycle
83.577813405,375472148,,cycles,100143755,100.00,,
83.678033291,556411,,rD044,100154544,100.00,,
83.678033291,25397538,,rFF44,100154554,100.00,,
83.678033291,1611434986,,instructions,100154734,100.00,4.29,insn per cycle
83.678033291,375520600,,cycles,100155064,100.00,,
83.778246617,548313,,rD044,100153175,100.00,,
83.778246617,19727529,,rFF44,100153955,100.00,,
83.778246617,1026030819,,instructions,100154035,100.00,2.73,insn per cycle
83.778246617,375515385,,cycles,100154115,100.00,,
83.878440973,8990,,rD044,100140795,100.00,,
83.878440973,5969881,,rFF44,100140045,100.00,,
83.878440973,586140233,,instructions,100141175,100.00,1.56,insn per cycle
83.878440973,375478972,,cycles,100140835,100.00,,
83.978650419,49901,,rD044,100159464,100.00,,
83.978650419,9110862,,rFF44,100159694,100.00,,
83.978650419,708893147,,instructions,100159344,100.00,1.89,insn per cycle
83.978650419,375544525,,cycles,100159744,100.00,,
84.078866605,32111,,rD044,100159135,100.00,,
84.078866605,7725426,,rFF44,100159015,100.00,,
84.078866605,571931653,,instructions,100158465,100.00,1.52,insn per cycle
84.078866605,375531095,,cycles,100158375,100.00,,
84.179075991,8006,,rD044,100159825,100.00,,
84.179075991,5855697,,rFF44,100160155,100.00,,
84.179075991,539562452,,instructions,100159635,100.00,1.44,insn per cycle
84.179075991,375544681,,cycles,100159045,100.00,,
84.279283798,57598,,rD044,100157115,100.00,,
84.279283798,7855789,,rFF44,100156535,100.00,,
84.279283798,628580807,,instructions,100156825,100.00,1.67,insn per cycle
84.279283798,375540216,,cycles,100157015,100.00,,
84.379492224,248534,,rD044,100022705,100.00,,
84.379492224,11257330,,rFF44,100023025,100.00,,
84.379492224,776972635,,instructions,100022965,100.00,2.07,insn per cycle
84.379492224,375016105,,cycles,100022815,100.00,,
84.479700930,85809,,rD044,100137514,100.00,,
84.479700930,9157227,,rFF44,100137074,100.00,,
84.479700930,704072356,,instructions,100136924,100.00,1.88,insn per cycle
84.479700930,375458973,,cycles,100137374,100.00,,
84.579928666,12643,,rD044,100161775,100.00,,
84.579928666,7432617,,rFF44,100162415,100.00,,
84.579928666,562899731,,instructions,100162465,100.00,1.50,insn per cycle
84.579928666,375538732,,cycles,100162555,100.00,,
84.680137702,7675,,rD044,100157075,100.00,,
84.680137702,5313940,,rFF44,100156435,100.00,,
84.680137702,522832643,,instructions,100156715,100.00,1.39,insn per cycle
84.680137702,375540512,,cycles,100156655,100.00,,
84.780346159,17980,,rD044,100157515,100.00,,
84.780346159,6713141,,rFF44,100157515,100.00,,
84.780346159,550433392,,instructions,100157425,100.00,1.47,insn per cycle
84.780346159,375537863,,cycles,100156755,100.00,,
84.880538944,5982,,rD044,100143415,100.00,,
84.880538944,6548983,,rFF44,100143215,100.00,,
84.880538944,543695909,,instructions,100143185,100.00,1.45,insn per cycle
84.880538944,375488664,,cycles,100144115,100.00,,
84.980748071,4644,,rD044,100159774,100.00,,
84.980748071,5600460,,rFF44,100194005,100.00,,
84.980748071,537072988,,instructions,100194015,100.00,1.43,insn per cycle
84.980748071,375677621,,cycles,100193945,100.00,,
85.080992867,65862,,rD044,100191675,100.00,,
85.080992867,8550013,,rFF44,100158284,100.00,,
85.080992867,687670889,,instructions,100159074,100.00,1.83,insn per cycle
85.080992867,375541939,,cycles,100159494,100.00,,
85.181203933,15064,,rD044,100160745,100.00,,
85.181203933,6389361,,rFF44,100160935,100.00,,
85.181203933,583575201,,instructions,100160005,100.00,1.55,insn per cycle
85.181203933,375548566,,cycles,100159725,100.00,,
85.281442170,56341,,rD044,100186653,100.00,,
85.281442170,8049788,,rFF44,100186483,100.00,,
85.281442170,678382927,,instructions,100187493,100.00,1.81,insn per cycle
85.281442170,375651322,,cycles,100187213,100.00,,
85.381654546,334840,,rD044,100020284,100.00,,
85.381654546,13474033,,rFF44,100020314,100.00,,
85.381654546,857552530,,instructions,100020244,100.00,2.29,insn per cycle
85.381654546,375006856,,cycles,100020944,100.00,,
85.481866902,28270,,rD044,100136964,100.00,,
85.481866902,7543656,,rFF44,100136434,100.00,,
85.481866902,628477817,,instructions,100136394,100.00,1.67,insn per cycle
85.481866902,375448200,,cycles,100135724,100.00,,
85.582078448,14721,,rD044,100147204,100.00,,
85.582078448,6368422,,rFF44,100147474,100.00,,
85.582078448,575794035,,instructions,100146574,100.00,1.53,insn per cycle
85.582078448,375479994,,cycles,100146095,100.00,,
85.682287714,25400,,rD044,100156225,100.00,,
85.682287714,7378511,,rFF44,100156025,100.00,,
85.682287714,656769224,,instructions,100156485,100.00,1.75,insn per cycle
85.682287714,375532794,,cycles,100156204,100.00,,
85.782499390,189225,,rD044,100144755,100.00,,
85.782499390,15411122,,rFF44,100144715,100.00,,
85.782499390,1011999889,,instructions,100144805,100.00,2.70,insn per cycle
85.782499390,375473964,,cycles,100144895,100.00,,
85.882691226,34113,,rD044,100140845,100.00,,
85.882691226,7072557,,rFF44,100141165,100.00,,
85.882691226,622236467,,instructions,100140635,100.00,1.66,insn per cycle
85.882691226,375479927,,cycles,100141115,100.00,,
85.982921233,15480,,rD044,100180884,100.00,,
85.982921233,7114359,,rFF44,100180844,100.00,,
85.982921233,625355785,,instructions,100180974,100.00,1.66,insn per cycle
85.982921233,375632361,,cycles,100181154,100.00,,
86.083123579,49266,,rD044,100150254,100.00,,
86.083123579,7302800,,rFF44,100150054,100.00,,
86.083123579,630014430,,instructions,100149914,100.00,1.68,insn per cycle
86.083123579,375508212,,cycles,100149894,100.00,,
86.183336555,183813,,rD044,100155715,100.00,,
86.183336555,9893761,,rFF44,100155785,100.00,,
86.183336555,732305888,,instructions,100155945,100.00,1.95,insn per cycle
86.183336555,375527261,,cycles,100156375,100.00,,
86.283549031,45031,,rD044,100155165,100.00,,
86.283549031,8433848,,rFF44,100154885,100.00,,
86.283549031,686082202,,instructions,100155235,100.00,1.83,insn per cycle
86.283549031,375518494,,cycles,100154705,100.00,,
86.383779268,4327,,rD044,100047805,100.00,,
86.383779268,5964729,,rFF44,100048755,100.00,,
86.383779268,555792522,,instructions,100048135,100.00,1.48,insn per cycle
86.383779268,375122881,,cycles,100048275,100.00,,
86.483990734,165633,,rD044,100137014,100.00,,
86.483990734,9096013,,rFF44,100137094,100.00,,
86.483990734,708841442,,instructions,100137074,100.00,1.89,insn per cycle
86.483990734,375456001,,cycles,100137604,100.00,,
86.584202380,13083,,rD044,100144204,100.00,,
86.584202380,6902309,,rFF44,100143894,100.00,,
86.584202380,624418730,,instructions,100143484,100.00,1.66,insn per cycle
86.584202380,375465394,,cycles,100142694,100.00,,
86.684411856,26218,,rD044,100154754,100.00,,
86.684411856,7856449,,rFF44,100154634,100.00,,
86.684411856,630353320,,instructions,100155494,100.00,1.68,insn per cycle
86.684411856,375528621,,cycles,100156024,100.00,,
86.784622372,27730,,rD044,100160735,100.00,,
86.784622372,6873168,,rFF44,100160945,100.00,,
86.784622372,606973377,,instructions,100160705,100.00,1.62,insn per cycle
86.784622372,375549686,,cycles,100159845,100.00,,
86.884827948,18429,,rD044,100153795,100.00,,
86.884827948,7104317,,rFF44,100153265,100.00,,
86.884827948,608928728,,instructions,100153435,100.00,1.62,insn per cycle
86.884827948,375526018,,cycles,100153695,100.00,,
86.985035384,15452,,rD044,100157125,100.00,,
86.985035384,6933772,,rFF44,100157355,100.00,,
86.985035384,603567968,,instructions,100156995,100.00,1.61,insn per cycle
86.985035384,375539509,,cycles,100157075,100.00,,
87.085247041,487157,,rD044,100157344,100.00,,
87.085247041,17668038,,rFF44,100157454,100.00,,
87.085247041,1081173014,,instructions,100157545,100.00,2.88,insn per cycle
87.085247041,375533268,,cycles,100157255,100.00,,
87.185483697,260768,,rD044,100182325,100.00,,
87.185483697,11099490,,rFF44,100182455,100.00,,
87.185483697,843204690,,instructions,100182074,100.00,2.24,insn per cycle
87.185483697,375626540,,cycles,100182544,100.00,,
87.285696083,49338,,rD044,100157385,100.00,,
87.285696083,8628937,,rFF44,100157715,100.00,,
87.285696083,694314678,,instructions,100158235,100.00,1.85,insn per cycle
87.285696083,375541025,,cycles,100157545,100.00,,
87.385943070,30578,,rD044,100075485,100.00,,
87.385943070,6213909,,rFF44,100074815,100.00,,
87.385943070,564812854,,instructions,100074315,100.00,1.51,insn per cycle
87.385943070,375216091,,cycles,100074545,100.00,,
87.486152166,47712,,rD044,100136885,100.00,,
87.486152166,7566199,,rFF44,100137075,100.00,,
87.486152166,647722440,,instructions,100137585,100.00,1.73,insn per cycle
87.486152166,375461023,,cycles,100138445,100.00,,
87.586364912,33306,,rD044,100163885,100.00,,
87.586364912,7428121,,rFF44,100163805,100.00,,
87.586364912,637540599,,instructions,100164195,100.00,1.70,insn per cycle
87.586364912,375562551,,cycles,100164855,100.00,,
87.686577218,276106,,rD044,100147625,100.00,,
87.686577218,11516253,,rFF44,100147975,100.00,,
87.686577218,801296484,,instructions,100148635,100.00,2.13,insn per cycle
87.686577218,375484278,,cycles,100147245,100.00,,
87.786788654,17292,,rD044,100161784,100.00,,
87.786788654,7563708,,rFF44,100161564,100.00,,
87.786788654,640545202,,instructions,100160974,100.00,1.71,insn per cycle
87.786788654,375557592,,cycles,100162164,100.00,,
87.886995721,6913,,rD044,100158525,100.00,,
87.886995721,6902484,,rFF44,100158035,100.00,,
87.886995721,610726391,,instructions,100157485,100.00,1.63,insn per cycle
87.886995721,375539271,,cycles,100157275,100.00,,
87.987206667,20332,,rD044,100159565,100.00,,
87.987206667,6528843,,rFF44,100160135,100.00,,
87.987206667,591710254,,instructions,100160065,100.00,1.58,insn per cycle
87.987206667,375540367,,cycles,100159035,100.00,,
88.087417093,45671,,rD044,100159714,100.00,,
88.087417093,7531701,,rFF44,100160274,100.00,,
88.087417093,675002637,,instructions,100160884,100.00,1.80,insn per cycle
88.087417093,375555794,,cycles,100161244,100.00,,
88.187627719,51354,,rD044,100151975,100.00,,
88.187627719,7788532,,rFF44,100151525,100.00,,
88.187627719,670600622,,instructions,100150835,100.00,1.79,insn per cycle
88.187627719,375506370,,cycles,100150945,100.00,,
88.287838445,2878,,rD044,100158894,100.00,,
88.287838445,3904744,,rFF44,100158824,100.00,,
88.287838445,567248430,,instructions,100158724,100.00,1.51,insn per cycle
88.287838445,375541993,,cycles,100158324,100.00,,
88.388057471,1476,,rD044,100033483,100.00,,
88.388057471,2424305,,rFF44,100033243,100.00,,
88.388057471,541300350,,instructions,100034003,100.00,1.44,insn per cycle
88.388057471,375052950,,cycles,100034403,100.00,,
88.488266937,1237,,rD044,100130555,100.00,,
88.488266937,2424993,,rFF44,100130285,100.00,,
88.488266937,541874356,,instructions,100129935,100.00,1.44,insn per cycle
88.488266937,375428272,,cycles,100129655,100.00,,
88.588476904,1354,,rD044,100159995,100.00,,
88.588476904,2427448,,rFF44,100159845,100.00,,
88.588476904,541834493,,instructions,100159935,100.00,1.44,insn per cycle
88.588476904,375551900,,cycles,100160085,100.00,,
88.688683720,1180,,rD044,100143094,100.00,,
88.688683720,2427219,,rFF44,100143364,100.00,,
88.688683720,542128555,,instructions,100143214,100.00,1.44,insn per cycle
88.688683720,375469749,,cycles,100143564,100.00,,
88.788913666,1396,,rD044,100178384,100.00,,
88.788913666,2427352,,rFF44,100179034,100.00,,
88.788913666,541925620,,instructions,100178775,100.00,1.44,insn per cycle
88.788913666,375616578,,cycles,100178475,100.00,,
88.889120162,1571,,rD044,100156015,100.00,,
88.889120162,2427192,,rFF44,100155245,100.00,,
88.889120162,542226517,,instructions,100155014,100.00,1.44,insn per cycle
88.889120162,375529337,,cycles,100154454,100.00,,
88.989329128,1274,,rD044,100158395,100.00,,
88.989329128,2427811,,rFF44,100158415,100.00,,
88.989329128,541935694,,instructions,100158985,100.00,1.44,insn per cycle
88.989329128,375548864,,cycles,100159145,100.00,,
89.089571035,1202,,rD044,100184185,100.00,,
89.089571035,2426513,,rFF44,100183795,100.00,,
89.089571035,542272114,,instructions,100184965,100.00,1.44,insn per cycle
89.089571035,375637832,,cycles,100184775,100.00,,
89.189782551,1225,,rD044,100160315,100.00,,
89.189782551,2427371,,rFF44,100160935,100.00,,
89.189782551,542110153,,instructions,100159565,100.00,1.44,insn per cycle
89.189782551,375547992,,cycles,100160075,100.00,,
89.289990127,1137,,rD044,100155335,100.00,,
89.289990127,2428558,,rFF44,100155535,100.00,,
89.289990127,542093682,,instructions,100156535,100.00,1.44,insn per cycle
89.289990127,375533695,,cycles,100157185,100.00,,
89.390201943,1328,,rD044,100043122,100.00,,
89.390201943,2424374,,rFF44,100042602,100.00,,
89.390201943,541224142,,instructions,100041492,100.00,1.44,insn per cycle
89.390201943,375090268,,cycles,100040392,100.00,,
89.490411239,1240,,rD044,100135045,100.00,,
89.490411239,2426341,,rFF44,100135825,100.00,,
89.490411239,541700717,,instructions,100136025,100.00,1.44,insn per cycle
89.490411239,375453234,,cycles,100136455,100.00,,
89.590621236,1315,,rD044,100158735,100.00,,
89.590621236,2426102,,rFF44,100158805,100.00,,
89.590621236,541882602,,instructions,100159205,100.00,1.44,insn per cycle
89.590621236,375553340,,cycles,100160725,100.00,,
89.690827792,1362,,rD044,100143854,100.00,,
89.690827792,2425260,,rFF44,100143374,100.00,,
89.690827792,541405158,,instructions,100143314,100.00,1.44,insn per cycle
89.690827792,375461221,,cycles,100141594,100.00,,
89.791038908,1240,,rD044,100147185,100.00,,
89.791038908,2424922,,rFF44,100147675,100.00,,
89.791038908,541606238,,instructions,100147885,100.00,1.44,insn per cycle
89.791038908,375491525,,cycles,100148475,100.00,,
89.891235534,1214,,rD044,100147234,100.00,,
89.891235534,2426152,,rFF44,100146934,100.00,,
89.891235534,541335186,,instructions,100146024,100.00,1.44,insn per cycle
89.891235534,375495275,,cycles,100145274,100.00,,
89.991446740,1191,,rD044,100160943,100.00,,
89.991446740,2427930,,rFF44,100160763,100.00,,
89.991446740,541696876,,instructions,100161333,100.00,1.44,insn per cycle
89.991446740,375556842,,cycles,100161403,100.00,,
90.091643426,1202,,rD044,100146275,100.00,,
90.091643426,2427731,,rFF44,100146055,100.00,,
90.091643426,541728175,,instructions,100146025,100.00,1.44,insn per cycle
90.091643426,375500216,,cycles,100146155,100.00,,
90.191843292,1293,,rD044,100145725,100.00,,
90.191843292,2428841,,rFF44,100145705,100.00,,
90.191843292,541471611,,instructions,100146395,100.00,1.44,insn per cycle
90.191843292,375493700,,cycles,100146435,100.00,,
90.292052428,1228,,rD044,100156244,100.00,,
90.292052428,2429258,,rFF44,100156034,100.00,,
90.292052428,541640806,,instructions,100155304,100.00,1.44,insn per cycle
90.292052428,375532098,,cycles,100156404,100.00,,
90.392263564,1222,,rD044,100039064,100.00,,
90.392263564,2425214,,rFF44,100039294,100.00,,
90.392263564,540701989,,instructions,100039434,100.00,1.44,insn per cycle
90.392263564,375077033,,cycles,100038184,100.00,,
90.492475051,1229,,rD044,100138075,100.00,,
90.492475051,2428995,,rFF44,100138175,100.00,,
90.492475051,541597366,,instructions,100137335,100.00,1.44,insn per cycle
90.492475051,375457094,,cycles,100137265,100.00,,
90.592684917,1726,,rD044,100159995,100.00,,
90.592684917,2431690,,rFF44,100160815,100.00,,
90.592684917,542438401,,instructions,100161745,100.00,1.44,insn per cycle
90.592684917,375555387,,cycles,100161645,100.00,,
90.692904843,1178,,rD044,100153194,100.00,,
90.692904843,2429582,,rFF44,100152594,100.00,,
90.692904843,541457147,,instructions,100152144,100.00,1.44,insn per cycle
90.692904843,375496758,,cycles,100152244,100.00,,
90.793115689,1353,,rD044,100156014,100.00,,
90.793115689,2429562,,rFF44,100155744,100.00,,
90.793115689,541603222,,instructions,100155984,100.00,1.44,insn per cycle
90.793115689,375531008,,cycles,100156804,100.00,,
90.893328235,1196,,rD044,100159855,100.00,,
90.893328235,2430816,,rFF44,100159325,100.00,,
90.893328235,541808875,,instructions,100159185,100.00,1.44,insn per cycle
90.893328235,375545144,,cycles,100158425,100.00,,
90.993567032,1188,,rD044,100188434,100.00,,
90.993567032,2433688,,rFF44,100188664,100.00,,
90.993567032,542924213,,instructions,100189054,100.00,1.45,insn per cycle
90.993567032,375661305,,cycles,100189224,100.00,,
91.093777388,1220,,rD044,100159985,100.00,,
91.093777388,2429762,,rFF44,100160595,100.00,,
91.093777388,541726109,,instructions,100159975,100.00,1.44,insn per cycle
91.093777388,375552064,,cycles,100160055,100.00,,
91.193974174,1389,,rD044,100147185,100.00,,
91.193974174,2427651,,rFF44,100147235,100.00,,
91.193974174,541030252,,instructions,100147415,100.00,1.44,insn per cycle
91.193974174,375497107,,cycles,100146725,100.00,,
91.294183520,1300,,rD044,100157844,100.00,,
91.294183520,2428020,,rFF44,100157514,100.00,,
91.294183520,541441719,,instructions,100157794,100.00,1.44,insn per cycle
91.294183520,375539432,,cycles,100157895,100.00,,
91.394395806,1333,,rD044,100040744,100.00,,
91.394395806,2427053,,rFF44,100040854,100.00,,
91.394395806,541291272,,instructions,100040554,100.00,1.44,insn per cycle
91.394395806,375093672,,cycles,100041133,100.00,,
91.494605112,1193,,rD044,100133845,100.00,,
91.494605112,2430684,,rFF44,100133595,100.00,,
91.494605112,542160668,,instructions,100133665,100.00,1.44,insn per cycle
91.494605112,375439216,,cycles,100133695,100.00,,
91.594796308,1371,,rD044,100140825,100.00,,
91.594796308,2428954,,rFF44,100141435,100.00,,
91.594796308,541651501,,instructions,100142295,100.00,1.44,insn per cycle
91.594796308,375485985,,cycles,100142555,100.00,,
91.694991254,1506,,rD044,100136684,100.00,,
91.694991254,2429384,,rFF44,100135904,100.00,,
91.694991254,541393721,,instructions,100135365,100.00,1.44,insn per cycle
91.694991254,375446974,,cycles,100134725,100.00,,
91.795201070,1195,,rD044,100154905,100.00,,
91.795201070,2430248,,rFF44,100155405,100.00,,
91.795201070,541934395,,instructions,100154914,100.00,1.44,insn per cycle
91.795201070,375528406,,cycles,100154724,100.00,,
91.895412107,1011731,,rD044,100154744,100.00,,
91.895412107,7707800,,rFF44,100154404,100.00,,
91.895412107,573079590,,instructions,100153974,100.00,1.53,insn per cycle
91.895412107,375529211,,cycles,100154404,100.00,,
91.995625843,4788381,,rD044,100149475,100.00,,
91.995625843,27556734,,rFF44,100149665,100.00,,
91.995625843,688015718,,instructions,100149785,100.00,1.83,insn per cycle
91.995625843,375507384,,cycles,100149965,100.00,,
92.095836609,4800515,,rD044,100145475,100.00,,
92.095836609,27545387,,rFF44,100145705,100.00,,
92.095836609,689160581,,instructions,100145645,100.00,1.84,insn per cycle
92.095836609,375489354,,cycles,100145785,100.00,,
92.196034009,4788366,,rD044,100135304,100.00,,
92.196034009,27536541,,rFF44,100135184,100.00,,
92.196034009,688027889,,instructions,100135754,100.00,1.83,insn per cycle
92.196034009,375450823,,cycles,100135614,100.00,,
92.296245043,4759616,,rD044,100149725,100.00,,
92.296245043,27485669,,rFF44,100149035,100.00,,
92.296245043,687141696,,instructions,100148915,100.00,1.83,insn per cycle
92.296245043,375509304,,cycles,100150255,100.00,,
92.396458127,4596622,,rD044,100025304,100.00,,
92.396458127,26662391,,rFF44,100026034,100.00,,
92.396458127,668966856,,instructions,100025854,100.00,1.78,insn per cycle
92.396458127,375018249,,cycles,100024234,100.00,,
92.496668532,4703748,,rD044,100121004,100.00,,
92.496668532,27298353,,rFF44,100120874,100.00,,
92.496668532,686814114,,instructions,100121094,100.00,1.83,insn per cycle
92.496668532,375384422,,cycles,100121214,100.00,,
92.596897996,4728543,,rD044,100168245,100.00,,
92.596897996,27344606,,rFF44,100168335,100.00,,
92.596897996,687735090,,instructions,100168645,100.00,1.83,insn per cycle
92.596897996,375576550,,cycles,100168855,100.00,,
92.697111600,4735625,,rD044,100152475,100.00,,
92.697111600,27306448,,rFF44,100152915,100.00,,
92.697111600,686495427,,instructions,100152685,100.00,1.83,insn per cycle
92.697111600,375514715,,cycles,100152935,100.00,,
92.797328714,4722129,,rD044,100139554,100.00,,
92.797328714,27265413,,rFF44,100139114,100.00,,
92.797328714,685735884,,instructions,100139254,100.00,1.83,insn per cycle
92.797328714,375447736,,cycles,100139444,100.00,,
92.897559248,3207945,,rD044,100172605,100.00,,
92.897559248,26138504,,rFF44,100172775,100.00,,
92.897559248,1255395885,,instructions,100172635,100.00,3.34,insn per cycle
92.897559248,375588420,,cycles,100171985,100.00,,
92.997809793,1591254,,rD044,100190675,100.00,,
92.997809793,25161027,,rFF44,100190785,100.00,,
92.997809793,1910193666,,instructions,100191805,100.00,5.08,insn per cycle
92.997809793,375659968,,cycles,100191715,100.00,,
93.098023327,1577444,,rD044,100154355,100.00,,
93.098023327,25152602,,rFF44,100154405,100.00,,
93.098023327,1909538000,,instructions,100154665,100.00,5.08,insn per cycle
93.098023327,375524191,,cycles,100155925,100.00,,
93.198242801,1557470,,rD044,100161145,100.00,,
93.198242801,25157688,,rFF44,100161205,100.00,,
93.198242801,1909937318,,instructions,100160375,100.00,5.09,insn per cycle
93.198242801,375540382,,cycles,100159645,100.00,,
93.298461405,6779481,,rD044,100036174,100.00,,
93.298461405,29715300,,rFF44,100036414,100.00,,
93.298461405,65324202,,instructions,100035784,100.00,0.17,insn per cycle
93.298461405,375062034,,cycles,100035254,100.00,,
93.398673019,6775488,,rD044,98966458,100.00,,
93.398673019,28936714,,rFF44,98965238,100.00,,
93.398673019,39884982,,instructions,98964908,100.00,0.11,insn per cycle
93.398673019,371044073,,cycles,98965148,100.00,,
93.498907224,6932226,,rD044,100141804,100.00,,
93.498907224,29867772,,rFF44,100142704,100.00,,
93.498907224,37354984,,instructions,100142904,100.00,0.10,insn per cycle
93.498907224,375458422,,cycles,100143045,100.00,,
93.599113097,6936992,,rD044,100142975,100.00,,
93.599113097,29932515,,rFF44,100143345,100.00,,
93.599113097,37429366,,instructions,100142915,100.00,0.10,insn per cycle
93.599113097,375480869,,cycles,100143664,100.00,,
93.699326182,4568074,,rD044,100158485,100.00,,
93.699326182,27501251,,rFF44,100158005,100.00,,
93.699326182,237891458,,instructions,100159665,100.00,0.63,insn per cycle
93.699326182,375542740,,cycles,100158965,100.00,,
93.799540076,1592397,,rD044,100129143,100.00,,
93.799540076,24125124,,rFF44,100129023,100.00,,
93.799540076,470726384,,instructions,100128173,100.00,1.25,insn per cycle
93.799540076,375380880,,cycles,100127883,100.00,,
93.899743810,2157867,,rD044,100132955,100.00,,
93.899743810,31687254,,rFF44,100132855,100.00,,
93.899743810,626501464,,instructions,100136295,100.00,1.67,insn per cycle
93.899743810,375430773,,cycles,100136385,100.00,,
93.999965324,3260929,,rD044,1091820248,100.00,,
93.999965324,35641704,,rFF44,1095139710,100.00,,
93.999965324,3874261965,,instructions,1097539109,100.00,0.94,insn per cycle
93.999965324,4122287777,,cycles,1099953522,100.00,,
94.100518312,3752861,,rD044,3217201184,100.00,,
94.100518312,41360108,,rFF44,3217123542,100.00,,
94.100518312,10785136412,,instructions,3217374475,100.00,0.89,insn per cycle
94.100518312,12065500624,,cycles,3217539837,100.00,,
94.201066720,4150375,,rD044,2215339715,100.00,,
94.201066720,41658690,,rFF44,2212105585,100.00,,
94.201066720,7654793791,,instructions,2209458943,100.00,0.92,insn per cycle
94.201066720,8275606846,,cycles,2206884909,100.00,,
94.301292724,38599618,,rD044,3151653906,100.00,,
94.301292724,162959093,,rFF44,3154816463,100.00,,
94.301292724,9711958729,,instructions,3157260393,100.00,0.82,insn per cycle
94.301292724,11847951490,,cycles,3159704934,100.00,,
94.401816001,1344286,,rD044,3216504168,100.00,,
94.401816001,7057492,,rFF44,3216203291,100.00,,
94.401816001,23194167244,,instructions,3215960292,100.00,1.92,insn per cycle
94.401816001,12058551989,,cycles,3215662121,100.00,,
94.502310608,18687,,rD044,3215827391,100.00,,
94.502310608,701000,,rFF44,3215935279,100.00,,
94.502310608,26745796242,,instructions,3215898892,100.00,2.22,insn per cycle
94.502310608,12059676162,,cycles,3215938411,100.00,,
94.602809716,16052,,rD044,3215995622,100.00,,
94.602809716,698129,,rFF44,3216152421,100.00,,
94.602809716,26749716522,,instructions,3216420642,100.00,2.22,insn per cycle
94.602809716,12062056538,,cycles,3216564314,100.00,,
94.703339063,13131,,rD044,3216822078,100.00,,
94.703339063,700478,,rFF44,3216746427,100.00,,
94.703339063,26746488030,,instructions,3216665792,100.00,2.22,insn per cycle
94.703339063,12062157756,,cycles,3216596141,100.00,,
94.803879121,13254,,rD044,3217300728,100.00,,
94.803879121,715408,,rFF44,3217345995,100.00,,
94.803879121,26683122881,,instructions,3217394904,100.00,2.21,insn per cycle
94.803879121,12065469769,,cycles,3217476633,100.00,,
94.904401858,16897382,,rD044,3216754412,100.00,,
94.904401858,137621868,,rFF44,3216948651,100.00,,
94.904401858,10527580281,,instructions,3216985402,100.00,0.87,insn per cycle
94.904401858,12063923785,,cycles,3217068725,100.00,,
95.004945536,4188708,,rD044,3217260794,100.00,,
95.004945536,44862919,,rFF44,3217232371,100.00,,
95.004945536,10429638034,,instructions,3217438379,100.00,0.86,insn per cycle
95.004945536,12065828350,,cycles,3217576010,100.00,,
95.105493864,10576106,,rD044,1227709740,100.00,,
95.105493864,91405436,,rFF44,1228790551,100.00,,
95.105493864,4237219007,,instructions,1230496229,100.00,0.92,insn per cycle
95.105493864,4615645207,,cycles,1231146721,100.00,,
95.206216584,67971098,,rD044,3223146226,100.00,,
95.206216584,573559053,,rFF44,3223121534,100.00,,
95.206216584,10731369462,,instructions,3222085891,100.00,0.89,insn per cycle
95.206216584,12082867185,,cycles,3222118164,100.00,,
95.306914753,67305940,,rD044,3222410751,100.00,,
95.306914753,561297097,,rFF44,3222850041,100.00,,
95.306914753,10894736078,,instructions,3222943223,100.00,0.90,insn per cycle
95.306914753,12086576097,,cycles,3223119883,100.00,,
95.407622973,67665949,,rD044,3222259711,100.00,,
95.407622973,563942123,,rFF44,3221781058,100.00,,
95.407622973,10850802842,,instructions,3221421344,100.00,0.90,insn per cycle
95.407622973,12079198673,,cycles,3221136682,100.00,,
95.508277712,67746304,,rD044,3220610382,100.00,,
95.508277712,578114915,,rFF44,3220042323,100.00,,
95.508277712,10871390407,,instructions,3219881031,100.00,0.90,insn per cycle
95.508277712,12073562508,,cycles,3219641957,100.00,,
95.608895810,67441050,,rD044,3220248306,100.00,,
95.608895810,558835500,,rFF44,3221235434,100.00,,
95.608895810,10912431649,,instructions,3221750607,100.00,0.90,insn per cycle
95.608895810,12083168819,,cycles,3222194704,100.00,,
95.709592409,67432457,,rD044,3220887883,100.00,,
95.709592409,567140085,,rFF44,3219926891,100.00,,
95.709592409,10852908108,,instructions,3219802764,100.00,0.90,insn per cycle
95.709592409,12072539972,,cycles,3219545211,100.00,,
95.810222198,66689218,,rD044,3220153445,100.00,,
95.810222198,569548741,,rFF44,3219674074,100.00,,
95.810222198,10860000237,,instructions,3218738789,100.00,0.90,insn per cycle
95.810222198,12068638510,,cycles,3218326139,100.00,,
95.910815436,67526364,,rD044,3219653386,100.00,,
95.910815436,560053237,,rFF44,3220877114,100.00,,
95.910815436,10914210626,,instructions,3221746928,100.00,0.90,insn per cycle
95.910815436,12084004582,,cycles,3222425719,100.00,,
96.011523736,67463397,,rD044,3222406130,100.00,,
96.011523736,573852840,,rFF44,3222533663,100.00,,
96.011523736,10886540198,,instructions,3224007991,100.00,0.90,insn per cycle
96.011523736,12089569720,,cycles,3223944513,100.00,,
96.112250206,67397498,,rD044,3222644423,100.00,,
96.112250206,571001281,,rFF44,3221945083,100.00,,
96.112250206,10907159196,,instructions,3220706129,100.00,0.90,insn per cycle
96.112250206,12077218404,,cycles,3220624893,100.00,,
96.212923715,67710904,,rD044,3221928657,100.00,,
96.212923715,565505918,,rFF44,3222291337,100.00,,
96.212923715,10934556397,,instructions,3222015438,100.00,0.90,insn per cycle
96.212923715,12082501683,,cycles,3222018794,100.00,,
96.313593034,67540823,,rD044,3221342745,100.00,,
96.313593034,579636235,,rFF44,3221636599,100.00,,
96.313593034,10894848971,,instructions,3221806734,100.00,0.90,insn per cycle
96.313593034,12081475468,,cycles,3221743470,100.00,,
96.414284103,67180863,,rD044,3222451460,100.00,,
96.414284103,562395892,,rFF44,3222683898,100.00,,
96.414284103,10888913191,,instructions,3222826144,100.00,0.90,insn per cycle
96.414284103,12087246200,,cycles,3223295374,100.00,,
96.515019273,67355981,,rD044,3222852816,100.00,,
96.515019273,562791956,,rFF44,3222111652,100.00,,
96.515019273,10855476906,,instructions,3221579664,100.00,0.90,insn per cycle
96.515019273,12077850775,,cycles,3220775901,100.00,,
96.615697452,67217144,,rD044,3221712276,100.00,,
96.615697452,575304198,,rFF44,3221883326,100.00,,
96.615697452,10863576671,,instructions,3222302649,100.00,0.90,insn per cycle
96.615697452,12084651412,,cycles,3222606573,100.00,,
96.716380402,67549157,,rD044,3221796697,100.00,,
96.716380402,563898361,,rFF44,3222041943,100.00,,
96.716380402,10950509186,,instructions,3222608418,100.00,0.91,insn per cycle
96.716380402,12088796638,,cycles,3223726453,100.00,,
96.817130492,67326309,,rD044,3223951502,100.00,,
96.817130492,567325502,,rFF44,3223823360,100.00,,
96.817130492,10860249269,,instructions,3223099325,100.00,0.90,insn per cycle
96.817130492,12081932886,,cycles,3221933665,100.00,,
96.917794521,67020858,,rD044,3220624601,100.00,,
96.917794521,571742321,,rFF44,3219857627,100.00,,
96.917794521,10878010959,,instructions,3219440615,100.00,0.90,insn per cycle
96.917794521,12070861841,,cycles,3218938172,100.00,,
97.018387789,67309721,,rD044,3219430313,100.00,,
97.018387789,559818160,,rFF44,3220495404,100.00,,
97.018387789,10932983599,,instructions,3221423004,100.00,0.90,insn per cycle
97.018387789,12088759695,,cycles,3223725682,100.00,,
97.119144849,67260969,,rD044,3223849291,100.00,,
97.119144849,568498045,,rFF44,3223319172,100.00,,
97.119144849,10879001939,,instructions,3222802273,100.00,0.90,insn per cycle
97.119144849,12079340277,,cycles,3221192912,100.00,,
97.219788818,66475810,,rD044,3219895043,100.00,,
97.219788818,568332695,,rFF44,3219198513,100.00,,
97.219788818,10861773352,,instructions,3219488182,100.00,0.90,insn per cycle
97.219788818,12073741554,,cycles,3219722245,100.00,,
97.320436747,67867475,,rD044,3221496795,100.00,,
97.320436747,562226373,,rFF44,3222484705,100.00,,
97.320436747,10902013812,,instructions,3222558283,100.00,0.90,insn per cycle
97.320436747,12083592342,,cycles,3222334916,100.00,,
97.421134856,67442730,,rD044,3222161739,100.00,,
97.421134856,572306979,,rFF44,3222024023,100.00,,
97.421134856,10885478640,,instructions,3221939064,100.00,0.90,insn per cycle
97.421134856,12082833211,,cycles,3222118246,100.00,,
97.521823336,67402268,,rD044,3221828289,100.00,,
97.521823336,570503529,,rFF44,3221801780,100.00,,
97.521823336,10905289452,,instructions,3221635384,100.00,0.90,insn per cycle
97.521823336,12079928624,,cycles,3221337343,100.00,,
97.622491525,68073811,,rD044,3221420715,100.00,,
97.622491525,566294227,,rFF44,3221598066,100.00,,
97.622491525,10956558603,,instructions,3221830814,100.00,0.91,insn per cycle
97.622491525,12083170012,,cycles,3222212103,100.00,,
97.723213314,67154703,,rD044,3222780304,100.00,,
97.723213314,575351938,,rFF44,3222371085,100.00,,
97.723213314,10865854833,,instructions,3222213424,100.00,0.90,insn per cycle
97.723213314,12082049546,,cycles,3221912612,100.00,,
97.823883103,67276695,,rD044,3221604776,100.00,,
97.823883103,564753498,,rFF44,3222205817,100.00,,
97.823883103,10936225820,,instructions,3222261903,100.00,0.90,insn per cycle
97.823883103,12084790520,,cycles,3222700176,100.00,,
97.924607313,67861513,,rD044,3222723073,100.00,,
97.924607313,569080849,,rFF44,3222436063,100.00,,
97.924607313,10915890143,,instructions,3222184295,100.00,0.90,insn per cycle
97.924607313,12080378260,,cycles,3221559703,100.00,,
97.972161157,17236928,,rD044,1398437132,100.00,,
97.972161157,155399636,,rFF44,1394101262,100.00,,
97.972161157,4521782731,,instructions,1390891221,100.00,0.87,insn per cycle
97.972161157,5204060878,,cycles,1387835770,100.00,,
