0.100116340,51490,,rD044,49200728,100.00,,
0.100116340,945928,,rFF44,49206018,100.00,,
0.100116340,617270623,,instructions,49211778,100.00,3.51,insn per cycle
0.100116340,176007004,,cycles,49216608,100.00,,
0.200331721,32294,,rD044,53391834,100.00,,
0.200331721,816863,,rFF44,53386544,100.00,,
0.200331721,797697519,,instructions,53380784,100.00,4.11,insn per cycle
0.200331721,194000267,,cycles,53375954,100.00,,
0.300501332,32539,,rD044,54567792,100.00,,
0.300501332,811196,,rFF44,54572472,100.00,,
0.300501332,817443350,,instructions,54577502,100.00,4.12,insn per cycle
0.300501332,198454113,,cycles,54582452,100.00,,
0.400688003,32408,,rD044,52534278,100.00,,
0.400688003,773707,,rFF44,52535178,100.00,,
0.400688003,787493275,,instructions,52535058,100.00,4.13,insn per cycle
0.400688003,190497095,,cycles,52535118,100.00,,
0.500880337,32342,,rD044,54215424,100.00,,
0.500880337,792465,,rFF44,54209844,100.00,,
0.500880337,816806569,,instructions,54204934,100.00,4.15,insn per cycle
0.500880337,196972706,,cycles,54199924,100.00,,
0.601061366,32522,,rD044,54845716,100.00,,
0.601061366,786823,,rFF44,54845716,100.00,,
0.601061366,827584010,,instructions,54845716,100.00,4.15,insn per cycle
0.601061366,199514955,,cycles,54845716,100.00,,
0.701241325,32744,,rD044,53073174,100.00,,
0.701241325,803742,,rFF44,53078634,100.00,,
0.701241325,790719637,,instructions,53083344,100.00,4.11,insn per cycle
0.701241325,192555003,,cycles,53088544,100.00,,
0.801432224,32628,,rD044,52960690,100.00,,
0.801432224,811530,,rFF44,52955230,100.00,,
0.801432224,790708459,,instructions,52950520,100.00,4.12,insn per cycle
0.801432224,192066734,,cycles,52945320,100.00,,
0.901604693,32486,,rD044,55059652,100.00,,
0.901604693,804023,,rFF44,55059652,100.00,,
0.901604693,831362190,,instructions,55059652,100.00,4.15,insn per cycle
0.901604693,200303089,,cycles,55059652,100.00,,
1.001791202,32301,,rD044,54236642,100.00,,
1.001791202,801757,,rFF44,54241492,100.00,,
1.001791202,817956202,,instructions,54245902,100.00,4.15,insn per cycle
1.001791202,197133443,,cycles,54250142,100.00,,
1.101984811,32337,,rD044,52623494,100.00,,
1.101984811,801404,,rFF44,52624304,100.00,,
1.101984811,786174099,,instructions,52625604,100.00,4.12,insn per cycle
1.101984811,190851705,,cycles,52626024,100.00,,
1.202175010,1694,,rD044,53918072,100.00,,
1.202175010,759572,,rFF44,53912412,100.00,,
1.202175010,816306089,,instructions,53906702,100.00,4.17,insn per cycle
1.202175010,195853767,,cycles,53902042,100.00,,
1.302351939,32665,,rD044,55046742,100.00,,
1.302351939,795880,,rFF44,55046742,100.00,,
1.302351939,827764260,,instructions,55046742,100.00,4.13,insn per cycle
1.302351939,200260937,,cycles,55046742,100.00,,
1.402525068,32760,,rD044,52923839,100.00,,
1.402525068,813652,,rFF44,52929679,100.00,,
1.402525068,791244212,,instructions,52935399,100.00,4.12,insn per cycle
1.402525068,192076126,,cycles,52939819,100.00,,
1.502719287,32351,,rD044,52524390,100.00,,
1.502719287,813292,,rFF44,52524420,100.00,,
1.502719287,796422723,,instructions,52522930,100.00,4.18,insn per cycle
1.502719287,190476024,,cycles,52524020,100.00,,
1.602909726,32519,,rD044,52530459,100.00,,
1.602909726,801197,,rFF44,52530189,100.00,,
1.602909726,795756350,,instructions,52531739,100.00,4.18,insn per cycle
1.602909726,190462654,,cycles,52531049,100.00,,
1.703105095,32587,,rD044,52685444,100.00,,
1.703105095,793938,,rFF44,52685064,100.00,,
1.703105095,796011097,,instructions,52684064,100.00,4.17,insn per cycle
1.703105095,191082920,,cycles,52684164,100.00,,
1.803294674,32297,,rD044,52358490,100.00,,
1.803294674,761885,,rFF44,52358610,100.00,,
1.803294674,789381672,,instructions,52358060,100.00,4.16,insn per cycle
1.803294674,189887870,,cycles,52358000,100.00,,
1.903488693,32469,,rD044,52229701,100.00,,
1.903488693,793455,,rFF44,52230411,100.00,,
1.903488693,786884353,,instructions,52230961,100.00,4.16,insn per cycle
1.903488693,189377280,,cycles,52231041,100.00,,
2.003679602,32524,,rD044,52421057,100.00,,
2.003679602,803785,,rFF44,52420487,100.00,,
2.003679602,794832870,,instructions,52419697,100.00,4.18,insn per cycle
2.003679602,190060925,,cycles,52419917,100.00,,
2.103873951,32737,,rD044,52609476,100.00,,
2.103873951,810384,,rFF44,52609706,100.00,,
2.103873951,795375762,,instructions,52610206,100.00,4.17,insn per cycle
2.103873951,190781122,,cycles,52610576,100.00,,
2.204060960,32718,,rD044,52669275,100.00,,
2.204060960,801927,,rFF44,52668615,100.00,,
2.204060960,794265451,,instructions,52668455,100.00,4.16,insn per cycle
2.204060960,191037486,,cycles,52668045,100.00,,
2.304252899,2147,,rD044,52414184,100.00,,
2.304252899,764601,,rFF44,52414424,100.00,,
2.304252899,787330929,,instructions,52415205,100.00,4.14,insn per cycle
2.304252899,190066852,,cycles,52415915,100.00,,
2.404442828,32685,,rD044,52642391,100.00,,
2.404442828,806753,,rFF44,52641841,100.00,,
2.404442828,783834759,,instructions,52641090,100.00,4.11,insn per cycle
2.404442828,190868084,,cycles,52639850,100.00,,
2.504630697,32502,,rD044,52493695,100.00,,
2.504630697,806110,,rFF44,52494735,100.00,,
2.504630697,785746840,,instructions,52495755,100.00,4.13,insn per cycle
2.504630697,190336106,,cycles,52496575,100.00,,
2.604822106,32626,,rD044,52740057,100.00,,
2.604822106,814065,,rFF44,52738127,100.00,,
2.604822106,788164744,,instructions,52732747,100.00,4.12,insn per cycle
2.604822106,191213662,,cycles,52727337,100.00,,
2.705006335,33052,,rD044,53253588,100.00,,
2.705006335,831493,,rFF44,53249738,100.00,,
2.705006335,790660015,,instructions,53249738,100.00,4.09,insn per cycle
2.705006335,193239062,,cycles,53249738,100.00,,
2.805183224,32717,,rD044,53146958,100.00,,
2.805183224,769331,,rFF44,53146958,100.00,,
2.805183224,791473671,,instructions,53146958,100.00,4.10,insn per cycle
2.805183224,192887483,,cycles,53146958,100.00,,
2.905358593,32594,,rD044,53201321,100.00,,
2.905358593,800574,,rFF44,53201321,100.00,,
2.905358593,799867968,,instructions,53201321,100.00,4.14,insn per cycle
2.905358593,193090166,,cycles,53201321,100.00,,
3.005533172,32308,,rD044,52863406,100.00,,
3.005533172,804508,,rFF44,52863406,100.00,,
3.005533172,790248421,,instructions,52863406,100.00,4.12,insn per cycle
3.005533172,191723465,,cycles,52863406,100.00,,
3.105706061,32753,,rD044,52729499,100.00,,
3.105706061,806960,,rFF44,52729499,100.00,,
3.105706061,772268297,,instructions,52729499,100.00,4.04,insn per cycle
3.105706061,191223802,,cycles,52729499,100.00,,
3.205880059,1689,,rD044,52578515,100.00,,
3.205880059,786590,,rFF44,52582755,100.00,,
3.205880059,779613758,,instructions,52582755,100.00,4.09,insn per cycle
3.205880059,190652820,,cycles,52582755,100.00,,
3.306062968,32489,,rD044,52988681,100.00,,
3.306062968,815693,,rFF44,52984441,100.00,,
3.306062968,790243595,,instructions,52984441,100.00,4.11,insn per cycle
3.306062968,192275530,,cycles,52984441,100.00,,
3.406239767,32717,,rD044,52685931,100.00,,
3.406239767,789554,,rFF44,52685931,100.00,,
3.406239767,789085904,,instructions,52685931,100.00,4.13,insn per cycle
3.406239767,191079509,,cycles,52685931,100.00,,
3.506415266,32881,,rD044,52831458,100.00,,
3.506415266,809518,,rFF44,52831458,100.00,,
3.506415266,779192684,,instructions,52831458,100.00,4.07,insn per cycle
3.506415266,191560332,,cycles,52831458,100.00,,
3.606592415,32617,,rD044,52813868,100.00,,
3.606592415,808864,,rFF44,52813868,100.00,,
3.606592415,786839002,,instructions,52813868,100.00,4.11,insn per cycle
3.606592415,191552268,,cycles,52813868,100.00,,
3.706778014,32329,,rD044,52531369,100.00,,
3.706778014,775792,,rFF44,52531369,100.00,,
3.706778014,782226620,,instructions,52531369,100.00,4.11,insn per cycle
3.706778014,190477295,,cycles,52531369,100.00,,
3.806964013,32866,,rD044,52832268,100.00,,
3.806964013,817940,,rFF44,52832268,100.00,,
3.806964013,790142222,,instructions,52832268,100.00,4.12,insn per cycle
3.806964013,191670728,,cycles,52840518,100.00,,
3.907148832,32621,,rD044,52573640,100.00,,
3.907148832,815226,,rFF44,52573640,100.00,,
3.907148832,772680634,,instructions,52573640,100.00,4.05,insn per cycle
3.907148832,190618632,,cycles,52565390,100.00,,
4.007326221,32369,,rD044,52569639,100.00,,
4.007326221,804676,,rFF44,52569639,100.00,,
4.007326221,770157543,,instructions,52569639,100.00,4.04,insn per cycle
4.007326221,190598412,,cycles,52569639,100.00,,
4.107499779,2050,,rD044,52609955,100.00,,
4.107499779,772490,,rFF44,52609955,100.00,,
4.107499779,786892516,,instructions,52609955,100.00,4.12,insn per cycle
4.107499779,190778353,,cycles,52609955,100.00,,
4.207678658,32312,,rD044,52596821,100.00,,
4.207678658,805610,,rFF44,52596821,100.00,,
4.207678658,775353717,,instructions,52596821,100.00,4.07,insn per cycle
4.207678658,190700569,,cycles,52596821,100.00,,
4.307854667,32396,,rD044,52506320,100.00,,
4.307854667,806690,,rFF44,52513550,100.00,,
4.307854667,770883333,,instructions,52516890,100.00,4.05,insn per cycle
4.307854667,190425438,,cycles,52516890,100.00,,
4.408043826,32962,,rD044,52881780,100.00,,
4.408043826,816744,,rFF44,52874550,100.00,,
4.408043826,792371856,,instructions,52871210,100.00,4.13,insn per cycle
4.408043826,191805733,,cycles,52871210,100.00,,
4.508222375,32741,,rD044,52919227,100.00,,
4.508222375,810250,,rFF44,52919227,100.00,,
4.508222375,785761602,,instructions,52919227,100.00,4.09,insn per cycle
4.508222375,191944518,,cycles,52919227,100.00,,
4.608400054,32371,,rD044,52666806,100.00,,
4.608400054,763849,,rFF44,52672136,100.00,,
4.608400054,785496206,,instructions,52677686,100.00,4.11,insn per cycle
4.608400054,191071660,,cycles,52682626,100.00,,
4.708589193,32935,,rD044,52529180,100.00,,
4.708589193,806025,,rFF44,52529620,100.00,,
4.708589193,786922034,,instructions,52544200,100.00,4.13,insn per cycle
4.708589193,190564260,,cycles,52554900,100.00,,
4.808805922,33076,,rD044,49834126,100.00,,
4.808805922,827339,,rFF44,49828356,100.00,,
4.808805922,734881278,,instructions,49808226,100.00,4.08,insn per cycle
4.808805922,180032129,,cycles,49792586,100.00,,
4.908987651,32572,,rD044,52574486,100.00,,
4.908987651,823004,,rFF44,52574486,100.00,,
4.908987651,773916122,,instructions,52574486,100.00,4.06,insn per cycle
4.908987651,190751812,,cycles,52574486,100.00,,
5.009165070,1822,,rD044,52244383,100.00,,
5.009165070,781137,,rFF44,52244383,100.00,,
5.009165070,773686887,,instructions,52244383,100.00,4.09,insn per cycle
5.009165070,189380564,,cycles,52244383,100.00,,
5.109345389,32623,,rD044,52590374,100.00,,
5.109345389,812189,,rFF44,52590374,100.00,,
5.109345389,773756446,,instructions,52590374,100.00,4.06,insn per cycle
5.109345389,190673658,,cycles,52590374,100.00,,
5.209520798,32252,,rD044,52573016,100.00,,
5.209520798,796929,,rFF44,52576276,100.00,,
5.209520798,773211014,,instructions,52576276,100.00,4.06,insn per cycle
5.209520798,190617897,,cycles,52576276,100.00,,
5.309711767,32379,,rD044,52630160,100.00,,
5.309711767,802032,,rFF44,52626900,100.00,,
5.309711767,782547885,,instructions,52626900,100.00,4.10,insn per cycle
5.309711767,190861279,,cycles,52626900,100.00,,
5.409886145,32475,,rD044,52799766,100.00,,
5.409886145,775806,,rFF44,52805246,100.00,,
5.409886145,787421101,,instructions,52810456,100.00,4.11,insn per cycle
5.409886145,191575249,,cycles,52810456,100.00,,
5.510080064,32296,,rD044,52892571,100.00,,
5.510080064,815818,,rFF44,52887091,100.00,,
5.510080064,791968577,,instructions,52881881,100.00,4.13,insn per cycle
5.510080064,191833078,,cycles,52881881,100.00,,
5.610253243,32375,,rD044,53037481,100.00,,
5.610253243,815715,,rFF44,53037481,100.00,,
5.610253243,786902482,,instructions,53037481,100.00,4.09,insn per cycle
5.610253243,192483543,,cycles,53037481,100.00,,
5.710431502,32663,,rD044,53027548,100.00,,
5.710431502,805069,,rFF44,53032398,100.00,,
5.710431502,796378614,,instructions,53032398,100.00,4.14,insn per cycle
5.710431502,192430402,,cycles,53032398,100.00,,
5.810628541,32360,,rD044,53061290,100.00,,
5.810628541,804583,,rFF44,53056440,100.00,,
5.810628541,796353313,,instructions,53056440,100.00,4.14,insn per cycle
5.810628541,192490716,,cycles,53056440,100.00,,
5.910806800,1979,,rD044,52706167,100.00,,
5.910806800,772696,,rFF44,52706167,100.00,,
5.910806800,780392718,,instructions,52706167,100.00,4.08,insn per cycle
5.910806800,191150530,,cycles,52706167,100.00,,
6.010979939,32297,,rD044,52544253,100.00,,
6.010979939,803349,,rFF44,52549623,100.00,,
6.010979939,789455851,,instructions,52554023,100.00,4.14,insn per cycle
6.010979939,190583002,,cycles,52558793,100.00,,
6.111168768,32494,,rD044,52632189,100.00,,
6.111168768,813405,,rFF44,52632989,100.00,,
6.111168768,792578654,,instructions,52633119,100.00,4.15,insn per cycle
6.111168768,190845535,,cycles,52633259,100.00,,
6.211356027,32614,,rD044,52411524,100.00,,
6.211356027,813056,,rFF44,52411684,100.00,,
6.211356027,788873956,,instructions,52412604,100.00,4.15,insn per cycle
6.211356027,190033562,,cycles,52412534,100.00,,
6.311550956,32508,,rD044,52628415,100.00,,
6.311550956,770366,,rFF44,52628175,100.00,,
6.311550956,795539009,,instructions,52627255,100.00,4.17,insn per cycle
6.311550956,190855188,,cycles,52626915,100.00,,
6.411747165,32379,,rD044,52607110,100.00,,
6.411747165,800921,,rFF44,52606210,100.00,,
6.411747165,793067164,,instructions,52606010,100.00,4.16,insn per cycle
6.411747165,190792915,,cycles,52606700,100.00,,
6.511936144,33343,,rD044,52610180,100.00,,
6.511936144,810465,,rFF44,52610490,100.00,,
6.511936144,793278021,,instructions,52611200,100.00,4.16,insn per cycle
6.511936144,190777469,,cycles,52612150,100.00,,
6.612128543,32636,,rD044,52574291,100.00,,
6.612128543,806379,,rFF44,52568791,100.00,,
6.612128543,794741969,,instructions,52570401,100.00,4.17,insn per cycle
6.612128543,190604559,,cycles,52568581,100.00,,
6.712326392,32738,,rD044,53217864,100.00,,
6.712326392,817017,,rFF44,53217864,100.00,,
6.712326392,805151047,,instructions,53211214,100.00,4.17,insn per cycle
6.712326392,193095154,,cycles,53206894,100.00,,
6.812508201,1955,,rD044,52313027,100.00,,
6.812508201,790009,,rFF44,52313027,100.00,,
6.812508201,805325846,,instructions,52313027,100.00,4.25,insn per cycle
6.812508201,189633989,,cycles,52313027,100.00,,
6.912686830,32355,,rD044,52329097,100.00,,
6.912686830,803822,,rFF44,52329097,100.00,,
6.912686830,805305542,,instructions,52329097,100.00,4.24,insn per cycle
6.912686830,189712860,,cycles,52329097,100.00,,
7.012860159,32676,,rD044,52497942,100.00,,
7.012860159,809649,,rFF44,52497942,100.00,,
7.012860159,805720804,,instructions,52497942,100.00,4.23,insn per cycle
7.012860159,190351468,,cycles,52497942,100.00,,
7.113038828,32719,,rD044,52532599,100.00,,
7.113038828,807211,,rFF44,52532599,100.00,,
7.113038828,806829806,,instructions,52532599,100.00,4.23,insn per cycle
7.113038828,190526639,,cycles,52532599,100.00,,
7.213211527,32689,,rD044,52661566,100.00,,
7.213211527,813875,,rFF44,52661566,100.00,,
7.213211527,805562426,,instructions,52661566,100.00,4.22,insn per cycle
7.213211527,191007058,,cycles,52661566,100.00,,
7.313390755,32475,,rD044,52943874,100.00,,
7.313390755,823387,,rFF44,52949644,100.00,,
7.313390755,805817863,,instructions,52949644,100.00,4.19,insn per cycle
7.313390755,192090272,,cycles,52949644,100.00,,
7.413570194,32565,,rD044,52887763,100.00,,
7.413570194,790576,,rFF44,52881993,100.00,,
7.413570194,805549858,,instructions,52881993,100.00,4.20,insn per cycle
7.413570194,191835699,,cycles,52881993,100.00,,
7.513758843,32649,,rD044,52863910,100.00,,
7.513758843,805289,,rFF44,52863910,100.00,,
7.513758843,804300304,,instructions,52863910,100.00,4.19,insn per cycle
7.513758843,191775853,,cycles,52863910,100.00,,
7.613932593,32906,,rD044,52922696,100.00,,
7.613932593,811951,,rFF44,52922696,100.00,,
7.613932593,802612190,,instructions,52922696,100.00,4.18,insn per cycle
7.613932593,191967991,,cycles,52922696,100.00,,
7.714108719,32415,,rD044,52703177,100.00,,
7.714108719,806266,,rFF44,52703177,100.00,,
7.714108719,801239103,,instructions,52703177,100.00,4.19,insn per cycle
7.714108719,191175995,,cycles,52703177,100.00,,
7.814282895,32500,,rD044,52730602,100.00,,
7.814282895,820098,,rFF44,52736562,100.00,,
7.814282895,800152507,,instructions,52739662,100.00,4.18,insn per cycle
7.814282895,191265393,,cycles,52739662,100.00,,
7.914471420,1766,,rD044,52437831,100.00,,
7.914471420,784507,,rFF44,52437511,100.00,,
7.914471420,800327398,,instructions,52434411,100.00,4.21,insn per cycle
7.914471420,190116862,,cycles,52434411,100.00,,
8.014650166,32404,,rD044,52792984,100.00,,
8.014650166,807614,,rFF44,52787344,100.00,,
8.014650166,800758758,,instructions,52787344,100.00,4.18,insn per cycle
8.014650166,191493680,,cycles,52787344,100.00,,
8.114825772,32657,,rD044,52832702,100.00,,
8.114825772,802770,,rFF44,52832702,100.00,,
8.114825772,801412430,,instructions,52832702,100.00,4.18,insn per cycle
8.114825772,191636153,,cycles,52832702,100.00,,
8.215000397,32152,,rD044,52734698,100.00,,
8.215000397,801903,,rFF44,52734698,100.00,,
8.215000397,801699380,,instructions,52734698,100.00,4.19,insn per cycle
8.215000397,191285080,,cycles,52734698,100.00,,
8.315173773,32522,,rD044,52814929,100.00,,
8.315173773,777449,,rFF44,52814929,100.00,,
8.315173773,803382587,,instructions,52814929,100.00,4.19,insn per cycle
8.315173773,191535916,,cycles,52814929,100.00,,
8.415351159,32584,,rD044,52947863,100.00,,
8.415351159,814827,,rFF44,52947863,100.00,,
8.415351159,802513253,,instructions,52947863,100.00,4.18,insn per cycle
8.415351159,192093847,,cycles,52947863,100.00,,
8.515530644,32360,,rD044,52962679,100.00,,
8.515530644,812810,,rFF44,52966189,100.00,,
8.515530644,802755769,,instructions,52966189,100.00,4.18,insn per cycle
8.515530644,192178746,,cycles,52966189,100.00,,
8.615716790,32566,,rD044,53044212,100.00,,
8.615716790,810218,,rFF44,53040702,100.00,,
8.615716790,803370215,,instructions,53040702,100.00,4.17,insn per cycle
8.615716790,192455660,,cycles,53040702,100.00,,
8.715891516,32652,,rD044,53046864,100.00,,
8.715891516,801277,,rFF44,53053264,100.00,,
8.715891516,804170882,,instructions,53057465,100.00,4.18,insn per cycle
8.715891516,192443839,,cycles,53057465,100.00,,
8.816083502,2032,,rD044,52894135,100.00,,
8.816083502,770937,,rFF44,52887735,100.00,,
8.816083502,804729642,,instructions,52883534,100.00,4.19,insn per cycle
8.816083502,191838844,,cycles,52883534,100.00,,
8.916259057,32520,,rD044,52995784,100.00,,
8.916259057,809477,,rFF44,53001184,100.00,,
8.916259057,805385519,,instructions,53006614,100.00,4.19,insn per cycle
8.916259057,192295768,,cycles,53011324,100.00,,
9.016452443,32415,,rD044,52362788,100.00,,
9.016452443,813066,,rFF44,52362818,100.00,,
9.016452443,795313084,,instructions,52362058,100.00,4.19,insn per cycle
9.016452443,189868124,,cycles,52361928,100.00,,
9.116634759,32552,,rD044,52626684,100.00,,
9.116634759,822062,,rFF44,52626474,100.00,,
9.116634759,797766798,,instructions,52626264,100.00,4.18,insn per cycle
9.116634759,190827147,,cycles,52626684,100.00,,
9.216824435,32681,,rD044,52801537,100.00,,
9.216824435,809271,,rFF44,52801857,100.00,,
9.216824435,802014314,,instructions,52801737,100.00,4.19,insn per cycle
9.216824435,191459168,,cycles,52801437,100.00,,
9.317012270,32159,,rD044,52521790,100.00,,
9.317012270,760776,,rFF44,52522120,100.00,,
9.317012270,803823876,,instructions,52523020,100.00,4.22,insn per cycle
9.317012270,190452479,,cycles,52524240,100.00,,
9.417203936,32785,,rD044,51931326,100.00,,
9.417203936,802095,,rFF44,51930696,100.00,,
9.417203936,789404074,,instructions,51929966,100.00,4.19,insn per cycle
9.417203936,188232068,,cycles,51928666,100.00,,
9.517391102,33180,,rD044,52721473,100.00,,
9.517391102,817524,,rFF44,52721493,100.00,,
9.517391102,801270611,,instructions,52721233,100.00,4.19,insn per cycle
9.517391102,191182698,,cycles,52720943,100.00,,
9.617583188,32660,,rD044,52557002,100.00,,
9.617583188,817605,,rFF44,52557342,100.00,,
9.617583188,801053851,,instructions,52558202,100.00,4.20,insn per cycle
9.617583188,190591216,,cycles,52558382,100.00,,
9.717779584,32601,,rD044,52414028,100.00,,
9.717779584,819943,,rFF44,52414558,100.00,,
9.717779584,796668993,,instructions,52414078,100.00,4.19,insn per cycle
9.717779584,190031275,,cycles,52414448,100.00,,
9.817972479,2002,,rD044,52698878,100.00,,
9.817972479,776816,,rFF44,52697908,100.00,,
9.817972479,805669661,,instructions,52698108,100.00,4.22,insn per cycle
9.817972479,191109301,,cycles,52698089,100.00,,
9.918162365,32455,,rD044,52534730,100.00,,
9.918162365,803090,,rFF44,52529570,100.00,,
9.918162365,802323865,,instructions,52524740,100.00,4.21,insn per cycle
9.918162365,190459220,,cycles,52519879,100.00,,
10.018340651,32858,,rD044,52673686,100.00,,
10.018340651,806188,,rFF44,52679206,100.00,,
10.018340651,812709796,,instructions,52684706,100.00,4.25,insn per cycle
10.018340651,191071614,,cycles,52689336,100.00,,
10.118523327,32417,,rD044,52327009,100.00,,
10.118523327,807817,,rFF44,52327639,100.00,,
10.118523327,805216189,,instructions,52326579,100.00,4.24,insn per cycle
10.118523327,189720966,,cycles,52326649,100.00,,
10.218713972,32566,,rD044,52574022,100.00,,
10.218713972,812709,,rFF44,52572852,100.00,,
10.218713972,807344537,,instructions,52572792,100.00,4.23,insn per cycle
10.218713972,190647806,,cycles,52573142,100.00,,
10.318898968,32626,,rD044,52606538,100.00,,
10.318898968,780224,,rFF44,52607008,100.00,,
10.318898968,811060092,,instructions,52608068,100.00,4.25,insn per cycle
10.318898968,190792256,,cycles,52608158,100.00,,
10.419092224,32754,,rD044,51940502,100.00,,
10.419092224,788168,,rFF44,51935052,100.00,,
10.419092224,797979579,,instructions,51929612,100.00,4.24,insn per cycle
10.419092224,188299230,,cycles,51924472,100.00,,
10.519265410,32707,,rD044,52589685,100.00,,
10.519265410,806913,,rFF44,52589685,100.00,,
10.519265410,807038355,,instructions,52589685,100.00,4.23,insn per cycle
10.519265410,190684106,,cycles,52589685,100.00,,
10.619440245,32363,,rD044,52653414,100.00,,
10.619440245,803931,,rFF44,52653414,100.00,,
10.619440245,808030586,,instructions,52653414,100.00,4.23,insn per cycle
10.619440245,190966269,,cycles,52653414,100.00,,
10.719626751,32248,,rD044,52560060,100.00,,
10.719626751,806977,,rFF44,52560060,100.00,,
10.719626751,806964452,,instructions,52560060,100.00,4.23,insn per cycle
10.719626751,190621053,,cycles,52560060,100.00,,
10.819802817,2489,,rD044,52464854,100.00,,
10.819802817,789014,,rFF44,52464854,100.00,,
10.819802817,807177601,,instructions,52464854,100.00,4.24,insn per cycle
10.819802817,190240564,,cycles,52464854,100.00,,
10.919977872,32359,,rD044,52585979,100.00,,
10.919977872,813681,,rFF44,52585979,100.00,,
10.919977872,806861113,,instructions,52585979,100.00,4.23,insn per cycle
10.919977872,190666645,,cycles,52585979,100.00,,
11.020145958,32778,,rD044,52632637,100.00,,
11.020145958,795956,,rFF44,52632637,100.00,,
11.020145958,806838863,,instructions,52632637,100.00,4.23,insn per cycle
11.020145958,190843406,,cycles,52632637,100.00,,
11.120323474,32330,,rD044,52513766,100.00,,
11.120323474,794855,,rFF44,52513766,100.00,,
11.120323474,806769166,,instructions,52513766,100.00,4.24,insn per cycle
11.120323474,190442449,,cycles,52513766,100.00,,
11.220496459,32719,,rD044,52586466,100.00,,
11.220496459,806530,,rFF44,52586466,100.00,,
11.220496459,806986541,,instructions,52586466,100.00,4.23,insn per cycle
11.220496459,190677930,,cycles,52586466,100.00,,
11.320671395,32720,,rD044,52483295,100.00,,
11.320671395,784092,,rFF44,52483295,100.00,,
11.320671395,807133015,,instructions,52483295,100.00,4.24,insn per cycle
11.320671395,190277231,,cycles,52483295,100.00,,
11.420841170,32620,,rD044,52653263,100.00,,
11.420841170,820319,,rFF44,52653263,100.00,,
11.420841170,807024159,,instructions,52653263,100.00,4.23,insn per cycle
11.420841170,190939222,,cycles,52653263,100.00,,
11.521027136,33135,,rD044,52684947,100.00,,
11.521027136,805414,,rFF44,52684947,100.00,,
11.521027136,806833023,,instructions,52684947,100.00,4.22,insn per cycle
11.521027136,191147444,,cycles,52684947,100.00,,
11.621202912,32264,,rD044,52530874,100.00,,
11.621202912,797801,,rFF44,52530874,100.00,,
11.621202912,806918258,,instructions,52530874,100.00,4.24,insn per cycle
11.621202912,190498830,,cycles,52530874,100.00,,
11.721378868,32735,,rD044,52633092,100.00,,
11.721378868,798559,,rFF44,52633092,100.00,,
11.721378868,806895840,,instructions,52633092,100.00,4.23,insn per cycle
11.721378868,190828260,,cycles,52633092,100.00,,
11.821553713,1962,,rD044,52383915,100.00,,
11.821553713,774730,,rFF44,52383915,100.00,,
11.821553713,808045468,,instructions,52383915,100.00,4.25,insn per cycle
11.821553713,189934053,,cycles,52383915,100.00,,
11.921745069,32552,,rD044,52562155,100.00,,
11.921745069,811211,,rFF44,52562155,100.00,,
11.921745069,806855769,,instructions,52562155,100.00,4.23,insn per cycle
11.921745069,190610515,,cycles,52562155,100.00,,
12.021918534,32702,,rD044,52506186,100.00,,
12.021918534,815935,,rFF44,52506186,100.00,,
12.021918534,806906126,,instructions,52506186,100.00,4.24,insn per cycle
12.021918534,190421415,,cycles,52506186,100.00,,
12.122097820,32289,,rD044,52497563,100.00,,
12.122097820,810867,,rFF44,52497563,100.00,,
12.122097820,806898046,,instructions,52497563,100.00,4.24,insn per cycle
12.122097820,190353596,,cycles,52497563,100.00,,
12.222273136,32541,,rD044,52538184,100.00,,
12.222273136,797429,,rFF44,52538184,100.00,,
12.222273136,806914275,,instructions,52538184,100.00,4.24,insn per cycle
12.222273136,190498701,,cycles,52538184,100.00,,
12.322450341,32458,,rD044,52365616,100.00,,
12.322450341,774857,,rFF44,52365616,100.00,,
12.322450341,806994599,,instructions,52365616,100.00,4.25,insn per cycle
12.322450341,189844391,,cycles,52365616,100.00,,
12.422626507,32583,,rD044,52408957,100.00,,
12.422626507,801006,,rFF44,52408957,100.00,,
12.422626507,806814652,,instructions,52416497,100.00,4.24,insn per cycle
12.422626507,190126166,,cycles,52422807,100.00,,
12.522822033,32775,,rD044,52609067,100.00,,
12.522822033,828590,,rFF44,52609067,100.00,,
12.522822033,807298617,,instructions,52601527,100.00,4.23,insn per cycle
12.522822033,190708886,,cycles,52595217,100.00,,
12.622995988,32236,,rD044,52466275,100.00,,
12.622995988,822487,,rFF44,52466275,100.00,,
12.622995988,807093423,,instructions,52466275,100.00,4.24,insn per cycle
12.622995988,190226071,,cycles,52466275,100.00,,
12.723173414,32731,,rD044,52490668,100.00,,
12.723173414,804707,,rFF44,52490668,100.00,,
12.723173414,807022199,,instructions,52490668,100.00,4.24,insn per cycle
12.723173414,190380896,,cycles,52490668,100.00,,
12.823345690,1782,,rD044,52370543,100.00,,
12.823345690,772950,,rFF44,52370543,100.00,,
12.823345690,807111116,,instructions,52370543,100.00,4.25,insn per cycle
12.823345690,189832199,,cycles,52370543,100.00,,
12.923525595,32589,,rD044,52415255,100.00,,
12.923525595,802114,,rFF44,52415255,100.00,,
12.923525595,807475179,,instructions,52415255,100.00,4.25,insn per cycle
12.923525595,190012419,,cycles,52415255,100.00,,
13.023695781,32649,,rD044,52136354,100.00,,
13.023695781,816492,,rFF44,52141974,100.00,,
13.023695781,802225900,,instructions,52146834,100.00,4.24,insn per cycle
13.023695781,188992069,,cycles,52151954,100.00,,
13.123886856,32426,,rD044,52321434,100.00,,
13.123886856,816838,,rFF44,52320834,100.00,,
13.123886856,809578063,,instructions,52320524,100.00,4.27,insn per cycle
13.123886856,189699934,,cycles,52320164,100.00,,
13.224071582,32465,,rD044,51952484,100.00,,
13.224071582,786235,,rFF44,51951304,100.00,,
13.224071582,802125889,,instructions,51946754,100.00,4.26,insn per cycle
13.224071582,188261599,,cycles,51941994,100.00,,
13.324254648,32822,,rD044,51054283,100.00,,
13.324254648,821322,,rFF44,51055643,100.00,,
13.324254648,773697796,,instructions,51058583,100.00,4.19,insn per cycle
13.324254648,184701688,,cycles,51058583,100.00,,
13.424442664,32263,,rD044,51071303,100.00,,
13.424442664,809794,,rFF44,51066103,100.00,,
13.424442664,773480836,,instructions,51063163,100.00,4.19,insn per cycle
13.424442664,184746017,,cycles,51063163,100.00,,
13.524618459,32692,,rD044,52047643,100.00,,
13.524618459,814472,,rFF44,52053163,100.00,,
13.524618459,790846495,,instructions,52058773,100.00,4.19,insn per cycle
13.524618459,188607185,,cycles,52063383,100.00,,
13.624809625,1775,,rD044,52647971,100.00,,
13.624809625,785862,,rFF44,52647341,100.00,,
13.624809625,808369089,,instructions,52647011,100.00,4.23,insn per cycle
13.624809625,190928013,,cycles,52646771,100.00,,
13.724998751,32358,,rD044,51910934,100.00,,
13.724998751,824463,,rFF44,51906044,100.00,,
13.724998751,790244361,,instructions,51900764,100.00,4.20,insn per cycle
13.724998751,188077656,,cycles,51896394,100.00,,
13.825176626,32575,,rD044,51214992,100.00,,
13.825176626,829677,,rFF44,51217662,100.00,,
13.825176626,773665591,,instructions,51217662,100.00,4.18,insn per cycle
13.825176626,185280672,,cycles,51217662,100.00,,
13.925356492,32394,,rD044,50923721,100.00,,
13.925356492,776645,,rFF44,50921051,100.00,,
13.925356492,773597932,,instructions,50921051,100.00,4.20,insn per cycle
13.925356492,184209532,,cycles,50921051,100.00,,
14.025527628,32440,,rD044,52299597,100.00,,
14.025527628,814552,,rFF44,52304987,100.00,,
14.025527628,794751985,,instructions,52310567,100.00,4.19,insn per cycle
14.025527628,189614328,,cycles,52315337,100.00,,
14.125727004,33006,,rD044,52307254,100.00,,
14.125727004,817607,,rFF44,52307104,100.00,,
14.125727004,796294122,,instructions,52306234,100.00,4.20,insn per cycle
14.125727004,189633891,,cycles,52306425,100.00,,
14.225912749,32290,,rD044,52421776,100.00,,
14.225912749,825592,,rFF44,52416536,100.00,,
14.225912749,799618612,,instructions,52411826,100.00,4.21,insn per cycle
14.225912749,190037012,,cycles,52406865,100.00,,
14.326087945,2129,,rD044,50980298,100.00,,
14.326087945,802864,,rFF44,50980298,100.00,,
14.326087945,773738358,,instructions,50980298,100.00,4.20,insn per cycle
14.326087945,184399728,,cycles,50980298,100.00,,
14.426264351,32599,,rD044,51123805,100.00,,
14.426264351,825216,,rFF44,51123805,100.00,,
14.426264351,773691925,,instructions,51123805,100.00,4.18,insn per cycle
14.426264351,184962804,,cycles,51123805,100.00,,
14.526435616,32621,,rD044,52186209,100.00,,
14.526435616,812629,,rFF44,52191189,100.00,,
14.526435616,794676797,,instructions,52196129,100.00,4.20,insn per cycle
14.526435616,189159129,,cycles,52200490,100.00,,
14.626627102,32644,,rD044,52618652,100.00,,
14.626627102,814753,,rFF44,52618872,100.00,,
14.626627102,801297568,,instructions,52619502,100.00,4.20,insn per cycle
14.626627102,190819853,,cycles,52619921,100.00,,
14.726815258,32425,,rD044,51885221,100.00,,
14.726815258,782864,,rFF44,51880021,100.00,,
14.726815258,793337488,,instructions,51874451,100.00,4.22,insn per cycle
14.726815258,187952492,,cycles,51869671,100.00,,
14.826991763,32787,,rD044,50664714,100.00,,
14.826991763,831665,,rFF44,50664714,100.00,,
14.826991763,773763027,,instructions,50664714,100.00,4.22,insn per cycle
14.826991763,183200667,,cycles,50664714,100.00,,
14.927161369,32621,,rD044,51277746,100.00,,
14.927161369,833696,,rFF44,51283726,100.00,,
14.927161369,785798387,,instructions,51288106,100.00,4.23,insn per cycle
14.927161369,185606516,,cycles,51293926,100.00,,
15.027356895,1784,,rD044,49883402,100.00,,
15.027356895,788286,,rFF44,49883482,100.00,,
15.027356895,762927960,,instructions,49883822,100.00,4.23,insn per cycle
15.027356895,180351669,,cycles,49883332,100.00,,
15.127548691,32360,,rD044,51779701,100.00,,
15.127548691,820264,,rFF44,51778981,100.00,,
15.127548691,795883425,,instructions,51779031,100.00,4.24,insn per cycle
15.127548691,187645732,,cycles,51778411,100.00,,
15.227749847,33091,,rD044,52479649,100.00,,
15.227749847,815906,,rFF44,52479369,100.00,,
15.227749847,809452252,,instructions,52478619,100.00,4.25,insn per cycle
15.227749847,190308006,,cycles,52478859,100.00,,
15.327940442,32369,,rD044,51225621,100.00,,
15.327940442,822088,,rFF44,51220561,100.00,,
15.327940442,783899347,,instructions,51216541,100.00,4.23,insn per cycle
15.327940442,185371220,,cycles,51211591,100.00,,
15.428119088,32546,,rD044,50607995,100.00,,
15.428119088,798838,,rFF44,50607995,100.00,,
15.428119088,773687832,,instructions,50607995,100.00,4.23,insn per cycle
15.428119088,182983377,,cycles,50607995,100.00,,
15.528288594,32707,,rD044,51962465,100.00,,
15.528288594,828728,,rFF44,51967425,100.00,,
15.528288594,797600190,,instructions,51971985,100.00,4.24,insn per cycle
15.528288594,188301866,,cycles,51976955,100.00,,
15.628479289,32511,,rD044,52511151,100.00,,
15.628479289,808202,,rFF44,52511591,100.00,,
15.628479289,807677712,,instructions,52511901,100.00,4.24,insn per cycle
15.628479289,190384998,,cycles,52511621,100.00,,
15.728669215,32504,,rD044,51581591,100.00,,
15.728669215,811081,,rFF44,51576191,100.00,,
15.728669215,783695112,,instructions,51571321,100.00,4.20,insn per cycle
15.728669215,186805384,,cycles,51566631,100.00,,
15.828849291,2014,,rD044,50957138,100.00,,
15.828849291,789042,,rFF44,50957138,100.00,,
15.828849291,773592426,,instructions,50957138,100.00,4.20,insn per cycle
15.828849291,184315671,,cycles,50957138,100.00,,
15.929021816,32354,,rD044,51257449,100.00,,
15.929021816,828217,,rFF44,51263039,100.00,,
15.929021816,776263884,,instructions,51267639,100.00,4.18,insn per cycle
15.929021816,185534825,,cycles,51272919,100.00,,
16.029206292,32571,,rD044,52887165,100.00,,
16.029206292,828885,,rFF44,52886945,100.00,,
16.029206292,806443736,,instructions,52887125,100.00,4.21,insn per cycle
16.029206292,191772542,,cycles,52887155,100.00,,
16.129395838,32662,,rD044,52632191,100.00,,
16.129395838,790408,,rFF44,52626821,100.00,,
16.129395838,806433764,,instructions,52622041,100.00,4.23,insn per cycle
16.129395838,190817704,,cycles,52616731,100.00,,
16.229569613,32498,,rD044,50992803,100.00,,
16.229569613,816801,,rFF44,50992803,100.00,,
16.229569613,773597814,,instructions,50992803,100.00,4.19,insn per cycle
16.229569613,184503239,,cycles,50992803,100.00,,
16.329756909,32564,,rD044,51196278,100.00,,
16.329756909,826697,,rFF44,51196278,100.00,,
16.329756909,773748415,,instructions,51196278,100.00,4.18,insn per cycle
16.329756909,185264671,,cycles,51196278,100.00,,
16.429931135,32292,,rD044,51654070,100.00,,
16.429931135,820827,,rFF44,51659840,100.00,,
16.429931135,784520791,,instructions,51664560,100.00,4.19,insn per cycle
16.429931135,187086810,,cycles,51669170,100.00,,
16.530116881,1840,,rD044,52662816,100.00,,
16.530116881,792153,,rFF44,52662596,100.00,,
16.530116881,807657171,,instructions,52662156,100.00,4.23,insn per cycle
16.530116881,190977230,,cycles,52663296,100.00,,
16.630305626,32701,,rD044,52328016,100.00,,
16.630305626,838396,,rFF44,52322466,100.00,,
16.630305626,797910857,,instructions,52318186,100.00,4.21,insn per cycle
16.630305626,189653183,,cycles,52312436,100.00,,
16.730483722,32558,,rD044,50706575,100.00,,
16.730483722,831020,,rFF44,50706575,100.00,,
16.730483722,773578001,,instructions,50706575,100.00,4.22,insn per cycle
16.730483722,183370996,,cycles,50706575,100.00,,
16.830656478,32312,,rD044,50530096,100.00,,
16.830656478,783358,,rFF44,50535687,100.00,,
16.830656478,775956716,,instructions,50540497,100.00,4.25,insn per cycle
16.830656478,182736517,,cycles,50545457,100.00,,
16.930848663,32610,,rD044,52796488,100.00,,
16.930848663,819977,,rFF44,52796157,100.00,,
16.930848663,814260270,,instructions,52795547,100.00,4.25,insn per cycle
16.930848663,191471458,,cycles,52795027,100.00,,
17.031031169,32423,,rD044,51814304,100.00,,
17.031031169,813461,,rFF44,51813264,100.00,,
17.031031169,798724043,,instructions,51809064,100.00,4.25,insn per cycle
17.031031169,187717993,,cycles,51804624,100.00,,
17.131220195,32832,,rD044,50735055,100.00,,
17.131220195,839558,,rFF44,50730835,100.00,,
17.131220195,773678648,,instructions,50730835,100.00,4.22,insn per cycle
17.131220195,183467965,,cycles,50730835,100.00,,
17.231394860,1933,,rD044,50814950,100.00,,
17.231394860,801925,,rFF44,50820200,100.00,,
17.231394860,780244801,,instructions,50824560,100.00,4.24,insn per cycle
17.231394860,183871853,,cycles,50829350,100.00,,
17.331585376,32811,,rD044,52651139,100.00,,
17.331585376,808354,,rFF44,52651229,100.00,,
17.331585376,812251981,,instructions,52651889,100.00,4.25,insn per cycle
17.331585376,190991350,,cycles,52659649,100.00,,
17.431776092,32361,,rD044,51914312,100.00,,
17.431776092,814135,,rFF44,51908972,100.00,,
17.431776092,796750764,,instructions,51903952,100.00,4.24,insn per cycle
17.431776092,188081117,,cycles,51891402,100.00,,
17.531954648,32725,,rD044,50838703,100.00,,
17.531954648,826752,,rFF44,50838703,100.00,,
17.531954648,774673575,,instructions,50838703,100.00,4.21,insn per cycle
17.531954648,183875239,,cycles,50838703,100.00,,
17.632126403,32284,,rD044,50748326,100.00,,
17.632126403,790572,,rFF44,50753426,100.00,,
17.632126403,776270834,,instructions,50757956,100.00,4.23,insn per cycle
17.632126403,183586066,,cycles,50763256,100.00,,
17.732321419,32442,,rD044,52682251,100.00,,
17.732321419,832656,,rFF44,52682701,100.00,,
17.732321419,808668358,,instructions,52682861,100.00,4.23,insn per cycle
17.732321419,191081482,,cycles,52682671,100.00,,
17.832511935,32545,,rD044,52413768,100.00,,
17.832511935,819769,,rFF44,52408218,100.00,,
17.832511935,803032089,,instructions,52403528,100.00,4.23,insn per cycle
17.832511935,190032797,,cycles,52398418,100.00,,
17.932690620,32626,,rD044,50877543,100.00,,
17.932690620,808493,,rFF44,50877543,100.00,,
17.932690620,772688125,,instructions,50877543,100.00,4.20,insn per cycle
17.932690620,184075519,,cycles,50877543,100.00,,
18.032864466,1758,,rD044,50589590,100.00,,
18.032864466,782899,,rFF44,50589590,100.00,,
18.032864466,772721645,,instructions,50589590,100.00,4.22,insn per cycle
18.032864466,182937623,,cycles,50589590,100.00,,
18.133043082,32651,,rD044,51789893,100.00,,
18.133043082,815003,,rFF44,51795493,100.00,,
18.133043082,792571322,,instructions,51800273,100.00,4.22,insn per cycle
18.133043082,187668829,,cycles,51805283,100.00,,
18.233233487,32414,,rD044,52626744,100.00,,
18.233233487,818432,,rFF44,52626924,100.00,,
18.233233487,808130777,,instructions,52626364,100.00,4.23,insn per cycle
18.233233487,190878083,,cycles,52626124,100.00,,
18.333422863,32571,,rD044,51859289,100.00,,
18.333422863,833999,,rFF44,51860539,100.00,,
18.333422863,787395278,,instructions,51859849,100.00,4.19,insn per cycle
18.333422863,187886520,,cycles,51855079,100.00,,
18.433623969,32272,,rD044,50736388,100.00,,
18.433623969,791277,,rFF44,50733188,100.00,,
18.433623969,769369040,,instructions,50729658,100.00,4.19,insn per cycle
18.433623969,183438346,,cycles,50729658,100.00,,
18.533809935,32576,,rD044,51495025,100.00,,
18.533809935,812219,,rFF44,51491195,100.00,,
18.533809935,765739687,,instructions,51491195,100.00,4.11,insn per cycle
18.533809935,186440782,,cycles,51491195,100.00,,
18.633983420,32441,,rD044,51488217,100.00,,
18.633983420,815114,,rFF44,51493697,100.00,,
18.633983420,768465891,,instructions,51493697,100.00,4.12,insn per cycle
18.633983420,186459674,,cycles,51493697,100.00,,
18.734168406,2126,,rD044,52489212,100.00,,
18.734168406,787327,,rFF44,52489122,100.00,,
18.734168406,785265161,,instructions,52493782,100.00,4.13,insn per cycle
18.734168406,190329890,,cycles,52498442,100.00,,
18.834355902,32211,,rD044,52600816,100.00,,
18.834355902,823965,,rFF44,52600566,100.00,,
18.834355902,782537640,,instructions,52600526,100.00,4.10,insn per cycle
18.834355902,190743174,,cycles,52600406,100.00,,
18.934543678,32426,,rD044,52527367,100.00,,
18.934543678,823030,,rFF44,52527977,100.00,,
18.934543678,788188588,,instructions,52528407,100.00,4.14,insn per cycle
18.934543678,190484681,,cycles,52528957,100.00,,
19.034740144,32435,,rD044,51688961,100.00,,
19.034740144,813141,,rFF44,51683211,100.00,,
19.034740144,768616225,,instructions,51678161,100.00,4.11,insn per cycle
19.034740144,187191234,,cycles,51673071,100.00,,
19.134913169,32654,,rD044,51061169,100.00,,
19.134913169,780395,,rFF44,51061169,100.00,,
19.134913169,765058534,,instructions,51061169,100.00,4.14,insn per cycle
19.134913169,184788526,,cycles,51061169,100.00,,
19.235089885,32849,,rD044,51468657,100.00,,
19.235089885,823250,,rFF44,51468657,100.00,,
19.235089885,759793509,,instructions,51468657,100.00,4.08,insn per cycle
19.235089885,186323005,,cycles,51468657,100.00,,
19.335254700,32420,,rD044,51454712,100.00,,
19.335254700,822580,,rFF44,51459952,100.00,,
19.335254700,765333908,,instructions,51465032,100.00,4.11,insn per cycle
19.335254700,186347097,,cycles,51469402,100.00,,
19.435445746,32861,,rD044,52521539,100.00,,
19.435445746,827591,,rFF44,52522029,100.00,,
19.435445746,780329575,,instructions,52522339,100.00,4.10,insn per cycle
19.435445746,190461447,,cycles,52522739,100.00,,
19.535635562,1815,,rD044,52566717,100.00,,
19.535635562,791775,,rFF44,52566657,100.00,,
19.535635562,788384927,,instructions,52566467,100.00,4.14,insn per cycle
19.535635562,190636356,,cycles,52566937,100.00,,
19.635826948,32553,,rD044,52516887,100.00,,
19.635826948,805822,,rFF44,52511217,100.00,,
19.635826948,781984136,,instructions,52506017,100.00,4.11,insn per cycle
19.635826948,190379818,,cycles,52500777,100.00,,
19.736001163,32470,,rD044,51579847,100.00,,
19.736001163,808661,,rFF44,51585067,100.00,,
19.736001163,763675831,,instructions,51589847,100.00,4.09,insn per cycle
19.736001163,186852732,,cycles,51589847,100.00,,
19.836187829,32455,,rD044,51560679,100.00,,
19.836187829,819283,,rFF44,51560609,100.00,,
19.836187829,754850706,,instructions,51560779,100.00,4.04,insn per cycle
19.836187829,186654254,,cycles,51560779,100.00,,
19.936377125,32616,,rD044,51322490,100.00,,
19.936377125,786508,,rFF44,51321870,100.00,,
19.936377125,750901108,,instructions,51316920,100.00,4.04,insn per cycle
19.936377125,185775357,,cycles,51316920,100.00,,
20.036557530,32489,,rD044,51901330,100.00,,
20.036557530,827525,,rFF44,51902280,100.00,,
20.036557530,759547150,,instructions,51906710,100.00,4.04,insn per cycle
20.036557530,188034664,,cycles,51911350,100.00,,
20.136750936,32711,,rD044,51072741,100.00,,
20.136750936,818645,,rFF44,51067261,100.00,,
20.136750936,740891117,,instructions,51062831,100.00,4.01,insn per cycle
20.136750936,184906177,,cycles,51058191,100.00,,
20.236932502,1669,,rD044,51350644,100.00,,
20.236932502,781119,,rFF44,51356224,100.00,,
20.236932502,760258867,,instructions,51360914,100.00,4.08,insn per cycle
20.236932502,186131780,,cycles,51365494,100.00,,
20.337119928,32827,,rD044,52578345,100.00,,
20.337119928,806333,,rFF44,52578135,100.00,,
20.337119928,780946274,,instructions,52578555,100.00,4.10,insn per cycle
20.337119928,190688606,,cycles,52579025,100.00,,
20.437314684,32422,,rD044,52212303,100.00,,
20.437314684,803381,,rFF44,52212504,100.00,,
20.437314684,773466368,,instructions,52212044,100.00,4.09,insn per cycle
20.437314684,189307491,,cycles,52212054,100.00,,
20.537501859,32593,,rD044,52606117,100.00,,
20.537501859,820824,,rFF44,52606276,100.00,,
20.537501859,776719624,,instructions,52606286,100.00,4.07,insn per cycle
20.537501859,190779956,,cycles,52605676,100.00,,
20.637693335,32402,,rD044,51915919,100.00,,
20.637693335,782953,,rFF44,51910189,100.00,,
20.637693335,764135655,,instructions,51905529,100.00,4.06,insn per cycle
20.637693335,188096041,,cycles,51901079,100.00,,
20.737867641,32512,,rD044,51403018,100.00,,
20.737867641,817974,,rFF44,51403018,100.00,,
20.737867641,755394043,,instructions,51403018,100.00,4.06,insn per cycle
20.737867641,186083552,,cycles,51411558,100.00,,
20.838054767,32320,,rD044,51499499,100.00,,
20.838054767,814058,,rFF44,51499499,100.00,,
20.838054767,754170344,,instructions,51499499,100.00,4.05,insn per cycle
20.838054767,186415456,,cycles,51490959,100.00,,
20.938227482,32409,,rD044,51574743,100.00,,
20.938227482,820197,,rFF44,51580383,100.00,,
20.938227482,754833836,,instructions,51585153,100.00,4.04,insn per cycle
20.938227482,186760601,,cycles,51590293,100.00,,
21.038422218,2028,,rD044,52774330,100.00,,
21.038422218,780283,,rFF44,52774330,100.00,,
21.038422218,780647936,,instructions,52773910,100.00,4.08,insn per cycle
21.038422218,191378256,,cycles,52773910,100.00,,
21.138621774,32495,,rD044,52568307,100.00,,
21.138621774,822508,,rFF44,52568037,100.00,,
21.138621774,772931608,,instructions,52568177,100.00,4.05,insn per cycle
21.138621774,190650429,,cycles,52567797,100.00,,
21.238810189,32825,,rD044,51838116,100.00,,
21.238810189,817060,,rFF44,51832746,100.00,,
21.238810189,768611511,,instructions,51828256,100.00,4.09,insn per cycle
21.238810189,187798055,,cycles,51823496,100.00,,
21.338984265,32461,,rD044,50674943,100.00,,
21.338984265,779760,,rFF44,50678493,100.00,,
21.338984265,750181782,,instructions,50678493,100.00,4.09,insn per cycle
21.338984265,183214514,,cycles,50678493,100.00,,
21.439171471,32354,,rD044,51301509,100.00,,
21.439171471,795841,,rFF44,51297959,100.00,,
21.439171471,762654230,,instructions,51297959,100.00,4.11,insn per cycle
21.439171471,185730339,,cycles,51297959,100.00,,
21.539345697,32557,,rD044,52152813,100.00,,
21.539345697,808278,,rFF44,52158073,100.00,,
21.539345697,775729871,,instructions,52162573,100.00,4.10,insn per cycle
21.539345697,189016728,,cycles,52167253,100.00,,
21.639526692,32593,,rD044,52367521,100.00,,
21.639526692,808471,,rFF44,52367571,100.00,,
21.639526692,778850314,,instructions,52367781,100.00,4.10,insn per cycle
21.639526692,189890014,,cycles,52368161,100.00,,
21.739725438,2042,,rD044,52829927,100.00,,
21.739725438,788173,,rFF44,52829517,100.00,,
21.739725438,789702287,,instructions,52829367,100.00,4.12,insn per cycle
21.739725438,191622493,,cycles,52829427,100.00,,
21.839913464,32826,,rD044,51462474,100.00,,
21.839913464,823232,,rFF44,51462824,100.00,,
21.839913464,759315316,,instructions,51463424,100.00,4.07,insn per cycle
21.839913464,186354726,,cycles,51458304,100.00,,
21.940104390,32250,,rD044,51294948,100.00,,
21.940104390,799059,,rFF44,51289698,100.00,,
21.940104390,757907813,,instructions,51284538,100.00,4.08,insn per cycle
21.940104390,185664334,,cycles,51284538,100.00,,
22.040273765,32241,,rD044,51164964,100.00,,
22.040273765,800739,,rFF44,51164964,100.00,,
22.040273765,755840595,,instructions,51164964,100.00,4.08,insn per cycle
22.040273765,185134515,,cycles,51164964,100.00,,
22.140448591,32651,,rD044,52140060,100.00,,
22.140448591,770732,,rFF44,52146470,100.00,,
22.140448591,775720621,,instructions,52150750,100.00,4.10,insn per cycle
22.140448591,189016478,,cycles,52155650,100.00,,
22.240631106,32525,,rD044,52553235,100.00,,
22.240631106,810531,,rFF44,52552275,100.00,,
22.240631106,780857337,,instructions,52553215,100.00,4.10,insn per cycle
22.240631106,190562018,,cycles,52553145,100.00,,
22.340822752,32563,,rD044,52505247,100.00,,
22.340822752,811245,,rFF44,52505367,100.00,,
22.340822752,780156762,,instructions,52504477,100.00,4.10,insn per cycle
22.340822752,190377319,,cycles,52504617,100.00,,
22.441005368,32409,,rD044,51440172,100.00,,
22.441005368,802515,,rFF44,51434602,100.00,,
22.441005368,762364459,,instructions,51430272,100.00,4.09,insn per cycle
22.441005368,186292649,,cycles,51425302,100.00,,
22.541184824,1933,,rD044,51180110,100.00,,
22.541184824,762713,,rFF44,51180110,100.00,,
22.541184824,762017689,,instructions,51180110,100.00,4.11,insn per cycle
22.541184824,185219220,,cycles,51180110,100.00,,
22.641360219,32713,,rD044,51473207,100.00,,
22.641360219,806468,,rFF44,51473207,100.00,,
22.641360219,762144364,,instructions,51473207,100.00,4.09,insn per cycle
22.641360219,186343707,,cycles,51473207,100.00,,
22.741539175,32359,,rD044,51754765,100.00,,
22.741539175,807702,,rFF44,51759935,100.00,,
22.741539175,778931262,,instructions,51764825,100.00,4.15,insn per cycle
22.741539175,187473519,,cycles,51769285,100.00,,
22.841735621,32742,,rD044,52591620,100.00,,
22.841735621,813769,,rFF44,52591850,100.00,,
22.841735621,788468144,,instructions,52591390,100.00,4.13,insn per cycle
22.841735621,190716019,,cycles,52591350,100.00,,
22.941929607,32836,,rD044,52146600,100.00,,
22.941929607,781180,,rFF44,52141200,100.00,,
22.941929607,794086984,,instructions,52144810,100.00,4.20,insn per cycle
22.941929607,189053543,,cycles,52145130,100.00,,
23.042107832,32396,,rD044,51063222,100.00,,
23.042107832,809073,,rFF44,51063222,100.00,,
23.042107832,761914085,,instructions,51055182,100.00,4.12,insn per cycle
23.042107832,184721687,,cycles,51058972,100.00,,
23.142295058,32537,,rD044,51032734,100.00,,
23.142295058,807518,,rFF44,51032734,100.00,,
23.142295058,759207480,,instructions,51032734,100.00,4.11,insn per cycle
23.142295058,184604681,,cycles,51024204,100.00,,
23.242468234,32453,,rD044,51620853,100.00,,
23.242468234,803563,,rFF44,51626683,100.00,,
23.242468234,782854499,,instructions,51631013,100.00,4.19,insn per cycle
23.242468234,187006308,,cycles,51636123,100.00,,
23.342663690,2073,,rD044,52791801,100.00,,
23.342663690,773551,,rFF44,52791391,100.00,,
23.342663690,797747071,,instructions,52791621,100.00,4.17,insn per cycle
23.342663690,191501960,,cycles,52791361,100.00,,
23.442844955,32625,,rD044,52372098,100.00,,
23.442844955,818211,,rFF44,52366678,100.00,,
23.442844955,782017547,,instructions,52362118,100.00,4.12,insn per cycle
23.442844955,189863418,,cycles,52357268,100.00,,
23.543022861,32497,,rD044,51640709,100.00,,
23.543022861,823497,,rFF44,51640709,100.00,,
23.543022861,766745160,,instructions,51640709,100.00,4.10,insn per cycle
23.543022861,187046189,,cycles,51640709,100.00,,
23.643195426,32634,,rD044,51341384,100.00,,
23.643195426,806618,,rFF44,51341384,100.00,,
23.643195426,759099195,,instructions,51341384,100.00,4.08,insn per cycle
23.643195426,185854161,,cycles,51341384,100.00,,
23.743376112,32566,,rD044,51300613,100.00,,
23.743376112,775097,,rFF44,51300613,100.00,,
23.743376112,761151878,,instructions,51300613,100.00,4.10,insn per cycle
23.743376112,185641449,,cycles,51300613,100.00,,
23.843548288,32546,,rD044,51872854,100.00,,
23.843548288,813546,,rFF44,51877644,100.00,,
23.843548288,772664595,,instructions,51881744,100.00,4.11,insn per cycle
23.843548288,187984623,,cycles,51886284,100.00,,
23.943749624,32595,,rD044,52767691,100.00,,
23.943749624,813357,,rFF44,52768651,100.00,,
23.943749624,783883783,,instructions,52769211,100.00,4.10,insn per cycle
23.943749624,191401996,,cycles,52769351,100.00,,
24.043934899,32649,,rD044,52428102,100.00,,
24.043934899,817431,,rFF44,52427562,100.00,,
24.043934899,777210916,,instructions,52427472,100.00,4.09,insn per cycle
24.043934899,190078102,,cycles,52427652,100.00,,
24.144126365,2043,,rD044,52416111,100.00,,
24.144126365,779154,,rFF44,52416211,100.00,,
24.144126365,783968296,,instructions,52416551,100.00,4.13,insn per cycle
24.144126365,190004957,,cycles,52417171,100.00,,
24.244314891,32490,,rD044,51490734,100.00,,
24.244314891,801125,,rFF44,51485424,100.00,,
24.244314891,757707487,,instructions,51480514,100.00,4.07,insn per cycle
24.244314891,186359613,,cycles,51475034,100.00,,
24.344487737,32369,,rD044,51530016,100.00,,
24.344487737,806000,,rFF44,51530016,100.00,,
24.344487737,760502024,,instructions,51530016,100.00,4.08,insn per cycle
24.344487737,186602174,,cycles,51530016,100.00,,
24.444665422,32607,,rD044,51434075,100.00,,
24.444665422,814084,,rFF44,51434075,100.00,,
24.444665422,769235310,,instructions,51434075,100.00,4.13,insn per cycle
24.444665422,186224568,,cycles,51434075,100.00,,
24.544839718,32091,,rD044,51186456,100.00,,
24.544839718,783296,,rFF44,51186456,100.00,,
24.544839718,749613687,,instructions,51186456,100.00,4.05,insn per cycle
24.544839718,185253907,,cycles,51186456,100.00,,
24.645014863,32654,,rD044,52234675,100.00,,
24.645014863,823356,,rFF44,52240105,100.00,,
24.645014863,765301929,,instructions,52244935,100.00,4.04,insn per cycle
24.645014863,189365182,,cycles,52249755,100.00,,
24.745198759,32573,,rD044,52258629,100.00,,
24.745198759,811309,,rFF44,52258639,100.00,,
24.745198759,765476579,,instructions,52258949,100.00,4.04,insn per cycle
24.745198759,189437142,,cycles,52259089,100.00,,
24.845389625,2321,,rD044,52538336,100.00,,
24.845389625,780791,,rFF44,52538246,100.00,,
24.845389625,775142390,,instructions,52538896,100.00,4.07,insn per cycle
24.845389625,190499798,,cycles,52538306,100.00,,
24.945578781,32418,,rD044,51276637,100.00,,
24.945578781,804512,,rFF44,51271287,100.00,,
24.945578781,748244168,,instructions,51265497,100.00,4.03,insn per cycle
24.945578781,185568216,,cycles,51261127,100.00,,
25.045763156,32125,,rD044,51167809,100.00,,
25.045763156,804772,,rFF44,51167809,100.00,,
25.045763156,746706338,,instructions,51167809,100.00,4.03,insn per cycle
25.045763156,185141376,,cycles,51167809,100.00,,
25.145937102,32300,,rD044,51020097,100.00,,
25.145937102,779553,,rFF44,51020097,100.00,,
25.145937102,746752453,,instructions,51020097,100.00,4.04,insn per cycle
25.145937102,184614487,,cycles,51020097,100.00,,
25.246113507,32397,,rD044,51081874,100.00,,
25.246113507,812473,,rFF44,51081874,100.00,,
25.246113507,746611689,,instructions,51081874,100.00,4.04,insn per cycle
25.246113507,184943510,,cycles,51081874,100.00,,
25.346289793,32452,,rD044,51250777,100.00,,
25.346289793,825442,,rFF44,51250777,100.00,,
25.346289793,746560732,,instructions,51250777,100.00,4.02,insn per cycle
25.346289793,185591927,,cycles,51250777,100.00,,
25.446467629,32308,,rD044,51954279,100.00,,
25.446467629,810648,,rFF44,51959809,100.00,,
25.446467629,767855504,,instructions,51964449,100.00,4.08,insn per cycle
25.446467629,188334438,,cycles,51969729,100.00,,
25.546655644,2051,,rD044,52805840,100.00,,
25.546655644,782277,,rFF44,52806000,100.00,,
25.546655644,785597956,,instructions,52806140,100.00,4.10,insn per cycle
25.546655644,191522761,,cycles,52805780,100.00,,
25.646848130,32429,,rD044,48654382,100.00,,
25.646848130,815131,,rFF44,52691437,100.00,,
25.646848130,777438765,,instructions,52686657,100.00,4.07,insn per cycle
25.646848130,191030299,,cycles,52681737,100.00,,
25.747014066,32569,,rD044,55023131,100.00,,
25.747014066,828888,,rFF44,50980386,100.00,,
25.747014066,747310987,,instructions,50980386,100.00,4.05,insn per cycle
25.747014066,184484107,,cycles,50980386,100.00,,
25.847200702,32429,,rD044,50989867,100.00,,
25.847200702,798931,,rFF44,50989867,100.00,,
25.847200702,747395685,,instructions,50989867,100.00,4.05,insn per cycle
25.847200702,184448291,,cycles,50989867,100.00,,
25.947376217,32340,,rD044,51843088,100.00,,
25.947376217,818277,,rFF44,51848398,100.00,,
25.947376217,760504517,,instructions,51853548,100.00,4.05,insn per cycle
25.947376217,187821802,,cycles,51858388,100.00,,
26.047566153,32629,,rD044,52672827,100.00,,
26.047566153,811258,,rFF44,52672837,100.00,,
26.047566153,777459052,,instructions,52672487,100.00,4.07,insn per cycle
26.047566153,191019840,,cycles,52672437,100.00,,
26.147759969,32566,,rD044,52362994,100.00,,
26.147759969,818688,,rFF44,52363214,100.00,,
26.147759969,769789332,,instructions,52362814,100.00,4.05,insn per cycle
26.147759969,189880709,,cycles,52362514,100.00,,
26.247953445,1904,,rD044,50908429,100.00,,
26.247953445,797045,,rFF44,50902889,100.00,,
26.247953445,747909847,,instructions,50898489,100.00,4.06,insn per cycle
26.247953445,184124996,,cycles,50893999,100.00,,
26.348127520,32672,,rD044,51128886,100.00,,
26.348127520,831346,,rFF44,51134606,100.00,,
26.348127520,747350659,,instructions,51134606,100.00,4.04,insn per cycle
26.348127520,185013300,,cycles,51134606,100.00,,
26.448315046,32515,,rD044,51935692,100.00,,
26.448315046,830707,,rFF44,51936382,100.00,,
26.448315046,760072276,,instructions,51940762,100.00,4.04,insn per cycle
26.448315046,188185369,,cycles,51946532,100.00,,
26.548503662,32765,,rD044,52382342,100.00,,
26.548503662,769689,,rFF44,52381742,100.00,,
26.548503662,775585970,,instructions,52381522,100.00,4.08,insn per cycle
26.548503662,189930231,,cycles,52380702,100.00,,
26.648696928,32648,,rD044,52738812,100.00,,
26.648696928,808808,,rFF44,52738322,100.00,,
26.648696928,781270702,,instructions,52739022,100.00,4.08,insn per cycle
26.648696928,191285651,,cycles,52738982,100.00,,
26.748883713,32453,,rD044,51472518,100.00,,
26.748883713,809807,,rFF44,51467198,100.00,,
26.748883713,757106285,,instructions,51470088,100.00,4.06,insn per cycle
26.748883713,186403879,,cycles,51469709,100.00,,
26.849072939,32751,,rD044,51351014,100.00,,
26.849072939,824174,,rFF44,51351014,100.00,,
26.849072939,754015025,,instructions,51343264,100.00,4.06,insn per cycle
26.849072939,185790141,,cycles,51338733,100.00,,
26.949246115,1970,,rD044,51109058,100.00,,
26.949246115,799206,,rFF44,51109058,100.00,,
26.949246115,750653271,,instructions,51109058,100.00,4.06,insn per cycle
26.949246115,184946832,,cycles,51109058,100.00,,
27.049418890,32510,,rD044,51757954,100.00,,
27.049418890,816565,,rFF44,51763724,100.00,,
27.049418890,763235531,,instructions,51768914,100.00,4.07,insn per cycle
27.049418890,187592597,,cycles,51774344,100.00,,
27.149624496,32625,,rD044,52655962,100.00,,
27.149624496,813008,,rFF44,52656492,100.00,,
27.149624496,778932530,,instructions,52656132,100.00,4.08,insn per cycle
27.149624496,190957678,,cycles,52655572,100.00,,
27.249813792,32454,,rD044,52713115,100.00,,
27.249813792,780137,,rFF44,52712325,100.00,,
27.249813792,780707596,,instructions,52712235,100.00,4.08,insn per cycle
27.249813792,191160017,,cycles,52712315,100.00,,
27.350003068,32324,,rD044,51003199,100.00,,
27.350003068,812409,,rFF44,50997689,100.00,,
27.350003068,750650596,,instructions,50992949,100.00,4.07,insn per cycle
27.350003068,184542009,,cycles,50987999,100.00,,
27.450177043,32365,,rD044,50942381,100.00,,
27.450177043,830879,,rFF44,50942381,100.00,,
27.450177043,748165228,,instructions,50942381,100.00,4.06,insn per cycle
27.450177043,184285549,,cycles,50942381,100.00,,
27.550348179,32432,,rD044,51334676,100.00,,
27.550348179,828888,,rFF44,51340036,100.00,,
27.550348179,756171845,,instructions,51345126,100.00,4.07,insn per cycle
27.550348179,185879888,,cycles,51349866,100.00,,
27.650536475,1725,,rD044,52485771,100.00,,
27.650536475,774807,,rFF44,52485871,100.00,,
27.650536475,782002115,,instructions,52485741,100.00,4.11,insn per cycle
27.650536475,190336186,,cycles,52486021,100.00,,
27.750743671,32370,,rD044,52288469,100.00,,
27.750743671,809265,,rFF44,52283009,100.00,,
27.750743671,772413457,,instructions,52278049,100.00,4.08,insn per cycle
27.750743671,189495742,,cycles,52273029,100.00,,
27.850917376,32548,,rD044,51053435,100.00,,
27.850917376,817778,,rFF44,51053435,100.00,,
27.850917376,749089200,,instructions,51053435,100.00,4.06,insn per cycle
27.850917376,184706581,,cycles,51053435,100.00,,
27.951096542,32391,,rD044,50861726,100.00,,
27.951096542,789169,,rFF44,50861726,100.00,,
27.951096542,748231112,,instructions,50861726,100.00,4.07,insn per cycle
27.951096542,183940812,,cycles,50861726,100.00,,
28.051264128,32615,,rD044,51822797,100.00,,
28.051264128,825219,,rFF44,51828267,100.00,,
28.051264128,763579229,,instructions,51832767,100.00,4.07,insn per cycle
28.051264128,187777886,,cycles,51838037,100.00,,
28.151457043,32294,,rD044,52462722,100.00,,
28.151457043,821192,,rFF44,52462982,100.00,,
28.151457043,775835758,,instructions,52463402,100.00,4.08,insn per cycle
28.151457043,190259188,,cycles,52463322,100.00,,
28.251648309,32444,,rD044,52206346,100.00,,
28.251648309,803636,,rFF44,52200616,100.00,,
28.251648309,771110679,,instructions,52195696,100.00,4.08,insn per cycle
28.251648309,189185809,,cycles,52190506,100.00,,
28.351825115,1817,,rD044,50732360,100.00,,
28.351825115,779495,,rFF44,50732360,100.00,,
28.351825115,748077481,,instructions,50732360,100.00,4.08,insn per cycle
28.351825115,183506079,,cycles,50732360,100.00,,
28.452003881,32362,,rD044,50945299,100.00,,
28.452003881,814269,,rFF44,50945299,100.00,,
28.452003881,748134855,,instructions,50945299,100.00,4.06,insn per cycle
28.452003881,184311363,,cycles,50945299,100.00,,
28.552176756,32748,,rD044,51778592,100.00,,
28.552176756,816938,,rFF44,51784182,100.00,,
28.552176756,761743525,,instructions,51789162,100.00,4.06,insn per cycle
28.552176756,187593219,,cycles,51793892,100.00,,
28.652365322,32476,,rD044,52546948,100.00,,
28.652365322,800124,,rFF44,52547298,100.00,,
28.652365322,780704012,,instructions,52547428,100.00,4.10,insn per cycle
28.652365322,190557886,,cycles,52547838,100.00,,
28.752559988,32685,,rD044,52147527,100.00,,
28.752559988,819875,,rFF44,52145237,100.00,,
28.752559988,768199857,,instructions,52140127,100.00,4.07,insn per cycle
28.752559988,188957171,,cycles,52134987,100.00,,
28.852754174,32727,,rD044,51097551,100.00,,
28.852754174,810963,,rFF44,51093901,100.00,,
28.852754174,748110663,,instructions,51093901,100.00,4.05,insn per cycle
28.852754174,184884494,,cycles,51093901,100.00,,
28.952933159,2000,,rD044,51006210,100.00,,
28.952933159,785716,,rFF44,51006210,100.00,,
28.952933159,748318793,,instructions,51006210,100.00,4.06,insn per cycle
28.952933159,184470823,,cycles,51006210,100.00,,
29.053107975,32663,,rD044,51936196,100.00,,
29.053107975,820322,,rFF44,51942026,100.00,,
29.053107975,765676335,,instructions,51946426,100.00,4.07,insn per cycle
29.053107975,188199488,,cycles,51951946,100.00,,
29.153295861,32525,,rD044,52674822,100.00,,
29.153295861,816313,,rFF44,52674522,100.00,,
29.153295861,783973196,,instructions,52674592,100.00,4.10,insn per cycle
29.153295861,191030587,,cycles,52673422,100.00,,
29.253483097,32324,,rD044,52570016,100.00,,
29.253483097,820452,,rFF44,52570516,100.00,,
29.253483097,781897833,,instructions,52571196,100.00,4.10,insn per cycle
29.253483097,190653117,,cycles,52571456,100.00,,
29.353674312,32592,,rD044,51690665,100.00,,
29.353674312,778287,,rFF44,51684635,100.00,,
29.353674312,759111920,,instructions,51679485,100.00,4.06,insn per cycle
29.353674312,187169871,,cycles,51674875,100.00,,
29.453860978,33053,,rD044,51268378,100.00,,
29.453860978,817353,,rFF44,51268378,100.00,,
29.453860978,752994805,,instructions,51268378,100.00,4.06,insn per cycle
29.453860978,185519986,,cycles,51268378,100.00,,
29.554035794,32370,,rD044,51174870,100.00,,
29.554035794,826509,,rFF44,51174870,100.00,,
29.554035794,752997954,,instructions,51174870,100.00,4.07,insn per cycle
29.554035794,185176171,,cycles,51174870,100.00,,
29.654209439,32664,,rD044,52115269,100.00,,
29.654209439,822869,,rFF44,52120899,100.00,,
29.654209439,770321859,,instructions,52125259,100.00,4.08,insn per cycle
29.654209439,188880576,,cycles,52129939,100.00,,
29.754398575,1965,,rD044,52362552,100.00,,
29.754398575,806972,,rFF44,52362702,100.00,,
29.754398575,779411458,,instructions,52363002,100.00,4.11,insn per cycle
29.754398575,189842108,,cycles,52362962,100.00,,
29.854583131,32930,,rD044,52518568,100.00,,
29.854583131,868784,,rFF44,52512788,100.00,,
29.854583131,774992753,,instructions,52508128,100.00,4.07,insn per cycle
29.854583131,190324741,,cycles,52503488,100.00,,
29.954770567,32740,,rD044,51299725,100.00,,
29.954770567,820155,,rFF44,51299725,100.00,,
29.954770567,751756343,,instructions,51299725,100.00,4.05,insn per cycle
29.954770567,185627332,,cycles,51299725,100.00,,
30.054945202,32212,,rD044,51002359,100.00,,
30.054945202,811046,,rFF44,51006609,100.00,,
30.054945202,751960326,,instructions,51006609,100.00,4.08,insn per cycle
30.054945202,184424398,,cycles,51006609,100.00,,
30.155131128,32384,,rD044,51619493,100.00,,
30.155131128,812025,,rFF44,51621183,100.00,,
30.155131128,761525564,,instructions,51625653,100.00,4.07,insn per cycle
30.155131128,186958051,,cycles,51630713,100.00,,
30.255322954,32414,,rD044,52512340,100.00,,
30.255322954,816519,,rFF44,52512330,100.00,,
30.255322954,777820761,,instructions,52513050,100.00,4.09,insn per cycle
30.255322954,190402420,,cycles,52513260,100.00,,
30.355512630,1700,,rD044,49323124,100.00,,
30.355512630,850312,,rFF44,49317194,100.00,,
30.355512630,718433970,,instructions,49312004,100.00,4.04,insn per cycle
30.355512630,177949543,,cycles,49306734,100.00,,
30.455693815,32303,,rD044,51108381,100.00,,
30.455693815,870809,,rFF44,51108381,100.00,,
30.455693815,747992947,,instructions,51108381,100.00,4.04,insn per cycle
30.455693815,185009074,,cycles,51108381,100.00,,
30.555868901,32764,,rD044,51819957,100.00,,
30.555868901,884114,,rFF44,51825317,100.00,,
30.555868901,761246108,,instructions,51829807,100.00,4.05,insn per cycle
30.555868901,187776830,,cycles,51834797,100.00,,
30.656061187,32647,,rD044,52692222,100.00,,
30.656061187,830643,,rFF44,52692642,100.00,,
30.656061187,779772202,,instructions,52693462,100.00,4.08,insn per cycle
30.656061187,191100826,,cycles,52693602,100.00,,
30.756252173,32692,,rD044,52040521,100.00,,
30.756252173,789440,,rFF44,52034741,100.00,,
30.756252173,773377529,,instructions,52029431,100.00,4.10,insn per cycle
30.756252173,188493848,,cycles,52024301,100.00,,
30.856425438,32394,,rD044,51633409,100.00,,
30.856425438,961438,,rFF44,51633409,100.00,,
30.856425438,758088264,,instructions,51633409,100.00,4.06,insn per cycle
30.856425438,186822312,,cycles,51633409,100.00,,
30.956599054,32125,,rD044,51524022,100.00,,
30.956599054,857070,,rFF44,51524022,100.00,,
30.956599054,762024215,,instructions,51524022,100.00,4.09,insn per cycle
30.956599054,186468263,,cycles,51524022,100.00,,
31.056789129,32282,,rD044,51838063,100.00,,
31.056789129,807595,,rFF44,51843493,100.00,,
31.056789129,770951744,,instructions,51848213,100.00,4.10,insn per cycle
31.056789129,187830179,,cycles,51852993,100.00,,
31.156977625,1967,,rD044,52154143,100.00,,
31.156977625,765970,,rFF44,52153863,100.00,,
31.156977625,784874560,,instructions,52153613,100.00,4.15,insn per cycle
31.156977625,189026854,,cycles,52153653,100.00,,
31.257166261,32256,,rD044,52115760,100.00,,
31.257166261,823550,,rFF44,52116060,100.00,,
31.257166261,776422414,,instructions,52116460,100.00,4.11,insn per cycle
31.257166261,188930485,,cycles,52116780,100.00,,
31.357355057,32482,,rD044,52342135,100.00,,
31.357355057,804258,,rFF44,52342175,100.00,,
31.357355057,787139079,,instructions,52341765,100.00,4.15,insn per cycle
31.357355057,189719553,,cycles,52342465,100.00,,
31.457549903,32561,,rD044,51984095,100.00,,
31.457549903,840337,,rFF44,51978605,100.00,,
31.457549903,783447224,,instructions,51974145,100.00,4.16,insn per cycle
31.457549903,188302671,,cycles,51968305,100.00,,
31.557731528,32181,,rD044,51496018,100.00,,
31.557731528,798307,,rFF44,51502868,100.00,,
31.557731528,764859958,,instructions,51506668,100.00,4.10,insn per cycle
31.557731528,186463023,,cycles,51506668,100.00,,
31.657922734,32639,,rD044,51431733,100.00,,
31.657922734,835087,,rFF44,51424883,100.00,,
31.657922734,765487347,,instructions,51428563,100.00,4.11,insn per cycle
31.657922734,186187871,,cycles,51433063,100.00,,
31.758108580,32294,,rD044,50884709,100.00,,
31.758108580,821392,,rFF44,50890069,100.00,,
31.758108580,778261312,,instructions,50887369,100.00,4.23,insn per cycle
31.758108580,184060815,,cycles,50887429,100.00,,
31.858302046,32549,,rD044,52543523,100.00,,
31.858302046,852607,,rFF44,52544103,100.00,,
31.858302046,811523183,,instructions,52544613,100.00,4.26,insn per cycle
31.858302046,190514106,,cycles,52545013,100.00,,
31.958492192,2437,,rD044,52039015,100.00,,
31.958492192,826177,,rFF44,52033075,100.00,,
31.958492192,782449265,,instructions,52027785,100.00,4.15,insn per cycle
31.958492192,188564579,,cycles,52022825,100.00,,
32.058670797,32516,,rD044,51553880,100.00,,
32.058670797,922892,,rFF44,51553880,100.00,,
32.058670797,762637286,,instructions,51553880,100.00,4.09,insn per cycle
32.058670797,186587898,,cycles,51553880,100.00,,
32.158846183,32389,,rD044,51770316,100.00,,
32.158846183,901168,,rFF44,51770316,100.00,,
32.158846183,761219878,,instructions,51770316,100.00,4.06,insn per cycle
32.158846183,187429959,,cycles,51770316,100.00,,
32.259021448,32514,,rD044,51502861,100.00,,
32.259021448,868625,,rFF44,51502861,100.00,,
32.259021448,761383372,,instructions,51502861,100.00,4.08,insn per cycle
32.259021448,186444221,,cycles,51502861,100.00,,
32.359196164,32508,,rD044,52043879,100.00,,
32.359196164,782952,,rFF44,52049259,100.00,,
32.359196164,789396940,,instructions,52053119,100.00,4.19,insn per cycle
32.359196164,188586736,,cycles,52057469,100.00,,
32.459390360,32412,,rD044,52886226,100.00,,
32.459390360,930097,,rFF44,52886606,100.00,,
32.459390360,803192371,,instructions,52887346,100.00,4.19,insn per cycle
32.459390360,191778284,,cycles,52887566,100.00,,
32.559578946,33030,,rD044,52792450,100.00,,
32.559578946,887719,,rFF44,52792830,100.00,,
32.559578946,794550987,,instructions,52792840,100.00,4.15,insn per cycle
32.559578946,191380699,,cycles,52792620,100.00,,
32.659770621,32409,,rD044,50846667,100.00,,
32.659770621,815833,,rFF44,50846187,100.00,,
32.659770621,766904206,,instructions,50846067,100.00,4.17,insn per cycle
32.659770621,184084292,,cycles,50846447,100.00,,
32.759961297,32403,,rD044,52246784,100.00,,
32.759961297,866209,,rFF44,52241124,100.00,,
32.759961297,773031020,,instructions,52236634,100.00,4.08,insn per cycle
32.759961297,189325636,,cycles,52231904,100.00,,
32.860132803,1680,,rD044,51458647,100.00,,
32.860132803,768728,,rFF44,51458647,100.00,,
32.860132803,759831041,,instructions,51458647,100.00,4.08,insn per cycle
32.860132803,186285892,,cycles,51458647,100.00,,
32.960324329,32689,,rD044,51465724,100.00,,
32.960324329,813400,,rFF44,51465724,100.00,,
32.960324329,761871786,,instructions,51465724,100.00,4.09,insn per cycle
32.960324329,186293887,,cycles,51465724,100.00,,
33.060519744,32734,,rD044,51263762,100.00,,
33.060519744,808967,,rFF44,51270802,100.00,,
33.060519744,758483816,,instructions,51275972,100.00,4.09,insn per cycle
33.060519744,185574650,,cycles,51275972,100.00,,
33.160740171,32362,,rD044,51941236,100.00,,
33.160740171,790310,,rFF44,51939926,100.00,,
33.160740171,772987265,,instructions,51940306,100.00,4.11,insn per cycle
33.160740171,188106887,,cycles,51945756,100.00,,
33.260948617,32612,,rD044,53032099,100.00,,
33.260948617,974103,,rFF44,53032449,100.00,,
33.260948617,780729390,,instructions,53031799,100.00,4.06,insn per cycle
33.260948617,192296484,,cycles,53031569,100.00,,
33.361156043,32352,,rD044,52360358,100.00,,
33.361156043,822846,,rFF44,52359868,100.00,,
33.361156043,776254137,,instructions,52360168,100.00,4.09,insn per cycle
33.361156043,189827678,,cycles,52359568,100.00,,
33.461364919,32505,,rD044,51208459,100.00,,
33.461364919,817758,,rFF44,51202869,100.00,,
33.461364919,756058431,,instructions,51197669,100.00,4.08,insn per cycle
33.461364919,185285259,,cycles,51193049,100.00,,
33.561562374,1849,,rD044,50996300,100.00,,
33.561562374,784909,,rFF44,50996300,100.00,,
33.561562374,755464127,,instructions,50996300,100.00,4.10,insn per cycle
33.561562374,184452732,,cycles,50996300,100.00,,
33.661763350,32104,,rD044,51566971,100.00,,
33.661763350,925955,,rFF44,51566971,100.00,,
33.661763350,757706853,,instructions,51566971,100.00,4.06,insn per cycle
33.661763350,186635552,,cycles,51566971,100.00,,
33.761960146,32634,,rD044,51926786,100.00,,
33.761960146,814005,,rFF44,51932836,100.00,,
33.761960146,769900934,,instructions,51937836,100.00,4.09,insn per cycle
33.761960146,188169683,,cycles,51942366,100.00,,
33.862166832,32500,,rD044,52821202,100.00,,
33.862166832,1017041,,rFF44,52821512,100.00,,
33.862166832,777213661,,instructions,52821402,100.00,4.06,insn per cycle
33.862166832,191469367,,cycles,52822202,100.00,,
33.962381568,32657,,rD044,52293914,100.00,,
33.962381568,805939,,rFF44,52292984,100.00,,
33.962381568,772219012,,instructions,52292664,100.00,4.07,insn per cycle
33.962381568,189548174,,cycles,52292984,100.00,,
34.062586664,32199,,rD044,51481633,100.00,,
34.062586664,864062,,rFF44,51498213,100.00,,
34.062586664,783875420,,instructions,51493643,100.00,4.20,insn per cycle
34.062586664,186423432,,cycles,51487993,100.00,,
34.162813171,32403,,rD044,51224474,100.00,,
34.162813171,867002,,rFF44,51202464,100.00,,
34.162813171,761265893,,instructions,51202464,100.00,4.11,insn per cycle
34.162813171,185205044,,cycles,51202464,100.00,,
34.263004506,32671,,rD044,51751383,100.00,,
34.263004506,925606,,rFF44,51751383,100.00,,
34.263004506,759129789,,instructions,51751383,100.00,4.05,insn per cycle
34.263004506,187417505,,cycles,51758723,100.00,,
34.363192472,1767,,rD044,52054001,100.00,,
34.363192472,1026855,,rFF44,52059352,100.00,,
34.363192472,766848722,,instructions,52063562,100.00,4.07,insn per cycle
34.363192472,188474685,,cycles,52060922,100.00,,
34.463373978,32392,,rD044,52325671,100.00,,
34.463373978,818607,,rFF44,52326150,100.00,,
34.463373978,774850153,,instructions,52326740,100.00,4.09,insn per cycle
34.463373978,189674469,,cycles,52326840,100.00,,
34.563565104,32819,,rD044,52582898,100.00,,
34.563565104,871988,,rFF44,52582458,100.00,,
34.563565104,777787689,,instructions,52582088,100.00,4.08,insn per cycle
34.563565104,190598676,,cycles,52581998,100.00,,
34.663754969,32242,,rD044,52842475,100.00,,
34.663754969,877101,,rFF44,52842805,100.00,,
34.663754969,778401967,,instructions,52843205,100.00,4.06,insn per cycle
34.663754969,191576557,,cycles,52842945,100.00,,
34.763945725,32587,,rD044,52022325,100.00,,
34.763945725,893750,,rFF44,52016605,100.00,,
34.763945725,764469061,,instructions,52011775,100.00,4.06,insn per cycle
34.763945725,188451855,,cycles,52007325,100.00,,
34.864111591,32225,,rD044,51543107,100.00,,
34.864111591,842306,,rFF44,51543107,100.00,,
34.864111591,757962739,,instructions,51543107,100.00,4.06,insn per cycle
34.864111591,186602905,,cycles,51543107,100.00,,
34.964286046,32644,,rD044,51495462,100.00,,
34.964286046,815330,,rFF44,51495462,100.00,,
34.964286046,757275206,,instructions,51495462,100.00,4.06,insn per cycle
34.964286046,186600317,,cycles,51495462,100.00,,
35.064451962,1773,,rD044,51336222,100.00,,
35.064451962,857276,,rFF44,51336222,100.00,,
35.064451962,758116810,,instructions,51336222,100.00,4.08,insn per cycle
35.064451962,185789432,,cycles,51343812,100.00,,
35.164627267,32724,,rD044,51390372,100.00,,
35.164627267,806511,,rFF44,51390372,100.00,,
35.164627267,757955346,,instructions,51390372,100.00,4.08,insn per cycle
35.164627267,185979092,,cycles,51382782,100.00,,
35.264795683,32273,,rD044,51486304,100.00,,
35.264795683,853827,,rFF44,51491694,100.00,,
35.264795683,758703786,,instructions,51496004,100.00,4.07,insn per cycle
35.264795683,186394239,,cycles,51500734,100.00,,
35.364979769,32581,,rD044,52852566,100.00,,
35.364979769,917081,,rFF44,52852496,100.00,,
35.364979769,783392814,,instructions,52853206,100.00,4.09,insn per cycle
35.364979769,191653250,,cycles,52853806,100.00,,
35.465188965,32481,,rD044,49860667,100.00,,
35.465188965,832658,,rFF44,49860787,100.00,,
35.465188965,732693317,,instructions,49861087,100.00,4.07,insn per cycle
35.465188965,180146955,,cycles,49860687,100.00,,
35.565398421,32365,,rD044,51029198,100.00,,
35.565398421,892754,,rFF44,51023758,100.00,,
35.565398421,750706917,,instructions,51025958,100.00,4.06,insn per cycle
35.565398421,184720447,,cycles,51026038,100.00,,
35.665603467,32606,,rD044,51474338,100.00,,
35.665603467,888095,,rFF44,51474338,100.00,,
35.665603467,753115798,,instructions,51466818,100.00,4.04,insn per cycle
35.665603467,186334588,,cycles,51461808,100.00,,
35.765806463,1741,,rD044,51847774,100.00,,
35.765806463,790618,,rFF44,51853364,100.00,,
35.765806463,768034278,,instructions,51858044,100.00,4.09,insn per cycle
35.765806463,187868008,,cycles,51863434,100.00,,
35.866016579,32564,,rD044,52687168,100.00,,
35.866016579,838861,,rFF44,52687468,100.00,,
35.866016579,778894437,,instructions,52687128,100.00,4.08,insn per cycle
35.866016579,191037656,,cycles,52687378,100.00,,
35.966222445,32562,,rD044,52527127,100.00,,
35.966222445,816566,,rFF44,52526687,100.00,,
35.966222445,784605844,,instructions,52527227,100.00,4.12,insn per cycle
35.966222445,190442843,,cycles,52526787,100.00,,
36.066434401,32646,,rD044,51741084,100.00,,
36.066434401,783039,,rFF44,51735634,100.00,,
36.066434401,780300767,,instructions,51730754,100.00,4.16,insn per cycle
36.066434401,187387844,,cycles,51725554,100.00,,
36.166626327,32749,,rD044,51683008,100.00,,
36.166626327,910850,,rFF44,51683008,100.00,,
36.166626327,765384834,,instructions,51683008,100.00,4.09,insn per cycle
36.166626327,187084678,,cycles,51683008,100.00,,
36.266820302,32079,,rD044,51243003,100.00,,
36.266820302,821118,,rFF44,51243003,100.00,,
36.266820302,773857668,,instructions,51243003,100.00,4.17,insn per cycle
36.266820302,185423079,,cycles,51243003,100.00,,
36.367008418,32224,,rD044,52097537,100.00,,
36.367008418,973441,,rFF44,52097537,100.00,,
36.367008418,773102750,,instructions,52097537,100.00,4.10,insn per cycle
36.367008418,188671871,,cycles,52097537,100.00,,
36.467188014,32510,,rD044,52469889,100.00,,
36.467188014,815417,,rFF44,52475589,100.00,,
36.467188014,781724589,,instructions,52480279,100.00,4.11,insn per cycle
36.467188014,190224886,,cycles,52484469,100.00,,
36.567373529,1696,,rD044,52501857,100.00,,
36.567373529,780970,,rFF44,52501757,100.00,,
36.567373529,802724280,,instructions,52501487,100.00,4.22,insn per cycle
36.567373529,190348397,,cycles,52502817,100.00,,
36.667564395,32619,,rD044,52594590,100.00,,
36.667564395,876032,,rFF44,52594170,100.00,,
36.667564395,793374167,,instructions,52595020,100.00,4.16,insn per cycle
36.667564395,190684648,,cycles,52595350,100.00,,
36.767755861,32378,,rD044,51710722,100.00,,
36.767755861,929093,,rFF44,51705542,100.00,,
36.767755861,772608764,,instructions,51700272,100.00,4.13,insn per cycle
36.767755861,187216678,,cycles,51694422,100.00,,
36.867928037,32726,,rD044,51677782,100.00,,
36.867928037,909873,,rFF44,51683742,100.00,,
36.867928037,771582905,,instructions,51688022,100.00,4.12,insn per cycle
36.867928037,187096326,,cycles,51688022,100.00,,
36.968106972,32334,,rD044,51329341,100.00,,
36.968106972,842658,,rFF44,51323381,100.00,,
36.968106972,775581965,,instructions,51319101,100.00,4.18,insn per cycle
36.968106972,185707842,,cycles,51319101,100.00,,
37.068279188,32719,,rD044,51822552,100.00,,
37.068279188,819313,,rFF44,51827442,100.00,,
37.068279188,782417868,,instructions,51832392,100.00,4.17,insn per cycle
37.068279188,187704876,,cycles,51836642,100.00,,
37.168461344,32500,,rD044,52380165,100.00,,
37.168461344,814376,,rFF44,52381165,100.00,,
37.168461344,792436180,,instructions,52381485,100.00,4.17,insn per cycle
37.168461344,189892146,,cycles,52382125,100.00,,
37.268651339,32860,,rD044,51586902,100.00,,
37.268651339,989409,,rFF44,51586472,100.00,,
37.268651339,773651215,,instructions,51586192,100.00,4.14,insn per cycle
37.268651339,186901968,,cycles,51586062,100.00,,
37.368830965,32476,,rD044,52544466,100.00,,
37.368830965,859904,,rFF44,52544746,100.00,,
37.368830965,802458074,,instructions,52544646,100.00,4.21,insn per cycle
37.368830965,190504714,,cycles,52544776,100.00,,
37.469019801,2250,,rD044,51699163,100.00,,
37.469019801,821754,,rFF44,51693423,100.00,,
37.469019801,776058217,,instructions,51688533,100.00,4.15,insn per cycle
37.469019801,187194658,,cycles,51683643,100.00,,
37.569183106,32656,,rD044,51589379,100.00,,
37.569183106,930440,,rFF44,51589379,100.00,,
37.569183106,771803623,,instructions,51589379,100.00,4.13,insn per cycle
37.569183106,186737867,,cycles,51589379,100.00,,
37.669363292,32757,,rD044,51676542,100.00,,
37.669363292,832378,,rFF44,51676542,100.00,,
37.669363292,770955596,,instructions,51676542,100.00,4.12,insn per cycle
37.669363292,187061020,,cycles,51676542,100.00,,
37.769531758,32305,,rD044,51387219,100.00,,
37.769531758,904393,,rFF44,51387219,100.00,,
37.769531758,771685598,,instructions,51387219,100.00,4.15,insn per cycle
37.769531758,186084618,,cycles,51387219,100.00,,
37.869667273,32527,,rD044,51995213,100.00,,
37.869667273,982984,,rFF44,52000643,100.00,,
37.869667273,775543187,,instructions,52005163,100.00,4.12,insn per cycle
37.869667273,188332380,,cycles,52009733,100.00,,
37.969882019,32257,,rD044,52150580,100.00,,
37.969882019,810645,,rFF44,52151030,100.00,,
37.969882019,780559137,,instructions,52151900,100.00,4.13,insn per cycle
37.969882019,189045276,,cycles,52152440,100.00,,
38.070074515,32737,,rD044,52743516,100.00,,
38.070074515,835101,,rFF44,52743096,100.00,,
38.070074515,785447768,,instructions,52742096,100.00,4.11,insn per cycle
38.070074515,191243342,,cycles,52741566,100.00,,
38.170263590,32419,,rD044,52900677,100.00,,
38.170263590,968853,,rFF44,52900917,100.00,,
38.170263590,779875126,,instructions,52901137,100.00,4.07,insn per cycle
38.170263590,191833893,,cycles,52901417,100.00,,
38.270454346,2062,,rD044,51845209,100.00,,
38.270454346,777192,,rFF44,51839509,100.00,,
38.270454346,765797678,,instructions,51834899,100.00,4.08,insn per cycle
38.270454346,187776041,,cycles,51830039,100.00,,
38.370631892,32566,,rD044,51085880,100.00,,
38.370631892,812853,,rFF44,51085880,100.00,,
38.370631892,746671647,,instructions,51085880,100.00,4.04,insn per cycle
38.370631892,184910315,,cycles,51085880,100.00,,
38.470808797,32321,,rD044,51294715,100.00,,
38.470808797,915541,,rFF44,51294715,100.00,,
38.470808797,746785713,,instructions,51294715,100.00,4.02,insn per cycle
38.470808797,185539853,,cycles,51294715,100.00,,
38.570983453,32749,,rD044,51840357,100.00,,
38.570983453,866652,,rFF44,51845667,100.00,,
38.570983453,758545098,,instructions,51850497,100.00,4.04,insn per cycle
38.570983453,187771342,,cycles,51855277,100.00,,
38.671172139,32396,,rD044,52749331,100.00,,
38.671172139,875952,,rFF44,52749731,100.00,,
38.671172139,777815309,,instructions,52748921,100.00,4.07,insn per cycle
38.671172139,191261289,,cycles,52749411,100.00,,
38.771362225,32532,,rD044,52219164,100.00,,
38.771362225,826970,,rFF44,52213454,100.00,,
38.771362225,769288080,,instructions,52209434,100.00,4.07,insn per cycle
38.771362225,189214550,,cycles,52204164,100.00,,
38.871537630,32716,,rD044,51923650,100.00,,
38.871537630,1068397,,rFF44,51923650,100.00,,
38.871537630,751106584,,instructions,51923650,100.00,4.00,insn per cycle
38.871537630,187951643,,cycles,51923650,100.00,,
38.971715546,2014,,rD044,51182321,100.00,,
38.971715546,797631,,rFF44,51182321,100.00,,
38.971715546,751318278,,instructions,51182321,100.00,4.06,insn per cycle
38.971715546,185199355,,cycles,51190541,100.00,,
39.071901962,32923,,rD044,51756672,100.00,,
39.071901962,940333,,rFF44,51756672,100.00,,
39.071901962,755614364,,instructions,51756672,100.00,4.03,insn per cycle
39.071901962,187297274,,cycles,51748452,100.00,,
39.172082297,32418,,rD044,52579577,100.00,,
39.172082297,893412,,rFF44,52584567,100.00,,
39.172082297,769012412,,instructions,52589647,100.00,4.03,insn per cycle
39.172082297,190669147,,cycles,52594397,100.00,,
39.272269233,32603,,rD044,52612434,100.00,,
39.272269233,863080,,rFF44,52613114,100.00,,
39.272269233,778814397,,instructions,52613034,100.00,4.08,insn per cycle
39.272269233,190761558,,cycles,52612874,100.00,,
39.372459059,32433,,rD044,52149884,100.00,,
39.372459059,832501,,rFF44,52144214,100.00,,
39.372459059,767965353,,instructions,52139214,100.00,4.06,insn per cycle
39.372459059,188946046,,cycles,52134624,100.00,,
39.472634515,32491,,rD044,51047145,100.00,,
39.472634515,875406,,rFF44,51047145,100.00,,
39.472634515,749764013,,instructions,51047145,100.00,4.06,insn per cycle
39.472634515,184636318,,cycles,51047145,100.00,,
39.572809830,32624,,rD044,50828424,100.00,,
39.572809830,817722,,rFF44,50828424,100.00,,
39.572809830,748889620,,instructions,50828424,100.00,4.07,insn per cycle
39.572809830,183989050,,cycles,50828424,100.00,,
39.672985526,1687,,rD044,51334334,100.00,,
39.672985526,983346,,rFF44,51334334,100.00,,
39.672985526,751625902,,instructions,51334334,100.00,4.05,insn per cycle
39.672985526,185684407,,cycles,51334334,100.00,,
39.773161321,32522,,rD044,52453984,100.00,,
39.773161321,813285,,rFF44,52459374,100.00,,
39.773161321,778697025,,instructions,52464104,100.00,4.09,insn per cycle
39.773161321,190198990,,cycles,52468564,100.00,,
39.873351987,32738,,rD044,52396709,100.00,,
39.873351987,831254,,rFF44,52396600,100.00,,
39.873351987,775216607,,instructions,52396400,100.00,4.08,insn per cycle
39.873351987,189903098,,cycles,52396790,100.00,,
39.973544923,32413,,rD044,52054832,100.00,,
39.973544923,937405,,rFF44,52049551,100.00,,
39.973544923,761485680,,instructions,52045021,100.00,4.04,insn per cycle
39.973544923,188535154,,cycles,52040171,100.00,,
40.073729589,32402,,rD044,50740549,100.00,,
40.073729589,813673,,rFF44,50740549,100.00,,
40.073729589,747702519,,instructions,50740549,100.00,4.07,insn per cycle
40.073729589,183670765,,cycles,50740549,100.00,,
40.173904294,32178,,rD044,50870240,100.00,,
40.173904294,826236,,rFF44,50870240,100.00,,
40.173904294,748581212,,instructions,50870240,100.00,4.07,insn per cycle
40.173904294,183980291,,cycles,50870240,100.00,,
40.274080940,32425,,rD044,51293005,100.00,,
40.274080940,893044,,rFF44,51298995,100.00,,
40.274080940,750105346,,instructions,51303445,100.00,4.04,insn per cycle
40.274080940,185648272,,cycles,51308215,100.00,,
40.374269606,2257,,rD044,52810103,100.00,,
40.374269606,844917,,rFF44,52809733,100.00,,
40.374269606,782602068,,instructions,52809753,100.00,4.09,insn per cycle
40.374269606,191495589,,cycles,52809663,100.00,,
40.474461712,33074,,rD044,52874197,100.00,,
40.474461712,924123,,rFF44,52874257,100.00,,
40.474461712,777726798,,instructions,52874487,100.00,4.06,insn per cycle
40.474461712,191736621,,cycles,52875297,100.00,,
40.574651547,32967,,rD044,51976450,100.00,,
40.574651547,1008481,,rFF44,51970770,100.00,,
40.574651547,758894125,,instructions,51966070,100.00,4.03,insn per cycle
40.574651547,188174172,,cycles,51968450,100.00,,
40.676075697,32245,,rD044,50888291,100.00,,
40.676075697,805016,,rFF44,50888291,100.00,,
40.676075697,749375936,,instructions,50888291,100.00,4.08,insn per cycle
40.676075697,183826675,,cycles,50880421,100.00,,
40.776255643,32517,,rD044,52457454,100.00,,
40.776255643,820134,,rFF44,52463254,100.00,,
40.776255643,778660855,,instructions,52467704,100.00,4.09,insn per cycle
40.776255643,190189481,,cycles,52472524,100.00,,
40.876444289,32521,,rD044,53194114,100.00,,
40.876444289,967372,,rFF44,53188314,100.00,,
40.876444289,782581354,,instructions,53183864,100.00,4.06,insn per cycle
40.876444289,192907441,,cycles,53179044,100.00,,
40.976621405,32644,,rD044,50788325,100.00,,
40.976621405,835968,,rFF44,50788325,100.00,,
40.976621405,745340782,,instructions,50788325,100.00,4.06,insn per cycle
40.976621405,183714167,,cycles,50788325,100.00,,
41.076795930,1626,,rD044,50599770,100.00,,
41.076795930,837439,,rFF44,50602540,100.00,,
41.076795930,743856165,,instructions,50602540,100.00,4.07,insn per cycle
41.076795930,182913853,,cycles,50602540,100.00,,
41.176977546,33087,,rD044,52508399,100.00,,
41.176977546,971408,,rFF44,52510959,100.00,,
41.176977546,762806004,,instructions,52515559,100.00,4.01,insn per cycle
41.176977546,190224511,,cycles,52520209,100.00,,
41.277166202,32025,,rD044,52719593,100.00,,
41.277166202,878948,,rFF44,52719723,100.00,,
41.277166202,774299188,,instructions,52719443,100.00,4.05,insn per cycle
41.277166202,191136689,,cycles,52719443,100.00,,
41.377354517,32077,,rD044,52637639,100.00,,
41.377354517,902851,,rFF44,52632179,100.00,,
41.377354517,774543989,,instructions,52627859,100.00,4.06,insn per cycle
41.377354517,190783403,,cycles,52623209,100.00,,
41.477531563,32640,,rD044,51367003,100.00,,
41.477531563,837946,,rFF44,51367003,100.00,,
41.477531563,748253733,,instructions,51367003,100.00,4.03,insn per cycle
41.477531563,185853710,,cycles,51367003,100.00,,
41.577714439,32391,,rD044,51416643,100.00,,
41.577714439,914379,,rFF44,51416643,100.00,,
41.577714439,755922818,,instructions,51416643,100.00,4.06,insn per cycle
41.577714439,186065623,,cycles,51416643,100.00,,
41.677886604,1661,,rD044,50959020,100.00,,
41.677886604,780951,,rFF44,50959020,100.00,,
41.677886604,758845788,,instructions,50959020,100.00,4.12,insn per cycle
41.677886604,184286585,,cycles,50959020,100.00,,
41.778063160,32864,,rD044,52613172,100.00,,
41.778063160,862142,,rFF44,52618662,100.00,,
41.778063160,781327445,,instructions,52623372,100.00,4.10,insn per cycle
41.778063160,190783790,,cycles,52628182,100.00,,
41.878255406,32315,,rD044,51249487,100.00,,
41.878255406,817308,,rFF44,51249847,100.00,,
41.878255406,757941523,,instructions,51249977,100.00,4.08,insn per cycle
41.878255406,185637259,,cycles,51249407,100.00,,
41.978450972,32555,,rD044,52705168,100.00,,
41.978450972,853967,,rFF44,52704398,100.00,,
41.978450972,761699366,,instructions,52704288,100.00,3.99,insn per cycle
41.978450972,191046069,,cycles,52704998,100.00,,
42.078639577,32083,,rD044,52588588,100.00,,
42.078639577,769988,,rFF44,52589398,100.00,,
42.078639577,780980077,,instructions,52589528,100.00,4.10,insn per cycle
42.078639577,190669151,,cycles,52589968,100.00,,
42.178835283,33295,,rD044,51674818,100.00,,
42.178835283,806766,,rFF44,51668928,100.00,,
42.178835283,759572391,,instructions,51664068,100.00,4.06,insn per cycle
42.178835283,187135946,,cycles,51658678,100.00,,
42.279021769,32732,,rD044,51544212,100.00,,
42.279021769,809350,,rFF44,51544212,100.00,,
42.279021769,755064240,,instructions,51544212,100.00,4.05,insn per cycle
42.279021769,186623956,,cycles,51544212,100.00,,
42.379196135,32483,,rD044,51417350,100.00,,
42.379196135,802034,,rFF44,51417350,100.00,,
42.379196135,754976271,,instructions,51417350,100.00,4.05,insn per cycle
42.379196135,186313077,,cycles,51417350,100.00,,
42.479373830,1999,,rD044,51409383,100.00,,
42.479373830,794143,,rFF44,51409383,100.00,,
42.479373830,758801796,,instructions,51409383,100.00,4.08,insn per cycle
42.479373830,186067357,,cycles,51409383,100.00,,
42.579549426,32531,,rD044,51522440,100.00,,
42.579549426,806713,,rFF44,51522440,100.00,,
42.579549426,758256420,,instructions,51522440,100.00,4.06,insn per cycle
42.579549426,186608725,,cycles,51531050,100.00,,
42.679749762,32591,,rD044,51850019,100.00,,
42.679749762,810538,,rFF44,51855979,100.00,,
42.679749762,765835092,,instructions,51860229,100.00,4.08,insn per cycle
42.679749762,187834199,,cycles,51856769,100.00,,
42.779938187,32235,,rD044,52516580,100.00,,
42.779938187,776342,,rFF44,52515990,100.00,,
42.779938187,786100883,,instructions,52516750,100.00,4.13,insn per cycle
42.779938187,190420149,,cycles,52516770,100.00,,
42.880126933,33119,,rD044,52435457,100.00,,
42.880126933,817072,,rFF44,52435347,100.00,,
42.880126933,776885198,,instructions,52435377,100.00,4.09,insn per cycle
42.880126933,190133779,,cycles,52435017,100.00,,
42.980318179,32693,,rD044,52629339,100.00,,
42.980318179,826799,,rFF44,52630199,100.00,,
42.980318179,781075964,,instructions,52629689,100.00,4.09,insn per cycle
42.980318179,190859251,,cycles,52629579,100.00,,
43.080505335,32533,,rD044,51791428,100.00,,
43.080505335,823282,,rFF44,51785308,100.00,,
43.080505335,767027311,,instructions,51780778,100.00,4.09,insn per cycle
43.080505335,187603530,,cycles,51776078,100.00,,
43.180680940,2051,,rD044,51407528,100.00,,
43.180680940,777429,,rFF44,51407528,100.00,,
43.180680940,760996917,,instructions,51407528,100.00,4.09,insn per cycle
43.180680940,186082782,,cycles,51407528,100.00,,
43.280854216,32725,,rD044,51637667,100.00,,
43.280854216,813077,,rFF44,51637667,100.00,,
43.280854216,761251125,,instructions,51637667,100.00,4.07,insn per cycle
43.280854216,187033168,,cycles,51637667,100.00,,
43.381029972,32609,,rD044,51672973,100.00,,
43.381029972,810892,,rFF44,51672973,100.00,,
43.381029972,764074787,,instructions,51672973,100.00,4.08,insn per cycle
43.381029972,187165470,,cycles,51672973,100.00,,
43.481208667,32578,,rD044,51491541,100.00,,
43.481208667,814632,,rFF44,51491541,100.00,,
43.481208667,768304327,,instructions,51491541,100.00,4.12,insn per cycle
43.481208667,186460983,,cycles,51491541,100.00,,
43.581384263,32540,,rD044,52521340,100.00,,
43.581384263,789412,,rFF44,52526460,100.00,,
43.581384263,780925521,,instructions,52531330,100.00,4.10,insn per cycle
43.581384263,190442096,,cycles,52535810,100.00,,
43.681572789,32614,,rD044,52408455,100.00,,
43.681572789,823729,,rFF44,52408895,100.00,,
43.681572789,777091994,,instructions,52409525,100.00,4.09,insn per cycle
43.681572789,190001887,,cycles,52409725,100.00,,
43.781775445,32688,,rD044,52732000,100.00,,
43.781775445,810141,,rFF44,52731800,100.00,,
43.781775445,782684006,,instructions,52731020,100.00,4.09,insn per cycle
43.781775445,191188581,,cycles,52731490,100.00,,
43.881965480,32695,,rD044,51563673,100.00,,
43.881965480,807742,,rFF44,51561323,100.00,,
43.881965480,760794847,,instructions,51556603,100.00,4.08,insn per cycle
43.881965480,186682364,,cycles,51551453,100.00,,
43.982156196,1799,,rD044,51066109,100.00,,
43.982156196,784456,,rFF44,51063099,100.00,,
43.982156196,751245930,,instructions,51063099,100.00,4.07,insn per cycle
43.982156196,184726545,,cycles,51063099,100.00,,
44.082330222,32436,,rD044,51365449,100.00,,
44.082330222,820904,,rFF44,51365449,100.00,,
44.082330222,753232369,,instructions,51365449,100.00,4.05,insn per cycle
44.082330222,185895647,,cycles,51365449,100.00,,
44.182504337,32969,,rD044,50996167,100.00,,
44.182504337,816034,,rFF44,50996167,100.00,,
44.182504337,753049943,,instructions,50996167,100.00,4.08,insn per cycle
44.182504337,184630362,,cycles,50996167,100.00,,
44.282677863,32651,,rD044,52138594,100.00,,
44.282677863,789588,,rFF44,52143944,100.00,,
44.282677863,767260911,,instructions,52148364,100.00,4.06,insn per cycle
44.282677863,188944999,,cycles,52153804,100.00,,
44.382870199,32396,,rD044,52665479,100.00,,
44.382870199,804688,,rFF44,52665710,100.00,,
44.382870199,781870212,,instructions,52665710,100.00,4.10,insn per cycle
44.382870199,190918570,,cycles,52665280,100.00,,
44.483066435,32625,,rD044,52323038,100.00,,
44.483066435,809419,,rFF44,52323527,100.00,,
44.483066435,776338461,,instructions,52325027,100.00,4.09,insn per cycle
44.483066435,189708379,,cycles,52324707,100.00,,
44.583254631,32543,,rD044,52312571,100.00,,
44.583254631,813869,,rFF44,52311881,100.00,,
44.583254631,777011236,,instructions,52310801,100.00,4.10,insn per cycle
44.583254631,189673924,,cycles,52311001,100.00,,
44.683443606,1964,,rD044,51294817,100.00,,
44.683443606,771901,,rFF44,51294707,100.00,,
44.683443606,763479242,,instructions,51294877,100.00,4.11,insn per cycle
44.683443606,185788666,,cycles,51296387,100.00,,
44.783635512,32531,,rD044,52306743,100.00,,
44.783635512,818688,,rFF44,52301473,100.00,,
44.783635512,775756513,,instructions,52296463,100.00,4.09,insn per cycle
44.783635512,189556041,,cycles,52290063,100.00,,
44.883809998,32819,,rD044,51305932,100.00,,
44.883809998,815032,,rFF44,51305932,100.00,,
44.883809998,764662010,,instructions,51305932,100.00,4.12,insn per cycle
44.883809998,185692122,,cycles,51305932,100.00,,
44.983989823,32306,,rD044,51025601,100.00,,
44.983989823,806874,,rFF44,51025601,100.00,,
44.983989823,768531322,,instructions,51025601,100.00,4.16,insn per cycle
44.983989823,184600133,,cycles,51025601,100.00,,
45.084164579,32135,,rD044,51213671,100.00,,
45.084164579,778740,,rFF44,51219001,100.00,,
45.084164579,773897664,,instructions,51223951,100.00,4.17,insn per cycle
45.084164579,185368131,,cycles,51228611,100.00,,
45.184353755,32919,,rD044,52265514,100.00,,
45.184353755,816700,,rFF44,52265614,100.00,,
45.184353755,783719597,,instructions,52265224,100.00,4.14,insn per cycle
45.184353755,189446325,,cycles,52265564,100.00,,
45.284539800,32736,,rD044,52132433,100.00,,
45.284539800,817930,,rFF44,52133153,100.00,,
45.284539800,789570184,,instructions,52133133,100.00,4.18,insn per cycle
45.284539800,188948284,,cycles,52132953,100.00,,
45.384742127,32830,,rD044,52167578,100.00,,
45.384742127,817273,,rFF44,52166958,100.00,,
45.384742127,783623256,,instructions,52166828,100.00,4.14,insn per cycle
45.384742127,189087857,,cycles,52167168,100.00,,
45.484934742,1880,,rD044,51015764,100.00,,
45.484934742,774192,,rFF44,51010234,100.00,,
45.484934742,760572394,,instructions,51005824,100.00,4.12,insn per cycle
45.484934742,184560927,,cycles,51000664,100.00,,
45.585109788,32649,,rD044,51117817,100.00,,
45.585109788,809211,,rFF44,51117817,100.00,,
45.585109788,754160216,,instructions,51117817,100.00,4.08,insn per cycle
45.585109788,184989510,,cycles,51117817,100.00,,
45.685284064,32369,,rD044,50962831,100.00,,
45.685284064,809389,,rFF44,50968581,100.00,,
45.685284064,761585152,,instructions,50972851,100.00,4.13,insn per cycle
45.685284064,184437363,,cycles,50978221,100.00,,
45.785474289,32507,,rD044,52320247,100.00,,
45.785474289,810294,,rFF44,52319597,100.00,,
45.785474289,780689629,,instructions,52319877,100.00,4.12,insn per cycle
45.785474289,189669580,,cycles,52319217,100.00,,
45.885665085,32266,,rD044,52474876,100.00,,
45.885665085,779777,,rFF44,52475327,100.00,,
45.885665085,789103400,,instructions,52475557,100.00,4.15,insn per cycle
45.885665085,190259280,,cycles,52475877,100.00,,
45.985860161,32719,,rD044,51250416,100.00,,
45.985860161,809527,,rFF44,51244865,100.00,,
45.985860161,758765982,,instructions,51240085,100.00,4.09,insn per cycle
45.985860161,185459812,,cycles,51235055,100.00,,
46.086034267,32513,,rD044,51306451,100.00,,
46.086034267,808336,,rFF44,51306451,100.00,,
46.086034267,767103624,,instructions,51306451,100.00,4.13,insn per cycle
46.086034267,185529515,,cycles,51306451,100.00,,
46.186211052,32528,,rD044,52223920,100.00,,
46.186211052,803115,,rFF44,52229420,100.00,,
46.186211052,781696321,,instructions,52233920,100.00,4.13,insn per cycle
46.186211052,189239073,,cycles,52238600,100.00,,
46.286400008,2144,,rD044,53060451,100.00,,
46.286400008,780656,,rFF44,53060421,100.00,,
46.286400008,791597703,,instructions,53060351,100.00,4.11,insn per cycle
46.286400008,192403219,,cycles,53060481,100.00,,
46.386590294,32844,,rD044,51521655,100.00,,
46.386590294,815420,,rFF44,51516185,100.00,,
46.386590294,760157976,,instructions,51511755,100.00,4.08,insn per cycle
46.386590294,186459001,,cycles,51506945,100.00,,
46.486787680,32431,,rD044,50375952,100.00,,
46.486787680,807409,,rFF44,50375952,100.00,,
46.486787680,741673426,,instructions,50375952,100.00,4.07,insn per cycle
46.486787680,182239667,,cycles,50375952,100.00,,
46.586961825,32478,,rD044,51166504,100.00,,
46.586961825,770374,,rFF44,51166504,100.00,,
46.586961825,762101980,,instructions,51166504,100.00,4.12,insn per cycle
46.586961825,185186865,,cycles,51166504,100.00,,
46.687136561,32451,,rD044,51244353,100.00,,
46.687136561,797791,,rFF44,51250173,100.00,,
46.687136561,762704727,,instructions,51254683,100.00,4.11,insn per cycle
46.687136561,185539789,,cycles,51259473,100.00,,
46.787326707,32588,,rD044,52496019,100.00,,
46.787326707,799615,,rFF44,52495859,100.00,,
46.787326707,784150007,,instructions,52496059,100.00,4.12,insn per cycle
46.787326707,190334098,,cycles,52495979,100.00,,
46.887517743,32530,,rD044,52085210,100.00,,
46.887517743,806663,,rFF44,52079550,100.00,,
46.887517743,774171266,,instructions,52074840,100.00,4.10,insn per cycle
46.887517743,188714631,,cycles,52070130,100.00,,
46.987699268,1684,,rD044,50434757,100.00,,
46.987699268,768647,,rFF44,50434757,100.00,,
46.987699268,752002503,,instructions,50434757,100.00,4.12,insn per cycle
46.987699268,182421148,,cycles,50434757,100.00,,
47.087873734,32620,,rD044,51304522,100.00,,
47.087873734,819394,,rFF44,51304522,100.00,,
47.087873734,770438144,,instructions,51304522,100.00,4.15,insn per cycle
47.087873734,185654797,,cycles,51304522,100.00,,
47.188049470,32540,,rD044,51208597,100.00,,
47.188049470,805121,,rFF44,51200557,100.00,,
47.188049470,764383910,,instructions,51210977,100.00,4.12,insn per cycle
47.188049470,185339559,,cycles,51210977,100.00,,
47.288228135,32835,,rD044,52044086,100.00,,
47.288228135,813979,,rFF44,52058096,100.00,,
47.288228135,774005916,,instructions,52052986,100.00,4.10,insn per cycle
47.288228135,188590771,,cycles,52057616,100.00,,
47.388417071,32405,,rD044,52618494,100.00,,
47.388417071,768838,,rFF44,52617894,100.00,,
47.388417071,791438599,,instructions,52617754,100.00,4.15,insn per cycle
47.388417071,190814308,,cycles,52617854,100.00,,
47.488624617,32460,,rD044,51925339,100.00,,
47.488624617,815704,,rFF44,51919969,100.00,,
47.488624617,771894669,,instructions,51914799,100.00,4.11,insn per cycle
47.488624617,188011993,,cycles,51910069,100.00,,
47.588800573,32855,,rD044,51347329,100.00,,
47.588800573,821235,,rFF44,51347329,100.00,,
47.588800573,760420507,,instructions,51355199,100.00,4.09,insn per cycle
47.588800573,185877735,,cycles,51358859,100.00,,
47.688989028,32447,,rD044,50857830,100.00,,
47.688989028,819889,,rFF44,50857830,100.00,,
47.688989028,773648128,,instructions,50849960,100.00,4.21,insn per cycle
47.688989028,183910036,,cycles,50846300,100.00,,
47.789164944,1829,,rD044,52323697,100.00,,
47.789164944,769264,,rFF44,52329237,100.00,,
47.789164944,809144134,,instructions,52334138,100.00,4.26,insn per cycle
47.789164944,189720342,,cycles,52338988,100.00,,
47.889355080,32640,,rD044,52481415,100.00,,
47.889355080,802225,,rFF44,52481225,100.00,,
47.889355080,807119946,,instructions,52481844,100.00,4.24,insn per cycle
47.889355080,190279345,,cycles,52481904,100.00,,
47.989551396,32461,,rD044,51017553,100.00,,
47.989551396,802131,,rFF44,51012203,100.00,,
47.989551396,781769375,,instructions,51006683,100.00,4.23,insn per cycle
47.989551396,184638178,,cycles,51001773,100.00,,
48.089735982,32581,,rD044,50717967,100.00,,
48.089735982,816960,,rFF44,50717967,100.00,,
48.089735982,776463588,,instructions,50717967,100.00,4.23,insn per cycle
48.089735982,183394136,,cycles,50717967,100.00,,
48.189911067,32436,,rD044,51126881,100.00,,
48.189911067,812459,,rFF44,51126881,100.00,,
48.189911067,769592368,,instructions,51126881,100.00,4.16,insn per cycle
48.189911067,185031802,,cycles,51126881,100.00,,
48.290089183,32390,,rD044,52435692,100.00,,
48.290089183,780028,,rFF44,52441652,100.00,,
48.290089183,792656447,,instructions,52446742,100.00,4.17,insn per cycle
48.290089183,190172947,,cycles,52452412,100.00,,
48.390279029,32294,,rD044,52354904,100.00,,
48.390279029,793238,,rFF44,52354234,100.00,,
48.390279029,789477862,,instructions,52353744,100.00,4.16,insn per cycle
48.390279029,189775271,,cycles,52352954,100.00,,
48.490473504,32493,,rD044,52604735,100.00,,
48.490473504,803272,,rFF44,52604995,100.00,,
48.490473504,793469437,,instructions,52606085,100.00,4.16,insn per cycle
48.490473504,190767098,,cycles,52606065,100.00,,
48.590665500,32462,,rD044,52030345,100.00,,
48.590665500,804728,,rFF44,52024795,100.00,,
48.590665500,783402571,,instructions,52019105,100.00,4.16,insn per cycle
48.590665500,188533656,,cycles,52014245,100.00,,
48.690840086,32668,,rD044,51410727,100.00,,
48.690840086,811004,,rFF44,51416127,100.00,,
48.690840086,772320579,,instructions,51419717,100.00,4.15,insn per cycle
48.690840086,186182333,,cycles,51419717,100.00,,
48.791027412,1855,,rD044,50988380,100.00,,
48.791027412,768841,,rFF44,50982980,100.00,,
48.791027412,771945793,,instructions,50979390,100.00,4.18,insn per cycle
48.791027412,184682221,,cycles,50987460,100.00,,
48.891211597,32655,,rD044,51604271,100.00,,
48.891211597,814948,,rFF44,51604271,100.00,,
48.891211597,770355030,,instructions,51604271,100.00,4.12,insn per cycle
48.891211597,186855673,,cycles,51596201,100.00,,
48.991393723,32301,,rD044,51388153,100.00,,
48.991393723,799962,,rFF44,51388153,100.00,,
48.991393723,769786604,,instructions,51388153,100.00,4.14,insn per cycle
48.991393723,186033048,,cycles,51388153,100.00,,
49.091567089,32724,,rD044,51439439,100.00,,
49.091567089,806715,,rFF44,51439439,100.00,,
49.091567089,769835539,,instructions,51439439,100.00,4.13,insn per cycle
49.091567089,186210846,,cycles,51439439,100.00,,
49.191751614,32175,,rD044,52855173,100.00,,
49.191751614,779675,,rFF44,52860713,100.00,,
49.191751614,798867092,,instructions,52865293,100.00,4.17,insn per cycle
49.191751614,191716743,,cycles,52869853,100.00,,
49.291938500,32599,,rD044,51761414,100.00,,
49.291938500,813377,,rFF44,51760814,100.00,,
49.291938500,771993705,,instructions,51760834,100.00,4.12,insn per cycle
49.291938500,187600161,,cycles,51761324,100.00,,
49.392127786,32506,,rD044,53084258,100.00,,
49.392127786,826247,,rFF44,53084878,100.00,,
49.392127786,792193456,,instructions,53084998,100.00,4.11,insn per cycle
49.392127786,192550502,,cycles,53084518,100.00,,
49.492318202,32349,,rD044,52618507,100.00,,
49.492318202,808052,,rFF44,52612947,100.00,,
49.492318202,784096823,,instructions,52608227,100.00,4.11,insn per cycle
49.492318202,190751949,,cycles,52603657,100.00,,
49.592496128,32590,,rD044,51734699,100.00,,
49.592496128,811567,,rFF44,51734699,100.00,,
49.592496128,769723300,,instructions,51734699,100.00,4.11,insn per cycle
49.592496128,187380796,,cycles,51734699,100.00,,
49.692671073,1753,,rD044,51645306,100.00,,
49.692671073,782424,,rFF44,51645306,100.00,,
49.692671073,770349822,,instructions,51652977,100.00,4.12,insn per cycle
49.692671073,186992780,,cycles,51658237,100.00,,
49.792858289,32577,,rD044,51651875,100.00,,
49.792858289,827228,,rFF44,51651875,100.00,,
49.792858289,771041503,,instructions,51644204,100.00,4.12,insn per cycle
49.792858289,186920238,,cycles,51638944,100.00,,
49.893032054,32478,,rD044,52999151,100.00,,
49.893032054,826718,,rFF44,53004821,100.00,,
49.893032054,797051198,,instructions,53009091,100.00,4.15,insn per cycle
49.893032054,192269915,,cycles,53013861,100.00,,
49.993224200,32797,,rD044,53159432,100.00,,
49.993224200,825346,,rFF44,53159222,100.00,,
49.993224200,799768824,,instructions,53160172,100.00,4.15,insn per cycle
49.993224200,192860975,,cycles,53159992,100.00,,
50.093412226,32506,,rD044,52082602,100.00,,
50.093412226,771447,,rFF44,52084292,100.00,,
50.093412226,783915493,,instructions,52082832,100.00,4.15,insn per cycle
50.093412226,188717395,,cycles,52078242,100.00,,
50.193599132,32328,,rD044,51596667,100.00,,
50.193599132,816093,,rFF44,51589517,100.00,,
50.193599132,770861118,,instructions,51585757,100.00,4.13,insn per cycle
50.193599132,186738658,,cycles,51585757,100.00,,
50.293787248,32370,,rD044,51580726,100.00,,
50.293787248,818815,,rFF44,51580726,100.00,,
50.293787248,770902803,,instructions,51580726,100.00,4.13,insn per cycle
50.293787248,186712057,,cycles,51580726,100.00,,
50.393959283,32386,,rD044,52504825,100.00,,
50.393959283,818206,,rFF44,52510615,100.00,,
50.393959283,784315174,,instructions,52515645,100.00,4.12,insn per cycle
50.393959283,190338980,,cycles,52520065,100.00,,
50.494151879,1781,,rD044,53097028,100.00,,
50.494151879,791610,,rFF44,53096658,100.00,,
50.494151879,797967554,,instructions,53096448,100.00,4.14,insn per cycle
50.494151879,192643192,,cycles,53096538,100.00,,
50.594340685,32574,,rD044,52926134,100.00,,
50.594340685,817024,,rFF44,52920714,100.00,,
50.594340685,789373865,,instructions,52915894,100.00,4.11,insn per cycle
50.594340685,191914020,,cycles,52911384,100.00,,
50.694515450,32565,,rD044,51660831,100.00,,
50.694515450,818777,,rFF44,51660831,100.00,,
50.694515450,767216905,,instructions,51660831,100.00,4.10,insn per cycle
50.694515450,187018299,,cycles,51660831,100.00,,
50.794689306,32640,,rD044,51619653,100.00,,
50.794689306,818945,,rFF44,51619653,100.00,,
50.794689306,767080497,,instructions,51619653,100.00,4.11,insn per cycle
50.794689306,186864711,,cycles,51619653,100.00,,
50.894865962,32283,,rD044,51505672,100.00,,
50.894865962,778070,,rFF44,51505672,100.00,,
50.894865962,767851515,,instructions,51505672,100.00,4.12,insn per cycle
50.894865962,186489750,,cycles,51505672,100.00,,
50.995046337,32348,,rD044,52336430,100.00,,
50.995046337,820474,,rFF44,52341930,100.00,,
50.995046337,779040921,,instructions,52346770,100.00,4.11,insn per cycle
50.995046337,189762871,,cycles,52351510,100.00,,
51.095235103,32403,,rD044,51168417,100.00,,
51.095235103,815333,,rFF44,51168847,100.00,,
51.095235103,762454383,,instructions,51168357,100.00,4.11,insn per cycle
51.095235103,185361069,,cycles,51168797,100.00,,
51.195424589,32483,,rD044,52369359,100.00,,
51.195424589,811498,,rFF44,52368949,100.00,,
51.195424589,775437873,,instructions,52369189,100.00,4.08,insn per cycle
51.195424589,189870546,,cycles,52368879,100.00,,
51.295623955,14971,,rD044,52707360,100.00,,
51.295623955,791898,,rFF44,52707360,100.00,,
51.295623955,785287472,,instructions,52706980,100.00,4.11,insn per cycle
51.295623955,191170460,,cycles,52707050,100.00,,
51.395812700,19440,,rD044,52643158,100.00,,
51.395812700,799082,,rFF44,52642958,100.00,,
51.395812700,782475055,,instructions,52643788,100.00,4.10,insn per cycle
51.395812700,190914095,,cycles,52643709,100.00,,
51.496006126,32465,,rD044,52573147,100.00,,
51.496006126,819099,,rFF44,52567827,100.00,,
51.496006126,781182477,,instructions,52562787,100.00,4.10,insn per cycle
51.496006126,190579063,,cycles,52557926,100.00,,
51.596181012,32386,,rD044,51524272,100.00,,
51.596181012,809991,,rFF44,51529693,100.00,,
51.596181012,763959487,,instructions,51535043,100.00,4.09,insn per cycle
51.596181012,186769399,,cycles,51540353,100.00,,
51.696369558,32574,,rD044,51919113,100.00,,
51.696369558,825948,,rFF44,51913692,100.00,,
51.696369558,767375285,,instructions,51908342,100.00,4.08,insn per cycle
51.696369558,188106936,,cycles,51903032,100.00,,
51.796543933,32473,,rD044,51621627,100.00,,
51.796543933,777158,,rFF44,51621627,100.00,,
51.796543933,765831357,,instructions,51621627,100.00,4.10,insn per cycle
51.796543933,186938170,,cycles,51621627,100.00,,
51.896732309,32712,,rD044,51809774,100.00,,
51.896732309,816355,,rFF44,51809774,100.00,,
51.896732309,765984377,,instructions,51809774,100.00,4.08,insn per cycle
51.896732309,187670759,,cycles,51809774,100.00,,
51.996909425,32590,,rD044,51982917,100.00,,
51.996909425,812182,,rFF44,51982917,100.00,,
51.996909425,767639737,,instructions,51982917,100.00,4.08,insn per cycle
51.996909425,188299085,,cycles,51982917,100.00,,
52.097082420,1896,,rD044,51626645,100.00,,
52.097082420,782351,,rFF44,51626645,100.00,,
52.097082420,765690839,,instructions,51626645,100.00,4.10,insn per cycle
52.097082420,186902023,,cycles,51626645,100.00,,
52.197255206,32249,,rD044,52087632,100.00,,
52.197255206,822743,,rFF44,52093202,100.00,,
52.197255206,768153158,,instructions,52097092,100.00,4.07,insn per cycle
52.197255206,188832708,,cycles,52101882,100.00,,
52.297444572,32861,,rD044,52711441,100.00,,
52.297444572,833325,,rFF44,52711241,100.00,,
52.297444572,778885844,,instructions,52711751,100.00,4.07,insn per cycle
52.297444572,191149333,,cycles,52712631,100.00,,
52.397633998,32372,,rD044,52607899,100.00,,
52.397633998,808577,,rFF44,52608059,100.00,,
52.397633998,778990714,,instructions,52608469,100.00,4.08,insn per cycle
52.397633998,190787448,,cycles,52607829,100.00,,
52.497828053,32582,,rD044,52545852,100.00,,
52.497828053,811548,,rFF44,52546132,100.00,,
52.497828053,777319458,,instructions,52546282,100.00,4.08,insn per cycle
52.497828053,190546885,,cycles,52546132,100.00,,
52.598014769,32903,,rD044,52497254,100.00,,
52.598014769,775520,,rFF44,52496564,100.00,,
52.598014769,782297634,,instructions,52496124,100.00,4.11,insn per cycle
52.598014769,190352648,,cycles,52496214,100.00,,
52.698204765,32478,,rD044,52428991,100.00,,
52.698204765,819391,,rFF44,52423871,100.00,,
52.698204765,776698126,,instructions,52419351,100.00,4.09,insn per cycle
52.698204765,190037234,,cycles,52414381,100.00,,
52.798380051,32427,,rD044,51625159,100.00,,
52.798380051,822644,,rFF44,51625159,100.00,,
52.798380051,768984179,,instructions,51625159,100.00,4.11,insn per cycle
52.798380051,187024842,,cycles,51625159,100.00,,
52.898554766,32255,,rD044,51566503,100.00,,
52.898554766,821627,,rFF44,51566503,100.00,,
52.898554766,769854468,,instructions,51566503,100.00,4.12,insn per cycle
52.898554766,186719935,,cycles,51566503,100.00,,
52.998745292,2019,,rD044,51475377,100.00,,
52.998745292,784921,,rFF44,51475377,100.00,,
52.998745292,770016160,,instructions,51475377,100.00,4.13,insn per cycle
52.998745292,186349521,,cycles,51475377,100.00,,
53.098919418,32314,,rD044,51405078,100.00,,
53.098919418,808941,,rFF44,51405078,100.00,,
53.098919418,769655318,,instructions,51405078,100.00,4.14,insn per cycle
53.098919418,186122467,,cycles,51405078,100.00,,
53.199094573,32851,,rD044,52124388,100.00,,
53.199094573,823312,,rFF44,52129538,100.00,,
53.199094573,778319144,,instructions,52134768,100.00,4.12,insn per cycle
53.199094573,188906814,,cycles,52139658,100.00,,
53.299282759,32328,,rD044,52797229,100.00,,
53.299282759,826739,,rFF44,52797039,100.00,,
53.299282759,790596442,,instructions,52796719,100.00,4.13,insn per cycle
53.299282759,191516673,,cycles,52796549,100.00,,
53.399469525,32569,,rD044,51239185,100.00,,
53.399469525,784458,,rFF44,51239695,100.00,,
53.399469525,768360438,,instructions,51239345,100.00,4.14,insn per cycle
53.399469525,185651684,,cycles,51239285,100.00,,
53.499661731,32167,,rD044,52736165,100.00,,
53.499661731,816203,,rFF44,52735765,100.00,,
53.499661731,789760363,,instructions,52735765,100.00,4.13,insn per cycle
53.499661731,191245797,,cycles,52735835,100.00,,
53.599849476,32508,,rD044,52479432,100.00,,
53.599849476,812014,,rFF44,52474362,100.00,,
53.599849476,785311644,,instructions,52469802,100.00,4.13,insn per cycle
53.599849476,190262688,,cycles,52465072,100.00,,
53.700023072,32588,,rD044,51434511,100.00,,
53.700023072,816587,,rFF44,51440341,100.00,,
53.700023072,766575528,,instructions,51440341,100.00,4.12,insn per cycle
53.700023072,186216503,,cycles,51440341,100.00,,
53.800207828,32679,,rD044,51392425,100.00,,
53.800207828,821440,,rFF44,51386595,100.00,,
53.800207828,766691611,,instructions,51386595,100.00,4.12,insn per cycle
53.800207828,185998029,,cycles,51386595,100.00,,
53.900381983,2172,,rD044,51118381,100.00,,
53.900381983,790480,,rFF44,51118381,100.00,,
53.900381983,766503256,,instructions,51118381,100.00,4.14,insn per cycle
53.900381983,185135824,,cycles,51118381,100.00,,
54.000559859,32369,,rD044,51473667,100.00,,
54.000559859,830767,,rFF44,51473667,100.00,,
54.000559859,766601239,,instructions,51473667,100.00,4.11,insn per cycle
54.000559859,186353750,,cycles,51473667,100.00,,
54.100748465,32807,,rD044,51762876,100.00,,
54.100748465,813052,,rFF44,51768926,100.00,,
54.100748465,770179858,,instructions,51773816,100.00,4.11,insn per cycle
54.100748465,187563229,,cycles,51779006,100.00,,
54.200937811,32579,,rD044,52599021,100.00,,
54.200937811,811159,,rFF44,52598461,100.00,,
54.200937811,783407583,,instructions,52598191,100.00,4.11,insn per cycle
54.200937811,190740623,,cycles,52598041,100.00,,
54.301127736,32040,,rD044,52508231,100.00,,
54.301127736,777167,,rFF44,52508491,100.00,,
54.301127736,784308195,,instructions,52508481,100.00,4.12,insn per cycle
54.301127736,190379318,,cycles,52508241,100.00,,
54.401317162,32679,,rD044,52744820,100.00,,
54.401317162,818055,,rFF44,52744550,100.00,,
54.401317162,785251997,,instructions,52745390,100.00,4.11,insn per cycle
54.401317162,191263796,,cycles,52745310,100.00,,
54.501505288,32457,,rD044,52293060,100.00,,
54.501505288,822017,,rFF44,52292800,100.00,,
54.501505288,776435787,,instructions,52292140,100.00,4.10,insn per cycle
54.501505288,189569023,,cycles,52292070,100.00,,
54.601696754,32331,,rD044,52402557,100.00,,
54.601696754,826117,,rFF44,52397337,100.00,,
54.601696754,776347560,,instructions,52392547,100.00,4.09,insn per cycle
54.601696754,189924801,,cycles,52387897,100.00,,
54.701871029,32369,,rD044,51840989,100.00,,
54.701871029,803293,,rFF44,51840989,100.00,,
54.701871029,767832650,,instructions,51840989,100.00,4.09,insn per cycle
54.701871029,187816862,,cycles,51840989,100.00,,
54.802044585,2177,,rD044,51703053,100.00,,
54.802044585,783883,,rFF44,51703053,100.00,,
54.802044585,768015061,,instructions,51703053,100.00,4.10,insn per cycle
54.802044585,187231616,,cycles,51703053,100.00,,
54.902220081,32528,,rD044,51943952,100.00,,
54.902220081,821770,,rFF44,51943952,100.00,,
54.902220081,769868584,,instructions,51943952,100.00,4.09,insn per cycle
54.902220081,188096382,,cycles,51943952,100.00,,
55.002395026,32712,,rD044,52022125,100.00,,
55.002395026,828682,,rFF44,52022125,100.00,,
55.002395026,771497952,,instructions,52022125,100.00,4.10,insn per cycle
55.002395026,188332952,,cycles,52022125,100.00,,
55.102570362,32408,,rD044,52581093,100.00,,
55.102570362,829668,,rFF44,52586903,100.00,,
55.102570362,785186489,,instructions,52591853,100.00,4.12,insn per cycle
55.102570362,190595536,,cycles,52596333,100.00,,
55.202773978,32840,,rD044,53294156,100.00,,
55.202773978,797412,,rFF44,53293826,100.00,,
55.202773978,796880615,,instructions,53293726,100.00,4.12,insn per cycle
55.202773978,193306004,,cycles,53293856,100.00,,
55.302963994,32204,,rD044,53047987,100.00,,
55.302963994,804000,,rFF44,53047587,100.00,,
55.302963994,792564119,,instructions,53047747,100.00,4.12,insn per cycle
55.302963994,192415374,,cycles,53048407,100.00,,
55.403153749,32477,,rD044,52348192,100.00,,
55.403153749,810637,,rFF44,52343112,100.00,,
55.403153749,779061251,,instructions,52338102,100.00,4.11,insn per cycle
55.403153749,189602921,,cycles,52332832,100.00,,
55.503328445,31981,,rD044,51939718,100.00,,
55.503328445,811623,,rFF44,51944858,100.00,,
55.503328445,772203532,,instructions,51950698,100.00,4.10,insn per cycle
55.503328445,188226715,,cycles,51950698,100.00,,
55.603516871,32468,,rD044,51990087,100.00,,
55.603516871,826381,,rFF44,51984947,100.00,,
55.603516871,771390645,,instructions,51979107,100.00,4.10,insn per cycle
55.603516871,188270531,,cycles,51979107,100.00,,
55.703690737,1990,,rD044,51432402,100.00,,
55.703690737,782976,,rFF44,51432402,100.00,,
55.703690737,773957561,,instructions,51432402,100.00,4.15,insn per cycle
55.703690737,186304255,,cycles,51432402,100.00,,
55.803865242,32612,,rD044,51759655,100.00,,
55.803865242,823574,,rFF44,51766975,100.00,,
55.803865242,774355244,,instructions,51771515,100.00,4.13,insn per cycle
55.803865242,187547418,,cycles,51775595,100.00,,
55.904055868,32615,,rD044,51654817,100.00,,
55.904055868,812691,,rFF44,51647497,100.00,,
55.904055868,774253941,,instructions,51650537,100.00,4.14,insn per cycle
55.904055868,187062171,,cycles,51650097,100.00,,
56.004245414,33224,,rD044,51650032,100.00,,
56.004245414,822592,,rFF44,51650032,100.00,,
56.004245414,774136857,,instructions,51642452,100.00,4.14,insn per cycle
56.004245414,187123705,,cycles,51638812,100.00,,
56.104422810,32014,,rD044,51523336,100.00,,
56.104422810,791015,,rFF44,51523336,100.00,,
56.104422810,774120829,,instructions,51523336,100.00,4.15,insn per cycle
56.104422810,186614864,,cycles,51523336,100.00,,
56.204597825,32334,,rD044,51627951,100.00,,
56.204597825,816332,,rFF44,51627951,100.00,,
56.204597825,774095201,,instructions,51627951,100.00,4.14,insn per cycle
56.204597825,187082705,,cycles,51627951,100.00,,
56.304790391,32615,,rD044,51834853,100.00,,
56.304790391,833076,,rFF44,51834853,100.00,,
56.304790391,770802387,,instructions,51834853,100.00,4.11,insn per cycle
56.304790391,187771303,,cycles,51843253,100.00,,
56.404974637,32553,,rD044,51769056,100.00,,
56.404974637,817120,,rFF44,51769056,100.00,,
56.404974637,770195612,,instructions,51769056,100.00,4.11,insn per cycle
56.404974637,187477449,,cycles,51760656,100.00,,
56.505150742,1770,,rD044,51612477,100.00,,
56.505150742,785333,,rFF44,51612477,100.00,,
56.505150742,770295037,,instructions,51612477,100.00,4.12,insn per cycle
56.505150742,186882885,,cycles,51612477,100.00,,
56.605327918,32310,,rD044,51883247,100.00,,
56.605327918,812680,,rFF44,51888217,100.00,,
56.605327918,771222894,,instructions,51892687,100.00,4.10,insn per cycle
56.605327918,188007425,,cycles,51897077,100.00,,
56.705515374,33015,,rD044,52615553,100.00,,
56.705515374,817032,,rFF44,52616193,100.00,,
56.705515374,786004333,,instructions,52616543,100.00,4.12,insn per cycle
56.705515374,190822473,,cycles,52617153,100.00,,
56.805705280,32499,,rD044,52566535,100.00,,
56.805705280,820746,,rFF44,52565955,100.00,,
56.805705280,791766718,,instructions,52565865,100.00,4.15,insn per cycle
56.805705280,190629214,,cycles,52565765,100.00,,
56.905892845,32632,,rD044,52528847,100.00,,
56.905892845,823472,,rFF44,52529477,100.00,,
56.905892845,792967015,,instructions,52529957,100.00,4.16,insn per cycle
56.905892845,190513082,,cycles,52530417,100.00,,
57.006082441,32373,,rD044,51530251,100.00,,
57.006082441,771492,,rFF44,51524591,100.00,,
57.006082441,775924863,,instructions,51519381,100.00,4.16,insn per cycle
57.006082441,186622351,,cycles,51514021,100.00,,
57.106259007,32592,,rD044,51283751,100.00,,
57.106259007,811768,,rFF44,51283751,100.00,,
57.106259007,771922345,,instructions,51283751,100.00,4.16,insn per cycle
57.106259007,185646839,,cycles,51291751,100.00,,
57.206444672,32762,,rD044,51377149,100.00,,
57.206444672,827027,,rFF44,51377149,100.00,,
57.206444672,772055253,,instructions,51377149,100.00,4.15,insn per cycle
57.206444672,185954272,,cycles,51369149,100.00,,
57.306621788,32767,,rD044,51296216,100.00,,
57.306621788,822752,,rFF44,51299436,100.00,,
57.306621788,771924419,,instructions,51299436,100.00,4.16,insn per cycle
57.306621788,185735398,,cycles,51299436,100.00,,
57.406806294,32294,,rD044,51741994,100.00,,
57.406806294,823383,,rFF44,51744424,100.00,,
57.406806294,782047107,,instructions,51748954,100.00,4.17,insn per cycle
57.406806294,187491942,,cycles,51753814,100.00,,
57.506996090,1789,,rD044,52582286,100.00,,
57.506996090,792619,,rFF44,52582316,100.00,,
57.506996090,800887470,,instructions,52582626,100.00,4.20,insn per cycle
57.506996090,190699047,,cycles,52582826,100.00,,
57.607190065,32750,,rD044,52435398,100.00,,
57.607190065,815004,,rFF44,52435678,100.00,,
57.607190065,792670064,,instructions,52435878,100.00,4.17,insn per cycle
57.607190065,190141729,,cycles,52435988,100.00,,
57.707380481,32331,,rD044,51735188,100.00,,
57.707380481,809927,,rFF44,51729228,100.00,,
57.707380481,780119314,,instructions,51724188,100.00,4.16,insn per cycle
57.707380481,187433686,,cycles,51719018,100.00,,
57.807555877,32668,,rD044,51365975,100.00,,
57.807555877,813962,,rFF44,51365975,100.00,,
57.807555877,771675049,,instructions,51365975,100.00,4.15,insn per cycle
57.807555877,185965804,,cycles,51365975,100.00,,
57.907745363,32485,,rD044,51248983,100.00,,
57.907745363,796493,,rFF44,51248983,100.00,,
57.907745363,772125563,,instructions,51248983,100.00,4.16,insn per cycle
57.907745363,185393869,,cycles,51248983,100.00,,
58.007919378,32472,,rD044,51472053,100.00,,
58.007919378,830741,,rFF44,51477313,100.00,,
58.007919378,777010737,,instructions,51482003,100.00,4.17,insn per cycle
58.007919378,186370169,,cycles,51487613,100.00,,
58.108111344,32628,,rD044,52541955,100.00,,
58.108111344,821599,,rFF44,52541986,100.00,,
58.108111344,796102378,,instructions,52542056,100.00,4.18,insn per cycle
58.108111344,190554736,,cycles,52542456,100.00,,
58.208301550,32594,,rD044,52735515,100.00,,
58.208301550,811164,,rFF44,52735674,100.00,,
58.208301550,800618426,,instructions,52736144,100.00,4.19,insn per cycle
58.208301550,191226611,,cycles,52735534,100.00,,
58.308490856,33087,,rD044,51870595,100.00,,
58.308490856,823210,,rFF44,51870765,100.00,,
58.308490856,782805939,,instructions,51865535,100.00,4.17,insn per cycle
58.308490856,187877572,,cycles,51860135,100.00,,
58.408679731,1658,,rD044,51005215,100.00,,
58.408679731,792630,,rFF44,50999595,100.00,,
58.408679731,772098417,,instructions,50999595,100.00,4.19,insn per cycle
58.408679731,184410438,,cycles,51007205,100.00,,
58.508862137,32330,,rD044,51164053,100.00,,
58.508862137,815057,,rFF44,51164053,100.00,,
58.508862137,773090657,,instructions,51164053,100.00,4.17,insn per cycle
58.508862137,185186082,,cycles,51156443,100.00,,
58.609039753,32883,,rD044,52205470,100.00,,
58.609039753,832803,,rFF44,52210670,100.00,,
58.609039753,792122789,,instructions,52215560,100.00,4.19,insn per cycle
58.609039753,189218681,,cycles,52220180,100.00,,
58.709226329,32376,,rD044,52455060,100.00,,
58.709226329,810855,,rFF44,52455030,100.00,,
58.709226329,798349921,,instructions,52455470,100.00,4.20,insn per cycle
58.709226329,190174245,,cycles,52455510,100.00,,
58.809415144,32483,,rD044,52899307,100.00,,
58.809415144,807341,,rFF44,52894137,100.00,,
58.809415144,805983421,,instructions,52888807,100.00,4.20,insn per cycle
58.809415144,191794029,,cycles,52884147,100.00,,
58.909591170,32618,,rD044,51377190,100.00,,
58.909591170,818136,,rFF44,51377190,100.00,,
58.909591170,776897844,,instructions,51377190,100.00,4.18,insn per cycle
58.909591170,185920208,,cycles,51377190,100.00,,
59.009778236,32325,,rD044,51245578,100.00,,
59.009778236,791871,,rFF44,51245578,100.00,,
59.009778236,775964526,,instructions,51245578,100.00,4.19,insn per cycle
59.009778236,185360378,,cycles,51245578,100.00,,
59.109955931,32655,,rD044,52428658,100.00,,
59.109955931,825236,,rFF44,52434458,100.00,,
59.109955931,792874439,,instructions,52438848,100.00,4.17,insn per cycle
59.109955931,189987964,,cycles,52443638,100.00,,
59.210144207,32509,,rD044,53107525,100.00,,
59.210144207,829564,,rFF44,53107015,100.00,,
59.210144207,801496242,,instructions,53107285,100.00,4.16,insn per cycle
59.210144207,192615132,,cycles,53107845,100.00,,
59.310334363,32373,,rD044,51726835,100.00,,
59.310334363,811581,,rFF44,51721545,100.00,,
59.310334363,776614477,,instructions,51716885,100.00,4.15,insn per cycle
59.310334363,187190136,,cycles,51711535,100.00,,
59.410510009,1774,,rD044,50919535,100.00,,
59.410510009,787472,,rFF44,50919535,100.00,,
59.410510009,765383691,,instructions,50919535,100.00,4.16,insn per cycle
59.410510009,184093492,,cycles,50927575,100.00,,
59.510695644,33043,,rD044,52289206,100.00,,
59.510695644,824295,,rFF44,52295276,100.00,,
59.510695644,786990682,,instructions,52300216,100.00,4.15,insn per cycle
59.510695644,189438339,,cycles,52296976,100.00,,
59.610887450,32297,,rD044,53094353,100.00,,
59.610887450,817994,,rFF44,53093493,100.00,,
59.610887450,803960543,,instructions,53093613,100.00,4.17,insn per cycle
59.610887450,192568944,,cycles,53094223,100.00,,
59.711077836,32528,,rD044,51404568,100.00,,
59.711077836,830751,,rFF44,51399358,100.00,,
59.711077836,772342088,,instructions,51394298,100.00,4.15,insn per cycle
59.711077836,185943526,,cycles,51388888,100.00,,
59.811251082,32566,,rD044,51129027,100.00,,
59.811251082,831826,,rFF44,51129027,100.00,,
59.811251082,765349141,,instructions,51129027,100.00,4.14,insn per cycle
59.811251082,184903430,,cycles,51129027,100.00,,
59.911427757,32385,,rD044,52153114,100.00,,
59.911427757,784437,,rFF44,52158344,100.00,,
59.911427757,788593529,,instructions,52163184,100.00,4.17,insn per cycle
59.911427757,188988560,,cycles,52167694,100.00,,
60.011617853,32455,,rD044,53038333,100.00,,
60.011617853,811735,,rFF44,53038813,100.00,,
60.011617853,803826665,,instructions,53038873,100.00,4.18,insn per cycle
60.011617853,192345551,,cycles,53039083,100.00,,
60.111808719,32777,,rD044,51701383,100.00,,
60.111808719,815562,,rFF44,51695673,100.00,,
60.111808719,770451039,,instructions,51690773,100.00,4.12,insn per cycle
60.111808719,187155546,,cycles,51686053,100.00,,
60.211982125,32457,,rD044,51440491,100.00,,
60.211982125,826798,,rFF44,51445361,100.00,,
60.211982125,762741975,,instructions,51450971,100.00,4.10,insn per cycle
60.211982125,186125356,,cycles,51450971,100.00,,
60.312167360,1840,,rD044,51464392,100.00,,
60.312167360,798353,,rFF44,51465112,100.00,,
60.312167360,770531458,,instructions,51464082,100.00,4.14,insn per cycle
60.312167360,186258590,,cycles,51469852,100.00,,
60.412359476,32600,,rD044,53102642,100.00,,
60.412359476,812234,,rFF44,53102432,100.00,,
60.412359476,796294404,,instructions,53103022,100.00,4.13,insn per cycle
60.412359476,192600749,,cycles,53102312,100.00,,
60.512553692,32559,,rD044,52737721,100.00,,
60.512553692,813638,,rFF44,52732341,100.00,,
60.512553692,788353915,,instructions,52727171,100.00,4.12,insn per cycle
60.512553692,191169884,,cycles,52722111,100.00,,
60.612744068,32377,,rD044,51301929,100.00,,
60.612744068,811811,,rFF44,51301929,100.00,,
60.612744068,762463763,,instructions,51301929,100.00,4.11,insn per cycle
60.612744068,185689247,,cycles,51301929,100.00,,
60.712917403,32806,,rD044,51497327,100.00,,
60.712917403,832259,,rFF44,51497327,100.00,,
60.712917403,762845895,,instructions,51497327,100.00,4.09,insn per cycle
60.712917403,186288055,,cycles,51497327,100.00,,
60.813092089,32330,,rD044,51053561,100.00,,
60.813092089,781438,,rFF44,51053561,100.00,,
60.813092089,762255772,,instructions,51053561,100.00,4.13,insn per cycle
60.813092089,184768174,,cycles,51053561,100.00,,
60.913274235,32609,,rD044,52611420,100.00,,
60.913274235,825687,,rFF44,52617540,100.00,,
60.913274235,785489906,,instructions,52622550,100.00,4.12,insn per cycle
60.913274235,190750209,,cycles,52628080,100.00,,
61.013465451,32334,,rD044,53191979,100.00,,
61.013465451,810612,,rFF44,53191219,100.00,,
61.013465451,796678087,,instructions,53190519,100.00,4.13,insn per cycle
61.013465451,192897767,,cycles,53189679,100.00,,
61.113657666,32498,,rD044,51838043,100.00,,
61.113657666,805872,,rFF44,51832683,100.00,,
61.113657666,773023038,,instructions,51828373,100.00,4.12,insn per cycle
61.113657666,187776975,,cycles,51823683,100.00,,
61.213834042,1982,,rD044,51133517,100.00,,
61.213834042,775054,,rFF44,51133517,100.00,,
61.213834042,763862543,,instructions,51133517,100.00,4.13,insn per cycle
61.213834042,185016132,,cycles,51133517,100.00,,
61.314009548,32409,,rD044,51238997,100.00,,
61.314009548,810783,,rFF44,51238997,100.00,,
61.314009548,763320650,,instructions,51238997,100.00,4.12,insn per cycle
61.314009548,185462497,,cycles,51238997,100.00,,
61.414185413,32675,,rD044,51171661,100.00,,
61.414185413,815037,,rFF44,51171661,100.00,,
61.414185413,763124419,,instructions,51171661,100.00,4.12,insn per cycle
61.414185413,185217004,,cycles,51171661,100.00,,
61.514359889,32721,,rD044,51872373,100.00,,
61.514359889,816407,,rFF44,51877303,100.00,,
61.514359889,775946855,,instructions,51881723,100.00,4.13,insn per cycle
61.514359889,187955786,,cycles,51886683,100.00,,
61.614552385,32762,,rD044,52431128,100.00,,
61.614552385,762264,,rFF44,52431318,100.00,,
61.614552385,787299478,,instructions,52431918,100.00,4.14,insn per cycle
61.614552385,190077999,,cycles,52433008,100.00,,
61.714750981,32545,,rD044,52903173,100.00,,
61.714750981,807862,,rFF44,52903493,100.00,,
61.714750981,787642262,,instructions,52903573,100.00,4.10,insn per cycle
61.714750981,191884932,,cycles,52902083,100.00,,
61.814942067,32537,,rD044,51860489,100.00,,
61.814942067,809990,,rFF44,51855049,100.00,,
61.814942067,769681818,,instructions,51849949,100.00,4.10,insn per cycle
61.814942067,187827051,,cycles,51845389,100.00,,
61.915118152,32646,,rD044,51566245,100.00,,
61.915118152,811194,,rFF44,51566245,100.00,,
61.915118152,763248484,,instructions,51566245,100.00,4.09,insn per cycle
61.915118152,186726378,,cycles,51566245,100.00,,
62.015293588,1943,,rD044,51364011,100.00,,
62.015293588,793687,,rFF44,51369821,100.00,,
62.015293588,763424947,,instructions,51369821,100.00,4.11,insn per cycle
62.015293588,185887287,,cycles,51369821,100.00,,
62.115480773,32414,,rD044,51529056,100.00,,
62.115480773,813577,,rFF44,51523246,100.00,,
62.115480773,763281647,,instructions,51523246,100.00,4.09,insn per cycle
62.115480773,186531049,,cycles,51523246,100.00,,
62.215654219,32702,,rD044,52212742,100.00,,
62.215654219,802533,,rFF44,52218732,100.00,,
62.215654219,775653928,,instructions,52223142,100.00,4.10,insn per cycle
62.215654219,189274670,,cycles,52227902,100.00,,
62.315845195,32352,,rD044,52435215,100.00,,
62.315845195,810291,,rFF44,52435235,100.00,,
62.315845195,789445503,,instructions,52436785,100.00,4.15,insn per cycle
62.315845195,190105691,,cycles,52437115,100.00,,
62.416035581,32743,,rD044,52428566,100.00,,
62.416035581,810270,,rFF44,52429226,100.00,,
62.416035581,800874307,,instructions,52427996,100.00,4.21,insn per cycle
62.416035581,190097260,,cycles,52427476,100.00,,
62.516224217,32284,,rD044,51728962,100.00,,
62.516224217,782805,,rFF44,51722292,100.00,,
62.516224217,791269149,,instructions,51717562,100.00,4.22,insn per cycle
62.516224217,187335783,,cycles,51712992,100.00,,
62.616402642,32434,,rD044,51186552,100.00,,
62.616402642,825821,,rFF44,51186552,100.00,,
62.616402642,777286610,,instructions,51186552,100.00,4.20,insn per cycle
62.616402642,185239247,,cycles,51186552,100.00,,
62.716576028,32743,,rD044,51301650,100.00,,
62.716576028,820246,,rFF44,51301650,100.00,,
62.716576028,777300167,,instructions,51301650,100.00,4.19,insn per cycle
62.716576028,185669234,,cycles,51301650,100.00,,
62.816763454,32227,,rD044,52067366,100.00,,
62.816763454,811689,,rFF44,52073636,100.00,,
62.816763454,790569891,,instructions,52078506,100.00,4.19,insn per cycle
62.816763454,188701626,,cycles,52083296,100.00,,
62.916952949,32788,,rD044,52491241,100.00,,
62.916952949,811851,,rFF44,52490631,100.00,,
62.916952949,789725999,,instructions,52490101,100.00,4.15,insn per cycle
62.916952949,190311402,,cycles,52490611,100.00,,
63.017143495,32538,,rD044,52433585,100.00,,
63.017143495,814265,,rFF44,52433445,100.00,,
63.017143495,786459810,,instructions,52434295,100.00,4.14,insn per cycle
63.017143495,190123511,,cycles,52433745,100.00,,
63.117338711,1927,,rD044,51200495,100.00,,
63.117338711,775770,,rFF44,51194975,100.00,,
63.117338711,772693033,,instructions,51189785,100.00,4.17,insn per cycle
63.117338711,185443700,,cycles,51185035,100.00,,
63.217512777,32329,,rD044,50682145,100.00,,
63.217512777,820256,,rFF44,50682145,100.00,,
63.217512777,764174942,,instructions,50682145,100.00,4.17,insn per cycle
63.217512777,183292827,,cycles,50682145,100.00,,
63.317689452,32292,,rD044,50836034,100.00,,
63.317689452,804325,,rFF44,50836034,100.00,,
63.317689452,764222950,,instructions,50836034,100.00,4.16,insn per cycle
63.317689452,183874914,,cycles,50836034,100.00,,
63.417863338,32778,,rD044,52390614,100.00,,
63.417863338,809569,,rFF44,52396034,100.00,,
63.417863338,792899592,,instructions,52400604,100.00,4.17,insn per cycle
63.417863338,189947802,,cycles,52405764,100.00,,
63.518054474,32313,,rD044,52470415,100.00,,
63.518054474,762584,,rFF44,52469865,100.00,,
63.518054474,784378380,,instructions,52470275,100.00,4.12,insn per cycle
63.518054474,190229572,,cycles,52469975,100.00,,
63.618249520,32446,,rD044,52009020,100.00,,
63.618249520,803316,,rFF44,52009460,100.00,,
63.618249520,776040525,,instructions,52009720,100.00,4.12,insn per cycle
63.618249520,188547906,,cycles,52009280,100.00,,
63.718438485,32646,,rD044,51282071,100.00,,
63.718438485,812371,,rFF44,51276761,100.00,,
63.718438485,762024966,,instructions,51271521,100.00,4.11,insn per cycle
63.718438485,185609541,,cycles,51267101,100.00,,
63.818623041,32475,,rD044,51401197,100.00,,
63.818623041,821266,,rFF44,51401197,100.00,,
63.818623041,761562673,,instructions,51401197,100.00,4.09,insn per cycle
63.818623041,186060598,,cycles,51401197,100.00,,
63.918796847,2043,,rD044,51109798,100.00,,
63.918796847,772967,,rFF44,51116528,100.00,,
63.918796847,761530561,,instructions,51120448,100.00,4.12,insn per cycle
63.918796847,184977809,,cycles,51120448,100.00,,
64.018984912,32334,,rD044,51701725,100.00,,
64.018984912,798125,,rFF44,51700655,100.00,,
64.018984912,769932742,,instructions,51701815,100.00,4.11,insn per cycle
64.018984912,187286268,,cycles,51706575,100.00,,
64.119180729,32519,,rD044,52538559,100.00,,
64.119180729,802152,,rFF44,52538439,100.00,,
64.119180729,784697889,,instructions,52537789,100.00,4.12,insn per cycle
64.119180729,190545530,,cycles,52537729,100.00,,
64.219369084,32370,,rD044,52493337,100.00,,
64.219369084,806685,,rFF44,52493367,100.00,,
64.219369084,783385571,,instructions,52492887,100.00,4.12,insn per cycle
64.219369084,190324166,,cycles,52493087,100.00,,
64.319556480,32465,,rD044,51959743,100.00,,
64.319556480,783186,,rFF44,51954173,100.00,,
64.319556480,776452988,,instructions,51950223,100.00,4.12,insn per cycle
64.319556480,188266498,,cycles,51945323,100.00,,
64.419743566,32585,,rD044,51362431,100.00,,
64.419743566,804315,,rFF44,51362431,100.00,,
64.419743566,762171156,,instructions,51362431,100.00,4.10,insn per cycle
64.419743566,185905834,,cycles,51362431,100.00,,
64.519920291,32397,,rD044,51338127,100.00,,
64.519920291,793605,,rFF44,51338127,100.00,,
64.519920291,762096138,,instructions,51338127,100.00,4.10,insn per cycle
64.519920291,185808289,,cycles,51338127,100.00,,
64.620105167,32448,,rD044,51397468,100.00,,
64.620105167,800705,,rFF44,51397468,100.00,,
64.620105167,762304361,,instructions,51405288,100.00,4.10,insn per cycle
64.620105167,186135729,,cycles,51408928,100.00,,
64.720294300,2425,,rD044,51306188,100.00,,
64.720294300,773823,,rFF44,51311748,100.00,,
64.720294300,764717792,,instructions,51309218,100.00,4.12,insn per cycle
64.720294300,185725847,,cycles,51310438,100.00,,
64.820484369,32423,,rD044,52489556,100.00,,
64.820484369,806713,,rFF44,52489846,100.00,,
64.820484369,782322236,,instructions,52489526,100.00,4.11,insn per cycle
64.820484369,190333281,,cycles,52489646,100.00,,
64.920673669,32489,,rD044,52169340,100.00,,
64.920673669,811734,,rFF44,52168710,100.00,,
64.920673669,777978553,,instructions,52168540,100.00,4.11,insn per cycle
64.920673669,189160193,,cycles,52168020,100.00,,
65.020862049,32737,,rD044,52538114,100.00,,
65.020862049,806803,,rFF44,52539044,100.00,,
65.020862049,790160540,,instructions,52539064,100.00,4.15,insn per cycle
65.020862049,190498063,,cycles,52539244,100.00,,
65.121058590,32775,,rD044,51467666,100.00,,
65.121058590,766545,,rFF44,51461516,100.00,,
65.121058590,781295108,,instructions,51456696,100.00,4.19,insn per cycle
65.121058590,186381519,,cycles,51452056,100.00,,
65.221233409,32440,,rD044,51056598,100.00,,
65.221233409,809170,,rFF44,51056598,100.00,,
65.221233409,772193818,,instructions,51056598,100.00,4.18,insn per cycle
65.221233409,184818796,,cycles,51056598,100.00,,
65.321409119,32544,,rD044,51103064,100.00,,
65.321409119,810779,,rFF44,51103064,100.00,,
65.321409119,772426733,,instructions,51103064,100.00,4.18,insn per cycle
65.321409119,184936712,,cycles,51103064,100.00,,
65.421584258,32378,,rD044,50950230,100.00,,
65.421584258,807354,,rFF44,50950230,100.00,,
65.421584258,772038084,,instructions,50950230,100.00,4.18,insn per cycle
65.421584258,184507474,,cycles,50950230,100.00,,
65.521773448,32281,,rD044,51708371,100.00,,
65.521773448,815501,,rFF44,51713682,100.00,,
65.521773448,784087752,,instructions,51718732,100.00,4.19,insn per cycle
65.521773448,187355932,,cycles,51723332,100.00,,
65.621968637,1965,,rD044,52543620,100.00,,
65.621968637,773231,,rFF44,52543879,100.00,,
65.621968637,803899291,,instructions,52543319,100.00,4.22,insn per cycle
65.621968637,190555015,,cycles,52543779,100.00,,
65.722157838,32511,,rD044,52389616,100.00,,
65.722157838,797714,,rFF44,52384046,100.00,,
65.722157838,797258428,,instructions,52379556,100.00,4.20,insn per cycle
65.722157838,189902992,,cycles,52374496,100.00,,
65.822332677,32652,,rD044,51148622,100.00,,
65.822332677,811857,,rFF44,51151722,100.00,,
65.822332677,773600528,,instructions,51151722,100.00,4.18,insn per cycle
65.822332677,185175126,,cycles,51151722,100.00,,
65.922516806,32644,,rD044,51099200,100.00,,
65.922516806,823879,,rFF44,51096100,100.00,,
65.922516806,772800243,,instructions,51096100,100.00,4.18,insn per cycle
65.922516806,184855891,,cycles,51096100,100.00,,
66.022692667,32535,,rD044,51264752,100.00,,
66.022692667,796821,,rFF44,51270952,100.00,,
66.022692667,774534416,,instructions,51275912,100.00,4.17,insn per cycle
66.022692667,185559705,,cycles,51280902,100.00,,
66.122892608,33051,,rD044,52679655,100.00,,
66.122892608,828928,,rFF44,52678905,100.00,,
66.122892608,790831800,,instructions,52678905,100.00,4.14,insn per cycle
66.122892608,191043387,,cycles,52679095,100.00,,
66.223083378,33068,,rD044,52361541,100.00,,
66.223083378,808427,,rFF44,52361821,100.00,,
66.223083378,787872506,,instructions,52362421,100.00,4.15,insn per cycle
66.223083378,189868445,,cycles,52362401,100.00,,
66.323275738,32540,,rD044,52553630,100.00,,
66.323275738,814695,,rFF44,52553450,100.00,,
66.323275738,789080629,,instructions,52552660,100.00,4.14,insn per cycle
66.323275738,190574877,,cycles,52552130,100.00,,
66.423466097,32630,,rD044,52359506,100.00,,
66.423466097,815857,,rFF44,52359816,100.00,,
66.423466097,784452919,,instructions,52359716,100.00,4.13,insn per cycle
66.423466097,189821449,,cycles,52360346,100.00,,
66.523657817,2254,,rD044,51515681,100.00,,
66.523657817,792365,,rFF44,51515731,100.00,,
66.523657817,772693475,,instructions,51511061,100.00,4.14,insn per cycle
66.523657817,186496340,,cycles,51505801,100.00,,
66.623850557,32256,,rD044,51569306,100.00,,
66.623850557,828683,,rFF44,51569256,100.00,,
66.623850557,771662333,,instructions,51569256,100.00,4.13,insn per cycle
66.623850557,186623647,,cycles,51569256,100.00,,
66.724037048,32345,,rD044,51946099,100.00,,
66.724037048,827392,,rFF44,51940239,100.00,,
66.724037048,771269747,,instructions,51940239,100.00,4.10,insn per cycle
66.724037048,188130997,,cycles,51940239,100.00,,
66.824211387,32377,,rD044,51928862,100.00,,
66.824211387,809424,,rFF44,51934562,100.00,,
66.824211387,773980197,,instructions,51939183,100.00,4.11,insn per cycle
66.824211387,188194775,,cycles,51944163,100.00,,
66.924401678,32264,,rD044,52512735,100.00,,
66.924401678,806714,,rFF44,52512945,100.00,,
66.924401678,784028760,,instructions,52513054,100.00,4.12,insn per cycle
66.924401678,190419330,,cycles,52512224,100.00,,
67.024589429,32698,,rD044,52425072,100.00,,
67.024589429,779699,,rFF44,52425402,100.00,,
67.024589429,785194539,,instructions,52438432,100.00,4.13,insn per cycle
67.024589429,190137453,,cycles,52439142,100.00,,
67.124798489,32334,,rD044,52541676,100.00,,
67.124798489,814712,,rFF44,52541006,100.00,,
67.124798489,784908014,,instructions,52528556,100.00,4.12,insn per cycle
67.124798489,190461424,,cycles,52529266,100.00,,
67.224988669,33047,,rD044,52454548,100.00,,
67.224988669,819914,,rFF44,52454498,100.00,,
67.224988669,780712306,,instructions,52453648,100.00,4.10,insn per cycle
67.224988669,190190165,,cycles,52452948,100.00,,
67.325177119,32416,,rD044,52956712,100.00,,
67.325177119,812176,,rFF44,52951192,100.00,,
67.325177119,793067229,,instructions,52946732,100.00,4.13,insn per cycle
67.325177119,191950652,,cycles,52941862,100.00,,
67.425354439,32531,,rD044,52024786,100.00,,
67.425354439,810357,,rFF44,52024786,100.00,,
67.425354439,776121115,,instructions,52024786,100.00,4.12,insn per cycle
67.425354439,188391962,,cycles,52024786,100.00,,
67.525528219,1871,,rD044,51856905,100.00,,
67.525528219,780838,,rFF44,51856905,100.00,,
67.525528219,776390002,,instructions,51856905,100.00,4.14,insn per cycle
67.525528219,187735902,,cycles,51856905,100.00,,
67.625709198,32762,,rD044,52083774,100.00,,
67.625709198,830774,,rFF44,52083774,100.00,,
67.625709198,776693347,,instructions,52083774,100.00,4.12,insn per cycle
67.625709198,188533890,,cycles,52083774,100.00,,
67.725884099,32545,,rD044,51735135,100.00,,
67.725884099,813696,,rFF44,51735135,100.00,,
67.725884099,776062406,,instructions,51735135,100.00,4.14,insn per cycle
67.725884099,187413971,,cycles,51743365,100.00,,
67.826066428,32443,,rD044,52011271,100.00,,
67.826066428,825387,,rFF44,52011271,100.00,,
67.826066428,772507619,,instructions,52011271,100.00,4.10,insn per cycle
67.826066428,188287648,,cycles,52003041,100.00,,
67.926240308,32562,,rD044,53071089,100.00,,
67.926240308,778012,,rFF44,53076669,100.00,,
67.926240308,791669846,,instructions,53081389,100.00,4.11,insn per cycle
67.926240308,192443248,,cycles,53086149,100.00,,
68.026427697,32508,,rD044,53091426,100.00,,
68.026427697,809944,,rFF44,53091496,100.00,,
68.026427697,791981861,,instructions,53091156,100.00,4.11,insn per cycle
68.026427697,192532171,,cycles,53091696,100.00,,
68.126626167,32388,,rD044,53154742,100.00,,
68.126626167,814770,,rFF44,53154902,100.00,,
68.126626167,799606353,,instructions,53155622,100.00,4.15,insn per cycle
68.126626167,192811565,,cycles,53155132,100.00,,
68.226816127,32635,,rD044,51594913,100.00,,
68.226816127,811016,,rFF44,51589103,100.00,,
68.226816127,771533408,,instructions,51584003,100.00,4.13,insn per cycle
68.226816127,186896925,,cycles,51579193,100.00,,
68.326991986,32383,,rD044,51817476,100.00,,
68.326991986,823290,,rFF44,51817476,100.00,,
68.326991986,771214297,,instructions,51817476,100.00,4.11,insn per cycle
68.326991986,187714000,,cycles,51817476,100.00,,
68.427165576,2214,,rD044,51684263,100.00,,
68.427165576,789641,,rFF44,51690473,100.00,,
68.427165576,771149739,,instructions,51690473,100.00,4.12,insn per cycle
68.427165576,187212458,,cycles,51690473,100.00,,
68.527352885,32312,,rD044,51893295,100.00,,
68.527352885,804540,,rFF44,51887085,100.00,,
68.527352885,771520965,,instructions,51887085,100.00,4.10,insn per cycle
68.527352885,187950208,,cycles,51887085,100.00,,
68.627535355,32374,,rD044,51905228,100.00,,
68.627535355,806000,,rFF44,51905228,100.00,,
68.627535355,771654861,,instructions,51905228,100.00,4.10,insn per cycle
68.627535355,188059209,,cycles,51905228,100.00,,
68.727708905,32870,,rD044,52037490,100.00,,
68.727708905,816210,,rFF44,52037490,100.00,,
68.727708905,771949747,,instructions,52037490,100.00,4.09,insn per cycle
68.727708905,188534987,,cycles,52037490,100.00,,
68.827881415,32207,,rD044,51691627,100.00,,
68.827881415,781784,,rFF44,51691627,100.00,,
68.827881415,771881388,,instructions,51691627,100.00,4.12,insn per cycle
68.827881415,187237653,,cycles,51691627,100.00,,
68.928055994,32770,,rD044,51860627,100.00,,
68.928055994,823891,,rFF44,51865897,100.00,,
68.928055994,772254722,,instructions,51871347,100.00,4.11,insn per cycle
68.928055994,187949929,,cycles,51876487,100.00,,
69.028246965,32235,,rD044,52709401,100.00,,
69.028246965,815705,,rFF44,52709751,100.00,,
69.028246965,787918355,,instructions,52708801,100.00,4.12,insn per cycle
69.028246965,191142138,,cycles,52708041,100.00,,
69.128441955,32643,,rD044,53107796,100.00,,
69.128441955,810231,,rFF44,53107676,100.00,,
69.128441955,794604465,,instructions,53108616,100.00,4.13,insn per cycle
69.128441955,192609922,,cycles,53109106,100.00,,
69.228631195,32404,,rD044,52699871,100.00,,
69.228631195,803308,,rFF44,52700701,100.00,,
69.228631195,787112841,,instructions,52700501,100.00,4.12,insn per cycle
69.228631195,191098791,,cycles,52700121,100.00,,
69.328821255,1813,,rD044,52334296,100.00,,
69.328821255,776194,,rFF44,52327966,100.00,,
69.328821255,783240089,,instructions,52322726,100.00,4.13,insn per cycle
69.328821255,189688029,,cycles,52318236,100.00,,
69.428996195,32567,,rD044,51874004,100.00,,
69.428996195,815138,,rFF44,51876324,100.00,,
69.428996195,771337320,,instructions,51876324,100.00,4.10,insn per cycle
69.428996195,187963083,,cycles,51876324,100.00,,
69.529176584,32678,,rD044,52012579,100.00,,
69.529176584,825979,,rFF44,52018199,100.00,,
69.529176584,770719664,,instructions,52021869,100.00,4.09,insn per cycle
69.529176584,188415520,,cycles,52021869,100.00,,
69.629372644,32550,,rD044,51792169,100.00,,
69.629372644,821998,,rFF44,51784229,100.00,,
69.629372644,773936728,,instructions,51780559,100.00,4.13,insn per cycle
69.629372644,187389143,,cycles,51780559,100.00,,
69.729548943,32323,,rD044,51610638,100.00,,
69.729548943,780362,,rFF44,51616418,100.00,,
69.729548943,774617371,,instructions,51621078,100.00,4.15,insn per cycle
69.729548943,186858686,,cycles,51625858,100.00,,
69.829754133,32782,,rD044,52799749,100.00,,
69.829754133,822451,,rFF44,52799589,100.00,,
69.829754133,793216255,,instructions,52799649,100.00,4.14,insn per cycle
69.829754133,191469054,,cycles,52800529,100.00,,
69.929945593,32358,,rD044,52667547,100.00,,
69.929945593,814648,,rFF44,52667817,100.00,,
69.929945593,790268413,,instructions,52667527,100.00,4.14,insn per cycle
69.929945593,190917260,,cycles,52667827,100.00,,
70.030135602,32785,,rD044,51816543,100.00,,
70.030135602,816408,,rFF44,51816173,100.00,,
70.030135602,776582025,,instructions,51817223,100.00,4.14,insn per cycle
70.030135602,187748006,,cycles,51816033,100.00,,
70.130330122,32723,,rD044,53255108,100.00,,
70.130330122,832895,,rFF44,53255538,100.00,,
70.130330122,795024583,,instructions,53255208,100.00,4.12,insn per cycle
70.130330122,193157273,,cycles,53255048,100.00,,
70.230520023,1782,,rD044,51654583,100.00,,
70.230520023,776801,,rFF44,51648633,100.00,,
70.230520023,768497249,,instructions,51643483,100.00,4.11,insn per cycle
70.230520023,186948675,,cycles,51638873,100.00,,
70.330696052,32345,,rD044,51716345,100.00,,
70.330696052,807072,,rFF44,51716345,100.00,,
70.330696052,764511733,,instructions,51716345,100.00,4.08,insn per cycle
70.330696052,187329087,,cycles,51716345,100.00,,
70.430871402,32977,,rD044,51933455,100.00,,
70.430871402,825979,,rFF44,51933455,100.00,,
70.430871402,766033286,,instructions,51933455,100.00,4.07,insn per cycle
70.430871402,188136594,,cycles,51933455,100.00,,
70.531044492,32241,,rD044,51736471,100.00,,
70.531044492,813838,,rFF44,51740091,100.00,,
70.531044492,764726164,,instructions,51740091,100.00,4.08,insn per cycle
70.531044492,187401686,,cycles,51740091,100.00,,
70.631234802,32294,,rD044,51620301,100.00,,
70.631234802,787331,,rFF44,51619071,100.00,,
70.631234802,764875400,,instructions,51619071,100.00,4.09,insn per cycle
70.631234802,186916510,,cycles,51619071,100.00,,
70.731415752,32267,,rD044,51923339,100.00,,
70.731415752,813322,,rFF44,51926419,100.00,,
70.731415752,767344664,,instructions,51930979,100.00,4.08,insn per cycle
70.731415752,188205242,,cycles,51935389,100.00,,
70.831604110,32444,,rD044,52604639,100.00,,
70.831604110,807247,,rFF44,52604939,100.00,,
70.831604110,780524390,,instructions,52605169,100.00,4.09,insn per cycle
70.831604110,190759189,,cycles,52605459,100.00,,
70.931804840,32630,,rD044,52724942,100.00,,
70.931804840,818445,,rFF44,52724732,100.00,,
70.931804840,778803078,,instructions,52724642,100.00,4.07,insn per cycle
70.931804840,191193589,,cycles,52724892,100.00,,
71.031991869,1973,,rD044,52147274,100.00,,
71.031991869,782603,,rFF44,52141714,100.00,,
71.031991869,773455362,,instructions,52137014,100.00,4.09,insn per cycle
71.031991869,188978703,,cycles,52132064,100.00,,
71.132167029,32766,,rD044,51347206,100.00,,
71.132167029,820240,,rFF44,51347206,100.00,,
71.132167029,754850727,,instructions,51347206,100.00,4.06,insn per cycle
71.132167029,185902286,,cycles,51347206,100.00,,
71.232343588,32438,,rD044,51440029,100.00,,
71.232343588,828961,,rFF44,51442879,100.00,,
71.232343588,754793347,,instructions,51442879,100.00,4.05,insn per cycle
71.232343588,186178209,,cycles,51442879,100.00,,
71.332525248,32401,,rD044,51334795,100.00,,
71.332525248,786390,,rFF44,51331945,100.00,,
71.332525248,754855424,,instructions,51331945,100.00,4.06,insn per cycle
71.332525248,185803473,,cycles,51331945,100.00,,
71.432701827,32183,,rD044,52089708,100.00,,
71.432701827,806261,,rFF44,52095088,100.00,,
71.432701827,768421309,,instructions,52099218,100.00,4.07,insn per cycle
71.432701827,188788302,,cycles,52103918,100.00,,
71.532887497,32447,,rD044,52816805,100.00,,
71.532887497,819389,,rFF44,52816945,100.00,,
71.532887497,779404663,,instructions,52817485,100.00,4.07,insn per cycle
71.532887497,191562668,,cycles,52817385,100.00,,
71.633076676,32423,,rD044,52906739,100.00,,
71.633076676,819101,,rFF44,52906839,100.00,,
71.633076676,781318395,,instructions,52907109,100.00,4.07,insn per cycle
71.633076676,191871866,,cycles,52907209,100.00,,
71.733266206,2021,,rD044,51573216,100.00,,
71.733266206,794531,,rFF44,51567596,100.00,,
71.733266206,762271506,,instructions,51562656,100.00,4.09,insn per cycle
71.733266206,186584188,,cycles,51557956,100.00,,
71.833441145,32433,,rD044,51601451,100.00,,
71.833441145,836514,,rFF44,51601451,100.00,,
71.833441145,757105895,,instructions,51609171,100.00,4.05,insn per cycle
71.833441145,186713816,,cycles,51612501,100.00,,
71.933630055,32509,,rD044,52007168,100.00,,
71.933630055,821826,,rFF44,52013328,100.00,,
71.933630055,765534237,,instructions,52010318,100.00,4.07,insn per cycle
71.933630055,188322847,,cycles,52012248,100.00,,
72.033813885,32511,,rD044,52977548,100.00,,
72.033813885,807705,,rFF44,52976378,100.00,,
72.033813885,783698523,,instructions,52976548,100.00,4.08,insn per cycle
72.033813885,192091664,,cycles,52976128,100.00,,
72.134003364,32338,,rD044,52984025,100.00,,
72.134003364,772935,,rFF44,52985205,100.00,,
72.134003364,787309872,,instructions,52985405,100.00,4.10,insn per cycle
72.134003364,192155430,,cycles,52985255,100.00,,
72.234194484,32644,,rD044,51639927,100.00,,
72.234194484,815919,,rFF44,51641237,100.00,,
72.234194484,758098363,,instructions,51639457,100.00,4.06,insn per cycle
72.234194484,186914966,,cycles,51634767,100.00,,
72.334383124,32502,,rD044,51387290,100.00,,
72.334383124,814635,,rFF44,51379810,100.00,,
72.334383124,756584266,,instructions,51376510,100.00,4.07,insn per cycle
72.334383124,186067819,,cycles,51376510,100.00,,
72.434559913,32716,,rD044,51609591,100.00,,
72.434559913,830271,,rFF44,51609591,100.00,,
72.434559913,756983967,,instructions,51609591,100.00,4.05,insn per cycle
72.434559913,186883000,,cycles,51609591,100.00,,
72.534740143,2305,,rD044,51377044,100.00,,
72.534740143,772766,,rFF44,51377044,100.00,,
72.534740143,762608364,,instructions,51377044,100.00,4.10,insn per cycle
72.534740143,186052508,,cycles,51377044,100.00,,
72.634914592,32545,,rD044,51672027,100.00,,
72.634914592,816058,,rFF44,51672027,100.00,,
72.634914592,763500578,,instructions,51672027,100.00,4.08,insn per cycle
72.634914592,187135235,,cycles,51672027,100.00,,
72.735096212,32609,,rD044,52553677,100.00,,
72.735096212,811945,,rFF44,52558787,100.00,,
72.735096212,777896870,,instructions,52563567,100.00,4.08,insn per cycle
72.735096212,190581998,,cycles,52568497,100.00,,
72.835284361,32588,,rD044,52556842,100.00,,
72.835284361,817191,,rFF44,52557332,100.00,,
72.835284361,782674419,,instructions,52557502,100.00,4.11,insn per cycle
72.835284361,190571038,,cycles,52557462,100.00,,
72.935473742,32681,,rD044,52577034,100.00,,
72.935473742,793789,,rFF44,52576514,100.00,,
72.935473742,784901583,,instructions,52576214,100.00,4.12,insn per cycle
72.935473742,190629317,,cycles,52576024,100.00,,
73.035655221,32752,,rD044,52351328,100.00,,
73.035655221,819187,,rFF44,52346248,100.00,,
73.035655221,776990502,,instructions,52341598,100.00,4.10,insn per cycle
73.035655221,189734971,,cycles,52336898,100.00,,
73.135829941,32256,,rD044,50222388,100.00,,
73.135829941,820704,,rFF44,50222388,100.00,,
73.135829941,772415654,,instructions,50222388,100.00,4.26,insn per cycle
73.135829941,181509075,,cycles,50222388,100.00,,
73.236006750,32711,,rD044,50900380,100.00,,
73.236006750,831224,,rFF44,50905770,100.00,,
73.236006750,788577564,,instructions,50910550,100.00,4.28,insn per cycle
73.236006750,184120323,,cycles,50915350,100.00,,
73.336196349,32447,,rD044,52625135,100.00,,
73.336196349,823631,,rFF44,52619745,100.00,,
73.336196349,825088596,,instructions,52614965,100.00,4.33,insn per cycle
73.336196349,190766216,,cycles,52610165,100.00,,
73.436371299,2060,,rD044,49816408,100.00,,
73.436371299,807800,,rFF44,49816408,100.00,,
73.436371299,772676648,,instructions,49816408,100.00,4.29,insn per cycle
73.436371299,179943813,,cycles,49816408,100.00,,
73.536543769,32511,,rD044,51359730,100.00,,
73.536543769,842697,,rFF44,51365280,100.00,,
73.536543769,800608724,,instructions,51369760,100.00,4.31,insn per cycle
73.536543769,185912878,,cycles,51374970,100.00,,
73.636739338,32363,,rD044,52792155,100.00,,
73.636739338,819745,,rFF44,52786605,100.00,,
73.636739338,810013313,,instructions,52782125,100.00,4.23,insn per cycle
73.636739338,191339865,,cycles,52776915,100.00,,
73.736916117,32473,,rD044,51165175,100.00,,
73.736916117,816834,,rFF44,51165175,100.00,,
73.736916117,770390904,,instructions,51165175,100.00,4.16,insn per cycle
73.736916117,185066980,,cycles,51165175,100.00,,
73.837090077,32462,,rD044,51240513,100.00,,
73.837090077,834886,,rFF44,51240513,100.00,,
73.837090077,770728425,,instructions,51248523,100.00,4.16,insn per cycle
73.837090077,185341856,,cycles,51252413,100.00,,
73.937282297,32286,,rD044,52944935,100.00,,
73.937282297,793858,,rFF44,52950225,100.00,,
73.937282297,808373517,,instructions,52946665,100.00,4.21,insn per cycle
73.937282297,191935695,,cycles,52947505,100.00,,
74.037464137,32626,,rD044,52770089,100.00,,
74.037464137,824653,,rFF44,52764799,100.00,,
74.037464137,801905200,,instructions,52760349,100.00,4.19,insn per cycle
74.037464137,191305992,,cycles,52755619,100.00,,
74.137638546,32649,,rD044,51307247,100.00,,
74.137638546,833994,,rFF44,51307247,100.00,,
74.137638546,770452381,,instructions,51307247,100.00,4.15,insn per cycle
74.137638546,185584070,,cycles,51307247,100.00,,
74.237816576,32911,,rD044,51146429,100.00,,
74.237816576,833053,,rFF44,51146429,100.00,,
74.237816576,768374359,,instructions,51146429,100.00,4.15,insn per cycle
74.237816576,184946545,,cycles,51146429,100.00,,
74.337989816,32648,,rD044,52752602,100.00,,
74.337989816,813116,,rFF44,52757922,100.00,,
74.337989816,791330262,,instructions,52763422,100.00,4.14,insn per cycle
74.337989816,191275891,,cycles,52768582,100.00,,
74.438180886,1792,,rD044,52684540,100.00,,
74.438180886,780756,,rFF44,52685090,100.00,,
74.438180886,798613006,,instructions,52684460,100.00,4.18,insn per cycle
74.438180886,191059109,,cycles,52684370,100.00,,
74.538370845,32482,,rD044,51829934,100.00,,
74.538370845,823000,,rFF44,51824064,100.00,,
74.538370845,778573747,,instructions,51819194,100.00,4.15,insn per cycle
74.538370845,187728334,,cycles,51814124,100.00,,
74.638545815,32419,,rD044,51075605,100.00,,
74.638545815,816242,,rFF44,51075605,100.00,,
74.638545815,767071818,,instructions,51075605,100.00,4.15,insn per cycle
74.638545815,185023038,,cycles,51075605,100.00,,
74.738735164,32434,,rD044,51397269,100.00,,
74.738735164,837321,,rFF44,51397269,100.00,,
74.738735164,767521545,,instructions,51397269,100.00,4.13,insn per cycle
74.738735164,185976078,,cycles,51397269,100.00,,
74.838907933,32547,,rD044,51314273,100.00,,
74.838907933,782865,,rFF44,51314273,100.00,,
74.838907933,767367289,,instructions,51314273,100.00,4.13,insn per cycle
74.838907933,185612460,,cycles,51314273,100.00,,
74.939078023,32471,,rD044,53099457,100.00,,
74.939078023,817945,,rFF44,53105107,100.00,,
74.939078023,799381876,,instructions,53110547,100.00,4.15,insn per cycle
74.939078023,192620180,,cycles,53115617,100.00,,
75.039265962,32238,,rD044,53165985,100.00,,
75.039265962,821405,,rFF44,53166225,100.00,,
75.039265962,801196042,,instructions,53165325,100.00,4.16,insn per cycle
75.039265962,192818346,,cycles,53165225,100.00,,
75.139455392,32542,,rD044,51220381,100.00,,
75.139455392,827026,,rFF44,51214491,100.00,,
75.139455392,767534368,,instructions,51209951,100.00,4.14,insn per cycle
75.139455392,185199845,,cycles,51204981,100.00,,
75.239633161,1729,,rD044,50154248,100.00,,
75.239633161,806477,,rFF44,50154248,100.00,,
75.239633161,767169992,,instructions,50154248,100.00,4.23,insn per cycle
75.239633161,181196306,,cycles,50154248,100.00,,
75.339809601,32425,,rD044,52565683,100.00,,
75.339809601,829409,,rFF44,52571533,100.00,,
75.339809601,808640346,,instructions,52576603,100.00,4.24,insn per cycle
75.339809601,190636071,,cycles,52581573,100.00,,
75.440001651,32436,,rD044,51640385,100.00,,
75.440001651,813203,,rFF44,51639665,100.00,,
75.440001651,793616025,,instructions,51639925,100.00,4.25,insn per cycle
75.440001651,186936162,,cycles,51634955,100.00,,
75.540188071,32489,,rD044,50323769,100.00,,
75.540188071,831173,,rFF44,50318639,100.00,,
75.540188071,767320209,,instructions,50320799,100.00,4.22,insn per cycle
75.540188071,181888176,,cycles,50323999,100.00,,
75.640376441,32297,,rD044,51767211,100.00,,
75.640376441,800332,,rFF44,51772731,100.00,,
75.640376441,799027632,,instructions,51769971,100.00,4.26,insn per cycle
75.640376441,187482131,,cycles,51771711,100.00,,
75.740566841,32448,,rD044,52152319,100.00,,
75.740566841,823136,,rFF44,52146799,100.00,,
75.740566841,802513766,,instructions,52142069,100.00,4.25,insn per cycle
75.740566841,189009658,,cycles,52137129,100.00,,
75.840752590,32376,,rD044,50684666,100.00,,
75.840752590,843482,,rFF44,50684666,100.00,,
75.840752590,767724594,,instructions,50684666,100.00,4.19,insn per cycle
75.840752590,183256279,,cycles,50684666,100.00,,
75.940929280,32771,,rD044,50778455,100.00,,
75.940929280,829673,,rFF44,50784405,100.00,,
75.940929280,767759679,,instructions,50788875,100.00,4.18,insn per cycle
75.940929280,183645205,,cycles,50793365,100.00,,
76.041119049,32634,,rD044,52910445,100.00,,
76.041119049,825189,,rFF44,52910225,100.00,,
76.041119049,809018592,,instructions,52910495,100.00,4.22,insn per cycle
76.041119049,191913448,,cycles,52910975,100.00,,
76.141308719,1651,,rD044,51676657,100.00,,
76.141308719,778623,,rFF44,51670927,100.00,,
76.141308719,795210475,,instructions,51666187,100.00,4.25,insn per cycle
76.141308719,187137981,,cycles,51661217,100.00,,
76.241484989,32579,,rD044,50668649,100.00,,
76.241484989,826697,,rFF44,50668649,100.00,,
76.241484989,767518265,,instructions,50668649,100.00,4.19,insn per cycle
76.241484989,183221305,,cycles,50668649,100.00,,
76.341657009,32721,,rD044,50768072,100.00,,
76.341657009,835123,,rFF44,50773832,100.00,,
76.341657009,768559519,,instructions,50778272,100.00,4.19,insn per cycle
76.341657009,183615045,,cycles,50782912,100.00,,
76.441850419,32830,,rD044,50330571,100.00,,
76.441850419,843613,,rFF44,50324811,100.00,,
76.441850419,764412909,,instructions,50320371,100.00,4.20,insn per cycle
76.441850419,181959217,,cycles,50315731,100.00,,
76.542025769,32505,,rD044,50042653,100.00,,
76.542025769,797996,,rFF44,50048193,100.00,,
76.542025769,777302857,,instructions,50052783,100.00,4.29,insn per cycle
76.542025769,181005313,,cycles,50057403,100.00,,
76.642216998,32244,,rD044,52270417,100.00,,
76.642216998,817535,,rFF44,52270997,100.00,,
76.642216998,817569579,,instructions,52271607,100.00,4.31,insn per cycle
76.642216998,189487250,,cycles,52271557,100.00,,
76.742408948,32638,,rD044,50080814,100.00,,
76.742408948,826161,,rFF44,50074694,100.00,,
76.742408948,771124579,,instructions,50069494,100.00,4.26,insn per cycle
76.742408948,180880144,,cycles,50064924,100.00,,
76.842584047,33095,,rD044,51476467,100.00,,
76.842584047,837749,,rFF44,51481907,100.00,,
76.842584047,797444896,,instructions,51486297,100.00,4.28,insn per cycle
76.842584047,186316724,,cycles,51499837,100.00,,
76.942786077,32318,,rD044,51599328,100.00,,
76.942786077,821657,,rFF44,51593888,100.00,,
76.942786077,802496122,,instructions,51589498,100.00,4.30,insn per cycle
76.942786077,186828458,,cycles,51575958,100.00,,
77.042959637,1659,,rD044,49626195,100.00,,
77.042959637,796899,,rFF44,49626195,100.00,,
77.042959637,766014623,,instructions,49626195,100.00,4.28,insn per cycle
77.042959637,179146013,,cycles,49626195,100.00,,
77.143134196,32344,,rD044,51253242,100.00,,
77.143134196,811165,,rFF44,51258842,100.00,,
77.143134196,792411462,,instructions,51263262,100.00,4.27,insn per cycle
77.143134196,185584680,,cycles,51267732,100.00,,
77.243324596,32422,,rD044,51764684,100.00,,
77.243324596,820818,,rFF44,51759084,100.00,,
77.243324596,806776901,,instructions,51754664,100.00,4.30,insn per cycle
77.243324596,187426283,,cycles,51750194,100.00,,
77.343499635,32708,,rD044,50166837,100.00,,
77.343499635,849461,,rFF44,50172907,100.00,,
77.343499635,771460870,,instructions,50177317,100.00,4.26,insn per cycle
77.343499635,181150441,,cycles,50181857,100.00,,
77.443692325,32815,,rD044,52887160,100.00,,
77.443692325,826804,,rFF44,52881090,100.00,,
77.443692325,829781029,,instructions,52876680,100.00,4.33,insn per cycle
77.443692325,191724622,,cycles,52872140,100.00,,
77.543866405,32521,,rD044,49504259,100.00,,
77.543866405,812121,,rFF44,49504259,100.00,,
77.543866405,766113580,,instructions,49504259,100.00,4.29,insn per cycle
77.543866405,178573567,,cycles,49504259,100.00,,
77.644039754,32337,,rD044,52389832,100.00,,
77.644039754,817046,,rFF44,52395372,100.00,,
77.644039754,820425070,,instructions,52400062,100.00,4.32,insn per cycle
77.644039754,189935968,,cycles,52405302,100.00,,
77.744232634,32422,,rD044,50703149,100.00,,
77.744232634,820957,,rFF44,50697609,100.00,,
77.744232634,779277496,,instructions,50692919,100.00,4.25,insn per cycle
77.744232634,183213139,,cycles,50687679,100.00,,
77.844407393,32650,,rD044,51270173,100.00,,
77.844407393,827304,,rFF44,51275923,100.00,,
77.844407393,794927500,,instructions,51281143,100.00,4.29,insn per cycle
77.844407393,185484679,,cycles,51285843,100.00,,
77.944599493,32386,,rD044,51810137,100.00,,
77.944599493,830429,,rFF44,51804387,100.00,,
77.944599493,806890060,,instructions,51799167,100.00,4.30,insn per cycle
77.944599493,187555625,,cycles,51794467,100.00,,
78.044785752,2018,,rD044,50169064,100.00,,
78.044785752,807203,,rFF44,50174674,100.00,,
78.044785752,778326471,,instructions,50180424,100.00,4.30,insn per cycle
78.044785752,181213956,,cycles,50185184,100.00,,
78.144976892,32596,,rD044,52686610,100.00,,
78.144976892,829858,,rFF44,52686840,100.00,,
78.144976892,823531384,,instructions,52686940,100.00,4.31,insn per cycle
78.144976892,190994264,,cycles,52682180,100.00,,
78.245169751,32589,,rD044,49722161,100.00,,
78.245169751,827522,,rFF44,49716321,100.00,,
78.245169751,766971001,,instructions,49710471,100.00,4.28,insn per cycle
78.245169751,179364362,,cycles,49710471,100.00,,
78.345342781,32666,,rD044,52308788,100.00,,
78.345342781,820165,,rFF44,52314798,100.00,,
78.345342781,809562457,,instructions,52320298,100.00,4.27,insn per cycle
78.345342781,189560734,,cycles,52325288,100.00,,
78.445534110,32324,,rD044,51336690,100.00,,
78.445534110,821182,,rFF44,51330680,100.00,,
78.445534110,780651595,,instructions,51325180,100.00,4.20,insn per cycle
78.445534110,185682537,,cycles,51320190,100.00,,
78.545709020,32506,,rD044,50524844,100.00,,
78.545709020,797728,,rFF44,50530254,100.00,,
78.545709020,768628660,,instructions,50535384,100.00,4.21,insn per cycle
78.545709020,182604046,,cycles,50539894,100.00,,
78.645899689,32396,,rD044,52699159,100.00,,
78.645899689,828068,,rFF44,52693749,100.00,,
78.645899689,807647189,,instructions,52688619,100.00,4.23,insn per cycle
78.645899689,191025227,,cycles,52684109,100.00,,
78.746076679,32888,,rD044,49978911,100.00,,
78.746076679,828169,,rFF44,49978911,100.00,,
78.746076679,754592877,,instructions,49978911,100.00,4.18,insn per cycle
78.746076679,180452743,,cycles,49978911,100.00,,
78.846248968,32804,,rD044,51747633,100.00,,
78.846248968,822161,,rFF44,51754113,100.00,,
78.846248968,787130025,,instructions,51758633,100.00,4.20,insn per cycle
78.846248968,187355885,,cycles,51763203,100.00,,
78.946438258,1849,,rD044,51541383,100.00,,
78.946438258,782640,,rFF44,51534903,100.00,,
78.946438258,789211632,,instructions,51530383,100.00,4.23,insn per cycle
78.946438258,186482712,,cycles,51525813,100.00,,
79.046626468,32658,,rD044,49842722,100.00,,
79.046626468,827210,,rFF44,49842722,100.00,,
79.046626468,754576306,,instructions,49842722,100.00,4.19,insn per cycle
79.046626468,180004665,,cycles,49842722,100.00,,
79.146800747,32216,,rD044,50903055,100.00,,
79.146800747,815266,,rFF44,50908965,100.00,,
79.146800747,778516514,,instructions,50913915,100.00,4.22,insn per cycle
79.146800747,184344812,,cycles,50918875,100.00,,
79.246993447,32868,,rD044,52249548,100.00,,
79.246993447,826569,,rFF44,52243638,100.00,,
79.246993447,797332647,,instructions,52238688,100.00,4.21,insn per cycle
79.246993447,189372999,,cycles,52233728,100.00,,
79.347167746,32314,,rD044,50506577,100.00,,
79.347167746,775512,,rFF44,50506577,100.00,,
79.347167746,752333696,,instructions,50506577,100.00,4.12,insn per cycle
79.347167746,182634482,,cycles,50506577,100.00,,
79.447342665,32415,,rD044,50699074,100.00,,
79.447342665,825242,,rFF44,50699074,100.00,,
79.447342665,751747382,,instructions,50699074,100.00,4.10,insn per cycle
79.447342665,183302110,,cycles,50699074,100.00,,
79.547516504,32475,,rD044,52153370,100.00,,
79.547516504,821429,,rFF44,52158750,100.00,,
79.547516504,778695436,,instructions,52164040,100.00,4.12,insn per cycle
79.547516504,189050289,,cycles,52169300,100.00,,
79.647706823,32261,,rD044,52493465,100.00,,
79.647706823,820767,,rFF44,52493415,100.00,,
79.647706823,787549458,,instructions,52492515,100.00,4.14,insn per cycle
79.647706823,190370147,,cycles,52492265,100.00,,
79.747898763,1673,,rD044,50701974,100.00,,
79.747898763,795645,,rFF44,50696644,100.00,,
79.747898763,756175744,,instructions,50692254,100.00,4.12,insn per cycle
79.747898763,183365168,,cycles,50687244,100.00,,
79.848072063,32539,,rD044,50726539,100.00,,
79.848072063,832653,,rFF44,50726539,100.00,,
79.848072063,751638487,,instructions,50726539,100.00,4.10,insn per cycle
79.848072063,183431399,,cycles,50726539,100.00,,
79.948246452,32700,,rD044,52119129,100.00,,
79.948246452,816212,,rFF44,52124569,100.00,,
79.948246452,786386218,,instructions,52128859,100.00,4.16,insn per cycle
79.948246452,188820589,,cycles,52133879,100.00,,
80.048434992,32342,,rD044,51979476,100.00,,
80.048434992,814607,,rFF44,51974036,100.00,,
80.048434992,783807793,,instructions,51969746,100.00,4.16,insn per cycle
80.048434992,188231013,,cycles,51964726,100.00,,
80.148623881,32580,,rD044,50217588,100.00,,
80.148623881,790831,,rFF44,50217588,100.00,,
80.148623881,751605764,,instructions,50217588,100.00,4.14,insn per cycle
80.148623881,181335792,,cycles,50217588,100.00,,
80.248800721,32667,,rD044,52511017,100.00,,
80.248800721,823096,,rFF44,52516567,100.00,,
80.248800721,793187297,,instructions,52521317,100.00,4.17,insn per cycle
80.248800721,190325725,,cycles,52525997,100.00,,
80.348991820,32662,,rD044,51966243,100.00,,
80.348991820,827907,,rFF44,51960693,100.00,,
80.348991820,777019695,,instructions,51955943,100.00,4.13,insn per cycle
80.348991820,188138476,,cycles,51951263,100.00,,
80.449174260,32441,,rD044,49844781,100.00,,
80.449174260,822469,,rFF44,49850211,100.00,,
80.449174260,754000843,,instructions,49854861,100.00,4.19,insn per cycle
80.449174260,179921645,,cycles,49859821,100.00,,
80.549365339,1731,,rD044,53171958,100.00,,
80.549365339,778922,,rFF44,53172038,100.00,,
80.549365339,819259372,,instructions,53172418,100.00,4.25,insn per cycle
80.549365339,192844290,,cycles,53172558,100.00,,
80.649554879,32551,,rD044,49964175,100.00,,
80.649554879,814691,,rFF44,49958665,100.00,,
80.649554879,754283456,,instructions,49953635,100.00,4.18,insn per cycle
80.649554879,180417373,,cycles,49948535,100.00,,
80.749743438,32885,,rD044,51272047,100.00,,
80.749743438,822217,,rFF44,51276807,100.00,,
80.749743438,777879968,,instructions,51281437,100.00,4.19,insn per cycle
80.749743438,185559057,,cycles,51285977,100.00,,
80.849931738,32505,,rD044,52181969,100.00,,
80.849931738,820648,,rFF44,52177209,100.00,,
80.849931738,794998667,,instructions,52180749,100.00,4.21,insn per cycle
80.849931738,189036041,,cycles,52179859,100.00,,
80.950120868,32185,,rD044,49835861,100.00,,
80.950120868,795261,,rFF44,49835861,100.00,,
80.950120868,753120574,,instructions,49827691,100.00,4.19,insn per cycle
80.950120868,179866563,,cycles,49824041,100.00,,
81.050297027,32378,,rD044,52468783,100.00,,
81.050297027,810611,,rFF44,52473793,100.00,,
81.050297027,801978312,,instructions,52477943,100.00,4.22,insn per cycle
81.050297027,190150756,,cycles,52483593,100.00,,
81.150488627,32306,,rD044,50753961,100.00,,
81.150488627,809521,,rFF44,50748951,100.00,,
81.150488627,770979783,,instructions,50744801,100.00,4.20,insn per cycle
81.150488627,183452707,,cycles,50739151,100.00,,
81.250665056,32590,,rD044,50965656,100.00,,
81.250665056,820621,,rFF44,50970756,100.00,,
81.250665056,776270133,,instructions,50975676,100.00,4.21,insn per cycle
81.250665056,184306482,,cycles,50980836,100.00,,
81.350853055,32449,,rD044,52409277,100.00,,
81.350853055,811044,,rFF44,52410247,100.00,,
81.350853055,798624513,,instructions,52405327,100.00,4.21,insn per cycle
81.350853055,189897623,,cycles,52400167,100.00,,
81.451041425,1877,,rD044,48715720,100.00,,
81.451041425,804055,,rFF44,48709650,100.00,,
81.451041425,769101709,,instructions,48709650,100.00,4.38,insn per cycle
81.451041425,175611946,,cycles,48709650,100.00,,
81.551218325,32635,,rD044,51324472,100.00,,
81.551218325,835100,,rFF44,51329922,100.00,,
81.551218325,816329446,,instructions,51335262,100.00,4.39,insn per cycle
81.551218325,185887698,,cycles,51340093,100.00,,
81.651411574,32314,,rD044,49785770,100.00,,
81.651411574,829920,,rFF44,49780320,100.00,,
81.651411574,790156552,,instructions,49774980,100.00,4.39,insn per cycle
81.651411574,179960066,,cycles,49770149,100.00,,
81.751587834,32306,,rD044,49436803,100.00,,
81.751587834,832826,,rFF44,49442414,100.00,,
81.751587834,782202300,,instructions,49447204,100.00,4.38,insn per cycle
81.751587834,178568598,,cycles,49461144,100.00,,
81.851786824,32591,,rD044,51435832,100.00,,
81.851786824,821100,,rFF44,51430221,100.00,,
81.851786824,825380102,,instructions,51425431,100.00,4.43,insn per cycle
81.851786824,186209115,,cycles,51411491,100.00,,
81.951969804,32458,,rD044,50198434,100.00,,
81.951969804,792493,,rFF44,50198434,100.00,,
81.951969804,757517836,,instructions,50198434,100.00,4.18,insn per cycle
81.951969804,181371698,,cycles,50198434,100.00,,
82.052144914,32920,,rD044,50852597,100.00,,
82.052144914,812268,,rFF44,50852597,100.00,,
82.052144914,748708832,,instructions,50852597,100.00,4.07,insn per cycle
82.052144914,184114681,,cycles,50852597,100.00,,
82.152319453,32220,,rD044,51093432,100.00,,
82.152319453,805762,,rFF44,51099162,100.00,,
82.152319453,752880133,,instructions,51104512,100.00,4.07,insn per cycle
82.152319453,185039588,,cycles,51110482,100.00,,
82.252512413,32863,,rD044,52514421,100.00,,
82.252512413,809047,,rFF44,52514481,100.00,,
82.252512413,774826619,,instructions,52513341,100.00,4.07,insn per cycle
82.252512413,190425436,,cycles,52512001,100.00,,
82.352697893,1702,,rD044,52352217,100.00,,
82.352697893,769967,,rFF44,52351807,100.00,,
82.352697893,778353556,,instructions,52352377,100.00,4.10,insn per cycle
82.352697893,189819580,,cycles,52353427,100.00,,
82.452889722,32565,,rD044,51311437,100.00,,
82.452889722,804525,,rFF44,51306057,100.00,,
82.452889722,757530473,,instructions,51301277,100.00,4.08,insn per cycle
82.452889722,185708905,,cycles,51295597,100.00,,
82.553062962,32248,,rD044,51064528,100.00,,
82.553062962,817482,,rFF44,51064528,100.00,,
82.553062962,754569405,,instructions,51064528,100.00,4.08,insn per cycle
82.553062962,184803132,,cycles,51064528,100.00,,
82.653236961,32368,,rD044,51321524,100.00,,
82.653236961,792760,,rFF44,51321524,100.00,,
82.653236961,754896867,,instructions,51321524,100.00,4.06,insn per cycle
82.653236961,185732040,,cycles,51321524,100.00,,
82.753412761,32819,,rD044,51549126,100.00,,
82.753412761,806509,,rFF44,51549126,100.00,,
82.753412761,754761470,,instructions,51549126,100.00,4.04,insn per cycle
82.753412761,186669088,,cycles,51549126,100.00,,
82.853584890,32173,,rD044,52221098,100.00,,
82.853584890,812302,,rFF44,52227308,100.00,,
82.853584890,768991070,,instructions,52233008,100.00,4.06,insn per cycle
82.853584890,189394738,,cycles,52252278,100.00,,
82.953791180,2045,,rD044,52561756,100.00,,
82.953791180,780190,,rFF44,52561266,100.00,,
82.953791180,779071384,,instructions,52560146,100.00,4.09,insn per cycle
82.953791180,190516281,,cycles,52545656,100.00,,
83.053980020,32376,,rD044,52409025,100.00,,
83.053980020,807857,,rFF44,52408025,100.00,,
83.053980020,772684439,,instructions,52408335,100.00,4.07,insn per cycle
83.053980020,189990603,,cycles,52408195,100.00,,
83.154167049,32843,,rD044,52419161,100.00,,
83.154167049,820117,,rFF44,52420081,100.00,,
83.154167049,772784110,,instructions,52419361,100.00,4.07,insn per cycle
83.154167049,190065247,,cycles,52419531,100.00,,
83.254359269,32536,,rD044,51197785,100.00,,
83.254359269,823140,,rFF44,51192145,100.00,,
83.254359269,765939388,,instructions,51187975,100.00,4.13,insn per cycle
83.254359269,185289744,,cycles,51183165,100.00,,
83.354541438,32480,,rD044,51045468,100.00,,
83.354541438,775989,,rFF44,51045468,100.00,,
83.354541438,764594876,,instructions,51045468,100.00,4.14,insn per cycle
83.354541438,184701184,,cycles,51045468,100.00,,
83.454715948,32590,,rD044,51086720,100.00,,
83.454715948,820316,,rFF44,51086720,100.00,,
83.454715948,761884577,,instructions,51086720,100.00,4.12,insn per cycle
83.454715948,184806007,,cycles,51086720,100.00,,
83.554889578,32478,,rD044,51773023,100.00,,
83.554889578,812003,,rFF44,51778533,100.00,,
83.554889578,772511282,,instructions,51783503,100.00,4.12,insn per cycle
83.554889578,187633085,,cycles,51788383,100.00,,
83.655080328,1989,,rD044,50920797,100.00,,
83.655080328,776730,,rFF44,50920857,100.00,,
83.655080328,764016511,,instructions,50920357,100.00,4.14,insn per cycle
83.655080328,184429747,,cycles,50920408,100.00,,
83.755274327,32439,,rD044,52341630,100.00,,
83.755274327,823778,,rFF44,52341740,100.00,,
83.755274327,785758499,,instructions,52342410,100.00,4.14,insn per cycle
83.755274327,189762050,,cycles,52342289,100.00,,
83.855462316,32318,,rD044,51820661,100.00,,
83.855462316,810308,,rFF44,51814981,100.00,,
83.855462316,775497335,,instructions,51809841,100.00,4.13,insn per cycle
83.855462316,187725135,,cycles,51805031,100.00,,
83.955638586,32546,,rD044,50781490,100.00,,
83.955638586,811364,,rFF44,50781490,100.00,,
83.955638586,756414344,,instructions,50781490,100.00,4.12,insn per cycle
83.955638586,183651369,,cycles,50781490,100.00,,
84.055811086,32512,,rD044,50808600,100.00,,
84.055811086,789292,,rFF44,50808600,100.00,,
84.055811086,756571852,,instructions,50808600,100.00,4.12,insn per cycle
84.055811086,183732709,,cycles,50808600,100.00,,
84.155985415,32468,,rD044,52327536,100.00,,
84.155985415,823093,,rFF44,52332886,100.00,,
84.155985415,782732742,,instructions,52337536,100.00,4.13,insn per cycle
84.155985415,189703676,,cycles,52342686,100.00,,
84.256177604,32685,,rD044,52868199,100.00,,
84.256177604,832640,,rFF44,52867939,100.00,,
84.256177604,792171291,,instructions,52868129,100.00,4.13,insn per cycle
84.256177604,191722384,,cycles,52868829,100.00,,
84.356368874,32353,,rD044,50977523,100.00,,
84.356368874,826782,,rFF44,50972433,100.00,,
84.356368874,760456653,,instructions,50967593,100.00,4.12,insn per cycle
84.356368874,184460476,,cycles,50961743,100.00,,
84.456550933,1718,,rD044,50829334,100.00,,
84.456550933,794625,,rFF44,50829334,100.00,,
84.456550933,762285842,,instructions,50829334,100.00,4.15,insn per cycle
84.456550933,183798139,,cycles,50829334,100.00,,
84.556737803,32499,,rD044,51315220,100.00,,
84.556737803,814777,,rFF44,51320970,100.00,,
84.556737803,769809493,,instructions,51325540,100.00,4.14,insn per cycle
84.556737803,185794547,,cycles,51330720,100.00,,
84.656928563,32672,,rD044,52466164,100.00,,
84.656928563,815291,,rFF44,52466144,100.00,,
84.656928563,793332408,,instructions,52466544,100.00,4.17,insn per cycle
84.656928563,190184892,,cycles,52466184,100.00,,
84.757121992,32437,,rD044,52238103,100.00,,
84.757121992,814657,,rFF44,52232373,100.00,,
84.757121992,783972461,,instructions,52227403,100.00,4.14,insn per cycle
84.757121992,189335511,,cycles,52222583,100.00,,
84.857295682,32579,,rD044,50534255,100.00,,
84.857295682,794104,,rFF44,50534255,100.00,,
84.857295682,753489226,,instructions,50534255,100.00,4.12,insn per cycle
84.857295682,182701277,,cycles,50534255,100.00,,
84.957469522,32514,,rD044,50767077,100.00,,
84.957469522,836854,,rFF44,50767077,100.00,,
84.957469522,753678562,,instructions,50767077,100.00,4.11,insn per cycle
84.957469522,183507692,,cycles,50767077,100.00,,
85.057644702,32284,,rD044,52616694,100.00,,
85.057644702,813907,,rFF44,52622224,100.00,,
85.057644702,790836772,,instructions,52627194,100.00,4.14,insn per cycle
85.057644702,190836322,,cycles,52632184,100.00,,
85.157834341,1974,,rD044,52291804,100.00,,
85.157834341,786264,,rFF44,52286274,100.00,,
85.157834341,786208063,,instructions,52281304,100.00,4.15,insn per cycle
85.157834341,189472631,,cycles,52276314,100.00,,
85.258011431,32429,,rD044,51058051,100.00,,
85.258011431,821784,,rFF44,51058051,100.00,,
85.258011431,756261406,,instructions,51058051,100.00,4.10,insn per cycle
85.258011431,184663986,,cycles,51065911,100.00,,
85.358195581,32550,,rD044,51015749,100.00,,
85.358195581,831709,,rFF44,51021439,100.00,,
85.358195581,760175706,,instructions,51025889,100.00,4.12,insn per cycle
85.358195581,184568042,,cycles,51022339,100.00,,
85.458386920,32799,,rD044,52676206,100.00,,
85.458386920,833920,,rFF44,52676376,100.00,,
85.458386920,791289389,,instructions,52677256,100.00,4.14,insn per cycle
85.458386920,191011112,,cycles,52678646,100.00,,
85.558578389,32554,,rD044,52027279,100.00,,
85.558578389,790912,,rFF44,52021419,100.00,,
85.558578389,781414352,,instructions,52016089,100.00,4.14,insn per cycle
85.558578389,188526265,,cycles,52018479,100.00,,
85.658775299,32545,,rD044,50756888,100.00,,
85.658775299,815911,,rFF44,50756888,100.00,,
85.658775299,755108060,,instructions,50756888,100.00,4.11,insn per cycle
85.658775299,183513912,,cycles,50748798,100.00,,
85.758950619,32736,,rD044,50656698,100.00,,
85.758950619,819516,,rFF44,50656698,100.00,,
85.758950619,755165333,,instructions,50656698,100.00,4.12,insn per cycle
85.758950619,183171106,,cycles,50656698,100.00,,
85.859123828,32620,,rD044,52545117,100.00,,
85.859123828,829846,,rFF44,52550567,100.00,,
85.859123828,820878227,,instructions,52555037,100.00,4.31,insn per cycle
85.859123828,190556015,,cycles,52560457,100.00,,
85.959314107,32750,,rD044,50664159,100.00,,
85.959314107,827829,,rFF44,50665919,100.00,,
85.959314107,785939468,,instructions,50664859,100.00,4.29,insn per cycle
85.959314107,183408883,,cycles,50659439,100.00,,
86.059501837,2043,,rD044,50190575,100.00,,
86.059501837,814798,,rFF44,50187075,100.00,,
86.059501837,763304369,,instructions,50183665,100.00,4.21,insn per cycle
86.059501837,181255197,,cycles,50183665,100.00,,
86.159685766,32340,,rD044,51557899,100.00,,
86.159685766,824758,,rFF44,51559559,100.00,,
86.159685766,786523893,,instructions,51564339,100.00,4.21,insn per cycle
86.159685766,186704955,,cycles,51569139,100.00,,
86.259877325,32212,,rD044,51933433,100.00,,
86.259877325,806180,,rFF44,51933573,100.00,,
86.259877325,786671037,,instructions,51933263,100.00,4.18,insn per cycle
86.259877325,188246761,,cycles,51933173,100.00,,
86.360064025,32637,,rD044,52067944,100.00,,
86.360064025,817871,,rFF44,52062434,100.00,,
86.360064025,780524030,,instructions,52057964,100.00,4.14,insn per cycle
86.360064025,188709795,,cycles,52053254,100.00,,
86.460236845,32701,,rD044,50930457,100.00,,
86.460236845,790964,,rFF44,50934237,100.00,,
86.460236845,761445953,,instructions,50934237,100.00,4.13,insn per cycle
86.460236845,184223365,,cycles,50934237,100.00,,
86.560421144,32699,,rD044,50658899,100.00,,
86.560421144,836076,,rFF44,50655119,100.00,,
86.560421144,760481498,,instructions,50655119,100.00,4.15,insn per cycle
86.560421144,183126913,,cycles,50655119,100.00,,
86.660599414,32630,,rD044,49870863,100.00,,
86.660599414,773659,,rFF44,49870863,100.00,,
86.660599414,758968873,,instructions,49870863,100.00,4.19,insn per cycle
86.660599414,181033820,,cycles,49870863,100.00,,
86.760792033,<not counted>,,rD044,0,100.00,,
86.760792033,<not counted>,,rFF44,0,100.00,,
86.760792033,<not counted>,,instructions,0,100.00,,
86.760792033,<not counted>,,cycles,0,100.00,,
86.860968092,<not counted>,,rD044,0,100.00,,
86.860968092,<not counted>,,rFF44,0,100.00,,
86.860968092,<not counted>,,instructions,0,100.00,,
86.860968092,<not counted>,,cycles,0,100.00,,
86.961135352,<not counted>,,rD044,0,100.00,,
86.961135352,<not counted>,,rFF44,0,100.00,,
86.961135352,<not counted>,,instructions,0,100.00,,
86.961135352,<not counted>,,cycles,0,100.00,,
87.061300071,<not counted>,,rD044,0,100.00,,
87.061300071,<not counted>,,rFF44,0,100.00,,
87.061300071,<not counted>,,instructions,0,100.00,,
87.061300071,<not counted>,,cycles,0,100.00,,
87.161471970,<not counted>,,rD044,0,100.00,,
87.161471970,<not counted>,,rFF44,0,100.00,,
87.161471970,<not counted>,,instructions,0,100.00,,
87.161471970,<not counted>,,cycles,0,100.00,,
87.261636769,<not counted>,,rD044,0,100.00,,
87.261636769,<not counted>,,rFF44,0,100.00,,
87.261636769,<not counted>,,instructions,0,100.00,,
87.261636769,<not counted>,,cycles,0,100.00,,
87.361804580,<not counted>,,rD044,0,100.00,,
87.361804580,<not counted>,,rFF44,0,100.00,,
87.361804580,<not counted>,,instructions,0,100.00,,
87.361804580,<not counted>,,cycles,0,100.00,,
87.461971929,<not counted>,,rD044,0,100.00,,
87.461971929,<not counted>,,rFF44,0,100.00,,
87.461971929,<not counted>,,instructions,0,100.00,,
87.461971929,<not counted>,,cycles,0,100.00,,
87.562141619,<not counted>,,rD044,0,100.00,,
87.562141619,<not counted>,,rFF44,0,100.00,,
87.562141619,<not counted>,,instructions,0,100.00,,
87.562141619,<not counted>,,cycles,0,100.00,,
87.662309835,<not counted>,,rD044,0,100.00,,
87.662309835,<not counted>,,rFF44,0,100.00,,
87.662309835,<not counted>,,instructions,0,100.00,,
87.662309835,<not counted>,,cycles,0,100.00,,
87.762479492,<not counted>,,rD044,0,100.00,,
87.762479492,<not counted>,,rFF44,0,100.00,,
87.762479492,<not counted>,,instructions,0,100.00,,
87.762479492,<not counted>,,cycles,0,100.00,,
87.862646485,<not counted>,,rD044,0,100.00,,
87.862646485,<not counted>,,rFF44,0,100.00,,
87.862646485,<not counted>,,instructions,0,100.00,,
87.862646485,<not counted>,,cycles,0,100.00,,
87.962813894,<not counted>,,rD044,0,100.00,,
87.962813894,<not counted>,,rFF44,0,100.00,,
87.962813894,<not counted>,,instructions,0,100.00,,
87.962813894,<not counted>,,cycles,0,100.00,,
88.062980279,<not counted>,,rD044,0,100.00,,
88.062980279,<not counted>,,rFF44,0,100.00,,
88.062980279,<not counted>,,instructions,0,100.00,,
88.062980279,<not counted>,,cycles,0,100.00,,
88.163149462,<not counted>,,rD044,0,100.00,,
88.163149462,<not counted>,,rFF44,0,100.00,,
88.163149462,<not counted>,,instructions,0,100.00,,
88.163149462,<not counted>,,cycles,0,100.00,,
88.263316430,<not counted>,,rD044,0,100.00,,
88.263316430,<not counted>,,rFF44,0,100.00,,
88.263316430,<not counted>,,instructions,0,100.00,,
88.263316430,<not counted>,,cycles,0,100.00,,
88.363485073,<not counted>,,rD044,0,100.00,,
88.363485073,<not counted>,,rFF44,0,100.00,,
88.363485073,<not counted>,,instructions,0,100.00,,
88.363485073,<not counted>,,cycles,0,100.00,,
88.463655965,<not counted>,,rD044,0,100.00,,
88.463655965,<not counted>,,rFF44,0,100.00,,
88.463655965,<not counted>,,instructions,0,100.00,,
88.463655965,<not counted>,,cycles,0,100.00,,
88.563824234,<not counted>,,rD044,0,100.00,,
88.563824234,<not counted>,,rFF44,0,100.00,,
88.563824234,<not counted>,,instructions,0,100.00,,
88.563824234,<not counted>,,cycles,0,100.00,,
88.663992838,<not counted>,,rD044,0,100.00,,
88.663992838,<not counted>,,rFF44,0,100.00,,
88.663992838,<not counted>,,instructions,0,100.00,,
88.663992838,<not counted>,,cycles,0,100.00,,
88.764161589,<not counted>,,rD044,0,100.00,,
88.764161589,<not counted>,,rFF44,0,100.00,,
88.764161589,<not counted>,,instructions,0,100.00,,
88.764161589,<not counted>,,cycles,0,100.00,,
88.864330658,<not counted>,,rD044,0,100.00,,
88.864330658,<not counted>,,rFF44,0,100.00,,
88.864330658,<not counted>,,instructions,0,100.00,,
88.864330658,<not counted>,,cycles,0,100.00,,
88.964499348,<not counted>,,rD044,0,100.00,,
88.964499348,<not counted>,,rFF44,0,100.00,,
88.964499348,<not counted>,,instructions,0,100.00,,
88.964499348,<not counted>,,cycles,0,100.00,,
89.064668607,<not counted>,,rD044,0,100.00,,
89.064668607,<not counted>,,rFF44,0,100.00,,
89.064668607,<not counted>,,instructions,0,100.00,,
89.064668607,<not counted>,,cycles,0,100.00,,
89.164840400,<not counted>,,rD044,0,100.00,,
89.164840400,<not counted>,,rFF44,0,100.00,,
89.164840400,<not counted>,,instructions,0,100.00,,
89.164840400,<not counted>,,cycles,0,100.00,,
89.265010697,<not counted>,,rD044,0,100.00,,
89.265010697,<not counted>,,rFF44,0,100.00,,
89.265010697,<not counted>,,instructions,0,100.00,,
89.265010697,<not counted>,,cycles,0,100.00,,
89.365180164,<not counted>,,rD044,0,100.00,,
89.365180164,<not counted>,,rFF44,0,100.00,,
89.365180164,<not counted>,,instructions,0,100.00,,
89.365180164,<not counted>,,cycles,0,100.00,,
89.465348695,<not counted>,,rD044,0,100.00,,
89.465348695,<not counted>,,rFF44,0,100.00,,
89.465348695,<not counted>,,instructions,0,100.00,,
89.465348695,<not counted>,,cycles,0,100.00,,
89.565516652,<not counted>,,rD044,0,100.00,,
89.565516652,<not counted>,,rFF44,0,100.00,,
89.565516652,<not counted>,,instructions,0,100.00,,
89.565516652,<not counted>,,cycles,0,100.00,,
89.665685796,<not counted>,,rD044,0,100.00,,
89.665685796,<not counted>,,rFF44,0,100.00,,
89.665685796,<not counted>,,instructions,0,100.00,,
89.665685796,<not counted>,,cycles,0,100.00,,
89.765853192,1125,,rD044,18409446,100.00,,
89.765853192,278082,,rFF44,18409446,100.00,,
89.765853192,276629230,,instructions,18409446,100.00,4.15,insn per cycle
89.765853192,66619593,,cycles,18409446,100.00,,
89.866028331,32823,,rD044,50297585,100.00,,
89.866028331,818386,,rFF44,50297585,100.00,,
89.866028331,760368991,,instructions,50297585,100.00,4.18,insn per cycle
89.866028331,181979162,,cycles,50297585,100.00,,
89.966201481,32449,,rD044,50062752,100.00,,
89.966201481,819066,,rFF44,50062752,100.00,,
89.966201481,762953307,,instructions,50062752,100.00,4.22,insn per cycle
89.966201481,180836828,,cycles,50062752,100.00,,
90.066375110,32294,,rD044,51993244,100.00,,
90.066375110,810912,,rFF44,51998674,100.00,,
90.066375110,803007547,,instructions,52003714,100.00,4.26,insn per cycle
90.066375110,188454675,,cycles,52008884,100.00,,
90.166565320,2195,,rD044,51322565,100.00,,
90.166565320,790990,,rFF44,51317135,100.00,,
90.166565320,791727700,,instructions,51312095,100.00,4.26,insn per cycle
90.166565320,185757783,,cycles,51306925,100.00,,
90.266755370,32686,,rD044,49976426,100.00,,
90.266755370,822892,,rFF44,49976426,100.00,,
90.266755370,755946119,,instructions,49976426,100.00,4.19,insn per cycle
90.266755370,180542991,,cycles,49984996,100.00,,
90.366937749,32660,,rD044,51514577,100.00,,
90.366937749,816351,,rFF44,51520027,100.00,,
90.366937749,779869500,,instructions,51524777,100.00,4.18,insn per cycle
90.366937749,186549665,,cycles,51521757,100.00,,
90.467127098,32146,,rD044,52196804,100.00,,
90.467127098,788017,,rFF44,52196634,100.00,,
90.467127098,796191043,,instructions,52196655,100.00,4.21,insn per cycle
90.467127098,189219405,,cycles,52195675,100.00,,
90.567318208,32615,,rD044,50058066,100.00,,
90.567318208,778423,,rFF44,50052786,100.00,,
90.567318208,756249753,,instructions,50048015,100.00,4.18,insn per cycle
90.567318208,180779821,,cycles,50043445,100.00,,
90.667492127,32667,,rD044,51024114,100.00,,
90.667492127,808122,,rFF44,51029274,100.00,,
90.667492127,774314817,,instructions,51034144,100.00,4.19,insn per cycle
90.667492127,184639126,,cycles,51039004,100.00,,
90.767682987,32313,,rD044,52190928,100.00,,
90.767682987,803198,,rFF44,52185768,100.00,,
90.767682987,797898967,,instructions,52180898,100.00,4.22,insn per cycle
90.767682987,189122956,,cycles,52176038,100.00,,
90.867857277,32403,,rD044,49830439,100.00,,
90.867857277,827802,,rFF44,49830439,100.00,,
90.867857277,751690439,,instructions,49830439,100.00,4.18,insn per cycle
90.867857277,179938432,,cycles,49830439,100.00,,
90.968031976,1932,,rD044,51291779,100.00,,
90.968031976,760620,,rFF44,51297559,100.00,,
90.968031976,784943707,,instructions,51302319,100.00,4.23,insn per cycle
90.968031976,185739403,,cycles,51308139,100.00,,
91.068223725,32486,,rD044,51492119,100.00,,
91.068223725,797030,,rFF44,51486339,100.00,,
91.068223725,784725811,,instructions,51481579,100.00,4.21,insn per cycle
91.068223725,186454567,,cycles,51475759,100.00,,
91.168398595,32289,,rD044,49635860,100.00,,
91.168398595,810515,,rFF44,49635860,100.00,,
91.168398595,757341550,,instructions,49635860,100.00,4.23,insn per cycle
91.168398595,179244632,,cycles,49635860,100.00,,
91.268573204,32454,,rD044,51890930,100.00,,
91.268573204,819704,,rFF44,51896420,100.00,,
91.268573204,797396586,,instructions,51901100,100.00,4.24,insn per cycle
91.268573204,187985888,,cycles,51905500,100.00,,
91.368772694,32272,,rD044,51261335,100.00,,
91.368772694,782197,,rFF44,51255845,100.00,,
91.368772694,785047937,,instructions,51251165,100.00,4.23,insn per cycle
91.368772694,185528524,,cycles,51246765,100.00,,
91.468946043,32490,,rD044,50049708,100.00,,
91.468946043,814449,,rFF44,50049708,100.00,,
91.468946043,752253271,,instructions,50049708,100.00,4.16,insn per cycle
91.468946043,180838974,,cycles,50049708,100.00,,
91.569121793,32256,,rD044,51507633,100.00,,
91.569121793,801325,,rFF44,51513383,100.00,,
91.569121793,780793093,,instructions,51517763,100.00,4.18,insn per cycle
91.569121793,186604029,,cycles,51522283,100.00,,
91.669312042,32439,,rD044,52021391,100.00,,
91.669312042,791457,,rFF44,52015641,100.00,,
91.669312042,790273709,,instructions,52011261,100.00,4.19,insn per cycle
91.669312042,188503553,,cycles,52006741,100.00,,
91.769486532,1965,,rD044,50140820,100.00,,
91.769486532,766945,,rFF44,50140820,100.00,,
91.769486532,754108881,,instructions,50140820,100.00,4.16,insn per cycle
91.769486532,181264490,,cycles,50140820,100.00,,
91.869662231,32744,,rD044,50439659,100.00,,
91.869662231,824944,,rFF44,50439659,100.00,,
91.869662231,753322230,,instructions,50439659,100.00,4.13,insn per cycle
91.869662231,182557347,,cycles,50439659,100.00,,
91.969837151,32564,,rD044,50682796,100.00,,
91.969837151,833841,,rFF44,50682796,100.00,,
91.969837151,753547928,,instructions,50682796,100.00,4.11,insn per cycle
91.969837151,183346131,,cycles,50682796,100.00,,
92.070018751,32368,,rD044,50743342,100.00,,
92.070018751,781096,,rFF44,50743342,100.00,,
92.070018751,754750337,,instructions,50743342,100.00,4.11,insn per cycle
92.070018751,183548831,,cycles,50743342,100.00,,
92.170191610,32441,,rD044,52146155,100.00,,
92.170191610,804728,,rFF44,52151585,100.00,,
92.170191610,774611325,,instructions,52156185,100.00,4.10,insn per cycle
92.170191610,189018805,,cycles,52161275,100.00,,
92.270381010,32380,,rD044,52425604,100.00,,
92.270381010,803006,,rFF44,52425444,100.00,,
92.270381010,780473793,,instructions,52426014,100.00,4.11,insn per cycle
92.270381010,190126665,,cycles,52425974,100.00,,
92.370568929,32792,,rD044,52759989,100.00,,
92.370568929,815693,,rFF44,52760289,100.00,,
92.370568929,771197738,,instructions,52759489,100.00,4.03,insn per cycle
92.370568929,191304054,,cycles,52759019,100.00,,
92.470777489,1982,,rD044,51581263,100.00,,
92.470777489,783262,,rFF44,51582573,100.00,,
92.470777489,777347766,,instructions,51578203,100.00,4.16,insn per cycle
92.470777489,186804172,,cycles,51573623,100.00,,
92.570963088,32779,,rD044,51511571,100.00,,
92.570963088,822492,,rFF44,51504691,100.00,,
92.570963088,767514362,,instructions,51504691,100.00,4.12,insn per cycle
92.570963088,186482676,,cycles,51504691,100.00,,
92.671139258,32504,,rD044,51671916,100.00,,
92.671139258,817365,,rFF44,51677036,100.00,,
92.671139258,765118296,,instructions,51677036,100.00,4.09,insn per cycle
92.671139258,187120888,,cycles,51677036,100.00,,
92.771324147,32563,,rD044,51694687,100.00,,
92.771324147,813742,,rFF44,51694067,100.00,,
92.771324147,760347579,,instructions,51694067,100.00,4.06,insn per cycle
92.771324147,187260926,,cycles,51694067,100.00,,
92.871507797,32593,,rD044,51920594,100.00,,
92.871507797,783865,,rFF44,51921594,100.00,,
92.871507797,772510285,,instructions,51927034,100.00,4.11,insn per cycle
92.871507797,188149169,,cycles,51932534,100.00,,
92.971699396,33160,,rD044,52554208,100.00,,
92.971699396,811283,,rFF44,52554129,100.00,,
92.971699396,784427818,,instructions,52554189,100.00,4.12,insn per cycle
92.971699396,190566916,,cycles,52553749,100.00,,
93.071889816,32695,,rD044,52499122,100.00,,
93.071889816,816288,,rFF44,52500131,100.00,,
93.071889816,787462774,,instructions,52499331,100.00,4.14,insn per cycle
93.071889816,190408566,,cycles,52498751,100.00,,
93.172080715,32284,,rD044,51220725,100.00,,
93.172080715,818894,,rFF44,51221905,100.00,,
93.172080715,760319245,,instructions,51220655,100.00,4.10,insn per cycle
93.172080715,185401670,,cycles,51216175,100.00,,
93.272268975,2067,,rD044,51006923,100.00,,
93.272268975,774784,,rFF44,50999313,100.00,,
93.272268975,759197760,,instructions,50995863,100.00,4.11,insn per cycle
93.272268975,184518100,,cycles,50995863,100.00,,
93.372442694,32345,,rD044,51130719,100.00,,
93.372442694,799256,,rFF44,51130719,100.00,,
93.372442694,759059868,,instructions,51130719,100.00,4.10,insn per cycle
93.372442694,185024626,,cycles,51130719,100.00,,
93.472625654,33041,,rD044,51810643,100.00,,
93.472625654,805414,,rFF44,51816233,100.00,,
93.472625654,771766193,,instructions,51821023,100.00,4.11,insn per cycle
93.472625654,187737366,,cycles,51825703,100.00,,
93.572816573,32660,,rD044,52608055,100.00,,
93.572816573,815225,,rFF44,52607945,100.00,,
93.572816573,785778260,,instructions,52608115,100.00,4.12,insn per cycle
93.572816573,190802940,,cycles,52609475,100.00,,
93.673009213,32253,,rD044,52542016,100.00,,
93.673009213,784497,,rFF44,52536536,100.00,,
93.673009213,787606318,,instructions,52531576,100.00,4.14,insn per cycle
93.673009213,190453144,,cycles,52525536,100.00,,
93.773185492,32649,,rD044,51206999,100.00,,
93.773185492,810727,,rFF44,51206999,100.00,,
93.773185492,758646450,,instructions,51206999,100.00,4.09,insn per cycle
93.773185492,185406370,,cycles,51206999,100.00,,
93.873358262,32224,,rD044,51164819,100.00,,
93.873358262,810081,,rFF44,51164819,100.00,,
93.873358262,759823584,,instructions,51164819,100.00,4.10,insn per cycle
93.873358262,185147437,,cycles,51164819,100.00,,
93.973532031,32451,,rD044,51162297,100.00,,
93.973532031,800447,,rFF44,51162297,100.00,,
93.973532031,758577983,,instructions,51162297,100.00,4.10,insn per cycle
93.973532031,185215873,,cycles,51162297,100.00,,
94.073708611,1868,,rD044,51686063,100.00,,
94.073708611,773125,,rFF44,51691383,100.00,,
94.073708611,772650161,,instructions,51696073,100.00,4.13,insn per cycle
94.073708611,187269630,,cycles,51700903,100.00,,
94.173900371,32321,,rD044,52422099,100.00,,
94.173900371,809506,,rFF44,52422759,100.00,,
94.173900371,780991988,,instructions,52423239,100.00,4.11,insn per cycle
94.173900371,190070707,,cycles,52423419,100.00,,
94.274090680,33015,,rD044,52469524,100.00,,
94.274090680,826389,,rFF44,52468974,100.00,,
94.274090680,775109006,,instructions,52469004,100.00,4.08,insn per cycle
94.274090680,190207190,,cycles,52469214,100.00,,
94.374279670,32374,,rD044,52454433,100.00,,
94.374279670,808853,,rFF44,52454303,100.00,,
94.374279670,774978595,,instructions,52454123,100.00,4.08,insn per cycle
94.374279670,190138160,,cycles,52453773,100.00,,
94.474470459,32538,,rD044,51455831,100.00,,
94.474470459,771150,,rFF44,51450531,100.00,,
94.474470459,760243249,,instructions,51445511,100.00,4.08,insn per cycle
94.474470459,186255197,,cycles,51440641,100.00,,
94.574645538,32548,,rD044,51602773,100.00,,
94.574645538,816806,,rFF44,51602773,100.00,,
94.574645538,758955431,,instructions,51602773,100.00,4.06,insn per cycle
94.574645538,186857434,,cycles,51602773,100.00,,
94.674821568,32694,,rD044,51525806,100.00,,
94.674821568,811608,,rFF44,51525806,100.00,,
94.674821568,759218623,,instructions,51525806,100.00,4.07,insn per cycle
94.674821568,186505359,,cycles,51525806,100.00,,
94.774995777,32963,,rD044,51569991,100.00,,
94.774995777,827235,,rFF44,51569991,100.00,,
94.774995777,759019821,,instructions,51569991,100.00,4.07,insn per cycle
94.774995777,186695347,,cycles,51569991,100.00,,
94.875165857,1938,,rD044,52258392,100.00,,
94.875165857,792285,,rFF44,52263632,100.00,,
94.875165857,776810573,,instructions,52269052,100.00,4.10,insn per cycle
94.875165857,189443879,,cycles,52273962,100.00,,
94.975356166,32595,,rD044,52712260,100.00,,
94.975356166,807819,,rFF44,52712560,100.00,,
94.975356166,781899701,,instructions,52711700,100.00,4.09,insn per cycle
94.975356166,191156071,,cycles,52711910,100.00,,
95.075544876,32433,,rD044,52529453,100.00,,
95.075544876,805995,,rFF44,52529163,100.00,,
95.075544876,785205128,,instructions,52529023,100.00,4.12,insn per cycle
95.075544876,190508282,,cycles,52528663,100.00,,
95.175748716,32413,,rD044,51038146,100.00,,
95.175748716,804964,,rFF44,51032896,100.00,,
95.175748716,761678767,,instructions,51028476,100.00,4.12,insn per cycle
95.175748716,184695986,,cycles,51023716,100.00,,
95.275922395,32643,,rD044,50931217,100.00,,
95.275922395,791592,,rFF44,50931217,100.00,,
95.275922395,758859243,,instructions,50931217,100.00,4.12,insn per cycle
95.275922395,184248964,,cycles,50931217,100.00,,
95.376093234,32525,,rD044,51087392,100.00,,
95.376093234,825421,,rFF44,51092982,100.00,,
95.376093234,761015686,,instructions,51098922,100.00,4.11,insn per cycle
95.376093234,184941850,,cycles,51103582,100.00,,
95.476282604,33036,,rD044,52352869,100.00,,
95.476282604,819290,,rFF44,52353169,100.00,,
95.476282604,776145059,,instructions,52351749,100.00,4.09,insn per cycle
95.476282604,189822491,,cycles,52351749,100.00,,
95.576471813,32647,,rD044,52690352,100.00,,
95.576471813,806836,,rFF44,52690062,100.00,,
95.576471813,783871724,,instructions,52690352,100.00,4.10,insn per cycle
95.576471813,191103852,,cycles,52690242,100.00,,
95.676661333,1838,,rD044,52395273,100.00,,
95.676661333,771411,,rFF44,52389673,100.00,,
95.676661333,782648850,,instructions,52384863,100.00,4.12,insn per cycle
95.676661333,189924460,,cycles,52380313,100.00,,
95.776835772,32401,,rD044,51382284,100.00,,
95.776835772,813733,,rFF44,51382284,100.00,,
95.776835772,759377676,,instructions,51382284,100.00,4.08,insn per cycle
95.776835772,186070270,,cycles,51382284,100.00,,
95.877006792,32115,,rD044,51364653,100.00,,
95.877006792,819610,,rFF44,51364653,100.00,,
95.877006792,758839052,,instructions,51364653,100.00,4.08,insn per cycle
95.877006792,185929009,,cycles,51364653,100.00,,
95.977181271,32687,,rD044,51441102,100.00,,
95.977181271,834802,,rFF44,51445102,100.00,,
95.977181271,759734708,,instructions,51445102,100.00,4.08,insn per cycle
95.977181271,186228390,,cycles,51445102,100.00,,
96.077368280,32069,,rD044,52038951,100.00,,
96.077368280,781313,,rFF44,52041071,100.00,,
96.077368280,773725306,,instructions,52046561,100.00,4.10,insn per cycle
96.077368280,188617518,,cycles,52051141,100.00,,
96.177558520,32438,,rD044,52482246,100.00,,
96.177558520,803967,,rFF44,52481206,100.00,,
96.177558520,779450208,,instructions,52480106,100.00,4.10,insn per cycle
96.177558520,190299210,,cycles,52480606,100.00,,
96.277761810,32463,,rD044,52539078,100.00,,
96.277761810,805918,,rFF44,52539548,100.00,,
96.277761810,779838201,,instructions,52539438,100.00,4.09,insn per cycle
96.277761810,190531377,,cycles,52539088,100.00,,
96.377948570,32275,,rD044,51978216,100.00,,
96.377948570,809032,,rFF44,51972666,100.00,,
96.377948570,771565253,,instructions,51968386,100.00,4.10,insn per cycle
96.377948570,188318069,,cycles,51963656,100.00,,
96.478131190,2146,,rD044,51202305,100.00,,
96.478131190,790082,,rFF44,51202305,100.00,,
96.478131190,759575236,,instructions,51202305,100.00,4.10,insn per cycle
96.478131190,185307697,,cycles,51202305,100.00,,
96.578304939,32561,,rD044,51419148,100.00,,
96.578304939,823874,,rFF44,51419148,100.00,,
96.578304939,758635093,,instructions,51419148,100.00,4.08,insn per cycle
96.578304939,186151401,,cycles,51419148,100.00,,
96.678477918,32591,,rD044,51417455,100.00,,
96.678477918,809877,,rFF44,51417455,100.00,,
96.678477918,759727746,,instructions,51417455,100.00,4.08,insn per cycle
96.678477918,186139807,,cycles,51417455,100.00,,
96.778651138,32468,,rD044,52543561,100.00,,
96.778651138,809150,,rFF44,52549001,100.00,,
96.778651138,779999021,,instructions,52553831,100.00,4.09,insn per cycle
96.778651138,190556662,,cycles,52558551,100.00,,
96.878836188,32177,,rD044,52228198,100.00,,
96.878836188,770940,,rFF44,52227968,100.00,,
96.878836188,779500246,,instructions,52227958,100.00,4.12,insn per cycle
96.878836188,189339616,,cycles,52227908,100.00,,
96.979023907,32541,,rD044,52132377,100.00,,
96.979023907,797654,,rFF44,52132727,100.00,,
96.979023907,776732094,,instructions,52132617,100.00,4.11,insn per cycle
96.979023907,188976129,,cycles,52132807,100.00,,
97.079214567,32243,,rD044,51511142,100.00,,
97.079214567,794700,,rFF44,51505582,100.00,,
97.079214567,765552729,,instructions,51500872,100.00,4.10,insn per cycle
97.079214567,186541690,,cycles,51496012,100.00,,
97.179389637,1864,,rD044,50901665,100.00,,
97.179389637,764424,,rFF44,50901665,100.00,,
97.179389637,757735866,,instructions,50901665,100.00,4.11,insn per cycle
97.179389637,184189629,,cycles,50901665,100.00,,
97.279563676,32199,,rD044,51069794,100.00,,
97.279563676,780557,,rFF44,51069794,100.00,,
97.279563676,758242214,,instructions,51069794,100.00,4.10,insn per cycle
97.279563676,184824151,,cycles,51069794,100.00,,
97.379749836,32840,,rD044,51135385,100.00,,
97.379749836,801704,,rFF44,51135385,100.00,,
97.379749836,758622770,,instructions,51135385,100.00,4.10,insn per cycle
97.379749836,185053558,,cycles,51135385,100.00,,
97.479925075,32268,,rD044,52203106,100.00,,
97.479925075,791400,,rFF44,52209066,100.00,,
97.479925075,777037790,,instructions,52213946,100.00,4.11,insn per cycle
97.479925075,189257520,,cycles,52218736,100.00,,
97.580115575,32615,,rD044,52435977,100.00,,
97.580115575,773120,,rFF44,52435257,100.00,,
97.580115575,785586655,,instructions,52434587,100.00,4.13,insn per cycle
97.580115575,190109255,,cycles,52434588,100.00,,
97.680306914,32308,,rD044,52090361,100.00,,
97.680306914,808538,,rFF44,52090561,100.00,,
97.680306914,779616359,,instructions,52091261,100.00,4.13,insn per cycle
97.680306914,188830868,,cycles,52091240,100.00,,
97.780495834,32803,,rD044,50645395,100.00,,
97.780495834,808653,,rFF44,50639955,100.00,,
97.780495834,754631383,,instructions,50635045,100.00,4.12,insn per cycle
97.780495834,183118115,,cycles,50630275,100.00,,
97.880666373,32382,,rD044,50640966,100.00,,
97.880666373,803906,,rFF44,50640966,100.00,,
97.880666373,758877576,,instructions,50640966,100.00,4.14,insn per cycle
97.880666373,183106003,,cycles,50640966,100.00,,
97.980840882,2151,,rD044,51754297,100.00,,
97.980840882,769842,,rFF44,51759887,100.00,,
97.980840882,780663309,,instructions,51764057,100.00,4.16,insn per cycle
97.980840882,187490648,,cycles,51769957,100.00,,
98.081032322,32326,,rD044,53024531,100.00,,
98.081032322,812359,,rFF44,53024311,100.00,,
98.081032322,797974042,,instructions,53025431,100.00,4.15,insn per cycle
98.081032322,192279035,,cycles,53025491,100.00,,
98.181224921,32398,,rD044,51159211,100.00,,
98.181224921,822557,,rFF44,51161531,100.00,,
98.181224921,763347471,,instructions,51160221,100.00,4.12,insn per cycle
98.181224921,185064821,,cycles,51154261,100.00,,
98.281412951,32474,,rD044,51029319,100.00,,
98.281412951,838457,,rFF44,51021629,100.00,,
98.281412951,758266563,,instructions,51017649,100.00,4.11,insn per cycle
98.281412951,184449644,,cycles,51017649,100.00,,
98.381582870,32678,,rD044,52351188,100.00,,
98.381582870,802845,,rFF44,52356898,100.00,,
98.381582870,787783406,,instructions,52361488,100.00,4.15,insn per cycle
98.381582870,189791390,,cycles,52366388,100.00,,
98.481781930,32281,,rD044,52487901,100.00,,
98.481781930,749058,,rFF44,52482191,100.00,,
98.481781930,795138682,,instructions,52477601,100.00,4.18,insn per cycle
98.481781930,190253787,,cycles,52472701,100.00,,
98.581954440,32448,,rD044,50726245,100.00,,
98.581954440,807805,,rFF44,50726245,100.00,,
98.581954440,758270199,,instructions,50726245,100.00,4.13,insn per cycle
98.581954440,183414473,,cycles,50726245,100.00,,
98.682128569,32376,,rD044,50746637,100.00,,
98.682128569,801465,,rFF44,50752627,100.00,,
98.682128569,758783399,,instructions,50758327,100.00,4.13,insn per cycle
98.682128569,183534303,,cycles,50763767,100.00,,
98.782319489,32505,,rD044,52745232,100.00,,
98.782319489,810722,,rFF44,52745112,100.00,,
98.782319489,796699486,,instructions,52744652,100.00,4.16,insn per cycle
98.782319489,191293848,,cycles,52743882,100.00,,
98.882505318,1842,,rD044,52078696,100.00,,
98.882505318,773569,,rFF44,52072826,100.00,,
98.882505318,786240392,,instructions,52067586,100.00,4.17,insn per cycle
98.882505318,188676122,,cycles,52062916,100.00,,
98.982681657,32630,,rD044,50894913,100.00,,
98.982681657,810565,,rFF44,50894913,100.00,,
98.982681657,757980184,,instructions,50894913,100.00,4.12,insn per cycle
98.982681657,184032144,,cycles,50894913,100.00,,
99.082854757,32443,,rD044,51238368,100.00,,
99.082854757,799860,,rFF44,51244088,100.00,,
99.082854757,767426589,,instructions,51248908,100.00,4.14,insn per cycle
99.082854757,185469954,,cycles,51254478,100.00,,
99.183046587,32210,,rD044,52945736,100.00,,
99.183046587,803433,,rFF44,52945496,100.00,,
99.183046587,796875732,,instructions,52945186,100.00,4.15,insn per cycle
99.183046587,192033885,,cycles,52944086,100.00,,
99.283234146,32486,,rD044,51525384,100.00,,
99.283234146,762631,,rFF44,51519904,100.00,,
99.283234146,776896897,,instructions,51515394,100.00,4.16,insn per cycle
99.283234146,186578328,,cycles,51510924,100.00,,
99.383404955,32563,,rD044,50888156,100.00,,
99.383404955,820676,,rFF44,50888156,100.00,,
99.383404955,757839447,,instructions,50888156,100.00,4.12,insn per cycle
99.383404955,184032097,,cycles,50888156,100.00,,
99.483577775,32405,,rD044,50971381,100.00,,
99.483577775,811489,,rFF44,50976761,100.00,,
99.483577775,759608027,,instructions,50980871,100.00,4.12,insn per cycle
99.483577775,184420005,,cycles,50985081,100.00,,
99.583780395,32656,,rD044,52771617,100.00,,
99.583780395,788891,,rFF44,52771797,100.00,,
99.583780395,792043596,,instructions,52772907,100.00,4.14,insn per cycle
99.583780395,191384375,,cycles,52775167,100.00,,
99.683973634,1792,,rD044,52277430,100.00,,
99.683973634,751347,,rFF44,52271870,100.00,,
99.683973634,789232762,,instructions,52266650,100.00,4.17,insn per cycle
99.683973634,189465867,,cycles,52260180,100.00,,
99.784147964,32206,,rD044,50954158,100.00,,
99.784147964,799806,,rFF44,50960298,100.00,,
99.784147964,758832110,,instructions,50960298,100.00,4.11,insn per cycle
99.784147964,184407987,,cycles,50960298,100.00,,
99.884329863,32441,,rD044,50964350,100.00,,
99.884329863,803390,,rFF44,50958210,100.00,,
99.884329863,757756115,,instructions,50958210,100.00,4.11,insn per cycle
99.884329863,184328698,,cycles,50958210,100.00,,
99.984503772,32250,,rD044,51445800,100.00,,
99.984503772,802706,,rFF44,51451180,100.00,,
99.984503772,768857384,,instructions,51455950,100.00,4.13,insn per cycle
99.984503772,186318243,,cycles,51461030,100.00,,
100.084693352,32021,,rD044,52764140,100.00,,
100.084693352,760023,,rFF44,52764841,100.00,,
100.084693352,793871454,,instructions,52765171,100.00,4.15,insn per cycle
100.084693352,191335296,,cycles,52765351,100.00,,
100.184885102,32623,,rD044,51948596,100.00,,
100.184885102,786601,,rFF44,51947595,100.00,,
100.184885102,777537522,,instructions,51946905,100.00,4.13,insn per cycle
100.184885102,188274897,,cycles,51946155,100.00,,
100.285072021,32411,,rD044,51017434,100.00,,
100.285072021,793883,,rFF44,51012354,100.00,,
100.285072021,757762483,,instructions,51007944,100.00,4.11,insn per cycle
100.285072021,184499661,,cycles,51003434,100.00,,
100.385240350,32029,,rD044,50869620,100.00,,
100.385240350,794572,,rFF44,50869620,100.00,,
100.385240350,757307028,,instructions,50869620,100.00,4.12,insn per cycle
100.385240350,183998249,,cycles,50869620,100.00,,
100.485416590,1967,,rD044,52354925,100.00,,
100.485416590,766407,,rFF44,52360365,100.00,,
100.485416590,788551286,,instructions,52365615,100.00,4.15,insn per cycle
100.485416590,189820232,,cycles,52370385,100.00,,
100.585619529,32101,,rD044,52621665,100.00,,
100.585619529,797971,,rFF44,52621825,100.00,,
100.585619529,789047993,,instructions,52620955,100.00,4.13,insn per cycle
100.585619529,190834478,,cycles,52620775,100.00,,
100.685808309,32741,,rD044,51306285,100.00,,
100.685808309,798677,,rFF44,51300685,100.00,,
100.685808309,764514573,,instructions,51296305,100.00,4.12,insn per cycle
100.685808309,185656989,,cycles,51291715,100.00,,
100.785982008,32410,,rD044,51161017,100.00,,
100.785982008,795927,,rFF44,51161017,100.00,,
100.785982008,762178282,,instructions,51161017,100.00,4.12,insn per cycle
100.785982008,185151102,,cycles,51161017,100.00,,
100.886152568,32311,,rD044,51401612,100.00,,
100.886152568,759301,,rFF44,51407302,100.00,,
100.886152568,764282974,,instructions,51411542,100.00,4.11,insn per cycle
100.886152568,186113967,,cycles,51416582,100.00,,
100.986340597,32411,,rD044,52659826,100.00,,
100.986340597,791362,,rFF44,52659086,100.00,,
100.986340597,790946769,,instructions,52659296,100.00,4.14,insn per cycle
100.986340597,190949602,,cycles,52659326,100.00,,
101.086529127,33047,,rD044,51876026,100.00,,
101.086529127,811043,,rFF44,51871076,100.00,,
101.086529127,781574708,,instructions,51866626,100.00,4.16,insn per cycle
101.086529127,187952047,,cycles,51869256,100.00,,
101.186713926,32444,,rD044,50203054,100.00,,
101.186713926,821965,,rFF44,50203054,100.00,,
101.186713926,759907611,,instructions,50203054,100.00,4.19,insn per cycle
101.186713926,181321252,,cycles,50195354,100.00,,
101.286896956,2317,,rD044,51924973,100.00,,
101.286896956,772651,,rFF44,51930323,100.00,,
101.286896956,792175434,,instructions,51934653,100.00,4.21,insn per cycle
101.286896956,188101395,,cycles,51939613,100.00,,
101.387077545,32354,,rD044,52189994,100.00,,
101.387077545,793557,,rFF44,52184644,100.00,,
101.387077545,797064525,,instructions,52180314,100.00,4.21,insn per cycle
101.387077545,189145530,,cycles,52175354,100.00,,
101.487251235,32368,,rD044,50400758,100.00,,
101.487251235,816367,,rFF44,50400758,100.00,,
101.487251235,760578310,,instructions,50400758,100.00,4.18,insn per cycle
101.487251235,182077919,,cycles,50400758,100.00,,
101.587424364,32510,,rD044,51490219,100.00,,
101.587424364,810600,,rFF44,51495789,100.00,,
101.587424364,785088897,,instructions,51500439,100.00,4.21,insn per cycle
101.587424364,186416510,,cycles,51505179,100.00,,
101.687628744,32046,,rD044,52253050,100.00,,
101.687628744,774059,,rFF44,52251120,100.00,,
101.687628744,805520996,,instructions,52246470,100.00,4.25,insn per cycle
101.687628744,189367952,,cycles,52241730,100.00,,
101.787811193,32290,,rD044,50124747,100.00,,
101.787811193,818242,,rFF44,50121107,100.00,,
101.787811193,762228262,,instructions,50121107,100.00,4.21,insn per cycle
101.787811193,181028426,,cycles,50121107,100.00,,
101.887977573,32767,,rD044,51843215,100.00,,
101.887977573,812956,,rFF44,51848805,100.00,,
101.887977573,794585395,,instructions,51853015,100.00,4.23,insn per cycle
101.887977573,187782324,,cycles,51857675,100.00,,
101.988165392,32694,,rD044,51943672,100.00,,
101.988165392,804347,,rFF44,51938082,100.00,,
101.988165392,795544129,,instructions,51933872,100.00,4.23,insn per cycle
101.988165392,188133001,,cycles,51929212,100.00,,
102.088347331,2148,,rD044,49946330,100.00,,
102.088347331,789938,,rFF44,49946330,100.00,,
102.088347331,762404473,,instructions,49946330,100.00,4.22,insn per cycle
102.088347331,180626051,,cycles,49946330,100.00,,
102.188524731,32381,,rD044,50252606,100.00,,
102.188524731,834675,,rFF44,50258336,100.00,,
102.188524731,762216438,,instructions,50262036,100.00,4.19,insn per cycle
102.188524731,181727425,,cycles,50262036,100.00,,
102.288712270,32725,,rD044,50970640,100.00,,
102.288712270,830464,,rFF44,50970220,100.00,,
102.288712270,771598824,,instructions,50971410,100.00,4.18,insn per cycle
102.288712270,184406080,,cycles,50975710,100.00,,
102.388892470,32262,,rD044,52354758,100.00,,
102.388892470,812609,,rFF44,52354728,100.00,,
102.388892470,796280886,,instructions,52354298,100.00,4.19,insn per cycle
102.388892470,189825892,,cycles,52355188,100.00,,
102.489080939,32382,,rD044,51633534,100.00,,
102.489080939,773259,,rFF44,51628254,100.00,,
102.489080939,785289877,,instructions,51623794,100.00,4.20,insn per cycle
102.489080939,186922558,,cycles,51618604,100.00,,
102.589256048,32652,,rD044,50657597,100.00,,
102.589256048,825897,,rFF44,50657597,100.00,,
102.589256048,761433836,,instructions,50657597,100.00,4.16,insn per cycle
102.589256048,183004067,,cycles,50657597,100.00,,
102.689429328,32422,,rD044,52484580,100.00,,
102.689429328,829738,,rFF44,52489670,100.00,,
102.689429328,796719398,,instructions,52494400,100.00,4.19,insn per cycle
102.689429328,190222676,,cycles,52499360,100.00,,
102.789620128,32342,,rD044,52342460,100.00,,
102.789620128,826866,,rFF44,52337370,100.00,,
102.789620128,792851741,,instructions,52332640,100.00,4.18,insn per cycle
102.789620128,189608440,,cycles,52327680,100.00,,
102.889786737,2033,,rD044,50405282,100.00,,
102.889786737,805928,,rFF44,50408792,100.00,,
102.889786737,762968325,,instructions,50408792,100.00,4.19,insn per cycle
102.889786737,182077182,,cycles,50408792,100.00,,
102.989974596,32384,,rD044,51943776,100.00,,
102.989974596,811443,,rFF44,51945676,100.00,,
102.989974596,786910963,,instructions,51950946,100.00,4.18,insn per cycle
102.989974596,188183911,,cycles,51955596,100.00,,
103.090163786,32425,,rD044,52559100,100.00,,
103.090163786,815774,,rFF44,52559120,100.00,,
103.090163786,802569553,,instructions,52558850,100.00,4.21,insn per cycle
103.090163786,190587729,,cycles,52559510,100.00,,
103.190354715,32694,,rD044,50647663,100.00,,
103.190354715,820730,,rFF44,50642233,100.00,,
103.190354715,761580086,,instructions,50637233,100.00,4.16,insn per cycle
103.190354715,183116775,,cycles,50631923,100.00,,
103.290530815,32327,,rD044,50438397,100.00,,
103.290530815,800446,,rFF44,50438397,100.00,,
103.290530815,761803252,,instructions,50438397,100.00,4.18,insn per cycle
103.290530815,182322845,,cycles,50438397,100.00,,
103.390698284,32748,,rD044,52359015,100.00,,
103.390698284,830027,,rFF44,52364785,100.00,,
103.390698284,791498097,,instructions,52369255,100.00,4.17,insn per cycle
103.390698284,189848990,,cycles,52374245,100.00,,
103.490888184,32205,,rD044,52433972,100.00,,
103.490888184,816005,,rFF44,52433642,100.00,,
103.490888184,793031627,,instructions,52434502,100.00,4.17,insn per cycle
103.490888184,190123013,,cycles,52434422,100.00,,
103.591078354,32581,,rD044,50847534,100.00,,
103.591078354,807479,,rFF44,50842094,100.00,,
103.591078354,761418586,,instructions,50836764,100.00,4.14,insn per cycle
103.591078354,183895204,,cycles,50831854,100.00,,
103.691258183,2150,,rD044,50465593,100.00,,
103.691258183,781196,,rFF44,50465593,100.00,,
103.691258183,760516311,,instructions,50465593,100.00,4.17,insn per cycle
103.691258183,182396781,,cycles,50465593,100.00,,
103.791434412,32384,,rD044,51810765,100.00,,
103.791434412,818244,,rFF44,51815975,100.00,,
103.791434412,777160541,,instructions,51821045,100.00,4.14,insn per cycle
103.791434412,187678652,,cycles,51826335,100.00,,
103.891624502,32287,,rD044,52406076,100.00,,
103.891624502,822477,,rFF44,52406326,100.00,,
103.891624502,791760061,,instructions,52406016,100.00,4.17,insn per cycle
103.891624502,189999247,,cycles,52405256,100.00,,
103.991813112,32532,,rD044,51712124,100.00,,
103.991813112,815886,,rFF44,51706664,100.00,,
103.991813112,775160136,,instructions,51701904,100.00,4.14,insn per cycle
103.991813112,187294806,,cycles,51697374,100.00,,
104.091988261,32466,,rD044,50741825,100.00,,
104.091988261,779841,,rFF44,50744575,100.00,,
104.091988261,756908135,,instructions,50744575,100.00,4.12,insn per cycle
104.091988261,183532807,,cycles,50744575,100.00,,
104.192173031,32490,,rD044,50801584,100.00,,
104.192173031,808886,,rFF44,50798834,100.00,,
104.192173031,749463930,,instructions,50798834,100.00,4.08,insn per cycle
104.192173031,183693901,,cycles,50798834,100.00,,
104.292347550,32574,,rD044,51532991,100.00,,
104.292347550,814792,,rFF44,51538191,100.00,,
104.292347550,766357839,,instructions,51543111,100.00,4.11,insn per cycle
104.292347550,186653984,,cycles,51547591,100.00,,
104.392536740,32446,,rD044,52591037,100.00,,
104.392536740,823939,,rFF44,52590967,100.00,,
104.392536740,801765895,,instructions,52590827,100.00,4.20,insn per cycle
104.392536740,190676284,,cycles,52591617,100.00,,
104.492742810,2123,,rD044,51672742,100.00,,
104.492742810,792324,,rFF44,51667612,100.00,,
104.492742810,778313327,,instructions,51662832,100.00,4.16,insn per cycle
104.492742810,187106711,,cycles,51657562,100.00,,
104.592917499,32340,,rD044,50996418,100.00,,
104.592917499,829501,,rFF44,50996418,100.00,,
104.592917499,761400708,,instructions,50996418,100.00,4.13,insn per cycle
104.592917499,184437915,,cycles,50996418,100.00,,
104.693091268,32900,,rD044,50830852,100.00,,
104.693091268,824138,,rFF44,50830852,100.00,,
104.693091268,761213957,,instructions,50837382,100.00,4.14,insn per cycle
104.693091268,183820642,,cycles,50841092,100.00,,
104.793280988,32688,,rD044,52065680,100.00,,
104.793280988,812694,,rFF44,52071260,100.00,,
104.793280988,782468414,,instructions,52069750,100.00,4.15,insn per cycle
104.793280988,188646161,,cycles,52071190,100.00,,
104.893472827,32188,,rD044,52154398,100.00,,
104.893472827,778768,,rFF44,52154439,100.00,,
104.893472827,788641707,,instructions,52154119,100.00,4.17,insn per cycle
104.893472827,189026147,,cycles,52153739,100.00,,
104.993663177,32572,,rD044,51873026,100.00,,
104.993663177,819127,,rFF44,51867405,100.00,,
104.993663177,779566240,,instructions,51869695,100.00,4.15,insn per cycle
104.993663177,187985687,,cycles,51868595,100.00,,
105.093849376,32996,,rD044,50966393,100.00,,
105.093849376,835515,,rFF44,50966393,100.00,,
105.093849376,761361815,,instructions,50959403,100.00,4.13,insn per cycle
105.093849376,184342833,,cycles,50955733,100.00,,
105.194022175,32638,,rD044,51053493,100.00,,
105.194022175,831446,,rFF44,51053493,100.00,,
105.194022175,761515328,,instructions,51053493,100.00,4.12,insn per cycle
105.194022175,184697798,,cycles,51053493,100.00,,
105.294203765,2072,,rD044,51114976,100.00,,
105.294203765,771991,,rFF44,51120216,100.00,,
105.294203765,769401654,,instructions,51125016,100.00,4.16,insn per cycle
105.294203765,185012197,,cycles,51129626,100.00,,
105.394392924,32262,,rD044,52429312,100.00,,
105.394392924,801551,,rFF44,52430602,100.00,,
105.394392924,791786785,,instructions,52430612,100.00,4.16,insn per cycle
105.394392924,190110201,,cycles,52430842,100.00,,
105.494584044,32462,,rD044,52378466,100.00,,
105.494584044,815151,,rFF44,52371936,100.00,,
105.494584044,790354170,,instructions,52367126,100.00,4.16,insn per cycle
105.494584044,189850637,,cycles,52362286,100.00,,
105.594773044,32575,,rD044,50896283,100.00,,
105.594773044,822983,,rFF44,50896283,100.00,,
105.594773044,760936425,,instructions,50896283,100.00,4.13,insn per cycle
105.594773044,184112098,,cycles,50896283,100.00,,
105.694948753,32500,,rD044,50721769,100.00,,
105.694948753,797494,,rFF44,50721769,100.00,,
105.694948753,761661661,,instructions,50721769,100.00,4.15,insn per cycle
105.694948753,183437680,,cycles,50721769,100.00,,
105.795122093,32281,,rD044,51613839,100.00,,
105.795122093,816565,,rFF44,51619819,100.00,,
105.795122093,773534813,,instructions,51624319,100.00,4.14,insn per cycle
105.795122093,186959959,,cycles,51629459,100.00,,
105.895313572,32904,,rD044,52670124,100.00,,
105.895313572,810808,,rFF44,52669484,100.00,,
105.895313572,796310935,,instructions,52670624,100.00,4.17,insn per cycle
105.895313572,191001865,,cycles,52669544,100.00,,
105.995504212,32803,,rD044,51948294,100.00,,
105.995504212,814635,,rFF44,51942954,100.00,,
105.995504212,781046477,,instructions,51937314,100.00,4.15,insn per cycle
105.995504212,188161765,,cycles,51933254,100.00,,
106.095679271,1786,,rD044,50696047,100.00,,
106.095679271,792858,,rFF44,50701627,100.00,,
106.095679271,761054957,,instructions,50706377,100.00,4.15,insn per cycle
106.095679271,183282618,,cycles,50706377,100.00,,
106.195868121,32531,,rD044,51226275,100.00,,
106.195868121,832765,,rFF44,51226005,100.00,,
106.195868121,765795038,,instructions,51225965,100.00,4.13,insn per cycle
106.195868121,185318693,,cycles,51230635,100.00,,
106.296056500,32689,,rD044,52551251,100.00,,
106.296056500,821038,,rFF44,52551021,100.00,,
106.296056500,792021366,,instructions,52551491,100.00,4.16,insn per cycle
106.296056500,190513757,,cycles,52551841,100.00,,
106.396245629,32389,,rD044,52622532,100.00,,
106.396245629,810293,,rFF44,52623022,100.00,,
106.396245629,792941496,,instructions,52622482,100.00,4.16,insn per cycle
106.396245629,190780232,,cycles,52622872,100.00,,
106.496434149,32385,,rD044,50696580,100.00,,
106.496434149,781629,,rFF44,50691010,100.00,,
106.496434149,761821424,,instructions,50686370,100.00,4.16,insn per cycle
106.496434149,183296100,,cycles,50680960,100.00,,
106.596622478,32305,,rD044,51032115,100.00,,
106.596622478,824080,,rFF44,51032115,100.00,,
106.596622478,762059290,,instructions,51032115,100.00,4.13,insn per cycle
106.596622478,184540703,,cycles,51032115,100.00,,
106.696794918,32597,,rD044,51858242,100.00,,
106.696794918,822148,,rFF44,51863742,100.00,,
106.696794918,778582446,,instructions,51868692,100.00,4.14,insn per cycle
106.696794918,187877180,,cycles,51873572,100.00,,
106.796984207,32719,,rD044,52374433,100.00,,
106.796984207,829604,,rFF44,52374363,100.00,,
106.796984207,788803703,,instructions,52374483,100.00,4.15,insn per cycle
106.796984207,189866718,,cycles,52374433,100.00,,
106.897173487,32595,,rD044,52107825,100.00,,
106.897173487,825111,,rFF44,52102395,100.00,,
106.897173487,783410372,,instructions,52097325,100.00,4.15,insn per cycle
106.897173487,188822446,,cycles,52092495,100.00,,
106.997348906,2202,,rD044,50619629,100.00,,
106.997348906,779306,,rFF44,50619629,100.00,,
106.997348906,761816699,,instructions,50619629,100.00,4.16,insn per cycle
106.997348906,183085661,,cycles,50619629,100.00,,
107.097523636,32799,,rD044,51154604,100.00,,
107.097523636,819110,,rFF44,51154604,100.00,,
107.097523636,761182777,,instructions,51154604,100.00,4.11,insn per cycle
107.097523636,185082262,,cycles,51154604,100.00,,
107.197698605,32284,,rD044,51124564,100.00,,
107.197698605,800691,,rFF44,51124564,100.00,,
107.197698605,757574684,,instructions,51124564,100.00,4.09,insn per cycle
107.197698605,185063799,,cycles,51132714,100.00,,
107.297884815,32338,,rD044,51560467,100.00,,
107.297884815,761193,,rFF44,51565807,100.00,,
107.297884815,775719019,,instructions,51570517,100.00,4.15,insn per cycle
107.297884815,186799001,,cycles,51566957,100.00,,
107.398072784,32315,,rD044,52368640,100.00,,
107.398072784,803301,,rFF44,52369280,100.00,,
107.398072784,794524884,,instructions,52368870,100.00,4.18,insn per cycle
107.398072784,189870743,,cycles,52368760,100.00,,
107.498261524,32291,,rD044,51325810,100.00,,
107.498261524,792677,,rFF44,51319830,100.00,,
107.498261524,778649981,,instructions,51315530,100.00,4.19,insn per cycle
107.498261524,185851433,,cycles,51311050,100.00,,
107.598441653,32269,,rD044,50454701,100.00,,
107.598441653,781449,,rFF44,50454701,100.00,,
107.598441653,762158538,,instructions,50454701,100.00,4.18,insn per cycle
107.598441653,182414486,,cycles,50454701,100.00,,
107.698626253,1800,,rD044,50446739,100.00,,
107.698626253,763978,,rFF44,50452259,100.00,,
107.698626253,767965363,,instructions,50456829,100.00,4.21,insn per cycle
107.698626253,182406608,,cycles,50461829,100.00,,
107.798816912,32587,,rD044,52458019,100.00,,
107.798816912,793607,,rFF44,52457539,100.00,,
107.798816912,799628507,,instructions,52458259,100.00,4.20,insn per cycle
107.798816912,190219237,,cycles,52458389,100.00,,
107.899007832,32684,,rD044,51640634,100.00,,
107.899007832,807683,,rFF44,51635594,100.00,,
107.899007832,786051512,,instructions,51630304,100.00,4.20,insn per cycle
107.899007832,187030187,,cycles,51625174,100.00,,
107.999180951,32224,,rD044,50105094,100.00,,
107.999180951,810364,,rFF44,50105094,100.00,,
107.999180951,761042193,,instructions,50105094,100.00,4.20,insn per cycle
107.999180951,181077084,,cycles,50105094,100.00,,
108.099356621,32007,,rD044,50206677,100.00,,
108.099356621,758873,,rFF44,50212007,100.00,,
108.099356621,764291315,,instructions,50216277,100.00,4.21,insn per cycle
108.099356621,181511979,,cycles,50220847,100.00,,
108.199544580,31934,,rD044,52398025,100.00,,
108.199544580,793017,,rFF44,52398115,100.00,,
108.199544580,805682806,,instructions,52398175,100.00,4.24,insn per cycle
108.199544580,189966664,,cycles,52398305,100.00,,
108.299745070,32515,,rD044,51404185,100.00,,
108.299745070,794550,,rFF44,51398765,100.00,,
108.299745070,781199845,,instructions,51394435,100.00,4.20,insn per cycle
108.299745070,186105413,,cycles,51389735,100.00,,
108.399920909,32585,,rD044,50176105,100.00,,
108.399920909,815255,,rFF44,50176105,100.00,,
108.399920909,762273818,,instructions,50183845,100.00,4.20,insn per cycle
108.399920909,181332069,,cycles,50188825,100.00,,
108.500111739,1944,,rD044,51048150,100.00,,
108.500111739,775668,,rFF44,51053360,100.00,,
108.500111739,788483876,,instructions,51050100,100.00,4.27,insn per cycle
108.500111739,184729824,,cycles,51050500,100.00,,
108.600300548,32510,,rD044,52079820,100.00,,
108.600300548,812076,,rFF44,52074610,100.00,,
108.600300548,798573054,,instructions,52070130,100.00,4.23,insn per cycle
108.600300548,188734293,,cycles,52064750,100.00,,
108.700476507,32509,,rD044,49908708,100.00,,
108.700476507,795878,,rFF44,49908708,100.00,,
108.700476507,762539414,,instructions,49908708,100.00,4.23,insn per cycle
108.700476507,180277907,,cycles,49908708,100.00,,
108.800653157,32228,,rD044,50812345,100.00,,
108.800653157,803180,,rFF44,50818325,100.00,,
108.800653157,775797264,,instructions,50823035,100.00,4.22,insn per cycle
108.800653157,183839927,,cycles,50827775,100.00,,
108.900842436,32489,,rD044,52421359,100.00,,
108.900842436,796838,,rFF44,52421499,100.00,,
108.900842436,810900614,,instructions,52421599,100.00,4.27,insn per cycle
108.900842436,190045657,,cycles,52422079,100.00,,
109.001033206,32605,,rD044,50059823,100.00,,
109.001033206,773619,,rFF44,50053703,100.00,,
109.001033206,764219620,,instructions,50048893,100.00,4.23,insn per cycle
109.001033206,180877563,,cycles,50043673,100.00,,
109.101207755,32214,,rD044,50108649,100.00,,
109.101207755,814730,,rFF44,50108649,100.00,,
109.101207755,760882439,,instructions,50108649,100.00,4.20,insn per cycle
109.101207755,181047630,,cycles,50108649,100.00,,
109.201381455,32287,,rD044,52093763,100.00,,
109.201381455,794091,,rFF44,52099253,100.00,,
109.201381455,798317455,,instructions,52103743,100.00,4.23,insn per cycle
109.201381455,188884467,,cycles,52109803,100.00,,
109.301570394,32791,,rD044,51861966,100.00,,
109.301570394,796215,,rFF44,51856476,100.00,,
109.301570394,785455352,,instructions,51851986,100.00,4.18,insn per cycle
109.301570394,187889570,,cycles,51845926,100.00,,
109.401758984,1974,,rD044,49982431,100.00,,
109.401758984,762246,,rFF44,49982431,100.00,,
109.401758984,757161535,,instructions,49982431,100.00,4.19,insn per cycle
109.401758984,180545022,,cycles,49982431,100.00,,
109.501940633,32547,,rD044,50791724,100.00,,
109.501940633,804100,,rFF44,50796804,100.00,,
109.501940633,760241079,,instructions,50801664,100.00,4.14,insn per cycle
109.501940633,183773489,,cycles,50806544,100.00,,
109.602130663,32307,,rD044,52690948,100.00,,
109.602130663,824020,,rFF44,52691458,100.00,,
109.602130663,797858299,,instructions,52691498,100.00,4.18,insn per cycle
109.602130663,191051224,,cycles,52690658,100.00,,
109.702321762,32701,,rD044,52015743,100.00,,
109.702321762,795469,,rFF44,52010153,100.00,,
109.702321762,770813272,,instructions,52005253,100.00,4.09,insn per cycle
109.702321762,188488197,,cycles,52001213,100.00,,
109.802497262,32143,,rD044,51043086,100.00,,
109.802497262,764053,,rFF44,51043086,100.00,,
109.802497262,754009106,,instructions,51043086,100.00,4.08,insn per cycle
109.802497262,184707814,,cycles,51043086,100.00,,
109.902670551,32567,,rD044,51153210,100.00,,
109.902670551,788634,,rFF44,51153210,100.00,,
109.902670551,754018634,,instructions,51153210,100.00,4.07,insn per cycle
109.902670551,185122336,,cycles,51153210,100.00,,
110.002844350,32168,,rD044,51355955,100.00,,
110.002844350,796067,,rFF44,51355955,100.00,,
110.002844350,755552904,,instructions,51355955,100.00,4.06,insn per cycle
110.002844350,185894043,,cycles,51355955,100.00,,
110.103019809,1886,,rD044,51845529,100.00,,
110.103019809,761619,,rFF44,51851009,100.00,,
110.103019809,769376122,,instructions,51856049,100.00,4.10,insn per cycle
110.103019809,187852365,,cycles,51860209,100.00,,
110.203210519,32120,,rD044,52186395,100.00,,
110.203210519,803937,,rFF44,52186725,100.00,,
110.203210519,774465631,,instructions,52186515,100.00,4.09,insn per cycle
110.203210519,189193043,,cycles,52187345,100.00,,
110.303400289,32245,,rD044,52354636,100.00,,
110.303400289,805789,,rFF44,52353886,100.00,,
110.303400289,775304615,,instructions,52353166,100.00,4.08,insn per cycle
110.303400289,189800390,,cycles,52352826,100.00,,
110.403590618,32510,,rD044,51776214,100.00,,
110.403590618,783739,,rFF44,51771154,100.00,,
110.403590618,764070251,,instructions,51767044,100.00,4.07,insn per cycle
110.403590618,187578481,,cycles,51762394,100.00,,
110.503781558,32727,,rD044,51260743,100.00,,
110.503781558,771043,,rFF44,51264693,100.00,,
110.503781558,754541197,,instructions,51264693,100.00,4.07,insn per cycle
110.503781558,185545400,,cycles,51264693,100.00,,
110.603970007,32600,,rD044,51300959,100.00,,
110.603970007,795956,,rFF44,51297009,100.00,,
110.603970007,753948076,,instructions,51297009,100.00,4.06,insn per cycle
110.603970007,185681527,,cycles,51297009,100.00,,
110.704144467,32364,,rD044,51283372,100.00,,
110.704144467,798214,,rFF44,51283372,100.00,,
110.704144467,754292210,,instructions,51283372,100.00,4.06,insn per cycle
110.704144467,185618670,,cycles,51283372,100.00,,
110.804319536,1989,,rD044,51545929,100.00,,
110.804319536,778791,,rFF44,51551389,100.00,,
110.804319536,763907988,,instructions,51555519,100.00,4.09,insn per cycle
110.804319536,186696483,,cycles,51560049,100.00,,
110.904506865,32517,,rD044,52219963,100.00,,
110.904506865,801645,,rFF44,52220323,100.00,,
110.904506865,773951079,,instructions,52221103,100.00,4.09,insn per cycle
110.904506865,189287674,,cycles,52222273,100.00,,
111.004697975,32680,,rD044,52225396,100.00,,
111.004697975,781023,,rFF44,52225126,100.00,,
111.004697975,775285248,,instructions,52225036,100.00,4.09,insn per cycle
111.004697975,189348340,,cycles,52224656,100.00,,
111.104888465,32663,,rD044,52150459,100.00,,
111.104888465,796178,,rFF44,52144909,100.00,,
111.104888465,769945039,,instructions,52140089,100.00,4.07,insn per cycle
111.104888465,188976547,,cycles,52134769,100.00,,
111.205063104,32200,,rD044,51151942,100.00,,
111.205063104,760394,,rFF44,51159262,100.00,,
111.205063104,755724315,,instructions,51162522,100.00,4.08,insn per cycle
111.205063104,185137135,,cycles,51162522,100.00,,
111.305251913,32363,,rD044,51159776,100.00,,
111.305251913,788449,,rFF44,51152456,100.00,,
111.305251913,754011007,,instructions,51149196,100.00,4.07,insn per cycle
111.305251913,185124235,,cycles,51149196,100.00,,
111.405427563,32552,,rD044,50518069,100.00,,
111.405427563,811171,,rFF44,50523379,100.00,,
111.405427563,758264336,,instructions,50527609,100.00,4.15,insn per cycle
111.405427563,182686932,,cycles,50532309,100.00,,
111.505618043,32546,,rD044,52235426,100.00,,
111.505618043,800964,,rFF44,52235596,100.00,,
111.505618043,799875127,,instructions,52235956,100.00,4.22,insn per cycle
111.505618043,189355647,,cycles,52236136,100.00,,
111.605809893,1803,,rD044,51274074,100.00,,
111.605809893,766050,,rFF44,51268594,100.00,,
111.605809893,787609240,,instructions,51264004,100.00,4.24,insn per cycle
111.605809893,185594884,,cycles,51259124,100.00,,
111.705983932,32271,,rD044,49875432,100.00,,
111.705983932,805584,,rFF44,49875432,100.00,,
111.705983932,756662898,,instructions,49875432,100.00,4.20,insn per cycle
111.705983932,180156454,,cycles,49875432,100.00,,
111.806158921,32680,,rD044,51316036,100.00,,
111.806158921,803581,,rFF44,51321456,100.00,,
111.806158921,785545532,,instructions,51326606,100.00,4.23,insn per cycle
111.806158921,185801297,,cycles,51332656,100.00,,
111.906349571,32476,,rD044,52347113,100.00,,
111.906349571,812293,,rFF44,52347183,100.00,,
111.906349571,801733670,,instructions,52346603,100.00,4.23,insn per cycle
111.906349571,189744393,,cycles,52345313,100.00,,
112.006536840,32252,,rD044,50266149,100.00,,
112.006536840,766259,,rFF44,50260659,100.00,,
112.006536840,766802431,,instructions,50256089,100.00,4.22,insn per cycle
112.006536840,181721662,,cycles,50251329,100.00,,
112.106711080,32376,,rD044,50010607,100.00,,
112.106711080,795394,,rFF44,50010607,100.00,,
112.106711080,760308318,,instructions,50010607,100.00,4.21,insn per cycle
112.106711080,180700831,,cycles,50010607,100.00,,
112.206885859,32288,,rD044,52190176,100.00,,
112.206885859,788850,,rFF44,52195936,100.00,,
112.206885859,784146511,,instructions,52200426,100.00,4.14,insn per cycle
112.206885859,189212427,,cycles,52206066,100.00,,
112.307074228,32434,,rD044,51991950,100.00,,
112.307074228,804130,,rFF44,51986190,100.00,,
112.307074228,795540742,,instructions,51981700,100.00,4.22,insn per cycle
112.307074228,188350905,,cycles,51976060,100.00,,
112.407250458,2013,,rD044,50382908,100.00,,
112.407250458,775698,,rFF44,50382908,100.00,,
112.407250458,760787154,,instructions,50382908,100.00,4.18,insn per cycle
112.407250458,182137102,,cycles,50382908,100.00,,
112.507426027,32570,,rD044,50346698,100.00,,
112.507426027,814885,,rFF44,50352238,100.00,,
112.507426027,774438943,,instructions,50356358,100.00,4.25,insn per cycle
112.507426027,182018824,,cycles,50361338,100.00,,
112.607626237,32430,,rD044,52336645,100.00,,
112.607626237,810343,,rFF44,52337415,100.00,,
112.607626237,806735674,,instructions,52338935,100.00,4.25,insn per cycle
112.607626237,189773174,,cycles,52338745,100.00,,
112.707818486,32541,,rD044,50757164,100.00,,
112.707818486,788621,,rFF44,50750854,100.00,,
112.707818486,773251649,,instructions,50745214,100.00,4.21,insn per cycle
112.707818486,183560601,,cycles,50740424,100.00,,
112.807994435,32391,,rD044,49735871,100.00,,
112.807994435,790458,,rFF44,49735871,100.00,,
112.807994435,758822344,,instructions,49735871,100.00,4.22,insn per cycle
112.807994435,179771813,,cycles,49735871,100.00,,
112.908170875,32425,,rD044,51022272,100.00,,
112.908170875,765500,,rFF44,51027722,100.00,,
112.908170875,775235455,,instructions,51031772,100.00,4.20,insn per cycle
112.908170875,184677772,,cycles,51036052,100.00,,
113.008357624,32114,,rD044,51647015,100.00,,
113.008357624,798015,,rFF44,51646475,100.00,,
113.008357624,792471834,,instructions,51647335,100.00,4.24,insn per cycle
113.008357624,187096073,,cycles,51643055,100.00,,
113.108549554,32689,,rD044,49515242,100.00,,
113.108549554,819524,,rFF44,49510332,100.00,,
113.108549554,762671264,,instructions,49505422,100.00,4.27,insn per cycle
113.108549554,178698832,,cycles,49505422,100.00,,
113.208737583,32707,,rD044,51758386,100.00,,
113.208737583,812985,,rFF44,51763586,100.00,,
113.208737583,808114483,,instructions,51767776,100.00,4.31,insn per cycle
113.208737583,187515861,,cycles,51773176,100.00,,
113.308925783,2043,,rD044,50218822,100.00,,
113.308925783,781271,,rFF44,50213622,100.00,,
113.308925783,782461806,,instructions,50216702,100.00,4.31,insn per cycle
113.308925783,181487433,,cycles,50215222,100.00,,
113.409114932,32678,,rD044,50196541,100.00,,
113.409114932,816824,,rFF44,50202741,100.00,,
113.409114932,778510717,,instructions,50200141,100.00,4.29,insn per cycle
113.409114932,181415565,,cycles,50200921,100.00,,
113.509302932,32440,,rD044,52087160,100.00,,
113.509302932,816369,,rFF44,52080960,100.00,,
113.509302932,813325427,,instructions,52076290,100.00,4.31,insn per cycle
113.509302932,188691533,,cycles,52071590,100.00,,
113.609477131,32403,,rD044,49843701,100.00,,
113.609477131,821350,,rFF44,49843701,100.00,,
113.609477131,761423677,,instructions,49843701,100.00,4.23,insn per cycle
113.609477131,180031847,,cycles,49843701,100.00,,
113.709652700,32631,,rD044,51189402,100.00,,
113.709652700,810570,,rFF44,51195102,100.00,,
113.709652700,772739501,,instructions,51199782,100.00,4.17,insn per cycle
113.709652700,185307822,,cycles,51204892,100.00,,
113.809841070,32101,,rD044,52398933,100.00,,
113.809841070,754195,,rFF44,52398923,100.00,,
113.809841070,796048671,,instructions,52398913,100.00,4.19,insn per cycle
113.809841070,190005122,,cycles,52398763,100.00,,
113.910029279,32451,,rD044,51378247,100.00,,
113.910029279,785391,,rFF44,51372557,100.00,,
113.910029279,769950735,,instructions,51367887,100.00,4.14,insn per cycle
113.910029279,186002939,,cycles,51362927,100.00,,
114.010208699,32530,,rD044,50958179,100.00,,
114.010208699,792574,,rFF44,50958179,100.00,,
114.010208699,758563432,,instructions,50958179,100.00,4.12,insn per cycle
114.010208699,184340680,,cycles,50958179,100.00,,
114.110382668,32299,,rD044,50733991,100.00,,
114.110382668,793959,,rFF44,50733991,100.00,,
114.110382668,758924030,,instructions,50733991,100.00,4.14,insn per cycle
114.110382668,183474267,,cycles,50733991,100.00,,
114.210555318,1651,,rD044,52004688,100.00,,
114.210555318,759934,,rFF44,52010208,100.00,,
114.210555318,791308772,,instructions,52014938,100.00,4.20,insn per cycle
114.210555318,188524260,,cycles,52019838,100.00,,
114.310756777,32871,,rD044,52523790,100.00,,
114.310756777,809335,,rFF44,52523710,100.00,,
114.310756777,781372833,,instructions,52523300,100.00,4.10,insn per cycle
114.310756777,190416488,,cycles,52524330,100.00,,
114.410947057,32472,,rD044,51729784,100.00,,
114.410947057,776255,,rFF44,51724344,100.00,,
114.410947057,773828562,,instructions,51727194,100.00,4.13,insn per cycle
114.410947057,187423591,,cycles,51725004,100.00,,
114.511132576,32132,,rD044,50861892,100.00,,
114.511132576,794460,,rFF44,50861892,100.00,,
114.511132576,759673611,,instructions,50854722,100.00,4.13,insn per cycle
114.511132576,183922335,,cycles,50850982,100.00,,
114.611306026,32531,,rD044,50880341,100.00,,
114.611306026,766956,,rFF44,50880341,100.00,,
114.611306026,761200883,,instructions,50880341,100.00,4.14,insn per cycle
114.611306026,184022915,,cycles,50880341,100.00,,
114.711479415,32412,,rD044,51885940,100.00,,
114.711479415,798193,,rFF44,51891690,100.00,,
114.711479415,783020932,,instructions,51896250,100.00,4.16,insn per cycle
114.711479415,188049681,,cycles,51901320,100.00,,
114.811669915,32379,,rD044,52407291,100.00,,
114.811669915,801552,,rFF44,52406931,100.00,,
114.811669915,789198848,,instructions,52407741,100.00,4.15,insn per cycle
114.811669915,190012553,,cycles,52407921,100.00,,
114.911862434,33098,,rD044,50659250,100.00,,
114.911862434,807144,,rFF44,50653860,100.00,,
114.911862434,770751532,,instructions,50648490,100.00,4.21,insn per cycle
114.911862434,183201752,,cycles,50643240,100.00,,
115.012034763,1852,,rD044,49834502,100.00,,
115.012034763,778836,,rFF44,49840322,100.00,,
115.012034763,765831158,,instructions,49844642,100.00,4.26,insn per cycle
115.012034763,179960837,,cycles,49849492,100.00,,
115.112224013,32230,,rD044,52019819,100.00,,
115.112224013,795136,,rFF44,52019999,100.00,,
115.112224013,803152041,,instructions,52020499,100.00,4.26,insn per cycle
115.112224013,188541840,,cycles,52020359,100.00,,
115.212413952,32760,,rD044,51238553,100.00,,
115.212413952,801241,,rFF44,51232553,100.00,,
115.212413952,779010248,,instructions,51227733,100.00,4.20,insn per cycle
115.212413952,185442756,,cycles,51223023,100.00,,
115.312589032,32684,,rD044,50237929,100.00,,
115.312589032,823737,,rFF44,50237929,100.00,,
115.312589032,750296805,,instructions,50237929,100.00,4.13,insn per cycle
115.312589032,181551818,,cycles,50237929,100.00,,
115.412779192,32234,,rD044,51588312,100.00,,
115.412779192,777751,,rFF44,51593992,100.00,,
115.412779192,784533521,,instructions,51598212,100.00,4.20,insn per cycle
115.412779192,186827266,,cycles,51602972,100.00,,
115.512962441,32665,,rD044,52430474,100.00,,
115.512962441,789144,,rFF44,52430604,100.00,,
115.512962441,789914430,,instructions,52431544,100.00,4.16,insn per cycle
115.512962441,190092066,,cycles,52431754,100.00,,
115.613151271,32152,,rD044,51254375,100.00,,
115.613151271,779942,,rFF44,51253785,100.00,,
115.613151271,771227775,,instructions,51248625,100.00,4.16,insn per cycle
115.613151271,185567858,,cycles,51243655,100.00,,
115.713334230,32261,,rD044,51169752,100.00,,
115.713334230,795230,,rFF44,51164532,100.00,,
115.713334230,760225589,,instructions,51164532,100.00,4.11,insn per cycle
115.713334230,185152968,,cycles,51164532,100.00,,
115.813509110,1920,,rD044,50477332,100.00,,
115.813509110,764335,,rFF44,50477332,100.00,,
115.813509110,752752634,,instructions,50477332,100.00,4.12,insn per cycle
115.813509110,182502216,,cycles,50477332,100.00,,
115.913687139,32598,,rD044,52203248,100.00,,
115.913687139,803608,,rFF44,52209118,100.00,,
115.913687139,789342588,,instructions,52213758,100.00,4.17,insn per cycle
115.913687139,189255606,,cycles,52219048,100.00,,
116.013871279,32389,,rD044,52384564,100.00,,
116.013871279,803794,,rFF44,52384084,100.00,,
116.013871279,791501209,,instructions,52384304,100.00,4.17,insn per cycle
116.013871279,189895970,,cycles,52383314,100.00,,
116.114060918,32351,,rD044,51220057,100.00,,
116.114060918,778777,,rFF44,51214667,100.00,,
116.114060918,767147094,,instructions,51209807,100.00,4.14,insn per cycle
116.114060918,185389288,,cycles,51205507,100.00,,
116.214235408,32353,,rD044,50307568,100.00,,
116.214235408,761302,,rFF44,50307568,100.00,,
116.214235408,754205092,,instructions,50307568,100.00,4.15,insn per cycle
116.214235408,181797835,,cycles,50307568,100.00,,
116.314409407,32462,,rD044,51165155,100.00,,
116.314409407,785707,,rFF44,51171615,100.00,,
116.314409407,766881456,,instructions,51176575,100.00,4.14,insn per cycle
116.314409407,185258729,,cycles,51181065,100.00,,
116.414599476,32570,,rD044,52594676,100.00,,
116.414599476,797908,,rFF44,52603086,100.00,,
116.414599476,788285528,,instructions,52603036,100.00,4.13,insn per cycle
116.414599476,190721644,,cycles,52603406,100.00,,
116.514795486,32268,,rD044,51595034,100.00,,
116.514795486,795968,,rFF44,51580164,100.00,,
116.514795486,780262081,,instructions,51575254,100.00,4.18,insn per cycle
116.514795486,186829273,,cycles,51570394,100.00,,
116.614969776,1846,,rD044,50508132,100.00,,
116.614969776,762154,,rFF44,50508132,100.00,,
116.614969776,761075265,,instructions,50508132,100.00,4.17,insn per cycle
116.614969776,182605988,,cycles,50508132,100.00,,
116.715144075,32064,,rD044,50840293,100.00,,
116.715144075,787168,,rFF44,50843263,100.00,,
116.715144075,760875943,,instructions,50843263,100.00,4.14,insn per cycle
116.715144075,183935172,,cycles,50843263,100.00,,
116.815322434,32601,,rD044,52208177,100.00,,
116.815322434,779531,,rFF44,52210927,100.00,,
116.815322434,784482786,,instructions,52215657,100.00,4.14,insn per cycle
116.815322434,189292532,,cycles,52220127,100.00,,
116.915511274,32145,,rD044,52550192,100.00,,
116.915511274,781358,,rFF44,52550622,100.00,,
116.915511274,790041498,,instructions,52551242,100.00,4.15,insn per cycle
116.915511274,190567846,,cycles,52551642,100.00,,
117.015696183,32298,,rD044,51194332,100.00,,
117.015696183,767570,,rFF44,51188182,100.00,,
117.015696183,771410088,,instructions,51182832,100.00,4.16,insn per cycle
117.015696183,185241134,,cycles,51177962,100.00,,
117.115870653,32340,,rD044,51043541,100.00,,
117.115870653,796264,,rFF44,51043541,100.00,,
117.115870653,760917784,,instructions,51043541,100.00,4.12,insn per cycle
117.115870653,184715600,,cycles,51043541,100.00,,
117.216046352,32356,,rD044,51341633,100.00,,
117.216046352,788711,,rFF44,51341633,100.00,,
117.216046352,759053665,,instructions,51341633,100.00,4.08,insn per cycle
117.216046352,185861477,,cycles,51341633,100.00,,
117.316221082,32261,,rD044,51493473,100.00,,
117.316221082,789023,,rFF44,51493473,100.00,,
117.316221082,757299789,,instructions,51493473,100.00,4.06,insn per cycle
117.316221082,186389655,,cycles,51493473,100.00,,
117.416399971,1820,,rD044,51035788,100.00,,
117.416399971,763436,,rFF44,51035788,100.00,,
117.416399971,760057199,,instructions,51035788,100.00,4.11,insn per cycle
117.416399971,184851710,,cycles,51035788,100.00,,
117.516569251,32491,,rD044,51140089,100.00,,
117.516569251,824360,,rFF44,51146799,100.00,,
117.516569251,760379265,,instructions,51151959,100.00,4.10,insn per cycle
117.516569251,185253128,,cycles,51155119,100.00,,
117.616771680,32912,,rD044,51894390,100.00,,
117.616771680,821740,,rFF44,51893120,100.00,,
117.616771680,771941085,,instructions,51893140,100.00,4.11,insn per cycle
117.616771680,188007528,,cycles,51895080,100.00,,
117.716961640,32560,,rD044,52449277,100.00,,
117.716961640,820142,,rFF44,52449267,100.00,,
117.716961640,778029137,,instructions,52449747,100.00,4.09,insn per cycle
117.716961640,190171627,,cycles,52449447,100.00,,
117.817150969,32340,,rD044,52622006,100.00,,
117.817150969,773252,,rFF44,52621986,100.00,,
117.817150969,787425306,,instructions,52621466,100.00,4.13,insn per cycle
117.817150969,190860253,,cycles,52621556,100.00,,
117.917341519,32647,,rD044,52136517,100.00,,
117.917341519,810862,,rFF44,52131107,100.00,,
117.917341519,769897570,,instructions,52125967,100.00,4.08,insn per cycle
117.917341519,188929601,,cycles,52121077,100.00,,
118.017507868,32550,,rD044,51647352,100.00,,
118.017507868,812917,,rFF44,51647352,100.00,,
118.017507868,759345658,,instructions,51647352,100.00,4.06,insn per cycle
118.017507868,187003973,,cycles,51647352,100.00,,
118.117682298,32631,,rD044,51449062,100.00,,
118.117682298,818369,,rFF44,51449062,100.00,,
118.117682298,754947685,,instructions,51449062,100.00,4.05,insn per cycle
118.117682298,186222488,,cycles,51449062,100.00,,
118.217857267,2120,,rD044,50808881,100.00,,
118.217857267,793238,,rFF44,50814341,100.00,,
118.217857267,757453642,,instructions,50819251,100.00,4.12,insn per cycle
118.217857267,183839688,,cycles,50824441,100.00,,
118.318048187,32648,,rD044,52563427,100.00,,
118.318048187,821049,,rFF44,52563747,100.00,,
118.318048187,781946912,,instructions,52563467,100.00,4.10,insn per cycle
118.318048187,190617376,,cycles,52563257,100.00,,
118.418238176,32796,,rD044,52602809,100.00,,
118.418238176,808835,,rFF44,52603259,100.00,,
118.418238176,777602840,,instructions,52603689,100.00,4.08,insn per cycle
118.418238176,190753941,,cycles,52603289,100.00,,
118.518421446,32326,,rD044,51647756,100.00,,
118.518421446,766909,,rFF44,51647356,100.00,,
118.518421446,781043302,,instructions,51642296,100.00,4.17,insn per cycle
118.518421446,187088042,,cycles,51637716,100.00,,
118.618623515,32493,,rD044,50546932,100.00,,
118.618623515,818966,,rFF44,50541102,100.00,,
118.618623515,762968426,,instructions,50541102,100.00,4.18,insn per cycle
118.618623515,182717580,,cycles,50541102,100.00,,
118.718801565,32671,,rD044,50606896,100.00,,
118.718801565,830536,,rFF44,50612476,100.00,,
118.718801565,767264096,,instructions,50617066,100.00,4.19,insn per cycle
118.718801565,183070122,,cycles,50622126,100.00,,
118.818993304,32453,,rD044,52739937,100.00,,
118.818993304,830222,,rFF44,52739997,100.00,,
118.818993304,786798768,,instructions,52740387,100.00,4.11,insn per cycle
118.818993304,191287963,,cycles,52740357,100.00,,
118.919182514,32542,,rD044,52041257,100.00,,
118.919182514,824640,,rFF44,52035617,100.00,,
118.919182514,782914050,,instructions,52030637,100.00,4.15,insn per cycle
118.919182514,188593479,,cycles,52025607,100.00,,
119.019348373,1985,,rD044,50919190,100.00,,
119.019348373,774765,,rFF44,50926670,100.00,,
119.019348373,761387718,,instructions,50930380,100.00,4.13,insn per cycle
119.019348373,184225795,,cycles,50930380,100.00,,
119.119535011,32271,,rD044,51394500,100.00,,
119.119535011,807382,,rFF44,51387020,100.00,,
119.119535011,759643921,,instructions,51383310,100.00,4.08,insn per cycle
119.119535011,186003658,,cycles,51383310,100.00,,
119.219709048,32716,,rD044,51305734,100.00,,
119.219709048,809435,,rFF44,51305734,100.00,,
119.219709048,760716064,,instructions,51305734,100.00,4.10,insn per cycle
119.219709048,185728879,,cycles,51305734,100.00,,
119.319883774,32837,,rD044,52240604,100.00,,
119.319883774,793940,,rFF44,52245874,100.00,,
119.319883774,774974093,,instructions,52250884,100.00,4.09,insn per cycle
119.319883774,189391109,,cycles,52256694,100.00,,
119.420072860,32267,,rD044,52617646,100.00,,
119.420072860,827722,,rFF44,52618206,100.00,,
119.420072860,782483282,,instructions,52617996,100.00,4.10,insn per cycle
119.420072860,190787222,,cycles,52616866,100.00,,
119.520253986,32575,,rD044,52567937,100.00,,
119.520253986,803481,,rFF44,52567787,100.00,,
119.520253986,777599273,,instructions,52567307,100.00,4.08,insn per cycle
119.520253986,190559759,,cycles,52567317,100.00,,
119.620441553,32281,,rD044,51539119,100.00,,
119.620441553,803600,,rFF44,51536169,100.00,,
119.620441553,763015404,,instructions,51531849,100.00,4.09,insn per cycle
119.620441553,186602169,,cycles,51527159,100.00,,
119.720623269,1806,,rD044,51306797,100.00,,
119.720623269,774226,,rFF44,51304067,100.00,,
119.720623269,757568791,,instructions,51311957,100.00,4.08,insn per cycle
119.720623269,185706293,,cycles,51315627,100.00,,
119.820812365,32646,,rD044,51414590,100.00,,
119.820812365,820187,,rFF44,51414590,100.00,,
119.820812365,756991718,,instructions,51406700,100.00,4.07,insn per cycle
119.820812365,186012448,,cycles,51411630,100.00,,
119.920997972,32914,,rD044,51728765,100.00,,
119.920997972,824678,,rFF44,51734265,100.00,,
119.920997972,762906193,,instructions,51739115,100.00,4.07,insn per cycle
119.920997972,187354527,,cycles,51735205,100.00,,
120.021186348,32625,,rD044,52543505,100.00,,
120.021186348,818262,,rFF44,52543385,100.00,,
120.021186348,775120796,,instructions,52543055,100.00,4.07,insn per cycle
120.021186348,190434128,,cycles,52543146,100.00,,
120.121377154,32274,,rD044,52716254,100.00,,
120.121377154,762718,,rFF44,52716264,100.00,,
120.121377154,790278684,,instructions,52716454,100.00,4.13,insn per cycle
120.121377154,191183418,,cycles,52716893,100.00,,
120.221567451,32555,,rD044,52346979,100.00,,
120.221567451,806173,,rFF44,52347629,100.00,,
120.221567451,772407624,,instructions,52347629,100.00,4.07,insn per cycle
120.221567451,189775889,,cycles,52347159,100.00,,
120.321769267,32637,,rD044,50896563,100.00,,
120.321769267,808804,,rFF44,50895713,100.00,,
120.321769267,759743000,,instructions,50895443,100.00,4.13,insn per cycle
120.321769267,184084795,,cycles,50897653,100.00,,
120.421961444,32400,,rD044,50858408,100.00,,
120.421961444,822477,,rFF44,50853218,100.00,,
120.421961444,763302205,,instructions,50848778,100.00,4.15,insn per cycle
120.421961444,183865430,,cycles,50841818,100.00,,
120.522138190,2109,,rD044,51315267,100.00,,
120.522138190,790029,,rFF44,51321067,100.00,,
120.522138190,779617539,,instructions,51326487,100.00,4.20,insn per cycle
120.522138190,185792608,,cycles,51331317,100.00,,
120.622326726,32519,,rD044,52191436,100.00,,
120.622326726,813981,,rFF44,52191476,100.00,,
120.622326726,784958274,,instructions,52191916,100.00,4.15,insn per cycle
120.622326726,189179662,,cycles,52192326,100.00,,
120.722521403,32724,,rD044,51860494,100.00,,
120.722521403,800681,,rFF44,51854654,100.00,,
120.722521403,776982023,,instructions,51848794,100.00,4.14,insn per cycle
120.722521403,187772433,,cycles,51843554,100.00,,
120.822696979,32744,,rD044,50823328,100.00,,
120.822696979,804471,,rFF44,50823328,100.00,,
120.822696979,759615443,,instructions,50823328,100.00,4.13,insn per cycle
120.822696979,183806795,,cycles,50823328,100.00,,
120.922870665,32280,,rD044,50762961,100.00,,
120.922870665,772177,,rFF44,50762961,100.00,,
120.922870665,759739501,,instructions,50762961,100.00,4.14,insn per cycle
120.922870665,183548984,,cycles,50762961,100.00,,
121.023044631,32447,,rD044,52327535,100.00,,
121.023044631,809467,,rFF44,52333265,100.00,,
121.023044631,793371186,,instructions,52337755,100.00,4.18,insn per cycle
121.023044631,189668875,,cycles,52343525,100.00,,
121.123234928,32661,,rD044,52542726,100.00,,
121.123234928,814108,,rFF44,52542466,100.00,,
121.123234928,793886674,,instructions,52542756,100.00,4.17,insn per cycle
121.123234928,190467672,,cycles,52542196,100.00,,
121.223428324,32636,,rD044,50715283,100.00,,
121.223428324,806111,,rFF44,50709813,100.00,,
121.223428324,759039553,,instructions,50705033,100.00,4.14,insn per cycle
121.223428324,183416595,,cycles,50699823,100.00,,
121.323604460,1970,,rD044,51002206,100.00,,
121.323604460,770661,,rFF44,51007686,100.00,,
121.323604460,758781486,,instructions,51007686,100.00,4.11,insn per cycle
121.323604460,184464725,,cycles,51007686,100.00,,
121.423804617,32269,,rD044,51080647,100.00,,
121.423804617,802879,,rFF44,51080867,100.00,,
121.423804617,760202006,,instructions,51085057,100.00,4.11,insn per cycle
121.423804617,184819146,,cycles,51089877,100.00,,
121.523992523,32556,,rD044,52458654,100.00,,
121.523992523,801375,,rFF44,52458275,100.00,,
121.523992523,787139952,,instructions,52458635,100.00,4.14,insn per cycle
121.523992523,190208129,,cycles,52458565,100.00,,
121.624181179,32770,,rD044,52316222,100.00,,
121.624181179,812773,,rFF44,52316521,100.00,,
121.624181179,780004409,,instructions,52317011,100.00,4.11,insn per cycle
121.624181179,189667505,,cycles,52317091,100.00,,
121.724370736,32280,,rD044,51668093,100.00,,
121.724370736,783832,,rFF44,51662473,100.00,,
121.724370736,774030038,,instructions,51657433,100.00,4.14,insn per cycle
121.724370736,187109534,,cycles,51652603,100.00,,
121.824544702,32366,,rD044,50962519,100.00,,
121.824544702,811359,,rFF44,50962519,100.00,,
121.824544702,755596629,,instructions,50962519,100.00,4.10,insn per cycle
121.824544702,184345560,,cycles,50962519,100.00,,
121.924734598,32493,,rD044,50671749,100.00,,
121.924734598,804142,,rFF44,50665909,100.00,,
121.924734598,761146649,,instructions,50674859,100.00,4.15,insn per cycle
121.924734598,183295158,,cycles,50674859,100.00,,
122.024912924,32425,,rD044,52551287,100.00,,
122.024912924,812770,,rFF44,52562447,100.00,,
122.024912924,796594464,,instructions,52558037,100.00,4.18,insn per cycle
122.024912924,190575487,,cycles,52562407,100.00,,
122.125101241,2168,,rD044,52538019,100.00,,
122.125101241,782155,,rFF44,52537829,100.00,,
122.125101241,791287860,,instructions,52538849,100.00,4.15,insn per cycle
122.125101241,190486816,,cycles,52539279,100.00,,
122.225290047,32370,,rD044,50960697,100.00,,
122.225290047,818217,,rFF44,50961467,100.00,,
122.225290047,762850609,,instructions,50955907,100.00,4.14,insn per cycle
122.225290047,184393801,,cycles,50951107,100.00,,
122.325476663,32811,,rD044,51059441,100.00,,
122.325476663,826784,,rFF44,51053541,100.00,,
122.325476663,761610048,,instructions,51053541,100.00,4.12,insn per cycle
122.325476663,184714109,,cycles,51053541,100.00,,
122.425652760,32466,,rD044,51206824,100.00,,
122.425652760,808195,,rFF44,51206824,100.00,,
122.425652760,760655483,,instructions,51206824,100.00,4.10,insn per cycle
122.425652760,185340774,,cycles,51206824,100.00,,
122.525828756,32288,,rD044,52154182,100.00,,
122.525828756,760465,,rFF44,52159972,100.00,,
122.525828756,787096212,,instructions,52165692,100.00,4.16,insn per cycle
122.525828756,189080482,,cycles,52170592,100.00,,
122.626021682,32736,,rD044,52536135,100.00,,
122.626021682,807808,,rFF44,52535665,100.00,,
122.626021682,786599459,,instructions,52534415,100.00,4.13,insn per cycle
122.626021682,190488141,,cycles,52534345,100.00,,
122.726212299,32451,,rD044,51545005,100.00,,
122.726212299,811826,,rFF44,51539685,100.00,,
122.726212299,771823016,,instructions,51535215,100.00,4.13,insn per cycle
122.726212299,186673120,,cycles,51530385,100.00,,
122.826385475,32487,,rD044,50711782,100.00,,
122.826385475,821382,,rFF44,50711782,100.00,,
122.826385475,760429830,,instructions,50711782,100.00,4.15,insn per cycle
122.826385475,183443473,,cycles,50711782,100.00,,
122.926564651,1888,,rD044,50566901,100.00,,
122.926564651,783637,,rFF44,50574271,100.00,,
122.926564651,758546953,,instructions,50577451,100.00,4.15,insn per cycle
122.926564651,182873792,,cycles,50577451,100.00,,
123.026771518,32747,,rD044,52112051,100.00,,
123.026771518,806652,,rFF44,52109811,100.00,,
123.026771518,783687694,,instructions,52111131,100.00,4.15,insn per cycle
123.026771518,188855049,,cycles,52115981,100.00,,
123.126961344,32658,,rD044,52534184,100.00,,
123.126961344,810072,,rFF44,52534414,100.00,,
123.126961344,789933024,,instructions,52534904,100.00,4.15,insn per cycle
123.126961344,190444941,,cycles,52535024,100.00,,
123.227151501,32263,,rD044,52191469,100.00,,
123.227151501,808875,,rFF44,52186109,100.00,,
123.227151501,771277845,,instructions,52181119,100.00,4.08,insn per cycle
123.227151501,189158877,,cycles,52176149,100.00,,
123.327332557,32550,,rD044,51017898,100.00,,
123.327332557,782838,,rFF44,51017898,100.00,,
123.327332557,757688406,,instructions,51017898,100.00,4.10,insn per cycle
123.327332557,184641304,,cycles,51017898,100.00,,
123.427506913,32247,,rD044,51205726,100.00,,
123.427506913,827039,,rFF44,51205726,100.00,,
123.427506913,759017175,,instructions,51205726,100.00,4.10,insn per cycle
123.427506913,185285229,,cycles,51205726,100.00,,
123.527682409,32619,,rD044,51492642,100.00,,
123.527682409,812228,,rFF44,51492642,100.00,,
123.527682409,759983521,,instructions,51492642,100.00,4.08,insn per cycle
123.527682409,186404129,,cycles,51492642,100.00,,
123.627857595,32365,,rD044,52157298,100.00,,
123.627857595,807143,,rFF44,52162648,100.00,,
123.627857595,769317599,,instructions,52167408,100.00,4.07,insn per cycle
123.627857595,188990472,,cycles,52172438,100.00,,
123.728048952,1724,,rD044,52673675,100.00,,
123.728048952,775287,,rFF44,52673875,100.00,,
123.728048952,787603576,,instructions,52674535,100.00,4.12,insn per cycle
123.728048952,191009718,,cycles,52673935,100.00,,
123.828241168,32714,,rD044,52665279,100.00,,
123.828241168,818752,,rFF44,52659729,100.00,,
123.828241168,781466857,,instructions,52654309,100.00,4.09,insn per cycle
123.828241168,190886596,,cycles,52649879,100.00,,
123.928414414,32238,,rD044,51103019,100.00,,
123.928414414,816482,,rFF44,51103019,100.00,,
123.928414414,755987082,,instructions,51103019,100.00,4.09,insn per cycle
123.928414414,184964192,,cycles,51103019,100.00,,
124.028588740,32797,,rD044,51230733,100.00,,
124.028588740,830488,,rFF44,51236373,100.00,,
124.028588740,758653816,,instructions,51241603,100.00,4.09,insn per cycle
124.028588740,185490906,,cycles,51241603,100.00,,
124.128787457,32260,,rD044,51306668,100.00,,
124.128787457,780312,,rFF44,51301028,100.00,,
124.128787457,761208171,,instructions,51295798,100.00,4.10,insn per cycle
124.128787457,185632641,,cycles,51295798,100.00,,
124.228963533,32530,,rD044,51592532,100.00,,
124.228963533,804312,,rFF44,51592532,100.00,,
124.228963533,761488991,,instructions,51592532,100.00,4.08,insn per cycle
124.228963533,186833372,,cycles,51600532,100.00,,
124.329148199,32691,,rD044,52192233,100.00,,
124.329148199,812565,,rFF44,52197943,100.00,,
124.329148199,778591411,,instructions,52203113,100.00,4.12,insn per cycle
124.329148199,189172968,,cycles,52200383,100.00,,
124.429338796,32362,,rD044,52414632,100.00,,
124.429338796,807330,,rFF44,52414512,100.00,,
124.429338796,775898907,,instructions,52413942,100.00,4.08,insn per cycle
124.429338796,190019227,,cycles,52413342,100.00,,
124.529528432,2271,,rD044,52703754,100.00,,
124.529528432,786746,,rFF44,52703194,100.00,,
124.529528432,786807210,,instructions,52703814,100.00,4.12,insn per cycle
124.529528432,191132461,,cycles,52703804,100.00,,
124.629729838,32368,,rD044,51416583,100.00,,
124.629729838,812167,,rFF44,51411553,100.00,,
124.629729838,756379823,,instructions,51406333,100.00,4.06,insn per cycle
124.629729838,186145907,,cycles,51401673,100.00,,
124.729904264,32657,,rD044,51441572,100.00,,
124.729904264,799544,,rFF44,51441572,100.00,,
124.729904264,758622888,,instructions,51441572,100.00,4.07,insn per cycle
124.729904264,186230950,,cycles,51441572,100.00,,
124.830078231,32992,,rD044,50734786,100.00,,
124.830078231,781614,,rFF44,50734786,100.00,,
124.830078231,753558198,,instructions,50734786,100.00,4.11,insn per cycle
124.830078231,183412909,,cycles,50734786,100.00,,
124.930260037,32314,,rD044,52334999,100.00,,
124.930260037,803416,,rFF44,52340549,100.00,,
124.930260037,783279804,,instructions,52345769,100.00,4.13,insn per cycle
124.930260037,189749717,,cycles,52351219,100.00,,
125.030450803,32603,,rD044,52492737,100.00,,
125.030450803,813402,,rFF44,52493607,100.00,,
125.030450803,789050429,,instructions,52493547,100.00,4.14,insn per cycle
125.030450803,190365900,,cycles,52493107,100.00,,
125.130643320,32660,,rD044,52133570,100.00,,
125.130643320,818791,,rFF44,52127150,100.00,,
125.130643320,776682194,,instructions,52121990,100.00,4.11,insn per cycle
125.130643320,188901882,,cycles,52116980,100.00,,
125.230817256,1931,,rD044,50395960,100.00,,
125.230817256,783485,,rFF44,50398950,100.00,,
125.230817256,755880113,,instructions,50398950,100.00,4.15,insn per cycle
125.230817256,182176284,,cycles,50398950,100.00,,
125.331002392,32639,,rD044,50693079,100.00,,
125.331002392,806272,,rFF44,50696550,100.00,,
125.331002392,756280096,,instructions,50700380,100.00,4.13,insn per cycle
125.331002392,183331013,,cycles,50700380,100.00,,
125.431190229,32527,,rD044,52232011,100.00,,
125.431190229,808988,,rFF44,52231190,100.00,,
125.431190229,789180470,,instructions,52231880,100.00,4.17,insn per cycle
125.431190229,189350413,,cycles,52236780,100.00,,
125.531377595,32401,,rD044,52493137,100.00,,
125.531377595,807115,,rFF44,52492887,100.00,,
125.531377595,787671672,,instructions,52493047,100.00,4.14,insn per cycle
125.531377595,190325170,,cycles,52493057,100.00,,
125.631564661,32549,,rD044,51107475,100.00,,
125.631564661,781426,,rFF44,51106475,100.00,,
125.631564661,763424812,,instructions,51101795,100.00,4.13,insn per cycle
125.631564661,184961882,,cycles,51096885,100.00,,
125.731766988,32451,,rD044,50954380,100.00,,
125.731766988,824037,,rFF44,50953360,100.00,,
125.731766988,759493371,,instructions,50953360,100.00,4.12,insn per cycle
125.731766988,184333679,,cycles,50953360,100.00,,
125.831952484,32439,,rD044,50999511,100.00,,
125.831952484,804464,,rFF44,50996141,100.00,,
125.831952484,754820326,,instructions,50996141,100.00,4.09,insn per cycle
125.831952484,184499418,,cycles,50996141,100.00,,
125.932127130,32760,,rD044,52492055,100.00,,
125.932127130,806430,,rFF44,52497655,100.00,,
125.932127130,787292996,,instructions,52502155,100.00,4.14,insn per cycle
125.932127130,190346524,,cycles,52506615,100.00,,
126.032317507,1702,,rD044,52458740,100.00,,
126.032317507,769447,,rFF44,52458370,100.00,,
126.032317507,789423814,,instructions,52458490,100.00,4.15,insn per cycle
126.032317507,190195857,,cycles,52459100,100.00,,
126.132506463,32347,,rD044,51217118,100.00,,
126.132506463,813539,,rFF44,51216408,100.00,,
126.132506463,767429419,,instructions,51217288,100.00,4.14,insn per cycle
126.132506463,185408959,,cycles,51212218,100.00,,
126.232693839,33204,,rD044,50775161,100.00,,
126.232693839,824602,,rFF44,50770641,100.00,,
126.232693839,754794714,,instructions,50765141,100.00,4.11,insn per cycle
126.232693839,183547803,,cycles,50765141,100.00,,
126.332870615,32862,,rD044,51151834,100.00,,
126.332870615,824242,,rFF44,51151834,100.00,,
126.332870615,760587329,,instructions,51151834,100.00,4.11,insn per cycle
126.332870615,185093487,,cycles,51151834,100.00,,
126.433046112,32705,,rD044,52482229,100.00,,
126.433046112,765797,,rFF44,52487449,100.00,,
126.433046112,777202073,,instructions,52492269,100.00,4.08,insn per cycle
126.433046112,190336821,,cycles,52496989,100.00,,
126.533235028,32315,,rD044,52146606,100.00,,
126.533235028,805902,,rFF44,52147646,100.00,,
126.533235028,773551266,,instructions,52146866,100.00,4.09,insn per cycle
126.533235028,189055017,,cycles,52147756,100.00,,
126.633422244,32486,,rD044,52285080,100.00,,
126.633422244,804299,,rFF44,52284180,100.00,,
126.633422244,766436606,,instructions,52285180,100.00,4.04,insn per cycle
126.633422244,189514588,,cycles,52284350,100.00,,
126.733624301,32829,,rD044,52363855,100.00,,
126.733624301,807066,,rFF44,52364135,100.00,,
126.733624301,774379774,,instructions,52364165,100.00,4.08,insn per cycle
126.733624301,189811818,,cycles,52364575,100.00,,
126.833814527,1842,,rD044,51036029,100.00,,
126.833814527,790300,,rFF44,51030389,100.00,,
126.833814527,753659029,,instructions,51025319,100.00,4.08,insn per cycle
126.833814527,184642356,,cycles,51020129,100.00,,
126.933988103,32679,,rD044,51817892,100.00,,
126.933988103,810326,,rFF44,51817892,100.00,,
126.933988103,762645584,,instructions,51817892,100.00,4.06,insn per cycle
126.933988103,187619214,,cycles,51817892,100.00,,
127.034159609,32752,,rD044,51865404,100.00,,
127.034159609,805365,,rFF44,51865404,100.00,,
127.034159609,760346753,,instructions,51865404,100.00,4.05,insn per cycle
127.034159609,187840983,,cycles,51865404,100.00,,
127.134330936,32566,,rD044,51791352,100.00,,
127.134330936,809791,,rFF44,51791352,100.00,,
127.134330936,760479013,,instructions,51791352,100.00,4.05,insn per cycle
127.134330936,187602707,,cycles,51791352,100.00,,
127.234504792,32413,,rD044,52339827,100.00,,
127.234504792,781534,,rFF44,52344888,100.00,,
127.234504792,776793237,,instructions,52350388,100.00,4.09,insn per cycle
127.234504792,189721290,,cycles,52355448,100.00,,
127.334695388,32783,,rD044,52555487,100.00,,
127.334695388,814340,,rFF44,52555936,100.00,,
127.334695388,780449475,,instructions,52555076,100.00,4.10,insn per cycle
127.334695388,190562435,,cycles,52554786,100.00,,
127.434883575,32478,,rD044,52601589,100.00,,
127.434883575,832578,,rFF44,52601469,100.00,,
127.434883575,781015786,,instructions,52601529,100.00,4.09,insn per cycle
127.434883575,190726194,,cycles,52602099,100.00,,
127.535072981,32445,,rD044,52104585,100.00,,
127.535072981,812807,,rFF44,52104515,100.00,,
127.535072981,774597625,,instructions,52104205,100.00,4.10,insn per cycle
127.535072981,188855878,,cycles,52103755,100.00,,
127.635259637,2048,,rD044,48960378,100.00,,
127.635259637,780189,,rFF44,48960618,100.00,,
127.635259637,714012824,,instructions,48960958,100.00,4.04,insn per cycle
127.635259637,176729728,,cycles,48961698,100.00,,
127.735451934,32335,,rD044,51580912,100.00,,
127.735451934,812731,,rFF44,51580732,100.00,,
127.735451934,767284157,,instructions,51580622,100.00,4.11,insn per cycle
127.735451934,186905043,,cycles,51579652,100.00,,
127.835640290,32385,,rD044,52172775,100.00,,
127.835640290,806792,,rFF44,52172995,100.00,,
127.835640290,780717891,,instructions,52172795,100.00,4.13,insn per cycle
127.835640290,189124332,,cycles,52173255,100.00,,
127.935833437,32231,,rD044,51810737,100.00,,
127.935833437,784925,,rFF44,51805137,100.00,,
127.935833437,774896461,,instructions,51800717,100.00,4.13,insn per cycle
127.935833437,187685065,,cycles,51795597,100.00,,
128.036009053,32438,,rD044,50795429,100.00,,
128.036009053,771564,,rFF44,50802599,100.00,,
128.036009053,753778068,,instructions,50807819,100.00,4.10,insn per cycle
128.036009053,183765920,,cycles,50807819,100.00,,
128.136195569,32237,,rD044,50771654,100.00,,
128.136195569,790546,,rFF44,50764484,100.00,,
128.136195569,756627091,,instructions,50759264,100.00,4.12,insn per cycle
128.136195569,183564882,,cycles,50759264,100.00,,
128.236370995,32416,,rD044,51271434,100.00,,
128.236370995,789498,,rFF44,51276884,100.00,,
128.236370995,759705478,,instructions,51281354,100.00,4.09,insn per cycle
128.236370995,185689731,,cycles,51286684,100.00,,
128.336560012,1688,,rD044,52498348,100.00,,
128.336560012,764134,,rFF44,52498508,100.00,,
128.336560012,786563148,,instructions,52498348,100.00,4.13,insn per cycle
128.336560012,190345401,,cycles,52497628,100.00,,
128.436765248,32899,,rD044,52223713,100.00,,
128.436765248,786676,,rFF44,52223973,100.00,,
128.436765248,778418669,,instructions,52224053,100.00,4.11,insn per cycle
128.436765248,189312155,,cycles,52224283,100.00,,
128.536953374,32305,,rD044,52117347,100.00,,
128.536953374,808537,,rFF44,52116477,100.00,,
128.536953374,768124649,,instructions,52116247,100.00,4.07,insn per cycle
128.536953374,188903024,,cycles,52116807,100.00,,
128.637142501,32308,,rD044,51250424,100.00,,
128.637142501,801119,,rFF44,51245424,100.00,,
128.637142501,758438649,,instructions,51241264,100.00,4.09,insn per cycle
128.637142501,185547176,,cycles,51235864,100.00,,
128.737318127,32524,,rD044,51069240,100.00,,
128.737318127,751109,,rFF44,51069240,100.00,,
128.737318127,755431419,,instructions,51069240,100.00,4.09,insn per cycle
128.737318127,184817907,,cycles,51069240,100.00,,
128.837492633,32132,,rD044,50964531,100.00,,
128.837492633,782360,,rFF44,50964531,100.00,,
128.837492633,752017312,,instructions,50964531,100.00,4.08,insn per cycle
128.837492633,184393211,,cycles,50964531,100.00,,
128.937672849,32500,,rD044,51215300,100.00,,
128.937672849,797522,,rFF44,51220510,100.00,,
128.937672849,756927120,,instructions,51225120,100.00,4.08,insn per cycle
128.937672849,185395057,,cycles,51230290,100.00,,
129.037862515,32231,,rD044,52270729,100.00,,
129.037862515,781442,,rFF44,52270559,100.00,,
129.037862515,775496222,,instructions,52270989,100.00,4.09,insn per cycle
129.037862515,189536957,,cycles,52271739,100.00,,
129.138051311,2049,,rD044,52499351,100.00,,
129.138051311,773385,,rFF44,52499891,100.00,,
129.138051311,781645770,,instructions,52500131,100.00,4.11,insn per cycle
129.138051311,190336147,,cycles,52498741,100.00,,
129.238241337,32479,,rD044,51977277,100.00,,
129.238241337,792733,,rFF44,51971697,100.00,,
129.238241337,772661515,,instructions,51966417,100.00,4.10,insn per cycle
129.238241337,188336930,,cycles,51961887,100.00,,
129.338414452,32332,,rD044,51198763,100.00,,
129.338414452,781682,,rFF44,51198763,100.00,,
129.338414452,756118165,,instructions,51198763,100.00,4.08,insn per cycle
129.338414452,185307102,,cycles,51198763,100.00,,
129.438587128,32367,,rD044,51116532,100.00,,
129.438587128,756121,,rFF44,51116532,100.00,,
129.438587128,759603681,,instructions,51116532,100.00,4.11,insn per cycle
129.438587128,184970024,,cycles,51116532,100.00,,
129.538784324,32255,,rD044,51505840,100.00,,
129.538784324,789158,,rFF44,51505840,100.00,,
129.538784324,755312769,,instructions,51505840,100.00,4.05,insn per cycle
129.538784324,186484559,,cycles,51505840,100.00,,
129.638957050,32401,,rD044,51629050,100.00,,
129.638957050,789037,,rFF44,51634350,100.00,,
129.638957050,764300315,,instructions,51638880,100.00,4.09,insn per cycle
129.638957050,187088018,,cycles,51644180,100.00,,
129.739145636,32256,,rD044,52192367,100.00,,
129.739145636,801634,,rFF44,52192607,100.00,,
129.739145636,775861997,,instructions,52192857,100.00,4.10,insn per cycle
129.739145636,189199878,,cycles,52192307,100.00,,
129.839334312,2113,,rD044,52486536,100.00,,
129.839334312,756456,,rFF44,52486656,100.00,,
129.839334312,785924132,,instructions,52486296,100.00,4.13,insn per cycle
129.839334312,190305491,,cycles,52486416,100.00,,
129.939524208,32330,,rD044,52018028,100.00,,
129.939524208,782300,,rFF44,52012368,100.00,,
129.939524208,768815480,,instructions,52007948,100.00,4.08,insn per cycle
129.939524208,188464114,,cycles,52003078,100.00,,
130.039700534,32457,,rD044,50998516,100.00,,
130.039700534,781960,,rFF44,50998516,100.00,,
130.039700534,753634151,,instructions,50998516,100.00,4.08,insn per cycle
130.039700534,184590377,,cycles,50998516,100.00,,
130.139871760,32408,,rD044,51370052,100.00,,
130.139871760,791858,,rFF44,51370052,100.00,,
130.139871760,760365817,,instructions,51370052,100.00,4.09,insn per cycle
130.139871760,185968611,,cycles,51370052,100.00,,
130.240053865,32045,,rD044,51034582,100.00,,
130.240053865,761255,,rFF44,51034582,100.00,,
130.240053865,757196548,,instructions,51034582,100.00,4.10,insn per cycle
130.240053865,184666291,,cycles,51034582,100.00,,
130.340227371,32493,,rD044,51532927,100.00,,
130.340227371,803664,,rFF44,51538317,100.00,,
130.340227371,759002681,,instructions,51542747,100.00,4.07,insn per cycle
130.340227371,186645480,,cycles,51547627,100.00,,
130.440414867,32465,,rD044,52388953,100.00,,
130.440414867,789124,,rFF44,52388683,100.00,,
130.440414867,777925315,,instructions,52389073,100.00,4.10,insn per cycle
130.440414867,189924673,,cycles,52389043,100.00,,
130.540601953,32189,,rD044,52252852,100.00,,
130.540601953,791653,,rFF44,52253322,100.00,,
130.540601953,819364866,,instructions,52253932,100.00,4.33,insn per cycle
130.540601953,189442037,,cycles,52254232,100.00,,
130.640803259,32462,,rD044,51323796,100.00,,
130.640803259,802281,,rFF44,51318206,100.00,,
130.640803259,795692031,,instructions,51312776,100.00,4.28,insn per cycle
130.640803259,185729987,,cycles,51307626,100.00,,
130.740977555,1786,,rD044,50070462,100.00,,
130.740977555,773418,,rFF44,50070462,100.00,,
130.740977555,776999281,,instructions,50070462,100.00,4.29,insn per cycle
130.740977555,180932476,,cycles,50070462,100.00,,
130.841151821,32454,,rD044,51584333,100.00,,
130.841151821,825904,,rFF44,51589503,100.00,,
130.841151821,796790548,,instructions,51594733,100.00,4.27,insn per cycle
130.841151821,186795094,,cycles,51599904,100.00,,
130.941339937,32609,,rD044,52501601,100.00,,
130.941339937,805313,,rFF44,52501461,100.00,,
130.941339937,802209123,,instructions,52500791,100.00,4.21,insn per cycle
130.941339937,190364026,,cycles,52500840,100.00,,
131.041528243,32421,,rD044,51246765,100.00,,
131.041528243,790595,,rFF44,51247515,100.00,,
131.041528243,783149839,,instructions,51242955,100.00,4.22,insn per cycle
131.041528243,185492916,,cycles,51237735,100.00,,
131.141709278,32288,,rD044,50672157,100.00,,
131.141709278,795290,,rFF44,50666377,100.00,,
131.141709278,761929322,,instructions,50666377,100.00,4.16,insn per cycle
131.141709278,183204890,,cycles,50666377,100.00,,
131.241882494,32279,,rD044,51034160,100.00,,
131.241882494,772860,,rFF44,51039190,100.00,,
131.241882494,785976896,,instructions,51044380,100.00,4.26,insn per cycle
131.241882494,184685692,,cycles,51049430,100.00,,
131.342069940,32346,,rD044,52386814,100.00,,
131.342069940,812944,,rFF44,52388174,100.00,,
131.342069940,831183753,,instructions,52387864,100.00,4.38,insn per cycle
131.342069940,189927055,,cycles,52387484,100.00,,
131.442259956,32220,,rD044,49526549,100.00,,
131.442259956,815449,,rFF44,49520159,100.00,,
131.442259956,790098705,,instructions,49515279,100.00,4.42,insn per cycle
131.442259956,178779644,,cycles,49510609,100.00,,
131.542432792,32392,,rD044,50983757,100.00,,
131.542432792,823927,,rFF44,50989177,100.00,,
131.542432792,822610487,,instructions,50993707,100.00,4.46,insn per cycle
131.542432792,184441091,,cycles,50998397,100.00,,
131.642622898,32308,,rD044,50733445,100.00,,
131.642622898,796916,,rFF44,50728025,100.00,,
131.642622898,823517821,,instructions,50723495,100.00,4.49,insn per cycle
131.642622898,183562709,,cycles,50718805,100.00,,
131.742796073,32455,,rD044,49221954,100.00,,
131.742796073,801944,,rFF44,49227214,100.00,,
131.742796073,792069252,,instructions,49232194,100.00,4.46,insn per cycle
131.742796073,177678509,,cycles,49237504,100.00,,
131.842985199,32381,,rD044,52174296,100.00,,
131.842985199,811406,,rFF44,52169036,100.00,,
131.842985199,854941067,,instructions,52164056,100.00,4.52,insn per cycle
131.842985199,189059042,,cycles,52158746,100.00,,
131.943160995,32253,,rD044,49035373,100.00,,
131.943160995,825214,,rFF44,49038503,100.00,,
131.943160995,788193371,,instructions,49038503,100.00,4.46,insn per cycle
131.943160995,176919640,,cycles,49038503,100.00,,
132.043344931,32444,,rD044,51235003,100.00,,
132.043344931,826735,,rFF44,51237713,100.00,,
132.043344931,832533311,,instructions,51243273,100.00,4.49,insn per cycle
132.043344931,185457416,,cycles,51248223,100.00,,
132.143534057,32307,,rD044,50229178,100.00,,
132.143534057,799374,,rFF44,50223338,100.00,,
132.143534057,813434772,,instructions,50217778,100.00,4.48,insn per cycle
132.143534057,181543157,,cycles,50212828,100.00,,
132.243708223,32075,,rD044,49685532,100.00,,
132.243708223,814988,,rFF44,49691312,100.00,,
132.243708223,801657678,,instructions,49696092,100.00,4.47,insn per cycle
132.243708223,179498616,,cycles,49700942,100.00,,
132.343899239,32278,,rD044,51524120,100.00,,
132.343899239,799747,,rFF44,51518340,100.00,,
132.343899239,844433296,,instructions,51513560,100.00,4.53,insn per cycle
132.343899239,186570685,,cycles,51508710,100.00,,
132.444077285,1607,,rD044,48755479,100.00,,
132.444077285,777366,,rFF44,48760659,100.00,,
132.444077285,790285529,,instructions,48765479,100.00,4.50,insn per cycle
132.444077285,175813958,,cycles,48770139,100.00,,
132.544266051,32521,,rD044,51616649,100.00,,
132.544266051,812378,,rFF44,51611469,100.00,,
132.544266051,841065535,,instructions,51606649,100.00,4.50,insn per cycle
132.544266051,186926248,,cycles,51601989,100.00,,
132.644443986,32434,,rD044,48613197,100.00,,
132.644443986,823204,,rFF44,48619157,100.00,,
132.644443986,778163334,,instructions,48623587,100.00,4.44,insn per cycle
132.644443986,175263146,,cycles,48628247,100.00,,
132.744631912,32427,,rD044,49416757,100.00,,
132.744631912,803628,,rFF44,49415747,100.00,,
132.744631912,795478444,,instructions,49416017,100.00,4.46,insn per cycle
132.744631912,178467277,,cycles,49417057,100.00,,
132.844825058,32216,,rD044,50888411,100.00,,
132.844825058,841260,,rFF44,50883461,100.00,,
132.844825058,829235210,,instructions,50878761,100.00,4.50,insn per cycle
132.844825058,184213376,,cycles,50873061,100.00,,
132.944999174,32645,,rD044,48837390,100.00,,
132.944999174,853735,,rFF44,48837390,100.00,,
132.944999174,779648376,,instructions,48837390,100.00,4.43,insn per cycle
132.944999174,176056990,,cycles,48837390,100.00,,
133.045172190,32438,,rD044,51949454,100.00,,
133.045172190,835567,,rFF44,51953134,100.00,,
133.045172190,847379747,,instructions,51953134,100.00,4.50,insn per cycle
133.045172190,188239220,,cycles,51953134,100.00,,
133.145355276,32241,,rD044,49009205,100.00,,
133.145355276,858930,,rFF44,49011045,100.00,,
133.145355276,791055854,,instructions,49015915,100.00,4.48,insn per cycle
133.145355276,176757005,,cycles,49021235,100.00,,
133.245547042,32370,,rD044,51087762,100.00,,
133.245547042,835338,,rFF44,51082242,100.00,,
133.245547042,825442650,,instructions,51077372,100.00,4.47,insn per cycle
133.245547042,184843905,,cycles,51072052,100.00,,
133.345735908,32578,,rD044,49721212,100.00,,
133.345735908,793842,,rFF44,49726282,100.00,,
133.345735908,764928029,,instructions,49730692,100.00,4.26,insn per cycle
133.345735908,179552104,,cycles,49736072,100.00,,
133.445924293,32763,,rD044,51809835,100.00,,
133.445924293,821533,,rFF44,51804765,100.00,,
133.445924293,811719761,,instructions,51800355,100.00,4.33,insn per cycle
133.445924293,187680478,,cycles,51794975,100.00,,
133.546098799,32660,,rD044,50017458,100.00,,
133.546098799,824926,,rFF44,50017458,100.00,,
133.546098799,751098351,,instructions,50017458,100.00,4.16,insn per cycle
133.546098799,180667031,,cycles,50017458,100.00,,
133.646269295,32856,,rD044,51570726,100.00,,
133.646269295,828581,,rFF44,51575906,100.00,,
133.646269295,780385521,,instructions,51580606,100.00,4.18,insn per cycle
133.646269295,186714194,,cycles,51585486,100.00,,
133.746456871,1806,,rD044,52120334,100.00,,
133.746456871,790149,,rFF44,52115154,100.00,,
133.746456871,787785688,,instructions,52110454,100.00,4.17,insn per cycle
133.746456871,188870919,,cycles,52105574,100.00,,
133.846632947,32286,,rD044,50279340,100.00,,
133.846632947,818363,,rFF44,50279340,100.00,,
133.846632947,745918263,,instructions,50279340,100.00,4.11,insn per cycle
133.846632947,181662638,,cycles,50279340,100.00,,
133.946806342,32946,,rD044,51332112,100.00,,
133.946806342,822512,,rFF44,51337042,100.00,,
133.946806342,767663570,,instructions,51341822,100.00,4.13,insn per cycle
133.946806342,185791395,,cycles,51346692,100.00,,
134.046995088,32703,,rD044,52230563,100.00,,
134.046995088,788408,,rFF44,52225633,100.00,,
134.046995088,804604140,,instructions,52220853,100.00,4.25,insn per cycle
134.046995088,189277298,,cycles,52215983,100.00,,
134.147173024,32512,,rD044,50105186,100.00,,
134.147173024,827855,,rFF44,50105186,100.00,,
134.147173024,752845717,,instructions,50105186,100.00,4.16,insn per cycle
134.147173024,180967331,,cycles,50105186,100.00,,
134.247347870,32332,,rD044,51346361,100.00,,
134.247347870,834883,,rFF44,51351881,100.00,,
134.247347870,779919692,,instructions,51356031,100.00,4.20,insn per cycle
134.247347870,185914599,,cycles,51360931,100.00,,
134.347537006,32474,,rD044,52263516,100.00,,
134.347537006,820059,,rFF44,52257996,100.00,,
134.347537006,791312265,,instructions,52253846,100.00,4.18,insn per cycle
134.347537006,189393039,,cycles,52248946,100.00,,
134.447711361,1950,,rD044,51097457,100.00,,
134.447711361,764351,,rFF44,51097457,100.00,,
134.447711361,759671982,,instructions,51097457,100.00,4.11,insn per cycle
134.447711361,184860413,,cycles,51097457,100.00,,
134.547884567,32356,,rD044,50958012,100.00,,
134.547884567,810475,,rFF44,50958012,100.00,,
134.547884567,755538988,,instructions,50958012,100.00,4.10,insn per cycle
134.547884567,184297142,,cycles,50958012,100.00,,
134.648057073,33001,,rD044,51181582,100.00,,
134.648057073,783169,,rFF44,51187212,100.00,,
134.648057073,767617659,,instructions,51193172,100.00,4.14,insn per cycle
134.648057073,185266821,,cycles,51197952,100.00,,
134.748248469,32309,,rD044,52608136,100.00,,
134.748248469,815143,,rFF44,52608206,100.00,,
134.748248469,796063779,,instructions,52606706,100.00,4.17,insn per cycle
134.748248469,190757544,,cycles,52607296,100.00,,
134.848436465,32627,,rD044,50686551,100.00,,
134.848436465,839399,,rFF44,50680851,100.00,,
134.848436465,767880454,,instructions,50676391,100.00,4.19,insn per cycle
134.848436465,183251620,,cycles,50671021,100.00,,
134.948619860,1970,,rD044,50671284,100.00,,
134.948619860,792600,,rFF44,50677564,100.00,,
134.948619860,747386039,,instructions,50682674,100.00,4.08,insn per cycle
134.948619860,183212912,,cycles,50687534,100.00,,
135.048802556,32577,,rD044,52421741,100.00,,
135.048802556,795613,,rFF44,52420951,100.00,,
135.048802556,777227150,,instructions,52420731,100.00,4.09,insn per cycle
135.048802556,190035303,,cycles,52420221,100.00,,
135.148986242,32343,,rD044,51509407,100.00,,
135.148986242,810543,,rFF44,51503917,100.00,,
135.148986242,780822848,,instructions,51499027,100.00,4.19,insn per cycle
135.148986242,186478111,,cycles,51494677,100.00,,
135.249160748,32458,,rD044,49767956,100.00,,
135.249160748,830973,,rFF44,49774256,100.00,,
135.249160748,752612357,,instructions,49774256,100.00,4.19,insn per cycle
135.249160748,179683937,,cycles,49774256,100.00,,
135.349344864,32655,,rD044,52199087,100.00,,
135.349344864,838748,,rFF44,52198317,100.00,,
135.349344864,808517957,,instructions,52203147,100.00,4.27,insn per cycle
135.349344864,189181770,,cycles,52207887,100.00,,
135.449535960,32525,,rD044,50599171,100.00,,
135.449535960,794586,,rFF44,50596931,100.00,,
135.449535960,780313282,,instructions,50592101,100.00,4.26,insn per cycle
135.449535960,182976194,,cycles,50587361,100.00,,
135.549738586,32680,,rD044,49995431,100.00,,
135.549738586,829257,,rFF44,49997751,100.00,,
135.549738586,779781633,,instructions,50002801,100.00,4.32,insn per cycle
135.549738586,180598813,,cycles,50007981,100.00,,
135.649923782,32511,,rD044,51218652,100.00,,
135.649923782,825103,,rFF44,51213042,100.00,,
135.649923782,801132121,,instructions,51207992,100.00,4.32,insn per cycle
135.649923782,185334988,,cycles,51202812,100.00,,
135.750099138,1981,,rD044,49475547,100.00,,
135.750099138,791116,,rFF44,49475547,100.00,,
135.750099138,749737852,,instructions,49475547,100.00,4.20,insn per cycle
135.750099138,178522937,,cycles,49475547,100.00,,
135.850271353,32391,,rD044,52185098,100.00,,
135.850271353,807633,,rFF44,52190248,100.00,,
135.850271353,785758578,,instructions,52195158,100.00,4.15,insn per cycle
135.850271353,189199176,,cycles,52200078,100.00,,
135.950461989,32688,,rD044,51354006,100.00,,
135.950461989,821074,,rFF44,51348856,100.00,,
135.950461989,771829704,,instructions,51343946,100.00,4.15,insn per cycle
135.950461989,185872747,,cycles,51339026,100.00,,
136.050633695,32816,,rD044,50152803,100.00,,
136.050633695,816879,,rFF44,50152803,100.00,,
136.050633695,758609157,,instructions,50152803,100.00,4.19,insn per cycle
136.050633695,181116559,,cycles,50152803,100.00,,
136.150802831,32808,,rD044,52267740,100.00,,
136.150802831,763456,,rFF44,52273620,100.00,,
136.150802831,797497277,,instructions,52278610,100.00,4.21,insn per cycle
136.150802831,189487052,,cycles,52283800,100.00,,
136.250995917,32766,,rD044,51416222,100.00,,
136.250995917,795389,,rFF44,51410342,100.00,,
136.250995917,780793149,,instructions,51405352,100.00,4.20,insn per cycle
136.250995917,186095425,,cycles,51400162,100.00,,
136.351169663,32658,,rD044,49335213,100.00,,
136.351169663,835676,,rFF44,49340593,100.00,,
136.351169663,763351332,,instructions,49345113,100.00,4.29,insn per cycle
136.351169663,178082730,,cycles,49350723,100.00,,
136.451364528,32585,,rD044,51455496,100.00,,
136.451364528,838318,,rFF44,51450116,100.00,,
136.451364528,809785092,,instructions,51452756,100.00,4.35,insn per cycle
136.451364528,186258773,,cycles,51451976,100.00,,
136.551554384,1902,,rD044,49442200,100.00,,
136.551554384,808107,,rFF44,49448250,100.00,,
136.551554384,774318842,,instructions,49445990,100.00,4.34,insn per cycle
136.551554384,178394939,,cycles,49446910,100.00,,
136.651755051,32596,,rD044,51073022,100.00,,
136.651755051,818962,,rFF44,51066972,100.00,,
136.651755051,792653819,,instructions,51062072,100.00,4.29,insn per cycle
136.651755051,184778213,,cycles,51056322,100.00,,
136.751930746,32400,,rD044,50108255,100.00,,
136.751930746,809530,,rFF44,50108255,100.00,,
136.751930746,750672451,,instructions,50108255,100.00,4.15,insn per cycle
136.751930746,181021661,,cycles,50108255,100.00,,
136.852104262,32560,,rD044,51896833,100.00,,
136.852104262,799291,,rFF44,51902403,100.00,,
136.852104262,768329156,,instructions,51907373,100.00,4.09,insn per cycle
136.852104262,188062751,,cycles,51912143,100.00,,
136.952295598,32707,,rD044,52583917,100.00,,
136.952295598,772502,,rFF44,52583697,100.00,,
136.952295598,792512496,,instructions,52583127,100.00,4.16,insn per cycle
136.952295598,190669760,,cycles,52583217,100.00,,
137.052487804,32470,,rD044,50428308,100.00,,
137.052487804,815617,,rFF44,50422958,100.00,,
137.052487804,747960057,,instructions,50418558,100.00,4.10,insn per cycle
137.052487804,182242530,,cycles,50413698,100.00,,
137.152661980,33045,,rD044,50799302,100.00,,
137.152661980,824380,,rFF44,50799302,100.00,,
137.152661980,747084753,,instructions,50799302,100.00,4.07,insn per cycle
137.152661980,183647970,,cycles,50799302,100.00,,
137.252836385,1783,,rD044,51878534,100.00,,
137.252836385,762657,,rFF44,51884124,100.00,,
137.252836385,768940840,,instructions,51889224,100.00,4.09,insn per cycle
137.252836385,187986851,,cycles,51894224,100.00,,
137.353024141,32826,,rD044,52656007,100.00,,
137.353024141,808002,,rFF44,52655577,100.00,,
137.353024141,791983423,,instructions,52655167,100.00,4.15,insn per cycle
137.353024141,190927473,,cycles,52655297,100.00,,
137.453212487,32558,,rD044,50781408,100.00,,
137.453212487,815430,,rFF44,50776248,100.00,,
137.453212487,761374632,,instructions,50771558,100.00,4.15,insn per cycle
137.453212487,183635406,,cycles,50766428,100.00,,
137.553385853,32432,,rD044,49886003,100.00,,
137.553385853,798644,,rFF44,49891593,100.00,,
137.553385853,757181649,,instructions,49895693,100.00,4.20,insn per cycle
137.553385853,180184892,,cycles,49900283,100.00,,
137.653573829,32398,,rD044,52373625,100.00,,
137.653573829,825882,,rFF44,52373475,100.00,,
137.653573829,799408053,,instructions,52374585,100.00,4.21,insn per cycle
137.653573829,189889864,,cycles,52374725,100.00,,
137.753773055,32689,,rD044,51692097,100.00,,
137.753773055,813412,,rFF44,51686657,100.00,,
137.753773055,771746953,,instructions,51681447,100.00,4.12,insn per cycle
137.753773055,187164261,,cycles,51676717,100.00,,
137.853953681,32685,,rD044,50985379,100.00,,
137.853953681,817250,,rFF44,50985379,100.00,,
137.853953681,753946871,,instructions,50985379,100.00,4.09,insn per cycle
137.853953681,184416004,,cycles,50985379,100.00,,
137.955423351,1902,,rD044,51752061,100.00,,
137.955423351,789578,,rFF44,51757551,100.00,,
137.955423351,785678210,,instructions,51762291,100.00,4.19,insn per cycle
137.955423351,187291141,,cycles,51767591,100.00,,
138.055622087,32514,,rD044,52246687,100.00,,
138.055622087,819589,,rFF44,52241197,100.00,,
138.055622087,793013926,,instructions,52236457,100.00,4.19,insn per cycle
138.055622087,189336736,,cycles,52231157,100.00,,
138.155796793,33033,,rD044,50354659,100.00,,
138.155796793,828634,,rFF44,50354659,100.00,,
138.155796793,750516751,,instructions,50362409,100.00,4.12,insn per cycle
138.155796793,182019252,,cycles,50365859,100.00,,
138.255986909,32449,,rD044,50702402,100.00,,
138.255986909,790295,,rFF44,50702402,100.00,,
138.255986909,750753956,,instructions,50694652,100.00,4.09,insn per cycle
138.255986909,183345537,,cycles,50691202,100.00,,
138.356166545,32429,,rD044,52434569,100.00,,
138.356166545,816812,,rFF44,52439719,100.00,,
138.356166545,791087808,,instructions,52444369,100.00,4.16,insn per cycle
138.356166545,190077113,,cycles,52449449,100.00,,
138.456356301,32736,,rD044,51332492,100.00,,
138.456356301,811493,,rFF44,51327342,100.00,,
138.456356301,776478150,,instructions,51322692,100.00,4.18,insn per cycle
138.456356301,185833879,,cycles,51325932,100.00,,
138.556534867,32797,,rD044,49148330,100.00,,
138.556534867,841633,,rFF44,49154490,100.00,,
138.556534867,752832449,,instructions,49158570,100.00,4.25,insn per cycle
138.556534867,177310176,,cycles,49155320,100.00,,
138.656738403,2087,,rD044,52036684,100.00,,
138.656738403,788145,,rFF44,52035994,100.00,,
138.656738403,806547465,,instructions,52036234,100.00,4.28,insn per cycle
138.656738403,188551284,,cycles,52031164,100.00,,
138.756929599,32725,,rD044,49670765,100.00,,
138.756929599,840569,,rFF44,49665295,100.00,,
138.756929599,751252727,,instructions,49660975,100.00,4.19,insn per cycle
138.756929599,179283891,,cycles,49660975,100.00,,
138.857105924,32272,,rD044,51491313,100.00,,
138.857105924,833357,,rFF44,51496233,100.00,,
138.857105924,791424085,,instructions,51501023,100.00,4.25,insn per cycle
138.857105924,186430775,,cycles,51505943,100.00,,
138.957295370,32477,,rD044,49983014,100.00,,
138.957295370,785965,,rFF44,49978094,100.00,,
138.957295370,779648055,,instructions,49981074,100.00,4.32,insn per cycle
138.957295370,180578002,,cycles,49980164,100.00,,
139.057485166,32419,,rD044,50724735,100.00,,
139.057485166,827239,,rFF44,50730805,100.00,,
139.057485166,786262719,,instructions,50728495,100.00,4.29,insn per cycle
139.057485166,183418988,,cycles,50728935,100.00,,
139.157677082,32366,,rD044,52142758,100.00,,
139.157677082,811561,,rFF44,52136688,100.00,,
139.157677082,788606209,,instructions,52131228,100.00,4.17,insn per cycle
139.157677082,188950706,,cycles,52126778,100.00,,
139.257852428,32466,,rD044,50377297,100.00,,
139.257852428,829913,,rFF44,50377297,100.00,,
139.257852428,755442341,,instructions,50377297,100.00,4.15,insn per cycle
139.257852428,182027004,,cycles,50377297,100.00,,
139.358027034,1731,,rD044,50699991,100.00,,
139.358027034,796063,,rFF44,50705281,100.00,,
139.358027034,767559655,,instructions,50709971,100.00,4.19,insn per cycle
139.358027034,183374892,,cycles,50714871,100.00,,
139.458218680,32562,,rD044,52606901,100.00,,
139.458218680,818567,,rFF44,52607541,100.00,,
139.458218680,802503359,,instructions,52608781,100.00,4.21,insn per cycle
139.458218680,190773000,,cycles,52608701,100.00,,
139.558412336,32622,,rD044,49405376,100.00,,
139.558412336,825350,,rFF44,49399446,100.00,,
139.558412336,759635540,,instructions,49393516,100.00,4.26,insn per cycle
139.558412336,178249632,,cycles,49388696,100.00,,
139.658587452,32574,,rD044,51397868,100.00,,
139.658587452,826752,,rFF44,51403608,100.00,,
139.658587452,808823778,,instructions,51408398,100.00,4.35,insn per cycle
139.658587452,186144398,,cycles,51426438,100.00,,
139.758791038,32698,,rD044,49753312,100.00,,
139.758791038,797443,,rFF44,49747572,100.00,,
139.758791038,764475979,,instructions,49742782,100.00,4.26,insn per cycle
139.758791038,179550654,,cycles,49724742,100.00,,
139.858964503,32721,,rD044,50802161,100.00,,
139.858964503,832101,,rFF44,50807881,100.00,,
139.858964503,771779412,,instructions,50812401,100.00,4.20,insn per cycle
139.858964503,183800416,,cycles,50817341,100.00,,
139.959151939,32182,,rD044,51894837,100.00,,
139.959151939,827180,,rFF44,51889117,100.00,,
139.959151939,798176855,,instructions,51884597,100.00,4.25,insn per cycle
139.959151939,187998362,,cycles,51879657,100.00,,
140.059327155,2132,,rD044,49433877,100.00,,
140.059327155,807388,,rFF44,49433877,100.00,,
140.059327155,752179370,,instructions,49433877,100.00,4.22,insn per cycle
140.059327155,178379187,,cycles,49433877,100.00,,
140.159503501,32510,,rD044,52002504,100.00,,
140.159503501,828168,,rFF44,52007974,100.00,,
140.159503501,819800111,,instructions,52012964,100.00,4.35,insn per cycle
140.159503501,188423562,,cycles,52017644,100.00,,
140.259692857,32537,,rD044,49205133,100.00,,
140.259692857,823319,,rFF44,49199663,100.00,,
140.259692857,755175671,,instructions,49194673,100.00,4.25,insn per cycle
140.259692857,177501108,,cycles,49189993,100.00,,
140.359866953,32620,,rD044,51645701,100.00,,
140.359866953,822139,,rFF44,51651031,100.00,,
140.359866953,786916543,,instructions,51655921,100.00,4.21,insn per cycle
140.359866953,187049173,,cycles,51660771,100.00,,
140.460059659,32595,,rD044,51273831,100.00,,
140.460059659,798660,,rFF44,51268501,100.00,,
140.460059659,782688234,,instructions,51263611,100.00,4.22,insn per cycle
140.460059659,185573619,,cycles,51258761,100.00,,
140.560234384,32441,,rD044,49909837,100.00,,
140.560234384,836952,,rFF44,49909837,100.00,,
140.560234384,750359141,,instructions,49909837,100.00,4.16,insn per cycle
140.560234384,180207148,,cycles,49909837,100.00,,
140.660407280,32328,,rD044,51811579,100.00,,
140.660407280,821527,,rFF44,51811579,100.00,,
140.660407280,810683504,,instructions,51811579,100.00,4.32,insn per cycle
140.660407280,187682025,,cycles,51811579,100.00,,
140.760579276,32710,,rD044,48717122,100.00,,
140.760579276,839547,,rFF44,48722642,100.00,,
140.760579276,755079157,,instructions,48728172,100.00,4.30,insn per cycle
140.760579276,175627489,,cycles,48732772,100.00,,
140.860782072,2033,,rD044,51252510,100.00,,
140.860782072,791288,,rFF44,51246990,100.00,,
140.860782072,789686154,,instructions,51241460,100.00,4.26,insn per cycle
140.860782072,185506845,,cycles,51236860,100.00,,
140.960957728,32382,,rD044,50460330,100.00,,
140.960957728,822391,,rFF44,50462770,100.00,,
140.960957728,744379619,,instructions,50462770,100.00,4.08,insn per cycle
140.960957728,182386721,,cycles,50462770,100.00,,
141.061137804,32498,,rD044,51336268,100.00,,
141.061137804,831238,,rFF44,51339528,100.00,,
141.061137804,762007679,,instructions,51344138,100.00,4.10,insn per cycle
141.061137804,185865146,,cycles,51349468,100.00,,
141.161328720,32317,,rD044,52359305,100.00,,
141.161328720,770760,,rFF44,52359345,100.00,,
141.161328720,785747040,,instructions,52359545,100.00,4.14,insn per cycle
141.161328720,189817930,,cycles,52358625,100.00,,
141.261515966,32409,,rD044,50817716,100.00,,
141.261515966,810765,,rFF44,50811976,100.00,,
141.261515966,751951182,,instructions,50807166,100.00,4.09,insn per cycle
141.261515966,183825080,,cycles,50802756,100.00,,
141.361692642,32384,,rD044,50545717,100.00,,
141.361692642,813980,,rFF44,50545717,100.00,,
141.361692642,745817428,,instructions,50545717,100.00,4.08,insn per cycle
141.361692642,182712357,,cycles,50545717,100.00,,
141.461867587,2006,,rD044,51721850,100.00,,
141.461867587,785417,,rFF44,51727140,100.00,,
141.461867587,774020388,,instructions,51732340,100.00,4.13,insn per cycle
141.461867587,187384421,,cycles,51737380,100.00,,
141.562057903,32600,,rD044,51992485,100.00,,
141.562057903,811508,,rFF44,51992875,100.00,,
141.562057903,776353135,,instructions,51991595,100.00,4.12,insn per cycle
141.562057903,188457562,,cycles,51991655,100.00,,
141.662246549,32354,,rD044,50855080,100.00,,
141.662246549,817445,,rFF44,50849400,100.00,,
141.662246549,752702647,,instructions,50845480,100.00,4.09,insn per cycle
141.662246549,183981294,,cycles,50840380,100.00,,
141.762418815,32460,,rD044,50004604,100.00,,
141.762418815,778822,,rFF44,50004604,100.00,,
141.762418815,758461124,,instructions,50004604,100.00,4.20,insn per cycle
141.762418815,180697705,,cycles,50004604,100.00,,
141.862601931,32828,,rD044,51221338,100.00,,
141.862601931,816565,,rFF44,51227368,100.00,,
141.862601931,791023684,,instructions,51231918,100.00,4.27,insn per cycle
141.862601931,185428164,,cycles,51236838,100.00,,
141.962803667,32188,,rD044,51300283,100.00,,
141.962803667,798280,,rFF44,51294253,100.00,,
141.962803667,783243921,,instructions,51289703,100.00,4.22,insn per cycle
141.962803667,185666335,,cycles,51284783,100.00,,
142.062976702,2037,,rD044,49940647,100.00,,
142.062976702,783508,,rFF44,49940647,100.00,,
142.062976702,754030595,,instructions,49940647,100.00,4.18,insn per cycle
142.062976702,180381335,,cycles,49940647,100.00,,
142.163151068,32485,,rD044,51639711,100.00,,
142.163151068,813440,,rFF44,51645111,100.00,,
142.163151068,786564535,,instructions,51649241,100.00,4.21,insn per cycle
142.163151068,187032812,,cycles,51653861,100.00,,
142.263337134,32437,,rD044,50564662,100.00,,
142.263337134,807088,,rFF44,50559262,100.00,,
142.263337134,777489120,,instructions,50555132,100.00,4.25,insn per cycle
142.263337134,182837968,,cycles,50550512,100.00,,
142.363510580,32888,,rD044,49697729,100.00,,
142.363510580,789265,,rFF44,49703569,100.00,,
142.363510580,767752701,,instructions,49708079,100.00,4.28,insn per cycle
142.363510580,179418325,,cycles,49712939,100.00,,
142.463702436,32588,,rD044,50437703,100.00,,
142.463702436,814014,,rFF44,50431863,100.00,,
142.463702436,774211795,,instructions,50427353,100.00,4.25,insn per cycle
142.463702436,182330106,,cycles,50422493,100.00,,
142.563875361,32296,,rD044,49886201,100.00,,
142.563875361,819723,,rFF44,49891471,100.00,,
142.563875361,759004459,,instructions,49896771,100.00,4.21,insn per cycle
142.563875361,180213802,,cycles,49901601,100.00,,
142.664063408,32136,,rD044,51718868,100.00,,
142.664063408,818259,,rFF44,51713598,100.00,,
142.664063408,796422145,,instructions,51708298,100.00,4.25,insn per cycle
142.664063408,187308334,,cycles,51703468,100.00,,
142.764242833,1671,,rD044,49345857,100.00,,
142.764242833,794436,,rFF44,49345857,100.00,,
142.764242833,765966394,,instructions,49345857,100.00,4.30,insn per cycle
142.764242833,178003479,,cycles,49345857,100.00,,
142.864416289,32637,,rD044,52276016,100.00,,
142.864416289,809418,,rFF44,52281466,100.00,,
142.864416289,812857289,,instructions,52285826,100.00,4.29,insn per cycle
142.864416289,189445181,,cycles,52291016,100.00,,
142.964605175,32784,,rD044,51585026,100.00,,
142.964605175,792198,,rFF44,51579576,100.00,,
142.964605175,792464786,,instructions,51575216,100.00,4.24,insn per cycle
142.964605175,186785905,,cycles,51570026,100.00,,
143.064794261,32161,,rD044,50164110,100.00,,
143.064794261,814871,,rFF44,50168880,100.00,,
143.064794261,764592056,,instructions,50168880,100.00,4.22,insn per cycle
143.064794261,181200754,,cycles,50168880,100.00,,
143.164980877,32297,,rD044,51363821,100.00,,
143.164980877,784762,,rFF44,51364421,100.00,,
143.164980877,802310108,,instructions,51369251,100.00,4.31,insn per cycle
143.164980877,185948633,,cycles,51374161,100.00,,
143.265168523,32311,,rD044,50466168,100.00,,
143.265168523,829761,,rFF44,50464388,100.00,,
143.265168523,809638192,,instructions,50459558,100.00,4.44,insn per cycle
143.265168523,182396900,,cycles,50454648,100.00,,
143.365356099,32746,,rD044,50044376,100.00,,
143.365356099,832703,,rFF44,50046106,100.00,,
143.365356099,771405511,,instructions,50051136,100.00,4.27,insn per cycle
143.365356099,180810873,,cycles,50055756,100.00,,
143.465547175,32743,,rD044,52621614,100.00,,
143.465547175,803733,,rFF44,52622394,100.00,,
143.465547175,806853202,,instructions,52623014,100.00,4.23,insn per cycle
143.465547175,190797764,,cycles,52623104,100.00,,
143.565749381,1757,,rD044,50353064,100.00,,
143.565749381,773588,,rFF44,50346964,100.00,,
143.565749381,760224744,,instructions,50341314,100.00,4.18,insn per cycle
143.565749381,181957801,,cycles,50336604,100.00,,
143.665925167,32376,,rD044,50422065,100.00,,
143.665925167,811368,,rFF44,50422065,100.00,,
143.665925167,755028015,,instructions,50422065,100.00,4.14,insn per cycle
143.665925167,182226736,,cycles,50422065,100.00,,
143.766097572,32418,,rD044,52325686,100.00,,
143.766097572,814106,,rFF44,52330966,100.00,,
143.766097572,794317677,,instructions,52335306,100.00,4.19,insn per cycle
143.766097572,189684898,,cycles,52340036,100.00,,
143.866287048,32558,,rD044,50448789,100.00,,
143.866287048,831358,,rFF44,50443509,100.00,,
143.866287048,790087790,,instructions,50439169,100.00,4.33,insn per cycle
143.866287048,182339430,,cycles,50434439,100.00,,
143.966463674,32763,,rD044,49951951,100.00,,
143.966463674,792812,,rFF44,49951951,100.00,,
143.966463674,809484964,,instructions,49951951,100.00,4.49,insn per cycle
143.966463674,180385861,,cycles,49951951,100.00,,
144.066640620,32547,,rD044,48432434,100.00,,
144.066640620,827364,,rFF44,48437634,100.00,,
144.066640620,766576080,,instructions,48442664,100.00,4.39,insn per cycle
144.066640620,174531698,,cycles,48447914,100.00,,
144.166830426,32411,,rD044,49979570,100.00,,
144.166830426,829163,,rFF44,49974370,100.00,,
144.166830426,787795359,,instructions,49969340,100.00,4.36,insn per cycle
144.166830426,180530725,,cycles,49964090,100.00,,
144.267004802,32367,,rD044,50280532,100.00,,
144.267004802,836248,,rFF44,50280532,100.00,,
144.267004802,798989985,,instructions,50280532,100.00,4.40,insn per cycle
144.267004802,181677492,,cycles,50280532,100.00,,
144.367188877,1806,,rD044,48842821,100.00,,
144.367188877,817327,,rFF44,48848331,100.00,,
144.367188877,791830910,,instructions,48852631,100.00,4.50,insn per cycle
144.367188877,176076033,,cycles,48857401,100.00,,
144.467382073,32488,,rD044,48238689,100.00,,
144.467382073,853162,,rFF44,48238339,100.00,,
144.467382073,771234991,,instructions,48238909,100.00,4.44,insn per cycle
144.467382073,173730407,,cycles,48239069,100.00,,
144.567571059,32603,,rD044,48277910,100.00,,
144.567571059,838820,,rFF44,48278030,100.00,,
144.567571059,770928174,,instructions,48277770,100.00,4.43,insn per cycle
144.567571059,173895974,,cycles,48277630,100.00,,
144.667774365,32560,,rD044,48557377,100.00,,
144.667774365,812609,,rFF44,48552097,100.00,,
144.667774365,781175156,,instructions,48547487,100.00,4.47,insn per cycle
144.667774365,174937993,,cycles,48542697,100.00,,
144.767946191,32493,,rD044,48355370,100.00,,
144.767946191,855056,,rFF44,48359550,100.00,,
144.767946191,777649680,,instructions,48359550,100.00,4.46,insn per cycle
144.767946191,174169163,,cycles,48359550,100.00,,
144.868129077,32496,,rD044,48025482,100.00,,
144.868129077,867220,,rFF44,48027122,100.00,,
144.868129077,772004931,,instructions,48031572,100.00,4.47,insn per cycle
144.868129077,172891702,,cycles,48036592,100.00,,
144.968317853,2075,,rD044,50105380,100.00,,
144.968317853,804498,,rFF44,50099560,100.00,,
144.968317853,774745013,,instructions,50095110,100.00,4.28,insn per cycle
144.968317853,181004545,,cycles,50090090,100.00,,
145.068491169,32851,,rD044,50355643,100.00,,
145.068491169,823176,,rFF44,50361253,100.00,,
145.068491169,764727484,,instructions,50366213,100.00,4.20,insn per cycle
145.068491169,182020910,,cycles,50371393,100.00,,
145.168681445,32553,,rD044,48050391,100.00,,
145.168681445,816131,,rFF44,48044781,100.00,,
145.168681445,729772698,,instructions,48039821,100.00,4.22,insn per cycle
145.168681445,173053001,,cycles,48034641,100.00,,
145.268853380,32531,,rD044,50639213,100.00,,
145.268853380,794532,,rFF44,50639213,100.00,,
145.268853380,780283892,,instructions,50639213,100.00,4.26,insn per cycle
145.268853380,183063315,,cycles,50639213,100.00,,
145.369028206,32721,,rD044,50308697,100.00,,
145.369028206,836211,,rFF44,50314267,100.00,,
145.369028206,764775827,,instructions,50318547,100.00,4.21,insn per cycle
145.369028206,181809802,,cycles,50323577,100.00,,
145.469217082,1832,,rD044,48164973,100.00,,
145.469217082,806050,,rFF44,48159403,100.00,,
145.469217082,732136330,,instructions,48155123,100.00,4.22,insn per cycle
145.469217082,173460719,,cycles,48150093,100.00,,
145.569389058,32360,,rD044,50719825,100.00,,
145.569389058,829964,,rFF44,50719825,100.00,,
145.569389058,780128290,,instructions,50719825,100.00,4.25,insn per cycle
145.569389058,183431711,,cycles,50719825,100.00,,
145.669562563,32588,,rD044,49930719,100.00,,
145.669562563,823227,,rFF44,49935649,100.00,,
145.669562563,764138943,,instructions,49940559,100.00,4.24,insn per cycle
145.669562563,180341250,,cycles,49945519,100.00,,
145.769762169,32202,,rD044,48105727,100.00,,
145.769762169,789499,,rFF44,48106297,100.00,,
145.769762169,752415742,,instructions,48106627,100.00,4.34,insn per cycle
145.769762169,173281378,,cycles,48106267,100.00,,
145.869951375,32618,,rD044,49933005,100.00,,
145.869951375,821960,,rFF44,49927505,100.00,,
145.869951375,796586916,,instructions,49922265,100.00,4.42,insn per cycle
145.869951375,180353288,,cycles,49917665,100.00,,
145.970126441,32916,,rD044,50750893,100.00,,
145.970126441,835404,,rFF44,50750893,100.00,,
145.970126441,792237425,,instructions,50750893,100.00,4.32,insn per cycle
145.970126441,183477044,,cycles,50750893,100.00,,
146.070300337,2260,,rD044,48218524,100.00,,
146.070300337,808836,,rFF44,48223744,100.00,,
146.070300337,744616504,,instructions,48229134,100.00,4.29,insn per cycle
146.070300337,173746015,,cycles,48234404,100.00,,
146.170492213,32787,,rD044,50351593,100.00,,
146.170492213,830322,,rFF44,50346373,100.00,,
146.170492213,785897596,,instructions,50340983,100.00,4.32,insn per cycle
146.170492213,181973889,,cycles,50335713,100.00,,
146.270663118,32592,,rD044,50217022,100.00,,
146.270663118,826383,,rFF44,50222902,100.00,,
146.270663118,767340836,,instructions,50227672,100.00,4.23,insn per cycle
146.270663118,181455281,,cycles,50232042,100.00,,
146.370852364,32970,,rD044,48598932,100.00,,
146.370852364,826758,,rFF44,48593052,100.00,,
146.370852364,748292705,,instructions,48588282,100.00,4.27,insn per cycle
146.370852364,175142170,,cycles,48583912,100.00,,
146.471027400,32303,,rD044,50667068,100.00,,
146.471027400,798675,,rFF44,50667068,100.00,,
146.471027400,797583220,,instructions,50667068,100.00,4.35,insn per cycle
146.471027400,183220713,,cycles,50667068,100.00,,
146.571200276,32493,,rD044,49391337,100.00,,
146.571200276,840118,,rFF44,49396787,100.00,,
146.571200276,747153784,,instructions,49401647,100.00,4.19,insn per cycle
146.571200276,178280961,,cycles,49406257,100.00,,
146.671388952,32368,,rD044,49673292,100.00,,
146.671388952,835265,,rFF44,49667842,100.00,,
146.671388952,758180468,,instructions,49662982,100.00,4.23,insn per cycle
146.671388952,179302565,,cycles,49658372,100.00,,
146.771558448,1640,,rD044,49643384,100.00,,
146.771558448,783416,,rFF44,49643384,100.00,,
146.771558448,790265336,,instructions,49643384,100.00,4.41,insn per cycle
146.771558448,179278851,,cycles,49643384,100.00,,
146.871745393,32343,,rD044,49344273,100.00,,
146.871745393,823332,,rFF44,49349543,100.00,,
146.871745393,762551916,,instructions,49354603,100.00,4.28,insn per cycle
146.871745393,178120560,,cycles,49360063,100.00,,
146.971935989,32596,,rD044,48123326,100.00,,
146.971935989,837574,,rFF44,48123886,100.00,,
146.971935989,750608511,,instructions,48123306,100.00,4.33,insn per cycle
146.971935989,173302723,,cycles,48122936,100.00,,
147.072125615,32397,,rD044,49789325,100.00,,
147.072125615,803931,,rFF44,49783495,100.00,,
147.072125615,787147154,,instructions,49779015,100.00,4.38,insn per cycle
147.072125615,179734018,,cycles,49773925,100.00,,
147.172298391,32625,,rD044,50997317,100.00,,
147.172298391,832320,,rFF44,51002787,100.00,,
147.172298391,783551477,,instructions,51007317,100.00,4.25,insn per cycle
147.172298391,184491150,,cycles,51011967,100.00,,
147.272482277,1963,,rD044,47897642,100.00,,
147.272482277,793141,,rFF44,47897562,100.00,,
147.272482277,731945386,,instructions,47897792,100.00,4.24,insn per cycle
147.272482277,172505681,,cycles,47898062,100.00,,
147.372671963,32522,,rD044,50704870,100.00,,
147.372671963,821236,,rFF44,50699480,100.00,,
147.372671963,790101684,,instructions,50694720,100.00,4.31,insn per cycle
147.372671963,183312819,,cycles,50689800,100.00,,
147.472844909,32050,,rD044,50171213,100.00,,
147.472844909,813574,,rFF44,50176193,100.00,,
147.472844909,759230659,,instructions,50180933,100.00,4.19,insn per cycle
147.472844909,181264902,,cycles,50185643,100.00,,
147.573035135,32324,,rD044,50450634,100.00,,
147.573035135,779524,,rFF44,50445654,100.00,,
147.573035135,771910628,,instructions,50440914,100.00,4.23,insn per cycle
147.573035135,182366197,,cycles,50436204,100.00,,
147.673211400,32242,,rD044,49962895,100.00,,
147.673211400,833278,,rFF44,49968105,100.00,,
147.673211400,761760864,,instructions,49972565,100.00,4.22,insn per cycle
147.673211400,180474927,,cycles,49976555,100.00,,
147.773391596,33103,,rD044,50198998,100.00,,
147.773391596,820496,,rFF44,50193788,100.00,,
147.773391596,746288651,,instructions,50189328,100.00,4.11,insn per cycle
147.773391596,181394308,,cycles,50185338,100.00,,
147.873572062,1989,,rD044,50131035,100.00,,
147.873572062,777591,,rFF44,50136285,100.00,,
147.873572062,747784927,,instructions,50141135,100.00,4.13,insn per cycle
147.873572062,181123729,,cycles,50146065,100.00,,
147.973774508,32617,,rD044,50835032,100.00,,
147.973774508,810984,,rFF44,50829782,100.00,,
147.973774508,756985284,,instructions,50824932,100.00,4.12,insn per cycle
147.973774508,183851790,,cycles,50820002,100.00,,
148.073950824,32677,,rD044,49805019,100.00,,
148.073950824,818177,,rFF44,49810589,100.00,,
148.073950824,737757255,,instructions,49815189,100.00,4.10,insn per cycle
148.073950824,179853539,,cycles,49820049,100.00,,
148.174141380,32358,,rD044,50356494,100.00,,
148.174141380,794187,,rFF44,50356504,100.00,,
148.174141380,753645357,,instructions,50356774,100.00,4.14,insn per cycle
148.174141380,182222214,,cycles,50356764,100.00,,
148.274324896,32346,,rD044,49506835,100.00,,
148.274324896,843923,,rFF44,49501255,100.00,,
148.274324896,734026010,,instructions,49496385,100.00,4.11,insn per cycle
148.274324896,178766641,,cycles,49491535,100.00,,
148.374498621,1748,,rD044,50138919,100.00,,
148.374498621,774445,,rFF44,50144399,100.00,,
148.374498621,750249787,,instructions,50149149,100.00,4.14,insn per cycle
148.374498621,181211130,,cycles,50154099,100.00,,
148.474693047,32558,,rD044,50731777,100.00,,
148.474693047,795112,,rFF44,50726297,100.00,,
148.474693047,753846743,,instructions,50721547,100.00,4.11,insn per cycle
148.474693047,183538477,,cycles,50716597,100.00,,
148.574867003,32453,,rD044,49243640,100.00,,
148.574867003,818509,,rFF44,49249200,100.00,,
148.574867003,726712214,,instructions,49254360,100.00,4.09,insn per cycle
148.574867003,177673010,,cycles,49258960,100.00,,
148.675057669,32456,,rD044,51706031,100.00,,
148.675057669,769731,,rFF44,51700471,100.00,,
148.675057669,779424365,,instructions,51695311,100.00,4.16,insn per cycle
148.675057669,187256170,,cycles,51690711,100.00,,
148.775225155,32600,,rD044,49112076,100.00,,
148.775225155,825690,,rFF44,49117376,100.00,,
148.775225155,723044296,,instructions,49122706,100.00,4.08,insn per cycle
148.775225155,177192185,,cycles,49122706,100.00,,
148.875411781,32182,,rD044,52002629,100.00,,
148.875411781,821381,,rFF44,52003049,100.00,,
148.875411781,784512112,,instructions,52002969,100.00,4.16,insn per cycle
148.875411781,188384915,,cycles,52008409,100.00,,
148.975602447,1898,,rD044,48511466,100.00,,
148.975602447,782786,,rFF44,48505746,100.00,,
148.975602447,724306160,,instructions,48500496,100.00,4.14,insn per cycle
148.975602447,174795988,,cycles,48495056,100.00,,
149.075790673,32418,,rD044,51931910,100.00,,
149.075790673,811886,,rFF44,51931910,100.00,,
149.075790673,785640124,,instructions,51931910,100.00,4.18,insn per cycle
149.075790673,188113365,,cycles,51931910,100.00,,
149.175966219,32287,,rD044,48424203,100.00,,
149.175966219,789520,,rFF44,48424203,100.00,,
149.175966219,721841799,,instructions,48424203,100.00,4.14,insn per cycle
149.175966219,174492446,,cycles,48424203,100.00,,
149.276132984,32404,,rD044,51818210,100.00,,
149.276132984,817081,,rFF44,51818210,100.00,,
149.276132984,785593365,,instructions,51818210,100.00,4.18,insn per cycle
149.276132984,187754589,,cycles,51818210,100.00,,
149.376306520,32491,,rD044,48421436,100.00,,
149.376306520,820671,,rFF44,48421436,100.00,,
149.376306520,721466865,,instructions,48421436,100.00,4.13,insn per cycle
149.376306520,174478825,,cycles,48421436,100.00,,
149.476480676,1758,,rD044,51967926,100.00,,
149.476480676,783007,,rFF44,51967926,100.00,,
149.476480676,787783864,,instructions,51967926,100.00,4.18,insn per cycle
149.476480676,188275838,,cycles,51967926,100.00,,
149.576655762,32383,,rD044,48489936,100.00,,
149.576655762,828733,,rFF44,48494996,100.00,,
149.576655762,736431089,,instructions,48500307,100.00,4.21,insn per cycle
149.576655762,174717301,,cycles,48505217,100.00,,
149.676846278,32259,,rD044,50083894,100.00,,
149.676846278,826922,,rFF44,50078834,100.00,,
149.676846278,783302736,,instructions,50073523,100.00,4.33,insn per cycle
149.676846278,180872042,,cycles,50068613,100.00,,
149.777011723,32550,,rD044,50601029,100.00,,
149.777011723,804818,,rFF44,50601029,100.00,,
149.777011723,795292398,,instructions,50601029,100.00,4.35,insn per cycle
149.777011723,182943824,,cycles,50601029,100.00,,
149.877186189,32482,,rD044,48584196,100.00,,
149.877186189,851377,,rFF44,48589676,100.00,,
149.877186189,745744575,,instructions,48594576,100.00,4.26,insn per cycle
149.877186189,175067590,,cycles,48599946,100.00,,
149.977376985,32383,,rD044,50425631,100.00,,
149.977376985,845614,,rFF44,50424841,100.00,,
149.977376985,784283206,,instructions,50419941,100.00,4.30,insn per cycle
149.977376985,182220924,,cycles,50414571,100.00,,
150.077562861,32768,,rD044,50408771,100.00,,
150.077562861,829136,,rFF44,50410021,100.00,,
150.077562861,784212798,,instructions,50414361,100.00,4.30,insn per cycle
150.077562861,182198546,,cycles,50419051,100.00,,
150.177763677,2033,,rD044,48847470,100.00,,
150.177763677,790471,,rFF44,48846670,100.00,,
150.177763677,738211600,,instructions,48845260,100.00,4.19,insn per cycle
150.177763677,176096691,,cycles,48840570,100.00,,
150.277943883,32548,,rD044,51186606,100.00,,
150.277943883,818323,,rFF44,51181466,100.00,,
150.277943883,784812286,,instructions,51178536,100.00,4.24,insn per cycle
150.277943883,185230376,,cycles,51178536,100.00,,
150.378119938,32717,,rD044,48720172,100.00,,
150.378119938,801210,,rFF44,48726192,100.00,,
150.378119938,738902001,,instructions,48730292,100.00,4.21,insn per cycle
150.378119938,175637956,,cycles,48736142,100.00,,
150.478308814,32504,,rD044,50237541,100.00,,
150.478308814,836768,,rFF44,50231521,100.00,,
150.478308814,767154354,,instructions,50227421,100.00,4.23,insn per cycle
150.478308814,181432060,,cycles,50221571,100.00,,
150.578482370,32680,,rD044,50810275,100.00,,
150.578482370,835993,,rFF44,50815695,100.00,,
150.578482370,774940650,,instructions,50819955,100.00,4.22,insn per cycle
150.578482370,183736365,,cycles,50824695,100.00,,
150.678671246,2116,,rD044,48221130,100.00,,
150.678671246,794626,,rFF44,48215710,100.00,,
150.678671246,731411675,,instructions,48211450,100.00,4.21,insn per cycle
150.678671246,173648805,,cycles,48206710,100.00,,
150.778836732,32353,,rD044,51629182,100.00,,
150.778836732,818578,,rFF44,51629182,100.00,,
150.778836732,785240731,,instructions,51629182,100.00,4.20,insn per cycle
150.778836732,186935227,,cycles,51629182,100.00,,
150.879010928,32600,,rD044,49363587,100.00,,
150.879010928,843498,,rFF44,49369097,100.00,,
150.879010928,757155863,,instructions,49373877,100.00,4.25,insn per cycle
150.879010928,178075919,,cycles,49379507,100.00,,
150.979200503,32314,,rD044,49116667,100.00,,
150.979200503,809221,,rFF44,49111157,100.00,,
150.979200503,763909549,,instructions,49106377,100.00,4.31,insn per cycle
150.979200503,177102296,,cycles,49100747,100.00,,
151.079375359,32487,,rD044,51072436,100.00,,
151.079375359,835579,,rFF44,51072436,100.00,,
151.079375359,796121494,,instructions,51072436,100.00,4.31,insn per cycle
151.079375359,184792619,,cycles,51072436,100.00,,
151.179555915,32270,,rD044,48675679,100.00,,
151.179555915,816210,,rFF44,48681549,100.00,,
151.179555915,747881016,,instructions,48686479,100.00,4.26,insn per cycle
151.179555915,175471437,,cycles,48691089,100.00,,
151.279751261,1791,,rD044,50901831,100.00,,
151.279751261,780324,,rFF44,50895961,100.00,,
151.279751261,777148477,,instructions,50891031,100.00,4.22,insn per cycle
151.279751261,184106720,,cycles,50886421,100.00,,
151.379926257,32358,,rD044,49773957,100.00,,
151.379926257,818368,,rFF44,49780017,100.00,,
151.379926257,739479329,,instructions,49784297,100.00,4.11,insn per cycle
151.379926257,179711653,,cycles,49789467,100.00,,
151.480115183,32329,,rD044,51916447,100.00,,
151.480115183,811192,,rFF44,51910387,100.00,,
151.480115183,781959334,,instructions,51906107,100.00,4.16,insn per cycle
151.480115183,188053316,,cycles,51900937,100.00,,
151.580288968,32363,,rD044,49072266,100.00,,
151.580288968,794209,,rFF44,49072266,100.00,,
151.580288968,728335658,,instructions,49072266,100.00,4.12,insn per cycle
151.580288968,176935425,,cycles,49072266,100.00,,
151.680461824,32588,,rD044,51903114,100.00,,
151.680461824,809048,,rFF44,51909234,100.00,,
151.680461824,787946317,,instructions,51914104,100.00,4.19,insn per cycle
151.680461824,188098199,,cycles,51919204,100.00,,
151.780647510,32543,,rD044,47810739,100.00,,
151.780647510,822854,,rFF44,47810219,100.00,,
151.780647510,732281028,,instructions,47809939,100.00,4.25,insn per cycle
151.780647510,172141157,,cycles,47810089,100.00,,
151.880839186,1961,,rD044,50866549,100.00,,
151.880839186,775700,,rFF44,50860949,100.00,,
151.880839186,777658119,,instructions,50856359,100.00,4.23,insn per cycle
151.880839186,183991391,,cycles,50851109,100.00,,
151.981015942,32809,,rD044,49695396,100.00,,
151.981015942,836936,,rFF44,49700566,100.00,,
151.981015942,762331967,,instructions,49705716,100.00,4.25,insn per cycle
151.981015942,179416713,,cycles,49710966,100.00,,
152.081207328,32786,,rD044,49387041,100.00,,
152.081207328,828856,,rFF44,49381871,100.00,,
152.081207328,752736368,,instructions,49376721,100.00,4.22,insn per cycle
152.081207328,178224678,,cycles,49379081,100.00,,
152.181392404,32544,,rD044,50534944,100.00,,
152.181392404,800207,,rFF44,50534944,100.00,,
152.181392404,783504070,,instructions,50534944,100.00,4.29,insn per cycle
152.181392404,182694287,,cycles,50527334,100.00,,
152.281560089,32823,,rD044,48511048,100.00,,
152.281560089,823528,,rFF44,48511048,100.00,,
152.281560089,723334869,,instructions,48511048,100.00,4.14,insn per cycle
152.281560089,174822187,,cycles,48511048,100.00,,
152.381743275,32073,,rD044,51913404,100.00,,
152.381743275,803885,,rFF44,51913404,100.00,,
152.381743275,787085833,,instructions,51913404,100.00,4.18,insn per cycle
152.381743275,188086150,,cycles,51913404,100.00,,
152.481923171,2192,,rD044,48332952,100.00,,
152.481923171,794894,,rFF44,48338972,100.00,,
152.481923171,728690837,,instructions,48343432,100.00,4.18,insn per cycle
152.481923171,174142362,,cycles,48347732,100.00,,
152.582112597,32715,,rD044,51250570,100.00,,
152.582112597,822148,,rFF44,51244550,100.00,,
152.582112597,778745294,,instructions,51240090,100.00,4.20,insn per cycle
152.582112597,185472343,,cycles,51235790,100.00,,
152.682285703,32474,,rD044,49299178,100.00,,
152.682285703,818407,,rFF44,49304368,100.00,,
152.682285703,730907189,,instructions,49308719,100.00,4.11,insn per cycle
152.682285703,177903585,,cycles,49313409,100.00,,
152.782466808,32499,,rD044,51918082,100.00,,
152.782466808,786642,,rFF44,51912892,100.00,,
152.782466808,783263562,,instructions,51908541,100.00,4.16,insn per cycle
152.782466808,188080681,,cycles,51903851,100.00,,
152.882639924,32286,,rD044,48782186,100.00,,
152.882639924,819813,,rFF44,48782186,100.00,,
152.882639924,722858967,,instructions,48782186,100.00,4.11,insn per cycle
152.882639924,175819928,,cycles,48782186,100.00,,
152.982814670,1953,,rD044,52031291,100.00,,
152.982814670,773340,,rFF44,52036771,100.00,,
152.982814670,783826970,,instructions,52041701,100.00,4.16,insn per cycle
152.982814670,188572540,,cycles,52046461,100.00,,
153.083002756,32251,,rD044,48430046,100.00,,
153.083002756,826341,,rFF44,48424566,100.00,,
153.083002756,726530851,,instructions,48419636,100.00,4.17,insn per cycle
153.083002756,174398170,,cycles,48414876,100.00,,
153.183178662,32486,,rD044,52310837,100.00,,
153.183178662,816859,,rFF44,52317117,100.00,,
153.183178662,793162516,,instructions,52322377,100.00,4.18,insn per cycle
153.183178662,189649152,,cycles,52327237,100.00,,
153.283368758,32758,,rD044,47921011,100.00,,
153.283368758,793418,,rFF44,47921111,100.00,,
153.283368758,738284440,,instructions,47920931,100.00,4.28,insn per cycle
153.283368758,172585036,,cycles,47920871,100.00,,
153.383563674,32512,,rD044,50902349,100.00,,
153.383563674,787571,,rFF44,50895969,100.00,,
153.383563674,776430518,,instructions,50890889,100.00,4.22,insn per cycle
153.383563674,184168824,,cycles,50886089,100.00,,
153.483751980,32204,,rD044,49457023,100.00,,
153.483751980,793431,,rFF44,49463073,100.00,,
153.483751980,745809898,,instructions,49468233,100.00,4.18,insn per cycle
153.483751980,178577696,,cycles,49473063,100.00,,
153.583942916,1533,,rD044,50516307,100.00,,
153.583942916,752459,,rFF44,50510257,100.00,,
153.583942916,775168956,,instructions,50505097,100.00,4.24,insn per cycle
153.583942916,182678063,,cycles,50508947,100.00,,
153.684129882,32235,,rD044,49789504,100.00,,
153.684129882,803076,,rFF44,49795364,100.00,,
153.684129882,762623167,,instructions,49799774,100.00,4.24,insn per cycle
153.684129882,179829330,,cycles,49796194,100.00,,
153.784318228,32170,,rD044,49262150,100.00,,
153.784318228,792728,,rFF44,49256290,100.00,,
153.784318228,751974721,,instructions,49251880,100.00,4.23,insn per cycle
153.784318228,177900557,,cycles,49246780,100.00,,
153.884500634,32345,,rD044,50038707,100.00,,
153.884500634,772369,,rFF44,50044257,100.00,,
153.884500634,750057447,,instructions,50049527,100.00,4.15,insn per cycle
153.884500634,180824388,,cycles,50054057,100.00,,
153.984691620,32312,,rD044,50083387,100.00,,
153.984691620,779982,,rFF44,50081787,100.00,,
153.984691620,761966512,,instructions,50076517,100.00,4.21,insn per cycle
153.984691620,181051020,,cycles,50071987,100.00,,
154.084875465,32746,,rD044,49753707,100.00,,
154.084875465,800635,,rFF44,49755497,100.00,,
154.084875465,749699368,,instructions,49760237,100.00,4.17,insn per cycle
154.084875465,179698872,,cycles,49765117,100.00,,
154.185064851,1575,,rD044,49691465,100.00,,
154.185064851,757309,,rFF44,49685725,100.00,,
154.185064851,761178956,,instructions,49680985,100.00,4.24,insn per cycle
154.185064851,179436301,,cycles,49676105,100.00,,
154.285238837,32549,,rD044,50491876,100.00,,
154.285238837,809281,,rFF44,50497516,100.00,,
154.285238837,768297168,,instructions,50502666,100.00,4.21,insn per cycle
154.285238837,182604532,,cycles,50507856,100.00,,
154.385429133,32435,,rD044,49504309,100.00,,
154.385429133,803093,,rFF44,49498669,100.00,,
154.385429133,745015067,,instructions,49493519,100.00,4.17,insn per cycle
154.385429133,178695240,,cycles,49488329,100.00,,
154.485603959,32119,,rD044,50603590,100.00,,
154.485603959,764443,,rFF44,50609460,100.00,,
154.485603959,778846800,,instructions,50613780,100.00,4.25,insn per cycle
154.485603959,183050527,,cycles,50618640,100.00,,
154.585804645,32416,,rD044,48987296,100.00,,
154.585804645,785660,,rFF44,48981426,100.00,,
154.585804645,732063353,,instructions,48977106,100.00,4.14,insn per cycle
154.585804645,176692694,,cycles,48972246,100.00,,
154.685980581,32137,,rD044,51042688,100.00,,
154.685980581,788757,,rFF44,51048618,100.00,,
154.685980581,785382921,,instructions,51053178,100.00,4.25,insn per cycle
154.685980581,184787145,,cycles,51057958,100.00,,
154.786169836,1670,,rD044,48101970,100.00,,
154.786169836,773585,,rFF44,48101780,100.00,,
154.786169836,731459277,,instructions,48102280,100.00,4.22,insn per cycle
154.786169836,173283476,,cycles,48102950,100.00,,
154.886363772,32087,,rD044,51531170,100.00,,
154.886363772,799936,,rFF44,51525430,100.00,,
154.886363772,787057107,,instructions,51520370,100.00,4.22,insn per cycle
154.886363772,186637493,,cycles,51514920,100.00,,
154.986539118,32402,,rD044,48764543,100.00,,
154.986539118,784757,,rFF44,48770003,100.00,,
154.986539118,735944788,,instructions,48774503,100.00,4.19,insn per cycle
154.986539118,175844986,,cycles,48779303,100.00,,
155.086742994,32535,,rD044,51529413,100.00,,
155.086742994,785148,,rFF44,51523953,100.00,,
155.086742994,782328437,,instructions,51519453,100.00,4.19,insn per cycle
155.086742994,186627637,,cycles,51514653,100.00,,
155.186916790,32318,,rD044,48440344,100.00,,
155.186916790,797464,,rFF44,48445494,100.00,,
155.186916790,730046498,,instructions,48450124,100.00,4.18,insn per cycle
155.186916790,174595916,,cycles,48455144,100.00,,
155.287106426,2198,,rD044,51641239,100.00,,
155.287106426,765912,,rFF44,51639139,100.00,,
155.287106426,790430927,,instructions,51634509,100.00,4.23,insn per cycle
155.287106426,186985764,,cycles,51629489,100.00,,
155.387290882,32519,,rD044,49103512,100.00,,
155.387290882,817177,,rFF44,49106082,100.00,,
155.387290882,735840413,,instructions,49111232,100.00,4.15,insn per cycle
155.387290882,177178399,,cycles,49116102,100.00,,
155.487480228,32356,,rD044,51815866,100.00,,
155.487480228,806734,,rFF44,51813516,100.00,,
155.487480228,779616173,,instructions,51808366,100.00,4.15,insn per cycle
155.487480228,187714745,,cycles,51803496,100.00,,
155.587668264,32515,,rD044,48904735,100.00,,
155.587668264,779814,,rFF44,48901465,100.00,,
155.587668264,726294762,,instructions,48901465,100.00,4.12,insn per cycle
155.587668264,176336590,,cycles,48901465,100.00,,
155.687842030,32198,,rD044,51710301,100.00,,
155.687842030,787887,,rFF44,51715591,100.00,,
155.687842030,781495241,,instructions,51720171,100.00,4.17,insn per cycle
155.687842030,187393387,,cycles,51726181,100.00,,
155.788033165,32537,,rD044,49237957,100.00,,
155.788033165,795048,,rFF44,49232667,100.00,,
155.788033165,733340279,,instructions,49228087,100.00,4.13,insn per cycle
155.788033165,177664212,,cycles,49222077,100.00,,
155.888207331,1520,,rD044,50866093,100.00,,
155.888207331,778993,,rFF44,50871633,100.00,,
155.888207331,795100170,,instructions,50876463,100.00,4.32,insn per cycle
155.888207331,184072961,,cycles,50882133,100.00,,
155.988397777,1237413,,rD044,70886922,100.00,,
155.988397777,15744751,,rFF44,70887512,100.00,,
155.988397777,1128899774,,instructions,70887382,100.00,4.31,insn per cycle
155.988397777,261934147,,cycles,70886352,100.00,,
156.088589443,2499353,,rD044,100191885,100.00,,
156.088589443,33762528,,rFF44,100191956,100.00,,
156.088589443,1627639303,,instructions,100204356,100.00,4.33,insn per cycle
156.088589443,375762028,,cycles,100204376,100.00,,
156.188792719,1844785,,rD044,100201196,100.00,,
156.188792719,29127332,,rFF44,100201175,100.00,,
156.188792719,1755501994,,instructions,100189055,100.00,4.67,insn per cycle
156.188792719,375708087,,cycles,100189185,100.00,,
156.288981165,1527471,,rD044,100187676,100.00,,
156.288981165,29108324,,rFF44,100188126,100.00,,
156.288981165,1667359007,,instructions,100188766,100.00,4.44,insn per cycle
156.288981165,375705297,,cycles,100188646,100.00,,
156.389170871,757014,,rD044,100188205,100.00,,
156.389170871,17225615,,rFF44,100188145,100.00,,
156.389170871,1068332396,,instructions,100187805,100.00,2.84,insn per cycle
156.389170871,375696096,,cycles,100187595,100.00,,
156.489363637,59638,,rD044,100181345,100.00,,
156.489363637,7557487,,rFF44,100180435,100.00,,
156.489363637,662218266,,instructions,100180745,100.00,1.76,insn per cycle
156.489363637,375650046,,cycles,100180945,100.00,,
156.589548773,559821,,rD044,100185495,100.00,,
156.589548773,16525584,,rFF44,100186055,100.00,,
156.589548773,1049405469,,instructions,100185315,100.00,2.79,insn per cycle
156.589548773,375692816,,cycles,100185105,100.00,,
156.689746799,24693,,rD044,100196786,100.00,,
156.689746799,7022244,,rFF44,100197686,100.00,,
156.689746799,636476068,,instructions,100197446,100.00,1.69,insn per cycle
156.689746799,375738466,,cycles,100197276,100.00,,
156.789935225,89288,,rD044,100188055,100.00,,
156.789935225,8156193,,rFF44,100187545,100.00,,
156.789935225,677967774,,instructions,100187995,100.00,1.80,insn per cycle
156.789935225,375703025,,cycles,100187835,100.00,,
156.890125211,84279,,rD044,100174886,100.00,,
156.890125211,8336141,,rFF44,100173886,100.00,,
156.890125211,684553193,,instructions,100173906,100.00,1.82,insn per cycle
156.890125211,375626149,,cycles,100174676,100.00,,
156.990312637,38191,,rD044,100186505,100.00,,
156.990312637,7061877,,rFF44,100186795,100.00,,
156.990312637,631901928,,instructions,100186815,100.00,1.68,insn per cycle
156.990312637,375700381,,cycles,100187125,100.00,,
157.090500453,302123,,rD044,100187796,100.00,,
157.090500453,10312977,,rFF44,100188516,100.00,,
157.090500453,752690799,,instructions,100188036,100.00,2.00,insn per cycle
157.090500453,375701976,,cycles,100187556,100.00,,
157.190689979,90548,,rD044,100188056,100.00,,
157.190689979,8552836,,rFF44,100187676,100.00,,
157.190689979,693175925,,instructions,100187876,100.00,1.85,insn per cycle
157.190689979,375703639,,cycles,100187986,100.00,,
157.290879164,31410,,rD044,100188125,100.00,,
157.290879164,6508631,,rFF44,100188275,100.00,,
157.290879164,615981241,,instructions,100188125,100.00,1.64,insn per cycle
157.290879164,375702732,,cycles,100187755,100.00,,
157.391066100,88759,,rD044,100186156,100.00,,
157.391066100,8977790,,rFF44,100186576,100.00,,
157.391066100,710275953,,instructions,100186916,100.00,1.89,insn per cycle
157.391066100,375699602,,cycles,100186916,100.00,,
157.491253866,27512,,rD044,100186995,100.00,,
157.491253866,6738854,,rFF44,100186645,100.00,,
157.491253866,624709322,,instructions,100186225,100.00,1.66,insn per cycle
157.491253866,375701962,,cycles,100187545,100.00,,
157.591442772,30636,,rD044,100188166,100.00,,
157.591442772,7087105,,rFF44,100187866,100.00,,
157.591442772,616337276,,instructions,100187776,100.00,1.64,insn per cycle
157.591442772,375698486,,cycles,100186616,100.00,,
157.691630448,1211083,,rD044,100187135,100.00,,
157.691630448,20370317,,rFF44,100187005,100.00,,
157.691630448,1100452377,,instructions,100186815,100.00,2.93,insn per cycle
157.691630448,375703854,,cycles,100188045,100.00,,
157.791820504,1087706,,rD044,100189716,100.00,,
157.791820504,22900641,,rFF44,100189446,100.00,,
157.791820504,1362420895,,instructions,100189526,100.00,3.63,insn per cycle
157.791820504,375705303,,cycles,100188446,100.00,,
157.892009780,521767,,rD044,100152324,100.00,,
157.892009780,15812695,,rFF44,100152954,100.00,,
157.892009780,941062814,,instructions,100153214,100.00,2.51,insn per cycle
157.892009780,375545147,,cycles,100152994,100.00,,
157.992198366,50279,,rD044,100187816,100.00,,
157.992198366,7347851,,rFF44,100187686,100.00,,
157.992198366,638582411,,instructions,100188656,100.00,1.70,insn per cycle
157.992198366,375706072,,cycles,100188636,100.00,,
158.092386932,43944,,rD044,100187815,100.00,,
158.092386932,6954420,,rFF44,100187235,100.00,,
158.092386932,609371410,,instructions,100186315,100.00,1.62,insn per cycle
158.092386932,375697145,,cycles,100186255,100.00,,
158.192572728,18104,,rD044,100185316,100.00,,
158.192572728,6740383,,rFF44,100185906,100.00,,
158.192572728,617692549,,instructions,100185846,100.00,1.64,insn per cycle
158.192572728,375695846,,cycles,100185926,100.00,,
158.292771274,60087,,rD044,100198025,100.00,,
158.292771274,7145432,,rFF44,100198366,100.00,,
158.292771274,633171865,,instructions,100198466,100.00,1.69,insn per cycle
158.292771274,375742145,,cycles,100198256,100.00,,
158.392958620,193675,,rD044,100186146,100.00,,
158.392958620,9752195,,rFF44,100186155,100.00,,
158.392958620,733049290,,instructions,100186015,100.00,1.95,insn per cycle
158.392958620,375694772,,cycles,100186445,100.00,,
158.493148926,109809,,rD044,100189206,100.00,,
158.493148926,8895670,,rFF44,100189356,100.00,,
158.493148926,697562447,,instructions,100189516,100.00,1.86,insn per cycle
158.493148926,375706086,,cycles,100188636,100.00,,
158.593334142,57232,,rD044,100184565,100.00,,
158.593334142,7093269,,rFF44,100184125,100.00,,
158.593334142,636688723,,instructions,100183705,100.00,1.69,insn per cycle
158.593334142,375689400,,cycles,100184195,100.00,,
158.693520077,55340,,rD044,100184726,100.00,,
158.693520077,7657369,,rFF44,100184166,100.00,,
158.693520077,668319232,,instructions,100185076,100.00,1.78,insn per cycle
158.693520077,375693453,,cycles,100185286,100.00,,
158.793708423,798457,,rD044,100188815,100.00,,
158.793708423,17277259,,rFF44,100189805,100.00,,
158.793708423,994446085,,instructions,100188905,100.00,2.65,insn per cycle
158.793708423,375706282,,cycles,100188685,100.00,,
158.893897159,282815,,rD044,100173786,100.00,,
158.893897159,10246273,,rFF44,100173016,100.00,,
158.893897159,747835237,,instructions,100173516,100.00,1.99,insn per cycle
158.893897159,375622935,,cycles,100173736,100.00,,
158.994083335,580942,,rD044,100185385,100.00,,
158.994083335,14391798,,rFF44,100185425,100.00,,
158.994083335,916142001,,instructions,100184845,100.00,2.44,insn per cycle
158.994083335,375691627,,cycles,100184795,100.00,,
159.094270481,271989,,rD044,100185946,100.00,,
159.094270481,11362904,,rFF44,100186336,100.00,,
159.094270481,823793712,,instructions,100186306,100.00,2.19,insn per cycle
159.094270481,375698657,,cycles,100186656,100.00,,
159.194459947,44824,,rD044,100189565,100.00,,
159.194459947,7430487,,rFF44,100189545,100.00,,
159.194459947,642200507,,instructions,100190825,100.00,1.71,insn per cycle
159.194459947,375712226,,cycles,100190285,100.00,,
159.294649313,171967,,rD044,100187716,100.00,,
159.294649313,8958391,,rFF44,100187576,100.00,,
159.294649313,701173783,,instructions,100186486,100.00,1.87,insn per cycle
159.294649313,375700038,,cycles,100187026,100.00,,
159.394833299,30928,,rD044,100183085,100.00,,
159.394833299,7304950,,rFF44,100182625,100.00,,
159.394833299,638388794,,instructions,100182615,100.00,1.70,insn per cycle
159.394833299,375683724,,cycles,100182685,100.00,,
159.495021905,25227,,rD044,100187906,100.00,,
159.495021905,6334115,,rFF44,100188236,100.00,,
159.495021905,583070137,,instructions,100188736,100.00,1.55,insn per cycle
159.495021905,375708004,,cycles,100189156,100.00,,
159.595212701,112582,,rD044,100189925,100.00,,
159.595212701,8790971,,rFF44,100189566,100.00,,
159.595212701,679623520,,instructions,100189256,100.00,1.81,insn per cycle
159.595212701,375706259,,cycles,100188696,100.00,,
159.695400307,154241,,rD044,100187196,100.00,,
159.695400307,9031812,,rFF44,100187665,100.00,,
159.695400307,703048439,,instructions,100187795,100.00,1.87,insn per cycle
159.695400307,375703053,,cycles,100187785,100.00,,
159.795588753,100685,,rD044,100187916,100.00,,
159.795588753,9247973,,rFF44,100187866,100.00,,
159.795588753,716594127,,instructions,100200356,100.00,1.91,insn per cycle
159.795588753,375748948,,cycles,100200126,100.00,,
159.895788989,10982,,rD044,100180465,100.00,,
159.895788989,6355419,,rFF44,100180025,100.00,,
159.895788989,565825661,,instructions,100167835,100.00,1.51,insn per cycle
159.895788989,375603534,,cycles,100168965,100.00,,
159.995977114,44199,,rD044,100187796,100.00,,
159.995977114,7340021,,rFF44,100187936,100.00,,
159.995977114,612893103,,instructions,100187336,100.00,1.63,insn per cycle
159.995977114,375700372,,cycles,100187126,100.00,,
160.096166390,6986,,rD044,100187965,100.00,,
160.096166390,6267521,,rFF44,100188195,100.00,,
160.096166390,561160988,,instructions,100188095,100.00,1.49,insn per cycle
160.096166390,375699052,,cycles,100186775,100.00,,
160.196353186,5387,,rD044,100186866,100.00,,
160.196353186,6133500,,rFF44,100186956,100.00,,
160.196353186,556678387,,instructions,100187536,100.00,1.48,insn per cycle
160.196353186,375706443,,cycles,100188726,100.00,,
160.296540422,269582,,rD044,100186455,100.00,,
160.296540422,11174593,,rFF44,100187025,100.00,,
160.296540422,781182647,,instructions,100187015,100.00,2.08,insn per cycle
160.296540422,375699020,,cycles,100186765,100.00,,
160.396742108,6870,,rD044,100200026,100.00,,
160.396742108,6341092,,rFF44,100199416,100.00,,
160.396742108,569521131,,instructions,100199596,100.00,1.52,insn per cycle
160.396742108,375743826,,cycles,100198716,100.00,,
160.496936984,23372,,rD044,100184385,100.00,,
160.496936984,7002336,,rFF44,100184815,100.00,,
160.496936984,608419245,,instructions,100183895,100.00,1.62,insn per cycle
160.496936984,375665101,,cycles,100184196,100.00,,
160.597121560,115163,,rD044,100184076,100.00,,
160.597121560,10723824,,rFF44,100183246,100.00,,
160.597121560,765798018,,instructions,100182956,100.00,2.04,insn per cycle
160.597121560,375684867,,cycles,100183185,100.00,,
160.697307846,53536,,rD044,100186166,100.00,,
160.697307846,6738691,,rFF44,100186746,100.00,,
160.697307846,586544854,,instructions,100187396,100.00,1.56,insn per cycle
160.697307846,375700262,,cycles,100187106,100.00,,
160.797496212,78354,,rD044,100187415,100.00,,
160.797496212,7545342,,rFF44,100187385,100.00,,
160.797496212,654351380,,instructions,100187585,100.00,1.74,insn per cycle
160.797496212,375702108,,cycles,100187585,100.00,,
160.897682768,28247,,rD044,100136336,100.00,,
160.897682768,6904920,,rFF44,100136316,100.00,,
160.897682768,624335361,,instructions,100136416,100.00,1.66,insn per cycle
160.897682768,375478934,,cycles,100136606,100.00,,
160.997873214,35601,,rD044,100189855,100.00,,
160.997873214,8190531,,rFF44,100190185,100.00,,
160.997873214,677307776,,instructions,100190405,100.00,1.80,insn per cycle
160.997873214,375714130,,cycles,100190795,100.00,,
161.098061120,21282,,rD044,100186436,100.00,,
161.098061120,6598768,,rFF44,100186096,100.00,,
161.098061120,566688517,,instructions,100185306,100.00,1.51,insn per cycle
161.098061120,375691556,,cycles,100184766,100.00,,
161.198247576,9743,,rD044,100186285,100.00,,
161.198247576,6118653,,rFF44,100186255,100.00,,
161.198247576,567055443,,instructions,100186415,100.00,1.51,insn per cycle
161.198247576,375699047,,cycles,100186765,100.00,,
161.298436052,667005,,rD044,100188026,100.00,,
161.298436052,24830939,,rFF44,100187616,100.00,,
161.298436052,1471166707,,instructions,100188006,100.00,3.92,insn per cycle
161.298436052,375703676,,cycles,100188006,100.00,,
161.398624417,675047,,rD044,100187195,100.00,,
161.398624417,25912749,,rFF44,100187215,100.00,,
161.398624417,1527144377,,instructions,100187285,100.00,4.06,insn per cycle
161.398624417,375699975,,cycles,100187015,100.00,,
161.498814083,1644834,,rD044,100189486,100.00,,
161.498814083,28475590,,rFF44,100189576,100.00,,
161.498814083,1729963295,,instructions,100190186,100.00,4.60,insn per cycle
161.498814083,375711762,,cycles,100189956,100.00,,
161.599004489,1570844,,rD044,100189855,100.00,,
161.599004489,26624897,,rFF44,100190435,100.00,,
161.599004489,1468290563,,instructions,100190785,100.00,3.91,insn per cycle
161.599004489,375713773,,cycles,100190695,100.00,,
161.699195015,107409,,rD044,100189356,100.00,,
161.699195015,9464062,,rFF44,100188586,100.00,,
161.699195015,762560330,,instructions,100187426,100.00,2.03,insn per cycle
161.699195015,375701496,,cycles,100187416,100.00,,
161.799384021,23053,,rD044,100188005,100.00,,
161.799384021,6783463,,rFF44,100188225,100.00,,
161.799384021,593557509,,instructions,100188436,100.00,1.58,insn per cycle
161.799384021,375705897,,cycles,100188806,100.00,,
161.899569567,191619,,rD044,100156836,100.00,,
161.899569567,9154818,,rFF44,100156596,100.00,,
161.899569567,717070540,,instructions,100157205,100.00,1.91,insn per cycle
161.899569567,375561359,,cycles,100156965,100.00,,
161.999768833,327771,,rD044,100198086,100.00,,
161.999768833,13524643,,rFF44,100198006,100.00,,
161.999768833,882077255,,instructions,100196906,100.00,2.35,insn per cycle
161.999768833,375737733,,cycles,100197086,100.00,,
162.099955099,26331,,rD044,100185855,100.00,,
162.099955099,6714436,,rFF44,100186315,100.00,,
162.099955099,591122331,,instructions,100186665,100.00,1.57,insn per cycle
162.099955099,375697103,,cycles,100186245,100.00,,
162.200141675,27056,,rD044,100185046,100.00,,
162.200141675,6663244,,rFF44,100185316,100.00,,
162.200141675,582652768,,instructions,100186126,100.00,1.55,insn per cycle
162.200141675,375698136,,cycles,100186526,100.00,,
162.300330891,23736,,rD044,100189165,100.00,,
162.300330891,7359167,,rFF44,100189025,100.00,,
162.300330891,634231016,,instructions,100188045,100.00,1.69,insn per cycle
162.300330891,375704358,,cycles,100188185,100.00,,
162.400516287,20449,,rD044,100184166,100.00,,
162.400516287,6948596,,rFF44,100184196,100.00,,
162.400516287,603564424,,instructions,100185246,100.00,1.61,insn per cycle
162.400516287,375690867,,cycles,100184586,100.00,,
162.500705493,23163,,rD044,100187925,100.00,,
162.500705493,6453708,,rFF44,100187795,100.00,,
162.500705493,557383132,,instructions,100186685,100.00,1.48,insn per cycle
162.500705493,375701174,,cycles,100187335,100.00,,
162.600893199,58763,,rD044,100187326,100.00,,
162.600893199,7460324,,rFF44,100186796,100.00,,
162.600893199,634115666,,instructions,100186756,100.00,1.69,insn per cycle
162.600893199,375698664,,cycles,100186666,100.00,,
162.701082235,53242,,rD044,100188845,100.00,,
162.701082235,7212727,,rFF44,100189345,100.00,,
162.701082235,627291032,,instructions,100189635,100.00,1.67,insn per cycle
162.701082235,375710638,,cycles,100189855,100.00,,
162.801270570,83610,,rD044,100187486,100.00,,
162.801270570,8648356,,rFF44,100187506,100.00,,
162.801270570,705582749,,instructions,100187456,100.00,1.88,insn per cycle
162.801270570,375701865,,cycles,100187526,100.00,,
162.901454796,572064,,rD044,100148565,100.00,,
162.901454796,19665268,,rFF44,100148675,100.00,,
162.901454796,1327874100,,instructions,100148865,100.00,3.54,insn per cycle
162.901454796,375528440,,cycles,100148785,100.00,,
163.001643412,944824,,rD044,100188196,100.00,,
163.001643412,23009419,,rFF44,100188096,100.00,,
163.001643412,1260363209,,instructions,100187616,100.00,3.35,insn per cycle
163.001643412,375702596,,cycles,100187716,100.00,,
163.101830568,78139,,rD044,100186005,100.00,,
163.101830568,8679639,,rFF44,100186906,100.00,,
163.101830568,700251882,,instructions,100187076,100.00,1.86,insn per cycle
163.101830568,375698376,,cycles,100186586,100.00,,
163.202018034,32313,,rD044,100187176,100.00,,
163.202018034,6901260,,rFF44,100185985,100.00,,
163.202018034,613182316,,instructions,100186305,100.00,1.63,insn per cycle
163.202018034,375698447,,cycles,100186605,100.00,,
163.302208520,18987,,rD044,100190606,100.00,,
163.302208520,5945801,,rFF44,100190926,100.00,,
163.302208520,558872731,,instructions,100190426,100.00,1.49,insn per cycle
163.302208520,375711959,,cycles,100190196,100.00,,
163.402393746,194737,,rD044,100182675,100.00,,
163.402393746,10894733,,rFF44,100182495,100.00,,
163.402393746,766665414,,instructions,100183065,100.00,2.04,insn per cycle
163.402393746,375684244,,cycles,100182835,100.00,,
163.502580432,4775,,rD044,100186576,100.00,,
163.502580432,5713429,,rFF44,100186716,100.00,,
163.502580432,536707230,,instructions,100186646,100.00,1.43,insn per cycle
163.502580432,375696223,,cycles,100186816,100.00,,
163.602781808,149978,,rD044,100200255,100.00,,
163.602781808,10734857,,rFF44,100199775,100.00,,
163.602781808,759296776,,instructions,100199855,100.00,2.02,insn per cycle
163.602781808,375748976,,cycles,100200085,100.00,,
163.702969634,4787,,rD044,100186966,100.00,,
163.702969634,5857121,,rFF44,100187126,100.00,,
163.702969634,546599721,,instructions,100186896,100.00,1.45,insn per cycle
163.702969634,375697316,,cycles,100186296,100.00,,
163.803154000,77814,,rD044,100183795,100.00,,
163.803154000,9054579,,rFF44,100183735,100.00,,
163.803154000,692326687,,instructions,100183595,100.00,1.84,insn per cycle
163.803154000,375688901,,cycles,100184075,100.00,,
163.903338206,7469,,rD044,100129916,100.00,,
163.903338206,5805060,,rFF44,100130496,100.00,,
163.903338206,548912127,,instructions,100130426,100.00,1.46,insn per cycle
163.903338206,375462147,,cycles,100131336,100.00,,
164.003526332,14550,,rD044,100187465,100.00,,
164.003526332,6863872,,rFF44,100187325,100.00,,
164.003526332,581490031,,instructions,100187265,100.00,1.55,insn per cycle
164.003526332,375697499,,cycles,100186355,100.00,,
164.103716017,8462,,rD044,100188836,100.00,,
164.103716017,6352324,,rFF44,100188686,100.00,,
164.103716017,549467950,,instructions,100189246,100.00,1.46,insn per cycle
164.103716017,375706954,,cycles,100188876,100.00,,
164.203901323,6556,,rD044,100184505,100.00,,
164.203901323,5699969,,rFF44,100184295,100.00,,
164.203901323,541066936,,instructions,100183845,100.00,1.44,insn per cycle
164.203901323,375692958,,cycles,100185145,100.00,,
164.304090689,156181,,rD044,100188926,100.00,,
164.304090689,10705285,,rFF44,100189076,100.00,,
164.304090689,789141933,,instructions,100188866,100.00,2.10,insn per cycle
164.304090689,375703169,,cycles,100187866,100.00,,
164.404273485,88779,,rD044,100181935,100.00,,
164.404273485,7868649,,rFF44,100182016,100.00,,
164.404273485,655722564,,instructions,100182486,100.00,1.75,insn per cycle
164.404273485,375683332,,cycles,100182576,100.00,,
164.504462801,72292,,rD044,100178076,100.00,,
164.504462801,7129534,,rFF44,100178035,100.00,,
164.504462801,621916237,,instructions,100177405,100.00,1.66,insn per cycle
164.504462801,375637904,,cycles,100177475,100.00,,
164.604649307,25344,,rD044,100185816,100.00,,
164.604649307,7187097,,rFF44,100186516,100.00,,
164.604649307,623052665,,instructions,100187376,100.00,1.66,insn per cycle
164.604649307,375700171,,cycles,100187066,100.00,,
164.704836113,120887,,rD044,100186595,100.00,,
164.704836113,7939624,,rFF44,100186895,100.00,,
164.704836113,656454483,,instructions,100186365,100.00,1.75,insn per cycle
164.704836113,375700264,,cycles,100187085,100.00,,
164.805026959,533957,,rD044,100188986,100.00,,
164.805026959,21459378,,rFF44,100188056,100.00,,
164.805026959,1149880584,,instructions,100188206,100.00,3.06,insn per cycle
164.805026959,375701034,,cycles,100187296,100.00,,
164.905210605,196661,,rD044,100150304,100.00,,
164.905210605,11459739,,rFF44,100150004,100.00,,
164.905210605,786202463,,instructions,100150024,100.00,2.09,insn per cycle
164.905210605,375534708,,cycles,100150694,100.00,,
165.005397531,7311,,rD044,100186876,100.00,,
165.005397531,6296688,,rFF44,100187096,100.00,,
165.005397531,569327989,,instructions,100187696,100.00,1.52,insn per cycle
165.005397531,375705978,,cycles,100188636,100.00,,
165.105586386,31495,,rD044,100188365,100.00,,
165.105586386,6464034,,rFF44,100188145,100.00,,
165.105586386,582030758,,instructions,100187925,100.00,1.55,insn per cycle
165.105586386,375745103,,cycles,100199055,100.00,,
165.205784092,87291,,rD044,100197206,100.00,,
165.205784092,8306177,,rFF44,100197196,100.00,,
165.205784092,648351596,,instructions,100196566,100.00,1.73,insn per cycle
165.205784092,375689162,,cycles,100184126,100.00,,
165.305973098,38988,,rD044,100188625,100.00,,
165.305973098,6828247,,rFF44,100188935,100.00,,
165.305973098,594898822,,instructions,100189425,100.00,1.58,insn per cycle
165.305973098,375709288,,cycles,100189505,100.00,,
165.406160204,10487,,rD044,100185896,100.00,,
165.406160204,6431452,,rFF44,100185696,100.00,,
165.406160204,571500802,,instructions,100185556,100.00,1.52,insn per cycle
165.406160204,375697258,,cycles,100186286,100.00,,
165.506350200,42952,,rD044,100188905,100.00,,
165.506350200,6879364,,rFF44,100188755,100.00,,
165.506350200,585577575,,instructions,100187885,100.00,1.56,insn per cycle
165.506350200,375701723,,cycles,100187485,100.00,,
165.606536036,331979,,rD044,100185116,100.00,,
165.606536036,14753601,,rFF44,100185376,100.00,,
165.606536036,876614607,,instructions,100186326,100.00,2.33,insn per cycle
165.606536036,375697738,,cycles,100186376,100.00,,
165.706738392,5120,,rD044,100201576,100.00,,
165.706738392,5563214,,rFF44,100201536,100.00,,
165.706738392,526564355,,instructions,100201286,100.00,1.40,insn per cycle
165.706738392,375752933,,cycles,100201186,100.00,,
165.806924098,55216,,rD044,100184805,100.00,,
165.806924098,7216373,,rFF44,100185115,100.00,,
165.806924098,601645961,,instructions,100185255,100.00,1.60,insn per cycle
165.806924098,375691962,,cycles,100184875,100.00,,
165.907106234,76326,,rD044,100153556,100.00,,
165.907106234,7974958,,rFF44,100153646,100.00,,
165.907106234,626482552,,instructions,100154106,100.00,1.67,insn per cycle
165.907106234,375552740,,cycles,100155016,100.00,,
166.007294700,1902,,rD044,100188135,100.00,,
166.007294700,5449471,,rFF44,100188605,100.00,,
166.007294700,502109705,,instructions,100188255,100.00,1.34,insn per cycle
166.007294700,375704881,,cycles,100188325,100.00,,
166.107485796,49815,,rD044,100189926,100.00,,
166.107485796,7083769,,rFF44,100189406,100.00,,
166.107485796,598894545,,instructions,100188506,100.00,1.59,insn per cycle
166.107485796,375704052,,cycles,100188096,100.00,,
166.207673982,47811,,rD044,100187195,100.00,,
166.207673982,7256850,,rFF44,100187185,100.00,,
166.207673982,592806428,,instructions,100187665,100.00,1.58,insn per cycle
166.207673982,375700271,,cycles,100187085,100.00,,
166.307862468,53324,,rD044,100187676,100.00,,
166.307862468,7104615,,rFF44,100187116,100.00,,
166.307862468,590797326,,instructions,100187376,100.00,1.57,insn per cycle
166.307862468,375699465,,cycles,100186896,100.00,,
166.408041244,38807,,rD044,100177805,100.00,,
166.408041244,7250083,,rFF44,100178065,100.00,,
166.408041244,611132669,,instructions,100177465,100.00,1.63,insn per cycle
166.408041244,375672036,,cycles,100179545,100.00,,
166.508229209,11092,,rD044,100187376,100.00,,
166.508229209,5898887,,rFF44,100187456,100.00,,
166.508229209,553884994,,instructions,100187496,100.00,1.47,insn per cycle
166.508229209,375696978,,cycles,100186226,100.00,,
166.608415705,305828,,rD044,100185785,100.00,,
166.608415705,14245706,,rFF44,100185735,100.00,,
166.608415705,835473887,,instructions,100186625,100.00,2.22,insn per cycle
166.608415705,375697215,,cycles,100186265,100.00,,
166.708601261,5506,,rD044,100197796,100.00,,
166.708601261,6915894,,rFF44,100198336,100.00,,
166.708601261,578584231,,instructions,100198396,100.00,1.54,insn per cycle
166.708601261,375743296,,cycles,100198596,100.00,,
166.808800157,7376,,rD044,100184915,100.00,,
166.808800157,5883501,,rFF44,100184685,100.00,,
166.808800157,530857505,,instructions,100184236,100.00,1.41,insn per cycle
166.808800157,375687954,,cycles,100183796,100.00,,
166.908982103,2285,,rD044,100130896,100.00,,
166.908982103,5341149,,rFF44,100130276,100.00,,
166.908982103,504006108,,instructions,100129735,100.00,1.34,insn per cycle
166.908982103,375460817,,cycles,100130655,100.00,,
167.009168879,15773,,rD044,100186726,100.00,,
167.009168879,6419386,,rFF44,100187426,100.00,,
167.009168879,568789371,,instructions,100188036,100.00,1.51,insn per cycle
167.009168879,375701143,,cycles,100187326,100.00,,
167.109357215,161526,,rD044,100187445,100.00,,
167.109357215,14792334,,rFF44,100187005,100.00,,
167.109357215,928297547,,instructions,100187085,100.00,2.47,insn per cycle
167.109357215,375702550,,cycles,100187685,100.00,,
167.209547361,14715,,rD044,100188526,100.00,,
167.209547361,6824779,,rFF44,100188216,100.00,,
167.209547361,553375322,,instructions,100188146,100.00,1.47,insn per cycle
167.209547361,375703328,,cycles,100187716,100.00,,
167.309747477,16640,,rD044,100200005,100.00,,
167.309747477,5991746,,rFF44,100200355,100.00,,
167.309747477,548377851,,instructions,100199945,100.00,1.46,insn per cycle
167.309747477,375748865,,cycles,100200265,100.00,,
167.409930813,18107,,rD044,100182206,100.00,,
167.409930813,6714877,,rFF44,100182536,100.00,,
167.409930813,620720275,,instructions,100182926,100.00,1.65,insn per cycle
167.409930813,375684506,,cycles,100182886,100.00,,
167.510118049,115765,,rD044,100186515,100.00,,
167.510118049,9924855,,rFF44,100185645,100.00,,
167.510118049,687835980,,instructions,100185745,100.00,1.83,insn per cycle
167.510118049,375695116,,cycles,100185725,100.00,,
167.610305335,5111,,rD044,100185856,100.00,,
167.610305335,5402804,,rFF44,100186176,100.00,,
167.610305335,519601627,,instructions,100186336,100.00,1.38,insn per cycle
167.610305335,375695557,,cycles,100185836,100.00,,
167.710490550,28986,,rD044,100185015,100.00,,
167.710490550,7783834,,rFF44,100185405,100.00,,
167.710490550,614722022,,instructions,100185185,100.00,1.64,insn per cycle
167.710490550,375695793,,cycles,100185895,100.00,,
167.810677556,4750,,rD044,100186736,100.00,,
167.810677556,6010386,,rFF44,100186756,100.00,,
167.810677556,543237733,,instructions,100186556,100.00,1.45,insn per cycle
167.810677556,375698032,,cycles,100186496,100.00,,
167.910860112,2585,,rD044,100151055,100.00,,
167.910860112,5502886,,rFF44,100150075,100.00,,
167.910860112,517919702,,instructions,100149685,100.00,1.38,insn per cycle
167.910860112,375534549,,cycles,100150175,100.00,,
168.011045538,160449,,rD044,100185396,100.00,,
168.011045538,9456631,,rFF44,100185846,100.00,,
168.011045538,714867277,,instructions,100186326,100.00,1.90,insn per cycle
168.011045538,375693709,,cycles,100185346,100.00,,
168.111233894,62951,,rD044,100186925,100.00,,
168.111233894,8746582,,rFF44,100187305,100.00,,
168.111233894,691494239,,instructions,100187745,100.00,1.84,insn per cycle
168.111233894,375707054,,cycles,100188896,100.00,,
168.211421490,41331,,rD044,100186796,100.00,,
168.211421490,7363345,,rFF44,100186936,100.00,,
168.211421490,633105891,,instructions,100186816,100.00,1.69,insn per cycle
168.211421490,375699136,,cycles,100186795,100.00,,
168.311622876,11761,,rD044,100200496,100.00,,
168.311622876,6138347,,rFF44,100200486,100.00,,
168.311622876,596075500,,instructions,100200176,100.00,1.59,insn per cycle
168.311622876,375746460,,cycles,100199416,100.00,,
168.411799252,634630,,rD044,100176155,100.00,,
168.411799252,17560757,,rFF44,100175915,100.00,,
168.411799252,1193070852,,instructions,100175835,100.00,3.18,insn per cycle
168.411799252,375656731,,cycles,100175475,100.00,,
168.511989788,723377,,rD044,100179186,100.00,,
168.511989788,24865120,,rFF44,100179846,100.00,,
168.511989788,1390494917,,instructions,100179666,100.00,3.70,insn per cycle
168.511989788,375646830,,cycles,100179856,100.00,,
168.612179264,1315372,,rD044,100189065,100.00,,
168.612179264,27534378,,rFF44,100188315,100.00,,
168.612179264,1440314063,,instructions,100188525,100.00,3.83,insn per cycle
168.612179264,375703651,,cycles,100188835,100.00,,
168.712372180,544411,,rD044,100192366,100.00,,
168.712372180,15211040,,rFF44,100192576,100.00,,
168.712372180,952533495,,instructions,100193246,100.00,2.54,insn per cycle
168.712372180,375721505,,cycles,100192756,100.00,,
168.812562136,355292,,rD044,100188785,100.00,,
168.812562136,12978814,,rFF44,100189085,100.00,,
168.812562136,886758718,,instructions,100188455,100.00,2.36,insn per cycle
168.812562136,375705837,,cycles,100188565,100.00,,
168.912755582,17401,,rD044,100175856,100.00,,
168.912755582,7247539,,rFF44,100175286,100.00,,
168.912755582,661647146,,instructions,100176416,100.00,1.76,insn per cycle
168.912755582,375637319,,cycles,100177676,100.00,,
169.012945127,78736,,rD044,100188835,100.00,,
169.012945127,9005280,,rFF44,100188985,100.00,,
169.012945127,764022971,,instructions,100188235,100.00,2.03,insn per cycle
169.012945127,375700452,,cycles,100187145,100.00,,
169.113134773,70028,,rD044,100188946,100.00,,
169.113134773,8419104,,rFF44,100189146,100.00,,
169.113134773,717800482,,instructions,100189606,100.00,1.91,insn per cycle
169.113134773,375706514,,cycles,100188756,100.00,,
169.213321629,159769,,rD044,100185805,100.00,,
169.213321629,8962824,,rFF44,100185765,100.00,,
169.213321629,746857398,,instructions,100184945,100.00,1.99,insn per cycle
169.213321629,375694753,,cycles,100185625,100.00,,
169.313508705,30073,,rD044,100185906,100.00,,
169.313508705,8254655,,rFF44,100185536,100.00,,
169.313508705,729944931,,instructions,100185206,100.00,1.94,insn per cycle
169.313508705,375693224,,cycles,100185216,100.00,,
169.413685211,162105,,rD044,100175855,100.00,,
169.413685211,11068866,,rFF44,100176445,100.00,,
169.413685211,859267577,,instructions,100176536,100.00,2.29,insn per cycle
169.413685211,375659600,,cycles,100176226,100.00,,
169.513872627,74038,,rD044,100186996,100.00,,
169.513872627,8159247,,rFF44,100186746,100.00,,
169.513872627,706582080,,instructions,100187155,100.00,1.88,insn per cycle
169.513872627,375700076,,cycles,100187065,100.00,,
169.614062903,90390,,rD044,100189206,100.00,,
169.614062903,8024577,,rFF44,100189706,100.00,,
169.614062903,691651364,,instructions,100189356,100.00,1.84,insn per cycle
169.614062903,375710881,,cycles,100189926,100.00,,
169.714249709,80810,,rD044,100186445,100.00,,
169.714249709,8538273,,rFF44,100186425,100.00,,
169.714249709,722623959,,instructions,100186695,100.00,1.92,insn per cycle
169.714249709,375696379,,cycles,100186055,100.00,,
169.814436785,220630,,rD044,100185956,100.00,,
169.814436785,11397002,,rFF44,100185946,100.00,,
169.814436785,835472567,,instructions,100185476,100.00,2.22,insn per cycle
169.814436785,375694365,,cycles,100185516,100.00,,
169.914626481,31774,,rD044,100147565,100.00,,
169.914626481,7523741,,rFF44,100146935,100.00,,
169.914626481,675210078,,instructions,100147485,100.00,1.80,insn per cycle
169.914626481,375523505,,cycles,100147855,100.00,,
170.014812907,137034,,rD044,100185046,100.00,,
170.014812907,10510924,,rFF44,100185326,100.00,,
170.014812907,782414511,,instructions,100185296,100.00,2.08,insn per cycle
170.014812907,375693805,,cycles,100185366,100.00,,
170.115000572,93134,,rD044,100187345,100.00,,
170.115000572,8835361,,rFF44,100188035,100.00,,
170.115000572,703678446,,instructions,100187795,100.00,1.87,insn per cycle
170.115000572,375702772,,cycles,100187765,100.00,,
170.215190788,14733,,rD044,100189036,100.00,,
170.215190788,6806598,,rFF44,100188736,100.00,,
170.215190788,612004212,,instructions,100188786,100.00,1.63,insn per cycle
170.215190788,375709676,,cycles,100189606,100.00,,
170.315378234,126187,,rD044,100186445,100.00,,
170.315378234,9218249,,rFF44,100185955,100.00,,
170.315378234,706731019,,instructions,100186055,100.00,1.88,insn per cycle
170.315378234,375692684,,cycles,100185075,100.00,,
170.415566150,7353,,rD044,100187046,100.00,,
170.415566150,6164291,,rFF44,100187186,100.00,,
170.415566150,587600552,,instructions,100186776,100.00,1.56,insn per cycle
170.415566150,375700734,,cycles,100187216,100.00,,
170.515766636,8434,,rD044,100199775,100.00,,
170.515766636,6641470,,rFF44,100199355,100.00,,
170.515766636,607572984,,instructions,100199415,100.00,1.62,insn per cycle
170.515766636,375746233,,cycles,100199346,100.00,,
170.615952602,135622,,rD044,100185616,100.00,,
170.615952602,12395536,,rFF44,100186046,100.00,,
170.615952602,841156970,,instructions,100186706,100.00,2.24,insn per cycle
170.615952602,375696294,,cycles,100186045,100.00,,
170.716141508,10922,,rD044,100188166,100.00,,
170.716141508,6503716,,rFF44,100188296,100.00,,
170.716141508,587075994,,instructions,100189056,100.00,1.56,insn per cycle
170.716141508,375707914,,cycles,100189726,100.00,,
170.816331694,9264,,rD044,100188685,100.00,,
170.816331694,6458934,,rFF44,100189125,100.00,,
170.816331694,592414925,,instructions,100187505,100.00,1.58,insn per cycle
170.816331694,375701745,,cycles,100187705,100.00,,
170.916519800,22427,,rD044,100168036,100.00,,
170.916519800,7363433,,rFF44,100167426,100.00,,
170.916519800,625848206,,instructions,100168896,100.00,1.67,insn per cycle
170.916519800,375609686,,cycles,100169916,100.00,,
171.016707146,70615,,rD044,100188115,100.00,,
171.016707146,8771522,,rFF44,100188375,100.00,,
171.016707146,685322528,,instructions,100187405,100.00,1.82,insn per cycle
171.016707146,375697665,,cycles,100186395,100.00,,
171.116898232,12836,,rD044,100189766,100.00,,
171.116898232,8076584,,rFF44,100189286,100.00,,
171.116898232,661048398,,instructions,100189256,100.00,1.76,insn per cycle
171.116898232,375705518,,cycles,100188276,100.00,,
171.217084598,269210,,rD044,100185855,100.00,,
171.217084598,10493257,,rFF44,100185295,100.00,,
171.217084598,733275269,,instructions,100185365,100.00,1.95,insn per cycle
171.217084598,375690823,,cycles,100186455,100.00,,
171.317272864,23084,,rD044,100186766,100.00,,
171.317272864,7034683,,rFF44,100187826,100.00,,
171.317272864,618845122,,instructions,100187876,100.00,1.65,insn per cycle
171.317272864,375701181,,cycles,100187346,100.00,,
171.417461850,48106,,rD044,100187735,100.00,,
171.417461850,7731372,,rFF44,100187525,100.00,,
171.417461850,618554007,,instructions,100187705,100.00,1.65,insn per cycle
171.417461850,375702933,,cycles,100187805,100.00,,
171.517648976,18666,,rD044,100186496,100.00,,
171.517648976,6314818,,rFF44,100186006,100.00,,
171.517648976,560647070,,instructions,100186866,100.00,1.49,insn per cycle
171.517648976,375700030,,cycles,100186816,100.00,,
171.617838081,27726,,rD044,100188765,100.00,,
171.617838081,6949501,,rFF44,100188955,100.00,,
171.617838081,631266050,,instructions,100187685,100.00,1.68,insn per cycle
171.617838081,375703309,,cycles,100188115,100.00,,
171.718026167,1030134,,rD044,100188336,100.00,,
171.718026167,26651867,,rFF44,100188286,100.00,,
171.718026167,1504829049,,instructions,100188456,100.00,4.01,insn per cycle
171.718026167,375704616,,cycles,100188256,100.00,,
171.818215083,671561,,rD044,100187465,100.00,,
171.818215083,24185624,,rFF44,100188605,100.00,,
171.818215083,1327793729,,instructions,100188276,100.00,3.53,insn per cycle
171.818215083,375704583,,cycles,100188246,100.00,,
171.918406909,62300,,rD044,100176746,100.00,,
171.918406909,8328871,,rFF44,100176006,100.00,,
171.918406909,638408447,,instructions,100176805,100.00,1.70,insn per cycle
171.918406909,375636924,,cycles,100177175,100.00,,
172.018597515,21803,,rD044,100189526,100.00,,
172.018597515,6340276,,rFF44,100201076,100.00,,
172.018597515,617664956,,instructions,100200476,100.00,1.64,insn per cycle
172.018597515,375748666,,cycles,100200006,100.00,,
172.118793991,63351,,rD044,100196015,100.00,,
172.118793991,10622714,,rFF44,100184545,100.00,,
172.118793991,692388691,,instructions,100183925,100.00,1.84,insn per cycle
172.118793991,375689687,,cycles,100184275,100.00,,
172.218981417,7010,,rD044,100186116,100.00,,
172.218981417,5704977,,rFF44,100185716,100.00,,
172.218981417,530624379,,instructions,100186426,100.00,1.41,insn per cycle
172.218981417,375696179,,cycles,100185996,100.00,,
172.319165533,71207,,rD044,100183725,100.00,,
172.319165533,7478645,,rFF44,100183875,100.00,,
172.319165533,622414377,,instructions,100184425,100.00,1.66,insn per cycle
172.319165533,375690547,,cycles,100184505,100.00,,
172.419352669,161175,,rD044,100186366,100.00,,
172.419352669,8748421,,rFF44,100186956,100.00,,
172.419352669,642132800,,instructions,100187106,100.00,1.71,insn per cycle
172.419352669,375699267,,cycles,100186826,100.00,,
172.519544965,130384,,rD044,100181585,100.00,,
172.519544965,10968756,,rFF44,100180765,100.00,,
172.519544965,788173419,,instructions,100179965,100.00,2.10,insn per cycle
172.519544965,375646558,,cycles,100179925,100.00,,
172.619744481,54911,,rD044,100198906,100.00,,
172.619744481,8471197,,rFF44,100199496,100.00,,
172.619744481,626860585,,instructions,100199346,100.00,1.67,insn per cycle
172.619744481,375745634,,cycles,100199186,100.00,,
172.719932587,6625,,rD044,100187345,100.00,,
172.719932587,5347367,,rFF44,100187695,100.00,,
172.719932587,507114222,,instructions,100188045,100.00,1.35,insn per cycle
172.719932587,375704828,,cycles,100188315,100.00,,
172.820120323,25029,,rD044,100185966,100.00,,
172.820120323,6936037,,rFF44,100185326,100.00,,
172.820120323,574052535,,instructions,100185156,100.00,1.53,insn per cycle
172.820120323,375693100,,cycles,100185186,100.00,,
172.920307149,2656,,rD044,100185815,100.00,,
172.920307149,5419283,,rFF44,100185796,100.00,,
172.920307149,509376089,,instructions,100185716,100.00,1.36,insn per cycle
172.920307149,375698059,,cycles,100186496,100.00,,
173.020494965,3477,,rD044,100187636,100.00,,
173.020494965,6321774,,rFF44,100187515,100.00,,
173.020494965,541451373,,instructions,100187835,100.00,1.44,insn per cycle
173.020494965,375700760,,cycles,100187225,100.00,,
173.120682800,42162,,rD044,100187876,100.00,,
173.120682800,7215330,,rFF44,100188256,100.00,,
173.120682800,626444748,,instructions,100188476,100.00,1.67,insn per cycle
173.120682800,375704058,,cycles,100188086,100.00,,
173.220870826,55087,,rD044,100186745,100.00,,
173.220870826,7949644,,rFF44,100185945,100.00,,
173.220870826,657469663,,instructions,100185395,100.00,1.75,insn per cycle
173.220870826,375695164,,cycles,100185735,100.00,,
173.321056752,9920,,rD044,100184676,100.00,,
173.321056752,6649910,,rFF44,100185456,100.00,,
173.321056752,608183962,,instructions,100186446,100.00,1.62,insn per cycle
173.321056752,375696191,,cycles,100186026,100.00,,
173.421243898,365623,,rD044,100186565,100.00,,
173.421243898,14126571,,rFF44,100186695,100.00,,
173.421243898,886540460,,instructions,100186195,100.00,2.36,insn per cycle
173.421243898,375697395,,cycles,100186325,100.00,,
173.521434404,26503,,rD044,100189766,100.00,,
173.521434404,6676532,,rFF44,100188776,100.00,,
173.521434404,599480690,,instructions,100189326,100.00,1.60,insn per cycle
173.521434404,375711204,,cycles,100190006,100.00,,
173.621623310,31388,,rD044,100188185,100.00,,
173.621623310,7604556,,rFF44,100188405,100.00,,
173.621623310,622787713,,instructions,100187105,100.00,1.66,insn per cycle
173.621623310,375700736,,cycles,100187205,100.00,,
173.721811916,35996,,rD044,100187986,100.00,,
173.721811916,7564979,,rFF44,100188546,100.00,,
173.721811916,657914957,,instructions,100188686,100.00,1.75,insn per cycle
173.721811916,375700740,,cycles,100188026,100.00,,
173.822021552,155901,,rD044,100208875,100.00,,
173.822021552,13102915,,rFF44,100208375,100.00,,
173.822021552,925548424,,instructions,100208565,100.00,2.46,insn per cycle
173.822021552,375781429,,cycles,100208745,100.00,,
173.922208498,57426,,rD044,100186216,100.00,,
173.922208498,8891296,,rFF44,100186216,100.00,,
173.922208498,691435782,,instructions,100186226,100.00,1.84,insn per cycle
173.922208498,375696841,,cycles,100186176,100.00,,
174.022397614,42287,,rD044,100187985,100.00,,
174.022397614,7523207,,rFF44,100188556,100.00,,
174.022397614,642349974,,instructions,100188746,100.00,1.71,insn per cycle
174.022397614,375705107,,cycles,100188386,100.00,,
174.122584010,61633,,rD044,100185046,100.00,,
174.122584010,7576961,,rFF44,100184765,100.00,,
174.122584010,648260278,,instructions,100185135,100.00,1.73,insn per cycle
174.122584010,375742315,,cycles,100198335,100.00,,
174.222784116,17910,,rD044,100199756,100.00,,
174.222784116,6222972,,rFF44,100199406,100.00,,
174.222784116,587077069,,instructions,100199156,100.00,1.56,insn per cycle
174.222784116,375692811,,cycles,100186706,100.00,,
174.322971282,174836,,rD044,100186045,100.00,,
174.322971282,10875466,,rFF44,100186555,100.00,,
174.322971282,777781352,,instructions,100186205,100.00,2.07,insn per cycle
174.322971282,375696114,,cycles,100185995,100.00,,
174.423161578,40663,,rD044,100189516,100.00,,
174.423161578,7113897,,rFF44,100189326,100.00,,
174.423161578,611807399,,instructions,100189206,100.00,1.63,insn per cycle
174.423161578,375711109,,cycles,100189976,100.00,,
174.523348064,6762,,rD044,100185815,100.00,,
174.523348064,6540915,,rFF44,100185765,100.00,,
174.523348064,606916992,,instructions,100186475,100.00,1.62,insn per cycle
174.523348064,375696068,,cycles,100185985,100.00,,
174.623534390,152118,,rD044,100186366,100.00,,
174.623534390,9447472,,rFF44,100186566,100.00,,
174.623534390,707970059,,instructions,100186386,100.00,1.88,insn per cycle
174.623534390,375694323,,cycles,100185506,100.00,,
174.723732396,28416,,rD044,100197075,100.00,,
174.723732396,7937818,,rFF44,100196865,100.00,,
174.723732396,648383336,,instructions,100197085,100.00,1.73,insn per cycle
174.723732396,375738160,,cycles,100197195,100.00,,
174.823919822,8413,,rD044,100185986,100.00,,
174.823919822,5963691,,rFF44,100185606,100.00,,
174.823919822,554336834,,instructions,100184906,100.00,1.48,insn per cycle
174.823919822,375692748,,cycles,100185086,100.00,,
174.924105827,42084,,rD044,100185835,100.00,,
174.924105827,8126357,,rFF44,100185625,100.00,,
174.924105827,663218369,,instructions,100186935,100.00,1.77,insn per cycle
174.924105827,375698537,,cycles,100186595,100.00,,
175.024293593,16643,,rD044,100185976,100.00,,
175.024293593,6860487,,rFF44,100186456,100.00,,
175.024293593,610997888,,instructions,100186096,100.00,1.63,insn per cycle
175.024293593,375697231,,cycles,100186326,100.00,,
175.124479519,482391,,rD044,100186415,100.00,,
175.124479519,16189490,,rFF44,100186455,100.00,,
175.124479519,993444164,,instructions,100185626,100.00,2.64,insn per cycle
175.124479519,375696151,,cycles,100185996,100.00,,
175.224667695,56197,,rD044,100186876,100.00,,
175.224667695,8946017,,rFF44,100186966,100.00,,
175.224667695,755539247,,instructions,100188085,100.00,2.01,insn per cycle
175.224667695,375702842,,cycles,100187785,100.00,,
175.324856711,236257,,rD044,100188426,100.00,,
175.324856711,11968077,,rFF44,100189076,100.00,,
175.324856711,851363318,,instructions,100187996,100.00,2.27,insn per cycle
175.324856711,375705534,,cycles,100188496,100.00,,
175.425047667,37515,,rD044,100189175,100.00,,
175.425047667,6708773,,rFF44,100188405,100.00,,
175.425047667,580822635,,instructions,100188045,100.00,1.55,insn per cycle
175.425047667,375701851,,cycles,100187505,100.00,,
175.525234213,7051,,rD044,100185966,100.00,,
175.525234213,5964193,,rFF44,100186116,100.00,,
175.525234213,572942417,,instructions,100186476,100.00,1.53,insn per cycle
175.525234213,375699100,,cycles,100186786,100.00,,
175.625420279,79006,,rD044,100185375,100.00,,
175.625420279,8542932,,rFF44,100185045,100.00,,
175.625420279,703363931,,instructions,100185145,100.00,1.87,insn per cycle
175.625420279,375697312,,cycles,100186105,100.00,,
175.725619725,178582,,rD044,100199536,100.00,,
175.725619725,8760224,,rFF44,100199706,100.00,,
175.725619725,672912012,,instructions,100200076,100.00,1.79,insn per cycle
175.725619725,375743220,,cycles,100198756,100.00,,
175.825809711,99260,,rD044,100188205,100.00,,
175.825809711,9187740,,rFF44,100188575,100.00,,
175.825809711,710543756,,instructions,100187925,100.00,1.89,insn per cycle
175.825809711,375705515,,cycles,100188495,100.00,,
175.925996877,30287,,rD044,100186166,100.00,,
175.925996877,8332998,,rFF44,100185716,100.00,,
175.925996877,663557240,,instructions,100187116,100.00,1.77,insn per cycle
175.925996877,375697892,,cycles,100186456,100.00,,
176.026182403,16535,,rD044,100185215,100.00,,
176.026182403,6336150,,rFF44,100185235,100.00,,
176.026182403,583554876,,instructions,100183725,100.00,1.55,insn per cycle
176.026182403,375691167,,cycles,100184665,100.00,,
176.126370598,47841,,rD044,100187176,100.00,,
176.126370598,7374357,,rFF44,100187086,100.00,,
176.126370598,663853690,,instructions,100187396,100.00,1.77,insn per cycle
176.126370598,375699414,,cycles,100186856,100.00,,
176.226557894,52323,,rD044,100186905,100.00,,
176.226557894,7583265,,rFF44,100187955,100.00,,
176.226557894,663009185,,instructions,100188305,100.00,1.76,insn per cycle
176.226557894,375705481,,cycles,100188495,100.00,,
176.326758210,18942,,rD044,100198736,100.00,,
176.326758210,5779563,,rFF44,100197986,100.00,,
176.326758210,609358923,,instructions,100198266,100.00,1.62,insn per cycle
176.326758210,375743733,,cycles,100198676,100.00,,
176.426947676,1571,,rD044,100189136,100.00,,
176.426947676,2424502,,rFF44,100189116,100.00,,
176.426947676,541721098,,instructions,100188466,100.00,1.44,insn per cycle
176.426947676,375702387,,cycles,100187666,100.00,,
176.527133512,1459,,rD044,100174885,100.00,,
176.527133512,2425566,,rFF44,100174435,100.00,,
176.527133512,542090384,,instructions,100174155,100.00,1.44,insn per cycle
176.527133512,375627996,,cycles,100175025,100.00,,
176.627317708,1229,,rD044,100183536,100.00,,
176.627317708,2428309,,rFF44,100183996,100.00,,
176.627317708,542406882,,instructions,100184586,100.00,1.44,insn per cycle
176.627317708,375686176,,cycles,100183326,100.00,,
176.727504724,1239,,rD044,100186535,100.00,,
176.727504724,2427579,,rFF44,100186475,100.00,,
176.727504724,542244554,,instructions,100185765,100.00,1.44,insn per cycle
176.727504724,375696778,,cycles,100186165,100.00,,
176.827690580,1223,,rD044,100184856,100.00,,
176.827690580,2427632,,rFF44,100185246,100.00,,
176.827690580,542108102,,instructions,100185716,100.00,1.44,insn per cycle
176.827690580,375696884,,cycles,100186196,100.00,,
176.927878706,1362,,rD044,100187315,100.00,,
176.927878706,2427893,,rFF44,100186515,100.00,,
176.927878706,542677852,,instructions,100186655,100.00,1.44,insn per cycle
176.927878706,375696807,,cycles,100186165,100.00,,
177.028064082,1511,,rD044,100184666,100.00,,
177.028064082,2427446,,rFF44,100185556,100.00,,
177.028064082,542136885,,instructions,100185636,100.00,1.44,insn per cycle
177.028064082,375694435,,cycles,100185536,100.00,,
177.128250648,1547,,rD044,100185865,100.00,,
177.128250648,2427612,,rFF44,100185765,100.00,,
177.128250648,542152593,,instructions,100185485,100.00,1.44,insn per cycle
177.128250648,375695454,,cycles,100185815,100.00,,
177.228437794,1496,,rD044,100186226,100.00,,
177.228437794,2426067,,rFF44,100185506,100.00,,
177.228437794,542107496,,instructions,100184876,100.00,1.44,insn per cycle
177.228437794,375690915,,cycles,100184596,100.00,,
177.328624239,1497,,rD044,100185605,100.00,,
177.328624239,2425566,,rFF44,100186245,100.00,,
177.328624239,541893461,,instructions,100187145,100.00,1.44,insn per cycle
177.328624239,375700751,,cycles,100187225,100.00,,
177.428811545,1413,,rD044,100186316,100.00,,
177.428811545,2426477,,rFF44,100185816,100.00,,
177.428811545,541666541,,instructions,100185716,100.00,1.44,insn per cycle
177.428811545,375697852,,cycles,100186446,100.00,,
177.528997911,1512,,rD044,100185245,100.00,,
177.528997911,2425092,,rFF44,100185145,100.00,,
177.528997911,541803729,,instructions,100185275,100.00,1.44,insn per cycle
177.528997911,375688892,,cycles,100184055,100.00,,
177.629183137,1216,,rD044,100184936,100.00,,
177.629183137,2426584,,rFF44,100185066,100.00,,
177.629183137,541862143,,instructions,100185516,100.00,1.44,insn per cycle
177.629183137,375696295,,cycles,100186036,100.00,,
177.729370163,1287,,rD044,100186545,100.00,,
177.729370163,2426808,,rFF44,100186706,100.00,,
177.729370163,542227691,,instructions,100186196,100.00,1.44,insn per cycle
177.729370163,375696983,,cycles,100186226,100.00,,
177.829558389,1532,,rD044,100187146,100.00,,
177.829558389,2426411,,rFF44,100187465,100.00,,
177.829558389,542056671,,instructions,100187315,100.00,1.44,insn per cycle
177.829558389,375701013,,cycles,100187285,100.00,,
177.929761765,1443,,rD044,100202606,100.00,,
177.929761765,2428649,,rFF44,100202476,100.00,,
177.929761765,542328280,,instructions,100202506,100.00,1.44,insn per cycle
177.929761765,375760936,,cycles,100203276,100.00,,
178.029951151,1468,,rD044,100188365,100.00,,
178.029951151,2427775,,rFF44,100187955,100.00,,
178.029951151,541913296,,instructions,100187735,100.00,1.44,insn per cycle
178.029951151,375699351,,cycles,100186845,100.00,,
178.130136987,1540,,rD044,100185836,100.00,,
178.130136987,2429239,,rFF44,100186306,100.00,,
178.130136987,541940509,,instructions,100186496,100.00,1.44,insn per cycle
178.130136987,375697739,,cycles,100186426,100.00,,
178.230325063,1454,,rD044,100187155,100.00,,
178.230325063,2430093,,rFF44,100186495,100.00,,
178.230325063,542258665,,instructions,100186625,100.00,1.44,insn per cycle
178.230325063,375698800,,cycles,100186705,100.00,,
178.330512669,1327,,rD044,100186166,100.00,,
178.330512669,2428870,,rFF44,100186256,100.00,,
178.330512669,541714987,,instructions,100186006,100.00,1.44,insn per cycle
178.330512669,375695602,,cycles,100185846,100.00,,
178.430702085,1464,,rD044,100188765,100.00,,
178.430702085,2429358,,rFF44,100188735,100.00,,
178.430702085,541735679,,instructions,100188335,100.00,1.44,insn per cycle
178.430702085,375708254,,cycles,100189225,100.00,,
178.530888051,1348,,rD044,100185136,100.00,,
178.530888051,2430803,,rFF44,100185526,100.00,,
178.530888051,542197634,,instructions,100185886,100.00,1.44,insn per cycle
178.530888051,375693523,,cycles,100185296,100.00,,
178.631072906,1451,,rD044,100183215,100.00,,
178.631072906,2430337,,rFF44,100182815,100.00,,
178.631072906,542217790,,instructions,100183005,100.00,1.44,insn per cycle
178.631072906,375684691,,cycles,100182935,100.00,,
178.731259252,1404,,rD044,100186276,100.00,,
178.731259252,2430047,,rFF44,100186726,100.00,,
178.731259252,542132747,,instructions,100187636,100.00,1.44,insn per cycle
178.731259252,375703317,,cycles,100187906,100.00,,
178.831449508,1684,,rD044,100189275,100.00,,
178.831449508,2429536,,rFF44,100189225,100.00,,
178.831449508,541268366,,instructions,100188615,100.00,1.44,insn per cycle
178.831449508,375701052,,cycles,100188136,100.00,,
178.931638984,1538,,rD044,100188986,100.00,,
178.931638984,2430915,,rFF44,100188946,100.00,,
178.931638984,541962872,,instructions,100188616,100.00,1.44,insn per cycle
178.931638984,375707971,,cycles,100189155,100.00,,
179.031824460,1662,,rD044,100184676,100.00,,
179.031824460,2431101,,rFF44,100185026,100.00,,
179.031824460,542520120,,instructions,100184996,100.00,1.44,insn per cycle
179.031824460,375691244,,cycles,100184686,100.00,,
179.132010476,1647,,rD044,100184395,100.00,,
179.132010476,2428604,,rFF44,100183535,100.00,,
179.132010476,541611017,,instructions,100184165,100.00,1.44,insn per cycle
179.132010476,375688959,,cycles,100184075,100.00,,
179.232196192,1340,,rD044,100185256,100.00,,
179.232196192,2429749,,rFF44,100186126,100.00,,
179.232196192,541744740,,instructions,100185436,100.00,1.44,insn per cycle
179.232196192,375695462,,cycles,100185816,100.00,,
179.332383098,1475,,rD044,100186435,100.00,,
179.332383098,2428729,,rFF44,100185825,100.00,,
179.332383098,541741822,,instructions,100186165,100.00,1.44,insn per cycle
179.332383098,375695049,,cycles,100185695,100.00,,
179.432570904,1735,,rD044,100186706,100.00,,
179.432570904,2427728,,rFF44,100186846,100.00,,
179.432570904,541572273,,instructions,100186386,100.00,1.44,insn per cycle
179.432570904,375701242,,cycles,100187356,100.00,,
179.532766130,1637,,rD044,100194655,100.00,,
179.532766130,2430548,,rFF44,100194535,100.00,,
179.532766130,542216407,,instructions,100194085,100.00,1.44,insn per cycle
179.532766130,375723820,,cycles,100193375,100.00,,
179.632950086,1368,,rD044,100182466,100.00,,
179.632950086,2429735,,rFF44,100182646,100.00,,
179.632950086,542025026,,instructions,100183016,100.00,1.44,insn per cycle
179.632950086,375684187,,cycles,100182806,100.00,,
179.733133872,1360,,rD044,100183335,100.00,,
179.733133872,2429138,,rFF44,100183325,100.00,,
179.733133872,541627343,,instructions,100183805,100.00,1.44,insn per cycle
179.733133872,375687042,,cycles,100183565,100.00,,
179.833320697,1307,,rD044,100186626,100.00,,
179.833320697,2430572,,rFF44,100187016,100.00,,
179.833320697,542114456,,instructions,100186686,100.00,1.44,insn per cycle
179.833320697,375699599,,cycles,100186916,100.00,,
179.933507623,1636,,rD044,100185565,100.00,,
179.933507623,2431033,,rFF44,100185045,100.00,,
179.933507623,542052533,,instructions,100185255,100.00,1.44,insn per cycle
179.933507623,375697787,,cycles,100186425,100.00,,
180.033691679,4101349,,rD044,100183636,100.00,,
180.033691679,23898130,,rFF44,100184036,100.00,,
180.033691679,666926643,,instructions,100184476,100.00,1.78,insn per cycle
180.033691679,375687139,,cycles,100183386,100.00,,
180.133878515,4748325,,rD044,100186095,100.00,,
180.133878515,27410974,,rFF44,100186645,100.00,,
180.133878515,685720541,,instructions,100185835,100.00,1.83,insn per cycle
180.133878515,375697991,,cycles,100186485,100.00,,
180.234068481,4790245,,rD044,100190246,100.00,,
180.234068481,27535386,,rFF44,100190056,100.00,,
180.234068481,687891010,,instructions,100190496,100.00,1.83,insn per cycle
180.234068481,375711820,,cycles,100190186,100.00,,
180.334255137,4752360,,rD044,100185375,100.00,,
180.334255137,27400413,,rFF44,100184886,100.00,,
180.334255137,685337616,,instructions,100185226,100.00,1.82,insn per cycle
180.334255137,375695419,,cycles,100185796,100.00,,
180.434448273,4647261,,rD044,100181256,100.00,,
180.434448273,26913496,,rFF44,100180865,100.00,,
180.434448273,674229734,,instructions,100180905,100.00,1.79,insn per cycle
180.434448273,375644597,,cycles,100180135,100.00,,
180.534630989,4655787,,rD044,100181896,100.00,,
180.534630989,26865857,,rFF44,100181716,100.00,,
180.534630989,675481622,,instructions,100181106,100.00,1.80,insn per cycle
180.534630989,375679898,,cycles,100181696,100.00,,
180.634819145,4762250,,rD044,100187715,100.00,,
180.634819145,27313071,,rFF44,100187865,100.00,,
180.634819145,686914541,,instructions,100188045,100.00,1.83,insn per cycle
180.634819145,375704363,,cycles,100188195,100.00,,
180.735006741,4727331,,rD044,100187476,100.00,,
180.735006741,27306522,,rFF44,100187746,100.00,,
180.735006741,687093418,,instructions,100187956,100.00,1.83,insn per cycle
180.735006741,375701270,,cycles,100187326,100.00,,
180.835194217,4744258,,rD044,100185715,100.00,,
180.835194217,27269987,,rFF44,100184925,100.00,,
180.835194217,685694115,,instructions,100184515,100.00,1.83,insn per cycle
180.835194217,375689504,,cycles,100184255,100.00,,
180.935381912,4415004,,rD044,100187226,100.00,,
180.935381912,26858879,,rFF44,100188046,100.00,,
180.935381912,791760668,,instructions,100188386,100.00,2.11,insn per cycle
180.935381912,375704077,,cycles,100188106,100.00,,
181.035567098,1599232,,rD044,100184495,100.00,,
181.035567098,25080379,,rFF44,100184725,100.00,,
181.035567098,1904071566,,instructions,100184205,100.00,5.07,insn per cycle
181.035567098,375689974,,cycles,100184355,100.00,,
181.135766674,1622453,,rD044,100198906,100.00,,
181.135766674,25083010,,rFF44,100198786,100.00,,
181.135766674,1904288575,,instructions,100199116,100.00,5.07,insn per cycle
181.135766674,375746282,,cycles,100199366,100.00,,
181.235955060,1614943,,rD044,100188075,100.00,,
181.235955060,25082233,,rFF44,100188345,100.00,,
181.235955060,1904230287,,instructions,100188585,100.00,5.07,insn per cycle
181.235955060,375705472,,cycles,100188685,100.00,,
181.336144496,4716929,,rD044,100189546,100.00,,
181.336144496,27778279,,rFF44,100189146,100.00,,
181.336144496,787526140,,instructions,100188786,100.00,2.10,insn per cycle
181.336144496,375707392,,cycles,100188786,100.00,,
181.436336482,6838697,,rD044,100190145,100.00,,
181.436336482,29865332,,rFF44,100189765,100.00,,
181.436336482,40910997,,instructions,100190616,100.00,0.11,insn per cycle
181.436336482,375714563,,cycles,100190906,100.00,,
181.536522058,6948217,,rD044,100154595,100.00,,
181.536522058,29598117,,rFF44,100154645,100.00,,
181.536522058,36968394,,instructions,100154734,100.00,0.10,insn per cycle
181.536522058,375547719,,cycles,100154324,100.00,,
181.636712124,6942906,,rD044,100189476,100.00,,
181.636712124,30125993,,rFF44,100190026,100.00,,
181.636712124,37611289,,instructions,100188946,100.00,0.10,insn per cycle
181.636712124,375707223,,cycles,100188986,100.00,,
181.736901590,6510274,,rD044,100188915,100.00,,
181.736901590,29012486,,rFF44,100188815,100.00,,
181.736901590,70780936,,instructions,100189485,100.00,0.19,insn per cycle
181.736901590,375712924,,cycles,100190465,100.00,,
181.837091036,1628153,,rD044,100188196,100.00,,
181.837091036,24548589,,rFF44,100187996,100.00,,
181.837091036,478670754,,instructions,100187526,100.00,1.27,insn per cycle
181.837091036,375700444,,cycles,100187136,100.00,,
181.937278272,1869108,,rD044,100187125,100.00,,
181.937278272,27546592,,rFF44,100187535,100.00,,
181.937278272,541328766,,instructions,100188285,100.00,1.44,insn per cycle
181.937278272,375703562,,cycles,100187985,100.00,,
182.037465398,2688097,,rD044,100186216,100.00,,
182.037465398,35193333,,rFF44,100186036,100.00,,
182.037465398,718421008,,instructions,100185326,100.00,1.91,insn per cycle
182.037465398,375693211,,cycles,100185416,100.00,,
182.137659214,3729456,,rD044,5974052308,100.00,,
182.137659214,41893445,,rFF44,5986536075,100.00,,
182.137659214,19187501621,,instructions,5996600368,100.00,0.85,insn per cycle
182.137659214,22518411368,,cycles,6006540165,100.00,,
182.238554688,3908959,,rD044,6456568915,100.00,,
182.238554688,45483941,,rFF44,6456025030,100.00,,
182.238554688,20772753148,,instructions,6456002362,100.00,0.86,insn per cycle
182.238554688,24211344428,,cycles,6456383372,100.00,,
182.339434212,49387197,,rD044,4208553933,100.00,,
182.339434212,168385484,,rFF44,4211637213,100.00,,
182.339434212,10210549044,,instructions,4214590734,100.00,0.65,insn per cycle
182.339434212,15810510912,,cycles,4216551772,100.00,,
182.440464267,4204948,,rD044,6463141231,100.00,,
182.440464267,26997288,,rFF44,6459076562,100.00,,
182.440464267,32300055400,,instructions,6455305789,100.00,1.34,insn per cycle
182.440464267,24193992698,,cycles,6451768216,100.00,,
182.541240950,30114,,rD044,6449706448,100.00,,
182.541240950,1780543,,rFF44,6449161766,100.00,,
182.541240950,53586657796,,instructions,6449113940,100.00,2.22,insn per cycle
182.541240950,24184328355,,cycles,6449178514,100.00,,
182.642018883,22589,,rD044,6450434295,100.00,,
182.642018883,1796010,,rFF44,6450834985,100.00,,
182.642018883,53578993790,,instructions,6450713751,100.00,2.21,insn per cycle
182.642018883,24192042123,,cycles,6451234656,100.00,,
182.742842546,20822208,,rD044,6453531837,100.00,,
182.742842546,141464330,,rFF44,6454913282,100.00,,
182.742842546,19790292114,,instructions,6455421667,100.00,0.82,insn per cycle
182.742842546,24207489584,,cycles,6455353652,100.00,,
182.843704960,4095286,,rD044,6454606891,100.00,,
182.843704960,47562100,,rFF44,6454315272,100.00,,
182.843704960,20415348674,,instructions,6454721431,100.00,0.84,insn per cycle
182.843704960,24206838151,,cycles,6455176712,100.00,,
182.944620074,13936920,,rD044,2135771251,100.00,,
182.944620074,107573197,,rFF44,2153027897,100.00,,
182.944620074,6088958050,,instructions,2169867757,100.00,0.74,insn per cycle
182.944620074,8192916060,,cycles,2185287856,100.00,,
183.046619361,99987833,,rD044,6528341074,100.00,,
183.046619361,654919707,,rFF44,6527752870,100.00,,
183.046619361,12595885349,,instructions,6529998281,100.00,0.51,insn per cycle
183.046619361,24489254821,,cycles,6530564402,100.00,,
183.148647488,99991038,,rD044,6526727614,100.00,,
183.148647488,651706140,,rFF44,6515581846,100.00,,
183.148647488,12688433470,,instructions,6497354167,100.00,0.52,insn per cycle
183.148647488,24310971262,,cycles,6483028860,100.00,,
183.249964017,98790539,,rD044,6486096605,100.00,,
183.249964017,644737131,,rFF44,6496797527,100.00,,
183.249964017,12719444328,,instructions,6512684407,100.00,0.52,insn per cycle
183.249964017,24484153783,,cycles,6529126172,100.00,,
183.351997574,100030127,,rD044,6530251241,100.00,,
183.351997574,648598926,,rFF44,6529818383,100.00,,
183.351997574,12738730644,,instructions,6528547799,100.00,0.52,insn per cycle
183.351997574,24469391266,,cycles,6525199954,100.00,,
183.453930510,99949715,,rD044,6524781015,100.00,,
183.453930510,648058788,,rFF44,6525884114,100.00,,
183.453930510,12750888294,,instructions,6525741489,100.00,0.52,insn per cycle
183.453930510,24474155553,,cycles,6526460942,100.00,,
183.555956577,100136074,,rD044,6524193260,100.00,,
183.555956577,653290855,,rFF44,6523549041,100.00,,
183.555956577,12680644865,,instructions,6522736292,100.00,0.52,insn per cycle
183.555956577,24464449182,,cycles,6524156593,100.00,,
183.657903303,99786473,,rD044,6528352045,100.00,,
183.657903303,656731834,,rFF44,6528459557,100.00,,
183.657903303,12670078353,,instructions,6528950485,100.00,0.52,insn per cycle
183.657903303,24469568486,,cycles,6525242177,100.00,,
183.759847190,100157841,,rD044,6525134465,100.00,,
183.759847190,656611677,,rFF44,6527237566,100.00,,
183.759847190,12676961872,,instructions,6527425353,100.00,0.52,insn per cycle
183.759847190,24464555553,,cycles,6523980976,100.00,,
183.861629184,99406214,,rD044,6513039633,100.00,,
183.861629184,647375529,,rFF44,6508793299,100.00,,
183.861629184,12721642322,,instructions,6507261831,100.00,0.52,insn per cycle
183.861629184,24426604700,,cycles,6513826242,100.00,,
183.963553870,100493023,,rD044,6521668380,100.00,,
183.963553870,652446286,,rFF44,6522903661,100.00,,
183.963553870,12699669933,,instructions,6524706288,100.00,0.52,insn per cycle
183.963553870,24454282907,,cycles,6521278766,100.00,,
184.065419265,99935575,,rD044,6521059020,100.00,,
184.065419265,649247015,,rFF44,6523753976,100.00,,
184.065419265,12734613874,,instructions,6525685032,100.00,0.52,insn per cycle
184.065419265,24498729919,,cycles,6533055540,100.00,,
184.167641934,100436076,,rD044,6542399124,100.00,,
184.167641934,657860989,,rFF44,6542493769,100.00,,
184.167641934,12668340394,,instructions,6542107066,100.00,0.52,insn per cycle
184.167641934,24522098998,,cycles,6539299134,100.00,,
184.269784413,100957055,,rD044,6536782379,100.00,,
184.269784413,662118622,,rFF44,6537626204,100.00,,
184.269784413,12690030372,,instructions,6537819486,100.00,0.52,insn per cycle
184.269784413,24504632213,,cycles,6534591523,100.00,,
184.371854801,100570133,,rD044,6532964222,100.00,,
184.371854801,655750132,,rFF44,6532611824,100.00,,
184.371854801,12714627135,,instructions,6530063864,100.00,0.52,insn per cycle
184.371854801,24485005173,,cycles,6529359594,100.00,,
184.473892228,99922704,,rD044,6528033744,100.00,,
184.473892228,650240790,,rFF44,6526816943,100.00,,
184.473892228,12741239890,,instructions,6527416695,100.00,0.52,insn per cycle
184.473892228,24470467172,,cycles,6525892605,100.00,,
184.575812854,100394413,,rD044,6522378463,100.00,,
184.575812854,650320212,,rFF44,6521122130,100.00,,
184.575812854,12717852890,,instructions,6521801420,100.00,0.52,insn per cycle
184.575812854,24474626941,,cycles,6526637522,100.00,,
184.677850501,100514867,,rD044,6528362526,100.00,,
184.677850501,654851598,,rFF44,6531156728,100.00,,
184.677850501,12679631770,,instructions,6531454354,100.00,0.52,insn per cycle
184.677850501,24487051349,,cycles,6529909613,100.00,,
184.779887738,99958355,,rD044,6533649374,100.00,,
184.779887738,656984066,,rFF44,6533576340,100.00,,
184.779887738,12701567361,,instructions,6532489161,100.00,0.52,insn per cycle
184.779887738,24498930775,,cycles,6533140420,100.00,,
184.881998236,100871361,,rD044,6534224733,100.00,,
184.881998236,661538392,,rFF44,6530479176,100.00,,
184.881998236,12665179082,,instructions,6519418210,100.00,0.52,insn per cycle
184.881998236,24408770969,,cycles,6509117879,100.00,,
184.983639949,99723029,,rD044,6500622709,100.00,,
184.983639949,646526356,,rFF44,6499735881,100.00,,
184.983639949,12723552047,,instructions,6512150285,100.00,0.52,insn per cycle
184.983639949,24472486959,,cycles,6526110820,100.00,,
185.085602155,100424034,,rD044,6526800073,100.00,,
185.085602155,652048908,,rFF44,6528330108,100.00,,
185.085602155,12726600483,,instructions,6525610461,100.00,0.52,insn per cycle
185.085602155,24449104043,,cycles,6519957203,100.00,,
185.187497371,99580925,,rD044,6521331874,100.00,,
185.187497371,647589129,,rFF44,6521059311,100.00,,
185.187497371,12773079301,,instructions,6523452769,100.00,0.52,insn per cycle
185.187497371,24464785343,,cycles,6524014927,100.00,,
185.289470318,100269991,,rD044,6526741240,100.00,,
185.289470318,655032913,,rFF44,6528579760,100.00,,
185.289470318,12701185297,,instructions,6528518648,100.00,0.52,insn per cycle
185.289470318,24489823065,,cycles,6530652655,100.00,,
185.391487965,99788902,,rD044,6528861771,100.00,,
185.391487965,654091173,,rFF44,6525669370,100.00,,
185.391487965,12695906330,,instructions,6526187048,100.00,0.52,insn per cycle
185.391487965,24480202057,,cycles,6528075414,100.00,,
185.467259759,52790245,,rD044,4592530723,100.00,,
185.467259759,347387597,,rFF44,4566370810,100.00,,
185.467259759,10141208837,,instructions,4539764796,100.00,0.60,insn per cycle
185.467259759,16917504866,,cycles,4511523688,100.00,,
