[OMPT] ompt_initialize (OPCIÓN C: integrador con fugas)
[HWLOC] Nodos NUMA detectados: 2
[HWLOC] Nodo 0: 128 CPUs
[HWLOC] Nodo 1: 128 CPUs
[OMPT] callback 'ompt_callback_thread_begin' registrado (result=5)
[OMPT] callback 'ompt_callback_thread_end' registrado (result=5)
[OMPT] callback 'ompt_callback_parallel_begin' registrado (result=5)
[OMPT] callback 'ompt_callback_parallel_end' registrado (result=5)
[OMPT] callback 'ompt_callback_implicit_task' registrado (result=5)
[OMPT] callback 'ompt_callback_control_tool' registrado (result=5)
[OMPT] Callbacks registrados
[OMPT] Sistema: 0 procesadores lógicos
[OMPT][MON] Monitor (C: integrador con fugas)  período=100ms  warmup=5  T=ref+1.00*MAD  leak=0.50*MAD  cap=8.00*MAD  max_mig=1
[OMPT][PERF] Contadores pausados (esperando start) tid=72606
[OMPT] thread_begin: tipo=ompt_thread_initial    ompt_id=281474976710657 tid=72606 cpu=255 numa=1
[OMPT] implicit_task_begin: parallel_id=0 thread_num=1 team_size=1
[OMPT] parallel_begin: parallel_id=281474976710659 team_size=8
[OMPT][PERF] Contadores pausados (esperando start) tid=72608
[OMPT] thread_begin: tipo=ompt_thread_worker     ompt_id=562949953421313 tid=72608 cpu=64 numa=1
[OMPT][PERF] Contadores pausados (esperando start) tid=72609
[OMPT] thread_begin: tipo=ompt_thread_worker     ompt_id=844424930131969 tid=72609 cpu=73 numa=1
[OMPT][PERF] Contadores pausados (esperando start) tid=72610
[OMPT] thread_begin: tipo=ompt_thread_worker     ompt_id=1125899906842625 tid=72610 cpu=46 numa=0
[OMPT][PERF] Contadores pausados (esperando start) tid=72611
[OMPT] implicit_task_begin: parallel_id=281474976710659 thread_num=1 team_size=8
[OMPT] thread_begin: tipo=ompt_thread_worker     ompt_id=1407374883553281 tid=72611 cpu=214 numa=1
[OMPT][PERF] Contadores pausados (esperando start) tid=72612
[OMPT] thread_begin: tipo=ompt_thread_worker     ompt_id=1970324836974593 tid=72612 cpu=222 numa=1
[OMPT] implicit_task_begin: parallel_id=281474976710659 thread_num=4 team_size=8
[OMPT][PERF] Contadores pausados (esperando start) tid=72614
[OMPT] thread_begin: tipo=ompt_thread_worker     ompt_id=2251799813685249 tid=72614 cpu=231 numa=1
[OMPT] implicit_task_begin: parallel_id=281474976710659 thread_num=2 team_size=8
[OMPT] implicit_task_begin: parallel_id=281474976710659 thread_num=5 team_size=8
[OMPT] implicit_task_begin: parallel_id=281474976710659 thread_num=0 team_size=8
[OMPT] implicit_task_begin: parallel_id=281474976710659 thread_num=3 team_size=8
[OMPT][PERF] Contadores pausados (esperando start) tid=72613
[OMPT] thread_begin: tipo=ompt_thread_worker     ompt_id=1688849860263937 tid=72613 cpu=0 numa=0
[OMPT] implicit_task_begin: parallel_id=281474976710659 thread_num=6 team_size=8
[OMPT] implicit_task_begin: parallel_id=281474976710659 thread_num=7 team_size=8
[OMPT] implicit_task_end: parallel_id=0 thread_num=0
[OMPT] parallel_end: parallel_id=281474976710659
[OMPT] parallel_begin: parallel_id=281474976710661 team_size=8
[OMPT] implicit_task_end: parallel_id=0 thread_num=4
[OMPT] implicit_task_begin: parallel_id=281474976710661 thread_num=0 team_size=8
[OMPT] implicit_task_end: parallel_id=0 thread_num=5
[OMPT] implicit_task_end: parallel_id=0 thread_num=3
[OMPT] implicit_task_end: parallel_id=0 thread_num=1
[OMPT] implicit_task_end: parallel_id=0 thread_num=2
[OMPT] implicit_task_end: parallel_id=0 thread_num=6
[OMPT] implicit_task_end: parallel_id=0 thread_num=7
[OMPT] implicit_task_begin: parallel_id=281474976710661 thread_num=6 team_size=8
[OMPT] implicit_task_begin: parallel_id=281474976710661 thread_num=5 team_size=8
[OMPT] implicit_task_begin: parallel_id=281474976710661 thread_num=3 team_size=8
[OMPT] implicit_task_begin: parallel_id=281474976710661 thread_num=2 team_size=8
[OMPT] implicit_task_begin: parallel_id=281474976710661 thread_num=4 team_size=8
[OMPT] implicit_task_begin: parallel_id=281474976710661 thread_num=7 team_size=8
[OMPT] implicit_task_begin: parallel_id=281474976710661 thread_num=1 team_size=8
[OMPT] implicit_task_end: parallel_id=0 thread_num=0
[OMPT] parallel_end: parallel_id=281474976710661
[OMPT] parallel_begin: parallel_id=281474976710663 team_size=8
[OMPT] implicit_task_end: parallel_id=0 thread_num=4
[OMPT] implicit_task_end: parallel_id=0 thread_num=6
[OMPT] implicit_task_begin: parallel_id=281474976710663 thread_num=0 team_size=8
[OMPT] implicit_task_end: parallel_id=0 thread_num=3
[OMPT] implicit_task_begin: parallel_id=281474976710663 thread_num=4 team_size=8
[OMPT] implicit_task_end: parallel_id=0 thread_num=7
[OMPT] implicit_task_end: parallel_id=0 thread_num=1
[OMPT] implicit_task_end: parallel_id=0 thread_num=2
[OMPT] implicit_task_begin: parallel_id=281474976710663 thread_num=1 team_size=8
[OMPT] implicit_task_end: parallel_id=0 thread_num=5
[OMPT] implicit_task_begin: parallel_id=281474976710663 thread_num=2 team_size=8
[OMPT] implicit_task_begin: parallel_id=281474976710663 thread_num=3 team_size=8
[OMPT] implicit_task_begin: parallel_id=281474976710663 thread_num=7 team_size=8
[OMPT] implicit_task_begin: parallel_id=281474976710663 thread_num=6 team_size=8
[OMPT] implicit_task_begin: parallel_id=281474976710663 thread_num=5 team_size=8
[OMPT] implicit_task_end: parallel_id=0 thread_num=0
[OMPT] parallel_end: parallel_id=281474976710663
[OMPT] parallel_begin: parallel_id=281474976710665 team_size=8
[OMPT] implicit_task_end: parallel_id=0 thread_num=4
[OMPT] implicit_task_end: parallel_id=0 thread_num=5
[OMPT] implicit_task_begin: parallel_id=281474976710665 thread_num=0 team_size=8
[OMPT] implicit_task_end: parallel_id=0 thread_num=2
[OMPT] implicit_task_end: parallel_id=0 thread_num=3
[OMPT] implicit_task_begin: parallel_id=281474976710665 thread_num=5 team_size=8
[OMPT] implicit_task_end: parallel_id=0 thread_num=6
[OMPT] implicit_task_begin: parallel_id=281474976710665 thread_num=3 team_size=8
[OMPT] implicit_task_end: parallel_id=0 thread_num=7
[OMPT] implicit_task_begin: parallel_id=281474976710665 thread_num=4 team_size=8
[OMPT] implicit_task_begin: parallel_id=281474976710665 thread_num=2 team_size=8
[OMPT] implicit_task_begin: parallel_id=281474976710665 thread_num=7 team_size=8
[OMPT] implicit_task_end: parallel_id=0 thread_num=1
[OMPT] implicit_task_begin: parallel_id=281474976710665 thread_num=6 team_size=8
[OMPT] implicit_task_begin: parallel_id=281474976710665 thread_num=1 team_size=8
[OMPT] implicit_task_end: parallel_id=0 thread_num=0
[OMPT] parallel_end: parallel_id=281474976710665
[OMPT] control_tool: INICIANDO medicion
[OMPT] parallel_begin: parallel_id=281474976710667 team_size=8
[OMPT] implicit_task_end: parallel_id=0 thread_num=3
[OMPT] implicit_task_begin: parallel_id=281474976710667 thread_num=0 team_size=8
[OMPT] implicit_task_begin: parallel_id=281474976710667 thread_num=3 team_size=8
[OMPT] implicit_task_end: parallel_id=0 thread_num=1
[OMPT] implicit_task_begin: parallel_id=281474976710667 thread_num=1 team_size=8
[OMPT] implicit_task_end: parallel_id=0 thread_num=2
[OMPT] implicit_task_begin: parallel_id=281474976710667 thread_num=2 team_size=8
[OMPT] implicit_task_end: parallel_id=0 thread_num=4
[OMPT] implicit_task_end: parallel_id=0 thread_num=7
[OMPT] implicit_task_end: parallel_id=0 thread_num=5
[OMPT] implicit_task_begin: parallel_id=281474976710667 thread_num=7 team_size=8
[OMPT] implicit_task_end: parallel_id=0 thread_num=6
[OMPT] implicit_task_begin: parallel_id=281474976710667 thread_num=4 team_size=8
[OMPT] implicit_task_begin: parallel_id=281474976710667 thread_num=6 team_size=8
[OMPT] implicit_task_begin: parallel_id=281474976710667 thread_num=5 team_size=8
[OMPT][WIN100ms] ompt_id=281474976710657 tid=72606  tipo=ompt_thread_initial    cpu=255 numa=1  d_rm=    3415  d_instr=1468121526  d_cyc= 373257503  d_all= 9509404  IPC=3.933  ratio_rm=0.0004
[OMPT][WIN100ms] ompt_id=562949953421313 tid=72608  tipo=ompt_thread_worker     cpu= 64 numa=1  d_rm=    3042  d_instr=1410561504  d_cyc= 374024799  d_all= 9140091  IPC=3.771  ratio_rm=0.0003
[OMPT][WIN100ms] ompt_id=844424930131969 tid=72609  tipo=ompt_thread_worker     cpu= 73 numa=1  d_rm=    3137  d_instr=1458926874  d_cyc= 373929741  d_all= 9455470  IPC=3.902  ratio_rm=0.0003
[OMPT][WIN100ms] ompt_id=1125899906842625 tid=72610  tipo=ompt_thread_worker     cpu= 46 numa=0  d_rm=    2964  d_instr=1451983481  d_cyc= 374178012  d_all= 9412151  IPC=3.880  ratio_rm=0.0003
[OMPT][WIN100ms] ompt_id=1407374883553281 tid=72611  tipo=ompt_thread_worker     cpu=214 numa=1  d_rm=    3176  d_instr=1436062519  d_cyc= 374025750  d_all= 9305698  IPC=3.839  ratio_rm=0.0003
[OMPT][WIN100ms] ompt_id=1970324836974593 tid=72612  tipo=ompt_thread_worker     cpu=222 numa=1  d_rm=    3343  d_instr=1434967885  d_cyc= 374230787  d_all= 9300867  IPC=3.834  ratio_rm=0.0004
[OMPT][WIN100ms] ompt_id=2251799813685249 tid=72614  tipo=ompt_thread_worker     cpu=231 numa=1  d_rm=    3313  d_instr=1388584816  d_cyc= 374320783  d_all= 8992967  IPC=3.710  ratio_rm=0.0004
[OMPT][WIN100ms] ompt_id=1688849860263937 tid=72613  tipo=ompt_thread_worker     cpu=  0 numa=0  d_rm=    3032  d_instr=1460440624  d_cyc= 374115218  d_all= 9462375  IPC=3.904  ratio_rm=0.0003
[OMPT] implicit_task_end: parallel_id=0 thread_num=0
[OMPT] parallel_end: parallel_id=281474976710667
[OMPT] parallel_begin: parallel_id=281474976710669 team_size=8
[OMPT] implicit_task_end: parallel_id=0 thread_num=4
[OMPT] implicit_task_end: parallel_id=0 thread_num=7
[OMPT] implicit_task_end: parallel_id=0 thread_num=2
[OMPT] implicit_task_end: parallel_id=0 thread_num=3
[OMPT] implicit_task_begin: parallel_id=281474976710669 thread_num=2 team_size=8
[OMPT] implicit_task_end: parallel_id=0 thread_num=5
[OMPT] implicit_task_end: parallel_id=0 thread_num=6
[OMPT] implicit_task_begin: parallel_id=281474976710669 thread_num=5 team_size=8
[OMPT] implicit_task_begin: parallel_id=281474976710669 thread_num=0 team_size=8
[OMPT] implicit_task_begin: parallel_id=281474976710669 thread_num=4 team_size=8
[OMPT] implicit_task_begin: parallel_id=281474976710669 thread_num=7 team_size=8
[OMPT] implicit_task_begin: parallel_id=281474976710669 thread_num=3 team_size=8
[OMPT] implicit_task_begin: parallel_id=281474976710669 thread_num=6 team_size=8
[OMPT] implicit_task_end: parallel_id=0 thread_num=1
[OMPT] implicit_task_begin: parallel_id=281474976710669 thread_num=1 team_size=8
[OMPT][WIN100ms] ompt_id=281474976710657 tid=72606  tipo=ompt_thread_initial    cpu=255 numa=1  d_rm=    4914  d_instr=1346585597  d_cyc= 370489831  d_all= 8575865  IPC=3.635  ratio_rm=0.0006
[OMPT][WIN100ms] ompt_id=562949953421313 tid=72608  tipo=ompt_thread_worker     cpu= 64 numa=1  d_rm=    3309  d_instr=1410300620  d_cyc= 372427225  d_all= 9105683  IPC=3.787  ratio_rm=0.0004
[OMPT][WIN100ms] ompt_id=844424930131969 tid=72609  tipo=ompt_thread_worker     cpu= 73 numa=1  d_rm=    3336  d_instr=1367748432  d_cyc= 371074663  d_all= 8713170  IPC=3.686  ratio_rm=0.0004
[OMPT][WIN100ms] ompt_id=1125899906842625 tid=72610  tipo=ompt_thread_worker     cpu= 46 numa=0  d_rm=    3200  d_instr=1381423753  d_cyc= 371315731  d_all= 8836474  IPC=3.720  ratio_rm=0.0004
[OMPT][WIN100ms] ompt_id=1407374883553281 tid=72611  tipo=ompt_thread_worker     cpu=214 numa=1  d_rm=    3252  d_instr=1370393055  d_cyc= 371345127  d_all= 8783956  IPC=3.690  ratio_rm=0.0004
[OMPT][WIN100ms] ompt_id=1970324836974593 tid=72612  tipo=ompt_thread_worker     cpu=222 numa=1  d_rm=    3574  d_instr=1384369768  d_cyc= 371238404  d_all= 8866071  IPC=3.729  ratio_rm=0.0004
[OMPT][WIN100ms] ompt_id=2251799813685249 tid=72614  tipo=ompt_thread_worker     cpu=231 numa=1  d_rm=    6601  d_instr=1424921361  d_cyc= 373420703  d_all= 9225922  IPC=3.816  ratio_rm=0.0007
[OMPT][WIN100ms] ompt_id=1688849860263937 tid=72613  tipo=ompt_thread_worker     cpu=  0 numa=0  d_rm=    3284  d_instr=1374940992  d_cyc= 370602458  d_all= 8778601  IPC=3.710  ratio_rm=0.0004
[OMPT][WIN100ms] ompt_id=281474976710657 tid=72606  tipo=ompt_thread_initial    cpu=255 numa=1  d_rm=    3378  d_instr=1451339720  d_cyc= 373649127  d_all= 9402119  IPC=3.884  ratio_rm=0.0004
[OMPT][WIN100ms] ompt_id=562949953421313 tid=72608  tipo=ompt_thread_worker     cpu= 64 numa=1  d_rm=    2956  d_instr=1440810800  d_cyc= 374103626  d_all= 9340852  IPC=3.851  ratio_rm=0.0003
[OMPT][WIN100ms] ompt_id=844424930131969 tid=72609  tipo=ompt_thread_worker     cpu= 73 numa=1  d_rm=    3209  d_instr=1439862545  d_cyc= 373039048  d_all= 9285293  IPC=3.860  ratio_rm=0.0003
[OMPT][WIN100ms] ompt_id=1125899906842625 tid=72610  tipo=ompt_thread_worker     cpu= 46 numa=0  d_rm=    3312  d_instr=1439783953  d_cyc= 373823300  d_all= 9314098  IPC=3.852  ratio_rm=0.0004
[OMPT][WIN100ms] ompt_id=1407374883553281 tid=72611  tipo=ompt_thread_worker     cpu=214 numa=1  d_rm=    3291  d_instr=1410547932  d_cyc= 374016234  d_all= 9140107  IPC=3.771  ratio_rm=0.0004
[OMPT][WIN100ms] ompt_id=1970324836974593 tid=72612  tipo=ompt_thread_worker     cpu=222 numa=1  d_rm=    3429  d_instr=1440547749  d_cyc= 373180243  d_all= 9302198  IPC=3.860  ratio_rm=0.0004
[OMPT][WIN100ms] ompt_id=2251799813685249 tid=72614  tipo=ompt_thread_worker     cpu=231 numa=1  d_rm=    3509  d_instr=1402727539  d_cyc= 374289478  d_all= 9082533  IPC=3.748  ratio_rm=0.0004
[OMPT][WIN100ms] ompt_id=1688849860263937 tid=72613  tipo=ompt_thread_worker     cpu=  0 numa=0  d_rm=    3368  d_instr=1437970144  d_cyc= 373540536  d_all= 9288585  IPC=3.850  ratio_rm=0.0004
[OMPT] implicit_task_end: parallel_id=0 thread_num=0
[OMPT] parallel_end: parallel_id=281474976710669
[OMPT] parallel_begin: parallel_id=281474976710671 team_size=8
[OMPT] implicit_task_end: parallel_id=0 thread_num=4
[OMPT] implicit_task_end: parallel_id=0 thread_num=7
[OMPT] implicit_task_begin: parallel_id=281474976710671 thread_num=0 team_size=8
[OMPT] implicit_task_end: parallel_id=0 thread_num=1
[OMPT] implicit_task_begin: parallel_id=281474976710671 thread_num=4 team_size=8
[OMPT] implicit_task_end: parallel_id=0 thread_num=2
[OMPT] implicit_task_end: parallel_id=0 thread_num=5
[OMPT] implicit_task_end: parallel_id=0 thread_num=6
[OMPT] implicit_task_end: parallel_id=0 thread_num=3
[OMPT] implicit_task_begin: parallel_id=281474976710671 thread_num=1 team_size=8
[OMPT] implicit_task_begin: parallel_id=281474976710671 thread_num=3 team_size=8
[OMPT] implicit_task_begin: parallel_id=281474976710671 thread_num=7 team_size=8
[OMPT] implicit_task_begin: parallel_id=281474976710671 thread_num=2 team_size=8
[OMPT] implicit_task_begin: parallel_id=281474976710671 thread_num=5 team_size=8
[OMPT] implicit_task_begin: parallel_id=281474976710671 thread_num=6 team_size=8
[OMPT][WIN100ms] ompt_id=281474976710657 tid=72606  tipo=ompt_thread_initial    cpu=255 numa=1  d_rm=    4415  d_instr=1389073921  d_cyc= 372504046  d_all= 8930525  IPC=3.729  ratio_rm=0.0005
[OMPT][WIN100ms] ompt_id=562949953421313 tid=72608  tipo=ompt_thread_worker     cpu= 64 numa=1  d_rm=    3727  d_instr=1403624387  d_cyc= 372561607  d_all= 9038867  IPC=3.767  ratio_rm=0.0004
[OMPT][WIN100ms] ompt_id=844424930131969 tid=72609  tipo=ompt_thread_worker     cpu= 73 numa=1  d_rm=    3268  d_instr=1410311653  d_cyc= 372122697  d_all= 9068916  IPC=3.790  ratio_rm=0.0004
[OMPT][WIN100ms] ompt_id=1125899906842625 tid=72610  tipo=ompt_thread_worker     cpu= 46 numa=0  d_rm=    3203  d_instr=1397147534  d_cyc= 372047636  d_all= 8987342  IPC=3.755  ratio_rm=0.0004
[OMPT][WIN100ms] ompt_id=1407374883553281 tid=72611  tipo=ompt_thread_worker     cpu=214 numa=1  d_rm=    3473  d_instr=1418122356  d_cyc= 373686084  d_all= 9179735  IPC=3.795  ratio_rm=0.0004
[OMPT][WIN100ms] ompt_id=1970324836974593 tid=72612  tipo=ompt_thread_worker     cpu=222 numa=1  d_rm=    3557  d_instr=1420072489  d_cyc= 371705747  d_all= 9136841  IPC=3.820  ratio_rm=0.0004
[OMPT][WIN100ms] ompt_id=2251799813685249 tid=72614  tipo=ompt_thread_worker     cpu=231 numa=1  d_rm=    6594  d_instr=1459420925  d_cyc= 373691564  d_all= 9439213  IPC=3.905  ratio_rm=0.0007
[OMPT][WIN100ms] ompt_id=1688849860263937 tid=72613  tipo=ompt_thread_worker     cpu=  0 numa=0  d_rm=    3150  d_instr=1412065975  d_cyc= 371550673  d_all= 9076104  IPC=3.800  ratio_rm=0.0003
[OMPT] implicit_task_end: parallel_id=0 thread_num=0
[OMPT] parallel_end: parallel_id=281474976710671
[OMPT] parallel_begin: parallel_id=281474976710673 team_size=8
[OMPT] implicit_task_end: parallel_id=0 thread_num=4
[OMPT] implicit_task_end: parallel_id=0 thread_num=5
[OMPT] implicit_task_end: parallel_id=0 thread_num=1
[OMPT] implicit_task_begin: parallel_id=281474976710673 thread_num=5 team_size=8
[OMPT] implicit_task_end: parallel_id=0 thread_num=2
[OMPT] implicit_task_end: parallel_id=0 thread_num=7
[OMPT] implicit_task_end: parallel_id=0 thread_num=6
[OMPT] implicit_task_begin: parallel_id=281474976710673 thread_num=7 team_size=8
[OMPT] implicit_task_begin: parallel_id=281474976710673 thread_num=0 team_size=8
[OMPT] implicit_task_begin: parallel_id=281474976710673 thread_num=4 team_size=8
[OMPT] implicit_task_begin: parallel_id=281474976710673 thread_num=1 team_size=8
[OMPT] implicit_task_begin: parallel_id=281474976710673 thread_num=2 team_size=8
[OMPT] implicit_task_begin: parallel_id=281474976710673 thread_num=6 team_size=8
[OMPT] implicit_task_end: parallel_id=0 thread_num=3
[OMPT] implicit_task_begin: parallel_id=281474976710673 thread_num=3 team_size=8
[OMPT][WIN100ms] ompt_id=281474976710657 tid=72606  tipo=ompt_thread_initial    cpu=255 numa=1  d_rm=    4643  d_instr=1410798730  d_cyc= 372102940  d_all= 9087334  IPC=3.791  ratio_rm=0.0005
[OMPT][WIN100ms] ompt_id=562949953421313 tid=72608  tipo=ompt_thread_worker     cpu= 64 numa=1  d_rm=    3236  d_instr=1402786111  d_cyc= 372410555  d_all= 9055042  IPC=3.767  ratio_rm=0.0004
[OMPT][WIN100ms] ompt_id=844424930131969 tid=72609  tipo=ompt_thread_worker     cpu= 73 numa=1  d_rm=    3404  d_instr=1400931119  d_cyc= 371055725  d_all= 8979691  IPC=3.776  ratio_rm=0.0004
[OMPT][WIN100ms] ompt_id=1125899906842625 tid=72610  tipo=ompt_thread_worker     cpu= 46 numa=0  d_rm=    3395  d_instr=1406088562  d_cyc= 371757226  d_all= 9051579  IPC=3.782  ratio_rm=0.0004
[OMPT][WIN100ms] ompt_id=1407374883553281 tid=72611  tipo=ompt_thread_worker     cpu=214 numa=1  d_rm=    3287  d_instr=1412000635  d_cyc= 373069345  d_all= 9146547  IPC=3.785  ratio_rm=0.0004
[OMPT][WIN100ms] ompt_id=1970324836974593 tid=72612  tipo=ompt_thread_worker     cpu=222 numa=1  d_rm=    3555  d_instr=1396443071  d_cyc= 371538524  d_all= 8941307  IPC=3.759  ratio_rm=0.0004
[OMPT][WIN100ms] ompt_id=2251799813685249 tid=72614  tipo=ompt_thread_worker     cpu=231 numa=1  d_rm=    6540  d_instr=1391204310  d_cyc= 371825631  d_all= 8918627  IPC=3.742  ratio_rm=0.0007
[OMPT][WIN100ms] ompt_id=1688849860263937 tid=72613  tipo=ompt_thread_worker     cpu=  0 numa=0  d_rm=    3125  d_instr=1395827668  d_cyc= 371333531  d_all= 8964056  IPC=3.759  ratio_rm=0.0003
[OMPT][WIN100ms] ompt_id=281474976710657 tid=72606  tipo=ompt_thread_initial    cpu=255 numa=1  d_rm=    3102  d_instr=1438605160  d_cyc= 373829223  d_all= 9329432  IPC=3.848  ratio_rm=0.0003
[OMPT][WIN100ms] ompt_id=562949953421313 tid=72608  tipo=ompt_thread_worker     cpu= 64 numa=1  d_rm=    3077  d_instr=1410015101  d_cyc= 374094535  d_all= 9137719  IPC=3.769  ratio_rm=0.0003
[OMPT][WIN100ms] ompt_id=844424930131969 tid=72609  tipo=ompt_thread_worker     cpu= 73 numa=1  d_rm=    3367  d_instr=1459784501  d_cyc= 373984644  d_all= 9462411  IPC=3.903  ratio_rm=0.0004
[OMPT][WIN100ms] ompt_id=1125899906842625 tid=72610  tipo=ompt_thread_worker     cpu= 46 numa=0  d_rm=    3332  d_instr=1433190335  d_cyc= 374154488  d_all= 9284405  IPC=3.830  ratio_rm=0.0004
[OMPT][WIN100ms] ompt_id=1407374883553281 tid=72611  tipo=ompt_thread_worker     cpu=214 numa=1  d_rm=    3122  d_instr=1452433979  d_cyc= 373868585  d_all= 9408291  IPC=3.885  ratio_rm=0.0003
[OMPT][WIN100ms] ompt_id=1970324836974593 tid=72612  tipo=ompt_thread_worker     cpu=222 numa=1  d_rm=    3417  d_instr=1460519567  d_cyc= 373663028  d_all= 9446845  IPC=3.909  ratio_rm=0.0004
[OMPT][WIN100ms] ompt_id=2251799813685249 tid=72614  tipo=ompt_thread_worker     cpu=231 numa=1  d_rm=    3137  d_instr=1406575579  d_cyc= 374095823  d_all= 9101245  IPC=3.760  ratio_rm=0.0003
[OMPT][WIN100ms] ompt_id=1688849860263937 tid=72613  tipo=ompt_thread_worker     cpu=  0 numa=0  d_rm=    3024  d_instr=1444211877  d_cyc= 373722714  d_all= 9341721  IPC=3.864  ratio_rm=0.0003
[OMPT] implicit_task_end: parallel_id=0 thread_num=0
[OMPT] parallel_end: parallel_id=281474976710673
[OMPT] parallel_begin: parallel_id=281474976710675 team_size=8
[OMPT] implicit_task_end: parallel_id=0 thread_num=1
[OMPT] implicit_task_begin: parallel_id=281474976710675 thread_num=0 team_size=8
[OMPT] implicit_task_end: parallel_id=0 thread_num=2
[OMPT] implicit_task_end: parallel_id=0 thread_num=3
[OMPT] implicit_task_begin: parallel_id=281474976710675 thread_num=2 team_size=8
[OMPT] implicit_task_begin: parallel_id=281474976710675 thread_num=3 team_size=8
[OMPT] implicit_task_end: parallel_id=0 thread_num=4
[OMPT] implicit_task_end: parallel_id=0 thread_num=7
[OMPT] implicit_task_begin: parallel_id=281474976710675 thread_num=1 team_size=8
[OMPT] implicit_task_begin: parallel_id=281474976710675 thread_num=4 team_size=8
[OMPT] implicit_task_end: parallel_id=0 thread_num=6
[OMPT] implicit_task_end: parallel_id=0 thread_num=5
[OMPT] implicit_task_begin: parallel_id=281474976710675 thread_num=7 team_size=8
[OMPT] implicit_task_begin: parallel_id=281474976710675 thread_num=6 team_size=8
[OMPT] implicit_task_begin: parallel_id=281474976710675 thread_num=5 team_size=8
[OMPT][WIN100ms] ompt_id=281474976710657 tid=72606  tipo=ompt_thread_initial    cpu=255 numa=1  d_rm=    4323  d_instr=1355865333  d_cyc= 371345509  d_all= 8672150  IPC=3.651  ratio_rm=0.0005
[OMPT][WIN100ms] ompt_id=562949953421313 tid=72608  tipo=ompt_thread_worker     cpu= 64 numa=1  d_rm=    3134  d_instr=1374240598  d_cyc= 372480939  d_all= 8846786  IPC=3.689  ratio_rm=0.0004
[OMPT][WIN100ms] ompt_id=844424930131969 tid=72609  tipo=ompt_thread_worker     cpu= 73 numa=1  d_rm=    3378  d_instr=1344601553  d_cyc= 370224936  d_all= 8536666  IPC=3.632  ratio_rm=0.0004
[OMPT][WIN100ms] ompt_id=1125899906842625 tid=72610  tipo=ompt_thread_worker     cpu= 46 numa=0  d_rm=    3339  d_instr=1366304487  d_cyc= 371024984  d_all= 8715277  IPC=3.683  ratio_rm=0.0004
[OMPT][WIN100ms] ompt_id=1407374883553281 tid=72611  tipo=ompt_thread_worker     cpu=214 numa=1  d_rm=    3003  d_instr=1345263019  d_cyc= 370809307  d_all= 8593110  IPC=3.628  ratio_rm=0.0003
[OMPT][WIN100ms] ompt_id=1970324836974593 tid=72612  tipo=ompt_thread_worker     cpu=222 numa=1  d_rm=    3377  d_instr=1341594050  d_cyc= 369701406  d_all= 8521035  IPC=3.629  ratio_rm=0.0004
[OMPT][WIN100ms] ompt_id=2251799813685249 tid=72614  tipo=ompt_thread_worker     cpu=231 numa=1  d_rm=    6631  d_instr=1370907976  d_cyc= 373580028  d_all= 8869747  IPC=3.670  ratio_rm=0.0007
[OMPT][WIN100ms] ompt_id=1688849860263937 tid=72613  tipo=ompt_thread_worker     cpu=  0 numa=0  d_rm=    3150  d_instr=1352680160  d_cyc= 371034255  d_all= 8638029  IPC=3.646  ratio_rm=0.0004
[OMPT][WIN100ms] ompt_id=281474976710657 tid=72606  tipo=ompt_thread_initial    cpu=255 numa=1  d_rm=    3359  d_instr=1442570637  d_cyc= 373857509  d_all= 9355088  IPC=3.859  ratio_rm=0.0004
[OMPT][WIN100ms] ompt_id=562949953421313 tid=72608  tipo=ompt_thread_worker     cpu= 64 numa=1  d_rm=    3084  d_instr=1436149716  d_cyc= 374007449  d_all= 9309897  IPC=3.840  ratio_rm=0.0003
[OMPT][WIN100ms] ompt_id=844424930131969 tid=72609  tipo=ompt_thread_worker     cpu= 73 numa=1  d_rm=    3509  d_instr=1454890343  d_cyc= 373688393  d_all= 9431980  IPC=3.893  ratio_rm=0.0004
[OMPT][WIN100ms] ompt_id=1125899906842625 tid=72610  tipo=ompt_thread_worker     cpu= 46 numa=0  d_rm=    3300  d_instr=1457074356  d_cyc= 374058488  d_all= 9438414  IPC=3.895  ratio_rm=0.0003
[OMPT][WIN100ms] ompt_id=1407374883553281 tid=72611  tipo=ompt_thread_worker     cpu=214 numa=1  d_rm=    3240  d_instr=1445451958  d_cyc= 373699253  d_all= 9349854  IPC=3.868  ratio_rm=0.0003
[OMPT][WIN100ms] ompt_id=1970324836974593 tid=72612  tipo=ompt_thread_worker     cpu=222 numa=1  d_rm=    3558  d_instr=1456485631  d_cyc= 374109587  d_all= 9420842  IPC=3.893  ratio_rm=0.0004
[OMPT][WIN100ms] ompt_id=2251799813685249 tid=72614  tipo=ompt_thread_worker     cpu=231 numa=1  d_rm=    3590  d_instr=1435690051  d_cyc= 374088971  d_all= 9287550  IPC=3.838  ratio_rm=0.0004
[OMPT][WIN100ms] ompt_id=1688849860263937 tid=72613  tipo=ompt_thread_worker     cpu=  0 numa=0  d_rm=    3137  d_instr=1437039002  d_cyc= 373909528  d_all= 9295457  IPC=3.843  ratio_rm=0.0003
[OMPT] implicit_task_end: parallel_id=0 thread_num=0
[OMPT] parallel_end: parallel_id=281474976710675
[OMPT] parallel_begin: parallel_id=281474976710677 team_size=8
[OMPT] implicit_task_end: parallel_id=0 thread_num=4
[OMPT] implicit_task_end: parallel_id=0 thread_num=7
[OMPT] implicit_task_begin: parallel_id=281474976710677 thread_num=0 team_size=8
[OMPT] implicit_task_end: parallel_id=0 thread_num=2
[OMPT] implicit_task_end: parallel_id=0 thread_num=1
[OMPT] implicit_task_begin: parallel_id=281474976710677 thread_num=2 team_size=8
[OMPT] implicit_task_end: parallel_id=0 thread_num=6
[OMPT] implicit_task_begin: parallel_id=281474976710677 thread_num=6 team_size=8
[OMPT] implicit_task_end: parallel_id=0 thread_num=3
[OMPT] implicit_task_begin: parallel_id=281474976710677 thread_num=3 team_size=8
[OMPT] implicit_task_begin: parallel_id=281474976710677 thread_num=4 team_size=8
[OMPT] implicit_task_begin: parallel_id=281474976710677 thread_num=7 team_size=8
[OMPT] implicit_task_end: parallel_id=0 thread_num=5
[OMPT] implicit_task_begin: parallel_id=281474976710677 thread_num=1 team_size=8
[OMPT] implicit_task_begin: parallel_id=281474976710677 thread_num=5 team_size=8
[OMPT][WIN100ms] ompt_id=281474976710657 tid=72606  tipo=ompt_thread_initial    cpu=255 numa=1  d_rm=    4547  d_instr=1420679439  d_cyc= 373145975  d_all= 9168920  IPC=3.807  ratio_rm=0.0005
[OMPT][WIN100ms] ompt_id=562949953421313 tid=72608  tipo=ompt_thread_worker     cpu= 64 numa=1  d_rm=    3212  d_instr=1431979050  d_cyc= 373172707  d_all= 9275626  IPC=3.837  ratio_rm=0.0003
[OMPT][WIN100ms] ompt_id=844424930131969 tid=72609  tipo=ompt_thread_worker     cpu= 73 numa=1  d_rm=    3267  d_instr=1417905700  d_cyc= 372257097  d_all= 9129867  IPC=3.809  ratio_rm=0.0004
[OMPT][WIN100ms] ompt_id=1125899906842625 tid=72610  tipo=ompt_thread_worker     cpu= 46 numa=0  d_rm=    3255  d_instr=1415164112  d_cyc= 372404107  d_all= 9117846  IPC=3.800  ratio_rm=0.0004
[OMPT][WIN100ms] ompt_id=1407374883553281 tid=72611  tipo=ompt_thread_worker     cpu=214 numa=1  d_rm=    3533  d_instr=1418477471  d_cyc= 372922329  d_all= 9168020  IPC=3.804  ratio_rm=0.0004
[OMPT][WIN100ms] ompt_id=1970324836974593 tid=72612  tipo=ompt_thread_worker     cpu=222 numa=1  d_rm=    3509  d_instr=1413622035  d_cyc= 372098632  d_all= 9099107  IPC=3.799  ratio_rm=0.0004
[OMPT][WIN100ms] ompt_id=2251799813685249 tid=72614  tipo=ompt_thread_worker     cpu=231 numa=1  d_rm=    6724  d_instr=1431797960  d_cyc= 373472315  d_all= 9262211  IPC=3.834  ratio_rm=0.0007
[OMPT][WIN100ms] ompt_id=1688849860263937 tid=72613  tipo=ompt_thread_worker     cpu=  0 numa=0  d_rm=    3188  d_instr=1419261060  d_cyc= 372826737  d_all= 9159043  IPC=3.807  ratio_rm=0.0003
[OMPT][WIN100ms] ompt_id=281474976710657 tid=72606  tipo=ompt_thread_initial    cpu=255 numa=1  d_rm=    3218  d_instr=1451986620  d_cyc= 373877326  d_all= 9411112  IPC=3.884  ratio_rm=0.0003
[OMPT][WIN100ms] ompt_id=562949953421313 tid=72608  tipo=ompt_thread_worker     cpu= 64 numa=1  d_rm=    2866  d_instr=1395049624  d_cyc= 374142821  d_all= 9039708  IPC=3.729  ratio_rm=0.0003
[OMPT][WIN100ms] ompt_id=844424930131969 tid=72609  tipo=ompt_thread_worker     cpu= 73 numa=1  d_rm=    3133  d_instr=1458339234  d_cyc= 374055123  d_all= 9432587  IPC=3.899  ratio_rm=0.0003
[OMPT][WIN100ms] ompt_id=1125899906842625 tid=72610  tipo=ompt_thread_worker     cpu= 46 numa=0  d_rm=    3412  d_instr=1447959060  d_cyc= 374175741  d_all= 9366316  IPC=3.870  ratio_rm=0.0004
[OMPT][WIN100ms] ompt_id=1407374883553281 tid=72611  tipo=ompt_thread_worker     cpu=214 numa=1  d_rm=    3196  d_instr=1451794719  d_cyc= 373904920  d_all= 9390722  IPC=3.883  ratio_rm=0.0003
[OMPT][WIN100ms] ompt_id=1970324836974593 tid=72612  tipo=ompt_thread_worker     cpu=222 numa=1  d_rm=    3579  d_instr=1451125676  d_cyc= 374167713  d_all= 9386488  IPC=3.878  ratio_rm=0.0004
[OMPT][WIN100ms] ompt_id=2251799813685249 tid=72614  tipo=ompt_thread_worker     cpu=231 numa=1  d_rm=    3432  d_instr=1468167350  d_cyc= 373667266  d_all= 9495815  IPC=3.929  ratio_rm=0.0004
[OMPT][WIN100ms] ompt_id=1688849860263937 tid=72613  tipo=ompt_thread_worker     cpu=  0 numa=0  d_rm=    3006  d_instr=1439414213  d_cyc= 373894280  d_all= 9311045  IPC=3.850  ratio_rm=0.0003
[OMPT] implicit_task_end: parallel_id=0 thread_num=0
[OMPT] parallel_end: parallel_id=281474976710677
[OMPT] parallel_begin: parallel_id=281474976710679 team_size=8
[OMPT] implicit_task_end: parallel_id=0 thread_num=1
[OMPT] implicit_task_begin: parallel_id=281474976710679 thread_num=0 team_size=8
[OMPT] implicit_task_end: parallel_id=0 thread_num=4
[OMPT] implicit_task_begin: parallel_id=281474976710679 thread_num=1 team_size=8
[OMPT] implicit_task_end: parallel_id=0 thread_num=5
[OMPT] implicit_task_end: parallel_id=0 thread_num=2
[OMPT] implicit_task_begin: parallel_id=281474976710679 thread_num=5 team_size=8
[OMPT] implicit_task_end: parallel_id=0 thread_num=3
[OMPT] implicit_task_end: parallel_id=0 thread_num=6
[OMPT] implicit_task_begin: parallel_id=281474976710679 thread_num=6 team_size=8
[OMPT] implicit_task_begin: parallel_id=281474976710679 thread_num=4 team_size=8
[OMPT] implicit_task_end: parallel_id=0 thread_num=7
[OMPT] implicit_task_begin: parallel_id=281474976710679 thread_num=2 team_size=8
[OMPT] implicit_task_begin: parallel_id=281474976710679 thread_num=3 team_size=8
[OMPT] implicit_task_begin: parallel_id=281474976710679 thread_num=7 team_size=8
[OMPT][WIN100ms] ompt_id=281474976710657 tid=72606  tipo=ompt_thread_initial    cpu=255 numa=1  d_rm=    4308  d_instr=1366665030  d_cyc= 371468166  d_all= 8736567  IPC=3.679  ratio_rm=0.0005
[OMPT][WIN100ms] ompt_id=562949953421313 tid=72608  tipo=ompt_thread_worker     cpu= 64 numa=1  d_rm=    3105  d_instr=1405632987  d_cyc= 374032753  d_all= 9108503  IPC=3.758  ratio_rm=0.0003
[OMPT][WIN100ms] ompt_id=844424930131969 tid=72609  tipo=ompt_thread_worker     cpu= 73 numa=1  d_rm=    3247  d_instr=1367450919  d_cyc= 370553159  d_all= 8718592  IPC=3.690  ratio_rm=0.0004
[OMPT][WIN100ms] ompt_id=1125899906842625 tid=72610  tipo=ompt_thread_worker     cpu= 46 numa=0  d_rm=    3293  d_instr=1369338242  d_cyc= 371173074  d_all= 8761389  IPC=3.689  ratio_rm=0.0004
[OMPT][WIN100ms] ompt_id=1407374883553281 tid=72611  tipo=ompt_thread_worker     cpu=214 numa=1  d_rm=    3242  d_instr=1365161018  d_cyc= 371122737  d_all= 8727170  IPC=3.678  ratio_rm=0.0004
[OMPT][WIN100ms] ompt_id=1970324836974593 tid=72612  tipo=ompt_thread_worker     cpu=222 numa=1  d_rm=    3487  d_instr=1371304028  d_cyc= 371936644  d_all= 8776493  IPC=3.687  ratio_rm=0.0004
[OMPT][WIN100ms] ompt_id=2251799813685249 tid=72614  tipo=ompt_thread_worker     cpu=231 numa=1  d_rm=    6441  d_instr=1363520916  d_cyc= 370243890  d_all= 8678108  IPC=3.683  ratio_rm=0.0007
[OMPT][WIN100ms] ompt_id=1688849860263937 tid=72613  tipo=ompt_thread_worker     cpu=  0 numa=0  d_rm=    3730  d_instr=1386516511  d_cyc= 371789841  d_all= 8889566  IPC=3.729  ratio_rm=0.0004
[OMPT][WIN100ms] ompt_id=281474976710657 tid=72606  tipo=ompt_thread_initial    cpu=255 numa=1  d_rm=    3183  d_instr=1450684179  d_cyc= 374040257  d_all= 9388402  IPC=3.878  ratio_rm=0.0003
[OMPT][WIN100ms] ompt_id=562949953421313 tid=72608  tipo=ompt_thread_worker     cpu= 64 numa=1  d_rm=    3019  d_instr=1436825196  d_cyc= 374274760  d_all= 9294721  IPC=3.839  ratio_rm=0.0003
[OMPT][WIN100ms] ompt_id=844424930131969 tid=72609  tipo=ompt_thread_worker     cpu= 73 numa=1  d_rm=    3315  d_instr=1457062819  d_cyc= 373962099  d_all= 9424789  IPC=3.896  ratio_rm=0.0004
[OMPT][WIN100ms] ompt_id=1125899906842625 tid=72610  tipo=ompt_thread_worker     cpu= 46 numa=0  d_rm=    3337  d_instr=1450441969  d_cyc= 374256023  d_all= 9382170  IPC=3.876  ratio_rm=0.0004
[OMPT][WIN100ms] ompt_id=1407374883553281 tid=72611  tipo=ompt_thread_worker     cpu=214 numa=1  d_rm=    2963  d_instr=1429052691  d_cyc= 374009857  d_all= 9244732  IPC=3.821  ratio_rm=0.0003
[OMPT][WIN100ms] ompt_id=1970324836974593 tid=72612  tipo=ompt_thread_worker     cpu=222 numa=1  d_rm=    3352  d_instr=1451461124  d_cyc= 374212033  d_all= 9388683  IPC=3.879  ratio_rm=0.0004
[OMPT][WIN100ms] ompt_id=2251799813685249 tid=72614  tipo=ompt_thread_worker     cpu=231 numa=1  d_rm=    3377  d_instr=1463478853  d_cyc= 373831586  d_all= 9465993  IPC=3.915  ratio_rm=0.0004
[OMPT][WIN100ms] ompt_id=1688849860263937 tid=72613  tipo=ompt_thread_worker     cpu=  0 numa=0  d_rm=    3375  d_instr=1448385630  d_cyc= 374089300  d_all= 9368471  IPC=3.872  ratio_rm=0.0004
[OMPT] implicit_task_end: parallel_id=0 thread_num=0
[OMPT] parallel_end: parallel_id=281474976710679
[OMPT] parallel_begin: parallel_id=281474976710681 team_size=8
[OMPT] implicit_task_end: parallel_id=0 thread_num=4
[OMPT] implicit_task_end: parallel_id=0 thread_num=5
[OMPT] implicit_task_begin: parallel_id=281474976710681 thread_num=0 team_size=8
[OMPT] implicit_task_end: parallel_id=0 thread_num=1
[OMPT] implicit_task_begin: parallel_id=281474976710681 thread_num=4 team_size=8
[OMPT] implicit_task_end: parallel_id=0 thread_num=6
[OMPT] implicit_task_begin: parallel_id=281474976710681 thread_num=5 team_size=8
[OMPT] implicit_task_end: parallel_id=0 thread_num=3
[OMPT] implicit_task_end: parallel_id=0 thread_num=2
[OMPT] implicit_task_begin: parallel_id=281474976710681 thread_num=6 team_size=8
[OMPT] implicit_task_end: parallel_id=0 thread_num=7
[OMPT] implicit_task_begin: parallel_id=281474976710681 thread_num=1 team_size=8
[OMPT] implicit_task_begin: parallel_id=281474976710681 thread_num=3 team_size=8
[OMPT] implicit_task_begin: parallel_id=281474976710681 thread_num=2 team_size=8
[OMPT] implicit_task_begin: parallel_id=281474976710681 thread_num=7 team_size=8
[OMPT][WIN100ms] ompt_id=281474976710657 tid=72606  tipo=ompt_thread_initial    cpu=255 numa=1  d_rm=    4437  d_instr=1417286182  d_cyc= 373382569  d_all= 9155976  IPC=3.796  ratio_rm=0.0005
[OMPT][WIN100ms] ompt_id=562949953421313 tid=72608  tipo=ompt_thread_worker     cpu= 64 numa=1  d_rm=    3134  d_instr=1427027177  d_cyc= 372901055  d_all= 9220196  IPC=3.827  ratio_rm=0.0003
[OMPT][WIN100ms] ompt_id=844424930131969 tid=72609  tipo=ompt_thread_worker     cpu= 73 numa=1  d_rm=    3461  d_instr=1414926728  d_cyc= 372174217  d_all= 9104802  IPC=3.802  ratio_rm=0.0004
[OMPT][WIN100ms] ompt_id=1125899906842625 tid=72610  tipo=ompt_thread_worker     cpu= 46 numa=0  d_rm=    3584  d_instr=1428199683  d_cyc= 372614308  d_all= 9212936  IPC=3.833  ratio_rm=0.0004
[OMPT][WIN100ms] ompt_id=1407374883553281 tid=72611  tipo=ompt_thread_worker     cpu=214 numa=1  d_rm=    3567  d_instr=1436191372  d_cyc= 373818529  d_all= 9298091  IPC=3.842  ratio_rm=0.0004
[OMPT][WIN100ms] ompt_id=1970324836974593 tid=72612  tipo=ompt_thread_worker     cpu=222 numa=1  d_rm=    3632  d_instr=1427133575  d_cyc= 373224375  d_all= 9198880  IPC=3.824  ratio_rm=0.0004
[OMPT][WIN100ms] ompt_id=2251799813685249 tid=72614  tipo=ompt_thread_worker     cpu=231 numa=1  d_rm=    6577  d_instr=1414283948  d_cyc= 371858272  d_all= 9082435  IPC=3.803  ratio_rm=0.0007
[OMPT][WIN100ms] ompt_id=1688849860263937 tid=72613  tipo=ompt_thread_worker     cpu=  0 numa=0  d_rm=    3820  d_instr=1431141675  d_cyc= 372676500  d_all= 9226568  IPC=3.840  ratio_rm=0.0004
[OMPT][WIN100ms] ompt_id=281474976710657 tid=72606  tipo=ompt_thread_initial    cpu=255 numa=1  d_rm=    3115  d_instr=1432031860  d_cyc= 373887928  d_all= 9263554  IPC=3.830  ratio_rm=0.0003
[OMPT][WIN100ms] ompt_id=562949953421313 tid=72608  tipo=ompt_thread_worker     cpu= 64 numa=1  d_rm=    2952  d_instr=1438470489  d_cyc= 373563314  d_all= 9305291  IPC=3.851  ratio_rm=0.0003
[OMPT][WIN100ms] ompt_id=844424930131969 tid=72609  tipo=ompt_thread_worker     cpu= 73 numa=1  d_rm=    3664  d_instr=1456261265  d_cyc= 374022515  d_all= 9419465  IPC=3.894  ratio_rm=0.0004
[OMPT][WIN100ms] ompt_id=1125899906842625 tid=72610  tipo=ompt_thread_worker     cpu= 46 numa=0  d_rm=    3167  d_instr=1449466775  d_cyc= 374120244  d_all= 9375475  IPC=3.874  ratio_rm=0.0003
[OMPT][WIN100ms] ompt_id=1407374883553281 tid=72611  tipo=ompt_thread_worker     cpu=214 numa=1  d_rm=    2928  d_instr=1427516207  d_cyc= 373872149  d_all= 9234733  IPC=3.818  ratio_rm=0.0003
[OMPT][WIN100ms] ompt_id=1970324836974593 tid=72612  tipo=ompt_thread_worker     cpu=222 numa=1  d_rm=    3433  d_instr=1445977871  d_cyc= 374080513  d_all= 9353408  IPC=3.865  ratio_rm=0.0004
[OMPT][WIN100ms] ompt_id=2251799813685249 tid=72614  tipo=ompt_thread_worker     cpu=231 numa=1  d_rm=    3286  d_instr=1449481958  d_cyc= 374136366  d_all= 9389838  IPC=3.874  ratio_rm=0.0003
[OMPT][WIN100ms] ompt_id=1688849860263937 tid=72613  tipo=ompt_thread_worker     cpu=  0 numa=0  d_rm=    2861  d_instr=1444411773  d_cyc= 373511460  d_all= 9343027  IPC=3.867  ratio_rm=0.0003
[OMPT] implicit_task_end: parallel_id=0 thread_num=0
[OMPT] parallel_end: parallel_id=281474976710681
[OMPT] parallel_begin: parallel_id=281474976710683 team_size=8
[OMPT] implicit_task_end: parallel_id=0 thread_num=4
[OMPT] implicit_task_end: parallel_id=0 thread_num=5
[OMPT] implicit_task_end: parallel_id=0 thread_num=1
[OMPT] implicit_task_begin: parallel_id=281474976710683 thread_num=4 team_size=8
[OMPT] implicit_task_end: parallel_id=0 thread_num=6
[OMPT] implicit_task_begin: parallel_id=281474976710683 thread_num=5 team_size=8
[OMPT] implicit_task_end: parallel_id=0 thread_num=7
[OMPT] implicit_task_begin: parallel_id=281474976710683 thread_num=0 team_size=8
[OMPT] implicit_task_begin: parallel_id=281474976710683 thread_num=7 team_size=8
[OMPT] implicit_task_end: parallel_id=0 thread_num=2
[OMPT] implicit_task_begin: parallel_id=281474976710683 thread_num=1 team_size=8
[OMPT] implicit_task_begin: parallel_id=281474976710683 thread_num=6 team_size=8
[OMPT] implicit_task_begin: parallel_id=281474976710683 thread_num=2 team_size=8
[OMPT] implicit_task_end: parallel_id=0 thread_num=3
[OMPT] implicit_task_begin: parallel_id=281474976710683 thread_num=3 team_size=8
[OMPT][WIN100ms] ompt_id=281474976710657 tid=72606  tipo=ompt_thread_initial    cpu=255 numa=1  d_rm=    4338  d_instr=1426097853  d_cyc= 372952672  d_all= 9210478  IPC=3.824  ratio_rm=0.0005
[OMPT][WIN100ms] ompt_id=562949953421313 tid=72608  tipo=ompt_thread_worker     cpu= 64 numa=1  d_rm=    3292  d_instr=1417613803  d_cyc= 372642828  d_all= 9149379  IPC=3.804  ratio_rm=0.0004
[OMPT][WIN100ms] ompt_id=844424930131969 tid=72609  tipo=ompt_thread_worker     cpu= 73 numa=1  d_rm=    3376  d_instr=1408434971  d_cyc= 371989625  d_all= 9061266  IPC=3.786  ratio_rm=0.0004
[OMPT][WIN100ms] ompt_id=1125899906842625 tid=72610  tipo=ompt_thread_worker     cpu= 46 numa=0  d_rm=    3421  d_instr=1404159343  d_cyc= 371951270  d_all= 9033328  IPC=3.775  ratio_rm=0.0004
[OMPT][WIN100ms] ompt_id=1407374883553281 tid=72611  tipo=ompt_thread_worker     cpu=214 numa=1  d_rm=    3265  d_instr=1428786373  d_cyc= 373553959  d_all= 9251147  IPC=3.825  ratio_rm=0.0004
[OMPT][WIN100ms] ompt_id=1970324836974593 tid=72612  tipo=ompt_thread_worker     cpu=222 numa=1  d_rm=    3427  d_instr=1407646061  d_cyc= 372687278  d_all= 9052057  IPC=3.777  ratio_rm=0.0004
[OMPT][WIN100ms] ompt_id=2251799813685249 tid=72614  tipo=ompt_thread_worker     cpu=231 numa=1  d_rm=    6459  d_instr=1396656117  d_cyc= 372193100  d_all= 8965062  IPC=3.753  ratio_rm=0.0007
[OMPT][WIN100ms] ompt_id=1688849860263937 tid=72613  tipo=ompt_thread_worker     cpu=  0 numa=0  d_rm=    3443  d_instr=1397129674  d_cyc= 372332211  d_all= 9004207  IPC=3.752  ratio_rm=0.0004
[OMPT][WIN100ms] ompt_id=281474976710657 tid=72606  tipo=ompt_thread_initial    cpu=255 numa=1  d_rm=    3250  d_instr=1454765831  d_cyc= 373831648  d_all= 9409942  IPC=3.891  ratio_rm=0.0003
[OMPT][WIN100ms] ompt_id=562949953421313 tid=72608  tipo=ompt_thread_worker     cpu= 64 numa=1  d_rm=    4112  d_instr=1453319974  d_cyc= 373994976  d_all= 9401270  IPC=3.886  ratio_rm=0.0004
[OMPT][WIN100ms] ompt_id=844424930131969 tid=72609  tipo=ompt_thread_worker     cpu= 73 numa=1  d_rm=    3103  d_instr=1454825100  d_cyc= 374069133  d_all= 9410314  IPC=3.889  ratio_rm=0.0003
[OMPT][WIN100ms] ompt_id=1125899906842625 tid=72610  tipo=ompt_thread_worker     cpu= 46 numa=0  d_rm=    3146  d_instr=1457588679  d_cyc= 374141656  d_all= 9427872  IPC=3.896  ratio_rm=0.0003
[OMPT][WIN100ms] ompt_id=1407374883553281 tid=72611  tipo=ompt_thread_worker     cpu=214 numa=1  d_rm=    3243  d_instr=1454211287  d_cyc= 373564331  d_all= 9406147  IPC=3.893  ratio_rm=0.0003
[OMPT][WIN100ms] ompt_id=1970324836974593 tid=72612  tipo=ompt_thread_worker     cpu=222 numa=1  d_rm=    3438  d_instr=1453675418  d_cyc= 374057951  d_all= 9416132  IPC=3.886  ratio_rm=0.0004
[OMPT][WIN100ms] ompt_id=2251799813685249 tid=72614  tipo=ompt_thread_worker     cpu=231 numa=1  d_rm=    3130  d_instr=1376021231  d_cyc= 374022670  d_all= 8912238  IPC=3.679  ratio_rm=0.0004
[OMPT][WIN100ms] ompt_id=1688849860263937 tid=72613  tipo=ompt_thread_worker     cpu=  0 numa=0  d_rm=    3215  d_instr=1454495182  d_cyc= 373875173  d_all= 9428628  IPC=3.890  ratio_rm=0.0003
[OMPT] implicit_task_end: parallel_id=0 thread_num=0
[OMPT] parallel_end: parallel_id=281474976710683
[OMPT] parallel_begin: parallel_id=281474976710685 team_size=8
[OMPT] implicit_task_end: parallel_id=0 thread_num=4
[OMPT] implicit_task_end: parallel_id=0 thread_num=7
[OMPT] implicit_task_begin: parallel_id=281474976710685 thread_num=0 team_size=8
[OMPT] implicit_task_end: parallel_id=0 thread_num=2
[OMPT] implicit_task_end: parallel_id=0 thread_num=1
[OMPT] implicit_task_end: parallel_id=0 thread_num=6
[OMPT] implicit_task_begin: parallel_id=281474976710685 thread_num=6 team_size=8
[OMPT] implicit_task_end: parallel_id=0 thread_num=5
[OMPT] implicit_task_end: parallel_id=0 thread_num=3
[OMPT] implicit_task_begin: parallel_id=281474976710685 thread_num=5 team_size=8
[OMPT] implicit_task_begin: parallel_id=281474976710685 thread_num=4 team_size=8
[OMPT] implicit_task_begin: parallel_id=281474976710685 thread_num=3 team_size=8
[OMPT] implicit_task_begin: parallel_id=281474976710685 thread_num=7 team_size=8
[OMPT] implicit_task_begin: parallel_id=281474976710685 thread_num=2 team_size=8
[OMPT] implicit_task_begin: parallel_id=281474976710685 thread_num=1 team_size=8
[OMPT][WIN100ms] ompt_id=281474976710657 tid=72606  tipo=ompt_thread_initial    cpu=255 numa=1  d_rm=    4250  d_instr=1350312247  d_cyc= 371224506  d_all= 8628455  IPC=3.637  ratio_rm=0.0005
[OMPT][WIN100ms] ompt_id=562949953421313 tid=72608  tipo=ompt_thread_worker     cpu=  1 numa=0  d_rm=    2994  d_instr=1348323584  d_cyc= 371213907  d_all= 8622045  IPC=3.632  ratio_rm=0.0003
[OMPT][WIN100ms] ompt_id=844424930131969 tid=72609  tipo=ompt_thread_worker     cpu= 73 numa=1  d_rm=    3060  d_instr=1351736575  d_cyc= 370188008  d_all= 8610841  IPC=3.651  ratio_rm=0.0004
[OMPT][WIN100ms] ompt_id=1125899906842625 tid=72610  tipo=ompt_thread_worker     cpu= 46 numa=0  d_rm=    3168  d_instr=1353946857  d_cyc= 370752506  d_all= 8636108  IPC=3.652  ratio_rm=0.0004
[OMPT][WIN100ms] ompt_id=1407374883553281 tid=72611  tipo=ompt_thread_worker     cpu=214 numa=1  d_rm=    3009  d_instr=1353060309  d_cyc= 370672071  d_all= 8636722  IPC=3.650  ratio_rm=0.0003
[OMPT][WIN100ms] ompt_id=1970324836974593 tid=72612  tipo=ompt_thread_worker     cpu=222 numa=1  d_rm=    3771  d_instr=1351225760  d_cyc= 370780943  d_all= 8610882  IPC=3.644  ratio_rm=0.0004
[OMPT][WIN100ms] ompt_id=2251799813685249 tid=72614  tipo=ompt_thread_worker     cpu=231 numa=1  d_rm=    6623  d_instr=1427216315  d_cyc= 373384029  d_all= 9239146  IPC=3.822  ratio_rm=0.0007
[OMPT][WIN100ms] ompt_id=1688849860263937 tid=72613  tipo=ompt_thread_worker     cpu=  0 numa=0  d_rm=    3158  d_instr=1364265953  d_cyc= 371687868  d_all= 8732421  IPC=3.670  ratio_rm=0.0004
[OMPT][WIN100ms] ompt_id=281474976710657 tid=72606  tipo=ompt_thread_initial    cpu=255 numa=1  d_rm=    3134  d_instr=1459933358  d_cyc= 373946100  d_all= 9442814  IPC=3.904  ratio_rm=0.0003
[OMPT][WIN100ms] ompt_id=562949953421313 tid=72608  tipo=ompt_thread_worker     cpu=  1 numa=0  d_rm=    3414  d_instr=1430061620  d_cyc= 374321148  d_all= 9251146  IPC=3.820  ratio_rm=0.0004
[OMPT][WIN100ms] ompt_id=844424930131969 tid=72609  tipo=ompt_thread_worker     cpu= 73 numa=1  d_rm=    3173  d_instr=1461041148  d_cyc= 373650139  d_all= 9450656  IPC=3.910  ratio_rm=0.0003
[OMPT][WIN100ms] ompt_id=1125899906842625 tid=72610  tipo=ompt_thread_worker     cpu= 46 numa=0  d_rm=    3372  d_instr=1451625812  d_cyc= 374118942  d_all= 9395653  IPC=3.880  ratio_rm=0.0004
[OMPT][WIN100ms] ompt_id=1407374883553281 tid=72611  tipo=ompt_thread_worker     cpu=214 numa=1  d_rm=    3263  d_instr=1411612436  d_cyc= 374001322  d_all= 9147067  IPC=3.774  ratio_rm=0.0004
[OMPT][WIN100ms] ompt_id=1970324836974593 tid=72612  tipo=ompt_thread_worker     cpu=222 numa=1  d_rm=    3295  d_instr=1453679141  d_cyc= 374048721  d_all= 9418170  IPC=3.886  ratio_rm=0.0003
[OMPT][WIN100ms] ompt_id=2251799813685249 tid=72614  tipo=ompt_thread_worker     cpu=231 numa=1  d_rm=    3374  d_instr=1453712970  d_cyc= 374014674  d_all= 9423641  IPC=3.887  ratio_rm=0.0004
[OMPT][WIN100ms] ompt_id=1688849860263937 tid=72613  tipo=ompt_thread_worker     cpu=  0 numa=0  d_rm=    3179  d_instr=1452436792  d_cyc= 374068764  d_all= 9413814  IPC=3.883  ratio_rm=0.0003
[OMPT] implicit_task_end: parallel_id=0 thread_num=0
[OMPT] parallel_end: parallel_id=281474976710685
[OMPT] parallel_begin: parallel_id=281474976710687 team_size=8
[OMPT] implicit_task_end: parallel_id=0 thread_num=4
[OMPT] implicit_task_end: parallel_id=0 thread_num=6
[OMPT] implicit_task_begin: parallel_id=281474976710687 thread_num=0 team_size=8
[OMPT] implicit_task_end: parallel_id=0 thread_num=1
[OMPT] implicit_task_begin: parallel_id=281474976710687 thread_num=4 team_size=8
[OMPT] implicit_task_begin: parallel_id=281474976710687 thread_num=6 team_size=8
[OMPT] implicit_task_end: parallel_id=0 thread_num=7
[OMPT] implicit_task_end: parallel_id=0 thread_num=2
[OMPT] implicit_task_begin: parallel_id=281474976710687 thread_num=7 team_size=8
[OMPT] implicit_task_begin: parallel_id=281474976710687 thread_num=1 team_size=8
[OMPT] implicit_task_end: parallel_id=0 thread_num=3
[OMPT] implicit_task_begin: parallel_id=281474976710687 thread_num=2 team_size=8
[OMPT] implicit_task_end: parallel_id=0 thread_num=5
[OMPT] implicit_task_begin: parallel_id=281474976710687 thread_num=3 team_size=8
[OMPT] implicit_task_begin: parallel_id=281474976710687 thread_num=5 team_size=8
[OMPT][WIN100ms] ompt_id=281474976710657 tid=72606  tipo=ompt_thread_initial    cpu=255 numa=1  d_rm=    4459  d_instr=1410442727  d_cyc= 372674704  d_all= 9079897  IPC=3.785  ratio_rm=0.0005
[OMPT][WIN100ms] ompt_id=562949953421313 tid=72608  tipo=ompt_thread_worker     cpu=  1 numa=0  d_rm=    3109  d_instr=1439532497  d_cyc= 373616339  d_all= 9311969  IPC=3.853  ratio_rm=0.0003
[OMPT][WIN100ms] ompt_id=844424930131969 tid=72609  tipo=ompt_thread_worker     cpu= 73 numa=1  d_rm=    3319  d_instr=1418171086  d_cyc= 372089551  d_all= 9122063  IPC=3.811  ratio_rm=0.0004
[OMPT][WIN100ms] ompt_id=1125899906842625 tid=72610  tipo=ompt_thread_worker     cpu= 46 numa=0  d_rm=    3549  d_instr=1414215805  d_cyc= 372433182  d_all= 9115940  IPC=3.797  ratio_rm=0.0004
[OMPT][WIN100ms] ompt_id=1407374883553281 tid=72611  tipo=ompt_thread_worker     cpu=214 numa=1  d_rm=    3746  d_instr=1446937893  d_cyc= 373741653  d_all= 9372215  IPC=3.871  ratio_rm=0.0004
[OMPT][WIN100ms] ompt_id=1970324836974593 tid=72612  tipo=ompt_thread_worker     cpu=222 numa=1  d_rm=    3528  d_instr=1420513356  d_cyc= 371958924  d_all= 9155975  IPC=3.819  ratio_rm=0.0004
[OMPT][WIN100ms] ompt_id=2251799813685249 tid=72614  tipo=ompt_thread_worker     cpu=231 numa=1  d_rm=    6910  d_instr=1415653460  d_cyc= 372414574  d_all= 9108250  IPC=3.801  ratio_rm=0.0008
[OMPT][WIN100ms] ompt_id=1688849860263937 tid=72613  tipo=ompt_thread_worker     cpu=  0 numa=0  d_rm=    3118  d_instr=1403642774  d_cyc= 372833193  d_all= 9035756  IPC=3.765  ratio_rm=0.0003
[OMPT][WIN100ms] ompt_id=281474976710657 tid=72606  tipo=ompt_thread_initial    cpu=255 numa=1  d_rm=    3035  d_instr=1454603907  d_cyc= 373929588  d_all= 9408574  IPC=3.890  ratio_rm=0.0003
[OMPT][WIN100ms] ompt_id=562949953421313 tid=72608  tipo=ompt_thread_worker     cpu=  1 numa=0  d_rm=    3123  d_instr=1454620304  d_cyc= 376652544  d_all= 9417685  IPC=3.862  ratio_rm=0.0003
[OMPT][WIN100ms] ompt_id=844424930131969 tid=72609  tipo=ompt_thread_worker     cpu= 73 numa=1  d_rm=    3366  d_instr=1468052786  d_cyc= 376290122  d_all= 9516027  IPC=3.901  ratio_rm=0.0004
[OMPT][WIN100ms] ompt_id=1125899906842625 tid=72610  tipo=ompt_thread_worker     cpu= 46 numa=0  d_rm=    3263  d_instr=1465442907  d_cyc= 376387175  d_all= 9496268  IPC=3.893  ratio_rm=0.0003
[OMPT][WIN100ms] ompt_id=1407374883553281 tid=72611  tipo=ompt_thread_worker     cpu=214 numa=1  d_rm=    3237  d_instr=1446769355  d_cyc= 376193723  d_all= 9377926  IPC=3.846  ratio_rm=0.0003
[OMPT][WIN100ms] ompt_id=1970324836974593 tid=72612  tipo=ompt_thread_worker     cpu=222 numa=1  d_rm=    3416  d_instr=1471922738  d_cyc= 375925196  d_all= 9544929  IPC=3.915  ratio_rm=0.0004
[OMPT][WIN100ms] ompt_id=2251799813685249 tid=72614  tipo=ompt_thread_worker     cpu=231 numa=1  d_rm=    3661  d_instr=1455251459  d_cyc= 376377887  d_all= 9430827  IPC=3.866  ratio_rm=0.0004
[OMPT][WIN100ms] ompt_id=1688849860263937 tid=72613  tipo=ompt_thread_worker     cpu=  0 numa=0  d_rm=    4152  d_instr=1463999002  d_cyc= 376115563  d_all= 9490566  IPC=3.892  ratio_rm=0.0004
[OMPT] implicit_task_end: parallel_id=0 thread_num=0
[OMPT] parallel_end: parallel_id=281474976710687
[OMPT] parallel_begin: parallel_id=281474976710689 team_size=8
[OMPT] implicit_task_end: parallel_id=0 thread_num=4
[OMPT] implicit_task_end: parallel_id=0 thread_num=5
[OMPT] implicit_task_begin: parallel_id=281474976710689 thread_num=0 team_size=8
[OMPT] implicit_task_end: parallel_id=0 thread_num=3
[OMPT] implicit_task_begin: parallel_id=281474976710689 thread_num=4 team_size=8
[OMPT] implicit_task_end: parallel_id=0 thread_num=1
[OMPT] implicit_task_begin: parallel_id=281474976710689 thread_num=5 team_size=8
[OMPT] implicit_task_end: parallel_id=0 thread_num=7
[OMPT] implicit_task_end: parallel_id=0 thread_num=2
[OMPT] implicit_task_begin: parallel_id=281474976710689 thread_num=7 team_size=8
[OMPT] implicit_task_end: parallel_id=0 thread_num=6
[OMPT] implicit_task_begin: parallel_id=281474976710689 thread_num=3 team_size=8
[OMPT] implicit_task_begin: parallel_id=281474976710689 thread_num=6 team_size=8
[OMPT] implicit_task_begin: parallel_id=281474976710689 thread_num=1 team_size=8
[OMPT] implicit_task_begin: parallel_id=281474976710689 thread_num=2 team_size=8
[OMPT][WIN100ms] ompt_id=281474976710657 tid=72606  tipo=ompt_thread_initial    cpu=255 numa=1  d_rm=    4354  d_instr=1441151762  d_cyc= 375738497  d_all= 9308898  IPC=3.836  ratio_rm=0.0005
[OMPT][WIN100ms] ompt_id=562949953421313 tid=72608  tipo=ompt_thread_worker     cpu=  1 numa=0  d_rm=    3235  d_instr=1429943599  d_cyc= 373182563  d_all= 9249286  IPC=3.832  ratio_rm=0.0003
[OMPT][WIN100ms] ompt_id=844424930131969 tid=72609  tipo=ompt_thread_worker     cpu= 73 numa=1  d_rm=    3424  d_instr=1417434501  d_cyc= 372400635  d_all= 9127871  IPC=3.806  ratio_rm=0.0004
[OMPT][WIN100ms] ompt_id=1125899906842625 tid=72610  tipo=ompt_thread_worker     cpu= 46 numa=0  d_rm=    3572  d_instr=1432943928  d_cyc= 372983249  d_all= 9255367  IPC=3.842  ratio_rm=0.0004
[OMPT][WIN100ms] ompt_id=1407374883553281 tid=72611  tipo=ompt_thread_worker     cpu=214 numa=1  d_rm=    3581  d_instr=1449290629  d_cyc= 373873315  d_all= 9389292  IPC=3.876  ratio_rm=0.0004
[OMPT][WIN100ms] ompt_id=1970324836974593 tid=72612  tipo=ompt_thread_worker     cpu=222 numa=1  d_rm=    3801  d_instr=1426479678  d_cyc= 372656344  d_all= 9194816  IPC=3.828  ratio_rm=0.0004
[OMPT][WIN100ms] ompt_id=2251799813685249 tid=72614  tipo=ompt_thread_worker     cpu=231 numa=1  d_rm=    6907  d_instr=1417933126  d_cyc= 373012740  d_all= 9149518  IPC=3.801  ratio_rm=0.0008
[OMPT][WIN100ms] ompt_id=1688849860263937 tid=72613  tipo=ompt_thread_worker     cpu= 24 numa=0  d_rm=    3555  d_instr=1423761891  d_cyc= 373076255  d_all= 9196629  IPC=3.816  ratio_rm=0.0004
[OMPT][WIN100ms] ompt_id=281474976710657 tid=72606  tipo=ompt_thread_initial    cpu=255 numa=1  d_rm=    3164  d_instr=1442053059  d_cyc= 373535446  d_all= 9323575  IPC=3.861  ratio_rm=0.0003
[OMPT][WIN100ms] ompt_id=562949953421313 tid=72608  tipo=ompt_thread_worker     cpu=  1 numa=0  d_rm=    2971  d_instr=1402742627  d_cyc= 374386684  d_all= 9086455  IPC=3.747  ratio_rm=0.0003
[OMPT][WIN100ms] ompt_id=844424930131969 tid=72609  tipo=ompt_thread_worker     cpu= 73 numa=1  d_rm=    3041  d_instr=1443322824  d_cyc= 373586047  d_all= 9335902  IPC=3.863  ratio_rm=0.0003
[OMPT][WIN100ms] ompt_id=1125899906842625 tid=72610  tipo=ompt_thread_worker     cpu= 46 numa=0  d_rm=    3317  d_instr=1437273371  d_cyc= 373961969  d_all= 9304687  IPC=3.843  ratio_rm=0.0004
[OMPT][WIN100ms] ompt_id=1407374883553281 tid=72611  tipo=ompt_thread_worker     cpu=214 numa=1  d_rm=    3239  d_instr=1438801082  d_cyc= 373252757  d_all= 9283101  IPC=3.855  ratio_rm=0.0003
[OMPT][WIN100ms] ompt_id=1970324836974593 tid=72612  tipo=ompt_thread_worker     cpu=222 numa=1  d_rm=    3527  d_instr=1436648936  d_cyc= 373060988  d_all= 9267016  IPC=3.851  ratio_rm=0.0004
[OMPT][WIN100ms] ompt_id=2251799813685249 tid=72614  tipo=ompt_thread_worker     cpu=231 numa=1  d_rm=    3346  d_instr=1410376505  d_cyc= 374233483  d_all= 9128593  IPC=3.769  ratio_rm=0.0004
[OMPT][WIN100ms] ompt_id=1688849860263937 tid=72613  tipo=ompt_thread_worker     cpu= 24 numa=0  d_rm=    3591  d_instr=1440598758  d_cyc= 374297890  d_all= 9332806  IPC=3.849  ratio_rm=0.0004
[OMPT] implicit_task_end: parallel_id=0 thread_num=0
[OMPT] parallel_end: parallel_id=281474976710689
[OMPT] parallel_begin: parallel_id=281474976710691 team_size=8
[OMPT] implicit_task_end: parallel_id=0 thread_num=4
[OMPT] implicit_task_end: parallel_id=0 thread_num=7
[OMPT] implicit_task_end: parallel_id=0 thread_num=3
[OMPT] implicit_task_end: parallel_id=0 thread_num=2
[OMPT] implicit_task_begin: parallel_id=281474976710691 thread_num=3 team_size=8
[OMPT] implicit_task_end: parallel_id=0 thread_num=6
[OMPT] implicit_task_begin: parallel_id=281474976710691 thread_num=2 team_size=8
[OMPT] implicit_task_begin: parallel_id=281474976710691 thread_num=6 team_size=8
[OMPT] implicit_task_end: parallel_id=0 thread_num=5
[OMPT] implicit_task_end: parallel_id=0 thread_num=1
[OMPT] implicit_task_begin: parallel_id=281474976710691 thread_num=5 team_size=8
[OMPT] implicit_task_begin: parallel_id=281474976710691 thread_num=0 team_size=8
[OMPT] implicit_task_begin: parallel_id=281474976710691 thread_num=4 team_size=8
[OMPT] implicit_task_begin: parallel_id=281474976710691 thread_num=7 team_size=8
[OMPT] implicit_task_begin: parallel_id=281474976710691 thread_num=1 team_size=8
[OMPT][WIN100ms] ompt_id=281474976710657 tid=72606  tipo=ompt_thread_initial    cpu=255 numa=1  d_rm=    4342  d_instr=1411764933  d_cyc= 372287094  d_all= 9087065  IPC=3.792  ratio_rm=0.0005
[OMPT][WIN100ms] ompt_id=562949953421313 tid=72608  tipo=ompt_thread_worker     cpu=  1 numa=0  d_rm=    3182  d_instr=1452586863  d_cyc= 373599556  d_all= 9420577  IPC=3.888  ratio_rm=0.0003
[OMPT][WIN100ms] ompt_id=844424930131969 tid=72609  tipo=ompt_thread_worker     cpu= 73 numa=1  d_rm=    3316  d_instr=1420904229  d_cyc= 372391296  d_all= 9147793  IPC=3.816  ratio_rm=0.0004
[OMPT][WIN100ms] ompt_id=1125899906842625 tid=72610  tipo=ompt_thread_worker     cpu= 46 numa=0  d_rm=    3552  d_instr=1415808002  d_cyc= 372897257  d_all= 9118011  IPC=3.797  ratio_rm=0.0004
[OMPT][WIN100ms] ompt_id=1407374883553281 tid=72611  tipo=ompt_thread_worker     cpu=214 numa=1  d_rm=    3531  d_instr=1403875375  d_cyc= 372372506  d_all= 9037115  IPC=3.770  ratio_rm=0.0004
[OMPT][WIN100ms] ompt_id=1970324836974593 tid=72612  tipo=ompt_thread_worker     cpu=222 numa=1  d_rm=    3598  d_instr=1421346090  d_cyc= 372609999  d_all= 9155131  IPC=3.815  ratio_rm=0.0004
[OMPT][WIN100ms] ompt_id=2251799813685249 tid=72614  tipo=ompt_thread_worker     cpu=231 numa=1  d_rm=    6631  d_instr=1435322897  d_cyc= 373528140  d_all= 9276160  IPC=3.843  ratio_rm=0.0007
[OMPT][WIN100ms] ompt_id=1688849860263937 tid=72613  tipo=ompt_thread_worker     cpu= 24 numa=0  d_rm=    3915  d_instr=1405452912  d_cyc= 373003514  d_all= 9053672  IPC=3.768  ratio_rm=0.0004
[OMPT] implicit_task_end: parallel_id=0 thread_num=0
[OMPT] parallel_end: parallel_id=281474976710691
[OMPT] parallel_begin: parallel_id=281474976710693 team_size=8
[OMPT] implicit_task_end: parallel_id=0 thread_num=4
[OMPT] implicit_task_end: parallel_id=0 thread_num=7
[OMPT] implicit_task_end: parallel_id=0 thread_num=2
[OMPT] implicit_task_end: parallel_id=0 thread_num=1
[OMPT] implicit_task_end: parallel_id=0 thread_num=6
[OMPT] implicit_task_begin: parallel_id=281474976710693 thread_num=6 team_size=8
[OMPT] implicit_task_end: parallel_id=0 thread_num=5
[OMPT] implicit_task_end: parallel_id=0 thread_num=3
[OMPT] implicit_task_begin: parallel_id=281474976710693 thread_num=5 team_size=8
[OMPT] implicit_task_begin: parallel_id=281474976710693 thread_num=0 team_size=8
[OMPT] implicit_task_begin: parallel_id=281474976710693 thread_num=3 team_size=8
[OMPT] implicit_task_begin: parallel_id=281474976710693 thread_num=4 team_size=8
[OMPT] implicit_task_begin: parallel_id=281474976710693 thread_num=7 team_size=8
[OMPT] implicit_task_begin: parallel_id=281474976710693 thread_num=2 team_size=8
[OMPT] implicit_task_begin: parallel_id=281474976710693 thread_num=1 team_size=8
[OMPT][WIN100ms] ompt_id=281474976710657 tid=72606  tipo=ompt_thread_initial    cpu=255 numa=1  d_rm=    4224  d_instr=1371496904  d_cyc= 370924896  d_all= 8770144  IPC=3.698  ratio_rm=0.0005
[OMPT][WIN100ms] ompt_id=562949953421313 tid=72608  tipo=ompt_thread_worker     cpu=  1 numa=0  d_rm=    2823  d_instr=1366862608  d_cyc= 371517879  d_all= 8763382  IPC=3.679  ratio_rm=0.0003
[OMPT][WIN100ms] ompt_id=844424930131969 tid=72609  tipo=ompt_thread_worker     cpu= 73 numa=1  d_rm=    3032  d_instr=1365110999  d_cyc= 370650279  d_all= 8721370  IPC=3.683  ratio_rm=0.0003
[OMPT][WIN100ms] ompt_id=1125899906842625 tid=72610  tipo=ompt_thread_worker     cpu= 46 numa=0  d_rm=    3335  d_instr=1370934602  d_cyc= 371386677  d_all= 8767632  IPC=3.691  ratio_rm=0.0004
[OMPT][WIN100ms] ompt_id=1407374883553281 tid=72611  tipo=ompt_thread_worker     cpu=214 numa=1  d_rm=    3293  d_instr=1380934178  d_cyc= 371433480  d_all= 8840920  IPC=3.718  ratio_rm=0.0004
[OMPT][WIN100ms] ompt_id=1970324836974593 tid=72612  tipo=ompt_thread_worker     cpu=222 numa=1  d_rm=    3947  d_instr=1369630371  d_cyc= 371103055  d_all= 8730067  IPC=3.691  ratio_rm=0.0005
[OMPT][WIN100ms] ompt_id=2251799813685249 tid=72614  tipo=ompt_thread_worker     cpu=231 numa=1  d_rm=    6675  d_instr=1364035108  d_cyc= 373585956  d_all= 8828209  IPC=3.651  ratio_rm=0.0008
[OMPT][WIN100ms] ompt_id=1688849860263937 tid=72613  tipo=ompt_thread_worker     cpu= 24 numa=0  d_rm=    3198  d_instr=1379266505  d_cyc= 372641160  d_all= 8867926  IPC=3.701  ratio_rm=0.0004
[OMPT][WIN100ms] ompt_id=281474976710657 tid=72606  tipo=ompt_thread_initial    cpu=255 numa=1  d_rm=    3407  d_instr=1420089800  d_cyc= 374197075  d_all= 9202826  IPC=3.795  ratio_rm=0.0004
[OMPT][WIN100ms] ompt_id=562949953421313 tid=72608  tipo=ompt_thread_worker     cpu=  1 numa=0  d_rm=    3009  d_instr=1446091663  d_cyc= 374476362  d_all= 9372581  IPC=3.862  ratio_rm=0.0003
[OMPT][WIN100ms] ompt_id=844424930131969 tid=72609  tipo=ompt_thread_worker     cpu= 73 numa=1  d_rm=    3066  d_instr=1457795740  d_cyc= 373829724  d_all= 9449228  IPC=3.900  ratio_rm=0.0003
[OMPT][WIN100ms] ompt_id=1125899906842625 tid=72610  tipo=ompt_thread_worker     cpu= 46 numa=0  d_rm=    3188  d_instr=1451390545  d_cyc= 374223631  d_all= 9404412  IPC=3.878  ratio_rm=0.0003
[OMPT][WIN100ms] ompt_id=1407374883553281 tid=72611  tipo=ompt_thread_worker     cpu=214 numa=1  d_rm=    3077  d_instr=1442346454  d_cyc= 374106295  d_all= 9347064  IPC=3.855  ratio_rm=0.0003
[OMPT][WIN100ms] ompt_id=1970324836974593 tid=72612  tipo=ompt_thread_worker     cpu=222 numa=1  d_rm=    3317  d_instr=1446467232  d_cyc= 374275114  d_all= 9363577  IPC=3.865  ratio_rm=0.0004
[OMPT][WIN100ms] ompt_id=2251799813685249 tid=72614  tipo=ompt_thread_worker     cpu=231 numa=1  d_rm=    3404  d_instr=1469362198  d_cyc= 374259377  d_all= 9503154  IPC=3.926  ratio_rm=0.0004
[OMPT][WIN100ms] ompt_id=1688849860263937 tid=72613  tipo=ompt_thread_worker     cpu= 24 numa=0  d_rm=    3466  d_instr=1445345563  d_cyc= 374301276  d_all= 9349296  IPC=3.861  ratio_rm=0.0004
[OMPT] implicit_task_end: parallel_id=0 thread_num=0
[OMPT] parallel_end: parallel_id=281474976710693
[OMPT] parallel_begin: parallel_id=281474976710695 team_size=8
[OMPT] implicit_task_end: parallel_id=0 thread_num=4
[OMPT] implicit_task_end: parallel_id=0 thread_num=5
[OMPT] implicit_task_begin: parallel_id=281474976710695 thread_num=0 team_size=8
[OMPT] implicit_task_end: parallel_id=0 thread_num=1
[OMPT] implicit_task_begin: parallel_id=281474976710695 thread_num=4 team_size=8
[OMPT] implicit_task_end: parallel_id=0 thread_num=6
[OMPT] implicit_task_begin: parallel_id=281474976710695 thread_num=5 team_size=8
[OMPT] implicit_task_begin: parallel_id=281474976710695 thread_num=6 team_size=8
[OMPT] implicit_task_end: parallel_id=0 thread_num=7
[OMPT] implicit_task_begin: parallel_id=281474976710695 thread_num=1 team_size=8
[OMPT] implicit_task_end: parallel_id=0 thread_num=3
[OMPT] implicit_task_begin: parallel_id=281474976710695 thread_num=7 team_size=8
[OMPT] implicit_task_end: parallel_id=0 thread_num=2
[OMPT] implicit_task_begin: parallel_id=281474976710695 thread_num=3 team_size=8
[OMPT] implicit_task_begin: parallel_id=281474976710695 thread_num=2 team_size=8
[OMPT][WIN100ms] ompt_id=281474976710657 tid=72606  tipo=ompt_thread_initial    cpu=255 numa=1  d_rm=    4276  d_instr=1396318793  d_cyc= 372186064  d_all= 8961694  IPC=3.752  ratio_rm=0.0005
[OMPT][WIN100ms] ompt_id=562949953421313 tid=72608  tipo=ompt_thread_worker     cpu=  1 numa=0  d_rm=    2993  d_instr=1375086663  d_cyc= 371866731  d_all= 8795951  IPC=3.698  ratio_rm=0.0003
[OMPT][WIN100ms] ompt_id=844424930131969 tid=72609  tipo=ompt_thread_worker     cpu= 73 numa=1  d_rm=    3373  d_instr=1368238964  d_cyc= 370454754  d_all= 8728566  IPC=3.693  ratio_rm=0.0004
[OMPT][WIN100ms] ompt_id=1125899906842625 tid=72610  tipo=ompt_thread_worker     cpu= 46 numa=0  d_rm=    3300  d_instr=1371446372  d_cyc= 371237031  d_all= 8760329  IPC=3.694  ratio_rm=0.0004
[OMPT][WIN100ms] ompt_id=1407374883553281 tid=72611  tipo=ompt_thread_worker     cpu=214 numa=1  d_rm=    3427  d_instr=1358298455  d_cyc= 374077949  d_all= 8799149  IPC=3.631  ratio_rm=0.0004
[OMPT][WIN100ms] ompt_id=1970324836974593 tid=72612  tipo=ompt_thread_worker     cpu=222 numa=1  d_rm=    3469  d_instr=1377644718  d_cyc= 371887180  d_all= 8806182  IPC=3.704  ratio_rm=0.0004
[OMPT][WIN100ms] ompt_id=2251799813685249 tid=72614  tipo=ompt_thread_worker     cpu=231 numa=1  d_rm=    6405  d_instr=1357711274  d_cyc= 371439904  d_all= 8662400  IPC=3.655  ratio_rm=0.0007
[OMPT][WIN100ms] ompt_id=1688849860263937 tid=72613  tipo=ompt_thread_worker     cpu= 24 numa=0  d_rm=    3355  d_instr=1376831322  d_cyc= 371888865  d_all= 8803925  IPC=3.702  ratio_rm=0.0004
[OMPT][WIN100ms] ompt_id=281474976710657 tid=72606  tipo=ompt_thread_initial    cpu=255 numa=1  d_rm=    3141  d_instr=1455632934  d_cyc= 373734143  d_all= 9439012  IPC=3.895  ratio_rm=0.0003
[OMPT][WIN100ms] ompt_id=562949953421313 tid=72608  tipo=ompt_thread_worker     cpu=  1 numa=0  d_rm=    3012  d_instr=1440397888  d_cyc= 374352610  d_all= 9338498  IPC=3.848  ratio_rm=0.0003
[OMPT][WIN100ms] ompt_id=844424930131969 tid=72609  tipo=ompt_thread_worker     cpu= 73 numa=1  d_rm=    3087  d_instr=1460088754  d_cyc= 374182178  d_all= 9464597  IPC=3.902  ratio_rm=0.0003
[OMPT][WIN100ms] ompt_id=1125899906842625 tid=72610  tipo=ompt_thread_worker     cpu= 46 numa=0  d_rm=    3523  d_instr=1457306748  d_cyc= 374263446  d_all= 9439936  IPC=3.894  ratio_rm=0.0004
[OMPT][WIN100ms] ompt_id=1407374883553281 tid=72611  tipo=ompt_thread_worker     cpu=214 numa=1  d_rm=    3210  d_instr=1405061294  d_cyc= 374147716  d_all= 9091635  IPC=3.755  ratio_rm=0.0004
[OMPT][WIN100ms] ompt_id=1970324836974593 tid=72612  tipo=ompt_thread_worker     cpu=222 numa=1  d_rm=    3248  d_instr=1447041600  d_cyc= 374346279  d_all= 9360102  IPC=3.866  ratio_rm=0.0003
[OMPT][WIN100ms] ompt_id=2251799813685249 tid=72614  tipo=ompt_thread_worker     cpu=231 numa=1  d_rm=    3403  d_instr=1438143500  d_cyc= 374331338  d_all= 9303372  IPC=3.842  ratio_rm=0.0004
[OMPT][WIN100ms] ompt_id=1688849860263937 tid=72613  tipo=ompt_thread_worker     cpu= 24 numa=0  d_rm=    3205  d_instr=1398448516  d_cyc= 374434248  d_all= 9049134  IPC=3.735  ratio_rm=0.0004
[OMPT] implicit_task_end: parallel_id=0 thread_num=0
[OMPT] parallel_end: parallel_id=281474976710695
[OMPT] parallel_begin: parallel_id=281474976710697 team_size=8
[OMPT] implicit_task_end: parallel_id=0 thread_num=4
[OMPT] implicit_task_end: parallel_id=0 thread_num=7
[OMPT] implicit_task_end: parallel_id=0 thread_num=2
[OMPT] implicit_task_end: parallel_id=0 thread_num=1
[OMPT] implicit_task_begin: parallel_id=281474976710697 thread_num=2 team_size=8
[OMPT] implicit_task_begin: parallel_id=281474976710697 thread_num=1 team_size=8
[OMPT] implicit_task_end: parallel_id=0 thread_num=3
[OMPT] implicit_task_begin: parallel_id=281474976710697 thread_num=3 team_size=8
[OMPT] implicit_task_begin: parallel_id=281474976710697 thread_num=0 team_size=8
[OMPT] implicit_task_begin: parallel_id=281474976710697 thread_num=4 team_size=8
[OMPT] implicit_task_begin: parallel_id=281474976710697 thread_num=7 team_size=8
[OMPT] implicit_task_end: parallel_id=0 thread_num=6
[OMPT] implicit_task_end: parallel_id=0 thread_num=5
[OMPT] implicit_task_begin: parallel_id=281474976710697 thread_num=6 team_size=8
[OMPT] implicit_task_begin: parallel_id=281474976710697 thread_num=5 team_size=8
[OMPT][WIN100ms] ompt_id=281474976710657 tid=72606  tipo=ompt_thread_initial    cpu=255 numa=1  d_rm=    4216  d_instr=1320990134  d_cyc= 369241683  d_all= 8349161  IPC=3.578  ratio_rm=0.0005
[OMPT][WIN100ms] ompt_id=562949953421313 tid=72608  tipo=ompt_thread_worker     cpu=  1 numa=0  d_rm=    3159  d_instr=1339149459  d_cyc= 370586955  d_all= 8497412  IPC=3.614  ratio_rm=0.0004
[OMPT][WIN100ms] ompt_id=844424930131969 tid=72609  tipo=ompt_thread_worker     cpu= 73 numa=1  d_rm=    3007  d_instr=1316447293  d_cyc= 369779709  d_all= 8309249  IPC=3.560  ratio_rm=0.0004
[OMPT][WIN100ms] ompt_id=1125899906842625 tid=72610  tipo=ompt_thread_worker     cpu= 46 numa=0  d_rm=    3314  d_instr=1317766114  d_cyc= 370010762  d_all= 8349919  IPC=3.561  ratio_rm=0.0004
[OMPT][WIN100ms] ompt_id=1407374883553281 tid=72611  tipo=ompt_thread_worker     cpu=214 numa=1  d_rm=    3195  d_instr=1360258090  d_cyc= 371754250  d_all= 8720515  IPC=3.659  ratio_rm=0.0004
[OMPT][WIN100ms] ompt_id=1970324836974593 tid=72612  tipo=ompt_thread_worker     cpu=222 numa=1  d_rm=    3394  d_instr=1328620470  d_cyc= 369552334  d_all= 8418053  IPC=3.595  ratio_rm=0.0004
[OMPT][WIN100ms] ompt_id=2251799813685249 tid=72614  tipo=ompt_thread_worker     cpu=231 numa=1  d_rm=    6339  d_instr=1330597881  d_cyc= 370566375  d_all= 8454472  IPC=3.591  ratio_rm=0.0007
[OMPT][WIN100ms] ompt_id=1688849860263937 tid=72613  tipo=ompt_thread_worker     cpu= 24 numa=0  d_rm=    3440  d_instr=1344249798  d_cyc= 373289038  d_all= 8707836  IPC=3.601  ratio_rm=0.0004
[OMPT][WIN100ms] ompt_id=281474976710657 tid=72606  tipo=ompt_thread_initial    cpu=255 numa=1  d_rm=    3143  d_instr=1454496496  d_cyc= 374056212  d_all= 9427066  IPC=3.888  ratio_rm=0.0003
[OMPT][WIN100ms] ompt_id=562949953421313 tid=72608  tipo=ompt_thread_worker     cpu=  1 numa=0  d_rm=    3267  d_instr=1431720475  d_cyc= 374324749  d_all= 9273963  IPC=3.825  ratio_rm=0.0004
[OMPT][WIN100ms] ompt_id=844424930131969 tid=72609  tipo=ompt_thread_worker     cpu= 73 numa=1  d_rm=    3136  d_instr=1437966834  d_cyc= 373838799  d_all= 9317774  IPC=3.846  ratio_rm=0.0003
[OMPT][WIN100ms] ompt_id=1125899906842625 tid=72610  tipo=ompt_thread_worker     cpu= 46 numa=0  d_rm=    3391  d_instr=1463280454  d_cyc= 374207089  d_all= 9467323  IPC=3.910  ratio_rm=0.0004
[OMPT][WIN100ms] ompt_id=1407374883553281 tid=72611  tipo=ompt_thread_worker     cpu=214 numa=1  d_rm=    3051  d_instr=1430514165  d_cyc= 374061478  d_all= 9254201  IPC=3.824  ratio_rm=0.0003
[OMPT][WIN100ms] ompt_id=1970324836974593 tid=72612  tipo=ompt_thread_worker     cpu=222 numa=1  d_rm=    3601  d_instr=1445588768  d_cyc= 374214119  d_all= 9350759  IPC=3.863  ratio_rm=0.0004
[OMPT][WIN100ms] ompt_id=2251799813685249 tid=72614  tipo=ompt_thread_worker     cpu=231 numa=1  d_rm=    3332  d_instr=1426907087  d_cyc= 374236172  d_all= 9231629  IPC=3.813  ratio_rm=0.0004
[OMPT][WIN100ms] ompt_id=1688849860263937 tid=72613  tipo=ompt_thread_worker     cpu= 24 numa=0  d_rm=    3542  d_instr=1434280948  d_cyc= 374387803  d_all= 9278612  IPC=3.831  ratio_rm=0.0004
[OMPT] implicit_task_end: parallel_id=0 thread_num=0
[OMPT] parallel_end: parallel_id=281474976710697
[OMPT] parallel_begin: parallel_id=281474976710699 team_size=8
[OMPT] implicit_task_end: parallel_id=0 thread_num=4
[OMPT] implicit_task_end: parallel_id=0 thread_num=7
[OMPT] implicit_task_end: parallel_id=0 thread_num=2
[OMPT] implicit_task_end: parallel_id=0 thread_num=3
[OMPT] implicit_task_end: parallel_id=0 thread_num=1
[OMPT] implicit_task_end: parallel_id=0 thread_num=6
[OMPT] implicit_task_end: parallel_id=0 thread_num=5
[OMPT] implicit_task_begin: parallel_id=281474976710699 thread_num=0 team_size=8
[OMPT] implicit_task_begin: parallel_id=281474976710699 thread_num=7 team_size=8
[OMPT] implicit_task_begin: parallel_id=281474976710699 thread_num=2 team_size=8
[OMPT] implicit_task_begin: parallel_id=281474976710699 thread_num=6 team_size=8
[OMPT] implicit_task_begin: parallel_id=281474976710699 thread_num=4 team_size=8
[OMPT] implicit_task_begin: parallel_id=281474976710699 thread_num=5 team_size=8
[OMPT] implicit_task_begin: parallel_id=281474976710699 thread_num=1 team_size=8
[OMPT] implicit_task_begin: parallel_id=281474976710699 thread_num=3 team_size=8
[OMPT][WIN100ms] ompt_id=281474976710657 tid=72606  tipo=ompt_thread_initial    cpu=255 numa=1  d_rm=    4157  d_instr=1370147949  d_cyc= 371565352  d_all= 8763541  IPC=3.688  ratio_rm=0.0005
[OMPT][WIN100ms] ompt_id=562949953421313 tid=72608  tipo=ompt_thread_worker     cpu=  1 numa=0  d_rm=    3160  d_instr=1386535125  d_cyc= 372639006  d_all= 8913758  IPC=3.721  ratio_rm=0.0004
[OMPT][WIN100ms] ompt_id=844424930131969 tid=72609  tipo=ompt_thread_worker     cpu= 73 numa=1  d_rm=    3292  d_instr=1392731758  d_cyc= 371766790  d_all= 8930608  IPC=3.746  ratio_rm=0.0004
[OMPT][WIN100ms] ompt_id=1125899906842625 tid=72610  tipo=ompt_thread_worker     cpu= 46 numa=0  d_rm=    3294  d_instr=1371318200  d_cyc= 371589949  d_all= 8761071  IPC=3.690  ratio_rm=0.0004
[OMPT][WIN100ms] ompt_id=1407374883553281 tid=72611  tipo=ompt_thread_worker     cpu=214 numa=1  d_rm=    3261  d_instr=1379381247  d_cyc= 373528838  d_all= 8923794  IPC=3.693  ratio_rm=0.0004
[OMPT][WIN100ms] ompt_id=1970324836974593 tid=72612  tipo=ompt_thread_worker     cpu=222 numa=1  d_rm=    3501  d_instr=1376002464  d_cyc= 371946896  d_all= 8812099  IPC=3.699  ratio_rm=0.0004
[OMPT][WIN100ms] ompt_id=2251799813685249 tid=72614  tipo=ompt_thread_worker     cpu=231 numa=1  d_rm=    6632  d_instr=1391913771  d_cyc= 374212597  d_all= 9006886  IPC=3.720  ratio_rm=0.0007
[OMPT][WIN100ms] ompt_id=1688849860263937 tid=72613  tipo=ompt_thread_worker     cpu= 24 numa=0  d_rm=    3373  d_instr=1384216014  d_cyc= 372851285  d_all= 8908897  IPC=3.713  ratio_rm=0.0004
[OMPT][WIN100ms] ompt_id=281474976710657 tid=72606  tipo=ompt_thread_initial    cpu=255 numa=1  d_rm=    3184  d_instr=1462626698  d_cyc= 374026229  d_all= 9479215  IPC=3.910  ratio_rm=0.0003
[OMPT][WIN100ms] ompt_id=562949953421313 tid=72608  tipo=ompt_thread_worker     cpu=  1 numa=0  d_rm=    3198  d_instr=1465259354  d_cyc= 373921982  d_all= 9488122  IPC=3.919  ratio_rm=0.0003
[OMPT][WIN100ms] ompt_id=844424930131969 tid=72609  tipo=ompt_thread_worker     cpu= 73 numa=1  d_rm=    3213  d_instr=1458007617  d_cyc= 374177613  d_all= 9430821  IPC=3.897  ratio_rm=0.0003
[OMPT][WIN100ms] ompt_id=1125899906842625 tid=72610  tipo=ompt_thread_worker     cpu= 46 numa=0  d_rm=    3233  d_instr=1447419339  d_cyc= 374268372  d_all= 9363076  IPC=3.867  ratio_rm=0.0003
[OMPT][WIN100ms] ompt_id=1407374883553281 tid=72611  tipo=ompt_thread_worker     cpu=214 numa=1  d_rm=    2904  d_instr=1358602622  d_cyc= 374080874  d_all= 8793408  IPC=3.632  ratio_rm=0.0003
[OMPT][WIN100ms] ompt_id=1970324836974593 tid=72612  tipo=ompt_thread_worker     cpu=222 numa=1  d_rm=    3709  d_instr=1463910032  d_cyc= 374375437  d_all= 9468121  IPC=3.910  ratio_rm=0.0004
[OMPT][WIN100ms] ompt_id=2251799813685249 tid=72614  tipo=ompt_thread_worker     cpu=231 numa=1  d_rm=    3184  d_instr=1461724235  d_cyc= 374452255  d_all= 9454547  IPC=3.904  ratio_rm=0.0003
[OMPT][WIN100ms] ompt_id=1688849860263937 tid=72613  tipo=ompt_thread_worker     cpu= 24 numa=0  d_rm=    3168  d_instr=1416007542  d_cyc= 374506738  d_all= 9161631  IPC=3.781  ratio_rm=0.0003
[OMPT] implicit_task_end: parallel_id=0 thread_num=0
[OMPT] parallel_end: parallel_id=281474976710699
[OMPT] parallel_begin: parallel_id=281474976710701 team_size=8
[OMPT] implicit_task_end: parallel_id=0 thread_num=4
[OMPT] implicit_task_end: parallel_id=0 thread_num=7
[OMPT] implicit_task_end: parallel_id=0 thread_num=2
[OMPT] implicit_task_end: parallel_id=0 thread_num=1
[OMPT] implicit_task_end: parallel_id=0 thread_num=6
[OMPT] implicit_task_begin: parallel_id=281474976710701 thread_num=6 team_size=8
[OMPT] implicit_task_end: parallel_id=0 thread_num=5
[OMPT] implicit_task_end: parallel_id=0 thread_num=3
[OMPT] implicit_task_begin: parallel_id=281474976710701 thread_num=5 team_size=8
[OMPT] implicit_task_begin: parallel_id=281474976710701 thread_num=0 team_size=8
[OMPT] implicit_task_begin: parallel_id=281474976710701 thread_num=4 team_size=8
[OMPT] implicit_task_begin: parallel_id=281474976710701 thread_num=7 team_size=8
[OMPT] implicit_task_begin: parallel_id=281474976710701 thread_num=2 team_size=8
[OMPT] implicit_task_begin: parallel_id=281474976710701 thread_num=1 team_size=8
[OMPT] implicit_task_begin: parallel_id=281474976710701 thread_num=3 team_size=8
[OMPT][WIN100ms] ompt_id=281474976710657 tid=72606  tipo=ompt_thread_initial    cpu=255 numa=1  d_rm=    4283  d_instr=1296248409  d_cyc= 369536292  d_all= 8193830  IPC=3.508  ratio_rm=0.0005
[OMPT][WIN100ms] ompt_id=562949953421313 tid=72608  tipo=ompt_thread_worker     cpu=  1 numa=0  d_rm=    2822  d_instr=1304506882  d_cyc= 368450142  d_all= 8216421  IPC=3.541  ratio_rm=0.0003
[OMPT][WIN100ms] ompt_id=844424930131969 tid=72609  tipo=ompt_thread_worker     cpu= 73 numa=1  d_rm=    2996  d_instr=1300720204  d_cyc= 368900453  d_all= 8210789  IPC=3.526  ratio_rm=0.0004
[OMPT][WIN100ms] ompt_id=1125899906842625 tid=72610  tipo=ompt_thread_worker     cpu= 46 numa=0  d_rm=    3430  d_instr=1312037433  d_cyc= 369097312  d_all= 8287206  IPC=3.555  ratio_rm=0.0004
[OMPT][WIN100ms] ompt_id=1407374883553281 tid=72611  tipo=ompt_thread_worker     cpu=214 numa=1  d_rm=    3533  d_instr=1373064261  d_cyc= 373350131  d_all= 8894223  IPC=3.678  ratio_rm=0.0004
[OMPT][WIN100ms] ompt_id=1970324836974593 tid=72612  tipo=ompt_thread_worker     cpu=222 numa=1  d_rm=    3254  d_instr=1306817479  d_cyc= 369212356  d_all= 8240774  IPC=3.539  ratio_rm=0.0004
[OMPT][WIN100ms] ompt_id=2251799813685249 tid=72614  tipo=ompt_thread_worker     cpu=231 numa=1  d_rm=    6418  d_instr=1294068266  d_cyc= 368994615  d_all= 8152236  IPC=3.507  ratio_rm=0.0008
[OMPT][WIN100ms] ompt_id=1688849860263937 tid=72613  tipo=ompt_thread_worker     cpu= 24 numa=0  d_rm=    3277  d_instr=1333950722  d_cyc= 371880405  d_all= 8538459  IPC=3.587  ratio_rm=0.0004
[OMPT][WIN100ms] ompt_id=281474976710657 tid=72606  tipo=ompt_thread_initial    cpu=255 numa=1  d_rm=    3106  d_instr=1442977044  d_cyc= 374074408  d_all= 9348171  IPC=3.857  ratio_rm=0.0003
[OMPT][WIN100ms] ompt_id=562949953421313 tid=72608  tipo=ompt_thread_worker     cpu=  1 numa=0  d_rm=    2944  d_instr=1462057950  d_cyc= 374393250  d_all= 9456665  IPC=3.905  ratio_rm=0.0003
[OMPT][WIN100ms] ompt_id=844424930131969 tid=72609  tipo=ompt_thread_worker     cpu= 73 numa=1  d_rm=    3068  d_instr=1451811496  d_cyc= 374195703  d_all= 9390923  IPC=3.880  ratio_rm=0.0003
[OMPT][WIN100ms] ompt_id=1125899906842625 tid=72610  tipo=ompt_thread_worker     cpu= 46 numa=0  d_rm=    3380  d_instr=1454210314  d_cyc= 374290538  d_all= 9406117  IPC=3.885  ratio_rm=0.0004
[OMPT][WIN100ms] ompt_id=1407374883553281 tid=72611  tipo=ompt_thread_worker     cpu=214 numa=1  d_rm=    3262  d_instr=1463778876  d_cyc= 373830834  d_all= 9467927  IPC=3.916  ratio_rm=0.0003
[OMPT][WIN100ms] ompt_id=1970324836974593 tid=72612  tipo=ompt_thread_worker     cpu=222 numa=1  d_rm=    3401  d_instr=1461705011  d_cyc= 374399871  d_all= 9454219  IPC=3.904  ratio_rm=0.0004
[OMPT][WIN100ms] ompt_id=2251799813685249 tid=72614  tipo=ompt_thread_worker     cpu=231 numa=1  d_rm=    3404  d_instr=1452317584  d_cyc= 374423196  d_all= 9394106  IPC=3.879  ratio_rm=0.0004
[OMPT][WIN100ms] ompt_id=1688849860263937 tid=72613  tipo=ompt_thread_worker     cpu= 24 numa=0  d_rm=    3184  d_instr=1436584108  d_cyc= 374477136  d_all= 9293214  IPC=3.836  ratio_rm=0.0003
[OMPT] implicit_task_end: parallel_id=0 thread_num=0
[OMPT] parallel_end: parallel_id=281474976710701
[OMPT] parallel_begin: parallel_id=281474976710703 team_size=8
[OMPT] implicit_task_end: parallel_id=0 thread_num=4
[OMPT] implicit_task_end: parallel_id=0 thread_num=6
[OMPT] implicit_task_begin: parallel_id=281474976710703 thread_num=0 team_size=8
[OMPT] implicit_task_end: parallel_id=0 thread_num=1
[OMPT] implicit_task_begin: parallel_id=281474976710703 thread_num=6 team_size=8
[OMPT] implicit_task_end: parallel_id=0 thread_num=7
[OMPT] implicit_task_end: parallel_id=0 thread_num=3
[OMPT] implicit_task_end: parallel_id=0 thread_num=2
[OMPT] implicit_task_begin: parallel_id=281474976710703 thread_num=3 team_size=8
[OMPT] implicit_task_begin: parallel_id=281474976710703 thread_num=4 team_size=8
[OMPT] implicit_task_begin: parallel_id=281474976710703 thread_num=2 team_size=8
[OMPT] implicit_task_begin: parallel_id=281474976710703 thread_num=1 team_size=8
[OMPT] implicit_task_end: parallel_id=0 thread_num=5
[OMPT] implicit_task_begin: parallel_id=281474976710703 thread_num=7 team_size=8
[OMPT] implicit_task_begin: parallel_id=281474976710703 thread_num=5 team_size=8
[OMPT][WIN100ms] ompt_id=281474976710657 tid=72606  tipo=ompt_thread_initial    cpu=255 numa=1  d_rm=    4704  d_instr=1386324054  d_cyc= 372155446  d_all= 8885345  IPC=3.725  ratio_rm=0.0005
[OMPT][WIN100ms] ompt_id=562949953421313 tid=72608  tipo=ompt_thread_worker     cpu=  1 numa=0  d_rm=    3026  d_instr=1370597133  d_cyc= 371081829  d_all= 8752007  IPC=3.694  ratio_rm=0.0003
[OMPT][WIN100ms] ompt_id=844424930131969 tid=72609  tipo=ompt_thread_worker     cpu= 73 numa=1  d_rm=    3223  d_instr=1387092492  d_cyc= 371467760  d_all= 8870689  IPC=3.734  ratio_rm=0.0004
[OMPT][WIN100ms] ompt_id=1125899906842625 tid=72610  tipo=ompt_thread_worker     cpu= 46 numa=0  d_rm=    3346  d_instr=1373341694  d_cyc= 371884966  d_all= 8797770  IPC=3.693  ratio_rm=0.0004
[OMPT][WIN100ms] ompt_id=1407374883553281 tid=72611  tipo=ompt_thread_worker     cpu=214 numa=1  d_rm=    3167  d_instr=1370856957  d_cyc= 371147897  d_all= 8761465  IPC=3.694  ratio_rm=0.0004
[OMPT][WIN100ms] ompt_id=1970324836974593 tid=72612  tipo=ompt_thread_worker     cpu=222 numa=1  d_rm=    3531  d_instr=1362150061  d_cyc= 371070413  d_all= 8701567  IPC=3.671  ratio_rm=0.0004
[OMPT][WIN100ms] ompt_id=2251799813685249 tid=72614  tipo=ompt_thread_worker     cpu=231 numa=1  d_rm=    6642  d_instr=1379728238  d_cyc= 371907340  d_all= 8843364  IPC=3.710  ratio_rm=0.0008
[OMPT][WIN100ms] ompt_id=1688849860263937 tid=72613  tipo=ompt_thread_worker     cpu= 24 numa=0  d_rm=    3113  d_instr=1371863237  d_cyc= 374272988  d_all= 8884102  IPC=3.665  ratio_rm=0.0004
[OMPT][WIN100ms] ompt_id=281474976710657 tid=72606  tipo=ompt_thread_initial    cpu=255 numa=1  d_rm=    3150  d_instr=1454264811  d_cyc= 374087694  d_all= 9406592  IPC=3.887  ratio_rm=0.0003
[OMPT][WIN100ms] ompt_id=562949953421313 tid=72608  tipo=ompt_thread_worker     cpu=  1 numa=0  d_rm=    2856  d_instr=1452595086  d_cyc= 373990308  d_all= 9396046  IPC=3.884  ratio_rm=0.0003
[OMPT][WIN100ms] ompt_id=844424930131969 tid=72609  tipo=ompt_thread_worker     cpu= 73 numa=1  d_rm=    3329  d_instr=1462388209  d_cyc= 374229196  d_all= 9458586  IPC=3.908  ratio_rm=0.0004
[OMPT][WIN100ms] ompt_id=1125899906842625 tid=72610  tipo=ompt_thread_worker     cpu= 46 numa=0  d_rm=    3251  d_instr=1454024168  d_cyc= 374250978  d_all= 9404722  IPC=3.885  ratio_rm=0.0003
[OMPT][WIN100ms] ompt_id=1407374883553281 tid=72611  tipo=ompt_thread_worker     cpu=214 numa=1  d_rm=    2997  d_instr=1420821505  d_cyc= 374199793  d_all= 9192530  IPC=3.797  ratio_rm=0.0003
[OMPT][WIN100ms] ompt_id=1970324836974593 tid=72612  tipo=ompt_thread_worker     cpu=222 numa=1  d_rm=    3627  d_instr=1438335367  d_cyc= 374433873  d_all= 9304638  IPC=3.841  ratio_rm=0.0004
[OMPT][WIN100ms] ompt_id=2251799813685249 tid=72614  tipo=ompt_thread_worker     cpu=231 numa=1  d_rm=    3662  d_instr=1438294338  d_cyc= 374414514  d_all= 9304498  IPC=3.841  ratio_rm=0.0004
[OMPT][WIN100ms] ompt_id=1688849860263937 tid=72613  tipo=ompt_thread_worker     cpu= 24 numa=0  d_rm=    2997  d_instr=1425353123  d_cyc= 374489159  d_all= 9221831  IPC=3.806  ratio_rm=0.0003
[OMPT] implicit_task_end: parallel_id=0 thread_num=0
[OMPT] parallel_end: parallel_id=281474976710703
[OMPT] parallel_begin: parallel_id=281474976710705 team_size=8
[OMPT] implicit_task_end: parallel_id=0 thread_num=4
[OMPT] implicit_task_end: parallel_id=0 thread_num=7
[OMPT] implicit_task_end: parallel_id=0 thread_num=1
[OMPT] implicit_task_begin: parallel_id=281474976710705 thread_num=4 team_size=8
[OMPT] implicit_task_end: parallel_id=0 thread_num=3
[OMPT] implicit_task_begin: parallel_id=281474976710705 thread_num=7 team_size=8
[OMPT] implicit_task_end: parallel_id=0 thread_num=6
[OMPT] implicit_task_begin: parallel_id=281474976710705 thread_num=6 team_size=8
[OMPT] implicit_task_begin: parallel_id=281474976710705 thread_num=0 team_size=8
[OMPT] implicit_task_end: parallel_id=0 thread_num=5
[OMPT] implicit_task_begin: parallel_id=281474976710705 thread_num=1 team_size=8
[OMPT] implicit_task_end: parallel_id=0 thread_num=2
[OMPT] implicit_task_begin: parallel_id=281474976710705 thread_num=3 team_size=8
[OMPT] implicit_task_begin: parallel_id=281474976710705 thread_num=5 team_size=8
[OMPT] implicit_task_begin: parallel_id=281474976710705 thread_num=2 team_size=8
[OMPT][WIN100ms] ompt_id=281474976710657 tid=72606  tipo=ompt_thread_initial    cpu=255 numa=1  d_rm=    4485  d_instr=1419669434  d_cyc= 373092126  d_all= 9167267  IPC=3.805  ratio_rm=0.0005
[OMPT][WIN100ms] ompt_id=562949953421313 tid=72608  tipo=ompt_thread_worker     cpu=  1 numa=0  d_rm=    3093  d_instr=1423656893  d_cyc= 372741985  d_all= 9176751  IPC=3.819  ratio_rm=0.0003
[OMPT][WIN100ms] ompt_id=844424930131969 tid=72609  tipo=ompt_thread_worker     cpu= 73 numa=1  d_rm=    3466  d_instr=1413549735  d_cyc= 372357768  d_all= 9096858  IPC=3.796  ratio_rm=0.0004
[OMPT][WIN100ms] ompt_id=1125899906842625 tid=72610  tipo=ompt_thread_worker     cpu= 46 numa=0  d_rm=    3226  d_instr=1421806493  d_cyc= 372927403  d_all= 9174338  IPC=3.813  ratio_rm=0.0004
[OMPT][WIN100ms] ompt_id=1407374883553281 tid=72611  tipo=ompt_thread_worker     cpu=214 numa=1  d_rm=    3423  d_instr=1440305295  d_cyc= 373990766  d_all= 9323073  IPC=3.851  ratio_rm=0.0004
[OMPT][WIN100ms] ompt_id=1970324836974593 tid=72612  tipo=ompt_thread_worker     cpu=222 numa=1  d_rm=    3660  d_instr=1446280391  d_cyc= 373444080  d_all= 9355102  IPC=3.873  ratio_rm=0.0004
[OMPT][WIN100ms] ompt_id=2251799813685249 tid=72614  tipo=ompt_thread_worker     cpu=231 numa=1  d_rm=    6687  d_instr=1418310067  d_cyc= 374208745  d_all= 9175901  IPC=3.790  ratio_rm=0.0007
[OMPT][WIN100ms] ompt_id=1688849860263937 tid=72613  tipo=ompt_thread_worker     cpu= 24 numa=0  d_rm=    3429  d_instr=1461311761  d_cyc= 373787491  d_all= 9456715  IPC=3.909  ratio_rm=0.0004
[OMPT][WIN100ms] ompt_id=281474976710657 tid=72606  tipo=ompt_thread_initial    cpu=255 numa=1  d_rm=    3395  d_instr=1450582434  d_cyc= 373944551  d_all= 9383013  IPC=3.879  ratio_rm=0.0004
[OMPT][WIN100ms] ompt_id=562949953421313 tid=72608  tipo=ompt_thread_worker     cpu=  1 numa=0  d_rm=    3075  d_instr=1466234393  d_cyc= 374416630  d_all= 9483404  IPC=3.916  ratio_rm=0.0003
[OMPT][WIN100ms] ompt_id=844424930131969 tid=72609  tipo=ompt_thread_worker     cpu= 73 numa=1  d_rm=    3223  d_instr=1459689505  d_cyc= 374158802  d_all= 9441395  IPC=3.901  ratio_rm=0.0003
[OMPT][WIN100ms] ompt_id=1125899906842625 tid=72610  tipo=ompt_thread_worker     cpu= 46 numa=0  d_rm=    3315  d_instr=1439703399  d_cyc= 374247894  d_all= 9313057  IPC=3.847  ratio_rm=0.0004
[OMPT][WIN100ms] ompt_id=1407374883553281 tid=72611  tipo=ompt_thread_worker     cpu=214 numa=1  d_rm=    3027  d_instr=1443246116  d_cyc= 374064779  d_all= 9335990  IPC=3.858  ratio_rm=0.0003
[OMPT][WIN100ms] ompt_id=1970324836974593 tid=72612  tipo=ompt_thread_worker     cpu=222 numa=1  d_rm=    3530  d_instr=1455004934  d_cyc= 374268831  d_all= 9411328  IPC=3.888  ratio_rm=0.0004
[OMPT][WIN100ms] ompt_id=2251799813685249 tid=72614  tipo=ompt_thread_worker     cpu=231 numa=1  d_rm=    3404  d_instr=1445660790  d_cyc= 374222989  d_all= 9368549  IPC=3.863  ratio_rm=0.0004
[OMPT][WIN100ms] ompt_id=1688849860263937 tid=72613  tipo=ompt_thread_worker     cpu= 24 numa=0  d_rm=    3153  d_instr=1465098596  d_cyc= 373980107  d_all= 9490208  IPC=3.918  ratio_rm=0.0003
[OMPT] implicit_task_end: parallel_id=0 thread_num=0
[OMPT] parallel_end: parallel_id=281474976710705
[OMPT] parallel_begin: parallel_id=281474976710707 team_size=8
[OMPT] implicit_task_end: parallel_id=0 thread_num=2
[OMPT] implicit_task_end: parallel_id=0 thread_num=3
[OMPT] implicit_task_end: parallel_id=0 thread_num=1
[OMPT] implicit_task_begin: parallel_id=281474976710707 thread_num=3 team_size=8
[OMPT] implicit_task_end: parallel_id=0 thread_num=4
[OMPT] implicit_task_end: parallel_id=0 thread_num=7
[OMPT] implicit_task_begin: parallel_id=281474976710707 thread_num=2 team_size=8
[OMPT] implicit_task_begin: parallel_id=281474976710707 thread_num=1 team_size=8
[OMPT] implicit_task_begin: parallel_id=281474976710707 thread_num=4 team_size=8
[OMPT] implicit_task_end: parallel_id=0 thread_num=5
[OMPT] implicit_task_begin: parallel_id=281474976710707 thread_num=7 team_size=8
[OMPT] implicit_task_end: parallel_id=0 thread_num=6
[OMPT] implicit_task_begin: parallel_id=281474976710707 thread_num=5 team_size=8
[OMPT] implicit_task_begin: parallel_id=281474976710707 thread_num=0 team_size=8
[OMPT] implicit_task_begin: parallel_id=281474976710707 thread_num=6 team_size=8
[OMPT][WIN100ms] ompt_id=281474976710657 tid=72606  tipo=ompt_thread_initial    cpu=255 numa=1  d_rm=    4553  d_instr=1422368300  d_cyc= 372806005  d_all= 9184231  IPC=3.815  ratio_rm=0.0005
[OMPT][WIN100ms] ompt_id=562949953421313 tid=72608  tipo=ompt_thread_worker     cpu=  1 numa=0  d_rm=    3285  d_instr=1424895809  d_cyc= 372870842  d_all= 9177828  IPC=3.821  ratio_rm=0.0004
[OMPT][WIN100ms] ompt_id=844424930131969 tid=72609  tipo=ompt_thread_worker     cpu= 73 numa=1  d_rm=    3294  d_instr=1425034639  d_cyc= 372841384  d_all= 9177246  IPC=3.822  ratio_rm=0.0004
[OMPT][WIN100ms] ompt_id=1125899906842625 tid=72610  tipo=ompt_thread_worker     cpu= 46 numa=0  d_rm=    3357  d_instr=1436715440  d_cyc= 374053743  d_all= 9306432  IPC=3.841  ratio_rm=0.0004
[OMPT][WIN100ms] ompt_id=1407374883553281 tid=72611  tipo=ompt_thread_worker     cpu=214 numa=1  d_rm=    3600  d_instr=1445701260  d_cyc= 373260690  d_all= 9348810  IPC=3.873  ratio_rm=0.0004
[OMPT][WIN100ms] ompt_id=1970324836974593 tid=72612  tipo=ompt_thread_worker     cpu=222 numa=1  d_rm=    3671  d_instr=1427914357  d_cyc= 373124434  d_all= 9207006  IPC=3.827  ratio_rm=0.0004
[OMPT][WIN100ms] ompt_id=2251799813685249 tid=72614  tipo=ompt_thread_worker     cpu=231 numa=1  d_rm=    6750  d_instr=1443484084  d_cyc= 374075711  d_all= 9331359  IPC=3.859  ratio_rm=0.0007
[OMPT][WIN100ms] ompt_id=1688849860263937 tid=72613  tipo=ompt_thread_worker     cpu= 24 numa=0  d_rm=    3537  d_instr=1407279011  d_cyc= 372775394  d_all= 9055096  IPC=3.775  ratio_rm=0.0004
[OMPT][WIN100ms] ompt_id=281474976710657 tid=72606  tipo=ompt_thread_initial    cpu=255 numa=1  d_rm=    3270  d_instr=1457637039  d_cyc= 374106342  d_all= 9427944  IPC=3.896  ratio_rm=0.0003
[OMPT][WIN100ms] ompt_id=562949953421313 tid=72608  tipo=ompt_thread_worker     cpu=  1 numa=0  d_rm=    2921  d_instr=1453716107  d_cyc= 374457058  d_all= 9403138  IPC=3.882  ratio_rm=0.0003
[OMPT][WIN100ms] ompt_id=844424930131969 tid=72609  tipo=ompt_thread_worker     cpu= 73 numa=1  d_rm=    3150  d_instr=1464684701  d_cyc= 374286146  d_all= 9473181  IPC=3.913  ratio_rm=0.0003
[OMPT][WIN100ms] ompt_id=1125899906842625 tid=72610  tipo=ompt_thread_worker     cpu= 46 numa=0  d_rm=    3758  d_instr=1459931877  d_cyc= 374361105  d_all= 9445829  IPC=3.900  ratio_rm=0.0004
[OMPT][WIN100ms] ompt_id=1407374883553281 tid=72611  tipo=ompt_thread_worker     cpu=214 numa=1  d_rm=    3283  d_instr=1458978387  d_cyc= 373839748  d_all= 9452153  IPC=3.903  ratio_rm=0.0003
[OMPT][WIN100ms] ompt_id=1970324836974593 tid=72612  tipo=ompt_thread_worker     cpu=222 numa=1  d_rm=    3634  d_instr=1459197975  d_cyc= 374325550  d_all= 9453762  IPC=3.898  ratio_rm=0.0004
[OMPT][WIN100ms] ompt_id=2251799813685249 tid=72614  tipo=ompt_thread_worker     cpu=231 numa=1  d_rm=    3182  d_instr=1368623438  d_cyc= 374242647  d_all= 8871517  IPC=3.657  ratio_rm=0.0004
[OMPT][WIN100ms] ompt_id=1688849860263937 tid=72613  tipo=ompt_thread_worker     cpu= 24 numa=0  d_rm=    3083  d_instr=1460612246  d_cyc= 374401038  d_all= 9467150  IPC=3.901  ratio_rm=0.0003
[OMPT] implicit_task_end: parallel_id=0 thread_num=0
[OMPT] parallel_end: parallel_id=281474976710707
[OMPT] parallel_begin: parallel_id=281474976710709 team_size=8
[OMPT] implicit_task_end: parallel_id=0 thread_num=4
[OMPT] implicit_task_end: parallel_id=0 thread_num=7
[OMPT] implicit_task_begin: parallel_id=281474976710709 thread_num=0 team_size=8
[OMPT] implicit_task_end: parallel_id=0 thread_num=1
[OMPT] implicit_task_end: parallel_id=0 thread_num=6
[OMPT] implicit_task_begin: parallel_id=281474976710709 thread_num=7 team_size=8
[OMPT] implicit_task_begin: parallel_id=281474976710709 thread_num=6 team_size=8
[OMPT] implicit_task_end: parallel_id=0 thread_num=3
[OMPT] implicit_task_end: parallel_id=0 thread_num=2
[OMPT] implicit_task_begin: parallel_id=281474976710709 thread_num=4 team_size=8
[OMPT] implicit_task_begin: parallel_id=281474976710709 thread_num=2 team_size=8
[OMPT] implicit_task_begin: parallel_id=281474976710709 thread_num=1 team_size=8
[OMPT] implicit_task_end: parallel_id=0 thread_num=5
[OMPT] implicit_task_begin: parallel_id=281474976710709 thread_num=3 team_size=8
[OMPT] implicit_task_begin: parallel_id=281474976710709 thread_num=5 team_size=8
[OMPT][WIN100ms] ompt_id=281474976710657 tid=72606  tipo=ompt_thread_initial    cpu=255 numa=1  d_rm=    4430  d_instr=1376021972  d_cyc= 371692169  d_all= 8811048  IPC=3.702  ratio_rm=0.0005
[OMPT][WIN100ms] ompt_id=562949953421313 tid=72608  tipo=ompt_thread_worker     cpu=  1 numa=0  d_rm=    2898  d_instr=1358902762  d_cyc= 371321746  d_all= 8679436  IPC=3.660  ratio_rm=0.0003
[OMPT][WIN100ms] ompt_id=844424930131969 tid=72609  tipo=ompt_thread_worker     cpu= 73 numa=1  d_rm=    3176  d_instr=1369633823  d_cyc= 371045637  d_all= 8742833  IPC=3.691  ratio_rm=0.0004
[OMPT][WIN100ms] ompt_id=1125899906842625 tid=72610  tipo=ompt_thread_worker     cpu= 46 numa=0  d_rm=    3875  d_instr=1370336801  d_cyc= 371285468  d_all= 8764575  IPC=3.691  ratio_rm=0.0004
[OMPT][WIN100ms] ompt_id=1407374883553281 tid=72611  tipo=ompt_thread_worker     cpu=214 numa=1  d_rm=    3096  d_instr=1348020936  d_cyc= 371155496  d_all= 8604380  IPC=3.632  ratio_rm=0.0004
[OMPT][WIN100ms] ompt_id=1970324836974593 tid=72612  tipo=ompt_thread_worker     cpu=222 numa=1  d_rm=    3443  d_instr=1351701858  d_cyc= 371140890  d_all= 8622959  IPC=3.642  ratio_rm=0.0004
[OMPT][WIN100ms] ompt_id=2251799813685249 tid=72614  tipo=ompt_thread_worker     cpu=231 numa=1  d_rm=    6459  d_instr=1421994780  d_cyc= 374309303  d_all= 9204147  IPC=3.799  ratio_rm=0.0007
[OMPT][WIN100ms] ompt_id=1688849860263937 tid=72613  tipo=ompt_thread_worker     cpu= 24 numa=0  d_rm=    3059  d_instr=1364660189  d_cyc= 371794954  d_all= 8710050  IPC=3.670  ratio_rm=0.0004
[OMPT][WIN100ms] ompt_id=281474976710657 tid=72606  tipo=ompt_thread_initial    cpu=255 numa=1  d_rm=    3242  d_instr=1467874940  d_cyc= 373856549  d_all= 9493939  IPC=3.926  ratio_rm=0.0003
[OMPT][WIN100ms] ompt_id=562949953421313 tid=72608  tipo=ompt_thread_worker     cpu=  1 numa=0  d_rm=    2987  d_instr=1439070894  d_cyc= 374545567  d_all= 9309303  IPC=3.842  ratio_rm=0.0003
[OMPT][WIN100ms] ompt_id=844424930131969 tid=72609  tipo=ompt_thread_worker     cpu= 73 numa=1  d_rm=    3433  d_instr=1461997832  d_cyc= 374376088  d_all= 9469852  IPC=3.905  ratio_rm=0.0004
[OMPT][WIN100ms] ompt_id=1125899906842625 tid=72610  tipo=ompt_thread_worker     cpu= 46 numa=0  d_rm=    3698  d_instr=1451800532  d_cyc= 374422366  d_all= 9409902  IPC=3.877  ratio_rm=0.0004
[OMPT][WIN100ms] ompt_id=1407374883553281 tid=72611  tipo=ompt_thread_worker     cpu=214 numa=1  d_rm=    3097  d_instr=1435536298  d_cyc= 374222153  d_all= 9297030  IPC=3.836  ratio_rm=0.0003
[OMPT][WIN100ms] ompt_id=1970324836974593 tid=72612  tipo=ompt_thread_worker     cpu=222 numa=1  d_rm=    3484  d_instr=1436549464  d_cyc= 374275860  d_all= 9309996  IPC=3.838  ratio_rm=0.0004
[OMPT][WIN100ms] ompt_id=2251799813685249 tid=72614  tipo=ompt_thread_worker     cpu=231 numa=1  d_rm=    3249  d_instr=1415307676  d_cyc= 374280027  d_all= 9174696  IPC=3.781  ratio_rm=0.0004
[OMPT][WIN100ms] ompt_id=1688849860263937 tid=72613  tipo=ompt_thread_worker     cpu= 24 numa=0  d_rm=    3059  d_instr=1441556402  d_cyc= 374367621  d_all= 9342547  IPC=3.851  ratio_rm=0.0003
[OMPT] implicit_task_end: parallel_id=0 thread_num=0
[OMPT] parallel_end: parallel_id=281474976710709
[OMPT] parallel_begin: parallel_id=281474976710711 team_size=8
[OMPT] implicit_task_end: parallel_id=0 thread_num=4
[OMPT] implicit_task_end: parallel_id=0 thread_num=7
[OMPT] implicit_task_begin: parallel_id=281474976710711 thread_num=0 team_size=8
[OMPT] implicit_task_end: parallel_id=0 thread_num=3
[OMPT] implicit_task_begin: parallel_id=281474976710711 thread_num=4 team_size=8
[OMPT] implicit_task_end: parallel_id=0 thread_num=5
[OMPT] implicit_task_begin: parallel_id=281474976710711 thread_num=7 team_size=8
[OMPT] implicit_task_end: parallel_id=0 thread_num=6
[OMPT] implicit_task_end: parallel_id=0 thread_num=2
[OMPT] implicit_task_begin: parallel_id=281474976710711 thread_num=6 team_size=8
[OMPT] implicit_task_end: parallel_id=0 thread_num=1
[OMPT] implicit_task_begin: parallel_id=281474976710711 thread_num=2 team_size=8
[OMPT] implicit_task_begin: parallel_id=281474976710711 thread_num=5 team_size=8
[OMPT] implicit_task_begin: parallel_id=281474976710711 thread_num=3 team_size=8
[OMPT] implicit_task_begin: parallel_id=281474976710711 thread_num=1 team_size=8
[OMPT][WIN100ms] ompt_id=281474976710657 tid=72606  tipo=ompt_thread_initial    cpu=255 numa=1  d_rm=    4597  d_instr=1397605230  d_cyc= 372108502  d_all= 8974139  IPC=3.756  ratio_rm=0.0005
[OMPT][WIN100ms] ompt_id=562949953421313 tid=72608  tipo=ompt_thread_worker     cpu=  1 numa=0  d_rm=    3454  d_instr=1394068230  d_cyc= 372936262  d_all= 9001209  IPC=3.738  ratio_rm=0.0004
[OMPT][WIN100ms] ompt_id=844424930131969 tid=72609  tipo=ompt_thread_worker     cpu= 73 numa=1  d_rm=    3250  d_instr=1399402695  d_cyc= 371774799  d_all= 8979451  IPC=3.764  ratio_rm=0.0004
[OMPT][WIN100ms] ompt_id=1125899906842625 tid=72610  tipo=ompt_thread_worker     cpu= 46 numa=0  d_rm=    3499  d_instr=1409950180  d_cyc= 372374335  d_all= 9069713  IPC=3.786  ratio_rm=0.0004
[OMPT][WIN100ms] ompt_id=1407374883553281 tid=72611  tipo=ompt_thread_worker     cpu=214 numa=1  d_rm=    3371  d_instr=1416263478  d_cyc= 373926150  d_all= 9173856  IPC=3.788  ratio_rm=0.0004
[OMPT][WIN100ms] ompt_id=1970324836974593 tid=72612  tipo=ompt_thread_worker     cpu=222 numa=1  d_rm=    3652  d_instr=1436408685  d_cyc= 373430974  d_all= 9290621  IPC=3.847  ratio_rm=0.0004
[OMPT][WIN100ms] ompt_id=2251799813685249 tid=72614  tipo=ompt_thread_worker     cpu=231 numa=1  d_rm=    7078  d_instr=1444973013  d_cyc= 374144912  d_all= 9352729  IPC=3.862  ratio_rm=0.0008
[OMPT][WIN100ms] ompt_id=1688849860263937 tid=72613  tipo=ompt_thread_worker     cpu= 24 numa=0  d_rm=    3148  d_instr=1426676133  d_cyc= 373257133  d_all= 9206008  IPC=3.822  ratio_rm=0.0003
[OMPT][WIN100ms] ompt_id=281474976710657 tid=72606  tipo=ompt_thread_initial    cpu=255 numa=1  d_rm=    3072  d_instr=1468356325  d_cyc= 373909615  d_all= 9509979  IPC=3.927  ratio_rm=0.0003
[OMPT][WIN100ms] ompt_id=562949953421313 tid=72608  tipo=ompt_thread_worker     cpu=  1 numa=0  d_rm=    3099  d_instr=1424081907  d_cyc= 374434524  d_all= 9226920  IPC=3.803  ratio_rm=0.0003
[OMPT][WIN100ms] ompt_id=844424930131969 tid=72609  tipo=ompt_thread_worker     cpu= 73 numa=1  d_rm=    3109  d_instr=1457563103  d_cyc= 374288597  d_all= 9447902  IPC=3.894  ratio_rm=0.0003
[OMPT][WIN100ms] ompt_id=1125899906842625 tid=72610  tipo=ompt_thread_worker     cpu= 46 numa=0  d_rm=    3319  d_instr=1450158700  d_cyc= 374357471  d_all= 9401026  IPC=3.874  ratio_rm=0.0004
[OMPT][WIN100ms] ompt_id=1407374883553281 tid=72611  tipo=ompt_thread_worker     cpu=214 numa=1  d_rm=    3183  d_instr=1427878924  d_cyc= 374215174  d_all= 9252823  IPC=3.816  ratio_rm=0.0003
[OMPT][WIN100ms] ompt_id=1970324836974593 tid=72612  tipo=ompt_thread_worker     cpu=222 numa=1  d_rm=    3263  d_instr=1431157169  d_cyc= 374377259  d_all= 9275399  IPC=3.823  ratio_rm=0.0004
[OMPT][WIN100ms] ompt_id=2251799813685249 tid=72614  tipo=ompt_thread_worker     cpu=231 numa=1  d_rm=    3574  d_instr=1426626282  d_cyc= 374356825  d_all= 9247022  IPC=3.811  ratio_rm=0.0004
[OMPT][WIN100ms] ompt_id=1688849860263937 tid=72613  tipo=ompt_thread_worker     cpu= 24 numa=0  d_rm=    2993  d_instr=1443161764  d_cyc= 374480899  d_all= 9348454  IPC=3.854  ratio_rm=0.0003
[OMPT] implicit_task_end: parallel_id=0 thread_num=0
[OMPT] parallel_end: parallel_id=281474976710711
[OMPT] parallel_begin: parallel_id=281474976710713 team_size=8
[OMPT] implicit_task_end: parallel_id=0 thread_num=2
[OMPT] implicit_task_end: parallel_id=0 thread_num=1
[OMPT] implicit_task_end: parallel_id=0 thread_num=3
[OMPT] implicit_task_begin: parallel_id=281474976710713 thread_num=3 team_size=8
[OMPT] implicit_task_begin: parallel_id=281474976710713 thread_num=0 team_size=8
[OMPT] implicit_task_begin: parallel_id=281474976710713 thread_num=2 team_size=8
[OMPT] implicit_task_begin: parallel_id=281474976710713 thread_num=1 team_size=8
[OMPT] implicit_task_end: parallel_id=0 thread_num=4
[OMPT] implicit_task_end: parallel_id=0 thread_num=6
[OMPT] implicit_task_begin: parallel_id=281474976710713 thread_num=4 team_size=8
[OMPT] implicit_task_begin: parallel_id=281474976710713 thread_num=6 team_size=8
[OMPT] implicit_task_end: parallel_id=0 thread_num=5
[OMPT] implicit_task_end: parallel_id=0 thread_num=7
[OMPT] implicit_task_begin: parallel_id=281474976710713 thread_num=5 team_size=8
[OMPT] implicit_task_begin: parallel_id=281474976710713 thread_num=7 team_size=8
[OMPT][WIN100ms] ompt_id=281474976710657 tid=72606  tipo=ompt_thread_initial    cpu=255 numa=1  d_rm=    4145  d_instr=1378475657  d_cyc= 371640229  d_all= 8830696  IPC=3.709  ratio_rm=0.0005
[OMPT][WIN100ms] ompt_id=562949953421313 tid=72608  tipo=ompt_thread_worker     cpu=  1 numa=0  d_rm=    3437  d_instr=1454537428  d_cyc= 373856671  d_all= 9428667  IPC=3.891  ratio_rm=0.0004
[OMPT][WIN100ms] ompt_id=844424930131969 tid=72609  tipo=ompt_thread_worker     cpu= 73 numa=1  d_rm=    3247  d_instr=1398126329  d_cyc= 371928001  d_all= 8961948  IPC=3.759  ratio_rm=0.0004
[OMPT][WIN100ms] ompt_id=1125899906842625 tid=72610  tipo=ompt_thread_worker     cpu= 46 numa=0  d_rm=    3329  d_instr=1398049356  d_cyc= 372323291  d_all= 8976144  IPC=3.755  ratio_rm=0.0004
[OMPT][WIN100ms] ompt_id=1407374883553281 tid=72611  tipo=ompt_thread_worker     cpu=214 numa=1  d_rm=    3309  d_instr=1417642935  d_cyc= 372515931  d_all= 9156165  IPC=3.806  ratio_rm=0.0004
[OMPT][WIN100ms] ompt_id=1970324836974593 tid=72612  tipo=ompt_thread_worker     cpu=222 numa=1  d_rm=    4050  d_instr=1396238318  d_cyc= 372680411  d_all= 8975492  IPC=3.746  ratio_rm=0.0005
[OMPT][WIN100ms] ompt_id=2251799813685249 tid=72614  tipo=ompt_thread_worker     cpu=231 numa=1  d_rm=    6486  d_instr=1413566771  d_cyc= 373271216  d_all= 9112704  IPC=3.787  ratio_rm=0.0007
[OMPT][WIN100ms] ompt_id=1688849860263937 tid=72613  tipo=ompt_thread_worker     cpu= 24 numa=0  d_rm=    3232  d_instr=1364416729  d_cyc= 372884246  d_all= 8754866  IPC=3.659  ratio_rm=0.0004
[OMPT][WIN100ms] ompt_id=281474976710657 tid=72606  tipo=ompt_thread_initial    cpu=255 numa=1  d_rm=    3279  d_instr=1413884729  d_cyc= 372775029  d_all= 9083445  IPC=3.793  ratio_rm=0.0004
[OMPT][WIN100ms] ompt_id=562949953421313 tid=72608  tipo=ompt_thread_worker     cpu=  1 numa=0  d_rm=    2855  d_instr=1401122295  d_cyc= 372646168  d_all= 8985017  IPC=3.760  ratio_rm=0.0003
[OMPT][WIN100ms] ompt_id=844424930131969 tid=72609  tipo=ompt_thread_worker     cpu= 73 numa=1  d_rm=    3071  d_instr=1401754014  d_cyc= 372584320  d_all= 8992443  IPC=3.762  ratio_rm=0.0003
[OMPT][WIN100ms] ompt_id=1125899906842625 tid=72610  tipo=ompt_thread_worker     cpu= 46 numa=0  d_rm=    3237  d_instr=1405708494  d_cyc= 373039169  d_all= 9042532  IPC=3.768  ratio_rm=0.0004
[OMPT][WIN100ms] ompt_id=1407374883553281 tid=72611  tipo=ompt_thread_worker     cpu=214 numa=1  d_rm=    3104  d_instr=1415633243  d_cyc= 372725382  d_all= 9110955  IPC=3.798  ratio_rm=0.0003
[OMPT][WIN100ms] ompt_id=1970324836974593 tid=72612  tipo=ompt_thread_worker     cpu=222 numa=1  d_rm=    3221  d_instr=1418164982  d_cyc= 373170410  d_all= 9127242  IPC=3.800  ratio_rm=0.0004
[OMPT][WIN100ms] ompt_id=2251799813685249 tid=72614  tipo=ompt_thread_worker     cpu=231 numa=1  d_rm=    6149  d_instr=1411249724  d_cyc= 373547369  d_all= 9084454  IPC=3.778  ratio_rm=0.0007
[OMPT][WIN100ms] ompt_id=1688849860263937 tid=72613  tipo=ompt_thread_worker     cpu= 24 numa=0  d_rm=    2967  d_instr=1412513772  d_cyc= 374392360  d_all= 9153097  IPC=3.773  ratio_rm=0.0003
[OMPT] implicit_task_end: parallel_id=0 thread_num=0
[OMPT] parallel_end: parallel_id=281474976710713
[OMPT] parallel_begin: parallel_id=281474976710715 team_size=8
[OMPT] implicit_task_end: parallel_id=0 thread_num=2
[OMPT] implicit_task_end: parallel_id=0 thread_num=3
[OMPT] implicit_task_begin: parallel_id=281474976710715 thread_num=2 team_size=8
[OMPT] implicit_task_end: parallel_id=0 thread_num=4
[OMPT] implicit_task_end: parallel_id=0 thread_num=5
[OMPT] implicit_task_begin: parallel_id=281474976710715 thread_num=4 team_size=8
[OMPT] implicit_task_begin: parallel_id=281474976710715 thread_num=0 team_size=8
[OMPT] implicit_task_begin: parallel_id=281474976710715 thread_num=3 team_size=8
[OMPT] implicit_task_begin: parallel_id=281474976710715 thread_num=5 team_size=8
[OMPT] implicit_task_end: parallel_id=0 thread_num=6
[OMPT] implicit_task_begin: parallel_id=281474976710715 thread_num=6 team_size=8
[OMPT] implicit_task_end: parallel_id=0 thread_num=7
[OMPT] implicit_task_end: parallel_id=0 thread_num=1
[OMPT] implicit_task_begin: parallel_id=281474976710715 thread_num=7 team_size=8
[OMPT] implicit_task_begin: parallel_id=281474976710715 thread_num=1 team_size=8
[OMPT][WIN100ms] ompt_id=281474976710657 tid=72606  tipo=ompt_thread_initial    cpu=255 numa=1  d_rm=    4589  d_instr=1426998197  d_cyc= 372971887  d_all= 9223191  IPC=3.826  ratio_rm=0.0005
[OMPT][WIN100ms] ompt_id=562949953421313 tid=72608  tipo=ompt_thread_worker     cpu=  1 numa=0  d_rm=    3104  d_instr=1436944664  d_cyc= 373000575  d_all= 9291363  IPC=3.852  ratio_rm=0.0003
[OMPT][WIN100ms] ompt_id=844424930131969 tid=72609  tipo=ompt_thread_worker     cpu= 73 numa=1  d_rm=    3323  d_instr=1440894303  d_cyc= 373687906  d_all= 9315291  IPC=3.856  ratio_rm=0.0004
[OMPT][WIN100ms] ompt_id=1125899906842625 tid=72610  tipo=ompt_thread_worker     cpu= 46 numa=0  d_rm=    3944  d_instr=1437176545  d_cyc= 373399541  d_all= 9290672  IPC=3.849  ratio_rm=0.0004
[OMPT][WIN100ms] ompt_id=1407374883553281 tid=72611  tipo=ompt_thread_worker     cpu=214 numa=1  d_rm=    3419  d_instr=1436616922  d_cyc= 373330675  d_all= 9281492  IPC=3.848  ratio_rm=0.0004
[OMPT][WIN100ms] ompt_id=1970324836974593 tid=72612  tipo=ompt_thread_worker     cpu=222 numa=1  d_rm=    3665  d_instr=1443717018  d_cyc= 373356560  d_all= 9331009  IPC=3.867  ratio_rm=0.0004
[OMPT][WIN100ms] ompt_id=2251799813685249 tid=72614  tipo=ompt_thread_worker     cpu=231 numa=1  d_rm=    3452  d_instr=1418990114  d_cyc= 373293826  d_all= 9157917  IPC=3.801  ratio_rm=0.0004
[OMPT][WIN100ms] ompt_id=1688849860263937 tid=72613  tipo=ompt_thread_worker     cpu= 24 numa=0  d_rm=    3271  d_instr=1444619234  d_cyc= 374116266  d_all= 9349511  IPC=3.861  ratio_rm=0.0003
[OMPT] implicit_task_end: parallel_id=0 thread_num=0
[OMPT] parallel_end: parallel_id=281474976710715
[OMPT] parallel_begin: parallel_id=281474976710717 team_size=8
[OMPT] implicit_task_end: parallel_id=0 thread_num=4
[OMPT] implicit_task_end: parallel_id=0 thread_num=7
[OMPT] implicit_task_end: parallel_id=0 thread_num=2
[OMPT] implicit_task_end: parallel_id=0 thread_num=3
[OMPT] implicit_task_begin: parallel_id=281474976710717 thread_num=4 team_size=8
[OMPT] implicit_task_end: parallel_id=0 thread_num=6
[OMPT] implicit_task_begin: parallel_id=281474976710717 thread_num=0 team_size=8
[OMPT] implicit_task_begin: parallel_id=281474976710717 thread_num=7 team_size=8
[OMPT] implicit_task_end: parallel_id=0 thread_num=1
[OMPT] implicit_task_begin: parallel_id=281474976710717 thread_num=6 team_size=8
[OMPT] implicit_task_begin: parallel_id=281474976710717 thread_num=1 team_size=8
[OMPT] implicit_task_begin: parallel_id=281474976710717 thread_num=2 team_size=8
[OMPT] implicit_task_end: parallel_id=0 thread_num=5
[OMPT] implicit_task_begin: parallel_id=281474976710717 thread_num=3 team_size=8
[OMPT] implicit_task_begin: parallel_id=281474976710717 thread_num=5 team_size=8
[OMPT][WIN100ms] ompt_id=281474976710657 tid=72606  tipo=ompt_thread_initial    cpu=255 numa=1  d_rm=    4756  d_instr=1411128617  d_cyc= 372723387  d_all= 9092010  IPC=3.786  ratio_rm=0.0005
[OMPT][WIN100ms] ompt_id=562949953421313 tid=72608  tipo=ompt_thread_worker     cpu=  1 numa=0  d_rm=    3107  d_instr=1402582472  d_cyc= 372826882  d_all= 9034745  IPC=3.762  ratio_rm=0.0003
[OMPT][WIN100ms] ompt_id=844424930131969 tid=72609  tipo=ompt_thread_worker     cpu= 73 numa=1  d_rm=    3408  d_instr=1406729733  d_cyc= 372231949  d_all= 9037436  IPC=3.779  ratio_rm=0.0004
[OMPT][WIN100ms] ompt_id=1125899906842625 tid=72610  tipo=ompt_thread_worker     cpu= 46 numa=0  d_rm=    3755  d_instr=1407772806  d_cyc= 372321630  d_all= 9046064  IPC=3.781  ratio_rm=0.0004
[OMPT][WIN100ms] ompt_id=1407374883553281 tid=72611  tipo=ompt_thread_worker     cpu=214 numa=1  d_rm=    3899  d_instr=1405391043  d_cyc= 373278381  d_all= 9067990  IPC=3.765  ratio_rm=0.0004
[OMPT][WIN100ms] ompt_id=1970324836974593 tid=72612  tipo=ompt_thread_worker     cpu=222 numa=1  d_rm=    3642  d_instr=1403301746  d_cyc= 371753269  d_all= 9013870  IPC=3.775  ratio_rm=0.0004
[OMPT][WIN100ms] ompt_id=2251799813685249 tid=72614  tipo=ompt_thread_worker     cpu=231 numa=1  d_rm=    6598  d_instr=1417369257  d_cyc= 374195466  d_all= 9169559  IPC=3.788  ratio_rm=0.0007
[OMPT][WIN100ms] ompt_id=1688849860263937 tid=72613  tipo=ompt_thread_worker     cpu= 24 numa=0  d_rm=    3268  d_instr=1409278689  d_cyc= 373393688  d_all= 9090370  IPC=3.774  ratio_rm=0.0004
[OMPT][WIN100ms] ompt_id=281474976710657 tid=72606  tipo=ompt_thread_initial    cpu=255 numa=1  d_rm=    3092  d_instr=1452442452  d_cyc= 374101295  d_all= 9415138  IPC=3.882  ratio_rm=0.0003
[OMPT][WIN100ms] ompt_id=562949953421313 tid=72608  tipo=ompt_thread_worker     cpu=  1 numa=0  d_rm=    2946  d_instr=1446962192  d_cyc= 374416012  d_all= 9378831  IPC=3.865  ratio_rm=0.0003
[OMPT][WIN100ms] ompt_id=844424930131969 tid=72609  tipo=ompt_thread_worker     cpu= 73 numa=1  d_rm=    3213  d_instr=1452889607  d_cyc= 374222698  d_all= 9413813  IPC=3.882  ratio_rm=0.0003
[OMPT][WIN100ms] ompt_id=1125899906842625 tid=72610  tipo=ompt_thread_worker     cpu= 46 numa=0  d_rm=    3494  d_instr=1443628902  d_cyc= 374317490  d_all= 9355992  IPC=3.857  ratio_rm=0.0004
[OMPT][WIN100ms] ompt_id=1407374883553281 tid=72611  tipo=ompt_thread_worker     cpu=214 numa=1  d_rm=    3557  d_instr=1429450752  d_cyc= 374157089  d_all= 9255251  IPC=3.820  ratio_rm=0.0004
[OMPT][WIN100ms] ompt_id=1970324836974593 tid=72612  tipo=ompt_thread_worker     cpu=222 numa=1  d_rm=    3358  d_instr=1459760762  d_cyc= 373927944  d_all= 9441768  IPC=3.904  ratio_rm=0.0004
[OMPT][WIN100ms] ompt_id=2251799813685249 tid=72614  tipo=ompt_thread_worker     cpu=231 numa=1  d_rm=    3329  d_instr=1444647913  d_cyc= 374443211  d_all= 9345118  IPC=3.858  ratio_rm=0.0004
[OMPT][WIN100ms] ompt_id=1688849860263937 tid=72613  tipo=ompt_thread_worker     cpu= 24 numa=0  d_rm=    2897  d_instr=1368303872  d_cyc= 374504869  d_all= 8855550  IPC=3.654  ratio_rm=0.0003
[OMPT] implicit_task_end: parallel_id=0 thread_num=0
[OMPT] parallel_end: parallel_id=281474976710717
[OMPT] parallel_begin: parallel_id=281474976710719 team_size=8
[OMPT] implicit_task_end: parallel_id=0 thread_num=4
[OMPT] implicit_task_end: parallel_id=0 thread_num=7
[OMPT] implicit_task_begin: parallel_id=281474976710719 thread_num=0 team_size=8
[OMPT] implicit_task_end: parallel_id=0 thread_num=2
[OMPT] implicit_task_end: parallel_id=0 thread_num=1
[OMPT] implicit_task_end: parallel_id=0 thread_num=5
[OMPT] implicit_task_end: parallel_id=0 thread_num=6
[OMPT] implicit_task_begin: parallel_id=281474976710719 thread_num=5 team_size=8
[OMPT] implicit_task_end: parallel_id=0 thread_num=3
[OMPT] implicit_task_begin: parallel_id=281474976710719 thread_num=3 team_size=8
[OMPT] implicit_task_begin: parallel_id=281474976710719 thread_num=4 team_size=8
[OMPT] implicit_task_begin: parallel_id=281474976710719 thread_num=7 team_size=8
[OMPT] implicit_task_begin: parallel_id=281474976710719 thread_num=2 team_size=8
[OMPT] implicit_task_begin: parallel_id=281474976710719 thread_num=1 team_size=8
[OMPT] implicit_task_begin: parallel_id=281474976710719 thread_num=6 team_size=8
[OMPT][WIN100ms] ompt_id=281474976710657 tid=72606  tipo=ompt_thread_initial    cpu=255 numa=1  d_rm=    4135  d_instr=1299334560  d_cyc= 369571200  d_all= 8182954  IPC=3.516  ratio_rm=0.0005
[OMPT][WIN100ms] ompt_id=562949953421313 tid=72608  tipo=ompt_thread_worker     cpu=  1 numa=0  d_rm=    2838  d_instr=1305938529  d_cyc= 369690626  d_all= 8246794  IPC=3.533  ratio_rm=0.0003
[OMPT][WIN100ms] ompt_id=844424930131969 tid=72609  tipo=ompt_thread_worker     cpu= 73 numa=1  d_rm=    3039  d_instr=1299151979  d_cyc= 369046872  d_all= 8174822  IPC=3.520  ratio_rm=0.0004
[OMPT][WIN100ms] ompt_id=1125899906842625 tid=72610  tipo=ompt_thread_worker     cpu= 46 numa=0  d_rm=    3130  d_instr=1309045001  d_cyc= 369445399  d_all= 8254282  IPC=3.543  ratio_rm=0.0004
[OMPT][WIN100ms] ompt_id=1407374883553281 tid=72611  tipo=ompt_thread_worker     cpu=214 numa=1  d_rm=    3381  d_instr=1316714363  d_cyc= 369880932  d_all= 8334303  IPC=3.560  ratio_rm=0.0004
[OMPT][WIN100ms] ompt_id=1970324836974593 tid=72612  tipo=ompt_thread_worker     cpu=222 numa=1  d_rm=    3503  d_instr=1297418388  d_cyc= 368772845  d_all= 8156596  IPC=3.518  ratio_rm=0.0004
[OMPT][WIN100ms] ompt_id=2251799813685249 tid=72614  tipo=ompt_thread_worker     cpu=231 numa=1  d_rm=    6352  d_instr=1297835545  d_cyc= 370132055  d_all= 8216227  IPC=3.506  ratio_rm=0.0008
[OMPT][WIN100ms] ompt_id=1688849860263937 tid=72613  tipo=ompt_thread_worker     cpu= 24 numa=0  d_rm=    3495  d_instr=1335968726  d_cyc= 373632163  d_all= 8654606  IPC=3.576  ratio_rm=0.0004
[OMPT][WIN100ms] ompt_id=281474976710657 tid=72606  tipo=ompt_thread_initial    cpu=255 numa=1  d_rm=    3194  d_instr=1455992876  d_cyc= 373877597  d_all= 9442963  IPC=3.894  ratio_rm=0.0003
[OMPT][WIN100ms] ompt_id=562949953421313 tid=72608  tipo=ompt_thread_worker     cpu=  1 numa=0  d_rm=    3121  d_instr=1448925859  d_cyc= 374418291  d_all= 9391531  IPC=3.870  ratio_rm=0.0003
[OMPT][WIN100ms] ompt_id=844424930131969 tid=72609  tipo=ompt_thread_worker     cpu= 73 numa=1  d_rm=    3148  d_instr=1462935930  d_cyc= 374189354  d_all= 9482099  IPC=3.910  ratio_rm=0.0003
[OMPT][WIN100ms] ompt_id=1125899906842625 tid=72610  tipo=ompt_thread_worker     cpu= 46 numa=0  d_rm=    3341  d_instr=1455084555  d_cyc= 374257102  d_all= 9425493  IPC=3.888  ratio_rm=0.0004
[OMPT][WIN100ms] ompt_id=1407374883553281 tid=72611  tipo=ompt_thread_worker     cpu=214 numa=1  d_rm=    2855  d_instr=1388948999  d_cyc= 374102832  d_all= 8989865  IPC=3.713  ratio_rm=0.0003
[OMPT][WIN100ms] ompt_id=1970324836974593 tid=72612  tipo=ompt_thread_worker     cpu=222 numa=1  d_rm=    3548  d_instr=1448476043  d_cyc= 374411179  d_all= 9369047  IPC=3.869  ratio_rm=0.0004
[OMPT][WIN100ms] ompt_id=2251799813685249 tid=72614  tipo=ompt_thread_worker     cpu=231 numa=1  d_rm=    3578  d_instr=1457585631  d_cyc= 374363619  d_all= 9427692  IPC=3.894  ratio_rm=0.0004
[OMPT][WIN100ms] ompt_id=1688849860263937 tid=72613  tipo=ompt_thread_worker     cpu= 24 numa=0  d_rm=    3227  d_instr=1434295645  d_cyc= 374450480  d_all= 9278627  IPC=3.830  ratio_rm=0.0003
[OMPT] implicit_task_end: parallel_id=0 thread_num=0
[OMPT] parallel_end: parallel_id=281474976710719
[OMPT] parallel_begin: parallel_id=281474976710721 team_size=8
[OMPT] implicit_task_end: parallel_id=0 thread_num=4
[OMPT] implicit_task_end: parallel_id=0 thread_num=5
[OMPT] implicit_task_end: parallel_id=0 thread_num=1
[OMPT] implicit_task_end: parallel_id=0 thread_num=2
[OMPT] implicit_task_end: parallel_id=0 thread_num=6
[OMPT] implicit_task_begin: parallel_id=281474976710721 thread_num=2 team_size=8
[OMPT] implicit_task_begin: parallel_id=281474976710721 thread_num=6 team_size=8
[OMPT] implicit_task_end: parallel_id=0 thread_num=7
[OMPT] implicit_task_end: parallel_id=0 thread_num=3
[OMPT] implicit_task_begin: parallel_id=281474976710721 thread_num=7 team_size=8
[OMPT] implicit_task_begin: parallel_id=281474976710721 thread_num=0 team_size=8
[OMPT] implicit_task_begin: parallel_id=281474976710721 thread_num=3 team_size=8
[OMPT] implicit_task_begin: parallel_id=281474976710721 thread_num=4 team_size=8
[OMPT] implicit_task_begin: parallel_id=281474976710721 thread_num=5 team_size=8
[OMPT] implicit_task_begin: parallel_id=281474976710721 thread_num=1 team_size=8
[OMPT][WIN100ms] ompt_id=281474976710657 tid=72606  tipo=ompt_thread_initial    cpu=255 numa=1  d_rm=    4188  d_instr=1315914988  d_cyc= 369234153  d_all= 8320592  IPC=3.564  ratio_rm=0.0005
[OMPT][WIN100ms] ompt_id=562949953421313 tid=72608  tipo=ompt_thread_worker     cpu=  1 numa=0  d_rm=    2901  d_instr=1321470465  d_cyc= 369646680  d_all= 8355201  IPC=3.575  ratio_rm=0.0003
[OMPT][WIN100ms] ompt_id=844424930131969 tid=72609  tipo=ompt_thread_worker     cpu= 73 numa=1  d_rm=    2977  d_instr=1318543362  d_cyc= 369670120  d_all= 8317889  IPC=3.567  ratio_rm=0.0004
[OMPT][WIN100ms] ompt_id=1125899906842625 tid=72610  tipo=ompt_thread_worker     cpu= 46 numa=0  d_rm=    3091  d_instr=1318748177  d_cyc= 369542313  d_all= 8332972  IPC=3.569  ratio_rm=0.0004
[OMPT][WIN100ms] ompt_id=1407374883553281 tid=72611  tipo=ompt_thread_worker     cpu=214 numa=1  d_rm=    3227  d_instr=1356259682  d_cyc= 373443321  d_all= 8786065  IPC=3.632  ratio_rm=0.0004
[OMPT][WIN100ms] ompt_id=1970324836974593 tid=72612  tipo=ompt_thread_worker     cpu=222 numa=1  d_rm=    3486  d_instr=1322134993  d_cyc= 369927374  d_all= 8385123  IPC=3.574  ratio_rm=0.0004
[OMPT][WIN100ms] ompt_id=2251799813685249 tid=72614  tipo=ompt_thread_worker     cpu=231 numa=1  d_rm=    6579  d_instr=1322674963  d_cyc= 369955032  d_all= 8372654  IPC=3.575  ratio_rm=0.0008
[OMPT][WIN100ms] ompt_id=1688849860263937 tid=72613  tipo=ompt_thread_worker     cpu= 24 numa=0  d_rm=    2936  d_instr=1345652080  d_cyc= 371154278  d_all= 8576442  IPC=3.626  ratio_rm=0.0003
[OMPT][WIN100ms] ompt_id=281474976710657 tid=72606  tipo=ompt_thread_initial    cpu=255 numa=1  d_rm=    3198  d_instr=1451121269  d_cyc= 374090530  d_all= 9407189  IPC=3.879  ratio_rm=0.0003
[OMPT][WIN100ms] ompt_id=562949953421313 tid=72608  tipo=ompt_thread_worker     cpu=  1 numa=0  d_rm=    3054  d_instr=1355571064  d_cyc= 374338044  d_all= 8779940  IPC=3.621  ratio_rm=0.0003
[OMPT][WIN100ms] ompt_id=844424930131969 tid=72609  tipo=ompt_thread_worker     cpu= 73 numa=1  d_rm=    3450  d_instr=1456867392  d_cyc= 374145399  d_all= 9439986  IPC=3.894  ratio_rm=0.0004
[OMPT][WIN100ms] ompt_id=1125899906842625 tid=72610  tipo=ompt_thread_worker     cpu= 46 numa=0  d_rm=    3159  d_instr=1454372660  d_cyc= 374202890  d_all= 9414753  IPC=3.887  ratio_rm=0.0003
[OMPT][WIN100ms] ompt_id=1407374883553281 tid=72611  tipo=ompt_thread_worker     cpu=214 numa=1  d_rm=    3351  d_instr=1447423191  d_cyc= 374165591  d_all= 9362654  IPC=3.868  ratio_rm=0.0004
[OMPT][WIN100ms] ompt_id=1970324836974593 tid=72612  tipo=ompt_thread_worker     cpu=222 numa=1  d_rm=    3328  d_instr=1466082223  d_cyc= 374031278  d_all= 9484016  IPC=3.920  ratio_rm=0.0004
[OMPT][WIN100ms] ompt_id=2251799813685249 tid=72614  tipo=ompt_thread_worker     cpu=231 numa=1  d_rm=    3231  d_instr=1407871450  d_cyc= 374369626  d_all= 9109601  IPC=3.761  ratio_rm=0.0004
[OMPT][WIN100ms] ompt_id=1688849860263937 tid=72613  tipo=ompt_thread_worker     cpu= 24 numa=0  d_rm=    3274  d_instr=1377677055  d_cyc= 374494085  d_all= 8916188  IPC=3.679  ratio_rm=0.0004
[OMPT] implicit_task_end: parallel_id=0 thread_num=0
[OMPT] parallel_end: parallel_id=281474976710721
[OMPT] parallel_begin: parallel_id=281474976710723 team_size=8
[OMPT] implicit_task_end: parallel_id=0 thread_num=4
[OMPT] implicit_task_end: parallel_id=0 thread_num=7
[OMPT] implicit_task_begin: parallel_id=281474976710723 thread_num=0 team_size=8
[OMPT] implicit_task_end: parallel_id=0 thread_num=1
[OMPT] implicit_task_end: parallel_id=0 thread_num=5
[OMPT] implicit_task_end: parallel_id=0 thread_num=6
[OMPT] implicit_task_begin: parallel_id=281474976710723 thread_num=5 team_size=8
[OMPT] implicit_task_begin: parallel_id=281474976710723 thread_num=6 team_size=8
[OMPT] implicit_task_end: parallel_id=0 thread_num=2
[OMPT] implicit_task_begin: parallel_id=281474976710723 thread_num=4 team_size=8
[OMPT] implicit_task_begin: parallel_id=281474976710723 thread_num=2 team_size=8
[OMPT] implicit_task_begin: parallel_id=281474976710723 thread_num=7 team_size=8
[OMPT] implicit_task_begin: parallel_id=281474976710723 thread_num=1 team_size=8
[OMPT] implicit_task_end: parallel_id=0 thread_num=3
[OMPT] implicit_task_begin: parallel_id=281474976710723 thread_num=3 team_size=8
[OMPT][WIN100ms] ompt_id=281474976710657 tid=72606  tipo=ompt_thread_initial    cpu=255 numa=1  d_rm=    4204  d_instr=1318869074  d_cyc= 370349033  d_all= 8349459  IPC=3.561  ratio_rm=0.0005
[OMPT][WIN100ms] ompt_id=562949953421313 tid=72608  tipo=ompt_thread_worker     cpu=  1 numa=0  d_rm=    3136  d_instr=1386822355  d_cyc= 373770867  d_all= 8987715  IPC=3.710  ratio_rm=0.0003
[OMPT][WIN100ms] ompt_id=844424930131969 tid=72609  tipo=ompt_thread_worker     cpu= 73 numa=1  d_rm=    3196  d_instr=1313532275  d_cyc= 369543967  d_all= 8293659  IPC=3.554  ratio_rm=0.0004
[OMPT][WIN100ms] ompt_id=1125899906842625 tid=72610  tipo=ompt_thread_worker     cpu= 46 numa=0  d_rm=    3113  d_instr=1318000975  d_cyc= 369564314  d_all= 8348115  IPC=3.566  ratio_rm=0.0004
[OMPT][WIN100ms] ompt_id=1407374883553281 tid=72611  tipo=ompt_thread_worker     cpu=214 numa=1  d_rm=    3242  d_instr=1314131641  d_cyc= 370560971  d_all= 8363886  IPC=3.546  ratio_rm=0.0004
[OMPT][WIN100ms] ompt_id=1970324836974593 tid=72612  tipo=ompt_thread_worker     cpu=222 numa=1  d_rm=    3334  d_instr=1313246452  d_cyc= 369199401  d_all= 8286130  IPC=3.557  ratio_rm=0.0004
[OMPT][WIN100ms] ompt_id=2251799813685249 tid=72614  tipo=ompt_thread_worker     cpu=231 numa=1  d_rm=    6944  d_instr=1346789826  d_cyc= 371517902  d_all= 8608954  IPC=3.625  ratio_rm=0.0008
[OMPT][WIN100ms] ompt_id=1688849860263937 tid=72613  tipo=ompt_thread_worker     cpu= 24 numa=0  d_rm=    3158  d_instr=1371357308  d_cyc= 372720111  d_all= 8817668  IPC=3.679  ratio_rm=0.0004
[OMPT][WIN100ms] ompt_id=281474976710657 tid=72606  tipo=ompt_thread_initial    cpu=255 numa=1  d_rm=    3235  d_instr=1452160307  d_cyc= 374141446  d_all= 9411959  IPC=3.881  ratio_rm=0.0003
[OMPT][WIN100ms] ompt_id=562949953421313 tid=72608  tipo=ompt_thread_worker     cpu=  1 numa=0  d_rm=    3330  d_instr=1441741078  d_cyc= 374436146  d_all= 9347346  IPC=3.850  ratio_rm=0.0004
[OMPT][WIN100ms] ompt_id=844424930131969 tid=72609  tipo=ompt_thread_worker     cpu= 73 numa=1  d_rm=    3063  d_instr=1462927634  d_cyc= 374281223  d_all= 9475657  IPC=3.909  ratio_rm=0.0003
[OMPT][WIN100ms] ompt_id=1125899906842625 tid=72610  tipo=ompt_thread_worker     cpu= 46 numa=0  d_rm=    3534  d_instr=1448143953  d_cyc= 374467383  d_all= 9367416  IPC=3.867  ratio_rm=0.0004
[OMPT][WIN100ms] ompt_id=1407374883553281 tid=72611  tipo=ompt_thread_worker     cpu=214 numa=1  d_rm=    3732  d_instr=1420302533  d_cyc= 374262152  d_all= 9189165  IPC=3.795  ratio_rm=0.0004
[OMPT][WIN100ms] ompt_id=1970324836974593 tid=72612  tipo=ompt_thread_worker     cpu=222 numa=1  d_rm=    3347  d_instr=1459482541  d_cyc= 374449595  d_all= 9440284  IPC=3.898  ratio_rm=0.0004
[OMPT][WIN100ms] ompt_id=2251799813685249 tid=72614  tipo=ompt_thread_worker     cpu=231 numa=1  d_rm=    3417  d_instr=1461913704  d_cyc= 374057773  d_all= 9455691  IPC=3.908  ratio_rm=0.0004
[OMPT][WIN100ms] ompt_id=1688849860263937 tid=72613  tipo=ompt_thread_worker     cpu= 24 numa=0  d_rm=    3310  d_instr=1437907990  d_cyc= 374503996  d_all= 9301701  IPC=3.839  ratio_rm=0.0004
[OMPT] implicit_task_end: parallel_id=0 thread_num=0
[OMPT] parallel_end: parallel_id=281474976710723
[OMPT] parallel_begin: parallel_id=281474976710725 team_size=8
[OMPT] implicit_task_end: parallel_id=0 thread_num=4
[OMPT] implicit_task_end: parallel_id=0 thread_num=5
[OMPT] implicit_task_end: parallel_id=0 thread_num=2
[OMPT] implicit_task_begin: parallel_id=281474976710725 thread_num=4 team_size=8
[OMPT] implicit_task_end: parallel_id=0 thread_num=3
[OMPT] implicit_task_begin: parallel_id=281474976710725 thread_num=2 team_size=8
[OMPT] implicit_task_end: parallel_id=0 thread_num=6
[OMPT] implicit_task_begin: parallel_id=281474976710725 thread_num=5 team_size=8
[OMPT] implicit_task_begin: parallel_id=281474976710725 thread_num=6 team_size=8
[OMPT] implicit_task_end: parallel_id=0 thread_num=7
[OMPT] implicit_task_begin: parallel_id=281474976710725 thread_num=0 team_size=8
[OMPT] implicit_task_end: parallel_id=0 thread_num=1
[OMPT] implicit_task_begin: parallel_id=281474976710725 thread_num=1 team_size=8
[OMPT] implicit_task_begin: parallel_id=281474976710725 thread_num=3 team_size=8
[OMPT] implicit_task_begin: parallel_id=281474976710725 thread_num=7 team_size=8
[OMPT][WIN100ms] ompt_id=281474976710657 tid=72606  tipo=ompt_thread_initial    cpu=255 numa=1  d_rm=    4257  d_instr=1376520560  d_cyc= 371506876  d_all= 8811155  IPC=3.705  ratio_rm=0.0005
[OMPT][WIN100ms] ompt_id=562949953421313 tid=72608  tipo=ompt_thread_worker     cpu=  1 numa=0  d_rm=    3077  d_instr=1382171860  d_cyc= 372401524  d_all= 8884308  IPC=3.712  ratio_rm=0.0003
[OMPT][WIN100ms] ompt_id=844424930131969 tid=72609  tipo=ompt_thread_worker     cpu= 73 numa=1  d_rm=    3387  d_instr=1375136693  d_cyc= 371612678  d_all= 8783748  IPC=3.700  ratio_rm=0.0004
[OMPT][WIN100ms] ompt_id=1125899906842625 tid=72610  tipo=ompt_thread_worker     cpu= 46 numa=0  d_rm=    3361  d_instr=1380646043  d_cyc= 371797942  d_all= 8850512  IPC=3.713  ratio_rm=0.0004
[OMPT][WIN100ms] ompt_id=1407374883553281 tid=72611  tipo=ompt_thread_worker     cpu=214 numa=1  d_rm=    3288  d_instr=1392453643  d_cyc= 374029150  d_all= 9018148  IPC=3.723  ratio_rm=0.0004
[OMPT][WIN100ms] ompt_id=1970324836974593 tid=72612  tipo=ompt_thread_worker     cpu=222 numa=1  d_rm=    3452  d_instr=1372721567  d_cyc= 371865762  d_all= 8773438  IPC=3.691  ratio_rm=0.0004
[OMPT][WIN100ms] ompt_id=2251799813685249 tid=72614  tipo=ompt_thread_worker     cpu=231 numa=1  d_rm=    6487  d_instr=1377078236  d_cyc= 371230941  d_all= 8802101  IPC=3.709  ratio_rm=0.0007
[OMPT][WIN100ms] ompt_id=1688849860263937 tid=72613  tipo=ompt_thread_worker     cpu= 24 numa=0  d_rm=    3084  d_instr=1391450947  d_cyc= 372271892  d_all= 8927431  IPC=3.738  ratio_rm=0.0003
[OMPT][WIN100ms] ompt_id=281474976710657 tid=72606  tipo=ompt_thread_initial    cpu=255 numa=1  d_rm=    3345  d_instr=1458355496  d_cyc= 373871189  d_all= 9448205  IPC=3.901  ratio_rm=0.0004
[OMPT][WIN100ms] ompt_id=562949953421313 tid=72608  tipo=ompt_thread_worker     cpu=  1 numa=0  d_rm=    3212  d_instr=1432227633  d_cyc= 374448689  d_all= 9268711  IPC=3.825  ratio_rm=0.0003
[OMPT][WIN100ms] ompt_id=844424930131969 tid=72609  tipo=ompt_thread_worker     cpu= 73 numa=1  d_rm=    3238  d_instr=1449965309  d_cyc= 374372143  d_all= 9378511  IPC=3.873  ratio_rm=0.0003
[OMPT][WIN100ms] ompt_id=1125899906842625 tid=72610  tipo=ompt_thread_worker     cpu= 46 numa=0  d_rm=    3213  d_instr=1458857066  d_cyc= 374407729  d_all= 9435675  IPC=3.896  ratio_rm=0.0003
[OMPT][WIN100ms] ompt_id=1407374883553281 tid=72611  tipo=ompt_thread_worker     cpu=214 numa=1  d_rm=    3107  d_instr=1433891728  d_cyc= 374200511  d_all= 9276131  IPC=3.832  ratio_rm=0.0003
[OMPT][WIN100ms] ompt_id=1970324836974593 tid=72612  tipo=ompt_thread_worker     cpu=222 numa=1  d_rm=    3443  d_instr=1454717422  d_cyc= 374369632  d_all= 9409199  IPC=3.886  ratio_rm=0.0004
[OMPT][WIN100ms] ompt_id=2251799813685249 tid=72614  tipo=ompt_thread_worker     cpu=231 numa=1  d_rm=    3881  d_instr=1463895836  d_cyc= 374404519  d_all= 9468481  IPC=3.910  ratio_rm=0.0004
[OMPT][WIN100ms] ompt_id=1688849860263937 tid=72613  tipo=ompt_thread_worker     cpu= 24 numa=0  d_rm=    3057  d_instr=1456027165  d_cyc= 374036758  d_all= 9418563  IPC=3.893  ratio_rm=0.0003
[OMPT] implicit_task_end: parallel_id=0 thread_num=0
[OMPT] parallel_end: parallel_id=281474976710725
[OMPT] parallel_begin: parallel_id=281474976710727 team_size=8
[OMPT] implicit_task_end: parallel_id=0 thread_num=3
[OMPT] implicit_task_end: parallel_id=0 thread_num=1
[OMPT] implicit_task_begin: parallel_id=281474976710727 thread_num=3 team_size=8
[OMPT] implicit_task_end: parallel_id=0 thread_num=2
[OMPT] implicit_task_end: parallel_id=0 thread_num=4
[OMPT] implicit_task_begin: parallel_id=281474976710727 thread_num=0 team_size=8
[OMPT] implicit_task_end: parallel_id=0 thread_num=5
[OMPT] implicit_task_begin: parallel_id=281474976710727 thread_num=4 team_size=8
[OMPT] implicit_task_end: parallel_id=0 thread_num=6
[OMPT] implicit_task_begin: parallel_id=281474976710727 thread_num=5 team_size=8
[OMPT] implicit_task_begin: parallel_id=281474976710727 thread_num=1 team_size=8
[OMPT] implicit_task_begin: parallel_id=281474976710727 thread_num=6 team_size=8
[OMPT] implicit_task_begin: parallel_id=281474976710727 thread_num=2 team_size=8
[OMPT] implicit_task_end: parallel_id=0 thread_num=7
[OMPT] implicit_task_begin: parallel_id=281474976710727 thread_num=7 team_size=8
[OMPT][WIN100ms] ompt_id=281474976710657 tid=72606  tipo=ompt_thread_initial    cpu=255 numa=1  d_rm=    4605  d_instr=1413951990  d_cyc= 372943987  d_all= 9108967  IPC=3.791  ratio_rm=0.0005
[OMPT][WIN100ms] ompt_id=562949953421313 tid=72608  tipo=ompt_thread_worker     cpu=  1 numa=0  d_rm=    3292  d_instr=1437704541  d_cyc= 373868473  d_all= 9314192  IPC=3.845  ratio_rm=0.0004
[OMPT][WIN100ms] ompt_id=844424930131969 tid=72609  tipo=ompt_thread_worker     cpu= 73 numa=1  d_rm=    3408  d_instr=1422202879  d_cyc= 372637628  d_all= 9167368  IPC=3.817  ratio_rm=0.0004
[OMPT][WIN100ms] ompt_id=1125899906842625 tid=72610  tipo=ompt_thread_worker     cpu= 46 numa=0  d_rm=    3318  d_instr=1418165111  d_cyc= 373014144  d_all= 9131278  IPC=3.802  ratio_rm=0.0004
[OMPT][WIN100ms] ompt_id=1407374883553281 tid=72611  tipo=ompt_thread_worker     cpu=214 numa=1  d_rm=    3449  d_instr=1435293897  d_cyc= 373456965  d_all= 9284927  IPC=3.843  ratio_rm=0.0004
[OMPT][WIN100ms] ompt_id=1970324836974593 tid=72612  tipo=ompt_thread_worker     cpu=222 numa=1  d_rm=    4163  d_instr=1418232902  d_cyc= 373182603  d_all= 9137886  IPC=3.800  ratio_rm=0.0005
[OMPT][WIN100ms] ompt_id=2251799813685249 tid=72614  tipo=ompt_thread_worker     cpu=231 numa=1  d_rm=    6967  d_instr=1413098136  d_cyc= 372237202  d_all= 9065310  IPC=3.796  ratio_rm=0.0008
[OMPT][WIN100ms] ompt_id=1688849860263937 tid=72613  tipo=ompt_thread_worker     cpu= 24 numa=0  d_rm=    3224  d_instr=1416305688  d_cyc= 372726777  d_all= 9122773  IPC=3.800  ratio_rm=0.0004
[OMPT][WIN100ms] ompt_id=281474976710657 tid=72606  tipo=ompt_thread_initial    cpu=255 numa=1  d_rm=    3059  d_instr=1457343307  d_cyc= 374056468  d_all= 9426347  IPC=3.896  ratio_rm=0.0003
[OMPT][WIN100ms] ompt_id=562949953421313 tid=72608  tipo=ompt_thread_worker     cpu=  1 numa=0  d_rm=    3052  d_instr=1394141124  d_cyc= 374450125  d_all= 9021026  IPC=3.723  ratio_rm=0.0003
[OMPT][WIN100ms] ompt_id=844424930131969 tid=72609  tipo=ompt_thread_worker     cpu= 73 numa=1  d_rm=    3302  d_instr=1459299608  d_cyc= 374319311  d_all= 9438743  IPC=3.899  ratio_rm=0.0003
[OMPT][WIN100ms] ompt_id=1125899906842625 tid=72610  tipo=ompt_thread_worker     cpu= 46 numa=0  d_rm=    3259  d_instr=1447590599  d_cyc= 374443326  d_all= 9363758  IPC=3.866  ratio_rm=0.0003
[OMPT][WIN100ms] ompt_id=1407374883553281 tid=72611  tipo=ompt_thread_worker     cpu=214 numa=1  d_rm=    3157  d_instr=1449423377  d_cyc= 374234597  d_all= 9375378  IPC=3.873  ratio_rm=0.0003
[OMPT][WIN100ms] ompt_id=1970324836974593 tid=72612  tipo=ompt_thread_worker     cpu=222 numa=1  d_rm=    3312  d_instr=1448033299  d_cyc= 374394815  d_all= 9366238  IPC=3.868  ratio_rm=0.0004
[OMPT][WIN100ms] ompt_id=2251799813685249 tid=72614  tipo=ompt_thread_worker     cpu=231 numa=1  d_rm=    3214  d_instr=1414785866  d_cyc= 374367447  d_all= 9153767  IPC=3.779  ratio_rm=0.0004
[OMPT][WIN100ms] ompt_id=1688849860263937 tid=72613  tipo=ompt_thread_worker     cpu= 24 numa=0  d_rm=    3107  d_instr=1436214455  d_cyc= 374053683  d_all= 9290358  IPC=3.840  ratio_rm=0.0003
[OMPT] implicit_task_end: parallel_id=0 thread_num=0
[OMPT] parallel_end: parallel_id=281474976710727
[OMPT] parallel_begin: parallel_id=281474976710729 team_size=8
[OMPT] implicit_task_end: parallel_id=0 thread_num=4
[OMPT] implicit_task_end: parallel_id=0 thread_num=7
[OMPT] implicit_task_end: parallel_id=0 thread_num=1
[OMPT] implicit_task_end: parallel_id=0 thread_num=2
[OMPT] implicit_task_end: parallel_id=0 thread_num=6
[OMPT] implicit_task_begin: parallel_id=281474976710729 thread_num=6 team_size=8
[OMPT] implicit_task_end: parallel_id=0 thread_num=5
[OMPT] implicit_task_end: parallel_id=0 thread_num=3
[OMPT] implicit_task_begin: parallel_id=281474976710729 thread_num=5 team_size=8
[OMPT] implicit_task_begin: parallel_id=281474976710729 thread_num=0 team_size=8
[OMPT] implicit_task_begin: parallel_id=281474976710729 thread_num=3 team_size=8
[OMPT] implicit_task_begin: parallel_id=281474976710729 thread_num=4 team_size=8
[OMPT] implicit_task_begin: parallel_id=281474976710729 thread_num=7 team_size=8
[OMPT] implicit_task_begin: parallel_id=281474976710729 thread_num=1 team_size=8
[OMPT] implicit_task_begin: parallel_id=281474976710729 thread_num=2 team_size=8
[OMPT][WIN100ms] ompt_id=281474976710657 tid=72606  tipo=ompt_thread_initial    cpu=255 numa=1  d_rm=    4575  d_instr=1395734007  d_cyc= 371485339  d_all= 8950092  IPC=3.757  ratio_rm=0.0005
[OMPT][WIN100ms] ompt_id=562949953421313 tid=72608  tipo=ompt_thread_worker     cpu=  1 numa=0  d_rm=    3226  d_instr=1439589361  d_cyc= 373417312  d_all= 9325646  IPC=3.855  ratio_rm=0.0003
[OMPT][WIN100ms] ompt_id=844424930131969 tid=72609  tipo=ompt_thread_worker     cpu= 73 numa=1  d_rm=    3334  d_instr=1392167189  d_cyc= 370913797  d_all= 8920412  IPC=3.753  ratio_rm=0.0004
[OMPT][WIN100ms] ompt_id=1125899906842625 tid=72610  tipo=ompt_thread_worker     cpu= 46 numa=0  d_rm=    3332  d_instr=1400365956  d_cyc= 371736297  d_all= 8991783  IPC=3.767  ratio_rm=0.0004
[OMPT][WIN100ms] ompt_id=1407374883553281 tid=72611  tipo=ompt_thread_worker     cpu=214 numa=1  d_rm=    3164  d_instr=1379186898  d_cyc= 372434785  d_all= 8892458  IPC=3.703  ratio_rm=0.0004
[OMPT][WIN100ms] ompt_id=1970324836974593 tid=72612  tipo=ompt_thread_worker     cpu=222 numa=1  d_rm=    3623  d_instr=1395103221  d_cyc= 371889697  d_all= 8954162  IPC=3.751  ratio_rm=0.0004
[OMPT][WIN100ms] ompt_id=2251799813685249 tid=72614  tipo=ompt_thread_worker     cpu=231 numa=1  d_rm=    6355  d_instr=1407364695  d_cyc= 373097481  d_all= 9095165  IPC=3.772  ratio_rm=0.0007
[OMPT][WIN100ms] ompt_id=1688849860263937 tid=72613  tipo=ompt_thread_worker     cpu= 24 numa=0  d_rm=    3022  d_instr=1407259563  d_cyc= 372053492  d_all= 9038262  IPC=3.782  ratio_rm=0.0003
[OMPT][WIN100ms] ompt_id=281474976710657 tid=72606  tipo=ompt_thread_initial    cpu=255 numa=1  d_rm=    3392  d_instr=1460039204  d_cyc= 374139149  d_all= 9443396  IPC=3.902  ratio_rm=0.0004
[OMPT][WIN100ms] ompt_id=562949953421313 tid=72608  tipo=ompt_thread_worker     cpu=  1 numa=0  d_rm=    3053  d_instr=1445627267  d_cyc= 374506078  d_all= 9351217  IPC=3.860  ratio_rm=0.0003
[OMPT][WIN100ms] ompt_id=844424930131969 tid=72609  tipo=ompt_thread_worker     cpu= 73 numa=1  d_rm=    3242  d_instr=1457794120  d_cyc= 373851409  d_all= 9429602  IPC=3.899  ratio_rm=0.0003
[OMPT][WIN100ms] ompt_id=1125899906842625 tid=72610  tipo=ompt_thread_worker     cpu= 46 numa=0  d_rm=    3442  d_instr=1445985009  d_cyc= 374337550  d_all= 9353618  IPC=3.863  ratio_rm=0.0004
[OMPT][WIN100ms] ompt_id=1407374883553281 tid=72611  tipo=ompt_thread_worker     cpu=214 numa=1  d_rm=    3131  d_instr=1438404520  d_cyc= 374180980  d_all= 9305036  IPC=3.844  ratio_rm=0.0003
[OMPT][WIN100ms] ompt_id=1970324836974593 tid=72612  tipo=ompt_thread_worker     cpu=222 numa=1  d_rm=    3238  d_instr=1451909644  d_cyc= 374299530  d_all= 9391413  IPC=3.879  ratio_rm=0.0003
[OMPT][WIN100ms] ompt_id=2251799813685249 tid=72614  tipo=ompt_thread_worker     cpu=231 numa=1  d_rm=    3368  d_instr=1440621505  d_cyc= 374316379  d_all= 9337207  IPC=3.849  ratio_rm=0.0004
[OMPT][WIN100ms] ompt_id=1688849860263937 tid=72613  tipo=ompt_thread_worker     cpu= 24 numa=0  d_rm=    2965  d_instr=1434387735  d_cyc= 374487936  d_all= 9290026  IPC=3.830  ratio_rm=0.0003
[OMPT] implicit_task_end: parallel_id=0 thread_num=0
[OMPT] parallel_end: parallel_id=281474976710729
[OMPT] parallel_begin: parallel_id=281474976710731 team_size=8
[OMPT] implicit_task_end: parallel_id=0 thread_num=4
[OMPT] implicit_task_end: parallel_id=0 thread_num=7
[OMPT] implicit_task_begin: parallel_id=281474976710731 thread_num=0 team_size=8
[OMPT] implicit_task_end: parallel_id=0 thread_num=2
[OMPT] implicit_task_end: parallel_id=0 thread_num=1
[OMPT] implicit_task_begin: parallel_id=281474976710731 thread_num=7 team_size=8
[OMPT] implicit_task_end: parallel_id=0 thread_num=6
[OMPT] implicit_task_end: parallel_id=0 thread_num=3
[OMPT] implicit_task_begin: parallel_id=281474976710731 thread_num=3 team_size=8
[OMPT] implicit_task_begin: parallel_id=281474976710731 thread_num=4 team_size=8
[OMPT] implicit_task_begin: parallel_id=281474976710731 thread_num=2 team_size=8
[OMPT] implicit_task_end: parallel_id=0 thread_num=5
[OMPT] implicit_task_begin: parallel_id=281474976710731 thread_num=1 team_size=8
[OMPT] implicit_task_begin: parallel_id=281474976710731 thread_num=6 team_size=8
[OMPT] implicit_task_begin: parallel_id=281474976710731 thread_num=5 team_size=8
[OMPT][WIN100ms] ompt_id=281474976710657 tid=72606  tipo=ompt_thread_initial    cpu=255 numa=1  d_rm=    4427  d_instr=1401362228  d_cyc= 372447650  d_all= 9006438  IPC=3.763  ratio_rm=0.0005
[OMPT][WIN100ms] ompt_id=562949953421313 tid=72608  tipo=ompt_thread_worker     cpu=  1 numa=0  d_rm=    3302  d_instr=1421348573  d_cyc= 372588058  d_all= 9158174  IPC=3.815  ratio_rm=0.0004
[OMPT][WIN100ms] ompt_id=844424930131969 tid=72609  tipo=ompt_thread_worker     cpu= 73 numa=1  d_rm=    3236  d_instr=1412721989  d_cyc= 372039273  d_all= 9080754  IPC=3.797  ratio_rm=0.0004
[OMPT][WIN100ms] ompt_id=1125899906842625 tid=72610  tipo=ompt_thread_worker     cpu= 46 numa=0  d_rm=    3732  d_instr=1419118341  d_cyc= 372724649  d_all= 9148968  IPC=3.807  ratio_rm=0.0004
[OMPT][WIN100ms] ompt_id=1407374883553281 tid=72611  tipo=ompt_thread_worker     cpu=214 numa=1  d_rm=    3694  d_instr=1432472033  d_cyc= 373245897  d_all= 9274997  IPC=3.838  ratio_rm=0.0004
[OMPT][WIN100ms] ompt_id=1970324836974593 tid=72612  tipo=ompt_thread_worker     cpu=222 numa=1  d_rm=    3770  d_instr=1406752586  d_cyc= 372432979  d_all= 9062355  IPC=3.777  ratio_rm=0.0004
[OMPT][WIN100ms] ompt_id=2251799813685249 tid=72614  tipo=ompt_thread_worker     cpu=231 numa=1  d_rm=    6461  d_instr=1391518565  d_cyc= 373485561  d_all= 8982466  IPC=3.726  ratio_rm=0.0007
[OMPT][WIN100ms] ompt_id=1688849860263937 tid=72613  tipo=ompt_thread_worker     cpu= 24 numa=0  d_rm=    3350  d_instr=1414455958  d_cyc= 373104135  d_all= 9138607  IPC=3.791  ratio_rm=0.0004
[OMPT][WIN100ms] ompt_id=281474976710657 tid=72606  tipo=ompt_thread_initial    cpu=255 numa=1  d_rm=    3342  d_instr=1451708618  d_cyc= 374125018  d_all= 9390032  IPC=3.880  ratio_rm=0.0004
[OMPT][WIN100ms] ompt_id=562949953421313 tid=72608  tipo=ompt_thread_worker     cpu=  1 numa=0  d_rm=    2972  d_instr=1383048782  d_cyc= 374471116  d_all= 8950506  IPC=3.693  ratio_rm=0.0003
[OMPT][WIN100ms] ompt_id=844424930131969 tid=72609  tipo=ompt_thread_worker     cpu= 73 numa=1  d_rm=    3418  d_instr=1461376826  d_cyc= 374248765  d_all= 9452291  IPC=3.905  ratio_rm=0.0004
[OMPT][WIN100ms] ompt_id=1125899906842625 tid=72610  tipo=ompt_thread_worker     cpu= 46 numa=0  d_rm=    3444  d_instr=1447941984  d_cyc= 374307083  d_all= 9365709  IPC=3.868  ratio_rm=0.0004
[OMPT][WIN100ms] ompt_id=1407374883553281 tid=72611  tipo=ompt_thread_worker     cpu=214 numa=1  d_rm=    3130  d_instr=1470047795  d_cyc= 373850166  d_all= 9522948  IPC=3.932  ratio_rm=0.0003
[OMPT][WIN100ms] ompt_id=1970324836974593 tid=72612  tipo=ompt_thread_worker     cpu=222 numa=1  d_rm=    3310  d_instr=1449217378  d_cyc= 374338662  d_all= 9394940  IPC=3.871  ratio_rm=0.0004
[OMPT][WIN100ms] ompt_id=2251799813685249 tid=72614  tipo=ompt_thread_worker     cpu=231 numa=1  d_rm=    3699  d_instr=1459535715  d_cyc= 374400736  d_all= 9460677  IPC=3.898  ratio_rm=0.0004
[OMPT][WIN100ms] ompt_id=1688849860263937 tid=72613  tipo=ompt_thread_worker     cpu= 24 numa=0  d_rm=    2914  d_instr=1431210716  d_cyc= 374526347  d_all= 9273447  IPC=3.821  ratio_rm=0.0003
[OMPT] implicit_task_end: parallel_id=0 thread_num=0
[OMPT] parallel_end: parallel_id=281474976710731
[OMPT] parallel_begin: parallel_id=281474976710733 team_size=8
[OMPT] implicit_task_end: parallel_id=0 thread_num=4
[OMPT] implicit_task_end: parallel_id=0 thread_num=7
[OMPT] implicit_task_end: parallel_id=0 thread_num=2
[OMPT] implicit_task_end: parallel_id=0 thread_num=3
[OMPT] implicit_task_begin: parallel_id=281474976710733 thread_num=2 team_size=8
[OMPT] implicit_task_begin: parallel_id=281474976710733 thread_num=3 team_size=8
[OMPT] implicit_task_end: parallel_id=0 thread_num=5
[OMPT] implicit_task_end: parallel_id=0 thread_num=1
[OMPT] implicit_task_begin: parallel_id=281474976710733 thread_num=5 team_size=8
[OMPT] implicit_task_begin: parallel_id=281474976710733 thread_num=0 team_size=8
[OMPT] implicit_task_begin: parallel_id=281474976710733 thread_num=4 team_size=8
[OMPT] implicit_task_begin: parallel_id=281474976710733 thread_num=7 team_size=8
[OMPT] implicit_task_begin: parallel_id=281474976710733 thread_num=1 team_size=8
[OMPT] implicit_task_end: parallel_id=0 thread_num=6
[OMPT] implicit_task_begin: parallel_id=281474976710733 thread_num=6 team_size=8
[OMPT][WIN100ms] ompt_id=281474976710657 tid=72606  tipo=ompt_thread_initial    cpu=255 numa=1  d_rm=    4455  d_instr=1387413661  d_cyc= 371981970  d_all= 8915482  IPC=3.730  ratio_rm=0.0005
[OMPT][WIN100ms] ompt_id=562949953421313 tid=72608  tipo=ompt_thread_worker     cpu=  1 numa=0  d_rm=    3238  d_instr=1429626007  d_cyc= 373603757  d_all= 9262197  IPC=3.827  ratio_rm=0.0003
[OMPT][WIN100ms] ompt_id=844424930131969 tid=72609  tipo=ompt_thread_worker     cpu= 73 numa=1  d_rm=    3107  d_instr=1390562855  d_cyc= 371781138  d_all= 8896571  IPC=3.740  ratio_rm=0.0003
[OMPT][WIN100ms] ompt_id=1125899906842625 tid=72610  tipo=ompt_thread_worker     cpu= 46 numa=0  d_rm=    3280  d_instr=1395742741  d_cyc= 372368523  d_all= 8962123  IPC=3.748  ratio_rm=0.0004
[OMPT][WIN100ms] ompt_id=1407374883553281 tid=72611  tipo=ompt_thread_worker     cpu=214 numa=1  d_rm=    3437  d_instr=1386171393  d_cyc= 371088708  d_all= 8866683  IPC=3.735  ratio_rm=0.0004
[OMPT][WIN100ms] ompt_id=1970324836974593 tid=72612  tipo=ompt_thread_worker     cpu=222 numa=1  d_rm=    3543  d_instr=1401157386  d_cyc= 372303247  d_all= 8997913  IPC=3.763  ratio_rm=0.0004
[OMPT][WIN100ms] ompt_id=2251799813685249 tid=72614  tipo=ompt_thread_worker     cpu=231 numa=1  d_rm=    6587  d_instr=1421569130  d_cyc= 372696105  d_all= 9152676  IPC=3.814  ratio_rm=0.0007
[OMPT][WIN100ms] ompt_id=1688849860263937 tid=72613  tipo=ompt_thread_worker     cpu= 24 numa=0  d_rm=    3158  d_instr=1402979463  d_cyc= 372788693  d_all= 9044020  IPC=3.763  ratio_rm=0.0003
[OMPT][WIN100ms] ompt_id=281474976710657 tid=72606  tipo=ompt_thread_initial    cpu=255 numa=1  d_rm=    3253  d_instr=1465338603  d_cyc= 374244827  d_all= 9477003  IPC=3.915  ratio_rm=0.0003
[OMPT][WIN100ms] ompt_id=562949953421313 tid=72608  tipo=ompt_thread_worker     cpu=  1 numa=0  d_rm=    2896  d_instr=1434828658  d_cyc= 374523200  d_all= 9282003  IPC=3.831  ratio_rm=0.0003
[OMPT][WIN100ms] ompt_id=844424930131969 tid=72609  tipo=ompt_thread_worker     cpu= 73 numa=1  d_rm=    3092  d_instr=1466401422  d_cyc= 374294673  d_all= 9499539  IPC=3.918  ratio_rm=0.0003
[OMPT][WIN100ms] ompt_id=1125899906842625 tid=72610  tipo=ompt_thread_worker     cpu= 46 numa=0  d_rm=    3721  d_instr=1456845064  d_cyc= 374311607  d_all= 9443640  IPC=3.892  ratio_rm=0.0004
[OMPT][WIN100ms] ompt_id=1407374883553281 tid=72611  tipo=ompt_thread_worker     cpu=214 numa=1  d_rm=    3056  d_instr=1444356680  d_cyc= 373881988  d_all= 9363621  IPC=3.863  ratio_rm=0.0003
[OMPT][WIN100ms] ompt_id=1970324836974593 tid=72612  tipo=ompt_thread_worker     cpu=222 numa=1  d_rm=    3437  d_instr=1460711621  d_cyc= 374319179  d_all= 9472533  IPC=3.902  ratio_rm=0.0004
[OMPT][WIN100ms] ompt_id=2251799813685249 tid=72614  tipo=ompt_thread_worker     cpu=231 numa=1  d_rm=    3311  d_instr=1434272547  d_cyc= 374316889  d_all= 9295037  IPC=3.832  ratio_rm=0.0004
[OMPT][WIN100ms] ompt_id=1688849860263937 tid=72613  tipo=ompt_thread_worker     cpu= 24 numa=0  d_rm=    3187  d_instr=1434848059  d_cyc= 374333580  d_all= 9297922  IPC=3.833  ratio_rm=0.0003
[OMPT] implicit_task_end: parallel_id=0 thread_num=0
[OMPT] parallel_end: parallel_id=281474976710733
[OMPT] parallel_begin: parallel_id=281474976710735 team_size=8
[OMPT] implicit_task_end: parallel_id=0 thread_num=3
[OMPT] implicit_task_end: parallel_id=0 thread_num=1
[OMPT] implicit_task_begin: parallel_id=281474976710735 thread_num=0 team_size=8
[OMPT] implicit_task_begin: parallel_id=281474976710735 thread_num=3 team_size=8
[OMPT] implicit_task_end: parallel_id=0 thread_num=2
[OMPT] implicit_task_end: parallel_id=0 thread_num=4
[OMPT] implicit_task_begin: parallel_id=281474976710735 thread_num=2 team_size=8
[OMPT] implicit_task_end: parallel_id=0 thread_num=7
[OMPT] implicit_task_begin: parallel_id=281474976710735 thread_num=4 team_size=8
[OMPT] implicit_task_end: parallel_id=0 thread_num=5
[OMPT] implicit_task_end: parallel_id=0 thread_num=6
[OMPT] implicit_task_begin: parallel_id=281474976710735 thread_num=1 team_size=8
[OMPT] implicit_task_begin: parallel_id=281474976710735 thread_num=5 team_size=8
[OMPT] implicit_task_begin: parallel_id=281474976710735 thread_num=6 team_size=8
[OMPT] implicit_task_begin: parallel_id=281474976710735 thread_num=7 team_size=8
[OMPT][WIN100ms] ompt_id=281474976710657 tid=72606  tipo=ompt_thread_initial    cpu=255 numa=1  d_rm=    4468  d_instr=1413464850  d_cyc= 372981213  d_all= 9105662  IPC=3.790  ratio_rm=0.0005
[OMPT][WIN100ms] ompt_id=562949953421313 tid=72608  tipo=ompt_thread_worker     cpu=  1 numa=0  d_rm=    3212  d_instr=1428093734  d_cyc= 373719467  d_all= 9252501  IPC=3.821  ratio_rm=0.0003
[OMPT][WIN100ms] ompt_id=844424930131969 tid=72609  tipo=ompt_thread_worker     cpu= 73 numa=1  d_rm=    3197  d_instr=1409891420  d_cyc= 372353449  d_all= 9054088  IPC=3.786  ratio_rm=0.0004
[OMPT][WIN100ms] ompt_id=1125899906842625 tid=72610  tipo=ompt_thread_worker     cpu= 46 numa=0  d_rm=    3622  d_instr=1414504576  d_cyc= 373188371  d_all= 9114001  IPC=3.790  ratio_rm=0.0004
[OMPT][WIN100ms] ompt_id=1407374883553281 tid=72611  tipo=ompt_thread_worker     cpu=214 numa=1  d_rm=    3589  d_instr=1425771193  d_cyc= 372836736  d_all= 9190465  IPC=3.824  ratio_rm=0.0004
[OMPT][WIN100ms] ompt_id=1970324836974593 tid=72612  tipo=ompt_thread_worker     cpu=222 numa=1  d_rm=    3442  d_instr=1421268495  d_cyc= 372607079  d_all= 9146912  IPC=3.814  ratio_rm=0.0004
[OMPT][WIN100ms] ompt_id=2251799813685249 tid=72614  tipo=ompt_thread_worker     cpu=231 numa=1  d_rm=    6419  d_instr=1441749428  d_cyc= 373496545  d_all= 9299014  IPC=3.860  ratio_rm=0.0007
[OMPT][WIN100ms] ompt_id=1688849860263937 tid=72613  tipo=ompt_thread_worker     cpu= 24 numa=0  d_rm=    3152  d_instr=1457576876  d_cyc= 373972493  d_all= 9434315  IPC=3.898  ratio_rm=0.0003
[OMPT][WIN100ms] ompt_id=281474976710657 tid=72606  tipo=ompt_thread_initial    cpu=255 numa=1  d_rm=    4645  d_instr=1455957777  d_cyc= 374133087  d_all= 9432881  IPC=3.892  ratio_rm=0.0005
[OMPT][WIN100ms] ompt_id=562949953421313 tid=72608  tipo=ompt_thread_worker     cpu=  1 numa=0  d_rm=    3360  d_instr=1429739144  d_cyc= 374503075  d_all= 9268616  IPC=3.818  ratio_rm=0.0004
[OMPT][WIN100ms] ompt_id=844424930131969 tid=72609  tipo=ompt_thread_worker     cpu= 73 numa=1  d_rm=    3134  d_instr=1447047372  d_cyc= 374302222  d_all= 9377775  IPC=3.866  ratio_rm=0.0003
[OMPT][WIN100ms] ompt_id=1125899906842625 tid=72610  tipo=ompt_thread_worker     cpu= 46 numa=0  d_rm=    3369  d_instr=1450982581  d_cyc= 374391421  d_all= 9409060  IPC=3.876  ratio_rm=0.0004
[OMPT][WIN100ms] ompt_id=1407374883553281 tid=72611  tipo=ompt_thread_worker     cpu=214 numa=1  d_rm=    3210  d_instr=1465237125  d_cyc= 374199293  d_all= 9499323  IPC=3.916  ratio_rm=0.0003
[OMPT][WIN100ms] ompt_id=1970324836974593 tid=72612  tipo=ompt_thread_worker     cpu=222 numa=1  d_rm=    3358  d_instr=1461181045  d_cyc= 373996059  d_all= 9471977  IPC=3.907  ratio_rm=0.0004
[OMPT][WIN100ms] ompt_id=2251799813685249 tid=72614  tipo=ompt_thread_worker     cpu=231 numa=1  d_rm=    3372  d_instr=1456390726  d_cyc= 374227494  d_all= 9433781  IPC=3.892  ratio_rm=0.0004
[OMPT][WIN100ms] ompt_id=1688849860263937 tid=72613  tipo=ompt_thread_worker     cpu= 24 numa=0  d_rm=    3072  d_instr=1440130640  d_cyc= 374347407  d_all= 9334974  IPC=3.847  ratio_rm=0.0003
[OMPT] implicit_task_end: parallel_id=0 thread_num=0
[OMPT] parallel_end: parallel_id=281474976710735
[OMPT] parallel_begin: parallel_id=281474976710737 team_size=8
[OMPT] implicit_task_end: parallel_id=0 thread_num=4
[OMPT] implicit_task_end: parallel_id=0 thread_num=7
[OMPT] implicit_task_begin: parallel_id=281474976710737 thread_num=0 team_size=8
[OMPT] implicit_task_end: parallel_id=0 thread_num=2
[OMPT] implicit_task_end: parallel_id=0 thread_num=6
[OMPT] implicit_task_begin: parallel_id=281474976710737 thread_num=7 team_size=8
[OMPT] implicit_task_end: parallel_id=0 thread_num=5
[OMPT] implicit_task_begin: parallel_id=281474976710737 thread_num=6 team_size=8
[OMPT] implicit_task_end: parallel_id=0 thread_num=1
[OMPT] implicit_task_end: parallel_id=0 thread_num=3
[OMPT] implicit_task_begin: parallel_id=281474976710737 thread_num=3 team_size=8
[OMPT] implicit_task_begin: parallel_id=281474976710737 thread_num=4 team_size=8
[OMPT] implicit_task_begin: parallel_id=281474976710737 thread_num=2 team_size=8
[OMPT] implicit_task_begin: parallel_id=281474976710737 thread_num=5 team_size=8
[OMPT] implicit_task_begin: parallel_id=281474976710737 thread_num=1 team_size=8
[OMPT][WIN100ms] ompt_id=281474976710657 tid=72606  tipo=ompt_thread_initial    cpu=255 numa=1  d_rm=    4487  d_instr=1424563468  d_cyc= 372536976  d_all= 9178126  IPC=3.824  ratio_rm=0.0005
[OMPT][WIN100ms] ompt_id=562949953421313 tid=72608  tipo=ompt_thread_worker     cpu=  1 numa=0  d_rm=    3140  d_instr=1439879050  d_cyc= 373745405  d_all= 9334289  IPC=3.853  ratio_rm=0.0003
[OMPT][WIN100ms] ompt_id=844424930131969 tid=72609  tipo=ompt_thread_worker     cpu= 73 numa=1  d_rm=    3291  d_instr=1411637671  d_cyc= 372569076  d_all= 9090310  IPC=3.789  ratio_rm=0.0004
[OMPT][WIN100ms] ompt_id=1125899906842625 tid=72610  tipo=ompt_thread_worker     cpu= 46 numa=0  d_rm=    3607  d_instr=1427312073  d_cyc= 372728022  d_all= 9202727  IPC=3.829  ratio_rm=0.0004
[OMPT][WIN100ms] ompt_id=1407374883553281 tid=72611  tipo=ompt_thread_worker     cpu=214 numa=1  d_rm=    3584  d_instr=1412100979  d_cyc= 372162500  d_all= 9070498  IPC=3.794  ratio_rm=0.0004
[OMPT][WIN100ms] ompt_id=1970324836974593 tid=72612  tipo=ompt_thread_worker     cpu=222 numa=1  d_rm=    3494  d_instr=1419007969  d_cyc= 372311337  d_all= 9122295  IPC=3.811  ratio_rm=0.0004
[OMPT][WIN100ms] ompt_id=2251799813685249 tid=72614  tipo=ompt_thread_worker     cpu=231 numa=1  d_rm=    6560  d_instr=1412762487  d_cyc= 372911232  d_all= 9069428  IPC=3.788  ratio_rm=0.0007
[OMPT][WIN100ms] ompt_id=1688849860263937 tid=72613  tipo=ompt_thread_worker     cpu= 24 numa=0  d_rm=    3197  d_instr=1410602048  d_cyc= 373296496  d_all= 9087224  IPC=3.779  ratio_rm=0.0004
[OMPT] implicit_task_end: parallel_id=0 thread_num=0
[OMPT] parallel_end: parallel_id=281474976710737
[OMPT] parallel_begin: parallel_id=281474976710739 team_size=8
[OMPT] implicit_task_end: parallel_id=0 thread_num=3
[OMPT] implicit_task_end: parallel_id=0 thread_num=4
[OMPT] implicit_task_begin: parallel_id=281474976710739 thread_num=3 team_size=8
[OMPT] implicit_task_end: parallel_id=0 thread_num=7
[OMPT] implicit_task_begin: parallel_id=281474976710739 thread_num=4 team_size=8
[OMPT] implicit_task_end: parallel_id=0 thread_num=2
[OMPT] implicit_task_begin: parallel_id=281474976710739 thread_num=7 team_size=8
[OMPT] implicit_task_begin: parallel_id=281474976710739 thread_num=0 team_size=8
[OMPT] implicit_task_begin: parallel_id=281474976710739 thread_num=2 team_size=8
[OMPT] implicit_task_end: parallel_id=0 thread_num=6
[OMPT] implicit_task_begin: parallel_id=281474976710739 thread_num=6 team_size=8
[OMPT] implicit_task_end: parallel_id=0 thread_num=5
[OMPT] implicit_task_end: parallel_id=0 thread_num=1
[OMPT] implicit_task_begin: parallel_id=281474976710739 thread_num=5 team_size=8
[OMPT] implicit_task_begin: parallel_id=281474976710739 thread_num=1 team_size=8
[OMPT][WIN100ms] ompt_id=281474976710657 tid=72606  tipo=ompt_thread_initial    cpu=255 numa=1  d_rm=    4503  d_instr=1383777455  d_cyc= 370976903  d_all= 8845469  IPC=3.730  ratio_rm=0.0005
[OMPT][WIN100ms] ompt_id=562949953421313 tid=72608  tipo=ompt_thread_worker     cpu=  1 numa=0  d_rm=    3034  d_instr=1395835637  d_cyc= 371870239  d_all= 8963711  IPC=3.754  ratio_rm=0.0003
[OMPT][WIN100ms] ompt_id=844424930131969 tid=72609  tipo=ompt_thread_worker     cpu= 73 numa=1  d_rm=    3169  d_instr=1389884661  d_cyc= 371783608  d_all= 8905799  IPC=3.738  ratio_rm=0.0004
[OMPT][WIN100ms] ompt_id=1125899906842625 tid=72610  tipo=ompt_thread_worker     cpu= 46 numa=0  d_rm=    3301  d_instr=1381415923  d_cyc= 372245792  d_all= 8849916  IPC=3.711  ratio_rm=0.0004
[OMPT][WIN100ms] ompt_id=1407374883553281 tid=72611  tipo=ompt_thread_worker     cpu=214 numa=1  d_rm=    3632  d_instr=1381704606  d_cyc= 371512233  d_all= 8828333  IPC=3.719  ratio_rm=0.0004
[OMPT][WIN100ms] ompt_id=1970324836974593 tid=72612  tipo=ompt_thread_worker     cpu=222 numa=1  d_rm=    3383  d_instr=1376216485  d_cyc= 371387669  d_all= 8797152  IPC=3.706  ratio_rm=0.0004
[OMPT][WIN100ms] ompt_id=2251799813685249 tid=72614  tipo=ompt_thread_worker     cpu=231 numa=1  d_rm=    6488  d_instr=1381563426  d_cyc= 372170482  d_all= 8842872  IPC=3.712  ratio_rm=0.0007
[OMPT][WIN100ms] ompt_id=1688849860263937 tid=72613  tipo=ompt_thread_worker     cpu= 24 numa=0  d_rm=    3194  d_instr=1381960435  d_cyc= 373885808  d_all= 8948345  IPC=3.696  ratio_rm=0.0004
[OMPT][WIN100ms] ompt_id=281474976710657 tid=72606  tipo=ompt_thread_initial    cpu=255 numa=1  d_rm=    3266  d_instr=1440436288  d_cyc= 374128392  d_all= 9335045  IPC=3.850  ratio_rm=0.0003
[OMPT][WIN100ms] ompt_id=562949953421313 tid=72608  tipo=ompt_thread_worker     cpu=  1 numa=0  d_rm=    3121  d_instr=1427450988  d_cyc= 374376940  d_all= 9254321  IPC=3.813  ratio_rm=0.0003
[OMPT][WIN100ms] ompt_id=844424930131969 tid=72609  tipo=ompt_thread_worker     cpu= 73 numa=1  d_rm=    2980  d_instr=1451925565  d_cyc= 373889390  d_all= 9414062  IPC=3.883  ratio_rm=0.0003
[OMPT][WIN100ms] ompt_id=1125899906842625 tid=72610  tipo=ompt_thread_worker     cpu= 46 numa=0  d_rm=    3411  d_instr=1452737115  d_cyc= 374228309  d_all= 9415852  IPC=3.882  ratio_rm=0.0004
[OMPT][WIN100ms] ompt_id=1407374883553281 tid=72611  tipo=ompt_thread_worker     cpu=214 numa=1  d_rm=    3096  d_instr=1426662401  d_cyc= 374173748  d_all= 9244147  IPC=3.813  ratio_rm=0.0003
[OMPT][WIN100ms] ompt_id=1970324836974593 tid=72612  tipo=ompt_thread_worker     cpu=222 numa=1  d_rm=    3314  d_instr=1467147638  d_cyc= 374348135  d_all= 9502995  IPC=3.919  ratio_rm=0.0003
[OMPT][WIN100ms] ompt_id=2251799813685249 tid=72614  tipo=ompt_thread_worker     cpu=231 numa=1  d_rm=    3383  d_instr=1439466353  d_cyc= 374264991  d_all= 9312000  IPC=3.846  ratio_rm=0.0004
[OMPT][WIN100ms] ompt_id=1688849860263937 tid=72613  tipo=ompt_thread_worker     cpu= 24 numa=0  d_rm=    2865  d_instr=1443714370  d_cyc= 374430624  d_all= 9338969  IPC=3.856  ratio_rm=0.0003
[OMPT] implicit_task_end: parallel_id=0 thread_num=0
[OMPT] parallel_end: parallel_id=281474976710739
[OMPT] parallel_begin: parallel_id=281474976710741 team_size=8
[OMPT] implicit_task_end: parallel_id=0 thread_num=4
[OMPT] implicit_task_end: parallel_id=0 thread_num=7
[OMPT] implicit_task_end: parallel_id=0 thread_num=2
[OMPT] implicit_task_end: parallel_id=0 thread_num=1
[OMPT] implicit_task_begin: parallel_id=281474976710741 thread_num=2 team_size=8
[OMPT] implicit_task_end: parallel_id=0 thread_num=6
[OMPT] implicit_task_end: parallel_id=0 thread_num=3
[OMPT] implicit_task_begin: parallel_id=281474976710741 thread_num=3 team_size=8
[OMPT] implicit_task_begin: parallel_id=281474976710741 thread_num=0 team_size=8
[OMPT] implicit_task_begin: parallel_id=281474976710741 thread_num=4 team_size=8
[OMPT] implicit_task_begin: parallel_id=281474976710741 thread_num=7 team_size=8
[OMPT] implicit_task_end: parallel_id=0 thread_num=5
[OMPT] implicit_task_begin: parallel_id=281474976710741 thread_num=1 team_size=8
[OMPT] implicit_task_begin: parallel_id=281474976710741 thread_num=6 team_size=8
[OMPT] implicit_task_begin: parallel_id=281474976710741 thread_num=5 team_size=8
[OMPT][WIN100ms] ompt_id=281474976710657 tid=72606  tipo=ompt_thread_initial    cpu=255 numa=1  d_rm=    4278  d_instr=1408780872  d_cyc= 371861703  d_all= 9043529  IPC=3.788  ratio_rm=0.0005
[OMPT][WIN100ms] ompt_id=562949953421313 tid=72608  tipo=ompt_thread_worker     cpu=  1 numa=0  d_rm=    3160  d_instr=1416529392  d_cyc= 373430210  d_all= 9179424  IPC=3.793  ratio_rm=0.0003
[OMPT][WIN100ms] ompt_id=844424930131969 tid=72609  tipo=ompt_thread_worker     cpu= 73 numa=1  d_rm=    3281  d_instr=1400402449  d_cyc= 372063016  d_all= 8995147  IPC=3.764  ratio_rm=0.0004
[OMPT][WIN100ms] ompt_id=1125899906842625 tid=72610  tipo=ompt_thread_worker     cpu= 46 numa=0  d_rm=    3371  d_instr=1398381972  d_cyc= 372128790  d_all= 8977914  IPC=3.758  ratio_rm=0.0004
[OMPT][WIN100ms] ompt_id=1407374883553281 tid=72611  tipo=ompt_thread_worker     cpu=214 numa=1  d_rm=    3542  d_instr=1416480662  d_cyc= 372859662  d_all= 9142329  IPC=3.799  ratio_rm=0.0004
[OMPT][WIN100ms] ompt_id=1970324836974593 tid=72612  tipo=ompt_thread_worker     cpu=222 numa=1  d_rm=    3520  d_instr=1390820088  d_cyc= 371425547  d_all= 8906418  IPC=3.745  ratio_rm=0.0004
[OMPT][WIN100ms] ompt_id=2251799813685249 tid=72614  tipo=ompt_thread_worker     cpu=231 numa=1  d_rm=    6567  d_instr=1408523098  d_cyc= 372697801  d_all= 9059021  IPC=3.779  ratio_rm=0.0007
[OMPT][WIN100ms] ompt_id=1688849860263937 tid=72613  tipo=ompt_thread_worker     cpu= 24 numa=0  d_rm=    2982  d_instr=1406234866  d_cyc= 372298541  d_all= 9042881  IPC=3.777  ratio_rm=0.0003
[OMPT][WIN100ms] ompt_id=281474976710657 tid=72606  tipo=ompt_thread_initial    cpu=255 numa=1  d_rm=    3285  d_instr=1454995913  d_cyc= 374170978  d_all= 9434443  IPC=3.889  ratio_rm=0.0003
[OMPT][WIN100ms] ompt_id=562949953421313 tid=72608  tipo=ompt_thread_worker     cpu=  1 numa=0  d_rm=    3139  d_instr=1447347105  d_cyc= 374516573  d_all= 9382159  IPC=3.865  ratio_rm=0.0003
[OMPT][WIN100ms] ompt_id=844424930131969 tid=72609  tipo=ompt_thread_worker     cpu= 73 numa=1  d_rm=    3104  d_instr=1452288344  d_cyc= 373956985  d_all= 9412614  IPC=3.884  ratio_rm=0.0003
[OMPT][WIN100ms] ompt_id=1125899906842625 tid=72610  tipo=ompt_thread_worker     cpu= 46 numa=0  d_rm=    3341  d_instr=1454464367  d_cyc= 374327011  d_all= 9421628  IPC=3.886  ratio_rm=0.0004
[OMPT][WIN100ms] ompt_id=1407374883553281 tid=72611  tipo=ompt_thread_worker     cpu=214 numa=1  d_rm=    3533  d_instr=1456847806  d_cyc= 374190563  d_all= 9423119  IPC=3.893  ratio_rm=0.0004
[OMPT][WIN100ms] ompt_id=1970324836974593 tid=72612  tipo=ompt_thread_worker     cpu=222 numa=1  d_rm=    3379  d_instr=1470372949  d_cyc= 374353888  d_all= 9509804  IPC=3.928  ratio_rm=0.0004
[OMPT][WIN100ms] ompt_id=2251799813685249 tid=72614  tipo=ompt_thread_worker     cpu=231 numa=1  d_rm=    3215  d_instr=1437492379  d_cyc= 374343218  d_all= 9299114  IPC=3.840  ratio_rm=0.0003
[OMPT][WIN100ms] ompt_id=1688849860263937 tid=72613  tipo=ompt_thread_worker     cpu= 24 numa=0  d_rm=    3250  d_instr=1429543940  d_cyc= 374488436  d_all= 9248174  IPC=3.817  ratio_rm=0.0004
[OMPT] implicit_task_end: parallel_id=0 thread_num=0
[OMPT] parallel_end: parallel_id=281474976710741
[OMPT] parallel_begin: parallel_id=281474976710743 team_size=8
[OMPT] implicit_task_end: parallel_id=0 thread_num=4
[OMPT] implicit_task_end: parallel_id=0 thread_num=6
[OMPT] implicit_task_begin: parallel_id=281474976710743 thread_num=0 team_size=8
[OMPT] implicit_task_end: parallel_id=0 thread_num=2
[OMPT] implicit_task_end: parallel_id=0 thread_num=1
[OMPT] implicit_task_end: parallel_id=0 thread_num=5
[OMPT] implicit_task_begin: parallel_id=281474976710743 thread_num=2 team_size=8
[OMPT] implicit_task_begin: parallel_id=281474976710743 thread_num=6 team_size=8
[OMPT] implicit_task_end: parallel_id=0 thread_num=7
[OMPT] implicit_task_begin: parallel_id=281474976710743 thread_num=5 team_size=8
[OMPT] implicit_task_end: parallel_id=0 thread_num=3
[OMPT] implicit_task_begin: parallel_id=281474976710743 thread_num=1 team_size=8
[OMPT] implicit_task_begin: parallel_id=281474976710743 thread_num=7 team_size=8
[OMPT] implicit_task_begin: parallel_id=281474976710743 thread_num=4 team_size=8
[OMPT] implicit_task_begin: parallel_id=281474976710743 thread_num=3 team_size=8
[OMPT][WIN100ms] ompt_id=281474976710657 tid=72606  tipo=ompt_thread_initial    cpu=255 numa=1  d_rm=    4483  d_instr=1411460907  d_cyc= 372971529  d_all= 9085923  IPC=3.784  ratio_rm=0.0005
[OMPT][WIN100ms] ompt_id=562949953421313 tid=72608  tipo=ompt_thread_worker     cpu=  1 numa=0  d_rm=    3374  d_instr=1414759899  d_cyc= 372929861  d_all= 9113271  IPC=3.794  ratio_rm=0.0004
[OMPT][WIN100ms] ompt_id=844424930131969 tid=72609  tipo=ompt_thread_worker     cpu= 73 numa=1  d_rm=    3308  d_instr=1417297390  d_cyc= 372387872  d_all= 9111814  IPC=3.806  ratio_rm=0.0004
[OMPT][WIN100ms] ompt_id=1125899906842625 tid=72610  tipo=ompt_thread_worker     cpu= 46 numa=0  d_rm=    3414  d_instr=1410448333  d_cyc= 372636971  d_all= 9085721  IPC=3.785  ratio_rm=0.0004
[OMPT][WIN100ms] ompt_id=1407374883553281 tid=72611  tipo=ompt_thread_worker     cpu=214 numa=1  d_rm=    3254  d_instr=1399937872  d_cyc= 373256899  d_all= 9048910  IPC=3.751  ratio_rm=0.0004
[OMPT][WIN100ms] ompt_id=1970324836974593 tid=72612  tipo=ompt_thread_worker     cpu=222 numa=1  d_rm=    3643  d_instr=1404535514  d_cyc= 372344660  d_all= 9013659  IPC=3.772  ratio_rm=0.0004
[OMPT][WIN100ms] ompt_id=2251799813685249 tid=72614  tipo=ompt_thread_worker     cpu=231 numa=1  d_rm=    6502  d_instr=1424971571  d_cyc= 373579732  d_all= 9205781  IPC=3.814  ratio_rm=0.0007
[OMPT][WIN100ms] ompt_id=1688849860263937 tid=72613  tipo=ompt_thread_worker     cpu= 24 numa=0  d_rm=    3512  d_instr=1427845299  d_cyc= 374277373  d_all= 9242497  IPC=3.815  ratio_rm=0.0004
[OMPT][WIN100ms] ompt_id=281474976710657 tid=72606  tipo=ompt_thread_initial    cpu=255 numa=1  d_rm=    3555  d_instr=1450619923  d_cyc= 374006576  d_all= 9403078  IPC=3.879  ratio_rm=0.0004
[OMPT][WIN100ms] ompt_id=562949953421313 tid=72608  tipo=ompt_thread_worker     cpu=  1 numa=0  d_rm=    3007  d_instr=1453890153  d_cyc= 373941978  d_all= 9417850  IPC=3.888  ratio_rm=0.0003
[OMPT][WIN100ms] ompt_id=844424930131969 tid=72609  tipo=ompt_thread_worker     cpu= 73 numa=1  d_rm=    3116  d_instr=1453471241  d_cyc= 374219835  d_all= 9401799  IPC=3.884  ratio_rm=0.0003
[OMPT][WIN100ms] ompt_id=1125899906842625 tid=72610  tipo=ompt_thread_worker     cpu= 46 numa=0  d_rm=    3148  d_instr=1455553556  d_cyc= 374316510  d_all= 9414881  IPC=3.889  ratio_rm=0.0003
[OMPT][WIN100ms] ompt_id=1407374883553281 tid=72611  tipo=ompt_thread_worker     cpu=214 numa=1  d_rm=    3324  d_instr=1436711494  d_cyc= 374155032  d_all= 9294016  IPC=3.840  ratio_rm=0.0004
[OMPT][WIN100ms] ompt_id=1970324836974593 tid=72612  tipo=ompt_thread_worker     cpu=222 numa=1  d_rm=    3555  d_instr=1461219595  d_cyc= 374329750  d_all= 9451076  IPC=3.904  ratio_rm=0.0004
[OMPT][WIN100ms] ompt_id=2251799813685249 tid=72614  tipo=ompt_thread_worker     cpu=231 numa=1  d_rm=    3401  d_instr=1451960733  d_cyc= 374357553  d_all= 9391735  IPC=3.879  ratio_rm=0.0004
[OMPT][WIN100ms] ompt_id=1688849860263937 tid=72613  tipo=ompt_thread_worker     cpu= 24 numa=0  d_rm=    3007  d_instr=1419313349  d_cyc= 374465244  d_all= 9182839  IPC=3.790  ratio_rm=0.0003
[OMPT] implicit_task_end: parallel_id=0 thread_num=0
[OMPT] parallel_end: parallel_id=281474976710743
[OMPT] parallel_begin: parallel_id=281474976710745 team_size=8
[OMPT] implicit_task_end: parallel_id=0 thread_num=4
[OMPT] implicit_task_end: parallel_id=0 thread_num=6
[OMPT] implicit_task_end: parallel_id=0 thread_num=3
[OMPT] implicit_task_end: parallel_id=0 thread_num=2
[OMPT] implicit_task_begin: parallel_id=281474976710745 thread_num=3 team_size=8
[OMPT] implicit_task_begin: parallel_id=281474976710745 thread_num=6 team_size=8
[OMPT] implicit_task_end: parallel_id=0 thread_num=5
[OMPT] implicit_task_begin: parallel_id=281474976710745 thread_num=2 team_size=8
[OMPT] implicit_task_end: parallel_id=0 thread_num=7
[OMPT] implicit_task_begin: parallel_id=281474976710745 thread_num=0 team_size=8
[OMPT] implicit_task_begin: parallel_id=281474976710745 thread_num=7 team_size=8
[OMPT] implicit_task_begin: parallel_id=281474976710745 thread_num=4 team_size=8
[OMPT] implicit_task_end: parallel_id=0 thread_num=1
[OMPT] implicit_task_begin: parallel_id=281474976710745 thread_num=1 team_size=8
[OMPT] implicit_task_begin: parallel_id=281474976710745 thread_num=5 team_size=8
[OMPT][WIN100ms] ompt_id=281474976710657 tid=72606  tipo=ompt_thread_initial    cpu=255 numa=1  d_rm=    4496  d_instr=1417523228  d_cyc= 372842988  d_all= 9137909  IPC=3.802  ratio_rm=0.0005
[OMPT][WIN100ms] ompt_id=562949953421313 tid=72608  tipo=ompt_thread_worker     cpu=  1 numa=0  d_rm=    3105  d_instr=1423875903  d_cyc= 372477734  d_all= 9176186  IPC=3.823  ratio_rm=0.0003
[OMPT][WIN100ms] ompt_id=844424930131969 tid=72609  tipo=ompt_thread_worker     cpu= 73 numa=1  d_rm=    3202  d_instr=1417069894  d_cyc= 372834367  d_all= 9129535  IPC=3.801  ratio_rm=0.0004
[OMPT][WIN100ms] ompt_id=1125899906842625 tid=72610  tipo=ompt_thread_worker     cpu= 46 numa=0  d_rm=    3525  d_instr=1415262623  d_cyc= 373374716  d_all= 9134121  IPC=3.790  ratio_rm=0.0004
[OMPT][WIN100ms] ompt_id=1407374883553281 tid=72611  tipo=ompt_thread_worker     cpu=214 numa=1  d_rm=    3351  d_instr=1428659285  d_cyc= 373245006  d_all= 9235297  IPC=3.828  ratio_rm=0.0004
[OMPT][WIN100ms] ompt_id=1970324836974593 tid=72612  tipo=ompt_thread_worker     cpu=222 numa=1  d_rm=    3538  d_instr=1399954179  d_cyc= 372310446  d_all= 9000803  IPC=3.760  ratio_rm=0.0004
[OMPT][WIN100ms] ompt_id=2251799813685249 tid=72614  tipo=ompt_thread_worker     cpu=231 numa=1  d_rm=    6768  d_instr=1411510003  d_cyc= 373094433  d_all= 9098313  IPC=3.783  ratio_rm=0.0007
[OMPT][WIN100ms] ompt_id=1688849860263937 tid=72613  tipo=ompt_thread_worker     cpu= 24 numa=0  d_rm=    3499  d_instr=1448654540  d_cyc= 374308743  d_all= 9375981  IPC=3.870  ratio_rm=0.0004
[OMPT][WIN100ms] ompt_id=281474976710657 tid=72606  tipo=ompt_thread_initial    cpu=255 numa=1  d_rm=    3049  d_instr=1427167663  d_cyc= 374060624  d_all= 9232793  IPC=3.815  ratio_rm=0.0003
[OMPT][WIN100ms] ompt_id=562949953421313 tid=72608  tipo=ompt_thread_worker     cpu=  1 numa=0  d_rm=    3207  d_instr=1447071470  d_cyc= 374450613  d_all= 9360320  IPC=3.865  ratio_rm=0.0003
[OMPT][WIN100ms] ompt_id=844424930131969 tid=72609  tipo=ompt_thread_worker     cpu= 73 numa=1  d_rm=    3115  d_instr=1448839339  d_cyc= 373962631  d_all= 9372194  IPC=3.874  ratio_rm=0.0003
[OMPT][WIN100ms] ompt_id=1125899906842625 tid=72610  tipo=ompt_thread_worker     cpu= 46 numa=0  d_rm=    3386  d_instr=1456486626  d_cyc= 374344887  d_all= 9420738  IPC=3.891  ratio_rm=0.0004
[OMPT][WIN100ms] ompt_id=1407374883553281 tid=72611  tipo=ompt_thread_worker     cpu=214 numa=1  d_rm=    3004  d_instr=1414929728  d_cyc= 374230234  d_all= 9154387  IPC=3.781  ratio_rm=0.0003
[OMPT][WIN100ms] ompt_id=1970324836974593 tid=72612  tipo=ompt_thread_worker     cpu=222 numa=1  d_rm=    3500  d_instr=1440576118  d_cyc= 374419354  d_all= 9318627  IPC=3.847  ratio_rm=0.0004
[OMPT][WIN100ms] ompt_id=2251799813685249 tid=72614  tipo=ompt_thread_worker     cpu=231 numa=1  d_rm=    3235  d_instr=1435973779  d_cyc= 374297092  d_all= 9289253  IPC=3.836  ratio_rm=0.0003
[OMPT][WIN100ms] ompt_id=1688849860263937 tid=72613  tipo=ompt_thread_worker     cpu= 24 numa=0  d_rm=    3120  d_instr=1418365247  d_cyc= 374472731  d_all= 9176488  IPC=3.788  ratio_rm=0.0003
[OMPT] implicit_task_end: parallel_id=0 thread_num=0
[OMPT] parallel_end: parallel_id=281474976710745
[OMPT] parallel_begin: parallel_id=281474976710747 team_size=8
[OMPT] implicit_task_end: parallel_id=0 thread_num=4
[OMPT] implicit_task_end: parallel_id=0 thread_num=5
[OMPT] implicit_task_end: parallel_id=0 thread_num=2
[OMPT] implicit_task_end: parallel_id=0 thread_num=1
[OMPT] implicit_task_end: parallel_id=0 thread_num=6
[OMPT] implicit_task_begin: parallel_id=281474976710747 thread_num=6 team_size=8
[OMPT] implicit_task_end: parallel_id=0 thread_num=7
[OMPT] implicit_task_end: parallel_id=0 thread_num=3
[OMPT] implicit_task_begin: parallel_id=281474976710747 thread_num=7 team_size=8
[OMPT] implicit_task_begin: parallel_id=281474976710747 thread_num=0 team_size=8
[OMPT] implicit_task_begin: parallel_id=281474976710747 thread_num=3 team_size=8
[OMPT] implicit_task_begin: parallel_id=281474976710747 thread_num=4 team_size=8
[OMPT] implicit_task_begin: parallel_id=281474976710747 thread_num=5 team_size=8
[OMPT] implicit_task_begin: parallel_id=281474976710747 thread_num=2 team_size=8
[OMPT] implicit_task_begin: parallel_id=281474976710747 thread_num=1 team_size=8
[OMPT][WIN100ms] ompt_id=281474976710657 tid=72606  tipo=ompt_thread_initial    cpu=255 numa=1  d_rm=    4677  d_instr=1400638664  d_cyc= 372078544  d_all= 9007585  IPC=3.764  ratio_rm=0.0005
[OMPT][WIN100ms] ompt_id=562949953421313 tid=72608  tipo=ompt_thread_worker     cpu=  1 numa=0  d_rm=    3253  d_instr=1390979002  d_cyc= 371599761  d_all= 8920948  IPC=3.743  ratio_rm=0.0004
[OMPT][WIN100ms] ompt_id=844424930131969 tid=72609  tipo=ompt_thread_worker     cpu= 73 numa=1  d_rm=    3407  d_instr=1385749223  d_cyc= 371258575  d_all= 8879404  IPC=3.733  ratio_rm=0.0004
[OMPT][WIN100ms] ompt_id=1125899906842625 tid=72610  tipo=ompt_thread_worker     cpu= 46 numa=0  d_rm=    3273  d_instr=1380203550  d_cyc= 371538217  d_all= 8843993  IPC=3.715  ratio_rm=0.0004
[OMPT][WIN100ms] ompt_id=1407374883553281 tid=72611  tipo=ompt_thread_worker     cpu=214 numa=1  d_rm=    3343  d_instr=1416564547  d_cyc= 373351836  d_all= 9172821  IPC=3.794  ratio_rm=0.0004
[OMPT][WIN100ms] ompt_id=1970324836974593 tid=72612  tipo=ompt_thread_worker     cpu=222 numa=1  d_rm=    3651  d_instr=1404674600  d_cyc= 372215689  d_all= 9027167  IPC=3.774  ratio_rm=0.0004
[OMPT][WIN100ms] ompt_id=2251799813685249 tid=72614  tipo=ompt_thread_worker     cpu=231 numa=1  d_rm=    6575  d_instr=1405137428  d_cyc= 372555314  d_all= 9034400  IPC=3.772  ratio_rm=0.0007
[OMPT][WIN100ms] ompt_id=1688849860263937 tid=72613  tipo=ompt_thread_worker     cpu= 24 numa=0  d_rm=    3272  d_instr=1408930078  d_cyc= 372818141  d_all= 9075770  IPC=3.779  ratio_rm=0.0004
[OMPT][WIN100ms] ompt_id=281474976710657 tid=72606  tipo=ompt_thread_initial    cpu=255 numa=1  d_rm=    3283  d_instr=1437753225  d_cyc= 374077643  d_all= 9301105  IPC=3.843  ratio_rm=0.0004
[OMPT][WIN100ms] ompt_id=562949953421313 tid=72608  tipo=ompt_thread_worker     cpu=  1 numa=0  d_rm=    3041  d_instr=1448644996  d_cyc= 374423809  d_all= 9370485  IPC=3.869  ratio_rm=0.0003
[OMPT][WIN100ms] ompt_id=844424930131969 tid=72609  tipo=ompt_thread_worker     cpu= 73 numa=1  d_rm=    3131  d_instr=1455169649  d_cyc= 374221810  d_all= 9412416  IPC=3.889  ratio_rm=0.0003
[OMPT][WIN100ms] ompt_id=1125899906842625 tid=72610  tipo=ompt_thread_worker     cpu= 46 numa=0  d_rm=    3528  d_instr=1459644178  d_cyc= 374362571  d_all= 9441111  IPC=3.899  ratio_rm=0.0004
[OMPT][WIN100ms] ompt_id=1407374883553281 tid=72611  tipo=ompt_thread_worker     cpu=214 numa=1  d_rm=    3136  d_instr=1428466300  d_cyc= 374100876  d_all= 9241219  IPC=3.818  ratio_rm=0.0003
[OMPT][WIN100ms] ompt_id=1970324836974593 tid=72612  tipo=ompt_thread_worker     cpu=222 numa=1  d_rm=    3533  d_instr=1454164600  d_cyc= 374399156  d_all= 9405713  IPC=3.884  ratio_rm=0.0004
[OMPT][WIN100ms] ompt_id=2251799813685249 tid=72614  tipo=ompt_thread_worker     cpu=231 numa=1  d_rm=    3399  d_instr=1413611118  d_cyc= 374387237  d_all= 9159311  IPC=3.776  ratio_rm=0.0004
[OMPT][WIN100ms] ompt_id=1688849860263937 tid=72613  tipo=ompt_thread_worker     cpu= 24 numa=0  d_rm=    3059  d_instr=1441016409  d_cyc= 374044343  d_all= 9321107  IPC=3.853  ratio_rm=0.0003
[OMPT] implicit_task_end: parallel_id=0 thread_num=0
[OMPT] parallel_end: parallel_id=281474976710747
[OMPT] parallel_begin: parallel_id=281474976710749 team_size=8
[OMPT] implicit_task_end: parallel_id=0 thread_num=4
[OMPT] implicit_task_end: parallel_id=0 thread_num=5
[OMPT] implicit_task_begin: parallel_id=281474976710749 thread_num=0 team_size=8
[OMPT] implicit_task_end: parallel_id=0 thread_num=3
[OMPT] implicit_task_begin: parallel_id=281474976710749 thread_num=4 team_size=8
[OMPT] implicit_task_end: parallel_id=0 thread_num=2
[OMPT] implicit_task_begin: parallel_id=281474976710749 thread_num=3 team_size=8
[OMPT] implicit_task_end: parallel_id=0 thread_num=7
[OMPT] implicit_task_end: parallel_id=0 thread_num=6
[OMPT] implicit_task_end: parallel_id=0 thread_num=1
[OMPT] implicit_task_begin: parallel_id=281474976710749 thread_num=1 team_size=8
[OMPT] implicit_task_begin: parallel_id=281474976710749 thread_num=5 team_size=8
[OMPT] implicit_task_begin: parallel_id=281474976710749 thread_num=2 team_size=8
[OMPT] implicit_task_begin: parallel_id=281474976710749 thread_num=7 team_size=8
[OMPT] implicit_task_begin: parallel_id=281474976710749 thread_num=6 team_size=8
[OMPT][WIN100ms] ompt_id=281474976710657 tid=72606  tipo=ompt_thread_initial    cpu=255 numa=1  d_rm=    4377  d_instr=1400918631  d_cyc= 372596293  d_all= 9005667  IPC=3.760  ratio_rm=0.0005
[OMPT][WIN100ms] ompt_id=562949953421313 tid=72608  tipo=ompt_thread_worker     cpu=  1 numa=0  d_rm=    3009  d_instr=1386331709  d_cyc= 372139058  d_all= 8905546  IPC=3.725  ratio_rm=0.0003
[OMPT][WIN100ms] ompt_id=844424930131969 tid=72609  tipo=ompt_thread_worker     cpu= 73 numa=1  d_rm=    3209  d_instr=1386892618  d_cyc= 371335983  d_all= 8878458  IPC=3.735  ratio_rm=0.0004
[OMPT][WIN100ms] ompt_id=1125899906842625 tid=72610  tipo=ompt_thread_worker     cpu= 46 numa=0  d_rm=    3460  d_instr=1378429731  d_cyc= 371887020  d_all= 8830142  IPC=3.707  ratio_rm=0.0004
[OMPT][WIN100ms] ompt_id=1407374883553281 tid=72611  tipo=ompt_thread_worker     cpu=214 numa=1  d_rm=    3493  d_instr=1389218402  d_cyc= 372680619  d_all= 8943372  IPC=3.728  ratio_rm=0.0004
[OMPT][WIN100ms] ompt_id=1970324836974593 tid=72612  tipo=ompt_thread_worker     cpu=222 numa=1  d_rm=    3458  d_instr=1384464756  d_cyc= 371570641  d_all= 8860772  IPC=3.726  ratio_rm=0.0004
[OMPT][WIN100ms] ompt_id=2251799813685249 tid=72614  tipo=ompt_thread_worker     cpu=231 numa=1  d_rm=    6454  d_instr=1388780548  d_cyc= 373540975  d_all= 8987686  IPC=3.718  ratio_rm=0.0007
[OMPT][WIN100ms] ompt_id=1688849860263937 tid=72613  tipo=ompt_thread_worker     cpu= 24 numa=0  d_rm=    3383  d_instr=1379772277  d_cyc= 371954993  d_all= 8864551  IPC=3.710  ratio_rm=0.0004
[OMPT][WIN100ms] ompt_id=281474976710657 tid=72606  tipo=ompt_thread_initial    cpu=255 numa=1  d_rm=    3196  d_instr=1454146227  d_cyc= 374176730  d_all= 9405611  IPC=3.886  ratio_rm=0.0003
[OMPT][WIN100ms] ompt_id=562949953421313 tid=72608  tipo=ompt_thread_worker     cpu=  1 numa=0  d_rm=    3014  d_instr=1447203563  d_cyc= 374451330  d_all= 9361467  IPC=3.865  ratio_rm=0.0003
[OMPT][WIN100ms] ompt_id=844424930131969 tid=72609  tipo=ompt_thread_worker     cpu= 73 numa=1  d_rm=    3100  d_instr=1463249665  d_cyc= 374200956  d_all= 9464129  IPC=3.910  ratio_rm=0.0003
[OMPT][WIN100ms] ompt_id=1125899906842625 tid=72610  tipo=ompt_thread_worker     cpu= 46 numa=0  d_rm=    3363  d_instr=1452123336  d_cyc= 374334610  d_all= 9392642  IPC=3.879  ratio_rm=0.0004
[OMPT][WIN100ms] ompt_id=1407374883553281 tid=72611  tipo=ompt_thread_worker     cpu=214 numa=1  d_rm=    3336  d_instr=1464648457  d_cyc= 373842659  d_all= 9473260  IPC=3.918  ratio_rm=0.0004
[OMPT][WIN100ms] ompt_id=1970324836974593 tid=72612  tipo=ompt_thread_worker     cpu=222 numa=1  d_rm=    3402  d_instr=1450379865  d_cyc= 374316939  d_all= 9395532  IPC=3.875  ratio_rm=0.0004
[OMPT][WIN100ms] ompt_id=2251799813685249 tid=72614  tipo=ompt_thread_worker     cpu=231 numa=1  d_rm=    3181  d_instr=1433064522  d_cyc= 374291939  d_all= 9282800  IPC=3.829  ratio_rm=0.0003
[OMPT][WIN100ms] ompt_id=1688849860263937 tid=72613  tipo=ompt_thread_worker     cpu= 24 numa=0  d_rm=    2937  d_instr=1441514778  d_cyc= 374408094  d_all= 9343312  IPC=3.850  ratio_rm=0.0003
[OMPT] implicit_task_end: parallel_id=0 thread_num=0
[OMPT] parallel_end: parallel_id=281474976710749
[OMPT] parallel_begin: parallel_id=281474976710751 team_size=8
[OMPT] implicit_task_end: parallel_id=0 thread_num=4
[OMPT] implicit_task_end: parallel_id=0 thread_num=7
[OMPT] implicit_task_end: parallel_id=0 thread_num=3
[OMPT] implicit_task_end: parallel_id=0 thread_num=2
[OMPT] implicit_task_begin: parallel_id=281474976710751 thread_num=3 team_size=8
[OMPT] implicit_task_end: parallel_id=0 thread_num=6
[OMPT] implicit_task_begin: parallel_id=281474976710751 thread_num=2 team_size=8
[OMPT] implicit_task_begin: parallel_id=281474976710751 thread_num=6 team_size=8
[OMPT] implicit_task_end: parallel_id=0 thread_num=5
[OMPT] implicit_task_end: parallel_id=0 thread_num=1
[OMPT] implicit_task_begin: parallel_id=281474976710751 thread_num=5 team_size=8
[OMPT] implicit_task_begin: parallel_id=281474976710751 thread_num=0 team_size=8
[OMPT] implicit_task_begin: parallel_id=281474976710751 thread_num=4 team_size=8
[OMPT] implicit_task_begin: parallel_id=281474976710751 thread_num=7 team_size=8
[OMPT] implicit_task_begin: parallel_id=281474976710751 thread_num=1 team_size=8
[OMPT][WIN100ms] ompt_id=281474976710657 tid=72606  tipo=ompt_thread_initial    cpu=255 numa=1  d_rm=    4648  d_instr=1403237931  d_cyc= 372637009  d_all= 9054646  IPC=3.766  ratio_rm=0.0005
[OMPT][WIN100ms] ompt_id=562949953421313 tid=72608  tipo=ompt_thread_worker     cpu=  1 numa=0  d_rm=    3398  d_instr=1429708156  d_cyc= 375280321  d_all= 9238715  IPC=3.810  ratio_rm=0.0004
[OMPT][WIN100ms] ompt_id=844424930131969 tid=72609  tipo=ompt_thread_worker     cpu= 73 numa=1  d_rm=    3583  d_instr=1427707450  d_cyc= 374858793  d_all= 9187502  IPC=3.809  ratio_rm=0.0004
[OMPT][WIN100ms] ompt_id=1125899906842625 tid=72610  tipo=ompt_thread_worker     cpu= 46 numa=0  d_rm=    3834  d_instr=1430019615  d_cyc= 375380785  d_all= 9219640  IPC=3.810  ratio_rm=0.0004
[OMPT][WIN100ms] ompt_id=1407374883553281 tid=72611  tipo=ompt_thread_worker     cpu=214 numa=1  d_rm=    3565  d_instr=1430572286  d_cyc= 374629741  d_all= 9220015  IPC=3.819  ratio_rm=0.0004
[OMPT][WIN100ms] ompt_id=1970324836974593 tid=72612  tipo=ompt_thread_worker     cpu=222 numa=1  d_rm=    3544  d_instr=1427952079  d_cyc= 375091998  d_all= 9204620  IPC=3.807  ratio_rm=0.0004
[OMPT][WIN100ms] ompt_id=2251799813685249 tid=72614  tipo=ompt_thread_worker     cpu=231 numa=1  d_rm=    6900  d_instr=1446525403  d_cyc= 375974989  d_all= 9365702  IPC=3.847  ratio_rm=0.0007
[OMPT][WIN100ms] ompt_id=1688849860263937 tid=72613  tipo=ompt_thread_worker     cpu= 24 numa=0  d_rm=    3492  d_instr=1446652142  d_cyc= 375380160  d_all= 9341427  IPC=3.854  ratio_rm=0.0004
[OMPT][WIN100ms] ompt_id=281474976710657 tid=72606  tipo=ompt_thread_initial    cpu=255 numa=1  d_rm=    3184  d_instr=1448827267  d_cyc= 376405066  d_all= 9371912  IPC=3.849  ratio_rm=0.0003
[OMPT][WIN100ms] ompt_id=562949953421313 tid=72608  tipo=ompt_thread_worker     cpu=  1 numa=0  d_rm=    3157  d_instr=1452310545  d_cyc= 374378312  d_all= 9394180  IPC=3.879  ratio_rm=0.0003
[OMPT][WIN100ms] ompt_id=844424930131969 tid=72609  tipo=ompt_thread_worker     cpu= 73 numa=1  d_rm=    3399  d_instr=1472126240  d_cyc= 374276718  d_all= 9533265  IPC=3.933  ratio_rm=0.0004
[OMPT][WIN100ms] ompt_id=1125899906842625 tid=72610  tipo=ompt_thread_worker     cpu= 46 numa=0  d_rm=    3311  d_instr=1451450898  d_cyc= 374300553  d_all= 9403670  IPC=3.878  ratio_rm=0.0004
[OMPT][WIN100ms] ompt_id=1407374883553281 tid=72611  tipo=ompt_thread_worker     cpu=214 numa=1  d_rm=    3221  d_instr=1431469286  d_cyc= 374085514  d_all= 9273363  IPC=3.827  ratio_rm=0.0003
[OMPT][WIN100ms] ompt_id=1970324836974593 tid=72612  tipo=ompt_thread_worker     cpu=222 numa=1  d_rm=    3630  d_instr=1451351569  d_cyc= 374287249  d_all= 9405754  IPC=3.878  ratio_rm=0.0004
[OMPT][WIN100ms] ompt_id=2251799813685249 tid=72614  tipo=ompt_thread_worker     cpu=231 numa=1  d_rm=    3368  d_instr=1455715714  d_cyc= 374239524  d_all= 9440686  IPC=3.890  ratio_rm=0.0004
[OMPT][WIN100ms] ompt_id=1688849860263937 tid=72613  tipo=ompt_thread_worker     cpu= 24 numa=0  d_rm=    3128  d_instr=1424298078  d_cyc= 373914931  d_all= 9234407  IPC=3.809  ratio_rm=0.0003
[OMPT] implicit_task_end: parallel_id=0 thread_num=0
[OMPT] parallel_end: parallel_id=281474976710751
[OMPT] parallel_begin: parallel_id=281474976710753 team_size=8
[OMPT] implicit_task_end: parallel_id=0 thread_num=2
[OMPT] implicit_task_begin: parallel_id=281474976710753 thread_num=0 team_size=8
[OMPT] implicit_task_end: parallel_id=0 thread_num=4
[OMPT] implicit_task_begin: parallel_id=281474976710753 thread_num=2 team_size=8
[OMPT] implicit_task_end: parallel_id=0 thread_num=7
[OMPT] implicit_task_begin: parallel_id=281474976710753 thread_num=4 team_size=8
[OMPT] implicit_task_end: parallel_id=0 thread_num=1
[OMPT] implicit_task_begin: parallel_id=281474976710753 thread_num=7 team_size=8
[OMPT] implicit_task_end: parallel_id=0 thread_num=5
[OMPT] implicit_task_end: parallel_id=0 thread_num=6
[OMPT] implicit_task_begin: parallel_id=281474976710753 thread_num=1 team_size=8
[OMPT] implicit_task_end: parallel_id=0 thread_num=3
[OMPT] implicit_task_begin: parallel_id=281474976710753 thread_num=5 team_size=8
[OMPT] implicit_task_begin: parallel_id=281474976710753 thread_num=3 team_size=8
[OMPT] implicit_task_begin: parallel_id=281474976710753 thread_num=6 team_size=8
[OMPT][WIN100ms] ompt_id=281474976710657 tid=72606  tipo=ompt_thread_initial    cpu=255 numa=1  d_rm=    4369  d_instr=1432632105  d_cyc= 373872572  d_all= 9272955  IPC=3.832  ratio_rm=0.0005
[OMPT][WIN100ms] ompt_id=562949953421313 tid=72608  tipo=ompt_thread_worker     cpu=  1 numa=0  d_rm=    3042  d_instr=1424994718  d_cyc= 372653103  d_all= 9191549  IPC=3.824  ratio_rm=0.0003
[OMPT][WIN100ms] ompt_id=844424930131969 tid=72609  tipo=ompt_thread_worker     cpu= 73 numa=1  d_rm=    3078  d_instr=1408641163  d_cyc= 372531860  d_all= 9048849  IPC=3.781  ratio_rm=0.0003
[OMPT][WIN100ms] ompt_id=1125899906842625 tid=72610  tipo=ompt_thread_worker     cpu= 46 numa=0  d_rm=    3525  d_instr=1420027546  d_cyc= 372710148  d_all= 9161240  IPC=3.810  ratio_rm=0.0004
[OMPT][WIN100ms] ompt_id=1407374883553281 tid=72611  tipo=ompt_thread_worker     cpu=214 numa=1  d_rm=    3297  d_instr=1421384220  d_cyc= 373557983  d_all= 9195594  IPC=3.805  ratio_rm=0.0004
[OMPT][WIN100ms] ompt_id=1970324836974593 tid=72612  tipo=ompt_thread_worker     cpu=222 numa=1  d_rm=    3594  d_instr=1408458907  d_cyc= 373005612  d_all= 9083141  IPC=3.776  ratio_rm=0.0004
[OMPT][WIN100ms] ompt_id=2251799813685249 tid=72614  tipo=ompt_thread_worker     cpu=231 numa=1  d_rm=    6704  d_instr=1431045963  d_cyc= 373511915  d_all= 9224762  IPC=3.831  ratio_rm=0.0007
[OMPT][WIN100ms] ompt_id=1688849860263937 tid=72613  tipo=ompt_thread_worker     cpu= 24 numa=0  d_rm=    3226  d_instr=1456755272  d_cyc= 373911818  d_all= 9438986  IPC=3.896  ratio_rm=0.0003
[OMPT][WIN100ms] ompt_id=281474976710657 tid=72606  tipo=ompt_thread_initial    cpu=255 numa=1  d_rm=    3015  d_instr=1445420222  d_cyc= 374152613  d_all= 9356664  IPC=3.863  ratio_rm=0.0003
[OMPT][WIN100ms] ompt_id=562949953421313 tid=72608  tipo=ompt_thread_worker     cpu=  1 numa=0  d_rm=    3000  d_instr=1466174957  d_cyc= 374066857  d_all= 9503988  IPC=3.920  ratio_rm=0.0003
[OMPT][WIN100ms] ompt_id=844424930131969 tid=72609  tipo=ompt_thread_worker     cpu= 73 numa=1  d_rm=    3143  d_instr=1461173491  d_cyc= 374279624  d_all= 9471180  IPC=3.904  ratio_rm=0.0003
[OMPT][WIN100ms] ompt_id=1125899906842625 tid=72610  tipo=ompt_thread_worker     cpu= 46 numa=0  d_rm=    3142  d_instr=1445455778  d_cyc= 374334647  d_all= 9369688  IPC=3.861  ratio_rm=0.0003
[OMPT][WIN100ms] ompt_id=1407374883553281 tid=72611  tipo=ompt_thread_worker     cpu=214 numa=1  d_rm=    3088  d_instr=1424105696  d_cyc= 374112319  d_all= 9231099  IPC=3.807  ratio_rm=0.0003
[OMPT][WIN100ms] ompt_id=1970324836974593 tid=72612  tipo=ompt_thread_worker     cpu=222 numa=1  d_rm=    3398  d_instr=1453865381  d_cyc= 374255373  d_all= 9424371  IPC=3.885  ratio_rm=0.0004
[OMPT][WIN100ms] ompt_id=2251799813685249 tid=72614  tipo=ompt_thread_worker     cpu=231 numa=1  d_rm=    3274  d_instr=1446332781  d_cyc= 374243718  d_all= 9373438  IPC=3.865  ratio_rm=0.0003
[OMPT][WIN100ms] ompt_id=1688849860263937 tid=72613  tipo=ompt_thread_worker     cpu= 24 numa=0  d_rm=    3145  d_instr=1437147650  d_cyc= 374322546  d_all= 9308688  IPC=3.839  ratio_rm=0.0003
[OMPT] implicit_task_end: parallel_id=0 thread_num=0
[OMPT] parallel_end: parallel_id=281474976710753
[OMPT] parallel_begin: parallel_id=281474976710755 team_size=8
[OMPT] implicit_task_end: parallel_id=0 thread_num=4
[OMPT] implicit_task_end: parallel_id=0 thread_num=7
[OMPT] implicit_task_begin: parallel_id=281474976710755 thread_num=0 team_size=8
[OMPT] implicit_task_end: parallel_id=0 thread_num=1
[OMPT] implicit_task_begin: parallel_id=281474976710755 thread_num=4 team_size=8
[OMPT] implicit_task_end: parallel_id=0 thread_num=2
[OMPT] implicit_task_begin: parallel_id=281474976710755 thread_num=1 team_size=8
[OMPT] implicit_task_end: parallel_id=0 thread_num=5
[OMPT] implicit_task_end: parallel_id=0 thread_num=6
[OMPT] implicit_task_begin: parallel_id=281474976710755 thread_num=5 team_size=8
[OMPT] implicit_task_begin: parallel_id=281474976710755 thread_num=6 team_size=8
[OMPT] implicit_task_begin: parallel_id=281474976710755 thread_num=7 team_size=8
[OMPT] implicit_task_begin: parallel_id=281474976710755 thread_num=2 team_size=8
[OMPT] implicit_task_end: parallel_id=0 thread_num=3
[OMPT] implicit_task_begin: parallel_id=281474976710755 thread_num=3 team_size=8
[OMPT][WIN100ms] ompt_id=281474976710657 tid=72606  tipo=ompt_thread_initial    cpu=255 numa=1  d_rm=    4441  d_instr=1417371594  d_cyc= 373335540  d_all= 9153276  IPC=3.797  ratio_rm=0.0005
[OMPT][WIN100ms] ompt_id=562949953421313 tid=72608  tipo=ompt_thread_worker     cpu=  1 numa=0  d_rm=    3164  d_instr=1400761903  d_cyc= 372390289  d_all= 8991795  IPC=3.762  ratio_rm=0.0004
[OMPT][WIN100ms] ompt_id=844424930131969 tid=72609  tipo=ompt_thread_worker     cpu= 73 numa=1  d_rm=    3126  d_instr=1399348828  d_cyc= 371990882  d_all= 8988171  IPC=3.762  ratio_rm=0.0003
[OMPT][WIN100ms] ompt_id=1125899906842625 tid=72610  tipo=ompt_thread_worker     cpu= 46 numa=0  d_rm=    3496  d_instr=1412275642  d_cyc= 372521321  d_all= 9109247  IPC=3.791  ratio_rm=0.0004
[OMPT][WIN100ms] ompt_id=1407374883553281 tid=72611  tipo=ompt_thread_worker     cpu=214 numa=1  d_rm=    3302  d_instr=1428952552  d_cyc= 374008680  d_all= 9258027  IPC=3.821  ratio_rm=0.0004
[OMPT][WIN100ms] ompt_id=1970324836974593 tid=72612  tipo=ompt_thread_worker     cpu=222 numa=1  d_rm=    3694  d_instr=1428011942  d_cyc= 373103080  d_all= 9209335  IPC=3.827  ratio_rm=0.0004
[OMPT][WIN100ms] ompt_id=2251799813685249 tid=72614  tipo=ompt_thread_worker     cpu=231 numa=1  d_rm=    6734  d_instr=1402792039  d_cyc= 372526185  d_all= 9020677  IPC=3.766  ratio_rm=0.0007
[OMPT][WIN100ms] ompt_id=1688849860263937 tid=72613  tipo=ompt_thread_worker     cpu= 24 numa=0  d_rm=    3440  d_instr=1424786607  d_cyc= 372896773  d_all= 9178354  IPC=3.821  ratio_rm=0.0004
[OMPT] implicit_task_end: parallel_id=0 thread_num=0
[OMPT] parallel_end: parallel_id=281474976710755
[OMPT] parallel_begin: parallel_id=281474976710757 team_size=8
[OMPT] implicit_task_end: parallel_id=0 thread_num=4
[OMPT] implicit_task_end: parallel_id=0 thread_num=7
[OMPT] implicit_task_end: parallel_id=0 thread_num=2
[OMPT] implicit_task_end: parallel_id=0 thread_num=3
[OMPT] implicit_task_end: parallel_id=0 thread_num=1
[OMPT] implicit_task_begin: parallel_id=281474976710757 thread_num=2 team_size=8
[OMPT] implicit_task_end: parallel_id=0 thread_num=6
[OMPT] implicit_task_begin: parallel_id=281474976710757 thread_num=0 team_size=8
[OMPT] implicit_task_begin: parallel_id=281474976710757 thread_num=7 team_size=8
[OMPT] implicit_task_end: parallel_id=0 thread_num=5
[OMPT] implicit_task_begin: parallel_id=281474976710757 thread_num=3 team_size=8
[OMPT] implicit_task_begin: parallel_id=281474976710757 thread_num=6 team_size=8
[OMPT] implicit_task_begin: parallel_id=281474976710757 thread_num=4 team_size=8
[OMPT] implicit_task_begin: parallel_id=281474976710757 thread_num=1 team_size=8
[OMPT] implicit_task_begin: parallel_id=281474976710757 thread_num=5 team_size=8
[OMPT][WIN100ms] ompt_id=281474976710657 tid=72606  tipo=ompt_thread_initial    cpu=255 numa=1  d_rm=    4555  d_instr=1421166686  d_cyc= 373326173  d_all= 9181747  IPC=3.807  ratio_rm=0.0005
[OMPT][WIN100ms] ompt_id=562949953421313 tid=72608  tipo=ompt_thread_worker     cpu=  1 numa=0  d_rm=    3011  d_instr=1406534841  d_cyc= 373224268  d_all= 9080584  IPC=3.769  ratio_rm=0.0003
[OMPT][WIN100ms] ompt_id=844424930131969 tid=72609  tipo=ompt_thread_worker     cpu= 73 numa=1  d_rm=    3403  d_instr=1417110131  d_cyc= 372835034  d_all= 9113028  IPC=3.801  ratio_rm=0.0004
[OMPT][WIN100ms] ompt_id=1125899906842625 tid=72610  tipo=ompt_thread_worker     cpu= 46 numa=0  d_rm=    3473  d_instr=1422875160  d_cyc= 373192895  d_all= 9172705  IPC=3.813  ratio_rm=0.0004
[OMPT][WIN100ms] ompt_id=1407374883553281 tid=72611  tipo=ompt_thread_worker     cpu=214 numa=1  d_rm=    3336  d_instr=1424339132  d_cyc= 373805193  d_all= 9230347  IPC=3.810  ratio_rm=0.0004
[OMPT][WIN100ms] ompt_id=1970324836974593 tid=72612  tipo=ompt_thread_worker     cpu=222 numa=1  d_rm=    3426  d_instr=1409988860  d_cyc= 372791118  d_all= 9082799  IPC=3.782  ratio_rm=0.0004
[OMPT][WIN100ms] ompt_id=2251799813685249 tid=72614  tipo=ompt_thread_worker     cpu=231 numa=1  d_rm=    6885  d_instr=1423738335  d_cyc= 373118195  d_all= 9176442  IPC=3.816  ratio_rm=0.0008
[OMPT][WIN100ms] ompt_id=1688849860263937 tid=72613  tipo=ompt_thread_worker     cpu= 24 numa=0  d_rm=    3160  d_instr=1409682210  d_cyc= 372607615  d_all= 9057972  IPC=3.783  ratio_rm=0.0003
[OMPT][WIN100ms] ompt_id=281474976710657 tid=72606  tipo=ompt_thread_initial    cpu=255 numa=1  d_rm=    3222  d_instr=1444941564  d_cyc= 373898374  d_all= 9366074  IPC=3.865  ratio_rm=0.0003
[OMPT][WIN100ms] ompt_id=562949953421313 tid=72608  tipo=ompt_thread_worker     cpu=  1 numa=0  d_rm=    3063  d_instr=1455354318  d_cyc= 374360055  d_all= 9438946  IPC=3.888  ratio_rm=0.0003
[OMPT][WIN100ms] ompt_id=844424930131969 tid=72609  tipo=ompt_thread_worker     cpu= 73 numa=1  d_rm=    3184  d_instr=1456184172  d_cyc= 374234858  d_all= 9443437  IPC=3.891  ratio_rm=0.0003
[OMPT][WIN100ms] ompt_id=1125899906842625 tid=72610  tipo=ompt_thread_worker     cpu= 46 numa=0  d_rm=    3526  d_instr=1457041538  d_cyc= 374260124  d_all= 9445405  IPC=3.893  ratio_rm=0.0004
[OMPT][WIN100ms] ompt_id=1407374883553281 tid=72611  tipo=ompt_thread_worker     cpu=214 numa=1  d_rm=    3258  d_instr=1446368254  d_cyc= 374224349  d_all= 9372229  IPC=3.865  ratio_rm=0.0003
[OMPT][WIN100ms] ompt_id=1970324836974593 tid=72612  tipo=ompt_thread_worker     cpu=222 numa=1  d_rm=    3565  d_instr=1438096573  d_cyc= 374426133  d_all= 9316963  IPC=3.841  ratio_rm=0.0004
[OMPT][WIN100ms] ompt_id=2251799813685249 tid=72614  tipo=ompt_thread_worker     cpu=231 numa=1  d_rm=    3181  d_instr=1458391689  d_cyc= 373948671  d_all= 9432843  IPC=3.900  ratio_rm=0.0003
[OMPT][WIN100ms] ompt_id=1688849860263937 tid=72613  tipo=ompt_thread_worker     cpu= 24 numa=0  d_rm=    3148  d_instr=1456556358  d_cyc= 374474601  d_all= 9422139  IPC=3.890  ratio_rm=0.0003
[OMPT] implicit_task_end: parallel_id=0 thread_num=0
[OMPT] parallel_end: parallel_id=281474976710757
[OMPT] parallel_begin: parallel_id=281474976710759 team_size=8
[OMPT] implicit_task_end: parallel_id=0 thread_num=4
[OMPT] implicit_task_end: parallel_id=0 thread_num=5
[OMPT] implicit_task_end: parallel_id=0 thread_num=3
[OMPT] implicit_task_end: parallel_id=0 thread_num=1
[OMPT] implicit_task_begin: parallel_id=281474976710759 thread_num=3 team_size=8
[OMPT] implicit_task_end: parallel_id=0 thread_num=7
[OMPT] implicit_task_begin: parallel_id=281474976710759 thread_num=0 team_size=8
[OMPT] implicit_task_begin: parallel_id=281474976710759 thread_num=7 team_size=8
[OMPT] implicit_task_begin: parallel_id=281474976710759 thread_num=4 team_size=8
[OMPT] implicit_task_begin: parallel_id=281474976710759 thread_num=5 team_size=8
[OMPT] implicit_task_begin: parallel_id=281474976710759 thread_num=1 team_size=8
[OMPT] implicit_task_end: parallel_id=0 thread_num=6
[OMPT] implicit_task_end: parallel_id=0 thread_num=2
[OMPT] implicit_task_begin: parallel_id=281474976710759 thread_num=6 team_size=8
[OMPT] implicit_task_begin: parallel_id=281474976710759 thread_num=2 team_size=8
[OMPT][WIN100ms] ompt_id=281474976710657 tid=72606  tipo=ompt_thread_initial    cpu=255 numa=1  d_rm=    4463  d_instr=1412725526  d_cyc= 372824494  d_all= 9111826  IPC=3.789  ratio_rm=0.0005
[OMPT][WIN100ms] ompt_id=562949953421313 tid=72608  tipo=ompt_thread_worker     cpu=  1 numa=0  d_rm=    3042  d_instr=1409880895  d_cyc= 372539570  d_all= 9078969  IPC=3.785  ratio_rm=0.0003
[OMPT][WIN100ms] ompt_id=844424930131969 tid=72609  tipo=ompt_thread_worker     cpu= 73 numa=1  d_rm=    3417  d_instr=1408085588  d_cyc= 371750563  d_all= 9049456  IPC=3.788  ratio_rm=0.0004
[OMPT][WIN100ms] ompt_id=1125899906842625 tid=72610  tipo=ompt_thread_worker     cpu= 46 numa=0  d_rm=    3452  d_instr=1406761378  d_cyc= 372870483  d_all= 9055854  IPC=3.773  ratio_rm=0.0004
[OMPT][WIN100ms] ompt_id=1407374883553281 tid=72611  tipo=ompt_thread_worker     cpu=214 numa=1  d_rm=    3632  d_instr=1410254370  d_cyc= 373457906  d_all= 9136943  IPC=3.776  ratio_rm=0.0004
[OMPT][WIN100ms] ompt_id=1970324836974593 tid=72612  tipo=ompt_thread_worker     cpu=222 numa=1  d_rm=    4200  d_instr=1425441872  d_cyc= 373025920  d_all= 9198165  IPC=3.821  ratio_rm=0.0005
[OMPT][WIN100ms] ompt_id=2251799813685249 tid=72614  tipo=ompt_thread_worker     cpu=231 numa=1  d_rm=    6572  d_instr=1407194170  d_cyc= 372134377  d_all= 9038839  IPC=3.781  ratio_rm=0.0007
[OMPT][WIN100ms] ompt_id=1688849860263937 tid=72613  tipo=ompt_thread_worker     cpu= 24 numa=0  d_rm=    3060  d_instr=1409297614  d_cyc= 371878675  d_all= 9047389  IPC=3.790  ratio_rm=0.0003
[OMPT][WIN100ms] ompt_id=281474976710657 tid=72606  tipo=ompt_thread_initial    cpu=255 numa=1  d_rm=    3335  d_instr=1448998334  d_cyc= 374041813  d_all= 9396203  IPC=3.874  ratio_rm=0.0004
[OMPT][WIN100ms] ompt_id=562949953421313 tid=72608  tipo=ompt_thread_worker     cpu=  1 numa=0  d_rm=    3075  d_instr=1455007423  d_cyc= 374364687  d_all= 9431892  IPC=3.887  ratio_rm=0.0003
[OMPT][WIN100ms] ompt_id=844424930131969 tid=72609  tipo=ompt_thread_worker     cpu= 73 numa=1  d_rm=    3301  d_instr=1454592669  d_cyc= 374152898  d_all= 9429223  IPC=3.888  ratio_rm=0.0004
[OMPT][WIN100ms] ompt_id=1125899906842625 tid=72610  tipo=ompt_thread_worker     cpu= 46 numa=0  d_rm=    3385  d_instr=1457415734  d_cyc= 373920648  d_all= 9441017  IPC=3.898  ratio_rm=0.0004
[OMPT][WIN100ms] ompt_id=1407374883553281 tid=72611  tipo=ompt_thread_worker     cpu=214 numa=1  d_rm=    3086  d_instr=1422568444  d_cyc= 374177016  d_all= 9203255  IPC=3.802  ratio_rm=0.0003
[OMPT][WIN100ms] ompt_id=1970324836974593 tid=72612  tipo=ompt_thread_worker     cpu=222 numa=1  d_rm=    3364  d_instr=1448916833  d_cyc= 374325136  d_all= 9372557  IPC=3.871  ratio_rm=0.0004
[OMPT][WIN100ms] ompt_id=2251799813685249 tid=72614  tipo=ompt_thread_worker     cpu=231 numa=1  d_rm=    3426  d_instr=1449081477  d_cyc= 374331315  d_all= 9373354  IPC=3.871  ratio_rm=0.0004
[OMPT][WIN100ms] ompt_id=1688849860263937 tid=72613  tipo=ompt_thread_worker     cpu= 24 numa=0  d_rm=    3161  d_instr=1406272772  d_cyc= 374477148  d_all= 9099522  IPC=3.755  ratio_rm=0.0003
[OMPT] implicit_task_end: parallel_id=0 thread_num=0
[OMPT] parallel_end: parallel_id=281474976710759
[OMPT] parallel_begin: parallel_id=281474976710761 team_size=8
[OMPT] implicit_task_end: parallel_id=0 thread_num=4
[OMPT] implicit_task_end: parallel_id=0 thread_num=7
[OMPT] implicit_task_begin: parallel_id=281474976710761 thread_num=0 team_size=8
[OMPT] implicit_task_end: parallel_id=0 thread_num=1
[OMPT] implicit_task_end: parallel_id=0 thread_num=6
[OMPT] implicit_task_begin: parallel_id=281474976710761 thread_num=7 team_size=8
[OMPT] implicit_task_begin: parallel_id=281474976710761 thread_num=6 team_size=8
[OMPT] implicit_task_end: parallel_id=0 thread_num=5
[OMPT] implicit_task_begin: parallel_id=281474976710761 thread_num=4 team_size=8
[OMPT] implicit_task_begin: parallel_id=281474976710761 thread_num=5 team_size=8
[OMPT] implicit_task_end: parallel_id=0 thread_num=2
[OMPT] implicit_task_end: parallel_id=0 thread_num=3
[OMPT] implicit_task_begin: parallel_id=281474976710761 thread_num=2 team_size=8
[OMPT] implicit_task_begin: parallel_id=281474976710761 thread_num=1 team_size=8
[OMPT] implicit_task_begin: parallel_id=281474976710761 thread_num=3 team_size=8
[OMPT][WIN100ms] ompt_id=281474976710657 tid=72606  tipo=ompt_thread_initial    cpu=255 numa=1  d_rm=    4188  d_instr=1397873505  d_cyc= 372723010  d_all= 8986238  IPC=3.750  ratio_rm=0.0005
[OMPT][WIN100ms] ompt_id=562949953421313 tid=72608  tipo=ompt_thread_worker     cpu=  1 numa=0  d_rm=    3312  d_instr=1386502102  d_cyc= 372717496  d_all= 8930318  IPC=3.720  ratio_rm=0.0004
[OMPT][WIN100ms] ompt_id=844424930131969 tid=72609  tipo=ompt_thread_worker     cpu= 73 numa=1  d_rm=    3419  d_instr=1396925320  d_cyc= 371853230  d_all= 8958314  IPC=3.757  ratio_rm=0.0004
[OMPT][WIN100ms] ompt_id=1125899906842625 tid=72610  tipo=ompt_thread_worker     cpu= 46 numa=0  d_rm=    3547  d_instr=1391110450  d_cyc= 371366968  d_all= 8922629  IPC=3.746  ratio_rm=0.0004
[OMPT][WIN100ms] ompt_id=1407374883553281 tid=72611  tipo=ompt_thread_worker     cpu=214 numa=1  d_rm=    3204  d_instr=1415615286  d_cyc= 373391909  d_all= 9143807  IPC=3.791  ratio_rm=0.0004
[OMPT][WIN100ms] ompt_id=1970324836974593 tid=72612  tipo=ompt_thread_worker     cpu=222 numa=1  d_rm=    3592  d_instr=1399739974  d_cyc= 372320947  d_all= 8979256  IPC=3.759  ratio_rm=0.0004
[OMPT][WIN100ms] ompt_id=2251799813685249 tid=72614  tipo=ompt_thread_worker     cpu=231 numa=1  d_rm=    6809  d_instr=1403635088  d_cyc= 372629304  d_all= 8995216  IPC=3.767  ratio_rm=0.0008
[OMPT][WIN100ms] ompt_id=1688849860263937 tid=72613  tipo=ompt_thread_worker     cpu= 24 numa=0  d_rm=    3516  d_instr=1432513151  d_cyc= 374161579  d_all= 9273222  IPC=3.829  ratio_rm=0.0004
[OMPT][WIN100ms] ompt_id=281474976710657 tid=72606  tipo=ompt_thread_initial    cpu=255 numa=1  d_rm=    3036  d_instr=1455272439  d_cyc= 374279194  d_all= 9433253  IPC=3.888  ratio_rm=0.0003
[OMPT][WIN100ms] ompt_id=562949953421313 tid=72608  tipo=ompt_thread_worker     cpu=  1 numa=0  d_rm=    2916  d_instr=1385875146  d_cyc= 374515554  d_all= 8982028  IPC=3.700  ratio_rm=0.0003
[OMPT][WIN100ms] ompt_id=844424930131969 tid=72609  tipo=ompt_thread_worker     cpu= 73 numa=1  d_rm=    3250  d_instr=1462229431  d_cyc= 374421385  d_all= 9457514  IPC=3.905  ratio_rm=0.0003
[OMPT][WIN100ms] ompt_id=1125899906842625 tid=72610  tipo=ompt_thread_worker     cpu= 46 numa=0  d_rm=    3514  d_instr=1448984109  d_cyc= 374436080  d_all= 9372602  IPC=3.870  ratio_rm=0.0004
[OMPT][WIN100ms] ompt_id=1407374883553281 tid=72611  tipo=ompt_thread_worker     cpu=214 numa=1  d_rm=    3422  d_instr=1432358623  d_cyc= 374174544  d_all= 9263522  IPC=3.828  ratio_rm=0.0004
[OMPT][WIN100ms] ompt_id=1970324836974593 tid=72612  tipo=ompt_thread_worker     cpu=222 numa=1  d_rm=    3291  d_instr=1454495666  d_cyc= 374340228  d_all= 9408132  IPC=3.885  ratio_rm=0.0003
[OMPT][WIN100ms] ompt_id=2251799813685249 tid=72614  tipo=ompt_thread_worker     cpu=231 numa=1  d_rm=    3145  d_instr=1420041877  d_cyc= 374340228  d_all= 9187402  IPC=3.793  ratio_rm=0.0003
[OMPT][WIN100ms] ompt_id=1688849860263937 tid=72613  tipo=ompt_thread_worker     cpu= 24 numa=0  d_rm=    3349  d_instr=1458737326  d_cyc= 374025071  d_all= 9435817  IPC=3.900  ratio_rm=0.0004
[OMPT] implicit_task_end: parallel_id=0 thread_num=0
[OMPT] parallel_end: parallel_id=281474976710761
[OMPT] parallel_begin: parallel_id=281474976710763 team_size=8
[OMPT] implicit_task_end: parallel_id=0 thread_num=4
[OMPT] implicit_task_end: parallel_id=0 thread_num=5
[OMPT] implicit_task_end: parallel_id=0 thread_num=1
[OMPT] implicit_task_end: parallel_id=0 thread_num=2
[OMPT] implicit_task_end: parallel_id=0 thread_num=6
[OMPT] implicit_task_begin: parallel_id=281474976710763 thread_num=2 team_size=8
[OMPT] implicit_task_begin: parallel_id=281474976710763 thread_num=6 team_size=8
[OMPT] implicit_task_end: parallel_id=0 thread_num=7
[OMPT] implicit_task_end: parallel_id=0 thread_num=3
[OMPT] implicit_task_begin: parallel_id=281474976710763 thread_num=7 team_size=8
[OMPT] implicit_task_begin: parallel_id=281474976710763 thread_num=0 team_size=8
[OMPT] implicit_task_begin: parallel_id=281474976710763 thread_num=3 team_size=8
[OMPT] implicit_task_begin: parallel_id=281474976710763 thread_num=4 team_size=8
[OMPT] implicit_task_begin: parallel_id=281474976710763 thread_num=5 team_size=8
[OMPT] implicit_task_begin: parallel_id=281474976710763 thread_num=1 team_size=8
[OMPT][WIN100ms] ompt_id=281474976710657 tid=72606  tipo=ompt_thread_initial    cpu=255 numa=1  d_rm=    4154  d_instr=1374909331  d_cyc= 371473269  d_all= 8805501  IPC=3.701  ratio_rm=0.0005
[OMPT][WIN100ms] ompt_id=562949953421313 tid=72608  tipo=ompt_thread_worker     cpu=  1 numa=0  d_rm=    3033  d_instr=1441373508  d_cyc= 373591061  d_all= 9337608  IPC=3.858  ratio_rm=0.0003
[OMPT][WIN100ms] ompt_id=844424930131969 tid=72609  tipo=ompt_thread_worker     cpu= 73 numa=1  d_rm=    3269  d_instr=1378990382  d_cyc= 371719098  d_all= 8829813  IPC=3.710  ratio_rm=0.0004
[OMPT][WIN100ms] ompt_id=1125899906842625 tid=72610  tipo=ompt_thread_worker     cpu= 46 numa=0  d_rm=    3510  d_instr=1391147982  d_cyc= 371661196  d_all= 8919437  IPC=3.743  ratio_rm=0.0004
[OMPT][WIN100ms] ompt_id=1407374883553281 tid=72611  tipo=ompt_thread_worker     cpu=214 numa=1  d_rm=    3459  d_instr=1396228831  d_cyc= 372837437  d_all= 9017761  IPC=3.745  ratio_rm=0.0004
[OMPT][WIN100ms] ompt_id=1970324836974593 tid=72612  tipo=ompt_thread_worker     cpu=222 numa=1  d_rm=    3574  d_instr=1383964692  d_cyc= 371448150  d_all= 8856759  IPC=3.726  ratio_rm=0.0004
[OMPT][WIN100ms] ompt_id=2251799813685249 tid=72614  tipo=ompt_thread_worker     cpu=231 numa=1  d_rm=    6545  d_instr=1411611172  d_cyc= 372696138  d_all= 9082465  IPC=3.788  ratio_rm=0.0007
[OMPT][WIN100ms] ompt_id=1688849860263937 tid=72613  tipo=ompt_thread_worker     cpu= 24 numa=0  d_rm=    3196  d_instr=1382169674  d_cyc= 371478482  d_all= 8847160  IPC=3.721  ratio_rm=0.0004
[OMPT][WIN100ms] ompt_id=281474976710657 tid=72606  tipo=ompt_thread_initial    cpu=255 numa=1  d_rm=    3480  d_instr=1458879003  d_cyc= 374073137  d_all= 9442962  IPC=3.900  ratio_rm=0.0004
[OMPT][WIN100ms] ompt_id=562949953421313 tid=72608  tipo=ompt_thread_worker     cpu=  1 numa=0  d_rm=    3133  d_instr=1440225811  d_cyc= 374441564  d_all= 9316628  IPC=3.846  ratio_rm=0.0003
[OMPT][WIN100ms] ompt_id=844424930131969 tid=72609  tipo=ompt_thread_worker     cpu= 73 numa=1  d_rm=    3074  d_instr=1454701190  d_cyc= 374248361  d_all= 9409547  IPC=3.887  ratio_rm=0.0003
[OMPT][WIN100ms] ompt_id=1125899906842625 tid=72610  tipo=ompt_thread_worker     cpu= 46 numa=0  d_rm=    3315  d_instr=1456267815  d_cyc= 374331428  d_all= 9419299  IPC=3.890  ratio_rm=0.0004
[OMPT][WIN100ms] ompt_id=1407374883553281 tid=72611  tipo=ompt_thread_worker     cpu=214 numa=1  d_rm=    3044  d_instr=1402203107  d_cyc= 374132364  d_all= 9072899  IPC=3.748  ratio_rm=0.0003
[OMPT][WIN100ms] ompt_id=1970324836974593 tid=72612  tipo=ompt_thread_worker     cpu=222 numa=1  d_rm=    3472  d_instr=1454359439  d_cyc= 374356224  d_all= 9407132  IPC=3.885  ratio_rm=0.0004
[OMPT][WIN100ms] ompt_id=2251799813685249 tid=72614  tipo=ompt_thread_worker     cpu=231 numa=1  d_rm=    3427  d_instr=1437577097  d_cyc= 374291913  d_all= 9299738  IPC=3.841  ratio_rm=0.0004
[OMPT][WIN100ms] ompt_id=1688849860263937 tid=72613  tipo=ompt_thread_worker     cpu= 24 numa=0  d_rm=    2965  d_instr=1445003896  d_cyc= 374015674  d_all= 9347182  IPC=3.863  ratio_rm=0.0003
[OMPT] implicit_task_end: parallel_id=0 thread_num=0
[OMPT] parallel_end: parallel_id=281474976710763
[OMPT] parallel_begin: parallel_id=281474976710765 team_size=8
[OMPT] implicit_task_end: parallel_id=0 thread_num=4
[OMPT] implicit_task_end: parallel_id=0 thread_num=7
[OMPT] implicit_task_end: parallel_id=0 thread_num=2
[OMPT] implicit_task_end: parallel_id=0 thread_num=3
[OMPT] implicit_task_end: parallel_id=0 thread_num=1
[OMPT] implicit_task_end: parallel_id=0 thread_num=5
[OMPT] implicit_task_begin: parallel_id=281474976710765 thread_num=7 team_size=8
[OMPT] implicit_task_begin: parallel_id=281474976710765 thread_num=0 team_size=8
[OMPT] implicit_task_begin: parallel_id=281474976710765 thread_num=2 team_size=8
[OMPT] implicit_task_begin: parallel_id=281474976710765 thread_num=4 team_size=8
[OMPT] implicit_task_begin: parallel_id=281474976710765 thread_num=5 team_size=8
[OMPT] implicit_task_end: parallel_id=0 thread_num=6
[OMPT] implicit_task_begin: parallel_id=281474976710765 thread_num=3 team_size=8
[OMPT] implicit_task_begin: parallel_id=281474976710765 thread_num=1 team_size=8
[OMPT] implicit_task_begin: parallel_id=281474976710765 thread_num=6 team_size=8
[OMPT][WIN100ms] ompt_id=281474976710657 tid=72606  tipo=ompt_thread_initial    cpu=255 numa=1  d_rm=    4208  d_instr=1386787204  d_cyc= 371820530  d_all= 8888101  IPC=3.730  ratio_rm=0.0005
[OMPT][WIN100ms] ompt_id=562949953421313 tid=72608  tipo=ompt_thread_worker     cpu=  1 numa=0  d_rm=    2864  d_instr=1388771800  d_cyc= 372856431  d_all= 8943102  IPC=3.725  ratio_rm=0.0003
[OMPT][WIN100ms] ompt_id=844424930131969 tid=72609  tipo=ompt_thread_worker     cpu= 73 numa=1  d_rm=    3192  d_instr=1386989730  d_cyc= 371688572  d_all= 8880123  IPC=3.732  ratio_rm=0.0004
[OMPT][WIN100ms] ompt_id=1125899906842625 tid=72610  tipo=ompt_thread_worker     cpu= 46 numa=0  d_rm=    3226  d_instr=1383988369  d_cyc= 371969734  d_all= 8866514  IPC=3.721  ratio_rm=0.0004
[OMPT][WIN100ms] ompt_id=1407374883553281 tid=72611  tipo=ompt_thread_worker     cpu=214 numa=1  d_rm=    3602  d_instr=1409813153  d_cyc= 373667461  d_all= 9129689  IPC=3.773  ratio_rm=0.0004
[OMPT][WIN100ms] ompt_id=1970324836974593 tid=72612  tipo=ompt_thread_worker     cpu=222 numa=1  d_rm=    3575  d_instr=1392282492  d_cyc= 372000899  d_all= 8915987  IPC=3.743  ratio_rm=0.0004
[OMPT][WIN100ms] ompt_id=2251799813685249 tid=72614  tipo=ompt_thread_worker     cpu=231 numa=1  d_rm=    6455  d_instr=1397424812  d_cyc= 372644578  d_all= 8963534  IPC=3.750  ratio_rm=0.0007
[OMPT][WIN100ms] ompt_id=1688849860263937 tid=72613  tipo=ompt_thread_worker     cpu= 24 numa=0  d_rm=    3108  d_instr=1394079043  d_cyc= 371595956  d_all= 8923999  IPC=3.752  ratio_rm=0.0003
[OMPT][WIN100ms] ompt_id=281474976710657 tid=72606  tipo=ompt_thread_initial    cpu=255 numa=1  d_rm=    3076  d_instr=1453889966  d_cyc= 374154153  d_all= 9404318  IPC=3.886  ratio_rm=0.0003
[OMPT][WIN100ms] ompt_id=562949953421313 tid=72608  tipo=ompt_thread_worker     cpu=  1 numa=0  d_rm=    3154  d_instr=1453530611  d_cyc= 374546033  d_all= 9401627  IPC=3.881  ratio_rm=0.0003
[OMPT][WIN100ms] ompt_id=844424930131969 tid=72609  tipo=ompt_thread_worker     cpu= 73 numa=1  d_rm=    3129  d_instr=1455260768  d_cyc= 374011849  d_all= 9413399  IPC=3.891  ratio_rm=0.0003
[OMPT][WIN100ms] ompt_id=1125899906842625 tid=72610  tipo=ompt_thread_worker     cpu= 46 numa=0  d_rm=    3201  d_instr=1465985116  d_cyc= 374390885  d_all= 9481772  IPC=3.916  ratio_rm=0.0003
[OMPT][WIN100ms] ompt_id=1407374883553281 tid=72611  tipo=ompt_thread_worker     cpu=214 numa=1  d_rm=    3275  d_instr=1443119823  d_cyc= 374275986  d_all= 9335268  IPC=3.856  ratio_rm=0.0004
[OMPT][WIN100ms] ompt_id=1970324836974593 tid=72612  tipo=ompt_thread_worker     cpu=222 numa=1  d_rm=    3569  d_instr=1450889198  d_cyc= 374381982  d_all= 9384693  IPC=3.875  ratio_rm=0.0004
[OMPT][WIN100ms] ompt_id=2251799813685249 tid=72614  tipo=ompt_thread_worker     cpu=231 numa=1  d_rm=    3266  d_instr=1443667064  d_cyc= 374386001  d_all= 9343192  IPC=3.856  ratio_rm=0.0003
[OMPT][WIN100ms] ompt_id=1688849860263937 tid=72613  tipo=ompt_thread_worker     cpu= 24 numa=0  d_rm=    3190  d_instr=1423919861  d_cyc= 374485555  d_all= 9211943  IPC=3.802  ratio_rm=0.0003
[OMPT] implicit_task_end: parallel_id=0 thread_num=0
[OMPT] parallel_end: parallel_id=281474976710765
[OMPT] parallel_begin: parallel_id=281474976710767 team_size=8
[OMPT] implicit_task_end: parallel_id=0 thread_num=4
[OMPT] implicit_task_end: parallel_id=0 thread_num=5
[OMPT] implicit_task_end: parallel_id=0 thread_num=2
[OMPT] implicit_task_end: parallel_id=0 thread_num=1
[OMPT] implicit_task_begin: parallel_id=281474976710767 thread_num=2 team_size=8
[OMPT] implicit_task_end: parallel_id=0 thread_num=6
[OMPT] implicit_task_end: parallel_id=0 thread_num=7
[OMPT] implicit_task_begin: parallel_id=281474976710767 thread_num=0 team_size=8
[OMPT] implicit_task_begin: parallel_id=281474976710767 thread_num=7 team_size=8
[OMPT] implicit_task_begin: parallel_id=281474976710767 thread_num=4 team_size=8
[OMPT] implicit_task_begin: parallel_id=281474976710767 thread_num=5 team_size=8
[OMPT] implicit_task_begin: parallel_id=281474976710767 thread_num=1 team_size=8
[OMPT] implicit_task_end: parallel_id=0 thread_num=3
[OMPT] implicit_task_begin: parallel_id=281474976710767 thread_num=6 team_size=8
[OMPT] implicit_task_begin: parallel_id=281474976710767 thread_num=3 team_size=8
[OMPT][WIN100ms] ompt_id=281474976710657 tid=72606  tipo=ompt_thread_initial    cpu=255 numa=1  d_rm=    4380  d_instr=1379734839  d_cyc= 371572284  d_all= 8840864  IPC=3.713  ratio_rm=0.0005
[OMPT][WIN100ms] ompt_id=562949953421313 tid=72608  tipo=ompt_thread_worker     cpu=  1 numa=0  d_rm=    3141  d_instr=1347625915  d_cyc= 371782625  d_all= 8647585  IPC=3.625  ratio_rm=0.0004
[OMPT][WIN100ms] ompt_id=844424930131969 tid=72609  tipo=ompt_thread_worker     cpu= 73 numa=1  d_rm=    3080  d_instr=1390109599  d_cyc= 371431369  d_all= 8899649  IPC=3.743  ratio_rm=0.0003
[OMPT][WIN100ms] ompt_id=1125899906842625 tid=72610  tipo=ompt_thread_worker     cpu= 46 numa=0  d_rm=    3208  d_instr=1360691197  d_cyc= 371073807  d_all= 8706916  IPC=3.667  ratio_rm=0.0004
[OMPT][WIN100ms] ompt_id=1407374883553281 tid=72611  tipo=ompt_thread_worker     cpu=214 numa=1  d_rm=    3649  d_instr=1377421037  d_cyc= 373466724  d_all= 8921493  IPC=3.688  ratio_rm=0.0004
[OMPT][WIN100ms] ompt_id=1970324836974593 tid=72612  tipo=ompt_thread_worker     cpu=222 numa=1  d_rm=    3449  d_instr=1388848482  d_cyc= 371744675  d_all= 8899439  IPC=3.736  ratio_rm=0.0004
[OMPT][WIN100ms] ompt_id=2251799813685249 tid=72614  tipo=ompt_thread_worker     cpu=231 numa=1  d_rm=    6160  d_instr=1398820198  d_cyc= 372057801  d_all= 8966285  IPC=3.760  ratio_rm=0.0007
[OMPT][WIN100ms] ompt_id=1688849860263937 tid=72613  tipo=ompt_thread_worker     cpu= 24 numa=0  d_rm=    3243  d_instr=1391025559  d_cyc= 372338722  d_all= 8948982  IPC=3.736  ratio_rm=0.0004
[OMPT][WIN100ms] ompt_id=281474976710657 tid=72606  tipo=ompt_thread_initial    cpu=255 numa=1  d_rm=    3093  d_instr=1456486821  d_cyc= 374134516  d_all= 9420507  IPC=3.893  ratio_rm=0.0003
[OMPT][WIN100ms] ompt_id=562949953421313 tid=72608  tipo=ompt_thread_worker     cpu=  1 numa=0  d_rm=    2902  d_instr=1430913692  d_cyc= 374456112  d_all= 9256836  IPC=3.821  ratio_rm=0.0003
[OMPT][WIN100ms] ompt_id=844424930131969 tid=72609  tipo=ompt_thread_worker     cpu= 73 numa=1  d_rm=    3206  d_instr=1461136919  d_cyc= 373877944  d_all= 9450997  IPC=3.908  ratio_rm=0.0003
[OMPT][WIN100ms] ompt_id=1125899906842625 tid=72610  tipo=ompt_thread_worker     cpu= 46 numa=0  d_rm=    3315  d_instr=1460355991  d_cyc= 374254078  d_all= 9445563  IPC=3.902  ratio_rm=0.0004
[OMPT][WIN100ms] ompt_id=1407374883553281 tid=72611  tipo=ompt_thread_worker     cpu=214 numa=1  d_rm=    3247  d_instr=1427482072  d_cyc= 374138326  d_all= 9235077  IPC=3.815  ratio_rm=0.0004
[OMPT][WIN100ms] ompt_id=1970324836974593 tid=72612  tipo=ompt_thread_worker     cpu=222 numa=1  d_rm=    5782  d_instr=1458766546  d_cyc= 374325678  d_all= 9440063  IPC=3.897  ratio_rm=0.0006
[OMPT][WIN100ms] ompt_id=2251799813685249 tid=72614  tipo=ompt_thread_worker     cpu=231 numa=1  d_rm=    3453  d_instr=1460642957  d_cyc= 374361360  d_all= 9464974  IPC=3.902  ratio_rm=0.0004
[OMPT][WIN100ms] ompt_id=1688849860263937 tid=72613  tipo=ompt_thread_worker     cpu= 24 numa=0  d_rm=    3077  d_instr=1418142730  d_cyc= 374489085  d_all= 9181853  IPC=3.787  ratio_rm=0.0003
[OMPT] implicit_task_end: parallel_id=0 thread_num=0
[OMPT] parallel_end: parallel_id=281474976710767
[OMPT] parallel_begin: parallel_id=281474976710769 team_size=8
[OMPT] implicit_task_end: parallel_id=0 thread_num=4
[OMPT] implicit_task_end: parallel_id=0 thread_num=6
[OMPT] implicit_task_begin: parallel_id=281474976710769 thread_num=0 team_size=8
[OMPT] implicit_task_end: parallel_id=0 thread_num=2
[OMPT] implicit_task_begin: parallel_id=281474976710769 thread_num=6 team_size=8
[OMPT] implicit_task_end: parallel_id=0 thread_num=3
[OMPT] implicit_task_end: parallel_id=0 thread_num=5
[OMPT] implicit_task_end: parallel_id=0 thread_num=7
[OMPT] implicit_task_begin: parallel_id=281474976710769 thread_num=5 team_size=8
[OMPT] implicit_task_end: parallel_id=0 thread_num=1
[OMPT] implicit_task_begin: parallel_id=281474976710769 thread_num=7 team_size=8
[OMPT] implicit_task_begin: parallel_id=281474976710769 thread_num=4 team_size=8
[OMPT] implicit_task_begin: parallel_id=281474976710769 thread_num=2 team_size=8
[OMPT] implicit_task_begin: parallel_id=281474976710769 thread_num=3 team_size=8
[OMPT] implicit_task_begin: parallel_id=281474976710769 thread_num=1 team_size=8
[OMPT][WIN100ms] ompt_id=281474976710657 tid=72606  tipo=ompt_thread_initial    cpu=255 numa=1  d_rm=    4255  d_instr=1382929709  d_cyc= 371616424  d_all= 8862002  IPC=3.721  ratio_rm=0.0005
[OMPT][WIN100ms] ompt_id=562949953421313 tid=72608  tipo=ompt_thread_worker     cpu=  1 numa=0  d_rm=    3353  d_instr=1415423003  d_cyc= 372980902  d_all= 9141988  IPC=3.795  ratio_rm=0.0004
[OMPT][WIN100ms] ompt_id=844424930131969 tid=72609  tipo=ompt_thread_worker     cpu= 73 numa=1  d_rm=    3110  d_instr=1373391388  d_cyc= 370731073  d_all= 8771094  IPC=3.705  ratio_rm=0.0004
[OMPT][WIN100ms] ompt_id=1125899906842625 tid=72610  tipo=ompt_thread_worker     cpu= 46 numa=0  d_rm=    3587  d_instr=1384375068  d_cyc= 371678824  d_all= 8881194  IPC=3.725  ratio_rm=0.0004
[OMPT][WIN100ms] ompt_id=1407374883553281 tid=72611  tipo=ompt_thread_worker     cpu=214 numa=1  d_rm=    3609  d_instr=1406336432  d_cyc= 373134948  d_all= 9092095  IPC=3.769  ratio_rm=0.0004
[OMPT][WIN100ms] ompt_id=1970324836974593 tid=72612  tipo=ompt_thread_worker     cpu=222 numa=1  d_rm=    3544  d_instr=1382033927  d_cyc= 371259956  d_all= 8823612  IPC=3.723  ratio_rm=0.0004
[OMPT][WIN100ms] ompt_id=2251799813685249 tid=72614  tipo=ompt_thread_worker     cpu=231 numa=1  d_rm=    6719  d_instr=1377971301  d_cyc= 371157224  d_all= 8793419  IPC=3.713  ratio_rm=0.0008
[OMPT][WIN100ms] ompt_id=1688849860263937 tid=72613  tipo=ompt_thread_worker     cpu= 24 numa=0  d_rm=    3202  d_instr=1413874370  d_cyc= 374233263  d_all= 9159951  IPC=3.778  ratio_rm=0.0003
[OMPT][WIN100ms] ompt_id=281474976710657 tid=72606  tipo=ompt_thread_initial    cpu=255 numa=1  d_rm=    3199  d_instr=1457589108  d_cyc= 373579795  d_all= 9428398  IPC=3.902  ratio_rm=0.0003
[OMPT][WIN100ms] ompt_id=562949953421313 tid=72608  tipo=ompt_thread_worker     cpu=  1 numa=0  d_rm=    2999  d_instr=1451937890  d_cyc= 374384377  d_all= 9391425  IPC=3.878  ratio_rm=0.0003
[OMPT][WIN100ms] ompt_id=844424930131969 tid=72609  tipo=ompt_thread_worker     cpu= 73 numa=1  d_rm=    2960  d_instr=1455924969  d_cyc= 374039250  d_all= 9417224  IPC=3.892  ratio_rm=0.0003
[OMPT][WIN100ms] ompt_id=1125899906842625 tid=72610  tipo=ompt_thread_worker     cpu= 46 numa=0  d_rm=    3440  d_instr=1442427063  d_cyc= 374166757  d_all= 9330435  IPC=3.855  ratio_rm=0.0004
[OMPT][WIN100ms] ompt_id=1407374883553281 tid=72611  tipo=ompt_thread_worker     cpu=214 numa=1  d_rm=    3112  d_instr=1417394243  d_cyc= 373906205  d_all= 9175540  IPC=3.791  ratio_rm=0.0003
[OMPT][WIN100ms] ompt_id=1970324836974593 tid=72612  tipo=ompt_thread_worker     cpu=222 numa=1  d_rm=    3420  d_instr=1464136184  d_cyc= 374141863  d_all= 9489680  IPC=3.913  ratio_rm=0.0004
[OMPT][WIN100ms] ompt_id=2251799813685249 tid=72614  tipo=ompt_thread_worker     cpu=231 numa=1  d_rm=    3566  d_instr=1444058085  d_cyc= 374065662  d_all= 9361664  IPC=3.860  ratio_rm=0.0004
[OMPT][WIN100ms] ompt_id=1688849860263937 tid=72613  tipo=ompt_thread_worker     cpu= 24 numa=0  d_rm=    3146  d_instr=1406233742  d_cyc= 374271055  d_all= 9105981  IPC=3.757  ratio_rm=0.0003
[OMPT] implicit_task_end: parallel_id=0 thread_num=0
[OMPT] parallel_end: parallel_id=281474976710769
[OMPT] parallel_begin: parallel_id=281474976710771 team_size=8
[OMPT] implicit_task_end: parallel_id=0 thread_num=4
[OMPT] implicit_task_end: parallel_id=0 thread_num=6
[OMPT] implicit_task_begin: parallel_id=281474976710771 thread_num=0 team_size=8
[OMPT] implicit_task_end: parallel_id=0 thread_num=2
[OMPT] implicit_task_begin: parallel_id=281474976710771 thread_num=4 team_size=8
[OMPT] implicit_task_end: parallel_id=0 thread_num=7
[OMPT] implicit_task_begin: parallel_id=281474976710771 thread_num=6 team_size=8
[OMPT] implicit_task_end: parallel_id=0 thread_num=5
[OMPT] implicit_task_end: parallel_id=0 thread_num=3
[OMPT] implicit_task_end: parallel_id=0 thread_num=1
[OMPT] implicit_task_begin: parallel_id=281474976710771 thread_num=2 team_size=8
[OMPT] implicit_task_begin: parallel_id=281474976710771 thread_num=1 team_size=8
[OMPT] implicit_task_begin: parallel_id=281474976710771 thread_num=7 team_size=8
[OMPT] implicit_task_begin: parallel_id=281474976710771 thread_num=5 team_size=8
[OMPT] implicit_task_begin: parallel_id=281474976710771 thread_num=3 team_size=8
[OMPT][WIN100ms] ompt_id=281474976710657 tid=72606  tipo=ompt_thread_initial    cpu=255 numa=1  d_rm=    4440  d_instr=1397702234  d_cyc= 371764757  d_all= 8964505  IPC=3.760  ratio_rm=0.0005
[OMPT][WIN100ms] ompt_id=562949953421313 tid=72608  tipo=ompt_thread_worker     cpu=  1 numa=0  d_rm=    3107  d_instr=1414040367  d_cyc= 372559628  d_all= 9100420  IPC=3.795  ratio_rm=0.0003
[OMPT][WIN100ms] ompt_id=844424930131969 tid=72609  tipo=ompt_thread_worker     cpu= 73 numa=1  d_rm=    3334  d_instr=1393277424  d_cyc= 371692770  d_all= 8932564  IPC=3.748  ratio_rm=0.0004
[OMPT][WIN100ms] ompt_id=1125899906842625 tid=72610  tipo=ompt_thread_worker     cpu= 46 numa=0  d_rm=    3660  d_instr=1413298062  d_cyc= 372119844  d_all= 9087454  IPC=3.798  ratio_rm=0.0004
[OMPT][WIN100ms] ompt_id=1407374883553281 tid=72611  tipo=ompt_thread_worker     cpu=214 numa=1  d_rm=    3381  d_instr=1430983030  d_cyc= 373364615  d_all= 9239990  IPC=3.833  ratio_rm=0.0004
[OMPT][WIN100ms] ompt_id=1970324836974593 tid=72612  tipo=ompt_thread_worker     cpu=222 numa=1  d_rm=    3737  d_instr=1384852821  d_cyc= 371427262  d_all= 8857645  IPC=3.728  ratio_rm=0.0004
[OMPT][WIN100ms] ompt_id=2251799813685249 tid=72614  tipo=ompt_thread_worker     cpu=231 numa=1  d_rm=    6701  d_instr=1396099929  d_cyc= 372207777  d_all= 8954592  IPC=3.751  ratio_rm=0.0007
[OMPT][WIN100ms] ompt_id=1688849860263937 tid=72613  tipo=ompt_thread_worker     cpu= 24 numa=0  d_rm=    3275  d_instr=1429283351  d_cyc= 374353289  d_all= 9261287  IPC=3.818  ratio_rm=0.0004
[OMPT][WIN100ms] ompt_id=281474976710657 tid=72606  tipo=ompt_thread_initial    cpu=255 numa=1  d_rm=    3394  d_instr=1472199366  d_cyc= 373779692  d_all= 9522084  IPC=3.939  ratio_rm=0.0004
[OMPT][WIN100ms] ompt_id=562949953421313 tid=72608  tipo=ompt_thread_worker     cpu=  1 numa=0  d_rm=    3147  d_instr=1462722249  d_cyc= 374524477  d_all= 9462251  IPC=3.906  ratio_rm=0.0003
[OMPT][WIN100ms] ompt_id=844424930131969 tid=72609  tipo=ompt_thread_worker     cpu= 73 numa=1  d_rm=    3417  d_instr=1463891104  d_cyc= 374323890  d_all= 9482105  IPC=3.911  ratio_rm=0.0004
[OMPT][WIN100ms] ompt_id=1125899906842625 tid=72610  tipo=ompt_thread_worker     cpu= 46 numa=0  d_rm=    3481  d_instr=1448318212  d_cyc= 374351690  d_all= 9387700  IPC=3.869  ratio_rm=0.0004
[OMPT][WIN100ms] ompt_id=1407374883553281 tid=72611  tipo=ompt_thread_worker     cpu=214 numa=1  d_rm=    3059  d_instr=1437430027  d_cyc= 374178093  d_all= 9312315  IPC=3.842  ratio_rm=0.0003
[OMPT][WIN100ms] ompt_id=1970324836974593 tid=72612  tipo=ompt_thread_worker     cpu=222 numa=1  d_rm=    3462  d_instr=1470793018  d_cyc= 374348477  d_all= 9537518  IPC=3.929  ratio_rm=0.0004
[OMPT][WIN100ms] ompt_id=2251799813685249 tid=72614  tipo=ompt_thread_worker     cpu=231 numa=1  d_rm=    3261  d_instr=1436481549  d_cyc= 374292048  d_all= 9311336  IPC=3.838  ratio_rm=0.0004
[OMPT][WIN100ms] ompt_id=1688849860263937 tid=72613  tipo=ompt_thread_worker     cpu= 24 numa=0  d_rm=    3192  d_instr=1432393013  d_cyc= 374428436  d_all= 9281791  IPC=3.826  ratio_rm=0.0003
[OMPT] implicit_task_end: parallel_id=0 thread_num=0
[OMPT] parallel_end: parallel_id=281474976710771
[OMPT] parallel_begin: parallel_id=281474976710773 team_size=8
[OMPT] implicit_task_end: parallel_id=0 thread_num=4
[OMPT] implicit_task_end: parallel_id=0 thread_num=6
[OMPT] implicit_task_begin: parallel_id=281474976710773 thread_num=0 team_size=8
[OMPT] implicit_task_end: parallel_id=0 thread_num=3
[OMPT] implicit_task_begin: parallel_id=281474976710773 thread_num=4 team_size=8
[OMPT] implicit_task_end: parallel_id=0 thread_num=7
[OMPT] implicit_task_end: parallel_id=0 thread_num=5
[OMPT] implicit_task_end: parallel_id=0 thread_num=2
[OMPT] implicit_task_end: parallel_id=0 thread_num=1
[OMPT] implicit_task_begin: parallel_id=281474976710773 thread_num=3 team_size=8
[OMPT] implicit_task_begin: parallel_id=281474976710773 thread_num=2 team_size=8
[OMPT] implicit_task_begin: parallel_id=281474976710773 thread_num=6 team_size=8
[OMPT] implicit_task_begin: parallel_id=281474976710773 thread_num=5 team_size=8
[OMPT] implicit_task_begin: parallel_id=281474976710773 thread_num=1 team_size=8
[OMPT] implicit_task_begin: parallel_id=281474976710773 thread_num=7 team_size=8
[OMPT][WIN100ms] ompt_id=281474976710657 tid=72606  tipo=ompt_thread_initial    cpu=255 numa=1  d_rm=    4375  d_instr=1407244810  d_cyc= 372331472  d_all= 9048407  IPC=3.780  ratio_rm=0.0005
[OMPT][WIN100ms] ompt_id=562949953421313 tid=72608  tipo=ompt_thread_worker     cpu=  1 numa=0  d_rm=    3142  d_instr=1391257026  d_cyc= 372618898  d_all= 8961724  IPC=3.734  ratio_rm=0.0004
[OMPT][WIN100ms] ompt_id=844424930131969 tid=72609  tipo=ompt_thread_worker     cpu= 73 numa=1  d_rm=    3307  d_instr=1424666153  d_cyc= 372549620  d_all= 9174813  IPC=3.824  ratio_rm=0.0004
[OMPT][WIN100ms] ompt_id=1125899906842625 tid=72610  tipo=ompt_thread_worker     cpu= 46 numa=0  d_rm=    3326  d_instr=1410873587  d_cyc= 372842601  d_all= 9103003  IPC=3.784  ratio_rm=0.0004
[OMPT][WIN100ms] ompt_id=1407374883553281 tid=72611  tipo=ompt_thread_worker     cpu=214 numa=1  d_rm=    3419  d_instr=1422360354  d_cyc= 373509272  d_all= 9195770  IPC=3.808  ratio_rm=0.0004
[OMPT][WIN100ms] ompt_id=1970324836974593 tid=72612  tipo=ompt_thread_worker     cpu=222 numa=1  d_rm=    3526  d_instr=1397774048  d_cyc= 372276554  d_all= 8985951  IPC=3.755  ratio_rm=0.0004
[OMPT][WIN100ms] ompt_id=2251799813685249 tid=72614  tipo=ompt_thread_worker     cpu=231 numa=1  d_rm=    6641  d_instr=1434647770  d_cyc= 373202016  d_all= 9276521  IPC=3.844  ratio_rm=0.0007
[OMPT][WIN100ms] ompt_id=1688849860263937 tid=72613  tipo=ompt_thread_worker     cpu= 24 numa=0  d_rm=    3284  d_instr=1446153274  d_cyc= 373927049  d_all= 9373463  IPC=3.867  ratio_rm=0.0004
[OMPT][WIN100ms] ompt_id=281474976710657 tid=72606  tipo=ompt_thread_initial    cpu=255 numa=1  d_rm=    3156  d_instr=1458991662  d_cyc= 373687429  d_all= 9450874  IPC=3.904  ratio_rm=0.0003
[OMPT][WIN100ms] ompt_id=562949953421313 tid=72608  tipo=ompt_thread_worker     cpu=  1 numa=0  d_rm=    3029  d_instr=1460563037  d_cyc= 374425888  d_all= 9467840  IPC=3.901  ratio_rm=0.0003
[OMPT][WIN100ms] ompt_id=844424930131969 tid=72609  tipo=ompt_thread_worker     cpu= 73 numa=1  d_rm=    3277  d_instr=1453833456  d_cyc= 374236797  d_all= 9423198  IPC=3.885  ratio_rm=0.0003
[OMPT][WIN100ms] ompt_id=1125899906842625 tid=72610  tipo=ompt_thread_worker     cpu= 46 numa=0  d_rm=    3292  d_instr=1444033859  d_cyc= 374421757  d_all= 9362030  IPC=3.857  ratio_rm=0.0004
[OMPT][WIN100ms] ompt_id=1407374883553281 tid=72611  tipo=ompt_thread_worker     cpu=214 numa=1  d_rm=    3312  d_instr=1414333496  d_cyc= 374297643  d_all= 9163057  IPC=3.779  ratio_rm=0.0004
[OMPT][WIN100ms] ompt_id=1970324836974593 tid=72612  tipo=ompt_thread_worker     cpu=222 numa=1  d_rm=    3345  d_instr=1441471615  d_cyc= 374411477  d_all= 9341944  IPC=3.850  ratio_rm=0.0004
[OMPT][WIN100ms] ompt_id=2251799813685249 tid=72614  tipo=ompt_thread_worker     cpu=231 numa=1  d_rm=    3217  d_instr=1456588757  d_cyc= 374340842  d_all= 9435622  IPC=3.891  ratio_rm=0.0003
[OMPT][WIN100ms] ompt_id=1688849860263937 tid=72613  tipo=ompt_thread_worker     cpu= 24 numa=0  d_rm=    3053  d_instr=1410692207  d_cyc= 374482843  d_all= 9134485  IPC=3.767  ratio_rm=0.0003
[OMPT] implicit_task_end: parallel_id=0 thread_num=0
[OMPT] parallel_end: parallel_id=281474976710773
[OMPT] parallel_begin: parallel_id=281474976710775 team_size=8
[OMPT] implicit_task_end: parallel_id=0 thread_num=4
[OMPT] implicit_task_end: parallel_id=0 thread_num=7
[OMPT] implicit_task_begin: parallel_id=281474976710775 thread_num=0 team_size=8
[OMPT] implicit_task_end: parallel_id=0 thread_num=1
[OMPT] implicit_task_begin: parallel_id=281474976710775 thread_num=4 team_size=8
[OMPT] implicit_task_end: parallel_id=0 thread_num=6
[OMPT] implicit_task_begin: parallel_id=281474976710775 thread_num=7 team_size=8
[OMPT] implicit_task_end: parallel_id=0 thread_num=3
[OMPT] implicit_task_end: parallel_id=0 thread_num=2
[OMPT] implicit_task_begin: parallel_id=281474976710775 thread_num=1 team_size=8
[OMPT] implicit_task_begin: parallel_id=281474976710775 thread_num=6 team_size=8
[OMPT] implicit_task_begin: parallel_id=281474976710775 thread_num=2 team_size=8
[OMPT] implicit_task_end: parallel_id=0 thread_num=5
[OMPT] implicit_task_begin: parallel_id=281474976710775 thread_num=3 team_size=8
[OMPT] implicit_task_begin: parallel_id=281474976710775 thread_num=5 team_size=8
[OMPT][WIN100ms] ompt_id=281474976710657 tid=72606  tipo=ompt_thread_initial    cpu=255 numa=1  d_rm=    4373  d_instr=1405535180  d_cyc= 372303672  d_all= 9034345  IPC=3.775  ratio_rm=0.0005
[OMPT][WIN100ms] ompt_id=562949953421313 tid=72608  tipo=ompt_thread_worker     cpu=  1 numa=0  d_rm=    3092  d_instr=1426777521  d_cyc= 373056091  d_all= 9202040  IPC=3.825  ratio_rm=0.0003
[OMPT][WIN100ms] ompt_id=844424930131969 tid=72609  tipo=ompt_thread_worker     cpu= 73 numa=1  d_rm=    3096  d_instr=1407407520  d_cyc= 372056669  d_all= 9038784  IPC=3.783  ratio_rm=0.0003
[OMPT][WIN100ms] ompt_id=1125899906842625 tid=72610  tipo=ompt_thread_worker     cpu= 46 numa=0  d_rm=    3454  d_instr=1419280913  d_cyc= 372746689  d_all= 9161605  IPC=3.808  ratio_rm=0.0004
[OMPT][WIN100ms] ompt_id=1407374883553281 tid=72611  tipo=ompt_thread_worker     cpu=214 numa=1  d_rm=    3477  d_instr=1451521072  d_cyc= 373961877  d_all= 9408476  IPC=3.881  ratio_rm=0.0004
[OMPT][WIN100ms] ompt_id=1970324836974593 tid=72612  tipo=ompt_thread_worker     cpu=222 numa=1  d_rm=    3587  d_instr=1430035371  d_cyc= 372741852  d_all= 9222758  IPC=3.837  ratio_rm=0.0004
[OMPT][WIN100ms] ompt_id=2251799813685249 tid=72614  tipo=ompt_thread_worker     cpu=231 numa=1  d_rm=    6718  d_instr=1410299617  d_cyc= 372861995  d_all= 9058929  IPC=3.782  ratio_rm=0.0007
[OMPT][WIN100ms] ompt_id=1688849860263937 tid=72613  tipo=ompt_thread_worker     cpu= 24 numa=0  d_rm=    3051  d_instr=1426780134  d_cyc= 373576753  d_all= 9232077  IPC=3.819  ratio_rm=0.0003
[OMPT] implicit_task_end: parallel_id=0 thread_num=0
[OMPT] parallel_end: parallel_id=281474976710775
[OMPT] parallel_begin: parallel_id=281474976710777 team_size=8
[OMPT] implicit_task_end: parallel_id=0 thread_num=4
[OMPT] implicit_task_end: parallel_id=0 thread_num=7
[OMPT] implicit_task_end: parallel_id=0 thread_num=2
[OMPT] implicit_task_end: parallel_id=0 thread_num=3
[OMPT] implicit_task_begin: parallel_id=281474976710777 thread_num=4 team_size=8
[OMPT] implicit_task_end: parallel_id=0 thread_num=1
[OMPT] implicit_task_end: parallel_id=0 thread_num=6
[OMPT] implicit_task_end: parallel_id=0 thread_num=5
[OMPT] implicit_task_begin: parallel_id=281474976710777 thread_num=0 team_size=8
[OMPT] implicit_task_begin: parallel_id=281474976710777 thread_num=2 team_size=8
[OMPT] implicit_task_begin: parallel_id=281474976710777 thread_num=3 team_size=8
[OMPT] implicit_task_begin: parallel_id=281474976710777 thread_num=7 team_size=8
[OMPT] implicit_task_begin: parallel_id=281474976710777 thread_num=6 team_size=8
[OMPT] implicit_task_begin: parallel_id=281474976710777 thread_num=5 team_size=8
[OMPT] implicit_task_begin: parallel_id=281474976710777 thread_num=1 team_size=8
[OMPT][WIN100ms] ompt_id=281474976710657 tid=72606  tipo=ompt_thread_initial    cpu=255 numa=1  d_rm=    4647  d_instr=1422321179  d_cyc= 372214731  d_all= 9150683  IPC=3.821  ratio_rm=0.0005
[OMPT][WIN100ms] ompt_id=562949953421313 tid=72608  tipo=ompt_thread_worker     cpu=  1 numa=0  d_rm=    3302  d_instr=1411273521  d_cyc= 373723084  d_all= 9129999  IPC=3.776  ratio_rm=0.0004
[OMPT][WIN100ms] ompt_id=844424930131969 tid=72609  tipo=ompt_thread_worker     cpu= 73 numa=1  d_rm=    3348  d_instr=1418521507  d_cyc= 372668420  d_all= 9125824  IPC=3.806  ratio_rm=0.0004
[OMPT][WIN100ms] ompt_id=1125899906842625 tid=72610  tipo=ompt_thread_worker     cpu= 46 numa=0  d_rm=    3390  d_instr=1427834730  d_cyc= 373309472  d_all= 9224012  IPC=3.825  ratio_rm=0.0004
[OMPT][WIN100ms] ompt_id=1407374883553281 tid=72611  tipo=ompt_thread_worker     cpu=214 numa=1  d_rm=    3396  d_instr=1412173023  d_cyc= 374037357  d_all= 9145572  IPC=3.775  ratio_rm=0.0004
[OMPT][WIN100ms] ompt_id=1970324836974593 tid=72612  tipo=ompt_thread_worker     cpu=222 numa=1  d_rm=    3714  d_instr=1418134797  d_cyc= 372964976  d_all= 9140166  IPC=3.802  ratio_rm=0.0004
[OMPT][WIN100ms] ompt_id=2251799813685249 tid=72614  tipo=ompt_thread_worker     cpu=231 numa=1  d_rm=    6725  d_instr=1417030608  d_cyc= 373533120  d_all= 9133808  IPC=3.794  ratio_rm=0.0007
[OMPT][WIN100ms] ompt_id=1688849860263937 tid=72613  tipo=ompt_thread_worker     cpu= 24 numa=0  d_rm=    3364  d_instr=1429559647  d_cyc= 374032050  d_all= 9255700  IPC=3.822  ratio_rm=0.0004
[OMPT][WIN100ms] ompt_id=281474976710657 tid=72606  tipo=ompt_thread_initial    cpu=255 numa=1  d_rm=    3152  d_instr=1449859578  d_cyc= 374078320  d_all= 9398931  IPC=3.876  ratio_rm=0.0003
[OMPT][WIN100ms] ompt_id=562949953421313 tid=72608  tipo=ompt_thread_worker     cpu=  1 numa=0  d_rm=    3070  d_instr=1444588612  d_cyc= 374392826  d_all= 9363414  IPC=3.858  ratio_rm=0.0003
[OMPT][WIN100ms] ompt_id=844424930131969 tid=72609  tipo=ompt_thread_worker     cpu= 73 numa=1  d_rm=    3339  d_instr=1451305075  d_cyc= 374230414  d_all= 9407414  IPC=3.878  ratio_rm=0.0004
[OMPT][WIN100ms] ompt_id=1125899906842625 tid=72610  tipo=ompt_thread_worker     cpu= 46 numa=0  d_rm=    3613  d_instr=1446337061  d_cyc= 374298248  d_all= 9368987  IPC=3.864  ratio_rm=0.0004
[OMPT][WIN100ms] ompt_id=1407374883553281 tid=72611  tipo=ompt_thread_worker     cpu=214 numa=1  d_rm=    2876  d_instr=1361692782  d_cyc= 374165426  d_all= 8817060  IPC=3.639  ratio_rm=0.0003
[OMPT][WIN100ms] ompt_id=1970324836974593 tid=72612  tipo=ompt_thread_worker     cpu=222 numa=1  d_rm=    3512  d_instr=1455673588  d_cyc= 374374400  d_all= 9426441  IPC=3.888  ratio_rm=0.0004
[OMPT][WIN100ms] ompt_id=2251799813685249 tid=72614  tipo=ompt_thread_worker     cpu=231 numa=1  d_rm=    3328  d_instr=1461913310  d_cyc= 373924998  d_all= 9455728  IPC=3.910  ratio_rm=0.0004
[OMPT][WIN100ms] ompt_id=1688849860263937 tid=72613  tipo=ompt_thread_worker     cpu= 24 numa=0  d_rm=    3103  d_instr=1422843121  d_cyc= 374432392  d_all= 9205383  IPC=3.800  ratio_rm=0.0003
[OMPT] implicit_task_end: parallel_id=0 thread_num=0
[OMPT] parallel_end: parallel_id=281474976710777
[OMPT] parallel_begin: parallel_id=281474976710779 team_size=8
[OMPT] implicit_task_end: parallel_id=0 thread_num=4
[OMPT] implicit_task_end: parallel_id=0 thread_num=5
[OMPT] implicit_task_end: parallel_id=0 thread_num=2
[OMPT] implicit_task_end: parallel_id=0 thread_num=1
[OMPT] implicit_task_begin: parallel_id=281474976710779 thread_num=2 team_size=8
[OMPT] implicit_task_end: parallel_id=0 thread_num=7
[OMPT] implicit_task_end: parallel_id=0 thread_num=3
[OMPT] implicit_task_begin: parallel_id=281474976710779 thread_num=0 team_size=8
[OMPT] implicit_task_begin: parallel_id=281474976710779 thread_num=3 team_size=8
[OMPT] implicit_task_begin: parallel_id=281474976710779 thread_num=4 team_size=8
[OMPT] implicit_task_begin: parallel_id=281474976710779 thread_num=5 team_size=8
[OMPT] implicit_task_begin: parallel_id=281474976710779 thread_num=1 team_size=8
[OMPT] implicit_task_end: parallel_id=0 thread_num=6
[OMPT] implicit_task_begin: parallel_id=281474976710779 thread_num=7 team_size=8
[OMPT] implicit_task_begin: parallel_id=281474976710779 thread_num=6 team_size=8
[OMPT][WIN100ms] ompt_id=281474976710657 tid=72606  tipo=ompt_thread_initial    cpu=255 numa=1  d_rm=    4663  d_instr=1350360788  d_cyc= 370608484  d_all= 8606564  IPC=3.644  ratio_rm=0.0005
[OMPT][WIN100ms] ompt_id=562949953421313 tid=72608  tipo=ompt_thread_worker     cpu=  1 numa=0  d_rm=    2900  d_instr=1357387987  d_cyc= 371044820  d_all= 8661594  IPC=3.658  ratio_rm=0.0003
[OMPT][WIN100ms] ompt_id=844424930131969 tid=72609  tipo=ompt_thread_worker     cpu= 73 numa=1  d_rm=    3163  d_instr=1352600790  d_cyc= 370899736  d_all= 8605279  IPC=3.647  ratio_rm=0.0004
[OMPT][WIN100ms] ompt_id=1125899906842625 tid=72610  tipo=ompt_thread_worker     cpu= 46 numa=0  d_rm=    3156  d_instr=1358345395  d_cyc= 370647604  d_all= 8649796  IPC=3.665  ratio_rm=0.0004
[OMPT][WIN100ms] ompt_id=1407374883553281 tid=72611  tipo=ompt_thread_worker     cpu=214 numa=1  d_rm=    3429  d_instr=1419875167  d_cyc= 373490889  d_all= 9200776  IPC=3.802  ratio_rm=0.0004
[OMPT][WIN100ms] ompt_id=1970324836974593 tid=72612  tipo=ompt_thread_worker     cpu=222 numa=1  d_rm=    3395  d_instr=1353653972  d_cyc= 370404443  d_all= 8603342  IPC=3.655  ratio_rm=0.0004
[OMPT][WIN100ms] ompt_id=2251799813685249 tid=72614  tipo=ompt_thread_worker     cpu=231 numa=1  d_rm=    6288  d_instr=1348602783  d_cyc= 370016793  d_all= 8567107  IPC=3.645  ratio_rm=0.0007
[OMPT][WIN100ms] ompt_id=1688849860263937 tid=72613  tipo=ompt_thread_worker     cpu= 24 numa=0  d_rm=    3166  d_instr=1363113801  d_cyc= 372569410  d_all= 8780241  IPC=3.659  ratio_rm=0.0004
[OMPT][WIN100ms] ompt_id=281474976710657 tid=72606  tipo=ompt_thread_initial    cpu=255 numa=1  d_rm=    3169  d_instr=1438028366  d_cyc= 374093587  d_all= 9318134  IPC=3.844  ratio_rm=0.0003
[OMPT][WIN100ms] ompt_id=562949953421313 tid=72608  tipo=ompt_thread_worker     cpu=  1 numa=0  d_rm=    3133  d_instr=1441905948  d_cyc= 374449884  d_all= 9345263  IPC=3.851  ratio_rm=0.0003
[OMPT][WIN100ms] ompt_id=844424930131969 tid=72609  tipo=ompt_thread_worker     cpu= 73 numa=1  d_rm=    3073  d_instr=1463395801  d_cyc= 374257579  d_all= 9482969  IPC=3.910  ratio_rm=0.0003
[OMPT][WIN100ms] ompt_id=1125899906842625 tid=72610  tipo=ompt_thread_worker     cpu= 46 numa=0  d_rm=    3437  d_instr=1455941689  d_cyc= 374306735  d_all= 9434339  IPC=3.890  ratio_rm=0.0004
[OMPT][WIN100ms] ompt_id=1407374883553281 tid=72611  tipo=ompt_thread_worker     cpu=214 numa=1  d_rm=    3246  d_instr=1456318489  d_cyc= 374173380  d_all= 9426435  IPC=3.892  ratio_rm=0.0003
[OMPT][WIN100ms] ompt_id=1970324836974593 tid=72612  tipo=ompt_thread_worker     cpu=222 numa=1  d_rm=    3862  d_instr=1433336471  d_cyc= 374361125  d_all= 9272905  IPC=3.829  ratio_rm=0.0004
[OMPT][WIN100ms] ompt_id=2251799813685249 tid=72614  tipo=ompt_thread_worker     cpu=231 numa=1  d_rm=    3319  d_instr=1463653943  d_cyc= 374223270  d_all= 9467034  IPC=3.911  ratio_rm=0.0004
[OMPT][WIN100ms] ompt_id=1688849860263937 tid=72613  tipo=ompt_thread_worker     cpu= 24 numa=0  d_rm=    3156  d_instr=1462300900  d_cyc= 374037146  d_all= 9458444  IPC=3.910  ratio_rm=0.0003
[OMPT] implicit_task_end: parallel_id=0 thread_num=0
[OMPT] parallel_end: parallel_id=281474976710779
[OMPT] parallel_begin: parallel_id=281474976710781 team_size=8
[OMPT] implicit_task_end: parallel_id=0 thread_num=4
[OMPT] implicit_task_end: parallel_id=0 thread_num=7
[OMPT] implicit_task_end: parallel_id=0 thread_num=3
[OMPT] implicit_task_end: parallel_id=0 thread_num=2
[OMPT] implicit_task_begin: parallel_id=281474976710781 thread_num=3 team_size=8
[OMPT] implicit_task_end: parallel_id=0 thread_num=6
[OMPT] implicit_task_begin: parallel_id=281474976710781 thread_num=2 team_size=8
[OMPT] implicit_task_begin: parallel_id=281474976710781 thread_num=6 team_size=8
[OMPT] implicit_task_end: parallel_id=0 thread_num=5
[OMPT] implicit_task_end: parallel_id=0 thread_num=1
[OMPT] implicit_task_begin: parallel_id=281474976710781 thread_num=5 team_size=8
[OMPT] implicit_task_begin: parallel_id=281474976710781 thread_num=0 team_size=8
[OMPT] implicit_task_begin: parallel_id=281474976710781 thread_num=4 team_size=8
[OMPT] implicit_task_begin: parallel_id=281474976710781 thread_num=7 team_size=8
[OMPT] implicit_task_begin: parallel_id=281474976710781 thread_num=1 team_size=8
[OMPT][WIN100ms] ompt_id=281474976710657 tid=72606  tipo=ompt_thread_initial    cpu=255 numa=1  d_rm=    4647  d_instr=1434826806  d_cyc= 373085903  d_all= 9280900  IPC=3.846  ratio_rm=0.0005
[OMPT][WIN100ms] ompt_id=562949953421313 tid=72608  tipo=ompt_thread_worker     cpu=  1 numa=0  d_rm=    3458  d_instr=1438546516  d_cyc= 373630891  d_all= 9324254  IPC=3.850  ratio_rm=0.0004
[OMPT][WIN100ms] ompt_id=844424930131969 tid=72609  tipo=ompt_thread_worker     cpu= 73 numa=1  d_rm=    3650  d_instr=1423061184  d_cyc= 372657994  d_all= 9168634  IPC=3.819  ratio_rm=0.0004
[OMPT][WIN100ms] ompt_id=1125899906842625 tid=72610  tipo=ompt_thread_worker     cpu= 46 numa=0  d_rm=    3846  d_instr=1421668273  d_cyc= 373147693  d_all= 9170099  IPC=3.810  ratio_rm=0.0004
[OMPT][WIN100ms] ompt_id=1407374883553281 tid=72611  tipo=ompt_thread_worker     cpu=214 numa=1  d_rm=    3570  d_instr=1415529321  d_cyc= 372654891  d_all= 9131012  IPC=3.798  ratio_rm=0.0004
[OMPT][WIN100ms] ompt_id=1970324836974593 tid=72612  tipo=ompt_thread_worker     cpu=222 numa=1  d_rm=    3937  d_instr=1438778083  d_cyc= 373482876  d_all= 9306561  IPC=3.852  ratio_rm=0.0004
[OMPT][WIN100ms] ompt_id=2251799813685249 tid=72614  tipo=ompt_thread_worker     cpu=231 numa=1  d_rm=    6715  d_instr=1413424228  d_cyc= 372832806  d_all= 9104988  IPC=3.791  ratio_rm=0.0007
[OMPT][WIN100ms] ompt_id=1688849860263937 tid=72613  tipo=ompt_thread_worker     cpu= 24 numa=0  d_rm=    3275  d_instr=1425083281  d_cyc= 372719379  d_all= 9186769  IPC=3.823  ratio_rm=0.0004
[OMPT][WIN100ms] ompt_id=281474976710657 tid=72606  tipo=ompt_thread_initial    cpu=255 numa=1  d_rm=    3211  d_instr=1456737748  d_cyc= 374023089  d_all= 9442114  IPC=3.895  ratio_rm=0.0003
[OMPT][WIN100ms] ompt_id=562949953421313 tid=72608  tipo=ompt_thread_worker     cpu=  1 numa=0  d_rm=    3322  d_instr=1439962199  d_cyc= 374494001  d_all= 9328873  IPC=3.845  ratio_rm=0.0004
[OMPT][WIN100ms] ompt_id=844424930131969 tid=72609  tipo=ompt_thread_worker     cpu= 73 numa=1  d_rm=    3499  d_instr=1457994278  d_cyc= 374284583  d_all= 9430481  IPC=3.895  ratio_rm=0.0004
[OMPT][WIN100ms] ompt_id=1125899906842625 tid=72610  tipo=ompt_thread_worker     cpu= 46 numa=0  d_rm=    3296  d_instr=1452908543  d_cyc= 374346667  d_all= 9397894  IPC=3.881  ratio_rm=0.0004
[OMPT][WIN100ms] ompt_id=1407374883553281 tid=72611  tipo=ompt_thread_worker     cpu=214 numa=1  d_rm=    3082  d_instr=1452213176  d_cyc= 374167711  d_all= 9393293  IPC=3.881  ratio_rm=0.0003
[OMPT][WIN100ms] ompt_id=1970324836974593 tid=72612  tipo=ompt_thread_worker     cpu=222 numa=1  d_rm=    3501  d_instr=1453152712  d_cyc= 374370072  d_all= 9399358  IPC=3.882  ratio_rm=0.0004
[OMPT][WIN100ms] ompt_id=2251799813685249 tid=72614  tipo=ompt_thread_worker     cpu=231 numa=1  d_rm=    3242  d_instr=1449929394  d_cyc= 374344241  d_all= 9379053  IPC=3.873  ratio_rm=0.0003
[OMPT][WIN100ms] ompt_id=1688849860263937 tid=72613  tipo=ompt_thread_worker     cpu= 24 numa=0  d_rm=    3367  d_instr=1461208919  d_cyc= 374055966  d_all= 9451537  IPC=3.906  ratio_rm=0.0004
[OMPT] implicit_task_end: parallel_id=0 thread_num=0
[OMPT] parallel_end: parallel_id=281474976710781
[OMPT] parallel_begin: parallel_id=281474976710783 team_size=8
[OMPT] implicit_task_end: parallel_id=0 thread_num=4
[OMPT] implicit_task_end: parallel_id=0 thread_num=7
[OMPT] implicit_task_end: parallel_id=0 thread_num=3
[OMPT] implicit_task_end: parallel_id=0 thread_num=2
[OMPT] implicit_task_begin: parallel_id=281474976710783 thread_num=3 team_size=8
[OMPT] implicit_task_end: parallel_id=0 thread_num=6
[OMPT] implicit_task_begin: parallel_id=281474976710783 thread_num=2 team_size=8
[OMPT] implicit_task_begin: parallel_id=281474976710783 thread_num=6 team_size=8
[OMPT] implicit_task_end: parallel_id=0 thread_num=5
[OMPT] implicit_task_end: parallel_id=0 thread_num=1
[OMPT] implicit_task_begin: parallel_id=281474976710783 thread_num=5 team_size=8
[OMPT] implicit_task_begin: parallel_id=281474976710783 thread_num=0 team_size=8
[OMPT] implicit_task_begin: parallel_id=281474976710783 thread_num=4 team_size=8
[OMPT] implicit_task_begin: parallel_id=281474976710783 thread_num=1 team_size=8
[OMPT] implicit_task_begin: parallel_id=281474976710783 thread_num=7 team_size=8
[OMPT][WIN100ms] ompt_id=281474976710657 tid=72606  tipo=ompt_thread_initial    cpu=255 numa=1  d_rm=    4379  d_instr=1397764445  d_cyc= 372004620  d_all= 8983669  IPC=3.757  ratio_rm=0.0005
[OMPT][WIN100ms] ompt_id=562949953421313 tid=72608  tipo=ompt_thread_worker     cpu=  1 numa=0  d_rm=    3508  d_instr=1400637226  d_cyc= 373572663  d_all= 9076570  IPC=3.749  ratio_rm=0.0004
[OMPT][WIN100ms] ompt_id=844424930131969 tid=72609  tipo=ompt_thread_worker     cpu= 73 numa=1  d_rm=    3129  d_instr=1400483521  d_cyc= 372015390  d_all= 8983929  IPC=3.765  ratio_rm=0.0003
[OMPT][WIN100ms] ompt_id=1125899906842625 tid=72610  tipo=ompt_thread_worker     cpu= 46 numa=0  d_rm=    3748  d_instr=1410878683  d_cyc= 372653340  d_all= 9073667  IPC=3.786  ratio_rm=0.0004
[OMPT][WIN100ms] ompt_id=1407374883553281 tid=72611  tipo=ompt_thread_worker     cpu=214 numa=1  d_rm=    3640  d_instr=1405788647  d_cyc= 372172704  d_all= 9041194  IPC=3.777  ratio_rm=0.0004
[OMPT][WIN100ms] ompt_id=1970324836974593 tid=72612  tipo=ompt_thread_worker     cpu=222 numa=1  d_rm=    3471  d_instr=1401417337  d_cyc= 372384646  d_all= 9011462  IPC=3.763  ratio_rm=0.0004
[OMPT][WIN100ms] ompt_id=2251799813685249 tid=72614  tipo=ompt_thread_worker     cpu=231 numa=1  d_rm=    6605  d_instr=1412755766  d_cyc= 372261941  d_all= 9079379  IPC=3.795  ratio_rm=0.0007
[OMPT][WIN100ms] ompt_id=1688849860263937 tid=72613  tipo=ompt_thread_worker     cpu= 24 numa=0  d_rm=    3254  d_instr=1396196786  d_cyc= 371978277  d_all= 8956678  IPC=3.753  ratio_rm=0.0004
[OMPT][WIN100ms] ompt_id=281474976710657 tid=72606  tipo=ompt_thread_initial    cpu=255 numa=1  d_rm=    3194  d_instr=1450906644  d_cyc= 374093393  d_all= 9385096  IPC=3.878  ratio_rm=0.0003
[OMPT][WIN100ms] ompt_id=562949953421313 tid=72608  tipo=ompt_thread_worker     cpu=  1 numa=0  d_rm=    3221  d_instr=1441037391  d_cyc= 374484921  d_all= 9322144  IPC=3.848  ratio_rm=0.0003
[OMPT][WIN100ms] ompt_id=844424930131969 tid=72609  tipo=ompt_thread_worker     cpu= 73 numa=1  d_rm=    3051  d_instr=1462196723  d_cyc= 374291775  d_all= 9457230  IPC=3.907  ratio_rm=0.0003
[OMPT][WIN100ms] ompt_id=1125899906842625 tid=72610  tipo=ompt_thread_worker     cpu= 46 numa=0  d_rm=    3606  d_instr=1448474787  d_cyc= 374376560  d_all= 9369521  IPC=3.869  ratio_rm=0.0004
[OMPT][WIN100ms] ompt_id=1407374883553281 tid=72611  tipo=ompt_thread_worker     cpu=214 numa=1  d_rm=    3160  d_instr=1419489055  d_cyc= 374229649  d_all= 9183262  IPC=3.793  ratio_rm=0.0003
[OMPT][WIN100ms] ompt_id=1970324836974593 tid=72612  tipo=ompt_thread_worker     cpu=222 numa=1  d_rm=    3288  d_instr=1451116689  d_cyc= 374389807  d_all= 9386551  IPC=3.876  ratio_rm=0.0004
[OMPT][WIN100ms] ompt_id=2251799813685249 tid=72614  tipo=ompt_thread_worker     cpu=231 numa=1  d_rm=    3640  d_instr=1466335744  d_cyc= 374014239  d_all= 9484439  IPC=3.921  ratio_rm=0.0004
[OMPT][WIN100ms] ompt_id=1688849860263937 tid=72613  tipo=ompt_thread_worker     cpu= 24 numa=0  d_rm=    3241  d_instr=1435713705  d_cyc= 374471527  d_all= 9287858  IPC=3.834  ratio_rm=0.0003
[OMPT] implicit_task_end: parallel_id=0 thread_num=0
[OMPT] parallel_end: parallel_id=281474976710783
[OMPT] parallel_begin: parallel_id=281474976710785 team_size=8
[OMPT] implicit_task_end: parallel_id=0 thread_num=4
[OMPT] implicit_task_end: parallel_id=0 thread_num=5
[OMPT] implicit_task_end: parallel_id=0 thread_num=1
[OMPT] implicit_task_begin: parallel_id=281474976710785 thread_num=4 team_size=8
[OMPT] implicit_task_end: parallel_id=0 thread_num=2
[OMPT] implicit_task_end: parallel_id=0 thread_num=6
[OMPT] implicit_task_end: parallel_id=0 thread_num=3
[OMPT] implicit_task_begin: parallel_id=281474976710785 thread_num=3 team_size=8
[OMPT] implicit_task_begin: parallel_id=281474976710785 thread_num=0 team_size=8
[OMPT] implicit_task_end: parallel_id=0 thread_num=7
[OMPT] implicit_task_begin: parallel_id=281474976710785 thread_num=5 team_size=8
[OMPT] implicit_task_begin: parallel_id=281474976710785 thread_num=1 team_size=8
[OMPT] implicit_task_begin: parallel_id=281474976710785 thread_num=7 team_size=8
[OMPT] implicit_task_begin: parallel_id=281474976710785 thread_num=2 team_size=8
[OMPT] implicit_task_begin: parallel_id=281474976710785 thread_num=6 team_size=8
[OMPT][WIN100ms] ompt_id=281474976710657 tid=72606  tipo=ompt_thread_initial    cpu=255 numa=1  d_rm=    4282  d_instr=1409583891  d_cyc= 372444222  d_all= 9074886  IPC=3.785  ratio_rm=0.0005
[OMPT][WIN100ms] ompt_id=562949953421313 tid=72608  tipo=ompt_thread_worker     cpu=  1 numa=0  d_rm=    3072  d_instr=1419469802  d_cyc= 372735968  d_all= 9153126  IPC=3.808  ratio_rm=0.0003
[OMPT][WIN100ms] ompt_id=844424930131969 tid=72609  tipo=ompt_thread_worker     cpu= 73 numa=1  d_rm=    3485  d_instr=1402982064  d_cyc= 371547432  d_all= 9003968  IPC=3.776  ratio_rm=0.0004
[OMPT][WIN100ms] ompt_id=1125899906842625 tid=72610  tipo=ompt_thread_worker     cpu= 46 numa=0  d_rm=    3400  d_instr=1402614515  d_cyc= 372295433  d_all= 9019122  IPC=3.767  ratio_rm=0.0004
[OMPT][WIN100ms] ompt_id=1407374883553281 tid=72611  tipo=ompt_thread_worker     cpu=214 numa=1  d_rm=    3447  d_instr=1426652012  d_cyc= 373964810  d_all= 9237205  IPC=3.815  ratio_rm=0.0004
[OMPT][WIN100ms] ompt_id=1970324836974593 tid=72612  tipo=ompt_thread_worker     cpu=222 numa=1  d_rm=    3668  d_instr=1407760326  d_cyc= 372516120  d_all= 9059675  IPC=3.779  ratio_rm=0.0004
[OMPT][WIN100ms] ompt_id=2251799813685249 tid=72614  tipo=ompt_thread_worker     cpu=231 numa=1  d_rm=    6473  d_instr=1375431986  d_cyc= 371470875  d_all= 8808229  IPC=3.703  ratio_rm=0.0007
[OMPT][WIN100ms] ompt_id=1688849860263937 tid=72613  tipo=ompt_thread_worker     cpu= 24 numa=0  d_rm=    3293  d_instr=1423048446  d_cyc= 372376202  d_all= 9153099  IPC=3.822  ratio_rm=0.0004
[OMPT][WIN100ms] ompt_id=281474976710657 tid=72606  tipo=ompt_thread_initial    cpu=255 numa=1  d_rm=    3107  d_instr=1466968392  d_cyc= 374160915  d_all= 9487838  IPC=3.921  ratio_rm=0.0003
[OMPT][WIN100ms] ompt_id=562949953421313 tid=72608  tipo=ompt_thread_worker     cpu=  1 numa=0  d_rm=    3357  d_instr=1464080553  d_cyc= 374452140  d_all= 9469504  IPC=3.910  ratio_rm=0.0004
[OMPT][WIN100ms] ompt_id=844424930131969 tid=72609  tipo=ompt_thread_worker     cpu= 73 numa=1  d_rm=    3150  d_instr=1456003485  d_cyc= 373941043  d_all= 9418132  IPC=3.894  ratio_rm=0.0003
[OMPT][WIN100ms] ompt_id=1125899906842625 tid=72610  tipo=ompt_thread_worker     cpu= 46 numa=0  d_rm=    3372  d_instr=1455395085  d_cyc= 374308575  d_all= 9413100  IPC=3.888  ratio_rm=0.0004
[OMPT][WIN100ms] ompt_id=1407374883553281 tid=72611  tipo=ompt_thread_worker     cpu=214 numa=1  d_rm=    2998  d_instr=1419712082  d_cyc= 374151266  d_all= 9184607  IPC=3.794  ratio_rm=0.0003
[OMPT][WIN100ms] ompt_id=1970324836974593 tid=72612  tipo=ompt_thread_worker     cpu=222 numa=1  d_rm=    3658  d_instr=1457043872  d_cyc= 374356849  d_all= 9424306  IPC=3.892  ratio_rm=0.0004
[OMPT][WIN100ms] ompt_id=2251799813685249 tid=72614  tipo=ompt_thread_worker     cpu=231 numa=1  d_rm=    3375  d_instr=1399599128  d_cyc= 374336367  d_all= 9056370  IPC=3.739  ratio_rm=0.0004
[OMPT][WIN100ms] ompt_id=1688849860263937 tid=72613  tipo=ompt_thread_worker     cpu= 24 numa=0  d_rm=    3253  d_instr=1457822639  d_cyc= 374445891  d_all= 9430609  IPC=3.893  ratio_rm=0.0003
[OMPT] implicit_task_end: parallel_id=0 thread_num=0
[OMPT] parallel_end: parallel_id=281474976710785
[OMPT] parallel_begin: parallel_id=281474976710787 team_size=8
[OMPT] implicit_task_end: parallel_id=0 thread_num=4
[OMPT] implicit_task_end: parallel_id=0 thread_num=7
[OMPT] implicit_task_end: parallel_id=0 thread_num=2
[OMPT] implicit_task_end: parallel_id=0 thread_num=3
[OMPT] implicit_task_begin: parallel_id=281474976710787 thread_num=4 team_size=8
[OMPT] implicit_task_end: parallel_id=0 thread_num=6
[OMPT] implicit_task_begin: parallel_id=281474976710787 thread_num=3 team_size=8
[OMPT] implicit_task_begin: parallel_id=281474976710787 thread_num=6 team_size=8
[OMPT] implicit_task_begin: parallel_id=281474976710787 thread_num=0 team_size=8
[OMPT] implicit_task_end: parallel_id=0 thread_num=1
[OMPT] implicit_task_begin: parallel_id=281474976710787 thread_num=7 team_size=8
[OMPT] implicit_task_begin: parallel_id=281474976710787 thread_num=1 team_size=8
[OMPT] implicit_task_end: parallel_id=0 thread_num=5
[OMPT] implicit_task_begin: parallel_id=281474976710787 thread_num=2 team_size=8
[OMPT] implicit_task_begin: parallel_id=281474976710787 thread_num=5 team_size=8
[OMPT][WIN100ms] ompt_id=281474976710657 tid=72606  tipo=ompt_thread_initial    cpu=255 numa=1  d_rm=    4496  d_instr=1366449455  d_cyc= 371109833  d_all= 8727168  IPC=3.682  ratio_rm=0.0005
[OMPT][WIN100ms] ompt_id=562949953421313 tid=72608  tipo=ompt_thread_worker     cpu=  1 numa=0  d_rm=    3007  d_instr=1356645961  d_cyc= 371124681  d_all= 8655566  IPC=3.655  ratio_rm=0.0003
[OMPT][WIN100ms] ompt_id=844424930131969 tid=72609  tipo=ompt_thread_worker     cpu= 73 numa=1  d_rm=    3315  d_instr=1374817121  d_cyc= 371033726  d_all= 8781842  IPC=3.705  ratio_rm=0.0004
[OMPT][WIN100ms] ompt_id=1125899906842625 tid=72610  tipo=ompt_thread_worker     cpu= 46 numa=0  d_rm=    3061  d_instr=1376304734  d_cyc= 371893575  d_all= 8811703  IPC=3.701  ratio_rm=0.0003
[OMPT][WIN100ms] ompt_id=1407374883553281 tid=72611  tipo=ompt_thread_worker     cpu=214 numa=1  d_rm=    3252  d_instr=1411619443  d_cyc= 373088782  d_all= 9102112  IPC=3.784  ratio_rm=0.0004
[OMPT][WIN100ms] ompt_id=1970324836974593 tid=72612  tipo=ompt_thread_worker     cpu=222 numa=1  d_rm=    3512  d_instr=1371552452  d_cyc= 371471480  d_all= 8770427  IPC=3.692  ratio_rm=0.0004
[OMPT][WIN100ms] ompt_id=2251799813685249 tid=72614  tipo=ompt_thread_worker     cpu=231 numa=1  d_rm=    6768  d_instr=1400008720  d_cyc= 374199656  d_all= 9064253  IPC=3.741  ratio_rm=0.0007
[OMPT][WIN100ms] ompt_id=1688849860263937 tid=72613  tipo=ompt_thread_worker     cpu= 24 numa=0  d_rm=    3247  d_instr=1375852779  d_cyc= 371873347  d_all= 8786214  IPC=3.700  ratio_rm=0.0004
[OMPT][WIN100ms] ompt_id=281474976710657 tid=72606  tipo=ompt_thread_initial    cpu=255 numa=1  d_rm=    3333  d_instr=1458753101  d_cyc= 374239123  d_all= 9435306  IPC=3.898  ratio_rm=0.0004
[OMPT][WIN100ms] ompt_id=562949953421313 tid=72608  tipo=ompt_thread_worker     cpu=  1 numa=0  d_rm=    3045  d_instr=1421346915  d_cyc= 374516222  d_all= 9195343  IPC=3.795  ratio_rm=0.0003
[OMPT][WIN100ms] ompt_id=844424930131969 tid=72609  tipo=ompt_thread_worker     cpu= 73 numa=1  d_rm=    3477  d_instr=1467247524  d_cyc= 374332828  d_all= 9489963  IPC=3.920  ratio_rm=0.0004
[OMPT][WIN100ms] ompt_id=1125899906842625 tid=72610  tipo=ompt_thread_worker     cpu= 46 numa=0  d_rm=    3512  d_instr=1454674789  d_cyc= 374360617  d_all= 9409122  IPC=3.886  ratio_rm=0.0004
[OMPT][WIN100ms] ompt_id=1407374883553281 tid=72611  tipo=ompt_thread_worker     cpu=214 numa=1  d_rm=    3192  d_instr=1440014849  d_cyc= 373871180  d_all= 9315079  IPC=3.852  ratio_rm=0.0003
[OMPT][WIN100ms] ompt_id=1970324836974593 tid=72612  tipo=ompt_thread_worker     cpu=222 numa=1  d_rm=    3295  d_instr=1449800963  d_cyc= 374431838  d_all= 9387048  IPC=3.872  ratio_rm=0.0004
[OMPT][WIN100ms] ompt_id=2251799813685249 tid=72614  tipo=ompt_thread_worker     cpu=231 numa=1  d_rm=    3297  d_instr=1425305473  d_cyc= 374428525  d_all= 9235833  IPC=3.807  ratio_rm=0.0004
[OMPT][WIN100ms] ompt_id=1688849860263937 tid=72613  tipo=ompt_thread_worker     cpu= 24 numa=0  d_rm=    2959  d_instr=1455702838  d_cyc= 374419520  d_all= 9434747  IPC=3.888  ratio_rm=0.0003
[OMPT] implicit_task_end: parallel_id=0 thread_num=0
[OMPT] parallel_end: parallel_id=281474976710787
[OMPT] parallel_begin: parallel_id=281474976710789 team_size=8
[OMPT] implicit_task_end: parallel_id=0 thread_num=3
[OMPT] implicit_task_begin: parallel_id=281474976710789 thread_num=0 team_size=8
[OMPT] implicit_task_end: parallel_id=0 thread_num=4
[OMPT] implicit_task_end: parallel_id=0 thread_num=5
[OMPT] implicit_task_begin: parallel_id=281474976710789 thread_num=4 team_size=8
[OMPT] implicit_task_end: parallel_id=0 thread_num=2
[OMPT] implicit_task_begin: parallel_id=281474976710789 thread_num=5 team_size=8
[OMPT] implicit_task_begin: parallel_id=281474976710789 thread_num=3 team_size=8
[OMPT] implicit_task_begin: parallel_id=281474976710789 thread_num=2 team_size=8
[OMPT] implicit_task_end: parallel_id=0 thread_num=7
[OMPT] implicit_task_end: parallel_id=0 thread_num=1
[OMPT] implicit_task_end: parallel_id=0 thread_num=6
[OMPT] implicit_task_begin: parallel_id=281474976710789 thread_num=7 team_size=8
[OMPT] implicit_task_begin: parallel_id=281474976710789 thread_num=1 team_size=8
[OMPT] implicit_task_begin: parallel_id=281474976710789 thread_num=6 team_size=8
[OMPT][WIN100ms] ompt_id=281474976710657 tid=72606  tipo=ompt_thread_initial    cpu=255 numa=1  d_rm=    4351  d_instr=1396916570  d_cyc= 372531060  d_all= 8979361  IPC=3.750  ratio_rm=0.0005
[OMPT][WIN100ms] ompt_id=562949953421313 tid=72608  tipo=ompt_thread_worker     cpu=  1 numa=0  d_rm=    3200  d_instr=1437020240  d_cyc= 372990760  d_all= 9294870  IPC=3.853  ratio_rm=0.0003
[OMPT][WIN100ms] ompt_id=844424930131969 tid=72609  tipo=ompt_thread_worker     cpu= 73 numa=1  d_rm=    3271  d_instr=1387613484  d_cyc= 371824123  d_all= 8887832  IPC=3.732  ratio_rm=0.0004
[OMPT][WIN100ms] ompt_id=1125899906842625 tid=72610  tipo=ompt_thread_worker     cpu= 46 numa=0  d_rm=    3383  d_instr=1406912184  d_cyc= 372404842  d_all= 9038500  IPC=3.778  ratio_rm=0.0004
[OMPT][WIN100ms] ompt_id=1407374883553281 tid=72611  tipo=ompt_thread_worker     cpu=214 numa=1  d_rm=    3266  d_instr=1412931806  d_cyc= 372551580  d_all= 9084448  IPC=3.793  ratio_rm=0.0004
[OMPT][WIN100ms] ompt_id=1970324836974593 tid=72612  tipo=ompt_thread_worker     cpu=222 numa=1  d_rm=    3479  d_instr=1408470245  d_cyc= 372827830  d_all= 9059935  IPC=3.778  ratio_rm=0.0004
[OMPT][WIN100ms] ompt_id=2251799813685249 tid=72614  tipo=ompt_thread_worker     cpu=231 numa=1  d_rm=    6692  d_instr=1446144140  d_cyc= 373822839  d_all= 9362686  IPC=3.869  ratio_rm=0.0007
[OMPT][WIN100ms] ompt_id=1688849860263937 tid=72613  tipo=ompt_thread_worker     cpu= 24 numa=0  d_rm=    2965  d_instr=1369067907  d_cyc= 371953816  d_all= 8769775  IPC=3.681  ratio_rm=0.0003
[OMPT][WIN100ms] ompt_id=281474976710657 tid=72606  tipo=ompt_thread_initial    cpu=255 numa=1  d_rm=    3083  d_instr=1466548826  d_cyc= 374163569  d_all= 9485413  IPC=3.920  ratio_rm=0.0003
[OMPT][WIN100ms] ompt_id=562949953421313 tid=72608  tipo=ompt_thread_worker     cpu=  1 numa=0  d_rm=    2860  d_instr=1444624689  d_cyc= 374022127  d_all= 9345101  IPC=3.862  ratio_rm=0.0003
[OMPT][WIN100ms] ompt_id=844424930131969 tid=72609  tipo=ompt_thread_worker     cpu= 73 numa=1  d_rm=    3050  d_instr=1459128533  d_cyc= 374229477  d_all= 9437505  IPC=3.899  ratio_rm=0.0003
[OMPT][WIN100ms] ompt_id=1125899906842625 tid=72610  tipo=ompt_thread_worker     cpu= 46 numa=0  d_rm=    3313  d_instr=1449777252  d_cyc= 374292338  d_all= 9389806  IPC=3.873  ratio_rm=0.0004
[OMPT][WIN100ms] ompt_id=1407374883553281 tid=72611  tipo=ompt_thread_worker     cpu=214 numa=1  d_rm=    3040  d_instr=1417746705  d_cyc= 374150301  d_all= 9187078  IPC=3.789  ratio_rm=0.0003
[OMPT][WIN100ms] ompt_id=1970324836974593 tid=72612  tipo=ompt_thread_worker     cpu=222 numa=1  d_rm=    3507  d_instr=1449260973  d_cyc= 374132064  d_all= 9388889  IPC=3.874  ratio_rm=0.0004
[OMPT][WIN100ms] ompt_id=2251799813685249 tid=72614  tipo=ompt_thread_worker     cpu=231 numa=1  d_rm=    3310  d_instr=1376238462  d_cyc= 374050605  d_all= 8916054  IPC=3.679  ratio_rm=0.0004
[OMPT][WIN100ms] ompt_id=1688849860263937 tid=72613  tipo=ompt_thread_worker     cpu= 24 numa=0  d_rm=    2951  d_instr=1436488302  d_cyc= 374325663  d_all= 9312024  IPC=3.838  ratio_rm=0.0003
[OMPT] implicit_task_end: parallel_id=0 thread_num=0
[OMPT] parallel_end: parallel_id=281474976710789
[OMPT] parallel_begin: parallel_id=281474976710791 team_size=8
[OMPT] implicit_task_end: parallel_id=0 thread_num=4
[OMPT] implicit_task_end: parallel_id=0 thread_num=7
[OMPT] implicit_task_begin: parallel_id=281474976710791 thread_num=0 team_size=8
[OMPT] implicit_task_end: parallel_id=0 thread_num=1
[OMPT] implicit_task_begin: parallel_id=281474976710791 thread_num=4 team_size=8
[OMPT] implicit_task_end: parallel_id=0 thread_num=2
[OMPT] implicit_task_end: parallel_id=0 thread_num=6
[OMPT] implicit_task_begin: parallel_id=281474976710791 thread_num=6 team_size=8
[OMPT] implicit_task_end: parallel_id=0 thread_num=5
[OMPT] implicit_task_end: parallel_id=0 thread_num=3
[OMPT] implicit_task_begin: parallel_id=281474976710791 thread_num=5 team_size=8
[OMPT] implicit_task_begin: parallel_id=281474976710791 thread_num=7 team_size=8
[OMPT] implicit_task_begin: parallel_id=281474976710791 thread_num=3 team_size=8
[OMPT] implicit_task_begin: parallel_id=281474976710791 thread_num=1 team_size=8
[OMPT] implicit_task_begin: parallel_id=281474976710791 thread_num=2 team_size=8
[OMPT][WIN100ms] ompt_id=281474976710657 tid=72606  tipo=ompt_thread_initial    cpu=255 numa=1  d_rm=    4448  d_instr=1372385376  d_cyc= 371896362  d_all= 8789487  IPC=3.690  ratio_rm=0.0005
[OMPT][WIN100ms] ompt_id=562949953421313 tid=72608  tipo=ompt_thread_worker     cpu=  1 numa=0  d_rm=    3139  d_instr=1383502838  d_cyc= 371755613  d_all= 8877063  IPC=3.722  ratio_rm=0.0004
[OMPT][WIN100ms] ompt_id=844424930131969 tid=72609  tipo=ompt_thread_worker     cpu= 73 numa=1  d_rm=    3311  d_instr=1386605786  d_cyc= 371423789  d_all= 8881914  IPC=3.733  ratio_rm=0.0004
[OMPT][WIN100ms] ompt_id=1125899906842625 tid=72610  tipo=ompt_thread_worker     cpu= 46 numa=0  d_rm=    3487  d_instr=1387919027  d_cyc= 371539920  d_all= 8891425  IPC=3.736  ratio_rm=0.0004
[OMPT][WIN100ms] ompt_id=1407374883553281 tid=72611  tipo=ompt_thread_worker     cpu=214 numa=1  d_rm=    3576  d_instr=1426292891  d_cyc= 372381011  d_all= 9179840  IPC=3.830  ratio_rm=0.0004
[OMPT][WIN100ms] ompt_id=1970324836974593 tid=72612  tipo=ompt_thread_worker     cpu=222 numa=1  d_rm=    3492  d_instr=1395097793  d_cyc= 372038651  d_all= 8947828  IPC=3.750  ratio_rm=0.0004
[OMPT][WIN100ms] ompt_id=2251799813685249 tid=72614  tipo=ompt_thread_worker     cpu=231 numa=1  d_rm=    6692  d_instr=1444827847  d_cyc= 373771889  d_all= 9351613  IPC=3.866  ratio_rm=0.0007
[OMPT][WIN100ms] ompt_id=1688849860263937 tid=72613  tipo=ompt_thread_worker     cpu= 24 numa=0  d_rm=    3352  d_instr=1428170639  d_cyc= 373737897  d_all= 9235189  IPC=3.821  ratio_rm=0.0004
[OMPT][WIN100ms] ompt_id=281474976710657 tid=72606  tipo=ompt_thread_initial    cpu=255 numa=1  d_rm=    3298  d_instr=1458279875  d_cyc= 374173407  d_all= 9431954  IPC=3.897  ratio_rm=0.0003
[OMPT][WIN100ms] ompt_id=562949953421313 tid=72608  tipo=ompt_thread_worker     cpu=  1 numa=0  d_rm=    3085  d_instr=1430577395  d_cyc= 374505895  d_all= 9254296  IPC=3.820  ratio_rm=0.0003
[OMPT][WIN100ms] ompt_id=844424930131969 tid=72609  tipo=ompt_thread_worker     cpu= 73 numa=1  d_rm=    3196  d_instr=1462395224  d_cyc= 374271481  d_all= 9476307  IPC=3.907  ratio_rm=0.0003
[OMPT][WIN100ms] ompt_id=1125899906842625 tid=72610  tipo=ompt_thread_worker     cpu= 46 numa=0  d_rm=    3232  d_instr=1445944498  d_cyc= 374395288  d_all= 9367559  IPC=3.862  ratio_rm=0.0003
[OMPT][WIN100ms] ompt_id=1407374883553281 tid=72611  tipo=ompt_thread_worker     cpu=214 numa=1  d_rm=    3204  d_instr=1450388225  d_cyc= 373896531  d_all= 9401703  IPC=3.879  ratio_rm=0.0003
[OMPT][WIN100ms] ompt_id=1970324836974593 tid=72612  tipo=ompt_thread_worker     cpu=222 numa=1  d_rm=    3357  d_instr=1459773947  d_cyc= 374249882  d_all= 9462888  IPC=3.901  ratio_rm=0.0004
[OMPT][WIN100ms] ompt_id=2251799813685249 tid=72614  tipo=ompt_thread_worker     cpu=231 numa=1  d_rm=    3372  d_instr=1444714876  d_cyc= 374236284  d_all= 9366134  IPC=3.860  ratio_rm=0.0004
[OMPT][WIN100ms] ompt_id=1688849860263937 tid=72613  tipo=ompt_thread_worker     cpu= 24 numa=0  d_rm=    3216  d_instr=1448784901  d_cyc= 374339793  d_all= 9390889  IPC=3.870  ratio_rm=0.0003
[OMPT] implicit_task_end: parallel_id=0 thread_num=0
[OMPT] parallel_end: parallel_id=281474976710791
[OMPT] parallel_begin: parallel_id=281474976710793 team_size=8
[OMPT] implicit_task_end: parallel_id=0 thread_num=4
[OMPT] implicit_task_end: parallel_id=0 thread_num=7
[OMPT] implicit_task_end: parallel_id=0 thread_num=1
[OMPT] implicit_task_end: parallel_id=0 thread_num=2
[OMPT] implicit_task_end: parallel_id=0 thread_num=5
[OMPT] implicit_task_end: parallel_id=0 thread_num=6
[OMPT] implicit_task_begin: parallel_id=281474976710793 thread_num=5 team_size=8
[OMPT] implicit_task_end: parallel_id=0 thread_num=3
[OMPT] implicit_task_begin: parallel_id=281474976710793 thread_num=3 team_size=8
[OMPT] implicit_task_begin: parallel_id=281474976710793 thread_num=0 team_size=8
[OMPT] implicit_task_begin: parallel_id=281474976710793 thread_num=4 team_size=8
[OMPT] implicit_task_begin: parallel_id=281474976710793 thread_num=7 team_size=8
[OMPT] implicit_task_begin: parallel_id=281474976710793 thread_num=1 team_size=8
[OMPT] implicit_task_begin: parallel_id=281474976710793 thread_num=2 team_size=8
[OMPT] implicit_task_begin: parallel_id=281474976710793 thread_num=6 team_size=8
[OMPT][WIN100ms] ompt_id=281474976710657 tid=72606  tipo=ompt_thread_initial    cpu=255 numa=1  d_rm=    4287  d_instr=1424187517  d_cyc= 372633247  d_all= 9185698  IPC=3.822  ratio_rm=0.0005
[OMPT][WIN100ms] ompt_id=562949953421313 tid=72608  tipo=ompt_thread_worker     cpu=  1 numa=0  d_rm=    3195  d_instr=1444989378  d_cyc= 373539888  d_all= 9374599  IPC=3.868  ratio_rm=0.0003
[OMPT][WIN100ms] ompt_id=844424930131969 tid=72609  tipo=ompt_thread_worker     cpu= 73 numa=1  d_rm=    3334  d_instr=1421121203  d_cyc= 372332849  d_all= 9159111  IPC=3.817  ratio_rm=0.0004
[OMPT][WIN100ms] ompt_id=1125899906842625 tid=72610  tipo=ompt_thread_worker     cpu= 46 numa=0  d_rm=    3355  d_instr=1432950721  d_cyc= 373041194  d_all= 9264374  IPC=3.841  ratio_rm=0.0004
[OMPT][WIN100ms] ompt_id=1407374883553281 tid=72611  tipo=ompt_thread_worker     cpu=214 numa=1  d_rm=    3205  d_instr=1421964884  d_cyc= 372625992  d_all= 9169865  IPC=3.816  ratio_rm=0.0003
[OMPT][WIN100ms] ompt_id=1970324836974593 tid=72612  tipo=ompt_thread_worker     cpu=222 numa=1  d_rm=    3887  d_instr=1428072311  d_cyc= 372688010  d_all= 9209441  IPC=3.832  ratio_rm=0.0004
[OMPT][WIN100ms] ompt_id=2251799813685249 tid=72614  tipo=ompt_thread_worker     cpu=231 numa=1  d_rm=    7553  d_instr=1446390037  d_cyc= 373243661  d_all= 9341930  IPC=3.875  ratio_rm=0.0008
[OMPT][WIN100ms] ompt_id=1688849860263937 tid=72613  tipo=ompt_thread_worker     cpu= 24 numa=0  d_rm=    3457  d_instr=1420637805  d_cyc= 372749072  d_all= 9160478  IPC=3.811  ratio_rm=0.0004
[OMPT][WIN100ms] ompt_id=281474976710657 tid=72606  tipo=ompt_thread_initial    cpu=255 numa=1  d_rm=    3267  d_instr=1466339285  d_cyc= 374153453  d_all= 9504471  IPC=3.919  ratio_rm=0.0003
[OMPT][WIN100ms] ompt_id=562949953421313 tid=72608  tipo=ompt_thread_worker     cpu=  1 numa=0  d_rm=    3428  d_instr=1444527187  d_cyc= 374436344  d_all= 9358522  IPC=3.858  ratio_rm=0.0004
[OMPT][WIN100ms] ompt_id=844424930131969 tid=72609  tipo=ompt_thread_worker     cpu= 73 numa=1  d_rm=    3060  d_instr=1461464941  d_cyc= 373944238  d_all= 9467451  IPC=3.908  ratio_rm=0.0003
[OMPT][WIN100ms] ompt_id=1125899906842625 tid=72610  tipo=ompt_thread_worker     cpu= 46 numa=0  d_rm=    3270  d_instr=1457445616  d_cyc= 374339605  d_all= 9448726  IPC=3.893  ratio_rm=0.0003
[OMPT][WIN100ms] ompt_id=1407374883553281 tid=72611  tipo=ompt_thread_worker     cpu=214 numa=1  d_rm=    3133  d_instr=1444272358  d_cyc= 374232892  d_all= 9360795  IPC=3.859  ratio_rm=0.0003
[OMPT][WIN100ms] ompt_id=1970324836974593 tid=72612  tipo=ompt_thread_worker     cpu=222 numa=1  d_rm=    3450  d_instr=1453659491  d_cyc= 373950822  d_all= 9414652  IPC=3.887  ratio_rm=0.0004
[OMPT][WIN100ms] ompt_id=2251799813685249 tid=72614  tipo=ompt_thread_worker     cpu=231 numa=1  d_rm=    6814  d_instr=1457044002  d_cyc= 374224440  d_all= 9422967  IPC=3.894  ratio_rm=0.0007
[OMPT][WIN100ms] ompt_id=1688849860263937 tid=72613  tipo=ompt_thread_worker     cpu= 24 numa=0  d_rm=    2945  d_instr=1362287283  d_cyc= 374475567  d_all= 8820844  IPC=3.638  ratio_rm=0.0003
[OMPT] implicit_task_end: parallel_id=0 thread_num=0
[OMPT] parallel_end: parallel_id=281474976710793
[OMPT] parallel_begin: parallel_id=281474976710795 team_size=8
[OMPT] implicit_task_end: parallel_id=0 thread_num=4
[OMPT] implicit_task_end: parallel_id=0 thread_num=6
[OMPT] implicit_task_begin: parallel_id=281474976710795 thread_num=0 team_size=8
[OMPT] implicit_task_end: parallel_id=0 thread_num=2
[OMPT] implicit_task_begin: parallel_id=281474976710795 thread_num=4 team_size=8
[OMPT] implicit_task_begin: parallel_id=281474976710795 thread_num=6 team_size=8
[OMPT] implicit_task_end: parallel_id=0 thread_num=5
[OMPT] implicit_task_end: parallel_id=0 thread_num=7
[OMPT] implicit_task_begin: parallel_id=281474976710795 thread_num=5 team_size=8
[OMPT] implicit_task_end: parallel_id=0 thread_num=3
[OMPT] implicit_task_begin: parallel_id=281474976710795 thread_num=2 team_size=8
[OMPT] implicit_task_begin: parallel_id=281474976710795 thread_num=7 team_size=8
[OMPT] implicit_task_end: parallel_id=0 thread_num=1
[OMPT] implicit_task_begin: parallel_id=281474976710795 thread_num=1 team_size=8
[OMPT] implicit_task_begin: parallel_id=281474976710795 thread_num=3 team_size=8
[OMPT][WIN100ms] ompt_id=281474976710657 tid=72606  tipo=ompt_thread_initial    cpu=255 numa=1  d_rm=    4393  d_instr=1360611506  d_cyc= 371274674  d_all= 8675036  IPC=3.665  ratio_rm=0.0005
[OMPT][WIN100ms] ompt_id=562949953421313 tid=72608  tipo=ompt_thread_worker     cpu=  1 numa=0  d_rm=    3164  d_instr=1384718150  d_cyc= 371586179  d_all= 8863671  IPC=3.727  ratio_rm=0.0004
[OMPT][WIN100ms] ompt_id=844424930131969 tid=72609  tipo=ompt_thread_worker     cpu= 73 numa=1  d_rm=    3183  d_instr=1368372214  d_cyc= 370987140  d_all= 8718962  IPC=3.688  ratio_rm=0.0004
[OMPT][WIN100ms] ompt_id=1125899906842625 tid=72610  tipo=ompt_thread_worker     cpu= 46 numa=0  d_rm=    3166  d_instr=1368479331  d_cyc= 371067860  d_all= 8725120  IPC=3.688  ratio_rm=0.0004
[OMPT][WIN100ms] ompt_id=1407374883553281 tid=72611  tipo=ompt_thread_worker     cpu=214 numa=1  d_rm=    3606  d_instr=1369604437  d_cyc= 371676193  d_all= 8748697  IPC=3.685  ratio_rm=0.0004
[OMPT][WIN100ms] ompt_id=1970324836974593 tid=72612  tipo=ompt_thread_worker     cpu=222 numa=1  d_rm=    3598  d_instr=1367390211  d_cyc= 370825796  d_all= 8712107  IPC=3.687  ratio_rm=0.0004
[OMPT][WIN100ms] ompt_id=2251799813685249 tid=72614  tipo=ompt_thread_worker     cpu=231 numa=1  d_rm=    3178  d_instr=1334170709  d_cyc= 371088918  d_all= 8500015  IPC=3.595  ratio_rm=0.0004
[OMPT][WIN100ms] ompt_id=1688849860263937 tid=72613  tipo=ompt_thread_worker     cpu= 24 numa=0  d_rm=    3387  d_instr=1428908948  d_cyc= 374305260  d_all= 9261839  IPC=3.817  ratio_rm=0.0004
[OMPT] implicit_task_end: parallel_id=0 thread_num=0
[OMPT] parallel_end: parallel_id=281474976710795
[OMPT] parallel_begin: parallel_id=281474976710797 team_size=8
[OMPT] implicit_task_end: parallel_id=0 thread_num=2
[OMPT] implicit_task_end: parallel_id=0 thread_num=4
[OMPT] implicit_task_end: parallel_id=0 thread_num=7
[OMPT] implicit_task_end: parallel_id=0 thread_num=1
[OMPT] implicit_task_begin: parallel_id=281474976710797 thread_num=7 team_size=8
[OMPT] implicit_task_begin: parallel_id=281474976710797 thread_num=0 team_size=8
[OMPT] implicit_task_end: parallel_id=0 thread_num=5
[OMPT] implicit_task_begin: parallel_id=281474976710797 thread_num=2 team_size=8
[OMPT] implicit_task_end: parallel_id=0 thread_num=3
[OMPT] implicit_task_begin: parallel_id=281474976710797 thread_num=4 team_size=8
[OMPT] implicit_task_begin: parallel_id=281474976710797 thread_num=3 team_size=8
[OMPT] implicit_task_begin: parallel_id=281474976710797 thread_num=1 team_size=8
[OMPT] implicit_task_end: parallel_id=0 thread_num=6
[OMPT] implicit_task_begin: parallel_id=281474976710797 thread_num=5 team_size=8
[OMPT][WIN100ms] ompt_id=281474976710657 tid=72606  tipo=ompt_thread_initial    cpu=255 numa=1  d_rm=    3544  d_instr=1375433121  d_cyc= 371094873  d_all= 8777806  IPC=3.706  ratio_rm=0.0004
[OMPT][WIN100ms] ompt_id=562949953421313 tid=72608  tipo=ompt_thread_worker     cpu=  1 numa=0  d_rm=    3091  d_instr=1369888769  d_cyc= 371362679  d_all= 8757512  IPC=3.689  ratio_rm=0.0004
[OMPT][WIN100ms] ompt_id=844424930131969 tid=72609  tipo=ompt_thread_worker     cpu= 73 numa=1  d_rm=    3376  d_instr=1368662430  d_cyc= 371000634  d_all= 8727791  IPC=3.689  ratio_rm=0.0004
[OMPT][WIN100ms] ompt_id=1125899906842625 tid=72610  tipo=ompt_thread_worker     cpu= 46 numa=0  d_rm=    3392  d_instr=1368344082  d_cyc= 371144558  d_all= 8753563  IPC=3.687  ratio_rm=0.0004
[OMPT][WIN100ms] ompt_id=1407374883553281 tid=72611  tipo=ompt_thread_worker     cpu=214 numa=1  d_rm=    3578  d_instr=1372713130  d_cyc= 371479235  d_all= 8793762  IPC=3.695  ratio_rm=0.0004
[OMPT][WIN100ms] ompt_id=1970324836974593 tid=72612  tipo=ompt_thread_worker     cpu=222 numa=1  d_rm=    3674  d_instr=1367502029  d_cyc= 370727064  d_all= 8731523  IPC=3.689  ratio_rm=0.0004
[OMPT][WIN100ms] ompt_id=2251799813685249 tid=72614  tipo=ompt_thread_worker     cpu=231 numa=1  d_rm=    6298  d_instr=1382877153  d_cyc= 374105301  d_all= 8948397  IPC=3.696  ratio_rm=0.0007
[OMPT][WIN100ms] ompt_id=1688849860263937 tid=72613  tipo=ompt_thread_worker     cpu= 24 numa=0  d_rm=    3022  d_instr=1382543379  d_cyc= 371633245  d_all= 8844996  IPC=3.720  ratio_rm=0.0003
[OMPT] implicit_task_begin: parallel_id=281474976710797 thread_num=6 team_size=8
[OMPT][WIN100ms] ompt_id=281474976710657 tid=72606  tipo=ompt_thread_initial    cpu=255 numa=1  d_rm=    3880  d_instr=1451385801  d_cyc= 374034418  d_all= 9408782  IPC=3.880  ratio_rm=0.0004
[OMPT][WIN100ms] ompt_id=562949953421313 tid=72608  tipo=ompt_thread_worker     cpu=  1 numa=0  d_rm=    3054  d_instr=1455826736  d_cyc= 374341470  d_all= 9439950  IPC=3.889  ratio_rm=0.0003
[OMPT][WIN100ms] ompt_id=844424930131969 tid=72609  tipo=ompt_thread_worker     cpu= 73 numa=1  d_rm=    3062  d_instr=1456044229  d_cyc= 374210956  d_all= 9439585  IPC=3.891  ratio_rm=0.0003
[OMPT][WIN100ms] ompt_id=1125899906842625 tid=72610  tipo=ompt_thread_worker     cpu= 46 numa=0  d_rm=    3310  d_instr=1453074908  d_cyc= 374335769  d_all= 9416254  IPC=3.882  ratio_rm=0.0004
[OMPT][WIN100ms] ompt_id=1407374883553281 tid=72611  tipo=ompt_thread_worker     cpu=214 numa=1  d_rm=    3078  d_instr=1448185037  d_cyc= 374165553  d_all= 9382009  IPC=3.870  ratio_rm=0.0003
[OMPT][WIN100ms] ompt_id=1970324836974593 tid=72612  tipo=ompt_thread_worker     cpu=222 numa=1  d_rm=    3537  d_instr=1449259889  d_cyc= 374333190  d_all= 9389332  IPC=3.872  ratio_rm=0.0004
[OMPT][WIN100ms] ompt_id=2251799813685249 tid=72614  tipo=ompt_thread_worker     cpu=231 numa=1  d_rm=    3546  d_instr=1439085742  d_cyc= 373947694  d_all= 9309771  IPC=3.848  ratio_rm=0.0004
[OMPT][WIN100ms] ompt_id=1688849860263937 tid=72613  tipo=ompt_thread_worker     cpu= 24 numa=0  d_rm=    3058  d_instr=1446849952  d_cyc= 374423170  d_all= 9365651  IPC=3.864  ratio_rm=0.0003
[OMPT] implicit_task_end: parallel_id=0 thread_num=0
[OMPT] parallel_end: parallel_id=281474976710797
[OMPT] parallel_begin: parallel_id=281474976710799 team_size=8
[OMPT] implicit_task_end: parallel_id=0 thread_num=4
[OMPT] implicit_task_end: parallel_id=0 thread_num=5
[OMPT] implicit_task_end: parallel_id=0 thread_num=2
[OMPT] implicit_task_begin: parallel_id=281474976710799 thread_num=5 team_size=8
[OMPT] implicit_task_end: parallel_id=0 thread_num=6
[OMPT] implicit_task_begin: parallel_id=281474976710799 thread_num=6 team_size=8
[OMPT] implicit_task_end: parallel_id=0 thread_num=7
[OMPT] implicit_task_begin: parallel_id=281474976710799 thread_num=0 team_size=8
[OMPT] implicit_task_end: parallel_id=0 thread_num=3
[OMPT] implicit_task_begin: parallel_id=281474976710799 thread_num=3 team_size=8
[OMPT] implicit_task_end: parallel_id=0 thread_num=1
[OMPT] implicit_task_begin: parallel_id=281474976710799 thread_num=1 team_size=8
[OMPT] implicit_task_begin: parallel_id=281474976710799 thread_num=2 team_size=8
[OMPT] implicit_task_begin: parallel_id=281474976710799 thread_num=7 team_size=8
[OMPT] implicit_task_begin: parallel_id=281474976710799 thread_num=4 team_size=8
[OMPT][WIN100ms] ompt_id=281474976710657 tid=72606  tipo=ompt_thread_initial    cpu=255 numa=1  d_rm=    4448  d_instr=1381964475  d_cyc= 371896967  d_all= 8868387  IPC=3.716  ratio_rm=0.0005
[OMPT][WIN100ms] ompt_id=562949953421313 tid=72608  tipo=ompt_thread_worker     cpu=  1 numa=0  d_rm=    3120  d_instr=1381340457  d_cyc= 371753051  d_all= 8859295  IPC=3.716  ratio_rm=0.0004
[OMPT][WIN100ms] ompt_id=844424930131969 tid=72609  tipo=ompt_thread_worker     cpu= 73 numa=1  d_rm=    3190  d_instr=1384556171  d_cyc= 371290301  d_all= 8862104  IPC=3.729  ratio_rm=0.0004
[OMPT][WIN100ms] ompt_id=1125899906842625 tid=72610  tipo=ompt_thread_worker     cpu= 46 numa=0  d_rm=    3353  d_instr=1382342291  d_cyc= 371760025  d_all= 8868854  IPC=3.718  ratio_rm=0.0004
[OMPT][WIN100ms] ompt_id=1407374883553281 tid=72611  tipo=ompt_thread_worker     cpu=214 numa=1  d_rm=    3298  d_instr=1375535684  d_cyc= 373215226  d_all= 8908108  IPC=3.686  ratio_rm=0.0004
[OMPT][WIN100ms] ompt_id=1970324836974593 tid=72612  tipo=ompt_thread_worker     cpu=222 numa=1  d_rm=    3587  d_instr=1394294400  d_cyc= 372200970  d_all= 8931975  IPC=3.746  ratio_rm=0.0004
[OMPT][WIN100ms] ompt_id=2251799813685249 tid=72614  tipo=ompt_thread_worker     cpu=231 numa=1  d_rm=    6434  d_instr=1399073719  d_cyc= 371259769  d_all= 8960506  IPC=3.768  ratio_rm=0.0007
[OMPT][WIN100ms] ompt_id=1688849860263937 tid=72613  tipo=ompt_thread_worker     cpu= 24 numa=0  d_rm=    3462  d_instr=1394409579  d_cyc= 372407312  d_all= 8949246  IPC=3.744  ratio_rm=0.0004
[OMPT][WIN100ms] ompt_id=281474976710657 tid=72606  tipo=ompt_thread_initial    cpu=255 numa=1  d_rm=    3299  d_instr=1453327995  d_cyc= 373900783  d_all= 9420528  IPC=3.887  ratio_rm=0.0004
[OMPT][WIN100ms] ompt_id=562949953421313 tid=72608  tipo=ompt_thread_worker     cpu=  1 numa=0  d_rm=    3260  d_instr=1420751954  d_cyc= 374339670  d_all= 9210324  IPC=3.795  ratio_rm=0.0004
[OMPT][WIN100ms] ompt_id=844424930131969 tid=72609  tipo=ompt_thread_worker     cpu= 73 numa=1  d_rm=    3384  d_instr=1443545119  d_cyc= 373979094  d_all= 9351446  IPC=3.860  ratio_rm=0.0004
[OMPT][WIN100ms] ompt_id=1125899906842625 tid=72610  tipo=ompt_thread_worker     cpu= 46 numa=0  d_rm=    3474  d_instr=1448003023  d_cyc= 374354256  d_all= 9383960  IPC=3.868  ratio_rm=0.0004
[OMPT][WIN100ms] ompt_id=1407374883553281 tid=72611  tipo=ompt_thread_worker     cpu=214 numa=1  d_rm=    3043  d_instr=1455865575  d_cyc= 374178093  d_all= 9425955  IPC=3.891  ratio_rm=0.0003
[OMPT][WIN100ms] ompt_id=1970324836974593 tid=72612  tipo=ompt_thread_worker     cpu=222 numa=1  d_rm=    3438  d_instr=1462922650  d_cyc= 374334002  d_all= 9462021  IPC=3.908  ratio_rm=0.0004
[OMPT][WIN100ms] ompt_id=2251799813685249 tid=72614  tipo=ompt_thread_worker     cpu=231 numa=1  d_rm=    3999  d_instr=1444645246  d_cyc= 374354562  d_all= 9345506  IPC=3.859  ratio_rm=0.0004
[OMPT][WIN100ms] ompt_id=1688849860263937 tid=72613  tipo=ompt_thread_worker     cpu= 24 numa=0  d_rm=    3233  d_instr=1354536217  d_cyc= 374455453  d_all= 8768063  IPC=3.617  ratio_rm=0.0004
[OMPT] implicit_task_end: parallel_id=0 thread_num=0
[OMPT] parallel_end: parallel_id=281474976710799
[OMPT] parallel_begin: parallel_id=281474976710801 team_size=8
[OMPT] implicit_task_end: parallel_id=0 thread_num=4
[OMPT] implicit_task_end: parallel_id=0 thread_num=6
[OMPT] implicit_task_begin: parallel_id=281474976710801 thread_num=0 team_size=8
[OMPT] implicit_task_end: parallel_id=0 thread_num=2
[OMPT] implicit_task_begin: parallel_id=281474976710801 thread_num=6 team_size=8
[OMPT] implicit_task_end: parallel_id=0 thread_num=1
[OMPT] implicit_task_begin: parallel_id=281474976710801 thread_num=2 team_size=8
[OMPT] implicit_task_begin: parallel_id=281474976710801 thread_num=1 team_size=8
[OMPT] implicit_task_end: parallel_id=0 thread_num=7
[OMPT] implicit_task_end: parallel_id=0 thread_num=5
[OMPT] implicit_task_begin: parallel_id=281474976710801 thread_num=7 team_size=8
[OMPT] implicit_task_end: parallel_id=0 thread_num=3
[OMPT] implicit_task_begin: parallel_id=281474976710801 thread_num=5 team_size=8
[OMPT] implicit_task_begin: parallel_id=281474976710801 thread_num=4 team_size=8
[OMPT] implicit_task_begin: parallel_id=281474976710801 thread_num=3 team_size=8
[OMPT][WIN100ms] ompt_id=281474976710657 tid=72606  tipo=ompt_thread_initial    cpu=255 numa=1  d_rm=    4350  d_instr=1312819362  d_cyc= 369750043  d_all= 8284183  IPC=3.551  ratio_rm=0.0005
[OMPT][WIN100ms] ompt_id=562949953421313 tid=72608  tipo=ompt_thread_worker     cpu=  1 numa=0  d_rm=    3224  d_instr=1339912329  d_cyc= 370889453  d_all= 8512831  IPC=3.613  ratio_rm=0.0004
[OMPT][WIN100ms] ompt_id=844424930131969 tid=72609  tipo=ompt_thread_worker     cpu= 73 numa=1  d_rm=    2956  d_instr=1321490828  d_cyc= 369461880  d_all= 8351813  IPC=3.577  ratio_rm=0.0004
[OMPT][WIN100ms] ompt_id=1125899906842625 tid=72610  tipo=ompt_thread_worker     cpu= 46 numa=0  d_rm=    3085  d_instr=1316005516  d_cyc= 369656381  d_all= 8324626  IPC=3.560  ratio_rm=0.0004
[OMPT][WIN100ms] ompt_id=1407374883553281 tid=72611  tipo=ompt_thread_worker     cpu=214 numa=1  d_rm=    2969  d_instr=1309646367  d_cyc= 369503041  d_all= 8285456  IPC=3.544  ratio_rm=0.0004
[OMPT][WIN100ms] ompt_id=1970324836974593 tid=72612  tipo=ompt_thread_worker     cpu=222 numa=1  d_rm=    3251  d_instr=1301694020  d_cyc= 368962013  d_all= 8198849  IPC=3.528  ratio_rm=0.0004
[OMPT][WIN100ms] ompt_id=2251799813685249 tid=72614  tipo=ompt_thread_worker     cpu=231 numa=1  d_rm=    6268  d_instr=1317548070  d_cyc= 370036438  d_all= 8340662  IPC=3.561  ratio_rm=0.0008
[OMPT][WIN100ms] ompt_id=1688849860263937 tid=72613  tipo=ompt_thread_worker     cpu= 24 numa=0  d_rm=    3485  d_instr=1375849442  d_cyc= 374176496  d_all= 8909390  IPC=3.677  ratio_rm=0.0004
[OMPT][WIN100ms] ompt_id=281474976710657 tid=72606  tipo=ompt_thread_initial    cpu=255 numa=1  d_rm=    3361  d_instr=1450383526  d_cyc= 373737470  d_all= 9406454  IPC=3.881  ratio_rm=0.0004
[OMPT][WIN100ms] ompt_id=562949953421313 tid=72608  tipo=ompt_thread_worker     cpu=  1 numa=0  d_rm=    3093  d_instr=1443665562  d_cyc= 374367833  d_all= 9359429  IPC=3.856  ratio_rm=0.0003
[OMPT][WIN100ms] ompt_id=844424930131969 tid=72609  tipo=ompt_thread_worker     cpu= 73 numa=1  d_rm=    3172  d_instr=1460922504  d_cyc= 374222941  d_all= 9469959  IPC=3.904  ratio_rm=0.0003
[OMPT][WIN100ms] ompt_id=1125899906842625 tid=72610  tipo=ompt_thread_worker     cpu= 46 numa=0  d_rm=    3350  d_instr=1454427358  d_cyc= 374264310  d_all= 9421270  IPC=3.886  ratio_rm=0.0004
[OMPT][WIN100ms] ompt_id=1407374883553281 tid=72611  tipo=ompt_thread_worker     cpu=214 numa=1  d_rm=    3206  d_instr=1455256194  d_cyc= 374121590  d_all= 9412721  IPC=3.890  ratio_rm=0.0003
[OMPT][WIN100ms] ompt_id=1970324836974593 tid=72612  tipo=ompt_thread_worker     cpu=222 numa=1  d_rm=    3456  d_instr=1451829732  d_cyc= 374281100  d_all= 9391002  IPC=3.879  ratio_rm=0.0004
[OMPT][WIN100ms] ompt_id=2251799813685249 tid=72614  tipo=ompt_thread_worker     cpu=231 numa=1  d_rm=    3273  d_instr=1457078117  d_cyc= 374312273  d_all= 9424697  IPC=3.893  ratio_rm=0.0003
[OMPT][WIN100ms] ompt_id=1688849860263937 tid=72613  tipo=ompt_thread_worker     cpu= 24 numa=0  d_rm=    3099  d_instr=1452386987  d_cyc= 374454876  d_all= 9394047  IPC=3.879  ratio_rm=0.0003
[OMPT] implicit_task_end: parallel_id=0 thread_num=0
[OMPT] parallel_end: parallel_id=281474976710801
[OMPT] parallel_begin: parallel_id=281474976710803 team_size=8
[OMPT] implicit_task_end: parallel_id=0 thread_num=4
[OMPT] implicit_task_end: parallel_id=0 thread_num=7
[OMPT] implicit_task_end: parallel_id=0 thread_num=1
[OMPT] implicit_task_end: parallel_id=0 thread_num=2
[OMPT] implicit_task_end: parallel_id=0 thread_num=6
[OMPT] implicit_task_begin: parallel_id=281474976710803 thread_num=2 team_size=8
[OMPT] implicit_task_begin: parallel_id=281474976710803 thread_num=6 team_size=8
[OMPT] implicit_task_end: parallel_id=0 thread_num=5
[OMPT] implicit_task_end: parallel_id=0 thread_num=3
[OMPT] implicit_task_begin: parallel_id=281474976710803 thread_num=5 team_size=8
[OMPT] implicit_task_begin: parallel_id=281474976710803 thread_num=0 team_size=8
[OMPT] implicit_task_begin: parallel_id=281474976710803 thread_num=3 team_size=8
[OMPT] implicit_task_begin: parallel_id=281474976710803 thread_num=4 team_size=8
[OMPT] implicit_task_begin: parallel_id=281474976710803 thread_num=7 team_size=8
[OMPT] implicit_task_begin: parallel_id=281474976710803 thread_num=1 team_size=8
[OMPT][WIN100ms] ompt_id=281474976710657 tid=72606  tipo=ompt_thread_initial    cpu=255 numa=1  d_rm=    4623  d_instr=1437858430  d_cyc= 372560774  d_all= 9286324  IPC=3.859  ratio_rm=0.0005
[OMPT][WIN100ms] ompt_id=562949953421313 tid=72608  tipo=ompt_thread_worker     cpu=  1 numa=0  d_rm=    3359  d_instr=1446400033  d_cyc= 373336158  d_all= 9370736  IPC=3.874  ratio_rm=0.0004
[OMPT][WIN100ms] ompt_id=844424930131969 tid=72609  tipo=ompt_thread_worker     cpu= 73 numa=1  d_rm=    3448  d_instr=1433229560  d_cyc= 373013136  d_all= 9252484  IPC=3.842  ratio_rm=0.0004
[OMPT][WIN100ms] ompt_id=1125899906842625 tid=72610  tipo=ompt_thread_worker     cpu= 46 numa=0  d_rm=    3308  d_instr=1435607212  d_cyc= 373148638  d_all= 9281465  IPC=3.847  ratio_rm=0.0004
[OMPT][WIN100ms] ompt_id=1407374883553281 tid=72611  tipo=ompt_thread_worker     cpu=214 numa=1  d_rm=    3637  d_instr=1434604956  d_cyc= 372994346  d_all= 9271645  IPC=3.846  ratio_rm=0.0004
[OMPT][WIN100ms] ompt_id=1970324836974593 tid=72612  tipo=ompt_thread_worker     cpu=222 numa=1  d_rm=    3743  d_instr=1439725650  d_cyc= 373394881  d_all= 9306728  IPC=3.856  ratio_rm=0.0004
[OMPT][WIN100ms] ompt_id=2251799813685249 tid=72614  tipo=ompt_thread_worker     cpu=231 numa=1  d_rm=    6961  d_instr=1427906581  d_cyc= 373348777  d_all= 9231003  IPC=3.825  ratio_rm=0.0008
[OMPT][WIN100ms] ompt_id=1688849860263937 tid=72613  tipo=ompt_thread_worker     cpu= 24 numa=0  d_rm=    3065  d_instr=1438244999  d_cyc= 373848297  d_all= 9309834  IPC=3.847  ratio_rm=0.0003
[OMPT][WIN100ms] ompt_id=281474976710657 tid=72606  tipo=ompt_thread_initial    cpu=255 numa=1  d_rm=    3164  d_instr=1457123426  d_cyc= 374143917  d_all= 9441533  IPC=3.895  ratio_rm=0.0003
[OMPT][WIN100ms] ompt_id=562949953421313 tid=72608  tipo=ompt_thread_worker     cpu=  1 numa=0  d_rm=    3192  d_instr=1442621429  d_cyc= 374419488  d_all= 9338071  IPC=3.853  ratio_rm=0.0003
[OMPT][WIN100ms] ompt_id=844424930131969 tid=72609  tipo=ompt_thread_worker     cpu= 73 numa=1  d_rm=    3171  d_instr=1461254339  d_cyc= 373914514  d_all= 9451948  IPC=3.908  ratio_rm=0.0003
[OMPT][WIN100ms] ompt_id=1125899906842625 tid=72610  tipo=ompt_thread_worker     cpu= 46 numa=0  d_rm=    3455  d_instr=1449254841  d_cyc= 374314876  d_all= 9374693  IPC=3.872  ratio_rm=0.0004
[OMPT][WIN100ms] ompt_id=1407374883553281 tid=72611  tipo=ompt_thread_worker     cpu=214 numa=1  d_rm=    3137  d_instr=1437032930  d_cyc= 374164339  d_all= 9296215  IPC=3.841  ratio_rm=0.0003
[OMPT][WIN100ms] ompt_id=1970324836974593 tid=72612  tipo=ompt_thread_worker     cpu=222 numa=1  d_rm=    3361  d_instr=1432409138  d_cyc= 374262530  d_all= 9266267  IPC=3.827  ratio_rm=0.0004
[OMPT][WIN100ms] ompt_id=2251799813685249 tid=72614  tipo=ompt_thread_worker     cpu=231 numa=1  d_rm=    3355  d_instr=1433473788  d_cyc= 374286873  d_all= 9273522  IPC=3.830  ratio_rm=0.0004
[OMPT][WIN100ms] ompt_id=1688849860263937 tid=72613  tipo=ompt_thread_worker     cpu= 24 numa=0  d_rm=    2969  d_instr=1434043626  d_cyc= 374419277  d_all= 9277124  IPC=3.830  ratio_rm=0.0003
[OMPT] implicit_task_end: parallel_id=0 thread_num=0
[OMPT] parallel_end: parallel_id=281474976710803
[OMPT] parallel_begin: parallel_id=281474976710805 team_size=8
[OMPT] implicit_task_end: parallel_id=0 thread_num=4
[OMPT] implicit_task_end: parallel_id=0 thread_num=7
[OMPT] implicit_task_begin: parallel_id=281474976710805 thread_num=0 team_size=8
[OMPT] implicit_task_end: parallel_id=0 thread_num=3
[OMPT] implicit_task_begin: parallel_id=281474976710805 thread_num=4 team_size=8
[OMPT] implicit_task_end: parallel_id=0 thread_num=6
[OMPT] implicit_task_begin: parallel_id=281474976710805 thread_num=7 team_size=8
[OMPT] implicit_task_end: parallel_id=0 thread_num=5
[OMPT] implicit_task_end: parallel_id=0 thread_num=2
[OMPT] implicit_task_begin: parallel_id=281474976710805 thread_num=5 team_size=8
[OMPT] implicit_task_begin: parallel_id=281474976710805 thread_num=3 team_size=8
[OMPT] implicit_task_begin: parallel_id=281474976710805 thread_num=2 team_size=8
[OMPT] implicit_task_end: parallel_id=0 thread_num=1
[OMPT] implicit_task_begin: parallel_id=281474976710805 thread_num=1 team_size=8
[OMPT] implicit_task_begin: parallel_id=281474976710805 thread_num=6 team_size=8
[OMPT][WIN100ms] ompt_id=281474976710657 tid=72606  tipo=ompt_thread_initial    cpu=255 numa=1  d_rm=    4345  d_instr=1369632928  d_cyc= 371570850  d_all= 8755284  IPC=3.686  ratio_rm=0.0005
[OMPT][WIN100ms] ompt_id=562949953421313 tid=72608  tipo=ompt_thread_worker     cpu=  1 numa=0  d_rm=    3123  d_instr=1382118093  d_cyc= 371322360  d_all= 8843082  IPC=3.722  ratio_rm=0.0004
[OMPT][WIN100ms] ompt_id=844424930131969 tid=72609  tipo=ompt_thread_worker     cpu= 73 numa=1  d_rm=    3397  d_instr=1360456543  d_cyc= 370696410  d_all= 8679704  IPC=3.670  ratio_rm=0.0004
[OMPT][WIN100ms] ompt_id=1125899906842625 tid=72610  tipo=ompt_thread_worker     cpu= 46 numa=0  d_rm=    3343  d_instr=1379256629  d_cyc= 371649408  d_all= 8828919  IPC=3.711  ratio_rm=0.0004
[OMPT][WIN100ms] ompt_id=1407374883553281 tid=72611  tipo=ompt_thread_worker     cpu=214 numa=1  d_rm=    3209  d_instr=1386928774  d_cyc= 372333362  d_all= 8903372  IPC=3.725  ratio_rm=0.0004
[OMPT][WIN100ms] ompt_id=1970324836974593 tid=72612  tipo=ompt_thread_worker     cpu=222 numa=1  d_rm=    3360  d_instr=1391138281  d_cyc= 372024545  d_all= 8920138  IPC=3.739  ratio_rm=0.0004
[OMPT][WIN100ms] ompt_id=2251799813685249 tid=72614  tipo=ompt_thread_worker     cpu=231 numa=1  d_rm=    6455  d_instr=1396973750  d_cyc= 372282067  d_all= 8945546  IPC=3.752  ratio_rm=0.0007
[OMPT][WIN100ms] ompt_id=1688849860263937 tid=72613  tipo=ompt_thread_worker     cpu= 24 numa=0  d_rm=    3199  d_instr=1373297058  d_cyc= 373797467  d_all= 8893887  IPC=3.674  ratio_rm=0.0004
[OMPT][WIN100ms] ompt_id=281474976710657 tid=72606  tipo=ompt_thread_initial    cpu=255 numa=1  d_rm=    3299  d_instr=1458189698  d_cyc= 374164218  d_all= 9431669  IPC=3.897  ratio_rm=0.0003
[OMPT][WIN100ms] ompt_id=562949953421313 tid=72608  tipo=ompt_thread_worker     cpu=  1 numa=0  d_rm=    2882  d_instr=1430061542  d_cyc= 374488718  d_all= 9251403  IPC=3.819  ratio_rm=0.0003
[OMPT][WIN100ms] ompt_id=844424930131969 tid=72609  tipo=ompt_thread_worker     cpu= 73 numa=1  d_rm=    3198  d_instr=1462396994  d_cyc= 374356291  d_all= 9459152  IPC=3.906  ratio_rm=0.0003
[OMPT][WIN100ms] ompt_id=1125899906842625 tid=72610  tipo=ompt_thread_worker     cpu= 46 numa=0  d_rm=    3612  d_instr=1462675098  d_cyc= 374383220  d_all= 9460537  IPC=3.907  ratio_rm=0.0004
[OMPT][WIN100ms] ompt_id=1407374883553281 tid=72611  tipo=ompt_thread_worker     cpu=214 numa=1  d_rm=    3303  d_instr=1456186367  d_cyc= 373898115  d_all= 9419299  IPC=3.895  ratio_rm=0.0004
[OMPT][WIN100ms] ompt_id=1970324836974593 tid=72612  tipo=ompt_thread_worker     cpu=222 numa=1  d_rm=    3470  d_instr=1460207472  d_cyc= 374391174  d_all= 9444225  IPC=3.900  ratio_rm=0.0004
[OMPT][WIN100ms] ompt_id=2251799813685249 tid=72614  tipo=ompt_thread_worker     cpu=231 numa=1  d_rm=    3389  d_instr=1435136952  d_cyc= 374424869  d_all= 9284096  IPC=3.833  ratio_rm=0.0004
[OMPT][WIN100ms] ompt_id=1688849860263937 tid=72613  tipo=ompt_thread_worker     cpu= 24 numa=0  d_rm=    3001  d_instr=1433407831  d_cyc= 374402475  d_all= 9273148  IPC=3.829  ratio_rm=0.0003
[OMPT] implicit_task_end: parallel_id=0 thread_num=0
[OMPT] parallel_end: parallel_id=281474976710805
[OMPT] parallel_begin: parallel_id=281474976710807 team_size=8
[OMPT] implicit_task_end: parallel_id=0 thread_num=4
[OMPT] implicit_task_end: parallel_id=0 thread_num=7
[OMPT] implicit_task_begin: parallel_id=281474976710807 thread_num=4 team_size=8
[OMPT] implicit_task_end: parallel_id=0 thread_num=3
[OMPT] implicit_task_begin: parallel_id=281474976710807 thread_num=7 team_size=8
[OMPT] implicit_task_end: parallel_id=0 thread_num=6
[OMPT] implicit_task_begin: parallel_id=281474976710807 thread_num=6 team_size=8
[OMPT] implicit_task_end: parallel_id=0 thread_num=5
[OMPT] implicit_task_end: parallel_id=0 thread_num=1
[OMPT] implicit_task_begin: parallel_id=281474976710807 thread_num=5 team_size=8
[OMPT] implicit_task_begin: parallel_id=281474976710807 thread_num=0 team_size=8
[OMPT] implicit_task_end: parallel_id=0 thread_num=2
[OMPT] implicit_task_begin: parallel_id=281474976710807 thread_num=1 team_size=8
[OMPT] implicit_task_begin: parallel_id=281474976710807 thread_num=3 team_size=8
[OMPT] implicit_task_begin: parallel_id=281474976710807 thread_num=2 team_size=8
[OMPT][WIN100ms] ompt_id=281474976710657 tid=72606  tipo=ompt_thread_initial    cpu=255 numa=1  d_rm=    4649  d_instr=1422171241  d_cyc= 372751295  d_all= 9176815  IPC=3.815  ratio_rm=0.0005
[OMPT][WIN100ms] ompt_id=562949953421313 tid=72608  tipo=ompt_thread_worker     cpu=  1 numa=0  d_rm=    3154  d_instr=1433915711  d_cyc= 373569468  d_all= 9289732  IPC=3.838  ratio_rm=0.0003
[OMPT][WIN100ms] ompt_id=844424930131969 tid=72609  tipo=ompt_thread_worker     cpu= 73 numa=1  d_rm=    3450  d_instr=1431057622  d_cyc= 372403562  d_all= 9221435  IPC=3.843  ratio_rm=0.0004
[OMPT][WIN100ms] ompt_id=1125899906842625 tid=72610  tipo=ompt_thread_worker     cpu= 46 numa=0  d_rm=    3444  d_instr=1413089835  d_cyc= 372819103  d_all= 9122078  IPC=3.790  ratio_rm=0.0004
[OMPT][WIN100ms] ompt_id=1407374883553281 tid=72611  tipo=ompt_thread_worker     cpu=214 numa=1  d_rm=    3796  d_instr=1432201129  d_cyc= 372756045  d_all= 9223997  IPC=3.842  ratio_rm=0.0004
[OMPT][WIN100ms] ompt_id=1970324836974593 tid=72612  tipo=ompt_thread_worker     cpu=222 numa=1  d_rm=    3873  d_instr=1418896312  d_cyc= 373005889  d_all= 9147615  IPC=3.804  ratio_rm=0.0004
[OMPT][WIN100ms] ompt_id=2251799813685249 tid=72614  tipo=ompt_thread_worker     cpu=231 numa=1  d_rm=    6615  d_instr=1440921510  d_cyc= 373948986  d_all= 9308058  IPC=3.853  ratio_rm=0.0007
[OMPT][WIN100ms] ompt_id=1688849860263937 tid=72613  tipo=ompt_thread_worker     cpu= 24 numa=0  d_rm=    3249  d_instr=1447297983  d_cyc= 373773580  d_all= 9352891  IPC=3.872  ratio_rm=0.0003
[OMPT][WIN100ms] ompt_id=281474976710657 tid=72606  tipo=ompt_thread_initial    cpu=255 numa=1  d_rm=    3269  d_instr=1454487271  d_cyc= 374129143  d_all= 9407783  IPC=3.888  ratio_rm=0.0003
[OMPT][WIN100ms] ompt_id=562949953421313 tid=72608  tipo=ompt_thread_worker     cpu=  1 numa=0  d_rm=    3081  d_instr=1433411982  d_cyc= 374476178  d_all= 9272950  IPC=3.828  ratio_rm=0.0003
[OMPT][WIN100ms] ompt_id=844424930131969 tid=72609  tipo=ompt_thread_worker     cpu= 73 numa=1  d_rm=    2991  d_instr=1460619134  d_cyc= 374174125  d_all= 9447199  IPC=3.904  ratio_rm=0.0003
[OMPT][WIN100ms] ompt_id=1125899906842625 tid=72610  tipo=ompt_thread_worker     cpu= 46 numa=0  d_rm=    3321  d_instr=1445730883  d_cyc= 374245162  d_all= 9352172  IPC=3.863  ratio_rm=0.0004
[OMPT][WIN100ms] ompt_id=1407374883553281 tid=72611  tipo=ompt_thread_worker     cpu=214 numa=1  d_rm=    3515  d_instr=1453629710  d_cyc= 373724772  d_all= 9402626  IPC=3.890  ratio_rm=0.0004
[OMPT][WIN100ms] ompt_id=1970324836974593 tid=72612  tipo=ompt_thread_worker     cpu=222 numa=1  d_rm=    3639  d_instr=1430665808  d_cyc= 374332913  d_all= 9255096  IPC=3.822  ratio_rm=0.0004
[OMPT][WIN100ms] ompt_id=2251799813685249 tid=72614  tipo=ompt_thread_worker     cpu=231 numa=1  d_rm=    3430  d_instr=1433827694  d_cyc= 374250012  d_all= 9289320  IPC=3.831  ratio_rm=0.0004
[OMPT][WIN100ms] ompt_id=1688849860263937 tid=72613  tipo=ompt_thread_worker     cpu= 24 numa=0  d_rm=    3082  d_instr=1415533028  d_cyc= 374351624  d_all= 9158270  IPC=3.781  ratio_rm=0.0003
[OMPT] implicit_task_end: parallel_id=0 thread_num=0
[OMPT] parallel_end: parallel_id=281474976710807
[OMPT] parallel_begin: parallel_id=281474976710809 team_size=8
[OMPT] implicit_task_end: parallel_id=0 thread_num=4
[OMPT] implicit_task_end: parallel_id=0 thread_num=7
[OMPT] implicit_task_end: parallel_id=0 thread_num=2
[OMPT] implicit_task_begin: parallel_id=281474976710809 thread_num=4 team_size=8
[OMPT] implicit_task_end: parallel_id=0 thread_num=3
[OMPT] implicit_task_begin: parallel_id=281474976710809 thread_num=2 team_size=8
[OMPT] implicit_task_end: parallel_id=0 thread_num=6
[OMPT] implicit_task_begin: parallel_id=281474976710809 thread_num=7 team_size=8
[OMPT] implicit_task_end: parallel_id=0 thread_num=5
[OMPT] implicit_task_begin: parallel_id=281474976710809 thread_num=6 team_size=8
[OMPT] implicit_task_begin: parallel_id=281474976710809 thread_num=0 team_size=8
[OMPT] implicit_task_begin: parallel_id=281474976710809 thread_num=5 team_size=8
[OMPT] implicit_task_begin: parallel_id=281474976710809 thread_num=3 team_size=8
[OMPT] implicit_task_end: parallel_id=0 thread_num=1
[OMPT] implicit_task_begin: parallel_id=281474976710809 thread_num=1 team_size=8
[OMPT][WIN100ms] ompt_id=281474976710657 tid=72606  tipo=ompt_thread_initial    cpu=255 numa=1  d_rm=    4484  d_instr=1386723325  d_cyc= 371796726  d_all= 8898333  IPC=3.730  ratio_rm=0.0005
[OMPT][WIN100ms] ompt_id=562949953421313 tid=72608  tipo=ompt_thread_worker     cpu=  1 numa=0  d_rm=    3375  d_instr=1408709129  d_cyc= 373571358  d_all= 9128572  IPC=3.771  ratio_rm=0.0004
[OMPT][WIN100ms] ompt_id=844424930131969 tid=72609  tipo=ompt_thread_worker     cpu= 73 numa=1  d_rm=    3163  d_instr=1389369310  d_cyc= 372015848  d_all= 8901762  IPC=3.735  ratio_rm=0.0004
[OMPT][WIN100ms] ompt_id=1125899906842625 tid=72610  tipo=ompt_thread_worker     cpu= 46 numa=0  d_rm=    3379  d_instr=1403225380  d_cyc= 372312741  d_all= 9020247  IPC=3.769  ratio_rm=0.0004
[OMPT][WIN100ms] ompt_id=1407374883553281 tid=72611  tipo=ompt_thread_worker     cpu=214 numa=1  d_rm=    3178  d_instr=1390053405  d_cyc= 372159928  d_all= 8926458  IPC=3.735  ratio_rm=0.0004
[OMPT][WIN100ms] ompt_id=1970324836974593 tid=72612  tipo=ompt_thread_worker     cpu=222 numa=1  d_rm=    3716  d_instr=1415796320  d_cyc= 372970416  d_all= 9123594  IPC=3.796  ratio_rm=0.0004
[OMPT][WIN100ms] ompt_id=2251799813685249 tid=72614  tipo=ompt_thread_worker     cpu=231 numa=1  d_rm=    6369  d_instr=1404340114  d_cyc= 374206586  d_all= 9087397  IPC=3.753  ratio_rm=0.0007
[OMPT][WIN100ms] ompt_id=1688849860263937 tid=72613  tipo=ompt_thread_worker     cpu= 24 numa=0  d_rm=    3006  d_instr=1413186525  d_cyc= 373833771  d_all= 9142100  IPC=3.780  ratio_rm=0.0003
[OMPT][WIN100ms] ompt_id=281474976710657 tid=72606  tipo=ompt_thread_initial    cpu=255 numa=1  d_rm=    3271  d_instr=1455792242  d_cyc= 374002250  d_all= 9416485  IPC=3.892  ratio_rm=0.0003
[OMPT][WIN100ms] ompt_id=562949953421313 tid=72608  tipo=ompt_thread_worker     cpu=  1 numa=0  d_rm=    3050  d_instr=1453844299  d_cyc= 374474308  d_all= 9403833  IPC=3.882  ratio_rm=0.0003
[OMPT][WIN100ms] ompt_id=844424930131969 tid=72609  tipo=ompt_thread_worker     cpu= 73 numa=1  d_rm=    3388  d_instr=1468289968  d_cyc= 374245356  d_all= 9496269  IPC=3.923  ratio_rm=0.0004
[OMPT][WIN100ms] ompt_id=1125899906842625 tid=72610  tipo=ompt_thread_worker     cpu= 46 numa=0  d_rm=    3558  d_instr=1459736872  d_cyc= 374320106  d_all= 9441669  IPC=3.900  ratio_rm=0.0004
[OMPT][WIN100ms] ompt_id=1407374883553281 tid=72611  tipo=ompt_thread_worker     cpu=214 numa=1  d_rm=    3691  d_instr=1452993505  d_cyc= 373867268  d_all= 9405072  IPC=3.886  ratio_rm=0.0004
[OMPT][WIN100ms] ompt_id=1970324836974593 tid=72612  tipo=ompt_thread_worker     cpu=222 numa=1  d_rm=    3379  d_instr=1462453148  d_cyc= 374246610  d_all= 9476729  IPC=3.908  ratio_rm=0.0004
[OMPT][WIN100ms] ompt_id=2251799813685249 tid=72614  tipo=ompt_thread_worker     cpu=231 numa=1  d_rm=    3091  d_instr=1374269948  d_cyc= 374233767  d_all= 8900209  IPC=3.672  ratio_rm=0.0003
[OMPT][WIN100ms] ompt_id=1688849860263937 tid=72613  tipo=ompt_thread_worker     cpu= 24 numa=0  d_rm=    3093  d_instr=1381632453  d_cyc= 374330187  d_all= 8950198  IPC=3.691  ratio_rm=0.0003
[OMPT] implicit_task_end: parallel_id=0 thread_num=0
[OMPT] parallel_end: parallel_id=281474976710809
[OMPT] parallel_begin: parallel_id=281474976710811 team_size=8
[OMPT] implicit_task_end: parallel_id=0 thread_num=3
[OMPT] implicit_task_end: parallel_id=0 thread_num=2
[OMPT] implicit_task_begin: parallel_id=281474976710811 thread_num=3 team_size=8
[OMPT] implicit_task_end: parallel_id=0 thread_num=1
[OMPT] implicit_task_begin: parallel_id=281474976710811 thread_num=2 team_size=8
[OMPT] implicit_task_begin: parallel_id=281474976710811 thread_num=1 team_size=8
[OMPT] implicit_task_end: parallel_id=0 thread_num=4
[OMPT] implicit_task_end: parallel_id=0 thread_num=7
[OMPT] implicit_task_begin: parallel_id=281474976710811 thread_num=0 team_size=8
[OMPT] implicit_task_begin: parallel_id=281474976710811 thread_num=4 team_size=8
[OMPT] implicit_task_end: parallel_id=0 thread_num=6
[OMPT] implicit_task_end: parallel_id=0 thread_num=5
[OMPT] implicit_task_begin: parallel_id=281474976710811 thread_num=6 team_size=8
[OMPT] implicit_task_begin: parallel_id=281474976710811 thread_num=7 team_size=8
[OMPT] implicit_task_begin: parallel_id=281474976710811 thread_num=5 team_size=8
[OMPT][WIN100ms] ompt_id=281474976710657 tid=72606  tipo=ompt_thread_initial    cpu=255 numa=1  d_rm=    4582  d_instr=1354703595  d_cyc= 371045626  d_all= 8656765  IPC=3.651  ratio_rm=0.0005
[OMPT][WIN100ms] ompt_id=562949953421313 tid=72608  tipo=ompt_thread_worker     cpu=  1 numa=0  d_rm=    3017  d_instr=1361655366  d_cyc= 371288434  d_all= 8688993  IPC=3.667  ratio_rm=0.0003
[OMPT][WIN100ms] ompt_id=844424930131969 tid=72609  tipo=ompt_thread_worker     cpu= 73 numa=1  d_rm=    2953  d_instr=1343023074  d_cyc= 370442083  d_all= 8539889  IPC=3.625  ratio_rm=0.0003
[OMPT][WIN100ms] ompt_id=1125899906842625 tid=72610  tipo=ompt_thread_worker     cpu= 46 numa=0  d_rm=    3641  d_instr=1358343154  d_cyc= 371346089  d_all= 8663257  IPC=3.658  ratio_rm=0.0004
[OMPT][WIN100ms] ompt_id=1407374883553281 tid=72611  tipo=ompt_thread_worker     cpu=214 numa=1  d_rm=    3042  d_instr=1346716455  d_cyc= 370864615  d_all= 8583915  IPC=3.631  ratio_rm=0.0004
[OMPT][WIN100ms] ompt_id=1970324836974593 tid=72612  tipo=ompt_thread_worker     cpu=222 numa=1  d_rm=    3442  d_instr=1348950763  d_cyc= 370951133  d_all= 8581812  IPC=3.636  ratio_rm=0.0004
[OMPT][WIN100ms] ompt_id=2251799813685249 tid=72614  tipo=ompt_thread_worker     cpu=231 numa=1  d_rm=    6715  d_instr=1402718873  d_cyc= 374049423  d_all= 9079527  IPC=3.750  ratio_rm=0.0007
[OMPT][WIN100ms] ompt_id=1688849860263937 tid=72613  tipo=ompt_thread_worker     cpu= 24 numa=0  d_rm=    3169  d_instr=1417405432  d_cyc= 373844344  d_all= 9163401  IPC=3.791  ratio_rm=0.0003
[OMPT][WIN100ms] ompt_id=281474976710657 tid=72606  tipo=ompt_thread_initial    cpu=255 numa=1  d_rm=    3227  d_instr=1451133366  d_cyc= 374200614  d_all= 9385918  IPC=3.878  ratio_rm=0.0003
[OMPT][WIN100ms] ompt_id=562949953421313 tid=72608  tipo=ompt_thread_worker     cpu=  1 numa=0  d_rm=    3119  d_instr=1445688413  d_cyc= 374427971  d_all= 9351792  IPC=3.861  ratio_rm=0.0003
[OMPT][WIN100ms] ompt_id=844424930131969 tid=72609  tipo=ompt_thread_worker     cpu= 73 numa=1  d_rm=    3112  d_instr=1450111625  d_cyc= 373924897  d_all= 9380310  IPC=3.878  ratio_rm=0.0003
[OMPT][WIN100ms] ompt_id=1125899906842625 tid=72610  tipo=ompt_thread_worker     cpu= 46 numa=0  d_rm=    3145  d_instr=1440997488  d_cyc= 374360285  d_all= 9330445  IPC=3.849  ratio_rm=0.0003
[OMPT][WIN100ms] ompt_id=1407374883553281 tid=72611  tipo=ompt_thread_worker     cpu=214 numa=1  d_rm=    3070  d_instr=1429001522  d_cyc= 374109601  d_all= 9260051  IPC=3.820  ratio_rm=0.0003
[OMPT][WIN100ms] ompt_id=1970324836974593 tid=72612  tipo=ompt_thread_worker     cpu=222 numa=1  d_rm=    3539  d_instr=1460328963  d_cyc= 374244099  d_all= 9462124  IPC=3.902  ratio_rm=0.0004
[OMPT][WIN100ms] ompt_id=2251799813685249 tid=72614  tipo=ompt_thread_worker     cpu=231 numa=1  d_rm=    3232  d_instr=1430342771  d_cyc= 374224272  d_all= 9271041  IPC=3.822  ratio_rm=0.0003
[OMPT][WIN100ms] ompt_id=1688849860263937 tid=72613  tipo=ompt_thread_worker     cpu= 24 numa=0  d_rm=    3268  d_instr=1447814063  d_cyc= 374285142  d_all= 9385081  IPC=3.868  ratio_rm=0.0003
[OMPT] implicit_task_end: parallel_id=0 thread_num=0
[OMPT] parallel_end: parallel_id=281474976710811
[OMPT] parallel_begin: parallel_id=281474976710813 team_size=8
[OMPT] implicit_task_end: parallel_id=0 thread_num=4
[OMPT] implicit_task_end: parallel_id=0 thread_num=7
[OMPT] implicit_task_end: parallel_id=0 thread_num=3
[OMPT] implicit_task_end: parallel_id=0 thread_num=2
[OMPT] implicit_task_begin: parallel_id=281474976710813 thread_num=3 team_size=8
[OMPT] implicit_task_end: parallel_id=0 thread_num=6
[OMPT] implicit_task_begin: parallel_id=281474976710813 thread_num=2 team_size=8
[OMPT] implicit_task_begin: parallel_id=281474976710813 thread_num=6 team_size=8
[OMPT] implicit_task_end: parallel_id=0 thread_num=5
[OMPT] implicit_task_end: parallel_id=0 thread_num=1
[OMPT] implicit_task_begin: parallel_id=281474976710813 thread_num=5 team_size=8
[OMPT] implicit_task_begin: parallel_id=281474976710813 thread_num=0 team_size=8
[OMPT] implicit_task_begin: parallel_id=281474976710813 thread_num=4 team_size=8
[OMPT] implicit_task_begin: parallel_id=281474976710813 thread_num=1 team_size=8
[OMPT] implicit_task_begin: parallel_id=281474976710813 thread_num=7 team_size=8
[OMPT][WIN100ms] ompt_id=281474976710657 tid=72606  tipo=ompt_thread_initial    cpu=255 numa=1  d_rm=    4623  d_instr=1423475733  d_cyc= 372893325  d_all= 9203835  IPC=3.817  ratio_rm=0.0005
[OMPT][WIN100ms] ompt_id=562949953421313 tid=72608  tipo=ompt_thread_worker     cpu=  1 numa=0  d_rm=    3264  d_instr=1417786647  d_cyc= 372934690  d_all= 9157812  IPC=3.802  ratio_rm=0.0004
[OMPT][WIN100ms] ompt_id=844424930131969 tid=72609  tipo=ompt_thread_worker     cpu= 73 numa=1  d_rm=    3282  d_instr=1429854454  d_cyc= 372801620  d_all= 9226377  IPC=3.835  ratio_rm=0.0004
[OMPT][WIN100ms] ompt_id=1125899906842625 tid=72610  tipo=ompt_thread_worker     cpu= 46 numa=0  d_rm=    3493  d_instr=1428410253  d_cyc= 373426238  d_all= 9231729  IPC=3.825  ratio_rm=0.0004
[OMPT][WIN100ms] ompt_id=1407374883553281 tid=72611  tipo=ompt_thread_worker     cpu=214 numa=1  d_rm=    3340  d_instr=1456254434  d_cyc= 373526110  d_all= 9432279  IPC=3.899  ratio_rm=0.0004
[OMPT][WIN100ms] ompt_id=1970324836974593 tid=72612  tipo=ompt_thread_worker     cpu=222 numa=1  d_rm=    3513  d_instr=1416573027  d_cyc= 372901547  d_all= 9134329  IPC=3.799  ratio_rm=0.0004
[OMPT][WIN100ms] ompt_id=2251799813685249 tid=72614  tipo=ompt_thread_worker     cpu=231 numa=1  d_rm=    6803  d_instr=1456250858  d_cyc= 373285302  d_all= 9429772  IPC=3.901  ratio_rm=0.0007
[OMPT][WIN100ms] ompt_id=1688849860263937 tid=72613  tipo=ompt_thread_worker     cpu= 24 numa=0  d_rm=    3686  d_instr=1433788357  d_cyc= 373312974  d_all= 9248443  IPC=3.841  ratio_rm=0.0004
[OMPT][WIN100ms] ompt_id=281474976710657 tid=72606  tipo=ompt_thread_initial    cpu=255 numa=1  d_rm=    3229  d_instr=1460539281  d_cyc= 374336921  d_all= 9446688  IPC=3.902  ratio_rm=0.0003
[OMPT][WIN100ms] ompt_id=562949953421313 tid=72608  tipo=ompt_thread_worker     cpu=  1 numa=0  d_rm=    2915  d_instr=1445621763  d_cyc= 374635604  d_all= 9364997  IPC=3.859  ratio_rm=0.0003
[OMPT][WIN100ms] ompt_id=844424930131969 tid=72609  tipo=ompt_thread_worker     cpu= 73 numa=1  d_rm=    3145  d_instr=1459649673  d_cyc= 374415863  d_all= 9459512  IPC=3.898  ratio_rm=0.0003
[OMPT][WIN100ms] ompt_id=1125899906842625 tid=72610  tipo=ompt_thread_worker     cpu= 46 numa=0  d_rm=    3326  d_instr=1451710955  d_cyc= 374344099  d_all= 9411150  IPC=3.878  ratio_rm=0.0004
[OMPT][WIN100ms] ompt_id=1407374883553281 tid=72611  tipo=ompt_thread_worker     cpu=214 numa=1  d_rm=    4090  d_instr=1387537687  d_cyc= 374095459  d_all= 8992883  IPC=3.709  ratio_rm=0.0005
[OMPT][WIN100ms] ompt_id=1970324836974593 tid=72612  tipo=ompt_thread_worker     cpu=222 numa=1  d_rm=    3373  d_instr=1455797876  d_cyc= 374221959  d_all= 9439647  IPC=3.890  ratio_rm=0.0004
[OMPT][WIN100ms] ompt_id=2251799813685249 tid=72614  tipo=ompt_thread_worker     cpu=231 numa=1  d_rm=    3627  d_instr=1455343213  d_cyc= 373742051  d_all= 9430905  IPC=3.894  ratio_rm=0.0004
[OMPT][WIN100ms] ompt_id=1688849860263937 tid=72613  tipo=ompt_thread_worker     cpu= 24 numa=0  d_rm=    3146  d_instr=1435878146  d_cyc= 374400007  d_all= 9306414  IPC=3.835  ratio_rm=0.0003
[OMPT] implicit_task_end: parallel_id=0 thread_num=0
[OMPT] parallel_end: parallel_id=281474976710813
[OMPT] parallel_begin: parallel_id=281474976710815 team_size=8
[OMPT] implicit_task_end: parallel_id=0 thread_num=4
[OMPT] implicit_task_end: parallel_id=0 thread_num=7
[OMPT] implicit_task_begin: parallel_id=281474976710815 thread_num=0 team_size=8
[OMPT] implicit_task_end: parallel_id=0 thread_num=1
[OMPT] implicit_task_begin: parallel_id=281474976710815 thread_num=4 team_size=8
[OMPT] implicit_task_end: parallel_id=0 thread_num=2
[OMPT] implicit_task_begin: parallel_id=281474976710815 thread_num=1 team_size=8
[OMPT] implicit_task_end: parallel_id=0 thread_num=6
[OMPT] implicit_task_begin: parallel_id=281474976710815 thread_num=2 team_size=8
[OMPT] implicit_task_end: parallel_id=0 thread_num=3
[OMPT] implicit_task_begin: parallel_id=281474976710815 thread_num=3 team_size=8
[OMPT] implicit_task_end: parallel_id=0 thread_num=5
[OMPT] implicit_task_begin: parallel_id=281474976710815 thread_num=6 team_size=8
[OMPT] implicit_task_begin: parallel_id=281474976710815 thread_num=7 team_size=8
[OMPT] implicit_task_begin: parallel_id=281474976710815 thread_num=5 team_size=8
[OMPT][WIN100ms] ompt_id=281474976710657 tid=72606  tipo=ompt_thread_initial    cpu=255 numa=1  d_rm=    4419  d_instr=1387234902  d_cyc= 371988137  d_all= 8894127  IPC=3.729  ratio_rm=0.0005
[OMPT][WIN100ms] ompt_id=562949953421313 tid=72608  tipo=ompt_thread_worker     cpu=  1 numa=0  d_rm=    3311  d_instr=1414700355  d_cyc= 372901582  d_all= 9104784  IPC=3.794  ratio_rm=0.0004
[OMPT][WIN100ms] ompt_id=844424930131969 tid=72609  tipo=ompt_thread_worker     cpu= 73 numa=1  d_rm=    3094  d_instr=1382817115  d_cyc= 371440005  d_all= 8853737  IPC=3.723  ratio_rm=0.0003
[OMPT][WIN100ms] ompt_id=1125899906842625 tid=72610  tipo=ompt_thread_worker     cpu= 46 numa=0  d_rm=    3566  d_instr=1391539630  d_cyc= 371927353  d_all= 8925782  IPC=3.741  ratio_rm=0.0004
[OMPT][WIN100ms] ompt_id=1407374883553281 tid=72611  tipo=ompt_thread_worker     cpu=214 numa=1  d_rm=    3346  d_instr=1443793500  d_cyc= 374019953  d_all= 9358468  IPC=3.860  ratio_rm=0.0004
[OMPT][WIN100ms] ompt_id=1970324836974593 tid=72612  tipo=ompt_thread_worker     cpu=222 numa=1  d_rm=    3556  d_instr=1390246228  d_cyc= 371766373  d_all= 8910119  IPC=3.740  ratio_rm=0.0004
[OMPT][WIN100ms] ompt_id=2251799813685249 tid=72614  tipo=ompt_thread_worker     cpu=231 numa=1  d_rm=    6461  d_instr=1387338564  d_cyc= 371634523  d_all= 8872430  IPC=3.733  ratio_rm=0.0007
[OMPT][WIN100ms] ompt_id=1688849860263937 tid=72613  tipo=ompt_thread_worker     cpu= 24 numa=0  d_rm=    3111  d_instr=1377002028  d_cyc= 372237220  d_all= 8837092  IPC=3.699  ratio_rm=0.0004
[OMPT][WIN100ms] ompt_id=281474976710657 tid=72606  tipo=ompt_thread_initial    cpu=255 numa=1  d_rm=    3382  d_instr=1458588159  d_cyc= 374203664  d_all= 9455020  IPC=3.898  ratio_rm=0.0004
[OMPT][WIN100ms] ompt_id=562949953421313 tid=72608  tipo=ompt_thread_worker     cpu=  1 numa=0  d_rm=    3307  d_instr=1453485382  d_cyc= 374479933  d_all= 9417986  IPC=3.881  ratio_rm=0.0004
[OMPT][WIN100ms] ompt_id=844424930131969 tid=72609  tipo=ompt_thread_worker     cpu= 73 numa=1  d_rm=    3099  d_instr=1463582958  d_cyc= 373841308  d_all= 9485283  IPC=3.915  ratio_rm=0.0003
[OMPT][WIN100ms] ompt_id=1125899906842625 tid=72610  tipo=ompt_thread_worker     cpu= 46 numa=0  d_rm=    3340  d_instr=1457431697  d_cyc= 374328902  d_all= 9447067  IPC=3.893  ratio_rm=0.0004
[OMPT][WIN100ms] ompt_id=1407374883553281 tid=72611  tipo=ompt_thread_worker     cpu=214 numa=1  d_rm=    3102  d_instr=1448418092  d_cyc= 374166896  d_all= 9386652  IPC=3.871  ratio_rm=0.0003
[OMPT][WIN100ms] ompt_id=1970324836974593 tid=72612  tipo=ompt_thread_worker     cpu=222 numa=1  d_rm=    3262  d_instr=1456631978  d_cyc= 374299889  d_all= 9438463  IPC=3.892  ratio_rm=0.0003
[OMPT][WIN100ms] ompt_id=2251799813685249 tid=72614  tipo=ompt_thread_worker     cpu=231 numa=1  d_rm=    3233  d_instr=1410003540  d_cyc= 374364554  d_all= 9129017  IPC=3.766  ratio_rm=0.0004
[OMPT][WIN100ms] ompt_id=1688849860263937 tid=72613  tipo=ompt_thread_worker     cpu= 24 numa=0  d_rm=    3102  d_instr=1445421496  d_cyc= 374421980  d_all= 9368701  IPC=3.860  ratio_rm=0.0003
[OMPT] implicit_task_end: parallel_id=0 thread_num=0
[OMPT] parallel_end: parallel_id=281474976710815
[OMPT] parallel_begin: parallel_id=281474976710817 team_size=8
[OMPT] implicit_task_end: parallel_id=0 thread_num=4
[OMPT] implicit_task_end: parallel_id=0 thread_num=7
[OMPT] implicit_task_begin: parallel_id=281474976710817 thread_num=0 team_size=8
[OMPT] implicit_task_end: parallel_id=0 thread_num=1
[OMPT] implicit_task_begin: parallel_id=281474976710817 thread_num=4 team_size=8
[OMPT] implicit_task_end: parallel_id=0 thread_num=2
[OMPT] implicit_task_begin: parallel_id=281474976710817 thread_num=1 team_size=8
[OMPT] implicit_task_end: parallel_id=0 thread_num=6
[OMPT] implicit_task_end: parallel_id=0 thread_num=3
[OMPT] implicit_task_begin: parallel_id=281474976710817 thread_num=7 team_size=8
[OMPT] implicit_task_end: parallel_id=0 thread_num=5
[OMPT] implicit_task_begin: parallel_id=281474976710817 thread_num=2 team_size=8
[OMPT] implicit_task_begin: parallel_id=281474976710817 thread_num=6 team_size=8
[OMPT] implicit_task_begin: parallel_id=281474976710817 thread_num=3 team_size=8
[OMPT] implicit_task_begin: parallel_id=281474976710817 thread_num=5 team_size=8
[OMPT][WIN100ms] ompt_id=281474976710657 tid=72606  tipo=ompt_thread_initial    cpu=255 numa=1  d_rm=    4221  d_instr=1417414835  d_cyc= 372661574  d_all= 9125129  IPC=3.803  ratio_rm=0.0005
[OMPT][WIN100ms] ompt_id=562949953421313 tid=72608  tipo=ompt_thread_worker     cpu=  1 numa=0  d_rm=    3057  d_instr=1385032462  d_cyc= 372829652  d_all= 8911691  IPC=3.715  ratio_rm=0.0003
[OMPT][WIN100ms] ompt_id=844424930131969 tid=72609  tipo=ompt_thread_worker     cpu= 73 numa=1  d_rm=    3584  d_instr=1417655784  d_cyc= 372284784  d_all= 9119222  IPC=3.808  ratio_rm=0.0004
[OMPT][WIN100ms] ompt_id=1125899906842625 tid=72610  tipo=ompt_thread_worker     cpu= 46 numa=0  d_rm=    3280  d_instr=1410525170  d_cyc= 372453480  d_all= 9087539  IPC=3.787  ratio_rm=0.0004
[OMPT][WIN100ms] ompt_id=1407374883553281 tid=72611  tipo=ompt_thread_worker     cpu=214 numa=1  d_rm=    3285  d_instr=1398336356  d_cyc= 372977193  d_all= 8998622  IPC=3.749  ratio_rm=0.0004
[OMPT][WIN100ms] ompt_id=1970324836974593 tid=72612  tipo=ompt_thread_worker     cpu=222 numa=1  d_rm=    3735  d_instr=1408140335  d_cyc= 372463509  d_all= 9067402  IPC=3.781  ratio_rm=0.0004
[OMPT][WIN100ms] ompt_id=2251799813685249 tid=72614  tipo=ompt_thread_worker     cpu=231 numa=1  d_rm=    6759  d_instr=1456290501  d_cyc= 373941054  d_all= 9419332  IPC=3.894  ratio_rm=0.0007
[OMPT][WIN100ms] ompt_id=1688849860263937 tid=72613  tipo=ompt_thread_worker     cpu= 24 numa=0  d_rm=    3282  d_instr=1438999268  d_cyc= 373444760  d_all= 9299983  IPC=3.853  ratio_rm=0.0004
[OMPT] implicit_task_end: parallel_id=0 thread_num=0
[OMPT] parallel_end: parallel_id=281474976710817
[OMPT] parallel_begin: parallel_id=281474976710819 team_size=8
[OMPT] implicit_task_end: parallel_id=0 thread_num=4
[OMPT] implicit_task_end: parallel_id=0 thread_num=5
[OMPT] implicit_task_begin: parallel_id=281474976710819 thread_num=0 team_size=8
[OMPT] implicit_task_end: parallel_id=0 thread_num=3
[OMPT] implicit_task_begin: parallel_id=281474976710819 thread_num=4 team_size=8
[OMPT] implicit_task_end: parallel_id=0 thread_num=6
[OMPT] implicit_task_begin: parallel_id=281474976710819 thread_num=5 team_size=8
[OMPT] implicit_task_begin: parallel_id=281474976710819 thread_num=3 team_size=8
[OMPT] implicit_task_begin: parallel_id=281474976710819 thread_num=6 team_size=8
[OMPT] implicit_task_end: parallel_id=0 thread_num=2
[OMPT] implicit_task_end: parallel_id=0 thread_num=7
[OMPT] implicit_task_begin: parallel_id=281474976710819 thread_num=2 team_size=8
[OMPT] implicit_task_end: parallel_id=0 thread_num=1
[OMPT] implicit_task_begin: parallel_id=281474976710819 thread_num=7 team_size=8
[OMPT] implicit_task_begin: parallel_id=281474976710819 thread_num=1 team_size=8
[OMPT][WIN100ms] ompt_id=281474976710657 tid=72606  tipo=ompt_thread_initial    cpu=255 numa=1  d_rm=    4556  d_instr=1399182649  d_cyc= 371923465  d_all= 8974730  IPC=3.762  ratio_rm=0.0005
[OMPT][WIN100ms] ompt_id=562949953421313 tid=72608  tipo=ompt_thread_worker     cpu=  1 numa=0  d_rm=    3191  d_instr=1417100475  d_cyc= 373046934  d_all= 9147087  IPC=3.799  ratio_rm=0.0003
[OMPT][WIN100ms] ompt_id=844424930131969 tid=72609  tipo=ompt_thread_worker     cpu= 73 numa=1  d_rm=    3269  d_instr=1392601273  d_cyc= 371724238  d_all= 8926430  IPC=3.746  ratio_rm=0.0004
[OMPT][WIN100ms] ompt_id=1125899906842625 tid=72610  tipo=ompt_thread_worker     cpu= 46 numa=0  d_rm=    3569  d_instr=1401252786  d_cyc= 372579039  d_all= 9009404  IPC=3.761  ratio_rm=0.0004
[OMPT][WIN100ms] ompt_id=1407374883553281 tid=72611  tipo=ompt_thread_worker     cpu=214 numa=1  d_rm=    3368  d_instr=1404253362  d_cyc= 373937897  d_all= 9095336  IPC=3.755  ratio_rm=0.0004
[OMPT][WIN100ms] ompt_id=1970324836974593 tid=72612  tipo=ompt_thread_worker     cpu=222 numa=1  d_rm=    3468  d_instr=1408330579  d_cyc= 372670105  d_all= 9048994  IPC=3.779  ratio_rm=0.0004
[OMPT][WIN100ms] ompt_id=2251799813685249 tid=72614  tipo=ompt_thread_worker     cpu=231 numa=1  d_rm=    6303  d_instr=1391056079  d_cyc= 372468423  d_all= 8942980  IPC=3.735  ratio_rm=0.0007
[OMPT][WIN100ms] ompt_id=1688849860263937 tid=72613  tipo=ompt_thread_worker     cpu= 24 numa=0  d_rm=    3311  d_instr=1391338509  d_cyc= 373695287  d_all= 8991010  IPC=3.723  ratio_rm=0.0004
[OMPT][WIN100ms] ompt_id=281474976710657 tid=72606  tipo=ompt_thread_initial    cpu=255 numa=1  d_rm=    3220  d_instr=1455853842  d_cyc= 373789799  d_all= 9440483  IPC=3.895  ratio_rm=0.0003
[OMPT][WIN100ms] ompt_id=562949953421313 tid=72608  tipo=ompt_thread_worker     cpu=  1 numa=0  d_rm=    3063  d_instr=1448593864  d_cyc= 374449903  d_all= 9394582  IPC=3.869  ratio_rm=0.0003
[OMPT][WIN100ms] ompt_id=844424930131969 tid=72609  tipo=ompt_thread_worker     cpu= 73 numa=1  d_rm=    3234  d_instr=1461331965  d_cyc= 374352580  d_all= 9472738  IPC=3.904  ratio_rm=0.0003
[OMPT][WIN100ms] ompt_id=1125899906842625 tid=72610  tipo=ompt_thread_worker     cpu= 46 numa=0  d_rm=    3228  d_instr=1456131715  d_cyc= 374344771  d_all= 9437540  IPC=3.890  ratio_rm=0.0003
[OMPT][WIN100ms] ompt_id=1407374883553281 tid=72611  tipo=ompt_thread_worker     cpu=214 numa=1  d_rm=    3304  d_instr=1427879672  d_cyc= 374182374  d_all= 9251139  IPC=3.816  ratio_rm=0.0004
[OMPT][WIN100ms] ompt_id=1970324836974593 tid=72612  tipo=ompt_thread_worker     cpu=222 numa=1  d_rm=    3592  d_instr=1441450372  d_cyc= 374308631  d_all= 9324298  IPC=3.851  ratio_rm=0.0004
[OMPT][WIN100ms] ompt_id=2251799813685249 tid=72614  tipo=ompt_thread_worker     cpu=231 numa=1  d_rm=    3695  d_instr=1440958986  d_cyc= 374344819  d_all= 9320853  IPC=3.849  ratio_rm=0.0004
[OMPT][WIN100ms] ompt_id=1688849860263937 tid=72613  tipo=ompt_thread_worker     cpu= 24 numa=0  d_rm=    3130  d_instr=1415942294  d_cyc= 374432653  d_all= 9160971  IPC=3.782  ratio_rm=0.0003
[OMPT] implicit_task_end: parallel_id=0 thread_num=0
[OMPT] parallel_end: parallel_id=281474976710819
[OMPT] parallel_begin: parallel_id=281474976710821 team_size=8
[OMPT] implicit_task_end: parallel_id=0 thread_num=4
[OMPT] implicit_task_end: parallel_id=0 thread_num=5
[OMPT] implicit_task_begin: parallel_id=281474976710821 thread_num=0 team_size=8
[OMPT] implicit_task_end: parallel_id=0 thread_num=2
[OMPT] implicit_task_end: parallel_id=0 thread_num=1
[OMPT] implicit_task_begin: parallel_id=281474976710821 thread_num=2 team_size=8
[OMPT] implicit_task_end: parallel_id=0 thread_num=6
[OMPT] implicit_task_end: parallel_id=0 thread_num=3
[OMPT] implicit_task_begin: parallel_id=281474976710821 thread_num=3 team_size=8
[OMPT] implicit_task_begin: parallel_id=281474976710821 thread_num=4 team_size=8
[OMPT] implicit_task_begin: parallel_id=281474976710821 thread_num=5 team_size=8
[OMPT] implicit_task_begin: parallel_id=281474976710821 thread_num=1 team_size=8
[OMPT] implicit_task_end: parallel_id=0 thread_num=7
[OMPT] implicit_task_begin: parallel_id=281474976710821 thread_num=6 team_size=8
[OMPT] implicit_task_begin: parallel_id=281474976710821 thread_num=7 team_size=8
[OMPT][WIN100ms] ompt_id=281474976710657 tid=72606  tipo=ompt_thread_initial    cpu=255 numa=1  d_rm=    4483  d_instr=1392073078  d_cyc= 371684144  d_all= 8922276  IPC=3.745  ratio_rm=0.0005
[OMPT][WIN100ms] ompt_id=562949953421313 tid=72608  tipo=ompt_thread_worker     cpu=  1 numa=0  d_rm=    2954  d_instr=1395051115  d_cyc= 372243880  d_all= 8974147  IPC=3.748  ratio_rm=0.0003
[OMPT][WIN100ms] ompt_id=844424930131969 tid=72609  tipo=ompt_thread_worker     cpu= 73 numa=1  d_rm=    3297  d_instr=1391175998  d_cyc= 371818176  d_all= 8909990  IPC=3.742  ratio_rm=0.0004
[OMPT][WIN100ms] ompt_id=1125899906842625 tid=72610  tipo=ompt_thread_worker     cpu= 46 numa=0  d_rm=    3339  d_instr=1389002741  d_cyc= 372147144  d_all= 8926579  IPC=3.732  ratio_rm=0.0004
[OMPT][WIN100ms] ompt_id=1407374883553281 tid=72611  tipo=ompt_thread_worker     cpu=214 numa=1  d_rm=    3639  d_instr=1403393645  d_cyc= 373623025  d_all= 9088298  IPC=3.756  ratio_rm=0.0004
[OMPT][WIN100ms] ompt_id=1970324836974593 tid=72612  tipo=ompt_thread_worker     cpu=222 numa=1  d_rm=    3460  d_instr=1400615785  d_cyc= 372521031  d_all= 9005733  IPC=3.760  ratio_rm=0.0004
[OMPT][WIN100ms] ompt_id=2251799813685249 tid=72614  tipo=ompt_thread_worker     cpu=231 numa=1  d_rm=    6747  d_instr=1405859998  d_cyc= 371991317  d_all= 9022096  IPC=3.779  ratio_rm=0.0007
[OMPT][WIN100ms] ompt_id=1688849860263937 tid=72613  tipo=ompt_thread_worker     cpu= 24 numa=0  d_rm=    3466  d_instr=1421289307  d_cyc= 373500010  d_all= 9197826  IPC=3.805  ratio_rm=0.0004
[OMPT][WIN100ms] ompt_id=281474976710657 tid=72606  tipo=ompt_thread_initial    cpu=255 numa=1  d_rm=    3210  d_instr=1460479626  d_cyc= 373790994  d_all= 9467134  IPC=3.907  ratio_rm=0.0003
[OMPT][WIN100ms] ompt_id=562949953421313 tid=72608  tipo=ompt_thread_worker     cpu=  1 numa=0  d_rm=    3244  d_instr=1425485540  d_cyc= 374400629  d_all= 9231889  IPC=3.807  ratio_rm=0.0004
[OMPT][WIN100ms] ompt_id=844424930131969 tid=72609  tipo=ompt_thread_worker     cpu= 73 numa=1  d_rm=    3197  d_instr=1463007327  d_cyc= 374232974  d_all= 9476529  IPC=3.909  ratio_rm=0.0003
[OMPT][WIN100ms] ompt_id=1125899906842625 tid=72610  tipo=ompt_thread_worker     cpu= 46 numa=0  d_rm=    3538  d_instr=1458432222  d_cyc= 374261821  d_all= 9436371  IPC=3.897  ratio_rm=0.0004
[OMPT][WIN100ms] ompt_id=1407374883553281 tid=72611  tipo=ompt_thread_worker     cpu=214 numa=1  d_rm=    3357  d_instr=1451902500  d_cyc= 374014303  d_all= 9391315  IPC=3.882  ratio_rm=0.0004
[OMPT][WIN100ms] ompt_id=1970324836974593 tid=72612  tipo=ompt_thread_worker     cpu=222 numa=1  d_rm=    3604  d_instr=1449112437  d_cyc= 374209326  d_all= 9373436  IPC=3.872  ratio_rm=0.0004
[OMPT][WIN100ms] ompt_id=2251799813685249 tid=72614  tipo=ompt_thread_worker     cpu=231 numa=1  d_rm=    3425  d_instr=1454158200  d_cyc= 374165775  d_all= 9405750  IPC=3.886  ratio_rm=0.0004
[OMPT][WIN100ms] ompt_id=1688849860263937 tid=72613  tipo=ompt_thread_worker     cpu= 24 numa=0  d_rm=    3209  d_instr=1370123309  d_cyc= 374275315  d_all= 8867760  IPC=3.661  ratio_rm=0.0004
[OMPT] implicit_task_end: parallel_id=0 thread_num=0
[OMPT] parallel_end: parallel_id=281474976710821
[OMPT] parallel_begin: parallel_id=281474976710823 team_size=8
[OMPT] implicit_task_end: parallel_id=0 thread_num=4
[OMPT] implicit_task_end: parallel_id=0 thread_num=7
[OMPT] implicit_task_begin: parallel_id=281474976710823 thread_num=0 team_size=8
[OMPT] implicit_task_end: parallel_id=0 thread_num=2
[OMPT] implicit_task_end: parallel_id=0 thread_num=6
[OMPT] implicit_task_begin: parallel_id=281474976710823 thread_num=2 team_size=8
[OMPT] implicit_task_end: parallel_id=0 thread_num=5
[OMPT] implicit_task_end: parallel_id=0 thread_num=3
[OMPT] implicit_task_end: parallel_id=0 thread_num=1
[OMPT] implicit_task_begin: parallel_id=281474976710823 thread_num=3 team_size=8
[OMPT] implicit_task_begin: parallel_id=281474976710823 thread_num=4 team_size=8
[OMPT] implicit_task_begin: parallel_id=281474976710823 thread_num=7 team_size=8
[OMPT] implicit_task_begin: parallel_id=281474976710823 thread_num=6 team_size=8
[OMPT] implicit_task_begin: parallel_id=281474976710823 thread_num=5 team_size=8
[OMPT] implicit_task_begin: parallel_id=281474976710823 thread_num=1 team_size=8
[OMPT][WIN100ms] ompt_id=281474976710657 tid=72606  tipo=ompt_thread_initial    cpu=255 numa=1  d_rm=    4469  d_instr=1359920217  d_cyc= 370856535  d_all= 8668927  IPC=3.667  ratio_rm=0.0005
[OMPT][WIN100ms] ompt_id=562949953421313 tid=72608  tipo=ompt_thread_worker     cpu=  1 numa=0  d_rm=    2922  d_instr=1378493233  d_cyc= 371608324  d_all= 8833150  IPC=3.710  ratio_rm=0.0003
[OMPT][WIN100ms] ompt_id=844424930131969 tid=72609  tipo=ompt_thread_worker     cpu= 73 numa=1  d_rm=    3107  d_instr=1363377109  d_cyc= 371102388  d_all= 8693676  IPC=3.674  ratio_rm=0.0004
[OMPT][WIN100ms] ompt_id=1125899906842625 tid=72610  tipo=ompt_thread_worker     cpu= 46 numa=0  d_rm=    3250  d_instr=1368569709  d_cyc= 371530517  d_all= 8760025  IPC=3.684  ratio_rm=0.0004
[OMPT][WIN100ms] ompt_id=1407374883553281 tid=72611  tipo=ompt_thread_worker     cpu=214 numa=1  d_rm=    3371  d_instr=1361444860  d_cyc= 371566227  d_all= 8722233  IPC=3.664  ratio_rm=0.0004
[OMPT][WIN100ms] ompt_id=1970324836974593 tid=72612  tipo=ompt_thread_worker     cpu=222 numa=1  d_rm=    3724  d_instr=1373282404  d_cyc= 371092874  d_all= 8768076  IPC=3.701  ratio_rm=0.0004
[OMPT][WIN100ms] ompt_id=2251799813685249 tid=72614  tipo=ompt_thread_worker     cpu=231 numa=1  d_rm=    6611  d_instr=1359429186  d_cyc= 371808712  d_all= 8699942  IPC=3.656  ratio_rm=0.0008
[OMPT][WIN100ms] ompt_id=1688849860263937 tid=72613  tipo=ompt_thread_worker     cpu= 24 numa=0  d_rm=    3285  d_instr=1428783560  d_cyc= 373751883  d_all= 9248512  IPC=3.823  ratio_rm=0.0004
[OMPT][WIN100ms] ompt_id=281474976710657 tid=72606  tipo=ompt_thread_initial    cpu=255 numa=1  d_rm=    3582  d_instr=1457703533  d_cyc= 373778588  d_all= 9448210  IPC=3.900  ratio_rm=0.0004
[OMPT][WIN100ms] ompt_id=562949953421313 tid=72608  tipo=ompt_thread_worker     cpu=  1 numa=0  d_rm=    2946  d_instr=1442025093  d_cyc= 374426144  d_all= 9341969  IPC=3.851  ratio_rm=0.0003
[OMPT][WIN100ms] ompt_id=844424930131969 tid=72609  tipo=ompt_thread_worker     cpu= 73 numa=1  d_rm=    3357  d_instr=1456937339  d_cyc= 374224503  d_all= 9423419  IPC=3.893  ratio_rm=0.0004
[OMPT][WIN100ms] ompt_id=1125899906842625 tid=72610  tipo=ompt_thread_worker     cpu= 46 numa=0  d_rm=    3305  d_instr=1457335498  d_cyc= 374297064  d_all= 9426014  IPC=3.894  ratio_rm=0.0004
[OMPT][WIN100ms] ompt_id=1407374883553281 tid=72611  tipo=ompt_thread_worker     cpu=214 numa=1  d_rm=    3316  d_instr=1439373962  d_cyc= 374116202  d_all= 9310940  IPC=3.847  ratio_rm=0.0004
[OMPT][WIN100ms] ompt_id=1970324836974593 tid=72612  tipo=ompt_thread_worker     cpu=222 numa=1  d_rm=    3481  d_instr=1448590949  d_cyc= 374301152  d_all= 9370240  IPC=3.870  ratio_rm=0.0004
[OMPT][WIN100ms] ompt_id=2251799813685249 tid=72614  tipo=ompt_thread_worker     cpu=231 numa=1  d_rm=    3066  d_instr=1371533395  d_cyc= 374361343  d_all= 8876901  IPC=3.664  ratio_rm=0.0003
[OMPT][WIN100ms] ompt_id=1688849860263937 tid=72613  tipo=ompt_thread_worker     cpu= 24 numa=0  d_rm=    3354  d_instr=1443885599  d_cyc= 374363512  d_all= 9340027  IPC=3.857  ratio_rm=0.0004
[OMPT] implicit_task_end: parallel_id=0 thread_num=0
[OMPT] parallel_end: parallel_id=281474976710823
[OMPT] parallel_begin: parallel_id=281474976710825 team_size=8
[OMPT] implicit_task_end: parallel_id=0 thread_num=4
[OMPT] implicit_task_end: parallel_id=0 thread_num=7
[OMPT] implicit_task_end: parallel_id=0 thread_num=2
[OMPT] implicit_task_end: parallel_id=0 thread_num=1
[OMPT] implicit_task_begin: parallel_id=281474976710825 thread_num=2 team_size=8
[OMPT] implicit_task_end: parallel_id=0 thread_num=6
[OMPT] implicit_task_end: parallel_id=0 thread_num=5
[OMPT] implicit_task_begin: parallel_id=281474976710825 thread_num=0 team_size=8
[OMPT] implicit_task_begin: parallel_id=281474976710825 thread_num=5 team_size=8
[OMPT] implicit_task_begin: parallel_id=281474976710825 thread_num=4 team_size=8
[OMPT] implicit_task_begin: parallel_id=281474976710825 thread_num=7 team_size=8
[OMPT] implicit_task_begin: parallel_id=281474976710825 thread_num=1 team_size=8
[OMPT] implicit_task_end: parallel_id=0 thread_num=3
[OMPT] implicit_task_begin: parallel_id=281474976710825 thread_num=6 team_size=8
[OMPT] implicit_task_begin: parallel_id=281474976710825 thread_num=3 team_size=8
[OMPT][WIN100ms] ompt_id=281474976710657 tid=72606  tipo=ompt_thread_initial    cpu=255 numa=1  d_rm=    4168  d_instr=1317762831  d_cyc= 369052679  d_all= 8320800  IPC=3.571  ratio_rm=0.0005
[OMPT][WIN100ms] ompt_id=562949953421313 tid=72608  tipo=ompt_thread_worker     cpu=  1 numa=0  d_rm=    3043  d_instr=1339640521  d_cyc= 370642698  d_all= 8535477  IPC=3.614  ratio_rm=0.0004
[OMPT][WIN100ms] ompt_id=844424930131969 tid=72609  tipo=ompt_thread_worker     cpu= 73 numa=1  d_rm=    2990  d_instr=1321102128  d_cyc= 369871180  d_all= 8360048  IPC=3.572  ratio_rm=0.0004
[OMPT][WIN100ms] ompt_id=1125899906842625 tid=72610  tipo=ompt_thread_worker     cpu= 46 numa=0  d_rm=    3187  d_instr=1309801707  d_cyc= 369206751  d_all= 8279036  IPC=3.548  ratio_rm=0.0004
[OMPT][WIN100ms] ompt_id=1407374883553281 tid=72611  tipo=ompt_thread_worker     cpu=214 numa=1  d_rm=    3452  d_instr=1314388204  d_cyc= 371779618  d_all= 8426348  IPC=3.535  ratio_rm=0.0004
[OMPT][WIN100ms] ompt_id=1970324836974593 tid=72612  tipo=ompt_thread_worker     cpu=222 numa=1  d_rm=    3280  d_instr=1327935031  d_cyc= 369994395  d_all= 8410295  IPC=3.589  ratio_rm=0.0004
[OMPT][WIN100ms] ompt_id=2251799813685249 tid=72614  tipo=ompt_thread_worker     cpu=231 numa=1  d_rm=    6328  d_instr=1370508259  d_cyc= 373901822  d_all= 8869387  IPC=3.665  ratio_rm=0.0007
[OMPT][WIN100ms] ompt_id=1688849860263937 tid=72613  tipo=ompt_thread_worker     cpu= 24 numa=0  d_rm=    2760  d_instr=1332266476  d_cyc= 370075358  d_all= 8445037  IPC=3.600  ratio_rm=0.0003
[OMPT][WIN100ms] ompt_id=281474976710657 tid=72606  tipo=ompt_thread_initial    cpu=255 numa=1  d_rm=    3131  d_instr=1457127032  d_cyc= 374255612  d_all= 9438635  IPC=3.893  ratio_rm=0.0003
[OMPT][WIN100ms] ompt_id=562949953421313 tid=72608  tipo=ompt_thread_worker     cpu=  1 numa=0  d_rm=    2665  d_instr=1407818801  d_cyc= 374555313  d_all= 9108418  IPC=3.759  ratio_rm=0.0003
[OMPT][WIN100ms] ompt_id=844424930131969 tid=72609  tipo=ompt_thread_worker     cpu= 73 numa=1  d_rm=    3237  d_instr=1456547211  d_cyc= 373937560  d_all= 9421558  IPC=3.895  ratio_rm=0.0003
[OMPT][WIN100ms] ompt_id=1125899906842625 tid=72610  tipo=ompt_thread_worker     cpu= 46 numa=0  d_rm=    3467  d_instr=1444903334  d_cyc= 374343515  d_all= 9346117  IPC=3.860  ratio_rm=0.0004
[OMPT][WIN100ms] ompt_id=1407374883553281 tid=72611  tipo=ompt_thread_worker     cpu=214 numa=1  d_rm=    3061  d_instr=1408287239  d_cyc= 374182894  d_all= 9111988  IPC=3.764  ratio_rm=0.0003
[OMPT][WIN100ms] ompt_id=1970324836974593 tid=72612  tipo=ompt_thread_worker     cpu=222 numa=1  d_rm=    3423  d_instr=1439663108  d_cyc= 374362047  d_all= 9313170  IPC=3.846  ratio_rm=0.0004
[OMPT][WIN100ms] ompt_id=2251799813685249 tid=72614  tipo=ompt_thread_worker     cpu=231 numa=1  d_rm=    3096  d_instr=1411653470  d_cyc= 374232329  d_all= 9133952  IPC=3.772  ratio_rm=0.0003
[OMPT][WIN100ms] ompt_id=1688849860263937 tid=72613  tipo=ompt_thread_worker     cpu= 24 numa=0  d_rm=    3238  d_instr=1431082093  d_cyc= 374329671  d_all= 9258148  IPC=3.823  ratio_rm=0.0003
[OMPT] implicit_task_end: parallel_id=0 thread_num=0
[OMPT] parallel_end: parallel_id=281474976710825
[OMPT] parallel_begin: parallel_id=281474976710827 team_size=8
[OMPT] implicit_task_end: parallel_id=0 thread_num=4
[OMPT] implicit_task_end: parallel_id=0 thread_num=5
[OMPT] implicit_task_end: parallel_id=0 thread_num=2
[OMPT] implicit_task_end: parallel_id=0 thread_num=1
[OMPT] implicit_task_begin: parallel_id=281474976710827 thread_num=4 team_size=8
[OMPT] implicit_task_end: parallel_id=0 thread_num=3
[OMPT] implicit_task_begin: parallel_id=281474976710827 thread_num=2 team_size=8
[OMPT] implicit_task_end: parallel_id=0 thread_num=7
[OMPT] implicit_task_begin: parallel_id=281474976710827 thread_num=5 team_size=8
[OMPT] implicit_task_begin: parallel_id=281474976710827 thread_num=1 team_size=8
[OMPT] implicit_task_begin: parallel_id=281474976710827 thread_num=0 team_size=8
[OMPT] implicit_task_end: parallel_id=0 thread_num=6
[OMPT] implicit_task_begin: parallel_id=281474976710827 thread_num=3 team_size=8
[OMPT] implicit_task_begin: parallel_id=281474976710827 thread_num=7 team_size=8
[OMPT] implicit_task_begin: parallel_id=281474976710827 thread_num=6 team_size=8
[OMPT][WIN100ms] ompt_id=281474976710657 tid=72606  tipo=ompt_thread_initial    cpu=255 numa=1  d_rm=    4307  d_instr=1371736993  d_cyc= 371903488  d_all= 8802065  IPC=3.688  ratio_rm=0.0005
[OMPT][WIN100ms] ompt_id=562949953421313 tid=72608  tipo=ompt_thread_worker     cpu=  1 numa=0  d_rm=    3064  d_instr=1410030667  d_cyc= 373599763  d_all= 9112838  IPC=3.774  ratio_rm=0.0003
[OMPT][WIN100ms] ompt_id=844424930131969 tid=72609  tipo=ompt_thread_worker     cpu= 73 numa=1  d_rm=    3125  d_instr=1380269593  d_cyc= 371366197  d_all= 8822613  IPC=3.717  ratio_rm=0.0004
[OMPT][WIN100ms] ompt_id=1125899906842625 tid=72610  tipo=ompt_thread_worker     cpu= 46 numa=0  d_rm=    3570  d_instr=1387101844  d_cyc= 372253557  d_all= 8905055  IPC=3.726  ratio_rm=0.0004
[OMPT][WIN100ms] ompt_id=1407374883553281 tid=72611  tipo=ompt_thread_worker     cpu=214 numa=1  d_rm=    3450  d_instr=1413860556  d_cyc= 373807977  d_all= 9147270  IPC=3.782  ratio_rm=0.0004
[OMPT][WIN100ms] ompt_id=1970324836974593 tid=72612  tipo=ompt_thread_worker     cpu=222 numa=1  d_rm=    3838  d_instr=1398531228  d_cyc= 372345076  d_all= 8967423  IPC=3.756  ratio_rm=0.0004
[OMPT][WIN100ms] ompt_id=2251799813685249 tid=72614  tipo=ompt_thread_worker     cpu=231 numa=1  d_rm=    6545  d_instr=1416221370  d_cyc= 373296889  d_all= 9132085  IPC=3.794  ratio_rm=0.0007
[OMPT][WIN100ms] ompt_id=1688849860263937 tid=72613  tipo=ompt_thread_worker     cpu= 24 numa=0  d_rm=    3226  d_instr=1389303371  d_cyc= 373873439  d_all= 8996307  IPC=3.716  ratio_rm=0.0004
[OMPT][WIN100ms] ompt_id=281474976710657 tid=72606  tipo=ompt_thread_initial    cpu=255 numa=1  d_rm=    3096  d_instr=1426500403  d_cyc= 374173879  d_all= 9228848  IPC=3.812  ratio_rm=0.0003
[OMPT][WIN100ms] ompt_id=562949953421313 tid=72608  tipo=ompt_thread_worker     cpu=  1 numa=0  d_rm=    2921  d_instr=1447252049  d_cyc= 374474803  d_all= 9361503  IPC=3.865  ratio_rm=0.0003
[OMPT][WIN100ms] ompt_id=844424930131969 tid=72609  tipo=ompt_thread_worker     cpu= 73 numa=1  d_rm=    3084  d_instr=1460535595  d_cyc= 374284587  d_all= 9446821  IPC=3.902  ratio_rm=0.0003
[OMPT][WIN100ms] ompt_id=1125899906842625 tid=72610  tipo=ompt_thread_worker     cpu= 46 numa=0  d_rm=    3593  d_instr=1457782879  d_cyc= 374349412  d_all= 9428865  IPC=3.894  ratio_rm=0.0004
[OMPT][WIN100ms] ompt_id=1407374883553281 tid=72611  tipo=ompt_thread_worker     cpu=214 numa=1  d_rm=    3026  d_instr=1415339644  d_cyc= 374207989  d_all= 9156999  IPC=3.782  ratio_rm=0.0003
[OMPT][WIN100ms] ompt_id=1970324836974593 tid=72612  tipo=ompt_thread_worker     cpu=222 numa=1  d_rm=    3533  d_instr=1460300768  d_cyc= 373919205  d_all= 9445082  IPC=3.905  ratio_rm=0.0004
[OMPT][WIN100ms] ompt_id=2251799813685249 tid=72614  tipo=ompt_thread_worker     cpu=231 numa=1  d_rm=    3412  d_instr=1446734295  d_cyc= 374277370  d_all= 9358290  IPC=3.865  ratio_rm=0.0004
[OMPT][WIN100ms] ompt_id=1688849860263937 tid=72613  tipo=ompt_thread_worker     cpu= 24 numa=0  d_rm=    3167  d_instr=1432161348  d_cyc= 374371285  d_all= 9264914  IPC=3.826  ratio_rm=0.0003
[OMPT] implicit_task_end: parallel_id=0 thread_num=0
[OMPT] parallel_end: parallel_id=281474976710827
[OMPT] parallel_begin: parallel_id=281474976710829 team_size=8
[OMPT] implicit_task_end: parallel_id=0 thread_num=4
[OMPT] implicit_task_end: parallel_id=0 thread_num=7
[OMPT] implicit_task_end: parallel_id=0 thread_num=1
[OMPT] implicit_task_end: parallel_id=0 thread_num=3
[OMPT] implicit_task_begin: parallel_id=281474976710829 thread_num=7 team_size=8
[OMPT] implicit_task_end: parallel_id=0 thread_num=5
[OMPT] implicit_task_end: parallel_id=0 thread_num=2
[OMPT] implicit_task_begin: parallel_id=281474976710829 thread_num=5 team_size=8
[OMPT] implicit_task_begin: parallel_id=281474976710829 thread_num=0 team_size=8
[OMPT] implicit_task_begin: parallel_id=281474976710829 thread_num=2 team_size=8
[OMPT] implicit_task_begin: parallel_id=281474976710829 thread_num=4 team_size=8
[OMPT] implicit_task_begin: parallel_id=281474976710829 thread_num=1 team_size=8
[OMPT] implicit_task_begin: parallel_id=281474976710829 thread_num=3 team_size=8
[OMPT] implicit_task_end: parallel_id=0 thread_num=6
[OMPT] implicit_task_begin: parallel_id=281474976710829 thread_num=6 team_size=8
[OMPT][WIN100ms] ompt_id=281474976710657 tid=72606  tipo=ompt_thread_initial    cpu=255 numa=1  d_rm=    4304  d_instr=1428428349  d_cyc= 372957624  d_all= 9227570  IPC=3.830  ratio_rm=0.0005
[OMPT][WIN100ms] ompt_id=562949953421313 tid=72608  tipo=ompt_thread_worker     cpu=  1 numa=0  d_rm=    3155  d_instr=1418535019  d_cyc= 373046718  d_all= 9159134  IPC=3.803  ratio_rm=0.0003
[OMPT][WIN100ms] ompt_id=844424930131969 tid=72609  tipo=ompt_thread_worker     cpu= 73 numa=1  d_rm=    3195  d_instr=1404428219  d_cyc= 372038647  d_all= 9016974  IPC=3.775  ratio_rm=0.0004
[OMPT][WIN100ms] ompt_id=1125899906842625 tid=72610  tipo=ompt_thread_worker     cpu= 46 numa=0  d_rm=    3358  d_instr=1406259347  d_cyc= 372159074  d_all= 9046024  IPC=3.779  ratio_rm=0.0004
[OMPT][WIN100ms] ompt_id=1407374883553281 tid=72611  tipo=ompt_thread_worker     cpu=214 numa=1  d_rm=    3615  d_instr=1441593845  d_cyc= 373564595  d_all= 9332922  IPC=3.859  ratio_rm=0.0004
[OMPT][WIN100ms] ompt_id=1970324836974593 tid=72612  tipo=ompt_thread_worker     cpu=222 numa=1  d_rm=    3410  d_instr=1404810884  d_cyc= 372087510  d_all= 9014477  IPC=3.775  ratio_rm=0.0004
[OMPT][WIN100ms] ompt_id=2251799813685249 tid=72614  tipo=ompt_thread_worker     cpu=231 numa=1  d_rm=    6687  d_instr=1415716450  d_cyc= 372924769  d_all= 9102811  IPC=3.796  ratio_rm=0.0007
[OMPT][WIN100ms] ompt_id=1688849860263937 tid=72613  tipo=ompt_thread_worker     cpu= 24 numa=0  d_rm=    3212  d_instr=1423897455  d_cyc= 373075221  d_all= 9189923  IPC=3.817  ratio_rm=0.0003
[OMPT][WIN100ms] ompt_id=281474976710657 tid=72606  tipo=ompt_thread_initial    cpu=255 numa=1  d_rm=    3083  d_instr=1459312499  d_cyc= 374197998  d_all= 9438791  IPC=3.900  ratio_rm=0.0003
[OMPT][WIN100ms] ompt_id=562949953421313 tid=72608  tipo=ompt_thread_worker     cpu=  1 numa=0  d_rm=    3139  d_instr=1450559417  d_cyc= 374497522  d_all= 9383036  IPC=3.873  ratio_rm=0.0003
[OMPT][WIN100ms] ompt_id=844424930131969 tid=72609  tipo=ompt_thread_worker     cpu= 73 numa=1  d_rm=    3210  d_instr=1470275903  d_cyc= 374354889  d_all= 9509080  IPC=3.927  ratio_rm=0.0003
[OMPT][WIN100ms] ompt_id=1125899906842625 tid=72610  tipo=ompt_thread_worker     cpu= 46 numa=0  d_rm=    3313  d_instr=1461369313  d_cyc= 374430641  d_all= 9451925  IPC=3.903  ratio_rm=0.0004
[OMPT][WIN100ms] ompt_id=1407374883553281 tid=72611  tipo=ompt_thread_worker     cpu=214 numa=1  d_rm=    3188  d_instr=1431341829  d_cyc= 374161048  d_all= 9259682  IPC=3.825  ratio_rm=0.0003
[OMPT][WIN100ms] ompt_id=1970324836974593 tid=72612  tipo=ompt_thread_worker     cpu=222 numa=1  d_rm=    3464  d_instr=1460158494  d_cyc= 374311638  d_all= 9444082  IPC=3.901  ratio_rm=0.0004
[OMPT][WIN100ms] ompt_id=2251799813685249 tid=72614  tipo=ompt_thread_worker     cpu=231 numa=1  d_rm=    3211  d_instr=1443167375  d_cyc= 373925167  d_all= 9353510  IPC=3.860  ratio_rm=0.0003
[OMPT][WIN100ms] ompt_id=1688849860263937 tid=72613  tipo=ompt_thread_worker     cpu= 24 numa=0  d_rm=    2925  d_instr=1450506834  d_cyc= 374407346  d_all= 9394466  IPC=3.874  ratio_rm=0.0003
[OMPT] implicit_task_end: parallel_id=0 thread_num=0
[OMPT] parallel_end: parallel_id=281474976710829
[OMPT] parallel_begin: parallel_id=281474976710831 team_size=8
[OMPT] implicit_task_end: parallel_id=0 thread_num=4
[OMPT] implicit_task_end: parallel_id=0 thread_num=7
[OMPT] implicit_task_end: parallel_id=0 thread_num=2
[OMPT] implicit_task_end: parallel_id=0 thread_num=3
[OMPT] implicit_task_begin: parallel_id=281474976710831 thread_num=7 team_size=8
[OMPT] implicit_task_end: parallel_id=0 thread_num=6
[OMPT] implicit_task_begin: parallel_id=281474976710831 thread_num=3 team_size=8
[OMPT] implicit_task_end: parallel_id=0 thread_num=5
[OMPT] implicit_task_end: parallel_id=0 thread_num=1
[OMPT] implicit_task_begin: parallel_id=281474976710831 thread_num=5 team_size=8
[OMPT] implicit_task_begin: parallel_id=281474976710831 thread_num=0 team_size=8
[OMPT] implicit_task_begin: parallel_id=281474976710831 thread_num=2 team_size=8
[OMPT] implicit_task_begin: parallel_id=281474976710831 thread_num=4 team_size=8
[OMPT] implicit_task_begin: parallel_id=281474976710831 thread_num=6 team_size=8
[OMPT] implicit_task_begin: parallel_id=281474976710831 thread_num=1 team_size=8
[OMPT][WIN100ms] ompt_id=281474976710657 tid=72606  tipo=ompt_thread_initial    cpu=255 numa=1  d_rm=    4308  d_instr=1409881361  d_cyc= 372229033  d_all= 9079038  IPC=3.788  ratio_rm=0.0005
[OMPT][WIN100ms] ompt_id=562949953421313 tid=72608  tipo=ompt_thread_worker     cpu=  1 numa=0  d_rm=    3194  d_instr=1400621363  d_cyc= 372455035  d_all= 9015739  IPC=3.761  ratio_rm=0.0004
[OMPT][WIN100ms] ompt_id=844424930131969 tid=72609  tipo=ompt_thread_worker     cpu= 73 numa=1  d_rm=    3333  d_instr=1394833962  d_cyc= 371827837  d_all= 8947992  IPC=3.751  ratio_rm=0.0004
[OMPT][WIN100ms] ompt_id=1125899906842625 tid=72610  tipo=ompt_thread_worker     cpu= 46 numa=0  d_rm=    3627  d_instr=1409322842  d_cyc= 372436872  d_all= 9053515  IPC=3.784  ratio_rm=0.0004
[OMPT][WIN100ms] ompt_id=1407374883553281 tid=72611  tipo=ompt_thread_worker     cpu=214 numa=1  d_rm=    3172  d_instr=1418929757  d_cyc= 373535504  d_all= 9187786  IPC=3.799  ratio_rm=0.0003
[OMPT][WIN100ms] ompt_id=1970324836974593 tid=72612  tipo=ompt_thread_worker     cpu=222 numa=1  d_rm=    3475  d_instr=1403689450  d_cyc= 372159265  d_all= 9004957  IPC=3.772  ratio_rm=0.0004
[OMPT][WIN100ms] ompt_id=2251799813685249 tid=72614  tipo=ompt_thread_worker     cpu=231 numa=1  d_rm=    6413  d_instr=1421115991  d_cyc= 372988683  d_all= 9151243  IPC=3.810  ratio_rm=0.0007
[OMPT][WIN100ms] ompt_id=1688849860263937 tid=72613  tipo=ompt_thread_worker     cpu= 24 numa=0  d_rm=    3193  d_instr=1398651982  d_cyc= 373530436  d_all= 9046556  IPC=3.744  ratio_rm=0.0004
[OMPT][WIN100ms] ompt_id=281474976710657 tid=72606  tipo=ompt_thread_initial    cpu=255 numa=1  d_rm=    3217  d_instr=1452876641  d_cyc= 374162166  d_all= 9397499  IPC=3.883  ratio_rm=0.0003
[OMPT][WIN100ms] ompt_id=562949953421313 tid=72608  tipo=ompt_thread_worker     cpu=  1 numa=0  d_rm=    3058  d_instr=1455658768  d_cyc= 374409567  d_all= 9415354  IPC=3.888  ratio_rm=0.0003
[OMPT][WIN100ms] ompt_id=844424930131969 tid=72609  tipo=ompt_thread_worker     cpu= 73 numa=1  d_rm=    3330  d_instr=1454595360  d_cyc= 374221146  d_all= 9408551  IPC=3.887  ratio_rm=0.0004
[OMPT][WIN100ms] ompt_id=1125899906842625 tid=72610  tipo=ompt_thread_worker     cpu= 46 numa=0  d_rm=    3251  d_instr=1452522582  d_cyc= 374219848  d_all= 9395302  IPC=3.881  ratio_rm=0.0003
[OMPT][WIN100ms] ompt_id=1407374883553281 tid=72611  tipo=ompt_thread_worker     cpu=214 numa=1  d_rm=    2998  d_instr=1407372356  d_cyc= 374094810  d_all= 9107009  IPC=3.762  ratio_rm=0.0003
[OMPT][WIN100ms] ompt_id=1970324836974593 tid=72612  tipo=ompt_thread_worker     cpu=222 numa=1  d_rm=    3396  d_instr=1459860585  d_cyc= 374246857  d_all= 9462647  IPC=3.901  ratio_rm=0.0004
[OMPT][WIN100ms] ompt_id=2251799813685249 tid=72614  tipo=ompt_thread_worker     cpu=231 numa=1  d_rm=    3192  d_instr=1466518148  d_cyc= 373772335  d_all= 9510372  IPC=3.924  ratio_rm=0.0003
[OMPT][WIN100ms] ompt_id=1688849860263937 tid=72613  tipo=ompt_thread_worker     cpu= 24 numa=0  d_rm=    3077  d_instr=1395573483  d_cyc= 374318834  d_all= 9037277  IPC=3.728  ratio_rm=0.0003
[OMPT] implicit_task_end: parallel_id=0 thread_num=0
[OMPT] parallel_end: parallel_id=281474976710831
[OMPT] parallel_begin: parallel_id=281474976710833 team_size=8
[OMPT] implicit_task_end: parallel_id=0 thread_num=4
[OMPT] implicit_task_end: parallel_id=0 thread_num=7
[OMPT] implicit_task_end: parallel_id=0 thread_num=2
[OMPT] implicit_task_end: parallel_id=0 thread_num=3
[OMPT] implicit_task_begin: parallel_id=281474976710833 thread_num=2 team_size=8
[OMPT] implicit_task_begin: parallel_id=281474976710833 thread_num=3 team_size=8
[OMPT] implicit_task_end: parallel_id=0 thread_num=5
[OMPT] implicit_task_end: parallel_id=0 thread_num=1
[OMPT] implicit_task_begin: parallel_id=281474976710833 thread_num=5 team_size=8
[OMPT] implicit_task_begin: parallel_id=281474976710833 thread_num=0 team_size=8
[OMPT] implicit_task_begin: parallel_id=281474976710833 thread_num=4 team_size=8
[OMPT] implicit_task_begin: parallel_id=281474976710833 thread_num=7 team_size=8
[OMPT] implicit_task_begin: parallel_id=281474976710833 thread_num=1 team_size=8
[OMPT] implicit_task_end: parallel_id=0 thread_num=6
[OMPT] implicit_task_begin: parallel_id=281474976710833 thread_num=6 team_size=8
[OMPT][WIN100ms] ompt_id=281474976710657 tid=72606  tipo=ompt_thread_initial    cpu=255 numa=1  d_rm=    4761  d_instr=1393229524  d_cyc= 371883015  d_all= 8950613  IPC=3.746  ratio_rm=0.0005
[OMPT][WIN100ms] ompt_id=562949953421313 tid=72608  tipo=ompt_thread_worker     cpu=  1 numa=0  d_rm=    2915  d_instr=1395359565  d_cyc= 372262999  d_all= 8975729  IPC=3.748  ratio_rm=0.0003
[OMPT][WIN100ms] ompt_id=844424930131969 tid=72609  tipo=ompt_thread_worker     cpu= 73 numa=1  d_rm=    3185  d_instr=1401665285  d_cyc= 372251627  d_all= 8997074  IPC=3.765  ratio_rm=0.0004
[OMPT][WIN100ms] ompt_id=1125899906842625 tid=72610  tipo=ompt_thread_worker     cpu= 46 numa=0  d_rm=    3357  d_instr=1387911819  d_cyc= 372543141  d_all= 8917290  IPC=3.726  ratio_rm=0.0004
[OMPT][WIN100ms] ompt_id=1407374883553281 tid=72611  tipo=ompt_thread_worker     cpu=214 numa=1  d_rm=    3901  d_instr=1435860597  d_cyc= 373472124  d_all= 9301464  IPC=3.845  ratio_rm=0.0004
[OMPT][WIN100ms] ompt_id=1970324836974593 tid=72612  tipo=ompt_thread_worker     cpu=222 numa=1  d_rm=    3497  d_instr=1390604473  d_cyc= 372085607  d_all= 8914042  IPC=3.737  ratio_rm=0.0004
[OMPT][WIN100ms] ompt_id=2251799813685249 tid=72614  tipo=ompt_thread_worker     cpu=231 numa=1  d_rm=    6599  d_instr=1394395898  d_cyc= 371516524  d_all= 8920171  IPC=3.753  ratio_rm=0.0007
[OMPT][WIN100ms] ompt_id=1688849860263937 tid=72613  tipo=ompt_thread_worker     cpu= 24 numa=0  d_rm=    3431  d_instr=1447621368  d_cyc= 373600294  d_all= 9381441  IPC=3.875  ratio_rm=0.0004
[OMPT][WIN100ms] ompt_id=281474976710657 tid=72606  tipo=ompt_thread_initial    cpu=255 numa=1  d_rm=    3300  d_instr=1447179617  d_cyc= 374174518  d_all= 9361443  IPC=3.868  ratio_rm=0.0004
[OMPT][WIN100ms] ompt_id=562949953421313 tid=72608  tipo=ompt_thread_worker     cpu=  1 numa=0  d_rm=    3118  d_instr=1441232778  d_cyc= 374494111  d_all= 9322967  IPC=3.848  ratio_rm=0.0003
[OMPT][WIN100ms] ompt_id=844424930131969 tid=72609  tipo=ompt_thread_worker     cpu= 73 numa=1  d_rm=    3273  d_instr=1458674654  d_cyc= 374298632  d_all= 9448982  IPC=3.897  ratio_rm=0.0003
[OMPT][WIN100ms] ompt_id=1125899906842625 tid=72610  tipo=ompt_thread_worker     cpu= 46 numa=0  d_rm=    3156  d_instr=1452846363  d_cyc= 374208461  d_all= 9416216  IPC=3.882  ratio_rm=0.0003
[OMPT][WIN100ms] ompt_id=1407374883553281 tid=72611  tipo=ompt_thread_worker     cpu=214 numa=1  d_rm=    2955  d_instr=1440592139  d_cyc= 374056075  d_all= 9332761  IPC=3.851  ratio_rm=0.0003
[OMPT][WIN100ms] ompt_id=1970324836974593 tid=72612  tipo=ompt_thread_worker     cpu=222 numa=1  d_rm=    3307  d_instr=1449179718  d_cyc= 374237898  d_all= 9393662  IPC=3.872  ratio_rm=0.0004
[OMPT][WIN100ms] ompt_id=2251799813685249 tid=72614  tipo=ompt_thread_worker     cpu=231 numa=1  d_rm=    3363  d_instr=1447418208  d_cyc= 373925176  d_all= 9381354  IPC=3.871  ratio_rm=0.0004
[OMPT][WIN100ms] ompt_id=1688849860263937 tid=72613  tipo=ompt_thread_worker     cpu= 24 numa=0  d_rm=    3144  d_instr=1456492665  d_cyc= 374385146  d_all= 9441449  IPC=3.890  ratio_rm=0.0003
[OMPT] implicit_task_end: parallel_id=0 thread_num=0
[OMPT] parallel_end: parallel_id=281474976710833
[OMPT] parallel_begin: parallel_id=281474976710835 team_size=8
[OMPT] implicit_task_end: parallel_id=0 thread_num=4
[OMPT] implicit_task_end: parallel_id=0 thread_num=6
[OMPT] implicit_task_begin: parallel_id=281474976710835 thread_num=0 team_size=8
[OMPT] implicit_task_end: parallel_id=0 thread_num=2
[OMPT] implicit_task_begin: parallel_id=281474976710835 thread_num=6 team_size=8
[OMPT] implicit_task_end: parallel_id=0 thread_num=1
[OMPT] implicit_task_begin: parallel_id=281474976710835 thread_num=2 team_size=8
[OMPT] implicit_task_begin: parallel_id=281474976710835 thread_num=1 team_size=8
[OMPT] implicit_task_end: parallel_id=0 thread_num=5
[OMPT] implicit_task_end: parallel_id=0 thread_num=7
[OMPT] implicit_task_end: parallel_id=0 thread_num=3
[OMPT] implicit_task_begin: parallel_id=281474976710835 thread_num=7 team_size=8
[OMPT] implicit_task_begin: parallel_id=281474976710835 thread_num=4 team_size=8
[OMPT] implicit_task_begin: parallel_id=281474976710835 thread_num=3 team_size=8
[OMPT] implicit_task_begin: parallel_id=281474976710835 thread_num=5 team_size=8
[OMPT][WIN100ms] ompt_id=281474976710657 tid=72606  tipo=ompt_thread_initial    cpu=255 numa=1  d_rm=    4667  d_instr=1446888391  d_cyc= 373481336  d_all= 9353522  IPC=3.874  ratio_rm=0.0005
[OMPT][WIN100ms] ompt_id=562949953421313 tid=72608  tipo=ompt_thread_worker     cpu=  1 numa=0  d_rm=    3152  d_instr=1458949807  d_cyc= 374013915  d_all= 9458091  IPC=3.901  ratio_rm=0.0003
[OMPT][WIN100ms] ompt_id=844424930131969 tid=72609  tipo=ompt_thread_worker     cpu= 73 numa=1  d_rm=    3437  d_instr=1424403364  d_cyc= 373251087  d_all= 9189516  IPC=3.816  ratio_rm=0.0004
[OMPT][WIN100ms] ompt_id=1125899906842625 tid=72610  tipo=ompt_thread_worker     cpu= 46 numa=0  d_rm=    3558  d_instr=1442940602  d_cyc= 373490892  d_all= 9342054  IPC=3.863  ratio_rm=0.0004
[OMPT][WIN100ms] ompt_id=1407374883553281 tid=72611  tipo=ompt_thread_worker     cpu=214 numa=1  d_rm=    3495  d_instr=1441665039  d_cyc= 373558725  d_all= 9342059  IPC=3.859  ratio_rm=0.0004
[OMPT][WIN100ms] ompt_id=1970324836974593 tid=72612  tipo=ompt_thread_worker     cpu=222 numa=1  d_rm=    3869  d_instr=1436630640  d_cyc= 373346876  d_all= 9289298  IPC=3.848  ratio_rm=0.0004
[OMPT][WIN100ms] ompt_id=2251799813685249 tid=72614  tipo=ompt_thread_worker     cpu=231 numa=1  d_rm=    6894  d_instr=1440841980  d_cyc= 373066093  d_all= 9291814  IPC=3.862  ratio_rm=0.0007
[OMPT][WIN100ms] ompt_id=1688849860263937 tid=72613  tipo=ompt_thread_worker     cpu= 24 numa=0  d_rm=    3245  d_instr=1431035443  d_cyc= 373963744  d_all= 9248404  IPC=3.827  ratio_rm=0.0004
[OMPT][WIN100ms] ompt_id=281474976710657 tid=72606  tipo=ompt_thread_initial    cpu=255 numa=1  d_rm=    3360  d_instr=1465004150  d_cyc= 373785495  d_all= 9493381  IPC=3.919  ratio_rm=0.0004
[OMPT][WIN100ms] ompt_id=562949953421313 tid=72608  tipo=ompt_thread_worker     cpu=  1 numa=0  d_rm=    3084  d_instr=1464101599  d_cyc= 374428177  d_all= 9487512  IPC=3.910  ratio_rm=0.0003
[OMPT][WIN100ms] ompt_id=844424930131969 tid=72609  tipo=ompt_thread_worker     cpu= 73 numa=1  d_rm=    3063  d_instr=1455461353  d_cyc= 374175053  d_all= 9433365  IPC=3.890  ratio_rm=0.0003
[OMPT][WIN100ms] ompt_id=1125899906842625 tid=72610  tipo=ompt_thread_worker     cpu= 46 numa=0  d_rm=    3257  d_instr=1458189049  d_cyc= 374191055  d_all= 9451918  IPC=3.897  ratio_rm=0.0003
[OMPT][WIN100ms] ompt_id=1407374883553281 tid=72611  tipo=ompt_thread_worker     cpu=214 numa=1  d_rm=    3340  d_instr=1432380396  d_cyc= 374031455  d_all= 9287623  IPC=3.830  ratio_rm=0.0004
[OMPT][WIN100ms] ompt_id=1970324836974593 tid=72612  tipo=ompt_thread_worker     cpu=222 numa=1  d_rm=    3473  d_instr=1458057420  d_cyc= 374241607  d_all= 9451613  IPC=3.896  ratio_rm=0.0004
[OMPT][WIN100ms] ompt_id=2251799813685249 tid=72614  tipo=ompt_thread_worker     cpu=231 numa=1  d_rm=    3816  d_instr=1454670313  d_cyc= 374189118  d_all= 9422960  IPC=3.888  ratio_rm=0.0004
[OMPT][WIN100ms] ompt_id=1688849860263937 tid=72613  tipo=ompt_thread_worker     cpu= 24 numa=0  d_rm=    3160  d_instr=1452538413  d_cyc= 374313981  d_all= 9416186  IPC=3.881  ratio_rm=0.0003
[OMPT] implicit_task_end: parallel_id=0 thread_num=0
[OMPT] parallel_end: parallel_id=281474976710835
[OMPT] parallel_begin: parallel_id=281474976710837 team_size=8
[OMPT] implicit_task_end: parallel_id=0 thread_num=4
[OMPT] implicit_task_end: parallel_id=0 thread_num=5
[OMPT] implicit_task_end: parallel_id=0 thread_num=2
[OMPT] implicit_task_end: parallel_id=0 thread_num=1
[OMPT] implicit_task_begin: parallel_id=281474976710837 thread_num=2 team_size=8
[OMPT] implicit_task_end: parallel_id=0 thread_num=7
[OMPT] implicit_task_end: parallel_id=0 thread_num=3
[OMPT] implicit_task_begin: parallel_id=281474976710837 thread_num=7 team_size=8
[OMPT] implicit_task_begin: parallel_id=281474976710837 thread_num=0 team_size=8
[OMPT] implicit_task_begin: parallel_id=281474976710837 thread_num=3 team_size=8
[OMPT] implicit_task_begin: parallel_id=281474976710837 thread_num=4 team_size=8
[OMPT] implicit_task_begin: parallel_id=281474976710837 thread_num=5 team_size=8
[OMPT] implicit_task_begin: parallel_id=281474976710837 thread_num=1 team_size=8
[OMPT] implicit_task_end: parallel_id=0 thread_num=6
[OMPT] implicit_task_begin: parallel_id=281474976710837 thread_num=6 team_size=8
[OMPT][WIN100ms] ompt_id=281474976710657 tid=72606  tipo=ompt_thread_initial    cpu=255 numa=1  d_rm=    4388  d_instr=1413734887  d_cyc= 372498212  d_all= 9107487  IPC=3.795  ratio_rm=0.0005
[OMPT][WIN100ms] ompt_id=562949953421313 tid=72608  tipo=ompt_thread_worker     cpu=  1 numa=0  d_rm=    3292  d_instr=1404349257  d_cyc= 372485227  d_all= 9045486  IPC=3.770  ratio_rm=0.0004
[OMPT][WIN100ms] ompt_id=844424930131969 tid=72609  tipo=ompt_thread_worker     cpu= 73 numa=1  d_rm=    3208  d_instr=1430894771  d_cyc= 372901871  d_all= 9238068  IPC=3.837  ratio_rm=0.0003
[OMPT][WIN100ms] ompt_id=1125899906842625 tid=72610  tipo=ompt_thread_worker     cpu= 46 numa=0  d_rm=    3595  d_instr=1423424910  d_cyc= 372909646  d_all= 9187738  IPC=3.817  ratio_rm=0.0004
[OMPT][WIN100ms] ompt_id=1407374883553281 tid=72611  tipo=ompt_thread_worker     cpu=214 numa=1  d_rm=    3511  d_instr=1453451001  d_cyc= 373571025  d_all= 9415416  IPC=3.891  ratio_rm=0.0004
[OMPT][WIN100ms] ompt_id=1970324836974593 tid=72612  tipo=ompt_thread_worker     cpu=222 numa=1  d_rm=    3953  d_instr=1436047252  d_cyc= 372972416  d_all= 9267676  IPC=3.850  ratio_rm=0.0004
[OMPT][WIN100ms] ompt_id=2251799813685249 tid=72614  tipo=ompt_thread_worker     cpu=231 numa=1  d_rm=    6705  d_instr=1436968282  d_cyc= 372934169  d_all= 9247327  IPC=3.853  ratio_rm=0.0007
[OMPT][WIN100ms] ompt_id=1688849860263937 tid=72613  tipo=ompt_thread_worker     cpu= 24 numa=0  d_rm=    3311  d_instr=1407784396  d_cyc= 372898445  d_all= 9080929  IPC=3.775  ratio_rm=0.0004
[OMPT] implicit_task_end: parallel_id=0 thread_num=0
[OMPT] parallel_end: parallel_id=281474976710837
[OMPT] parallel_begin: parallel_id=281474976710839 team_size=8
[OMPT] implicit_task_end: parallel_id=0 thread_num=4
[OMPT] implicit_task_end: parallel_id=0 thread_num=5
[OMPT] implicit_task_end: parallel_id=0 thread_num=2
[OMPT] implicit_task_end: parallel_id=0 thread_num=3
[OMPT] implicit_task_end: parallel_id=0 thread_num=1
[OMPT] implicit_task_end: parallel_id=0 thread_num=6
[OMPT] implicit_task_end: parallel_id=0 thread_num=7
[OMPT] implicit_task_begin: parallel_id=281474976710839 thread_num=1 team_size=8
[OMPT] implicit_task_begin: parallel_id=281474976710839 thread_num=6 team_size=8
[OMPT] implicit_task_begin: parallel_id=281474976710839 thread_num=2 team_size=8
[OMPT] implicit_task_begin: parallel_id=281474976710839 thread_num=4 team_size=8
[OMPT] implicit_task_begin: parallel_id=281474976710839 thread_num=0 team_size=8
[OMPT] implicit_task_begin: parallel_id=281474976710839 thread_num=7 team_size=8
[OMPT] implicit_task_begin: parallel_id=281474976710839 thread_num=5 team_size=8
[OMPT] implicit_task_begin: parallel_id=281474976710839 thread_num=3 team_size=8
[OMPT][WIN100ms] ompt_id=281474976710657 tid=72606  tipo=ompt_thread_initial    cpu=255 numa=1  d_rm=    4400  d_instr=1385304234  d_cyc= 371569595  d_all= 8870269  IPC=3.728  ratio_rm=0.0005
[OMPT][WIN100ms] ompt_id=562949953421313 tid=72608  tipo=ompt_thread_worker     cpu=  1 numa=0  d_rm=    3296  d_instr=1391036621  d_cyc= 372299215  d_all= 8925525  IPC=3.736  ratio_rm=0.0004
[OMPT][WIN100ms] ompt_id=844424930131969 tid=72609  tipo=ompt_thread_worker     cpu= 73 numa=1  d_rm=    3165  d_instr=1381485500  d_cyc= 371437065  d_all= 8845144  IPC=3.719  ratio_rm=0.0004
[OMPT][WIN100ms] ompt_id=1125899906842625 tid=72610  tipo=ompt_thread_worker     cpu= 46 numa=0  d_rm=    3586  d_instr=1380083761  d_cyc= 372221184  d_all= 8849314  IPC=3.708  ratio_rm=0.0004
[OMPT][WIN100ms] ompt_id=1407374883553281 tid=72611  tipo=ompt_thread_worker     cpu=214 numa=1  d_rm=    3220  d_instr=1362829093  d_cyc= 373695090  d_all= 8826187  IPC=3.647  ratio_rm=0.0004
[OMPT][WIN100ms] ompt_id=1970324836974593 tid=72612  tipo=ompt_thread_worker     cpu=222 numa=1  d_rm=    3577  d_instr=1373047081  d_cyc= 371981664  d_all= 8785773  IPC=3.691  ratio_rm=0.0004
[OMPT][WIN100ms] ompt_id=2251799813685249 tid=72614  tipo=ompt_thread_worker     cpu=231 numa=1  d_rm=    6366  d_instr=1370861104  d_cyc= 371409538  d_all= 8745594  IPC=3.691  ratio_rm=0.0007
[OMPT][WIN100ms] ompt_id=1688849860263937 tid=72613  tipo=ompt_thread_worker     cpu= 24 numa=0  d_rm=    3249  d_instr=1394481677  d_cyc= 373441236  d_all= 8999747  IPC=3.734  ratio_rm=0.0004
[OMPT][WIN100ms] ompt_id=281474976710657 tid=72606  tipo=ompt_thread_initial    cpu=255 numa=1  d_rm=    3298  d_instr=1451290169  d_cyc= 374093097  d_all= 9407210  IPC=3.879  ratio_rm=0.0004
[OMPT][WIN100ms] ompt_id=562949953421313 tid=72608  tipo=ompt_thread_worker     cpu=  1 numa=0  d_rm=    2937  d_instr=1470539915  d_cyc= 374113457  d_all= 9534711  IPC=3.931  ratio_rm=0.0003
[OMPT][WIN100ms] ompt_id=844424930131969 tid=72609  tipo=ompt_thread_worker     cpu= 73 numa=1  d_rm=    3100  d_instr=1460118330  d_cyc= 374362896  d_all= 9464606  IPC=3.900  ratio_rm=0.0003
[OMPT][WIN100ms] ompt_id=1125899906842625 tid=72610  tipo=ompt_thread_worker     cpu= 46 numa=0  d_rm=    3455  d_instr=1452713044  d_cyc= 374429871  d_all= 9412185  IPC=3.880  ratio_rm=0.0004
[OMPT][WIN100ms] ompt_id=1407374883553281 tid=72611  tipo=ompt_thread_worker     cpu=214 numa=1  d_rm=    3009  d_instr=1444880953  d_cyc= 374296321  d_all= 9365171  IPC=3.860  ratio_rm=0.0003
[OMPT][WIN100ms] ompt_id=1970324836974593 tid=72612  tipo=ompt_thread_worker     cpu=222 numa=1  d_rm=    3422  d_instr=1439883997  d_cyc= 374536949  d_all= 9326654  IPC=3.844  ratio_rm=0.0004
[OMPT][WIN100ms] ompt_id=2251799813685249 tid=72614  tipo=ompt_thread_worker     cpu=231 numa=1  d_rm=    3198  d_instr=1472371120  d_cyc= 374488362  d_all= 9522859  IPC=3.932  ratio_rm=0.0003
[OMPT][WIN100ms] ompt_id=1688849860263937 tid=72613  tipo=ompt_thread_worker     cpu= 24 numa=0  d_rm=    3130  d_instr=1426335511  d_cyc= 374589369  d_all= 9227427  IPC=3.808  ratio_rm=0.0003
[OMPT] implicit_task_end: parallel_id=0 thread_num=0
[OMPT] parallel_end: parallel_id=281474976710839
[OMPT] parallel_begin: parallel_id=281474976710841 team_size=8
[OMPT] implicit_task_end: parallel_id=0 thread_num=4
[OMPT] implicit_task_end: parallel_id=0 thread_num=7
[OMPT] implicit_task_end: parallel_id=0 thread_num=3
[OMPT] implicit_task_end: parallel_id=0 thread_num=2
[OMPT] implicit_task_begin: parallel_id=281474976710841 thread_num=3 team_size=8
[OMPT] implicit_task_end: parallel_id=0 thread_num=6
[OMPT] implicit_task_begin: parallel_id=281474976710841 thread_num=2 team_size=8
[OMPT] implicit_task_begin: parallel_id=281474976710841 thread_num=6 team_size=8
[OMPT] implicit_task_end: parallel_id=0 thread_num=5
[OMPT] implicit_task_end: parallel_id=0 thread_num=1
[OMPT] implicit_task_begin: parallel_id=281474976710841 thread_num=5 team_size=8
[OMPT] implicit_task_begin: parallel_id=281474976710841 thread_num=0 team_size=8
[OMPT] implicit_task_begin: parallel_id=281474976710841 thread_num=4 team_size=8
[OMPT] implicit_task_begin: parallel_id=281474976710841 thread_num=7 team_size=8
[OMPT] implicit_task_begin: parallel_id=281474976710841 thread_num=1 team_size=8
[OMPT][WIN100ms] ompt_id=281474976710657 tid=72606  tipo=ompt_thread_initial    cpu=255 numa=1  d_rm=    4679  d_instr=1427821803  d_cyc= 372495401  d_all= 9207420  IPC=3.833  ratio_rm=0.0005
[OMPT][WIN100ms] ompt_id=562949953421313 tid=72608  tipo=ompt_thread_worker     cpu=  1 numa=0  d_rm=    3069  d_instr=1412993909  d_cyc= 371857780  d_all= 9096601  IPC=3.800  ratio_rm=0.0003
[OMPT][WIN100ms] ompt_id=844424930131969 tid=72609  tipo=ompt_thread_worker     cpu= 73 numa=1  d_rm=    3416  d_instr=1424547188  d_cyc= 372706583  d_all= 9181206  IPC=3.822  ratio_rm=0.0004
[OMPT][WIN100ms] ompt_id=1125899906842625 tid=72610  tipo=ompt_thread_worker     cpu= 46 numa=0  d_rm=    3494  d_instr=1431538339  d_cyc= 373382403  d_all= 9253724  IPC=3.834  ratio_rm=0.0004
[OMPT][WIN100ms] ompt_id=1407374883553281 tid=72611  tipo=ompt_thread_worker     cpu=214 numa=1  d_rm=    3517  d_instr=1432234270  d_cyc= 373328610  d_all= 9272756  IPC=3.836  ratio_rm=0.0004
[OMPT][WIN100ms] ompt_id=1970324836974593 tid=72612  tipo=ompt_thread_worker     cpu=222 numa=1  d_rm=    3694  d_instr=1442530367  d_cyc= 373374249  d_all= 9328594  IPC=3.863  ratio_rm=0.0004
[OMPT][WIN100ms] ompt_id=2251799813685249 tid=72614  tipo=ompt_thread_worker     cpu=231 numa=1  d_rm=    6526  d_instr=1409433685  d_cyc= 372685405  d_all= 9072233  IPC=3.782  ratio_rm=0.0007
[OMPT][WIN100ms] ompt_id=1688849860263937 tid=72613  tipo=ompt_thread_worker     cpu= 24 numa=0  d_rm=    3482  d_instr=1456867099  d_cyc= 374004785  d_all= 9427219  IPC=3.895  ratio_rm=0.0004
[OMPT][WIN100ms] ompt_id=281474976710657 tid=72606  tipo=ompt_thread_initial    cpu=255 numa=1  d_rm=    3061  d_instr=1455020236  d_cyc= 373968230  d_all= 9430283  IPC=3.891  ratio_rm=0.0003
[OMPT][WIN100ms] ompt_id=562949953421313 tid=72608  tipo=ompt_thread_worker     cpu=  1 numa=0  d_rm=    3096  d_instr=1455074660  d_cyc= 374456033  d_all= 9428638  IPC=3.886  ratio_rm=0.0003
[OMPT][WIN100ms] ompt_id=844424930131969 tid=72609  tipo=ompt_thread_worker     cpu= 73 numa=1  d_rm=    2978  d_instr=1453311842  d_cyc= 374234936  d_all= 9414472  IPC=3.883  ratio_rm=0.0003
[OMPT][WIN100ms] ompt_id=1125899906842625 tid=72610  tipo=ompt_thread_worker     cpu= 46 numa=0  d_rm=    3242  d_instr=1459432988  d_cyc= 374307568  d_all= 9442428  IPC=3.899  ratio_rm=0.0003
[OMPT][WIN100ms] ompt_id=1407374883553281 tid=72611  tipo=ompt_thread_worker     cpu=214 numa=1  d_rm=    2975  d_instr=1425826266  d_cyc= 374144510  d_all= 9224378  IPC=3.811  ratio_rm=0.0003
[OMPT][WIN100ms] ompt_id=1970324836974593 tid=72612  tipo=ompt_thread_worker     cpu=222 numa=1  d_rm=    3456  d_instr=1453917930  d_cyc= 373905362  d_all= 9404605  IPC=3.888  ratio_rm=0.0004
[OMPT][WIN100ms] ompt_id=2251799813685249 tid=72614  tipo=ompt_thread_worker     cpu=231 numa=1  d_rm=    3571  d_instr=1455617860  d_cyc= 374265987  d_all= 9415281  IPC=3.889  ratio_rm=0.0004
[OMPT][WIN100ms] ompt_id=1688849860263937 tid=72613  tipo=ompt_thread_worker     cpu= 24 numa=0  d_rm=    3367  d_instr=1456955526  d_cyc= 374270581  d_all= 9423500  IPC=3.893  ratio_rm=0.0004
[OMPT] implicit_task_end: parallel_id=0 thread_num=0
[OMPT] parallel_end: parallel_id=281474976710841
[OMPT] parallel_begin: parallel_id=281474976710843 team_size=8
[OMPT] implicit_task_end: parallel_id=0 thread_num=4
[OMPT] implicit_task_end: parallel_id=0 thread_num=7
[OMPT] implicit_task_begin: parallel_id=281474976710843 thread_num=0 team_size=8
[OMPT] implicit_task_end: parallel_id=0 thread_num=1
[OMPT] implicit_task_end: parallel_id=0 thread_num=5
[OMPT] implicit_task_end: parallel_id=0 thread_num=6
[OMPT] implicit_task_begin: parallel_id=281474976710843 thread_num=5 team_size=8
[OMPT] implicit_task_end: parallel_id=0 thread_num=3
[OMPT] implicit_task_begin: parallel_id=281474976710843 thread_num=3 team_size=8
[OMPT] implicit_task_begin: parallel_id=281474976710843 thread_num=7 team_size=8
[OMPT] implicit_task_begin: parallel_id=281474976710843 thread_num=1 team_size=8
[OMPT] implicit_task_begin: parallel_id=281474976710843 thread_num=6 team_size=8
[OMPT] implicit_task_end: parallel_id=0 thread_num=2
[OMPT] implicit_task_begin: parallel_id=281474976710843 thread_num=4 team_size=8
[OMPT] implicit_task_begin: parallel_id=281474976710843 thread_num=2 team_size=8
[OMPT][WIN100ms] ompt_id=281474976710657 tid=72606  tipo=ompt_thread_initial    cpu=255 numa=1  d_rm=    4407  d_instr=1417394815  d_cyc= 373223182  d_all= 9148747  IPC=3.798  ratio_rm=0.0005
[OMPT][WIN100ms] ompt_id=562949953421313 tid=72608  tipo=ompt_thread_worker     cpu=  1 numa=0  d_rm=    3318  d_instr=1412899388  d_cyc= 372841068  d_all= 9122713  IPC=3.790  ratio_rm=0.0004
[OMPT][WIN100ms] ompt_id=844424930131969 tid=72609  tipo=ompt_thread_worker     cpu= 73 numa=1  d_rm=    3353  d_instr=1426045468  d_cyc= 372126444  d_all= 9180808  IPC=3.832  ratio_rm=0.0004
[OMPT][WIN100ms] ompt_id=1125899906842625 tid=72610  tipo=ompt_thread_worker     cpu= 46 numa=0  d_rm=    3647  d_instr=1416082831  d_cyc= 372451324  d_all= 9116014  IPC=3.802  ratio_rm=0.0004
[OMPT][WIN100ms] ompt_id=1407374883553281 tid=72611  tipo=ompt_thread_worker     cpu=214 numa=1  d_rm=    3670  d_instr=1440346810  d_cyc= 373243503  d_all= 9325040  IPC=3.859  ratio_rm=0.0004
[OMPT][WIN100ms] ompt_id=1970324836974593 tid=72612  tipo=ompt_thread_worker     cpu=222 numa=1  d_rm=    3588  d_instr=1422281730  d_cyc= 372441371  d_all= 9153501  IPC=3.819  ratio_rm=0.0004
[OMPT][WIN100ms] ompt_id=2251799813685249 tid=72614  tipo=ompt_thread_worker     cpu=231 numa=1  d_rm=    6881  d_instr=1424051923  d_cyc= 372801073  d_all= 9166304  IPC=3.820  ratio_rm=0.0008
[OMPT][WIN100ms] ompt_id=1688849860263937 tid=72613  tipo=ompt_thread_worker     cpu= 24 numa=0  d_rm=    3181  d_instr=1409113666  d_cyc= 372718738  d_all= 9074065  IPC=3.781  ratio_rm=0.0004
[OMPT][WIN100ms] ompt_id=281474976710657 tid=72606  tipo=ompt_thread_initial    cpu=255 numa=1  d_rm=    3451  d_instr=1458853869  d_cyc= 374085169  d_all= 9449955  IPC=3.900  ratio_rm=0.0004
[OMPT][WIN100ms] ompt_id=562949953421313 tid=72608  tipo=ompt_thread_worker     cpu=  1 numa=0  d_rm=    3099  d_instr=1442498771  d_cyc= 374504906  d_all= 9331383  IPC=3.852  ratio_rm=0.0003
[OMPT][WIN100ms] ompt_id=844424930131969 tid=72609  tipo=ompt_thread_worker     cpu= 73 numa=1  d_rm=    3058  d_instr=1467445222  d_cyc= 374312024  d_all= 9491406  IPC=3.920  ratio_rm=0.0003
[OMPT][WIN100ms] ompt_id=1125899906842625 tid=72610  tipo=ompt_thread_worker     cpu= 46 numa=0  d_rm=    3410  d_instr=1455611510  d_cyc= 374386609  d_all= 9415075  IPC=3.888  ratio_rm=0.0004
[OMPT][WIN100ms] ompt_id=1407374883553281 tid=72611  tipo=ompt_thread_worker     cpu=214 numa=1  d_rm=    3009  d_instr=1410082077  d_cyc= 374380542  d_all= 9123366  IPC=3.766  ratio_rm=0.0003
[OMPT][WIN100ms] ompt_id=1970324836974593 tid=72612  tipo=ompt_thread_worker     cpu=222 numa=1  d_rm=    3314  d_instr=1431360438  d_cyc= 374513304  d_all= 9260048  IPC=3.822  ratio_rm=0.0004
[OMPT][WIN100ms] ompt_id=2251799813685249 tid=72614  tipo=ompt_thread_worker     cpu=231 numa=1  d_rm=    3506  d_instr=1455714662  d_cyc= 374058939  d_all= 9416167  IPC=3.892  ratio_rm=0.0004
[OMPT][WIN100ms] ompt_id=1688849860263937 tid=72613  tipo=ompt_thread_worker     cpu= 24 numa=0  d_rm=    3102  d_instr=1432666617  d_cyc= 374497171  d_all= 9268002  IPC=3.826  ratio_rm=0.0003
[OMPT] implicit_task_end: parallel_id=0 thread_num=0
[OMPT] parallel_end: parallel_id=281474976710843
[OMPT] parallel_begin: parallel_id=281474976710845 team_size=8
[OMPT] implicit_task_end: parallel_id=0 thread_num=4
[OMPT] implicit_task_end: parallel_id=0 thread_num=5
[OMPT] implicit_task_end: parallel_id=0 thread_num=2
[OMPT] implicit_task_end: parallel_id=0 thread_num=3
[OMPT] implicit_task_end: parallel_id=0 thread_num=1
[OMPT] implicit_task_end: parallel_id=0 thread_num=6
[OMPT] implicit_task_end: parallel_id=0 thread_num=7
[OMPT] implicit_task_begin: parallel_id=281474976710845 thread_num=5 team_size=8
[OMPT] implicit_task_begin: parallel_id=281474976710845 thread_num=6 team_size=8
[OMPT] implicit_task_begin: parallel_id=281474976710845 thread_num=4 team_size=8
[OMPT] implicit_task_begin: parallel_id=281474976710845 thread_num=0 team_size=8
[OMPT] implicit_task_begin: parallel_id=281474976710845 thread_num=2 team_size=8
[OMPT] implicit_task_begin: parallel_id=281474976710845 thread_num=7 team_size=8
[OMPT] implicit_task_begin: parallel_id=281474976710845 thread_num=1 team_size=8
[OMPT] implicit_task_begin: parallel_id=281474976710845 thread_num=3 team_size=8
[OMPT][WIN100ms] ompt_id=281474976710657 tid=72606  tipo=ompt_thread_initial    cpu=255 numa=1  d_rm=    5462  d_instr=1378889021  d_cyc= 371803408  d_all= 8839539  IPC=3.709  ratio_rm=0.0006
[OMPT][WIN100ms] ompt_id=562949953421313 tid=72608  tipo=ompt_thread_worker     cpu=  1 numa=0  d_rm=    3154  d_instr=1395176489  d_cyc= 372762073  d_all= 8972335  IPC=3.743  ratio_rm=0.0004
[OMPT][WIN100ms] ompt_id=844424930131969 tid=72609  tipo=ompt_thread_worker     cpu= 73 numa=1  d_rm=    3123  d_instr=1375605244  d_cyc= 371433774  d_all= 8791165  IPC=3.704  ratio_rm=0.0004
[OMPT][WIN100ms] ompt_id=1125899906842625 tid=72610  tipo=ompt_thread_worker     cpu= 46 numa=0  d_rm=    3401  d_instr=1384498384  d_cyc= 372081954  d_all= 8870684  IPC=3.721  ratio_rm=0.0004
[OMPT][WIN100ms] ompt_id=1407374883553281 tid=72611  tipo=ompt_thread_worker     cpu=214 numa=1  d_rm=    3275  d_instr=1421247941  d_cyc= 373482317  d_all= 9192651  IPC=3.805  ratio_rm=0.0004
[OMPT][WIN100ms] ompt_id=1970324836974593 tid=72612  tipo=ompt_thread_worker     cpu=222 numa=1  d_rm=    3589  d_instr=1399820353  d_cyc= 372974079  d_all= 8999680  IPC=3.753  ratio_rm=0.0004
[OMPT][WIN100ms] ompt_id=2251799813685249 tid=72614  tipo=ompt_thread_worker     cpu=231 numa=1  d_rm=    6655  d_instr=1388056132  d_cyc= 371350676  d_all= 8866780  IPC=3.738  ratio_rm=0.0008
[OMPT][WIN100ms] ompt_id=1688849860263937 tid=72613  tipo=ompt_thread_worker     cpu= 24 numa=0  d_rm=    3315  d_instr=1394635614  d_cyc= 374215953  d_all= 9030308  IPC=3.727  ratio_rm=0.0004
[OMPT][WIN100ms] ompt_id=281474976710657 tid=72606  tipo=ompt_thread_initial    cpu=255 numa=1  d_rm=    3192  d_instr=1455891798  d_cyc= 374241086  d_all= 9416987  IPC=3.890  ratio_rm=0.0003
[OMPT][WIN100ms] ompt_id=562949953421313 tid=72608  tipo=ompt_thread_worker     cpu=  1 numa=0  d_rm=    3500  d_instr=1455034427  d_cyc= 374552689  d_all= 9411696  IPC=3.885  ratio_rm=0.0004
[OMPT][WIN100ms] ompt_id=844424930131969 tid=72609  tipo=ompt_thread_worker     cpu= 73 numa=1  d_rm=    3066  d_instr=1461092824  d_cyc= 374357651  d_all= 9450401  IPC=3.903  ratio_rm=0.0003
[OMPT][WIN100ms] ompt_id=1125899906842625 tid=72610  tipo=ompt_thread_worker     cpu= 46 numa=0  d_rm=    3279  d_instr=1443478903  d_cyc= 374458525  d_all= 9337605  IPC=3.855  ratio_rm=0.0004
[OMPT][WIN100ms] ompt_id=1407374883553281 tid=72611  tipo=ompt_thread_worker     cpu=214 numa=1  d_rm=    3034  d_instr=1426240740  d_cyc= 374290682  d_all= 9226913  IPC=3.811  ratio_rm=0.0003
[OMPT][WIN100ms] ompt_id=1970324836974593 tid=72612  tipo=ompt_thread_worker     cpu=222 numa=1  d_rm=    3706  d_instr=1439012382  d_cyc= 374280866  d_all= 9308670  IPC=3.845  ratio_rm=0.0004
[OMPT][WIN100ms] ompt_id=2251799813685249 tid=72614  tipo=ompt_thread_worker     cpu=231 numa=1  d_rm=    3173  d_instr=1463211191  d_cyc= 373863790  d_all= 9464031  IPC=3.914  ratio_rm=0.0003
[OMPT][WIN100ms] ompt_id=1688849860263937 tid=72613  tipo=ompt_thread_worker     cpu= 24 numa=0  d_rm=    3061  d_instr=1435537482  d_cyc= 374367887  d_all= 9287032  IPC=3.835  ratio_rm=0.0003
[OMPT] implicit_task_end: parallel_id=0 thread_num=0
[OMPT] parallel_end: parallel_id=281474976710845
[OMPT] parallel_begin: parallel_id=281474976710847 team_size=8
[OMPT] implicit_task_end: parallel_id=0 thread_num=4
[OMPT] implicit_task_end: parallel_id=0 thread_num=7
[OMPT] implicit_task_end: parallel_id=0 thread_num=2
[OMPT] implicit_task_begin: parallel_id=281474976710847 thread_num=4 team_size=8
[OMPT] implicit_task_end: parallel_id=0 thread_num=3
[OMPT] implicit_task_begin: parallel_id=281474976710847 thread_num=7 team_size=8
[OMPT] implicit_task_end: parallel_id=0 thread_num=5
[OMPT] implicit_task_begin: parallel_id=281474976710847 thread_num=2 team_size=8
[OMPT] implicit_task_end: parallel_id=0 thread_num=6
[OMPT] implicit_task_begin: parallel_id=281474976710847 thread_num=5 team_size=8
[OMPT] implicit_task_begin: parallel_id=281474976710847 thread_num=0 team_size=8
[OMPT] implicit_task_begin: parallel_id=281474976710847 thread_num=6 team_size=8
[OMPT] implicit_task_end: parallel_id=0 thread_num=1
[OMPT] implicit_task_begin: parallel_id=281474976710847 thread_num=1 team_size=8
[OMPT] implicit_task_begin: parallel_id=281474976710847 thread_num=3 team_size=8
[OMPT][WIN100ms] ompt_id=281474976710657 tid=72606  tipo=ompt_thread_initial    cpu=255 numa=1  d_rm=    4457  d_instr=1379632366  d_cyc= 371827729  d_all= 8855599  IPC=3.710  ratio_rm=0.0005
[OMPT][WIN100ms] ompt_id=562949953421313 tid=72608  tipo=ompt_thread_worker     cpu=  1 numa=0  d_rm=    2970  d_instr=1388402034  d_cyc= 372157793  d_all= 8923056  IPC=3.731  ratio_rm=0.0003
[OMPT][WIN100ms] ompt_id=844424930131969 tid=72609  tipo=ompt_thread_worker     cpu= 73 numa=1  d_rm=    3364  d_instr=1378095121  d_cyc= 371591875  d_all= 8809502  IPC=3.709  ratio_rm=0.0004
[OMPT][WIN100ms] ompt_id=1125899906842625 tid=72610  tipo=ompt_thread_worker     cpu= 46 numa=0  d_rm=    3425  d_instr=1385684492  d_cyc= 372169842  d_all= 8897362  IPC=3.723  ratio_rm=0.0004
[OMPT][WIN100ms] ompt_id=1407374883553281 tid=72611  tipo=ompt_thread_worker     cpu=214 numa=1  d_rm=    3615  d_instr=1391110227  d_cyc= 374057365  d_all= 9009896  IPC=3.719  ratio_rm=0.0004
[OMPT][WIN100ms] ompt_id=1970324836974593 tid=72612  tipo=ompt_thread_worker     cpu=222 numa=1  d_rm=    3617  d_instr=1400109847  d_cyc= 372403694  d_all= 8989076  IPC=3.760  ratio_rm=0.0004
[OMPT][WIN100ms] ompt_id=2251799813685249 tid=72614  tipo=ompt_thread_worker     cpu=231 numa=1  d_rm=    6893  d_instr=1372232830  d_cyc= 371501270  d_all= 8759644  IPC=3.694  ratio_rm=0.0008
[OMPT][WIN100ms] ompt_id=1688849860263937 tid=72613  tipo=ompt_thread_worker     cpu= 24 numa=0  d_rm=    3159  d_instr=1373958342  d_cyc= 372761324  d_all= 8834186  IPC=3.686  ratio_rm=0.0004
[OMPT][WIN100ms] ompt_id=281474976710657 tid=72606  tipo=ompt_thread_initial    cpu=255 numa=1  d_rm=    3229  d_instr=1459331483  d_cyc= 374254006  d_all= 9439058  IPC=3.899  ratio_rm=0.0003
[OMPT][WIN100ms] ompt_id=562949953421313 tid=72608  tipo=ompt_thread_worker     cpu=  1 numa=0  d_rm=    2913  d_instr=1435349826  d_cyc= 374532466  d_all= 9285744  IPC=3.832  ratio_rm=0.0003
[OMPT][WIN100ms] ompt_id=844424930131969 tid=72609  tipo=ompt_thread_worker     cpu= 73 numa=1  d_rm=    3472  d_instr=1453382937  d_cyc= 374397248  d_all= 9401117  IPC=3.882  ratio_rm=0.0004
[OMPT][WIN100ms] ompt_id=1125899906842625 tid=72610  tipo=ompt_thread_worker     cpu= 46 numa=0  d_rm=    3635  d_instr=1447348244  d_cyc= 374413876  d_all= 9362302  IPC=3.866  ratio_rm=0.0004
[OMPT][WIN100ms] ompt_id=1407374883553281 tid=72611  tipo=ompt_thread_worker     cpu=214 numa=1  d_rm=    3014  d_instr=1451804667  d_cyc= 374158783  d_all= 9390533  IPC=3.880  ratio_rm=0.0003
[OMPT][WIN100ms] ompt_id=1970324836974593 tid=72612  tipo=ompt_thread_worker     cpu=222 numa=1  d_rm=    3235  d_instr=1444947314  d_cyc= 374275156  d_all= 9346782  IPC=3.861  ratio_rm=0.0003
[OMPT][WIN100ms] ompt_id=2251799813685249 tid=72614  tipo=ompt_thread_worker     cpu=231 numa=1  d_rm=    3347  d_instr=1468296050  d_cyc= 373896031  d_all= 9515685  IPC=3.927  ratio_rm=0.0004
[OMPT][WIN100ms] ompt_id=1688849860263937 tid=72613  tipo=ompt_thread_worker     cpu= 24 numa=0  d_rm=    3097  d_instr=1452091784  d_cyc= 374495139  d_all= 9394529  IPC=3.877  ratio_rm=0.0003
[OMPT] implicit_task_end: parallel_id=0 thread_num=0
[OMPT] parallel_end: parallel_id=281474976710847
[OMPT] parallel_begin: parallel_id=281474976710849 team_size=8
[OMPT] implicit_task_end: parallel_id=0 thread_num=4
[OMPT] implicit_task_end: parallel_id=0 thread_num=5
[OMPT] implicit_task_begin: parallel_id=281474976710849 thread_num=0 team_size=8
[OMPT] implicit_task_end: parallel_id=0 thread_num=1
[OMPT] implicit_task_begin: parallel_id=281474976710849 thread_num=4 team_size=8
[OMPT] implicit_task_end: parallel_id=0 thread_num=6
[OMPT] implicit_task_end: parallel_id=0 thread_num=3
[OMPT] implicit_task_end: parallel_id=0 thread_num=2
[OMPT] implicit_task_end: parallel_id=0 thread_num=7
[OMPT] implicit_task_begin: parallel_id=281474976710849 thread_num=2 team_size=8
[OMPT] implicit_task_begin: parallel_id=281474976710849 thread_num=5 team_size=8
[OMPT] implicit_task_begin: parallel_id=281474976710849 thread_num=1 team_size=8
[OMPT] implicit_task_begin: parallel_id=281474976710849 thread_num=7 team_size=8
[OMPT] implicit_task_begin: parallel_id=281474976710849 thread_num=6 team_size=8
[OMPT] implicit_task_begin: parallel_id=281474976710849 thread_num=3 team_size=8
[OMPT][WIN100ms] ompt_id=281474976710657 tid=72606  tipo=ompt_thread_initial    cpu=255 numa=1  d_rm=    4394  d_instr=1413872044  d_cyc= 372891006  d_all= 9099180  IPC=3.792  ratio_rm=0.0005
[OMPT][WIN100ms] ompt_id=562949953421313 tid=72608  tipo=ompt_thread_worker     cpu=  1 numa=0  d_rm=    3030  d_instr=1423483743  d_cyc= 373043881  d_all= 9183471  IPC=3.816  ratio_rm=0.0003
[OMPT][WIN100ms] ompt_id=844424930131969 tid=72609  tipo=ompt_thread_worker     cpu= 73 numa=1  d_rm=    3375  d_instr=1414161240  d_cyc= 372640352  d_all= 9103020  IPC=3.795  ratio_rm=0.0004
[OMPT][WIN100ms] ompt_id=1125899906842625 tid=72610  tipo=ompt_thread_worker     cpu= 46 numa=0  d_rm=    3388  d_instr=1419686787  d_cyc= 373052493  d_all= 9166739  IPC=3.806  ratio_rm=0.0004
[OMPT][WIN100ms] ompt_id=1407374883553281 tid=72611  tipo=ompt_thread_worker     cpu=214 numa=1  d_rm=    3194  d_instr=1410967678  d_cyc= 374209147  d_all= 9136929  IPC=3.771  ratio_rm=0.0003
[OMPT][WIN100ms] ompt_id=1970324836974593 tid=72612  tipo=ompt_thread_worker     cpu=222 numa=1  d_rm=    3614  d_instr=1423475852  d_cyc= 373759644  d_all= 9203987  IPC=3.809  ratio_rm=0.0004
[OMPT][WIN100ms] ompt_id=2251799813685249 tid=72614  tipo=ompt_thread_worker     cpu=231 numa=1  d_rm=    6909  d_instr=1415919827  d_cyc= 372076380  d_all= 9090411  IPC=3.805  ratio_rm=0.0008
[OMPT][WIN100ms] ompt_id=1688849860263937 tid=72613  tipo=ompt_thread_worker     cpu= 24 numa=0  d_rm=    3541  d_instr=1422833281  d_cyc= 373577787  d_all= 9213828  IPC=3.809  ratio_rm=0.0004
[OMPT][WIN100ms] ompt_id=281474976710657 tid=72606  tipo=ompt_thread_initial    cpu=255 numa=1  d_rm=    3108  d_instr=1442152060  d_cyc= 374152460  d_all= 9328914  IPC=3.854  ratio_rm=0.0003
[OMPT][WIN100ms] ompt_id=562949953421313 tid=72608  tipo=ompt_thread_worker     cpu=  1 numa=0  d_rm=    3123  d_instr=1438120217  d_cyc= 374456056  d_all= 9303073  IPC=3.841  ratio_rm=0.0003
[OMPT][WIN100ms] ompt_id=844424930131969 tid=72609  tipo=ompt_thread_worker     cpu= 73 numa=1  d_rm=    3085  d_instr=1463785643  d_cyc= 374257010  d_all= 9467185  IPC=3.911  ratio_rm=0.0003
[OMPT][WIN100ms] ompt_id=1125899906842625 tid=72610  tipo=ompt_thread_worker     cpu= 46 numa=0  d_rm=    3322  d_instr=1450194386  d_cyc= 374225738  d_all= 9380496  IPC=3.875  ratio_rm=0.0004
[OMPT][WIN100ms] ompt_id=1407374883553281 tid=72611  tipo=ompt_thread_worker     cpu=214 numa=1  d_rm=    3103  d_instr=1433906045  d_cyc= 374060239  d_all= 9283719  IPC=3.833  ratio_rm=0.0003
[OMPT][WIN100ms] ompt_id=1970324836974593 tid=72612  tipo=ompt_thread_worker     cpu=222 numa=1  d_rm=    3381  d_instr=1459801995  d_cyc= 374241949  d_all= 9463173  IPC=3.901  ratio_rm=0.0004
[OMPT][WIN100ms] ompt_id=2251799813685249 tid=72614  tipo=ompt_thread_worker     cpu=231 numa=1  d_rm=    3452  d_instr=1466736129  d_cyc= 373859201  d_all= 9511760  IPC=3.923  ratio_rm=0.0004
[OMPT][WIN100ms] ompt_id=1688849860263937 tid=72613  tipo=ompt_thread_worker     cpu= 24 numa=0  d_rm=    3330  d_instr=1430455101  d_cyc= 374383650  d_all= 9264149  IPC=3.821  ratio_rm=0.0004
[OMPT] implicit_task_end: parallel_id=0 thread_num=0
[OMPT] parallel_end: parallel_id=281474976710849
[OMPT] parallel_begin: parallel_id=281474976710851 team_size=8
[OMPT] implicit_task_end: parallel_id=0 thread_num=4
[OMPT] implicit_task_end: parallel_id=0 thread_num=6
[OMPT] implicit_task_begin: parallel_id=281474976710851 thread_num=0 team_size=8
[OMPT] implicit_task_end: parallel_id=0 thread_num=2
[OMPT] implicit_task_begin: parallel_id=281474976710851 thread_num=4 team_size=8
[OMPT] implicit_task_end: parallel_id=0 thread_num=3
[OMPT] implicit_task_begin: parallel_id=281474976710851 thread_num=2 team_size=8
[OMPT] implicit_task_begin: parallel_id=281474976710851 thread_num=6 team_size=8
[OMPT] implicit_task_end: parallel_id=0 thread_num=5
[OMPT] implicit_task_end: parallel_id=0 thread_num=7
[OMPT] implicit_task_begin: parallel_id=281474976710851 thread_num=5 team_size=8
[OMPT] implicit_task_end: parallel_id=0 thread_num=1
[OMPT] implicit_task_begin: parallel_id=281474976710851 thread_num=3 team_size=8
[OMPT] implicit_task_begin: parallel_id=281474976710851 thread_num=7 team_size=8
[OMPT] implicit_task_begin: parallel_id=281474976710851 thread_num=1 team_size=8
[OMPT][WIN100ms] ompt_id=281474976710657 tid=72606  tipo=ompt_thread_initial    cpu=255 numa=1  d_rm=    4370  d_instr=1389959450  d_cyc= 372601375  d_all= 8935634  IPC=3.730  ratio_rm=0.0005
[OMPT][WIN100ms] ompt_id=562949953421313 tid=72608  tipo=ompt_thread_worker     cpu=  1 numa=0  d_rm=    3239  d_instr=1410620327  d_cyc= 372810213  d_all= 9095253  IPC=3.784  ratio_rm=0.0004
[OMPT][WIN100ms] ompt_id=844424930131969 tid=72609  tipo=ompt_thread_worker     cpu= 73 numa=1  d_rm=    3158  d_instr=1390328956  d_cyc= 372037267  d_all= 8908926  IPC=3.737  ratio_rm=0.0004
[OMPT][WIN100ms] ompt_id=1125899906842625 tid=72610  tipo=ompt_thread_worker     cpu= 46 numa=0  d_rm=    3301  d_instr=1397599775  d_cyc= 372301588  d_all= 8979108  IPC=3.754  ratio_rm=0.0004
[OMPT][WIN100ms] ompt_id=1407374883553281 tid=72611  tipo=ompt_thread_worker     cpu=214 numa=1  d_rm=    3427  d_instr=1419696320  d_cyc= 372815602  d_all= 9141286  IPC=3.808  ratio_rm=0.0004
[OMPT][WIN100ms] ompt_id=1970324836974593 tid=72612  tipo=ompt_thread_worker     cpu=222 numa=1  d_rm=    3442  d_instr=1394389872  d_cyc= 371782671  d_all= 8919007  IPC=3.751  ratio_rm=0.0004
[OMPT][WIN100ms] ompt_id=2251799813685249 tid=72614  tipo=ompt_thread_worker     cpu=231 numa=1  d_rm=    6506  d_instr=1380335330  d_cyc= 371589330  d_all= 8819145  IPC=3.715  ratio_rm=0.0007
[OMPT][WIN100ms] ompt_id=1688849860263937 tid=72613  tipo=ompt_thread_worker     cpu= 24 numa=0  d_rm=    3422  d_instr=1395885770  d_cyc= 374423342  d_all= 9041146  IPC=3.728  ratio_rm=0.0004
[OMPT][WIN100ms] ompt_id=281474976710657 tid=72606  tipo=ompt_thread_initial    cpu=255 numa=1  d_rm=    3236  d_instr=1432339611  d_cyc= 373975952  d_all= 9264834  IPC=3.830  ratio_rm=0.0003
[OMPT][WIN100ms] ompt_id=562949953421313 tid=72608  tipo=ompt_thread_worker     cpu=  1 numa=0  d_rm=    2867  d_instr=1414079870  d_cyc= 374453066  d_all= 9148521  IPC=3.776  ratio_rm=0.0003
[OMPT][WIN100ms] ompt_id=844424930131969 tid=72609  tipo=ompt_thread_worker     cpu= 73 numa=1  d_rm=    3116  d_instr=1449981003  d_cyc= 374258920  d_all= 9391364  IPC=3.874  ratio_rm=0.0003
[OMPT][WIN100ms] ompt_id=1125899906842625 tid=72610  tipo=ompt_thread_worker     cpu= 46 numa=0  d_rm=    3113  d_instr=1437267912  d_cyc= 374177692  d_all= 9314549  IPC=3.841  ratio_rm=0.0003
[OMPT][WIN100ms] ompt_id=1407374883553281 tid=72611  tipo=ompt_thread_worker     cpu=214 numa=1  d_rm=    3273  d_instr=1462367075  d_cyc= 373688442  d_all= 9478559  IPC=3.913  ratio_rm=0.0003
[OMPT][WIN100ms] ompt_id=1970324836974593 tid=72612  tipo=ompt_thread_worker     cpu=222 numa=1  d_rm=    3642  d_instr=1473547067  d_cyc= 374219073  d_all= 9555171  IPC=3.938  ratio_rm=0.0004
[OMPT][WIN100ms] ompt_id=2251799813685249 tid=72614  tipo=ompt_thread_worker     cpu=231 numa=1  d_rm=    3395  d_instr=1466489804  d_cyc= 374223660  d_all= 9506814  IPC=3.919  ratio_rm=0.0004
[OMPT][WIN100ms] ompt_id=1688849860263937 tid=72613  tipo=ompt_thread_worker     cpu= 24 numa=0  d_rm=    3159  d_instr=1417813739  d_cyc= 374279345  d_all= 9191154  IPC=3.788  ratio_rm=0.0003
[OMPT] implicit_task_end: parallel_id=0 thread_num=0
[OMPT] parallel_end: parallel_id=281474976710851
[OMPT] parallel_begin: parallel_id=281474976710853 team_size=8
[OMPT] implicit_task_end: parallel_id=0 thread_num=4
[OMPT] implicit_task_end: parallel_id=0 thread_num=7
[OMPT] implicit_task_begin: parallel_id=281474976710853 thread_num=0 team_size=8
[OMPT] implicit_task_end: parallel_id=0 thread_num=2
[OMPT] implicit_task_end: parallel_id=0 thread_num=1
[OMPT] implicit_task_end: parallel_id=0 thread_num=6
[OMPT] implicit_task_begin: parallel_id=281474976710853 thread_num=6 team_size=8
[OMPT] implicit_task_end: parallel_id=0 thread_num=5
[OMPT] implicit_task_end: parallel_id=0 thread_num=3
[OMPT] implicit_task_begin: parallel_id=281474976710853 thread_num=5 team_size=8
[OMPT] implicit_task_begin: parallel_id=281474976710853 thread_num=4 team_size=8
[OMPT] implicit_task_begin: parallel_id=281474976710853 thread_num=3 team_size=8
[OMPT] implicit_task_begin: parallel_id=281474976710853 thread_num=7 team_size=8
[OMPT] implicit_task_begin: parallel_id=281474976710853 thread_num=2 team_size=8
[OMPT] implicit_task_begin: parallel_id=281474976710853 thread_num=1 team_size=8
[OMPT][WIN100ms] ompt_id=281474976710657 tid=72606  tipo=ompt_thread_initial    cpu=255 numa=1  d_rm=    4512  d_instr=1420878786  d_cyc= 373432509  d_all= 9174951  IPC=3.805  ratio_rm=0.0005
[OMPT][WIN100ms] ompt_id=562949953421313 tid=72608  tipo=ompt_thread_worker     cpu=  1 numa=0  d_rm=    2963  d_instr=1430342591  d_cyc= 372846396  d_all= 9237666  IPC=3.836  ratio_rm=0.0003
[OMPT][WIN100ms] ompt_id=844424930131969 tid=72609  tipo=ompt_thread_worker     cpu= 73 numa=1  d_rm=    3250  d_instr=1402113770  d_cyc= 371619434  d_all= 9004150  IPC=3.773  ratio_rm=0.0004
[OMPT][WIN100ms] ompt_id=1125899906842625 tid=72610  tipo=ompt_thread_worker     cpu= 46 numa=0  d_rm=    3365  d_instr=1412119201  d_cyc= 372547550  d_all= 9101823  IPC=3.790  ratio_rm=0.0004
[OMPT][WIN100ms] ompt_id=1407374883553281 tid=72611  tipo=ompt_thread_worker     cpu=214 numa=1  d_rm=    3237  d_instr=1387835280  d_cyc= 371521776  d_all= 8888392  IPC=3.736  ratio_rm=0.0004
[OMPT][WIN100ms] ompt_id=1970324836974593 tid=72612  tipo=ompt_thread_worker     cpu=222 numa=1  d_rm=    3424  d_instr=1384988636  d_cyc= 371446384  d_all= 8853990  IPC=3.729  ratio_rm=0.0004
[OMPT][WIN100ms] ompt_id=2251799813685249 tid=72614  tipo=ompt_thread_worker     cpu=231 numa=1  d_rm=    6583  d_instr=1372334202  d_cyc= 371740396  d_all= 8778505  IPC=3.692  ratio_rm=0.0007
[OMPT][WIN100ms] ompt_id=1688849860263937 tid=72613  tipo=ompt_thread_worker     cpu= 24 numa=0  d_rm=    3409  d_instr=1441845097  d_cyc= 373938386  d_all= 9340984  IPC=3.856  ratio_rm=0.0004
[OMPT][WIN100ms] ompt_id=281474976710657 tid=72606  tipo=ompt_thread_initial    cpu=255 numa=1  d_rm=    3188  d_instr=1444359823  d_cyc= 374174453  d_all= 9350290  IPC=3.860  ratio_rm=0.0003
[OMPT][WIN100ms] ompt_id=562949953421313 tid=72608  tipo=ompt_thread_worker     cpu=  1 numa=0  d_rm=    3007  d_instr=1448214014  d_cyc= 374427742  d_all= 9385637  IPC=3.868  ratio_rm=0.0003
[OMPT][WIN100ms] ompt_id=844424930131969 tid=72609  tipo=ompt_thread_worker     cpu= 73 numa=1  d_rm=    3199  d_instr=1454278837  d_cyc= 373893215  d_all= 9421311  IPC=3.890  ratio_rm=0.0003
[OMPT][WIN100ms] ompt_id=1125899906842625 tid=72610  tipo=ompt_thread_worker     cpu= 46 numa=0  d_rm=    3232  d_instr=1450521805  d_cyc= 374265905  d_all= 9402474  IPC=3.876  ratio_rm=0.0003
[OMPT][WIN100ms] ompt_id=1407374883553281 tid=72611  tipo=ompt_thread_worker     cpu=214 numa=1  d_rm=    3128  d_instr=1464069803  d_cyc= 374111978  d_all= 9491888  IPC=3.913  ratio_rm=0.0003
[OMPT][WIN100ms] ompt_id=1970324836974593 tid=72612  tipo=ompt_thread_worker     cpu=222 numa=1  d_rm=    3356  d_instr=1465898926  d_cyc= 374235320  d_all= 9502781  IPC=3.917  ratio_rm=0.0004
[OMPT][WIN100ms] ompt_id=2251799813685249 tid=72614  tipo=ompt_thread_worker     cpu=231 numa=1  d_rm=    3228  d_instr=1453184213  d_cyc= 374264402  d_all= 9420375  IPC=3.883  ratio_rm=0.0003
[OMPT][WIN100ms] ompt_id=1688849860263937 tid=72613  tipo=ompt_thread_worker     cpu= 24 numa=0  d_rm=    3045  d_instr=1449023568  d_cyc= 374270137  d_all= 9387447  IPC=3.872  ratio_rm=0.0003
[OMPT] implicit_task_end: parallel_id=0 thread_num=0
[OMPT] parallel_end: parallel_id=281474976710853
[OMPT] parallel_begin: parallel_id=281474976710855 team_size=8
[OMPT] implicit_task_end: parallel_id=0 thread_num=4
[OMPT] implicit_task_end: parallel_id=0 thread_num=7
[OMPT] implicit_task_end: parallel_id=0 thread_num=2
[OMPT] implicit_task_end: parallel_id=0 thread_num=1
[OMPT] implicit_task_end: parallel_id=0 thread_num=6
[OMPT] implicit_task_begin: parallel_id=281474976710855 thread_num=6 team_size=8
[OMPT] implicit_task_end: parallel_id=0 thread_num=5
[OMPT] implicit_task_end: parallel_id=0 thread_num=3
[OMPT] implicit_task_begin: parallel_id=281474976710855 thread_num=5 team_size=8
[OMPT] implicit_task_begin: parallel_id=281474976710855 thread_num=0 team_size=8
[OMPT] implicit_task_begin: parallel_id=281474976710855 thread_num=4 team_size=8
[OMPT] implicit_task_begin: parallel_id=281474976710855 thread_num=7 team_size=8
[OMPT] implicit_task_begin: parallel_id=281474976710855 thread_num=2 team_size=8
[OMPT] implicit_task_begin: parallel_id=281474976710855 thread_num=1 team_size=8
[OMPT] implicit_task_begin: parallel_id=281474976710855 thread_num=3 team_size=8
[OMPT][WIN100ms] ompt_id=281474976710657 tid=72606  tipo=ompt_thread_initial    cpu=255 numa=1  d_rm=    4733  d_instr=1446536971  d_cyc= 373293323  d_all= 9373109  IPC=3.875  ratio_rm=0.0005
[OMPT][WIN100ms] ompt_id=562949953421313 tid=72608  tipo=ompt_thread_worker     cpu=  1 numa=0  d_rm=    3201  d_instr=1412068426  d_cyc= 373148292  d_all= 9136113  IPC=3.784  ratio_rm=0.0004
[OMPT][WIN100ms] ompt_id=844424930131969 tid=72609  tipo=ompt_thread_worker     cpu= 73 numa=1  d_rm=    3554  d_instr=1434835617  d_cyc= 372265399  d_all= 9271014  IPC=3.854  ratio_rm=0.0004
[OMPT][WIN100ms] ompt_id=1125899906842625 tid=72610  tipo=ompt_thread_worker     cpu= 46 numa=0  d_rm=    3474  d_instr=1441113323  d_cyc= 372875521  d_all= 9327048  IPC=3.865  ratio_rm=0.0004
[OMPT][WIN100ms] ompt_id=1407374883553281 tid=72611  tipo=ompt_thread_worker     cpu=214 numa=1  d_rm=    4188  d_instr=1420322786  d_cyc= 372616273  d_all= 9163045  IPC=3.812  ratio_rm=0.0005
[OMPT][WIN100ms] ompt_id=1970324836974593 tid=72612  tipo=ompt_thread_worker     cpu=222 numa=1  d_rm=    3599  d_instr=1427929292  d_cyc= 372721122  d_all= 9200753  IPC=3.831  ratio_rm=0.0004
[OMPT][WIN100ms] ompt_id=2251799813685249 tid=72614  tipo=ompt_thread_worker     cpu=231 numa=1  d_rm=    6711  d_instr=1430563031  d_cyc= 373473210  d_all= 9249843  IPC=3.830  ratio_rm=0.0007
[OMPT][WIN100ms] ompt_id=1688849860263937 tid=72613  tipo=ompt_thread_worker     cpu= 24 numa=0  d_rm=    3197  d_instr=1431292695  d_cyc= 373746008  d_all= 9261327  IPC=3.830  ratio_rm=0.0003
[OMPT][WIN100ms] ompt_id=281474976710657 tid=72606  tipo=ompt_thread_initial    cpu=255 numa=1  d_rm=    3120  d_instr=1381061323  d_cyc= 372067558  d_all= 8843763  IPC=3.712  ratio_rm=0.0004
[OMPT][WIN100ms] ompt_id=562949953421313 tid=72608  tipo=ompt_thread_worker     cpu=  1 numa=0  d_rm=    3437  d_instr=1402821807  d_cyc= 372755445  d_all= 9008469  IPC=3.763  ratio_rm=0.0004
[OMPT][WIN100ms] ompt_id=844424930131969 tid=72609  tipo=ompt_thread_worker     cpu= 73 numa=1  d_rm=    3136  d_instr=1378153837  d_cyc= 371693826  d_all= 8825135  IPC=3.708  ratio_rm=0.0004
[OMPT][WIN100ms] ompt_id=1125899906842625 tid=72610  tipo=ompt_thread_worker     cpu= 46 numa=0  d_rm=    3374  d_instr=1378134179  d_cyc= 372198348  d_all= 8825998  IPC=3.703  ratio_rm=0.0004
[OMPT][WIN100ms] ompt_id=1407374883553281 tid=72611  tipo=ompt_thread_worker     cpu=214 numa=1  d_rm=    2984  d_instr=1382054465  d_cyc= 371995012  d_all= 8845120  IPC=3.715  ratio_rm=0.0003
[OMPT][WIN100ms] ompt_id=1970324836974593 tid=72612  tipo=ompt_thread_worker     cpu=222 numa=1  d_rm=    3112  d_instr=1373030921  d_cyc= 371418402  d_all= 8756253  IPC=3.697  ratio_rm=0.0004
[OMPT][WIN100ms] ompt_id=2251799813685249 tid=72614  tipo=ompt_thread_worker     cpu=231 numa=1  d_rm=    5427  d_instr=1375294977  d_cyc= 374143452  d_all= 8900715  IPC=3.676  ratio_rm=0.0006
[OMPT][WIN100ms] ompt_id=1688849860263937 tid=72613  tipo=ompt_thread_worker     cpu= 24 numa=0  d_rm=    3068  d_instr=1376682855  d_cyc= 373523222  d_all= 8871337  IPC=3.686  ratio_rm=0.0003
[OMPT] implicit_task_end: parallel_id=0 thread_num=0
[OMPT] parallel_end: parallel_id=281474976710855
[OMPT] parallel_begin: parallel_id=281474976710857 team_size=8
[OMPT] implicit_task_end: parallel_id=0 thread_num=4
[OMPT] implicit_task_end: parallel_id=0 thread_num=5
[OMPT] implicit_task_begin: parallel_id=281474976710857 thread_num=0 team_size=8
[OMPT] implicit_task_end: parallel_id=0 thread_num=3
[OMPT] implicit_task_begin: parallel_id=281474976710857 thread_num=4 team_size=8
[OMPT] implicit_task_end: parallel_id=0 thread_num=7
[OMPT] implicit_task_begin: parallel_id=281474976710857 thread_num=3 team_size=8
[OMPT] implicit_task_end: parallel_id=0 thread_num=6
[OMPT] implicit_task_end: parallel_id=0 thread_num=2
[OMPT] implicit_task_end: parallel_id=0 thread_num=1
[OMPT] implicit_task_begin: parallel_id=281474976710857 thread_num=2 team_size=8
[OMPT] implicit_task_begin: parallel_id=281474976710857 thread_num=7 team_size=8
[OMPT] implicit_task_begin: parallel_id=281474976710857 thread_num=5 team_size=8
[OMPT] implicit_task_begin: parallel_id=281474976710857 thread_num=6 team_size=8
[OMPT] implicit_task_begin: parallel_id=281474976710857 thread_num=1 team_size=8
[OMPT][WIN100ms] ompt_id=281474976710657 tid=72606  tipo=ompt_thread_initial    cpu=255 numa=1  d_rm=    4574  d_instr=1442604883  d_cyc= 373725724  d_all= 9344247  IPC=3.860  ratio_rm=0.0005
[OMPT][WIN100ms] ompt_id=562949953421313 tid=72608  tipo=ompt_thread_worker     cpu=  1 numa=0  d_rm=    3145  d_instr=1452118502  d_cyc= 372940399  d_all= 9410567  IPC=3.894  ratio_rm=0.0003
[OMPT][WIN100ms] ompt_id=844424930131969 tid=72609  tipo=ompt_thread_worker     cpu= 73 numa=1  d_rm=    3439  d_instr=1448766611  d_cyc= 373445895  d_all= 9387188  IPC=3.879  ratio_rm=0.0004
[OMPT][WIN100ms] ompt_id=1125899906842625 tid=72610  tipo=ompt_thread_worker     cpu= 46 numa=0  d_rm=    3553  d_instr=1439832364  d_cyc= 373805799  d_all= 9327409  IPC=3.852  ratio_rm=0.0004
[OMPT][WIN100ms] ompt_id=1407374883553281 tid=72611  tipo=ompt_thread_worker     cpu=214 numa=1  d_rm=    3510  d_instr=1441709303  d_cyc= 373752760  d_all= 9334779  IPC=3.857  ratio_rm=0.0004
[OMPT][WIN100ms] ompt_id=1970324836974593 tid=72612  tipo=ompt_thread_worker     cpu=222 numa=1  d_rm=    3591  d_instr=1460244067  d_cyc= 373580121  d_all= 9456318  IPC=3.909  ratio_rm=0.0004
[OMPT][WIN100ms] ompt_id=2251799813685249 tid=72614  tipo=ompt_thread_worker     cpu=231 numa=1  d_rm=    4461  d_instr=1451240264  d_cyc= 373679995  d_all= 9387159  IPC=3.884  ratio_rm=0.0005
[OMPT][WIN100ms] ompt_id=1688849860263937 tid=72613  tipo=ompt_thread_worker     cpu= 24 numa=0  d_rm=    2939  d_instr=1345077879  d_cyc= 373716610  d_all= 8710204  IPC=3.599  ratio_rm=0.0003
[OMPT] implicit_task_end: parallel_id=0 thread_num=0
[OMPT] parallel_end: parallel_id=281474976710857
[OMPT] parallel_begin: parallel_id=281474976710859 team_size=8
[OMPT] implicit_task_end: parallel_id=0 thread_num=4
[OMPT] implicit_task_end: parallel_id=0 thread_num=6
[OMPT] implicit_task_begin: parallel_id=281474976710859 thread_num=0 team_size=8
[OMPT] implicit_task_end: parallel_id=0 thread_num=3
[OMPT] implicit_task_end: parallel_id=0 thread_num=2
[OMPT] implicit_task_end: parallel_id=0 thread_num=5
[OMPT] implicit_task_end: parallel_id=0 thread_num=7
[OMPT] implicit_task_begin: parallel_id=281474976710859 thread_num=4 team_size=8
[OMPT] implicit_task_begin: parallel_id=281474976710859 thread_num=5 team_size=8
[OMPT] implicit_task_begin: parallel_id=281474976710859 thread_num=6 team_size=8
[OMPT] implicit_task_begin: parallel_id=281474976710859 thread_num=3 team_size=8
[OMPT] implicit_task_begin: parallel_id=281474976710859 thread_num=7 team_size=8
[OMPT] implicit_task_end: parallel_id=0 thread_num=1
[OMPT] implicit_task_begin: parallel_id=281474976710859 thread_num=1 team_size=8
[OMPT] implicit_task_begin: parallel_id=281474976710859 thread_num=2 team_size=8
[OMPT][WIN100ms] ompt_id=281474976710657 tid=72606  tipo=ompt_thread_initial    cpu=255 numa=1  d_rm=    4211  d_instr=1348344748  d_cyc= 370863387  d_all= 8565086  IPC=3.636  ratio_rm=0.0005
[OMPT][WIN100ms] ompt_id=562949953421313 tid=72608  tipo=ompt_thread_worker     cpu=  1 numa=0  d_rm=    3010  d_instr=1341548174  d_cyc= 370138185  d_all= 8523565  IPC=3.624  ratio_rm=0.0004
[OMPT][WIN100ms] ompt_id=844424930131969 tid=72609  tipo=ompt_thread_worker     cpu= 73 numa=1  d_rm=    3134  d_instr=1344822527  d_cyc= 370482488  d_all= 8540941  IPC=3.630  ratio_rm=0.0004
[OMPT][WIN100ms] ompt_id=1125899906842625 tid=72610  tipo=ompt_thread_worker     cpu= 46 numa=0  d_rm=    3162  d_instr=1353788710  d_cyc= 370737713  d_all= 8609695  IPC=3.652  ratio_rm=0.0004
[OMPT][WIN100ms] ompt_id=1407374883553281 tid=72611  tipo=ompt_thread_worker     cpu=214 numa=1  d_rm=    3439  d_instr=1349606357  d_cyc= 370844111  d_all= 8585298  IPC=3.639  ratio_rm=0.0004
[OMPT][WIN100ms] ompt_id=1970324836974593 tid=72612  tipo=ompt_thread_worker     cpu=222 numa=1  d_rm=    3235  d_instr=1336467732  d_cyc= 370602407  d_all= 8477907  IPC=3.606  ratio_rm=0.0004
[OMPT][WIN100ms] ompt_id=2251799813685249 tid=72614  tipo=ompt_thread_worker     cpu=231 numa=1  d_rm=    6461  d_instr=1339896048  d_cyc= 371323772  d_all= 8544696  IPC=3.608  ratio_rm=0.0008
[OMPT][WIN100ms] ompt_id=1688849860263937 tid=72613  tipo=ompt_thread_worker     cpu= 24 numa=0  d_rm=    3128  d_instr=1424783613  d_cyc= 374038840  d_all= 9223114  IPC=3.809  ratio_rm=0.0003
[OMPT][WIN100ms] ompt_id=281474976710657 tid=72606  tipo=ompt_thread_initial    cpu=255 numa=1  d_rm=    3180  d_instr=1438981143  d_cyc= 374168177  d_all= 9328008  IPC=3.846  ratio_rm=0.0003
[OMPT][WIN100ms] ompt_id=562949953421313 tid=72608  tipo=ompt_thread_worker     cpu=  1 numa=0  d_rm=    2815  d_instr=1409110548  d_cyc= 374518540  d_all= 9128357  IPC=3.762  ratio_rm=0.0003
[OMPT][WIN100ms] ompt_id=844424930131969 tid=72609  tipo=ompt_thread_worker     cpu= 73 numa=1  d_rm=    3155  d_instr=1458059175  d_cyc= 374267307  d_all= 9450315  IPC=3.896  ratio_rm=0.0003
[OMPT][WIN100ms] ompt_id=1125899906842625 tid=72610  tipo=ompt_thread_worker     cpu= 46 numa=0  d_rm=    3263  d_instr=1455244042  d_cyc= 374313011  d_all= 9428687  IPC=3.888  ratio_rm=0.0003
[OMPT][WIN100ms] ompt_id=1407374883553281 tid=72611  tipo=ompt_thread_worker     cpu=214 numa=1  d_rm=    3240  d_instr=1447149314  d_cyc= 374185998  d_all= 9376223  IPC=3.867  ratio_rm=0.0003
[OMPT][WIN100ms] ompt_id=1970324836974593 tid=72612  tipo=ompt_thread_worker     cpu=222 numa=1  d_rm=    3536  d_instr=1441304184  d_cyc= 374307796  d_all= 9329957  IPC=3.851  ratio_rm=0.0004
[OMPT][WIN100ms] ompt_id=2251799813685249 tid=72614  tipo=ompt_thread_worker     cpu=231 numa=1  d_rm=    3194  d_instr=1439881061  d_cyc= 374335031  d_all= 9314430  IPC=3.847  ratio_rm=0.0003
[OMPT][WIN100ms] ompt_id=1688849860263937 tid=72613  tipo=ompt_thread_worker     cpu= 24 numa=0  d_rm=    3072  d_instr=1449181895  d_cyc= 373935688  d_all= 9374109  IPC=3.875  ratio_rm=0.0003
[OMPT] implicit_task_end: parallel_id=0 thread_num=0
[OMPT] parallel_end: parallel_id=281474976710859
[OMPT] parallel_begin: parallel_id=281474976710861 team_size=8
[OMPT] implicit_task_end: parallel_id=0 thread_num=4
[OMPT] implicit_task_end: parallel_id=0 thread_num=7
[OMPT] implicit_task_end: parallel_id=0 thread_num=3
[OMPT] implicit_task_begin: parallel_id=281474976710861 thread_num=4 team_size=8
[OMPT] implicit_task_end: parallel_id=0 thread_num=6
[OMPT] implicit_task_begin: parallel_id=281474976710861 thread_num=3 team_size=8
[OMPT] implicit_task_end: parallel_id=0 thread_num=5
[OMPT] implicit_task_end: parallel_id=0 thread_num=1
[OMPT] implicit_task_begin: parallel_id=281474976710861 thread_num=5 team_size=8
[OMPT] implicit_task_end: parallel_id=0 thread_num=2
[OMPT] implicit_task_begin: parallel_id=281474976710861 thread_num=7 team_size=8
[OMPT] implicit_task_begin: parallel_id=281474976710861 thread_num=2 team_size=8
[OMPT] implicit_task_begin: parallel_id=281474976710861 thread_num=6 team_size=8
[OMPT] implicit_task_begin: parallel_id=281474976710861 thread_num=1 team_size=8
[OMPT] implicit_task_begin: parallel_id=281474976710861 thread_num=0 team_size=8
[OMPT][WIN100ms] ompt_id=281474976710657 tid=72606  tipo=ompt_thread_initial    cpu=255 numa=1  d_rm=    4561  d_instr=1388541064  d_cyc= 372048437  d_all= 8937994  IPC=3.732  ratio_rm=0.0005
[OMPT][WIN100ms] ompt_id=562949953421313 tid=72608  tipo=ompt_thread_worker     cpu=  1 numa=0  d_rm=    3364  d_instr=1410597520  d_cyc= 373493282  d_all= 9146891  IPC=3.777  ratio_rm=0.0004
[OMPT][WIN100ms] ompt_id=844424930131969 tid=72609  tipo=ompt_thread_worker     cpu= 73 numa=1  d_rm=    3660  d_instr=1383101547  d_cyc= 371205473  d_all= 8847647  IPC=3.726  ratio_rm=0.0004
[OMPT][WIN100ms] ompt_id=1125899906842625 tid=72610  tipo=ompt_thread_worker     cpu= 46 numa=0  d_rm=    3301  d_instr=1384034032  d_cyc= 371844113  d_all= 8857959  IPC=3.722  ratio_rm=0.0004
[OMPT][WIN100ms] ompt_id=1407374883553281 tid=72611  tipo=ompt_thread_worker     cpu=214 numa=1  d_rm=    3582  d_instr=1389889240  d_cyc= 372411103  d_all= 8928192  IPC=3.732  ratio_rm=0.0004
[OMPT][WIN100ms] ompt_id=1970324836974593 tid=72612  tipo=ompt_thread_worker     cpu=222 numa=1  d_rm=    3408  d_instr=1395503333  d_cyc= 372027491  d_all= 8949171  IPC=3.751  ratio_rm=0.0004
[OMPT][WIN100ms] ompt_id=2251799813685249 tid=72614  tipo=ompt_thread_worker     cpu=231 numa=1  d_rm=    6397  d_instr=1391646434  d_cyc= 372750078  d_all= 8956539  IPC=3.733  ratio_rm=0.0007
[OMPT][WIN100ms] ompt_id=1688849860263937 tid=72613  tipo=ompt_thread_worker     cpu= 24 numa=0  d_rm=    3016  d_instr=1390209853  d_cyc= 371287460  d_all= 8898426  IPC=3.744  ratio_rm=0.0003
[OMPT][WIN100ms] ompt_id=281474976710657 tid=72606  tipo=ompt_thread_initial    cpu=255 numa=1  d_rm=    3102  d_instr=1436598351  d_cyc= 374106717  d_all= 9312639  IPC=3.840  ratio_rm=0.0003
[OMPT][WIN100ms] ompt_id=562949953421313 tid=72608  tipo=ompt_thread_worker     cpu=  1 numa=0  d_rm=    3120  d_instr=1444704627  d_cyc= 374410915  d_all= 9359252  IPC=3.859  ratio_rm=0.0003
[OMPT][WIN100ms] ompt_id=844424930131969 tid=72609  tipo=ompt_thread_worker     cpu= 73 numa=1  d_rm=    3122  d_instr=1459855018  d_cyc= 374216483  d_all= 9459869  IPC=3.901  ratio_rm=0.0003
[OMPT][WIN100ms] ompt_id=1125899906842625 tid=72610  tipo=ompt_thread_worker     cpu= 46 numa=0  d_rm=    3287  d_instr=1454300281  d_cyc= 374307865  d_all= 9417019  IPC=3.885  ratio_rm=0.0003
[OMPT][WIN100ms] ompt_id=1407374883553281 tid=72611  tipo=ompt_thread_worker     cpu=214 numa=1  d_rm=    3244  d_instr=1442172826  d_cyc= 373845243  d_all= 9329185  IPC=3.858  ratio_rm=0.0003
[OMPT][WIN100ms] ompt_id=1970324836974593 tid=72612  tipo=ompt_thread_worker     cpu=222 numa=1  d_rm=    3266  d_instr=1458521167  d_cyc= 374247349  d_all= 9433797  IPC=3.897  ratio_rm=0.0003
[OMPT][WIN100ms] ompt_id=2251799813685249 tid=72614  tipo=ompt_thread_worker     cpu=231 numa=1  d_rm=    3301  d_instr=1441874369  d_cyc= 374246756  d_all= 9327286  IPC=3.853  ratio_rm=0.0004
[OMPT][WIN100ms] ompt_id=1688849860263937 tid=72613  tipo=ompt_thread_worker     cpu= 24 numa=0  d_rm=    3381  d_instr=1455754122  d_cyc= 374368977  d_all= 9416367  IPC=3.889  ratio_rm=0.0004
[OMPT] implicit_task_end: parallel_id=0 thread_num=0
[OMPT] parallel_end: parallel_id=281474976710861
[OMPT] parallel_begin: parallel_id=281474976710863 team_size=8
[OMPT] implicit_task_end: parallel_id=0 thread_num=4
[OMPT] implicit_task_end: parallel_id=0 thread_num=7
[OMPT] implicit_task_end: parallel_id=0 thread_num=2
[OMPT] implicit_task_end: parallel_id=0 thread_num=1
[OMPT] implicit_task_begin: parallel_id=281474976710863 thread_num=2 team_size=8
[OMPT] implicit_task_end: parallel_id=0 thread_num=6
[OMPT] implicit_task_end: parallel_id=0 thread_num=5
[OMPT] implicit_task_begin: parallel_id=281474976710863 thread_num=0 team_size=8
[OMPT] implicit_task_begin: parallel_id=281474976710863 thread_num=5 team_size=8
[OMPT] implicit_task_begin: parallel_id=281474976710863 thread_num=4 team_size=8
[OMPT] implicit_task_begin: parallel_id=281474976710863 thread_num=7 team_size=8
[OMPT] implicit_task_begin: parallel_id=281474976710863 thread_num=1 team_size=8
[OMPT] implicit_task_end: parallel_id=0 thread_num=3
[OMPT] implicit_task_begin: parallel_id=281474976710863 thread_num=6 team_size=8
[OMPT] implicit_task_begin: parallel_id=281474976710863 thread_num=3 team_size=8
[OMPT][WIN100ms] ompt_id=281474976710657 tid=72606  tipo=ompt_thread_initial    cpu=255 numa=1  d_rm=    4723  d_instr=1412276124  d_cyc= 372733412  d_all= 9121381  IPC=3.789  ratio_rm=0.0005
[OMPT][WIN100ms] ompt_id=562949953421313 tid=72608  tipo=ompt_thread_worker     cpu=  1 numa=0  d_rm=    3215  d_instr=1399259524  d_cyc= 373266128  d_all= 9056335  IPC=3.749  ratio_rm=0.0004
[OMPT][WIN100ms] ompt_id=844424930131969 tid=72609  tipo=ompt_thread_worker     cpu= 73 numa=1  d_rm=    3351  d_instr=1403582351  d_cyc= 372228517  d_all= 9013654  IPC=3.771  ratio_rm=0.0004
[OMPT][WIN100ms] ompt_id=1125899906842625 tid=72610  tipo=ompt_thread_worker     cpu= 46 numa=0  d_rm=    3664  d_instr=1404113727  d_cyc= 371840641  d_all= 9025062  IPC=3.776  ratio_rm=0.0004
[OMPT][WIN100ms] ompt_id=1407374883553281 tid=72611  tipo=ompt_thread_worker     cpu=214 numa=1  d_rm=    3478  d_instr=1410191343  d_cyc= 372218250  d_all= 9077988  IPC=3.789  ratio_rm=0.0004
[OMPT][WIN100ms] ompt_id=1970324836974593 tid=72612  tipo=ompt_thread_worker     cpu=222 numa=1  d_rm=    3533  d_instr=1403537208  d_cyc= 372239100  d_all= 9014426  IPC=3.771  ratio_rm=0.0004
[OMPT][WIN100ms] ompt_id=2251799813685249 tid=72614  tipo=ompt_thread_worker     cpu=231 numa=1  d_rm=    6679  d_instr=1407951979  d_cyc= 373700133  d_all= 9109484  IPC=3.768  ratio_rm=0.0007
[OMPT][WIN100ms] ompt_id=1688849860263937 tid=72613  tipo=ompt_thread_worker     cpu= 24 numa=0  d_rm=    3145  d_instr=1391559911  d_cyc= 373235687  d_all= 8996945  IPC=3.728  ratio_rm=0.0003
[OMPT][WIN100ms] ompt_id=281474976710657 tid=72606  tipo=ompt_thread_initial    cpu=255 numa=1  d_rm=    3178  d_instr=1460008438  d_cyc= 374117099  d_all= 9460593  IPC=3.903  ratio_rm=0.0003
[OMPT][WIN100ms] ompt_id=562949953421313 tid=72608  tipo=ompt_thread_worker     cpu=  1 numa=0  d_rm=    3084  d_instr=1443738647  d_cyc= 374325088  d_all= 9349468  IPC=3.857  ratio_rm=0.0003
[OMPT][WIN100ms] ompt_id=844424930131969 tid=72609  tipo=ompt_thread_worker     cpu= 73 numa=1  d_rm=    3107  d_instr=1461564221  d_cyc= 373824332  d_all= 9453722  IPC=3.910  ratio_rm=0.0003
[OMPT][WIN100ms] ompt_id=1125899906842625 tid=72610  tipo=ompt_thread_worker     cpu= 46 numa=0  d_rm=    3219  d_instr=1437661589  d_cyc= 374236829  d_all= 9300441  IPC=3.842  ratio_rm=0.0003
[OMPT][WIN100ms] ompt_id=1407374883553281 tid=72611  tipo=ompt_thread_worker     cpu=214 numa=1  d_rm=    3248  d_instr=1433477707  d_cyc= 374083535  d_all= 9273241  IPC=3.832  ratio_rm=0.0004
[OMPT][WIN100ms] ompt_id=1970324836974593 tid=72612  tipo=ompt_thread_worker     cpu=222 numa=1  d_rm=    3584  d_instr=1452503499  d_cyc= 374182621  d_all= 9395185  IPC=3.882  ratio_rm=0.0004
[OMPT][WIN100ms] ompt_id=2251799813685249 tid=72614  tipo=ompt_thread_worker     cpu=231 numa=1  d_rm=    3475  d_instr=1438229979  d_cyc= 374223379  d_all= 9303967  IPC=3.843  ratio_rm=0.0004
[OMPT][WIN100ms] ompt_id=1688849860263937 tid=72613  tipo=ompt_thread_worker     cpu= 24 numa=0  d_rm=    3173  d_instr=1451696832  d_cyc= 374340523  d_all= 9390072  IPC=3.878  ratio_rm=0.0003
[OMPT] implicit_task_end: parallel_id=0 thread_num=0
[OMPT] parallel_end: parallel_id=281474976710863
[OMPT] parallel_begin: parallel_id=281474976710865 team_size=8
[OMPT] implicit_task_end: parallel_id=0 thread_num=4
[OMPT] implicit_task_end: parallel_id=0 thread_num=7
[OMPT] implicit_task_begin: parallel_id=281474976710865 thread_num=0 team_size=8
[OMPT] implicit_task_end: parallel_id=0 thread_num=1
[OMPT] implicit_task_begin: parallel_id=281474976710865 thread_num=4 team_size=8
[OMPT] implicit_task_end: parallel_id=0 thread_num=6
[OMPT] implicit_task_begin: parallel_id=281474976710865 thread_num=7 team_size=8
[OMPT] implicit_task_end: parallel_id=0 thread_num=3
[OMPT] implicit_task_end: parallel_id=0 thread_num=2
[OMPT] implicit_task_end: parallel_id=0 thread_num=5
[OMPT] implicit_task_begin: parallel_id=281474976710865 thread_num=2 team_size=8
[OMPT] implicit_task_begin: parallel_id=281474976710865 thread_num=6 team_size=8
[OMPT] implicit_task_begin: parallel_id=281474976710865 thread_num=1 team_size=8
[OMPT] implicit_task_begin: parallel_id=281474976710865 thread_num=3 team_size=8
[OMPT] implicit_task_begin: parallel_id=281474976710865 thread_num=5 team_size=8
[OMPT][WIN100ms] ompt_id=281474976710657 tid=72606  tipo=ompt_thread_initial    cpu=255 numa=1  d_rm=    4547  d_instr=1396449769  d_cyc= 372696094  d_all= 8988993  IPC=3.747  ratio_rm=0.0005
[OMPT][WIN100ms] ompt_id=562949953421313 tid=72608  tipo=ompt_thread_worker     cpu=  1 numa=0  d_rm=    3048  d_instr=1419477861  d_cyc= 372648478  d_all= 9138081  IPC=3.809  ratio_rm=0.0003
[OMPT][WIN100ms] ompt_id=844424930131969 tid=72609  tipo=ompt_thread_worker     cpu= 73 numa=1  d_rm=    3376  d_instr=1395698113  d_cyc= 371684715  d_all= 8952577  IPC=3.755  ratio_rm=0.0004
[OMPT][WIN100ms] ompt_id=1125899906842625 tid=72610  tipo=ompt_thread_worker     cpu= 46 numa=0  d_rm=    3191  d_instr=1413300998  d_cyc= 372464279  d_all= 9103375  IPC=3.794  ratio_rm=0.0004
[OMPT][WIN100ms] ompt_id=1407374883553281 tid=72611  tipo=ompt_thread_worker     cpu=214 numa=1  d_rm=    3371  d_instr=1406965994  d_cyc= 374010716  d_all= 9111208  IPC=3.762  ratio_rm=0.0004
[OMPT][WIN100ms] ompt_id=1970324836974593 tid=72612  tipo=ompt_thread_worker     cpu=222 numa=1  d_rm=    3504  d_instr=1398797183  d_cyc= 372212263  d_all= 8984773  IPC=3.758  ratio_rm=0.0004
[OMPT][WIN100ms] ompt_id=2251799813685249 tid=72614  tipo=ompt_thread_worker     cpu=231 numa=1  d_rm=    7047  d_instr=1420709769  d_cyc= 373230512  d_all= 9142370  IPC=3.807  ratio_rm=0.0008
[OMPT][WIN100ms] ompt_id=1688849860263937 tid=72613  tipo=ompt_thread_worker     cpu= 24 numa=0  d_rm=    3252  d_instr=1393584185  d_cyc= 372816624  d_all= 8975684  IPC=3.738  ratio_rm=0.0004
[OMPT][WIN100ms] ompt_id=281474976710657 tid=72606  tipo=ompt_thread_initial    cpu=255 numa=1  d_rm=    3461  d_instr=1465898775  d_cyc= 373802445  d_all= 9481591  IPC=3.922  ratio_rm=0.0004
[OMPT][WIN100ms] ompt_id=562949953421313 tid=72608  tipo=ompt_thread_worker     cpu=  1 numa=0  d_rm=    3472  d_instr=1444395071  d_cyc= 374388729  d_all= 9343392  IPC=3.858  ratio_rm=0.0004
[OMPT][WIN100ms] ompt_id=844424930131969 tid=72609  tipo=ompt_thread_worker     cpu= 73 numa=1  d_rm=    2975  d_instr=1461172006  d_cyc= 374210592  d_all= 9450714  IPC=3.905  ratio_rm=0.0003
[OMPT][WIN100ms] ompt_id=1125899906842625 tid=72610  tipo=ompt_thread_worker     cpu= 46 numa=0  d_rm=    3243  d_instr=1455971867  d_cyc= 374274011  d_all= 9417596  IPC=3.890  ratio_rm=0.0003
[OMPT][WIN100ms] ompt_id=1407374883553281 tid=72611  tipo=ompt_thread_worker     cpu=214 numa=1  d_rm=    3039  d_instr=1437481764  d_cyc= 374047530  d_all= 9298682  IPC=3.843  ratio_rm=0.0003
[OMPT][WIN100ms] ompt_id=1970324836974593 tid=72612  tipo=ompt_thread_worker     cpu=222 numa=1  d_rm=    3713  d_instr=1445168925  d_cyc= 374251392  d_all= 9348322  IPC=3.861  ratio_rm=0.0004
[OMPT][WIN100ms] ompt_id=2251799813685249 tid=72614  tipo=ompt_thread_worker     cpu=231 numa=1  d_rm=    3356  d_instr=1456610078  d_cyc= 374230289  d_all= 9421726  IPC=3.892  ratio_rm=0.0004
[OMPT][WIN100ms] ompt_id=1688849860263937 tid=72613  tipo=ompt_thread_worker     cpu= 24 numa=0  d_rm=    3145  d_instr=1455338418  d_cyc= 374402401  d_all= 9413502  IPC=3.887  ratio_rm=0.0003
[OMPT] implicit_task_end: parallel_id=0 thread_num=0
[OMPT] parallel_end: parallel_id=281474976710865
[OMPT] parallel_begin: parallel_id=281474976710867 team_size=8
[OMPT] implicit_task_end: parallel_id=0 thread_num=4
[OMPT] implicit_task_end: parallel_id=0 thread_num=7
[OMPT] implicit_task_end: parallel_id=0 thread_num=1
[OMPT] implicit_task_end: parallel_id=0 thread_num=2
[OMPT] implicit_task_end: parallel_id=0 thread_num=5
[OMPT] implicit_task_begin: parallel_id=281474976710867 thread_num=2 team_size=8
[OMPT] implicit_task_end: parallel_id=0 thread_num=6
[OMPT] implicit_task_begin: parallel_id=281474976710867 thread_num=5 team_size=8
[OMPT] implicit_task_end: parallel_id=0 thread_num=3
[OMPT] implicit_task_begin: parallel_id=281474976710867 thread_num=3 team_size=8
[OMPT] implicit_task_begin: parallel_id=281474976710867 thread_num=0 team_size=8
[OMPT] implicit_task_begin: parallel_id=281474976710867 thread_num=4 team_size=8
[OMPT] implicit_task_begin: parallel_id=281474976710867 thread_num=7 team_size=8
[OMPT] implicit_task_begin: parallel_id=281474976710867 thread_num=1 team_size=8
[OMPT] implicit_task_begin: parallel_id=281474976710867 thread_num=6 team_size=8
[OMPT][WIN100ms] ompt_id=281474976710657 tid=72606  tipo=ompt_thread_initial    cpu=255 numa=1  d_rm=    4289  d_instr=1416015598  d_cyc= 372323848  d_all= 9125158  IPC=3.803  ratio_rm=0.0005
[OMPT][WIN100ms] ompt_id=562949953421313 tid=72608  tipo=ompt_thread_worker     cpu=  1 numa=0  d_rm=    3419  d_instr=1440758967  d_cyc= 372992430  d_all= 9314786  IPC=3.863  ratio_rm=0.0004
[OMPT][WIN100ms] ompt_id=844424930131969 tid=72609  tipo=ompt_thread_worker     cpu= 73 numa=1  d_rm=    3318  d_instr=1425449434  d_cyc= 372747367  d_all= 9178893  IPC=3.824  ratio_rm=0.0004
[OMPT][WIN100ms] ompt_id=1125899906842625 tid=72610  tipo=ompt_thread_worker     cpu= 46 numa=0  d_rm=    3372  d_instr=1419005997  d_cyc= 373000795  d_all= 9165673  IPC=3.804  ratio_rm=0.0004
[OMPT][WIN100ms] ompt_id=1407374883553281 tid=72611  tipo=ompt_thread_worker     cpu=214 numa=1  d_rm=    3657  d_instr=1451029895  d_cyc= 373262603  d_all= 9383352  IPC=3.887  ratio_rm=0.0004
[OMPT][WIN100ms] ompt_id=1970324836974593 tid=72612  tipo=ompt_thread_worker     cpu=222 numa=1  d_rm=    3581  d_instr=1434897369  d_cyc= 373912698  d_all= 9291505  IPC=3.838  ratio_rm=0.0004
[OMPT][WIN100ms] ompt_id=2251799813685249 tid=72614  tipo=ompt_thread_worker     cpu=231 numa=1  d_rm=    6847  d_instr=1425034932  d_cyc= 372885446  d_all= 9178368  IPC=3.822  ratio_rm=0.0007
[OMPT][WIN100ms] ompt_id=1688849860263937 tid=72613  tipo=ompt_thread_worker     cpu= 24 numa=0  d_rm=    3126  d_instr=1436882917  d_cyc= 372986625  d_all= 9273346  IPC=3.852  ratio_rm=0.0003
[OMPT][WIN100ms] ompt_id=281474976710657 tid=72606  tipo=ompt_thread_initial    cpu=255 numa=1  d_rm=    3293  d_instr=1443159206  d_cyc= 374154032  d_all= 9335562  IPC=3.857  ratio_rm=0.0004
[OMPT][WIN100ms] ompt_id=562949953421313 tid=72608  tipo=ompt_thread_worker     cpu=  1 numa=0  d_rm=    3331  d_instr=1467926217  d_cyc= 374010081  d_all= 9494321  IPC=3.925  ratio_rm=0.0004
[OMPT][WIN100ms] ompt_id=844424930131969 tid=72609  tipo=ompt_thread_worker     cpu= 73 numa=1  d_rm=    3207  d_instr=1468084641  d_cyc= 374275752  d_all= 9495262  IPC=3.922  ratio_rm=0.0003
[OMPT][WIN100ms] ompt_id=1125899906842625 tid=72610  tipo=ompt_thread_worker     cpu= 46 numa=0  d_rm=    3363  d_instr=1459013710  d_cyc= 374345453  d_all= 9437203  IPC=3.898  ratio_rm=0.0004
[OMPT][WIN100ms] ompt_id=1407374883553281 tid=72611  tipo=ompt_thread_worker     cpu=214 numa=1  d_rm=    3312  d_instr=1459969472  d_cyc= 374076358  d_all= 9442912  IPC=3.903  ratio_rm=0.0004
[OMPT][WIN100ms] ompt_id=1970324836974593 tid=72612  tipo=ompt_thread_worker     cpu=222 numa=1  d_rm=    3806  d_instr=1453081019  d_cyc= 374260757  d_all= 9398873  IPC=3.883  ratio_rm=0.0004
[OMPT][WIN100ms] ompt_id=2251799813685249 tid=72614  tipo=ompt_thread_worker     cpu=231 numa=1  d_rm=    3269  d_instr=1463509121  d_cyc= 374222852  d_all= 9486681  IPC=3.911  ratio_rm=0.0003
[OMPT][WIN100ms] ompt_id=1688849860263937 tid=72613  tipo=ompt_thread_worker     cpu= 24 numa=0  d_rm=    3022  d_instr=1433116529  d_cyc= 374401517  d_all= 9281866  IPC=3.828  ratio_rm=0.0003
[OMPT] implicit_task_end: parallel_id=0 thread_num=0
[OMPT] parallel_end: parallel_id=281474976710867
[OMPT] parallel_begin: parallel_id=281474976710869 team_size=8
[OMPT] implicit_task_end: parallel_id=0 thread_num=4
[OMPT] implicit_task_end: parallel_id=0 thread_num=6
[OMPT] implicit_task_begin: parallel_id=281474976710869 thread_num=0 team_size=8
[OMPT] implicit_task_end: parallel_id=0 thread_num=1
[OMPT] implicit_task_begin: parallel_id=281474976710869 thread_num=6 team_size=8
[OMPT] implicit_task_end: parallel_id=0 thread_num=7
[OMPT] implicit_task_end: parallel_id=0 thread_num=3
[OMPT] implicit_task_end: parallel_id=0 thread_num=2
[OMPT] implicit_task_begin: parallel_id=281474976710869 thread_num=3 team_size=8
[OMPT] implicit_task_begin: parallel_id=281474976710869 thread_num=4 team_size=8
[OMPT] implicit_task_begin: parallel_id=281474976710869 thread_num=2 team_size=8
[OMPT] implicit_task_begin: parallel_id=281474976710869 thread_num=1 team_size=8
[OMPT] implicit_task_end: parallel_id=0 thread_num=5
[OMPT] implicit_task_begin: parallel_id=281474976710869 thread_num=7 team_size=8
[OMPT] implicit_task_begin: parallel_id=281474976710869 thread_num=5 team_size=8
[OMPT][WIN100ms] ompt_id=281474976710657 tid=72606  tipo=ompt_thread_initial    cpu=255 numa=1  d_rm=    4461  d_instr=1434927222  d_cyc= 373596414  d_all= 9269438  IPC=3.841  ratio_rm=0.0005
[OMPT][WIN100ms] ompt_id=562949953421313 tid=72608  tipo=ompt_thread_worker     cpu=  1 numa=0  d_rm=    3023  d_instr=1410287865  d_cyc= 372265121  d_all= 9075091  IPC=3.788  ratio_rm=0.0003
[OMPT][WIN100ms] ompt_id=844424930131969 tid=72609  tipo=ompt_thread_worker     cpu= 73 numa=1  d_rm=    3263  d_instr=1411672062  d_cyc= 372467718  d_all= 9084523  IPC=3.790  ratio_rm=0.0004
[OMPT][WIN100ms] ompt_id=1125899906842625 tid=72610  tipo=ompt_thread_worker     cpu= 46 numa=0  d_rm=    3370  d_instr=1430034850  d_cyc= 372916363  d_all= 9228659  IPC=3.835  ratio_rm=0.0004
[OMPT][WIN100ms] ompt_id=1407374883553281 tid=72611  tipo=ompt_thread_worker     cpu=214 numa=1  d_rm=    3402  d_instr=1425318243  d_cyc= 372835280  d_all= 9180305  IPC=3.823  ratio_rm=0.0004
[OMPT][WIN100ms] ompt_id=1970324836974593 tid=72612  tipo=ompt_thread_worker     cpu=222 numa=1  d_rm=    3607  d_instr=1420447500  d_cyc= 372919203  d_all= 9166069  IPC=3.809  ratio_rm=0.0004
[OMPT][WIN100ms] ompt_id=2251799813685249 tid=72614  tipo=ompt_thread_worker     cpu=231 numa=1  d_rm=    6554  d_instr=1413220255  d_cyc= 373249729  d_all= 9119195  IPC=3.786  ratio_rm=0.0007
[OMPT][WIN100ms] ompt_id=1688849860263937 tid=72613  tipo=ompt_thread_worker     cpu= 24 numa=0  d_rm=    3074  d_instr=1450628142  d_cyc= 374407348  d_all= 9395339  IPC=3.874  ratio_rm=0.0003
[OMPT][WIN100ms] ompt_id=281474976710657 tid=72606  tipo=ompt_thread_initial    cpu=255 numa=1  d_rm=    3089  d_instr=1443548170  d_cyc= 374207919  d_all= 9338149  IPC=3.858  ratio_rm=0.0003
[OMPT][WIN100ms] ompt_id=562949953421313 tid=72608  tipo=ompt_thread_worker     cpu=  1 numa=0  d_rm=    3295  d_instr=1452795960  d_cyc= 374541760  d_all= 9397525  IPC=3.879  ratio_rm=0.0004
[OMPT][WIN100ms] ompt_id=844424930131969 tid=72609  tipo=ompt_thread_worker     cpu= 73 numa=1  d_rm=    3434  d_instr=1455251375  d_cyc= 374346520  d_all= 9413162  IPC=3.887  ratio_rm=0.0004
[OMPT][WIN100ms] ompt_id=1125899906842625 tid=72610  tipo=ompt_thread_worker     cpu= 46 numa=0  d_rm=    3404  d_instr=1462427691  d_cyc= 373871295  d_all= 9465785  IPC=3.912  ratio_rm=0.0004
[OMPT][WIN100ms] ompt_id=1407374883553281 tid=72611  tipo=ompt_thread_worker     cpu=214 numa=1  d_rm=    3378  d_instr=1454421762  d_cyc= 374132942  d_all= 9424355  IPC=3.887  ratio_rm=0.0004
[OMPT][WIN100ms] ompt_id=1970324836974593 tid=72612  tipo=ompt_thread_worker     cpu=222 numa=1  d_rm=    3487  d_instr=1447971719  d_cyc= 374284662  d_all= 9381915  IPC=3.869  ratio_rm=0.0004
[OMPT][WIN100ms] ompt_id=2251799813685249 tid=72614  tipo=ompt_thread_worker     cpu=231 numa=1  d_rm=    3155  d_instr=1457306023  d_cyc= 374334523  d_all= 9447980  IPC=3.893  ratio_rm=0.0003
[OMPT][WIN100ms] ompt_id=1688849860263937 tid=72613  tipo=ompt_thread_worker     cpu= 24 numa=0  d_rm=    3371  d_instr=1454132410  d_cyc= 374386885  d_all= 9425213  IPC=3.884  ratio_rm=0.0004
[OMPT] implicit_task_end: parallel_id=0 thread_num=0
[OMPT] parallel_end: parallel_id=281474976710869
[OMPT] parallel_begin: parallel_id=281474976710871 team_size=8
[OMPT] implicit_task_end: parallel_id=0 thread_num=4
[OMPT] implicit_task_end: parallel_id=0 thread_num=5
[OMPT] implicit_task_begin: parallel_id=281474976710871 thread_num=0 team_size=8
[OMPT] implicit_task_end: parallel_id=0 thread_num=3
[OMPT] implicit_task_end: parallel_id=0 thread_num=7
[OMPT] implicit_task_begin: parallel_id=281474976710871 thread_num=3 team_size=8
[OMPT] implicit_task_end: parallel_id=0 thread_num=6
[OMPT] implicit_task_end: parallel_id=0 thread_num=2
[OMPT] implicit_task_end: parallel_id=0 thread_num=1
[OMPT] implicit_task_begin: parallel_id=281474976710871 thread_num=2 team_size=8
[OMPT] implicit_task_begin: parallel_id=281474976710871 thread_num=4 team_size=8
[OMPT] implicit_task_begin: parallel_id=281474976710871 thread_num=5 team_size=8
[OMPT] implicit_task_begin: parallel_id=281474976710871 thread_num=7 team_size=8
[OMPT] implicit_task_begin: parallel_id=281474976710871 thread_num=6 team_size=8
[OMPT] implicit_task_begin: parallel_id=281474976710871 thread_num=1 team_size=8
[OMPT][WIN100ms] ompt_id=281474976710657 tid=72606  tipo=ompt_thread_initial    cpu=255 numa=1  d_rm=    4778  d_instr=1444897253  d_cyc= 374008893  d_all= 9354410  IPC=3.863  ratio_rm=0.0005
[OMPT][WIN100ms] ompt_id=562949953421313 tid=72608  tipo=ompt_thread_worker     cpu=  1 numa=0  d_rm=    3090  d_instr=1413573402  d_cyc= 373250063  d_all= 9145107  IPC=3.787  ratio_rm=0.0003
[OMPT][WIN100ms] ompt_id=844424930131969 tid=72609  tipo=ompt_thread_worker     cpu= 73 numa=1  d_rm=    3218  d_instr=1440407622  d_cyc= 372821859  d_all= 9300004  IPC=3.864  ratio_rm=0.0003
[OMPT][WIN100ms] ompt_id=1125899906842625 tid=72610  tipo=ompt_thread_worker     cpu= 46 numa=0  d_rm=    3596  d_instr=1429701788  d_cyc= 373298464  d_all= 9234290  IPC=3.830  ratio_rm=0.0004
[OMPT][WIN100ms] ompt_id=1407374883553281 tid=72611  tipo=ompt_thread_worker     cpu=214 numa=1  d_rm=    3432  d_instr=1429614947  d_cyc= 373052872  d_all= 9232496  IPC=3.832  ratio_rm=0.0004
[OMPT][WIN100ms] ompt_id=1970324836974593 tid=72612  tipo=ompt_thread_worker     cpu=222 numa=1  d_rm=    3752  d_instr=1450086242  d_cyc= 373699710  d_all= 9394708  IPC=3.880  ratio_rm=0.0004
[OMPT][WIN100ms] ompt_id=2251799813685249 tid=72614  tipo=ompt_thread_worker     cpu=231 numa=1  d_rm=    6873  d_instr=1427820411  d_cyc= 373253059  d_all= 9221245  IPC=3.825  ratio_rm=0.0007
[OMPT][WIN100ms] ompt_id=1688849860263937 tid=72613  tipo=ompt_thread_worker     cpu= 24 numa=0  d_rm=    3085  d_instr=1405274296  d_cyc= 373217043  d_all= 9073390  IPC=3.765  ratio_rm=0.0003
[OMPT][WIN100ms] ompt_id=281474976710657 tid=72606  tipo=ompt_thread_initial    cpu=255 numa=1  d_rm=    3200  d_instr=1452853715  d_cyc= 374217249  d_all= 9397016  IPC=3.882  ratio_rm=0.0003
[OMPT][WIN100ms] ompt_id=562949953421313 tid=72608  tipo=ompt_thread_worker     cpu=  1 numa=0  d_rm=    2995  d_instr=1423635072  d_cyc= 374517635  d_all= 9212689  IPC=3.801  ratio_rm=0.0003
[OMPT][WIN100ms] ompt_id=844424930131969 tid=72609  tipo=ompt_thread_worker     cpu= 73 numa=1  d_rm=    3237  d_instr=1459534726  d_cyc= 373856504  d_all= 9461266  IPC=3.904  ratio_rm=0.0003
[OMPT][WIN100ms] ompt_id=1125899906842625 tid=72610  tipo=ompt_thread_worker     cpu= 46 numa=0  d_rm=    3396  d_instr=1438924409  d_cyc= 374209244  d_all= 9323296  IPC=3.845  ratio_rm=0.0004
[OMPT][WIN100ms] ompt_id=1407374883553281 tid=72611  tipo=ompt_thread_worker     cpu=214 numa=1  d_rm=    3214  d_instr=1433321258  d_cyc= 374087415  d_all= 9290460  IPC=3.832  ratio_rm=0.0003
[OMPT][WIN100ms] ompt_id=1970324836974593 tid=72612  tipo=ompt_thread_worker     cpu=222 numa=1  d_rm=    3562  d_instr=1456237294  d_cyc= 374243893  d_all= 9441076  IPC=3.891  ratio_rm=0.0004
[OMPT][WIN100ms] ompt_id=2251799813685249 tid=72614  tipo=ompt_thread_worker     cpu=231 numa=1  d_rm=    3046  d_instr=1345537435  d_cyc= 374262333  d_all= 8714721  IPC=3.595  ratio_rm=0.0003
[OMPT][WIN100ms] ompt_id=1688849860263937 tid=72613  tipo=ompt_thread_worker     cpu= 24 numa=0  d_rm=    3091  d_instr=1407170854  d_cyc= 374343457  d_all= 9121480  IPC=3.759  ratio_rm=0.0003
[OMPT] implicit_task_end: parallel_id=0 thread_num=0
[OMPT] parallel_end: parallel_id=281474976710871
[OMPT] parallel_begin: parallel_id=281474976710873 team_size=8
[OMPT] implicit_task_end: parallel_id=0 thread_num=4
[OMPT] implicit_task_end: parallel_id=0 thread_num=7
[OMPT] implicit_task_begin: parallel_id=281474976710873 thread_num=0 team_size=8
[OMPT] implicit_task_end: parallel_id=0 thread_num=3
[OMPT] implicit_task_begin: parallel_id=281474976710873 thread_num=4 team_size=8
[OMPT] implicit_task_end: parallel_id=0 thread_num=6
[OMPT] implicit_task_begin: parallel_id=281474976710873 thread_num=7 team_size=8
[OMPT] implicit_task_end: parallel_id=0 thread_num=5
[OMPT] implicit_task_end: parallel_id=0 thread_num=2
[OMPT] implicit_task_end: parallel_id=0 thread_num=1
[OMPT] implicit_task_begin: parallel_id=281474976710873 thread_num=2 team_size=8
[OMPT] implicit_task_begin: parallel_id=281474976710873 thread_num=6 team_size=8
[OMPT] implicit_task_begin: parallel_id=281474976710873 thread_num=5 team_size=8
[OMPT] implicit_task_begin: parallel_id=281474976710873 thread_num=3 team_size=8
[OMPT] implicit_task_begin: parallel_id=281474976710873 thread_num=1 team_size=8
[OMPT][WIN100ms] ompt_id=281474976710657 tid=72606  tipo=ompt_thread_initial    cpu=255 numa=1  d_rm=    4096  d_instr=1338704176  d_cyc= 371275395  d_all= 8553684  IPC=3.606  ratio_rm=0.0005
[OMPT][WIN100ms] ompt_id=562949953421313 tid=72608  tipo=ompt_thread_worker     cpu=  1 numa=0  d_rm=    3210  d_instr=1400607464  d_cyc= 372135387  d_all= 9008852  IPC=3.764  ratio_rm=0.0004
[OMPT][WIN100ms] ompt_id=844424930131969 tid=72609  tipo=ompt_thread_worker     cpu= 73 numa=1  d_rm=    3091  d_instr=1355788910  d_cyc= 370506429  d_all= 8626201  IPC=3.659  ratio_rm=0.0004
[OMPT][WIN100ms] ompt_id=1125899906842625 tid=72610  tipo=ompt_thread_worker     cpu= 46 numa=0  d_rm=    3344  d_instr=1368623473  d_cyc= 371189766  d_all= 8740547  IPC=3.687  ratio_rm=0.0004
[OMPT][WIN100ms] ompt_id=1407374883553281 tid=72611  tipo=ompt_thread_worker     cpu=214 numa=1  d_rm=    3429  d_instr=1365371745  d_cyc= 371700905  d_all= 8727141  IPC=3.673  ratio_rm=0.0004
[OMPT][WIN100ms] ompt_id=1970324836974593 tid=72612  tipo=ompt_thread_worker     cpu=222 numa=1  d_rm=    3456  d_instr=1353656350  d_cyc= 370720396  d_all= 8613101  IPC=3.651  ratio_rm=0.0004
[OMPT][WIN100ms] ompt_id=2251799813685249 tid=72614  tipo=ompt_thread_worker     cpu=231 numa=1  d_rm=    6688  d_instr=1460263895  d_cyc= 374066220  d_all= 9451152  IPC=3.904  ratio_rm=0.0007
[OMPT][WIN100ms] ompt_id=1688849860263937 tid=72613  tipo=ompt_thread_worker     cpu= 24 numa=0  d_rm=    3494  d_instr=1396828289  d_cyc= 372823328  d_all= 9015078  IPC=3.747  ratio_rm=0.0004
[OMPT][WIN100ms] ompt_id=281474976710657 tid=72606  tipo=ompt_thread_initial    cpu=255 numa=1  d_rm=    3053  d_instr=1450684605  d_cyc= 374072614  d_all= 9397484  IPC=3.878  ratio_rm=0.0003
[OMPT][WIN100ms] ompt_id=562949953421313 tid=72608  tipo=ompt_thread_worker     cpu=  1 numa=0  d_rm=    2924  d_instr=1414168302  d_cyc= 374308785  d_all= 9163942  IPC=3.778  ratio_rm=0.0003
[OMPT][WIN100ms] ompt_id=844424930131969 tid=72609  tipo=ompt_thread_worker     cpu= 73 numa=1  d_rm=    3094  d_instr=1463073599  d_cyc= 374170951  d_all= 9483791  IPC=3.910  ratio_rm=0.0003
[OMPT][WIN100ms] ompt_id=1125899906842625 tid=72610  tipo=ompt_thread_worker     cpu= 46 numa=0  d_rm=    3286  d_instr=1450964217  d_cyc= 374178531  d_all= 9410114  IPC=3.878  ratio_rm=0.0003
[OMPT][WIN100ms] ompt_id=1407374883553281 tid=72611  tipo=ompt_thread_worker     cpu=214 numa=1  d_rm=    3070  d_instr=1449601138  d_cyc= 373997135  d_all= 9398935  IPC=3.876  ratio_rm=0.0003
[OMPT][WIN100ms] ompt_id=1970324836974593 tid=72612  tipo=ompt_thread_worker     cpu=222 numa=1  d_rm=    3554  d_instr=1454778690  d_cyc= 374105462  d_all= 9430819  IPC=3.889  ratio_rm=0.0004
[OMPT][WIN100ms] ompt_id=2251799813685249 tid=72614  tipo=ompt_thread_worker     cpu=231 numa=1  d_rm=    3392  d_instr=1446058184  d_cyc= 374209268  d_all= 9367895  IPC=3.864  ratio_rm=0.0004
[OMPT][WIN100ms] ompt_id=1688849860263937 tid=72613  tipo=ompt_thread_worker     cpu= 24 numa=0  d_rm=    3350  d_instr=1454069881  d_cyc= 373874043  d_all= 9420341  IPC=3.889  ratio_rm=0.0004
[OMPT] implicit_task_end: parallel_id=0 thread_num=0
[OMPT] parallel_end: parallel_id=281474976710873
[OMPT] parallel_begin: parallel_id=281474976710875 team_size=8
[OMPT] implicit_task_end: parallel_id=0 thread_num=4
[OMPT] implicit_task_end: parallel_id=0 thread_num=5
[OMPT] implicit_task_end: parallel_id=0 thread_num=2
[OMPT] implicit_task_begin: parallel_id=281474976710875 thread_num=4 team_size=8
[OMPT] implicit_task_end: parallel_id=0 thread_num=3
[OMPT] implicit_task_end: parallel_id=0 thread_num=6
[OMPT] implicit_task_begin: parallel_id=281474976710875 thread_num=5 team_size=8
[OMPT] implicit_task_end: parallel_id=0 thread_num=7
[OMPT] implicit_task_begin: parallel_id=281474976710875 thread_num=0 team_size=8
[OMPT] implicit_task_end: parallel_id=0 thread_num=1
[OMPT] implicit_task_begin: parallel_id=281474976710875 thread_num=3 team_size=8
[OMPT] implicit_task_begin: parallel_id=281474976710875 thread_num=2 team_size=8
[OMPT] implicit_task_begin: parallel_id=281474976710875 thread_num=7 team_size=8
[OMPT] implicit_task_begin: parallel_id=281474976710875 thread_num=1 team_size=8
[OMPT] implicit_task_begin: parallel_id=281474976710875 thread_num=6 team_size=8
[OMPT][WIN100ms] ompt_id=281474976710657 tid=72606  tipo=ompt_thread_initial    cpu=255 numa=1  d_rm=    4384  d_instr=1430651462  d_cyc= 373307362  d_all= 9248891  IPC=3.832  ratio_rm=0.0005
[OMPT][WIN100ms] ompt_id=562949953421313 tid=72608  tipo=ompt_thread_worker     cpu=  1 numa=0  d_rm=    3173  d_instr=1446540345  d_cyc= 373728422  d_all= 9378511  IPC=3.871  ratio_rm=0.0003
[OMPT][WIN100ms] ompt_id=844424930131969 tid=72609  tipo=ompt_thread_worker     cpu= 73 numa=1  d_rm=    3308  d_instr=1411787819  d_cyc= 372227782  d_all= 9080214  IPC=3.793  ratio_rm=0.0004
[OMPT][WIN100ms] ompt_id=1125899906842625 tid=72610  tipo=ompt_thread_worker     cpu= 46 numa=0  d_rm=    3435  d_instr=1422621070  d_cyc= 372876446  d_all= 9172527  IPC=3.815  ratio_rm=0.0004
[OMPT][WIN100ms] ompt_id=1407374883553281 tid=72611  tipo=ompt_thread_worker     cpu=214 numa=1  d_rm=    3204  d_instr=1422648276  d_cyc= 373260864  d_all= 9178924  IPC=3.811  ratio_rm=0.0003
[OMPT][WIN100ms] ompt_id=1970324836974593 tid=72612  tipo=ompt_thread_worker     cpu=222 numa=1  d_rm=    3953  d_instr=1414379639  d_cyc= 373129984  d_all= 9108836  IPC=3.791  ratio_rm=0.0004
[OMPT][WIN100ms] ompt_id=2251799813685249 tid=72614  tipo=ompt_thread_worker     cpu=231 numa=1  d_rm=    6485  d_instr=1428628791  d_cyc= 372687484  d_all= 9183059  IPC=3.833  ratio_rm=0.0007
[OMPT][WIN100ms] ompt_id=1688849860263937 tid=72613  tipo=ompt_thread_worker     cpu= 24 numa=0  d_rm=    3319  d_instr=1426724841  d_cyc= 373217206  d_all= 9208304  IPC=3.823  ratio_rm=0.0004
[OMPT] implicit_task_end: parallel_id=0 thread_num=0
[OMPT] parallel_end: parallel_id=281474976710875
[OMPT] parallel_begin: parallel_id=281474976710877 team_size=8
[OMPT] implicit_task_end: parallel_id=0 thread_num=4
[OMPT] implicit_task_end: parallel_id=0 thread_num=7
[OMPT] implicit_task_begin: parallel_id=281474976710877 thread_num=0 team_size=8
[OMPT] implicit_task_end: parallel_id=0 thread_num=3
[OMPT] implicit_task_begin: parallel_id=281474976710877 thread_num=4 team_size=8
[OMPT] implicit_task_end: parallel_id=0 thread_num=5
[OMPT] implicit_task_begin: parallel_id=281474976710877 thread_num=7 team_size=8
[OMPT] implicit_task_end: parallel_id=0 thread_num=6
[OMPT] implicit_task_end: parallel_id=0 thread_num=2
[OMPT] implicit_task_begin: parallel_id=281474976710877 thread_num=6 team_size=8
[OMPT] implicit_task_end: parallel_id=0 thread_num=1
[OMPT] implicit_task_begin: parallel_id=281474976710877 thread_num=2 team_size=8
[OMPT] implicit_task_begin: parallel_id=281474976710877 thread_num=3 team_size=8
[OMPT] implicit_task_begin: parallel_id=281474976710877 thread_num=5 team_size=8
[OMPT] implicit_task_begin: parallel_id=281474976710877 thread_num=1 team_size=8
[OMPT][WIN100ms] ompt_id=281474976710657 tid=72606  tipo=ompt_thread_initial    cpu=255 numa=1  d_rm=    4596  d_instr=1438922227  d_cyc= 373386232  d_all= 9292291  IPC=3.854  ratio_rm=0.0005
[OMPT][WIN100ms] ompt_id=562949953421313 tid=72608  tipo=ompt_thread_worker     cpu=  1 numa=0  d_rm=    3256  d_instr=1429921946  d_cyc= 373512532  d_all= 9266862  IPC=3.828  ratio_rm=0.0004
[OMPT][WIN100ms] ompt_id=844424930131969 tid=72609  tipo=ompt_thread_worker     cpu= 73 numa=1  d_rm=    3441  d_instr=1426480101  d_cyc= 372542892  d_all= 9211759  IPC=3.829  ratio_rm=0.0004
[OMPT][WIN100ms] ompt_id=1125899906842625 tid=72610  tipo=ompt_thread_worker     cpu= 46 numa=0  d_rm=    3438  d_instr=1430577123  d_cyc= 373128846  d_all= 9241649  IPC=3.834  ratio_rm=0.0004
[OMPT][WIN100ms] ompt_id=1407374883553281 tid=72611  tipo=ompt_thread_worker     cpu=214 numa=1  d_rm=    3544  d_instr=1435509496  d_cyc= 374061396  d_all= 9300513  IPC=3.838  ratio_rm=0.0004
[OMPT][WIN100ms] ompt_id=1970324836974593 tid=72612  tipo=ompt_thread_worker     cpu=222 numa=1  d_rm=    3877  d_instr=1433488361  d_cyc= 373375520  d_all= 9269878  IPC=3.839  ratio_rm=0.0004
[OMPT][WIN100ms] ompt_id=2251799813685249 tid=72614  tipo=ompt_thread_worker     cpu=231 numa=1  d_rm=    6617  d_instr=1420360295  d_cyc= 373181961  d_all= 9135602  IPC=3.806  ratio_rm=0.0007
[OMPT][WIN100ms] ompt_id=1688849860263937 tid=72613  tipo=ompt_thread_worker     cpu= 24 numa=0  d_rm=    3193  d_instr=1428886952  d_cyc= 373806083  d_all= 9237537  IPC=3.823  ratio_rm=0.0003
[OMPT][WIN100ms] ompt_id=281474976710657 tid=72606  tipo=ompt_thread_initial    cpu=255 numa=1  d_rm=    3189  d_instr=1453215753  d_cyc= 373855188  d_all= 9424871  IPC=3.887  ratio_rm=0.0003
[OMPT][WIN100ms] ompt_id=562949953421313 tid=72608  tipo=ompt_thread_worker     cpu=  1 numa=0  d_rm=    3102  d_instr=1441072882  d_cyc= 376741261  d_all= 9342666  IPC=3.825  ratio_rm=0.0003
[OMPT][WIN100ms] ompt_id=844424930131969 tid=72609  tipo=ompt_thread_worker     cpu= 73 numa=1  d_rm=    3398  d_instr=1470181003  d_cyc= 376629801  d_all= 9528935  IPC=3.904  ratio_rm=0.0004
[OMPT][WIN100ms] ompt_id=1125899906842625 tid=72610  tipo=ompt_thread_worker     cpu= 46 numa=0  d_rm=    3274  d_instr=1451726706  d_cyc= 376557715  d_all= 9404903  IPC=3.855  ratio_rm=0.0003
[OMPT][WIN100ms] ompt_id=1407374883553281 tid=72611  tipo=ompt_thread_worker     cpu=214 numa=1  d_rm=    3201  d_instr=1442214984  d_cyc= 376390851  d_all= 9343138  IPC=3.832  ratio_rm=0.0003
[OMPT][WIN100ms] ompt_id=1970324836974593 tid=72612  tipo=ompt_thread_worker     cpu=222 numa=1  d_rm=    3350  d_instr=1468299835  d_cyc= 376577165  d_all= 9499594  IPC=3.899  ratio_rm=0.0004
[OMPT][WIN100ms] ompt_id=2251799813685249 tid=72614  tipo=ompt_thread_worker     cpu=231 numa=1  d_rm=    3490  d_instr=1474995170  d_cyc= 376529942  d_all= 9538915  IPC=3.917  ratio_rm=0.0004
[OMPT][WIN100ms] ompt_id=1688849860263937 tid=72613  tipo=ompt_thread_worker     cpu= 24 numa=0  d_rm=    3078  d_instr=1470256771  d_cyc= 376536802  d_all= 9509117  IPC=3.905  ratio_rm=0.0003
[OMPT] implicit_task_end: parallel_id=0 thread_num=0
[OMPT] parallel_end: parallel_id=281474976710877
[OMPT] parallel_begin: parallel_id=281474976710879 team_size=8
[OMPT] implicit_task_end: parallel_id=0 thread_num=4
[OMPT] implicit_task_end: parallel_id=0 thread_num=7
[OMPT] implicit_task_end: parallel_id=0 thread_num=3
[OMPT] implicit_task_end: parallel_id=0 thread_num=1
[OMPT] implicit_task_begin: parallel_id=281474976710879 thread_num=7 team_size=8
[OMPT] implicit_task_begin: parallel_id=281474976710879 thread_num=3 team_size=8
[OMPT] implicit_task_end: parallel_id=0 thread_num=6
[OMPT] implicit_task_begin: parallel_id=281474976710879 thread_num=6 team_size=8
[OMPT] implicit_task_begin: parallel_id=281474976710879 thread_num=0 team_size=8
[OMPT] implicit_task_end: parallel_id=0 thread_num=2
[OMPT] implicit_task_begin: parallel_id=281474976710879 thread_num=4 team_size=8
[OMPT] implicit_task_begin: parallel_id=281474976710879 thread_num=2 team_size=8
[OMPT] implicit_task_begin: parallel_id=281474976710879 thread_num=1 team_size=8
[OMPT] implicit_task_end: parallel_id=0 thread_num=5
[OMPT] implicit_task_begin: parallel_id=281474976710879 thread_num=5 team_size=8
[OMPT][WIN100ms] ompt_id=281474976710657 tid=72606  tipo=ompt_thread_initial    cpu=255 numa=1  d_rm=    4381  d_instr=1409899259  d_cyc= 373864909  d_all= 9050295  IPC=3.771  ratio_rm=0.0005
[OMPT][WIN100ms] ompt_id=562949953421313 tid=72608  tipo=ompt_thread_worker     cpu=  1 numa=0  d_rm=    3555  d_instr=1416265784  d_cyc= 373046863  d_all= 9158902  IPC=3.796  ratio_rm=0.0004
[OMPT][WIN100ms] ompt_id=844424930131969 tid=72609  tipo=ompt_thread_worker     cpu= 73 numa=1  d_rm=    3422  d_instr=1400557925  d_cyc= 371621476  d_all= 8984348  IPC=3.769  ratio_rm=0.0004
[OMPT][WIN100ms] ompt_id=1125899906842625 tid=72610  tipo=ompt_thread_worker     cpu= 46 numa=0  d_rm=    3401  d_instr=1415359549  d_cyc= 372859825  d_all= 9119985  IPC=3.796  ratio_rm=0.0004
[OMPT][WIN100ms] ompt_id=1407374883553281 tid=72611  tipo=ompt_thread_worker     cpu=214 numa=1  d_rm=    3464  d_instr=1411358787  d_cyc= 373367612  d_all= 9139204  IPC=3.780  ratio_rm=0.0004
[OMPT][WIN100ms] ompt_id=1970324836974593 tid=72612  tipo=ompt_thread_worker     cpu=222 numa=1  d_rm=    3693  d_instr=1397869264  d_cyc= 371825840  d_all= 8977978  IPC=3.759  ratio_rm=0.0004
[OMPT][WIN100ms] ompt_id=2251799813685249 tid=72614  tipo=ompt_thread_worker     cpu=231 numa=1  d_rm=    6442  d_instr=1396860847  d_cyc= 372388194  d_all= 8951644  IPC=3.751  ratio_rm=0.0007
[OMPT][WIN100ms] ompt_id=1688849860263937 tid=72613  tipo=ompt_thread_worker     cpu= 24 numa=0  d_rm=    3193  d_instr=1399444749  d_cyc= 373117603  d_all= 9016263  IPC=3.751  ratio_rm=0.0004
[OMPT][WIN100ms] ompt_id=281474976710657 tid=72606  tipo=ompt_thread_initial    cpu=255 numa=1  d_rm=    3177  d_instr=1444928549  d_cyc= 374272016  d_all= 9365329  IPC=3.861  ratio_rm=0.0003
[OMPT][WIN100ms] ompt_id=562949953421313 tid=72608  tipo=ompt_thread_worker     cpu=  1 numa=0  d_rm=    2868  d_instr=1431078078  d_cyc= 374573003  d_all= 9271291  IPC=3.821  ratio_rm=0.0003
[OMPT][WIN100ms] ompt_id=844424930131969 tid=72609  tipo=ompt_thread_worker     cpu= 73 numa=1  d_rm=    3018  d_instr=1458738135  d_cyc= 374438450  d_all= 9449231  IPC=3.896  ratio_rm=0.0003
[OMPT][WIN100ms] ompt_id=1125899906842625 tid=72610  tipo=ompt_thread_worker     cpu= 46 numa=0  d_rm=    3598  d_instr=1452513292  d_cyc= 374460719  d_all= 9395154  IPC=3.879  ratio_rm=0.0004
[OMPT][WIN100ms] ompt_id=1407374883553281 tid=72611  tipo=ompt_thread_worker     cpu=214 numa=1  d_rm=    3048  d_instr=1441231821  d_cyc= 374318001  d_all= 9322983  IPC=3.850  ratio_rm=0.0003
[OMPT][WIN100ms] ompt_id=1970324836974593 tid=72612  tipo=ompt_thread_worker     cpu=222 numa=1  d_rm=    3230  d_instr=1419195235  d_cyc= 374432413  d_all= 9181856  IPC=3.790  ratio_rm=0.0004
[OMPT][WIN100ms] ompt_id=2251799813685249 tid=72614  tipo=ompt_thread_worker     cpu=231 numa=1  d_rm=    3642  d_instr=1449008601  d_cyc= 373968982  d_all= 9373503  IPC=3.875  ratio_rm=0.0004
[OMPT][WIN100ms] ompt_id=1688849860263937 tid=72613  tipo=ompt_thread_worker     cpu= 24 numa=0  d_rm=    3188  d_instr=1406472198  d_cyc= 374445320  d_all= 9100592  IPC=3.756  ratio_rm=0.0004
[OMPT] implicit_task_end: parallel_id=0 thread_num=0
[OMPT] parallel_end: parallel_id=281474976710879
[OMPT] parallel_begin: parallel_id=281474976710881 team_size=8
[OMPT] implicit_task_end: parallel_id=0 thread_num=4
[OMPT] implicit_task_end: parallel_id=0 thread_num=6
[OMPT] implicit_task_begin: parallel_id=281474976710881 thread_num=0 team_size=8
[OMPT] implicit_task_end: parallel_id=0 thread_num=3
[OMPT] implicit_task_begin: parallel_id=281474976710881 thread_num=4 team_size=8
[OMPT] implicit_task_begin: parallel_id=281474976710881 thread_num=6 team_size=8
[OMPT] implicit_task_begin: parallel_id=281474976710881 thread_num=3 team_size=8
[OMPT] implicit_task_end: parallel_id=0 thread_num=5
[OMPT] implicit_task_end: parallel_id=0 thread_num=7
[OMPT] implicit_task_end: parallel_id=0 thread_num=2
[OMPT] implicit_task_begin: parallel_id=281474976710881 thread_num=7 team_size=8
[OMPT] implicit_task_begin: parallel_id=281474976710881 thread_num=5 team_size=8
[OMPT] implicit_task_end: parallel_id=0 thread_num=1
[OMPT] implicit_task_begin: parallel_id=281474976710881 thread_num=1 team_size=8
[OMPT] implicit_task_begin: parallel_id=281474976710881 thread_num=2 team_size=8
[OMPT][WIN100ms] ompt_id=281474976710657 tid=72606  tipo=ompt_thread_initial    cpu=255 numa=1  d_rm=    4251  d_instr=1365787303  d_cyc= 371703917  d_all= 8733993  IPC=3.674  ratio_rm=0.0005
[OMPT][WIN100ms] ompt_id=562949953421313 tid=72608  tipo=ompt_thread_worker     cpu=  1 numa=0  d_rm=    3095  d_instr=1374718787  d_cyc= 372501602  d_all= 8852003  IPC=3.691  ratio_rm=0.0003
[OMPT][WIN100ms] ompt_id=844424930131969 tid=72609  tipo=ompt_thread_worker     cpu= 73 numa=1  d_rm=    3113  d_instr=1355925363  d_cyc= 370669191  d_all= 8644111  IPC=3.658  ratio_rm=0.0004
[OMPT][WIN100ms] ompt_id=1125899906842625 tid=72610  tipo=ompt_thread_worker     cpu= 46 numa=0  d_rm=    3235  d_instr=1362166045  d_cyc= 371190264  d_all= 8687009  IPC=3.670  ratio_rm=0.0004
[OMPT][WIN100ms] ompt_id=1407374883553281 tid=72611  tipo=ompt_thread_worker     cpu=214 numa=1  d_rm=    3113  d_instr=1368047946  d_cyc= 371788724  d_all= 8750523  IPC=3.680  ratio_rm=0.0004
[OMPT][WIN100ms] ompt_id=1970324836974593 tid=72612  tipo=ompt_thread_worker     cpu=222 numa=1  d_rm=    3606  d_instr=1390626736  d_cyc= 372018569  d_all= 8918338  IPC=3.738  ratio_rm=0.0004
[OMPT][WIN100ms] ompt_id=2251799813685249 tid=72614  tipo=ompt_thread_worker     cpu=231 numa=1  d_rm=    6626  d_instr=1363103362  d_cyc= 370842806  d_all= 8688552  IPC=3.676  ratio_rm=0.0008
[OMPT][WIN100ms] ompt_id=1688849860263937 tid=72613  tipo=ompt_thread_worker     cpu= 24 numa=0  d_rm=    3192  d_instr=1381757916  d_cyc= 374228060  d_all= 8947577  IPC=3.692  ratio_rm=0.0004
[OMPT][WIN100ms] ompt_id=281474976710657 tid=72606  tipo=ompt_thread_initial    cpu=255 numa=1  d_rm=    3250  d_instr=1448340279  d_cyc= 374192455  d_all= 9387859  IPC=3.871  ratio_rm=0.0003
[OMPT][WIN100ms] ompt_id=562949953421313 tid=72608  tipo=ompt_thread_worker     cpu=  1 numa=0  d_rm=    3117  d_instr=1395106544  d_cyc= 374447085  d_all= 9039501  IPC=3.726  ratio_rm=0.0003
[OMPT][WIN100ms] ompt_id=844424930131969 tid=72609  tipo=ompt_thread_worker     cpu= 73 numa=1  d_rm=    3176  d_instr=1455012554  d_cyc= 374239379  d_all= 9411327  IPC=3.888  ratio_rm=0.0003
[OMPT][WIN100ms] ompt_id=1125899906842625 tid=72610  tipo=ompt_thread_worker     cpu= 46 numa=0  d_rm=    3283  d_instr=1446729663  d_cyc= 374348864  d_all= 9358458  IPC=3.865  ratio_rm=0.0004
[OMPT][WIN100ms] ompt_id=1407374883553281 tid=72611  tipo=ompt_thread_worker     cpu=214 numa=1  d_rm=    3177  d_instr=1390859338  d_cyc= 374180730  d_all= 9000158  IPC=3.717  ratio_rm=0.0004
[OMPT][WIN100ms] ompt_id=1970324836974593 tid=72612  tipo=ompt_thread_worker     cpu=222 numa=1  d_rm=    3355  d_instr=1450752679  d_cyc= 374229470  d_all= 9384359  IPC=3.877  ratio_rm=0.0004
[OMPT][WIN100ms] ompt_id=2251799813685249 tid=72614  tipo=ompt_thread_worker     cpu=231 numa=1  d_rm=    3385  d_instr=1466049054  d_cyc= 373837605  d_all= 9482257  IPC=3.922  ratio_rm=0.0004
[OMPT][WIN100ms] ompt_id=1688849860263937 tid=72613  tipo=ompt_thread_worker     cpu= 24 numa=0  d_rm=    3075  d_instr=1425343528  d_cyc= 374288703  d_all= 9221258  IPC=3.808  ratio_rm=0.0003
[OMPT] implicit_task_end: parallel_id=0 thread_num=0
[OMPT] parallel_end: parallel_id=281474976710881
[OMPT] parallel_begin: parallel_id=281474976710883 team_size=8
[OMPT] implicit_task_end: parallel_id=0 thread_num=4
[OMPT] implicit_task_end: parallel_id=0 thread_num=5
[OMPT] implicit_task_end: parallel_id=0 thread_num=1
[OMPT] implicit_task_begin: parallel_id=281474976710883 thread_num=4 team_size=8
[OMPT] implicit_task_end: parallel_id=0 thread_num=6
[OMPT] implicit_task_begin: parallel_id=281474976710883 thread_num=6 team_size=8
[OMPT] implicit_task_end: parallel_id=0 thread_num=7
[OMPT] implicit_task_end: parallel_id=0 thread_num=3
[OMPT] implicit_task_begin: parallel_id=281474976710883 thread_num=7 team_size=8
[OMPT] implicit_task_begin: parallel_id=281474976710883 thread_num=0 team_size=8
[OMPT] implicit_task_begin: parallel_id=281474976710883 thread_num=3 team_size=8
[OMPT] implicit_task_end: parallel_id=0 thread_num=2
[OMPT] implicit_task_begin: parallel_id=281474976710883 thread_num=5 team_size=8
[OMPT] implicit_task_begin: parallel_id=281474976710883 thread_num=2 team_size=8
[OMPT] implicit_task_begin: parallel_id=281474976710883 thread_num=1 team_size=8
[OMPT][WIN100ms] ompt_id=281474976710657 tid=72606  tipo=ompt_thread_initial    cpu=255 numa=1  d_rm=    4184  d_instr=1377873044  d_cyc= 371878605  d_all= 8849752  IPC=3.705  ratio_rm=0.0005
[OMPT][WIN100ms] ompt_id=562949953421313 tid=72608  tipo=ompt_thread_worker     cpu=  1 numa=0  d_rm=    3181  d_instr=1427071216  d_cyc= 373385337  d_all= 9236137  IPC=3.822  ratio_rm=0.0003
[OMPT][WIN100ms] ompt_id=844424930131969 tid=72609  tipo=ompt_thread_worker     cpu= 73 numa=1  d_rm=    3088  d_instr=1378653358  d_cyc= 371209114  d_all= 8823420  IPC=3.714  ratio_rm=0.0003
[OMPT][WIN100ms] ompt_id=1125899906842625 tid=72610  tipo=ompt_thread_worker     cpu= 46 numa=0  d_rm=    3222  d_instr=1388275892  d_cyc= 371807798  d_all= 8902336  IPC=3.734  ratio_rm=0.0004
[OMPT][WIN100ms] ompt_id=1407374883553281 tid=72611  tipo=ompt_thread_worker     cpu=214 numa=1  d_rm=    3643  d_instr=1429600980  d_cyc= 374077043  d_all= 9256372  IPC=3.822  ratio_rm=0.0004
[OMPT][WIN100ms] ompt_id=1970324836974593 tid=72612  tipo=ompt_thread_worker     cpu=222 numa=1  d_rm=    3616  d_instr=1384112963  d_cyc= 371703160  d_all= 8861443  IPC=3.724  ratio_rm=0.0004
[OMPT][WIN100ms] ompt_id=2251799813685249 tid=72614  tipo=ompt_thread_worker     cpu=231 numa=1  d_rm=    6631  d_instr=1377904129  d_cyc= 371615772  d_all= 8811471  IPC=3.708  ratio_rm=0.0008
[OMPT][WIN100ms] ompt_id=1688849860263937 tid=72613  tipo=ompt_thread_worker     cpu= 24 numa=0  d_rm=    3292  d_instr=1410166495  d_cyc= 372758316  d_all= 9064672  IPC=3.783  ratio_rm=0.0004
[OMPT][WIN100ms] ompt_id=281474976710657 tid=72606  tipo=ompt_thread_initial    cpu=255 numa=1  d_rm=    3179  d_instr=1439966759  d_cyc= 374101994  d_all= 9316375  IPC=3.849  ratio_rm=0.0003
[OMPT][WIN100ms] ompt_id=562949953421313 tid=72608  tipo=ompt_thread_worker     cpu=  1 numa=0  d_rm=    3108  d_instr=1440911663  d_cyc= 374509495  d_all= 9320524  IPC=3.847  ratio_rm=0.0003
[OMPT][WIN100ms] ompt_id=844424930131969 tid=72609  tipo=ompt_thread_worker     cpu= 73 numa=1  d_rm=    3270  d_instr=1462472029  d_cyc= 374257307  d_all= 9459183  IPC=3.908  ratio_rm=0.0003
[OMPT][WIN100ms] ompt_id=1125899906842625 tid=72610  tipo=ompt_thread_worker     cpu= 46 numa=0  d_rm=    3512  d_instr=1458207999  d_cyc= 374336300  d_all= 9429874  IPC=3.895  ratio_rm=0.0004
[OMPT][WIN100ms] ompt_id=1407374883553281 tid=72611  tipo=ompt_thread_worker     cpu=214 numa=1  d_rm=    3280  d_instr=1449782609  d_cyc= 373949996  d_all= 9377704  IPC=3.877  ratio_rm=0.0003
[OMPT][WIN100ms] ompt_id=1970324836974593 tid=72612  tipo=ompt_thread_worker     cpu=222 numa=1  d_rm=    3427  d_instr=1448276276  d_cyc= 374208774  d_all= 9368124  IPC=3.870  ratio_rm=0.0004
[OMPT][WIN100ms] ompt_id=2251799813685249 tid=72614  tipo=ompt_thread_worker     cpu=231 numa=1  d_rm=    3170  d_instr=1449340088  d_cyc= 374236320  d_all= 9375159  IPC=3.873  ratio_rm=0.0003
[OMPT][WIN100ms] ompt_id=1688849860263937 tid=72613  tipo=ompt_thread_worker     cpu= 24 numa=0  d_rm=    3099  d_instr=1457195296  d_cyc= 373916923  d_all= 9425547  IPC=3.897  ratio_rm=0.0003
[OMPT] implicit_task_end: parallel_id=0 thread_num=0
[OMPT] parallel_end: parallel_id=281474976710883
[OMPT] parallel_begin: parallel_id=281474976710885 team_size=8
[OMPT] implicit_task_end: parallel_id=0 thread_num=3
[OMPT] implicit_task_end: parallel_id=0 thread_num=4
[OMPT] implicit_task_begin: parallel_id=281474976710885 thread_num=3 team_size=8
[OMPT] implicit_task_end: parallel_id=0 thread_num=5
[OMPT] implicit_task_begin: parallel_id=281474976710885 thread_num=4 team_size=8
[OMPT] implicit_task_end: parallel_id=0 thread_num=2
[OMPT] implicit_task_begin: parallel_id=281474976710885 thread_num=5 team_size=8
[OMPT] implicit_task_begin: parallel_id=281474976710885 thread_num=0 team_size=8
[OMPT] implicit_task_begin: parallel_id=281474976710885 thread_num=2 team_size=8
[OMPT] implicit_task_end: parallel_id=0 thread_num=7
[OMPT] implicit_task_end: parallel_id=0 thread_num=6
[OMPT] implicit_task_end: parallel_id=0 thread_num=1
[OMPT] implicit_task_begin: parallel_id=281474976710885 thread_num=7 team_size=8
[OMPT] implicit_task_begin: parallel_id=281474976710885 thread_num=6 team_size=8
[OMPT] implicit_task_begin: parallel_id=281474976710885 thread_num=1 team_size=8
[OMPT][WIN100ms] ompt_id=281474976710657 tid=72606  tipo=ompt_thread_initial    cpu=255 numa=1  d_rm=    4489  d_instr=1438441347  d_cyc= 373686847  d_all= 9312760  IPC=3.849  ratio_rm=0.0005
[OMPT][WIN100ms] ompt_id=562949953421313 tid=72608  tipo=ompt_thread_worker     cpu=  1 numa=0  d_rm=    3140  d_instr=1431286078  d_cyc= 373322157  d_all= 9266219  IPC=3.834  ratio_rm=0.0003
[OMPT][WIN100ms] ompt_id=844424930131969 tid=72609  tipo=ompt_thread_worker     cpu= 73 numa=1  d_rm=    3256  d_instr=1429389827  d_cyc= 372864540  d_all= 9211850  IPC=3.834  ratio_rm=0.0004
[OMPT][WIN100ms] ompt_id=1125899906842625 tid=72610  tipo=ompt_thread_worker     cpu= 46 numa=0  d_rm=    3436  d_instr=1417483080  d_cyc= 373298700  d_all= 9138452  IPC=3.797  ratio_rm=0.0004
[OMPT][WIN100ms] ompt_id=1407374883553281 tid=72611  tipo=ompt_thread_worker     cpu=214 numa=1  d_rm=    3672  d_instr=1439736576  d_cyc= 373160496  d_all= 9291462  IPC=3.858  ratio_rm=0.0004
[OMPT][WIN100ms] ompt_id=1970324836974593 tid=72612  tipo=ompt_thread_worker     cpu=222 numa=1  d_rm=    3886  d_instr=1428110255  d_cyc= 373671483  d_all= 9221385  IPC=3.822  ratio_rm=0.0004
[OMPT][WIN100ms] ompt_id=2251799813685249 tid=72614  tipo=ompt_thread_worker     cpu=231 numa=1  d_rm=    6566  d_instr=1432978902  d_cyc= 372783163  d_all= 9220339  IPC=3.844  ratio_rm=0.0007
[OMPT][WIN100ms] ompt_id=1688849860263937 tid=72613  tipo=ompt_thread_worker     cpu= 24 numa=0  d_rm=    3249  d_instr=1422784181  d_cyc= 372360836  d_all= 9151479  IPC=3.821  ratio_rm=0.0004
[OMPT][WIN100ms] ompt_id=281474976710657 tid=72606  tipo=ompt_thread_initial    cpu=255 numa=1  d_rm=    3080  d_instr=1465486506  d_cyc= 374177555  d_all= 9478292  IPC=3.917  ratio_rm=0.0003
[OMPT][WIN100ms] ompt_id=562949953421313 tid=72608  tipo=ompt_thread_worker     cpu=  1 numa=0  d_rm=    3159  d_instr=1465220003  d_cyc= 374434251  d_all= 9476485  IPC=3.913  ratio_rm=0.0003
[OMPT][WIN100ms] ompt_id=844424930131969 tid=72609  tipo=ompt_thread_worker     cpu= 73 numa=1  d_rm=    3462  d_instr=1455401313  d_cyc= 374309380  d_all= 9414009  IPC=3.888  ratio_rm=0.0004
[OMPT][WIN100ms] ompt_id=1125899906842625 tid=72610  tipo=ompt_thread_worker     cpu= 46 numa=0  d_rm=    3547  d_instr=1458432151  d_cyc= 374345602  d_all= 9432906  IPC=3.896  ratio_rm=0.0004
[OMPT][WIN100ms] ompt_id=1407374883553281 tid=72611  tipo=ompt_thread_worker     cpu=214 numa=1  d_rm=    3311  d_instr=1460436341  d_cyc= 373815718  d_all= 9446305  IPC=3.907  ratio_rm=0.0004
[OMPT][WIN100ms] ompt_id=1970324836974593 tid=72612  tipo=ompt_thread_worker     cpu=222 numa=1  d_rm=    3404  d_instr=1456978905  d_cyc= 374274932  d_all= 9424015  IPC=3.893  ratio_rm=0.0004
[OMPT][WIN100ms] ompt_id=2251799813685249 tid=72614  tipo=ompt_thread_worker     cpu=231 numa=1  d_rm=    3336  d_instr=1459404050  d_cyc= 374241409  d_all= 9456213  IPC=3.900  ratio_rm=0.0004
[OMPT][WIN100ms] ompt_id=1688849860263937 tid=72613  tipo=ompt_thread_worker     cpu= 24 numa=0  d_rm=    2952  d_instr=1442901863  d_cyc= 374358843  d_all= 9336693  IPC=3.854  ratio_rm=0.0003
[OMPT] implicit_task_end: parallel_id=0 thread_num=0
[OMPT] parallel_end: parallel_id=281474976710885
[OMPT] parallel_begin: parallel_id=281474976710887 team_size=8
[OMPT] implicit_task_end: parallel_id=0 thread_num=4
[OMPT] implicit_task_end: parallel_id=0 thread_num=5
[OMPT] implicit_task_end: parallel_id=0 thread_num=2
[OMPT] implicit_task_end: parallel_id=0 thread_num=1
[OMPT] implicit_task_begin: parallel_id=281474976710887 thread_num=2 team_size=8
[OMPT] implicit_task_end: parallel_id=0 thread_num=6
[OMPT] implicit_task_end: parallel_id=0 thread_num=7
[OMPT] implicit_task_begin: parallel_id=281474976710887 thread_num=0 team_size=8
[OMPT] implicit_task_begin: parallel_id=281474976710887 thread_num=7 team_size=8
[OMPT] implicit_task_begin: parallel_id=281474976710887 thread_num=4 team_size=8
[OMPT] implicit_task_begin: parallel_id=281474976710887 thread_num=5 team_size=8
[OMPT] implicit_task_begin: parallel_id=281474976710887 thread_num=1 team_size=8
[OMPT] implicit_task_end: parallel_id=0 thread_num=3
[OMPT] implicit_task_begin: parallel_id=281474976710887 thread_num=6 team_size=8
[OMPT] implicit_task_begin: parallel_id=281474976710887 thread_num=3 team_size=8
[OMPT][WIN100ms] ompt_id=281474976710657 tid=72606  tipo=ompt_thread_initial    cpu=255 numa=1  d_rm=    4361  d_instr=1425330925  d_cyc= 373094028  d_all= 9205460  IPC=3.820  ratio_rm=0.0005
[OMPT][WIN100ms] ompt_id=562949953421313 tid=72608  tipo=ompt_thread_worker     cpu=  1 numa=0  d_rm=    3331  d_instr=1432535574  d_cyc= 372787596  d_all= 9250303  IPC=3.843  ratio_rm=0.0004
[OMPT][WIN100ms] ompt_id=844424930131969 tid=72609  tipo=ompt_thread_worker     cpu= 73 numa=1  d_rm=    3228  d_instr=1437373283  d_cyc= 372973194  d_all= 9276818  IPC=3.854  ratio_rm=0.0003
[OMPT][WIN100ms] ompt_id=1125899906842625 tid=72610  tipo=ompt_thread_worker     cpu= 46 numa=0  d_rm=    3548  d_instr=1439028371  d_cyc= 372965998  d_all= 9306813  IPC=3.858  ratio_rm=0.0004
[OMPT][WIN100ms] ompt_id=1407374883553281 tid=72611  tipo=ompt_thread_worker     cpu=214 numa=1  d_rm=    3381  d_instr=1411422347  d_cyc= 372525238  d_all= 9096422  IPC=3.789  ratio_rm=0.0004
[OMPT][WIN100ms] ompt_id=1970324836974593 tid=72612  tipo=ompt_thread_worker     cpu=222 numa=1  d_rm=    3767  d_instr=1418572467  d_cyc= 373287426  d_all= 9166820  IPC=3.800  ratio_rm=0.0004
[OMPT][WIN100ms] ompt_id=2251799813685249 tid=72614  tipo=ompt_thread_worker     cpu=231 numa=1  d_rm=    6804  d_instr=1432084572  d_cyc= 372913677  d_all= 9227796  IPC=3.840  ratio_rm=0.0007
[OMPT][WIN100ms] ompt_id=1688849860263937 tid=72613  tipo=ompt_thread_worker     cpu= 24 numa=0  d_rm=    3697  d_instr=1428916468  d_cyc= 373454911  d_all= 9260214  IPC=3.826  ratio_rm=0.0004
[OMPT][WIN100ms] ompt_id=281474976710657 tid=72606  tipo=ompt_thread_initial    cpu=255 numa=1  d_rm=    3151  d_instr=1459071141  d_cyc= 374138581  d_all= 9437191  IPC=3.900  ratio_rm=0.0003
[OMPT][WIN100ms] ompt_id=562949953421313 tid=72608  tipo=ompt_thread_worker     cpu=  1 numa=0  d_rm=    3325  d_instr=1449128057  d_cyc= 374420374  d_all= 9373629  IPC=3.870  ratio_rm=0.0004
[OMPT][WIN100ms] ompt_id=844424930131969 tid=72609  tipo=ompt_thread_worker     cpu= 73 numa=1  d_rm=    2892  d_instr=1450921133  d_cyc= 373888308  d_all= 9385481  IPC=3.881  ratio_rm=0.0003
[OMPT][WIN100ms] ompt_id=1125899906842625 tid=72610  tipo=ompt_thread_worker     cpu= 46 numa=0  d_rm=    3395  d_instr=1444059617  d_cyc= 374188739  d_all= 9341296  IPC=3.859  ratio_rm=0.0004
[OMPT][WIN100ms] ompt_id=1407374883553281 tid=72611  tipo=ompt_thread_worker     cpu=214 numa=1  d_rm=    3260  d_instr=1432285662  d_cyc= 374016691  d_all= 9273101  IPC=3.829  ratio_rm=0.0004
[OMPT][WIN100ms] ompt_id=1970324836974593 tid=72612  tipo=ompt_thread_worker     cpu=222 numa=1  d_rm=    3301  d_instr=1446824854  d_cyc= 374272385  d_all= 9376581  IPC=3.866  ratio_rm=0.0004
[OMPT][WIN100ms] ompt_id=2251799813685249 tid=72614  tipo=ompt_thread_worker     cpu=231 numa=1  d_rm=    3230  d_instr=1430676398  d_cyc= 374217769  d_all= 9274835  IPC=3.823  ratio_rm=0.0003
[OMPT][WIN100ms] ompt_id=1688849860263937 tid=72613  tipo=ompt_thread_worker     cpu= 24 numa=0  d_rm=    3141  d_instr=1396521065  d_cyc= 374360233  d_all= 9043698  IPC=3.730  ratio_rm=0.0003
[OMPT] implicit_task_end: parallel_id=0 thread_num=0
[OMPT] parallel_end: parallel_id=281474976710887
[OMPT] parallel_begin: parallel_id=281474976710889 team_size=8
[OMPT] implicit_task_end: parallel_id=0 thread_num=4
[OMPT] implicit_task_end: parallel_id=0 thread_num=5
[OMPT] implicit_task_begin: parallel_id=281474976710889 thread_num=0 team_size=8
[OMPT] implicit_task_end: parallel_id=0 thread_num=1
[OMPT] implicit_task_begin: parallel_id=281474976710889 thread_num=4 team_size=8
[OMPT] implicit_task_end: parallel_id=0 thread_num=2
[OMPT] implicit_task_begin: parallel_id=281474976710889 thread_num=5 team_size=8
[OMPT] implicit_task_end: parallel_id=0 thread_num=6
[OMPT] implicit_task_begin: parallel_id=281474976710889 thread_num=2 team_size=8
[OMPT] implicit_task_end: parallel_id=0 thread_num=3
[OMPT] implicit_task_begin: parallel_id=281474976710889 thread_num=1 team_size=8
[OMPT] implicit_task_begin: parallel_id=281474976710889 thread_num=3 team_size=8
[OMPT] implicit_task_begin: parallel_id=281474976710889 thread_num=6 team_size=8
[OMPT] implicit_task_end: parallel_id=0 thread_num=7
[OMPT] implicit_task_begin: parallel_id=281474976710889 thread_num=7 team_size=8
[OMPT][WIN100ms] ompt_id=281474976710657 tid=72606  tipo=ompt_thread_initial    cpu=255 numa=1  d_rm=    4414  d_instr=1401354567  d_cyc= 372147494  d_all= 8993504  IPC=3.766  ratio_rm=0.0005
[OMPT][WIN100ms] ompt_id=562949953421313 tid=72608  tipo=ompt_thread_worker     cpu=  1 numa=0  d_rm=    3058  d_instr=1392648836  d_cyc= 372234485  d_all= 8944413  IPC=3.741  ratio_rm=0.0003
[OMPT][WIN100ms] ompt_id=844424930131969 tid=72609  tipo=ompt_thread_worker     cpu= 73 numa=1  d_rm=    3125  d_instr=1391661851  d_cyc= 371923137  d_all= 8923069  IPC=3.742  ratio_rm=0.0004
[OMPT][WIN100ms] ompt_id=1125899906842625 tid=72610  tipo=ompt_thread_worker     cpu= 46 numa=0  d_rm=    3207  d_instr=1396938719  d_cyc= 372213379  d_all= 8976175  IPC=3.753  ratio_rm=0.0004
[OMPT][WIN100ms] ompt_id=1407374883553281 tid=72611  tipo=ompt_thread_worker     cpu=214 numa=1  d_rm=    3251  d_instr=1404578612  d_cyc= 373779181  d_all= 9088850  IPC=3.758  ratio_rm=0.0004
[OMPT][WIN100ms] ompt_id=1970324836974593 tid=72612  tipo=ompt_thread_worker     cpu=222 numa=1  d_rm=    3695  d_instr=1413017818  d_cyc= 373520712  d_all= 9121818  IPC=3.783  ratio_rm=0.0004
[OMPT][WIN100ms] ompt_id=2251799813685249 tid=72614  tipo=ompt_thread_worker     cpu=231 numa=1  d_rm=    6644  d_instr=1410829163  d_cyc= 372456494  d_all= 9074769  IPC=3.788  ratio_rm=0.0007
[OMPT][WIN100ms] ompt_id=1688849860263937 tid=72613  tipo=ompt_thread_worker     cpu= 24 numa=0  d_rm=    3526  d_instr=1435581276  d_cyc= 373813756  d_all= 9300212  IPC=3.840  ratio_rm=0.0004
[OMPT][WIN100ms] ompt_id=281474976710657 tid=72606  tipo=ompt_thread_initial    cpu=255 numa=1  d_rm=    3260  d_instr=1470249672  d_cyc= 373911793  d_all= 9509238  IPC=3.932  ratio_rm=0.0003
[OMPT][WIN100ms] ompt_id=562949953421313 tid=72608  tipo=ompt_thread_worker     cpu=  1 numa=0  d_rm=    3212  d_instr=1421493510  d_cyc= 374429520  d_all= 9196903  IPC=3.796  ratio_rm=0.0003
[OMPT][WIN100ms] ompt_id=844424930131969 tid=72609  tipo=ompt_thread_worker     cpu= 73 numa=1  d_rm=    3518  d_instr=1460669716  d_cyc= 374198284  d_all= 9461290  IPC=3.903  ratio_rm=0.0004
[OMPT][WIN100ms] ompt_id=1125899906842625 tid=72610  tipo=ompt_thread_worker     cpu= 46 numa=0  d_rm=    3363  d_instr=1451342329  d_cyc= 374234310  d_all= 9407266  IPC=3.878  ratio_rm=0.0004
[OMPT][WIN100ms] ompt_id=1407374883553281 tid=72611  tipo=ompt_thread_worker     cpu=214 numa=1  d_rm=    3160  d_instr=1426886980  d_cyc= 374115929  d_all= 9239966  IPC=3.814  ratio_rm=0.0003
[OMPT][WIN100ms] ompt_id=1970324836974593 tid=72612  tipo=ompt_thread_worker     cpu=222 numa=1  d_rm=    3355  d_instr=1452657014  d_cyc= 374376881  d_all= 9418231  IPC=3.880  ratio_rm=0.0004
[OMPT][WIN100ms] ompt_id=2251799813685249 tid=72614  tipo=ompt_thread_worker     cpu=231 numa=1  d_rm=    3574  d_instr=1444593967  d_cyc= 374416513  d_all= 9363958  IPC=3.858  ratio_rm=0.0004
[OMPT][WIN100ms] ompt_id=1688849860263937 tid=72613  tipo=ompt_thread_worker     cpu= 24 numa=0  d_rm=    3060  d_instr=1413495213  d_cyc= 374490696  d_all= 9162621  IPC=3.774  ratio_rm=0.0003
[OMPT] implicit_task_end: parallel_id=0 thread_num=0
[OMPT] parallel_end: parallel_id=281474976710889
[OMPT] parallel_begin: parallel_id=281474976710891 team_size=8
[OMPT] implicit_task_end: parallel_id=0 thread_num=4
[OMPT] implicit_task_end: parallel_id=0 thread_num=6
[OMPT] implicit_task_begin: parallel_id=281474976710891 thread_num=0 team_size=8
[OMPT] implicit_task_end: parallel_id=0 thread_num=3
[OMPT] implicit_task_begin: parallel_id=281474976710891 thread_num=4 team_size=8
[OMPT] implicit_task_begin: parallel_id=281474976710891 thread_num=6 team_size=8
[OMPT] implicit_task_end: parallel_id=0 thread_num=7
[OMPT] implicit_task_end: parallel_id=0 thread_num=5
[OMPT] implicit_task_begin: parallel_id=281474976710891 thread_num=7 team_size=8
[OMPT] implicit_task_end: parallel_id=0 thread_num=2
[OMPT] implicit_task_begin: parallel_id=281474976710891 thread_num=5 team_size=8
[OMPT] implicit_task_end: parallel_id=0 thread_num=1
[OMPT] implicit_task_begin: parallel_id=281474976710891 thread_num=2 team_size=8
[OMPT] implicit_task_begin: parallel_id=281474976710891 thread_num=3 team_size=8
[OMPT] implicit_task_begin: parallel_id=281474976710891 thread_num=1 team_size=8
[OMPT][WIN100ms] ompt_id=281474976710657 tid=72606  tipo=ompt_thread_initial    cpu=255 numa=1  d_rm=    4341  d_instr=1359857957  d_cyc= 371202616  d_all= 8679452  IPC=3.663  ratio_rm=0.0005
[OMPT][WIN100ms] ompt_id=562949953421313 tid=72608  tipo=ompt_thread_worker     cpu=  1 numa=0  d_rm=    3807  d_instr=1401047977  d_cyc= 373045427  d_all= 9039463  IPC=3.756  ratio_rm=0.0004
[OMPT][WIN100ms] ompt_id=844424930131969 tid=72609  tipo=ompt_thread_worker     cpu= 73 numa=1  d_rm=    3557  d_instr=1382793064  d_cyc= 371593629  d_all= 8845369  IPC=3.721  ratio_rm=0.0004
[OMPT][WIN100ms] ompt_id=1125899906842625 tid=72610  tipo=ompt_thread_worker     cpu= 46 numa=0  d_rm=    3258  d_instr=1390678515  d_cyc= 371857751  d_all= 8914043  IPC=3.740  ratio_rm=0.0004
[OMPT][WIN100ms] ompt_id=1407374883553281 tid=72611  tipo=ompt_thread_worker     cpu=214 numa=1  d_rm=    3702  d_instr=1405577671  d_cyc= 373135367  d_all= 9053000  IPC=3.767  ratio_rm=0.0004
[OMPT][WIN100ms] ompt_id=1970324836974593 tid=72612  tipo=ompt_thread_worker     cpu=222 numa=1  d_rm=    3478  d_instr=1377898410  d_cyc= 371811399  d_all= 8816443  IPC=3.706  ratio_rm=0.0004
[OMPT][WIN100ms] ompt_id=2251799813685249 tid=72614  tipo=ompt_thread_worker     cpu=231 numa=1  d_rm=    6674  d_instr=1398603243  d_cyc= 372032727  d_all= 8952006  IPC=3.759  ratio_rm=0.0007
[OMPT][WIN100ms] ompt_id=1688849860263937 tid=72613  tipo=ompt_thread_worker     cpu= 24 numa=0  d_rm=    3383  d_instr=1415340220  d_cyc= 374317515  d_all= 9164334  IPC=3.781  ratio_rm=0.0004
[OMPT][WIN100ms] ompt_id=281474976710657 tid=72606  tipo=ompt_thread_initial    cpu=255 numa=1  d_rm=    3347  d_instr=1463440015  d_cyc= 373899200  d_all= 9476459  IPC=3.914  ratio_rm=0.0004
[OMPT][WIN100ms] ompt_id=562949953421313 tid=72608  tipo=ompt_thread_worker     cpu=  1 numa=0  d_rm=    2984  d_instr=1406739205  d_cyc= 374341032  d_all= 9116232  IPC=3.758  ratio_rm=0.0003
[OMPT][WIN100ms] ompt_id=844424930131969 tid=72609  tipo=ompt_thread_worker     cpu= 73 numa=1  d_rm=    2938  d_instr=1469837798  d_cyc= 374206590  d_all= 9527109  IPC=3.928  ratio_rm=0.0003
[OMPT][WIN100ms] ompt_id=1125899906842625 tid=72610  tipo=ompt_thread_worker     cpu= 46 numa=0  d_rm=    3514  d_instr=1454778999  d_cyc= 374230363  d_all= 9429904  IPC=3.887  ratio_rm=0.0004
[OMPT][WIN100ms] ompt_id=1407374883553281 tid=72611  tipo=ompt_thread_worker     cpu=214 numa=1  d_rm=    3061  d_instr=1404878579  d_cyc= 374119147  d_all= 9105943  IPC=3.755  ratio_rm=0.0003
[OMPT][WIN100ms] ompt_id=1970324836974593 tid=72612  tipo=ompt_thread_worker     cpu=222 numa=1  d_rm=    3486  d_instr=1449886646  d_cyc= 374283089  d_all= 9398851  IPC=3.874  ratio_rm=0.0004
[OMPT][WIN100ms] ompt_id=2251799813685249 tid=72614  tipo=ompt_thread_worker     cpu=231 numa=1  d_rm=    3251  d_instr=1454880567  d_cyc= 374297744  d_all= 9428186  IPC=3.887  ratio_rm=0.0003
[OMPT][WIN100ms] ompt_id=1688849860263937 tid=72613  tipo=ompt_thread_worker     cpu= 24 numa=0  d_rm=    2917  d_instr=1440089174  d_cyc= 374357430  d_all= 9334931  IPC=3.847  ratio_rm=0.0003
[OMPT] implicit_task_end: parallel_id=0 thread_num=0
[OMPT] parallel_end: parallel_id=281474976710891
[OMPT] parallel_begin: parallel_id=281474976710893 team_size=8
[OMPT] implicit_task_end: parallel_id=0 thread_num=4
[OMPT] implicit_task_end: parallel_id=0 thread_num=7
[OMPT] implicit_task_begin: parallel_id=281474976710893 thread_num=0 team_size=8
[OMPT] implicit_task_end: parallel_id=0 thread_num=1
[OMPT] implicit_task_end: parallel_id=0 thread_num=5
[OMPT] implicit_task_end: parallel_id=0 thread_num=6
[OMPT] implicit_task_begin: parallel_id=281474976710893 thread_num=5 team_size=8
[OMPT] implicit_task_begin: parallel_id=281474976710893 thread_num=6 team_size=8
[OMPT] implicit_task_end: parallel_id=0 thread_num=2
[OMPT] implicit_task_begin: parallel_id=281474976710893 thread_num=4 team_size=8
[OMPT] implicit_task_begin: parallel_id=281474976710893 thread_num=2 team_size=8
[OMPT] implicit_task_begin: parallel_id=281474976710893 thread_num=7 team_size=8
[OMPT] implicit_task_begin: parallel_id=281474976710893 thread_num=1 team_size=8
[OMPT] implicit_task_end: parallel_id=0 thread_num=3
[OMPT] implicit_task_begin: parallel_id=281474976710893 thread_num=3 team_size=8
[OMPT][WIN100ms] ompt_id=281474976710657 tid=72606  tipo=ompt_thread_initial    cpu=255 numa=1  d_rm=    4428  d_instr=1386871727  d_cyc= 371778343  d_all= 8888013  IPC=3.730  ratio_rm=0.0005
[OMPT][WIN100ms] ompt_id=562949953421313 tid=72608  tipo=ompt_thread_worker     cpu=  1 numa=0  d_rm=    3144  d_instr=1441593572  d_cyc= 373198630  d_all= 9320337  IPC=3.863  ratio_rm=0.0003
[OMPT][WIN100ms] ompt_id=844424930131969 tid=72609  tipo=ompt_thread_worker     cpu= 73 numa=1  d_rm=    3023  d_instr=1375320987  d_cyc= 371133445  d_all= 8785054  IPC=3.706  ratio_rm=0.0003
[OMPT][WIN100ms] ompt_id=1125899906842625 tid=72610  tipo=ompt_thread_worker     cpu= 46 numa=0  d_rm=    3320  d_instr=1381117411  d_cyc= 371278429  d_all= 8852566  IPC=3.720  ratio_rm=0.0004
[OMPT][WIN100ms] ompt_id=1407374883553281 tid=72611  tipo=ompt_thread_worker     cpu=214 numa=1  d_rm=    3679  d_instr=1433412502  d_cyc= 373465586  d_all= 9284310  IPC=3.838  ratio_rm=0.0004
[OMPT][WIN100ms] ompt_id=1970324836974593 tid=72612  tipo=ompt_thread_worker     cpu=222 numa=1  d_rm=    3473  d_instr=1399769948  d_cyc= 372351398  d_all= 8987949  IPC=3.759  ratio_rm=0.0004
[OMPT][WIN100ms] ompt_id=2251799813685249 tid=72614  tipo=ompt_thread_worker     cpu=231 numa=1  d_rm=    6364  d_instr=1381733619  d_cyc= 371673361  d_all= 8839554  IPC=3.718  ratio_rm=0.0007
[OMPT][WIN100ms] ompt_id=1688849860263937 tid=72613  tipo=ompt_thread_worker     cpu= 24 numa=0  d_rm=    3457  d_instr=1401373601  d_cyc= 372689446  d_all= 9010894  IPC=3.760  ratio_rm=0.0004
[OMPT][WIN100ms] ompt_id=281474976710657 tid=72606  tipo=ompt_thread_initial    cpu=255 numa=1  d_rm=    3144  d_instr=1430366202  d_cyc= 372910220  d_all= 9232081  IPC=3.836  ratio_rm=0.0003
[OMPT][WIN100ms] ompt_id=562949953421313 tid=72608  tipo=ompt_thread_worker     cpu=  1 numa=0  d_rm=    3099  d_instr=1420416880  d_cyc= 374106410  d_all= 9195061  IPC=3.797  ratio_rm=0.0003
[OMPT][WIN100ms] ompt_id=844424930131969 tid=72609  tipo=ompt_thread_worker     cpu= 73 numa=1  d_rm=    3358  d_instr=1430718023  d_cyc= 373104538  d_all= 9226928  IPC=3.835  ratio_rm=0.0004
[OMPT][WIN100ms] ompt_id=1125899906842625 tid=72610  tipo=ompt_thread_worker     cpu= 46 numa=0  d_rm=    3363  d_instr=1435273464  d_cyc= 373665361  d_all= 9277932  IPC=3.841  ratio_rm=0.0004
[OMPT][WIN100ms] ompt_id=1407374883553281 tid=72611  tipo=ompt_thread_worker     cpu=214 numa=1  d_rm=    3373  d_instr=1417604385  d_cyc= 374066841  d_all= 9189526  IPC=3.790  ratio_rm=0.0004
[OMPT][WIN100ms] ompt_id=1970324836974593 tid=72612  tipo=ompt_thread_worker     cpu=222 numa=1  d_rm=    3398  d_instr=1428602475  d_cyc= 373425924  d_all= 9216198  IPC=3.826  ratio_rm=0.0004
[OMPT][WIN100ms] ompt_id=2251799813685249 tid=72614  tipo=ompt_thread_worker     cpu=231 numa=1  d_rm=    6390  d_instr=1428906230  d_cyc= 373580674  d_all= 9212451  IPC=3.825  ratio_rm=0.0007
[OMPT][WIN100ms] ompt_id=1688849860263937 tid=72613  tipo=ompt_thread_worker     cpu= 24 numa=0  d_rm=    3105  d_instr=1398205952  d_cyc= 374350902  d_all= 9061805  IPC=3.735  ratio_rm=0.0003
[OMPT] implicit_task_end: parallel_id=0 thread_num=0
[OMPT] parallel_end: parallel_id=281474976710893
[OMPT] parallel_begin: parallel_id=281474976710895 team_size=8
[OMPT] implicit_task_end: parallel_id=0 thread_num=4
[OMPT] implicit_task_end: parallel_id=0 thread_num=7
[OMPT] implicit_task_begin: parallel_id=281474976710895 thread_num=0 team_size=8
[OMPT] implicit_task_end: parallel_id=0 thread_num=1
[OMPT] implicit_task_begin: parallel_id=281474976710895 thread_num=4 team_size=8
[OMPT] implicit_task_end: parallel_id=0 thread_num=6
[OMPT] implicit_task_begin: parallel_id=281474976710895 thread_num=7 team_size=8
[OMPT] implicit_task_end: parallel_id=0 thread_num=3
[OMPT] implicit_task_end: parallel_id=0 thread_num=5
[OMPT] implicit_task_begin: parallel_id=281474976710895 thread_num=1 team_size=8
[OMPT] implicit_task_begin: parallel_id=281474976710895 thread_num=6 team_size=8
[OMPT] implicit_task_end: parallel_id=0 thread_num=2
[OMPT] implicit_task_begin: parallel_id=281474976710895 thread_num=3 team_size=8
[OMPT] implicit_task_begin: parallel_id=281474976710895 thread_num=5 team_size=8
[OMPT] implicit_task_begin: parallel_id=281474976710895 thread_num=2 team_size=8
[OMPT][WIN100ms] ompt_id=281474976710657 tid=72606  tipo=ompt_thread_initial    cpu=255 numa=1  d_rm=    4438  d_instr=1415512431  d_cyc= 372876893  d_all= 9124441  IPC=3.796  ratio_rm=0.0005
[OMPT][WIN100ms] ompt_id=562949953421313 tid=72608  tipo=ompt_thread_worker     cpu=  1 numa=0  d_rm=    3272  d_instr=1410128228  d_cyc= 373117168  d_all= 9091501  IPC=3.779  ratio_rm=0.0004
[OMPT][WIN100ms] ompt_id=844424930131969 tid=72609  tipo=ompt_thread_worker     cpu= 73 numa=1  d_rm=    3152  d_instr=1422797877  d_cyc= 372580828  d_all= 9170786  IPC=3.819  ratio_rm=0.0003
[OMPT][WIN100ms] ompt_id=1125899906842625 tid=72610  tipo=ompt_thread_worker     cpu= 46 numa=0  d_rm=    3558  d_instr=1414307014  d_cyc= 372691400  d_all= 9120658  IPC=3.795  ratio_rm=0.0004
[OMPT][WIN100ms] ompt_id=1407374883553281 tid=72611  tipo=ompt_thread_worker     cpu=214 numa=1  d_rm=    3294  d_instr=1387651305  d_cyc= 373415336  d_all= 8954026  IPC=3.716  ratio_rm=0.0004
[OMPT][WIN100ms] ompt_id=1970324836974593 tid=72612  tipo=ompt_thread_worker     cpu=222 numa=1  d_rm=    3411  d_instr=1384901106  d_cyc= 372817519  d_all= 8926614  IPC=3.715  ratio_rm=0.0004
[OMPT][WIN100ms] ompt_id=2251799813685249 tid=72614  tipo=ompt_thread_worker     cpu=231 numa=1  d_rm=    3486  d_instr=1439110776  d_cyc= 373400320  d_all= 9265593  IPC=3.854  ratio_rm=0.0004
[OMPT][WIN100ms] ompt_id=1688849860263937 tid=72613  tipo=ompt_thread_worker     cpu= 24 numa=0  d_rm=    3294  d_instr=1449110680  d_cyc= 373934749  d_all= 9379071  IPC=3.875  ratio_rm=0.0004
[OMPT] implicit_task_end: parallel_id=0 thread_num=0
[OMPT] parallel_end: parallel_id=281474976710895
[OMPT] parallel_begin: parallel_id=281474976710897 team_size=8
[OMPT] implicit_task_end: parallel_id=0 thread_num=4
[OMPT] implicit_task_end: parallel_id=0 thread_num=5
[OMPT] implicit_task_begin: parallel_id=281474976710897 thread_num=0 team_size=8
[OMPT] implicit_task_end: parallel_id=0 thread_num=1
[OMPT] implicit_task_end: parallel_id=0 thread_num=6
[OMPT] implicit_task_begin: parallel_id=281474976710897 thread_num=5 team_size=8
[OMPT] implicit_task_begin: parallel_id=281474976710897 thread_num=6 team_size=8
[OMPT] implicit_task_end: parallel_id=0 thread_num=7
[OMPT] implicit_task_end: parallel_id=0 thread_num=2
[OMPT] implicit_task_begin: parallel_id=281474976710897 thread_num=7 team_size=8
[OMPT] implicit_task_begin: parallel_id=281474976710897 thread_num=4 team_size=8
[OMPT] implicit_task_begin: parallel_id=281474976710897 thread_num=2 team_size=8
[OMPT] implicit_task_end: parallel_id=0 thread_num=3
[OMPT] implicit_task_begin: parallel_id=281474976710897 thread_num=1 team_size=8
[OMPT] implicit_task_begin: parallel_id=281474976710897 thread_num=3 team_size=8
[OMPT][WIN100ms] ompt_id=281474976710657 tid=72606  tipo=ompt_thread_initial    cpu=255 numa=1  d_rm=    4294  d_instr=1377379348  d_cyc= 370983844  d_all= 8790222  IPC=3.713  ratio_rm=0.0005
[OMPT][WIN100ms] ompt_id=562949953421313 tid=72608  tipo=ompt_thread_worker     cpu=  1 numa=0  d_rm=    3065  d_instr=1380932765  d_cyc= 371436643  d_all= 8838005  IPC=3.718  ratio_rm=0.0003
[OMPT][WIN100ms] ompt_id=844424930131969 tid=72609  tipo=ompt_thread_worker     cpu= 73 numa=1  d_rm=    3192  d_instr=1370604203  d_cyc= 371121261  d_all= 8756149  IPC=3.693  ratio_rm=0.0004
[OMPT][WIN100ms] ompt_id=1125899906842625 tid=72610  tipo=ompt_thread_worker     cpu= 46 numa=0  d_rm=    3328  d_instr=1376941806  d_cyc= 371110211  d_all= 8805552  IPC=3.710  ratio_rm=0.0004
[OMPT][WIN100ms] ompt_id=1407374883553281 tid=72611  tipo=ompt_thread_worker     cpu=214 numa=1  d_rm=    3303  d_instr=1395452593  d_cyc= 373534930  d_all= 9038877  IPC=3.736  ratio_rm=0.0004
[OMPT][WIN100ms] ompt_id=1970324836974593 tid=72612  tipo=ompt_thread_worker     cpu=222 numa=1  d_rm=    3741  d_instr=1401059724  d_cyc= 372965044  d_all= 9019805  IPC=3.757  ratio_rm=0.0004
[OMPT][WIN100ms] ompt_id=2251799813685249 tid=72614  tipo=ompt_thread_worker     cpu=231 numa=1  d_rm=    6792  d_instr=1358278171  d_cyc= 370889697  d_all= 8644792  IPC=3.662  ratio_rm=0.0008
[OMPT][WIN100ms] ompt_id=1688849860263937 tid=72613  tipo=ompt_thread_worker     cpu= 24 numa=0  d_rm=    3192  d_instr=1368960780  d_cyc= 371982128  d_all= 8761517  IPC=3.680  ratio_rm=0.0004
[OMPT][WIN100ms] ompt_id=281474976710657 tid=72606  tipo=ompt_thread_initial    cpu=255 numa=1  d_rm=    3568  d_instr=1454413181  d_cyc= 373770430  d_all= 9431073  IPC=3.891  ratio_rm=0.0004
[OMPT][WIN100ms] ompt_id=562949953421313 tid=72608  tipo=ompt_thread_worker     cpu=  1 numa=0  d_rm=    3134  d_instr=1458086216  d_cyc= 374413616  d_all= 9453638  IPC=3.894  ratio_rm=0.0003
[OMPT][WIN100ms] ompt_id=844424930131969 tid=72609  tipo=ompt_thread_worker     cpu= 73 numa=1  d_rm=    3242  d_instr=1450678842  d_cyc= 374143877  d_all= 9402297  IPC=3.877  ratio_rm=0.0003
[OMPT][WIN100ms] ompt_id=1125899906842625 tid=72610  tipo=ompt_thread_worker     cpu= 46 numa=0  d_rm=    3420  d_instr=1446519426  d_cyc= 374251701  d_all= 9371562  IPC=3.865  ratio_rm=0.0004
[OMPT][WIN100ms] ompt_id=1407374883553281 tid=72611  tipo=ompt_thread_worker     cpu=214 numa=1  d_rm=    3168  d_instr=1451376661  d_cyc= 374156790  d_all= 9403437  IPC=3.879  ratio_rm=0.0003
[OMPT][WIN100ms] ompt_id=1970324836974593 tid=72612  tipo=ompt_thread_worker     cpu=222 numa=1  d_rm=    3348  d_instr=1461637356  d_cyc= 374249073  d_all= 9459161  IPC=3.906  ratio_rm=0.0004
[OMPT][WIN100ms] ompt_id=2251799813685249 tid=72614  tipo=ompt_thread_worker     cpu=231 numa=1  d_rm=    3269  d_instr=1441203540  d_cyc= 374181725  d_all= 9322717  IPC=3.852  ratio_rm=0.0004
[OMPT][WIN100ms] ompt_id=1688849860263937 tid=72613  tipo=ompt_thread_worker     cpu= 24 numa=0  d_rm=    3103  d_instr=1443339529  d_cyc= 374349324  d_all= 9336693  IPC=3.856  ratio_rm=0.0003
[OMPT] implicit_task_end: parallel_id=0 thread_num=0
[OMPT] parallel_end: parallel_id=281474976710897
[OMPT] parallel_begin: parallel_id=281474976710899 team_size=8
[OMPT] implicit_task_end: parallel_id=0 thread_num=4
[OMPT] implicit_task_end: parallel_id=0 thread_num=7
[OMPT] implicit_task_begin: parallel_id=281474976710899 thread_num=0 team_size=8
[OMPT] implicit_task_end: parallel_id=0 thread_num=1
[OMPT] implicit_task_begin: parallel_id=281474976710899 thread_num=4 team_size=8
[OMPT] implicit_task_end: parallel_id=0 thread_num=2
[OMPT] implicit_task_end: parallel_id=0 thread_num=6
[OMPT] implicit_task_begin: parallel_id=281474976710899 thread_num=2 team_size=8
[OMPT] implicit_task_begin: parallel_id=281474976710899 thread_num=6 team_size=8
[OMPT] implicit_task_end: parallel_id=0 thread_num=3
[OMPT] implicit_task_begin: parallel_id=281474976710899 thread_num=3 team_size=8
[OMPT] implicit_task_begin: parallel_id=281474976710899 thread_num=1 team_size=8
[OMPT] implicit_task_end: parallel_id=0 thread_num=5
[OMPT] implicit_task_begin: parallel_id=281474976710899 thread_num=7 team_size=8
[OMPT] implicit_task_begin: parallel_id=281474976710899 thread_num=5 team_size=8
[OMPT][WIN100ms] ompt_id=281474976710657 tid=72606  tipo=ompt_thread_initial    cpu=255 numa=1  d_rm=    4861  d_instr=1416384086  d_cyc= 372329281  d_all= 9114849  IPC=3.804  ratio_rm=0.0005
[OMPT][WIN100ms] ompt_id=562949953421313 tid=72608  tipo=ompt_thread_worker     cpu=  1 numa=0  d_rm=    3025  d_instr=1416697883  d_cyc= 372566945  d_all= 9122550  IPC=3.803  ratio_rm=0.0003
[OMPT][WIN100ms] ompt_id=844424930131969 tid=72609  tipo=ompt_thread_worker     cpu= 73 numa=1  d_rm=    3177  d_instr=1422435599  d_cyc= 372732176  d_all= 9169463  IPC=3.816  ratio_rm=0.0003
[OMPT][WIN100ms] ompt_id=1125899906842625 tid=72610  tipo=ompt_thread_worker     cpu= 46 numa=0  d_rm=    3437  d_instr=1423166212  d_cyc= 372725450  d_all= 9189090  IPC=3.818  ratio_rm=0.0004
[OMPT][WIN100ms] ompt_id=1407374883553281 tid=72611  tipo=ompt_thread_worker     cpu=214 numa=1  d_rm=    3470  d_instr=1418662958  d_cyc= 373262294  d_all= 9154552  IPC=3.801  ratio_rm=0.0004
[OMPT][WIN100ms] ompt_id=1970324836974593 tid=72612  tipo=ompt_thread_worker     cpu=222 numa=1  d_rm=    3531  d_instr=1411271590  d_cyc= 372540682  d_all= 9089777  IPC=3.788  ratio_rm=0.0004
[OMPT][WIN100ms] ompt_id=2251799813685249 tid=72614  tipo=ompt_thread_worker     cpu=231 numa=1  d_rm=    6841  d_instr=1422954609  d_cyc= 373043761  d_all= 9172747  IPC=3.814  ratio_rm=0.0007
[OMPT][WIN100ms] ompt_id=1688849860263937 tid=72613  tipo=ompt_thread_worker     cpu= 24 numa=0  d_rm=    3288  d_instr=1420133136  d_cyc= 374033347  d_all= 9193464  IPC=3.797  ratio_rm=0.0004
[OMPT][WIN100ms] ompt_id=281474976710657 tid=72606  tipo=ompt_thread_initial    cpu=255 numa=1  d_rm=    3048  d_instr=1456553190  d_cyc= 373756596  d_all= 9442365  IPC=3.897  ratio_rm=0.0003
[OMPT][WIN100ms] ompt_id=562949953421313 tid=72608  tipo=ompt_thread_worker     cpu=  1 numa=0  d_rm=    3041  d_instr=1447192353  d_cyc= 374503050  d_all= 9379111  IPC=3.864  ratio_rm=0.0003
[OMPT][WIN100ms] ompt_id=844424930131969 tid=72609  tipo=ompt_thread_worker     cpu= 73 numa=1  d_rm=    3182  d_instr=1458714663  d_cyc= 374371301  d_all= 9449088  IPC=3.896  ratio_rm=0.0003
[OMPT][WIN100ms] ompt_id=1125899906842625 tid=72610  tipo=ompt_thread_worker     cpu= 46 numa=0  d_rm=    3387  d_instr=1453984258  d_cyc= 374429329  d_all= 9404363  IPC=3.883  ratio_rm=0.0004
[OMPT][WIN100ms] ompt_id=1407374883553281 tid=72611  tipo=ompt_thread_worker     cpu=214 numa=1  d_rm=    3383  d_instr=1420310383  d_cyc= 374237753  d_all= 9188963  IPC=3.795  ratio_rm=0.0004
[OMPT][WIN100ms] ompt_id=1970324836974593 tid=72612  tipo=ompt_thread_worker     cpu=222 numa=1  d_rm=    3349  d_instr=1457459704  d_cyc= 374211464  d_all= 9427070  IPC=3.895  ratio_rm=0.0004
[OMPT][WIN100ms] ompt_id=2251799813685249 tid=72614  tipo=ompt_thread_worker     cpu=231 numa=1  d_rm=    3247  d_instr=1453043305  d_cyc= 374149876  d_all= 9398869  IPC=3.884  ratio_rm=0.0003
[OMPT][WIN100ms] ompt_id=1688849860263937 tid=72613  tipo=ompt_thread_worker     cpu= 24 numa=0  d_rm=    3246  d_instr=1405321026  d_cyc= 374451416  d_all= 9092988  IPC=3.753  ratio_rm=0.0004
[OMPT] implicit_task_end: parallel_id=0 thread_num=0
[OMPT] parallel_end: parallel_id=281474976710899
[OMPT] parallel_begin: parallel_id=281474976710901 team_size=8
[OMPT] implicit_task_end: parallel_id=0 thread_num=4
[OMPT] implicit_task_end: parallel_id=0 thread_num=7
[OMPT] implicit_task_begin: parallel_id=281474976710901 thread_num=0 team_size=8
[OMPT] implicit_task_end: parallel_id=0 thread_num=1
[OMPT] implicit_task_end: parallel_id=0 thread_num=6
[OMPT] implicit_task_begin: parallel_id=281474976710901 thread_num=1 team_size=8
[OMPT] implicit_task_end: parallel_id=0 thread_num=3
[OMPT] implicit_task_end: parallel_id=0 thread_num=2
[OMPT] implicit_task_begin: parallel_id=281474976710901 thread_num=4 team_size=8
[OMPT] implicit_task_begin: parallel_id=281474976710901 thread_num=2 team_size=8
[OMPT] implicit_task_begin: parallel_id=281474976710901 thread_num=7 team_size=8
[OMPT] implicit_task_begin: parallel_id=281474976710901 thread_num=6 team_size=8
[OMPT] implicit_task_end: parallel_id=0 thread_num=5
[OMPT] implicit_task_begin: parallel_id=281474976710901 thread_num=3 team_size=8
[OMPT] implicit_task_begin: parallel_id=281474976710901 thread_num=5 team_size=8
[OMPT][WIN100ms] ompt_id=281474976710657 tid=72606  tipo=ompt_thread_initial    cpu=255 numa=1  d_rm=    4373  d_instr=1380752749  d_cyc= 371432504  d_all= 8823965  IPC=3.717  ratio_rm=0.0005
[OMPT][WIN100ms] ompt_id=562949953421313 tid=72608  tipo=ompt_thread_worker     cpu=  1 numa=0  d_rm=    3149  d_instr=1387049455  d_cyc= 372796386  d_all= 8916038  IPC=3.721  ratio_rm=0.0004
[OMPT][WIN100ms] ompt_id=844424930131969 tid=72609  tipo=ompt_thread_worker     cpu= 73 numa=1  d_rm=    4411  d_instr=1378035053  d_cyc= 371606619  d_all= 8823208  IPC=3.708  ratio_rm=0.0005
[OMPT][WIN100ms] ompt_id=1125899906842625 tid=72610  tipo=ompt_thread_worker     cpu= 46 numa=0  d_rm=    3592  d_instr=1381523441  d_cyc= 371612649  d_all= 8863226  IPC=3.718  ratio_rm=0.0004
[OMPT][WIN100ms] ompt_id=1407374883553281 tid=72611  tipo=ompt_thread_worker     cpu=214 numa=1  d_rm=    3411  d_instr=1399592803  d_cyc= 372737210  d_all= 9019458  IPC=3.755  ratio_rm=0.0004
[OMPT][WIN100ms] ompt_id=1970324836974593 tid=72612  tipo=ompt_thread_worker     cpu=222 numa=1  d_rm=    3604  d_instr=1372845428  d_cyc= 371296290  d_all= 8782593  IPC=3.697  ratio_rm=0.0004
[OMPT][WIN100ms] ompt_id=2251799813685249 tid=72614  tipo=ompt_thread_worker     cpu=231 numa=1  d_rm=    7261  d_instr=1389770268  d_cyc= 371966064  d_all= 8898996  IPC=3.736  ratio_rm=0.0008
[OMPT][WIN100ms] ompt_id=1688849860263937 tid=72613  tipo=ompt_thread_worker     cpu= 24 numa=0  d_rm=    3452  d_instr=1416281131  d_cyc= 373746055  d_all= 9169349  IPC=3.789  ratio_rm=0.0004
[OMPT][WIN100ms] ompt_id=281474976710657 tid=72606  tipo=ompt_thread_initial    cpu=255 numa=1  d_rm=    3112  d_instr=1461303108  d_cyc= 373906156  d_all= 9468996  IPC=3.908  ratio_rm=0.0003
[OMPT][WIN100ms] ompt_id=562949953421313 tid=72608  tipo=ompt_thread_worker     cpu=  1 numa=0  d_rm=    3193  d_instr=1426554311  d_cyc= 374417415  d_all= 9233863  IPC=3.810  ratio_rm=0.0003
[OMPT][WIN100ms] ompt_id=844424930131969 tid=72609  tipo=ompt_thread_worker     cpu= 73 numa=1  d_rm=    3206  d_instr=1466099717  d_cyc= 374272130  d_all= 9482275  IPC=3.917  ratio_rm=0.0003
[OMPT][WIN100ms] ompt_id=1125899906842625 tid=72610  tipo=ompt_thread_worker     cpu= 46 numa=0  d_rm=    3373  d_instr=1454766706  d_cyc= 374279688  d_all= 9410599  IPC=3.887  ratio_rm=0.0004
[OMPT][WIN100ms] ompt_id=1407374883553281 tid=72611  tipo=ompt_thread_worker     cpu=214 numa=1  d_rm=    3068  d_instr=1417252969  d_cyc= 374182173  d_all= 9169414  IPC=3.788  ratio_rm=0.0003
[OMPT][WIN100ms] ompt_id=1970324836974593 tid=72612  tipo=ompt_thread_worker     cpu=222 numa=1  d_rm=    3275  d_instr=1454219167  d_cyc= 374289561  d_all= 9406597  IPC=3.885  ratio_rm=0.0003
[OMPT][WIN100ms] ompt_id=2251799813685249 tid=72614  tipo=ompt_thread_worker     cpu=231 numa=1  d_rm=    3592  d_instr=1439792805  d_cyc= 374293179  d_all= 9314068  IPC=3.847  ratio_rm=0.0004
[OMPT][WIN100ms] ompt_id=1688849860263937 tid=72613  tipo=ompt_thread_worker     cpu= 24 numa=0  d_rm=    3067  d_instr=1422427304  d_cyc= 374393510  d_all= 9202790  IPC=3.799  ratio_rm=0.0003
[OMPT] implicit_task_end: parallel_id=0 thread_num=0
[OMPT] parallel_end: parallel_id=281474976710901
[OMPT] parallel_begin: parallel_id=281474976710903 team_size=8
[OMPT] implicit_task_end: parallel_id=0 thread_num=4
[OMPT] implicit_task_end: parallel_id=0 thread_num=5
[OMPT] implicit_task_begin: parallel_id=281474976710903 thread_num=0 team_size=8
[OMPT] implicit_task_end: parallel_id=0 thread_num=3
[OMPT] implicit_task_begin: parallel_id=281474976710903 thread_num=4 team_size=8
[OMPT] implicit_task_end: parallel_id=0 thread_num=6
[OMPT] implicit_task_begin: parallel_id=281474976710903 thread_num=5 team_size=8
[OMPT] implicit_task_begin: parallel_id=281474976710903 thread_num=3 team_size=8
[OMPT] implicit_task_end: parallel_id=0 thread_num=7
[OMPT] implicit_task_end: parallel_id=0 thread_num=1
[OMPT] implicit_task_begin: parallel_id=281474976710903 thread_num=6 team_size=8
[OMPT] implicit_task_begin: parallel_id=281474976710903 thread_num=7 team_size=8
[OMPT] implicit_task_end: parallel_id=0 thread_num=2
[OMPT] implicit_task_begin: parallel_id=281474976710903 thread_num=1 team_size=8
[OMPT] implicit_task_begin: parallel_id=281474976710903 thread_num=2 team_size=8
[OMPT][WIN100ms] ompt_id=281474976710657 tid=72606  tipo=ompt_thread_initial    cpu=255 numa=1  d_rm=    4588  d_instr=1389276725  d_cyc= 372045775  d_all= 8916530  IPC=3.734  ratio_rm=0.0005
[OMPT][WIN100ms] ompt_id=562949953421313 tid=72608  tipo=ompt_thread_worker     cpu=  1 numa=0  d_rm=    3086  d_instr=1399962561  d_cyc= 372630079  d_all= 9021698  IPC=3.757  ratio_rm=0.0003
[OMPT][WIN100ms] ompt_id=844424930131969 tid=72609  tipo=ompt_thread_worker     cpu= 73 numa=1  d_rm=    3302  d_instr=1389488104  d_cyc= 371535629  d_all= 8901583  IPC=3.740  ratio_rm=0.0004
[OMPT][WIN100ms] ompt_id=1125899906842625 tid=72610  tipo=ompt_thread_worker     cpu= 46 numa=0  d_rm=    3352  d_instr=1390747957  d_cyc= 372464068  d_all= 8933330  IPC=3.734  ratio_rm=0.0004
[OMPT][WIN100ms] ompt_id=1407374883553281 tid=72611  tipo=ompt_thread_worker     cpu=214 numa=1  d_rm=    3527  d_instr=1428001322  d_cyc= 374131166  d_all= 9246028  IPC=3.817  ratio_rm=0.0004
[OMPT][WIN100ms] ompt_id=1970324836974593 tid=72612  tipo=ompt_thread_worker     cpu=222 numa=1  d_rm=    3807  d_instr=1407177386  d_cyc= 372709809  d_all= 9035924  IPC=3.776  ratio_rm=0.0004
[OMPT][WIN100ms] ompt_id=2251799813685249 tid=72614  tipo=ompt_thread_worker     cpu=231 numa=1  d_rm=    6969  d_instr=1395475084  d_cyc= 372982448  d_all= 8982444  IPC=3.741  ratio_rm=0.0008
[OMPT][WIN100ms] ompt_id=1688849860263937 tid=72613  tipo=ompt_thread_worker     cpu= 24 numa=0  d_rm=    3318  d_instr=1428138841  d_cyc= 373459388  d_all= 9217278  IPC=3.824  ratio_rm=0.0004
[OMPT][WIN100ms] ompt_id=281474976710657 tid=72606  tipo=ompt_thread_initial    cpu=255 numa=1  d_rm=    3073  d_instr=1462675565  d_cyc= 373883398  d_all= 9460891  IPC=3.912  ratio_rm=0.0003
[OMPT][WIN100ms] ompt_id=562949953421313 tid=72608  tipo=ompt_thread_worker     cpu=  1 numa=0  d_rm=    2736  d_instr=1408254069  d_cyc= 374468540  d_all= 9111418  IPC=3.761  ratio_rm=0.0003
[OMPT][WIN100ms] ompt_id=844424930131969 tid=72609  tipo=ompt_thread_worker     cpu= 73 numa=1  d_rm=    3028  d_instr=1466510979  d_cyc= 374276544  d_all= 9485422  IPC=3.918  ratio_rm=0.0003
[OMPT][WIN100ms] ompt_id=1125899906842625 tid=72610  tipo=ompt_thread_worker     cpu= 46 numa=0  d_rm=    3254  d_instr=1459520382  d_cyc= 374332074  d_all= 9440136  IPC=3.899  ratio_rm=0.0003
[OMPT][WIN100ms] ompt_id=1407374883553281 tid=72611  tipo=ompt_thread_worker     cpu=214 numa=1  d_rm=    3151  d_instr=1454995172  d_cyc= 374058711  d_all= 9411112  IPC=3.890  ratio_rm=0.0003
[OMPT][WIN100ms] ompt_id=1970324836974593 tid=72612  tipo=ompt_thread_worker     cpu=222 numa=1  d_rm=    3333  d_instr=1449057351  d_cyc= 374263409  d_all= 9373077  IPC=3.872  ratio_rm=0.0004
[OMPT][WIN100ms] ompt_id=2251799813685249 tid=72614  tipo=ompt_thread_worker     cpu=231 numa=1  d_rm=    3402  d_instr=1452966410  d_cyc= 374206074  d_all= 9397935  IPC=3.883  ratio_rm=0.0004
[OMPT][WIN100ms] ompt_id=1688849860263937 tid=72613  tipo=ompt_thread_worker     cpu= 24 numa=0  d_rm=    3529  d_instr=1431213057  d_cyc= 374448590  d_all= 9258538  IPC=3.822  ratio_rm=0.0004
[OMPT] implicit_task_end: parallel_id=0 thread_num=0
[OMPT] parallel_end: parallel_id=281474976710903
[OMPT] parallel_begin: parallel_id=281474976710905 team_size=8
[OMPT] implicit_task_end: parallel_id=0 thread_num=4
[OMPT] implicit_task_end: parallel_id=0 thread_num=7
[OMPT] implicit_task_end: parallel_id=0 thread_num=1
[OMPT] implicit_task_begin: parallel_id=281474976710905 thread_num=4 team_size=8
[OMPT] implicit_task_end: parallel_id=0 thread_num=2
[OMPT] implicit_task_end: parallel_id=0 thread_num=6
[OMPT] implicit_task_begin: parallel_id=281474976710905 thread_num=6 team_size=8
[OMPT] implicit_task_end: parallel_id=0 thread_num=5
[OMPT] implicit_task_end: parallel_id=0 thread_num=3
[OMPT] implicit_task_begin: parallel_id=281474976710905 thread_num=5 team_size=8
[OMPT] implicit_task_begin: parallel_id=281474976710905 thread_num=0 team_size=8
[OMPT] implicit_task_begin: parallel_id=281474976710905 thread_num=7 team_size=8
[OMPT] implicit_task_begin: parallel_id=281474976710905 thread_num=1 team_size=8
[OMPT] implicit_task_begin: parallel_id=281474976710905 thread_num=2 team_size=8
[OMPT] implicit_task_begin: parallel_id=281474976710905 thread_num=3 team_size=8
[OMPT][WIN100ms] ompt_id=281474976710657 tid=72606  tipo=ompt_thread_initial    cpu=255 numa=1  d_rm=    4753  d_instr=1373986965  d_cyc= 371002216  d_all= 8792928  IPC=3.703  ratio_rm=0.0005
[OMPT][WIN100ms] ompt_id=562949953421313 tid=72608  tipo=ompt_thread_worker     cpu=  1 numa=0  d_rm=    3012  d_instr=1438406574  d_cyc= 372844375  d_all= 9287539  IPC=3.858  ratio_rm=0.0003
[OMPT][WIN100ms] ompt_id=844424930131969 tid=72609  tipo=ompt_thread_worker     cpu= 73 numa=1  d_rm=    3125  d_instr=1375338911  d_cyc= 370928918  d_all= 8787100  IPC=3.708  ratio_rm=0.0004
[OMPT][WIN100ms] ompt_id=1125899906842625 tid=72610  tipo=ompt_thread_worker     cpu= 46 numa=0  d_rm=    3154  d_instr=1387679580  d_cyc= 371377334  d_all= 8890813  IPC=3.737  ratio_rm=0.0004
[OMPT][WIN100ms] ompt_id=1407374883553281 tid=72611  tipo=ompt_thread_worker     cpu=214 numa=1  d_rm=    3171  d_instr=1364249186  d_cyc= 372739284  d_all= 8768160  IPC=3.660  ratio_rm=0.0004
[OMPT][WIN100ms] ompt_id=1970324836974593 tid=72612  tipo=ompt_thread_worker     cpu=222 numa=1  d_rm=    3402  d_instr=1386944620  d_cyc= 371887254  d_all= 8885758  IPC=3.729  ratio_rm=0.0004
[OMPT][WIN100ms] ompt_id=2251799813685249 tid=72614  tipo=ompt_thread_worker     cpu=231 numa=1  d_rm=    6469  d_instr=1393099607  d_cyc= 373490124  d_all= 9001548  IPC=3.730  ratio_rm=0.0007
[OMPT][WIN100ms] ompt_id=1688849860263937 tid=72613  tipo=ompt_thread_worker     cpu= 24 numa=0  d_rm=    3357  d_instr=1378938619  d_cyc= 373994871  d_all= 8930108  IPC=3.687  ratio_rm=0.0004
[OMPT][WIN100ms] ompt_id=281474976710657 tid=72606  tipo=ompt_thread_initial    cpu=255 numa=1  d_rm=    3210  d_instr=1466663773  d_cyc= 374196147  d_all= 9485896  IPC=3.920  ratio_rm=0.0003
[OMPT][WIN100ms] ompt_id=562949953421313 tid=72608  tipo=ompt_thread_worker     cpu=  1 numa=0  d_rm=    3086  d_instr=1468522952  d_cyc= 374007051  d_all= 9498125  IPC=3.926  ratio_rm=0.0003
[OMPT][WIN100ms] ompt_id=844424930131969 tid=72609  tipo=ompt_thread_worker     cpu= 73 numa=1  d_rm=    3319  d_instr=1457506222  d_cyc= 374249025  d_all= 9427432  IPC=3.894  ratio_rm=0.0004
[OMPT][WIN100ms] ompt_id=1125899906842625 tid=72610  tipo=ompt_thread_worker     cpu= 46 numa=0  d_rm=    3231  d_instr=1457205587  d_cyc= 374255690  d_all= 9425098  IPC=3.894  ratio_rm=0.0003
[OMPT][WIN100ms] ompt_id=1407374883553281 tid=72611  tipo=ompt_thread_worker     cpu=214 numa=1  d_rm=    3115  d_instr=1425819894  d_cyc= 374040529  d_all= 9224346  IPC=3.812  ratio_rm=0.0003
[OMPT][WIN100ms] ompt_id=1970324836974593 tid=72612  tipo=ompt_thread_worker     cpu=222 numa=1  d_rm=    3508  d_instr=1454479825  d_cyc= 374212267  d_all= 9407453  IPC=3.887  ratio_rm=0.0004
[OMPT][WIN100ms] ompt_id=2251799813685249 tid=72614  tipo=ompt_thread_worker     cpu=231 numa=1  d_rm=    3313  d_instr=1453003499  d_cyc= 374207285  d_all= 9415629  IPC=3.883  ratio_rm=0.0004
[OMPT][WIN100ms] ompt_id=1688849860263937 tid=72613  tipo=ompt_thread_worker     cpu= 24 numa=0  d_rm=    2966  d_instr=1381249533  d_cyc= 374362180  d_all= 8938743  IPC=3.690  ratio_rm=0.0003
[OMPT] implicit_task_end: parallel_id=0 thread_num=0
[OMPT] parallel_end: parallel_id=281474976710905
[OMPT] parallel_begin: parallel_id=281474976710907 team_size=8
[OMPT] implicit_task_end: parallel_id=0 thread_num=4
[OMPT] implicit_task_end: parallel_id=0 thread_num=7
[OMPT] implicit_task_end: parallel_id=0 thread_num=2
[OMPT] implicit_task_end: parallel_id=0 thread_num=3
[OMPT] implicit_task_end: parallel_id=0 thread_num=1
[OMPT] implicit_task_end: parallel_id=0 thread_num=6
[OMPT] implicit_task_end: parallel_id=0 thread_num=5
[OMPT] implicit_task_begin: parallel_id=281474976710907 thread_num=2 team_size=8
[OMPT] implicit_task_begin: parallel_id=281474976710907 thread_num=1 team_size=8
[OMPT] implicit_task_begin: parallel_id=281474976710907 thread_num=3 team_size=8
[OMPT] implicit_task_begin: parallel_id=281474976710907 thread_num=7 team_size=8
[OMPT] implicit_task_begin: parallel_id=281474976710907 thread_num=0 team_size=8
[OMPT] implicit_task_begin: parallel_id=281474976710907 thread_num=4 team_size=8
[OMPT] implicit_task_begin: parallel_id=281474976710907 thread_num=5 team_size=8
[OMPT] implicit_task_begin: parallel_id=281474976710907 thread_num=6 team_size=8
[OMPT][WIN100ms] ompt_id=281474976710657 tid=72606  tipo=ompt_thread_initial    cpu=255 numa=1  d_rm=    4484  d_instr=1364223423  d_cyc= 371045923  d_all= 8712129  IPC=3.677  ratio_rm=0.0005
[OMPT][WIN100ms] ompt_id=562949953421313 tid=72608  tipo=ompt_thread_worker     cpu=  1 numa=0  d_rm=    3919  d_instr=1354717522  d_cyc= 370791889  d_all= 8639586  IPC=3.654  ratio_rm=0.0005
[OMPT][WIN100ms] ompt_id=844424930131969 tid=72609  tipo=ompt_thread_worker     cpu= 73 numa=1  d_rm=    3325  d_instr=1377366764  d_cyc= 371510359  d_all= 8795729  IPC=3.707  ratio_rm=0.0004
[OMPT][WIN100ms] ompt_id=1125899906842625 tid=72610  tipo=ompt_thread_worker     cpu= 46 numa=0  d_rm=    3283  d_instr=1366133306  d_cyc= 371623012  d_all= 8732298  IPC=3.676  ratio_rm=0.0004
[OMPT][WIN100ms] ompt_id=1407374883553281 tid=72611  tipo=ompt_thread_worker     cpu=214 numa=1  d_rm=    3651  d_instr=1377393630  d_cyc= 373747957  d_all= 8921909  IPC=3.685  ratio_rm=0.0004
[OMPT][WIN100ms] ompt_id=1970324836974593 tid=72612  tipo=ompt_thread_worker     cpu=222 numa=1  d_rm=    3645  d_instr=1367114238  d_cyc= 371514595  d_all= 8734058  IPC=3.680  ratio_rm=0.0004
[OMPT][WIN100ms] ompt_id=2251799813685249 tid=72614  tipo=ompt_thread_worker     cpu=231 numa=1  d_rm=    6410  d_instr=1351414632  d_cyc= 371485700  d_all= 8611013  IPC=3.638  ratio_rm=0.0007
[OMPT][WIN100ms] ompt_id=1688849860263937 tid=72613  tipo=ompt_thread_worker     cpu= 24 numa=0  d_rm=    3598  d_instr=1435983967  d_cyc= 373946072  d_all= 9282575  IPC=3.840  ratio_rm=0.0004
[OMPT][WIN100ms] ompt_id=281474976710657 tid=72606  tipo=ompt_thread_initial    cpu=255 numa=1  d_rm=    3255  d_instr=1465665500  d_cyc= 374202764  d_all= 9479619  IPC=3.917  ratio_rm=0.0003
[OMPT][WIN100ms] ompt_id=562949953421313 tid=72608  tipo=ompt_thread_worker     cpu=  1 numa=0  d_rm=    3042  d_instr=1468245088  d_cyc= 374054780  d_all= 9496060  IPC=3.925  ratio_rm=0.0003
[OMPT][WIN100ms] ompt_id=844424930131969 tid=72609  tipo=ompt_thread_worker     cpu= 73 numa=1  d_rm=    3063  d_instr=1462669325  d_cyc= 373993271  d_all= 9460175  IPC=3.911  ratio_rm=0.0003
[OMPT][WIN100ms] ompt_id=1125899906842625 tid=72610  tipo=ompt_thread_worker     cpu= 46 numa=0  d_rm=    3250  d_instr=1454524186  d_cyc= 374137536  d_all= 9408305  IPC=3.888  ratio_rm=0.0003
[OMPT][WIN100ms] ompt_id=1407374883553281 tid=72611  tipo=ompt_thread_worker     cpu=214 numa=1  d_rm=    3088  d_instr=1447224652  d_cyc= 374053027  d_all= 9361265  IPC=3.869  ratio_rm=0.0003
[OMPT][WIN100ms] ompt_id=1970324836974593 tid=72612  tipo=ompt_thread_worker     cpu=222 numa=1  d_rm=    3391  d_instr=1454045958  d_cyc= 374131299  d_all= 9418769  IPC=3.886  ratio_rm=0.0004
[OMPT][WIN100ms] ompt_id=2251799813685249 tid=72614  tipo=ompt_thread_worker     cpu=231 numa=1  d_rm=    3287  d_instr=1407815492  d_cyc= 374249293  d_all= 9116932  IPC=3.762  ratio_rm=0.0004
[OMPT][WIN100ms] ompt_id=1688849860263937 tid=72613  tipo=ompt_thread_worker     cpu= 24 numa=0  d_rm=    3166  d_instr=1449300470  d_cyc= 374352511  d_all= 9394000  IPC=3.871  ratio_rm=0.0003
[OMPT] implicit_task_end: parallel_id=0 thread_num=0
[OMPT] parallel_end: parallel_id=281474976710907
[OMPT] parallel_begin: parallel_id=281474976710909 team_size=8
[OMPT] implicit_task_end: parallel_id=0 thread_num=4
[OMPT] implicit_task_end: parallel_id=0 thread_num=7
[OMPT] implicit_task_end: parallel_id=0 thread_num=2
[OMPT] implicit_task_end: parallel_id=0 thread_num=1
[OMPT] implicit_task_begin: parallel_id=281474976710909 thread_num=2 team_size=8
[OMPT] implicit_task_end: parallel_id=0 thread_num=5
[OMPT] implicit_task_end: parallel_id=0 thread_num=3
[OMPT] implicit_task_begin: parallel_id=281474976710909 thread_num=5 team_size=8
[OMPT] implicit_task_begin: parallel_id=281474976710909 thread_num=0 team_size=8
[OMPT] implicit_task_begin: parallel_id=281474976710909 thread_num=3 team_size=8
[OMPT] implicit_task_begin: parallel_id=281474976710909 thread_num=4 team_size=8
[OMPT] implicit_task_begin: parallel_id=281474976710909 thread_num=7 team_size=8
[OMPT] implicit_task_end: parallel_id=0 thread_num=6
[OMPT] implicit_task_begin: parallel_id=281474976710909 thread_num=1 team_size=8
[OMPT] implicit_task_begin: parallel_id=281474976710909 thread_num=6 team_size=8
[OMPT][WIN100ms] ompt_id=281474976710657 tid=72606  tipo=ompt_thread_initial    cpu=255 numa=1  d_rm=    4306  d_instr=1376631771  d_cyc= 371116591  d_all= 8817493  IPC=3.709  ratio_rm=0.0005
[OMPT][WIN100ms] ompt_id=562949953421313 tid=72608  tipo=ompt_thread_worker     cpu=  1 numa=0  d_rm=    3046  d_instr=1365487868  d_cyc= 371226024  d_all= 8743040  IPC=3.678  ratio_rm=0.0003
[OMPT][WIN100ms] ompt_id=844424930131969 tid=72609  tipo=ompt_thread_worker     cpu= 73 numa=1  d_rm=    3131  d_instr=1380017534  d_cyc= 371594211  d_all= 8817308  IPC=3.714  ratio_rm=0.0004
[OMPT][WIN100ms] ompt_id=1125899906842625 tid=72610  tipo=ompt_thread_worker     cpu= 46 numa=0  d_rm=    3392  d_instr=1385747541  d_cyc= 371921011  d_all= 8889379  IPC=3.726  ratio_rm=0.0004
[OMPT][WIN100ms] ompt_id=1407374883553281 tid=72611  tipo=ompt_thread_worker     cpu=214 numa=1  d_rm=    3564  d_instr=1405566232  d_cyc= 372548386  d_all= 9054105  IPC=3.773  ratio_rm=0.0004
[OMPT][WIN100ms] ompt_id=1970324836974593 tid=72612  tipo=ompt_thread_worker     cpu=222 numa=1  d_rm=    3772  d_instr=1397916266  d_cyc= 372060919  d_all= 8960627  IPC=3.757  ratio_rm=0.0004
[OMPT][WIN100ms] ompt_id=2251799813685249 tid=72614  tipo=ompt_thread_worker     cpu=231 numa=1  d_rm=    6713  d_instr=1435735283  d_cyc= 373795276  d_all= 9296276  IPC=3.841  ratio_rm=0.0007
[OMPT][WIN100ms] ompt_id=1688849860263937 tid=72613  tipo=ompt_thread_worker     cpu= 24 numa=0  d_rm=    3027  d_instr=1373059945  d_cyc= 371836870  d_all= 8799621  IPC=3.693  ratio_rm=0.0003
[OMPT][WIN100ms] ompt_id=281474976710657 tid=72606  tipo=ompt_thread_initial    cpu=255 numa=1  d_rm=    3385  d_instr=1468852620  d_cyc= 373992556  d_all= 9500247  IPC=3.927  ratio_rm=0.0004
[OMPT][WIN100ms] ompt_id=562949953421313 tid=72608  tipo=ompt_thread_worker     cpu=  1 numa=0  d_rm=    3091  d_instr=1457599444  d_cyc= 374422003  d_all= 9427552  IPC=3.893  ratio_rm=0.0003
[OMPT][WIN100ms] ompt_id=844424930131969 tid=72609  tipo=ompt_thread_worker     cpu= 73 numa=1  d_rm=    3276  d_instr=1461265687  d_cyc= 374187021  d_all= 9451650  IPC=3.905  ratio_rm=0.0003
[OMPT][WIN100ms] ompt_id=1125899906842625 tid=72610  tipo=ompt_thread_worker     cpu= 46 numa=0  d_rm=    3209  d_instr=1445213912  d_cyc= 374226132  d_all= 9356177  IPC=3.862  ratio_rm=0.0003
[OMPT][WIN100ms] ompt_id=1407374883553281 tid=72611  tipo=ompt_thread_worker     cpu=214 numa=1  d_rm=    3258  d_instr=1446363402  d_cyc= 374106063  d_all= 9371626  IPC=3.866  ratio_rm=0.0003
[OMPT][WIN100ms] ompt_id=1970324836974593 tid=72612  tipo=ompt_thread_worker     cpu=222 numa=1  d_rm=    3307  d_instr=1456770587  d_cyc= 374210115  d_all= 9438588  IPC=3.893  ratio_rm=0.0004
[OMPT][WIN100ms] ompt_id=2251799813685249 tid=72614  tipo=ompt_thread_worker     cpu=231 numa=1  d_rm=    3721  d_instr=1453880538  d_cyc= 374203246  d_all= 9425192  IPC=3.885  ratio_rm=0.0004
[OMPT][WIN100ms] ompt_id=1688849860263937 tid=72613  tipo=ompt_thread_worker     cpu= 24 numa=0  d_rm=    3271  d_instr=1384258849  d_cyc= 374332557  d_all= 8966600  IPC=3.698  ratio_rm=0.0004
[OMPT] implicit_task_end: parallel_id=0 thread_num=0
[OMPT] parallel_end: parallel_id=281474976710909
[OMPT] parallel_begin: parallel_id=281474976710911 team_size=8
[OMPT] implicit_task_end: parallel_id=0 thread_num=4
[OMPT] implicit_task_end: parallel_id=0 thread_num=7
[OMPT] implicit_task_end: parallel_id=0 thread_num=1
[OMPT] implicit_task_end: parallel_id=0 thread_num=2
[OMPT] implicit_task_end: parallel_id=0 thread_num=6
[OMPT] implicit_task_begin: parallel_id=281474976710911 thread_num=6 team_size=8
[OMPT] implicit_task_end: parallel_id=0 thread_num=5
[OMPT] implicit_task_end: parallel_id=0 thread_num=3
[OMPT] implicit_task_begin: parallel_id=281474976710911 thread_num=5 team_size=8
[OMPT] implicit_task_begin: parallel_id=281474976710911 thread_num=0 team_size=8
[OMPT] implicit_task_begin: parallel_id=281474976710911 thread_num=3 team_size=8
[OMPT] implicit_task_begin: parallel_id=281474976710911 thread_num=4 team_size=8
[OMPT] implicit_task_begin: parallel_id=281474976710911 thread_num=7 team_size=8
[OMPT] implicit_task_begin: parallel_id=281474976710911 thread_num=1 team_size=8
[OMPT] implicit_task_begin: parallel_id=281474976710911 thread_num=2 team_size=8
[OMPT][WIN100ms] ompt_id=281474976710657 tid=72606  tipo=ompt_thread_initial    cpu=255 numa=1  d_rm=    4200  d_instr=1369102761  d_cyc= 370585326  d_all= 8745962  IPC=3.694  ratio_rm=0.0005
[OMPT][WIN100ms] ompt_id=562949953421313 tid=72608  tipo=ompt_thread_worker     cpu=  1 numa=0  d_rm=    3164  d_instr=1377062619  d_cyc= 371652588  d_all= 8830239  IPC=3.705  ratio_rm=0.0004
[OMPT][WIN100ms] ompt_id=844424930131969 tid=72609  tipo=ompt_thread_worker     cpu= 73 numa=1  d_rm=    3454  d_instr=1377841666  d_cyc= 370543372  d_all= 8796218  IPC=3.718  ratio_rm=0.0004
[OMPT][WIN100ms] ompt_id=1125899906842625 tid=72610  tipo=ompt_thread_worker     cpu= 46 numa=0  d_rm=    3181  d_instr=1378816760  d_cyc= 371608513  d_all= 8831539  IPC=3.710  ratio_rm=0.0004
[OMPT][WIN100ms] ompt_id=1407374883553281 tid=72611  tipo=ompt_thread_worker     cpu=214 numa=1  d_rm=    3212  d_instr=1379202259  d_cyc= 371785432  d_all= 8847567  IPC=3.710  ratio_rm=0.0004
[OMPT][WIN100ms] ompt_id=1970324836974593 tid=72612  tipo=ompt_thread_worker     cpu=222 numa=1  d_rm=    3492  d_instr=1368591959  d_cyc= 371243558  d_all= 8731182  IPC=3.687  ratio_rm=0.0004
[OMPT][WIN100ms] ompt_id=2251799813685249 tid=72614  tipo=ompt_thread_worker     cpu=231 numa=1  d_rm=    6452  d_instr=1371402320  d_cyc= 371509784  d_all= 8765407  IPC=3.691  ratio_rm=0.0007
[OMPT][WIN100ms] ompt_id=1688849860263937 tid=72613  tipo=ompt_thread_worker     cpu= 24 numa=0  d_rm=    3305  d_instr=1433856883  d_cyc= 373936057  d_all= 9290614  IPC=3.834  ratio_rm=0.0004
[OMPT][WIN100ms] ompt_id=281474976710657 tid=72606  tipo=ompt_thread_initial    cpu=255 numa=1  d_rm=    3713  d_instr=1466733671  d_cyc= 373856379  d_all= 9486825  IPC=3.923  ratio_rm=0.0004
[OMPT][WIN100ms] ompt_id=562949953421313 tid=72608  tipo=ompt_thread_worker     cpu=  1 numa=0  d_rm=    2964  d_instr=1404101176  d_cyc= 374358263  d_all= 9085019  IPC=3.751  ratio_rm=0.0003
[OMPT][WIN100ms] ompt_id=844424930131969 tid=72609  tipo=ompt_thread_worker     cpu= 73 numa=1  d_rm=    3188  d_instr=1451532718  d_cyc= 374168753  d_all= 9404456  IPC=3.879  ratio_rm=0.0003
[OMPT][WIN100ms] ompt_id=1125899906842625 tid=72610  tipo=ompt_thread_worker     cpu= 46 numa=0  d_rm=    3282  d_instr=1460412121  d_cyc= 374193777  d_all= 9463337  IPC=3.903  ratio_rm=0.0003
[OMPT][WIN100ms] ompt_id=1407374883553281 tid=72611  tipo=ompt_thread_worker     cpu=214 numa=1  d_rm=    3437  d_instr=1444571960  d_cyc= 374040476  d_all= 9363573  IPC=3.862  ratio_rm=0.0004
[OMPT][WIN100ms] ompt_id=1970324836974593 tid=72612  tipo=ompt_thread_worker     cpu=222 numa=1  d_rm=    3391  d_instr=1444565067  d_cyc= 374203817  d_all= 9368725  IPC=3.860  ratio_rm=0.0004
[OMPT][WIN100ms] ompt_id=2251799813685249 tid=72614  tipo=ompt_thread_worker     cpu=231 numa=1  d_rm=    3711  d_instr=1463373739  d_cyc= 374191185  d_all= 9485879  IPC=3.911  ratio_rm=0.0004
[OMPT][WIN100ms] ompt_id=1688849860263937 tid=72613  tipo=ompt_thread_worker     cpu= 24 numa=0  d_rm=    3040  d_instr=1455537394  d_cyc= 374337199  d_all= 9438564  IPC=3.888  ratio_rm=0.0003
[OMPT] implicit_task_end: parallel_id=0 thread_num=0
[OMPT] parallel_end: parallel_id=281474976710911
[OMPT] parallel_begin: parallel_id=281474976710913 team_size=8
[OMPT] implicit_task_end: parallel_id=0 thread_num=4
[OMPT] implicit_task_end: parallel_id=0 thread_num=5
[OMPT] implicit_task_begin: parallel_id=281474976710913 thread_num=0 team_size=8
[OMPT] implicit_task_end: parallel_id=0 thread_num=3
[OMPT] implicit_task_begin: parallel_id=281474976710913 thread_num=4 team_size=8
[OMPT] implicit_task_end: parallel_id=0 thread_num=2
[OMPT] implicit_task_begin: parallel_id=281474976710913 thread_num=3 team_size=8
[OMPT] implicit_task_end: parallel_id=0 thread_num=7
[OMPT] implicit_task_begin: parallel_id=281474976710913 thread_num=2 team_size=8
[OMPT] implicit_task_end: parallel_id=0 thread_num=6
[OMPT] implicit_task_begin: parallel_id=281474976710913 thread_num=7 team_size=8
[OMPT] implicit_task_begin: parallel_id=281474976710913 thread_num=6 team_size=8
[OMPT] implicit_task_end: parallel_id=0 thread_num=1
[OMPT] implicit_task_begin: parallel_id=281474976710913 thread_num=1 team_size=8
[OMPT] implicit_task_begin: parallel_id=281474976710913 thread_num=5 team_size=8
[OMPT][WIN100ms] ompt_id=281474976710657 tid=72606  tipo=ompt_thread_initial    cpu=255 numa=1  d_rm=    4291  d_instr=1394779564  d_cyc= 372045114  d_all= 8951333  IPC=3.749  ratio_rm=0.0005
[OMPT][WIN100ms] ompt_id=562949953421313 tid=72608  tipo=ompt_thread_worker     cpu=  1 numa=0  d_rm=    3154  d_instr=1418124020  d_cyc= 373578495  d_all= 9189367  IPC=3.796  ratio_rm=0.0003
[OMPT][WIN100ms] ompt_id=844424930131969 tid=72609  tipo=ompt_thread_worker     cpu= 73 numa=1  d_rm=    3274  d_instr=1398443286  d_cyc= 372301069  d_all= 8981270  IPC=3.756  ratio_rm=0.0004
[OMPT][WIN100ms] ompt_id=1125899906842625 tid=72610  tipo=ompt_thread_worker     cpu= 46 numa=0  d_rm=    3313  d_instr=1407640746  d_cyc= 372672167  d_all= 9054304  IPC=3.777  ratio_rm=0.0004
[OMPT][WIN100ms] ompt_id=1407374883553281 tid=72611  tipo=ompt_thread_worker     cpu=214 numa=1  d_rm=    3260  d_instr=1375209467  d_cyc= 373046110  d_all= 8855132  IPC=3.686  ratio_rm=0.0004
[OMPT][WIN100ms] ompt_id=1970324836974593 tid=72612  tipo=ompt_thread_worker     cpu=222 numa=1  d_rm=    3566  d_instr=1410858716  d_cyc= 372725064  d_all= 9085003  IPC=3.785  ratio_rm=0.0004
[OMPT][WIN100ms] ompt_id=2251799813685249 tid=72614  tipo=ompt_thread_worker     cpu=231 numa=1  d_rm=    6691  d_instr=1363920198  d_cyc= 372322982  d_all= 8745065  IPC=3.663  ratio_rm=0.0008
[OMPT][WIN100ms] ompt_id=1688849860263937 tid=72613  tipo=ompt_thread_worker     cpu= 24 numa=0  d_rm=    3167  d_instr=1408632469  d_cyc= 372785127  d_all= 9067757  IPC=3.779  ratio_rm=0.0003
[OMPT][WIN100ms] ompt_id=281474976710657 tid=72606  tipo=ompt_thread_initial    cpu=255 numa=1  d_rm=    3263  d_instr=1461284011  d_cyc= 373856618  d_all= 9469066  IPC=3.909  ratio_rm=0.0003
[OMPT][WIN100ms] ompt_id=562949953421313 tid=72608  tipo=ompt_thread_worker     cpu=  1 numa=0  d_rm=    3447  d_instr=1432768919  d_cyc= 374421519  d_all= 9285161  IPC=3.827  ratio_rm=0.0004
[OMPT][WIN100ms] ompt_id=844424930131969 tid=72609  tipo=ompt_thread_worker     cpu= 73 numa=1  d_rm=    3545  d_instr=1462035400  d_cyc= 374264256  d_all= 9476105  IPC=3.906  ratio_rm=0.0004
[OMPT][WIN100ms] ompt_id=1125899906842625 tid=72610  tipo=ompt_thread_worker     cpu= 46 numa=0  d_rm=    3810  d_instr=1453849124  d_cyc= 374262691  d_all= 9425516  IPC=3.885  ratio_rm=0.0004
[OMPT][WIN100ms] ompt_id=1407374883553281 tid=72611  tipo=ompt_thread_worker     cpu=214 numa=1  d_rm=    3185  d_instr=1442598366  d_cyc= 374098653  d_all= 9348710  IPC=3.856  ratio_rm=0.0003
[OMPT][WIN100ms] ompt_id=1970324836974593 tid=72612  tipo=ompt_thread_worker     cpu=222 numa=1  d_rm=    3427  d_instr=1459482373  d_cyc= 374225285  d_all= 9460589  IPC=3.900  ratio_rm=0.0004
[OMPT][WIN100ms] ompt_id=2251799813685249 tid=72614  tipo=ompt_thread_worker     cpu=231 numa=1  d_rm=    3083  d_instr=1393494947  d_cyc= 374233842  d_all= 9027770  IPC=3.724  ratio_rm=0.0003
[OMPT][WIN100ms] ompt_id=1688849860263937 tid=72613  tipo=ompt_thread_worker     cpu= 24 numa=0  d_rm=    3063  d_instr=1421956757  d_cyc= 374337391  d_all= 9210982  IPC=3.799  ratio_rm=0.0003
[OMPT] implicit_task_end: parallel_id=0 thread_num=0
[OMPT] parallel_end: parallel_id=281474976710913
[OMPT] parallel_begin: parallel_id=281474976710915 team_size=8
[OMPT] implicit_task_end: parallel_id=0 thread_num=4
[OMPT] implicit_task_end: parallel_id=0 thread_num=7
[OMPT] implicit_task_begin: parallel_id=281474976710915 thread_num=0 team_size=8
[OMPT] implicit_task_end: parallel_id=0 thread_num=3
[OMPT] implicit_task_end: parallel_id=0 thread_num=6
[OMPT] implicit_task_begin: parallel_id=281474976710915 thread_num=7 team_size=8
[OMPT] implicit_task_begin: parallel_id=281474976710915 thread_num=3 team_size=8
[OMPT] implicit_task_begin: parallel_id=281474976710915 thread_num=6 team_size=8
[OMPT] implicit_task_end: parallel_id=0 thread_num=1
[OMPT] implicit_task_begin: parallel_id=281474976710915 thread_num=1 team_size=8
[OMPT] implicit_task_begin: parallel_id=281474976710915 thread_num=4 team_size=8
[OMPT] implicit_task_end: parallel_id=0 thread_num=5
[OMPT] implicit_task_end: parallel_id=0 thread_num=2
[OMPT] implicit_task_begin: parallel_id=281474976710915 thread_num=5 team_size=8
[OMPT] implicit_task_begin: parallel_id=281474976710915 thread_num=2 team_size=8
[OMPT][WIN100ms] ompt_id=281474976710657 tid=72606  tipo=ompt_thread_initial    cpu=255 numa=1  d_rm=    4337  d_instr=1361877800  d_cyc= 370719931  d_all= 8683562  IPC=3.674  ratio_rm=0.0005
[OMPT][WIN100ms] ompt_id=562949953421313 tid=72608  tipo=ompt_thread_worker     cpu=  1 numa=0  d_rm=    3112  d_instr=1399753948  d_cyc= 372495219  d_all= 9007791  IPC=3.758  ratio_rm=0.0003
[OMPT][WIN100ms] ompt_id=844424930131969 tid=72609  tipo=ompt_thread_worker     cpu= 73 numa=1  d_rm=    3135  d_instr=1359201516  d_cyc= 370529154  d_all= 8662490  IPC=3.668  ratio_rm=0.0004
[OMPT][WIN100ms] ompt_id=1125899906842625 tid=72610  tipo=ompt_thread_worker     cpu= 46 numa=0  d_rm=    3157  d_instr=1359532294  d_cyc= 371313753  d_all= 8672757  IPC=3.661  ratio_rm=0.0004
[OMPT][WIN100ms] ompt_id=1407374883553281 tid=72611  tipo=ompt_thread_worker     cpu=214 numa=1  d_rm=    3747  d_instr=1347834765  d_cyc= 372312464  d_all= 8666194  IPC=3.620  ratio_rm=0.0004
[OMPT][WIN100ms] ompt_id=1970324836974593 tid=72612  tipo=ompt_thread_worker     cpu=222 numa=1  d_rm=    3510  d_instr=1360718564  d_cyc= 370826182  d_all= 8673644  IPC=3.669  ratio_rm=0.0004
[OMPT][WIN100ms] ompt_id=2251799813685249 tid=72614  tipo=ompt_thread_worker     cpu=231 numa=1  d_rm=    6576  d_instr=1446977312  d_cyc= 374119785  d_all= 9366149  IPC=3.868  ratio_rm=0.0007
[OMPT][WIN100ms] ompt_id=1688849860263937 tid=72613  tipo=ompt_thread_worker     cpu= 24 numa=0  d_rm=    3072  d_instr=1391817308  d_cyc= 372306302  d_all= 8925185  IPC=3.738  ratio_rm=0.0003
[OMPT][WIN100ms] ompt_id=281474976710657 tid=72606  tipo=ompt_thread_initial    cpu=255 numa=1  d_rm=    3356  d_instr=1411120448  d_cyc= 372103598  d_all= 9051958  IPC=3.792  ratio_rm=0.0004
[OMPT][WIN100ms] ompt_id=562949953421313 tid=72608  tipo=ompt_thread_worker     cpu=  1 numa=0  d_rm=    2974  d_instr=1415677218  d_cyc= 373935429  d_all= 9151672  IPC=3.786  ratio_rm=0.0003
[OMPT][WIN100ms] ompt_id=844424930131969 tid=72609  tipo=ompt_thread_worker     cpu= 73 numa=1  d_rm=    3183  d_instr=1413419189  d_cyc= 372528251  d_all= 9074137  IPC=3.794  ratio_rm=0.0004
[OMPT][WIN100ms] ompt_id=1125899906842625 tid=72610  tipo=ompt_thread_worker     cpu= 46 numa=0  d_rm=    3212  d_instr=1413846410  d_cyc= 373054217  d_all= 9105669  IPC=3.790  ratio_rm=0.0004
[OMPT][WIN100ms] ompt_id=1407374883553281 tid=72611  tipo=ompt_thread_worker     cpu=214 numa=1  d_rm=    3150  d_instr=1451436524  d_cyc= 374100229  d_all= 9405559  IPC=3.880  ratio_rm=0.0003
[OMPT][WIN100ms] ompt_id=1970324836974593 tid=72612  tipo=ompt_thread_worker     cpu=222 numa=1  d_rm=    3337  d_instr=1409150516  d_cyc= 373320795  d_all= 9076722  IPC=3.775  ratio_rm=0.0004
[OMPT][WIN100ms] ompt_id=2251799813685249 tid=72614  tipo=ompt_thread_worker     cpu=231 numa=1  d_rm=    6486  d_instr=1403519900  d_cyc= 372981394  d_all= 9017363  IPC=3.763  ratio_rm=0.0007
[OMPT][WIN100ms] ompt_id=1688849860263937 tid=72613  tipo=ompt_thread_worker     cpu= 24 numa=0  d_rm=    3096  d_instr=1401268286  d_cyc= 374356264  d_all= 9077283  IPC=3.743  ratio_rm=0.0003
[OMPT] implicit_task_end: parallel_id=0 thread_num=0
[OMPT] parallel_end: parallel_id=281474976710915
[OMPT] parallel_begin: parallel_id=281474976710917 team_size=8
[OMPT] implicit_task_end: parallel_id=0 thread_num=4
[OMPT] implicit_task_end: parallel_id=0 thread_num=7
[OMPT] implicit_task_begin: parallel_id=281474976710917 thread_num=0 team_size=8
[OMPT] implicit_task_end: parallel_id=0 thread_num=1
[OMPT] implicit_task_end: parallel_id=0 thread_num=5
[OMPT] implicit_task_end: parallel_id=0 thread_num=6
[OMPT] implicit_task_begin: parallel_id=281474976710917 thread_num=5 team_size=8
[OMPT] implicit_task_end: parallel_id=0 thread_num=3
[OMPT] implicit_task_begin: parallel_id=281474976710917 thread_num=3 team_size=8
[OMPT] implicit_task_begin: parallel_id=281474976710917 thread_num=4 team_size=8
[OMPT] implicit_task_begin: parallel_id=281474976710917 thread_num=7 team_size=8
[OMPT] implicit_task_begin: parallel_id=281474976710917 thread_num=1 team_size=8
[OMPT] implicit_task_begin: parallel_id=281474976710917 thread_num=6 team_size=8
[OMPT] implicit_task_end: parallel_id=0 thread_num=2
[OMPT] implicit_task_begin: parallel_id=281474976710917 thread_num=2 team_size=8
[OMPT][WIN100ms] ompt_id=281474976710657 tid=72606  tipo=ompt_thread_initial    cpu=255 numa=1  d_rm=    4393  d_instr=1449044554  d_cyc= 373558461  d_all= 9385489  IPC=3.879  ratio_rm=0.0005
[OMPT][WIN100ms] ompt_id=562949953421313 tid=72608  tipo=ompt_thread_worker     cpu=  1 numa=0  d_rm=    3241  d_instr=1441567054  d_cyc= 373428708  d_all= 9338413  IPC=3.860  ratio_rm=0.0003
[OMPT][WIN100ms] ompt_id=844424930131969 tid=72609  tipo=ompt_thread_worker     cpu= 73 numa=1  d_rm=    3266  d_instr=1442352501  d_cyc= 372985469  d_all= 9341320  IPC=3.867  ratio_rm=0.0003
[OMPT][WIN100ms] ompt_id=1125899906842625 tid=72610  tipo=ompt_thread_worker     cpu= 46 numa=0  d_rm=    3655  d_instr=1444669534  d_cyc= 373463770  d_all= 9356469  IPC=3.868  ratio_rm=0.0004
[OMPT][WIN100ms] ompt_id=1407374883553281 tid=72611  tipo=ompt_thread_worker     cpu=214 numa=1  d_rm=    3670  d_instr=1385069862  d_cyc= 373501710  d_all= 8970872  IPC=3.708  ratio_rm=0.0004
[OMPT][WIN100ms] ompt_id=1970324836974593 tid=72612  tipo=ompt_thread_worker     cpu=222 numa=1  d_rm=    3756  d_instr=1445497957  d_cyc= 373780018  d_all= 9359559  IPC=3.867  ratio_rm=0.0004
[OMPT][WIN100ms] ompt_id=2251799813685249 tid=72614  tipo=ompt_thread_worker     cpu=231 numa=1  d_rm=    3640  d_instr=1428994918  d_cyc= 373582218  d_all= 9238763  IPC=3.825  ratio_rm=0.0004
[OMPT][WIN100ms] ompt_id=1688849860263937 tid=72613  tipo=ompt_thread_worker     cpu= 24 numa=0  d_rm=    3330  d_instr=1437666080  d_cyc= 373504506  d_all= 9302117  IPC=3.849  ratio_rm=0.0004
[OMPT] implicit_task_end: parallel_id=0 thread_num=0
[OMPT] parallel_end: parallel_id=281474976710917
[OMPT] parallel_begin: parallel_id=281474976710919 team_size=8
[OMPT] implicit_task_end: parallel_id=0 thread_num=4
[OMPT] implicit_task_end: parallel_id=0 thread_num=7
[OMPT] implicit_task_end: parallel_id=0 thread_num=1
[OMPT] implicit_task_end: parallel_id=0 thread_num=3
[OMPT] implicit_task_begin: parallel_id=281474976710919 thread_num=7 team_size=8
[OMPT] implicit_task_end: parallel_id=0 thread_num=5
[OMPT] implicit_task_begin: parallel_id=281474976710919 thread_num=0 team_size=8
[OMPT] implicit_task_begin: parallel_id=281474976710919 thread_num=5 team_size=8
[OMPT] implicit_task_end: parallel_id=0 thread_num=2
[OMPT] implicit_task_begin: parallel_id=281474976710919 thread_num=4 team_size=8
[OMPT] implicit_task_begin: parallel_id=281474976710919 thread_num=2 team_size=8
[OMPT] implicit_task_begin: parallel_id=281474976710919 thread_num=1 team_size=8
[OMPT] implicit_task_begin: parallel_id=281474976710919 thread_num=3 team_size=8
[OMPT] implicit_task_end: parallel_id=0 thread_num=6
[OMPT] implicit_task_begin: parallel_id=281474976710919 thread_num=6 team_size=8
[OMPT][WIN100ms] ompt_id=281474976710657 tid=72606  tipo=ompt_thread_initial    cpu=255 numa=1  d_rm=    4824  d_instr=1375868480  d_cyc= 370937670  d_all= 8791144  IPC=3.709  ratio_rm=0.0005
[OMPT][WIN100ms] ompt_id=562949953421313 tid=72608  tipo=ompt_thread_worker     cpu=  1 numa=0  d_rm=    3118  d_instr=1381088367  d_cyc= 371819122  d_all= 8852437  IPC=3.714  ratio_rm=0.0004
[OMPT][WIN100ms] ompt_id=844424930131969 tid=72609  tipo=ompt_thread_worker     cpu= 73 numa=1  d_rm=    3297  d_instr=1385785015  d_cyc= 371435241  d_all= 8868348  IPC=3.731  ratio_rm=0.0004
[OMPT][WIN100ms] ompt_id=1125899906842625 tid=72610  tipo=ompt_thread_worker     cpu= 46 numa=0  d_rm=    3355  d_instr=1381578270  d_cyc= 371605284  d_all= 8854010  IPC=3.718  ratio_rm=0.0004
[OMPT][WIN100ms] ompt_id=1407374883553281 tid=72611  tipo=ompt_thread_worker     cpu=214 numa=1  d_rm=    3584  d_instr=1430938634  d_cyc= 373489730  d_all= 9267784  IPC=3.831  ratio_rm=0.0004
[OMPT][WIN100ms] ompt_id=1970324836974593 tid=72612  tipo=ompt_thread_worker     cpu=222 numa=1  d_rm=    3655  d_instr=1381246235  d_cyc= 371918401  d_all= 8850264  IPC=3.714  ratio_rm=0.0004
[OMPT][WIN100ms] ompt_id=2251799813685249 tid=72614  tipo=ompt_thread_worker     cpu=231 numa=1  d_rm=    6731  d_instr=1390617160  d_cyc= 373156809  d_all= 8947046  IPC=3.727  ratio_rm=0.0008
[OMPT][WIN100ms] ompt_id=1688849860263937 tid=72613  tipo=ompt_thread_worker     cpu= 24 numa=0  d_rm=    3233  d_instr=1388462005  d_cyc= 371725778  d_all= 8898355  IPC=3.735  ratio_rm=0.0004
[OMPT][WIN100ms] ompt_id=281474976710657 tid=72606  tipo=ompt_thread_initial    cpu=255 numa=1  d_rm=    3646  d_instr=1451989004  d_cyc= 374177072  d_all= 9411539  IPC=3.880  ratio_rm=0.0004
[OMPT][WIN100ms] ompt_id=562949953421313 tid=72608  tipo=ompt_thread_worker     cpu=  1 numa=0  d_rm=    3074  d_instr=1426431101  d_cyc= 374378290  d_all= 9249015  IPC=3.810  ratio_rm=0.0003
[OMPT][WIN100ms] ompt_id=844424930131969 tid=72609  tipo=ompt_thread_worker     cpu= 73 numa=1  d_rm=    3361  d_instr=1461627450  d_cyc= 374210364  d_all= 9471679  IPC=3.906  ratio_rm=0.0004
[OMPT][WIN100ms] ompt_id=1125899906842625 tid=72610  tipo=ompt_thread_worker     cpu= 46 numa=0  d_rm=    3383  d_instr=1451682869  d_cyc= 374278545  d_all= 9409726  IPC=3.879  ratio_rm=0.0004
[OMPT][WIN100ms] ompt_id=1407374883553281 tid=72611  tipo=ompt_thread_worker     cpu=214 numa=1  d_rm=    3099  d_instr=1441489418  d_cyc= 373784917  d_all= 9338492  IPC=3.856  ratio_rm=0.0003
[OMPT][WIN100ms] ompt_id=1970324836974593 tid=72612  tipo=ompt_thread_worker     cpu=222 numa=1  d_rm=    3607  d_instr=1449766116  d_cyc= 374255677  d_all= 9377647  IPC=3.874  ratio_rm=0.0004
[OMPT][WIN100ms] ompt_id=2251799813685249 tid=72614  tipo=ompt_thread_worker     cpu=231 numa=1  d_rm=    3375  d_instr=1459142087  d_cyc= 374165902  d_all= 9437647  IPC=3.900  ratio_rm=0.0004
[OMPT][WIN100ms] ompt_id=1688849860263937 tid=72613  tipo=ompt_thread_worker     cpu= 24 numa=0  d_rm=    3179  d_instr=1432137677  d_cyc= 374371810  d_all= 9264998  IPC=3.825  ratio_rm=0.0003
[OMPT] implicit_task_end: parallel_id=0 thread_num=0
[OMPT] parallel_end: parallel_id=281474976710919
[OMPT] parallel_begin: parallel_id=281474976710921 team_size=8
[OMPT] implicit_task_end: parallel_id=0 thread_num=4
[OMPT] implicit_task_end: parallel_id=0 thread_num=7
[OMPT] implicit_task_begin: parallel_id=281474976710921 thread_num=0 team_size=8
[OMPT] implicit_task_end: parallel_id=0 thread_num=2
[OMPT] implicit_task_end: parallel_id=0 thread_num=1
[OMPT] implicit_task_end: parallel_id=0 thread_num=6
[OMPT] implicit_task_begin: parallel_id=281474976710921 thread_num=6 team_size=8
[OMPT] implicit_task_end: parallel_id=0 thread_num=5
[OMPT] implicit_task_end: parallel_id=0 thread_num=3
[OMPT] implicit_task_begin: parallel_id=281474976710921 thread_num=5 team_size=8
[OMPT] implicit_task_begin: parallel_id=281474976710921 thread_num=4 team_size=8
[OMPT] implicit_task_begin: parallel_id=281474976710921 thread_num=3 team_size=8
[OMPT] implicit_task_begin: parallel_id=281474976710921 thread_num=7 team_size=8
[OMPT] implicit_task_begin: parallel_id=281474976710921 thread_num=2 team_size=8
[OMPT] implicit_task_begin: parallel_id=281474976710921 thread_num=1 team_size=8
[OMPT][WIN100ms] ompt_id=281474976710657 tid=72606  tipo=ompt_thread_initial    cpu=255 numa=1  d_rm=    4525  d_instr=1411864803  d_cyc= 372753388  d_all= 9084685  IPC=3.788  ratio_rm=0.0005
[OMPT][WIN100ms] ompt_id=562949953421313 tid=72608  tipo=ompt_thread_worker     cpu=  1 numa=0  d_rm=    3041  d_instr=1429326946  d_cyc= 373409893  d_all= 9258339  IPC=3.828  ratio_rm=0.0003
[OMPT][WIN100ms] ompt_id=844424930131969 tid=72609  tipo=ompt_thread_worker     cpu= 73 numa=1  d_rm=    3166  d_instr=1405804979  d_cyc= 371646908  d_all= 9024840  IPC=3.783  ratio_rm=0.0004
[OMPT][WIN100ms] ompt_id=1125899906842625 tid=72610  tipo=ompt_thread_worker     cpu= 46 numa=0  d_rm=    3384  d_instr=1411771373  d_cyc= 372338928  d_all= 9087375  IPC=3.792  ratio_rm=0.0004
[OMPT][WIN100ms] ompt_id=1407374883553281 tid=72611  tipo=ompt_thread_worker     cpu=214 numa=1  d_rm=    3424  d_instr=1412579908  d_cyc= 372568272  d_all= 9113486  IPC=3.791  ratio_rm=0.0004
[OMPT][WIN100ms] ompt_id=1970324836974593 tid=72612  tipo=ompt_thread_worker     cpu=222 numa=1  d_rm=    3813  d_instr=1416209899  d_cyc= 372634397  d_all= 9117071  IPC=3.801  ratio_rm=0.0004
[OMPT][WIN100ms] ompt_id=2251799813685249 tid=72614  tipo=ompt_thread_worker     cpu=231 numa=1  d_rm=    6617  d_instr=1402414496  d_cyc= 372748493  d_all= 9014916  IPC=3.762  ratio_rm=0.0007
[OMPT][WIN100ms] ompt_id=1688849860263937 tid=72613  tipo=ompt_thread_worker     cpu= 24 numa=0  d_rm=    3089  d_instr=1426166522  d_cyc= 374150639  d_all= 9232106  IPC=3.812  ratio_rm=0.0003
[OMPT][WIN100ms] ompt_id=281474976710657 tid=72606  tipo=ompt_thread_initial    cpu=255 numa=1  d_rm=    3186  d_instr=1455341264  d_cyc= 374344314  d_all= 9429328  IPC=3.888  ratio_rm=0.0003
[OMPT][WIN100ms] ompt_id=562949953421313 tid=72608  tipo=ompt_thread_worker     cpu=  1 numa=0  d_rm=    2968  d_instr=1426790413  d_cyc= 374612699  d_all= 9248833  IPC=3.809  ratio_rm=0.0003
[OMPT][WIN100ms] ompt_id=844424930131969 tid=72609  tipo=ompt_thread_worker     cpu= 73 numa=1  d_rm=    3429  d_instr=1458755531  d_cyc= 374379713  d_all= 9446430  IPC=3.896  ratio_rm=0.0004
[OMPT][WIN100ms] ompt_id=1125899906842625 tid=72610  tipo=ompt_thread_worker     cpu= 46 numa=0  d_rm=    3740  d_instr=1459658741  d_cyc= 374367494  d_all= 9441100  IPC=3.899  ratio_rm=0.0004
[OMPT][WIN100ms] ompt_id=1407374883553281 tid=72611  tipo=ompt_thread_worker     cpu=214 numa=1  d_rm=    3371  d_instr=1461103087  d_cyc= 373770354  d_all= 9450574  IPC=3.909  ratio_rm=0.0004
[OMPT][WIN100ms] ompt_id=1970324836974593 tid=72612  tipo=ompt_thread_worker     cpu=222 numa=1  d_rm=    3464  d_instr=1464008031  d_cyc= 374337647  d_all= 9465868  IPC=3.911  ratio_rm=0.0004
[OMPT][WIN100ms] ompt_id=2251799813685249 tid=72614  tipo=ompt_thread_worker     cpu=231 numa=1  d_rm=    3287  d_instr=1434181357  d_cyc= 374187981  d_all= 9278033  IPC=3.833  ratio_rm=0.0004
[OMPT][WIN100ms] ompt_id=1688849860263937 tid=72613  tipo=ompt_thread_worker     cpu= 24 numa=0  d_rm=    2981  d_instr=1439677127  d_cyc= 374339997  d_all= 9312986  IPC=3.846  ratio_rm=0.0003
[OMPT] implicit_task_end: parallel_id=0 thread_num=0
[OMPT] parallel_end: parallel_id=281474976710921
[OMPT] parallel_begin: parallel_id=281474976710923 team_size=8
[OMPT] implicit_task_end: parallel_id=0 thread_num=4
[OMPT] implicit_task_end: parallel_id=0 thread_num=7
[OMPT] implicit_task_end: parallel_id=0 thread_num=3
[OMPT] implicit_task_begin: parallel_id=281474976710923 thread_num=4 team_size=8
[OMPT] implicit_task_end: parallel_id=0 thread_num=2
[OMPT] implicit_task_begin: parallel_id=281474976710923 thread_num=3 team_size=8
[OMPT] implicit_task_end: parallel_id=0 thread_num=6
[OMPT] implicit_task_end: parallel_id=0 thread_num=1
[OMPT] implicit_task_begin: parallel_id=281474976710923 thread_num=1 team_size=8
[OMPT] implicit_task_begin: parallel_id=281474976710923 thread_num=0 team_size=8
[OMPT] implicit_task_end: parallel_id=0 thread_num=5
[OMPT] implicit_task_begin: parallel_id=281474976710923 thread_num=7 team_size=8
[OMPT] implicit_task_begin: parallel_id=281474976710923 thread_num=2 team_size=8
[OMPT] implicit_task_begin: parallel_id=281474976710923 thread_num=6 team_size=8
[OMPT] implicit_task_begin: parallel_id=281474976710923 thread_num=5 team_size=8
[OMPT][WIN100ms] ompt_id=281474976710657 tid=72606  tipo=ompt_thread_initial    cpu=255 numa=1  d_rm=    4446  d_instr=1412105483  d_cyc= 372719873  d_all= 9110814  IPC=3.789  ratio_rm=0.0005
[OMPT][WIN100ms] ompt_id=562949953421313 tid=72608  tipo=ompt_thread_worker     cpu=  1 numa=0  d_rm=    3198  d_instr=1445994337  d_cyc= 373726065  d_all= 9367192  IPC=3.869  ratio_rm=0.0003
[OMPT][WIN100ms] ompt_id=844424930131969 tid=72609  tipo=ompt_thread_worker     cpu= 73 numa=1  d_rm=    3306  d_instr=1415134817  d_cyc= 372290501  d_all= 9113765  IPC=3.801  ratio_rm=0.0004
[OMPT][WIN100ms] ompt_id=1125899906842625 tid=72610  tipo=ompt_thread_worker     cpu= 46 numa=0  d_rm=    3438  d_instr=1414438224  d_cyc= 373134988  d_all= 9119958  IPC=3.791  ratio_rm=0.0004
[OMPT][WIN100ms] ompt_id=1407374883553281 tid=72611  tipo=ompt_thread_worker     cpu=214 numa=1  d_rm=    3485  d_instr=1422729306  d_cyc= 372713949  d_all= 9158330  IPC=3.817  ratio_rm=0.0004
[OMPT][WIN100ms] ompt_id=1970324836974593 tid=72612  tipo=ompt_thread_worker     cpu=222 numa=1  d_rm=    3546  d_instr=1414379640  d_cyc= 371937891  d_all= 9080201  IPC=3.803  ratio_rm=0.0004
[OMPT][WIN100ms] ompt_id=2251799813685249 tid=72614  tipo=ompt_thread_worker     cpu=231 numa=1  d_rm=    6841  d_instr=1432314733  d_cyc= 373588829  d_all= 9260631  IPC=3.834  ratio_rm=0.0007
[OMPT][WIN100ms] ompt_id=1688849860263937 tid=72613  tipo=ompt_thread_worker     cpu= 24 numa=0  d_rm=    3480  d_instr=1415199484  d_cyc= 373478892  d_all= 9157115  IPC=3.789  ratio_rm=0.0004
[OMPT][WIN100ms] ompt_id=281474976710657 tid=72606  tipo=ompt_thread_initial    cpu=255 numa=1  d_rm=    3304  d_instr=1456645517  d_cyc= 374238690  d_all= 9428323  IPC=3.892  ratio_rm=0.0004
[OMPT][WIN100ms] ompt_id=562949953421313 tid=72608  tipo=ompt_thread_worker     cpu=  1 numa=0  d_rm=    3242  d_instr=1420475282  d_cyc= 374475374  d_all= 9190109  IPC=3.793  ratio_rm=0.0004
[OMPT][WIN100ms] ompt_id=844424930131969 tid=72609  tipo=ompt_thread_worker     cpu= 73 numa=1  d_rm=    3126  d_instr=1456867675  d_cyc= 374300772  d_all= 9423300  IPC=3.892  ratio_rm=0.0003
[OMPT][WIN100ms] ompt_id=1125899906842625 tid=72610  tipo=ompt_thread_worker     cpu= 46 numa=0  d_rm=    3408  d_instr=1449473480  d_cyc= 374295313  d_all= 9375458  IPC=3.873  ratio_rm=0.0004
[OMPT][WIN100ms] ompt_id=1407374883553281 tid=72611  tipo=ompt_thread_worker     cpu=214 numa=1  d_rm=    3212  d_instr=1470689675  d_cyc= 373796972  d_all= 9511698  IPC=3.934  ratio_rm=0.0003
[OMPT][WIN100ms] ompt_id=1970324836974593 tid=72612  tipo=ompt_thread_worker     cpu=222 numa=1  d_rm=    3491  d_instr=1476835556  d_cyc= 374254619  d_all= 9551168  IPC=3.946  ratio_rm=0.0004
[OMPT][WIN100ms] ompt_id=2251799813685249 tid=72614  tipo=ompt_thread_worker     cpu=231 numa=1  d_rm=    3585  d_instr=1434227033  d_cyc= 374296307  d_all= 9278262  IPC=3.832  ratio_rm=0.0004
[OMPT][WIN100ms] ompt_id=1688849860263937 tid=72613  tipo=ompt_thread_worker     cpu= 24 numa=0  d_rm=    3024  d_instr=1445808720  d_cyc= 374355734  d_all= 9352097  IPC=3.862  ratio_rm=0.0003
[OMPT] implicit_task_end: parallel_id=0 thread_num=0
[OMPT] parallel_end: parallel_id=281474976710923
[OMPT] parallel_begin: parallel_id=281474976710925 team_size=8
[OMPT] implicit_task_end: parallel_id=0 thread_num=4
[OMPT] implicit_task_end: parallel_id=0 thread_num=7
[OMPT] implicit_task_end: parallel_id=0 thread_num=3
[OMPT] implicit_task_end: parallel_id=0 thread_num=1
[OMPT] implicit_task_begin: parallel_id=281474976710925 thread_num=7 team_size=8
[OMPT] implicit_task_begin: parallel_id=281474976710925 thread_num=3 team_size=8
[OMPT] implicit_task_end: parallel_id=0 thread_num=6
[OMPT] implicit_task_begin: parallel_id=281474976710925 thread_num=6 team_size=8
[OMPT] implicit_task_begin: parallel_id=281474976710925 thread_num=0 team_size=8
[OMPT] implicit_task_end: parallel_id=0 thread_num=2
[OMPT] implicit_task_begin: parallel_id=281474976710925 thread_num=4 team_size=8
[OMPT] implicit_task_begin: parallel_id=281474976710925 thread_num=2 team_size=8
[OMPT] implicit_task_end: parallel_id=0 thread_num=5
[OMPT] implicit_task_begin: parallel_id=281474976710925 thread_num=1 team_size=8
[OMPT] implicit_task_begin: parallel_id=281474976710925 thread_num=5 team_size=8
[OMPT][WIN100ms] ompt_id=281474976710657 tid=72606  tipo=ompt_thread_initial    cpu=255 numa=1  d_rm=    4277  d_instr=1411782728  d_cyc= 373009794  d_all= 9119086  IPC=3.785  ratio_rm=0.0005
[OMPT][WIN100ms] ompt_id=562949953421313 tid=72608  tipo=ompt_thread_worker     cpu=  1 numa=0  d_rm=    3391  d_instr=1436179787  d_cyc= 373542227  d_all= 9304292  IPC=3.845  ratio_rm=0.0004
[OMPT][WIN100ms] ompt_id=844424930131969 tid=72609  tipo=ompt_thread_worker     cpu= 73 numa=1  d_rm=    3133  d_instr=1418870946  d_cyc= 372538154  d_all= 9134607  IPC=3.809  ratio_rm=0.0003
[OMPT][WIN100ms] ompt_id=1125899906842625 tid=72610  tipo=ompt_thread_worker     cpu= 46 numa=0  d_rm=    3400  d_instr=1413612098  d_cyc= 373277065  d_all= 9115378  IPC=3.787  ratio_rm=0.0004
[OMPT][WIN100ms] ompt_id=1407374883553281 tid=72611  tipo=ompt_thread_worker     cpu=214 numa=1  d_rm=    3565  d_instr=1404367672  d_cyc= 371738575  d_all= 9008854  IPC=3.778  ratio_rm=0.0004
[OMPT][WIN100ms] ompt_id=1970324836974593 tid=72612  tipo=ompt_thread_worker     cpu=222 numa=1  d_rm=    3672  d_instr=1409127127  d_cyc= 371785120  d_all= 9033093  IPC=3.790  ratio_rm=0.0004
[OMPT][WIN100ms] ompt_id=2251799813685249 tid=72614  tipo=ompt_thread_worker     cpu=231 numa=1  d_rm=    6832  d_instr=1440743942  d_cyc= 373935188  d_all= 9299989  IPC=3.853  ratio_rm=0.0007
[OMPT][WIN100ms] ompt_id=1688849860263937 tid=72613  tipo=ompt_thread_worker     cpu= 24 numa=0  d_rm=    3190  d_instr=1430459576  d_cyc= 373867678  d_all= 9250409  IPC=3.826  ratio_rm=0.0003
[OMPT][WIN100ms] ompt_id=281474976710657 tid=72606  tipo=ompt_thread_initial    cpu=255 numa=1  d_rm=    3158  d_instr=1467065192  d_cyc= 373785399  d_all= 9488470  IPC=3.925  ratio_rm=0.0003
[OMPT][WIN100ms] ompt_id=562949953421313 tid=72608  tipo=ompt_thread_worker     cpu=  1 numa=0  d_rm=    3251  d_instr=1436043685  d_cyc= 374455380  d_all= 9289863  IPC=3.835  ratio_rm=0.0003
[OMPT][WIN100ms] ompt_id=844424930131969 tid=72609  tipo=ompt_thread_worker     cpu= 73 numa=1  d_rm=    3172  d_instr=1463808700  d_cyc= 374151096  d_all= 9467269  IPC=3.912  ratio_rm=0.0003
[OMPT][WIN100ms] ompt_id=1125899906842625 tid=72610  tipo=ompt_thread_worker     cpu= 46 numa=0  d_rm=    3235  d_instr=1454726824  d_cyc= 374267454  d_all= 9409638  IPC=3.887  ratio_rm=0.0003
[OMPT][WIN100ms] ompt_id=1407374883553281 tid=72611  tipo=ompt_thread_worker     cpu=214 numa=1  d_rm=    3314  d_instr=1434929916  d_cyc= 374072376  d_all= 9282637  IPC=3.836  ratio_rm=0.0004
[OMPT][WIN100ms] ompt_id=1970324836974593 tid=72612  tipo=ompt_thread_worker     cpu=222 numa=1  d_rm=    3635  d_instr=1461787456  d_cyc= 374189186  d_all= 9454567  IPC=3.907  ratio_rm=0.0004
[OMPT][WIN100ms] ompt_id=2251799813685249 tid=72614  tipo=ompt_thread_worker     cpu=231 numa=1  d_rm=    3201  d_instr=1439170705  d_cyc= 374192768  d_all= 9323803  IPC=3.846  ratio_rm=0.0003
[OMPT][WIN100ms] ompt_id=1688849860263937 tid=72613  tipo=ompt_thread_worker     cpu= 24 numa=0  d_rm=    3272  d_instr=1437433018  d_cyc= 374268022  d_all= 9298744  IPC=3.841  ratio_rm=0.0004
[OMPT] implicit_task_end: parallel_id=0 thread_num=0
[OMPT] parallel_end: parallel_id=281474976710925
[OMPT] parallel_begin: parallel_id=281474976710927 team_size=8
[OMPT] implicit_task_end: parallel_id=0 thread_num=4
[OMPT] implicit_task_end: parallel_id=0 thread_num=7
[OMPT] implicit_task_end: parallel_id=0 thread_num=3
[OMPT] implicit_task_end: parallel_id=0 thread_num=2
[OMPT] implicit_task_begin: parallel_id=281474976710927 thread_num=3 team_size=8
[OMPT] implicit_task_end: parallel_id=0 thread_num=6
[OMPT] implicit_task_begin: parallel_id=281474976710927 thread_num=2 team_size=8
[OMPT] implicit_task_begin: parallel_id=281474976710927 thread_num=6 team_size=8
[OMPT] implicit_task_end: parallel_id=0 thread_num=5
[OMPT] implicit_task_end: parallel_id=0 thread_num=1
[OMPT] implicit_task_begin: parallel_id=281474976710927 thread_num=5 team_size=8
[OMPT] implicit_task_begin: parallel_id=281474976710927 thread_num=0 team_size=8
[OMPT] implicit_task_begin: parallel_id=281474976710927 thread_num=4 team_size=8
[OMPT] implicit_task_begin: parallel_id=281474976710927 thread_num=7 team_size=8
[OMPT] implicit_task_begin: parallel_id=281474976710927 thread_num=1 team_size=8
[OMPT][WIN100ms] ompt_id=281474976710657 tid=72606  tipo=ompt_thread_initial    cpu=255 numa=1  d_rm=    4539  d_instr=1413874422  d_cyc= 371815751  d_all= 9095933  IPC=3.803  ratio_rm=0.0005
[OMPT][WIN100ms] ompt_id=562949953421313 tid=72608  tipo=ompt_thread_worker     cpu=  1 numa=0  d_rm=    3167  d_instr=1430407237  d_cyc= 373199183  d_all= 9247097  IPC=3.833  ratio_rm=0.0003
[OMPT][WIN100ms] ompt_id=844424930131969 tid=72609  tipo=ompt_thread_worker     cpu= 73 numa=1  d_rm=    3490  d_instr=1413274939  d_cyc= 372424795  d_all= 9082583  IPC=3.795  ratio_rm=0.0004
[OMPT][WIN100ms] ompt_id=1125899906842625 tid=72610  tipo=ompt_thread_worker     cpu= 46 numa=0  d_rm=    3407  d_instr=1425420573  d_cyc= 373410588  d_all= 9202244  IPC=3.817  ratio_rm=0.0004
[OMPT][WIN100ms] ompt_id=1407374883553281 tid=72611  tipo=ompt_thread_worker     cpu=214 numa=1  d_rm=    3644  d_instr=1427956011  d_cyc= 373470101  d_all= 9245628  IPC=3.823  ratio_rm=0.0004
[OMPT][WIN100ms] ompt_id=1970324836974593 tid=72612  tipo=ompt_thread_worker     cpu=222 numa=1  d_rm=    3961  d_instr=1415851786  d_cyc= 372374522  d_all= 9097529  IPC=3.802  ratio_rm=0.0004
[OMPT][WIN100ms] ompt_id=2251799813685249 tid=72614  tipo=ompt_thread_worker     cpu=231 numa=1  d_rm=    6744  d_instr=1431257195  d_cyc= 373077397  d_all= 9231677  IPC=3.836  ratio_rm=0.0007
[OMPT][WIN100ms] ompt_id=1688849860263937 tid=72613  tipo=ompt_thread_worker     cpu= 24 numa=0  d_rm=    3201  d_instr=1435303894  d_cyc= 373516112  d_all= 9271467  IPC=3.843  ratio_rm=0.0003
[OMPT][WIN100ms] ompt_id=281474976710657 tid=72606  tipo=ompt_thread_initial    cpu=255 numa=1  d_rm=    3217  d_instr=1467141271  d_cyc= 373962711  d_all= 9489331  IPC=3.923  ratio_rm=0.0003
[OMPT][WIN100ms] ompt_id=562949953421313 tid=72608  tipo=ompt_thread_worker     cpu=  1 numa=0  d_rm=    2958  d_instr=1445055248  d_cyc= 374360885  d_all= 9347427  IPC=3.860  ratio_rm=0.0003
[OMPT][WIN100ms] ompt_id=844424930131969 tid=72609  tipo=ompt_thread_worker     cpu= 73 numa=1  d_rm=    3202  d_instr=1467575663  d_cyc= 374212106  d_all= 9492041  IPC=3.922  ratio_rm=0.0003
[OMPT][WIN100ms] ompt_id=1125899906842625 tid=72610  tipo=ompt_thread_worker     cpu= 46 numa=0  d_rm=    3376  d_instr=1459171921  d_cyc= 374251663  d_all= 9437964  IPC=3.899  ratio_rm=0.0004
[OMPT][WIN100ms] ompt_id=1407374883553281 tid=72611  tipo=ompt_thread_worker     cpu=214 numa=1  d_rm=    3208  d_instr=1424694284  d_cyc= 374110597  d_all= 9217062  IPC=3.808  ratio_rm=0.0003
[OMPT][WIN100ms] ompt_id=1970324836974593 tid=72612  tipo=ompt_thread_worker     cpu=222 numa=1  d_rm=    3648  d_instr=1464172233  d_cyc= 374265883  d_all= 9487010  IPC=3.912  ratio_rm=0.0004
[OMPT][WIN100ms] ompt_id=2251799813685249 tid=72614  tipo=ompt_thread_worker     cpu=231 numa=1  d_rm=    3334  d_instr=1441603201  d_cyc= 374257032  d_all= 9344894  IPC=3.852  ratio_rm=0.0004
[OMPT][WIN100ms] ompt_id=1688849860263937 tid=72613  tipo=ompt_thread_worker     cpu= 24 numa=0  d_rm=    3113  d_instr=1457357557  d_cyc= 374357046  d_all= 9441976  IPC=3.893  ratio_rm=0.0003
[OMPT] implicit_task_end: parallel_id=0 thread_num=0
[OMPT] parallel_end: parallel_id=281474976710927
[OMPT] parallel_begin: parallel_id=281474976710929 team_size=8
[OMPT] implicit_task_end: parallel_id=0 thread_num=4
[OMPT] implicit_task_end: parallel_id=0 thread_num=5
[OMPT] implicit_task_end: parallel_id=0 thread_num=3
[OMPT] implicit_task_begin: parallel_id=281474976710929 thread_num=4 team_size=8
[OMPT] implicit_task_end: parallel_id=0 thread_num=2
[OMPT] implicit_task_begin: parallel_id=281474976710929 thread_num=3 team_size=8
[OMPT] implicit_task_end: parallel_id=0 thread_num=6
[OMPT] implicit_task_begin: parallel_id=281474976710929 thread_num=2 team_size=8
[OMPT] implicit_task_begin: parallel_id=281474976710929 thread_num=6 team_size=8
[OMPT] implicit_task_end: parallel_id=0 thread_num=7
[OMPT] implicit_task_end: parallel_id=0 thread_num=1
[OMPT] implicit_task_begin: parallel_id=281474976710929 thread_num=7 team_size=8
[OMPT] implicit_task_begin: parallel_id=281474976710929 thread_num=0 team_size=8
[OMPT] implicit_task_begin: parallel_id=281474976710929 thread_num=5 team_size=8
[OMPT] implicit_task_begin: parallel_id=281474976710929 thread_num=1 team_size=8
[OMPT][WIN100ms] ompt_id=281474976710657 tid=72606  tipo=ompt_thread_initial    cpu=255 numa=1  d_rm=    4478  d_instr=1389472184  d_cyc= 371961837  d_all= 8931941  IPC=3.736  ratio_rm=0.0005
[OMPT][WIN100ms] ompt_id=562949953421313 tid=72608  tipo=ompt_thread_worker     cpu=  1 numa=0  d_rm=    3234  d_instr=1422862311  d_cyc= 372802231  d_all= 9180759  IPC=3.817  ratio_rm=0.0004
[OMPT][WIN100ms] ompt_id=844424930131969 tid=72609  tipo=ompt_thread_worker     cpu= 73 numa=1  d_rm=    3172  d_instr=1390527615  d_cyc= 372144107  d_all= 8920628  IPC=3.737  ratio_rm=0.0004
[OMPT][WIN100ms] ompt_id=1125899906842625 tid=72610  tipo=ompt_thread_worker     cpu= 46 numa=0  d_rm=    3618  d_instr=1405798936  d_cyc= 372548944  d_all= 9030851  IPC=3.773  ratio_rm=0.0004
[OMPT][WIN100ms] ompt_id=1407374883553281 tid=72611  tipo=ompt_thread_worker     cpu=214 numa=1  d_rm=    3386  d_instr=1422117241  d_cyc= 374070450  d_all= 9213070  IPC=3.802  ratio_rm=0.0004
[OMPT][WIN100ms] ompt_id=1970324836974593 tid=72612  tipo=ompt_thread_worker     cpu=222 numa=1  d_rm=    3415  d_instr=1395589462  d_cyc= 371631905  d_all= 8944364  IPC=3.755  ratio_rm=0.0004
[OMPT][WIN100ms] ompt_id=2251799813685249 tid=72614  tipo=ompt_thread_worker     cpu=231 numa=1  d_rm=    6524  d_instr=1405721901  d_cyc= 373029752  d_all= 9058261  IPC=3.768  ratio_rm=0.0007
[OMPT][WIN100ms] ompt_id=1688849860263937 tid=72613  tipo=ompt_thread_worker     cpu= 24 numa=0  d_rm=    3241  d_instr=1385256018  d_cyc= 372695012  d_all= 8904294  IPC=3.717  ratio_rm=0.0004
[OMPT][WIN100ms] ompt_id=281474976710657 tid=72606  tipo=ompt_thread_initial    cpu=255 numa=1  d_rm=    3140  d_instr=1459237522  d_cyc= 374118322  d_all= 9438094  IPC=3.900  ratio_rm=0.0003
[OMPT][WIN100ms] ompt_id=562949953421313 tid=72608  tipo=ompt_thread_worker     cpu=  1 numa=0  d_rm=    3006  d_instr=1442027572  d_cyc= 374313952  d_all= 9328462  IPC=3.852  ratio_rm=0.0003
[OMPT][WIN100ms] ompt_id=844424930131969 tid=72609  tipo=ompt_thread_worker     cpu= 73 numa=1  d_rm=    3199  d_instr=1460578983  d_cyc= 374192047  d_all= 9453198  IPC=3.903  ratio_rm=0.0003
[OMPT][WIN100ms] ompt_id=1125899906842625 tid=72610  tipo=ompt_thread_worker     cpu= 46 numa=0  d_rm=    3470  d_instr=1446249599  d_cyc= 374272108  d_all= 9370407  IPC=3.864  ratio_rm=0.0004
[OMPT][WIN100ms] ompt_id=1407374883553281 tid=72611  tipo=ompt_thread_worker     cpu=214 numa=1  d_rm=    2922  d_instr=1441711739  d_cyc= 374139538  d_all= 9341306  IPC=3.853  ratio_rm=0.0003
[OMPT][WIN100ms] ompt_id=1970324836974593 tid=72612  tipo=ompt_thread_worker     cpu=222 numa=1  d_rm=    3428  d_instr=1464934301  d_cyc= 373879887  d_all= 9496853  IPC=3.918  ratio_rm=0.0004
[OMPT][WIN100ms] ompt_id=2251799813685249 tid=72614  tipo=ompt_thread_worker     cpu=231 numa=1  d_rm=    3403  d_instr=1388187075  d_cyc= 374283983  d_all= 8994360  IPC=3.709  ratio_rm=0.0004
[OMPT][WIN100ms] ompt_id=1688849860263937 tid=72613  tipo=ompt_thread_worker     cpu= 24 numa=0  d_rm=    3261  d_instr=1453365091  d_cyc= 374236375  d_all= 9426023  IPC=3.884  ratio_rm=0.0003
[OMPT] implicit_task_end: parallel_id=0 thread_num=0
[OMPT] parallel_end: parallel_id=281474976710929
[OMPT] parallel_begin: parallel_id=281474976710931 team_size=8
[OMPT] implicit_task_end: parallel_id=0 thread_num=4
[OMPT] implicit_task_end: parallel_id=0 thread_num=7
[OMPT] implicit_task_begin: parallel_id=281474976710931 thread_num=0 team_size=8
[OMPT] implicit_task_end: parallel_id=0 thread_num=1
[OMPT] implicit_task_begin: parallel_id=281474976710931 thread_num=4 team_size=8
[OMPT] implicit_task_end: parallel_id=0 thread_num=6
[OMPT] implicit_task_begin: parallel_id=281474976710931 thread_num=7 team_size=8
[OMPT] implicit_task_end: parallel_id=0 thread_num=3
[OMPT] implicit_task_end: parallel_id=0 thread_num=2
[OMPT] implicit_task_begin: parallel_id=281474976710931 thread_num=1 team_size=8
[OMPT] implicit_task_begin: parallel_id=281474976710931 thread_num=6 team_size=8
[OMPT] implicit_task_begin: parallel_id=281474976710931 thread_num=2 team_size=8
[OMPT] implicit_task_begin: parallel_id=281474976710931 thread_num=3 team_size=8
[OMPT] implicit_task_end: parallel_id=0 thread_num=5
[OMPT] implicit_task_begin: parallel_id=281474976710931 thread_num=5 team_size=8
[OMPT][WIN100ms] ompt_id=281474976710657 tid=72606  tipo=ompt_thread_initial    cpu=255 numa=1  d_rm=    4310  d_instr=1378649901  d_cyc= 371922078  d_all= 8831193  IPC=3.707  ratio_rm=0.0005
[OMPT][WIN100ms] ompt_id=562949953421313 tid=72608  tipo=ompt_thread_worker     cpu=  1 numa=0  d_rm=    3092  d_instr=1390138087  d_cyc= 372367037  d_all= 8934522  IPC=3.733  ratio_rm=0.0003
[OMPT][WIN100ms] ompt_id=844424930131969 tid=72609  tipo=ompt_thread_worker     cpu= 73 numa=1  d_rm=    3342  d_instr=1383368866  d_cyc= 371347016  d_all= 8848569  IPC=3.725  ratio_rm=0.0004
[OMPT][WIN100ms] ompt_id=1125899906842625 tid=72610  tipo=ompt_thread_worker     cpu= 46 numa=0  d_rm=    3451  d_instr=1393014365  d_cyc= 371237196  d_all= 8926613  IPC=3.752  ratio_rm=0.0004
[OMPT][WIN100ms] ompt_id=1407374883553281 tid=72611  tipo=ompt_thread_worker     cpu=214 numa=1  d_rm=    3293  d_instr=1383663509  d_cyc= 372364116  d_all= 8882713  IPC=3.716  ratio_rm=0.0004
[OMPT][WIN100ms] ompt_id=1970324836974593 tid=72612  tipo=ompt_thread_worker     cpu=222 numa=1  d_rm=    3543  d_instr=1377834963  d_cyc= 370770110  d_all= 8794531  IPC=3.716  ratio_rm=0.0004
[OMPT][WIN100ms] ompt_id=2251799813685249 tid=72614  tipo=ompt_thread_worker     cpu=231 numa=1  d_rm=    6776  d_instr=1427934923  d_cyc= 374101504  d_all= 9248439  IPC=3.817  ratio_rm=0.0007
[OMPT][WIN100ms] ompt_id=1688849860263937 tid=72613  tipo=ompt_thread_worker     cpu= 24 numa=0  d_rm=    3527  d_instr=1380073612  d_cyc= 372021746  d_all= 8843571  IPC=3.710  ratio_rm=0.0004
[OMPT][WIN100ms] ompt_id=281474976710657 tid=72606  tipo=ompt_thread_initial    cpu=255 numa=1  d_rm=    3020  d_instr=1461955475  d_cyc= 374143501  d_all= 9455761  IPC=3.907  ratio_rm=0.0003
[OMPT][WIN100ms] ompt_id=562949953421313 tid=72608  tipo=ompt_thread_worker     cpu=  1 numa=0  d_rm=    2850  d_instr=1433260244  d_cyc= 374415077  d_all= 9285902  IPC=3.828  ratio_rm=0.0003
[OMPT][WIN100ms] ompt_id=844424930131969 tid=72609  tipo=ompt_thread_worker     cpu= 73 numa=1  d_rm=    3011  d_instr=1448405135  d_cyc= 374294500  d_all= 9391512  IPC=3.870  ratio_rm=0.0003
[OMPT][WIN100ms] ompt_id=1125899906842625 tid=72610  tipo=ompt_thread_worker     cpu= 46 numa=0  d_rm=    3448  d_instr=1465939636  d_cyc= 374027337  d_all= 9502648  IPC=3.919  ratio_rm=0.0004
[OMPT][WIN100ms] ompt_id=1407374883553281 tid=72611  tipo=ompt_thread_worker     cpu=214 numa=1  d_rm=    3056  d_instr=1353565600  d_cyc= 374303372  d_all= 8767764  IPC=3.616  ratio_rm=0.0003
[OMPT][WIN100ms] ompt_id=1970324836974593 tid=72612  tipo=ompt_thread_worker     cpu=222 numa=1  d_rm=    3645  d_instr=1464135687  d_cyc= 374507575  d_all= 9494684  IPC=3.909  ratio_rm=0.0004
[OMPT][WIN100ms] ompt_id=2251799813685249 tid=72614  tipo=ompt_thread_worker     cpu=231 numa=1  d_rm=    3327  d_instr=1432156857  d_cyc= 374468530  d_all= 9275269  IPC=3.825  ratio_rm=0.0004
[OMPT][WIN100ms] ompt_id=1688849860263937 tid=72613  tipo=ompt_thread_worker     cpu= 24 numa=0  d_rm=    3012  d_instr=1369708595  d_cyc= 374591888  d_all= 8873495  IPC=3.657  ratio_rm=0.0003
[OMPT] implicit_task_end: parallel_id=0 thread_num=0
[OMPT] parallel_end: parallel_id=281474976710931
[OMPT] parallel_begin: parallel_id=281474976710933 team_size=8
[OMPT] implicit_task_end: parallel_id=0 thread_num=4
[OMPT] implicit_task_end: parallel_id=0 thread_num=7
[OMPT] implicit_task_begin: parallel_id=281474976710933 thread_num=0 team_size=8
[OMPT] implicit_task_end: parallel_id=0 thread_num=1
[OMPT] implicit_task_end: parallel_id=0 thread_num=5
[OMPT] implicit_task_begin: parallel_id=281474976710933 thread_num=1 team_size=8
[OMPT] implicit_task_end: parallel_id=0 thread_num=6
[OMPT] implicit_task_begin: parallel_id=281474976710933 thread_num=5 team_size=8
[OMPT] implicit_task_begin: parallel_id=281474976710933 thread_num=6 team_size=8
[OMPT] implicit_task_end: parallel_id=0 thread_num=2
[OMPT] implicit_task_begin: parallel_id=281474976710933 thread_num=4 team_size=8
[OMPT] implicit_task_begin: parallel_id=281474976710933 thread_num=2 team_size=8
[OMPT] implicit_task_begin: parallel_id=281474976710933 thread_num=7 team_size=8
[OMPT] implicit_task_end: parallel_id=0 thread_num=3
[OMPT] implicit_task_begin: parallel_id=281474976710933 thread_num=3 team_size=8
[OMPT][WIN100ms] ompt_id=281474976710657 tid=72606  tipo=ompt_thread_initial    cpu=255 numa=1  d_rm=    4341  d_instr=1342609212  d_cyc= 370836525  d_all= 8533180  IPC=3.620  ratio_rm=0.0005
[OMPT][WIN100ms] ompt_id=562949953421313 tid=72608  tipo=ompt_thread_worker     cpu=  1 numa=0  d_rm=    3130  d_instr=1372033109  d_cyc= 371144918  d_all= 8743056  IPC=3.697  ratio_rm=0.0004
[OMPT][WIN100ms] ompt_id=844424930131969 tid=72609  tipo=ompt_thread_worker     cpu= 73 numa=1  d_rm=    3170  d_instr=1349907970  d_cyc= 370372389  d_all= 8573228  IPC=3.645  ratio_rm=0.0004
[OMPT][WIN100ms] ompt_id=1125899906842625 tid=72610  tipo=ompt_thread_worker     cpu= 46 numa=0  d_rm=    3361  d_instr=1330912141  d_cyc= 369436402  d_all= 8422531  IPC=3.603  ratio_rm=0.0004
[OMPT][WIN100ms] ompt_id=1407374883553281 tid=72611  tipo=ompt_thread_worker     cpu=214 numa=1  d_rm=    4438  d_instr=1420619058  d_cyc= 373458189  d_all= 9206425  IPC=3.804  ratio_rm=0.0005
[OMPT][WIN100ms] ompt_id=1970324836974593 tid=72612  tipo=ompt_thread_worker     cpu=222 numa=1  d_rm=    3245  d_instr=1335517660  d_cyc= 370277967  d_all= 8452238  IPC=3.607  ratio_rm=0.0004
[OMPT][WIN100ms] ompt_id=2251799813685249 tid=72614  tipo=ompt_thread_worker     cpu=231 numa=1  d_rm=    6357  d_instr=1375345426  d_cyc= 371228610  d_all= 8778193  IPC=3.705  ratio_rm=0.0007
[OMPT][WIN100ms] ompt_id=1688849860263937 tid=72613  tipo=ompt_thread_worker     cpu= 24 numa=0  d_rm=    3173  d_instr=1421558155  d_cyc= 373099295  d_all= 9167278  IPC=3.810  ratio_rm=0.0003
[OMPT][WIN100ms] ompt_id=281474976710657 tid=72606  tipo=ompt_thread_initial    cpu=255 numa=1  d_rm=    3121  d_instr=1462773875  d_cyc= 374169127  d_all= 9476636  IPC=3.909  ratio_rm=0.0003
[OMPT][WIN100ms] ompt_id=562949953421313 tid=72608  tipo=ompt_thread_worker     cpu=  1 numa=0  d_rm=    3435  d_instr=1465742591  d_cyc= 373958563  d_all= 9498612  IPC=3.920  ratio_rm=0.0004
[OMPT][WIN100ms] ompt_id=844424930131969 tid=72609  tipo=ompt_thread_worker     cpu= 73 numa=1  d_rm=    3051  d_instr=1452841403  d_cyc= 374222850  d_all= 9417700  IPC=3.882  ratio_rm=0.0003
[OMPT][WIN100ms] ompt_id=1125899906842625 tid=72610  tipo=ompt_thread_worker     cpu= 46 numa=0  d_rm=    3594  d_instr=1449737716  d_cyc= 374274610  d_all= 9402427  IPC=3.873  ratio_rm=0.0004
[OMPT][WIN100ms] ompt_id=1407374883553281 tid=72611  tipo=ompt_thread_worker     cpu=214 numa=1  d_rm=    2952  d_instr=1352058500  d_cyc= 374098489  d_all= 8756107  IPC=3.614  ratio_rm=0.0003
[OMPT][WIN100ms] ompt_id=1970324836974593 tid=72612  tipo=ompt_thread_worker     cpu=222 numa=1  d_rm=    3584  d_instr=1463512544  d_cyc= 374311201  d_all= 9486343  IPC=3.910  ratio_rm=0.0004
[OMPT][WIN100ms] ompt_id=2251799813685249 tid=72614  tipo=ompt_thread_worker     cpu=231 numa=1  d_rm=    3425  d_instr=1423611827  d_cyc= 374272319  d_all= 9224253  IPC=3.804  ratio_rm=0.0004
[OMPT][WIN100ms] ompt_id=1688849860263937 tid=72613  tipo=ompt_thread_worker     cpu= 24 numa=0  d_rm=    3244  d_instr=1436159529  d_cyc= 374348093  d_all= 9302065  IPC=3.836  ratio_rm=0.0003
[OMPT] implicit_task_end: parallel_id=0 thread_num=0
[OMPT] parallel_end: parallel_id=281474976710933
[OMPT] parallel_begin: parallel_id=281474976710935 team_size=8
[OMPT] implicit_task_end: parallel_id=0 thread_num=4
[OMPT] implicit_task_end: parallel_id=0 thread_num=6
[OMPT] implicit_task_end: parallel_id=0 thread_num=2
[OMPT] implicit_task_end: parallel_id=0 thread_num=1
[OMPT] implicit_task_begin: parallel_id=281474976710935 thread_num=2 team_size=8
[OMPT] implicit_task_begin: parallel_id=281474976710935 thread_num=1 team_size=8
[OMPT] implicit_task_end: parallel_id=0 thread_num=5
[OMPT] implicit_task_end: parallel_id=0 thread_num=7
[OMPT] implicit_task_end: parallel_id=0 thread_num=3
[OMPT] implicit_task_begin: parallel_id=281474976710935 thread_num=7 team_size=8
[OMPT] implicit_task_begin: parallel_id=281474976710935 thread_num=0 team_size=8
[OMPT] implicit_task_begin: parallel_id=281474976710935 thread_num=3 team_size=8
[OMPT] implicit_task_begin: parallel_id=281474976710935 thread_num=4 team_size=8
[OMPT] implicit_task_begin: parallel_id=281474976710935 thread_num=6 team_size=8
[OMPT] implicit_task_begin: parallel_id=281474976710935 thread_num=5 team_size=8
[OMPT][WIN100ms] ompt_id=281474976710657 tid=72606  tipo=ompt_thread_initial    cpu=255 numa=1  d_rm=    4284  d_instr=1340050739  d_cyc= 369574498  d_all= 8507252  IPC=3.626  ratio_rm=0.0005
[OMPT][WIN100ms] ompt_id=562949953421313 tid=72608  tipo=ompt_thread_worker     cpu=  1 numa=0  d_rm=    2805  d_instr=1326750737  d_cyc= 370169776  d_all= 8402270  IPC=3.584  ratio_rm=0.0003
[OMPT][WIN100ms] ompt_id=844424930131969 tid=72609  tipo=ompt_thread_worker     cpu= 73 numa=1  d_rm=    3103  d_instr=1341573659  d_cyc= 370693879  d_all= 8520638  IPC=3.619  ratio_rm=0.0004
[OMPT][WIN100ms] ompt_id=1125899906842625 tid=72610  tipo=ompt_thread_worker     cpu= 46 numa=0  d_rm=    3052  d_instr=1344774229  d_cyc= 370314356  d_all= 8549297  IPC=3.631  ratio_rm=0.0004
[OMPT][WIN100ms] ompt_id=1407374883553281 tid=72611  tipo=ompt_thread_worker     cpu=214 numa=1  d_rm=    3414  d_instr=1423934493  d_cyc= 373216324  d_all= 9226462  IPC=3.815  ratio_rm=0.0004
[OMPT][WIN100ms] ompt_id=1970324836974593 tid=72612  tipo=ompt_thread_worker     cpu=222 numa=1  d_rm=    3537  d_instr=1327549195  d_cyc= 369875794  d_all= 8420195  IPC=3.589  ratio_rm=0.0004
[OMPT][WIN100ms] ompt_id=2251799813685249 tid=72614  tipo=ompt_thread_worker     cpu=231 numa=1  d_rm=    6365  d_instr=1369814864  d_cyc= 371052925  d_all= 8738352  IPC=3.692  ratio_rm=0.0007
[OMPT][WIN100ms] ompt_id=1688849860263937 tid=72613  tipo=ompt_thread_worker     cpu= 24 numa=0  d_rm=    2978  d_instr=1321427356  d_cyc= 370864154  d_all= 8421039  IPC=3.563  ratio_rm=0.0004
[OMPT][WIN100ms] ompt_id=281474976710657 tid=72606  tipo=ompt_thread_initial    cpu=255 numa=1  d_rm=    3114  d_instr=1440300410  d_cyc= 373099688  d_all= 9304027  IPC=3.860  ratio_rm=0.0003
[OMPT][WIN100ms] ompt_id=562949953421313 tid=72608  tipo=ompt_thread_worker     cpu=  1 numa=0  d_rm=    3057  d_instr=1408003674  d_cyc= 374404615  d_all= 9122959  IPC=3.761  ratio_rm=0.0003
[OMPT][WIN100ms] ompt_id=844424930131969 tid=72609  tipo=ompt_thread_worker     cpu= 73 numa=1  d_rm=    3213  d_instr=1446549046  d_cyc= 373602064  d_all= 9349442  IPC=3.872  ratio_rm=0.0003
[OMPT][WIN100ms] ompt_id=1125899906842625 tid=72610  tipo=ompt_thread_worker     cpu= 46 numa=0  d_rm=    3452  d_instr=1441706465  d_cyc= 374188410  d_all= 9345438  IPC=3.853  ratio_rm=0.0004
[OMPT][WIN100ms] ompt_id=1407374883553281 tid=72611  tipo=ompt_thread_worker     cpu=214 numa=1  d_rm=    3265  d_instr=1445001849  d_cyc= 374123586  d_all= 9364852  IPC=3.862  ratio_rm=0.0003
[OMPT][WIN100ms] ompt_id=1970324836974593 tid=72612  tipo=ompt_thread_worker     cpu=222 numa=1  d_rm=    3745  d_instr=1446018210  d_cyc= 374205246  d_all= 9364876  IPC=3.864  ratio_rm=0.0004
[OMPT][WIN100ms] ompt_id=2251799813685249 tid=72614  tipo=ompt_thread_worker     cpu=231 numa=1  d_rm=    6384  d_instr=1436015262  d_cyc= 374046720  d_all= 9272281  IPC=3.839  ratio_rm=0.0007
[OMPT][WIN100ms] ompt_id=1688849860263937 tid=72613  tipo=ompt_thread_worker     cpu= 24 numa=0  d_rm=    2964  d_instr=1411069195  d_cyc= 374443258  d_all= 9143591  IPC=3.768  ratio_rm=0.0003
[OMPT] implicit_task_end: parallel_id=0 thread_num=0
[OMPT] parallel_end: parallel_id=281474976710935
[OMPT] parallel_begin: parallel_id=281474976710937 team_size=8
[OMPT] implicit_task_end: parallel_id=0 thread_num=4
[OMPT] implicit_task_end: parallel_id=0 thread_num=7
[OMPT] implicit_task_end: parallel_id=0 thread_num=1
[OMPT] implicit_task_begin: parallel_id=281474976710937 thread_num=4 team_size=8
[OMPT] implicit_task_end: parallel_id=0 thread_num=6
[OMPT] implicit_task_begin: parallel_id=281474976710937 thread_num=6 team_size=8
[OMPT] implicit_task_end: parallel_id=0 thread_num=5
[OMPT] implicit_task_end: parallel_id=0 thread_num=3
[OMPT] implicit_task_begin: parallel_id=281474976710937 thread_num=5 team_size=8
[OMPT] implicit_task_begin: parallel_id=281474976710937 thread_num=0 team_size=8
[OMPT] implicit_task_begin: parallel_id=281474976710937 thread_num=3 team_size=8
[OMPT] implicit_task_end: parallel_id=0 thread_num=2
[OMPT] implicit_task_begin: parallel_id=281474976710937 thread_num=7 team_size=8
[OMPT] implicit_task_begin: parallel_id=281474976710937 thread_num=2 team_size=8
[OMPT] implicit_task_begin: parallel_id=281474976710937 thread_num=1 team_size=8
[OMPT][WIN100ms] ompt_id=281474976710657 tid=72606  tipo=ompt_thread_initial    cpu=255 numa=1  d_rm=    4097  d_instr=1388191374  d_cyc= 371683268  d_all= 8899341  IPC=3.735  ratio_rm=0.0005
[OMPT][WIN100ms] ompt_id=562949953421313 tid=72608  tipo=ompt_thread_worker     cpu=  1 numa=0  d_rm=    3196  d_instr=1381719842  d_cyc= 372476410  d_all= 8894612  IPC=3.710  ratio_rm=0.0004
[OMPT][WIN100ms] ompt_id=844424930131969 tid=72609  tipo=ompt_thread_worker     cpu= 73 numa=1  d_rm=    3130  d_instr=1388280317  d_cyc= 371567154  d_all= 8899026  IPC=3.736  ratio_rm=0.0004
[OMPT][WIN100ms] ompt_id=1125899906842625 tid=72610  tipo=ompt_thread_worker     cpu= 46 numa=0  d_rm=    3403  d_instr=1390557589  d_cyc= 371892869  d_all= 8915113  IPC=3.739  ratio_rm=0.0004
[OMPT][WIN100ms] ompt_id=1407374883553281 tid=72611  tipo=ompt_thread_worker     cpu=214 numa=1  d_rm=    3316  d_instr=1395955566  d_cyc= 371971082  d_all= 8952317  IPC=3.753  ratio_rm=0.0004
[OMPT][WIN100ms] ompt_id=1970324836974593 tid=72612  tipo=ompt_thread_worker     cpu=222 numa=1  d_rm=    3531  d_instr=1397727605  d_cyc= 372059973  d_all= 8960601  IPC=3.757  ratio_rm=0.0004
[OMPT][WIN100ms] ompt_id=2251799813685249 tid=72614  tipo=ompt_thread_worker     cpu=231 numa=1  d_rm=    3432  d_instr=1389772439  d_cyc= 371799163  d_all= 8901967  IPC=3.738  ratio_rm=0.0004
[OMPT][WIN100ms] ompt_id=1688849860263937 tid=72613  tipo=ompt_thread_worker     cpu= 24 numa=0  d_rm=    3195  d_instr=1416970337  d_cyc= 374005630  d_all= 9178068  IPC=3.789  ratio_rm=0.0003
[OMPT] implicit_task_end: parallel_id=0 thread_num=0
[OMPT] parallel_end: parallel_id=281474976710937
[OMPT] parallel_begin: parallel_id=281474976710939 team_size=8
[OMPT] implicit_task_end: parallel_id=0 thread_num=4
[OMPT] implicit_task_end: parallel_id=0 thread_num=7
[OMPT] implicit_task_end: parallel_id=0 thread_num=3
[OMPT] implicit_task_begin: parallel_id=281474976710939 thread_num=4 team_size=8
[OMPT] implicit_task_end: parallel_id=0 thread_num=2
[OMPT] implicit_task_begin: parallel_id=281474976710939 thread_num=7 team_size=8
[OMPT] implicit_task_begin: parallel_id=281474976710939 thread_num=3 team_size=8
[OMPT] implicit_task_end: parallel_id=0 thread_num=5
[OMPT] implicit_task_end: parallel_id=0 thread_num=1
[OMPT] implicit_task_begin: parallel_id=281474976710939 thread_num=5 team_size=8
[OMPT] implicit_task_begin: parallel_id=281474976710939 thread_num=0 team_size=8
[OMPT] implicit_task_end: parallel_id=0 thread_num=6
[OMPT] implicit_task_begin: parallel_id=281474976710939 thread_num=1 team_size=8
[OMPT] implicit_task_begin: parallel_id=281474976710939 thread_num=6 team_size=8
[OMPT] implicit_task_begin: parallel_id=281474976710939 thread_num=2 team_size=8
[OMPT][WIN100ms] ompt_id=281474976710657 tid=72606  tipo=ompt_thread_initial    cpu=255 numa=1  d_rm=    4226  d_instr=1388533782  d_cyc= 371666536  d_all= 8906766  IPC=3.736  ratio_rm=0.0005
[OMPT][WIN100ms] ompt_id=562949953421313 tid=72608  tipo=ompt_thread_worker     cpu=  1 numa=0  d_rm=    3164  d_instr=1407717333  d_cyc= 373530347  d_all= 9126790  IPC=3.769  ratio_rm=0.0003
[OMPT][WIN100ms] ompt_id=844424930131969 tid=72609  tipo=ompt_thread_worker     cpu= 73 numa=1  d_rm=    3375  d_instr=1392184595  d_cyc= 371548298  d_all= 8923583  IPC=3.747  ratio_rm=0.0004
[OMPT][WIN100ms] ompt_id=1125899906842625 tid=72610  tipo=ompt_thread_worker     cpu= 46 numa=0  d_rm=    3283  d_instr=1390605825  d_cyc= 372107600  d_all= 8916559  IPC=3.737  ratio_rm=0.0004
[OMPT][WIN100ms] ompt_id=1407374883553281 tid=72611  tipo=ompt_thread_worker     cpu=214 numa=1  d_rm=    3306  d_instr=1390427034  d_cyc= 371819390  d_all= 8907064  IPC=3.740  ratio_rm=0.0004
[OMPT][WIN100ms] ompt_id=1970324836974593 tid=72612  tipo=ompt_thread_worker     cpu=222 numa=1  d_rm=    3658  d_instr=1383242329  d_cyc= 371821165  d_all= 8856932  IPC=3.720  ratio_rm=0.0004
[OMPT][WIN100ms] ompt_id=2251799813685249 tid=72614  tipo=ompt_thread_worker     cpu=231 numa=1  d_rm=    6496  d_instr=1391563749  d_cyc= 372519733  d_all= 8921429  IPC=3.736  ratio_rm=0.0007
[OMPT][WIN100ms] ompt_id=1688849860263937 tid=72613  tipo=ompt_thread_worker     cpu= 24 numa=0  d_rm=    3721  d_instr=1404306406  d_cyc= 373664398  d_all= 9092062  IPC=3.758  ratio_rm=0.0004
[OMPT][WIN100ms] ompt_id=281474976710657 tid=72606  tipo=ompt_thread_initial    cpu=255 numa=1  d_rm=    3200  d_instr=1420980318  d_cyc= 374226640  d_all= 9207232  IPC=3.797  ratio_rm=0.0003
[OMPT][WIN100ms] ompt_id=562949953421313 tid=72608  tipo=ompt_thread_worker     cpu=  1 numa=0  d_rm=    3218  d_instr=1435333082  d_cyc= 374493781  d_all= 9300493  IPC=3.833  ratio_rm=0.0003
[OMPT][WIN100ms] ompt_id=844424930131969 tid=72609  tipo=ompt_thread_worker     cpu= 73 numa=1  d_rm=    3119  d_instr=1457707637  d_cyc= 374251469  d_all= 9450233  IPC=3.895  ratio_rm=0.0003
[OMPT][WIN100ms] ompt_id=1125899906842625 tid=72610  tipo=ompt_thread_worker     cpu= 46 numa=0  d_rm=    3263  d_instr=1451212043  d_cyc= 374287360  d_all= 9402929  IPC=3.877  ratio_rm=0.0003
[OMPT][WIN100ms] ompt_id=1407374883553281 tid=72611  tipo=ompt_thread_worker     cpu=214 numa=1  d_rm=    3070  d_instr=1457882543  d_cyc= 373684303  d_all= 9447470  IPC=3.901  ratio_rm=0.0003
[OMPT][WIN100ms] ompt_id=1970324836974593 tid=72612  tipo=ompt_thread_worker     cpu=222 numa=1  d_rm=    3664  d_instr=1442624947  d_cyc= 374218664  d_all= 9341844  IPC=3.855  ratio_rm=0.0004
[OMPT][WIN100ms] ompt_id=2251799813685249 tid=72614  tipo=ompt_thread_worker     cpu=231 numa=1  d_rm=    3198  d_instr=1447829627  d_cyc= 374191421  d_all= 9365217  IPC=3.869  ratio_rm=0.0003
[OMPT][WIN100ms] ompt_id=1688849860263937 tid=72613  tipo=ompt_thread_worker     cpu= 24 numa=0  d_rm=    3347  d_instr=1452655277  d_cyc= 374352557  d_all= 9396177  IPC=3.880  ratio_rm=0.0004
[OMPT] implicit_task_end: parallel_id=0 thread_num=0
[OMPT] parallel_end: parallel_id=281474976710939
[OMPT] parallel_begin: parallel_id=281474976710941 team_size=8
[OMPT] implicit_task_end: parallel_id=0 thread_num=4
[OMPT] implicit_task_end: parallel_id=0 thread_num=7
[OMPT] implicit_task_end: parallel_id=0 thread_num=2
[OMPT] implicit_task_begin: parallel_id=281474976710941 thread_num=4 team_size=8
[OMPT] implicit_task_end: parallel_id=0 thread_num=1
[OMPT] implicit_task_begin: parallel_id=281474976710941 thread_num=2 team_size=8
[OMPT] implicit_task_end: parallel_id=0 thread_num=6
[OMPT] implicit_task_end: parallel_id=0 thread_num=5
[OMPT] implicit_task_begin: parallel_id=281474976710941 thread_num=7 team_size=8
[OMPT] implicit_task_begin: parallel_id=281474976710941 thread_num=0 team_size=8
[OMPT] implicit_task_begin: parallel_id=281474976710941 thread_num=1 team_size=8
[OMPT] implicit_task_end: parallel_id=0 thread_num=3
[OMPT] implicit_task_begin: parallel_id=281474976710941 thread_num=5 team_size=8
[OMPT] implicit_task_begin: parallel_id=281474976710941 thread_num=6 team_size=8
[OMPT] implicit_task_begin: parallel_id=281474976710941 thread_num=3 team_size=8
[OMPT][WIN100ms] ompt_id=281474976710657 tid=72606  tipo=ompt_thread_initial    cpu=255 numa=1  d_rm=    4725  d_instr=1458649717  d_cyc= 373607213  d_all= 9453537  IPC=3.904  ratio_rm=0.0005
[OMPT][WIN100ms] ompt_id=562949953421313 tid=72608  tipo=ompt_thread_worker     cpu=  1 numa=0  d_rm=    3364  d_instr=1444512950  d_cyc= 373651209  d_all= 9360264  IPC=3.866  ratio_rm=0.0004
[OMPT][WIN100ms] ompt_id=844424930131969 tid=72609  tipo=ompt_thread_worker     cpu= 73 numa=1  d_rm=    3594  d_instr=1432228477  d_cyc= 373064167  d_all= 9239662  IPC=3.839  ratio_rm=0.0004
[OMPT][WIN100ms] ompt_id=1125899906842625 tid=72610  tipo=ompt_thread_worker     cpu= 46 numa=0  d_rm=    3470  d_instr=1432169240  d_cyc= 373025242  d_all= 9256599  IPC=3.839  ratio_rm=0.0004
[OMPT][WIN100ms] ompt_id=1407374883553281 tid=72611  tipo=ompt_thread_worker     cpu=214 numa=1  d_rm=    3590  d_instr=1431920187  d_cyc= 372735838  d_all= 9226853  IPC=3.842  ratio_rm=0.0004
[OMPT][WIN100ms] ompt_id=1970324836974593 tid=72612  tipo=ompt_thread_worker     cpu=222 numa=1  d_rm=    3767  d_instr=1441225340  d_cyc= 373510554  d_all= 9317201  IPC=3.859  ratio_rm=0.0004
[OMPT][WIN100ms] ompt_id=2251799813685249 tid=72614  tipo=ompt_thread_worker     cpu=231 numa=1  d_rm=    7088  d_instr=1437034723  d_cyc= 373530836  d_all= 9266221  IPC=3.847  ratio_rm=0.0008
[OMPT][WIN100ms] ompt_id=1688849860263937 tid=72613  tipo=ompt_thread_worker     cpu= 24 numa=0  d_rm=    3253  d_instr=1428411343  d_cyc= 373834521  d_all= 9244601  IPC=3.821  ratio_rm=0.0004
[OMPT][WIN100ms] ompt_id=281474976710657 tid=72606  tipo=ompt_thread_initial    cpu=255 numa=1  d_rm=    3552  d_instr=1456001055  d_cyc= 374116211  d_all= 9438466  IPC=3.892  ratio_rm=0.0004
[OMPT][WIN100ms] ompt_id=562949953421313 tid=72608  tipo=ompt_thread_worker     cpu=  1 numa=0  d_rm=    2884  d_instr=1404732446  d_cyc= 374535100  d_all= 9096140  IPC=3.751  ratio_rm=0.0003
[OMPT][WIN100ms] ompt_id=844424930131969 tid=72609  tipo=ompt_thread_worker     cpu= 73 numa=1  d_rm=    3166  d_instr=1458348486  d_cyc= 374306946  d_all= 9446662  IPC=3.896  ratio_rm=0.0003
[OMPT][WIN100ms] ompt_id=1125899906842625 tid=72610  tipo=ompt_thread_worker     cpu= 46 numa=0  d_rm=    3528  d_instr=1444523876  d_cyc= 374204076  d_all= 9344012  IPC=3.860  ratio_rm=0.0004
[OMPT][WIN100ms] ompt_id=1407374883553281 tid=72611  tipo=ompt_thread_worker     cpu=214 numa=1  d_rm=    3411  d_instr=1466573010  d_cyc= 373679020  d_all= 9485639  IPC=3.925  ratio_rm=0.0004
[OMPT][WIN100ms] ompt_id=1970324836974593 tid=72612  tipo=ompt_thread_worker     cpu=222 numa=1  d_rm=    3521  d_instr=1441330708  d_cyc= 374172309  d_all= 9323887  IPC=3.852  ratio_rm=0.0004
[OMPT][WIN100ms] ompt_id=2251799813685249 tid=72614  tipo=ompt_thread_worker     cpu=231 numa=1  d_rm=    3191  d_instr=1438718411  d_cyc= 374237982  d_all= 9307235  IPC=3.844  ratio_rm=0.0003
[OMPT][WIN100ms] ompt_id=1688849860263937 tid=72613  tipo=ompt_thread_worker     cpu= 24 numa=0  d_rm=    3328  d_instr=1416464259  d_cyc= 374409005  d_all= 9163998  IPC=3.783  ratio_rm=0.0004
[OMPT] implicit_task_end: parallel_id=0 thread_num=0
[OMPT] parallel_end: parallel_id=281474976710941
[OMPT] parallel_begin: parallel_id=281474976710943 team_size=8
[OMPT] implicit_task_end: parallel_id=0 thread_num=2
[OMPT] implicit_task_end: parallel_id=0 thread_num=3
[OMPT] implicit_task_end: parallel_id=0 thread_num=1
[OMPT] implicit_task_begin: parallel_id=281474976710943 thread_num=3 team_size=8
[OMPT] implicit_task_end: parallel_id=0 thread_num=4
[OMPT] implicit_task_end: parallel_id=0 thread_num=7
[OMPT] implicit_task_begin: parallel_id=281474976710943 thread_num=2 team_size=8
[OMPT] implicit_task_begin: parallel_id=281474976710943 thread_num=1 team_size=8
[OMPT] implicit_task_end: parallel_id=0 thread_num=5
[OMPT] implicit_task_end: parallel_id=0 thread_num=6
[OMPT] implicit_task_begin: parallel_id=281474976710943 thread_num=5 team_size=8
[OMPT] implicit_task_begin: parallel_id=281474976710943 thread_num=0 team_size=8
[OMPT] implicit_task_begin: parallel_id=281474976710943 thread_num=6 team_size=8
[OMPT] implicit_task_begin: parallel_id=281474976710943 thread_num=4 team_size=8
[OMPT] implicit_task_begin: parallel_id=281474976710943 thread_num=7 team_size=8
[OMPT][WIN100ms] ompt_id=281474976710657 tid=72606  tipo=ompt_thread_initial    cpu=255 numa=1  d_rm=    4571  d_instr=1406057156  d_cyc= 372256891  d_all= 9050417  IPC=3.777  ratio_rm=0.0005
[OMPT][WIN100ms] ompt_id=562949953421313 tid=72608  tipo=ompt_thread_worker     cpu=  1 numa=0  d_rm=    3120  d_instr=1449681085  d_cyc= 373621186  d_all= 9396406  IPC=3.880  ratio_rm=0.0003
[OMPT][WIN100ms] ompt_id=844424930131969 tid=72609  tipo=ompt_thread_worker     cpu= 73 numa=1  d_rm=    3365  d_instr=1407856231  d_cyc= 372339455  d_all= 9044244  IPC=3.781  ratio_rm=0.0004
[OMPT][WIN100ms] ompt_id=1125899906842625 tid=72610  tipo=ompt_thread_worker     cpu= 46 numa=0  d_rm=    3367  d_instr=1420204523  d_cyc= 373148154  d_all= 9153989  IPC=3.806  ratio_rm=0.0004
[OMPT][WIN100ms] ompt_id=1407374883553281 tid=72611  tipo=ompt_thread_worker     cpu=214 numa=1  d_rm=    3462  d_instr=1400879335  d_cyc= 371472962  d_all= 8994990  IPC=3.771  ratio_rm=0.0004
[OMPT][WIN100ms] ompt_id=1970324836974593 tid=72612  tipo=ompt_thread_worker     cpu=222 numa=1  d_rm=    3638  d_instr=1425640087  d_cyc= 373232101  d_all= 9194466  IPC=3.820  ratio_rm=0.0004
[OMPT][WIN100ms] ompt_id=2251799813685249 tid=72614  tipo=ompt_thread_worker     cpu=231 numa=1  d_rm=    6617  d_instr=1420589682  d_cyc= 373371093  d_all= 9164471  IPC=3.805  ratio_rm=0.0007
[OMPT][WIN100ms] ompt_id=1688849860263937 tid=72613  tipo=ompt_thread_worker     cpu= 24 numa=0  d_rm=    3278  d_instr=1437924392  d_cyc= 373840554  d_all= 9305483  IPC=3.846  ratio_rm=0.0004
[OMPT][WIN100ms] ompt_id=281474976710657 tid=72606  tipo=ompt_thread_initial    cpu=255 numa=1  d_rm=    3385  d_instr=1447375085  d_cyc= 374179040  d_all= 9376409  IPC=3.868  ratio_rm=0.0004
[OMPT][WIN100ms] ompt_id=562949953421313 tid=72608  tipo=ompt_thread_worker     cpu=  1 numa=0  d_rm=    3116  d_instr=1433760225  d_cyc= 374393035  d_all= 9275335  IPC=3.830  ratio_rm=0.0003
[OMPT][WIN100ms] ompt_id=844424930131969 tid=72609  tipo=ompt_thread_worker     cpu= 73 numa=1  d_rm=    3156  d_instr=1461181476  d_cyc= 374238382  d_all= 9450773  IPC=3.904  ratio_rm=0.0003
[OMPT][WIN100ms] ompt_id=1125899906842625 tid=72610  tipo=ompt_thread_worker     cpu= 46 numa=0  d_rm=    3590  d_instr=1455395007  d_cyc= 374351031  d_all= 9413829  IPC=3.888  ratio_rm=0.0004
[OMPT][WIN100ms] ompt_id=1407374883553281 tid=72611  tipo=ompt_thread_worker     cpu=214 numa=1  d_rm=    3074  d_instr=1459207296  d_cyc= 373846255  d_all= 9438624  IPC=3.903  ratio_rm=0.0003
[OMPT][WIN100ms] ompt_id=1970324836974593 tid=72612  tipo=ompt_thread_worker     cpu=222 numa=1  d_rm=    3475  d_instr=1464071453  d_cyc= 374307831  d_all= 9469528  IPC=3.911  ratio_rm=0.0004
[OMPT][WIN100ms] ompt_id=2251799813685249 tid=72614  tipo=ompt_thread_worker     cpu=231 numa=1  d_rm=    3284  d_instr=1343934051  d_cyc= 374315604  d_all= 8699908  IPC=3.590  ratio_rm=0.0004
[OMPT][WIN100ms] ompt_id=1688849860263937 tid=72613  tipo=ompt_thread_worker     cpu= 24 numa=0  d_rm=    3091  d_instr=1435038205  d_cyc= 374395624  d_all= 9283464  IPC=3.833  ratio_rm=0.0003
[OMPT] implicit_task_end: parallel_id=0 thread_num=0
[OMPT] parallel_end: parallel_id=281474976710943
[OMPT] parallel_begin: parallel_id=281474976710945 team_size=8
[OMPT] implicit_task_end: parallel_id=0 thread_num=4
[OMPT] implicit_task_end: parallel_id=0 thread_num=7
[OMPT] implicit_task_begin: parallel_id=281474976710945 thread_num=0 team_size=8
[OMPT] implicit_task_end: parallel_id=0 thread_num=3
[OMPT] implicit_task_begin: parallel_id=281474976710945 thread_num=4 team_size=8
[OMPT] implicit_task_end: parallel_id=0 thread_num=2
[OMPT] implicit_task_begin: parallel_id=281474976710945 thread_num=3 team_size=8
[OMPT] implicit_task_end: parallel_id=0 thread_num=6
[OMPT] implicit_task_begin: parallel_id=281474976710945 thread_num=2 team_size=8
[OMPT] implicit_task_begin: parallel_id=281474976710945 thread_num=6 team_size=8
[OMPT] implicit_task_end: parallel_id=0 thread_num=1
[OMPT] implicit_task_begin: parallel_id=281474976710945 thread_num=1 team_size=8
[OMPT] implicit_task_begin: parallel_id=281474976710945 thread_num=7 team_size=8
[OMPT] implicit_task_end: parallel_id=0 thread_num=5
[OMPT] implicit_task_begin: parallel_id=281474976710945 thread_num=5 team_size=8
[OMPT][WIN100ms] ompt_id=281474976710657 tid=72606  tipo=ompt_thread_initial    cpu=255 numa=1  d_rm=    4193  d_instr=1343159375  d_cyc= 371210603  d_all= 8561277  IPC=3.618  ratio_rm=0.0005
[OMPT][WIN100ms] ompt_id=562949953421313 tid=72608  tipo=ompt_thread_worker     cpu=  1 numa=0  d_rm=    3082  d_instr=1354104414  d_cyc= 371135722  d_all= 8642629  IPC=3.649  ratio_rm=0.0004
[OMPT][WIN100ms] ompt_id=844424930131969 tid=72609  tipo=ompt_thread_worker     cpu= 73 numa=1  d_rm=    3270  d_instr=1339684954  d_cyc= 370629465  d_all= 8517266  IPC=3.615  ratio_rm=0.0004
[OMPT][WIN100ms] ompt_id=1125899906842625 tid=72610  tipo=ompt_thread_worker     cpu= 46 numa=0  d_rm=    3208  d_instr=1347791121  d_cyc= 370947407  d_all= 8577025  IPC=3.633  ratio_rm=0.0004
[OMPT][WIN100ms] ompt_id=1407374883553281 tid=72611  tipo=ompt_thread_worker     cpu=214 numa=1  d_rm=    3266  d_instr=1348321657  d_cyc= 370299756  d_all= 8558613  IPC=3.641  ratio_rm=0.0004
[OMPT][WIN100ms] ompt_id=1970324836974593 tid=72612  tipo=ompt_thread_worker     cpu=222 numa=1  d_rm=    3494  d_instr=1340807698  d_cyc= 369794619  d_all= 8495152  IPC=3.626  ratio_rm=0.0004
[OMPT][WIN100ms] ompt_id=2251799813685249 tid=72614  tipo=ompt_thread_worker     cpu=231 numa=1  d_rm=    6494  d_instr=1425028839  d_cyc= 373854768  d_all= 9218715  IPC=3.812  ratio_rm=0.0007
[OMPT][WIN100ms] ompt_id=1688849860263937 tid=72613  tipo=ompt_thread_worker     cpu= 24 numa=0  d_rm=    3292  d_instr=1369319656  d_cyc= 371174472  d_all= 8723273  IPC=3.689  ratio_rm=0.0004
[OMPT][WIN100ms] ompt_id=281474976710657 tid=72606  tipo=ompt_thread_initial    cpu=255 numa=1  d_rm=    3069  d_instr=1453437557  d_cyc= 374197695  d_all= 9401236  IPC=3.884  ratio_rm=0.0003
[OMPT][WIN100ms] ompt_id=562949953421313 tid=72608  tipo=ompt_thread_worker     cpu=  1 numa=0  d_rm=    2843  d_instr=1419582125  d_cyc= 374375703  d_all= 9184120  IPC=3.792  ratio_rm=0.0003
[OMPT][WIN100ms] ompt_id=844424930131969 tid=72609  tipo=ompt_thread_worker     cpu= 73 numa=1  d_rm=    3206  d_instr=1461846523  d_cyc= 374198525  d_all= 9455338  IPC=3.907  ratio_rm=0.0003
[OMPT][WIN100ms] ompt_id=1125899906842625 tid=72610  tipo=ompt_thread_worker     cpu= 46 numa=0  d_rm=    3213  d_instr=1449060747  d_cyc= 374229546  d_all= 9373448  IPC=3.872  ratio_rm=0.0003
[OMPT][WIN100ms] ompt_id=1407374883553281 tid=72611  tipo=ompt_thread_worker     cpu=214 numa=1  d_rm=    3431  d_instr=1473019438  d_cyc= 373811435  d_all= 9527118  IPC=3.941  ratio_rm=0.0004
[OMPT][WIN100ms] ompt_id=1970324836974593 tid=72612  tipo=ompt_thread_worker     cpu=222 numa=1  d_rm=    3286  d_instr=1457403816  d_cyc= 374310792  d_all= 9426541  IPC=3.894  ratio_rm=0.0003
[OMPT][WIN100ms] ompt_id=2251799813685249 tid=72614  tipo=ompt_thread_worker     cpu=231 numa=1  d_rm=    3604  d_instr=1451000441  d_cyc= 374328167  d_all= 9385462  IPC=3.876  ratio_rm=0.0004
[OMPT][WIN100ms] ompt_id=1688849860263937 tid=72613  tipo=ompt_thread_worker     cpu= 24 numa=0  d_rm=    3232  d_instr=1445757535  d_cyc= 374367979  d_all= 9352011  IPC=3.862  ratio_rm=0.0003
[OMPT] implicit_task_end: parallel_id=0 thread_num=0
[OMPT] parallel_end: parallel_id=281474976710945
[OMPT] parallel_begin: parallel_id=281474976710947 team_size=8
[OMPT] implicit_task_end: parallel_id=0 thread_num=4
[OMPT] implicit_task_end: parallel_id=0 thread_num=7
[OMPT] implicit_task_begin: parallel_id=281474976710947 thread_num=0 team_size=8
[OMPT] implicit_task_end: parallel_id=0 thread_num=2
[OMPT] implicit_task_end: parallel_id=0 thread_num=1
[OMPT] implicit_task_end: parallel_id=0 thread_num=6
[OMPT] implicit_task_begin: parallel_id=281474976710947 thread_num=6 team_size=8
[OMPT] implicit_task_end: parallel_id=0 thread_num=5
[OMPT] implicit_task_end: parallel_id=0 thread_num=3
[OMPT] implicit_task_begin: parallel_id=281474976710947 thread_num=5 team_size=8
[OMPT] implicit_task_begin: parallel_id=281474976710947 thread_num=4 team_size=8
[OMPT] implicit_task_begin: parallel_id=281474976710947 thread_num=3 team_size=8
[OMPT] implicit_task_begin: parallel_id=281474976710947 thread_num=7 team_size=8
[OMPT] implicit_task_begin: parallel_id=281474976710947 thread_num=2 team_size=8
[OMPT] implicit_task_begin: parallel_id=281474976710947 thread_num=1 team_size=8
[OMPT][WIN100ms] ompt_id=281474976710657 tid=72606  tipo=ompt_thread_initial    cpu=255 numa=1  d_rm=    4494  d_instr=1416593740  d_cyc= 372883233  d_all= 9132191  IPC=3.799  ratio_rm=0.0005
[OMPT][WIN100ms] ompt_id=562949953421313 tid=72608  tipo=ompt_thread_worker     cpu=  1 numa=0  d_rm=    3250  d_instr=1448718018  d_cyc= 373193485  d_all= 9383398  IPC=3.882  ratio_rm=0.0003
[OMPT][WIN100ms] ompt_id=844424930131969 tid=72609  tipo=ompt_thread_worker     cpu= 73 numa=1  d_rm=    3248  d_instr=1400998139  d_cyc= 372020918  d_all= 9006906  IPC=3.766  ratio_rm=0.0004
[OMPT][WIN100ms] ompt_id=1125899906842625 tid=72610  tipo=ompt_thread_worker     cpu= 46 numa=0  d_rm=    3321  d_instr=1416264878  d_cyc= 372474820  d_all= 9121023  IPC=3.802  ratio_rm=0.0004
[OMPT][WIN100ms] ompt_id=1407374883553281 tid=72611  tipo=ompt_thread_worker     cpu=214 numa=1  d_rm=    3343  d_instr=1386772520  d_cyc= 371510639  d_all= 8893504  IPC=3.733  ratio_rm=0.0004
[OMPT][WIN100ms] ompt_id=1970324836974593 tid=72612  tipo=ompt_thread_worker     cpu=222 numa=1  d_rm=    3776  d_instr=1400419054  d_cyc= 372522545  d_all= 9014737  IPC=3.759  ratio_rm=0.0004
[OMPT][WIN100ms] ompt_id=2251799813685249 tid=72614  tipo=ompt_thread_worker     cpu=231 numa=1  d_rm=    6472  d_instr=1399969463  d_cyc= 373628703  d_all= 9058519  IPC=3.747  ratio_rm=0.0007
[OMPT][WIN100ms] ompt_id=1688849860263937 tid=72613  tipo=ompt_thread_worker     cpu= 24 numa=0  d_rm=    3060  d_instr=1408899613  d_cyc= 373102852  d_all= 9081581  IPC=3.776  ratio_rm=0.0003
[OMPT][WIN100ms] ompt_id=281474976710657 tid=72606  tipo=ompt_thread_initial    cpu=255 numa=1  d_rm=    3189  d_instr=1465771355  d_cyc= 373748065  d_all= 9480513  IPC=3.922  ratio_rm=0.0003
[OMPT][WIN100ms] ompt_id=562949953421313 tid=72608  tipo=ompt_thread_worker     cpu=  1 numa=0  d_rm=    3522  d_instr=1450397068  d_cyc= 374316664  d_all= 9381454  IPC=3.875  ratio_rm=0.0004
[OMPT][WIN100ms] ompt_id=844424930131969 tid=72609  tipo=ompt_thread_worker     cpu= 73 numa=1  d_rm=    3317  d_instr=1460932774  d_cyc= 374146520  d_all= 9449023  IPC=3.905  ratio_rm=0.0004
[OMPT][WIN100ms] ompt_id=1125899906842625 tid=72610  tipo=ompt_thread_worker     cpu= 46 numa=0  d_rm=    3433  d_instr=1446770469  d_cyc= 374194856  d_all= 9358603  IPC=3.866  ratio_rm=0.0004
[OMPT][WIN100ms] ompt_id=1407374883553281 tid=72611  tipo=ompt_thread_worker     cpu=214 numa=1  d_rm=    3107  d_instr=1445055387  d_cyc= 374018624  d_all= 9347375  IPC=3.864  ratio_rm=0.0003
[OMPT][WIN100ms] ompt_id=1970324836974593 tid=72612  tipo=ompt_thread_worker     cpu=222 numa=1  d_rm=    3593  d_instr=1436561662  d_cyc= 374232053  d_all= 9293316  IPC=3.839  ratio_rm=0.0004
[OMPT][WIN100ms] ompt_id=2251799813685249 tid=72614  tipo=ompt_thread_worker     cpu=231 numa=1  d_rm=    3280  d_instr=1422736914  d_cyc= 374188727  d_all= 9218385  IPC=3.802  ratio_rm=0.0004
[OMPT][WIN100ms] ompt_id=1688849860263937 tid=72613  tipo=ompt_thread_worker     cpu= 24 numa=0  d_rm=    3164  d_instr=1452434790  d_cyc= 374287724  d_all= 9399542  IPC=3.881  ratio_rm=0.0003
[OMPT] implicit_task_end: parallel_id=0 thread_num=0
[OMPT] parallel_end: parallel_id=281474976710947
[OMPT] parallel_begin: parallel_id=281474976710949 team_size=8
[OMPT] implicit_task_end: parallel_id=0 thread_num=4
[OMPT] implicit_task_end: parallel_id=0 thread_num=7
[OMPT] implicit_task_begin: parallel_id=281474976710949 thread_num=0 team_size=8
[OMPT] implicit_task_end: parallel_id=0 thread_num=1
[OMPT] implicit_task_begin: parallel_id=281474976710949 thread_num=4 team_size=8
[OMPT] implicit_task_end: parallel_id=0 thread_num=2
[OMPT] implicit_task_end: parallel_id=0 thread_num=6
[OMPT] implicit_task_begin: parallel_id=281474976710949 thread_num=2 team_size=8
[OMPT] implicit_task_begin: parallel_id=281474976710949 thread_num=6 team_size=8
[OMPT] implicit_task_end: parallel_id=0 thread_num=5
[OMPT] implicit_task_end: parallel_id=0 thread_num=3
[OMPT] implicit_task_begin: parallel_id=281474976710949 thread_num=5 team_size=8
[OMPT] implicit_task_begin: parallel_id=281474976710949 thread_num=7 team_size=8
[OMPT] implicit_task_begin: parallel_id=281474976710949 thread_num=1 team_size=8
[OMPT] implicit_task_begin: parallel_id=281474976710949 thread_num=3 team_size=8
[OMPT][WIN100ms] ompt_id=281474976710657 tid=72606  tipo=ompt_thread_initial    cpu=255 numa=1  d_rm=    4360  d_instr=1409312867  d_cyc= 372346914  d_all= 9058558  IPC=3.785  ratio_rm=0.0005
[OMPT][WIN100ms] ompt_id=562949953421313 tid=72608  tipo=ompt_thread_worker     cpu=  1 numa=0  d_rm=    3186  d_instr=1415026620  d_cyc= 372527905  d_all= 9115010  IPC=3.798  ratio_rm=0.0003
[OMPT][WIN100ms] ompt_id=844424930131969 tid=72609  tipo=ompt_thread_worker     cpu= 73 numa=1  d_rm=    3096  d_instr=1415719956  d_cyc= 372479992  d_all= 9102417  IPC=3.801  ratio_rm=0.0003
[OMPT][WIN100ms] ompt_id=1125899906842625 tid=72610  tipo=ompt_thread_worker     cpu= 46 numa=0  d_rm=    3242  d_instr=1416224829  d_cyc= 372359627  d_all= 9123634  IPC=3.803  ratio_rm=0.0004
[OMPT][WIN100ms] ompt_id=1407374883553281 tid=72611  tipo=ompt_thread_worker     cpu=214 numa=1  d_rm=    3407  d_instr=1425727785  d_cyc= 373182880  d_all= 9188521  IPC=3.820  ratio_rm=0.0004
[OMPT][WIN100ms] ompt_id=1970324836974593 tid=72612  tipo=ompt_thread_worker     cpu=222 numa=1  d_rm=    3511  d_instr=1427246974  d_cyc= 373107293  d_all= 9211991  IPC=3.825  ratio_rm=0.0004
[OMPT][WIN100ms] ompt_id=2251799813685249 tid=72614  tipo=ompt_thread_worker     cpu=231 numa=1  d_rm=    6510  d_instr=1451968229  d_cyc= 373655832  d_all= 9396700  IPC=3.886  ratio_rm=0.0007
[OMPT][WIN100ms] ompt_id=1688849860263937 tid=72613  tipo=ompt_thread_worker     cpu= 24 numa=0  d_rm=    3294  d_instr=1411177431  d_cyc= 373650862  d_all= 9129060  IPC=3.777  ratio_rm=0.0004
[OMPT][WIN100ms] ompt_id=281474976710657 tid=72606  tipo=ompt_thread_initial    cpu=255 numa=1  d_rm=    3239  d_instr=1466518390  d_cyc= 373844013  d_all= 9485090  IPC=3.923  ratio_rm=0.0003
[OMPT][WIN100ms] ompt_id=562949953421313 tid=72608  tipo=ompt_thread_worker     cpu=  1 numa=0  d_rm=    3041  d_instr=1399543613  d_cyc= 374384067  d_all= 9055944  IPC=3.738  ratio_rm=0.0003
[OMPT][WIN100ms] ompt_id=844424930131969 tid=72609  tipo=ompt_thread_worker     cpu= 73 numa=1  d_rm=    2967  d_instr=1460525768  d_cyc= 374186812  d_all= 9446836  IPC=3.903  ratio_rm=0.0003
[OMPT][WIN100ms] ompt_id=1125899906842625 tid=72610  tipo=ompt_thread_worker     cpu= 46 numa=0  d_rm=    3511  d_instr=1454340484  d_cyc= 374234078  d_all= 9406782  IPC=3.886  ratio_rm=0.0004
[OMPT][WIN100ms] ompt_id=1407374883553281 tid=72611  tipo=ompt_thread_worker     cpu=214 numa=1  d_rm=    3191  d_instr=1430841464  d_cyc= 374086787  d_all= 9261158  IPC=3.825  ratio_rm=0.0003
[OMPT][WIN100ms] ompt_id=1970324836974593 tid=72612  tipo=ompt_thread_worker     cpu=222 numa=1  d_rm=    3578  d_instr=1449581187  d_cyc= 374230824  d_all= 9393415  IPC=3.873  ratio_rm=0.0004
[OMPT][WIN100ms] ompt_id=2251799813685249 tid=72614  tipo=ompt_thread_worker     cpu=231 numa=1  d_rm=    3334  d_instr=1418893931  d_cyc= 374223973  d_all= 9195413  IPC=3.792  ratio_rm=0.0004
[OMPT][WIN100ms] ompt_id=1688849860263937 tid=72613  tipo=ompt_thread_worker     cpu= 24 numa=0  d_rm=    3097  d_instr=1438301362  d_cyc= 374415961  d_all= 9315757  IPC=3.841  ratio_rm=0.0003
[OMPT] implicit_task_end: parallel_id=0 thread_num=0
[OMPT] parallel_end: parallel_id=281474976710949
[OMPT] parallel_begin: parallel_id=281474976710951 team_size=8
[OMPT] implicit_task_end: parallel_id=0 thread_num=4
[OMPT] implicit_task_end: parallel_id=0 thread_num=7
[OMPT] implicit_task_end: parallel_id=0 thread_num=2
[OMPT] implicit_task_end: parallel_id=0 thread_num=3
[OMPT] implicit_task_begin: parallel_id=281474976710951 thread_num=7 team_size=8
[OMPT] implicit_task_end: parallel_id=0 thread_num=6
[OMPT] implicit_task_begin: parallel_id=281474976710951 thread_num=3 team_size=8
[OMPT] implicit_task_begin: parallel_id=281474976710951 thread_num=6 team_size=8
[OMPT] implicit_task_begin: parallel_id=281474976710951 thread_num=0 team_size=8
[OMPT] implicit_task_begin: parallel_id=281474976710951 thread_num=4 team_size=8
[OMPT] implicit_task_begin: parallel_id=281474976710951 thread_num=2 team_size=8
[OMPT] implicit_task_end: parallel_id=0 thread_num=5
[OMPT] implicit_task_end: parallel_id=0 thread_num=1
[OMPT] implicit_task_begin: parallel_id=281474976710951 thread_num=5 team_size=8
[OMPT] implicit_task_begin: parallel_id=281474976710951 thread_num=1 team_size=8
[OMPT][WIN100ms] ompt_id=281474976710657 tid=72606  tipo=ompt_thread_initial    cpu=255 numa=1  d_rm=    4210  d_instr=1370993398  d_cyc= 371294550  d_all= 8775188  IPC=3.692  ratio_rm=0.0005
[OMPT][WIN100ms] ompt_id=562949953421313 tid=72608  tipo=ompt_thread_worker     cpu=  1 numa=0  d_rm=    3227  d_instr=1426846337  d_cyc= 373281107  d_all= 9244449  IPC=3.822  ratio_rm=0.0003
[OMPT][WIN100ms] ompt_id=844424930131969 tid=72609  tipo=ompt_thread_worker     cpu= 73 numa=1  d_rm=    3198  d_instr=1384553187  d_cyc= 371418823  d_all= 8868880  IPC=3.728  ratio_rm=0.0004
[OMPT][WIN100ms] ompt_id=1125899906842625 tid=72610  tipo=ompt_thread_worker     cpu= 46 numa=0  d_rm=    3325  d_instr=1390278404  d_cyc= 372089419  d_all= 8918046  IPC=3.736  ratio_rm=0.0004
[OMPT][WIN100ms] ompt_id=1407374883553281 tid=72611  tipo=ompt_thread_worker     cpu=214 numa=1  d_rm=    3352  d_instr=1408025880  d_cyc= 372360145  d_all= 9070073  IPC=3.781  ratio_rm=0.0004
[OMPT][WIN100ms] ompt_id=1970324836974593 tid=72612  tipo=ompt_thread_worker     cpu=222 numa=1  d_rm=    3504  d_instr=1402168953  d_cyc= 371870230  d_all= 9004660  IPC=3.771  ratio_rm=0.0004
[OMPT][WIN100ms] ompt_id=2251799813685249 tid=72614  tipo=ompt_thread_worker     cpu=231 numa=1  d_rm=    6638  d_instr=1422455680  d_cyc= 373375569  d_all= 9186102  IPC=3.810  ratio_rm=0.0007
[OMPT][WIN100ms] ompt_id=1688849860263937 tid=72613  tipo=ompt_thread_worker     cpu= 24 numa=0  d_rm=    3159  d_instr=1399407409  d_cyc= 372604449  d_all= 8994486  IPC=3.756  ratio_rm=0.0004
[OMPT][WIN100ms] ompt_id=281474976710657 tid=72606  tipo=ompt_thread_initial    cpu=255 numa=1  d_rm=    3127  d_instr=1450671366  d_cyc= 374122085  d_all= 9383390  IPC=3.878  ratio_rm=0.0003
[OMPT][WIN100ms] ompt_id=562949953421313 tid=72608  tipo=ompt_thread_worker     cpu=  1 numa=0  d_rm=    2957  d_instr=1415571852  d_cyc= 374407979  d_all= 9158444  IPC=3.781  ratio_rm=0.0003
[OMPT][WIN100ms] ompt_id=844424930131969 tid=72609  tipo=ompt_thread_worker     cpu= 73 numa=1  d_rm=    3399  d_instr=1458034542  d_cyc= 374172785  d_all= 9438348  IPC=3.897  ratio_rm=0.0004
[OMPT][WIN100ms] ompt_id=1125899906842625 tid=72610  tipo=ompt_thread_worker     cpu= 46 numa=0  d_rm=    3433  d_instr=1452510762  d_cyc= 374263756  d_all= 9412208  IPC=3.881  ratio_rm=0.0004
[OMPT][WIN100ms] ompt_id=1407374883553281 tid=72611  tipo=ompt_thread_worker     cpu=214 numa=1  d_rm=    3229  d_instr=1447343612  d_cyc= 374132111  d_all= 9377421  IPC=3.869  ratio_rm=0.0003
[OMPT][WIN100ms] ompt_id=1970324836974593 tid=72612  tipo=ompt_thread_worker     cpu=222 numa=1  d_rm=    3366  d_instr=1454137492  d_cyc= 374269727  d_all= 9425610  IPC=3.885  ratio_rm=0.0004
[OMPT][WIN100ms] ompt_id=2251799813685249 tid=72614  tipo=ompt_thread_worker     cpu=231 numa=1  d_rm=    3289  d_instr=1459674819  d_cyc= 373852642  d_all= 9463423  IPC=3.904  ratio_rm=0.0003
[OMPT][WIN100ms] ompt_id=1688849860263937 tid=72613  tipo=ompt_thread_worker     cpu= 24 numa=0  d_rm=    3265  d_instr=1442867504  d_cyc= 374351486  d_all= 9355191  IPC=3.854  ratio_rm=0.0003
[OMPT] implicit_task_end: parallel_id=0 thread_num=0
[OMPT] parallel_end: parallel_id=281474976710951
[OMPT] parallel_begin: parallel_id=281474976710953 team_size=8
[OMPT] implicit_task_end: parallel_id=0 thread_num=2
[OMPT] implicit_task_end: parallel_id=0 thread_num=1
[OMPT] implicit_task_end: parallel_id=0 thread_num=3
[OMPT] implicit_task_begin: parallel_id=281474976710953 thread_num=3 team_size=8
[OMPT] implicit_task_begin: parallel_id=281474976710953 thread_num=0 team_size=8
[OMPT] implicit_task_begin: parallel_id=281474976710953 thread_num=2 team_size=8
[OMPT] implicit_task_begin: parallel_id=281474976710953 thread_num=1 team_size=8
[OMPT] implicit_task_end: parallel_id=0 thread_num=4
[OMPT] implicit_task_end: parallel_id=0 thread_num=7
[OMPT] implicit_task_begin: parallel_id=281474976710953 thread_num=4 team_size=8
[OMPT] implicit_task_end: parallel_id=0 thread_num=5
[OMPT] implicit_task_begin: parallel_id=281474976710953 thread_num=7 team_size=8
[OMPT] implicit_task_end: parallel_id=0 thread_num=6
[OMPT] implicit_task_begin: parallel_id=281474976710953 thread_num=5 team_size=8
[OMPT] implicit_task_begin: parallel_id=281474976710953 thread_num=6 team_size=8
[OMPT][WIN100ms] ompt_id=281474976710657 tid=72606  tipo=ompt_thread_initial    cpu=255 numa=1  d_rm=    4474  d_instr=1419090471  d_cyc= 372730092  d_all= 9142418  IPC=3.807  ratio_rm=0.0005
[OMPT][WIN100ms] ompt_id=562949953421313 tid=72608  tipo=ompt_thread_worker     cpu=  1 numa=0  d_rm=    3423  d_instr=1451276964  d_cyc= 373751396  d_all= 9401147  IPC=3.883  ratio_rm=0.0004
[OMPT][WIN100ms] ompt_id=844424930131969 tid=72609  tipo=ompt_thread_worker     cpu= 73 numa=1  d_rm=    3321  d_instr=1407158587  d_cyc= 372437494  d_all= 9054870  IPC=3.778  ratio_rm=0.0004
[OMPT][WIN100ms] ompt_id=1125899906842625 tid=72610  tipo=ompt_thread_worker     cpu= 46 numa=0  d_rm=    3381  d_instr=1423548970  d_cyc= 372898011  d_all= 9175167  IPC=3.818  ratio_rm=0.0004
[OMPT][WIN100ms] ompt_id=1407374883553281 tid=72611  tipo=ompt_thread_worker     cpu=214 numa=1  d_rm=    3307  d_instr=1380574744  d_cyc= 372435406  d_all= 8896619  IPC=3.707  ratio_rm=0.0004
[OMPT][WIN100ms] ompt_id=1970324836974593 tid=72612  tipo=ompt_thread_worker     cpu=222 numa=1  d_rm=    3678  d_instr=1407923155  d_cyc= 372603460  d_all= 9050376  IPC=3.779  ratio_rm=0.0004
[OMPT][WIN100ms] ompt_id=2251799813685249 tid=72614  tipo=ompt_thread_worker     cpu=231 numa=1  d_rm=    6980  d_instr=1408436313  d_cyc= 372227562  d_all= 9037230  IPC=3.784  ratio_rm=0.0008
[OMPT][WIN100ms] ompt_id=1688849860263937 tid=72613  tipo=ompt_thread_worker     cpu= 24 numa=0  d_rm=    3393  d_instr=1423132588  d_cyc= 373383726  d_all= 9184833  IPC=3.811  ratio_rm=0.0004
[OMPT][WIN100ms] ompt_id=281474976710657 tid=72606  tipo=ompt_thread_initial    cpu=255 numa=1  d_rm=    3350  d_instr=1455756063  d_cyc= 374146617  d_all= 9426977  IPC=3.891  ratio_rm=0.0004
[OMPT][WIN100ms] ompt_id=562949953421313 tid=72608  tipo=ompt_thread_worker     cpu=  1 numa=0  d_rm=    3165  d_instr=1448575552  d_cyc= 374390305  d_all= 9387371  IPC=3.869  ratio_rm=0.0003
[OMPT][WIN100ms] ompt_id=844424930131969 tid=72609  tipo=ompt_thread_worker     cpu= 73 numa=1  d_rm=    2991  d_instr=1463551588  d_cyc= 374261278  d_all= 9483591  IPC=3.911  ratio_rm=0.0003
[OMPT][WIN100ms] ompt_id=1125899906842625 tid=72610  tipo=ompt_thread_worker     cpu= 46 numa=0  d_rm=    3262  d_instr=1454938891  d_cyc= 374264128  d_all= 9430932  IPC=3.887  ratio_rm=0.0003
[OMPT][WIN100ms] ompt_id=1407374883553281 tid=72611  tipo=ompt_thread_worker     cpu=214 numa=1  d_rm=    3284  d_instr=1451839996  d_cyc= 374118451  d_all= 9416016  IPC=3.881  ratio_rm=0.0003
[OMPT][WIN100ms] ompt_id=1970324836974593 tid=72612  tipo=ompt_thread_worker     cpu=222 numa=1  d_rm=    3527  d_instr=1438658000  d_cyc= 374262660  d_all= 9326447  IPC=3.844  ratio_rm=0.0004
[OMPT][WIN100ms] ompt_id=2251799813685249 tid=72614  tipo=ompt_thread_worker     cpu=231 numa=1  d_rm=    3554  d_instr=1454093240  d_cyc= 373897757  d_all= 9423568  IPC=3.889  ratio_rm=0.0004
[OMPT][WIN100ms] ompt_id=1688849860263937 tid=72613  tipo=ompt_thread_worker     cpu= 24 numa=0  d_rm=    3020  d_instr=1420068980  d_cyc= 374374553  d_all= 9203202  IPC=3.793  ratio_rm=0.0003
[OMPT] implicit_task_end: parallel_id=0 thread_num=0
[OMPT] parallel_end: parallel_id=281474976710953
[OMPT] parallel_begin: parallel_id=281474976710955 team_size=8
[OMPT] implicit_task_end: parallel_id=0 thread_num=4
[OMPT] implicit_task_end: parallel_id=0 thread_num=6
[OMPT] implicit_task_begin: parallel_id=281474976710955 thread_num=0 team_size=8
[OMPT] implicit_task_end: parallel_id=0 thread_num=1
[OMPT] implicit_task_begin: parallel_id=281474976710955 thread_num=4 team_size=8
[OMPT] implicit_task_end: parallel_id=0 thread_num=5
[OMPT] implicit_task_end: parallel_id=0 thread_num=7
[OMPT] implicit_task_begin: parallel_id=281474976710955 thread_num=5 team_size=8
[OMPT] implicit_task_end: parallel_id=0 thread_num=3
[OMPT] implicit_task_begin: parallel_id=281474976710955 thread_num=6 team_size=8
[OMPT] implicit_task_begin: parallel_id=281474976710955 thread_num=1 team_size=8
[OMPT] implicit_task_end: parallel_id=0 thread_num=2
[OMPT] implicit_task_begin: parallel_id=281474976710955 thread_num=7 team_size=8
[OMPT] implicit_task_begin: parallel_id=281474976710955 thread_num=3 team_size=8
[OMPT] implicit_task_begin: parallel_id=281474976710955 thread_num=2 team_size=8
[OMPT][WIN100ms] ompt_id=281474976710657 tid=72606  tipo=ompt_thread_initial    cpu=255 numa=1  d_rm=    4580  d_instr=1425773203  d_cyc= 373088929  d_all= 9187758  IPC=3.822  ratio_rm=0.0005
[OMPT][WIN100ms] ompt_id=562949953421313 tid=72608  tipo=ompt_thread_worker     cpu=  1 numa=0  d_rm=    3351  d_instr=1425506824  d_cyc= 372844367  d_all= 9197935  IPC=3.823  ratio_rm=0.0004
[OMPT][WIN100ms] ompt_id=844424930131969 tid=72609  tipo=ompt_thread_worker     cpu= 73 numa=1  d_rm=    3311  d_instr=1410188382  d_cyc= 371829043  d_all= 9080241  IPC=3.793  ratio_rm=0.0004
[OMPT][WIN100ms] ompt_id=1125899906842625 tid=72610  tipo=ompt_thread_worker     cpu= 46 numa=0  d_rm=    3493  d_instr=1412280538  d_cyc= 372373959  d_all= 9094948  IPC=3.793  ratio_rm=0.0004
[OMPT][WIN100ms] ompt_id=1407374883553281 tid=72611  tipo=ompt_thread_worker     cpu=214 numa=1  d_rm=    3511  d_instr=1452851952  d_cyc= 374054113  d_all= 9415294  IPC=3.884  ratio_rm=0.0004
[OMPT][WIN100ms] ompt_id=1970324836974593 tid=72612  tipo=ompt_thread_worker     cpu=222 numa=1  d_rm=    3719  d_instr=1430810391  d_cyc= 373521355  d_all= 9243153  IPC=3.831  ratio_rm=0.0004
[OMPT][WIN100ms] ompt_id=2251799813685249 tid=72614  tipo=ompt_thread_worker     cpu=231 numa=1  d_rm=    6451  d_instr=1415139117  d_cyc= 372459681  d_all= 9096606  IPC=3.799  ratio_rm=0.0007
[OMPT][WIN100ms] ompt_id=1688849860263937 tid=72613  tipo=ompt_thread_worker     cpu= 24 numa=0  d_rm=    3368  d_instr=1446616961  d_cyc= 373976986  d_all= 9370500  IPC=3.868  ratio_rm=0.0004
[OMPT] implicit_task_end: parallel_id=0 thread_num=0
[OMPT] parallel_end: parallel_id=281474976710955
[OMPT] parallel_begin: parallel_id=281474976710957 team_size=8
[OMPT][WIN100ms] ompt_id=281474976710657 tid=72606  tipo=ompt_thread_initial    cpu=255 numa=1  d_rm=    3289  d_instr=1394768187  d_cyc= 372471180  d_all= 8946203  IPC=3.745  ratio_rm=0.0004
[OMPT] implicit_task_end: parallel_id=0 thread_num=2
[OMPT][WIN100ms] ompt_id=562949953421313 tid=72608  tipo=ompt_thread_worker     cpu=  1 numa=0  d_rm=    3173  d_instr=1390389055  d_cyc= 373449358  d_all= 8957693  IPC=3.723  ratio_rm=0.0004
[OMPT] implicit_task_end: parallel_id=0 thread_num=4
[OMPT] implicit_task_end: parallel_id=0 thread_num=6
[OMPT] implicit_task_end: parallel_id=0 thread_num=3
[OMPT][WIN100ms] ompt_id=844424930131969 tid=72609  tipo=ompt_thread_worker     cpu= 73 numa=1  d_rm=    2999  d_instr=1402597670  d_cyc= 371977882  d_all= 8986646  IPC=3.771  ratio_rm=0.0003
[OMPT] implicit_task_end: parallel_id=0 thread_num=7
[OMPT] implicit_task_end: parallel_id=0 thread_num=5
[OMPT] implicit_task_end: parallel_id=0 thread_num=1
[OMPT][WIN100ms] ompt_id=1125899906842625 tid=72610  tipo=ompt_thread_worker     cpu= 46 numa=0  d_rm=    3494  d_instr=1397571446  d_cyc= 372337464  d_all= 8963626  IPC=3.754  ratio_rm=0.0004
[OMPT][WIN100ms] ompt_id=1407374883553281 tid=72611  tipo=ompt_thread_worker     cpu=214 numa=1  d_rm=    3339  d_instr=1393205567  d_cyc= 372665871  d_all= 8936875  IPC=3.738  ratio_rm=0.0004
[OMPT][WIN100ms] ompt_id=1970324836974593 tid=72612  tipo=ompt_thread_worker     cpu=222 numa=1  d_rm=    3331  d_instr=1398260732  d_cyc= 372761255  d_all= 8979444  IPC=3.751  ratio_rm=0.0004
[OMPT][WIN100ms] ompt_id=2251799813685249 tid=72614  tipo=ompt_thread_worker     cpu=231 numa=1  d_rm=    6390  d_instr=1381522267  d_cyc= 374417368  d_all= 8939347  IPC=3.690  ratio_rm=0.0007
[OMPT][WIN100ms] ompt_id=1688849860263937 tid=72613  tipo=ompt_thread_worker     cpu= 24 numa=0  d_rm=    2977  d_instr=1396088602  d_cyc= 373405105  d_all= 8965666  IPC=3.739  ratio_rm=0.0003
[OMPT] implicit_task_begin: parallel_id=281474976710957 thread_num=7 team_size=8
[OMPT] implicit_task_begin: parallel_id=281474976710957 thread_num=0 team_size=8
[OMPT] implicit_task_begin: parallel_id=281474976710957 thread_num=5 team_size=8
[OMPT] implicit_task_begin: parallel_id=281474976710957 thread_num=4 team_size=8
[OMPT] implicit_task_begin: parallel_id=281474976710957 thread_num=2 team_size=8
[OMPT] implicit_task_begin: parallel_id=281474976710957 thread_num=6 team_size=8
[OMPT] implicit_task_begin: parallel_id=281474976710957 thread_num=1 team_size=8
[OMPT] implicit_task_begin: parallel_id=281474976710957 thread_num=3 team_size=8
[OMPT][WIN100ms] ompt_id=281474976710657 tid=72606  tipo=ompt_thread_initial    cpu=255 numa=1  d_rm=    4761  d_instr=1434816060  d_cyc= 374488277  d_all= 9298376  IPC=3.831  ratio_rm=0.0005
[OMPT][WIN100ms] ompt_id=562949953421313 tid=72608  tipo=ompt_thread_worker     cpu=  1 numa=0  d_rm=    3280  d_instr=1446925359  d_cyc= 374264216  d_all= 9381263  IPC=3.866  ratio_rm=0.0003
[OMPT][WIN100ms] ompt_id=844424930131969 tid=72609  tipo=ompt_thread_worker     cpu= 73 numa=1  d_rm=    3670  d_instr=1442892086  d_cyc= 374385738  d_all= 9353507  IPC=3.854  ratio_rm=0.0004
[OMPT][WIN100ms] ompt_id=1125899906842625 tid=72610  tipo=ompt_thread_worker     cpu= 46 numa=0  d_rm=    3221  d_instr=1445767539  d_cyc= 374517326  d_all= 9370627  IPC=3.860  ratio_rm=0.0003
[OMPT][WIN100ms] ompt_id=1407374883553281 tid=72611  tipo=ompt_thread_worker     cpu=214 numa=1  d_rm=    3788  d_instr=1454572624  d_cyc= 374201190  d_all= 9425271  IPC=3.887  ratio_rm=0.0004
[OMPT][WIN100ms] ompt_id=1970324836974593 tid=72612  tipo=ompt_thread_worker     cpu=222 numa=1  d_rm=    3802  d_instr=1446710861  d_cyc= 374354855  d_all= 9374205  IPC=3.865  ratio_rm=0.0004
[OMPT][WIN100ms] ompt_id=2251799813685249 tid=72614  tipo=ompt_thread_worker     cpu=231 numa=1  d_rm=    3524  d_instr=1373054990  d_cyc= 374353127  d_all= 8887340  IPC=3.668  ratio_rm=0.0004
[OMPT][WIN100ms] ompt_id=1688849860263937 tid=72613  tipo=ompt_thread_worker     cpu= 24 numa=0  d_rm=    3244  d_instr=1440132117  d_cyc= 374342761  d_all= 9322818  IPC=3.847  ratio_rm=0.0003
[OMPT] implicit_task_end: parallel_id=0 thread_num=0
[OMPT] parallel_end: parallel_id=281474976710957
[OMPT] parallel_begin: parallel_id=281474976710959 team_size=8
[OMPT] implicit_task_end: parallel_id=0 thread_num=4
[OMPT] implicit_task_end: parallel_id=0 thread_num=7
[OMPT] implicit_task_begin: parallel_id=281474976710959 thread_num=0 team_size=8
[OMPT] implicit_task_end: parallel_id=0 thread_num=1
[OMPT] implicit_task_end: parallel_id=0 thread_num=5
[OMPT] implicit_task_begin: parallel_id=281474976710959 thread_num=1 team_size=8
[OMPT] implicit_task_end: parallel_id=0 thread_num=6
[OMPT] implicit_task_begin: parallel_id=281474976710959 thread_num=5 team_size=8
[OMPT] implicit_task_end: parallel_id=0 thread_num=3
[OMPT] implicit_task_end: parallel_id=0 thread_num=2
[OMPT] implicit_task_begin: parallel_id=281474976710959 thread_num=4 team_size=8
[OMPT] implicit_task_begin: parallel_id=281474976710959 thread_num=2 team_size=8
[OMPT] implicit_task_begin: parallel_id=281474976710959 thread_num=7 team_size=8
[OMPT] implicit_task_begin: parallel_id=281474976710959 thread_num=6 team_size=8
[OMPT] implicit_task_begin: parallel_id=281474976710959 thread_num=3 team_size=8
[OMPT][WIN100ms] ompt_id=281474976710657 tid=72606  tipo=ompt_thread_initial    cpu=255 numa=1  d_rm=    4229  d_instr=1321471554  d_cyc= 370736067  d_all= 8393039  IPC=3.564  ratio_rm=0.0005
[OMPT][WIN100ms] ompt_id=562949953421313 tid=72608  tipo=ompt_thread_worker     cpu=  1 numa=0  d_rm=    2957  d_instr=1316432190  d_cyc= 370200286  d_all= 8325638  IPC=3.556  ratio_rm=0.0004
[OMPT][WIN100ms] ompt_id=844424930131969 tid=72609  tipo=ompt_thread_worker     cpu= 73 numa=1  d_rm=    3321  d_instr=1319602258  d_cyc= 369224459  d_all= 8340973  IPC=3.574  ratio_rm=0.0004
[OMPT][WIN100ms] ompt_id=1125899906842625 tid=72610  tipo=ompt_thread_worker     cpu= 46 numa=0  d_rm=    3173  d_instr=1315203860  d_cyc= 369789027  d_all= 8322960  IPC=3.557  ratio_rm=0.0004
[OMPT][WIN100ms] ompt_id=1407374883553281 tid=72611  tipo=ompt_thread_worker     cpu=214 numa=1  d_rm=    3437  d_instr=1308789721  d_cyc= 369747731  d_all= 8269044  IPC=3.540  ratio_rm=0.0004
[OMPT][WIN100ms] ompt_id=1970324836974593 tid=72612  tipo=ompt_thread_worker     cpu=222 numa=1  d_rm=    3255  d_instr=1318856083  d_cyc= 370102684  d_all= 8333537  IPC=3.563  ratio_rm=0.0004
[OMPT][WIN100ms] ompt_id=2251799813685249 tid=72614  tipo=ompt_thread_worker     cpu=231 numa=1  d_rm=    6336  d_instr=1359162544  d_cyc= 373762534  d_all= 8796682  IPC=3.636  ratio_rm=0.0007
[OMPT][WIN100ms] ompt_id=1688849860263937 tid=72613  tipo=ompt_thread_worker     cpu= 24 numa=0  d_rm=    3169  d_instr=1317363332  d_cyc= 370624476  d_all= 8373831  IPC=3.554  ratio_rm=0.0004
[OMPT][WIN100ms] ompt_id=281474976710657 tid=72606  tipo=ompt_thread_initial    cpu=255 numa=1  d_rm=    3107  d_instr=1457521798  d_cyc= 374285357  d_all= 9448523  IPC=3.894  ratio_rm=0.0003
[OMPT][WIN100ms] ompt_id=562949953421313 tid=72608  tipo=ompt_thread_worker     cpu=  1 numa=0  d_rm=    3216  d_instr=1461203885  d_cyc= 374108486  d_all= 9474049  IPC=3.906  ratio_rm=0.0003
[OMPT][WIN100ms] ompt_id=844424930131969 tid=72609  tipo=ompt_thread_worker     cpu= 73 numa=1  d_rm=    3168  d_instr=1458649761  d_cyc= 374397818  d_all= 9454838  IPC=3.896  ratio_rm=0.0003
[OMPT][WIN100ms] ompt_id=1125899906842625 tid=72610  tipo=ompt_thread_worker     cpu= 46 numa=0  d_rm=    3371  d_instr=1468368648  d_cyc= 374270385  d_all= 9516017  IPC=3.923  ratio_rm=0.0004
[OMPT][WIN100ms] ompt_id=1407374883553281 tid=72611  tipo=ompt_thread_worker     cpu=214 numa=1  d_rm=    3426  d_instr=1448990025  d_cyc= 374089502  d_all= 9393234  IPC=3.873  ratio_rm=0.0004
[OMPT][WIN100ms] ompt_id=1970324836974593 tid=72612  tipo=ompt_thread_worker     cpu=222 numa=1  d_rm=    3508  d_instr=1458277184  d_cyc= 374257404  d_all= 9445982  IPC=3.896  ratio_rm=0.0004
[OMPT][WIN100ms] ompt_id=2251799813685249 tid=72614  tipo=ompt_thread_worker     cpu=231 numa=1  d_rm=    3448  d_instr=1424770607  d_cyc= 374371920  d_all= 9217745  IPC=3.806  ratio_rm=0.0004
[OMPT][WIN100ms] ompt_id=1688849860263937 tid=72613  tipo=ompt_thread_worker     cpu= 24 numa=0  d_rm=    3259  d_instr=1440038199  d_cyc= 374481161  d_all= 9315744  IPC=3.845  ratio_rm=0.0003
[OMPT] implicit_task_end: parallel_id=0 thread_num=0
[OMPT] parallel_end: parallel_id=281474976710959
[OMPT] parallel_begin: parallel_id=281474976710961 team_size=8
[OMPT] implicit_task_end: parallel_id=0 thread_num=4
[OMPT] implicit_task_end: parallel_id=0 thread_num=5
[OMPT] implicit_task_begin: parallel_id=281474976710961 thread_num=0 team_size=8
[OMPT] implicit_task_end: parallel_id=0 thread_num=1
[OMPT] implicit_task_end: parallel_id=0 thread_num=7
[OMPT] implicit_task_end: parallel_id=0 thread_num=6
[OMPT] implicit_task_begin: parallel_id=281474976710961 thread_num=7 team_size=8
[OMPT] implicit_task_begin: parallel_id=281474976710961 thread_num=6 team_size=8
[OMPT] implicit_task_end: parallel_id=0 thread_num=2
[OMPT] implicit_task_begin: parallel_id=281474976710961 thread_num=4 team_size=8
[OMPT] implicit_task_begin: parallel_id=281474976710961 thread_num=2 team_size=8
[OMPT] implicit_task_begin: parallel_id=281474976710961 thread_num=5 team_size=8
[OMPT] implicit_task_begin: parallel_id=281474976710961 thread_num=1 team_size=8
[OMPT] implicit_task_end: parallel_id=0 thread_num=3
[OMPT] implicit_task_begin: parallel_id=281474976710961 thread_num=3 team_size=8
[OMPT][WIN100ms] ompt_id=281474976710657 tid=72606  tipo=ompt_thread_initial    cpu=255 numa=1  d_rm=    4598  d_instr=1415536707  d_cyc= 372927755  d_all= 9115979  IPC=3.796  ratio_rm=0.0005
[OMPT][WIN100ms] ompt_id=562949953421313 tid=72608  tipo=ompt_thread_worker     cpu=  1 numa=0  d_rm=    3233  d_instr=1417460232  d_cyc= 371883821  d_all= 9113102  IPC=3.812  ratio_rm=0.0004
[OMPT][WIN100ms] ompt_id=844424930131969 tid=72609  tipo=ompt_thread_worker     cpu= 73 numa=1  d_rm=    3261  d_instr=1416381192  d_cyc= 372497772  d_all= 9118142  IPC=3.802  ratio_rm=0.0004
[OMPT][WIN100ms] ompt_id=1125899906842625 tid=72610  tipo=ompt_thread_worker     cpu= 46 numa=0  d_rm=    3329  d_instr=1406787459  d_cyc= 372297115  d_all= 9060795  IPC=3.779  ratio_rm=0.0004
[OMPT][WIN100ms] ompt_id=1407374883553281 tid=72611  tipo=ompt_thread_worker     cpu=214 numa=1  d_rm=    3482  d_instr=1422439933  d_cyc= 373004379  d_all= 9175716  IPC=3.813  ratio_rm=0.0004
[OMPT][WIN100ms] ompt_id=1970324836974593 tid=72612  tipo=ompt_thread_worker     cpu=222 numa=1  d_rm=    3970  d_instr=1415427687  d_cyc= 372678295  d_all= 9105403  IPC=3.798  ratio_rm=0.0004
[OMPT][WIN100ms] ompt_id=2251799813685249 tid=72614  tipo=ompt_thread_worker     cpu=231 numa=1  d_rm=    6656  d_instr=1442384141  d_cyc= 373934858  d_all= 9330492  IPC=3.857  ratio_rm=0.0007
[OMPT][WIN100ms] ompt_id=1688849860263937 tid=72613  tipo=ompt_thread_worker     cpu= 24 numa=0  d_rm=    3569  d_instr=1434500867  d_cyc= 373405924  d_all= 9256601  IPC=3.842  ratio_rm=0.0004
[OMPT][WIN100ms] ompt_id=281474976710657 tid=72606  tipo=ompt_thread_initial    cpu=255 numa=1  d_rm=    3277  d_instr=1459159364  d_cyc= 373885955  d_all= 9459550  IPC=3.903  ratio_rm=0.0003
[OMPT][WIN100ms] ompt_id=562949953421313 tid=72608  tipo=ompt_thread_worker     cpu=  1 numa=0  d_rm=    3210  d_instr=1446127243  d_cyc= 374464736  d_all= 9369021  IPC=3.862  ratio_rm=0.0003
[OMPT][WIN100ms] ompt_id=844424930131969 tid=72609  tipo=ompt_thread_worker     cpu= 73 numa=1  d_rm=    3304  d_instr=1464190559  d_cyc= 374201402  d_all= 9487116  IPC=3.913  ratio_rm=0.0003
[OMPT][WIN100ms] ompt_id=1125899906842625 tid=72610  tipo=ompt_thread_worker     cpu= 46 numa=0  d_rm=    3377  d_instr=1457124300  d_cyc= 374254326  d_all= 9432471  IPC=3.893  ratio_rm=0.0004
[OMPT][WIN100ms] ompt_id=1407374883553281 tid=72611  tipo=ompt_thread_worker     cpu=214 numa=1  d_rm=    3080  d_instr=1432709826  d_cyc= 374167438  d_all= 9268402  IPC=3.829  ratio_rm=0.0003
[OMPT][WIN100ms] ompt_id=1970324836974593 tid=72612  tipo=ompt_thread_worker     cpu=222 numa=1  d_rm=    3200  d_instr=1454514932  d_cyc= 374267635  d_all= 9408336  IPC=3.886  ratio_rm=0.0003
[OMPT][WIN100ms] ompt_id=2251799813685249 tid=72614  tipo=ompt_thread_worker     cpu=231 numa=1  d_rm=    3453  d_instr=1448822039  d_cyc= 374280371  d_all= 9371533  IPC=3.871  ratio_rm=0.0004
[OMPT][WIN100ms] ompt_id=1688849860263937 tid=72613  tipo=ompt_thread_worker     cpu= 24 numa=0  d_rm=    3500  d_instr=1446174800  d_cyc= 374353168  d_all= 9354733  IPC=3.863  ratio_rm=0.0004
[OMPT] implicit_task_end: parallel_id=0 thread_num=0
[OMPT] parallel_end: parallel_id=281474976710961
[OMPT] parallel_begin: parallel_id=281474976710963 team_size=8
[OMPT] implicit_task_end: parallel_id=0 thread_num=4
[OMPT] implicit_task_end: parallel_id=0 thread_num=7
[OMPT] implicit_task_begin: parallel_id=281474976710963 thread_num=0 team_size=8
[OMPT] implicit_task_end: parallel_id=0 thread_num=3
[OMPT] implicit_task_end: parallel_id=0 thread_num=5
[OMPT] implicit_task_begin: parallel_id=281474976710963 thread_num=3 team_size=8
[OMPT] implicit_task_end: parallel_id=0 thread_num=6
[OMPT] implicit_task_end: parallel_id=0 thread_num=2
[OMPT] implicit_task_end: parallel_id=0 thread_num=1
[OMPT] implicit_task_begin: parallel_id=281474976710963 thread_num=2 team_size=8
[OMPT] implicit_task_begin: parallel_id=281474976710963 thread_num=4 team_size=8
[OMPT] implicit_task_begin: parallel_id=281474976710963 thread_num=7 team_size=8
[OMPT] implicit_task_begin: parallel_id=281474976710963 thread_num=5 team_size=8
[OMPT] implicit_task_begin: parallel_id=281474976710963 thread_num=6 team_size=8
[OMPT] implicit_task_begin: parallel_id=281474976710963 thread_num=1 team_size=8
[OMPT][WIN100ms] ompt_id=281474976710657 tid=72606  tipo=ompt_thread_initial    cpu=255 numa=1  d_rm=    4422  d_instr=1409207640  d_cyc= 372452949  d_all= 9065442  IPC=3.784  ratio_rm=0.0005
[OMPT][WIN100ms] ompt_id=562949953421313 tid=72608  tipo=ompt_thread_worker     cpu=  1 numa=0  d_rm=    3353  d_instr=1421799771  d_cyc= 372697222  d_all= 9171876  IPC=3.815  ratio_rm=0.0004
[OMPT][WIN100ms] ompt_id=844424930131969 tid=72609  tipo=ompt_thread_worker     cpu= 73 numa=1  d_rm=    3398  d_instr=1413027493  d_cyc= 372176596  d_all= 9085817  IPC=3.797  ratio_rm=0.0004
[OMPT][WIN100ms] ompt_id=1125899906842625 tid=72610  tipo=ompt_thread_worker     cpu= 46 numa=0  d_rm=    3268  d_instr=1418380614  d_cyc= 372903693  d_all= 9132958  IPC=3.804  ratio_rm=0.0004
[OMPT][WIN100ms] ompt_id=1407374883553281 tid=72611  tipo=ompt_thread_worker     cpu=214 numa=1  d_rm=    3355  d_instr=1429288477  d_cyc= 373539229  d_all= 9254106  IPC=3.826  ratio_rm=0.0004
[OMPT][WIN100ms] ompt_id=1970324836974593 tid=72612  tipo=ompt_thread_worker     cpu=222 numa=1  d_rm=    3472  d_instr=1422339756  d_cyc= 372732500  d_all= 9156070  IPC=3.816  ratio_rm=0.0004
[OMPT][WIN100ms] ompt_id=2251799813685249 tid=72614  tipo=ompt_thread_worker     cpu=231 numa=1  d_rm=    6672  d_instr=1425560237  d_cyc= 372892505  d_all= 9176344  IPC=3.823  ratio_rm=0.0007
[OMPT][WIN100ms] ompt_id=1688849860263937 tid=72613  tipo=ompt_thread_worker     cpu= 24 numa=0  d_rm=    3071  d_instr=1410833957  d_cyc= 373349206  d_all= 9111615  IPC=3.779  ratio_rm=0.0003
[OMPT][WIN100ms] ompt_id=281474976710657 tid=72606  tipo=ompt_thread_initial    cpu=255 numa=1  d_rm=    3257  d_instr=1473415771  d_cyc= 373873910  d_all= 9544941  IPC=3.941  ratio_rm=0.0003
[OMPT][WIN100ms] ompt_id=562949953421313 tid=72608  tipo=ompt_thread_worker     cpu=  1 numa=0  d_rm=    2978  d_instr=1450417194  d_cyc= 374372402  d_all= 9384886  IPC=3.874  ratio_rm=0.0003
[OMPT][WIN100ms] ompt_id=844424930131969 tid=72609  tipo=ompt_thread_worker     cpu= 73 numa=1  d_rm=    3119  d_instr=1464519640  d_cyc= 374170243  d_all= 9472438  IPC=3.914  ratio_rm=0.0003
[OMPT][WIN100ms] ompt_id=1125899906842625 tid=72610  tipo=ompt_thread_worker     cpu= 46 numa=0  d_rm=    3343  d_instr=1452338147  d_cyc= 374220665  d_all= 9394112  IPC=3.881  ratio_rm=0.0004
[OMPT][WIN100ms] ompt_id=1407374883553281 tid=72611  tipo=ompt_thread_worker     cpu=214 numa=1  d_rm=    3370  d_instr=1454120681  d_cyc= 374050291  d_all= 9405659  IPC=3.888  ratio_rm=0.0004
[OMPT][WIN100ms] ompt_id=1970324836974593 tid=72612  tipo=ompt_thread_worker     cpu=222 numa=1  d_rm=    3506  d_instr=1432685813  d_cyc= 374233607  d_all= 9268643  IPC=3.828  ratio_rm=0.0004
[OMPT][WIN100ms] ompt_id=2251799813685249 tid=72614  tipo=ompt_thread_worker     cpu=231 numa=1  d_rm=    3163  d_instr=1460074816  d_cyc= 374237645  d_all= 9443621  IPC=3.901  ratio_rm=0.0003
[OMPT][WIN100ms] ompt_id=1688849860263937 tid=72613  tipo=ompt_thread_worker     cpu= 24 numa=0  d_rm=    3332  d_instr=1435013360  d_cyc= 374339570  d_all= 9283128  IPC=3.833  ratio_rm=0.0004
[OMPT] implicit_task_end: parallel_id=0 thread_num=0
[OMPT] parallel_end: parallel_id=281474976710963
[OMPT] parallel_begin: parallel_id=281474976710965 team_size=8
[OMPT] implicit_task_end: parallel_id=0 thread_num=4
[OMPT] implicit_task_end: parallel_id=0 thread_num=5
[OMPT] implicit_task_end: parallel_id=0 thread_num=2
[OMPT] implicit_task_end: parallel_id=0 thread_num=3
[OMPT] implicit_task_end: parallel_id=0 thread_num=1
[OMPT] implicit_task_end: parallel_id=0 thread_num=6
[OMPT] implicit_task_end: parallel_id=0 thread_num=7
[OMPT] implicit_task_begin: parallel_id=281474976710965 thread_num=5 team_size=8
[OMPT] implicit_task_begin: parallel_id=281474976710965 thread_num=6 team_size=8
[OMPT] implicit_task_begin: parallel_id=281474976710965 thread_num=4 team_size=8
[OMPT] implicit_task_begin: parallel_id=281474976710965 thread_num=2 team_size=8
[OMPT] implicit_task_begin: parallel_id=281474976710965 thread_num=7 team_size=8
[OMPT] implicit_task_begin: parallel_id=281474976710965 thread_num=1 team_size=8
[OMPT] implicit_task_begin: parallel_id=281474976710965 thread_num=0 team_size=8
[OMPT] implicit_task_begin: parallel_id=281474976710965 thread_num=3 team_size=8
[OMPT][WIN100ms] ompt_id=281474976710657 tid=72606  tipo=ompt_thread_initial    cpu=255 numa=1  d_rm=    4521  d_instr=1396970772  d_cyc= 371813778  d_all= 8973178  IPC=3.757  ratio_rm=0.0005
[OMPT][WIN100ms] ompt_id=562949953421313 tid=72608  tipo=ompt_thread_worker     cpu=  1 numa=0  d_rm=    3512  d_instr=1410741285  d_cyc= 373540836  d_all= 9108128  IPC=3.777  ratio_rm=0.0004
[OMPT][WIN100ms] ompt_id=844424930131969 tid=72609  tipo=ompt_thread_worker     cpu= 73 numa=1  d_rm=    3552  d_instr=1412012953  d_cyc= 372329530  d_all= 9067519  IPC=3.792  ratio_rm=0.0004
[OMPT][WIN100ms] ompt_id=1125899906842625 tid=72610  tipo=ompt_thread_worker     cpu= 46 numa=0  d_rm=    3400  d_instr=1407361834  d_cyc= 372968029  d_all= 9064059  IPC=3.773  ratio_rm=0.0004
[OMPT][WIN100ms] ompt_id=1407374883553281 tid=72611  tipo=ompt_thread_worker     cpu=214 numa=1  d_rm=    3501  d_instr=1407947028  d_cyc= 373165881  d_all= 9082071  IPC=3.773  ratio_rm=0.0004
[OMPT][WIN100ms] ompt_id=1970324836974593 tid=72612  tipo=ompt_thread_worker     cpu=222 numa=1  d_rm=    4259  d_instr=1432476279  d_cyc= 373569471  d_all= 9246945  IPC=3.835  ratio_rm=0.0005
[OMPT][WIN100ms] ompt_id=2251799813685249 tid=72614  tipo=ompt_thread_worker     cpu=231 numa=1  d_rm=    6274  d_instr=1382189389  d_cyc= 373848804  d_all= 8937130  IPC=3.697  ratio_rm=0.0007
[OMPT][WIN100ms] ompt_id=1688849860263937 tid=72613  tipo=ompt_thread_worker     cpu= 24 numa=0  d_rm=    3603  d_instr=1435085315  d_cyc= 374171784  d_all= 9289027  IPC=3.835  ratio_rm=0.0004
[OMPT][WIN100ms] ompt_id=281474976710657 tid=72606  tipo=ompt_thread_initial    cpu=255 numa=1  d_rm=    3098  d_instr=1449773078  d_cyc= 374298613  d_all= 9377695  IPC=3.873  ratio_rm=0.0003
[OMPT][WIN100ms] ompt_id=562949953421313 tid=72608  tipo=ompt_thread_worker     cpu=  1 numa=0  d_rm=    3394  d_instr=1447970814  d_cyc= 374277672  d_all= 9366164  IPC=3.869  ratio_rm=0.0004
[OMPT][WIN100ms] ompt_id=844424930131969 tid=72609  tipo=ompt_thread_worker     cpu= 73 numa=1  d_rm=    3161  d_instr=1460546476  d_cyc= 374188662  d_all= 9447068  IPC=3.903  ratio_rm=0.0003
[OMPT][WIN100ms] ompt_id=1125899906842625 tid=72610  tipo=ompt_thread_worker     cpu= 46 numa=0  d_rm=    3649  d_instr=1456895175  d_cyc= 374244579  d_all= 9423400  IPC=3.893  ratio_rm=0.0004
[OMPT][WIN100ms] ompt_id=1407374883553281 tid=72611  tipo=ompt_thread_worker     cpu=214 numa=1  d_rm=    2988  d_instr=1400650465  d_cyc= 374191569  d_all= 9062915  IPC=3.743  ratio_rm=0.0003
[OMPT][WIN100ms] ompt_id=1970324836974593 tid=72612  tipo=ompt_thread_worker     cpu=222 numa=1  d_rm=    3312  d_instr=1454833398  d_cyc= 373973232  d_all= 9410567  IPC=3.890  ratio_rm=0.0004
[OMPT][WIN100ms] ompt_id=2251799813685249 tid=72614  tipo=ompt_thread_worker     cpu=231 numa=1  d_rm=    3304  d_instr=1443056763  d_cyc= 374338821  d_all= 9334692  IPC=3.855  ratio_rm=0.0004
[OMPT][WIN100ms] ompt_id=1688849860263937 tid=72613  tipo=ompt_thread_worker     cpu= 24 numa=0  d_rm=    2975  d_instr=1417148332  d_cyc= 374431501  d_all= 9168311  IPC=3.785  ratio_rm=0.0003
[OMPT] implicit_task_end: parallel_id=0 thread_num=0
[OMPT] parallel_end: parallel_id=281474976710965
[OMPT] control_tool: PAUSANDO medicion
[OMPT] implicit_task_end: parallel_id=0 thread_num=1
[OMPT] thread_end: ompt_id=281474976710657 tid=72606 cpu=255
[OMPT] implicit_task_end: parallel_id=0 thread_num=7
[OMPT] thread_end: ompt_id=2251799813685249 tid=72614 cpu=231
[OMPT] implicit_task_end: parallel_id=0 thread_num=2
[OMPT] thread_end: ompt_id=844424930131969 tid=72609 cpu=73
[OMPT] implicit_task_end: parallel_id=0 thread_num=1
[OMPT] thread_end: ompt_id=562949953421313 tid=72608 cpu=1
[OMPT] implicit_task_end: parallel_id=0 thread_num=5
[OMPT] thread_end: ompt_id=1970324836974593 tid=72612 cpu=222
[OMPT] implicit_task_end: parallel_id=0 thread_num=6
[OMPT] thread_end: ompt_id=1688849860263937 tid=72613 cpu=24
[OMPT] implicit_task_end: parallel_id=0 thread_num=3
[OMPT] thread_end: ompt_id=1125899906842625 tid=72610 cpu=46
[OMPT] implicit_task_end: parallel_id=0 thread_num=4
[OMPT] thread_end: ompt_id=1407374883553281 tid=72611 cpu=214
[OMPT] ompt_finalize
[OMPT][MON] Monitor detenido
[OMPT] ===== Tabla final: 8 hilos =====
[OMPT] tid=72606  ompt_id=281474976710657 tipo=ompt_thread_initial    last_cpu=255 numa=1 migraciones=0 perf=abierto
        remote_fills=1104224  instr=405625197901  ipc=3.812
[OMPT] tid=72608  ompt_id=562949953421313 tipo=ompt_thread_worker     last_cpu=  1 numa=0 migraciones=0 perf=abierto
        remote_fills=894440  instr=405105654290  ipc=3.802
[OMPT] tid=72609  ompt_id=844424930131969 tipo=ompt_thread_worker     last_cpu= 73 numa=1 migraciones=0 perf=abierto
        remote_fills=924579  instr=406072287545  ipc=3.817
[OMPT] tid=72610  ompt_id=1125899906842625 tipo=ompt_thread_worker     last_cpu= 46 numa=0 migraciones=0 perf=abierto
        remote_fills=965461  instr=405707400585  ipc=3.811
[OMPT] tid=72611  ompt_id=1407374883553281 tipo=ompt_thread_worker     last_cpu=214 numa=1 migraciones=0 perf=abierto
        remote_fills=946852  instr=404776450142  ipc=3.799
[OMPT] tid=72612  ompt_id=1970324836974593 tipo=ompt_thread_worker     last_cpu=222 numa=1 migraciones=0 perf=abierto
        remote_fills=1009248  instr=405812987093  ipc=3.812
[OMPT] tid=72614  ompt_id=2251799813685249 tipo=ompt_thread_worker     last_cpu=231 numa=1 migraciones=0 perf=abierto
        remote_fills=1448759  instr=405086875370  ipc=3.802
[OMPT] tid=72613  ompt_id=1688849860263937 tipo=ompt_thread_worker     last_cpu= 24 numa=0 migraciones=0 perf=abierto
        remote_fills=917677  instr=404731254786  ipc=3.796
