kernel,size_tag,n_or_rows,ws_bytes,threads,config,binding,memory_policy,tool,migration,referencia,familia,warmup,reps,min_ms,avg_ms,max_ms,stdev_ms,migrations,mlups,gflops,fills_l2,fills_l3_ccd,fills_ccd_vecino,fills_dram_local,fills_far_cache,fills_far_dram,bw_remoto_gibs,gib_remotos_total,ratio_rm
stencil,S0,180,259200,8,base,none,first-touch,no,-,-,any,5,150,0.004880,0.005492,0.010691,0.000477,0,5769.475896,28.847379,0,0,21753,0,6075,1112,78.000470,0.000428,0.007681
spmv_static,S0,640,261192,8,base,none,first-touch,no,-,-,any,5,150,0.005640,0.006002,0.014291,0.000703,0,NA,6.897360,0,0,15653,0,458,301,7.537475,0.000045,0.001096
stencil,S0,180,259200,8,bind_close,close,first-touch,no,-,-,any,5,150,0.002180,0.002344,0.007880,0.000489,0,13519.602656,67.598013,0,0,8,0,14,22,0.915430,0.000002,0.000044
spmv_static,S0,640,261192,8,bind_close,close,first-touch,no,-,-,any,5,150,0.003980,0.004108,0.004610,0.000085,0,NA,10.077132,0,0,12,0,13,43,0.812527,0.000003,0.000081
stencil,S0,180,259200,8,bind_spread,spread,first-touch,no,-,-,any,5,150,0.005400,0.006056,0.014720,0.000787,0,5232.066582,26.160333,0,0,15316,0,14434,1745,159.237706,0.000964,0.019821
spmv_static,S0,640,261192,8,bind_spread,spread,first-touch,no,-,-,any,5,150,0.006840,0.007541,0.014720,0.000829,0,NA,5.489611,0,0,9686,0,5858,1193,55.731647,0.000420,0.010217
stencil,S0,180,259200,8,interleave,none,interleave,no,-,-,any,5,150,0.005140,0.005777,0.012170,0.000612,0,5484.697410,27.423487,0,0,19113,0,6949,2294,95.365368,0.000551,0.011373
spmv_static,S0,640,261192,8,interleave,none,interleave,no,-,-,any,5,150,0.006450,0.007045,0.013870,0.000602,0,NA,5.876102,0,0,8539,0,7076,877,67.286833,0.000474,0.011507
stencil,S0,180,259200,8,bind_close_il,close,interleave,no,-,-,any,5,150,0.002130,0.002228,0.002370,0.000038,0,14223.209155,71.116046,0,0,21,0,14,20,0.909586,0.000002,0.000042
spmv_static,S0,640,261192,8,bind_close_il,close,interleave,no,-,-,any,5,150,0.003990,0.004150,0.008740,0.000392,0,NA,9.975310,0,0,16,0,11,117,1.838408,0.000008,0.000187
stencil,S0,180,259200,8,bind_spread_il,spread,interleave,no,-,-,any,5,150,0.005550,0.006230,0.013860,0.000697,0,5085.545584,25.427728,0,0,6686,0,22631,2210,237.662758,0.001481,0.030328
spmv_static,S0,640,261192,8,bind_spread_il,spread,interleave,no,-,-,any,5,150,0.006160,0.007092,0.014360,0.000663,0,NA,5.837051,0,0,8122,0,7474,1482,75.270615,0.000534,0.012949
stencil,S0,180,259200,8,obs,none,first-touch,ompt,off,min,any,5,150,0.015200,0.017556,0.028291,0.001673,0,1804.787095,9.023935,0,10569,39731,531,9052,253,31.591548,0.000555,0.008133
spmv_static,S0,640,261192,8,obs,none,first-touch,ompt,off,min,any,5,150,0.014060,0.016934,0.032420,0.001974,0,NA,2.444630,0,8177,32281,1874,5073,52,18.039081,0.000305,0.003906
stencil,S0,180,259200,8,scheduler,none,first-touch,ompt,on,min,any,5,150,0.015931,0.018211,0.031850,0.002034,0,1739.846047,8.699230,0,115,37819,1636,12047,441,40.873253,0.000744,0.010211
spmv_static,S0,640,261192,8,scheduler,none,first-touch,ompt,on,min,any,5,150,0.014520,0.017926,0.030950,0.002105,0,NA,2.309434,0,245,33448,2044,4132,121,14.141390,0.000253,0.003955
stencil,S0,180,259200,16,base,none,first-touch,no,-,-,any,5,150,0.003470,0.004198,0.013190,0.000777,0,7546.840239,37.734201,0,0,17063,0,2,0,0.028397,0.000000,0.000010
spmv_static,S0,640,261192,16,base,none,first-touch,no,-,-,any,5,150,0.006090,0.006488,0.012260,0.000502,0,NA,6.380237,0,0,23609,0,499,266,7.027983,0.000046,0.001083
stencil,S0,180,259200,16,bind_close,close,first-touch,no,-,-,any,5,150,0.003470,0.003915,0.004310,0.000156,0,8093.857824,40.469289,0,0,3424,0,800,38,12.758287,0.000050,0.004088
spmv_static,S0,640,261192,16,bind_close,close,first-touch,no,-,-,any,5,150,0.004781,0.005261,0.010250,0.000432,0,NA,7.868258,0,0,3334,0,478,42,5.891354,0.000031,0.000740
stencil,S0,180,259200,16,bind_spread,spread,first-touch,no,-,-,any,5,150,0.005110,0.006651,0.018240,0.001432,0,4763.790143,23.818951,0,0,15643,0,11737,6081,159.680583,0.001062,0.087502
spmv_static,S0,640,261192,16,bind_spread,spread,first-touch,no,-,-,any,5,150,0.007310,0.007925,0.018241,0.001053,0,NA,5.223490,0,0,13881,0,8578,3127,88.034368,0.000698,0.016392
stencil,S0,180,259200,16,interleave,none,interleave,no,-,-,any,5,150,0.005100,0.005659,0.013150,0.000648,0,5598.935017,27.994675,0,0,15641,0,8789,1773,111.246556,0.000630,0.053149
spmv_static,S0,640,261192,16,interleave,none,interleave,no,-,-,any,5,150,0.006020,0.006718,0.012860,0.000581,0,NA,6.161994,0,0,7517,0,9161,1219,92.095298,0.000619,0.014645
stencil,S0,180,259200,16,bind_close_il,close,interleave,no,-,-,any,5,150,0.003120,0.003677,0.009460,0.000511,0,8616.557221,43.082786,0,0,2934,0,1408,555,31.820483,0.000117,0.009566
spmv_static,S0,640,261192,16,bind_close_il,close,interleave,no,-,-,any,5,150,0.004920,0.005171,0.005780,0.000148,0,NA,8.005915,0,0,1418,0,2172,333,28.874422,0.000149,0.003553
stencil,S0,180,259200,16,bind_spread_il,spread,interleave,no,-,-,any,5,150,0.005280,0.006872,0.017230,0.001020,0,4610.897886,23.054489,0,0,17685,0,9139,5672,128.463969,0.000883,0.075006
spmv_static,S0,640,261192,16,bind_spread_il,spread,interleave,no,-,-,any,5,150,0.007050,0.007831,0.018370,0.001017,0,NA,5.286187,0,0,11721,0,10681,2833,102.860065,0.000805,0.018747
stencil,S0,180,259200,16,obs,none,first-touch,ompt,off,min,any,5,150,0.025651,0.030856,0.046490,0.002837,0,1026.833883,5.134169,0,58882,84867,2887,11052,31,21.409070,0.000661,0.006522
spmv_static,S0,640,261192,16,obs,none,first-touch,ompt,off,min,any,5,150,0.022700,0.029346,0.042921,0.003207,0,NA,1.410696,0,52749,68353,2194,6950,357,14.841244,0.000436,0.004943
stencil,S0,180,259200,16,scheduler,none,first-touch,ompt,on,min,any,5,150,0.026420,0.030417,0.047151,0.002936,0,1041.649315,5.208247,0,51992,85547,3132,14910,190,29.589708,0.000900,0.008844
spmv_static,S0,640,261192,16,scheduler,none,first-touch,ompt,on,min,any,5,150,0.023580,0.027604,0.042131,0.002658,0,NA,1.499711,0,55671,72753,3512,7160,38,15.542466,0.000429,0.004254
stencil,S0,180,259200,32,base,none,first-touch,no,-,-,any,5,150,0.004540,0.005088,0.014990,0.000843,0,6227.780624,31.138903,0,0,29606,0,1440,448,22.117447,0.000113,0.014144
spmv_static,S0,640,261192,32,base,none,first-touch,no,-,-,any,5,150,0.005940,0.006367,0.016710,0.000855,0,NA,6.501555,0,0,19550,0,586,205,7.404943,0.000047,0.001040
stencil,S0,180,259200,32,bind_close,close,first-touch,no,-,-,any,5,150,0.004220,0.004833,0.011900,0.000620,0,6555.780553,32.778903,0,0,11562,0,2200,245,30.153808,0.000146,0.015516
spmv_static,S0,640,261192,32,bind_close,close,first-touch,no,-,-,any,5,150,0.005240,0.005693,0.012530,0.000676,0,NA,7.272078,0,0,10541,0,1224,209,15.003242,0.000085,0.001870
stencil,S0,180,259200,32,bind_spread,spread,first-touch,no,-,-,any,5,150,0.005910,0.007178,0.019290,0.001499,0,4414.075706,22.070379,0,0,17548,0,14355,4996,160.686749,0.001153,0.133995
spmv_static,S0,640,261192,32,bind_spread,spread,first-touch,no,-,-,any,5,150,0.006720,0.007667,0.017100,0.001088,0,NA,5.399157,0,0,17056,0,11727,3633,119.411418,0.000916,0.020277
stencil,S0,180,259200,32,interleave,none,interleave,no,-,-,any,5,150,0.004650,0.005743,0.015010,0.000822,0,5516.727434,27.583637,0,0,13445,0,9501,2724,126.879119,0.000729,0.064977
spmv_static,S0,640,261192,32,interleave,none,interleave,no,-,-,any,5,150,0.007210,0.007956,0.016141,0.000734,0,NA,5.203089,0,0,13473,0,15948,2126,135.406530,0.001077,0.024154
stencil,S0,180,259200,32,bind_close_il,close,interleave,no,-,-,any,5,150,0.004750,0.005734,0.012860,0.000689,0,5525.315352,27.626577,0,0,4233,0,9393,1095,109.022238,0.000625,0.067002
spmv_static,S0,640,261192,32,bind_close_il,close,interleave,no,-,-,any,5,150,0.005350,0.005781,0.013780,0.000767,0,NA,7.160467,0,0,7590,0,4254,1857,63.007089,0.000364,0.008140
stencil,S0,180,259200,32,bind_spread_il,spread,interleave,no,-,-,any,5,150,0.006030,0.007190,0.026841,0.001795,0,4406.876158,22.034381,0,0,14668,0,16338,5613,181.972400,0.001308,0.135916
spmv_static,S0,640,261192,32,bind_spread_il,spread,interleave,no,-,-,any,5,150,0.006990,0.007736,0.018690,0.000954,0,NA,5.351423,0,0,14246,0,14452,3953,141.807586,0.001097,0.024170
stencil,S0,180,259200,32,obs,none,first-touch,ompt,off,min,any,5,150,0.100311,0.245820,0.419395,0.064947,0,128.890817,0.644454,0,288978,155629,7695,17975,619,4.508538,0.001108,0.004743
spmv_static,S0,640,261192,32,obs,none,first-touch,ompt,off,min,any,5,150,0.058431,0.073793,0.185013,0.011483,0,NA,0.561005,0,223015,125450,4658,32180,2081,27.673556,0.002042,0.012577
stencil,S0,180,259200,32,scheduler,none,first-touch,ompt,on,min,any,5,150,0.057791,0.069189,0.098361,0.006941,0,457.935035,2.289675,0,232907,162814,4034,34175,1260,30.526393,0.002112,0.013148
spmv_static,S0,640,261192,32,scheduler,none,first-touch,ompt,on,min,any,5,150,0.055841,0.087920,0.243333,0.020425,0,NA,0.470861,0,266314,142483,3659,12443,601,8.843073,0.000777,0.004634
stencil,S0,180,259200,64,base,none,first-touch,no,-,-,any,5,150,0.004880,0.005377,0.018910,0.001128,0,5892.439363,29.462197,0,0,44116,0,2,5,0.077596,0.000000,0.000017
spmv_static,S0,640,261192,64,base,none,first-touch,no,-,-,any,5,150,0.027961,0.030042,0.040090,0.001771,0,NA,1.378010,0,0,37700,0,683,128,1.609060,0.000048,0.000719
stencil,S0,180,259200,64,bind_close,close,first-touch,no,-,-,any,5,150,0.006110,0.006668,0.017770,0.000939,0,4751.407397,23.757037,0,0,25406,0,3858,2373,55.698342,0.000371,0.028087
spmv_static,S0,640,261192,64,bind_close,close,first-touch,no,-,-,any,5,150,0.006620,0.007346,0.016670,0.000884,0,NA,5.635540,0,0,22565,0,1623,2143,30.556914,0.000224,0.004485
stencil,S0,180,259200,64,bind_spread,spread,first-touch,no,-,-,any,5,150,0.006261,0.007872,0.024850,0.001574,0,4024.850654,20.124253,0,0,23004,0,14067,10031,182.463507,0.001436,0.107289
spmv_static,S0,640,261192,64,bind_spread,spread,first-touch,no,-,-,any,5,150,0.007350,0.008171,0.039090,0.002559,0,NA,5.066273,0,0,18530,0,11140,7496,135.943233,0.001111,0.022062
stencil,S0,180,259200,64,interleave,none,interleave,no,-,-,any,5,150,0.025290,0.026711,0.035841,0.001591,0,1186.167617,5.930838,0,0,29280,0,30994,4967,80.245690,0.002143,0.031224
spmv_static,S0,640,261192,64,interleave,none,interleave,no,-,-,any,5,150,0.008790,0.009974,0.019981,0.000949,0,NA,4.150683,0,0,20784,0,18703,3441,132.332590,0.001320,0.025769
stencil,S0,180,259200,64,bind_close_il,close,interleave,no,-,-,any,5,150,0.006920,0.007912,0.043720,0.002962,0,4004.506186,20.022531,0,0,9479,0,19102,3883,173.156314,0.001370,0.094931
spmv_static,S0,640,261192,64,bind_close_il,close,interleave,no,-,-,any,5,150,0.006440,0.007285,0.016300,0.000952,0,NA,5.682625,0,0,15420,0,8776,4932,112.156551,0.000817,0.015999
stencil,S0,180,259200,64,bind_spread_il,spread,interleave,no,-,-,any,5,150,0.006960,0.008543,0.021090,0.001183,0,3708.984489,18.544922,0,0,17615,0,20310,8910,203.868398,0.001742,0.113694
spmv_static,S0,640,261192,64,bind_spread_il,spread,interleave,no,-,-,any,5,150,0.007280,0.008043,0.023371,0.001475,0,NA,5.147157,0,0,14841,0,14798,7103,162.302788,0.001305,0.024225
stencil,S0,180,259200,64,obs,none,first-touch,ompt,off,min,any,5,150,0.163512,0.259591,0.432355,0.057427,0,122.053372,0.610267,0,918742,328480,12172,223164,7374,52.933790,0.013741,0.032982
spmv_static,S0,640,261192,64,obs,none,first-touch,ompt,off,min,any,5,150,0.142862,0.245939,0.429655,0.055444,0,NA,0.168326,0,769982,211019,9315,184746,6893,46.444747,0.011423,0.032747
stencil,S0,180,259200,64,scheduler,none,first-touch,ompt,on,min,any,5,150,0.162642,0.253662,0.435735,0.049009,0,124.906201,0.624531,0,869878,351069,9829,223087,6717,53.998572,0.013697,0.007652
spmv_static,S0,640,261192,64,scheduler,none,first-touch,ompt,on,min,any,5,150,0.159862,0.255890,0.418825,0.049998,0,NA,0.161780,0,875716,248843,8668,180691,6155,43.522175,0.011137,0.030557
stencil,S0,180,259200,128,base,none,first-touch,no,-,-,any,5,150,0.125032,0.281795,8.031002,0.638012,0,112.436476,0.562182,0,0,184777,0,21666,1290,4.855602,0.001368,0.003185
spmv_static,S0,640,261192,128,base,none,first-touch,no,-,-,any,5,150,0.132432,0.176407,0.238493,0.020662,0,NA,0.234673,0,0,76142,0,21727,2797,8.286204,0.001462,0.006140
stencil,S0,180,259200,128,bind_close,close,first-touch,no,-,-,any,5,150,0.007550,0.009350,0.042421,0.002803,0,3388.576122,16.942881,0,0,34065,0,21325,11618,210.005969,0.001964,0.073616
spmv_static,S0,640,261192,128,bind_close,close,first-touch,no,-,-,any,5,150,0.007940,0.009066,0.033020,0.002019,0,NA,4.566275,0,0,30599,0,18795,10362,191.693429,0.001738,0.028699
stencil,S0,180,259200,128,bind_spread,spread,first-touch,no,-,-,any,5,150,0.007780,0.009305,0.018760,0.001216,0,3405.182791,17.025914,0,0,33655,0,21540,12515,218.144673,0.002030,0.062314
spmv_static,S0,640,261192,128,bind_spread,spread,first-touch,no,-,-,any,5,150,0.008190,0.009254,0.038551,0.002446,0,NA,4.473377,0,0,30552,0,18807,11109,192.687762,0.001783,0.024179
stencil,S0,180,259200,128,interleave,none,interleave,no,-,-,any,5,150,0.100172,0.153144,0.221243,0.025416,0,206.889959,1.034450,0,0,89665,0,96360,9615,41.246162,0.006317,0.034234
spmv_static,S0,640,261192,128,interleave,none,interleave,no,-,-,any,5,150,0.178702,0.360179,5.459192,0.642208,0,NA,0.114937,0,0,46397,0,45880,8800,9.048784,0.003259,0.006375
stencil,S0,180,259200,128,bind_close_il,close,interleave,no,-,-,any,5,150,0.007870,0.009570,0.036321,0.002332,0,3310.748962,16.553745,0,0,28289,0,26355,12525,242.155547,0.002317,0.081419
spmv_static,S0,640,261192,128,bind_close_il,close,interleave,no,-,-,any,5,150,0.009070,0.010281,0.051011,0.003763,0,NA,4.026581,0,0,24440,0,24388,10472,202.102706,0.002078,0.034460
stencil,S0,180,259200,128,bind_spread_il,spread,interleave,no,-,-,any,5,150,0.008390,0.009624,0.020530,0.001191,0,3292.215848,16.461079,0,0,28348,0,29175,12672,259.172441,0.002494,0.066723
spmv_static,S0,640,261192,128,bind_spread_il,spread,interleave,no,-,-,any,5,150,0.008490,0.009388,0.027620,0.001794,0,NA,4.409653,0,0,24785,0,25235,10773,228.615685,0.002146,0.035223
stencil,S0,180,259200,128,obs,none,first-touch,ompt,off,min,any,5,150,0.491636,0.623655,2.822512,0.187841,0,50.803733,0.254019,0,2886938,746098,27380,544568,17333,53.702623,0.033492,0.032961
spmv_static,S0,640,261192,128,obs,none,first-touch,ompt,off,min,any,5,150,0.403605,0.548377,3.659892,0.262759,0,NA,0.075492,0,2612573,536544,21751,426704,13993,47.900601,0.026268,0.033654
stencil,S0,180,259200,128,scheduler,none,first-touch,ompt,on,min,any,5,150,0.395435,0.571257,1.683109,0.114062,0,55.463637,0.277318,0,2753807,692109,26651,567661,21010,61.421612,0.035088,0.043410
spmv_static,S0,640,261192,128,scheduler,none,first-touch,ompt,on,min,any,5,150,0.453225,0.572994,1.744300,0.110795,0,NA,0.072249,0,2685036,522644,22644,434101,14975,46.714303,0.026767,0.034139
stencil,S0,180,259200,256,base,none,first-touch,no,-,-,any,5,150,0.280993,0.467370,5.763105,0.532005,0,67.792107,0.338961,0,0,396753,0,37716,1746,5.032669,0.002352,0.003443
spmv_static,S0,640,261192,256,base,none,first-touch,no,-,-,any,5,150,0.286593,0.420367,3.242647,0.238173,0,NA,0.098481,0,0,158629,0,28379,3875,4.573357,0.001922,0.004005
stencil,S0,180,259200,256,bind_close,close,first-touch,no,-,-,any,5,150,0.010410,0.012012,0.056911,0.004375,0,2637.752732,13.188764,0,0,65810,0,31771,12125,217.815975,0.002616,0.055642
spmv_static,S0,640,261192,256,bind_close,close,first-touch,no,-,-,any,5,150,0.012370,0.013316,0.043020,0.003024,0,NA,3.108811,0,0,56666,0,26770,9437,162.068592,0.002158,0.028219
stencil,S0,180,259200,256,bind_spread,spread,first-touch,no,-,-,any,5,150,0.010190,0.011863,0.037450,0.003372,0,2670.765219,13.353826,0,0,66035,0,30288,13995,222.496205,0.002639,0.056122
spmv_static,S0,640,261192,256,bind_spread,spread,first-touch,no,-,-,any,5,150,0.012610,0.013752,0.072291,0.004954,0,NA,3.010276,0,0,57214,0,27027,12948,173.261756,0.002383,0.030440
stencil,S0,180,259200,256,interleave,none,interleave,no,-,-,any,5,150,0.176362,0.291479,1.699579,0.122452,0,108.700679,0.543503,0,0,228082,0,198036,20205,44.628180,0.013008,0.023671
spmv_static,S0,640,261192,256,interleave,none,interleave,no,-,-,any,5,150,0.183952,0.342609,8.925032,0.723248,0,NA,0.120832,0,0,94498,0,135914,18783,26.913069,0.009221,0.018352
stencil,S0,180,259200,256,bind_close_il,close,interleave,no,-,-,any,5,150,0.010650,0.012893,0.049940,0.003451,0,2457.531238,12.287656,0,0,46795,0,47731,14660,288.435073,0.003719,0.065024
spmv_static,S0,640,261192,256,bind_close_il,close,interleave,no,-,-,any,5,150,0.012640,0.013785,0.060691,0.004056,0,NA,3.003114,0,0,40258,0,42009,9693,223.553090,0.003082,0.039570
stencil,S0,180,259200,256,bind_spread_il,spread,interleave,no,-,-,any,5,150,0.010820,0.012845,0.035711,0.002928,0,2466.690645,12.333453,0,0,45621,0,49594,16834,308.245803,0.003959,0.079796
spmv_static,S0,640,261192,256,bind_spread_il,spread,interleave,no,-,-,any,5,150,0.012950,0.013974,0.039210,0.002772,0,NA,2.962471,0,0,40569,0,42247,10539,225.153197,0.003146,0.038858
stencil,S0,180,259200,256,obs,none,first-touch,ompt,off,min,any,5,150,1.501777,1.912381,4.110897,0.289878,0,16.567825,0.082839,0,7706038,1674797,108208,1318381,68584,43.228601,0.082670,0.038905
spmv_static,S0,640,261192,256,obs,none,first-touch,ompt,off,min,any,5,150,1.549568,2.046474,27.287731,2.092385,0,NA,0.020229,0,8186555,1562487,109538,1226931,56868,37.391329,0.076520,0.036445
stencil,S0,180,259200,256,scheduler,none,first-touch,ompt,on,min,any,5,150,1.473736,1.989244,16.856242,1.304326,0,15.927662,0.079638,0,7875137,1640237,115740,1414250,76035,44.654104,0.088828,0.041784
spmv_static,S0,640,261192,256,scheduler,none,first-touch,ompt,on,min,any,5,150,1.492787,1.919876,10.852674,0.771954,0,NA,0.021563,0,7858810,1526301,101095,1175199,52649,38.119881,0.073185,0.034703
stencil,S1,700,3920000,8,base,none,first-touch,no,-,-,any,5,150,0.018150,0.019060,0.028080,0.001065,0,25561.031709,127.805159,0,0,30169,0,2460,807,10.216599,0.000195,0.000344
spmv_static,S1,9700,3912948,8,base,none,first-touch,no,-,-,any,5,150,0.023850,0.024602,0.040180,0.001716,0,NA,25.193899,0,0,39998,0,5,8,0.031496,0.000001,0.000000
stencil,S1,700,3920000,8,bind_close,close,first-touch,no,-,-,any,5,150,0.015661,0.016796,0.024250,0.002091,0,29007.628134,145.038141,0,0,20,0,22,40,0.220022,0.000004,0.000006
spmv_static,S1,9700,3912948,8,bind_close,close,first-touch,no,-,-,any,5,150,0.021301,0.021840,0.027020,0.000807,0,NA,28.380844,0,0,10,0,23,54,0.210145,0.000005,0.000002
stencil,S1,700,3920000,8,bind_spread,spread,first-touch,no,-,-,any,5,150,0.019161,0.020019,0.027820,0.001064,0,24336.480044,121.682400,0,0,15176,0,18715,2940,64.475677,0.001291,0.002281
spmv_static,S1,9700,3912948,8,bind_spread,spread,first-touch,no,-,-,any,5,150,0.025580,0.026970,0.087761,0.005219,0,NA,22.981775,0,0,18585,0,22289,4016,58.134971,0.001568,0.000648
stencil,S1,700,3920000,8,interleave,none,interleave,no,-,-,any,5,150,0.019220,0.019802,0.027341,0.001049,0,24603.164450,123.015822,0,0,15703,0,20660,2518,69.766511,0.001382,0.002443
spmv_static,S1,9700,3912948,8,interleave,none,interleave,no,-,-,any,5,150,0.026380,0.028624,0.068891,0.003477,0,NA,21.653956,0,0,21255,0,28177,3058,65.041611,0.001862,0.000769
stencil,S1,700,3920000,8,bind_close_il,close,interleave,no,-,-,any,5,150,0.015780,0.016683,0.027980,0.002245,0,29202.943607,146.014718,0,0,19,0,7,875,3.151190,0.000053,0.000093
spmv_static,S1,9700,3912948,8,bind_close_il,close,interleave,no,-,-,any,5,150,0.021290,0.021658,0.027180,0.000779,0,NA,28.619176,0,0,11,0,9,939,2.608976,0.000057,0.000023
stencil,S1,700,3920000,8,bind_spread_il,spread,interleave,no,-,-,any,5,150,0.019050,0.020233,0.030710,0.002217,0,24080.116142,120.400581,0,0,17333,0,16322,2448,55.294775,0.001119,0.001979
spmv_static,S1,9700,3912948,8,bind_spread_il,spread,interleave,no,-,-,any,5,150,0.026431,0.027957,0.035260,0.001203,0,NA,22.170471,0,0,17208,0,24197,3170,58.346758,0.001631,0.000674
stencil,S1,700,3920000,8,obs,none,first-touch,ompt,off,min,any,5,150,0.030090,0.033148,0.049711,0.002679,0,14697.671500,73.488358,0,175633,58146,5008,7431,544,14.340142,0.000475,0.000811
spmv_static,S1,9700,3912948,8,obs,none,first-touch,ompt,off,min,any,5,150,0.034591,0.040165,0.054250,0.003040,0,NA,15.431795,0,248982,47482,4156,12113,582,18.839312,0.000757,0.000316
stencil,S1,700,3920000,8,scheduler,none,first-touch,ompt,on,min,any,5,150,0.029520,0.031817,0.053331,0.002563,0,15312.903026,76.564515,0,108021,49835,4822,11780,905,23.763552,0.000756,0.001290
spmv_static,S1,9700,3912948,8,scheduler,none,first-touch,ompt,on,min,any,5,150,0.037291,0.041663,0.056260,0.002922,0,NA,14.877128,0,308954,48814,3939,17746,1156,27.041908,0.001127,0.000442
stencil,S1,700,3920000,16,base,none,first-touch,no,-,-,any,5,150,0.010970,0.011663,0.023110,0.001192,0,41772.994107,208.864971,0,0,40434,0,3401,370,19.271981,0.000225,0.000384
spmv_static,S1,9700,3912948,16,base,none,first-touch,no,-,-,any,5,150,0.017030,0.017685,0.025000,0.001080,0,NA,35.048284,0,0,43686,0,3593,160,12.648925,0.000224,0.000092
stencil,S1,700,3920000,16,bind_close,close,first-touch,no,-,-,any,5,150,0.010220,0.011202,0.017800,0.001183,0,43493.134176,217.465671,0,0,5303,0,1125,51,6.257370,0.000070,0.000120
spmv_static,S1,9700,3912948,16,bind_close,close,first-touch,no,-,-,any,5,150,0.013901,0.014806,0.022891,0.001239,0,NA,41.861784,0,0,6581,0,938,93,4.150506,0.000061,0.000025
stencil,S1,700,3920000,16,bind_spread,spread,first-touch,no,-,-,any,5,150,0.012370,0.013896,0.023640,0.001395,0,35061.847094,175.309235,0,0,31479,0,29663,7130,157.817623,0.002193,0.003753
spmv_static,S1,9700,3912948,16,bind_spread,spread,first-touch,no,-,-,any,5,150,0.016900,0.018367,0.080181,0.005164,0,NA,33.746978,0,0,24806,0,24772,5412,97.953209,0.001799,0.000739
stencil,S1,700,3920000,16,interleave,none,interleave,no,-,-,any,5,150,0.011480,0.012091,0.020170,0.000849,0,40293.653857,201.468269,0,0,28135,0,16708,1737,90.927770,0.001099,0.001880
spmv_static,S1,9700,3912948,16,interleave,none,interleave,no,-,-,any,5,150,0.017790,0.018807,0.024550,0.001020,0,NA,32.956705,0,0,22414,0,27243,2420,94.010346,0.001768,0.000726
stencil,S1,700,3920000,16,bind_close_il,close,interleave,no,-,-,any,5,150,0.010660,0.011552,0.017480,0.001107,0,42175.859424,210.879297,0,0,2453,0,3642,998,23.940924,0.000277,0.000473
spmv_static,S1,9700,3912948,16,bind_close_il,close,interleave,no,-,-,any,5,150,0.015620,0.016240,0.020281,0.000618,0,NA,38.166534,0,0,2921,0,5109,988,22.377433,0.000363,0.000149
stencil,S1,700,3920000,16,bind_spread_il,spread,interleave,no,-,-,any,5,150,0.012330,0.014053,0.025791,0.001957,0,34669.614287,173.348071,0,0,29870,0,29729,5153,147.949137,0.002079,0.003545
spmv_static,S1,9700,3912948,16,bind_spread_il,spread,interleave,no,-,-,any,5,150,0.017430,0.018604,0.028340,0.001499,0,NA,33.315966,0,0,23306,0,27040,5628,104.663757,0.001947,0.000800
stencil,S1,700,3920000,16,obs,none,first-touch,ompt,off,min,any,5,150,0.037830,0.043567,0.056591,0.003384,0,11182.963596,55.914818,0,49798,92854,5333,27472,2012,40.337488,0.001757,0.002750
spmv_static,S1,9700,3912948,16,obs,none,first-touch,ompt,off,min,any,5,150,0.039891,0.048906,0.063090,0.004178,0,NA,12.673810,0,77961,81025,3547,29678,1524,38.027729,0.001860,0.000683
stencil,S1,700,3920000,16,scheduler,none,first-touch,ompt,on,min,any,5,150,0.034731,0.039836,0.104142,0.005970,0,12230.168271,61.150841,0,88796,110028,6184,17657,1202,28.217793,0.001124,0.001649
spmv_static,S1,9700,3912948,16,scheduler,none,first-touch,ompt,on,min,any,5,150,0.036771,0.045315,0.060381,0.003729,0,NA,13.678023,0,110619,84707,5290,19037,1455,26.953953,0.001221,0.000505
stencil,S1,700,3920000,32,base,none,first-touch,no,-,-,any,5,150,0.010320,0.010893,0.019760,0.000939,0,44726.912859,223.634564,0,0,73782,0,7294,888,44.770513,0.000488,0.000780
spmv_static,S1,9700,3912948,32,base,none,first-touch,no,-,-,any,5,150,0.012970,0.013591,0.019731,0.000753,0,NA,45.603841,0,0,43086,0,1991,427,10.604373,0.000144,0.000059
stencil,S1,700,3920000,32,bind_close,close,first-touch,no,-,-,any,5,150,0.007371,0.008020,0.016611,0.000783,0,60751.456427,303.757282,0,0,17856,0,2543,184,20.267066,0.000163,0.000262
spmv_static,S1,9700,3912948,32,bind_close,close,first-touch,no,-,-,any,5,150,0.010600,0.011096,0.017911,0.000633,0,NA,55.861506,0,0,14409,0,2785,250,16.303181,0.000181,0.000074
stencil,S1,700,3920000,32,bind_spread,spread,first-touch,no,-,-,any,5,150,0.010050,0.011082,0.021150,0.001254,0,43961.719690,219.808598,0,0,33778,0,33111,5108,205.561263,0.002278,0.003650
spmv_static,S1,9700,3912948,32,bind_spread,spread,first-touch,no,-,-,any,5,150,0.012680,0.013566,0.022341,0.001016,0,NA,45.689900,0,0,24035,0,23679,4571,124.121422,0.001684,0.000684
stencil,S1,700,3920000,32,interleave,none,interleave,no,-,-,any,5,150,0.012540,0.013661,0.021241,0.000869,0,35663.808413,178.319042,0,0,39899,0,38079,3471,181.287826,0.002477,0.003920
spmv_static,S1,9700,3912948,32,interleave,none,interleave,no,-,-,any,5,150,0.018100,0.019205,0.025490,0.000817,0,NA,32.274073,0,0,23627,0,22515,1933,75.876821,0.001457,0.000591
stencil,S1,700,3920000,32,bind_close_il,close,interleave,no,-,-,any,5,150,0.007560,0.008416,0.015090,0.000652,0,57887.274409,289.436372,0,0,7283,0,11363,773,85.950804,0.000723,0.001160
spmv_static,S1,9700,3912948,32,bind_close_il,close,interleave,no,-,-,any,5,150,0.011370,0.011979,0.018271,0.000817,0,NA,51.742262,0,0,8645,0,8880,608,47.210023,0.000566,0.000230
stencil,S1,700,3920000,32,bind_spread_il,spread,interleave,no,-,-,any,5,150,0.009620,0.011049,0.021461,0.001365,0,44094.876818,220.474384,0,0,35953,0,29508,5775,190.336744,0.002103,0.003376
spmv_static,S1,9700,3912948,32,bind_spread_il,spread,interleave,no,-,-,any,5,150,0.014170,0.015031,0.022830,0.001120,0,NA,41.236086,0,0,21742,0,24538,6186,121.834416,0.001831,0.000744
stencil,S1,700,3920000,32,obs,none,first-touch,ompt,off,min,any,5,150,0.063121,0.083235,0.150582,0.010244,0,5853.386839,29.266934,0,283733,194359,11975,18852,1035,14.241095,0.001185,0.001475
spmv_static,S1,9700,3912948,32,obs,none,first-touch,ompt,off,min,any,5,150,0.061701,0.075362,0.094591,0.006295,0,NA,8.224574,0,289064,151725,9533,11408,972,9.791480,0.000738,0.000271
stencil,S1,700,3920000,32,scheduler,none,first-touch,ompt,on,min,any,5,150,0.056080,0.067455,0.083341,0.005356,0,7222.691399,36.113457,0,287490,176807,10131,11445,1355,11.310347,0.000763,0.001020
spmv_static,S1,9700,3912948,32,scheduler,none,first-touch,ompt,on,min,any,5,150,0.059461,0.073533,0.096671,0.006349,0,NA,8.429236,0,253980,159709,13509,15449,3570,15.416490,0.001134,0.000383
stencil,S1,700,3920000,64,base,none,first-touch,no,-,-,any,5,150,0.008790,0.009531,0.035770,0.002689,0,51119.756910,255.598785,0,0,111616,0,0,15,0.093806,0.000001,0.000001
spmv_static,S1,9700,3912948,64,base,none,first-touch,no,-,-,any,5,150,0.029500,0.043583,0.060630,0.007534,0,NA,14.221705,0,0,54007,0,1576,197,2.424777,0.000106,0.000042
stencil,S1,700,3920000,64,bind_close,close,first-touch,no,-,-,any,5,150,0.007440,0.009712,0.035360,0.002307,0,50163.228212,250.816141,0,0,34534,0,4388,2893,44.685072,0.000434,0.000621
spmv_static,S1,9700,3912948,64,bind_close,close,first-touch,no,-,-,any,5,150,0.009260,0.011370,0.024470,0.001584,0,NA,54.512418,0,0,31236,0,3210,1957,27.086825,0.000308,0.000124
stencil,S1,700,3920000,64,bind_spread,spread,first-touch,no,-,-,any,5,150,0.008520,0.010055,0.025920,0.001460,0,48453.357396,242.266787,0,0,35455,0,29937,5975,212.881353,0.002141,0.003063
spmv_static,S1,9700,3912948,64,bind_spread,spread,first-touch,no,-,-,any,5,150,0.010960,0.012111,0.027951,0.001858,0,NA,51.178570,0,0,27915,0,19364,6126,125.449789,0.001519,0.000614
stencil,S1,700,3920000,64,interleave,none,interleave,no,-,-,any,5,150,0.034770,0.038197,0.050140,0.002603,0,12755.044249,63.775221,0,0,88268,0,80720,4858,133.540495,0.005101,0.006823
spmv_static,S1,9700,3912948,64,interleave,none,interleave,no,-,-,any,5,150,0.014920,0.015751,0.021380,0.001026,0,NA,39.350307,0,0,20507,0,18577,3498,83.535809,0.001316,0.000532
stencil,S1,700,3920000,64,bind_close_il,close,interleave,no,-,-,any,5,150,0.007950,0.009090,0.041650,0.002707,0,53595.637873,267.978189,0,0,11058,0,28528,1440,196.505170,0.001786,0.002534
spmv_static,S1,9700,3912948,64,bind_close_il,close,interleave,no,-,-,any,5,150,0.009470,0.011384,0.024800,0.001425,0,NA,54.445062,0,0,19997,0,16967,3216,105.674679,0.001203,0.000486
stencil,S1,700,3920000,64,bind_spread_il,spread,interleave,no,-,-,any,5,150,0.008730,0.010020,0.023120,0.001201,0,48624.544814,243.122724,0,0,36968,0,28360,6555,207.694229,0.002081,0.002931
spmv_static,S1,9700,3912948,64,bind_spread_il,spread,interleave,no,-,-,any,5,150,0.010250,0.011577,0.027031,0.001369,0,NA,53.538334,0,0,21959,0,25575,5186,158.374231,0.001833,0.000741
stencil,S1,700,3920000,64,obs,none,first-touch,ompt,off,min,any,5,150,0.156201,0.214998,0.315313,0.025545,0,2266.084369,11.330422,0,771836,302710,16170,253846,14048,74.269187,0.015968,0.017113
spmv_static,S1,9700,3912948,64,obs,none,first-touch,ompt,off,min,any,5,150,0.164191,0.218556,0.301063,0.025547,0,NA,2.835998,0,847778,235205,18727,190481,12291,55.300029,0.012086,0.004386
stencil,S1,700,3920000,64,scheduler,none,first-touch,ompt,on,min,any,5,150,0.152061,0.223155,1.208193,0.089069,0,2183.254379,10.916272,0,779791,305379,17275,266794,17195,75.853391,0.016927,0.017758
spmv_static,S1,9700,3912948,64,scheduler,none,first-touch,ompt,on,min,any,5,150,0.167022,0.223988,0.303653,0.026695,0,NA,2.767215,0,823233,223885,12994,190246,8883,52.989505,0.011869,0.004272
stencil,S1,700,3920000,128,base,none,first-touch,no,-,-,any,5,150,0.090671,0.129143,0.181822,0.019258,0,3772.593172,18.862966,0,0,229761,0,62798,7998,32.675177,0.004220,0.004480
spmv_static,S1,9700,3912948,128,base,none,first-touch,no,-,-,any,5,150,0.098301,0.155333,0.256873,0.033547,0,NA,3.990293,0,0,97175,0,49182,6887,21.514893,0.003342,0.001261
stencil,S1,700,3920000,128,bind_close,close,first-touch,no,-,-,any,5,150,0.009490,0.010974,0.038560,0.002924,0,44394.348332,221.971742,0,0,46426,0,32313,4544,200.186659,0.002197,0.003022
spmv_static,S1,9700,3912948,128,bind_close,close,first-touch,no,-,-,any,5,150,0.010360,0.012971,0.034890,0.002618,0,NA,47.784311,0,0,43576,0,32319,10682,197.599208,0.002563,0.001026
stencil,S1,700,3920000,128,bind_spread,spread,first-touch,no,-,-,any,5,150,0.009400,0.010550,0.031620,0.002249,0,46180.211297,230.901056,0,0,46760,0,31488,5485,208.887444,0.002204,0.003018
spmv_static,S1,9700,3912948,128,bind_spread,spread,first-touch,no,-,-,any,5,150,0.010550,0.011507,0.029261,0.002037,0,NA,53.866200,0,0,43429,0,32727,11468,228.923896,0.002634,0.001054
stencil,S1,700,3920000,128,interleave,none,interleave,no,-,-,any,5,150,0.103741,0.139317,0.192792,0.017947,0,3497.081339,17.485407,0,0,102878,0,123261,14854,59.090387,0.008232,0.009038
spmv_static,S1,9700,3912948,128,interleave,none,interleave,no,-,-,any,5,150,0.134112,0.195051,0.276283,0.038227,0,NA,3.177761,0,0,60383,0,71353,15072,26.410177,0.005151,0.001969
stencil,S1,700,3920000,128,bind_close_il,close,interleave,no,-,-,any,5,150,0.008950,0.010341,0.031100,0.001810,0,47113.879527,235.569398,0,0,36527,0,37415,5104,245.075901,0.002534,0.003483
spmv_static,S1,9700,3912948,128,bind_close_il,close,interleave,no,-,-,any,5,150,0.011800,0.012874,0.028710,0.001730,0,NA,48.145858,0,0,38242,0,36570,9656,214.019288,0.002755,0.001106
stencil,S1,700,3920000,128,bind_spread_il,spread,interleave,no,-,-,any,5,150,0.009800,0.011099,0.033720,0.002352,0,43897.815279,219.489076,0,0,38458,0,38192,5731,235.878441,0.002618,0.003546
spmv_static,S1,9700,3912948,128,bind_spread_il,spread,interleave,no,-,-,any,5,150,0.012040,0.014673,0.028951,0.002027,0,NA,42.243926,0,0,36642,0,41760,9201,207.013719,0.003038,0.001218
stencil,S1,700,3920000,128,obs,none,first-touch,ompt,off,min,any,5,150,0.403835,0.553512,1.364616,0.097248,0,880.205115,4.401026,0,2669144,692298,45343,592796,45115,68.693106,0.038022,0.026412
spmv_static,S1,9700,3912948,128,obs,none,first-touch,ompt,off,min,any,5,150,0.422975,0.617205,4.529891,0.352705,0,NA,1.004243,0,2749735,562875,45675,419380,37631,44.134410,0.027240,0.008768
stencil,S1,700,3920000,128,scheduler,none,first-touch,ompt,on,min,any,5,150,0.411765,0.527245,1.255554,0.077813,0,924.055478,4.620277,0,2633453,717930,50836,583749,37380,70.218159,0.037022,0.023433
spmv_static,S1,9700,3912948,128,scheduler,none,first-touch,ompt,on,min,any,5,150,0.404314,0.579551,1.497427,0.101941,0,NA,1.069490,0,2795516,556246,42810,477708,37317,52.968388,0.030698,0.009624
stencil,S1,700,3920000,256,base,none,first-touch,no,-,-,any,5,150,0.158092,0.238143,4.417371,0.344675,0,2045.846632,10.229233,0,0,390802,0,142777,13694,39.163017,0.009326,0.007214
spmv_static,S1,9700,3912948,256,base,none,first-touch,no,-,-,any,5,150,0.229823,0.311134,0.618487,0.045979,0,NA,1.992142,0,0,216936,0,88027,13212,19.394584,0.006034,0.002073
stencil,S1,700,3920000,256,bind_close,close,first-touch,no,-,-,any,5,150,0.012350,0.014712,0.172002,0.013096,0,33115.870610,165.579353,0,0,64206,0,29574,6357,145.571947,0.002142,0.002600
spmv_static,S1,9700,3912948,256,bind_close,close,first-touch,no,-,-,any,5,150,0.017851,0.020035,0.065410,0.005226,0,NA,30.936823,0,0,82791,0,56291,14700,211.200067,0.004231,0.001661
stencil,S1,700,3920000,256,bind_spread,spread,first-touch,no,-,-,any,5,150,0.012050,0.013420,0.039060,0.002934,0,36303.167709,181.515839,0,0,66399,0,31147,8294,175.176363,0.002351,0.002876
spmv_static,S1,9700,3912948,256,bind_spread,spread,first-touch,no,-,-,any,5,150,0.018100,0.019537,0.051561,0.004180,0,NA,31.725508,0,0,81648,0,55842,14951,215.979506,0.004220,0.001656
stencil,S1,700,3920000,256,interleave,none,interleave,no,-,-,any,5,150,0.159392,0.279140,7.870760,0.626060,0,1745.375623,8.726878,0,0,248487,0,259081,31584,62.065573,0.017325,0.013414
spmv_static,S1,9700,3912948,256,interleave,none,interleave,no,-,-,any,5,150,0.344664,0.937370,37.603817,3.366898,0,NA,0.661237,0,0,189785,0,244659,65366,19.713592,0.018479,0.005815
stencil,S1,700,3920000,256,bind_close_il,close,interleave,no,-,-,any,5,150,0.015330,0.016916,0.052450,0.003645,0,28801.155820,144.005779,0,0,47697,0,56322,8086,226.945848,0.003839,0.004378
spmv_static,S1,9700,3912948,256,bind_close_il,close,interleave,no,-,-,any,5,150,0.019960,0.022030,0.121481,0.008643,0,NA,28.134873,0,0,67808,0,67747,13392,219.530698,0.004836,0.001895
stencil,S1,700,3920000,256,bind_spread_il,spread,interleave,no,-,-,any,5,150,0.012370,0.014210,0.042700,0.003212,0,34286.735721,171.433679,0,0,42905,0,52340,7789,252.214475,0.003584,0.004346
spmv_static,S1,9700,3912948,256,bind_spread_il,spread,interleave,no,-,-,any,5,150,0.019090,0.021608,0.055050,0.004243,0,NA,28.685489,0,0,65500,0,70739,16578,240.859810,0.005204,0.002038
stencil,S1,700,3920000,256,obs,none,first-touch,ompt,off,min,any,5,150,1.438876,1.932410,5.655785,0.520120,0,252.122543,1.260613,0,7887348,1786709,178986,1503445,155674,51.175060,0.098891,0.022338
spmv_static,S1,9700,3912948,256,obs,none,first-touch,ompt,off,min,any,5,150,1.344396,1.893967,7.461845,0.569699,0,NA,0.327262,0,7884751,1485035,172674,1168291,110178,40.234434,0.076203,0.014221
stencil,S1,700,3920000,256,scheduler,none,first-touch,ompt,on,min,any,5,150,1.380326,1.967642,14.955680,1.131939,0,247.608070,1.238040,0,7931682,1803738,180299,1484287,159399,49.791232,0.097971,0.032598
spmv_static,S1,9700,3912948,256,scheduler,none,first-touch,ompt,on,min,any,5,150,1.544937,1.955591,8.885032,0.653284,0,NA,0.316950,0,8099429,1589432,201312,1165198,102679,38.643744,0.075571,0.016812
stencil,S2,1800,25920000,8,base,none,first-touch,no,-,-,any,5,150,0.108971,0.110791,0.123202,0.002335,0,29179.408673,145.897043,0,0,56525,0,17,1,0.009684,0.000001,0.000000
spmv_static,S2,64000,25854204,8,base,none,first-touch,no,-,-,any,5,150,0.182762,0.187783,0.203102,0.003865,0,NA,21.810852,0,0,176704,0,3,4,0.002222,0.000000,0.000000
stencil,S2,1800,25920000,8,bind_close,close,first-touch,no,-,-,any,5,150,0.105381,0.109752,0.155712,0.009646,0,29455.452025,147.277260,0,0,16,0,20,153,0.093954,0.000010,0.000002
spmv_static,S2,64000,25854204,8,bind_close,close,first-touch,no,-,-,any,5,150,0.175832,0.184423,0.244923,0.009325,0,NA,22.208213,0,0,19,0,14,753,0.247891,0.000046,0.000002
stencil,S2,1800,25920000,8,bind_spread,spread,first-touch,no,-,-,any,5,150,0.109271,0.114624,0.155402,0.009844,0,28203.591853,141.017959,0,0,24223,0,32470,48613,42.163277,0.004833,0.001145
spmv_static,S2,64000,25854204,8,bind_spread,spread,first-touch,no,-,-,any,5,150,0.184283,0.191571,0.232263,0.006106,0,NA,21.379573,0,0,134484,0,115835,55784,53.396858,0.010229,0.000485
stencil,S2,1800,25920000,8,interleave,none,interleave,no,-,-,any,5,150,0.112271,0.114421,0.139811,0.003555,0,28253.645783,141.268229,0,0,24782,0,33871,40922,38.961469,0.004458,0.001034
spmv_static,S2,64000,25854204,8,interleave,none,interleave,no,-,-,any,5,150,0.184242,0.191412,0.210443,0.005744,0,NA,21.397303,0,0,127033,0,106713,57707,51.199484,0.009800,0.000465
stencil,S2,1800,25920000,8,bind_close_il,close,interleave,no,-,-,any,5,150,0.105331,0.110260,0.150392,0.009427,0,29319.758501,146.598793,0,0,25,0,12,31666,17.124578,0.001888,0.000448
spmv_static,S2,64000,25854204,8,bind_close_il,close,interleave,no,-,-,any,5,150,0.179072,0.183975,0.276443,0.008702,0,NA,22.262277,0,0,5,0,7,61173,19.821237,0.003647,0.000173
stencil,S2,1800,25920000,8,bind_spread_il,spread,interleave,no,-,-,any,5,150,0.110062,0.115004,0.160932,0.009154,0,28110.464039,140.552320,0,0,21191,0,36902,26279,32.745653,0.003766,0.000883
spmv_static,S2,64000,25854204,8,bind_spread_il,spread,interleave,no,-,-,any,5,150,0.182922,0.193400,0.311133,0.011017,0,NA,21.177323,0,0,104258,0,119228,51277,52.548552,0.010163,0.000482
stencil,S2,1800,25920000,8,obs,none,first-touch,ompt,off,min,any,5,150,0.124301,0.132027,0.147262,0.004122,0,24485.887634,122.429438,0,818234,73042,41879,17867,14442,14.586156,0.001926,0.000444
spmv_static,S2,64000,25854204,8,obs,none,first-touch,ompt,off,min,any,5,150,0.197882,0.208597,0.225513,0.006382,0,NA,19.634469,0,15537855,187288,56207,46104,19323,18.695154,0.003900,0.000204
stencil,S2,1800,25920000,8,scheduler,none,first-touch,ompt,on,min,any,5,150,0.123022,0.133039,0.147432,0.004165,0,24299.711708,121.498559,0,713429,73282,25749,17901,14267,14.412031,0.001917,0.000402
spmv_static,S2,64000,25854204,8,scheduler,none,first-touch,ompt,on,min,any,5,150,0.197592,0.210403,0.231312,0.006925,0,NA,19.466009,0,23733206,219736,53881,50363,26522,21.780598,0.004583,0.000208
stencil,S2,1800,25920000,16,base,none,first-touch,no,-,-,any,5,150,0.062710,0.064292,0.101912,0.003504,0,50283.411565,251.417058,0,0,80750,0,8766,3749,11.602565,0.000746,0.000177
spmv_static,S2,64000,25854204,16,base,none,first-touch,no,-,-,any,5,150,0.092531,0.098979,0.116351,0.004790,0,NA,41.379323,0,0,111919,0,12891,4599,10.532388,0.001042,0.000049
stencil,S2,1800,25920000,16,bind_close,close,first-touch,no,-,-,any,5,150,0.055841,0.058546,0.078271,0.005314,0,55218.250286,276.091251,0,0,12058,0,1453,110,1.591263,0.000093,0.000022
spmv_static,S2,64000,25854204,16,bind_close,close,first-touch,no,-,-,any,5,150,0.090241,0.093787,0.114211,0.004946,0,NA,43.670231,0,0,23997,0,980,147,0.716245,0.000067,0.000003
stencil,S2,1800,25920000,16,bind_spread,spread,first-touch,no,-,-,any,5,150,0.058961,0.061820,0.098471,0.005700,0,52293.459853,261.467299,0,0,48716,0,56376,24988,78.448274,0.004850,0.001164
spmv_static,S2,64000,25854204,16,bind_spread,spread,first-touch,no,-,-,any,5,150,0.097501,0.101263,0.121491,0.004662,0,NA,40.446000,0,0,141845,0,120811,42005,95.835496,0.009705,0.000460
stencil,S2,1800,25920000,16,interleave,none,interleave,no,-,-,any,5,150,0.103231,0.104287,0.111931,0.001874,0,30999.013111,154.995066,0,0,42371,0,29043,21038,28.623512,0.002985,0.000641
spmv_static,S2,64000,25854204,16,interleave,none,interleave,no,-,-,any,5,150,0.094721,0.099829,0.149581,0.005209,0,NA,41.027214,0,0,83294,0,116098,40412,93.447024,0.009329,0.000442
stencil,S2,1800,25920000,16,bind_close_il,close,interleave,no,-,-,any,5,150,0.056470,0.059218,0.080281,0.005410,0,54591.509281,272.957546,0,0,5086,0,10047,8305,18.471823,0.001094,0.000262
spmv_static,S2,64000,25854204,16,bind_close_il,close,interleave,no,-,-,any,5,150,0.095031,0.098232,0.142182,0.006020,0,NA,41.693991,0,0,1459,0,33928,28292,37.753492,0.003709,0.000176
stencil,S2,1800,25920000,16,bind_spread_il,spread,interleave,no,-,-,any,5,150,0.059511,0.062121,0.082301,0.004878,0,52040.571248,260.202856,0,0,54720,0,52301,14892,64.471192,0.004005,0.000967
spmv_static,S2,64000,25854204,16,bind_spread_il,spread,interleave,no,-,-,any,5,150,0.095492,0.100751,0.151522,0.006564,0,NA,40.651539,0,0,121477,0,115996,53538,100.296909,0.010105,0.000479
stencil,S2,1800,25920000,16,obs,none,first-touch,ompt,off,min,any,5,150,0.089051,0.109125,0.123972,0.004447,0,29624.766254,148.123831,0,1725743,162176,43332,11215,4463,8.563405,0.000934,0.000234
spmv_static,S2,64000,25854204,16,obs,none,first-touch,ompt,off,min,any,5,150,0.134161,0.142831,0.157602,0.004907,0,NA,28.675236,0,24550778,256389,40771,29095,11646,17.001581,0.002428,0.000116
stencil,S2,1800,25920000,16,scheduler,none,first-touch,ompt,on,min,any,5,150,0.113431,0.128536,0.162711,0.010328,0,25150.871589,125.754358,0,1606244,160503,44550,22192,8736,14.341916,0.001843,0.000360
spmv_static,S2,64000,25854204,16,scheduler,none,first-touch,ompt,on,min,any,5,150,0.133411,0.143424,0.160372,0.005338,0,NA,28.556541,0,22202661,236137,49386,45111,29133,30.854580,0.004425,0.000178
stencil,S2,1800,25920000,32,base,none,first-touch,no,-,-,any,5,150,0.053021,0.054215,0.082931,0.002749,0,59629.313012,298.146565,0,0,128969,0,6604,3839,11.481164,0.000622,0.000138
spmv_static,S2,64000,25854204,32,base,none,first-touch,no,-,-,any,5,150,0.091811,0.094117,0.103551,0.002140,0,NA,43.517078,0,0,91796,0,27326,6772,21.594390,0.002032,0.000096
stencil,S2,1800,25920000,32,bind_close,close,first-touch,no,-,-,any,5,150,0.030661,0.032151,0.057841,0.003356,0,100550.568214,502.752841,0,0,32973,0,3427,247,6.811218,0.000219,0.000052
spmv_static,S2,64000,25854204,32,bind_close,close,first-touch,no,-,-,any,5,150,0.047051,0.049241,0.089591,0.004440,0,NA,83.177139,0,0,56489,0,2726,422,3.810553,0.000188,0.000009
stencil,S2,1800,25920000,32,bind_spread,spread,first-touch,no,-,-,any,5,150,0.033731,0.036065,0.050921,0.003298,0,89637.899712,448.189499,0,0,52454,0,58855,21431,132.688715,0.004785,0.001134
spmv_static,S2,64000,25854204,32,bind_spread,spread,first-touch,no,-,-,any,5,150,0.052061,0.054834,0.069210,0.002963,0,NA,74.692600,0,0,62204,0,68345,22476,98.722571,0.005413,0.000256
stencil,S2,1800,25920000,32,interleave,none,interleave,no,-,-,any,5,150,0.054271,0.056014,0.064691,0.001595,0,57713.967020,288.569835,0,0,102352,0,85662,13867,105.909071,0.005932,0.001350
spmv_static,S2,64000,25854204,32,interleave,none,interleave,no,-,-,any,5,150,0.091711,0.093508,0.102612,0.002048,0,NA,43.800346,0,0,34108,0,72883,32876,67.413779,0.006304,0.000299
stencil,S2,1800,25920000,32,bind_close_il,close,interleave,no,-,-,any,5,150,0.036960,0.038072,0.047830,0.001760,0,84912.232778,424.561164,0,0,12661,0,22532,31573,84.705540,0.003225,0.000719
spmv_static,S2,64000,25854204,32,bind_close_il,close,interleave,no,-,-,any,5,150,0.047741,0.049615,0.065371,0.002780,0,NA,82.549810,0,0,27763,0,3950,22607,31.904072,0.001583,0.000075
stencil,S2,1800,25920000,32,bind_spread_il,spread,interleave,no,-,-,any,5,150,0.033831,0.036187,0.049661,0.003635,0,89335.039513,446.675198,0,0,51835,0,63591,24112,144.458125,0.005228,0.001250
spmv_static,S2,64000,25854204,32,bind_spread_il,spread,interleave,no,-,-,any,5,150,0.051470,0.054226,0.068351,0.002895,0,NA,75.530170,0,0,57047,0,67541,28550,105.622209,0.005727,0.000271
stencil,S2,1800,25920000,32,obs,none,first-touch,ompt,off,min,any,5,150,0.103251,0.116492,0.145532,0.008871,0,27751.186643,138.755933,0,1513574,256003,23113,22323,4045,13.491530,0.001572,0.000347
spmv_static,S2,64000,25854204,32,obs,none,first-touch,ompt,off,min,any,5,150,0.160632,0.196541,0.233952,0.013457,0,NA,20.838870,0,22049120,240280,54826,48933,16899,19.964755,0.003924,0.000170
stencil,S2,1800,25920000,32,scheduler,none,first-touch,ompt,on,min,any,5,150,0.105931,0.121577,0.152092,0.007992,0,26590.505569,132.952528,0,1467397,234019,29615,21466,4937,12.944401,0.001574,0.000397
spmv_static,S2,64000,25854204,32,scheduler,none,first-touch,ompt,on,min,any,5,150,0.140172,0.182053,0.224513,0.016273,0,NA,22.497335,0,16238184,255998,53086,19879,10081,9.808985,0.001786,0.000088
stencil,S2,1800,25920000,64,base,none,first-touch,no,-,-,any,5,150,0.071061,0.075146,0.086721,0.002619,0,43020.543766,215.102719,0,0,121372,0,59515,11040,55.963135,0.004205,0.000717
spmv_static,S2,64000,25854204,64,base,none,first-touch,no,-,-,any,5,150,0.049501,0.051190,0.067851,0.002764,0,NA,80.010414,0,0,181044,0,11769,2496,16.609890,0.000850,0.000040
stencil,S2,1800,25920000,64,bind_close,close,first-touch,no,-,-,any,5,150,0.018820,0.020633,0.033640,0.002079,0,156681.542542,783.407713,0,0,56074,0,4217,3450,22.148442,0.000457,0.000105
spmv_static,S2,64000,25854204,64,bind_close,close,first-touch,no,-,-,any,5,150,0.027021,0.029751,0.068151,0.006542,0,NA,137.665313,0,0,66440,0,3184,3288,12.966329,0.000386,0.000018
stencil,S2,1800,25920000,64,bind_spread,spread,first-touch,no,-,-,any,5,150,0.019670,0.022089,0.042591,0.002764,0,146353.657992,731.768290,0,0,52528,0,42494,9821,141.166055,0.003118,0.000715
spmv_static,S2,64000,25854204,64,bind_spread,spread,first-touch,no,-,-,any,5,150,0.030331,0.032672,0.049330,0.002700,0,NA,125.358233,0,0,45611,0,51503,13396,118.397461,0.003868,0.000183
stencil,S2,1800,25920000,64,interleave,none,interleave,no,-,-,any,5,150,0.078281,0.082578,0.094061,0.002980,0,39148.644779,195.743224,0,0,107908,0,100560,13838,82.572261,0.006819,0.001160
spmv_static,S2,64000,25854204,64,interleave,none,interleave,no,-,-,any,5,150,0.049891,0.051796,0.067931,0.002894,0,NA,79.073684,0,0,52131,0,89745,18608,124.688047,0.006458,0.000306
stencil,S2,1800,25920000,64,bind_close_il,close,interleave,no,-,-,any,5,150,0.019570,0.022568,0.071151,0.004854,0,143244.798476,716.223992,0,0,34033,0,33296,15017,127.600106,0.002880,0.000651
spmv_static,S2,64000,25854204,64,bind_close_il,close,interleave,no,-,-,any,5,150,0.027081,0.029248,0.042771,0.003733,0,NA,140.033507,0,0,35723,0,6684,12584,39.266353,0.001148,0.000054
stencil,S2,1800,25920000,64,bind_spread_il,spread,interleave,no,-,-,any,5,150,0.020190,0.022042,0.054371,0.003375,0,146665.727046,733.328635,0,0,47095,0,44392,20872,176.482966,0.003890,0.000911
spmv_static,S2,64000,25854204,64,bind_spread_il,spread,interleave,no,-,-,any,5,150,0.030850,0.033158,0.091451,0.005357,0,NA,123.521290,0,0,35379,0,41839,16460,104.797973,0.003475,0.000164
stencil,S2,1800,25920000,64,obs,none,first-touch,ompt,off,min,any,5,150,0.177122,0.276916,0.414674,0.042575,0,11674.325998,58.371630,0,1250511,332808,40758,294435,85517,81.782577,0.022647,0.004220
spmv_static,S2,64000,25854204,64,obs,none,first-touch,ompt,off,min,any,5,150,0.250993,0.344040,1.373145,0.099539,0,NA,11.904725,0,19858875,424860,91749,235559,95053,57.278255,0.019706,0.000848
stencil,S2,1800,25920000,64,scheduler,none,first-touch,ompt,on,min,any,5,150,0.189342,0.283728,0.426654,0.052557,0,11394.029547,56.970148,0,1426262,381930,36026,302052,56457,75.314391,0.021369,0.004172
spmv_static,S2,64000,25854204,64,scheduler,none,first-touch,ompt,on,min,any,5,150,0.265873,0.362444,1.390566,0.095126,0,NA,11.300218,0,32387184,337418,92067,276361,122211,65.545967,0.023757,0.001069
stencil,S2,1800,25920000,128,base,none,first-touch,no,-,-,any,5,150,0.176202,0.256045,0.716248,0.053846,0,12625.922211,63.129611,0,0,272754,0,61872,13261,17.490190,0.004478,0.000751
spmv_static,S2,64000,25854204,128,base,none,first-touch,no,-,-,any,5,150,0.131112,0.157395,0.189112,0.014334,0,NA,26.021861,0,0,162826,0,53132,19888,27.652284,0.004352,0.000204
stencil,S2,1800,25920000,128,bind_close,close,first-touch,no,-,-,any,5,150,0.014620,0.016482,0.033760,0.002546,0,196143.947119,980.719736,0,0,57425,0,40547,9184,179.844593,0.002964,0.000646
spmv_static,S2,64000,25854204,128,bind_close,close,first-touch,no,-,-,any,5,150,0.021330,0.023502,0.048491,0.003697,0,NA,174.269286,0,0,64117,0,46971,15443,158.291392,0.003720,0.000175
stencil,S2,1800,25920000,128,bind_spread,spread,first-touch,no,-,-,any,5,150,0.016201,0.019077,0.054541,0.004658,0,169464.192294,847.320961,0,0,63538,0,46787,15020,193.111300,0.003684,0.000825
spmv_static,S2,64000,25854204,128,bind_spread,spread,first-touch,no,-,-,any,5,150,0.020411,0.023233,0.055551,0.004830,0,NA,176.284498,0,0,50310,0,28699,13035,107.069265,0.002488,0.000117
stencil,S2,1800,25920000,128,interleave,none,interleave,no,-,-,any,5,150,0.248903,0.374905,8.035872,0.630346,0,8622.993625,43.114968,0,0,184049,0,154614,82970,37.772529,0.014161,0.002235
spmv_static,S2,64000,25854204,128,interleave,none,interleave,no,-,-,any,5,150,0.145712,0.257762,6.033029,0.475948,0,NA,15.889472,0,0,99191,0,95532,69857,38.244398,0.009858,0.000461
stencil,S2,1800,25920000,128,bind_close_il,close,interleave,no,-,-,any,5,150,0.014700,0.017282,0.046210,0.003356,0,187063.357353,935.316787,0,0,57306,0,50677,6986,198.876440,0.003437,0.000753
spmv_static,S2,64000,25854204,128,bind_close_il,close,interleave,no,-,-,any,5,150,0.020370,0.023456,0.084521,0.006916,0,NA,174.614025,0,0,50607,0,54793,14288,175.543506,0.004118,0.000194
stencil,S2,1800,25920000,128,bind_spread_il,spread,interleave,no,-,-,any,5,150,0.015340,0.017844,0.067891,0.005149,0,181166.236591,905.831183,0,0,62468,0,53195,6190,198.364819,0.003540,0.000776
spmv_static,S2,64000,25854204,128,bind_spread_il,spread,interleave,no,-,-,any,5,150,0.019550,0.022791,0.050000,0.005008,0,NA,179.707480,0,0,42118,0,54095,10701,169.459109,0.003862,0.000182
stencil,S2,1800,25920000,128,obs,none,first-touch,ompt,off,min,any,5,150,0.445775,0.564709,2.036313,0.129386,0,5724.730074,28.623650,0,2900273,816550,95078,688401,154946,89.014693,0.050267,0.009110
spmv_static,S2,64000,25854204,128,obs,none,first-touch,ompt,off,min,any,5,150,0.474546,0.621417,1.759240,0.116303,0,NA,6.590904,0,23826845,651435,122706,528706,199881,69.884102,0.043427,0.001880
stencil,S2,1800,25920000,128,scheduler,none,first-touch,ompt,on,min,any,5,150,0.428824,0.605952,3.341008,0.232685,0,5335.080064,26.675400,0,2858447,809317,100592,709030,196791,89.101346,0.053991,0.009810
spmv_static,S2,64000,25854204,128,scheduler,none,first-touch,ompt,on,min,any,5,150,0.490675,0.649045,1.960032,0.122031,0,NA,6.310349,0,21341780,629860,130070,529943,177656,64.981915,0.042176,0.001935
stencil,S2,1800,25920000,256,base,none,first-touch,no,-,-,any,5,150,0.285033,0.609385,12.211969,1.163535,0,5305.026619,26.525133,0,0,495473,0,347229,99094,43.655364,0.026603,0.004068
spmv_static,S2,64000,25854204,256,base,none,first-touch,no,-,-,any,5,150,0.319674,0.495794,7.961601,0.654489,0,NA,8.260887,0,0,211121,0,109540,75184,22.207627,0.011010,0.000504
stencil,S2,1800,25920000,256,bind_close,close,first-touch,no,-,-,any,5,150,0.017340,0.019029,0.042391,0.002792,0,169883.990524,849.419953,0,0,75677,0,41208,14712,175.158534,0.003333,0.000428
spmv_static,S2,64000,25854204,256,bind_close,close,first-touch,no,-,-,any,5,150,0.021970,0.025863,0.103231,0.007552,0,NA,158.360386,0,0,62117,0,26607,11708,88.301897,0.002284,0.000107
stencil,S2,1800,25920000,256,bind_spread,spread,first-touch,no,-,-,any,5,150,0.017270,0.019092,0.043300,0.003224,0,169329.864238,846.649321,0,0,77491,0,45146,14062,184.845580,0.003529,0.000462
spmv_static,S2,64000,25854204,256,bind_spread,spread,first-touch,no,-,-,any,5,150,0.021840,0.025831,0.094431,0.007111,0,NA,158.556565,0,0,63537,0,24909,11137,83.175604,0.002149,0.000101
stencil,S2,1800,25920000,256,interleave,none,interleave,no,-,-,any,5,150,0.208562,0.404433,8.254714,0.799383,0,7993.426844,39.967134,0,0,352906,0,451911,141919,87.517651,0.035395,0.005444
spmv_static,S2,64000,25854204,256,interleave,none,interleave,no,-,-,any,5,150,0.296143,0.424885,3.640091,0.322475,0,NA,9.639553,0,0,133196,0,202090,124974,45.881906,0.019495,0.000891
stencil,S2,1800,25920000,256,bind_close_il,close,interleave,no,-,-,any,5,150,0.017001,0.018800,0.043561,0.003349,0,171956.318071,859.781590,0,0,55325,0,62900,9550,229.699815,0.004318,0.000564
spmv_static,S2,64000,25854204,256,bind_close_il,close,interleave,no,-,-,any,5,150,0.024250,0.028151,0.083521,0.007612,0,NA,145.489771,0,0,45234,0,47191,12790,126.998906,0.003575,0.000168
stencil,S2,1800,25920000,256,bind_spread_il,spread,interleave,no,-,-,any,5,150,0.017740,0.019598,0.048380,0.003352,0,164953.903993,824.769520,0,0,60842,0,60272,12208,220.438037,0.004320,0.000565
spmv_static,S2,64000,25854204,256,bind_spread_il,spread,interleave,no,-,-,any,5,150,0.022120,0.026507,0.123831,0.009789,0,NA,154.513280,0,0,43996,0,44490,17401,139.170448,0.003689,0.000173
stencil,S2,1800,25920000,256,obs,none,first-touch,ompt,off,min,any,5,150,1.486947,2.067030,21.625370,1.654816,0,1563.984724,7.819924,0,7880561,1910740,266175,1582937,558710,61.756292,0.127652,0.017203
spmv_static,S2,64000,25854204,256,obs,none,first-touch,ompt,off,min,any,5,150,1.559558,1.987869,8.370413,0.636530,0,NA,2.060347,0,44471107,1638194,433180,1272018,489623,52.821381,0.105002,0.004482
stencil,S2,1800,25920000,256,scheduler,none,first-touch,ompt,on,min,any,5,150,1.529287,1.914139,8.681317,0.592476,0,1688.907315,8.444537,0,7989787,1890334,255297,1600325,532864,66.425674,0.127148,0.016430
spmv_static,S2,64000,25854204,256,scheduler,none,first-touch,ompt,on,min,any,5,150,1.614498,1.972560,5.301549,0.401766,0,NA,2.076337,0,41142720,1607919,432336,1296508,530533,55.207512,0.108900,0.004699
stencil,S3,5000,200000000,8,base,none,first-touch,no,-,-,any,5,150,0.770079,0.780689,0.843089,0.008987,0,31997.377701,159.986889,0,0,58429,0,116,34,0.011452,0.000009,0.000000
spmv_static,S3,495000,199968652,8,base,none,first-touch,no,-,-,any,5,150,3.266376,3.372474,3.691671,0.084050,0,NA,9.393135,0,0,1306808,0,150,507,0.011612,0.000039,0.000000
stencil,S3,5000,200000000,8,bind_close,close,first-touch,no,-,-,any,5,150,5.727913,5.882783,6.038817,0.086393,0,4246.290051,21.231450,0,0,6,0,12,29185,0.295825,0.001740,0.000031
spmv_static,S3,495000,199968652,8,bind_close,close,first-touch,no,-,-,any,5,150,4.692402,4.730764,4.831864,0.021379,0,NA,6.696193,0,0,0,0,0,29099,0.366629,0.001734,0.000010
stencil,S3,5000,200000000,8,bind_spread,spread,first-touch,no,-,-,any,5,150,0.775818,0.805307,0.908640,0.018796,0,31019.242731,155.096214,0,0,28219,0,34280,1839294,138.672224,0.111674,0.001946
spmv_static,S3,495000,199968652,8,bind_spread,spread,first-touch,no,-,-,any,5,150,4.629111,4.876184,5.356600,0.172301,0,NA,6.496496,0,0,602748,0,614620,76785023,946.104213,4.613378,0.027225
stencil,S3,5000,200000000,8,interleave,none,interleave,no,-,-,any,5,150,0.777879,0.800534,0.846589,0.012507,0,31204.176992,156.020885,0,0,51122,0,7432,2118086,158.257795,0.126691,0.002209
spmv_static,S3,495000,199968652,8,interleave,none,interleave,no,-,-,any,5,150,4.036855,4.146562,4.278658,0.047889,0,NA,7.639608,0,0,360596,0,857651,67818392,987.181947,4.093411,0.024155
stencil,S3,5000,200000000,8,bind_close_il,close,interleave,no,-,-,any,5,150,8.107620,8.371725,8.505315,0.041425,0,2983.854043,14.919270,0,0,8,0,3,89540496,637.506564,5.337030,0.094532
spmv_static,S3,495000,199968652,8,bind_close_il,close,interleave,no,-,-,any,5,150,6.117718,6.207153,6.405401,0.089216,0,NA,5.103484,0,0,1,0,0,166231784,1596.252974,9.908186,0.058476
stencil,S3,5000,200000000,8,bind_spread_il,spread,interleave,no,-,-,any,5,150,0.776969,0.798935,0.842740,0.012085,0,31266.627395,156.333137,0,0,33483,0,34219,1839104,139.759495,0.111659,0.001946
spmv_static,S3,495000,199968652,8,bind_spread_il,spread,interleave,no,-,-,any,5,150,3.988894,4.091210,4.310468,0.071165,0,NA,7.742969,0,0,622276,0,615845,69924042,1027.692274,4.204505,0.024813
stencil,S3,5000,200000000,8,obs,none,first-touch,ompt,off,min,any,5,150,0.797469,0.818099,0.872970,0.012695,0,30534.200022,152.671000,0,1688042,55673,1281068,37403,438122,34.645561,0.028343,0.000530
spmv_static,S3,495000,199968652,8,obs,none,first-touch,ompt,off,min,any,5,150,4.602831,4.843112,5.485271,0.147087,0,NA,6.540859,0,1973260950,967658,95499758,327296,38425540,476.934877,2.309849,0.013607
stencil,S3,5000,200000000,8,scheduler,none,first-touch,ompt,on,min,any,5,150,0.794979,0.821119,0.874560,0.015235,0,30421.904248,152.109521,0,1601051,58055,1153875,40109,912521,69.150967,0.056781,0.000972
spmv_static,S3,495000,199968652,8,scheduler,none,first-touch,ompt,on,min,any,5,150,4.643692,4.827445,5.273458,0.150585,0,NA,6.562085,0,1969823434,896381,93695700,321426,38095850,474.339550,2.289848,0.013464
stencil,S3,5000,200000000,16,base,none,first-touch,no,-,-,any,5,150,0.389044,0.398814,0.484605,0.010547,0,62635.655820,313.178279,0,0,101849,0,22181,223901,36.778123,0.014668,0.000256
spmv_static,S3,495000,199968652,16,base,none,first-touch,no,-,-,any,5,150,2.005392,2.156062,2.537789,0.101522,0,NA,14.692575,0,0,1447711,0,220034,9615486,271.904368,0.586243,0.003460
stencil,S3,5000,200000000,16,bind_close,close,first-touch,no,-,-,any,5,150,2.441548,2.492232,2.552509,0.019310,0,10023.144258,50.115721,0,0,9380,0,12,1955,0.047043,0.000117,0.000002
spmv_static,S3,495000,199968652,16,bind_close,close,first-touch,no,-,-,any,5,150,2.210505,2.230163,2.260175,0.008598,0,NA,14.204389,0,0,222309,0,1,2362,0.063155,0.000141,0.000001
stencil,S3,5000,200000000,16,bind_spread,spread,first-touch,no,-,-,any,5,150,0.390765,0.407771,0.462605,0.012524,0,61259.888619,306.299443,0,0,64253,0,70911,861501,136.292395,0.055576,0.000968
spmv_static,S3,495000,199968652,16,bind_spread,spread,first-touch,no,-,-,any,5,150,2.288436,2.396178,2.835823,0.111073,0,NA,13.220263,0,0,901477,0,895977,62169258,1568.740273,3.758981,0.022182
stencil,S3,5000,200000000,16,interleave,none,interleave,no,-,-,any,5,150,0.892000,0.924567,0.967561,0.015742,0,27018.055932,135.090280,0,0,50829,0,60328,21954877,1419.268126,1.312208,0.022930
spmv_static,S3,495000,199968652,16,interleave,none,interleave,no,-,-,any,5,150,2.179905,2.446692,3.834073,0.153145,0,NA,12.947319,0,0,611861,0,615265,83215172,2042.220034,4.996683,0.029485
stencil,S3,5000,200000000,16,bind_close_il,close,interleave,no,-,-,any,5,150,3.281857,3.318952,3.363208,0.016884,0,7526.473311,37.632367,0,0,8242,0,1896,48313482,867.689844,2.879821,0.051169
spmv_static,S3,495000,199968652,16,bind_close_il,close,interleave,no,-,-,any,5,150,2.918884,2.945622,2.984704,0.009478,0,NA,10.754301,0,0,88743,0,9273,136966849,2771.711066,8.164413,0.048037
stencil,S3,5000,200000000,16,bind_spread_il,spread,interleave,no,-,-,any,5,150,0.390584,0.407262,0.470295,0.010807,0,61336.452832,306.682264,0,0,64551,0,70380,1016965,159.137883,0.064811,0.001129
spmv_static,S3,495000,199968652,16,bind_spread_il,spread,interleave,no,-,-,any,5,150,2.001213,2.080666,2.287916,0.033806,0,NA,15.224984,0,0,724318,0,725935,53308214,1547.911225,3.220686,0.019004
stencil,S3,5000,200000000,16,obs,none,first-touch,ompt,off,min,any,5,150,1.236874,1.317235,1.461867,0.039098,0,18963.968744,94.819844,0,2164849,168028,2074501,53533,43380658,1965.389263,2.588880,0.045893
spmv_static,S3,495000,199968652,16,obs,none,first-touch,ompt,off,min,any,5,150,2.283466,2.658621,4.334379,0.268153,0,NA,11.915238,0,2009097143,808011,70930048,623539,49561957,1125.127900,2.991289,0.017710
stencil,S3,5000,200000000,16,scheduler,none,first-touch,ompt,on,min,any,5,150,0.444285,0.482869,0.581477,0.018725,0,51732.412888,258.662064,0,2254938,186583,6936298,22097,251971,33.830554,0.016336,0.000314
spmv_static,S3,495000,199968652,16,scheduler,none,first-touch,ompt,on,min,any,5,150,2.370057,2.707079,4.563162,0.219404,0,NA,11.701951,0,1980050486,1256448,83777690,401744,38413840,854.644100,2.313589,0.013745
stencil,S3,5000,200000000,32,base,none,first-touch,no,-,-,any,5,150,0.773669,0.794665,0.823140,0.007405,0,31434.625490,157.173127,0,0,191472,0,6516,61008,5.064705,0.004025,0.000070
spmv_static,S3,495000,199968652,32,base,none,first-touch,no,-,-,any,5,150,1.013612,1.028950,1.078032,0.011351,0,NA,30.786839,0,0,2261594,0,151,358,0.029485,0.000030,0.000000
stencil,S3,5000,200000000,32,bind_close,close,first-touch,no,-,-,any,5,150,0.784369,0.812762,0.841570,0.012846,0,30734.720891,153.673604,0,0,26637,0,3405,32447,2.629239,0.002137,0.000038
spmv_static,S3,495000,199968652,32,bind_close,close,first-touch,no,-,-,any,5,150,1.138313,1.152074,1.226244,0.013274,0,NA,27.496592,0,0,1413735,0,2787,22138,1.289540,0.001486,0.000009
stencil,S3,5000,200000000,32,bind_spread,spread,first-touch,no,-,-,any,5,150,0.199053,0.214016,0.282673,0.013707,0,116720.209367,583.601047,0,0,67692,0,73314,517563,164.562527,0.035219,0.000613
spmv_static,S3,495000,199968652,32,bind_spread,spread,first-touch,no,-,-,any,5,150,1.089912,1.126004,1.329765,0.037874,0,NA,28.133199,0,0,1631531,0,935277,65782979,3531.708545,3.976718,0.023464
stencil,S3,5000,200000000,32,interleave,none,interleave,no,-,-,any,5,150,0.309763,0.337847,0.407975,0.034329,0,73938.812456,369.694062,0,0,88638,0,83796,4747724,852.400742,0.287981,0.005014
spmv_static,S3,495000,199968652,32,interleave,none,interleave,no,-,-,any,5,150,1.610769,1.921613,2.231846,0.195659,0,NA,16.485163,0,0,293895,0,826563,79372996,2487.632122,4.780266,0.028206
stencil,S3,5000,200000000,32,bind_close_il,close,interleave,no,-,-,any,5,150,0.880010,0.926701,1.039202,0.025668,0,26955.840319,134.779202,0,0,26380,0,5484,47453199,3052.503388,2.828758,0.049909
spmv_static,S3,495000,199968652,32,bind_close_il,close,interleave,no,-,-,any,5,150,1.407876,1.427044,1.478897,0.009840,0,NA,22.198415,0,0,444369,0,545612,121312470,5089.757352,7.263308,0.042847
stencil,S3,5000,200000000,32,bind_spread_il,spread,interleave,no,-,-,any,5,150,0.198883,0.211449,0.291923,0.014600,0,118137.066720,590.685334,0,0,69106,0,76613,433623,143.828704,0.030412,0.000529
spmv_static,S3,495000,199968652,32,bind_spread_il,spread,interleave,no,-,-,any,5,150,1.075473,1.101429,1.210194,0.016923,0,NA,28.760910,0,0,754846,0,926313,70685356,3875.318420,4.268388,0.025183
stencil,S3,5000,200000000,32,obs,none,first-touch,ompt,off,min,any,5,150,2.004193,2.034556,2.069193,0.015241,0,12277.864726,61.389324,0,5147108,319642,35818788,43717,757403,23.469727,0.047750,0.000753
spmv_static,S3,495000,199968652,32,obs,none,first-touch,ompt,off,min,any,5,150,1.228574,1.443763,1.751110,0.070961,0,NA,21.941353,0,1980203021,1558586,145081353,91941,5602958,235.109524,0.339442,0.002000
stencil,S3,5000,200000000,32,scheduler,none,first-touch,ompt,on,min,any,5,150,1.797210,1.849032,1.920752,0.025706,0,13509.772253,67.548861,0,4687701,253463,37645084,65474,1727431,57.795358,0.106865,0.001448
spmv_static,S3,495000,199968652,32,scheduler,none,first-touch,ompt,on,min,any,5,150,1.201474,1.562076,2.009172,0.075489,0,NA,20.279494,0,1984266825,1651047,151793193,127325,9107153,352.362997,0.550418,0.003228
stencil,S3,5000,200000000,64,base,none,first-touch,no,-,-,any,5,150,0.634557,0.663011,0.697598,0.011841,0,37676.579148,188.382896,0,0,220221,0,30646,186121,19.487339,0.012920,0.000223
spmv_static,S3,495000,199968652,64,base,none,first-touch,no,-,-,any,5,150,0.834259,0.857663,1.823601,0.080162,0,NA,36.935376,0,0,1177172,0,269361,23425647,1646.722005,1.412333,0.008333
stencil,S3,5000,200000000,64,bind_close,close,first-touch,no,-,-,any,5,150,0.103421,0.110952,0.150562,0.009107,0,225141.506552,1125.707533,0,0,68699,0,3770,3956,4.150493,0.000461,0.000008
spmv_static,S3,495000,199968652,64,bind_close,close,first-touch,no,-,-,any,5,150,0.689847,0.714707,0.781649,0.013751,0,NA,44.323223,0,0,892703,0,3406,22912,2.194851,0.001569,0.000009
stencil,S3,5000,200000000,64,bind_spread,spread,first-touch,no,-,-,any,5,150,0.104171,0.111753,0.151132,0.009313,0,223529.110680,1117.645553,0,0,75154,0,71045,299219,197.484221,0.022069,0.000383
spmv_static,S3,495000,199968652,64,bind_spread,spread,first-touch,no,-,-,any,5,150,0.667228,0.699118,0.823829,0.019770,0,NA,45.311558,0,0,672314,0,457817,57898255,4975.258743,3.478293,0.020508
stencil,S3,5000,200000000,64,interleave,none,interleave,no,-,-,any,5,150,0.889980,0.934239,1.311855,0.058845,0,26738.357231,133.691786,0,0,126725,0,138361,13309742,857.991801,0.801569,0.014036
spmv_static,S3,495000,199968652,64,interleave,none,interleave,no,-,-,any,5,150,1.043392,1.070251,1.524447,0.043205,0,NA,29.598766,0,0,370938,0,870056,78862195,4440.465366,4.752412,0.028041
stencil,S3,5000,200000000,64,bind_close_il,close,interleave,no,-,-,any,5,150,0.104761,0.113342,0.160192,0.009280,0,220394.518477,1101.972592,0,0,62108,0,7477,265306,143.451976,0.016259,0.000282
spmv_static,S3,495000,199968652,64,bind_close_il,close,interleave,no,-,-,any,5,150,0.733388,0.755604,0.787039,0.008503,0,NA,41.924232,0,0,323235,0,216138,90075811,7122.539778,5.381820,0.031741
stencil,S3,5000,200000000,64,bind_spread_il,spread,interleave,no,-,-,any,5,150,0.104631,0.111627,0.145782,0.008239,0,223781.809247,1118.909046,0,0,69908,0,74343,280926,189.700364,0.021176,0.000368
spmv_static,S3,495000,199968652,64,bind_spread_il,spread,interleave,no,-,-,any,5,150,0.638937,0.657345,0.674067,0.006366,0,NA,48.190977,0,0,380546,0,341707,72369591,6593.084436,4.333931,0.025559
stencil,S3,5000,200000000,64,obs,none,first-touch,ompt,off,min,any,5,150,0.612237,0.691756,1.764430,0.097612,0,36111.008286,180.555041,0,6620373,460364,18697311,340300,1081188,122.481464,0.084727,0.001522
spmv_static,S3,495000,199968652,64,obs,none,first-touch,ompt,off,min,any,5,150,0.954930,1.038235,1.539027,0.057265,0,NA,30.511503,0,2000830028,1262001,47285175,879925,37813550,2221.376502,2.306311,0.013405
stencil,S3,5000,200000000,64,scheduler,none,first-touch,ompt,on,min,any,5,150,0.620807,0.693082,1.149093,0.061542,0,36041.934105,180.209671,0,6267149,417303,18289183,331852,1031153,117.217629,0.081241,0.001501
spmv_static,S3,495000,199968652,64,scheduler,none,first-touch,ompt,on,min,any,5,150,0.986211,1.097410,1.456677,0.067402,0,NA,28.866255,0,2000095645,1156735,53659887,701217,24294654,1357.623871,1.489870,0.008589
stencil,S3,5000,200000000,128,base,none,first-touch,no,-,-,any,5,150,0.629367,0.708895,1.404956,0.128817,0,35237.943730,176.189719,0,0,195512,0,111877,460730,48.145405,0.034130,0.000580
spmv_static,S3,495000,199968652,128,base,none,first-touch,no,-,-,any,5,150,0.381004,0.396773,0.416025,0.008113,0,NA,79.839420,0,0,692888,0,188836,3719653,587.147055,0.232964,0.001375
stencil,S3,5000,200000000,128,bind_close,close,first-touch,no,-,-,any,5,150,0.060350,0.064440,0.086241,0.004562,0,387645.881871,1938.229409,0,0,90130,0,74452,152559,209.976878,0.013531,0.000234
spmv_static,S3,495000,199968652,128,bind_close,close,first-touch,no,-,-,any,5,150,0.366974,0.392599,0.421675,0.013746,0,NA,80.688109,0,0,207872,0,284469,26642027,4087.998770,1.604944,0.009461
stencil,S3,5000,200000000,128,bind_spread,spread,first-touch,no,-,-,any,5,150,0.060760,0.064369,0.091541,0.005158,0,388074.263337,1940.371317,0,0,90915,0,75750,134440,194.632514,0.012528,0.000217
spmv_static,S3,495000,199968652,128,bind_spread,spread,first-touch,no,-,-,any,5,150,0.361104,0.384224,0.403535,0.009462,0,NA,82.447059,0,0,290506,0,332526,26474296,4158.540598,1.597811,0.009402
stencil,S3,5000,200000000,128,interleave,none,interleave,no,-,-,any,5,150,0.541676,0.848973,1.650328,0.280557,0,29423.793866,147.118969,0,0,209824,0,249201,12432702,890.370275,0.755900,0.012821
spmv_static,S3,495000,199968652,128,interleave,none,interleave,no,-,-,any,5,150,0.461475,0.480700,0.542666,0.012429,0,NA,65.899909,0,0,421119,0,463487,26905261,3393.602044,1.631305,0.009626
stencil,S3,5000,200000000,128,bind_close_il,close,interleave,no,-,-,any,5,150,0.059791,0.063959,0.092381,0.005732,0,390561.993290,1952.809966,0,0,82489,0,86089,125685,197.356338,0.012623,0.000218
spmv_static,S3,495000,199968652,128,bind_close_il,close,interleave,no,-,-,any,5,150,0.334144,0.351387,0.448215,0.020175,0,NA,90.151625,0,0,201808,0,180458,28079207,4793.595932,1.684407,0.009931
stencil,S3,5000,200000000,128,bind_spread_il,spread,interleave,no,-,-,any,5,150,0.059730,0.063723,0.084451,0.005328,0,392008.038099,1960.040190,0,0,77611,0,85260,170753,239.467130,0.015260,0.000264
spmv_static,S3,495000,199968652,128,bind_spread_il,spread,interleave,no,-,-,any,5,150,0.339354,0.353853,0.395425,0.009644,0,NA,89.523403,0,0,224834,0,197153,29168520,4946.490514,1.750331,0.010319
stencil,S3,5000,200000000,128,obs,none,first-touch,ompt,off,min,any,5,150,0.684917,0.836039,3.206247,0.233819,0,29878.992492,149.394962,0,11978521,897997,614596,730516,1542495,162.052265,0.135482,0.002220
spmv_static,S3,495000,199968652,128,obs,none,first-touch,ompt,off,min,any,5,150,0.868930,1.046274,3.233367,0.239932,0,NA,30.277080,0,2022068741,1373595,22463328,1078713,15969715,971.223116,1.016165,0.005948
stencil,S3,5000,200000000,128,scheduler,none,first-touch,ompt,on,min,any,5,150,0.663418,0.803067,4.136437,0.278794,0,31105.756417,155.528782,0,12547137,882578,608418,720765,1543798,168.078720,0.134978,0.002185
spmv_static,S3,495000,199968652,128,scheduler,none,first-touch,ompt,on,min,any,5,150,0.924250,1.056389,2.583679,0.149679,0,NA,29.987169,0,2040766222,1526333,22714537,1101936,16244238,978.723311,1.033913,0.006035
stencil,S3,5000,200000000,256,base,none,first-touch,no,-,-,any,5,150,0.708648,0.875773,1.192774,0.089775,0,28523.372639,142.616863,0,0,305276,0,93521,226942,21.810541,0.019101,0.000316
spmv_static,S3,495000,199968652,256,base,none,first-touch,no,-,-,any,5,150,1.013941,1.295381,3.400849,0.355297,0,NA,24.454663,0,0,786391,0,366279,5008464,247.309207,0.320360,0.001880
stencil,S3,5000,200000000,256,bind_close,close,first-touch,no,-,-,any,5,150,0.066751,0.071505,0.109621,0.007242,0,349347.167491,1746.735837,0,0,95376,0,66552,28369,79.123593,0.005658,0.000093
spmv_static,S3,495000,199968652,256,bind_close,close,first-touch,no,-,-,any,5,150,0.209992,0.254156,0.386994,0.027964,0,NA,124.640269,0,0,143922,0,116993,3848539,929.996247,0.236364,0.001395
stencil,S3,5000,200000000,256,bind_spread,spread,first-touch,no,-,-,any,5,150,0.067611,0.071572,0.099501,0.006321,0,349018.835278,1745.094176,0,0,100606,0,65967,32950,82.377363,0.005896,0.000097
spmv_static,S3,495000,199968652,256,bind_spread,spread,first-touch,no,-,-,any,5,150,0.200432,0.228350,0.286953,0.019499,0,NA,138.726073,0,0,155536,0,135375,3711073,1004.012116,0.229266,0.001354
stencil,S3,5000,200000000,256,interleave,none,interleave,no,-,-,any,5,150,0.744208,0.978326,4.943707,0.371021,0,25533.408630,127.667043,0,0,290323,0,348675,13562430,847.535966,0.829166,0.013807
spmv_static,S3,495000,199968652,256,interleave,none,interleave,no,-,-,any,5,150,0.551006,0.801334,7.608176,0.605821,0,NA,39.531707,0,0,580867,0,565148,15672468,1207.782689,0.967837,0.005691
stencil,S3,5000,200000000,256,bind_close_il,close,interleave,no,-,-,any,5,150,0.065801,0.072605,0.104842,0.006564,0,344055.295655,1720.276478,0,0,85204,0,87732,28883,95.734394,0.006951,0.000115
spmv_static,S3,495000,199968652,256,bind_close_il,close,interleave,no,-,-,any,5,150,0.195053,0.205952,0.245973,0.010154,0,NA,153.813208,0,0,113607,0,121132,7148764,2103.983300,0.433320,0.002558
stencil,S3,5000,200000000,256,bind_spread_il,spread,interleave,no,-,-,any,5,150,0.069011,0.074252,0.118431,0.008435,0,336421.152887,1682.105764,0,0,86870,0,85427,33693,95.621738,0.007100,0.000117
spmv_static,S3,495000,199968652,256,bind_spread_il,spread,interleave,no,-,-,any,5,150,0.201432,0.228426,0.283953,0.017129,0,NA,138.679962,0,0,114658,0,133382,6864829,1826.087576,0.417126,0.002463
stencil,S3,5000,200000000,256,obs,none,first-touch,ompt,off,min,any,5,150,1.505647,2.077507,5.485552,0.449681,0,12024.026060,60.120130,0,20731329,1942456,457813,1550794,2839211,125.951291,0.261665,0.004939
spmv_static,S3,495000,199968652,256,obs,none,first-touch,ompt,off,min,any,5,150,1.965902,2.349860,8.223283,0.578371,0,NA,13.480850,0,2008505834,2190383,7708595,1827757,13638863,392.313751,0.921882,0.005401
stencil,S3,5000,200000000,256,scheduler,none,first-touch,ompt,on,min,any,5,150,1.699310,2.215161,8.658168,0.704776,0,11276.833962,56.384170,0,21236260,1906187,441679,1670350,3066933,127.468870,0.282364,0.004683
spmv_static,S3,495000,199968652,256,scheduler,none,first-touch,ompt,on,min,any,5,150,1.826801,2.355507,9.950423,0.749653,0,NA,13.448529,0,2007172377,2290380,7571110,1844540,14062414,402.515612,0.948128,0.005422
stencil,S4,11500,1058000000,8,base,none,first-touch,no,-,-,any,5,150,9.468258,9.500726,9.695570,0.022581,0,13915.147508,69.575738,0,0,26914,0,12394,135452836,849.867359,8.074357,0.027273
spmv_static,S4,2616000,1056805672,8,base,none,first-touch,no,-,-,any,5,150,45.083632,47.428654,51.091051,1.296592,0,NA,3.529813,0,0,6287866,0,815989,249659790,314.778485,14.929520,0.016596
stencil,S4,11500,1058000000,8,bind_close,close,first-touch,no,-,-,any,5,150,31.869992,31.945905,32.023844,0.032092,0,4138.370947,20.691855,0,0,9,0,0,6075,0.011335,0.000362,0.000001
spmv_static,S4,2616000,1056805672,8,bind_close,close,first-touch,no,-,-,any,5,150,27.999498,28.539795,28.816487,0.148925,0,NA,5.865994,0,0,51,0,1,4545,0.009494,0.000271,0.000000
stencil,S4,11500,1058000000,8,bind_spread,spread,first-touch,no,-,-,any,5,150,9.310815,9.344495,9.417197,0.015291,0,14147.794851,70.738974,0,0,20181,0,25762,525953803,3355.004752,31.350825,0.105897
spmv_static,S4,2616000,1056805672,8,bind_spread,spread,first-touch,no,-,-,any,5,150,49.043787,51.065791,52.799140,1.046855,0,NA,3.278404,0,0,2244254,0,3485561,1025249141,1200.752310,61.317366,0.068161
stencil,S4,11500,1058000000,8,interleave,none,interleave,no,-,-,any,5,150,6.728366,6.760287,6.824207,0.018322,0,19555.974351,97.779872,0,0,27839,0,16705,612630212,5401.634851,36.516602,0.123347
spmv_static,S4,2616000,1056805672,8,interleave,none,interleave,no,-,-,any,5,150,43.699806,45.231272,46.772611,0.818252,0,NA,3.701295,0,0,3736606,0,4329077,1067737497,1412.742656,63.900147,0.071031
stencil,S4,11500,1058000000,8,bind_close_il,close,interleave,no,-,-,any,5,150,46.021562,46.145053,46.290816,0.056230,0,2864.965887,14.324829,0,0,14,0,0,484507194,625.828281,28.878879,0.097537
spmv_static,S4,2616000,1056805672,8,bind_close_il,close,interleave,no,-,-,any,5,150,36.847419,37.187755,37.512526,0.108349,0,NA,4.501866,0,0,54,0,0,997605231,1598.964644,59.461905,0.066111
stencil,S4,11500,1058000000,8,bind_spread_il,spread,interleave,no,-,-,any,5,150,6.750697,6.791865,6.843978,0.019392,0,19465.051564,97.325258,0,0,27527,0,19055,609671526,5350.576094,36.340391,0.122751
spmv_static,S4,2616000,1056805672,8,bind_spread_il,spread,interleave,no,-,-,any,5,150,40.637211,43.376741,45.503777,1.114566,0,NA,3.859540,0,0,3564700,0,3700695,1052607236,1451.488921,62.960859,0.069987
stencil,S4,11500,1058000000,8,obs,none,first-touch,ompt,off,min,any,5,150,9.527508,10.290266,15.948031,1.859362,0,12847.481089,64.237405,0,1456968,86899,477025972,145757,295852345,1714.519501,17.642862,0.059670
spmv_static,S4,2616000,1056805672,8,obs,none,first-touch,ompt,off,min,any,5,150,45.887963,48.148505,50.962901,0.736545,0,NA,3.477040,0,11787758766,4433217,1419111762,1147443,526713808,653.457098,31.462982,0.034932
stencil,S4,11500,1058000000,8,scheduler,none,first-touch,ompt,on,min,any,5,150,8.344615,8.888703,11.567352,0.649005,1,14873.261342,74.366307,0,1589216,75222,611741803,155851,51640076,347.326019,3.087278,0.010428
spmv_static,S4,2616000,1056805672,8,scheduler,none,first-touch,ompt,on,min,any,5,150,26.787405,30.334131,51.709649,5.531553,1,NA,5.519007,0,11895285062,6323484,1829793259,203874,20635406,40.947864,1.242118,0.001380
stencil,S4,11500,1058000000,16,base,none,first-touch,no,-,-,any,5,150,7.068671,8.473219,13.555624,2.351441,0,15602.571447,78.012857,0,0,82122,0,15576,19563821,137.730773,1.167023,0.003942
spmv_static,S4,2616000,1056805672,16,base,none,first-touch,no,-,-,any,5,150,13.031569,21.901246,26.497452,3.622230,0,NA,7.644053,0,0,5175916,0,467442,192662226,525.605952,11.511425,0.012796
stencil,S4,11500,1058000000,16,bind_close,close,first-touch,no,-,-,any,5,150,17.506749,17.557700,17.612401,0.019544,0,7529.688003,37.648440,0,0,9802,0,5506,63106,0.232923,0.004090,0.000014
spmv_static,S4,2616000,1056805672,16,bind_close,close,first-touch,no,-,-,any,5,150,14.211022,14.431857,14.604476,0.068679,0,NA,11.600328,0,0,583544,0,5544,57406,0.259988,0.003752,0.000004
stencil,S4,11500,1058000000,16,bind_spread,spread,first-touch,no,-,-,any,5,150,5.649004,5.692379,5.762076,0.020333,0,23224.737908,116.123690,0,0,45115,0,46771,321171037,3363.457237,19.146073,0.064668
spmv_static,S4,2616000,1056805672,16,bind_spread,spread,first-touch,no,-,-,any,5,150,21.416834,23.057267,25.669742,1.040541,0,NA,7.260803,0,0,3449941,0,3579890,933111272,2421.412042,55.831144,0.062058
stencil,S4,11500,1058000000,16,interleave,none,interleave,no,-,-,any,5,150,5.421132,6.364656,8.274895,1.297981,0,20771.586539,103.857933,0,0,57180,0,71931,783560638,7338.674849,46.708141,0.157755
spmv_static,S4,2616000,1056805672,16,interleave,none,interleave,no,-,-,any,5,150,16.778351,19.676080,24.992755,1.727199,0,NA,8.508518,0,0,3076144,0,2875092,968207966,2941.696757,57.881061,0.064343
stencil,S4,11500,1058000000,16,bind_close_il,close,interleave,no,-,-,any,5,150,23.252645,23.322444,23.582919,0.055922,0,5668.531209,28.342656,0,0,3265,0,8177,289359282,739.529897,17.247645,0.058252
spmv_static,S4,2616000,1056805672,16,bind_close_il,close,interleave,no,-,-,any,5,150,19.276680,19.634070,20.007868,0.164498,0,NA,8.526723,0,0,400848,0,309779,998640594,3032.589887,59.542082,0.066196
stencil,S4,11500,1058000000,16,bind_spread_il,spread,interleave,no,-,-,any,5,150,3.667132,3.705579,3.780903,0.014797,0,35677.016544,178.385083,0,0,43836,0,44570,378147420,6083.259653,22.541999,0.076139
spmv_static,S4,2616000,1056805672,16,bind_spread_il,spread,interleave,no,-,-,any,5,150,18.418610,20.536723,22.254244,1.006149,0,NA,8.151947,0,0,3524320,0,3664276,982114086,2861.068394,58.756969,0.065314
stencil,S4,11500,1058000000,16,obs,none,first-touch,ompt,off,min,any,5,150,6.288342,7.420135,20.490023,3.279997,0,17816.928139,89.084641,0,2403444,195019,462505576,102754,215305692,1730.338317,12.839344,0.043706
spmv_static,S4,2616000,1056805672,16,obs,none,first-touch,ompt,off,min,any,5,150,22.771549,24.106246,30.310036,0.981439,0,NA,6.944851,0,11900298022,3664353,1346565193,1321398,516683386,1280.808764,30.875491,0.034266
stencil,S4,11500,1058000000,16,scheduler,none,first-touch,ompt,on,min,any,5,150,6.858848,7.886350,10.889444,0.823525,3,16763.649090,83.818245,0,2506269,355113,644525677,38142,79182235,598.743707,4.721902,0.015893
spmv_static,S4,2616000,1056805672,16,scheduler,none,first-touch,ompt,on,min,any,5,150,13.595735,18.669739,31.989954,4.999735,5,NA,8.967146,0,11952744509,5514727,1706226847,268720,106619154,341.248143,6.371014,0.007104
stencil,S4,11500,1058000000,32,base,none,first-touch,no,-,-,any,5,150,7.032409,8.129115,11.403709,1.490322,0,16263.024834,81.315124,0,0,141932,0,23300,18101332,132.894202,1.080312,0.003648
spmv_static,S4,2616000,1056805672,32,base,none,first-touch,no,-,-,any,5,150,10.210926,11.365604,16.230156,0.761847,0,NA,14.729906,0,0,5356338,0,266212,106331011,559.027889,6.353690,0.007063
stencil,S4,11500,1058000000,32,bind_close,close,first-touch,no,-,-,any,5,150,9.942883,9.966351,10.019314,0.011853,0,13265.036372,66.325182,0,0,27301,0,4207,63092,0.402488,0.004011,0.000014
spmv_static,S4,2616000,1056805672,32,bind_close,close,first-touch,no,-,-,any,5,150,7.937990,8.071182,8.176753,0.039853,0,NA,20.742224,0,0,1215277,0,5159,101519,0.787803,0.006359,0.000007
stencil,S4,11500,1058000000,32,bind_spread,spread,first-touch,no,-,-,any,5,150,5.380181,5.412069,5.458252,0.014670,0,24427.628269,122.138141,0,0,36744,0,45791,437207887,4815.598277,26.062350,0.088015
spmv_static,S4,2616000,1056805672,32,bind_spread,spread,first-touch,no,-,-,any,5,150,10.509380,11.010988,11.666873,0.284116,0,NA,15.204292,0,0,1680275,0,1767376,928337037,5034.838213,55.438543,0.061626
stencil,S4,11500,1058000000,32,interleave,none,interleave,no,-,-,any,5,150,5.264750,6.161804,9.786411,1.582563,0,21455.404919,107.277025,0,0,123639,0,134536,330032533,3193.787220,19.679491,0.066447
spmv_static,S4,2616000,1056805672,32,interleave,none,interleave,no,-,-,any,5,150,8.436276,10.139142,13.943769,0.899875,0,NA,16.511682,0,0,2267345,0,2115697,949649228,5595.109553,56.729610,0.063062
stencil,S4,11500,1058000000,32,bind_close_il,close,interleave,no,-,-,any,5,150,12.071688,12.117400,12.171399,0.018671,0,10910.261331,54.551307,0,0,18903,0,13987,453712194,2231.847413,27.044188,0.091248
spmv_static,S4,2616000,1056805672,32,bind_close_il,close,interleave,no,-,-,any,5,150,9.770002,9.933368,10.152126,0.090058,0,NA,16.853727,0,0,676652,0,487864,993654488,5965.298149,59.255502,0.065877
stencil,S4,11500,1058000000,32,bind_spread_il,spread,interleave,no,-,-,any,5,150,2.800152,2.827162,2.954123,0.022838,0,46762.086180,233.810431,0,0,51453,0,48610,374127972,7888.710393,22.302662,0.075316
spmv_static,S4,2616000,1056805672,32,bind_spread_il,spread,interleave,no,-,-,any,5,150,8.296075,9.064100,9.733311,0.364317,0,NA,18.470039,0,0,1693117,0,1741494,951711808,6269.816681,56.830245,0.063178
stencil,S4,11500,1058000000,32,obs,none,first-touch,ompt,off,min,any,5,150,6.784928,9.147762,13.837978,2.306391,0,14452.060428,72.260302,0,4632891,340554,437561140,79891,31039394,202.765871,1.854854,0.006184
spmv_static,S4,2616000,1056805672,32,obs,none,first-touch,ompt,off,min,any,5,150,11.423691,12.881055,15.552698,0.710062,0,NA,12.996938,0,11909326650,4314645,1457451050,1630226,337008881,1566.988393,20.184464,0.022370
stencil,S4,11500,1058000000,32,scheduler,none,first-touch,ompt,on,min,any,5,150,6.065140,7.811306,15.141283,1.806223,4,16924.698758,84.623494,0,4541832,489678,322640517,129394,61729512,472.018139,3.687078,0.012430
spmv_static,S4,2616000,1056805672,32,scheduler,none,first-touch,ompt,on,min,any,5,150,7.500486,10.058227,14.348394,2.458357,1,NA,16.644512,0,12010442139,5113992,1739811541,93271,29849643,177.440492,1.784737,0.001979
stencil,S4,11500,1058000000,64,base,none,first-touch,no,-,-,any,5,150,7.628747,8.406810,9.672391,0.707440,0,15725.823678,78.629118,0,0,188307,0,58286,12693956,90.413945,0.760093,0.002565
spmv_static,S4,2616000,1056805672,64,base,none,first-touch,no,-,-,any,5,150,7.116681,7.424297,11.214328,0.358624,0,NA,22.549512,0,0,5726872,0,443412,132634097,1068.389054,7.932038,0.008819
stencil,S4,11500,1058000000,64,bind_close,close,first-touch,no,-,-,any,5,150,7.156492,7.186912,7.304574,0.023975,0,18395.104992,91.975525,0,0,56809,0,41,9258,0.077121,0.000554,0.000002
spmv_static,S4,2616000,1056805672,64,bind_close,close,first-touch,no,-,-,any,5,150,5.772606,5.870179,6.024609,0.047662,0,NA,28.519449,0,0,2242075,0,7,8081,0.082124,0.000482,0.000001
stencil,S4,11500,1058000000,64,bind_spread,spread,first-touch,no,-,-,any,5,150,5.288901,5.324431,5.367421,0.015768,0,24829.697909,124.148490,0,0,52996,0,51746,519717482,5818.586099,30.980660,0.104593
spmv_static,S4,2616000,1056805672,64,bind_spread,spread,first-touch,no,-,-,any,5,150,5.999288,6.237966,6.817218,0.140629,0,NA,26.837961,0,0,2486571,0,897430,917042618,8771.046602,54.713490,0.060810
stencil,S4,11500,1058000000,64,interleave,none,interleave,no,-,-,any,5,150,5.950938,8.825051,11.313440,1.741750,0,14980.537178,74.902686,0,0,176610,0,277336,305898980,2067.923523,18.249531,0.061582
spmv_static,S4,2616000,1056805672,64,interleave,none,interleave,no,-,-,any,5,150,6.212461,7.370103,8.804030,0.878837,0,NA,22.715324,0,0,2324482,0,3087665,988297260,8017.682560,59.091146,0.065694
stencil,S4,11500,1058000000,64,bind_close_il,close,interleave,no,-,-,any,5,150,5.456843,5.494106,5.591204,0.022427,0,24062.876686,120.314383,0,0,26752,0,34885,284862908,3090.808905,16.981232,0.057333
spmv_static,S4,2616000,1056805672,64,bind_close_il,close,interleave,no,-,-,any,5,150,5.767876,5.846586,5.929837,0.030602,0,NA,28.634538,0,0,905357,0,701202,1004626291,10249.090341,59.922188,0.066611
stencil,S4,11500,1058000000,64,bind_spread_il,spread,interleave,no,-,-,any,5,150,2.674621,2.714319,2.782252,0.020896,0,48706.136000,243.530680,0,0,45789,0,57218,190209877,4178.139198,11.340803,0.038293
spmv_static,S4,2616000,1056805672,64,bind_spread_il,spread,interleave,no,-,-,any,5,150,4.642173,4.771585,5.062048,0.074683,0,NA,35.085678,0,0,1049655,0,797931,356278178,4460.445457,21.283395,0.023658
stencil,S4,11500,1058000000,64,obs,none,first-touch,ompt,off,min,any,5,150,5.506453,7.320311,9.494859,1.299820,0,18059.888426,90.299442,0,10936734,514863,222626470,396242,360758568,2940.654319,21.526504,0.072455
spmv_static,S4,2616000,1056805672,64,obs,none,first-touch,ompt,off,min,any,5,150,6.370702,6.793187,8.650939,0.428863,0,NA,24.644438,0,12068310203,7070341,968986663,2926709,869138830,7651.659916,51.979157,0.057858
stencil,S4,11500,1058000000,64,scheduler,none,first-touch,ompt,on,min,any,5,150,6.862998,8.183394,28.864990,2.017200,21,16155.155752,80.775779,0,12269902,905229,342345661,348754,192990553,1408.207978,11.523921,0.038836
spmv_static,S4,2616000,1056805672,64,scheduler,none,first-touch,ompt,on,min,any,5,150,6.321262,8.212609,34.563705,3.496096,24,NA,20.385030,0,12071451327,8600232,1415362515,1521629,463971667,3378.410266,27.745563,0.030751
stencil,S4,11500,1058000000,128,base,none,first-touch,no,-,-,any,5,150,6.146130,6.504237,6.802468,0.210369,0,20325.829142,101.629146,0,0,262793,0,214730,123535733,1134.045759,7.376102,0.024869
spmv_static,S4,2616000,1056805672,128,base,none,first-touch,no,-,-,any,5,150,5.728006,5.926344,7.835679,0.256405,0,NA,28.249165,0,0,5367233,0,505315,343920834,3464.091565,20.529398,0.022837
stencil,S4,11500,1058000000,128,bind_close,close,first-touch,no,-,-,any,5,150,5.040177,5.089153,5.265439,0.027342,0,25977.602075,129.888010,0,0,70065,0,55102,378064659,4428.574664,22.537694,0.076046
spmv_static,S4,2616000,1056805672,128,bind_close,close,first-touch,no,-,-,any,5,150,6.240971,6.345997,6.489803,0.050256,0,NA,26.381085,0,0,912567,0,832417,984335235,9253.166672,58.720568,0.065080
stencil,S4,11500,1058000000,128,bind_spread,spread,first-touch,no,-,-,any,5,150,5.043778,5.089279,5.167109,0.022776,0,25976.958889,129.884794,0,0,77537,0,58169,377410248,4420.836608,22.498871,0.075916
spmv_static,S4,2616000,1056805672,128,bind_spread,spread,first-touch,no,-,-,any,5,150,6.198270,6.359197,6.661935,0.094071,0,NA,26.326326,0,0,946115,0,968329,980226633,9196.723606,58.483777,0.064978
stencil,S4,11500,1058000000,128,interleave,none,interleave,no,-,-,any,5,150,4.987127,5.263426,5.528653,0.178527,0,25117.479049,125.587395,0,0,323587,0,290660,219216704,2485.768482,13.083658,0.042962
spmv_static,S4,2616000,1056805672,128,interleave,none,interleave,no,-,-,any,5,150,5.313731,5.561117,5.753045,0.108304,0,NA,30.104433,0,0,2885136,0,3593775,989699247,10646.220487,59.204878,0.065861
stencil,S4,11500,1058000000,128,bind_close_il,close,interleave,no,-,-,any,5,150,2.598009,2.678725,2.958584,0.051293,0,49353.333131,246.766666,0,0,71961,0,57852,139599823,3107.540382,8.324246,0.028078
spmv_static,S4,2616000,1056805672,128,bind_close_il,close,interleave,no,-,-,any,5,150,3.470430,3.543847,3.779553,0.054761,0,NA,47.240832,0,0,1060656,0,1091386,1111605559,18714.664078,66.321906,0.073692
stencil,S4,11500,1058000000,128,bind_spread_il,spread,interleave,no,-,-,any,5,150,2.613200,2.663939,2.822822,0.034716,0,49627.264609,248.136323,0,0,75791,0,58560,137627047,3080.664270,8.206702,0.027697
spmv_static,S4,2616000,1056805672,128,bind_spread_il,spread,interleave,no,-,-,any,5,150,3.483460,3.564859,3.827834,0.039076,0,NA,46.962388,0,0,1067796,0,1096286,1117279914,18699.313529,66.660416,0.074074
stencil,S4,11500,1058000000,128,obs,none,first-touch,ompt,off,min,any,5,150,6.067719,6.805777,11.996367,0.754810,0,19425.262353,97.126312,0,40011604,1337042,226840441,874956,350858738,3080.465594,20.964962,0.069836
spmv_static,S4,2616000,1056805672,128,obs,none,first-touch,ompt,off,min,any,5,150,6.463354,7.235439,11.292288,0.714939,0,NA,23.138095,0,12102043661,5082241,949427859,3301375,913798646,7554.955681,54.663421,0.060850
stencil,S4,11500,1058000000,128,scheduler,none,first-touch,ompt,on,min,any,5,150,6.278702,8.778741,34.192779,5.346333,58,15059.562788,75.297814,0,52156889,2306702,428309296,742725,229705546,1564.664834,13.735787,0.046852
spmv_static,S4,2616000,1056805672,128,scheduler,none,first-touch,ompt,on,min,any,5,150,6.243241,8.665269,50.752167,5.639196,65,NA,19.320147,0,12078016557,6605981,1358584800,1647358,573636330,3957.128148,34.289580,0.037920
stencil,S4,11500,1058000000,256,base,none,first-touch,no,-,-,any,5,150,5.441752,7.184191,26.986527,4.129804,0,18402.071594,92.010358,0,0,686079,0,612914,168586217,1403.784240,10.085054,0.033866
spmv_static,S4,2616000,1056805672,256,base,none,first-touch,no,-,-,any,5,150,6.042229,6.619920,15.509077,1.515645,0,NA,25.289472,0,0,1857859,0,1842667,804376116,7259.058141,48.054384,0.053430
stencil,S4,11500,1058000000,256,bind_close,close,first-touch,no,-,-,any,5,150,5.051217,5.129230,6.586815,0.132259,0,25774.630692,128.873153,0,0,86552,0,55619,165383838,1922.503001,9.860960,0.033186
spmv_static,S4,2616000,1056805672,256,bind_close,close,first-touch,no,-,-,any,5,150,6.116869,6.280650,6.611586,0.086601,0,NA,26.655564,0,0,374437,0,206364,829545834,7874.516971,49.457085,0.055011
stencil,S4,11500,1058000000,256,bind_spread,spread,first-touch,no,-,-,any,5,150,5.031137,5.093594,5.354911,0.049570,0,25954.953113,129.774766,0,0,88240,0,56423,164538827,1926.074479,9.810641,0.033020
spmv_static,S4,2616000,1056805672,256,bind_spread,spread,first-touch,no,-,-,any,5,150,6.031449,6.276998,20.748316,1.192112,0,NA,26.671072,0,0,368550,0,200412,824865428,7834.598053,49.177756,0.054697
stencil,S4,11500,1058000000,256,interleave,none,interleave,no,-,-,any,5,150,2.868762,4.445830,11.953956,2.381887,0,29736.631620,148.683158,0,0,695740,0,716536,428068477,5748.662991,25.557578,0.085607
spmv_static,S4,2616000,1056805672,256,interleave,none,interleave,no,-,-,any,5,150,3.272547,3.399107,5.802336,0.291798,0,NA,49.252424,0,0,3554680,0,3541822,1020953377,17964.916200,61.064672,0.067910
stencil,S4,11500,1058000000,256,bind_close_il,close,interleave,no,-,-,any,5,150,2.597660,2.679518,2.813362,0.043081,0,49338.726828,246.693634,0,0,74921,0,65046,401746807,8938.119753,23.949853,0.080644
spmv_static,S4,2616000,1056805672,256,bind_close_il,close,interleave,no,-,-,any,5,150,3.422979,3.529250,3.811463,0.082763,0,NA,47.436215,0,0,416585,0,391845,1041216628,17591.472134,62.084703,0.069091
stencil,S4,11500,1058000000,256,bind_spread_il,spread,interleave,no,-,-,any,5,150,2.605070,2.685940,6.451124,0.312153,0,49220.750772,246.103754,0,0,60481,0,80840,404548806,8979.279625,24.117806,0.081219
spmv_static,S4,2616000,1056805672,256,bind_spread_il,spread,interleave,no,-,-,any,5,150,3.390068,3.497823,3.746703,0.080817,0,NA,47.862420,0,0,446101,0,425392,1047192890,17851.936922,62.442916,0.069490
stencil,S4,11500,1058000000,256,obs,none,first-touch,ompt,off,min,any,5,150,5.905737,6.719669,18.642262,1.906065,0,19674.182878,98.370914,0,116782401,3091217,302375579,2060249,352778163,3147.479065,21.150017,0.070975
spmv_static,S4,2616000,1056805672,256,obs,none,first-touch,ompt,off,min,any,5,150,6.561665,6.939849,9.548638,0.334144,0,NA,24.123619,0,12134755806,4018916,984706371,3220772,831575394,7169.857577,49.757729,0.055009
stencil,S4,11500,1058000000,256,scheduler,none,first-touch,ompt,on,min,any,5,150,6.049129,21.336922,114.675544,20.487992,139,6196.020511,30.980103,0,70078705,3669599,400650353,1560869,197388916,555.765788,11.858331,0.037019
spmv_static,S4,2616000,1056805672,256,scheduler,none,first-touch,ompt,on,min,any,5,150,6.507294,23.746534,203.458554,28.865770,168,NA,7.050051,0,12016207083,4442979,1361756996,4288140,543800070,1375.720897,32.668603,0.036052
stencil,S5,23500,4418000000,8,base,none,first-touch,no,-,-,any,5,150,45.416097,46.829772,72.529955,4.623066,0,11790.704502,58.953523,0,0,48050,0,161855,1283873505,1634.312281,76.534472,0.061727
spmv_static,S5,10923000,4412955772,8,base,none,first-touch,no,-,-,any,5,150,410.889631,415.551237,416.616287,1.011591,0,NA,1.682302,0,0,10240135,0,6456627,14725524481,2113.083593,878.094501,0.233657
stencil,S5,23500,4418000000,8,bind_close,close,first-touch,no,-,-,any,5,150,133.371761,133.567168,133.719096,0.058536,0,4133.920132,20.669601,0,0,9,0,0,52756,0.023542,0.003145,0.000003
spmv_static,S5,10923000,4412955772,8,bind_close,close,first-touch,no,-,-,any,5,150,440.006787,440.913883,442.558319,0.426436,0,NA,1.585531,0,0,663488,0,10,116011,0.015684,0.006915,0.000002
stencil,S5,23500,4418000000,8,bind_spread,spread,first-touch,no,-,-,any,5,150,44.855764,45.030448,45.228488,0.058159,0,12261.836853,61.309184,0,0,24118,0,42010,2800177474,3706.516258,166.906088,0.134624
spmv_static,S5,10923000,4412955772,8,bind_spread,spread,first-touch,no,-,-,any,5,150,416.684339,417.696791,418.553572,0.322988,0,NA,1.673661,0,0,6151258,0,9863251,19975684770,2851.904817,1191.231490,0.317006
stencil,S5,23500,4418000000,8,interleave,none,interleave,no,-,-,any,5,150,31.161793,31.232186,31.289615,0.017634,0,17679.069858,88.395349,0,0,35170,0,38113,3406716056,6501.574116,203.058372,0.163702
spmv_static,S5,10923000,4412955772,8,interleave,none,interleave,no,-,-,any,5,150,352.781052,354.013553,355.956769,0.841061,0,NA,1.974734,0,0,7108864,0,7158457,19899106844,3351.583187,1186.505872,0.315643
stencil,S5,23500,4418000000,8,bind_close_il,close,interleave,no,-,-,any,5,150,192.066762,192.373481,192.776462,0.141566,0,2870.229307,14.351147,0,0,5,0,2,2271293542,703.733405,135.379645,0.109258
spmv_static,S5,10923000,4412955772,8,bind_close_il,close,interleave,no,-,-,any,5,150,608.418421,609.875356,611.767909,0.576845,0,NA,1.146271,0,0,38,0,7,19099497185,1866.641658,1138.418746,0.302875
stencil,S5,23500,4418000000,8,bind_spread_il,spread,interleave,no,-,-,any,5,150,31.099599,31.137138,31.512854,0.047347,0,17733.036232,88.665181,0,0,35286,0,44011,3372973261,6456.839300,201.047496,0.162097
spmv_static,S5,10923000,4412955772,8,bind_spread_il,spread,interleave,no,-,-,any,5,150,350.628094,352.007640,353.511377,0.613520,0,NA,1.985987,0,0,11157295,0,11534535,19898961261,3371.398499,1186.758029,0.315710
stencil,S5,23500,4418000000,8,obs,none,first-touch,ompt,off,min,any,5,150,45.479752,46.671424,72.861162,4.786389,0,11830.708229,59.153541,0,2160413,143422,2206129597,134831,1804699838,2304.976367,107.576529,0.086694
spmv_static,S5,10923000,4412955772,8,obs,none,first-touch,ompt,off,min,any,5,150,414.132218,417.644064,418.750890,0.856610,0,NA,1.673872,0,17783084978,10220461,25009295199,1404405,14656115812,2091.868079,873.656286,0.232427
stencil,S5,23500,4418000000,8,scheduler,none,first-touch,ompt,on,min,any,5,150,39.417034,40.466977,52.693884,2.511718,1,13644.607015,68.223035,0,2413071,358816,3198798065,2960,56229171,82.825465,3.351696,0.002703
spmv_static,S5,10923000,4412955772,8,scheduler,none,first-touch,ompt,on,min,any,5,150,265.444472,268.114484,418.752681,17.497940,2,NA,2.607403,0,18081242574,22123794,39203311796,17752,133254096,29.627721,7.943621,0.002111
stencil,S5,23500,4418000000,16,base,none,first-touch,no,-,-,any,5,150,36.491601,38.766163,46.874398,3.792936,0,14243.246351,71.216232,0,0,91673,0,202004,860734668,1323.727203,51.315825,0.041404
spmv_static,S5,10923000,4412955772,16,base,none,first-touch,no,-,-,any,5,150,212.036361,212.597297,214.346227,0.367990,0,NA,3.288295,0,0,6539158,0,4028377,16019121591,4492.315639,955.054162,0.254113
stencil,S5,23500,4418000000,16,bind_close,close,first-touch,no,-,-,any,5,150,73.268285,73.361015,73.456077,0.035701,0,7526.558928,37.632795,0,0,9930,0,5989,101462,0.087302,0.006405,0.000005
spmv_static,S5,10923000,4412955772,16,bind_close,close,first-touch,no,-,-,any,5,150,227.658205,228.161029,228.728611,0.221739,0,NA,3.063988,0,0,1492095,0,10179,196644,0.054030,0.012328,0.000003
stencil,S5,23500,4418000000,16,bind_spread,spread,first-touch,no,-,-,any,5,150,36.722504,36.787833,36.924776,0.030220,0,15009.201659,75.046008,0,0,47785,0,57294,2503556652,4056.423218,149.227020,0.120355
spmv_static,S5,10923000,4412955772,16,bind_spread,spread,first-touch,no,-,-,any,5,150,212.217953,212.639042,212.920960,0.139076,0,NA,3.287649,0,0,8093654,0,7810109,19808923707,5554.809543,1181.169380,0.314281
stencil,S5,23500,4418000000,16,interleave,none,interleave,no,-,-,any,5,150,27.624338,27.791295,30.788113,0.276941,0,19867.947822,99.339739,0,0,156241,0,164476,3568860862,7654.572681,212.730487,0.171649
spmv_static,S5,10923000,4412955772,16,interleave,none,interleave,no,-,-,any,5,150,177.605299,178.415117,179.238844,0.331357,0,NA,3.918293,0,0,11595768,0,11993176,19662771633,6572.914825,1172.707367,0.311945
stencil,S5,23500,4418000000,16,bind_close_il,close,interleave,no,-,-,any,5,150,98.526792,98.710252,99.109638,0.111274,0,5593.704759,27.968524,0,0,9588,0,7884,1921958179,1160.549205,114.558104,0.092596
spmv_static,S5,10923000,4412955772,16,bind_close_il,close,interleave,no,-,-,any,5,150,309.585680,310.672113,311.911441,0.478335,0,NA,2.250227,0,0,1073724,0,1067860,19158365781,3675.873014,1141.991236,0.303820
stencil,S5,23500,4418000000,16,bind_spread_il,spread,interleave,no,-,-,any,5,150,19.851201,19.902507,19.998594,0.024638,0,27743.037502,138.715188,0,0,32887,0,69482,2440181145,7308.138205,145.450272,0.117289
spmv_static,S5,10923000,4412955772,16,bind_spread_il,spread,interleave,no,-,-,any,5,150,176.650074,177.298319,178.133340,0.295242,0,NA,3.942974,0,0,11981759,0,12415368,19721195430,6634.100472,1176.214862,0.312880
stencil,S5,23500,4418000000,16,obs,none,first-touch,ompt,off,min,any,5,150,36.458144,38.085189,47.536560,3.088354,0,14497.919417,72.489597,0,2984297,268558,2039661231,204379,985317692,1542.376302,58.741693,0.047275
spmv_static,S5,10923000,4412955772,16,obs,none,first-touch,ompt,off,min,any,5,150,213.411382,214.113453,214.642366,0.231116,0,NA,3.265010,0,18007374729,7399759,22449534728,5827737,16969066402,4725.450555,1011.782535,0.269073
stencil,S5,23500,4418000000,16,scheduler,none,first-touch,ompt,on,min,any,5,150,36.741057,38.518834,54.085274,3.615735,4,14334.701826,71.673509,0,3158325,543779,2307416479,23372,79698801,123.363334,4.751812,0.003832
spmv_static,S5,10923000,4412955772,16,scheduler,none,first-touch,ompt,on,min,any,5,150,142.871557,146.111835,215.098581,13.153701,6,NA,4.784572,0,18747555574,18104334,38382394698,24864,275147617,112.253453,16.401558,0.004371
stencil,S5,23500,4418000000,32,base,none,first-touch,no,-,-,any,5,150,36.710017,37.229595,44.054341,0.890225,0,14831.104432,74.155522,0,0,167879,0,112289,462471724,740.597790,27.572156,0.022291
spmv_static,S5,10923000,4412955772,32,base,none,first-touch,no,-,-,any,5,150,122.618564,124.978114,127.528570,1.195904,0,NA,5.593640,0,0,19054354,0,3003164,11648265853,5556.730924,694.469751,0.184690
stencil,S5,23500,4418000000,32,bind_close,close,first-touch,no,-,-,any,5,150,44.778589,44.844902,44.908191,0.026971,0,12312.570112,61.562851,0,0,41120,0,7578,114565,0.162344,0.007280,0.000006
spmv_static,S5,10923000,4412955772,32,bind_close,close,first-touch,no,-,-,any,5,150,125.594568,126.233313,126.729071,0.191452,0,NA,5.538020,0,0,2184240,0,9673,155721,0.078095,0.009858,0.000003
stencil,S5,23500,4418000000,32,bind_spread,spread,first-touch,no,-,-,any,5,150,36.666853,36.737552,36.856665,0.033600,0,15029.744100,75.148720,0,0,52431,0,80395,3757995651,6097.270383,223.998788,0.180878
spmv_static,S5,10923000,4412955772,32,bind_spread,spread,first-touch,no,-,-,any,5,150,122.847806,123.281278,124.466705,0.178602,0,NA,5.670631,0,0,8899020,0,3721381,19314782394,9340.206184,1151.472555,0.306263
stencil,S5,23500,4418000000,32,interleave,none,interleave,no,-,-,any,5,150,27.626345,28.361809,39.461979,2.363704,0,19468.293188,97.341466,0,0,148581,0,162277,1455901181,3060.035599,86.788145,0.070158
spmv_static,S5,10923000,4412955772,32,interleave,none,interleave,no,-,-,any,5,150,91.056365,92.045112,93.261223,0.902569,0,NA,7.595000,0,0,10603121,0,10730375,19218563637,12452.103256,1146.155239,0.304841
stencil,S5,23500,4418000000,32,bind_close_il,close,interleave,no,-,-,any,5,150,50.556290,50.658273,50.855413,0.057828,0,10899.621518,54.498108,0,0,23013,0,34841,2597414874,3056.165527,154.820068,0.125206
spmv_static,S5,10923000,4412955772,32,bind_close_il,close,interleave,no,-,-,any,5,150,157.008581,157.426601,157.846091,0.169025,0,NA,4.440689,0,0,1440866,0,1489804,19089389406,7228.162626,1137.905074,0.302704
stencil,S5,23500,4418000000,32,bind_spread_il,spread,interleave,no,-,-,any,5,150,18.601003,19.200483,19.502244,0.200254,0,28757.401850,143.787009,0,0,51390,0,53374,1871516390,5809.971080,111.554251,0.090084
spmv_static,S5,10923000,4412955772,32,bind_spread_il,spread,interleave,no,-,-,any,5,150,90.675472,91.221665,91.542273,0.143856,0,NA,7.663559,0,0,3982794,0,4136632,19388323768,12671.120544,1155.880713,0.307368
stencil,S5,23500,4418000000,32,obs,none,first-touch,ompt,off,min,any,5,150,36.762659,38.582422,73.350436,5.176342,0,14311.076701,71.555384,0,5901530,339805,810415355,306786,3680450934,5686.274864,219.390256,0.177048
spmv_static,S5,10923000,4412955772,32,obs,none,first-touch,ompt,off,min,any,5,150,123.643236,124.462679,126.138136,0.594549,0,NA,5.616805,0,18696140394,13109246,21204122129,8018991,18020987055,8634.013904,1074.612501,0.285695
stencil,S5,23500,4418000000,32,scheduler,none,first-touch,ompt,on,min,any,5,150,37.061895,38.220509,48.089211,2.444193,5,14446.589439,72.232947,0,8131316,872744,2526807999,56122,58077307,90.658719,3.465022,0.002771
spmv_static,S5,10923000,4412955772,32,scheduler,none,first-touch,ompt,on,min,any,5,150,104.363737,106.852135,145.434738,6.670456,13,NA,6.542524,0,19535228703,31674543,38615184088,121094,427729782,238.665325,25.501899,0.006783
stencil,S5,23500,4418000000,64,base,none,first-touch,no,-,-,any,5,150,36.204837,38.508540,48.252043,3.496990,0,14338.533864,71.692669,0,0,289200,0,178209,792816921,1227.421061,47.266193,0.038175
spmv_static,S5,10923000,4412955772,64,base,none,first-touch,no,-,-,any,5,150,96.316082,98.258909,100.665685,1.202136,0,NA,7.114700,0,0,13355357,0,1635160,5091281022,3089.403933,303.561460,0.080702
stencil,S5,23500,4418000000,64,bind_close,close,first-touch,no,-,-,any,5,150,36.961097,37.076552,37.415502,0.072262,0,14892.323629,74.461618,0,0,76642,0,6780,156794,0.262963,0.009750,0.000008
spmv_static,S5,10923000,4412955772,64,bind_close,close,first-touch,no,-,-,any,5,150,96.074091,96.248513,96.463364,0.064957,0,NA,7.263308,0,0,3259919,0,15203,285403,0.186159,0.017918,0.000005
stencil,S5,23500,4418000000,64,bind_spread,spread,first-touch,no,-,-,any,5,150,36.894566,36.968689,37.076439,0.033985,0,14935.774342,74.678872,0,0,64634,0,75184,3097455738,4994.151410,184.627230,0.149101
spmv_static,S5,10923000,4412955772,64,bind_spread,spread,first-touch,no,-,-,any,5,150,106.783233,107.014891,107.250199,0.102922,0,NA,6.532573,0,0,4505999,0,5923615,19552922118,10893.792829,1165.798052,0.310028
stencil,S5,23500,4418000000,64,interleave,none,interleave,no,-,-,any,5,150,24.974750,30.123498,48.777407,5.146418,0,18329.743666,91.648718,0,0,204091,0,298315,2427911683,4804.641027,144.732594,0.116975
spmv_static,S5,10923000,4412955772,64,interleave,none,interleave,no,-,-,any,5,150,74.864971,81.450313,119.217397,9.904165,0,NA,8.582934,0,0,4813504,0,5973581,19232708675,14078.703685,1146.714822,0.305064
stencil,S5,23500,4418000000,64,bind_close_il,close,interleave,no,-,-,any,5,150,27.984396,28.025056,28.358850,0.049363,0,19702.226912,98.511135,0,0,47110,0,43674,2714713546,5773.838231,161.812140,0.130863
spmv_static,S5,10923000,4412955772,64,bind_close_il,close,interleave,no,-,-,any,5,150,84.193410,84.433421,84.593904,0.064700,0,NA,8.279691,0,0,1694246,0,1865045,19134938681,13509.370753,1140.642388,0.303468
stencil,S5,23500,4418000000,64,bind_spread_il,spread,interleave,no,-,-,any,5,150,18.244305,18.330323,18.493017,0.044552,0,30122.547129,150.612736,0,0,56275,0,64099,1153364412,3750.599303,68.749697,0.055597
spmv_static,S5,10923000,4412955772,64,bind_spread_il,spread,interleave,no,-,-,any,5,150,56.005537,56.078332,56.208020,0.038439,0,NA,12.466181,0,0,5031801,0,5122446,20822601155,22137.410698,1241.429067,0.330169
stencil,S5,23500,4418000000,64,obs,none,first-touch,ompt,off,min,any,5,150,36.064073,37.386413,40.791228,1.675418,0,14768.894990,73.844475,0,51970291,655612,3267298408,479705,2198545374,3505.875482,131.072109,0.105613
spmv_static,S5,10923000,4412955772,64,obs,none,first-touch,ompt,off,min,any,5,150,99.590548,105.613642,116.527557,4.336483,0,NA,6.619246,0,19419790410,6344440,24655427447,3054227,14124714598,7973.218481,842.080642,0.223594
stencil,S5,23500,4418000000,64,scheduler,none,first-touch,ompt,on,min,any,5,150,37.266187,40.356895,90.375721,5.689857,33,13681.825578,68.409128,0,42405339,1442361,5594365707,670960,265748438,393.485019,15.879834,0.012800
spmv_static,S5,10923000,4412955772,64,scheduler,none,first-touch,ompt,on,min,any,5,150,96.233572,102.476627,155.654690,10.813787,36,NA,6.821874,0,20562796405,23088969,38109614344,714637,680538382,396.244933,40.605844,0.010817
stencil,S5,23500,4418000000,128,base,none,first-touch,no,-,-,any,5,150,37.560481,41.371422,49.911056,3.319395,0,13346.314238,66.731571,0,0,536849,0,342908,2141903754,3086.378112,127.687851,0.102929
spmv_static,S5,10923000,4412955772,128,base,none,first-touch,no,-,-,any,5,150,95.545132,96.684086,98.976422,0.808484,0,NA,7.230586,0,0,6184615,0,3384540,8174499927,5041.573219,487.439899,0.129742
stencil,S5,23500,4418000000,128,bind_close,close,first-touch,no,-,-,any,5,150,37.706063,38.013968,38.218439,0.091944,0,14525.081870,72.625409,0,0,87097,0,52801,2596641407,4071.530650,154.775036,0.124959
spmv_static,S5,10923000,4412955772,128,bind_close,close,first-touch,no,-,-,any,5,150,105.784861,105.990456,106.165989,0.068761,0,NA,6.595713,0,0,2630687,0,2940658,19211382032,10805.339667,1145.262879,0.304635
stencil,S5,23500,4418000000,128,bind_spread,spread,first-touch,no,-,-,any,5,150,37.943184,38.026713,38.178967,0.045112,0,14520.213733,72.601069,0,0,95860,0,48800,2597336731,4071.249648,154.816242,0.124971
spmv_static,S5,10923000,4412955772,128,bind_spread,spread,first-touch,no,-,-,any,5,150,105.570182,105.787830,105.967978,0.068711,0,NA,6.608346,0,0,2017919,0,3149759,19177834664,10807.252242,1143.275763,0.304189
stencil,S5,23500,4418000000,128,interleave,none,interleave,no,-,-,any,5,150,21.563358,24.885733,29.316560,2.325220,0,22187.652768,110.938264,0,0,398655,0,441508,2961037171,7093.135841,176.517885,0.142430
spmv_static,S5,10923000,4412955772,128,interleave,none,interleave,no,-,-,any,5,150,66.382754,70.042691,80.610244,2.852979,0,NA,9.980808,0,0,3657367,0,4536117,20090858916,17100.697667,1197.778883,0.317809
stencil,S5,23500,4418000000,128,bind_close_il,close,interleave,no,-,-,any,5,150,18.273769,18.353984,18.800095,0.049507,0,30083.714349,150.418572,0,0,62563,0,78860,2666119663,8658.491577,158.917816,0.128493
spmv_static,S5,10923000,4412955772,128,bind_close_il,close,interleave,no,-,-,any,5,150,52.127171,52.288744,53.471028,0.154810,0,NA,13.369658,0,0,2798124,0,2778474,18965151509,21621.799307,1130.576729,0.300824
stencil,S5,23500,4418000000,128,bind_spread_il,spread,interleave,no,-,-,any,5,150,18.262549,18.327918,18.471161,0.027006,0,30126.499608,150.632498,0,0,80590,0,59906,2676219755,8703.590801,159.518699,0.128976
spmv_static,S5,10923000,4412955772,128,bind_spread_il,spread,interleave,no,-,-,any,5,150,52.312763,52.370058,52.446905,0.025452,0,NA,13.348899,0,0,2890066,0,2813300,18980250793,21605.452337,1131.478792,0.301021
stencil,S5,23500,4418000000,128,obs,none,first-touch,ompt,off,min,any,5,150,38.502320,40.401099,49.879331,2.469345,0,13666.855977,68.334280,0,127367055,1696607,3067665950,1035086,2798590360,4130.350024,166.870680,0.133979
spmv_static,S5,10923000,4412955772,128,obs,none,first-touch,ompt,off,min,any,5,150,107.427294,115.033140,129.756401,9.574311,0,NA,6.077228,0,20326637227,3027908,19202113946,5284023,19558620808,10137.075263,1166.099598,0.309379
stencil,S5,23500,4418000000,128,scheduler,none,first-touch,ompt,on,min,any,5,150,38.123984,40.750251,118.816940,8.192812,79,13549.756972,67.748785,0,190566890,1914423,6729495897,1463366,277476819,408.000693,16.626131,0.013290
spmv_static,S5,10923000,4412955772,128,scheduler,none,first-touch,ompt,on,min,any,5,150,97.138234,100.350814,172.101595,9.522556,81,NA,6.966387,0,20581960378,16609643,38576992401,891249,705475979,419.555817,42.102768,0.011208
stencil,S5,23500,4418000000,256,base,none,first-touch,no,-,-,any,5,150,38.921434,39.078975,41.140689,0.266113,0,14129.234499,70.646172,0,0,832365,0,539376,1463333200,2232.750600,87.253605,0.069942
spmv_static,S5,10923000,4412955772,256,base,none,first-touch,no,-,-,any,5,150,105.390048,105.648138,111.264909,0.527660,0,NA,6.617084,0,0,4329206,0,8511671,19755410553,11150.424284,1178.021564,0.313655
stencil,S5,23500,4418000000,256,bind_close,close,first-touch,no,-,-,any,5,150,38.837761,38.924878,39.998765,0.093258,0,14185.169733,70.925849,0,0,127030,0,62245,2104155252,3222.133065,125.421136,0.100407
spmv_static,S5,10923000,4412955772,256,bind_close,close,first-touch,no,-,-,any,5,150,105.465422,105.629832,105.807286,0.060352,0,NA,6.618231,0,0,1151362,0,1347266,19777868312,11160.986401,1178.933118,0.313817
stencil,S5,23500,4418000000,256,bind_spread,spread,first-touch,no,-,-,any,5,150,38.805334,38.882421,39.746885,0.076480,0,14200.659049,71.003295,0,0,127199,0,60493,2039536856,3126.592232,121.569475,0.097315
spmv_static,S5,10923000,4412955772,256,bind_spread,spread,first-touch,no,-,-,any,5,150,105.349590,105.566238,105.882586,0.101450,0,NA,6.622218,0,0,990481,0,1154295,19688899738,11117.367621,1173.618676,0.312400
stencil,S5,23500,4418000000,256,interleave,none,interleave,no,-,-,any,5,150,19.107154,19.252285,25.076958,0.547475,0,28680.024651,143.400123,0,0,520297,0,567682,3782004791,11710.759974,225.458889,0.181372
spmv_static,S5,10923000,4412955772,256,interleave,none,interleave,no,-,-,any,5,150,52.123178,52.438050,54.580759,0.208082,0,NA,13.331591,0,0,8166717,0,8672382,20416014503,23216.084626,1217.406206,0.324342
stencil,S5,23500,4418000000,256,bind_close_il,close,interleave,no,-,-,any,5,150,18.987991,19.111036,21.716027,0.239634,0,28891.998097,144.459990,0,0,70179,0,84730,3775036571,11774.074630,225.014764,0.181030
spmv_static,S5,10923000,4412955772,256,bind_close_il,close,interleave,no,-,-,any,5,150,51.840465,52.015981,60.909824,0.734327,0,NA,13.439766,0,0,1076659,0,1040499,19643400142,22510.387841,1170.899906,0.311995
stencil,S5,23500,4418000000,256,bind_spread_il,spread,interleave,no,-,-,any,5,150,18.977490,19.045161,20.475640,0.122490,0,28991.931150,144.959656,0,0,73314,0,83261,3780686381,11832.477105,225.351431,0.181309
spmv_static,S5,10923000,4412955772,256,bind_spread_il,spread,interleave,no,-,-,any,5,150,52.154008,52.442160,52.618855,0.101178,0,NA,13.330546,0,0,1101589,0,1097565,19719731771,22414.275599,1175.453027,0.313203
stencil,S5,23500,4418000000,256,obs,none,first-touch,ompt,off,min,any,5,150,39.586602,40.199613,43.435466,0.617947,0,13735.356086,68.676780,0,251563736,5231579,3161259430,2441803,2055179990,3050.870566,122.643816,0.097749
spmv_static,S5,10923000,4412955772,256,obs,none,first-touch,ompt,off,min,any,5,150,107.213323,107.902325,108.655251,0.298135,0,NA,6.478847,0,20351768484,4443554,19530812181,5105052,19813245853,10947.546920,1181.265766,0.314003
stencil,S5,23500,4418000000,256,scheduler,none,first-touch,ompt,on,min,any,5,150,39.394717,79.551506,220.319712,21.252690,250,6940.861740,34.704309,0,160137510,8967795,4875489433,2930396,272112146,206.077972,16.393813,0.012908
spmv_static,S5,10923000,4412955772,256,scheduler,none,first-touch,ompt,on,min,any,5,150,107.171267,159.761337,305.542687,41.220815,256,NA,4.375794,0,20121380285,30877837,38445837999,4258266,955597016,358.108127,57.211833,0.015051
